2018-01-01 00:00:00,0.47931184563827856
2018-01-01 00:03:00,0.4790272992996165
2018-01-01 00:06:00,0.44790448739962585
2018-01-01 00:09:00,0.6019052791020272
2018-01-01 00:12:00,0.5407008693818511
2018-01-01 00:15:00,0.7012147587980166
2018-01-01 00:18:00,0.6228367939730788
2018-01-01 00:21:00,0.5521573124592578
2018-01-01 00:24:00,0.5407310637169189
2018-01-01 00:27:00,0.5697476471784739
2018-01-01 00:30:00,0.44265506771682794
2018-01-01 00:33:00,0.5970429954763858
2018-01-01 00:36:00,0.7430352494255885
2018-01-01 00:39:00,0.7081628456406861
2018-01-01 00:42:00,0.5196930324595428
2018-01-01 00:45:00,0.6068681632993957
2018-01-01 00:48:00,0.5645240553459416
2018-01-01 00:51:00,0.6527659296908723
2018-01-01 00:54:00,0.5121446377867187
2018-01-01 00:57:00,0.6434694355363604
2018-01-01 01:00:00,0.799794189523368
2018-01-01 01:03:00,0.6765021740894213
2018-01-01 01:06:00,0.6002154951713123
2018-01-01 01:09:00,0.6697584513822221
2018-01-01 01:12:00,0.6765979485574007
2018-01-01 01:15:00,0.7015685371550262
2018-01-01 01:18:00,0.5308048662629403
2018-01-01 01:21:00,0.6726015707175179
2018-01-01 01:24:00,0.6537602459603704
2018-01-01 01:27:00,0.6475789143838142
2018-01-01 01:30:00,0.7026095754814037
2018-01-01 01:33:00,0.6691181711810827
2018-01-01 01:36:00,0.6015031715699024
2018-01-01 01:39:00,0.6624837407060795
2018-01-01 01:42:00,0.7210480193514286
2018-01-01 01:45:00,0.710107893727411
2018-01-01 01:48:00,0.6323582716486271
2018-01-01 01:51:00,0.5013077229333476
2018-01-01 01:54:00,0.7205711171034181
2018-01-01 01:57:00,0.6073097477807892
2018-01-01 02:00:00,0.6410883483538328
2018-01-01 02:03:00,0.7017180136220986
2018-01-01 02:06:00,0.6875151150301235
2018-01-01 02:09:00,0.6207033409469318
2018-01-01 02:12:00,0.6236290717305337
2018-01-01 02:15:00,0.6081841605428622
2018-01-01 02:18:00,0.6219853674485876
2018-01-01 02:21:00,0.7065654180998422
2018-01-01 02:24:00,0.5928093715386353
2018-01-01 02:27:00,0.6749750152785055
2018-01-01 02:30:00,0.7066039981720564
2018-01-01 02:33:00,0.7127315506187983
2018-01-01 02:36:00,0.6729978118974032
2018-01-01 02:39:00,0.6258084998005984
2018-01-01 02:42:00,0.7811829561086938
2018-01-01 02:45:00,0.7116747416505973
2018-01-01 02:48:00,0.6570012484961012
2018-01-01 02:51:00,0.6900516274300799
2018-01-01 02:54:00,0.7850492915883365
2018-01-01 02:57:00,0.6609729969679847
2018-01-01 03:00:00,0.6799476809396765
2018-01-01 03:03:00,0.6355223035365611
2018-01-01 03:06:00,0.6166900150717538
2018-01-01 03:09:00,0.5906877825179322
2018-01-01 03:12:00,0.6501715604031233
2018-01-01 03:15:00,0.5417760144109138
2018-01-01 03:18:00,0.5622953553159391
2018-01-01 03:21:00,0.5093487553076557
2018-01-01 03:24:00,0.6897425672307804
2018-01-01 03:27:00,0.7329337798767597
2018-01-01 03:30:00,0.6690657250281333
2018-01-01 03:33:00,0.6958532345337289
2018-01-01 03:36:00,0.7597167618476988
2018-01-01 03:39:00,0.7169927867387855
2018-01-01 03:42:00,0.6882813891953106
2018-01-01 03:45:00,0.7194528976272636
2018-01-01 03:48:00,0.7635031502840661
2018-01-01 03:51:00,0.762678057729488
2018-01-01 03:54:00,0.5729117199130656
2018-01-01 03:57:00,0.7246036793645771
2018-01-01 04:00:00,0.64673838059025
2018-01-01 04:03:00,0.7572250665735965
2018-01-01 04:06:00,0.7973477466209147
2018-01-01 04:09:00,0.7022631988143075
2018-01-01 04:12:00,0.7927390111434534
2018-01-01 04:15:00,0.6892490380695335
2018-01-01 04:18:00,0.7211215316755784
2018-01-01 04:21:00,0.59668392692015
2018-01-01 04:24:00,0.6603766789847327
2018-01-01 04:27:00,0.7401987772971665
2018-01-01 04:30:00,0.6338351113274143
2018-01-01 04:33:00,0.8554118185858783
2018-01-01 04:36:00,0.771300210301888
2018-01-01 04:39:00,0.7803855007693414
2018-01-01 04:42:00,0.7538286876271627
2018-01-01 04:45:00,0.7540164728092691
2018-01-01 04:48:00,0.6165523410315927
2018-01-01 04:51:00,0.7368769342313044
2018-01-01 04:54:00,0.6870520519397019
2018-01-01 04:57:00,0.6987055794007233
2018-01-01 05:00:00,0.5925441316063598
2018-01-01 05:03:00,0.6508048212766084
2018-01-01 05:06:00,0.6177789856667459
2018-01-01 05:09:00,0.715091794488842
2018-01-01 05:12:00,0.698415854098414
2018-01-01 05:15:00,0.6904423420181729
2018-01-01 05:18:00,0.7585035289555435
2018-01-01 05:21:00,0.7167810211980168
2018-01-01 05:24:00,0.7219783289110637
2018-01-01 05:27:00,0.7087749332780504
2018-01-01 05:30:00,0.7122704258354702
2018-01-01 05:33:00,0.7420468400909499
2018-01-01 05:36:00,0.7382389205823188
2018-01-01 05:39:00,0.788163070558312
2018-01-01 05:42:00,0.7169688513195638
2018-01-01 05:45:00,0.7720500961546009
2018-01-01 05:48:00,0.7175974302303416
2018-01-01 05:51:00,0.7269073541925763
2018-01-01 05:54:00,0.6769612987550317
2018-01-01 05:57:00,0.7337909289354343
2018-01-01 06:00:00,0.6770524818623471
2018-01-01 06:03:00,0.6535101384346262
2018-01-01 06:06:00,0.7935495696195289
2018-01-01 06:09:00,0.6836158257487455
2018-01-01 06:12:00,0.6555127857375282
2018-01-01 06:15:00,0.6451513584467534
2018-01-01 06:18:00,0.5682300753459231
2018-01-01 06:21:00,0.6430955067318678
2018-01-01 06:24:00,0.6494796069785025
2018-01-01 06:27:00,0.6290815778158958
2018-01-01 06:30:00,0.6978954727252358
2018-01-01 06:33:00,0.6613055647077886
2018-01-01 06:36:00,0.5959465936990114
2018-01-01 06:39:00,0.6023145583360474
2018-01-01 06:42:00,0.7760924746506817
2018-01-01 06:45:00,0.6411112379429369
2018-01-01 06:48:00,0.7284081191273231
2018-01-01 06:51:00,0.7499930038306957
2018-01-01 06:54:00,0.5743092848414904
2018-01-01 06:57:00,0.7295844886088503
2018-01-01 07:00:00,0.7091733819566457
2018-01-01 07:03:00,0.7047855418064728
2018-01-01 07:06:00,0.6814716278678361
2018-01-01 07:09:00,0.6246986854233683
2018-01-01 07:12:00,0.6854088758726107
2018-01-01 07:15:00,0.6601390422439977
2018-01-01 07:18:00,0.6581072836737576
2018-01-01 07:21:00,0.8343735962967003
2018-01-01 07:24:00,0.6642435976502838
2018-01-01 07:27:00,0.7797348935183663
2018-01-01 07:30:00,0.6352980144499725
2018-01-01 07:33:00,0.737497198690221
2018-01-01 07:36:00,0.6729439914524278
2018-01-01 07:39:00,0.6992541610506464
2018-01-01 07:42:00,0.8050911538272203
2018-01-01 07:45:00,0.736540004208905
2018-01-01 07:48:00,0.6760852138623363
2018-01-01 07:51:00,0.7199551374463908
2018-01-01 07:54:00,0.7435193539862439
2018-01-01 07:57:00,0.741324894916545
2018-01-01 08:00:00,0.7815777603001948
2018-01-01 08:03:00,0.749178042121514
2018-01-01 08:06:00,0.5512978755206746
2018-01-01 08:09:00,0.6688424858322719
2018-01-01 08:12:00,0.7201359201746413
2018-01-01 08:15:00,0.6968542433239691
2018-01-01 08:18:00,0.7417418240054303
2018-01-01 08:21:00,0.6546803696106736
2018-01-01 08:24:00,0.6313465593900673
2018-01-01 08:27:00,0.6932906372903176
2018-01-01 08:30:00,0.5763398066130776
2018-01-01 08:33:00,0.5614495931479269
2018-01-01 08:36:00,0.6262288088496462
2018-01-01 08:39:00,0.5928221454030336
2018-01-01 08:42:00,0.6476601036214333
2018-01-01 08:45:00,0.605740160413859
2018-01-01 08:48:00,0.6173500849454285
2018-01-01 08:51:00,0.5577532978108479
2018-01-01 08:54:00,0.5795981552030867
2018-01-01 08:57:00,0.6749747168479985
2018-01-01 09:00:00,0.5899330930577662
2018-01-01 09:03:00,0.6259323685128493
2018-01-01 09:06:00,0.5189542524555009
2018-01-01 09:09:00,0.4959259197541428
2018-01-01 09:12:00,0.5408024441901489
2018-01-01 09:15:00,0.47651595713801953
2018-01-01 09:18:00,0.47541899560923184
2018-01-01 09:21:00,0.4987457270538016
2018-01-01 09:24:00,0.5117021874837633
2018-01-01 09:27:00,0.35653217985554875
2018-01-01 09:30:00,0.5346647946225858
2018-01-01 09:33:00,0.3879946047439944
2018-01-01 09:36:00,0.46951226082171615
2018-01-01 09:39:00,0.5039358076496683
2018-01-01 09:42:00,0.43835455354383157
2018-01-01 09:45:00,0.3712804185531695
2018-01-01 09:48:00,0.37461441781169924
2018-01-01 09:51:00,0.3260569672775091
2018-01-01 09:54:00,0.4308360329895322
2018-01-01 09:57:00,0.39861447432588193
2018-01-01 10:00:00,0.36268133213718556
2018-01-01 10:03:00,0.2743357360924392
2018-01-01 10:06:00,0.33749163922578873
2018-01-01 10:09:00,0.2801225114711201
2018-01-01 10:12:00,0.34900764230394543
2018-01-01 10:15:00,0.23884666666003795
2018-01-01 10:18:00,0.14591753557203901
2018-01-01 10:21:00,0.18475787308932468
2018-01-01 10:24:00,0.2777927360955914
2018-01-01 10:27:00,0.22395250774252418
2018-01-01 10:30:00,0.18815984465118163
2018-01-01 10:33:00,0.18360097548264775
2018-01-01 10:36:00,0.2464020754403009
2018-01-01 10:39:00,0.1194501834349353
2018-01-01 10:42:00,0.11508813043144528
2018-01-01 10:45:00,0.19616611814905127
2018-01-01 10:48:00,0.18557294236717325
2018-01-01 10:51:00,0.1099050188244064
2018-01-01 10:54:00,0.12055953544552267
2018-01-01 10:57:00,0.20973083022335004
2018-01-01 11:00:00,0.22685218453426614
2018-01-01 11:03:00,0.1163443137677973
2018-01-01 11:06:00,0.1752884622050601
2018-01-01 11:09:00,0.2239418984958661
2018-01-01 11:12:00,0.2435836039681476
2018-01-01 11:15:00,0.12953912267721535
2018-01-01 11:18:00,0.11715229994786114
2018-01-01 11:21:00,0.25408815204480106
2018-01-01 11:24:00,0.12545537841930354
2018-01-01 11:27:00,0.11729992375120446
2018-01-01 11:30:00,0.22902754354305443
2018-01-01 11:33:00,0.14588761298921327
2018-01-01 11:36:00,0.030989608170727934
2018-01-01 11:39:00,0.1790313220512303
2018-01-01 11:42:00,0.1882787139551283
2018-01-01 11:45:00,-0.06082044991615021
2018-01-01 11:48:00,0.0010428354634086645
2018-01-01 11:51:00,0.08503704561019276
2018-01-01 11:54:00,0.18902776829776258
2018-01-01 11:57:00,0.01750932434634933
2018-01-01 12:00:00,0.09656175049474314
2018-01-01 12:03:00,0.07905016036448842
2018-01-01 12:06:00,0.09854529359188291
2018-01-01 12:09:00,0.04434869074549397
2018-01-01 12:12:00,0.06354092109461362
2018-01-01 12:15:00,0.1330490132930322
2018-01-01 12:18:00,0.15308056930467728
2018-01-01 12:21:00,0.13507364321412751
2018-01-01 12:24:00,0.20363987810134176
2018-01-01 12:27:00,0.11863274824543169
2018-01-01 12:30:00,0.21306673592789593
2018-01-01 12:33:00,0.13841231300875734
2018-01-01 12:36:00,0.11462864495780423
2018-01-01 12:39:00,0.16889737278722805
2018-01-01 12:42:00,0.16790125743307271
2018-01-01 12:45:00,0.18405082955939633
2018-01-01 12:48:00,0.2345324234175905
2018-01-01 12:51:00,0.10523958887358731
2018-01-01 12:54:00,0.2287580183685236
2018-01-01 12:57:00,0.18178257500119344
2018-01-01 13:00:00,0.3888911889951032
2018-01-01 13:03:00,0.17454915785822323
2018-01-01 13:06:00,0.37600343960536975
2018-01-01 13:09:00,0.27907834915271224
2018-01-01 13:12:00,0.2647747898963644
2018-01-01 13:15:00,0.32591153235665615
2018-01-01 13:18:00,0.2529120713708721
2018-01-01 13:21:00,0.24177282329497984
2018-01-01 13:24:00,0.38352926631966966
2018-01-01 13:27:00,0.19893069737679525
2018-01-01 13:30:00,0.1833888751830841
2018-01-01 13:33:00,0.1907634456225651
2018-01-01 13:36:00,0.19184523648721097
2018-01-01 13:39:00,0.19066036131039255
2018-01-01 13:42:00,0.18766706156469581
2018-01-01 13:45:00,0.15885492592360606
2018-01-01 13:48:00,0.23168476867778054
2018-01-01 13:51:00,0.20850538790443807
2018-01-01 13:54:00,0.11240835778693281
2018-01-01 13:57:00,0.12962051301133215
2018-01-01 14:00:00,0.13064770219978072
2018-01-01 14:03:00,0.318272403882645
2018-01-01 14:06:00,0.22487335103630812
2018-01-01 14:09:00,0.13948589594832583
2018-01-01 14:12:00,0.23347769443540756
2018-01-01 14:15:00,0.1515875194909313
2018-01-01 14:18:00,0.08999574598806248
2018-01-01 14:21:00,-0.00770500688707898
2018-01-01 14:24:00,0.24481919151941156
2018-01-01 14:27:00,0.18248671856196097
2018-01-01 14:30:00,0.19127530188370656
2018-01-01 14:33:00,0.2179649921504847
2018-01-01 14:36:00,0.21685386858058564
2018-01-01 14:39:00,0.23013798943452457
2018-01-01 14:42:00,0.45430264277928245
2018-01-01 14:45:00,0.5034282074867633
2018-01-01 14:48:00,0.4969212265352212
2018-01-01 14:51:00,0.47650221039123153
2018-01-01 14:54:00,0.5155061301788919
2018-01-01 14:57:00,0.5245504499881122
2018-01-01 15:00:00,0.5048115238416244
2018-01-01 15:03:00,0.3754933321835665
2018-01-01 15:06:00,0.35970059258028186
2018-01-01 15:09:00,0.3808087240464033
2018-01-01 15:12:00,0.29531825722546046
2018-01-01 15:15:00,0.33991076749947524
2018-01-01 15:18:00,0.22911613044516344
2018-01-01 15:21:00,0.1843235785700017
2018-01-01 15:24:00,0.4343190204219809
2018-01-01 15:27:00,0.30652285246287647
2018-01-01 15:30:00,0.16912257752665028
2018-01-01 15:33:00,0.4188889309320416
2018-01-01 15:36:00,0.5722719078400473
2018-01-01 15:39:00,0.341641859508627
2018-01-01 15:42:00,0.237762953567767
2018-01-01 15:45:00,0.2875484694573629
2018-01-01 15:48:00,0.32262663382664414
2018-01-01 15:51:00,0.4374098006549616
2018-01-01 15:54:00,0.30803318277367
2018-01-01 15:57:00,0.4580433578037173
2018-01-01 16:00:00,0.3378531670368261
2018-01-01 16:03:00,0.5099708707596164
2018-01-01 16:06:00,0.5257102065476715
2018-01-01 16:09:00,0.7887796919436028
2018-01-01 16:12:00,0.7148813352094976
2018-01-01 16:15:00,0.49182584145984265
2018-01-01 16:18:00,0.6679825700272204
2018-01-01 16:21:00,0.5348517181384409
2018-01-01 16:24:00,0.45712324063350707
2018-01-01 16:27:00,0.4219062119922228
2018-01-01 16:30:00,0.2927253066307003
2018-01-01 16:33:00,0.2622701597629771
2018-01-01 16:36:00,0.2516578894109216
2018-01-01 16:39:00,0.23544898048726282
2018-01-01 16:42:00,0.27306775944009587
2018-01-01 16:45:00,0.3881110183082228
2018-01-01 16:48:00,0.4160141103922115
2018-01-01 16:51:00,0.2964366833238046
2018-01-01 16:54:00,0.4517932938886702
2018-01-01 16:57:00,0.511804190733244
2018-01-01 17:00:00,0.4727327879296581
2018-01-01 17:03:00,0.5610806354177953
2018-01-01 17:06:00,0.5165108487870498
2018-01-01 17:09:00,0.38710352227531075
2018-01-01 17:12:00,0.48244109349496966
2018-01-01 17:15:00,0.41451290568562627
2018-01-01 17:18:00,0.4367568313311381
2018-01-01 17:21:00,0.4266998420085315
2018-01-01 17:24:00,0.457497073833224
2018-01-01 17:27:00,0.5476566201717787
2018-01-01 17:30:00,0.46261458232839914
2018-01-01 17:33:00,0.5295007501270561
2018-01-01 17:36:00,0.6239112264057098
2018-01-01 17:39:00,0.5355357357585149
2018-01-01 17:42:00,0.5788603008097084
2018-01-01 17:45:00,0.6388763134193027
2018-01-01 17:48:00,0.7389823462559661
2018-01-01 17:51:00,0.6222265998266607
2018-01-01 17:54:00,0.6236440892562882
2018-01-01 17:57:00,0.808111138287245
2018-01-01 18:00:00,0.8365763089175289
2018-01-01 18:03:00,0.806844045535172
2018-01-01 18:06:00,0.9345401402727589
2018-01-01 18:09:00,0.8531709542182284
2018-01-01 18:12:00,0.9643039920316028
2018-01-01 18:15:00,0.6648517408426073
2018-01-01 18:18:00,0.804013735204876
2018-01-01 18:21:00,0.7994528243715422
2018-01-01 18:24:00,0.7929459590151282
2018-01-01 18:27:00,0.7736162758176306
2018-01-01 18:30:00,0.6894991216323092
2018-01-01 18:33:00,0.7462474848070428
2018-01-01 18:36:00,0.7896889612654263
2018-01-01 18:39:00,0.7991775792557405
2018-01-01 18:42:00,0.8527951013425081
2018-01-01 18:45:00,0.8691439833148706
2018-01-01 18:48:00,0.8393249184292131
2018-01-01 18:51:00,0.8893116542137136
2018-01-01 18:54:00,
2018-01-01 18:57:00,
2018-01-01 19:00:00,
2018-01-01 19:03:00,0.8171529094882999
2018-01-01 19:06:00,0.8192500940099876
2018-01-01 19:09:00,0.7807179539706226
2018-01-01 19:12:00,0.7988128679335773
2018-01-01 19:15:00,0.7343689080874469
2018-01-01 19:18:00,0.6470149569918817
2018-01-01 19:21:00,0.7281503363278716
2018-01-01 19:24:00,0.740619358750223
2018-01-01 19:27:00,0.7090475314445257
2018-01-01 19:30:00,0.709647959406766
2018-01-01 19:33:00,0.6817588957119369
2018-01-01 19:36:00,0.6609472679336932
2018-01-01 19:39:00,0.6920337184077425
2018-01-01 19:42:00,0.7148833205892515
2018-01-01 19:45:00,0.6531913564653564
2018-01-01 19:48:00,0.6508731067116855
2018-01-01 19:51:00,0.6725551702484154
2018-01-01 19:54:00,0.5267331068370709
2018-01-01 19:57:00,0.5982177505266577
2018-01-01 20:00:00,0.7437804812492459
2018-01-01 20:03:00,0.7807819244306415
2018-01-01 20:06:00,0.8249320775684623
2018-01-01 20:09:00,0.809766598320266
2018-01-01 20:12:00,0.74552713638775
2018-01-01 20:15:00,0.6610318400553297
2018-01-01 20:18:00,0.7101694384064103
2018-01-01 20:21:00,0.725153330488979
2018-01-01 20:24:00,0.6872123391971741
2018-01-01 20:27:00,0.7130437020823592
2018-01-01 20:30:00,0.7665608341231973
2018-01-01 20:33:00,0.7307123627745113
2018-01-01 20:36:00,0.7407013258730899
2018-01-01 20:39:00,0.6256230195125454
2018-01-01 20:42:00,0.6808649475069046
2018-01-01 20:45:00,0.7058135415332458
2018-01-01 20:48:00,0.8225732436746966
2018-01-01 20:51:00,0.6425413768662338
2018-01-01 20:54:00,0.6097827860754137
2018-01-01 20:57:00,0.6600937842000008
2018-01-01 21:00:00,0.6313927573315823
2018-01-01 21:03:00,0.5745777561987211
2018-01-01 21:06:00,0.611985637235307
2018-01-01 21:09:00,0.7209829067028863
2018-01-01 21:12:00,0.7556308545997013
2018-01-01 21:15:00,0.623970160143756
2018-01-01 21:18:00,0.6286514533366585
2018-01-01 21:21:00,0.5840895815070439
2018-01-01 21:24:00,0.6156170807048511
2018-01-01 21:27:00,0.6085876904531347
2018-01-01 21:30:00,0.6687477638627684
2018-01-01 21:33:00,0.6705341717103579
2018-01-01 21:36:00,0.722263721437514
2018-01-01 21:39:00,0.6823942278278423
2018-01-01 21:42:00,0.5717262855063723
2018-01-01 21:45:00,0.5231062256300447
2018-01-01 21:48:00,0.6382956014338674
2018-01-01 21:51:00,0.5875254915725918
2018-01-01 21:54:00,0.5888975900584228
2018-01-01 21:57:00,0.7299398974249698
2018-01-01 22:00:00,0.684321058529008
2018-01-01 22:03:00,0.6639961768824492
2018-01-01 22:06:00,0.722067604328231
2018-01-01 22:09:00,0.6406411569305419
2018-01-01 22:12:00,0.5952298398619291
2018-01-01 22:15:00,0.7708280302174444
2018-01-01 22:18:00,0.6495560212817395
2018-01-01 22:21:00,0.5975572408036101
2018-01-01 22:24:00,0.7358511633926241
2018-01-01 22:27:00,0.7866372482502015
2018-01-01 22:30:00,0.6315472575283252
2018-01-01 22:33:00,0.592919279410296
2018-01-01 22:36:00,0.706424350714201
2018-01-01 22:39:00,0.6349660725842909
2018-01-01 22:42:00,0.6003496830394397
2018-01-01 22:45:00,0.7303022588333192
2018-01-01 22:48:00,0.6441745971432056
2018-01-01 22:51:00,0.691755322835661
2018-01-01 22:54:00,0.6787058689844798
2018-01-01 22:57:00,0.708202070751895
2018-01-01 23:00:00,0.6376959808492302
2018-01-01 23:03:00,0.7688406545395878
2018-01-01 23:06:00,0.8414135789516877
2018-01-01 23:09:00,0.6530458292280628
2018-01-01 23:12:00,0.6296721254669819
2018-01-01 23:15:00,0.6910655503036764
2018-01-01 23:18:00,0.561078783450796
2018-01-01 23:21:00,0.7113693215809462
2018-01-01 23:24:00,0.7052200556537969
2018-01-01 23:27:00,0.6465475833461483
2018-01-01 23:30:00,0.6470925766281539
2018-01-01 23:33:00,0.6027251194076939
2018-01-01 23:36:00,0.6860817626339326
2018-01-01 23:39:00,0.8425596846763028
2018-01-01 23:42:00,0.7631693205640318
2018-01-01 23:45:00,0.8059632028237615
2018-01-01 23:48:00,0.9504272191963423
2018-01-01 23:51:00,0.798940075030373
2018-01-01 23:54:00,0.8533903895853996
2018-01-01 23:57:00,0.9397676685484271
2018-01-02 00:00:00,0.9067322179997745
2018-01-02 00:03:00,0.9522832445807126
2018-01-02 00:06:00,0.9587654240522738
2018-01-02 00:09:00,0.9153636165808621
2018-01-02 00:12:00,0.9283045494035491
2018-01-02 00:15:00,0.8270628610139283
2018-01-02 00:18:00,0.9606410333820463
2018-01-02 00:21:00,0.9191114534448275
2018-01-02 00:24:00,0.882425942115276
2018-01-02 00:27:00,0.8917436542897121
2018-01-02 00:30:00,0.8818374537574982
2018-01-02 00:33:00,0.8562557939826547
2018-01-02 00:36:00,0.8351974663174815
2018-01-02 00:39:00,0.8840403968773671
2018-01-02 00:42:00,0.7745538852699383
2018-01-02 00:45:00,0.90515308335074
2018-01-02 00:48:00,0.9124972078410565
2018-01-02 00:51:00,0.9453490704207752
2018-01-02 00:54:00,0.7795478634773758
2018-01-02 00:57:00,0.8031518444641961
2018-01-02 01:00:00,0.8567573543346043
2018-01-02 01:03:00,0.6745684371259131
2018-01-02 01:06:00,0.8234746008048432
2018-01-02 01:09:00,0.7916372038571353
2018-01-02 01:12:00,0.7248972963311076
2018-01-02 01:15:00,0.7062799063791658
2018-01-02 01:18:00,0.843166158931183
2018-01-02 01:21:00,0.7243007567076347
2018-01-02 01:24:00,0.6763923365849678
2018-01-02 01:27:00,0.7346200013097928
2018-01-02 01:30:00,0.648119084848588
2018-01-02 01:33:00,0.7669380895825384
2018-01-02 01:36:00,0.6057419087454718
2018-01-02 01:39:00,0.7247279142977163
2018-01-02 01:42:00,0.6973726253919494
2018-01-02 01:45:00,0.7223061062348961
2018-01-02 01:48:00,0.6019959644075925
2018-01-02 01:51:00,0.7075599317589081
2018-01-02 01:54:00,0.6115616182253234
2018-01-02 01:57:00,0.8060642105984357
2018-01-02 02:00:00,0.6721947250688345
2018-01-02 02:03:00,0.7334730450029951
2018-01-02 02:06:00,0.812007787021912
2018-01-02 02:09:00,0.6264103426319707
2018-01-02 02:12:00,0.6414243986185966
2018-01-02 02:15:00,0.7930454358996712
2018-01-02 02:18:00,0.7520731134237622
2018-01-02 02:21:00,0.732423396200204
2018-01-02 02:24:00,0.7514901172164627
2018-01-02 02:27:00,0.7684325038299562
2018-01-02 02:30:00,0.7439702749990147
2018-01-02 02:33:00,0.6700100747664806
2018-01-02 02:36:00,0.7573512502087851
2018-01-02 02:39:00,0.6828416293629402
2018-01-02 02:42:00,0.7444212397026035
2018-01-02 02:45:00,0.663552418556776
2018-01-02 02:48:00,0.6889020829415813
2018-01-02 02:51:00,0.7122448059738531
2018-01-02 02:54:00,0.6907448558762326
2018-01-02 02:57:00,0.773093951888427
2018-01-02 03:00:00,0.687897589070019
2018-01-02 03:03:00,0.6711802772085207
2018-01-02 03:06:00,0.8636961161486738
2018-01-02 03:09:00,0.8280405187935571
2018-01-02 03:12:00,0.7409322172419479
2018-01-02 03:15:00,0.79346663987792
2018-01-02 03:18:00,0.826255345813081
2018-01-02 03:21:00,0.7780810623641514
2018-01-02 03:24:00,0.6949330925680783
2018-01-02 03:27:00,0.6510619517488294
2018-01-02 03:30:00,0.7668875103526602
2018-01-02 03:33:00,0.7867256907039177
2018-01-02 03:36:00,0.7058075335803551
2018-01-02 03:39:00,0.8230641073171796
2018-01-02 03:42:00,0.69820228723529
2018-01-02 03:45:00,0.6950880372858705
2018-01-02 03:48:00,0.7822756083201057
2018-01-02 03:51:00,0.8463214477337715
2018-01-02 03:54:00,0.5983753972575414
2018-01-02 03:57:00,0.7001060750843635
2018-01-02 04:00:00,0.6912651546572874
2018-01-02 04:03:00,0.835045309801103
2018-01-02 04:06:00,0.6773757551350741
2018-01-02 04:09:00,0.7535637446914052
2018-01-02 04:12:00,0.7167004931316114
2018-01-02 04:15:00,0.8011133041595713
2018-01-02 04:18:00,0.7366460696594572
2018-01-02 04:21:00,0.8245800511402308
2018-01-02 04:24:00,0.7851890012884724
2018-01-02 04:27:00,0.6990375529449011
2018-01-02 04:30:00,0.7379159160355471
2018-01-02 04:33:00,0.7432529026237376
2018-01-02 04:36:00,0.7824798604048055
2018-01-02 04:39:00,0.7677206029923127
2018-01-02 04:42:00,0.7494085123475998
2018-01-02 04:45:00,0.8305584477989782
2018-01-02 04:48:00,0.7138048882913495
2018-01-02 04:51:00,0.8364749548076134
2018-01-02 04:54:00,0.7632632608186896
2018-01-02 04:57:00,0.729799847547099
2018-01-02 05:00:00,0.7748818162351085
2018-01-02 05:03:00,0.7905474510993145
2018-01-02 05:06:00,0.8202416064926297
2018-01-02 05:09:00,0.7297754220226125
2018-01-02 05:12:00,0.7350581388792534
2018-01-02 05:15:00,0.7509805785184085
2018-01-02 05:18:00,0.6957152552007528
2018-01-02 05:21:00,0.8732222590593892
2018-01-02 05:24:00,0.798828442210322
2018-01-02 05:27:00,0.6828381039293845
2018-01-02 05:30:00,0.770522459521942
2018-01-02 05:33:00,0.8296997732987847
2018-01-02 05:36:00,0.780043012916849
2018-01-02 05:39:00,0.8215775381679009
2018-01-02 05:42:00,0.8868734419844486
2018-01-02 05:45:00,0.8600574492774626
2018-01-02 05:48:00,0.8645911718888328
2018-01-02 05:51:00,0.886329342358124
2018-01-02 05:54:00,0.7295651421104026
2018-01-02 05:57:00,0.8651637754017543
2018-01-02 06:00:00,0.8122110690171667
2018-01-02 06:03:00,0.8278439960528772
2018-01-02 06:06:00,0.8067265461615989
2018-01-02 06:09:00,0.7829286654753105
2018-01-02 06:12:00,0.6940675672034331
2018-01-02 06:15:00,0.7586190391408536
2018-01-02 06:18:00,0.7192359074198862
2018-01-02 06:21:00,0.8354621017283534
2018-01-02 06:24:00,0.7522488009605013
2018-01-02 06:27:00,0.6466347245825546
2018-01-02 06:30:00,0.7073060715570136
2018-01-02 06:33:00,0.760326028750228
2018-01-02 06:36:00,0.8509331259090231
2018-01-02 06:39:00,0.7310131395144026
2018-01-02 06:42:00,0.758822460403735
2018-01-02 06:45:00,0.7622324691853919
2018-01-02 06:48:00,0.7713997111173967
2018-01-02 06:51:00,0.7470051768435724
2018-01-02 06:54:00,0.7234278848970348
2018-01-02 06:57:00,0.7377467132039328
2018-01-02 07:00:00,0.6973688838144767
2018-01-02 07:03:00,0.7067522260551868
2018-01-02 07:06:00,0.8493371089235211
2018-01-02 07:09:00,0.788448189363919
2018-01-02 07:12:00,0.8164214481383283
2018-01-02 07:15:00,0.6625269282346267
2018-01-02 07:18:00,0.717082347194264
2018-01-02 07:21:00,0.6723408651636191
2018-01-02 07:24:00,0.6800058278888628
2018-01-02 07:27:00,0.7273504160353923
2018-01-02 07:30:00,0.6630098757467522
2018-01-02 07:33:00,0.7527682025757372
2018-01-02 07:36:00,0.7194945981833598
2018-01-02 07:39:00,0.7393313551226015
2018-01-02 07:42:00,0.5985583009030506
2018-01-02 07:45:00,0.68512047273299
2018-01-02 07:48:00,0.6960908876896497
2018-01-02 07:51:00,0.7457843204761616
2018-01-02 07:54:00,0.6763447326138703
2018-01-02 07:57:00,0.7565367282983289
2018-01-02 08:00:00,0.6917617881275078
2018-01-02 08:03:00,0.6771885528473263
2018-01-02 08:06:00,0.6212792847354649
2018-01-02 08:09:00,0.6330434461419259
2018-01-02 08:12:00,0.6632395953849368
2018-01-02 08:15:00,0.688236929233085
2018-01-02 08:18:00,0.64332968840165
2018-01-02 08:21:00,0.8071013848741018
2018-01-02 08:24:00,0.7594589355224457
2018-01-02 08:27:00,0.5548843160173647
2018-01-02 08:30:00,0.6542717686707533
2018-01-02 08:33:00,0.5828878027083988
2018-01-02 08:36:00,0.5529700902944796
2018-01-02 08:39:00,0.49186741574942516
2018-01-02 08:42:00,0.4687032765809249
2018-01-02 08:45:00,0.5667833064379124
2018-01-02 08:48:00,0.5298795602508903
2018-01-02 08:51:00,0.516917522622748
2018-01-02 08:54:00,0.4559680234514758
2018-01-02 08:57:00,0.465021454357327
2018-01-02 09:00:00,0.5323296357822187
2018-01-02 09:03:00,0.39338496551988555
2018-01-02 09:06:00,0.507597173837496
2018-01-02 09:09:00,0.47070314478060027
2018-01-02 09:12:00,0.32805714325320423
2018-01-02 09:15:00,0.4218218970292469
2018-01-02 09:18:00,0.39937920988000997
2018-01-02 09:21:00,0.3667435231627678
2018-01-02 09:24:00,0.4176479257477581
2018-01-02 09:27:00,0.4093169056448005
2018-01-02 09:30:00,0.3626821828690936
2018-01-02 09:33:00,0.34919691377297113
2018-01-02 09:36:00,0.2982074984052474
2018-01-02 09:39:00,0.2663912529012009
2018-01-02 09:42:00,0.2807143015901943
2018-01-02 09:45:00,0.25446391962799453
2018-01-02 09:48:00,0.2624472723239819
2018-01-02 09:51:00,0.32571374721362645
2018-01-02 09:54:00,0.23486046678789307
2018-01-02 09:57:00,0.2266669342686214
2018-01-02 10:00:00,0.23709547208665072
2018-01-02 10:03:00,0.18828569164332976
2018-01-02 10:06:00,0.2925413516894082
2018-01-02 10:09:00,0.21705239906071938
2018-01-02 10:12:00,0.13263673741312232
2018-01-02 10:15:00,0.13977778400681018
2018-01-02 10:18:00,0.1548224951640691
2018-01-02 10:21:00,0.1272011188509623
2018-01-02 10:24:00,0.0995386024058007
2018-01-02 10:27:00,0.1865416939865554
2018-01-02 10:30:00,0.13225441412402006
2018-01-02 10:33:00,0.13815077112701601
2018-01-02 10:36:00,0.0848307868872098
2018-01-02 10:39:00,-0.040137484118702105
2018-01-02 10:42:00,0.06820230235666713
2018-01-02 10:45:00,0.05497832851295925
2018-01-02 10:48:00,0.03485956139383006
2018-01-02 10:51:00,0.11876039561087737
2018-01-02 10:54:00,-0.029583975632647252
2018-01-02 10:57:00,-0.028763959291609353
2018-01-02 11:00:00,0.1441352838144212
2018-01-02 11:03:00,-0.03323870813744634
2018-01-02 11:06:00,0.00326853142547634
2018-01-02 11:09:00,-0.012576799060070698
2018-01-02 11:12:00,0.051587701204255154
2018-01-02 11:15:00,0.22194070336144023
2018-01-02 11:18:00,0.040502882451164623
2018-01-02 11:21:00,0.05167943911146722
2018-01-02 11:24:00,0.06110909657218144
2018-01-02 11:27:00,0.14119508460203178
2018-01-02 11:30:00,0.06790645817523
2018-01-02 11:33:00,0.07384883827211297
2018-01-02 11:36:00,0.03543382229213421
2018-01-02 11:39:00,-0.10825551885807272
2018-01-02 11:42:00,0.006100255629519324
2018-01-02 11:45:00,0.02235691617863722
2018-01-02 11:48:00,0.0645065339903681
2018-01-02 11:51:00,0.052503122319308204
2018-01-02 11:54:00,0.007909251800356287
2018-01-02 11:57:00,0.021846641885133522
2018-01-02 12:00:00,0.021474450622577024
2018-01-02 12:03:00,0.06485488921316573
2018-01-02 12:06:00,0.20118135922677993
2018-01-02 12:09:00,0.05747159992296247
2018-01-02 12:12:00,0.07250364979404367
2018-01-02 12:15:00,0.11133944635207627
2018-01-02 12:18:00,0.12404843110044794
2018-01-02 12:21:00,0.13400781612961055
2018-01-02 12:24:00,0.008828718870404373
2018-01-02 12:27:00,0.017450425974857353
2018-01-02 12:30:00,0.15626690909101626
2018-01-02 12:33:00,0.07232706735948113
2018-01-02 12:36:00,0.06995973340468709
2018-01-02 12:39:00,0.10465723637452129
2018-01-02 12:42:00,0.0966290187299137
2018-01-02 12:45:00,0.12828652633174897
2018-01-02 12:48:00,0.11248427664190785
2018-01-02 12:51:00,0.17638923439807286
2018-01-02 12:54:00,0.13253162709634125
2018-01-02 12:57:00,-0.001431832806588318
2018-01-02 13:00:00,0.16176274632556442
2018-01-02 13:03:00,0.09568271603399126
2018-01-02 13:06:00,0.4661767379406001
2018-01-02 13:09:00,0.4084523753015219
2018-01-02 13:12:00,0.3188753541995766
2018-01-02 13:15:00,0.1891005606319709
2018-01-02 13:18:00,0.17592848249552162
2018-01-02 13:21:00,0.046086537001656325
2018-01-02 13:24:00,0.10504012959057718
2018-01-02 13:27:00,0.05358320097008118
2018-01-02 13:30:00,0.11966186058651829
2018-01-02 13:33:00,0.2143929060384835
2018-01-02 13:36:00,0.1765502152902627
2018-01-02 13:39:00,0.24858148732602103
2018-01-02 13:42:00,0.10697437503239371
2018-01-02 13:45:00,0.26041550112728373
2018-01-02 13:48:00,0.22261305791431596
2018-01-02 13:51:00,0.32996805927285777
2018-01-02 13:54:00,0.34349382497725856
2018-01-02 13:57:00,0.4343002672457601
2018-01-02 14:00:00,0.3753725968209096
2018-01-02 14:03:00,0.24117154544273944
2018-01-02 14:06:00,0.47123668202959834
2018-01-02 14:09:00,0.47919461962584364
2018-01-02 14:12:00,0.4365383633048623
2018-01-02 14:15:00,0.3997486984610532
2018-01-02 14:18:00,0.3367376457317164
2018-01-02 14:21:00,0.41673318795108116
2018-01-02 14:24:00,0.25724539412539116
2018-01-02 14:27:00,0.28421584485522544
2018-01-02 14:30:00,0.2688936543426621
2018-01-02 14:33:00,0.2487241696530873
2018-01-02 14:36:00,0.3087827160263146
2018-01-02 14:39:00,0.1856261866135469
2018-01-02 14:42:00,0.3014278045753258
2018-01-02 14:45:00,0.13468803100096238
2018-01-02 14:48:00,0.23226238627529483
2018-01-02 14:51:00,0.14486477398179431
2018-01-02 14:54:00,0.16910520696575304
2018-01-02 14:57:00,0.19179287194128847
2018-01-02 15:00:00,0.28192110803746573
2018-01-02 15:03:00,0.2773358670709172
2018-01-02 15:06:00,0.24920145260210802
2018-01-02 15:09:00,0.17934246743135418
2018-01-02 15:12:00,0.24822903346080238
2018-01-02 15:15:00,0.25553101285203184
2018-01-02 15:18:00,0.28505543397648125
2018-01-02 15:21:00,0.15365953074467598
2018-01-02 15:24:00,0.08114360671032728
2018-01-02 15:27:00,0.054672391554277056
2018-01-02 15:30:00,0.10769498891767171
2018-01-02 15:33:00,-0.021848378951631275
2018-01-02 15:36:00,0.09030577258329231
2018-01-02 15:39:00,-0.06243700302098887
2018-01-02 15:42:00,-0.002284214679264096
2018-01-02 15:45:00,-0.008400492679868421
2018-01-02 15:48:00,0.133087648614719
2018-01-02 15:51:00,-0.14584733617289203
2018-01-02 15:54:00,-0.020273243943734087
2018-01-02 15:57:00,0.0918011866212396
2018-01-02 16:00:00,0.03963002276282168
2018-01-02 16:03:00,0.04701427539890801
2018-01-02 16:06:00,0.10357787808487728
2018-01-02 16:09:00,0.1530630520932732
2018-01-02 16:12:00,0.20888214493311352
2018-01-02 16:15:00,0.21425941265783877
2018-01-02 16:18:00,0.24443281500657577
2018-01-02 16:21:00,0.32131012576718376
2018-01-02 16:24:00,0.37151102157463356
2018-01-02 16:27:00,0.2589914520166303
2018-01-02 16:30:00,0.3620698363385486
2018-01-02 16:33:00,0.31409438215598584
2018-01-02 16:36:00,0.3705831900625185
2018-01-02 16:39:00,0.31846189241133516
2018-01-02 16:42:00,0.39511467585811033
2018-01-02 16:45:00,0.41856890464714525
2018-01-02 16:48:00,0.3789502042527033
2018-01-02 16:51:00,0.2883930323610002
2018-01-02 16:54:00,0.18618292633163946
2018-01-02 16:57:00,0.20911750969276
2018-01-02 17:00:00,0.2103842379069647
2018-01-02 17:03:00,0.30058646760090824
2018-01-02 17:06:00,0.11943854098325346
2018-01-02 17:09:00,0.16904260140603355
2018-01-02 17:12:00,0.30404199532364373
2018-01-02 17:15:00,0.2444112734938244
2018-01-02 17:18:00,0.17552650329866992
2018-01-02 17:21:00,0.1304265915281917
2018-01-02 17:24:00,0.3359119155821304
2018-01-02 17:27:00,0.20343975102997547
2018-01-02 17:30:00,0.21101821685408595
2018-01-02 17:33:00,0.28759303946605996
2018-01-02 17:36:00,0.2564976707496385
2018-01-02 17:39:00,0.08605087984921056
2018-01-02 17:42:00,0.1705138257472072
2018-01-02 17:45:00,0.14845075064255298
2018-01-02 17:48:00,0.34390824543055487
2018-01-02 17:51:00,0.41435420862597994
2018-01-02 17:54:00,0.41486453349222074
2018-01-02 17:57:00,0.4311143092744487
2018-01-02 18:00:00,0.3755836607671199
2018-01-02 18:03:00,0.3582055831645903
2018-01-02 18:06:00,0.2432859224203412
2018-01-02 18:09:00,0.32386965654956157
2018-01-02 18:12:00,0.34566100798105026
2018-01-02 18:15:00,0.34073867543850156
2018-01-02 18:18:00,0.3100564170457005
2018-01-02 18:21:00,0.26907552003814317
2018-01-02 18:24:00,0.3083236528455586
2018-01-02 18:27:00,0.37148791279764737
2018-01-02 18:30:00,0.4648779367068414
2018-01-02 18:33:00,0.5769680098684944
2018-01-02 18:36:00,0.5697894463008311
2018-01-02 18:39:00,0.388458371426168
2018-01-02 18:42:00,0.47023530638415423
2018-01-02 18:45:00,0.4209955196668034
2018-01-02 18:48:00,0.5158087612140889
2018-01-02 18:51:00,0.5818943075465768
2018-01-02 18:54:00,
2018-01-02 18:57:00,
2018-01-02 19:00:00,
2018-01-02 19:03:00,0.330621800974086
2018-01-02 19:06:00,0.4399982191361005
2018-01-02 19:09:00,0.48568464846158577
2018-01-02 19:12:00,0.6161522220328379
2018-01-02 19:15:00,0.44258477783108674
2018-01-02 19:18:00,0.37984051538649055
2018-01-02 19:21:00,0.36808149875895424
2018-01-02 19:24:00,0.40536861145210423
2018-01-02 19:27:00,0.4432300467703385
2018-01-02 19:30:00,0.4121319408336035
2018-01-02 19:33:00,0.5044107863781164
2018-01-02 19:36:00,0.48936903407872023
2018-01-02 19:39:00,0.5572568155553768
2018-01-02 19:42:00,0.45873825847780836
2018-01-02 19:45:00,0.5352554384710402
2018-01-02 19:48:00,0.47750089075896085
2018-01-02 19:51:00,0.44312740847533405
2018-01-02 19:54:00,0.5322123990068803
2018-01-02 19:57:00,0.4094502479547373
2018-01-02 20:00:00,0.5732972187698806
2018-01-02 20:03:00,0.5653004027123529
2018-01-02 20:06:00,0.48617001197385434
2018-01-02 20:09:00,0.5231097875347359
2018-01-02 20:12:00,0.51407315309973
2018-01-02 20:15:00,0.401702001638796
2018-01-02 20:18:00,0.5216886444846978
2018-01-02 20:21:00,0.4569135649496161
2018-01-02 20:24:00,0.5167365145166514
2018-01-02 20:27:00,0.4339552934893618
2018-01-02 20:30:00,0.3838535408330017
2018-01-02 20:33:00,0.4251304520674921
2018-01-02 20:36:00,0.44187303418937063
2018-01-02 20:39:00,0.4963736019270186
2018-01-02 20:42:00,0.5332944896860567
2018-01-02 20:45:00,0.4990543279736812
2018-01-02 20:48:00,0.47711109629688053
2018-01-02 20:51:00,0.508025472678753
2018-01-02 20:54:00,0.4471937301712501
2018-01-02 20:57:00,0.47917518466067577
2018-01-02 21:00:00,0.515628256710329
2018-01-02 21:03:00,0.5490807060091356
2018-01-02 21:06:00,0.5149896776317746
2018-01-02 21:09:00,0.5466394019156269
2018-01-02 21:12:00,0.5148431720922417
2018-01-02 21:15:00,0.5146403057679549
2018-01-02 21:18:00,0.5483109617359787
2018-01-02 21:21:00,0.6278109565006957
2018-01-02 21:24:00,0.5441048356367446
2018-01-02 21:27:00,0.5467014412053572
2018-01-02 21:30:00,0.5798381741224148
2018-01-02 21:33:00,0.5249167753171378
2018-01-02 21:36:00,0.6526508109899964
2018-01-02 21:39:00,0.48363546827386017
2018-01-02 21:42:00,0.4000013334056689
2018-01-02 21:45:00,0.5020981425637956
2018-01-02 21:48:00,0.46915919097227743
2018-01-02 21:51:00,0.5248448160246539
2018-01-02 21:54:00,0.4575866977907026
2018-01-02 21:57:00,0.4960681012045711
2018-01-02 22:00:00,0.4534080053721823
2018-01-02 22:03:00,0.4801059707676245
2018-01-02 22:06:00,0.5160448684346761
2018-01-02 22:09:00,0.5804721844700111
2018-01-02 22:12:00,0.5267747992450609
2018-01-02 22:15:00,0.5920784723892893
2018-01-02 22:18:00,0.6062290732272686
2018-01-02 22:21:00,0.5619925047983543
2018-01-02 22:24:00,0.6152260832243996
2018-01-02 22:27:00,0.47350645860205987
2018-01-02 22:30:00,0.6379492357309573
2018-01-02 22:33:00,0.552699627134416
2018-01-02 22:36:00,0.5176828183815587
2018-01-02 22:39:00,0.5866286237846339
2018-01-02 22:42:00,0.5036904094818055
2018-01-02 22:45:00,0.5559511039875815
2018-01-02 22:48:00,0.5366916160850792
2018-01-02 22:51:00,0.571778861752307
2018-01-02 22:54:00,0.48955564216640823
2018-01-02 22:57:00,0.45456962916097154
2018-01-02 23:00:00,0.509296196163632
2018-01-02 23:03:00,0.4258797280975273
2018-01-02 23:06:00,0.4724117266133021
2018-01-02 23:09:00,0.5390843738682065
2018-01-02 23:12:00,0.5160641534815227
2018-01-02 23:15:00,0.511766069377984
2018-01-02 23:18:00,0.5270737819899409
2018-01-02 23:21:00,0.5492814051547157
2018-01-02 23:24:00,0.6304571187401962
2018-01-02 23:27:00,0.5333047709549419
2018-01-02 23:30:00,0.6248203335720177
2018-01-02 23:33:00,0.5738968369223016
2018-01-02 23:36:00,0.5187637927718924
2018-01-02 23:39:00,0.4988666973057434
2018-01-02 23:42:00,0.5572957825532967
2018-01-02 23:45:00,0.5219878530972437
2018-01-02 23:48:00,0.4687719340465719
2018-01-02 23:51:00,0.4976289958426605
2018-01-02 23:54:00,0.5735925758647227
2018-01-02 23:57:00,0.5286324539670773
2018-01-03 00:00:00,0.5598202450912027
2018-01-03 00:03:00,0.5329109290614156
2018-01-03 00:06:00,0.5671009106577003
2018-01-03 00:09:00,0.5462292188684614
2018-01-03 00:12:00,0.4565645365300952
2018-01-03 00:15:00,0.5755876724060727
2018-01-03 00:18:00,0.581981962409543
2018-01-03 00:21:00,0.4376535688997478
2018-01-03 00:24:00,0.49611082157252895
2018-01-03 00:27:00,0.6327144120295429
2018-01-03 00:30:00,0.5574684041586693
2018-01-03 00:33:00,0.45803135425853725
2018-01-03 00:36:00,0.5213517927576845
2018-01-03 00:39:00,0.6241415758661333
2018-01-03 00:42:00,0.5262569862669011
2018-01-03 00:45:00,0.47562019995478977
2018-01-03 00:48:00,0.4376289016001351
2018-01-03 00:51:00,0.4978848605613848
2018-01-03 00:54:00,0.4672383252235477
2018-01-03 00:57:00,0.5266462439703901
2018-01-03 01:00:00,0.5626578941626121
2018-01-03 01:03:00,0.5319671148438943
2018-01-03 01:06:00,0.5024039521224495
2018-01-03 01:09:00,0.3862630979020878
2018-01-03 01:12:00,0.45185244788092405
2018-01-03 01:15:00,0.44112288718451964
2018-01-03 01:18:00,0.5458428250991005
2018-01-03 01:21:00,0.5596921354338633
2018-01-03 01:24:00,0.4975145720370051
2018-01-03 01:27:00,0.6233109184518071
2018-01-03 01:30:00,0.6785120294725289
2018-01-03 01:33:00,0.6573994015877247
2018-01-03 01:36:00,0.6192767836417943
2018-01-03 01:39:00,0.4979961526245802
2018-01-03 01:42:00,0.529999617270903
2018-01-03 01:45:00,0.591253617234031
2018-01-03 01:48:00,0.44894242622905267
2018-01-03 01:51:00,0.5727370787951713
2018-01-03 01:54:00,0.5327915221235457
2018-01-03 01:57:00,0.49908011129565466
2018-01-03 02:00:00,0.5741018682761592
2018-01-03 02:03:00,0.5582693777093937
2018-01-03 02:06:00,0.6070377710385628
2018-01-03 02:09:00,0.6626102007379018
2018-01-03 02:12:00,0.5788601430433573
2018-01-03 02:15:00,0.6297843808404764
2018-01-03 02:18:00,0.5974016436656484
2018-01-03 02:21:00,0.5935654625416191
2018-01-03 02:24:00,0.575674511433192
2018-01-03 02:27:00,0.6074299889111785
2018-01-03 02:30:00,0.5785277629884717
2018-01-03 02:33:00,0.6300265566251824
2018-01-03 02:36:00,0.48370928381245903
2018-01-03 02:39:00,0.5296813343347253
2018-01-03 02:42:00,0.49428251530360967
2018-01-03 02:45:00,0.6071170495524711
2018-01-03 02:48:00,0.5702870292140574
2018-01-03 02:51:00,0.5735060567784558
2018-01-03 02:54:00,0.534042501278293
2018-01-03 02:57:00,0.5812324744141506
2018-01-03 03:00:00,0.511268851121315
2018-01-03 03:03:00,0.4781796365450077
2018-01-03 03:06:00,0.547191094787479
2018-01-03 03:09:00,0.5555564690845358
2018-01-03 03:12:00,0.4388915040934762
2018-01-03 03:15:00,0.5344183079528761
2018-01-03 03:18:00,0.5489978474964801
2018-01-03 03:21:00,0.4537959058604315
2018-01-03 03:24:00,0.539918522561095
2018-01-03 03:27:00,0.37900987188857016
2018-01-03 03:30:00,0.4686447423082427
2018-01-03 03:33:00,0.4823493337247555
2018-01-03 03:36:00,0.3934975468981179
2018-01-03 03:39:00,0.5098072362721382
2018-01-03 03:42:00,0.5231825537637178
2018-01-03 03:45:00,0.5806372938267828
2018-01-03 03:48:00,0.5002102195531393
2018-01-03 03:51:00,0.5113358497847003
2018-01-03 03:54:00,0.6016126715639416
2018-01-03 03:57:00,0.5477196386856917
2018-01-03 04:00:00,0.510399256080575
2018-01-03 04:03:00,0.46891215703840317
2018-01-03 04:06:00,0.48494498518687124
2018-01-03 04:09:00,0.4758311077609392
2018-01-03 04:12:00,0.5171589928733056
2018-01-03 04:15:00,0.5060837715613502
2018-01-03 04:18:00,0.43405322656712997
2018-01-03 04:21:00,0.6000140289865499
2018-01-03 04:24:00,0.44026633560673645
2018-01-03 04:27:00,0.5190132023830074
2018-01-03 04:30:00,0.5350220109592669
2018-01-03 04:33:00,0.4951982831371424
2018-01-03 04:36:00,0.4291968359264615
2018-01-03 04:39:00,0.4957526470232665
2018-01-03 04:42:00,0.4525521588345782
2018-01-03 04:45:00,0.4711411962565535
2018-01-03 04:48:00,0.45456865982509953
2018-01-03 04:51:00,0.45790406819958207
2018-01-03 04:54:00,0.429389331735365
2018-01-03 04:57:00,0.4301551134901729
2018-01-03 05:00:00,0.4532962459065857
2018-01-03 05:03:00,0.44485958032453254
2018-01-03 05:06:00,0.4080109182995102
2018-01-03 05:09:00,0.5334746924693832
2018-01-03 05:12:00,0.5128156808087283
2018-01-03 05:15:00,0.5033483083956867
2018-01-03 05:18:00,0.6610169584441223
2018-01-03 05:21:00,0.5765415817314192
2018-01-03 05:24:00,0.5823531661944799
2018-01-03 05:27:00,0.6647453672091501
2018-01-03 05:30:00,0.6220624926222627
2018-01-03 05:33:00,0.6734744203944842
2018-01-03 05:36:00,0.6038237693031192
2018-01-03 05:39:00,0.4613629788215121
2018-01-03 05:42:00,0.6726741403928145
2018-01-03 05:45:00,0.6339556710960323
2018-01-03 05:48:00,0.5240992034158012
2018-01-03 05:51:00,0.4633615503512942
2018-01-03 05:54:00,0.5153192651749237
2018-01-03 05:57:00,0.5308209070576027
2018-01-03 06:00:00,0.6159181963125775
2018-01-03 06:03:00,0.6037326632032318
2018-01-03 06:06:00,0.6511899560451866
2018-01-03 06:09:00,0.5921586513172201
2018-01-03 06:12:00,0.4679064951769192
2018-01-03 06:15:00,0.5704502519525931
2018-01-03 06:18:00,0.5497842996460918
2018-01-03 06:21:00,0.42497188625497984
2018-01-03 06:24:00,0.5419302339448677
2018-01-03 06:27:00,0.47875052361774806
2018-01-03 06:30:00,0.6404732331826608
2018-01-03 06:33:00,0.4358446821418056
2018-01-03 06:36:00,0.46369744811960345
2018-01-03 06:39:00,0.5621290993040589
2018-01-03 06:42:00,0.5449086604324975
2018-01-03 06:45:00,0.5016024487172785
2018-01-03 06:48:00,0.5832014421046665
2018-01-03 06:51:00,0.5218212018285726
2018-01-03 06:54:00,0.5319858516814406
2018-01-03 06:57:00,0.6425444170087644
2018-01-03 07:00:00,0.5879401971976108
2018-01-03 07:03:00,0.5559562667173736
2018-01-03 07:06:00,0.6262089501908008
2018-01-03 07:09:00,0.6366519060034648
2018-01-03 07:12:00,0.5477923939876064
2018-01-03 07:15:00,0.4630824505686064
2018-01-03 07:18:00,0.4567384759878337
2018-01-03 07:21:00,0.5243180904379869
2018-01-03 07:24:00,0.468141589215918
2018-01-03 07:27:00,0.6175685160233115
2018-01-03 07:30:00,0.4881784975663095
2018-01-03 07:33:00,0.41472488892935644
2018-01-03 07:36:00,0.4646514214847457
2018-01-03 07:39:00,0.5459170956413004
2018-01-03 07:42:00,0.41838662574423324
2018-01-03 07:45:00,0.5474522780173174
2018-01-03 07:48:00,0.4341516274650985
2018-01-03 07:51:00,0.46591201488433853
2018-01-03 07:54:00,0.4915032495532614
2018-01-03 07:57:00,0.4057438567553504
2018-01-03 08:00:00,0.42469765255611946
2018-01-03 08:03:00,0.49170893651864844
2018-01-03 08:06:00,0.44998685196941324
2018-01-03 08:09:00,0.45497303997359495
2018-01-03 08:12:00,0.4896547387552346
2018-01-03 08:15:00,0.4212955003985712
2018-01-03 08:18:00,0.543084290579884
2018-01-03 08:21:00,0.5270760322553087
2018-01-03 08:24:00,0.4894034956790847
2018-01-03 08:27:00,0.4592699444357322
2018-01-03 08:30:00,0.45139874316788564
2018-01-03 08:33:00,0.34874092949655733
2018-01-03 08:36:00,0.5042725888586119
2018-01-03 08:39:00,0.4319367342312148
2018-01-03 08:42:00,0.40514115724511157
2018-01-03 08:45:00,0.47003034057439663
2018-01-03 08:48:00,0.43591357913919637
2018-01-03 08:51:00,0.3892002600085789
2018-01-03 08:54:00,0.4412788412795976
2018-01-03 08:57:00,0.3538042409405193
2018-01-03 09:00:00,0.32320480124775486
2018-01-03 09:03:00,0.37427325382242316
2018-01-03 09:06:00,0.45865864856358485
2018-01-03 09:09:00,0.37265735577392434
2018-01-03 09:12:00,0.3063261804136346
2018-01-03 09:15:00,0.4186283213240358
2018-01-03 09:18:00,0.42403118949692953
2018-01-03 09:21:00,0.36912692263695135
2018-01-03 09:24:00,0.4235907191986712
2018-01-03 09:27:00,0.36715423638793254
2018-01-03 09:30:00,0.2853342799397751
2018-01-03 09:33:00,0.4177232109226452
2018-01-03 09:36:00,0.2747278117094538
2018-01-03 09:39:00,0.26359251140041806
2018-01-03 09:42:00,0.3103242864177105
2018-01-03 09:45:00,0.10576625006484619
2018-01-03 09:48:00,0.1958028008814381
2018-01-03 09:51:00,0.19438241756557773
2018-01-03 09:54:00,0.2419152444778092
2018-01-03 09:57:00,0.20964705269261685
2018-01-03 10:00:00,0.19865915647784504
2018-01-03 10:03:00,0.09141238882335756
2018-01-03 10:06:00,0.052659806697874956
2018-01-03 10:09:00,0.12578825047756936
2018-01-03 10:12:00,0.1697158778862331
2018-01-03 10:15:00,0.15049504514547607
2018-01-03 10:18:00,0.10514226803582005
2018-01-03 10:21:00,0.2173604937656819
2018-01-03 10:24:00,0.14049732372836843
2018-01-03 10:27:00,0.14000388252065932
2018-01-03 10:30:00,0.21831076899684376
2018-01-03 10:33:00,0.056990054977745785
2018-01-03 10:36:00,0.05276192252654255
2018-01-03 10:39:00,0.17765472056208864
2018-01-03 10:42:00,-0.029719090534797488
2018-01-03 10:45:00,0.11916243085943279
2018-01-03 10:48:00,0.08622533272841792
2018-01-03 10:51:00,0.1482269506474836
2018-01-03 10:54:00,0.12079425413071476
2018-01-03 10:57:00,0.033857002334514164
2018-01-03 11:00:00,0.033680098255103985
2018-01-03 11:03:00,-0.09360648594503118
2018-01-03 11:06:00,-0.07649856800082944
2018-01-03 11:09:00,-0.004441203591511567
2018-01-03 11:12:00,-0.06095293609695318
2018-01-03 11:15:00,-0.026902575596238876
2018-01-03 11:18:00,-0.1637011904192036
2018-01-03 11:21:00,0.010577965480138118
2018-01-03 11:24:00,0.056602988835777523
2018-01-03 11:27:00,0.0032169381667586094
2018-01-03 11:30:00,-0.03484215927204559
2018-01-03 11:33:00,-0.11138447480857394
2018-01-03 11:36:00,-0.024131999877056387
2018-01-03 11:39:00,-0.03011165373465019
2018-01-03 11:42:00,-0.09328655319660584
2018-01-03 11:45:00,0.0028452579200006767
2018-01-03 11:48:00,-0.08723025837599607
2018-01-03 11:51:00,-0.005529779421578951
2018-01-03 11:54:00,-0.12036732874253175
2018-01-03 11:57:00,-0.14643243075011014
2018-01-03 12:00:00,-0.15758553184730317
2018-01-03 12:03:00,-0.18200805735051517
2018-01-03 12:06:00,-0.13139799983400735
2018-01-03 12:09:00,-0.15947703956192072
2018-01-03 12:12:00,-0.03548386066461262
2018-01-03 12:15:00,-0.21183065043533134
2018-01-03 12:18:00,-0.09671749146991715
2018-01-03 12:21:00,-0.2229551611532088
2018-01-03 12:24:00,-0.12502496418278497
2018-01-03 12:27:00,-0.16030222058122945
2018-01-03 12:30:00,-0.1202110744840752
2018-01-03 12:33:00,-0.14731950120341253
2018-01-03 12:36:00,-0.044733089399414894
2018-01-03 12:39:00,-0.09225798641415395
2018-01-03 12:42:00,-0.19037782785494528
2018-01-03 12:45:00,-0.203820331327222
2018-01-03 12:48:00,-0.10205049551109369
2018-01-03 12:51:00,-0.21808690270000852
2018-01-03 12:54:00,-0.12521964991958612
2018-01-03 12:57:00,-0.08196944428067354
2018-01-03 13:00:00,-0.21263360059441538
2018-01-03 13:03:00,-0.12567084261479522
2018-01-03 13:06:00,-0.160176732270088
2018-01-03 13:09:00,-0.15766649848927727
2018-01-03 13:12:00,-0.28718197926428957
2018-01-03 13:15:00,-0.2963547014717278
2018-01-03 13:18:00,-0.15232807814203397
2018-01-03 13:21:00,-0.30599275890284616
2018-01-03 13:24:00,-0.2056930911502377
2018-01-03 13:27:00,-0.2426249138051162
2018-01-03 13:30:00,-0.1571565277213267
2018-01-03 13:33:00,-0.16607668650675578
2018-01-03 13:36:00,-0.14159392876013044
2018-01-03 13:39:00,-0.17031973757030983
2018-01-03 13:42:00,-0.1679755019004574
2018-01-03 13:45:00,-0.21810457833896635
2018-01-03 13:48:00,-0.1331225574414816
2018-01-03 13:51:00,-0.2955728126789836
2018-01-03 13:54:00,-0.3505736456154409
2018-01-03 13:57:00,-0.27554219350747644
2018-01-03 14:00:00,-0.20228354518644664
2018-01-03 14:03:00,-0.33985964825194515
2018-01-03 14:06:00,-0.23486517182931266
2018-01-03 14:09:00,-0.2225646415856204
2018-01-03 14:12:00,-0.24480422017484216
2018-01-03 14:15:00,-0.20290585979165598
2018-01-03 14:18:00,-0.24255301325098344
2018-01-03 14:21:00,-0.2434241389885301
2018-01-03 14:24:00,-0.11102376483256648
2018-01-03 14:27:00,0.030140395837008782
2018-01-03 14:30:00,-0.04208958752332137
2018-01-03 14:33:00,0.00127186411123148
2018-01-03 14:36:00,0.049595493251899825
2018-01-03 14:39:00,-0.03937384971050051
2018-01-03 14:42:00,0.14966472760448823
2018-01-03 14:45:00,0.283217303541619
2018-01-03 14:48:00,0.14549773396674937
2018-01-03 14:51:00,0.10863436960909212
2018-01-03 14:54:00,0.1462587430190183
2018-01-03 14:57:00,0.14880512464287676
2018-01-03 15:00:00,0.1263560013028382
2018-01-03 15:03:00,0.16451487702414624
2018-01-03 15:06:00,0.0036578435766045914
2018-01-03 15:09:00,-0.1049568949876516
2018-01-03 15:12:00,0.06639078585982361
2018-01-03 15:15:00,0.13430125127558767
2018-01-03 15:18:00,0.16434275364463247
2018-01-03 15:21:00,0.28627972861812623
2018-01-03 15:24:00,0.0900054743885903
2018-01-03 15:27:00,0.1960241551242916
2018-01-03 15:30:00,0.2558737859933444
2018-01-03 15:33:00,0.12892857807759128
2018-01-03 15:36:00,0.13605909821001205
2018-01-03 15:39:00,0.1630985156874658
2018-01-03 15:42:00,0.18963271488854616
2018-01-03 15:45:00,0.18362236150380795
2018-01-03 15:48:00,0.18077904969965175
2018-01-03 15:51:00,0.12783079234230854
2018-01-03 15:54:00,0.114217078156571
2018-01-03 15:57:00,0.12043447979488064
2018-01-03 16:00:00,0.17227467559388288
2018-01-03 16:03:00,0.10684697010810851
2018-01-03 16:06:00,0.14851600504431417
2018-01-03 16:09:00,0.12788621940291023
2018-01-03 16:12:00,0.10801747260961747
2018-01-03 16:15:00,0.20900102435570034
2018-01-03 16:18:00,0.20571169444906445
2018-01-03 16:21:00,0.3444968983574199
2018-01-03 16:24:00,0.3160455468268424
2018-01-03 16:27:00,0.22497896103078574
2018-01-03 16:30:00,0.08442813625737244
2018-01-03 16:33:00,0.15760148883168767
2018-01-03 16:36:00,0.19060743992292828
2018-01-03 16:39:00,0.2091758772154435
2018-01-03 16:42:00,0.13619239512860304
2018-01-03 16:45:00,-0.010242137075636037
2018-01-03 16:48:00,0.1566731015830669
2018-01-03 16:51:00,0.1793615198751013
2018-01-03 16:54:00,0.1330554686232972
2018-01-03 16:57:00,0.11803916652434054
2018-01-03 17:00:00,0.21463137501797291
2018-01-03 17:03:00,0.11813714784932472
2018-01-03 17:06:00,0.1533327217769056
2018-01-03 17:09:00,0.22134799111631764
2018-01-03 17:12:00,0.23742547964616278
2018-01-03 17:15:00,0.1829904816893304
2018-01-03 17:18:00,0.17827637703885557
2018-01-03 17:21:00,0.1522004337399494
2018-01-03 17:24:00,0.11253302224224626
2018-01-03 17:27:00,0.11831703933768267
2018-01-03 17:30:00,0.1020699312351212
2018-01-03 17:33:00,0.07651114792781755
2018-01-03 17:36:00,0.0709755991844645
2018-01-03 17:39:00,0.18107565120629943
2018-01-03 17:42:00,0.1826751228138619
2018-01-03 17:45:00,0.15864044112231568
2018-01-03 17:48:00,0.16274631799166173
2018-01-03 17:51:00,0.16442492732284109
2018-01-03 17:54:00,0.2039125241558395
2018-01-03 17:57:00,0.24876934618055202
2018-01-03 18:00:00,0.174828024693511
2018-01-03 18:03:00,0.1860252037866985
2018-01-03 18:06:00,0.1337935292283987
2018-01-03 18:09:00,0.22553248436446438
2018-01-03 18:12:00,0.13153921059932827
2018-01-03 18:15:00,0.24358616034078295
2018-01-03 18:18:00,0.25093393406001496
2018-01-03 18:21:00,0.23689911666048147
2018-01-03 18:24:00,0.16282892746255584
2018-01-03 18:27:00,0.2879723742843794
2018-01-03 18:30:00,0.2241283746517979
2018-01-03 18:33:00,0.10882939638173639
2018-01-03 18:36:00,0.14812042486624932
2018-01-03 18:39:00,0.17375080827031297
2018-01-03 18:42:00,0.14197242817664346
2018-01-03 18:45:00,0.17788077416815895
2018-01-03 18:48:00,0.06436267635331205
2018-01-03 18:51:00,0.08794937474169728
2018-01-03 18:54:00,
2018-01-03 18:57:00,
2018-01-03 19:00:00,
2018-01-03 19:03:00,0.25180129670906126
2018-01-03 19:06:00,0.18991719079730274
2018-01-03 19:09:00,0.2205440958824738
2018-01-03 19:12:00,0.16175169989458027
2018-01-03 19:15:00,0.15929801579790137
2018-01-03 19:18:00,0.051662072980718676
2018-01-03 19:21:00,0.16952652646284605
2018-01-03 19:24:00,0.224895921165853
2018-01-03 19:27:00,0.17561411708493324
2018-01-03 19:30:00,0.24858819043430458
2018-01-03 19:33:00,0.23587785558652286
2018-01-03 19:36:00,0.3954888772992149
2018-01-03 19:39:00,0.2427951824830643
2018-01-03 19:42:00,0.3426333621489448
2018-01-03 19:45:00,0.24588200299393748
2018-01-03 19:48:00,0.19440827758495516
2018-01-03 19:51:00,0.21157859597462902
2018-01-03 19:54:00,0.20786517966229212
2018-01-03 19:57:00,0.17594970769664542
2018-01-03 20:00:00,0.16919088468034715
2018-01-03 20:03:00,0.22781128148852758
2018-01-03 20:06:00,0.1599008825509145
2018-01-03 20:09:00,0.16065301698262147
2018-01-03 20:12:00,0.21377807488084954
2018-01-03 20:15:00,0.22389489245540517
2018-01-03 20:18:00,0.17899407983998117
2018-01-03 20:21:00,0.15511132428730434
2018-01-03 20:24:00,0.2404406860293875
2018-01-03 20:27:00,0.23979864960176656
2018-01-03 20:30:00,0.23363543018024302
2018-01-03 20:33:00,0.22727785997460614
2018-01-03 20:36:00,0.2134145953676807
2018-01-03 20:39:00,0.18700065684282663
2018-01-03 20:42:00,0.11428011212888123
2018-01-03 20:45:00,0.16317039522033383
2018-01-03 20:48:00,0.1780745769072496
2018-01-03 20:51:00,0.2437112391047549
2018-01-03 20:54:00,0.11412242186412414
2018-01-03 20:57:00,0.26149113382467704
2018-01-03 21:00:00,0.3363625570050317
2018-01-03 21:03:00,0.3609930970389428
2018-01-03 21:06:00,0.398933071280851
2018-01-03 21:09:00,0.557244708574558
2018-01-03 21:12:00,0.6914021324233204
2018-01-03 21:15:00,0.5950911906311376
2018-01-03 21:18:00,0.5191492672629465
2018-01-03 21:21:00,0.4977762594824071
2018-01-03 21:24:00,0.4927385643900948
2018-01-03 21:27:00,0.5334408440742777
2018-01-03 21:30:00,0.4272070595976629
2018-01-03 21:33:00,0.453175462914885
2018-01-03 21:36:00,0.37788888341646043
2018-01-03 21:39:00,0.4757715370801634
2018-01-03 21:42:00,0.44410559484276746
2018-01-03 21:45:00,0.4539892873812619
2018-01-03 21:48:00,0.33957203337638475
2018-01-03 21:51:00,0.35955297246403006
2018-01-03 21:54:00,0.43207618954573945
2018-01-03 21:57:00,0.4366632738086764
2018-01-03 22:00:00,0.38044102851102934
2018-01-03 22:03:00,0.4282305987550785
2018-01-03 22:06:00,0.39434458597577304
2018-01-03 22:09:00,0.4249002811086484
2018-01-03 22:12:00,0.48530367839651944
2018-01-03 22:15:00,0.3876470870179105
2018-01-03 22:18:00,0.3685507538754109
2018-01-03 22:21:00,0.41602971495842667
2018-01-03 22:24:00,0.5044594635205613
2018-01-03 22:27:00,0.4230538389224989
2018-01-03 22:30:00,0.4493986359254336
2018-01-03 22:33:00,0.4113001976144801
2018-01-03 22:36:00,0.43982435986941937
2018-01-03 22:39:00,0.46784547001141163
2018-01-03 22:42:00,0.5135797756823308
2018-01-03 22:45:00,0.5722175026884884
2018-01-03 22:48:00,0.618201469101848
2018-01-03 22:51:00,0.586679769845091
2018-01-03 22:54:00,0.5341995182888581
2018-01-03 22:57:00,0.6122144386501986
2018-01-03 23:00:00,0.4860499578931581
2018-01-03 23:03:00,0.5266670662951469
2018-01-03 23:06:00,0.4512599011849261
2018-01-03 23:09:00,0.49463155567610784
2018-01-03 23:12:00,0.5302560326039156
2018-01-03 23:15:00,0.5231301283415064
2018-01-03 23:18:00,0.47909160226203085
2018-01-03 23:21:00,0.4881509303208986
2018-01-03 23:24:00,0.47952721907972773
2018-01-03 23:27:00,0.5636775786128965
2018-01-03 23:30:00,0.5897060836475703
2018-01-03 23:33:00,0.5848835680013735
2018-01-03 23:36:00,0.6608805949476846
2018-01-03 23:39:00,0.5876993889667688
2018-01-03 23:42:00,0.5296793504683137
2018-01-03 23:45:00,0.5371240992531625
2018-01-03 23:48:00,0.5691600729586526
2018-01-03 23:51:00,0.5001464846121735
2018-01-03 23:54:00,0.49603743426695246
2018-01-03 23:57:00,0.5025403895203908
2018-01-04 00:00:00,0.4772596714817041
2018-01-04 00:03:00,0.49109868541728474
2018-01-04 00:06:00,0.5085200641569259
2018-01-04 00:09:00,0.5285709518582848
2018-01-04 00:12:00,0.5304511898390842
2018-01-04 00:15:00,0.5426509989108581
2018-01-04 00:18:00,0.48880507864834044
2018-01-04 00:21:00,0.48425324823665505
2018-01-04 00:24:00,0.46973733834892073
2018-01-04 00:27:00,0.37334537655715394
2018-01-04 00:30:00,0.39451425196870105
2018-01-04 00:33:00,0.38303101035432974
2018-01-04 00:36:00,0.32357062210820686
2018-01-04 00:39:00,0.45290625540468454
2018-01-04 00:42:00,0.4965671327893233
2018-01-04 00:45:00,0.5487542007238062
2018-01-04 00:48:00,0.5432995519674364
2018-01-04 00:51:00,0.49859137281760013
2018-01-04 00:54:00,0.6661160618763802
2018-01-04 00:57:00,0.6408966696261587
2018-01-04 01:00:00,0.7961535886436195
2018-01-04 01:03:00,0.8298175170108948
2018-01-04 01:06:00,0.7905257100688914
2018-01-04 01:09:00,0.8400316444058262
2018-01-04 01:12:00,0.8726959286470333
2018-01-04 01:15:00,0.8731803393209816
2018-01-04 01:18:00,0.8205883153718787
2018-01-04 01:21:00,0.8351523885651773
2018-01-04 01:24:00,0.7245668742025941
2018-01-04 01:27:00,0.6677903077758742
2018-01-04 01:30:00,0.6678213605331962
2018-01-04 01:33:00,0.6312850450755718
2018-01-04 01:36:00,0.6684458550851105
2018-01-04 01:39:00,0.625281686207245
2018-01-04 01:42:00,0.6469872633647924
2018-01-04 01:45:00,0.6479106117367337
2018-01-04 01:48:00,0.5668429705923472
2018-01-04 01:51:00,0.6098584376980511
2018-01-04 01:54:00,0.6521129295442165
2018-01-04 01:57:00,0.6343772495020517
2018-01-04 02:00:00,0.5969601310485473
2018-01-04 02:03:00,0.651304174051063
2018-01-04 02:06:00,0.7010212226448402
2018-01-04 02:09:00,0.7071690363958965
2018-01-04 02:12:00,0.7061998435829651
2018-01-04 02:15:00,0.6741904878971923
2018-01-04 02:18:00,0.6568848857287435
2018-01-04 02:21:00,0.5940158941873506
2018-01-04 02:24:00,0.6231908314165366
2018-01-04 02:27:00,0.5722233893349085
2018-01-04 02:30:00,0.6486953172925496
2018-01-04 02:33:00,0.6035011789462601
2018-01-04 02:36:00,0.6159772817097746
2018-01-04 02:39:00,0.6295858131113619
2018-01-04 02:42:00,0.6404436941843414
2018-01-04 02:45:00,0.6581060053192687
2018-01-04 02:48:00,0.5234357048535117
2018-01-04 02:51:00,0.6679494627745157
2018-01-04 02:54:00,0.5829052950005575
2018-01-04 02:57:00,0.6106322300522606
2018-01-04 03:00:00,0.6218630967943
2018-01-04 03:03:00,0.6399838588848752
2018-01-04 03:06:00,0.5092795190235506
2018-01-04 03:09:00,0.6739706021019742
2018-01-04 03:12:00,0.5148718644325072
2018-01-04 03:15:00,0.5032398906270714
2018-01-04 03:18:00,0.5199579700317258
2018-01-04 03:21:00,0.5705814861244107
2018-01-04 03:24:00,0.5153794348582892
2018-01-04 03:27:00,0.5948119298305414
2018-01-04 03:30:00,0.6399242059849257
2018-01-04 03:33:00,0.5556206605467651
2018-01-04 03:36:00,0.6772637108433628
2018-01-04 03:39:00,0.804564442773426
2018-01-04 03:42:00,0.7776802532374063
2018-01-04 03:45:00,0.6509648230056655
2018-01-04 03:48:00,0.7642082140334878
2018-01-04 03:51:00,0.8253767492632846
2018-01-04 03:54:00,0.6977269371453758
2018-01-04 03:57:00,0.6990487976775626
2018-01-04 04:00:00,0.7300044680650899
2018-01-04 04:03:00,0.768893203685252
2018-01-04 04:06:00,0.7659377648240024
2018-01-04 04:09:00,0.7318139397061145
2018-01-04 04:12:00,0.8619266336885403
2018-01-04 04:15:00,0.7396003071876294
2018-01-04 04:18:00,0.8970471497236758
2018-01-04 04:21:00,0.7197539509351714
2018-01-04 04:24:00,0.6956262181636248
2018-01-04 04:27:00,0.7450228652074884
2018-01-04 04:30:00,0.7106811969682099
2018-01-04 04:33:00,0.6421227751656033
2018-01-04 04:36:00,0.7002627241345749
2018-01-04 04:39:00,0.6934115804577914
2018-01-04 04:42:00,0.6960005958520696
2018-01-04 04:45:00,0.5962521821283531
2018-01-04 04:48:00,0.6823513060762707
2018-01-04 04:51:00,0.5791649621243664
2018-01-04 04:54:00,0.6148550734484957
2018-01-04 04:57:00,0.6612052223088654
2018-01-04 05:00:00,0.7310210609140313
2018-01-04 05:03:00,0.6697089510751653
2018-01-04 05:06:00,0.6261550509121321
2018-01-04 05:09:00,0.6110248362136872
2018-01-04 05:12:00,0.609103938741896
2018-01-04 05:15:00,0.5903363322777864
2018-01-04 05:18:00,0.6353033032246458
2018-01-04 05:21:00,0.6540337103101592
2018-01-04 05:24:00,0.7276525670727096
2018-01-04 05:27:00,0.6771415811770112
2018-01-04 05:30:00,0.6110052405714441
2018-01-04 05:33:00,0.5467130336899686
2018-01-04 05:36:00,0.6079324147585794
2018-01-04 05:39:00,0.6257342046346253
2018-01-04 05:42:00,0.5654668297799503
2018-01-04 05:45:00,0.5785380630448458
2018-01-04 05:48:00,0.5762204439624838
2018-01-04 05:51:00,0.6034751794960016
2018-01-04 05:54:00,0.4702284075312946
2018-01-04 05:57:00,0.47805765537640355
2018-01-04 06:00:00,0.5358987079434883
2018-01-04 06:03:00,0.5144990935744431
2018-01-04 06:06:00,0.5453466442566537
2018-01-04 06:09:00,0.4958905144542314
2018-01-04 06:12:00,0.5375753849125431
2018-01-04 06:15:00,0.5289758516562983
2018-01-04 06:18:00,0.4829276035797534
2018-01-04 06:21:00,0.4101387987187195
2018-01-04 06:24:00,0.43188279904541105
2018-01-04 06:27:00,0.4629201859429486
2018-01-04 06:30:00,0.6019919909870737
2018-01-04 06:33:00,0.4473378790607967
2018-01-04 06:36:00,0.49807119981574033
2018-01-04 06:39:00,0.5051849616522759
2018-01-04 06:42:00,0.49955115098595115
2018-01-04 06:45:00,0.6013854016205187
2018-01-04 06:48:00,0.5449739258550039
2018-01-04 06:51:00,0.5929878141319591
2018-01-04 06:54:00,0.6301456939042964
2018-01-04 06:57:00,0.6480623562481469
2018-01-04 07:00:00,0.5527194635187129
2018-01-04 07:03:00,0.6540954466950097
2018-01-04 07:06:00,0.5931878734517113
2018-01-04 07:09:00,0.5775759561382756
2018-01-04 07:12:00,0.5991125703288844
2018-01-04 07:15:00,0.6404579670405042
2018-01-04 07:18:00,0.6080019750238534
2018-01-04 07:21:00,0.625729950784546
2018-01-04 07:24:00,0.6975129157735864
2018-01-04 07:27:00,0.6350550141461326
2018-01-04 07:30:00,0.6557157272351333
2018-01-04 07:33:00,0.6566051921092253
2018-01-04 07:36:00,0.5742177163009501
2018-01-04 07:39:00,0.5221319319697955
2018-01-04 07:42:00,0.6887563610515031
2018-01-04 07:45:00,0.5952099270129452
2018-01-04 07:48:00,0.5609336449808211
2018-01-04 07:51:00,0.559946748857385
2018-01-04 07:54:00,0.591205784533031
2018-01-04 07:57:00,0.5125209931601376
2018-01-04 08:00:00,0.5482246134827164
2018-01-04 08:03:00,0.5156424371140815
2018-01-04 08:06:00,0.5584347302486776
2018-01-04 08:09:00,0.6177207767750588
2018-01-04 08:12:00,0.5087656807916119
2018-01-04 08:15:00,0.5217035795844254
2018-01-04 08:18:00,0.5353494252833002
2018-01-04 08:21:00,0.5472727325075084
2018-01-04 08:24:00,0.4994312884246028
2018-01-04 08:27:00,0.47378084627774797
2018-01-04 08:30:00,0.49183342002680774
2018-01-04 08:33:00,0.571685544235379
2018-01-04 08:36:00,0.5174024565673676
2018-01-04 08:39:00,0.48283809613110407
2018-01-04 08:42:00,0.5490293727706899
2018-01-04 08:45:00,0.5363946605773435
2018-01-04 08:48:00,0.4400830803060103
2018-01-04 08:51:00,0.41105183008278345
2018-01-04 08:54:00,0.5202541001197005
2018-01-04 08:57:00,0.4296473826588567
2018-01-04 09:00:00,0.553394241547835
2018-01-04 09:03:00,0.56754992419377
2018-01-04 09:06:00,0.469595822449719
2018-01-04 09:09:00,0.4839263926233457
2018-01-04 09:12:00,0.46120618983820805
2018-01-04 09:15:00,0.30483185301091
2018-01-04 09:18:00,0.3506043092624509
2018-01-04 09:21:00,0.41604425119498956
2018-01-04 09:24:00,0.4571929863315063
2018-01-04 09:27:00,0.3506795518406989
2018-01-04 09:30:00,0.5286242779729378
2018-01-04 09:33:00,0.3895178346143098
2018-01-04 09:36:00,0.3066276812452884
2018-01-04 09:39:00,0.40717838948012286
2018-01-04 09:42:00,0.3558597913248036
2018-01-04 09:45:00,0.3611703142366878
2018-01-04 09:48:00,0.2369278956581411
2018-01-04 09:51:00,0.4396975990388796
2018-01-04 09:54:00,0.26139891515981617
2018-01-04 09:57:00,0.3887734233638298
2018-01-04 10:00:00,0.27954753506611496
2018-01-04 10:03:00,0.31395914177574014
2018-01-04 10:06:00,0.26804125807944956
2018-01-04 10:09:00,0.18270723469800032
2018-01-04 10:12:00,0.2529900286623388
2018-01-04 10:15:00,0.14155875081502245
2018-01-04 10:18:00,0.2859969233164179
2018-01-04 10:21:00,0.11265390510055795
2018-01-04 10:24:00,0.21989041696576805
2018-01-04 10:27:00,0.083285055185911
2018-01-04 10:30:00,0.2450050444249996
2018-01-04 10:33:00,0.17958767732477554
2018-01-04 10:36:00,0.12797915184552267
2018-01-04 10:39:00,0.10373101991592648
2018-01-04 10:42:00,0.24950507812388878
2018-01-04 10:45:00,0.12413823639241173
2018-01-04 10:48:00,0.1778734048960473
2018-01-04 10:51:00,0.16303822063747475
2018-01-04 10:54:00,0.23583359613189714
2018-01-04 10:57:00,0.19617905527803714
2018-01-04 11:00:00,0.07969739314398794
2018-01-04 11:03:00,0.061253182143161666
2018-01-04 11:06:00,-0.05269967820748889
2018-01-04 11:09:00,0.03957716528873334
2018-01-04 11:12:00,0.11760462021436524
2018-01-04 11:15:00,-0.01461041666601659
2018-01-04 11:18:00,0.10608932160675977
2018-01-04 11:21:00,0.08528481638376206
2018-01-04 11:24:00,0.03393411956375303
2018-01-04 11:27:00,0.08261723758829476
2018-01-04 11:30:00,0.09117648284518509
2018-01-04 11:33:00,-0.03905190362149824
2018-01-04 11:36:00,0.0370119837200491
2018-01-04 11:39:00,0.012604413066640063
2018-01-04 11:42:00,0.01660139184144782
2018-01-04 11:45:00,0.12515568295333424
2018-01-04 11:48:00,-0.024983491551836323
2018-01-04 11:51:00,0.08132528096433589
2018-01-04 11:54:00,-0.015182070762080002
2018-01-04 11:57:00,-0.018453341349243146
2018-01-04 12:00:00,-0.14211037457556586
2018-01-04 12:03:00,0.05702052698762827
2018-01-04 12:06:00,-0.022119824832600443
2018-01-04 12:09:00,-0.01141306438302081
2018-01-04 12:12:00,0.0292173478200084
2018-01-04 12:15:00,-0.03749535705804874
2018-01-04 12:18:00,-0.098195025939674
2018-01-04 12:21:00,-0.05968234744068468
2018-01-04 12:24:00,-0.03182365990448943
2018-01-04 12:27:00,-0.005840815543706412
2018-01-04 12:30:00,0.09163019991717647
2018-01-04 12:33:00,0.0029870608523197006
2018-01-04 12:36:00,-0.03804193112301846
2018-01-04 12:39:00,-0.05664309666548206
2018-01-04 12:42:00,-0.13973696743209985
2018-01-04 12:45:00,-0.1570635415756101
2018-01-04 12:48:00,-0.15130208620445273
2018-01-04 12:51:00,-0.09458206885233267
2018-01-04 12:54:00,-0.014502421051247438
2018-01-04 12:57:00,-0.1235054390298842
2018-01-04 13:00:00,-0.064130475122397
2018-01-04 13:03:00,-0.07250592140348999
2018-01-04 13:06:00,-0.07553081054305721
2018-01-04 13:09:00,-0.08669709061229014
2018-01-04 13:12:00,-0.05446759454281391
2018-01-04 13:15:00,-0.04091369160880731
2018-01-04 13:18:00,0.03442282760204307
2018-01-04 13:21:00,-0.05484042487927354
2018-01-04 13:24:00,0.024844794109128543
2018-01-04 13:27:00,0.017901455267576694
2018-01-04 13:30:00,-0.046064645569856566
2018-01-04 13:33:00,0.0685053275956875
2018-01-04 13:36:00,0.017681173573919295
2018-01-04 13:39:00,0.056410060510984295
2018-01-04 13:42:00,0.0024539016262110636
2018-01-04 13:45:00,0.14107760151779303
2018-01-04 13:48:00,0.02542647725738334
2018-01-04 13:51:00,-0.13692348971153478
2018-01-04 13:54:00,-0.083590381336478
2018-01-04 13:57:00,0.1081907322184179
2018-01-04 14:00:00,0.018770118038730743
2018-01-04 14:03:00,-0.05264563214376494
2018-01-04 14:06:00,-0.02362619970557489
2018-01-04 14:09:00,0.014414458520377593
2018-01-04 14:12:00,-0.033193093253316874
2018-01-04 14:15:00,-0.011367351940975823
2018-01-04 14:18:00,0.1614969718684165
2018-01-04 14:21:00,0.23601885845886272
2018-01-04 14:24:00,0.10806016471059365
2018-01-04 14:27:00,0.17637137749858312
2018-01-04 14:30:00,0.09849472846030949
2018-01-04 14:33:00,0.15431420773182936
2018-01-04 14:36:00,0.12503734788390375
2018-01-04 14:39:00,0.14429096723330304
2018-01-04 14:42:00,0.11484658154404315
2018-01-04 14:45:00,0.057837298007314075
2018-01-04 14:48:00,0.08500769207677195
2018-01-04 14:51:00,0.05019146283302689
2018-01-04 14:54:00,-0.0149476991625761
2018-01-04 14:57:00,0.11675042026638494
2018-01-04 15:00:00,0.0207101660354283
2018-01-04 15:03:00,-0.010103723922100016
2018-01-04 15:06:00,-0.06953682658416938
2018-01-04 15:09:00,-0.13232585383678952
2018-01-04 15:12:00,-0.03182100519114783
2018-01-04 15:15:00,0.08186421412187883
2018-01-04 15:18:00,0.20244325834215715
2018-01-04 15:21:00,0.08830895437961317
2018-01-04 15:24:00,0.2161427539309102
2018-01-04 15:27:00,0.02430640870784373
2018-01-04 15:30:00,0.2271813615803353
2018-01-04 15:33:00,0.3183555421511528
2018-01-04 15:36:00,0.47877725805290083
2018-01-04 15:39:00,0.6152011311816068
2018-01-04 15:42:00,0.6150533394172157
2018-01-04 15:45:00,0.582482858378853
2018-01-04 15:48:00,0.4786904897079012
2018-01-04 15:51:00,0.5425319830882813
2018-01-04 15:54:00,0.7141850212065606
2018-01-04 15:57:00,0.48412871827866866
2018-01-04 16:00:00,0.6263077472248142
2018-01-04 16:03:00,0.5776095951420643
2018-01-04 16:06:00,0.4808410043319782
2018-01-04 16:09:00,0.4643867454942665
2018-01-04 16:12:00,0.2869403651693574
2018-01-04 16:15:00,0.26107214592644823
2018-01-04 16:18:00,0.28709419293397787
2018-01-04 16:21:00,0.2005436707344188
2018-01-04 16:24:00,0.23147878639349528
2018-01-04 16:27:00,0.21858601013190082
2018-01-04 16:30:00,0.1701978517814382
2018-01-04 16:33:00,0.18616738728456994
2018-01-04 16:36:00,0.2736421022046329
2018-01-04 16:39:00,0.1204449025666463
2018-01-04 16:42:00,0.0389710301350874
2018-01-04 16:45:00,0.020581212400713866
2018-01-04 16:48:00,0.13681408324487165
2018-01-04 16:51:00,-0.0023719446128325217
2018-01-04 16:54:00,0.058124250549042245
2018-01-04 16:57:00,0.012031443881085124
2018-01-04 17:00:00,0.05941936864655872
2018-01-04 17:03:00,0.13737261421078983
2018-01-04 17:06:00,0.12785351615724494
2018-01-04 17:09:00,0.04702950530071348
2018-01-04 17:12:00,0.08983574054582277
2018-01-04 17:15:00,0.06448507668119419
2018-01-04 17:18:00,-0.02068688954210529
2018-01-04 17:21:00,0.04185649204572428
2018-01-04 17:24:00,0.08800383495412234
2018-01-04 17:27:00,0.06725271916786824
2018-01-04 17:30:00,0.01867336422532162
2018-01-04 17:33:00,0.07387540528122827
2018-01-04 17:36:00,0.02609421881010121
2018-01-04 17:39:00,0.14882458998459924
2018-01-04 17:42:00,0.13426541174339945
2018-01-04 17:45:00,0.0889459017222407
2018-01-04 17:48:00,0.16215367803243907
2018-01-04 17:51:00,0.010793837134599471
2018-01-04 17:54:00,0.04622213984947621
2018-01-04 17:57:00,0.10768956416228548
2018-01-04 18:00:00,0.15837337188253287
2018-01-04 18:03:00,0.1312807812241772
2018-01-04 18:06:00,0.12159772315607142
2018-01-04 18:09:00,0.034305126474919234
2018-01-04 18:12:00,0.13786534578417786
2018-01-04 18:15:00,0.17495475318435183
2018-01-04 18:18:00,0.19392287242254724
2018-01-04 18:21:00,0.2651517575763478
2018-01-04 18:24:00,0.22447701766134287
2018-01-04 18:27:00,0.09115259967637712
2018-01-04 18:30:00,0.14623435477983548
2018-01-04 18:33:00,0.21408516444574843
2018-01-04 18:36:00,0.2038646478620194
2018-01-04 18:39:00,0.06190176407068293
2018-01-04 18:42:00,0.27717055384960076
2018-01-04 18:45:00,0.2660465298661734
2018-01-04 18:48:00,0.14317694262962277
2018-01-04 18:51:00,0.1969908265820095
2018-01-04 18:54:00,
2018-01-04 18:57:00,
2018-01-04 19:00:00,
2018-01-04 19:03:00,
2018-01-04 19:06:00,
2018-01-04 19:09:00,
2018-01-04 19:12:00,
2018-01-04 19:15:00,
2018-01-04 19:18:00,
2018-01-04 19:21:00,
2018-01-04 19:24:00,
2018-01-04 19:27:00,
2018-01-04 19:30:00,
2018-01-04 19:33:00,
2018-01-04 19:36:00,
2018-01-04 19:39:00,
2018-01-04 19:42:00,
2018-01-04 19:45:00,
2018-01-04 19:48:00,
2018-01-04 19:51:00,
2018-01-04 19:54:00,
2018-01-04 19:57:00,
2018-01-04 20:00:00,
2018-01-04 20:03:00,
2018-01-04 20:06:00,
2018-01-04 20:09:00,
2018-01-04 20:12:00,
2018-01-04 20:15:00,
2018-01-04 20:18:00,
2018-01-04 20:21:00,
2018-01-04 20:24:00,
2018-01-04 20:27:00,
2018-01-04 20:30:00,
2018-01-04 20:33:00,
2018-01-04 20:36:00,
2018-01-04 20:39:00,
2018-01-04 20:42:00,
2018-01-04 20:45:00,
2018-01-04 20:48:00,
2018-01-04 20:51:00,
2018-01-04 20:54:00,
2018-01-04 20:57:00,
2018-01-04 21:00:00,
2018-01-04 21:03:00,
2018-01-04 21:06:00,
2018-01-04 21:09:00,
2018-01-04 21:12:00,
2018-01-04 21:15:00,
2018-01-04 21:18:00,
2018-01-04 21:21:00,
2018-01-04 21:24:00,
2018-01-04 21:27:00,
2018-01-04 21:30:00,
2018-01-04 21:33:00,
2018-01-04 21:36:00,
2018-01-04 21:39:00,
2018-01-04 21:42:00,
2018-01-04 21:45:00,
2018-01-04 21:48:00,
2018-01-04 21:51:00,
2018-01-04 21:54:00,
2018-01-04 21:57:00,
2018-01-04 22:00:00,
2018-01-04 22:03:00,
2018-01-04 22:06:00,
2018-01-04 22:09:00,
2018-01-04 22:12:00,
2018-01-04 22:15:00,
2018-01-04 22:18:00,
2018-01-04 22:21:00,
2018-01-04 22:24:00,
2018-01-04 22:27:00,
2018-01-04 22:30:00,
2018-01-04 22:33:00,
2018-01-04 22:36:00,
2018-01-04 22:39:00,
2018-01-04 22:42:00,
2018-01-04 22:45:00,
2018-01-04 22:48:00,
2018-01-04 22:51:00,
2018-01-04 22:54:00,
2018-01-04 22:57:00,
2018-01-04 23:00:00,
2018-01-04 23:03:00,
2018-01-04 23:06:00,
2018-01-04 23:09:00,
2018-01-04 23:12:00,
2018-01-04 23:15:00,
2018-01-04 23:18:00,
2018-01-04 23:21:00,
2018-01-04 23:24:00,
2018-01-04 23:27:00,
2018-01-04 23:30:00,
2018-01-04 23:33:00,
2018-01-04 23:36:00,
2018-01-04 23:39:00,
2018-01-04 23:42:00,
2018-01-04 23:45:00,
2018-01-04 23:48:00,
2018-01-04 23:51:00,
2018-01-04 23:54:00,
2018-01-04 23:57:00,
2018-01-05 00:00:00,
2018-01-05 00:03:00,
2018-01-05 00:06:00,
2018-01-05 00:09:00,
2018-01-05 00:12:00,
2018-01-05 00:15:00,
2018-01-05 00:18:00,
2018-01-05 00:21:00,
2018-01-05 00:24:00,
2018-01-05 00:27:00,
2018-01-05 00:30:00,
2018-01-05 00:33:00,
2018-01-05 00:36:00,
2018-01-05 00:39:00,
2018-01-05 00:42:00,
2018-01-05 00:45:00,
2018-01-05 00:48:00,
2018-01-05 00:51:00,
2018-01-05 00:54:00,
2018-01-05 00:57:00,
2018-01-05 01:00:00,
2018-01-05 01:03:00,
2018-01-05 01:06:00,
2018-01-05 01:09:00,
2018-01-05 01:12:00,
2018-01-05 01:15:00,
2018-01-05 01:18:00,
2018-01-05 01:21:00,
2018-01-05 01:24:00,
2018-01-05 01:27:00,
2018-01-05 01:30:00,
2018-01-05 01:33:00,
2018-01-05 01:36:00,
2018-01-05 01:39:00,
2018-01-05 01:42:00,
2018-01-05 01:45:00,
2018-01-05 01:48:00,
2018-01-05 01:51:00,
2018-01-05 01:54:00,
2018-01-05 01:57:00,
2018-01-05 02:00:00,
2018-01-05 02:03:00,
2018-01-05 02:06:00,
2018-01-05 02:09:00,
2018-01-05 02:12:00,
2018-01-05 02:15:00,
2018-01-05 02:18:00,
2018-01-05 02:21:00,
2018-01-05 02:24:00,
2018-01-05 02:27:00,
2018-01-05 02:30:00,
2018-01-05 02:33:00,
2018-01-05 02:36:00,
2018-01-05 02:39:00,
2018-01-05 02:42:00,
2018-01-05 02:45:00,
2018-01-05 02:48:00,
2018-01-05 02:51:00,
2018-01-05 02:54:00,
2018-01-05 02:57:00,
2018-01-05 03:00:00,
2018-01-05 03:03:00,
2018-01-05 03:06:00,
2018-01-05 03:09:00,
2018-01-05 03:12:00,
2018-01-05 03:15:00,
2018-01-05 03:18:00,
2018-01-05 03:21:00,
2018-01-05 03:24:00,
2018-01-05 03:27:00,
2018-01-05 03:30:00,
2018-01-05 03:33:00,
2018-01-05 03:36:00,
2018-01-05 03:39:00,
2018-01-05 03:42:00,
2018-01-05 03:45:00,
2018-01-05 03:48:00,
2018-01-05 03:51:00,
2018-01-05 03:54:00,
2018-01-05 03:57:00,
2018-01-05 04:00:00,
2018-01-05 04:03:00,
2018-01-05 04:06:00,
2018-01-05 04:09:00,
2018-01-05 04:12:00,
2018-01-05 04:15:00,
2018-01-05 04:18:00,
2018-01-05 04:21:00,
2018-01-05 04:24:00,
2018-01-05 04:27:00,
2018-01-05 04:30:00,
2018-01-05 04:33:00,
2018-01-05 04:36:00,
2018-01-05 04:39:00,
2018-01-05 04:42:00,
2018-01-05 04:45:00,
2018-01-05 04:48:00,
2018-01-05 04:51:00,
2018-01-05 04:54:00,
2018-01-05 04:57:00,
2018-01-05 05:00:00,
2018-01-05 05:03:00,
2018-01-05 05:06:00,
2018-01-05 05:09:00,
2018-01-05 05:12:00,
2018-01-05 05:15:00,
2018-01-05 05:18:00,
2018-01-05 05:21:00,
2018-01-05 05:24:00,
2018-01-05 05:27:00,
2018-01-05 05:30:00,
2018-01-05 05:33:00,
2018-01-05 05:36:00,
2018-01-05 05:39:00,
2018-01-05 05:42:00,
2018-01-05 05:45:00,
2018-01-05 05:48:00,
2018-01-05 05:51:00,
2018-01-05 05:54:00,
2018-01-05 05:57:00,
2018-01-05 06:00:00,
2018-01-05 06:03:00,
2018-01-05 06:06:00,
2018-01-05 06:09:00,
2018-01-05 06:12:00,
2018-01-05 06:15:00,
2018-01-05 06:18:00,
2018-01-05 06:21:00,
2018-01-05 06:24:00,
2018-01-05 06:27:00,
2018-01-05 06:30:00,
2018-01-05 06:33:00,
2018-01-05 06:36:00,
2018-01-05 06:39:00,
2018-01-05 06:42:00,
2018-01-05 06:45:00,
2018-01-05 06:48:00,
2018-01-05 06:51:00,
2018-01-05 06:54:00,
2018-01-05 06:57:00,
2018-01-05 07:00:00,
2018-01-05 07:03:00,
2018-01-05 07:06:00,
2018-01-05 07:09:00,
2018-01-05 07:12:00,
2018-01-05 07:15:00,
2018-01-05 07:18:00,
2018-01-05 07:21:00,
2018-01-05 07:24:00,
2018-01-05 07:27:00,
2018-01-05 07:30:00,
2018-01-05 07:33:00,
2018-01-05 07:36:00,
2018-01-05 07:39:00,
2018-01-05 07:42:00,
2018-01-05 07:45:00,
2018-01-05 07:48:00,
2018-01-05 07:51:00,
2018-01-05 07:54:00,
2018-01-05 07:57:00,
2018-01-05 08:00:00,
2018-01-05 08:03:00,
2018-01-05 08:06:00,
2018-01-05 08:09:00,
2018-01-05 08:12:00,
2018-01-05 08:15:00,
2018-01-05 08:18:00,
2018-01-05 08:21:00,
2018-01-05 08:24:00,
2018-01-05 08:27:00,
2018-01-05 08:30:00,
2018-01-05 08:33:00,
2018-01-05 08:36:00,
2018-01-05 08:39:00,
2018-01-05 08:42:00,
2018-01-05 08:45:00,
2018-01-05 08:48:00,
2018-01-05 08:51:00,
2018-01-05 08:54:00,
2018-01-05 08:57:00,
2018-01-05 09:00:00,
2018-01-05 09:03:00,
2018-01-05 09:06:00,
2018-01-05 09:09:00,
2018-01-05 09:12:00,
2018-01-05 09:15:00,
2018-01-05 09:18:00,
2018-01-05 09:21:00,
2018-01-05 09:24:00,
2018-01-05 09:27:00,
2018-01-05 09:30:00,
2018-01-05 09:33:00,
2018-01-05 09:36:00,
2018-01-05 09:39:00,
2018-01-05 09:42:00,
2018-01-05 09:45:00,
2018-01-05 09:48:00,
2018-01-05 09:51:00,
2018-01-05 09:54:00,
2018-01-05 09:57:00,
2018-01-05 10:00:00,
2018-01-05 10:03:00,
2018-01-05 10:06:00,
2018-01-05 10:09:00,
2018-01-05 10:12:00,
2018-01-05 10:15:00,
2018-01-05 10:18:00,
2018-01-05 10:21:00,
2018-01-05 10:24:00,
2018-01-05 10:27:00,
2018-01-05 10:30:00,
2018-01-05 10:33:00,
2018-01-05 10:36:00,
2018-01-05 10:39:00,
2018-01-05 10:42:00,
2018-01-05 10:45:00,
2018-01-05 10:48:00,
2018-01-05 10:51:00,
2018-01-05 10:54:00,
2018-01-05 10:57:00,
2018-01-05 11:00:00,
2018-01-05 11:03:00,
2018-01-05 11:06:00,
2018-01-05 11:09:00,
2018-01-05 11:12:00,
2018-01-05 11:15:00,
2018-01-05 11:18:00,
2018-01-05 11:21:00,
2018-01-05 11:24:00,
2018-01-05 11:27:00,
2018-01-05 11:30:00,
2018-01-05 11:33:00,
2018-01-05 11:36:00,
2018-01-05 11:39:00,
2018-01-05 11:42:00,
2018-01-05 11:45:00,
2018-01-05 11:48:00,
2018-01-05 11:51:00,
2018-01-05 11:54:00,
2018-01-05 11:57:00,
2018-01-05 12:00:00,
2018-01-05 12:03:00,
2018-01-05 12:06:00,
2018-01-05 12:09:00,
2018-01-05 12:12:00,
2018-01-05 12:15:00,
2018-01-05 12:18:00,
2018-01-05 12:21:00,
2018-01-05 12:24:00,
2018-01-05 12:27:00,
2018-01-05 12:30:00,
2018-01-05 12:33:00,
2018-01-05 12:36:00,
2018-01-05 12:39:00,
2018-01-05 12:42:00,
2018-01-05 12:45:00,
2018-01-05 12:48:00,
2018-01-05 12:51:00,
2018-01-05 12:54:00,
2018-01-05 12:57:00,
2018-01-05 13:00:00,
2018-01-05 13:03:00,
2018-01-05 13:06:00,
2018-01-05 13:09:00,
2018-01-05 13:12:00,
2018-01-05 13:15:00,
2018-01-05 13:18:00,
2018-01-05 13:21:00,
2018-01-05 13:24:00,
2018-01-05 13:27:00,
2018-01-05 13:30:00,
2018-01-05 13:33:00,
2018-01-05 13:36:00,
2018-01-05 13:39:00,
2018-01-05 13:42:00,
2018-01-05 13:45:00,
2018-01-05 13:48:00,
2018-01-05 13:51:00,
2018-01-05 13:54:00,
2018-01-05 13:57:00,
2018-01-05 14:00:00,
2018-01-05 14:03:00,
2018-01-05 14:06:00,
2018-01-05 14:09:00,
2018-01-05 14:12:00,
2018-01-05 14:15:00,
2018-01-05 14:18:00,
2018-01-05 14:21:00,
2018-01-05 14:24:00,
2018-01-05 14:27:00,
2018-01-05 14:30:00,
2018-01-05 14:33:00,
2018-01-05 14:36:00,
2018-01-05 14:39:00,
2018-01-05 14:42:00,
2018-01-05 14:45:00,
2018-01-05 14:48:00,
2018-01-05 14:51:00,
2018-01-05 14:54:00,
2018-01-05 14:57:00,
2018-01-05 15:00:00,
2018-01-05 15:03:00,
2018-01-05 15:06:00,
2018-01-05 15:09:00,
2018-01-05 15:12:00,
2018-01-05 15:15:00,
2018-01-05 15:18:00,
2018-01-05 15:21:00,
2018-01-05 15:24:00,
2018-01-05 15:27:00,
2018-01-05 15:30:00,
2018-01-05 15:33:00,
2018-01-05 15:36:00,
2018-01-05 15:39:00,
2018-01-05 15:42:00,
2018-01-05 15:45:00,
2018-01-05 15:48:00,
2018-01-05 15:51:00,
2018-01-05 15:54:00,
2018-01-05 15:57:00,
2018-01-05 16:00:00,
2018-01-05 16:03:00,
2018-01-05 16:06:00,
2018-01-05 16:09:00,
2018-01-05 16:12:00,
2018-01-05 16:15:00,
2018-01-05 16:18:00,
2018-01-05 16:21:00,
2018-01-05 16:24:00,
2018-01-05 16:27:00,
2018-01-05 16:30:00,
2018-01-05 16:33:00,
2018-01-05 16:36:00,
2018-01-05 16:39:00,
2018-01-05 16:42:00,
2018-01-05 16:45:00,
2018-01-05 16:48:00,
2018-01-05 16:51:00,
2018-01-05 16:54:00,
2018-01-05 16:57:00,
2018-01-05 17:00:00,
2018-01-05 17:03:00,
2018-01-05 17:06:00,
2018-01-05 17:09:00,
2018-01-05 17:12:00,
2018-01-05 17:15:00,
2018-01-05 17:18:00,
2018-01-05 17:21:00,
2018-01-05 17:24:00,
2018-01-05 17:27:00,
2018-01-05 17:30:00,
2018-01-05 17:33:00,
2018-01-05 17:36:00,
2018-01-05 17:39:00,
2018-01-05 17:42:00,
2018-01-05 17:45:00,
2018-01-05 17:48:00,
2018-01-05 17:51:00,
2018-01-05 17:54:00,
2018-01-05 17:57:00,
2018-01-05 18:00:00,
2018-01-05 18:03:00,
2018-01-05 18:06:00,
2018-01-05 18:09:00,
2018-01-05 18:12:00,
2018-01-05 18:15:00,
2018-01-05 18:18:00,
2018-01-05 18:21:00,
2018-01-05 18:24:00,
2018-01-05 18:27:00,
2018-01-05 18:30:00,
2018-01-05 18:33:00,
2018-01-05 18:36:00,
2018-01-05 18:39:00,
2018-01-05 18:42:00,
2018-01-05 18:45:00,
2018-01-05 18:48:00,
2018-01-05 18:51:00,
2018-01-05 18:54:00,
2018-01-05 18:57:00,
2018-01-05 19:00:00,
2018-01-05 19:03:00,0.1706841339827747
2018-01-05 19:06:00,0.09529763485426201
2018-01-05 19:09:00,0.18855138400732585
2018-01-05 19:12:00,0.21761862317015357
2018-01-05 19:15:00,0.2245684789742768
2018-01-05 19:18:00,0.31993358498442603
2018-01-05 19:21:00,0.18577784533800923
2018-01-05 19:24:00,0.31872036836330153
2018-01-05 19:27:00,0.34849388724694563
2018-01-05 19:30:00,0.20667019101875894
2018-01-05 19:33:00,0.3045325136636734
2018-01-05 19:36:00,0.27547960915973135
2018-01-05 19:39:00,0.2623575781610157
2018-01-05 19:42:00,0.2848081085222134
2018-01-05 19:45:00,0.27156560910640337
2018-01-05 19:48:00,0.32854730690002043
2018-01-05 19:51:00,0.33595206417231793
2018-01-05 19:54:00,0.31985566255212916
2018-01-05 19:57:00,0.3274463183951184
2018-01-05 20:00:00,0.37145950678353756
2018-01-05 20:03:00,0.36486676784630845
2018-01-05 20:06:00,0.23662605058848385
2018-01-05 20:09:00,0.36639640829247355
2018-01-05 20:12:00,0.3765355122258143
2018-01-05 20:15:00,0.2611559699992654
2018-01-05 20:18:00,0.34860222030624755
2018-01-05 20:21:00,0.3263170616045272
2018-01-05 20:24:00,0.2641162926682341
2018-01-05 20:27:00,0.3544919975308858
2018-01-05 20:30:00,0.4036298373484897
2018-01-05 20:33:00,0.3736577362074627
2018-01-05 20:36:00,0.39003701340857333
2018-01-05 20:39:00,0.5008753254447811
2018-01-05 20:42:00,0.4765653027274652
2018-01-05 20:45:00,0.42241927366995924
2018-01-05 20:48:00,0.4302625887424938
2018-01-05 20:51:00,0.4363017089777941
2018-01-05 20:54:00,0.3501191122337559
2018-01-05 20:57:00,0.4918390084937414
2018-01-05 21:00:00,0.3654092814053911
2018-01-05 21:03:00,0.4331606561968897
2018-01-05 21:06:00,0.4783529651556364
2018-01-05 21:09:00,0.402263897651153
2018-01-05 21:12:00,0.4554266124216042
2018-01-05 21:15:00,0.32671717577159143
2018-01-05 21:18:00,0.33802399969800945
2018-01-05 21:21:00,0.44608765652253624
2018-01-05 21:24:00,0.4105415915669255
2018-01-05 21:27:00,0.4965480155976252
2018-01-05 21:30:00,0.4708693674267579
2018-01-05 21:33:00,0.4429124775120954
2018-01-05 21:36:00,0.49194295971346946
2018-01-05 21:39:00,0.40350178728721176
2018-01-05 21:42:00,0.4630521412923372
2018-01-05 21:45:00,0.3262971871008631
2018-01-05 21:48:00,0.5183251088872112
2018-01-05 21:51:00,0.4564217248522482
2018-01-05 21:54:00,0.4328134243730233
2018-01-05 21:57:00,0.36504017208841333
2018-01-05 22:00:00,0.42146587250613265
2018-01-05 22:03:00,0.41930920579568465
2018-01-05 22:06:00,0.3907821296560883
2018-01-05 22:09:00,0.4201198192882316
2018-01-05 22:12:00,0.36844755154425
2018-01-05 22:15:00,0.3746711798938236
2018-01-05 22:18:00,0.49731714634657465
2018-01-05 22:21:00,0.3669896965378143
2018-01-05 22:24:00,0.4983184634415352
2018-01-05 22:27:00,0.3747588430590554
2018-01-05 22:30:00,0.40780330327834236
2018-01-05 22:33:00,0.47637979181769197
2018-01-05 22:36:00,0.4141571995367599
2018-01-05 22:39:00,0.48586377729776586
2018-01-05 22:42:00,0.426245380853004
2018-01-05 22:45:00,0.482647944951907
2018-01-05 22:48:00,0.33380247031050203
2018-01-05 22:51:00,0.3354843372708274
2018-01-05 22:54:00,0.3974069870038761
2018-01-05 22:57:00,0.4090285062009116
2018-01-05 23:00:00,0.32124580628453714
2018-01-05 23:03:00,0.3041444738004202
2018-01-05 23:06:00,0.39288422780043675
2018-01-05 23:09:00,0.35666234490565785
2018-01-05 23:12:00,0.3898807586454609
2018-01-05 23:15:00,0.4627932277407467
2018-01-05 23:18:00,0.4863548919205982
2018-01-05 23:21:00,0.4803090328673534
2018-01-05 23:24:00,0.4497521313650168
2018-01-05 23:27:00,0.4747571564629993
2018-01-05 23:30:00,0.49775069777467706
2018-01-05 23:33:00,0.5054904859287603
2018-01-05 23:36:00,0.405832269620646
2018-01-05 23:39:00,0.46962347352251754
2018-01-05 23:42:00,0.4340364553531231
2018-01-05 23:45:00,0.42165780025521826
2018-01-05 23:48:00,0.4498967394675333
2018-01-05 23:51:00,0.5277807043571556
2018-01-05 23:54:00,0.4563207464009338
2018-01-05 23:57:00,0.4628466283627404
2018-01-06 00:00:00,0.4455613702007213
2018-01-06 00:03:00,0.5499531335996721
2018-01-06 00:06:00,0.4855891158085228
2018-01-06 00:09:00,0.4168358431685988
2018-01-06 00:12:00,0.4240351909813853
2018-01-06 00:15:00,0.48724153949888205
2018-01-06 00:18:00,0.449109414257407
2018-01-06 00:21:00,0.41830961717028003
2018-01-06 00:24:00,0.4095234653814259
2018-01-06 00:27:00,0.36116141447155314
2018-01-06 00:30:00,0.46739578842567653
2018-01-06 00:33:00,0.2535362619926218
2018-01-06 00:36:00,0.3932181180326779
2018-01-06 00:39:00,0.49904062182378084
2018-01-06 00:42:00,0.49962175059488345
2018-01-06 00:45:00,0.4640748818932252
2018-01-06 00:48:00,0.5487163096402128
2018-01-06 00:51:00,0.48866370837703244
2018-01-06 00:54:00,0.5034442483155885
2018-01-06 00:57:00,0.5114923316554609
2018-01-06 01:00:00,0.35771182148522485
2018-01-06 01:03:00,0.42661961342417953
2018-01-06 01:06:00,0.4172974048895526
2018-01-06 01:09:00,0.4008476942609036
2018-01-06 01:12:00,0.45736721984053474
2018-01-06 01:15:00,0.37953187014420564
2018-01-06 01:18:00,0.43887935180538307
2018-01-06 01:21:00,0.4973576974914522
2018-01-06 01:24:00,0.5037808140662605
2018-01-06 01:27:00,0.4442002366320139
2018-01-06 01:30:00,0.4711254617565146
2018-01-06 01:33:00,0.49352811341867664
2018-01-06 01:36:00,0.6436966577741714
2018-01-06 01:39:00,0.5132883590628694
2018-01-06 01:42:00,0.401479549390956
2018-01-06 01:45:00,0.4288886193073722
2018-01-06 01:48:00,0.5204412356213197
2018-01-06 01:51:00,0.5064195038833077
2018-01-06 01:54:00,0.5456944951750984
2018-01-06 01:57:00,0.5376510242311383
2018-01-06 02:00:00,0.49873950950984636
2018-01-06 02:03:00,0.4192457385627222
2018-01-06 02:06:00,0.440083751306247
2018-01-06 02:09:00,0.5539993063120505
2018-01-06 02:12:00,0.6546153606511211
2018-01-06 02:15:00,0.5444823290591785
2018-01-06 02:18:00,0.5099210386536015
2018-01-06 02:21:00,0.6026434217625933
2018-01-06 02:24:00,0.5968131900067988
2018-01-06 02:27:00,0.6251886401623779
2018-01-06 02:30:00,0.6161690110310474
2018-01-06 02:33:00,0.6382794609424423
2018-01-06 02:36:00,0.5322416225873781
2018-01-06 02:39:00,0.5906115403624881
2018-01-06 02:42:00,0.6084761984333227
2018-01-06 02:45:00,0.5745900249795568
2018-01-06 02:48:00,0.544612289157385
2018-01-06 02:51:00,0.5928788694833997
2018-01-06 02:54:00,0.5218182398247677
2018-01-06 02:57:00,0.5687116878634129
2018-01-06 03:00:00,0.4436651180294007
2018-01-06 03:03:00,0.5320355727506012
2018-01-06 03:06:00,0.5493461652069982
2018-01-06 03:09:00,0.5051365433949968
2018-01-06 03:12:00,0.5216177715848289
2018-01-06 03:15:00,0.4544497970177872
2018-01-06 03:18:00,0.4711806330118975
2018-01-06 03:21:00,0.48596583841680285
2018-01-06 03:24:00,0.41416593347895514
2018-01-06 03:27:00,0.5712672957911877
2018-01-06 03:30:00,0.5363794093298111
2018-01-06 03:33:00,0.43522308293552214
2018-01-06 03:36:00,0.5455106229068747
2018-01-06 03:39:00,0.6176965241273251
2018-01-06 03:42:00,0.5925170605821108
2018-01-06 03:45:00,0.6417879438934619
2018-01-06 03:48:00,0.5897692260602412
2018-01-06 03:51:00,0.6502933617467193
2018-01-06 03:54:00,0.5505867713467865
2018-01-06 03:57:00,0.5114908537694305
2018-01-06 04:00:00,0.5173611364118642
2018-01-06 04:03:00,0.5438633961699111
2018-01-06 04:06:00,0.4353905353922869
2018-01-06 04:09:00,0.45416819680445997
2018-01-06 04:12:00,0.5339732457202331
2018-01-06 04:15:00,0.6057459178181261
2018-01-06 04:18:00,0.48360719728265167
2018-01-06 04:21:00,0.4910264438273657
2018-01-06 04:24:00,0.5373900964627865
2018-01-06 04:27:00,0.553890615439002
2018-01-06 04:30:00,0.59659744573122
2018-01-06 04:33:00,0.5942271941624426
2018-01-06 04:36:00,0.5252356271642498
2018-01-06 04:39:00,0.6356995963672034
2018-01-06 04:42:00,0.7527961490655457
2018-01-06 04:45:00,0.6163028196705795
2018-01-06 04:48:00,0.6859225477920177
2018-01-06 04:51:00,0.6117746451565722
2018-01-06 04:54:00,0.5603168807851375
2018-01-06 04:57:00,0.6761322183562584
2018-01-06 05:00:00,0.5105396723694753
2018-01-06 05:03:00,0.5639948859710557
2018-01-06 05:06:00,0.4996313373603698
2018-01-06 05:09:00,0.5512657282992564
2018-01-06 05:12:00,0.500231729108009
2018-01-06 05:15:00,0.528338608925651
2018-01-06 05:18:00,0.5043021485947179
2018-01-06 05:21:00,0.5263657311053862
2018-01-06 05:24:00,0.5432755751855893
2018-01-06 05:27:00,0.5764046365129616
2018-01-06 05:30:00,0.48978433263243915
2018-01-06 05:33:00,0.578649124141009
2018-01-06 05:36:00,0.6242818444647469
2018-01-06 05:39:00,0.5804267201356765
2018-01-06 05:42:00,0.4995688522179762
2018-01-06 05:45:00,0.46419982928694026
2018-01-06 05:48:00,0.5372939052172683
2018-01-06 05:51:00,0.5336535776958726
2018-01-06 05:54:00,0.6093088528234034
2018-01-06 05:57:00,0.536475527129312
2018-01-06 06:00:00,0.4872576005080873
2018-01-06 06:03:00,0.5646521933685449
2018-01-06 06:06:00,0.569298039695127
2018-01-06 06:09:00,0.555803258953631
2018-01-06 06:12:00,0.4592153989917733
2018-01-06 06:15:00,0.46572616299437186
2018-01-06 06:18:00,0.38113494832117567
2018-01-06 06:21:00,0.5331934662408457
2018-01-06 06:24:00,0.5173721630154091
2018-01-06 06:27:00,0.5208921972956659
2018-01-06 06:30:00,0.47065566539077963
2018-01-06 06:33:00,0.5557007948189607
2018-01-06 06:36:00,0.4870149343801131
2018-01-06 06:39:00,0.4408624468667881
2018-01-06 06:42:00,0.4556158822658176
2018-01-06 06:45:00,0.5471432607220663
2018-01-06 06:48:00,0.48894327573805185
2018-01-06 06:51:00,0.5453637827408215
2018-01-06 06:54:00,0.5180420559199774
2018-01-06 06:57:00,0.3650310142404578
2018-01-06 07:00:00,0.5164309941947067
2018-01-06 07:03:00,0.4626791419906908
2018-01-06 07:06:00,0.5277892499524341
2018-01-06 07:09:00,0.3878992655192519
2018-01-06 07:12:00,0.45128492923419117
2018-01-06 07:15:00,0.5899950382882366
2018-01-06 07:18:00,0.5766754154189471
2018-01-06 07:21:00,0.45384025111502524
2018-01-06 07:24:00,0.724941596247902
2018-01-06 07:27:00,0.5181097799394365
2018-01-06 07:30:00,0.532619064501489
2018-01-06 07:33:00,0.5029502992310881
2018-01-06 07:36:00,0.5408503624635728
2018-01-06 07:39:00,0.5259723496134825
2018-01-06 07:42:00,0.5675447154335984
2018-01-06 07:45:00,0.4915806105581737
2018-01-06 07:48:00,0.5703620958183251
2018-01-06 07:51:00,0.4364994788408012
2018-01-06 07:54:00,0.5844753652226018
2018-01-06 07:57:00,0.5424194987371038
2018-01-06 08:00:00,0.5542113775616144
2018-01-06 08:03:00,0.6156724422834827
2018-01-06 08:06:00,0.47281434453987004
2018-01-06 08:09:00,0.5470029333905586
2018-01-06 08:12:00,0.548322214573659
2018-01-06 08:15:00,0.5409109769955762
2018-01-06 08:18:00,0.5173750003336295
2018-01-06 08:21:00,0.5245584749700924
2018-01-06 08:24:00,0.54113969992693
2018-01-06 08:27:00,0.5164261418390197
2018-01-06 08:30:00,0.562031466050712
2018-01-06 08:33:00,0.5157738068199365
2018-01-06 08:36:00,0.4828826119867813
2018-01-06 08:39:00,0.4360572083764396
2018-01-06 08:42:00,0.4139165857906164
2018-01-06 08:45:00,0.355292952528373
2018-01-06 08:48:00,0.4009960791507865
2018-01-06 08:51:00,0.3653197870563645
2018-01-06 08:54:00,0.3676450181533255
2018-01-06 08:57:00,0.39326608886182157
2018-01-06 09:00:00,0.37731125911278696
2018-01-06 09:03:00,0.34208640627934983
2018-01-06 09:06:00,0.3144651848577382
2018-01-06 09:09:00,0.3023026399892501
2018-01-06 09:12:00,0.34933500413410457
2018-01-06 09:15:00,0.319076607116358
2018-01-06 09:18:00,0.29677714111039677
2018-01-06 09:21:00,0.2558229888896335
2018-01-06 09:24:00,0.30937588384347237
2018-01-06 09:27:00,0.36488559960611155
2018-01-06 09:30:00,0.18270205729999134
2018-01-06 09:33:00,0.16111579287326094
2018-01-06 09:36:00,0.25451909299852105
2018-01-06 09:39:00,0.26472044637984027
2018-01-06 09:42:00,0.1762889823472733
2018-01-06 09:45:00,0.2438050455970142
2018-01-06 09:48:00,0.32489101587299274
2018-01-06 09:51:00,0.2620969063466987
2018-01-06 09:54:00,0.31418355577494594
2018-01-06 09:57:00,0.20115651273533786
2018-01-06 10:00:00,0.18625038578420572
2018-01-06 10:03:00,0.21141002735674874
2018-01-06 10:06:00,0.2298892981489189
2018-01-06 10:09:00,0.28102213955043
2018-01-06 10:12:00,0.19121142346142506
2018-01-06 10:15:00,0.13996531957519665
2018-01-06 10:18:00,0.05022398878702461
2018-01-06 10:21:00,0.17429793637768398
2018-01-06 10:24:00,0.19623325700041505
2018-01-06 10:27:00,0.25518748433074734
2018-01-06 10:30:00,0.10426546661091152
2018-01-06 10:33:00,0.09550306579109247
2018-01-06 10:36:00,0.1993550044002177
2018-01-06 10:39:00,0.1365139278008769
2018-01-06 10:42:00,0.027829761027931
2018-01-06 10:45:00,0.1468186233346387
2018-01-06 10:48:00,0.04108664007384277
2018-01-06 10:51:00,0.03564349671449918
2018-01-06 10:54:00,0.02811750374235089
2018-01-06 10:57:00,0.10288053519229834
2018-01-06 11:00:00,0.11777072030355384
2018-01-06 11:03:00,0.0005859103866328041
2018-01-06 11:06:00,0.05745560127996896
2018-01-06 11:09:00,0.008316221835059423
2018-01-06 11:12:00,0.010880663891555287
2018-01-06 11:15:00,-0.13331797533982126
2018-01-06 11:18:00,-0.003718981066924698
2018-01-06 11:21:00,-0.023007558366259673
2018-01-06 11:24:00,-0.014076858823443672
2018-01-06 11:27:00,-0.010342228331580827
2018-01-06 11:30:00,-0.00035344559682926047
2018-01-06 11:33:00,0.07361104956612508
2018-01-06 11:36:00,0.16417047784204897
2018-01-06 11:39:00,-0.016638927303347373
2018-01-06 11:42:00,0.05093647530918588
2018-01-06 11:45:00,-0.11596256769149704
2018-01-06 11:48:00,-0.08899789376528133
2018-01-06 11:51:00,0.0014875565981355976
2018-01-06 11:54:00,-0.050783709580116465
2018-01-06 11:57:00,-0.0025663989109716567
2018-01-06 12:00:00,-0.06701200319105283
2018-01-06 12:03:00,-0.06641627541631578
2018-01-06 12:06:00,-0.1560336892301848
2018-01-06 12:09:00,-0.05821131866230189
2018-01-06 12:12:00,0.03317066021975279
2018-01-06 12:15:00,-0.059441010400462346
2018-01-06 12:18:00,-0.10220183042537201
2018-01-06 12:21:00,0.021446194013094555
2018-01-06 12:24:00,-0.012884542896131279
2018-01-06 12:27:00,-0.17035686933917304
2018-01-06 12:30:00,-0.036352411453549394
2018-01-06 12:33:00,0.020565460336115393
2018-01-06 12:36:00,-0.02618443241777868
2018-01-06 12:39:00,-0.008585962353095056
2018-01-06 12:42:00,-0.06543232305398305
2018-01-06 12:45:00,-0.03007104427933882
2018-01-06 12:48:00,-0.06573332169080004
2018-01-06 12:51:00,-0.05088608328725286
2018-01-06 12:54:00,-0.007548723470051755
2018-01-06 12:57:00,-0.17438758038957758
2018-01-06 13:00:00,-0.048953771335675356
2018-01-06 13:03:00,-0.09626530946525236
2018-01-06 13:06:00,-0.05078202165498169
2018-01-06 13:09:00,0.1654792599675261
2018-01-06 13:12:00,-0.015033138426588266
2018-01-06 13:15:00,-0.06665945836726905
2018-01-06 13:18:00,-0.008641623322318992
2018-01-06 13:21:00,-0.04157841441292476
2018-01-06 13:24:00,-0.12112148594206928
2018-01-06 13:27:00,-0.06485585309195585
2018-01-06 13:30:00,-0.03702503404286972
2018-01-06 13:33:00,-0.11144256359210658
2018-01-06 13:36:00,-0.14225457134000408
2018-01-06 13:39:00,-0.0032366006404913605
2018-01-06 13:42:00,-0.22611085130040465
2018-01-06 13:45:00,-0.14042262608830924
2018-01-06 13:48:00,-0.17320684268116793
2018-01-06 13:51:00,-0.06743920919581115
2018-01-06 13:54:00,-0.01661962661933103
2018-01-06 13:57:00,-0.17675134738431098
2018-01-06 14:00:00,-0.11196082736478274
2018-01-06 14:03:00,-0.08553785405968028
2018-01-06 14:06:00,-0.1093658312464072
2018-01-06 14:09:00,-0.13252625075710966
2018-01-06 14:12:00,-0.11067326001580113
2018-01-06 14:15:00,-0.13741198526139442
2018-01-06 14:18:00,-0.14551377725535986
2018-01-06 14:21:00,-0.1457495020503643
2018-01-06 14:24:00,-0.18914595965929948
2018-01-06 14:27:00,-0.08297517344539074
2018-01-06 14:30:00,0.05286281938919046
2018-01-06 14:33:00,-0.029510726652802077
2018-01-06 14:36:00,-0.03210900650105941
2018-01-06 14:39:00,-0.03613015632072347
2018-01-06 14:42:00,-0.026802273706607593
2018-01-06 14:45:00,-0.12677462582536236
2018-01-06 14:48:00,-0.0838794318606233
2018-01-06 14:51:00,-0.13228918069330575
2018-01-06 14:54:00,-0.10001527555084522
2018-01-06 14:57:00,-0.06302989568808925
2018-01-06 15:00:00,-0.1632136074993582
2018-01-06 15:03:00,-0.19328478121849457
2018-01-06 15:06:00,-0.1622634998350918
2018-01-06 15:09:00,-0.21529624332413277
2018-01-06 15:12:00,-0.1918218625562531
2018-01-06 15:15:00,-0.23697228342263088
2018-01-06 15:18:00,-0.25280297878896363
2018-01-06 15:21:00,-0.18688435156167316
2018-01-06 15:24:00,-0.20777865611199786
2018-01-06 15:27:00,-0.22138174903653862
2018-01-06 15:30:00,-0.1280122473793881
2018-01-06 15:33:00,-0.17341644521263788
2018-01-06 15:36:00,-0.12896026087986456
2018-01-06 15:39:00,-0.1671200394746961
2018-01-06 15:42:00,-0.255464719357235
2018-01-06 15:45:00,-0.21608398046635102
2018-01-06 15:48:00,-0.21784819714957848
2018-01-06 15:51:00,-0.1689884988205108
2018-01-06 15:54:00,-0.0510929804912621
2018-01-06 15:57:00,-0.17968555579693657
2018-01-06 16:00:00,-0.22764627238393587
2018-01-06 16:03:00,-0.1899702972544901
2018-01-06 16:06:00,-0.203091547407098
2018-01-06 16:09:00,-0.1695209517582157
2018-01-06 16:12:00,-0.2033007902936106
2018-01-06 16:15:00,-0.22472961634332478
2018-01-06 16:18:00,-0.17345311224653415
2018-01-06 16:21:00,-0.1976811863111152
2018-01-06 16:24:00,-0.1625600051515903
2018-01-06 16:27:00,-0.14235123707305775
2018-01-06 16:30:00,-0.19350153242231727
2018-01-06 16:33:00,-0.2230150342752495
2018-01-06 16:36:00,-0.18224795896009027
2018-01-06 16:39:00,-0.18564117681626158
2018-01-06 16:42:00,-0.1602861433419207
2018-01-06 16:45:00,-0.1984408352870446
2018-01-06 16:48:00,-0.23931603798308743
2018-01-06 16:51:00,-0.1737796666802751
2018-01-06 16:54:00,-0.1509286781460446
2018-01-06 16:57:00,-0.18041741276903167
2018-01-06 17:00:00,-0.06730722227200658
2018-01-06 17:03:00,-0.21409070701383826
2018-01-06 17:06:00,-0.06539410366184484
2018-01-06 17:09:00,-0.08103231490343887
2018-01-06 17:12:00,-0.053682856061072926
2018-01-06 17:15:00,-0.13901679878409823
2018-01-06 17:18:00,-0.05875444429813115
2018-01-06 17:21:00,-0.03894728732484509
2018-01-06 17:24:00,-0.2708962186797521
2018-01-06 17:27:00,-0.09604448236115104
2018-01-06 17:30:00,-0.18061801860375226
2018-01-06 17:33:00,-0.10602486610616779
2018-01-06 17:36:00,-0.08767273902793704
2018-01-06 17:39:00,-0.018575152497078307
2018-01-06 17:42:00,0.0013271212308154645
2018-01-06 17:45:00,-0.033987977253786994
2018-01-06 17:48:00,0.0014153693313687654
2018-01-06 17:51:00,0.036540796883514304
2018-01-06 17:54:00,-0.005639265248191805
2018-01-06 17:57:00,0.005574377058962909
2018-01-06 18:00:00,0.05281154627022033
2018-01-06 18:03:00,-0.03956402519213498
2018-01-06 18:06:00,-0.014838308995251737
2018-01-06 18:09:00,-0.029255707420759336
2018-01-06 18:12:00,0.014029744233255315
2018-01-06 18:15:00,-0.02249453363452858
2018-01-06 18:18:00,0.15345975370019005
2018-01-06 18:21:00,-0.012263812830610732
2018-01-06 18:24:00,-0.006887236001944075
2018-01-06 18:27:00,0.010145423002995813
2018-01-06 18:30:00,0.046994790223266136
2018-01-06 18:33:00,0.0105910333551833
2018-01-06 18:36:00,0.08219838018732162
2018-01-06 18:39:00,0.05540339120949511
2018-01-06 18:42:00,0.13096477179243493
2018-01-06 18:45:00,0.06412852865281593
2018-01-06 18:48:00,0.10886778652036355
2018-01-06 18:51:00,0.056935343317547904
2018-01-06 18:54:00,
2018-01-06 18:57:00,
2018-01-06 19:00:00,
2018-01-06 19:03:00,0.130011364924826
2018-01-06 19:06:00,0.10223900974438038
2018-01-06 19:09:00,0.1552813644174762
2018-01-06 19:12:00,0.13215959764147556
2018-01-06 19:15:00,0.14700635652224037
2018-01-06 19:18:00,0.12854269558766873
2018-01-06 19:21:00,0.09787408462284475
2018-01-06 19:24:00,0.1260308145560316
2018-01-06 19:27:00,0.12972533646365036
2018-01-06 19:30:00,0.12522789775277943
2018-01-06 19:33:00,0.05541328184199301
2018-01-06 19:36:00,0.13013064802083818
2018-01-06 19:39:00,0.03621845131283408
2018-01-06 19:42:00,0.047836279372120316
2018-01-06 19:45:00,0.12662083089350062
2018-01-06 19:48:00,0.09884867036282685
2018-01-06 19:51:00,0.04970938154150417
2018-01-06 19:54:00,0.18103129695765574
2018-01-06 19:57:00,0.07382959424069213
2018-01-06 20:00:00,0.14428605528530625
2018-01-06 20:03:00,0.1805795162879349
2018-01-06 20:06:00,0.19723726759241345
2018-01-06 20:09:00,0.14455281538863574
2018-01-06 20:12:00,0.1938167570901328
2018-01-06 20:15:00,0.042698552855085836
2018-01-06 20:18:00,0.17753389625153204
2018-01-06 20:21:00,0.21973199798787846
2018-01-06 20:24:00,0.15260724427531613
2018-01-06 20:27:00,0.16052926199643025
2018-01-06 20:30:00,0.09178562642318866
2018-01-06 20:33:00,0.18658079325206245
2018-01-06 20:36:00,0.2308707101295795
2018-01-06 20:39:00,0.14040525525905423
2018-01-06 20:42:00,0.22605074172196282
2018-01-06 20:45:00,0.1844447680402368
2018-01-06 20:48:00,0.21423116160104883
2018-01-06 20:51:00,0.26573495075081155
2018-01-06 20:54:00,0.15681712461855568
2018-01-06 20:57:00,0.178916772657999
2018-01-06 21:00:00,0.24830161178238086
2018-01-06 21:03:00,0.24456124149605785
2018-01-06 21:06:00,0.26640747503796547
2018-01-06 21:09:00,0.1745732248895706
2018-01-06 21:12:00,0.21187462651272426
2018-01-06 21:15:00,0.15968566580301058
2018-01-06 21:18:00,0.2709100373290312
2018-01-06 21:21:00,0.2618679014591976
2018-01-06 21:24:00,0.25744092669106067
2018-01-06 21:27:00,0.21987058463145104
2018-01-06 21:30:00,0.1816124165875408
2018-01-06 21:33:00,0.1954567106427021
2018-01-06 21:36:00,0.1698326740270204
2018-01-06 21:39:00,0.30674148268633417
2018-01-06 21:42:00,0.2546065160364037
2018-01-06 21:45:00,0.19703116638544316
2018-01-06 21:48:00,0.1924573910757772
2018-01-06 21:51:00,0.24974162699663793
2018-01-06 21:54:00,0.3047045813091813
2018-01-06 21:57:00,0.1902405044608031
2018-01-06 22:00:00,0.35369891788474206
2018-01-06 22:03:00,0.2532718907596063
2018-01-06 22:06:00,0.3081838943658113
2018-01-06 22:09:00,0.28906831333307537
2018-01-06 22:12:00,0.219364298527978
2018-01-06 22:15:00,0.17941612417297392
2018-01-06 22:18:00,0.26020989213009216
2018-01-06 22:21:00,0.20892701783884604
2018-01-06 22:24:00,0.22984502405495277
2018-01-06 22:27:00,0.2042452487410742
2018-01-06 22:30:00,0.25595560360852687
2018-01-06 22:33:00,0.2568922600818837
2018-01-06 22:36:00,0.2685637254164135
2018-01-06 22:39:00,0.19042107932727959
2018-01-06 22:42:00,0.26440609732708253
2018-01-06 22:45:00,0.24971466039374945
2018-01-06 22:48:00,0.27904031668975904
2018-01-06 22:51:00,0.22312805124749957
2018-01-06 22:54:00,0.1533965951991263
2018-01-06 22:57:00,0.1978926651169104
2018-01-06 23:00:00,0.24975965107660159
2018-01-06 23:03:00,0.2818918689587804
2018-01-06 23:06:00,0.23527694785070707
2018-01-06 23:09:00,0.23852575942595422
2018-01-06 23:12:00,0.35229081939388607
2018-01-06 23:15:00,0.247705588592396
2018-01-06 23:18:00,0.26562367346946303
2018-01-06 23:21:00,0.3238509079646974
2018-01-06 23:24:00,0.31232533383706595
2018-01-06 23:27:00,0.37105121150483455
2018-01-06 23:30:00,0.4111631881877429
2018-01-06 23:33:00,0.3967636830474248
2018-01-06 23:36:00,0.3590808323232295
2018-01-06 23:39:00,0.33712021808804593
2018-01-06 23:42:00,0.3979309124505903
2018-01-06 23:45:00,0.4573909585271281
2018-01-06 23:48:00,0.26582874109288923
2018-01-06 23:51:00,0.34584076540369324
2018-01-06 23:54:00,0.32413490312535487
2018-01-06 23:57:00,0.3277505258811857
2018-01-07 00:00:00,0.3889604312346364
2018-01-07 00:03:00,0.30619343487239803
2018-01-07 00:06:00,0.32023327110346145
2018-01-07 00:09:00,0.4303855346230989
2018-01-07 00:12:00,0.35839264957536443
2018-01-07 00:15:00,0.31746333954953343
2018-01-07 00:18:00,0.23319019158759602
2018-01-07 00:21:00,0.2536212589163256
2018-01-07 00:24:00,0.3333798086987372
2018-01-07 00:27:00,0.2715389428256003
2018-01-07 00:30:00,0.31829476123635914
2018-01-07 00:33:00,0.43193057169611393
2018-01-07 00:36:00,0.37354707547632415
2018-01-07 00:39:00,0.36499909289659627
2018-01-07 00:42:00,0.4647817289588829
2018-01-07 00:45:00,0.3638273549132691
2018-01-07 00:48:00,0.3597953172464372
2018-01-07 00:51:00,0.2885625152830471
2018-01-07 00:54:00,0.48415904546533284
2018-01-07 00:57:00,0.2719439981374876
2018-01-07 01:00:00,0.38649236699893663
2018-01-07 01:03:00,0.40256960235853967
2018-01-07 01:06:00,0.40541800370323244
2018-01-07 01:09:00,0.4243510010494447
2018-01-07 01:12:00,0.33263006746477686
2018-01-07 01:15:00,0.3450863902320407
2018-01-07 01:18:00,0.3845000712597084
2018-01-07 01:21:00,0.3155146778972835
2018-01-07 01:24:00,0.3517002299892624
2018-01-07 01:27:00,0.44045720310685965
2018-01-07 01:30:00,0.4229138399763883
2018-01-07 01:33:00,0.4029505554295838
2018-01-07 01:36:00,0.3387182955785306
2018-01-07 01:39:00,0.40088687821980784
2018-01-07 01:42:00,0.36578645954762123
2018-01-07 01:45:00,0.3943719823151923
2018-01-07 01:48:00,0.46595442788208175
2018-01-07 01:51:00,0.39225748433290164
2018-01-07 01:54:00,0.34795632828928547
2018-01-07 01:57:00,0.3687924906410558
2018-01-07 02:00:00,0.3676037192381614
2018-01-07 02:03:00,0.23834280520463835
2018-01-07 02:06:00,0.3750492715710152
2018-01-07 02:09:00,0.31023374600158604
2018-01-07 02:12:00,0.43561527586501825
2018-01-07 02:15:00,0.4476209979688974
2018-01-07 02:18:00,0.34897786147308807
2018-01-07 02:21:00,0.389767573987001
2018-01-07 02:24:00,0.3614306905707281
2018-01-07 02:27:00,0.3426684555828956
2018-01-07 02:30:00,0.42974603464404026
2018-01-07 02:33:00,0.44504631279431806
2018-01-07 02:36:00,0.5251715520791436
2018-01-07 02:39:00,0.6023871411869095
2018-01-07 02:42:00,0.4631447256687693
2018-01-07 02:45:00,0.3433116473476616
2018-01-07 02:48:00,0.4546590381220881
2018-01-07 02:51:00,0.4190512215358808
2018-01-07 02:54:00,0.2641401893376383
2018-01-07 02:57:00,0.3985056254550159
2018-01-07 03:00:00,0.5070842167291403
2018-01-07 03:03:00,0.4370878989940934
2018-01-07 03:06:00,0.2702912813733178
2018-01-07 03:09:00,0.3946631968060501
2018-01-07 03:12:00,0.4259668652270534
2018-01-07 03:15:00,0.4360623507383252
2018-01-07 03:18:00,0.4505988592761696
2018-01-07 03:21:00,0.4753464305428565
2018-01-07 03:24:00,0.48648480949680106
2018-01-07 03:27:00,0.4033589467513252
2018-01-07 03:30:00,0.3999785558599456
2018-01-07 03:33:00,0.5887912242284301
2018-01-07 03:36:00,0.49803158670806624
2018-01-07 03:39:00,0.542966545331808
2018-01-07 03:42:00,0.508684879107193
2018-01-07 03:45:00,0.4718662650113288
2018-01-07 03:48:00,0.4593081300816948
2018-01-07 03:51:00,0.4401545822349249
2018-01-07 03:54:00,0.42700219665613304
2018-01-07 03:57:00,0.5320696717083138
2018-01-07 04:00:00,0.4919249642495629
2018-01-07 04:03:00,0.4971405230569417
2018-01-07 04:06:00,0.46385828185606215
2018-01-07 04:09:00,0.5410068868170015
2018-01-07 04:12:00,0.48003260873696263
2018-01-07 04:15:00,0.5546634174388032
2018-01-07 04:18:00,0.45960728744097423
2018-01-07 04:21:00,0.52713745951894
2018-01-07 04:24:00,0.48189491516080807
2018-01-07 04:27:00,0.47475968047564265
2018-01-07 04:30:00,0.5485950632566983
2018-01-07 04:33:00,0.5458068213222305
2018-01-07 04:36:00,0.5386368665784858
2018-01-07 04:39:00,0.5584559386857109
2018-01-07 04:42:00,0.5204883221836099
2018-01-07 04:45:00,0.5732583746036539
2018-01-07 04:48:00,0.5212847817738293
2018-01-07 04:51:00,0.5462062782193016
2018-01-07 04:54:00,0.35169173369712325
2018-01-07 04:57:00,0.5073693234359098
2018-01-07 05:00:00,0.5555456670520584
2018-01-07 05:03:00,0.5292843485618164
2018-01-07 05:06:00,0.42248126357810634
2018-01-07 05:09:00,0.5298777767370098
2018-01-07 05:12:00,0.5331761592802877
2018-01-07 05:15:00,0.5974686966814602
2018-01-07 05:18:00,0.5831357192245719
2018-01-07 05:21:00,0.500414756282737
2018-01-07 05:24:00,0.6451559223642107
2018-01-07 05:27:00,0.5698298094121128
2018-01-07 05:30:00,0.6989791639265945
2018-01-07 05:33:00,0.6479039295068674
2018-01-07 05:36:00,0.6851376483565446
2018-01-07 05:39:00,0.6854203649508008
2018-01-07 05:42:00,0.5921952844320231
2018-01-07 05:45:00,0.6246353068383996
2018-01-07 05:48:00,0.6978129113063574
2018-01-07 05:51:00,0.5773329263749929
2018-01-07 05:54:00,0.7007411477287064
2018-01-07 05:57:00,0.7484060281039433
2018-01-07 06:00:00,0.6542469275757412
2018-01-07 06:03:00,0.6166108143645488
2018-01-07 06:06:00,0.6970827108830804
2018-01-07 06:09:00,0.736624395691706
2018-01-07 06:12:00,0.6536946957182863
2018-01-07 06:15:00,0.691268557777903
2018-01-07 06:18:00,0.7266709242299498
2018-01-07 06:21:00,0.6506446119273619
2018-01-07 06:24:00,0.6415829202244367
2018-01-07 06:27:00,0.5947792726415742
2018-01-07 06:30:00,0.4697277896144101
2018-01-07 06:33:00,0.54377998636852
2018-01-07 06:36:00,0.601216203316369
2018-01-07 06:39:00,0.6182716903873029
2018-01-07 06:42:00,0.636121314216382
2018-01-07 06:45:00,0.5588064683993821
2018-01-07 06:48:00,0.5839809294283782
2018-01-07 06:51:00,0.5259797084686397
2018-01-07 06:54:00,0.500800569613034
2018-01-07 06:57:00,0.5698431607254975
2018-01-07 07:00:00,0.5914673264468888
2018-01-07 07:03:00,0.5306632144424839
2018-01-07 07:06:00,0.48092829704523865
2018-01-07 07:09:00,0.5795141635785512
2018-01-07 07:12:00,0.4662746764952317
2018-01-07 07:15:00,0.46272242292161536
2018-01-07 07:18:00,0.5738769909378334
2018-01-07 07:21:00,0.5875877541175214
2018-01-07 07:24:00,0.574728237593888
2018-01-07 07:27:00,0.5230686059949221
2018-01-07 07:30:00,0.5012024856756625
2018-01-07 07:33:00,0.5222297532372409
2018-01-07 07:36:00,0.47285179333101723
2018-01-07 07:39:00,0.5418059544967946
2018-01-07 07:42:00,0.5440213928709454
2018-01-07 07:45:00,0.5424043622456338
2018-01-07 07:48:00,0.48106505066647287
2018-01-07 07:51:00,0.39415471183247064
2018-01-07 07:54:00,0.4644183884090012
2018-01-07 07:57:00,0.49401972945412354
2018-01-07 08:00:00,0.5059819048792633
2018-01-07 08:03:00,0.4457482401948596
2018-01-07 08:06:00,0.484470602009651
2018-01-07 08:09:00,0.5498807747621299
2018-01-07 08:12:00,0.5538317567551871
2018-01-07 08:15:00,0.48120381105047727
2018-01-07 08:18:00,0.4871802198382511
2018-01-07 08:21:00,0.5211916724560979
2018-01-07 08:24:00,0.4907238298671359
2018-01-07 08:27:00,0.523044498025115
2018-01-07 08:30:00,0.4550654639436402
2018-01-07 08:33:00,0.47746992587030945
2018-01-07 08:36:00,0.4944163715998684
2018-01-07 08:39:00,0.4855384640947591
2018-01-07 08:42:00,0.4496856695834026
2018-01-07 08:45:00,0.41780488605508026
2018-01-07 08:48:00,0.4193395472556176
2018-01-07 08:51:00,0.4295411893651817
2018-01-07 08:54:00,0.4497993841985135
2018-01-07 08:57:00,0.36448608951883443
2018-01-07 09:00:00,0.4826095229328189
2018-01-07 09:03:00,0.4784713686198643
2018-01-07 09:06:00,0.39458766941089607
2018-01-07 09:09:00,0.4901435906641609
2018-01-07 09:12:00,0.4742892158240579
2018-01-07 09:15:00,0.4133827534740817
2018-01-07 09:18:00,0.37094898144943045
2018-01-07 09:21:00,0.4142516202865636
2018-01-07 09:24:00,0.41889395910766325
2018-01-07 09:27:00,0.4627004139069868
2018-01-07 09:30:00,0.20805916684736303
2018-01-07 09:33:00,0.4497308296224105
2018-01-07 09:36:00,0.36065687257445234
2018-01-07 09:39:00,0.32290702738549726
2018-01-07 09:42:00,0.23665886524679536
2018-01-07 09:45:00,0.27140873395575227
2018-01-07 09:48:00,0.2592926463862568
2018-01-07 09:51:00,0.3036710835107783
2018-01-07 09:54:00,0.271118963029096
2018-01-07 09:57:00,0.2722108298400485
2018-01-07 10:00:00,0.21762905763154095
2018-01-07 10:03:00,0.24282046633840082
2018-01-07 10:06:00,0.2712417102667928
2018-01-07 10:09:00,0.2148315992714629
2018-01-07 10:12:00,0.2196727057594785
2018-01-07 10:15:00,0.18639135900679094
2018-01-07 10:18:00,0.17372409186828008
2018-01-07 10:21:00,0.1865468536190633
2018-01-07 10:24:00,0.15982689294435204
2018-01-07 10:27:00,0.09482514134919029
2018-01-07 10:30:00,0.1092908039799454
2018-01-07 10:33:00,0.06963978715737085
2018-01-07 10:36:00,0.09301182023682486
2018-01-07 10:39:00,0.0726416923238844
2018-01-07 10:42:00,0.1309609987400222
2018-01-07 10:45:00,-0.05011600686833617
2018-01-07 10:48:00,-0.08289931112187787
2018-01-07 10:51:00,0.040640356282438006
2018-01-07 10:54:00,-0.04448359070283914
2018-01-07 10:57:00,-0.046932316962568166
2018-01-07 11:00:00,-0.07706255791794092
2018-01-07 11:03:00,-0.05046755858904817
2018-01-07 11:06:00,0.012763687155540993
2018-01-07 11:09:00,-0.07564030755821705
2018-01-07 11:12:00,-0.07418697779183958
2018-01-07 11:15:00,-0.20842230051988508
2018-01-07 11:18:00,-0.10254513706399848
2018-01-07 11:21:00,-0.2625435791190398
2018-01-07 11:24:00,-0.15990384087297116
2018-01-07 11:27:00,-0.15968934456088846
2018-01-07 11:30:00,-0.15286131553307314
2018-01-07 11:33:00,-0.17819821928077317
2018-01-07 11:36:00,-0.2101645944682673
2018-01-07 11:39:00,-0.20554326282410784
2018-01-07 11:42:00,-0.17105880360418269
2018-01-07 11:45:00,-0.176662900695419
2018-01-07 11:48:00,-0.21129047629966635
2018-01-07 11:51:00,-0.2422347362689834
2018-01-07 11:54:00,-0.16320355562913846
2018-01-07 11:57:00,-0.3093467664274385
2018-01-07 12:00:00,-0.21565895823727033
2018-01-07 12:03:00,-0.14557413165556454
2018-01-07 12:06:00,-0.4179020918971901
2018-01-07 12:09:00,-0.1681319891688986
2018-01-07 12:12:00,-0.1505772361841764
2018-01-07 12:15:00,-0.2565381824278461
2018-01-07 12:18:00,-0.13014889276684016
2018-01-07 12:21:00,-0.2542824537645174
2018-01-07 12:24:00,-0.04262932524943608
2018-01-07 12:27:00,-0.28902284457615224
2018-01-07 12:30:00,-0.2884641537785342
2018-01-07 12:33:00,-0.3017717504323514
2018-01-07 12:36:00,-0.3716456121455849
2018-01-07 12:39:00,-0.2115925704130177
2018-01-07 12:42:00,-0.2037442103774083
2018-01-07 12:45:00,-0.33095692891089357
2018-01-07 12:48:00,-0.26873901821124946
2018-01-07 12:51:00,-0.15342781006461337
2018-01-07 12:54:00,-0.2808158830288221
2018-01-07 12:57:00,-0.17816722599241075
2018-01-07 13:00:00,-0.28742530662304944
2018-01-07 13:03:00,-0.273721642515909
2018-01-07 13:06:00,-0.29419834619591256
2018-01-07 13:09:00,-0.2957628843266207
2018-01-07 13:12:00,-0.303038331066773
2018-01-07 13:15:00,-0.268742350463242
2018-01-07 13:18:00,-0.25531724059891303
2018-01-07 13:21:00,-0.18689009506368848
2018-01-07 13:24:00,-0.21753587412155184
2018-01-07 13:27:00,-0.2649333339969644
2018-01-07 13:30:00,-0.23288884873704774
2018-01-07 13:33:00,-0.28175396584992995
2018-01-07 13:36:00,-0.3429436767981997
2018-01-07 13:39:00,-0.2788703671241137
2018-01-07 13:42:00,-0.2674830401902568
2018-01-07 13:45:00,-0.24951131290595185
2018-01-07 13:48:00,-0.286153983305951
2018-01-07 13:51:00,-0.3609100931048488
2018-01-07 13:54:00,-0.1771965387328578
2018-01-07 13:57:00,-0.22140519357759558
2018-01-07 14:00:00,-0.30601556366286786
2018-01-07 14:03:00,-0.36002430208498026
2018-01-07 14:06:00,-0.4206285445545177
2018-01-07 14:09:00,-0.17551596395878732
2018-01-07 14:12:00,-0.37305776345789354
2018-01-07 14:15:00,-0.24646268308543995
2018-01-07 14:18:00,-0.2563640224657888
2018-01-07 14:21:00,-0.31207198032666383
2018-01-07 14:24:00,-0.3174644925331904
2018-01-07 14:27:00,-0.3015944459172033
2018-01-07 14:30:00,-0.370030410438801
2018-01-07 14:33:00,-0.29998916855674906
2018-01-07 14:36:00,-0.16654970354744592
2018-01-07 14:39:00,-0.20087371994611658
2018-01-07 14:42:00,-0.2941999158460362
2018-01-07 14:45:00,-0.16761610515499115
2018-01-07 14:48:00,-0.16665452999666286
2018-01-07 14:51:00,-0.18675838549859236
2018-01-07 14:54:00,-0.31012460759774285
2018-01-07 14:57:00,-0.16690134216946717
2018-01-07 15:00:00,-0.1733683945702751
2018-01-07 15:03:00,-0.15608265069300842
2018-01-07 15:06:00,-0.2410871949128932
2018-01-07 15:09:00,-0.015087393200246879
2018-01-07 15:12:00,-0.06648012745773713
2018-01-07 15:15:00,-0.07375761714962437
2018-01-07 15:18:00,-0.10532036245422205
2018-01-07 15:21:00,-0.15044604047375287
2018-01-07 15:24:00,-0.08614722875250891
2018-01-07 15:27:00,-0.09770366368400119
2018-01-07 15:30:00,-0.13006532631197842
2018-01-07 15:33:00,-0.1900462720318501
2018-01-07 15:36:00,-0.21381372273935995
2018-01-07 15:39:00,-0.15437234483306383
2018-01-07 15:42:00,-0.15591419457553002
2018-01-07 15:45:00,-0.1030390779359891
2018-01-07 15:48:00,-0.15979601940296106
2018-01-07 15:51:00,-0.06612197681954513
2018-01-07 15:54:00,-0.07280376739106487
2018-01-07 15:57:00,-0.009701797217303465
2018-01-07 16:00:00,-0.03138157253988538
2018-01-07 16:03:00,-0.003231115808944196
2018-01-07 16:06:00,-0.047876499939093264
2018-01-07 16:09:00,-0.020420619434730725
2018-01-07 16:12:00,-0.08652011732817755
2018-01-07 16:15:00,0.08278079713312536
2018-01-07 16:18:00,-0.04478223598994191
2018-01-07 16:21:00,-0.059057170251207936
2018-01-07 16:24:00,0.033714448738010105
2018-01-07 16:27:00,-0.08250714132663006
2018-01-07 16:30:00,-0.03994475769547989
2018-01-07 16:33:00,0.05386870902918872
2018-01-07 16:36:00,-0.010734310564373573
2018-01-07 16:39:00,0.10353243811880475
2018-01-07 16:42:00,0.06376790256820186
2018-01-07 16:45:00,-0.05757030892914372
2018-01-07 16:48:00,-0.0822624842843993
2018-01-07 16:51:00,-0.14567745452376357
2018-01-07 16:54:00,-0.14007898752123538
2018-01-07 16:57:00,-0.028486383575739183
2018-01-07 17:00:00,-0.048309289773214914
2018-01-07 17:03:00,-0.003380104962332098
2018-01-07 17:06:00,-0.0018659560436731226
2018-01-07 17:09:00,-0.0602232999295893
2018-01-07 17:12:00,-0.025582834625026862
2018-01-07 17:15:00,0.0043985689751480095
2018-01-07 17:18:00,0.08170961157424017
2018-01-07 17:21:00,0.11776200095823697
2018-01-07 17:24:00,-0.042871672594174015
2018-01-07 17:27:00,-0.015984849435312753
2018-01-07 17:30:00,-0.042773997375661565
2018-01-07 17:33:00,0.04494420606130234
2018-01-07 17:36:00,0.0465710628953957
2018-01-07 17:39:00,0.062324533611729294
2018-01-07 17:42:00,0.025330980130888747
2018-01-07 17:45:00,-0.08753757865605394
2018-01-07 17:48:00,0.008436141954121013
2018-01-07 17:51:00,0.017605812399608567
2018-01-07 17:54:00,0.08255152291849299
2018-01-07 17:57:00,-0.0036269562534130273
2018-01-07 18:00:00,0.017258476751294438
2018-01-07 18:03:00,0.06714507295737349
2018-01-07 18:06:00,0.03247125625955505
2018-01-07 18:09:00,0.10294986131287942
2018-01-07 18:12:00,0.07146660456083964
2018-01-07 18:15:00,0.01961640418727484
2018-01-07 18:18:00,0.09510879547951845
2018-01-07 18:21:00,0.005148526558002686
2018-01-07 18:24:00,0.062609156454414
2018-01-07 18:27:00,0.10385313089909687
2018-01-07 18:30:00,0.016168017329960094
2018-01-07 18:33:00,0.04828508688041211
2018-01-07 18:36:00,0.09602017676070318
2018-01-07 18:39:00,0.13299195844831502
2018-01-07 18:42:00,0.11419372477530487
2018-01-07 18:45:00,0.10388731186651512
2018-01-07 18:48:00,0.12600301405962
2018-01-07 18:51:00,0.18495807893083338
2018-01-07 18:54:00,0.11828904507484594
2018-01-07 18:57:00,
2018-01-07 19:00:00,
2018-01-07 19:03:00,0.2026864484618045
2018-01-07 19:06:00,0.1826237266009798
2018-01-07 19:09:00,0.20677592989022742
2018-01-07 19:12:00,0.316018881703485
2018-01-07 19:15:00,0.2997139920181553
2018-01-07 19:18:00,0.2081288237882859
2018-01-07 19:21:00,0.3409982138238661
2018-01-07 19:24:00,0.23028799555811474
2018-01-07 19:27:00,0.1689655730606887
2018-01-07 19:30:00,0.2110471984221931
2018-01-07 19:33:00,0.08432661953401066
2018-01-07 19:36:00,0.24207616649187003
2018-01-07 19:39:00,0.16356389194805843
2018-01-07 19:42:00,0.04394585076425983
2018-01-07 19:45:00,0.1600460947895499
2018-01-07 19:48:00,0.2157420625687223
2018-01-07 19:51:00,0.07321074403654393
2018-01-07 19:54:00,0.20546944188163252
2018-01-07 19:57:00,0.29936653366218025
2018-01-07 20:00:00,0.1821626644162393
2018-01-07 20:03:00,0.22255912816484624
2018-01-07 20:06:00,0.2346168097541863
2018-01-07 20:09:00,0.21591989335706785
2018-01-07 20:12:00,0.2674207864126288
2018-01-07 20:15:00,0.22426089316826392
2018-01-07 20:18:00,0.3676286775162225
2018-01-07 20:21:00,0.257782048416459
2018-01-07 20:24:00,0.2953308079641488
2018-01-07 20:27:00,0.2896595625719556
2018-01-07 20:30:00,0.2675754819909457
2018-01-07 20:33:00,0.2972146764822128
2018-01-07 20:36:00,0.24178015102415884
2018-01-07 20:39:00,0.2932145506486563
2018-01-07 20:42:00,0.36744903509065807
2018-01-07 20:45:00,0.1982814999371385
2018-01-07 20:48:00,0.2056012476335809
2018-01-07 20:51:00,0.27825107108071734
2018-01-07 20:54:00,0.17147915304781236
2018-01-07 20:57:00,0.2741878318780664
2018-01-07 21:00:00,0.24487322348903717
2018-01-07 21:03:00,0.3328698305372768
2018-01-07 21:06:00,0.30838762944250675
2018-01-07 21:09:00,0.2724950914849842
2018-01-07 21:12:00,0.24167898558977186
2018-01-07 21:15:00,0.315195109553315
2018-01-07 21:18:00,0.31606678580516245
2018-01-07 21:21:00,0.18981661758112978
2018-01-07 21:24:00,0.368447774608228
2018-01-07 21:27:00,0.28516757364508294
2018-01-07 21:30:00,0.27573911479601065
2018-01-07 21:33:00,0.25112413464518113
2018-01-07 21:36:00,0.3048040258856872
2018-01-07 21:39:00,0.28860794402731926
2018-01-07 21:42:00,0.25538618129456836
2018-01-07 21:45:00,0.3124482757601186
2018-01-07 21:48:00,0.3190488067230035
2018-01-07 21:51:00,0.26231906516960635
2018-01-07 21:54:00,0.24854782935022968
2018-01-07 21:57:00,0.28201690276659974
2018-01-07 22:00:00,0.28034992267140524
2018-01-07 22:03:00,0.2394424670539479
2018-01-07 22:06:00,0.36088493413387823
2018-01-07 22:09:00,0.37619311048803183
2018-01-07 22:12:00,0.3799382190613869
2018-01-07 22:15:00,0.36653359168752786
2018-01-07 22:18:00,0.3034626975595529
2018-01-07 22:21:00,0.4305132068766966
2018-01-07 22:24:00,0.5672807105249831
2018-01-07 22:27:00,0.374944573355549
2018-01-07 22:30:00,0.4610846699449098
2018-01-07 22:33:00,0.3760502220206945
2018-01-07 22:36:00,0.4109533004395871
2018-01-07 22:39:00,0.412729875426578
2018-01-07 22:42:00,0.44364917962536765
2018-01-07 22:45:00,0.4712640641610051
2018-01-07 22:48:00,0.5543769986803113
2018-01-07 22:51:00,0.425468825555015
2018-01-07 22:54:00,0.4558142341979874
2018-01-07 22:57:00,0.47592461728009994
2018-01-07 23:00:00,0.42069285163449877
2018-01-07 23:03:00,0.34988364240882674
2018-01-07 23:06:00,0.4424466321776208
2018-01-07 23:09:00,0.274067681618817
2018-01-07 23:12:00,0.4525862756913739
2018-01-07 23:15:00,0.41264660462042
2018-01-07 23:18:00,0.34902226471922404
2018-01-07 23:21:00,0.5369238021863225
2018-01-07 23:24:00,0.3468205087649494
2018-01-07 23:27:00,0.40925114327819756
2018-01-07 23:30:00,0.270603547535643
2018-01-07 23:33:00,0.3743490203892179
2018-01-07 23:36:00,0.5251565759353412
2018-01-07 23:39:00,0.5428832292030279
2018-01-07 23:42:00,0.48645841562426995
2018-01-07 23:45:00,0.4856353518793526
2018-01-07 23:48:00,0.5042773356875045
2018-01-07 23:51:00,0.5686289063971799
2018-01-07 23:54:00,0.6358248073645427
2018-01-07 23:57:00,0.449323312494073
2018-01-08 00:00:00,0.46202841072346246
2018-01-08 00:03:00,0.4528319124398763
2018-01-08 00:06:00,0.5194512981445882
2018-01-08 00:09:00,0.5350472941956923
2018-01-08 00:12:00,0.49925964123457334
2018-01-08 00:15:00,0.410889803895202
2018-01-08 00:18:00,0.5460278459528354
2018-01-08 00:21:00,0.46543569608303414
2018-01-08 00:24:00,0.5135444894013403
2018-01-08 00:27:00,0.4664264012044441
2018-01-08 00:30:00,0.5339961424170383
2018-01-08 00:33:00,0.7034843434026357
2018-01-08 00:36:00,0.41345315285371953
2018-01-08 00:39:00,0.49216447353126114
2018-01-08 00:42:00,0.5087306447404103
2018-01-08 00:45:00,0.405166796466915
2018-01-08 00:48:00,0.41692558329390295
2018-01-08 00:51:00,0.4645176593008955
2018-01-08 00:54:00,0.4486310033285008
2018-01-08 00:57:00,0.35349702516697334
2018-01-08 01:00:00,0.331429993653785
2018-01-08 01:03:00,0.42177607924480753
2018-01-08 01:06:00,0.37071656610504533
2018-01-08 01:09:00,0.41026429842133894
2018-01-08 01:12:00,0.47393283519608076
2018-01-08 01:15:00,0.3910176786225179
2018-01-08 01:18:00,0.45178882712724544
2018-01-08 01:21:00,0.4121265432338532
2018-01-08 01:24:00,0.28639420485859546
2018-01-08 01:27:00,0.3488411479901288
2018-01-08 01:30:00,0.4159679903561937
2018-01-08 01:33:00,0.36776285679201237
2018-01-08 01:36:00,0.44407825819047275
2018-01-08 01:39:00,0.41801087498430434
2018-01-08 01:42:00,0.5697047137036861
2018-01-08 01:45:00,0.5382213317987521
2018-01-08 01:48:00,0.5080100325752142
2018-01-08 01:51:00,0.5967057722641016
2018-01-08 01:54:00,0.48807686428528996
2018-01-08 01:57:00,0.6436697610566284
2018-01-08 02:00:00,0.556546348611505
2018-01-08 02:03:00,0.5530738260509338
2018-01-08 02:06:00,0.5945165178242178
2018-01-08 02:09:00,0.6284694052170607
2018-01-08 02:12:00,0.5564699835875899
2018-01-08 02:15:00,0.672750910213324
2018-01-08 02:18:00,0.5101872889803758
2018-01-08 02:21:00,0.5539491727751056
2018-01-08 02:24:00,0.5629675720000478
2018-01-08 02:27:00,0.455615757249177
2018-01-08 02:30:00,0.6742417224780297
2018-01-08 02:33:00,0.5696809305636634
2018-01-08 02:36:00,0.5524486164107429
2018-01-08 02:39:00,0.5036703151432675
2018-01-08 02:42:00,0.5903206012264945
2018-01-08 02:45:00,0.5905556148181859
2018-01-08 02:48:00,0.607056300290651
2018-01-08 02:51:00,0.5380181171695426
2018-01-08 02:54:00,0.595459751816179
2018-01-08 02:57:00,0.6348905546665264
2018-01-08 03:00:00,0.6390109413511595
2018-01-08 03:03:00,0.5165473570210679
2018-01-08 03:06:00,0.6008284250536349
2018-01-08 03:09:00,0.6329744058326128
2018-01-08 03:12:00,0.4574167135180005
2018-01-08 03:15:00,0.47392467777274305
2018-01-08 03:18:00,0.46859465723042604
2018-01-08 03:21:00,0.4030561311200245
2018-01-08 03:24:00,0.48102349470116224
2018-01-08 03:27:00,0.4844127538983116
2018-01-08 03:30:00,0.4820377073958184
2018-01-08 03:33:00,0.4475736081534478
2018-01-08 03:36:00,0.44044131017409427
2018-01-08 03:39:00,0.5266096410431373
2018-01-08 03:42:00,0.4082443515025602
2018-01-08 03:45:00,0.4788710549843245
2018-01-08 03:48:00,0.5241907646700383
2018-01-08 03:51:00,0.4827374937310651
2018-01-08 03:54:00,0.5303343093709714
2018-01-08 03:57:00,0.44081067163426724
2018-01-08 04:00:00,0.464930967610826
2018-01-08 04:03:00,0.46876769354594217
2018-01-08 04:06:00,0.441380875268635
2018-01-08 04:09:00,0.4715238915136979
2018-01-08 04:12:00,0.42037707191792606
2018-01-08 04:15:00,0.41981303245273693
2018-01-08 04:18:00,0.5766745550683936
2018-01-08 04:21:00,0.6080246570286363
2018-01-08 04:24:00,0.5629281750534005
2018-01-08 04:27:00,0.5482317234731227
2018-01-08 04:30:00,0.5484764832258406
2018-01-08 04:33:00,0.6153029572227524
2018-01-08 04:36:00,0.7358239232679011
2018-01-08 04:39:00,0.6123961754051379
2018-01-08 04:42:00,0.5674227232174758
2018-01-08 04:45:00,0.5064785592725798
2018-01-08 04:48:00,0.6062371191180205
2018-01-08 04:51:00,0.5712274407546829
2018-01-08 04:54:00,0.6687412648301461
2018-01-08 04:57:00,0.6434875746235775
2018-01-08 05:00:00,0.6119654186406933
2018-01-08 05:03:00,0.540270818395868
2018-01-08 05:06:00,0.6372854082723052
2018-01-08 05:09:00,0.5308498673758208
2018-01-08 05:12:00,0.6159488919246883
2018-01-08 05:15:00,0.576276180379864
2018-01-08 05:18:00,0.5100725603204523
2018-01-08 05:21:00,0.5697749665744709
2018-01-08 05:24:00,0.5568371849304867
2018-01-08 05:27:00,0.4705467152120377
2018-01-08 05:30:00,0.5865818920798347
2018-01-08 05:33:00,0.6121680608119959
2018-01-08 05:36:00,0.5845951118120638
2018-01-08 05:39:00,0.4493574149353208
2018-01-08 05:42:00,0.5339493046415669
2018-01-08 05:45:00,0.5644633139428947
2018-01-08 05:48:00,0.4867322530483875
2018-01-08 05:51:00,0.5287866691395493
2018-01-08 05:54:00,0.5639245413682943
2018-01-08 05:57:00,0.554078482534976
2018-01-08 06:00:00,0.6018446044969892
2018-01-08 06:03:00,0.6180804087062484
2018-01-08 06:06:00,0.5405287824196421
2018-01-08 06:09:00,0.5724227366827108
2018-01-08 06:12:00,0.42266542062026247
2018-01-08 06:15:00,0.5096252026198158
2018-01-08 06:18:00,0.5502866966918987
2018-01-08 06:21:00,0.5663704604035615
2018-01-08 06:24:00,0.5502800272583386
2018-01-08 06:27:00,0.5080681654574164
2018-01-08 06:30:00,0.538196573719631
2018-01-08 06:33:00,0.5756950881373086
2018-01-08 06:36:00,0.4326045491749255
2018-01-08 06:39:00,0.487950035692279
2018-01-08 06:42:00,0.5812757948455669
2018-01-08 06:45:00,0.49055833590063
2018-01-08 06:48:00,0.5091920499810954
2018-01-08 06:51:00,0.4398204322316701
2018-01-08 06:54:00,0.6235535864217923
2018-01-08 06:57:00,0.4371798006666836
2018-01-08 07:00:00,0.5511256849973734
2018-01-08 07:03:00,0.5555036324797697
2018-01-08 07:06:00,0.5378742607321101
2018-01-08 07:09:00,0.6039868994727158
2018-01-08 07:12:00,0.5013067153249722
2018-01-08 07:15:00,0.5658681980129359
2018-01-08 07:18:00,0.49302608487244015
2018-01-08 07:21:00,0.5377847098718007
2018-01-08 07:24:00,0.6619986737915724
2018-01-08 07:27:00,0.6413044299558806
2018-01-08 07:30:00,0.6209240782644656
2018-01-08 07:33:00,0.6140265944471821
2018-01-08 07:36:00,0.5513145179216394
2018-01-08 07:39:00,0.4836193818151173
2018-01-08 07:42:00,0.5603980164185032
2018-01-08 07:45:00,0.5470777893296486
2018-01-08 07:48:00,0.5330877424734695
2018-01-08 07:51:00,0.6167513246076624
2018-01-08 07:54:00,0.4750024461299063
2018-01-08 07:57:00,0.5574070849708619
2018-01-08 08:00:00,0.5120276177026426
2018-01-08 08:03:00,0.449825361519288
2018-01-08 08:06:00,0.5220536777607094
2018-01-08 08:09:00,0.465303351782552
2018-01-08 08:12:00,0.39243221566005104
2018-01-08 08:15:00,0.5307372730216571
2018-01-08 08:18:00,0.38883283876293717
2018-01-08 08:21:00,0.41880780047665667
2018-01-08 08:24:00,0.5569114527972943
2018-01-08 08:27:00,0.39806150475442337
2018-01-08 08:30:00,0.48029158168463937
2018-01-08 08:33:00,0.37281551476201
2018-01-08 08:36:00,0.4215630918341162
2018-01-08 08:39:00,0.4907106853899563
2018-01-08 08:42:00,0.3903838520758427
2018-01-08 08:45:00,0.40833724424749107
2018-01-08 08:48:00,0.5183771971707074
2018-01-08 08:51:00,0.3836312687274699
2018-01-08 08:54:00,0.4245251422709657
2018-01-08 08:57:00,0.3619332583309074
2018-01-08 09:00:00,0.3128273665039387
2018-01-08 09:03:00,0.2897151657575705
2018-01-08 09:06:00,0.3505052016628838
2018-01-08 09:09:00,0.4003174136426537
2018-01-08 09:12:00,0.4862697619407186
2018-01-08 09:15:00,0.38154390340037025
2018-01-08 09:18:00,0.40561739587900547
2018-01-08 09:21:00,0.31717113904272765
2018-01-08 09:24:00,0.4127771184966491
2018-01-08 09:27:00,0.3963566139091199
2018-01-08 09:30:00,0.37200566055497575
2018-01-08 09:33:00,0.4421999611908518
2018-01-08 09:36:00,0.29994872744180157
2018-01-08 09:39:00,0.21346385864478634
2018-01-08 09:42:00,0.29180159327103183
2018-01-08 09:45:00,0.29131847050592796
2018-01-08 09:48:00,0.24735299688273926
2018-01-08 09:51:00,0.3622489455777327
2018-01-08 09:54:00,0.22509933203230048
2018-01-08 09:57:00,0.25820004711403044
2018-01-08 10:00:00,0.15395476964567933
2018-01-08 10:03:00,0.2921456031533012
2018-01-08 10:06:00,0.28630247674624343
2018-01-08 10:09:00,0.1845761398499235
2018-01-08 10:12:00,0.19078698375864178
2018-01-08 10:15:00,0.22900592337822445
2018-01-08 10:18:00,0.24702455091608044
2018-01-08 10:21:00,0.1665727238925001
2018-01-08 10:24:00,0.16849089006365148
2018-01-08 10:27:00,0.25119929130909213
2018-01-08 10:30:00,0.1827974348564112
2018-01-08 10:33:00,0.2773731359595786
2018-01-08 10:36:00,0.18908618315589365
2018-01-08 10:39:00,0.15682657968636704
2018-01-08 10:42:00,0.27296943830884857
2018-01-08 10:45:00,0.12082680071972618
2018-01-08 10:48:00,0.10509759160760268
2018-01-08 10:51:00,0.12738560029424661
2018-01-08 10:54:00,0.15018260494548485
2018-01-08 10:57:00,0.12766251177504273
2018-01-08 11:00:00,0.08057001393223118
2018-01-08 11:03:00,0.13522284803048024
2018-01-08 11:06:00,0.17143540930914014
2018-01-08 11:09:00,0.006942262761356233
2018-01-08 11:12:00,0.1744713824750761
2018-01-08 11:15:00,0.07025377995461213
2018-01-08 11:18:00,0.08882157328633866
2018-01-08 11:21:00,0.10710540116502898
2018-01-08 11:24:00,0.09748847512929615
2018-01-08 11:27:00,0.015713297831212003
2018-01-08 11:30:00,0.05053895768878647
2018-01-08 11:33:00,0.2440050828753897
2018-01-08 11:36:00,0.15265398586507217
2018-01-08 11:39:00,0.03270477786753645
2018-01-08 11:42:00,0.09581893376110884
2018-01-08 11:45:00,0.11829849378256085
2018-01-08 11:48:00,-0.022017760822905075
2018-01-08 11:51:00,-0.11889325580125387
2018-01-08 11:54:00,-0.030186347156927695
2018-01-08 11:57:00,-0.037634679897337264
2018-01-08 12:00:00,-0.06396897889572983
2018-01-08 12:03:00,0.008099570368472087
2018-01-08 12:06:00,-0.09821773235921682
2018-01-08 12:09:00,0.025520173829363557
2018-01-08 12:12:00,-0.0869386342501457
2018-01-08 12:15:00,0.057871892474793185
2018-01-08 12:18:00,0.07154663369146874
2018-01-08 12:21:00,-0.02485680927048861
2018-01-08 12:24:00,-0.0376343284340237
2018-01-08 12:27:00,0.0038601670538582766
2018-01-08 12:30:00,0.038528758889924575
2018-01-08 12:33:00,-0.08498230254593864
2018-01-08 12:36:00,-0.06975400606648918
2018-01-08 12:39:00,-0.01584023302712012
2018-01-08 12:42:00,-0.14404007839476662
2018-01-08 12:45:00,-0.08596358019445915
2018-01-08 12:48:00,-0.09959762954639473
2018-01-08 12:51:00,-0.22293160085217778
2018-01-08 12:54:00,-0.029664278390782783
2018-01-08 12:57:00,0.04114589931214141
2018-01-08 13:00:00,0.06350010980958132
2018-01-08 13:03:00,0.10248695508863648
2018-01-08 13:06:00,0.09007033424916244
2018-01-08 13:09:00,-0.07588346937995993
2018-01-08 13:12:00,0.0004846566104674821
2018-01-08 13:15:00,-0.055732765198513334
2018-01-08 13:18:00,0.01277452000476842
2018-01-08 13:21:00,-0.11838490750398023
2018-01-08 13:24:00,-0.15338882836692846
2018-01-08 13:27:00,-0.0019460039566183696
2018-01-08 13:30:00,0.12205688072026533
2018-01-08 13:33:00,0.0021660577811530857
2018-01-08 13:36:00,-0.003765336896606186
2018-01-08 13:39:00,-0.10717341772090094
2018-01-08 13:42:00,-0.08724915371948327
2018-01-08 13:45:00,-0.10904854903310479
2018-01-08 13:48:00,-0.13822874088390336
2018-01-08 13:51:00,-0.09163522323547113
2018-01-08 13:54:00,-0.039104398901201876
2018-01-08 13:57:00,-0.09528342974635962
2018-01-08 14:00:00,-0.0007966727149550934
2018-01-08 14:03:00,-0.16761290294749642
2018-01-08 14:06:00,-0.1495131301523429
2018-01-08 14:09:00,-0.1365425041636854
2018-01-08 14:12:00,-0.2538226674219004
2018-01-08 14:15:00,-0.14366825565008412
2018-01-08 14:18:00,-0.21702206102236232
2018-01-08 14:21:00,-0.07107980412882853
2018-01-08 14:24:00,-0.12131978721998848
2018-01-08 14:27:00,-0.038793816752558996
2018-01-08 14:30:00,-0.2094912608867503
2018-01-08 14:33:00,-0.10600647602802837
2018-01-08 14:36:00,-0.08903332306306311
2018-01-08 14:39:00,-0.18427941069040799
2018-01-08 14:42:00,-0.26409096787233466
2018-01-08 14:45:00,-0.19687872659528693
2018-01-08 14:48:00,-0.2233904774030293
2018-01-08 14:51:00,-0.09796224602399661
2018-01-08 14:54:00,-0.14805073175392636
2018-01-08 14:57:00,-0.15297019811231394
2018-01-08 15:00:00,-0.11868420641440025
2018-01-08 15:03:00,-0.21022018697777867
2018-01-08 15:06:00,-0.12372406450771223
2018-01-08 15:09:00,-0.1484206222165767
2018-01-08 15:12:00,-0.27003210124905763
2018-01-08 15:15:00,-0.23330592827505825
2018-01-08 15:18:00,-0.288412404960809
2018-01-08 15:21:00,-0.07126050581894106
2018-01-08 15:24:00,-0.04545820450783822
2018-01-08 15:27:00,-0.11732357550818051
2018-01-08 15:30:00,0.10838595305926901
2018-01-08 15:33:00,-0.01730037449391375
2018-01-08 15:36:00,0.04616673905047719
2018-01-08 15:39:00,0.031370852163547625
2018-01-08 15:42:00,-0.04697985337048749
2018-01-08 15:45:00,-0.050409347997629084
2018-01-08 15:48:00,-0.03924114356232167
2018-01-08 15:51:00,-0.01621823541449885
2018-01-08 15:54:00,-0.07625862453915033
2018-01-08 15:57:00,-0.048546387659655466
2018-01-08 16:00:00,0.024926974574498217
2018-01-08 16:03:00,-0.0734229135138662
2018-01-08 16:06:00,-0.1270811751045926
2018-01-08 16:09:00,-0.13042072800811866
2018-01-08 16:12:00,-0.043239388755637265
2018-01-08 16:15:00,0.11121118234495952
2018-01-08 16:18:00,0.01768894090031381
2018-01-08 16:21:00,0.03014075887966783
2018-01-08 16:24:00,-0.03279658410730235
2018-01-08 16:27:00,0.06328186185749018
2018-01-08 16:30:00,0.09087719820456641
2018-01-08 16:33:00,0.20378946569837808
2018-01-08 16:36:00,0.06531106377923379
2018-01-08 16:39:00,0.08203441294239155
2018-01-08 16:42:00,0.19130008767086792
2018-01-08 16:45:00,0.11588373356488546
2018-01-08 16:48:00,0.29070005735337645
2018-01-08 16:51:00,0.20712233563421023
2018-01-08 16:54:00,0.20865389969793569
2018-01-08 16:57:00,0.14246456107605354
2018-01-08 17:00:00,0.03328937038247659
2018-01-08 17:03:00,0.11982383812079433
2018-01-08 17:06:00,0.19483276048606513
2018-01-08 17:09:00,0.2151802827493725
2018-01-08 17:12:00,0.16133601476911963
2018-01-08 17:15:00,0.12960049347174163
2018-01-08 17:18:00,0.11988405267408098
2018-01-08 17:21:00,0.20374043114821916
2018-01-08 17:24:00,0.08809416002401349
2018-01-08 17:27:00,0.1511732314498886
2018-01-08 17:30:00,0.30179589756369296
2018-01-08 17:33:00,0.2713112594603899
2018-01-08 17:36:00,0.27986351184102887
2018-01-08 17:39:00,0.3379802271721246
2018-01-08 17:42:00,0.41667729158803013
2018-01-08 17:45:00,0.28999673680692695
2018-01-08 17:48:00,0.20856186682573252
2018-01-08 17:51:00,0.31826575169782245
2018-01-08 17:54:00,0.3139525475067444
2018-01-08 17:57:00,0.38627465527366667
2018-01-08 18:00:00,0.3320262776815639
2018-01-08 18:03:00,0.4108030668962783
2018-01-08 18:06:00,0.5255943916027945
2018-01-08 18:09:00,0.4570823624474656
2018-01-08 18:12:00,0.3788094570636531
2018-01-08 18:15:00,0.21455386974770363
2018-01-08 18:18:00,0.2144260351181515
2018-01-08 18:21:00,0.1884332378655813
2018-01-08 18:24:00,0.15740918089710476
2018-01-08 18:27:00,0.07571811051627719
2018-01-08 18:30:00,0.09119754370453848
2018-01-08 18:33:00,0.036359466598298695
2018-01-08 18:36:00,-0.09603360405560579
2018-01-08 18:39:00,0.17237923722535697
2018-01-08 18:42:00,0.19109460473038098
2018-01-08 18:45:00,0.11355146510538816
2018-01-08 18:48:00,0.10092402068409001
2018-01-08 18:51:00,0.24230303352442206
2018-01-08 18:54:00,
2018-01-08 18:57:00,
2018-01-08 19:00:00,
2018-01-08 19:03:00,
2018-01-08 19:06:00,
2018-01-08 19:09:00,0.5343581703757536
2018-01-08 19:12:00,0.3423110210640061
2018-01-08 19:15:00,0.26511271495832034
2018-01-08 19:18:00,0.36009868424912383
2018-01-08 19:21:00,0.20237201149211614
2018-01-08 19:24:00,0.197778959453899
2018-01-08 19:27:00,0.20127296916950854
2018-01-08 19:30:00,0.202342656099745
2018-01-08 19:33:00,0.18589536815011343
2018-01-08 19:36:00,0.3179848531382845
2018-01-08 19:39:00,0.3456749708952316
2018-01-08 19:42:00,0.4782026283971845
2018-01-08 19:45:00,0.6443335000964225
2018-01-08 19:48:00,0.5941780198675133
2018-01-08 19:51:00,0.6461083807365071
2018-01-08 19:54:00,0.764072627482733
2018-01-08 19:57:00,0.8487922641272121
2018-01-08 20:00:00,1.0702757376606087
2018-01-08 20:03:00,0.9439160496868908
2018-01-08 20:06:00,0.9548590524806855
2018-01-08 20:09:00,1.1857917626347216
2018-01-08 20:12:00,1.0272042557612622
2018-01-08 20:15:00,1.080392401530844
2018-01-08 20:18:00,1.060676956015243
2018-01-08 20:21:00,1.0859894431171142
2018-01-08 20:24:00,1.127019534613794
2018-01-08 20:27:00,0.7930935831085435
2018-01-08 20:30:00,0.6477498496302587
2018-01-08 20:33:00,0.5742259007563462
2018-01-08 20:36:00,0.6527935540020735
2018-01-08 20:39:00,0.6222107688927849
2018-01-08 20:42:00,0.5588766476728324
2018-01-08 20:45:00,0.6816428241307335
2018-01-08 20:48:00,0.5557112784581477
2018-01-08 20:51:00,0.6164615677267307
2018-01-08 20:54:00,0.5079708289300129
2018-01-08 20:57:00,0.7567781067830879
2018-01-08 21:00:00,0.6118589434639148
2018-01-08 21:03:00,0.7607883195606746
2018-01-08 21:06:00,0.726869371961584
2018-01-08 21:09:00,0.6952224065166206
2018-01-08 21:12:00,0.8066887034508454
2018-01-08 21:15:00,0.6271423861257404
2018-01-08 21:18:00,0.6314398354315927
2018-01-08 21:21:00,0.6791920237255908
2018-01-08 21:24:00,0.6885114548122715
2018-01-08 21:27:00,0.6319339231820891
2018-01-08 21:30:00,0.5784768341546851
2018-01-08 21:33:00,0.6229294521892257
2018-01-08 21:36:00,0.5071482451073734
2018-01-08 21:39:00,0.5996206220713134
2018-01-08 21:42:00,0.5658893368869826
2018-01-08 21:45:00,0.48558789004522396
2018-01-08 21:48:00,0.6522907827526865
2018-01-08 21:51:00,0.4845642332128932
2018-01-08 21:54:00,0.5377144887992813
2018-01-08 21:57:00,0.6246124862721558
2018-01-08 22:00:00,0.5623328105671135
2018-01-08 22:03:00,0.4081807907557504
2018-01-08 22:06:00,0.5208236818825185
2018-01-08 22:09:00,0.6100733368147075
2018-01-08 22:12:00,0.540674915469026
2018-01-08 22:15:00,0.5930600841687692
2018-01-08 22:18:00,0.6768657221091416
2018-01-08 22:21:00,0.578540013575946
2018-01-08 22:24:00,0.505836325309474
2018-01-08 22:27:00,0.5593884285275976
2018-01-08 22:30:00,0.5620232242293923
2018-01-08 22:33:00,0.570994162475472
2018-01-08 22:36:00,0.45637376636756244
2018-01-08 22:39:00,0.5540537552913065
2018-01-08 22:42:00,0.6626311347785077
2018-01-08 22:45:00,0.5638535704139258
2018-01-08 22:48:00,0.6375005113849852
2018-01-08 22:51:00,0.6505838815820084
2018-01-08 22:54:00,0.6967119643209116
2018-01-08 22:57:00,0.6384137184131191
2018-01-08 23:00:00,0.6674636818794397
2018-01-08 23:03:00,0.6549302913845736
2018-01-08 23:06:00,0.5741347767131515
2018-01-08 23:09:00,0.5740719994720394
2018-01-08 23:12:00,0.5917978520940324
2018-01-08 23:15:00,0.641532024857554
2018-01-08 23:18:00,0.5118085189271824
2018-01-08 23:21:00,0.4224275752524136
2018-01-08 23:24:00,0.4899481902898515
2018-01-08 23:27:00,0.44051981707394816
2018-01-08 23:30:00,0.5251258410410742
2018-01-08 23:33:00,0.46450604129734074
2018-01-08 23:36:00,0.5863856855946779
2018-01-08 23:39:00,0.5093582509850307
2018-01-08 23:42:00,0.6522584767034232
2018-01-08 23:45:00,0.5800291991074005
2018-01-08 23:48:00,0.49657965798240866
2018-01-08 23:51:00,0.607856764296173
2018-01-08 23:54:00,0.5376558713248869
2018-01-08 23:57:00,0.5868023601360051
2018-01-09 00:00:00,0.6895614058755655
2018-01-09 00:03:00,0.5010784911502242
2018-01-09 00:06:00,0.5139826477325187
2018-01-09 00:09:00,0.5642884873897742
2018-01-09 00:12:00,0.47773691563418197
2018-01-09 00:15:00,0.5730543693870231
2018-01-09 00:18:00,0.568559560973597
2018-01-09 00:21:00,0.5841840705081154
2018-01-09 00:24:00,0.5370193560403322
2018-01-09 00:27:00,0.5675654714544294
2018-01-09 00:30:00,0.48079930977519325
2018-01-09 00:33:00,0.5207982472954882
2018-01-09 00:36:00,0.5954022475795568
2018-01-09 00:39:00,0.5796702928881814
2018-01-09 00:42:00,0.4773817525626214
2018-01-09 00:45:00,0.5069958499020117
2018-01-09 00:48:00,0.633173513669476
2018-01-09 00:51:00,0.608888021662267
2018-01-09 00:54:00,0.6790852142191852
2018-01-09 00:57:00,0.7199422791319989
2018-01-09 01:00:00,0.6905934779815084
2018-01-09 01:03:00,0.5816494046541152
2018-01-09 01:06:00,0.56559347206354
2018-01-09 01:09:00,0.5300504529876662
2018-01-09 01:12:00,0.48985799305921773
2018-01-09 01:15:00,0.5256515000555737
2018-01-09 01:18:00,0.5523913943438288
2018-01-09 01:21:00,0.5591072365659215
2018-01-09 01:24:00,0.39102424519825263
2018-01-09 01:27:00,0.5022530774256779
2018-01-09 01:30:00,0.513903102605866
2018-01-09 01:33:00,0.5316926395052519
2018-01-09 01:36:00,0.47775537922393596
2018-01-09 01:39:00,0.444059328891683
2018-01-09 01:42:00,0.5665023543701295
2018-01-09 01:45:00,0.48580314357036514
2018-01-09 01:48:00,0.5360952799418328
2018-01-09 01:51:00,0.5345100299794581
2018-01-09 01:54:00,0.5572021579721991
2018-01-09 01:57:00,0.297450148972473
2018-01-09 02:00:00,0.4701671505944205
2018-01-09 02:03:00,0.5035496726270026
2018-01-09 02:06:00,0.4680538299621162
2018-01-09 02:09:00,0.5309124116400881
2018-01-09 02:12:00,0.5703126361723321
2018-01-09 02:15:00,0.531353402307218
2018-01-09 02:18:00,0.4918666131894156
2018-01-09 02:21:00,0.6059056359924284
2018-01-09 02:24:00,0.5337059640682469
2018-01-09 02:27:00,0.6132798515579907
2018-01-09 02:30:00,0.5789027736782941
2018-01-09 02:33:00,0.5460085701470234
2018-01-09 02:36:00,0.5709810837508371
2018-01-09 02:39:00,0.6372415224927295
2018-01-09 02:42:00,0.7290171749859837
2018-01-09 02:45:00,0.6691110383096088
2018-01-09 02:48:00,0.7889282436093481
2018-01-09 02:51:00,0.6759852206857886
2018-01-09 02:54:00,0.8886557784856564
2018-01-09 02:57:00,1.034466798565461
2018-01-09 03:00:00,1.0823282745296297
2018-01-09 03:03:00,1.0688048306204792
2018-01-09 03:06:00,1.0427478443162954
2018-01-09 03:09:00,0.8413980325190096
2018-01-09 03:12:00,0.9221399325868447
2018-01-09 03:15:00,0.8645037591572304
2018-01-09 03:18:00,0.8438471097029492
2018-01-09 03:21:00,0.6430349878477841
2018-01-09 03:24:00,0.8606281186034153
2018-01-09 03:27:00,0.696518905749997
2018-01-09 03:30:00,0.5550227410327011
2018-01-09 03:33:00,0.4750016602721985
2018-01-09 03:36:00,0.491010809252316
2018-01-09 03:39:00,0.3421059426663078
2018-01-09 03:42:00,0.44800664203745555
2018-01-09 03:45:00,0.376337929341787
2018-01-09 03:48:00,0.39694922258593124
2018-01-09 03:51:00,0.444211035430385
2018-01-09 03:54:00,0.40201889242325706
2018-01-09 03:57:00,0.24288754411281843
2018-01-09 04:00:00,0.4469567945712356
2018-01-09 04:03:00,0.47085947317259524
2018-01-09 04:06:00,0.447130053341823
2018-01-09 04:09:00,0.4187576253384009
2018-01-09 04:12:00,0.4291143448971866
2018-01-09 04:15:00,0.42227789585956543
2018-01-09 04:18:00,0.4246989800997767
2018-01-09 04:21:00,0.41717244471726644
2018-01-09 04:24:00,0.28906694949233724
2018-01-09 04:27:00,0.3326464574339525
2018-01-09 04:30:00,0.36317504391234934
2018-01-09 04:33:00,0.37367525790097034
2018-01-09 04:36:00,0.33424462188429516
2018-01-09 04:39:00,0.4102961773330662
2018-01-09 04:42:00,0.47786521058804965
2018-01-09 04:45:00,0.30458098710920467
2018-01-09 04:48:00,0.45695582637677035
2018-01-09 04:51:00,0.4804932499404231
2018-01-09 04:54:00,0.5072362784766256
2018-01-09 04:57:00,0.5336830589936312
2018-01-09 05:00:00,0.45293751746078215
2018-01-09 05:03:00,0.5881729587723044
2018-01-09 05:06:00,0.48352141335448096
2018-01-09 05:09:00,0.5272033322138441
2018-01-09 05:12:00,0.6580433898478759
2018-01-09 05:15:00,0.5634734794054452
2018-01-09 05:18:00,0.49710150370009387
2018-01-09 05:21:00,0.6274041149280265
2018-01-09 05:24:00,0.6537245520341912
2018-01-09 05:27:00,0.5216955803053906
2018-01-09 05:30:00,0.5216706553298991
2018-01-09 05:33:00,0.607244287525134
2018-01-09 05:36:00,0.5528440059104014
2018-01-09 05:39:00,0.5150328377496294
2018-01-09 05:42:00,0.6668854308447862
2018-01-09 05:45:00,0.7039099137955986
2018-01-09 05:48:00,0.4819934372518446
2018-01-09 05:51:00,0.5160266762576384
2018-01-09 05:54:00,0.554260879165497
2018-01-09 05:57:00,0.48033140231211746
2018-01-09 06:00:00,0.5294745837219921
2018-01-09 06:03:00,0.48510143432645236
2018-01-09 06:06:00,0.5602184810168751
2018-01-09 06:09:00,0.5961818649188331
2018-01-09 06:12:00,0.509757231850358
2018-01-09 06:15:00,0.5754569034262431
2018-01-09 06:18:00,0.5253678828060515
2018-01-09 06:21:00,0.5941700951574376
2018-01-09 06:24:00,0.5913044232814855
2018-01-09 06:27:00,0.5468704311358579
2018-01-09 06:30:00,0.6139047303794882
2018-01-09 06:33:00,0.5247899305698525
2018-01-09 06:36:00,0.5980194479087118
2018-01-09 06:39:00,0.6417478992018459
2018-01-09 06:42:00,0.5933947370385795
2018-01-09 06:45:00,0.6576956856287666
2018-01-09 06:48:00,0.5129694067327932
2018-01-09 06:51:00,0.596795494251694
2018-01-09 06:54:00,0.5968803776589766
2018-01-09 06:57:00,0.5409431627432468
2018-01-09 07:00:00,0.6037040483201395
2018-01-09 07:03:00,0.5374909421591951
2018-01-09 07:06:00,0.5554074372456057
2018-01-09 07:09:00,0.6461069765496745
2018-01-09 07:12:00,0.5684104632383082
2018-01-09 07:15:00,0.6160989143673419
2018-01-09 07:18:00,0.7199613905387423
2018-01-09 07:21:00,0.6574541983330846
2018-01-09 07:24:00,0.5726745388979566
2018-01-09 07:27:00,0.7674186216791554
2018-01-09 07:30:00,0.6539438738146828
2018-01-09 07:33:00,0.7385933412442682
2018-01-09 07:36:00,0.6478992610601608
2018-01-09 07:39:00,0.6138736934850044
2018-01-09 07:42:00,0.6322058678314306
2018-01-09 07:45:00,0.6118852224267926
2018-01-09 07:48:00,0.5997276472865565
2018-01-09 07:51:00,0.5822477965916164
2018-01-09 07:54:00,0.6396476294113995
2018-01-09 07:57:00,0.5907187729423526
2018-01-09 08:00:00,0.6163671173296734
2018-01-09 08:03:00,0.6664601906393273
2018-01-09 08:06:00,0.706884326640818
2018-01-09 08:09:00,0.6559564249674281
2018-01-09 08:12:00,0.6035094482420504
2018-01-09 08:15:00,0.7124413822984366
2018-01-09 08:18:00,0.6526833377836283
2018-01-09 08:21:00,0.6366588686726118
2018-01-09 08:24:00,0.6509077855761234
2018-01-09 08:27:00,0.5967261513095536
2018-01-09 08:30:00,0.6480610730636727
2018-01-09 08:33:00,0.6242685579529166
2018-01-09 08:36:00,0.6808434066156792
2018-01-09 08:39:00,0.5928317870332194
2018-01-09 08:42:00,0.5935346258796699
2018-01-09 08:45:00,0.587619321942384
2018-01-09 08:48:00,0.610062846744313
2018-01-09 08:51:00,0.5296665999281913
2018-01-09 08:54:00,0.6615892146717783
2018-01-09 08:57:00,0.7016003505665935
2018-01-09 09:00:00,0.62669511350947
2018-01-09 09:03:00,0.5949296473163486
2018-01-09 09:06:00,0.6993633197027975
2018-01-09 09:09:00,0.658116413141272
2018-01-09 09:12:00,0.5997209990550232
2018-01-09 09:15:00,0.536499004840266
2018-01-09 09:18:00,0.5328310280743267
2018-01-09 09:21:00,0.5428968884197047
2018-01-09 09:24:00,0.5061430078595777
2018-01-09 09:27:00,0.5814501497937385
2018-01-09 09:30:00,0.4113222815170161
2018-01-09 09:33:00,0.6341594620897126
2018-01-09 09:36:00,0.6013809184445904
2018-01-09 09:39:00,0.5867532588542304
2018-01-09 09:42:00,0.4724700880020123
2018-01-09 09:45:00,0.5963444281732109
2018-01-09 09:48:00,0.45130080178824983
2018-01-09 09:51:00,0.45678496771284927
2018-01-09 09:54:00,0.5313140418560351
2018-01-09 09:57:00,0.5806002576976539
2018-01-09 10:00:00,0.44296058606198585
2018-01-09 10:03:00,0.668863176141258
2018-01-09 10:06:00,0.6770018392530801
2018-01-09 10:09:00,0.6570154381703901
2018-01-09 10:12:00,0.6272866399355053
2018-01-09 10:15:00,0.6794981244927953
2018-01-09 10:18:00,0.5288370591332523
2018-01-09 10:21:00,0.5828335161932614
2018-01-09 10:24:00,0.5224263962534792
2018-01-09 10:27:00,0.5524925220079808
2018-01-09 10:30:00,0.501449269043519
2018-01-09 10:33:00,0.5321728099018515
2018-01-09 10:36:00,0.5898841335023803
2018-01-09 10:39:00,0.4591423255648124
2018-01-09 10:42:00,0.4634650467495476
2018-01-09 10:45:00,0.35493987147526695
2018-01-09 10:48:00,0.42379499226109374
2018-01-09 10:51:00,0.40243622297316506
2018-01-09 10:54:00,0.4039978772793802
2018-01-09 10:57:00,0.40576204378197644
2018-01-09 11:00:00,0.4243838362715451
2018-01-09 11:03:00,0.35167948644300395
2018-01-09 11:06:00,0.4530200001836988
2018-01-09 11:09:00,0.4187400339082501
2018-01-09 11:12:00,0.4999125882278008
2018-01-09 11:15:00,0.38137285132404486
2018-01-09 11:18:00,0.42843058926257527
2018-01-09 11:21:00,0.3157766452205806
2018-01-09 11:24:00,0.5279226999803086
2018-01-09 11:27:00,0.28590176148486535
2018-01-09 11:30:00,0.3557191950380343
2018-01-09 11:33:00,0.38139104447418504
2018-01-09 11:36:00,0.338223533984376
2018-01-09 11:39:00,0.3503639005947434
2018-01-09 11:42:00,0.39425258061714885
2018-01-09 11:45:00,0.3491652032532784
2018-01-09 11:48:00,0.3133094613384628
2018-01-09 11:51:00,0.38921836950908073
2018-01-09 11:54:00,0.2589369456135273
2018-01-09 11:57:00,0.3057535914285836
2018-01-09 12:00:00,0.4102170625578765
2018-01-09 12:03:00,0.47265690777538794
2018-01-09 12:06:00,0.39601211958694194
2018-01-09 12:09:00,0.40857718701016665
2018-01-09 12:12:00,0.39085667969942506
2018-01-09 12:15:00,0.38301683842240664
2018-01-09 12:18:00,0.2835334593507923
2018-01-09 12:21:00,0.24879088594030918
2018-01-09 12:24:00,0.3395777855862434
2018-01-09 12:27:00,0.42367998126707107
2018-01-09 12:30:00,0.3159716994160817
2018-01-09 12:33:00,0.2800036319303558
2018-01-09 12:36:00,0.22587652664623192
2018-01-09 12:39:00,0.3559944879442014
2018-01-09 12:42:00,0.34180968331645545
2018-01-09 12:45:00,0.4497348851199945
2018-01-09 12:48:00,0.37230273173912565
2018-01-09 12:51:00,0.3565910778706325
2018-01-09 12:54:00,0.27826201471390277
2018-01-09 12:57:00,0.30994842605048234
2018-01-09 13:00:00,0.36952595953812306
2018-01-09 13:03:00,0.23272213863458546
2018-01-09 13:06:00,0.3189256267617111
2018-01-09 13:09:00,0.3145971657073119
2018-01-09 13:12:00,0.2407724203363273
2018-01-09 13:15:00,0.34870969833900745
2018-01-09 13:18:00,0.381357128198033
2018-01-09 13:21:00,0.37197380699865334
2018-01-09 13:24:00,0.3943592724813243
2018-01-09 13:27:00,0.39063038158747077
2018-01-09 13:30:00,0.3560950735582651
2018-01-09 13:33:00,0.32429530439702603
2018-01-09 13:36:00,0.31292080055641236
2018-01-09 13:39:00,0.3548096994447292
2018-01-09 13:42:00,0.3445895601553275
2018-01-09 13:45:00,0.29998177611139454
2018-01-09 13:48:00,0.32128676682634705
2018-01-09 13:51:00,0.22590356578422188
2018-01-09 13:54:00,0.31756221822530506
2018-01-09 13:57:00,0.21523789123369852
2018-01-09 14:00:00,0.30970802644583273
2018-01-09 14:03:00,0.2945538539996164
2018-01-09 14:06:00,0.3349794994185231
2018-01-09 14:09:00,0.27679594783211314
2018-01-09 14:12:00,0.3099923910745588
2018-01-09 14:15:00,0.3770550175102585
2018-01-09 14:18:00,0.2782981484688207
2018-01-09 14:21:00,0.33771887246678034
2018-01-09 14:24:00,0.28635185543851094
2018-01-09 14:27:00,0.4045711192292174
2018-01-09 14:30:00,0.41736720671991634
2018-01-09 14:33:00,0.390294903591041
2018-01-09 14:36:00,0.17037340378510635
2018-01-09 14:39:00,0.22602476904580726
2018-01-09 14:42:00,0.24998641331541194
2018-01-09 14:45:00,0.3324681461155592
2018-01-09 14:48:00,0.3870483551327766
2018-01-09 14:51:00,0.3772540237372368
2018-01-09 14:54:00,0.429122673960876
2018-01-09 14:57:00,0.45585394640562527
2018-01-09 15:00:00,0.6632120579536718
2018-01-09 15:03:00,0.6339082617906229
2018-01-09 15:06:00,0.6804796270424731
2018-01-09 15:09:00,0.518875136577492
2018-01-09 15:12:00,0.3619454622395324
2018-01-09 15:15:00,0.3194307201994775
2018-01-09 15:18:00,0.4137334941297013
2018-01-09 15:21:00,0.35347997136216236
2018-01-09 15:24:00,0.3823588965948943
2018-01-09 15:27:00,0.3748609444746194
2018-01-09 15:30:00,0.4332926279693652
2018-01-09 15:33:00,0.32933500670549165
2018-01-09 15:36:00,0.4423646960022438
2018-01-09 15:39:00,0.29746525104690136
2018-01-09 15:42:00,0.3697778852841793
2018-01-09 15:45:00,0.4229371373003801
2018-01-09 15:48:00,0.4188352400187796
2018-01-09 15:51:00,0.4238953412663591
2018-01-09 15:54:00,0.4223384924382003
2018-01-09 15:57:00,0.5150946223824917
2018-01-09 16:00:00,0.4334847983631107
2018-01-09 16:03:00,0.5008006641162979
2018-01-09 16:06:00,0.5336581557900786
2018-01-09 16:09:00,0.5299244738303059
2018-01-09 16:12:00,0.643899752321829
2018-01-09 16:15:00,0.6894660764721721
2018-01-09 16:18:00,0.6202672557012079
2018-01-09 16:21:00,0.5548957640767185
2018-01-09 16:24:00,0.59332956779798
2018-01-09 16:27:00,0.6280711150769775
2018-01-09 16:30:00,0.5743215190926207
2018-01-09 16:33:00,0.5925340886516324
2018-01-09 16:36:00,0.5265544830592717
2018-01-09 16:39:00,0.5155684490949852
2018-01-09 16:42:00,0.5642399129211526
2018-01-09 16:45:00,0.4942092734625021
2018-01-09 16:48:00,0.5441937366724119
2018-01-09 16:51:00,0.5132383820788959
2018-01-09 16:54:00,0.43993296989771125
2018-01-09 16:57:00,0.51647899944561
2018-01-09 17:00:00,0.6086773859337882
2018-01-09 17:03:00,0.5271836333246256
2018-01-09 17:06:00,0.5629623390937013
2018-01-09 17:09:00,0.4951999726940812
2018-01-09 17:12:00,0.573558452819384
2018-01-09 17:15:00,0.5631555171124774
2018-01-09 17:18:00,0.450743377485594
2018-01-09 17:21:00,0.4873972964807649
2018-01-09 17:24:00,0.4761262546862781
2018-01-09 17:27:00,0.5191210405348556
2018-01-09 17:30:00,0.45434860777152153
2018-01-09 17:33:00,0.4994629590308364
2018-01-09 17:36:00,0.5266238827427969
2018-01-09 17:39:00,0.5021116576863847
2018-01-09 17:42:00,0.6057790986761233
2018-01-09 17:45:00,0.4871922892436942
2018-01-09 17:48:00,0.4849227022305058
2018-01-09 17:51:00,0.5482099263836631
2018-01-09 17:54:00,0.41953252171708755
2018-01-09 17:57:00,0.48522667869099223
2018-01-09 18:00:00,0.5824965010246501
2018-01-09 18:03:00,0.5405675682982292
2018-01-09 18:06:00,0.5541109248397902
2018-01-09 18:09:00,0.47132680857203013
2018-01-09 18:12:00,0.445237768493314
2018-01-09 18:15:00,0.47912597159239567
2018-01-09 18:18:00,0.5311840481244872
2018-01-09 18:21:00,0.5668780707431438
2018-01-09 18:24:00,0.5788431041689819
2018-01-09 18:27:00,0.6605163788775599
2018-01-09 18:30:00,0.5932835310649693
2018-01-09 18:33:00,0.6991970808010706
2018-01-09 18:36:00,0.5980475312521207
2018-01-09 18:39:00,0.668886174909403
2018-01-09 18:42:00,0.6334507974038388
2018-01-09 18:45:00,0.5770632340838233
2018-01-09 18:48:00,0.5690398463676161
2018-01-09 18:51:00,0.608259929691144
2018-01-09 18:54:00,
2018-01-09 18:57:00,
2018-01-09 19:00:00,
2018-01-09 19:03:00,
2018-01-09 19:06:00,
2018-01-09 19:09:00,0.5344693618117731
2018-01-09 19:12:00,0.5051941540464782
2018-01-09 19:15:00,0.6391494818005867
2018-01-09 19:18:00,0.5605055728522643
2018-01-09 19:21:00,0.5010051005193077
2018-01-09 19:24:00,0.4149446137600421
2018-01-09 19:27:00,0.46396538966206435
2018-01-09 19:30:00,0.5912539401529102
2018-01-09 19:33:00,0.46624420479855644
2018-01-09 19:36:00,0.6393298806942198
2018-01-09 19:39:00,0.5870020182283611
2018-01-09 19:42:00,0.659652807029488
2018-01-09 19:45:00,0.6387958918937215
2018-01-09 19:48:00,0.7111295625586536
2018-01-09 19:51:00,0.7165088368676606
2018-01-09 19:54:00,0.7362819038232828
2018-01-09 19:57:00,0.7212317360051657
2018-01-09 20:00:00,0.7201635628885583
2018-01-09 20:03:00,0.7479340635243261
2018-01-09 20:06:00,0.7800119487878305
2018-01-09 20:09:00,0.8097683416081054
2018-01-09 20:12:00,0.8069653374084851
2018-01-09 20:15:00,0.8793916685935415
2018-01-09 20:18:00,0.7594126781493173
2018-01-09 20:21:00,0.7523184713694491
2018-01-09 20:24:00,0.6603295928771331
2018-01-09 20:27:00,0.8656995676772112
2018-01-09 20:30:00,0.7731845388236138
2018-01-09 20:33:00,0.7466468919065505
2018-01-09 20:36:00,0.8444661698047753
2018-01-09 20:39:00,0.8210726469662859
2018-01-09 20:42:00,0.6925659529580344
2018-01-09 20:45:00,0.8396076789152858
2018-01-09 20:48:00,0.8036108336268626
2018-01-09 20:51:00,0.6944483112282
2018-01-09 20:54:00,0.6649805442398247
2018-01-09 20:57:00,0.648048366334649
2018-01-09 21:00:00,0.7497318212894015
2018-01-09 21:03:00,0.7038003612167358
2018-01-09 21:06:00,0.6425543274420988
2018-01-09 21:09:00,0.6579593678974334
2018-01-09 21:12:00,0.5888682878613167
2018-01-09 21:15:00,0.5804950558535324
2018-01-09 21:18:00,0.5003343441775883
2018-01-09 21:21:00,0.6005153513300456
2018-01-09 21:24:00,0.58920358565382
2018-01-09 21:27:00,0.6894787051156754
2018-01-09 21:30:00,0.6103066841087639
2018-01-09 21:33:00,0.6722655310716732
2018-01-09 21:36:00,0.6449666369453553
2018-01-09 21:39:00,0.6863416140596996
2018-01-09 21:42:00,0.6391615549339917
2018-01-09 21:45:00,0.566763785887531
2018-01-09 21:48:00,0.5407427507595912
2018-01-09 21:51:00,0.5402727420599263
2018-01-09 21:54:00,0.6131461280742201
2018-01-09 21:57:00,0.6532541605631081
2018-01-09 22:00:00,0.6714340687887557
2018-01-09 22:03:00,0.5617689718732208
2018-01-09 22:06:00,0.6774847712116525
2018-01-09 22:09:00,0.601126108385813
2018-01-09 22:12:00,0.602502786917114
2018-01-09 22:15:00,0.7218318201663578
2018-01-09 22:18:00,0.6340863398350507
2018-01-09 22:21:00,0.7026052933978235
2018-01-09 22:24:00,0.7297371350469462
2018-01-09 22:27:00,0.595669201961357
2018-01-09 22:30:00,0.6527980179938027
2018-01-09 22:33:00,0.5592332682932692
2018-01-09 22:36:00,0.5467522485764107
2018-01-09 22:39:00,0.698035857505829
2018-01-09 22:42:00,0.6370410420533972
2018-01-09 22:45:00,0.6408307442476371
2018-01-09 22:48:00,0.5848745238213269
2018-01-09 22:51:00,0.5406335617743707
2018-01-09 22:54:00,0.7953421823546023
2018-01-09 22:57:00,0.6621785795558708
2018-01-09 23:00:00,0.6900482469707754
2018-01-09 23:03:00,0.5705159553885437
2018-01-09 23:06:00,0.6743832872848543
2018-01-09 23:09:00,0.640766546653083
2018-01-09 23:12:00,0.5987455370100747
2018-01-09 23:15:00,0.6566569381142813
2018-01-09 23:18:00,0.6182551635529308
2018-01-09 23:21:00,0.6449813912788045
2018-01-09 23:24:00,0.5549865709262463
2018-01-09 23:27:00,0.6644061353231905
2018-01-09 23:30:00,0.6832421040755321
2018-01-09 23:33:00,0.61127676750192
2018-01-09 23:36:00,0.665371895233875
2018-01-09 23:39:00,0.6743480647043043
2018-01-09 23:42:00,0.6313215361481639
2018-01-09 23:45:00,0.6684498245681993
2018-01-09 23:48:00,0.7342238717482132
2018-01-09 23:51:00,0.6795349775621844
2018-01-09 23:54:00,0.5774423445344041
2018-01-09 23:57:00,0.6025598327596526
2018-01-10 00:00:00,0.5849057325637546
2018-01-10 00:03:00,0.630796313805547
2018-01-10 00:06:00,0.6200222061582394
2018-01-10 00:09:00,0.6247989541432162
2018-01-10 00:12:00,0.6049340933450367
2018-01-10 00:15:00,0.655237365920982
2018-01-10 00:18:00,0.634152549097621
2018-01-10 00:21:00,0.5909160899929589
2018-01-10 00:24:00,0.7211561491027965
2018-01-10 00:27:00,0.638343673333452
2018-01-10 00:30:00,0.6395450224778756
2018-01-10 00:33:00,0.6027148158354407
2018-01-10 00:36:00,0.6401982787893417
2018-01-10 00:39:00,0.6000760313423825
2018-01-10 00:42:00,0.5830381639383972
2018-01-10 00:45:00,0.6090715401664966
2018-01-10 00:48:00,0.6215692804952369
2018-01-10 00:51:00,0.5995828855959644
2018-01-10 00:54:00,0.5912637064625414
2018-01-10 00:57:00,0.5748340181973504
2018-01-10 01:00:00,0.6016058976782688
2018-01-10 01:03:00,0.6467303887224034
2018-01-10 01:06:00,0.6659614004940977
2018-01-10 01:09:00,0.625765347021968
2018-01-10 01:12:00,0.5690375871706124
2018-01-10 01:15:00,0.5832331919694411
2018-01-10 01:18:00,0.6572646916196732
2018-01-10 01:21:00,0.6500482746090483
2018-01-10 01:24:00,0.6812636764481113
2018-01-10 01:27:00,0.5714751060439767
2018-01-10 01:30:00,0.5447177303987019
2018-01-10 01:33:00,0.6532727797899724
2018-01-10 01:36:00,0.6083919676876235
2018-01-10 01:39:00,0.5461911498667291
2018-01-10 01:42:00,0.6032789837666428
2018-01-10 01:45:00,0.6533111562429781
2018-01-10 01:48:00,0.7238286066729529
2018-01-10 01:51:00,0.7274426171763935
2018-01-10 01:54:00,0.6301861574466443
2018-01-10 01:57:00,0.5921933286492163
2018-01-10 02:00:00,0.6571194168708416
2018-01-10 02:03:00,0.6776213967956437
2018-01-10 02:06:00,0.7595808770153099
2018-01-10 02:09:00,0.6445302155029822
2018-01-10 02:12:00,0.7324667915159466
2018-01-10 02:15:00,0.5665073103239706
2018-01-10 02:18:00,0.6482098584458527
2018-01-10 02:21:00,0.6799512508503085
2018-01-10 02:24:00,0.7255930849188985
2018-01-10 02:27:00,0.6668929074425591
2018-01-10 02:30:00,0.7292951864010888
2018-01-10 02:33:00,0.7068564058952802
2018-01-10 02:36:00,0.6023847502476087
2018-01-10 02:39:00,0.699556330998405
2018-01-10 02:42:00,0.6431597636316155
2018-01-10 02:45:00,0.6942216252063531
2018-01-10 02:48:00,0.6195328616676647
2018-01-10 02:51:00,0.6366233066414111
2018-01-10 02:54:00,0.6221761569325395
2018-01-10 02:57:00,0.6433343511926637
2018-01-10 03:00:00,0.6403400430253328
2018-01-10 03:03:00,0.7062938271877215
2018-01-10 03:06:00,0.6992686133630173
2018-01-10 03:09:00,0.6569815757574133
2018-01-10 03:12:00,0.6789686851538477
2018-01-10 03:15:00,0.5451810890141928
2018-01-10 03:18:00,0.7624579567446403
2018-01-10 03:21:00,0.6395299762368154
2018-01-10 03:24:00,0.6062795339555009
2018-01-10 03:27:00,0.6598704866287335
2018-01-10 03:30:00,0.6758198623285239
2018-01-10 03:33:00,0.6211295268481649
2018-01-10 03:36:00,0.6386147834176654
2018-01-10 03:39:00,0.5654287766409993
2018-01-10 03:42:00,0.5962214486560242
2018-01-10 03:45:00,0.6834507628612414
2018-01-10 03:48:00,0.71971816761328
2018-01-10 03:51:00,0.6210923388532024
2018-01-10 03:54:00,0.6912891455210115
2018-01-10 03:57:00,0.638562213939565
2018-01-10 04:00:00,0.5983073444593288
2018-01-10 04:03:00,0.7138642206503505
2018-01-10 04:06:00,0.640820388751763
2018-01-10 04:09:00,0.707028956181091
2018-01-10 04:12:00,0.6435994464657142
2018-01-10 04:15:00,0.735045668301268
2018-01-10 04:18:00,0.5918515417474737
2018-01-10 04:21:00,0.5631684376664907
2018-01-10 04:24:00,0.6586774883974726
2018-01-10 04:27:00,0.6443760347801231
2018-01-10 04:30:00,0.7337776899237269
2018-01-10 04:33:00,0.731610135248502
2018-01-10 04:36:00,0.6629175478114462
2018-01-10 04:39:00,0.6548990047643315
2018-01-10 04:42:00,0.651433747463102
2018-01-10 04:45:00,0.7044697311769141
2018-01-10 04:48:00,0.5889383794566925
2018-01-10 04:51:00,0.613295256606591
2018-01-10 04:54:00,0.5735320923959648
2018-01-10 04:57:00,0.7537555091241188
2018-01-10 05:00:00,0.6855897431142921
2018-01-10 05:03:00,0.6440176431707982
2018-01-10 05:06:00,0.6156298581487931
2018-01-10 05:09:00,0.705564216641335
2018-01-10 05:12:00,0.6979484893134327
2018-01-10 05:15:00,0.6153721957942935
2018-01-10 05:18:00,0.6895958953184618
2018-01-10 05:21:00,0.7159858441506799
2018-01-10 05:24:00,0.6825007664024838
2018-01-10 05:27:00,0.6504258669896217
2018-01-10 05:30:00,0.664862749824124
2018-01-10 05:33:00,0.6938104053820098
2018-01-10 05:36:00,0.6626621332429181
2018-01-10 05:39:00,0.8044129515724308
2018-01-10 05:42:00,0.7675605728068717
2018-01-10 05:45:00,0.708652851824354
2018-01-10 05:48:00,0.7006457078115318
2018-01-10 05:51:00,0.7430311052528964
2018-01-10 05:54:00,0.7049252946090405
2018-01-10 05:57:00,0.8057940799157564
2018-01-10 06:00:00,0.74001758082062
2018-01-10 06:03:00,0.7245672001824914
2018-01-10 06:06:00,0.7014122387166708
2018-01-10 06:09:00,0.5605911753443138
2018-01-10 06:12:00,0.7302020928759703
2018-01-10 06:15:00,0.6176044153195335
2018-01-10 06:18:00,0.7011591636041317
2018-01-10 06:21:00,0.6641650554764169
2018-01-10 06:24:00,0.7408951008429767
2018-01-10 06:27:00,0.5577909245844808
2018-01-10 06:30:00,0.8273984613903167
2018-01-10 06:33:00,0.5914640729125722
2018-01-10 06:36:00,0.6715706482389123
2018-01-10 06:39:00,0.6046456230803301
2018-01-10 06:42:00,0.6285275933314551
2018-01-10 06:45:00,0.551376980278178
2018-01-10 06:48:00,0.5921501690542641
2018-01-10 06:51:00,0.6277077521286856
2018-01-10 06:54:00,0.6159191997803646
2018-01-10 06:57:00,0.6060483626533824
2018-01-10 07:00:00,0.6160887595606823
2018-01-10 07:03:00,0.676555863079443
2018-01-10 07:06:00,0.638500547397939
2018-01-10 07:09:00,0.5989741349251858
2018-01-10 07:12:00,0.6265248739245521
2018-01-10 07:15:00,0.6768638727853045
2018-01-10 07:18:00,0.6230277497909356
2018-01-10 07:21:00,0.6218876703528622
2018-01-10 07:24:00,0.6434879777668812
2018-01-10 07:27:00,0.6476771401875112
2018-01-10 07:30:00,0.6768702703357121
2018-01-10 07:33:00,0.6053266228532266
2018-01-10 07:36:00,0.5935241146901262
2018-01-10 07:39:00,0.6747120684174206
2018-01-10 07:42:00,0.8034135812570184
2018-01-10 07:45:00,0.6502204330416248
2018-01-10 07:48:00,0.7372239299550074
2018-01-10 07:51:00,0.6981407938299071
2018-01-10 07:54:00,0.6920627802731474
2018-01-10 07:57:00,0.6291556657227488
2018-01-10 08:00:00,0.7410049370433853
2018-01-10 08:03:00,0.6942259197796261
2018-01-10 08:06:00,0.7550851292197649
2018-01-10 08:09:00,0.6012702753089911
2018-01-10 08:12:00,0.6910349024612401
2018-01-10 08:15:00,0.5769313781036658
2018-01-10 08:18:00,0.6185238295731779
2018-01-10 08:21:00,0.6248182433722604
2018-01-10 08:24:00,0.6158213184122587
2018-01-10 08:27:00,0.6756835499815566
2018-01-10 08:30:00,0.6716743748332306
2018-01-10 08:33:00,0.6739900621831225
2018-01-10 08:36:00,0.6111006715202052
2018-01-10 08:39:00,0.6866581512010157
2018-01-10 08:42:00,0.7222505888934734
2018-01-10 08:45:00,0.6736193972556066
2018-01-10 08:48:00,0.6960400334751853
2018-01-10 08:51:00,0.5394089294869673
2018-01-10 08:54:00,0.532650214299963
2018-01-10 08:57:00,0.6037973438386643
2018-01-10 09:00:00,0.5475131523709251
2018-01-10 09:03:00,0.4386215736397503
2018-01-10 09:06:00,0.5080302251835178
2018-01-10 09:09:00,0.4713398333208261
2018-01-10 09:12:00,0.4868863288407965
2018-01-10 09:15:00,0.4684987622429162
2018-01-10 09:18:00,0.41314338659543637
2018-01-10 09:21:00,0.46206469738336864
2018-01-10 09:24:00,0.45463435991416645
2018-01-10 09:27:00,0.5468627943634488
2018-01-10 09:30:00,0.49027604735965724
2018-01-10 09:33:00,0.44224380096039795
2018-01-10 09:36:00,0.42664810887907834
2018-01-10 09:39:00,0.4062826648507212
2018-01-10 09:42:00,0.4216562456806514
2018-01-10 09:45:00,0.4439904573372928
2018-01-10 09:48:00,0.3470487187190656
2018-01-10 09:51:00,0.44886920095189
2018-01-10 09:54:00,0.3286513192552434
2018-01-10 09:57:00,0.525919675022692
2018-01-10 10:00:00,0.26254827205713127
2018-01-10 10:03:00,0.29741002985923615
2018-01-10 10:06:00,0.28886844831896497
2018-01-10 10:09:00,0.23244164215213914
2018-01-10 10:12:00,0.2278702730706641
2018-01-10 10:15:00,0.19474565872849325
2018-01-10 10:18:00,0.25470388199306626
2018-01-10 10:21:00,0.24633279616244863
2018-01-10 10:24:00,0.1156524813459896
2018-01-10 10:27:00,0.162042654699178
2018-01-10 10:30:00,0.2001768492878
2018-01-10 10:33:00,0.10313375093352306
2018-01-10 10:36:00,0.2680558628813401
2018-01-10 10:39:00,0.06869235255851436
2018-01-10 10:42:00,0.1678734421224135
2018-01-10 10:45:00,0.16839381666750342
2018-01-10 10:48:00,0.15579064620402505
2018-01-10 10:51:00,0.17870272249257368
2018-01-10 10:54:00,0.22459929835525827
2018-01-10 10:57:00,0.15799028548718752
2018-01-10 11:00:00,0.20668390724091523
2018-01-10 11:03:00,0.04153142123203679
2018-01-10 11:06:00,0.06520106178015794
2018-01-10 11:09:00,0.07502368231791934
2018-01-10 11:12:00,-0.04279221555214008
2018-01-10 11:15:00,0.06584606825566652
2018-01-10 11:18:00,-0.004404345653881592
2018-01-10 11:21:00,0.10432146176475499
2018-01-10 11:24:00,-0.026243403725288772
2018-01-10 11:27:00,0.009447628227633231
2018-01-10 11:30:00,0.08099176774663874
2018-01-10 11:33:00,-0.03776153434267826
2018-01-10 11:36:00,0.007089914371420036
2018-01-10 11:39:00,-0.08751683487190576
2018-01-10 11:42:00,0.11351604484707423
2018-01-10 11:45:00,-0.03950212872467773
2018-01-10 11:48:00,0.02257294954824829
2018-01-10 11:51:00,0.05594630218649854
2018-01-10 11:54:00,-0.07585831158900191
2018-01-10 11:57:00,0.02342747685440827
2018-01-10 12:00:00,-0.08235393319677087
2018-01-10 12:03:00,-0.013012996675684008
2018-01-10 12:06:00,-0.03399505440313533
2018-01-10 12:09:00,0.012208876418299042
2018-01-10 12:12:00,-0.0488188153319129
2018-01-10 12:15:00,-0.06446385657102383
2018-01-10 12:18:00,-0.014607719135426578
2018-01-10 12:21:00,-0.20234321073007777
2018-01-10 12:24:00,-0.03197735553504799
2018-01-10 12:27:00,-0.11734585783733564
2018-01-10 12:30:00,-0.039665419059815576
2018-01-10 12:33:00,-0.042220982818093944
2018-01-10 12:36:00,-0.16889526753163864
2018-01-10 12:39:00,-0.01030225838132992
2018-01-10 12:42:00,-0.09960087054929545
2018-01-10 12:45:00,-0.0003910727483003029
2018-01-10 12:48:00,-0.056847242956052924
2018-01-10 12:51:00,0.12468192363002117
2018-01-10 12:54:00,0.10941127014683616
2018-01-10 12:57:00,0.13688573028559858
2018-01-10 13:00:00,0.14784402476914238
2018-01-10 13:03:00,0.1465443342733579
2018-01-10 13:06:00,0.15157350126423808
2018-01-10 13:09:00,0.0862309806722692
2018-01-10 13:12:00,-0.00528625273614125
2018-01-10 13:15:00,-0.02885793385598845
2018-01-10 13:18:00,0.09745117225418198
2018-01-10 13:21:00,-0.053332213240537385
2018-01-10 13:24:00,-0.051755108247618864
2018-01-10 13:27:00,0.0033617639563772173
2018-01-10 13:30:00,-0.002373117254933277
2018-01-10 13:33:00,0.02980617159664689
2018-01-10 13:36:00,0.02615619003483971
2018-01-10 13:39:00,-0.052096901910829274
2018-01-10 13:42:00,-0.1249095336739856
2018-01-10 13:45:00,-0.04717658389273538
2018-01-10 13:48:00,-0.06427102788461525
2018-01-10 13:51:00,0.10512801814479644
2018-01-10 13:54:00,-0.002554100378858948
2018-01-10 13:57:00,0.029303629448349966
2018-01-10 14:00:00,-0.09994589821837963
2018-01-10 14:03:00,-0.046468482571754066
2018-01-10 14:06:00,-0.2608827327686072
2018-01-10 14:09:00,-0.1438944622306053
2018-01-10 14:12:00,-0.323040587339392
2018-01-10 14:15:00,-0.0852484258948607
2018-01-10 14:18:00,-0.11556734157329629
2018-01-10 14:21:00,-0.03452853323102545
2018-01-10 14:24:00,-0.07579928177909778
2018-01-10 14:27:00,-0.12256739038849673
2018-01-10 14:30:00,-0.09283857886998703
2018-01-10 14:33:00,-0.1578689097419783
2018-01-10 14:36:00,-0.14841218613020146
2018-01-10 14:39:00,-0.1592569329581579
2018-01-10 14:42:00,-0.12695505991376876
2018-01-10 14:45:00,-0.07422177614091652
2018-01-10 14:48:00,-0.10511023805577224
2018-01-10 14:51:00,-0.0946907721632897
2018-01-10 14:54:00,-0.028738263781576734
2018-01-10 14:57:00,-0.09789046280724278
2018-01-10 15:00:00,-0.26636279404272045
2018-01-10 15:03:00,-0.1184090298903584
2018-01-10 15:06:00,-0.2100842911107179
2018-01-10 15:09:00,-0.2428699789729194
2018-01-10 15:12:00,-0.1810501141794134
2018-01-10 15:15:00,-0.25615231357716084
2018-01-10 15:18:00,-0.1261014061832384
2018-01-10 15:21:00,-0.11872027232038818
2018-01-10 15:24:00,-0.05570370238922351
2018-01-10 15:27:00,-0.16216232387012042
2018-01-10 15:30:00,-0.12423609374957323
2018-01-10 15:33:00,-0.05984018181027295
2018-01-10 15:36:00,-0.0212919789283319
2018-01-10 15:39:00,-0.014671776606860476
2018-01-10 15:42:00,-0.020609496171971387
2018-01-10 15:45:00,0.061516651980696224
2018-01-10 15:48:00,0.017528999735816342
2018-01-10 15:51:00,0.1646451117446759
2018-01-10 15:54:00,0.09892636357670881
2018-01-10 15:57:00,0.16340068812957043
2018-01-10 16:00:00,-0.023156158478229827
2018-01-10 16:03:00,0.021899553961418405
2018-01-10 16:06:00,-0.010204644432633359
2018-01-10 16:09:00,0.2116803894409145
2018-01-10 16:12:00,0.3109902104836806
2018-01-10 16:15:00,0.3086403571354026
2018-01-10 16:18:00,0.4470086419319159
2018-01-10 16:21:00,0.4590212552661228
2018-01-10 16:24:00,0.27661546869353515
2018-01-10 16:27:00,0.2477281459152323
2018-01-10 16:30:00,0.3815996311610661
2018-01-10 16:33:00,0.40852472592803224
2018-01-10 16:36:00,0.5663476564676557
2018-01-10 16:39:00,0.429606865452115
2018-01-10 16:42:00,0.4022668370547535
2018-01-10 16:45:00,0.27741488874210063
2018-01-10 16:48:00,0.14967721852656268
2018-01-10 16:51:00,0.00328951463040994
2018-01-10 16:54:00,-0.07575206909558574
2018-01-10 16:57:00,0.1349229388947606
2018-01-10 17:00:00,0.11173427504502342
2018-01-10 17:03:00,0.2769317559896649
2018-01-10 17:06:00,0.27084611261579994
2018-01-10 17:09:00,0.3006240180642976
2018-01-10 17:12:00,0.3771288571048217
2018-01-10 17:15:00,0.33906897732077823
2018-01-10 17:18:00,0.34090505436228113
2018-01-10 17:21:00,0.23180041608412694
2018-01-10 17:24:00,0.330983583734735
2018-01-10 17:27:00,0.3900163893125068
2018-01-10 17:30:00,0.3231018076373857
2018-01-10 17:33:00,0.38008143363811087
2018-01-10 17:36:00,0.3504288666541129
2018-01-10 17:39:00,0.327392257811141
2018-01-10 17:42:00,0.36949183709612043
2018-01-10 17:45:00,0.285190935325943
2018-01-10 17:48:00,0.25299273660942845
2018-01-10 17:51:00,0.36727660827773434
2018-01-10 17:54:00,0.24703778553345046
2018-01-10 17:57:00,0.25047988202783245
2018-01-10 18:00:00,0.21760484627645837
2018-01-10 18:03:00,0.15608437546069354
2018-01-10 18:06:00,0.13537912826024012
2018-01-10 18:09:00,0.09385282972175446
2018-01-10 18:12:00,0.12049212800246778
2018-01-10 18:15:00,0.20185225288781794
2018-01-10 18:18:00,0.15051940760707794
2018-01-10 18:21:00,0.17988739517545582
2018-01-10 18:24:00,0.2059859745945687
2018-01-10 18:27:00,0.3362835719293571
2018-01-10 18:30:00,0.392472015176736
2018-01-10 18:33:00,0.5151699462173269
2018-01-10 18:36:00,0.4447994673361677
2018-01-10 18:39:00,0.4031969401893889
2018-01-10 18:42:00,0.3674185964599701
2018-01-10 18:45:00,0.30599094350799305
2018-01-10 18:48:00,0.32594828644329255
2018-01-10 18:51:00,
2018-01-10 18:54:00,
2018-01-10 18:57:00,
2018-01-10 19:00:00,
2018-01-10 19:03:00,0.3650867743475601
2018-01-10 19:06:00,0.2613738222099755
2018-01-10 19:09:00,0.26417339723542455
2018-01-10 19:12:00,0.3062406885295559
2018-01-10 19:15:00,0.39206357975598394
2018-01-10 19:18:00,0.3751344695213561
2018-01-10 19:21:00,0.293175150360355
2018-01-10 19:24:00,0.35201872696325154
2018-01-10 19:27:00,0.29863241279076647
2018-01-10 19:30:00,0.32147522847270693
2018-01-10 19:33:00,0.3632598320492093
2018-01-10 19:36:00,0.3498433907150229
2018-01-10 19:39:00,0.2483490916147275
2018-01-10 19:42:00,0.30259711484268337
2018-01-10 19:45:00,0.3550926063152815
2018-01-10 19:48:00,0.37011863955484614
2018-01-10 19:51:00,0.3085756261755819
2018-01-10 19:54:00,0.39781285729418414
2018-01-10 19:57:00,0.3659317063733738
2018-01-10 20:00:00,0.36176676208816616
2018-01-10 20:03:00,0.3789063266261792
2018-01-10 20:06:00,0.37584188896414616
2018-01-10 20:09:00,0.39994192817306384
2018-01-10 20:12:00,0.4084429846552666
2018-01-10 20:15:00,0.3624577780977347
2018-01-10 20:18:00,0.399842110599252
2018-01-10 20:21:00,0.34274225831018157
2018-01-10 20:24:00,0.3008966462152216
2018-01-10 20:27:00,0.319992226351701
2018-01-10 20:30:00,0.39468507905320394
2018-01-10 20:33:00,0.35059464289957987
2018-01-10 20:36:00,0.3379240174853635
2018-01-10 20:39:00,0.28570554146182303
2018-01-10 20:42:00,0.4340612251769471
2018-01-10 20:45:00,0.4176515291239298
2018-01-10 20:48:00,0.37438007938976625
2018-01-10 20:51:00,0.3840530099183752
2018-01-10 20:54:00,0.324822705295162
2018-01-10 20:57:00,0.3350786726081765
2018-01-10 21:00:00,0.37857112921005864
2018-01-10 21:03:00,0.2924400054673697
2018-01-10 21:06:00,0.2346987169738668
2018-01-10 21:09:00,0.2671085227594858
2018-01-10 21:12:00,0.36650213201068027
2018-01-10 21:15:00,0.4132709551408311
2018-01-10 21:18:00,0.49930778580016977
2018-01-10 21:21:00,0.47257337203370753
2018-01-10 21:24:00,0.5689891175600224
2018-01-10 21:27:00,0.4714283685755163
2018-01-10 21:30:00,0.5180413568908193
2018-01-10 21:33:00,0.37469519829147657
2018-01-10 21:36:00,0.34347124108103344
2018-01-10 21:39:00,0.3200281983689024
2018-01-10 21:42:00,0.42994660341133795
2018-01-10 21:45:00,0.35444250594827054
2018-01-10 21:48:00,0.36904720073772523
2018-01-10 21:51:00,0.46225506708049124
2018-01-10 21:54:00,0.3953487085416896
2018-01-10 21:57:00,0.47047723172335054
2018-01-10 22:00:00,0.4213926386559024
2018-01-10 22:03:00,0.5132646857738905
2018-01-10 22:06:00,0.4313707386272654
2018-01-10 22:09:00,0.44756423386417055
2018-01-10 22:12:00,0.4350783472767148
2018-01-10 22:15:00,0.3825128494358978
2018-01-10 22:18:00,0.4431499305601392
2018-01-10 22:21:00,0.3823989683846776
2018-01-10 22:24:00,0.3489535708521885
2018-01-10 22:27:00,0.467722602315348
2018-01-10 22:30:00,0.4005296445657791
2018-01-10 22:33:00,0.46823578215901307
2018-01-10 22:36:00,0.49481999960630674
2018-01-10 22:39:00,0.44400504163547794
2018-01-10 22:42:00,0.4076192548454287
2018-01-10 22:45:00,0.5317191812501392
2018-01-10 22:48:00,0.44005190065615807
2018-01-10 22:51:00,0.41429259173054334
2018-01-10 22:54:00,0.4317933333149995
2018-01-10 22:57:00,0.4120003552099547
2018-01-10 23:00:00,0.43015331872823026
2018-01-10 23:03:00,0.4297376480263324
2018-01-10 23:06:00,0.47576461244807433
2018-01-10 23:09:00,0.5307355791895816
2018-01-10 23:12:00,0.4465293145794931
2018-01-10 23:15:00,0.4321396852189423
2018-01-10 23:18:00,0.4758955909735505
2018-01-10 23:21:00,0.5041061611275381
2018-01-10 23:24:00,0.5379430648081893
2018-01-10 23:27:00,0.5316995115353507
2018-01-10 23:30:00,0.430727784890621
2018-01-10 23:33:00,0.4329183207153733
2018-01-10 23:36:00,0.39599445935181166
2018-01-10 23:39:00,0.3379976420482649
2018-01-10 23:42:00,0.43885099108939585
2018-01-10 23:45:00,0.5165957489093103
2018-01-10 23:48:00,0.535555510678023
2018-01-10 23:51:00,0.47279864781080505
2018-01-10 23:54:00,0.56602721672499
2018-01-10 23:57:00,0.5180454858524399
2018-01-11 00:00:00,0.5590176242920961
2018-01-11 00:03:00,0.6687330240089864
2018-01-11 00:06:00,0.746471580942
2018-01-11 00:09:00,0.7391695256597473
2018-01-11 00:12:00,0.6156738712712695
2018-01-11 00:15:00,0.473053311779438
2018-01-11 00:18:00,0.3935953055852224
2018-01-11 00:21:00,0.2805678553273765
2018-01-11 00:24:00,0.3428159733188636
2018-01-11 00:27:00,0.43372069407746494
2018-01-11 00:30:00,0.3988694619030184
2018-01-11 00:33:00,0.40579932537315244
2018-01-11 00:36:00,0.3384919030560809
2018-01-11 00:39:00,0.36762680988169905
2018-01-11 00:42:00,0.47147643286530183
2018-01-11 00:45:00,0.5555538351574114
2018-01-11 00:48:00,0.4670850807615352
2018-01-11 00:51:00,0.432642142320276
2018-01-11 00:54:00,0.41148166809773556
2018-01-11 00:57:00,0.5002750657878323
2018-01-11 01:00:00,0.43630560007773056
2018-01-11 01:03:00,0.44737865517066666
2018-01-11 01:06:00,0.46382978803166
2018-01-11 01:09:00,0.436705142585879
2018-01-11 01:12:00,0.506419638440434
2018-01-11 01:15:00,0.47991543875752996
2018-01-11 01:18:00,0.5216131049977548
2018-01-11 01:21:00,0.4929930318968445
2018-01-11 01:24:00,0.46175344440024446
2018-01-11 01:27:00,0.4421112752379486
2018-01-11 01:30:00,0.4604033340140177
2018-01-11 01:33:00,0.4957751808578337
2018-01-11 01:36:00,0.46369744618658615
2018-01-11 01:39:00,0.33673665626486127
2018-01-11 01:42:00,0.44533100155115335
2018-01-11 01:45:00,0.44732437833459926
2018-01-11 01:48:00,0.3135119507939521
2018-01-11 01:51:00,0.4236812865149773
2018-01-11 01:54:00,0.4429641509883595
2018-01-11 01:57:00,0.46052215264211327
2018-01-11 02:00:00,0.3604417525390886
2018-01-11 02:03:00,0.46485255835483485
2018-01-11 02:06:00,0.5324495379402379
2018-01-11 02:09:00,0.41219372846586566
2018-01-11 02:12:00,0.3918474463567918
2018-01-11 02:15:00,0.4333648131735117
2018-01-11 02:18:00,0.37927926453494365
2018-01-11 02:21:00,0.5379884023726618
2018-01-11 02:24:00,0.5342602634980267
2018-01-11 02:27:00,0.5167851740356468
2018-01-11 02:30:00,0.4475792221697361
2018-01-11 02:33:00,0.4997264786183564
2018-01-11 02:36:00,0.47472428332361005
2018-01-11 02:39:00,0.5455297034927185
2018-01-11 02:42:00,0.3724836880312523
2018-01-11 02:45:00,0.4108742071181837
2018-01-11 02:48:00,0.478557511651843
2018-01-11 02:51:00,0.4158867717256953
2018-01-11 02:54:00,0.35759474137415737
2018-01-11 02:57:00,0.39400483225438165
2018-01-11 03:00:00,0.4941967377433798
2018-01-11 03:03:00,0.544371753799112
2018-01-11 03:06:00,0.5476323445191724
2018-01-11 03:09:00,0.5119954451588455
2018-01-11 03:12:00,0.49833186675795105
2018-01-11 03:15:00,0.3994469879320377
2018-01-11 03:18:00,0.4681322494315623
2018-01-11 03:21:00,0.47024477838482426
2018-01-11 03:24:00,0.45324129302241545
2018-01-11 03:27:00,0.4712138195974376
2018-01-11 03:30:00,0.49527372459067465
2018-01-11 03:33:00,0.5974830157346673
2018-01-11 03:36:00,0.6226829185451948
2018-01-11 03:39:00,0.5062624075405324
2018-01-11 03:42:00,0.494334702095955
2018-01-11 03:45:00,0.5522622374601838
2018-01-11 03:48:00,0.5320672128059414
2018-01-11 03:51:00,0.420685375453445
2018-01-11 03:54:00,0.5104758152077693
2018-01-11 03:57:00,0.4610968758044578
2018-01-11 04:00:00,0.42570499662554084
2018-01-11 04:03:00,0.4285186480493621
2018-01-11 04:06:00,0.366466973289846
2018-01-11 04:09:00,0.5529603220194304
2018-01-11 04:12:00,0.37994479918353363
2018-01-11 04:15:00,0.4413763448986856
2018-01-11 04:18:00,0.3970989938032403
2018-01-11 04:21:00,0.48925043664240775
2018-01-11 04:24:00,0.4512462532603081
2018-01-11 04:27:00,0.4492940008894948
2018-01-11 04:30:00,0.47615094226080146
2018-01-11 04:33:00,0.5190088001289723
2018-01-11 04:36:00,0.5300124619613484
2018-01-11 04:39:00,0.4730970723159089
2018-01-11 04:42:00,0.4607451342994864
2018-01-11 04:45:00,0.4865378167192489
2018-01-11 04:48:00,0.5106946356219737
2018-01-11 04:51:00,0.49562938057215433
2018-01-11 04:54:00,0.4906804567517611
2018-01-11 04:57:00,0.47908840396064534
2018-01-11 05:00:00,0.5117888309862906
2018-01-11 05:03:00,0.47307018864808015
2018-01-11 05:06:00,0.5291458965493803
2018-01-11 05:09:00,0.5505052382816871
2018-01-11 05:12:00,0.5490086124783033
2018-01-11 05:15:00,0.49086817668080585
2018-01-11 05:18:00,0.5419157894221485
2018-01-11 05:21:00,0.506859884744415
2018-01-11 05:24:00,0.6500931096176714
2018-01-11 05:27:00,0.5955584942024075
2018-01-11 05:30:00,0.5202111903674904
2018-01-11 05:33:00,0.6066830132417635
2018-01-11 05:36:00,0.5533302254127648
2018-01-11 05:39:00,0.6170327136034075
2018-01-11 05:42:00,0.6786921242084532
2018-01-11 05:45:00,0.6629695686082755
2018-01-11 05:48:00,0.5620095865176609
2018-01-11 05:51:00,0.5678405838854133
2018-01-11 05:54:00,0.5505658803302822
2018-01-11 05:57:00,0.6273510357233931
2018-01-11 06:00:00,0.6081074435860501
2018-01-11 06:03:00,0.4306088417883984
2018-01-11 06:06:00,0.5604306938670334
2018-01-11 06:09:00,0.48034944249985756
2018-01-11 06:12:00,0.5458859340619711
2018-01-11 06:15:00,0.5473868867318288
2018-01-11 06:18:00,0.5459493942287281
2018-01-11 06:21:00,0.5798002713117398
2018-01-11 06:24:00,0.624893557879318
2018-01-11 06:27:00,0.5393725040823938
2018-01-11 06:30:00,0.5653526606262744
2018-01-11 06:33:00,0.6018764361151057
2018-01-11 06:36:00,0.6044913177154285
2018-01-11 06:39:00,0.5917819078833304
2018-01-11 06:42:00,0.5052684448405103
2018-01-11 06:45:00,0.5788643525339126
2018-01-11 06:48:00,0.5226101656439255
2018-01-11 06:51:00,0.5152977595733432
2018-01-11 06:54:00,0.5150539561852838
2018-01-11 06:57:00,0.4798818093067325
2018-01-11 07:00:00,0.48102770910338677
2018-01-11 07:03:00,0.5636317411876917
2018-01-11 07:06:00,0.45517991518846657
2018-01-11 07:09:00,0.5016528065999069
2018-01-11 07:12:00,0.4698617268197154
2018-01-11 07:15:00,0.5531845684051291
2018-01-11 07:18:00,0.48205436489519116
2018-01-11 07:21:00,0.4809556944704809
2018-01-11 07:24:00,0.3860434696491666
2018-01-11 07:27:00,0.36505708138088266
2018-01-11 07:30:00,0.44642986464037904
2018-01-11 07:33:00,0.4195677558545299
2018-01-11 07:36:00,0.5688851468333951
2018-01-11 07:39:00,0.6185855033480152
2018-01-11 07:42:00,0.5584383247963842
2018-01-11 07:45:00,0.5178817156192963
2018-01-11 07:48:00,0.4857154280539362
2018-01-11 07:51:00,0.45859184855368085
2018-01-11 07:54:00,0.5885861170574458
2018-01-11 07:57:00,0.5425599750416836
2018-01-11 08:00:00,0.5646986809118744
2018-01-11 08:03:00,0.6560143040236426
2018-01-11 08:06:00,0.5228243481893742
2018-01-11 08:09:00,0.49583768046437626
2018-01-11 08:12:00,0.5523789014342242
2018-01-11 08:15:00,0.5642144834461078
2018-01-11 08:18:00,0.5408365870397347
2018-01-11 08:21:00,0.5076002681295222
2018-01-11 08:24:00,0.46869627021459337
2018-01-11 08:27:00,0.46812006982270304
2018-01-11 08:30:00,0.4660437621802771
2018-01-11 08:33:00,0.45460274675332357
2018-01-11 08:36:00,0.4249424084466682
2018-01-11 08:39:00,0.5483741316969031
2018-01-11 08:42:00,0.41888073186970587
2018-01-11 08:45:00,0.4071501852582742
2018-01-11 08:48:00,0.4327667885727351
2018-01-11 08:51:00,0.46337441271083435
2018-01-11 08:54:00,0.4664255496413148
2018-01-11 08:57:00,0.4046248926568978
2018-01-11 09:00:00,0.44288247293133054
2018-01-11 09:03:00,0.5072151517219936
2018-01-11 09:06:00,0.3570977699868081
2018-01-11 09:09:00,0.39690359631276806
2018-01-11 09:12:00,0.341131089577857
2018-01-11 09:15:00,0.43603148471584063
2018-01-11 09:18:00,0.461349836551733
2018-01-11 09:21:00,0.4703863432363846
2018-01-11 09:24:00,0.49570173691927266
2018-01-11 09:27:00,0.36796619848900036
2018-01-11 09:30:00,0.33548901749372817
2018-01-11 09:33:00,0.24143679922258343
2018-01-11 09:36:00,0.40563952466396813
2018-01-11 09:39:00,0.24152116483992359
2018-01-11 09:42:00,0.2805815647998884
2018-01-11 09:45:00,0.37256086951379075
2018-01-11 09:48:00,0.25770536294146495
2018-01-11 09:51:00,0.2718132073257493
2018-01-11 09:54:00,0.26724010617130034
2018-01-11 09:57:00,0.3474613482445079
2018-01-11 10:00:00,0.3740379421206512
2018-01-11 10:03:00,0.20649316817235785
2018-01-11 10:06:00,0.23606792797858134
2018-01-11 10:09:00,0.2668169033331651
2018-01-11 10:12:00,0.30410384908236665
2018-01-11 10:15:00,0.24306363296193467
2018-01-11 10:18:00,0.33136028158389763
2018-01-11 10:21:00,0.3762935958818048
2018-01-11 10:24:00,0.28585002579563934
2018-01-11 10:27:00,0.2605957927104896
2018-01-11 10:30:00,0.31356648123863806
2018-01-11 10:33:00,0.2607792654375203
2018-01-11 10:36:00,0.12935349896406478
2018-01-11 10:39:00,0.22119431197791073
2018-01-11 10:42:00,0.27537967896523696
2018-01-11 10:45:00,0.16313256102898777
2018-01-11 10:48:00,0.34586393247582237
2018-01-11 10:51:00,0.20340936078270033
2018-01-11 10:54:00,0.4090187025853993
2018-01-11 10:57:00,0.23658565205454352
2018-01-11 11:00:00,0.30498140625064707
2018-01-11 11:03:00,0.2688962627403271
2018-01-11 11:06:00,0.2568604036627562
2018-01-11 11:09:00,0.3091331224055125
2018-01-11 11:12:00,0.3365876522562985
2018-01-11 11:15:00,0.19413140719643707
2018-01-11 11:18:00,0.26839984856604815
2018-01-11 11:21:00,0.1534794703096054
2018-01-11 11:24:00,0.2475425975741814
2018-01-11 11:27:00,0.22077286875378377
2018-01-11 11:30:00,0.2347181063682342
2018-01-11 11:33:00,0.33732754542774046
2018-01-11 11:36:00,0.18379955507344903
2018-01-11 11:39:00,0.16980661832684518
2018-01-11 11:42:00,0.26727673826644605
2018-01-11 11:45:00,0.2658668289167849
2018-01-11 11:48:00,0.1779625643291638
2018-01-11 11:51:00,0.12137374975549164
2018-01-11 11:54:00,0.22043315784054585
2018-01-11 11:57:00,0.35108295165912295
2018-01-11 12:00:00,0.21323074581670198
2018-01-11 12:03:00,0.21397929573066676
2018-01-11 12:06:00,0.17437334402336546
2018-01-11 12:09:00,0.19944486850999965
2018-01-11 12:12:00,0.16611602868533737
2018-01-11 12:15:00,0.14282542809644383
2018-01-11 12:18:00,0.1851732145225924
2018-01-11 12:21:00,0.18491424552632907
2018-01-11 12:24:00,0.27219834159353695
2018-01-11 12:27:00,0.15116863292843163
2018-01-11 12:30:00,0.18808473813402315
2018-01-11 12:33:00,0.13586334184270754
2018-01-11 12:36:00,0.11745483000635204
2018-01-11 12:39:00,0.1664172220778255
2018-01-11 12:42:00,0.02727930609876239
2018-01-11 12:45:00,0.0970013419893121
2018-01-11 12:48:00,0.037678767366855936
2018-01-11 12:51:00,0.06566241060903621
2018-01-11 12:54:00,0.05025541438459413
2018-01-11 12:57:00,-0.05791277874448042
2018-01-11 13:00:00,0.07094820830343451
2018-01-11 13:03:00,-0.04248760485990033
2018-01-11 13:06:00,0.07926143328376156
2018-01-11 13:09:00,0.10003179232825232
2018-01-11 13:12:00,-0.02770173792004016
2018-01-11 13:15:00,0.05054656620075093
2018-01-11 13:18:00,0.08342337235353625
2018-01-11 13:21:00,-0.010889549467663073
2018-01-11 13:24:00,0.08249900175701441
2018-01-11 13:27:00,0.13196097865863976
2018-01-11 13:30:00,0.13186520964472948
2018-01-11 13:33:00,0.09623267787935674
2018-01-11 13:36:00,0.10927940291958294
2018-01-11 13:39:00,0.03731320452715181
2018-01-11 13:42:00,0.07570581462130122
2018-01-11 13:45:00,0.039310925996460355
2018-01-11 13:48:00,-0.05419120877155592
2018-01-11 13:51:00,-0.066486249530044
2018-01-11 13:54:00,0.11181651657824432
2018-01-11 13:57:00,0.021834676191872404
2018-01-11 14:00:00,0.14542373002979048
2018-01-11 14:03:00,0.15497999421387476
2018-01-11 14:06:00,0.1375693996320706
2018-01-11 14:09:00,0.09529736609539441
2018-01-11 14:12:00,0.189355326720829
2018-01-11 14:15:00,-0.05645696557161273
2018-01-11 14:18:00,0.06545971144845453
2018-01-11 14:21:00,0.06767153055233166
2018-01-11 14:24:00,0.08264659121959994
2018-01-11 14:27:00,0.16769063590555788
2018-01-11 14:30:00,0.0945802091022756
2018-01-11 14:33:00,0.15648413394188765
2018-01-11 14:36:00,0.11281225283141794
2018-01-11 14:39:00,0.1757857579765414
2018-01-11 14:42:00,0.15116331100216485
2018-01-11 14:45:00,0.2378200018159191
2018-01-11 14:48:00,0.1667232336939719
2018-01-11 14:51:00,0.16554371879010432
2018-01-11 14:54:00,0.1485140579105746
2018-01-11 14:57:00,0.13063996878651096
2018-01-11 15:00:00,0.22061079521449756
2018-01-11 15:03:00,0.12335790031812621
2018-01-11 15:06:00,0.057148654370791974
2018-01-11 15:09:00,0.007258263998551229
2018-01-11 15:12:00,-0.02504647797962889
2018-01-11 15:15:00,0.017068423160992552
2018-01-11 15:18:00,0.13466221931588507
2018-01-11 15:21:00,0.14224562153845
2018-01-11 15:24:00,0.14363386501543118
2018-01-11 15:27:00,0.06773422110177307
2018-01-11 15:30:00,0.14052449609783935
2018-01-11 15:33:00,0.06510792056161563
2018-01-11 15:36:00,0.05902257838812375
2018-01-11 15:39:00,0.04399918816091031
2018-01-11 15:42:00,0.04292754158319667
2018-01-11 15:45:00,0.16938947589807185
2018-01-11 15:48:00,0.14718132078706958
2018-01-11 15:51:00,0.20965784674092447
2018-01-11 15:54:00,0.1317261427798826
2018-01-11 15:57:00,0.13988579390877476
2018-01-11 16:00:00,0.10048899467471983
2018-01-11 16:03:00,0.10312819015280184
2018-01-11 16:06:00,0.06900449561038613
2018-01-11 16:09:00,0.09578878735720764
2018-01-11 16:12:00,0.12415693753382584
2018-01-11 16:15:00,0.04936841211895171
2018-01-11 16:18:00,0.11957816511363717
2018-01-11 16:21:00,0.025664116012649174
2018-01-11 16:24:00,0.09494276438499583
2018-01-11 16:27:00,0.09668241682055623
2018-01-11 16:30:00,0.14708207804858375
2018-01-11 16:33:00,0.11740935525585883
2018-01-11 16:36:00,0.15666619473756782
2018-01-11 16:39:00,0.22073988951177625
2018-01-11 16:42:00,-0.04660499300592846
2018-01-11 16:45:00,-0.11787810020598499
2018-01-11 16:48:00,0.004615842883595178
2018-01-11 16:51:00,0.1507231338030124
2018-01-11 16:54:00,0.21196059278719304
2018-01-11 16:57:00,0.25816849714556156
2018-01-11 17:00:00,0.1587777787125333
2018-01-11 17:03:00,0.14885361808205744
2018-01-11 17:06:00,0.113147704192329
2018-01-11 17:09:00,0.05690282074846209
2018-01-11 17:12:00,0.12117787443605721
2018-01-11 17:15:00,0.07912320291717378
2018-01-11 17:18:00,0.022069086009878447
2018-01-11 17:21:00,0.11734079002832232
2018-01-11 17:24:00,0.08087227782340278
2018-01-11 17:27:00,0.03110274259262269
2018-01-11 17:30:00,0.08833321182817144
2018-01-11 17:33:00,0.10593642424112204
2018-01-11 17:36:00,0.1322907343451334
2018-01-11 17:39:00,0.07080028613387412
2018-01-11 17:42:00,0.15518157802779342
2018-01-11 17:45:00,0.09530645494709233
2018-01-11 17:48:00,0.12797827388425276
2018-01-11 17:51:00,0.07517640145374571
2018-01-11 17:54:00,0.14082102784038852
2018-01-11 17:57:00,0.1636549363317954
2018-01-11 18:00:00,0.06608120940592244
2018-01-11 18:03:00,0.13699716821838592
2018-01-11 18:06:00,0.11403326430644256
2018-01-11 18:09:00,0.15370016503840134
2018-01-11 18:12:00,0.022964635217817886
2018-01-11 18:15:00,0.2270459859276457
2018-01-11 18:18:00,0.1804711865439117
2018-01-11 18:21:00,0.1250232971945593
2018-01-11 18:24:00,0.1833277612756774
2018-01-11 18:27:00,0.16116680642670644
2018-01-11 18:30:00,0.1881180772498965
2018-01-11 18:33:00,0.20325571325076908
2018-01-11 18:36:00,0.16973406644450506
2018-01-11 18:39:00,0.15520745620506204
2018-01-11 18:42:00,0.18987010322075548
2018-01-11 18:45:00,0.14966396091517709
2018-01-11 18:48:00,0.2141556923630219
2018-01-11 18:51:00,0.17336067362327867
2018-01-11 18:54:00,0.16504940754111885
2018-01-11 18:57:00,
2018-01-11 19:00:00,
2018-01-11 19:03:00,0.1798458655521813
2018-01-11 19:06:00,0.20771151585921643
2018-01-11 19:09:00,0.173838702674459
2018-01-11 19:12:00,0.28218334616354923
2018-01-11 19:15:00,0.18758890971554365
2018-01-11 19:18:00,0.17975313480883415
2018-01-11 19:21:00,0.18185932367481428
2018-01-11 19:24:00,0.10278459952485264
2018-01-11 19:27:00,0.14561048952072042
2018-01-11 19:30:00,0.2810511948891872
2018-01-11 19:33:00,0.13795457757112217
2018-01-11 19:36:00,0.25688275660149884
2018-01-11 19:39:00,0.259522671258253
2018-01-11 19:42:00,0.2687752574690876
2018-01-11 19:45:00,0.2513198670298493
2018-01-11 19:48:00,0.17698386460068605
2018-01-11 19:51:00,0.2702627579257637
2018-01-11 19:54:00,0.22121314783612434
2018-01-11 19:57:00,0.16745009988034099
2018-01-11 20:00:00,0.28611466815510767
2018-01-11 20:03:00,0.33600352482147855
2018-01-11 20:06:00,0.23816989170819625
2018-01-11 20:09:00,0.23963683812866066
2018-01-11 20:12:00,0.2992890042658587
2018-01-11 20:15:00,0.2123182415265319
2018-01-11 20:18:00,0.35973221464649896
2018-01-11 20:21:00,0.16897933963730338
2018-01-11 20:24:00,0.2341435600379782
2018-01-11 20:27:00,0.1985737507212093
2018-01-11 20:30:00,0.25894429726054113
2018-01-11 20:33:00,0.2520073922774486
2018-01-11 20:36:00,0.18663013195873646
2018-01-11 20:39:00,0.19584332030643736
2018-01-11 20:42:00,0.1718141650692928
2018-01-11 20:45:00,0.28092275975768644
2018-01-11 20:48:00,0.24028280566295734
2018-01-11 20:51:00,0.3425261811298128
2018-01-11 20:54:00,0.2171950847918538
2018-01-11 20:57:00,0.2773006081077938
2018-01-11 21:00:00,0.21807153383593914
2018-01-11 21:03:00,0.27645178479554033
2018-01-11 21:06:00,0.2413665112601393
2018-01-11 21:09:00,0.3592785603290167
2018-01-11 21:12:00,0.30378627544962455
2018-01-11 21:15:00,0.2918462897225709
2018-01-11 21:18:00,0.3426403962902782
2018-01-11 21:21:00,0.28024112143077673
2018-01-11 21:24:00,0.33733292908834756
2018-01-11 21:27:00,0.20597334722640426
2018-01-11 21:30:00,0.27929273713465363
2018-01-11 21:33:00,0.4407852295022394
2018-01-11 21:36:00,0.3442079335395647
2018-01-11 21:39:00,0.4427147688063542
2018-01-11 21:42:00,0.37323357360639875
2018-01-11 21:45:00,0.24870857728188867
2018-01-11 21:48:00,0.35428361331338465
2018-01-11 21:51:00,0.29067057871952784
2018-01-11 21:54:00,0.39812565409215495
2018-01-11 21:57:00,0.2762583715334017
2018-01-11 22:00:00,0.35242263627094417
2018-01-11 22:03:00,0.37523125267580326
2018-01-11 22:06:00,0.24859601934008424
2018-01-11 22:09:00,0.34404334281896354
2018-01-11 22:12:00,0.3414538020102782
2018-01-11 22:15:00,0.37744678433080026
2018-01-11 22:18:00,0.2741161773626004
2018-01-11 22:21:00,0.46871530443570464
2018-01-11 22:24:00,0.27427234499720043
2018-01-11 22:27:00,0.35577892967273783
2018-01-11 22:30:00,0.4252871354643162
2018-01-11 22:33:00,0.3943450625922651
2018-01-11 22:36:00,0.41219257774565676
2018-01-11 22:39:00,0.3251513216509352
2018-01-11 22:42:00,0.2907935724335289
2018-01-11 22:45:00,0.35065478118320925
2018-01-11 22:48:00,0.4357015011794374
2018-01-11 22:51:00,0.45276620094631426
2018-01-11 22:54:00,0.37001530732942456
2018-01-11 22:57:00,0.19211994383533693
2018-01-11 23:00:00,0.20004312229139032
2018-01-11 23:03:00,0.3374273024027161
2018-01-11 23:06:00,0.3893840176310164
2018-01-11 23:09:00,0.47934458229258325
2018-01-11 23:12:00,0.5163795945180141
2018-01-11 23:15:00,0.378177526554623
2018-01-11 23:18:00,0.39579858865198503
2018-01-11 23:21:00,0.4051217885149754
2018-01-11 23:24:00,0.4255694292684211
2018-01-11 23:27:00,0.36559700490329305
2018-01-11 23:30:00,0.4182983725995655
2018-01-11 23:33:00,0.42766746987223314
2018-01-11 23:36:00,0.41196351179280555
2018-01-11 23:39:00,0.39921165678697434
2018-01-11 23:42:00,0.41098390302892085
2018-01-11 23:45:00,0.42501066854106284
2018-01-11 23:48:00,0.47096012670522214
2018-01-11 23:51:00,0.3929667962881922
2018-01-11 23:54:00,0.4334081222185091
2018-01-11 23:57:00,0.42150472515095316
2018-01-12 00:00:00,0.6037250898667708
2018-01-12 00:03:00,0.4873400484819399
2018-01-12 00:06:00,0.36240180221841456
2018-01-12 00:09:00,0.5018849476627452
2018-01-12 00:12:00,0.5271225616541528
2018-01-12 00:15:00,0.5182304700776967
2018-01-12 00:18:00,0.4088452905242548
2018-01-12 00:21:00,0.462831030804864
2018-01-12 00:24:00,0.5820371181681594
2018-01-12 00:27:00,0.4680504234155478
2018-01-12 00:30:00,0.5256871041399336
2018-01-12 00:33:00,0.46744740892199843
2018-01-12 00:36:00,0.39189750027458103
2018-01-12 00:39:00,0.49084100139594966
2018-01-12 00:42:00,0.4235118606662809
2018-01-12 00:45:00,0.4574713830230053
2018-01-12 00:48:00,0.4604674789030696
2018-01-12 00:51:00,0.46750033825378523
2018-01-12 00:54:00,0.44164830180540093
2018-01-12 00:57:00,0.48252558949587865
2018-01-12 01:00:00,0.45914464653776577
2018-01-12 01:03:00,0.4384604799352587
2018-01-12 01:06:00,0.34563117577670255
2018-01-12 01:09:00,0.3749994804545622
2018-01-12 01:12:00,0.4025494512917476
2018-01-12 01:15:00,0.4622435112542007
2018-01-12 01:18:00,0.3737934600719086
2018-01-12 01:21:00,0.41128313254665727
2018-01-12 01:24:00,0.4686111273306892
2018-01-12 01:27:00,0.3859719751812918
2018-01-12 01:30:00,0.415817850634312
2018-01-12 01:33:00,0.4441112523107904
2018-01-12 01:36:00,0.5022066165672072
2018-01-12 01:39:00,0.48613305078072244
2018-01-12 01:42:00,0.4973453501311269
2018-01-12 01:45:00,0.42489195055424034
2018-01-12 01:48:00,0.47821273534736974
2018-01-12 01:51:00,0.41751116535300525
2018-01-12 01:54:00,0.5314524014078756
2018-01-12 01:57:00,0.515230106694105
2018-01-12 02:00:00,0.5110305869941953
2018-01-12 02:03:00,0.5783689726366106
2018-01-12 02:06:00,0.5230573861422272
2018-01-12 02:09:00,0.4754958935297964
2018-01-12 02:12:00,0.5748579587753966
2018-01-12 02:15:00,0.5693387721030945
2018-01-12 02:18:00,0.6811983426015331
2018-01-12 02:21:00,0.5220184900838944
2018-01-12 02:24:00,0.5829880654779345
2018-01-12 02:27:00,0.530175762261706
2018-01-12 02:30:00,0.44198088998314233
2018-01-12 02:33:00,0.33685698126589614
2018-01-12 02:36:00,0.42948192892845327
2018-01-12 02:39:00,0.3122958380051273
2018-01-12 02:42:00,0.5010097760609256
2018-01-12 02:45:00,0.5290478779558612
2018-01-12 02:48:00,0.5683872501405176
2018-01-12 02:51:00,0.5545760381750142
2018-01-12 02:54:00,0.7270889687488875
2018-01-12 02:57:00,0.583682452471237
2018-01-12 03:00:00,0.7690612667007031
2018-01-12 03:03:00,0.6547302962187018
2018-01-12 03:06:00,0.49792962049843936
2018-01-12 03:09:00,0.5856685675416884
2018-01-12 03:12:00,0.5406222102556058
2018-01-12 03:15:00,0.5416716194030187
2018-01-12 03:18:00,0.5282987543338891
2018-01-12 03:21:00,0.454299661427342
2018-01-12 03:24:00,0.41108547068517964
2018-01-12 03:27:00,0.3834026353883928
2018-01-12 03:30:00,0.4704110055662909
2018-01-12 03:33:00,0.4372105091313756
2018-01-12 03:36:00,0.36677352165514776
2018-01-12 03:39:00,0.456200050053269
2018-01-12 03:42:00,0.4004208134056739
2018-01-12 03:45:00,0.40012364419669666
2018-01-12 03:48:00,0.5024466778904753
2018-01-12 03:51:00,0.4994240516252262
2018-01-12 03:54:00,0.5186361851866081
2018-01-12 03:57:00,0.562099987772342
2018-01-12 04:00:00,0.424494184311186
2018-01-12 04:03:00,0.45707685865301073
2018-01-12 04:06:00,0.4884457867419201
2018-01-12 04:09:00,0.47889969707625824
2018-01-12 04:12:00,0.5351052486307708
2018-01-12 04:15:00,0.47943198065718207
2018-01-12 04:18:00,0.494058565481339
2018-01-12 04:21:00,0.4439095435461127
2018-01-12 04:24:00,0.44498309213417997
2018-01-12 04:27:00,0.36549476310841555
2018-01-12 04:30:00,0.4615842152712162
2018-01-12 04:33:00,0.4476572595203834
2018-01-12 04:36:00,0.49359219848241764
2018-01-12 04:39:00,0.43742283582304253
2018-01-12 04:42:00,0.43312098755473016
2018-01-12 04:45:00,0.4320472081394655
2018-01-12 04:48:00,0.44799778614753905
2018-01-12 04:51:00,0.4088462549661358
2018-01-12 04:54:00,0.6119245016162722
2018-01-12 04:57:00,0.5296679095615104
2018-01-12 05:00:00,0.5482389869453073
2018-01-12 05:03:00,0.5992540790967951
2018-01-12 05:06:00,0.529687640844827
2018-01-12 05:09:00,0.3889206310535087
2018-01-12 05:12:00,0.38618663760968275
2018-01-12 05:15:00,0.4455533100152138
2018-01-12 05:18:00,0.5550885095281615
2018-01-12 05:21:00,0.48485685645255217
2018-01-12 05:24:00,0.37126066945234015
2018-01-12 05:27:00,0.49182022561132044
2018-01-12 05:30:00,0.5130454981602384
2018-01-12 05:33:00,0.49383285156693546
2018-01-12 05:36:00,0.5113565852317947
2018-01-12 05:39:00,0.6609172011000055
2018-01-12 05:42:00,0.5698574066103674
2018-01-12 05:45:00,0.5067237494551478
2018-01-12 05:48:00,0.5401315539465941
2018-01-12 05:51:00,0.45112372181205274
2018-01-12 05:54:00,0.46281211675631084
2018-01-12 05:57:00,0.40477122855446623
2018-01-12 06:00:00,0.4551943375387282
2018-01-12 06:03:00,0.4618236963710842
2018-01-12 06:06:00,0.5074043533622898
2018-01-12 06:09:00,0.46982310390802695
2018-01-12 06:12:00,0.5152396728593089
2018-01-12 06:15:00,0.45467117871902474
2018-01-12 06:18:00,0.45296066685989445
2018-01-12 06:21:00,0.4101244848304191
2018-01-12 06:24:00,0.4757144273654035
2018-01-12 06:27:00,0.46852300447721973
2018-01-12 06:30:00,0.43531813747267734
2018-01-12 06:33:00,0.37678326837152554
2018-01-12 06:36:00,0.407202376767259
2018-01-12 06:39:00,0.4541882121030767
2018-01-12 06:42:00,0.42733877140057075
2018-01-12 06:45:00,0.45358271774500736
2018-01-12 06:48:00,0.5455072595348724
2018-01-12 06:51:00,0.4515356844263465
2018-01-12 06:54:00,0.4440561832069534
2018-01-12 06:57:00,0.44645101895520156
2018-01-12 07:00:00,0.5511167505352432
2018-01-12 07:03:00,0.4656645416249603
2018-01-12 07:06:00,0.534621995763132
2018-01-12 07:09:00,0.48486713879151466
2018-01-12 07:12:00,0.4949570907126599
2018-01-12 07:15:00,0.347879015241233
2018-01-12 07:18:00,0.5554530336477796
2018-01-12 07:21:00,0.5489910542645475
2018-01-12 07:24:00,0.5208244535375002
2018-01-12 07:27:00,0.48823814848481106
2018-01-12 07:30:00,0.4653768143848538
2018-01-12 07:33:00,0.43058156906323575
2018-01-12 07:36:00,0.43375466292627607
2018-01-12 07:39:00,0.3790196007647637
2018-01-12 07:42:00,0.5017916120884252
2018-01-12 07:45:00,0.45214981088685136
2018-01-12 07:48:00,0.4140184864999128
2018-01-12 07:51:00,0.46706997963769936
2018-01-12 07:54:00,0.5071161742727099
2018-01-12 07:57:00,0.5121265834478095
2018-01-12 08:00:00,0.450217602194698
2018-01-12 08:03:00,0.4942688025612938
2018-01-12 08:06:00,0.5615220956901226
2018-01-12 08:09:00,0.5417744213461901
2018-01-12 08:12:00,0.48422302214618185
2018-01-12 08:15:00,0.5583926865859326
2018-01-12 08:18:00,0.4819831407206152
2018-01-12 08:21:00,0.49647267506054504
2018-01-12 08:24:00,0.5956030121662366
2018-01-12 08:27:00,0.5166994511706662
2018-01-12 08:30:00,0.5496783066218427
2018-01-12 08:33:00,0.4842721187373513
2018-01-12 08:36:00,0.4559558952968814
2018-01-12 08:39:00,0.5047813635605962
2018-01-12 08:42:00,0.42325837942621547
2018-01-12 08:45:00,0.3307948926795916
2018-01-12 08:48:00,0.5217717369740171
2018-01-12 08:51:00,0.39132329803277344
2018-01-12 08:54:00,0.44409474944080785
2018-01-12 08:57:00,0.4634692290632074
2018-01-12 09:00:00,0.4162899880568034
2018-01-12 09:03:00,0.5460517145413064
2018-01-12 09:06:00,0.5362765449206677
2018-01-12 09:09:00,0.4952913525024769
2018-01-12 09:12:00,0.4844758545426089
2018-01-12 09:15:00,0.5639360426334861
2018-01-12 09:18:00,0.48319927567257537
2018-01-12 09:21:00,0.4842565702201682
2018-01-12 09:24:00,0.4817882967619198
2018-01-12 09:27:00,0.4152408065460804
2018-01-12 09:30:00,0.5566100370924119
2018-01-12 09:33:00,0.4095572215330776
2018-01-12 09:36:00,0.47053318369268027
2018-01-12 09:39:00,0.37355700845762385
2018-01-12 09:42:00,0.4726814473818308
2018-01-12 09:45:00,0.380471040841428
2018-01-12 09:48:00,0.40456692823954654
2018-01-12 09:51:00,0.40458311213780007
2018-01-12 09:54:00,0.5034727670553707
2018-01-12 09:57:00,0.42967502694506265
2018-01-12 10:00:00,0.40128169011057935
2018-01-12 10:03:00,0.5197249168326721
2018-01-12 10:06:00,0.52072461649351
2018-01-12 10:09:00,0.5943234469856975
2018-01-12 10:12:00,0.4231183875124316
2018-01-12 10:15:00,0.4426871696391004
2018-01-12 10:18:00,0.3273970018154273
2018-01-12 10:21:00,0.38026140458424607
2018-01-12 10:24:00,0.3727898121760518
2018-01-12 10:27:00,0.282677222228358
2018-01-12 10:30:00,0.39988078863046894
2018-01-12 10:33:00,0.3148714065810623
2018-01-12 10:36:00,0.343175420036971
2018-01-12 10:39:00,0.460318369477136
2018-01-12 10:42:00,0.515212033042701
2018-01-12 10:45:00,0.41988584303413745
2018-01-12 10:48:00,0.3394570310022118
2018-01-12 10:51:00,0.3453591079999683
2018-01-12 10:54:00,0.38401549613541874
2018-01-12 10:57:00,0.36456056676365733
2018-01-12 11:00:00,0.3297259287654697
2018-01-12 11:03:00,0.31301657158962826
2018-01-12 11:06:00,0.4349634041200261
2018-01-12 11:09:00,0.3721964536266569
2018-01-12 11:12:00,0.4656415294614362
2018-01-12 11:15:00,0.4060918118656218
2018-01-12 11:18:00,0.4268256534052739
2018-01-12 11:21:00,0.35710325874055115
2018-01-12 11:24:00,0.3028667954336015
2018-01-12 11:27:00,0.3068360171757831
2018-01-12 11:30:00,0.35925000102560034
2018-01-12 11:33:00,0.3158623420063691
2018-01-12 11:36:00,0.4115797451105436
2018-01-12 11:39:00,0.25096471272001963
2018-01-12 11:42:00,0.3871048094580374
2018-01-12 11:45:00,0.28433985115179894
2018-01-12 11:48:00,0.34225344118533485
2018-01-12 11:51:00,0.3185673033468106
2018-01-12 11:54:00,0.2508919205883444
2018-01-12 11:57:00,0.32320427295860554
2018-01-12 12:00:00,0.2534054969422641
2018-01-12 12:03:00,0.25383868150913713
2018-01-12 12:06:00,0.3148683055074457
2018-01-12 12:09:00,0.2643746261484239
2018-01-12 12:12:00,0.330822802445482
2018-01-12 12:15:00,0.3364500646312649
2018-01-12 12:18:00,0.27710478680188544
2018-01-12 12:21:00,0.256275838121951
2018-01-12 12:24:00,0.36941757644063955
2018-01-12 12:27:00,0.25254263107285624
2018-01-12 12:30:00,0.2460864045860376
2018-01-12 12:33:00,0.2718019357980097
2018-01-12 12:36:00,0.26562591634200317
2018-01-12 12:39:00,0.29943480200427075
2018-01-12 12:42:00,0.3574133739922445
2018-01-12 12:45:00,0.24288618918404836
2018-01-12 12:48:00,0.263316699120935
2018-01-12 12:51:00,0.3264983908390491
2018-01-12 12:54:00,0.2539562459691638
2018-01-12 12:57:00,0.3127201281961902
2018-01-12 13:00:00,0.36157080152327126
2018-01-12 13:03:00,0.2626068782982429
2018-01-12 13:06:00,0.38119023347712755
2018-01-12 13:09:00,0.27729855590985153
2018-01-12 13:12:00,0.26310498004772853
2018-01-12 13:15:00,0.3664138653434179
2018-01-12 13:18:00,0.24421509565246424
2018-01-12 13:21:00,0.23625614945012785
2018-01-12 13:24:00,0.20949809354499394
2018-01-12 13:27:00,0.36556228514541544
2018-01-12 13:30:00,0.32421653809336703
2018-01-12 13:33:00,0.34905267310449517
2018-01-12 13:36:00,0.391309399233819
2018-01-12 13:39:00,0.37237236497463755
2018-01-12 13:42:00,0.2501873729789281
2018-01-12 13:45:00,0.3755558580149909
2018-01-12 13:48:00,0.26291956335592204
2018-01-12 13:51:00,0.28444939848918693
2018-01-12 13:54:00,0.18840360515423527
2018-01-12 13:57:00,0.20046700815015583
2018-01-12 14:00:00,0.17897617516132414
2018-01-12 14:03:00,0.18680449945827604
2018-01-12 14:06:00,0.06895131930940579
2018-01-12 14:09:00,0.07438443016076235
2018-01-12 14:12:00,0.14837735836619004
2018-01-12 14:15:00,0.24001328198443161
2018-01-12 14:18:00,0.1607997690844627
2018-01-12 14:21:00,0.06229224664082267
2018-01-12 14:24:00,0.1701472492914604
2018-01-12 14:27:00,0.023250057522432144
2018-01-12 14:30:00,0.06184675619550717
2018-01-12 14:33:00,-0.011943486971517814
2018-01-12 14:36:00,0.12324357308392564
2018-01-12 14:39:00,0.08844412658493184
2018-01-12 14:42:00,0.00730965050092891
2018-01-12 14:45:00,0.09082067472888866
2018-01-12 14:48:00,0.04358225750337397
2018-01-12 14:51:00,0.2211904390945847
2018-01-12 14:54:00,0.11011440760574942
2018-01-12 14:57:00,0.19784684664398355
2018-01-12 15:00:00,0.09936156571927768
2018-01-12 15:03:00,0.14902920342547077
2018-01-12 15:06:00,0.06768220905718181
2018-01-12 15:09:00,0.16754060983419095
2018-01-12 15:12:00,0.09512824269722842
2018-01-12 15:15:00,0.1779705191632388
2018-01-12 15:18:00,0.056585458276288136
2018-01-12 15:21:00,0.16046152868005947
2018-01-12 15:24:00,0.16509296693510578
2018-01-12 15:27:00,0.16657933184058038
2018-01-12 15:30:00,0.13828659299235824
2018-01-12 15:33:00,0.045057618489408924
2018-01-12 15:36:00,0.054353784818204076
2018-01-12 15:39:00,0.14031214592637298
2018-01-12 15:42:00,0.10935633867973138
2018-01-12 15:45:00,0.1606676386037975
2018-01-12 15:48:00,0.02969700487335558
2018-01-12 15:51:00,0.18385068729588738
2018-01-12 15:54:00,0.11863980116021366
2018-01-12 15:57:00,0.19218484105527978
2018-01-12 16:00:00,0.17093730857681066
2018-01-12 16:03:00,0.0631604044733649
2018-01-12 16:06:00,0.019687168964992452
2018-01-12 16:09:00,-0.04211646025146365
2018-01-12 16:12:00,0.09382965291069922
2018-01-12 16:15:00,-0.04583215224852211
2018-01-12 16:18:00,0.042576759795963426
2018-01-12 16:21:00,0.09298012572276093
2018-01-12 16:24:00,-0.06764747470555221
2018-01-12 16:27:00,0.06058471170115354
2018-01-12 16:30:00,-0.037848889781400885
2018-01-12 16:33:00,0.08226683120739153
2018-01-12 16:36:00,0.12992811332583187
2018-01-12 16:39:00,0.10046994030642509
2018-01-12 16:42:00,0.07693169323567872
2018-01-12 16:45:00,0.002194027096834361
2018-01-12 16:48:00,-0.0347024361655599
2018-01-12 16:51:00,0.004506893171310367
2018-01-12 16:54:00,-0.07481697735704529
2018-01-12 16:57:00,-0.13141967887651163
2018-01-12 17:00:00,-0.06532247417408144
2018-01-12 17:03:00,0.023981110421175345
2018-01-12 17:06:00,-0.0703448253579495
2018-01-12 17:09:00,-0.05688535344830825
2018-01-12 17:12:00,-0.08267297993160128
2018-01-12 17:15:00,-0.017308040327293384
2018-01-12 17:18:00,-0.004713943020306033
2018-01-12 17:21:00,0.011492801848191903
2018-01-12 17:24:00,-0.013090836332764866
2018-01-12 17:27:00,-0.05074835534662725
2018-01-12 17:30:00,0.053620597793951674
2018-01-12 17:33:00,0.007358456555778048
2018-01-12 17:36:00,-0.07840256430665704
2018-01-12 17:39:00,0.07304480735717789
2018-01-12 17:42:00,0.06885214181500032
2018-01-12 17:45:00,0.026267885597803797
2018-01-12 17:48:00,0.028830738577994452
2018-01-12 17:51:00,-0.07187052556889739
2018-01-12 17:54:00,0.004019810246347788
2018-01-12 17:57:00,-0.012435015808080152
2018-01-12 18:00:00,-0.011160261064048882
2018-01-12 18:03:00,0.10456989459845545
2018-01-12 18:06:00,-0.09020160877423677
2018-01-12 18:09:00,0.09101368507703
2018-01-12 18:12:00,-0.008451952489849646
2018-01-12 18:15:00,0.14084444779120986
2018-01-12 18:18:00,0.08317556486673539
2018-01-12 18:21:00,0.02151126796167091
2018-01-12 18:24:00,0.09831808061500169
2018-01-12 18:27:00,0.029525170635679387
2018-01-12 18:30:00,0.06822504043236677
2018-01-12 18:33:00,0.1037541741534369
2018-01-12 18:36:00,0.14922276149781055
2018-01-12 18:39:00,0.08048351223874306
2018-01-12 18:42:00,0.16580817123349334
2018-01-12 18:45:00,0.12075845059871426
2018-01-12 18:48:00,0.21259327545254791
2018-01-12 18:51:00,0.20623194543713907
2018-01-12 18:54:00,
2018-01-12 18:57:00,
2018-01-12 19:00:00,
2018-01-12 19:03:00,0.18080270069509652
2018-01-12 19:06:00,0.2629551568973625
2018-01-12 19:09:00,0.2462546947131159
2018-01-12 19:12:00,0.2452754985470733
2018-01-12 19:15:00,0.33846005714258354
2018-01-12 19:18:00,0.26115130685690247
2018-01-12 19:21:00,0.20565385235664735
2018-01-12 19:24:00,0.2662266795410346
2018-01-12 19:27:00,0.13734436455115429
2018-01-12 19:30:00,0.28135826538800757
2018-01-12 19:33:00,0.20395517606698377
2018-01-12 19:36:00,0.27948899096458035
2018-01-12 19:39:00,0.24138883244046383
2018-01-12 19:42:00,0.43967833712275706
2018-01-12 19:45:00,0.3255704090524887
2018-01-12 19:48:00,0.2772743559404489
2018-01-12 19:51:00,0.3210148178715144
2018-01-12 19:54:00,0.4175599794236291
2018-01-12 19:57:00,0.3882681966808832
2018-01-12 20:00:00,0.402058372248689
2018-01-12 20:03:00,0.3230537532359108
2018-01-12 20:06:00,0.4533330204432673
2018-01-12 20:09:00,0.3298474602950705
2018-01-12 20:12:00,0.2648916291311707
2018-01-12 20:15:00,0.3728268712445697
2018-01-12 20:18:00,0.3575964220760284
2018-01-12 20:21:00,0.37314198263015896
2018-01-12 20:24:00,0.35140901229954125
2018-01-12 20:27:00,0.398309390935367
2018-01-12 20:30:00,0.3586602495079205
2018-01-12 20:33:00,0.2943752264027921
2018-01-12 20:36:00,0.33102025631808374
2018-01-12 20:39:00,0.35226987210660354
2018-01-12 20:42:00,0.358512261522435
2018-01-12 20:45:00,0.3939371476919291
2018-01-12 20:48:00,0.23652929664086741
2018-01-12 20:51:00,0.27686523809774144
2018-01-12 20:54:00,0.2801011580628483
2018-01-12 20:57:00,0.3764104013635574
2018-01-12 21:00:00,0.4509149156473313
2018-01-12 21:03:00,0.5100868985464331
2018-01-12 21:06:00,0.4387419655813005
2018-01-12 21:09:00,0.40123184760523145
2018-01-12 21:12:00,0.3920137540093265
2018-01-12 21:15:00,0.45721707293319014
2018-01-12 21:18:00,0.37982053621635714
2018-01-12 21:21:00,0.3891983943984201
2018-01-12 21:24:00,0.24401571485293516
2018-01-12 21:27:00,0.2932552169068572
2018-01-12 21:30:00,0.3193249492160817
2018-01-12 21:33:00,0.19325191708600187
2018-01-12 21:36:00,0.35116431708360096
2018-01-12 21:39:00,0.2581302797194098
2018-01-12 21:42:00,0.4637650960416977
2018-01-12 21:45:00,0.3315543710555744
2018-01-12 21:48:00,0.4024788896887799
2018-01-12 21:51:00,0.4026181570176277
2018-01-12 21:54:00,0.3740519727429046
2018-01-12 21:57:00,0.40066634289087233
2018-01-12 22:00:00,0.2742219602654359
2018-01-12 22:03:00,0.23879550146602924
2018-01-12 22:06:00,0.3105948697341887
2018-01-12 22:09:00,0.2529982269605284
2018-01-12 22:12:00,0.31352931992756794
2018-01-12 22:15:00,0.288143944826345
2018-01-12 22:18:00,0.43736940820673453
2018-01-12 22:21:00,0.33459064201406363
2018-01-12 22:24:00,0.37706651303216177
2018-01-12 22:27:00,0.38704762844582774
2018-01-12 22:30:00,0.345555901862042
2018-01-12 22:33:00,0.3948668996949891
2018-01-12 22:36:00,0.2701460341028792
2018-01-12 22:39:00,0.3844558584459037
2018-01-12 22:42:00,0.3838562475705771
2018-01-12 22:45:00,0.43243620312205167
2018-01-12 22:48:00,0.40979942736828434
2018-01-12 22:51:00,0.4401784167609435
2018-01-12 22:54:00,0.32590809683381394
2018-01-12 22:57:00,0.37277657592909463
2018-01-12 23:00:00,0.3291835453265435
2018-01-12 23:03:00,0.38761550714713167
2018-01-12 23:06:00,0.32175550249763774
2018-01-12 23:09:00,0.3298762662719241
2018-01-12 23:12:00,0.3043756401737028
2018-01-12 23:15:00,0.3657267586362991
2018-01-12 23:18:00,0.5151730309938216
2018-01-12 23:21:00,0.4140984071170237
2018-01-12 23:24:00,0.4607752498402533
2018-01-12 23:27:00,0.275151441553362
2018-01-12 23:30:00,0.3393616162794615
2018-01-12 23:33:00,0.3087931693468704
2018-01-12 23:36:00,0.32350080778536494
2018-01-12 23:39:00,0.37591258081994283
2018-01-12 23:42:00,0.3209711361114955
2018-01-12 23:45:00,0.3643021746873387
2018-01-12 23:48:00,0.4633601872538975
2018-01-12 23:51:00,0.34846793656930686
2018-01-12 23:54:00,0.48239851698735947
2018-01-12 23:57:00,0.33327043810970736
2018-01-13 00:00:00,0.3059474513404439
2018-01-13 00:03:00,0.3371285037480902
2018-01-13 00:06:00,0.4036528984644292
2018-01-13 00:09:00,0.4599596174367093
2018-01-13 00:12:00,0.3885605720475951
2018-01-13 00:15:00,0.29611410886752765
2018-01-13 00:18:00,0.28993472210697746
2018-01-13 00:21:00,0.3674688672940647
2018-01-13 00:24:00,0.4024177787487133
2018-01-13 00:27:00,0.49109206443711173
2018-01-13 00:30:00,0.46561004548243545
2018-01-13 00:33:00,0.3409981375887696
2018-01-13 00:36:00,0.39432323142631276
2018-01-13 00:39:00,0.31267869740173637
2018-01-13 00:42:00,0.4392993630281694
2018-01-13 00:45:00,0.40852385838439886
2018-01-13 00:48:00,0.3977753853042145
2018-01-13 00:51:00,0.3719227467594237
2018-01-13 00:54:00,0.4719277551682808
2018-01-13 00:57:00,0.32771565663557567
2018-01-13 01:00:00,0.44031206120183697
2018-01-13 01:03:00,0.48822857330566194
2018-01-13 01:06:00,0.4428471049677114
2018-01-13 01:09:00,0.3706010359816787
2018-01-13 01:12:00,0.45491096652853
2018-01-13 01:15:00,0.561743623702057
2018-01-13 01:18:00,0.4594187394749838
2018-01-13 01:21:00,0.4270245728180839
2018-01-13 01:24:00,0.46196534730870553
2018-01-13 01:27:00,0.5459250556326083
2018-01-13 01:30:00,0.350938254347966
2018-01-13 01:33:00,0.46139843139002323
2018-01-13 01:36:00,0.44233128471216787
2018-01-13 01:39:00,0.42320658198616457
2018-01-13 01:42:00,0.47742975741130067
2018-01-13 01:45:00,0.48504059655022047
2018-01-13 01:48:00,0.36166712694580383
2018-01-13 01:51:00,0.43677658422512877
2018-01-13 01:54:00,0.4550122172536817
2018-01-13 01:57:00,0.44150609174090505
2018-01-13 02:00:00,0.5361390509295347
2018-01-13 02:03:00,0.4160879113221654
2018-01-13 02:06:00,0.39431703502657456
2018-01-13 02:09:00,0.455645576942743
2018-01-13 02:12:00,0.380819300454732
2018-01-13 02:15:00,0.4719742785318317
2018-01-13 02:18:00,0.5600162191783511
2018-01-13 02:21:00,0.631586525755381
2018-01-13 02:24:00,0.5978515966160671
2018-01-13 02:27:00,0.5798668212748339
2018-01-13 02:30:00,0.5277525314663762
2018-01-13 02:33:00,0.5067800315669047
2018-01-13 02:36:00,0.5624462105924408
2018-01-13 02:39:00,0.5556781664471373
2018-01-13 02:42:00,0.547919161073537
2018-01-13 02:45:00,0.48381715153055893
2018-01-13 02:48:00,0.6403635963927741
2018-01-13 02:51:00,0.5408363434113426
2018-01-13 02:54:00,0.5965013491080526
2018-01-13 02:57:00,0.48228761861645353
2018-01-13 03:00:00,0.5379349129573257
2018-01-13 03:03:00,0.47797869327411036
2018-01-13 03:06:00,0.5337286049579575
2018-01-13 03:09:00,0.4470729113882612
2018-01-13 03:12:00,0.4336409506391874
2018-01-13 03:15:00,0.44080710431870784
2018-01-13 03:18:00,0.48513168962278996
2018-01-13 03:21:00,0.40529892576688553
2018-01-13 03:24:00,0.3798126536759696
2018-01-13 03:27:00,0.387507691679275
2018-01-13 03:30:00,0.4209860055188983
2018-01-13 03:33:00,0.4208668810310314
2018-01-13 03:36:00,0.3264229666243068
2018-01-13 03:39:00,0.4576526474210709
2018-01-13 03:42:00,0.3455609982725605
2018-01-13 03:45:00,0.4564867152599277
2018-01-13 03:48:00,0.4497297866239478
2018-01-13 03:51:00,0.4755077564572616
2018-01-13 03:54:00,0.43746108893668634
2018-01-13 03:57:00,0.4874006987326993
2018-01-13 04:00:00,0.5566492938024226
2018-01-13 04:03:00,0.4663246140056003
2018-01-13 04:06:00,0.5203276791509097
2018-01-13 04:09:00,0.45280519707085887
2018-01-13 04:12:00,0.45962894976230473
2018-01-13 04:15:00,0.4476518403213845
2018-01-13 04:18:00,0.5803400254101234
2018-01-13 04:21:00,0.48961393874907344
2018-01-13 04:24:00,0.598009006375662
2018-01-13 04:27:00,0.539421406886504
2018-01-13 04:30:00,0.41079936115306737
2018-01-13 04:33:00,0.5196264023855406
2018-01-13 04:36:00,0.4387936523271492
2018-01-13 04:39:00,0.4808331378149546
2018-01-13 04:42:00,0.38736338464872233
2018-01-13 04:45:00,0.4445572751731106
2018-01-13 04:48:00,0.4442408729880185
2018-01-13 04:51:00,0.46023187599053017
2018-01-13 04:54:00,0.5377820012122925
2018-01-13 04:57:00,0.5502552920412995
2018-01-13 05:00:00,0.5096659726598318
2018-01-13 05:03:00,0.6276300376898689
2018-01-13 05:06:00,0.5001069618821248
2018-01-13 05:09:00,0.6095626017742006
2018-01-13 05:12:00,0.6022532908203857
2018-01-13 05:15:00,0.5018821632984327
2018-01-13 05:18:00,0.5880369779841317
2018-01-13 05:21:00,0.6242595346419648
2018-01-13 05:24:00,0.6021039395143362
2018-01-13 05:27:00,0.5468904020879677
2018-01-13 05:30:00,0.4973613980732807
2018-01-13 05:33:00,0.5220279864943791
2018-01-13 05:36:00,0.5251280834327758
2018-01-13 05:39:00,0.5100746473858635
2018-01-13 05:42:00,0.5631338517194422
2018-01-13 05:45:00,0.6174230614232101
2018-01-13 05:48:00,0.6214713040028528
2018-01-13 05:51:00,0.3797577347032757
2018-01-13 05:54:00,0.6067733349365199
2018-01-13 05:57:00,0.5103652257493536
2018-01-13 06:00:00,0.6222488525015137
2018-01-13 06:03:00,0.5147312307439051
2018-01-13 06:06:00,0.5119848649607661
2018-01-13 06:09:00,0.5502257542337361
2018-01-13 06:12:00,0.4772371848713419
2018-01-13 06:15:00,0.5414084365013423
2018-01-13 06:18:00,0.4418442175088444
2018-01-13 06:21:00,0.5183306933200242
2018-01-13 06:24:00,0.4870708163007862
2018-01-13 06:27:00,0.4971635496262934
2018-01-13 06:30:00,0.5680020333792868
2018-01-13 06:33:00,0.5038777248151973
2018-01-13 06:36:00,0.4828973888866699
2018-01-13 06:39:00,0.42829566114835416
2018-01-13 06:42:00,0.475937430542956
2018-01-13 06:45:00,0.6010311864511664
2018-01-13 06:48:00,0.46009884490837294
2018-01-13 06:51:00,0.4667893741699345
2018-01-13 06:54:00,0.44548342853795475
2018-01-13 06:57:00,0.5948331918052077
2018-01-13 07:00:00,0.4716225785178949
2018-01-13 07:03:00,0.4829488065860801
2018-01-13 07:06:00,0.5460262545188925
2018-01-13 07:09:00,0.5775093940366673
2018-01-13 07:12:00,0.6119655310352528
2018-01-13 07:15:00,0.560405394123336
2018-01-13 07:18:00,0.6258292715545508
2018-01-13 07:21:00,0.5719416191567461
2018-01-13 07:24:00,0.5316966157988077
2018-01-13 07:27:00,0.5186124826191758
2018-01-13 07:30:00,0.6135349175498845
2018-01-13 07:33:00,0.5203650890099993
2018-01-13 07:36:00,0.4844383155902392
2018-01-13 07:39:00,0.5433180771857451
2018-01-13 07:42:00,0.42735133204166686
2018-01-13 07:45:00,0.496353971173221
2018-01-13 07:48:00,0.5716328203589569
2018-01-13 07:51:00,0.5797898867676281
2018-01-13 07:54:00,0.563449028737466
2018-01-13 07:57:00,0.5313878987823841
2018-01-13 08:00:00,0.5276491527235976
2018-01-13 08:03:00,0.49480738228675136
2018-01-13 08:06:00,0.5490317836676013
2018-01-13 08:09:00,0.47548095581913685
2018-01-13 08:12:00,0.5333346810585908
2018-01-13 08:15:00,0.40752659672358504
2018-01-13 08:18:00,0.5028909451820596
2018-01-13 08:21:00,0.33361560933275314
2018-01-13 08:24:00,0.4579521783678615
2018-01-13 08:27:00,0.5287718162110764
2018-01-13 08:30:00,0.5331016857705322
2018-01-13 08:33:00,0.4981169456237353
2018-01-13 08:36:00,0.45270218506379933
2018-01-13 08:39:00,0.2850460490568594
2018-01-13 08:42:00,0.37838131479583126
2018-01-13 08:45:00,0.2927219223137172
2018-01-13 08:48:00,0.4029370608805607
2018-01-13 08:51:00,0.37318518834769066
2018-01-13 08:54:00,0.34491774023865673
2018-01-13 08:57:00,0.31302356899067263
2018-01-13 09:00:00,0.45123487558595343
2018-01-13 09:03:00,0.271519029543299
2018-01-13 09:06:00,0.3800594465438394
2018-01-13 09:09:00,0.39682949319438876
2018-01-13 09:12:00,0.309767826069276
2018-01-13 09:15:00,0.3272606864800309
2018-01-13 09:18:00,0.3258965225080033
2018-01-13 09:21:00,0.3385498847875965
2018-01-13 09:24:00,0.3277065069966625
2018-01-13 09:27:00,0.2821731590028662
2018-01-13 09:30:00,0.2624817337930381
2018-01-13 09:33:00,0.2625458482222598
2018-01-13 09:36:00,0.2761673999391405
2018-01-13 09:39:00,0.25003970434750045
2018-01-13 09:42:00,0.3132661443065672
2018-01-13 09:45:00,0.32683364511126456
2018-01-13 09:48:00,0.28789600365246315
2018-01-13 09:51:00,0.3599332602240679
2018-01-13 09:54:00,0.33340730385322104
2018-01-13 09:57:00,0.30896285516843136
2018-01-13 10:00:00,0.3158502046215972
2018-01-13 10:03:00,0.37408870971216857
2018-01-13 10:06:00,0.1243426630023805
2018-01-13 10:09:00,0.23567894652848054
2018-01-13 10:12:00,0.26013212053351253
2018-01-13 10:15:00,0.23279712495696003
2018-01-13 10:18:00,0.3000615610214368
2018-01-13 10:21:00,0.22076406386759118
2018-01-13 10:24:00,0.1759213609032031
2018-01-13 10:27:00,0.22751692439715043
2018-01-13 10:30:00,0.2676032767091101
2018-01-13 10:33:00,0.24975843114560803
2018-01-13 10:36:00,0.3133970570330007
2018-01-13 10:39:00,0.26386474374294266
2018-01-13 10:42:00,0.09517473240913432
2018-01-13 10:45:00,0.16743445571586335
2018-01-13 10:48:00,0.16477329753689673
2018-01-13 10:51:00,0.20954632493078407
2018-01-13 10:54:00,0.1560036880874236
2018-01-13 10:57:00,0.18323063486894853
2018-01-13 11:00:00,0.1694249925837994
2018-01-13 11:03:00,0.08169754080927305
2018-01-13 11:06:00,0.1829053164800598
2018-01-13 11:09:00,0.1858825960941317
2018-01-13 11:12:00,0.13458392164176303
2018-01-13 11:15:00,0.1486145422927052
2018-01-13 11:18:00,0.08073256198889567
2018-01-13 11:21:00,0.13328783583489212
2018-01-13 11:24:00,0.13193211573042163
2018-01-13 11:27:00,0.22710016011905054
2018-01-13 11:30:00,0.24084204719895297
2018-01-13 11:33:00,0.22739159912561036
2018-01-13 11:36:00,0.18068609879776432
2018-01-13 11:39:00,0.2691818406489688
2018-01-13 11:42:00,0.2510712112494389
2018-01-13 11:45:00,0.23686022267372664
2018-01-13 11:48:00,0.22445347828397644
2018-01-13 11:51:00,0.24037393412351094
2018-01-13 11:54:00,0.12841196710411396
2018-01-13 11:57:00,0.238821070155268
2018-01-13 12:00:00,0.19684670989124697
2018-01-13 12:03:00,0.3100800957785168
2018-01-13 12:06:00,0.1507381463565025
2018-01-13 12:09:00,0.23477856478450576
2018-01-13 12:12:00,0.18834005036711687
2018-01-13 12:15:00,0.18091906572465177
2018-01-13 12:18:00,0.2113124049964199
2018-01-13 12:21:00,0.041918274110742004
2018-01-13 12:24:00,0.18745798238916223
2018-01-13 12:27:00,0.116584773026716
2018-01-13 12:30:00,0.14688766564972866
2018-01-13 12:33:00,0.16502029698358456
2018-01-13 12:36:00,0.12943536930833943
2018-01-13 12:39:00,0.009494928972458183
2018-01-13 12:42:00,0.033066908519003846
2018-01-13 12:45:00,0.30250027083479836
2018-01-13 12:48:00,0.22596693391841427
2018-01-13 12:51:00,0.29466979532810456
2018-01-13 12:54:00,0.17010969900081818
2018-01-13 12:57:00,0.31893238244566646
2018-01-13 13:00:00,0.3259233939564865
2018-01-13 13:03:00,0.363212889420538
2018-01-13 13:06:00,0.25522879858442593
2018-01-13 13:09:00,0.09972241074058275
2018-01-13 13:12:00,0.1309999101767403
2018-01-13 13:15:00,0.22156318893235039
2018-01-13 13:18:00,0.35534021721474573
2018-01-13 13:21:00,0.3172206331553866
2018-01-13 13:24:00,0.22567430102691333
2018-01-13 13:27:00,0.2677842693070147
2018-01-13 13:30:00,0.2740077183203198
2018-01-13 13:33:00,0.199829261449338
2018-01-13 13:36:00,0.2304744134575003
2018-01-13 13:39:00,0.17566908177701634
2018-01-13 13:42:00,0.16618834464759402
2018-01-13 13:45:00,0.3198141356149904
2018-01-13 13:48:00,0.17666590588390818
2018-01-13 13:51:00,0.16098983867425432
2018-01-13 13:54:00,0.1235879424440327
2018-01-13 13:57:00,0.2305786548533888
2018-01-13 14:00:00,0.24523635175950176
2018-01-13 14:03:00,0.31756380702938714
2018-01-13 14:06:00,0.47939370272803217
2018-01-13 14:09:00,0.4242899671565965
2018-01-13 14:12:00,0.27455868805998307
2018-01-13 14:15:00,0.4828654056803998
2018-01-13 14:18:00,0.2915891667541928
2018-01-13 14:21:00,0.21585172467689517
2018-01-13 14:24:00,0.05070635886323771
2018-01-13 14:27:00,-0.027782795113125758
2018-01-13 14:30:00,0.038591644200380415
2018-01-13 14:33:00,0.14645527310415218
2018-01-13 14:36:00,0.25688218729578693
2018-01-13 14:39:00,0.047671685882619386
2018-01-13 14:42:00,0.13077075108935787
2018-01-13 14:45:00,0.2920210054468839
2018-01-13 14:48:00,0.03983051946869409
2018-01-13 14:51:00,0.10112056211880827
2018-01-13 14:54:00,0.08947860534715346
2018-01-13 14:57:00,0.0852752504542309
2018-01-13 15:00:00,0.0328147101629952
2018-01-13 15:03:00,-0.0846048145465943
2018-01-13 15:06:00,-0.07499303917813904
2018-01-13 15:09:00,-0.07487004172355682
2018-01-13 15:12:00,0.1297359520270902
2018-01-13 15:15:00,-0.02483927906888539
2018-01-13 15:18:00,0.058308584753717696
2018-01-13 15:21:00,0.04100455918575108
2018-01-13 15:24:00,0.13103775374935367
2018-01-13 15:27:00,0.0489031140618863
2018-01-13 15:30:00,-0.018772462691629244
2018-01-13 15:33:00,0.04610072754195471
2018-01-13 15:36:00,-0.01536858327955315
2018-01-13 15:39:00,0.06281733259424982
2018-01-13 15:42:00,0.06861906777049853
2018-01-13 15:45:00,-0.05799858142256653
2018-01-13 15:48:00,-0.13382964184637558
2018-01-13 15:51:00,-0.11512478742884014
2018-01-13 15:54:00,-0.022029694212903905
2018-01-13 15:57:00,0.004544467804237229
2018-01-13 16:00:00,-0.09654393430946584
2018-01-13 16:03:00,0.004272172299920385
2018-01-13 16:06:00,0.04870749222345694
2018-01-13 16:09:00,0.07332771014921491
2018-01-13 16:12:00,0.18353170782523875
2018-01-13 16:15:00,0.01454075140355826
2018-01-13 16:18:00,0.15958721777184337
2018-01-13 16:21:00,0.17618632287133096
2018-01-13 16:24:00,0.14975208086423208
2018-01-13 16:27:00,0.13526383432548528
2018-01-13 16:30:00,0.08962409783794101
2018-01-13 16:33:00,0.10304128578752625
2018-01-13 16:36:00,0.3158588982951187
2018-01-13 16:39:00,0.3918655230770014
2018-01-13 16:42:00,0.24409251234925478
2018-01-13 16:45:00,0.19126091925193123
2018-01-13 16:48:00,0.20766629207264486
2018-01-13 16:51:00,0.19937774398374586
2018-01-13 16:54:00,0.514727413229366
2018-01-13 16:57:00,0.47465333969302037
2018-01-13 17:00:00,0.48303219807689857
2018-01-13 17:03:00,0.2717701647754893
2018-01-13 17:06:00,0.35470757880136716
2018-01-13 17:09:00,0.26238272497045045
2018-01-13 17:12:00,0.21422929853076766
2018-01-13 17:15:00,0.3413686902170525
2018-01-13 17:18:00,0.3397051264898323
2018-01-13 17:21:00,0.25905059697311117
2018-01-13 17:24:00,0.16685617077200732
2018-01-13 17:27:00,0.19937997360801774
2018-01-13 17:30:00,0.14689524254947628
2018-01-13 17:33:00,0.2824997681605055
2018-01-13 17:36:00,0.14307108290324777
2018-01-13 17:39:00,0.19761472471742536
2018-01-13 17:42:00,0.3023025331365261
2018-01-13 17:45:00,0.1371741652168339
2018-01-13 17:48:00,0.18912881259331016
2018-01-13 17:51:00,0.20723205522699573
2018-01-13 17:54:00,0.23759172786606086
2018-01-13 17:57:00,0.09375465390661475
2018-01-13 18:00:00,0.18048626665159873
2018-01-13 18:03:00,0.10327407993946736
2018-01-13 18:06:00,0.10065460640601032
2018-01-13 18:09:00,0.218675287898634
2018-01-13 18:12:00,0.14695141313558224
2018-01-13 18:15:00,0.2620237195765185
2018-01-13 18:18:00,0.07528050354551397
2018-01-13 18:21:00,0.10228406062611839
2018-01-13 18:24:00,0.10813901235633239
2018-01-13 18:27:00,0.12701071410566556
2018-01-13 18:30:00,0.19659098949881582
2018-01-13 18:33:00,0.14998128167917457
2018-01-13 18:36:00,0.2484137433935416
2018-01-13 18:39:00,0.24291850735272646
2018-01-13 18:42:00,0.12954988332802486
2018-01-13 18:45:00,0.10172426817769065
2018-01-13 18:48:00,0.1373166393004226
2018-01-13 18:51:00,0.19246083681400705
2018-01-13 18:54:00,
2018-01-13 18:57:00,
2018-01-13 19:00:00,
2018-01-13 19:03:00,0.29500442717369424
2018-01-13 19:06:00,0.22115293781621403
2018-01-13 19:09:00,0.14428604045849625
2018-01-13 19:12:00,0.41902651473134256
2018-01-13 19:15:00,0.30077953823735015
2018-01-13 19:18:00,0.2702078401769654
2018-01-13 19:21:00,0.16372516993271802
2018-01-13 19:24:00,0.2574649924098935
2018-01-13 19:27:00,0.3089787795779557
2018-01-13 19:30:00,0.30281096610991654
2018-01-13 19:33:00,0.37110907647007707
2018-01-13 19:36:00,0.2800729611894326
2018-01-13 19:39:00,0.2697023692568905
2018-01-13 19:42:00,0.24206737198363726
2018-01-13 19:45:00,0.15614769048443122
2018-01-13 19:48:00,0.27643000831676545
2018-01-13 19:51:00,0.27869247976798306
2018-01-13 19:54:00,0.24856032438287912
2018-01-13 19:57:00,0.3005847368540344
2018-01-13 20:00:00,0.40843058358711914
2018-01-13 20:03:00,0.33678277862310324
2018-01-13 20:06:00,0.2890766218588965
2018-01-13 20:09:00,0.1987860814981559
2018-01-13 20:12:00,0.25626944110217664
2018-01-13 20:15:00,0.14620256985227797
2018-01-13 20:18:00,0.24005063203645705
2018-01-13 20:21:00,0.17426713986066034
2018-01-13 20:24:00,0.3201303894961711
2018-01-13 20:27:00,0.21620132973026784
2018-01-13 20:30:00,0.31379386945661736
2018-01-13 20:33:00,0.12661668371742962
2018-01-13 20:36:00,0.2315596541380387
2018-01-13 20:39:00,0.22581026596208176
2018-01-13 20:42:00,0.12776118111230517
2018-01-13 20:45:00,0.22587998594514147
2018-01-13 20:48:00,0.19996395228190522
2018-01-13 20:51:00,0.26208212736986525
2018-01-13 20:54:00,0.3357997212368673
2018-01-13 20:57:00,0.22867355177533
2018-01-13 21:00:00,0.377518647864747
2018-01-13 21:03:00,0.3485501568402469
2018-01-13 21:06:00,0.2730883692722159
2018-01-13 21:09:00,0.2436485766514238
2018-01-13 21:12:00,0.36123398429168674
2018-01-13 21:15:00,0.3323399893715191
2018-01-13 21:18:00,0.2585540152954309
2018-01-13 21:21:00,0.2545151336371987
2018-01-13 21:24:00,0.3039222120808631
2018-01-13 21:27:00,0.310173054429697
2018-01-13 21:30:00,0.27386013938217957
2018-01-13 21:33:00,0.29027525324795533
2018-01-13 21:36:00,0.21468841756473012
2018-01-13 21:39:00,0.350100317001818
2018-01-13 21:42:00,0.16497279234783946
2018-01-13 21:45:00,0.24362919385401938
2018-01-13 21:48:00,0.25086530457679146
2018-01-13 21:51:00,0.2588384326443247
2018-01-13 21:54:00,0.23225266381865595
2018-01-13 21:57:00,0.285777638116258
2018-01-13 22:00:00,0.23870627631163188
2018-01-13 22:03:00,0.37316686592680526
2018-01-13 22:06:00,0.33728842610406673
2018-01-13 22:09:00,0.2522235425186068
2018-01-13 22:12:00,0.28124650041411314
2018-01-13 22:15:00,0.28919881615792065
2018-01-13 22:18:00,0.24801357078234787
2018-01-13 22:21:00,0.27500721439031395
2018-01-13 22:24:00,0.2537977742359203
2018-01-13 22:27:00,0.23423024870322706
2018-01-13 22:30:00,0.22762592148762906
2018-01-13 22:33:00,0.3545788969319119
2018-01-13 22:36:00,0.26655230978030886
2018-01-13 22:39:00,0.252133405118002
2018-01-13 22:42:00,0.2505414926027356
2018-01-13 22:45:00,0.3396045878117775
2018-01-13 22:48:00,0.404157454313804
2018-01-13 22:51:00,0.28119857903971024
2018-01-13 22:54:00,0.41479212211919503
2018-01-13 22:57:00,0.32844912385616
2018-01-13 23:00:00,0.4059281132178967
2018-01-13 23:03:00,0.43599492445451915
2018-01-13 23:06:00,0.4666563922280602
2018-01-13 23:09:00,0.4048605027978738
2018-01-13 23:12:00,0.5965705801657464
2018-01-13 23:15:00,0.5506502677712319
2018-01-13 23:18:00,0.46647150994482445
2018-01-13 23:21:00,0.4986039898437298
2018-01-13 23:24:00,0.407129950165654
2018-01-13 23:27:00,0.46312434230389954
2018-01-13 23:30:00,0.40160098397973343
2018-01-13 23:33:00,0.45773578093593414
2018-01-13 23:36:00,0.2899879245929924
2018-01-13 23:39:00,0.3312310550909956
2018-01-13 23:42:00,0.41578961719227436
2018-01-13 23:45:00,0.48276135816979604
2018-01-13 23:48:00,0.5118857764894074
2018-01-13 23:51:00,0.46824887943671456
2018-01-13 23:54:00,0.49329933071976484
2018-01-13 23:57:00,0.42895610833090814
2018-01-14 00:00:00,0.4662580952933695
2018-01-14 00:03:00,0.39991694325715343
2018-01-14 00:06:00,0.3945280298985949
2018-01-14 00:09:00,0.3973321224734718
2018-01-14 00:12:00,0.4824180188234095
2018-01-14 00:15:00,0.38583204458558384
2018-01-14 00:18:00,0.38071299965116623
2018-01-14 00:21:00,0.4477836505224104
2018-01-14 00:24:00,0.32683859760282985
2018-01-14 00:27:00,0.45592302034242493
2018-01-14 00:30:00,0.4909721894289305
2018-01-14 00:33:00,0.3658781574767431
2018-01-14 00:36:00,0.46859300652351976
2018-01-14 00:39:00,0.5117653168185257
2018-01-14 00:42:00,0.46315721682310595
2018-01-14 00:45:00,0.46441247630002636
2018-01-14 00:48:00,0.48011499007532166
2018-01-14 00:51:00,0.5238877430368234
2018-01-14 00:54:00,0.4291595995472335
2018-01-14 00:57:00,0.5049312795767378
2018-01-14 01:00:00,0.4555418667675326
2018-01-14 01:03:00,0.4332056610990094
2018-01-14 01:06:00,0.42468815567161755
2018-01-14 01:09:00,0.477401800112375
2018-01-14 01:12:00,0.5231149569306126
2018-01-14 01:15:00,0.35289312835925557
2018-01-14 01:18:00,0.532465196477915
2018-01-14 01:21:00,0.467591289947336
2018-01-14 01:24:00,0.4148174783999252
2018-01-14 01:27:00,0.5211180813561782
2018-01-14 01:30:00,0.3982876806875879
2018-01-14 01:33:00,0.4025080194130055
2018-01-14 01:36:00,0.5180186118835195
2018-01-14 01:39:00,0.42049748956333133
2018-01-14 01:42:00,0.47940135368230585
2018-01-14 01:45:00,0.4943777907270146
2018-01-14 01:48:00,0.6084745118839123
2018-01-14 01:51:00,0.5702748918598104
2018-01-14 01:54:00,0.5251915430382041
2018-01-14 01:57:00,0.4344286841767939
2018-01-14 02:00:00,0.46825246474139703
2018-01-14 02:03:00,0.5219230798964531
2018-01-14 02:06:00,0.4516428889484132
2018-01-14 02:09:00,0.34544462400094744
2018-01-14 02:12:00,0.49598041651603353
2018-01-14 02:15:00,0.41320906454205897
2018-01-14 02:18:00,0.4969269048820024
2018-01-14 02:21:00,0.5444134371409177
2018-01-14 02:24:00,0.5589388143385463
2018-01-14 02:27:00,0.5256258168537897
2018-01-14 02:30:00,0.5815535040285909
2018-01-14 02:33:00,0.493854378507649
2018-01-14 02:36:00,0.5003685661632176
2018-01-14 02:39:00,0.45392064462981807
2018-01-14 02:42:00,0.4803394603815718
2018-01-14 02:45:00,0.4523343680552898
2018-01-14 02:48:00,0.5164177175945497
2018-01-14 02:51:00,0.45687651163081
2018-01-14 02:54:00,0.46742146488452363
2018-01-14 02:57:00,0.5080291568612552
2018-01-14 03:00:00,0.5197525518314592
2018-01-14 03:03:00,0.5528185840542506
2018-01-14 03:06:00,0.614774956440499
2018-01-14 03:09:00,0.48976476775698075
2018-01-14 03:12:00,0.4794648891912061
2018-01-14 03:15:00,0.5549840642742652
2018-01-14 03:18:00,0.506926849846991
2018-01-14 03:21:00,0.5176141343106337
2018-01-14 03:24:00,0.6159793086080754
2018-01-14 03:27:00,0.5291570218244601
2018-01-14 03:30:00,0.5896784295138673
2018-01-14 03:33:00,0.5578706577995831
2018-01-14 03:36:00,0.5657559706864959
2018-01-14 03:39:00,0.582882616628126
2018-01-14 03:42:00,0.589168436686009
2018-01-14 03:45:00,0.5836473795523034
2018-01-14 03:48:00,0.6524918943672446
2018-01-14 03:51:00,0.6424724228035075
2018-01-14 03:54:00,0.6101211532570687
2018-01-14 03:57:00,0.5818881969872223
2018-01-14 04:00:00,0.5573397576579282
2018-01-14 04:03:00,0.6393622053180366
2018-01-14 04:06:00,0.5141070499464035
2018-01-14 04:09:00,0.5412446887024771
2018-01-14 04:12:00,0.553681047524833
2018-01-14 04:15:00,0.4991210877556682
2018-01-14 04:18:00,0.5407218334686945
2018-01-14 04:21:00,0.5033546402324305
2018-01-14 04:24:00,0.5007652548862325
2018-01-14 04:27:00,0.5784616346695657
2018-01-14 04:30:00,0.5713263617188886
2018-01-14 04:33:00,0.5403137224307102
2018-01-14 04:36:00,0.45602674386617537
2018-01-14 04:39:00,0.5546626367661247
2018-01-14 04:42:00,0.49998182485069265
2018-01-14 04:45:00,0.5784249164354378
2018-01-14 04:48:00,0.41071974373664943
2018-01-14 04:51:00,0.5032495262800012
2018-01-14 04:54:00,0.5532958601265818
2018-01-14 04:57:00,0.508960253378973
2018-01-14 05:00:00,0.5152748474284863
2018-01-14 05:03:00,0.4360995372491061
2018-01-14 05:06:00,0.7406519447318374
2018-01-14 05:09:00,0.48828932394974345
2018-01-14 05:12:00,0.4668623753714769
2018-01-14 05:15:00,0.5566803134253178
2018-01-14 05:18:00,0.5291418822120022
2018-01-14 05:21:00,0.53000477552024
2018-01-14 05:24:00,0.6008346571908874
2018-01-14 05:27:00,0.5006757586635331
2018-01-14 05:30:00,0.45116313102431604
2018-01-14 05:33:00,0.5265666971276346
2018-01-14 05:36:00,0.4961675172052651
2018-01-14 05:39:00,0.4451179243257002
2018-01-14 05:42:00,0.5056423709440878
2018-01-14 05:45:00,0.5472497312537712
2018-01-14 05:48:00,0.4391406131981057
2018-01-14 05:51:00,0.5436008017323957
2018-01-14 05:54:00,0.5905085331430087
2018-01-14 05:57:00,0.5520025715862857
2018-01-14 06:00:00,0.5057356600018466
2018-01-14 06:03:00,0.6030019558057802
2018-01-14 06:06:00,0.5091415689434484
2018-01-14 06:09:00,0.5163356082762789
2018-01-14 06:12:00,0.4551728899517684
2018-01-14 06:15:00,0.5514726234726481
2018-01-14 06:18:00,0.5042349898965881
2018-01-14 06:21:00,0.5598372590512781
2018-01-14 06:24:00,0.5070899940764662
2018-01-14 06:27:00,0.5801296817238608
2018-01-14 06:30:00,0.4835044080069224
2018-01-14 06:33:00,0.5607440213297537
2018-01-14 06:36:00,0.5628022563553259
2018-01-14 06:39:00,0.6251510907361535
2018-01-14 06:42:00,0.5887135740456415
2018-01-14 06:45:00,0.5753483229964331
2018-01-14 06:48:00,0.5406850484549182
2018-01-14 06:51:00,0.437335470580706
2018-01-14 06:54:00,0.521460421442896
2018-01-14 06:57:00,0.5697938631615784
2018-01-14 07:00:00,0.563174970392879
2018-01-14 07:03:00,0.41653009798915264
2018-01-14 07:06:00,0.4765937726874654
2018-01-14 07:09:00,0.48816965218640007
2018-01-14 07:12:00,0.5237879272371515
2018-01-14 07:15:00,0.39504787025094856
2018-01-14 07:18:00,0.49209445611137426
2018-01-14 07:21:00,0.42828927927160976
2018-01-14 07:24:00,0.5072837590620907
2018-01-14 07:27:00,0.4460368865661053
2018-01-14 07:30:00,0.44707948815238296
2018-01-14 07:33:00,0.40115200237966064
2018-01-14 07:36:00,0.43325863413093657
2018-01-14 07:39:00,0.4052052494665759
2018-01-14 07:42:00,0.38438166469609314
2018-01-14 07:45:00,0.4097534440851405
2018-01-14 07:48:00,0.4543502967005111
2018-01-14 07:51:00,0.4231702018637975
2018-01-14 07:54:00,0.3641939138455541
2018-01-14 07:57:00,0.40833057286295116
2018-01-14 08:00:00,0.3309797485314334
2018-01-14 08:03:00,0.4645757120761118
2018-01-14 08:06:00,0.38958973018202414
2018-01-14 08:09:00,0.46492784173454993
2018-01-14 08:12:00,0.48910089574883386
2018-01-14 08:15:00,0.5177416603070242
2018-01-14 08:18:00,0.4320512928675271
2018-01-14 08:21:00,0.4750619904954192
2018-01-14 08:24:00,0.5374394637406112
2018-01-14 08:27:00,0.5907487868404928
2018-01-14 08:30:00,0.4482283188755787
2018-01-14 08:33:00,0.4092921211245084
2018-01-14 08:36:00,0.34773983647602336
2018-01-14 08:39:00,0.3392920947445077
2018-01-14 08:42:00,0.43250562992358255
2018-01-14 08:45:00,0.2829032979263957
2018-01-14 08:48:00,0.37041046845592973
2018-01-14 08:51:00,0.4324893114814472
2018-01-14 08:54:00,0.4174582892501917
2018-01-14 08:57:00,0.38269303504051777
2018-01-14 09:00:00,0.43218929849166443
2018-01-14 09:03:00,0.30809734096163766
2018-01-14 09:06:00,0.4796423016187532
2018-01-14 09:09:00,0.2312788353727342
2018-01-14 09:12:00,0.48244548527850384
2018-01-14 09:15:00,0.3260216775196909
2018-01-14 09:18:00,0.26593601123772714
2018-01-14 09:21:00,0.24028221104163094
2018-01-14 09:24:00,0.22191287848642105
2018-01-14 09:27:00,0.26218733026888685
2018-01-14 09:30:00,0.2582889351275526
2018-01-14 09:33:00,0.2948685802715545
2018-01-14 09:36:00,0.25740286772384025
2018-01-14 09:39:00,0.2443341942092161
2018-01-14 09:42:00,0.19085489209771822
2018-01-14 09:45:00,0.19272626425515682
2018-01-14 09:48:00,0.3402494835193579
2018-01-14 09:51:00,0.12081335423539485
2018-01-14 09:54:00,0.2787359860821539
2018-01-14 09:57:00,0.13921780910146708
2018-01-14 10:00:00,0.1772825624729535
2018-01-14 10:03:00,0.19649136097945075
2018-01-14 10:06:00,0.16856634112070878
2018-01-14 10:09:00,0.12665120110614225
2018-01-14 10:12:00,0.02666466202714446
2018-01-14 10:15:00,0.02956436961807185
2018-01-14 10:18:00,0.028065335934741142
2018-01-14 10:21:00,0.15143319299210134
2018-01-14 10:24:00,0.0949581594094866
2018-01-14 10:27:00,0.06753839565016051
2018-01-14 10:30:00,0.11834453021441504
2018-01-14 10:33:00,0.01975252223996904
2018-01-14 10:36:00,0.08917656681558128
2018-01-14 10:39:00,0.07333369872452522
2018-01-14 10:42:00,0.09950903063395344
2018-01-14 10:45:00,-0.07924372189620499
2018-01-14 10:48:00,-0.014034673487287819
2018-01-14 10:51:00,0.06736421149491889
2018-01-14 10:54:00,-0.027000763249589
2018-01-14 10:57:00,-0.03289219969946089
2018-01-14 11:00:00,0.04001478942569747
2018-01-14 11:03:00,0.028813391466144367
2018-01-14 11:06:00,0.23312350279593375
2018-01-14 11:09:00,0.19486931245666028
2018-01-14 11:12:00,0.3170233592967975
2018-01-14 11:15:00,0.2010250852688955
2018-01-14 11:18:00,0.16233610171883583
2018-01-14 11:21:00,0.10677036707602383
2018-01-14 11:24:00,0.12592187185515513
2018-01-14 11:27:00,0.15002636412719994
2018-01-14 11:30:00,0.004171929523636209
2018-01-14 11:33:00,0.10538642122975261
2018-01-14 11:36:00,-0.0005642206289167007
2018-01-14 11:39:00,0.027991999358107478
2018-01-14 11:42:00,0.073846827359489
2018-01-14 11:45:00,0.22118960512193553
2018-01-14 11:48:00,0.1566306929124721
2018-01-14 11:51:00,0.196217293490065
2018-01-14 11:54:00,0.26416021321108474
2018-01-14 11:57:00,0.14459157251963006
2018-01-14 12:00:00,0.16266694095509138
2018-01-14 12:03:00,0.0770236527492898
2018-01-14 12:06:00,0.06514218965850205
2018-01-14 12:09:00,0.0912526719674247
2018-01-14 12:12:00,0.06695269927837444
2018-01-14 12:15:00,0.10940939114658477
2018-01-14 12:18:00,0.07504933771730293
2018-01-14 12:21:00,0.03562350841485795
2018-01-14 12:24:00,0.12180356506792123
2018-01-14 12:27:00,0.15512851683814688
2018-01-14 12:30:00,0.25248695014471423
2018-01-14 12:33:00,0.18714223171906497
2018-01-14 12:36:00,0.17275063581456607
2018-01-14 12:39:00,0.1351656054920909
2018-01-14 12:42:00,0.049765904284925
2018-01-14 12:45:00,0.13907921901125064
2018-01-14 12:48:00,0.1329505713965773
2018-01-14 12:51:00,0.13036656269463265
2018-01-14 12:54:00,0.056794027950786585
2018-01-14 12:57:00,0.13486815495559767
2018-01-14 13:00:00,0.0559670446717746
2018-01-14 13:03:00,0.07086762116807677
2018-01-14 13:06:00,-0.06805772320961978
2018-01-14 13:09:00,0.015703039523259577
2018-01-14 13:12:00,-0.13793486807077215
2018-01-14 13:15:00,-0.05469765986993025
2018-01-14 13:18:00,0.06672421867352796
2018-01-14 13:21:00,0.08234631632853961
2018-01-14 13:24:00,0.03752157098568887
2018-01-14 13:27:00,0.02314991986156656
2018-01-14 13:30:00,0.18087028876993827
2018-01-14 13:33:00,0.06906575024521544
2018-01-14 13:36:00,0.2186480679765168
2018-01-14 13:39:00,0.05307971811157586
2018-01-14 13:42:00,-0.1273499526146793
2018-01-14 13:45:00,-0.020618302793195653
2018-01-14 13:48:00,0.17835586691705885
2018-01-14 13:51:00,0.0851108529431599
2018-01-14 13:54:00,0.09375313824415343
2018-01-14 13:57:00,-0.034810616718175424
2018-01-14 14:00:00,0.2883599416704783
2018-01-14 14:03:00,0.13314096401802544
2018-01-14 14:06:00,0.007891054909578088
2018-01-14 14:09:00,-0.16725207668815756
2018-01-14 14:12:00,0.06985569469571828
2018-01-14 14:15:00,0.08274497820667648
2018-01-14 14:18:00,0.37224102296534056
2018-01-14 14:21:00,0.4056921987374835
2018-01-14 14:24:00,0.3698026167522812
2018-01-14 14:27:00,0.258144913591309
2018-01-14 14:30:00,0.05662098086389733
2018-01-14 14:33:00,0.11954743007447632
2018-01-14 14:36:00,0.062210794992495266
2018-01-14 14:39:00,0.1297788550232326
2018-01-14 14:42:00,0.11274071277347275
2018-01-14 14:45:00,0.08101143230703656
2018-01-14 14:48:00,0.07134341557002699
2018-01-14 14:51:00,0.25185193877393885
2018-01-14 14:54:00,0.14090659501169966
2018-01-14 14:57:00,0.19661832629179798
2018-01-14 15:00:00,0.19416565151453824
2018-01-14 15:03:00,0.18693378865793875
2018-01-14 15:06:00,0.13455098478186756
2018-01-14 15:09:00,0.04505401203294923
2018-01-14 15:12:00,-0.02898131122697123
2018-01-14 15:15:00,-0.019254075994183495
2018-01-14 15:18:00,-0.10574264547858547
2018-01-14 15:21:00,-0.03887022479796087
2018-01-14 15:24:00,0.06042306837861133
2018-01-14 15:27:00,-0.0861239466773327
2018-01-14 15:30:00,0.12656852226797355
2018-01-14 15:33:00,0.2276604287662849
2018-01-14 15:36:00,0.15982216202536392
2018-01-14 15:39:00,0.145879917060995
2018-01-14 15:42:00,0.19499553881649945
2018-01-14 15:45:00,0.1561695866446371
2018-01-14 15:48:00,0.2936455529145974
2018-01-14 15:51:00,0.22521589644372852
2018-01-14 15:54:00,0.37647119272668306
2018-01-14 15:57:00,0.5312071629784896
2018-01-14 16:00:00,0.5215344348038116
2018-01-14 16:03:00,0.40222609465109826
2018-01-14 16:06:00,0.44878817144757477
2018-01-14 16:09:00,0.5317652454289714
2018-01-14 16:12:00,0.33752013553021243
2018-01-14 16:15:00,0.4751513811850714
2018-01-14 16:18:00,0.39680185277620694
2018-01-14 16:21:00,0.3269860666140971
2018-01-14 16:24:00,0.37235998769233447
2018-01-14 16:27:00,0.4433213258220121
2018-01-14 16:30:00,0.47688935982114344
2018-01-14 16:33:00,0.46079495714576524
2018-01-14 16:36:00,0.45605190726183764
2018-01-14 16:39:00,0.5252022760412842
2018-01-14 16:42:00,0.5982625535567081
2018-01-14 16:45:00,0.43228351897892026
2018-01-14 16:48:00,0.44757660746103056
2018-01-14 16:51:00,0.5221154459075592
2018-01-14 16:54:00,0.3476197195857367
2018-01-14 16:57:00,0.2559071880293118
2018-01-14 17:00:00,0.259162783151055
2018-01-14 17:03:00,0.3427234414611462
2018-01-14 17:06:00,0.4073858467140212
2018-01-14 17:09:00,0.46785907303234353
2018-01-14 17:12:00,0.42754361209119907
2018-01-14 17:15:00,0.2590973610532501
2018-01-14 17:18:00,0.2343314010325912
2018-01-14 17:21:00,0.2571244769955001
2018-01-14 17:24:00,0.22248271595447022
2018-01-14 17:27:00,0.31096075341264395
2018-01-14 17:30:00,0.29409206528356435
2018-01-14 17:33:00,0.19074216211140538
2018-01-14 17:36:00,0.17576709360980658
2018-01-14 17:39:00,0.04111662698113605
2018-01-14 17:42:00,0.1297745836847639
2018-01-14 17:45:00,0.050438164942818275
2018-01-14 17:48:00,0.038851400894373
2018-01-14 17:51:00,0.15479730608535647
2018-01-14 17:54:00,0.20252627048148497
2018-01-14 17:57:00,0.2515035692006222
2018-01-14 18:00:00,0.1984382653218404
2018-01-14 18:03:00,0.17857667557024115
2018-01-14 18:06:00,0.3131949456970915
2018-01-14 18:09:00,0.159347487792445
2018-01-14 18:12:00,0.23053048852659686
2018-01-14 18:15:00,0.3021816960472279
2018-01-14 18:18:00,0.11393239976564473
2018-01-14 18:21:00,0.1319330062641484
2018-01-14 18:24:00,0.20461488165818764
2018-01-14 18:27:00,0.17027362739236196
2018-01-14 18:30:00,0.13100931271685567
2018-01-14 18:33:00,0.19444945863142493
2018-01-14 18:36:00,0.06421640723073097
2018-01-14 18:39:00,0.23482128584328166
2018-01-14 18:42:00,0.1056679047075022
2018-01-14 18:45:00,0.2330357532787275
2018-01-14 18:48:00,0.11165826756536035
2018-01-14 18:51:00,0.13236665277662496
2018-01-14 18:54:00,
2018-01-14 18:57:00,
2018-01-14 19:00:00,
2018-01-14 19:03:00,0.17553165924516634
2018-01-14 19:06:00,0.009838422660152446
2018-01-14 19:09:00,-0.01974174111268212
2018-01-14 19:12:00,0.11522292462638006
2018-01-14 19:15:00,0.0725075061033067
2018-01-14 19:18:00,0.13580037700307912
2018-01-14 19:21:00,0.07921757160750076
2018-01-14 19:24:00,0.08040780149832472
2018-01-14 19:27:00,0.19127103576329318
2018-01-14 19:30:00,0.1740095150443608
2018-01-14 19:33:00,0.2697018762622747
2018-01-14 19:36:00,0.2213963950353559
2018-01-14 19:39:00,0.26818556855891984
2018-01-14 19:42:00,0.2811906483085522
2018-01-14 19:45:00,0.1456707791923577
2018-01-14 19:48:00,0.11565138847049639
2018-01-14 19:51:00,0.14562442186974067
2018-01-14 19:54:00,0.0870674407232741
2018-01-14 19:57:00,0.09470235473582989
2018-01-14 20:00:00,0.11988480116383471
2018-01-14 20:03:00,0.23788902896012587
2018-01-14 20:06:00,0.14573912594102012
2018-01-14 20:09:00,0.16944575501139525
2018-01-14 20:12:00,0.11970489719232091
2018-01-14 20:15:00,0.19487682087304847
2018-01-14 20:18:00,0.09034693336059263
2018-01-14 20:21:00,0.18354612459165764
2018-01-14 20:24:00,0.14518262864913822
2018-01-14 20:27:00,0.18431361459965956
2018-01-14 20:30:00,0.2311947490828743
2018-01-14 20:33:00,0.12608823941116043
2018-01-14 20:36:00,0.17088293596947324
2018-01-14 20:39:00,0.04577878526782797
2018-01-14 20:42:00,0.2195658556604485
2018-01-14 20:45:00,0.2082953956047504
2018-01-14 20:48:00,0.1891543531559705
2018-01-14 20:51:00,0.27949791915739297
2018-01-14 20:54:00,0.17398142325276922
2018-01-14 20:57:00,0.2640989168783676
2018-01-14 21:00:00,0.3537683869648731
2018-01-14 21:03:00,0.30824309625779733
2018-01-14 21:06:00,0.2807112611089906
2018-01-14 21:09:00,0.4464975596808358
2018-01-14 21:12:00,0.4357873821457474
2018-01-14 21:15:00,0.3311151610686238
2018-01-14 21:18:00,0.33725566814575814
2018-01-14 21:21:00,0.46626979472966923
2018-01-14 21:24:00,0.37848204208859215
2018-01-14 21:27:00,0.3802173913558704
2018-01-14 21:30:00,0.3862756122877613
2018-01-14 21:33:00,0.4021753698765451
2018-01-14 21:36:00,0.4272081514648107
2018-01-14 21:39:00,0.5137450744438752
2018-01-14 21:42:00,0.5084477571373895
2018-01-14 21:45:00,0.5604928162488818
2018-01-14 21:48:00,0.41882845998844687
2018-01-14 21:51:00,0.467389885419891
2018-01-14 21:54:00,0.5734482531001959
2018-01-14 21:57:00,0.4996717242152613
2018-01-14 22:00:00,0.4835695875395345
2018-01-14 22:03:00,0.4952660163380074
2018-01-14 22:06:00,0.45527700131202664
2018-01-14 22:09:00,0.43947992361944443
2018-01-14 22:12:00,0.405316203748157
2018-01-14 22:15:00,0.36745991798164823
2018-01-14 22:18:00,0.36406025286299837
2018-01-14 22:21:00,0.46853010816863616
2018-01-14 22:24:00,0.45155271524805585
2018-01-14 22:27:00,0.4492999521580714
2018-01-14 22:30:00,0.44730391822133697
2018-01-14 22:33:00,0.4530185982183639
2018-01-14 22:36:00,0.4618522859028644
2018-01-14 22:39:00,0.41159833533214396
2018-01-14 22:42:00,0.41765881962976437
2018-01-14 22:45:00,0.40831219552478615
2018-01-14 22:48:00,0.3394888546470156
2018-01-14 22:51:00,0.4269352296689135
2018-01-14 22:54:00,0.46434701085331653
2018-01-14 22:57:00,0.4259009622783765
2018-01-14 23:00:00,0.5435489371350855
2018-01-14 23:03:00,0.5414087548298312
2018-01-14 23:06:00,0.41785432567075986
2018-01-14 23:09:00,0.49238480798504725
2018-01-14 23:12:00,0.4104019807889472
2018-01-14 23:15:00,0.4397432045361711
2018-01-14 23:18:00,0.4517355846764417
2018-01-14 23:21:00,0.40052645180310265
2018-01-14 23:24:00,0.40942916608446467
2018-01-14 23:27:00,0.40182004865283716
2018-01-14 23:30:00,0.3087367096222806
2018-01-14 23:33:00,0.3614091342041661
2018-01-14 23:36:00,0.30859124328600274
2018-01-14 23:39:00,0.37295842985258787
2018-01-14 23:42:00,0.4405264323582969
2018-01-14 23:45:00,0.3841317529263506
2018-01-14 23:48:00,0.3486638456551532
2018-01-14 23:51:00,0.308312239028794
2018-01-14 23:54:00,0.4039771179184868
2018-01-14 23:57:00,0.4057433470770775
2018-01-15 00:00:00,0.33352985417820946
2018-01-15 00:03:00,0.31135798614064925
2018-01-15 00:06:00,0.3235155910001595
2018-01-15 00:09:00,0.31334438139310805
2018-01-15 00:12:00,0.29309879593284904
2018-01-15 00:15:00,0.4241744418701501
2018-01-15 00:18:00,0.4175799158262521
2018-01-15 00:21:00,0.403769573172724
2018-01-15 00:24:00,0.37386956118876924
2018-01-15 00:27:00,0.3862733113178365
2018-01-15 00:30:00,0.44633540291249574
2018-01-15 00:33:00,0.4339746543484466
2018-01-15 00:36:00,0.43994815526298225
2018-01-15 00:39:00,0.4688238293244922
2018-01-15 00:42:00,0.37832996932519336
2018-01-15 00:45:00,0.4600471940559032
2018-01-15 00:48:00,0.4084819117138636
2018-01-15 00:51:00,0.39361373110534714
2018-01-15 00:54:00,0.3731421180958705
2018-01-15 00:57:00,0.4259676000602326
2018-01-15 01:00:00,0.3938627716881342
2018-01-15 01:03:00,0.4703336152343809
2018-01-15 01:06:00,0.5201834188601424
2018-01-15 01:09:00,0.5275680329169745
2018-01-15 01:12:00,0.40596356952158885
2018-01-15 01:15:00,0.4066409473733188
2018-01-15 01:18:00,0.4148757213283716
2018-01-15 01:21:00,0.46585504450797544
2018-01-15 01:24:00,0.5070251285879408
2018-01-15 01:27:00,0.4110512023024171
2018-01-15 01:30:00,0.49260153491979963
2018-01-15 01:33:00,0.49575462502616574
2018-01-15 01:36:00,0.5462987091540299
2018-01-15 01:39:00,0.46718245209069664
2018-01-15 01:42:00,0.5228518178344643
2018-01-15 01:45:00,0.5256556232216667
2018-01-15 01:48:00,0.48418221792843497
2018-01-15 01:51:00,0.49728372274626054
2018-01-15 01:54:00,0.44904270843858285
2018-01-15 01:57:00,0.47659436056221693
2018-01-15 02:00:00,0.4984375817842306
2018-01-15 02:03:00,0.4828907717877087
2018-01-15 02:06:00,0.5142811173470818
2018-01-15 02:09:00,0.500279132140804
2018-01-15 02:12:00,0.44655880641136037
2018-01-15 02:15:00,0.42404720589132694
2018-01-15 02:18:00,0.4611685076390586
2018-01-15 02:21:00,0.4130001035782698
2018-01-15 02:24:00,0.3415622044325346
2018-01-15 02:27:00,0.4642161098948918
2018-01-15 02:30:00,0.38372660825694993
2018-01-15 02:33:00,0.41971806025139813
2018-01-15 02:36:00,0.4458773824495097
2018-01-15 02:39:00,0.5248414055267858
2018-01-15 02:42:00,0.5052500124983794
2018-01-15 02:45:00,0.4707033596266683
2018-01-15 02:48:00,0.41163057359455024
2018-01-15 02:51:00,0.512644057965133
2018-01-15 02:54:00,0.4107152398794369
2018-01-15 02:57:00,0.3968748843802814
2018-01-15 03:00:00,0.6170754202005924
2018-01-15 03:03:00,0.40007047091040704
2018-01-15 03:06:00,0.46892364449257684
2018-01-15 03:09:00,0.506153343406595
2018-01-15 03:12:00,0.42398638876619543
2018-01-15 03:15:00,0.5236439364508101
2018-01-15 03:18:00,0.5429176115002292
2018-01-15 03:21:00,0.4901262713519827
2018-01-15 03:24:00,0.563851736423544
2018-01-15 03:27:00,0.42240801214035173
2018-01-15 03:30:00,0.4990602597710563
2018-01-15 03:33:00,0.39659661658549794
2018-01-15 03:36:00,0.39772168203410274
2018-01-15 03:39:00,0.5283626080700401
2018-01-15 03:42:00,0.58790497111994
2018-01-15 03:45:00,0.4714650895481327
2018-01-15 03:48:00,0.500555658593214
2018-01-15 03:51:00,0.5227278648106335
2018-01-15 03:54:00,0.44968255055010786
2018-01-15 03:57:00,0.5921942944535203
2018-01-15 04:00:00,0.3973591708758022
2018-01-15 04:03:00,0.4903371241291552
2018-01-15 04:06:00,0.5711464649519371
2018-01-15 04:09:00,0.5511361810836206
2018-01-15 04:12:00,0.39370385056577106
2018-01-15 04:15:00,0.4532639120405406
2018-01-15 04:18:00,0.562578213560414
2018-01-15 04:21:00,0.6244065605459923
2018-01-15 04:24:00,0.49727768663620964
2018-01-15 04:27:00,0.5919225901037635
2018-01-15 04:30:00,0.5160771086809746
2018-01-15 04:33:00,0.4875824741072279
2018-01-15 04:36:00,0.4956869116071516
2018-01-15 04:39:00,0.5605502512233329
2018-01-15 04:42:00,0.5703613459658072
2018-01-15 04:45:00,0.5135641638204334
2018-01-15 04:48:00,0.4012059096410212
2018-01-15 04:51:00,0.5155341451355753
2018-01-15 04:54:00,0.5364948978548796
2018-01-15 04:57:00,0.5021240327938017
2018-01-15 05:00:00,0.6288702201957221
2018-01-15 05:03:00,0.5628102108215103
2018-01-15 05:06:00,0.5064710205114693
2018-01-15 05:09:00,0.5657733685249013
2018-01-15 05:12:00,0.5601657829889177
2018-01-15 05:15:00,0.6068352162053543
2018-01-15 05:18:00,0.6238381980439272
2018-01-15 05:21:00,0.5508226309386828
2018-01-15 05:24:00,0.5364255663581616
2018-01-15 05:27:00,0.41023030332968347
2018-01-15 05:30:00,0.389018775193108
2018-01-15 05:33:00,0.5172294372042074
2018-01-15 05:36:00,0.4370140411373882
2018-01-15 05:39:00,0.42552962178586995
2018-01-15 05:42:00,0.4749922328220464
2018-01-15 05:45:00,0.3906800305502429
2018-01-15 05:48:00,0.4359433088143305
2018-01-15 05:51:00,0.4474292769813246
2018-01-15 05:54:00,0.5114204428164726
2018-01-15 05:57:00,0.4901721070708618
2018-01-15 06:00:00,0.5656742331437385
2018-01-15 06:03:00,0.6547696232572662
2018-01-15 06:06:00,0.5307057739469201
2018-01-15 06:09:00,0.5694208771434432
2018-01-15 06:12:00,0.525543311162096
2018-01-15 06:15:00,0.5688898132667646
2018-01-15 06:18:00,0.6075588240682919
2018-01-15 06:21:00,0.48696396232662664
2018-01-15 06:24:00,0.7078623254634522
2018-01-15 06:27:00,0.6348339347379692
2018-01-15 06:30:00,0.6944439628269947
2018-01-15 06:33:00,0.4687672480300762
2018-01-15 06:36:00,0.50593690000062
2018-01-15 06:39:00,0.5527650614189383
2018-01-15 06:42:00,0.6959047339813651
2018-01-15 06:45:00,0.5723983843220708
2018-01-15 06:48:00,0.6608704229255409
2018-01-15 06:51:00,0.635089296065928
2018-01-15 06:54:00,0.6505116685399912
2018-01-15 06:57:00,0.550706382493729
2018-01-15 07:00:00,0.5638076867213613
2018-01-15 07:03:00,0.5406223198434645
2018-01-15 07:06:00,0.4999334289622652
2018-01-15 07:09:00,0.5423772576072565
2018-01-15 07:12:00,0.4733858134991351
2018-01-15 07:15:00,0.6088468772686042
2018-01-15 07:18:00,0.6085479785936627
2018-01-15 07:21:00,0.5760765592930852
2018-01-15 07:24:00,0.49047436536392297
2018-01-15 07:27:00,0.5218724844328335
2018-01-15 07:30:00,0.5292859164640049
2018-01-15 07:33:00,0.43382249685828356
2018-01-15 07:36:00,0.5169717897798591
2018-01-15 07:39:00,0.5279703682925287
2018-01-15 07:42:00,0.5249545052761846
2018-01-15 07:45:00,0.5716560342311823
2018-01-15 07:48:00,0.6029689693969544
2018-01-15 07:51:00,0.6231992161900166
2018-01-15 07:54:00,0.5879697381952838
2018-01-15 07:57:00,0.5652247705702962
2018-01-15 08:00:00,0.5883618905492654
2018-01-15 08:03:00,0.5206053278778882
2018-01-15 08:06:00,0.5476294733996383
2018-01-15 08:09:00,0.4591421832456035
2018-01-15 08:12:00,0.5573842431458047
2018-01-15 08:15:00,0.4647509113885917
2018-01-15 08:18:00,0.5312952677318776
2018-01-15 08:21:00,0.43362180257264527
2018-01-15 08:24:00,0.40936458224484795
2018-01-15 08:27:00,0.4346566998700041
2018-01-15 08:30:00,0.48467688105830575
2018-01-15 08:33:00,0.4619155130010313
2018-01-15 08:36:00,0.482563620082999
2018-01-15 08:39:00,0.44383315398624745
2018-01-15 08:42:00,0.5303992527452692
2018-01-15 08:45:00,0.39237280221027504
2018-01-15 08:48:00,0.5199191107790853
2018-01-15 08:51:00,0.2995967935464705
2018-01-15 08:54:00,0.44143091418601443
2018-01-15 08:57:00,0.30905668443892864
2018-01-15 09:00:00,0.36210139845240974
2018-01-15 09:03:00,0.466540404337195
2018-01-15 09:06:00,0.3876964560615761
2018-01-15 09:09:00,0.5084443440512132
2018-01-15 09:12:00,0.5025040059098274
2018-01-15 09:15:00,0.5218258269029548
2018-01-15 09:18:00,0.4682598635874342
2018-01-15 09:21:00,0.4779120161839501
2018-01-15 09:24:00,0.45556623950557196
2018-01-15 09:27:00,0.5832952787373529
2018-01-15 09:30:00,0.45735455969833083
2018-01-15 09:33:00,0.4467096350878137
2018-01-15 09:36:00,0.34461273808670967
2018-01-15 09:39:00,0.3499864984482315
2018-01-15 09:42:00,0.34547154565569826
2018-01-15 09:45:00,0.2857090307509793
2018-01-15 09:48:00,0.25228371793701854
2018-01-15 09:51:00,0.23587715871582304
2018-01-15 09:54:00,0.10034625141588549
2018-01-15 09:57:00,0.2946094476455414
2018-01-15 10:00:00,0.21856732691986736
2018-01-15 10:03:00,0.2581312843013279
2018-01-15 10:06:00,0.2103031383836651
2018-01-15 10:09:00,0.20636538000655946
2018-01-15 10:12:00,0.2225950673575312
2018-01-15 10:15:00,0.3108884270250769
2018-01-15 10:18:00,0.14277847253515574
2018-01-15 10:21:00,0.14492645800362425
2018-01-15 10:24:00,0.2554806636015883
2018-01-15 10:27:00,0.35197548930403855
2018-01-15 10:30:00,0.2061547359760425
2018-01-15 10:33:00,0.30796298529702426
2018-01-15 10:36:00,0.3053981675674322
2018-01-15 10:39:00,0.2696505299495584
2018-01-15 10:42:00,0.31351923862467856
2018-01-15 10:45:00,0.2321001805817673
2018-01-15 10:48:00,0.1928354210026555
2018-01-15 10:51:00,0.25261602942225636
2018-01-15 10:54:00,0.24820164454365568
2018-01-15 10:57:00,0.3018355247014597
2018-01-15 11:00:00,0.3323396747789502
2018-01-15 11:03:00,0.22826453360562482
2018-01-15 11:06:00,0.15287473213743397
2018-01-15 11:09:00,0.2708635878918244
2018-01-15 11:12:00,0.29120112173609414
2018-01-15 11:15:00,0.2622063390430185
2018-01-15 11:18:00,0.280499386792485
2018-01-15 11:21:00,0.26692495127497295
2018-01-15 11:24:00,0.2354165452808843
2018-01-15 11:27:00,0.20708650411444296
2018-01-15 11:30:00,0.18368318679193862
2018-01-15 11:33:00,0.2449264875885433
2018-01-15 11:36:00,0.16586222954640562
2018-01-15 11:39:00,0.08199046456138603
2018-01-15 11:42:00,0.1482135254217951
2018-01-15 11:45:00,0.21526880749826205
2018-01-15 11:48:00,0.2332291534614228
2018-01-15 11:51:00,0.17683098353364812
2018-01-15 11:54:00,0.17640981573197223
2018-01-15 11:57:00,0.08627978411715276
2018-01-15 12:00:00,0.2589317266669582
2018-01-15 12:03:00,0.1291143117680349
2018-01-15 12:06:00,0.14409007638340654
2018-01-15 12:09:00,0.18061140915074247
2018-01-15 12:12:00,0.04664123125439801
2018-01-15 12:15:00,0.05756486263169336
2018-01-15 12:18:00,0.03521430721309571
2018-01-15 12:21:00,0.14411500096031205
2018-01-15 12:24:00,0.204628272118498
2018-01-15 12:27:00,0.14719567340631556
2018-01-15 12:30:00,0.20647794201539682
2018-01-15 12:33:00,0.020743462510040445
2018-01-15 12:36:00,0.059741199131110534
2018-01-15 12:39:00,0.08814390766286806
2018-01-15 12:42:00,0.10870192790326882
2018-01-15 12:45:00,0.09861811513934526
2018-01-15 12:48:00,-0.03863045727064218
2018-01-15 12:51:00,0.13936310754178294
2018-01-15 12:54:00,0.006229773516963633
2018-01-15 12:57:00,0.0827338247828493
2018-01-15 13:00:00,0.039171909885965306
2018-01-15 13:03:00,0.09831923792444286
2018-01-15 13:06:00,-0.020764766595561923
2018-01-15 13:09:00,0.09493745754423344
2018-01-15 13:12:00,-0.026432136161645303
2018-01-15 13:15:00,0.136199754675431
2018-01-15 13:18:00,-0.04376381396406259
2018-01-15 13:21:00,0.06366402847055497
2018-01-15 13:24:00,-0.006651812918505584
2018-01-15 13:27:00,0.11375488974960035
2018-01-15 13:30:00,0.13875168013203165
2018-01-15 13:33:00,0.24791424799246897
2018-01-15 13:36:00,0.11791671877392673
2018-01-15 13:39:00,0.07483418278110321
2018-01-15 13:42:00,0.2716436028289877
2018-01-15 13:45:00,0.19539776954894705
2018-01-15 13:48:00,0.22887390118796702
2018-01-15 13:51:00,0.05879949442726229
2018-01-15 13:54:00,0.2781663158913261
2018-01-15 13:57:00,0.050545075389607064
2018-01-15 14:00:00,0.09159502664283536
2018-01-15 14:03:00,-0.0593211097296944
2018-01-15 14:06:00,0.006855163180944146
2018-01-15 14:09:00,0.027613175285807756
2018-01-15 14:12:00,-0.0853813466083011
2018-01-15 14:15:00,0.006558725256581965
2018-01-15 14:18:00,-0.08464408835703807
2018-01-15 14:21:00,0.0836281758092241
2018-01-15 14:24:00,0.19907131725642557
2018-01-15 14:27:00,0.1989535737880601
2018-01-15 14:30:00,0.13438050306223204
2018-01-15 14:33:00,0.18803314596618748
2018-01-15 14:36:00,0.1369286625310906
2018-01-15 14:39:00,0.18283489334032765
2018-01-15 14:42:00,0.22866327552770827
2018-01-15 14:45:00,0.18960853169272696
2018-01-15 14:48:00,0.1115027908592765
2018-01-15 14:51:00,0.05807498962997215
2018-01-15 14:54:00,0.05803507232059246
2018-01-15 14:57:00,0.2160653735077176
2018-01-15 15:00:00,0.12573552708118996
2018-01-15 15:03:00,0.04847397256099839
2018-01-15 15:06:00,-0.019521021915124948
2018-01-15 15:09:00,-0.05165584434047332
2018-01-15 15:12:00,-0.06688763014852839
2018-01-15 15:15:00,0.05080854689225589
2018-01-15 15:18:00,-0.06509196819979479
2018-01-15 15:21:00,-0.01949747927505996
2018-01-15 15:24:00,-0.08728402831928861
2018-01-15 15:27:00,-0.13410460417003378
2018-01-15 15:30:00,-0.06080806438529862
2018-01-15 15:33:00,0.07095287219334523
2018-01-15 15:36:00,-0.04160640241349256
2018-01-15 15:39:00,0.22599783084501723
2018-01-15 15:42:00,0.6580386548671413
2018-01-15 15:45:00,0.6621874653257578
2018-01-15 15:48:00,0.5912528968650008
2018-01-15 15:51:00,0.6050270718686761
2018-01-15 15:54:00,0.5589664106529426
2018-01-15 15:57:00,0.4765388974230973
2018-01-15 16:00:00,0.31126954931318096
2018-01-15 16:03:00,0.1393299140788713
2018-01-15 16:06:00,0.16984450843841614
2018-01-15 16:09:00,0.12037326743046606
2018-01-15 16:12:00,0.0974158938785763
2018-01-15 16:15:00,0.29957428528928176
2018-01-15 16:18:00,0.24741454011950736
2018-01-15 16:21:00,0.130741584632176
2018-01-15 16:24:00,0.3025837564102858
2018-01-15 16:27:00,0.17763619202759173
2018-01-15 16:30:00,0.2206150876275501
2018-01-15 16:33:00,0.15853397514138123
2018-01-15 16:36:00,0.20011986289307515
2018-01-15 16:39:00,0.18945457906397678
2018-01-15 16:42:00,0.22737076564010295
2018-01-15 16:45:00,0.12736126964551886
2018-01-15 16:48:00,0.1172135190824406
2018-01-15 16:51:00,0.13867010883842568
2018-01-15 16:54:00,0.14159464977853986
2018-01-15 16:57:00,0.08291045598554092
2018-01-15 17:00:00,0.2121540838060696
2018-01-15 17:03:00,0.0795807305952394
2018-01-15 17:06:00,0.08109199756114549
2018-01-15 17:09:00,0.17558194906212066
2018-01-15 17:12:00,0.11533304605666217
2018-01-15 17:15:00,0.08610693789785273
2018-01-15 17:18:00,0.17627744983417415
2018-01-15 17:21:00,0.23057333570289984
2018-01-15 17:24:00,0.15145673992748243
2018-01-15 17:27:00,0.1695219931897327
2018-01-15 17:30:00,0.22485971210005573
2018-01-15 17:33:00,0.1859360482824286
2018-01-15 17:36:00,0.207163698443253
2018-01-15 17:39:00,0.23465031805778835
2018-01-15 17:42:00,0.10752628625317584
2018-01-15 17:45:00,0.17534356523401584
2018-01-15 17:48:00,0.1521072053456578
2018-01-15 17:51:00,0.1517039128449369
2018-01-15 17:54:00,0.17699222654528057
2018-01-15 17:57:00,0.1570232865300909
2018-01-15 18:00:00,0.11585835004746059
2018-01-15 18:03:00,0.21944172565775943
2018-01-15 18:06:00,0.2045883284334309
2018-01-15 18:09:00,0.16503594949381295
2018-01-15 18:12:00,0.09893321846038816
2018-01-15 18:15:00,0.2467268885374665
2018-01-15 18:18:00,0.004085161386626623
2018-01-15 18:21:00,0.1813904995070743
2018-01-15 18:24:00,0.15329367461993115
2018-01-15 18:27:00,0.07928112442652946
2018-01-15 18:30:00,0.09050575603936295
2018-01-15 18:33:00,0.18946247245361292
2018-01-15 18:36:00,0.13820628327306395
2018-01-15 18:39:00,0.1522432472486912
2018-01-15 18:42:00,0.1108396660617359
2018-01-15 18:45:00,0.18298029910448577
2018-01-15 18:48:00,0.17920613143695618
2018-01-15 18:51:00,0.16227115313904505
2018-01-15 18:54:00,
2018-01-15 18:57:00,
2018-01-15 19:00:00,
2018-01-15 19:03:00,0.17783940050406954
2018-01-15 19:06:00,0.20290769017321963
2018-01-15 19:09:00,0.2017580051352752
2018-01-15 19:12:00,0.27287794811496724
2018-01-15 19:15:00,0.15682508980313514
2018-01-15 19:18:00,0.276388071452061
2018-01-15 19:21:00,0.15504023125458843
2018-01-15 19:24:00,0.1292272189376149
2018-01-15 19:27:00,0.15441977566518972
2018-01-15 19:30:00,0.08034840302434532
2018-01-15 19:33:00,0.22859915258919727
2018-01-15 19:36:00,0.19252980158876198
2018-01-15 19:39:00,0.2112285048016247
2018-01-15 19:42:00,0.2683000946014431
2018-01-15 19:45:00,0.2361075359045799
2018-01-15 19:48:00,0.2971760385192397
2018-01-15 19:51:00,0.28036883137082214
2018-01-15 19:54:00,0.24881290322417726
2018-01-15 19:57:00,0.2624076512908573
2018-01-15 20:00:00,0.24546410380861516
2018-01-15 20:03:00,0.18595202278305578
2018-01-15 20:06:00,0.25845576402241477
2018-01-15 20:09:00,0.2257283748065788
2018-01-15 20:12:00,0.3049978153035795
2018-01-15 20:15:00,0.1911180754843258
2018-01-15 20:18:00,0.15067792708043726
2018-01-15 20:21:00,0.2294758577745597
2018-01-15 20:24:00,0.27395066176546834
2018-01-15 20:27:00,0.33499012952989915
2018-01-15 20:30:00,0.3478178144189883
2018-01-15 20:33:00,0.3879110601476441
2018-01-15 20:36:00,0.3364774763335845
2018-01-15 20:39:00,0.34844753873483114
2018-01-15 20:42:00,0.3579077300473159
2018-01-15 20:45:00,0.16817158499299012
2018-01-15 20:48:00,0.39511928119975437
2018-01-15 20:51:00,0.3064120450538894
2018-01-15 20:54:00,0.36254921116062633
2018-01-15 20:57:00,0.44775425245768474
2018-01-15 21:00:00,0.3756701520175625
2018-01-15 21:03:00,0.38549227107279194
2018-01-15 21:06:00,0.2821715684972901
2018-01-15 21:09:00,0.34496238909741805
2018-01-15 21:12:00,0.3434094798832916
2018-01-15 21:15:00,0.36993569560121387
2018-01-15 21:18:00,0.3538962230610423
2018-01-15 21:21:00,0.3930510830015237
2018-01-15 21:24:00,0.37510311812508235
2018-01-15 21:27:00,0.24561192402563847
2018-01-15 21:30:00,0.3417353046095286
2018-01-15 21:33:00,0.3202493574845562
2018-01-15 21:36:00,0.2691004941694928
2018-01-15 21:39:00,0.3199687716544872
2018-01-15 21:42:00,0.31452500969857056
2018-01-15 21:45:00,0.36454909459791907
2018-01-15 21:48:00,0.34606674163205753
2018-01-15 21:51:00,0.34189140531890416
2018-01-15 21:54:00,0.34394003205960644
2018-01-15 21:57:00,0.3089818139553131
2018-01-15 22:00:00,0.30992584520731725
2018-01-15 22:03:00,0.3390792321488334
2018-01-15 22:06:00,0.3687019371958513
2018-01-15 22:09:00,0.40315104866107276
2018-01-15 22:12:00,0.4774907215955295
2018-01-15 22:15:00,0.36466970780634256
2018-01-15 22:18:00,0.3456485372871043
2018-01-15 22:21:00,0.3039528035694161
2018-01-15 22:24:00,0.4383705796046229
2018-01-15 22:27:00,0.4988060025944492
2018-01-15 22:30:00,0.47929619659203127
2018-01-15 22:33:00,0.4975593599949093
2018-01-15 22:36:00,0.4601962502230208
2018-01-15 22:39:00,0.46169571587978453
2018-01-15 22:42:00,0.4198854168495245
2018-01-15 22:45:00,0.3807877794960177
2018-01-15 22:48:00,0.48169209674381364
2018-01-15 22:51:00,0.4791266159822385
2018-01-15 22:54:00,0.5641678602067941
2018-01-15 22:57:00,0.5212530672512798
2018-01-15 23:00:00,0.4687095443228486
2018-01-15 23:03:00,0.5052701846344689
2018-01-15 23:06:00,0.5075409894365634
2018-01-15 23:09:00,0.5203857346825771
2018-01-15 23:12:00,0.4528231643917593
2018-01-15 23:15:00,0.4961597205642647
2018-01-15 23:18:00,0.48167140121671537
2018-01-15 23:21:00,0.4146121509401155
2018-01-15 23:24:00,0.4186779814527313
2018-01-15 23:27:00,0.4424910301411842
2018-01-15 23:30:00,0.3526318573801177
2018-01-15 23:33:00,0.38843378107907256
2018-01-15 23:36:00,0.48175729083919805
2018-01-15 23:39:00,0.5287237742800812
2018-01-15 23:42:00,0.41859125347798454
2018-01-15 23:45:00,0.4817271369894911
2018-01-15 23:48:00,0.5631023819784104
2018-01-15 23:51:00,0.5296009246457061
2018-01-15 23:54:00,0.5485763912751622
2018-01-15 23:57:00,0.5241829842703964
2018-01-16 00:00:00,0.618182972740442
2018-01-16 00:03:00,0.49659553569836135
2018-01-16 00:06:00,0.6570828150249213
2018-01-16 00:09:00,0.5977601604038796
2018-01-16 00:12:00,0.5258826975807551
2018-01-16 00:15:00,0.5633438346408184
2018-01-16 00:18:00,0.6168670998543462
2018-01-16 00:21:00,0.5800518045693934
2018-01-16 00:24:00,0.5211628210482786
2018-01-16 00:27:00,0.6100372983131024
2018-01-16 00:30:00,0.6309792940572265
2018-01-16 00:33:00,0.5895402261559184
2018-01-16 00:36:00,0.5514204610116735
2018-01-16 00:39:00,0.5491683632109243
2018-01-16 00:42:00,0.5344835500297904
2018-01-16 00:45:00,0.5855756857467895
2018-01-16 00:48:00,0.3828499492094579
2018-01-16 00:51:00,0.4270886551753392
2018-01-16 00:54:00,0.3965750422518681
2018-01-16 00:57:00,0.5260223535147475
2018-01-16 01:00:00,0.4861605777753084
2018-01-16 01:03:00,0.4887330299027326
2018-01-16 01:06:00,0.508718033146522
2018-01-16 01:09:00,0.6452322295571662
2018-01-16 01:12:00,0.4976604604274826
2018-01-16 01:15:00,0.49211323817218044
2018-01-16 01:18:00,0.5713973995407287
2018-01-16 01:21:00,0.4057610539601342
2018-01-16 01:24:00,0.5729723885113458
2018-01-16 01:27:00,0.5355451593212024
2018-01-16 01:30:00,0.5406600928232024
2018-01-16 01:33:00,0.49042156934177683
2018-01-16 01:36:00,0.5345337338354739
2018-01-16 01:39:00,0.5276191195748083
2018-01-16 01:42:00,0.5139144617480724
2018-01-16 01:45:00,0.4623463563468704
2018-01-16 01:48:00,0.565950331173326
2018-01-16 01:51:00,0.5369278143085126
2018-01-16 01:54:00,0.5151054897791028
2018-01-16 01:57:00,0.41449193838178644
2018-01-16 02:00:00,0.5508851925733325
2018-01-16 02:03:00,0.5092167463108694
2018-01-16 02:06:00,0.5251404462880487
2018-01-16 02:09:00,0.46361223010046615
2018-01-16 02:12:00,0.45989012194189627
2018-01-16 02:15:00,0.5319709104478534
2018-01-16 02:18:00,0.42455974201840263
2018-01-16 02:21:00,0.3501884718079964
2018-01-16 02:24:00,0.5256458687242116
2018-01-16 02:27:00,0.44994458461383147
2018-01-16 02:30:00,0.4551365364309845
2018-01-16 02:33:00,0.5379573610799184
2018-01-16 02:36:00,0.42842425167089004
2018-01-16 02:39:00,0.3923062559123309
2018-01-16 02:42:00,0.5359936652346846
2018-01-16 02:45:00,0.5907548003809211
2018-01-16 02:48:00,0.5062169948876658
2018-01-16 02:51:00,0.5822684389114556
2018-01-16 02:54:00,0.5927525196488546
2018-01-16 02:57:00,0.665355233228297
2018-01-16 03:00:00,0.6581308422507277
2018-01-16 03:03:00,0.5535060897758513
2018-01-16 03:06:00,0.5675111288657035
2018-01-16 03:09:00,0.627229208162646
2018-01-16 03:12:00,0.5809658782919769
2018-01-16 03:15:00,0.5150825484021198
2018-01-16 03:18:00,0.5268177631630806
2018-01-16 03:21:00,0.48546790110100346
2018-01-16 03:24:00,0.5395352731224534
2018-01-16 03:27:00,0.5053817475006781
2018-01-16 03:30:00,0.42960784566878374
2018-01-16 03:33:00,0.3496238210855722
2018-01-16 03:36:00,0.4786669035564728
2018-01-16 03:39:00,0.5579245363229575
2018-01-16 03:42:00,0.4763710440370801
2018-01-16 03:45:00,0.517573162725796
2018-01-16 03:48:00,0.507430410021982
2018-01-16 03:51:00,0.5833885076373804
2018-01-16 03:54:00,0.5125241153996285
2018-01-16 03:57:00,0.5331118603792788
2018-01-16 04:00:00,0.618332883020571
2018-01-16 04:03:00,0.48234061948477347
2018-01-16 04:06:00,0.4608681692050709
2018-01-16 04:09:00,0.5665130304150239
2018-01-16 04:12:00,0.5661087500258759
2018-01-16 04:15:00,0.5550052908907332
2018-01-16 04:18:00,0.4736217350931611
2018-01-16 04:21:00,0.4573810394651332
2018-01-16 04:24:00,0.41888383824084485
2018-01-16 04:27:00,0.440319833302965
2018-01-16 04:30:00,0.43378658332079567
2018-01-16 04:33:00,0.44498724517302435
2018-01-16 04:36:00,0.5987260514363015
2018-01-16 04:39:00,0.5501346514976717
2018-01-16 04:42:00,0.5587772332480654
2018-01-16 04:45:00,0.4974060400365943
2018-01-16 04:48:00,0.5773086411209079
2018-01-16 04:51:00,0.44787810050235066
2018-01-16 04:54:00,0.47420494814804215
2018-01-16 04:57:00,0.5402800430766206
2018-01-16 05:00:00,0.41397213490381546
2018-01-16 05:03:00,0.4781327319628872
2018-01-16 05:06:00,0.42794781430956164
2018-01-16 05:09:00,0.44414404512315286
2018-01-16 05:12:00,0.5340132543747131
2018-01-16 05:15:00,0.39834666942044805
2018-01-16 05:18:00,0.4425935045136953
2018-01-16 05:21:00,0.4802078134459862
2018-01-16 05:24:00,0.4350165950338578
2018-01-16 05:27:00,0.3888694105655759
2018-01-16 05:30:00,0.3888078763886824
2018-01-16 05:33:00,0.508706408663727
2018-01-16 05:36:00,0.47428254118915447
2018-01-16 05:39:00,0.4942146445134199
2018-01-16 05:42:00,0.5007522834474685
2018-01-16 05:45:00,0.39200120898499335
2018-01-16 05:48:00,0.4665601353714237
2018-01-16 05:51:00,0.40185965848718297
2018-01-16 05:54:00,0.3928144650825516
2018-01-16 05:57:00,0.3790727651549446
2018-01-16 06:00:00,0.4088240770871039
2018-01-16 06:03:00,0.38561484750806585
2018-01-16 06:06:00,0.4253773962250307
2018-01-16 06:09:00,0.46907582038710416
2018-01-16 06:12:00,0.4641019020389763
2018-01-16 06:15:00,0.3921362284461338
2018-01-16 06:18:00,0.43105849831158594
2018-01-16 06:21:00,0.547730446195601
2018-01-16 06:24:00,0.4891330181613398
2018-01-16 06:27:00,0.47758335124251516
2018-01-16 06:30:00,0.42309845274098734
2018-01-16 06:33:00,0.5150611218388121
2018-01-16 06:36:00,0.5198753793253559
2018-01-16 06:39:00,0.41388294953372906
2018-01-16 06:42:00,0.5321268145004865
2018-01-16 06:45:00,0.4154904689773389
2018-01-16 06:48:00,0.5132700866351456
2018-01-16 06:51:00,0.38884556906140233
2018-01-16 06:54:00,0.46730181892263545
2018-01-16 06:57:00,0.42735137813986057
2018-01-16 07:00:00,0.5381815205648763
2018-01-16 07:03:00,0.46857697128035625
2018-01-16 07:06:00,0.584360108698661
2018-01-16 07:09:00,0.4312751387356002
2018-01-16 07:12:00,0.6078969058838766
2018-01-16 07:15:00,0.3683829825980638
2018-01-16 07:18:00,0.4826285909972512
2018-01-16 07:21:00,0.4664787793826122
2018-01-16 07:24:00,0.4317802503898065
2018-01-16 07:27:00,0.4485533489314548
2018-01-16 07:30:00,0.4979213636520399
2018-01-16 07:33:00,0.4340724944625549
2018-01-16 07:36:00,0.4792792859942665
2018-01-16 07:39:00,0.40877873479922755
2018-01-16 07:42:00,0.5169892722924487
2018-01-16 07:45:00,0.5174085353627902
2018-01-16 07:48:00,0.46600833676268394
2018-01-16 07:51:00,0.5212800023305704
2018-01-16 07:54:00,0.5831362439643613
2018-01-16 07:57:00,0.547502600512928
2018-01-16 08:00:00,0.482325886959984
2018-01-16 08:03:00,0.5224946464801405
2018-01-16 08:06:00,0.5263887149952211
2018-01-16 08:09:00,0.5389697826179827
2018-01-16 08:12:00,0.4425906382951439
2018-01-16 08:15:00,0.49936098451752287
2018-01-16 08:18:00,0.48768256868862636
2018-01-16 08:21:00,0.5429733895748541
2018-01-16 08:24:00,0.4537049630842489
2018-01-16 08:27:00,0.45268198564247086
2018-01-16 08:30:00,0.5572518695613553
2018-01-16 08:33:00,0.5535519187287719
2018-01-16 08:36:00,0.5327036029302121
2018-01-16 08:39:00,0.4383650552915128
2018-01-16 08:42:00,0.34048723415043014
2018-01-16 08:45:00,0.43543191760886657
2018-01-16 08:48:00,0.32738675319058075
2018-01-16 08:51:00,0.4309642773663427
2018-01-16 08:54:00,0.3633186979709535
2018-01-16 08:57:00,0.34329705928877274
2018-01-16 09:00:00,0.43394492708495136
2018-01-16 09:03:00,0.3280932256500364
2018-01-16 09:06:00,0.3486691757249787
2018-01-16 09:09:00,0.3397905015120273
2018-01-16 09:12:00,0.40053720864727893
2018-01-16 09:15:00,0.30912941732134414
2018-01-16 09:18:00,0.3224149026453347
2018-01-16 09:21:00,0.3151206864263827
2018-01-16 09:24:00,0.24510045121041912
2018-01-16 09:27:00,0.19135341133397787
2018-01-16 09:30:00,0.28238254673738084
2018-01-16 09:33:00,0.2369493412205088
2018-01-16 09:36:00,0.29151235039614676
2018-01-16 09:39:00,0.26124040738886833
2018-01-16 09:42:00,0.2927951196783738
2018-01-16 09:45:00,0.29584294979372316
2018-01-16 09:48:00,0.3480418603579096
2018-01-16 09:51:00,0.42508907893000014
2018-01-16 09:54:00,0.4046230841360057
2018-01-16 09:57:00,0.36083813986016366
2018-01-16 10:00:00,0.47261158954808025
2018-01-16 10:03:00,0.3162409911737427
2018-01-16 10:06:00,0.46866310556890767
2018-01-16 10:09:00,0.45046329628974036
2018-01-16 10:12:00,0.6503489873134072
2018-01-16 10:15:00,0.6449304218052703
2018-01-16 10:18:00,0.4235082765331981
2018-01-16 10:21:00,0.47245047892181447
2018-01-16 10:24:00,0.5733295385812767
2018-01-16 10:27:00,0.5899772007626893
2018-01-16 10:30:00,0.37709351638000044
2018-01-16 10:33:00,0.2835327830043184
2018-01-16 10:36:00,0.3385611347040367
2018-01-16 10:39:00,0.312780942708514
2018-01-16 10:42:00,0.23947112627189426
2018-01-16 10:45:00,0.262051600680536
2018-01-16 10:48:00,0.10338568555511074
2018-01-16 10:51:00,0.17122369188706443
2018-01-16 10:54:00,0.21706211745816972
2018-01-16 10:57:00,0.19667845269037798
2018-01-16 11:00:00,0.05141023707824388
2018-01-16 11:03:00,0.06841399548602567
2018-01-16 11:06:00,0.17687012238832267
2018-01-16 11:09:00,0.17438311287332908
2018-01-16 11:12:00,0.20634297941450086
2018-01-16 11:15:00,0.20230780590731
2018-01-16 11:18:00,0.3354393235335351
2018-01-16 11:21:00,0.3446113065178906
2018-01-16 11:24:00,0.23405354579352888
2018-01-16 11:27:00,0.2413322890079712
2018-01-16 11:30:00,0.32080039419645345
2018-01-16 11:33:00,0.34842183450291486
2018-01-16 11:36:00,0.4011559340591475
2018-01-16 11:39:00,0.49187136889804606
2018-01-16 11:42:00,0.4539105939904289
2018-01-16 11:45:00,0.33800197279379063
2018-01-16 11:48:00,0.2595719511037373
2018-01-16 11:51:00,0.2690523163921057
2018-01-16 11:54:00,0.3604444975872525
2018-01-16 11:57:00,0.3987151810180194
2018-01-16 12:00:00,0.3272469469397379
2018-01-16 12:03:00,0.30995824089598045
2018-01-16 12:06:00,0.3830227438704128
2018-01-16 12:09:00,0.36151846930482634
2018-01-16 12:12:00,0.2788498880595398
2018-01-16 12:15:00,0.24306053670420624
2018-01-16 12:18:00,0.2384101362404749
2018-01-16 12:21:00,0.25959008955203444
2018-01-16 12:24:00,0.46350404517988864
2018-01-16 12:27:00,0.5383184810813191
2018-01-16 12:30:00,0.39394015863229015
2018-01-16 12:33:00,0.4674222912628352
2018-01-16 12:36:00,0.3593720744287907
2018-01-16 12:39:00,0.2387248540713358
2018-01-16 12:42:00,0.39970306718959137
2018-01-16 12:45:00,0.3725058844192404
2018-01-16 12:48:00,0.5010886499376284
2018-01-16 12:51:00,0.45690427561470415
2018-01-16 12:54:00,0.42962091720119133
2018-01-16 12:57:00,0.5084842235198721
2018-01-16 13:00:00,0.49699844978266583
2018-01-16 13:03:00,0.4912989859973891
2018-01-16 13:06:00,0.4376282528828028
2018-01-16 13:09:00,0.4679493415511615
2018-01-16 13:12:00,0.5107098460945849
2018-01-16 13:15:00,0.40468386204594253
2018-01-16 13:18:00,0.4508678876743488
2018-01-16 13:21:00,0.42439092661152245
2018-01-16 13:24:00,0.4544775051634815
2018-01-16 13:27:00,0.4915438064108457
2018-01-16 13:30:00,0.3885732601642644
2018-01-16 13:33:00,0.4648185407626215
2018-01-16 13:36:00,0.4540094323118069
2018-01-16 13:39:00,0.4880474275669826
2018-01-16 13:42:00,0.42022484750896183
2018-01-16 13:45:00,0.43910397746310537
2018-01-16 13:48:00,0.46221782604442296
2018-01-16 13:51:00,0.4562849325322418
2018-01-16 13:54:00,0.4182122626225464
2018-01-16 13:57:00,0.4370946334064456
2018-01-16 14:00:00,0.31716155632034315
2018-01-16 14:03:00,0.5207085656023196
2018-01-16 14:06:00,0.44246936678280235
2018-01-16 14:09:00,0.42256842894914826
2018-01-16 14:12:00,0.43166360408702076
2018-01-16 14:15:00,0.28425735275158104
2018-01-16 14:18:00,0.34229418390850697
2018-01-16 14:21:00,0.4393263092187567
2018-01-16 14:24:00,0.41822578014250666
2018-01-16 14:27:00,0.3277524605953772
2018-01-16 14:30:00,0.3876041956519316
2018-01-16 14:33:00,0.2954282545172191
2018-01-16 14:36:00,0.2743524803155424
2018-01-16 14:39:00,0.32766267222206125
2018-01-16 14:42:00,0.32873137293296395
2018-01-16 14:45:00,0.27173171958583
2018-01-16 14:48:00,0.30307281563784727
2018-01-16 14:51:00,0.42055329176423584
2018-01-16 14:54:00,0.39359555387295586
2018-01-16 14:57:00,0.391889173671359
2018-01-16 15:00:00,0.2913025907906217
2018-01-16 15:03:00,0.3926637916778759
2018-01-16 15:06:00,0.13644563722220937
2018-01-16 15:09:00,0.27235562687405945
2018-01-16 15:12:00,0.3707652498082439
2018-01-16 15:15:00,0.354906385999584
2018-01-16 15:18:00,0.34954216174492103
2018-01-16 15:21:00,0.39061009992082063
2018-01-16 15:24:00,0.35228348431644463
2018-01-16 15:27:00,0.47670265779731835
2018-01-16 15:30:00,0.7379319820407773
2018-01-16 15:33:00,0.6726290630965082
2018-01-16 15:36:00,0.6206235486193918
2018-01-16 15:39:00,0.44158449476668693
2018-01-16 15:42:00,0.4927504599323811
2018-01-16 15:45:00,0.44700794696234425
2018-01-16 15:48:00,0.416950287319537
2018-01-16 15:51:00,0.4001335099899279
2018-01-16 15:54:00,0.4148383003931144
2018-01-16 15:57:00,0.456832547859392
2018-01-16 16:00:00,0.43163577984728363
2018-01-16 16:03:00,0.39105643708694515
2018-01-16 16:06:00,0.3036458699363038
2018-01-16 16:09:00,0.3777384804271833
2018-01-16 16:12:00,0.3581134942883182
2018-01-16 16:15:00,0.34212777777361225
2018-01-16 16:18:00,0.41765625394322115
2018-01-16 16:21:00,0.32900545606617015
2018-01-16 16:24:00,0.46448486467636485
2018-01-16 16:27:00,0.46155301463244314
2018-01-16 16:30:00,0.5510165863369707
2018-01-16 16:33:00,0.4874507094493765
2018-01-16 16:36:00,0.42092494561291005
2018-01-16 16:39:00,0.4066119753344424
2018-01-16 16:42:00,0.44896047748426327
2018-01-16 16:45:00,0.5084858877542047
2018-01-16 16:48:00,0.5053102597359498
2018-01-16 16:51:00,0.7625932949646312
2018-01-16 16:54:00,0.6432472584443758
2018-01-16 16:57:00,0.4933945023957449
2018-01-16 17:00:00,0.5172874934446554
2018-01-16 17:03:00,0.49129688179618825
2018-01-16 17:06:00,0.40316095413055564
2018-01-16 17:09:00,0.5217874931070128
2018-01-16 17:12:00,0.3374559320783419
2018-01-16 17:15:00,0.43304923784182847
2018-01-16 17:18:00,0.25196062472190306
2018-01-16 17:21:00,0.3077085508088544
2018-01-16 17:24:00,0.3513856707730838
2018-01-16 17:27:00,0.36475249502228735
2018-01-16 17:30:00,0.4865433086889652
2018-01-16 17:33:00,0.388125884641056
2018-01-16 17:36:00,0.3309342842813976
2018-01-16 17:39:00,0.34059936135480484
2018-01-16 17:42:00,0.41211010048135677
2018-01-16 17:45:00,0.20666334802899655
2018-01-16 17:48:00,0.36968121318574276
2018-01-16 17:51:00,0.4055844307072789
2018-01-16 17:54:00,0.43646946893227323
2018-01-16 17:57:00,0.3882026457126244
2018-01-16 18:00:00,0.3834817899227687
2018-01-16 18:03:00,0.4466403659911862
2018-01-16 18:06:00,0.4010148367334523
2018-01-16 18:09:00,0.36330295237678456
2018-01-16 18:12:00,0.3397272066198411
2018-01-16 18:15:00,0.4183929948131322
2018-01-16 18:18:00,0.33617362657543026
2018-01-16 18:21:00,0.45453296180340885
2018-01-16 18:24:00,0.42730352783377157
2018-01-16 18:27:00,0.4710887334056224
2018-01-16 18:30:00,0.44619708397334534
2018-01-16 18:33:00,0.44687071146358903
2018-01-16 18:36:00,0.44307895026031474
2018-01-16 18:39:00,0.38049102005504665
2018-01-16 18:42:00,0.4253619949071208
2018-01-16 18:45:00,0.45790727689626465
2018-01-16 18:48:00,0.4614639478868412
2018-01-16 18:51:00,0.48204007741793475
2018-01-16 18:54:00,
2018-01-16 18:57:00,
2018-01-16 19:00:00,
2018-01-16 19:03:00,0.4660933683177291
2018-01-16 19:06:00,0.4033620658230461
2018-01-16 19:09:00,0.3305718139461078
2018-01-16 19:12:00,0.38510020896006836
2018-01-16 19:15:00,0.4475581452768438
2018-01-16 19:18:00,0.44700794454530524
2018-01-16 19:21:00,0.4319752603587972
2018-01-16 19:24:00,0.4656046402363927
2018-01-16 19:27:00,0.3797526178647104
2018-01-16 19:30:00,0.5390795260678942
2018-01-16 19:33:00,0.474236474109091
2018-01-16 19:36:00,0.4059502438273057
2018-01-16 19:39:00,0.4369334410465058
2018-01-16 19:42:00,0.4669950777467875
2018-01-16 19:45:00,0.5232914531273991
2018-01-16 19:48:00,0.54241308160681
2018-01-16 19:51:00,0.4536523285832459
2018-01-16 19:54:00,0.4818873139460038
2018-01-16 19:57:00,0.5249130976420702
2018-01-16 20:00:00,0.43020415115728383
2018-01-16 20:03:00,0.44481191809904885
2018-01-16 20:06:00,0.4880567674546228
2018-01-16 20:09:00,0.5318681285183402
2018-01-16 20:12:00,0.4375799973836365
2018-01-16 20:15:00,0.4363611953608597
2018-01-16 20:18:00,0.3032019910236272
2018-01-16 20:21:00,0.42284003421769967
2018-01-16 20:24:00,0.42947819180028546
2018-01-16 20:27:00,0.49297637050784715
2018-01-16 20:30:00,0.566932624824517
2018-01-16 20:33:00,0.47266510363283487
2018-01-16 20:36:00,0.41048020907959426
2018-01-16 20:39:00,0.600730494112895
2018-01-16 20:42:00,0.3977553923186292
2018-01-16 20:45:00,0.4832282532007639
2018-01-16 20:48:00,0.6016467068743054
2018-01-16 20:51:00,0.5201725052900201
2018-01-16 20:54:00,0.6321873355092862
2018-01-16 20:57:00,0.6201325610317667
2018-01-16 21:00:00,0.5986868040621403
2018-01-16 21:03:00,0.5598731994690525
2018-01-16 21:06:00,0.592552905034097
2018-01-16 21:09:00,0.4903939189017592
2018-01-16 21:12:00,0.5246155871744236
2018-01-16 21:15:00,0.4601851686991836
2018-01-16 21:18:00,0.5080129497677035
2018-01-16 21:21:00,0.5099350540490377
2018-01-16 21:24:00,0.4281533153748569
2018-01-16 21:27:00,0.45872717384258976
2018-01-16 21:30:00,0.5695291254257313
2018-01-16 21:33:00,0.5406216131870565
2018-01-16 21:36:00,0.4897527670485715
2018-01-16 21:39:00,0.6130134787516681
2018-01-16 21:42:00,0.49290633241702153
2018-01-16 21:45:00,0.5048367562786211
2018-01-16 21:48:00,0.5108880683210941
2018-01-16 21:51:00,0.4836592462000908
2018-01-16 21:54:00,0.626686968282911
2018-01-16 21:57:00,0.5124232371716744
2018-01-16 22:00:00,0.6122005079235464
2018-01-16 22:03:00,0.5446724037263948
2018-01-16 22:06:00,0.6104897887541938
2018-01-16 22:09:00,0.6496041805949062
2018-01-16 22:12:00,0.5492830684991645
2018-01-16 22:15:00,0.5017713612857619
2018-01-16 22:18:00,0.4909964755775036
2018-01-16 22:21:00,0.5441916974156698
2018-01-16 22:24:00,0.49542311368622904
2018-01-16 22:27:00,0.3947138198265634
2018-01-16 22:30:00,0.48821032300634215
2018-01-16 22:33:00,0.6047575125450635
2018-01-16 22:36:00,0.5355930695965867
2018-01-16 22:39:00,0.4799179222208636
2018-01-16 22:42:00,0.5432983544834542
2018-01-16 22:45:00,0.7083412873234352
2018-01-16 22:48:00,0.5883850668049035
2018-01-16 22:51:00,0.5213922650898439
2018-01-16 22:54:00,0.5561483869059884
2018-01-16 22:57:00,0.5129047365563792
2018-01-16 23:00:00,0.534976474193968
2018-01-16 23:03:00,0.6620720020962381
2018-01-16 23:06:00,0.5664050379253922
2018-01-16 23:09:00,0.550766598654775
2018-01-16 23:12:00,0.5408972087520283
2018-01-16 23:15:00,0.582560626712052
2018-01-16 23:18:00,0.5905360745027224
2018-01-16 23:21:00,0.5590193387866975
2018-01-16 23:24:00,0.518763061879497
2018-01-16 23:27:00,0.5692953192572645
2018-01-16 23:30:00,0.5211798441853261
2018-01-16 23:33:00,0.5761862685544088
2018-01-16 23:36:00,0.558056428819043
2018-01-16 23:39:00,0.5559940135481156
2018-01-16 23:42:00,0.5618767764960353
2018-01-16 23:45:00,0.5603781226154751
2018-01-16 23:48:00,0.5950173029676762
2018-01-16 23:51:00,0.5160427455716103
2018-01-16 23:54:00,0.520426054875486
2018-01-16 23:57:00,0.5444316152149327
2018-01-17 00:00:00,0.5655686359175434
2018-01-17 00:03:00,0.5253020912103921
2018-01-17 00:06:00,0.5161098424212582
2018-01-17 00:09:00,0.5101889930958805
2018-01-17 00:12:00,0.5951139779496089
2018-01-17 00:15:00,0.5309074039353163
2018-01-17 00:18:00,0.5663979824747116
2018-01-17 00:21:00,0.5399048686786614
2018-01-17 00:24:00,0.4835130832443042
2018-01-17 00:27:00,0.5899730448015248
2018-01-17 00:30:00,0.4798459919616107
2018-01-17 00:33:00,0.555844102687729
2018-01-17 00:36:00,0.515280929380765
2018-01-17 00:39:00,0.5469654534090296
2018-01-17 00:42:00,0.5721081947602897
2018-01-17 00:45:00,0.5921887004458881
2018-01-17 00:48:00,0.6292391100060968
2018-01-17 00:51:00,0.5529970340538739
2018-01-17 00:54:00,0.4948327815900484
2018-01-17 00:57:00,0.5351116073171625
2018-01-17 01:00:00,0.45447980184098924
2018-01-17 01:03:00,0.5509219737920716
2018-01-17 01:06:00,0.6501772325964339
2018-01-17 01:09:00,0.5918084791072715
2018-01-17 01:12:00,0.5272595731466936
2018-01-17 01:15:00,0.5164676086324107
2018-01-17 01:18:00,0.48753001771814297
2018-01-17 01:21:00,0.5171419808964401
2018-01-17 01:24:00,0.5303485943407509
2018-01-17 01:27:00,0.566957835567905
2018-01-17 01:30:00,0.5093234908935074
2018-01-17 01:33:00,0.5645194263253188
2018-01-17 01:36:00,0.6646041766852022
2018-01-17 01:39:00,0.6160975113338054
2018-01-17 01:42:00,0.6721586285653416
2018-01-17 01:45:00,0.6000472757399962
2018-01-17 01:48:00,0.4707637412448662
2018-01-17 01:51:00,0.6452042724235412
2018-01-17 01:54:00,0.681639668725893
2018-01-17 01:57:00,0.6736850353665318
2018-01-17 02:00:00,0.6042527084349558
2018-01-17 02:03:00,0.5506108949039685
2018-01-17 02:06:00,0.5304250810712006
2018-01-17 02:09:00,0.4204864518576983
2018-01-17 02:12:00,0.5303386403272157
2018-01-17 02:15:00,0.49184380024257734
2018-01-17 02:18:00,0.7069362647617368
2018-01-17 02:21:00,0.5662488058643476
2018-01-17 02:24:00,0.6595259366884534
2018-01-17 02:27:00,0.5693529240473936
2018-01-17 02:30:00,0.5482828259093822
2018-01-17 02:33:00,0.6403670253642417
2018-01-17 02:36:00,0.6010352448539606
2018-01-17 02:39:00,0.6164250196726471
2018-01-17 02:42:00,0.6368187425852625
2018-01-17 02:45:00,0.6638865791726403
2018-01-17 02:48:00,0.5143629859722978
2018-01-17 02:51:00,0.6057420086361844
2018-01-17 02:54:00,0.5558567048108216
2018-01-17 02:57:00,0.6046548543811809
2018-01-17 03:00:00,0.5566740283294394
2018-01-17 03:03:00,0.4862577668505992
2018-01-17 03:06:00,0.523426562410009
2018-01-17 03:09:00,0.5230192320460105
2018-01-17 03:12:00,0.57207949342029
2018-01-17 03:15:00,0.5443373464618162
2018-01-17 03:18:00,0.5665514349990417
2018-01-17 03:21:00,0.5175092761649012
2018-01-17 03:24:00,0.5402289355991456
2018-01-17 03:27:00,0.5285971516177028
2018-01-17 03:30:00,0.5567414251730156
2018-01-17 03:33:00,0.5316552922439541
2018-01-17 03:36:00,0.5512374357737144
2018-01-17 03:39:00,0.5745532343867694
2018-01-17 03:42:00,0.5947920700833151
2018-01-17 03:45:00,0.48472171332775815
2018-01-17 03:48:00,0.5494537468169369
2018-01-17 03:51:00,0.5153181783866785
2018-01-17 03:54:00,0.5602435780069754
2018-01-17 03:57:00,0.5620498746545195
2018-01-17 04:00:00,0.5744863740100072
2018-01-17 04:03:00,0.5333722840369433
2018-01-17 04:06:00,0.5580492394931866
2018-01-17 04:09:00,0.6288993601501147
2018-01-17 04:12:00,0.5475601757232198
2018-01-17 04:15:00,0.49637583108085437
2018-01-17 04:18:00,0.5710486954391172
2018-01-17 04:21:00,0.5962081309087353
2018-01-17 04:24:00,0.6156940396660389
2018-01-17 04:27:00,0.4803012181734516
2018-01-17 04:30:00,0.5460494564501346
2018-01-17 04:33:00,0.5816254133080747
2018-01-17 04:36:00,0.5683436790399128
2018-01-17 04:39:00,0.5689693368439066
2018-01-17 04:42:00,0.6139916769114961
2018-01-17 04:45:00,0.6026505428249607
2018-01-17 04:48:00,0.6493908682568303
2018-01-17 04:51:00,0.7541109103083272
2018-01-17 04:54:00,0.5866615999965461
2018-01-17 04:57:00,0.6418515806292362
2018-01-17 05:00:00,0.6543569819393156
2018-01-17 05:03:00,0.6224631721279934
2018-01-17 05:06:00,0.6247547438674133
2018-01-17 05:09:00,0.583940791665384
2018-01-17 05:12:00,0.581857459377602
2018-01-17 05:15:00,0.5433623505258538
2018-01-17 05:18:00,0.5554753234565055
2018-01-17 05:21:00,0.6975667115613078
2018-01-17 05:24:00,0.6612104739894562
2018-01-17 05:27:00,0.7550216484673342
2018-01-17 05:30:00,0.7325613830809061
2018-01-17 05:33:00,0.7086008163568067
2018-01-17 05:36:00,0.7003061805241373
2018-01-17 05:39:00,0.604610170248975
2018-01-17 05:42:00,0.5685567485878096
2018-01-17 05:45:00,0.5725118225093979
2018-01-17 05:48:00,0.6165831265578845
2018-01-17 05:51:00,0.48794273809238575
2018-01-17 05:54:00,0.47433899480046193
2018-01-17 05:57:00,0.5505702084093969
2018-01-17 06:00:00,0.5120907214293879
2018-01-17 06:03:00,0.6247170998369711
2018-01-17 06:06:00,0.6067175362736634
2018-01-17 06:09:00,0.5724460951778951
2018-01-17 06:12:00,0.5744099880017757
2018-01-17 06:15:00,0.4615875554760578
2018-01-17 06:18:00,0.4592934690140851
2018-01-17 06:21:00,0.5334315246402639
2018-01-17 06:24:00,0.5897114488264492
2018-01-17 06:27:00,0.6162262393336277
2018-01-17 06:30:00,0.5603398004803353
2018-01-17 06:33:00,0.5827490300952718
2018-01-17 06:36:00,0.6258633612978883
2018-01-17 06:39:00,0.5532475189592674
2018-01-17 06:42:00,0.5888171399808471
2018-01-17 06:45:00,0.5104443977252231
2018-01-17 06:48:00,0.4256433357645051
2018-01-17 06:51:00,0.5729001061415033
2018-01-17 06:54:00,0.5586274928523949
2018-01-17 06:57:00,0.5404956778414203
2018-01-17 07:00:00,0.45958619337869777
2018-01-17 07:03:00,0.4771250182295148
2018-01-17 07:06:00,0.5158497806077094
2018-01-17 07:09:00,0.6036402654787594
2018-01-17 07:12:00,0.5862401370345651
2018-01-17 07:15:00,0.5765890215237164
2018-01-17 07:18:00,0.6641953643906504
2018-01-17 07:21:00,0.585668160908881
2018-01-17 07:24:00,0.5741047490175788
2018-01-17 07:27:00,0.5707702046347549
2018-01-17 07:30:00,0.6211189138821283
2018-01-17 07:33:00,0.6281614214383922
2018-01-17 07:36:00,0.5801335677352313
2018-01-17 07:39:00,0.6623585222098427
2018-01-17 07:42:00,0.6370323853136028
2018-01-17 07:45:00,0.5268807737536463
2018-01-17 07:48:00,0.6574576091859399
2018-01-17 07:51:00,0.5064079978336054
2018-01-17 07:54:00,0.5617383957309698
2018-01-17 07:57:00,0.572403914011943
2018-01-17 08:00:00,0.5821900548465919
2018-01-17 08:03:00,0.5291332588578257
2018-01-17 08:06:00,0.4006874990103597
2018-01-17 08:09:00,0.6274805390347069
2018-01-17 08:12:00,0.5923014643318538
2018-01-17 08:15:00,0.5899223173365158
2018-01-17 08:18:00,0.6342779266093999
2018-01-17 08:21:00,0.5457368567213621
2018-01-17 08:24:00,0.5649219550294333
2018-01-17 08:27:00,0.3999025628895083
2018-01-17 08:30:00,0.5029358918569073
2018-01-17 08:33:00,0.7160388100982118
2018-01-17 08:36:00,0.6415548563118136
2018-01-17 08:39:00,0.6103295466937766
2018-01-17 08:42:00,0.7673781114847316
2018-01-17 08:45:00,0.687318754727869
2018-01-17 08:48:00,0.7144838778942244
2018-01-17 08:51:00,0.7467917170415035
2018-01-17 08:54:00,0.7161647940893658
2018-01-17 08:57:00,0.5410496345257911
2018-01-17 09:00:00,0.4266160948334914
2018-01-17 09:03:00,0.5240859958116744
2018-01-17 09:06:00,0.46845116679691046
2018-01-17 09:09:00,0.5996606936891453
2018-01-17 09:12:00,0.5609367785996824
2018-01-17 09:15:00,0.5946216178136865
2018-01-17 09:18:00,0.5313698576603656
2018-01-17 09:21:00,0.48691246911420194
2018-01-17 09:24:00,0.5628899405570564
2018-01-17 09:27:00,0.5773650289070247
2018-01-17 09:30:00,0.5121701476206795
2018-01-17 09:33:00,0.4829711165229469
2018-01-17 09:36:00,0.43270124016146383
2018-01-17 09:39:00,0.4393905459256189
2018-01-17 09:42:00,0.5086467134134978
2018-01-17 09:45:00,0.5532986181448223
2018-01-17 09:48:00,0.4216582624366083
2018-01-17 09:51:00,0.49158434678503227
2018-01-17 09:54:00,0.4157332975181589
2018-01-17 09:57:00,0.4667162916404095
2018-01-17 10:00:00,0.5420785227656211
2018-01-17 10:03:00,0.47123578996632887
2018-01-17 10:06:00,0.5092692270281987
2018-01-17 10:09:00,0.44405113118648387
2018-01-17 10:12:00,0.408699380301357
2018-01-17 10:15:00,0.3631504379420676
2018-01-17 10:18:00,0.3808609250895074
2018-01-17 10:21:00,0.4447542266019582
2018-01-17 10:24:00,0.4158748837876942
2018-01-17 10:27:00,0.46458647032994804
2018-01-17 10:30:00,0.4167700461036361
2018-01-17 10:33:00,0.4209837641294598
2018-01-17 10:36:00,0.6173477576267601
2018-01-17 10:39:00,0.6495193834487623
2018-01-17 10:42:00,0.664131751660193
2018-01-17 10:45:00,0.6427193763826153
2018-01-17 10:48:00,0.47920998592496744
2018-01-17 10:51:00,0.4369326963644653
2018-01-17 10:54:00,0.3182130338147431
2018-01-17 10:57:00,0.38831905811076695
2018-01-17 11:00:00,0.37398053678685983
2018-01-17 11:03:00,0.4783185208984264
2018-01-17 11:06:00,0.4004885755778673
2018-01-17 11:09:00,0.55714408410131
2018-01-17 11:12:00,0.3649029259040617
2018-01-17 11:15:00,0.4541261620681212
2018-01-17 11:18:00,0.35779291737634367
2018-01-17 11:21:00,0.4285631243523085
2018-01-17 11:24:00,0.3306682319768015
2018-01-17 11:27:00,0.48719549704736664
2018-01-17 11:30:00,0.4498272393859679
2018-01-17 11:33:00,0.5188639936848176
2018-01-17 11:36:00,0.4642221763045882
2018-01-17 11:39:00,0.4554062916477619
2018-01-17 11:42:00,0.48249210728630487
2018-01-17 11:45:00,0.44323492991077273
2018-01-17 11:48:00,0.6037239236840719
2018-01-17 11:51:00,0.5855322985814269
2018-01-17 11:54:00,0.5554041589371081
2018-01-17 11:57:00,0.5939933595440721
2018-01-17 12:00:00,0.5024092491684087
2018-01-17 12:03:00,0.5390447397444973
2018-01-17 12:06:00,0.4333309153960272
2018-01-17 12:09:00,0.5076444331500056
2018-01-17 12:12:00,0.5457688599659605
2018-01-17 12:15:00,0.41355622180645923
2018-01-17 12:18:00,0.6761623516393911
2018-01-17 12:21:00,0.5267470684875661
2018-01-17 12:24:00,0.4949809512818888
2018-01-17 12:27:00,0.5237107214832122
2018-01-17 12:30:00,0.5220059026108288
2018-01-17 12:33:00,0.510598245202516
2018-01-17 12:36:00,0.5760796042449101
2018-01-17 12:39:00,0.5457057817313284
2018-01-17 12:42:00,0.4009861479184451
2018-01-17 12:45:00,0.469847566560361
2018-01-17 12:48:00,0.5166437444357825
2018-01-17 12:51:00,0.3558580748580198
2018-01-17 12:54:00,0.4471615254180392
2018-01-17 12:57:00,0.4648374095330041
2018-01-17 13:00:00,0.45153892803716644
2018-01-17 13:03:00,0.49654530522911955
2018-01-17 13:06:00,0.5081278825824143
2018-01-17 13:09:00,0.5896039735220597
2018-01-17 13:12:00,0.5673722633737839
2018-01-17 13:15:00,0.5017689732919735
2018-01-17 13:18:00,0.46921358628901544
2018-01-17 13:21:00,0.4670484108318078
2018-01-17 13:24:00,0.5344553283944151
2018-01-17 13:27:00,0.5582345548091325
2018-01-17 13:30:00,0.4166251552759377
2018-01-17 13:33:00,0.2987148764636913
2018-01-17 13:36:00,0.39867936491998535
2018-01-17 13:39:00,0.3907337031555471
2018-01-17 13:42:00,0.4258090578856013
2018-01-17 13:45:00,0.34776389144911946
2018-01-17 13:48:00,0.37403970680378507
2018-01-17 13:51:00,0.42012433200358146
2018-01-17 13:54:00,0.28474519688285227
2018-01-17 13:57:00,0.30148899575783616
2018-01-17 14:00:00,0.4130558032897511
2018-01-17 14:03:00,0.4189064409500247
2018-01-17 14:06:00,0.3257649690240214
2018-01-17 14:09:00,0.2506696919453475
2018-01-17 14:12:00,0.3075357536768024
2018-01-17 14:15:00,0.21577282126975206
2018-01-17 14:18:00,0.24273576885093462
2018-01-17 14:21:00,0.25108136766783673
2018-01-17 14:24:00,0.22348534813812648
2018-01-17 14:27:00,0.16865536926400182
2018-01-17 14:30:00,0.2606586375354141
2018-01-17 14:33:00,0.2741769729467478
2018-01-17 14:36:00,0.20611176336763037
2018-01-17 14:39:00,0.1547051818013756
2018-01-17 14:42:00,0.10863320137252686
2018-01-17 14:45:00,0.1979376942676936
2018-01-17 14:48:00,0.35410235592883055
2018-01-17 14:51:00,0.2107278611149468
2018-01-17 14:54:00,0.3240130189121828
2018-01-17 14:57:00,0.2298273499889092
2018-01-17 15:00:00,0.2592736041832495
2018-01-17 15:03:00,0.2662916339930348
2018-01-17 15:06:00,0.38184315562892834
2018-01-17 15:09:00,0.36635356109087525
2018-01-17 15:12:00,0.4096915376034076
2018-01-17 15:15:00,0.4748884786086478
2018-01-17 15:18:00,0.2789714957623346
2018-01-17 15:21:00,0.5046813952957336
2018-01-17 15:24:00,0.3583751121122418
2018-01-17 15:27:00,0.18876500581075106
2018-01-17 15:30:00,0.27231263947345496
2018-01-17 15:33:00,0.2362558708402389
2018-01-17 15:36:00,0.202617069277494
2018-01-17 15:39:00,0.22100321469866913
2018-01-17 15:42:00,0.23531478261264738
2018-01-17 15:45:00,0.14458584686104814
2018-01-17 15:48:00,0.04226875816584652
2018-01-17 15:51:00,0.16683438815982754
2018-01-17 15:54:00,0.09519411987309923
2018-01-17 15:57:00,0.08044327030876275
2018-01-17 16:00:00,-0.007289670090756317
2018-01-17 16:03:00,0.11545200315953252
2018-01-17 16:06:00,0.09337259074220583
2018-01-17 16:09:00,0.06631204853977124
2018-01-17 16:12:00,0.02582748113360367
2018-01-17 16:15:00,0.01903168403549671
2018-01-17 16:18:00,0.05937876317500468
2018-01-17 16:21:00,0.03423855434579082
2018-01-17 16:24:00,0.02904512624849076
2018-01-17 16:27:00,0.017113220340490898
2018-01-17 16:30:00,-0.03317490457703798
2018-01-17 16:33:00,-0.07101596356307027
2018-01-17 16:36:00,-0.03210065900361769
2018-01-17 16:39:00,0.01501631377391277
2018-01-17 16:42:00,0.022970182296319308
2018-01-17 16:45:00,-0.008759699083839223
2018-01-17 16:48:00,-0.06476636658806001
2018-01-17 16:51:00,-0.009036828273451647
2018-01-17 16:54:00,-0.006709634992375868
2018-01-17 16:57:00,0.04284505743396494
2018-01-17 17:00:00,-0.04591725436563365
2018-01-17 17:03:00,-0.02627385099140156
2018-01-17 17:06:00,0.14292154523366207
2018-01-17 17:09:00,-0.039204542561776634
2018-01-17 17:12:00,0.05768398068073566
2018-01-17 17:15:00,0.10817837122726814
2018-01-17 17:18:00,0.11126412304980704
2018-01-17 17:21:00,0.10933972504943767
2018-01-17 17:24:00,-0.03294746337712695
2018-01-17 17:27:00,0.08295746817628924
2018-01-17 17:30:00,0.13914706259942022
2018-01-17 17:33:00,0.006130602706207355
2018-01-17 17:36:00,0.10448065355251401
2018-01-17 17:39:00,0.23209691751696937
2018-01-17 17:42:00,0.14618962066663244
2018-01-17 17:45:00,0.4560554295135262
2018-01-17 17:48:00,0.4740936972740428
2018-01-17 17:51:00,0.4097445936888562
2018-01-17 17:54:00,0.3065525793633128
2018-01-17 17:57:00,0.46358003907715783
2018-01-17 18:00:00,0.4979214377954122
2018-01-17 18:03:00,0.3690930692425809
2018-01-17 18:06:00,0.369528152306998
2018-01-17 18:09:00,0.37536620037241164
2018-01-17 18:12:00,0.3670159607048049
2018-01-17 18:15:00,0.33992968883075037
2018-01-17 18:18:00,0.3664901310199298
2018-01-17 18:21:00,0.3220860015143785
2018-01-17 18:24:00,0.25841327909711254
2018-01-17 18:27:00,0.27153700037837325
2018-01-17 18:30:00,0.3683602657735605
2018-01-17 18:33:00,0.3041261349197839
2018-01-17 18:36:00,0.3043306283848892
2018-01-17 18:39:00,0.34062239860804766
2018-01-17 18:42:00,0.3898938155045357
2018-01-17 18:45:00,0.33242790895150165
2018-01-17 18:48:00,0.25338241251068894
2018-01-17 18:51:00,0.29206283945751466
2018-01-17 18:54:00,
2018-01-17 18:57:00,
2018-01-17 19:00:00,
2018-01-17 19:03:00,0.4136097650379611
2018-01-17 19:06:00,0.33522404524654803
2018-01-17 19:09:00,0.2155999505361592
2018-01-17 19:12:00,0.3461894333099167
2018-01-17 19:15:00,0.290229860434863
2018-01-17 19:18:00,0.28701091737298157
2018-01-17 19:21:00,0.4477547813195315
2018-01-17 19:24:00,0.47398015706039587
2018-01-17 19:27:00,0.37459239971798297
2018-01-17 19:30:00,0.42178319228094097
2018-01-17 19:33:00,0.545610953447806
2018-01-17 19:36:00,0.5412204152625009
2018-01-17 19:39:00,0.4796261361072425
2018-01-17 19:42:00,0.5056291871717917
2018-01-17 19:45:00,0.4398051166710957
2018-01-17 19:48:00,0.32085982625460474
2018-01-17 19:51:00,0.43907918568334026
2018-01-17 19:54:00,0.40918546612232376
2018-01-17 19:57:00,0.4325002809966918
2018-01-17 20:00:00,0.3285512403974735
2018-01-17 20:03:00,0.5805360937888508
2018-01-17 20:06:00,0.6680603707395107
2018-01-17 20:09:00,0.7280741415332272
2018-01-17 20:12:00,0.8377291964543474
2018-01-17 20:15:00,0.6215370499614892
2018-01-17 20:18:00,0.49667625861235365
2018-01-17 20:21:00,0.5275727973206017
2018-01-17 20:24:00,0.6381094032855685
2018-01-17 20:27:00,0.5504592099779302
2018-01-17 20:30:00,0.5087121764354379
2018-01-17 20:33:00,0.5302145051289813
2018-01-17 20:36:00,0.5574069297774145
2018-01-17 20:39:00,0.43976039319164784
2018-01-17 20:42:00,0.4243631623985493
2018-01-17 20:45:00,0.4448497771620623
2018-01-17 20:48:00,0.48602166758735166
2018-01-17 20:51:00,0.5242526121689366
2018-01-17 20:54:00,0.4747678190349802
2018-01-17 20:57:00,0.4763574356386471
2018-01-17 21:00:00,0.587907008253751
2018-01-17 21:03:00,0.466876482488658
2018-01-17 21:06:00,0.47569182057907256
2018-01-17 21:09:00,0.4137488754161609
2018-01-17 21:12:00,0.5489560927516663
2018-01-17 21:15:00,0.5274286110494586
2018-01-17 21:18:00,0.4843654484099602
2018-01-17 21:21:00,0.5757165146039256
2018-01-17 21:24:00,0.4275908415244771
2018-01-17 21:27:00,0.3953788361581587
2018-01-17 21:30:00,0.38123833211744795
2018-01-17 21:33:00,0.3589537911592515
2018-01-17 21:36:00,0.5323614394536662
2018-01-17 21:39:00,0.45888540407258915
2018-01-17 21:42:00,0.4025771300380825
2018-01-17 21:45:00,0.3316816120834005
2018-01-17 21:48:00,0.4646262995278789
2018-01-17 21:51:00,0.5173141029848694
2018-01-17 21:54:00,0.4828358595697182
2018-01-17 21:57:00,0.5123066672383061
2018-01-17 22:00:00,0.49781433749899406
2018-01-17 22:03:00,0.45178250002845743
2018-01-17 22:06:00,0.49943759164222
2018-01-17 22:09:00,0.46672648458604726
2018-01-17 22:12:00,0.3510805672109427
2018-01-17 22:15:00,0.49621605496668053
2018-01-17 22:18:00,0.5434890185013046
2018-01-17 22:21:00,0.4209561922625653
2018-01-17 22:24:00,0.4908419608860868
2018-01-17 22:27:00,0.485650661863815
2018-01-17 22:30:00,0.41125935390880386
2018-01-17 22:33:00,0.46567630338932986
2018-01-17 22:36:00,0.3870767691606716
2018-01-17 22:39:00,0.4702067602769944
2018-01-17 22:42:00,0.4647073602712908
2018-01-17 22:45:00,0.41242999164245475
2018-01-17 22:48:00,0.464662876127818
2018-01-17 22:51:00,0.492672744728452
2018-01-17 22:54:00,0.3219592225994461
2018-01-17 22:57:00,0.5019780491721235
2018-01-17 23:00:00,0.4853644905130068
2018-01-17 23:03:00,0.46787347056317685
2018-01-17 23:06:00,0.5235381211583672
2018-01-17 23:09:00,0.5548424227387727
2018-01-17 23:12:00,0.5760010528090334
2018-01-17 23:15:00,0.5250340325901561
2018-01-17 23:18:00,0.5038908364322765
2018-01-17 23:21:00,0.5117727706319215
2018-01-17 23:24:00,0.468316508798182
2018-01-17 23:27:00,0.4133014648718927
2018-01-17 23:30:00,0.46255011466610085
2018-01-17 23:33:00,0.44283753460723574
2018-01-17 23:36:00,0.4820273509062645
2018-01-17 23:39:00,0.45369523309460646
2018-01-17 23:42:00,0.5025308703455948
2018-01-17 23:45:00,0.4475598081359067
2018-01-17 23:48:00,0.5698213010535937
2018-01-17 23:51:00,0.43109121284953744
2018-01-17 23:54:00,0.43232013039374806
2018-01-17 23:57:00,0.5619520313137514
2018-01-18 00:00:00,0.5719130101398378
2018-01-18 00:03:00,0.4765674340821988
2018-01-18 00:06:00,0.5302115078239922
2018-01-18 00:09:00,0.4229913035310915
2018-01-18 00:12:00,0.4445840931350631
2018-01-18 00:15:00,0.5386827543406412
2018-01-18 00:18:00,0.5301639149849962
2018-01-18 00:21:00,0.58197487717905
2018-01-18 00:24:00,0.517045958655217
2018-01-18 00:27:00,0.5606118351906844
2018-01-18 00:30:00,0.5233306389682184
2018-01-18 00:33:00,0.43876366460995087
2018-01-18 00:36:00,0.45884507902638916
2018-01-18 00:39:00,0.47669394238897667
2018-01-18 00:42:00,0.5767458293950085
2018-01-18 00:45:00,0.5308709318247793
2018-01-18 00:48:00,0.5828779714407233
2018-01-18 00:51:00,0.5360632670802374
2018-01-18 00:54:00,0.55263209506046
2018-01-18 00:57:00,0.5972302410360726
2018-01-18 01:00:00,0.507312228037847
2018-01-18 01:03:00,0.5829683897420637
2018-01-18 01:06:00,0.5071273240977234
2018-01-18 01:09:00,0.5468526155790414
2018-01-18 01:12:00,0.5816553024636733
2018-01-18 01:15:00,0.6027316367823232
2018-01-18 01:18:00,0.49342775416204177
2018-01-18 01:21:00,0.5057335804975764
2018-01-18 01:24:00,0.5238264773109904
2018-01-18 01:27:00,0.585915027436215
2018-01-18 01:30:00,0.4411348089957414
2018-01-18 01:33:00,0.5303550332234863
2018-01-18 01:36:00,0.5056866893194183
2018-01-18 01:39:00,0.4647608307542441
2018-01-18 01:42:00,0.4483370666401356
2018-01-18 01:45:00,0.4882558396691934
2018-01-18 01:48:00,0.5798015788885778
2018-01-18 01:51:00,0.5561264728258379
2018-01-18 01:54:00,0.5297784134065182
2018-01-18 01:57:00,0.5980563581348406
2018-01-18 02:00:00,0.4450064776390832
2018-01-18 02:03:00,0.5720146595634787
2018-01-18 02:06:00,0.505908152068514
2018-01-18 02:09:00,0.48050471446299525
2018-01-18 02:12:00,0.5234094780484497
2018-01-18 02:15:00,0.6426575486048591
2018-01-18 02:18:00,0.5221534624861874
2018-01-18 02:21:00,0.5928158394117986
2018-01-18 02:24:00,0.5897447459469163
2018-01-18 02:27:00,0.6110856979785808
2018-01-18 02:30:00,0.6184455993452502
2018-01-18 02:33:00,0.6069181038556053
2018-01-18 02:36:00,0.5088966272091398
2018-01-18 02:39:00,0.6513708730705616
2018-01-18 02:42:00,0.49436247865935457
2018-01-18 02:45:00,0.5739376778536212
2018-01-18 02:48:00,0.5259908435887723
2018-01-18 02:51:00,0.49741671576299495
2018-01-18 02:54:00,0.5982107328188135
2018-01-18 02:57:00,0.5342363189160437
2018-01-18 03:00:00,0.6332293734068344
2018-01-18 03:03:00,0.5144725174622522
2018-01-18 03:06:00,0.6642208972293133
2018-01-18 03:09:00,0.6369812802929573
2018-01-18 03:12:00,0.80479874145027
2018-01-18 03:15:00,0.6172131342671037
2018-01-18 03:18:00,0.5962239542882912
2018-01-18 03:21:00,0.691954310619451
2018-01-18 03:24:00,0.5331895333636112
2018-01-18 03:27:00,0.6210263282494566
2018-01-18 03:30:00,0.5789799226736818
2018-01-18 03:33:00,0.5928653837149795
2018-01-18 03:36:00,0.6360316084125657
2018-01-18 03:39:00,0.6280133275172943
2018-01-18 03:42:00,0.7595626888544871
2018-01-18 03:45:00,0.6305406715994764
2018-01-18 03:48:00,0.6229308621572613
2018-01-18 03:51:00,0.661028374013199
2018-01-18 03:54:00,0.6845799214614772
2018-01-18 03:57:00,0.7236099159535456
2018-01-18 04:00:00,0.6741589652429525
2018-01-18 04:03:00,0.7688600323224932
2018-01-18 04:06:00,0.6437844011809375
2018-01-18 04:09:00,0.6131497904463572
2018-01-18 04:12:00,0.7129913066483482
2018-01-18 04:15:00,0.6541580161105003
2018-01-18 04:18:00,0.5530388019563475
2018-01-18 04:21:00,0.612929363610192
2018-01-18 04:24:00,0.5912922901819684
2018-01-18 04:27:00,0.6114318206588223
2018-01-18 04:30:00,0.554358254762576
2018-01-18 04:33:00,0.5586944171503205
2018-01-18 04:36:00,0.5976347387385204
2018-01-18 04:39:00,0.5389824799412963
2018-01-18 04:42:00,0.5604336074832759
2018-01-18 04:45:00,0.739999823079927
2018-01-18 04:48:00,0.589874952781372
2018-01-18 04:51:00,0.7001558539334951
2018-01-18 04:54:00,0.5738539241683043
2018-01-18 04:57:00,0.6803360411809649
2018-01-18 05:00:00,0.6306286118453386
2018-01-18 05:03:00,0.7301585621538607
2018-01-18 05:06:00,0.6783920507444918
2018-01-18 05:09:00,0.6315339067795094
2018-01-18 05:12:00,0.6043381556085023
2018-01-18 05:15:00,0.546382513081312
2018-01-18 05:18:00,0.656539013962913
2018-01-18 05:21:00,0.5478735924084503
2018-01-18 05:24:00,0.5977843743158928
2018-01-18 05:27:00,0.7655207658012273
2018-01-18 05:30:00,0.6697987318586343
2018-01-18 05:33:00,0.6608281579188997
2018-01-18 05:36:00,0.7288537410369713
2018-01-18 05:39:00,0.6965842801016038
2018-01-18 05:42:00,0.6942703537799844
2018-01-18 05:45:00,0.6382844815447015
2018-01-18 05:48:00,0.7278034055466378
2018-01-18 05:51:00,0.7039963399737985
2018-01-18 05:54:00,0.6542142086260583
2018-01-18 05:57:00,0.655979713399006
2018-01-18 06:00:00,0.7059590639066187
2018-01-18 06:03:00,0.5526584299049659
2018-01-18 06:06:00,0.5475383206024276
2018-01-18 06:09:00,0.5991847312787968
2018-01-18 06:12:00,0.6622646032328134
2018-01-18 06:15:00,0.5764633179716157
2018-01-18 06:18:00,0.586168135954722
2018-01-18 06:21:00,0.5835816511104213
2018-01-18 06:24:00,0.5438124277148972
2018-01-18 06:27:00,0.5765370880468481
2018-01-18 06:30:00,0.5795408849575097
2018-01-18 06:33:00,0.5656525718602552
2018-01-18 06:36:00,0.594270563427358
2018-01-18 06:39:00,0.6001009137593201
2018-01-18 06:42:00,0.5327646868295801
2018-01-18 06:45:00,0.5374542809545915
2018-01-18 06:48:00,0.5715470171386983
2018-01-18 06:51:00,0.6477125297818134
2018-01-18 06:54:00,0.5979265535967215
2018-01-18 06:57:00,0.5739809704426762
2018-01-18 07:00:00,0.6562366274169449
2018-01-18 07:03:00,0.6473693124696638
2018-01-18 07:06:00,0.6513051706467081
2018-01-18 07:09:00,0.5242719411770622
2018-01-18 07:12:00,0.5215867886134902
2018-01-18 07:15:00,0.5692751345657712
2018-01-18 07:18:00,0.6524256056557647
2018-01-18 07:21:00,0.6026146711674869
2018-01-18 07:24:00,0.6125496647442219
2018-01-18 07:27:00,0.43349547842967695
2018-01-18 07:30:00,0.6342555810475687
2018-01-18 07:33:00,0.559510112842645
2018-01-18 07:36:00,0.5307832677374904
2018-01-18 07:39:00,0.5514033228611765
2018-01-18 07:42:00,0.5379115841114412
2018-01-18 07:45:00,0.5413408090757343
2018-01-18 07:48:00,0.6752878533270064
2018-01-18 07:51:00,0.4429325583889181
2018-01-18 07:54:00,0.6112342282210079
2018-01-18 07:57:00,0.5364576217328363
2018-01-18 08:00:00,0.6147751650656232
2018-01-18 08:03:00,0.49904192587416674
2018-01-18 08:06:00,0.500106707489806
2018-01-18 08:09:00,0.5940520925107649
2018-01-18 08:12:00,0.582483329452657
2018-01-18 08:15:00,0.4806197663210128
2018-01-18 08:18:00,0.4611900266362454
2018-01-18 08:21:00,0.4665600129905556
2018-01-18 08:24:00,0.5245770094823001
2018-01-18 08:27:00,0.4132403857184954
2018-01-18 08:30:00,0.43872218603530655
2018-01-18 08:33:00,0.48991624864027017
2018-01-18 08:36:00,0.3535263941377593
2018-01-18 08:39:00,0.2676391868224641
2018-01-18 08:42:00,0.4117554097195466
2018-01-18 08:45:00,0.39592851589208067
2018-01-18 08:48:00,0.356235908377073
2018-01-18 08:51:00,0.45767802210207265
2018-01-18 08:54:00,0.4960068586782995
2018-01-18 08:57:00,0.3485738562982874
2018-01-18 09:00:00,0.3051949139919543
2018-01-18 09:03:00,0.3959207749660436
2018-01-18 09:06:00,0.33416328139537654
2018-01-18 09:09:00,0.3184184255883906
2018-01-18 09:12:00,0.4044246974975181
2018-01-18 09:15:00,0.31356110971034923
2018-01-18 09:18:00,0.3775462563596079
2018-01-18 09:21:00,0.3850670214990828
2018-01-18 09:24:00,0.27923718124401375
2018-01-18 09:27:00,0.4092107040007704
2018-01-18 09:30:00,0.30244549578696933
2018-01-18 09:33:00,0.30145622733022037
2018-01-18 09:36:00,0.2102424675933321
2018-01-18 09:39:00,0.385320318009974
2018-01-18 09:42:00,0.3123196525614844
2018-01-18 09:45:00,0.29329851693768205
2018-01-18 09:48:00,0.2920916307962216
2018-01-18 09:51:00,0.29232376679584604
2018-01-18 09:54:00,0.3674251683503371
2018-01-18 09:57:00,0.22583441705660334
2018-01-18 10:00:00,0.2735398467068535
2018-01-18 10:03:00,0.31144505607898054
2018-01-18 10:06:00,0.23590959444493365
2018-01-18 10:09:00,0.21274291876812867
2018-01-18 10:12:00,0.22571319886969832
2018-01-18 10:15:00,0.25289996753707555
2018-01-18 10:18:00,0.2678002490754352
2018-01-18 10:21:00,0.21236169642855884
2018-01-18 10:24:00,0.24407683701616634
2018-01-18 10:27:00,0.2799442487445276
2018-01-18 10:30:00,0.1603416346033555
2018-01-18 10:33:00,0.21379207005441003
2018-01-18 10:36:00,0.24054388666655768
2018-01-18 10:39:00,0.2398883833553782
2018-01-18 10:42:00,0.1832818424973084
2018-01-18 10:45:00,0.25204671471459505
2018-01-18 10:48:00,0.21012875983137747
2018-01-18 10:51:00,0.18168614896762847
2018-01-18 10:54:00,0.1965156060945219
2018-01-18 10:57:00,0.08555382255076438
2018-01-18 11:00:00,0.18235032773486637
2018-01-18 11:03:00,0.14234643135449687
2018-01-18 11:06:00,0.15905687293997062
2018-01-18 11:09:00,0.17748529613334085
2018-01-18 11:12:00,0.1369715935553586
2018-01-18 11:15:00,0.0747796229004507
2018-01-18 11:18:00,0.1301949151238091
2018-01-18 11:21:00,0.15035417824003616
2018-01-18 11:24:00,0.10730205696756911
2018-01-18 11:27:00,0.09003041482054641
2018-01-18 11:30:00,-0.026459487667352732
2018-01-18 11:33:00,0.04503970291233372
2018-01-18 11:36:00,0.02189757018174987
2018-01-18 11:39:00,0.07747893888438284
2018-01-18 11:42:00,0.2009534267201616
2018-01-18 11:45:00,0.02894723522581444
2018-01-18 11:48:00,0.06988187834775772
2018-01-18 11:51:00,0.010635224136819943
2018-01-18 11:54:00,0.1395310620882242
2018-01-18 11:57:00,0.14447058237061583
2018-01-18 12:00:00,0.13157707322324086
2018-01-18 12:03:00,0.12768488188243055
2018-01-18 12:06:00,0.1558342720269934
2018-01-18 12:09:00,0.16025309692207657
2018-01-18 12:12:00,0.05232695937570497
2018-01-18 12:15:00,0.1673249644248358
2018-01-18 12:18:00,0.17817593065626625
2018-01-18 12:21:00,0.0842493373145885
2018-01-18 12:24:00,0.08840011849821394
2018-01-18 12:27:00,0.15794144807159682
2018-01-18 12:30:00,0.15859750059433964
2018-01-18 12:33:00,0.12274106640683158
2018-01-18 12:36:00,0.1657446836464942
2018-01-18 12:39:00,0.12979841717890395
2018-01-18 12:42:00,0.220879299405226
2018-01-18 12:45:00,0.09948655798763184
2018-01-18 12:48:00,0.09019819863021894
2018-01-18 12:51:00,0.1842101205062363
2018-01-18 12:54:00,0.04361439672891265
2018-01-18 12:57:00,0.08852304868491956
2018-01-18 13:00:00,0.02442875492414487
2018-01-18 13:03:00,0.04569747083604625
2018-01-18 13:06:00,0.06326508625573979
2018-01-18 13:09:00,0.03006257669369461
2018-01-18 13:12:00,0.002300574888238316
2018-01-18 13:15:00,0.20781760706012165
2018-01-18 13:18:00,0.1825209753082504
2018-01-18 13:21:00,0.12893736566519465
2018-01-18 13:24:00,0.050828762479511624
2018-01-18 13:27:00,0.10535837058876041
2018-01-18 13:30:00,0.052177867188106575
2018-01-18 13:33:00,0.10875481291009237
2018-01-18 13:36:00,0.09841315753737945
2018-01-18 13:39:00,0.07787306295017515
2018-01-18 13:42:00,0.07698895782340287
2018-01-18 13:45:00,0.12866155639045473
2018-01-18 13:48:00,0.17550411521330034
2018-01-18 13:51:00,0.16503117295150105
2018-01-18 13:54:00,0.2579261926791787
2018-01-18 13:57:00,0.18279530429407487
2018-01-18 14:00:00,0.25813584877721496
2018-01-18 14:03:00,0.10111574308416493
2018-01-18 14:06:00,0.3347091293321114
2018-01-18 14:09:00,0.22835859039895468
2018-01-18 14:12:00,0.28057779928235504
2018-01-18 14:15:00,0.20908884724940435
2018-01-18 14:18:00,0.27406977140560684
2018-01-18 14:21:00,0.3749444912323838
2018-01-18 14:24:00,0.21003582980620195
2018-01-18 14:27:00,0.13615945884129133
2018-01-18 14:30:00,-0.04752993261701022
2018-01-18 14:33:00,0.051096657648827204
2018-01-18 14:36:00,0.07882909200588983
2018-01-18 14:39:00,-0.032340708589401856
2018-01-18 14:42:00,0.07761912283973516
2018-01-18 14:45:00,-0.08562565033628289
2018-01-18 14:48:00,0.046670493147814796
2018-01-18 14:51:00,0.03628061716136699
2018-01-18 14:54:00,0.014567049892264095
2018-01-18 14:57:00,0.1262236999882589
2018-01-18 15:00:00,0.1341667532651627
2018-01-18 15:03:00,0.08270887200728794
2018-01-18 15:06:00,0.1430870660691994
2018-01-18 15:09:00,0.07372372014833672
2018-01-18 15:12:00,0.12576888079354376
2018-01-18 15:15:00,0.09019515468247619
2018-01-18 15:18:00,-0.01934015113681653
2018-01-18 15:21:00,0.02829322900652187
2018-01-18 15:24:00,-0.04911669184411949
2018-01-18 15:27:00,0.13078606983287955
2018-01-18 15:30:00,0.22808282974835947
2018-01-18 15:33:00,0.20163471894926488
2018-01-18 15:36:00,0.24789115412960427
2018-01-18 15:39:00,0.3674292615425543
2018-01-18 15:42:00,0.3720745083446104
2018-01-18 15:45:00,0.23114403494349745
2018-01-18 15:48:00,0.2064445337114762
2018-01-18 15:51:00,0.1771162275902043
2018-01-18 15:54:00,0.267476432577439
2018-01-18 15:57:00,0.32801194357398344
2018-01-18 16:00:00,0.29143552082814494
2018-01-18 16:03:00,0.21699729146462232
2018-01-18 16:06:00,0.16612585591599327
2018-01-18 16:09:00,0.11975465371540395
2018-01-18 16:12:00,-0.01280611342008342
2018-01-18 16:15:00,0.18479786433977097
2018-01-18 16:18:00,0.06498690882938263
2018-01-18 16:21:00,0.09400388678045601
2018-01-18 16:24:00,0.05265270120122523
2018-01-18 16:27:00,-0.0063615548057214255
2018-01-18 16:30:00,0.060074566079777014
2018-01-18 16:33:00,0.0019216999086779651
2018-01-18 16:36:00,0.07001133368004275
2018-01-18 16:39:00,0.03697665421520924
2018-01-18 16:42:00,0.027235369997470116
2018-01-18 16:45:00,0.006034259926366303
2018-01-18 16:48:00,-0.022477686938714214
2018-01-18 16:51:00,0.02990531792084994
2018-01-18 16:54:00,-0.021967896452281366
2018-01-18 16:57:00,0.054978542875801395
2018-01-18 17:00:00,0.06504601884535077
2018-01-18 17:03:00,-0.073372090597843
2018-01-18 17:06:00,0.0794486125503795
2018-01-18 17:09:00,0.10138048082984596
2018-01-18 17:12:00,0.02045368621321586
2018-01-18 17:15:00,-0.02825814022293116
2018-01-18 17:18:00,0.0792043074749813
2018-01-18 17:21:00,0.1265851802236284
2018-01-18 17:24:00,0.10011058882918178
2018-01-18 17:27:00,0.006554975642131922
2018-01-18 17:30:00,0.057280351457677625
2018-01-18 17:33:00,0.11427302980689547
2018-01-18 17:36:00,0.11827755253733585
2018-01-18 17:39:00,0.12879358967967391
2018-01-18 17:42:00,0.20981299714838997
2018-01-18 17:45:00,0.34746434291321293
2018-01-18 17:48:00,0.44309625788292806
2018-01-18 17:51:00,0.25153837524078426
2018-01-18 17:54:00,0.7253407725078205
2018-01-18 17:57:00,0.6614261231227374
2018-01-18 18:00:00,0.15556685857836783
2018-01-18 18:03:00,0.3426547335441228
2018-01-18 18:06:00,0.18397719225964693
2018-01-18 18:09:00,0.24780621143656845
2018-01-18 18:12:00,0.2916273362142192
2018-01-18 18:15:00,0.2652703577284683
2018-01-18 18:18:00,0.2809182036393736
2018-01-18 18:21:00,0.21838991130493923
2018-01-18 18:24:00,0.1643412651591234
2018-01-18 18:27:00,0.10140943164321925
2018-01-18 18:30:00,0.23459207951162853
2018-01-18 18:33:00,0.19598171963770028
2018-01-18 18:36:00,0.23873671989025524
2018-01-18 18:39:00,0.1778096156071456
2018-01-18 18:42:00,0.30015919986135486
2018-01-18 18:45:00,0.18459048540688627
2018-01-18 18:48:00,0.18341829883701166
2018-01-18 18:51:00,0.07763464451909385
2018-01-18 18:54:00,0.26226074648292297
2018-01-18 18:57:00,
2018-01-18 19:00:00,
2018-01-18 19:03:00,0.1264623549003545
2018-01-18 19:06:00,0.09618153416323594
2018-01-18 19:09:00,0.16339700385259448
2018-01-18 19:12:00,0.2573803987227734
2018-01-18 19:15:00,0.2483508811020556
2018-01-18 19:18:00,0.17451232653462512
2018-01-18 19:21:00,0.2151988851184683
2018-01-18 19:24:00,0.23990294791400402
2018-01-18 19:27:00,0.20543394968382245
2018-01-18 19:30:00,0.2285966506944419
2018-01-18 19:33:00,0.34674740993449404
2018-01-18 19:36:00,0.16904987141208494
2018-01-18 19:39:00,0.24494631320771987
2018-01-18 19:42:00,0.20417317125543377
2018-01-18 19:45:00,0.2176753464362946
2018-01-18 19:48:00,0.25229388818183907
2018-01-18 19:51:00,0.30712663654907146
2018-01-18 19:54:00,0.3246810073230222
2018-01-18 19:57:00,0.22996997481209291
2018-01-18 20:00:00,0.26910156006522357
2018-01-18 20:03:00,0.34440395092076415
2018-01-18 20:06:00,0.35108091102671324
2018-01-18 20:09:00,0.38369910224668047
2018-01-18 20:12:00,0.3798033410231483
2018-01-18 20:15:00,0.3327525088117227
2018-01-18 20:18:00,0.23888595817334135
2018-01-18 20:21:00,0.28810278184067784
2018-01-18 20:24:00,0.23124049049278028
2018-01-18 20:27:00,0.2186497711437596
2018-01-18 20:30:00,0.2660173639238792
2018-01-18 20:33:00,0.20926577301594307
2018-01-18 20:36:00,0.21661128014619635
2018-01-18 20:39:00,0.23151126632177466
2018-01-18 20:42:00,0.37889775893654587
2018-01-18 20:45:00,0.30443901128433026
2018-01-18 20:48:00,0.3667600683629644
2018-01-18 20:51:00,0.3226537700821268
2018-01-18 20:54:00,0.3095226848065522
2018-01-18 20:57:00,0.36609478669328155
2018-01-18 21:00:00,0.5343731816773811
2018-01-18 21:03:00,0.5146933936895266
2018-01-18 21:06:00,0.46568358154047473
2018-01-18 21:09:00,0.32814331300357935
2018-01-18 21:12:00,0.3978052997443342
2018-01-18 21:15:00,0.46793673820349113
2018-01-18 21:18:00,0.39095356993993846
2018-01-18 21:21:00,0.35055087883159786
2018-01-18 21:24:00,0.4004193699404368
2018-01-18 21:27:00,0.47928689802148483
2018-01-18 21:30:00,0.48723689316716445
2018-01-18 21:33:00,0.447224785943547
2018-01-18 21:36:00,0.557466132734362
2018-01-18 21:39:00,0.5795495269306912
2018-01-18 21:42:00,0.4945768765478533
2018-01-18 21:45:00,0.47889160088823246
2018-01-18 21:48:00,0.5675908711137367
2018-01-18 21:51:00,0.43061552608520515
2018-01-18 21:54:00,0.36998157564084977
2018-01-18 21:57:00,0.48106898255321084
2018-01-18 22:00:00,0.41121529861698036
2018-01-18 22:03:00,0.5173854118463623
2018-01-18 22:06:00,0.4083993051036714
2018-01-18 22:09:00,0.3991466980819496
2018-01-18 22:12:00,0.32776370854520565
2018-01-18 22:15:00,0.3971909079397733
2018-01-18 22:18:00,0.2690451256564188
2018-01-18 22:21:00,0.3856093641189773
2018-01-18 22:24:00,0.3478559727498691
2018-01-18 22:27:00,0.3857750490764147
2018-01-18 22:30:00,0.402173110586034
2018-01-18 22:33:00,0.40399789314159307
2018-01-18 22:36:00,0.45335746474017924
2018-01-18 22:39:00,0.431268150937683
2018-01-18 22:42:00,0.4938850087122546
2018-01-18 22:45:00,0.541539670761324
2018-01-18 22:48:00,0.5471694242791045
2018-01-18 22:51:00,0.5467611723328218
2018-01-18 22:54:00,0.4672648508782231
2018-01-18 22:57:00,0.5892566208638641
2018-01-18 23:00:00,0.6050090951084712
2018-01-18 23:03:00,0.3278513272484247
2018-01-18 23:06:00,0.31129054369046116
2018-01-18 23:09:00,0.472226903238834
2018-01-18 23:12:00,0.4481077611188198
2018-01-18 23:15:00,0.4983599434635835
2018-01-18 23:18:00,0.5558219730046403
2018-01-18 23:21:00,0.44608996664408096
2018-01-18 23:24:00,0.37940280370315804
2018-01-18 23:27:00,0.3301269914869067
2018-01-18 23:30:00,0.3795570961124213
2018-01-18 23:33:00,0.4688339718302359
2018-01-18 23:36:00,0.43973684594101314
2018-01-18 23:39:00,0.5155749761672723
2018-01-18 23:42:00,0.4855649560387292
2018-01-18 23:45:00,0.5613198411273288
2018-01-18 23:48:00,0.5895001460211802
2018-01-18 23:51:00,0.48094588634205593
2018-01-18 23:54:00,0.47035903980986404
2018-01-18 23:57:00,0.4864748066905804
2018-01-19 00:00:00,0.417072930078632
2018-01-19 00:03:00,0.48908366561437333
2018-01-19 00:06:00,0.5057490328641165
2018-01-19 00:09:00,0.4937373844435342
2018-01-19 00:12:00,0.4670911516175238
2018-01-19 00:15:00,0.5698963567259625
2018-01-19 00:18:00,0.48714978764053285
2018-01-19 00:21:00,0.6753811104945839
2018-01-19 00:24:00,0.5091369012807831
2018-01-19 00:27:00,0.5873736173742259
2018-01-19 00:30:00,0.5678706052892721
2018-01-19 00:33:00,0.4652492681419744
2018-01-19 00:36:00,0.5650994138904935
2018-01-19 00:39:00,0.623749560663498
2018-01-19 00:42:00,0.512678727675393
2018-01-19 00:45:00,0.5363396683832207
2018-01-19 00:48:00,0.4851817432064536
2018-01-19 00:51:00,0.5040543844874037
2018-01-19 00:54:00,0.4710416686821759
2018-01-19 00:57:00,0.5825609169215795
2018-01-19 01:00:00,0.5712041793975686
2018-01-19 01:03:00,0.6158222137782445
2018-01-19 01:06:00,0.5244484374138096
2018-01-19 01:09:00,0.6072647957132062
2018-01-19 01:12:00,0.6121807756882163
2018-01-19 01:15:00,0.5372251583812044
2018-01-19 01:18:00,0.6441073847921075
2018-01-19 01:21:00,0.6522073546212255
2018-01-19 01:24:00,0.493347455698256
2018-01-19 01:27:00,0.5904233685300255
2018-01-19 01:30:00,0.6447476539391914
2018-01-19 01:33:00,0.6680356593314514
2018-01-19 01:36:00,0.6319288591504915
2018-01-19 01:39:00,0.5938249085043026
2018-01-19 01:42:00,0.6007898384679606
2018-01-19 01:45:00,0.6603077488526878
2018-01-19 01:48:00,0.6045120580753292
2018-01-19 01:51:00,0.7556327887674001
2018-01-19 01:54:00,0.5238333656728287
2018-01-19 01:57:00,0.5663217489992007
2018-01-19 02:00:00,0.7634043529797054
2018-01-19 02:03:00,0.7029213322041414
2018-01-19 02:06:00,0.5918428117035432
2018-01-19 02:09:00,0.5884678363147486
2018-01-19 02:12:00,0.6942192941602343
2018-01-19 02:15:00,0.7000968054042573
2018-01-19 02:18:00,0.6514415643867437
2018-01-19 02:21:00,0.6573296723123576
2018-01-19 02:24:00,0.6437122080301947
2018-01-19 02:27:00,0.6772893144332102
2018-01-19 02:30:00,0.6485936799896308
2018-01-19 02:33:00,0.4724439145610404
2018-01-19 02:36:00,0.548152594238843
2018-01-19 02:39:00,0.6007637423089704
2018-01-19 02:42:00,0.5886008362274993
2018-01-19 02:45:00,0.6591808663960137
2018-01-19 02:48:00,0.6173092117182932
2018-01-19 02:51:00,0.6259435204432862
2018-01-19 02:54:00,0.6145807755299302
2018-01-19 02:57:00,0.4786305600049445
2018-01-19 03:00:00,0.5419402768675923
2018-01-19 03:03:00,0.49544564866192786
2018-01-19 03:06:00,0.5470026927836216
2018-01-19 03:09:00,0.6021320039107536
2018-01-19 03:12:00,0.5616110720206962
2018-01-19 03:15:00,0.49380575452249786
2018-01-19 03:18:00,0.6397521959166284
2018-01-19 03:21:00,0.592360635917089
2018-01-19 03:24:00,0.5523999863937661
2018-01-19 03:27:00,0.6540766536297156
2018-01-19 03:30:00,0.5560058413520323
2018-01-19 03:33:00,0.6064859583711382
2018-01-19 03:36:00,0.6778254406947894
2018-01-19 03:39:00,0.47077221401457336
2018-01-19 03:42:00,0.578220722819708
2018-01-19 03:45:00,0.6131378124469506
2018-01-19 03:48:00,0.6077996964421004
2018-01-19 03:51:00,0.4540431298476051
2018-01-19 03:54:00,0.551999586552995
2018-01-19 03:57:00,0.5506669515407339
2018-01-19 04:00:00,0.492688145525392
2018-01-19 04:03:00,0.5954397483599223
2018-01-19 04:06:00,0.6029710017945149
2018-01-19 04:09:00,0.5730185689241694
2018-01-19 04:12:00,0.5646546966530082
2018-01-19 04:15:00,0.6409475750589877
2018-01-19 04:18:00,0.5454828926560822
2018-01-19 04:21:00,0.5783571287047948
2018-01-19 04:24:00,0.6483599769346711
2018-01-19 04:27:00,0.4954241952027587
2018-01-19 04:30:00,0.6733587594999335
2018-01-19 04:33:00,0.5236405377073083
2018-01-19 04:36:00,0.5657738874387519
2018-01-19 04:39:00,0.626889969365152
2018-01-19 04:42:00,0.5385965025701012
2018-01-19 04:45:00,0.6455259618671789
2018-01-19 04:48:00,0.5791439262549147
2018-01-19 04:51:00,0.6043212600535526
2018-01-19 04:54:00,0.6437877318746814
2018-01-19 04:57:00,0.7210079811566743
2018-01-19 05:00:00,0.609996537344557
2018-01-19 05:03:00,0.6272020304674015
2018-01-19 05:06:00,0.697287333981933
2018-01-19 05:09:00,0.668043841772203
2018-01-19 05:12:00,0.6426969161039437
2018-01-19 05:15:00,0.6732401775986432
2018-01-19 05:18:00,0.7740423076531897
2018-01-19 05:21:00,0.6666804996841051
2018-01-19 05:24:00,0.6563264932959214
2018-01-19 05:27:00,0.6141710688008857
2018-01-19 05:30:00,0.5508442059178833
2018-01-19 05:33:00,0.659309328023653
2018-01-19 05:36:00,0.6443865176592567
2018-01-19 05:39:00,0.5647349171861151
2018-01-19 05:42:00,0.6126515524795764
2018-01-19 05:45:00,0.5823022177047505
2018-01-19 05:48:00,0.5861002107716331
2018-01-19 05:51:00,0.6788205517040637
2018-01-19 05:54:00,0.6124399565003955
2018-01-19 05:57:00,0.49447667461640776
2018-01-19 06:00:00,0.5346857621628374
2018-01-19 06:03:00,0.5286507022938736
2018-01-19 06:06:00,0.5835600678452693
2018-01-19 06:09:00,0.6360168002092337
2018-01-19 06:12:00,0.6334673109819846
2018-01-19 06:15:00,0.5814042264978525
2018-01-19 06:18:00,0.6331119718450964
2018-01-19 06:21:00,0.5169691884273107
2018-01-19 06:24:00,0.6127079608801296
2018-01-19 06:27:00,0.5082931104231534
2018-01-19 06:30:00,0.5151869757963823
2018-01-19 06:33:00,0.5917590626766582
2018-01-19 06:36:00,0.5790289807971476
2018-01-19 06:39:00,0.7022486152458214
2018-01-19 06:42:00,0.6033875004662264
2018-01-19 06:45:00,0.55012530799263
2018-01-19 06:48:00,0.6327168249816282
2018-01-19 06:51:00,0.5782611424867241
2018-01-19 06:54:00,0.6108257254135765
2018-01-19 06:57:00,0.6696772425565882
2018-01-19 07:00:00,0.6778295408638542
2018-01-19 07:03:00,0.565341351689824
2018-01-19 07:06:00,0.5912015946017277
2018-01-19 07:09:00,0.6619840798292103
2018-01-19 07:12:00,0.641754777328913
2018-01-19 07:15:00,0.6264344233029533
2018-01-19 07:18:00,0.6455382894687887
2018-01-19 07:21:00,0.5992433523489353
2018-01-19 07:24:00,0.6420004404110387
2018-01-19 07:27:00,0.6290552331844879
2018-01-19 07:30:00,0.6146859632597739
2018-01-19 07:33:00,0.556243184868606
2018-01-19 07:36:00,0.6027880383808224
2018-01-19 07:39:00,0.543500149682302
2018-01-19 07:42:00,0.5798841112825812
2018-01-19 07:45:00,0.6023891079631767
2018-01-19 07:48:00,0.5836422632758627
2018-01-19 07:51:00,0.5387538654906052
2018-01-19 07:54:00,0.5543393714948479
2018-01-19 07:57:00,0.5628917486470186
2018-01-19 08:00:00,0.5889812267432148
2018-01-19 08:03:00,0.5843793744897994
2018-01-19 08:06:00,0.6107973024563762
2018-01-19 08:09:00,0.7592867860300316
2018-01-19 08:12:00,0.6082736804467572
2018-01-19 08:15:00,0.5793363066080133
2018-01-19 08:18:00,0.5670692723218167
2018-01-19 08:21:00,0.6350983154013647
2018-01-19 08:24:00,0.5780470069561829
2018-01-19 08:27:00,0.4905745095512657
2018-01-19 08:30:00,0.5060379955203302
2018-01-19 08:33:00,0.4847657687466267
2018-01-19 08:36:00,0.542518948090219
2018-01-19 08:39:00,0.4863910115963108
2018-01-19 08:42:00,0.5191835788084518
2018-01-19 08:45:00,0.5454362911513613
2018-01-19 08:48:00,0.4455688215824125
2018-01-19 08:51:00,0.5422847275279423
2018-01-19 08:54:00,0.48418744986770434
2018-01-19 08:57:00,0.3999811699831639
2018-01-19 09:00:00,0.48617392762093914
2018-01-19 09:03:00,0.3777297729729412
2018-01-19 09:06:00,0.4294298950732127
2018-01-19 09:09:00,0.3660412550989349
2018-01-19 09:12:00,0.508584422589422
2018-01-19 09:15:00,0.3757640360959158
2018-01-19 09:18:00,0.4196981555301136
2018-01-19 09:21:00,0.44520504573557673
2018-01-19 09:24:00,0.38102013831939985
2018-01-19 09:27:00,0.26466311729842573
2018-01-19 09:30:00,0.3335511686204313
2018-01-19 09:33:00,0.33097077636494987
2018-01-19 09:36:00,0.18146646515765497
2018-01-19 09:39:00,0.32227473141227847
2018-01-19 09:42:00,0.33535750131915165
2018-01-19 09:45:00,0.22782331646118337
2018-01-19 09:48:00,0.3079300564640448
2018-01-19 09:51:00,0.23656778001856082
2018-01-19 09:54:00,0.17965006226489777
2018-01-19 09:57:00,0.17762005603339048
2018-01-19 10:00:00,0.1503533485967523
2018-01-19 10:03:00,0.09417608321399484
2018-01-19 10:06:00,0.26216743590242686
2018-01-19 10:09:00,0.2571058263100099
2018-01-19 10:12:00,0.2082637005311767
2018-01-19 10:15:00,0.1966583158892945
2018-01-19 10:18:00,0.3279310969144831
2018-01-19 10:21:00,0.1358347911693727
2018-01-19 10:24:00,0.2615864633434626
2018-01-19 10:27:00,0.24739266983351627
2018-01-19 10:30:00,0.1785394629097823
2018-01-19 10:33:00,0.09403591637067166
2018-01-19 10:36:00,0.20874367467553157
2018-01-19 10:39:00,0.16793539770702637
2018-01-19 10:42:00,0.153242921360345
2018-01-19 10:45:00,0.11990942657047299
2018-01-19 10:48:00,0.1463290235669774
2018-01-19 10:51:00,0.10879799193367035
2018-01-19 10:54:00,0.009910745861930081
2018-01-19 10:57:00,0.06189046908093587
2018-01-19 11:00:00,0.056479266140058826
2018-01-19 11:03:00,0.07691680457497796
2018-01-19 11:06:00,0.026978226636401814
2018-01-19 11:09:00,0.07379636384445121
2018-01-19 11:12:00,0.030245679852271223
2018-01-19 11:15:00,0.12727831714414606
2018-01-19 11:18:00,0.0585911741397922
2018-01-19 11:21:00,0.10380516177303889
2018-01-19 11:24:00,0.07793902701416755
2018-01-19 11:27:00,0.025305618477716507
2018-01-19 11:30:00,-0.03677875890485893
2018-01-19 11:33:00,0.038383675816362484
2018-01-19 11:36:00,-0.04092899585111809
2018-01-19 11:39:00,-0.0058013592919792245
2018-01-19 11:42:00,0.11436280827575729
2018-01-19 11:45:00,0.06628908459367722
2018-01-19 11:48:00,-0.08854178534755874
2018-01-19 11:51:00,0.05321574955422648
2018-01-19 11:54:00,0.023942610642336604
2018-01-19 11:57:00,-0.017747798935431547
2018-01-19 12:00:00,0.0035026636404609235
2018-01-19 12:03:00,-0.00661118457799148
2018-01-19 12:06:00,0.1365371387850587
2018-01-19 12:09:00,0.11768755062939817
2018-01-19 12:12:00,0.019230793318683936
2018-01-19 12:15:00,0.047587029682404136
2018-01-19 12:18:00,0.1226865937184698
2018-01-19 12:21:00,-0.052605611990202306
2018-01-19 12:24:00,0.06443080113712085
2018-01-19 12:27:00,0.03429493240349757
2018-01-19 12:30:00,-0.11715440529729904
2018-01-19 12:33:00,0.16134107895010175
2018-01-19 12:36:00,0.06581069841394083
2018-01-19 12:39:00,0.03398485353545766
2018-01-19 12:42:00,0.053369064843934666
2018-01-19 12:45:00,-0.06161622824487267
2018-01-19 12:48:00,0.002001196390892801
2018-01-19 12:51:00,0.0015438748149563253
2018-01-19 12:54:00,-0.006363273696422311
2018-01-19 12:57:00,0.02592134785510325
2018-01-19 13:00:00,-0.0031410484755269863
2018-01-19 13:03:00,0.09582271816469756
2018-01-19 13:06:00,0.034489395893388064
2018-01-19 13:09:00,-0.02723342778250526
2018-01-19 13:12:00,-0.08343301051883145
2018-01-19 13:15:00,-0.026995960482736336
2018-01-19 13:18:00,-0.13289478579901015
2018-01-19 13:21:00,0.04057125098245251
2018-01-19 13:24:00,-0.04150516106426494
2018-01-19 13:27:00,-0.08772696396431456
2018-01-19 13:30:00,-0.02118941741503022
2018-01-19 13:33:00,0.2229978423877128
2018-01-19 13:36:00,0.011948675945461673
2018-01-19 13:39:00,0.06184282883236847
2018-01-19 13:42:00,-0.03932515811527537
2018-01-19 13:45:00,-0.030411317031905583
2018-01-19 13:48:00,-0.013962296893168968
2018-01-19 13:51:00,-0.008427135010720121
2018-01-19 13:54:00,-0.056224681513356245
2018-01-19 13:57:00,-0.09600949728184105
2018-01-19 14:00:00,0.009576531063260063
2018-01-19 14:03:00,-0.06931779017889994
2018-01-19 14:06:00,-0.018091215881099743
2018-01-19 14:09:00,-0.016388911915782955
2018-01-19 14:12:00,-0.08114976706656307
2018-01-19 14:15:00,0.02518389370902696
2018-01-19 14:18:00,-0.007846886664367503
2018-01-19 14:21:00,0.041372555109489895
2018-01-19 14:24:00,-0.04079267653395391
2018-01-19 14:27:00,0.009769858496497363
2018-01-19 14:30:00,
2018-01-19 14:33:00,-0.0021130385924266193
2018-01-19 14:36:00,0.013054644721535169
2018-01-19 14:39:00,-0.06383364126014612
2018-01-19 14:42:00,-0.06111485660318294
2018-01-19 14:45:00,-0.05592294526866226
2018-01-19 14:48:00,-0.02958749505171454
2018-01-19 14:51:00,-0.017172516582888875
2018-01-19 14:54:00,-0.11519407347327615
2018-01-19 14:57:00,-0.09773640958644592
2018-01-19 15:00:00,-0.041070570742647305
2018-01-19 15:03:00,0.0271138553559922
2018-01-19 15:06:00,-0.11803289935994599
2018-01-19 15:09:00,0.08491267426614968
2018-01-19 15:12:00,
2018-01-19 15:15:00,-0.06587860345229046
2018-01-19 15:18:00,-0.09407583300873057
2018-01-19 15:21:00,-0.0009717873930981114
2018-01-19 15:24:00,0.15441972838891616
2018-01-19 15:27:00,-0.1412789677161186
2018-01-19 15:30:00,-0.15334370187161994
2018-01-19 15:33:00,-0.11607399380284278
2018-01-19 15:36:00,-0.20574072848802416
2018-01-19 15:39:00,-0.21897839168468636
2018-01-19 15:42:00,-0.09375586219846355
2018-01-19 15:45:00,-0.049400658630474936
2018-01-19 15:48:00,-0.059332662426299976
2018-01-19 15:51:00,-0.04741181285606899
2018-01-19 15:54:00,-0.02676081123036056
2018-01-19 15:57:00,-0.07773353814451411
2018-01-19 16:00:00,-0.03903433192488137
2018-01-19 16:03:00,0.03219163512733303
2018-01-19 16:06:00,-0.10168210747241346
2018-01-19 16:09:00,-0.014740757250592651
2018-01-19 16:12:00,-0.018421275792775305
2018-01-19 16:15:00,-0.019905139049853915
2018-01-19 16:18:00,-0.088279336947096
2018-01-19 16:21:00,-0.12188396546878266
2018-01-19 16:24:00,-0.08893901451199326
2018-01-19 16:27:00,-0.16410418790144377
2018-01-19 16:30:00,-0.06960352331276454
2018-01-19 16:33:00,-0.07133345523726575
2018-01-19 16:36:00,-0.02819741986968438
2018-01-19 16:39:00,-0.0014167683253845098
2018-01-19 16:42:00,-0.0796556173739873
2018-01-19 16:45:00,-0.2036663561439127
2018-01-19 16:48:00,-0.024749710607636644
2018-01-19 16:51:00,-0.11847899733930944
2018-01-19 16:54:00,-0.19924480319548366
2018-01-19 16:57:00,-0.09376670609964322
2018-01-19 17:00:00,-0.1820005022918849
2018-01-19 17:03:00,-0.08853137276855705
2018-01-19 17:06:00,-0.1156793320151337
2018-01-19 17:09:00,-0.02823411336794379
2018-01-19 17:12:00,-0.022447116362855013
2018-01-19 17:15:00,-0.13361371524274546
2018-01-19 17:18:00,-0.09846104349719553
2018-01-19 17:21:00,0.0024308802360337722
2018-01-19 17:24:00,0.042872717616774025
2018-01-19 17:27:00,0.01173018376238133
2018-01-19 17:30:00,-0.012611813801015614
2018-01-19 17:33:00,-0.08213582801795383
2018-01-19 17:36:00,-0.06604301336437857
2018-01-19 17:39:00,-0.08354721620401051
2018-01-19 17:42:00,-0.013930461097629632
2018-01-19 17:45:00,-0.061892224221651304
2018-01-19 17:48:00,-0.02536552554664695
2018-01-19 17:51:00,-0.047259822823662034
2018-01-19 17:54:00,-0.030668678370204816
2018-01-19 17:57:00,-0.07068442725176283
2018-01-19 18:00:00,0.07749091162810373
2018-01-19 18:03:00,0.08390737891136268
2018-01-19 18:06:00,0.0803646166988301
2018-01-19 18:09:00,0.177419232033742
2018-01-19 18:12:00,0.07516635617145084
2018-01-19 18:15:00,0.07573333450199016
2018-01-19 18:18:00,0.1696116144850066
2018-01-19 18:21:00,0.17470850346012412
2018-01-19 18:24:00,0.10710593090038856
2018-01-19 18:27:00,-0.011626284630381178
2018-01-19 18:30:00,0.076893240156096
2018-01-19 18:33:00,0.12910174618167503
2018-01-19 18:36:00,0.14885288315855405
2018-01-19 18:39:00,0.14080306949381338
2018-01-19 18:42:00,0.06280664604076946
2018-01-19 18:45:00,0.11400305358273499
2018-01-19 18:48:00,0.052949874607406855
2018-01-19 18:51:00,0.20940691423504632
2018-01-19 18:54:00,
2018-01-19 18:57:00,
2018-01-19 19:00:00,
2018-01-19 19:03:00,0.01559815922001917
2018-01-19 19:06:00,0.011877432503865748
2018-01-19 19:09:00,0.11259023917602917
2018-01-19 19:12:00,0.027764815021726008
2018-01-19 19:15:00,0.07195551602166006
2018-01-19 19:18:00,0.014489961936931195
2018-01-19 19:21:00,0.06438704907975534
2018-01-19 19:24:00,0.07299149447607078
2018-01-19 19:27:00,0.06621419263882444
2018-01-19 19:30:00,0.2192555812429191
2018-01-19 19:33:00,0.24762662697628457
2018-01-19 19:36:00,0.10362693244951515
2018-01-19 19:39:00,0.18855391070007954
2018-01-19 19:42:00,0.17819544819036537
2018-01-19 19:45:00,0.2613120225776129
2018-01-19 19:48:00,0.3059219508332376
2018-01-19 19:51:00,0.1318635786619211
2018-01-19 19:54:00,0.29732627901717024
2018-01-19 19:57:00,0.08333861846290347
2018-01-19 20:00:00,0.1434641182551104
2018-01-19 20:03:00,0.003003611482370161
2018-01-19 20:06:00,0.08518848387069511
2018-01-19 20:09:00,0.06627219762657433
2018-01-19 20:12:00,0.2564573307861906
2018-01-19 20:15:00,0.20556749639524696
2018-01-19 20:18:00,0.20472754690212014
2018-01-19 20:21:00,0.12083079154274401
2018-01-19 20:24:00,0.2069637349205209
2018-01-19 20:27:00,0.1621586122073495
2018-01-19 20:30:00,0.2619388347442282
2018-01-19 20:33:00,0.33205554452524666
2018-01-19 20:36:00,0.2988870842879692
2018-01-19 20:39:00,0.2758368159705924
2018-01-19 20:42:00,0.19119283903893347
2018-01-19 20:45:00,0.32968408478052424
2018-01-19 20:48:00,0.28827050635055684
2018-01-19 20:51:00,0.31040745733741915
2018-01-19 20:54:00,0.22485546294183223
2018-01-19 20:57:00,0.2328677637636929
2018-01-19 21:00:00,0.13467184344210636
2018-01-19 21:03:00,0.3025007288201209
2018-01-19 21:06:00,0.2536079915128653
2018-01-19 21:09:00,0.31015082058706867
2018-01-19 21:12:00,0.23214164169149853
2018-01-19 21:15:00,0.308234645383493
2018-01-19 21:18:00,0.18025886117493428
2018-01-19 21:21:00,0.16613886827497026
2018-01-19 21:24:00,0.33717444501422733
2018-01-19 21:27:00,0.22907029830992087
2018-01-19 21:30:00,0.2355476610885603
2018-01-19 21:33:00,0.3007383994857946
2018-01-19 21:36:00,0.2599882882648217
2018-01-19 21:39:00,0.2357589825097648
2018-01-19 21:42:00,0.2531188439629659
2018-01-19 21:45:00,0.2587922597057286
2018-01-19 21:48:00,0.4040173398022944
2018-01-19 21:51:00,0.2566783595210609
2018-01-19 21:54:00,0.3620122493137501
2018-01-19 21:57:00,0.16598780239519328
2018-01-19 22:00:00,0.3300101498646768
2018-01-19 22:03:00,0.5293329899122341
2018-01-19 22:06:00,0.49006918286403334
2018-01-19 22:09:00,0.5197427292888506
2018-01-19 22:12:00,0.41718661484276254
2018-01-19 22:15:00,0.4706089255197412
2018-01-19 22:18:00,0.4884502239236781
2018-01-19 22:21:00,0.45783227421622996
2018-01-19 22:24:00,0.46568108289028487
2018-01-19 22:27:00,0.32380374685737934
2018-01-19 22:30:00,0.2958567202522886
2018-01-19 22:33:00,0.38918434505001187
2018-01-19 22:36:00,0.44107658427009255
2018-01-19 22:39:00,0.4723442429445299
2018-01-19 22:42:00,0.42967286492313406
2018-01-19 22:45:00,0.4720765071812707
2018-01-19 22:48:00,0.4665697515964098
2018-01-19 22:51:00,0.4282608153730507
2018-01-19 22:54:00,0.4712840331200141
2018-01-19 22:57:00,0.45606522642378877
2018-01-19 23:00:00,0.26689254061835754
2018-01-19 23:03:00,0.40253079678853965
2018-01-19 23:06:00,0.3767803894053259
2018-01-19 23:09:00,0.24792669986175042
2018-01-19 23:12:00,0.2110565538590663
2018-01-19 23:15:00,0.22446060630750253
2018-01-19 23:18:00,0.2629447085088259
2018-01-19 23:21:00,0.1128116806665389
2018-01-19 23:24:00,0.33663386623970837
2018-01-19 23:27:00,0.41946689334349685
2018-01-19 23:30:00,0.4884986175568429
2018-01-19 23:33:00,0.315255072507
2018-01-19 23:36:00,0.20139443359647657
2018-01-19 23:39:00,0.4738585393396306
2018-01-19 23:42:00,0.4087572632859633
2018-01-19 23:45:00,0.6074191406626142
2018-01-19 23:48:00,0.43020960715887213
2018-01-19 23:51:00,0.42217744511964383
2018-01-19 23:54:00,0.3365158408170146
2018-01-19 23:57:00,0.38234918380845784
2018-01-20 00:00:00,0.29673939438066554
2018-01-20 00:03:00,0.4230704971326418
2018-01-20 00:06:00,0.4592607511523852
2018-01-20 00:09:00,0.48931746544690213
2018-01-20 00:12:00,0.4106316711514637
2018-01-20 00:15:00,0.4569896533524229
2018-01-20 00:18:00,0.4686527584477176
2018-01-20 00:21:00,0.4357875313971249
2018-01-20 00:24:00,0.459939093796379
2018-01-20 00:27:00,0.44747764395100376
2018-01-20 00:30:00,0.49378269441933753
2018-01-20 00:33:00,0.4299342334555831
2018-01-20 00:36:00,0.47812765817008085
2018-01-20 00:39:00,0.43217744458667084
2018-01-20 00:42:00,0.43797562894962994
2018-01-20 00:45:00,0.3830106765057053
2018-01-20 00:48:00,0.4247070133454258
2018-01-20 00:51:00,0.48815379592616637
2018-01-20 00:54:00,0.5238950813347856
2018-01-20 00:57:00,0.5107262423064185
2018-01-20 01:00:00,0.5632607619357941
2018-01-20 01:03:00,0.7067167182168532
2018-01-20 01:06:00,1.0133737437803347
2018-01-20 01:09:00,0.9222133446193652
2018-01-20 01:12:00,0.7093982578279565
2018-01-20 01:15:00,0.6151252068793838
2018-01-20 01:18:00,0.4726508680663528
2018-01-20 01:21:00,0.4809476839896547
2018-01-20 01:24:00,0.5290199442616768
2018-01-20 01:27:00,0.559755741766196
2018-01-20 01:30:00,0.5629512553661584
2018-01-20 01:33:00,0.7925449093924044
2018-01-20 01:36:00,1.123840049014916
2018-01-20 01:39:00,0.8788129928767034
2018-01-20 01:42:00,0.7582624191925333
2018-01-20 01:45:00,0.7873012106986153
2018-01-20 01:48:00,0.5998222818219006
2018-01-20 01:51:00,0.47611094766756423
2018-01-20 01:54:00,0.466566186545208
2018-01-20 01:57:00,0.4164414325802568
2018-01-20 02:00:00,0.34256621178502655
2018-01-20 02:03:00,0.2886785460394208
2018-01-20 02:06:00,0.39168446550797853
2018-01-20 02:09:00,0.39122770221098335
2018-01-20 02:12:00,0.28973993753641025
2018-01-20 02:15:00,0.3017234856706068
2018-01-20 02:18:00,0.2957817167932717
2018-01-20 02:21:00,0.37020822600322845
2018-01-20 02:24:00,0.3305785517825939
2018-01-20 02:27:00,0.33079715458001147
2018-01-20 02:30:00,0.39531497843665875
2018-01-20 02:33:00,0.2888979427501681
2018-01-20 02:36:00,0.3072501750725678
2018-01-20 02:39:00,0.31528969961840403
2018-01-20 02:42:00,0.3129342565838442
2018-01-20 02:45:00,0.37134002571320934
2018-01-20 02:48:00,0.3343363143730471
2018-01-20 02:51:00,0.35783626113862965
2018-01-20 02:54:00,0.4163481092608663
2018-01-20 02:57:00,0.3182472243453276
2018-01-20 03:00:00,0.4335802407053393
2018-01-20 03:03:00,0.4350182434372414
2018-01-20 03:06:00,0.4409728721200281
2018-01-20 03:09:00,0.4175093037749207
2018-01-20 03:12:00,0.3720356020139093
2018-01-20 03:15:00,0.5223624161140492
2018-01-20 03:18:00,0.5270969644425918
2018-01-20 03:21:00,0.5271319533643464
2018-01-20 03:24:00,0.48185026631210803
2018-01-20 03:27:00,0.4579678325547434
2018-01-20 03:30:00,0.42067532356725224
2018-01-20 03:33:00,0.4227930719627011
2018-01-20 03:36:00,0.4783708844836383
2018-01-20 03:39:00,0.48078100625190245
2018-01-20 03:42:00,0.4273364792433654
2018-01-20 03:45:00,0.5125937064221375
2018-01-20 03:48:00,0.48595426980972434
2018-01-20 03:51:00,0.5309897163091364
2018-01-20 03:54:00,0.5435125800745482
2018-01-20 03:57:00,0.5133039407003821
2018-01-20 04:00:00,0.5571701348578131
2018-01-20 04:03:00,0.4793252673987354
2018-01-20 04:06:00,0.4623089557084654
2018-01-20 04:09:00,0.4557187804632008
2018-01-20 04:12:00,0.49581526192048386
2018-01-20 04:15:00,0.47421625475374185
2018-01-20 04:18:00,0.5469008316327972
2018-01-20 04:21:00,0.5232939241366239
2018-01-20 04:24:00,0.6360591578858816
2018-01-20 04:27:00,0.5485723586009499
2018-01-20 04:30:00,0.5270198217510824
2018-01-20 04:33:00,0.5475281599337904
2018-01-20 04:36:00,0.5688334695206549
2018-01-20 04:39:00,0.548002451164848
2018-01-20 04:42:00,0.4916699079644218
2018-01-20 04:45:00,0.5775987321998173
2018-01-20 04:48:00,0.5760834299029511
2018-01-20 04:51:00,0.55584631694785
2018-01-20 04:54:00,0.5157633766291951
2018-01-20 04:57:00,0.5350979690661575
2018-01-20 05:00:00,0.6981041252209366
2018-01-20 05:03:00,0.5533204956259397
2018-01-20 05:06:00,0.49309435108710886
2018-01-20 05:09:00,0.609203637237897
2018-01-20 05:12:00,0.5642524817043864
2018-01-20 05:15:00,0.7467291589386491
2018-01-20 05:18:00,0.549111745085213
2018-01-20 05:21:00,0.6378435321705638
2018-01-20 05:24:00,0.6067495056455527
2018-01-20 05:27:00,0.6080920068473574
2018-01-20 05:30:00,0.5830612851007686
2018-01-20 05:33:00,0.6766190599373658
2018-01-20 05:36:00,0.6476991699872201
2018-01-20 05:39:00,0.6077338714316056
2018-01-20 05:42:00,0.562034965909902
2018-01-20 05:45:00,0.6359418329033133
2018-01-20 05:48:00,0.6135383539139525
2018-01-20 05:51:00,0.6210467326770299
2018-01-20 05:54:00,0.5716847130208293
2018-01-20 05:57:00,0.661507905091014
2018-01-20 06:00:00,0.5678313173228275
2018-01-20 06:03:00,0.6806725576727786
2018-01-20 06:06:00,0.7219835940597363
2018-01-20 06:09:00,0.516098078444486
2018-01-20 06:12:00,0.7182266542512821
2018-01-20 06:15:00,0.6191813955259704
2018-01-20 06:18:00,0.5587876988772678
2018-01-20 06:21:00,0.6294648414327639
2018-01-20 06:24:00,0.6094135951578892
2018-01-20 06:27:00,0.5706114943920966
2018-01-20 06:30:00,0.6022135284561614
2018-01-20 06:33:00,0.6122039324150705
2018-01-20 06:36:00,0.6622654233009371
2018-01-20 06:39:00,0.5086953488695372
2018-01-20 06:42:00,0.5849802254514884
2018-01-20 06:45:00,0.7036083092603462
2018-01-20 06:48:00,0.5748550767520442
2018-01-20 06:51:00,0.61476798945273
2018-01-20 06:54:00,0.68871063290851
2018-01-20 06:57:00,0.5837325230118608
2018-01-20 07:00:00,0.6914421865032523
2018-01-20 07:03:00,0.6572660762746523
2018-01-20 07:06:00,0.5784681115320609
2018-01-20 07:09:00,0.6757695227689737
2018-01-20 07:12:00,0.6470731079068628
2018-01-20 07:15:00,0.7550764995216355
2018-01-20 07:18:00,0.7557837208091769
2018-01-20 07:21:00,0.592745436881728
2018-01-20 07:24:00,0.7525542965814793
2018-01-20 07:27:00,0.6519283627912955
2018-01-20 07:30:00,0.7179515618185519
2018-01-20 07:33:00,0.7592992262478901
2018-01-20 07:36:00,0.6607081398894934
2018-01-20 07:39:00,0.6016976711920279
2018-01-20 07:42:00,0.6069659846715467
2018-01-20 07:45:00,0.7014230887392614
2018-01-20 07:48:00,0.616628339380668
2018-01-20 07:51:00,0.5767449160781553
2018-01-20 07:54:00,0.6300613965382809
2018-01-20 07:57:00,0.5737330689369173
2018-01-20 08:00:00,0.6221739282776184
2018-01-20 08:03:00,0.5246135472761466
2018-01-20 08:06:00,0.661453685942945
2018-01-20 08:09:00,0.5351395072124205
2018-01-20 08:12:00,0.602383407918694
2018-01-20 08:15:00,0.5651167242382371
2018-01-20 08:18:00,0.5323577059483569
2018-01-20 08:21:00,0.568357630943467
2018-01-20 08:24:00,0.5015249137647402
2018-01-20 08:27:00,0.566561254177941
2018-01-20 08:30:00,0.5949474261535102
2018-01-20 08:33:00,0.5611911777378396
2018-01-20 08:36:00,0.39885783092984184
2018-01-20 08:39:00,0.48335931197402715
2018-01-20 08:42:00,0.536106643316657
2018-01-20 08:45:00,0.47488246360853736
2018-01-20 08:48:00,0.5032586351392183
2018-01-20 08:51:00,0.3968877673937641
2018-01-20 08:54:00,0.456340452933091
2018-01-20 08:57:00,0.3740329919374972
2018-01-20 09:00:00,0.4071994751922716
2018-01-20 09:03:00,0.4309040352187594
2018-01-20 09:06:00,0.28913478548696503
2018-01-20 09:09:00,0.29847861684277177
2018-01-20 09:12:00,0.26183357387947126
2018-01-20 09:15:00,0.2975588986311095
2018-01-20 09:18:00,0.21035206659547612
2018-01-20 09:21:00,0.18229312651106966
2018-01-20 09:24:00,0.22979917260715865
2018-01-20 09:27:00,0.1620057919079727
2018-01-20 09:30:00,0.21959100140770715
2018-01-20 09:33:00,0.25777268576860024
2018-01-20 09:36:00,0.13775413431682182
2018-01-20 09:39:00,0.08798756364552673
2018-01-20 09:42:00,0.06310448363450405
2018-01-20 09:45:00,0.16980042780949134
2018-01-20 09:48:00,0.07700455675501416
2018-01-20 09:51:00,0.12471233011450522
2018-01-20 09:54:00,0.06294411974755576
2018-01-20 09:57:00,-0.04231160328254191
2018-01-20 10:00:00,-0.07624997383533128
2018-01-20 10:03:00,-0.06680930125116902
2018-01-20 10:06:00,-0.09588140664936873
2018-01-20 10:09:00,-0.02039666355017289
2018-01-20 10:12:00,-0.013840961943401453
2018-01-20 10:15:00,-0.07445724109226148
2018-01-20 10:18:00,-0.06982152779033868
2018-01-20 10:21:00,-0.056084536986134026
2018-01-20 10:24:00,0.013036210854750152
2018-01-20 10:27:00,-0.11450116677895039
2018-01-20 10:30:00,-0.13621236030559203
2018-01-20 10:33:00,0.028734805527733442
2018-01-20 10:36:00,-0.07315582313788127
2018-01-20 10:39:00,-0.13733123707697814
2018-01-20 10:42:00,-0.11532456814279612
2018-01-20 10:45:00,-0.11088817626631453
2018-01-20 10:48:00,-0.08712326430890016
2018-01-20 10:51:00,-0.06355128880579741
2018-01-20 10:54:00,-0.034078161520994854
2018-01-20 10:57:00,-0.05145001911029112
2018-01-20 11:00:00,-0.14491969424506124
2018-01-20 11:03:00,-0.10850000050464814
2018-01-20 11:06:00,-0.04932922184451627
2018-01-20 11:09:00,-0.029797067748745576
2018-01-20 11:12:00,-0.1319769402464317
2018-01-20 11:15:00,-0.12362193832461799
2018-01-20 11:18:00,-0.23453784320611248
2018-01-20 11:21:00,-0.06808221377946211
2018-01-20 11:24:00,0.08360787121620206
2018-01-20 11:27:00,-0.14507569883846827
2018-01-20 11:30:00,-0.21499743634683455
2018-01-20 11:33:00,-0.02706020738520465
2018-01-20 11:36:00,-0.10556746852319066
2018-01-20 11:39:00,-0.126935894784026
2018-01-20 11:42:00,-0.11298157691749111
2018-01-20 11:45:00,-0.18033378938508804
2018-01-20 11:48:00,-0.1385802775070033
2018-01-20 11:51:00,-0.2497063310203771
2018-01-20 11:54:00,-0.10302636143160271
2018-01-20 11:57:00,-0.18280370176194083
2018-01-20 12:00:00,-0.2271938260609545
2018-01-20 12:03:00,-0.24630407939355337
2018-01-20 12:06:00,-0.22693754306692426
2018-01-20 12:09:00,-0.20209032011752015
2018-01-20 12:12:00,-0.21449342934516835
2018-01-20 12:15:00,-0.30485377263096325
2018-01-20 12:18:00,-0.2886014797975349
2018-01-20 12:21:00,-0.36523312445996226
2018-01-20 12:24:00,-0.2514935229622779
2018-01-20 12:27:00,-0.2510674620944542
2018-01-20 12:30:00,-0.24418979159077026
2018-01-20 12:33:00,-0.26185149052048473
2018-01-20 12:36:00,-0.4012613485112979
2018-01-20 12:39:00,-0.39353164674867
2018-01-20 12:42:00,-0.42261160948550014
2018-01-20 12:45:00,-0.41907864369255776
2018-01-20 12:48:00,-0.34882477553804847
2018-01-20 12:51:00,-0.44093454180904246
2018-01-20 12:54:00,-0.5379772442690864
2018-01-20 12:57:00,-0.45326076930359704
2018-01-20 13:00:00,-0.452440100820354
2018-01-20 13:03:00,-0.4189161641361352
2018-01-20 13:06:00,-0.3720616149041689
2018-01-20 13:09:00,-0.46978004290753006
2018-01-20 13:12:00,-0.42073642457290816
2018-01-20 13:15:00,-0.43621499125856644
2018-01-20 13:18:00,-0.3689291332685798
2018-01-20 13:21:00,-0.3732272404405421
2018-01-20 13:24:00,-0.35695677852930885
2018-01-20 13:27:00,-0.43025908487140896
2018-01-20 13:30:00,-0.45448000166908287
2018-01-20 13:33:00,-0.36185959204834717
2018-01-20 13:36:00,-0.45703914209144614
2018-01-20 13:39:00,-0.4463691071687208
2018-01-20 13:42:00,-0.3968156231159128
2018-01-20 13:45:00,-0.3337027516994908
2018-01-20 13:48:00,-0.3364512459391449
2018-01-20 13:51:00,-0.43893122524212913
2018-01-20 13:54:00,-0.4496801582571379
2018-01-20 13:57:00,-0.4606022009030539
2018-01-20 14:00:00,-0.3460322587362725
2018-01-20 14:03:00,-0.4253792523171569
2018-01-20 14:06:00,-0.41926424400190854
2018-01-20 14:09:00,-0.3526251382597252
2018-01-20 14:12:00,-0.5089467451034579
2018-01-20 14:15:00,-0.40263633403526455
2018-01-20 14:18:00,-0.5323103701286982
2018-01-20 14:21:00,-0.49420574979046705
2018-01-20 14:24:00,-0.5127341780418533
2018-01-20 14:27:00,-0.3847308819790669
2018-01-20 14:30:00,-0.4083572233261634
2018-01-20 14:33:00,-0.5088621185861939
2018-01-20 14:36:00,-0.36830305804016916
2018-01-20 14:39:00,-0.4283411860834576
2018-01-20 14:42:00,-0.6044187526209726
2018-01-20 14:45:00,-0.39314433841661867
2018-01-20 14:48:00,-0.5548266671810893
2018-01-20 14:51:00,-0.5432852637828773
2018-01-20 14:54:00,-0.38917905671667086
2018-01-20 14:57:00,-0.5106448487553052
2018-01-20 15:00:00,-0.4379777682602821
2018-01-20 15:03:00,-0.3484494450639204
2018-01-20 15:06:00,-0.45928178837226596
2018-01-20 15:09:00,-0.4459841433815086
2018-01-20 15:12:00,-0.4300028568370067
2018-01-20 15:15:00,-0.46316820513919765
2018-01-20 15:18:00,-0.3749551761519001
2018-01-20 15:21:00,-0.4360866985773555
2018-01-20 15:24:00,-0.49061680172576416
2018-01-20 15:27:00,-0.45103697650489494
2018-01-20 15:30:00,-0.5777548627103783
2018-01-20 15:33:00,-0.4732966000040051
2018-01-20 15:36:00,-0.5755782542962038
2018-01-20 15:39:00,-0.347673302297153
2018-01-20 15:42:00,-0.5791721632226086
2018-01-20 15:45:00,-0.4493480555107112
2018-01-20 15:48:00,-0.4147063444782475
2018-01-20 15:51:00,-0.4309589660583697
2018-01-20 15:54:00,-0.5444093412623943
2018-01-20 15:57:00,-0.4201316073437056
2018-01-20 16:00:00,-0.35356461099729586
2018-01-20 16:03:00,-0.48982098675833186
2018-01-20 16:06:00,-0.5116492095639842
2018-01-20 16:09:00,-0.4534607790994869
2018-01-20 16:12:00,-0.3656899002695013
2018-01-20 16:15:00,-0.5027794041063203
2018-01-20 16:18:00,-0.5049750743181107
2018-01-20 16:21:00,-0.3068129219024627
2018-01-20 16:24:00,-0.41763968435986953
2018-01-20 16:27:00,-0.5552306061299532
2018-01-20 16:30:00,-0.42983069499405246
2018-01-20 16:33:00,-0.43391852921507734
2018-01-20 16:36:00,-0.4561477938725602
2018-01-20 16:39:00,-0.32172708873497413
2018-01-20 16:42:00,-0.380133936437403
2018-01-20 16:45:00,-0.46477890654563225
2018-01-20 16:48:00,-0.4010107171799291
2018-01-20 16:51:00,-0.36249120860821904
2018-01-20 16:54:00,-0.34514077593524917
2018-01-20 16:57:00,-0.4188328115392892
2018-01-20 17:00:00,-0.25688483823881825
2018-01-20 17:03:00,-0.22864042733078804
2018-01-20 17:06:00,-0.47742854298957127
2018-01-20 17:09:00,-0.323348147217132
2018-01-20 17:12:00,-0.3367097705622655
2018-01-20 17:15:00,-0.3284435653782225
2018-01-20 17:18:00,-0.3187919847629246
2018-01-20 17:21:00,-0.2908339147049901
2018-01-20 17:24:00,-0.25771442803977607
2018-01-20 17:27:00,-0.24557010112999933
2018-01-20 17:30:00,-0.1969788176100451
2018-01-20 17:33:00,-0.27485222939407095
2018-01-20 17:36:00,-0.2650710252052022
2018-01-20 17:39:00,-0.29783444958530936
2018-01-20 17:42:00,-0.23969441350806164
2018-01-20 17:45:00,-0.24501824420792673
2018-01-20 17:48:00,-0.14780393390418567
2018-01-20 17:51:00,-0.20806026362453167
2018-01-20 17:54:00,-0.13918100466116812
2018-01-20 17:57:00,-0.1561158706311403
2018-01-20 18:00:00,-0.12478687519489995
2018-01-20 18:03:00,-0.05486955729043075
2018-01-20 18:06:00,-0.10116514735682358
2018-01-20 18:09:00,-0.200697183799889
2018-01-20 18:12:00,-0.15273359861049585
2018-01-20 18:15:00,-0.10253685066015805
2018-01-20 18:18:00,-0.1606478925335182
2018-01-20 18:21:00,-0.1253551153475314
2018-01-20 18:24:00,-0.05819686045595063
2018-01-20 18:27:00,-0.0431321237681459
2018-01-20 18:30:00,-0.061873488720607384
2018-01-20 18:33:00,-0.035811696910741375
2018-01-20 18:36:00,-0.10671736587664782
2018-01-20 18:39:00,-0.06071767764603919
2018-01-20 18:42:00,-0.02098342124224928
2018-01-20 18:45:00,-0.09466761012566849
2018-01-20 18:48:00,-0.011570933021346264
2018-01-20 18:51:00,-0.04298000133348978
2018-01-20 18:54:00,-0.02088584244535241
2018-01-20 18:57:00,
2018-01-20 19:00:00,
2018-01-20 19:03:00,0.016093569487509285
2018-01-20 19:06:00,-0.0005934235277891275
2018-01-20 19:09:00,0.04423784785439011
2018-01-20 19:12:00,0.006748709107398554
2018-01-20 19:15:00,0.03245062402561416
2018-01-20 19:18:00,-0.014001036587558247
2018-01-20 19:21:00,0.056988366966379544
2018-01-20 19:24:00,-0.04222604699242538
2018-01-20 19:27:00,0.018720488773567467
2018-01-20 19:30:00,-0.009933707618813514
2018-01-20 19:33:00,0.09696371720355046
2018-01-20 19:36:00,0.02924597399726281
2018-01-20 19:39:00,0.1496667586486069
2018-01-20 19:42:00,0.003999604496982556
2018-01-20 19:45:00,0.008993025622203277
2018-01-20 19:48:00,0.0378569147478629
2018-01-20 19:51:00,0.07414801674417504
2018-01-20 19:54:00,0.014412290683083029
2018-01-20 19:57:00,0.07036929708272055
2018-01-20 20:00:00,0.09906081006022305
2018-01-20 20:03:00,0.09608118848967706
2018-01-20 20:06:00,0.027767962503048693
2018-01-20 20:09:00,0.03936452929877987
2018-01-20 20:12:00,0.11400375298308063
2018-01-20 20:15:00,-0.005540552714421665
2018-01-20 20:18:00,0.07110974529297209
2018-01-20 20:21:00,-0.009979007534525408
2018-01-20 20:24:00,0.12316443605755012
2018-01-20 20:27:00,0.06373167754378528
2018-01-20 20:30:00,0.08858150941694021
2018-01-20 20:33:00,0.1218548438215521
2018-01-20 20:36:00,0.09312895618256789
2018-01-20 20:39:00,0.18125340759769415
2018-01-20 20:42:00,0.10564305214137448
2018-01-20 20:45:00,0.18586256363818165
2018-01-20 20:48:00,0.04176355865814685
2018-01-20 20:51:00,0.0971146708852757
2018-01-20 20:54:00,0.11869847706873315
2018-01-20 20:57:00,0.23109914655969988
2018-01-20 21:00:00,0.09560044285439062
2018-01-20 21:03:00,0.1116712157226516
2018-01-20 21:06:00,0.21805840423400014
2018-01-20 21:09:00,0.16630980579094512
2018-01-20 21:12:00,0.22191225757848088
2018-01-20 21:15:00,0.2327717892757164
2018-01-20 21:18:00,0.138427760700381
2018-01-20 21:21:00,0.2968989927267103
2018-01-20 21:24:00,0.205860274880024
2018-01-20 21:27:00,0.13702329134946467
2018-01-20 21:30:00,0.26558850226996356
2018-01-20 21:33:00,0.24778601017447954
2018-01-20 21:36:00,0.22762858562265365
2018-01-20 21:39:00,0.21390721164749493
2018-01-20 21:42:00,0.2386945670963314
2018-01-20 21:45:00,0.17699425811503033
2018-01-20 21:48:00,0.12544029455483496
2018-01-20 21:51:00,0.16807291198119856
2018-01-20 21:54:00,0.2365001631202972
2018-01-20 21:57:00,0.11497356544822424
2018-01-20 22:00:00,0.18902447495202068
2018-01-20 22:03:00,0.21070023892951895
2018-01-20 22:06:00,0.23918308526407372
2018-01-20 22:09:00,0.22359526183635126
2018-01-20 22:12:00,0.17293779736928627
2018-01-20 22:15:00,0.2798074154605388
2018-01-20 22:18:00,0.16150226689512692
2018-01-20 22:21:00,0.23477492795569788
2018-01-20 22:24:00,0.16884695937318384
2018-01-20 22:27:00,0.13856715954278798
2018-01-20 22:30:00,0.15940191048383667
2018-01-20 22:33:00,0.14071133202298824
2018-01-20 22:36:00,0.24974033268057383
2018-01-20 22:39:00,0.19513824880056063
2018-01-20 22:42:00,0.2510400754266584
2018-01-20 22:45:00,0.1444040830464246
2018-01-20 22:48:00,0.17944879639998135
2018-01-20 22:51:00,0.18563196967141948
2018-01-20 22:54:00,0.2431758313333603
2018-01-20 22:57:00,0.17520805338659784
2018-01-20 23:00:00,0.16029520568156386
2018-01-20 23:03:00,0.1510425961324131
2018-01-20 23:06:00,0.2344886968290325
2018-01-20 23:09:00,0.2700845064690611
2018-01-20 23:12:00,0.2683423563692031
2018-01-20 23:15:00,0.3660730371683485
2018-01-20 23:18:00,0.29110894440958646
2018-01-20 23:21:00,0.23898822361633165
2018-01-20 23:24:00,0.3183253396983332
2018-01-20 23:27:00,0.24211280338050756
2018-01-20 23:30:00,0.2500027416326134
2018-01-20 23:33:00,0.21872511166469621
2018-01-20 23:36:00,0.22750319946101172
2018-01-20 23:39:00,0.20169984109634242
2018-01-20 23:42:00,0.10834890868466118
2018-01-20 23:45:00,0.1797878140779403
2018-01-20 23:48:00,0.20887105125331118
2018-01-20 23:51:00,0.1830187868700932
2018-01-20 23:54:00,0.09905370797019941
2018-01-20 23:57:00,0.19358614076588765
2018-01-21 00:00:00,0.22359199496014526
2018-01-21 00:03:00,0.3291110969461215
2018-01-21 00:06:00,0.17148279969052282
2018-01-21 00:09:00,0.17466653176796854
2018-01-21 00:12:00,0.2978295157398634
2018-01-21 00:15:00,0.2768298290453117
2018-01-21 00:18:00,0.2805579437947472
2018-01-21 00:21:00,0.27235697315893503
2018-01-21 00:24:00,0.22314149108711945
2018-01-21 00:27:00,0.3000667445404588
2018-01-21 00:30:00,0.32925245854670493
2018-01-21 00:33:00,0.3653536790965859
2018-01-21 00:36:00,0.31387012554716875
2018-01-21 00:39:00,0.31277135649736465
2018-01-21 00:42:00,0.3036143020576674
2018-01-21 00:45:00,0.3850840346952964
2018-01-21 00:48:00,0.33313242190502024
2018-01-21 00:51:00,0.3647364490760765
2018-01-21 00:54:00,0.247475287050122
2018-01-21 00:57:00,0.3891907460707671
2018-01-21 01:00:00,0.301128795463967
2018-01-21 01:03:00,0.4143261208523654
2018-01-21 01:06:00,0.30987621303665946
2018-01-21 01:09:00,0.3775673170018763
2018-01-21 01:12:00,0.3276827562530116
2018-01-21 01:15:00,0.35082517787412826
2018-01-21 01:18:00,0.3508649859084585
2018-01-21 01:21:00,0.414613711028494
2018-01-21 01:24:00,0.4045176011378544
2018-01-21 01:27:00,0.34835599179308474
2018-01-21 01:30:00,0.3853506078680198
2018-01-21 01:33:00,0.2994132874064235
2018-01-21 01:36:00,0.3941779766539639
2018-01-21 01:39:00,0.3621495785528168
2018-01-21 01:42:00,0.3092537828478612
2018-01-21 01:45:00,0.3619868555455241
2018-01-21 01:48:00,0.5100086097140775
2018-01-21 01:51:00,0.4027016799424814
2018-01-21 01:54:00,0.4435857445989768
2018-01-21 01:57:00,0.46690959107269236
2018-01-21 02:00:00,0.43550093359124276
2018-01-21 02:03:00,0.36280164879934773
2018-01-21 02:06:00,0.28247357840649556
2018-01-21 02:09:00,0.3750024398043479
2018-01-21 02:12:00,0.37332506542310284
2018-01-21 02:15:00,0.3850240651962622
2018-01-21 02:18:00,0.3899229920689322
2018-01-21 02:21:00,0.5585053379722922
2018-01-21 02:24:00,0.3830957669865711
2018-01-21 02:27:00,0.45342804227885836
2018-01-21 02:30:00,0.4148624253561479
2018-01-21 02:33:00,0.35701580054808346
2018-01-21 02:36:00,0.3840389816723473
2018-01-21 02:39:00,0.47736391425991087
2018-01-21 02:42:00,0.44164402308535955
2018-01-21 02:45:00,0.2833084302757243
2018-01-21 02:48:00,0.5143013422161857
2018-01-21 02:51:00,0.3840254506123415
2018-01-21 02:54:00,0.2990110781266253
2018-01-21 02:57:00,0.30819244530118795
2018-01-21 03:00:00,0.398772534536306
2018-01-21 03:03:00,0.3894981654040066
2018-01-21 03:06:00,0.3630455940102024
2018-01-21 03:09:00,0.40291006159060316
2018-01-21 03:12:00,0.32980944966169545
2018-01-21 03:15:00,0.41632302415831646
2018-01-21 03:18:00,0.42658255794185607
2018-01-21 03:21:00,0.45374767976136354
2018-01-21 03:24:00,0.3195210138667335
2018-01-21 03:27:00,0.386243374155697
2018-01-21 03:30:00,0.3189893096173364
2018-01-21 03:33:00,0.37432384118710615
2018-01-21 03:36:00,0.3377480525879264
2018-01-21 03:39:00,0.44494317244584636
2018-01-21 03:42:00,0.3870738090587338
2018-01-21 03:45:00,0.46880035171574264
2018-01-21 03:48:00,0.3480903637765209
2018-01-21 03:51:00,0.4456944613565952
2018-01-21 03:54:00,0.35495104367441854
2018-01-21 03:57:00,0.2990884334470252
2018-01-21 04:00:00,0.38344379117785365
2018-01-21 04:03:00,0.37982763803557873
2018-01-21 04:06:00,0.3337676878667253
2018-01-21 04:09:00,0.3388907308025182
2018-01-21 04:12:00,0.3066013992481089
2018-01-21 04:15:00,0.32134708239595966
2018-01-21 04:18:00,0.27925566544035973
2018-01-21 04:21:00,0.25547422106677686
2018-01-21 04:24:00,0.3476322900690434
2018-01-21 04:27:00,0.22938913489093693
2018-01-21 04:30:00,0.2804183518536547
2018-01-21 04:33:00,0.28610879905357933
2018-01-21 04:36:00,0.19997473594605708
2018-01-21 04:39:00,0.2698089292960617
2018-01-21 04:42:00,0.2873558767368536
2018-01-21 04:45:00,0.29154671088201667
2018-01-21 04:48:00,0.3538707853411438
2018-01-21 04:51:00,0.303126105222816
2018-01-21 04:54:00,0.295699701013973
2018-01-21 04:57:00,0.3878124579358655
2018-01-21 05:00:00,0.3107650484856208
2018-01-21 05:03:00,0.40118968619151474
2018-01-21 05:06:00,0.27646909296737476
2018-01-21 05:09:00,0.41028809316048864
2018-01-21 05:12:00,0.2868270908778072
2018-01-21 05:15:00,0.3929478239502373
2018-01-21 05:18:00,0.342708140807531
2018-01-21 05:21:00,0.28598633875623136
2018-01-21 05:24:00,0.3215594631948875
2018-01-21 05:27:00,0.25827335274954066
2018-01-21 05:30:00,0.34499945923141695
2018-01-21 05:33:00,0.39941303566564557
2018-01-21 05:36:00,0.3370172699733871
2018-01-21 05:39:00,0.44012568297154075
2018-01-21 05:42:00,0.36454371498439286
2018-01-21 05:45:00,0.44170677610838993
2018-01-21 05:48:00,0.4403972441338624
2018-01-21 05:51:00,0.47389290820473207
2018-01-21 05:54:00,0.4034484829004441
2018-01-21 05:57:00,0.4017274058306839
2018-01-21 06:00:00,0.4019156916164093
2018-01-21 06:03:00,0.4292351203127396
2018-01-21 06:06:00,0.4629396305602995
2018-01-21 06:09:00,0.4584686330096588
2018-01-21 06:12:00,0.5081156341153701
2018-01-21 06:15:00,0.4921859226152492
2018-01-21 06:18:00,0.4550436011600709
2018-01-21 06:21:00,0.497509612002375
2018-01-21 06:24:00,0.49999196682085767
2018-01-21 06:27:00,0.49876991602150156
2018-01-21 06:30:00,0.40944360500623134
2018-01-21 06:33:00,0.46622394111153653
2018-01-21 06:36:00,0.4817267870337787
2018-01-21 06:39:00,0.44445326175468836
2018-01-21 06:42:00,0.3971311794658732
2018-01-21 06:45:00,0.4898745829856921
2018-01-21 06:48:00,0.4301108614611735
2018-01-21 06:51:00,0.4709001450461301
2018-01-21 06:54:00,0.4319361216834636
2018-01-21 06:57:00,0.5100811738334983
2018-01-21 07:00:00,0.4402726424028742
2018-01-21 07:03:00,0.4849076290877292
2018-01-21 07:06:00,0.4830105617481877
2018-01-21 07:09:00,0.5310454724855163
2018-01-21 07:12:00,0.44521188069666096
2018-01-21 07:15:00,0.5192313348587163
2018-01-21 07:18:00,0.4796598295149579
2018-01-21 07:21:00,0.46723029264609295
2018-01-21 07:24:00,0.4816628373542926
2018-01-21 07:27:00,0.47525493407175645
2018-01-21 07:30:00,0.520484380606149
2018-01-21 07:33:00,0.48538502353829927
2018-01-21 07:36:00,0.5432946533789504
2018-01-21 07:39:00,0.4629137201977187
2018-01-21 07:42:00,0.5559704775116074
2018-01-21 07:45:00,0.4895812622707467
2018-01-21 07:48:00,0.4712605460894679
2018-01-21 07:51:00,0.4526296902092213
2018-01-21 07:54:00,0.4263418566015389
2018-01-21 07:57:00,0.5147291285648521
2018-01-21 08:00:00,0.48515640284341544
2018-01-21 08:03:00,0.3824496658112366
2018-01-21 08:06:00,0.461383818238005
2018-01-21 08:09:00,0.47227721662460453
2018-01-21 08:12:00,0.41928690363579335
2018-01-21 08:15:00,0.35382625212179164
2018-01-21 08:18:00,0.48902960332935663
2018-01-21 08:21:00,0.420049497069499
2018-01-21 08:24:00,0.3631807235792053
2018-01-21 08:27:00,0.3143744107766224
2018-01-21 08:30:00,0.45059546009053975
2018-01-21 08:33:00,0.4807348317965534
2018-01-21 08:36:00,0.3609894045345641
2018-01-21 08:39:00,0.3662728060700715
2018-01-21 08:42:00,0.4035069117953185
2018-01-21 08:45:00,0.4259928668212183
2018-01-21 08:48:00,0.4152914825116909
2018-01-21 08:51:00,0.3679284821398596
2018-01-21 08:54:00,0.37735531343474804
2018-01-21 08:57:00,0.39985449540932905
2018-01-21 09:00:00,0.3867679153129302
2018-01-21 09:03:00,0.2933975507701234
2018-01-21 09:06:00,0.31250607506626693
2018-01-21 09:09:00,0.3516483331897575
2018-01-21 09:12:00,0.31935535926459124
2018-01-21 09:15:00,0.30549532131857404
2018-01-21 09:18:00,0.3038681949097395
2018-01-21 09:21:00,0.17780145668444902
2018-01-21 09:24:00,0.1717869210967251
2018-01-21 09:27:00,0.3388707153580981
2018-01-21 09:30:00,0.1844370046566155
2018-01-21 09:33:00,0.122940563828422
2018-01-21 09:36:00,0.13111606307739976
2018-01-21 09:39:00,0.17698236674016243
2018-01-21 09:42:00,0.08256923770886715
2018-01-21 09:45:00,0.09238098554044427
2018-01-21 09:48:00,0.16273786458572204
2018-01-21 09:51:00,0.2213981475705964
2018-01-21 09:54:00,0.23032461832752915
2018-01-21 09:57:00,0.0011019540962706742
2018-01-21 10:00:00,0.07909298758886507
2018-01-21 10:03:00,0.0669084960088071
2018-01-21 10:06:00,0.0587694264048082
2018-01-21 10:09:00,0.047623832426211266
2018-01-21 10:12:00,0.10430541841782315
2018-01-21 10:15:00,0.05404842931915255
2018-01-21 10:18:00,-0.03859116566275134
2018-01-21 10:21:00,-0.04090964581928347
2018-01-21 10:24:00,-0.04025989839522026
2018-01-21 10:27:00,-0.06531045812675984
2018-01-21 10:30:00,0.0013640580463629703
2018-01-21 10:33:00,-0.16359481391947384
2018-01-21 10:36:00,-0.03438598663171888
2018-01-21 10:39:00,-0.0266052472213687
2018-01-21 10:42:00,-0.09824958299515174
2018-01-21 10:45:00,-0.1791399206256301
2018-01-21 10:48:00,-0.12139092927748152
2018-01-21 10:51:00,-0.128784294244781
2018-01-21 10:54:00,-0.12128944853964185
2018-01-21 10:57:00,-0.08029226539980527
2018-01-21 11:00:00,-0.1167833110972083
2018-01-21 11:03:00,-0.17879806761391137
2018-01-21 11:06:00,-0.13509827965765453
2018-01-21 11:09:00,-0.13152901504997772
2018-01-21 11:12:00,-0.012477542079636805
2018-01-21 11:15:00,0.007352069980242959
2018-01-21 11:18:00,-0.2760230626676048
2018-01-21 11:21:00,-0.10782832523170782
2018-01-21 11:24:00,-0.14268269406227319
2018-01-21 11:27:00,-0.21498881831979588
2018-01-21 11:30:00,-0.08661484494882643
2018-01-21 11:33:00,-0.06022427820028042
2018-01-21 11:36:00,-0.14564514143427232
2018-01-21 11:39:00,-0.22590739243838698
2018-01-21 11:42:00,-0.18902250550576127
2018-01-21 11:45:00,-0.20492085545424743
2018-01-21 11:48:00,-0.2518910023291028
2018-01-21 11:51:00,-0.2118772889963907
2018-01-21 11:54:00,-0.2088344307612715
2018-01-21 11:57:00,-0.18456434606912353
2018-01-21 12:00:00,-0.20678628864988013
2018-01-21 12:03:00,-0.2038846697464578
2018-01-21 12:06:00,-0.36300186526847256
2018-01-21 12:09:00,-0.3274184486606373
2018-01-21 12:12:00,-0.25298632704101465
2018-01-21 12:15:00,-0.2676201530704816
2018-01-21 12:18:00,-0.23771749933268893
2018-01-21 12:21:00,-0.27091865039488994
2018-01-21 12:24:00,-0.33199076374995684
2018-01-21 12:27:00,-0.29755151465428753
2018-01-21 12:30:00,-0.443217746107166
2018-01-21 12:33:00,-0.3059217205406526
2018-01-21 12:36:00,-0.37663228343706123
2018-01-21 12:39:00,-0.28793938132992025
2018-01-21 12:42:00,-0.2275934626726439
2018-01-21 12:45:00,-0.2720046231994502
2018-01-21 12:48:00,-0.3657269861018335
2018-01-21 12:51:00,-0.36692016316123954
2018-01-21 12:54:00,-0.3806273496942367
2018-01-21 12:57:00,-0.36670722684982593
2018-01-21 13:00:00,-0.42663290793069564
2018-01-21 13:03:00,-0.33576927019521463
2018-01-21 13:06:00,-0.3795492373424736
2018-01-21 13:09:00,-0.39228636655576565
2018-01-21 13:12:00,-0.44477477310181257
2018-01-21 13:15:00,-0.34788187833601114
2018-01-21 13:18:00,-0.3519098224969639
2018-01-21 13:21:00,-0.2978874890865768
2018-01-21 13:24:00,-0.2979053248153605
2018-01-21 13:27:00,-0.3973791816665653
2018-01-21 13:30:00,-0.4492688579284163
2018-01-21 13:33:00,-0.4106184993914326
2018-01-21 13:36:00,-0.33469869970821264
2018-01-21 13:39:00,-0.40627052377755035
2018-01-21 13:42:00,-0.3971401732906088
2018-01-21 13:45:00,-0.28383357342471527
2018-01-21 13:48:00,-0.37464314808960353
2018-01-21 13:51:00,-0.4436081986866611
2018-01-21 13:54:00,-0.3655752989031953
2018-01-21 13:57:00,-0.40381403769339386
2018-01-21 14:00:00,-0.5042730007634191
2018-01-21 14:03:00,-0.4572204452901474
2018-01-21 14:06:00,-0.40697614367479673
2018-01-21 14:09:00,-0.2955451755204308
2018-01-21 14:12:00,-0.3898519708506569
2018-01-21 14:15:00,-0.4360338264319239
2018-01-21 14:18:00,-0.28929615286546095
2018-01-21 14:21:00,-0.40811446521223615
2018-01-21 14:24:00,-0.43976214648756695
2018-01-21 14:27:00,-0.33387994185943626
2018-01-21 14:30:00,-0.3441991650458931
2018-01-21 14:33:00,-0.4702331769302077
2018-01-21 14:36:00,-0.31286648093310987
2018-01-21 14:39:00,-0.19821755075531655
2018-01-21 14:42:00,-0.3317897798137892
2018-01-21 14:45:00,-0.17472321018476578
2018-01-21 14:48:00,-0.23238107810271913
2018-01-21 14:51:00,-0.25560143891704
2018-01-21 14:54:00,-0.26056313971304235
2018-01-21 14:57:00,-0.1835226727864665
2018-01-21 15:00:00,-0.21129980703796036
2018-01-21 15:03:00,-0.3328290631101254
2018-01-21 15:06:00,-0.34938067319245647
2018-01-21 15:09:00,-0.2592234006407921
2018-01-21 15:12:00,-0.33319296797077413
2018-01-21 15:15:00,-0.3236372702253334
2018-01-21 15:18:00,-0.38123825106094955
2018-01-21 15:21:00,-0.2981150473288494
2018-01-21 15:24:00,-0.40797171462281767
2018-01-21 15:27:00,-0.2598580802740571
2018-01-21 15:30:00,-0.36876257132018964
2018-01-21 15:33:00,-0.19612300089744394
2018-01-21 15:36:00,-0.23471120933959355
2018-01-21 15:39:00,-0.2639437541893699
2018-01-21 15:42:00,-0.21492213784091518
2018-01-21 15:45:00,-0.3443792768873095
2018-01-21 15:48:00,-0.4559201428457982
2018-01-21 15:51:00,-0.413526334497476
2018-01-21 15:54:00,-0.3872751896582258
2018-01-21 15:57:00,-0.3784304738722426
2018-01-21 16:00:00,-0.4216450423782021
2018-01-21 16:03:00,-0.47115216070085353
2018-01-21 16:06:00,-0.438743726706889
2018-01-21 16:09:00,-0.39555954179968467
2018-01-21 16:12:00,-0.4246883658778984
2018-01-21 16:15:00,-0.4740211746191676
2018-01-21 16:18:00,-0.27800680500206454
2018-01-21 16:21:00,-0.2807497087602542
2018-01-21 16:24:00,-0.4913497757584082
2018-01-21 16:27:00,-0.31557119878510775
2018-01-21 16:30:00,-0.5394565703731473
2018-01-21 16:33:00,-0.42535414502123103
2018-01-21 16:36:00,-0.46304857631338336
2018-01-21 16:39:00,-0.5437573586546591
2018-01-21 16:42:00,-0.3533667397047111
2018-01-21 16:45:00,-0.4700274747464732
2018-01-21 16:48:00,-0.4638197889534581
2018-01-21 16:51:00,-0.41492360531731265
2018-01-21 16:54:00,-0.4495405309685907
2018-01-21 16:57:00,-0.4212428000929549
2018-01-21 17:00:00,-0.4509102321396199
2018-01-21 17:03:00,-0.3840747286223518
2018-01-21 17:06:00,-0.4096328486858738
2018-01-21 17:09:00,-0.43400452346588736
2018-01-21 17:12:00,-0.33939720725294364
2018-01-21 17:15:00,-0.3791094427966186
2018-01-21 17:18:00,-0.2835389080418622
2018-01-21 17:21:00,-0.42246878253837394
2018-01-21 17:24:00,-0.2517810309700508
2018-01-21 17:27:00,-0.26249757877144475
2018-01-21 17:30:00,-0.27866435006990287
2018-01-21 17:33:00,-0.39571418238131173
2018-01-21 17:36:00,-0.3332052491321633
2018-01-21 17:39:00,-0.3348302446600542
2018-01-21 17:42:00,-0.29242256247448495
2018-01-21 17:45:00,-0.25304898893796235
2018-01-21 17:48:00,-0.3503989147685047
2018-01-21 17:51:00,-0.31674817949078715
2018-01-21 17:54:00,-0.36584457605198395
2018-01-21 17:57:00,-0.2795644167536011
2018-01-21 18:00:00,-0.3203802840919252
2018-01-21 18:03:00,-0.365268995159056
2018-01-21 18:06:00,-0.3285341487440405
2018-01-21 18:09:00,-0.3953633503604692
2018-01-21 18:12:00,-0.23725595808718936
2018-01-21 18:15:00,-0.26693164274843184
2018-01-21 18:18:00,-0.38591502126018895
2018-01-21 18:21:00,-0.17101343612705477
2018-01-21 18:24:00,-0.22161228449709824
2018-01-21 18:27:00,-0.24867554766132116
2018-01-21 18:30:00,-0.2206153362111536
2018-01-21 18:33:00,-0.15800090376171738
2018-01-21 18:36:00,-0.06943516379459425
2018-01-21 18:39:00,-0.02356764593906746
2018-01-21 18:42:00,-0.09727938155731408
2018-01-21 18:45:00,0.018943784403234076
2018-01-21 18:48:00,0.0352537542345317
2018-01-21 18:51:00,0.03631207032742623
2018-01-21 18:54:00,
2018-01-21 18:57:00,
2018-01-21 19:00:00,
2018-01-21 19:03:00,
2018-01-21 19:06:00,
2018-01-21 19:09:00,
2018-01-21 19:12:00,
2018-01-21 19:15:00,
2018-01-21 19:18:00,
2018-01-21 19:21:00,
2018-01-21 19:24:00,
2018-01-21 19:27:00,
2018-01-21 19:30:00,
2018-01-21 19:33:00,
2018-01-21 19:36:00,
2018-01-21 19:39:00,
2018-01-21 19:42:00,
2018-01-21 19:45:00,
2018-01-21 19:48:00,
2018-01-21 19:51:00,
2018-01-21 19:54:00,
2018-01-21 19:57:00,
2018-01-21 20:00:00,
2018-01-21 20:03:00,
2018-01-21 20:06:00,
2018-01-21 20:09:00,
2018-01-21 20:12:00,
2018-01-21 20:15:00,
2018-01-21 20:18:00,
2018-01-21 20:21:00,
2018-01-21 20:24:00,
2018-01-21 20:27:00,
2018-01-21 20:30:00,
2018-01-21 20:33:00,
2018-01-21 20:36:00,
2018-01-21 20:39:00,
2018-01-21 20:42:00,
2018-01-21 20:45:00,
2018-01-21 20:48:00,
2018-01-21 20:51:00,
2018-01-21 20:54:00,
2018-01-21 20:57:00,
2018-01-21 21:00:00,
2018-01-21 21:03:00,
2018-01-21 21:06:00,
2018-01-21 21:09:00,
2018-01-21 21:12:00,
2018-01-21 21:15:00,
2018-01-21 21:18:00,
2018-01-21 21:21:00,
2018-01-21 21:24:00,
2018-01-21 21:27:00,
2018-01-21 21:30:00,
2018-01-21 21:33:00,
2018-01-21 21:36:00,
2018-01-21 21:39:00,
2018-01-21 21:42:00,
2018-01-21 21:45:00,
2018-01-21 21:48:00,
2018-01-21 21:51:00,
2018-01-21 21:54:00,
2018-01-21 21:57:00,
2018-01-21 22:00:00,
2018-01-21 22:03:00,
2018-01-21 22:06:00,
2018-01-21 22:09:00,
2018-01-21 22:12:00,
2018-01-21 22:15:00,
2018-01-21 22:18:00,
2018-01-21 22:21:00,
2018-01-21 22:24:00,
2018-01-21 22:27:00,
2018-01-21 22:30:00,
2018-01-21 22:33:00,
2018-01-21 22:36:00,
2018-01-21 22:39:00,
2018-01-21 22:42:00,
2018-01-21 22:45:00,
2018-01-21 22:48:00,
2018-01-21 22:51:00,
2018-01-21 22:54:00,
2018-01-21 22:57:00,
2018-01-21 23:00:00,
2018-01-21 23:03:00,
2018-01-21 23:06:00,
2018-01-21 23:09:00,
2018-01-21 23:12:00,
2018-01-21 23:15:00,
2018-01-21 23:18:00,
2018-01-21 23:21:00,
2018-01-21 23:24:00,
2018-01-21 23:27:00,
2018-01-21 23:30:00,
2018-01-21 23:33:00,
2018-01-21 23:36:00,
2018-01-21 23:39:00,
2018-01-21 23:42:00,
2018-01-21 23:45:00,
2018-01-21 23:48:00,
2018-01-21 23:51:00,
2018-01-21 23:54:00,
2018-01-21 23:57:00,
2018-01-22 00:00:00,
2018-01-22 00:03:00,
2018-01-22 00:06:00,
2018-01-22 00:09:00,
2018-01-22 00:12:00,
2018-01-22 00:15:00,
2018-01-22 00:18:00,
2018-01-22 00:21:00,
2018-01-22 00:24:00,
2018-01-22 00:27:00,
2018-01-22 00:30:00,
2018-01-22 00:33:00,
2018-01-22 00:36:00,
2018-01-22 00:39:00,
2018-01-22 00:42:00,
2018-01-22 00:45:00,
2018-01-22 00:48:00,
2018-01-22 00:51:00,
2018-01-22 00:54:00,
2018-01-22 00:57:00,
2018-01-22 01:00:00,
2018-01-22 01:03:00,
2018-01-22 01:06:00,
2018-01-22 01:09:00,
2018-01-22 01:12:00,
2018-01-22 01:15:00,
2018-01-22 01:18:00,
2018-01-22 01:21:00,
2018-01-22 01:24:00,
2018-01-22 01:27:00,
2018-01-22 01:30:00,
2018-01-22 01:33:00,
2018-01-22 01:36:00,
2018-01-22 01:39:00,
2018-01-22 01:42:00,
2018-01-22 01:45:00,
2018-01-22 01:48:00,
2018-01-22 01:51:00,
2018-01-22 01:54:00,
2018-01-22 01:57:00,
2018-01-22 02:00:00,
2018-01-22 02:03:00,
2018-01-22 02:06:00,
2018-01-22 02:09:00,
2018-01-22 02:12:00,
2018-01-22 02:15:00,
2018-01-22 02:18:00,
2018-01-22 02:21:00,
2018-01-22 02:24:00,
2018-01-22 02:27:00,
2018-01-22 02:30:00,
2018-01-22 02:33:00,
2018-01-22 02:36:00,
2018-01-22 02:39:00,
2018-01-22 02:42:00,
2018-01-22 02:45:00,
2018-01-22 02:48:00,
2018-01-22 02:51:00,
2018-01-22 02:54:00,
2018-01-22 02:57:00,
2018-01-22 03:00:00,
2018-01-22 03:03:00,
2018-01-22 03:06:00,
2018-01-22 03:09:00,
2018-01-22 03:12:00,
2018-01-22 03:15:00,
2018-01-22 03:18:00,
2018-01-22 03:21:00,
2018-01-22 03:24:00,
2018-01-22 03:27:00,
2018-01-22 03:30:00,
2018-01-22 03:33:00,
2018-01-22 03:36:00,
2018-01-22 03:39:00,
2018-01-22 03:42:00,
2018-01-22 03:45:00,
2018-01-22 03:48:00,
2018-01-22 03:51:00,
2018-01-22 03:54:00,
2018-01-22 03:57:00,
2018-01-22 04:00:00,
2018-01-22 04:03:00,
2018-01-22 04:06:00,
2018-01-22 04:09:00,
2018-01-22 04:12:00,
2018-01-22 04:15:00,
2018-01-22 04:18:00,
2018-01-22 04:21:00,
2018-01-22 04:24:00,
2018-01-22 04:27:00,
2018-01-22 04:30:00,
2018-01-22 04:33:00,
2018-01-22 04:36:00,
2018-01-22 04:39:00,
2018-01-22 04:42:00,
2018-01-22 04:45:00,
2018-01-22 04:48:00,
2018-01-22 04:51:00,
2018-01-22 04:54:00,
2018-01-22 04:57:00,
2018-01-22 05:00:00,
2018-01-22 05:03:00,
2018-01-22 05:06:00,
2018-01-22 05:09:00,
2018-01-22 05:12:00,
2018-01-22 05:15:00,
2018-01-22 05:18:00,
2018-01-22 05:21:00,
2018-01-22 05:24:00,
2018-01-22 05:27:00,
2018-01-22 05:30:00,
2018-01-22 05:33:00,
2018-01-22 05:36:00,
2018-01-22 05:39:00,
2018-01-22 05:42:00,
2018-01-22 05:45:00,
2018-01-22 05:48:00,
2018-01-22 05:51:00,
2018-01-22 05:54:00,
2018-01-22 05:57:00,
2018-01-22 06:00:00,
2018-01-22 06:03:00,
2018-01-22 06:06:00,
2018-01-22 06:09:00,
2018-01-22 06:12:00,
2018-01-22 06:15:00,
2018-01-22 06:18:00,
2018-01-22 06:21:00,
2018-01-22 06:24:00,
2018-01-22 06:27:00,
2018-01-22 06:30:00,
2018-01-22 06:33:00,
2018-01-22 06:36:00,
2018-01-22 06:39:00,
2018-01-22 06:42:00,
2018-01-22 06:45:00,
2018-01-22 06:48:00,
2018-01-22 06:51:00,
2018-01-22 06:54:00,
2018-01-22 06:57:00,
2018-01-22 07:00:00,
2018-01-22 07:03:00,
2018-01-22 07:06:00,
2018-01-22 07:09:00,
2018-01-22 07:12:00,0.5703291690558103
2018-01-22 07:15:00,0.5387622471936311
2018-01-22 07:18:00,0.6238758144383496
2018-01-22 07:21:00,0.6457668127473539
2018-01-22 07:24:00,0.6113320332498233
2018-01-22 07:27:00,0.47181280376992163
2018-01-22 07:30:00,0.4563138127119828
2018-01-22 07:33:00,0.39554276448666315
2018-01-22 07:36:00,0.5674696501615699
2018-01-22 07:39:00,0.5098529996181469
2018-01-22 07:42:00,0.4436205173693111
2018-01-22 07:45:00,0.5453116041329054
2018-01-22 07:48:00,0.46435638174585847
2018-01-22 07:51:00,0.4570409510954505
2018-01-22 07:54:00,0.5112394840517709
2018-01-22 07:57:00,0.4669243308417208
2018-01-22 08:00:00,0.5340845732893058
2018-01-22 08:03:00,0.5411848870617177
2018-01-22 08:06:00,0.5049461195797562
2018-01-22 08:09:00,0.49438929617292615
2018-01-22 08:12:00,0.37868299239761427
2018-01-22 08:15:00,0.6706636344005119
2018-01-22 08:18:00,0.4682483272473519
2018-01-22 08:21:00,0.5749264698704906
2018-01-22 08:24:00,0.44192271342166123
2018-01-22 08:27:00,0.5973391724117505
2018-01-22 08:30:00,0.4584512860180894
2018-01-22 08:33:00,0.4572861322412223
2018-01-22 08:36:00,0.4477397935629597
2018-01-22 08:39:00,0.4872217691331002
2018-01-22 08:42:00,0.46578345328674686
2018-01-22 08:45:00,0.50045757676628
2018-01-22 08:48:00,0.4984910412854333
2018-01-22 08:51:00,0.5344117138673141
2018-01-22 08:54:00,0.5725209792293526
2018-01-22 08:57:00,0.4916133955427995
2018-01-22 09:00:00,0.4752400172541229
2018-01-22 09:03:00,0.493923723112232
2018-01-22 09:06:00,0.5946681650830783
2018-01-22 09:09:00,0.45223390070327696
2018-01-22 09:12:00,0.4281887987988853
2018-01-22 09:15:00,0.5114999448943536
2018-01-22 09:18:00,0.46474934331382656
2018-01-22 09:21:00,0.4389471211090381
2018-01-22 09:24:00,0.5092042739963176
2018-01-22 09:27:00,0.5220880260350782
2018-01-22 09:30:00,0.3083853068984581
2018-01-22 09:33:00,0.43195610467955703
2018-01-22 09:36:00,0.46680478659402524
2018-01-22 09:39:00,0.45326137136135003
2018-01-22 09:42:00,0.40917861942045874
2018-01-22 09:45:00,0.48719389625068743
2018-01-22 09:48:00,0.3935084120830652
2018-01-22 09:51:00,0.3755122254560206
2018-01-22 09:54:00,0.4825363127858395
2018-01-22 09:57:00,0.4082920095823397
2018-01-22 10:00:00,0.3352494277343112
2018-01-22 10:03:00,0.3634252156631419
2018-01-22 10:06:00,0.3339935128191769
2018-01-22 10:09:00,0.25672686265670563
2018-01-22 10:12:00,0.26585036445681
2018-01-22 10:15:00,0.39016907143741264
2018-01-22 10:18:00,0.25348224998293745
2018-01-22 10:21:00,0.23719823214543112
2018-01-22 10:24:00,0.3613544128239141
2018-01-22 10:27:00,0.21355749378602695
2018-01-22 10:30:00,0.1276440726632586
2018-01-22 10:33:00,0.22498361284596058
2018-01-22 10:36:00,0.10599206572857156
2018-01-22 10:39:00,0.1669685796767908
2018-01-22 10:42:00,0.16040041878619604
2018-01-22 10:45:00,0.047146627256893225
2018-01-22 10:48:00,0.2279053019133812
2018-01-22 10:51:00,0.107213049051893
2018-01-22 10:54:00,0.18199199271867883
2018-01-22 10:57:00,0.013658082068786825
2018-01-22 11:00:00,0.12245241272410112
2018-01-22 11:03:00,0.18814748529672443
2018-01-22 11:06:00,0.0524417609711918
2018-01-22 11:09:00,0.12518810712492723
2018-01-22 11:12:00,0.10735071137969499
2018-01-22 11:15:00,0.009310789792891683
2018-01-22 11:18:00,0.055009177195358916
2018-01-22 11:21:00,0.11205659882540431
2018-01-22 11:24:00,-0.09223547757090955
2018-01-22 11:27:00,0.07323790780912987
2018-01-22 11:30:00,0.012850763313736024
2018-01-22 11:33:00,0.01498157526691557
2018-01-22 11:36:00,-0.046999878898134284
2018-01-22 11:39:00,0.08897161403564269
2018-01-22 11:42:00,-0.12537740513738527
2018-01-22 11:45:00,0.038387561553633986
2018-01-22 11:48:00,-0.0350369073439083
2018-01-22 11:51:00,-0.14572018656724595
2018-01-22 11:54:00,-0.048662941444376884
2018-01-22 11:57:00,-0.043782204996148266
2018-01-22 12:00:00,-0.10497082086993714
2018-01-22 12:03:00,0.009822362906163562
2018-01-22 12:06:00,-0.03942570796209566
2018-01-22 12:09:00,-0.06968316204063285
2018-01-22 12:12:00,-0.21392574641998863
2018-01-22 12:15:00,-0.13784749315584577
2018-01-22 12:18:00,-0.1221782637539377
2018-01-22 12:21:00,-0.04105894086791295
2018-01-22 12:24:00,-0.07611700343045413
2018-01-22 12:27:00,-0.16147508217994755
2018-01-22 12:30:00,-0.07813113499292967
2018-01-22 12:33:00,-0.09742686316781146
2018-01-22 12:36:00,0.04546615476925808
2018-01-22 12:39:00,-0.15701907037362162
2018-01-22 12:42:00,-0.17317702067282426
2018-01-22 12:45:00,-0.22658768588615885
2018-01-22 12:48:00,-0.2010615364322348
2018-01-22 12:51:00,-0.17442965128168453
2018-01-22 12:54:00,-0.3132361310189822
2018-01-22 12:57:00,-0.22206172635549137
2018-01-22 13:00:00,-0.07876831566579767
2018-01-22 13:03:00,-0.189194501878319
2018-01-22 13:06:00,-0.1603565864529628
2018-01-22 13:09:00,-0.12928403509272357
2018-01-22 13:12:00,-0.1298968552227393
2018-01-22 13:15:00,-0.18932423771974527
2018-01-22 13:18:00,-0.04779523854273293
2018-01-22 13:21:00,-0.155899571892121
2018-01-22 13:24:00,-0.17073061318075133
2018-01-22 13:27:00,-0.21892341860240094
2018-01-22 13:30:00,-0.32071826570035
2018-01-22 13:33:00,-0.3242890764121853
2018-01-22 13:36:00,-0.2662402613377708
2018-01-22 13:39:00,-0.2421783298131004
2018-01-22 13:42:00,-0.2854833832653867
2018-01-22 13:45:00,-0.2515405816446332
2018-01-22 13:48:00,-0.25018189188728
2018-01-22 13:51:00,-0.19508410779036467
2018-01-22 13:54:00,-0.278786989388891
2018-01-22 13:57:00,-0.20510875228660552
2018-01-22 14:00:00,-0.21401138562430333
2018-01-22 14:03:00,-0.3135338786718762
2018-01-22 14:06:00,-0.33030641222228496
2018-01-22 14:09:00,-0.2523966513337541
2018-01-22 14:12:00,-0.3461280368355233
2018-01-22 14:15:00,-0.348030891236192
2018-01-22 14:18:00,-0.270867526925997
2018-01-22 14:21:00,-0.3665658035031356
2018-01-22 14:24:00,-0.12816186225899173
2018-01-22 14:27:00,-0.21147480381512196
2018-01-22 14:30:00,-0.3143190677209873
2018-01-22 14:33:00,-0.22421823102450844
2018-01-22 14:36:00,-0.3174819271260958
2018-01-22 14:39:00,-0.36395148520875864
2018-01-22 14:42:00,-0.21462631571506563
2018-01-22 14:45:00,-0.23233774693846954
2018-01-22 14:48:00,-0.2712433968210348
2018-01-22 14:51:00,-0.3045745063959089
2018-01-22 14:54:00,-0.38691305492994843
2018-01-22 14:57:00,-0.22191890648161916
2018-01-22 15:00:00,-0.23578899774605588
2018-01-22 15:03:00,-0.31372980041760457
2018-01-22 15:06:00,-0.1744070464594074
2018-01-22 15:09:00,-0.313333909149776
2018-01-22 15:12:00,-0.3151965643139647
2018-01-22 15:15:00,-0.29969140989373955
2018-01-22 15:18:00,-0.36300253305387287
2018-01-22 15:21:00,-0.3994200343709622
2018-01-22 15:24:00,-0.2769939324429629
2018-01-22 15:27:00,-0.2973834583392545
2018-01-22 15:30:00,-0.3213264310194859
2018-01-22 15:33:00,-0.35836330048130094
2018-01-22 15:36:00,-0.38966876204307255
2018-01-22 15:39:00,-0.24461007004896373
2018-01-22 15:42:00,-0.2524929904329838
2018-01-22 15:45:00,-0.2741313245960555
2018-01-22 15:48:00,-0.31815498519443963
2018-01-22 15:51:00,-0.15928857188896473
2018-01-22 15:54:00,-0.25475935223914803
2018-01-22 15:57:00,-0.2252556356131663
2018-01-22 16:00:00,-0.19185849008943023
2018-01-22 16:03:00,-0.15882834768024168
2018-01-22 16:06:00,-0.20519402831155276
2018-01-22 16:09:00,-0.24745548582291121
2018-01-22 16:12:00,-0.2401039935578524
2018-01-22 16:15:00,-0.22200035013224806
2018-01-22 16:18:00,-0.2857660161564013
2018-01-22 16:21:00,-0.19839729058037392
2018-01-22 16:24:00,-0.18230884588672325
2018-01-22 16:27:00,-0.292330338180534
2018-01-22 16:30:00,-0.17551687076178268
2018-01-22 16:33:00,-0.2503854890800312
2018-01-22 16:36:00,-0.2910480136668525
2018-01-22 16:39:00,-0.22424700720449664
2018-01-22 16:42:00,-0.2904969591749591
2018-01-22 16:45:00,-0.28126249064649755
2018-01-22 16:48:00,-0.1933944267642005
2018-01-22 16:51:00,-0.20007074135361336
2018-01-22 16:54:00,-0.15528878749768182
2018-01-22 16:57:00,-0.23107129680249727
2018-01-22 17:00:00,-0.3022374752861765
2018-01-22 17:03:00,-0.2616795995172083
2018-01-22 17:06:00,-0.14099951543914813
2018-01-22 17:09:00,-0.1589412398271861
2018-01-22 17:12:00,-0.13785226519780736
2018-01-22 17:15:00,-0.1648398501708357
2018-01-22 17:18:00,-0.18507854223469167
2018-01-22 17:21:00,-0.20889692152695716
2018-01-22 17:24:00,-0.2431185679434975
2018-01-22 17:27:00,-0.20431967668901052
2018-01-22 17:30:00,-0.20025635727500912
2018-01-22 17:33:00,-0.12169791701637678
2018-01-22 17:36:00,-0.12766740852981684
2018-01-22 17:39:00,-0.17665586936703903
2018-01-22 17:42:00,-0.07240667257383393
2018-01-22 17:45:00,-0.10805336591397463
2018-01-22 17:48:00,-0.10469760542707718
2018-01-22 17:51:00,0.06411235690546846
2018-01-22 17:54:00,0.08915456834546376
2018-01-22 17:57:00,-0.062487865034199785
2018-01-22 18:00:00,-0.04042644267644846
2018-01-22 18:03:00,-0.08720167318875838
2018-01-22 18:06:00,-0.08990276297794253
2018-01-22 18:09:00,0.004492983807097062
2018-01-22 18:12:00,-0.026885418691222185
2018-01-22 18:15:00,-0.031626398553896706
2018-01-22 18:18:00,-0.09592699394420379
2018-01-22 18:21:00,-0.04286899609229522
2018-01-22 18:24:00,0.0627462198987132
2018-01-22 18:27:00,0.007460902684442772
2018-01-22 18:30:00,-0.044449066596826015
2018-01-22 18:33:00,0.11291040406263164
2018-01-22 18:36:00,0.08206215977060083
2018-01-22 18:39:00,0.11411130025925331
2018-01-22 18:42:00,0.06954814902985618
2018-01-22 18:45:00,0.09851375610338664
2018-01-22 18:48:00,0.15822449765835245
2018-01-22 18:51:00,0.17011562208529085
2018-01-22 18:54:00,
2018-01-22 18:57:00,
2018-01-22 19:00:00,
2018-01-22 19:03:00,0.13361471368807543
2018-01-22 19:06:00,0.20153366037919795
2018-01-22 19:09:00,0.15556771353107024
2018-01-22 19:12:00,0.05511357545367446
2018-01-22 19:15:00,0.15994496323725116
2018-01-22 19:18:00,0.1727245253243268
2018-01-22 19:21:00,0.08302237056642525
2018-01-22 19:24:00,0.17170407507029495
2018-01-22 19:27:00,0.20485341115170286
2018-01-22 19:30:00,0.17494906130315258
2018-01-22 19:33:00,0.15180478138768194
2018-01-22 19:36:00,0.17991202693639252
2018-01-22 19:39:00,0.22400751139662134
2018-01-22 19:42:00,0.04976389565814543
2018-01-22 19:45:00,0.1418714030778574
2018-01-22 19:48:00,0.10294748664273357
2018-01-22 19:51:00,0.20417850909018398
2018-01-22 19:54:00,0.17311117922150743
2018-01-22 19:57:00,0.19429817456665432
2018-01-22 20:00:00,0.23689499461119112
2018-01-22 20:03:00,0.18515532760579845
2018-01-22 20:06:00,0.24314109524834748
2018-01-22 20:09:00,0.21322784651454185
2018-01-22 20:12:00,0.282227751198036
2018-01-22 20:15:00,0.22227250929239517
2018-01-22 20:18:00,0.2517771295380271
2018-01-22 20:21:00,0.24682357437160363
2018-01-22 20:24:00,0.22504552447696824
2018-01-22 20:27:00,0.2472413342056825
2018-01-22 20:30:00,0.1996271349263452
2018-01-22 20:33:00,0.20727018804859654
2018-01-22 20:36:00,0.15423047710834226
2018-01-22 20:39:00,0.23325303395529318
2018-01-22 20:42:00,0.23524673883611058
2018-01-22 20:45:00,0.24212655324834031
2018-01-22 20:48:00,0.2389549323267488
2018-01-22 20:51:00,0.17509569604482067
2018-01-22 20:54:00,0.2594223748106401
2018-01-22 20:57:00,0.1669502095213602
2018-01-22 21:00:00,0.2111743844228613
2018-01-22 21:03:00,0.19760220565871123
2018-01-22 21:06:00,0.19070253477002552
2018-01-22 21:09:00,0.21500503426324258
2018-01-22 21:12:00,0.3553039935690663
2018-01-22 21:15:00,0.2866827825505993
2018-01-22 21:18:00,0.2945891451067837
2018-01-22 21:21:00,0.13696531791504185
2018-01-22 21:24:00,0.14927531076898504
2018-01-22 21:27:00,0.22559311248113545
2018-01-22 21:30:00,0.19624763599392736
2018-01-22 21:33:00,0.2543970377471396
2018-01-22 21:36:00,0.11096500337242787
2018-01-22 21:39:00,0.23455071437194874
2018-01-22 21:42:00,0.1970804224761764
2018-01-22 21:45:00,0.07571929278066136
2018-01-22 21:48:00,0.18569558413645382
2018-01-22 21:51:00,0.1244748722975828
2018-01-22 21:54:00,0.10926874199873282
2018-01-22 21:57:00,0.19972553988094432
2018-01-22 22:00:00,0.1512389784872994
2018-01-22 22:03:00,0.057064112748093976
2018-01-22 22:06:00,0.16182517789326312
2018-01-22 22:09:00,0.20047372652669537
2018-01-22 22:12:00,0.098286915577944
2018-01-22 22:15:00,0.17125231632257965
2018-01-22 22:18:00,0.142998721781737
2018-01-22 22:21:00,0.21160132747803573
2018-01-22 22:24:00,0.09485480851361672
2018-01-22 22:27:00,0.0976022763805986
2018-01-22 22:30:00,0.14436131024308452
2018-01-22 22:33:00,0.16206952330122704
2018-01-22 22:36:00,0.15513344899403592
2018-01-22 22:39:00,0.24676699019448733
2018-01-22 22:42:00,0.25888087352257116
2018-01-22 22:45:00,0.23994628182185807
2018-01-22 22:48:00,0.22295435786332973
2018-01-22 22:51:00,0.20449679075790073
2018-01-22 22:54:00,0.10962923557349313
2018-01-22 22:57:00,0.3122542367897836
2018-01-22 23:00:00,0.22194470623242069
2018-01-22 23:03:00,0.2822404507923011
2018-01-22 23:06:00,0.21008247959309756
2018-01-22 23:09:00,0.28079935721888205
2018-01-22 23:12:00,0.29021968264049747
2018-01-22 23:15:00,0.3980625317833528
2018-01-22 23:18:00,0.35230261467017954
2018-01-22 23:21:00,0.25051070861837843
2018-01-22 23:24:00,0.27843919434906184
2018-01-22 23:27:00,0.2882887721656857
2018-01-22 23:30:00,0.2110388015252056
2018-01-22 23:33:00,0.25197317532388297
2018-01-22 23:36:00,0.1879248411713661
2018-01-22 23:39:00,0.29499870992145816
2018-01-22 23:42:00,0.1879541311026287
2018-01-22 23:45:00,0.19006929056411082
2018-01-22 23:48:00,0.16323196199698486
2018-01-22 23:51:00,0.2530361082697823
2018-01-22 23:54:00,0.2851340778480562
2018-01-22 23:57:00,0.27851790114112873
2018-01-23 00:00:00,0.2845242408851618
2018-01-23 00:03:00,0.20011484719640293
2018-01-23 00:06:00,0.3080872862709043
2018-01-23 00:09:00,0.32867627010944034
2018-01-23 00:12:00,0.37950558280226687
2018-01-23 00:15:00,0.3209183168215759
2018-01-23 00:18:00,0.26709719332302484
2018-01-23 00:21:00,0.2851321718455324
2018-01-23 00:24:00,0.2589125588995671
2018-01-23 00:27:00,0.273349436282615
2018-01-23 00:30:00,0.4423041303039099
2018-01-23 00:33:00,0.4013100650070669
2018-01-23 00:36:00,0.35884349256741643
2018-01-23 00:39:00,0.2540425666073247
2018-01-23 00:42:00,0.37657348698826354
2018-01-23 00:45:00,0.39706722825906127
2018-01-23 00:48:00,0.4524082015464046
2018-01-23 00:51:00,0.28521614682989593
2018-01-23 00:54:00,0.31173334570718225
2018-01-23 00:57:00,0.3956727631465924
2018-01-23 01:00:00,0.3161423652005624
2018-01-23 01:03:00,0.2833884621995253
2018-01-23 01:06:00,0.24191179048199274
2018-01-23 01:09:00,0.3061808893290845
2018-01-23 01:12:00,0.31000020897215563
2018-01-23 01:15:00,0.32932666800672905
2018-01-23 01:18:00,0.21206538651824758
2018-01-23 01:21:00,0.33810014472720695
2018-01-23 01:24:00,0.2728846895125798
2018-01-23 01:27:00,0.4155947396321267
2018-01-23 01:30:00,0.4119156867204765
2018-01-23 01:33:00,0.33915350026325086
2018-01-23 01:36:00,0.4096290061884815
2018-01-23 01:39:00,0.34419222813340866
2018-01-23 01:42:00,0.3325899869918203
2018-01-23 01:45:00,0.2986255699424305
2018-01-23 01:48:00,0.3497976275931478
2018-01-23 01:51:00,0.3740268067269312
2018-01-23 01:54:00,0.24022309746237624
2018-01-23 01:57:00,0.2655784150918521
2018-01-23 02:00:00,0.2826467496642522
2018-01-23 02:03:00,0.32202796706326353
2018-01-23 02:06:00,0.3468554439296554
2018-01-23 02:09:00,0.39757629844683606
2018-01-23 02:12:00,0.3837625063179644
2018-01-23 02:15:00,0.22262341908646022
2018-01-23 02:18:00,0.3444645501759851
2018-01-23 02:21:00,0.39956381058078705
2018-01-23 02:24:00,0.2852269494639472
2018-01-23 02:27:00,0.4816962552957307
2018-01-23 02:30:00,0.25697096484333315
2018-01-23 02:33:00,0.39671877580462933
2018-01-23 02:36:00,0.32036538676652526
2018-01-23 02:39:00,0.35139615404432334
2018-01-23 02:42:00,0.36127840318516746
2018-01-23 02:45:00,0.3727021850829715
2018-01-23 02:48:00,0.28041038688616027
2018-01-23 02:51:00,0.3584054488513857
2018-01-23 02:54:00,0.3586840682943375
2018-01-23 02:57:00,0.3660367330277836
2018-01-23 03:00:00,0.5172003243412178
2018-01-23 03:03:00,0.3716388921795897
2018-01-23 03:06:00,0.396758878779508
2018-01-23 03:09:00,0.46837930152202034
2018-01-23 03:12:00,0.47764315912365873
2018-01-23 03:15:00,0.39955463140609027
2018-01-23 03:18:00,0.37924955389058823
2018-01-23 03:21:00,0.5908211760166182
2018-01-23 03:24:00,0.36735464811641805
2018-01-23 03:27:00,0.30649803081962546
2018-01-23 03:30:00,0.4228352414844494
2018-01-23 03:33:00,0.3526113538421214
2018-01-23 03:36:00,0.4512277169229151
2018-01-23 03:39:00,0.40244257641774084
2018-01-23 03:42:00,0.30346024529245597
2018-01-23 03:45:00,0.3721478156948024
2018-01-23 03:48:00,0.48131220494428817
2018-01-23 03:51:00,0.5004275514251617
2018-01-23 03:54:00,0.5212612329543731
2018-01-23 03:57:00,0.45733872754027516
2018-01-23 04:00:00,0.42755906492629947
2018-01-23 04:03:00,0.4538480520225221
2018-01-23 04:06:00,0.47927030307619134
2018-01-23 04:09:00,0.4780487833436382
2018-01-23 04:12:00,0.5041810293815274
2018-01-23 04:15:00,0.3988813022342015
2018-01-23 04:18:00,0.41182137745209957
2018-01-23 04:21:00,0.3887822101299321
2018-01-23 04:24:00,0.47347322606611897
2018-01-23 04:27:00,0.49087136686875965
2018-01-23 04:30:00,0.550085457325622
2018-01-23 04:33:00,0.4364233334120513
2018-01-23 04:36:00,0.42761831739233
2018-01-23 04:39:00,0.45737252457416844
2018-01-23 04:42:00,0.4828089504364357
2018-01-23 04:45:00,0.38996732427671077
2018-01-23 04:48:00,0.48472208994149923
2018-01-23 04:51:00,0.4959296050114972
2018-01-23 04:54:00,0.48744022044951407
2018-01-23 04:57:00,0.5482028736836355
2018-01-23 05:00:00,0.499899120201178
2018-01-23 05:03:00,0.5705501162843234
2018-01-23 05:06:00,0.42697589401893765
2018-01-23 05:09:00,0.4028152318861089
2018-01-23 05:12:00,0.4657383818577614
2018-01-23 05:15:00,0.46541348217243694
2018-01-23 05:18:00,0.6185356453556778
2018-01-23 05:21:00,0.4778835496787224
2018-01-23 05:24:00,0.4365965298767378
2018-01-23 05:27:00,0.4647216577708946
2018-01-23 05:30:00,0.552079925208318
2018-01-23 05:33:00,0.4837959357018917
2018-01-23 05:36:00,0.4111039335465989
2018-01-23 05:39:00,0.4386971414320442
2018-01-23 05:42:00,0.45238620960384424
2018-01-23 05:45:00,0.5724259755862136
2018-01-23 05:48:00,0.47374299590075
2018-01-23 05:51:00,0.5040397821773581
2018-01-23 05:54:00,0.5127692189962545
2018-01-23 05:57:00,0.5238647692837617
2018-01-23 06:00:00,0.5010520077042315
2018-01-23 06:03:00,0.46117795552430607
2018-01-23 06:06:00,0.6184879565113874
2018-01-23 06:09:00,0.41441497806465577
2018-01-23 06:12:00,0.569844261476419
2018-01-23 06:15:00,0.46217967767177015
2018-01-23 06:18:00,0.41079336974530634
2018-01-23 06:21:00,0.48616398506453606
2018-01-23 06:24:00,0.4470960136864619
2018-01-23 06:27:00,0.4505274852369894
2018-01-23 06:30:00,0.41099284905993727
2018-01-23 06:33:00,0.509158313050591
2018-01-23 06:36:00,0.5862957053781201
2018-01-23 06:39:00,0.5367838285192761
2018-01-23 06:42:00,0.4910975041308916
2018-01-23 06:45:00,0.46975870715965584
2018-01-23 06:48:00,0.5241487713717561
2018-01-23 06:51:00,0.5912947516284817
2018-01-23 06:54:00,0.5892556929658213
2018-01-23 06:57:00,0.4421910797965438
2018-01-23 07:00:00,0.4059145600210172
2018-01-23 07:03:00,0.5110414621631776
2018-01-23 07:06:00,0.5213965729691381
2018-01-23 07:09:00,0.537192403715153
2018-01-23 07:12:00,0.472742541258242
2018-01-23 07:15:00,0.548930455362779
2018-01-23 07:18:00,0.45413363509243254
2018-01-23 07:21:00,0.49727724716291277
2018-01-23 07:24:00,0.5918537838605289
2018-01-23 07:27:00,0.42955737720740217
2018-01-23 07:30:00,0.5335290101377268
2018-01-23 07:33:00,0.532880663251035
2018-01-23 07:36:00,0.5358117223046861
2018-01-23 07:39:00,0.5085808059839678
2018-01-23 07:42:00,0.4497916319026558
2018-01-23 07:45:00,0.4661064721465209
2018-01-23 07:48:00,0.43241789038876277
2018-01-23 07:51:00,0.48002305041677573
2018-01-23 07:54:00,0.4356097105007848
2018-01-23 07:57:00,0.40378340754307374
2018-01-23 08:00:00,0.47606585928156164
2018-01-23 08:03:00,0.3724320737057383
2018-01-23 08:06:00,0.3841760447024285
2018-01-23 08:09:00,0.4546777112033169
2018-01-23 08:12:00,0.3411206971756542
2018-01-23 08:15:00,0.2624425163469368
2018-01-23 08:18:00,0.39528662779684964
2018-01-23 08:21:00,0.3595845603284715
2018-01-23 08:24:00,0.3312900485629484
2018-01-23 08:27:00,0.28335951271924387
2018-01-23 08:30:00,0.3287472508079077
2018-01-23 08:33:00,0.2554990457324493
2018-01-23 08:36:00,0.20241536359947077
2018-01-23 08:39:00,0.15830506147386814
2018-01-23 08:42:00,0.2515324689621252
2018-01-23 08:45:00,0.19795904146849352
2018-01-23 08:48:00,0.16084473917891273
2018-01-23 08:51:00,0.21214876508025782
2018-01-23 08:54:00,0.21093827988653402
2018-01-23 08:57:00,0.18633534342654912
2018-01-23 09:00:00,0.15669057966283617
2018-01-23 09:03:00,0.04947189448569134
2018-01-23 09:06:00,0.09113951736640047
2018-01-23 09:09:00,0.14301899924265626
2018-01-23 09:12:00,0.1431144876571011
2018-01-23 09:15:00,0.07481048055416295
2018-01-23 09:18:00,0.1474127769331517
2018-01-23 09:21:00,0.04931944383520204
2018-01-23 09:24:00,0.025035047390304044
2018-01-23 09:27:00,-0.05023062135995815
2018-01-23 09:30:00,0.039686577007501
2018-01-23 09:33:00,0.0050481324620932355
2018-01-23 09:36:00,0.08288653818647163
2018-01-23 09:39:00,-0.061202026726107306
2018-01-23 09:42:00,0.11718517341671486
2018-01-23 09:45:00,0.04772876992410602
2018-01-23 09:48:00,-0.0353401943910967
2018-01-23 09:51:00,-0.01826940291749679
2018-01-23 09:54:00,-0.04560609324965981
2018-01-23 09:57:00,-0.016177266781710387
2018-01-23 10:00:00,0.03206585630044856
2018-01-23 10:03:00,-0.04536213718091631
2018-01-23 10:06:00,-0.02456827072927581
2018-01-23 10:09:00,-0.004173115322089416
2018-01-23 10:12:00,-0.08394447961546803
2018-01-23 10:15:00,0.008579941313485051
2018-01-23 10:18:00,-0.033705617317764336
2018-01-23 10:21:00,0.009090128824254862
2018-01-23 10:24:00,0.10477763180290367
2018-01-23 10:27:00,-0.11796779777876054
2018-01-23 10:30:00,-0.013583896311558874
2018-01-23 10:33:00,-0.029104089186660076
2018-01-23 10:36:00,-0.03745181161440314
2018-01-23 10:39:00,-0.07585171146951097
2018-01-23 10:42:00,-0.05855287000508724
2018-01-23 10:45:00,0.08953744355812887
2018-01-23 10:48:00,0.027328233485548026
2018-01-23 10:51:00,0.01974666832222738
2018-01-23 10:54:00,0.05604524251282328
2018-01-23 10:57:00,0.006760456800463999
2018-01-23 11:00:00,0.023060274729800767
2018-01-23 11:03:00,0.009281178848539184
2018-01-23 11:06:00,-0.02031551829622913
2018-01-23 11:09:00,-0.03583706972898426
2018-01-23 11:12:00,-0.03928225299296173
2018-01-23 11:15:00,0.04713753573582835
2018-01-23 11:18:00,-0.04685439025337246
2018-01-23 11:21:00,-0.09132848682003214
2018-01-23 11:24:00,0.021108473501101344
2018-01-23 11:27:00,-0.12799666038620217
2018-01-23 11:30:00,-0.09428028121254783
2018-01-23 11:33:00,-0.08822770145343384
2018-01-23 11:36:00,-0.1674444078768147
2018-01-23 11:39:00,-0.020890311721984745
2018-01-23 11:42:00,-0.09304948908794586
2018-01-23 11:45:00,-0.11455770369661877
2018-01-23 11:48:00,-0.044494806892828365
2018-01-23 11:51:00,-0.026940248107223397
2018-01-23 11:54:00,-0.11949734900400699
2018-01-23 11:57:00,-0.042486399881738635
2018-01-23 12:00:00,-0.19958043184948338
2018-01-23 12:03:00,-0.1470870703296896
2018-01-23 12:06:00,-0.19522824948643347
2018-01-23 12:09:00,-0.18187811762146566
2018-01-23 12:12:00,-0.13627206843358408
2018-01-23 12:15:00,-0.0697121340990634
2018-01-23 12:18:00,-0.1881251500540202
2018-01-23 12:21:00,-0.16627753613795448
2018-01-23 12:24:00,-0.11126919928540246
2018-01-23 12:27:00,-0.08938227259176301
2018-01-23 12:30:00,-0.13934987851325786
2018-01-23 12:33:00,-0.07309829483364183
2018-01-23 12:36:00,-0.20110846681365047
2018-01-23 12:39:00,-0.2798487759729369
2018-01-23 12:42:00,-0.14864562032761341
2018-01-23 12:45:00,-0.19617559357942582
2018-01-23 12:48:00,-0.018041732064148164
2018-01-23 12:51:00,-0.2278028042684923
2018-01-23 12:54:00,-0.1872138011335096
2018-01-23 12:57:00,-0.18347972154981562
2018-01-23 13:00:00,-0.3346030279325305
2018-01-23 13:03:00,-0.25506131351500017
2018-01-23 13:06:00,-0.1433420976769071
2018-01-23 13:09:00,-0.3313804908052589
2018-01-23 13:12:00,-0.1743824823124669
2018-01-23 13:15:00,-0.26122985849127645
2018-01-23 13:18:00,-0.182019679509267
2018-01-23 13:21:00,-0.26410577166655
2018-01-23 13:24:00,-0.35958599442164996
2018-01-23 13:27:00,-0.30773649687790794
2018-01-23 13:30:00,-0.3318148431701502
2018-01-23 13:33:00,-0.43755556661534456
2018-01-23 13:36:00,-0.2998578082994072
2018-01-23 13:39:00,-0.3889804647836286
2018-01-23 13:42:00,-0.3518058358111489
2018-01-23 13:45:00,-0.3654805757484496
2018-01-23 13:48:00,-0.45083515144318653
2018-01-23 13:51:00,-0.441755983133703
2018-01-23 13:54:00,-0.3919983591995333
2018-01-23 13:57:00,-0.5127954017709158
2018-01-23 14:00:00,-0.44250356821743253
2018-01-23 14:03:00,-0.42741976272441207
2018-01-23 14:06:00,-0.5022477451921645
2018-01-23 14:09:00,-0.4731973404532823
2018-01-23 14:12:00,-0.5373033101959095
2018-01-23 14:15:00,-0.5343440853533821
2018-01-23 14:18:00,-0.39200538876673363
2018-01-23 14:21:00,-0.49019114432388733
2018-01-23 14:24:00,-0.47402538597509647
2018-01-23 14:27:00,-0.19231738457511938
2018-01-23 14:30:00,-0.24597978119248864
2018-01-23 14:33:00,-0.4669351474855148
2018-01-23 14:36:00,-0.4010414150149586
2018-01-23 14:39:00,-0.3286003716025334
2018-01-23 14:42:00,-0.2565333354271502
2018-01-23 14:45:00,-0.5631673106049107
2018-01-23 14:48:00,-0.4119649261966174
2018-01-23 14:51:00,-0.3010305345576967
2018-01-23 14:54:00,-0.23533383095724503
2018-01-23 14:57:00,-0.2743373613388371
2018-01-23 15:00:00,-0.20378655573017568
2018-01-23 15:03:00,-0.17730554480345972
2018-01-23 15:06:00,-0.41364713870513015
2018-01-23 15:09:00,-0.3742482704182635
2018-01-23 15:12:00,-0.38369882498892594
2018-01-23 15:15:00,-0.4136617794906101
2018-01-23 15:18:00,-0.4738524998197704
2018-01-23 15:21:00,-0.48318185072855613
2018-01-23 15:24:00,0.3085664229454892
2018-01-23 15:27:00,-0.47649771817197006
2018-01-23 15:30:00,-0.40235563596775137
2018-01-23 15:33:00,-0.37139021133549477
2018-01-23 15:36:00,-0.49010097340436687
2018-01-23 15:39:00,-0.314936869798089
2018-01-23 15:42:00,-0.5117429576147288
2018-01-23 15:45:00,-0.4447301961473613
2018-01-23 15:48:00,-0.4977693989885097
2018-01-23 15:51:00,-0.38705392871912636
2018-01-23 15:54:00,-0.38512573248920035
2018-01-23 15:57:00,-0.41861783303789935
2018-01-23 16:00:00,-0.46963272123059596
2018-01-23 16:03:00,-0.45932919653739646
2018-01-23 16:06:00,-0.44891709315089656
2018-01-23 16:09:00,-0.5063883795698985
2018-01-23 16:12:00,-0.3231879091964629
2018-01-23 16:15:00,-0.415920373398194
2018-01-23 16:18:00,-0.3541874933306417
2018-01-23 16:21:00,-0.3803397076309807
2018-01-23 16:24:00,-0.38251162337439837
2018-01-23 16:27:00,-0.20623898634983107
2018-01-23 16:30:00,-0.435827709055161
2018-01-23 16:33:00,-0.2818318029828788
2018-01-23 16:36:00,-0.38961125984423006
2018-01-23 16:39:00,-0.2505126909312594
2018-01-23 16:42:00,-0.2812295708855572
2018-01-23 16:45:00,-0.3457898732319791
2018-01-23 16:48:00,-0.06336164902404562
2018-01-23 16:51:00,-0.17765796280815493
2018-01-23 16:54:00,-0.15692418604180602
2018-01-23 16:57:00,-0.12530603931452333
2018-01-23 17:00:00,-0.14449049678773918
2018-01-23 17:03:00,-0.08788149492880848
2018-01-23 17:06:00,-0.1287818268343699
2018-01-23 17:09:00,-0.17514670856644443
2018-01-23 17:12:00,-0.08166759253424516
2018-01-23 17:15:00,-0.11759035772814741
2018-01-23 17:18:00,-0.09278532532414374
2018-01-23 17:21:00,-0.22350347456199415
2018-01-23 17:24:00,-0.11355728859041392
2018-01-23 17:27:00,-0.21602997691832115
2018-01-23 17:30:00,-0.05348120930204914
2018-01-23 17:33:00,-0.10784939257928272
2018-01-23 17:36:00,-0.016605250919099035
2018-01-23 17:39:00,-0.0640542183733146
2018-01-23 17:42:00,-0.05499960738870868
2018-01-23 17:45:00,-0.02936467694297562
2018-01-23 17:48:00,-0.11867705184261013
2018-01-23 17:51:00,-0.028873606421200293
2018-01-23 17:54:00,-0.04381514612413184
2018-01-23 17:57:00,-0.0601529541547734
2018-01-23 18:00:00,0.05334455174062214
2018-01-23 18:03:00,0.02298465479253764
2018-01-23 18:06:00,-0.014694932357826929
2018-01-23 18:09:00,-0.034725631518313094
2018-01-23 18:12:00,-0.10507686319027698
2018-01-23 18:15:00,-0.028298254781589094
2018-01-23 18:18:00,-0.08893903990741592
2018-01-23 18:21:00,0.0007808886128941595
2018-01-23 18:24:00,0.03245033327300462
2018-01-23 18:27:00,0.026037929343374344
2018-01-23 18:30:00,-0.1755096636860003
2018-01-23 18:33:00,-0.06257974471509442
2018-01-23 18:36:00,0.034560961208455865
2018-01-23 18:39:00,-0.012762630217707738
2018-01-23 18:42:00,-0.017348057601054734
2018-01-23 18:45:00,-0.09554433116022665
2018-01-23 18:48:00,-0.03098342388011588
2018-01-23 18:51:00,-0.019348022175392998
2018-01-23 18:54:00,
2018-01-23 18:57:00,
2018-01-23 19:00:00,
2018-01-23 19:03:00,0.1252858722300516
2018-01-23 19:06:00,-0.055775271646496094
2018-01-23 19:09:00,0.00672972874167499
2018-01-23 19:12:00,-0.05820531767915327
2018-01-23 19:15:00,-0.1036541564405411
2018-01-23 19:18:00,-0.1751472197915973
2018-01-23 19:21:00,-0.004487422375575534
2018-01-23 19:24:00,-0.07838282101721461
2018-01-23 19:27:00,-0.09878836758093712
2018-01-23 19:30:00,-0.03067388096690138
2018-01-23 19:33:00,0.1273795279995511
2018-01-23 19:36:00,0.08375361720698038
2018-01-23 19:39:00,0.1881719164591118
2018-01-23 19:42:00,0.10213084928034277
2018-01-23 19:45:00,0.13762012877697316
2018-01-23 19:48:00,0.048041919805768885
2018-01-23 19:51:00,0.10168565335766289
2018-01-23 19:54:00,0.1676861584531366
2018-01-23 19:57:00,0.10555172109002342
2018-01-23 20:00:00,0.13531053366256174
2018-01-23 20:03:00,0.10514753621180262
2018-01-23 20:06:00,0.09057824130627523
2018-01-23 20:09:00,0.02296411263932896
2018-01-23 20:12:00,0.1218057443276166
2018-01-23 20:15:00,0.07265128010817534
2018-01-23 20:18:00,0.05473396123801422
2018-01-23 20:21:00,0.10962163258852797
2018-01-23 20:24:00,0.10704867393934592
2018-01-23 20:27:00,0.1620087757085571
2018-01-23 20:30:00,0.15835987720947742
2018-01-23 20:33:00,0.07009965446826527
2018-01-23 20:36:00,0.026109347073202116
2018-01-23 20:39:00,0.17975405618471996
2018-01-23 20:42:00,0.10960437688481761
2018-01-23 20:45:00,0.09262150299872474
2018-01-23 20:48:00,0.1044444546307659
2018-01-23 20:51:00,0.1606339022206953
2018-01-23 20:54:00,0.1259980982861748
2018-01-23 20:57:00,0.1366553848466765
2018-01-23 21:00:00,0.1004539081024518
2018-01-23 21:03:00,0.16882279479585804
2018-01-23 21:06:00,0.09879363596468238
2018-01-23 21:09:00,0.14338950187607225
2018-01-23 21:12:00,0.1669773603391036
2018-01-23 21:15:00,0.16035629399419804
2018-01-23 21:18:00,0.1213891182069915
2018-01-23 21:21:00,0.05331893270800947
2018-01-23 21:24:00,0.11373296670899435
2018-01-23 21:27:00,0.08345473941636783
2018-01-23 21:30:00,0.11474122134461595
2018-01-23 21:33:00,0.16040923430261955
2018-01-23 21:36:00,0.2032963108564445
2018-01-23 21:39:00,0.20195449072622296
2018-01-23 21:42:00,0.2318547784235534
2018-01-23 21:45:00,0.14666973044438691
2018-01-23 21:48:00,0.2627023643599955
2018-01-23 21:51:00,0.25272199456213684
2018-01-23 21:54:00,0.25123841543535264
2018-01-23 21:57:00,0.3217844133510539
2018-01-23 22:00:00,0.2239325260935061
2018-01-23 22:03:00,0.26629746709704705
2018-01-23 22:06:00,0.13149674917735865
2018-01-23 22:09:00,0.2938555087014265
2018-01-23 22:12:00,0.16298228987386665
2018-01-23 22:15:00,0.21750771610754782
2018-01-23 22:18:00,0.22988027819252466
2018-01-23 22:21:00,0.3087136885758355
2018-01-23 22:24:00,0.21193962010096357
2018-01-23 22:27:00,0.3131556817475598
2018-01-23 22:30:00,0.2691693733665943
2018-01-23 22:33:00,0.2465369993365698
2018-01-23 22:36:00,0.31857121547540146
2018-01-23 22:39:00,0.700450039508894
2018-01-23 22:42:00,-0.3336480725744764
2018-01-23 22:45:00,0.04013822302255221
2018-01-23 22:48:00,0.5520584962281987
2018-01-23 22:51:00,0.14713389404516874
2018-01-23 22:54:00,0.2046283189642395
2018-01-23 22:57:00,-0.4153046858390326
2018-01-23 23:00:00,0.007613482584531539
2018-01-23 23:03:00,-0.2722290441487871
2018-01-23 23:06:00,-0.1365080956283009
2018-01-23 23:09:00,-0.330503787196335
2018-01-23 23:12:00,-0.5394216498028754
2018-01-23 23:15:00,-0.02668098698131871
2018-01-23 23:18:00,0.31269357540162446
2018-01-23 23:21:00,0.3247099881896247
2018-01-23 23:24:00,0.3192730750687929
2018-01-23 23:27:00,0.3089126266974631
2018-01-23 23:30:00,0.42735990766612986
2018-01-23 23:33:00,0.37608704751744426
2018-01-23 23:36:00,0.3439237781381621
2018-01-23 23:39:00,0.34626287489709284
2018-01-23 23:42:00,0.5198365898845623
2018-01-23 23:45:00,0.3424910201724174
2018-01-23 23:48:00,0.46920303779137384
2018-01-23 23:51:00,0.44824553469345574
2018-01-23 23:54:00,0.3301706840577481
2018-01-23 23:57:00,0.46298836558503353
2018-01-24 00:00:00,0.25766567156870224
2018-01-24 00:03:00,0.3205653567330842
2018-01-24 00:06:00,0.3171422684508798
2018-01-24 00:09:00,0.30702242803482704
2018-01-24 00:12:00,0.4350930866473277
2018-01-24 00:15:00,0.35695767258255273
2018-01-24 00:18:00,0.372505534731431
2018-01-24 00:21:00,0.4399269808185977
2018-01-24 00:24:00,0.3590809574479863
2018-01-24 00:27:00,0.47807906187694016
2018-01-24 00:30:00,0.35167025012015074
2018-01-24 00:33:00,0.3742372195132475
2018-01-24 00:36:00,0.45618372785423844
2018-01-24 00:39:00,0.45921180483907165
2018-01-24 00:42:00,0.42019384859531783
2018-01-24 00:45:00,0.5026205877396137
2018-01-24 00:48:00,0.39213869235214815
2018-01-24 00:51:00,0.4029321576500706
2018-01-24 00:54:00,0.33732038912603457
2018-01-24 00:57:00,0.40636730796825304
2018-01-24 01:00:00,0.355465557393984
2018-01-24 01:03:00,0.36367822286661067
2018-01-24 01:06:00,0.3494714667235712
2018-01-24 01:09:00,0.41290111564438803
2018-01-24 01:12:00,0.3755537746201867
2018-01-24 01:15:00,0.4042891310546679
2018-01-24 01:18:00,0.41894073804940035
2018-01-24 01:21:00,0.43177992095070294
2018-01-24 01:24:00,0.4423506213010455
2018-01-24 01:27:00,0.4508662239577461
2018-01-24 01:30:00,0.46805728703918703
2018-01-24 01:33:00,0.4980931347892579
2018-01-24 01:36:00,0.4663881029720187
2018-01-24 01:39:00,0.4958316473971536
2018-01-24 01:42:00,0.3997408387533028
2018-01-24 01:45:00,0.42129815448720365
2018-01-24 01:48:00,0.41093874612670334
2018-01-24 01:51:00,0.47026989456935553
2018-01-24 01:54:00,0.30055952001134756
2018-01-24 01:57:00,0.3661910103348305
2018-01-24 02:00:00,0.36552856732964756
2018-01-24 02:03:00,0.529263047032714
2018-01-24 02:06:00,0.4647907926474204
2018-01-24 02:09:00,0.45986166528331296
2018-01-24 02:12:00,0.4585074539621701
2018-01-24 02:15:00,0.5768258548835092
2018-01-24 02:18:00,0.44975821564418084
2018-01-24 02:21:00,0.47594019000206345
2018-01-24 02:24:00,0.45679301645503756
2018-01-24 02:27:00,0.5176580525047711
2018-01-24 02:30:00,0.5769295165489439
2018-01-24 02:33:00,0.4031623773062165
2018-01-24 02:36:00,0.48799338466608333
2018-01-24 02:39:00,0.4494216762323049
2018-01-24 02:42:00,0.5892576029070824
2018-01-24 02:45:00,0.5551637310333604
2018-01-24 02:48:00,0.5168883851644637
2018-01-24 02:51:00,0.4433119246053252
2018-01-24 02:54:00,0.5016796974927047
2018-01-24 02:57:00,0.471698942506805
2018-01-24 03:00:00,0.50401613800409
2018-01-24 03:03:00,0.4136102397143304
2018-01-24 03:06:00,0.36869051512655915
2018-01-24 03:09:00,0.4299355734435153
2018-01-24 03:12:00,0.41469382958757706
2018-01-24 03:15:00,0.4653987621218221
2018-01-24 03:18:00,0.4895761902882896
2018-01-24 03:21:00,0.44264076839311883
2018-01-24 03:24:00,0.5083572429673495
2018-01-24 03:27:00,0.5050552659114373
2018-01-24 03:30:00,0.42203267027286984
2018-01-24 03:33:00,0.5631428498678588
2018-01-24 03:36:00,0.6159635990589436
2018-01-24 03:39:00,0.40984961778633533
2018-01-24 03:42:00,0.4986883844125032
2018-01-24 03:45:00,0.5802689164282242
2018-01-24 03:48:00,0.4810350863369308
2018-01-24 03:51:00,0.3550082442012581
2018-01-24 03:54:00,0.4312419401052807
2018-01-24 03:57:00,0.37075054418323816
2018-01-24 04:00:00,0.3252183049631867
2018-01-24 04:03:00,0.43983464770747105
2018-01-24 04:06:00,0.5407682332663057
2018-01-24 04:09:00,0.567705949167987
2018-01-24 04:12:00,0.5540174417592993
2018-01-24 04:15:00,0.420748979253176
2018-01-24 04:18:00,0.4096469644430272
2018-01-24 04:21:00,0.42690083350896657
2018-01-24 04:24:00,0.49962117465395295
2018-01-24 04:27:00,0.4258198293023838
2018-01-24 04:30:00,0.44689339718684096
2018-01-24 04:33:00,0.378413288591787
2018-01-24 04:36:00,0.4238280830130634
2018-01-24 04:39:00,0.47247682402235114
2018-01-24 04:42:00,0.4263817640161278
2018-01-24 04:45:00,0.47454709444019727
2018-01-24 04:48:00,0.41625091639775746
2018-01-24 04:51:00,0.4773040881684665
2018-01-24 04:54:00,0.4740300181014163
2018-01-24 04:57:00,0.4524993739701131
2018-01-24 05:00:00,0.36471068869968803
2018-01-24 05:03:00,0.4519790717596379
2018-01-24 05:06:00,0.38633337229822473
2018-01-24 05:09:00,0.4617419074755844
2018-01-24 05:12:00,0.39506550033746635
2018-01-24 05:15:00,0.4054099247568388
2018-01-24 05:18:00,0.3432939392089338
2018-01-24 05:21:00,0.39417114246521123
2018-01-24 05:24:00,0.5041251960349769
2018-01-24 05:27:00,0.46958469222647636
2018-01-24 05:30:00,0.5910920520311151
2018-01-24 05:33:00,0.5591741810596318
2018-01-24 05:36:00,0.541032791211137
2018-01-24 05:39:00,0.4506610646719196
2018-01-24 05:42:00,0.4321201647042585
2018-01-24 05:45:00,0.5392014572806829
2018-01-24 05:48:00,0.5352510153362005
2018-01-24 05:51:00,0.44751800776668915
2018-01-24 05:54:00,0.4975578702639609
2018-01-24 05:57:00,0.5002605172773542
2018-01-24 06:00:00,0.47718515104577364
2018-01-24 06:03:00,0.4644395815523126
2018-01-24 06:06:00,0.3991616244348961
2018-01-24 06:09:00,0.4297941820972824
2018-01-24 06:12:00,0.6087082869019014
2018-01-24 06:15:00,0.3997125920307667
2018-01-24 06:18:00,0.44368089432248325
2018-01-24 06:21:00,0.3518963377507589
2018-01-24 06:24:00,0.36052021652858457
2018-01-24 06:27:00,0.4219644146819519
2018-01-24 06:30:00,0.4173779450032953
2018-01-24 06:33:00,0.4291870784161347
2018-01-24 06:36:00,0.5077577260242947
2018-01-24 06:39:00,0.3707664479507571
2018-01-24 06:42:00,0.455078265449572
2018-01-24 06:45:00,0.4404435042782211
2018-01-24 06:48:00,0.4352483783307548
2018-01-24 06:51:00,0.4376773837119572
2018-01-24 06:54:00,0.5330401744148503
2018-01-24 06:57:00,0.5128688096837664
2018-01-24 07:00:00,0.3832857755978125
2018-01-24 07:03:00,0.43228502657427725
2018-01-24 07:06:00,0.3891700747051914
2018-01-24 07:09:00,0.41680540711678304
2018-01-24 07:12:00,0.587648222217581
2018-01-24 07:15:00,0.4540694195441688
2018-01-24 07:18:00,0.42587457141695495
2018-01-24 07:21:00,0.42471462290717454
2018-01-24 07:24:00,0.47399091543553595
2018-01-24 07:27:00,0.4456129917005569
2018-01-24 07:30:00,0.5347014059546495
2018-01-24 07:33:00,0.5269472269844755
2018-01-24 07:36:00,0.5522519101127159
2018-01-24 07:39:00,0.45433687773174825
2018-01-24 07:42:00,0.5439906437011359
2018-01-24 07:45:00,0.42237959041801787
2018-01-24 07:48:00,0.5079853647517325
2018-01-24 07:51:00,0.4032337604368763
2018-01-24 07:54:00,0.37721632921011405
2018-01-24 07:57:00,0.3732642340289658
2018-01-24 08:00:00,0.3638897539245818
2018-01-24 08:03:00,0.32849339189976945
2018-01-24 08:06:00,0.3945569690251318
2018-01-24 08:09:00,0.40049133044317387
2018-01-24 08:12:00,0.39080885085598993
2018-01-24 08:15:00,0.41259093910736055
2018-01-24 08:18:00,0.4607943212305372
2018-01-24 08:21:00,0.28929105490129814
2018-01-24 08:24:00,0.26658123353161045
2018-01-24 08:27:00,0.24196641459337798
2018-01-24 08:30:00,0.388777887347203
2018-01-24 08:33:00,0.29484382459781955
2018-01-24 08:36:00,0.28175815202706644
2018-01-24 08:39:00,0.28331002605699496
2018-01-24 08:42:00,0.15728460671283528
2018-01-24 08:45:00,0.3231097477768685
2018-01-24 08:48:00,0.22935998451185924
2018-01-24 08:51:00,0.3002906722497869
2018-01-24 08:54:00,0.20817963955772711
2018-01-24 08:57:00,0.17601756668210555
2018-01-24 09:00:00,0.18457286744626344
2018-01-24 09:03:00,0.21531735009722297
2018-01-24 09:06:00,0.2729214804101048
2018-01-24 09:09:00,0.17637826805088253
2018-01-24 09:12:00,0.19068307909788018
2018-01-24 09:15:00,0.2211007491956707
2018-01-24 09:18:00,0.28192727978927223
2018-01-24 09:21:00,0.1859974291184585
2018-01-24 09:24:00,0.2032680847370898
2018-01-24 09:27:00,0.2221458801867584
2018-01-24 09:30:00,0.10900099494887172
2018-01-24 09:33:00,0.06078819670739222
2018-01-24 09:36:00,0.12697190383784118
2018-01-24 09:39:00,0.1854805543402449
2018-01-24 09:42:00,0.1848790786174277
2018-01-24 09:45:00,0.13659232887943062
2018-01-24 09:48:00,0.17179334750790076
2018-01-24 09:51:00,0.16293519117510868
2018-01-24 09:54:00,0.18310939283918515
2018-01-24 09:57:00,0.223527977562469
2018-01-24 10:00:00,0.2948625870151318
2018-01-24 10:03:00,0.06427374062781155
2018-01-24 10:06:00,0.12488471718489791
2018-01-24 10:09:00,0.1324271439158906
2018-01-24 10:12:00,0.14657781502955913
2018-01-24 10:15:00,0.08438876045045163
2018-01-24 10:18:00,0.13807489288120678
2018-01-24 10:21:00,0.050822283870388674
2018-01-24 10:24:00,0.14104174166794792
2018-01-24 10:27:00,0.09537606616208905
2018-01-24 10:30:00,0.13045513228513528
2018-01-24 10:33:00,0.10952566314523438
2018-01-24 10:36:00,0.15691063791905435
2018-01-24 10:39:00,0.07447251039820912
2018-01-24 10:42:00,0.08372386429698508
2018-01-24 10:45:00,0.03266511466750899
2018-01-24 10:48:00,0.05971961066120457
2018-01-24 10:51:00,0.055006351308179546
2018-01-24 10:54:00,0.04102608153721121
2018-01-24 10:57:00,0.06200057628882405
2018-01-24 11:00:00,0.01574183209459079
2018-01-24 11:03:00,0.11971465273262538
2018-01-24 11:06:00,0.10799588096455182
2018-01-24 11:09:00,0.045273297203209495
2018-01-24 11:12:00,-0.027783466636890353
2018-01-24 11:15:00,0.10291578739793295
2018-01-24 11:18:00,0.0926304376963003
2018-01-24 11:21:00,-0.015038733574726848
2018-01-24 11:24:00,0.05186695831827137
2018-01-24 11:27:00,0.08812293518695924
2018-01-24 11:30:00,0.1664013647460365
2018-01-24 11:33:00,0.0336719655589377
2018-01-24 11:36:00,0.00892416017376263
2018-01-24 11:39:00,0.09072064236841015
2018-01-24 11:42:00,0.06712336493876592
2018-01-24 11:45:00,-0.033433878416190055
2018-01-24 11:48:00,-0.004696464223513885
2018-01-24 11:51:00,0.008992988572799732
2018-01-24 11:54:00,-0.008157912590490923
2018-01-24 11:57:00,0.0265234519315527
2018-01-24 12:00:00,-0.062033403584166535
2018-01-24 12:03:00,-0.00644092140663588
2018-01-24 12:06:00,-0.04817135515776272
2018-01-24 12:09:00,0.048723614936591275
2018-01-24 12:12:00,-0.01747883633214542
2018-01-24 12:15:00,-0.07443265324906179
2018-01-24 12:18:00,-0.0070183310591005466
2018-01-24 12:21:00,-0.05603527075152215
2018-01-24 12:24:00,-0.15153280379706757
2018-01-24 12:27:00,-0.037529356117204316
2018-01-24 12:30:00,-0.02513997249610611
2018-01-24 12:33:00,-0.07360099128885622
2018-01-24 12:36:00,-0.20464715797788813
2018-01-24 12:39:00,-0.22956965278513053
2018-01-24 12:42:00,-0.13903827193689722
2018-01-24 12:45:00,-0.08339302686130168
2018-01-24 12:48:00,-0.20839202071448426
2018-01-24 12:51:00,-0.24663293559893873
2018-01-24 12:54:00,-0.21664667914035363
2018-01-24 12:57:00,-0.08097433802817022
2018-01-24 13:00:00,-0.17285462599477341
2018-01-24 13:03:00,-0.07438412045814857
2018-01-24 13:06:00,-0.06528000558517988
2018-01-24 13:09:00,-0.18189898480409283
2018-01-24 13:12:00,-0.1332601167346752
2018-01-24 13:15:00,-0.020499299068603705
2018-01-24 13:18:00,-0.11734695182997257
2018-01-24 13:21:00,-0.14016689180942876
2018-01-24 13:24:00,-0.30372429580233984
2018-01-24 13:27:00,-0.18399663081555673
2018-01-24 13:30:00,-0.17049982726786084
2018-01-24 13:33:00,-0.2802737368762678
2018-01-24 13:36:00,-0.22870483233879213
2018-01-24 13:39:00,-0.27380523678220925
2018-01-24 13:42:00,-0.3624145753396988
2018-01-24 13:45:00,-0.28376484405583824
2018-01-24 13:48:00,-0.23548354805944882
2018-01-24 13:51:00,-0.1918780505553741
2018-01-24 13:54:00,-0.3088550090421336
2018-01-24 13:57:00,-0.22600557936544874
2018-01-24 14:00:00,-0.23834694193470796
2018-01-24 14:03:00,-0.22352492205180852
2018-01-24 14:06:00,-0.2276900660030492
2018-01-24 14:09:00,-0.2862135582752785
2018-01-24 14:12:00,-0.2736220562240419
2018-01-24 14:15:00,-0.37056460902169874
2018-01-24 14:18:00,-0.31669240052627856
2018-01-24 14:21:00,-0.30263916500820187
2018-01-24 14:24:00,-0.4261979946693373
2018-01-24 14:27:00,-0.3041721426492927
2018-01-24 14:30:00,-0.38772488593713206
2018-01-24 14:33:00,-0.402257024831556
2018-01-24 14:36:00,-0.3892136425586159
2018-01-24 14:39:00,-0.4690654081574621
2018-01-24 14:42:00,-0.4041267249513112
2018-01-24 14:45:00,-0.4479221274977476
2018-01-24 14:48:00,-0.31610025799346886
2018-01-24 14:51:00,-0.3323805559617199
2018-01-24 14:54:00,-0.3853893820750045
2018-01-24 14:57:00,-0.3686453114039523
2018-01-24 15:00:00,-0.4452555389568147
2018-01-24 15:03:00,-0.3759190465640927
2018-01-24 15:06:00,-0.4755308349417646
2018-01-24 15:09:00,-0.44108486918389644
2018-01-24 15:12:00,-0.3735371960279963
2018-01-24 15:15:00,-0.525546315586837
2018-01-24 15:18:00,-0.34605417377474623
2018-01-24 15:21:00,-0.41745501813608143
2018-01-24 15:24:00,-0.4692741832863021
2018-01-24 15:27:00,-0.41688267959057157
2018-01-24 15:30:00,-0.4952181926227581
2018-01-24 15:33:00,-0.4984443965328751
2018-01-24 15:36:00,-0.32915331017557037
2018-01-24 15:39:00,-0.4226641899672927
2018-01-24 15:42:00,-0.4037330930939902
2018-01-24 15:45:00,-0.4490939635769564
2018-01-24 15:48:00,-0.29881133890557976
2018-01-24 15:51:00,-0.4635673693832132
2018-01-24 15:54:00,-0.42616068864998624
2018-01-24 15:57:00,-0.380792681312073
2018-01-24 16:00:00,-0.4516357182529873
2018-01-24 16:03:00,-0.4176491783460392
2018-01-24 16:06:00,-0.38776665346728123
2018-01-24 16:09:00,-0.44413154819142164
2018-01-24 16:12:00,-0.46061086627196346
2018-01-24 16:15:00,-0.45409198803577056
2018-01-24 16:18:00,-0.5148974950905085
2018-01-24 16:21:00,-0.4305633171049976
2018-01-24 16:24:00,-0.4459901218087907
2018-01-24 16:27:00,-0.5013978527643417
2018-01-24 16:30:00,-0.4116417849989489
2018-01-24 16:33:00,-0.5221375656331588
2018-01-24 16:36:00,-0.45816830578002055
2018-01-24 16:39:00,-0.3532822061150114
2018-01-24 16:42:00,-0.4937904600456591
2018-01-24 16:45:00,-0.5027087100343124
2018-01-24 16:48:00,-0.39147087559655347
2018-01-24 16:51:00,-0.39901395340979207
2018-01-24 16:54:00,-0.4880646060918252
2018-01-24 16:57:00,-0.5234055100152659
2018-01-24 17:00:00,-0.42203576054129144
2018-01-24 17:03:00,-0.4293927901063057
2018-01-24 17:06:00,-0.42331321939389
2018-01-24 17:09:00,-0.43703017879732897
2018-01-24 17:12:00,-0.4627389618578377
2018-01-24 17:15:00,-0.494926938084177
2018-01-24 17:18:00,-0.32626994495899453
2018-01-24 17:21:00,-0.37676783083168175
2018-01-24 17:24:00,-0.36376386345574474
2018-01-24 17:27:00,-0.28174580258917103
2018-01-24 17:30:00,-0.4509677170189548
2018-01-24 17:33:00,-0.36139352094096466
2018-01-24 17:36:00,-0.3465818662289166
2018-01-24 17:39:00,-0.435622149792664
2018-01-24 17:42:00,-0.3294867377273931
2018-01-24 17:45:00,-0.2603087290886492
2018-01-24 17:48:00,-0.2005999654269317
2018-01-24 17:51:00,-0.253532902838117
2018-01-24 17:54:00,-0.22658710954294747
2018-01-24 17:57:00,-0.2968417808892241
2018-01-24 18:00:00,-0.22474751725604847
2018-01-24 18:03:00,-0.18075048957194895
2018-01-24 18:06:00,-0.2446978563022526
2018-01-24 18:09:00,-0.15439972359524745
2018-01-24 18:12:00,-0.16983248167156262
2018-01-24 18:15:00,-0.11645781206783568
2018-01-24 18:18:00,-0.10099242970426303
2018-01-24 18:21:00,-0.14476341984772034
2018-01-24 18:24:00,-0.052285686218453975
2018-01-24 18:27:00,-0.04452272909566091
2018-01-24 18:30:00,-0.06772550656864951
2018-01-24 18:33:00,0.03941441968379422
2018-01-24 18:36:00,0.04235800669238188
2018-01-24 18:39:00,-0.06521758805558875
2018-01-24 18:42:00,0.04813843094825643
2018-01-24 18:45:00,0.012061780571571035
2018-01-24 18:48:00,0.04345634364113948
2018-01-24 18:51:00,0.10424774580280882
2018-01-24 18:54:00,0.06811533342403209
2018-01-24 18:57:00,
2018-01-24 19:00:00,
2018-01-24 19:03:00,0.0446719198083656
2018-01-24 19:06:00,-0.01881438632563004
2018-01-24 19:09:00,0.12047845714272398
2018-01-24 19:12:00,0.11791099411038886
2018-01-24 19:15:00,0.02091761059534747
2018-01-24 19:18:00,-0.007308898324993152
2018-01-24 19:21:00,0.08250122870788346
2018-01-24 19:24:00,0.027461625316163918
2018-01-24 19:27:00,0.08169280885994112
2018-01-24 19:30:00,0.027680438743345803
2018-01-24 19:33:00,0.06547895941940851
2018-01-24 19:36:00,0.07920988586857902
2018-01-24 19:39:00,0.024219001763583492
2018-01-24 19:42:00,-0.06717749218097424
2018-01-24 19:45:00,0.08751426003522056
2018-01-24 19:48:00,0.12923876965635372
2018-01-24 19:51:00,0.12990386399695808
2018-01-24 19:54:00,0.11790896210732171
2018-01-24 19:57:00,0.105032655075604
2018-01-24 20:00:00,0.11000108391419872
2018-01-24 20:03:00,0.04440520050894747
2018-01-24 20:06:00,0.130511108979249
2018-01-24 20:09:00,0.08696932946617153
2018-01-24 20:12:00,0.15122183033412284
2018-01-24 20:15:00,0.07140350735812717
2018-01-24 20:18:00,0.025610774255142132
2018-01-24 20:21:00,0.12023152399302717
2018-01-24 20:24:00,0.12053468501289899
2018-01-24 20:27:00,0.080577792418012
2018-01-24 20:30:00,0.08577724787176066
2018-01-24 20:33:00,0.08176273430382253
2018-01-24 20:36:00,0.014105465104250925
2018-01-24 20:39:00,0.07562403634221937
2018-01-24 20:42:00,0.15630059265214413
2018-01-24 20:45:00,0.03501210681832845
2018-01-24 20:48:00,0.09785113173523996
2018-01-24 20:51:00,0.05546748575949323
2018-01-24 20:54:00,0.1946118665165386
2018-01-24 20:57:00,0.16517682469645933
2018-01-24 21:00:00,0.19989530564106417
2018-01-24 21:03:00,0.17068440961725173
2018-01-24 21:06:00,0.16050475289836186
2018-01-24 21:09:00,0.2591951994164674
2018-01-24 21:12:00,0.12024465977634691
2018-01-24 21:15:00,0.15829205717386685
2018-01-24 21:18:00,0.23838213428308563
2018-01-24 21:21:00,0.19772106971510084
2018-01-24 21:24:00,0.13977713233379063
2018-01-24 21:27:00,0.1774562572828131
2018-01-24 21:30:00,0.2791338689851841
2018-01-24 21:33:00,0.24579906245878647
2018-01-24 21:36:00,0.18750761205956223
2018-01-24 21:39:00,0.19285762605073842
2018-01-24 21:42:00,0.19361477493907842
2018-01-24 21:45:00,0.16531943548903882
2018-01-24 21:48:00,0.21935860485052672
2018-01-24 21:51:00,0.13791711378360105
2018-01-24 21:54:00,0.17488106353158628
2018-01-24 21:57:00,0.11167943998259489
2018-01-24 22:00:00,0.18960205734640567
2018-01-24 22:03:00,0.2762980526304091
2018-01-24 22:06:00,0.1937672758675717
2018-01-24 22:09:00,0.28506892848423604
2018-01-24 22:12:00,0.26531527187393067
2018-01-24 22:15:00,0.22101981682271798
2018-01-24 22:18:00,0.19160640653046812
2018-01-24 22:21:00,0.32408509020592646
2018-01-24 22:24:00,0.25278920799678417
2018-01-24 22:27:00,0.26392324713236803
2018-01-24 22:30:00,0.24436401366159544
2018-01-24 22:33:00,0.22141101065432167
2018-01-24 22:36:00,0.2840250845378023
2018-01-24 22:39:00,0.15423970829505151
2018-01-24 22:42:00,0.23741829085247446
2018-01-24 22:45:00,0.3571115210419862
2018-01-24 22:48:00,0.33576761798013877
2018-01-24 22:51:00,0.3220852807650658
2018-01-24 22:54:00,0.3608660523765366
2018-01-24 22:57:00,0.2852461277270777
2018-01-24 23:00:00,0.4045650930083866
2018-01-24 23:03:00,0.3514233964607456
2018-01-24 23:06:00,0.37737848305573607
2018-01-24 23:09:00,0.27252751371315753
2018-01-24 23:12:00,0.2965721855669585
2018-01-24 23:15:00,0.2490676546911459
2018-01-24 23:18:00,0.4484823038856689
2018-01-24 23:21:00,0.2154178771446027
2018-01-24 23:24:00,0.3496974118508547
2018-01-24 23:27:00,0.264577101878956
2018-01-24 23:30:00,0.3641687317029323
2018-01-24 23:33:00,0.35000994116910533
2018-01-24 23:36:00,0.2741848539846501
2018-01-24 23:39:00,0.32477171957498285
2018-01-24 23:42:00,0.37887075671727644
2018-01-24 23:45:00,0.26303296740462656
2018-01-24 23:48:00,0.3059735123237033
2018-01-24 23:51:00,0.31462587437675893
2018-01-24 23:54:00,0.333330777189758
2018-01-24 23:57:00,0.35290419325610856
2018-01-25 00:00:00,0.21254655759963725
2018-01-25 00:03:00,0.38981192449534774
2018-01-25 00:06:00,0.3385083625846619
2018-01-25 00:09:00,0.34318541054324214
2018-01-25 00:12:00,0.2993392455144317
2018-01-25 00:15:00,0.3978893321802275
2018-01-25 00:18:00,0.34516265131907176
2018-01-25 00:21:00,0.5087871497730703
2018-01-25 00:24:00,0.33351255928823775
2018-01-25 00:27:00,0.37600523651502726
2018-01-25 00:30:00,0.36760044563925476
2018-01-25 00:33:00,0.3893635164532725
2018-01-25 00:36:00,0.409798202588604
2018-01-25 00:39:00,0.33556661349120986
2018-01-25 00:42:00,0.47366890860860167
2018-01-25 00:45:00,0.38608498779683487
2018-01-25 00:48:00,0.4288690734560987
2018-01-25 00:51:00,0.41351751938105963
2018-01-25 00:54:00,0.31139640759926124
2018-01-25 00:57:00,0.3717435209110249
2018-01-25 01:00:00,0.40543162732609517
2018-01-25 01:03:00,0.306142518793024
2018-01-25 01:06:00,0.4312369777682079
2018-01-25 01:09:00,0.40807607795875356
2018-01-25 01:12:00,0.40014774703826106
2018-01-25 01:15:00,0.38527565096757144
2018-01-25 01:18:00,0.3720975207286301
2018-01-25 01:21:00,0.36681609969400597
2018-01-25 01:24:00,0.38657000519168605
2018-01-25 01:27:00,0.28572403544450253
2018-01-25 01:30:00,0.42574039999607294
2018-01-25 01:33:00,0.40229042912574187
2018-01-25 01:36:00,0.47379756739854884
2018-01-25 01:39:00,0.4809314798837363
2018-01-25 01:42:00,0.4936161912831949
2018-01-25 01:45:00,0.4206910118677456
2018-01-25 01:48:00,0.5320263843005932
2018-01-25 01:51:00,0.5849823271329342
2018-01-25 01:54:00,0.5603687474978187
2018-01-25 01:57:00,0.5006373854137678
2018-01-25 02:00:00,0.5748305544290133
2018-01-25 02:03:00,0.5446891802901064
2018-01-25 02:06:00,0.4851731905100678
2018-01-25 02:09:00,0.4908098687293432
2018-01-25 02:12:00,0.48958018634169775
2018-01-25 02:15:00,0.44869131969062437
2018-01-25 02:18:00,0.4840166473333056
2018-01-25 02:21:00,0.48928696165154406
2018-01-25 02:24:00,0.528218911301849
2018-01-25 02:27:00,0.5130152158797614
2018-01-25 02:30:00,0.586914735741459
2018-01-25 02:33:00,0.3629424270799859
2018-01-25 02:36:00,0.4264740652314458
2018-01-25 02:39:00,0.4628919207912645
2018-01-25 02:42:00,0.5301950938537061
2018-01-25 02:45:00,0.4566678732181799
2018-01-25 02:48:00,0.4603293223552214
2018-01-25 02:51:00,0.4443317667580686
2018-01-25 02:54:00,0.4244325835314271
2018-01-25 02:57:00,0.3721673029768908
2018-01-25 03:00:00,0.5143439123312987
2018-01-25 03:03:00,0.4600958016176264
2018-01-25 03:06:00,0.5003942001736732
2018-01-25 03:09:00,0.45295845929751977
2018-01-25 03:12:00,0.5494068185426499
2018-01-25 03:15:00,0.35378444176313906
2018-01-25 03:18:00,0.4957614287596357
2018-01-25 03:21:00,0.42354228156926865
2018-01-25 03:24:00,0.5293903164072162
2018-01-25 03:27:00,0.47886075589860866
2018-01-25 03:30:00,0.5396259279092419
2018-01-25 03:33:00,0.5563289685459836
2018-01-25 03:36:00,0.4510925888620818
2018-01-25 03:39:00,0.48648524551515493
2018-01-25 03:42:00,0.4877049378176821
2018-01-25 03:45:00,0.4743480861868079
2018-01-25 03:48:00,0.5002164736518466
2018-01-25 03:51:00,0.44304584702126704
2018-01-25 03:54:00,0.5421716995707584
2018-01-25 03:57:00,0.5289997819223231
2018-01-25 04:00:00,0.5209649325595365
2018-01-25 04:03:00,0.45237682889103326
2018-01-25 04:06:00,0.5667320662930138
2018-01-25 04:09:00,0.6098071700456558
2018-01-25 04:12:00,0.5613706964214771
2018-01-25 04:15:00,0.4521067597154911
2018-01-25 04:18:00,0.6308734315412607
2018-01-25 04:21:00,0.5128421598634532
2018-01-25 04:24:00,0.49124673639306593
2018-01-25 04:27:00,0.49166987029786924
2018-01-25 04:30:00,0.551157656242367
2018-01-25 04:33:00,0.5011572533192634
2018-01-25 04:36:00,0.590182859854508
2018-01-25 04:39:00,0.45196980091827754
2018-01-25 04:42:00,0.5406773949785588
2018-01-25 04:45:00,0.5785322491338434
2018-01-25 04:48:00,0.46010538719957594
2018-01-25 04:51:00,0.5948273038170555
2018-01-25 04:54:00,0.5220987893530946
2018-01-25 04:57:00,0.6164306470117822
2018-01-25 05:00:00,0.5936891244238609
2018-01-25 05:03:00,0.5097419167084354
2018-01-25 05:06:00,0.6537528992560624
2018-01-25 05:09:00,0.48642293572294193
2018-01-25 05:12:00,0.5194721343243032
2018-01-25 05:15:00,0.6332849284054873
2018-01-25 05:18:00,0.6011701566007446
2018-01-25 05:21:00,0.5421986479475436
2018-01-25 05:24:00,0.5507139187641883
2018-01-25 05:27:00,0.5676562054977126
2018-01-25 05:30:00,0.5917890502984733
2018-01-25 05:33:00,0.6704632614076331
2018-01-25 05:36:00,0.5848072577413745
2018-01-25 05:39:00,0.5490770266080744
2018-01-25 05:42:00,0.5348422028161508
2018-01-25 05:45:00,0.5629762701072423
2018-01-25 05:48:00,0.6525598682066516
2018-01-25 05:51:00,0.6107500918071764
2018-01-25 05:54:00,0.6142995901787458
2018-01-25 05:57:00,0.5897731167072493
2018-01-25 06:00:00,0.6934342153929265
2018-01-25 06:03:00,0.6494530542001371
2018-01-25 06:06:00,0.6454886122540415
2018-01-25 06:09:00,0.6552204279612397
2018-01-25 06:12:00,0.6045573997753877
2018-01-25 06:15:00,0.5729918534068474
2018-01-25 06:18:00,0.5606075985704138
2018-01-25 06:21:00,0.587108628940598
2018-01-25 06:24:00,0.5163720573794421
2018-01-25 06:27:00,0.5960272103897637
2018-01-25 06:30:00,0.6362051537301454
2018-01-25 06:33:00,0.671892341172736
2018-01-25 06:36:00,0.5881068718593383
2018-01-25 06:39:00,0.5539578116594157
2018-01-25 06:42:00,0.5513186264849992
2018-01-25 06:45:00,0.5314253242269729
2018-01-25 06:48:00,0.687121739666793
2018-01-25 06:51:00,0.5280202156299083
2018-01-25 06:54:00,0.5907490327378468
2018-01-25 06:57:00,0.5960339022542485
2018-01-25 07:00:00,0.5007043960542887
2018-01-25 07:03:00,0.5859231207389257
2018-01-25 07:06:00,0.5450484046041311
2018-01-25 07:09:00,0.5003764130611899
2018-01-25 07:12:00,0.44214148035308654
2018-01-25 07:15:00,0.654502981121027
2018-01-25 07:18:00,0.5416270812524431
2018-01-25 07:21:00,0.5512144998720032
2018-01-25 07:24:00,0.6651228341688125
2018-01-25 07:27:00,0.5543134642960581
2018-01-25 07:30:00,0.6385918973363118
2018-01-25 07:33:00,0.6450927210762529
2018-01-25 07:36:00,0.5816310017012256
2018-01-25 07:39:00,0.6187287324095223
2018-01-25 07:42:00,0.637792650776305
2018-01-25 07:45:00,0.5706619714200656
2018-01-25 07:48:00,0.5478220434878267
2018-01-25 07:51:00,0.5949508350048518
2018-01-25 07:54:00,0.5980634722768627
2018-01-25 07:57:00,0.5442225492412263
2018-01-25 08:00:00,0.663134248905294
2018-01-25 08:03:00,0.5728059141429185
2018-01-25 08:06:00,0.5760318434897158
2018-01-25 08:09:00,0.5878055261496229
2018-01-25 08:12:00,0.5718743825657953
2018-01-25 08:15:00,0.5655815616307223
2018-01-25 08:18:00,0.6732076055566836
2018-01-25 08:21:00,0.6473578421058619
2018-01-25 08:24:00,0.5203733536140476
2018-01-25 08:27:00,0.5616889125332705
2018-01-25 08:30:00,0.6208063906087773
2018-01-25 08:33:00,0.5548581320791186
2018-01-25 08:36:00,0.6549039534876329
2018-01-25 08:39:00,0.5718264112907718
2018-01-25 08:42:00,0.643265743610641
2018-01-25 08:45:00,0.5506183115841168
2018-01-25 08:48:00,0.5965522486690134
2018-01-25 08:51:00,0.5090404228513989
2018-01-25 08:54:00,0.6600353906300143
2018-01-25 08:57:00,0.5914378710518804
2018-01-25 09:00:00,0.45723050651389485
2018-01-25 09:03:00,0.5811524413544475
2018-01-25 09:06:00,0.5804961862009463
2018-01-25 09:09:00,0.4887021690720985
2018-01-25 09:12:00,0.556555166533542
2018-01-25 09:15:00,0.49634114010115127
2018-01-25 09:18:00,0.5065203424998117
2018-01-25 09:21:00,0.5318297624282877
2018-01-25 09:24:00,0.4758583168210748
2018-01-25 09:27:00,0.5348976218800772
2018-01-25 09:30:00,0.3836803072983912
2018-01-25 09:33:00,0.6021154004323535
2018-01-25 09:36:00,0.41967766713298715
2018-01-25 09:39:00,0.48306209895463326
2018-01-25 09:42:00,0.29896378479963914
2018-01-25 09:45:00,0.4544396070566563
2018-01-25 09:48:00,0.4795785939268171
2018-01-25 09:51:00,0.4118035567781817
2018-01-25 09:54:00,0.3949999612245847
2018-01-25 09:57:00,0.35161189616405863
2018-01-25 10:00:00,0.3171426162527382
2018-01-25 10:03:00,0.43562402691429725
2018-01-25 10:06:00,0.3694520561708714
2018-01-25 10:09:00,0.4269493008033578
2018-01-25 10:12:00,0.38140888236119963
2018-01-25 10:15:00,0.32680031894688
2018-01-25 10:18:00,0.20837418575791844
2018-01-25 10:21:00,0.12733774606533643
2018-01-25 10:24:00,0.23133370813928877
2018-01-25 10:27:00,0.24587063633379103
2018-01-25 10:30:00,0.27183404083757523
2018-01-25 10:33:00,0.26433617470189574
2018-01-25 10:36:00,0.18178670867501978
2018-01-25 10:39:00,0.16299330508803678
2018-01-25 10:42:00,0.07752368095202655
2018-01-25 10:45:00,0.09995258725217582
2018-01-25 10:48:00,0.07226719040806984
2018-01-25 10:51:00,0.13021591259081333
2018-01-25 10:54:00,0.10338753670959022
2018-01-25 10:57:00,0.05233886470460902
2018-01-25 11:00:00,-0.03117016257414207
2018-01-25 11:03:00,-0.07083025280695665
2018-01-25 11:06:00,0.010677975580620114
2018-01-25 11:09:00,-0.05572271528694728
2018-01-25 11:12:00,0.014130264225968858
2018-01-25 11:15:00,0.0018147129038652565
2018-01-25 11:18:00,0.06535165918029406
2018-01-25 11:21:00,-0.02852545118736316
2018-01-25 11:24:00,-0.08189394646092296
2018-01-25 11:27:00,-0.09848994611809303
2018-01-25 11:30:00,-0.11396496242025478
2018-01-25 11:33:00,-0.06054519528890978
2018-01-25 11:36:00,-0.06992984391803247
2018-01-25 11:39:00,-0.03905618174718484
2018-01-25 11:42:00,-0.08590738584456403
2018-01-25 11:45:00,-0.02207859456592587
2018-01-25 11:48:00,-0.06074427634899848
2018-01-25 11:51:00,-0.09028106295897942
2018-01-25 11:54:00,-0.03135909281536442
2018-01-25 11:57:00,-0.12442042149734789
2018-01-25 12:00:00,-0.11439709744189486
2018-01-25 12:03:00,-0.08812330207592822
2018-01-25 12:06:00,-0.1878706248633648
2018-01-25 12:09:00,-0.057076195544937036
2018-01-25 12:12:00,-0.14684904285860512
2018-01-25 12:15:00,-0.21206956497195506
2018-01-25 12:18:00,-0.22601777729965988
2018-01-25 12:21:00,-0.01995407619915568
2018-01-25 12:24:00,-0.23737385615231688
2018-01-25 12:27:00,-0.2732484704471858
2018-01-25 12:30:00,-0.10657098740983884
2018-01-25 12:33:00,-0.14368669275620505
2018-01-25 12:36:00,-0.08094253481016267
2018-01-25 12:39:00,-0.1515236179205317
2018-01-25 12:42:00,-0.29632732353803704
2018-01-25 12:45:00,-0.32295685140354635
2018-01-25 12:48:00,-0.21279342656663403
2018-01-25 12:51:00,-0.16451941951140725
2018-01-25 12:54:00,-0.17110307083169118
2018-01-25 12:57:00,-0.14839369939988956
2018-01-25 13:00:00,-0.18023917048657268
2018-01-25 13:03:00,-0.15119717203430127
2018-01-25 13:06:00,-0.24692118423047305
2018-01-25 13:09:00,-0.19902186808036504
2018-01-25 13:12:00,-0.1994999450592445
2018-01-25 13:15:00,-0.19583109457647652
2018-01-25 13:18:00,-0.16887860165763868
2018-01-25 13:21:00,-0.26317536293839794
2018-01-25 13:24:00,-0.3514311708467517
2018-01-25 13:27:00,-0.4418408167227881
2018-01-25 13:30:00,-0.15536406079002063
2018-01-25 13:33:00,-0.2804667210040179
2018-01-25 13:36:00,-0.2322350858221398
2018-01-25 13:39:00,-0.4123705957930497
2018-01-25 13:42:00,-0.26964706539189365
2018-01-25 13:45:00,-0.30009200276356296
2018-01-25 13:48:00,-0.34444997934576804
2018-01-25 13:51:00,-0.2467968459086478
2018-01-25 13:54:00,-0.3701216823519644
2018-01-25 13:57:00,-0.3383224609802369
2018-01-25 14:00:00,-0.30464104157852034
2018-01-25 14:03:00,-0.37537772256786184
2018-01-25 14:06:00,-0.2679000766155468
2018-01-25 14:09:00,-0.29698944720337295
2018-01-25 14:12:00,-0.28873021241355445
2018-01-25 14:15:00,-0.280760621804518
2018-01-25 14:18:00,-0.20350719925522753
2018-01-25 14:21:00,-0.15823559534891274
2018-01-25 14:24:00,-0.2076841879745075
2018-01-25 14:27:00,-0.2791372998052566
2018-01-25 14:30:00,-0.24745697653526122
2018-01-25 14:33:00,-0.24623347800053352
2018-01-25 14:36:00,-0.38112625656390264
2018-01-25 14:39:00,-0.3752536522010814
2018-01-25 14:42:00,-0.21117236889813285
2018-01-25 14:45:00,-0.24272016787375605
2018-01-25 14:48:00,-0.48354046457581035
2018-01-25 14:51:00,-0.5150063653405823
2018-01-25 14:54:00,-0.3986902390828959
2018-01-25 14:57:00,-0.27238007658098695
2018-01-25 15:00:00,-0.2891826357717946
2018-01-25 15:03:00,-0.33410279617726246
2018-01-25 15:06:00,-0.33519425198636554
2018-01-25 15:09:00,-0.32826448426487786
2018-01-25 15:12:00,-0.4104407615787977
2018-01-25 15:15:00,-0.4550796909760493
2018-01-25 15:18:00,-0.4492957743552779
2018-01-25 15:21:00,-0.4025313961600432
2018-01-25 15:24:00,-0.4473575297879506
2018-01-25 15:27:00,-0.41496299384232316
2018-01-25 15:30:00,-0.3490231633745111
2018-01-25 15:33:00,-0.21886661215563663
2018-01-25 15:36:00,-0.2827542756406274
2018-01-25 15:39:00,-0.4739777133871712
2018-01-25 15:42:00,-0.47969701643825147
2018-01-25 15:45:00,-0.37044794607538734
2018-01-25 15:48:00,-0.4341839982482725
2018-01-25 15:51:00,-0.4404665411601627
2018-01-25 15:54:00,-0.4170996582818134
2018-01-25 15:57:00,-0.34958275594800625
2018-01-25 16:00:00,-0.3995876821946922
2018-01-25 16:03:00,-0.42862638059773417
2018-01-25 16:06:00,-0.4688573493925219
2018-01-25 16:09:00,-0.4955227273430296
2018-01-25 16:12:00,-0.3849354289134226
2018-01-25 16:15:00,-0.331812025269528
2018-01-25 16:18:00,-0.41823753799320684
2018-01-25 16:21:00,-0.2627167900575955
2018-01-25 16:24:00,-0.35310881851864906
2018-01-25 16:27:00,-0.28992040756855886
2018-01-25 16:30:00,-0.16700070276220913
2018-01-25 16:33:00,-0.2660198188929712
2018-01-25 16:36:00,-0.24664622550238846
2018-01-25 16:39:00,-0.30387747024684586
2018-01-25 16:42:00,-0.250755977474455
2018-01-25 16:45:00,-0.340008350980213
2018-01-25 16:48:00,-0.3298534670419144
2018-01-25 16:51:00,-0.26164124924002863
2018-01-25 16:54:00,-0.2864801148330116
2018-01-25 16:57:00,-0.4672466343594124
2018-01-25 17:00:00,-0.37893941842770573
2018-01-25 17:03:00,-0.39680539383317637
2018-01-25 17:06:00,-0.3554511925420343
2018-01-25 17:09:00,-0.39184388472540377
2018-01-25 17:12:00,-0.4345313957754797
2018-01-25 17:15:00,-0.40659770621641655
2018-01-25 17:18:00,-0.48084560955425104
2018-01-25 17:21:00,-0.36128962618550986
2018-01-25 17:24:00,-0.3901786334685653
2018-01-25 17:27:00,-0.40734909578645784
2018-01-25 17:30:00,-0.4614125907560833
2018-01-25 17:33:00,-0.4002445717779324
2018-01-25 17:36:00,-0.34501484436304963
2018-01-25 17:39:00,-0.28621962267533263
2018-01-25 17:42:00,-0.3334289656285705
2018-01-25 17:45:00,-0.32540878447906607
2018-01-25 17:48:00,-0.2033655242619261
2018-01-25 17:51:00,-0.3208392291294899
2018-01-25 17:54:00,-0.26452838662476097
2018-01-25 17:57:00,-0.23246662918421634
2018-01-25 18:00:00,-0.20000986331069726
2018-01-25 18:03:00,-0.25625893850190096
2018-01-25 18:06:00,-0.19084804192345928
2018-01-25 18:09:00,-0.16490904716039267
2018-01-25 18:12:00,-0.16110600038473422
2018-01-25 18:15:00,-0.20300062289044263
2018-01-25 18:18:00,-0.17598688270220464
2018-01-25 18:21:00,-0.18403162797488903
2018-01-25 18:24:00,-0.08460542978463081
2018-01-25 18:27:00,-0.08826514294668186
2018-01-25 18:30:00,-0.1046935283590642
2018-01-25 18:33:00,-0.07990904802960586
2018-01-25 18:36:00,-0.23886291742894628
2018-01-25 18:39:00,-0.11056285107122221
2018-01-25 18:42:00,-0.02107084758893052
2018-01-25 18:45:00,-0.03508123558276566
2018-01-25 18:48:00,-0.07143700169126532
2018-01-25 18:51:00,0.007205588582849032
2018-01-25 18:54:00,
2018-01-25 18:57:00,
2018-01-25 19:00:00,
2018-01-25 19:03:00,-0.015297236940853054
2018-01-25 19:06:00,-0.08542397155559911
2018-01-25 19:09:00,-0.07158130168750176
2018-01-25 19:12:00,-0.16852706842325915
2018-01-25 19:15:00,-0.051072320879995914
2018-01-25 19:18:00,-0.20165997022098736
2018-01-25 19:21:00,-0.13204075880969413
2018-01-25 19:24:00,-0.0541970457522325
2018-01-25 19:27:00,-0.09912600681303729
2018-01-25 19:30:00,-0.06466886390995796
2018-01-25 19:33:00,0.050811597633753536
2018-01-25 19:36:00,0.049584324000761626
2018-01-25 19:39:00,0.030729034984062764
2018-01-25 19:42:00,-0.05880417258958914
2018-01-25 19:45:00,0.13465416069323055
2018-01-25 19:48:00,0.21257998586440863
2018-01-25 19:51:00,0.05065653224897915
2018-01-25 19:54:00,-0.002789904225380724
2018-01-25 19:57:00,0.06259072170036006
2018-01-25 20:00:00,0.026267742772176916
2018-01-25 20:03:00,0.1063913042345348
2018-01-25 20:06:00,0.11797063453229839
2018-01-25 20:09:00,0.16002471845541777
2018-01-25 20:12:00,0.23985069562678518
2018-01-25 20:15:00,0.1760831228793336
2018-01-25 20:18:00,0.06882722356795057
2018-01-25 20:21:00,0.19307358465914604
2018-01-25 20:24:00,0.16097817042930274
2018-01-25 20:27:00,0.15751939680143323
2018-01-25 20:30:00,0.10109115657581924
2018-01-25 20:33:00,0.1945026068652851
2018-01-25 20:36:00,0.1963295944565857
2018-01-25 20:39:00,0.01986863217496193
2018-01-25 20:42:00,0.2163412528597064
2018-01-25 20:45:00,0.1551337885950943
2018-01-25 20:48:00,0.14082073236050974
2018-01-25 20:51:00,0.11209026399075128
2018-01-25 20:54:00,0.1815182232855932
2018-01-25 20:57:00,0.15461473857095598
2018-01-25 21:00:00,0.09485837376990958
2018-01-25 21:03:00,0.23271200287678084
2018-01-25 21:06:00,0.21664347358125724
2018-01-25 21:09:00,0.2101188246204515
2018-01-25 21:12:00,0.17869470502682816
2018-01-25 21:15:00,0.17520617898725277
2018-01-25 21:18:00,0.28845373422046805
2018-01-25 21:21:00,0.25739879651860065
2018-01-25 21:24:00,0.3057418906737439
2018-01-25 21:27:00,0.21915542744500272
2018-01-25 21:30:00,0.18370748156877426
2018-01-25 21:33:00,0.2114925595798809
2018-01-25 21:36:00,0.2642144317509292
2018-01-25 21:39:00,0.15344657295617026
2018-01-25 21:42:00,0.1670972735024634
2018-01-25 21:45:00,0.24684381933650457
2018-01-25 21:48:00,0.32172326506827176
2018-01-25 21:51:00,0.13271881497485083
2018-01-25 21:54:00,0.1332471844135057
2018-01-25 21:57:00,0.20871165976603834
2018-01-25 22:00:00,0.24825887062877428
2018-01-25 22:03:00,0.19315747321343224
2018-01-25 22:06:00,0.1647735501275065
2018-01-25 22:09:00,0.24389180087371187
2018-01-25 22:12:00,0.17643351497605408
2018-01-25 22:15:00,0.22316404657897237
2018-01-25 22:18:00,0.3037754148274985
2018-01-25 22:21:00,0.24771361578154938
2018-01-25 22:24:00,0.22494542650184712
2018-01-25 22:27:00,0.1512357459154714
2018-01-25 22:30:00,0.21134950530165497
2018-01-25 22:33:00,0.14410699209201994
2018-01-25 22:36:00,0.11239834699711082
2018-01-25 22:39:00,0.251732392306792
2018-01-25 22:42:00,0.21448292587109563
2018-01-25 22:45:00,0.18265792194716823
2018-01-25 22:48:00,0.21195748386850255
2018-01-25 22:51:00,0.28713887816047645
2018-01-25 22:54:00,0.2632955446553069
2018-01-25 22:57:00,0.26058148921981683
2018-01-25 23:00:00,0.3340340978883205
2018-01-25 23:03:00,0.2803526814224142
2018-01-25 23:06:00,0.26051908402229174
2018-01-25 23:09:00,0.23926012011713738
2018-01-25 23:12:00,0.37994769393731076
2018-01-25 23:15:00,0.33721535655030266
2018-01-25 23:18:00,0.29112165831446646
2018-01-25 23:21:00,0.2760720863399797
2018-01-25 23:24:00,0.39249698373095043
2018-01-25 23:27:00,0.38995560819830644
2018-01-25 23:30:00,0.20520336406161732
2018-01-25 23:33:00,0.2725706969395105
2018-01-25 23:36:00,0.22568120572242378
2018-01-25 23:39:00,0.2697595708197582
2018-01-25 23:42:00,0.24493524468852002
2018-01-25 23:45:00,0.38565882947989394
2018-01-25 23:48:00,0.2765535512138513
2018-01-25 23:51:00,0.31735392927674866
2018-01-25 23:54:00,0.294264042536156
2018-01-25 23:57:00,0.28184495725690795
2018-01-26 00:00:00,0.2728218372340052
2018-01-26 00:03:00,0.31650878612992983
2018-01-26 00:06:00,0.29093565595303517
2018-01-26 00:09:00,0.21944116152457127
2018-01-26 00:12:00,0.30363203708287756
2018-01-26 00:15:00,0.2305233428170368
2018-01-26 00:18:00,0.1978576770149516
2018-01-26 00:21:00,0.3218941715592223
2018-01-26 00:24:00,0.460978298527948
2018-01-26 00:27:00,0.37320578249961045
2018-01-26 00:30:00,0.27287887088749585
2018-01-26 00:33:00,0.34133351906803
2018-01-26 00:36:00,0.35640854043316494
2018-01-26 00:39:00,0.3081690282130012
2018-01-26 00:42:00,0.3338434708429645
2018-01-26 00:45:00,0.3761920259323688
2018-01-26 00:48:00,0.3714942914855328
2018-01-26 00:51:00,0.44051699310011827
2018-01-26 00:54:00,0.3114753938904187
2018-01-26 00:57:00,0.36240334556964626
2018-01-26 01:00:00,0.21738343022059325
2018-01-26 01:03:00,0.3517411914183981
2018-01-26 01:06:00,0.344921173196326
2018-01-26 01:09:00,0.38301794043132986
2018-01-26 01:12:00,0.3444488087609443
2018-01-26 01:15:00,0.3426397595674189
2018-01-26 01:18:00,0.35402631945049734
2018-01-26 01:21:00,0.22874574082879917
2018-01-26 01:24:00,0.3021722313634996
2018-01-26 01:27:00,0.3706432314994572
2018-01-26 01:30:00,0.23955677553863097
2018-01-26 01:33:00,0.17994043894185552
2018-01-26 01:36:00,0.3601460990217902
2018-01-26 01:39:00,0.3229422960153556
2018-01-26 01:42:00,0.29092067378132924
2018-01-26 01:45:00,0.2715254563572671
2018-01-26 01:48:00,0.32034202392668476
2018-01-26 01:51:00,0.33627613958924485
2018-01-26 01:54:00,0.3681459403862277
2018-01-26 01:57:00,0.36759097092141246
2018-01-26 02:00:00,0.29859907769645133
2018-01-26 02:03:00,0.3675476078238944
2018-01-26 02:06:00,0.3451937419989122
2018-01-26 02:09:00,0.31600311788787394
2018-01-26 02:12:00,0.25409400084953404
2018-01-26 02:15:00,0.3287580777129051
2018-01-26 02:18:00,0.3142655732568187
2018-01-26 02:21:00,0.2714224301581112
2018-01-26 02:24:00,0.22514211764718084
2018-01-26 02:27:00,0.3237294078984405
2018-01-26 02:30:00,0.34264712448714363
2018-01-26 02:33:00,0.3335529116894236
2018-01-26 02:36:00,0.3664712446186513
2018-01-26 02:39:00,0.35044773878632896
2018-01-26 02:42:00,0.4506876384872953
2018-01-26 02:45:00,0.2961315628536454
2018-01-26 02:48:00,0.42163180186105365
2018-01-26 02:51:00,0.4504204693799352
2018-01-26 02:54:00,0.46740377316223203
2018-01-26 02:57:00,0.33320771426502915
2018-01-26 03:00:00,0.3736393757962446
2018-01-26 03:03:00,0.3672873128526817
2018-01-26 03:06:00,0.43360312288604064
2018-01-26 03:09:00,0.484899366633158
2018-01-26 03:12:00,0.38439967702066724
2018-01-26 03:15:00,0.49653392063254387
2018-01-26 03:18:00,0.4359456844804299
2018-01-26 03:21:00,0.49779456456474236
2018-01-26 03:24:00,0.5277556254853835
2018-01-26 03:27:00,0.4151461679174986
2018-01-26 03:30:00,0.35341871080208875
2018-01-26 03:33:00,0.38538932107900337
2018-01-26 03:36:00,0.3744718892792207
2018-01-26 03:39:00,0.3612254638589434
2018-01-26 03:42:00,0.4771257573224261
2018-01-26 03:45:00,0.42136910840059727
2018-01-26 03:48:00,0.3962785231502721
2018-01-26 03:51:00,0.3549992307239904
2018-01-26 03:54:00,0.4525330662567626
2018-01-26 03:57:00,0.4592541422954355
2018-01-26 04:00:00,0.43475766671241445
2018-01-26 04:03:00,0.46443890699799795
2018-01-26 04:06:00,0.4476902633112445
2018-01-26 04:09:00,0.40154425263858684
2018-01-26 04:12:00,0.47175676799997746
2018-01-26 04:15:00,0.5058144203146071
2018-01-26 04:18:00,0.49146679890679934
2018-01-26 04:21:00,0.47977030560412004
2018-01-26 04:24:00,0.4782855401952588
2018-01-26 04:27:00,0.36114359435583765
2018-01-26 04:30:00,0.38101072505168077
2018-01-26 04:33:00,0.39960698231709557
2018-01-26 04:36:00,0.4079376108476822
2018-01-26 04:39:00,0.42223680907653716
2018-01-26 04:42:00,0.3709004478771476
2018-01-26 04:45:00,0.49089170487582123
2018-01-26 04:48:00,0.43635058761640266
2018-01-26 04:51:00,0.5229461274643654
2018-01-26 04:54:00,0.38566417265064956
2018-01-26 04:57:00,0.41326352603226724
2018-01-26 05:00:00,0.5769246296986239
2018-01-26 05:03:00,0.3421811485581543
2018-01-26 05:06:00,0.3936169049152909
2018-01-26 05:09:00,0.39824454392788766
2018-01-26 05:12:00,0.3627523077428805
2018-01-26 05:15:00,0.364643864134905
2018-01-26 05:18:00,0.41769654181325677
2018-01-26 05:21:00,0.4257171668874662
2018-01-26 05:24:00,0.49250760521698567
2018-01-26 05:27:00,0.40892562994241644
2018-01-26 05:30:00,0.4599348977714044
2018-01-26 05:33:00,0.544531162308715
2018-01-26 05:36:00,0.4676503514997421
2018-01-26 05:39:00,0.39712973814312136
2018-01-26 05:42:00,0.46315936036256744
2018-01-26 05:45:00,0.4829397656987453
2018-01-26 05:48:00,0.36723133203855696
2018-01-26 05:51:00,0.44464683222111034
2018-01-26 05:54:00,0.41628431766082485
2018-01-26 05:57:00,0.5656358417994056
2018-01-26 06:00:00,0.42762502088100973
2018-01-26 06:03:00,0.5324730906573336
2018-01-26 06:06:00,0.558595276731296
2018-01-26 06:09:00,0.5085895407062253
2018-01-26 06:12:00,0.4509646198418409
2018-01-26 06:15:00,0.4951222469143204
2018-01-26 06:18:00,0.508662373649031
2018-01-26 06:21:00,0.514112468283372
2018-01-26 06:24:00,0.6045213973828822
2018-01-26 06:27:00,0.48546957155070913
2018-01-26 06:30:00,0.40331148235139835
2018-01-26 06:33:00,0.6040545993688511
2018-01-26 06:36:00,0.34664199932706197
2018-01-26 06:39:00,0.4570314643070219
2018-01-26 06:42:00,0.4873157979013172
2018-01-26 06:45:00,0.5427060993221176
2018-01-26 06:48:00,0.4989418822537459
2018-01-26 06:51:00,0.4883594064959311
2018-01-26 06:54:00,0.47879794452154556
2018-01-26 06:57:00,0.6303043439845055
2018-01-26 07:00:00,0.4416479391179564
2018-01-26 07:03:00,0.46734843991237085
2018-01-26 07:06:00,0.4594038135658707
2018-01-26 07:09:00,0.43678502058230606
2018-01-26 07:12:00,0.39923362041764676
2018-01-26 07:15:00,0.4914119472369407
2018-01-26 07:18:00,0.4056213808898974
2018-01-26 07:21:00,0.4802609126480206
2018-01-26 07:24:00,0.4352079971067724
2018-01-26 07:27:00,0.5673646645151962
2018-01-26 07:30:00,0.5163911502409633
2018-01-26 07:33:00,0.6238519801696043
2018-01-26 07:36:00,0.47431480487455246
2018-01-26 07:39:00,0.435935127365326
2018-01-26 07:42:00,0.49792057298316195
2018-01-26 07:45:00,0.44249728270438027
2018-01-26 07:48:00,0.5497466502163206
2018-01-26 07:51:00,0.4305770234510078
2018-01-26 07:54:00,0.4138553171622448
2018-01-26 07:57:00,0.44011417324855984
2018-01-26 08:00:00,0.35984523964094706
2018-01-26 08:03:00,0.4467242520626087
2018-01-26 08:06:00,0.24946566575397355
2018-01-26 08:09:00,0.4128716401162933
2018-01-26 08:12:00,0.2873153020040604
2018-01-26 08:15:00,0.41923261434766346
2018-01-26 08:18:00,0.3478964390342867
2018-01-26 08:21:00,0.4402358820917698
2018-01-26 08:24:00,0.4210618468661096
2018-01-26 08:27:00,0.41795609803665457
2018-01-26 08:30:00,0.4097585617079176
2018-01-26 08:33:00,0.5777064073117799
2018-01-26 08:36:00,0.4234162357887499
2018-01-26 08:39:00,0.49167748229234576
2018-01-26 08:42:00,0.3890476738467896
2018-01-26 08:45:00,0.46345716971364936
2018-01-26 08:48:00,0.42399074225710365
2018-01-26 08:51:00,0.34486062042856247
2018-01-26 08:54:00,0.3349951718865327
2018-01-26 08:57:00,0.2551252700448572
2018-01-26 09:00:00,0.31043858419900516
2018-01-26 09:03:00,0.2033968120094869
2018-01-26 09:06:00,0.2927405232533147
2018-01-26 09:09:00,0.3394021071658244
2018-01-26 09:12:00,0.2803823767104632
2018-01-26 09:15:00,0.3521769857873096
2018-01-26 09:18:00,0.373658528910255
2018-01-26 09:21:00,0.4417541489196424
2018-01-26 09:24:00,0.27764813919884546
2018-01-26 09:27:00,0.2688286795760746
2018-01-26 09:30:00,0.2998520803806741
2018-01-26 09:33:00,0.33297325620839047
2018-01-26 09:36:00,0.3856439733467596
2018-01-26 09:39:00,0.39527163861185954
2018-01-26 09:42:00,0.36299546488174883
2018-01-26 09:45:00,0.5488389302423116
2018-01-26 09:48:00,0.2852455016231943
2018-01-26 09:51:00,0.4248153779660697
2018-01-26 09:54:00,0.33565744761449423
2018-01-26 09:57:00,0.44532928985967146
2018-01-26 10:00:00,0.37828696702155185
2018-01-26 10:03:00,0.2827494969675399
2018-01-26 10:06:00,0.3298158306465666
2018-01-26 10:09:00,0.3299274458285595
2018-01-26 10:12:00,0.3051877070656701
2018-01-26 10:15:00,0.29739299792635165
2018-01-26 10:18:00,0.37441489032926256
2018-01-26 10:21:00,0.37833464592870314
2018-01-26 10:24:00,0.41955506066523185
2018-01-26 10:27:00,0.32471903904587407
2018-01-26 10:30:00,0.3365506647612051
2018-01-26 10:33:00,0.42651712515726103
2018-01-26 10:36:00,0.4598467171267089
2018-01-26 10:39:00,0.4258259374483373
2018-01-26 10:42:00,0.5494956095257635
2018-01-26 10:45:00,0.5197025879787134
2018-01-26 10:48:00,0.4325897041065332
2018-01-26 10:51:00,0.5227397637747799
2018-01-26 10:54:00,0.43152306687147757
2018-01-26 10:57:00,0.3420373678083024
2018-01-26 11:00:00,0.26159131741053443
2018-01-26 11:03:00,0.27289985598525845
2018-01-26 11:06:00,0.4155857878208735
2018-01-26 11:09:00,0.3150348685290396
2018-01-26 11:12:00,0.30341120694589563
2018-01-26 11:15:00,0.41198990779940914
2018-01-26 11:18:00,0.42343818189459626
2018-01-26 11:21:00,0.4375939422242823
2018-01-26 11:24:00,0.3504787814069914
2018-01-26 11:27:00,0.5141201186110607
2018-01-26 11:30:00,0.46939229410907046
2018-01-26 11:33:00,0.44240048842334545
2018-01-26 11:36:00,0.40700632489614463
2018-01-26 11:39:00,0.3643552651150799
2018-01-26 11:42:00,0.48167460871525236
2018-01-26 11:45:00,0.48837894550712235
2018-01-26 11:48:00,0.3376798222476509
2018-01-26 11:51:00,0.5037459104584627
2018-01-26 11:54:00,0.4087917445628477
2018-01-26 11:57:00,0.3634825773808643
2018-01-26 12:00:00,0.35191814509369124
2018-01-26 12:03:00,0.38598342080729253
2018-01-26 12:06:00,0.44188584345454274
2018-01-26 12:09:00,0.407424192565486
2018-01-26 12:12:00,0.39798008767360216
2018-01-26 12:15:00,0.44064253604278747
2018-01-26 12:18:00,0.33996296203122256
2018-01-26 12:21:00,0.38742586165534476
2018-01-26 12:24:00,0.4074211614603769
2018-01-26 12:27:00,0.3937645263907825
2018-01-26 12:30:00,0.4704593255984264
2018-01-26 12:33:00,0.3745006124041197
2018-01-26 12:36:00,0.5228145932701977
2018-01-26 12:39:00,0.4049356215875264
2018-01-26 12:42:00,0.3126256627163002
2018-01-26 12:45:00,0.41174141866724767
2018-01-26 12:48:00,0.38556922383691017
2018-01-26 12:51:00,0.4261562679377562
2018-01-26 12:54:00,0.32926486675142996
2018-01-26 12:57:00,0.4175287533294636
2018-01-26 13:00:00,0.32814944315884986
2018-01-26 13:03:00,0.3988675053171846
2018-01-26 13:06:00,0.33337207303713967
2018-01-26 13:09:00,0.40060692114047924
2018-01-26 13:12:00,0.3106464405601628
2018-01-26 13:15:00,0.30864789188211716
2018-01-26 13:18:00,0.40191127128883863
2018-01-26 13:21:00,0.29862706054655064
2018-01-26 13:24:00,0.30031507042519934
2018-01-26 13:27:00,0.23107713189455126
2018-01-26 13:30:00,0.2717127522249143
2018-01-26 13:33:00,0.26341273363033224
2018-01-26 13:36:00,0.26386476061509256
2018-01-26 13:39:00,0.4079652451410425
2018-01-26 13:42:00,0.26845189784700096
2018-01-26 13:45:00,0.34339206968445524
2018-01-26 13:48:00,0.2442420912281591
2018-01-26 13:51:00,0.0976508495861026
2018-01-26 13:54:00,0.2306158781196359
2018-01-26 13:57:00,0.14672185478377742
2018-01-26 14:00:00,0.09279298811333092
2018-01-26 14:03:00,0.11796149861100957
2018-01-26 14:06:00,0.08348526585848504
2018-01-26 14:09:00,0.03781637423145412
2018-01-26 14:12:00,0.04768202293854529
2018-01-26 14:15:00,0.13475301586248634
2018-01-26 14:18:00,0.09593247912675906
2018-01-26 14:21:00,0.11522795576979661
2018-01-26 14:24:00,0.034472546195218
2018-01-26 14:27:00,0.17350568080729545
2018-01-26 14:30:00,0.120809101887005
2018-01-26 14:33:00,0.040839346871791804
2018-01-26 14:36:00,0.09708331271593806
2018-01-26 14:39:00,-0.0027716303434317524
2018-01-26 14:42:00,0.003029870967111492
2018-01-26 14:45:00,-0.021960485382237493
2018-01-26 14:48:00,-0.0909481531400047
2018-01-26 14:51:00,-0.0005381566708706487
2018-01-26 14:54:00,-0.01562712866768834
2018-01-26 14:57:00,-0.12043707591681141
2018-01-26 15:00:00,-0.06585149216101627
2018-01-26 15:03:00,-0.046944594208525814
2018-01-26 15:06:00,0.01009214400073688
2018-01-26 15:09:00,-0.008074275294404742
2018-01-26 15:12:00,-0.11634938594352207
2018-01-26 15:15:00,-0.04361418097590786
2018-01-26 15:18:00,0.024040792658468035
2018-01-26 15:21:00,-0.010164492010289905
2018-01-26 15:24:00,-0.15156303526811143
2018-01-26 15:27:00,-0.10515265607790525
2018-01-26 15:30:00,-0.051499736696598575
2018-01-26 15:33:00,-0.09984902657504335
2018-01-26 15:36:00,-0.04495047677698949
2018-01-26 15:39:00,-0.2370425527258817
2018-01-26 15:42:00,-0.11083326057121212
2018-01-26 15:45:00,-0.04793126530216796
2018-01-26 15:48:00,-0.15628113375674957
2018-01-26 15:51:00,-0.1318698357925996
2018-01-26 15:54:00,-0.1671300323045557
2018-01-26 15:57:00,-0.15447783161744155
2018-01-26 16:00:00,-0.19489109224565482
2018-01-26 16:03:00,-0.0361237536753265
2018-01-26 16:06:00,-0.15525323703826643
2018-01-26 16:09:00,-0.16834178029768054
2018-01-26 16:12:00,-0.18033359869349397
2018-01-26 16:15:00,-0.15447685090083496
2018-01-26 16:18:00,-0.22745468314957407
2018-01-26 16:21:00,-0.09520157394194939
2018-01-26 16:24:00,-0.11909998185711856
2018-01-26 16:27:00,-0.21755708379924954
2018-01-26 16:30:00,-0.04085874549872415
2018-01-26 16:33:00,0.052472348693129334
2018-01-26 16:36:00,-0.17079273147925278
2018-01-26 16:39:00,-0.16978471670381623
2018-01-26 16:42:00,-0.16267253259064773
2018-01-26 16:45:00,0.03360105964588911
2018-01-26 16:48:00,-0.09836118910595815
2018-01-26 16:51:00,-0.08199009009138081
2018-01-26 16:54:00,0.00872643141616436
2018-01-26 16:57:00,-0.10218078839051259
2018-01-26 17:00:00,-0.16991560989185928
2018-01-26 17:03:00,-0.12748459146837376
2018-01-26 17:06:00,-0.11214003043534149
2018-01-26 17:09:00,-0.07106141877062555
2018-01-26 17:12:00,-0.11707843962074094
2018-01-26 17:15:00,-0.014441926124277416
2018-01-26 17:18:00,-0.0513551447039049
2018-01-26 17:21:00,-0.03722888036702443
2018-01-26 17:24:00,-0.09356617812244394
2018-01-26 17:27:00,-0.06677797387811779
2018-01-26 17:30:00,-0.10853141274219524
2018-01-26 17:33:00,-0.07586105510324614
2018-01-26 17:36:00,-0.12703153545442092
2018-01-26 17:39:00,0.01878472139679843
2018-01-26 17:42:00,-0.10847851247513063
2018-01-26 17:45:00,0.010279218476625829
2018-01-26 17:48:00,-0.10599359382683815
2018-01-26 17:51:00,0.001738357647070643
2018-01-26 17:54:00,0.009874723191217072
2018-01-26 17:57:00,-0.001745474774622835
2018-01-26 18:00:00,-0.04802392626481833
2018-01-26 18:03:00,-0.05671486983089835
2018-01-26 18:06:00,-0.0015615353131579468
2018-01-26 18:09:00,0.049036189654373175
2018-01-26 18:12:00,0.03820064464503048
2018-01-26 18:15:00,-0.0485594538344003
2018-01-26 18:18:00,-0.0044225710727801015
2018-01-26 18:21:00,-0.06923608800764214
2018-01-26 18:24:00,0.042079688077024
2018-01-26 18:27:00,0.012272235016382638
2018-01-26 18:30:00,0.05888540757706551
2018-01-26 18:33:00,0.05637535788196146
2018-01-26 18:36:00,0.08437838617476245
2018-01-26 18:39:00,0.06641492370408741
2018-01-26 18:42:00,0.12197875102185662
2018-01-26 18:45:00,0.07331485785789482
2018-01-26 18:48:00,0.1079854109738676
2018-01-26 18:51:00,0.013966621729935014
2018-01-26 18:54:00,
2018-01-26 18:57:00,
2018-01-26 19:00:00,
2018-01-26 19:03:00,0.23451145758264147
2018-01-26 19:06:00,0.08876947809289959
2018-01-26 19:09:00,0.14213223902254413
2018-01-26 19:12:00,0.13437835961360634
2018-01-26 19:15:00,0.18515245253206558
2018-01-26 19:18:00,0.18232591423532085
2018-01-26 19:21:00,0.1979604100125698
2018-01-26 19:24:00,0.21391871505113613
2018-01-26 19:27:00,0.15539491292105367
2018-01-26 19:30:00,0.23254102398874466
2018-01-26 19:33:00,0.2095104288703169
2018-01-26 19:36:00,0.150966181900003
2018-01-26 19:39:00,0.2954932821475609
2018-01-26 19:42:00,0.2011352743350585
2018-01-26 19:45:00,0.1300104099082091
2018-01-26 19:48:00,0.24437565155881202
2018-01-26 19:51:00,0.12242137695210431
2018-01-26 19:54:00,0.12302663272464542
2018-01-26 19:57:00,0.30263380542561436
2018-01-26 20:00:00,0.1537707434582103
2018-01-26 20:03:00,0.1983587963749187
2018-01-26 20:06:00,0.1832709592576407
2018-01-26 20:09:00,0.20256703463508074
2018-01-26 20:12:00,0.2209192649461329
2018-01-26 20:15:00,0.14794411022654685
2018-01-26 20:18:00,0.14704740906347524
2018-01-26 20:21:00,0.1918775630022651
2018-01-26 20:24:00,0.1959623265778987
2018-01-26 20:27:00,0.19736062621166184
2018-01-26 20:30:00,0.1969575932494081
2018-01-26 20:33:00,0.13866312791418522
2018-01-26 20:36:00,0.1854836545770695
2018-01-26 20:39:00,0.26380890065519225
2018-01-26 20:42:00,0.2496519348350148
2018-01-26 20:45:00,0.22870933076848132
2018-01-26 20:48:00,0.07964672005726925
2018-01-26 20:51:00,0.1789117174340049
2018-01-26 20:54:00,0.19553482008689116
2018-01-26 20:57:00,0.17327139904352862
2018-01-26 21:00:00,0.3039760399772149
2018-01-26 21:03:00,0.13757216769965908
2018-01-26 21:06:00,0.19316886955624568
2018-01-26 21:09:00,0.15694179716848566
2018-01-26 21:12:00,0.35626963655306554
2018-01-26 21:15:00,0.2609557101170594
2018-01-26 21:18:00,0.20225584642059857
2018-01-26 21:21:00,0.2993854188859473
2018-01-26 21:24:00,0.27708044926060893
2018-01-26 21:27:00,0.2370142270513611
2018-01-26 21:30:00,0.2655156713250335
2018-01-26 21:33:00,0.3466253794399563
2018-01-26 21:36:00,0.2981742487525594
2018-01-26 21:39:00,0.11279804905677793
2018-01-26 21:42:00,0.2582141709411303
2018-01-26 21:45:00,0.25651141938317323
2018-01-26 21:48:00,0.17008064205026585
2018-01-26 21:51:00,0.28113445863328934
2018-01-26 21:54:00,0.2555834944557205
2018-01-26 21:57:00,0.30534847723339453
2018-01-26 22:00:00,0.24479719735222716
2018-01-26 22:03:00,0.4788268304665735
2018-01-26 22:06:00,0.33942906015556673
2018-01-26 22:09:00,0.29572973241363343
2018-01-26 22:12:00,0.4385356480822793
2018-01-26 22:15:00,0.40062080808405653
2018-01-26 22:18:00,0.30044159611372834
2018-01-26 22:21:00,0.3004253514166635
2018-01-26 22:24:00,0.18244807478743041
2018-01-26 22:27:00,0.22148522542801174
2018-01-26 22:30:00,0.20087840205269458
2018-01-26 22:33:00,0.2976246202104562
2018-01-26 22:36:00,0.2660627326529834
2018-01-26 22:39:00,0.26874831814171785
2018-01-26 22:42:00,0.2996826535726882
2018-01-26 22:45:00,0.28122613767885696
2018-01-26 22:48:00,0.23783401195561282
2018-01-26 22:51:00,0.27278303500776246
2018-01-26 22:54:00,0.1847609508097321
2018-01-26 22:57:00,0.27324561286445714
2018-01-26 23:00:00,0.22908058552280863
2018-01-26 23:03:00,0.2722492296547898
2018-01-26 23:06:00,0.38677475284032425
2018-01-26 23:09:00,0.2847347670913791
2018-01-26 23:12:00,0.3148190353351765
2018-01-26 23:15:00,0.34352820364694026
2018-01-26 23:18:00,0.21792763079224642
2018-01-26 23:21:00,0.24874879692407603
2018-01-26 23:24:00,0.22466891841668257
2018-01-26 23:27:00,0.28246392357050354
2018-01-26 23:30:00,0.26058170965831096
2018-01-26 23:33:00,0.40357758218209483
2018-01-26 23:36:00,0.32086095850269203
2018-01-26 23:39:00,0.2963095472708801
2018-01-26 23:42:00,0.3041335600527759
2018-01-26 23:45:00,0.26253843672810717
2018-01-26 23:48:00,0.29443908323162304
2018-01-26 23:51:00,0.2782936091326178
2018-01-26 23:54:00,0.26613521958972797
2018-01-26 23:57:00,0.28464247649202434
2018-01-27 00:00:00,0.28776767313758
2018-01-27 00:03:00,0.2870607185187737
2018-01-27 00:06:00,0.3180450099482073
2018-01-27 00:09:00,0.30995355948459746
2018-01-27 00:12:00,0.2704954815262113
2018-01-27 00:15:00,0.34254629267070413
2018-01-27 00:18:00,0.3260724047440817
2018-01-27 00:21:00,0.36698524110840935
2018-01-27 00:24:00,0.4579056625647695
2018-01-27 00:27:00,0.5158749786315298
2018-01-27 00:30:00,0.40912569081302763
2018-01-27 00:33:00,0.3633964584824412
2018-01-27 00:36:00,0.4670145230586513
2018-01-27 00:39:00,0.407065155841849
2018-01-27 00:42:00,0.3244651463564878
2018-01-27 00:45:00,0.3012908530574805
2018-01-27 00:48:00,0.41299786828909646
2018-01-27 00:51:00,0.39805349746319507
2018-01-27 00:54:00,0.39218804416850617
2018-01-27 00:57:00,0.409312903676323
2018-01-27 01:00:00,0.38187251892424
2018-01-27 01:03:00,0.43248866641403083
2018-01-27 01:06:00,0.47127516198833064
2018-01-27 01:09:00,0.4657172073707443
2018-01-27 01:12:00,0.3627944268740748
2018-01-27 01:15:00,0.41664674690855463
2018-01-27 01:18:00,0.45238580909978054
2018-01-27 01:21:00,0.42417443151941825
2018-01-27 01:24:00,0.4016058164344827
2018-01-27 01:27:00,0.4126494157704883
2018-01-27 01:30:00,0.46519298070512605
2018-01-27 01:33:00,0.4366500778584168
2018-01-27 01:36:00,0.4023243077353982
2018-01-27 01:39:00,0.3845757129827234
2018-01-27 01:42:00,0.35181763675188904
2018-01-27 01:45:00,0.39730006640343163
2018-01-27 01:48:00,0.348792926393628
2018-01-27 01:51:00,0.4446465112229703
2018-01-27 01:54:00,0.2767151929061811
2018-01-27 01:57:00,0.3191171698922517
2018-01-27 02:00:00,0.4513339198309154
2018-01-27 02:03:00,0.5091457534042547
2018-01-27 02:06:00,0.37624220132278197
2018-01-27 02:09:00,0.39122405111277203
2018-01-27 02:12:00,0.4170395957992241
2018-01-27 02:15:00,0.3940314509230234
2018-01-27 02:18:00,0.3852371720411156
2018-01-27 02:21:00,0.44156228826125243
2018-01-27 02:24:00,0.5196895466638694
2018-01-27 02:27:00,0.40551143765748066
2018-01-27 02:30:00,0.35229700391221286
2018-01-27 02:33:00,0.42401146608585805
2018-01-27 02:36:00,0.5333826610764163
2018-01-27 02:39:00,0.3497248166844429
2018-01-27 02:42:00,0.41128851250579146
2018-01-27 02:45:00,0.5059864924630233
2018-01-27 02:48:00,0.4683237009572281
2018-01-27 02:51:00,0.5359815944667048
2018-01-27 02:54:00,0.5233137887868224
2018-01-27 02:57:00,0.38095175990088137
2018-01-27 03:00:00,0.44450186530372093
2018-01-27 03:03:00,0.43677443257257664
2018-01-27 03:06:00,0.40805327243413103
2018-01-27 03:09:00,0.376860004328023
2018-01-27 03:12:00,0.4690513826617462
2018-01-27 03:15:00,0.41870161482898993
2018-01-27 03:18:00,0.3264694001442763
2018-01-27 03:21:00,0.38623291564300644
2018-01-27 03:24:00,0.44459593585679613
2018-01-27 03:27:00,0.4561677657961809
2018-01-27 03:30:00,0.41751184317490697
2018-01-27 03:33:00,0.37661521424604416
2018-01-27 03:36:00,0.45212359447805284
2018-01-27 03:39:00,0.3913977515945817
2018-01-27 03:42:00,0.426892726908477
2018-01-27 03:45:00,0.4721486066437137
2018-01-27 03:48:00,0.5677323803392369
2018-01-27 03:51:00,0.4051850649028097
2018-01-27 03:54:00,0.3349557831896277
2018-01-27 03:57:00,0.5584302569151305
2018-01-27 04:00:00,0.4756588637569621
2018-01-27 04:03:00,0.4928809400221894
2018-01-27 04:06:00,0.44810619695789455
2018-01-27 04:09:00,0.5038361272032148
2018-01-27 04:12:00,0.48333763169677013
2018-01-27 04:15:00,0.5481791953775428
2018-01-27 04:18:00,0.4403716435033971
2018-01-27 04:21:00,0.44794992715367243
2018-01-27 04:24:00,0.5132879692475285
2018-01-27 04:27:00,0.3640346767198821
2018-01-27 04:30:00,0.43847328989983225
2018-01-27 04:33:00,0.4032594639347735
2018-01-27 04:36:00,0.4699148988680122
2018-01-27 04:39:00,0.4959353306588241
2018-01-27 04:42:00,0.4303709265963107
2018-01-27 04:45:00,0.4560325319638423
2018-01-27 04:48:00,0.4874476723493899
2018-01-27 04:51:00,0.5265758400756795
2018-01-27 04:54:00,0.46002860558252223
2018-01-27 04:57:00,0.4094544468608774
2018-01-27 05:00:00,0.4751321096936749
2018-01-27 05:03:00,0.4878513062110983
2018-01-27 05:06:00,0.5178600053058631
2018-01-27 05:09:00,0.4845837664904593
2018-01-27 05:12:00,0.45462018430396256
2018-01-27 05:15:00,0.4996462337567209
2018-01-27 05:18:00,0.47218358764615687
2018-01-27 05:21:00,0.5460448793447199
2018-01-27 05:24:00,0.5377495084969723
2018-01-27 05:27:00,0.5663369253459223
2018-01-27 05:30:00,0.5271535253918955
2018-01-27 05:33:00,0.632797195101034
2018-01-27 05:36:00,0.6306328012231575
2018-01-27 05:39:00,0.514869092127185
2018-01-27 05:42:00,0.5582905775917766
2018-01-27 05:45:00,0.5792289458115647
2018-01-27 05:48:00,0.5712827550260045
2018-01-27 05:51:00,0.5906422328121721
2018-01-27 05:54:00,0.5831467874907617
2018-01-27 05:57:00,0.589785680066484
2018-01-27 06:00:00,0.5165733740024621
2018-01-27 06:03:00,0.6331064858242144
2018-01-27 06:06:00,0.5600467513579588
2018-01-27 06:09:00,0.5543918999442781
2018-01-27 06:12:00,0.6228857603221627
2018-01-27 06:15:00,0.6091378741052722
2018-01-27 06:18:00,0.5786319801857189
2018-01-27 06:21:00,0.6078710189217418
2018-01-27 06:24:00,0.44657457012851864
2018-01-27 06:27:00,0.5529471342707666
2018-01-27 06:30:00,0.574238811334908
2018-01-27 06:33:00,0.5547386506229941
2018-01-27 06:36:00,0.4754694705692373
2018-01-27 06:39:00,0.5789629231734921
2018-01-27 06:42:00,0.6409001461894945
2018-01-27 06:45:00,0.5766972581167806
2018-01-27 06:48:00,0.5742553533731893
2018-01-27 06:51:00,0.4015072399141104
2018-01-27 06:54:00,0.5259605961688294
2018-01-27 06:57:00,0.5418816778593509
2018-01-27 07:00:00,0.6116802517069573
2018-01-27 07:03:00,0.5654031199344445
2018-01-27 07:06:00,0.47129921287165644
2018-01-27 07:09:00,0.5889066868824102
2018-01-27 07:12:00,0.6083430913944312
2018-01-27 07:15:00,0.5556988748204503
2018-01-27 07:18:00,0.4810909773766525
2018-01-27 07:21:00,0.5337837923626694
2018-01-27 07:24:00,0.6035853989669704
2018-01-27 07:27:00,0.5321696772386417
2018-01-27 07:30:00,0.5064599175190097
2018-01-27 07:33:00,0.4842129702395823
2018-01-27 07:36:00,0.4864259834077984
2018-01-27 07:39:00,0.4793906600929745
2018-01-27 07:42:00,0.5140096398899914
2018-01-27 07:45:00,0.5551568482868561
2018-01-27 07:48:00,0.5396759166113725
2018-01-27 07:51:00,0.446890337842774
2018-01-27 07:54:00,0.37342304903921786
2018-01-27 07:57:00,0.5223716451211544
2018-01-27 08:00:00,0.49528809932445483
2018-01-27 08:03:00,0.39709351816338767
2018-01-27 08:06:00,0.5187014927075779
2018-01-27 08:09:00,0.4285540654936426
2018-01-27 08:12:00,0.41572694550325195
2018-01-27 08:15:00,0.4594538889188584
2018-01-27 08:18:00,0.5259886615405094
2018-01-27 08:21:00,0.5333116078078319
2018-01-27 08:24:00,0.47450370021158506
2018-01-27 08:27:00,0.5637108759287912
2018-01-27 08:30:00,0.4565139605276727
2018-01-27 08:33:00,0.43721573156011573
2018-01-27 08:36:00,0.45642503176452465
2018-01-27 08:39:00,0.36822540501941603
2018-01-27 08:42:00,0.3600979902231529
2018-01-27 08:45:00,0.3442081537446029
2018-01-27 08:48:00,0.3396082114747969
2018-01-27 08:51:00,0.3281255303696753
2018-01-27 08:54:00,0.310695595386278
2018-01-27 08:57:00,0.290441105428215
2018-01-27 09:00:00,0.37205722621138193
2018-01-27 09:03:00,0.32045406158368905
2018-01-27 09:06:00,0.3402624906291294
2018-01-27 09:09:00,0.28754680953301204
2018-01-27 09:12:00,0.22905287568977428
2018-01-27 09:15:00,0.2469475830341139
2018-01-27 09:18:00,0.24434564851981122
2018-01-27 09:21:00,0.22929924960033077
2018-01-27 09:24:00,0.2751967044921457
2018-01-27 09:27:00,0.2889317374574034
2018-01-27 09:30:00,0.33590786903482694
2018-01-27 09:33:00,0.21116973928553762
2018-01-27 09:36:00,0.2436652782209876
2018-01-27 09:39:00,0.24769415070124978
2018-01-27 09:42:00,0.2430651484874602
2018-01-27 09:45:00,0.12648210063264287
2018-01-27 09:48:00,0.17191505513187622
2018-01-27 09:51:00,0.10352301240317274
2018-01-27 09:54:00,0.1938042771257642
2018-01-27 09:57:00,0.06637476460224434
2018-01-27 10:00:00,0.2588180978896162
2018-01-27 10:03:00,0.22061054968912686
2018-01-27 10:06:00,0.1707321368481871
2018-01-27 10:09:00,0.21562426510041632
2018-01-27 10:12:00,0.2575393338816525
2018-01-27 10:15:00,0.14469534352122082
2018-01-27 10:18:00,0.3049095711025984
2018-01-27 10:21:00,0.3507467063386116
2018-01-27 10:24:00,0.2703761334137198
2018-01-27 10:27:00,0.3341098040757515
2018-01-27 10:30:00,0.24162715376439792
2018-01-27 10:33:00,0.2530632905446737
2018-01-27 10:36:00,0.23983036628919763
2018-01-27 10:39:00,0.26400193829840646
2018-01-27 10:42:00,0.20795224921641875
2018-01-27 10:45:00,0.1868293279397335
2018-01-27 10:48:00,0.20145724112910557
2018-01-27 10:51:00,0.18418098110777237
2018-01-27 10:54:00,0.30771346037539615
2018-01-27 10:57:00,0.3060172974081752
2018-01-27 11:00:00,-0.0006524796146436529
2018-01-27 11:03:00,0.16715700217224594
2018-01-27 11:06:00,0.29247207026332944
2018-01-27 11:09:00,0.17566682391276345
2018-01-27 11:12:00,0.2253451132332316
2018-01-27 11:15:00,0.13363477824992742
2018-01-27 11:18:00,0.0680722507494238
2018-01-27 11:21:00,0.13149086210097494
2018-01-27 11:24:00,0.07052595654067773
2018-01-27 11:27:00,0.18744603211894173
2018-01-27 11:30:00,0.16817895459774945
2018-01-27 11:33:00,0.1407345459186331
2018-01-27 11:36:00,0.06452617306734965
2018-01-27 11:39:00,0.09267678047990557
2018-01-27 11:42:00,0.02520102627573806
2018-01-27 11:45:00,0.025206406570987383
2018-01-27 11:48:00,-0.017754986645798
2018-01-27 11:51:00,-0.0007400945811468773
2018-01-27 11:54:00,-0.06155299845255513
2018-01-27 11:57:00,0.017451051674527207
2018-01-27 12:00:00,-0.06763936072462684
2018-01-27 12:03:00,-0.021331082515189337
2018-01-27 12:06:00,-0.10459791185803624
2018-01-27 12:09:00,0.09024063672279681
2018-01-27 12:12:00,-0.10138161668015755
2018-01-27 12:15:00,-0.057927863883776354
2018-01-27 12:18:00,-0.057811954466444604
2018-01-27 12:21:00,0.018550894529937523
2018-01-27 12:24:00,-0.09053643029926661
2018-01-27 12:27:00,-0.08145286527610551
2018-01-27 12:30:00,0.004853640973180973
2018-01-27 12:33:00,-0.039205478184555886
2018-01-27 12:36:00,-0.06545771674626621
2018-01-27 12:39:00,-0.08885684550295991
2018-01-27 12:42:00,0.05015683466729115
2018-01-27 12:45:00,-0.07693154406189251
2018-01-27 12:48:00,-0.09782604587587684
2018-01-27 12:51:00,-0.100508101788364
2018-01-27 12:54:00,-0.03365922532367449
2018-01-27 12:57:00,-0.0053794990610640525
2018-01-27 13:00:00,-0.04847224230724123
2018-01-27 13:03:00,-0.13996060181801795
2018-01-27 13:06:00,-0.05493152731696682
2018-01-27 13:09:00,-0.019714844935151632
2018-01-27 13:12:00,-0.042189615722975304
2018-01-27 13:15:00,-0.03277936360586864
2018-01-27 13:18:00,-0.038516769255750205
2018-01-27 13:21:00,-0.13628067565849733
2018-01-27 13:24:00,-0.0961807123685503
2018-01-27 13:27:00,-0.006761273881807028
2018-01-27 13:30:00,0.004429161528776149
2018-01-27 13:33:00,-0.1188920823374815
2018-01-27 13:36:00,-0.1228671491503519
2018-01-27 13:39:00,-0.02345188339569404
2018-01-27 13:42:00,-0.10632747587771973
2018-01-27 13:45:00,-0.1502253331628367
2018-01-27 13:48:00,0.002342813457232751
2018-01-27 13:51:00,-0.10704586752450496
2018-01-27 13:54:00,-0.15677216971340613
2018-01-27 13:57:00,-0.012532613936969028
2018-01-27 14:00:00,-0.12257948232348781
2018-01-27 14:03:00,-0.10668265704470059
2018-01-27 14:06:00,-0.12664534539777605
2018-01-27 14:09:00,-0.1225900150831194
2018-01-27 14:12:00,0.0346254409690232
2018-01-27 14:15:00,-0.10022173671978862
2018-01-27 14:18:00,-0.057860506628742314
2018-01-27 14:21:00,-0.12466792211483835
2018-01-27 14:24:00,-0.04850995501141142
2018-01-27 14:27:00,-0.08038541505999319
2018-01-27 14:30:00,-0.16990389893459223
2018-01-27 14:33:00,-0.1832803749703089
2018-01-27 14:36:00,-0.12025674549732912
2018-01-27 14:39:00,-0.1622790985649658
2018-01-27 14:42:00,-0.13510910419023503
2018-01-27 14:45:00,-0.27071146825369397
2018-01-27 14:48:00,-0.19135135395669067
2018-01-27 14:51:00,-0.18502886670580665
2018-01-27 14:54:00,-0.22970989918968598
2018-01-27 14:57:00,-0.14416993437225756
2018-01-27 15:00:00,-0.1725530065761518
2018-01-27 15:03:00,-0.14840877963007415
2018-01-27 15:06:00,-0.16500310153878672
2018-01-27 15:09:00,-0.17338797749226842
2018-01-27 15:12:00,-0.15335940035657813
2018-01-27 15:15:00,-0.17161116305669566
2018-01-27 15:18:00,-0.1534873815672313
2018-01-27 15:21:00,-0.24233294071513
2018-01-27 15:24:00,-0.18508947442995805
2018-01-27 15:27:00,-0.14830537981669067
2018-01-27 15:30:00,-0.2822172369399709
2018-01-27 15:33:00,-0.1661402973924737
2018-01-27 15:36:00,-0.13017759147470542
2018-01-27 15:39:00,-0.1515588281056921
2018-01-27 15:42:00,-0.14664145254675987
2018-01-27 15:45:00,-0.3224649975316538
2018-01-27 15:48:00,-0.19964781222785177
2018-01-27 15:51:00,-0.2200721696918322
2018-01-27 15:54:00,-0.18783335599135853
2018-01-27 15:57:00,-0.13316130326705888
2018-01-27 16:00:00,-0.23362955355713666
2018-01-27 16:03:00,-0.1502483486946744
2018-01-27 16:06:00,-0.28132822312443295
2018-01-27 16:09:00,-0.28747294702674253
2018-01-27 16:12:00,-0.2785389757729604
2018-01-27 16:15:00,-0.1941115208110773
2018-01-27 16:18:00,-0.15607532378652422
2018-01-27 16:21:00,-0.18157495037303306
2018-01-27 16:24:00,-0.16958104411395425
2018-01-27 16:27:00,-0.2792150674432605
2018-01-27 16:30:00,-0.2753986847071701
2018-01-27 16:33:00,-0.1629798938616318
2018-01-27 16:36:00,-0.16768297988284075
2018-01-27 16:39:00,-0.07045607120778641
2018-01-27 16:42:00,0.05648241627477546
2018-01-27 16:45:00,-0.059565969556899745
2018-01-27 16:48:00,-0.13645156788885515
2018-01-27 16:51:00,-0.08896184886123137
2018-01-27 16:54:00,-0.10647745082479787
2018-01-27 16:57:00,-0.04595164290924458
2018-01-27 17:00:00,-0.08231206810370395
2018-01-27 17:03:00,-0.1577745079828219
2018-01-27 17:06:00,-0.24683000979541703
2018-01-27 17:09:00,-0.10787983139414337
2018-01-27 17:12:00,-0.13106599608482838
2018-01-27 17:15:00,-0.12124317523364425
2018-01-27 17:18:00,-0.23572659258928752
2018-01-27 17:21:00,-0.09502926774683829
2018-01-27 17:24:00,-0.23883665766680906
2018-01-27 17:27:00,-0.1275571007328722
2018-01-27 17:30:00,-0.2594399997165624
2018-01-27 17:33:00,-0.15669387304996008
2018-01-27 17:36:00,-0.0996026507402803
2018-01-27 17:39:00,0.007976022198704413
2018-01-27 17:42:00,-0.09652132211471098
2018-01-27 17:45:00,-0.17698405753623092
2018-01-27 17:48:00,-0.14758703652091754
2018-01-27 17:51:00,-0.0607089449630962
2018-01-27 17:54:00,-0.12006508166041385
2018-01-27 17:57:00,-0.008021855238041553
2018-01-27 18:00:00,-0.053669311741998627
2018-01-27 18:03:00,-0.007165789213672724
2018-01-27 18:06:00,-0.09902594218829108
2018-01-27 18:09:00,0.006757889958180385
2018-01-27 18:12:00,-0.0892202486683118
2018-01-27 18:15:00,-0.10876555774598273
2018-01-27 18:18:00,-0.09785271640987503
2018-01-27 18:21:00,0.027614342150172888
2018-01-27 18:24:00,-0.06712533094224682
2018-01-27 18:27:00,-0.013294438935531616
2018-01-27 18:30:00,0.023988259575844495
2018-01-27 18:33:00,0.024248289700494752
2018-01-27 18:36:00,0.0005090047146154575
2018-01-27 18:39:00,-0.09060997437956075
2018-01-27 18:42:00,0.017536793745762225
2018-01-27 18:45:00,0.01695307326440343
2018-01-27 18:48:00,-0.01714147028502566
2018-01-27 18:51:00,0.08545530365074683
2018-01-27 18:54:00,
2018-01-27 18:57:00,
2018-01-27 19:00:00,
2018-01-27 19:03:00,-0.00709879562776905
2018-01-27 19:06:00,-0.016667145981500653
2018-01-27 19:09:00,-0.09994402733445895
2018-01-27 19:12:00,0.044946668231659714
2018-01-27 19:15:00,0.0633576275297969
2018-01-27 19:18:00,0.007220014385268314
2018-01-27 19:21:00,0.03644487545921038
2018-01-27 19:24:00,-0.10850513441573639
2018-01-27 19:27:00,0.0752612167634652
2018-01-27 19:30:00,0.0061897665239030175
2018-01-27 19:33:00,0.07249890872077458
2018-01-27 19:36:00,0.0002741323610848667
2018-01-27 19:39:00,0.17646216301358209
2018-01-27 19:42:00,-0.07580386829823738
2018-01-27 19:45:00,0.07048570659503639
2018-01-27 19:48:00,0.06719031515217466
2018-01-27 19:51:00,0.10132327778325134
2018-01-27 19:54:00,-0.014496719115925316
2018-01-27 19:57:00,0.1479641605298525
2018-01-27 20:00:00,-0.03846342308520434
2018-01-27 20:03:00,0.13868563017791757
2018-01-27 20:06:00,0.05095042433708841
2018-01-27 20:09:00,0.0739747806115929
2018-01-27 20:12:00,0.048904637433338394
2018-01-27 20:15:00,0.16614639071599413
2018-01-27 20:18:00,0.07629789765019268
2018-01-27 20:21:00,0.1137120125004003
2018-01-27 20:24:00,0.15095262678647714
2018-01-27 20:27:00,0.04473856404513299
2018-01-27 20:30:00,0.14601921256883088
2018-01-27 20:33:00,0.11358129911519654
2018-01-27 20:36:00,0.06498347160464846
2018-01-27 20:39:00,0.14080467016214016
2018-01-27 20:42:00,0.11154215168886594
2018-01-27 20:45:00,0.08336772087056943
2018-01-27 20:48:00,0.04233214830782117
2018-01-27 20:51:00,0.1581282000373676
2018-01-27 20:54:00,0.17550550885346183
2018-01-27 20:57:00,0.09946327416173517
2018-01-27 21:00:00,0.1707858634786703
2018-01-27 21:03:00,0.1642412101934383
2018-01-27 21:06:00,0.14861517926550505
2018-01-27 21:09:00,0.20520425492821914
2018-01-27 21:12:00,0.10503267942925731
2018-01-27 21:15:00,0.16154703946773452
2018-01-27 21:18:00,0.2083847827970544
2018-01-27 21:21:00,0.08643496033937481
2018-01-27 21:24:00,0.17491715303771116
2018-01-27 21:27:00,0.24490650083311039
2018-01-27 21:30:00,0.1320797900587536
2018-01-27 21:33:00,0.21222594749127666
2018-01-27 21:36:00,0.2744026925053049
2018-01-27 21:39:00,0.14787300813515003
2018-01-27 21:42:00,0.12618222894911924
2018-01-27 21:45:00,0.18291044878577623
2018-01-27 21:48:00,0.09994705931234193
2018-01-27 21:51:00,0.16668026018373894
2018-01-27 21:54:00,0.2362066958692708
2018-01-27 21:57:00,0.17164473139638403
2018-01-27 22:00:00,0.13339700657127196
2018-01-27 22:03:00,0.25519659553731344
2018-01-27 22:06:00,0.15682266360062158
2018-01-27 22:09:00,0.2590727250520217
2018-01-27 22:12:00,0.2899350639761451
2018-01-27 22:15:00,0.22990424895715478
2018-01-27 22:18:00,0.26429139073030683
2018-01-27 22:21:00,0.116228795150505
2018-01-27 22:24:00,0.27104350039064684
2018-01-27 22:27:00,0.11884673567556092
2018-01-27 22:30:00,0.23512882575602134
2018-01-27 22:33:00,0.2179862762888547
2018-01-27 22:36:00,0.18818829197277864
2018-01-27 22:39:00,0.25702511309651754
2018-01-27 22:42:00,0.35433004181163597
2018-01-27 22:45:00,0.20323068531808985
2018-01-27 22:48:00,0.3416790487985395
2018-01-27 22:51:00,0.23753622744430913
2018-01-27 22:54:00,0.33014136809094907
2018-01-27 22:57:00,0.3044260768106142
2018-01-27 23:00:00,0.2872807288069339
2018-01-27 23:03:00,0.2687294066387267
2018-01-27 23:06:00,0.14663578275843747
2018-01-27 23:09:00,0.2674844081615788
2018-01-27 23:12:00,0.2908197034707314
2018-01-27 23:15:00,0.23029315899640324
2018-01-27 23:18:00,0.1973657257103696
2018-01-27 23:21:00,0.26541536633448004
2018-01-27 23:24:00,0.25464141334219903
2018-01-27 23:27:00,0.3209272603980935
2018-01-27 23:30:00,0.18612559398548
2018-01-27 23:33:00,0.24135447503681462
2018-01-27 23:36:00,0.26891007921204846
2018-01-27 23:39:00,0.3633071549797364
2018-01-27 23:42:00,0.3235624606390388
2018-01-27 23:45:00,0.2578916822340034
2018-01-27 23:48:00,0.3106596154069621
2018-01-27 23:51:00,0.20285460349811046
2018-01-27 23:54:00,0.28237519698848246
2018-01-27 23:57:00,0.18374498361833957
2018-01-28 00:00:00,0.21811484867396302
2018-01-28 00:03:00,0.13149556107038052
2018-01-28 00:06:00,0.25609556087886176
2018-01-28 00:09:00,0.31859274736200405
2018-01-28 00:12:00,0.24747737534482894
2018-01-28 00:15:00,0.3316722997147963
2018-01-28 00:18:00,0.30724821025199844
2018-01-28 00:21:00,0.2930209193474411
2018-01-28 00:24:00,0.30739470793031387
2018-01-28 00:27:00,0.15519862379676397
2018-01-28 00:30:00,0.3399320146124296
2018-01-28 00:33:00,0.3503526482995767
2018-01-28 00:36:00,0.4428370755672404
2018-01-28 00:39:00,0.27463541176695117
2018-01-28 00:42:00,0.33930380011412353
2018-01-28 00:45:00,0.264846178026346
2018-01-28 00:48:00,0.3861594383637339
2018-01-28 00:51:00,0.35913486950096285
2018-01-28 00:54:00,0.3875310220889219
2018-01-28 00:57:00,0.31735260272483856
2018-01-28 01:00:00,0.2973118842817257
2018-01-28 01:03:00,0.3292383614074197
2018-01-28 01:06:00,0.4298754796470803
2018-01-28 01:09:00,0.31784366710701306
2018-01-28 01:12:00,0.3953075577091454
2018-01-28 01:15:00,0.3751133265898261
2018-01-28 01:18:00,0.4076784070654753
2018-01-28 01:21:00,0.48564032485467123
2018-01-28 01:24:00,0.3743051918586957
2018-01-28 01:27:00,0.3950503237073235
2018-01-28 01:30:00,0.44070672383224974
2018-01-28 01:33:00,0.3545489229560985
2018-01-28 01:36:00,0.4140717515454071
2018-01-28 01:39:00,0.29196934277774744
2018-01-28 01:42:00,0.28407976868777496
2018-01-28 01:45:00,0.33230980111545705
2018-01-28 01:48:00,0.3713239277610114
2018-01-28 01:51:00,0.3285018954246084
2018-01-28 01:54:00,0.33834276371948135
2018-01-28 01:57:00,0.4144246360949069
2018-01-28 02:00:00,0.40136582083528083
2018-01-28 02:03:00,0.4353667927932747
2018-01-28 02:06:00,0.3351654404967803
2018-01-28 02:09:00,0.31585103809817383
2018-01-28 02:12:00,0.4944312377426172
2018-01-28 02:15:00,0.20109276015915611
2018-01-28 02:18:00,0.30749684825570966
2018-01-28 02:21:00,0.38124959985702844
2018-01-28 02:24:00,0.3670297515957941
2018-01-28 02:27:00,0.3674843102093064
2018-01-28 02:30:00,0.35790383502927625
2018-01-28 02:33:00,0.32149697326030946
2018-01-28 02:36:00,0.35861361237016354
2018-01-28 02:39:00,0.4909889526470579
2018-01-28 02:42:00,0.4686871295225501
2018-01-28 02:45:00,0.4476148233343338
2018-01-28 02:48:00,0.28978828834948445
2018-01-28 02:51:00,0.2754216706892407
2018-01-28 02:54:00,0.35031325338025
2018-01-28 02:57:00,0.3461574142556856
2018-01-28 03:00:00,0.34685434368196866
2018-01-28 03:03:00,0.34676347226366033
2018-01-28 03:06:00,0.35191345649445793
2018-01-28 03:09:00,0.2681845495775974
2018-01-28 03:12:00,0.3798721118085382
2018-01-28 03:15:00,0.3383160130205738
2018-01-28 03:18:00,0.2705248236423472
2018-01-28 03:21:00,0.2579269570990732
2018-01-28 03:24:00,0.2702613843254653
2018-01-28 03:27:00,0.28036431473321954
2018-01-28 03:30:00,0.3743180524555214
2018-01-28 03:33:00,0.3088428865330002
2018-01-28 03:36:00,0.41301134668196937
2018-01-28 03:39:00,0.3079299065783516
2018-01-28 03:42:00,0.3621667690790673
2018-01-28 03:45:00,0.3135350417362588
2018-01-28 03:48:00,0.31235073699116356
2018-01-28 03:51:00,0.3551738771173518
2018-01-28 03:54:00,0.3995551459111084
2018-01-28 03:57:00,0.38226666246725927
2018-01-28 04:00:00,0.33804639256675273
2018-01-28 04:03:00,0.3665956297961088
2018-01-28 04:06:00,0.3455831783476242
2018-01-28 04:09:00,0.371910787135846
2018-01-28 04:12:00,0.26373606439108244
2018-01-28 04:15:00,0.3586229407386554
2018-01-28 04:18:00,0.34060700716440806
2018-01-28 04:21:00,0.29899262847175123
2018-01-28 04:24:00,0.34810737625571164
2018-01-28 04:27:00,0.29293402976867355
2018-01-28 04:30:00,0.2679326363160044
2018-01-28 04:33:00,0.3657189725151966
2018-01-28 04:36:00,0.3997060465802633
2018-01-28 04:39:00,0.3755514063199712
2018-01-28 04:42:00,0.28997713374928935
2018-01-28 04:45:00,0.4025488157748782
2018-01-28 04:48:00,0.3581674146865339
2018-01-28 04:51:00,0.40573687146758175
2018-01-28 04:54:00,0.43388600952062006
2018-01-28 04:57:00,0.39940037876931456
2018-01-28 05:00:00,0.35394472705775115
2018-01-28 05:03:00,0.33300150875470536
2018-01-28 05:06:00,0.3061208677193008
2018-01-28 05:09:00,0.3270671294387171
2018-01-28 05:12:00,0.16665015570879405
2018-01-28 05:15:00,0.1992926877516652
2018-01-28 05:18:00,0.1592157636104048
2018-01-28 05:21:00,0.28211133982335923
2018-01-28 05:24:00,0.21431443919402682
2018-01-28 05:27:00,0.17484552689813881
2018-01-28 05:30:00,0.2793453557957264
2018-01-28 05:33:00,0.25769841837535523
2018-01-28 05:36:00,0.40033895879412285
2018-01-28 05:39:00,0.3458024561116986
2018-01-28 05:42:00,0.38162555371576445
2018-01-28 05:45:00,0.2609291221250487
2018-01-28 05:48:00,0.4391479307093391
2018-01-28 05:51:00,0.4878775128621555
2018-01-28 05:54:00,0.38089680254836367
2018-01-28 05:57:00,0.3927746902564877
2018-01-28 06:00:00,0.42222119445483486
2018-01-28 06:03:00,0.39397044444973517
2018-01-28 06:06:00,0.42917993587076353
2018-01-28 06:09:00,0.35487680573174885
2018-01-28 06:12:00,0.5052840834111976
2018-01-28 06:15:00,0.4254311488596727
2018-01-28 06:18:00,0.3802346413142459
2018-01-28 06:21:00,0.42578746852205995
2018-01-28 06:24:00,0.5157035612039067
2018-01-28 06:27:00,0.3928423047384513
2018-01-28 06:30:00,0.3174983403517331
2018-01-28 06:33:00,0.38513160302818505
2018-01-28 06:36:00,0.33510177899051996
2018-01-28 06:39:00,0.39525742132173036
2018-01-28 06:42:00,0.32704482030294457
2018-01-28 06:45:00,0.3888385357743118
2018-01-28 06:48:00,0.3627317920986002
2018-01-28 06:51:00,0.38154541843266543
2018-01-28 06:54:00,0.3601074999082243
2018-01-28 06:57:00,0.38244809260584134
2018-01-28 07:00:00,0.39914622869792993
2018-01-28 07:03:00,0.31208356365567624
2018-01-28 07:06:00,0.43221325888794127
2018-01-28 07:09:00,0.35212668961958116
2018-01-28 07:12:00,0.19654181052277409
2018-01-28 07:15:00,0.3194162329099868
2018-01-28 07:18:00,0.24346939262693468
2018-01-28 07:21:00,0.1677070220856649
2018-01-28 07:24:00,0.3252247342258556
2018-01-28 07:27:00,0.320183873894166
2018-01-28 07:30:00,0.38246980646567863
2018-01-28 07:33:00,0.34549142472076255
2018-01-28 07:36:00,0.4037413056108221
2018-01-28 07:39:00,0.3602413703702041
2018-01-28 07:42:00,0.2993355563766613
2018-01-28 07:45:00,0.28634686324062386
2018-01-28 07:48:00,0.38967607388133274
2018-01-28 07:51:00,0.4328775575700661
2018-01-28 07:54:00,0.3456892529575839
2018-01-28 07:57:00,0.31666606364854033
2018-01-28 08:00:00,0.29944722145694413
2018-01-28 08:03:00,0.3768321626584452
2018-01-28 08:06:00,0.36957353588644537
2018-01-28 08:09:00,0.3049113029529167
2018-01-28 08:12:00,0.40383186878011657
2018-01-28 08:15:00,0.43567180255575977
2018-01-28 08:18:00,0.42308410691799736
2018-01-28 08:21:00,0.4085109465705159
2018-01-28 08:24:00,0.43339729844046815
2018-01-28 08:27:00,0.32667595421520446
2018-01-28 08:30:00,0.3662357985315907
2018-01-28 08:33:00,0.5256632093725102
2018-01-28 08:36:00,0.36947381686002245
2018-01-28 08:39:00,0.3589478536067645
2018-01-28 08:42:00,0.4437353272384712
2018-01-28 08:45:00,0.29077474032294504
2018-01-28 08:48:00,0.4570416862048887
2018-01-28 08:51:00,0.3543757451333249
2018-01-28 08:54:00,0.4317813165154121
2018-01-28 08:57:00,0.3831647366852735
2018-01-28 09:00:00,0.33863779821632534
2018-01-28 09:03:00,0.35827191011799187
2018-01-28 09:06:00,0.3560547773549274
2018-01-28 09:09:00,0.3349820082822248
2018-01-28 09:12:00,0.3211105868509776
2018-01-28 09:15:00,0.3847255305701083
2018-01-28 09:18:00,0.3034629390049872
2018-01-28 09:21:00,0.39688898970092623
2018-01-28 09:24:00,0.41099887580128325
2018-01-28 09:27:00,0.48882155196992016
2018-01-28 09:30:00,0.4217381739901498
2018-01-28 09:33:00,0.45600415443783504
2018-01-28 09:36:00,0.40473354952194995
2018-01-28 09:39:00,0.5327778169283874
2018-01-28 09:42:00,0.666213779659472
2018-01-28 09:45:00,0.6439990438440191
2018-01-28 09:48:00,0.3372183064853971
2018-01-28 09:51:00,0.447378301833794
2018-01-28 09:54:00,0.36495497783670316
2018-01-28 09:57:00,0.3353283785292547
2018-01-28 10:00:00,0.346588960262352
2018-01-28 10:03:00,0.6766044785672989
2018-01-28 10:06:00,0.5008424592946881
2018-01-28 10:09:00,0.3418205942504642
2018-01-28 10:12:00,0.3629860903764097
2018-01-28 10:15:00,0.3612628310136188
2018-01-28 10:18:00,0.28396106771066343
2018-01-28 10:21:00,0.31178731461596954
2018-01-28 10:24:00,0.37399285127651183
2018-01-28 10:27:00,0.3763205186433538
2018-01-28 10:30:00,0.48943564285565344
2018-01-28 10:33:00,0.3771710383946356
2018-01-28 10:36:00,0.31148324418586526
2018-01-28 10:39:00,0.2350930434504903
2018-01-28 10:42:00,0.27219480309764776
2018-01-28 10:45:00,0.47009975167907214
2018-01-28 10:48:00,0.3950710725039812
2018-01-28 10:51:00,0.4045799215260786
2018-01-28 10:54:00,0.3221120493478793
2018-01-28 10:57:00,0.2162006126692404
2018-01-28 11:00:00,0.27507503258590305
2018-01-28 11:03:00,0.24062657440038038
2018-01-28 11:06:00,0.3504938812380942
2018-01-28 11:09:00,0.2894763477488027
2018-01-28 11:12:00,0.3067724220695709
2018-01-28 11:15:00,0.21250609238830975
2018-01-28 11:18:00,0.24617043617098489
2018-01-28 11:21:00,0.2784406780437507
2018-01-28 11:24:00,0.2020830564379139
2018-01-28 11:27:00,0.2671573760240449
2018-01-28 11:30:00,0.1842879491553049
2018-01-28 11:33:00,0.21841856553203343
2018-01-28 11:36:00,0.25512770881454117
2018-01-28 11:39:00,0.23697185993324865
2018-01-28 11:42:00,0.29533923141400464
2018-01-28 11:45:00,0.21708172906278378
2018-01-28 11:48:00,0.14345087387630429
2018-01-28 11:51:00,0.1478608294439141
2018-01-28 11:54:00,0.11759025458633232
2018-01-28 11:57:00,0.06851448899226398
2018-01-28 12:00:00,0.11759170208239311
2018-01-28 12:03:00,-0.007389666162509911
2018-01-28 12:06:00,0.11680236523244503
2018-01-28 12:09:00,0.07920087495364214
2018-01-28 12:12:00,0.15244308902765624
2018-01-28 12:15:00,0.16245300023808795
2018-01-28 12:18:00,0.13002653683167864
2018-01-28 12:21:00,0.1629591906464043
2018-01-28 12:24:00,0.16254078937777194
2018-01-28 12:27:00,0.2676016918971982
2018-01-28 12:30:00,0.20496226850434596
2018-01-28 12:33:00,0.1751736659133485
2018-01-28 12:36:00,0.21850253130457986
2018-01-28 12:39:00,0.06391001360731252
2018-01-28 12:42:00,0.1856081669407672
2018-01-28 12:45:00,0.08885640665755545
2018-01-28 12:48:00,0.05607480463856973
2018-01-28 12:51:00,-0.0772008984665149
2018-01-28 12:54:00,0.0703867085757679
2018-01-28 12:57:00,-0.0029224688312297076
2018-01-28 13:00:00,0.13031285642841794
2018-01-28 13:03:00,0.12665201198086606
2018-01-28 13:06:00,0.10276255614041929
2018-01-28 13:09:00,0.2624235467009157
2018-01-28 13:12:00,0.11898186000360056
2018-01-28 13:15:00,0.1599304212821835
2018-01-28 13:18:00,0.11662977025179089
2018-01-28 13:21:00,-0.04247150039805092
2018-01-28 13:24:00,0.12179124639214933
2018-01-28 13:27:00,0.14451787938656935
2018-01-28 13:30:00,0.1485176141132456
2018-01-28 13:33:00,0.07390062619339233
2018-01-28 13:36:00,0.11509261472110666
2018-01-28 13:39:00,0.045739861295373885
2018-01-28 13:42:00,0.18288028490650277
2018-01-28 13:45:00,0.22966732469126327
2018-01-28 13:48:00,0.1318077253807246
2018-01-28 13:51:00,0.17283324533428868
2018-01-28 13:54:00,0.11317527436625596
2018-01-28 13:57:00,0.0029110471186299947
2018-01-28 14:00:00,-0.039165428453827644
2018-01-28 14:03:00,-0.1391837232324633
2018-01-28 14:06:00,0.07058046844974797
2018-01-28 14:09:00,0.03829958511505538
2018-01-28 14:12:00,0.016247139319943926
2018-01-28 14:15:00,-0.036607530535547994
2018-01-28 14:18:00,-0.09887929493754655
2018-01-28 14:21:00,-0.08447648860556001
2018-01-28 14:24:00,-0.1205087316651543
2018-01-28 14:27:00,-0.2037057295217437
2018-01-28 14:30:00,-0.18956898689810942
2018-01-28 14:33:00,-0.19436098551130954
2018-01-28 14:36:00,-0.10562039831637549
2018-01-28 14:39:00,-0.18620028665321797
2018-01-28 14:42:00,-0.18821071843933623
2018-01-28 14:45:00,-0.1738216952772973
2018-01-28 14:48:00,-0.09368702524733408
2018-01-28 14:51:00,-0.16776472508638562
2018-01-28 14:54:00,-0.07849478365511686
2018-01-28 14:57:00,-0.08159201965906959
2018-01-28 15:00:00,-0.08678028139922844
2018-01-28 15:03:00,-0.06962764004600785
2018-01-28 15:06:00,-0.1270014617333004
2018-01-28 15:09:00,-0.03079805223569565
2018-01-28 15:12:00,-0.06235575295016815
2018-01-28 15:15:00,-0.12465085930136865
2018-01-28 15:18:00,-0.24231480715616271
2018-01-28 15:21:00,-0.09766223893626602
2018-01-28 15:24:00,-0.2387282843091043
2018-01-28 15:27:00,-0.09490616068205782
2018-01-28 15:30:00,-0.22276997705642998
2018-01-28 15:33:00,-0.2120354780291791
2018-01-28 15:36:00,-0.14816416518300457
2018-01-28 15:39:00,-0.18673534330406483
2018-01-28 15:42:00,-0.09200004474200796
2018-01-28 15:45:00,-0.18927445173238766
2018-01-28 15:48:00,-0.13680098081704273
2018-01-28 15:51:00,-0.11518597103150796
2018-01-28 15:54:00,-0.10525366000922531
2018-01-28 15:57:00,-0.16364260529331887
2018-01-28 16:00:00,-0.17631331733150546
2018-01-28 16:03:00,-0.14316660129236425
2018-01-28 16:06:00,-0.18142429676049687
2018-01-28 16:09:00,-0.1394603440555784
2018-01-28 16:12:00,-0.12317953636966195
2018-01-28 16:15:00,-0.10293726769685918
2018-01-28 16:18:00,-0.1926555410977926
2018-01-28 16:21:00,-0.14532283254408185
2018-01-28 16:24:00,-0.07942164460365575
2018-01-28 16:27:00,-0.12590975463791665
2018-01-28 16:30:00,-0.15317684497176742
2018-01-28 16:33:00,-0.041588547039623336
2018-01-28 16:36:00,-0.1689963178955054
2018-01-28 16:39:00,-0.10082115684900828
2018-01-28 16:42:00,-0.09631632205895357
2018-01-28 16:45:00,-0.08242453356950818
2018-01-28 16:48:00,-0.12698517445801372
2018-01-28 16:51:00,-0.12204840098479508
2018-01-28 16:54:00,-0.009067544570427799
2018-01-28 16:57:00,-0.1286031604136042
2018-01-28 17:00:00,-0.09942672914570494
2018-01-28 17:03:00,0.005704148253983021
2018-01-28 17:06:00,0.0066266238758885265
2018-01-28 17:09:00,-0.08740711042906923
2018-01-28 17:12:00,0.020190666980170136
2018-01-28 17:15:00,-0.05656085289092516
2018-01-28 17:18:00,-0.05926221619426997
2018-01-28 17:21:00,0.04489692300205661
2018-01-28 17:24:00,0.09053700801945297
2018-01-28 17:27:00,-0.0064682910875717425
2018-01-28 17:30:00,-0.031446908389966666
2018-01-28 17:33:00,-0.03415414469844791
2018-01-28 17:36:00,0.013068800954329163
2018-01-28 17:39:00,-0.019542408046334003
2018-01-28 17:42:00,-0.10076591899996856
2018-01-28 17:45:00,-0.032005666288398515
2018-01-28 17:48:00,0.152522460979867
2018-01-28 17:51:00,-0.13270998348144758
2018-01-28 17:54:00,0.010398745405780119
2018-01-28 17:57:00,-0.15316826781571535
2018-01-28 18:00:00,-0.08761028867348841
2018-01-28 18:03:00,-0.09221032852769895
2018-01-28 18:06:00,-0.029844044310209483
2018-01-28 18:09:00,-0.010229535989765282
2018-01-28 18:12:00,-0.004072297287621041
2018-01-28 18:15:00,-0.04142034235957226
2018-01-28 18:18:00,0.0183247377088378
2018-01-28 18:21:00,0.13812971817822017
2018-01-28 18:24:00,-0.03905113301976826
2018-01-28 18:27:00,0.006419555522768405
2018-01-28 18:30:00,0.06356386568808148
2018-01-28 18:33:00,0.18281920757016223
2018-01-28 18:36:00,0.008262614378281796
2018-01-28 18:39:00,0.11940938504875476
2018-01-28 18:42:00,0.04571449929790106
2018-01-28 18:45:00,0.08811532132426692
2018-01-28 18:48:00,0.053006971208276354
2018-01-28 18:51:00,0.1065848721053726
2018-01-28 18:54:00,
2018-01-28 18:57:00,
2018-01-28 19:00:00,
2018-01-28 19:03:00,0.04011824782929807
2018-01-28 19:06:00,0.03962852510954917
2018-01-28 19:09:00,0.030815578570582147
2018-01-28 19:12:00,0.08935111662555073
2018-01-28 19:15:00,0.1262645930272015
2018-01-28 19:18:00,0.033370632493131325
2018-01-28 19:21:00,0.027924338901129886
2018-01-28 19:24:00,0.14453212965082685
2018-01-28 19:27:00,0.0662989422779674
2018-01-28 19:30:00,0.0579160123714928
2018-01-28 19:33:00,-0.00597688436999988
2018-01-28 19:36:00,0.11768169990898514
2018-01-28 19:39:00,0.00831075681190896
2018-01-28 19:42:00,0.08499717298855103
2018-01-28 19:45:00,0.05080964939151045
2018-01-28 19:48:00,0.10468610317695948
2018-01-28 19:51:00,0.0549332396973341
2018-01-28 19:54:00,0.08538341685903106
2018-01-28 19:57:00,0.010072658260014578
2018-01-28 20:00:00,0.055451734981602385
2018-01-28 20:03:00,0.08925358247211079
2018-01-28 20:06:00,0.13491400491011518
2018-01-28 20:09:00,0.08895651467884136
2018-01-28 20:12:00,0.16684887440533203
2018-01-28 20:15:00,0.1933042664429081
2018-01-28 20:18:00,0.17970874065866838
2018-01-28 20:21:00,0.12858574686998736
2018-01-28 20:24:00,0.18682852090694269
2018-01-28 20:27:00,0.12015687531425101
2018-01-28 20:30:00,0.22183390299483108
2018-01-28 20:33:00,0.07234817256750148
2018-01-28 20:36:00,0.13765559424484763
2018-01-28 20:39:00,0.20281669449792616
2018-01-28 20:42:00,0.22067659399573358
2018-01-28 20:45:00,0.38797629642562015
2018-01-28 20:48:00,0.21511121995558824
2018-01-28 20:51:00,0.26834263274690784
2018-01-28 20:54:00,0.13383114878200786
2018-01-28 20:57:00,0.2409680229501987
2018-01-28 21:00:00,0.2017453827950817
2018-01-28 21:03:00,0.22884591499564522
2018-01-28 21:06:00,0.2618466528595036
2018-01-28 21:09:00,0.29590270465399726
2018-01-28 21:12:00,0.27278315943499365
2018-01-28 21:15:00,0.24756857223991346
2018-01-28 21:18:00,0.32815589209610607
2018-01-28 21:21:00,0.3716715876028047
2018-01-28 21:24:00,0.40398262667201834
2018-01-28 21:27:00,0.31185801390540746
2018-01-28 21:30:00,0.32274773563278814
2018-01-28 21:33:00,0.31159779834189294
2018-01-28 21:36:00,0.24757284348970643
2018-01-28 21:39:00,0.31223881793852115
2018-01-28 21:42:00,0.26025925962733254
2018-01-28 21:45:00,0.28587233049512406
2018-01-28 21:48:00,0.19856121249102898
2018-01-28 21:51:00,0.3058783488920085
2018-01-28 21:54:00,0.32745909744983237
2018-01-28 21:57:00,0.21536290730279006
2018-01-28 22:00:00,0.2780565860248885
2018-01-28 22:03:00,0.2891858552196709
2018-01-28 22:06:00,0.25983891427830486
2018-01-28 22:09:00,0.2702514277547152
2018-01-28 22:12:00,0.3109554602187927
2018-01-28 22:15:00,0.21747116764760221
2018-01-28 22:18:00,0.2689269538328176
2018-01-28 22:21:00,0.20197240711053155
2018-01-28 22:24:00,0.20935547178146408
2018-01-28 22:27:00,0.20597176944590956
2018-01-28 22:30:00,0.055541347573921485
2018-01-28 22:33:00,0.21909010714080068
2018-01-28 22:36:00,0.23242601383765304
2018-01-28 22:39:00,0.1749205023761533
2018-01-28 22:42:00,0.16625639859944386
2018-01-28 22:45:00,0.09381002855326415
2018-01-28 22:48:00,0.11571689072536628
2018-01-28 22:51:00,0.2162521205271446
2018-01-28 22:54:00,0.1887518396820269
2018-01-28 22:57:00,0.25122861484118175
2018-01-28 23:00:00,0.24360826183942663
2018-01-28 23:03:00,0.2556432325671949
2018-01-28 23:06:00,0.23526506602559039
2018-01-28 23:09:00,0.2526667305862702
2018-01-28 23:12:00,0.14554105281092689
2018-01-28 23:15:00,0.2896529019077434
2018-01-28 23:18:00,0.26441554135521983
2018-01-28 23:21:00,0.28245929089348465
2018-01-28 23:24:00,0.33615957564381915
2018-01-28 23:27:00,0.30701223580291526
2018-01-28 23:30:00,0.3975460558559121
2018-01-28 23:33:00,0.2760933102832155
2018-01-28 23:36:00,0.32650127273285534
2018-01-28 23:39:00,0.30983908045311637
2018-01-28 23:42:00,0.33331737664173033
2018-01-28 23:45:00,0.35561133092460295
2018-01-28 23:48:00,0.2494357590879872
2018-01-28 23:51:00,0.430211945980318
2018-01-28 23:54:00,0.2858253910961821
2018-01-28 23:57:00,0.3305779282864023
2018-01-29 00:00:00,0.43449782644250945
2018-01-29 00:03:00,0.35968918315285237
2018-01-29 00:06:00,0.390312411458126
2018-01-29 00:09:00,0.35321085562850385
2018-01-29 00:12:00,0.3852918731976729
2018-01-29 00:15:00,0.3591763232958556
2018-01-29 00:18:00,0.34788061780238877
2018-01-29 00:21:00,0.5302345456345847
2018-01-29 00:24:00,0.35420967932731173
2018-01-29 00:27:00,0.4440053423104473
2018-01-29 00:30:00,0.36131808744409
2018-01-29 00:33:00,0.3728780857539391
2018-01-29 00:36:00,0.41786646492869295
2018-01-29 00:39:00,0.4348213693854177
2018-01-29 00:42:00,0.3567216036248624
2018-01-29 00:45:00,0.4914065349136081
2018-01-29 00:48:00,0.3332171441502396
2018-01-29 00:51:00,0.4444863397918084
2018-01-29 00:54:00,0.4381390222200139
2018-01-29 00:57:00,0.40956099551397074
2018-01-29 01:00:00,0.4070306264124497
2018-01-29 01:03:00,0.26786944783117406
2018-01-29 01:06:00,0.3979584306565016
2018-01-29 01:09:00,0.37538471588061384
2018-01-29 01:12:00,0.4399282738077659
2018-01-29 01:15:00,0.36865004329308704
2018-01-29 01:18:00,0.38136732911999616
2018-01-29 01:21:00,0.37828703296037247
2018-01-29 01:24:00,0.40712335357153506
2018-01-29 01:27:00,0.3011883598362033
2018-01-29 01:30:00,0.37046555812707993
2018-01-29 01:33:00,0.34374254022048945
2018-01-29 01:36:00,0.40138707960244346
2018-01-29 01:39:00,0.31630630618383293
2018-01-29 01:42:00,0.3506109736878784
2018-01-29 01:45:00,0.41894835654932194
2018-01-29 01:48:00,0.39924216084313
2018-01-29 01:51:00,0.33976067473253124
2018-01-29 01:54:00,0.3902051828921458
2018-01-29 01:57:00,0.38402299381533567
2018-01-29 02:00:00,0.44009433679087806
2018-01-29 02:03:00,0.4765099264009791
2018-01-29 02:06:00,0.49433809561514863
2018-01-29 02:09:00,0.36090165711368627
2018-01-29 02:12:00,0.39582260671977565
2018-01-29 02:15:00,0.4536089321493364
2018-01-29 02:18:00,0.42642727658267177
2018-01-29 02:21:00,0.35902985773896035
2018-01-29 02:24:00,0.4757828302446683
2018-01-29 02:27:00,0.45504903005274855
2018-01-29 02:30:00,0.35018920318043456
2018-01-29 02:33:00,0.4642556511165594
2018-01-29 02:36:00,0.3954094741322365
2018-01-29 02:39:00,0.4268373324911181
2018-01-29 02:42:00,0.5237786794429553
2018-01-29 02:45:00,0.3327929670765002
2018-01-29 02:48:00,0.4074762004848935
2018-01-29 02:51:00,0.3863055061033833
2018-01-29 02:54:00,0.35934103160388986
2018-01-29 02:57:00,0.41785171140105604
2018-01-29 03:00:00,0.437067911818815
2018-01-29 03:03:00,0.5481814542164898
2018-01-29 03:06:00,0.46950768567558043
2018-01-29 03:09:00,0.5002292902682939
2018-01-29 03:12:00,0.546528852638005
2018-01-29 03:15:00,0.359750543148607
2018-01-29 03:18:00,0.39740123741984235
2018-01-29 03:21:00,0.47402238320904644
2018-01-29 03:24:00,0.4450087309969035
2018-01-29 03:27:00,0.5029020562349729
2018-01-29 03:30:00,0.5004207421898741
2018-01-29 03:33:00,0.4818239628715446
2018-01-29 03:36:00,0.5234907694985509
2018-01-29 03:39:00,0.4093801590544217
2018-01-29 03:42:00,0.5079521755247356
2018-01-29 03:45:00,0.48236697470650824
2018-01-29 03:48:00,0.459832819278688
2018-01-29 03:51:00,0.4687867691800989
2018-01-29 03:54:00,0.46667467923572303
2018-01-29 03:57:00,0.3868488864985693
2018-01-29 04:00:00,0.460336924189221
2018-01-29 04:03:00,0.4408695839987331
2018-01-29 04:06:00,0.3763258350023193
2018-01-29 04:09:00,0.4740651654890371
2018-01-29 04:12:00,0.4851744324652145
2018-01-29 04:15:00,0.48301139448494723
2018-01-29 04:18:00,0.46461185089020773
2018-01-29 04:21:00,0.5343944477727405
2018-01-29 04:24:00,0.5191185724960974
2018-01-29 04:27:00,0.5567823742895825
2018-01-29 04:30:00,0.4217025023463634
2018-01-29 04:33:00,0.48404466078500263
2018-01-29 04:36:00,0.5247357971999236
2018-01-29 04:39:00,0.46201368539976784
2018-01-29 04:42:00,0.46201223237437716
2018-01-29 04:45:00,0.4605022183422989
2018-01-29 04:48:00,0.467403955857435
2018-01-29 04:51:00,0.5946342965128224
2018-01-29 04:54:00,0.582293635495887
2018-01-29 04:57:00,0.4664188567593328
2018-01-29 05:00:00,0.6385867141527228
2018-01-29 05:03:00,0.5368583214559521
2018-01-29 05:06:00,0.5852758345241682
2018-01-29 05:09:00,0.439938555990409
2018-01-29 05:12:00,0.38714134711750603
2018-01-29 05:15:00,0.5027392484827828
2018-01-29 05:18:00,0.45169975434544085
2018-01-29 05:21:00,0.4852662882088339
2018-01-29 05:24:00,0.5000600114191229
2018-01-29 05:27:00,0.4162237933514916
2018-01-29 05:30:00,0.4376410905080661
2018-01-29 05:33:00,0.5778218273370044
2018-01-29 05:36:00,0.5237082090136482
2018-01-29 05:39:00,0.5537915775153692
2018-01-29 05:42:00,0.5196509258211677
2018-01-29 05:45:00,0.6161973148704192
2018-01-29 05:48:00,0.4629921983872123
2018-01-29 05:51:00,0.4457815637998692
2018-01-29 05:54:00,0.5497007550898161
2018-01-29 05:57:00,0.4434267766479252
2018-01-29 06:00:00,0.517297445863619
2018-01-29 06:03:00,0.5625650082257607
2018-01-29 06:06:00,0.5207556118894558
2018-01-29 06:09:00,0.5929124304562947
2018-01-29 06:12:00,0.5106128407653614
2018-01-29 06:15:00,0.5921535643378206
2018-01-29 06:18:00,0.47686394848204827
2018-01-29 06:21:00,0.5221327758118832
2018-01-29 06:24:00,0.4886565782334742
2018-01-29 06:27:00,0.4778314909586925
2018-01-29 06:30:00,0.4608967495285583
2018-01-29 06:33:00,0.536403237292916
2018-01-29 06:36:00,0.4629497735688233
2018-01-29 06:39:00,0.5241041755972446
2018-01-29 06:42:00,0.5263909061981735
2018-01-29 06:45:00,0.49751139141352496
2018-01-29 06:48:00,0.5907385874461966
2018-01-29 06:51:00,0.5676432107540563
2018-01-29 06:54:00,0.5787390360102904
2018-01-29 06:57:00,0.5076189852259176
2018-01-29 07:00:00,0.5280191760954267
2018-01-29 07:03:00,0.5433434598982103
2018-01-29 07:06:00,0.5886254130742259
2018-01-29 07:09:00,0.508827962840428
2018-01-29 07:12:00,0.5005125100325927
2018-01-29 07:15:00,0.5474291493456462
2018-01-29 07:18:00,0.5714207990989735
2018-01-29 07:21:00,0.5270443262089088
2018-01-29 07:24:00,0.4632669689496538
2018-01-29 07:27:00,0.586117283925546
2018-01-29 07:30:00,0.4993343002425945
2018-01-29 07:33:00,0.6250230369328733
2018-01-29 07:36:00,0.5172307992493757
2018-01-29 07:39:00,0.506511397432746
2018-01-29 07:42:00,0.4642660353196675
2018-01-29 07:45:00,0.5586764032182145
2018-01-29 07:48:00,0.5602811800414997
2018-01-29 07:51:00,0.5840882765630795
2018-01-29 07:54:00,0.6003008871671796
2018-01-29 07:57:00,0.48361699644794953
2018-01-29 08:00:00,0.5662535507440793
2018-01-29 08:03:00,0.49163396571117346
2018-01-29 08:06:00,0.4888710574854258
2018-01-29 08:09:00,0.5733776837722075
2018-01-29 08:12:00,0.5993791743996439
2018-01-29 08:15:00,0.40706860666443845
2018-01-29 08:18:00,0.5596920527517
2018-01-29 08:21:00,0.4264054793184755
2018-01-29 08:24:00,0.5694215859509768
2018-01-29 08:27:00,0.5465101191017538
2018-01-29 08:30:00,0.4647292235103464
2018-01-29 08:33:00,0.47299379841416567
2018-01-29 08:36:00,0.46566269260841864
2018-01-29 08:39:00,0.44462422409003466
2018-01-29 08:42:00,0.42141495082330493
2018-01-29 08:45:00,0.4350115374607526
2018-01-29 08:48:00,0.33106334327942477
2018-01-29 08:51:00,0.35312505895569757
2018-01-29 08:54:00,0.32547023571305544
2018-01-29 08:57:00,0.25060386278124724
2018-01-29 09:00:00,0.3373264905301312
2018-01-29 09:03:00,0.2234713405720754
2018-01-29 09:06:00,0.32846853900622364
2018-01-29 09:09:00,0.2196072844187711
2018-01-29 09:12:00,0.23766802387422103
2018-01-29 09:15:00,0.17010503297478863
2018-01-29 09:18:00,0.22708757307611904
2018-01-29 09:21:00,0.32582673648494165
2018-01-29 09:24:00,0.2048953046091242
2018-01-29 09:27:00,0.17118798147402003
2018-01-29 09:30:00,0.21650612069373665
2018-01-29 09:33:00,0.12555881812875214
2018-01-29 09:36:00,0.12541058216351075
2018-01-29 09:39:00,0.22236659060274633
2018-01-29 09:42:00,0.12122396457812101
2018-01-29 09:45:00,0.13790595645394887
2018-01-29 09:48:00,-0.03343339147266988
2018-01-29 09:51:00,0.08819134217435476
2018-01-29 09:54:00,0.27645606474663964
2018-01-29 09:57:00,0.01269021276851845
2018-01-29 10:00:00,0.15675067170610646
2018-01-29 10:03:00,0.11320772734802631
2018-01-29 10:06:00,0.04983454350036709
2018-01-29 10:09:00,0.02998703272834291
2018-01-29 10:12:00,0.17185592268913297
2018-01-29 10:15:00,0.06188927125305099
2018-01-29 10:18:00,0.04524347687561203
2018-01-29 10:21:00,0.07055118397727256
2018-01-29 10:24:00,0.08551694013618771
2018-01-29 10:27:00,0.04138005873772954
2018-01-29 10:30:00,0.11264794387921029
2018-01-29 10:33:00,0.0227872808040388
2018-01-29 10:36:00,0.0604327082828604
2018-01-29 10:39:00,0.1218134259140129
2018-01-29 10:42:00,0.0541636241655965
2018-01-29 10:45:00,0.025111826334352827
2018-01-29 10:48:00,0.07417538653135125
2018-01-29 10:51:00,-0.0024981688549701175
2018-01-29 10:54:00,0.05896902268176518
2018-01-29 10:57:00,0.09678382800638019
2018-01-29 11:00:00,0.01706746830262773
2018-01-29 11:03:00,-0.008193431664949458
2018-01-29 11:06:00,0.026640162552780566
2018-01-29 11:09:00,-0.012040363193591475
2018-01-29 11:12:00,-0.05094468722694501
2018-01-29 11:15:00,-0.042877961777151086
2018-01-29 11:18:00,0.0512740436876129
2018-01-29 11:21:00,0.0608663819011781
2018-01-29 11:24:00,-0.09050149386013118
2018-01-29 11:27:00,0.001345877534220108
2018-01-29 11:30:00,0.001852682608273426
2018-01-29 11:33:00,-0.021339135647679086
2018-01-29 11:36:00,-0.19475388061397325
2018-01-29 11:39:00,-0.034368659884762565
2018-01-29 11:42:00,-0.13213909357637021
2018-01-29 11:45:00,-0.0802648532630883
2018-01-29 11:48:00,0.03459597147451632
2018-01-29 11:51:00,-0.0750647039420187
2018-01-29 11:54:00,-0.07615061264664291
2018-01-29 11:57:00,0.0009716751527548695
2018-01-29 12:00:00,-0.05308983249466337
2018-01-29 12:03:00,-0.09048559643497356
2018-01-29 12:06:00,-0.005731780796395469
2018-01-29 12:09:00,-0.08811817583205084
2018-01-29 12:12:00,-0.0943135909374746
2018-01-29 12:15:00,-0.10064180145150203
2018-01-29 12:18:00,0.00010620640767911027
2018-01-29 12:21:00,-0.012150655227458174
2018-01-29 12:24:00,-0.09486567792862388
2018-01-29 12:27:00,-0.11481644794014301
2018-01-29 12:30:00,-0.028552726628447544
2018-01-29 12:33:00,-0.11289342264007018
2018-01-29 12:36:00,-0.0707138326250174
2018-01-29 12:39:00,-0.0915565034804331
2018-01-29 12:42:00,0.002623321517205568
2018-01-29 12:45:00,-0.14446145118722598
2018-01-29 12:48:00,-0.02067005736120109
2018-01-29 12:51:00,-0.05340010166048614
2018-01-29 12:54:00,-0.1403807822662202
2018-01-29 12:57:00,-0.06777562520733227
2018-01-29 13:00:00,-0.06512844802244899
2018-01-29 13:03:00,-0.13064522394842015
2018-01-29 13:06:00,-0.20899005092007883
2018-01-29 13:09:00,-0.10867192536693437
2018-01-29 13:12:00,-0.08537036156826616
2018-01-29 13:15:00,-0.10626584272893069
2018-01-29 13:18:00,-0.20624943647015925
2018-01-29 13:21:00,-0.21448163555362498
2018-01-29 13:24:00,-0.1593948144549131
2018-01-29 13:27:00,-0.15522763964287378
2018-01-29 13:30:00,-0.09520494896901255
2018-01-29 13:33:00,-0.03890039862511685
2018-01-29 13:36:00,-0.14364837084337978
2018-01-29 13:39:00,-0.215591481096169
2018-01-29 13:42:00,-0.1803397994116267
2018-01-29 13:45:00,-0.10425555991116653
2018-01-29 13:48:00,-0.06641057400690897
2018-01-29 13:51:00,-0.12206893092519522
2018-01-29 13:54:00,-0.13367457125281135
2018-01-29 13:57:00,-0.13152536175465457
2018-01-29 14:00:00,-0.1780561253773385
2018-01-29 14:03:00,-0.09034736225555662
2018-01-29 14:06:00,-0.006526871493690578
2018-01-29 14:09:00,-0.10188200842628703
2018-01-29 14:12:00,-0.015149705666942737
2018-01-29 14:15:00,-0.09714618323300783
2018-01-29 14:18:00,-0.12493632048506242
2018-01-29 14:21:00,-0.13874403950774195
2018-01-29 14:24:00,-0.06167763630571699
2018-01-29 14:27:00,-0.16133380414675003
2018-01-29 14:30:00,-0.11607716053237027
2018-01-29 14:33:00,-0.01631678134771164
2018-01-29 14:36:00,-0.1369303739733141
2018-01-29 14:39:00,-0.12585589959371646
2018-01-29 14:42:00,-0.0884747037928264
2018-01-29 14:45:00,-0.04798564998878874
2018-01-29 14:48:00,-0.14132924834063942
2018-01-29 14:51:00,-0.07434568733225433
2018-01-29 14:54:00,-0.07997806273641572
2018-01-29 14:57:00,-0.11725207827618078
2018-01-29 15:00:00,-0.0594593054721031
2018-01-29 15:03:00,-0.012500784073097293
2018-01-29 15:06:00,-0.07830700786041689
2018-01-29 15:09:00,-0.09179469823851605
2018-01-29 15:12:00,-0.03100532979590298
2018-01-29 15:15:00,-0.08046705946549082
2018-01-29 15:18:00,0.04640888480179228
2018-01-29 15:21:00,-0.1027671781998265
2018-01-29 15:24:00,-0.02523126077011284
2018-01-29 15:27:00,0.014275722074387431
2018-01-29 15:30:00,-0.013554286210933242
2018-01-29 15:33:00,-0.03525143003435005
2018-01-29 15:36:00,-0.026047358145490307
2018-01-29 15:39:00,-0.019410271475010177
2018-01-29 15:42:00,-0.04173406864339313
2018-01-29 15:45:00,-0.07015361221914418
2018-01-29 15:48:00,-0.011128991228872565
2018-01-29 15:51:00,-0.1970527436395173
2018-01-29 15:54:00,-0.056715722809599356
2018-01-29 15:57:00,-0.15681758047304584
2018-01-29 16:00:00,-0.19459229975245762
2018-01-29 16:03:00,-0.1802088365770942
2018-01-29 16:06:00,-0.1738744562102852
2018-01-29 16:09:00,-0.0595658910349357
2018-01-29 16:12:00,-0.22792075238635334
2018-01-29 16:15:00,-0.1326742685841964
2018-01-29 16:18:00,-0.2965402674505526
2018-01-29 16:21:00,-0.18937601374267388
2018-01-29 16:24:00,-0.24300105580357467
2018-01-29 16:27:00,-0.16529494837379843
2018-01-29 16:30:00,-0.12342104069227844
2018-01-29 16:33:00,-0.22587297898184033
2018-01-29 16:36:00,-0.12338967138441603
2018-01-29 16:39:00,-0.13938292440138866
2018-01-29 16:42:00,-0.15450547321074737
2018-01-29 16:45:00,-0.1973291148383396
2018-01-29 16:48:00,-0.20197894868562116
2018-01-29 16:51:00,-0.1633146245423518
2018-01-29 16:54:00,-0.1692351859899759
2018-01-29 16:57:00,-0.15447953229931954
2018-01-29 17:00:00,-0.08307519396902308
2018-01-29 17:03:00,-0.1921728974718917
2018-01-29 17:06:00,-0.01725959734216076
2018-01-29 17:09:00,-0.009300262754891264
2018-01-29 17:12:00,0.061925014678081425
2018-01-29 17:15:00,-0.011243616701563042
2018-01-29 17:18:00,-0.024256961844514535
2018-01-29 17:21:00,-0.05843915570670788
2018-01-29 17:24:00,-0.13735811080880467
2018-01-29 17:27:00,-0.07711473369232635
2018-01-29 17:30:00,-0.15401013779836603
2018-01-29 17:33:00,-0.07408628712005338
2018-01-29 17:36:00,-0.1187886671256706
2018-01-29 17:39:00,-0.15889214020614872
2018-01-29 17:42:00,-0.05152654902337872
2018-01-29 17:45:00,-0.01791200224511158
2018-01-29 17:48:00,-0.09005584328878058
2018-01-29 17:51:00,-0.0036071093099963036
2018-01-29 17:54:00,-0.04696596993488811
2018-01-29 17:57:00,-0.08549227064554543
2018-01-29 18:00:00,-0.03332023014479546
2018-01-29 18:03:00,0.021404508286195778
2018-01-29 18:06:00,-0.04099903601144206
2018-01-29 18:09:00,0.014828688116551803
2018-01-29 18:12:00,-0.014136199682752704
2018-01-29 18:15:00,0.03343223536097639
2018-01-29 18:18:00,0.040123747137783994
2018-01-29 18:21:00,-0.00891286015814785
2018-01-29 18:24:00,0.09738356865420883
2018-01-29 18:27:00,0.02190118326376478
2018-01-29 18:30:00,-0.038345406236999224
2018-01-29 18:33:00,0.04688855210355314
2018-01-29 18:36:00,0.14186711346883385
2018-01-29 18:39:00,-0.11255054012366372
2018-01-29 18:42:00,0.007056977876516157
2018-01-29 18:45:00,0.011673034141949756
2018-01-29 18:48:00,0.013987764866328689
2018-01-29 18:51:00,0.08333399627679228
2018-01-29 18:54:00,0.014286725197393935
2018-01-29 18:57:00,
2018-01-29 19:00:00,
2018-01-29 19:03:00,0.008592010503662095
2018-01-29 19:06:00,0.15726479826577133
2018-01-29 19:09:00,0.01929785806316886
2018-01-29 19:12:00,0.2003877415197053
2018-01-29 19:15:00,0.11882662897130558
2018-01-29 19:18:00,0.1668592442863428
2018-01-29 19:21:00,0.15753227195330055
2018-01-29 19:24:00,0.1147734890618608
2018-01-29 19:27:00,0.1036684518136326
2018-01-29 19:30:00,0.09765457633631058
2018-01-29 19:33:00,0.12541382321074934
2018-01-29 19:36:00,0.15190017797146993
2018-01-29 19:39:00,0.07855368131413343
2018-01-29 19:42:00,0.1781128017793776
2018-01-29 19:45:00,0.10346350653691161
2018-01-29 19:48:00,0.08629548586861802
2018-01-29 19:51:00,0.14796064678466792
2018-01-29 19:54:00,0.0659641545616978
2018-01-29 19:57:00,0.23468325615908725
2018-01-29 20:00:00,0.08131042145777201
2018-01-29 20:03:00,0.16782789434972756
2018-01-29 20:06:00,0.18934125757579068
2018-01-29 20:09:00,0.1858209199294265
2018-01-29 20:12:00,0.1780784206031285
2018-01-29 20:15:00,0.23381900045740167
2018-01-29 20:18:00,0.1997057709324963
2018-01-29 20:21:00,0.18731697721437968
2018-01-29 20:24:00,0.14155550807726058
2018-01-29 20:27:00,0.15938004496246094
2018-01-29 20:30:00,0.12510527178881148
2018-01-29 20:33:00,0.15413986197751228
2018-01-29 20:36:00,0.21352662678674506
2018-01-29 20:39:00,0.15495006004101697
2018-01-29 20:42:00,0.22440829144437657
2018-01-29 20:45:00,0.1348572811658073
2018-01-29 20:48:00,0.20753516547279105
2018-01-29 20:51:00,0.17287310299332148
2018-01-29 20:54:00,0.14966932704157898
2018-01-29 20:57:00,0.1468187773721752
2018-01-29 21:00:00,0.12712917372152788
2018-01-29 21:03:00,0.26337106829674894
2018-01-29 21:06:00,0.20580845488819932
2018-01-29 21:09:00,0.22471924423348355
2018-01-29 21:12:00,0.2813816517348755
2018-01-29 21:15:00,0.32634196954131767
2018-01-29 21:18:00,0.2728233437600238
2018-01-29 21:21:00,0.21177429716902907
2018-01-29 21:24:00,0.16749191818308873
2018-01-29 21:27:00,0.10708239609760994
2018-01-29 21:30:00,0.2596811306760287
2018-01-29 21:33:00,0.19184778977154338
2018-01-29 21:36:00,0.3352087655988498
2018-01-29 21:39:00,0.24468856374573988
2018-01-29 21:42:00,0.20947607696285786
2018-01-29 21:45:00,0.21659305997889078
2018-01-29 21:48:00,0.3929307142991547
2018-01-29 21:51:00,0.24939375380876072
2018-01-29 21:54:00,0.3306412387419755
2018-01-29 21:57:00,0.2767770420463762
2018-01-29 22:00:00,0.2858438701406385
2018-01-29 22:03:00,0.23653500249031367
2018-01-29 22:06:00,0.33732310709785907
2018-01-29 22:09:00,0.2765890397384396
2018-01-29 22:12:00,0.1831635101085567
2018-01-29 22:15:00,0.3007330748900472
2018-01-29 22:18:00,0.31277672336858586
2018-01-29 22:21:00,0.38453122636769876
2018-01-29 22:24:00,0.400339294302114
2018-01-29 22:27:00,0.30719359228584153
2018-01-29 22:30:00,0.19344511992704838
2018-01-29 22:33:00,0.30200204074742487
2018-01-29 22:36:00,0.2616682948526545
2018-01-29 22:39:00,0.24389268432935296
2018-01-29 22:42:00,0.16172346321508257
2018-01-29 22:45:00,0.20308645267510883
2018-01-29 22:48:00,0.2597567786643822
2018-01-29 22:51:00,0.19194529006750827
2018-01-29 22:54:00,0.19022093307393106
2018-01-29 22:57:00,0.2726339661913926
2018-01-29 23:00:00,0.40322185234214203
2018-01-29 23:03:00,0.44210792368676266
2018-01-29 23:06:00,0.2707685563433415
2018-01-29 23:09:00,0.3185144652398435
2018-01-29 23:12:00,0.39374083994647435
2018-01-29 23:15:00,0.197938862042065
2018-01-29 23:18:00,0.21973150815307463
2018-01-29 23:21:00,0.14000781892445957
2018-01-29 23:24:00,0.24812086819059687
2018-01-29 23:27:00,0.21969127915423314
2018-01-29 23:30:00,0.35610448616495205
2018-01-29 23:33:00,0.31920407918590854
2018-01-29 23:36:00,0.366299866739098
2018-01-29 23:39:00,0.38897428804250467
2018-01-29 23:42:00,0.4471925901108875
2018-01-29 23:45:00,0.32855128017928337
2018-01-29 23:48:00,0.5019011329174532
2018-01-29 23:51:00,0.4752440482529323
2018-01-29 23:54:00,0.33969306150277134
2018-01-29 23:57:00,0.3668875072625042
2018-01-30 00:00:00,0.38580104604216103
2018-01-30 00:03:00,0.4298681580530683
2018-01-30 00:06:00,0.4405007743121132
2018-01-30 00:09:00,0.32628919039763105
2018-01-30 00:12:00,0.2869638521078173
2018-01-30 00:15:00,0.40798821503273075
2018-01-30 00:18:00,0.4511396479061318
2018-01-30 00:21:00,0.3180229926174434
2018-01-30 00:24:00,0.1797233372515734
2018-01-30 00:27:00,0.3602591699171285
2018-01-30 00:30:00,0.2527954521241327
2018-01-30 00:33:00,0.32537414004877974
2018-01-30 00:36:00,0.324323899397541
2018-01-30 00:39:00,0.36842051988577396
2018-01-30 00:42:00,0.45052662035328694
2018-01-30 00:45:00,0.4401505365313483
2018-01-30 00:48:00,0.45762950044030504
2018-01-30 00:51:00,0.40179150614744685
2018-01-30 00:54:00,0.5229099590324608
2018-01-30 00:57:00,0.4461872475478117
2018-01-30 01:00:00,0.42772017347306246
2018-01-30 01:03:00,0.4154268692785763
2018-01-30 01:06:00,0.3733089012778237
2018-01-30 01:09:00,0.4227444583701754
2018-01-30 01:12:00,0.3198332235130579
2018-01-30 01:15:00,0.36135354856645563
2018-01-30 01:18:00,0.24143658036069837
2018-01-30 01:21:00,0.2674363868601972
2018-01-30 01:24:00,0.2818913460855583
2018-01-30 01:27:00,0.2806713706436881
2018-01-30 01:30:00,0.2502447726564583
2018-01-30 01:33:00,0.22374661030983134
2018-01-30 01:36:00,0.355610114866181
2018-01-30 01:39:00,0.22299976996401938
2018-01-30 01:42:00,0.34851252703799673
2018-01-30 01:45:00,0.44585680407323025
2018-01-30 01:48:00,0.417360889812187
2018-01-30 01:51:00,0.3690366187125278
2018-01-30 01:54:00,0.3719898597863107
2018-01-30 01:57:00,0.374595906198806
2018-01-30 02:00:00,0.40814032578612114
2018-01-30 02:03:00,0.422127644270347
2018-01-30 02:06:00,0.357370857638557
2018-01-30 02:09:00,0.350279139636541
2018-01-30 02:12:00,0.37066169765711265
2018-01-30 02:15:00,0.40597508689597817
2018-01-30 02:18:00,0.3180621832234465
2018-01-30 02:21:00,0.38662168239255834
2018-01-30 02:24:00,0.3869819464995885
2018-01-30 02:27:00,0.37782544279247077
2018-01-30 02:30:00,0.33951635641210487
2018-01-30 02:33:00,0.4047951975047681
2018-01-30 02:36:00,0.3576382895507777
2018-01-30 02:39:00,0.3584793788791103
2018-01-30 02:42:00,0.4196867024598987
2018-01-30 02:45:00,0.431103609447689
2018-01-30 02:48:00,0.28241630201586077
2018-01-30 02:51:00,0.36085583813780886
2018-01-30 02:54:00,0.4232840132197566
2018-01-30 02:57:00,0.4232601603133048
2018-01-30 03:00:00,0.41111888214385317
2018-01-30 03:03:00,0.38598200770570656
2018-01-30 03:06:00,0.3734299142826103
2018-01-30 03:09:00,0.43206121539452624
2018-01-30 03:12:00,0.5269693693725799
2018-01-30 03:15:00,0.38416011025549324
2018-01-30 03:18:00,0.33384046029442516
2018-01-30 03:21:00,0.43737383464383583
2018-01-30 03:24:00,0.4501191343413211
2018-01-30 03:27:00,0.3367108291654972
2018-01-30 03:30:00,0.40702321481455783
2018-01-30 03:33:00,0.3913587243094412
2018-01-30 03:36:00,0.5257893699371721
2018-01-30 03:39:00,0.4043580881233879
2018-01-30 03:42:00,0.4401413197902002
2018-01-30 03:45:00,0.36634795880644333
2018-01-30 03:48:00,0.3752593522291363
2018-01-30 03:51:00,0.38492199124596027
2018-01-30 03:54:00,0.47040676441929463
2018-01-30 03:57:00,0.34013098491323035
2018-01-30 04:00:00,0.3096612844868787
2018-01-30 04:03:00,0.35384646278828313
2018-01-30 04:06:00,0.43532942404902997
2018-01-30 04:09:00,0.34248562313433695
2018-01-30 04:12:00,0.2812614712460686
2018-01-30 04:15:00,0.36480316297490845
2018-01-30 04:18:00,0.44087835567063394
2018-01-30 04:21:00,0.3674557220093675
2018-01-30 04:24:00,0.38999029758110737
2018-01-30 04:27:00,0.33735104419616846
2018-01-30 04:30:00,0.3436917462829001
2018-01-30 04:33:00,0.5007565519411514
2018-01-30 04:36:00,0.5022468355767842
2018-01-30 04:39:00,0.3683290925231404
2018-01-30 04:42:00,0.48299964162418974
2018-01-30 04:45:00,0.43207783819343604
2018-01-30 04:48:00,0.40975171624660334
2018-01-30 04:51:00,0.424286473595032
2018-01-30 04:54:00,0.38081617521078215
2018-01-30 04:57:00,0.4753514911969887
2018-01-30 05:00:00,0.40653428094401534
2018-01-30 05:03:00,0.5152446416166185
2018-01-30 05:06:00,0.462866457275652
2018-01-30 05:09:00,0.35822860725363626
2018-01-30 05:12:00,0.4263503446372283
2018-01-30 05:15:00,0.4528019935860357
2018-01-30 05:18:00,0.3615350754730571
2018-01-30 05:21:00,0.3501708207989509
2018-01-30 05:24:00,0.47934080320419525
2018-01-30 05:27:00,0.4243913715498593
2018-01-30 05:30:00,0.5265934670614456
2018-01-30 05:33:00,0.5039841418825972
2018-01-30 05:36:00,0.4541779471393852
2018-01-30 05:39:00,0.4944758040837769
2018-01-30 05:42:00,0.43774391570462967
2018-01-30 05:45:00,0.4288165550319718
2018-01-30 05:48:00,0.33386383451556867
2018-01-30 05:51:00,0.36400021251478165
2018-01-30 05:54:00,0.46465050818704867
2018-01-30 05:57:00,0.5203062292484333
2018-01-30 06:00:00,0.42805259689691866
2018-01-30 06:03:00,0.4604661105794321
2018-01-30 06:06:00,0.43799999535707457
2018-01-30 06:09:00,0.5313950847042292
2018-01-30 06:12:00,0.43078095384282733
2018-01-30 06:15:00,0.3975488504503346
2018-01-30 06:18:00,0.4079812177446911
2018-01-30 06:21:00,0.508848746803551
2018-01-30 06:24:00,0.4906734921792122
2018-01-30 06:27:00,0.41919825149005874
2018-01-30 06:30:00,0.3429351871604922
2018-01-30 06:33:00,0.4734800125663128
2018-01-30 06:36:00,0.5026734301578131
2018-01-30 06:39:00,0.5116603211922666
2018-01-30 06:42:00,0.3729567948619774
2018-01-30 06:45:00,0.5277534126526007
2018-01-30 06:48:00,0.2840339846893585
2018-01-30 06:51:00,0.3879505284656375
2018-01-30 06:54:00,0.43729099843523045
2018-01-30 06:57:00,0.4965379056418442
2018-01-30 07:00:00,0.49672203045736296
2018-01-30 07:03:00,0.4978946507302453
2018-01-30 07:06:00,0.4687955074389265
2018-01-30 07:09:00,0.4766509963587282
2018-01-30 07:12:00,0.43013921737849614
2018-01-30 07:15:00,0.5214802330498856
2018-01-30 07:18:00,0.29625121445781133
2018-01-30 07:21:00,0.32253344064491785
2018-01-30 07:24:00,0.38888007472132813
2018-01-30 07:27:00,0.3564960597071831
2018-01-30 07:30:00,0.46195652931322684
2018-01-30 07:33:00,0.4004168968029944
2018-01-30 07:36:00,0.42699860966428105
2018-01-30 07:39:00,0.4613679676841116
2018-01-30 07:42:00,0.4498952512638539
2018-01-30 07:45:00,0.46723390914007723
2018-01-30 07:48:00,0.4933350984015874
2018-01-30 07:51:00,0.4167945498094241
2018-01-30 07:54:00,0.4538425431358064
2018-01-30 07:57:00,0.43432660382973154
2018-01-30 08:00:00,0.4102751492010839
2018-01-30 08:03:00,0.4728904351617871
2018-01-30 08:06:00,0.2523089480036447
2018-01-30 08:09:00,0.40703009695431547
2018-01-30 08:12:00,0.4600520292076453
2018-01-30 08:15:00,0.42402330953308365
2018-01-30 08:18:00,0.3725666672285115
2018-01-30 08:21:00,0.3463830002148711
2018-01-30 08:24:00,0.42760168598670134
2018-01-30 08:27:00,0.33587906377255194
2018-01-30 08:30:00,0.4234242673265385
2018-01-30 08:33:00,0.5145141979028836
2018-01-30 08:36:00,0.37753594426612835
2018-01-30 08:39:00,0.360747323483281
2018-01-30 08:42:00,0.395695596230496
2018-01-30 08:45:00,0.34601207761136266
2018-01-30 08:48:00,0.42789031538001154
2018-01-30 08:51:00,0.3849058175857749
2018-01-30 08:54:00,0.43067946538468505
2018-01-30 08:57:00,0.24615683287203183
2018-01-30 09:00:00,0.2870337862285055
2018-01-30 09:03:00,0.3619971776304851
2018-01-30 09:06:00,0.33433163205546634
2018-01-30 09:09:00,0.36676924207768025
2018-01-30 09:12:00,0.4066530835960407
2018-01-30 09:15:00,0.4258193786976676
2018-01-30 09:18:00,0.2786586184206499
2018-01-30 09:21:00,0.4357924671651858
2018-01-30 09:24:00,0.3103503246751984
2018-01-30 09:27:00,0.24097575661414794
2018-01-30 09:30:00,0.40705513284001427
2018-01-30 09:33:00,0.25779754058822846
2018-01-30 09:36:00,0.2001158404048624
2018-01-30 09:39:00,0.28106260053868937
2018-01-30 09:42:00,0.21942848819259098
2018-01-30 09:45:00,0.27977340631832703
2018-01-30 09:48:00,0.232598424683772
2018-01-30 09:51:00,0.24451946959982251
2018-01-30 09:54:00,0.4175189399064152
2018-01-30 09:57:00,0.3694226505647862
2018-01-30 10:00:00,0.372569452421601
2018-01-30 10:03:00,0.22739428181807853
2018-01-30 10:06:00,0.1800647009975478
2018-01-30 10:09:00,0.29421592800485996
2018-01-30 10:12:00,0.08508597887100677
2018-01-30 10:15:00,0.12985111993924647
2018-01-30 10:18:00,0.21383484368175232
2018-01-30 10:21:00,0.10463248272998271
2018-01-30 10:24:00,0.1961602295210696
2018-01-30 10:27:00,0.27949437778727315
2018-01-30 10:30:00,0.21310129687742574
2018-01-30 10:33:00,0.2608036303159338
2018-01-30 10:36:00,0.1935490490009215
2018-01-30 10:39:00,0.27265101894153077
2018-01-30 10:42:00,0.2234373526616764
2018-01-30 10:45:00,0.26925429293680736
2018-01-30 10:48:00,0.26541349623317956
2018-01-30 10:51:00,0.29202006988930407
2018-01-30 10:54:00,0.34938824551119296
2018-01-30 10:57:00,0.14160062489520442
2018-01-30 11:00:00,0.30888953655340856
2018-01-30 11:03:00,0.14742004394298647
2018-01-30 11:06:00,0.20790508366144422
2018-01-30 11:09:00,0.16899451610498772
2018-01-30 11:12:00,0.16766831869335874
2018-01-30 11:15:00,0.28051820300157715
2018-01-30 11:18:00,0.2198070057985433
2018-01-30 11:21:00,0.1593979990062735
2018-01-30 11:24:00,0.24392097944320312
2018-01-30 11:27:00,0.3090135462750254
2018-01-30 11:30:00,0.12365988227020352
2018-01-30 11:33:00,0.18232589388378528
2018-01-30 11:36:00,0.17486603622631947
2018-01-30 11:39:00,0.20086170872440334
2018-01-30 11:42:00,0.1831568639993293
2018-01-30 11:45:00,0.20338614132720068
2018-01-30 11:48:00,0.24706772268393706
2018-01-30 11:51:00,0.06734350251809929
2018-01-30 11:54:00,0.16474977398155488
2018-01-30 11:57:00,0.10567147874911598
2018-01-30 12:00:00,0.023756378605128248
2018-01-30 12:03:00,0.25051071631958166
2018-01-30 12:06:00,0.14009674839132913
2018-01-30 12:09:00,0.1715205653447356
2018-01-30 12:12:00,0.14475618301673876
2018-01-30 12:15:00,0.08631155816289038
2018-01-30 12:18:00,0.22037770805820855
2018-01-30 12:21:00,0.25117281897598787
2018-01-30 12:24:00,0.1482099857508956
2018-01-30 12:27:00,0.06468996674078653
2018-01-30 12:30:00,0.3391842457667167
2018-01-30 12:33:00,0.11107578764722348
2018-01-30 12:36:00,0.17414711956314477
2018-01-30 12:39:00,0.005042294488760035
2018-01-30 12:42:00,0.17046369694753594
2018-01-30 12:45:00,0.09779681326176615
2018-01-30 12:48:00,0.04147754108760182
2018-01-30 12:51:00,-0.005890379776303689
2018-01-30 12:54:00,-0.005620583067980078
2018-01-30 12:57:00,0.0846129949366059
2018-01-30 13:00:00,0.010381560788118804
2018-01-30 13:03:00,0.021540565358463937
2018-01-30 13:06:00,-0.08992999231168142
2018-01-30 13:09:00,-0.009669885806772527
2018-01-30 13:12:00,0.11921214384375389
2018-01-30 13:15:00,0.1134340309399704
2018-01-30 13:18:00,0.0454266685148923
2018-01-30 13:21:00,0.13184017884475452
2018-01-30 13:24:00,0.1467336981365861
2018-01-30 13:27:00,0.003940630625720587
2018-01-30 13:30:00,0.02123143213196954
2018-01-30 13:33:00,0.03664327787845423
2018-01-30 13:36:00,-0.0044847648774180016
2018-01-30 13:39:00,0.02290354896530289
2018-01-30 13:42:00,0.009028704173999813
2018-01-30 13:45:00,-0.07182538968652352
2018-01-30 13:48:00,-0.040168288042195854
2018-01-30 13:51:00,0.022847619216747717
2018-01-30 13:54:00,0.060978130297883126
2018-01-30 13:57:00,0.023960261333456856
2018-01-30 14:00:00,-0.02293681515567414
2018-01-30 14:03:00,-0.04945603393895226
2018-01-30 14:06:00,-0.01287279964009258
2018-01-30 14:09:00,-0.06106561059482374
2018-01-30 14:12:00,-0.0022831227437336565
2018-01-30 14:15:00,-0.062053949950325205
2018-01-30 14:18:00,-0.0018693424080424847
2018-01-30 14:21:00,-0.11661023017472871
2018-01-30 14:24:00,-0.024898384982748212
2018-01-30 14:27:00,-0.12546908537245827
2018-01-30 14:30:00,-0.1017542305646657
2018-01-30 14:33:00,-0.09379515152613749
2018-01-30 14:36:00,-0.15786196412585696
2018-01-30 14:39:00,-0.03725490238701923
2018-01-30 14:42:00,-0.13699697784164755
2018-01-30 14:45:00,-0.06361526262799089
2018-01-30 14:48:00,-0.15161043305516841
2018-01-30 14:51:00,-0.09371119381427206
2018-01-30 14:54:00,0.03798041794243545
2018-01-30 14:57:00,-0.09081964252021635
2018-01-30 15:00:00,-0.0027994318307378308
2018-01-30 15:03:00,0.14568663736105236
2018-01-30 15:06:00,-0.22291346922628463
2018-01-30 15:09:00,-0.216568574539167
2018-01-30 15:12:00,-0.266798683453203
2018-01-30 15:15:00,-0.11235455342938394
2018-01-30 15:18:00,-0.14729974103590848
2018-01-30 15:21:00,-0.04068747667668049
2018-01-30 15:24:00,-0.1357030959734402
2018-01-30 15:27:00,-0.13813299756014885
2018-01-30 15:30:00,-0.1107705885734731
2018-01-30 15:33:00,-0.2111174463039447
2018-01-30 15:36:00,-0.1915499727427914
2018-01-30 15:39:00,-0.10300666932454305
2018-01-30 15:42:00,-0.1795474282417331
2018-01-30 15:45:00,-0.12821917962838825
2018-01-30 15:48:00,-0.16889352049219042
2018-01-30 15:51:00,-0.20073445648552024
2018-01-30 15:54:00,-0.2543625326358665
2018-01-30 15:57:00,-0.18809912176493526
2018-01-30 16:00:00,-0.08683731249919902
2018-01-30 16:03:00,-0.19617852452722673
2018-01-30 16:06:00,-0.13424208743703048
2018-01-30 16:09:00,-0.1404006142249159
2018-01-30 16:12:00,-0.17741225504846625
2018-01-30 16:15:00,-0.18390746206944186
2018-01-30 16:18:00,-0.22080464019757073
2018-01-30 16:21:00,-0.06340932713806069
2018-01-30 16:24:00,-0.11149461114064252
2018-01-30 16:27:00,-0.19277492139519836
2018-01-30 16:30:00,-0.10093367921052732
2018-01-30 16:33:00,-0.1329137540798797
2018-01-30 16:36:00,-0.004737808862728343
2018-01-30 16:39:00,-0.10586226995030756
2018-01-30 16:42:00,-0.0907912815073928
2018-01-30 16:45:00,-0.015168739801765696
2018-01-30 16:48:00,-0.18973187425859805
2018-01-30 16:51:00,-0.08816482309038065
2018-01-30 16:54:00,-0.18488682972616743
2018-01-30 16:57:00,-0.12802401375034833
2018-01-30 17:00:00,-0.0534393917153011
2018-01-30 17:03:00,-0.14256777301653756
2018-01-30 17:06:00,-0.05662318044556969
2018-01-30 17:09:00,-0.14639097815029345
2018-01-30 17:12:00,-0.0649559498017993
2018-01-30 17:15:00,-0.10099123432149781
2018-01-30 17:18:00,-0.11751109698610662
2018-01-30 17:21:00,-0.14388688791490267
2018-01-30 17:24:00,-0.1018334057768584
2018-01-30 17:27:00,-0.07209504096329056
2018-01-30 17:30:00,-0.1810645642198665
2018-01-30 17:33:00,-0.04908974209286043
2018-01-30 17:36:00,-0.10788662401938609
2018-01-30 17:39:00,0.026876802458616567
2018-01-30 17:42:00,-0.030578870513863876
2018-01-30 17:45:00,-0.052360630989880974
2018-01-30 17:48:00,-0.09021386120269881
2018-01-30 17:51:00,-0.18271083194957782
2018-01-30 17:54:00,-0.047008439541514235
2018-01-30 17:57:00,-0.02416180332483009
2018-01-30 18:00:00,-0.14521912380160984
2018-01-30 18:03:00,-0.034844677149010295
2018-01-30 18:06:00,-0.1708451732949925
2018-01-30 18:09:00,-0.0553054286554584
2018-01-30 18:12:00,-0.05538958963558116
2018-01-30 18:15:00,0.006604250120346933
2018-01-30 18:18:00,0.03473290029330656
2018-01-30 18:21:00,-0.0692619159744936
2018-01-30 18:24:00,-0.05886544723836096
2018-01-30 18:27:00,-0.14180121691828163
2018-01-30 18:30:00,0.043609058927415845
2018-01-30 18:33:00,0.008075214810105535
2018-01-30 18:36:00,0.033814080650984124
2018-01-30 18:39:00,0.08296276015488502
2018-01-30 18:42:00,0.14931420325120826
2018-01-30 18:45:00,0.05306629067149515
2018-01-30 18:48:00,0.0383607209503225
2018-01-30 18:51:00,0.06661555541222697
2018-01-30 18:54:00,
2018-01-30 18:57:00,
2018-01-30 19:00:00,
2018-01-30 19:03:00,0.07347350894917781
2018-01-30 19:06:00,-0.04442140620102464
2018-01-30 19:09:00,0.1335124317808436
2018-01-30 19:12:00,0.11158485912051219
2018-01-30 19:15:00,0.14286943377629768
2018-01-30 19:18:00,0.12182948206429955
2018-01-30 19:21:00,0.165821197238472
2018-01-30 19:24:00,0.07227109295098444
2018-01-30 19:27:00,0.21682212595760575
2018-01-30 19:30:00,0.036476665033262634
2018-01-30 19:33:00,0.07593006544658465
2018-01-30 19:36:00,0.1744430224028406
2018-01-30 19:39:00,0.15533428554988404
2018-01-30 19:42:00,0.18417555825004683
2018-01-30 19:45:00,0.08252590318119246
2018-01-30 19:48:00,0.19999658574897694
2018-01-30 19:51:00,0.1346296550928514
2018-01-30 19:54:00,0.21299354483414845
2018-01-30 19:57:00,0.1358470189964578
2018-01-30 20:00:00,0.18676471567385988
2018-01-30 20:03:00,0.21953803198255173
2018-01-30 20:06:00,0.17306017112633754
2018-01-30 20:09:00,0.25722025227037193
2018-01-30 20:12:00,0.1555124446379068
2018-01-30 20:15:00,0.2319496017210554
2018-01-30 20:18:00,0.2723275542886654
2018-01-30 20:21:00,0.22483351107331373
2018-01-30 20:24:00,0.2436175107641816
2018-01-30 20:27:00,0.20702896585424924
2018-01-30 20:30:00,0.17332463108851925
2018-01-30 20:33:00,0.10506515006977679
2018-01-30 20:36:00,0.14087461880887986
2018-01-30 20:39:00,0.16097454128896516
2018-01-30 20:42:00,0.2679898443236084
2018-01-30 20:45:00,0.17886959091362087
2018-01-30 20:48:00,0.13423535813899434
2018-01-30 20:51:00,0.1363345356494392
2018-01-30 20:54:00,0.2067813274923651
2018-01-30 20:57:00,0.08488014460897375
2018-01-30 21:00:00,-0.02639126474070963
2018-01-30 21:03:00,0.25072790752392393
2018-01-30 21:06:00,0.16105178126724695
2018-01-30 21:09:00,0.23798246883200136
2018-01-30 21:12:00,0.31963018461493675
2018-01-30 21:15:00,0.3531674764772106
2018-01-30 21:18:00,0.16527720196114615
2018-01-30 21:21:00,0.20403542556653065
2018-01-30 21:24:00,0.36949244593313324
2018-01-30 21:27:00,0.23169272905425942
2018-01-30 21:30:00,0.19717977716521773
2018-01-30 21:33:00,0.26878184095772895
2018-01-30 21:36:00,0.2673922153337003
2018-01-30 21:39:00,0.40777381127963963
2018-01-30 21:42:00,0.36025509424592883
2018-01-30 21:45:00,0.19693072828636105
2018-01-30 21:48:00,0.24180505219186443
2018-01-30 21:51:00,0.2996763631966246
2018-01-30 21:54:00,0.3894527048923919
2018-01-30 21:57:00,0.349297980879669
2018-01-30 22:00:00,0.4999531211711883
2018-01-30 22:03:00,0.3379539067835253
2018-01-30 22:06:00,0.5144345109653159
2018-01-30 22:09:00,0.34575442835046033
2018-01-30 22:12:00,0.40937218351257343
2018-01-30 22:15:00,0.3042834530381242
2018-01-30 22:18:00,0.35466993740823227
2018-01-30 22:21:00,0.22340276161651218
2018-01-30 22:24:00,0.3414318607991049
2018-01-30 22:27:00,0.3570289176431629
2018-01-30 22:30:00,0.33984089156803066
2018-01-30 22:33:00,0.323310390953111
2018-01-30 22:36:00,0.376015656223899
2018-01-30 22:39:00,0.30364834762428927
2018-01-30 22:42:00,0.41764040553812265
2018-01-30 22:45:00,0.4099354307198837
2018-01-30 22:48:00,0.32988283135847496
2018-01-30 22:51:00,0.4083700379090942
2018-01-30 22:54:00,0.2947359764222597
2018-01-30 22:57:00,0.35610214954311914
2018-01-30 23:00:00,0.22914902207253363
2018-01-30 23:03:00,0.32138090638682115
2018-01-30 23:06:00,0.27909114440655003
2018-01-30 23:09:00,0.2533701441174685
2018-01-30 23:12:00,0.22267522604812484
2018-01-30 23:15:00,0.21583433511756311
2018-01-30 23:18:00,0.4326177649623446
2018-01-30 23:21:00,0.3358283856371713
2018-01-30 23:24:00,0.3003960638116041
2018-01-30 23:27:00,0.21506390981397772
2018-01-30 23:30:00,0.24257144195968294
2018-01-30 23:33:00,0.19384807148355776
2018-01-30 23:36:00,0.34703301035830236
2018-01-30 23:39:00,0.2007420927195085
2018-01-30 23:42:00,0.37986361290512605
2018-01-30 23:45:00,0.3335485524364685
2018-01-30 23:48:00,0.4491465457583672
2018-01-30 23:51:00,0.3537815783489009
2018-01-30 23:54:00,0.222169744454618
2018-01-30 23:57:00,0.3010496855137035
2018-01-31 00:00:00,0.3811332706814028
2018-01-31 00:03:00,0.4244486627920878
2018-01-31 00:06:00,0.3185230399560055
2018-01-31 00:09:00,0.38390071820288085
2018-01-31 00:12:00,0.3778553048685467
2018-01-31 00:15:00,0.22553235858225662
2018-01-31 00:18:00,0.12884078884843575
2018-01-31 00:21:00,0.1060656223248202
2018-01-31 00:24:00,0.24632290662128753
2018-01-31 00:27:00,0.23222845030159078
2018-01-31 00:30:00,0.2803735052636398
2018-01-31 00:33:00,0.34002286175854124
2018-01-31 00:36:00,0.27489865655616086
2018-01-31 00:39:00,0.3463816019000774
2018-01-31 00:42:00,0.37425490716321974
2018-01-31 00:45:00,0.38238462639691306
2018-01-31 00:48:00,0.3293272149319364
2018-01-31 00:51:00,0.3724971512635875
2018-01-31 00:54:00,0.2947630218440054
2018-01-31 00:57:00,0.37887485664725773
2018-01-31 01:00:00,0.4968953207318805
2018-01-31 01:03:00,0.4906982136508873
2018-01-31 01:06:00,0.32910836316057157
2018-01-31 01:09:00,0.48599563649219135
2018-01-31 01:12:00,0.40782284996566887
2018-01-31 01:15:00,0.39909730479325844
2018-01-31 01:18:00,0.523176880901076
2018-01-31 01:21:00,0.37724366402011356
2018-01-31 01:24:00,0.4655451950582119
2018-01-31 01:27:00,0.4642509426794845
2018-01-31 01:30:00,0.46238721717713815
2018-01-31 01:33:00,0.5055651743246017
2018-01-31 01:36:00,0.5270883989365416
2018-01-31 01:39:00,0.3425983973531288
2018-01-31 01:42:00,0.381652407798299
2018-01-31 01:45:00,0.4154799009530734
2018-01-31 01:48:00,0.4280013866390959
2018-01-31 01:51:00,0.3673007643269557
2018-01-31 01:54:00,0.319779255291337
2018-01-31 01:57:00,0.30502869947002864
2018-01-31 02:00:00,0.3410785320471632
2018-01-31 02:03:00,0.32350343271144766
2018-01-31 02:06:00,0.2893278441038092
2018-01-31 02:09:00,0.385411924778964
2018-01-31 02:12:00,0.4813417112326306
2018-01-31 02:15:00,0.4912930255357537
2018-01-31 02:18:00,0.348412330406461
2018-01-31 02:21:00,0.37267471402452657
2018-01-31 02:24:00,0.3914778125022167
2018-01-31 02:27:00,0.44771753392763003
2018-01-31 02:30:00,0.3773972332862172
2018-01-31 02:33:00,0.4439965974605684
2018-01-31 02:36:00,0.3374742810977409
2018-01-31 02:39:00,0.39546703677922324
2018-01-31 02:42:00,0.6282240412351712
2018-01-31 02:45:00,0.45357741019319064
2018-01-31 02:48:00,0.4288238371192392
2018-01-31 02:51:00,0.3784591038844951
2018-01-31 02:54:00,0.35577991342591986
2018-01-31 02:57:00,0.4217753146401719
2018-01-31 03:00:00,0.44124924005683397
2018-01-31 03:03:00,0.33635736647488557
2018-01-31 03:06:00,0.2927426784608542
2018-01-31 03:09:00,0.40461835148340697
2018-01-31 03:12:00,0.2570996036652673
2018-01-31 03:15:00,0.3269472932561257
2018-01-31 03:18:00,0.36525781766471255
2018-01-31 03:21:00,0.39092368076421735
2018-01-31 03:24:00,0.3837701839466945
2018-01-31 03:27:00,0.22938848266710465
2018-01-31 03:30:00,0.43017779533408884
2018-01-31 03:33:00,0.3745223020640083
2018-01-31 03:36:00,0.45837321445071666
2018-01-31 03:39:00,0.3802543900325759
2018-01-31 03:42:00,0.3800496450095352
2018-01-31 03:45:00,0.4246069448007006
2018-01-31 03:48:00,0.45838484970261106
2018-01-31 03:51:00,0.4604565374532399
2018-01-31 03:54:00,0.38292196613366514
2018-01-31 03:57:00,0.38409166662086136
2018-01-31 04:00:00,0.4402007583247496
2018-01-31 04:03:00,0.38945134689163297
2018-01-31 04:06:00,0.3023352239104611
2018-01-31 04:09:00,0.3763822018496512
2018-01-31 04:12:00,0.37423923358738875
2018-01-31 04:15:00,0.24983106895876972
2018-01-31 04:18:00,0.28718083837748054
2018-01-31 04:21:00,0.310807480734411
2018-01-31 04:24:00,0.3415796096474537
2018-01-31 04:27:00,0.38988434739957256
2018-01-31 04:30:00,0.40024247702774574
2018-01-31 04:33:00,0.35335702111882483
2018-01-31 04:36:00,0.34835738267901206
2018-01-31 04:39:00,0.36146099947512766
2018-01-31 04:42:00,0.38201360956128383
2018-01-31 04:45:00,0.3269899410275343
2018-01-31 04:48:00,0.40371490507340013
2018-01-31 04:51:00,0.43830283018070304
2018-01-31 04:54:00,0.36608070316435715
2018-01-31 04:57:00,0.4355100453730074
2018-01-31 05:00:00,0.3217370540979232
2018-01-31 05:03:00,0.4372977231758455
2018-01-31 05:06:00,0.38661045077225253
2018-01-31 05:09:00,0.4210303898703387
2018-01-31 05:12:00,0.3606361601932804
2018-01-31 05:15:00,0.3396836339449578
2018-01-31 05:18:00,0.4241183298915985
2018-01-31 05:21:00,0.4902137719240045
2018-01-31 05:24:00,0.42067834173940355
2018-01-31 05:27:00,0.48701931305680546
2018-01-31 05:30:00,0.4357941387383448
2018-01-31 05:33:00,0.4597425199705185
2018-01-31 05:36:00,0.41078607472974227
2018-01-31 05:39:00,0.38087227705779014
2018-01-31 05:42:00,0.39824366942337974
2018-01-31 05:45:00,0.3128030742127521
2018-01-31 05:48:00,0.31401511490935263
2018-01-31 05:51:00,0.46595264145247484
2018-01-31 05:54:00,0.4084074456557687
2018-01-31 05:57:00,0.4367491123282434
2018-01-31 06:00:00,0.39305463859756173
2018-01-31 06:03:00,0.36072268751496495
2018-01-31 06:06:00,0.4397066877243674
2018-01-31 06:09:00,0.4103565149261499
2018-01-31 06:12:00,0.4151780661578073
2018-01-31 06:15:00,0.3691765459236649
2018-01-31 06:18:00,0.3581077337855163
2018-01-31 06:21:00,0.2720164563314711
2018-01-31 06:24:00,0.21086411142823636
2018-01-31 06:27:00,0.3480120963416198
2018-01-31 06:30:00,0.2105854561785918
2018-01-31 06:33:00,0.3508914060955135
2018-01-31 06:36:00,0.4152921902846174
2018-01-31 06:39:00,0.36371566260692134
2018-01-31 06:42:00,0.4086101232771284
2018-01-31 06:45:00,0.33273299558874214
2018-01-31 06:48:00,0.33481953698770894
2018-01-31 06:51:00,0.28095444788357327
2018-01-31 06:54:00,0.35538628915963955
2018-01-31 06:57:00,0.33676661898402926
2018-01-31 07:00:00,0.30495777063140395
2018-01-31 07:03:00,0.3888896265497692
2018-01-31 07:06:00,0.35447908241241066
2018-01-31 07:09:00,0.42288473027508644
2018-01-31 07:12:00,0.36520757860341746
2018-01-31 07:15:00,0.3549428536994128
2018-01-31 07:18:00,0.30605268835319066
2018-01-31 07:21:00,0.3286734222767791
2018-01-31 07:24:00,0.3542988919097638
2018-01-31 07:27:00,0.360251256676861
2018-01-31 07:30:00,0.20290050016132
2018-01-31 07:33:00,0.3018103263707417
2018-01-31 07:36:00,0.23755189866142246
2018-01-31 07:39:00,0.28870039091219724
2018-01-31 07:42:00,0.336426820011809
2018-01-31 07:45:00,0.30996017919756014
2018-01-31 07:48:00,0.4048588735481644
2018-01-31 07:51:00,0.364633600518971
2018-01-31 07:54:00,0.3718012899905716
2018-01-31 07:57:00,0.23506915553696217
2018-01-31 08:00:00,0.2957459172237691
2018-01-31 08:03:00,0.3864875762533302
2018-01-31 08:06:00,0.3882126198266178
2018-01-31 08:09:00,0.5299800263844645
2018-01-31 08:12:00,0.3605864491325974
2018-01-31 08:15:00,0.40218916558302453
2018-01-31 08:18:00,0.3833234556770435
2018-01-31 08:21:00,0.44145101208698634
2018-01-31 08:24:00,0.4207984529777491
2018-01-31 08:27:00,0.41768867707781965
2018-01-31 08:30:00,0.26026426041693185
2018-01-31 08:33:00,0.22112493394007515
2018-01-31 08:36:00,0.28059882709158046
2018-01-31 08:39:00,0.42545396262448776
2018-01-31 08:42:00,0.2342392637213493
2018-01-31 08:45:00,0.24254481739859557
2018-01-31 08:48:00,0.2095332036777222
2018-01-31 08:51:00,0.1486584493935652
2018-01-31 08:54:00,0.24476934581059595
2018-01-31 08:57:00,0.28317648484807023
2018-01-31 09:00:00,0.32088675821904644
2018-01-31 09:03:00,0.29158986065340287
2018-01-31 09:06:00,0.29387410594262064
2018-01-31 09:09:00,0.277897352715172
2018-01-31 09:12:00,0.397627042925933
2018-01-31 09:15:00,0.4112183211607885
2018-01-31 09:18:00,0.3661376885922323
2018-01-31 09:21:00,0.19473380851542288
2018-01-31 09:24:00,0.22732942996049132
2018-01-31 09:27:00,0.29266558466184733
2018-01-31 09:30:00,0.2421319253389811
2018-01-31 09:33:00,0.20246957947063038
2018-01-31 09:36:00,0.2726752415101714
2018-01-31 09:39:00,0.36204484387718594
2018-01-31 09:42:00,0.3168481914719905
2018-01-31 09:45:00,0.3074431273424807
2018-01-31 09:48:00,0.1457050087603875
2018-01-31 09:51:00,0.3308845524113053
2018-01-31 09:54:00,0.29998809980708074
2018-01-31 09:57:00,0.23210739279574
2018-01-31 10:00:00,0.22306322508779886
2018-01-31 10:03:00,0.17184923300726496
2018-01-31 10:06:00,0.1241530030349054
2018-01-31 10:09:00,0.13274602784309764
2018-01-31 10:12:00,0.24331427205083855
2018-01-31 10:15:00,0.2766905444163399
2018-01-31 10:18:00,0.22088000442107614
2018-01-31 10:21:00,0.2581551166381928
2018-01-31 10:24:00,0.143211679698652
2018-01-31 10:27:00,0.11087896237916084
2018-01-31 10:30:00,0.14848342119728386
2018-01-31 10:33:00,0.1710704330927797
2018-01-31 10:36:00,0.16242350905730518
2018-01-31 10:39:00,0.09354327743869817
2018-01-31 10:42:00,0.11002032336261891
2018-01-31 10:45:00,0.15530702753500236
2018-01-31 10:48:00,0.23653500976723763
2018-01-31 10:51:00,0.12707347421655868
2018-01-31 10:54:00,0.17917866473140975
2018-01-31 10:57:00,0.0464762676226087
2018-01-31 11:00:00,0.22509468595973203
2018-01-31 11:03:00,0.12467794845366598
2018-01-31 11:06:00,0.2244329937097973
2018-01-31 11:09:00,0.1887238001049809
2018-01-31 11:12:00,0.06395562315543657
2018-01-31 11:15:00,0.06211434813747019
2018-01-31 11:18:00,0.051539566661233494
2018-01-31 11:21:00,0.053206219240337305
2018-01-31 11:24:00,0.10631199063374197
2018-01-31 11:27:00,0.10522182578546335
2018-01-31 11:30:00,0.003374549666375515
2018-01-31 11:33:00,0.07594645842715408
2018-01-31 11:36:00,0.20481739306381996
2018-01-31 11:39:00,0.10717814413709448
2018-01-31 11:42:00,0.0017503882086202793
2018-01-31 11:45:00,0.08628909271544671
2018-01-31 11:48:00,0.10467816991570089
2018-01-31 11:51:00,0.07076682494738407
2018-01-31 11:54:00,0.031203988830384333
2018-01-31 11:57:00,0.019332302385180355
2018-01-31 12:00:00,0.13863113720884712
2018-01-31 12:03:00,-0.014311892715966223
2018-01-31 12:06:00,0.12583412557825113
2018-01-31 12:09:00,0.05824781587443795
2018-01-31 12:12:00,-0.0017541562950782463
2018-01-31 12:15:00,0.13902973463706303
2018-01-31 12:18:00,0.010765641430566575
2018-01-31 12:21:00,0.008104911812324644
2018-01-31 12:24:00,-0.021666784392607497
2018-01-31 12:27:00,-0.14068116338529535
2018-01-31 12:30:00,-0.07204412715304898
2018-01-31 12:33:00,-0.01195616712300307
2018-01-31 12:36:00,-0.09209846821255496
2018-01-31 12:39:00,-0.07719587242326043
2018-01-31 12:42:00,0.019804328823227024
2018-01-31 12:45:00,-0.029707918524934485
2018-01-31 12:48:00,-0.09936582029826013
2018-01-31 12:51:00,-0.1319903332150716
2018-01-31 12:54:00,-0.10569592147021467
2018-01-31 12:57:00,-0.08619856599801778
2018-01-31 13:00:00,-0.0967066897403015
2018-01-31 13:03:00,-0.02422047492245838
2018-01-31 13:06:00,0.013426094517456022
2018-01-31 13:09:00,0.003614142517278651
2018-01-31 13:12:00,-0.05561772941541676
2018-01-31 13:15:00,-0.04707917070209078
2018-01-31 13:18:00,-0.06839378336843538
2018-01-31 13:21:00,-0.29140211676377703
2018-01-31 13:24:00,-0.1510720586983325
2018-01-31 13:27:00,-0.0368151056214856
2018-01-31 13:30:00,-0.26096712878882045
2018-01-31 13:33:00,-0.19963046795987793
2018-01-31 13:36:00,-0.29004034740438556
2018-01-31 13:39:00,-0.17707977767679495
2018-01-31 13:42:00,-0.19277213191696774
2018-01-31 13:45:00,-0.15343890380665925
2018-01-31 13:48:00,-0.1638768227038554
2018-01-31 13:51:00,-0.14144857015122625
2018-01-31 13:54:00,-0.14873193050760847
2018-01-31 13:57:00,-0.12522570880810235
2018-01-31 14:00:00,-0.2602497017413157
2018-01-31 14:03:00,-0.2451169793309873
2018-01-31 14:06:00,-0.018343311860007816
2018-01-31 14:09:00,-0.2454480886602255
2018-01-31 14:12:00,-0.23597155170119777
2018-01-31 14:15:00,-0.2897832973625327
2018-01-31 14:18:00,-0.2726796444936781
2018-01-31 14:21:00,-0.19840052154086152
2018-01-31 14:24:00,-0.3246980006213107
2018-01-31 14:27:00,-0.156357260638174
2018-01-31 14:30:00,-0.21247454526792353
2018-01-31 14:33:00,-0.330331667717644
2018-01-31 14:36:00,-0.2973647050410477
2018-01-31 14:39:00,-0.217303404490508
2018-01-31 14:42:00,-0.3000087368054096
2018-01-31 14:45:00,-0.23864090230824786
2018-01-31 14:48:00,-0.319007257775354
2018-01-31 14:51:00,-0.26666700195346493
2018-01-31 14:54:00,-0.3548335363382762
2018-01-31 14:57:00,-0.22308592712727204
2018-01-31 15:00:00,-0.23490498319665676
2018-01-31 15:03:00,-0.3267692756314773
2018-01-31 15:06:00,-0.23048938205909053
2018-01-31 15:09:00,-0.40287348452557126
2018-01-31 15:12:00,-0.21692717823674457
2018-01-31 15:15:00,-0.3666665793514312
2018-01-31 15:18:00,-0.3382902680536404
2018-01-31 15:21:00,-0.21423087113612382
2018-01-31 15:24:00,-0.2769429144661899
2018-01-31 15:27:00,-0.26410468592081315
2018-01-31 15:30:00,-0.3520915684823649
2018-01-31 15:33:00,-0.3674193117132063
2018-01-31 15:36:00,-0.3478033735910344
2018-01-31 15:39:00,-0.29960355874817424
2018-01-31 15:42:00,-0.3100113588315594
2018-01-31 15:45:00,-0.34973035397945296
2018-01-31 15:48:00,-0.2415346594287371
2018-01-31 15:51:00,-0.4345793427171998
2018-01-31 15:54:00,-0.21830961916646174
2018-01-31 15:57:00,-0.25289793472495603
2018-01-31 16:00:00,-0.17730170872380313
2018-01-31 16:03:00,-0.28036659566538447
2018-01-31 16:06:00,-0.28240811503968644
2018-01-31 16:09:00,-0.28270019511990085
2018-01-31 16:12:00,-0.2414799991701102
2018-01-31 16:15:00,-0.2246087161274204
2018-01-31 16:18:00,-0.22769947870688156
2018-01-31 16:21:00,-0.34621358991728357
2018-01-31 16:24:00,-0.28295300710800575
2018-01-31 16:27:00,-0.28580561285139083
2018-01-31 16:30:00,-0.23165380894664622
2018-01-31 16:33:00,-0.2163403952984595
2018-01-31 16:36:00,-0.18186538238325056
2018-01-31 16:39:00,-0.1933005285093259
2018-01-31 16:42:00,-0.1992946761292842
2018-01-31 16:45:00,-0.22788674772328932
2018-01-31 16:48:00,-0.21059050880421637
2018-01-31 16:51:00,-0.2667942268724346
2018-01-31 16:54:00,-0.33845222493891924
2018-01-31 16:57:00,-0.32205848230006495
2018-01-31 17:00:00,-0.23937784223045355
2018-01-31 17:03:00,-0.22082830527250508
2018-01-31 17:06:00,-0.2583561485141672
2018-01-31 17:09:00,-0.26364938475541067
2018-01-31 17:12:00,-0.2752072635716445
2018-01-31 17:15:00,-0.31116413229699447
2018-01-31 17:18:00,-0.20580592554472332
2018-01-31 17:21:00,-0.32391112797012056
2018-01-31 17:24:00,-0.1270139640807315
2018-01-31 17:27:00,-0.12672135170112142
2018-01-31 17:30:00,-0.19088110365601096
2018-01-31 17:33:00,-0.07396085354304205
2018-01-31 17:36:00,-0.10181108609555167
2018-01-31 17:39:00,-0.07129697950193759
2018-01-31 17:42:00,-0.1641683016683828
2018-01-31 17:45:00,0.004725978204874082
2018-01-31 17:48:00,-0.11129835445217395
2018-01-31 17:51:00,-0.10814531687537965
2018-01-31 17:54:00,-0.08807880681553115
2018-01-31 17:57:00,-0.06720817333069817
2018-01-31 18:00:00,-0.07965985210870485
2018-01-31 18:03:00,-0.07857207158286883
2018-01-31 18:06:00,-0.07710550782383052
2018-01-31 18:09:00,0.05799980221547685
2018-01-31 18:12:00,-0.08578838560430313
2018-01-31 18:15:00,-0.14563148074023502
2018-01-31 18:18:00,-0.09268740645143225
2018-01-31 18:21:00,0.04782890098641701
2018-01-31 18:24:00,-0.05472986061482743
2018-01-31 18:27:00,-0.01648671582188399
2018-01-31 18:30:00,-0.11136802683603264
2018-01-31 18:33:00,-0.07273471858184166
2018-01-31 18:36:00,0.038183834085430135
2018-01-31 18:39:00,0.020071827127424058
2018-01-31 18:42:00,0.05037757015787747
2018-01-31 18:45:00,0.034816068526254185
2018-01-31 18:48:00,0.07871131636210293
2018-01-31 18:51:00,0.03979045672463144
2018-01-31 18:54:00,
2018-01-31 18:57:00,
2018-01-31 19:00:00,
2018-01-31 19:03:00,0.15141225084067855
2018-01-31 19:06:00,0.06639192753283396
2018-01-31 19:09:00,-0.007616983916136633
2018-01-31 19:12:00,0.08368825628167542
2018-01-31 19:15:00,0.1333290733828676
2018-01-31 19:18:00,0.11806138506943853
2018-01-31 19:21:00,0.15169034639620804
2018-01-31 19:24:00,0.04388395463860206
2018-01-31 19:27:00,0.12059032503219669
2018-01-31 19:30:00,0.08944545669373838
2018-01-31 19:33:00,0.00391214756990621
2018-01-31 19:36:00,0.06174599426589111
2018-01-31 19:39:00,-0.06956926028556154
2018-01-31 19:42:00,0.02876020777080157
2018-01-31 19:45:00,0.04990489461221159
2018-01-31 19:48:00,0.13064461345345535
2018-01-31 19:51:00,0.07055563517127439
2018-01-31 19:54:00,0.10564157936954643
2018-01-31 19:57:00,0.15344236575907644
2018-01-31 20:00:00,0.11027126355668315
2018-01-31 20:03:00,0.16562665840541513
2018-01-31 20:06:00,0.09524222445634223
2018-01-31 20:09:00,0.17436026627467527
2018-01-31 20:12:00,0.21520478150927147
2018-01-31 20:15:00,0.09642181619176426
2018-01-31 20:18:00,0.17049042830467442
2018-01-31 20:21:00,0.23035072244078947
2018-01-31 20:24:00,0.1654770628547908
2018-01-31 20:27:00,0.17527421874297033
2018-01-31 20:30:00,0.0922059459271054
2018-01-31 20:33:00,0.15158918343877303
2018-01-31 20:36:00,0.21440506266225157
2018-01-31 20:39:00,0.3034508151928321
2018-01-31 20:42:00,0.23833921203481623
2018-01-31 20:45:00,0.21291338342274457
2018-01-31 20:48:00,0.2272117416662809
2018-01-31 20:51:00,0.22711481482167528
2018-01-31 20:54:00,0.2647849446178725
2018-01-31 20:57:00,0.1677933733824375
2018-01-31 21:00:00,0.36466016134176016
2018-01-31 21:03:00,0.15313137706971247
2018-01-31 21:06:00,0.27096679609843477
2018-01-31 21:09:00,0.25757318285394604
2018-01-31 21:12:00,0.2762013582333793
2018-01-31 21:15:00,0.20034239945204035
2018-01-31 21:18:00,0.371048612003392
2018-01-31 21:21:00,0.20802720419351317
2018-01-31 21:24:00,0.18748608899454666
2018-01-31 21:27:00,0.3837851920762887
2018-01-31 21:30:00,0.3254291154741509
2018-01-31 21:33:00,0.2611044726880891
2018-01-31 21:36:00,0.3161757650423169
2018-01-31 21:39:00,0.2988397283978088
2018-01-31 21:42:00,0.29320094385036555
2018-01-31 21:45:00,0.2939046029266592
2018-01-31 21:48:00,0.254521567860877
2018-01-31 21:51:00,0.2623939438947218
2018-01-31 21:54:00,0.28025083050414423
2018-01-31 21:57:00,
2018-01-31 22:00:00,
2018-01-31 22:03:00,
2018-01-31 22:06:00,
2018-01-31 22:09:00,
2018-01-31 22:12:00,
2018-01-31 22:15:00,
2018-01-31 22:18:00,
2018-01-31 22:21:00,
2018-01-31 22:24:00,
2018-01-31 22:27:00,
2018-01-31 22:30:00,
2018-01-31 22:33:00,
2018-01-31 22:36:00,
2018-01-31 22:39:00,
2018-01-31 22:42:00,
2018-01-31 22:45:00,
2018-01-31 22:48:00,
2018-01-31 22:51:00,
2018-01-31 22:54:00,
2018-01-31 22:57:00,
2018-01-31 23:00:00,
2018-01-31 23:03:00,
2018-01-31 23:06:00,
2018-01-31 23:09:00,
2018-01-31 23:12:00,
2018-01-31 23:15:00,
2018-01-31 23:18:00,
2018-01-31 23:21:00,
2018-01-31 23:24:00,
2018-01-31 23:27:00,
2018-01-31 23:30:00,
2018-01-31 23:33:00,
2018-01-31 23:36:00,
2018-01-31 23:39:00,
2018-01-31 23:42:00,
2018-01-31 23:45:00,
2018-01-31 23:48:00,
2018-01-31 23:51:00,
2018-01-31 23:54:00,
2018-01-31 23:57:00,
2018-02-01 00:00:00,
2018-02-01 00:03:00,
2018-02-01 00:06:00,
2018-02-01 00:09:00,
2018-02-01 00:12:00,
2018-02-01 00:15:00,
2018-02-01 00:18:00,
2018-02-01 00:21:00,
2018-02-01 00:24:00,
2018-02-01 00:27:00,
2018-02-01 00:30:00,
2018-02-01 00:33:00,
2018-02-01 00:36:00,
2018-02-01 00:39:00,
2018-02-01 00:42:00,
2018-02-01 00:45:00,
2018-02-01 00:48:00,
2018-02-01 00:51:00,
2018-02-01 00:54:00,
2018-02-01 00:57:00,
2018-02-01 01:00:00,
2018-02-01 01:03:00,
2018-02-01 01:06:00,
2018-02-01 01:09:00,
2018-02-01 01:12:00,
2018-02-01 01:15:00,
2018-02-01 01:18:00,
2018-02-01 01:21:00,
2018-02-01 01:24:00,
2018-02-01 01:27:00,
2018-02-01 01:30:00,
2018-02-01 01:33:00,
2018-02-01 01:36:00,
2018-02-01 01:39:00,
2018-02-01 01:42:00,
2018-02-01 01:45:00,
2018-02-01 01:48:00,
2018-02-01 01:51:00,
2018-02-01 01:54:00,
2018-02-01 01:57:00,
2018-02-01 02:00:00,
2018-02-01 02:03:00,
2018-02-01 02:06:00,
2018-02-01 02:09:00,
2018-02-01 02:12:00,
2018-02-01 02:15:00,
2018-02-01 02:18:00,
2018-02-01 02:21:00,
2018-02-01 02:24:00,
2018-02-01 02:27:00,
2018-02-01 02:30:00,
2018-02-01 02:33:00,
2018-02-01 02:36:00,
2018-02-01 02:39:00,
2018-02-01 02:42:00,
2018-02-01 02:45:00,
2018-02-01 02:48:00,
2018-02-01 02:51:00,
2018-02-01 02:54:00,
2018-02-01 02:57:00,
2018-02-01 03:00:00,
2018-02-01 03:03:00,
2018-02-01 03:06:00,
2018-02-01 03:09:00,
2018-02-01 03:12:00,
2018-02-01 03:15:00,
2018-02-01 03:18:00,
2018-02-01 03:21:00,
2018-02-01 03:24:00,
2018-02-01 03:27:00,
2018-02-01 03:30:00,
2018-02-01 03:33:00,
2018-02-01 03:36:00,
2018-02-01 03:39:00,
2018-02-01 03:42:00,
2018-02-01 03:45:00,
2018-02-01 03:48:00,
2018-02-01 03:51:00,
2018-02-01 03:54:00,
2018-02-01 03:57:00,
2018-02-01 04:00:00,
2018-02-01 04:03:00,
2018-02-01 04:06:00,
2018-02-01 04:09:00,
2018-02-01 04:12:00,
2018-02-01 04:15:00,
2018-02-01 04:18:00,
2018-02-01 04:21:00,
2018-02-01 04:24:00,
2018-02-01 04:27:00,
2018-02-01 04:30:00,
2018-02-01 04:33:00,
2018-02-01 04:36:00,
2018-02-01 04:39:00,
2018-02-01 04:42:00,
2018-02-01 04:45:00,
2018-02-01 04:48:00,
2018-02-01 04:51:00,
2018-02-01 04:54:00,
2018-02-01 04:57:00,
2018-02-01 05:00:00,
2018-02-01 05:03:00,
2018-02-01 05:06:00,
2018-02-01 05:09:00,
2018-02-01 05:12:00,
2018-02-01 05:15:00,
2018-02-01 05:18:00,
2018-02-01 05:21:00,
2018-02-01 05:24:00,
2018-02-01 05:27:00,
2018-02-01 05:30:00,
2018-02-01 05:33:00,
2018-02-01 05:36:00,
2018-02-01 05:39:00,
2018-02-01 05:42:00,
2018-02-01 05:45:00,
2018-02-01 05:48:00,
2018-02-01 05:51:00,
2018-02-01 05:54:00,
2018-02-01 05:57:00,
2018-02-01 06:00:00,
2018-02-01 06:03:00,
2018-02-01 06:06:00,
2018-02-01 06:09:00,
2018-02-01 06:12:00,
2018-02-01 06:15:00,
2018-02-01 06:18:00,
2018-02-01 06:21:00,
2018-02-01 06:24:00,
2018-02-01 06:27:00,
2018-02-01 06:30:00,
2018-02-01 06:33:00,
2018-02-01 06:36:00,
2018-02-01 06:39:00,
2018-02-01 06:42:00,
2018-02-01 06:45:00,
2018-02-01 06:48:00,
2018-02-01 06:51:00,
2018-02-01 06:54:00,
2018-02-01 06:57:00,
2018-02-01 07:00:00,
2018-02-01 07:03:00,
2018-02-01 07:06:00,
2018-02-01 07:09:00,
2018-02-01 07:12:00,
2018-02-01 07:15:00,
2018-02-01 07:18:00,
2018-02-01 07:21:00,
2018-02-01 07:24:00,
2018-02-01 07:27:00,
2018-02-01 07:30:00,
2018-02-01 07:33:00,
2018-02-01 07:36:00,
2018-02-01 07:39:00,
2018-02-01 07:42:00,
2018-02-01 07:45:00,
2018-02-01 07:48:00,
2018-02-01 07:51:00,
2018-02-01 07:54:00,
2018-02-01 07:57:00,
2018-02-01 08:00:00,
2018-02-01 08:03:00,
2018-02-01 08:06:00,
2018-02-01 08:09:00,
2018-02-01 08:12:00,
2018-02-01 08:15:00,
2018-02-01 08:18:00,
2018-02-01 08:21:00,
2018-02-01 08:24:00,
2018-02-01 08:27:00,
2018-02-01 08:30:00,
2018-02-01 08:33:00,
2018-02-01 08:36:00,
2018-02-01 08:39:00,
2018-02-01 08:42:00,
2018-02-01 08:45:00,
2018-02-01 08:48:00,
2018-02-01 08:51:00,
2018-02-01 08:54:00,
2018-02-01 08:57:00,
2018-02-01 09:00:00,
2018-02-01 09:03:00,
2018-02-01 09:06:00,
2018-02-01 09:09:00,
2018-02-01 09:12:00,
2018-02-01 09:15:00,
2018-02-01 09:18:00,
2018-02-01 09:21:00,
2018-02-01 09:24:00,
2018-02-01 09:27:00,
2018-02-01 09:30:00,
2018-02-01 09:33:00,
2018-02-01 09:36:00,
2018-02-01 09:39:00,
2018-02-01 09:42:00,
2018-02-01 09:45:00,
2018-02-01 09:48:00,
2018-02-01 09:51:00,
2018-02-01 09:54:00,
2018-02-01 09:57:00,
2018-02-01 10:00:00,
2018-02-01 10:03:00,
2018-02-01 10:06:00,
2018-02-01 10:09:00,
2018-02-01 10:12:00,
2018-02-01 10:15:00,
2018-02-01 10:18:00,
2018-02-01 10:21:00,
2018-02-01 10:24:00,
2018-02-01 10:27:00,
2018-02-01 10:30:00,
2018-02-01 10:33:00,
2018-02-01 10:36:00,
2018-02-01 10:39:00,
2018-02-01 10:42:00,
2018-02-01 10:45:00,
2018-02-01 10:48:00,
2018-02-01 10:51:00,
2018-02-01 10:54:00,
2018-02-01 10:57:00,
2018-02-01 11:00:00,
2018-02-01 11:03:00,
2018-02-01 11:06:00,
2018-02-01 11:09:00,
2018-02-01 11:12:00,
2018-02-01 11:15:00,
2018-02-01 11:18:00,
2018-02-01 11:21:00,
2018-02-01 11:24:00,
2018-02-01 11:27:00,
2018-02-01 11:30:00,
2018-02-01 11:33:00,
2018-02-01 11:36:00,
2018-02-01 11:39:00,
2018-02-01 11:42:00,
2018-02-01 11:45:00,
2018-02-01 11:48:00,
2018-02-01 11:51:00,
2018-02-01 11:54:00,
2018-02-01 11:57:00,
2018-02-01 12:00:00,
2018-02-01 12:03:00,
2018-02-01 12:06:00,
2018-02-01 12:09:00,
2018-02-01 12:12:00,
2018-02-01 12:15:00,
2018-02-01 12:18:00,
2018-02-01 12:21:00,
2018-02-01 12:24:00,
2018-02-01 12:27:00,
2018-02-01 12:30:00,
2018-02-01 12:33:00,
2018-02-01 12:36:00,
2018-02-01 12:39:00,
2018-02-01 12:42:00,
2018-02-01 12:45:00,
2018-02-01 12:48:00,
2018-02-01 12:51:00,
2018-02-01 12:54:00,
2018-02-01 12:57:00,
2018-02-01 13:00:00,
2018-02-01 13:03:00,
2018-02-01 13:06:00,
2018-02-01 13:09:00,
2018-02-01 13:12:00,
2018-02-01 13:15:00,
2018-02-01 13:18:00,
2018-02-01 13:21:00,
2018-02-01 13:24:00,
2018-02-01 13:27:00,
2018-02-01 13:30:00,
2018-02-01 13:33:00,
2018-02-01 13:36:00,
2018-02-01 13:39:00,
2018-02-01 13:42:00,
2018-02-01 13:45:00,
2018-02-01 13:48:00,
2018-02-01 13:51:00,
2018-02-01 13:54:00,
2018-02-01 13:57:00,
2018-02-01 14:00:00,
2018-02-01 14:03:00,
2018-02-01 14:06:00,
2018-02-01 14:09:00,
2018-02-01 14:12:00,
2018-02-01 14:15:00,
2018-02-01 14:18:00,
2018-02-01 14:21:00,
2018-02-01 14:24:00,
2018-02-01 14:27:00,
2018-02-01 14:30:00,
2018-02-01 14:33:00,
2018-02-01 14:36:00,
2018-02-01 14:39:00,
2018-02-01 14:42:00,
2018-02-01 14:45:00,
2018-02-01 14:48:00,
2018-02-01 14:51:00,
2018-02-01 14:54:00,
2018-02-01 14:57:00,
2018-02-01 15:00:00,
2018-02-01 15:03:00,
2018-02-01 15:06:00,
2018-02-01 15:09:00,
2018-02-01 15:12:00,
2018-02-01 15:15:00,
2018-02-01 15:18:00,
2018-02-01 15:21:00,
2018-02-01 15:24:00,
2018-02-01 15:27:00,
2018-02-01 15:30:00,
2018-02-01 15:33:00,
2018-02-01 15:36:00,
2018-02-01 15:39:00,
2018-02-01 15:42:00,
2018-02-01 15:45:00,
2018-02-01 15:48:00,
2018-02-01 15:51:00,
2018-02-01 15:54:00,
2018-02-01 15:57:00,
2018-02-01 16:00:00,
2018-02-01 16:03:00,
2018-02-01 16:06:00,
2018-02-01 16:09:00,
2018-02-01 16:12:00,
2018-02-01 16:15:00,
2018-02-01 16:18:00,
2018-02-01 16:21:00,
2018-02-01 16:24:00,
2018-02-01 16:27:00,
2018-02-01 16:30:00,
2018-02-01 16:33:00,
2018-02-01 16:36:00,
2018-02-01 16:39:00,
2018-02-01 16:42:00,
2018-02-01 16:45:00,
2018-02-01 16:48:00,
2018-02-01 16:51:00,
2018-02-01 16:54:00,
2018-02-01 16:57:00,
2018-02-01 17:00:00,
2018-02-01 17:03:00,
2018-02-01 17:06:00,
2018-02-01 17:09:00,
2018-02-01 17:12:00,
2018-02-01 17:15:00,
2018-02-01 17:18:00,
2018-02-01 17:21:00,
2018-02-01 17:24:00,
2018-02-01 17:27:00,
2018-02-01 17:30:00,
2018-02-01 17:33:00,
2018-02-01 17:36:00,
2018-02-01 17:39:00,
2018-02-01 17:42:00,
2018-02-01 17:45:00,
2018-02-01 17:48:00,
2018-02-01 17:51:00,
2018-02-01 17:54:00,
2018-02-01 17:57:00,
2018-02-01 18:00:00,
2018-02-01 18:03:00,
2018-02-01 18:06:00,
2018-02-01 18:09:00,
2018-02-01 18:12:00,
2018-02-01 18:15:00,
2018-02-01 18:18:00,
2018-02-01 18:21:00,
2018-02-01 18:24:00,
2018-02-01 18:27:00,
2018-02-01 18:30:00,
2018-02-01 18:33:00,
2018-02-01 18:36:00,
2018-02-01 18:39:00,
2018-02-01 18:42:00,
2018-02-01 18:45:00,
2018-02-01 18:48:00,
2018-02-01 18:51:00,
2018-02-01 18:54:00,
2018-02-01 18:57:00,
2018-02-01 19:00:00,
2018-02-01 19:03:00,
2018-02-01 19:06:00,
2018-02-01 19:09:00,
2018-02-01 19:12:00,
2018-02-01 19:15:00,
2018-02-01 19:18:00,
2018-02-01 19:21:00,
2018-02-01 19:24:00,
2018-02-01 19:27:00,
2018-02-01 19:30:00,
2018-02-01 19:33:00,
2018-02-01 19:36:00,
2018-02-01 19:39:00,
2018-02-01 19:42:00,
2018-02-01 19:45:00,
2018-02-01 19:48:00,
2018-02-01 19:51:00,
2018-02-01 19:54:00,
2018-02-01 19:57:00,
2018-02-01 20:00:00,
2018-02-01 20:03:00,
2018-02-01 20:06:00,
2018-02-01 20:09:00,
2018-02-01 20:12:00,
2018-02-01 20:15:00,
2018-02-01 20:18:00,
2018-02-01 20:21:00,
2018-02-01 20:24:00,
2018-02-01 20:27:00,
2018-02-01 20:30:00,
2018-02-01 20:33:00,
2018-02-01 20:36:00,
2018-02-01 20:39:00,
2018-02-01 20:42:00,
2018-02-01 20:45:00,
2018-02-01 20:48:00,
2018-02-01 20:51:00,
2018-02-01 20:54:00,
2018-02-01 20:57:00,
2018-02-01 21:00:00,
2018-02-01 21:03:00,
2018-02-01 21:06:00,
2018-02-01 21:09:00,
2018-02-01 21:12:00,
2018-02-01 21:15:00,
2018-02-01 21:18:00,
2018-02-01 21:21:00,
2018-02-01 21:24:00,
2018-02-01 21:27:00,
2018-02-01 21:30:00,
2018-02-01 21:33:00,
2018-02-01 21:36:00,
2018-02-01 21:39:00,
2018-02-01 21:42:00,
2018-02-01 21:45:00,
2018-02-01 21:48:00,
2018-02-01 21:51:00,
2018-02-01 21:54:00,
2018-02-01 21:57:00,
2018-02-01 22:00:00,
2018-02-01 22:03:00,
2018-02-01 22:06:00,
2018-02-01 22:09:00,
2018-02-01 22:12:00,
2018-02-01 22:15:00,
2018-02-01 22:18:00,
2018-02-01 22:21:00,
2018-02-01 22:24:00,
2018-02-01 22:27:00,
2018-02-01 22:30:00,
2018-02-01 22:33:00,
2018-02-01 22:36:00,
2018-02-01 22:39:00,
2018-02-01 22:42:00,
2018-02-01 22:45:00,
2018-02-01 22:48:00,
2018-02-01 22:51:00,
2018-02-01 22:54:00,
2018-02-01 22:57:00,
2018-02-01 23:00:00,
2018-02-01 23:03:00,
2018-02-01 23:06:00,
2018-02-01 23:09:00,
2018-02-01 23:12:00,
2018-02-01 23:15:00,
2018-02-01 23:18:00,
2018-02-01 23:21:00,
2018-02-01 23:24:00,
2018-02-01 23:27:00,
2018-02-01 23:30:00,
2018-02-01 23:33:00,
2018-02-01 23:36:00,
2018-02-01 23:39:00,
2018-02-01 23:42:00,
2018-02-01 23:45:00,
2018-02-01 23:48:00,
2018-02-01 23:51:00,
2018-02-01 23:54:00,
2018-02-01 23:57:00,
2018-02-02 00:00:00,
2018-02-02 00:03:00,
2018-02-02 00:06:00,
2018-02-02 00:09:00,
2018-02-02 00:12:00,
2018-02-02 00:15:00,
2018-02-02 00:18:00,
2018-02-02 00:21:00,
2018-02-02 00:24:00,
2018-02-02 00:27:00,
2018-02-02 00:30:00,
2018-02-02 00:33:00,
2018-02-02 00:36:00,
2018-02-02 00:39:00,
2018-02-02 00:42:00,
2018-02-02 00:45:00,
2018-02-02 00:48:00,
2018-02-02 00:51:00,
2018-02-02 00:54:00,
2018-02-02 00:57:00,
2018-02-02 01:00:00,
2018-02-02 01:03:00,
2018-02-02 01:06:00,
2018-02-02 01:09:00,
2018-02-02 01:12:00,
2018-02-02 01:15:00,
2018-02-02 01:18:00,
2018-02-02 01:21:00,
2018-02-02 01:24:00,
2018-02-02 01:27:00,
2018-02-02 01:30:00,
2018-02-02 01:33:00,
2018-02-02 01:36:00,
2018-02-02 01:39:00,
2018-02-02 01:42:00,
2018-02-02 01:45:00,
2018-02-02 01:48:00,
2018-02-02 01:51:00,
2018-02-02 01:54:00,
2018-02-02 01:57:00,
2018-02-02 02:00:00,
2018-02-02 02:03:00,
2018-02-02 02:06:00,
2018-02-02 02:09:00,
2018-02-02 02:12:00,
2018-02-02 02:15:00,
2018-02-02 02:18:00,
2018-02-02 02:21:00,
2018-02-02 02:24:00,
2018-02-02 02:27:00,
2018-02-02 02:30:00,
2018-02-02 02:33:00,
2018-02-02 02:36:00,
2018-02-02 02:39:00,
2018-02-02 02:42:00,
2018-02-02 02:45:00,
2018-02-02 02:48:00,
2018-02-02 02:51:00,
2018-02-02 02:54:00,
2018-02-02 02:57:00,
2018-02-02 03:00:00,
2018-02-02 03:03:00,
2018-02-02 03:06:00,
2018-02-02 03:09:00,
2018-02-02 03:12:00,
2018-02-02 03:15:00,
2018-02-02 03:18:00,
2018-02-02 03:21:00,
2018-02-02 03:24:00,
2018-02-02 03:27:00,
2018-02-02 03:30:00,
2018-02-02 03:33:00,
2018-02-02 03:36:00,
2018-02-02 03:39:00,
2018-02-02 03:42:00,
2018-02-02 03:45:00,
2018-02-02 03:48:00,
2018-02-02 03:51:00,
2018-02-02 03:54:00,
2018-02-02 03:57:00,
2018-02-02 04:00:00,
2018-02-02 04:03:00,
2018-02-02 04:06:00,
2018-02-02 04:09:00,
2018-02-02 04:12:00,
2018-02-02 04:15:00,
2018-02-02 04:18:00,
2018-02-02 04:21:00,
2018-02-02 04:24:00,
2018-02-02 04:27:00,
2018-02-02 04:30:00,
2018-02-02 04:33:00,
2018-02-02 04:36:00,
2018-02-02 04:39:00,
2018-02-02 04:42:00,
2018-02-02 04:45:00,
2018-02-02 04:48:00,
2018-02-02 04:51:00,
2018-02-02 04:54:00,
2018-02-02 04:57:00,
2018-02-02 05:00:00,
2018-02-02 05:03:00,
2018-02-02 05:06:00,
2018-02-02 05:09:00,
2018-02-02 05:12:00,
2018-02-02 05:15:00,
2018-02-02 05:18:00,
2018-02-02 05:21:00,
2018-02-02 05:24:00,
2018-02-02 05:27:00,
2018-02-02 05:30:00,
2018-02-02 05:33:00,
2018-02-02 05:36:00,
2018-02-02 05:39:00,
2018-02-02 05:42:00,
2018-02-02 05:45:00,
2018-02-02 05:48:00,
2018-02-02 05:51:00,
2018-02-02 05:54:00,
2018-02-02 05:57:00,
2018-02-02 06:00:00,
2018-02-02 06:03:00,
2018-02-02 06:06:00,
2018-02-02 06:09:00,
2018-02-02 06:12:00,
2018-02-02 06:15:00,
2018-02-02 06:18:00,
2018-02-02 06:21:00,
2018-02-02 06:24:00,
2018-02-02 06:27:00,
2018-02-02 06:30:00,
2018-02-02 06:33:00,
2018-02-02 06:36:00,
2018-02-02 06:39:00,
2018-02-02 06:42:00,
2018-02-02 06:45:00,
2018-02-02 06:48:00,
2018-02-02 06:51:00,
2018-02-02 06:54:00,
2018-02-02 06:57:00,
2018-02-02 07:00:00,
2018-02-02 07:03:00,
2018-02-02 07:06:00,
2018-02-02 07:09:00,
2018-02-02 07:12:00,
2018-02-02 07:15:00,
2018-02-02 07:18:00,
2018-02-02 07:21:00,
2018-02-02 07:24:00,
2018-02-02 07:27:00,
2018-02-02 07:30:00,
2018-02-02 07:33:00,
2018-02-02 07:36:00,
2018-02-02 07:39:00,
2018-02-02 07:42:00,
2018-02-02 07:45:00,
2018-02-02 07:48:00,
2018-02-02 07:51:00,
2018-02-02 07:54:00,
2018-02-02 07:57:00,
2018-02-02 08:00:00,
2018-02-02 08:03:00,
2018-02-02 08:06:00,
2018-02-02 08:09:00,
2018-02-02 08:12:00,
2018-02-02 08:15:00,
2018-02-02 08:18:00,
2018-02-02 08:21:00,
2018-02-02 08:24:00,
2018-02-02 08:27:00,
2018-02-02 08:30:00,
2018-02-02 08:33:00,
2018-02-02 08:36:00,
2018-02-02 08:39:00,
2018-02-02 08:42:00,
2018-02-02 08:45:00,
2018-02-02 08:48:00,
2018-02-02 08:51:00,
2018-02-02 08:54:00,
2018-02-02 08:57:00,
2018-02-02 09:00:00,
2018-02-02 09:03:00,
2018-02-02 09:06:00,
2018-02-02 09:09:00,
2018-02-02 09:12:00,
2018-02-02 09:15:00,
2018-02-02 09:18:00,
2018-02-02 09:21:00,
2018-02-02 09:24:00,
2018-02-02 09:27:00,
2018-02-02 09:30:00,
2018-02-02 09:33:00,
2018-02-02 09:36:00,
2018-02-02 09:39:00,
2018-02-02 09:42:00,
2018-02-02 09:45:00,
2018-02-02 09:48:00,
2018-02-02 09:51:00,
2018-02-02 09:54:00,
2018-02-02 09:57:00,
2018-02-02 10:00:00,
2018-02-02 10:03:00,
2018-02-02 10:06:00,
2018-02-02 10:09:00,
2018-02-02 10:12:00,
2018-02-02 10:15:00,
2018-02-02 10:18:00,
2018-02-02 10:21:00,
2018-02-02 10:24:00,0.2924237034070529
2018-02-02 10:27:00,0.26740452032998974
2018-02-02 10:30:00,0.416801006108642
2018-02-02 10:33:00,0.34475854304912446
2018-02-02 10:36:00,0.37541059812679123
2018-02-02 10:39:00,0.31279659896637213
2018-02-02 10:42:00,0.3000827252923841
2018-02-02 10:45:00,0.2541723990975129
2018-02-02 10:48:00,0.3016848958007472
2018-02-02 10:51:00,0.32591712027874564
2018-02-02 10:54:00,0.2953674571532474
2018-02-02 10:57:00,0.28823539546107213
2018-02-02 11:00:00,0.3030693532438704
2018-02-02 11:03:00,0.3286335274061116
2018-02-02 11:06:00,0.2795432135891929
2018-02-02 11:09:00,0.23315355138976201
2018-02-02 11:12:00,0.22524736337470586
2018-02-02 11:15:00,0.0924831394123089
2018-02-02 11:18:00,0.20294929535924666
2018-02-02 11:21:00,0.19423248280850203
2018-02-02 11:24:00,0.15804732614890327
2018-02-02 11:27:00,0.15692978949471126
2018-02-02 11:30:00,0.252650463128532
2018-02-02 11:33:00,0.13389063768261167
2018-02-02 11:36:00,0.2490899096625867
2018-02-02 11:39:00,0.10377004205486173
2018-02-02 11:42:00,0.17255487761639188
2018-02-02 11:45:00,0.13817962145964202
2018-02-02 11:48:00,0.26282865453629256
2018-02-02 11:51:00,0.12065531179780464
2018-02-02 11:54:00,0.19133677190887965
2018-02-02 11:57:00,0.19025620073938398
2018-02-02 12:00:00,0.10023980830396795
2018-02-02 12:03:00,0.14900849441954733
2018-02-02 12:06:00,0.1949332255261993
2018-02-02 12:09:00,0.0618565183804094
2018-02-02 12:12:00,0.1595746889533416
2018-02-02 12:15:00,0.13840954367736913
2018-02-02 12:18:00,0.015349819945811305
2018-02-02 12:21:00,0.09342746001237856
2018-02-02 12:24:00,0.034109740252858956
2018-02-02 12:27:00,0.17670299255200916
2018-02-02 12:30:00,0.0900564297925257
2018-02-02 12:33:00,0.09502576069928637
2018-02-02 12:36:00,-0.032331702050839795
2018-02-02 12:39:00,-0.1194864150866124
2018-02-02 12:42:00,0.05097592281993002
2018-02-02 12:45:00,0.08450173009612172
2018-02-02 12:48:00,0.12189983692235273
2018-02-02 12:51:00,-0.0745415631398032
2018-02-02 12:54:00,0.07190252121370122
2018-02-02 12:57:00,0.0777505927366633
2018-02-02 13:00:00,0.0012274738400037677
2018-02-02 13:03:00,-0.04532931470572521
2018-02-02 13:06:00,0.00811841959529147
2018-02-02 13:09:00,0.02341046439642014
2018-02-02 13:12:00,0.0009389867510094518
2018-02-02 13:15:00,0.0017759697342967229
2018-02-02 13:18:00,0.0683855405001168
2018-02-02 13:21:00,0.08474686825752542
2018-02-02 13:24:00,0.11304466924934786
2018-02-02 13:27:00,0.07179013664591594
2018-02-02 13:30:00,0.08802059156795394
2018-02-02 13:33:00,0.07759769896370017
2018-02-02 13:36:00,0.1376519134749401
2018-02-02 13:39:00,0.13279523407368288
2018-02-02 13:42:00,0.08874730277494791
2018-02-02 13:45:00,0.09454143654011204
2018-02-02 13:48:00,0.05663148718372213
2018-02-02 13:51:00,0.23732282345679323
2018-02-02 13:54:00,0.15792963738863364
2018-02-02 13:57:00,0.22084118220817572
2018-02-02 14:00:00,0.25931327111271685
2018-02-02 14:03:00,0.17950244499098744
2018-02-02 14:06:00,0.3562012849936309
2018-02-02 14:09:00,0.20096432548939447
2018-02-02 14:12:00,0.10344024746530067
2018-02-02 14:15:00,0.18655679291634897
2018-02-02 14:18:00,0.16844262198685556
2018-02-02 14:21:00,-0.027381509046733754
2018-02-02 14:24:00,0.02437228620829046
2018-02-02 14:27:00,0.06557533195564247
2018-02-02 14:30:00,-0.02746759924161779
2018-02-02 14:33:00,-0.07189555315193275
2018-02-02 14:36:00,0.01084930921075511
2018-02-02 14:39:00,-0.13163696104732026
2018-02-02 14:42:00,-0.19579252915792722
2018-02-02 14:45:00,-0.11239571245499747
2018-02-02 14:48:00,-0.021846022476722737
2018-02-02 14:51:00,-0.09003150890760026
2018-02-02 14:54:00,-0.18682927822811735
2018-02-02 14:57:00,-0.2284432936221492
2018-02-02 15:00:00,-0.13299922427319189
2018-02-02 15:03:00,-0.21142298890339362
2018-02-02 15:06:00,-0.04318728191117316
2018-02-02 15:09:00,-0.05620578181185465
2018-02-02 15:12:00,-0.18365654220968963
2018-02-02 15:15:00,-0.15893517578052752
2018-02-02 15:18:00,-0.04384209174514808
2018-02-02 15:21:00,-0.04079655735409915
2018-02-02 15:24:00,0.09697147114167137
2018-02-02 15:27:00,-0.09457317758113959
2018-02-02 15:30:00,0.018436308545688007
2018-02-02 15:33:00,-0.10249775450387233
2018-02-02 15:36:00,-0.15158392520953612
2018-02-02 15:39:00,-0.07066642074812535
2018-02-02 15:42:00,-0.14877897061694512
2018-02-02 15:45:00,-0.16947674996248452
2018-02-02 15:48:00,-0.12784879801284887
2018-02-02 15:51:00,-0.2324284985645022
2018-02-02 15:54:00,-0.11048758856139784
2018-02-02 15:57:00,-0.07532357189836603
2018-02-02 16:00:00,-0.0004742090270610788
2018-02-02 16:03:00,-0.11504504084598466
2018-02-02 16:06:00,0.06920325736177801
2018-02-02 16:09:00,0.07968133961645663
2018-02-02 16:12:00,0.10017554867835088
2018-02-02 16:15:00,0.17086684444331013
2018-02-02 16:18:00,-0.11165428612207506
2018-02-02 16:21:00,0.12493965569365173
2018-02-02 16:24:00,0.06443862926494148
2018-02-02 16:27:00,0.08577754964289852
2018-02-02 16:30:00,-0.04352361817717565
2018-02-02 16:33:00,-0.008152437385547273
2018-02-02 16:36:00,0.056717595240854735
2018-02-02 16:39:00,0.14134207280056899
2018-02-02 16:42:00,0.00411677442502878
2018-02-02 16:45:00,-0.038240341888865714
2018-02-02 16:48:00,-0.008336529457665165
2018-02-02 16:51:00,0.1644083429529246
2018-02-02 16:54:00,0.09391959395691174
2018-02-02 16:57:00,0.15365990025833298
2018-02-02 17:00:00,-0.025112404697665625
2018-02-02 17:03:00,-0.0692972032905459
2018-02-02 17:06:00,-0.14744203356150365
2018-02-02 17:09:00,-0.11183277161370597
2018-02-02 17:12:00,-0.10447290659112696
2018-02-02 17:15:00,0.08482384546761068
2018-02-02 17:18:00,0.057710059006922165
2018-02-02 17:21:00,0.11400681994695105
2018-02-02 17:24:00,0.05000094189955462
2018-02-02 17:27:00,0.007000925593615648
2018-02-02 17:30:00,0.05952065667509032
2018-02-02 17:33:00,0.04064564534832016
2018-02-02 17:36:00,0.030981963109923072
2018-02-02 17:39:00,0.0019792968636238584
2018-02-02 17:42:00,-0.013433611817163182
2018-02-02 17:45:00,0.00726368209541306
2018-02-02 17:48:00,0.18244862194723055
2018-02-02 17:51:00,0.17070219404882891
2018-02-02 17:54:00,0.13729778434611717
2018-02-02 17:57:00,0.4472802303747585
2018-02-02 18:00:00,0.2353866488906533
2018-02-02 18:03:00,0.2585130597556713
2018-02-02 18:06:00,0.08667257212783852
2018-02-02 18:09:00,0.17682073817269384
2018-02-02 18:12:00,0.2454904351287155
2018-02-02 18:15:00,0.14500553756840873
2018-02-02 18:18:00,0.249788395686096
2018-02-02 18:21:00,0.26845622247265055
2018-02-02 18:24:00,0.46296808823404945
2018-02-02 18:27:00,0.5144644418545568
2018-02-02 18:30:00,0.40745986478015084
2018-02-02 18:33:00,0.5720480221394837
2018-02-02 18:36:00,0.6398671420354844
2018-02-02 18:39:00,0.43854467962188437
2018-02-02 18:42:00,0.5103248729311645
2018-02-02 18:45:00,0.39433448314093766
2018-02-02 18:48:00,0.28108608280820135
2018-02-02 18:51:00,0.4198820460215984
2018-02-02 18:54:00,
2018-02-02 18:57:00,
2018-02-02 19:00:00,
2018-02-02 19:03:00,0.3121992217666616
2018-02-02 19:06:00,0.425693779738765
2018-02-02 19:09:00,0.4845736457323824
2018-02-02 19:12:00,0.4416208770895764
2018-02-02 19:15:00,0.5338762717543659
2018-02-02 19:18:00,0.5694411091474194
2018-02-02 19:21:00,0.6907232566148309
2018-02-02 19:24:00,0.6994305623676382
2018-02-02 19:27:00,0.8866832025182134
2018-02-02 19:30:00,0.8905147107337257
2018-02-02 19:33:00,0.8642200623458507
2018-02-02 19:36:00,0.9690620652831967
2018-02-02 19:39:00,0.7935371777932119
2018-02-02 19:42:00,0.8511947462347962
2018-02-02 19:45:00,0.8116618214249911
2018-02-02 19:48:00,1.0098927940713907
2018-02-02 19:51:00,0.9030692153400537
2018-02-02 19:54:00,0.9222805440379602
2018-02-02 19:57:00,0.9475608355498366
2018-02-02 20:00:00,0.7589671014991382
2018-02-02 20:03:00,0.7676907801420043
2018-02-02 20:06:00,0.5394025003756724
2018-02-02 20:09:00,0.5287846388971502
2018-02-02 20:12:00,0.6112430673786093
2018-02-02 20:15:00,0.5223018912483894
2018-02-02 20:18:00,0.561371846761233
2018-02-02 20:21:00,0.5894261197749984
2018-02-02 20:24:00,0.4536100557587588
2018-02-02 20:27:00,0.539866074980921
2018-02-02 20:30:00,0.4100156634505083
2018-02-02 20:33:00,0.47409583077865136
2018-02-02 20:36:00,0.5385261963555195
2018-02-02 20:39:00,0.5037321458103179
2018-02-02 20:42:00,0.43467338614181017
2018-02-02 20:45:00,0.4268990657342897
2018-02-02 20:48:00,0.4679007410603049
2018-02-02 20:51:00,0.4705446395034869
2018-02-02 20:54:00,0.5856848888647619
2018-02-02 20:57:00,0.49010704785121106
2018-02-02 21:00:00,0.47082352363310065
2018-02-02 21:03:00,0.5062382387420712
2018-02-02 21:06:00,0.5786143493184
2018-02-02 21:09:00,0.6004267041296885
2018-02-02 21:12:00,0.38267459412963944
2018-02-02 21:15:00,0.43159997373959413
2018-02-02 21:18:00,0.5489747400508236
2018-02-02 21:21:00,0.543352908490192
2018-02-02 21:24:00,0.4276081017815727
2018-02-02 21:27:00,0.41014018328115753
2018-02-02 21:30:00,0.47569621164194587
2018-02-02 21:33:00,0.27514050928937195
2018-02-02 21:36:00,0.37812660252438945
2018-02-02 21:39:00,0.44288992325999743
2018-02-02 21:42:00,0.37550516540454737
2018-02-02 21:45:00,0.5084775330935258
2018-02-02 21:48:00,0.3265201429708213
2018-02-02 21:51:00,0.3803545472043197
2018-02-02 21:54:00,0.41565456143860047
2018-02-02 21:57:00,0.3500983476707802
2018-02-02 22:00:00,0.4262243487949604
2018-02-02 22:03:00,0.4273215693135626
2018-02-02 22:06:00,0.4417043580696145
2018-02-02 22:09:00,0.43300771731429677
2018-02-02 22:12:00,0.39385932280430325
2018-02-02 22:15:00,0.28377445252448297
2018-02-02 22:18:00,0.532419430544735
2018-02-02 22:21:00,0.41580281154136856
2018-02-02 22:24:00,0.5313615197883905
2018-02-02 22:27:00,0.45918982558953303
2018-02-02 22:30:00,0.45334219440889
2018-02-02 22:33:00,0.6109149443059323
2018-02-02 22:36:00,0.455752348914757
2018-02-02 22:39:00,0.7329703573531674
2018-02-02 22:42:00,0.7587709834778593
2018-02-02 22:45:00,0.6918634778540991
2018-02-02 22:48:00,0.5998312912314532
2018-02-02 22:51:00,0.5067450951914907
2018-02-02 22:54:00,0.6107864122942601
2018-02-02 22:57:00,0.5245735033767005
2018-02-02 23:00:00,0.6606967308914022
2018-02-02 23:03:00,0.5731465103866071
2018-02-02 23:06:00,0.5111905921904736
2018-02-02 23:09:00,0.43407805284130063
2018-02-02 23:12:00,0.4099603126215925
2018-02-02 23:15:00,0.41229744685557534
2018-02-02 23:18:00,0.3907120326740028
2018-02-02 23:21:00,0.45417309398453654
2018-02-02 23:24:00,0.5242028062942836
2018-02-02 23:27:00,0.5170991037818453
2018-02-02 23:30:00,0.44860697379334624
2018-02-02 23:33:00,0.5380187273329398
2018-02-02 23:36:00,0.51974359527361
2018-02-02 23:39:00,0.5306920142920717
2018-02-02 23:42:00,0.5083588037699656
2018-02-02 23:45:00,0.4570557019441708
2018-02-02 23:48:00,0.5821775729917817
2018-02-02 23:51:00,0.515183377608821
2018-02-02 23:54:00,0.6551663948282567
2018-02-02 23:57:00,0.6547487265860923
2018-02-03 00:00:00,0.6715649619438864
2018-02-03 00:03:00,0.694741144558634
2018-02-03 00:06:00,0.7018911520943902
2018-02-03 00:09:00,0.6973719678262
2018-02-03 00:12:00,0.6940966680784868
2018-02-03 00:15:00,0.751785341521952
2018-02-03 00:18:00,0.6227461509413956
2018-02-03 00:21:00,0.5749946835830428
2018-02-03 00:24:00,0.5434723343152541
2018-02-03 00:27:00,0.468185235578062
2018-02-03 00:30:00,0.4159276790850299
2018-02-03 00:33:00,0.28466149628241055
2018-02-03 00:36:00,0.1850755465778775
2018-02-03 00:39:00,0.4131198765884392
2018-02-03 00:42:00,0.3577478170760173
2018-02-03 00:45:00,0.35972756912224213
2018-02-03 00:48:00,0.3186401552833331
2018-02-03 00:51:00,0.31636619146041767
2018-02-03 00:54:00,0.43080455268273
2018-02-03 00:57:00,0.43794714179301764
2018-02-03 01:00:00,0.44093272926807003
2018-02-03 01:03:00,0.5185071087513506
2018-02-03 01:06:00,0.4633254525937218
2018-02-03 01:09:00,0.40715868924189635
2018-02-03 01:12:00,0.45666337541979374
2018-02-03 01:15:00,0.4547105729782288
2018-02-03 01:18:00,0.4885467856456671
2018-02-03 01:21:00,0.47761283056587445
2018-02-03 01:24:00,0.47703600742363506
2018-02-03 01:27:00,0.6071894878760418
2018-02-03 01:30:00,0.4793044705040188
2018-02-03 01:33:00,0.5525911255282949
2018-02-03 01:36:00,0.5951892393974845
2018-02-03 01:39:00,0.5723748081344979
2018-02-03 01:42:00,0.6161418696126475
2018-02-03 01:45:00,0.5626043320950771
2018-02-03 01:48:00,0.64293222145551
2018-02-03 01:51:00,0.6887308945957216
2018-02-03 01:54:00,0.5882573991636377
2018-02-03 01:57:00,0.5745339420456617
2018-02-03 02:00:00,0.6552455274421618
2018-02-03 02:03:00,0.5098573399966995
2018-02-03 02:06:00,0.5463596829440007
2018-02-03 02:09:00,0.5920120014353074
2018-02-03 02:12:00,0.5872973966380073
2018-02-03 02:15:00,0.6166068376568319
2018-02-03 02:18:00,0.6781442265595388
2018-02-03 02:21:00,0.6762367996819307
2018-02-03 02:24:00,0.5201368786756575
2018-02-03 02:27:00,0.5154195657871696
2018-02-03 02:30:00,0.5085839272867361
2018-02-03 02:33:00,0.544294341670593
2018-02-03 02:36:00,0.5644551341384272
2018-02-03 02:39:00,0.5941914606239607
2018-02-03 02:42:00,0.6041691184640854
2018-02-03 02:45:00,0.6753813798661099
2018-02-03 02:48:00,0.718482466429009
2018-02-03 02:51:00,0.5697692463529052
2018-02-03 02:54:00,0.586295123978914
2018-02-03 02:57:00,0.5517924423683667
2018-02-03 03:00:00,0.6299802265088488
2018-02-03 03:03:00,0.6561060897625453
2018-02-03 03:06:00,0.6324527788133878
2018-02-03 03:09:00,0.6564984709302166
2018-02-03 03:12:00,0.7076753259447628
2018-02-03 03:15:00,0.6208308188612932
2018-02-03 03:18:00,0.6816135385620328
2018-02-03 03:21:00,0.5617187402614832
2018-02-03 03:24:00,0.6395245007730068
2018-02-03 03:27:00,0.7432016712729705
2018-02-03 03:30:00,0.6015380880803036
2018-02-03 03:33:00,0.7688744919576607
2018-02-03 03:36:00,0.618725856552544
2018-02-03 03:39:00,0.6059750526018206
2018-02-03 03:42:00,0.6761217633301726
2018-02-03 03:45:00,0.6877090168534323
2018-02-03 03:48:00,0.6036961607165381
2018-02-03 03:51:00,0.7145977394569627
2018-02-03 03:54:00,0.68617974352901
2018-02-03 03:57:00,0.6747706238704154
2018-02-03 04:00:00,0.5447953018925205
2018-02-03 04:03:00,0.49278556877015944
2018-02-03 04:06:00,0.601717324646927
2018-02-03 04:09:00,0.5642500174468523
2018-02-03 04:12:00,0.5837114453882464
2018-02-03 04:15:00,0.5835254200081295
2018-02-03 04:18:00,0.677886358134117
2018-02-03 04:21:00,0.5684203780284065
2018-02-03 04:24:00,0.6098424212041778
2018-02-03 04:27:00,0.6152969096777952
2018-02-03 04:30:00,0.721287866893249
2018-02-03 04:33:00,0.4858130839892283
2018-02-03 04:36:00,0.5912965481293782
2018-02-03 04:39:00,0.5860682489746409
2018-02-03 04:42:00,0.6331413948880709
2018-02-03 04:45:00,0.6510005217469939
2018-02-03 04:48:00,0.6428948309766724
2018-02-03 04:51:00,0.6575090718517345
2018-02-03 04:54:00,0.5757200195739642
2018-02-03 04:57:00,0.6221713573173702
2018-02-03 05:00:00,0.6611202708994028
2018-02-03 05:03:00,0.5423313146472992
2018-02-03 05:06:00,0.556764114520945
2018-02-03 05:09:00,0.5869580043583369
2018-02-03 05:12:00,0.4896603386710012
2018-02-03 05:15:00,0.4459118042579462
2018-02-03 05:18:00,0.43793226635466453
2018-02-03 05:21:00,0.46368589931586257
2018-02-03 05:24:00,0.5219255544053567
2018-02-03 05:27:00,0.545612837996373
2018-02-03 05:30:00,0.5785142177941225
2018-02-03 05:33:00,0.5010598954271472
2018-02-03 05:36:00,0.5469379187612731
2018-02-03 05:39:00,0.6124278902497053
2018-02-03 05:42:00,0.4514655418436746
2018-02-03 05:45:00,0.5816303066563933
2018-02-03 05:48:00,0.48491206531917896
2018-02-03 05:51:00,0.5156288156310325
2018-02-03 05:54:00,0.5361474233104673
2018-02-03 05:57:00,0.6190053506908839
2018-02-03 06:00:00,0.6206630863889586
2018-02-03 06:03:00,0.5169191404062303
2018-02-03 06:06:00,0.5258384406886307
2018-02-03 06:09:00,0.5983410533843312
2018-02-03 06:12:00,0.5504630362676153
2018-02-03 06:15:00,0.5673561337260935
2018-02-03 06:18:00,0.6524692827938452
2018-02-03 06:21:00,0.5732043749750915
2018-02-03 06:24:00,0.5735709456901077
2018-02-03 06:27:00,0.5066894862467279
2018-02-03 06:30:00,0.5890797345126657
2018-02-03 06:33:00,0.5217339578680935
2018-02-03 06:36:00,0.6605642625445398
2018-02-03 06:39:00,0.5837252523054985
2018-02-03 06:42:00,0.5717178299476018
2018-02-03 06:45:00,0.40754862268897796
2018-02-03 06:48:00,0.5579928458988093
2018-02-03 06:51:00,0.5365324087408112
2018-02-03 06:54:00,0.4826354937685551
2018-02-03 06:57:00,0.5656016989605064
2018-02-03 07:00:00,0.5813058119010748
2018-02-03 07:03:00,0.4434476154945628
2018-02-03 07:06:00,0.44279036386018333
2018-02-03 07:09:00,0.5730217559658968
2018-02-03 07:12:00,0.590173828293814
2018-02-03 07:15:00,0.48837914507504365
2018-02-03 07:18:00,0.5654737617427941
2018-02-03 07:21:00,0.543218141974819
2018-02-03 07:24:00,0.52912590730989
2018-02-03 07:27:00,0.5883342004919427
2018-02-03 07:30:00,0.6729124515543958
2018-02-03 07:33:00,0.7031234391939734
2018-02-03 07:36:00,0.6272452372924704
2018-02-03 07:39:00,0.5596004289146777
2018-02-03 07:42:00,0.5559962807368493
2018-02-03 07:45:00,0.4926360814098416
2018-02-03 07:48:00,0.6112862726320145
2018-02-03 07:51:00,0.6878703640632011
2018-02-03 07:54:00,0.511620087876338
2018-02-03 07:57:00,0.559770956017303
2018-02-03 08:00:00,0.4420807530308366
2018-02-03 08:03:00,0.615399896181998
2018-02-03 08:06:00,0.6064751104896118
2018-02-03 08:09:00,0.5207321937885467
2018-02-03 08:12:00,0.6440801419999502
2018-02-03 08:15:00,0.4934473544109892
2018-02-03 08:18:00,0.620857269546434
2018-02-03 08:21:00,0.5529158138219827
2018-02-03 08:24:00,0.4920734439313037
2018-02-03 08:27:00,0.5007368807367243
2018-02-03 08:30:00,0.56366111354248
2018-02-03 08:33:00,0.5563860957833526
2018-02-03 08:36:00,0.5054106621664118
2018-02-03 08:39:00,0.5451979563028431
2018-02-03 08:42:00,0.5847233255337869
2018-02-03 08:45:00,0.5609681677751155
2018-02-03 08:48:00,0.5685340586439906
2018-02-03 08:51:00,0.6050271434215801
2018-02-03 08:54:00,0.4175013978112929
2018-02-03 08:57:00,0.5583938695097004
2018-02-03 09:00:00,0.49329511317085917
2018-02-03 09:03:00,0.45520994658340896
2018-02-03 09:06:00,0.4576151062659619
2018-02-03 09:09:00,0.49367487904743257
2018-02-03 09:12:00,0.4301130796094981
2018-02-03 09:15:00,0.48452105913270316
2018-02-03 09:18:00,0.44914361346360465
2018-02-03 09:21:00,0.3519517771388223
2018-02-03 09:24:00,0.47458251386734673
2018-02-03 09:27:00,0.42182126426928335
2018-02-03 09:30:00,0.4405395317560874
2018-02-03 09:33:00,0.37825094820090044
2018-02-03 09:36:00,0.4710795192424939
2018-02-03 09:39:00,0.44122224723469117
2018-02-03 09:42:00,0.42054073199835784
2018-02-03 09:45:00,0.3484869186737001
2018-02-03 09:48:00,0.45874769110696434
2018-02-03 09:51:00,0.4166231272231471
2018-02-03 09:54:00,0.35962613339552263
2018-02-03 09:57:00,0.4700219883837917
2018-02-03 10:00:00,0.46643159252352007
2018-02-03 10:03:00,0.39587385978796874
2018-02-03 10:06:00,0.4206644043131291
2018-02-03 10:09:00,0.43070992842535816
2018-02-03 10:12:00,0.4514489642165813
2018-02-03 10:15:00,0.3746138310452807
2018-02-03 10:18:00,0.3892594875796931
2018-02-03 10:21:00,0.44665720932277964
2018-02-03 10:24:00,0.3748647982171178
2018-02-03 10:27:00,0.46116517267512336
2018-02-03 10:30:00,0.4154728600611861
2018-02-03 10:33:00,0.4100306665283142
2018-02-03 10:36:00,0.5037255838855117
2018-02-03 10:39:00,0.36417506463590144
2018-02-03 10:42:00,0.3341647687747695
2018-02-03 10:45:00,0.2916681417275413
2018-02-03 10:48:00,0.2841158317908139
2018-02-03 10:51:00,0.41985173901923645
2018-02-03 10:54:00,0.27332634625389574
2018-02-03 10:57:00,0.35711559887533895
2018-02-03 11:00:00,0.393848472419279
2018-02-03 11:03:00,0.33255844397439205
2018-02-03 11:06:00,0.42495411304497566
2018-02-03 11:09:00,0.39655807279774535
2018-02-03 11:12:00,0.36191526662531714
2018-02-03 11:15:00,0.30962972350533846
2018-02-03 11:18:00,0.38578061681380404
2018-02-03 11:21:00,0.30967244714503295
2018-02-03 11:24:00,0.35113045661546494
2018-02-03 11:27:00,0.30972606011789594
2018-02-03 11:30:00,0.3097604666869529
2018-02-03 11:33:00,0.3694866564381982
2018-02-03 11:36:00,0.2865275350030174
2018-02-03 11:39:00,0.3535900547861388
2018-02-03 11:42:00,0.3219181051532587
2018-02-03 11:45:00,0.3442514359505253
2018-02-03 11:48:00,0.22451898789819325
2018-02-03 11:51:00,0.21288781727628248
2018-02-03 11:54:00,0.2604971906650917
2018-02-03 11:57:00,0.2974474896130914
2018-02-03 12:00:00,0.21630532056752827
2018-02-03 12:03:00,0.261859086866707
2018-02-03 12:06:00,0.28383076233745896
2018-02-03 12:09:00,0.3668733044213468
2018-02-03 12:12:00,0.2575696552196405
2018-02-03 12:15:00,0.30875774642436227
2018-02-03 12:18:00,0.25854750222970324
2018-02-03 12:21:00,0.3088819542219312
2018-02-03 12:24:00,0.22007578698946872
2018-02-03 12:27:00,0.34171149901033004
2018-02-03 12:30:00,0.3167971596314487
2018-02-03 12:33:00,0.29228786665174766
2018-02-03 12:36:00,0.3453581080439676
2018-02-03 12:39:00,0.2796356117341361
2018-02-03 12:42:00,0.3395237865375975
2018-02-03 12:45:00,0.4479593026010207
2018-02-03 12:48:00,0.3033035700450455
2018-02-03 12:51:00,0.41643356973503387
2018-02-03 12:54:00,0.3550774517237869
2018-02-03 12:57:00,0.3265979970851731
2018-02-03 13:00:00,0.37451407216468624
2018-02-03 13:03:00,0.3442533462154529
2018-02-03 13:06:00,0.4138245762591737
2018-02-03 13:09:00,0.4088724820209677
2018-02-03 13:12:00,0.44745762709305836
2018-02-03 13:15:00,0.44812414737833706
2018-02-03 13:18:00,0.3480016079607253
2018-02-03 13:21:00,0.46798034371988706
2018-02-03 13:24:00,0.43471205173386807
2018-02-03 13:27:00,0.31508886292937177
2018-02-03 13:30:00,0.37097827465390765
2018-02-03 13:33:00,0.41470427305671365
2018-02-03 13:36:00,0.4104749006374391
2018-02-03 13:39:00,0.46129085950531135
2018-02-03 13:42:00,0.29769799419744913
2018-02-03 13:45:00,0.3640054654726441
2018-02-03 13:48:00,0.35475218270755704
2018-02-03 13:51:00,0.297808747500369
2018-02-03 13:54:00,0.3227311287366206
2018-02-03 13:57:00,0.34330629786973077
2018-02-03 14:00:00,0.3934246243402981
2018-02-03 14:03:00,0.42387439926034176
2018-02-03 14:06:00,0.38373653127433727
2018-02-03 14:09:00,0.347405945219748
2018-02-03 14:12:00,0.3653716410834704
2018-02-03 14:15:00,0.28408109443006424
2018-02-03 14:18:00,0.29884763050966967
2018-02-03 14:21:00,0.19778601862248024
2018-02-03 14:24:00,0.3272071678747466
2018-02-03 14:27:00,0.13974149155984605
2018-02-03 14:30:00,0.13860504672328489
2018-02-03 14:33:00,0.23814533670093851
2018-02-03 14:36:00,0.1287969993326783
2018-02-03 14:39:00,0.09543838831137919
2018-02-03 14:42:00,0.1566801070115389
2018-02-03 14:45:00,0.09542500553720856
2018-02-03 14:48:00,0.15296557960266455
2018-02-03 14:51:00,0.15121875526267559
2018-02-03 14:54:00,0.12112988610346065
2018-02-03 14:57:00,0.22389019067566096
2018-02-03 15:00:00,0.1413669170270282
2018-02-03 15:03:00,0.15292128557371143
2018-02-03 15:06:00,0.1959930114583699
2018-02-03 15:09:00,0.224054063317908
2018-02-03 15:12:00,0.20240732752773738
2018-02-03 15:15:00,0.27788321160886653
2018-02-03 15:18:00,0.13389930914587467
2018-02-03 15:21:00,0.3077663552352874
2018-02-03 15:24:00,0.13609702996859596
2018-02-03 15:27:00,0.3399134366595149
2018-02-03 15:30:00,0.137003625096213
2018-02-03 15:33:00,0.15441442646402948
2018-02-03 15:36:00,0.11270772828532927
2018-02-03 15:39:00,0.1555080298897451
2018-02-03 15:42:00,0.18565716014131795
2018-02-03 15:45:00,0.1759711325888702
2018-02-03 15:48:00,0.07749344155433846
2018-02-03 15:51:00,0.19562965062812054
2018-02-03 15:54:00,0.22735116884416584
2018-02-03 15:57:00,0.21363578361530244
2018-02-03 16:00:00,0.24367377087156683
2018-02-03 16:03:00,0.14918291506234027
2018-02-03 16:06:00,0.3370816918311448
2018-02-03 16:09:00,0.21133301964835027
2018-02-03 16:12:00,0.27201818724455507
2018-02-03 16:15:00,0.275132844199959
2018-02-03 16:18:00,0.258262094628833
2018-02-03 16:21:00,0.29295279537996066
2018-02-03 16:24:00,0.2981328917900328
2018-02-03 16:27:00,0.2756628366161067
2018-02-03 16:30:00,0.2419383167587057
2018-02-03 16:33:00,0.1699401125777058
2018-02-03 16:36:00,0.2550303478801652
2018-02-03 16:39:00,0.23794712332346535
2018-02-03 16:42:00,0.19317117322606236
2018-02-03 16:45:00,0.20711559727880058
2018-02-03 16:48:00,0.21318725871134347
2018-02-03 16:51:00,0.24967101819169102
2018-02-03 16:54:00,0.24664160208016028
2018-02-03 16:57:00,0.281104769657361
2018-02-03 17:00:00,0.21254311789613212
2018-02-03 17:03:00,0.19135063110559258
2018-02-03 17:06:00,0.23310848920590388
2018-02-03 17:09:00,0.29157586972826266
2018-02-03 17:12:00,0.156694270737205
2018-02-03 17:15:00,0.0852255646441904
2018-02-03 17:18:00,0.07857893282670148
2018-02-03 17:21:00,0.22511755925648913
2018-02-03 17:24:00,0.19503004953674008
2018-02-03 17:27:00,0.20853724688140574
2018-02-03 17:30:00,0.2892519155257105
2018-02-03 17:33:00,0.22287820112291
2018-02-03 17:36:00,0.2946964843551996
2018-02-03 17:39:00,0.13370660317872307
2018-02-03 17:42:00,0.13276187136682438
2018-02-03 17:45:00,0.2065844837513282
2018-02-03 17:48:00,0.17144864279822514
2018-02-03 17:51:00,0.19673920120629873
2018-02-03 17:54:00,0.20460126077460927
2018-02-03 17:57:00,0.18732701124946516
2018-02-03 18:00:00,0.18142157348449928
2018-02-03 18:03:00,0.15677892066867116
2018-02-03 18:06:00,0.13128888312405707
2018-02-03 18:09:00,0.10229474078846579
2018-02-03 18:12:00,0.2897021426169317
2018-02-03 18:15:00,0.11370705050762808
2018-02-03 18:18:00,0.21054992520475935
2018-02-03 18:21:00,0.20676461482344166
2018-02-03 18:24:00,0.22378014130305246
2018-02-03 18:27:00,0.24795582648727077
2018-02-03 18:30:00,0.2488355906423294
2018-02-03 18:33:00,0.13159937059913318
2018-02-03 18:36:00,0.2571537579534606
2018-02-03 18:39:00,0.2994316448053951
2018-02-03 18:42:00,0.24939408876412017
2018-02-03 18:45:00,0.20749021504508391
2018-02-03 18:48:00,0.21226041241715166
2018-02-03 18:51:00,0.27031373634093825
2018-02-03 18:54:00,
2018-02-03 18:57:00,
2018-02-03 19:00:00,
2018-02-03 19:03:00,0.27640428483476853
2018-02-03 19:06:00,0.2764115577596158
2018-02-03 19:09:00,0.3123106605326029
2018-02-03 19:12:00,0.26689135407985987
2018-02-03 19:15:00,0.29399975118752764
2018-02-03 19:18:00,0.2063593283290288
2018-02-03 19:21:00,0.3357894826988854
2018-02-03 19:24:00,0.2472359777864881
2018-02-03 19:27:00,0.38991259218948926
2018-02-03 19:30:00,0.34964050023404525
2018-02-03 19:33:00,0.29090499781949575
2018-02-03 19:36:00,0.36686452190531327
2018-02-03 19:39:00,0.35939521281193265
2018-02-03 19:42:00,0.3348774130786296
2018-02-03 19:45:00,0.23108291398705205
2018-02-03 19:48:00,0.25132357735083133
2018-02-03 19:51:00,0.15939714215613776
2018-02-03 19:54:00,0.28058793956262207
2018-02-03 19:57:00,0.2918703901314643
2018-02-03 20:00:00,0.34862950638591883
2018-02-03 20:03:00,0.29873852318809213
2018-02-03 20:06:00,0.30967235819912275
2018-02-03 20:09:00,0.3362532003575893
2018-02-03 20:12:00,0.311982534924482
2018-02-03 20:15:00,0.3364515147218867
2018-02-03 20:18:00,0.28601901600717383
2018-02-03 20:21:00,0.3271446825614248
2018-02-03 20:24:00,0.31035361948335094
2018-02-03 20:27:00,0.19826884371593678
2018-02-03 20:30:00,0.4169942333390395
2018-02-03 20:33:00,0.2839503561598917
2018-02-03 20:36:00,0.3606540845987638
2018-02-03 20:39:00,0.29116553053057714
2018-02-03 20:42:00,0.3880413937311573
2018-02-03 20:45:00,0.4868002251996586
2018-02-03 20:48:00,0.38519307011250703
2018-02-03 20:51:00,0.47500410154873407
2018-02-03 20:54:00,0.3373582304080287
2018-02-03 20:57:00,0.4113507579837119
2018-02-03 21:00:00,0.40274308649509294
2018-02-03 21:03:00,0.3589771467619016
2018-02-03 21:06:00,0.3411512782795967
2018-02-03 21:09:00,0.2941247580792492
2018-02-03 21:12:00,0.3886990261785854
2018-02-03 21:15:00,0.35815078132475264
2018-02-03 21:18:00,0.46516030346748494
2018-02-03 21:21:00,0.47312635618135346
2018-02-03 21:24:00,0.43502338327948564
2018-02-03 21:27:00,0.32457809830185624
2018-02-03 21:30:00,0.3190310318492493
2018-02-03 21:33:00,0.3292613970153866
2018-02-03 21:36:00,0.42041487973483527
2018-02-03 21:39:00,0.396115773787983
2018-02-03 21:42:00,0.4007526663680778
2018-02-03 21:45:00,0.3671144399903028
2018-02-03 21:48:00,0.3591658738603769
2018-02-03 21:51:00,0.29471333612752915
2018-02-03 21:54:00,0.34608867980153946
2018-02-03 21:57:00,0.3599402059120962
2018-02-03 22:00:00,0.4503500890152736
2018-02-03 22:03:00,0.4137676590506203
2018-02-03 22:06:00,0.41522522132862605
2018-02-03 22:09:00,0.3353633492362178
2018-02-03 22:12:00,0.3322258994207914
2018-02-03 22:15:00,0.45308740526832025
2018-02-03 22:18:00,0.41855210733280046
2018-02-03 22:21:00,0.4503375493956696
2018-02-03 22:24:00,0.45301689066320705
2018-02-03 22:27:00,0.3658987794899531
2018-02-03 22:30:00,0.5314894348214239
2018-02-03 22:33:00,0.4682514327534477
2018-02-03 22:36:00,0.42185300108224055
2018-02-03 22:39:00,0.46142904611355107
2018-02-03 22:42:00,0.48494256907616773
2018-02-03 22:45:00,0.3648559307047208
2018-02-03 22:48:00,0.4161855875337892
2018-02-03 22:51:00,0.3926849699272452
2018-02-03 22:54:00,0.45875643008844236
2018-02-03 22:57:00,0.46978214276532526
2018-02-03 23:00:00,0.39891329838388856
2018-02-03 23:03:00,0.383947364798928
2018-02-03 23:06:00,0.3667418071700581
2018-02-03 23:09:00,0.45702375454425237
2018-02-03 23:12:00,0.4795126202416782
2018-02-03 23:15:00,0.4135617693943914
2018-02-03 23:18:00,0.49615533092026
2018-02-03 23:21:00,0.44556393767777536
2018-02-03 23:24:00,0.4226866711969137
2018-02-03 23:27:00,0.38449860726410634
2018-02-03 23:30:00,0.3653497559304242
2018-02-03 23:33:00,0.33307630227727714
2018-02-03 23:36:00,0.44514469884603614
2018-02-03 23:39:00,0.4104107919305875
2018-02-03 23:42:00,0.4211396481483689
2018-02-03 23:45:00,0.49069288887341145
2018-02-03 23:48:00,0.4352913262353013
2018-02-03 23:51:00,0.38539896215064573
2018-02-03 23:54:00,0.40798788638642236
2018-02-03 23:57:00,0.375833958604062
2018-02-04 00:00:00,0.4147602021086527
2018-02-04 00:03:00,0.4347150724908033
2018-02-04 00:06:00,0.473631987515148
2018-02-04 00:09:00,0.49198383526123735
2018-02-04 00:12:00,0.5300573321376874
2018-02-04 00:15:00,0.4590542552040233
2018-02-04 00:18:00,0.4466495148101899
2018-02-04 00:21:00,0.37322569482131485
2018-02-04 00:24:00,0.4557859231279622
2018-02-04 00:27:00,0.41628330624700993
2018-02-04 00:30:00,0.523190032006255
2018-02-04 00:33:00,0.4525485966298106
2018-02-04 00:36:00,0.5067378093133925
2018-02-04 00:39:00,0.369591940318287
2018-02-04 00:42:00,0.4625329434497871
2018-02-04 00:45:00,0.48813494417652237
2018-02-04 00:48:00,0.506395193722426
2018-02-04 00:51:00,0.5319568807050814
2018-02-04 00:54:00,0.48783704325018107
2018-02-04 00:57:00,0.3970505082383511
2018-02-04 01:00:00,0.46159187791164413
2018-02-04 01:03:00,0.43610217222521896
2018-02-04 01:06:00,0.44050087172212216
2018-02-04 01:09:00,0.48438437373113175
2018-02-04 01:12:00,0.4731042789735511
2018-02-04 01:15:00,0.3764434424608112
2018-02-04 01:18:00,0.49037172565095943
2018-02-04 01:21:00,0.500750133058375
2018-02-04 01:24:00,0.4496718511609288
2018-02-04 01:27:00,0.4484890536255648
2018-02-04 01:30:00,0.4707550878272855
2018-02-04 01:33:00,0.5279061106367635
2018-02-04 01:36:00,0.5520364413076209
2018-02-04 01:39:00,0.4856570071897295
2018-02-04 01:42:00,0.29030930937989297
2018-02-04 01:45:00,0.46642635066109506
2018-02-04 01:48:00,0.4087949822259702
2018-02-04 01:51:00,0.47130305767262826
2018-02-04 01:54:00,0.4902260799507303
2018-02-04 01:57:00,0.45155585420332045
2018-02-04 02:00:00,0.3961943972058748
2018-02-04 02:03:00,0.4221635155888066
2018-02-04 02:06:00,0.456894349327456
2018-02-04 02:09:00,0.5676888677499505
2018-02-04 02:12:00,0.47293024670375416
2018-02-04 02:15:00,0.42130952385952014
2018-02-04 02:18:00,0.47730288451867864
2018-02-04 02:21:00,0.5039250786624052
2018-02-04 02:24:00,0.48762454756172247
2018-02-04 02:27:00,0.5571829879398251
2018-02-04 02:30:00,0.4679162267054835
2018-02-04 02:33:00,0.4561849027756466
2018-02-04 02:36:00,0.5587201363696295
2018-02-04 02:39:00,0.537506177175544
2018-02-04 02:42:00,0.4452055277772047
2018-02-04 02:45:00,0.4710359351292368
2018-02-04 02:48:00,0.3592592668036332
2018-02-04 02:51:00,0.4727838909591924
2018-02-04 02:54:00,0.5062263730573022
2018-02-04 02:57:00,0.44112056811644607
2018-02-04 03:00:00,0.4608234230777839
2018-02-04 03:03:00,0.42399869926924794
2018-02-04 03:06:00,0.4856725792467387
2018-02-04 03:09:00,0.5149568950312187
2018-02-04 03:12:00,0.45113958865351833
2018-02-04 03:15:00,0.4205985547386035
2018-02-04 03:18:00,0.48695874685915896
2018-02-04 03:21:00,0.3274378478923836
2018-02-04 03:24:00,0.4793159051444036
2018-02-04 03:27:00,0.5244142140415988
2018-02-04 03:30:00,0.493199307125451
2018-02-04 03:33:00,0.5230584318807132
2018-02-04 03:36:00,0.48910010232413015
2018-02-04 03:39:00,0.4211357480224933
2018-02-04 03:42:00,0.5157161722153205
2018-02-04 03:45:00,0.4915180692578929
2018-02-04 03:48:00,0.5293089145209819
2018-02-04 03:51:00,0.5848683849473559
2018-02-04 03:54:00,0.5518502558470004
2018-02-04 03:57:00,0.6023136389298429
2018-02-04 04:00:00,0.5553017137155507
2018-02-04 04:03:00,0.5584474127226144
2018-02-04 04:06:00,0.5223406648657942
2018-02-04 04:09:00,0.5216135875082841
2018-02-04 04:12:00,0.5233551590631578
2018-02-04 04:15:00,0.439817386974255
2018-02-04 04:18:00,0.6831648266910975
2018-02-04 04:21:00,0.4070536921333314
2018-02-04 04:24:00,0.5407778207346041
2018-02-04 04:27:00,0.515530897862277
2018-02-04 04:30:00,0.575156422837722
2018-02-04 04:33:00,0.5781925754461668
2018-02-04 04:36:00,0.5857504406861267
2018-02-04 04:39:00,0.5629248108760976
2018-02-04 04:42:00,0.5413928548964009
2018-02-04 04:45:00,0.46973534579842635
2018-02-04 04:48:00,0.6019134676526505
2018-02-04 04:51:00,0.5101573168650475
2018-02-04 04:54:00,0.5090616138790551
2018-02-04 04:57:00,0.5388722257218888
2018-02-04 05:00:00,0.4216805501399108
2018-02-04 05:03:00,0.5304023504558018
2018-02-04 05:06:00,0.5376838354767983
2018-02-04 05:09:00,0.5144110215347268
2018-02-04 05:12:00,0.5759450667154056
2018-02-04 05:15:00,0.4176476970870908
2018-02-04 05:18:00,0.4543223998098824
2018-02-04 05:21:00,0.6264592567002296
2018-02-04 05:24:00,0.6021306700016567
2018-02-04 05:27:00,0.5381193550765033
2018-02-04 05:30:00,0.5606827894752087
2018-02-04 05:33:00,0.7100197814574472
2018-02-04 05:36:00,0.5296020196105928
2018-02-04 05:39:00,0.49733281211388203
2018-02-04 05:42:00,0.5609520935490195
2018-02-04 05:45:00,0.516699049311967
2018-02-04 05:48:00,0.6063794862441227
2018-02-04 05:51:00,0.49551476116306503
2018-02-04 05:54:00,0.4545065481727306
2018-02-04 05:57:00,0.5010917423412593
2018-02-04 06:00:00,0.6164147460222011
2018-02-04 06:03:00,0.49184120268864717
2018-02-04 06:06:00,0.5124461887849634
2018-02-04 06:09:00,0.5412707406759409
2018-02-04 06:12:00,0.5659533994441972
2018-02-04 06:15:00,0.5751286423551392
2018-02-04 06:18:00,0.5846773254729669
2018-02-04 06:21:00,0.576844656435469
2018-02-04 06:24:00,0.611171130057869
2018-02-04 06:27:00,0.6089247882563882
2018-02-04 06:30:00,0.5952166330331465
2018-02-04 06:33:00,0.6358069377415632
2018-02-04 06:36:00,0.5389549663032653
2018-02-04 06:39:00,0.44286349681442516
2018-02-04 06:42:00,0.5744014347796451
2018-02-04 06:45:00,0.5341292513060694
2018-02-04 06:48:00,0.6055299079748124
2018-02-04 06:51:00,0.5509739442987893
2018-02-04 06:54:00,0.5987583104763416
2018-02-04 06:57:00,0.5138398235405361
2018-02-04 07:00:00,0.6098205009438402
2018-02-04 07:03:00,0.5782537652831934
2018-02-04 07:06:00,0.5372286507075046
2018-02-04 07:09:00,0.4592501551888404
2018-02-04 07:12:00,0.6031545318358553
2018-02-04 07:15:00,0.5004486114775659
2018-02-04 07:18:00,0.4539204894171007
2018-02-04 07:21:00,0.5378665373243052
2018-02-04 07:24:00,0.6362688849572464
2018-02-04 07:27:00,0.5020776190642664
2018-02-04 07:30:00,0.506206439083769
2018-02-04 07:33:00,0.5574270970075759
2018-02-04 07:36:00,0.5647853280993331
2018-02-04 07:39:00,0.556868490395459
2018-02-04 07:42:00,0.5092009887684412
2018-02-04 07:45:00,0.4495508793413592
2018-02-04 07:48:00,0.47357721237642636
2018-02-04 07:51:00,0.529820731680843
2018-02-04 07:54:00,0.47311311164583003
2018-02-04 07:57:00,0.4816201217667526
2018-02-04 08:00:00,0.3961118991010153
2018-02-04 08:03:00,0.5091992887200263
2018-02-04 08:06:00,0.5206315588981738
2018-02-04 08:09:00,0.4557249381447832
2018-02-04 08:12:00,0.4610793114349576
2018-02-04 08:15:00,0.5307841323501066
2018-02-04 08:18:00,0.435980366595345
2018-02-04 08:21:00,0.4596547722828177
2018-02-04 08:24:00,0.42885475444046506
2018-02-04 08:27:00,0.48617476742396093
2018-02-04 08:30:00,0.5060091839258689
2018-02-04 08:33:00,0.33332754948685306
2018-02-04 08:36:00,0.3655453496784844
2018-02-04 08:39:00,0.4751189375256786
2018-02-04 08:42:00,0.4300446469526378
2018-02-04 08:45:00,0.38737972350747896
2018-02-04 08:48:00,0.440507990935032
2018-02-04 08:51:00,0.4083235155405305
2018-02-04 08:54:00,0.41548369841842714
2018-02-04 08:57:00,0.4691947571591868
2018-02-04 09:00:00,0.40525581514009446
2018-02-04 09:03:00,0.4044519173872345
2018-02-04 09:06:00,0.5188478537451147
2018-02-04 09:09:00,0.4183709289371791
2018-02-04 09:12:00,0.36664202186949524
2018-02-04 09:15:00,0.44874843862686475
2018-02-04 09:18:00,0.42941158089342935
2018-02-04 09:21:00,0.3901528240485277
2018-02-04 09:24:00,0.49535820278248366
2018-02-04 09:27:00,0.43938598538329643
2018-02-04 09:30:00,0.3731150804378558
2018-02-04 09:33:00,0.4588902717862311
2018-02-04 09:36:00,0.3983235066786506
2018-02-04 09:39:00,0.5430087134766381
2018-02-04 09:42:00,0.4697234460288655
2018-02-04 09:45:00,0.33129334499255947
2018-02-04 09:48:00,0.33319750106949186
2018-02-04 09:51:00,0.35983319872900665
2018-02-04 09:54:00,0.34324529425543915
2018-02-04 09:57:00,0.342852360280574
2018-02-04 10:00:00,0.3255709585067734
2018-02-04 10:03:00,0.3135426007901856
2018-02-04 10:06:00,0.21659522212087268
2018-02-04 10:09:00,0.1989049608370692
2018-02-04 10:12:00,0.2440084792185644
2018-02-04 10:15:00,0.2406904274677686
2018-02-04 10:18:00,0.33338505801106066
2018-02-04 10:21:00,0.24110587585676058
2018-02-04 10:24:00,0.1592396384011181
2018-02-04 10:27:00,0.23712481809883457
2018-02-04 10:30:00,0.3104467047940602
2018-02-04 10:33:00,0.21193085903615838
2018-02-04 10:36:00,0.2686742397460762
2018-02-04 10:39:00,0.1535113758752118
2018-02-04 10:42:00,0.20848816537562698
2018-02-04 10:45:00,0.2907818356357552
2018-02-04 10:48:00,0.1389815630546991
2018-02-04 10:51:00,0.2151524669786795
2018-02-04 10:54:00,0.03771095694003179
2018-02-04 10:57:00,0.1622299299884844
2018-02-04 11:00:00,0.15356931091497472
2018-02-04 11:03:00,0.2672514166546307
2018-02-04 11:06:00,0.2155098913111715
2018-02-04 11:09:00,0.23550742828575721
2018-02-04 11:12:00,0.16052649137679964
2018-02-04 11:15:00,0.22798963941784223
2018-02-04 11:18:00,0.17224969353191
2018-02-04 11:21:00,0.19359907055053327
2018-02-04 11:24:00,0.21409887195540023
2018-02-04 11:27:00,0.019808078033406673
2018-02-04 11:30:00,0.20571676751399082
2018-02-04 11:33:00,0.14947245785748464
2018-02-04 11:36:00,0.14822696758886877
2018-02-04 11:39:00,0.17075459088039224
2018-02-04 11:42:00,0.10126008879063875
2018-02-04 11:45:00,0.19497841612997036
2018-02-04 11:48:00,0.08701335763589668
2018-02-04 11:51:00,0.1694730711591319
2018-02-04 11:54:00,0.08604174677407173
2018-02-04 11:57:00,0.11785844521364197
2018-02-04 12:00:00,0.030295233933657073
2018-02-04 12:03:00,0.15107028940354894
2018-02-04 12:06:00,0.08202200588249298
2018-02-04 12:09:00,0.06376324010489043
2018-02-04 12:12:00,-0.002405324781989293
2018-02-04 12:15:00,-0.0014176092791444717
2018-02-04 12:18:00,0.007274933075393619
2018-02-04 12:21:00,0.033535508209297404
2018-02-04 12:24:00,-0.06932117526230286
2018-02-04 12:27:00,0.05752746573131162
2018-02-04 12:30:00,-0.05581891131203065
2018-02-04 12:33:00,-0.04046758672620854
2018-02-04 12:36:00,0.07620240592729033
2018-02-04 12:39:00,0.09747542920763408
2018-02-04 12:42:00,-0.11977687340339571
2018-02-04 12:45:00,-0.11041615925097403
2018-02-04 12:48:00,0.027230572926896457
2018-02-04 12:51:00,-0.004839260021640257
2018-02-04 12:54:00,-0.026428123462096664
2018-02-04 12:57:00,0.02243228453954771
2018-02-04 13:00:00,-0.07632807429325794
2018-02-04 13:03:00,-0.05984028937399444
2018-02-04 13:06:00,0.009388062770881334
2018-02-04 13:09:00,-0.05193252667010029
2018-02-04 13:12:00,-0.05192558773597966
2018-02-04 13:15:00,-0.11060954750303154
2018-02-04 13:18:00,-0.1008400477526834
2018-02-04 13:21:00,-0.04491274553851099
2018-02-04 13:24:00,0.018172501287892828
2018-02-04 13:27:00,-0.09906497135045811
2018-02-04 13:30:00,-0.13017050435274768
2018-02-04 13:33:00,-0.012198131433819981
2018-02-04 13:36:00,-0.14651425905060478
2018-02-04 13:39:00,-0.08510400938376961
2018-02-04 13:42:00,-0.17717438408777753
2018-02-04 13:45:00,-0.11765575993814537
2018-02-04 13:48:00,0.01119152143149904
2018-02-04 13:51:00,-0.09012151399872437
2018-02-04 13:54:00,-0.10607714284117264
2018-02-04 13:57:00,-0.011225862129265352
2018-02-04 14:00:00,-0.13743143286694703
2018-02-04 14:03:00,-0.01708458405124702
2018-02-04 14:06:00,-0.15112692756235901
2018-02-04 14:09:00,0.0036967932101674705
2018-02-04 14:12:00,-0.08407064425995259
2018-02-04 14:15:00,-0.11399452867686932
2018-02-04 14:18:00,-0.05721040139786737
2018-02-04 14:21:00,-0.0891772668962858
2018-02-04 14:24:00,-0.0688121422518293
2018-02-04 14:27:00,-0.010083765416823098
2018-02-04 14:30:00,0.03311577973045132
2018-02-04 14:33:00,-0.04896782943740163
2018-02-04 14:36:00,-0.062050478368917084
2018-02-04 14:39:00,0.05822921061115949
2018-02-04 14:42:00,-0.078262665170314
2018-02-04 14:45:00,-0.04032317143008868
2018-02-04 14:48:00,0.030292156043515206
2018-02-04 14:51:00,0.026786451541454426
2018-02-04 14:54:00,-0.04040739863341969
2018-02-04 14:57:00,0.03317357764683493
2018-02-04 15:00:00,-0.0731724064349919
2018-02-04 15:03:00,-0.015354453338773055
2018-02-04 15:06:00,0.01074397620942591
2018-02-04 15:09:00,-0.05023622524225857
2018-02-04 15:12:00,0.029852485987021282
2018-02-04 15:15:00,-0.1770115646277759
2018-02-04 15:18:00,0.19622287493899648
2018-02-04 15:21:00,0.03316772379844224
2018-02-04 15:24:00,0.028224689383080204
2018-02-04 15:27:00,0.07492019826906926
2018-02-04 15:30:00,0.07191140037031118
2018-02-04 15:33:00,0.06382865293721807
2018-02-04 15:36:00,0.24721907981563618
2018-02-04 15:39:00,0.16264736139459046
2018-02-04 15:42:00,0.18091959577844818
2018-02-04 15:45:00,0.11629969626557113
2018-02-04 15:48:00,0.29402223050902876
2018-02-04 15:51:00,0.03841527875624706
2018-02-04 15:54:00,0.09278492328729726
2018-02-04 15:57:00,0.04453357665011026
2018-02-04 16:00:00,0.08061655900570486
2018-02-04 16:03:00,0.1662669644646826
2018-02-04 16:06:00,0.13800687389300492
2018-02-04 16:09:00,-0.03701273895939039
2018-02-04 16:12:00,0.06730528028901972
2018-02-04 16:15:00,-0.09865340327968397
2018-02-04 16:18:00,0.03996283529863831
2018-02-04 16:21:00,0.057199149748043965
2018-02-04 16:24:00,-0.08986710615454285
2018-02-04 16:27:00,-0.018090181868217314
2018-02-04 16:30:00,-0.03997095663868322
2018-02-04 16:33:00,0.058628441059397574
2018-02-04 16:36:00,0.1761870957834617
2018-02-04 16:39:00,-0.005288105338365767
2018-02-04 16:42:00,0.08970154576286404
2018-02-04 16:45:00,0.15480788653593436
2018-02-04 16:48:00,0.1470284416927825
2018-02-04 16:51:00,0.22939717084506128
2018-02-04 16:54:00,0.10980326472321167
2018-02-04 16:57:00,0.12151701489608513
2018-02-04 17:00:00,0.14938251723839358
2018-02-04 17:03:00,0.09499677558386566
2018-02-04 17:06:00,0.07899415585097813
2018-02-04 17:09:00,0.09895693358248536
2018-02-04 17:12:00,-0.031671658362768085
2018-02-04 17:15:00,0.10217698957916355
2018-02-04 17:18:00,0.05701309586766001
2018-02-04 17:21:00,0.23887423040798694
2018-02-04 17:24:00,0.22552341662043318
2018-02-04 17:27:00,0.1388036970469102
2018-02-04 17:30:00,0.1737344284468918
2018-02-04 17:33:00,0.11501680054686858
2018-02-04 17:36:00,0.15903744499962613
2018-02-04 17:39:00,0.06760315747669665
2018-02-04 17:42:00,0.16832172871880857
2018-02-04 17:45:00,0.16569257055823527
2018-02-04 17:48:00,0.1378452900204934
2018-02-04 17:51:00,0.15056310231318548
2018-02-04 17:54:00,0.05185114400126167
2018-02-04 17:57:00,0.13226414538621611
2018-02-04 18:00:00,0.08332580539911305
2018-02-04 18:03:00,0.12239418905795674
2018-02-04 18:06:00,0.1385347435574431
2018-02-04 18:09:00,0.11781456906930998
2018-02-04 18:12:00,0.13051743105791047
2018-02-04 18:15:00,0.20323828295795465
2018-02-04 18:18:00,0.2873997493064735
2018-02-04 18:21:00,0.18068906934809092
2018-02-04 18:24:00,0.24617368751165714
2018-02-04 18:27:00,0.2424567405724929
2018-02-04 18:30:00,0.16787452456020446
2018-02-04 18:33:00,0.22641289811957677
2018-02-04 18:36:00,0.17209282629261224
2018-02-04 18:39:00,0.21616226312607978
2018-02-04 18:42:00,0.16214364998171504
2018-02-04 18:45:00,0.18408888148684355
2018-02-04 18:48:00,0.24355377730813643
2018-02-04 18:51:00,0.3189770490330943
2018-02-04 18:54:00,
2018-02-04 18:57:00,
2018-02-04 19:00:00,
2018-02-04 19:03:00,0.21668469354659692
2018-02-04 19:06:00,0.21642266866308546
2018-02-04 19:09:00,0.14057648635855458
2018-02-04 19:12:00,0.2570092147561809
2018-02-04 19:15:00,0.3129487216612006
2018-02-04 19:18:00,0.3077385564972701
2018-02-04 19:21:00,0.25379597851036806
2018-02-04 19:24:00,0.3455617637022783
2018-02-04 19:27:00,0.4235898261062516
2018-02-04 19:30:00,0.3289573412523623
2018-02-04 19:33:00,0.3350678332751613
2018-02-04 19:36:00,0.3653307101722021
2018-02-04 19:39:00,0.246185998406645
2018-02-04 19:42:00,0.2755463503258966
2018-02-04 19:45:00,0.4049940253175919
2018-02-04 19:48:00,0.349414266015458
2018-02-04 19:51:00,0.35288687631799576
2018-02-04 19:54:00,0.39742994291827927
2018-02-04 19:57:00,0.41334932617985487
2018-02-04 20:00:00,0.39274952206227454
2018-02-04 20:03:00,0.26980251205117156
2018-02-04 20:06:00,0.4317887673626615
2018-02-04 20:09:00,0.3809130822936595
2018-02-04 20:12:00,0.33510099226379
2018-02-04 20:15:00,0.2822353597527467
2018-02-04 20:18:00,0.2909770750965208
2018-02-04 20:21:00,0.3206440801640156
2018-02-04 20:24:00,0.36401656636161306
2018-02-04 20:27:00,0.3402576832596651
2018-02-04 20:30:00,0.3352872545522132
2018-02-04 20:33:00,0.4080880894537131
2018-02-04 20:36:00,0.4109875895323398
2018-02-04 20:39:00,0.33889918040966904
2018-02-04 20:42:00,0.43151075677019435
2018-02-04 20:45:00,0.36870660474994565
2018-02-04 20:48:00,0.36167518388668896
2018-02-04 20:51:00,0.33828700014680635
2018-02-04 20:54:00,0.32571023362328333
2018-02-04 20:57:00,0.3316302502927897
2018-02-04 21:00:00,0.29492742502969804
2018-02-04 21:03:00,0.2960948024863228
2018-02-04 21:06:00,0.3256566248430204
2018-02-04 21:09:00,0.46908945633327903
2018-02-04 21:12:00,0.30470040182211733
2018-02-04 21:15:00,0.37615633832359663
2018-02-04 21:18:00,0.3590199054373784
2018-02-04 21:21:00,0.2901848267183027
2018-02-04 21:24:00,0.42489952634730344
2018-02-04 21:27:00,0.31962522759869216
2018-02-04 21:30:00,0.3425878095967505
2018-02-04 21:33:00,0.4089729923064169
2018-02-04 21:36:00,0.37821629927861977
2018-02-04 21:39:00,0.37371614564216316
2018-02-04 21:42:00,0.3931480897900883
2018-02-04 21:45:00,0.3731501562108406
2018-02-04 21:48:00,0.521780516486956
2018-02-04 21:51:00,0.3809670120948567
2018-02-04 21:54:00,0.46268083042713215
2018-02-04 21:57:00,0.412929658262442
2018-02-04 22:00:00,0.48722595304013794
2018-02-04 22:03:00,0.34233216941441924
2018-02-04 22:06:00,0.5129309010050065
2018-02-04 22:09:00,0.4726025580063151
2018-02-04 22:12:00,0.5206870495136968
2018-02-04 22:15:00,0.5044309223831647
2018-02-04 22:18:00,0.4542027057756286
2018-02-04 22:21:00,0.43297221668865404
2018-02-04 22:24:00,0.47106798982770215
2018-02-04 22:27:00,0.43551820458918655
2018-02-04 22:30:00,0.42850520110556545
2018-02-04 22:33:00,0.40886673764424586
2018-02-04 22:36:00,0.4117345492483082
2018-02-04 22:39:00,0.4339014546955582
2018-02-04 22:42:00,0.41191927406441664
2018-02-04 22:45:00,0.49041004881280514
2018-02-04 22:48:00,0.5496047512420432
2018-02-04 22:51:00,0.4167158354824778
2018-02-04 22:54:00,0.3290035820396042
2018-02-04 22:57:00,0.45600255763446285
2018-02-04 23:00:00,0.436377726854289
2018-02-04 23:03:00,0.5818848392743803
2018-02-04 23:06:00,0.46677251720308277
2018-02-04 23:09:00,0.44960790378530646
2018-02-04 23:12:00,0.41550207354168833
2018-02-04 23:15:00,0.500703049424601
2018-02-04 23:18:00,0.5187109067721849
2018-02-04 23:21:00,0.5072832546727
2018-02-04 23:24:00,0.49685565843134327
2018-02-04 23:27:00,0.4824940963488302
2018-02-04 23:30:00,0.4849753319529668
2018-02-04 23:33:00,0.5553206994045468
2018-02-04 23:36:00,0.4566919809612955
2018-02-04 23:39:00,0.4666733882872336
2018-02-04 23:42:00,0.48129383226341815
2018-02-04 23:45:00,0.613775854656069
2018-02-04 23:48:00,0.5415530086430635
2018-02-04 23:51:00,0.4364780720104591
2018-02-04 23:54:00,0.3845184527447145
2018-02-04 23:57:00,0.4713633665327279
2018-02-05 00:00:00,0.4156863913451616
2018-02-05 00:03:00,0.49832511092495224
2018-02-05 00:06:00,0.49900068921260754
2018-02-05 00:09:00,0.5862113573199963
2018-02-05 00:12:00,0.46600589171032425
2018-02-05 00:15:00,0.48226009468288566
2018-02-05 00:18:00,0.485983113268901
2018-02-05 00:21:00,0.46944635448608096
2018-02-05 00:24:00,0.4091775994235718
2018-02-05 00:27:00,0.582031087498251
2018-02-05 00:30:00,0.5029131785947811
2018-02-05 00:33:00,0.49571393869808844
2018-02-05 00:36:00,0.5431673580745837
2018-02-05 00:39:00,0.4281797874315316
2018-02-05 00:42:00,0.47823174974598714
2018-02-05 00:45:00,0.4206677382692874
2018-02-05 00:48:00,0.505930235946721
2018-02-05 00:51:00,0.48349716018600475
2018-02-05 00:54:00,0.5367485914251802
2018-02-05 00:57:00,0.5433740766839605
2018-02-05 01:00:00,0.46183286454487416
2018-02-05 01:03:00,0.5470262457732247
2018-02-05 01:06:00,0.4650777775505617
2018-02-05 01:09:00,0.517871516848686
2018-02-05 01:12:00,0.6254920858134483
2018-02-05 01:15:00,0.5148971742752337
2018-02-05 01:18:00,0.4457808289058107
2018-02-05 01:21:00,0.5427425166382704
2018-02-05 01:24:00,0.43035818753099875
2018-02-05 01:27:00,0.5966945795954075
2018-02-05 01:30:00,0.6050128200717495
2018-02-05 01:33:00,0.5830601618056903
2018-02-05 01:36:00,0.35377363633017467
2018-02-05 01:39:00,0.525971622045688
2018-02-05 01:42:00,0.4742479956291845
2018-02-05 01:45:00,0.5136343533902732
2018-02-05 01:48:00,0.44972230660727064
2018-02-05 01:51:00,0.5191475217620791
2018-02-05 01:54:00,0.5162435247688109
2018-02-05 01:57:00,0.4935795420389013
2018-02-05 02:00:00,0.5017359715316161
2018-02-05 02:03:00,0.5424415607247965
2018-02-05 02:06:00,0.47455371953668646
2018-02-05 02:09:00,0.5450377752381996
2018-02-05 02:12:00,0.5684802859746583
2018-02-05 02:15:00,0.5945594213908976
2018-02-05 02:18:00,0.5619359995604327
2018-02-05 02:21:00,0.49666652663972854
2018-02-05 02:24:00,0.4373461724836716
2018-02-05 02:27:00,0.5297996751180563
2018-02-05 02:30:00,0.4683295997837149
2018-02-05 02:33:00,0.4644815870877892
2018-02-05 02:36:00,0.525144773692432
2018-02-05 02:39:00,0.46728973277225805
2018-02-05 02:42:00,0.45163026787520266
2018-02-05 02:45:00,0.546102646388988
2018-02-05 02:48:00,0.3679541038180787
2018-02-05 02:51:00,0.45430342251853517
2018-02-05 02:54:00,0.5118071635332058
2018-02-05 02:57:00,0.4635387325282636
2018-02-05 03:00:00,0.39232357312096156
2018-02-05 03:03:00,0.3817354451696815
2018-02-05 03:06:00,0.3166265820913168
2018-02-05 03:09:00,0.4286290026842039
2018-02-05 03:12:00,0.5425862754033801
2018-02-05 03:15:00,0.49027676826574407
2018-02-05 03:18:00,0.4883744687374474
2018-02-05 03:21:00,0.5411424142422447
2018-02-05 03:24:00,0.43210452056752047
2018-02-05 03:27:00,0.48322409083323237
2018-02-05 03:30:00,0.4537943371485653
2018-02-05 03:33:00,0.47163038801846824
2018-02-05 03:36:00,0.4880754748958225
2018-02-05 03:39:00,0.4865229990456328
2018-02-05 03:42:00,0.41336539163745556
2018-02-05 03:45:00,0.429184979850902
2018-02-05 03:48:00,0.47194355436022306
2018-02-05 03:51:00,0.4540679016116087
2018-02-05 03:54:00,0.4387819848254253
2018-02-05 03:57:00,0.4635770376850701
2018-02-05 04:00:00,0.531406458877882
2018-02-05 04:03:00,0.45040514212570315
2018-02-05 04:06:00,0.5342295649748507
2018-02-05 04:09:00,0.4883698230675009
2018-02-05 04:12:00,0.6186639127399758
2018-02-05 04:15:00,0.505591040034119
2018-02-05 04:18:00,0.5856741771629004
2018-02-05 04:21:00,0.3996877273126529
2018-02-05 04:24:00,0.5285986498849411
2018-02-05 04:27:00,0.5089742414675129
2018-02-05 04:30:00,0.5737259883083539
2018-02-05 04:33:00,0.46647282212751406
2018-02-05 04:36:00,0.5391953673298531
2018-02-05 04:39:00,0.5214414955497659
2018-02-05 04:42:00,0.4645806430803532
2018-02-05 04:45:00,0.5130486739527669
2018-02-05 04:48:00,0.6163970166405193
2018-02-05 04:51:00,0.5095354889128885
2018-02-05 04:54:00,0.5143378172797952
2018-02-05 04:57:00,0.5486683336991973
2018-02-05 05:00:00,0.6061592107078013
2018-02-05 05:03:00,0.535617865092604
2018-02-05 05:06:00,0.5592642140223347
2018-02-05 05:09:00,0.5508135415377637
2018-02-05 05:12:00,0.584669997207186
2018-02-05 05:15:00,0.5237757270418228
2018-02-05 05:18:00,0.6400411843503662
2018-02-05 05:21:00,0.5885579798293747
2018-02-05 05:24:00,0.5884573756264331
2018-02-05 05:27:00,0.5619550127835851
2018-02-05 05:30:00,0.4975260654398994
2018-02-05 05:33:00,0.5101020712005493
2018-02-05 05:36:00,0.5828568584283857
2018-02-05 05:39:00,0.6186044597191085
2018-02-05 05:42:00,0.43444124652677374
2018-02-05 05:45:00,0.5832545950286203
2018-02-05 05:48:00,0.5548995178938299
2018-02-05 05:51:00,0.5064972138904977
2018-02-05 05:54:00,0.6318023272850724
2018-02-05 05:57:00,0.5192761758844426
2018-02-05 06:00:00,0.4485279484528064
2018-02-05 06:03:00,0.5628605442910839
2018-02-05 06:06:00,0.4487399870728268
2018-02-05 06:09:00,0.4821240812912606
2018-02-05 06:12:00,0.5654602728890836
2018-02-05 06:15:00,0.450944766006387
2018-02-05 06:18:00,0.5603085142178656
2018-02-05 06:21:00,0.5863048787943512
2018-02-05 06:24:00,0.511955500121644
2018-02-05 06:27:00,0.49324448807732324
2018-02-05 06:30:00,0.5293740844248873
2018-02-05 06:33:00,0.502919595740309
2018-02-05 06:36:00,0.44727367120992767
2018-02-05 06:39:00,0.43719340951935237
2018-02-05 06:42:00,0.5061260885023557
2018-02-05 06:45:00,0.42327994338268127
2018-02-05 06:48:00,0.5225037663153103
2018-02-05 06:51:00,0.5129363717627484
2018-02-05 06:54:00,0.5906350165932963
2018-02-05 06:57:00,0.49276907404168924
2018-02-05 07:00:00,0.5718196757765668
2018-02-05 07:03:00,0.5622221304879531
2018-02-05 07:06:00,0.44008722478355367
2018-02-05 07:09:00,0.4624831743893765
2018-02-05 07:12:00,0.5633796512597655
2018-02-05 07:15:00,0.4978105907624695
2018-02-05 07:18:00,0.5387171048798791
2018-02-05 07:21:00,0.4451028069135532
2018-02-05 07:24:00,0.6039676379256775
2018-02-05 07:27:00,0.4502129697762598
2018-02-05 07:30:00,0.47455687856677287
2018-02-05 07:33:00,0.4609371280499772
2018-02-05 07:36:00,0.5600578906298779
2018-02-05 07:39:00,0.5155552303932041
2018-02-05 07:42:00,0.5570083385164821
2018-02-05 07:45:00,0.47895575831597625
2018-02-05 07:48:00,0.52192318921999
2018-02-05 07:51:00,0.6313254921754492
2018-02-05 07:54:00,0.580924835265364
2018-02-05 07:57:00,0.6015833670701909
2018-02-05 08:00:00,0.6571903946569932
2018-02-05 08:03:00,0.5769645376114454
2018-02-05 08:06:00,0.5799515843601171
2018-02-05 08:09:00,0.5332097911072537
2018-02-05 08:12:00,0.5947798928876864
2018-02-05 08:15:00,0.5157711873076778
2018-02-05 08:18:00,0.6499727221827811
2018-02-05 08:21:00,0.6487481141357989
2018-02-05 08:24:00,0.5826412367022726
2018-02-05 08:27:00,0.53506623249109
2018-02-05 08:30:00,0.5307440569649771
2018-02-05 08:33:00,0.507597528477163
2018-02-05 08:36:00,0.4388481412728993
2018-02-05 08:39:00,0.4273308681146091
2018-02-05 08:42:00,0.3984843041474164
2018-02-05 08:45:00,0.36602725093928257
2018-02-05 08:48:00,0.37417743602060227
2018-02-05 08:51:00,0.39897709415373583
2018-02-05 08:54:00,0.4682951553052703
2018-02-05 08:57:00,0.38981702124260664
2018-02-05 09:00:00,0.3336759447808504
2018-02-05 09:03:00,0.44672015035718005
2018-02-05 09:06:00,0.5412692402584298
2018-02-05 09:09:00,0.4177035517806189
2018-02-05 09:12:00,0.4083774864475913
2018-02-05 09:15:00,0.4963650179542469
2018-02-05 09:18:00,0.559477220738529
2018-02-05 09:21:00,0.416682829950787
2018-02-05 09:24:00,0.5000092155092375
2018-02-05 09:27:00,0.42952420706757266
2018-02-05 09:30:00,0.35538365296304164
2018-02-05 09:33:00,0.40766154448505176
2018-02-05 09:36:00,0.33772037003336663
2018-02-05 09:39:00,0.33561209860937424
2018-02-05 09:42:00,0.28656405822761144
2018-02-05 09:45:00,0.35593184105397313
2018-02-05 09:48:00,0.2896071683300079
2018-02-05 09:51:00,0.43936891548833046
2018-02-05 09:54:00,0.41757950299034974
2018-02-05 09:57:00,0.3959050799392685
2018-02-05 10:00:00,0.35120068504090796
2018-02-05 10:03:00,0.38866269963727973
2018-02-05 10:06:00,0.36901610216574454
2018-02-05 10:09:00,0.3583112135843862
2018-02-05 10:12:00,0.41953648314006386
2018-02-05 10:15:00,0.4829868235187291
2018-02-05 10:18:00,0.4501112979273785
2018-02-05 10:21:00,0.468306703461451
2018-02-05 10:24:00,0.42248195844075553
2018-02-05 10:27:00,0.4732974444092406
2018-02-05 10:30:00,0.3628689198711186
2018-02-05 10:33:00,0.4173908293091131
2018-02-05 10:36:00,0.30857357586540957
2018-02-05 10:39:00,0.3068174488578279
2018-02-05 10:42:00,0.33104203379213004
2018-02-05 10:45:00,0.38845048927169046
2018-02-05 10:48:00,0.42400647737520103
2018-02-05 10:51:00,0.2595631143964283
2018-02-05 10:54:00,0.24306575486042448
2018-02-05 10:57:00,0.24491110214677292
2018-02-05 11:00:00,0.3055215342951101
2018-02-05 11:03:00,0.3271867358184295
2018-02-05 11:06:00,0.36064226140774736
2018-02-05 11:09:00,0.37767134378867695
2018-02-05 11:12:00,0.3511083834889632
2018-02-05 11:15:00,0.36198456070695784
2018-02-05 11:18:00,0.3216544972650581
2018-02-05 11:21:00,0.2570536803278287
2018-02-05 11:24:00,0.3058706153055937
2018-02-05 11:27:00,0.278732604476545
2018-02-05 11:30:00,0.3053170219747585
2018-02-05 11:33:00,0.32835226852466803
2018-02-05 11:36:00,0.35674289693969286
2018-02-05 11:39:00,0.17851766506771582
2018-02-05 11:42:00,0.35699425628638437
2018-02-05 11:45:00,0.29697826069372013
2018-02-05 11:48:00,0.33123080097522006
2018-02-05 11:51:00,0.25819821540164867
2018-02-05 11:54:00,0.18890352416633505
2018-02-05 11:57:00,0.3029629081228222
2018-02-05 12:00:00,0.30888232102182656
2018-02-05 12:03:00,0.34856639113644405
2018-02-05 12:06:00,0.2788598435681706
2018-02-05 12:09:00,0.19697601155263555
2018-02-05 12:12:00,0.18365580771097711
2018-02-05 12:15:00,0.31406934615904447
2018-02-05 12:18:00,0.2462904264474446
2018-02-05 12:21:00,0.10076170722220468
2018-02-05 12:24:00,0.18282592693304878
2018-02-05 12:27:00,0.15484427109504395
2018-02-05 12:30:00,0.14749585646649166
2018-02-05 12:33:00,0.1340316888146731
2018-02-05 12:36:00,0.25451611703351773
2018-02-05 12:39:00,0.11115828968246433
2018-02-05 12:42:00,0.08338947579551359
2018-02-05 12:45:00,0.2977169938736779
2018-02-05 12:48:00,0.12953711328395912
2018-02-05 12:51:00,0.09712755961515995
2018-02-05 12:54:00,0.1800541451638651
2018-02-05 12:57:00,0.15091737551938422
2018-02-05 13:00:00,0.17500556435908265
2018-02-05 13:03:00,0.09702229158006048
2018-02-05 13:06:00,0.177374390836178
2018-02-05 13:09:00,-0.012605706629813085
2018-02-05 13:12:00,0.09835517297494789
2018-02-05 13:15:00,0.1625915348766398
2018-02-05 13:18:00,0.11484233052800619
2018-02-05 13:21:00,0.08711637588140775
2018-02-05 13:24:00,0.08923597855812204
2018-02-05 13:27:00,0.08407024594208679
2018-02-05 13:30:00,0.06787360577209256
2018-02-05 13:33:00,0.06376790758173456
2018-02-05 13:36:00,0.08051968733769854
2018-02-05 13:39:00,0.14456152173727332
2018-02-05 13:42:00,0.13113066716113053
2018-02-05 13:45:00,-0.011537916954239336
2018-02-05 13:48:00,0.11556601437274594
2018-02-05 13:51:00,-0.007545209115960461
2018-02-05 13:54:00,-0.03327460561519047
2018-02-05 13:57:00,0.06083049213685854
2018-02-05 14:00:00,0.10189503036963288
2018-02-05 14:03:00,-0.0026511402979849663
2018-02-05 14:06:00,0.04247815046926462
2018-02-05 14:09:00,0.12936488954409242
2018-02-05 14:12:00,0.023346450815665776
2018-02-05 14:15:00,-0.006696282390521446
2018-02-05 14:18:00,-0.039100185830307055
2018-02-05 14:21:00,0.042039237256062734
2018-02-05 14:24:00,0.013812172415214263
2018-02-05 14:27:00,0.04810182864395074
2018-02-05 14:30:00,0.025106391528595395
2018-02-05 14:33:00,0.016019431973518294
2018-02-05 14:36:00,-0.12164003896191389
2018-02-05 14:39:00,-0.0031537801843342095
2018-02-05 14:42:00,-0.14214286229025674
2018-02-05 14:45:00,0.025848093140666606
2018-02-05 14:48:00,0.007949072134920243
2018-02-05 14:51:00,-0.029755735345190715
2018-02-05 14:54:00,0.0730553032797161
2018-02-05 14:57:00,-0.02000052281647413
2018-02-05 15:00:00,0.03034385448637522
2018-02-05 15:03:00,-0.001366258402299536
2018-02-05 15:06:00,0.004231659741662952
2018-02-05 15:09:00,0.08563031703710067
2018-02-05 15:12:00,0.0435924334461788
2018-02-05 15:15:00,0.12378266005526939
2018-02-05 15:18:00,0.04178479859615436
2018-02-05 15:21:00,0.0834831434985972
2018-02-05 15:24:00,0.06525809531626692
2018-02-05 15:27:00,0.10553679167378505
2018-02-05 15:30:00,0.2637496214034627
2018-02-05 15:33:00,0.126701661968184
2018-02-05 15:36:00,0.09758321860334718
2018-02-05 15:39:00,0.18693699378201245
2018-02-05 15:42:00,0.23862304958748837
2018-02-05 15:45:00,0.16485147018107682
2018-02-05 15:48:00,0.20984593966420562
2018-02-05 15:51:00,0.23857345485959058
2018-02-05 15:54:00,0.1522645387202033
2018-02-05 15:57:00,0.24668140603955635
2018-02-05 16:00:00,0.21755920766469217
2018-02-05 16:03:00,0.37848150747100817
2018-02-05 16:06:00,0.4044250238462723
2018-02-05 16:09:00,0.2267030233358014
2018-02-05 16:12:00,0.3061088951629358
2018-02-05 16:15:00,0.3451408988900653
2018-02-05 16:18:00,0.29515802517533984
2018-02-05 16:21:00,0.32583222828793623
2018-02-05 16:24:00,0.2740956033162547
2018-02-05 16:27:00,0.35111319374249206
2018-02-05 16:30:00,0.4315391458134741
2018-02-05 16:33:00,0.5047645049503444
2018-02-05 16:36:00,0.37935860284164846
2018-02-05 16:39:00,0.15736604030325907
2018-02-05 16:42:00,0.19761383940073074
2018-02-05 16:45:00,0.4055347436529928
2018-02-05 16:48:00,0.23212067761130584
2018-02-05 16:51:00,0.21459704892822629
2018-02-05 16:54:00,0.3147941160696064
2018-02-05 16:57:00,0.3038784818160707
2018-02-05 17:00:00,0.19062723722294095
2018-02-05 17:03:00,0.11006163652126588
2018-02-05 17:06:00,0.16157847687520643
2018-02-05 17:09:00,0.3727196598335354
2018-02-05 17:12:00,0.29755749789740094
2018-02-05 17:15:00,0.19474219760644473
2018-02-05 17:18:00,0.23945912455820917
2018-02-05 17:21:00,0.279407760008894
2018-02-05 17:24:00,0.36344876617243926
2018-02-05 17:27:00,0.24955327353040957
2018-02-05 17:30:00,0.3521645816572345
2018-02-05 17:33:00,0.33250994326471073
2018-02-05 17:36:00,0.29938540060561536
2018-02-05 17:39:00,0.2884071804940618
2018-02-05 17:42:00,0.38602283556190287
2018-02-05 17:45:00,0.3216860676861302
2018-02-05 17:48:00,0.2821179492263468
2018-02-05 17:51:00,0.20930825683461762
2018-02-05 17:54:00,0.2821218791542037
2018-02-05 17:57:00,0.35628002913125556
2018-02-05 18:00:00,0.35652027424680455
2018-02-05 18:03:00,0.3105267534234599
2018-02-05 18:06:00,0.35703721045547354
2018-02-05 18:09:00,0.2621853871613098
2018-02-05 18:12:00,0.3811993392585009
2018-02-05 18:15:00,0.36256521278545506
2018-02-05 18:18:00,0.3713538152700835
2018-02-05 18:21:00,0.3876803539761795
2018-02-05 18:24:00,0.3935489678718227
2018-02-05 18:27:00,0.4796659385443718
2018-02-05 18:30:00,0.29242611401434715
2018-02-05 18:33:00,0.3394033888479271
2018-02-05 18:36:00,0.33876868932588877
2018-02-05 18:39:00,0.35785206687626214
2018-02-05 18:42:00,0.484935104667386
2018-02-05 18:45:00,0.454990810654067
2018-02-05 18:48:00,0.41375660770233935
2018-02-05 18:51:00,0.3518686598408749
2018-02-05 18:54:00,
2018-02-05 18:57:00,
2018-02-05 19:00:00,
2018-02-05 19:03:00,0.3059702271457354
2018-02-05 19:06:00,0.28617513499131064
2018-02-05 19:09:00,0.23275485992166978
2018-02-05 19:12:00,-0.07263119112144523
2018-02-05 19:15:00,0.285097082880327
2018-02-05 19:18:00,0.2704664799422858
2018-02-05 19:21:00,0.2763756538073494
2018-02-05 19:24:00,0.2966190556985566
2018-02-05 19:27:00,0.2692889157948457
2018-02-05 19:30:00,0.3011246603955442
2018-02-05 19:33:00,0.33557590334720544
2018-02-05 19:36:00,0.31673254829661346
2018-02-05 19:39:00,0.4396209482069935
2018-02-05 19:42:00,0.3956055054977128
2018-02-05 19:45:00,0.36359811704221556
2018-02-05 19:48:00,0.3050953434528765
2018-02-05 19:51:00,0.4182118524461771
2018-02-05 19:54:00,0.30617057575506124
2018-02-05 19:57:00,0.4499075102867778
2018-02-05 20:00:00,0.40852913225091925
2018-02-05 20:03:00,0.5325590210021005
2018-02-05 20:06:00,0.4012078072601071
2018-02-05 20:09:00,0.38420559040912394
2018-02-05 20:12:00,0.5068590614512232
2018-02-05 20:15:00,0.5767176794679472
2018-02-05 20:18:00,0.5151926745862738
2018-02-05 20:21:00,0.42821479238381244
2018-02-05 20:24:00,0.3585656654504419
2018-02-05 20:27:00,0.36529968537416835
2018-02-05 20:30:00,0.5181045202885457
2018-02-05 20:33:00,0.34686166481833425
2018-02-05 20:36:00,0.3531631357768106
2018-02-05 20:39:00,0.39736184493676774
2018-02-05 20:42:00,0.4128979718915389
2018-02-05 20:45:00,0.4474413742749448
2018-02-05 20:48:00,0.31813025763426594
2018-02-05 20:51:00,0.42127397228597374
2018-02-05 20:54:00,0.38448333810708846
2018-02-05 20:57:00,0.4713151505339397
2018-02-05 21:00:00,0.43962104015889736
2018-02-05 21:03:00,0.459214496765469
2018-02-05 21:06:00,0.367025179288305
2018-02-05 21:09:00,0.3689716739319806
2018-02-05 21:12:00,0.41764935759829314
2018-02-05 21:15:00,0.4171166379680358
2018-02-05 21:18:00,0.345349428599377
2018-02-05 21:21:00,0.4246866987850808
2018-02-05 21:24:00,0.3639302550934076
2018-02-05 21:27:00,0.504277563587948
2018-02-05 21:30:00,0.4005144796051354
2018-02-05 21:33:00,0.29556626723228874
2018-02-05 21:36:00,0.3126827791913911
2018-02-05 21:39:00,0.3752876939814769
2018-02-05 21:42:00,0.3028709016543871
2018-02-05 21:45:00,0.339733385931936
2018-02-05 21:48:00,0.4164700194177158
2018-02-05 21:51:00,0.3742359777691604
2018-02-05 21:54:00,0.3287127925268578
2018-02-05 21:57:00,0.33515249479421527
2018-02-05 22:00:00,0.3040370558200607
2018-02-05 22:03:00,0.3564427230688807
2018-02-05 22:06:00,0.3845347674127879
2018-02-05 22:09:00,0.39062534560287077
2018-02-05 22:12:00,0.375720483307191
2018-02-05 22:15:00,0.2987028755719052
2018-02-05 22:18:00,0.27359029243598343
2018-02-05 22:21:00,0.40990485875738614
2018-02-05 22:24:00,0.31881194109001854
2018-02-05 22:27:00,0.3857461018080812
2018-02-05 22:30:00,0.2991445685809708
2018-02-05 22:33:00,0.4063121243822252
2018-02-05 22:36:00,0.3400153220967468
2018-02-05 22:39:00,0.2622370982955431
2018-02-05 22:42:00,0.3434065958725796
2018-02-05 22:45:00,0.34337445270824674
2018-02-05 22:48:00,0.3331691674385411
2018-02-05 22:51:00,0.3353500275072179
2018-02-05 22:54:00,0.28246878957668287
2018-02-05 22:57:00,0.3928520351920497
2018-02-05 23:00:00,0.4030937335656972
2018-02-05 23:03:00,0.32178508550424567
2018-02-05 23:06:00,0.3192652716095381
2018-02-05 23:09:00,0.3502518722980881
2018-02-05 23:12:00,0.2844717439272131
2018-02-05 23:15:00,0.40879327169261614
2018-02-05 23:18:00,0.3571127812165855
2018-02-05 23:21:00,0.4720646364004324
2018-02-05 23:24:00,0.3341863565565859
2018-02-05 23:27:00,0.33672159362475895
2018-02-05 23:30:00,0.4194813408170148
2018-02-05 23:33:00,0.4356291063122626
2018-02-05 23:36:00,0.40732347519497125
2018-02-05 23:39:00,0.47736800320171824
2018-02-05 23:42:00,0.343715097759798
2018-02-05 23:45:00,0.5644735199350066
2018-02-05 23:48:00,0.47573852334664934
2018-02-05 23:51:00,0.4747058973213143
2018-02-05 23:54:00,0.4541173015487061
2018-02-05 23:57:00,0.474165837535395
2018-02-06 00:00:00,0.45324483751818434
2018-02-06 00:03:00,0.34683705809834464
2018-02-06 00:06:00,0.452774861861144
2018-02-06 00:09:00,0.4235909576461836
2018-02-06 00:12:00,0.36236823654667205
2018-02-06 00:15:00,0.4735571348315375
2018-02-06 00:18:00,0.486171276343498
2018-02-06 00:21:00,0.4578051931293885
2018-02-06 00:24:00,0.5609711073812491
2018-02-06 00:27:00,0.5356711638651745
2018-02-06 00:30:00,0.46000223818873565
2018-02-06 00:33:00,0.5796665350302987
2018-02-06 00:36:00,0.5492387433020554
2018-02-06 00:39:00,0.502533110527736
2018-02-06 00:42:00,0.4348905318096854
2018-02-06 00:45:00,0.47981409202606073
2018-02-06 00:48:00,0.5132560577803815
2018-02-06 00:51:00,0.4857208960716548
2018-02-06 00:54:00,0.4606410235863905
2018-02-06 00:57:00,0.5064791605563528
2018-02-06 01:00:00,0.5079844182202464
2018-02-06 01:03:00,0.506363547845126
2018-02-06 01:06:00,0.5130468071205314
2018-02-06 01:09:00,0.5391143379973187
2018-02-06 01:12:00,0.5015890277375092
2018-02-06 01:15:00,0.42867945659145335
2018-02-06 01:18:00,0.5075989037320028
2018-02-06 01:21:00,0.45973288080978136
2018-02-06 01:24:00,0.591049740823621
2018-02-06 01:27:00,0.5084877198642062
2018-02-06 01:30:00,0.4784926855513163
2018-02-06 01:33:00,0.4663159383358675
2018-02-06 01:36:00,0.4399993464537033
2018-02-06 01:39:00,0.42375127651132516
2018-02-06 01:42:00,0.49736305457378194
2018-02-06 01:45:00,0.49989917583422994
2018-02-06 01:48:00,0.6104707693355635
2018-02-06 01:51:00,0.4979521947900025
2018-02-06 01:54:00,0.5333738092751332
2018-02-06 01:57:00,0.5652977946574538
2018-02-06 02:00:00,0.60179245784866
2018-02-06 02:03:00,0.5199551840541403
2018-02-06 02:06:00,0.5441093754306507
2018-02-06 02:09:00,0.5102681310143566
2018-02-06 02:12:00,0.456658090056294
2018-02-06 02:15:00,0.44375907039778895
2018-02-06 02:18:00,0.5104840613496435
2018-02-06 02:21:00,0.49170058052499144
2018-02-06 02:24:00,0.6043034771916496
2018-02-06 02:27:00,0.49540179140086593
2018-02-06 02:30:00,0.5293863872017255
2018-02-06 02:33:00,0.41101418971237536
2018-02-06 02:36:00,0.5414202112848443
2018-02-06 02:39:00,0.48553294801320135
2018-02-06 02:42:00,0.5236086076232596
2018-02-06 02:45:00,0.5818362185471528
2018-02-06 02:48:00,0.49516691560052095
2018-02-06 02:51:00,0.5792032541729668
2018-02-06 02:54:00,0.46753613969673324
2018-02-06 02:57:00,0.5018426653193728
2018-02-06 03:00:00,0.45331159887643935
2018-02-06 03:03:00,0.520579152815742
2018-02-06 03:06:00,0.6073319754501654
2018-02-06 03:09:00,0.5746450614620926
2018-02-06 03:12:00,0.41693172910021303
2018-02-06 03:15:00,0.5179825507132705
2018-02-06 03:18:00,0.507646048634399
2018-02-06 03:21:00,0.5971383275214066
2018-02-06 03:24:00,0.5579085386066254
2018-02-06 03:27:00,0.5368800105070477
2018-02-06 03:30:00,0.47025692859125456
2018-02-06 03:33:00,0.4700713594194781
2018-02-06 03:36:00,0.5540778509936786
2018-02-06 03:39:00,0.3743451911118427
2018-02-06 03:42:00,0.5145795087950091
2018-02-06 03:45:00,0.4806699571089439
2018-02-06 03:48:00,0.4238526166640213
2018-02-06 03:51:00,0.5663098013108652
2018-02-06 03:54:00,0.530280264595774
2018-02-06 03:57:00,0.496867256906512
2018-02-06 04:00:00,0.5274212376000946
2018-02-06 04:03:00,0.5231578178762675
2018-02-06 04:06:00,0.5598001330798184
2018-02-06 04:09:00,0.479993949756647
2018-02-06 04:12:00,0.49377790043826053
2018-02-06 04:15:00,0.500144653904556
2018-02-06 04:18:00,0.6359591622655785
2018-02-06 04:21:00,0.47734670289094083
2018-02-06 04:24:00,0.5425820518427713
2018-02-06 04:27:00,0.5911753368777681
2018-02-06 04:30:00,0.6087080360032928
2018-02-06 04:33:00,0.5961486233302367
2018-02-06 04:36:00,0.4920662012743833
2018-02-06 04:39:00,0.5956193303069881
2018-02-06 04:42:00,0.5038260287586809
2018-02-06 04:45:00,0.5472647140666709
2018-02-06 04:48:00,0.47768895067980566
2018-02-06 04:51:00,0.5311387838544874
2018-02-06 04:54:00,0.5629575746175419
2018-02-06 04:57:00,0.6177142365664281
2018-02-06 05:00:00,0.5936594915098681
2018-02-06 05:03:00,0.6952421445554364
2018-02-06 05:06:00,0.6652112271164583
2018-02-06 05:09:00,0.606593052439564
2018-02-06 05:12:00,0.610137622490754
2018-02-06 05:15:00,0.4313749779308296
2018-02-06 05:18:00,0.5057476443844848
2018-02-06 05:21:00,0.6556945594411445
2018-02-06 05:24:00,0.592012482324435
2018-02-06 05:27:00,0.6034044299207721
2018-02-06 05:30:00,0.5680532233751592
2018-02-06 05:33:00,0.4955791033684136
2018-02-06 05:36:00,0.4710039577912539
2018-02-06 05:39:00,0.47538493360031
2018-02-06 05:42:00,0.5550958356004685
2018-02-06 05:45:00,0.4344322888177885
2018-02-06 05:48:00,0.5042791006402467
2018-02-06 05:51:00,0.4280327734743423
2018-02-06 05:54:00,0.5141020048041582
2018-02-06 05:57:00,0.5079005429270183
2018-02-06 06:00:00,0.5537229946947946
2018-02-06 06:03:00,0.6028727669034311
2018-02-06 06:06:00,0.4380945522490265
2018-02-06 06:09:00,0.3542046291240126
2018-02-06 06:12:00,0.44850973833263197
2018-02-06 06:15:00,0.3374702691930338
2018-02-06 06:18:00,0.41308851521188217
2018-02-06 06:21:00,0.4015830648511951
2018-02-06 06:24:00,0.4265687681245822
2018-02-06 06:27:00,0.3913055938464822
2018-02-06 06:30:00,0.40192915969453225
2018-02-06 06:33:00,0.40117344559058665
2018-02-06 06:36:00,0.3678396986263692
2018-02-06 06:39:00,0.3355500392646604
2018-02-06 06:42:00,0.4770158409817782
2018-02-06 06:45:00,0.4332053237380933
2018-02-06 06:48:00,0.4203453368936607
2018-02-06 06:51:00,0.4248448589149234
2018-02-06 06:54:00,0.47299400175359096
2018-02-06 06:57:00,0.35320880325480175
2018-02-06 07:00:00,0.37455149495343676
2018-02-06 07:03:00,0.4420072851218606
2018-02-06 07:06:00,0.45874188353189993
2018-02-06 07:09:00,0.3638112419610593
2018-02-06 07:12:00,0.44153091323840954
2018-02-06 07:15:00,0.5648989244073164
2018-02-06 07:18:00,0.4258313183520386
2018-02-06 07:21:00,0.4838734911692768
2018-02-06 07:24:00,0.39259807852749873
2018-02-06 07:27:00,0.4742655444963475
2018-02-06 07:30:00,0.5579081780352908
2018-02-06 07:33:00,0.3678483774884853
2018-02-06 07:36:00,0.49882093943062955
2018-02-06 07:39:00,0.4112455798002088
2018-02-06 07:42:00,0.33548524673369684
2018-02-06 07:45:00,0.3577303322914531
2018-02-06 07:48:00,0.4036158591659955
2018-02-06 07:51:00,0.47458562114502456
2018-02-06 07:54:00,0.4077509450107186
2018-02-06 07:57:00,0.5134639965295378
2018-02-06 08:00:00,0.4713954696853193
2018-02-06 08:03:00,0.37138255384792274
2018-02-06 08:06:00,0.4161131444752755
2018-02-06 08:09:00,0.4213485909866108
2018-02-06 08:12:00,0.36333267698751115
2018-02-06 08:15:00,0.45823603183697514
2018-02-06 08:18:00,0.40845694024847035
2018-02-06 08:21:00,0.28911627620618674
2018-02-06 08:24:00,0.36396674598989875
2018-02-06 08:27:00,0.4265619245008452
2018-02-06 08:30:00,0.3350853259682367
2018-02-06 08:33:00,0.2949631737415075
2018-02-06 08:36:00,0.3092413817397528
2018-02-06 08:39:00,0.3289673981967667
2018-02-06 08:42:00,0.28017547430977174
2018-02-06 08:45:00,0.38573226247416414
2018-02-06 08:48:00,0.2910032894957908
2018-02-06 08:51:00,0.3276258755545314
2018-02-06 08:54:00,0.38239938673893903
2018-02-06 08:57:00,0.4165431674205706
2018-02-06 09:00:00,0.31942719638851713
2018-02-06 09:03:00,0.2573518769916632
2018-02-06 09:06:00,0.36123164283372944
2018-02-06 09:09:00,0.3531656654041626
2018-02-06 09:12:00,0.2732596970496388
2018-02-06 09:15:00,0.33050462410454884
2018-02-06 09:18:00,0.30197599503082984
2018-02-06 09:21:00,0.1868908888596934
2018-02-06 09:24:00,0.3179694960884376
2018-02-06 09:27:00,0.3274361975598481
2018-02-06 09:30:00,0.19773980125364687
2018-02-06 09:33:00,0.2694608673694461
2018-02-06 09:36:00,0.16833289105358062
2018-02-06 09:39:00,0.2845549098594802
2018-02-06 09:42:00,0.218306276887688
2018-02-06 09:45:00,0.24763182851427246
2018-02-06 09:48:00,0.35562185697477844
2018-02-06 09:51:00,0.16466203858777817
2018-02-06 09:54:00,0.2592236798062686
2018-02-06 09:57:00,0.2396134728825814
2018-02-06 10:00:00,0.22754996631033464
2018-02-06 10:03:00,0.16530156420537878
2018-02-06 10:06:00,0.2057102932715793
2018-02-06 10:09:00,0.1388436626163525
2018-02-06 10:12:00,0.12942390263805237
2018-02-06 10:15:00,0.10940218593856343
2018-02-06 10:18:00,0.06410617151476572
2018-02-06 10:21:00,0.06409306314805008
2018-02-06 10:24:00,0.11966289576702138
2018-02-06 10:27:00,0.14292112875313023
2018-02-06 10:30:00,0.12813326010927995
2018-02-06 10:33:00,0.14737073354081076
2018-02-06 10:36:00,0.021210563218289735
2018-02-06 10:39:00,0.13562860146646472
2018-02-06 10:42:00,0.18910101733797546
2018-02-06 10:45:00,-0.05179978384046535
2018-02-06 10:48:00,0.053796927605446854
2018-02-06 10:51:00,0.012470698223751242
2018-02-06 10:54:00,0.08599704410369213
2018-02-06 10:57:00,0.004924987215872534
2018-02-06 11:00:00,0.07440510743941786
2018-02-06 11:03:00,0.06624745955599565
2018-02-06 11:06:00,0.09402764049048074
2018-02-06 11:09:00,0.1267728954520635
2018-02-06 11:12:00,0.10425905925768575
2018-02-06 11:15:00,0.1271980427251833
2018-02-06 11:18:00,0.06820994742145103
2018-02-06 11:21:00,0.27933615760815655
2018-02-06 11:24:00,0.11500686768476953
2018-02-06 11:27:00,0.1083427638836838
2018-02-06 11:30:00,0.11428946063637113
2018-02-06 11:33:00,0.07379744507164787
2018-02-06 11:36:00,0.17636082843444
2018-02-06 11:39:00,0.15086495570358238
2018-02-06 11:42:00,0.10399924462615218
2018-02-06 11:45:00,0.059808329012071226
2018-02-06 11:48:00,0.16996050564375764
2018-02-06 11:51:00,0.026967448965194762
2018-02-06 11:54:00,-0.08015376754201498
2018-02-06 11:57:00,0.06941674083026328
2018-02-06 12:00:00,-0.052451027225004054
2018-02-06 12:03:00,-0.017807652851104194
2018-02-06 12:06:00,-0.10466475026009903
2018-02-06 12:09:00,-0.0970487928775583
2018-02-06 12:12:00,-0.0545638295886306
2018-02-06 12:15:00,-0.02604444390090066
2018-02-06 12:18:00,0.01306228556103406
2018-02-06 12:21:00,0.0038954650317464257
2018-02-06 12:24:00,-0.11871819284459662
2018-02-06 12:27:00,-0.012472184836099132
2018-02-06 12:30:00,-0.08661190010809605
2018-02-06 12:33:00,-0.002220864711091508
2018-02-06 12:36:00,0.04374219889228925
2018-02-06 12:39:00,0.10798456502470799
2018-02-06 12:42:00,-0.04159953727884158
2018-02-06 12:45:00,-0.00970665373773727
2018-02-06 12:48:00,-0.05093684535881948
2018-02-06 12:51:00,-0.12294102453830646
2018-02-06 12:54:00,-0.10692008859660973
2018-02-06 12:57:00,0.09742679506052809
2018-02-06 13:00:00,-0.08419779331489963
2018-02-06 13:03:00,-0.011029076169279506
2018-02-06 13:06:00,-0.10734087159909222
2018-02-06 13:09:00,-0.021713083156100765
2018-02-06 13:12:00,-0.04783619252259541
2018-02-06 13:15:00,-0.14139609748463045
2018-02-06 13:18:00,0.0030723094868676526
2018-02-06 13:21:00,-0.04687413572736432
2018-02-06 13:24:00,-0.16609353127950044
2018-02-06 13:27:00,0.026868428550756107
2018-02-06 13:30:00,-0.07008733750814145
2018-02-06 13:33:00,-0.036375289996158244
2018-02-06 13:36:00,-0.03188287533947687
2018-02-06 13:39:00,0.011407625968672619
2018-02-06 13:42:00,-0.04800983142189352
2018-02-06 13:45:00,-0.10268237132294189
2018-02-06 13:48:00,-0.12471860127971013
2018-02-06 13:51:00,-0.017566927985797065
2018-02-06 13:54:00,-0.2315020252941622
2018-02-06 13:57:00,-0.11463979718809014
2018-02-06 14:00:00,0.007093264015281875
2018-02-06 14:03:00,-0.06271085961441258
2018-02-06 14:06:00,-0.01753084979139885
2018-02-06 14:09:00,-0.04900907044429914
2018-02-06 14:12:00,-0.05892364114265547
2018-02-06 14:15:00,-0.09710279695894997
2018-02-06 14:18:00,-0.13536509613794578
2018-02-06 14:21:00,0.015954630576629825
2018-02-06 14:24:00,-0.016330108208251204
2018-02-06 14:27:00,-0.16177462743644355
2018-02-06 14:30:00,-0.16001281131559608
2018-02-06 14:33:00,0.00660395216834786
2018-02-06 14:36:00,-0.160119922595527
2018-02-06 14:39:00,-0.09761306470579711
2018-02-06 14:42:00,-0.03869256360218287
2018-02-06 14:45:00,-0.025968659209183897
2018-02-06 14:48:00,-0.0780986188488555
2018-02-06 14:51:00,-0.02495587274245281
2018-02-06 14:54:00,0.00895202546831797
2018-02-06 14:57:00,-0.014580091320965494
2018-02-06 15:00:00,0.023167280697350634
2018-02-06 15:03:00,-0.09912550921137608
2018-02-06 15:06:00,0.10160985001829204
2018-02-06 15:09:00,-0.09840797860863404
2018-02-06 15:12:00,0.137295476480233
2018-02-06 15:15:00,0.06849977004890206
2018-02-06 15:18:00,0.13439270689730165
2018-02-06 15:21:00,-0.07671001074612604
2018-02-06 15:24:00,-0.041197395685458105
2018-02-06 15:27:00,9.616567820103228e-05
2018-02-06 15:30:00,0.03646428885036812
2018-02-06 15:33:00,-0.007334588258856911
2018-02-06 15:36:00,0.04717018132026851
2018-02-06 15:39:00,-0.07966229468581787
2018-02-06 15:42:00,-0.03496772903145029
2018-02-06 15:45:00,0.059871630248892416
2018-02-06 15:48:00,0.07372995212557498
2018-02-06 15:51:00,-0.1177815747087152
2018-02-06 15:54:00,-0.08574996420878733
2018-02-06 15:57:00,-0.09319958615645874
2018-02-06 16:00:00,-0.06049162069928116
2018-02-06 16:03:00,0.034326576553098676
2018-02-06 16:06:00,0.14449941476897266
2018-02-06 16:09:00,0.020946576002700112
2018-02-06 16:12:00,0.05607778448029421
2018-02-06 16:15:00,0.06981118162883604
2018-02-06 16:18:00,0.09893693654890967
2018-02-06 16:21:00,-0.025876837624423388
2018-02-06 16:24:00,-0.001076886078806183
2018-02-06 16:27:00,-0.005907241829106624
2018-02-06 16:30:00,-0.02610628346951671
2018-02-06 16:33:00,-0.054906470640617044
2018-02-06 16:36:00,-0.07398055311648477
2018-02-06 16:39:00,-0.02438582233469333
2018-02-06 16:42:00,-0.14583255554998686
2018-02-06 16:45:00,-0.11086365565790857
2018-02-06 16:48:00,-0.03648603005734685
2018-02-06 16:51:00,-0.027329794440447586
2018-02-06 16:54:00,-0.11467674002676631
2018-02-06 16:57:00,-0.06578363876735693
2018-02-06 17:00:00,-0.00036566983675356823
2018-02-06 17:03:00,0.04382662897012324
2018-02-06 17:06:00,-0.011007356257493939
2018-02-06 17:09:00,-0.015426224882730821
2018-02-06 17:12:00,-0.07035674477685916
2018-02-06 17:15:00,0.0053189305323826375
2018-02-06 17:18:00,-0.019936075524128682
2018-02-06 17:21:00,-0.14695153061484234
2018-02-06 17:24:00,-0.04023286657559311
2018-02-06 17:27:00,-0.04071014310454757
2018-02-06 17:30:00,-0.10378910625956905
2018-02-06 17:33:00,0.05750944857112472
2018-02-06 17:36:00,-0.09425267285610062
2018-02-06 17:39:00,-0.02484043315064355
2018-02-06 17:42:00,0.06795876110629706
2018-02-06 17:45:00,-0.008661676059261936
2018-02-06 17:48:00,0.05234281542146846
2018-02-06 17:51:00,-0.12434864943378443
2018-02-06 17:54:00,-0.022382514365176576
2018-02-06 17:57:00,-0.006211486146526113
2018-02-06 18:00:00,-0.015991592023510748
2018-02-06 18:03:00,0.029241393255915682
2018-02-06 18:06:00,0.0697023856459964
2018-02-06 18:09:00,-0.016324538013293477
2018-02-06 18:12:00,-0.011421196678838896
2018-02-06 18:15:00,-0.0035654144801924303
2018-02-06 18:18:00,0.0727547013237313
2018-02-06 18:21:00,0.0288229031272067
2018-02-06 18:24:00,-0.0036098200340575204
2018-02-06 18:27:00,0.15091659196303908
2018-02-06 18:30:00,0.11896365152426824
2018-02-06 18:33:00,0.13695804487809937
2018-02-06 18:36:00,0.013000846310148972
2018-02-06 18:39:00,0.1112780630976431
2018-02-06 18:42:00,0.09205563556531615
2018-02-06 18:45:00,-0.013915034048409325
2018-02-06 18:48:00,0.10227480890927154
2018-02-06 18:51:00,0.04043675630003918
2018-02-06 18:54:00,
2018-02-06 18:57:00,
2018-02-06 19:00:00,
2018-02-06 19:03:00,0.01237877971141188
2018-02-06 19:06:00,0.08969034712504254
2018-02-06 19:09:00,0.035554444971523935
2018-02-06 19:12:00,0.19603580535959964
2018-02-06 19:15:00,0.16376766689342048
2018-02-06 19:18:00,0.09882066643342569
2018-02-06 19:21:00,0.1537559816216003
2018-02-06 19:24:00,0.21416819257547104
2018-02-06 19:27:00,0.2260125277592806
2018-02-06 19:30:00,0.24107701838835283
2018-02-06 19:33:00,0.14777014810806577
2018-02-06 19:36:00,0.17468682744129183
2018-02-06 19:39:00,0.08878098644311194
2018-02-06 19:42:00,0.1367030963842808
2018-02-06 19:45:00,0.19334863106041666
2018-02-06 19:48:00,0.20375848906564897
2018-02-06 19:51:00,0.20287953946689186
2018-02-06 19:54:00,0.199957900167135
2018-02-06 19:57:00,0.17280395012096506
2018-02-06 20:00:00,0.1193916709311793
2018-02-06 20:03:00,0.20597092759874158
2018-02-06 20:06:00,0.09133612737844032
2018-02-06 20:09:00,0.34086097811615446
2018-02-06 20:12:00,0.15267842170953827
2018-02-06 20:15:00,0.2610746145875851
2018-02-06 20:18:00,0.2304368460508499
2018-02-06 20:21:00,0.17334971053492154
2018-02-06 20:24:00,0.23547794120651133
2018-02-06 20:27:00,0.281827687438863
2018-02-06 20:30:00,0.28288866165951276
2018-02-06 20:33:00,0.2844530343945735
2018-02-06 20:36:00,0.3615249669801983
2018-02-06 20:39:00,0.3107924800434603
2018-02-06 20:42:00,0.31634208253228735
2018-02-06 20:45:00,0.37976107044715945
2018-02-06 20:48:00,0.3652572305260833
2018-02-06 20:51:00,0.3787083935376927
2018-02-06 20:54:00,0.3901358831900552
2018-02-06 20:57:00,0.2627454316363469
2018-02-06 21:00:00,0.4080234579458306
2018-02-06 21:03:00,0.4122848066083975
2018-02-06 21:06:00,0.39206141740299927
2018-02-06 21:09:00,0.3210948295974845
2018-02-06 21:12:00,0.47371821926827806
2018-02-06 21:15:00,0.3793228676125864
2018-02-06 21:18:00,0.32433251412919617
2018-02-06 21:21:00,0.38541995321935474
2018-02-06 21:24:00,0.4147665381736374
2018-02-06 21:27:00,0.5058865756676596
2018-02-06 21:30:00,0.316415181236664
2018-02-06 21:33:00,0.34732700059134913
2018-02-06 21:36:00,0.44762739180237077
2018-02-06 21:39:00,0.43373767771561234
2018-02-06 21:42:00,0.40711932575499077
2018-02-06 21:45:00,0.49554763100570653
2018-02-06 21:48:00,0.41095998622915886
2018-02-06 21:51:00,0.44045545722826773
2018-02-06 21:54:00,0.4623032752882068
2018-02-06 21:57:00,0.35052747844872556
2018-02-06 22:00:00,0.35347434046963144
2018-02-06 22:03:00,0.3791027801815403
2018-02-06 22:06:00,0.3033343468991916
2018-02-06 22:09:00,0.36979242379157995
2018-02-06 22:12:00,0.2986012676511791
2018-02-06 22:15:00,0.1655651414690169
2018-02-06 22:18:00,0.23017647590347678
2018-02-06 22:21:00,0.2388238717626905
2018-02-06 22:24:00,0.12892463582250002
2018-02-06 22:27:00,0.3590772400488049
2018-02-06 22:30:00,0.3440136501947677
2018-02-06 22:33:00,0.31976804482115995
2018-02-06 22:36:00,0.2901547817565415
2018-02-06 22:39:00,0.45034514124324687
2018-02-06 22:42:00,0.3330614340837883
2018-02-06 22:45:00,0.3281337060755618
2018-02-06 22:48:00,0.32788171791452214
2018-02-06 22:51:00,0.3863610732826146
2018-02-06 22:54:00,0.4382146857732323
2018-02-06 22:57:00,0.38449083693080865
2018-02-06 23:00:00,0.3061095273838532
2018-02-06 23:03:00,0.32394075643424003
2018-02-06 23:06:00,0.4678097817137541
2018-02-06 23:09:00,0.33723859190791927
2018-02-06 23:12:00,0.37004936382305686
2018-02-06 23:15:00,0.40209077679708116
2018-02-06 23:18:00,0.30809841938202
2018-02-06 23:21:00,0.34545540352365833
2018-02-06 23:24:00,0.3453676373948724
2018-02-06 23:27:00,0.28426805777263553
2018-02-06 23:30:00,0.38470532690496384
2018-02-06 23:33:00,0.40969394287157
2018-02-06 23:36:00,0.4004532867556918
2018-02-06 23:39:00,0.3956756852022636
2018-02-06 23:42:00,0.35856966383340705
2018-02-06 23:45:00,0.37712910054159465
2018-02-06 23:48:00,0.2829177037768318
2018-02-06 23:51:00,0.40200735814153177
2018-02-06 23:54:00,0.37440909643845544
2018-02-06 23:57:00,0.29688020067283105
2018-02-07 00:00:00,0.257823367573792
2018-02-07 00:03:00,0.3376543163211636
2018-02-07 00:06:00,0.2673342526954343
2018-02-07 00:09:00,0.323911358311193
2018-02-07 00:12:00,0.3684650385584973
2018-02-07 00:15:00,0.388018678490198
2018-02-07 00:18:00,0.38466695077863733
2018-02-07 00:21:00,0.3447737494389571
2018-02-07 00:24:00,0.42808909451076715
2018-02-07 00:27:00,0.4910377326602884
2018-02-07 00:30:00,0.3019124981362893
2018-02-07 00:33:00,0.3725348532003636
2018-02-07 00:36:00,0.3488065656972026
2018-02-07 00:39:00,0.4351779549268713
2018-02-07 00:42:00,0.3929719993813592
2018-02-07 00:45:00,0.3598902710551215
2018-02-07 00:48:00,0.2961207129127388
2018-02-07 00:51:00,0.31392674831676004
2018-02-07 00:54:00,0.23477878464206015
2018-02-07 00:57:00,0.3482097896373375
2018-02-07 01:00:00,0.36380405304674923
2018-02-07 01:03:00,0.2567905370614767
2018-02-07 01:06:00,0.29331432667135005
2018-02-07 01:09:00,0.36302186692438454
2018-02-07 01:12:00,0.31969413652359435
2018-02-07 01:15:00,0.4006682660083811
2018-02-07 01:18:00,0.36381671724956277
2018-02-07 01:21:00,0.400109738292997
2018-02-07 01:24:00,0.34197997592895035
2018-02-07 01:27:00,0.34279805703317834
2018-02-07 01:30:00,0.38352914054064513
2018-02-07 01:33:00,0.3829473570493178
2018-02-07 01:36:00,0.37023253996864014
2018-02-07 01:39:00,0.35800879596990853
2018-02-07 01:42:00,0.4490006876794155
2018-02-07 01:45:00,0.3743413465782055
2018-02-07 01:48:00,0.3791201356156648
2018-02-07 01:51:00,0.3024018468889835
2018-02-07 01:54:00,0.41432877984340166
2018-02-07 01:57:00,0.4183651734378486
2018-02-07 02:00:00,0.3227676659691383
2018-02-07 02:03:00,0.2779005706719886
2018-02-07 02:06:00,0.3032325352830867
2018-02-07 02:09:00,0.3605328683595985
2018-02-07 02:12:00,0.28144254345141917
2018-02-07 02:15:00,0.3922844085790871
2018-02-07 02:18:00,0.36308159277569985
2018-02-07 02:21:00,0.35302121505037576
2018-02-07 02:24:00,0.347148016827191
2018-02-07 02:27:00,0.32984619883205823
2018-02-07 02:30:00,0.42733469816977276
2018-02-07 02:33:00,0.3618090912691514
2018-02-07 02:36:00,0.4117197618328987
2018-02-07 02:39:00,0.2541583802704963
2018-02-07 02:42:00,0.26448583642809353
2018-02-07 02:45:00,0.35618398332593415
2018-02-07 02:48:00,0.4097031470984689
2018-02-07 02:51:00,0.42793327160774197
2018-02-07 02:54:00,0.2873712281462417
2018-02-07 02:57:00,0.37713321124044796
2018-02-07 03:00:00,0.406355223240098
2018-02-07 03:03:00,0.44127739600867244
2018-02-07 03:06:00,0.3481746970884956
2018-02-07 03:09:00,0.41500797684904
2018-02-07 03:12:00,0.3819770579713122
2018-02-07 03:15:00,0.31174599835463823
2018-02-07 03:18:00,0.4881683472342502
2018-02-07 03:21:00,0.3828365172382746
2018-02-07 03:24:00,0.4511204771151256
2018-02-07 03:27:00,0.49192105937402175
2018-02-07 03:30:00,0.4758072394669739
2018-02-07 03:33:00,0.49981994270348196
2018-02-07 03:36:00,0.5007627512714521
2018-02-07 03:39:00,0.5221639623011356
2018-02-07 03:42:00,0.4562289051420976
2018-02-07 03:45:00,0.5160745184389839
2018-02-07 03:48:00,0.4262485128530784
2018-02-07 03:51:00,0.4610444003135967
2018-02-07 03:54:00,0.5334911548108607
2018-02-07 03:57:00,0.40553814786773046
2018-02-07 04:00:00,0.44253439246455173
2018-02-07 04:03:00,0.49044054560260975
2018-02-07 04:06:00,0.41397962423855006
2018-02-07 04:09:00,0.47715970323912416
2018-02-07 04:12:00,0.4212098471741683
2018-02-07 04:15:00,0.43737292057232935
2018-02-07 04:18:00,0.46780607085855763
2018-02-07 04:21:00,0.3794594977435395
2018-02-07 04:24:00,0.4352669345707909
2018-02-07 04:27:00,0.3743371532489732
2018-02-07 04:30:00,0.4476906211723417
2018-02-07 04:33:00,0.49016918761350325
2018-02-07 04:36:00,0.4405485313661188
2018-02-07 04:39:00,0.4359481822978637
2018-02-07 04:42:00,0.3614921636463464
2018-02-07 04:45:00,0.44437776349224123
2018-02-07 04:48:00,0.45096804124466416
2018-02-07 04:51:00,0.35675799214124027
2018-02-07 04:54:00,0.5578492276757743
2018-02-07 04:57:00,0.41789935711943826
2018-02-07 05:00:00,0.3343483488296215
2018-02-07 05:03:00,0.4525954684934277
2018-02-07 05:06:00,0.412162475339926
2018-02-07 05:09:00,0.4877809913778606
2018-02-07 05:12:00,0.5273366677525928
2018-02-07 05:15:00,0.510886405428721
2018-02-07 05:18:00,0.5511886851970758
2018-02-07 05:21:00,0.47501056602470726
2018-02-07 05:24:00,0.44768715044824603
2018-02-07 05:27:00,0.46578772742543606
2018-02-07 05:30:00,0.48116005006431806
2018-02-07 05:33:00,0.36637236510324556
2018-02-07 05:36:00,0.5011840281016475
2018-02-07 05:39:00,0.4745406407058681
2018-02-07 05:42:00,0.39907161460706675
2018-02-07 05:45:00,0.4630195743796435
2018-02-07 05:48:00,0.5717254634224673
2018-02-07 05:51:00,0.5080104034007036
2018-02-07 05:54:00,0.5620438070880596
2018-02-07 05:57:00,0.5707768787819987
2018-02-07 06:00:00,0.5116968367284471
2018-02-07 06:03:00,0.4599869088563082
2018-02-07 06:06:00,0.4599016604160511
2018-02-07 06:09:00,0.5677503442003626
2018-02-07 06:12:00,0.47486082330982526
2018-02-07 06:15:00,0.4883391818849532
2018-02-07 06:18:00,0.569590203741484
2018-02-07 06:21:00,0.42231845866308504
2018-02-07 06:24:00,0.49422445637401324
2018-02-07 06:27:00,0.44296381576253907
2018-02-07 06:30:00,0.5127912163844712
2018-02-07 06:33:00,0.5482913345254019
2018-02-07 06:36:00,0.5148669284777156
2018-02-07 06:39:00,0.5635701323089393
2018-02-07 06:42:00,0.48900898779254476
2018-02-07 06:45:00,0.518759440139263
2018-02-07 06:48:00,0.5198310720546715
2018-02-07 06:51:00,0.43408185655658826
2018-02-07 06:54:00,0.6307032414079572
2018-02-07 06:57:00,0.5881772173316335
2018-02-07 07:00:00,0.5325985343657749
2018-02-07 07:03:00,0.5088973529887539
2018-02-07 07:06:00,0.4691049976962631
2018-02-07 07:09:00,0.5573901307458868
2018-02-07 07:12:00,0.4954788455729613
2018-02-07 07:15:00,0.505354501989018
2018-02-07 07:18:00,0.5339804271164894
2018-02-07 07:21:00,0.5272705333536578
2018-02-07 07:24:00,0.5803494576159096
2018-02-07 07:27:00,0.5585882258118886
2018-02-07 07:30:00,0.5906710993508568
2018-02-07 07:33:00,0.5247549616734659
2018-02-07 07:36:00,0.6381704139416229
2018-02-07 07:39:00,0.5774761474797288
2018-02-07 07:42:00,0.5595487365039276
2018-02-07 07:45:00,0.6074347537759195
2018-02-07 07:48:00,0.541479599721356
2018-02-07 07:51:00,0.5619559518905817
2018-02-07 07:54:00,0.6210242982961063
2018-02-07 07:57:00,0.5724846167697137
2018-02-07 08:00:00,0.5829420729891126
2018-02-07 08:03:00,0.4186158692364188
2018-02-07 08:06:00,0.40028596482960666
2018-02-07 08:09:00,0.5308188710386617
2018-02-07 08:12:00,0.4876041798507913
2018-02-07 08:15:00,0.4771844571843644
2018-02-07 08:18:00,0.39950094927053215
2018-02-07 08:21:00,0.5518755626103484
2018-02-07 08:24:00,0.4996823819359406
2018-02-07 08:27:00,0.43600272289597797
2018-02-07 08:30:00,0.30249858399480445
2018-02-07 08:33:00,0.4326362760068605
2018-02-07 08:36:00,0.4356257226695561
2018-02-07 08:39:00,0.4131194212631044
2018-02-07 08:42:00,0.4630468894991395
2018-02-07 08:45:00,0.4761055294287644
2018-02-07 08:48:00,0.38193564753339615
2018-02-07 08:51:00,0.35782610451462915
2018-02-07 08:54:00,0.40148532400718295
2018-02-07 08:57:00,0.4917322800654347
2018-02-07 09:00:00,0.4273392957832698
2018-02-07 09:03:00,0.45674245926358026
2018-02-07 09:06:00,0.43518734099279754
2018-02-07 09:09:00,0.39370139126509685
2018-02-07 09:12:00,0.4657889865825382
2018-02-07 09:15:00,0.43802413908690596
2018-02-07 09:18:00,0.31901563622426465
2018-02-07 09:21:00,0.39409425250602226
2018-02-07 09:24:00,0.39907508498646393
2018-02-07 09:27:00,0.23839175525483824
2018-02-07 09:30:00,0.31126912918500693
2018-02-07 09:33:00,0.317057253838982
2018-02-07 09:36:00,0.3054021925359507
2018-02-07 09:39:00,0.3251089758480248
2018-02-07 09:42:00,0.25173222221633296
2018-02-07 09:45:00,0.3349513192762288
2018-02-07 09:48:00,0.3260275709596385
2018-02-07 09:51:00,0.29442111271958993
2018-02-07 09:54:00,0.25037356748197226
2018-02-07 09:57:00,0.18542849516308024
2018-02-07 10:00:00,0.3521955177089353
2018-02-07 10:03:00,0.28124818498343984
2018-02-07 10:06:00,0.16294990002859322
2018-02-07 10:09:00,0.12082491900406467
2018-02-07 10:12:00,0.14072952718561282
2018-02-07 10:15:00,0.09036894114410643
2018-02-07 10:18:00,0.2068527426864648
2018-02-07 10:21:00,0.22188338957647602
2018-02-07 10:24:00,0.09011835361360454
2018-02-07 10:27:00,0.1536896021902976
2018-02-07 10:30:00,0.19274001229626947
2018-02-07 10:33:00,0.08695890987138455
2018-02-07 10:36:00,0.13905116031992293
2018-02-07 10:39:00,0.0777370246415785
2018-02-07 10:42:00,0.16038712182938752
2018-02-07 10:45:00,0.20144615829821078
2018-02-07 10:48:00,0.1379293671155324
2018-02-07 10:51:00,0.14905653398420782
2018-02-07 10:54:00,0.16348957071085124
2018-02-07 10:57:00,0.0603573895193108
2018-02-07 11:00:00,0.11607272872856811
2018-02-07 11:03:00,0.05617077818192229
2018-02-07 11:06:00,0.05725808046599923
2018-02-07 11:09:00,0.10774035695874318
2018-02-07 11:12:00,0.12581457870533086
2018-02-07 11:15:00,0.14792612724818355
2018-02-07 11:18:00,0.05042541290720237
2018-02-07 11:21:00,0.10907603837398483
2018-02-07 11:24:00,0.10042359009929669
2018-02-07 11:27:00,-0.002616032209346031
2018-02-07 11:30:00,-0.0005232865928519459
2018-02-07 11:33:00,-0.01657730847273342
2018-02-07 11:36:00,-0.03595895936030047
2018-02-07 11:39:00,0.018176230347307865
2018-02-07 11:42:00,-0.01775861434549597
2018-02-07 11:45:00,-0.04912622930322641
2018-02-07 11:48:00,-0.1528448767660393
2018-02-07 11:51:00,-0.04162176911063398
2018-02-07 11:54:00,-0.018820371289280047
2018-02-07 11:57:00,-0.06165303997175897
2018-02-07 12:00:00,-0.06324985637888858
2018-02-07 12:03:00,-0.14969100072670471
2018-02-07 12:06:00,0.029491209622790393
2018-02-07 12:09:00,-0.09690956750432633
2018-02-07 12:12:00,-0.23232760282598974
2018-02-07 12:15:00,-0.21122691338524646
2018-02-07 12:18:00,-0.02883101124859877
2018-02-07 12:21:00,-0.07410036580427004
2018-02-07 12:24:00,-0.12123710562661927
2018-02-07 12:27:00,-0.195278007884383
2018-02-07 12:30:00,-0.14707960656380692
2018-02-07 12:33:00,-0.19946527050359464
2018-02-07 12:36:00,-0.20699254007411128
2018-02-07 12:39:00,0.01503215659028001
2018-02-07 12:42:00,-0.14994404570438746
2018-02-07 12:45:00,-0.27447077267481745
2018-02-07 12:48:00,-0.21013179568262785
2018-02-07 12:51:00,-0.14094068487963796
2018-02-07 12:54:00,-0.24195131501869582
2018-02-07 12:57:00,-0.1725101980680961
2018-02-07 13:00:00,-0.34593278141295514
2018-02-07 13:03:00,-0.29712065589933445
2018-02-07 13:06:00,-0.20509716948481582
2018-02-07 13:09:00,-0.2799744922670584
2018-02-07 13:12:00,-0.31698774731285084
2018-02-07 13:15:00,-0.2928604882322361
2018-02-07 13:18:00,-0.2640768546181107
2018-02-07 13:21:00,-0.2726735941811853
2018-02-07 13:24:00,-0.24688907546254768
2018-02-07 13:27:00,-0.3060254378394234
2018-02-07 13:30:00,-0.3607629245981343
2018-02-07 13:33:00,-0.3257564062491838
2018-02-07 13:36:00,-0.31139088773346657
2018-02-07 13:39:00,-0.5233274334147495
2018-02-07 13:42:00,-0.36651270341474174
2018-02-07 13:45:00,-0.2822631715080206
2018-02-07 13:48:00,-0.18630648639117453
2018-02-07 13:51:00,-0.21200501770812252
2018-02-07 13:54:00,-0.27852233310511565
2018-02-07 13:57:00,-0.40885998078630337
2018-02-07 14:00:00,-0.39543046511550983
2018-02-07 14:03:00,-0.32496349774038435
2018-02-07 14:06:00,-0.3625349880142039
2018-02-07 14:09:00,-0.29332439414378086
2018-02-07 14:12:00,-0.20312453898350213
2018-02-07 14:15:00,-0.24392202971409915
2018-02-07 14:18:00,-0.2731329767437387
2018-02-07 14:21:00,-0.2502249991838994
2018-02-07 14:24:00,-0.31286216003417167
2018-02-07 14:27:00,-0.21284027812089334
2018-02-07 14:30:00,-0.2334940981763225
2018-02-07 14:33:00,-0.34843259904653223
2018-02-07 14:36:00,-0.34407177100899844
2018-02-07 14:39:00,-0.22973817654047934
2018-02-07 14:42:00,-0.2262986499310955
2018-02-07 14:45:00,-0.27859239708379846
2018-02-07 14:48:00,-0.17065390144239245
2018-02-07 14:51:00,-0.1540640562868134
2018-02-07 14:54:00,-0.1875341425763395
2018-02-07 14:57:00,-0.1916436375655053
2018-02-07 15:00:00,-0.19224865367982602
2018-02-07 15:03:00,-0.12501490179522534
2018-02-07 15:06:00,-0.13527195543269954
2018-02-07 15:09:00,-0.08909958664793294
2018-02-07 15:12:00,-0.24703988781243424
2018-02-07 15:15:00,-0.2040116014444493
2018-02-07 15:18:00,-0.13555721195024262
2018-02-07 15:21:00,-0.20233484864525053
2018-02-07 15:24:00,-0.12827289296444633
2018-02-07 15:27:00,-0.16847540423611918
2018-02-07 15:30:00,-0.15196250640548215
2018-02-07 15:33:00,-0.18510242470102867
2018-02-07 15:36:00,-0.19683889998708537
2018-02-07 15:39:00,-0.025534262819121523
2018-02-07 15:42:00,-0.026009926334666034
2018-02-07 15:45:00,-0.0951030724909856
2018-02-07 15:48:00,-0.08957696670626092
2018-02-07 15:51:00,-0.24541192422555014
2018-02-07 15:54:00,-0.08429307506088435
2018-02-07 15:57:00,-0.08514216192867252
2018-02-07 16:00:00,-0.06596232850165507
2018-02-07 16:03:00,-0.045600060766787465
2018-02-07 16:06:00,-0.07475316978110413
2018-02-07 16:09:00,-0.013609031555176898
2018-02-07 16:12:00,-0.07991461652204634
2018-02-07 16:15:00,-0.07682533768547728
2018-02-07 16:18:00,-0.06165239641489961
2018-02-07 16:21:00,-0.07100785724685466
2018-02-07 16:24:00,-0.1433712446644222
2018-02-07 16:27:00,-0.09120484436056131
2018-02-07 16:30:00,-0.1352603382002826
2018-02-07 16:33:00,-0.07423875327873475
2018-02-07 16:36:00,-0.07078688111971587
2018-02-07 16:39:00,0.04568106372414604
2018-02-07 16:42:00,-0.048592718300653814
2018-02-07 16:45:00,-0.0528657500292411
2018-02-07 16:48:00,0.12522488225158668
2018-02-07 16:51:00,0.11842370368623278
2018-02-07 16:54:00,0.12132033616302351
2018-02-07 16:57:00,0.1889795487468291
2018-02-07 17:00:00,0.2657132463902485
2018-02-07 17:03:00,0.11683087077426535
2018-02-07 17:06:00,0.050969866469301905
2018-02-07 17:09:00,0.11951075805359324
2018-02-07 17:12:00,0.12344178914008808
2018-02-07 17:15:00,0.1337703796999108
2018-02-07 17:18:00,0.2207361296755721
2018-02-07 17:21:00,0.12010691481924596
2018-02-07 17:24:00,0.10861644794363201
2018-02-07 17:27:00,0.0766647433741241
2018-02-07 17:30:00,0.08848825346376543
2018-02-07 17:33:00,0.24391855533474427
2018-02-07 17:36:00,0.1943585598513664
2018-02-07 17:39:00,0.0395091051344707
2018-02-07 17:42:00,0.20035954195918748
2018-02-07 17:45:00,0.1760808646716896
2018-02-07 17:48:00,0.23582806002377765
2018-02-07 17:51:00,0.0845701768379854
2018-02-07 17:54:00,0.19660204414583404
2018-02-07 17:57:00,0.11966704149426732
2018-02-07 18:00:00,0.28029627168984916
2018-02-07 18:03:00,0.2784716348896268
2018-02-07 18:06:00,0.2822447118408604
2018-02-07 18:09:00,0.16468172640173862
2018-02-07 18:12:00,0.2660800168034143
2018-02-07 18:15:00,0.21307406989063793
2018-02-07 18:18:00,0.2121207873119033
2018-02-07 18:21:00,0.2605964046155691
2018-02-07 18:24:00,0.23632227519482285
2018-02-07 18:27:00,0.1739175393062169
2018-02-07 18:30:00,0.3733383628613751
2018-02-07 18:33:00,0.19342289574115057
2018-02-07 18:36:00,0.1903240478565067
2018-02-07 18:39:00,0.2854947213849641
2018-02-07 18:42:00,0.3394686680433665
2018-02-07 18:45:00,0.25750686608876094
2018-02-07 18:48:00,0.24239970694560498
2018-02-07 18:51:00,0.3222211514603259
2018-02-07 18:54:00,
2018-02-07 18:57:00,
2018-02-07 19:00:00,
2018-02-07 19:03:00,0.3137012344622008
2018-02-07 19:06:00,0.2536334047071591
2018-02-07 19:09:00,0.3370944015331929
2018-02-07 19:12:00,0.3196241716071313
2018-02-07 19:15:00,0.2637806456344265
2018-02-07 19:18:00,0.4100233679150165
2018-02-07 19:21:00,0.3143818193998982
2018-02-07 19:24:00,0.35699297736829294
2018-02-07 19:27:00,0.31891805974981935
2018-02-07 19:30:00,0.3821716623853604
2018-02-07 19:33:00,0.3384186559423483
2018-02-07 19:36:00,0.40124061041154846
2018-02-07 19:39:00,0.29307881155830273
2018-02-07 19:42:00,0.30550136220375634
2018-02-07 19:45:00,0.35330031483437097
2018-02-07 19:48:00,0.3309110249361993
2018-02-07 19:51:00,0.41083536486411276
2018-02-07 19:54:00,0.27477070524975034
2018-02-07 19:57:00,0.41478951472106473
2018-02-07 20:00:00,0.4498807986739166
2018-02-07 20:03:00,0.4053104453152514
2018-02-07 20:06:00,0.43182449403161627
2018-02-07 20:09:00,0.36924549958439457
2018-02-07 20:12:00,0.38462810396691793
2018-02-07 20:15:00,0.36037850938504334
2018-02-07 20:18:00,0.368988623878181
2018-02-07 20:21:00,0.36890956126728724
2018-02-07 20:24:00,0.34958960966957875
2018-02-07 20:27:00,0.3528727930050195
2018-02-07 20:30:00,0.4381991849784299
2018-02-07 20:33:00,0.37654092544119067
2018-02-07 20:36:00,0.4067817029495018
2018-02-07 20:39:00,0.25780156586353087
2018-02-07 20:42:00,0.31488451746446344
2018-02-07 20:45:00,0.37052207816333294
2018-02-07 20:48:00,0.34872598451016756
2018-02-07 20:51:00,0.3218168599604496
2018-02-07 20:54:00,0.4025205554854665
2018-02-07 20:57:00,0.3025349784318223
2018-02-07 21:00:00,0.3238777801368542
2018-02-07 21:03:00,0.38843543543708847
2018-02-07 21:06:00,0.3372988168489428
2018-02-07 21:09:00,0.395795289832904
2018-02-07 21:12:00,0.3483247248356065
2018-02-07 21:15:00,0.3251311012516567
2018-02-07 21:18:00,0.24554921968058352
2018-02-07 21:21:00,0.37752999139132726
2018-02-07 21:24:00,0.41675947369162714
2018-02-07 21:27:00,0.35991580346626506
2018-02-07 21:30:00,0.3939884413268828
2018-02-07 21:33:00,0.3763254508138516
2018-02-07 21:36:00,0.3722059996062512
2018-02-07 21:39:00,0.3997074542108976
2018-02-07 21:42:00,0.3304958333997092
2018-02-07 21:45:00,0.2680866157948003
2018-02-07 21:48:00,0.25162190940829987
2018-02-07 21:51:00,0.41695446552643034
2018-02-07 21:54:00,0.4326583233257111
2018-02-07 21:57:00,0.37514432292181255
2018-02-07 22:00:00,0.40312650573162045
2018-02-07 22:03:00,0.39027726467617185
2018-02-07 22:06:00,0.4363260620041274
2018-02-07 22:09:00,0.4209386610053798
2018-02-07 22:12:00,0.3799559749294872
2018-02-07 22:15:00,0.4101430981522185
2018-02-07 22:18:00,0.3604199598232185
2018-02-07 22:21:00,0.39668631184844116
2018-02-07 22:24:00,0.31769310631938197
2018-02-07 22:27:00,0.42957041530888773
2018-02-07 22:30:00,0.31582085978965324
2018-02-07 22:33:00,0.45931805071165854
2018-02-07 22:36:00,0.38598545387429795
2018-02-07 22:39:00,0.3793389914503109
2018-02-07 22:42:00,0.45831547388667104
2018-02-07 22:45:00,0.45020814285061306
2018-02-07 22:48:00,0.3419668964045286
2018-02-07 22:51:00,0.44920242208957006
2018-02-07 22:54:00,0.35027323235726726
2018-02-07 22:57:00,0.5118210437666448
2018-02-07 23:00:00,0.39475428911453037
2018-02-07 23:03:00,0.435224260538007
2018-02-07 23:06:00,0.38272835270873884
2018-02-07 23:09:00,0.3912921672188645
2018-02-07 23:12:00,0.4834117992195388
2018-02-07 23:15:00,0.5814644993508864
2018-02-07 23:18:00,0.39481073887134244
2018-02-07 23:21:00,0.5494540497836056
2018-02-07 23:24:00,0.3591200807328505
2018-02-07 23:27:00,0.43681554062953865
2018-02-07 23:30:00,0.3771164913009102
2018-02-07 23:33:00,0.4472823098634535
2018-02-07 23:36:00,0.4420581628361333
2018-02-07 23:39:00,0.4465159011178912
2018-02-07 23:42:00,0.44311189334450773
2018-02-07 23:45:00,0.40540912120934536
2018-02-07 23:48:00,0.4571241158121211
2018-02-07 23:51:00,0.51606194231465
2018-02-07 23:54:00,0.49118642509665733
2018-02-07 23:57:00,0.44159976217821395
2018-02-08 00:00:00,0.463476898437591
2018-02-08 00:03:00,0.45816798748325027
2018-02-08 00:06:00,0.4253175984044901
2018-02-08 00:09:00,0.548476062151849
2018-02-08 00:12:00,0.27996884185103
2018-02-08 00:15:00,0.4238582060877434
2018-02-08 00:18:00,0.43807301227616335
2018-02-08 00:21:00,0.49112727778242515
2018-02-08 00:24:00,0.5758519447722961
2018-02-08 00:27:00,0.5457177314575006
2018-02-08 00:30:00,0.5736753963607271
2018-02-08 00:33:00,0.5176572570634903
2018-02-08 00:36:00,0.3486442750043466
2018-02-08 00:39:00,0.5206346603421821
2018-02-08 00:42:00,0.6031011193319955
2018-02-08 00:45:00,0.5178440541684495
2018-02-08 00:48:00,0.5159824592440145
2018-02-08 00:51:00,0.6086547318361113
2018-02-08 00:54:00,0.46525387683720965
2018-02-08 00:57:00,0.500817017651741
2018-02-08 01:00:00,0.6234782891249324
2018-02-08 01:03:00,0.5178567898686879
2018-02-08 01:06:00,0.4365202618776607
2018-02-08 01:09:00,0.395170148102693
2018-02-08 01:12:00,0.5494547236988296
2018-02-08 01:15:00,0.509607474157292
2018-02-08 01:18:00,0.45046275330525987
2018-02-08 01:21:00,0.5282452063993901
2018-02-08 01:24:00,0.4194429145210279
2018-02-08 01:27:00,0.5164667168443771
2018-02-08 01:30:00,0.582305858386519
2018-02-08 01:33:00,0.5461375420481431
2018-02-08 01:36:00,0.5675521097169849
2018-02-08 01:39:00,0.4606681254083469
2018-02-08 01:42:00,0.4295195427368981
2018-02-08 01:45:00,0.4789604750999388
2018-02-08 01:48:00,0.41839710864718427
2018-02-08 01:51:00,0.5433299380130165
2018-02-08 01:54:00,0.41340033692404177
2018-02-08 01:57:00,0.589156725781379
2018-02-08 02:00:00,0.5045650667576638
2018-02-08 02:03:00,0.3064197626085843
2018-02-08 02:06:00,0.42644032349670624
2018-02-08 02:09:00,0.45030990825250683
2018-02-08 02:12:00,0.5291916867330997
2018-02-08 02:15:00,0.41299489975961023
2018-02-08 02:18:00,0.4379246399529393
2018-02-08 02:21:00,0.5454439218790981
2018-02-08 02:24:00,0.3732566758676512
2018-02-08 02:27:00,0.41945822102871944
2018-02-08 02:30:00,0.47690828076122216
2018-02-08 02:33:00,0.4823341299061781
2018-02-08 02:36:00,0.28954946615652943
2018-02-08 02:39:00,0.30369066493437913
2018-02-08 02:42:00,0.3279813603809316
2018-02-08 02:45:00,0.25725618782422544
2018-02-08 02:48:00,0.33615000998565847
2018-02-08 02:51:00,0.44234798900890837
2018-02-08 02:54:00,0.42528372615646504
2018-02-08 02:57:00,0.333222259201591
2018-02-08 03:00:00,0.4141694610119657
2018-02-08 03:03:00,0.5368133439932308
2018-02-08 03:06:00,0.42344895747834244
2018-02-08 03:09:00,0.40946049419324027
2018-02-08 03:12:00,0.5078882704687544
2018-02-08 03:15:00,0.5692229177277
2018-02-08 03:18:00,0.5214726006617525
2018-02-08 03:21:00,0.5139976258313368
2018-02-08 03:24:00,0.5603859307919379
2018-02-08 03:27:00,0.5358844052568656
2018-02-08 03:30:00,0.46931227951159826
2018-02-08 03:33:00,0.4341374325451852
2018-02-08 03:36:00,0.324807052055462
2018-02-08 03:39:00,0.306322270343685
2018-02-08 03:42:00,0.3511850910075509
2018-02-08 03:45:00,0.3321585658101185
2018-02-08 03:48:00,0.38537296596251736
2018-02-08 03:51:00,0.31336174812827267
2018-02-08 03:54:00,0.39268991232489725
2018-02-08 03:57:00,0.42840229210736425
2018-02-08 04:00:00,0.437549584259898
2018-02-08 04:03:00,0.5092041092884187
2018-02-08 04:06:00,0.4039168626587184
2018-02-08 04:09:00,0.4488964914027065
2018-02-08 04:12:00,0.5045295232797571
2018-02-08 04:15:00,0.44342977412503615
2018-02-08 04:18:00,0.43796052758222004
2018-02-08 04:21:00,0.4207343755398938
2018-02-08 04:24:00,0.4287769629573859
2018-02-08 04:27:00,0.43217408068449004
2018-02-08 04:30:00,0.4473273993030489
2018-02-08 04:33:00,0.48683438797695544
2018-02-08 04:36:00,0.4187741671624394
2018-02-08 04:39:00,0.39848055791611614
2018-02-08 04:42:00,0.3676936439856604
2018-02-08 04:45:00,0.26045713843274143
2018-02-08 04:48:00,0.27161177261530156
2018-02-08 04:51:00,0.24717550218326778
2018-02-08 04:54:00,0.40635063640837643
2018-02-08 04:57:00,0.41174355805264895
2018-02-08 05:00:00,0.45484929782361405
2018-02-08 05:03:00,0.38340228346675076
2018-02-08 05:06:00,0.2378239564540081
2018-02-08 05:09:00,0.45117003525945165
2018-02-08 05:12:00,0.5592941002141174
2018-02-08 05:15:00,0.51159124347447
2018-02-08 05:18:00,0.4959154473531271
2018-02-08 05:21:00,0.5946964962711263
2018-02-08 05:24:00,0.5757229219708506
2018-02-08 05:27:00,0.6009086615604247
2018-02-08 05:30:00,0.507871903429816
2018-02-08 05:33:00,0.5469516253742768
2018-02-08 05:36:00,0.5352559588035888
2018-02-08 05:39:00,0.4480289815362539
2018-02-08 05:42:00,0.5147862352977199
2018-02-08 05:45:00,0.47256849139546375
2018-02-08 05:48:00,0.45479089178729737
2018-02-08 05:51:00,0.4874637765610714
2018-02-08 05:54:00,0.48252878077516925
2018-02-08 05:57:00,0.5011000072964862
2018-02-08 06:00:00,0.5554453867259781
2018-02-08 06:03:00,0.6276676457454755
2018-02-08 06:06:00,0.3851052447589609
2018-02-08 06:09:00,0.4997386505855843
2018-02-08 06:12:00,0.4860251175897474
2018-02-08 06:15:00,0.5146556434224863
2018-02-08 06:18:00,0.5092251554937093
2018-02-08 06:21:00,0.48850757665206856
2018-02-08 06:24:00,0.41466232063407915
2018-02-08 06:27:00,0.43818075532271905
2018-02-08 06:30:00,0.46700742526979866
2018-02-08 06:33:00,0.3261896662473305
2018-02-08 06:36:00,0.37482587151475855
2018-02-08 06:39:00,0.2715582246476629
2018-02-08 06:42:00,0.4153760440587462
2018-02-08 06:45:00,0.3436261034548238
2018-02-08 06:48:00,0.40436068846190665
2018-02-08 06:51:00,0.42603946373992585
2018-02-08 06:54:00,0.3713132442200049
2018-02-08 06:57:00,0.3068626581704734
2018-02-08 07:00:00,0.43854522155299946
2018-02-08 07:03:00,0.44094328631001645
2018-02-08 07:06:00,0.43953920447358996
2018-02-08 07:09:00,0.4388453334316864
2018-02-08 07:12:00,0.461734322335019
2018-02-08 07:15:00,0.2498441039809336
2018-02-08 07:18:00,0.262334488641045
2018-02-08 07:21:00,0.39972785511076836
2018-02-08 07:24:00,0.3499986122768064
2018-02-08 07:27:00,0.41269007484277154
2018-02-08 07:30:00,0.3691329037158084
2018-02-08 07:33:00,0.42367386397467044
2018-02-08 07:36:00,0.44358712923212806
2018-02-08 07:39:00,0.44618632346214326
2018-02-08 07:42:00,0.5456014351505019
2018-02-08 07:45:00,0.4034730305517087
2018-02-08 07:48:00,0.3700095223675248
2018-02-08 07:51:00,0.4373407659886652
2018-02-08 07:54:00,0.3904080134242349
2018-02-08 07:57:00,0.36423208312544375
2018-02-08 08:00:00,0.360748829323029
2018-02-08 08:03:00,0.3883802250115309
2018-02-08 08:06:00,0.35307465936574545
2018-02-08 08:09:00,0.2767475192019333
2018-02-08 08:12:00,0.33100154527033965
2018-02-08 08:15:00,0.39967582112689115
2018-02-08 08:18:00,0.3633196870128472
2018-02-08 08:21:00,0.2308271231934782
2018-02-08 08:24:00,0.3026385538268528
2018-02-08 08:27:00,0.42123629484814273
2018-02-08 08:30:00,0.2498239892743186
2018-02-08 08:33:00,0.3105448237993187
2018-02-08 08:36:00,0.33220386108502
2018-02-08 08:39:00,0.3342579544408295
2018-02-08 08:42:00,0.32330365997199806
2018-02-08 08:45:00,0.3133560787198917
2018-02-08 08:48:00,0.3001559807947842
2018-02-08 08:51:00,0.3283380159151079
2018-02-08 08:54:00,0.2386736326988057
2018-02-08 08:57:00,0.3756456646630113
2018-02-08 09:00:00,0.3373309810345404
2018-02-08 09:03:00,0.16198142396928006
2018-02-08 09:06:00,0.2658602407893227
2018-02-08 09:09:00,0.2787626261074365
2018-02-08 09:12:00,0.3864375158941584
2018-02-08 09:15:00,0.2618763872737304
2018-02-08 09:18:00,0.28556481698382186
2018-02-08 09:21:00,0.2427460792076772
2018-02-08 09:24:00,0.2245902713148098
2018-02-08 09:27:00,0.3988720442194449
2018-02-08 09:30:00,0.3116437877795306
2018-02-08 09:33:00,0.25788237349695464
2018-02-08 09:36:00,0.2385854961320888
2018-02-08 09:39:00,0.2422541109056624
2018-02-08 09:42:00,0.36859293838506346
2018-02-08 09:45:00,0.23966216524240735
2018-02-08 09:48:00,0.1807913393644185
2018-02-08 09:51:00,0.18377305233246943
2018-02-08 09:54:00,0.22467830245290088
2018-02-08 09:57:00,0.12848402093533196
2018-02-08 10:00:00,0.1725893728499841
2018-02-08 10:03:00,0.2599823838685893
2018-02-08 10:06:00,0.2248071107193823
2018-02-08 10:09:00,0.22924273211708623
2018-02-08 10:12:00,0.1321887786164666
2018-02-08 10:15:00,0.19799437128699537
2018-02-08 10:18:00,-0.0015384156484969935
2018-02-08 10:21:00,0.11825144707523805
2018-02-08 10:24:00,0.07373553320297788
2018-02-08 10:27:00,0.016073094725015835
2018-02-08 10:30:00,0.11259788912860813
2018-02-08 10:33:00,0.14657066208656033
2018-02-08 10:36:00,0.11193896074070153
2018-02-08 10:39:00,0.025776676889222472
2018-02-08 10:42:00,0.12455767825883868
2018-02-08 10:45:00,0.11364236646073778
2018-02-08 10:48:00,0.17726665822129917
2018-02-08 10:51:00,0.0963829577500519
2018-02-08 10:54:00,0.07425259748902135
2018-02-08 10:57:00,0.10203706789224043
2018-02-08 11:00:00,0.15961172861494788
2018-02-08 11:03:00,0.10006190227682055
2018-02-08 11:06:00,0.012429662143517817
2018-02-08 11:09:00,0.1074484097711661
2018-02-08 11:12:00,0.10494435920207934
2018-02-08 11:15:00,-0.009116693788598695
2018-02-08 11:18:00,-0.08186139344013554
2018-02-08 11:21:00,0.017173700711907713
2018-02-08 11:24:00,0.024786347653559915
2018-02-08 11:27:00,0.181637561992261
2018-02-08 11:30:00,-0.03773899673132064
2018-02-08 11:33:00,-0.07334253742470764
2018-02-08 11:36:00,-0.00881347342499339
2018-02-08 11:39:00,0.04280994460339116
2018-02-08 11:42:00,-0.015704390793018774
2018-02-08 11:45:00,-0.03157928865124404
2018-02-08 11:48:00,-0.010477873965385243
2018-02-08 11:51:00,0.01861014123306859
2018-02-08 11:54:00,-0.08816417902625062
2018-02-08 11:57:00,-0.012882798659290984
2018-02-08 12:00:00,-0.2425378131101752
2018-02-08 12:03:00,0.04583982106555595
2018-02-08 12:06:00,-0.1027357692038322
2018-02-08 12:09:00,0.015696532491801918
2018-02-08 12:12:00,-0.2676329024500319
2018-02-08 12:15:00,-0.14407900509706906
2018-02-08 12:18:00,-0.2581061998212135
2018-02-08 12:21:00,-0.03235670976005167
2018-02-08 12:24:00,-0.12353529196354884
2018-02-08 12:27:00,-0.027412647872552043
2018-02-08 12:30:00,-0.11488853145635858
2018-02-08 12:33:00,-0.04373097572846518
2018-02-08 12:36:00,-0.12926694554062124
2018-02-08 12:39:00,-0.05489532257524843
2018-02-08 12:42:00,-0.09622749608365666
2018-02-08 12:45:00,-0.1367000558677205
2018-02-08 12:48:00,-0.20473274483254045
2018-02-08 12:51:00,-0.10264504729570945
2018-02-08 12:54:00,-0.11890212694629554
2018-02-08 12:57:00,-0.1711017434924429
2018-02-08 13:00:00,-0.05691559792984435
2018-02-08 13:03:00,-0.2398826080234926
2018-02-08 13:06:00,-0.1633359571934534
2018-02-08 13:09:00,-0.20221755126067364
2018-02-08 13:12:00,-0.07616794809757721
2018-02-08 13:15:00,-0.14185300323919137
2018-02-08 13:18:00,-0.20276895241187276
2018-02-08 13:21:00,-0.26418962180810013
2018-02-08 13:24:00,-0.07439089701784951
2018-02-08 13:27:00,-0.1675196421803662
2018-02-08 13:30:00,-0.059738743688456
2018-02-08 13:33:00,-0.1627943858834442
2018-02-08 13:36:00,-0.13915785159423422
2018-02-08 13:39:00,-0.20497651174338216
2018-02-08 13:42:00,-0.21411461036848323
2018-02-08 13:45:00,-0.14403698354789185
2018-02-08 13:48:00,-0.08147757929219779
2018-02-08 13:51:00,-0.11363764328973502
2018-02-08 13:54:00,-0.1244960101093966
2018-02-08 13:57:00,-0.17433064204192306
2018-02-08 14:00:00,-0.1551400808103267
2018-02-08 14:03:00,-0.012592404304427873
2018-02-08 14:06:00,0.04406809646076226
2018-02-08 14:09:00,-0.048469805026286394
2018-02-08 14:12:00,-0.06506634305344505
2018-02-08 14:15:00,-0.03108761907930102
2018-02-08 14:18:00,0.01090295638363159
2018-02-08 14:21:00,-0.15610905440632905
2018-02-08 14:24:00,0.040934735614087
2018-02-08 14:27:00,0.0030566896481900585
2018-02-08 14:30:00,0.11972391474716915
2018-02-08 14:33:00,0.03478476935384833
2018-02-08 14:36:00,0.16964305220210463
2018-02-08 14:39:00,0.04471482236169777
2018-02-08 14:42:00,0.08538493866853969
2018-02-08 14:45:00,0.038723607398765125
2018-02-08 14:48:00,-0.03602208058441647
2018-02-08 14:51:00,0.004846653692709424
2018-02-08 14:54:00,-0.0050859875643141095
2018-02-08 14:57:00,-0.05279286376952541
2018-02-08 15:00:00,0.032311408677628606
2018-02-08 15:03:00,-0.1532382268894139
2018-02-08 15:06:00,-0.0177141268669061
2018-02-08 15:09:00,0.03203028472785263
2018-02-08 15:12:00,-0.05319715410570325
2018-02-08 15:15:00,-0.04377443123763669
2018-02-08 15:18:00,-0.014815014961243378
2018-02-08 15:21:00,0.06555908689909984
2018-02-08 15:24:00,0.081444456406075
2018-02-08 15:27:00,0.16158869214359584
2018-02-08 15:30:00,0.08827337635403865
2018-02-08 15:33:00,0.212707041247711
2018-02-08 15:36:00,0.19426245442610934
2018-02-08 15:39:00,0.20550698901269016
2018-02-08 15:42:00,0.12060892273512991
2018-02-08 15:45:00,0.06908091111188241
2018-02-08 15:48:00,0.10608806872374998
2018-02-08 15:51:00,-0.010964072384638257
2018-02-08 15:54:00,-0.02275622447115211
2018-02-08 15:57:00,-0.06410706906791575
2018-02-08 16:00:00,-0.07905648821997602
2018-02-08 16:03:00,-0.16010573352002666
2018-02-08 16:06:00,-0.02433361304065329
2018-02-08 16:09:00,0.017726703327070936
2018-02-08 16:12:00,-0.05163526218552761
2018-02-08 16:15:00,0.1774913042057733
2018-02-08 16:18:00,0.07585817678784679
2018-02-08 16:21:00,0.12170692429947394
2018-02-08 16:24:00,-0.05351425262057319
2018-02-08 16:27:00,0.13744102472634268
2018-02-08 16:30:00,0.1618478162546353
2018-02-08 16:33:00,0.03550842900568796
2018-02-08 16:36:00,0.07999526906576193
2018-02-08 16:39:00,0.046654953495419704
2018-02-08 16:42:00,0.13873065057634903
2018-02-08 16:45:00,0.014890838828648612
2018-02-08 16:48:00,0.043225255885033675
2018-02-08 16:51:00,-0.08607536940621685
2018-02-08 16:54:00,0.037487767882566914
2018-02-08 16:57:00,-0.03270740160468222
2018-02-08 17:00:00,-0.00539281763570898
2018-02-08 17:03:00,-0.006513210746561526
2018-02-08 17:06:00,-0.03977624297749571
2018-02-08 17:09:00,-0.07547739900439865
2018-02-08 17:12:00,0.019630774489598934
2018-02-08 17:15:00,0.00835799635717649
2018-02-08 17:18:00,-0.04831556140362636
2018-02-08 17:21:00,-0.08386219152379226
2018-02-08 17:24:00,0.08622712676248057
2018-02-08 17:27:00,-0.09677301157222473
2018-02-08 17:30:00,-0.03392149665251054
2018-02-08 17:33:00,-0.00023805101045581978
2018-02-08 17:36:00,0.09185811694595714
2018-02-08 17:39:00,0.0880568686712877
2018-02-08 17:42:00,0.03088639001464344
2018-02-08 17:45:00,-0.05034777206344643
2018-02-08 17:48:00,0.040189955571861447
2018-02-08 17:51:00,0.09539614922567807
2018-02-08 17:54:00,-0.020585906777171203
2018-02-08 17:57:00,-0.02268795602356022
2018-02-08 18:00:00,0.07747856361839922
2018-02-08 18:03:00,0.018285931991840698
2018-02-08 18:06:00,0.006787935505769838
2018-02-08 18:09:00,0.04639975649911321
2018-02-08 18:12:00,0.06107374669204546
2018-02-08 18:15:00,0.13657486394032503
2018-02-08 18:18:00,0.042258797613158094
2018-02-08 18:21:00,0.09801246244506956
2018-02-08 18:24:00,0.15906281971030012
2018-02-08 18:27:00,0.072104862710205
2018-02-08 18:30:00,0.15458298987306307
2018-02-08 18:33:00,0.17500923498067777
2018-02-08 18:36:00,0.026184279949802658
2018-02-08 18:39:00,0.09113065209538718
2018-02-08 18:42:00,0.12885657103106496
2018-02-08 18:45:00,0.21051356357406803
2018-02-08 18:48:00,0.17190973957235656
2018-02-08 18:51:00,0.18646141997197674
2018-02-08 18:54:00,0.29979929172617403
2018-02-08 18:57:00,
2018-02-08 19:00:00,
2018-02-08 19:03:00,0.18039547475353856
2018-02-08 19:06:00,0.1821842868724275
2018-02-08 19:09:00,0.21922444403867303
2018-02-08 19:12:00,0.19474465118742046
2018-02-08 19:15:00,0.16520369225492004
2018-02-08 19:18:00,0.045490678936857876
2018-02-08 19:21:00,0.21265789259592793
2018-02-08 19:24:00,0.16981076320905686
2018-02-08 19:27:00,0.10614548155257353
2018-02-08 19:30:00,0.14803676536149624
2018-02-08 19:33:00,0.2566722529415415
2018-02-08 19:36:00,0.07845021135909747
2018-02-08 19:39:00,0.13133282660481882
2018-02-08 19:42:00,0.20147945219991925
2018-02-08 19:45:00,0.22067208543671768
2018-02-08 19:48:00,0.2082058557723485
2018-02-08 19:51:00,0.25732583084607086
2018-02-08 19:54:00,0.22499317667512742
2018-02-08 19:57:00,0.10285721757139754
2018-02-08 20:00:00,0.2719308615413638
2018-02-08 20:03:00,0.2401810307134724
2018-02-08 20:06:00,0.1977369966198239
2018-02-08 20:09:00,0.3266185925339755
2018-02-08 20:12:00,0.22409412689302144
2018-02-08 20:15:00,0.21739985080489532
2018-02-08 20:18:00,0.2304065911645239
2018-02-08 20:21:00,0.2942868683955453
2018-02-08 20:24:00,0.23383098276786995
2018-02-08 20:27:00,0.23279619487368564
2018-02-08 20:30:00,0.26133630669943386
2018-02-08 20:33:00,0.26768055300442484
2018-02-08 20:36:00,0.28311383373045373
2018-02-08 20:39:00,0.25884074612253016
2018-02-08 20:42:00,0.2773925830763915
2018-02-08 20:45:00,0.21870023718190623
2018-02-08 20:48:00,0.4140054712828487
2018-02-08 20:51:00,0.3470397667766747
2018-02-08 20:54:00,0.26639910043877535
2018-02-08 20:57:00,0.2523181925424751
2018-02-08 21:00:00,0.27644859940801325
2018-02-08 21:03:00,0.19226690863149543
2018-02-08 21:06:00,0.3687196545767506
2018-02-08 21:09:00,0.26128165537204495
2018-02-08 21:12:00,0.3378453206808558
2018-02-08 21:15:00,0.466902147267092
2018-02-08 21:18:00,0.40192676570580943
2018-02-08 21:21:00,0.35238810883146243
2018-02-08 21:24:00,0.3750600811594609
2018-02-08 21:27:00,0.4181631110485
2018-02-08 21:30:00,0.31391465272190544
2018-02-08 21:33:00,0.256596569605847
2018-02-08 21:36:00,0.3070267461939693
2018-02-08 21:39:00,0.35276708304132853
2018-02-08 21:42:00,0.22364653430338421
2018-02-08 21:45:00,0.32235405556639307
2018-02-08 21:48:00,0.2883282592675869
2018-02-08 21:51:00,0.35853446287825363
2018-02-08 21:54:00,0.33387195853663343
2018-02-08 21:57:00,0.28773492802781675
2018-02-08 22:00:00,0.27311438311090797
2018-02-08 22:03:00,0.3236185451906408
2018-02-08 22:06:00,0.23221905631913842
2018-02-08 22:09:00,0.3069079252531992
2018-02-08 22:12:00,0.3937841862951359
2018-02-08 22:15:00,0.14973235326652912
2018-02-08 22:18:00,0.27154585141983034
2018-02-08 22:21:00,0.29567853147835876
2018-02-08 22:24:00,0.31187547520926273
2018-02-08 22:27:00,0.24051358681543888
2018-02-08 22:30:00,0.3097091405728065
2018-02-08 22:33:00,0.3608369018792814
2018-02-08 22:36:00,0.22977651239801844
2018-02-08 22:39:00,0.23419653939038199
2018-02-08 22:42:00,0.2417026647530065
2018-02-08 22:45:00,0.31375116844986906
2018-02-08 22:48:00,0.29317060073009316
2018-02-08 22:51:00,0.3216195492193492
2018-02-08 22:54:00,0.36367134216095565
2018-02-08 22:57:00,0.23680071350219123
2018-02-08 23:00:00,0.2917009866957301
2018-02-08 23:03:00,0.2683932970501246
2018-02-08 23:06:00,0.2432547260108322
2018-02-08 23:09:00,0.3129364163543187
2018-02-08 23:12:00,0.29485502970089783
2018-02-08 23:15:00,0.31954976048746175
2018-02-08 23:18:00,0.33568791489312844
2018-02-08 23:21:00,0.348258807018226
2018-02-08 23:24:00,0.4042369392444698
2018-02-08 23:27:00,0.34143492337130965
2018-02-08 23:30:00,0.3603341693748803
2018-02-08 23:33:00,0.42866242298492807
2018-02-08 23:36:00,0.4450043289033374
2018-02-08 23:39:00,0.4866433617143002
2018-02-08 23:42:00,0.4359662184017452
2018-02-08 23:45:00,0.35659663047147205
2018-02-08 23:48:00,0.3296650973736064
2018-02-08 23:51:00,0.31770591719288177
2018-02-08 23:54:00,0.4344616456658059
2018-02-08 23:57:00,0.38364128058373126
2018-02-09 00:00:00,0.44091738012951964
2018-02-09 00:03:00,0.3910265028105755
2018-02-09 00:06:00,0.34093462191589197
2018-02-09 00:09:00,0.3117643672656527
2018-02-09 00:12:00,0.5061177295692687
2018-02-09 00:15:00,0.3663056021173361
2018-02-09 00:18:00,0.31854909149444666
2018-02-09 00:21:00,0.18354446162720706
2018-02-09 00:24:00,0.40294788388985125
2018-02-09 00:27:00,0.2756108296541697
2018-02-09 00:30:00,0.35469285453274324
2018-02-09 00:33:00,0.3404500015683425
2018-02-09 00:36:00,0.4489500652384777
2018-02-09 00:39:00,0.28309116112279753
2018-02-09 00:42:00,0.2721550517462674
2018-02-09 00:45:00,0.4475480832155654
2018-02-09 00:48:00,0.3543335599967463
2018-02-09 00:51:00,0.4558104627522539
2018-02-09 00:54:00,0.33490473378259367
2018-02-09 00:57:00,0.32793952650075653
2018-02-09 01:00:00,0.38567227587896014
2018-02-09 01:03:00,0.4483962815152154
2018-02-09 01:06:00,0.3039455060336991
2018-02-09 01:09:00,0.31563313512390323
2018-02-09 01:12:00,0.3436934567719163
2018-02-09 01:15:00,0.31266250206630275
2018-02-09 01:18:00,0.40020904860614337
2018-02-09 01:21:00,0.3547809818228984
2018-02-09 01:24:00,0.3652819758254964
2018-02-09 01:27:00,0.3764503154230283
2018-02-09 01:30:00,0.37392242445190504
2018-02-09 01:33:00,0.1878413365320739
2018-02-09 01:36:00,0.305127228219078
2018-02-09 01:39:00,0.30523726708105414
2018-02-09 01:42:00,0.3987314443829746
2018-02-09 01:45:00,0.31375655316583106
2018-02-09 01:48:00,0.26112404677553513
2018-02-09 01:51:00,0.20956806931405936
2018-02-09 01:54:00,0.31395250209203596
2018-02-09 01:57:00,0.40012226810313223
2018-02-09 02:00:00,0.32237608117958416
2018-02-09 02:03:00,0.3988694301323221
2018-02-09 02:06:00,0.3567622549814473
2018-02-09 02:09:00,0.32672495748596475
2018-02-09 02:12:00,0.35803735935866143
2018-02-09 02:15:00,0.25487432149100187
2018-02-09 02:18:00,0.39079833658576035
2018-02-09 02:21:00,0.3155145788547884
2018-02-09 02:24:00,0.3213627137351409
2018-02-09 02:27:00,0.25371984814773896
2018-02-09 02:30:00,0.27635818462482575
2018-02-09 02:33:00,0.31071092785816745
2018-02-09 02:36:00,0.2511037346607736
2018-02-09 02:39:00,0.2983648269159289
2018-02-09 02:42:00,0.34007015786079364
2018-02-09 02:45:00,0.3979389697522038
2018-02-09 02:48:00,0.30320987614402384
2018-02-09 02:51:00,0.3395699999377939
2018-02-09 02:54:00,0.45918228612327994
2018-02-09 02:57:00,0.29975195614161976
2018-02-09 03:00:00,0.34662311347489094
2018-02-09 03:03:00,0.3715699619560269
2018-02-09 03:06:00,0.3162451160383739
2018-02-09 03:09:00,0.4247310000184257
2018-02-09 03:12:00,0.46027162483090933
2018-02-09 03:15:00,0.4510246319322846
2018-02-09 03:18:00,0.2849055450233209
2018-02-09 03:21:00,0.4246134837698605
2018-02-09 03:24:00,0.3070721265087286
2018-02-09 03:27:00,0.33284072366552664
2018-02-09 03:30:00,0.3743767581888733
2018-02-09 03:33:00,0.3950830579080389
2018-02-09 03:36:00,0.4161300515584685
2018-02-09 03:39:00,0.40295336700563666
2018-02-09 03:42:00,0.40545801127336745
2018-02-09 03:45:00,0.43827170213671707
2018-02-09 03:48:00,0.4773940682795228
2018-02-09 03:51:00,0.3994506838451457
2018-02-09 03:54:00,0.36276052769346734
2018-02-09 03:57:00,0.29857362866908943
2018-02-09 04:00:00,0.36770361319980793
2018-02-09 04:03:00,0.36480835719851257
2018-02-09 04:06:00,0.3235106366420837
2018-02-09 04:09:00,0.3545697891454438
2018-02-09 04:12:00,0.4027815066193057
2018-02-09 04:15:00,0.4568466431567231
2018-02-09 04:18:00,0.46894980122584684
2018-02-09 04:21:00,0.435895961734559
2018-02-09 04:24:00,0.41016729089523096
2018-02-09 04:27:00,0.3491391380462119
2018-02-09 04:30:00,0.41534270817066954
2018-02-09 04:33:00,0.4152397607670082
2018-02-09 04:36:00,0.42782260361428825
2018-02-09 04:39:00,0.41131409117264184
2018-02-09 04:42:00,0.4442401190040073
2018-02-09 04:45:00,0.34090917961788136
2018-02-09 04:48:00,0.4156565388012723
2018-02-09 04:51:00,0.3812152848868209
2018-02-09 04:54:00,0.3417486663074669
2018-02-09 04:57:00,0.45512470075436795
2018-02-09 05:00:00,0.39504524502297045
2018-02-09 05:03:00,0.394361550245776
2018-02-09 05:06:00,0.5016681169648223
2018-02-09 05:09:00,0.5788899898289515
2018-02-09 05:12:00,0.42489949190377274
2018-02-09 05:15:00,0.46889563558664804
2018-02-09 05:18:00,0.29186847170024066
2018-02-09 05:21:00,0.3634046004883089
2018-02-09 05:24:00,0.37456419577375755
2018-02-09 05:27:00,0.4471576282279557
2018-02-09 05:30:00,0.4666329862187695
2018-02-09 05:33:00,0.4668186276450683
2018-02-09 05:36:00,0.3554809407697235
2018-02-09 05:39:00,0.3936167706297624
2018-02-09 05:42:00,0.5043272520109667
2018-02-09 05:45:00,0.470682427777831
2018-02-09 05:48:00,0.43767435144849287
2018-02-09 05:51:00,0.418433897955083
2018-02-09 05:54:00,0.5154584561762476
2018-02-09 05:57:00,0.5630919439763602
2018-02-09 06:00:00,0.504352273998677
2018-02-09 06:03:00,0.4532511776217234
2018-02-09 06:06:00,0.4988495749569779
2018-02-09 06:09:00,0.46088921227305946
2018-02-09 06:12:00,0.4658015297549696
2018-02-09 06:15:00,0.42573970780023274
2018-02-09 06:18:00,0.5805404347091212
2018-02-09 06:21:00,0.5448082085354145
2018-02-09 06:24:00,0.5866756697749906
2018-02-09 06:27:00,0.5470029463572246
2018-02-09 06:30:00,0.6222328113203162
2018-02-09 06:33:00,0.48259928639350846
2018-02-09 06:36:00,0.5160069529468387
2018-02-09 06:39:00,0.47377460220104695
2018-02-09 06:42:00,0.623925969220636
2018-02-09 06:45:00,0.5343008692029798
2018-02-09 06:48:00,0.5078037868639171
2018-02-09 06:51:00,0.46542661963684395
2018-02-09 06:54:00,0.44718595925280624
2018-02-09 06:57:00,0.4034387695123769
2018-02-09 07:00:00,0.47053460979554984
2018-02-09 07:03:00,0.4182839804487344
2018-02-09 07:06:00,0.5376602513929356
2018-02-09 07:09:00,0.41747128101064845
2018-02-09 07:12:00,0.5459521754460184
2018-02-09 07:15:00,0.4446545674957747
2018-02-09 07:18:00,0.5724953994563862
2018-02-09 07:21:00,0.4872614257276382
2018-02-09 07:24:00,0.6061442218112916
2018-02-09 07:27:00,0.566798740559534
2018-02-09 07:30:00,0.5048952284670349
2018-02-09 07:33:00,0.4405743597458809
2018-02-09 07:36:00,0.4908326283384099
2018-02-09 07:39:00,0.4629896036664718
2018-02-09 07:42:00,0.3284440076126316
2018-02-09 07:45:00,0.3755522265285549
2018-02-09 07:48:00,0.3963344083562106
2018-02-09 07:51:00,0.3018006120606742
2018-02-09 07:54:00,0.4031904317034787
2018-02-09 07:57:00,0.3456467481975096
2018-02-09 08:00:00,0.3613384063164631
2018-02-09 08:03:00,0.3955283284144002
2018-02-09 08:06:00,0.44183289473306786
2018-02-09 08:09:00,0.36461971490820133
2018-02-09 08:12:00,0.3294144769917011
2018-02-09 08:15:00,0.3780162264725391
2018-02-09 08:18:00,0.4715699142725498
2018-02-09 08:21:00,0.42908947487302385
2018-02-09 08:24:00,0.45981053588576515
2018-02-09 08:27:00,0.45870942044854246
2018-02-09 08:30:00,0.4498986935007565
2018-02-09 08:33:00,0.4142977160022383
2018-02-09 08:36:00,0.4124881626374872
2018-02-09 08:39:00,0.45666390950901814
2018-02-09 08:42:00,0.537198840879455
2018-02-09 08:45:00,0.43983654056694377
2018-02-09 08:48:00,0.5382510470171837
2018-02-09 08:51:00,0.4761058368582667
2018-02-09 08:54:00,0.383726227265754
2018-02-09 08:57:00,0.449035401483286
2018-02-09 09:00:00,0.371998755002096
2018-02-09 09:03:00,0.35195594523668206
2018-02-09 09:06:00,0.25384183379810565
2018-02-09 09:09:00,0.25883043442513554
2018-02-09 09:12:00,0.20422432424334147
2018-02-09 09:15:00,0.3656124838966548
2018-02-09 09:18:00,0.3015124055772844
2018-02-09 09:21:00,0.13471687381326092
2018-02-09 09:24:00,0.29814120561349
2018-02-09 09:27:00,0.2134217020428082
2018-02-09 09:30:00,0.2757824481610669
2018-02-09 09:33:00,0.2303034263079553
2018-02-09 09:36:00,0.1072475183196957
2018-02-09 09:39:00,0.23478479810745512
2018-02-09 09:42:00,0.3582311386883248
2018-02-09 09:45:00,0.190890605009713
2018-02-09 09:48:00,0.32567863510519146
2018-02-09 09:51:00,0.443897344808704
2018-02-09 09:54:00,0.20257310857931543
2018-02-09 09:57:00,0.29057437591228563
2018-02-09 10:00:00,0.3569703119938481
2018-02-09 10:03:00,0.27501511202927986
2018-02-09 10:06:00,0.3415280785660002
2018-02-09 10:09:00,0.2981742831481142
2018-02-09 10:12:00,0.2546691042288671
2018-02-09 10:15:00,0.2603857914592709
2018-02-09 10:18:00,0.3345218923568609
2018-02-09 10:21:00,0.28686832923665406
2018-02-09 10:24:00,0.28295463890583505
2018-02-09 10:27:00,0.2183785213446754
2018-02-09 10:30:00,0.20076220366763664
2018-02-09 10:33:00,0.20637180209212147
2018-02-09 10:36:00,0.20675969636556601
2018-02-09 10:39:00,0.19967305396545498
2018-02-09 10:42:00,0.04338361650195566
2018-02-09 10:45:00,0.17923610545170732
2018-02-09 10:48:00,0.06751328389100308
2018-02-09 10:51:00,0.0863337064114944
2018-02-09 10:54:00,0.2632356771276818
2018-02-09 10:57:00,0.01892182854726343
2018-02-09 11:00:00,0.16687968591475055
2018-02-09 11:03:00,0.04398199198783459
2018-02-09 11:06:00,0.005379696486556895
2018-02-09 11:09:00,-0.060271046321190624
2018-02-09 11:12:00,0.089342652599953
2018-02-09 11:15:00,0.17399495724276903
2018-02-09 11:18:00,0.06902638883440204
2018-02-09 11:21:00,0.12104971266990106
2018-02-09 11:24:00,0.12820857046523315
2018-02-09 11:27:00,0.09288051878576198
2018-02-09 11:30:00,0.11295889406233073
2018-02-09 11:33:00,-0.0866608079087996
2018-02-09 11:36:00,0.1544761111790649
2018-02-09 11:39:00,0.05198955963351182
2018-02-09 11:42:00,0.10543659628416435
2018-02-09 11:45:00,0.01491244089453403
2018-02-09 11:48:00,-0.09596924477426683
2018-02-09 11:51:00,0.06111010134168282
2018-02-09 11:54:00,-0.017208959250979206
2018-02-09 11:57:00,0.015147088631863426
2018-02-09 12:00:00,-0.010446246133653858
2018-02-09 12:03:00,0.03477917931388674
2018-02-09 12:06:00,0.01647086662262609
2018-02-09 12:09:00,0.043795206586764834
2018-02-09 12:12:00,0.071930583622418
2018-02-09 12:15:00,0.044191829935300575
2018-02-09 12:18:00,-0.06166814004575372
2018-02-09 12:21:00,-0.07030678919920774
2018-02-09 12:24:00,0.024217358368616715
2018-02-09 12:27:00,0.03293473283736148
2018-02-09 12:30:00,-0.059260536499095906
2018-02-09 12:33:00,0.024485742978242797
2018-02-09 12:36:00,0.029250380478742954
2018-02-09 12:39:00,0.034258364301479105
2018-02-09 12:42:00,-5.7207331565223285e-05
2018-02-09 12:45:00,-0.1307129501769282
2018-02-09 12:48:00,0.04788757328634574
2018-02-09 12:51:00,0.07224167856412578
2018-02-09 12:54:00,-0.024849081302761533
2018-02-09 12:57:00,-0.11066273444924946
2018-02-09 13:00:00,-0.03128593190263018
2018-02-09 13:03:00,0.009637899837173336
2018-02-09 13:06:00,-0.009074384338589425
2018-02-09 13:09:00,-0.04496070959237386
2018-02-09 13:12:00,0.14476990511741405
2018-02-09 13:15:00,0.003516106602205582
2018-02-09 13:18:00,0.05283625917729751
2018-02-09 13:21:00,-0.10788262515688984
2018-02-09 13:24:00,-0.0707749500081718
2018-02-09 13:27:00,-0.16395842370343416
2018-02-09 13:30:00,-0.1312934895989315
2018-02-09 13:33:00,-0.043893881613314534
2018-02-09 13:36:00,-0.09492999832366422
2018-02-09 13:39:00,0.01265098271721854
2018-02-09 13:42:00,-0.0774747717097739
2018-02-09 13:45:00,-0.05414671990746456
2018-02-09 13:48:00,-0.21501945387137766
2018-02-09 13:51:00,-0.28924652394391615
2018-02-09 13:54:00,-0.14373189033801737
2018-02-09 13:57:00,-0.1744361024171326
2018-02-09 14:00:00,-0.07878010593498175
2018-02-09 14:03:00,-0.16585329971610463
2018-02-09 14:06:00,-0.15593143730762904
2018-02-09 14:09:00,-0.17886708832361364
2018-02-09 14:12:00,-0.09110267197132771
2018-02-09 14:15:00,-0.17861416614641712
2018-02-09 14:18:00,-0.16486807762186118
2018-02-09 14:21:00,-0.1674648103746108
2018-02-09 14:24:00,0.02797470619412934
2018-02-09 14:27:00,-0.11833485123185028
2018-02-09 14:30:00,-0.18732951326433067
2018-02-09 14:33:00,-0.07923294620457
2018-02-09 14:36:00,-0.06436090294027963
2018-02-09 14:39:00,-0.10583708372303136
2018-02-09 14:42:00,-0.15149040365838573
2018-02-09 14:45:00,-0.16827638991964022
2018-02-09 14:48:00,-0.08518302701213543
2018-02-09 14:51:00,-0.14702278833334503
2018-02-09 14:54:00,-0.19823632174063732
2018-02-09 14:57:00,-0.16033417445572695
2018-02-09 15:00:00,-0.17991718306529947
2018-02-09 15:03:00,-0.11774210892872361
2018-02-09 15:06:00,-0.09933404440045024
2018-02-09 15:09:00,-0.22715577495330308
2018-02-09 15:12:00,-0.11607775157722244
2018-02-09 15:15:00,-0.1672903464369142
2018-02-09 15:18:00,-0.07283760326322408
2018-02-09 15:21:00,-0.13659075305531587
2018-02-09 15:24:00,-0.19111427868716646
2018-02-09 15:27:00,-0.047801812423927004
2018-02-09 15:30:00,-0.08367222903166294
2018-02-09 15:33:00,-0.12239806537797904
2018-02-09 15:36:00,-0.11772505457406623
2018-02-09 15:39:00,-0.17999560315041663
2018-02-09 15:42:00,-0.1957778529701386
2018-02-09 15:45:00,-0.1976175616891851
2018-02-09 15:48:00,-0.14781750276108596
2018-02-09 15:51:00,-0.1985595821436732
2018-02-09 15:54:00,-0.15695343751519886
2018-02-09 15:57:00,-0.20335050964075663
2018-02-09 16:00:00,-0.09194587464656934
2018-02-09 16:03:00,-0.04829335179482541
2018-02-09 16:06:00,0.027497652378713155
2018-02-09 16:09:00,0.0730549857013898
2018-02-09 16:12:00,0.014258367920376713
2018-02-09 16:15:00,0.06669597302527563
2018-02-09 16:18:00,0.06393803930961894
2018-02-09 16:21:00,0.13978732576617858
2018-02-09 16:24:00,0.09724033935083298
2018-02-09 16:27:00,0.0049231732389785066
2018-02-09 16:30:00,0.07722869757634498
2018-02-09 16:33:00,0.07686427406935081
2018-02-09 16:36:00,0.14463978159682256
2018-02-09 16:39:00,0.16169049547050918
2018-02-09 16:42:00,0.07082416837346273
2018-02-09 16:45:00,0.17661346657797594
2018-02-09 16:48:00,0.21748018086219645
2018-02-09 16:51:00,0.0969667415183153
2018-02-09 16:54:00,0.07021102179442096
2018-02-09 16:57:00,0.0020324481370721514
2018-02-09 17:00:00,0.16174632509336107
2018-02-09 17:03:00,0.05111863015986273
2018-02-09 17:06:00,0.05893847225797799
2018-02-09 17:09:00,0.05694600828201146
2018-02-09 17:12:00,-0.0456627086834942
2018-02-09 17:15:00,-0.043065980022049644
2018-02-09 17:18:00,0.10347335122077084
2018-02-09 17:21:00,0.14269557140420375
2018-02-09 17:24:00,0.19140526267790392
2018-02-09 17:27:00,0.05735484263220769
2018-02-09 17:30:00,-0.014079091038354363
2018-02-09 17:33:00,0.06010517555637307
2018-02-09 17:36:00,0.032305728979849846
2018-02-09 17:39:00,0.03805238854994286
2018-02-09 17:42:00,0.13812555667016113
2018-02-09 17:45:00,0.19838003615234356
2018-02-09 17:48:00,-0.026386738765950213
2018-02-09 17:51:00,0.05683830056705119
2018-02-09 17:54:00,0.058032785526506814
2018-02-09 17:57:00,0.06625750308018041
2018-02-09 18:00:00,0.1513604134153752
2018-02-09 18:03:00,0.18322708145007027
2018-02-09 18:06:00,0.11981174419304352
2018-02-09 18:09:00,0.17018690260448466
2018-02-09 18:12:00,0.025109274860938058
2018-02-09 18:15:00,0.12645879870979115
2018-02-09 18:18:00,0.20405954487347344
2018-02-09 18:21:00,0.06819248190492999
2018-02-09 18:24:00,0.0013540453356881699
2018-02-09 18:27:00,0.025236042650362833
2018-02-09 18:30:00,0.012518762717036225
2018-02-09 18:33:00,0.007702877383337636
2018-02-09 18:36:00,0.017791021478217317
2018-02-09 18:39:00,0.006114469731528516
2018-02-09 18:42:00,0.005061439895428066
2018-02-09 18:45:00,0.09022990823285681
2018-02-09 18:48:00,-0.04778098323509994
2018-02-09 18:51:00,-0.032670559786254216
2018-02-09 18:54:00,
2018-02-09 18:57:00,
2018-02-09 19:00:00,
2018-02-09 19:03:00,-0.06604058799365475
2018-02-09 19:06:00,0.0657694914939384
2018-02-09 19:09:00,-0.031198250811314665
2018-02-09 19:12:00,0.06281191282789678
2018-02-09 19:15:00,0.07046292623289219
2018-02-09 19:18:00,-0.006789800284764169
2018-02-09 19:21:00,0.0987956055671475
2018-02-09 19:24:00,0.060568502781109146
2018-02-09 19:27:00,0.10471773126886319
2018-02-09 19:30:00,0.16922056781078254
2018-02-09 19:33:00,0.12703554998364552
2018-02-09 19:36:00,0.13886371929430652
2018-02-09 19:39:00,0.2119261039984508
2018-02-09 19:42:00,-0.0042941771163782505
2018-02-09 19:45:00,0.19103653797327524
2018-02-09 19:48:00,0.15668541195208263
2018-02-09 19:51:00,0.1834924885873761
2018-02-09 19:54:00,0.14112920648767613
2018-02-09 19:57:00,0.14922553504322877
2018-02-09 20:00:00,0.1831142427870418
2018-02-09 20:03:00,0.06273649832752426
2018-02-09 20:06:00,0.15259316097620967
2018-02-09 20:09:00,0.09622054670222724
2018-02-09 20:12:00,0.046126670854732765
2018-02-09 20:15:00,-0.02813783817748572
2018-02-09 20:18:00,0.03889303101760788
2018-02-09 20:21:00,0.07764603802246484
2018-02-09 20:24:00,-0.002354677569769592
2018-02-09 20:27:00,0.0032757031896721855
2018-02-09 20:30:00,0.14901796613008855
2018-02-09 20:33:00,0.06591159917689993
2018-02-09 20:36:00,0.09153180857816778
2018-02-09 20:39:00,0.12336670244320658
2018-02-09 20:42:00,-0.02681038707908101
2018-02-09 20:45:00,0.06467288217868372
2018-02-09 20:48:00,0.1689009222947675
2018-02-09 20:51:00,0.10771781646280942
2018-02-09 20:54:00,0.07770480002699287
2018-02-09 20:57:00,0.13405751675389865
2018-02-09 21:00:00,0.028003231768309433
2018-02-09 21:03:00,0.09908048369533162
2018-02-09 21:06:00,0.114003190963615
2018-02-09 21:09:00,0.057191373290152114
2018-02-09 21:12:00,0.13712502051629372
2018-02-09 21:15:00,0.08214446348296178
2018-02-09 21:18:00,0.11937699976823524
2018-02-09 21:21:00,0.224831850829446
2018-02-09 21:24:00,0.05706431677180035
2018-02-09 21:27:00,0.1230377573222654
2018-02-09 21:30:00,0.07689017739647852
2018-02-09 21:33:00,0.10579390310596182
2018-02-09 21:36:00,0.19777899565480084
2018-02-09 21:39:00,0.12387704127530696
2018-02-09 21:42:00,0.1698686175558919
2018-02-09 21:45:00,0.10361481188112975
2018-02-09 21:48:00,0.07750369956244185
2018-02-09 21:51:00,0.13135471434947021
2018-02-09 21:54:00,0.12553106916510615
2018-02-09 21:57:00,0.06519380629367788
2018-02-09 22:00:00,0.1982632156475006
2018-02-09 22:03:00,0.12068975517053104
2018-02-09 22:06:00,0.1146106965884428
2018-02-09 22:09:00,0.20662033041782024
2018-02-09 22:12:00,0.12859459114423544
2018-02-09 22:15:00,0.1559634128988705
2018-02-09 22:18:00,0.17192522282942946
2018-02-09 22:21:00,0.1965989603925209
2018-02-09 22:24:00,0.1164185160322404
2018-02-09 22:27:00,0.2264049124870553
2018-02-09 22:30:00,0.21259778314293953
2018-02-09 22:33:00,0.05240601509348153
2018-02-09 22:36:00,0.25508085939912917
2018-02-09 22:39:00,0.2050173821268686
2018-02-09 22:42:00,0.2721340731091004
2018-02-09 22:45:00,0.34309992981303594
2018-02-09 22:48:00,0.24732845357567612
2018-02-09 22:51:00,0.3035036379867506
2018-02-09 22:54:00,0.31644206989625445
2018-02-09 22:57:00,0.31667190417232405
2018-02-09 23:00:00,0.293695326050738
2018-02-09 23:03:00,0.21939183234388793
2018-02-09 23:06:00,0.2098721791264211
2018-02-09 23:09:00,0.1921339119388108
2018-02-09 23:12:00,0.30103542742750733
2018-02-09 23:15:00,0.35201856677088017
2018-02-09 23:18:00,0.3355408285881367
2018-02-09 23:21:00,0.3053819460342311
2018-02-09 23:24:00,0.3931036654560103
2018-02-09 23:27:00,0.2485564372658473
2018-02-09 23:30:00,0.19736202646282663
2018-02-09 23:33:00,0.21233133888011935
2018-02-09 23:36:00,0.2372271872245051
2018-02-09 23:39:00,0.2295153683692206
2018-02-09 23:42:00,0.12057540022914282
2018-02-09 23:45:00,0.18476955889127566
2018-02-09 23:48:00,0.14309350871104698
2018-02-09 23:51:00,0.2271494750402212
2018-02-09 23:54:00,0.19971258362289745
2018-02-09 23:57:00,0.0787374739184088
2018-02-10 00:00:00,0.29086802774600073
2018-02-10 00:03:00,0.20149843506169418
2018-02-10 00:06:00,0.3312799102759527
2018-02-10 00:09:00,0.20377348737116563
2018-02-10 00:12:00,0.22126262371199346
2018-02-10 00:15:00,0.21437273671631374
2018-02-10 00:18:00,0.19168003009099266
2018-02-10 00:21:00,0.139828603143485
2018-02-10 00:24:00,0.3046368330897167
2018-02-10 00:27:00,0.21529118042013806
2018-02-10 00:30:00,0.1897564241490386
2018-02-10 00:33:00,0.27942533068500097
2018-02-10 00:36:00,0.2866042568639955
2018-02-10 00:39:00,0.2847831931989049
2018-02-10 00:42:00,0.40747937535576284
2018-02-10 00:45:00,0.32772464585661965
2018-02-10 00:48:00,0.3149892689128251
2018-02-10 00:51:00,0.2536810825948237
2018-02-10 00:54:00,0.32779175404829175
2018-02-10 00:57:00,0.2053284152147512
2018-02-10 01:00:00,0.26052164079129625
2018-02-10 01:03:00,0.2742720763381499
2018-02-10 01:06:00,0.32616019378377814
2018-02-10 01:09:00,0.2446913110933906
2018-02-10 01:12:00,0.2380871019070696
2018-02-10 01:15:00,0.27308609674730633
2018-02-10 01:18:00,0.3348138726805132
2018-02-10 01:21:00,0.3075523398406972
2018-02-10 01:24:00,0.4600977563983406
2018-02-10 01:27:00,0.3671337137089381
2018-02-10 01:30:00,0.11353966553042483
2018-02-10 01:33:00,0.3531217256733612
2018-02-10 01:36:00,0.40601117436619916
2018-02-10 01:39:00,0.420252845847358
2018-02-10 01:42:00,0.40833208507984864
2018-02-10 01:45:00,0.48588663107818775
2018-02-10 01:48:00,0.35233470576019954
2018-02-10 01:51:00,0.41720794689450713
2018-02-10 01:54:00,0.39333625821547
2018-02-10 01:57:00,0.4088470553868433
2018-02-10 02:00:00,0.4447382009645935
2018-02-10 02:03:00,0.3852698960546377
2018-02-10 02:06:00,0.39758978881269513
2018-02-10 02:09:00,0.4283568447798416
2018-02-10 02:12:00,0.59200878025581
2018-02-10 02:15:00,0.4480575776835849
2018-02-10 02:18:00,0.37874178313364837
2018-02-10 02:21:00,0.42948988144325995
2018-02-10 02:24:00,0.49476456273504255
2018-02-10 02:27:00,0.3714827466010888
2018-02-10 02:30:00,0.32718177315246066
2018-02-10 02:33:00,0.44203354340623946
2018-02-10 02:36:00,0.40924871736649493
2018-02-10 02:39:00,0.3418303430709102
2018-02-10 02:42:00,0.4386114416191731
2018-02-10 02:45:00,0.31289875176469195
2018-02-10 02:48:00,0.32216536416456165
2018-02-10 02:51:00,0.49379650230622474
2018-02-10 02:54:00,0.4181304326336317
2018-02-10 02:57:00,0.37676261307143477
2018-02-10 03:00:00,0.4742230769319349
2018-02-10 03:03:00,0.26357814512681443
2018-02-10 03:06:00,0.33366129781995824
2018-02-10 03:09:00,0.3572590087321714
2018-02-10 03:12:00,0.41427090976083036
2018-02-10 03:15:00,0.44558353318268473
2018-02-10 03:18:00,0.46686526798845307
2018-02-10 03:21:00,0.3623106268702827
2018-02-10 03:24:00,0.47459811629829574
2018-02-10 03:27:00,0.45299074805382133
2018-02-10 03:30:00,0.2458710865186049
2018-02-10 03:33:00,0.3035400164376938
2018-02-10 03:36:00,0.3548076818108825
2018-02-10 03:39:00,0.41108676762593177
2018-02-10 03:42:00,0.38710867500117274
2018-02-10 03:45:00,0.38578441130567853
2018-02-10 03:48:00,0.3711949458005961
2018-02-10 03:51:00,0.4437715920647065
2018-02-10 03:54:00,0.3640233604767218
2018-02-10 03:57:00,0.48690929096596847
2018-02-10 04:00:00,0.3816003997279722
2018-02-10 04:03:00,0.4295862124620271
2018-02-10 04:06:00,0.4922713745725673
2018-02-10 04:09:00,0.42593129863416834
2018-02-10 04:12:00,0.3981128410429733
2018-02-10 04:15:00,0.39048199610016354
2018-02-10 04:18:00,0.39500452820180953
2018-02-10 04:21:00,0.43080048448553043
2018-02-10 04:24:00,0.3820770620211533
2018-02-10 04:27:00,0.3382535061105614
2018-02-10 04:30:00,0.4851011681167279
2018-02-10 04:33:00,0.4290872611139207
2018-02-10 04:36:00,0.46744076522787736
2018-02-10 04:39:00,0.437408120976329
2018-02-10 04:42:00,0.4763673505511292
2018-02-10 04:45:00,0.3831553133990724
2018-02-10 04:48:00,0.48121506222554444
2018-02-10 04:51:00,0.43388543236238775
2018-02-10 04:54:00,0.44953262895739954
2018-02-10 04:57:00,0.28909421066498453
2018-02-10 05:00:00,0.4399565002096324
2018-02-10 05:03:00,0.38911044071676315
2018-02-10 05:06:00,0.3858023938796009
2018-02-10 05:09:00,0.38565840613625824
2018-02-10 05:12:00,0.448969746146588
2018-02-10 05:15:00,0.35857896008400303
2018-02-10 05:18:00,0.35443704621957295
2018-02-10 05:21:00,0.44371795299025507
2018-02-10 05:24:00,0.41275684866491247
2018-02-10 05:27:00,0.40517640941340005
2018-02-10 05:30:00,0.44308958339769333
2018-02-10 05:33:00,0.5012914118234448
2018-02-10 05:36:00,0.39566048415116484
2018-02-10 05:39:00,0.5066529014104049
2018-02-10 05:42:00,0.531153363037447
2018-02-10 05:45:00,0.4026425523753119
2018-02-10 05:48:00,0.42499065832384986
2018-02-10 05:51:00,0.4105963446469332
2018-02-10 05:54:00,0.36975129819177255
2018-02-10 05:57:00,0.3918074700842453
2018-02-10 06:00:00,0.37066494390381877
2018-02-10 06:03:00,0.5052731420739747
2018-02-10 06:06:00,0.4820732566082029
2018-02-10 06:09:00,0.41846574039107054
2018-02-10 06:12:00,0.4128371685222305
2018-02-10 06:15:00,0.41822362956628467
2018-02-10 06:18:00,0.39674964573833904
2018-02-10 06:21:00,0.3627584561073718
2018-02-10 06:24:00,0.37257332560437817
2018-02-10 06:27:00,0.4356531226622451
2018-02-10 06:30:00,0.46215225497184065
2018-02-10 06:33:00,0.4598413415171194
2018-02-10 06:36:00,0.4862411569523033
2018-02-10 06:39:00,0.5110996123117957
2018-02-10 06:42:00,0.41649658158894454
2018-02-10 06:45:00,0.3782119837260325
2018-02-10 06:48:00,0.399808688128644
2018-02-10 06:51:00,0.4363484936223472
2018-02-10 06:54:00,0.2855124985454154
2018-02-10 06:57:00,0.45261196145196436
2018-02-10 07:00:00,0.42386731411897927
2018-02-10 07:03:00,0.46425553584316503
2018-02-10 07:06:00,0.4914415159656187
2018-02-10 07:09:00,0.5067136377724069
2018-02-10 07:12:00,0.562528195803452
2018-02-10 07:15:00,0.4753064050810849
2018-02-10 07:18:00,0.5289932555007795
2018-02-10 07:21:00,0.4846220537223189
2018-02-10 07:24:00,0.42757593513488246
2018-02-10 07:27:00,0.4625088080585442
2018-02-10 07:30:00,0.45128339707491705
2018-02-10 07:33:00,0.5392208604337725
2018-02-10 07:36:00,0.5844069885487215
2018-02-10 07:39:00,0.6153718603748075
2018-02-10 07:42:00,0.4792588564304765
2018-02-10 07:45:00,0.557654248064182
2018-02-10 07:48:00,0.5246310809723695
2018-02-10 07:51:00,0.5456563884129082
2018-02-10 07:54:00,0.4263137879327701
2018-02-10 07:57:00,0.5783054543443882
2018-02-10 08:00:00,0.3870654363579433
2018-02-10 08:03:00,0.3727735610940499
2018-02-10 08:06:00,0.45255101091765937
2018-02-10 08:09:00,0.46564297136052346
2018-02-10 08:12:00,0.4295557089353679
2018-02-10 08:15:00,0.49712823374721893
2018-02-10 08:18:00,0.40444624547660624
2018-02-10 08:21:00,0.4330667432947166
2018-02-10 08:24:00,0.3415359003539038
2018-02-10 08:27:00,0.37105592853805547
2018-02-10 08:30:00,0.3828562567658764
2018-02-10 08:33:00,0.2802963477071785
2018-02-10 08:36:00,0.31518753545088884
2018-02-10 08:39:00,0.35431990671958147
2018-02-10 08:42:00,0.3821138330155236
2018-02-10 08:45:00,0.2815514348079091
2018-02-10 08:48:00,0.38344880458998887
2018-02-10 08:51:00,0.43646804580737353
2018-02-10 08:54:00,0.399335395216724
2018-02-10 08:57:00,0.5489124219650989
2018-02-10 09:00:00,0.3551402879819534
2018-02-10 09:03:00,0.28764207410898734
2018-02-10 09:06:00,0.4841283018313902
2018-02-10 09:09:00,0.3990326684651109
2018-02-10 09:12:00,0.4590299581466297
2018-02-10 09:15:00,0.4786018761645323
2018-02-10 09:18:00,0.37804045256621066
2018-02-10 09:21:00,0.38107566247498426
2018-02-10 09:24:00,0.40887655593093086
2018-02-10 09:27:00,0.4386291369742139
2018-02-10 09:30:00,0.44077617808892455
2018-02-10 09:33:00,0.3325620861909897
2018-02-10 09:36:00,0.33755801256307905
2018-02-10 09:39:00,0.30408955645657443
2018-02-10 09:42:00,0.27121971289574276
2018-02-10 09:45:00,0.3569910750543386
2018-02-10 09:48:00,0.38617751875000295
2018-02-10 09:51:00,0.42942542993682764
2018-02-10 09:54:00,0.1858332427723326
2018-02-10 09:57:00,0.2968443164264727
2018-02-10 10:00:00,0.38389590850027844
2018-02-10 10:03:00,0.35004090450274816
2018-02-10 10:06:00,0.34846259639186883
2018-02-10 10:09:00,0.2297336440969957
2018-02-10 10:12:00,0.259957534661055
2018-02-10 10:15:00,0.1758070872270423
2018-02-10 10:18:00,0.1534110244070348
2018-02-10 10:21:00,0.09125632697060837
2018-02-10 10:24:00,0.20014615856655382
2018-02-10 10:27:00,0.09662637184874256
2018-02-10 10:30:00,0.17538034537608382
2018-02-10 10:33:00,0.2371269756084189
2018-02-10 10:36:00,0.10803918654357858
2018-02-10 10:39:00,0.07188548607888379
2018-02-10 10:42:00,0.1932147808917648
2018-02-10 10:45:00,0.13784904085002836
2018-02-10 10:48:00,0.11808031139207742
2018-02-10 10:51:00,0.2368692107464767
2018-02-10 10:54:00,0.028704447039274328
2018-02-10 10:57:00,0.03893805098903158
2018-02-10 11:00:00,0.10017753963057885
2018-02-10 11:03:00,0.08068436499456766
2018-02-10 11:06:00,0.02224783650609652
2018-02-10 11:09:00,0.01737445947219385
2018-02-10 11:12:00,0.20346286376241096
2018-02-10 11:15:00,0.0668284555089258
2018-02-10 11:18:00,0.1871900584375794
2018-02-10 11:21:00,0.23577580466445625
2018-02-10 11:24:00,0.19958461650429626
2018-02-10 11:27:00,0.2527597961122865
2018-02-10 11:30:00,0.13379143992614217
2018-02-10 11:33:00,0.20907370143834214
2018-02-10 11:36:00,0.13692122073013024
2018-02-10 11:39:00,0.16415363942667227
2018-02-10 11:42:00,0.16607800037570541
2018-02-10 11:45:00,0.07562098022430064
2018-02-10 11:48:00,0.061565912571211356
2018-02-10 11:51:00,-0.0025623146184443613
2018-02-10 11:54:00,0.05934336852214983
2018-02-10 11:57:00,0.18143950253585217
2018-02-10 12:00:00,0.03302215867108771
2018-02-10 12:03:00,0.11448847481386792
2018-02-10 12:06:00,0.0047840198694188985
2018-02-10 12:09:00,0.07807567696602291
2018-02-10 12:12:00,0.13134161500903474
2018-02-10 12:15:00,0.22471445375697385
2018-02-10 12:18:00,0.11486786951837757
2018-02-10 12:21:00,0.09538172099587428
2018-02-10 12:24:00,0.11053912098373075
2018-02-10 12:27:00,0.12483012647544456
2018-02-10 12:30:00,0.13904735580234728
2018-02-10 12:33:00,0.0794382045037878
2018-02-10 12:36:00,0.02284471209856065
2018-02-10 12:39:00,0.06586775485357066
2018-02-10 12:42:00,0.00046886688971881085
2018-02-10 12:45:00,-0.1519459074614815
2018-02-10 12:48:00,-0.04909970841976019
2018-02-10 12:51:00,-0.06891023739609636
2018-02-10 12:54:00,-0.016480565560698324
2018-02-10 12:57:00,-0.009208905612354101
2018-02-10 13:00:00,0.0015610857743126871
2018-02-10 13:03:00,0.002510936703515654
2018-02-10 13:06:00,0.1098159030461261
2018-02-10 13:09:00,0.10087171996360667
2018-02-10 13:12:00,0.06932164472397062
2018-02-10 13:15:00,-0.05406225931477593
2018-02-10 13:18:00,0.028767927495778167
2018-02-10 13:21:00,-0.17053852094647937
2018-02-10 13:24:00,0.04567520109793577
2018-02-10 13:27:00,-0.09422775595885469
2018-02-10 13:30:00,0.061416799610867656
2018-02-10 13:33:00,0.003916431694108269
2018-02-10 13:36:00,0.0133852390211473
2018-02-10 13:39:00,0.07308780907726486
2018-02-10 13:42:00,0.1071357099245347
2018-02-10 13:45:00,-0.017464409630065347
2018-02-10 13:48:00,-0.14456659199913702
2018-02-10 13:51:00,0.050710054417038464
2018-02-10 13:54:00,0.1502498304250821
2018-02-10 13:57:00,-0.004344528519993673
2018-02-10 14:00:00,-0.025594562810567822
2018-02-10 14:03:00,0.025637726069589917
2018-02-10 14:06:00,-0.0849107596752674
2018-02-10 14:09:00,-0.016203432558768327
2018-02-10 14:12:00,-0.04125945545297327
2018-02-10 14:15:00,-0.01194034084227269
2018-02-10 14:18:00,0.0015034758559409056
2018-02-10 14:21:00,0.05516829482394314
2018-02-10 14:24:00,0.007667033224947772
2018-02-10 14:27:00,-0.1835091548596779
2018-02-10 14:30:00,-0.0639712514255848
2018-02-10 14:33:00,-0.026745200634479716
2018-02-10 14:36:00,-0.0239756703346643
2018-02-10 14:39:00,-0.1489324936588332
2018-02-10 14:42:00,-0.070440328802988
2018-02-10 14:45:00,-0.05057112384372431
2018-02-10 14:48:00,-0.06486263347306931
2018-02-10 14:51:00,-0.06958556993123466
2018-02-10 14:54:00,-0.029206012097404255
2018-02-10 14:57:00,-0.008833302664299936
2018-02-10 15:00:00,0.04479300126928365
2018-02-10 15:03:00,-0.09236954326826208
2018-02-10 15:06:00,-0.09408779563494818
2018-02-10 15:09:00,-0.04545138287369355
2018-02-10 15:12:00,-0.1288685011884354
2018-02-10 15:15:00,-0.1383553304830798
2018-02-10 15:18:00,-0.10097344435769173
2018-02-10 15:21:00,-0.05783710376027784
2018-02-10 15:24:00,-0.14823089227598985
2018-02-10 15:27:00,-0.13668729248109912
2018-02-10 15:30:00,-0.23980706062280888
2018-02-10 15:33:00,-0.2236123718159888
2018-02-10 15:36:00,-0.21416657560394015
2018-02-10 15:39:00,-0.23251450325011547
2018-02-10 15:42:00,-0.05656790643064369
2018-02-10 15:45:00,-0.08035873403810001
2018-02-10 15:48:00,-0.16094961389654827
2018-02-10 15:51:00,-0.21783055158039133
2018-02-10 15:54:00,-0.1962084029239577
2018-02-10 15:57:00,-0.06124186628358075
2018-02-10 16:00:00,0.08160497793835475
2018-02-10 16:03:00,0.17991035299627356
2018-02-10 16:06:00,0.05378900922590901
2018-02-10 16:09:00,0.12449569209030642
2018-02-10 16:12:00,-0.018190163083545485
2018-02-10 16:15:00,0.10321529323010736
2018-02-10 16:18:00,-0.052053186784405625
2018-02-10 16:21:00,-0.04010887399005014
2018-02-10 16:24:00,0.025113225259474348
2018-02-10 16:27:00,-0.04455770383884783
2018-02-10 16:30:00,-0.009051872250097404
2018-02-10 16:33:00,-0.037104684859173176
2018-02-10 16:36:00,-0.10637563077801815
2018-02-10 16:39:00,-0.09012665414786625
2018-02-10 16:42:00,-0.05364485640819794
2018-02-10 16:45:00,0.0006760538067283051
2018-02-10 16:48:00,-0.006594133064993457
2018-02-10 16:51:00,0.02489813688509912
2018-02-10 16:54:00,-0.05435953763327461
2018-02-10 16:57:00,-0.02874218122997263
2018-02-10 17:00:00,-0.05417062242167958
2018-02-10 17:03:00,0.017361415335187758
2018-02-10 17:06:00,0.0032799248207879828
2018-02-10 17:09:00,-0.08492739402822735
2018-02-10 17:12:00,-0.18311145507669835
2018-02-10 17:15:00,-0.2563509440103644
2018-02-10 17:18:00,-0.1709794942353824
2018-02-10 17:21:00,-0.256570050268067
2018-02-10 17:24:00,-0.19344389622966673
2018-02-10 17:27:00,-0.14831848268823933
2018-02-10 17:30:00,-0.14019323560751218
2018-02-10 17:33:00,-0.06569093750641741
2018-02-10 17:36:00,-0.20104770484732626
2018-02-10 17:39:00,-0.02622253819117759
2018-02-10 17:42:00,-0.13870895310901687
2018-02-10 17:45:00,-0.23309870989146475
2018-02-10 17:48:00,-0.1572228134677971
2018-02-10 17:51:00,-0.17082237027852898
2018-02-10 17:54:00,-0.14992276034701035
2018-02-10 17:57:00,-0.17225983517573695
2018-02-10 18:00:00,-0.13369199974937374
2018-02-10 18:03:00,-0.1538522476187154
2018-02-10 18:06:00,-0.18366617326989854
2018-02-10 18:09:00,-0.04530297274908435
2018-02-10 18:12:00,-0.08939463427202554
2018-02-10 18:15:00,-0.1283983890612035
2018-02-10 18:18:00,-0.06655866755164652
2018-02-10 18:21:00,-0.09673111293761849
2018-02-10 18:24:00,-0.14895278129824874
2018-02-10 18:27:00,-0.09016148642859889
2018-02-10 18:30:00,-0.18878292617222314
2018-02-10 18:33:00,-0.06013598277371557
2018-02-10 18:36:00,-0.0349276958139626
2018-02-10 18:39:00,-0.013147950840050271
2018-02-10 18:42:00,-0.05195310453677848
2018-02-10 18:45:00,0.0030064845036577026
2018-02-10 18:48:00,-0.1002012310177065
2018-02-10 18:51:00,-0.07869023391845076
2018-02-10 18:54:00,-0.062044101718697675
2018-02-10 18:57:00,
2018-02-10 19:00:00,
2018-02-10 19:03:00,-0.03138405489261231
2018-02-10 19:06:00,-0.1135318141764401
2018-02-10 19:09:00,-0.058911241161411
2018-02-10 19:12:00,-0.11044510554154385
2018-02-10 19:15:00,-0.00449468293368227
2018-02-10 19:18:00,-0.010619467707897456
2018-02-10 19:21:00,-0.0014729772410078112
2018-02-10 19:24:00,-0.005682683612917572
2018-02-10 19:27:00,0.009933649661320487
2018-02-10 19:30:00,-0.04035970581833226
2018-02-10 19:33:00,-0.0419133900649058
2018-02-10 19:36:00,0.047848285744919394
2018-02-10 19:39:00,0.07431161017456134
2018-02-10 19:42:00,0.03977910219362002
2018-02-10 19:45:00,0.1137034884447985
2018-02-10 19:48:00,0.09854427909021979
2018-02-10 19:51:00,0.00810489511150081
2018-02-10 19:54:00,0.12569059127082483
2018-02-10 19:57:00,0.1225986378823336
2018-02-10 20:00:00,0.09527590452705681
2018-02-10 20:03:00,0.09925407691190458
2018-02-10 20:06:00,0.18532966703202192
2018-02-10 20:09:00,0.19759864528549542
2018-02-10 20:12:00,0.12392029950382266
2018-02-10 20:15:00,0.06429510210841727
2018-02-10 20:18:00,0.15409923816906712
2018-02-10 20:21:00,0.08638172536950606
2018-02-10 20:24:00,0.1707720520259386
2018-02-10 20:27:00,0.13537629465815826
2018-02-10 20:30:00,0.10925478601791383
2018-02-10 20:33:00,0.19380486577387046
2018-02-10 20:36:00,0.1642526698528286
2018-02-10 20:39:00,0.18368298723424914
2018-02-10 20:42:00,0.24576107482653242
2018-02-10 20:45:00,0.1010976137462194
2018-02-10 20:48:00,0.19067630236838795
2018-02-10 20:51:00,0.23727077127699658
2018-02-10 20:54:00,0.1194853558499176
2018-02-10 20:57:00,0.2548950896421047
2018-02-10 21:00:00,0.2585623701985469
2018-02-10 21:03:00,0.2282037648224673
2018-02-10 21:06:00,0.357211827192657
2018-02-10 21:09:00,0.35051301824137227
2018-02-10 21:12:00,0.3018767321593714
2018-02-10 21:15:00,0.32842128385914293
2018-02-10 21:18:00,0.34510713483268773
2018-02-10 21:21:00,0.3419291812795109
2018-02-10 21:24:00,0.2512666507751078
2018-02-10 21:27:00,0.1556994187222358
2018-02-10 21:30:00,0.2597015827845439
2018-02-10 21:33:00,0.1818444682226641
2018-02-10 21:36:00,0.2048601165848254
2018-02-10 21:39:00,0.275553130584683
2018-02-10 21:42:00,0.11542608550598743
2018-02-10 21:45:00,0.22162744015781755
2018-02-10 21:48:00,0.20588302667675862
2018-02-10 21:51:00,0.23176917073953973
2018-02-10 21:54:00,0.16635687018816725
2018-02-10 21:57:00,0.19726090945937358
2018-02-10 22:00:00,0.14062774887509022
2018-02-10 22:03:00,0.16535250403370583
2018-02-10 22:06:00,0.20456100759435003
2018-02-10 22:09:00,0.1875422048348696
2018-02-10 22:12:00,0.15473137803746795
2018-02-10 22:15:00,0.19230659669648276
2018-02-10 22:18:00,0.32451998374506275
2018-02-10 22:21:00,0.21781002572640773
2018-02-10 22:24:00,0.29624952148157035
2018-02-10 22:27:00,0.25264152157370745
2018-02-10 22:30:00,0.17565829248161435
2018-02-10 22:33:00,0.2328549796100674
2018-02-10 22:36:00,0.12623559860389832
2018-02-10 22:39:00,0.16249188236042755
2018-02-10 22:42:00,0.1437018882475627
2018-02-10 22:45:00,0.28985497152621065
2018-02-10 22:48:00,0.1646175034720727
2018-02-10 22:51:00,0.15623721815666158
2018-02-10 22:54:00,0.12557757800630043
2018-02-10 22:57:00,0.16051637421918485
2018-02-10 23:00:00,0.18081790286902333
2018-02-10 23:03:00,0.2013204619621547
2018-02-10 23:06:00,0.14317529971799559
2018-02-10 23:09:00,0.2371956126785335
2018-02-10 23:12:00,0.23140520135046927
2018-02-10 23:15:00,0.22923161530366087
2018-02-10 23:18:00,0.3477200086490484
2018-02-10 23:21:00,0.15086544668702118
2018-02-10 23:24:00,0.2943827417704483
2018-02-10 23:27:00,0.26726591697962476
2018-02-10 23:30:00,0.30051393171123664
2018-02-10 23:33:00,0.31473214264536864
2018-02-10 23:36:00,0.2143814734041598
2018-02-10 23:39:00,0.3265444662065988
2018-02-10 23:42:00,0.3167912465822269
2018-02-10 23:45:00,0.3330869761248323
2018-02-10 23:48:00,0.24087036806417927
2018-02-10 23:51:00,0.36443610287801675
2018-02-10 23:54:00,0.3089384632820611
2018-02-10 23:57:00,0.4001898288453276
2018-02-11 00:00:00,0.3789980320889299
2018-02-11 00:03:00,0.2926827119384825
2018-02-11 00:06:00,0.39029547355937666
2018-02-11 00:09:00,0.41961082781091363
2018-02-11 00:12:00,0.37122590966555435
2018-02-11 00:15:00,0.34644494900203426
2018-02-11 00:18:00,0.42280457334595667
2018-02-11 00:21:00,0.3471517963082533
2018-02-11 00:24:00,0.3528820725919104
2018-02-11 00:27:00,0.31829130063516686
2018-02-11 00:30:00,0.42522324192640326
2018-02-11 00:33:00,0.38436928914046575
2018-02-11 00:36:00,0.37228100304673717
2018-02-11 00:39:00,0.40488922872009425
2018-02-11 00:42:00,0.35270372036200115
2018-02-11 00:45:00,0.4185475601520352
2018-02-11 00:48:00,0.3379220009146593
2018-02-11 00:51:00,0.3774789690266971
2018-02-11 00:54:00,0.3181604284336004
2018-02-11 00:57:00,0.29207960816887635
2018-02-11 01:00:00,0.2942459245508644
2018-02-11 01:03:00,0.330687199321801
2018-02-11 01:06:00,0.318616197994686
2018-02-11 01:09:00,0.2999407080712331
2018-02-11 01:12:00,0.35426739274561214
2018-02-11 01:15:00,0.39052636888249026
2018-02-11 01:18:00,0.26218895530371356
2018-02-11 01:21:00,0.29025108069492944
2018-02-11 01:24:00,0.30939216737994
2018-02-11 01:27:00,0.2933928514862032
2018-02-11 01:30:00,0.29505278405986246
2018-02-11 01:33:00,0.2856827714290944
2018-02-11 01:36:00,0.33676875153508945
2018-02-11 01:39:00,0.36865843949072996
2018-02-11 01:42:00,0.3306739750366319
2018-02-11 01:45:00,0.36364208864006287
2018-02-11 01:48:00,0.2700009275440607
2018-02-11 01:51:00,0.4162724308396264
2018-02-11 01:54:00,0.3343182978417758
2018-02-11 01:57:00,0.4150556557373193
2018-02-11 02:00:00,0.4664707080862627
2018-02-11 02:03:00,0.49313255579443194
2018-02-11 02:06:00,0.42530553425137896
2018-02-11 02:09:00,0.38205780009207047
2018-02-11 02:12:00,0.50505615255679
2018-02-11 02:15:00,0.4958287264646515
2018-02-11 02:18:00,0.5023653936377173
2018-02-11 02:21:00,0.4516194900289747
2018-02-11 02:24:00,0.3859957821297826
2018-02-11 02:27:00,0.4372094746403832
2018-02-11 02:30:00,0.4708023880282326
2018-02-11 02:33:00,0.2962275403444323
2018-02-11 02:36:00,0.37010260100981895
2018-02-11 02:39:00,0.2952217853193133
2018-02-11 02:42:00,0.3730474498477747
2018-02-11 02:45:00,0.4026626710655137
2018-02-11 02:48:00,0.3580325378114253
2018-02-11 02:51:00,0.4933478615359945
2018-02-11 02:54:00,0.36424242003147356
2018-02-11 02:57:00,0.4813042538025911
2018-02-11 03:00:00,0.38066750758162016
2018-02-11 03:03:00,0.44111354583384355
2018-02-11 03:06:00,0.5202171747664011
2018-02-11 03:09:00,0.4932341692373825
2018-02-11 03:12:00,0.5249905621474795
2018-02-11 03:15:00,0.4041997385756986
2018-02-11 03:18:00,0.4315653899179779
2018-02-11 03:21:00,0.4788117774215266
2018-02-11 03:24:00,0.4889870123486162
2018-02-11 03:27:00,0.5426584328374133
2018-02-11 03:30:00,0.41336086349076595
2018-02-11 03:33:00,0.484397471742227
2018-02-11 03:36:00,0.44775701340034857
2018-02-11 03:39:00,0.5071215950784449
2018-02-11 03:42:00,0.5097738720770053
2018-02-11 03:45:00,0.4132670416313431
2018-02-11 03:48:00,0.3154372376334891
2018-02-11 03:51:00,0.4226268388524659
2018-02-11 03:54:00,0.3502468981336051
2018-02-11 03:57:00,0.46268237914864585
2018-02-11 04:00:00,0.2792898954646148
2018-02-11 04:03:00,0.4302843488522967
2018-02-11 04:06:00,0.5350659368256743
2018-02-11 04:09:00,0.5077038534329859
2018-02-11 04:12:00,0.4958581882423232
2018-02-11 04:15:00,0.4411406529232522
2018-02-11 04:18:00,0.4364503964081905
2018-02-11 04:21:00,0.3728503757870385
2018-02-11 04:24:00,0.419823849588397
2018-02-11 04:27:00,0.29673697986731895
2018-02-11 04:30:00,0.34225016458384516
2018-02-11 04:33:00,0.4052664773320771
2018-02-11 04:36:00,0.44426863106548353
2018-02-11 04:39:00,0.2518958885181064
2018-02-11 04:42:00,0.34815932182203824
2018-02-11 04:45:00,0.3982529073475689
2018-02-11 04:48:00,0.4573593193569536
2018-02-11 04:51:00,0.4235314732477491
2018-02-11 04:54:00,0.47263879432216527
2018-02-11 04:57:00,0.35499957463309784
2018-02-11 05:00:00,0.5029935219183699
2018-02-11 05:03:00,0.42291631928173956
2018-02-11 05:06:00,0.47580841493874004
2018-02-11 05:09:00,0.3685072956670865
2018-02-11 05:12:00,0.4356867060366767
2018-02-11 05:15:00,0.552600625548223
2018-02-11 05:18:00,0.523820164441986
2018-02-11 05:21:00,0.373143147348344
2018-02-11 05:24:00,0.3229199179763782
2018-02-11 05:27:00,0.4646397693958306
2018-02-11 05:30:00,0.6381670001234738
2018-02-11 05:33:00,0.4951417708719532
2018-02-11 05:36:00,0.41564402640540266
2018-02-11 05:39:00,0.5506777240233873
2018-02-11 05:42:00,0.5326109484499852
2018-02-11 05:45:00,0.5421413563649367
2018-02-11 05:48:00,0.5270425973311603
2018-02-11 05:51:00,0.5106916987407999
2018-02-11 05:54:00,0.4723404306773773
2018-02-11 05:57:00,0.562806385214401
2018-02-11 06:00:00,0.4101305291954418
2018-02-11 06:03:00,0.4533852933767548
2018-02-11 06:06:00,0.4231370509678527
2018-02-11 06:09:00,0.5143486712066192
2018-02-11 06:12:00,0.49200131126991664
2018-02-11 06:15:00,0.5276172633328997
2018-02-11 06:18:00,0.5123520532144425
2018-02-11 06:21:00,0.38036861032304614
2018-02-11 06:24:00,0.4776322824473027
2018-02-11 06:27:00,0.37563740620976205
2018-02-11 06:30:00,0.4068616290508089
2018-02-11 06:33:00,0.47993093639365725
2018-02-11 06:36:00,0.42924797522033487
2018-02-11 06:39:00,0.467583111057877
2018-02-11 06:42:00,0.4666712997285458
2018-02-11 06:45:00,0.44608828118646215
2018-02-11 06:48:00,0.5083587834496939
2018-02-11 06:51:00,0.4121631311292049
2018-02-11 06:54:00,0.4177441907830257
2018-02-11 06:57:00,0.4362919984682776
2018-02-11 07:00:00,0.5692564176128485
2018-02-11 07:03:00,0.5280822543089698
2018-02-11 07:06:00,0.4159431870020853
2018-02-11 07:09:00,0.4365364532776539
2018-02-11 07:12:00,0.48045643519674286
2018-02-11 07:15:00,0.5789015307363456
2018-02-11 07:18:00,0.5303087538443947
2018-02-11 07:21:00,0.35612827055695107
2018-02-11 07:24:00,0.4783103225154264
2018-02-11 07:27:00,0.4507373534995054
2018-02-11 07:30:00,0.40707510040772377
2018-02-11 07:33:00,0.4944747509580907
2018-02-11 07:36:00,0.5048882615134858
2018-02-11 07:39:00,0.4674005682621214
2018-02-11 07:42:00,0.4161825742398264
2018-02-11 07:45:00,0.44096125635610406
2018-02-11 07:48:00,0.432024241790657
2018-02-11 07:51:00,0.36054084923500795
2018-02-11 07:54:00,0.5327829620775333
2018-02-11 07:57:00,0.5275046040589473
2018-02-11 08:00:00,0.44618271486956473
2018-02-11 08:03:00,0.5308595190889491
2018-02-11 08:06:00,0.496029643519762
2018-02-11 08:09:00,0.4601563713547421
2018-02-11 08:12:00,0.40077282440381623
2018-02-11 08:15:00,0.4541660200810611
2018-02-11 08:18:00,0.3698472938413033
2018-02-11 08:21:00,0.5439825426850575
2018-02-11 08:24:00,0.3516990500191923
2018-02-11 08:27:00,0.5034118190396839
2018-02-11 08:30:00,0.4300277789771485
2018-02-11 08:33:00,0.4384822296937614
2018-02-11 08:36:00,0.4116591564896339
2018-02-11 08:39:00,0.532244986593696
2018-02-11 08:42:00,0.46278769383656027
2018-02-11 08:45:00,0.5930438628217303
2018-02-11 08:48:00,0.49119593532896033
2018-02-11 08:51:00,0.5244839224084785
2018-02-11 08:54:00,0.6444961682294661
2018-02-11 08:57:00,0.481643090402315
2018-02-11 09:00:00,0.5728173867722717
2018-02-11 09:03:00,0.5721048151348782
2018-02-11 09:06:00,0.568937495476348
2018-02-11 09:09:00,0.5610878735895426
2018-02-11 09:12:00,0.6129735774359233
2018-02-11 09:15:00,0.538119985857918
2018-02-11 09:18:00,0.5349737868621673
2018-02-11 09:21:00,0.47281570201374734
2018-02-11 09:24:00,0.3738667173716408
2018-02-11 09:27:00,0.5145041925757141
2018-02-11 09:30:00,0.4903214360269317
2018-02-11 09:33:00,0.35814985519681386
2018-02-11 09:36:00,0.49160567782553244
2018-02-11 09:39:00,0.32014781706692474
2018-02-11 09:42:00,0.3692549424681033
2018-02-11 09:45:00,0.44475938610872845
2018-02-11 09:48:00,0.3585534303359168
2018-02-11 09:51:00,0.3106052123956715
2018-02-11 09:54:00,0.3229009064582442
2018-02-11 09:57:00,0.40996931169269146
2018-02-11 10:00:00,0.3761750531488701
2018-02-11 10:03:00,0.4660262550663674
2018-02-11 10:06:00,0.3674939611203172
2018-02-11 10:09:00,0.45251283041858414
2018-02-11 10:12:00,0.2860682891026727
2018-02-11 10:15:00,0.3895920014645071
2018-02-11 10:18:00,0.34455358429772787
2018-02-11 10:21:00,0.3572495645479421
2018-02-11 10:24:00,0.2634740345154114
2018-02-11 10:27:00,0.38041316592523344
2018-02-11 10:30:00,0.36280789427752325
2018-02-11 10:33:00,0.43216395625449877
2018-02-11 10:36:00,0.3791482685885512
2018-02-11 10:39:00,0.3058691352163123
2018-02-11 10:42:00,0.21818342200526786
2018-02-11 10:45:00,0.31141599329106384
2018-02-11 10:48:00,0.19005846686383165
2018-02-11 10:51:00,0.3556077261939663
2018-02-11 10:54:00,0.31111656547284383
2018-02-11 10:57:00,0.16178596188819938
2018-02-11 11:00:00,0.25671002838242885
2018-02-11 11:03:00,0.25503134821894946
2018-02-11 11:06:00,0.17223940767905788
2018-02-11 11:09:00,0.1930341671561564
2018-02-11 11:12:00,0.20046690141526824
2018-02-11 11:15:00,0.046070553349863985
2018-02-11 11:18:00,0.021480369173559666
2018-02-11 11:21:00,0.2913488742997856
2018-02-11 11:24:00,0.20767597431159857
2018-02-11 11:27:00,0.3494328371464803
2018-02-11 11:30:00,0.29892215742580674
2018-02-11 11:33:00,0.4331854597757001
2018-02-11 11:36:00,0.23714455472889995
2018-02-11 11:39:00,0.21357695074482308
2018-02-11 11:42:00,0.24271911368708743
2018-02-11 11:45:00,0.29792610980473455
2018-02-11 11:48:00,0.3622026857838705
2018-02-11 11:51:00,0.34232251871327435
2018-02-11 11:54:00,0.4204439040623811
2018-02-11 11:57:00,0.47304897440892546
2018-02-11 12:00:00,0.5669991656726552
2018-02-11 12:03:00,0.4618330738064742
2018-02-11 12:06:00,0.5571602017561759
2018-02-11 12:09:00,0.4287269833631058
2018-02-11 12:12:00,0.45156358975430066
2018-02-11 12:15:00,0.5199235231155512
2018-02-11 12:18:00,0.3755414057110329
2018-02-11 12:21:00,0.39973648245467075
2018-02-11 12:24:00,0.478247159745365
2018-02-11 12:27:00,0.38873963894150165
2018-02-11 12:30:00,0.32241879212227786
2018-02-11 12:33:00,0.4298307691370269
2018-02-11 12:36:00,0.39956248502960534
2018-02-11 12:39:00,0.37884146457628276
2018-02-11 12:42:00,0.4627171213847987
2018-02-11 12:45:00,0.3277802562936927
2018-02-11 12:48:00,0.3849856576345587
2018-02-11 12:51:00,0.274356995613914
2018-02-11 12:54:00,0.330686722365499
2018-02-11 12:57:00,0.2821365709224892
2018-02-11 13:00:00,0.3542581408617025
2018-02-11 13:03:00,0.39658700962365856
2018-02-11 13:06:00,0.45963371156608446
2018-02-11 13:09:00,0.33205456465759653
2018-02-11 13:12:00,0.36756526187855343
2018-02-11 13:15:00,0.1938915042024405
2018-02-11 13:18:00,0.32397779752960787
2018-02-11 13:21:00,0.29711054077722565
2018-02-11 13:24:00,0.4731492962579864
2018-02-11 13:27:00,0.2817906863020312
2018-02-11 13:30:00,0.3398109946253953
2018-02-11 13:33:00,0.28382963787572635
2018-02-11 13:36:00,0.3266412803009757
2018-02-11 13:39:00,0.3172701586806852
2018-02-11 13:42:00,0.2567496786047627
2018-02-11 13:45:00,0.33154625659994963
2018-02-11 13:48:00,0.30529396182811297
2018-02-11 13:51:00,0.26298267514681584
2018-02-11 13:54:00,0.16999215749740415
2018-02-11 13:57:00,0.3384219797736705
2018-02-11 14:00:00,0.33401605784007415
2018-02-11 14:03:00,0.34929542705270933
2018-02-11 14:06:00,0.22084149801713693
2018-02-11 14:09:00,0.2682107449076625
2018-02-11 14:12:00,0.3219778288998896
2018-02-11 14:15:00,0.24741206289263573
2018-02-11 14:18:00,0.327878476953515
2018-02-11 14:21:00,0.2777087803630707
2018-02-11 14:24:00,0.27597519053443875
2018-02-11 14:27:00,0.19650267415750022
2018-02-11 14:30:00,0.14567278260909688
2018-02-11 14:33:00,0.1865280083682137
2018-02-11 14:36:00,0.33861236361781266
2018-02-11 14:39:00,0.3263860841096289
2018-02-11 14:42:00,0.2675859424145415
2018-02-11 14:45:00,0.21356995534154066
2018-02-11 14:48:00,0.19223112598143643
2018-02-11 14:51:00,0.30044282320028515
2018-02-11 14:54:00,0.19355011221853147
2018-02-11 14:57:00,0.2530232707873097
2018-02-11 15:00:00,0.2173595695319932
2018-02-11 15:03:00,0.1286428511979807
2018-02-11 15:06:00,0.19872171627821444
2018-02-11 15:09:00,0.17572209903994462
2018-02-11 15:12:00,0.1860468497766874
2018-02-11 15:15:00,0.16744411233122491
2018-02-11 15:18:00,0.11374682544931147
2018-02-11 15:21:00,0.06876553534675622
2018-02-11 15:24:00,0.11868235560604035
2018-02-11 15:27:00,0.05151320085019506
2018-02-11 15:30:00,0.01054279023202298
2018-02-11 15:33:00,0.020503157821337936
2018-02-11 15:36:00,0.06209388767462087
2018-02-11 15:39:00,0.13230770503690792
2018-02-11 15:42:00,0.07284183111539733
2018-02-11 15:45:00,0.1830441052204037
2018-02-11 15:48:00,-0.005008907253966299
2018-02-11 15:51:00,0.02400728261477525
2018-02-11 15:54:00,0.11332576551075135
2018-02-11 15:57:00,-0.0035974396089955007
2018-02-11 16:00:00,0.05862289445354918
2018-02-11 16:03:00,0.09697835192173443
2018-02-11 16:06:00,0.005480396949224087
2018-02-11 16:09:00,0.06200871695432397
2018-02-11 16:12:00,0.01596296067395997
2018-02-11 16:15:00,0.010806119899257283
2018-02-11 16:18:00,0.013693082129520917
2018-02-11 16:21:00,0.06183231062595951
2018-02-11 16:24:00,0.0014631497563186713
2018-02-11 16:27:00,-0.04382622851676388
2018-02-11 16:30:00,-0.019406503832897215
2018-02-11 16:33:00,0.062807957299583
2018-02-11 16:36:00,0.10595349593006631
2018-02-11 16:39:00,-0.024423354022076182
2018-02-11 16:42:00,0.02841433955273942
2018-02-11 16:45:00,-0.07162983422045954
2018-02-11 16:48:00,0.06239868349831568
2018-02-11 16:51:00,-0.010473330365812217
2018-02-11 16:54:00,0.05679245524527232
2018-02-11 16:57:00,0.0449171661880996
2018-02-11 17:00:00,0.020257112060676263
2018-02-11 17:03:00,0.07106692711329288
2018-02-11 17:06:00,-0.04597097292776198
2018-02-11 17:09:00,0.0031003514610006278
2018-02-11 17:12:00,0.12087123006398315
2018-02-11 17:15:00,0.11826299607798774
2018-02-11 17:18:00,0.028705369255874302
2018-02-11 17:21:00,0.0818536431809207
2018-02-11 17:24:00,-0.036100194186929
2018-02-11 17:27:00,0.02848386381418777
2018-02-11 17:30:00,0.07519064434819711
2018-02-11 17:33:00,0.0214895471549994
2018-02-11 17:36:00,0.008061494580090312
2018-02-11 17:39:00,0.15172630432891765
2018-02-11 17:42:00,0.06641769379933748
2018-02-11 17:45:00,0.10636426413509525
2018-02-11 17:48:00,0.07221463303540077
2018-02-11 17:51:00,0.04596757855631495
2018-02-11 17:54:00,0.06590086674452778
2018-02-11 17:57:00,-0.03890879883118714
2018-02-11 18:00:00,-0.0032596339127053398
2018-02-11 18:03:00,-0.03867976613435076
2018-02-11 18:06:00,0.048829026501095996
2018-02-11 18:09:00,-0.04218541296825151
2018-02-11 18:12:00,0.04667379772348568
2018-02-11 18:15:00,0.12375001103072236
2018-02-11 18:18:00,0.05112178127296829
2018-02-11 18:21:00,0.1129223233878065
2018-02-11 18:24:00,0.14524531997511758
2018-02-11 18:27:00,0.03926237836822111
2018-02-11 18:30:00,0.04038657047357219
2018-02-11 18:33:00,0.00303965815231777
2018-02-11 18:36:00,0.19614984137774627
2018-02-11 18:39:00,0.10213949018134372
2018-02-11 18:42:00,0.06623392728926092
2018-02-11 18:45:00,0.08893456409475675
2018-02-11 18:48:00,0.02370127683730061
2018-02-11 18:51:00,-0.035345223277602145
2018-02-11 18:54:00,
2018-02-11 18:57:00,
2018-02-11 19:00:00,
2018-02-11 19:03:00,0.09881778237325989
2018-02-11 19:06:00,0.1943590592083524
2018-02-11 19:09:00,0.10021182148204844
2018-02-11 19:12:00,0.07184778181778029
2018-02-11 19:15:00,0.06863665457319712
2018-02-11 19:18:00,0.09984638577498117
2018-02-11 19:21:00,0.20315475457312004
2018-02-11 19:24:00,0.09614535564861626
2018-02-11 19:27:00,0.22420970303312515
2018-02-11 19:30:00,0.19772819783332807
2018-02-11 19:33:00,0.1369358728793486
2018-02-11 19:36:00,0.1380719987087673
2018-02-11 19:39:00,0.10302375703304278
2018-02-11 19:42:00,0.17423008100780635
2018-02-11 19:45:00,0.2670279389780035
2018-02-11 19:48:00,0.15955519080569047
2018-02-11 19:51:00,0.14354568499965126
2018-02-11 19:54:00,0.08398764913886225
2018-02-11 19:57:00,0.26673775297530256
2018-02-11 20:00:00,0.15954018208270782
2018-02-11 20:03:00,0.1421240268111319
2018-02-11 20:06:00,0.15669873450428895
2018-02-11 20:09:00,0.21328428275182887
2018-02-11 20:12:00,0.28060539189829115
2018-02-11 20:15:00,0.18243541355553816
2018-02-11 20:18:00,0.24278537476402562
2018-02-11 20:21:00,0.156943123485064
2018-02-11 20:24:00,0.20356621778790895
2018-02-11 20:27:00,0.0757773422998298
2018-02-11 20:30:00,0.19586492505271735
2018-02-11 20:33:00,0.21308021375074304
2018-02-11 20:36:00,0.2860206625053934
2018-02-11 20:39:00,0.25367704700818194
2018-02-11 20:42:00,0.2656065606723814
2018-02-11 20:45:00,0.17148914038131124
2018-02-11 20:48:00,0.1966519793728594
2018-02-11 20:51:00,0.1181512392932973
2018-02-11 20:54:00,0.2988905688070531
2018-02-11 20:57:00,0.22228025152486452
2018-02-11 21:00:00,0.23106255026999634
2018-02-11 21:03:00,0.15664502266668023
2018-02-11 21:06:00,0.20196189824548583
2018-02-11 21:09:00,0.20770911082672683
2018-02-11 21:12:00,0.27372443722043727
2018-02-11 21:15:00,0.15687013119435278
2018-02-11 21:18:00,0.2980119220682127
2018-02-11 21:21:00,0.2806448975157423
2018-02-11 21:24:00,0.2861526568439672
2018-02-11 21:27:00,0.34854496068788876
2018-02-11 21:30:00,0.30860244684691907
2018-02-11 21:33:00,0.12008962106415311
2018-02-11 21:36:00,0.37359251088491874
2018-02-11 21:39:00,0.2634889169724488
2018-02-11 21:42:00,0.1944180896230705
2018-02-11 21:45:00,0.3089580127087288
2018-02-11 21:48:00,0.3460732960168684
2018-02-11 21:51:00,0.22027593486603791
2018-02-11 21:54:00,0.187602021317673
2018-02-11 21:57:00,0.36872964925828455
2018-02-11 22:00:00,0.3279100601707796
2018-02-11 22:03:00,0.23584005444411105
2018-02-11 22:06:00,0.28408413848103464
2018-02-11 22:09:00,0.3191249867592205
2018-02-11 22:12:00,0.17088027227640623
2018-02-11 22:15:00,0.307389397447821
2018-02-11 22:18:00,0.26115717469372157
2018-02-11 22:21:00,0.3835615562496173
2018-02-11 22:24:00,0.3193846577705699
2018-02-11 22:27:00,0.39558145735082917
2018-02-11 22:30:00,0.39695483242343244
2018-02-11 22:33:00,0.3423472015163611
2018-02-11 22:36:00,0.31163125825315774
2018-02-11 22:39:00,0.3403790248551104
2018-02-11 22:42:00,0.3711486396462078
2018-02-11 22:45:00,0.32089273452606903
2018-02-11 22:48:00,0.4091340909976111
2018-02-11 22:51:00,0.37309405447820154
2018-02-11 22:54:00,0.4536685661104798
2018-02-11 22:57:00,0.48359588404838405
2018-02-11 23:00:00,0.4927699314220604
2018-02-11 23:03:00,0.46424669654851414
2018-02-11 23:06:00,0.40319050791765676
2018-02-11 23:09:00,0.40212098967390375
2018-02-11 23:12:00,0.40932315222249827
2018-02-11 23:15:00,0.42773921955648575
2018-02-11 23:18:00,0.39498373108557416
2018-02-11 23:21:00,0.46620195419990296
2018-02-11 23:24:00,0.38017274153872904
2018-02-11 23:27:00,0.37190235308781894
2018-02-11 23:30:00,0.36676104741110294
2018-02-11 23:33:00,0.32293903430337423
2018-02-11 23:36:00,0.3664592325094418
2018-02-11 23:39:00,0.3847617870550266
2018-02-11 23:42:00,0.3946565266216453
2018-02-11 23:45:00,0.3155247986485392
2018-02-11 23:48:00,0.5562962678118311
2018-02-11 23:51:00,0.3886443912080608
2018-02-11 23:54:00,0.46563660263535667
2018-02-11 23:57:00,0.42640867128551463
2018-02-12 00:00:00,0.47134260270047434
2018-02-12 00:03:00,0.41264784569852964
2018-02-12 00:06:00,0.5370170668208516
2018-02-12 00:09:00,0.5828642512133797
2018-02-12 00:12:00,0.512993026647905
2018-02-12 00:15:00,0.5912871429395068
2018-02-12 00:18:00,0.5689156320793813
2018-02-12 00:21:00,0.4124902014631857
2018-02-12 00:24:00,0.48614967373123363
2018-02-12 00:27:00,0.43234651868988294
2018-02-12 00:30:00,0.4738556085941923
2018-02-12 00:33:00,0.29630605557912304
2018-02-12 00:36:00,0.28356369773445067
2018-02-12 00:39:00,0.26122072884140835
2018-02-12 00:42:00,0.45765245344995265
2018-02-12 00:45:00,0.3429654925976706
2018-02-12 00:48:00,0.41812182875196413
2018-02-12 00:51:00,0.4778780960060658
2018-02-12 00:54:00,0.42691607348342586
2018-02-12 00:57:00,0.45153655768086765
2018-02-12 01:00:00,0.45522684406523695
2018-02-12 01:03:00,0.449097732533005
2018-02-12 01:06:00,0.4546595416809396
2018-02-12 01:09:00,0.38910799604445856
2018-02-12 01:12:00,0.46291604121660157
2018-02-12 01:15:00,0.4744292898335516
2018-02-12 01:18:00,0.58258942160262
2018-02-12 01:21:00,0.4669188538375124
2018-02-12 01:24:00,0.5287853175825035
2018-02-12 01:27:00,0.4869089449229591
2018-02-12 01:30:00,0.3793007927276335
2018-02-12 01:33:00,0.4426336028365654
2018-02-12 01:36:00,0.4314219565425219
2018-02-12 01:39:00,0.43060520606366026
2018-02-12 01:42:00,0.4524087604668807
2018-02-12 01:45:00,0.449891465561052
2018-02-12 01:48:00,0.4214443501130063
2018-02-12 01:51:00,0.5626122513951941
2018-02-12 01:54:00,0.45475287772887896
2018-02-12 01:57:00,0.4673628553157414
2018-02-12 02:00:00,0.37490998910010376
2018-02-12 02:03:00,0.49387959700902684
2018-02-12 02:06:00,0.43904442843296465
2018-02-12 02:09:00,0.542523419739041
2018-02-12 02:12:00,0.5927221633766067
2018-02-12 02:15:00,0.44692912916377736
2018-02-12 02:18:00,0.4775406196837366
2018-02-12 02:21:00,0.5433363016773001
2018-02-12 02:24:00,0.4589498214523928
2018-02-12 02:27:00,0.49973111426862715
2018-02-12 02:30:00,0.480575481314645
2018-02-12 02:33:00,0.5276595444598229
2018-02-12 02:36:00,0.41963194147439253
2018-02-12 02:39:00,0.5886309554782656
2018-02-12 02:42:00,0.5155517388717499
2018-02-12 02:45:00,0.5406181673263859
2018-02-12 02:48:00,0.42266699422191323
2018-02-12 02:51:00,0.49836582821126285
2018-02-12 02:54:00,0.4738186987909785
2018-02-12 02:57:00,0.5388381077182771
2018-02-12 03:00:00,0.5569628617981266
2018-02-12 03:03:00,0.41211782318077894
2018-02-12 03:06:00,0.4834901179035569
2018-02-12 03:09:00,0.48276522487725515
2018-02-12 03:12:00,0.494830248548908
2018-02-12 03:15:00,0.43765748809960314
2018-02-12 03:18:00,0.5321514480457381
2018-02-12 03:21:00,0.6324477400893898
2018-02-12 03:24:00,0.5635199171009049
2018-02-12 03:27:00,0.5449201160110988
2018-02-12 03:30:00,0.4959540070881303
2018-02-12 03:33:00,0.4938538829001118
2018-02-12 03:36:00,0.6611310377667223
2018-02-12 03:39:00,0.5372140305275934
2018-02-12 03:42:00,0.4500038990934172
2018-02-12 03:45:00,0.4378945139807797
2018-02-12 03:48:00,0.45221635221560064
2018-02-12 03:51:00,0.41281382960755764
2018-02-12 03:54:00,0.41660772320591377
2018-02-12 03:57:00,0.5309401589608456
2018-02-12 04:00:00,0.48817633514084946
2018-02-12 04:03:00,0.4162806280382938
2018-02-12 04:06:00,0.5468483803596769
2018-02-12 04:09:00,0.44847660149264357
2018-02-12 04:12:00,0.5891052616203183
2018-02-12 04:15:00,0.5151901088697741
2018-02-12 04:18:00,0.637049621579763
2018-02-12 04:21:00,0.4958152447080124
2018-02-12 04:24:00,0.5788209170733012
2018-02-12 04:27:00,0.48249421425612127
2018-02-12 04:30:00,0.5191058301519433
2018-02-12 04:33:00,0.553792274411876
2018-02-12 04:36:00,0.5228972312222027
2018-02-12 04:39:00,0.4955454256687517
2018-02-12 04:42:00,0.5112032474562511
2018-02-12 04:45:00,0.6248746879344367
2018-02-12 04:48:00,0.4814972260198829
2018-02-12 04:51:00,0.49961283895311226
2018-02-12 04:54:00,0.44915348663334953
2018-02-12 04:57:00,0.49286141841190556
2018-02-12 05:00:00,0.5445763748457466
2018-02-12 05:03:00,0.5365573041585208
2018-02-12 05:06:00,0.47512487841549955
2018-02-12 05:09:00,0.5016612125364759
2018-02-12 05:12:00,0.4742440335784295
2018-02-12 05:15:00,0.513036755598705
2018-02-12 05:18:00,0.5116702494649985
2018-02-12 05:21:00,0.6011853497344077
2018-02-12 05:24:00,0.532623628798774
2018-02-12 05:27:00,0.48322204774297006
2018-02-12 05:30:00,0.5520741233882518
2018-02-12 05:33:00,0.4445745828911072
2018-02-12 05:36:00,0.46738016581338115
2018-02-12 05:39:00,0.3072488437018137
2018-02-12 05:42:00,0.4228862656275396
2018-02-12 05:45:00,0.3548330301287024
2018-02-12 05:48:00,0.3266200492527105
2018-02-12 05:51:00,0.37878512849522394
2018-02-12 05:54:00,0.32786796335318513
2018-02-12 05:57:00,0.4101328137278415
2018-02-12 06:00:00,0.39737739002674743
2018-02-12 06:03:00,0.38638425956617084
2018-02-12 06:06:00,0.5491621363323702
2018-02-12 06:09:00,0.35039257051653294
2018-02-12 06:12:00,0.36767405358830274
2018-02-12 06:15:00,0.4747809806307828
2018-02-12 06:18:00,0.47787149590214995
2018-02-12 06:21:00,0.5984231659730312
2018-02-12 06:24:00,0.6937224347376514
2018-02-12 06:27:00,0.5380616298175482
2018-02-12 06:30:00,0.4066989992800245
2018-02-12 06:33:00,0.48605792594077
2018-02-12 06:36:00,0.3981943388904483
2018-02-12 06:39:00,0.40812781412751065
2018-02-12 06:42:00,0.511380291216085
2018-02-12 06:45:00,0.40034859923059685
2018-02-12 06:48:00,0.47291557569849374
2018-02-12 06:51:00,0.4960813115457654
2018-02-12 06:54:00,0.36717189238436276
2018-02-12 06:57:00,0.5361472988022911
2018-02-12 07:00:00,0.49338728113013985
2018-02-12 07:03:00,0.6447239718731339
2018-02-12 07:06:00,0.5471681982573955
2018-02-12 07:09:00,0.6301765980805385
2018-02-12 07:12:00,0.6565374494389289
2018-02-12 07:15:00,0.5272480434547901
2018-02-12 07:18:00,0.4604113309572426
2018-02-12 07:21:00,0.5653549488447425
2018-02-12 07:24:00,0.488375735321938
2018-02-12 07:27:00,0.5653565524006012
2018-02-12 07:30:00,0.5139677842100809
2018-02-12 07:33:00,0.5722558131568576
2018-02-12 07:36:00,0.5961588299693972
2018-02-12 07:39:00,0.6249503734005089
2018-02-12 07:42:00,0.5446678736594777
2018-02-12 07:45:00,0.5187053492342102
2018-02-12 07:48:00,0.5013288931696707
2018-02-12 07:51:00,0.6369085160507097
2018-02-12 07:54:00,0.6521933910379403
2018-02-12 07:57:00,0.55660692296874
2018-02-12 08:00:00,0.6317495642088602
2018-02-12 08:03:00,0.6084555609378413
2018-02-12 08:06:00,0.5225756219952586
2018-02-12 08:09:00,0.5313367422454576
2018-02-12 08:12:00,0.5646423612869285
2018-02-12 08:15:00,0.6082144885804723
2018-02-12 08:18:00,0.5848393103166245
2018-02-12 08:21:00,0.6116494429327872
2018-02-12 08:24:00,0.5655506934338064
2018-02-12 08:27:00,0.5717381354898521
2018-02-12 08:30:00,0.5420894493809101
2018-02-12 08:33:00,0.5601872353419708
2018-02-12 08:36:00,0.5494383244810024
2018-02-12 08:39:00,0.6174097785303729
2018-02-12 08:42:00,0.6009059888874617
2018-02-12 08:45:00,0.6140408355289537
2018-02-12 08:48:00,0.587938477067496
2018-02-12 08:51:00,0.48986635675277057
2018-02-12 08:54:00,0.5778731591040582
2018-02-12 08:57:00,0.5465919274734574
2018-02-12 09:00:00,0.572260062504597
2018-02-12 09:03:00,0.4933463379164209
2018-02-12 09:06:00,0.553901785655114
2018-02-12 09:09:00,0.579856620680232
2018-02-12 09:12:00,0.6390431085498562
2018-02-12 09:15:00,0.5923405877435357
2018-02-12 09:18:00,0.507703100388369
2018-02-12 09:21:00,0.47092278154099176
2018-02-12 09:24:00,0.5388241611984199
2018-02-12 09:27:00,0.48653684013748943
2018-02-12 09:30:00,0.5694273841525046
2018-02-12 09:33:00,0.519311288084225
2018-02-12 09:36:00,0.4889578218533188
2018-02-12 09:39:00,0.43773211457920524
2018-02-12 09:42:00,0.5289606750574762
2018-02-12 09:45:00,0.4004962096805684
2018-02-12 09:48:00,0.5301341312176646
2018-02-12 09:51:00,0.39568916275430865
2018-02-12 09:54:00,0.40176061246415884
2018-02-12 09:57:00,0.44212073085958536
2018-02-12 10:00:00,0.4794012750332399
2018-02-12 10:03:00,0.4788880760850134
2018-02-12 10:06:00,0.44956893006224163
2018-02-12 10:09:00,0.5020223083411679
2018-02-12 10:12:00,0.44329602199877627
2018-02-12 10:15:00,0.4484159407099355
2018-02-12 10:18:00,0.4431805904691828
2018-02-12 10:21:00,0.5135371700895917
2018-02-12 10:24:00,0.5451030931313312
2018-02-12 10:27:00,0.48537204680854984
2018-02-12 10:30:00,0.4709877639153319
2018-02-12 10:33:00,0.4685976765351825
2018-02-12 10:36:00,0.4306596031229901
2018-02-12 10:39:00,0.5246162413179718
2018-02-12 10:42:00,0.45348172588444413
2018-02-12 10:45:00,0.4535792223701378
2018-02-12 10:48:00,0.4058367235614355
2018-02-12 10:51:00,0.343760878360456
2018-02-12 10:54:00,0.47999107614685954
2018-02-12 10:57:00,0.29026080072526383
2018-02-12 11:00:00,0.2960975294536752
2018-02-12 11:03:00,0.295354961217015
2018-02-12 11:06:00,0.33634711083072943
2018-02-12 11:09:00,0.338724212740658
2018-02-12 11:12:00,0.391171369110225
2018-02-12 11:15:00,0.3250249377258001
2018-02-12 11:18:00,0.2853503093136851
2018-02-12 11:21:00,0.3000273263515396
2018-02-12 11:24:00,0.3256408392555272
2018-02-12 11:27:00,0.16025407322291585
2018-02-12 11:30:00,0.18043772483457587
2018-02-12 11:33:00,0.27344186387085756
2018-02-12 11:36:00,0.15826082811003062
2018-02-12 11:39:00,0.15263560903474627
2018-02-12 11:42:00,0.18797906719771618
2018-02-12 11:45:00,0.20281255679145715
2018-02-12 11:48:00,0.3210046848573711
2018-02-12 11:51:00,0.25052727050672274
2018-02-12 11:54:00,0.21261116405810299
2018-02-12 11:57:00,0.15771520691521346
2018-02-12 12:00:00,0.09209440860985296
2018-02-12 12:03:00,0.17085031574890763
2018-02-12 12:06:00,0.16003728321317112
2018-02-12 12:09:00,0.10656325920365362
2018-02-12 12:12:00,0.1912974553270601
2018-02-12 12:15:00,-0.0036082688400824736
2018-02-12 12:18:00,0.0179934988911441
2018-02-12 12:21:00,0.07053947046080111
2018-02-12 12:24:00,0.14471272706452964
2018-02-12 12:27:00,0.0625692197030503
2018-02-12 12:30:00,0.03857500682295267
2018-02-12 12:33:00,0.12862493497925698
2018-02-12 12:36:00,0.011103099143497275
2018-02-12 12:39:00,0.16194892073502842
2018-02-12 12:42:00,0.018087340645308814
2018-02-12 12:45:00,-0.030434114179513472
2018-02-12 12:48:00,-0.023142577821545274
2018-02-12 12:51:00,0.08085132222242919
2018-02-12 12:54:00,0.11544666629072253
2018-02-12 12:57:00,0.013203120711352767
2018-02-12 13:00:00,0.0897749037398512
2018-02-12 13:03:00,0.05020573501315084
2018-02-12 13:06:00,0.19748702139963825
2018-02-12 13:09:00,0.16802629867589758
2018-02-12 13:12:00,0.14647772267818482
2018-02-12 13:15:00,0.11024580039668308
2018-02-12 13:18:00,0.14748579051797606
2018-02-12 13:21:00,0.09719148445367409
2018-02-12 13:24:00,0.08039270875195825
2018-02-12 13:27:00,0.08070467725292474
2018-02-12 13:30:00,-0.059879661606942136
2018-02-12 13:33:00,0.04946266627075602
2018-02-12 13:36:00,0.08315313822618009
2018-02-12 13:39:00,0.028038112856336284
2018-02-12 13:42:00,0.07321006727465829
2018-02-12 13:45:00,0.06939063242049315
2018-02-12 13:48:00,0.08970419868927593
2018-02-12 13:51:00,0.07373216084994283
2018-02-12 13:54:00,0.09357172202959418
2018-02-12 13:57:00,0.14493555813913872
2018-02-12 14:00:00,0.003225093836988435
2018-02-12 14:03:00,0.13668227367764985
2018-02-12 14:06:00,-0.03486242509177373
2018-02-12 14:09:00,0.13198542896452636
2018-02-12 14:12:00,-0.03348803752567164
2018-02-12 14:15:00,0.02124455012284443
2018-02-12 14:18:00,-0.03703510679298461
2018-02-12 14:21:00,-0.03551905307017478
2018-02-12 14:24:00,-0.09754193925084564
2018-02-12 14:27:00,-0.08243714467005248
2018-02-12 14:30:00,-0.013561936769406202
2018-02-12 14:33:00,-0.059065027780320634
2018-02-12 14:36:00,-0.04009745846963142
2018-02-12 14:39:00,0.006565483610927458
2018-02-12 14:42:00,0.009066860367340723
2018-02-12 14:45:00,-0.11839195001846292
2018-02-12 14:48:00,-0.08661399347101906
2018-02-12 14:51:00,-0.06121187473007694
2018-02-12 14:54:00,-0.027299557742537672
2018-02-12 14:57:00,-0.029299918699734917
2018-02-12 15:00:00,-0.014049974535112142
2018-02-12 15:03:00,-0.04094725154777734
2018-02-12 15:06:00,0.03657606450212825
2018-02-12 15:09:00,0.06584762020025892
2018-02-12 15:12:00,-0.029489161391609287
2018-02-12 15:15:00,0.013441788132183774
2018-02-12 15:18:00,-0.11456944862732144
2018-02-12 15:21:00,-0.06384868152218814
2018-02-12 15:24:00,-0.0769063543092443
2018-02-12 15:27:00,-0.3154181063210899
2018-02-12 15:30:00,-0.04443931660449607
2018-02-12 15:33:00,-0.1616510143493315
2018-02-12 15:36:00,-0.055371217637400605
2018-02-12 15:39:00,0.008211854143496566
2018-02-12 15:42:00,0.01637078091840749
2018-02-12 15:45:00,-0.04334071783512172
2018-02-12 15:48:00,-0.02209488267811821
2018-02-12 15:51:00,0.07994475765036668
2018-02-12 15:54:00,-0.07904553774250189
2018-02-12 15:57:00,0.00665731759022492
2018-02-12 16:00:00,0.03768520795290442
2018-02-12 16:03:00,0.15151250506204406
2018-02-12 16:06:00,0.12187926594964438
2018-02-12 16:09:00,0.23882992248991286
2018-02-12 16:12:00,0.2614081535438686
2018-02-12 16:15:00,0.3240807095116338
2018-02-12 16:18:00,0.19822882069632897
2018-02-12 16:21:00,0.17125183128990784
2018-02-12 16:24:00,0.010966747509598918
2018-02-12 16:27:00,0.04869954135295984
2018-02-12 16:30:00,0.08161981482822966
2018-02-12 16:33:00,0.1725629398723072
2018-02-12 16:36:00,0.1813895128400418
2018-02-12 16:39:00,0.15749665202758933
2018-02-12 16:42:00,0.1692611912262123
2018-02-12 16:45:00,0.17890167210566688
2018-02-12 16:48:00,0.1826516189320273
2018-02-12 16:51:00,0.08856317719732942
2018-02-12 16:54:00,0.25862079595265186
2018-02-12 16:57:00,0.18057689296625767
2018-02-12 17:00:00,0.2843621523538218
2018-02-12 17:03:00,0.13249340311904234
2018-02-12 17:06:00,0.17319186947952403
2018-02-12 17:09:00,0.1338745179864418
2018-02-12 17:12:00,0.1299729257841591
2018-02-12 17:15:00,0.20557537712966223
2018-02-12 17:18:00,0.1405733987256781
2018-02-12 17:21:00,0.0794567731012421
2018-02-12 17:24:00,0.017117196223125575
2018-02-12 17:27:00,0.05284586110286682
2018-02-12 17:30:00,0.21383048471415123
2018-02-12 17:33:00,0.06148375461583555
2018-02-12 17:36:00,0.0336978255431859
2018-02-12 17:39:00,0.0605803601508228
2018-02-12 17:42:00,0.020176158230185592
2018-02-12 17:45:00,0.15648256617623701
2018-02-12 17:48:00,0.15864419820633202
2018-02-12 17:51:00,0.19921537092795916
2018-02-12 17:54:00,0.20522909917525567
2018-02-12 17:57:00,0.23189668040708966
2018-02-12 18:00:00,0.060363186124504864
2018-02-12 18:03:00,0.13634902556481165
2018-02-12 18:06:00,0.15212914117330456
2018-02-12 18:09:00,0.13194835627433577
2018-02-12 18:12:00,0.23268012495509538
2018-02-12 18:15:00,0.19085251305079964
2018-02-12 18:18:00,0.13775483934858812
2018-02-12 18:21:00,0.2025572530733939
2018-02-12 18:24:00,0.10647286649208354
2018-02-12 18:27:00,0.19611042158379632
2018-02-12 18:30:00,0.14972907008876746
2018-02-12 18:33:00,0.2050910395027472
2018-02-12 18:36:00,0.17748367159708778
2018-02-12 18:39:00,0.23706504458658628
2018-02-12 18:42:00,0.248792731853257
2018-02-12 18:45:00,0.18348619938535649
2018-02-12 18:48:00,0.11803951808497004
2018-02-12 18:51:00,0.13033685603625145
2018-02-12 18:54:00,
2018-02-12 18:57:00,
2018-02-12 19:00:00,
2018-02-12 19:03:00,0.18954384923387124
2018-02-12 19:06:00,0.14996186850459026
2018-02-12 19:09:00,0.1500280386377426
2018-02-12 19:12:00,0.11558930114341592
2018-02-12 19:15:00,0.035302362669085596
2018-02-12 19:18:00,0.15685243631935464
2018-02-12 19:21:00,0.13306158300594007
2018-02-12 19:24:00,0.3195442769356305
2018-02-12 19:27:00,0.22006560665164443
2018-02-12 19:30:00,0.043629963145065176
2018-02-12 19:33:00,0.09216419087749728
2018-02-12 19:36:00,0.11837271344006695
2018-02-12 19:39:00,0.2352348833430824
2018-02-12 19:42:00,0.1236040322013423
2018-02-12 19:45:00,0.2012706150283634
2018-02-12 19:48:00,0.04206568596117677
2018-02-12 19:51:00,0.08892929970494379
2018-02-12 19:54:00,0.19254210735277866
2018-02-12 19:57:00,0.20529402035339217
2018-02-12 20:00:00,0.20306444622093522
2018-02-12 20:03:00,0.29494519489804816
2018-02-12 20:06:00,0.1929008802771932
2018-02-12 20:09:00,0.3068695029964488
2018-02-12 20:12:00,0.2700279041018234
2018-02-12 20:15:00,0.17386669591076043
2018-02-12 20:18:00,0.1614596008173521
2018-02-12 20:21:00,0.21177097211813134
2018-02-12 20:24:00,0.30595938237786413
2018-02-12 20:27:00,0.21468016766806386
2018-02-12 20:30:00,0.2545762330771595
2018-02-12 20:33:00,0.3725716337396534
2018-02-12 20:36:00,0.32029385189082404
2018-02-12 20:39:00,0.22819746888512782
2018-02-12 20:42:00,0.20531851556341962
2018-02-12 20:45:00,0.1309160387979773
2018-02-12 20:48:00,0.1861917405225313
2018-02-12 20:51:00,0.20723716658307012
2018-02-12 20:54:00,0.2407054968101079
2018-02-12 20:57:00,0.11822331174528244
2018-02-12 21:00:00,0.08734848370204418
2018-02-12 21:03:00,0.16204319259298927
2018-02-12 21:06:00,0.19708610180936148
2018-02-12 21:09:00,0.3487292386287777
2018-02-12 21:12:00,0.335403407430249
2018-02-12 21:15:00,0.4263013346003959
2018-02-12 21:18:00,0.24221984871530822
2018-02-12 21:21:00,0.3275811184865347
2018-02-12 21:24:00,0.2964825154901405
2018-02-12 21:27:00,0.4031756101926476
2018-02-12 21:30:00,0.3387149273916066
2018-02-12 21:33:00,0.3563856301873898
2018-02-12 21:36:00,0.3712113679511617
2018-02-12 21:39:00,0.46572755421044576
2018-02-12 21:42:00,0.31194839364371774
2018-02-12 21:45:00,0.320573011041688
2018-02-12 21:48:00,0.4678492294490866
2018-02-12 21:51:00,0.3149282779569944
2018-02-12 21:54:00,0.47822761685341675
2018-02-12 21:57:00,0.40445125461593534
2018-02-12 22:00:00,0.44677923786031215
2018-02-12 22:03:00,0.3549451974184876
2018-02-12 22:06:00,0.34002145778418935
2018-02-12 22:09:00,0.2982735930869467
2018-02-12 22:12:00,0.29921303514947795
2018-02-12 22:15:00,0.32999209845763744
2018-02-12 22:18:00,0.3227947854938975
2018-02-12 22:21:00,0.27082126612538104
2018-02-12 22:24:00,0.21244412157847137
2018-02-12 22:27:00,0.2875909273289494
2018-02-12 22:30:00,0.36533873758412483
2018-02-12 22:33:00,0.3192583625345833
2018-02-12 22:36:00,0.33849327801749496
2018-02-12 22:39:00,0.2589206255242402
2018-02-12 22:42:00,0.3283325507389918
2018-02-12 22:45:00,0.3474550735698472
2018-02-12 22:48:00,0.3427939501477226
2018-02-12 22:51:00,0.3337953411976855
2018-02-12 22:54:00,0.3232721122047906
2018-02-12 22:57:00,0.3875295539501735
2018-02-12 23:00:00,0.28067417110565884
2018-02-12 23:03:00,0.23798929294207483
2018-02-12 23:06:00,0.36853575549343986
2018-02-12 23:09:00,0.3215092661770882
2018-02-12 23:12:00,0.319271343616947
2018-02-12 23:15:00,0.28371171031909626
2018-02-12 23:18:00,0.1921026838130615
2018-02-12 23:21:00,0.3411301691105564
2018-02-12 23:24:00,0.29215412590122014
2018-02-12 23:27:00,0.31822220672245294
2018-02-12 23:30:00,0.2835076228843718
2018-02-12 23:33:00,0.3016279916472513
2018-02-12 23:36:00,0.34540836028884314
2018-02-12 23:39:00,0.42432823888691473
2018-02-12 23:42:00,0.36889879084918675
2018-02-12 23:45:00,0.46105521113349823
2018-02-12 23:48:00,0.41595076593711156
2018-02-12 23:51:00,0.3290574585010404
2018-02-12 23:54:00,0.4186809460853169
2018-02-12 23:57:00,0.3717500609798208
2018-02-13 00:00:00,0.36266587396056593
2018-02-13 00:03:00,0.4096549636282134
2018-02-13 00:06:00,0.3566308670135072
2018-02-13 00:09:00,0.35821827541008133
2018-02-13 00:12:00,0.41277412391036705
2018-02-13 00:15:00,0.27750578597340336
2018-02-13 00:18:00,0.45485192484125037
2018-02-13 00:21:00,0.28854573928992977
2018-02-13 00:24:00,0.3356228255105975
2018-02-13 00:27:00,0.3773530239457159
2018-02-13 00:30:00,0.29801164152513593
2018-02-13 00:33:00,0.2744712785885213
2018-02-13 00:36:00,0.31623383030876084
2018-02-13 00:39:00,0.3005310105037893
2018-02-13 00:42:00,0.2098075748082806
2018-02-13 00:45:00,0.2118881994399544
2018-02-13 00:48:00,0.19528943191193093
2018-02-13 00:51:00,0.2356891865590569
2018-02-13 00:54:00,0.39090417979491576
2018-02-13 00:57:00,0.34045821265652876
2018-02-13 01:00:00,0.286748061359674
2018-02-13 01:03:00,0.32970393105324547
2018-02-13 01:06:00,0.3271242220273507
2018-02-13 01:09:00,0.3142452854156659
2018-02-13 01:12:00,0.23436831130652536
2018-02-13 01:15:00,0.3182682975909188
2018-02-13 01:18:00,0.36825946296715983
2018-02-13 01:21:00,0.2998040555115722
2018-02-13 01:24:00,0.30704558508682567
2018-02-13 01:27:00,0.3287588867711406
2018-02-13 01:30:00,0.3103134973122792
2018-02-13 01:33:00,0.3106837326131995
2018-02-13 01:36:00,0.34796542225603844
2018-02-13 01:39:00,0.35014065421466967
2018-02-13 01:42:00,0.31232182671885766
2018-02-13 01:45:00,0.3477467268168084
2018-02-13 01:48:00,0.4529073780691988
2018-02-13 01:51:00,0.3775740318984049
2018-02-13 01:54:00,0.34382918874086954
2018-02-13 01:57:00,0.3579547234123197
2018-02-13 02:00:00,0.4072730973677494
2018-02-13 02:03:00,0.43350534962377196
2018-02-13 02:06:00,0.45078414615807105
2018-02-13 02:09:00,0.4349457427338166
2018-02-13 02:12:00,0.40248953524388753
2018-02-13 02:15:00,0.37164718705025734
2018-02-13 02:18:00,0.398382105952237
2018-02-13 02:21:00,0.354476718538308
2018-02-13 02:24:00,0.49506848342440435
2018-02-13 02:27:00,0.4030781991986032
2018-02-13 02:30:00,0.44175738769644113
2018-02-13 02:33:00,0.38525411546879695
2018-02-13 02:36:00,0.4482999194481181
2018-02-13 02:39:00,0.3706151783260907
2018-02-13 02:42:00,0.4264248751993591
2018-02-13 02:45:00,0.4839906187802967
2018-02-13 02:48:00,0.41920850235317175
2018-02-13 02:51:00,0.3998669060592306
2018-02-13 02:54:00,0.3960722258119631
2018-02-13 02:57:00,0.43837906246341163
2018-02-13 03:00:00,0.3375393361503711
2018-02-13 03:03:00,0.3768833980416275
2018-02-13 03:06:00,0.39731393244585433
2018-02-13 03:09:00,0.444395314264284
2018-02-13 03:12:00,0.4332790222774747
2018-02-13 03:15:00,0.3304355975136559
2018-02-13 03:18:00,0.36997722420431955
2018-02-13 03:21:00,0.43895690743249816
2018-02-13 03:24:00,0.45690666825652215
2018-02-13 03:27:00,0.4475027902042825
2018-02-13 03:30:00,0.3900240527365213
2018-02-13 03:33:00,0.39747608472885076
2018-02-13 03:36:00,0.38416994718738806
2018-02-13 03:39:00,0.3462469761124112
2018-02-13 03:42:00,0.34928236838595694
2018-02-13 03:45:00,0.3381808372633941
2018-02-13 03:48:00,0.39008896707736085
2018-02-13 03:51:00,0.34559752021527856
2018-02-13 03:54:00,0.4135586888807552
2018-02-13 03:57:00,0.3875061177142243
2018-02-13 04:00:00,0.39960617105015217
2018-02-13 04:03:00,0.4288057545498418
2018-02-13 04:06:00,0.5053857057278037
2018-02-13 04:09:00,0.4107265904329438
2018-02-13 04:12:00,0.3341263322825512
2018-02-13 04:15:00,0.4394591432039192
2018-02-13 04:18:00,0.426947290304895
2018-02-13 04:21:00,0.4480319214063684
2018-02-13 04:24:00,0.4521793450974769
2018-02-13 04:27:00,0.4889999053982024
2018-02-13 04:30:00,0.4053131753851176
2018-02-13 04:33:00,0.38063352594258504
2018-02-13 04:36:00,0.3898331295244475
2018-02-13 04:39:00,0.4220389063177663
2018-02-13 04:42:00,0.4864467701427202
2018-02-13 04:45:00,0.4202611151950464
2018-02-13 04:48:00,0.45071336721929356
2018-02-13 04:51:00,0.4201801071551472
2018-02-13 04:54:00,0.43288155441410936
2018-02-13 04:57:00,0.46459045234325913
2018-02-13 05:00:00,0.46359760133566397
2018-02-13 05:03:00,0.47459349643099813
2018-02-13 05:06:00,0.44332683110985727
2018-02-13 05:09:00,0.4237603560683283
2018-02-13 05:12:00,0.41234318811677895
2018-02-13 05:15:00,0.49563803078444835
2018-02-13 05:18:00,0.4392813483411828
2018-02-13 05:21:00,0.48474930014867823
2018-02-13 05:24:00,0.39998332431997596
2018-02-13 05:27:00,0.3557221183488082
2018-02-13 05:30:00,0.49719434341540136
2018-02-13 05:33:00,0.45902912853080124
2018-02-13 05:36:00,0.48207656954195954
2018-02-13 05:39:00,0.5401736642916717
2018-02-13 05:42:00,0.4663894898145031
2018-02-13 05:45:00,0.4469539923237562
2018-02-13 05:48:00,0.43177947561878227
2018-02-13 05:51:00,0.3675796470818682
2018-02-13 05:54:00,0.4283069928373493
2018-02-13 05:57:00,0.5150143698710394
2018-02-13 06:00:00,0.413388645747375
2018-02-13 06:03:00,0.4683643388598284
2018-02-13 06:06:00,0.4133369514632932
2018-02-13 06:09:00,0.41423803753480115
2018-02-13 06:12:00,0.45881788344883034
2018-02-13 06:15:00,0.44256269785665836
2018-02-13 06:18:00,0.44541270983620507
2018-02-13 06:21:00,0.4086422334981421
2018-02-13 06:24:00,0.4379572836844545
2018-02-13 06:27:00,0.4240935007856592
2018-02-13 06:30:00,0.377686436889519
2018-02-13 06:33:00,0.35311878578545475
2018-02-13 06:36:00,0.33644282363343336
2018-02-13 06:39:00,0.4796682762947171
2018-02-13 06:42:00,0.49144624655281177
2018-02-13 06:45:00,0.4422131817849504
2018-02-13 06:48:00,0.47653063096799997
2018-02-13 06:51:00,0.45910087286597445
2018-02-13 06:54:00,0.46744866280266706
2018-02-13 06:57:00,0.3601238353999747
2018-02-13 07:00:00,0.4520330639572876
2018-02-13 07:03:00,0.4451232713758486
2018-02-13 07:06:00,0.34021876422588093
2018-02-13 07:09:00,0.5274169539217723
2018-02-13 07:12:00,0.45353856235362855
2018-02-13 07:15:00,0.45643357817516517
2018-02-13 07:18:00,0.4764346373810895
2018-02-13 07:21:00,0.47849811435082756
2018-02-13 07:24:00,0.5711780748279125
2018-02-13 07:27:00,0.44796175259290294
2018-02-13 07:30:00,0.38503851789010923
2018-02-13 07:33:00,0.5192629660681973
2018-02-13 07:36:00,0.5163360918475064
2018-02-13 07:39:00,0.5667946242562607
2018-02-13 07:42:00,0.4540561935585288
2018-02-13 07:45:00,0.4427115208615078
2018-02-13 07:48:00,0.501892803321141
2018-02-13 07:51:00,0.5756368151383526
2018-02-13 07:54:00,0.5081822822878621
2018-02-13 07:57:00,0.486714916452172
2018-02-13 08:00:00,0.5159993158509906
2018-02-13 08:03:00,0.5420936814886659
2018-02-13 08:06:00,0.469736817800424
2018-02-13 08:09:00,0.45023188158114635
2018-02-13 08:12:00,0.43030841229654015
2018-02-13 08:15:00,0.43984797017759547
2018-02-13 08:18:00,0.507395539544234
2018-02-13 08:21:00,0.35963559352603625
2018-02-13 08:24:00,0.3551507274387973
2018-02-13 08:27:00,0.3433157836434475
2018-02-13 08:30:00,0.34936841369415106
2018-02-13 08:33:00,0.3735765085602907
2018-02-13 08:36:00,0.38389779824115067
2018-02-13 08:39:00,0.3917013441696895
2018-02-13 08:42:00,0.183703111543025
2018-02-13 08:45:00,0.19533196782242612
2018-02-13 08:48:00,0.2755806888010852
2018-02-13 08:51:00,0.2633020744816008
2018-02-13 08:54:00,0.25255761862086956
2018-02-13 08:57:00,0.27716375384551384
2018-02-13 09:00:00,0.26703320061983504
2018-02-13 09:03:00,0.2855296923269748
2018-02-13 09:06:00,0.36196698496320323
2018-02-13 09:09:00,0.2072141633087199
2018-02-13 09:12:00,0.1700227717979601
2018-02-13 09:15:00,0.20825017478171048
2018-02-13 09:18:00,0.3289200412455102
2018-02-13 09:21:00,0.17252580508903748
2018-02-13 09:24:00,0.22737449611310012
2018-02-13 09:27:00,0.24372316383460202
2018-02-13 09:30:00,0.2612929751923616
2018-02-13 09:33:00,0.15392576326939889
2018-02-13 09:36:00,0.2005057387356146
2018-02-13 09:39:00,0.23072543582389926
2018-02-13 09:42:00,0.18009666772206856
2018-02-13 09:45:00,0.2190285045119822
2018-02-13 09:48:00,0.0951039702641765
2018-02-13 09:51:00,0.0409768898213656
2018-02-13 09:54:00,0.08461984702682912
2018-02-13 09:57:00,0.1678225627774168
2018-02-13 10:00:00,0.13488287764766937
2018-02-13 10:03:00,0.18102212366432013
2018-02-13 10:06:00,0.06269826651885069
2018-02-13 10:09:00,-0.0003519542428875866
2018-02-13 10:12:00,0.13132798282674685
2018-02-13 10:15:00,0.051788188090711174
2018-02-13 10:18:00,0.04150742976639776
2018-02-13 10:21:00,0.09174494110527576
2018-02-13 10:24:00,-0.011949361570373185
2018-02-13 10:27:00,0.08936473220319385
2018-02-13 10:30:00,0.22309255257357563
2018-02-13 10:33:00,0.001927082540532865
2018-02-13 10:36:00,0.01488521367980411
2018-02-13 10:39:00,0.1077001632169754
2018-02-13 10:42:00,0.08468331394453799
2018-02-13 10:45:00,0.08232680463794395
2018-02-13 10:48:00,-0.07576119376989254
2018-02-13 10:51:00,-0.06769086140542413
2018-02-13 10:54:00,-0.12996400065128455
2018-02-13 10:57:00,0.08880466900103556
2018-02-13 11:00:00,-0.05382719789304247
2018-02-13 11:03:00,-0.06277045427464145
2018-02-13 11:06:00,-0.08890696231776474
2018-02-13 11:09:00,-0.024086292299159595
2018-02-13 11:12:00,-0.053136093128216544
2018-02-13 11:15:00,0.00539999432106697
2018-02-13 11:18:00,-0.09265618358136862
2018-02-13 11:21:00,-0.05853966815840295
2018-02-13 11:24:00,-0.040286477538415966
2018-02-13 11:27:00,0.020514636176471868
2018-02-13 11:30:00,-0.024365344292391455
2018-02-13 11:33:00,-0.12524117114583078
2018-02-13 11:36:00,0.0021207222010275473
2018-02-13 11:39:00,-0.07114025627981846
2018-02-13 11:42:00,-0.061818839516092794
2018-02-13 11:45:00,-0.03789184465500739
2018-02-13 11:48:00,-0.05121196008587958
2018-02-13 11:51:00,-0.04076861311659741
2018-02-13 11:54:00,-0.058822666208470764
2018-02-13 11:57:00,-0.011853502210271927
2018-02-13 12:00:00,0.020905777241011947
2018-02-13 12:03:00,-0.15524180186315562
2018-02-13 12:06:00,-0.08444521922348258
2018-02-13 12:09:00,-0.10321703777049152
2018-02-13 12:12:00,-0.03624588280695207
2018-02-13 12:15:00,-0.04354069612179501
2018-02-13 12:18:00,0.08676103410317637
2018-02-13 12:21:00,0.03893827145151363
2018-02-13 12:24:00,-0.021187063394734196
2018-02-13 12:27:00,-0.11144515700436841
2018-02-13 12:30:00,0.005464376936572535
2018-02-13 12:33:00,-0.09723914662123434
2018-02-13 12:36:00,0.0232090315178084
2018-02-13 12:39:00,-0.0688053044643766
2018-02-13 12:42:00,0.039216004782929303
2018-02-13 12:45:00,0.11474926733563962
2018-02-13 12:48:00,0.054693244584655076
2018-02-13 12:51:00,0.027537419066163693
2018-02-13 12:54:00,0.005706071228075871
2018-02-13 12:57:00,-0.03850409811917643
2018-02-13 13:00:00,-0.04580969551761882
2018-02-13 13:03:00,-0.04512639269688634
2018-02-13 13:06:00,-0.03847331347640193
2018-02-13 13:09:00,-0.018123039132262875
2018-02-13 13:12:00,-0.06364190882237608
2018-02-13 13:15:00,-0.19043036174247163
2018-02-13 13:18:00,-0.10148457563900593
2018-02-13 13:21:00,-0.1963401528086024
2018-02-13 13:24:00,-0.21248863049174815
2018-02-13 13:27:00,-0.12901999865954394
2018-02-13 13:30:00,-0.3108392152680608
2018-02-13 13:33:00,-0.2185872077326394
2018-02-13 13:36:00,-0.04269622665970019
2018-02-13 13:39:00,-0.10966903154735519
2018-02-13 13:42:00,-0.06480517409670483
2018-02-13 13:45:00,-0.10033685508068402
2018-02-13 13:48:00,-0.16187893826690924
2018-02-13 13:51:00,-0.1712923762593732
2018-02-13 13:54:00,-0.20319247856929223
2018-02-13 13:57:00,-0.15385197162072473
2018-02-13 14:00:00,-0.0773160400116808
2018-02-13 14:03:00,-0.028878277486967363
2018-02-13 14:06:00,-0.09647029902413351
2018-02-13 14:09:00,-0.044573696619636394
2018-02-13 14:12:00,-0.06865274436614754
2018-02-13 14:15:00,-0.0006832447714941736
2018-02-13 14:18:00,-0.13929618285277456
2018-02-13 14:21:00,-0.132533241756164
2018-02-13 14:24:00,0.04782635634393273
2018-02-13 14:27:00,-0.10992906492418797
2018-02-13 14:30:00,-0.1625019905515046
2018-02-13 14:33:00,0.028270963852378372
2018-02-13 14:36:00,-0.06235526588494622
2018-02-13 14:39:00,-0.0034240899854580675
2018-02-13 14:42:00,0.015642253644273296
2018-02-13 14:45:00,0.045588504168222244
2018-02-13 14:48:00,0.15374840992120653
2018-02-13 14:51:00,-0.06590330583060222
2018-02-13 14:54:00,-0.044350285147856994
2018-02-13 14:57:00,-0.06715324141197243
2018-02-13 15:00:00,-0.009338614355215213
2018-02-13 15:03:00,0.07154826129698222
2018-02-13 15:06:00,0.008142696326387977
2018-02-13 15:09:00,0.0371763632240345
2018-02-13 15:12:00,-0.0020582100593742325
2018-02-13 15:15:00,-0.052812813810078296
2018-02-13 15:18:00,-0.04103943297945989
2018-02-13 15:21:00,-0.010491307714630693
2018-02-13 15:24:00,0.060217357668420846
2018-02-13 15:27:00,0.10324455541507405
2018-02-13 15:30:00,0.01741755735855577
2018-02-13 15:33:00,0.002623749788540408
2018-02-13 15:36:00,0.14310275713933152
2018-02-13 15:39:00,-0.10971649205561107
2018-02-13 15:42:00,-0.18870464740911075
2018-02-13 15:45:00,-0.08826558991188449
2018-02-13 15:48:00,0.07237499313430362
2018-02-13 15:51:00,-0.14889328277956793
2018-02-13 15:54:00,-0.09599630753831434
2018-02-13 15:57:00,-0.1301704485473465
2018-02-13 16:00:00,-0.0906278532074225
2018-02-13 16:03:00,-0.020165901031418798
2018-02-13 16:06:00,0.08822551831860892
2018-02-13 16:09:00,0.13165260626965392
2018-02-13 16:12:00,0.2919441574163102
2018-02-13 16:15:00,0.27342990218369323
2018-02-13 16:18:00,0.3826817322372449
2018-02-13 16:21:00,0.3551673298403557
2018-02-13 16:24:00,0.2652230353202185
2018-02-13 16:27:00,0.19344717056389982
2018-02-13 16:30:00,0.028530787082274855
2018-02-13 16:33:00,0.13982619442282385
2018-02-13 16:36:00,0.06667106931161015
2018-02-13 16:39:00,0.06527870996012552
2018-02-13 16:42:00,0.0028551745765525993
2018-02-13 16:45:00,-0.022027850140091232
2018-02-13 16:48:00,0.030055364447889588
2018-02-13 16:51:00,0.04273589312782633
2018-02-13 16:54:00,0.16038621955226517
2018-02-13 16:57:00,0.47685896923417204
2018-02-13 17:00:00,0.26884589334719067
2018-02-13 17:03:00,0.28664410333203705
2018-02-13 17:06:00,0.3581805989750819
2018-02-13 17:09:00,0.5387055050283607
2018-02-13 17:12:00,0.4383898541876192
2018-02-13 17:15:00,0.35482626942143725
2018-02-13 17:18:00,0.374569565560364
2018-02-13 17:21:00,0.43259564850967536
2018-02-13 17:24:00,0.6725566062895609
2018-02-13 17:27:00,0.5950000304361538
2018-02-13 17:30:00,0.6150874480390485
2018-02-13 17:33:00,0.6381522295691866
2018-02-13 17:36:00,0.6035717253229222
2018-02-13 17:39:00,0.6851060316280382
2018-02-13 17:42:00,0.6146907147918341
2018-02-13 17:45:00,0.5522927259617063
2018-02-13 17:48:00,0.5989559650572005
2018-02-13 17:51:00,0.6197375558164708
2018-02-13 17:54:00,0.6236772592416173
2018-02-13 17:57:00,0.6219233832794657
2018-02-13 18:00:00,0.6255841929807389
2018-02-13 18:03:00,0.6031214074704963
2018-02-13 18:06:00,0.6453476189751086
2018-02-13 18:09:00,0.4105111107838866
2018-02-13 18:12:00,0.46752220664251354
2018-02-13 18:15:00,0.55201366584879
2018-02-13 18:18:00,0.4507197947688155
2018-02-13 18:21:00,0.4091523079432591
2018-02-13 18:24:00,0.21511085972747424
2018-02-13 18:27:00,0.3978104181921367
2018-02-13 18:30:00,0.3869820396640762
2018-02-13 18:33:00,0.4169154073578625
2018-02-13 18:36:00,0.553215829038038
2018-02-13 18:39:00,0.49918889217354945
2018-02-13 18:42:00,0.6206884910296822
2018-02-13 18:45:00,0.6171516402322368
2018-02-13 18:48:00,0.6567241802379158
2018-02-13 18:51:00,0.6244009738631462
2018-02-13 18:54:00,
2018-02-13 18:57:00,
2018-02-13 19:00:00,
2018-02-13 19:03:00,0.6138051854748596
2018-02-13 19:06:00,0.4921326065093581
2018-02-13 19:09:00,0.4314294960071834
2018-02-13 19:12:00,0.36795728240605285
2018-02-13 19:15:00,0.5736859242995251
2018-02-13 19:18:00,0.45407012718612805
2018-02-13 19:21:00,0.27870355337029196
2018-02-13 19:24:00,0.2593840284091016
2018-02-13 19:27:00,0.27232426087687145
2018-02-13 19:30:00,0.20760177721541595
2018-02-13 19:33:00,0.21081669632400235
2018-02-13 19:36:00,0.2555810650229091
2018-02-13 19:39:00,0.3140637208570638
2018-02-13 19:42:00,0.20766297463040928
2018-02-13 19:45:00,0.3198805011491572
2018-02-13 19:48:00,0.35040456320666635
2018-02-13 19:51:00,0.3887349696041724
2018-02-13 19:54:00,0.27229310450712774
2018-02-13 19:57:00,0.3503560995810062
2018-02-13 20:00:00,0.3860519430685372
2018-02-13 20:03:00,0.30846598022390026
2018-02-13 20:06:00,0.46813300446990525
2018-02-13 20:09:00,0.49336205921810006
2018-02-13 20:12:00,0.29634353063482877
2018-02-13 20:15:00,0.2973095870968905
2018-02-13 20:18:00,0.3785635121094515
2018-02-13 20:21:00,0.4415454765866116
2018-02-13 20:24:00,0.5789367549288613
2018-02-13 20:27:00,0.4339468978284913
2018-02-13 20:30:00,0.40903794998888543
2018-02-13 20:33:00,0.37018055134825545
2018-02-13 20:36:00,0.4778190676573786
2018-02-13 20:39:00,0.6885968874195214
2018-02-13 20:42:00,0.7747477980933013
2018-02-13 20:45:00,0.6633916737794721
2018-02-13 20:48:00,0.7301532519320517
2018-02-13 20:51:00,0.6922555896120457
2018-02-13 20:54:00,0.5683931901917845
2018-02-13 20:57:00,0.6028842601466522
2018-02-13 21:00:00,0.5867067731558109
2018-02-13 21:03:00,0.6837843596414928
2018-02-13 21:06:00,0.6872368830527762
2018-02-13 21:09:00,0.6211417255079255
2018-02-13 21:12:00,0.6434120160558905
2018-02-13 21:15:00,0.6201805698111684
2018-02-13 21:18:00,0.6382016081903998
2018-02-13 21:21:00,0.5860508253204557
2018-02-13 21:24:00,0.5150359580700865
2018-02-13 21:27:00,0.5290261293669118
2018-02-13 21:30:00,0.5063025778161432
2018-02-13 21:33:00,0.4853795794101643
2018-02-13 21:36:00,0.5606742951345609
2018-02-13 21:39:00,0.42662488236402396
2018-02-13 21:42:00,0.4713678461103541
2018-02-13 21:45:00,0.4574880740450453
2018-02-13 21:48:00,0.5446136310857241
2018-02-13 21:51:00,0.622439412721576
2018-02-13 21:54:00,0.5057679522216176
2018-02-13 21:57:00,0.45877857330827965
2018-02-13 22:00:00,0.44658127255939917
2018-02-13 22:03:00,0.5408666459933329
2018-02-13 22:06:00,0.5085667486921466
2018-02-13 22:09:00,0.43737801288330047
2018-02-13 22:12:00,0.5471425708263382
2018-02-13 22:15:00,0.5384262169060321
2018-02-13 22:18:00,0.47849339952108494
2018-02-13 22:21:00,0.4220573183123406
2018-02-13 22:24:00,0.4285738845181868
2018-02-13 22:27:00,0.42465079430684227
2018-02-13 22:30:00,0.33400733871809507
2018-02-13 22:33:00,0.4215984101934964
2018-02-13 22:36:00,0.41794739049692
2018-02-13 22:39:00,0.39144198223260673
2018-02-13 22:42:00,0.451726397019911
2018-02-13 22:45:00,0.4310783951170265
2018-02-13 22:48:00,0.3710742072538551
2018-02-13 22:51:00,0.41178928979604734
2018-02-13 22:54:00,0.33885069534261447
2018-02-13 22:57:00,0.2618953404708577
2018-02-13 23:00:00,0.40224084657205594
2018-02-13 23:03:00,0.35499136856390123
2018-02-13 23:06:00,0.41050977973668523
2018-02-13 23:09:00,0.36860489546381814
2018-02-13 23:12:00,0.32885223231312466
2018-02-13 23:15:00,0.38599462131554674
2018-02-13 23:18:00,0.3624921761921769
2018-02-13 23:21:00,0.39288962316072684
2018-02-13 23:24:00,0.48102966001346203
2018-02-13 23:27:00,0.4476158977706177
2018-02-13 23:30:00,0.5705190043228754
2018-02-13 23:33:00,0.5123454488528978
2018-02-13 23:36:00,0.472935304642931
2018-02-13 23:39:00,0.49067352237295836
2018-02-13 23:42:00,0.5056617240759351
2018-02-13 23:45:00,0.5479669505726861
2018-02-13 23:48:00,0.509057438264108
2018-02-13 23:51:00,0.489262361059275
2018-02-13 23:54:00,0.5090934256743367
2018-02-13 23:57:00,0.3939029138239789
2018-02-14 00:00:00,0.5427118026957487
2018-02-14 00:03:00,0.4871164924893492
2018-02-14 00:06:00,0.5366360893750652
2018-02-14 00:09:00,0.46748791560185055
2018-02-14 00:12:00,0.3667208218615201
2018-02-14 00:15:00,0.4434473577760514
2018-02-14 00:18:00,0.5533433485951491
2018-02-14 00:21:00,0.459891563434212
2018-02-14 00:24:00,0.4032998949253397
2018-02-14 00:27:00,0.5157584550954653
2018-02-14 00:30:00,0.3926405823148116
2018-02-14 00:33:00,0.33292827308218875
2018-02-14 00:36:00,0.420850110301501
2018-02-14 00:39:00,0.385434306750426
2018-02-14 00:42:00,0.37666009072461293
2018-02-14 00:45:00,0.421734424608303
2018-02-14 00:48:00,0.5186425717524799
2018-02-14 00:51:00,0.436275848471837
2018-02-14 00:54:00,0.3759750353167419
2018-02-14 00:57:00,0.4787895272471019
2018-02-14 01:00:00,0.48732355646120595
2018-02-14 01:03:00,0.45932315140271385
2018-02-14 01:06:00,0.4911832861422454
2018-02-14 01:09:00,0.4613612769351789
2018-02-14 01:12:00,0.47235644308352676
2018-02-14 01:15:00,0.4810580605272321
2018-02-14 01:18:00,0.46523420544434657
2018-02-14 01:21:00,0.3826713733673728
2018-02-14 01:24:00,0.44902796250488564
2018-02-14 01:27:00,0.5037500134395145
2018-02-14 01:30:00,0.3052321753954743
2018-02-14 01:33:00,0.5130904174716875
2018-02-14 01:36:00,0.38421471940938545
2018-02-14 01:39:00,0.5244873981200726
2018-02-14 01:42:00,0.3624802285963824
2018-02-14 01:45:00,0.4904938887342496
2018-02-14 01:48:00,0.5108553117557335
2018-02-14 01:51:00,0.46675561687084155
2018-02-14 01:54:00,0.4484976133414875
2018-02-14 01:57:00,0.48412125880281565
2018-02-14 02:00:00,0.44878700840342844
2018-02-14 02:03:00,0.4538611665015537
2018-02-14 02:06:00,0.5229231805094514
2018-02-14 02:09:00,0.4365603003682281
2018-02-14 02:12:00,0.4656212649930467
2018-02-14 02:15:00,0.48900590728806037
2018-02-14 02:18:00,0.5214137203635687
2018-02-14 02:21:00,0.45232578688751346
2018-02-14 02:24:00,0.43598018497146995
2018-02-14 02:27:00,0.503916782659303
2018-02-14 02:30:00,0.4799850520410587
2018-02-14 02:33:00,0.5010874459047727
2018-02-14 02:36:00,0.5254663220454177
2018-02-14 02:39:00,0.4528355657077441
2018-02-14 02:42:00,0.5969017772318352
2018-02-14 02:45:00,0.5563952946628206
2018-02-14 02:48:00,0.43676622124831965
2018-02-14 02:51:00,0.5669762818188246
2018-02-14 02:54:00,0.40768546311073806
2018-02-14 02:57:00,0.541061003761854
2018-02-14 03:00:00,0.5373916412583526
2018-02-14 03:03:00,0.5217080003010892
2018-02-14 03:06:00,0.4399564946649548
2018-02-14 03:09:00,0.4239685378058766
2018-02-14 03:12:00,0.411403270270398
2018-02-14 03:15:00,0.3923966496294611
2018-02-14 03:18:00,0.3603039365895597
2018-02-14 03:21:00,0.5379960263671251
2018-02-14 03:24:00,0.36816521326153406
2018-02-14 03:27:00,0.4847313774752706
2018-02-14 03:30:00,0.4951723309577005
2018-02-14 03:33:00,0.49945596974561113
2018-02-14 03:36:00,0.3348030227905383
2018-02-14 03:39:00,0.5433873751219949
2018-02-14 03:42:00,0.4789339529371546
2018-02-14 03:45:00,0.41458771946588513
2018-02-14 03:48:00,0.5204008665443212
2018-02-14 03:51:00,0.5220911516121305
2018-02-14 03:54:00,0.4426492272405653
2018-02-14 03:57:00,0.46908525239115306
2018-02-14 04:00:00,0.4786123159047406
2018-02-14 04:03:00,0.4966087806720907
2018-02-14 04:06:00,0.4593416879665142
2018-02-14 04:09:00,0.491256834143428
2018-02-14 04:12:00,0.5035823177335601
2018-02-14 04:15:00,0.46947792537116584
2018-02-14 04:18:00,0.4497071404218218
2018-02-14 04:21:00,0.525453503510164
2018-02-14 04:24:00,0.5004873356506891
2018-02-14 04:27:00,0.4925749018975125
2018-02-14 04:30:00,0.49709079270581924
2018-02-14 04:33:00,0.4252156741438853
2018-02-14 04:36:00,0.45504310798037295
2018-02-14 04:39:00,0.5137133012850654
2018-02-14 04:42:00,0.46429147860095554
2018-02-14 04:45:00,0.49425302503630064
2018-02-14 04:48:00,0.5611778969204124
2018-02-14 04:51:00,0.4867039067953556
2018-02-14 04:54:00,0.612457767004571
2018-02-14 04:57:00,0.6088538939381465
2018-02-14 05:00:00,0.5813078642086111
2018-02-14 05:03:00,0.6230870900686796
2018-02-14 05:06:00,0.6459633571125778
2018-02-14 05:09:00,0.4624680522547351
2018-02-14 05:12:00,0.43643905315371967
2018-02-14 05:15:00,0.5814128841889215
2018-02-14 05:18:00,0.5532708086283833
2018-02-14 05:21:00,0.6240562516616706
2018-02-14 05:24:00,0.6310345700141511
2018-02-14 05:27:00,0.6958693108797434
2018-02-14 05:30:00,0.7329058710341201
2018-02-14 05:33:00,0.6307507122078277
2018-02-14 05:36:00,0.6987250756640719
2018-02-14 05:39:00,0.6909335662493277
2018-02-14 05:42:00,0.6215635577603962
2018-02-14 05:45:00,0.4886085173853303
2018-02-14 05:48:00,0.6211987723859806
2018-02-14 05:51:00,0.5936819418308232
2018-02-14 05:54:00,0.6545035054158461
2018-02-14 05:57:00,0.5398941696167867
2018-02-14 06:00:00,0.6188348269180892
2018-02-14 06:03:00,0.7023818869877232
2018-02-14 06:06:00,0.6850832568279088
2018-02-14 06:09:00,0.6426085411913505
2018-02-14 06:12:00,0.4991096923409941
2018-02-14 06:15:00,0.5549500998233157
2018-02-14 06:18:00,0.5165410065015976
2018-02-14 06:21:00,0.5490074421444433
2018-02-14 06:24:00,0.5352960646640668
2018-02-14 06:27:00,0.49973524112141376
2018-02-14 06:30:00,0.5453791223171152
2018-02-14 06:33:00,0.5320424672186732
2018-02-14 06:36:00,0.6709347921487847
2018-02-14 06:39:00,0.5841970917355184
2018-02-14 06:42:00,0.5197137727855647
2018-02-14 06:45:00,0.5096909972905905
2018-02-14 06:48:00,0.45777220089860293
2018-02-14 06:51:00,0.5957226360253571
2018-02-14 06:54:00,0.6438923217336878
2018-02-14 06:57:00,0.6852771101063126
2018-02-14 07:00:00,0.6969885256528414
2018-02-14 07:03:00,0.582310877430757
2018-02-14 07:06:00,0.632509865987231
2018-02-14 07:09:00,0.8329206386306964
2018-02-14 07:12:00,0.5683303593584697
2018-02-14 07:15:00,0.6451229323460552
2018-02-14 07:18:00,0.7506350609177161
2018-02-14 07:21:00,0.6508604825444309
2018-02-14 07:24:00,0.5873183476992949
2018-02-14 07:27:00,0.7381681156691116
2018-02-14 07:30:00,0.7417906494300155
2018-02-14 07:33:00,0.7038525253337866
2018-02-14 07:36:00,0.7823943265458979
2018-02-14 07:39:00,0.6531340500187639
2018-02-14 07:42:00,0.6985619273895622
2018-02-14 07:45:00,0.5605382107855803
2018-02-14 07:48:00,0.6523204159777265
2018-02-14 07:51:00,0.5872482778478343
2018-02-14 07:54:00,0.6449248417847002
2018-02-14 07:57:00,0.6866820065656043
2018-02-14 08:00:00,0.6354030241290616
2018-02-14 08:03:00,0.5179333155702466
2018-02-14 08:06:00,0.6476512845158027
2018-02-14 08:09:00,0.6211754274792156
2018-02-14 08:12:00,0.6476696470710976
2018-02-14 08:15:00,0.6712658199751331
2018-02-14 08:18:00,0.6608282466944502
2018-02-14 08:21:00,0.6123979102312092
2018-02-14 08:24:00,0.6258362130809587
2018-02-14 08:27:00,0.722464923845223
2018-02-14 08:30:00,0.6011070404489942
2018-02-14 08:33:00,0.5880134723480523
2018-02-14 08:36:00,0.6071647179227284
2018-02-14 08:39:00,0.6945398339565827
2018-02-14 08:42:00,0.6629184403874433
2018-02-14 08:45:00,0.6984802310075793
2018-02-14 08:48:00,0.6023668278625678
2018-02-14 08:51:00,0.6649804092032809
2018-02-14 08:54:00,0.5968371171265971
2018-02-14 08:57:00,0.5661039426619823
2018-02-14 09:00:00,0.5225408925966804
2018-02-14 09:03:00,0.6184969871939074
2018-02-14 09:06:00,0.5700475127893014
2018-02-14 09:09:00,0.6752075050253552
2018-02-14 09:12:00,0.6747199670394934
2018-02-14 09:15:00,0.6123011770511084
2018-02-14 09:18:00,0.7671184242966547
2018-02-14 09:21:00,0.5975145765667094
2018-02-14 09:24:00,0.6139130859592115
2018-02-14 09:27:00,0.7116977135534057
2018-02-14 09:30:00,0.7217894647101843
2018-02-14 09:33:00,0.5974674134243969
2018-02-14 09:36:00,0.6294086772045944
2018-02-14 09:39:00,0.6226787766144639
2018-02-14 09:42:00,0.58718587213923
2018-02-14 09:45:00,0.6436888112422139
2018-02-14 09:48:00,0.7229643646743966
2018-02-14 09:51:00,0.592396448958084
2018-02-14 09:54:00,0.5622689853803422
2018-02-14 09:57:00,0.6818026185433155
2018-02-14 10:00:00,0.5536972621809468
2018-02-14 10:03:00,0.4807842472289394
2018-02-14 10:06:00,0.5805836910779476
2018-02-14 10:09:00,0.5993332078983826
2018-02-14 10:12:00,0.39404139094756374
2018-02-14 10:15:00,0.6455734823599073
2018-02-14 10:18:00,0.4579232035914629
2018-02-14 10:21:00,0.489390022904729
2018-02-14 10:24:00,0.5547748592099992
2018-02-14 10:27:00,0.5557917907453884
2018-02-14 10:30:00,0.4870626155399691
2018-02-14 10:33:00,0.47881439497194833
2018-02-14 10:36:00,0.5079913998779375
2018-02-14 10:39:00,0.4686297325013129
2018-02-14 10:42:00,0.421698972555248
2018-02-14 10:45:00,0.47896730578003144
2018-02-14 10:48:00,0.40721614924240157
2018-02-14 10:51:00,0.3182176301089612
2018-02-14 10:54:00,0.5586550898498786
2018-02-14 10:57:00,0.3692981279949663
2018-02-14 11:00:00,0.42210498923299156
2018-02-14 11:03:00,0.5208863464152387
2018-02-14 11:06:00,0.39831728956585266
2018-02-14 11:09:00,0.39016477490912393
2018-02-14 11:12:00,0.2996205836687409
2018-02-14 11:15:00,0.39575031856810483
2018-02-14 11:18:00,0.37894269121795787
2018-02-14 11:21:00,0.46871439832722217
2018-02-14 11:24:00,0.37263469811745153
2018-02-14 11:27:00,0.4396059841805027
2018-02-14 11:30:00,0.4361131239481324
2018-02-14 11:33:00,0.3162560379811339
2018-02-14 11:36:00,0.4454591665482326
2018-02-14 11:39:00,0.29384791276993383
2018-02-14 11:42:00,0.41273128108826995
2018-02-14 11:45:00,0.40613450082526015
2018-02-14 11:48:00,0.3723242407236853
2018-02-14 11:51:00,0.3708377959039808
2018-02-14 11:54:00,0.3080663796849876
2018-02-14 11:57:00,0.3241734921085708
2018-02-14 12:00:00,0.24500513605823926
2018-02-14 12:03:00,0.3331052252357267
2018-02-14 12:06:00,0.30670992818710374
2018-02-14 12:09:00,0.2167497795981035
2018-02-14 12:12:00,0.24370745414529438
2018-02-14 12:15:00,0.3656646921060087
2018-02-14 12:18:00,0.37610247157857657
2018-02-14 12:21:00,0.3822480075028807
2018-02-14 12:24:00,0.41118096211238253
2018-02-14 12:27:00,0.35265242216479464
2018-02-14 12:30:00,0.3767430108387657
2018-02-14 12:33:00,0.4677460501732753
2018-02-14 12:36:00,0.46221904844185246
2018-02-14 12:39:00,0.47812528629174267
2018-02-14 12:42:00,0.36090207730461543
2018-02-14 12:45:00,0.38171416907738376
2018-02-14 12:48:00,0.2540830205699649
2018-02-14 12:51:00,0.3106096851744269
2018-02-14 12:54:00,0.39498326399831285
2018-02-14 12:57:00,0.2907074441241093
2018-02-14 13:00:00,0.26760507249878174
2018-02-14 13:03:00,0.3692340007947337
2018-02-14 13:06:00,0.38420513120621536
2018-02-14 13:09:00,0.30288162279902053
2018-02-14 13:12:00,0.28697783554241596
2018-02-14 13:15:00,0.31212674890201697
2018-02-14 13:18:00,0.3410089669559966
2018-02-14 13:21:00,0.34737898815575363
2018-02-14 13:24:00,0.28985444669086746
2018-02-14 13:27:00,0.35376440829458033
2018-02-14 13:30:00,0.32428105737460555
2018-02-14 13:33:00,0.3971161903749021
2018-02-14 13:36:00,0.3116990553631922
2018-02-14 13:39:00,0.32617548259383966
2018-02-14 13:42:00,0.4243347719270787
2018-02-14 13:45:00,0.40736339112487485
2018-02-14 13:48:00,0.33661735773279133
2018-02-14 13:51:00,0.3660621956536261
2018-02-14 13:54:00,0.33107927700189066
2018-02-14 13:57:00,0.2437130406937058
2018-02-14 14:00:00,0.2639950807433138
2018-02-14 14:03:00,0.3473276502920726
2018-02-14 14:06:00,0.38785376286216433
2018-02-14 14:09:00,0.3070537134458391
2018-02-14 14:12:00,0.34586517977959375
2018-02-14 14:15:00,0.36071884885842564
2018-02-14 14:18:00,0.4228135754091227
2018-02-14 14:21:00,0.43840579869350904
2018-02-14 14:24:00,0.4276677239694209
2018-02-14 14:27:00,0.33025555861576095
2018-02-14 14:30:00,0.34280148408674904
2018-02-14 14:33:00,0.3092019724762167
2018-02-14 14:36:00,0.24260713588586214
2018-02-14 14:39:00,0.259146842168434
2018-02-14 14:42:00,0.3738749939626018
2018-02-14 14:45:00,0.31629206063229276
2018-02-14 14:48:00,0.22323863900544438
2018-02-14 14:51:00,0.23789853866759358
2018-02-14 14:54:00,0.28232558367545835
2018-02-14 14:57:00,0.3305725764802787
2018-02-14 15:00:00,0.27768852828143054
2018-02-14 15:03:00,0.24518770361413544
2018-02-14 15:06:00,0.17630257783753223
2018-02-14 15:09:00,0.29284358369471875
2018-02-14 15:12:00,0.21855944066248867
2018-02-14 15:15:00,0.3339731969270474
2018-02-14 15:18:00,0.16138495885508064
2018-02-14 15:21:00,0.265990394980804
2018-02-14 15:24:00,0.28419925726274187
2018-02-14 15:27:00,0.25515426703310595
2018-02-14 15:30:00,0.281371558967237
2018-02-14 15:33:00,0.2577130289467391
2018-02-14 15:36:00,0.1945840602583644
2018-02-14 15:39:00,0.30977281784743127
2018-02-14 15:42:00,0.29887502455983395
2018-02-14 15:45:00,0.24404823061200887
2018-02-14 15:48:00,0.28878895638854374
2018-02-14 15:51:00,0.33161621132029495
2018-02-14 15:54:00,0.3158229628655249
2018-02-14 15:57:00,0.24197380310459948
2018-02-14 16:00:00,0.3017218341374246
2018-02-14 16:03:00,0.2414846885684483
2018-02-14 16:06:00,0.2772258123922029
2018-02-14 16:09:00,0.28431791908502646
2018-02-14 16:12:00,0.19390872851067797
2018-02-14 16:15:00,0.2658609485655461
2018-02-14 16:18:00,0.3239164269194248
2018-02-14 16:21:00,0.23119400269661128
2018-02-14 16:24:00,0.32833485150848674
2018-02-14 16:27:00,0.21843597548684102
2018-02-14 16:30:00,0.35476024891903535
2018-02-14 16:33:00,0.3226810753070595
2018-02-14 16:36:00,0.25090829228713574
2018-02-14 16:39:00,0.2889661862803905
2018-02-14 16:42:00,0.2015238192760762
2018-02-14 16:45:00,0.19305166550714148
2018-02-14 16:48:00,0.18921783013172444
2018-02-14 16:51:00,0.15758706825090485
2018-02-14 16:54:00,0.2121578112432303
2018-02-14 16:57:00,0.2433296205457509
2018-02-14 17:00:00,0.2114311553845596
2018-02-14 17:03:00,0.24577317853510294
2018-02-14 17:06:00,0.18822715091403097
2018-02-14 17:09:00,0.18251216926449843
2018-02-14 17:12:00,0.19125134980106395
2018-02-14 17:15:00,0.2085019727920212
2018-02-14 17:18:00,0.19910429305184607
2018-02-14 17:21:00,0.1316715027145392
2018-02-14 17:24:00,0.28042182255580883
2018-02-14 17:27:00,0.20248973667906967
2018-02-14 17:30:00,0.1783762986198667
2018-02-14 17:33:00,0.23088931719865968
2018-02-14 17:36:00,0.2434076857568357
2018-02-14 17:39:00,0.22076570918312655
2018-02-14 17:42:00,0.23857525314645045
2018-02-14 17:45:00,0.21099793102587228
2018-02-14 17:48:00,0.16682128277665242
2018-02-14 17:51:00,0.23391369630337522
2018-02-14 17:54:00,0.19678655577337167
2018-02-14 17:57:00,0.27988012520842176
2018-02-14 18:00:00,0.23978652635088338
2018-02-14 18:03:00,0.21895895738714444
2018-02-14 18:06:00,0.25328352004072485
2018-02-14 18:09:00,0.2339476176817925
2018-02-14 18:12:00,0.25820586971588
2018-02-14 18:15:00,0.19268690137505473
2018-02-14 18:18:00,0.24458503721342595
2018-02-14 18:21:00,0.20489971422477993
2018-02-14 18:24:00,0.25572104126837303
2018-02-14 18:27:00,0.2340517727424185
2018-02-14 18:30:00,0.2644753606106178
2018-02-14 18:33:00,0.19952174344433615
2018-02-14 18:36:00,0.1739127015973736
2018-02-14 18:39:00,0.18821998921777094
2018-02-14 18:42:00,0.1783964778137488
2018-02-14 18:45:00,0.2498020787397195
2018-02-14 18:48:00,0.30929700846303376
2018-02-14 18:51:00,0.21213245215631105
2018-02-14 18:54:00,
2018-02-14 18:57:00,
2018-02-14 19:00:00,
2018-02-14 19:03:00,0.13372470553173343
2018-02-14 19:06:00,0.3209766037801387
2018-02-14 19:09:00,0.2704648025017491
2018-02-14 19:12:00,0.214855838419453
2018-02-14 19:15:00,0.26723431177862267
2018-02-14 19:18:00,0.2185376765000342
2018-02-14 19:21:00,0.2745138900282882
2018-02-14 19:24:00,0.389990192539301
2018-02-14 19:27:00,0.2147485785653771
2018-02-14 19:30:00,0.28985131771054284
2018-02-14 19:33:00,0.3141092066475153
2018-02-14 19:36:00,0.2554538038321539
2018-02-14 19:39:00,0.398375493982428
2018-02-14 19:42:00,0.23018882417341047
2018-02-14 19:45:00,0.22237857867634148
2018-02-14 19:48:00,0.23705855811726906
2018-02-14 19:51:00,0.2583757394250483
2018-02-14 19:54:00,0.25909814556939637
2018-02-14 19:57:00,0.2440503585999636
2018-02-14 20:00:00,0.2205478005992063
2018-02-14 20:03:00,0.188997120597719
2018-02-14 20:06:00,0.27736396732223056
2018-02-14 20:09:00,0.2582525820960768
2018-02-14 20:12:00,0.3456416449176345
2018-02-14 20:15:00,0.2158530127223912
2018-02-14 20:18:00,0.3430974509429916
2018-02-14 20:21:00,0.21932696666448237
2018-02-14 20:24:00,0.24116441408290257
2018-02-14 20:27:00,0.31532196896569076
2018-02-14 20:30:00,0.30138134999458543
2018-02-14 20:33:00,0.26958826458849217
2018-02-14 20:36:00,0.26390276439428817
2018-02-14 20:39:00,0.2365607440562485
2018-02-14 20:42:00,0.34421450122999886
2018-02-14 20:45:00,0.2659960962204764
2018-02-14 20:48:00,0.38047638075795476
2018-02-14 20:51:00,0.24687207764372943
2018-02-14 20:54:00,0.14343237748380488
2018-02-14 20:57:00,0.24323227961679095
2018-02-14 21:00:00,0.2771109032798904
2018-02-14 21:03:00,0.25304444877008336
2018-02-14 21:06:00,0.30326665993334245
2018-02-14 21:09:00,0.28537039828319166
2018-02-14 21:12:00,0.23377194262161538
2018-02-14 21:15:00,0.34728376954302576
2018-02-14 21:18:00,0.26287223274323424
2018-02-14 21:21:00,0.27594026331291843
2018-02-14 21:24:00,0.2678159943170044
2018-02-14 21:27:00,0.2659041091974359
2018-02-14 21:30:00,0.279908075317735
2018-02-14 21:33:00,0.26342874931674487
2018-02-14 21:36:00,0.2987599817764135
2018-02-14 21:39:00,0.2029516217973537
2018-02-14 21:42:00,0.22233043270699682
2018-02-14 21:45:00,0.2794686354968121
2018-02-14 21:48:00,0.2513822850974634
2018-02-14 21:51:00,0.3561411748621026
2018-02-14 21:54:00,0.3120075862802878
2018-02-14 21:57:00,0.3321013253256524
2018-02-14 22:00:00,0.4030457123010365
2018-02-14 22:03:00,0.31093007855935184
2018-02-14 22:06:00,0.26362669730707466
2018-02-14 22:09:00,0.42204134790620174
2018-02-14 22:12:00,0.362505294127061
2018-02-14 22:15:00,0.36248842740252485
2018-02-14 22:18:00,0.33455145432611744
2018-02-14 22:21:00,0.41502225182767916
2018-02-14 22:24:00,0.3819686321636482
2018-02-14 22:27:00,0.44659734601771106
2018-02-14 22:30:00,0.4208005060488631
2018-02-14 22:33:00,0.4058679402332359
2018-02-14 22:36:00,0.43736324283321437
2018-02-14 22:39:00,0.3299576878675339
2018-02-14 22:42:00,0.377336435702432
2018-02-14 22:45:00,0.3429324524051367
2018-02-14 22:48:00,0.39750332715107106
2018-02-14 22:51:00,0.48031551243650483
2018-02-14 22:54:00,0.3906978179442149
2018-02-14 22:57:00,0.4033903589685792
2018-02-14 23:00:00,0.4312405895195752
2018-02-14 23:03:00,0.33716185394109743
2018-02-14 23:06:00,0.384457032163084
2018-02-14 23:09:00,0.3721812854080895
2018-02-14 23:12:00,0.400751860154287
2018-02-14 23:15:00,0.36713404686088325
2018-02-14 23:18:00,0.28095870649724475
2018-02-14 23:21:00,0.40898766318468915
2018-02-14 23:24:00,0.44776163442219286
2018-02-14 23:27:00,0.35125357828218284
2018-02-14 23:30:00,0.48757991294576186
2018-02-14 23:33:00,0.39263583657447043
2018-02-14 23:36:00,0.44791846126855717
2018-02-14 23:39:00,0.5019204543717706
2018-02-14 23:42:00,0.40221749904173976
2018-02-14 23:45:00,0.4662032340123119
2018-02-14 23:48:00,0.4289448668698128
2018-02-14 23:51:00,0.5056276334778431
2018-02-14 23:54:00,0.5095538073721286
2018-02-14 23:57:00,0.4984103091940142
2018-02-15 00:00:00,0.5455423467713558
2018-02-15 00:03:00,0.48083354489745034
2018-02-15 00:06:00,0.43845144550010673
2018-02-15 00:09:00,0.4160391955858245
2018-02-15 00:12:00,0.47632555700232615
2018-02-15 00:15:00,0.5488523030887791
2018-02-15 00:18:00,0.40995740764276434
2018-02-15 00:21:00,0.4714885740434056
2018-02-15 00:24:00,0.4054635649910665
2018-02-15 00:27:00,0.36794919308704266
2018-02-15 00:30:00,0.3568531256255483
2018-02-15 00:33:00,0.3525727589370149
2018-02-15 00:36:00,0.4675419795634639
2018-02-15 00:39:00,0.4373757770622433
2018-02-15 00:42:00,0.43045408018849685
2018-02-15 00:45:00,0.38496345129897236
2018-02-15 00:48:00,0.48006581379002
2018-02-15 00:51:00,0.4552774345496573
2018-02-15 00:54:00,0.47737069067039783
2018-02-15 00:57:00,0.5054459727931544
2018-02-15 01:00:00,0.5504041711709533
2018-02-15 01:03:00,0.5607617863139467
2018-02-15 01:06:00,0.45088620930829393
2018-02-15 01:09:00,0.5194594454196135
2018-02-15 01:12:00,0.4439642747809671
2018-02-15 01:15:00,0.47764354488930394
2018-02-15 01:18:00,0.4758201348178659
2018-02-15 01:21:00,0.40931095614632795
2018-02-15 01:24:00,0.48052142027381706
2018-02-15 01:27:00,0.43792578179875363
2018-02-15 01:30:00,0.4235515305499007
2018-02-15 01:33:00,0.48941513310415985
2018-02-15 01:36:00,0.49179115809016594
2018-02-15 01:39:00,0.483281275661227
2018-02-15 01:42:00,0.48384222050100334
2018-02-15 01:45:00,0.3775332579125461
2018-02-15 01:48:00,0.5091267103701398
2018-02-15 01:51:00,0.43743719478283083
2018-02-15 01:54:00,0.5033135849424184
2018-02-15 01:57:00,0.4180990979040189
2018-02-15 02:00:00,0.4786837926756675
2018-02-15 02:03:00,0.3701769276527216
2018-02-15 02:06:00,0.4602981552112624
2018-02-15 02:09:00,0.44268261845957113
2018-02-15 02:12:00,0.5072953946830125
2018-02-15 02:15:00,0.5122853095544997
2018-02-15 02:18:00,0.4001522412146983
2018-02-15 02:21:00,0.5366905798315429
2018-02-15 02:24:00,0.43599130456721014
2018-02-15 02:27:00,0.4434555314865065
2018-02-15 02:30:00,0.5737952211280799
2018-02-15 02:33:00,0.5610464930182388
2018-02-15 02:36:00,0.4951858418979782
2018-02-15 02:39:00,0.5382828249192926
2018-02-15 02:42:00,0.4605530798454538
2018-02-15 02:45:00,0.5237381596069213
2018-02-15 02:48:00,0.4278641652271631
2018-02-15 02:51:00,0.555998389996887
2018-02-15 02:54:00,0.42029113616189306
2018-02-15 02:57:00,0.44349548336202815
2018-02-15 03:00:00,0.5523882005808787
2018-02-15 03:03:00,0.525552266122304
2018-02-15 03:06:00,0.5448763791520719
2018-02-15 03:09:00,0.4841418499363499
2018-02-15 03:12:00,0.4169447486268041
2018-02-15 03:15:00,0.44471108350910526
2018-02-15 03:18:00,0.4620800120538888
2018-02-15 03:21:00,0.39933275270425383
2018-02-15 03:24:00,0.4867895356495069
2018-02-15 03:27:00,0.4471695652326275
2018-02-15 03:30:00,0.42993751930850976
2018-02-15 03:33:00,0.44821217488726006
2018-02-15 03:36:00,0.4314964713495897
2018-02-15 03:39:00,0.45239003127630895
2018-02-15 03:42:00,0.4785719701051221
2018-02-15 03:45:00,0.4066941656526524
2018-02-15 03:48:00,0.5145596653919711
2018-02-15 03:51:00,0.46513501259858003
2018-02-15 03:54:00,0.5112957443485016
2018-02-15 03:57:00,0.34751167630321333
2018-02-15 04:00:00,0.44628386897073824
2018-02-15 04:03:00,0.444271538312762
2018-02-15 04:06:00,0.3465655470735669
2018-02-15 04:09:00,0.490658564703665
2018-02-15 04:12:00,0.42200623485774713
2018-02-15 04:15:00,0.5170421369423934
2018-02-15 04:18:00,0.4371128421861954
2018-02-15 04:21:00,0.44537372549876864
2018-02-15 04:24:00,0.37120006498241764
2018-02-15 04:27:00,0.4228044351812059
2018-02-15 04:30:00,0.49412756548889547
2018-02-15 04:33:00,0.4974959733207811
2018-02-15 04:36:00,0.5195192824912169
2018-02-15 04:39:00,0.43489948140523893
2018-02-15 04:42:00,0.5199869456555462
2018-02-15 04:45:00,0.4476098737596885
2018-02-15 04:48:00,0.44438851212169084
2018-02-15 04:51:00,0.4477393557147593
2018-02-15 04:54:00,0.4086351735755329
2018-02-15 04:57:00,0.35124213389542547
2018-02-15 05:00:00,0.4977725623635365
2018-02-15 05:03:00,0.4249317983725973
2018-02-15 05:06:00,0.4872065904608007
2018-02-15 05:09:00,0.4823171871433942
2018-02-15 05:12:00,0.44375283208768224
2018-02-15 05:15:00,0.40882497407039864
2018-02-15 05:18:00,0.4370988464917218
2018-02-15 05:21:00,0.4325543039390709
2018-02-15 05:24:00,0.4497222189388026
2018-02-15 05:27:00,0.4871848292737013
2018-02-15 05:30:00,0.6137475307592126
2018-02-15 05:33:00,0.5093714269713701
2018-02-15 05:36:00,0.5531132592166728
2018-02-15 05:39:00,0.4706668057285128
2018-02-15 05:42:00,0.5329758964508642
2018-02-15 05:45:00,0.5218029177556787
2018-02-15 05:48:00,0.46377604374936254
2018-02-15 05:51:00,0.5955158890894836
2018-02-15 05:54:00,0.56412870629606
2018-02-15 05:57:00,0.4240816704723329
2018-02-15 06:00:00,0.4237403573067695
2018-02-15 06:03:00,0.49702079806496613
2018-02-15 06:06:00,0.49004886644456747
2018-02-15 06:09:00,0.5633389800095188
2018-02-15 06:12:00,0.5115032417346015
2018-02-15 06:15:00,0.404140155327525
2018-02-15 06:18:00,0.4766236270731383
2018-02-15 06:21:00,0.4226425349785359
2018-02-15 06:24:00,0.37005813217257355
2018-02-15 06:27:00,0.5300148284106854
2018-02-15 06:30:00,0.4845049667361536
2018-02-15 06:33:00,0.5053746616032981
2018-02-15 06:36:00,0.501603764934714
2018-02-15 06:39:00,0.5801678744856531
2018-02-15 06:42:00,0.4919285363320114
2018-02-15 06:45:00,0.5533588574841701
2018-02-15 06:48:00,0.3954329500829772
2018-02-15 06:51:00,0.36839060556803815
2018-02-15 06:54:00,0.474219832164124
2018-02-15 06:57:00,0.48106845995539516
2018-02-15 07:00:00,0.47550733489470076
2018-02-15 07:03:00,0.46739759859991636
2018-02-15 07:06:00,0.33280178926196413
2018-02-15 07:09:00,0.4257482231254812
2018-02-15 07:12:00,0.46140119532532253
2018-02-15 07:15:00,0.4761015782764275
2018-02-15 07:18:00,0.4352030191863605
2018-02-15 07:21:00,0.4361668658517033
2018-02-15 07:24:00,0.39965822024083764
2018-02-15 07:27:00,0.501471113230707
2018-02-15 07:30:00,0.4346985588042571
2018-02-15 07:33:00,0.38149315632279013
2018-02-15 07:36:00,0.27724909606200754
2018-02-15 07:39:00,0.4419322386365252
2018-02-15 07:42:00,0.34847512595132457
2018-02-15 07:45:00,0.441124560521132
2018-02-15 07:48:00,0.3860505480566303
2018-02-15 07:51:00,0.4405030453697236
2018-02-15 07:54:00,0.40796074037859853
2018-02-15 07:57:00,0.3451875154115669
2018-02-15 08:00:00,0.4113395483685167
2018-02-15 08:03:00,0.40429686795363295
2018-02-15 08:06:00,0.3345801014073686
2018-02-15 08:09:00,0.4609648245867106
2018-02-15 08:12:00,0.3573413598131765
2018-02-15 08:15:00,0.23635946583021905
2018-02-15 08:18:00,0.33715092614210107
2018-02-15 08:21:00,0.39630636489027893
2018-02-15 08:24:00,0.3307168482306224
2018-02-15 08:27:00,0.28111474170424344
2018-02-15 08:30:00,0.4079973282048286
2018-02-15 08:33:00,0.2764619851142811
2018-02-15 08:36:00,0.3440543344786988
2018-02-15 08:39:00,0.24939124941084856
2018-02-15 08:42:00,0.3693394878218328
2018-02-15 08:45:00,0.27112733286656976
2018-02-15 08:48:00,0.39837121622508676
2018-02-15 08:51:00,0.3171969310802183
2018-02-15 08:54:00,0.33071147957281255
2018-02-15 08:57:00,0.46953233015204887
2018-02-15 09:00:00,0.40107369634955603
2018-02-15 09:03:00,0.30794741744443854
2018-02-15 09:06:00,0.2909092554550625
2018-02-15 09:09:00,0.32872213650279036
2018-02-15 09:12:00,0.23561652488302798
2018-02-15 09:15:00,0.38047327711603884
2018-02-15 09:18:00,0.2338505564252955
2018-02-15 09:21:00,0.2799058973213846
2018-02-15 09:24:00,0.22216425558463015
2018-02-15 09:27:00,0.22772796676775897
2018-02-15 09:30:00,0.2440856973783525
2018-02-15 09:33:00,0.2544164789245542
2018-02-15 09:36:00,0.17492266946447899
2018-02-15 09:39:00,0.2067004146427962
2018-02-15 09:42:00,0.20775548729739057
2018-02-15 09:45:00,0.11461812648479963
2018-02-15 09:48:00,0.17706769208751894
2018-02-15 09:51:00,0.1041061189543484
2018-02-15 09:54:00,0.0630549948806447
2018-02-15 09:57:00,0.07245460743206422
2018-02-15 10:00:00,0.08570111328947405
2018-02-15 10:03:00,0.21254092392393886
2018-02-15 10:06:00,0.09120429050693701
2018-02-15 10:09:00,0.10791718738744294
2018-02-15 10:12:00,0.11990081045178158
2018-02-15 10:15:00,0.0741882341743576
2018-02-15 10:18:00,0.05100799600171513
2018-02-15 10:21:00,0.15068400067508492
2018-02-15 10:24:00,0.12419703586630249
2018-02-15 10:27:00,0.2340012465633663
2018-02-15 10:30:00,0.11618185573968276
2018-02-15 10:33:00,0.0679059263611066
2018-02-15 10:36:00,-0.03328445771381894
2018-02-15 10:39:00,0.07705232100619241
2018-02-15 10:42:00,0.1385007612796585
2018-02-15 10:45:00,0.14380903770205578
2018-02-15 10:48:00,0.07113406629770225
2018-02-15 10:51:00,-0.020074205543039625
2018-02-15 10:54:00,0.16828738325767745
2018-02-15 10:57:00,0.0941521145755928
2018-02-15 11:00:00,0.1719231595084807
2018-02-15 11:03:00,0.10010259086448059
2018-02-15 11:06:00,0.09858969801541662
2018-02-15 11:09:00,0.021868438098863408
2018-02-15 11:12:00,0.09491646003857568
2018-02-15 11:15:00,-0.0537031903796219
2018-02-15 11:18:00,0.04551524807658325
2018-02-15 11:21:00,0.0019584484883807818
2018-02-15 11:24:00,-0.01956110624792018
2018-02-15 11:27:00,-0.041598886681072145
2018-02-15 11:30:00,-0.004293752130934081
2018-02-15 11:33:00,0.056937217743325164
2018-02-15 11:36:00,-0.007672115848379235
2018-02-15 11:39:00,0.014298434703619023
2018-02-15 11:42:00,0.1001925079754642
2018-02-15 11:45:00,-0.030355554380264493
2018-02-15 11:48:00,-0.014044974593446113
2018-02-15 11:51:00,-0.06364882914118652
2018-02-15 11:54:00,0.024020834911823385
2018-02-15 11:57:00,-0.0034844760261307783
2018-02-15 12:00:00,0.013896532304727316
2018-02-15 12:03:00,0.01643039246744138
2018-02-15 12:06:00,-0.030562861425323717
2018-02-15 12:09:00,0.0537185065114727
2018-02-15 12:12:00,-0.09362239163101549
2018-02-15 12:15:00,-0.012278653705948273
2018-02-15 12:18:00,0.021301728618880134
2018-02-15 12:21:00,0.04951830299432913
2018-02-15 12:24:00,-0.07101629299461365
2018-02-15 12:27:00,-0.05261433631324053
2018-02-15 12:30:00,-0.06870259681414836
2018-02-15 12:33:00,-0.0938016694164503
2018-02-15 12:36:00,-0.04019613264347299
2018-02-15 12:39:00,0.046199326835051124
2018-02-15 12:42:00,0.015895663728315412
2018-02-15 12:45:00,0.05786615015404095
2018-02-15 12:48:00,0.06348403941490233
2018-02-15 12:51:00,0.08059378449723908
2018-02-15 12:54:00,0.07316763527359171
2018-02-15 12:57:00,0.03729752800069264
2018-02-15 13:00:00,0.006687999519783716
2018-02-15 13:03:00,0.14772763673551026
2018-02-15 13:06:00,0.042190898193155135
2018-02-15 13:09:00,-0.021858790120120375
2018-02-15 13:12:00,0.0648953541220294
2018-02-15 13:15:00,0.057031428632910774
2018-02-15 13:18:00,0.007931986452717865
2018-02-15 13:21:00,0.05057347425059788
2018-02-15 13:24:00,0.008131885510636039
2018-02-15 13:27:00,-0.02593997630441436
2018-02-15 13:30:00,-0.015027422472826402
2018-02-15 13:33:00,0.03414942115091435
2018-02-15 13:36:00,-0.10841401897397418
2018-02-15 13:39:00,0.015343882085971927
2018-02-15 13:42:00,-0.027882509767778174
2018-02-15 13:45:00,0.11192669639331143
2018-02-15 13:48:00,0.053204648126040865
2018-02-15 13:51:00,-0.010410119422033404
2018-02-15 13:54:00,-0.13628575349230232
2018-02-15 13:57:00,-0.1027791500690114
2018-02-15 14:00:00,0.04458880232880347
2018-02-15 14:03:00,-0.009228696524928637
2018-02-15 14:06:00,-0.04126523220594436
2018-02-15 14:09:00,0.04733621622654027
2018-02-15 14:12:00,0.019141503141781868
2018-02-15 14:15:00,-0.07411386104922713
2018-02-15 14:18:00,-0.08573560310719586
2018-02-15 14:21:00,0.009166997830675427
2018-02-15 14:24:00,-0.05802784051280696
2018-02-15 14:27:00,-0.015982674525730545
2018-02-15 14:30:00,-0.10485374439588213
2018-02-15 14:33:00,-0.05848070243627035
2018-02-15 14:36:00,0.08287089830378136
2018-02-15 14:39:00,0.05509700588299893
2018-02-15 14:42:00,0.02300637137710737
2018-02-15 14:45:00,0.10911133543203277
2018-02-15 14:48:00,-0.009297695729742372
2018-02-15 14:51:00,-0.0026357604447184713
2018-02-15 14:54:00,0.009613653319718196
2018-02-15 14:57:00,0.08096572927524903
2018-02-15 15:00:00,0.21622851305346558
2018-02-15 15:03:00,0.1382972089018608
2018-02-15 15:06:00,0.08986707996626819
2018-02-15 15:09:00,0.22653838947582017
2018-02-15 15:12:00,0.09449835605892076
2018-02-15 15:15:00,0.10052492545281666
2018-02-15 15:18:00,0.055211328807047266
2018-02-15 15:21:00,0.08397147778737235
2018-02-15 15:24:00,0.0345431664555349
2018-02-15 15:27:00,0.02045647529547523
2018-02-15 15:30:00,0.09348372082905598
2018-02-15 15:33:00,0.07519521598675283
2018-02-15 15:36:00,-0.04629505540918899
2018-02-15 15:39:00,-0.05788357052256288
2018-02-15 15:42:00,-0.06850780867091544
2018-02-15 15:45:00,-0.03080422652544712
2018-02-15 15:48:00,-0.08385810360675805
2018-02-15 15:51:00,-0.05173036057038871
2018-02-15 15:54:00,-0.04631027539318211
2018-02-15 15:57:00,0.08263191025065453
2018-02-15 16:00:00,0.16221351908194492
2018-02-15 16:03:00,0.14078960588096834
2018-02-15 16:06:00,0.11268290724888175
2018-02-15 16:09:00,0.11655554648882571
2018-02-15 16:12:00,0.11460531313576894
2018-02-15 16:15:00,0.08138385377782242
2018-02-15 16:18:00,0.11295583207629534
2018-02-15 16:21:00,0.1811339962678744
2018-02-15 16:24:00,0.12914082796658022
2018-02-15 16:27:00,0.15437380919740917
2018-02-15 16:30:00,0.19821104550766222
2018-02-15 16:33:00,0.12791691574574315
2018-02-15 16:36:00,0.18475663844628798
2018-02-15 16:39:00,0.10332685491562188
2018-02-15 16:42:00,0.20018193445645238
2018-02-15 16:45:00,0.32958321567764415
2018-02-15 16:48:00,0.2953286877571486
2018-02-15 16:51:00,0.26682381551842127
2018-02-15 16:54:00,0.35518660816762804
2018-02-15 16:57:00,0.45334781679747493
2018-02-15 17:00:00,0.5120540064611419
2018-02-15 17:03:00,0.4539562647113371
2018-02-15 17:06:00,0.49759420091288575
2018-02-15 17:09:00,0.5234955723032044
2018-02-15 17:12:00,0.5667088130645652
2018-02-15 17:15:00,0.4728122421054195
2018-02-15 17:18:00,0.4896520272717453
2018-02-15 17:21:00,0.48956042698762303
2018-02-15 17:24:00,0.4158784387004175
2018-02-15 17:27:00,0.43983504383612626
2018-02-15 17:30:00,0.44767289078379235
2018-02-15 17:33:00,0.49737855755483906
2018-02-15 17:36:00,0.5766413792989624
2018-02-15 17:39:00,0.5368274545758709
2018-02-15 17:42:00,0.6074171204818981
2018-02-15 17:45:00,0.6588133082299237
2018-02-15 17:48:00,0.7789735383680636
2018-02-15 17:51:00,0.7158025971943403
2018-02-15 17:54:00,0.6501167038357494
2018-02-15 17:57:00,0.6907554862568759
2018-02-15 18:00:00,0.6763538592499572
2018-02-15 18:03:00,0.8132167880295356
2018-02-15 18:06:00,0.7425256629584283
2018-02-15 18:09:00,0.6341689965159958
2018-02-15 18:12:00,0.6949334838960226
2018-02-15 18:15:00,0.6509258220588663
2018-02-15 18:18:00,0.6523322663292674
2018-02-15 18:21:00,0.7184310520319741
2018-02-15 18:24:00,0.7453984261836126
2018-02-15 18:27:00,0.6220242339392712
2018-02-15 18:30:00,0.7492239915954997
2018-02-15 18:33:00,0.6287798443813131
2018-02-15 18:36:00,0.6672124819456258
2018-02-15 18:39:00,0.6365109714049595
2018-02-15 18:42:00,0.7274889038844208
2018-02-15 18:45:00,0.581734818561813
2018-02-15 18:48:00,0.6633289813445344
2018-02-15 18:51:00,0.712172449688353
2018-02-15 18:54:00,0.6649624772930451
2018-02-15 18:57:00,
2018-02-15 19:00:00,
2018-02-15 19:03:00,0.6379317919613072
2018-02-15 19:06:00,0.6020175099819198
2018-02-15 19:09:00,0.619342092023885
2018-02-15 19:12:00,0.5867604122250896
2018-02-15 19:15:00,0.64618623530896
2018-02-15 19:18:00,0.691401496572837
2018-02-15 19:21:00,0.6636321981632705
2018-02-15 19:24:00,0.5556479707785229
2018-02-15 19:27:00,0.5081112520934425
2018-02-15 19:30:00,0.5741277762899131
2018-02-15 19:33:00,0.6449466250140858
2018-02-15 19:36:00,0.6558808627229951
2018-02-15 19:39:00,0.6494538818063802
2018-02-15 19:42:00,0.5056122441968114
2018-02-15 19:45:00,0.7121197966154682
2018-02-15 19:48:00,0.5154245289920709
2018-02-15 19:51:00,0.49195637251182234
2018-02-15 19:54:00,0.5806938470823297
2018-02-15 19:57:00,0.5300945673140518
2018-02-15 20:00:00,0.5111399350308261
2018-02-15 20:03:00,0.6181844830804266
2018-02-15 20:06:00,0.5322667861908599
2018-02-15 20:09:00,0.64875349642125
2018-02-15 20:12:00,0.6746862481365383
2018-02-15 20:15:00,0.49992049520767523
2018-02-15 20:18:00,0.5159853919702755
2018-02-15 20:21:00,0.60632126381239
2018-02-15 20:24:00,0.5386986799441047
2018-02-15 20:27:00,0.546906796505823
2018-02-15 20:30:00,0.5048873870057378
2018-02-15 20:33:00,0.5536311879933464
2018-02-15 20:36:00,0.5375342962026934
2018-02-15 20:39:00,0.533006445954527
2018-02-15 20:42:00,0.5326858318655354
2018-02-15 20:45:00,0.6619363999433858
2018-02-15 20:48:00,0.4510001685654288
2018-02-15 20:51:00,0.5174531997587337
2018-02-15 20:54:00,0.5370630780390684
2018-02-15 20:57:00,0.5717864012747214
2018-02-15 21:00:00,0.5374331520885676
2018-02-15 21:03:00,0.44994937205888164
2018-02-15 21:06:00,0.5503980240895885
2018-02-15 21:09:00,0.4610473052455859
2018-02-15 21:12:00,0.5441114131546101
2018-02-15 21:15:00,0.5241096635581926
2018-02-15 21:18:00,0.4882433527159833
2018-02-15 21:21:00,0.5636087337436493
2018-02-15 21:24:00,0.5952710432355843
2018-02-15 21:27:00,0.5428438422924842
2018-02-15 21:30:00,0.4754341605323589
2018-02-15 21:33:00,0.5083954360741245
2018-02-15 21:36:00,0.5024818367271564
2018-02-15 21:39:00,0.403646516774927
2018-02-15 21:42:00,0.4454236555530997
2018-02-15 21:45:00,0.48159038098208384
2018-02-15 21:48:00,0.539647473091577
2018-02-15 21:51:00,0.48619113233513644
2018-02-15 21:54:00,0.5631211435222667
2018-02-15 21:57:00,0.4665532267336516
2018-02-15 22:00:00,0.4737578815066854
2018-02-15 22:03:00,0.5684070840571849
2018-02-15 22:06:00,0.5708263576147488
2018-02-15 22:09:00,0.5460489797719106
2018-02-15 22:12:00,0.5962479258051303
2018-02-15 22:15:00,0.5754044101150271
2018-02-15 22:18:00,0.5548342604395771
2018-02-15 22:21:00,0.5567978611077251
2018-02-15 22:24:00,0.5579565704423999
2018-02-15 22:27:00,0.5426116109883878
2018-02-15 22:30:00,0.4735549572377522
2018-02-15 22:33:00,0.43488140150492427
2018-02-15 22:36:00,0.5686412638792149
2018-02-15 22:39:00,0.42163285964232955
2018-02-15 22:42:00,0.479211710016898
2018-02-15 22:45:00,0.42783480517277894
2018-02-15 22:48:00,0.5994895491532475
2018-02-15 22:51:00,0.4850019804423482
2018-02-15 22:54:00,0.5166990739569428
2018-02-15 22:57:00,0.5778121830982741
2018-02-15 23:00:00,0.529308756089165
2018-02-15 23:03:00,0.4072512497456273
2018-02-15 23:06:00,0.5257647116072235
2018-02-15 23:09:00,0.5384027781576037
2018-02-15 23:12:00,0.5151107560412811
2018-02-15 23:15:00,0.505026597680569
2018-02-15 23:18:00,0.4786234665344864
2018-02-15 23:21:00,0.4840282959264073
2018-02-15 23:24:00,0.5142830672404557
2018-02-15 23:27:00,0.5323542439262496
2018-02-15 23:30:00,0.43782680246437167
2018-02-15 23:33:00,0.4342468972420761
2018-02-15 23:36:00,0.50544239501437
2018-02-15 23:39:00,0.534456650624179
2018-02-15 23:42:00,0.45637256843792784
2018-02-15 23:45:00,0.4842849703961747
2018-02-15 23:48:00,0.5638853775662369
2018-02-15 23:51:00,0.4463189925440929
2018-02-15 23:54:00,0.4774638749133828
2018-02-15 23:57:00,0.4962647769958721
2018-02-16 00:00:00,0.5962250058127552
2018-02-16 00:03:00,0.5751242988949343
2018-02-16 00:06:00,0.4782955596814986
2018-02-16 00:09:00,0.4912447901146493
2018-02-16 00:12:00,0.5519431009786899
2018-02-16 00:15:00,0.5463818332490291
2018-02-16 00:18:00,0.5325035449033635
2018-02-16 00:21:00,0.4611795213306209
2018-02-16 00:24:00,0.5072899901530832
2018-02-16 00:27:00,0.5966040048859327
2018-02-16 00:30:00,0.5090022719414833
2018-02-16 00:33:00,0.6360714663245517
2018-02-16 00:36:00,0.6921099613928732
2018-02-16 00:39:00,0.5387186333140903
2018-02-16 00:42:00,0.5951718908054886
2018-02-16 00:45:00,0.605550128686275
2018-02-16 00:48:00,0.5225962588608013
2018-02-16 00:51:00,0.42524292725926216
2018-02-16 00:54:00,0.5385903877659644
2018-02-16 00:57:00,0.48185702774571837
2018-02-16 01:00:00,0.5870101790210356
2018-02-16 01:03:00,0.5703254157981519
2018-02-16 01:06:00,0.6142081023085098
2018-02-16 01:09:00,0.5495513208410898
2018-02-16 01:12:00,0.5730579953176402
2018-02-16 01:15:00,0.3973223589064787
2018-02-16 01:18:00,0.4422292783012267
2018-02-16 01:21:00,0.4694103554408571
2018-02-16 01:24:00,0.4979456483171134
2018-02-16 01:27:00,0.43448501191534206
2018-02-16 01:30:00,0.5115675421752144
2018-02-16 01:33:00,0.488971580155237
2018-02-16 01:36:00,0.4929109248721488
2018-02-16 01:39:00,0.46442067918673047
2018-02-16 01:42:00,0.5203591727951107
2018-02-16 01:45:00,0.4624244750827984
2018-02-16 01:48:00,0.44998550296872963
2018-02-16 01:51:00,0.38506444090035075
2018-02-16 01:54:00,0.5155205864643335
2018-02-16 01:57:00,0.46293514135345504
2018-02-16 02:00:00,0.4744326219056916
2018-02-16 02:03:00,0.460677343357645
2018-02-16 02:06:00,0.5329367999370334
2018-02-16 02:09:00,0.40919762529966874
2018-02-16 02:12:00,0.522561135397666
2018-02-16 02:15:00,0.5897902416242005
2018-02-16 02:18:00,0.4680229306096635
2018-02-16 02:21:00,0.4919818527396842
2018-02-16 02:24:00,0.5992450775665361
2018-02-16 02:27:00,0.49878391442717884
2018-02-16 02:30:00,0.4658135216342316
2018-02-16 02:33:00,0.4317200301625803
2018-02-16 02:36:00,0.47562352238134054
2018-02-16 02:39:00,0.6119961464689823
2018-02-16 02:42:00,0.52590117352878
2018-02-16 02:45:00,0.6021490857917229
2018-02-16 02:48:00,0.5787989217199652
2018-02-16 02:51:00,0.4731352687841195
2018-02-16 02:54:00,0.5802123880725389
2018-02-16 02:57:00,0.5688439759973676
2018-02-16 03:00:00,0.48912451065223195
2018-02-16 03:03:00,0.5043013194051582
2018-02-16 03:06:00,0.5204793009065725
2018-02-16 03:09:00,0.39395017752349304
2018-02-16 03:12:00,0.464712192026866
2018-02-16 03:15:00,0.3935261046996743
2018-02-16 03:18:00,0.5082273953250365
2018-02-16 03:21:00,0.5302569599003277
2018-02-16 03:24:00,0.39178088976831305
2018-02-16 03:27:00,0.48304211008354514
2018-02-16 03:30:00,0.4806531630403583
2018-02-16 03:33:00,0.504406551213151
2018-02-16 03:36:00,0.4491169124977432
2018-02-16 03:39:00,0.3862142267606714
2018-02-16 03:42:00,0.4637128975367659
2018-02-16 03:45:00,0.41270892320505936
2018-02-16 03:48:00,0.48570671245488484
2018-02-16 03:51:00,0.41451056098992467
2018-02-16 03:54:00,0.4166446626494462
2018-02-16 03:57:00,0.4890696147747349
2018-02-16 04:00:00,0.4743907747914591
2018-02-16 04:03:00,0.49513064667638673
2018-02-16 04:06:00,0.5034232058514476
2018-02-16 04:09:00,0.5598870304075376
2018-02-16 04:12:00,0.38676160325468345
2018-02-16 04:15:00,0.39662419834354523
2018-02-16 04:18:00,0.49339082610913465
2018-02-16 04:21:00,0.35687031501475985
2018-02-16 04:24:00,0.4717164813128534
2018-02-16 04:27:00,0.43834066131057625
2018-02-16 04:30:00,0.4573014000856688
2018-02-16 04:33:00,0.4095548025373432
2018-02-16 04:36:00,0.42453991835537863
2018-02-16 04:39:00,0.34967121565784964
2018-02-16 04:42:00,0.46073142340071627
2018-02-16 04:45:00,0.3942367179673738
2018-02-16 04:48:00,0.33730906424221985
2018-02-16 04:51:00,0.4799901792807191
2018-02-16 04:54:00,0.43646800338359526
2018-02-16 04:57:00,0.4193208386452625
2018-02-16 05:00:00,0.45973039284291417
2018-02-16 05:03:00,0.47974791411013484
2018-02-16 05:06:00,0.4801203275562216
2018-02-16 05:09:00,0.39010443484647794
2018-02-16 05:12:00,0.44081297874987513
2018-02-16 05:15:00,0.4268481589137991
2018-02-16 05:18:00,0.43493400073361954
2018-02-16 05:21:00,0.43394432946348616
2018-02-16 05:24:00,0.43304366254795923
2018-02-16 05:27:00,0.4550107454861063
2018-02-16 05:30:00,0.38700796751732014
2018-02-16 05:33:00,0.4388306488027638
2018-02-16 05:36:00,0.5425997400784581
2018-02-16 05:39:00,0.5118303794071721
2018-02-16 05:42:00,0.4602914902792463
2018-02-16 05:45:00,0.5591639630214331
2018-02-16 05:48:00,0.43234854540185097
2018-02-16 05:51:00,0.4280225862087832
2018-02-16 05:54:00,0.3844986703098243
2018-02-16 05:57:00,0.4395051015612239
2018-02-16 06:00:00,0.48077557875353705
2018-02-16 06:03:00,0.4542395172190936
2018-02-16 06:06:00,0.4481444634839704
2018-02-16 06:09:00,0.5496939125922609
2018-02-16 06:12:00,0.538031069019496
2018-02-16 06:15:00,0.5438918183826331
2018-02-16 06:18:00,0.5818722045942195
2018-02-16 06:21:00,0.5292026477615082
2018-02-16 06:24:00,0.5133285473061733
2018-02-16 06:27:00,0.39908283712094317
2018-02-16 06:30:00,0.477278573854619
2018-02-16 06:33:00,0.48615099550596597
2018-02-16 06:36:00,0.5298565846416636
2018-02-16 06:39:00,0.5999150110815776
2018-02-16 06:42:00,0.508792740649767
2018-02-16 06:45:00,0.5535986026030173
2018-02-16 06:48:00,0.502961079699844
2018-02-16 06:51:00,0.5598443420965964
2018-02-16 06:54:00,0.5062332569967793
2018-02-16 06:57:00,0.4108448843779797
2018-02-16 07:00:00,0.4755900237669266
2018-02-16 07:03:00,0.4057575387091674
2018-02-16 07:06:00,0.49231213384797456
2018-02-16 07:09:00,0.5409341547548934
2018-02-16 07:12:00,0.43337253696984135
2018-02-16 07:15:00,0.4481282064214156
2018-02-16 07:18:00,0.47447483184606654
2018-02-16 07:21:00,0.4474594682731663
2018-02-16 07:24:00,0.41346130941849424
2018-02-16 07:27:00,0.3726547654648016
2018-02-16 07:30:00,0.3077967001867705
2018-02-16 07:33:00,0.3526659979833653
2018-02-16 07:36:00,0.4404138559852413
2018-02-16 07:39:00,0.4114850625530835
2018-02-16 07:42:00,0.3770229577531268
2018-02-16 07:45:00,0.5045771500754199
2018-02-16 07:48:00,0.39102680741586937
2018-02-16 07:51:00,0.36931265893082355
2018-02-16 07:54:00,0.4262835812982644
2018-02-16 07:57:00,0.36968943591801917
2018-02-16 08:00:00,0.453992170783863
2018-02-16 08:03:00,0.4254198348199907
2018-02-16 08:06:00,0.3488101540324351
2018-02-16 08:09:00,0.29859219680980686
2018-02-16 08:12:00,0.46298224702877633
2018-02-16 08:15:00,0.33386860774533034
2018-02-16 08:18:00,0.3800443437802983
2018-02-16 08:21:00,0.29403375455842706
2018-02-16 08:24:00,0.36770194599972683
2018-02-16 08:27:00,0.29959017006530075
2018-02-16 08:30:00,0.40566525377153084
2018-02-16 08:33:00,0.30037877901446564
2018-02-16 08:36:00,0.3175967587993114
2018-02-16 08:39:00,0.4061877946231789
2018-02-16 08:42:00,0.37131948319262165
2018-02-16 08:45:00,0.3017694987466939
2018-02-16 08:48:00,0.3484942209479982
2018-02-16 08:51:00,0.33183647709762454
2018-02-16 08:54:00,0.4884206007957914
2018-02-16 08:57:00,0.31191366570840273
2018-02-16 09:00:00,0.446980916382131
2018-02-16 09:03:00,0.3861693743687624
2018-02-16 09:06:00,0.2895430380992252
2018-02-16 09:09:00,0.29518603428510914
2018-02-16 09:12:00,0.35597819259425023
2018-02-16 09:15:00,0.28790058368065274
2018-02-16 09:18:00,0.3228175578062178
2018-02-16 09:21:00,0.36559046309992027
2018-02-16 09:24:00,0.28227458948555295
2018-02-16 09:27:00,0.35264189400601254
2018-02-16 09:30:00,0.3130985522947185
2018-02-16 09:33:00,0.28593273562569266
2018-02-16 09:36:00,0.34657235795060615
2018-02-16 09:39:00,0.2850604302311126
2018-02-16 09:42:00,0.24940559203787416
2018-02-16 09:45:00,0.27185798145779927
2018-02-16 09:48:00,0.2803805531023045
2018-02-16 09:51:00,0.21888537508726813
2018-02-16 09:54:00,0.22621882717805875
2018-02-16 09:57:00,0.21222212955325404
2018-02-16 10:00:00,0.2878761914676602
2018-02-16 10:03:00,0.09203775448366969
2018-02-16 10:06:00,0.09569971175562841
2018-02-16 10:09:00,0.050910735745048896
2018-02-16 10:12:00,0.18478467304328206
2018-02-16 10:15:00,0.08447443577398417
2018-02-16 10:18:00,0.11609000046064466
2018-02-16 10:21:00,0.17485679606858184
2018-02-16 10:24:00,0.1351528894541616
2018-02-16 10:27:00,0.15053045284503241
2018-02-16 10:30:00,0.1193823627945676
2018-02-16 10:33:00,0.12411283790629568
2018-02-16 10:36:00,0.061461797310357724
2018-02-16 10:39:00,0.14367935275811305
2018-02-16 10:42:00,0.10326790185985146
2018-02-16 10:45:00,0.1014660256940374
2018-02-16 10:48:00,0.06337243975536921
2018-02-16 10:51:00,0.1452138721917322
2018-02-16 10:54:00,0.2184895790953192
2018-02-16 10:57:00,0.03028319419638592
2018-02-16 11:00:00,0.15359541900028262
2018-02-16 11:03:00,0.09831165906450678
2018-02-16 11:06:00,0.09385688705498296
2018-02-16 11:09:00,0.01757564127041178
2018-02-16 11:12:00,0.04704785653217414
2018-02-16 11:15:00,-0.014883557460279917
2018-02-16 11:18:00,0.027845806386665117
2018-02-16 11:21:00,0.021276622741083884
2018-02-16 11:24:00,-0.05170383173748405
2018-02-16 11:27:00,-0.05255517211674032
2018-02-16 11:30:00,-0.08152307383727475
2018-02-16 11:33:00,-0.01190371053621675
2018-02-16 11:36:00,-0.088056612614821
2018-02-16 11:39:00,0.012059176769582791
2018-02-16 11:42:00,-0.06860765483594378
2018-02-16 11:45:00,0.03473237200813628
2018-02-16 11:48:00,-0.002528749993132351
2018-02-16 11:51:00,-0.045126885520687665
2018-02-16 11:54:00,-0.021774670992158462
2018-02-16 11:57:00,0.08329114770828028
2018-02-16 12:00:00,-0.026367604783558818
2018-02-16 12:03:00,0.015437655836024078
2018-02-16 12:06:00,-0.013314403047218093
2018-02-16 12:09:00,-0.1026121714716055
2018-02-16 12:12:00,0.0059060903960244104
2018-02-16 12:15:00,-0.03847657291686346
2018-02-16 12:18:00,0.0030808511203872513
2018-02-16 12:21:00,-0.051952716888138184
2018-02-16 12:24:00,-0.040118103697409424
2018-02-16 12:27:00,0.042026095226731286
2018-02-16 12:30:00,-0.0694547349976915
2018-02-16 12:33:00,-0.026549893805849933
2018-02-16 12:36:00,-0.061394418464772116
2018-02-16 12:39:00,0.02326230730682255
2018-02-16 12:42:00,-0.049042887167615845
2018-02-16 12:45:00,-0.017388058381470728
2018-02-16 12:48:00,-0.04108015431052081
2018-02-16 12:51:00,0.00826496790574538
2018-02-16 12:54:00,0.05390707007779838
2018-02-16 12:57:00,0.0331785068713657
2018-02-16 13:00:00,-0.058051382852340794
2018-02-16 13:03:00,0.0772117679969142
2018-02-16 13:06:00,-0.014733213384431565
2018-02-16 13:09:00,-0.07309789507633013
2018-02-16 13:12:00,0.009292035779424168
2018-02-16 13:15:00,-0.09613079696441673
2018-02-16 13:18:00,-0.08786170536967575
2018-02-16 13:21:00,-0.08818046825700776
2018-02-16 13:24:00,-0.09578317003717984
2018-02-16 13:27:00,-0.06582138800439452
2018-02-16 13:30:00,0.04441290547498511
2018-02-16 13:33:00,-0.0761534976462599
2018-02-16 13:36:00,-0.1166597692734399
2018-02-16 13:39:00,-0.19365035918997364
2018-02-16 13:42:00,-0.15564817839839407
2018-02-16 13:45:00,-0.19933024590056903
2018-02-16 13:48:00,-0.23224411477502827
2018-02-16 13:51:00,-0.08892537879023621
2018-02-16 13:54:00,-0.07717472031043826
2018-02-16 13:57:00,-0.06306403778921776
2018-02-16 14:00:00,-0.2049100198186693
2018-02-16 14:03:00,-0.236475359537053
2018-02-16 14:06:00,-0.22671070956499761
2018-02-16 14:09:00,-0.18591520212771684
2018-02-16 14:12:00,-0.15723670042979165
2018-02-16 14:15:00,-0.04140046046717316
2018-02-16 14:18:00,-0.03872576387186655
2018-02-16 14:21:00,-0.12784615414153677
2018-02-16 14:24:00,-0.12503514534921578
2018-02-16 14:27:00,-0.014898855513138187
2018-02-16 14:30:00,-0.027917736482038435
2018-02-16 14:33:00,-0.0852790863701216
2018-02-16 14:36:00,-0.10653927291906484
2018-02-16 14:39:00,-0.03817053511369295
2018-02-16 14:42:00,-0.12399165013704305
2018-02-16 14:45:00,-0.10354662679645799
2018-02-16 14:48:00,-0.17083152635569832
2018-02-16 14:51:00,-0.12669309226458836
2018-02-16 14:54:00,-0.18365463190980336
2018-02-16 14:57:00,0.06047079435387559
2018-02-16 15:00:00,-0.045206826998139604
2018-02-16 15:03:00,-0.05735689273689104
2018-02-16 15:06:00,-0.07803105223825924
2018-02-16 15:09:00,-0.0658556999747475
2018-02-16 15:12:00,0.10598624976057636
2018-02-16 15:15:00,0.10196602234026386
2018-02-16 15:18:00,-0.04672951403352954
2018-02-16 15:21:00,-0.0027452051156728885
2018-02-16 15:24:00,-0.08909482357478282
2018-02-16 15:27:00,0.06464552515359401
2018-02-16 15:30:00,-0.0393772401328647
2018-02-16 15:33:00,-0.06273396631365813
2018-02-16 15:36:00,-0.012491774984255244
2018-02-16 15:39:00,0.052854351398423205
2018-02-16 15:42:00,-0.023209047516900227
2018-02-16 15:45:00,0.04138668507960119
2018-02-16 15:48:00,0.07880340260356888
2018-02-16 15:51:00,-0.008321825488565082
2018-02-16 15:54:00,0.036559737776542534
2018-02-16 15:57:00,0.10980326928574868
2018-02-16 16:00:00,0.018319568370259276
2018-02-16 16:03:00,-0.04549671266124733
2018-02-16 16:06:00,-0.019539581462311162
2018-02-16 16:09:00,0.06151636536793603
2018-02-16 16:12:00,-0.0746184354185857
2018-02-16 16:15:00,-0.006549505196176142
2018-02-16 16:18:00,-0.008058993401959924
2018-02-16 16:21:00,-0.01345764118303805
2018-02-16 16:24:00,0.0518380171936883
2018-02-16 16:27:00,-0.09095518360720689
2018-02-16 16:30:00,0.021760891363726387
2018-02-16 16:33:00,-0.06871484426238794
2018-02-16 16:36:00,0.12894799707345328
2018-02-16 16:39:00,0.09384587480144546
2018-02-16 16:42:00,0.043853642198143916
2018-02-16 16:45:00,0.045118486148624015
2018-02-16 16:48:00,-0.015915892216526117
2018-02-16 16:51:00,0.025725331228272807
2018-02-16 16:54:00,-0.048169671565631234
2018-02-16 16:57:00,0.04718168135201495
2018-02-16 17:00:00,-0.021594940083048186
2018-02-16 17:03:00,0.07651321391409738
2018-02-16 17:06:00,-0.0004678612571069607
2018-02-16 17:09:00,0.0864101685306764
2018-02-16 17:12:00,0.08299048512350282
2018-02-16 17:15:00,0.03849645429238535
2018-02-16 17:18:00,-0.0006849220660569699
2018-02-16 17:21:00,0.1499497732651207
2018-02-16 17:24:00,0.017415346013422095
2018-02-16 17:27:00,0.12422002761258
2018-02-16 17:30:00,0.09955269409732637
2018-02-16 17:33:00,0.11112091011989378
2018-02-16 17:36:00,0.12469067226783181
2018-02-16 17:39:00,0.23356158711646913
2018-02-16 17:42:00,0.31854218700954107
2018-02-16 17:45:00,0.3180840967647782
2018-02-16 17:48:00,0.26269647849863986
2018-02-16 17:51:00,0.36008736130753505
2018-02-16 17:54:00,0.4091895173929174
2018-02-16 17:57:00,0.3763337571061811
2018-02-16 18:00:00,0.30375101493848433
2018-02-16 18:03:00,0.3598320717655952
2018-02-16 18:06:00,0.49485815165803615
2018-02-16 18:09:00,0.45363933546360613
2018-02-16 18:12:00,0.4601354192789131
2018-02-16 18:15:00,0.4490635058506882
2018-02-16 18:18:00,0.3674477178372513
2018-02-16 18:21:00,0.394505783756415
2018-02-16 18:24:00,0.1994254853132702
2018-02-16 18:27:00,0.41185420337984624
2018-02-16 18:30:00,0.42944461241876297
2018-02-16 18:33:00,0.3469381662824276
2018-02-16 18:36:00,0.25297594872773743
2018-02-16 18:39:00,0.21887605755068762
2018-02-16 18:42:00,0.2691975876647916
2018-02-16 18:45:00,0.3654698497718414
2018-02-16 18:48:00,0.2641684764213892
2018-02-16 18:51:00,0.36062842146185403
2018-02-16 18:54:00,
2018-02-16 18:57:00,
2018-02-16 19:00:00,
2018-02-16 19:03:00,0.1597499812495471
2018-02-16 19:06:00,0.22046655357314648
2018-02-16 19:09:00,0.31300824947641104
2018-02-16 19:12:00,0.35965620472268256
2018-02-16 19:15:00,0.6611907509159778
2018-02-16 19:18:00,0.4991167209950049
2018-02-16 19:21:00,0.36447957975849476
2018-02-16 19:24:00,0.2832896684203092
2018-02-16 19:27:00,0.2540621179295499
2018-02-16 19:30:00,0.28857310084225674
2018-02-16 19:33:00,0.2896736815516192
2018-02-16 19:36:00,0.2579149425646392
2018-02-16 19:39:00,0.37265189845817304
2018-02-16 19:42:00,0.34494260273993405
2018-02-16 19:45:00,0.30061122171861143
2018-02-16 19:48:00,0.41120193160401186
2018-02-16 19:51:00,0.43516493326188765
2018-02-16 19:54:00,0.32534368307398154
2018-02-16 19:57:00,0.31726674361516416
2018-02-16 20:00:00,0.36209410870418424
2018-02-16 20:03:00,0.18246236968258245
2018-02-16 20:06:00,0.3112947032330453
2018-02-16 20:09:00,0.23962195124056507
2018-02-16 20:12:00,0.2748315343679337
2018-02-16 20:15:00,0.33426649946625275
2018-02-16 20:18:00,0.27480059268583545
2018-02-16 20:21:00,0.34911291583807724
2018-02-16 20:24:00,0.24609458759022118
2018-02-16 20:27:00,0.2778386795369556
2018-02-16 20:30:00,0.2707599838867054
2018-02-16 20:33:00,0.24802780336244723
2018-02-16 20:36:00,0.34636663003124113
2018-02-16 20:39:00,0.2346500798361717
2018-02-16 20:42:00,0.18337033120536717
2018-02-16 20:45:00,0.3469372007040761
2018-02-16 20:48:00,0.22289544945311945
2018-02-16 20:51:00,0.23964265184156375
2018-02-16 20:54:00,0.31485161214681057
2018-02-16 20:57:00,0.27347224753759747
2018-02-16 21:00:00,0.3108053057266602
2018-02-16 21:03:00,0.34148006846265844
2018-02-16 21:06:00,0.24236159564060245
2018-02-16 21:09:00,0.31140253699430787
2018-02-16 21:12:00,0.358495581095724
2018-02-16 21:15:00,0.43786777119720455
2018-02-16 21:18:00,0.27795478189483447
2018-02-16 21:21:00,0.29169590552305635
2018-02-16 21:24:00,0.19528953759584056
2018-02-16 21:27:00,0.2422156164651028
2018-02-16 21:30:00,0.3191324460695455
2018-02-16 21:33:00,0.4265483747101939
2018-02-16 21:36:00,0.27577209028572724
2018-02-16 21:39:00,0.22936698574176262
2018-02-16 21:42:00,0.2943424282848355
2018-02-16 21:45:00,0.24075252060043795
2018-02-16 21:48:00,0.21070984887262512
2018-02-16 21:51:00,0.3295942542179091
2018-02-16 21:54:00,0.35763140332016974
2018-02-16 21:57:00,0.34939522894518404
2018-02-16 22:00:00,0.29713209988875633
2018-02-16 22:03:00,0.30794712405651126
2018-02-16 22:06:00,0.30614525977335916
2018-02-16 22:09:00,0.4047176415538729
2018-02-16 22:12:00,0.4271482791187964
2018-02-16 22:15:00,0.30504321834558823
2018-02-16 22:18:00,0.28233647898912295
2018-02-16 22:21:00,0.28506539826133803
2018-02-16 22:24:00,0.3319129799210714
2018-02-16 22:27:00,0.3331932860850202
2018-02-16 22:30:00,0.31776888051746255
2018-02-16 22:33:00,0.3397007780627064
2018-02-16 22:36:00,0.2943676906600672
2018-02-16 22:39:00,0.3378326207243276
2018-02-16 22:42:00,0.3443469053036097
2018-02-16 22:45:00,0.30843137338212046
2018-02-16 22:48:00,0.35677270260470095
2018-02-16 22:51:00,0.4004943338278508
2018-02-16 22:54:00,0.3795589198987841
2018-02-16 22:57:00,0.37529883821127896
2018-02-16 23:00:00,0.33331129645932833
2018-02-16 23:03:00,0.3714591860395444
2018-02-16 23:06:00,0.41799909465538576
2018-02-16 23:09:00,0.3555703857643948
2018-02-16 23:12:00,0.47497235875721344
2018-02-16 23:15:00,0.3731366469377235
2018-02-16 23:18:00,0.32356411129978824
2018-02-16 23:21:00,0.3619481854233868
2018-02-16 23:24:00,0.3418215987196618
2018-02-16 23:27:00,0.3317056620299468
2018-02-16 23:30:00,0.33095782879445323
2018-02-16 23:33:00,0.2925475593829674
2018-02-16 23:36:00,0.3300018513635905
2018-02-16 23:39:00,0.3821459102192648
2018-02-16 23:42:00,0.3326324305359094
2018-02-16 23:45:00,0.33480501108505223
2018-02-16 23:48:00,0.38745041558706816
2018-02-16 23:51:00,0.38646617917459025
2018-02-16 23:54:00,0.2841617619609451
2018-02-16 23:57:00,0.33120956984606664
2018-02-17 00:00:00,0.3120413055833069
2018-02-17 00:03:00,0.3536707851616825
2018-02-17 00:06:00,0.34158144591378914
2018-02-17 00:09:00,0.4012405899983378
2018-02-17 00:12:00,0.36683583514462725
2018-02-17 00:15:00,0.3535324316904962
2018-02-17 00:18:00,0.27880401008860645
2018-02-17 00:21:00,0.4479477527199833
2018-02-17 00:24:00,0.43788996902179633
2018-02-17 00:27:00,0.5015516124351507
2018-02-17 00:30:00,0.35158756498452703
2018-02-17 00:33:00,0.3763545175037848
2018-02-17 00:36:00,0.31574571295175247
2018-02-17 00:39:00,0.4343657733800228
2018-02-17 00:42:00,0.4272006951990761
2018-02-17 00:45:00,0.3747051978835998
2018-02-17 00:48:00,0.3957374737384498
2018-02-17 00:51:00,0.42803163484700235
2018-02-17 00:54:00,0.42125085067095824
2018-02-17 00:57:00,0.35147946605519564
2018-02-17 01:00:00,0.42307653532310496
2018-02-17 01:03:00,0.33582122441583806
2018-02-17 01:06:00,0.4374187678943713
2018-02-17 01:09:00,0.4469582089034816
2018-02-17 01:12:00,0.45344697934524447
2018-02-17 01:15:00,0.4688805112856471
2018-02-17 01:18:00,0.39774583899617255
2018-02-17 01:21:00,0.4422709977578734
2018-02-17 01:24:00,0.47031517385585175
2018-02-17 01:27:00,0.46337383954681854
2018-02-17 01:30:00,0.528547101831748
2018-02-17 01:33:00,0.4587197891508481
2018-02-17 01:36:00,0.39578520997457645
2018-02-17 01:39:00,0.3952573916692472
2018-02-17 01:42:00,0.3965012045706544
2018-02-17 01:45:00,0.42138523799332006
2018-02-17 01:48:00,0.36050833595697895
2018-02-17 01:51:00,0.4523448102943348
2018-02-17 01:54:00,0.4985940095264141
2018-02-17 01:57:00,0.35319636234345353
2018-02-17 02:00:00,0.5530874576336373
2018-02-17 02:03:00,0.415112214338194
2018-02-17 02:06:00,0.40470467183178016
2018-02-17 02:09:00,0.516013478677678
2018-02-17 02:12:00,0.374669805832184
2018-02-17 02:15:00,0.5176718351521004
2018-02-17 02:18:00,0.43332932529028767
2018-02-17 02:21:00,0.46472257491871005
2018-02-17 02:24:00,0.3451577704705642
2018-02-17 02:27:00,0.4119799453410451
2018-02-17 02:30:00,0.47073121937341966
2018-02-17 02:33:00,0.44583469870474346
2018-02-17 02:36:00,0.3980627768887075
2018-02-17 02:39:00,0.435536874170225
2018-02-17 02:42:00,0.43400378748623325
2018-02-17 02:45:00,0.4201304243415507
2018-02-17 02:48:00,0.5109543706579984
2018-02-17 02:51:00,0.4405431730612577
2018-02-17 02:54:00,0.3035238245839196
2018-02-17 02:57:00,0.4232310901242613
2018-02-17 03:00:00,0.44659656903758105
2018-02-17 03:03:00,0.49596961581761434
2018-02-17 03:06:00,0.5270236427796817
2018-02-17 03:09:00,0.4806296842421034
2018-02-17 03:12:00,0.41621383608179485
2018-02-17 03:15:00,0.3741427196669065
2018-02-17 03:18:00,0.6012368786040838
2018-02-17 03:21:00,0.46341569686853745
2018-02-17 03:24:00,0.5468168420216557
2018-02-17 03:27:00,0.5145294984951079
2018-02-17 03:30:00,0.43239806090298316
2018-02-17 03:33:00,0.40018606731945283
2018-02-17 03:36:00,0.4642773142426222
2018-02-17 03:39:00,0.4427461981355236
2018-02-17 03:42:00,0.35277208431915597
2018-02-17 03:45:00,0.4145554808969223
2018-02-17 03:48:00,0.2779245908488974
2018-02-17 03:51:00,0.3611787145332528
2018-02-17 03:54:00,0.4133398807919093
2018-02-17 03:57:00,0.4478147200004514
2018-02-17 04:00:00,0.4016532864837927
2018-02-17 04:03:00,0.37773626814930594
2018-02-17 04:06:00,0.5007397026448643
2018-02-17 04:09:00,0.3725408512533477
2018-02-17 04:12:00,0.4055119562737559
2018-02-17 04:15:00,0.3270025274780437
2018-02-17 04:18:00,0.43177941619040894
2018-02-17 04:21:00,0.41299066408925
2018-02-17 04:24:00,0.3183067797431818
2018-02-17 04:27:00,0.4559830676512888
2018-02-17 04:30:00,0.4142864548958869
2018-02-17 04:33:00,0.3509828256788978
2018-02-17 04:36:00,0.4264333353487473
2018-02-17 04:39:00,0.3306273517096088
2018-02-17 04:42:00,0.4646235845644924
2018-02-17 04:45:00,0.36246543530774034
2018-02-17 04:48:00,0.5092530935702939
2018-02-17 04:51:00,0.433227422597497
2018-02-17 04:54:00,0.4395975278022206
2018-02-17 04:57:00,0.3927921732236541
2018-02-17 05:00:00,0.4743347285429991
2018-02-17 05:03:00,0.4179175478223556
2018-02-17 05:06:00,0.4967890486565807
2018-02-17 05:09:00,0.3250687579814553
2018-02-17 05:12:00,0.39412596070627615
2018-02-17 05:15:00,0.506616249155968
2018-02-17 05:18:00,0.3735162051224279
2018-02-17 05:21:00,0.4902236941996989
2018-02-17 05:24:00,0.44306988692551386
2018-02-17 05:27:00,0.3922970573797784
2018-02-17 05:30:00,0.43530570081804854
2018-02-17 05:33:00,0.41329032153976186
2018-02-17 05:36:00,0.5318009247607733
2018-02-17 05:39:00,0.44662919653080735
2018-02-17 05:42:00,0.4475352528052099
2018-02-17 05:45:00,0.5675367120865644
2018-02-17 05:48:00,0.42377131219143394
2018-02-17 05:51:00,0.5778801907230218
2018-02-17 05:54:00,0.48255469995353906
2018-02-17 05:57:00,0.4541037545204176
2018-02-17 06:00:00,0.49461257754671806
2018-02-17 06:03:00,0.4661711812113367
2018-02-17 06:06:00,0.46488611425974113
2018-02-17 06:09:00,0.4703410681568698
2018-02-17 06:12:00,0.4568472220145168
2018-02-17 06:15:00,0.48751651800870377
2018-02-17 06:18:00,0.5411266352685971
2018-02-17 06:21:00,0.423354393612442
2018-02-17 06:24:00,0.48529586665176794
2018-02-17 06:27:00,0.4589972278861296
2018-02-17 06:30:00,0.5400547013872483
2018-02-17 06:33:00,0.49026146855942443
2018-02-17 06:36:00,0.5565965737595207
2018-02-17 06:39:00,0.4112385983900708
2018-02-17 06:42:00,0.6027092023842897
2018-02-17 06:45:00,0.47331973452190823
2018-02-17 06:48:00,0.6262997123671425
2018-02-17 06:51:00,0.5517979668296675
2018-02-17 06:54:00,0.5014183128067771
2018-02-17 06:57:00,0.5694269159286591
2018-02-17 07:00:00,0.39514866247884584
2018-02-17 07:03:00,0.49363186732404074
2018-02-17 07:06:00,0.45559868665026215
2018-02-17 07:09:00,0.45593639706396516
2018-02-17 07:12:00,0.2628543498851741
2018-02-17 07:15:00,0.41905047239828264
2018-02-17 07:18:00,0.4418724262277465
2018-02-17 07:21:00,0.3164717246260125
2018-02-17 07:24:00,0.455367342652778
2018-02-17 07:27:00,0.37993928830570667
2018-02-17 07:30:00,0.4804024859133733
2018-02-17 07:33:00,0.46383985036089825
2018-02-17 07:36:00,0.46132750773512043
2018-02-17 07:39:00,0.37350611459493166
2018-02-17 07:42:00,0.382991597185935
2018-02-17 07:45:00,0.43909592939456843
2018-02-17 07:48:00,0.4309055863562321
2018-02-17 07:51:00,0.379048658291822
2018-02-17 07:54:00,0.3736852864056459
2018-02-17 07:57:00,0.43582640276116535
2018-02-17 08:00:00,0.3648012915868435
2018-02-17 08:03:00,0.44502986509093034
2018-02-17 08:06:00,0.4924085083321188
2018-02-17 08:09:00,0.3689341210517796
2018-02-17 08:12:00,0.4279741701383841
2018-02-17 08:15:00,0.40929080783547533
2018-02-17 08:18:00,0.419067504221573
2018-02-17 08:21:00,0.36544721155019033
2018-02-17 08:24:00,0.37535663866810864
2018-02-17 08:27:00,0.3399813722537033
2018-02-17 08:30:00,0.3503660470686327
2018-02-17 08:33:00,0.39060641576242006
2018-02-17 08:36:00,0.3875838782697656
2018-02-17 08:39:00,0.34114504920000854
2018-02-17 08:42:00,0.3631949270790642
2018-02-17 08:45:00,0.39326010812249024
2018-02-17 08:48:00,0.3379748196867354
2018-02-17 08:51:00,0.3459292917496555
2018-02-17 08:54:00,0.3423891686855427
2018-02-17 08:57:00,0.264654505622957
2018-02-17 09:00:00,0.33568422864146896
2018-02-17 09:03:00,0.37537441776635205
2018-02-17 09:06:00,0.29263315973474846
2018-02-17 09:09:00,0.38129780003464475
2018-02-17 09:12:00,0.2921897087118168
2018-02-17 09:15:00,0.34752703594307377
2018-02-17 09:18:00,0.3277110776236327
2018-02-17 09:21:00,0.22781649344835841
2018-02-17 09:24:00,0.2427482776429315
2018-02-17 09:27:00,0.2771158091009056
2018-02-17 09:30:00,0.2649457681177978
2018-02-17 09:33:00,0.27525123225450443
2018-02-17 09:36:00,0.21607552581548362
2018-02-17 09:39:00,0.20420820251956684
2018-02-17 09:42:00,0.23275878397544147
2018-02-17 09:45:00,0.26906113382943886
2018-02-17 09:48:00,0.18559544120864757
2018-02-17 09:51:00,0.27121905200897345
2018-02-17 09:54:00,0.2677445276406729
2018-02-17 09:57:00,0.19442590653522984
2018-02-17 10:00:00,0.3230359318772571
2018-02-17 10:03:00,0.09692135554269043
2018-02-17 10:06:00,0.18614377102682056
2018-02-17 10:09:00,0.14341740450208817
2018-02-17 10:12:00,0.06890929890482766
2018-02-17 10:15:00,0.12251090795052733
2018-02-17 10:18:00,0.0716496709927128
2018-02-17 10:21:00,0.15880928155536367
2018-02-17 10:24:00,0.07341930208781378
2018-02-17 10:27:00,0.12086827399127742
2018-02-17 10:30:00,0.14727571450424648
2018-02-17 10:33:00,0.23357462289641262
2018-02-17 10:36:00,0.27715868526200893
2018-02-17 10:39:00,0.167061108294547
2018-02-17 10:42:00,0.26343440600049917
2018-02-17 10:45:00,0.2083135745499476
2018-02-17 10:48:00,0.2160808704867918
2018-02-17 10:51:00,0.12389027385944473
2018-02-17 10:54:00,0.19094155911130883
2018-02-17 10:57:00,0.16203258883416538
2018-02-17 11:00:00,0.09064814676560218
2018-02-17 11:03:00,0.02770085500026198
2018-02-17 11:06:00,0.08561761979018456
2018-02-17 11:09:00,-0.07815057689390414
2018-02-17 11:12:00,0.05622555196356416
2018-02-17 11:15:00,-0.08823266312657552
2018-02-17 11:18:00,0.04023088581595857
2018-02-17 11:21:00,-0.018102604571652137
2018-02-17 11:24:00,-0.014214676911137758
2018-02-17 11:27:00,0.007394088564808499
2018-02-17 11:30:00,0.0006078542491536609
2018-02-17 11:33:00,0.03663437339207576
2018-02-17 11:36:00,-0.09795732941262258
2018-02-17 11:39:00,0.01985740624780874
2018-02-17 11:42:00,-0.10362145593074956
2018-02-17 11:45:00,-0.049611112415959724
2018-02-17 11:48:00,0.009584692560963504
2018-02-17 11:51:00,-0.013948196442697736
2018-02-17 11:54:00,-0.05098598888923789
2018-02-17 11:57:00,-0.026967458449405513
2018-02-17 12:00:00,-0.09012836589960216
2018-02-17 12:03:00,-0.04912965910841649
2018-02-17 12:06:00,-0.08354915905601956
2018-02-17 12:09:00,-0.16578322475169216
2018-02-17 12:12:00,0.020094936045040868
2018-02-17 12:15:00,-0.018395778240403615
2018-02-17 12:18:00,-0.07438831026371417
2018-02-17 12:21:00,-0.13592875111601188
2018-02-17 12:24:00,-0.09391756185863187
2018-02-17 12:27:00,0.003310037610674499
2018-02-17 12:30:00,-0.0695284151468627
2018-02-17 12:33:00,-0.0588871037804779
2018-02-17 12:36:00,-0.029970749690619414
2018-02-17 12:39:00,0.012860425777262208
2018-02-17 12:42:00,0.06376866830561312
2018-02-17 12:45:00,0.06651223330857192
2018-02-17 12:48:00,-0.03597904855746492
2018-02-17 12:51:00,0.09439590831698297
2018-02-17 12:54:00,-0.0030275893879547766
2018-02-17 12:57:00,0.0015442970079675433
2018-02-17 13:00:00,0.007635973852927691
2018-02-17 13:03:00,-0.006750215778481561
2018-02-17 13:06:00,-0.042477224345930154
2018-02-17 13:09:00,-0.20839605630931146
2018-02-17 13:12:00,-0.13855824251328386
2018-02-17 13:15:00,-0.14389121978138064
2018-02-17 13:18:00,-0.21377898556090713
2018-02-17 13:21:00,-0.01755805246801856
2018-02-17 13:24:00,0.08807064686362764
2018-02-17 13:27:00,0.009107784496279692
2018-02-17 13:30:00,0.07649174704857842
2018-02-17 13:33:00,0.06632360200518406
2018-02-17 13:36:00,0.12185441587655532
2018-02-17 13:39:00,-0.019629726738287445
2018-02-17 13:42:00,0.14760604294986024
2018-02-17 13:45:00,0.0004905063148612498
2018-02-17 13:48:00,0.022450220830705803
2018-02-17 13:51:00,0.01172596276336435
2018-02-17 13:54:00,0.03964212821210822
2018-02-17 13:57:00,0.08870517853523552
2018-02-17 14:00:00,-0.013219233975576117
2018-02-17 14:03:00,0.15875273796979172
2018-02-17 14:06:00,0.09192589326960388
2018-02-17 14:09:00,0.03697187477450825
2018-02-17 14:12:00,0.09910994453673538
2018-02-17 14:15:00,-0.003257075087674366
2018-02-17 14:18:00,0.08362108517525257
2018-02-17 14:21:00,0.09304291692609468
2018-02-17 14:24:00,-0.10572904882519651
2018-02-17 14:27:00,-0.015985866327355325
2018-02-17 14:30:00,0.05969532593957183
2018-02-17 14:33:00,-0.07902591411732374
2018-02-17 14:36:00,-0.047911992896047195
2018-02-17 14:39:00,0.03305368293649735
2018-02-17 14:42:00,-0.16556510145574066
2018-02-17 14:45:00,-0.1049299094985372
2018-02-17 14:48:00,-0.10055156428097689
2018-02-17 14:51:00,-0.10571770811031911
2018-02-17 14:54:00,-0.09551794284823245
2018-02-17 14:57:00,-0.12641034556509112
2018-02-17 15:00:00,-0.07081619157321484
2018-02-17 15:03:00,0.1380690585758657
2018-02-17 15:06:00,-0.11365405058114675
2018-02-17 15:09:00,0.05788026597537055
2018-02-17 15:12:00,-0.01945502982459857
2018-02-17 15:15:00,-0.11213865273191459
2018-02-17 15:18:00,-0.008117425691466451
2018-02-17 15:21:00,-0.030026359162434346
2018-02-17 15:24:00,-0.07221324238463467
2018-02-17 15:27:00,-0.02709813803835459
2018-02-17 15:30:00,0.003487749109467586
2018-02-17 15:33:00,-0.07075552159153631
2018-02-17 15:36:00,-0.09331403332100763
2018-02-17 15:39:00,-0.1505263903412697
2018-02-17 15:42:00,-0.009284164060773037
2018-02-17 15:45:00,-0.08478059814979133
2018-02-17 15:48:00,-0.06529880571605418
2018-02-17 15:51:00,-0.021849336438720002
2018-02-17 15:54:00,0.07587211493461155
2018-02-17 15:57:00,0.09510515449790091
2018-02-17 16:00:00,0.0416889324428098
2018-02-17 16:03:00,0.021967115387099057
2018-02-17 16:06:00,-0.005852671475054194
2018-02-17 16:09:00,-0.01683661643664891
2018-02-17 16:12:00,0.015460754305252067
2018-02-17 16:15:00,-0.046001153265819994
2018-02-17 16:18:00,-0.10392963634421903
2018-02-17 16:21:00,-0.21060507905320947
2018-02-17 16:24:00,-0.0803167709773902
2018-02-17 16:27:00,0.06998452722444881
2018-02-17 16:30:00,0.02826029372664607
2018-02-17 16:33:00,0.03774426235725059
2018-02-17 16:36:00,0.05691222670299112
2018-02-17 16:39:00,1.5056190420636995e-05
2018-02-17 16:42:00,-0.0039375241576635744
2018-02-17 16:45:00,0.13301969680082948
2018-02-17 16:48:00,-0.06324296117986705
2018-02-17 16:51:00,-0.0948874974002365
2018-02-17 16:54:00,-0.11937405362328946
2018-02-17 16:57:00,-0.08729642652599523
2018-02-17 17:00:00,0.013786554500086368
2018-02-17 17:03:00,0.10674534078253828
2018-02-17 17:06:00,-0.16322781253757057
2018-02-17 17:09:00,0.064966553782142
2018-02-17 17:12:00,0.08262430637552143
2018-02-17 17:15:00,-0.09586043988701931
2018-02-17 17:18:00,-0.02557829668495515
2018-02-17 17:21:00,-0.058739787439265
2018-02-17 17:24:00,-0.12664048980616371
2018-02-17 17:27:00,-0.09938453797281
2018-02-17 17:30:00,-0.05972240406839546
2018-02-17 17:33:00,-0.140050871699259
2018-02-17 17:36:00,-0.041849245796640844
2018-02-17 17:39:00,-0.06314955073185047
2018-02-17 17:42:00,0.05562933985765994
2018-02-17 17:45:00,-0.09545009701810159
2018-02-17 17:48:00,0.06385887135371604
2018-02-17 17:51:00,0.0069460552010127685
2018-02-17 17:54:00,0.08117267954389717
2018-02-17 17:57:00,0.04249164647467296
2018-02-17 18:00:00,0.14169258781038252
2018-02-17 18:03:00,0.0018283906625811142
2018-02-17 18:06:00,-0.003507630143133156
2018-02-17 18:09:00,0.1002971581860379
2018-02-17 18:12:00,0.010184465866927894
2018-02-17 18:15:00,0.07560589775363269
2018-02-17 18:18:00,-0.016648164721914327
2018-02-17 18:21:00,0.04122791470672382
2018-02-17 18:24:00,0.04966069438131626
2018-02-17 18:27:00,0.06788626326874692
2018-02-17 18:30:00,0.052627608602563214
2018-02-17 18:33:00,0.05415823919008744
2018-02-17 18:36:00,0.1318447501632818
2018-02-17 18:39:00,0.15495193443359767
2018-02-17 18:42:00,0.019097717177714912
2018-02-17 18:45:00,0.004717958209710105
2018-02-17 18:48:00,0.07861509295139513
2018-02-17 18:51:00,0.2243628138786562
2018-02-17 18:54:00,0.0739805677335994
2018-02-17 18:57:00,
2018-02-17 19:00:00,
2018-02-17 19:03:00,0.1101190695526384
2018-02-17 19:06:00,0.08793985389928594
2018-02-17 19:09:00,0.20866718801482875
2018-02-17 19:12:00,0.199677559153713
2018-02-17 19:15:00,0.14649745737671083
2018-02-17 19:18:00,0.16942838158240647
2018-02-17 19:21:00,0.0635157032821212
2018-02-17 19:24:00,0.16462296788063213
2018-02-17 19:27:00,0.16188243535123092
2018-02-17 19:30:00,0.04044582103392713
2018-02-17 19:33:00,0.17729207070158282
2018-02-17 19:36:00,0.17643648571919357
2018-02-17 19:39:00,0.14444527566035958
2018-02-17 19:42:00,0.196347014480466
2018-02-17 19:45:00,0.1556684725680384
2018-02-17 19:48:00,0.1951929529037102
2018-02-17 19:51:00,0.15352692750985852
2018-02-17 19:54:00,0.17198879981600612
2018-02-17 19:57:00,0.1889737275466814
2018-02-17 20:00:00,0.15537472582053624
2018-02-17 20:03:00,0.19438423977970842
2018-02-17 20:06:00,0.12872267440792484
2018-02-17 20:09:00,0.11870159446868911
2018-02-17 20:12:00,0.20705999291232047
2018-02-17 20:15:00,0.11075909666033112
2018-02-17 20:18:00,0.15000573618345925
2018-02-17 20:21:00,0.16963037553659888
2018-02-17 20:24:00,0.11181629865950526
2018-02-17 20:27:00,0.24849287622464544
2018-02-17 20:30:00,0.10079138700677959
2018-02-17 20:33:00,0.22692325246021028
2018-02-17 20:36:00,0.28336991280229995
2018-02-17 20:39:00,0.15756247254512346
2018-02-17 20:42:00,0.2087605159059649
2018-02-17 20:45:00,0.20017578903554067
2018-02-17 20:48:00,0.18283643345534983
2018-02-17 20:51:00,0.22577804863260553
2018-02-17 20:54:00,0.21324525565376007
2018-02-17 20:57:00,0.1394721004432995
2018-02-17 21:00:00,0.22642091561982625
2018-02-17 21:03:00,0.27495439758934026
2018-02-17 21:06:00,0.2615980411798091
2018-02-17 21:09:00,0.19777961531184474
2018-02-17 21:12:00,0.1755487285752224
2018-02-17 21:15:00,0.16456840871376244
2018-02-17 21:18:00,0.19759312534961282
2018-02-17 21:21:00,0.23970250762459955
2018-02-17 21:24:00,0.2917640490115332
2018-02-17 21:27:00,0.13900828486868022
2018-02-17 21:30:00,0.12130664844602279
2018-02-17 21:33:00,0.1939706005587709
2018-02-17 21:36:00,0.2630893962295886
2018-02-17 21:39:00,0.23963029882884257
2018-02-17 21:42:00,0.18871471611896595
2018-02-17 21:45:00,0.1790515166435398
2018-02-17 21:48:00,0.21162304160344547
2018-02-17 21:51:00,0.21943700002685773
2018-02-17 21:54:00,0.26803466992441827
2018-02-17 21:57:00,0.26968601949272397
2018-02-17 22:00:00,0.21635510124895063
2018-02-17 22:03:00,0.15146224863281077
2018-02-17 22:06:00,0.15841972689196382
2018-02-17 22:09:00,0.11019370537331952
2018-02-17 22:12:00,0.22555637166271936
2018-02-17 22:15:00,0.27502195530286144
2018-02-17 22:18:00,0.2577035429646344
2018-02-17 22:21:00,0.18470110511049143
2018-02-17 22:24:00,0.18386206053986598
2018-02-17 22:27:00,0.2654010108515763
2018-02-17 22:30:00,0.2942688976409613
2018-02-17 22:33:00,0.12500796179728013
2018-02-17 22:36:00,0.14600355931139575
2018-02-17 22:39:00,0.20202233271368186
2018-02-17 22:42:00,0.25124064844692384
2018-02-17 22:45:00,0.20058129190306317
2018-02-17 22:48:00,0.1564798703905126
2018-02-17 22:51:00,0.19633490498188166
2018-02-17 22:54:00,0.11908142392474019
2018-02-17 22:57:00,0.2605582005720066
2018-02-17 23:00:00,0.33181120203261116
2018-02-17 23:03:00,0.3672283726839396
2018-02-17 23:06:00,0.3260629398124024
2018-02-17 23:09:00,0.278129773574733
2018-02-17 23:12:00,0.3209914042619175
2018-02-17 23:15:00,0.3190874799138328
2018-02-17 23:18:00,0.220574293280265
2018-02-17 23:21:00,0.268614983030659
2018-02-17 23:24:00,0.31387642235984003
2018-02-17 23:27:00,0.30427690731465873
2018-02-17 23:30:00,0.2542949533975616
2018-02-17 23:33:00,0.2991584734735966
2018-02-17 23:36:00,0.3126541017564932
2018-02-17 23:39:00,0.293292056372195
2018-02-17 23:42:00,0.190295124097986
2018-02-17 23:45:00,0.28171227908808305
2018-02-17 23:48:00,0.37062944048557256
2018-02-17 23:51:00,0.24619973114454297
2018-02-17 23:54:00,0.21681868695509365
2018-02-17 23:57:00,0.2789633557022171
2018-02-18 00:00:00,0.4025054405882429
2018-02-18 00:03:00,0.20011533301578766
2018-02-18 00:06:00,0.2833077821720167
2018-02-18 00:09:00,0.21076047279746035
2018-02-18 00:12:00,0.2579735733986581
2018-02-18 00:15:00,0.3101458547690754
2018-02-18 00:18:00,0.3032916495893119
2018-02-18 00:21:00,0.2872371213181282
2018-02-18 00:24:00,0.3438659582374157
2018-02-18 00:27:00,0.4641800180367568
2018-02-18 00:30:00,0.43426874000039106
2018-02-18 00:33:00,0.33416687607115136
2018-02-18 00:36:00,0.31936870929467887
2018-02-18 00:39:00,0.33251729378713435
2018-02-18 00:42:00,0.4563561836036456
2018-02-18 00:45:00,0.4140112315512283
2018-02-18 00:48:00,0.23239240609535727
2018-02-18 00:51:00,0.36443153697570096
2018-02-18 00:54:00,0.36309416672230554
2018-02-18 00:57:00,0.3307914713439004
2018-02-18 01:00:00,0.4033197038822891
2018-02-18 01:03:00,0.30275571142919944
2018-02-18 01:06:00,0.3022118790916011
2018-02-18 01:09:00,0.4678592419080587
2018-02-18 01:12:00,0.42308918814796925
2018-02-18 01:15:00,0.4102441101039176
2018-02-18 01:18:00,0.39720431619952024
2018-02-18 01:21:00,0.38619205299227133
2018-02-18 01:24:00,0.31124543852195075
2018-02-18 01:27:00,0.37317335744376123
2018-02-18 01:30:00,0.42262354772248045
2018-02-18 01:33:00,0.3647600505536275
2018-02-18 01:36:00,0.19981311760642484
2018-02-18 01:39:00,0.23055689365037324
2018-02-18 01:42:00,0.20185007050406512
2018-02-18 01:45:00,0.2336077183638281
2018-02-18 01:48:00,0.3882203970104001
2018-02-18 01:51:00,0.36203075584546696
2018-02-18 01:54:00,0.4018147927333189
2018-02-18 01:57:00,0.380232980858068
2018-02-18 02:00:00,0.3683367416503529
2018-02-18 02:03:00,0.376884280594993
2018-02-18 02:06:00,0.37794861719441997
2018-02-18 02:09:00,0.42714624829386594
2018-02-18 02:12:00,0.38351668531720406
2018-02-18 02:15:00,0.30328030550901985
2018-02-18 02:18:00,0.28675352443065094
2018-02-18 02:21:00,0.38958129259054886
2018-02-18 02:24:00,0.37333532466919905
2018-02-18 02:27:00,0.3570130286341282
2018-02-18 02:30:00,0.4571426364124136
2018-02-18 02:33:00,0.3847478200534056
2018-02-18 02:36:00,0.46151106140024467
2018-02-18 02:39:00,0.5227469476500914
2018-02-18 02:42:00,0.4398970417150849
2018-02-18 02:45:00,0.5328210199506316
2018-02-18 02:48:00,0.4355163920534437
2018-02-18 02:51:00,0.42217632802123717
2018-02-18 02:54:00,0.4381588525825464
2018-02-18 02:57:00,0.46970871952004245
2018-02-18 03:00:00,0.38178148576560034
2018-02-18 03:03:00,0.32421660469674407
2018-02-18 03:06:00,0.35618823141732037
2018-02-18 03:09:00,0.42705183695488813
2018-02-18 03:12:00,0.4323915435259096
2018-02-18 03:15:00,0.41356788272224776
2018-02-18 03:18:00,0.4352423613771066
2018-02-18 03:21:00,0.38531744904645393
2018-02-18 03:24:00,0.36545228157069687
2018-02-18 03:27:00,0.29614404085498336
2018-02-18 03:30:00,0.4507208846437152
2018-02-18 03:33:00,0.4915085423230039
2018-02-18 03:36:00,0.4502771422633032
2018-02-18 03:39:00,0.31480176119129055
2018-02-18 03:42:00,0.39206443223105225
2018-02-18 03:45:00,0.49542538938447933
2018-02-18 03:48:00,0.4243947582303349
2018-02-18 03:51:00,0.3327214857048375
2018-02-18 03:54:00,0.41241887924604725
2018-02-18 03:57:00,0.32451406210589084
2018-02-18 04:00:00,0.35422476433473093
2018-02-18 04:03:00,0.45723888238234167
2018-02-18 04:06:00,0.2628274955893062
2018-02-18 04:09:00,0.4535823415998834
2018-02-18 04:12:00,0.38801443965786575
2018-02-18 04:15:00,0.4345953775706448
2018-02-18 04:18:00,0.4662100015587498
2018-02-18 04:21:00,0.4581271050836335
2018-02-18 04:24:00,0.3719769527212975
2018-02-18 04:27:00,0.3874448022552315
2018-02-18 04:30:00,0.47373398065184347
2018-02-18 04:33:00,0.39213988876861094
2018-02-18 04:36:00,0.44364641167805985
2018-02-18 04:39:00,0.4150223804891766
2018-02-18 04:42:00,0.4408703825973248
2018-02-18 04:45:00,0.4746440328024164
2018-02-18 04:48:00,0.40331327049432275
2018-02-18 04:51:00,0.3990287139011457
2018-02-18 04:54:00,0.4723393255713404
2018-02-18 04:57:00,0.4512848922501007
2018-02-18 05:00:00,0.41991505076816793
2018-02-18 05:03:00,0.3213764290217114
2018-02-18 05:06:00,0.36078745174108917
2018-02-18 05:09:00,0.3714654642083701
2018-02-18 05:12:00,0.383646385457439
2018-02-18 05:15:00,0.39389114462409225
2018-02-18 05:18:00,0.3579846090272554
2018-02-18 05:21:00,0.4719100423737359
2018-02-18 05:24:00,0.43685418467907766
2018-02-18 05:27:00,0.4726965949093369
2018-02-18 05:30:00,0.40576362325458604
2018-02-18 05:33:00,0.37718744634759105
2018-02-18 05:36:00,0.3930737431462603
2018-02-18 05:39:00,0.3869545377513077
2018-02-18 05:42:00,0.5660809641981928
2018-02-18 05:45:00,0.37114241393999237
2018-02-18 05:48:00,0.5275998623492342
2018-02-18 05:51:00,0.5206014645329446
2018-02-18 05:54:00,0.5366419349411444
2018-02-18 05:57:00,0.47799693361668005
2018-02-18 06:00:00,0.49763212238372034
2018-02-18 06:03:00,0.49432072381921444
2018-02-18 06:06:00,0.4614032268161168
2018-02-18 06:09:00,0.47460226744397005
2018-02-18 06:12:00,0.4047446873096874
2018-02-18 06:15:00,0.5057051214339481
2018-02-18 06:18:00,0.4884302467896191
2018-02-18 06:21:00,0.5158675912286981
2018-02-18 06:24:00,0.5078107985513611
2018-02-18 06:27:00,0.5551933031666749
2018-02-18 06:30:00,0.5868275972156312
2018-02-18 06:33:00,0.5424622746455725
2018-02-18 06:36:00,0.5421700502661793
2018-02-18 06:39:00,0.4556883740191324
2018-02-18 06:42:00,0.4683099074915731
2018-02-18 06:45:00,0.5217248568104651
2018-02-18 06:48:00,0.44761825790021703
2018-02-18 06:51:00,0.5656711295799823
2018-02-18 06:54:00,0.5102839208796581
2018-02-18 06:57:00,0.545908315711813
2018-02-18 07:00:00,0.531000425455602
2018-02-18 07:03:00,0.4604204509786314
2018-02-18 07:06:00,0.4824601174873351
2018-02-18 07:09:00,0.3320083997386405
2018-02-18 07:12:00,0.5866794801592619
2018-02-18 07:15:00,0.4180504433205101
2018-02-18 07:18:00,0.44575292177847814
2018-02-18 07:21:00,0.5212880398304947
2018-02-18 07:24:00,0.3569400372074938
2018-02-18 07:27:00,0.46134240908571655
2018-02-18 07:30:00,0.442409056042095
2018-02-18 07:33:00,0.45334858190011573
2018-02-18 07:36:00,0.518676190499491
2018-02-18 07:39:00,0.5213208369048061
2018-02-18 07:42:00,0.5794440857787322
2018-02-18 07:45:00,0.5100572316691796
2018-02-18 07:48:00,0.49042981239841765
2018-02-18 07:51:00,0.4878505969678031
2018-02-18 07:54:00,0.5408444768312961
2018-02-18 07:57:00,0.550698093657843
2018-02-18 08:00:00,0.5736593590332859
2018-02-18 08:03:00,0.46144716061547797
2018-02-18 08:06:00,0.4762295571455297
2018-02-18 08:09:00,0.4302747411317114
2018-02-18 08:12:00,0.4718650596317957
2018-02-18 08:15:00,0.45533588978258877
2018-02-18 08:18:00,0.4598158976615423
2018-02-18 08:21:00,0.461481817212416
2018-02-18 08:24:00,0.46214647691465416
2018-02-18 08:27:00,0.537102768687987
2018-02-18 08:30:00,0.5247993434024352
2018-02-18 08:33:00,0.37324290964483
2018-02-18 08:36:00,0.45104962729345743
2018-02-18 08:39:00,0.4778706554528185
2018-02-18 08:42:00,0.43231091934933374
2018-02-18 08:45:00,0.4735272596315667
2018-02-18 08:48:00,0.4237005046598483
2018-02-18 08:51:00,0.29328652370151076
2018-02-18 08:54:00,0.44195439014333715
2018-02-18 08:57:00,0.36290554179657875
2018-02-18 09:00:00,0.32774919243871636
2018-02-18 09:03:00,0.45997688731335984
2018-02-18 09:06:00,0.41558349733577415
2018-02-18 09:09:00,0.3384575426151173
2018-02-18 09:12:00,0.40726184689111733
2018-02-18 09:15:00,0.42606532663853613
2018-02-18 09:18:00,0.2406804809103278
2018-02-18 09:21:00,0.3551574745222297
2018-02-18 09:24:00,0.2625354729438527
2018-02-18 09:27:00,0.3172792525928685
2018-02-18 09:30:00,0.29164317887949665
2018-02-18 09:33:00,0.39176734434141736
2018-02-18 09:36:00,0.24069582016250024
2018-02-18 09:39:00,0.2525735708010757
2018-02-18 09:42:00,0.2635121585497018
2018-02-18 09:45:00,0.40151370799776487
2018-02-18 09:48:00,0.22379810545527334
2018-02-18 09:51:00,0.1823911946340786
2018-02-18 09:54:00,0.13892357833452706
2018-02-18 09:57:00,0.08925336241935611
2018-02-18 10:00:00,0.09528713637047304
2018-02-18 10:03:00,0.06712253513325095
2018-02-18 10:06:00,0.040332507826803976
2018-02-18 10:09:00,0.07002160374116784
2018-02-18 10:12:00,0.1610140750209439
2018-02-18 10:15:00,0.07961962297588343
2018-02-18 10:18:00,0.059030812471064564
2018-02-18 10:21:00,0.12072795216323584
2018-02-18 10:24:00,0.01406051400351771
2018-02-18 10:27:00,0.09668137010021383
2018-02-18 10:30:00,0.03400896634144601
2018-02-18 10:33:00,0.09980743402292092
2018-02-18 10:36:00,0.10362665655208048
2018-02-18 10:39:00,-0.08235996629474585
2018-02-18 10:42:00,0.0056987556469607625
2018-02-18 10:45:00,-0.034246595495119436
2018-02-18 10:48:00,0.00319245054259909
2018-02-18 10:51:00,0.0038546175544524885
2018-02-18 10:54:00,-0.007767856817110896
2018-02-18 10:57:00,-0.049437366054519316
2018-02-18 11:00:00,0.03264911509359081
2018-02-18 11:03:00,0.02500895986844398
2018-02-18 11:06:00,-0.015456221788440416
2018-02-18 11:09:00,0.02502484449144049
2018-02-18 11:12:00,-0.011787461423693912
2018-02-18 11:15:00,-0.08709007279958314
2018-02-18 11:18:00,-0.10666935123850863
2018-02-18 11:21:00,0.0014524942952789388
2018-02-18 11:24:00,-0.2560467875687209
2018-02-18 11:27:00,-0.08338688281872919
2018-02-18 11:30:00,-0.15372998123649495
2018-02-18 11:33:00,-0.03691998691925846
2018-02-18 11:36:00,-0.10302212564295132
2018-02-18 11:39:00,-0.18310358902579082
2018-02-18 11:42:00,-0.26023832923385726
2018-02-18 11:45:00,-0.12485511686077189
2018-02-18 11:48:00,-0.07292439420712071
2018-02-18 11:51:00,-0.1455357444055494
2018-02-18 11:54:00,-0.05365158772701761
2018-02-18 11:57:00,-0.02556337606119996
2018-02-18 12:00:00,-0.19548268622514797
2018-02-18 12:03:00,-0.13556492507484563
2018-02-18 12:06:00,-0.16268159265263193
2018-02-18 12:09:00,-0.16959320984824444
2018-02-18 12:12:00,-0.1058825409601809
2018-02-18 12:15:00,-0.13326663599070798
2018-02-18 12:18:00,-0.05759946277208883
2018-02-18 12:21:00,-0.11806247363017519
2018-02-18 12:24:00,-0.18738468328331237
2018-02-18 12:27:00,-0.1655731459880485
2018-02-18 12:30:00,-0.18664596502850372
2018-02-18 12:33:00,-0.20919214559580723
2018-02-18 12:36:00,-0.09574671217950481
2018-02-18 12:39:00,-0.04140530931402964
2018-02-18 12:42:00,-0.1334125766408647
2018-02-18 12:45:00,-0.10765803572041932
2018-02-18 12:48:00,-0.07211260906836969
2018-02-18 12:51:00,-0.14149998655517493
2018-02-18 12:54:00,0.09717654389964991
2018-02-18 12:57:00,0.18253564200443861
2018-02-18 13:00:00,0.044505547221092456
2018-02-18 13:03:00,0.06849237102608186
2018-02-18 13:06:00,0.2021398711602842
2018-02-18 13:09:00,0.19907098162775583
2018-02-18 13:12:00,0.24883031395785338
2018-02-18 13:15:00,0.2794443185538853
2018-02-18 13:18:00,0.37004820949158557
2018-02-18 13:21:00,0.5288021121303359
2018-02-18 13:24:00,0.39856884489796585
2018-02-18 13:27:00,0.31676655450615954
2018-02-18 13:30:00,0.3969256151714262
2018-02-18 13:33:00,0.5577841169641147
2018-02-18 13:36:00,0.3925598325138253
2018-02-18 13:39:00,0.4341796200993713
2018-02-18 13:42:00,0.39127564018076555
2018-02-18 13:45:00,0.2779622208049659
2018-02-18 13:48:00,0.2853641724614704
2018-02-18 13:51:00,0.18722352478403081
2018-02-18 13:54:00,0.24569781603315732
2018-02-18 13:57:00,0.24624106121871137
2018-02-18 14:00:00,0.039293708487832646
2018-02-18 14:03:00,0.059816706727986
2018-02-18 14:06:00,0.10978896742506095
2018-02-18 14:09:00,0.22768452824578844
2018-02-18 14:12:00,0.16576277539627426
2018-02-18 14:15:00,0.24495543116796625
2018-02-18 14:18:00,0.15208529305419916
2018-02-18 14:21:00,0.1463349823260387
2018-02-18 14:24:00,0.14327350939424832
2018-02-18 14:27:00,0.17573087001636623
2018-02-18 14:30:00,0.13633090726415276
2018-02-18 14:33:00,0.18205177337364375
2018-02-18 14:36:00,0.09450399818075539
2018-02-18 14:39:00,0.1175858478709415
2018-02-18 14:42:00,0.0618641853023405
2018-02-18 14:45:00,0.16629264810410405
2018-02-18 14:48:00,0.1292985648868239
2018-02-18 14:51:00,0.0744967057876238
2018-02-18 14:54:00,0.10548582960711883
2018-02-18 14:57:00,0.09685212638441953
2018-02-18 15:00:00,-0.017502588271497643
2018-02-18 15:03:00,0.1362271905766761
2018-02-18 15:06:00,0.14741006229314735
2018-02-18 15:09:00,0.0864524597612899
2018-02-18 15:12:00,0.09305768150261429
2018-02-18 15:15:00,0.19666328960420287
2018-02-18 15:18:00,0.17121664440287532
2018-02-18 15:21:00,0.07441808184148613
2018-02-18 15:24:00,0.13859949827116225
2018-02-18 15:27:00,0.13850887450144
2018-02-18 15:30:00,0.1903628067284444
2018-02-18 15:33:00,0.04491863007478969
2018-02-18 15:36:00,0.0919469314997059
2018-02-18 15:39:00,0.1580732914633245
2018-02-18 15:42:00,0.014960132085832356
2018-02-18 15:45:00,-0.015442749063538486
2018-02-18 15:48:00,0.0729152829958366
2018-02-18 15:51:00,0.08814556052698208
2018-02-18 15:54:00,0.027850220386312685
2018-02-18 15:57:00,-0.06842143027523662
2018-02-18 16:00:00,0.062372878793894415
2018-02-18 16:03:00,0.06935497181592609
2018-02-18 16:06:00,-0.020472933669907434
2018-02-18 16:09:00,-0.09082969061978474
2018-02-18 16:12:00,-0.07358247750676128
2018-02-18 16:15:00,0.02919786249668732
2018-02-18 16:18:00,0.013082936358557617
2018-02-18 16:21:00,-0.03057546333349137
2018-02-18 16:24:00,-0.046622332759170604
2018-02-18 16:27:00,0.08731908126441112
2018-02-18 16:30:00,0.029133022973439893
2018-02-18 16:33:00,0.020242682682862778
2018-02-18 16:36:00,0.06811233099608671
2018-02-18 16:39:00,0.0445907514888404
2018-02-18 16:42:00,0.14431275101918573
2018-02-18 16:45:00,0.026495100536749305
2018-02-18 16:48:00,0.09379085570526513
2018-02-18 16:51:00,0.04373918192339943
2018-02-18 16:54:00,0.010149698981990696
2018-02-18 16:57:00,0.08297158392224446
2018-02-18 17:00:00,0.23601111485908177
2018-02-18 17:03:00,0.2068068078785359
2018-02-18 17:06:00,0.2455016279981237
2018-02-18 17:09:00,0.09697530463552084
2018-02-18 17:12:00,0.18334895448879251
2018-02-18 17:15:00,0.017009232131556473
2018-02-18 17:18:00,0.22878110744494506
2018-02-18 17:21:00,0.17165207801076576
2018-02-18 17:24:00,0.06768475619168157
2018-02-18 17:27:00,0.05581233007677611
2018-02-18 17:30:00,0.015168264746648674
2018-02-18 17:33:00,0.06179176932289465
2018-02-18 17:36:00,0.03261035205702001
2018-02-18 17:39:00,0.19965365757110476
2018-02-18 17:42:00,0.1405835819919048
2018-02-18 17:45:00,0.28161800685654725
2018-02-18 17:48:00,0.21309552713819357
2018-02-18 17:51:00,0.3147935076385693
2018-02-18 17:54:00,0.1385563661039555
2018-02-18 17:57:00,0.24747364578911402
2018-02-18 18:00:00,0.3275728481079341
2018-02-18 18:03:00,0.20564789300800612
2018-02-18 18:06:00,0.09113192003928816
2018-02-18 18:09:00,0.13517464960455072
2018-02-18 18:12:00,0.2052578216494112
2018-02-18 18:15:00,0.18454104253106607
2018-02-18 18:18:00,0.09296397484689578
2018-02-18 18:21:00,0.06288506697575258
2018-02-18 18:24:00,0.05921431241176833
2018-02-18 18:27:00,0.029939127555564937
2018-02-18 18:30:00,0.05096429168679606
2018-02-18 18:33:00,-0.020458441618359302
2018-02-18 18:36:00,0.1127177917088602
2018-02-18 18:39:00,0.060325086148623086
2018-02-18 18:42:00,0.2050505789788417
2018-02-18 18:45:00,-0.009436213575952479
2018-02-18 18:48:00,0.0521053895777186
2018-02-18 18:51:00,-0.046502140570851225
2018-02-18 18:54:00,
2018-02-18 18:57:00,
2018-02-18 19:00:00,
2018-02-18 19:03:00,0.051385390064695
2018-02-18 19:06:00,0.09555038462815446
2018-02-18 19:09:00,0.0595329772369837
2018-02-18 19:12:00,0.040279881331457545
2018-02-18 19:15:00,0.08083701664941145
2018-02-18 19:18:00,0.10445901745157471
2018-02-18 19:21:00,0.17187395910406167
2018-02-18 19:24:00,0.2141788160072906
2018-02-18 19:27:00,0.1943793070061588
2018-02-18 19:30:00,0.15074937300772717
2018-02-18 19:33:00,0.16106059499173853
2018-02-18 19:36:00,0.1820408661910733
2018-02-18 19:39:00,0.30743542031353854
2018-02-18 19:42:00,0.13272728858328264
2018-02-18 19:45:00,0.2593648778645843
2018-02-18 19:48:00,0.25681231657949866
2018-02-18 19:51:00,0.14422420183188933
2018-02-18 19:54:00,0.22967315819909118
2018-02-18 19:57:00,0.2579148106522666
2018-02-18 20:00:00,0.31034842981290467
2018-02-18 20:03:00,0.194781132277285
2018-02-18 20:06:00,0.36224561186941173
2018-02-18 20:09:00,0.2903668186578443
2018-02-18 20:12:00,0.269593547720433
2018-02-18 20:15:00,0.3256362385166085
2018-02-18 20:18:00,0.2712024741593382
2018-02-18 20:21:00,0.31655663865944916
2018-02-18 20:24:00,0.22107393660263597
2018-02-18 20:27:00,0.4067121902278359
2018-02-18 20:30:00,0.2499615996839566
2018-02-18 20:33:00,0.2817753424395164
2018-02-18 20:36:00,0.23150113303256603
2018-02-18 20:39:00,0.22722164265292122
2018-02-18 20:42:00,0.296931970503465
2018-02-18 20:45:00,0.17406740309701263
2018-02-18 20:48:00,0.23544782108507434
2018-02-18 20:51:00,0.22529237138121516
2018-02-18 20:54:00,0.26836644997774783
2018-02-18 20:57:00,0.2232798404866685
2018-02-18 21:00:00,0.2153726354677019
2018-02-18 21:03:00,0.29185249703095906
2018-02-18 21:06:00,0.32109671891765856
2018-02-18 21:09:00,0.20306992532380264
2018-02-18 21:12:00,0.25759011437742174
2018-02-18 21:15:00,0.3338291988642368
2018-02-18 21:18:00,0.13531822027431417
2018-02-18 21:21:00,0.30577697578473817
2018-02-18 21:24:00,0.26831584030389877
2018-02-18 21:27:00,0.21905785122521593
2018-02-18 21:30:00,0.2545880678625849
2018-02-18 21:33:00,0.3358149319535073
2018-02-18 21:36:00,0.2413763290570614
2018-02-18 21:39:00,0.2727599970828578
2018-02-18 21:42:00,0.30445305644843756
2018-02-18 21:45:00,0.14469742065591618
2018-02-18 21:48:00,0.32385769331261827
2018-02-18 21:51:00,0.23878669549816323
2018-02-18 21:54:00,0.33038979195566753
2018-02-18 21:57:00,0.32899651156219534
2018-02-18 22:00:00,0.25016303224396097
2018-02-18 22:03:00,0.40347035188528935
2018-02-18 22:06:00,0.2702204653595004
2018-02-18 22:09:00,0.2857003125540132
2018-02-18 22:12:00,0.24964610065489978
2018-02-18 22:15:00,0.2684067596013051
2018-02-18 22:18:00,0.3276548175170433
2018-02-18 22:21:00,0.2744008915653353
2018-02-18 22:24:00,0.19932045440526736
2018-02-18 22:27:00,0.2563301718125217
2018-02-18 22:30:00,0.28605607873748795
2018-02-18 22:33:00,0.22647961937190075
2018-02-18 22:36:00,0.31590241795856855
2018-02-18 22:39:00,0.21703063379897003
2018-02-18 22:42:00,0.25705323052557105
2018-02-18 22:45:00,0.28675463564866277
2018-02-18 22:48:00,0.17071510874274054
2018-02-18 22:51:00,0.3356395821843421
2018-02-18 22:54:00,0.3137452902256541
2018-02-18 22:57:00,0.33083659896851714
2018-02-18 23:00:00,0.2624929397140363
2018-02-18 23:03:00,0.11579656684665451
2018-02-18 23:06:00,0.2555190979589952
2018-02-18 23:09:00,0.2266461090208054
2018-02-18 23:12:00,0.24511600875496242
2018-02-18 23:15:00,0.36216734067642165
2018-02-18 23:18:00,0.26841354438897724
2018-02-18 23:21:00,0.19297723845272685
2018-02-18 23:24:00,0.15268701789131
2018-02-18 23:27:00,0.29975244516009525
2018-02-18 23:30:00,0.3240402259169741
2018-02-18 23:33:00,0.25811826678040006
2018-02-18 23:36:00,0.1579045390969327
2018-02-18 23:39:00,0.32634357564529637
2018-02-18 23:42:00,0.3005145138108105
2018-02-18 23:45:00,0.27057217317718596
2018-02-18 23:48:00,0.3369502344433499
2018-02-18 23:51:00,0.2897431765211991
2018-02-18 23:54:00,0.3399232995550392
2018-02-18 23:57:00,0.2690714600098545
2018-02-19 00:00:00,0.25877589101133935
2018-02-19 00:03:00,0.29926174975310005
2018-02-19 00:06:00,0.4339212459004216
2018-02-19 00:09:00,0.22941507701034425
2018-02-19 00:12:00,0.3500946130306488
2018-02-19 00:15:00,0.4077605812433944
2018-02-19 00:18:00,0.4101453327787681
2018-02-19 00:21:00,0.2619891505001988
2018-02-19 00:24:00,0.26836596598718643
2018-02-19 00:27:00,0.4464809447201219
2018-02-19 00:30:00,0.3290305021120048
2018-02-19 00:33:00,0.41249765340864997
2018-02-19 00:36:00,0.432592246613865
2018-02-19 00:39:00,0.2997329972582179
2018-02-19 00:42:00,0.4012307180854009
2018-02-19 00:45:00,0.3179011066555404
2018-02-19 00:48:00,0.3520441107541501
2018-02-19 00:51:00,0.3491691135213273
2018-02-19 00:54:00,0.4167713815306229
2018-02-19 00:57:00,0.3052104866720242
2018-02-19 01:00:00,0.4224052327181198
2018-02-19 01:03:00,0.30262425537671334
2018-02-19 01:06:00,0.32356683536812625
2018-02-19 01:09:00,0.5452649300952999
2018-02-19 01:12:00,0.4684857002939111
2018-02-19 01:15:00,0.45097923922782
2018-02-19 01:18:00,0.45201788022035316
2018-02-19 01:21:00,0.3617993462912068
2018-02-19 01:24:00,0.41856796623847004
2018-02-19 01:27:00,0.36228628336340307
2018-02-19 01:30:00,0.4745417861559531
2018-02-19 01:33:00,0.39332629846342115
2018-02-19 01:36:00,0.4465922136612335
2018-02-19 01:39:00,0.5060815753020051
2018-02-19 01:42:00,0.4991458619823561
2018-02-19 01:45:00,0.41325037946876364
2018-02-19 01:48:00,0.38218161468904555
2018-02-19 01:51:00,0.42566432831307566
2018-02-19 01:54:00,0.390849966156793
2018-02-19 01:57:00,0.3891346270551139
2018-02-19 02:00:00,0.38913744123601646
2018-02-19 02:03:00,0.400669749353483
2018-02-19 02:06:00,0.3986514532451224
2018-02-19 02:09:00,0.33859987390508195
2018-02-19 02:12:00,0.392616111156201
2018-02-19 02:15:00,0.38375987897171626
2018-02-19 02:18:00,0.3108043095052153
2018-02-19 02:21:00,0.3302723047409586
2018-02-19 02:24:00,0.26274484387460006
2018-02-19 02:27:00,0.30227986727464895
2018-02-19 02:30:00,0.4328926100005219
2018-02-19 02:33:00,0.2701562629108025
2018-02-19 02:36:00,0.37340859984249164
2018-02-19 02:39:00,0.4024489302896086
2018-02-19 02:42:00,0.3736188514611172
2018-02-19 02:45:00,0.3284295983540346
2018-02-19 02:48:00,0.32315653393067123
2018-02-19 02:51:00,0.4408983170799843
2018-02-19 02:54:00,0.4697566368139974
2018-02-19 02:57:00,0.43992662684229344
2018-02-19 03:00:00,0.2882924117590733
2018-02-19 03:03:00,0.4483951844279659
2018-02-19 03:06:00,0.4809728097644097
2018-02-19 03:09:00,0.36247791481918057
2018-02-19 03:12:00,0.331406696068143
2018-02-19 03:15:00,0.3352371296451224
2018-02-19 03:18:00,0.42421696624654714
2018-02-19 03:21:00,0.4269372231805164
2018-02-19 03:24:00,0.40631666120037835
2018-02-19 03:27:00,0.4911186710785955
2018-02-19 03:30:00,0.41331430889164267
2018-02-19 03:33:00,0.43229263634310655
2018-02-19 03:36:00,0.44871797374065636
2018-02-19 03:39:00,0.4389961154539037
2018-02-19 03:42:00,0.41770264139671553
2018-02-19 03:45:00,0.33662113479351774
2018-02-19 03:48:00,0.3791698367507479
2018-02-19 03:51:00,0.4362057465864382
2018-02-19 03:54:00,0.3251639977293621
2018-02-19 03:57:00,0.3771547860814053
2018-02-19 04:00:00,0.37747243805074504
2018-02-19 04:03:00,0.39985070575960435
2018-02-19 04:06:00,0.379135555853793
2018-02-19 04:09:00,0.44406519106269116
2018-02-19 04:12:00,0.34737718557380504
2018-02-19 04:15:00,0.42530252164522153
2018-02-19 04:18:00,0.42998525307297086
2018-02-19 04:21:00,0.42386127766235404
2018-02-19 04:24:00,0.5493334762138034
2018-02-19 04:27:00,0.3950266366983328
2018-02-19 04:30:00,0.40157488561646915
2018-02-19 04:33:00,0.5602107061753827
2018-02-19 04:36:00,0.45624175077801965
2018-02-19 04:39:00,0.4538970644275082
2018-02-19 04:42:00,0.48652497671088213
2018-02-19 04:45:00,0.4416792390362616
2018-02-19 04:48:00,0.4820316423676445
2018-02-19 04:51:00,0.4065284658906876
2018-02-19 04:54:00,0.541709524684677
2018-02-19 04:57:00,0.5085528017105503
2018-02-19 05:00:00,0.5040921816175796
2018-02-19 05:03:00,0.5191363173009336
2018-02-19 05:06:00,0.4584365779060704
2018-02-19 05:09:00,0.457828401107804
2018-02-19 05:12:00,0.5076372184404363
2018-02-19 05:15:00,0.5868478553937848
2018-02-19 05:18:00,0.3560243585927765
2018-02-19 05:21:00,0.3756629177961486
2018-02-19 05:24:00,0.4496921225123174
2018-02-19 05:27:00,0.5121453249973911
2018-02-19 05:30:00,0.391402342721733
2018-02-19 05:33:00,0.4576339490980672
2018-02-19 05:36:00,0.4432069789448292
2018-02-19 05:39:00,0.44223303726261065
2018-02-19 05:42:00,0.439375922396664
2018-02-19 05:45:00,0.564062411781947
2018-02-19 05:48:00,0.4065378614296833
2018-02-19 05:51:00,0.504565730890647
2018-02-19 05:54:00,0.32662072125992836
2018-02-19 05:57:00,0.41986610243696987
2018-02-19 06:00:00,0.4258076871943217
2018-02-19 06:03:00,0.5050174321622762
2018-02-19 06:06:00,0.37103097100106197
2018-02-19 06:09:00,0.4664544228592149
2018-02-19 06:12:00,0.4162045797378937
2018-02-19 06:15:00,0.3611929360344561
2018-02-19 06:18:00,0.44482937668323075
2018-02-19 06:21:00,0.44047957391501313
2018-02-19 06:24:00,0.39934388076534333
2018-02-19 06:27:00,0.44346392072151275
2018-02-19 06:30:00,0.48811383558989974
2018-02-19 06:33:00,0.5210741154405127
2018-02-19 06:36:00,0.42231602458906536
2018-02-19 06:39:00,0.4935041175012884
2018-02-19 06:42:00,0.4699157100918683
2018-02-19 06:45:00,0.529083022011207
2018-02-19 06:48:00,0.5051501475016948
2018-02-19 06:51:00,0.441381082177827
2018-02-19 06:54:00,0.47739581249629737
2018-02-19 06:57:00,0.416515038132502
2018-02-19 07:00:00,0.4248797153535975
2018-02-19 07:03:00,0.4841342349830029
2018-02-19 07:06:00,0.5124432884620091
2018-02-19 07:09:00,0.5594605351614632
2018-02-19 07:12:00,0.3815532824560819
2018-02-19 07:15:00,0.42164708448319743
2018-02-19 07:18:00,0.37519147739578784
2018-02-19 07:21:00,0.506098493667082
2018-02-19 07:24:00,0.5059281625895551
2018-02-19 07:27:00,0.49881916316934394
2018-02-19 07:30:00,0.4343505777854375
2018-02-19 07:33:00,0.4553459470046164
2018-02-19 07:36:00,0.39105091056438823
2018-02-19 07:39:00,0.3236822212939501
2018-02-19 07:42:00,0.4745941582214641
2018-02-19 07:45:00,0.5255466582027566
2018-02-19 07:48:00,0.48846863118183137
2018-02-19 07:51:00,0.41690784246151225
2018-02-19 07:54:00,0.5521872062489024
2018-02-19 07:57:00,0.4946740165640904
2018-02-19 08:00:00,0.49690101686798016
2018-02-19 08:03:00,0.34413233913875274
2018-02-19 08:06:00,0.40345032664959035
2018-02-19 08:09:00,0.3863299875843609
2018-02-19 08:12:00,0.36278075973768864
2018-02-19 08:15:00,0.3986579973115454
2018-02-19 08:18:00,0.43422572255758496
2018-02-19 08:21:00,0.3978716265426101
2018-02-19 08:24:00,0.27974572789855756
2018-02-19 08:27:00,0.4091091244300742
2018-02-19 08:30:00,0.35496045566731027
2018-02-19 08:33:00,0.4467917285539329
2018-02-19 08:36:00,0.3378627177764315
2018-02-19 08:39:00,0.32912434431813153
2018-02-19 08:42:00,0.339572750474872
2018-02-19 08:45:00,0.3806922562218915
2018-02-19 08:48:00,0.37091364856149767
2018-02-19 08:51:00,0.24328245408605653
2018-02-19 08:54:00,0.3390724203488844
2018-02-19 08:57:00,0.3162720133529433
2018-02-19 09:00:00,0.19403386645416276
2018-02-19 09:03:00,0.24742107967688298
2018-02-19 09:06:00,0.3103716204132638
2018-02-19 09:09:00,0.28151226319602074
2018-02-19 09:12:00,0.27763357411578227
2018-02-19 09:15:00,0.24490952721117765
2018-02-19 09:18:00,0.23399753981448157
2018-02-19 09:21:00,0.22658743586583796
2018-02-19 09:24:00,0.2227599776298348
2018-02-19 09:27:00,0.16066553388344573
2018-02-19 09:30:00,0.16528974305344946
2018-02-19 09:33:00,0.17416060633826191
2018-02-19 09:36:00,0.12492861640487263
2018-02-19 09:39:00,0.14037065699966433
2018-02-19 09:42:00,0.14823544740556827
2018-02-19 09:45:00,0.11501568262650608
2018-02-19 09:48:00,0.03890766294802006
2018-02-19 09:51:00,0.08601260956231727
2018-02-19 09:54:00,0.05123077858411307
2018-02-19 09:57:00,0.1923643886237869
2018-02-19 10:00:00,0.05018871014698334
2018-02-19 10:03:00,0.10623428449588346
2018-02-19 10:06:00,0.00015723964179414907
2018-02-19 10:09:00,-0.0280657229575354
2018-02-19 10:12:00,0.06825696237638113
2018-02-19 10:15:00,0.022971375014378737
2018-02-19 10:18:00,0.09028492057228732
2018-02-19 10:21:00,0.03344327389982027
2018-02-19 10:24:00,-0.0049932670804651025
2018-02-19 10:27:00,-0.0324924501473447
2018-02-19 10:30:00,0.016398024051909488
2018-02-19 10:33:00,0.07977200144699736
2018-02-19 10:36:00,0.0638070573492655
2018-02-19 10:39:00,-0.008690508535039498
2018-02-19 10:42:00,0.027502370846264057
2018-02-19 10:45:00,-0.028923891839042426
2018-02-19 10:48:00,-0.023583940433979933
2018-02-19 10:51:00,0.04300175625917291
2018-02-19 10:54:00,-0.03172801061236896
2018-02-19 10:57:00,0.0345095433735878
2018-02-19 11:00:00,-0.0688307290101875
2018-02-19 11:03:00,0.058969896452993
2018-02-19 11:06:00,0.22074168848808995
2018-02-19 11:09:00,-0.031118498873524914
2018-02-19 11:12:00,0.03643426967533969
2018-02-19 11:15:00,-0.10572097578062767
2018-02-19 11:18:00,-0.012689025935287646
2018-02-19 11:21:00,0.0195072529367053
2018-02-19 11:24:00,-0.17199428669340477
2018-02-19 11:27:00,-0.037119380917374656
2018-02-19 11:30:00,-0.00892240476639472
2018-02-19 11:33:00,-0.0302088732345851
2018-02-19 11:36:00,-0.07747267077121478
2018-02-19 11:39:00,0.043793408229703346
2018-02-19 11:42:00,-0.14804390690983382
2018-02-19 11:45:00,-0.057482934708843914
2018-02-19 11:48:00,0.07488810052296913
2018-02-19 11:51:00,-0.021311508355552178
2018-02-19 11:54:00,-0.15452425151823945
2018-02-19 11:57:00,0.0027259105556254326
2018-02-19 12:00:00,-0.10945659427216015
2018-02-19 12:03:00,-0.024359527115848323
2018-02-19 12:06:00,-0.1612599018541232
2018-02-19 12:09:00,-0.22520859268473714
2018-02-19 12:12:00,-0.05004497261546703
2018-02-19 12:15:00,-0.13660905561806658
2018-02-19 12:18:00,-0.12157361173802883
2018-02-19 12:21:00,-0.10376776627151685
2018-02-19 12:24:00,-0.09696644191950554
2018-02-19 12:27:00,-0.0579162333090153
2018-02-19 12:30:00,-0.11085543179422075
2018-02-19 12:33:00,-0.18445670582099183
2018-02-19 12:36:00,-0.2114381561499954
2018-02-19 12:39:00,-0.07990390092953703
2018-02-19 12:42:00,-0.10201595904459282
2018-02-19 12:45:00,-0.12847887966455573
2018-02-19 12:48:00,0.03046608633735559
2018-02-19 12:51:00,-0.0356891304369924
2018-02-19 12:54:00,-0.08752994816080673
2018-02-19 12:57:00,-0.12580131585826848
2018-02-19 13:00:00,-0.03129998933411571
2018-02-19 13:03:00,-0.19238333547326647
2018-02-19 13:06:00,-0.20869862327981537
2018-02-19 13:09:00,-0.10954663473302162
2018-02-19 13:12:00,-0.21687477868783844
2018-02-19 13:15:00,-0.22361867110760159
2018-02-19 13:18:00,-0.13091579340306225
2018-02-19 13:21:00,-0.24527288619799492
2018-02-19 13:24:00,-0.2224173668718663
2018-02-19 13:27:00,-0.17756145078544705
2018-02-19 13:30:00,-0.23066792795339097
2018-02-19 13:33:00,-0.2483709770546625
2018-02-19 13:36:00,-0.20645599925938996
2018-02-19 13:39:00,-0.17938711005456298
2018-02-19 13:42:00,-0.1838277037713283
2018-02-19 13:45:00,-0.3821225253315106
2018-02-19 13:48:00,-0.3105700638332678
2018-02-19 13:51:00,-0.2102833005719731
2018-02-19 13:54:00,-0.2724296416701577
2018-02-19 13:57:00,-0.2720278881821514
2018-02-19 14:00:00,-0.1751847346375257
2018-02-19 14:03:00,-0.212929212340498
2018-02-19 14:06:00,-0.17637126696979522
2018-02-19 14:09:00,-0.13843744197299657
2018-02-19 14:12:00,-0.11015050644311941
2018-02-19 14:15:00,-0.22404889767483382
2018-02-19 14:18:00,-0.20362036590904609
2018-02-19 14:21:00,-0.2085892285783757
2018-02-19 14:24:00,-0.2549618417816646
2018-02-19 14:27:00,-0.20765199567165382
2018-02-19 14:30:00,-0.2030144280304853
2018-02-19 14:33:00,-0.30355282370419445
2018-02-19 14:36:00,-0.1790290357773756
2018-02-19 14:39:00,-0.1351965996697686
2018-02-19 14:42:00,-0.19845443517266403
2018-02-19 14:45:00,-0.1586756423683937
2018-02-19 14:48:00,-0.23989043014375966
2018-02-19 14:51:00,-0.210963758955927
2018-02-19 14:54:00,-0.21272933517326464
2018-02-19 14:57:00,-0.28051785527975426
2018-02-19 15:00:00,-0.2759903216951898
2018-02-19 15:03:00,-0.1425398096029653
2018-02-19 15:06:00,-0.1694933889112349
2018-02-19 15:09:00,-0.0701099499227098
2018-02-19 15:12:00,-0.06723238408699217
2018-02-19 15:15:00,0.01144591075808421
2018-02-19 15:18:00,0.0530741371953809
2018-02-19 15:21:00,-0.0755612663095917
2018-02-19 15:24:00,-0.10991939830068986
2018-02-19 15:27:00,-0.027630227653048678
2018-02-19 15:30:00,-0.05166120354414261
2018-02-19 15:33:00,0.10693033613205216
2018-02-19 15:36:00,0.07724472161447693
2018-02-19 15:39:00,0.11524480738512466
2018-02-19 15:42:00,-0.05275614487919711
2018-02-19 15:45:00,-0.015012526363705092
2018-02-19 15:48:00,-0.03250041045021135
2018-02-19 15:51:00,0.15418653170183916
2018-02-19 15:54:00,0.15247189245587833
2018-02-19 15:57:00,0.029575210105917904
2018-02-19 16:00:00,0.096596134544086
2018-02-19 16:03:00,0.03473435884546916
2018-02-19 16:06:00,0.15019392369515572
2018-02-19 16:09:00,0.1301984243792731
2018-02-19 16:12:00,0.059180856996647435
2018-02-19 16:15:00,0.05562175819949289
2018-02-19 16:18:00,0.0762099361815558
2018-02-19 16:21:00,0.18655464760092855
2018-02-19 16:24:00,0.1562928766005598
2018-02-19 16:27:00,0.18522935824296383
2018-02-19 16:30:00,0.18392439741035105
2018-02-19 16:33:00,0.034079896613548044
2018-02-19 16:36:00,0.02539423481812264
2018-02-19 16:39:00,0.14142065149610517
2018-02-19 16:42:00,-0.08051132388578708
2018-02-19 16:45:00,-0.09056745965273194
2018-02-19 16:48:00,-0.16133282575532348
2018-02-19 16:51:00,-0.12517425352598366
2018-02-19 16:54:00,-0.11187333784499742
2018-02-19 16:57:00,0.05392069032239988
2018-02-19 17:00:00,0.12609970460295017
2018-02-19 17:03:00,0.05748526876800497
2018-02-19 17:06:00,0.18022661935566475
2018-02-19 17:09:00,0.07416621687406177
2018-02-19 17:12:00,0.08642000716531584
2018-02-19 17:15:00,0.04322725312891862
2018-02-19 17:18:00,0.03364294615300878
2018-02-19 17:21:00,0.03871916672818543
2018-02-19 17:24:00,0.11261443361928514
2018-02-19 17:27:00,0.01549149235427194
2018-02-19 17:30:00,0.0814634751989729
2018-02-19 17:33:00,0.09851096111611923
2018-02-19 17:36:00,0.055481454018831755
2018-02-19 17:39:00,0.07126072064829714
2018-02-19 17:42:00,-0.06195592921096704
2018-02-19 17:45:00,0.04403462757164789
2018-02-19 17:48:00,0.1188866487125324
2018-02-19 17:51:00,0.23645461168428028
2018-02-19 17:54:00,0.07392733305152888
2018-02-19 17:57:00,0.1277302830176268
2018-02-19 18:00:00,0.14588823103110826
2018-02-19 18:03:00,0.0760632503756824
2018-02-19 18:06:00,0.07503553423612175
2018-02-19 18:09:00,0.003102558550779122
2018-02-19 18:12:00,0.039387680840945904
2018-02-19 18:15:00,0.12386406070692146
2018-02-19 18:18:00,0.2695502260287981
2018-02-19 18:21:00,0.14862068636364256
2018-02-19 18:24:00,0.09441759133108008
2018-02-19 18:27:00,0.24126662738586901
2018-02-19 18:30:00,0.22330414809380272
2018-02-19 18:33:00,0.05630249254568298
2018-02-19 18:36:00,0.02127354411180704
2018-02-19 18:39:00,0.04685543969725359
2018-02-19 18:42:00,-0.0017645545537448015
2018-02-19 18:45:00,0.1371689658761852
2018-02-19 18:48:00,0.06243657116999657
2018-02-19 18:51:00,0.14155688616580164
2018-02-19 18:54:00,
2018-02-19 18:57:00,
2018-02-19 19:00:00,
2018-02-19 19:03:00,-0.07419488775019545
2018-02-19 19:06:00,0.00235919862677747
2018-02-19 19:09:00,0.015236915303319165
2018-02-19 19:12:00,-0.04944051284951456
2018-02-19 19:15:00,-0.0007895538725506412
2018-02-19 19:18:00,0.05212791659937466
2018-02-19 19:21:00,0.032335750549577824
2018-02-19 19:24:00,0.0880688949711157
2018-02-19 19:27:00,0.11138440151188433
2018-02-19 19:30:00,0.05898066709858085
2018-02-19 19:33:00,0.13588564152917115
2018-02-19 19:36:00,0.08932857863442223
2018-02-19 19:39:00,0.23968562826479456
2018-02-19 19:42:00,0.20705299211817874
2018-02-19 19:45:00,0.26699575136456133
2018-02-19 19:48:00,0.23004630265978676
2018-02-19 19:51:00,0.22997738081591024
2018-02-19 19:54:00,0.15257562725446405
2018-02-19 19:57:00,0.1844903821445314
2018-02-19 20:00:00,0.2646999110746151
2018-02-19 20:03:00,0.2134665252343666
2018-02-19 20:06:00,0.24371855267054343
2018-02-19 20:09:00,0.219227617370791
2018-02-19 20:12:00,0.12989244285370205
2018-02-19 20:15:00,0.1872922624615967
2018-02-19 20:18:00,0.13348016217651093
2018-02-19 20:21:00,0.29380827563409184
2018-02-19 20:24:00,0.19862085547907782
2018-02-19 20:27:00,0.3384707974857406
2018-02-19 20:30:00,0.2731219794192725
2018-02-19 20:33:00,0.29616756911940456
2018-02-19 20:36:00,0.14895822586368013
2018-02-19 20:39:00,0.20581447276651943
2018-02-19 20:42:00,0.13921507694954016
2018-02-19 20:45:00,0.28357724356362723
2018-02-19 20:48:00,0.11493534132449668
2018-02-19 20:51:00,0.24390427176450657
2018-02-19 20:54:00,0.09683555120795972
2018-02-19 20:57:00,0.2185195646903253
2018-02-19 21:00:00,0.2323997141744485
2018-02-19 21:03:00,0.20780851659395694
2018-02-19 21:06:00,0.2555377113098416
2018-02-19 21:09:00,0.25809004057947504
2018-02-19 21:12:00,0.2817877123437711
2018-02-19 21:15:00,0.3036212278751691
2018-02-19 21:18:00,0.20237759516317055
2018-02-19 21:21:00,0.2788569632695612
2018-02-19 21:24:00,0.28564487623583545
2018-02-19 21:27:00,0.362927550811321
2018-02-19 21:30:00,0.28193740529445677
2018-02-19 21:33:00,0.22425405841170232
2018-02-19 21:36:00,0.3123863510123215
2018-02-19 21:39:00,0.20308044480788112
2018-02-19 21:42:00,0.1785552962996917
2018-02-19 21:45:00,0.21186197854177635
2018-02-19 21:48:00,0.20455877915583187
2018-02-19 21:51:00,0.3411031243970797
2018-02-19 21:54:00,0.2343122319159079
2018-02-19 21:57:00,0.350589420575659
2018-02-19 22:00:00,0.3200676987244151
2018-02-19 22:03:00,0.3656981522478304
2018-02-19 22:06:00,0.309436101934466
2018-02-19 22:09:00,0.350562451251335
2018-02-19 22:12:00,0.37803692534566835
2018-02-19 22:15:00,0.3119972228961956
2018-02-19 22:18:00,0.30281491882925593
2018-02-19 22:21:00,0.33944016235699337
2018-02-19 22:24:00,0.3976616722846984
2018-02-19 22:27:00,0.404946336824878
2018-02-19 22:30:00,0.3935502664096475
2018-02-19 22:33:00,0.43357473801142987
2018-02-19 22:36:00,0.4909878963073879
2018-02-19 22:39:00,0.2919289814713011
2018-02-19 22:42:00,0.3573165393561908
2018-02-19 22:45:00,0.324123734078853
2018-02-19 22:48:00,0.3491585742118559
2018-02-19 22:51:00,0.36380515983933037
2018-02-19 22:54:00,0.3635920835797606
2018-02-19 22:57:00,0.32088194817413296
2018-02-19 23:00:00,0.37014992411485537
2018-02-19 23:03:00,0.39926706519139543
2018-02-19 23:06:00,0.41049681462249055
2018-02-19 23:09:00,0.45453764589905177
2018-02-19 23:12:00,0.36245258936349956
2018-02-19 23:15:00,0.27878955767783964
2018-02-19 23:18:00,0.39996673375964065
2018-02-19 23:21:00,0.33123768900549067
2018-02-19 23:24:00,0.4181320487334119
2018-02-19 23:27:00,0.37638883880731555
2018-02-19 23:30:00,0.349168939691026
2018-02-19 23:33:00,0.3528392453124525
2018-02-19 23:36:00,0.3458476106251851
2018-02-19 23:39:00,0.35300191018473015
2018-02-19 23:42:00,0.4159937174241577
2018-02-19 23:45:00,0.38880856444205847
2018-02-19 23:48:00,0.43600412658463483
2018-02-19 23:51:00,0.39926479085573874
2018-02-19 23:54:00,0.35267058006394336
2018-02-19 23:57:00,0.41643233974679106
2018-02-20 00:00:00,0.3929075901347687
2018-02-20 00:03:00,0.33640577644956693
2018-02-20 00:06:00,0.33117902558564083
2018-02-20 00:09:00,0.3076431098645003
2018-02-20 00:12:00,0.43126312950437296
2018-02-20 00:15:00,0.40192509702364987
2018-02-20 00:18:00,0.4642551070272134
2018-02-20 00:21:00,0.4354294923846851
2018-02-20 00:24:00,0.4100870296208541
2018-02-20 00:27:00,0.462875661371811
2018-02-20 00:30:00,0.5045823435733041
2018-02-20 00:33:00,0.3935941734912376
2018-02-20 00:36:00,0.4040072016333056
2018-02-20 00:39:00,0.35660782801625146
2018-02-20 00:42:00,0.38122288149907035
2018-02-20 00:45:00,0.35962435625816624
2018-02-20 00:48:00,0.4298137060492877
2018-02-20 00:51:00,0.4584484783275684
2018-02-20 00:54:00,0.36533912801911583
2018-02-20 00:57:00,0.3892650655934631
2018-02-20 01:00:00,0.402567299430018
2018-02-20 01:03:00,0.2916539943731209
2018-02-20 01:06:00,0.3160169933939301
2018-02-20 01:09:00,0.484887995590384
2018-02-20 01:12:00,0.4029185574069061
2018-02-20 01:15:00,0.3232883365564021
2018-02-20 01:18:00,0.3281292482467961
2018-02-20 01:21:00,0.3912834305000388
2018-02-20 01:24:00,0.3798825772660166
2018-02-20 01:27:00,0.31165228728383454
2018-02-20 01:30:00,0.3825502267577008
2018-02-20 01:33:00,0.43508760011724235
2018-02-20 01:36:00,0.472118929216208
2018-02-20 01:39:00,0.493848333962319
2018-02-20 01:42:00,0.3704247241915368
2018-02-20 01:45:00,0.45513263114918345
2018-02-20 01:48:00,0.38871275018391316
2018-02-20 01:51:00,0.4261527556566307
2018-02-20 01:54:00,0.5304806375313547
2018-02-20 01:57:00,0.46174406538114
2018-02-20 02:00:00,0.47648707211419605
2018-02-20 02:03:00,0.37592899161955984
2018-02-20 02:06:00,0.33530093699533836
2018-02-20 02:09:00,0.31782325036868997
2018-02-20 02:12:00,0.4077948327109766
2018-02-20 02:15:00,0.3570675207125191
2018-02-20 02:18:00,0.40387526974382126
2018-02-20 02:21:00,0.502643076042375
2018-02-20 02:24:00,0.4420266506256212
2018-02-20 02:27:00,0.49454588359469653
2018-02-20 02:30:00,0.43561981583587794
2018-02-20 02:33:00,0.4550667065051357
2018-02-20 02:36:00,0.47978708743971765
2018-02-20 02:39:00,0.4524313026222444
2018-02-20 02:42:00,0.5364899937066525
2018-02-20 02:45:00,0.44923948428726135
2018-02-20 02:48:00,0.4285607817128607
2018-02-20 02:51:00,0.45785302285395346
2018-02-20 02:54:00,0.4566864817310261
2018-02-20 02:57:00,0.4500540434553386
2018-02-20 03:00:00,0.3580361932944811
2018-02-20 03:03:00,0.4807231460807202
2018-02-20 03:06:00,0.27379120763811216
2018-02-20 03:09:00,0.42255884335423843
2018-02-20 03:12:00,0.4375045535298341
2018-02-20 03:15:00,0.41902138046697246
2018-02-20 03:18:00,0.4325873072817217
2018-02-20 03:21:00,0.5792682158696039
2018-02-20 03:24:00,0.5373382940533702
2018-02-20 03:27:00,0.3168982553111164
2018-02-20 03:30:00,0.4763340479815952
2018-02-20 03:33:00,0.39961582199686063
2018-02-20 03:36:00,0.5538865554278232
2018-02-20 03:39:00,0.5018583403360708
2018-02-20 03:42:00,0.4988059776870273
2018-02-20 03:45:00,0.4856112205447971
2018-02-20 03:48:00,0.4762259433966278
2018-02-20 03:51:00,0.39158789122672033
2018-02-20 03:54:00,0.38806659979019287
2018-02-20 03:57:00,0.47969024740314126
2018-02-20 04:00:00,0.4615238786488476
2018-02-20 04:03:00,0.5256743150982288
2018-02-20 04:06:00,0.5335953358072061
2018-02-20 04:09:00,0.439200040007961
2018-02-20 04:12:00,0.5241878657551524
2018-02-20 04:15:00,0.5634187498826577
2018-02-20 04:18:00,0.5800167233252864
2018-02-20 04:21:00,0.46662916833230383
2018-02-20 04:24:00,0.4063732659209336
2018-02-20 04:27:00,0.464469545346617
2018-02-20 04:30:00,0.5491881266203791
2018-02-20 04:33:00,0.39222151625966717
2018-02-20 04:36:00,0.45863224360908816
2018-02-20 04:39:00,0.5236017211868216
2018-02-20 04:42:00,0.3533977263079464
2018-02-20 04:45:00,0.3632565786747932
2018-02-20 04:48:00,0.3720106624352866
2018-02-20 04:51:00,0.348036470891941
2018-02-20 04:54:00,0.35337885875736674
2018-02-20 04:57:00,0.35898688860726224
2018-02-20 05:00:00,0.36572736876081535
2018-02-20 05:03:00,0.3876488354677008
2018-02-20 05:06:00,0.38466455055851156
2018-02-20 05:09:00,0.31516529550555106
2018-02-20 05:12:00,0.2572201975123676
2018-02-20 05:15:00,0.4626302351992422
2018-02-20 05:18:00,0.4771120980682326
2018-02-20 05:21:00,0.3954745937909365
2018-02-20 05:24:00,0.4510982604752485
2018-02-20 05:27:00,0.49941907444730305
2018-02-20 05:30:00,0.39275439014613767
2018-02-20 05:33:00,0.5273703540670454
2018-02-20 05:36:00,0.46180520517594914
2018-02-20 05:39:00,0.46420063078141993
2018-02-20 05:42:00,0.47924307086395856
2018-02-20 05:45:00,0.5207444503258785
2018-02-20 05:48:00,0.3984978566252835
2018-02-20 05:51:00,0.3634333082659964
2018-02-20 05:54:00,0.5345907162680987
2018-02-20 05:57:00,0.520845123491199
2018-02-20 06:00:00,0.5821502855635003
2018-02-20 06:03:00,0.4909513819565632
2018-02-20 06:06:00,0.5583055128007004
2018-02-20 06:09:00,0.6031688772105213
2018-02-20 06:12:00,0.5870614835159813
2018-02-20 06:15:00,0.49239957010053104
2018-02-20 06:18:00,0.47593126418348675
2018-02-20 06:21:00,0.4587082993884337
2018-02-20 06:24:00,0.5271103150125782
2018-02-20 06:27:00,0.4596177022676784
2018-02-20 06:30:00,0.36334069873402086
2018-02-20 06:33:00,0.469480601667442
2018-02-20 06:36:00,0.45980611854724884
2018-02-20 06:39:00,0.3666148425292022
2018-02-20 06:42:00,0.47343386808205423
2018-02-20 06:45:00,0.6207741830100417
2018-02-20 06:48:00,0.44284550971224235
2018-02-20 06:51:00,0.5593639894816533
2018-02-20 06:54:00,0.6031060171742979
2018-02-20 06:57:00,0.42141069494675776
2018-02-20 07:00:00,0.40570520093012874
2018-02-20 07:03:00,0.4916063267540949
2018-02-20 07:06:00,0.45362807536184846
2018-02-20 07:09:00,0.6155231438547162
2018-02-20 07:12:00,0.43571892802452794
2018-02-20 07:15:00,0.44857610839051176
2018-02-20 07:18:00,0.5386565009528113
2018-02-20 07:21:00,0.5110102739878357
2018-02-20 07:24:00,0.50770205559337
2018-02-20 07:27:00,0.5052895139794487
2018-02-20 07:30:00,0.5425314073914933
2018-02-20 07:33:00,0.45143720191441616
2018-02-20 07:36:00,0.40071557055296125
2018-02-20 07:39:00,0.34563571271417004
2018-02-20 07:42:00,0.3038824341483064
2018-02-20 07:45:00,0.5350272542245875
2018-02-20 07:48:00,0.40664753033661327
2018-02-20 07:51:00,0.40827950604023044
2018-02-20 07:54:00,0.39538973386032694
2018-02-20 07:57:00,0.3431328220985961
2018-02-20 08:00:00,0.4101348808174521
2018-02-20 08:03:00,0.40556506763408606
2018-02-20 08:06:00,0.32811123548850674
2018-02-20 08:09:00,0.2978279452971151
2018-02-20 08:12:00,0.27430210682251754
2018-02-20 08:15:00,0.23237799072421694
2018-02-20 08:18:00,0.3517702268484868
2018-02-20 08:21:00,0.3041089229441809
2018-02-20 08:24:00,0.34407791116080944
2018-02-20 08:27:00,0.334753378492735
2018-02-20 08:30:00,0.3115809803552452
2018-02-20 08:33:00,0.26855556296260374
2018-02-20 08:36:00,0.29688681829202324
2018-02-20 08:39:00,0.20969120855147594
2018-02-20 08:42:00,0.16659397572738044
2018-02-20 08:45:00,0.17089161790994467
2018-02-20 08:48:00,0.21167792008225206
2018-02-20 08:51:00,0.23070592654761413
2018-02-20 08:54:00,0.2874936304396556
2018-02-20 08:57:00,0.19366173449697044
2018-02-20 09:00:00,0.29909951975810145
2018-02-20 09:03:00,0.16454087657950822
2018-02-20 09:06:00,0.25483023867377597
2018-02-20 09:09:00,0.2241294079719296
2018-02-20 09:12:00,0.17666432816463384
2018-02-20 09:15:00,0.24174677179559012
2018-02-20 09:18:00,0.1894509413864398
2018-02-20 09:21:00,0.2657101421033303
2018-02-20 09:24:00,0.2312221878623859
2018-02-20 09:27:00,0.1703286313305057
2018-02-20 09:30:00,0.15134157135656778
2018-02-20 09:33:00,0.1686194001745207
2018-02-20 09:36:00,0.16614365624866423
2018-02-20 09:39:00,0.138320631608849
2018-02-20 09:42:00,0.02760475732810619
2018-02-20 09:45:00,0.18679497649770838
2018-02-20 09:48:00,0.17856625051024366
2018-02-20 09:51:00,0.18142265997323648
2018-02-20 09:54:00,0.1920788744648121
2018-02-20 09:57:00,0.11779227736820985
2018-02-20 10:00:00,0.07703531928098073
2018-02-20 10:03:00,0.11020471819369959
2018-02-20 10:06:00,0.22147392370010266
2018-02-20 10:09:00,0.13649995213245347
2018-02-20 10:12:00,0.2148865008859957
2018-02-20 10:15:00,0.07034533418737965
2018-02-20 10:18:00,0.11980886036656102
2018-02-20 10:21:00,0.08864143500187538
2018-02-20 10:24:00,0.10565606164510655
2018-02-20 10:27:00,0.16711892505497872
2018-02-20 10:30:00,0.062542440699076
2018-02-20 10:33:00,0.09882499557608071
2018-02-20 10:36:00,0.07984133744849942
2018-02-20 10:39:00,0.17075884395802632
2018-02-20 10:42:00,-0.04453888957783647
2018-02-20 10:45:00,0.09841639526553081
2018-02-20 10:48:00,0.17420962627977588
2018-02-20 10:51:00,0.005050317616905886
2018-02-20 10:54:00,0.06535019130444653
2018-02-20 10:57:00,0.17387946081896644
2018-02-20 11:00:00,0.08112428719414311
2018-02-20 11:03:00,0.18359429617777323
2018-02-20 11:06:00,0.08784070090996465
2018-02-20 11:09:00,0.20989345899943146
2018-02-20 11:12:00,0.13618651297088036
2018-02-20 11:15:00,0.07327565694953364
2018-02-20 11:18:00,0.01552112114262627
2018-02-20 11:21:00,-0.00018559979571364238
2018-02-20 11:24:00,0.029934165767656395
2018-02-20 11:27:00,-0.04826399696906947
2018-02-20 11:30:00,-0.0348116155512912
2018-02-20 11:33:00,0.03701083391450766
2018-02-20 11:36:00,-0.06408436617925872
2018-02-20 11:39:00,-0.09867293115769371
2018-02-20 11:42:00,0.03767653646838198
2018-02-20 11:45:00,0.13064684990121123
2018-02-20 11:48:00,0.12093962751254139
2018-02-20 11:51:00,0.12986860584885562
2018-02-20 11:54:00,0.18352299508461556
2018-02-20 11:57:00,0.03530725272315749
2018-02-20 12:00:00,0.07972811500548005
2018-02-20 12:03:00,0.061625295611520414
2018-02-20 12:06:00,-0.04947842127444346
2018-02-20 12:09:00,0.02050304001522818
2018-02-20 12:12:00,0.06861393037945618
2018-02-20 12:15:00,0.1348208922709091
2018-02-20 12:18:00,0.04368832953770152
2018-02-20 12:21:00,0.0287256909805933
2018-02-20 12:24:00,0.09343707944555035
2018-02-20 12:27:00,0.018903945461602234
2018-02-20 12:30:00,-0.014115493150313796
2018-02-20 12:33:00,-0.05137147212991522
2018-02-20 12:36:00,-0.08047977505111703
2018-02-20 12:39:00,-0.026536067148242637
2018-02-20 12:42:00,0.041394858373962506
2018-02-20 12:45:00,-0.018205401732018345
2018-02-20 12:48:00,0.0015679661392482558
2018-02-20 12:51:00,-0.11348406508460585
2018-02-20 12:54:00,-0.10228712632408588
2018-02-20 12:57:00,0.12725623282358356
2018-02-20 13:00:00,0.005045647794247543
2018-02-20 13:03:00,-0.06494008160154863
2018-02-20 13:06:00,-0.038306560809189705
2018-02-20 13:09:00,0.008981930731465582
2018-02-20 13:12:00,-0.043910858378865214
2018-02-20 13:15:00,-0.028681284351876002
2018-02-20 13:18:00,0.07203119684993453
2018-02-20 13:21:00,-0.03597272449070488
2018-02-20 13:24:00,-0.04129731468214004
2018-02-20 13:27:00,-0.02989877300660737
2018-02-20 13:30:00,-0.09329505653101933
2018-02-20 13:33:00,-0.053749931215293145
2018-02-20 13:36:00,-0.008339521353832424
2018-02-20 13:39:00,-0.04218109625367106
2018-02-20 13:42:00,0.11125629593664144
2018-02-20 13:45:00,0.06583921557324857
2018-02-20 13:48:00,-0.04083436514895311
2018-02-20 13:51:00,-0.003156198655631215
2018-02-20 13:54:00,0.044605059888226606
2018-02-20 13:57:00,0.04342627668398791
2018-02-20 14:00:00,0.16388747702302453
2018-02-20 14:03:00,0.15981120728434917
2018-02-20 14:06:00,0.010132545335977738
2018-02-20 14:09:00,-0.042505457686274895
2018-02-20 14:12:00,0.0708416355938084
2018-02-20 14:15:00,0.08424562041699346
2018-02-20 14:18:00,0.1339683811170289
2018-02-20 14:21:00,-0.023914345154537386
2018-02-20 14:24:00,0.0008084636320973004
2018-02-20 14:27:00,0.009037473114688055
2018-02-20 14:30:00,0.10817017403576301
2018-02-20 14:33:00,0.1958924616902209
2018-02-20 14:36:00,0.0861019446526825
2018-02-20 14:39:00,0.16980822940604412
2018-02-20 14:42:00,0.25724910940527934
2018-02-20 14:45:00,0.2467138507578852
2018-02-20 14:48:00,0.32603196931472667
2018-02-20 14:51:00,0.19663244735988883
2018-02-20 14:54:00,0.11982113735808753
2018-02-20 14:57:00,0.07441575537353629
2018-02-20 15:00:00,0.10478328980985907
2018-02-20 15:03:00,-0.08097324448004883
2018-02-20 15:06:00,-0.13615675035470076
2018-02-20 15:09:00,-0.17737662625097528
2018-02-20 15:12:00,-0.15520054907926806
2018-02-20 15:15:00,-0.017087543275238204
2018-02-20 15:18:00,0.013765615364263795
2018-02-20 15:21:00,0.03154108483397522
2018-02-20 15:24:00,0.021713690884382686
2018-02-20 15:27:00,0.0018593484678604
2018-02-20 15:30:00,0.06102767909061413
2018-02-20 15:33:00,0.05542655159445076
2018-02-20 15:36:00,0.19455777675960917
2018-02-20 15:39:00,0.1646478859318563
2018-02-20 15:42:00,0.12473489279614114
2018-02-20 15:45:00,0.30971971269633514
2018-02-20 15:48:00,0.3857999469680067
2018-02-20 15:51:00,0.42670052725566165
2018-02-20 15:54:00,0.41286243967954306
2018-02-20 15:57:00,0.40562532948393937
2018-02-20 16:00:00,0.4452574243920253
2018-02-20 16:03:00,0.3809501861194349
2018-02-20 16:06:00,0.3826243905083402
2018-02-20 16:09:00,0.37002086183673555
2018-02-20 16:12:00,0.3149475126041352
2018-02-20 16:15:00,0.3505784514275092
2018-02-20 16:18:00,0.29338108636733295
2018-02-20 16:21:00,0.2812019786251767
2018-02-20 16:24:00,0.19675378192283688
2018-02-20 16:27:00,0.16846016358846327
2018-02-20 16:30:00,0.333376748212288
2018-02-20 16:33:00,0.39619607444069516
2018-02-20 16:36:00,0.4760560419762214
2018-02-20 16:39:00,0.4657387908836199
2018-02-20 16:42:00,0.4741284652649824
2018-02-20 16:45:00,0.4557765417717974
2018-02-20 16:48:00,0.4502898470502146
2018-02-20 16:51:00,0.367928144765699
2018-02-20 16:54:00,0.43290162219540207
2018-02-20 16:57:00,0.33077635452679033
2018-02-20 17:00:00,0.4017727315418824
2018-02-20 17:03:00,0.42922431588857535
2018-02-20 17:06:00,0.32471937162421227
2018-02-20 17:09:00,0.3734852764683865
2018-02-20 17:12:00,0.2433487927622764
2018-02-20 17:15:00,0.3519076401504435
2018-02-20 17:18:00,0.23076698123594497
2018-02-20 17:21:00,0.18864318075020492
2018-02-20 17:24:00,0.2308113977596804
2018-02-20 17:27:00,0.20255785888338096
2018-02-20 17:30:00,0.21128712280659556
2018-02-20 17:33:00,0.20729436026175563
2018-02-20 17:36:00,0.29025634783607757
2018-02-20 17:39:00,0.20742136319830706
2018-02-20 17:42:00,0.2025506272120765
2018-02-20 17:45:00,0.26820011072794614
2018-02-20 17:48:00,0.07328291626510008
2018-02-20 17:51:00,0.11554439463844801
2018-02-20 17:54:00,0.22025384257005953
2018-02-20 17:57:00,0.06396604263295558
2018-02-20 18:00:00,0.2772537938068922
2018-02-20 18:03:00,0.1306037532625055
2018-02-20 18:06:00,0.2272310714255923
2018-02-20 18:09:00,0.14090483930709752
2018-02-20 18:12:00,0.21477671323987124
2018-02-20 18:15:00,0.18029521968878726
2018-02-20 18:18:00,0.2516431874337286
2018-02-20 18:21:00,0.19861983995815535
2018-02-20 18:24:00,0.06385754017929912
2018-02-20 18:27:00,0.3598413443647246
2018-02-20 18:30:00,0.22091603626529377
2018-02-20 18:33:00,0.22795367743162842
2018-02-20 18:36:00,0.16356533324687916
2018-02-20 18:39:00,0.24017179754940798
2018-02-20 18:42:00,0.19076142794983753
2018-02-20 18:45:00,0.19238135206046536
2018-02-20 18:48:00,0.14473351886783803
2018-02-20 18:51:00,0.19938427938035375
2018-02-20 18:54:00,
2018-02-20 18:57:00,
2018-02-20 19:00:00,
2018-02-20 19:03:00,0.1103499429904673
2018-02-20 19:06:00,0.22818787501898896
2018-02-20 19:09:00,0.17416892328230915
2018-02-20 19:12:00,0.21654707714770893
2018-02-20 19:15:00,0.21496042210310407
2018-02-20 19:18:00,0.10583532899858028
2018-02-20 19:21:00,0.10811121063306928
2018-02-20 19:24:00,0.16221064994954304
2018-02-20 19:27:00,0.1595729677176223
2018-02-20 19:30:00,0.09072349990992734
2018-02-20 19:33:00,0.1031567403629765
2018-02-20 19:36:00,0.14214429056721656
2018-02-20 19:39:00,0.16721863296618267
2018-02-20 19:42:00,0.20890378511285235
2018-02-20 19:45:00,0.24377109018115561
2018-02-20 19:48:00,0.21896675507383634
2018-02-20 19:51:00,0.1950330332234671
2018-02-20 19:54:00,0.21148359293164276
2018-02-20 19:57:00,0.2358333964936037
2018-02-20 20:00:00,0.16371915580043606
2018-02-20 20:03:00,0.04579590955813728
2018-02-20 20:06:00,0.13456367606289632
2018-02-20 20:09:00,0.16359847012978435
2018-02-20 20:12:00,0.16143211523723267
2018-02-20 20:15:00,0.1662730298252768
2018-02-20 20:18:00,0.11909217273120021
2018-02-20 20:21:00,0.15813236971257538
2018-02-20 20:24:00,0.10230902150902921
2018-02-20 20:27:00,0.09760783710180476
2018-02-20 20:30:00,-0.01990586651572812
2018-02-20 20:33:00,0.06258136657356772
2018-02-20 20:36:00,0.17934301830285904
2018-02-20 20:39:00,0.1991477925455456
2018-02-20 20:42:00,0.13304231409154
2018-02-20 20:45:00,0.12068298980113923
2018-02-20 20:48:00,0.10143836946929241
2018-02-20 20:51:00,0.12826145873344785
2018-02-20 20:54:00,0.09462244834651301
2018-02-20 20:57:00,0.06656661742806591
2018-02-20 21:00:00,0.08803982661822829
2018-02-20 21:03:00,0.1530981790211854
2018-02-20 21:06:00,0.11772704140753376
2018-02-20 21:09:00,0.11367374630304994
2018-02-20 21:12:00,0.0895525633167722
2018-02-20 21:15:00,0.13468897855466366
2018-02-20 21:18:00,0.12221468031401628
2018-02-20 21:21:00,0.05639047603375502
2018-02-20 21:24:00,0.0694389291318771
2018-02-20 21:27:00,0.21990129040477768
2018-02-20 21:30:00,0.18218780077449992
2018-02-20 21:33:00,0.1562851413301587
2018-02-20 21:36:00,0.12864870393701722
2018-02-20 21:39:00,0.24104283987776398
2018-02-20 21:42:00,0.10552978592886575
2018-02-20 21:45:00,0.13842659233432641
2018-02-20 21:48:00,0.0855292872327027
2018-02-20 21:51:00,0.14856884625021394
2018-02-20 21:54:00,0.156668252828581
2018-02-20 21:57:00,0.16118683002696343
2018-02-20 22:00:00,0.1955025028161117
2018-02-20 22:03:00,0.15671035022728574
2018-02-20 22:06:00,0.21557714329452438
2018-02-20 22:09:00,0.05278142337101599
2018-02-20 22:12:00,0.03709464266711393
2018-02-20 22:15:00,0.2593319906955003
2018-02-20 22:18:00,0.18267499656195696
2018-02-20 22:21:00,0.2275095907591549
2018-02-20 22:24:00,0.14735136022801498
2018-02-20 22:27:00,0.11282411209498378
2018-02-20 22:30:00,0.2893769857462871
2018-02-20 22:33:00,0.2037876814201809
2018-02-20 22:36:00,0.27223446110571103
2018-02-20 22:39:00,0.17688498327242996
2018-02-20 22:42:00,0.2475727427136576
2018-02-20 22:45:00,0.2104464255151015
2018-02-20 22:48:00,0.2501336983220881
2018-02-20 22:51:00,0.216326897015108
2018-02-20 22:54:00,0.14242674440987457
2018-02-20 22:57:00,0.30557783211116885
2018-02-20 23:00:00,0.24987478917779526
2018-02-20 23:03:00,0.1370342277942882
2018-02-20 23:06:00,0.13295369431421022
2018-02-20 23:09:00,0.20601122876007594
2018-02-20 23:12:00,0.1991671921828697
2018-02-20 23:15:00,0.20170993300183682
2018-02-20 23:18:00,0.2787058334784547
2018-02-20 23:21:00,0.29142396561252326
2018-02-20 23:24:00,0.19523117628870068
2018-02-20 23:27:00,0.21882392776677762
2018-02-20 23:30:00,0.23748475538747016
2018-02-20 23:33:00,0.3246029459232318
2018-02-20 23:36:00,0.2960412688451015
2018-02-20 23:39:00,0.21910050810356552
2018-02-20 23:42:00,0.24063190687706992
2018-02-20 23:45:00,0.25094339378097175
2018-02-20 23:48:00,0.2577949376001243
2018-02-20 23:51:00,0.2715009912344044
2018-02-20 23:54:00,0.2542475605628738
2018-02-20 23:57:00,0.2764704345435689
2018-02-21 00:00:00,0.3172698411452757
2018-02-21 00:03:00,0.24172866385913494
2018-02-21 00:06:00,0.2574994202868197
2018-02-21 00:09:00,0.2602171087835927
2018-02-21 00:12:00,0.22973003570950823
2018-02-21 00:15:00,0.2633814177178806
2018-02-21 00:18:00,0.1548358968648813
2018-02-21 00:21:00,0.21523306220387894
2018-02-21 00:24:00,0.316749670402487
2018-02-21 00:27:00,0.26188188188200456
2018-02-21 00:30:00,0.2851982430831299
2018-02-21 00:33:00,0.1805078815261254
2018-02-21 00:36:00,0.19501774383826387
2018-02-21 00:39:00,0.3044123607659799
2018-02-21 00:42:00,0.2633261318093787
2018-02-21 00:45:00,0.31954273474576667
2018-02-21 00:48:00,0.14959044484589867
2018-02-21 00:51:00,0.2639192034671396
2018-02-21 00:54:00,0.30634261736855706
2018-02-21 00:57:00,0.17382441624056355
2018-02-21 01:00:00,0.18092068516295967
2018-02-21 01:03:00,0.20786115815928952
2018-02-21 01:06:00,0.1758917979386183
2018-02-21 01:09:00,0.2836461603453131
2018-02-21 01:12:00,0.27871824131455014
2018-02-21 01:15:00,0.24711775095511257
2018-02-21 01:18:00,0.2747711005527549
2018-02-21 01:21:00,0.21445382681713454
2018-02-21 01:24:00,0.23721301747900725
2018-02-21 01:27:00,0.29727127708645185
2018-02-21 01:30:00,0.21745751871679886
2018-02-21 01:33:00,0.34066920832782444
2018-02-21 01:36:00,0.3442056526233159
2018-02-21 01:39:00,0.2648130805932283
2018-02-21 01:42:00,0.2532314057377789
2018-02-21 01:45:00,0.29730912419978495
2018-02-21 01:48:00,0.3717058597971459
2018-02-21 01:51:00,0.32318158572275024
2018-02-21 01:54:00,0.3402435238435828
2018-02-21 01:57:00,0.36322371544463294
2018-02-21 02:00:00,0.4123279009344287
2018-02-21 02:03:00,0.2842528182719093
2018-02-21 02:06:00,0.2906972389170619
2018-02-21 02:09:00,0.2933872439986658
2018-02-21 02:12:00,0.34761307489338833
2018-02-21 02:15:00,0.34198634682059037
2018-02-21 02:18:00,0.34972653402411424
2018-02-21 02:21:00,0.30847855465935936
2018-02-21 02:24:00,0.2881744793660914
2018-02-21 02:27:00,0.40018971846188833
2018-02-21 02:30:00,0.2812429381414745
2018-02-21 02:33:00,0.3939524826737397
2018-02-21 02:36:00,0.35864659128264975
2018-02-21 02:39:00,0.40270057723648733
2018-02-21 02:42:00,0.3995565962180194
2018-02-21 02:45:00,0.30607854771034226
2018-02-21 02:48:00,0.38897541868539065
2018-02-21 02:51:00,0.34122757874644094
2018-02-21 02:54:00,0.32400545164995265
2018-02-21 02:57:00,0.37364795199681566
2018-02-21 03:00:00,0.3991693569657855
2018-02-21 03:03:00,0.4104946884600622
2018-02-21 03:06:00,0.3476923323447636
2018-02-21 03:09:00,0.41156844435784024
2018-02-21 03:12:00,0.3717799782887141
2018-02-21 03:15:00,0.41024764312930984
2018-02-21 03:18:00,0.3705516883703126
2018-02-21 03:21:00,0.45046215905176723
2018-02-21 03:24:00,0.3777896792304887
2018-02-21 03:27:00,0.4142944537043718
2018-02-21 03:30:00,0.2874568254395058
2018-02-21 03:33:00,0.2810518570087197
2018-02-21 03:36:00,0.3629979926567444
2018-02-21 03:39:00,0.38926251788097943
2018-02-21 03:42:00,0.3820494970393611
2018-02-21 03:45:00,0.370487789006404
2018-02-21 03:48:00,0.4948122134544519
2018-02-21 03:51:00,0.3261275992608148
2018-02-21 03:54:00,0.3652893973182927
2018-02-21 03:57:00,0.3198477264397752
2018-02-21 04:00:00,0.4112510176191222
2018-02-21 04:03:00,0.4911961809583545
2018-02-21 04:06:00,0.3376199982149046
2018-02-21 04:09:00,0.46918992101058166
2018-02-21 04:12:00,0.389703841347
2018-02-21 04:15:00,0.437782462448979
2018-02-21 04:18:00,0.4424450339772079
2018-02-21 04:21:00,0.5199922301577544
2018-02-21 04:24:00,0.36511719941216825
2018-02-21 04:27:00,0.4313819613575447
2018-02-21 04:30:00,0.32585836931593803
2018-02-21 04:33:00,0.4477968528065617
2018-02-21 04:36:00,0.44258595130656886
2018-02-21 04:39:00,0.27508952215731597
2018-02-21 04:42:00,0.5500885723675992
2018-02-21 04:45:00,0.4519577110169166
2018-02-21 04:48:00,0.4711813071260167
2018-02-21 04:51:00,0.4132797055713695
2018-02-21 04:54:00,0.3952419142114536
2018-02-21 04:57:00,0.39944644171390564
2018-02-21 05:00:00,0.45330509312111644
2018-02-21 05:03:00,0.5435160954764342
2018-02-21 05:06:00,0.4722652064926933
2018-02-21 05:09:00,0.4753465069173899
2018-02-21 05:12:00,0.4833805562026896
2018-02-21 05:15:00,0.5966941875485077
2018-02-21 05:18:00,0.45236413455154434
2018-02-21 05:21:00,0.5038199538588515
2018-02-21 05:24:00,0.38106526937838225
2018-02-21 05:27:00,0.49788046546365194
2018-02-21 05:30:00,0.5342091702859761
2018-02-21 05:33:00,0.40663423635072604
2018-02-21 05:36:00,0.43750433032448655
2018-02-21 05:39:00,0.5846197841556204
2018-02-21 05:42:00,0.425189572015654
2018-02-21 05:45:00,0.5651119589178393
2018-02-21 05:48:00,0.4093197976736178
2018-02-21 05:51:00,0.4758245374328567
2018-02-21 05:54:00,0.5051471853433327
2018-02-21 05:57:00,0.5204342678288185
2018-02-21 06:00:00,0.45555554941353193
2018-02-21 06:03:00,0.45796385378804416
2018-02-21 06:06:00,0.47703379485932373
2018-02-21 06:09:00,0.595049422429156
2018-02-21 06:12:00,0.45251440513493435
2018-02-21 06:15:00,0.5526431681531676
2018-02-21 06:18:00,0.6077884309099204
2018-02-21 06:21:00,0.47168918204005195
2018-02-21 06:24:00,0.5437461897005278
2018-02-21 06:27:00,0.45299861453986523
2018-02-21 06:30:00,0.4197158872406703
2018-02-21 06:33:00,0.44132075331162923
2018-02-21 06:36:00,0.6166282763369964
2018-02-21 06:39:00,0.44628386823291066
2018-02-21 06:42:00,0.48040752423571575
2018-02-21 06:45:00,0.572859112878632
2018-02-21 06:48:00,0.5323318156174537
2018-02-21 06:51:00,0.42690869740295057
2018-02-21 06:54:00,0.5616630547929731
2018-02-21 06:57:00,0.4499077645056673
2018-02-21 07:00:00,0.531934476547292
2018-02-21 07:03:00,0.5275851237075813
2018-02-21 07:06:00,0.47225772669230537
2018-02-21 07:09:00,0.522493466871083
2018-02-21 07:12:00,0.5540880847919993
2018-02-21 07:15:00,0.525419900299255
2018-02-21 07:18:00,0.46512039715435094
2018-02-21 07:21:00,0.6224006642044628
2018-02-21 07:24:00,0.5727910655280652
2018-02-21 07:27:00,0.4505981229984286
2018-02-21 07:30:00,0.479230116425299
2018-02-21 07:33:00,0.4591860464999513
2018-02-21 07:36:00,0.48050378378206915
2018-02-21 07:39:00,0.5120215761004374
2018-02-21 07:42:00,0.5306089677943646
2018-02-21 07:45:00,0.43257274370023424
2018-02-21 07:48:00,0.44634583727338395
2018-02-21 07:51:00,0.3488172290976763
2018-02-21 07:54:00,0.45120226255261286
2018-02-21 07:57:00,0.42482462431485146
2018-02-21 08:00:00,0.4680079548869003
2018-02-21 08:03:00,0.4789504797597033
2018-02-21 08:06:00,0.43501656176641745
2018-02-21 08:09:00,0.4079737092221194
2018-02-21 08:12:00,0.39471021479675983
2018-02-21 08:15:00,0.4485401728364877
2018-02-21 08:18:00,0.34626202358236924
2018-02-21 08:21:00,0.38648879192163577
2018-02-21 08:24:00,0.4411522335233826
2018-02-21 08:27:00,0.330277092014569
2018-02-21 08:30:00,0.3517587187571962
2018-02-21 08:33:00,0.4916623575514336
2018-02-21 08:36:00,0.3949852070242059
2018-02-21 08:39:00,0.5037719113109915
2018-02-21 08:42:00,0.3494300813612199
2018-02-21 08:45:00,0.32414913020045333
2018-02-21 08:48:00,0.2526963785866201
2018-02-21 08:51:00,0.5003611567625512
2018-02-21 08:54:00,0.42179431708120774
2018-02-21 08:57:00,0.27593712126628134
2018-02-21 09:00:00,0.377955297753374
2018-02-21 09:03:00,0.3505216095708761
2018-02-21 09:06:00,0.28663501030797534
2018-02-21 09:09:00,0.2128943686223579
2018-02-21 09:12:00,0.32117903674298987
2018-02-21 09:15:00,0.33958447951204107
2018-02-21 09:18:00,0.37158375504617425
2018-02-21 09:21:00,0.2702211494058133
2018-02-21 09:24:00,0.3321120138162996
2018-02-21 09:27:00,0.1868022367239064
2018-02-21 09:30:00,0.19335662982592794
2018-02-21 09:33:00,0.2781715888183385
2018-02-21 09:36:00,0.23434047989564988
2018-02-21 09:39:00,0.2563401599319377
2018-02-21 09:42:00,0.1853747904838201
2018-02-21 09:45:00,0.16282323604832527
2018-02-21 09:48:00,0.157357369904787
2018-02-21 09:51:00,0.23152256880393907
2018-02-21 09:54:00,0.15825784674194665
2018-02-21 09:57:00,0.18994330765940504
2018-02-21 10:00:00,0.21593086940396233
2018-02-21 10:03:00,0.1452524966394435
2018-02-21 10:06:00,0.07069164651994697
2018-02-21 10:09:00,-0.0040435506252833875
2018-02-21 10:12:00,0.03865077085760049
2018-02-21 10:15:00,0.042649217863356625
2018-02-21 10:18:00,0.10329542169557726
2018-02-21 10:21:00,0.08513699657083862
2018-02-21 10:24:00,0.1118655337055543
2018-02-21 10:27:00,-0.03022437598167471
2018-02-21 10:30:00,-0.01632800003704915
2018-02-21 10:33:00,0.04218638915256179
2018-02-21 10:36:00,-0.01845042151802545
2018-02-21 10:39:00,0.08028487879579416
2018-02-21 10:42:00,-0.01847883420356311
2018-02-21 10:45:00,-0.009520924735340941
2018-02-21 10:48:00,0.015058002000102988
2018-02-21 10:51:00,-0.01713619155344759
2018-02-21 10:54:00,-0.10011326046071645
2018-02-21 10:57:00,-0.13727311002111264
2018-02-21 11:00:00,-0.147838393662596
2018-02-21 11:03:00,-0.003373582981794243
2018-02-21 11:06:00,0.0022961606682656566
2018-02-21 11:09:00,-0.04173542643934525
2018-02-21 11:12:00,-0.11354570234550465
2018-02-21 11:15:00,-0.09250003683138175
2018-02-21 11:18:00,0.023141421754473868
2018-02-21 11:21:00,-0.13484752480752604
2018-02-21 11:24:00,-0.08493632291344966
2018-02-21 11:27:00,-0.15572943804380657
2018-02-21 11:30:00,-0.17834034772971563
2018-02-21 11:33:00,-0.06814494970603846
2018-02-21 11:36:00,-0.17880702456585595
2018-02-21 11:39:00,-0.16629140722318425
2018-02-21 11:42:00,-0.1309745460813474
2018-02-21 11:45:00,-0.20194737510001914
2018-02-21 11:48:00,-0.17012238021868598
2018-02-21 11:51:00,-0.20362687019655823
2018-02-21 11:54:00,-0.16883208091786628
2018-02-21 11:57:00,-0.12306313667721724
2018-02-21 12:00:00,-0.1060554051475151
2018-02-21 12:03:00,-0.1641837413135363
2018-02-21 12:06:00,-0.18743579977768832
2018-02-21 12:09:00,-0.03489840051685178
2018-02-21 12:12:00,-0.20835713690013336
2018-02-21 12:15:00,-0.1792059741666776
2018-02-21 12:18:00,-0.1184635606836082
2018-02-21 12:21:00,-0.2920015662552373
2018-02-21 12:24:00,-0.08323780125107305
2018-02-21 12:27:00,-0.09728203986406925
2018-02-21 12:30:00,-0.23374956699177574
2018-02-21 12:33:00,-0.22067371881303188
2018-02-21 12:36:00,-0.13745990200862934
2018-02-21 12:39:00,-0.19223652803339064
2018-02-21 12:42:00,-0.2850277419033205
2018-02-21 12:45:00,-0.33001723927799276
2018-02-21 12:48:00,-0.37236244635863613
2018-02-21 12:51:00,-0.13150738817751062
2018-02-21 12:54:00,-0.2646053016521819
2018-02-21 12:57:00,-0.36019634909763454
2018-02-21 13:00:00,-0.28650875180034063
2018-02-21 13:03:00,-0.35384046732809793
2018-02-21 13:06:00,-0.30804974541302954
2018-02-21 13:09:00,-0.20055453608802054
2018-02-21 13:12:00,-0.36029300890783134
2018-02-21 13:15:00,-0.31838568333341755
2018-02-21 13:18:00,-0.3071408116702514
2018-02-21 13:21:00,-0.2711197370451828
2018-02-21 13:24:00,-0.2646687645633392
2018-02-21 13:27:00,-0.3302692172740649
2018-02-21 13:30:00,-0.3109243927846137
2018-02-21 13:33:00,-0.22787237799218474
2018-02-21 13:36:00,-0.34563418095308407
2018-02-21 13:39:00,-0.35436555782501955
2018-02-21 13:42:00,-0.3317827889172804
2018-02-21 13:45:00,-0.37559935569481695
2018-02-21 13:48:00,-0.36875811655386315
2018-02-21 13:51:00,-0.29760092822908746
2018-02-21 13:54:00,-0.31360345412764445
2018-02-21 13:57:00,-0.3626929812260187
2018-02-21 14:00:00,-0.33896223364899924
2018-02-21 14:03:00,-0.26338656192689314
2018-02-21 14:06:00,-0.3430093468124369
2018-02-21 14:09:00,-0.3873113547778644
2018-02-21 14:12:00,-0.3559649912716054
2018-02-21 14:15:00,-0.2784296414664027
2018-02-21 14:18:00,-0.18869010264711505
2018-02-21 14:21:00,-0.32485122624797214
2018-02-21 14:24:00,-0.23471363694034153
2018-02-21 14:27:00,-0.30740368252133976
2018-02-21 14:30:00,-0.2794065666013239
2018-02-21 14:33:00,-0.2652645096291053
2018-02-21 14:36:00,-0.24132400589343206
2018-02-21 14:39:00,-0.3386083345037605
2018-02-21 14:42:00,-0.33515015290356587
2018-02-21 14:45:00,-0.3401291910764712
2018-02-21 14:48:00,-0.2191577394095816
2018-02-21 14:51:00,-0.3136181800397253
2018-02-21 14:54:00,-0.29450501954306674
2018-02-21 14:57:00,-0.14539897691656734
2018-02-21 15:00:00,-0.2566220249831872
2018-02-21 15:03:00,-0.3281903116014746
2018-02-21 15:06:00,-0.1742730325694879
2018-02-21 15:09:00,-0.24238163701016902
2018-02-21 15:12:00,-0.19437195349786407
2018-02-21 15:15:00,-0.27860629919717894
2018-02-21 15:18:00,-0.2516181089034717
2018-02-21 15:21:00,-0.15426833348107039
2018-02-21 15:24:00,-0.18163446452979315
2018-02-21 15:27:00,-0.20750035032790493
2018-02-21 15:30:00,-0.20013462586160813
2018-02-21 15:33:00,-0.2690253998571279
2018-02-21 15:36:00,-0.10941406774236384
2018-02-21 15:39:00,-0.23564293192208652
2018-02-21 15:42:00,-0.20792065175652397
2018-02-21 15:45:00,-0.12617636877064342
2018-02-21 15:48:00,-0.04575525188761276
2018-02-21 15:51:00,-0.08547201766918988
2018-02-21 15:54:00,-0.007092020587549541
2018-02-21 15:57:00,0.08484651527817277
2018-02-21 16:00:00,0.09350720942796897
2018-02-21 16:03:00,0.03701739225431311
2018-02-21 16:06:00,0.1243186187602987
2018-02-21 16:09:00,0.03609184424783507
2018-02-21 16:12:00,0.08532831940192409
2018-02-21 16:15:00,-0.05121947748034472
2018-02-21 16:18:00,-0.06597776367175356
2018-02-21 16:21:00,-0.045506151497477276
2018-02-21 16:24:00,-0.045652883546324574
2018-02-21 16:27:00,-0.037939247170868384
2018-02-21 16:30:00,-0.1693717645685524
2018-02-21 16:33:00,-0.04497049945763365
2018-02-21 16:36:00,-0.17530644341536572
2018-02-21 16:39:00,-0.07590099719055843
2018-02-21 16:42:00,-0.11799085404385323
2018-02-21 16:45:00,-0.08346781006673609
2018-02-21 16:48:00,-0.03011262177108165
2018-02-21 16:51:00,0.002249480896011846
2018-02-21 16:54:00,-0.12243565341600515
2018-02-21 16:57:00,0.05398441812275223
2018-02-21 17:00:00,0.004989937419964008
2018-02-21 17:03:00,0.06019818886693429
2018-02-21 17:06:00,0.25917774485822065
2018-02-21 17:09:00,0.36722371991476166
2018-02-21 17:12:00,0.284219261175906
2018-02-21 17:15:00,0.2587293716803174
2018-02-21 17:18:00,0.2664614451829266
2018-02-21 17:21:00,0.17320306830742993
2018-02-21 17:24:00,0.24087977431111085
2018-02-21 17:27:00,0.19295820969335864
2018-02-21 17:30:00,0.07661547932747226
2018-02-21 17:33:00,0.18991634593697881
2018-02-21 17:36:00,0.18742299222424208
2018-02-21 17:39:00,0.23152893040463596
2018-02-21 17:42:00,0.2892501724658132
2018-02-21 17:45:00,0.21156059338437672
2018-02-21 17:48:00,0.2270847980871622
2018-02-21 17:51:00,0.11672978761214381
2018-02-21 17:54:00,0.0993051173143158
2018-02-21 17:57:00,0.0627865623124535
2018-02-21 18:00:00,0.0009298558920818323
2018-02-21 18:03:00,-0.053162534297200637
2018-02-21 18:06:00,0.026034180035878762
2018-02-21 18:09:00,0.12363074665000795
2018-02-21 18:12:00,0.0545161544300754
2018-02-21 18:15:00,0.2032758124570364
2018-02-21 18:18:00,0.2516310998507265
2018-02-21 18:21:00,0.20818144969371133
2018-02-21 18:24:00,0.11253395158564672
2018-02-21 18:27:00,0.10797647998998627
2018-02-21 18:30:00,0.1299589753587611
2018-02-21 18:33:00,0.08342695131455002
2018-02-21 18:36:00,0.009008045630992001
2018-02-21 18:39:00,0.13688119810433363
2018-02-21 18:42:00,0.309323278690556
2018-02-21 18:45:00,0.08262218993360193
2018-02-21 18:48:00,0.1452409580314793
2018-02-21 18:51:00,0.09744336768591211
2018-02-21 18:54:00,
2018-02-21 18:57:00,
2018-02-21 19:00:00,
2018-02-21 19:03:00,0.15484892077989798
2018-02-21 19:06:00,0.10822099287855735
2018-02-21 19:09:00,0.1273329960290539
2018-02-21 19:12:00,0.2793590778958901
2018-02-21 19:15:00,0.22335234323600162
2018-02-21 19:18:00,0.18909512877661427
2018-02-21 19:21:00,0.18993831518110937
2018-02-21 19:24:00,0.1300906756441691
2018-02-21 19:27:00,0.15337423105268044
2018-02-21 19:30:00,0.24623540309124792
2018-02-21 19:33:00,0.06925679714470334
2018-02-21 19:36:00,0.20928430445394497
2018-02-21 19:39:00,0.1250731710286459
2018-02-21 19:42:00,0.1927104550079548
2018-02-21 19:45:00,0.2175191828384868
2018-02-21 19:48:00,0.19417116042706084
2018-02-21 19:51:00,0.15014464486182533
2018-02-21 19:54:00,0.15955807164812086
2018-02-21 19:57:00,0.18676170013645788
2018-02-21 20:00:00,0.036647265945589425
2018-02-21 20:03:00,0.19324877060199697
2018-02-21 20:06:00,0.2186191902170549
2018-02-21 20:09:00,0.16860509643174737
2018-02-21 20:12:00,0.1753630304783087
2018-02-21 20:15:00,0.2161208692332366
2018-02-21 20:18:00,0.15301281592149962
2018-02-21 20:21:00,0.13509296146298766
2018-02-21 20:24:00,0.20827112569691053
2018-02-21 20:27:00,0.2213787321366567
2018-02-21 20:30:00,0.22331297343743017
2018-02-21 20:33:00,0.29995235225055694
2018-02-21 20:36:00,0.29280267362901213
2018-02-21 20:39:00,0.3461186175087505
2018-02-21 20:42:00,0.329451773365804
2018-02-21 20:45:00,0.2736605416847624
2018-02-21 20:48:00,0.39762138642674927
2018-02-21 20:51:00,0.4002675389997421
2018-02-21 20:54:00,0.3874531727508952
2018-02-21 20:57:00,0.2449972318579512
2018-02-21 21:00:00,0.3267380409724865
2018-02-21 21:03:00,0.3252156643246735
2018-02-21 21:06:00,0.3656771428182424
2018-02-21 21:09:00,0.29244061200211036
2018-02-21 21:12:00,0.23462590580464848
2018-02-21 21:15:00,0.3279345960410751
2018-02-21 21:18:00,0.268173623639143
2018-02-21 21:21:00,0.2555603258977044
2018-02-21 21:24:00,0.24811125709470616
2018-02-21 21:27:00,0.2555940079180914
2018-02-21 21:30:00,0.33555947507545625
2018-02-21 21:33:00,0.3665599325948392
2018-02-21 21:36:00,0.2992926761253898
2018-02-21 21:39:00,0.32501152865279437
2018-02-21 21:42:00,0.31970427540795754
2018-02-21 21:45:00,0.37512622957137864
2018-02-21 21:48:00,0.40181300737077663
2018-02-21 21:51:00,0.41030599580841454
2018-02-21 21:54:00,0.40420924999671115
2018-02-21 21:57:00,0.20803323110868632
2018-02-21 22:00:00,0.3603244157805534
2018-02-21 22:03:00,0.30786574919710574
2018-02-21 22:06:00,0.394182024144186
2018-02-21 22:09:00,0.3714670972128147
2018-02-21 22:12:00,0.33973121554458885
2018-02-21 22:15:00,0.28052620168506337
2018-02-21 22:18:00,0.20440887000489738
2018-02-21 22:21:00,0.3878191052084503
2018-02-21 22:24:00,0.377435828825071
2018-02-21 22:27:00,0.35231157728833296
2018-02-21 22:30:00,0.3177884182701405
2018-02-21 22:33:00,0.22334765827088177
2018-02-21 22:36:00,0.30088994349824816
2018-02-21 22:39:00,0.36544750581390417
2018-02-21 22:42:00,0.452817934637892
2018-02-21 22:45:00,0.4007567981175839
2018-02-21 22:48:00,0.38613855714169176
2018-02-21 22:51:00,0.44123619626395794
2018-02-21 22:54:00,0.35139531335090624
2018-02-21 22:57:00,0.3346751929052516
2018-02-21 23:00:00,0.4045102160524152
2018-02-21 23:03:00,0.2921836020425417
2018-02-21 23:06:00,0.25898331950662623
2018-02-21 23:09:00,0.32270729161410827
2018-02-21 23:12:00,0.2757561999696918
2018-02-21 23:15:00,0.29685187973848315
2018-02-21 23:18:00,0.3986710883768865
2018-02-21 23:21:00,0.4596886333185921
2018-02-21 23:24:00,0.22170956054537783
2018-02-21 23:27:00,0.4790319794993252
2018-02-21 23:30:00,0.3459297202870175
2018-02-21 23:33:00,0.41800091947806095
2018-02-21 23:36:00,0.39867158454916307
2018-02-21 23:39:00,0.353197637328833
2018-02-21 23:42:00,0.3253388983014247
2018-02-21 23:45:00,0.4107768580020661
2018-02-21 23:48:00,0.42150335152837215
2018-02-21 23:51:00,0.4666531869758046
2018-02-21 23:54:00,0.31650949567267617
2018-02-21 23:57:00,0.5098121432300786
2018-02-22 00:00:00,0.5206120042249154
2018-02-22 00:03:00,0.38715050568617926
2018-02-22 00:06:00,0.39769378473050665
2018-02-22 00:09:00,0.4512536604225943
2018-02-22 00:12:00,0.33050583733376016
2018-02-22 00:15:00,0.4735267445815907
2018-02-22 00:18:00,0.4275954530098147
2018-02-22 00:21:00,0.35086823823075974
2018-02-22 00:24:00,0.3287913249473604
2018-02-22 00:27:00,0.3429956614202183
2018-02-22 00:30:00,0.50013631039252
2018-02-22 00:33:00,0.434960237105372
2018-02-22 00:36:00,0.45271129392051535
2018-02-22 00:39:00,0.4846574197626978
2018-02-22 00:42:00,0.47926303486059396
2018-02-22 00:45:00,0.5302893856729725
2018-02-22 00:48:00,0.4743047791288859
2018-02-22 00:51:00,0.48782467025080223
2018-02-22 00:54:00,0.4645386355169876
2018-02-22 00:57:00,0.5064715097562953
2018-02-22 01:00:00,0.4435213665727815
2018-02-22 01:03:00,0.3678933875256689
2018-02-22 01:06:00,0.5525552894955581
2018-02-22 01:09:00,0.38209046937743096
2018-02-22 01:12:00,0.3261635930231819
2018-02-22 01:15:00,0.3896211912460217
2018-02-22 01:18:00,0.382073025656382
2018-02-22 01:21:00,0.35754718759545767
2018-02-22 01:24:00,0.5087399415282903
2018-02-22 01:27:00,0.47452319414884414
2018-02-22 01:30:00,0.5512903630346955
2018-02-22 01:33:00,0.4683538763266597
2018-02-22 01:36:00,0.5140327736332324
2018-02-22 01:39:00,0.4759383146299001
2018-02-22 01:42:00,0.48271221931594255
2018-02-22 01:45:00,0.40600906867973663
2018-02-22 01:48:00,0.3532409174096074
2018-02-22 01:51:00,0.2712179605189249
2018-02-22 01:54:00,0.31511882833336813
2018-02-22 01:57:00,0.4105174014130739
2018-02-22 02:00:00,0.35210508176055555
2018-02-22 02:03:00,0.3340463176588173
2018-02-22 02:06:00,0.3528420519965607
2018-02-22 02:09:00,0.39324861677386025
2018-02-22 02:12:00,0.35393002206416213
2018-02-22 02:15:00,0.27030485655495795
2018-02-22 02:18:00,0.3413051822256534
2018-02-22 02:21:00,0.4660819897985675
2018-02-22 02:24:00,0.40528500850814453
2018-02-22 02:27:00,0.4624698284767419
2018-02-22 02:30:00,0.5144685045590336
2018-02-22 02:33:00,0.4897022673065976
2018-02-22 02:36:00,0.5602487306682633
2018-02-22 02:39:00,0.616413659037903
2018-02-22 02:42:00,0.3122232310926165
2018-02-22 02:45:00,0.386039997577484
2018-02-22 02:48:00,0.30131771924646955
2018-02-22 02:51:00,0.5351821302896838
2018-02-22 02:54:00,0.6086643315740048
2018-02-22 02:57:00,0.4893275214977848
2018-02-22 03:00:00,0.4398446251231576
2018-02-22 03:03:00,0.5023856895127778
2018-02-22 03:06:00,0.4445868224354399
2018-02-22 03:09:00,0.4667085578064416
2018-02-22 03:12:00,0.518155806038294
2018-02-22 03:15:00,0.44616858695673045
2018-02-22 03:18:00,0.4419344249378696
2018-02-22 03:21:00,0.5618701790961609
2018-02-22 03:24:00,0.4262893320550347
2018-02-22 03:27:00,0.5457685778950463
2018-02-22 03:30:00,0.4828407041838432
2018-02-22 03:33:00,0.4909531315019535
2018-02-22 03:36:00,0.41086126407276424
2018-02-22 03:39:00,0.5100051323910861
2018-02-22 03:42:00,0.41199607468735167
2018-02-22 03:45:00,0.45647336060415
2018-02-22 03:48:00,0.47654708339058516
2018-02-22 03:51:00,0.4572661667478428
2018-02-22 03:54:00,0.44790204136876355
2018-02-22 03:57:00,0.4433270680790429
2018-02-22 04:00:00,0.3472511063145589
2018-02-22 04:03:00,0.44359207264250244
2018-02-22 04:06:00,0.41599995223396036
2018-02-22 04:09:00,0.3855196118335016
2018-02-22 04:12:00,0.39167369580769673
2018-02-22 04:15:00,0.34910450734486176
2018-02-22 04:18:00,0.3423380106368086
2018-02-22 04:21:00,0.4585497324148946
2018-02-22 04:24:00,0.43945162471806043
2018-02-22 04:27:00,0.333888538369024
2018-02-22 04:30:00,0.3840066844733201
2018-02-22 04:33:00,0.43307727634453386
2018-02-22 04:36:00,0.26782844499439307
2018-02-22 04:39:00,0.19174207691111178
2018-02-22 04:42:00,0.38470755021126024
2018-02-22 04:45:00,0.5063475485509912
2018-02-22 04:48:00,0.39225295393811166
2018-02-22 04:51:00,0.3874196715150333
2018-02-22 04:54:00,0.45390114934957637
2018-02-22 04:57:00,0.4819635310687431
2018-02-22 05:00:00,0.46105889645150455
2018-02-22 05:03:00,0.41417552485353326
2018-02-22 05:06:00,0.38181018022231683
2018-02-22 05:09:00,0.3854183235031883
2018-02-22 05:12:00,0.26852188581068503
2018-02-22 05:15:00,0.4421624208635535
2018-02-22 05:18:00,0.2952706745043656
2018-02-22 05:21:00,0.3025771150972787
2018-02-22 05:24:00,0.33147514893317975
2018-02-22 05:27:00,0.37291128686030106
2018-02-22 05:30:00,0.4016721412245374
2018-02-22 05:33:00,0.44578256921749926
2018-02-22 05:36:00,0.3839289190380555
2018-02-22 05:39:00,0.4623791492560372
2018-02-22 05:42:00,0.4052717631475957
2018-02-22 05:45:00,0.490111067718658
2018-02-22 05:48:00,0.43153629148110895
2018-02-22 05:51:00,0.36491457313718456
2018-02-22 05:54:00,0.37752528289257725
2018-02-22 05:57:00,0.38362769219781967
2018-02-22 06:00:00,0.3169485701519079
2018-02-22 06:03:00,0.35979928670377603
2018-02-22 06:06:00,0.4589246018429094
2018-02-22 06:09:00,0.4405269813338464
2018-02-22 06:12:00,0.4292793557978598
2018-02-22 06:15:00,0.381011936920288
2018-02-22 06:18:00,0.34884796221308534
2018-02-22 06:21:00,0.3944548363614331
2018-02-22 06:24:00,0.3994625562439751
2018-02-22 06:27:00,0.4054311187513804
2018-02-22 06:30:00,0.411815071110766
2018-02-22 06:33:00,0.43372644200701416
2018-02-22 06:36:00,0.43300543623053045
2018-02-22 06:39:00,0.5021733547419558
2018-02-22 06:42:00,0.3591232072288335
2018-02-22 06:45:00,0.4906811181877515
2018-02-22 06:48:00,0.542070556917281
2018-02-22 06:51:00,0.37635110504771774
2018-02-22 06:54:00,0.36862818124660635
2018-02-22 06:57:00,0.49832181821915356
2018-02-22 07:00:00,0.40458840882422464
2018-02-22 07:03:00,0.40368652828459517
2018-02-22 07:06:00,0.335566447207043
2018-02-22 07:09:00,0.4053091179951025
2018-02-22 07:12:00,0.4758979002274941
2018-02-22 07:15:00,0.49626178323563863
2018-02-22 07:18:00,0.4800796279346855
2018-02-22 07:21:00,0.5527162933462364
2018-02-22 07:24:00,0.5191214043416608
2018-02-22 07:27:00,0.3909058183444927
2018-02-22 07:30:00,0.523351863622679
2018-02-22 07:33:00,0.4803689464594072
2018-02-22 07:36:00,0.48221083117971375
2018-02-22 07:39:00,0.48932287121209583
2018-02-22 07:42:00,0.4753662029049792
2018-02-22 07:45:00,0.48328183314697526
2018-02-22 07:48:00,0.49621109871475255
2018-02-22 07:51:00,0.4519880710771531
2018-02-22 07:54:00,0.47667660673522505
2018-02-22 07:57:00,0.4811558330980006
2018-02-22 08:00:00,0.4385264706282328
2018-02-22 08:03:00,0.4806750848745196
2018-02-22 08:06:00,0.38464405420688763
2018-02-22 08:09:00,0.38325767672193933
2018-02-22 08:12:00,0.3969480017769911
2018-02-22 08:15:00,0.40099992044264354
2018-02-22 08:18:00,0.38686415987507417
2018-02-22 08:21:00,0.36700440066027795
2018-02-22 08:24:00,0.3702036567883056
2018-02-22 08:27:00,0.43215144731999544
2018-02-22 08:30:00,0.452216432208445
2018-02-22 08:33:00,0.5262829962612727
2018-02-22 08:36:00,0.3636800529934021
2018-02-22 08:39:00,0.5243866677925553
2018-02-22 08:42:00,0.43533826874380566
2018-02-22 08:45:00,0.49428953560692435
2018-02-22 08:48:00,0.4723933227429029
2018-02-22 08:51:00,0.4899461823948741
2018-02-22 08:54:00,0.3670220043291579
2018-02-22 08:57:00,0.5282736326830104
2018-02-22 09:00:00,0.33602296287858735
2018-02-22 09:03:00,0.38825202880707366
2018-02-22 09:06:00,0.4575914408048902
2018-02-22 09:09:00,0.5205735699088905
2018-02-22 09:12:00,0.4529221430340158
2018-02-22 09:15:00,0.5188769220168865
2018-02-22 09:18:00,0.4738402051277717
2018-02-22 09:21:00,0.4348813684393349
2018-02-22 09:24:00,0.447334582790063
2018-02-22 09:27:00,0.4031632556573186
2018-02-22 09:30:00,0.461465334125819
2018-02-22 09:33:00,0.4836050030160095
2018-02-22 09:36:00,0.4153833971877816
2018-02-22 09:39:00,0.4877804159575021
2018-02-22 09:42:00,0.42252901537244725
2018-02-22 09:45:00,0.45367644818549024
2018-02-22 09:48:00,0.5200428092454672
2018-02-22 09:51:00,0.437833154683517
2018-02-22 09:54:00,0.42818805894114575
2018-02-22 09:57:00,0.42060533002012335
2018-02-22 10:00:00,0.5027784986703523
2018-02-22 10:03:00,0.4428464991799501
2018-02-22 10:06:00,0.4656565733283742
2018-02-22 10:09:00,0.4462004198466616
2018-02-22 10:12:00,0.47713294559019914
2018-02-22 10:15:00,0.4907055378930636
2018-02-22 10:18:00,0.34862620666564226
2018-02-22 10:21:00,0.35247158491426944
2018-02-22 10:24:00,0.4330017151630159
2018-02-22 10:27:00,0.25162181920512694
2018-02-22 10:30:00,0.3216933432320843
2018-02-22 10:33:00,0.47960980356162963
2018-02-22 10:36:00,0.409173733240209
2018-02-22 10:39:00,0.3990509768017887
2018-02-22 10:42:00,0.3777994398370197
2018-02-22 10:45:00,0.379638991278739
2018-02-22 10:48:00,0.3873662122446717
2018-02-22 10:51:00,0.3276245297728906
2018-02-22 10:54:00,0.46416577526991887
2018-02-22 10:57:00,0.3717061023699557
2018-02-22 11:00:00,0.40603556172555955
2018-02-22 11:03:00,0.46323248250172355
2018-02-22 11:06:00,0.408046936912001
2018-02-22 11:09:00,0.2966990955983988
2018-02-22 11:12:00,0.2902999352100437
2018-02-22 11:15:00,0.40692565421232985
2018-02-22 11:18:00,0.31578014809701926
2018-02-22 11:21:00,0.42230213552079476
2018-02-22 11:24:00,0.2865334871424352
2018-02-22 11:27:00,0.47484027686283525
2018-02-22 11:30:00,0.5170397988912896
2018-02-22 11:33:00,0.4964729288418539
2018-02-22 11:36:00,0.548675486923571
2018-02-22 11:39:00,0.5115764402238483
2018-02-22 11:42:00,0.48404792364044624
2018-02-22 11:45:00,0.46989539037764416
2018-02-22 11:48:00,0.5503416079267254
2018-02-22 11:51:00,0.45411220699230626
2018-02-22 11:54:00,0.5330365128763219
2018-02-22 11:57:00,0.6309116324550246
2018-02-22 12:00:00,0.6628168865410089
2018-02-22 12:03:00,0.7235348302840521
2018-02-22 12:06:00,0.7682162981678289
2018-02-22 12:09:00,0.6428132338362502
2018-02-22 12:12:00,0.6692486926082779
2018-02-22 12:15:00,0.6104099607024978
2018-02-22 12:18:00,0.7025578135814499
2018-02-22 12:21:00,0.642678114101841
2018-02-22 12:24:00,0.6430971653310849
2018-02-22 12:27:00,0.6666090833303429
2018-02-22 12:30:00,0.6945443842719783
2018-02-22 12:33:00,0.6927200179447368
2018-02-22 12:36:00,0.6724852045449552
2018-02-22 12:39:00,0.6472881222970841
2018-02-22 12:42:00,0.6541174717914373
2018-02-22 12:45:00,0.6530947038034469
2018-02-22 12:48:00,0.5043831155375074
2018-02-22 12:51:00,0.6107114319634661
2018-02-22 12:54:00,0.6115981977623051
2018-02-22 12:57:00,0.5307035160132045
2018-02-22 13:00:00,0.5349914237926896
2018-02-22 13:03:00,0.5381368455512074
2018-02-22 13:06:00,0.5084535993030954
2018-02-22 13:09:00,0.38721098675353005
2018-02-22 13:12:00,0.4009148015696269
2018-02-22 13:15:00,0.5665266897344168
2018-02-22 13:18:00,0.5430825647579809
2018-02-22 13:21:00,0.465038826569355
2018-02-22 13:24:00,0.5577337091024788
2018-02-22 13:27:00,0.4690574081798786
2018-02-22 13:30:00,0.4030548400493785
2018-02-22 13:33:00,0.41116494634684386
2018-02-22 13:36:00,0.3391510126942876
2018-02-22 13:39:00,0.4393158311302727
2018-02-22 13:42:00,0.5118486914150822
2018-02-22 13:45:00,0.4466914202246812
2018-02-22 13:48:00,0.3604586999365438
2018-02-22 13:51:00,0.3657031132574957
2018-02-22 13:54:00,0.26349439598334357
2018-02-22 13:57:00,0.30656296904084
2018-02-22 14:00:00,0.2467875799497392
2018-02-22 14:03:00,0.28857150261080733
2018-02-22 14:06:00,0.2573451465670473
2018-02-22 14:09:00,0.3348422740170349
2018-02-22 14:12:00,0.2560311062762253
2018-02-22 14:15:00,0.2163057997723854
2018-02-22 14:18:00,0.19608676699579064
2018-02-22 14:21:00,0.20643067018482952
2018-02-22 14:24:00,0.20479406188798066
2018-02-22 14:27:00,0.13140611601443197
2018-02-22 14:30:00,0.15268624436549771
2018-02-22 14:33:00,0.15071167049427459
2018-02-22 14:36:00,0.24347753871256828
2018-02-22 14:39:00,0.1329233977260742
2018-02-22 14:42:00,0.12424635315329624
2018-02-22 14:45:00,0.0017542016607308142
2018-02-22 14:48:00,0.04272747488562345
2018-02-22 14:51:00,0.053242339071857714
2018-02-22 14:54:00,0.028795315582954117
2018-02-22 14:57:00,0.040214739698797075
2018-02-22 15:00:00,0.04706525950228979
2018-02-22 15:03:00,-0.01906782176303068
2018-02-22 15:06:00,-0.12499455753430766
2018-02-22 15:09:00,-0.10816750602225511
2018-02-22 15:12:00,-0.019401675616848024
2018-02-22 15:15:00,-0.01024662410873134
2018-02-22 15:18:00,-0.03934933390928563
2018-02-22 15:21:00,-0.0024151901968707534
2018-02-22 15:24:00,-0.00016749299277307728
2018-02-22 15:27:00,-0.055704234690495014
2018-02-22 15:30:00,0.03312993436173883
2018-02-22 15:33:00,0.004382237235347475
2018-02-22 15:36:00,0.028580021972913983
2018-02-22 15:39:00,-0.014215628861450114
2018-02-22 15:42:00,0.017600752185273905
2018-02-22 15:45:00,0.04840042430481617
2018-02-22 15:48:00,0.009524650265063883
2018-02-22 15:51:00,-0.05720742580803062
2018-02-22 15:54:00,-0.08667476995839252
2018-02-22 15:57:00,-0.0008841880284080617
2018-02-22 16:00:00,-0.05864410640600681
2018-02-22 16:03:00,-0.031816893450695716
2018-02-22 16:06:00,-0.08542382844797203
2018-02-22 16:09:00,-0.16493627942941202
2018-02-22 16:12:00,-0.11698112172121
2018-02-22 16:15:00,-0.061233570462491116
2018-02-22 16:18:00,0.05245457835587786
2018-02-22 16:21:00,-0.013061026153138755
2018-02-22 16:24:00,-0.000508386643105041
2018-02-22 16:27:00,-0.013750271310868811
2018-02-22 16:30:00,0.03357365391349276
2018-02-22 16:33:00,-0.006522467313516245
2018-02-22 16:36:00,-0.08332114744837327
2018-02-22 16:39:00,-0.027146644342167292
2018-02-22 16:42:00,0.03737699310147491
2018-02-22 16:45:00,0.09400024423763398
2018-02-22 16:48:00,0.14032880887617694
2018-02-22 16:51:00,0.19120679669140372
2018-02-22 16:54:00,0.008567536631574058
2018-02-22 16:57:00,0.13136620520344877
2018-02-22 17:00:00,0.20697135872376293
2018-02-22 17:03:00,0.10704305124471603
2018-02-22 17:06:00,0.14486187597202616
2018-02-22 17:09:00,0.1380864175035299
2018-02-22 17:12:00,0.07087605474123393
2018-02-22 17:15:00,0.0009412410075242406
2018-02-22 17:18:00,0.10270559141628155
2018-02-22 17:21:00,0.1673467546743268
2018-02-22 17:24:00,0.13638379447769466
2018-02-22 17:27:00,0.15070467333629267
2018-02-22 17:30:00,0.04157740767385576
2018-02-22 17:33:00,0.01713020744801952
2018-02-22 17:36:00,0.09448111741579623
2018-02-22 17:39:00,0.050853961028167305
2018-02-22 17:42:00,0.1299447820896944
2018-02-22 17:45:00,0.016456196462854678
2018-02-22 17:48:00,0.041894593187066675
2018-02-22 17:51:00,0.05265654168334777
2018-02-22 17:54:00,0.09514857067011917
2018-02-22 17:57:00,0.06864289419252145
2018-02-22 18:00:00,-0.00010810332304345138
2018-02-22 18:03:00,0.026738731428451956
2018-02-22 18:06:00,0.046061484368124184
2018-02-22 18:09:00,0.1167537750625911
2018-02-22 18:12:00,0.06420987210969997
2018-02-22 18:15:00,0.002368255547821718
2018-02-22 18:18:00,0.06861578032834359
2018-02-22 18:21:00,0.02697447208902304
2018-02-22 18:24:00,0.11340584432298328
2018-02-22 18:27:00,0.1765999072576392
2018-02-22 18:30:00,0.11919597985450991
2018-02-22 18:33:00,0.018672462054041716
2018-02-22 18:36:00,0.14008121560164
2018-02-22 18:39:00,0.0052303047188502205
2018-02-22 18:42:00,0.09663965061758972
2018-02-22 18:45:00,0.11545190521962923
2018-02-22 18:48:00,0.04259488870440009
2018-02-22 18:51:00,-0.013815115143813728
2018-02-22 18:54:00,0.018958155406380683
2018-02-22 18:57:00,
2018-02-22 19:00:00,
2018-02-22 19:03:00,0.060272519713578276
2018-02-22 19:06:00,-7.10827961825089e-05
2018-02-22 19:09:00,0.0649145174048158
2018-02-22 19:12:00,0.07367439102085882
2018-02-22 19:15:00,0.11418814373240593
2018-02-22 19:18:00,0.021830248381661477
2018-02-22 19:21:00,-0.024195003455986352
2018-02-22 19:24:00,0.12029585590875058
2018-02-22 19:27:00,0.06263791610547287
2018-02-22 19:30:00,0.09702741033021312
2018-02-22 19:33:00,0.1599459297073622
2018-02-22 19:36:00,0.0022121385347304567
2018-02-22 19:39:00,0.1230392481508602
2018-02-22 19:42:00,0.13669392698795946
2018-02-22 19:45:00,0.11927732322874363
2018-02-22 19:48:00,0.14890835786883372
2018-02-22 19:51:00,0.19431739812745263
2018-02-22 19:54:00,0.19822835278881712
2018-02-22 19:57:00,0.2734870329032333
2018-02-22 20:00:00,0.29318041108729176
2018-02-22 20:03:00,0.1440709877919062
2018-02-22 20:06:00,0.1356638053784991
2018-02-22 20:09:00,0.22626278730700733
2018-02-22 20:12:00,0.20160891494396083
2018-02-22 20:15:00,0.2174963833772381
2018-02-22 20:18:00,0.21157138685890686
2018-02-22 20:21:00,0.16850366454787036
2018-02-22 20:24:00,0.2590128912423211
2018-02-22 20:27:00,0.24651142802707682
2018-02-22 20:30:00,0.2325735596162417
2018-02-22 20:33:00,0.21888763748432893
2018-02-22 20:36:00,0.1783201866284685
2018-02-22 20:39:00,0.27011116744813535
2018-02-22 20:42:00,0.42117977684665675
2018-02-22 20:45:00,0.2663297151209463
2018-02-22 20:48:00,0.41862259334448026
2018-02-22 20:51:00,0.21242959662396288
2018-02-22 20:54:00,0.3721880199422003
2018-02-22 20:57:00,0.29148417867730814
2018-02-22 21:00:00,0.32611404660110566
2018-02-22 21:03:00,0.3451709220918815
2018-02-22 21:06:00,0.30639701991054835
2018-02-22 21:09:00,0.3958918179956754
2018-02-22 21:12:00,0.34377748250614104
2018-02-22 21:15:00,0.2805009389795714
2018-02-22 21:18:00,0.23218316379677617
2018-02-22 21:21:00,0.3428554151990397
2018-02-22 21:24:00,0.348872461255894
2018-02-22 21:27:00,0.3309179313579307
2018-02-22 21:30:00,0.35540436473746695
2018-02-22 21:33:00,0.3388316011461825
2018-02-22 21:36:00,0.36953764454210614
2018-02-22 21:39:00,0.3758738016958887
2018-02-22 21:42:00,0.38127973115825853
2018-02-22 21:45:00,0.3759930800796951
2018-02-22 21:48:00,0.26301110370332026
2018-02-22 21:51:00,0.41973515329942757
2018-02-22 21:54:00,0.4883564439713268
2018-02-22 21:57:00,0.3502437514754888
2018-02-22 22:00:00,0.4599362995846832
2018-02-22 22:03:00,0.35292451968331306
2018-02-22 22:06:00,0.4353031237504865
2018-02-22 22:09:00,0.41803919594065064
2018-02-22 22:12:00,0.44951384926912397
2018-02-22 22:15:00,0.3422155966277387
2018-02-22 22:18:00,0.35033836748431213
2018-02-22 22:21:00,0.2936178806625662
2018-02-22 22:24:00,0.37068725002859537
2018-02-22 22:27:00,0.3722525557810741
2018-02-22 22:30:00,0.42026084983439205
2018-02-22 22:33:00,0.41609751337546186
2018-02-22 22:36:00,0.4242036284155688
2018-02-22 22:39:00,0.3192514722724127
2018-02-22 22:42:00,0.4306878302323298
2018-02-22 22:45:00,0.46541066285209354
2018-02-22 22:48:00,0.42331590425527565
2018-02-22 22:51:00,0.41866656517680667
2018-02-22 22:54:00,0.5288052586118965
2018-02-22 22:57:00,0.45153139092519723
2018-02-22 23:00:00,0.46503350523499876
2018-02-22 23:03:00,0.530991520652492
2018-02-22 23:06:00,0.32601151395942907
2018-02-22 23:09:00,0.3788322297879745
2018-02-22 23:12:00,0.4678280881897763
2018-02-22 23:15:00,0.36794144051634703
2018-02-22 23:18:00,0.41920776303402363
2018-02-22 23:21:00,0.30290781773948083
2018-02-22 23:24:00,0.43425293672044063
2018-02-22 23:27:00,0.3816562716121439
2018-02-22 23:30:00,0.4226624690698486
2018-02-22 23:33:00,0.39134933027190755
2018-02-22 23:36:00,0.5072855229293509
2018-02-22 23:39:00,0.3383222212683563
2018-02-22 23:42:00,0.4790459997371954
2018-02-22 23:45:00,0.4576576867788731
2018-02-22 23:48:00,0.5016409367440815
2018-02-22 23:51:00,0.5075282970552166
2018-02-22 23:54:00,0.5178365197110679
2018-02-22 23:57:00,0.4706003376637682
2018-02-23 00:00:00,0.5834010023905307
2018-02-23 00:03:00,0.479742057925705
2018-02-23 00:06:00,0.5635675415866785
2018-02-23 00:09:00,0.5556281990097887
2018-02-23 00:12:00,0.6486371626068035
2018-02-23 00:15:00,0.5871228937025421
2018-02-23 00:18:00,0.5858848723995038
2018-02-23 00:21:00,0.595019745792456
2018-02-23 00:24:00,0.6342913254411542
2018-02-23 00:27:00,0.7429650841795592
2018-02-23 00:30:00,0.8168332420664228
2018-02-23 00:33:00,0.7316954880548678
2018-02-23 00:36:00,1.0122965457773603
2018-02-23 00:39:00,0.8974429483126869
2018-02-23 00:42:00,0.8168317951044628
2018-02-23 00:45:00,0.8032509028424784
2018-02-23 00:48:00,0.8132698821755753
2018-02-23 00:51:00,0.7561110833239582
2018-02-23 00:54:00,0.7782661323884099
2018-02-23 00:57:00,0.7897319461544043
2018-02-23 01:00:00,0.8886886967288206
2018-02-23 01:03:00,1.0187193904549758
2018-02-23 01:06:00,0.8507409423997387
2018-02-23 01:09:00,0.8735124269572907
2018-02-23 01:12:00,1.0009981521528175
2018-02-23 01:15:00,1.0813731962720112
2018-02-23 01:18:00,1.0989162293690242
2018-02-23 01:21:00,1.0263873185856482
2018-02-23 01:24:00,0.9154535482603023
2018-02-23 01:27:00,0.8396692088820714
2018-02-23 01:30:00,0.754778931772023
2018-02-23 01:33:00,0.6938399141155287
2018-02-23 01:36:00,0.6270296669330833
2018-02-23 01:39:00,0.6080374040133734
2018-02-23 01:42:00,0.4341165142944874
2018-02-23 01:45:00,0.45045464748142194
2018-02-23 01:48:00,0.4341548936882873
2018-02-23 01:51:00,0.35214285085470465
2018-02-23 01:54:00,0.45522250078221305
2018-02-23 01:57:00,0.4639599602638782
2018-02-23 02:00:00,0.5940799610045815
2018-02-23 02:03:00,0.4694037847417576
2018-02-23 02:06:00,0.4348353753809988
2018-02-23 02:09:00,0.5182164451326798
2018-02-23 02:12:00,0.525715969957048
2018-02-23 02:15:00,0.5031691204735012
2018-02-23 02:18:00,0.35510855086323545
2018-02-23 02:21:00,0.42746986060910785
2018-02-23 02:24:00,0.4840498933103845
2018-02-23 02:27:00,0.45387537453279947
2018-02-23 02:30:00,0.47820330363606445
2018-02-23 02:33:00,0.41812810682341706
2018-02-23 02:36:00,0.44878049957338817
2018-02-23 02:39:00,0.4708969089146535
2018-02-23 02:42:00,0.48158937954417524
2018-02-23 02:45:00,0.3981685516733364
2018-02-23 02:48:00,0.3381185167295371
2018-02-23 02:51:00,0.3805118215015
2018-02-23 02:54:00,0.37048607710119086
2018-02-23 02:57:00,0.42864423740195434
2018-02-23 03:00:00,0.5275711751880294
2018-02-23 03:03:00,0.5309598569996297
2018-02-23 03:06:00,0.5013753304762645
2018-02-23 03:09:00,0.5310386143169126
2018-02-23 03:12:00,0.46914337771443115
2018-02-23 03:15:00,0.49387650187844656
2018-02-23 03:18:00,0.5824934014859764
2018-02-23 03:21:00,0.46978485396743963
2018-02-23 03:24:00,0.5167650507805206
2018-02-23 03:27:00,0.546667812168721
2018-02-23 03:30:00,0.5784934335674166
2018-02-23 03:33:00,0.6211293309998496
2018-02-23 03:36:00,0.5826282792948518
2018-02-23 03:39:00,0.5940610350187399
2018-02-23 03:42:00,0.6014619412718503
2018-02-23 03:45:00,0.49919061215376814
2018-02-23 03:48:00,0.6667351211194728
2018-02-23 03:51:00,0.9756872845518956
2018-02-23 03:54:00,0.981558059755173
2018-02-23 03:57:00,0.9361075198537492
2018-02-23 04:00:00,0.8992918997047354
2018-02-23 04:03:00,0.8618244242649098
2018-02-23 04:06:00,0.7933546111263468
2018-02-23 04:09:00,0.7465467731890385
2018-02-23 04:12:00,0.7435798373491025
2018-02-23 04:15:00,0.7541048953500535
2018-02-23 04:18:00,0.7273067873416039
2018-02-23 04:21:00,0.7075515181008427
2018-02-23 04:24:00,0.7636886339122384
2018-02-23 04:27:00,0.7424947322035678
2018-02-23 04:30:00,0.7384848606646415
2018-02-23 04:33:00,0.8149170038835223
2018-02-23 04:36:00,0.7211007794968509
2018-02-23 04:39:00,0.7751431936388826
2018-02-23 04:42:00,0.6863795600617095
2018-02-23 04:45:00,0.7622590418732216
2018-02-23 04:48:00,0.6928250057554806
2018-02-23 04:51:00,0.7708646443172711
2018-02-23 04:54:00,0.8396242730034942
2018-02-23 04:57:00,0.6288969231598003
2018-02-23 05:00:00,0.712751507758469
2018-02-23 05:03:00,0.7063737038796489
2018-02-23 05:06:00,0.6633609602045567
2018-02-23 05:09:00,0.6989289760412589
2018-02-23 05:12:00,0.6991486608734476
2018-02-23 05:15:00,0.738939900048365
2018-02-23 05:18:00,0.7235980234478916
2018-02-23 05:21:00,0.7180753746826554
2018-02-23 05:24:00,0.5659486621378846
2018-02-23 05:27:00,0.7481287286856855
2018-02-23 05:30:00,0.6241766193398348
2018-02-23 05:33:00,0.6048091673559384
2018-02-23 05:36:00,0.6900447254257642
2018-02-23 05:39:00,0.49589819972413807
2018-02-23 05:42:00,0.6001713312083439
2018-02-23 05:45:00,0.5684670773322296
2018-02-23 05:48:00,0.5267124159483956
2018-02-23 05:51:00,0.8263512753529199
2018-02-23 05:54:00,0.5200493985450976
2018-02-23 05:57:00,0.5885843043686236
2018-02-23 06:00:00,0.581140882955367
2018-02-23 06:03:00,0.5420259073159173
2018-02-23 06:06:00,0.5364046246314729
2018-02-23 06:09:00,0.6207361686784907
2018-02-23 06:12:00,0.6132898005031393
2018-02-23 06:15:00,0.707266945977949
2018-02-23 06:18:00,0.6474798699691178
2018-02-23 06:21:00,0.7632183737255787
2018-02-23 06:24:00,0.6920179520467968
2018-02-23 06:27:00,0.7181963616462212
2018-02-23 06:30:00,0.6108954557738571
2018-02-23 06:33:00,0.6018632254190948
2018-02-23 06:36:00,0.8393570907700223
2018-02-23 06:39:00,0.7484451773171372
2018-02-23 06:42:00,0.8213707498725284
2018-02-23 06:45:00,0.7402845250095993
2018-02-23 06:48:00,0.7221070364047364
2018-02-23 06:51:00,0.6087834487818782
2018-02-23 06:54:00,0.48796865459149785
2018-02-23 06:57:00,0.6073707740370082
2018-02-23 07:00:00,0.6506694478861164
2018-02-23 07:03:00,0.6540386989224771
2018-02-23 07:06:00,0.6680241049789402
2018-02-23 07:09:00,0.5587791046813777
2018-02-23 07:12:00,0.632802521489225
2018-02-23 07:15:00,0.5676989635733207
2018-02-23 07:18:00,0.5809054971106207
2018-02-23 07:21:00,0.6187088054190326
2018-02-23 07:24:00,0.44352809424339057
2018-02-23 07:27:00,0.619306751299348
2018-02-23 07:30:00,0.5628955982994057
2018-02-23 07:33:00,0.48389669013704406
2018-02-23 07:36:00,0.4786739759678653
2018-02-23 07:39:00,0.581329459792471
2018-02-23 07:42:00,0.565328902938802
2018-02-23 07:45:00,0.6155112663948898
2018-02-23 07:48:00,0.565960139682204
2018-02-23 07:51:00,0.5252861320285547
2018-02-23 07:54:00,0.5848215152586249
2018-02-23 07:57:00,0.6548412000634585
2018-02-23 08:00:00,0.5788507803393372
2018-02-23 08:03:00,0.5676289109722461
2018-02-23 08:06:00,0.5837210088510005
2018-02-23 08:09:00,0.5372817900409359
2018-02-23 08:12:00,0.5311969668277357
2018-02-23 08:15:00,0.5190686140238654
2018-02-23 08:18:00,0.6564663315778034
2018-02-23 08:21:00,0.5493381910208655
2018-02-23 08:24:00,0.4690956434718032
2018-02-23 08:27:00,0.5067573862968402
2018-02-23 08:30:00,0.503438001608913
2018-02-23 08:33:00,0.5179055013966831
2018-02-23 08:36:00,0.3700504987614863
2018-02-23 08:39:00,0.4477827534917651
2018-02-23 08:42:00,0.45763480379986277
2018-02-23 08:45:00,0.44040406788076325
2018-02-23 08:48:00,0.3513214597262504
2018-02-23 08:51:00,0.4277371431155075
2018-02-23 08:54:00,0.3806963305390809
2018-02-23 08:57:00,0.2842060371206685
2018-02-23 09:00:00,0.36185012755890966
2018-02-23 09:03:00,0.4158821918762783
2018-02-23 09:06:00,0.40364812727608523
2018-02-23 09:09:00,0.327699075506132
2018-02-23 09:12:00,0.43921070623792957
2018-02-23 09:15:00,0.33888651283285753
2018-02-23 09:18:00,0.34154674522568484
2018-02-23 09:21:00,0.4713475511813954
2018-02-23 09:24:00,0.3023116333092162
2018-02-23 09:27:00,0.36669832622777676
2018-02-23 09:30:00,0.4035917659900292
2018-02-23 09:33:00,0.3353702233855529
2018-02-23 09:36:00,0.3001282538712644
2018-02-23 09:39:00,0.2648897694469383
2018-02-23 09:42:00,0.3880035463050149
2018-02-23 09:45:00,0.31354017797207234
2018-02-23 09:48:00,0.23116916235557028
2018-02-23 09:51:00,0.2853294437767886
2018-02-23 09:54:00,0.27596220252684134
2018-02-23 09:57:00,0.19564286904170558
2018-02-23 10:00:00,0.21736133341858022
2018-02-23 10:03:00,0.14063519193797447
2018-02-23 10:06:00,0.25165274793653225
2018-02-23 10:09:00,0.2543582168731291
2018-02-23 10:12:00,0.25548305883881994
2018-02-23 10:15:00,0.18847350551368436
2018-02-23 10:18:00,0.1876661033065261
2018-02-23 10:21:00,0.12213560986185712
2018-02-23 10:24:00,0.09762048943326818
2018-02-23 10:27:00,0.20958790420240803
2018-02-23 10:30:00,0.13526353143544156
2018-02-23 10:33:00,0.21861123917102532
2018-02-23 10:36:00,0.23967747163311515
2018-02-23 10:39:00,0.18695287626735535
2018-02-23 10:42:00,0.18027809765345637
2018-02-23 10:45:00,0.043889570086605545
2018-02-23 10:48:00,0.12367666820034628
2018-02-23 10:51:00,0.06744803344975026
2018-02-23 10:54:00,0.12336613389055628
2018-02-23 10:57:00,0.060577597066412636
2018-02-23 11:00:00,0.10806897183374531
2018-02-23 11:03:00,0.046822612556411514
2018-02-23 11:06:00,0.08828528022803539
2018-02-23 11:09:00,0.05720350594992851
2018-02-23 11:12:00,0.0313461159776125
2018-02-23 11:15:00,0.0038713504517318142
2018-02-23 11:18:00,-0.09537856754724316
2018-02-23 11:21:00,0.039510050515161765
2018-02-23 11:24:00,-0.012470010410766008
2018-02-23 11:27:00,-0.021799452069501513
2018-02-23 11:30:00,0.07223368332131486
2018-02-23 11:33:00,0.03680891115197937
2018-02-23 11:36:00,-0.028853203199275868
2018-02-23 11:39:00,0.012079348886175012
2018-02-23 11:42:00,-0.11555346789225496
2018-02-23 11:45:00,-0.10271741493835407
2018-02-23 11:48:00,-0.08838054732217415
2018-02-23 11:51:00,-0.1230045214190909
2018-02-23 11:54:00,-0.04011921569963306
2018-02-23 11:57:00,-0.05108468326653792
2018-02-23 12:00:00,-0.12165714918211279
2018-02-23 12:03:00,-0.13582612603096322
2018-02-23 12:06:00,0.05820309322041339
2018-02-23 12:09:00,-0.10522759503788848
2018-02-23 12:12:00,-0.1716958179299013
2018-02-23 12:15:00,-0.10513137713888909
2018-02-23 12:18:00,-0.1616533341335753
2018-02-23 12:21:00,-0.2310111053140531
2018-02-23 12:24:00,-0.04457429646441824
2018-02-23 12:27:00,-0.11338954049091399
2018-02-23 12:30:00,-0.10048409778738687
2018-02-23 12:33:00,-0.18350371592384818
2018-02-23 12:36:00,-0.0719269222062735
2018-02-23 12:39:00,-0.11706072717078086
2018-02-23 12:42:00,-0.074853049496312
2018-02-23 12:45:00,-0.0630967133652689
2018-02-23 12:48:00,-0.07463798690355361
2018-02-23 12:51:00,-0.23595225040776313
2018-02-23 12:54:00,-0.1971260176670171
2018-02-23 12:57:00,-0.08027871837879275
2018-02-23 13:00:00,-0.2346711473883829
2018-02-23 13:03:00,-0.19545458729857046
2018-02-23 13:06:00,-0.12126526099592638
2018-02-23 13:09:00,-0.15253119688600236
2018-02-23 13:12:00,-0.18601110219930206
2018-02-23 13:15:00,-0.10312287909397355
2018-02-23 13:18:00,-0.07069182493580684
2018-02-23 13:21:00,-0.027017562403159445
2018-02-23 13:24:00,-0.06717727587317768
2018-02-23 13:27:00,0.006739586203593717
2018-02-23 13:30:00,-0.08052750802477249
2018-02-23 13:33:00,-0.17507824646116887
2018-02-23 13:36:00,0.07639154109989477
2018-02-23 13:39:00,-0.019312486109413385
2018-02-23 13:42:00,-0.05819371784446048
2018-02-23 13:45:00,0.07117762424223883
2018-02-23 13:48:00,0.05422238265515489
2018-02-23 13:51:00,0.19720204425317434
2018-02-23 13:54:00,0.1296058999017191
2018-02-23 13:57:00,0.35382844920951584
2018-02-23 14:00:00,0.2927970660277879
2018-02-23 14:03:00,0.3303330450585804
2018-02-23 14:06:00,0.26107447404916684
2018-02-23 14:09:00,0.20814510775886674
2018-02-23 14:12:00,0.23856461921303662
2018-02-23 14:15:00,0.28044049409885474
2018-02-23 14:18:00,0.14701044829973853
2018-02-23 14:21:00,0.2740023237374203
2018-02-23 14:24:00,0.3312293107893538
2018-02-23 14:27:00,0.4053956847288873
2018-02-23 14:30:00,0.37837032202628507
2018-02-23 14:33:00,0.0447864641271849
2018-02-23 14:36:00,0.27813949163544294
2018-02-23 14:39:00,0.12033978013192836
2018-02-23 14:42:00,0.31533753675552134
2018-02-23 14:45:00,0.3626842973629323
2018-02-23 14:48:00,0.2697530589716166
2018-02-23 14:51:00,0.07588039386121181
2018-02-23 14:54:00,0.21278201802334706
2018-02-23 14:57:00,0.2567679819752584
2018-02-23 15:00:00,-0.02419492383302213
2018-02-23 15:03:00,0.05881735961514778
2018-02-23 15:06:00,0.023201010393790966
2018-02-23 15:09:00,0.13917426639631003
2018-02-23 15:12:00,0.0793773368264965
2018-02-23 15:15:00,0.05505001001887422
2018-02-23 15:18:00,0.07428178424220278
2018-02-23 15:21:00,0.15519158392868349
2018-02-23 15:24:00,0.07150808632763983
2018-02-23 15:27:00,-0.04967469315698736
2018-02-23 15:30:00,0.011803853970548062
2018-02-23 15:33:00,0.19785497112212624
2018-02-23 15:36:00,0.09172000569105876
2018-02-23 15:39:00,0.1407693394036187
2018-02-23 15:42:00,0.054971221930827596
2018-02-23 15:45:00,0.21847485521533372
2018-02-23 15:48:00,0.06607655752310393
2018-02-23 15:51:00,0.19318445828929498
2018-02-23 15:54:00,0.2779215893439755
2018-02-23 15:57:00,0.20253013927771235
2018-02-23 16:00:00,0.12443248382265892
2018-02-23 16:03:00,0.22498093570851552
2018-02-23 16:06:00,0.210125632604786
2018-02-23 16:09:00,0.33173901979836273
2018-02-23 16:12:00,0.2908498915181781
2018-02-23 16:15:00,0.2442361598521643
2018-02-23 16:18:00,0.23465539629182786
2018-02-23 16:21:00,0.20705312419397615
2018-02-23 16:24:00,0.2841898555631701
2018-02-23 16:27:00,0.420146761187425
2018-02-23 16:30:00,0.375857991469843
2018-02-23 16:33:00,0.3591917810731502
2018-02-23 16:36:00,0.18374839469299786
2018-02-23 16:39:00,0.23553426083662998
2018-02-23 16:42:00,0.2782275271600838
2018-02-23 16:45:00,0.19352746753202155
2018-02-23 16:48:00,0.10196087033978074
2018-02-23 16:51:00,0.2247778024207605
2018-02-23 16:54:00,0.258939099865529
2018-02-23 16:57:00,0.3337020912877051
2018-02-23 17:00:00,0.43444875351536894
2018-02-23 17:03:00,0.3885258026216434
2018-02-23 17:06:00,0.5060520866576894
2018-02-23 17:09:00,0.49699625246375945
2018-02-23 17:12:00,0.6186729364528105
2018-02-23 17:15:00,0.5451661784258022
2018-02-23 17:18:00,0.5049636364219623
2018-02-23 17:21:00,0.6438108542166674
2018-02-23 17:24:00,0.843965887125762
2018-02-23 17:27:00,0.73659271349851
2018-02-23 17:30:00,0.5469294937594782
2018-02-23 17:33:00,0.4957295574325826
2018-02-23 17:36:00,0.5542670810697246
2018-02-23 17:39:00,0.6313066472478113
2018-02-23 17:42:00,0.5753233438363168
2018-02-23 17:45:00,0.4502504996508492
2018-02-23 17:48:00,0.4986502030970996
2018-02-23 17:51:00,0.42538226619103625
2018-02-23 17:54:00,0.3439830154434276
2018-02-23 17:57:00,0.4257371313258318
2018-02-23 18:00:00,0.4205473687165977
2018-02-23 18:03:00,0.31883460729835633
2018-02-23 18:06:00,0.439593341607349
2018-02-23 18:09:00,0.48956262320047017
2018-02-23 18:12:00,0.4085194342818568
2018-02-23 18:15:00,0.5239763402895505
2018-02-23 18:18:00,0.5398472115691106
2018-02-23 18:21:00,0.5451525345114305
2018-02-23 18:24:00,0.5680782371453006
2018-02-23 18:27:00,0.60171508234572
2018-02-23 18:30:00,0.5655912584513203
2018-02-23 18:33:00,0.5674194791844229
2018-02-23 18:36:00,0.5435450155380863
2018-02-23 18:39:00,0.5805632379068015
2018-02-23 18:42:00,0.534434248870582
2018-02-23 18:45:00,0.6104318446167554
2018-02-23 18:48:00,0.6905064083260299
2018-02-23 18:51:00,0.6146916999484233
2018-02-23 18:54:00,
2018-02-23 18:57:00,
2018-02-23 19:00:00,
2018-02-23 19:03:00,0.45455778170253325
2018-02-23 19:06:00,0.481575815819383
2018-02-23 19:09:00,0.5655225443665586
2018-02-23 19:12:00,0.5001202976425247
2018-02-23 19:15:00,0.6353278390880632
2018-02-23 19:18:00,0.5700643347151413
2018-02-23 19:21:00,0.6082432263544888
2018-02-23 19:24:00,0.689657166790937
2018-02-23 19:27:00,0.6737390631373614
2018-02-23 19:30:00,0.4992908629947692
2018-02-23 19:33:00,0.5437116432711946
2018-02-23 19:36:00,0.6233941835424162
2018-02-23 19:39:00,0.6401841975287539
2018-02-23 19:42:00,0.5528901644256052
2018-02-23 19:45:00,0.5526018021728305
2018-02-23 19:48:00,0.6489814675717867
2018-02-23 19:51:00,0.5452247414502835
2018-02-23 19:54:00,0.6242212616432994
2018-02-23 19:57:00,0.6391594339722246
2018-02-23 20:00:00,0.6753157933282523
2018-02-23 20:03:00,0.5212731564871547
2018-02-23 20:06:00,0.6179882191780166
2018-02-23 20:09:00,0.6190789331081987
2018-02-23 20:12:00,0.7267255602792488
2018-02-23 20:15:00,0.6696935374549753
2018-02-23 20:18:00,0.6938759062139752
2018-02-23 20:21:00,0.7474968688728723
2018-02-23 20:24:00,0.6442913237939933
2018-02-23 20:27:00,0.6231819418248392
2018-02-23 20:30:00,0.6062981142695207
2018-02-23 20:33:00,0.6449847263168067
2018-02-23 20:36:00,0.6424960856651865
2018-02-23 20:39:00,0.7354942098068591
2018-02-23 20:42:00,0.6485135176124004
2018-02-23 20:45:00,0.5505218202751507
2018-02-23 20:48:00,0.5370972439580441
2018-02-23 20:51:00,0.5251077878464798
2018-02-23 20:54:00,0.7704708343970879
2018-02-23 20:57:00,0.6699549536261884
2018-02-23 21:00:00,0.6307364747403881
2018-02-23 21:03:00,0.5133260388834628
2018-02-23 21:06:00,0.6651665548741903
2018-02-23 21:09:00,0.656977559405334
2018-02-23 21:12:00,0.7580343026336323
2018-02-23 21:15:00,0.7348900635655014
2018-02-23 21:18:00,0.6126829442044368
2018-02-23 21:21:00,0.6809490847097095
2018-02-23 21:24:00,0.6941864232607031
2018-02-23 21:27:00,0.7464658633258523
2018-02-23 21:30:00,0.6918263279671919
2018-02-23 21:33:00,0.6970398234423101
2018-02-23 21:36:00,0.7658778027052335
2018-02-23 21:39:00,0.6426557943191824
2018-02-23 21:42:00,0.648811941465965
2018-02-23 21:45:00,0.7208389788843306
2018-02-23 21:48:00,0.7473098472721631
2018-02-23 21:51:00,0.6530337956698986
2018-02-23 21:54:00,0.595823948084842
2018-02-23 21:57:00,0.6427307813757466
2018-02-23 22:00:00,0.6240788711428991
2018-02-23 22:03:00,0.7615794981111321
2018-02-23 22:06:00,0.7649964368079623
2018-02-23 22:09:00,0.7494381487909436
2018-02-23 22:12:00,0.5907502075436355
2018-02-23 22:15:00,0.44117207385085067
2018-02-23 22:18:00,0.47842440409885967
2018-02-23 22:21:00,0.6494430802309807
2018-02-23 22:24:00,0.5891812515327501
2018-02-23 22:27:00,0.5842765260493934
2018-02-23 22:30:00,0.5702857829247137
2018-02-23 22:33:00,0.5355017343352984
2018-02-23 22:36:00,0.5323055590884564
2018-02-23 22:39:00,0.6186594244600769
2018-02-23 22:42:00,0.6404895325293296
2018-02-23 22:45:00,0.6245916957141731
2018-02-23 22:48:00,0.6998647850466568
2018-02-23 22:51:00,0.666934796345231
2018-02-23 22:54:00,0.7358191811509869
2018-02-23 22:57:00,0.6864085261478863
2018-02-23 23:00:00,0.6345378585797903
2018-02-23 23:03:00,0.7702555366281558
2018-02-23 23:06:00,0.7179911907094265
2018-02-23 23:09:00,0.7616980768572148
2018-02-23 23:12:00,0.8405386441195333
2018-02-23 23:15:00,0.7004594246192255
2018-02-23 23:18:00,0.6694561069164138
2018-02-23 23:21:00,0.7100399869355556
2018-02-23 23:24:00,0.7351778040406316
2018-02-23 23:27:00,0.7449074959105815
2018-02-23 23:30:00,0.6058059235310793
2018-02-23 23:33:00,0.7893045688428515
2018-02-23 23:36:00,0.664434394278544
2018-02-23 23:39:00,0.6952550058733209
2018-02-23 23:42:00,0.6501559047393357
2018-02-23 23:45:00,0.7459062050579632
2018-02-23 23:48:00,0.7543821724836448
2018-02-23 23:51:00,0.7235495546161133
2018-02-23 23:54:00,0.6552969121514138
2018-02-23 23:57:00,0.6974305987295111
2018-02-24 00:00:00,0.8106711250937906
2018-02-24 00:03:00,0.742406107851366
2018-02-24 00:06:00,0.7430220792189175
2018-02-24 00:09:00,0.6380502219585651
2018-02-24 00:12:00,0.6562393054076665
2018-02-24 00:15:00,0.8168669398528436
2018-02-24 00:18:00,0.857218158633998
2018-02-24 00:21:00,0.8797799104542037
2018-02-24 00:24:00,0.8926064127468862
2018-02-24 00:27:00,0.9328889682774957
2018-02-24 00:30:00,0.9499987244375347
2018-02-24 00:33:00,1.037264003890641
2018-02-24 00:36:00,1.0948902179026732
2018-02-24 00:39:00,1.0697758606255547
2018-02-24 00:42:00,1.0036750501566303
2018-02-24 00:45:00,0.7598974108621519
2018-02-24 00:48:00,0.909789991944308
2018-02-24 00:51:00,0.7495739747480457
2018-02-24 00:54:00,0.8830318392685399
2018-02-24 00:57:00,0.960980065958438
2018-02-24 01:00:00,0.8002544567277141
2018-02-24 01:03:00,0.7068691517461616
2018-02-24 01:06:00,0.7265909012964471
2018-02-24 01:09:00,0.6729698848310477
2018-02-24 01:12:00,0.6359553643997629
2018-02-24 01:15:00,0.6336297254912893
2018-02-24 01:18:00,0.7283537301691467
2018-02-24 01:21:00,0.7238743312956899
2018-02-24 01:24:00,0.7289757923193179
2018-02-24 01:27:00,0.7035963452050282
2018-02-24 01:30:00,0.6330427315198222
2018-02-24 01:33:00,0.6119164420392167
2018-02-24 01:36:00,0.6559827841618926
2018-02-24 01:39:00,0.6229017455528947
2018-02-24 01:42:00,0.7169731334928997
2018-02-24 01:45:00,0.8071379171693138
2018-02-24 01:48:00,0.6368775207569115
2018-02-24 01:51:00,0.6913633224129967
2018-02-24 01:54:00,0.6258131927361319
2018-02-24 01:57:00,0.6525293605538423
2018-02-24 02:00:00,0.6300932749701929
2018-02-24 02:03:00,0.7028549165316917
2018-02-24 02:06:00,0.7972571825361001
2018-02-24 02:09:00,0.7848263641186008
2018-02-24 02:12:00,0.684021129822554
2018-02-24 02:15:00,0.6382084451187211
2018-02-24 02:18:00,0.7247505128168541
2018-02-24 02:21:00,0.7440863441159422
2018-02-24 02:24:00,0.7048642008022625
2018-02-24 02:27:00,0.6107563641903653
2018-02-24 02:30:00,0.8256605062614994
2018-02-24 02:33:00,0.778594544307623
2018-02-24 02:36:00,0.6945856283853686
2018-02-24 02:39:00,0.7905379945133859
2018-02-24 02:42:00,0.7044214869571306
2018-02-24 02:45:00,0.7172859336936313
2018-02-24 02:48:00,0.757269024104005
2018-02-24 02:51:00,0.7950647813599403
2018-02-24 02:54:00,0.674868335503561
2018-02-24 02:57:00,0.7294265986424193
2018-02-24 03:00:00,0.6511227970266873
2018-02-24 03:03:00,0.7094422333525472
2018-02-24 03:06:00,0.7004925567765667
2018-02-24 03:09:00,0.7043047494118468
2018-02-24 03:12:00,0.7387526160051721
2018-02-24 03:15:00,0.7667991842271817
2018-02-24 03:18:00,0.730391019438116
2018-02-24 03:21:00,0.6341388090976352
2018-02-24 03:24:00,0.7533484119775835
2018-02-24 03:27:00,0.7938712931268697
2018-02-24 03:30:00,0.6481772191871187
2018-02-24 03:33:00,0.7301807386711516
2018-02-24 03:36:00,0.6060442059389857
2018-02-24 03:39:00,0.7381130339742299
2018-02-24 03:42:00,0.7245245462962089
2018-02-24 03:45:00,0.7285254174134934
2018-02-24 03:48:00,0.7219327311299821
2018-02-24 03:51:00,0.6965939989067351
2018-02-24 03:54:00,0.7367167113199571
2018-02-24 03:57:00,0.6660183846543077
2018-02-24 04:00:00,0.5905415481105933
2018-02-24 04:03:00,0.6785311678253265
2018-02-24 04:06:00,0.7754136496919841
2018-02-24 04:09:00,0.7484337879649274
2018-02-24 04:12:00,0.7647897573605178
2018-02-24 04:15:00,0.6239104760285841
2018-02-24 04:18:00,0.6629876806607058
2018-02-24 04:21:00,0.7025903263631221
2018-02-24 04:24:00,0.6531649896659815
2018-02-24 04:27:00,0.6831013844967515
2018-02-24 04:30:00,0.6935127753115466
2018-02-24 04:33:00,0.6405387434766112
2018-02-24 04:36:00,0.7002679773348177
2018-02-24 04:39:00,0.6991005021138221
2018-02-24 04:42:00,0.6736345534571342
2018-02-24 04:45:00,0.6409640522486484
2018-02-24 04:48:00,0.6925472914780357
2018-02-24 04:51:00,0.6233535128256449
2018-02-24 04:54:00,0.6486776022829304
2018-02-24 04:57:00,0.6737412797749016
2018-02-24 05:00:00,0.7644355579958528
2018-02-24 05:03:00,0.7213305199782098
2018-02-24 05:06:00,0.6394232733218814
2018-02-24 05:09:00,0.6589930490281404
2018-02-24 05:12:00,0.6307179829187817
2018-02-24 05:15:00,0.6565788048552008
2018-02-24 05:18:00,0.6843933373747859
2018-02-24 05:21:00,0.7764622430001396
2018-02-24 05:24:00,0.6979435947258708
2018-02-24 05:27:00,0.6655516792974936
2018-02-24 05:30:00,0.6685163783095618
2018-02-24 05:33:00,0.6443482939154705
2018-02-24 05:36:00,0.6210400513894001
2018-02-24 05:39:00,0.5381915539837792
2018-02-24 05:42:00,0.6232597631611156
2018-02-24 05:45:00,0.6831174661634236
2018-02-24 05:48:00,0.6487898470839468
2018-02-24 05:51:00,0.6452268875669915
2018-02-24 05:54:00,0.7165813388331799
2018-02-24 05:57:00,0.6079608026772121
2018-02-24 06:00:00,0.7549960853380071
2018-02-24 06:03:00,0.606887577432019
2018-02-24 06:06:00,0.7120384889274192
2018-02-24 06:09:00,0.707480071634734
2018-02-24 06:12:00,0.6846629464819785
2018-02-24 06:15:00,0.6554796108189294
2018-02-24 06:18:00,0.7898499732356186
2018-02-24 06:21:00,0.699270087243292
2018-02-24 06:24:00,0.7428168084838376
2018-02-24 06:27:00,0.7197057595096794
2018-02-24 06:30:00,0.7226477668812095
2018-02-24 06:33:00,0.7469825541199953
2018-02-24 06:36:00,0.6923505633582181
2018-02-24 06:39:00,0.6394259204376453
2018-02-24 06:42:00,0.6730163810144063
2018-02-24 06:45:00,0.7120100664393476
2018-02-24 06:48:00,0.6138913761153049
2018-02-24 06:51:00,0.5775398261558848
2018-02-24 06:54:00,0.6419910634352277
2018-02-24 06:57:00,0.7374696132748682
2018-02-24 07:00:00,0.7010133500817801
2018-02-24 07:03:00,0.681877745947645
2018-02-24 07:06:00,0.7314817476591884
2018-02-24 07:09:00,0.7434152457037726
2018-02-24 07:12:00,0.6555854383232145
2018-02-24 07:15:00,0.6327593266141776
2018-02-24 07:18:00,0.7289990421426182
2018-02-24 07:21:00,0.7273212375125695
2018-02-24 07:24:00,0.5842671400531003
2018-02-24 07:27:00,0.6644477160522797
2018-02-24 07:30:00,0.5583506623437415
2018-02-24 07:33:00,0.6100515113129177
2018-02-24 07:36:00,0.5682527279883516
2018-02-24 07:39:00,0.6286637864063209
2018-02-24 07:42:00,0.5831594247705993
2018-02-24 07:45:00,0.6704746470699661
2018-02-24 07:48:00,0.6475228760329514
2018-02-24 07:51:00,0.5928588247777498
2018-02-24 07:54:00,0.6663360964259937
2018-02-24 07:57:00,0.675150693549881
2018-02-24 08:00:00,0.6593795008507186
2018-02-24 08:03:00,0.630234952639114
2018-02-24 08:06:00,0.6390778791377443
2018-02-24 08:09:00,0.5780810956013056
2018-02-24 08:12:00,0.6219708796702434
2018-02-24 08:15:00,0.5570977615091692
2018-02-24 08:18:00,0.5412623155662573
2018-02-24 08:21:00,0.5740671911128175
2018-02-24 08:24:00,0.5967294913197634
2018-02-24 08:27:00,0.6208233692304361
2018-02-24 08:30:00,0.6692048873702561
2018-02-24 08:33:00,0.5873256185109881
2018-02-24 08:36:00,0.6284355197528839
2018-02-24 08:39:00,0.5319334327756451
2018-02-24 08:42:00,0.5615498196398789
2018-02-24 08:45:00,0.5413251109665111
2018-02-24 08:48:00,0.4983874893792972
2018-02-24 08:51:00,0.529508765756475
2018-02-24 08:54:00,0.42054687223946985
2018-02-24 08:57:00,0.44946454290601423
2018-02-24 09:00:00,0.395721073024788
2018-02-24 09:03:00,0.49643025395306495
2018-02-24 09:06:00,0.48006650138410123
2018-02-24 09:09:00,0.4283969555494309
2018-02-24 09:12:00,0.2881117969403135
2018-02-24 09:15:00,0.30445152661570773
2018-02-24 09:18:00,0.32582341347210786
2018-02-24 09:21:00,0.4518820310408387
2018-02-24 09:24:00,0.41262268570295646
2018-02-24 09:27:00,0.35417711320150147
2018-02-24 09:30:00,0.4007213342011937
2018-02-24 09:33:00,0.3870103660174209
2018-02-24 09:36:00,0.23896038558683586
2018-02-24 09:39:00,0.3554562283413816
2018-02-24 09:42:00,0.22984083585470216
2018-02-24 09:45:00,0.3656765075209023
2018-02-24 09:48:00,0.31648826587286294
2018-02-24 09:51:00,0.2762899480031251
2018-02-24 09:54:00,0.2960970634825344
2018-02-24 09:57:00,0.19179107195242295
2018-02-24 10:00:00,0.15263995384646023
2018-02-24 10:03:00,0.19152082110497304
2018-02-24 10:06:00,0.2485529916227165
2018-02-24 10:09:00,0.22294609299609647
2018-02-24 10:12:00,0.21604465516548998
2018-02-24 10:15:00,0.27976080200943443
2018-02-24 10:18:00,0.3359073274654065
2018-02-24 10:21:00,0.24491560684441538
2018-02-24 10:24:00,0.16686963697321744
2018-02-24 10:27:00,0.16404125130395641
2018-02-24 10:30:00,0.3376271936521107
2018-02-24 10:33:00,0.09023097453484752
2018-02-24 10:36:00,0.15358271903983223
2018-02-24 10:39:00,0.20619833720394354
2018-02-24 10:42:00,0.040552539980183155
2018-02-24 10:45:00,0.07029058133355193
2018-02-24 10:48:00,0.11758381729725897
2018-02-24 10:51:00,-0.047983061848924535
2018-02-24 10:54:00,-0.00011087596681136347
2018-02-24 10:57:00,-0.022282715548158194
2018-02-24 11:00:00,-0.014474995761247555
2018-02-24 11:03:00,0.028452803815071093
2018-02-24 11:06:00,-0.004895075696083495
2018-02-24 11:09:00,-0.02348780929463601
2018-02-24 11:12:00,0.01824901804104684
2018-02-24 11:15:00,-0.048091728668111955
2018-02-24 11:18:00,-0.09577671681427091
2018-02-24 11:21:00,0.1743996851630527
2018-02-24 11:24:00,0.09414279321805452
2018-02-24 11:27:00,0.09908879711730378
2018-02-24 11:30:00,0.12368883865508451
2018-02-24 11:33:00,-0.02103913169577254
2018-02-24 11:36:00,0.06168382787620885
2018-02-24 11:39:00,0.0159044814616891
2018-02-24 11:42:00,0.11814803571877519
2018-02-24 11:45:00,0.1825256908178403
2018-02-24 11:48:00,0.1091719823421613
2018-02-24 11:51:00,0.08165189868191192
2018-02-24 11:54:00,0.08450543997975046
2018-02-24 11:57:00,-0.06524103651554469
2018-02-24 12:00:00,-0.1166302756857931
2018-02-24 12:03:00,0.07001363189175436
2018-02-24 12:06:00,-0.004432886548499937
2018-02-24 12:09:00,0.003969194216438154
2018-02-24 12:12:00,-0.0008914540890145872
2018-02-24 12:15:00,-0.07168692128237808
2018-02-24 12:18:00,-0.01169601327893588
2018-02-24 12:21:00,-0.024485260504945927
2018-02-24 12:24:00,-0.0383176198749311
2018-02-24 12:27:00,0.015049715146233211
2018-02-24 12:30:00,0.10335340165613616
2018-02-24 12:33:00,0.10987617247099024
2018-02-24 12:36:00,0.20646410630888568
2018-02-24 12:39:00,0.17067110314559386
2018-02-24 12:42:00,0.17033717682159022
2018-02-24 12:45:00,0.07850257575444175
2018-02-24 12:48:00,0.037003325914611196
2018-02-24 12:51:00,0.07866519346498535
2018-02-24 12:54:00,0.062110291762053293
2018-02-24 12:57:00,0.08974452829886559
2018-02-24 13:00:00,0.18784897681547363
2018-02-24 13:03:00,0.07767831154916394
2018-02-24 13:06:00,-0.06709509183951923
2018-02-24 13:09:00,-0.18982999466817319
2018-02-24 13:12:00,-0.14839185527387144
2018-02-24 13:15:00,-0.17312116313968318
2018-02-24 13:18:00,-0.1627430735558164
2018-02-24 13:21:00,-0.03394609438385032
2018-02-24 13:24:00,0.09183243486353376
2018-02-24 13:27:00,0.07497519874533509
2018-02-24 13:30:00,0.053845899478631054
2018-02-24 13:33:00,0.15532271663528263
2018-02-24 13:36:00,0.23602454098522685
2018-02-24 13:39:00,0.22478171354163123
2018-02-24 13:42:00,0.09790494531631566
2018-02-24 13:45:00,0.1419556554699284
2018-02-24 13:48:00,0.12066282705785625
2018-02-24 13:51:00,-0.1762186653126605
2018-02-24 13:54:00,-0.1477391490664104
2018-02-24 13:57:00,-0.1161582572478892
2018-02-24 14:00:00,-0.02794516087010379
2018-02-24 14:03:00,-0.010590454885743839
2018-02-24 14:06:00,-0.10061236390282602
2018-02-24 14:09:00,-0.025437540945347337
2018-02-24 14:12:00,-0.18380987135032
2018-02-24 14:15:00,-0.08913857199883068
2018-02-24 14:18:00,-0.10347923730813591
2018-02-24 14:21:00,0.11406973179617808
2018-02-24 14:24:00,0.12803614603848246
2018-02-24 14:27:00,0.11990325216390829
2018-02-24 14:30:00,0.06491847508823412
2018-02-24 14:33:00,0.1492916580517658
2018-02-24 14:36:00,0.05606502243364275
2018-02-24 14:39:00,0.1479834551340673
2018-02-24 14:42:00,-0.033466925397988234
2018-02-24 14:45:00,0.0446892899769864
2018-02-24 14:48:00,0.016887226782671405
2018-02-24 14:51:00,-0.09507841915507242
2018-02-24 14:54:00,-0.07288108984892006
2018-02-24 14:57:00,-0.1726726398190408
2018-02-24 15:00:00,-0.2670751738692161
2018-02-24 15:03:00,-0.14035082437567326
2018-02-24 15:06:00,-0.10676713584473418
2018-02-24 15:09:00,-0.09820692879208082
2018-02-24 15:12:00,-0.19391908888451326
2018-02-24 15:15:00,-0.22555241552811367
2018-02-24 15:18:00,-0.3702603905906017
2018-02-24 15:21:00,-0.1571152363791839
2018-02-24 15:24:00,-0.13127241131002165
2018-02-24 15:27:00,-0.2032968120116152
2018-02-24 15:30:00,-0.21334737961001338
2018-02-24 15:33:00,-0.14720179220222462
2018-02-24 15:36:00,-0.0918929919496918
2018-02-24 15:39:00,-0.19246576744671984
2018-02-24 15:42:00,-0.1365614747314794
2018-02-24 15:45:00,-0.17818766957981325
2018-02-24 15:48:00,-0.24948751411460535
2018-02-24 15:51:00,-0.2619665659554471
2018-02-24 15:54:00,-0.2044486607881595
2018-02-24 15:57:00,-0.1277019256245353
2018-02-24 16:00:00,-0.20811550717206728
2018-02-24 16:03:00,-0.05872088764124328
2018-02-24 16:06:00,-0.18278345753782332
2018-02-24 16:09:00,-0.02925837857674196
2018-02-24 16:12:00,0.013597220732435744
2018-02-24 16:15:00,0.10399966975393227
2018-02-24 16:18:00,-0.08611817219366458
2018-02-24 16:21:00,-0.15453696471303147
2018-02-24 16:24:00,-0.10319994792052967
2018-02-24 16:27:00,0.06716065445476715
2018-02-24 16:30:00,-0.020417412367180532
2018-02-24 16:33:00,0.0775985244872004
2018-02-24 16:36:00,0.011166136243843994
2018-02-24 16:39:00,0.08711692185249831
2018-02-24 16:42:00,0.08670530559936651
2018-02-24 16:45:00,0.12721281345022817
2018-02-24 16:48:00,0.22274864920439086
2018-02-24 16:51:00,0.05576165112211129
2018-02-24 16:54:00,0.02815149595147659
2018-02-24 16:57:00,0.22993870454519083
2018-02-24 17:00:00,0.2654293474847691
2018-02-24 17:03:00,0.5063467714649619
2018-02-24 17:06:00,0.48562671043009686
2018-02-24 17:09:00,0.42517005137602837
2018-02-24 17:12:00,0.710614304280341
2018-02-24 17:15:00,0.7018582476418374
2018-02-24 17:18:00,0.6763275727709015
2018-02-24 17:21:00,0.627633167411318
2018-02-24 17:24:00,0.7258004955509136
2018-02-24 17:27:00,0.7107742204598821
2018-02-24 17:30:00,0.8202168829133143
2018-02-24 17:33:00,0.7670344738526751
2018-02-24 17:36:00,0.7285401376411755
2018-02-24 17:39:00,0.7393649681113175
2018-02-24 17:42:00,0.7434015725569338
2018-02-24 17:45:00,0.7322505894934466
2018-02-24 17:48:00,0.6399189704388846
2018-02-24 17:51:00,0.7579791478732432
2018-02-24 17:54:00,0.546419254494424
2018-02-24 17:57:00,0.613334651604589
2018-02-24 18:00:00,0.6377166875652165
2018-02-24 18:03:00,0.46897271471613067
2018-02-24 18:06:00,0.46246076817993753
2018-02-24 18:09:00,0.4524264322441809
2018-02-24 18:12:00,0.34455070508352037
2018-02-24 18:15:00,0.43098620579382896
2018-02-24 18:18:00,0.4762751758453305
2018-02-24 18:21:00,0.38244239593416296
2018-02-24 18:24:00,0.33304633569395037
2018-02-24 18:27:00,0.21995838999436046
2018-02-24 18:30:00,0.27982304154767235
2018-02-24 18:33:00,0.3622080521057569
2018-02-24 18:36:00,0.32426966571949833
2018-02-24 18:39:00,0.3018165549677292
2018-02-24 18:42:00,0.4308191518186959
2018-02-24 18:45:00,0.25996695067595965
2018-02-24 18:48:00,0.3408033695035897
2018-02-24 18:51:00,0.26883276726010763
2018-02-24 18:54:00,0.28217563483281083
2018-02-24 18:57:00,
2018-02-24 19:00:00,
2018-02-24 19:03:00,0.31197430712842333
2018-02-24 19:06:00,0.3234294059595868
2018-02-24 19:09:00,0.19487539178879842
2018-02-24 19:12:00,0.2809199037927783
2018-02-24 19:15:00,0.3439438542372386
2018-02-24 19:18:00,0.3557906685571197
2018-02-24 19:21:00,0.22854237627183238
2018-02-24 19:24:00,0.3408965394353345
2018-02-24 19:27:00,0.3362994670940793
2018-02-24 19:30:00,0.2637683995792486
2018-02-24 19:33:00,0.24014386504200047
2018-02-24 19:36:00,0.2625813937165731
2018-02-24 19:39:00,0.20699621031894821
2018-02-24 19:42:00,0.26574357813245797
2018-02-24 19:45:00,0.3378701868257963
2018-02-24 19:48:00,0.29307563859327956
2018-02-24 19:51:00,0.24839947654254502
2018-02-24 19:54:00,0.3600439266677995
2018-02-24 19:57:00,0.27058672623132907
2018-02-24 20:00:00,0.31960100467546226
2018-02-24 20:03:00,0.2586839597881294
2018-02-24 20:06:00,0.32610202768807994
2018-02-24 20:09:00,0.3769431709393416
2018-02-24 20:12:00,0.2944128857209307
2018-02-24 20:15:00,0.3622761417531706
2018-02-24 20:18:00,0.3715628012387242
2018-02-24 20:21:00,0.2964801987699843
2018-02-24 20:24:00,0.3185630227823708
2018-02-24 20:27:00,0.28002077804183045
2018-02-24 20:30:00,0.3553744678388284
2018-02-24 20:33:00,0.29065400515236206
2018-02-24 20:36:00,0.42328363079155906
2018-02-24 20:39:00,0.2502552473162609
2018-02-24 20:42:00,0.28294636686666763
2018-02-24 20:45:00,0.39774560021783145
2018-02-24 20:48:00,0.49145036716242885
2018-02-24 20:51:00,0.4452779184167639
2018-02-24 20:54:00,0.3919181882339444
2018-02-24 20:57:00,0.38788037176544776
2018-02-24 21:00:00,0.5096751823439263
2018-02-24 21:03:00,0.42648853545659904
2018-02-24 21:06:00,0.47643214357663055
2018-02-24 21:09:00,0.4676954180260964
2018-02-24 21:12:00,0.39659736205612717
2018-02-24 21:15:00,0.4879567224716084
2018-02-24 21:18:00,0.3530467236199115
2018-02-24 21:21:00,0.4350573130764701
2018-02-24 21:24:00,0.4646730399283001
2018-02-24 21:27:00,0.4939377102385265
2018-02-24 21:30:00,0.41215140096329606
2018-02-24 21:33:00,0.36214806662013643
2018-02-24 21:36:00,0.35150580887466276
2018-02-24 21:39:00,0.49208741113847054
2018-02-24 21:42:00,0.4019550602478148
2018-02-24 21:45:00,0.39276217097949484
2018-02-24 21:48:00,0.4146587137309439
2018-02-24 21:51:00,0.5329761718964505
2018-02-24 21:54:00,0.41968398272018703
2018-02-24 21:57:00,0.4339579458190883
2018-02-24 22:00:00,0.4162418676514221
2018-02-24 22:03:00,0.5040399419516461
2018-02-24 22:06:00,0.48249468457834155
2018-02-24 22:09:00,0.4974066385877336
2018-02-24 22:12:00,0.5045683762039062
2018-02-24 22:15:00,0.5274682985891559
2018-02-24 22:18:00,0.5506290777603908
2018-02-24 22:21:00,0.5252650850949863
2018-02-24 22:24:00,0.5043840870184226
2018-02-24 22:27:00,0.5371798427943304
2018-02-24 22:30:00,0.5649791275793632
2018-02-24 22:33:00,0.3918522055933522
2018-02-24 22:36:00,0.5041432592053638
2018-02-24 22:39:00,0.5209122219905566
2018-02-24 22:42:00,0.5015834071784298
2018-02-24 22:45:00,0.5644914209846661
2018-02-24 22:48:00,0.6013045859696717
2018-02-24 22:51:00,0.5283870824659402
2018-02-24 22:54:00,0.6654236358124876
2018-02-24 22:57:00,0.6416378151920412
2018-02-24 23:00:00,0.6795333269235471
2018-02-24 23:03:00,0.7117500794424245
2018-02-24 23:06:00,0.6012120326819286
2018-02-24 23:09:00,0.6088340063277542
2018-02-24 23:12:00,0.5739718323054035
2018-02-24 23:15:00,0.6889382225897407
2018-02-24 23:18:00,0.6591987097505694
2018-02-24 23:21:00,0.7134102274423526
2018-02-24 23:24:00,0.5240024403435086
2018-02-24 23:27:00,0.6041266858966878
2018-02-24 23:30:00,0.5421530610923924
2018-02-24 23:33:00,0.4805839815507511
2018-02-24 23:36:00,0.5125339903412396
2018-02-24 23:39:00,0.6349514303011574
2018-02-24 23:42:00,0.4986569108145318
2018-02-24 23:45:00,0.45441568804363897
2018-02-24 23:48:00,0.5029167270695325
2018-02-24 23:51:00,0.4328143696537836
2018-02-24 23:54:00,0.4121558103794314
2018-02-24 23:57:00,0.41710875231325417
2018-02-25 00:00:00,0.4612204170546761
2018-02-25 00:03:00,0.47883622507430346
2018-02-25 00:06:00,0.572333345216407
2018-02-25 00:09:00,0.45023843403998853
2018-02-25 00:12:00,0.531549332663019
2018-02-25 00:15:00,0.47784547741463257
2018-02-25 00:18:00,0.5201769792291202
2018-02-25 00:21:00,0.38208529206445974
2018-02-25 00:24:00,0.4519705767143023
2018-02-25 00:27:00,0.47711343198119494
2018-02-25 00:30:00,0.4522981172963796
2018-02-25 00:33:00,0.4849775962878766
2018-02-25 00:36:00,0.4298880038039101
2018-02-25 00:39:00,0.5646401964174288
2018-02-25 00:42:00,0.3958046103185211
2018-02-25 00:45:00,0.5229620096563394
2018-02-25 00:48:00,0.5375473213479154
2018-02-25 00:51:00,0.6001161262889241
2018-02-25 00:54:00,0.5830543938607775
2018-02-25 00:57:00,0.5248302316372246
2018-02-25 01:00:00,0.5352726691077123
2018-02-25 01:03:00,0.7263533181265984
2018-02-25 01:06:00,0.666507061156608
2018-02-25 01:09:00,0.5670190029927085
2018-02-25 01:12:00,0.5903100392455372
2018-02-25 01:15:00,0.40887364201654464
2018-02-25 01:18:00,0.48239586120951117
2018-02-25 01:21:00,0.3559137284316307
2018-02-25 01:24:00,0.3565263044100675
2018-02-25 01:27:00,0.5588089579049438
2018-02-25 01:30:00,0.5284033400023986
2018-02-25 01:33:00,0.5613943437380158
2018-02-25 01:36:00,0.4307283096106289
2018-02-25 01:39:00,0.39858192319388763
2018-02-25 01:42:00,0.40990204588166534
2018-02-25 01:45:00,0.42302686087901975
2018-02-25 01:48:00,0.41203241186406103
2018-02-25 01:51:00,0.38319804651814593
2018-02-25 01:54:00,0.4029425319491793
2018-02-25 01:57:00,0.3640857134553812
2018-02-25 02:00:00,0.465579311471231
2018-02-25 02:03:00,0.4475583116723101
2018-02-25 02:06:00,0.40689655376382916
2018-02-25 02:09:00,0.36320786852900255
2018-02-25 02:12:00,0.32656077767398983
2018-02-25 02:15:00,0.47789270725405686
2018-02-25 02:18:00,0.5520174682942525
2018-02-25 02:21:00,0.527865012095674
2018-02-25 02:24:00,0.4078382966407048
2018-02-25 02:27:00,0.4693360788318728
2018-02-25 02:30:00,0.5164955685542054
2018-02-25 02:33:00,0.37759957715201153
2018-02-25 02:36:00,0.4808853802200588
2018-02-25 02:39:00,0.5466383579601484
2018-02-25 02:42:00,0.4747374148100221
2018-02-25 02:45:00,0.4214370746540226
2018-02-25 02:48:00,0.45644440916845497
2018-02-25 02:51:00,0.4036233782210843
2018-02-25 02:54:00,0.4805713844413617
2018-02-25 02:57:00,0.4009373050940326
2018-02-25 03:00:00,0.4352302146564284
2018-02-25 03:03:00,0.3651573500697509
2018-02-25 03:06:00,0.4578143545384705
2018-02-25 03:09:00,0.31563417726761145
2018-02-25 03:12:00,0.40908645568748625
2018-02-25 03:15:00,0.37423026697268824
2018-02-25 03:18:00,0.44009251450540887
2018-02-25 03:21:00,0.5208608593218855
2018-02-25 03:24:00,0.4717821819443202
2018-02-25 03:27:00,0.4272730182792088
2018-02-25 03:30:00,0.42773824048629194
2018-02-25 03:33:00,0.4138692761512175
2018-02-25 03:36:00,0.3836554175734932
2018-02-25 03:39:00,0.49351239063310004
2018-02-25 03:42:00,0.4926437430247006
2018-02-25 03:45:00,0.5258794465420351
2018-02-25 03:48:00,0.5265914946565431
2018-02-25 03:51:00,0.39995242097870687
2018-02-25 03:54:00,0.4369220285943811
2018-02-25 03:57:00,0.43382330904188393
2018-02-25 04:00:00,0.4222580363836528
2018-02-25 04:03:00,0.3228824982511469
2018-02-25 04:06:00,0.42154128612003205
2018-02-25 04:09:00,0.4689828225148176
2018-02-25 04:12:00,0.4954363484337705
2018-02-25 04:15:00,0.5193053873542226
2018-02-25 04:18:00,0.5845544975941834
2018-02-25 04:21:00,0.5325350310915269
2018-02-25 04:24:00,0.46169581013316474
2018-02-25 04:27:00,0.5132873233948771
2018-02-25 04:30:00,0.4463669392800398
2018-02-25 04:33:00,0.4749486450336917
2018-02-25 04:36:00,0.5264351080368215
2018-02-25 04:39:00,0.4753712311392633
2018-02-25 04:42:00,0.4594008139014818
2018-02-25 04:45:00,0.5748342838768963
2018-02-25 04:48:00,0.5765521334469668
2018-02-25 04:51:00,0.5228141133702593
2018-02-25 04:54:00,0.5641738974903205
2018-02-25 04:57:00,0.5241783250204435
2018-02-25 05:00:00,0.5134770436952181
2018-02-25 05:03:00,0.48359175745918037
2018-02-25 05:06:00,0.44476103432714353
2018-02-25 05:09:00,0.4991772181013516
2018-02-25 05:12:00,0.590656721693108
2018-02-25 05:15:00,0.526539396100759
2018-02-25 05:18:00,0.46049775769597545
2018-02-25 05:21:00,0.53905926932282
2018-02-25 05:24:00,0.6213531735552351
2018-02-25 05:27:00,0.5231479379619373
2018-02-25 05:30:00,0.5448401145719117
2018-02-25 05:33:00,0.6227138535531367
2018-02-25 05:36:00,0.5619622204555412
2018-02-25 05:39:00,0.49763920325818845
2018-02-25 05:42:00,0.4596050167799035
2018-02-25 05:45:00,0.4907484859897977
2018-02-25 05:48:00,0.3897195575949013
2018-02-25 05:51:00,0.47776230509913375
2018-02-25 05:54:00,0.4857469904180789
2018-02-25 05:57:00,0.4896555207525921
2018-02-25 06:00:00,0.404817421163159
2018-02-25 06:03:00,0.4975518266345489
2018-02-25 06:06:00,0.4913335021775538
2018-02-25 06:09:00,0.5788165429720493
2018-02-25 06:12:00,0.5041533283156809
2018-02-25 06:15:00,0.5546335407352672
2018-02-25 06:18:00,0.5914587666225088
2018-02-25 06:21:00,0.4365853759005631
2018-02-25 06:24:00,0.5959776637835716
2018-02-25 06:27:00,0.635439906582576
2018-02-25 06:30:00,0.4996222664391894
2018-02-25 06:33:00,0.4658942411457474
2018-02-25 06:36:00,0.5095474407597749
2018-02-25 06:39:00,0.5162439759283188
2018-02-25 06:42:00,0.4100201347831671
2018-02-25 06:45:00,0.5503651576357811
2018-02-25 06:48:00,0.47530304761846764
2018-02-25 06:51:00,0.4374114931084705
2018-02-25 06:54:00,0.4425270221142341
2018-02-25 06:57:00,0.49851169668301054
2018-02-25 07:00:00,0.4704857541944989
2018-02-25 07:03:00,0.41848196345705446
2018-02-25 07:06:00,0.4362735497225003
2018-02-25 07:09:00,0.43017322980159634
2018-02-25 07:12:00,0.43644813229116153
2018-02-25 07:15:00,0.3771680153984107
2018-02-25 07:18:00,0.3969569278639824
2018-02-25 07:21:00,0.42305896188469205
2018-02-25 07:24:00,0.3859381063178944
2018-02-25 07:27:00,0.504853720191818
2018-02-25 07:30:00,0.5395087108662437
2018-02-25 07:33:00,0.4327593058927164
2018-02-25 07:36:00,0.285504878106849
2018-02-25 07:39:00,0.38592775033760063
2018-02-25 07:42:00,0.3865898531756784
2018-02-25 07:45:00,0.32119874627312583
2018-02-25 07:48:00,0.39418148313649226
2018-02-25 07:51:00,0.2707937020871327
2018-02-25 07:54:00,0.38912081623976746
2018-02-25 07:57:00,0.3670545846423465
2018-02-25 08:00:00,0.4267187957124179
2018-02-25 08:03:00,0.41884258755669634
2018-02-25 08:06:00,0.32695459664927284
2018-02-25 08:09:00,0.13650586544503085
2018-02-25 08:12:00,0.43713362399262223
2018-02-25 08:15:00,0.3196508327067136
2018-02-25 08:18:00,0.25807711407401257
2018-02-25 08:21:00,0.2901654156966629
2018-02-25 08:24:00,0.2781730794149553
2018-02-25 08:27:00,0.34082461271867714
2018-02-25 08:30:00,0.3482544786661492
2018-02-25 08:33:00,0.3047675001403718
2018-02-25 08:36:00,0.3622911141321197
2018-02-25 08:39:00,0.276521517299841
2018-02-25 08:42:00,0.35358568174876837
2018-02-25 08:45:00,0.4094984883406596
2018-02-25 08:48:00,0.27497737573406766
2018-02-25 08:51:00,0.212606800581284
2018-02-25 08:54:00,0.2857807373250125
2018-02-25 08:57:00,0.24627242959491014
2018-02-25 09:00:00,0.08412560099367283
2018-02-25 09:03:00,0.1538029750833516
2018-02-25 09:06:00,0.22110586203262983
2018-02-25 09:09:00,0.09813497194613774
2018-02-25 09:12:00,0.20418223714807482
2018-02-25 09:15:00,0.2852373761315903
2018-02-25 09:18:00,0.25788128110337993
2018-02-25 09:21:00,0.10987217617355327
2018-02-25 09:24:00,0.2791875203674863
2018-02-25 09:27:00,0.07846415466718781
2018-02-25 09:30:00,0.2216187084150647
2018-02-25 09:33:00,0.24302965989232916
2018-02-25 09:36:00,0.2537771316029307
2018-02-25 09:39:00,0.1588427525807674
2018-02-25 09:42:00,0.035486593703922154
2018-02-25 09:45:00,0.014365144172984401
2018-02-25 09:48:00,0.19235181437215942
2018-02-25 09:51:00,0.13564243636352558
2018-02-25 09:54:00,0.28024408299683046
2018-02-25 09:57:00,0.2942024004653945
2018-02-25 10:00:00,0.3267920128581068
2018-02-25 10:03:00,0.18295153828643151
2018-02-25 10:06:00,0.33612616810279405
2018-02-25 10:09:00,0.14974569943387905
2018-02-25 10:12:00,0.2666662145178975
2018-02-25 10:15:00,0.318135597918058
2018-02-25 10:18:00,0.16346797021526527
2018-02-25 10:21:00,0.2944728664764966
2018-02-25 10:24:00,0.17223890153582033
2018-02-25 10:27:00,0.30513050539912
2018-02-25 10:30:00,0.1569711998731691
2018-02-25 10:33:00,0.13721154426190196
2018-02-25 10:36:00,0.060669963857094444
2018-02-25 10:39:00,-0.0820651448401577
2018-02-25 10:42:00,0.0394834083558635
2018-02-25 10:45:00,0.05420279259766403
2018-02-25 10:48:00,0.06243373329482438
2018-02-25 10:51:00,0.01606966183885561
2018-02-25 10:54:00,0.03415258726204229
2018-02-25 10:57:00,0.01986541232355421
2018-02-25 11:00:00,-0.08047397337293205
2018-02-25 11:03:00,0.060624637850423824
2018-02-25 11:06:00,0.06074774802317506
2018-02-25 11:09:00,0.15177262161301996
2018-02-25 11:12:00,0.20034484114017914
2018-02-25 11:15:00,0.0600916935333089
2018-02-25 11:18:00,0.1072630825321994
2018-02-25 11:21:00,0.05229918994155014
2018-02-25 11:24:00,0.10768837992134195
2018-02-25 11:27:00,0.19203820118610793
2018-02-25 11:30:00,0.29207833577021347
2018-02-25 11:33:00,0.15346322826758296
2018-02-25 11:36:00,0.11731134078763716
2018-02-25 11:39:00,0.28722982971868305
2018-02-25 11:42:00,0.26487182375529983
2018-02-25 11:45:00,0.2592213005833628
2018-02-25 11:48:00,0.2784252041105333
2018-02-25 11:51:00,0.1469039151837137
2018-02-25 11:54:00,0.14383905394720387
2018-02-25 11:57:00,0.3179495924113098
2018-02-25 12:00:00,0.08866155958662603
2018-02-25 12:03:00,0.10637857124481798
2018-02-25 12:06:00,0.12289763683526189
2018-02-25 12:09:00,-0.009105835493016912
2018-02-25 12:12:00,0.14681650597503904
2018-02-25 12:15:00,0.14681172308371515
2018-02-25 12:18:00,0.13508479232206128
2018-02-25 12:21:00,0.20951926858845127
2018-02-25 12:24:00,0.14646582880442338
2018-02-25 12:27:00,0.06908987776824915
2018-02-25 12:30:00,0.005168051470604951
2018-02-25 12:33:00,0.08354603116617909
2018-02-25 12:36:00,-0.003461562564950782
2018-02-25 12:39:00,0.03395199023520945
2018-02-25 12:42:00,0.04980391997520428
2018-02-25 12:45:00,0.0037416773363361244
2018-02-25 12:48:00,0.0724102922283123
2018-02-25 12:51:00,0.06506832418898512
2018-02-25 12:54:00,0.05756559527497984
2018-02-25 12:57:00,0.08006469503419567
2018-02-25 13:00:00,-0.05213598426956878
2018-02-25 13:03:00,-0.03439183742591467
2018-02-25 13:06:00,-0.007661148177248833
2018-02-25 13:09:00,-0.11925328145258618
2018-02-25 13:12:00,0.0006284286619688828
2018-02-25 13:15:00,0.10683392571456807
2018-02-25 13:18:00,0.16742520731651211
2018-02-25 13:21:00,0.20816208721862495
2018-02-25 13:24:00,0.09268843195786758
2018-02-25 13:27:00,0.12859230340410477
2018-02-25 13:30:00,0.12004723411212126
2018-02-25 13:33:00,-0.05610339407843412
2018-02-25 13:36:00,-0.07749482119447748
2018-02-25 13:39:00,0.010840332109125939
2018-02-25 13:42:00,-0.08322867473208362
2018-02-25 13:45:00,-0.01704311539288028
2018-02-25 13:48:00,-0.2559395609238777
2018-02-25 13:51:00,-0.016409780313267675
2018-02-25 13:54:00,-0.10065070256706576
2018-02-25 13:57:00,-0.13797516237269747
2018-02-25 14:00:00,-0.04706314735153683
2018-02-25 14:03:00,-0.09110126987337708
2018-02-25 14:06:00,-0.12342786606603795
2018-02-25 14:09:00,-0.20060414319493702
2018-02-25 14:12:00,0.03200713801038546
2018-02-25 14:15:00,0.06262196536846432
2018-02-25 14:18:00,0.28605612866988395
2018-02-25 14:21:00,0.27792579597087297
2018-02-25 14:24:00,0.09430985639465916
2018-02-25 14:27:00,0.001330522819955604
2018-02-25 14:30:00,-0.10730461698142335
2018-02-25 14:33:00,-0.024691878499197628
2018-02-25 14:36:00,0.015941090634441935
2018-02-25 14:39:00,0.03021940033517012
2018-02-25 14:42:00,0.11183401318623964
2018-02-25 14:45:00,0.10437780350787307
2018-02-25 14:48:00,0.26373507196967694
2018-02-25 14:51:00,0.28617311149093894
2018-02-25 14:54:00,0.272948537807963
2018-02-25 14:57:00,0.19970632259105514
2018-02-25 15:00:00,0.18759793370480793
2018-02-25 15:03:00,0.20359492234490517
2018-02-25 15:06:00,0.04432094974544043
2018-02-25 15:09:00,0.13837396994625806
2018-02-25 15:12:00,0.11385603902891717
2018-02-25 15:15:00,0.11643093425527695
2018-02-25 15:18:00,0.08840156760459195
2018-02-25 15:21:00,0.07305347364621184
2018-02-25 15:24:00,0.1608078013485965
2018-02-25 15:27:00,0.2480515237750751
2018-02-25 15:30:00,0.2965885908982955
2018-02-25 15:33:00,0.20660309717226255
2018-02-25 15:36:00,0.30181007475067645
2018-02-25 15:39:00,0.5601765961916385
2018-02-25 15:42:00,0.29519128735074673
2018-02-25 15:45:00,0.437468808978565
2018-02-25 15:48:00,0.21749248588866976
2018-02-25 15:51:00,0.22934814023244599
2018-02-25 15:54:00,0.2246221509589077
2018-02-25 15:57:00,0.34745605649618483
2018-02-25 16:00:00,0.27293420415429637
2018-02-25 16:03:00,0.28547775767674466
2018-02-25 16:06:00,0.2327937082239373
2018-02-25 16:09:00,0.21386264787912523
2018-02-25 16:12:00,0.22291652885388658
2018-02-25 16:15:00,0.26711473988842727
2018-02-25 16:18:00,0.3044283969333037
2018-02-25 16:21:00,0.30820210165842354
2018-02-25 16:24:00,0.30105425579063194
2018-02-25 16:27:00,0.37668702545329324
2018-02-25 16:30:00,0.3338451308432582
2018-02-25 16:33:00,0.40608425508463597
2018-02-25 16:36:00,0.4258514346774973
2018-02-25 16:39:00,0.44496240870034853
2018-02-25 16:42:00,0.4878444119291885
2018-02-25 16:45:00,0.40281471574513716
2018-02-25 16:48:00,0.431327240908729
2018-02-25 16:51:00,0.4771795575449005
2018-02-25 16:54:00,0.4088768018958149
2018-02-25 16:57:00,0.5165521276926484
2018-02-25 17:00:00,0.6075678351612623
2018-02-25 17:03:00,0.6808443523631809
2018-02-25 17:06:00,0.6497555904924752
2018-02-25 17:09:00,0.689573408914157
2018-02-25 17:12:00,0.7995593895216189
2018-02-25 17:15:00,0.8110495255832006
2018-02-25 17:18:00,0.7267400388619762
2018-02-25 17:21:00,0.5884570891859084
2018-02-25 17:24:00,0.39038891434466905
2018-02-25 17:27:00,0.46501840473177936
2018-02-25 17:30:00,0.5797326110262588
2018-02-25 17:33:00,0.9053729597267761
2018-02-25 17:36:00,0.922340556828658
2018-02-25 17:39:00,0.8894603364470868
2018-02-25 17:42:00,0.8038104054454038
2018-02-25 17:45:00,0.7453561714476677
2018-02-25 17:48:00,0.6188840739980037
2018-02-25 17:51:00,0.5346436320098178
2018-02-25 17:54:00,0.4408265657361312
2018-02-25 17:57:00,0.35147382617134326
2018-02-25 18:00:00,0.35326210473067476
2018-02-25 18:03:00,0.3648619785307119
2018-02-25 18:06:00,0.3681779794254112
2018-02-25 18:09:00,0.3196135895087764
2018-02-25 18:12:00,0.3391365791156886
2018-02-25 18:15:00,0.31700094269581314
2018-02-25 18:18:00,0.4130048454971984
2018-02-25 18:21:00,0.28413390796845306
2018-02-25 18:24:00,0.3102064683134813
2018-02-25 18:27:00,0.34343788051717183
2018-02-25 18:30:00,0.286012156958634
2018-02-25 18:33:00,0.28534525277893863
2018-02-25 18:36:00,0.23076388882213905
2018-02-25 18:39:00,0.24841849361598634
2018-02-25 18:42:00,0.4442840875086631
2018-02-25 18:45:00,0.20696614014724446
2018-02-25 18:48:00,0.28415805920451476
2018-02-25 18:51:00,0.2617182919024117
2018-02-25 18:54:00,
2018-02-25 18:57:00,
2018-02-25 19:00:00,
2018-02-25 19:03:00,0.27276728411470685
2018-02-25 19:06:00,0.2601452169027425
2018-02-25 19:09:00,0.29430278851941694
2018-02-25 19:12:00,0.3589301650235939
2018-02-25 19:15:00,0.3634320575151264
2018-02-25 19:18:00,0.24944304273083162
2018-02-25 19:21:00,0.3970561693558352
2018-02-25 19:24:00,0.32896871568618735
2018-02-25 19:27:00,0.34738591800447693
2018-02-25 19:30:00,0.4377295008995361
2018-02-25 19:33:00,0.26595750374019644
2018-02-25 19:36:00,0.2408975904220938
2018-02-25 19:39:00,0.46971977148422184
2018-02-25 19:42:00,0.34587830839086564
2018-02-25 19:45:00,0.39610896303031495
2018-02-25 19:48:00,0.46992144659736823
2018-02-25 19:51:00,0.5429961723381211
2018-02-25 19:54:00,0.4241365097304879
2018-02-25 19:57:00,0.4086478878584785
2018-02-25 20:00:00,0.31028570698947533
2018-02-25 20:03:00,0.39788429785591006
2018-02-25 20:06:00,0.39888476637241865
2018-02-25 20:09:00,0.3355653718164149
2018-02-25 20:12:00,0.41677118206962405
2018-02-25 20:15:00,0.3913618624049491
2018-02-25 20:18:00,0.44658936988707865
2018-02-25 20:21:00,0.4174941337504947
2018-02-25 20:24:00,0.48857492672641456
2018-02-25 20:27:00,0.3917596890036066
2018-02-25 20:30:00,0.4984806299561342
2018-02-25 20:33:00,0.45589486508640675
2018-02-25 20:36:00,0.4926602673514253
2018-02-25 20:39:00,0.4533370526187923
2018-02-25 20:42:00,0.4510346459547918
2018-02-25 20:45:00,0.536373245514767
2018-02-25 20:48:00,0.37274546957831944
2018-02-25 20:51:00,0.37753478852846456
2018-02-25 20:54:00,0.5335468077449264
2018-02-25 20:57:00,0.4069190727391856
2018-02-25 21:00:00,0.436933376127854
2018-02-25 21:03:00,0.4101392151879395
2018-02-25 21:06:00,0.29243020954822896
2018-02-25 21:09:00,0.35286137790848215
2018-02-25 21:12:00,0.37386963157604214
2018-02-25 21:15:00,0.32271191436433355
2018-02-25 21:18:00,0.2632183140197526
2018-02-25 21:21:00,0.33700562467640793
2018-02-25 21:24:00,0.21271279955237787
2018-02-25 21:27:00,0.3979238515269117
2018-02-25 21:30:00,0.5086318263039971
2018-02-25 21:33:00,0.34071364264036674
2018-02-25 21:36:00,0.34884615279639775
2018-02-25 21:39:00,0.4128348607283101
2018-02-25 21:42:00,0.41438687305571875
2018-02-25 21:45:00,0.39266091522029
2018-02-25 21:48:00,0.3083086605874996
2018-02-25 21:51:00,0.34449403128451195
2018-02-25 21:54:00,0.34830512789363866
2018-02-25 21:57:00,0.3585661477721942
2018-02-25 22:00:00,0.3571004471172614
2018-02-25 22:03:00,0.40551169868246006
2018-02-25 22:06:00,0.35910204191930006
2018-02-25 22:09:00,0.3727948553512306
2018-02-25 22:12:00,0.3994273064051299
2018-02-25 22:15:00,0.48818683773157545
2018-02-25 22:18:00,0.4574872085524362
2018-02-25 22:21:00,0.43373117191163146
2018-02-25 22:24:00,0.38690873208713583
2018-02-25 22:27:00,0.47468236524184704
2018-02-25 22:30:00,0.48708856614348406
2018-02-25 22:33:00,0.5015787419303024
2018-02-25 22:36:00,0.49233282752913965
2018-02-25 22:39:00,0.4939114877882389
2018-02-25 22:42:00,0.46699182508058357
2018-02-25 22:45:00,0.4561735543949794
2018-02-25 22:48:00,0.5330070592328298
2018-02-25 22:51:00,0.5217186161306131
2018-02-25 22:54:00,0.46896664270053634
2018-02-25 22:57:00,0.5124398939881871
2018-02-25 23:00:00,0.4230453901287774
2018-02-25 23:03:00,0.4281040086055441
2018-02-25 23:06:00,0.534080891117128
2018-02-25 23:09:00,0.49959474960627404
2018-02-25 23:12:00,0.37608796293886826
2018-02-25 23:15:00,0.5527137712076637
2018-02-25 23:18:00,0.5071310520136763
2018-02-25 23:21:00,0.4745964920862775
2018-02-25 23:24:00,0.44294485451399623
2018-02-25 23:27:00,0.4861319490732967
2018-02-25 23:30:00,0.4294029532283048
2018-02-25 23:33:00,0.39875125790081256
2018-02-25 23:36:00,0.32495469005772293
2018-02-25 23:39:00,0.4945089304107455
2018-02-25 23:42:00,0.5462764890958738
2018-02-25 23:45:00,0.4296258930554586
2018-02-25 23:48:00,0.48551168492849683
2018-02-25 23:51:00,0.535248691532729
2018-02-25 23:54:00,0.4053917566808991
2018-02-25 23:57:00,0.4552548112787349
2018-02-26 00:00:00,0.5071766941850342
2018-02-26 00:03:00,0.45415101630612753
2018-02-26 00:06:00,0.34793657702863356
2018-02-26 00:09:00,0.4130539056047837
2018-02-26 00:12:00,0.36674471400976927
2018-02-26 00:15:00,0.37545167834900894
2018-02-26 00:18:00,0.43358517629093285
2018-02-26 00:21:00,0.42861550010195515
2018-02-26 00:24:00,0.37752130379561777
2018-02-26 00:27:00,0.3820845714997745
2018-02-26 00:30:00,0.31928601412113267
2018-02-26 00:33:00,0.5606591336679116
2018-02-26 00:36:00,0.3510364043133336
2018-02-26 00:39:00,0.41310362088375996
2018-02-26 00:42:00,0.335838767198652
2018-02-26 00:45:00,0.29870061826528627
2018-02-26 00:48:00,0.3534699565732353
2018-02-26 00:51:00,0.40211735175205376
2018-02-26 00:54:00,0.47880394487805233
2018-02-26 00:57:00,0.4835035231539564
2018-02-26 01:00:00,0.4552118993981935
2018-02-26 01:03:00,0.47336288002054516
2018-02-26 01:06:00,0.41974251164668885
2018-02-26 01:09:00,0.41757115092650565
2018-02-26 01:12:00,0.5142312981380428
2018-02-26 01:15:00,0.4870171110262618
2018-02-26 01:18:00,0.5351487723328887
2018-02-26 01:21:00,0.4019084953326342
2018-02-26 01:24:00,0.34072823256633455
2018-02-26 01:27:00,0.3771862155686563
2018-02-26 01:30:00,0.3556582389456935
2018-02-26 01:33:00,0.3709636813911743
2018-02-26 01:36:00,0.5319704363028563
2018-02-26 01:39:00,0.5554028254563832
2018-02-26 01:42:00,0.4493788548291491
2018-02-26 01:45:00,0.4423193338167266
2018-02-26 01:48:00,0.43502293700163364
2018-02-26 01:51:00,0.47317958944449856
2018-02-26 01:54:00,0.5211279894120935
2018-02-26 01:57:00,0.47728442600271137
2018-02-26 02:00:00,0.4865409694834284
2018-02-26 02:03:00,0.5487075200728668
2018-02-26 02:06:00,0.4405035895738365
2018-02-26 02:09:00,0.4394494033861065
2018-02-26 02:12:00,0.4660294693701985
2018-02-26 02:15:00,0.41967199208772854
2018-02-26 02:18:00,0.40058808460400996
2018-02-26 02:21:00,0.3738637066160777
2018-02-26 02:24:00,0.36974150955217056
2018-02-26 02:27:00,0.40079845982501183
2018-02-26 02:30:00,0.4489321994612965
2018-02-26 02:33:00,0.3957971699645668
2018-02-26 02:36:00,0.4707362605977323
2018-02-26 02:39:00,0.3795991271616117
2018-02-26 02:42:00,0.416521230688204
2018-02-26 02:45:00,0.48186289214851286
2018-02-26 02:48:00,0.4600095782643052
2018-02-26 02:51:00,0.4293556930742852
2018-02-26 02:54:00,0.5202621830296721
2018-02-26 02:57:00,0.41232855708864236
2018-02-26 03:00:00,0.41891183977605806
2018-02-26 03:03:00,0.4728180254351173
2018-02-26 03:06:00,0.5381191205112259
2018-02-26 03:09:00,0.41212030424827617
2018-02-26 03:12:00,0.48582471196590404
2018-02-26 03:15:00,0.45232999358665893
2018-02-26 03:18:00,0.36261352603639807
2018-02-26 03:21:00,0.4408149128923924
2018-02-26 03:24:00,0.4890841418028913
2018-02-26 03:27:00,0.3229431464810091
2018-02-26 03:30:00,0.5045446408927887
2018-02-26 03:33:00,0.45213993320652435
2018-02-26 03:36:00,0.46121833307267934
2018-02-26 03:39:00,0.45725257935879426
2018-02-26 03:42:00,0.4970107145647944
2018-02-26 03:45:00,0.46473539429081256
2018-02-26 03:48:00,0.46588577432237344
2018-02-26 03:51:00,0.47638711025700786
2018-02-26 03:54:00,0.4678120152920542
2018-02-26 03:57:00,0.5620698215611242
2018-02-26 04:00:00,0.4749745532432712
2018-02-26 04:03:00,0.426338076051195
2018-02-26 04:06:00,0.42330818904514445
2018-02-26 04:09:00,0.399647132089342
2018-02-26 04:12:00,0.4908881116351722
2018-02-26 04:15:00,0.5358444266024094
2018-02-26 04:18:00,0.3958877574266353
2018-02-26 04:21:00,0.44239593423105816
2018-02-26 04:24:00,0.47058755839350397
2018-02-26 04:27:00,0.43337575710177134
2018-02-26 04:30:00,0.4685598486509548
2018-02-26 04:33:00,0.4682206613066455
2018-02-26 04:36:00,0.4554259579597897
2018-02-26 04:39:00,0.4692649059672931
2018-02-26 04:42:00,0.5009336180056607
2018-02-26 04:45:00,0.5445678182098845
2018-02-26 04:48:00,0.45796069008019913
2018-02-26 04:51:00,0.42742581754140474
2018-02-26 04:54:00,0.500717629304404
2018-02-26 04:57:00,0.5587900695831536
2018-02-26 05:00:00,0.4312704287577276
2018-02-26 05:03:00,0.4753291214091746
2018-02-26 05:06:00,0.5031536407896056
2018-02-26 05:09:00,0.5071873214342872
2018-02-26 05:12:00,0.4720924251103611
2018-02-26 05:15:00,0.5475256983262966
2018-02-26 05:18:00,0.4949420521657544
2018-02-26 05:21:00,0.563950166199561
2018-02-26 05:24:00,0.4448393198593408
2018-02-26 05:27:00,0.5480828522751722
2018-02-26 05:30:00,0.36227249707127385
2018-02-26 05:33:00,0.4398720895592305
2018-02-26 05:36:00,0.49415701368172904
2018-02-26 05:39:00,0.4220639310152592
2018-02-26 05:42:00,0.5000363295657166
2018-02-26 05:45:00,0.4379613809127818
2018-02-26 05:48:00,0.4965806167143114
2018-02-26 05:51:00,0.5353564270604352
2018-02-26 05:54:00,0.5407435470913811
2018-02-26 05:57:00,0.40962875833542967
2018-02-26 06:00:00,0.46186163025697624
2018-02-26 06:03:00,0.41505705257890213
2018-02-26 06:06:00,0.5692936144363898
2018-02-26 06:09:00,0.4847486491739801
2018-02-26 06:12:00,0.4992382923787204
2018-02-26 06:15:00,0.530763451843427
2018-02-26 06:18:00,0.5418861780030397
2018-02-26 06:21:00,0.5213350634112999
2018-02-26 06:24:00,0.5212358806256248
2018-02-26 06:27:00,0.5607060947095874
2018-02-26 06:30:00,0.4673113419648871
2018-02-26 06:33:00,0.45566772461364735
2018-02-26 06:36:00,0.43370076090917564
2018-02-26 06:39:00,0.6036140745525813
2018-02-26 06:42:00,0.5616439121269536
2018-02-26 06:45:00,0.5671179660778876
2018-02-26 06:48:00,0.5027772174381084
2018-02-26 06:51:00,0.4825593514548814
2018-02-26 06:54:00,0.39318578245485014
2018-02-26 06:57:00,0.5614824334111859
2018-02-26 07:00:00,0.5829687556135354
2018-02-26 07:03:00,0.6247742762121788
2018-02-26 07:06:00,0.5255507601000886
2018-02-26 07:09:00,0.5626966044291066
2018-02-26 07:12:00,0.48317217443138816
2018-02-26 07:15:00,0.5830364009433424
2018-02-26 07:18:00,0.5437177633816646
2018-02-26 07:21:00,0.4021078871642203
2018-02-26 07:24:00,0.4658493742219889
2018-02-26 07:27:00,0.4273487606979529
2018-02-26 07:30:00,0.517560018663346
2018-02-26 07:33:00,0.5831102575796194
2018-02-26 07:36:00,0.476609435126079
2018-02-26 07:39:00,0.4038044044464755
2018-02-26 07:42:00,0.602380748799419
2018-02-26 07:45:00,0.5055769941459971
2018-02-26 07:48:00,0.5600016302898325
2018-02-26 07:51:00,0.4950518082284816
2018-02-26 07:54:00,0.5284504748690324
2018-02-26 07:57:00,0.5107926367292634
2018-02-26 08:00:00,0.4707721348186169
2018-02-26 08:03:00,0.48511080307906695
2018-02-26 08:06:00,0.4067192681844176
2018-02-26 08:09:00,0.4302709400961362
2018-02-26 08:12:00,0.44845839786069064
2018-02-26 08:15:00,0.4692889447580342
2018-02-26 08:18:00,0.40698085818507934
2018-02-26 08:21:00,0.3654639554158621
2018-02-26 08:24:00,0.31093806007424973
2018-02-26 08:27:00,0.4648228460487758
2018-02-26 08:30:00,0.4306102102865452
2018-02-26 08:33:00,0.31250700228713413
2018-02-26 08:36:00,0.31846819989834785
2018-02-26 08:39:00,0.4036170139177102
2018-02-26 08:42:00,0.3927005164339903
2018-02-26 08:45:00,0.3632905099045729
2018-02-26 08:48:00,0.3154690036384409
2018-02-26 08:51:00,0.4037458412799424
2018-02-26 08:54:00,0.3155353177627376
2018-02-26 08:57:00,0.2970819904513746
2018-02-26 09:00:00,0.3025036716539944
2018-02-26 09:03:00,0.2527653313754854
2018-02-26 09:06:00,0.23085001082563394
2018-02-26 09:09:00,0.14152998552447116
2018-02-26 09:12:00,0.25600297904566105
2018-02-26 09:15:00,0.3205086196529692
2018-02-26 09:18:00,0.29103040787822465
2018-02-26 09:21:00,0.22633873951463102
2018-02-26 09:24:00,0.18804049084974395
2018-02-26 09:27:00,0.2142212011466995
2018-02-26 09:30:00,0.1560012220961653
2018-02-26 09:33:00,0.1713520333594829
2018-02-26 09:36:00,0.22461134356291268
2018-02-26 09:39:00,0.1098307152872735
2018-02-26 09:42:00,0.06107346971509742
2018-02-26 09:45:00,0.09679945953774904
2018-02-26 09:48:00,0.11418332311825452
2018-02-26 09:51:00,0.1105519215300319
2018-02-26 09:54:00,-0.003803051897648402
2018-02-26 09:57:00,0.033913029231541714
2018-02-26 10:00:00,-0.010972750812015875
2018-02-26 10:03:00,0.011377229995503058
2018-02-26 10:06:00,-0.009286825555648193
2018-02-26 10:09:00,-0.09644792306687577
2018-02-26 10:12:00,-0.08474494424086743
2018-02-26 10:15:00,-0.11895511111134738
2018-02-26 10:18:00,-0.010918445202435123
2018-02-26 10:21:00,-0.06612669318076314
2018-02-26 10:24:00,-0.0928066795809741
2018-02-26 10:27:00,-0.09146562948103565
2018-02-26 10:30:00,-0.08051219370315721
2018-02-26 10:33:00,-0.11410427073661822
2018-02-26 10:36:00,-0.1322450641504247
2018-02-26 10:39:00,-0.11209071594510078
2018-02-26 10:42:00,-0.06633022389064536
2018-02-26 10:45:00,-0.06348675258095682
2018-02-26 10:48:00,-0.1845574868354447
2018-02-26 10:51:00,-0.1544431691809791
2018-02-26 10:54:00,-0.20300855252241945
2018-02-26 10:57:00,0.007460988696607274
2018-02-26 11:00:00,-0.1825027364538414
2018-02-26 11:03:00,-0.03348378344412595
2018-02-26 11:06:00,-0.034973240552062634
2018-02-26 11:09:00,-0.20406129605572687
2018-02-26 11:12:00,-0.1690683237696362
2018-02-26 11:15:00,-0.13708735509794678
2018-02-26 11:18:00,-0.07303572092394006
2018-02-26 11:21:00,-0.10915477089582737
2018-02-26 11:24:00,-0.19101018691549143
2018-02-26 11:27:00,-0.15489963066272594
2018-02-26 11:30:00,-0.27601991564785067
2018-02-26 11:33:00,-0.10911039771417563
2018-02-26 11:36:00,-0.21462128740625985
2018-02-26 11:39:00,-0.19974177241886082
2018-02-26 11:42:00,-0.09308913260741747
2018-02-26 11:45:00,-0.1609714061657428
2018-02-26 11:48:00,-0.2946766325146086
2018-02-26 11:51:00,-0.2739262927801178
2018-02-26 11:54:00,-0.2553536797131528
2018-02-26 11:57:00,-0.30692715934878834
2018-02-26 12:00:00,-0.2832852178524945
2018-02-26 12:03:00,-0.2923199196418409
2018-02-26 12:06:00,-0.2900171419659614
2018-02-26 12:09:00,-0.19750181069048267
2018-02-26 12:12:00,-0.14419663243234027
2018-02-26 12:15:00,-0.2982015205444668
2018-02-26 12:18:00,-0.34200290765488717
2018-02-26 12:21:00,-0.2676186501432767
2018-02-26 12:24:00,-0.2991256069527708
2018-02-26 12:27:00,-0.2717988383043348
2018-02-26 12:30:00,-0.22850166126545446
2018-02-26 12:33:00,-0.31512698412979034
2018-02-26 12:36:00,-0.43664563706181525
2018-02-26 12:39:00,-0.32754488323462283
2018-02-26 12:42:00,-0.3350838297043879
2018-02-26 12:45:00,-0.36098689969566067
2018-02-26 12:48:00,-0.27085265634934785
2018-02-26 12:51:00,-0.3547652848493499
2018-02-26 12:54:00,-0.2652128179127544
2018-02-26 12:57:00,-0.40365801284781355
2018-02-26 13:00:00,-0.33131473805343603
2018-02-26 13:03:00,-0.3494552044599004
2018-02-26 13:06:00,-0.3050868832056608
2018-02-26 13:09:00,-0.2531006299034857
2018-02-26 13:12:00,-0.30770839154052965
2018-02-26 13:15:00,-0.40069735447968924
2018-02-26 13:18:00,-0.30673876226825314
2018-02-26 13:21:00,-0.21501141887853237
2018-02-26 13:24:00,-0.29460325022364486
2018-02-26 13:27:00,-0.43004130376465355
2018-02-26 13:30:00,-0.44719913113493703
2018-02-26 13:33:00,-0.5567094877071668
2018-02-26 13:36:00,-0.39828554711681363
2018-02-26 13:39:00,-0.35868935378613287
2018-02-26 13:42:00,-0.33489365789455405
2018-02-26 13:45:00,-0.3686663975013289
2018-02-26 13:48:00,-0.2753223924299846
2018-02-26 13:51:00,-0.29239525589434834
2018-02-26 13:54:00,-0.4748921620164879
2018-02-26 13:57:00,-0.4346117145642552
2018-02-26 14:00:00,-0.4224054052743327
2018-02-26 14:03:00,-0.49414245329251116
2018-02-26 14:06:00,-0.267887908913508
2018-02-26 14:09:00,-0.3989905801286113
2018-02-26 14:12:00,-0.40569834197532373
2018-02-26 14:15:00,-0.43183854294312596
2018-02-26 14:18:00,-0.26705346172695954
2018-02-26 14:21:00,-0.4340623183493335
2018-02-26 14:24:00,-0.4120284017168956
2018-02-26 14:27:00,-0.38194158259983624
2018-02-26 14:30:00,-0.492045061942747
2018-02-26 14:33:00,-0.40266769481024767
2018-02-26 14:36:00,-0.43471685455915576
2018-02-26 14:39:00,-0.3598803907536876
2018-02-26 14:42:00,-0.44997708699025907
2018-02-26 14:45:00,-0.40820841909851424
2018-02-26 14:48:00,-0.4794621295763477
2018-02-26 14:51:00,-0.4006817251423058
2018-02-26 14:54:00,-0.3812468704161347
2018-02-26 14:57:00,-0.3261497303264491
2018-02-26 15:00:00,-0.24188647836894006
2018-02-26 15:03:00,-0.37034610953224956
2018-02-26 15:06:00,-0.25943855086751455
2018-02-26 15:09:00,-0.2860482135846496
2018-02-26 15:12:00,-0.2863912815431604
2018-02-26 15:15:00,-0.33391344422608427
2018-02-26 15:18:00,-0.38784592433279386
2018-02-26 15:21:00,-0.28954964801681626
2018-02-26 15:24:00,-0.16472720644856054
2018-02-26 15:27:00,-0.30987664433308737
2018-02-26 15:30:00,-0.23540694113245308
2018-02-26 15:33:00,-0.3900484441265917
2018-02-26 15:36:00,-0.3473513656483078
2018-02-26 15:39:00,-0.2999971171889797
2018-02-26 15:42:00,-0.3728482164144111
2018-02-26 15:45:00,-0.28779909485632515
2018-02-26 15:48:00,-0.3808799324235679
2018-02-26 15:51:00,-0.36161452783073855
2018-02-26 15:54:00,-0.18799650944998803
2018-02-26 15:57:00,-0.29517829759959113
2018-02-26 16:00:00,-0.16029055276777626
2018-02-26 16:03:00,-0.19800716051082645
2018-02-26 16:06:00,-0.22190933850629335
2018-02-26 16:09:00,-0.16797820381520978
2018-02-26 16:12:00,-0.20726117004784328
2018-02-26 16:15:00,-0.1797144195138003
2018-02-26 16:18:00,-0.14602209663001986
2018-02-26 16:21:00,-0.17039073290692386
2018-02-26 16:24:00,-0.15328325439986656
2018-02-26 16:27:00,-0.12839209883128433
2018-02-26 16:30:00,-0.16171795087137752
2018-02-26 16:33:00,0.003794551325768225
2018-02-26 16:36:00,-0.10285078883123333
2018-02-26 16:39:00,-0.18656203843499952
2018-02-26 16:42:00,-0.13131401111854757
2018-02-26 16:45:00,-0.06736495948359789
2018-02-26 16:48:00,-0.11466274975180113
2018-02-26 16:51:00,0.012690464841341509
2018-02-26 16:54:00,0.12238163085299902
2018-02-26 16:57:00,-0.008065378420155866
2018-02-26 17:00:00,0.10636884056037843
2018-02-26 17:03:00,0.03140064619481109
2018-02-26 17:06:00,0.05080820534863051
2018-02-26 17:09:00,0.03659941928901844
2018-02-26 17:12:00,0.05767840770278099
2018-02-26 17:15:00,-0.050317272940446856
2018-02-26 17:18:00,0.024581037327038757
2018-02-26 17:21:00,0.01584540651623456
2018-02-26 17:24:00,0.20224883952249684
2018-02-26 17:27:00,0.0461441316199398
2018-02-26 17:30:00,0.01920292037004856
2018-02-26 17:33:00,-0.01763308264060015
2018-02-26 17:36:00,0.052363367285920503
2018-02-26 17:39:00,-0.02367841877543242
2018-02-26 17:42:00,0.007043097451003177
2018-02-26 17:45:00,0.06324549074457764
2018-02-26 17:48:00,0.13330918393893398
2018-02-26 17:51:00,0.13689565712491003
2018-02-26 17:54:00,0.010531825333316647
2018-02-26 17:57:00,0.020911978406786602
2018-02-26 18:00:00,0.0916614374468736
2018-02-26 18:03:00,0.16387147606178587
2018-02-26 18:06:00,0.12163197620714072
2018-02-26 18:09:00,0.13678657141349504
2018-02-26 18:12:00,0.1939381892825054
2018-02-26 18:15:00,0.19385567338429155
2018-02-26 18:18:00,0.19142365060798738
2018-02-26 18:21:00,0.11473903147805231
2018-02-26 18:24:00,0.19159116968654644
2018-02-26 18:27:00,0.21097976127111906
2018-02-26 18:30:00,0.19472803862356614
2018-02-26 18:33:00,0.29076067858858323
2018-02-26 18:36:00,0.1325670837961752
2018-02-26 18:39:00,0.1772603951783367
2018-02-26 18:42:00,0.2828638848343985
2018-02-26 18:45:00,0.2786787084843354
2018-02-26 18:48:00,0.09397809135720081
2018-02-26 18:51:00,0.16871407796355697
2018-02-26 18:54:00,
2018-02-26 18:57:00,
2018-02-26 19:00:00,
2018-02-26 19:03:00,0.2531284822167663
2018-02-26 19:06:00,0.12292915648424696
2018-02-26 19:09:00,0.24733716901937441
2018-02-26 19:12:00,0.17118001842595731
2018-02-26 19:15:00,0.23076559876892588
2018-02-26 19:18:00,0.1962059203653439
2018-02-26 19:21:00,0.15589600301308337
2018-02-26 19:24:00,0.13568689658171706
2018-02-26 19:27:00,0.10730009751654279
2018-02-26 19:30:00,0.1940496777725116
2018-02-26 19:33:00,0.3062918976767719
2018-02-26 19:36:00,0.21497694618886953
2018-02-26 19:39:00,0.17684828978332234
2018-02-26 19:42:00,0.09441968633461784
2018-02-26 19:45:00,0.16961296728993602
2018-02-26 19:48:00,0.13353295179143743
2018-02-26 19:51:00,0.18567277629318824
2018-02-26 19:54:00,0.23351354343259345
2018-02-26 19:57:00,0.1666367587484956
2018-02-26 20:00:00,0.2230557873070893
2018-02-26 20:03:00,0.220400392379986
2018-02-26 20:06:00,0.31612288228882335
2018-02-26 20:09:00,0.327945081677683
2018-02-26 20:12:00,0.2775629417383243
2018-02-26 20:15:00,0.15074658561439946
2018-02-26 20:18:00,0.22143936549605314
2018-02-26 20:21:00,0.2171684876531117
2018-02-26 20:24:00,0.19087517172545176
2018-02-26 20:27:00,0.1891795471366322
2018-02-26 20:30:00,0.18512363091213047
2018-02-26 20:33:00,0.14284859309549347
2018-02-26 20:36:00,0.15458788576933102
2018-02-26 20:39:00,0.1514880286706557
2018-02-26 20:42:00,0.1644791604682041
2018-02-26 20:45:00,0.21761022502522565
2018-02-26 20:48:00,0.24506342932011194
2018-02-26 20:51:00,0.1647537428387409
2018-02-26 20:54:00,0.028186751000021104
2018-02-26 20:57:00,0.10908820858719537
2018-02-26 21:00:00,0.1096420639197504
2018-02-26 21:03:00,0.11936594749772667
2018-02-26 21:06:00,0.0624113898751375
2018-02-26 21:09:00,0.1800927516393358
2018-02-26 21:12:00,0.08269069519332106
2018-02-26 21:15:00,0.19484315399904517
2018-02-26 21:18:00,0.11552919616462987
2018-02-26 21:21:00,0.14138553638588292
2018-02-26 21:24:00,0.22532538727750762
2018-02-26 21:27:00,0.1705499421579475
2018-02-26 21:30:00,0.12430510867403655
2018-02-26 21:33:00,0.11426600788433916
2018-02-26 21:36:00,0.24970926056175813
2018-02-26 21:39:00,0.13617549953653452
2018-02-26 21:42:00,0.06512929345177554
2018-02-26 21:45:00,0.1720231220358528
2018-02-26 21:48:00,0.13174861082632106
2018-02-26 21:51:00,0.19746590235229178
2018-02-26 21:54:00,0.2848452482204493
2018-02-26 21:57:00,0.20963452175703878
2018-02-26 22:00:00,0.2572872344360917
2018-02-26 22:03:00,0.18081784722284056
2018-02-26 22:06:00,0.26055020067184387
2018-02-26 22:09:00,0.2965758441274602
2018-02-26 22:12:00,0.19914807246226474
2018-02-26 22:15:00,0.23734679355567323
2018-02-26 22:18:00,0.2557349288925366
2018-02-26 22:21:00,0.20950506616765097
2018-02-26 22:24:00,0.21925118700471558
2018-02-26 22:27:00,0.25030136118988366
2018-02-26 22:30:00,0.18550529486390133
2018-02-26 22:33:00,0.17823655634146007
2018-02-26 22:36:00,0.23717981617363648
2018-02-26 22:39:00,0.11319218991314983
2018-02-26 22:42:00,0.3173674849812187
2018-02-26 22:45:00,0.16112470600813822
2018-02-26 22:48:00,0.2061709263232956
2018-02-26 22:51:00,0.22666797052022503
2018-02-26 22:54:00,0.303852108393869
2018-02-26 22:57:00,0.24481754768237352
2018-02-26 23:00:00,0.2599582882185132
2018-02-26 23:03:00,0.25575913137629414
2018-02-26 23:06:00,0.21519186214794672
2018-02-26 23:09:00,0.27362149434492267
2018-02-26 23:12:00,0.3012531583103737
2018-02-26 23:15:00,0.3718169921124286
2018-02-26 23:18:00,0.2896786429815279
2018-02-26 23:21:00,0.28054603857702887
2018-02-26 23:24:00,0.2639559697278173
2018-02-26 23:27:00,0.2335705190846511
2018-02-26 23:30:00,0.3026914584374367
2018-02-26 23:33:00,0.26745122106206054
2018-02-26 23:36:00,0.28675447900320705
2018-02-26 23:39:00,0.36494539691312866
2018-02-26 23:42:00,0.3401829820530793
2018-02-26 23:45:00,0.2609522250548366
2018-02-26 23:48:00,0.35777045743105873
2018-02-26 23:51:00,0.30713374743140776
2018-02-26 23:54:00,0.3331013432159011
2018-02-26 23:57:00,0.1766822420340759
2018-02-27 00:00:00,0.28985047486810345
2018-02-27 00:03:00,0.3343778383032827
2018-02-27 00:06:00,0.3280009116426754
2018-02-27 00:09:00,0.3311731566529943
2018-02-27 00:12:00,0.34645812933678144
2018-02-27 00:15:00,0.36788124261522626
2018-02-27 00:18:00,0.32175062931861476
2018-02-27 00:21:00,0.28922453581157015
2018-02-27 00:24:00,0.2842883621891019
2018-02-27 00:27:00,0.21661013468508372
2018-02-27 00:30:00,0.29225813124241995
2018-02-27 00:33:00,0.34969172658225034
2018-02-27 00:36:00,0.26774019272471605
2018-02-27 00:39:00,0.32817656816814633
2018-02-27 00:42:00,0.44839879113902725
2018-02-27 00:45:00,0.25803989365840607
2018-02-27 00:48:00,0.23330863427855775
2018-02-27 00:51:00,0.3657102800009966
2018-02-27 00:54:00,0.3648362815250721
2018-02-27 00:57:00,0.44717289449846476
2018-02-27 01:00:00,0.24765284842141
2018-02-27 01:03:00,0.2569397001959146
2018-02-27 01:06:00,0.31696636173722936
2018-02-27 01:09:00,0.41574861478511593
2018-02-27 01:12:00,0.40961953119466443
2018-02-27 01:15:00,0.33774776873292467
2018-02-27 01:18:00,0.26170569232880325
2018-02-27 01:21:00,0.3642761898225899
2018-02-27 01:24:00,0.261311697734925
2018-02-27 01:27:00,0.3033783219245265
2018-02-27 01:30:00,0.33913308844000767
2018-02-27 01:33:00,0.28132253839476107
2018-02-27 01:36:00,0.3518468223109039
2018-02-27 01:39:00,0.3843813187806404
2018-02-27 01:42:00,0.3615477621582954
2018-02-27 01:45:00,0.3409425226159897
2018-02-27 01:48:00,0.319275441761647
2018-02-27 01:51:00,0.2935006673974385
2018-02-27 01:54:00,0.3677401683559651
2018-02-27 01:57:00,0.35235218494955234
2018-02-27 02:00:00,0.40771042216903197
2018-02-27 02:03:00,0.3859912504502745
2018-02-27 02:06:00,0.3243207140641289
2018-02-27 02:09:00,0.35309710429527286
2018-02-27 02:12:00,0.4001743846007457
2018-02-27 02:15:00,0.4066509654431343
2018-02-27 02:18:00,0.3751918412802979
2018-02-27 02:21:00,0.4132752003707765
2018-02-27 02:24:00,0.38883144502221967
2018-02-27 02:27:00,0.2807731176714583
2018-02-27 02:30:00,0.38599796263423514
2018-02-27 02:33:00,0.3767742523090192
2018-02-27 02:36:00,0.5085219234362057
2018-02-27 02:39:00,0.3209002344345322
2018-02-27 02:42:00,0.5093004503130487
2018-02-27 02:45:00,0.31740446821748947
2018-02-27 02:48:00,0.3903242212855389
2018-02-27 02:51:00,0.455036027040876
2018-02-27 02:54:00,0.515878943659402
2018-02-27 02:57:00,0.37839607972699696
2018-02-27 03:00:00,0.43843172472571723
2018-02-27 03:03:00,0.4605220130902694
2018-02-27 03:06:00,0.4046110491707964
2018-02-27 03:09:00,0.4358462980055151
2018-02-27 03:12:00,0.49171633333168074
2018-02-27 03:15:00,0.537059766408845
2018-02-27 03:18:00,0.5201567161183789
2018-02-27 03:21:00,0.3901500779530238
2018-02-27 03:24:00,0.36849572901718375
2018-02-27 03:27:00,0.4318465570952412
2018-02-27 03:30:00,0.4144345624461039
2018-02-27 03:33:00,0.48671053397538344
2018-02-27 03:36:00,0.43184229021761666
2018-02-27 03:39:00,0.5217328987529299
2018-02-27 03:42:00,0.4601303358913924
2018-02-27 03:45:00,0.49439985711291
2018-02-27 03:48:00,0.4392588485929423
2018-02-27 03:51:00,0.5167468057968563
2018-02-27 03:54:00,0.6190798080342006
2018-02-27 03:57:00,0.4954561981070924
2018-02-27 04:00:00,0.4876202184390195
2018-02-27 04:03:00,0.5188696868906959
2018-02-27 04:06:00,0.5081255045286639
2018-02-27 04:09:00,0.5303695314836432
2018-02-27 04:12:00,0.5637415484004578
2018-02-27 04:15:00,0.48786355780038093
2018-02-27 04:18:00,0.6375840898958813
2018-02-27 04:21:00,0.4283110772803411
2018-02-27 04:24:00,0.5450300381514239
2018-02-27 04:27:00,0.5057061289239755
2018-02-27 04:30:00,0.2792987243216203
2018-02-27 04:33:00,0.4231814907406033
2018-02-27 04:36:00,0.4185877149521957
2018-02-27 04:39:00,0.49923082270333907
2018-02-27 04:42:00,0.499497072916256
2018-02-27 04:45:00,0.5221412435701609
2018-02-27 04:48:00,0.4812256388826768
2018-02-27 04:51:00,0.4023613268260533
2018-02-27 04:54:00,0.430939761235436
2018-02-27 04:57:00,0.5464522203319575
2018-02-27 05:00:00,0.5617673510734562
2018-02-27 05:03:00,0.498739775975821
2018-02-27 05:06:00,0.43505311320490136
2018-02-27 05:09:00,0.4685475698883579
2018-02-27 05:12:00,0.38651771917642463
2018-02-27 05:15:00,0.4649856090360345
2018-02-27 05:18:00,0.4445844074259071
2018-02-27 05:21:00,0.3656251510855668
2018-02-27 05:24:00,0.5017104435265196
2018-02-27 05:27:00,0.42764618467759874
2018-02-27 05:30:00,0.4079235619684596
2018-02-27 05:33:00,0.3574157583424835
2018-02-27 05:36:00,0.47330491198380287
2018-02-27 05:39:00,0.47474399201706774
2018-02-27 05:42:00,0.4021277022526988
2018-02-27 05:45:00,0.5248273208893579
2018-02-27 05:48:00,0.4843199624263548
2018-02-27 05:51:00,0.5541379041642926
2018-02-27 05:54:00,0.5316840457688272
2018-02-27 05:57:00,0.5419628424648408
2018-02-27 06:00:00,0.4817816392799159
2018-02-27 06:03:00,0.4825589268108388
2018-02-27 06:06:00,0.5648157517704817
2018-02-27 06:09:00,0.5166461644855644
2018-02-27 06:12:00,0.470681565420648
2018-02-27 06:15:00,0.5236106581236868
2018-02-27 06:18:00,0.4396802359872254
2018-02-27 06:21:00,0.45630371163423433
2018-02-27 06:24:00,0.5002127117212467
2018-02-27 06:27:00,0.4703191908120061
2018-02-27 06:30:00,0.4812134807871189
2018-02-27 06:33:00,0.4585975360059251
2018-02-27 06:36:00,0.45523452604572867
2018-02-27 06:39:00,0.45535346117429754
2018-02-27 06:42:00,0.4744529991037325
2018-02-27 06:45:00,0.4539764560782942
2018-02-27 06:48:00,0.4838452902002359
2018-02-27 06:51:00,0.4855807627047284
2018-02-27 06:54:00,0.41751400090345214
2018-02-27 06:57:00,0.41592360171313203
2018-02-27 07:00:00,0.41283025252960215
2018-02-27 07:03:00,0.39504488066671684
2018-02-27 07:06:00,0.4751578339933076
2018-02-27 07:09:00,0.3937971354215506
2018-02-27 07:12:00,0.36266388910769365
2018-02-27 07:15:00,0.3671167282357146
2018-02-27 07:18:00,0.3847557660106986
2018-02-27 07:21:00,0.38295382870819594
2018-02-27 07:24:00,0.4835689848789002
2018-02-27 07:27:00,0.4129478364306465
2018-02-27 07:30:00,0.35588774268467205
2018-02-27 07:33:00,0.40683020742994813
2018-02-27 07:36:00,0.456567072647033
2018-02-27 07:39:00,0.39624848231062515
2018-02-27 07:42:00,0.3710522295725127
2018-02-27 07:45:00,0.4053085624511823
2018-02-27 07:48:00,0.37113360657440353
2018-02-27 07:51:00,0.3436815963138997
2018-02-27 07:54:00,0.3369548285999713
2018-02-27 07:57:00,0.34714029274101676
2018-02-27 08:00:00,0.34683487619861353
2018-02-27 08:03:00,0.24484903743677933
2018-02-27 08:06:00,0.40715884777557676
2018-02-27 08:09:00,0.3211234888966601
2018-02-27 08:12:00,0.2884404514431935
2018-02-27 08:15:00,0.30728843791354166
2018-02-27 08:18:00,0.26260789383394467
2018-02-27 08:21:00,0.2083747348906968
2018-02-27 08:24:00,0.22648376094173273
2018-02-27 08:27:00,0.3112696081464037
2018-02-27 08:30:00,0.22905443371035972
2018-02-27 08:33:00,0.25424919011396696
2018-02-27 08:36:00,0.15437802566162873
2018-02-27 08:39:00,0.23753128673831725
2018-02-27 08:42:00,0.25449785546300063
2018-02-27 08:45:00,0.23803109443935
2018-02-27 08:48:00,0.1508364477118107
2018-02-27 08:51:00,0.3442349065244912
2018-02-27 08:54:00,0.2773779647041579
2018-02-27 08:57:00,0.25090585752195693
2018-02-27 09:00:00,0.050237219116240794
2018-02-27 09:03:00,0.18136272919491603
2018-02-27 09:06:00,0.10959647294902197
2018-02-27 09:09:00,0.021371991152932424
2018-02-27 09:12:00,0.13733451397132512
2018-02-27 09:15:00,0.17737018621181733
2018-02-27 09:18:00,0.042211781151763716
2018-02-27 09:21:00,0.06489644498020652
2018-02-27 09:24:00,0.039444130917615894
2018-02-27 09:27:00,0.05047574264500554
2018-02-27 09:30:00,0.005505809724922983
2018-02-27 09:33:00,0.032858810492996327
2018-02-27 09:36:00,0.12027425493727151
2018-02-27 09:39:00,0.09753112091976845
2018-02-27 09:42:00,0.11005484529437126
2018-02-27 09:45:00,0.0367065031648508
2018-02-27 09:48:00,0.1260047817390273
2018-02-27 09:51:00,-0.021346662184782872
2018-02-27 09:54:00,-0.0938354526385865
2018-02-27 09:57:00,-0.013261028600709324
2018-02-27 10:00:00,-0.060251413796322595
2018-02-27 10:03:00,-0.013207510100187392
2018-02-27 10:06:00,-0.004948513375438779
2018-02-27 10:09:00,-0.05749779090484708
2018-02-27 10:12:00,-0.12004757934687404
2018-02-27 10:15:00,0.0404958892102627
2018-02-27 10:18:00,-0.11834052058054567
2018-02-27 10:21:00,-0.15319727707554875
2018-02-27 10:24:00,-0.043694792311328
2018-02-27 10:27:00,0.04395517345784583
2018-02-27 10:30:00,0.0186997089405736
2018-02-27 10:33:00,-0.044765879703390965
2018-02-27 10:36:00,-0.13066628908643452
2018-02-27 10:39:00,-0.06621593075396959
2018-02-27 10:42:00,-0.09016010922880469
2018-02-27 10:45:00,-0.13540534445576213
2018-02-27 10:48:00,-0.15125082196789208
2018-02-27 10:51:00,-0.1342029273660046
2018-02-27 10:54:00,-0.10275368283572561
2018-02-27 10:57:00,-0.1625878555644249
2018-02-27 11:00:00,-0.036258457887640816
2018-02-27 11:03:00,-0.1348638671403819
2018-02-27 11:06:00,-0.17813210844064997
2018-02-27 11:09:00,-0.16365371274935114
2018-02-27 11:12:00,-0.05164741048417909
2018-02-27 11:15:00,-0.15684216338132728
2018-02-27 11:18:00,0.0010671849594814375
2018-02-27 11:21:00,-0.0312024525944139
2018-02-27 11:24:00,-0.19067106991758465
2018-02-27 11:27:00,-0.11883104894400276
2018-02-27 11:30:00,-0.12667519393420434
2018-02-27 11:33:00,-0.2629524423369958
2018-02-27 11:36:00,-0.20711656401965683
2018-02-27 11:39:00,-0.18805680416187442
2018-02-27 11:42:00,-0.08703561788058778
2018-02-27 11:45:00,-0.14614603436166362
2018-02-27 11:48:00,-0.2739219697283488
2018-02-27 11:51:00,-0.20567066937059053
2018-02-27 11:54:00,-0.21291984816764398
2018-02-27 11:57:00,-0.25466007541092495
2018-02-27 12:00:00,-0.21460217636837342
2018-02-27 12:03:00,-0.18230962871064094
2018-02-27 12:06:00,-0.10393005223136242
2018-02-27 12:09:00,-0.19537181791935154
2018-02-27 12:12:00,0.03675223545633344
2018-02-27 12:15:00,0.041553167993924944
2018-02-27 12:18:00,0.09408809999297318
2018-02-27 12:21:00,0.1667979368191368
2018-02-27 12:24:00,-0.10647914467176633
2018-02-27 12:27:00,-0.050629882575719876
2018-02-27 12:30:00,-0.17544337336249782
2018-02-27 12:33:00,-0.1574852019345485
2018-02-27 12:36:00,0.09654400319834622
2018-02-27 12:39:00,0.04570454256190715
2018-02-27 12:42:00,0.09611939186123664
2018-02-27 12:45:00,0.10505425117082723
2018-02-27 12:48:00,-0.14634441096552564
2018-02-27 12:51:00,-0.13089086230689873
2018-02-27 12:54:00,-0.28794926977019486
2018-02-27 12:57:00,-0.1425969219744161
2018-02-27 13:00:00,-0.1879842586056384
2018-02-27 13:03:00,-0.11942071724075731
2018-02-27 13:06:00,-0.05071393100649857
2018-02-27 13:09:00,-0.08820945679315173
2018-02-27 13:12:00,-0.09418220930018606
2018-02-27 13:15:00,-0.061258958797054675
2018-02-27 13:18:00,-0.04572028701824138
2018-02-27 13:21:00,-0.037337423715655405
2018-02-27 13:24:00,-0.1320061808884816
2018-02-27 13:27:00,-0.14287698590408127
2018-02-27 13:30:00,-0.10076953624150065
2018-02-27 13:33:00,0.001636487520670471
2018-02-27 13:36:00,-0.19393749088305867
2018-02-27 13:39:00,-0.15131576057387974
2018-02-27 13:42:00,-0.03948646499566166
2018-02-27 13:45:00,0.0332598488723761
2018-02-27 13:48:00,-0.07666485705215109
2018-02-27 13:51:00,-0.10114555234349609
2018-02-27 13:54:00,-0.07458093152695255
2018-02-27 13:57:00,-0.00022319739565546115
2018-02-27 14:00:00,-0.0033737153692641186
2018-02-27 14:03:00,-0.059878524815303535
2018-02-27 14:06:00,-0.08339631742745723
2018-02-27 14:09:00,-0.11802017449366531
2018-02-27 14:12:00,-0.21088152793601012
2018-02-27 14:15:00,-0.15845031125257947
2018-02-27 14:18:00,-0.14640399456470732
2018-02-27 14:21:00,-0.08515082996467527
2018-02-27 14:24:00,0.03969090970952038
2018-02-27 14:27:00,-0.06290001502782161
2018-02-27 14:30:00,-0.05827367533299821
2018-02-27 14:33:00,0.10339900722101447
2018-02-27 14:36:00,0.004220788302632172
2018-02-27 14:39:00,0.10576707525882512
2018-02-27 14:42:00,0.05864247122553934
2018-02-27 14:45:00,0.08210589494825626
2018-02-27 14:48:00,0.12618152996822118
2018-02-27 14:51:00,0.25037636151182596
2018-02-27 14:54:00,0.3374056105199088
2018-02-27 14:57:00,0.20265082125536082
2018-02-27 15:00:00,0.10382644009587239
2018-02-27 15:03:00,0.07097817214327051
2018-02-27 15:06:00,0.07526556423965758
2018-02-27 15:09:00,0.12620182385836642
2018-02-27 15:12:00,0.03850075608016823
2018-02-27 15:15:00,0.015443592723386246
2018-02-27 15:18:00,0.04842598836535217
2018-02-27 15:21:00,0.11406420936390305
2018-02-27 15:24:00,0.18068151832488866
2018-02-27 15:27:00,0.10122980946721327
2018-02-27 15:30:00,0.18466691084483955
2018-02-27 15:33:00,0.08656166427681455
2018-02-27 15:36:00,0.09613123896491516
2018-02-27 15:39:00,0.16398005034875496
2018-02-27 15:42:00,0.3602022289159663
2018-02-27 15:45:00,0.36728680165009564
2018-02-27 15:48:00,0.3510040522890563
2018-02-27 15:51:00,0.219980406052116
2018-02-27 15:54:00,0.15868917658417558
2018-02-27 15:57:00,0.10089596796717615
2018-02-27 16:00:00,0.22903490823796346
2018-02-27 16:03:00,0.2000812745291114
2018-02-27 16:06:00,0.24735136968422466
2018-02-27 16:09:00,0.3991536554823938
2018-02-27 16:12:00,0.365412740685656
2018-02-27 16:15:00,0.42911675695933127
2018-02-27 16:18:00,0.4656188103391514
2018-02-27 16:21:00,0.34591138132446986
2018-02-27 16:24:00,0.41531799533532876
2018-02-27 16:27:00,0.2825748782876758
2018-02-27 16:30:00,0.36470201677576597
2018-02-27 16:33:00,0.2831088922795857
2018-02-27 16:36:00,0.3036450917112461
2018-02-27 16:39:00,0.33203045341014104
2018-02-27 16:42:00,0.40888371116483313
2018-02-27 16:45:00,0.5010034112254971
2018-02-27 16:48:00,0.4086582894772164
2018-02-27 16:51:00,0.38568211080780657
2018-02-27 16:54:00,0.4614524724474336
2018-02-27 16:57:00,0.3986281440793391
2018-02-27 17:00:00,0.37329709123469
2018-02-27 17:03:00,0.4762278867613645
2018-02-27 17:06:00,0.41142381121306926
2018-02-27 17:09:00,0.31007340410360484
2018-02-27 17:12:00,0.23887984122205808
2018-02-27 17:15:00,0.280274165995138
2018-02-27 17:18:00,0.15439338869106223
2018-02-27 17:21:00,0.2468598202389103
2018-02-27 17:24:00,0.17936996096557323
2018-02-27 17:27:00,0.12876981253657505
2018-02-27 17:30:00,0.2986613786095518
2018-02-27 17:33:00,0.342309119362028
2018-02-27 17:36:00,0.2924242305753637
2018-02-27 17:39:00,0.2827590717291173
2018-02-27 17:42:00,0.3217039375971922
2018-02-27 17:45:00,0.29109686862614126
2018-02-27 17:48:00,0.33555612150894376
2018-02-27 17:51:00,0.3011370569972769
2018-02-27 17:54:00,0.2151091715218172
2018-02-27 17:57:00,0.2657253355796456
2018-02-27 18:00:00,0.3443171343273548
2018-02-27 18:03:00,0.2702285893112162
2018-02-27 18:06:00,0.24252068400204507
2018-02-27 18:09:00,0.2789850118358572
2018-02-27 18:12:00,0.356231688191599
2018-02-27 18:15:00,0.2418254433169409
2018-02-27 18:18:00,0.1893916264262998
2018-02-27 18:21:00,0.19015557419550078
2018-02-27 18:24:00,0.1674239294135873
2018-02-27 18:27:00,0.19744927255084121
2018-02-27 18:30:00,0.27127931995647714
2018-02-27 18:33:00,0.19160728803439042
2018-02-27 18:36:00,0.16304426813218242
2018-02-27 18:39:00,0.32558407654983057
2018-02-27 18:42:00,0.16099051429500832
2018-02-27 18:45:00,0.18551335453588536
2018-02-27 18:48:00,0.07677542982679597
2018-02-27 18:51:00,0.21842491029059374
2018-02-27 18:54:00,
2018-02-27 18:57:00,
2018-02-27 19:00:00,
2018-02-27 19:03:00,0.21584918531931407
2018-02-27 19:06:00,0.17203433586297479
2018-02-27 19:09:00,0.34262157475762933
2018-02-27 19:12:00,0.25437864198966054
2018-02-27 19:15:00,0.18692811956856303
2018-02-27 19:18:00,0.3934271862722767
2018-02-27 19:21:00,0.25114304487544814
2018-02-27 19:24:00,0.35502471608225505
2018-02-27 19:27:00,0.2819885600702037
2018-02-27 19:30:00,0.3360238961341224
2018-02-27 19:33:00,0.3067987514673973
2018-02-27 19:36:00,0.35818067200995074
2018-02-27 19:39:00,0.15856546787551906
2018-02-27 19:42:00,0.35554858856670535
2018-02-27 19:45:00,0.3090665264062977
2018-02-27 19:48:00,0.22777737345194282
2018-02-27 19:51:00,0.22843778067408493
2018-02-27 19:54:00,0.2910597556564767
2018-02-27 19:57:00,0.35815211694290383
2018-02-27 20:00:00,0.2426066374724769
2018-02-27 20:03:00,0.401288004711148
2018-02-27 20:06:00,0.2929196252434281
2018-02-27 20:09:00,0.2950583023565514
2018-02-27 20:12:00,0.26744887985927335
2018-02-27 20:15:00,0.365880517695814
2018-02-27 20:18:00,0.23958509395760075
2018-02-27 20:21:00,0.3630238062199851
2018-02-27 20:24:00,0.3227953868895952
2018-02-27 20:27:00,0.3465021546438152
2018-02-27 20:30:00,0.3250078049200056
2018-02-27 20:33:00,0.3587828079942028
2018-02-27 20:36:00,0.3325324171024704
2018-02-27 20:39:00,0.4385224460611994
2018-02-27 20:42:00,0.30620780079550514
2018-02-27 20:45:00,0.40704023846461723
2018-02-27 20:48:00,0.3950412796368141
2018-02-27 20:51:00,0.3628856912429228
2018-02-27 20:54:00,0.42210321182631105
2018-02-27 20:57:00,0.333825613477984
2018-02-27 21:00:00,0.2628482845664166
2018-02-27 21:03:00,0.33728157615848886
2018-02-27 21:06:00,0.3186604252777556
2018-02-27 21:09:00,0.3452236643541937
2018-02-27 21:12:00,0.3836917886691822
2018-02-27 21:15:00,0.4095411204767174
2018-02-27 21:18:00,0.42704797092363833
2018-02-27 21:21:00,0.3299790136931051
2018-02-27 21:24:00,0.3045611028384201
2018-02-27 21:27:00,0.30424618070884435
2018-02-27 21:30:00,0.3251688692368475
2018-02-27 21:33:00,0.3591920816676861
2018-02-27 21:36:00,0.4386064901771647
2018-02-27 21:39:00,0.32055936297615517
2018-02-27 21:42:00,0.3761259708759326
2018-02-27 21:45:00,0.342537022059048
2018-02-27 21:48:00,0.39200355075649895
2018-02-27 21:51:00,0.3776004337273662
2018-02-27 21:54:00,0.28813313966696796
2018-02-27 21:57:00,0.34057941532967106
2018-02-27 22:00:00,0.29703455818702196
2018-02-27 22:03:00,0.32905712202216364
2018-02-27 22:06:00,0.39573177306931484
2018-02-27 22:09:00,0.3503682155416641
2018-02-27 22:12:00,0.4498074031030228
2018-02-27 22:15:00,0.4067518667647505
2018-02-27 22:18:00,0.34989443568349543
2018-02-27 22:21:00,0.316949726782525
2018-02-27 22:24:00,0.4046827542119331
2018-02-27 22:27:00,0.40112357742265203
2018-02-27 22:30:00,0.3872271157003411
2018-02-27 22:33:00,0.3795123530414912
2018-02-27 22:36:00,0.3406289003046368
2018-02-27 22:39:00,0.3330845432103615
2018-02-27 22:42:00,0.30850415349698324
2018-02-27 22:45:00,0.46178629538678706
2018-02-27 22:48:00,0.4254154706691793
2018-02-27 22:51:00,0.4422822136691593
2018-02-27 22:54:00,0.5047997164588764
2018-02-27 22:57:00,0.39520948094553887
2018-02-27 23:00:00,0.35068207472500035
2018-02-27 23:03:00,0.36611749155798634
2018-02-27 23:06:00,0.32216937217680197
2018-02-27 23:09:00,0.30937341825136855
2018-02-27 23:12:00,0.33545628784708015
2018-02-27 23:15:00,0.3844646134190839
2018-02-27 23:18:00,0.3100091768633888
2018-02-27 23:21:00,0.2770655220174376
2018-02-27 23:24:00,0.36358061850319245
2018-02-27 23:27:00,0.38089581061080935
2018-02-27 23:30:00,0.47829229721310185
2018-02-27 23:33:00,0.4932017169563778
2018-02-27 23:36:00,0.3848249895906406
2018-02-27 23:39:00,0.3756606094750623
2018-02-27 23:42:00,0.25681708825959504
2018-02-27 23:45:00,0.3673017885443528
2018-02-27 23:48:00,0.3658544491075304
2018-02-27 23:51:00,0.37420365892762675
2018-02-27 23:54:00,0.41139871588882215
2018-02-27 23:57:00,0.2996849135358275
2018-02-28 00:00:00,0.3418022584020832
2018-02-28 00:03:00,0.22626731427533286
2018-02-28 00:06:00,0.24154408844776754
2018-02-28 00:09:00,0.27562273059965037
2018-02-28 00:12:00,0.38360357940103995
2018-02-28 00:15:00,0.33815636032727525
2018-02-28 00:18:00,0.43457048391013586
2018-02-28 00:21:00,0.3185360294031625
2018-02-28 00:24:00,0.3782626261916562
2018-02-28 00:27:00,0.4182474212569218
2018-02-28 00:30:00,0.3800457738223031
2018-02-28 00:33:00,0.5081915627767444
2018-02-28 00:36:00,0.42406733402640384
2018-02-28 00:39:00,0.2889274750153277
2018-02-28 00:42:00,0.3578492504300925
2018-02-28 00:45:00,0.44550604888627277
2018-02-28 00:48:00,0.4100082734080388
2018-02-28 00:51:00,0.3332161693771809
2018-02-28 00:54:00,0.4430314454912718
2018-02-28 00:57:00,0.29970667261062545
2018-02-28 01:00:00,0.38606538582359917
2018-02-28 01:03:00,0.40126563602115084
2018-02-28 01:06:00,0.37395930480511197
2018-02-28 01:09:00,0.41178553872896373
2018-02-28 01:12:00,0.4142707737872797
2018-02-28 01:15:00,0.3819315066400577
2018-02-28 01:18:00,0.4429970812965962
2018-02-28 01:21:00,0.4547224157718688
2018-02-28 01:24:00,0.3527629563550363
2018-02-28 01:27:00,0.435321129277213
2018-02-28 01:30:00,0.5318517877452109
2018-02-28 01:33:00,0.4573538473214285
2018-02-28 01:36:00,0.41302243450422793
2018-02-28 01:39:00,0.4315456259866437
2018-02-28 01:42:00,0.41635049015292225
2018-02-28 01:45:00,0.37301480521051644
2018-02-28 01:48:00,0.4928971760928107
2018-02-28 01:51:00,0.5382817358334933
2018-02-28 01:54:00,0.49801449018957555
2018-02-28 01:57:00,0.41206775608446833
2018-02-28 02:00:00,0.4565264501411548
2018-02-28 02:03:00,0.41714850012346005
2018-02-28 02:06:00,0.3170918382100467
2018-02-28 02:09:00,0.4981355821513489
2018-02-28 02:12:00,0.34631817419085564
2018-02-28 02:15:00,0.4499605204010777
2018-02-28 02:18:00,0.4135790290083605
2018-02-28 02:21:00,0.481596908223878
2018-02-28 02:24:00,0.42126388374089174
2018-02-28 02:27:00,0.42394825907740596
2018-02-28 02:30:00,0.4895696957378277
2018-02-28 02:33:00,0.6222547209142704
2018-02-28 02:36:00,0.5709412981000241
2018-02-28 02:39:00,0.5381458903545422
2018-02-28 02:42:00,0.5158102607892374
2018-02-28 02:45:00,0.48945060270580143
2018-02-28 02:48:00,0.4647254685751818
2018-02-28 02:51:00,0.5546402726952806
2018-02-28 02:54:00,0.5306132192946507
2018-02-28 02:57:00,0.46498277743143035
2018-02-28 03:00:00,0.49874431680848375
2018-02-28 03:03:00,0.5250314638855684
2018-02-28 03:06:00,0.5211734757252202
2018-02-28 03:09:00,0.4628155821923201
2018-02-28 03:12:00,0.5026957283047295
2018-02-28 03:15:00,0.5300828609221071
2018-02-28 03:18:00,0.5769490915823212
2018-02-28 03:21:00,0.4567846001897351
2018-02-28 03:24:00,0.5297193909997873
2018-02-28 03:27:00,0.4427705108070086
2018-02-28 03:30:00,0.4815534401320747
2018-02-28 03:33:00,0.5480977197825609
2018-02-28 03:36:00,0.5651950604705007
2018-02-28 03:39:00,0.6142248292638897
2018-02-28 03:42:00,0.612489179066074
2018-02-28 03:45:00,0.659776480100561
2018-02-28 03:48:00,0.5941429470351522
2018-02-28 03:51:00,0.6433551809417963
2018-02-28 03:54:00,0.5661445097389333
2018-02-28 03:57:00,0.5349281917797271
2018-02-28 04:00:00,0.6283705010037011
2018-02-28 04:03:00,0.6475164664847739
2018-02-28 04:06:00,0.5430059725971432
2018-02-28 04:09:00,0.5937635065678251
2018-02-28 04:12:00,0.5405464195905552
2018-02-28 04:15:00,0.5186742596628164
2018-02-28 04:18:00,0.5839666749683943
2018-02-28 04:21:00,0.5354756084420842
2018-02-28 04:24:00,0.6846893498689042
2018-02-28 04:27:00,0.6933813735623175
2018-02-28 04:30:00,0.5210831557033089
2018-02-28 04:33:00,0.5866904091609513
2018-02-28 04:36:00,0.6428863163019969
2018-02-28 04:39:00,0.5823292114278047
2018-02-28 04:42:00,0.657073629157253
2018-02-28 04:45:00,0.6264980908114239
2018-02-28 04:48:00,0.6855211117949125
2018-02-28 04:51:00,0.5730451148935458
2018-02-28 04:54:00,0.5013173732902487
2018-02-28 04:57:00,0.5821901165933809
2018-02-28 05:00:00,0.5466137541539524
2018-02-28 05:03:00,0.5323723453668094
2018-02-28 05:06:00,0.5980944793150798
2018-02-28 05:09:00,0.5731743066590411
2018-02-28 05:12:00,0.4657061819252135
2018-02-28 05:15:00,0.42250694199799455
2018-02-28 05:18:00,0.5076710434624374
2018-02-28 05:21:00,0.5367945142418193
2018-02-28 05:24:00,0.43311480131478675
2018-02-28 05:27:00,0.5846392641025773
2018-02-28 05:30:00,0.4168996581918236
2018-02-28 05:33:00,0.48307643591141414
2018-02-28 05:36:00,0.5351167813984716
2018-02-28 05:39:00,0.46952081666609047
2018-02-28 05:42:00,0.49083016130879287
2018-02-28 05:45:00,0.4935164137220909
2018-02-28 05:48:00,0.469383733267307
2018-02-28 05:51:00,0.49049486091189465
2018-02-28 05:54:00,0.48141902179230556
2018-02-28 05:57:00,0.5633329087686434
2018-02-28 06:00:00,0.5361864126494424
2018-02-28 06:03:00,0.4350256232860943
2018-02-28 06:06:00,0.4697375471652663
2018-02-28 06:09:00,0.46931795036545054
2018-02-28 06:12:00,0.43552491574143914
2018-02-28 06:15:00,0.38154101674251706
2018-02-28 06:18:00,0.45350255334926715
2018-02-28 06:21:00,0.3628820136800641
2018-02-28 06:24:00,0.4761779379257405
2018-02-28 06:27:00,0.5790705440037414
2018-02-28 06:30:00,0.5104509665945898
2018-02-28 06:33:00,0.408820604359903
2018-02-28 06:36:00,0.4680819531693601
2018-02-28 06:39:00,0.4747668316349518
2018-02-28 06:42:00,0.5584626078421593
2018-02-28 06:45:00,0.5623040607849816
2018-02-28 06:48:00,0.3646926836398734
2018-02-28 06:51:00,0.3942030980455229
2018-02-28 06:54:00,0.48799397882118
2018-02-28 06:57:00,0.47654725676102316
2018-02-28 07:00:00,0.47375565386425933
2018-02-28 07:03:00,0.5745714843738483
2018-02-28 07:06:00,0.5731613657433741
2018-02-28 07:09:00,0.5009071288712903
2018-02-28 07:12:00,0.44270727002196963
2018-02-28 07:15:00,0.502726140475545
2018-02-28 07:18:00,0.4774738115191326
2018-02-28 07:21:00,0.43375694022813605
2018-02-28 07:24:00,0.4822168269275835
2018-02-28 07:27:00,0.43000761612694305
2018-02-28 07:30:00,0.44273623971179177
2018-02-28 07:33:00,0.5685056131902115
2018-02-28 07:36:00,0.46160708144816454
2018-02-28 07:39:00,0.42423371658856013
2018-02-28 07:42:00,0.375516891622226
2018-02-28 07:45:00,0.4275016431566314
2018-02-28 07:48:00,0.43593239202061795
2018-02-28 07:51:00,0.41143589693547256
2018-02-28 07:54:00,0.38494068581559304
2018-02-28 07:57:00,0.5017588413541603
2018-02-28 08:00:00,0.3727616240245766
2018-02-28 08:03:00,0.46133086453642136
2018-02-28 08:06:00,0.4445398211951215
2018-02-28 08:09:00,0.32438234754101813
2018-02-28 08:12:00,0.4309186655984263
2018-02-28 08:15:00,0.42971096917460727
2018-02-28 08:18:00,0.3586572726344457
2018-02-28 08:21:00,0.3938125131523975
2018-02-28 08:24:00,0.35622720122859164
2018-02-28 08:27:00,0.38157053937379715
2018-02-28 08:30:00,0.3306232222745962
2018-02-28 08:33:00,0.3631467122402796
2018-02-28 08:36:00,0.4681778401412089
2018-02-28 08:39:00,0.44672354666016645
2018-02-28 08:42:00,0.205284627458866
2018-02-28 08:45:00,0.2870799491177536
2018-02-28 08:48:00,0.2342817733619995
2018-02-28 08:51:00,0.3426009755782502
2018-02-28 08:54:00,0.24692516408231313
2018-02-28 08:57:00,0.3017440971909764
2018-02-28 09:00:00,0.2240785485773813
2018-02-28 09:03:00,0.31756146445889044
2018-02-28 09:06:00,0.19802347688909094
2018-02-28 09:09:00,0.26065279457390034
2018-02-28 09:12:00,0.2902219889660387
2018-02-28 09:15:00,0.24727848606340785
2018-02-28 09:18:00,0.1269386990323369
2018-02-28 09:21:00,0.11319760395628009
2018-02-28 09:24:00,0.1402850493150254
2018-02-28 09:27:00,0.1480120533156537
2018-02-28 09:30:00,0.25458757500194906
2018-02-28 09:33:00,0.2687731844958421
2018-02-28 09:36:00,0.09019371003631704
2018-02-28 09:39:00,0.22705837102080295
2018-02-28 09:42:00,0.14500924599190057
2018-02-28 09:45:00,0.15761452808851573
2018-02-28 09:48:00,0.004398183066314232
2018-02-28 09:51:00,0.13251107416755303
2018-02-28 09:54:00,0.07828736412363924
2018-02-28 09:57:00,0.0806984518334275
2018-02-28 10:00:00,0.090777730188222
2018-02-28 10:03:00,-0.006669830630755769
2018-02-28 10:06:00,0.005007306240031539
2018-02-28 10:09:00,0.07274254429796656
2018-02-28 10:12:00,0.06755195652658585
2018-02-28 10:15:00,0.15126406648562352
2018-02-28 10:18:00,0.006544879345312893
2018-02-28 10:21:00,0.11143987873521155
2018-02-28 10:24:00,0.0209376540645394
2018-02-28 10:27:00,0.0808281462306013
2018-02-28 10:30:00,0.14574101795159322
2018-02-28 10:33:00,-0.021712336872383275
2018-02-28 10:36:00,0.02056426449019
2018-02-28 10:39:00,0.0593951846251457
2018-02-28 10:42:00,0.0490601263585404
2018-02-28 10:45:00,0.01613123192595367
2018-02-28 10:48:00,-0.09381087280883094
2018-02-28 10:51:00,-0.09417792742976872
2018-02-28 10:54:00,-0.029658768127035273
2018-02-28 10:57:00,0.010253157206477681
2018-02-28 11:00:00,-0.04860223320139312
2018-02-28 11:03:00,0.06749867397780918
2018-02-28 11:06:00,-0.053788223350238695
2018-02-28 11:09:00,0.02193210229035003
2018-02-28 11:12:00,0.004662279341118847
2018-02-28 11:15:00,-0.1996695275117304
2018-02-28 11:18:00,-0.04810730022865073
2018-02-28 11:21:00,-0.0856631923758755
2018-02-28 11:24:00,-0.08331718077596406
2018-02-28 11:27:00,-0.08501718949486303
2018-02-28 11:30:00,-0.035690658203293424
2018-02-28 11:33:00,-0.17004923887395762
2018-02-28 11:36:00,-0.19122176870155272
2018-02-28 11:39:00,-0.12836515844537644
2018-02-28 11:42:00,-0.23865318594260998
2018-02-28 11:45:00,-0.14290720472149587
2018-02-28 11:48:00,-0.1456046385061427
2018-02-28 11:51:00,-0.14578814300961085
2018-02-28 11:54:00,-0.24307619885587428
2018-02-28 11:57:00,-0.15171785451940423
2018-02-28 12:00:00,-0.24526544180531573
2018-02-28 12:03:00,-0.2361992566736717
2018-02-28 12:06:00,-0.22097291061061242
2018-02-28 12:09:00,-0.2781548109634855
2018-02-28 12:12:00,-0.06068081813498338
2018-02-28 12:15:00,-0.23877461236236286
2018-02-28 12:18:00,-0.22346487832527373
2018-02-28 12:21:00,-0.12371819091418956
2018-02-28 12:24:00,-0.00507931508116144
2018-02-28 12:27:00,-0.11908025674546252
2018-02-28 12:30:00,-0.19101269326887405
2018-02-28 12:33:00,-0.257545642344553
2018-02-28 12:36:00,-0.22965770343574832
2018-02-28 12:39:00,-0.12011651703193138
2018-02-28 12:42:00,-0.2120124937648029
2018-02-28 12:45:00,-0.15549889786035465
2018-02-28 12:48:00,-0.33196249952959533
2018-02-28 12:51:00,-0.18415058537578943
2018-02-28 12:54:00,-0.1687977213097156
2018-02-28 12:57:00,-0.3157685417173184
2018-02-28 13:00:00,-0.21009896942405248
2018-02-28 13:03:00,-0.31504072355198787
2018-02-28 13:06:00,-0.2565244160415432
2018-02-28 13:09:00,-0.2491983086183609
2018-02-28 13:12:00,-0.2842959678633292
2018-02-28 13:15:00,-0.3641169964894857
2018-02-28 13:18:00,-0.2657038662918012
2018-02-28 13:21:00,-0.2777970571618198
2018-02-28 13:24:00,-0.37933276056128307
2018-02-28 13:27:00,-0.19427893653204364
2018-02-28 13:30:00,-0.32159471269238793
2018-02-28 13:33:00,-0.4378443372704055
2018-02-28 13:36:00,-0.023748458102318182
2018-02-28 13:39:00,-0.10935372521015552
2018-02-28 13:42:00,-0.24598875314029556
2018-02-28 13:45:00,-0.417082908472139
2018-02-28 13:48:00,-0.354120169336511
2018-02-28 13:51:00,-0.11049701877209372
2018-02-28 13:54:00,-0.20558902637066012
2018-02-28 13:57:00,-0.15012946310326925
2018-02-28 14:00:00,-0.07146480400263044
2018-02-28 14:03:00,-0.26883433759564923
2018-02-28 14:06:00,-0.18245329254477838
2018-02-28 14:09:00,-0.31305282160576553
2018-02-28 14:12:00,-0.3999330065197455
2018-02-28 14:15:00,-0.26115701358145316
2018-02-28 14:18:00,-0.3257776275744959
2018-02-28 14:21:00,-0.3291376667960435
2018-02-28 14:24:00,-0.19566647931293346
2018-02-28 14:27:00,-0.17961424805736215
2018-02-28 14:30:00,-0.056946316782330086
2018-02-28 14:33:00,-0.19110794746154625
2018-02-28 14:36:00,-0.2983196495624725
2018-02-28 14:39:00,-0.185260031937446
2018-02-28 14:42:00,-0.20399248980226048
2018-02-28 14:45:00,-0.15063496474743943
2018-02-28 14:48:00,-0.24422557521432964
2018-02-28 14:51:00,-0.14362920605083218
2018-02-28 14:54:00,-0.15903526912467214
2018-02-28 14:57:00,-0.13789370148776925
2018-02-28 15:00:00,-0.09665150761043151
2018-02-28 15:03:00,-0.13103871490193342
2018-02-28 15:06:00,-0.21152361139331788
2018-02-28 15:09:00,-0.23946555880172582
2018-02-28 15:12:00,-0.15256707219822374
2018-02-28 15:15:00,-0.15307251333405247
2018-02-28 15:18:00,-0.16480226617920835
2018-02-28 15:21:00,-0.22662165234629583
2018-02-28 15:24:00,-0.1762296191493533
2018-02-28 15:27:00,-0.2511405437611529
2018-02-28 15:30:00,-0.11204999811064908
2018-02-28 15:33:00,-0.27402824389054103
2018-02-28 15:36:00,-0.22763130356344163
2018-02-28 15:39:00,-0.029971875738397102
2018-02-28 15:42:00,-0.11995881502480188
2018-02-28 15:45:00,0.020366307986989796
2018-02-28 15:48:00,0.12453771058437724
2018-02-28 15:51:00,0.05964673924853514
2018-02-28 15:54:00,-0.018216468553475806
2018-02-28 15:57:00,-0.057459499304684414
2018-02-28 16:00:00,0.10697673795868923
2018-02-28 16:03:00,0.08256300291685648
2018-02-28 16:06:00,-0.030526098932170953
2018-02-28 16:09:00,0.0914742523969494
2018-02-28 16:12:00,0.060413524230966686
2018-02-28 16:15:00,0.06955876451399945
2018-02-28 16:18:00,0.18592248163099612
2018-02-28 16:21:00,0.1946265346691689
2018-02-28 16:24:00,0.21490680032235332
2018-02-28 16:27:00,0.15681234946248424
2018-02-28 16:30:00,0.17667631688351548
2018-02-28 16:33:00,0.10114151725986176
2018-02-28 16:36:00,0.14338347718131672
2018-02-28 16:39:00,0.23047936466235797
2018-02-28 16:42:00,0.20123800448271822
2018-02-28 16:45:00,0.2373504764552763
2018-02-28 16:48:00,0.10658792268174011
2018-02-28 16:51:00,0.26786562239664136
2018-02-28 16:54:00,0.3685759539193896
2018-02-28 16:57:00,0.4141936228881491
2018-02-28 17:00:00,0.18939592923123882
2018-02-28 17:03:00,0.2491638159395393
2018-02-28 17:06:00,0.0871180050785938
2018-02-28 17:09:00,0.1075039255619572
2018-02-28 17:12:00,0.17808926952562842
2018-02-28 17:15:00,0.3212112564495442
2018-02-28 17:18:00,0.37192416445031995
2018-02-28 17:21:00,0.431826681388884
2018-02-28 17:24:00,0.36166885888127354
2018-02-28 17:27:00,0.3169932826897366
2018-02-28 17:30:00,0.3940993755070963
2018-02-28 17:33:00,0.33638879518395015
2018-02-28 17:36:00,0.4102578771534695
2018-02-28 17:39:00,0.40873268926799255
2018-02-28 17:42:00,0.42269309901138286
2018-02-28 17:45:00,0.34406243265243575
2018-02-28 17:48:00,0.17226977889328055
2018-02-28 17:51:00,0.2985037367502059
2018-02-28 17:54:00,0.2467700926401335
2018-02-28 17:57:00,0.36368520771975454
2018-02-28 18:00:00,0.36181857843297394
2018-02-28 18:03:00,0.42832515487538103
2018-02-28 18:06:00,0.4840360846814633
2018-02-28 18:09:00,0.34232096755562225
2018-02-28 18:12:00,0.3347361475091475
2018-02-28 18:15:00,0.3853930841635247
2018-02-28 18:18:00,0.39292660209923724
2018-02-28 18:21:00,0.290435997192958
2018-02-28 18:24:00,0.39313633606712983
2018-02-28 18:27:00,0.22654475691905418
2018-02-28 18:30:00,0.3762908808889165
2018-02-28 18:33:00,0.4646038392604055
2018-02-28 18:36:00,0.43563735687621374
2018-02-28 18:39:00,0.49906677702153956
2018-02-28 18:42:00,0.5415264914734053
2018-02-28 18:45:00,0.5839214278559552
2018-02-28 18:48:00,0.6242963085431938
2018-02-28 18:51:00,0.48403542064147587
2018-02-28 18:54:00,
2018-02-28 18:57:00,
2018-02-28 19:00:00,
2018-02-28 19:03:00,0.3820485901012489
2018-02-28 19:06:00,0.5500397197326379
2018-02-28 19:09:00,0.3654675344001248
2018-02-28 19:12:00,0.3359408134876958
2018-02-28 19:15:00,0.29960794589015904
2018-02-28 19:18:00,0.4583198675789504
2018-02-28 19:21:00,0.369632920848062
2018-02-28 19:24:00,0.3469967882508058
2018-02-28 19:27:00,0.4548461504398347
2018-02-28 19:30:00,0.3586343366844176
2018-02-28 19:33:00,0.4163236482382331
2018-02-28 19:36:00,0.5263874966373123
2018-02-28 19:39:00,0.33206455680686986
2018-02-28 19:42:00,0.4504903656642796
2018-02-28 19:45:00,0.4027413397373607
2018-02-28 19:48:00,0.4152514002516341
2018-02-28 19:51:00,0.4572904529276798
2018-02-28 19:54:00,0.4903947003248277
2018-02-28 19:57:00,0.4379794440592377
2018-02-28 20:00:00,0.5199578276104262
2018-02-28 20:03:00,0.2936142139324147
2018-02-28 20:06:00,0.38241239292511864
2018-02-28 20:09:00,0.3786838779523123
2018-02-28 20:12:00,0.4343999064872719
2018-02-28 20:15:00,0.3454112244087355
2018-02-28 20:18:00,0.3989378420087064
2018-02-28 20:21:00,0.3406793641690342
2018-02-28 20:24:00,0.424852226528742
2018-02-28 20:27:00,0.4604697512242524
2018-02-28 20:30:00,0.4474818568676824
2018-02-28 20:33:00,0.41403233230147407
2018-02-28 20:36:00,0.392390172986552
2018-02-28 20:39:00,0.37891685162128397
2018-02-28 20:42:00,0.40771035627972196
2018-02-28 20:45:00,0.399397519455988
2018-02-28 20:48:00,0.4429246473119406
2018-02-28 20:51:00,0.39847464181156056
2018-02-28 20:54:00,0.41643977013313815
2018-02-28 20:57:00,0.42790370281238665
2018-02-28 21:00:00,0.43288372341567083
2018-02-28 21:03:00,0.4537101870271272
2018-02-28 21:06:00,0.3880591374755227
2018-02-28 21:09:00,0.37133447787476825
2018-02-28 21:12:00,0.46298268269657683
2018-02-28 21:15:00,0.37729677378956694
2018-02-28 21:18:00,0.4039145972863025
2018-02-28 21:21:00,0.3633704563713991
2018-02-28 21:24:00,0.4707041550470308
2018-02-28 21:27:00,0.28516192368272186
2018-02-28 21:30:00,0.3106233254048334
2018-02-28 21:33:00,0.43551571102119624
2018-02-28 21:36:00,0.49552627815830874
2018-02-28 21:39:00,0.5213379619912644
2018-02-28 21:42:00,0.5119095784277192
2018-02-28 21:45:00,0.37411353407077286
2018-02-28 21:48:00,0.4639178029180471
2018-02-28 21:51:00,0.45859151660141606
2018-02-28 21:54:00,0.39968580856668723
2018-02-28 21:57:00,0.45501517879148423
2018-02-28 22:00:00,0.3227347501783129
2018-02-28 22:03:00,0.5028292999803057
2018-02-28 22:06:00,0.380252810164734
2018-02-28 22:09:00,0.4594153027450716
2018-02-28 22:12:00,0.3547996122462109
2018-02-28 22:15:00,0.4599781266008449
2018-02-28 22:18:00,0.2550060248331647
2018-02-28 22:21:00,0.3483653008698866
2018-02-28 22:24:00,0.35773690792910884
2018-02-28 22:27:00,0.3350027351218614
2018-02-28 22:30:00,0.2599392460579111
2018-02-28 22:33:00,0.38505185508751083
2018-02-28 22:36:00,0.22969412564873437
2018-02-28 22:39:00,0.2901242516423963
2018-02-28 22:42:00,0.3191503164176197
2018-02-28 22:45:00,0.23330788278599357
2018-02-28 22:48:00,0.3570988482259736
2018-02-28 22:51:00,0.21799357051133939
2018-02-28 22:54:00,0.37208184115388576
2018-02-28 22:57:00,0.35516993446123024
2018-02-28 23:00:00,0.3067922816775308
2018-02-28 23:03:00,0.30997667635551807
2018-02-28 23:06:00,0.3753265324758672
2018-02-28 23:09:00,0.4010154951695881
2018-02-28 23:12:00,0.3818356635817395
2018-02-28 23:15:00,0.4087855276883374
2018-02-28 23:18:00,0.4284711398753984
2018-02-28 23:21:00,0.4260692096344769
2018-02-28 23:24:00,0.40339844770335276
2018-02-28 23:27:00,0.5168287900722248
2018-02-28 23:30:00,0.49743033049577434
2018-02-28 23:33:00,0.48040002049640407
2018-02-28 23:36:00,0.5111088678645501
2018-02-28 23:39:00,0.5406615652956361
2018-02-28 23:42:00,0.47048428521816277
2018-02-28 23:45:00,0.5689374125480526
2018-02-28 23:48:00,0.5011639002407264
2018-02-28 23:51:00,0.5036767532860722
2018-02-28 23:54:00,0.5090656569714156
2018-02-28 23:57:00,0.5290261978645958
2018-03-01 00:00:00,0.46755589935452235
2018-03-01 00:03:00,0.3886162583397663
2018-03-01 00:06:00,0.43463824454823907
2018-03-01 00:09:00,0.4484723446618659
2018-03-01 00:12:00,0.36806053666481375
2018-03-01 00:15:00,0.3329544555784878
2018-03-01 00:18:00,0.4075465477989155
2018-03-01 00:21:00,0.3199613991297383
2018-03-01 00:24:00,0.49957626421138457
2018-03-01 00:27:00,0.3552362952773933
2018-03-01 00:30:00,0.4191371086432696
2018-03-01 00:33:00,0.4584653116438062
2018-03-01 00:36:00,0.47961081575084563
2018-03-01 00:39:00,0.4432303064164671
2018-03-01 00:42:00,0.4890081854524624
2018-03-01 00:45:00,0.4834567209186389
2018-03-01 00:48:00,0.47352180228796215
2018-03-01 00:51:00,0.32738695717426936
2018-03-01 00:54:00,0.3269069186213187
2018-03-01 00:57:00,0.3803317374269568
2018-03-01 01:00:00,0.32736265760229344
2018-03-01 01:03:00,0.3420534772289443
2018-03-01 01:06:00,0.4378359268793588
2018-03-01 01:09:00,0.4813820284693975
2018-03-01 01:12:00,0.4096195203658226
2018-03-01 01:15:00,0.37397496998852375
2018-03-01 01:18:00,0.4955533992998653
2018-03-01 01:21:00,0.44671339442027147
2018-03-01 01:24:00,0.4456776396061173
2018-03-01 01:27:00,0.5188572851565141
2018-03-01 01:30:00,0.3312015048175567
2018-03-01 01:33:00,0.3382337781170577
2018-03-01 01:36:00,0.26213003406263624
2018-03-01 01:39:00,0.24159177034732693
2018-03-01 01:42:00,0.259877259209361
2018-03-01 01:45:00,0.3450680189981199
2018-03-01 01:48:00,0.28796685069585237
2018-03-01 01:51:00,0.3529153018874922
2018-03-01 01:54:00,0.36016253764353223
2018-03-01 01:57:00,0.3494759249849153
2018-03-01 02:00:00,0.4205342615240397
2018-03-01 02:03:00,0.4885665794827787
2018-03-01 02:06:00,0.3542286116879154
2018-03-01 02:09:00,0.4893531734148837
2018-03-01 02:12:00,0.4669588778375555
2018-03-01 02:15:00,0.4227364244325713
2018-03-01 02:18:00,0.45250969149304865
2018-03-01 02:21:00,0.3813553381372117
2018-03-01 02:24:00,0.35801643640030534
2018-03-01 02:27:00,0.3419382085005509
2018-03-01 02:30:00,0.4996366189193395
2018-03-01 02:33:00,0.45511312841637164
2018-03-01 02:36:00,0.4017977276553779
2018-03-01 02:39:00,0.3251689975154477
2018-03-01 02:42:00,0.3822708637653136
2018-03-01 02:45:00,0.4095639960388553
2018-03-01 02:48:00,0.4091299549629639
2018-03-01 02:51:00,0.44150791732528205
2018-03-01 02:54:00,0.4277793572792348
2018-03-01 02:57:00,0.42878037480340936
2018-03-01 03:00:00,0.41754348649328676
2018-03-01 03:03:00,0.4129456209441855
2018-03-01 03:06:00,0.5399377775948437
2018-03-01 03:09:00,0.510717939919914
2018-03-01 03:12:00,0.3429534067460054
2018-03-01 03:15:00,0.4081561606469677
2018-03-01 03:18:00,0.4025585782342205
2018-03-01 03:21:00,0.43661302860562046
2018-03-01 03:24:00,0.41164101741378545
2018-03-01 03:27:00,0.3730435055149428
2018-03-01 03:30:00,0.5125261028221644
2018-03-01 03:33:00,0.4353937804176553
2018-03-01 03:36:00,0.31633722468444603
2018-03-01 03:39:00,0.4470063104424753
2018-03-01 03:42:00,0.2843221487344181
2018-03-01 03:45:00,0.34772530462402074
2018-03-01 03:48:00,0.45140120388771265
2018-03-01 03:51:00,0.32429379694332283
2018-03-01 03:54:00,0.3400738152016629
2018-03-01 03:57:00,0.4044591976551146
2018-03-01 04:00:00,0.3974213181155619
2018-03-01 04:03:00,0.3322895184810477
2018-03-01 04:06:00,0.32092900951437286
2018-03-01 04:09:00,0.3747426319889655
2018-03-01 04:12:00,0.3290833904774786
2018-03-01 04:15:00,0.23373885543537654
2018-03-01 04:18:00,0.42554952218756625
2018-03-01 04:21:00,0.49260410907339747
2018-03-01 04:24:00,0.3412315925218081
2018-03-01 04:27:00,0.39187070381473177
2018-03-01 04:30:00,0.3340607762216905
2018-03-01 04:33:00,0.3166331652324743
2018-03-01 04:36:00,0.3221922766584271
2018-03-01 04:39:00,0.3438880683887646
2018-03-01 04:42:00,0.35208505425339354
2018-03-01 04:45:00,0.2862600356752978
2018-03-01 04:48:00,0.3007546256230853
2018-03-01 04:51:00,0.3941091907732357
2018-03-01 04:54:00,0.36486291734030374
2018-03-01 04:57:00,0.3283804222634785
2018-03-01 05:00:00,0.37243406176781946
2018-03-01 05:03:00,0.3897954135230748
2018-03-01 05:06:00,0.3186768735455985
2018-03-01 05:09:00,0.3691627333424776
2018-03-01 05:12:00,0.467679674139049
2018-03-01 05:15:00,0.46988323239281726
2018-03-01 05:18:00,0.33164795653340207
2018-03-01 05:21:00,0.28242832103740056
2018-03-01 05:24:00,0.37007634095419917
2018-03-01 05:27:00,0.322873448917278
2018-03-01 05:30:00,0.30800126842416375
2018-03-01 05:33:00,0.3082164615632337
2018-03-01 05:36:00,0.2997416514720612
2018-03-01 05:39:00,0.3727898266297984
2018-03-01 05:42:00,0.34769426501139833
2018-03-01 05:45:00,0.31949965722014895
2018-03-01 05:48:00,0.36578752593118224
2018-03-01 05:51:00,0.3614439225738124
2018-03-01 05:54:00,0.34154817352737155
2018-03-01 05:57:00,0.38103430771320745
2018-03-01 06:00:00,0.5510568492603625
2018-03-01 06:03:00,0.3357490164995056
2018-03-01 06:06:00,0.468559188274412
2018-03-01 06:09:00,0.4455903681509312
2018-03-01 06:12:00,0.39448243442251396
2018-03-01 06:15:00,0.38793027016726
2018-03-01 06:18:00,0.3872495929442721
2018-03-01 06:21:00,0.44210285245475234
2018-03-01 06:24:00,0.39245458266242395
2018-03-01 06:27:00,0.41656056263434493
2018-03-01 06:30:00,0.32362728997327395
2018-03-01 06:33:00,0.44489618152061894
2018-03-01 06:36:00,0.4472400250614328
2018-03-01 06:39:00,0.41902636029072937
2018-03-01 06:42:00,0.47040314541351336
2018-03-01 06:45:00,0.4849191452966011
2018-03-01 06:48:00,0.4361625664187727
2018-03-01 06:51:00,0.5293749668381338
2018-03-01 06:54:00,0.5172086286112858
2018-03-01 06:57:00,0.4733951049148004
2018-03-01 07:00:00,0.5590219064324629
2018-03-01 07:03:00,0.6244220243577274
2018-03-01 07:06:00,0.5031092906694425
2018-03-01 07:09:00,0.40864004994864445
2018-03-01 07:12:00,0.4702477632062596
2018-03-01 07:15:00,0.4059199228059356
2018-03-01 07:18:00,0.45227994447782294
2018-03-01 07:21:00,0.5975143348956067
2018-03-01 07:24:00,0.49286087002815293
2018-03-01 07:27:00,0.5122197084027675
2018-03-01 07:30:00,0.5640249324868023
2018-03-01 07:33:00,0.6339714768676572
2018-03-01 07:36:00,0.4682924715719423
2018-03-01 07:39:00,0.49492905742226867
2018-03-01 07:42:00,0.5012687642781088
2018-03-01 07:45:00,0.4620496763557753
2018-03-01 07:48:00,0.42601198136372886
2018-03-01 07:51:00,0.42844166183493826
2018-03-01 07:54:00,0.5355093665775712
2018-03-01 07:57:00,0.5274529111983384
2018-03-01 08:00:00,0.4267115539638553
2018-03-01 08:03:00,0.39660408863244356
2018-03-01 08:06:00,0.34478590358202155
2018-03-01 08:09:00,0.413137871476863
2018-03-01 08:12:00,0.39707472355610207
2018-03-01 08:15:00,0.30308336002775604
2018-03-01 08:18:00,0.31145263035494963
2018-03-01 08:21:00,0.30724208071114845
2018-03-01 08:24:00,0.2193631596946375
2018-03-01 08:27:00,0.2912142584242474
2018-03-01 08:30:00,0.3269110590886726
2018-03-01 08:33:00,0.2472204359597754
2018-03-01 08:36:00,0.1571545681230191
2018-03-01 08:39:00,0.21864809301473542
2018-03-01 08:42:00,0.2290245997443776
2018-03-01 08:45:00,0.3038248675074442
2018-03-01 08:48:00,0.20165083036170017
2018-03-01 08:51:00,0.13540284590004603
2018-03-01 08:54:00,0.19653734455448557
2018-03-01 08:57:00,0.17870168950543075
2018-03-01 09:00:00,0.12849578641271364
2018-03-01 09:03:00,0.10197644396657779
2018-03-01 09:06:00,0.13666507235245717
2018-03-01 09:09:00,0.19529662768877643
2018-03-01 09:12:00,0.2561569488248665
2018-03-01 09:15:00,0.11275718293660475
2018-03-01 09:18:00,0.19002172547146756
2018-03-01 09:21:00,0.1192254739152645
2018-03-01 09:24:00,0.1348678799109848
2018-03-01 09:27:00,0.20698199158584885
2018-03-01 09:30:00,0.03858809328295365
2018-03-01 09:33:00,0.0820828573917538
2018-03-01 09:36:00,0.17107587397754287
2018-03-01 09:39:00,0.10614659251581315
2018-03-01 09:42:00,0.02759109575305274
2018-03-01 09:45:00,0.06350627074016302
2018-03-01 09:48:00,0.17612591720148885
2018-03-01 09:51:00,0.053504184344035366
2018-03-01 09:54:00,0.033848424349343986
2018-03-01 09:57:00,-0.03245986720185101
2018-03-01 10:00:00,0.11705532052985745
2018-03-01 10:03:00,-0.01913203172904332
2018-03-01 10:06:00,0.04799421139716742
2018-03-01 10:09:00,0.033284113675392746
2018-03-01 10:12:00,-0.08085633703609574
2018-03-01 10:15:00,0.07207232791535034
2018-03-01 10:18:00,0.0481832969246625
2018-03-01 10:21:00,0.018216596633806148
2018-03-01 10:24:00,-0.03570084126704387
2018-03-01 10:27:00,0.11703983951110786
2018-03-01 10:30:00,-0.019650674020340375
2018-03-01 10:33:00,0.00983814745836753
2018-03-01 10:36:00,0.022354293028740813
2018-03-01 10:39:00,-0.0220970308078563
2018-03-01 10:42:00,0.021877059170549273
2018-03-01 10:45:00,-0.1201490069259421
2018-03-01 10:48:00,-0.1182614886937472
2018-03-01 10:51:00,-0.0060801303633866155
2018-03-01 10:54:00,0.02177394845074332
2018-03-01 10:57:00,-0.0929597101240347
2018-03-01 11:00:00,-0.045447935546746976
2018-03-01 11:03:00,0.04550246828642912
2018-03-01 11:06:00,-0.018153972110667382
2018-03-01 11:09:00,-0.14290905404936893
2018-03-01 11:12:00,-0.03317321645249649
2018-03-01 11:15:00,-0.11358424777864684
2018-03-01 11:18:00,-0.16421043908377442
2018-03-01 11:21:00,-0.1614772276246299
2018-03-01 11:24:00,-0.10511260789007792
2018-03-01 11:27:00,-0.1969862430303806
2018-03-01 11:30:00,-0.09551478385787959
2018-03-01 11:33:00,-0.20273614075472324
2018-03-01 11:36:00,-0.06143639768771436
2018-03-01 11:39:00,-0.17609161938815987
2018-03-01 11:42:00,-0.16450273307196994
2018-03-01 11:45:00,-0.13269629711396647
2018-03-01 11:48:00,-0.09700549423331495
2018-03-01 11:51:00,-0.13978326789089124
2018-03-01 11:54:00,-0.18906107816189888
2018-03-01 11:57:00,-0.1760375774788372
2018-03-01 12:00:00,-0.2973727405961313
2018-03-01 12:03:00,-0.2195121923846841
2018-03-01 12:06:00,-0.19123228867545095
2018-03-01 12:09:00,-0.2267250879044127
2018-03-01 12:12:00,-0.15560178250780154
2018-03-01 12:15:00,-0.21743617384169056
2018-03-01 12:18:00,-0.2996124154589097
2018-03-01 12:21:00,-0.2414721686616872
2018-03-01 12:24:00,-0.33913942853990875
2018-03-01 12:27:00,-0.32557657357074277
2018-03-01 12:30:00,-0.16584127916007674
2018-03-01 12:33:00,-0.39474963873294655
2018-03-01 12:36:00,-0.23454525350479116
2018-03-01 12:39:00,-0.29046009116706273
2018-03-01 12:42:00,-0.22687431666133762
2018-03-01 12:45:00,-0.3733142299715837
2018-03-01 12:48:00,-0.31172696567415414
2018-03-01 12:51:00,-0.36848791262980285
2018-03-01 12:54:00,-0.30944470657124157
2018-03-01 12:57:00,-0.24116287746755916
2018-03-01 13:00:00,-0.20159905764040786
2018-03-01 13:03:00,-0.349662541465932
2018-03-01 13:06:00,-0.3194724037679748
2018-03-01 13:09:00,-0.2890048826714633
2018-03-01 13:12:00,-0.4005562017605371
2018-03-01 13:15:00,-0.4478139686331133
2018-03-01 13:18:00,-0.31192819572663666
2018-03-01 13:21:00,-0.32186977191150845
2018-03-01 13:24:00,-0.356727028897069
2018-03-01 13:27:00,-0.4084119260311354
2018-03-01 13:30:00,-0.39202769188261755
2018-03-01 13:33:00,-0.4682265869614639
2018-03-01 13:36:00,-0.339474174315626
2018-03-01 13:39:00,-0.5010392181654311
2018-03-01 13:42:00,-0.35449485823238547
2018-03-01 13:45:00,-0.4938363947917992
2018-03-01 13:48:00,-0.42030073523221745
2018-03-01 13:51:00,-0.5000924341805444
2018-03-01 13:54:00,-0.38553036216183045
2018-03-01 13:57:00,-0.32246211053882234
2018-03-01 14:00:00,-0.36171911685221403
2018-03-01 14:03:00,-0.3194873383692425
2018-03-01 14:06:00,-0.33377456556343077
2018-03-01 14:09:00,-0.3586444781479372
2018-03-01 14:12:00,-0.46932708876778406
2018-03-01 14:15:00,-0.46287556965882004
2018-03-01 14:18:00,-0.4283635362727978
2018-03-01 14:21:00,-0.471317194080882
2018-03-01 14:24:00,-0.34717570802672526
2018-03-01 14:27:00,-0.3950930084388915
2018-03-01 14:30:00,-0.4322649242945431
2018-03-01 14:33:00,-0.41651762078811316
2018-03-01 14:36:00,-0.43590293164811555
2018-03-01 14:39:00,-0.47723073413584416
2018-03-01 14:42:00,-0.4418520364102392
2018-03-01 14:45:00,-0.4383172510501936
2018-03-01 14:48:00,-0.36449264189513997
2018-03-01 14:51:00,-0.34863879552477783
2018-03-01 14:54:00,-0.5229473885432299
2018-03-01 14:57:00,-0.3465185924893035
2018-03-01 15:00:00,-0.46589688285814645
2018-03-01 15:03:00,-0.4817352096341665
2018-03-01 15:06:00,-0.36822782082248295
2018-03-01 15:09:00,-0.43300499940528425
2018-03-01 15:12:00,-0.3027648027253349
2018-03-01 15:15:00,-0.33754397656355195
2018-03-01 15:18:00,-0.2117830180003466
2018-03-01 15:21:00,-0.3640673608146585
2018-03-01 15:24:00,-0.28188519437730974
2018-03-01 15:27:00,-0.25705250854980477
2018-03-01 15:30:00,-0.15673905005826327
2018-03-01 15:33:00,-0.23680580063711432
2018-03-01 15:36:00,-0.2160321900931308
2018-03-01 15:39:00,-0.1854864968227048
2018-03-01 15:42:00,-0.14317400760143073
2018-03-01 15:45:00,-0.3422798460232457
2018-03-01 15:48:00,-0.20804414759550127
2018-03-01 15:51:00,-0.2043819511987408
2018-03-01 15:54:00,-0.1887074496535206
2018-03-01 15:57:00,-0.11731459610484762
2018-03-01 16:00:00,-0.23654100562788472
2018-03-01 16:03:00,-0.1172523722511869
2018-03-01 16:06:00,-0.07956859065905064
2018-03-01 16:09:00,-0.07454954060324326
2018-03-01 16:12:00,-0.08131900911797629
2018-03-01 16:15:00,-0.12526603210039866
2018-03-01 16:18:00,-0.15654778463039065
2018-03-01 16:21:00,-0.18358844897545623
2018-03-01 16:24:00,0.005391725103606859
2018-03-01 16:27:00,-0.05416194426737775
2018-03-01 16:30:00,-0.12781900124042522
2018-03-01 16:33:00,-0.09911937311028396
2018-03-01 16:36:00,-0.04285052370852327
2018-03-01 16:39:00,-0.08590264428505634
2018-03-01 16:42:00,-0.06524424475452406
2018-03-01 16:45:00,-0.08366648753315076
2018-03-01 16:48:00,-0.05824795548983275
2018-03-01 16:51:00,-0.005477918312635666
2018-03-01 16:54:00,-0.04147533193105346
2018-03-01 16:57:00,-0.05513886783063526
2018-03-01 17:00:00,0.018017213820826328
2018-03-01 17:03:00,-0.04957649520730456
2018-03-01 17:06:00,0.07309883068705858
2018-03-01 17:09:00,0.10777999243015302
2018-03-01 17:12:00,0.07091592264305291
2018-03-01 17:15:00,-0.09130509332965175
2018-03-01 17:18:00,0.08981030143240787
2018-03-01 17:21:00,-0.009657258296215332
2018-03-01 17:24:00,0.06498703550977325
2018-03-01 17:27:00,0.04816039254876614
2018-03-01 17:30:00,0.1339488946477445
2018-03-01 17:33:00,0.11582942792733775
2018-03-01 17:36:00,0.054574613839690755
2018-03-01 17:39:00,0.11320388246252833
2018-03-01 17:42:00,0.14290906822304805
2018-03-01 17:45:00,0.051907255401602015
2018-03-01 17:48:00,0.09970437805486654
2018-03-01 17:51:00,0.06595287386318205
2018-03-01 17:54:00,0.14678322345679362
2018-03-01 17:57:00,0.15012326181664548
2018-03-01 18:00:00,0.15805986896742752
2018-03-01 18:03:00,0.05680618136545945
2018-03-01 18:06:00,-0.026899470052626384
2018-03-01 18:09:00,0.11909471581782327
2018-03-01 18:12:00,0.1697733061111535
2018-03-01 18:15:00,0.1674118151863695
2018-03-01 18:18:00,0.19103496594368607
2018-03-01 18:21:00,0.207551263320795
2018-03-01 18:24:00,0.05638655757138622
2018-03-01 18:27:00,0.07989515983098272
2018-03-01 18:30:00,0.17007573745900118
2018-03-01 18:33:00,0.15740498616781906
2018-03-01 18:36:00,0.17065907637589817
2018-03-01 18:39:00,0.20780407636931386
2018-03-01 18:42:00,0.18752663455802576
2018-03-01 18:45:00,0.25223741252989385
2018-03-01 18:48:00,0.23489958904889363
2018-03-01 18:51:00,0.24101231379057708
2018-03-01 18:54:00,
2018-03-01 18:57:00,
2018-03-01 19:00:00,
2018-03-01 19:03:00,0.3069265259930489
2018-03-01 19:06:00,0.31269575295664254
2018-03-01 19:09:00,0.2559689819964319
2018-03-01 19:12:00,0.3255355446396493
2018-03-01 19:15:00,0.32873961906722116
2018-03-01 19:18:00,0.38443785389381446
2018-03-01 19:21:00,0.37471324092712166
2018-03-01 19:24:00,0.299347641095153
2018-03-01 19:27:00,0.385976393295266
2018-03-01 19:30:00,0.421054120758356
2018-03-01 19:33:00,0.55985109515143
2018-03-01 19:36:00,0.57781130894341
2018-03-01 19:39:00,0.5692233263839626
2018-03-01 19:42:00,0.5377399245690526
2018-03-01 19:45:00,0.313661338523616
2018-03-01 19:48:00,0.3314627564131456
2018-03-01 19:51:00,0.2780983872943352
2018-03-01 19:54:00,0.3012602239447233
2018-03-01 19:57:00,0.30854018304813735
2018-03-01 20:00:00,0.3662439098930008
2018-03-01 20:03:00,0.36370959303849304
2018-03-01 20:06:00,0.35911850707122994
2018-03-01 20:09:00,0.2639446060832711
2018-03-01 20:12:00,0.4033879531879734
2018-03-01 20:15:00,0.38852612105335993
2018-03-01 20:18:00,0.323097573795053
2018-03-01 20:21:00,0.39176673223118996
2018-03-01 20:24:00,0.2687319541777242
2018-03-01 20:27:00,0.3897215401547669
2018-03-01 20:30:00,0.20640473955887728
2018-03-01 20:33:00,0.31987169441845253
2018-03-01 20:36:00,0.44050372692794326
2018-03-01 20:39:00,0.39784700287015085
2018-03-01 20:42:00,0.4098258146081548
2018-03-01 20:45:00,0.42535493078025866
2018-03-01 20:48:00,0.35780304953237874
2018-03-01 20:51:00,0.4657739297309149
2018-03-01 20:54:00,0.37885772083473057
2018-03-01 20:57:00,0.35222970536642606
2018-03-01 21:00:00,0.48462717703796443
2018-03-01 21:03:00,0.41930685459959705
2018-03-01 21:06:00,0.3376217971262463
2018-03-01 21:09:00,0.3782946701368246
2018-03-01 21:12:00,0.3635177517319903
2018-03-01 21:15:00,0.43012180749963136
2018-03-01 21:18:00,0.316984569912961
2018-03-01 21:21:00,0.210000787685658
2018-03-01 21:24:00,0.2997582194823849
2018-03-01 21:27:00,0.36185385531115344
2018-03-01 21:30:00,0.44835104273312254
2018-03-01 21:33:00,0.36314888651884303
2018-03-01 21:36:00,0.47515059959789596
2018-03-01 21:39:00,0.3844587400072328
2018-03-01 21:42:00,0.2636186375558509
2018-03-01 21:45:00,0.4413049982339885
2018-03-01 21:48:00,0.34579550751629995
2018-03-01 21:51:00,0.23870890204545958
2018-03-01 21:54:00,0.4198218131814997
2018-03-01 21:57:00,0.5079616795125048
2018-03-01 22:00:00,0.4224517796688474
2018-03-01 22:03:00,0.4107696846306794
2018-03-01 22:06:00,0.23189751297837802
2018-03-01 22:09:00,0.30970285499950023
2018-03-01 22:12:00,0.336639383133047
2018-03-01 22:15:00,0.3073807003275988
2018-03-01 22:18:00,0.39181038656749934
2018-03-01 22:21:00,0.46346115517877706
2018-03-01 22:24:00,0.36224427565349515
2018-03-01 22:27:00,0.3459855441348054
2018-03-01 22:30:00,0.4185365832868797
2018-03-01 22:33:00,0.2353691804603386
2018-03-01 22:36:00,0.44567204615015044
2018-03-01 22:39:00,0.369530101389671
2018-03-01 22:42:00,0.44583320626503564
2018-03-01 22:45:00,0.4692654412475008
2018-03-01 22:48:00,0.37835850844254537
2018-03-01 22:51:00,0.3834555650457787
2018-03-01 22:54:00,0.384170547190422
2018-03-01 22:57:00,0.4500589710704048
2018-03-01 23:00:00,0.48891559682664365
2018-03-01 23:03:00,0.47857476398394283
2018-03-01 23:06:00,0.37015426785438876
2018-03-01 23:09:00,0.3456695314941953
2018-03-01 23:12:00,0.4573025866498597
2018-03-01 23:15:00,0.5300182415211907
2018-03-01 23:18:00,0.3551719162260838
2018-03-01 23:21:00,0.44631860564334147
2018-03-01 23:24:00,0.4514227990941322
2018-03-01 23:27:00,0.3955201035153664
2018-03-01 23:30:00,0.433117308212843
2018-03-01 23:33:00,0.47901706948556466
2018-03-01 23:36:00,0.47413116031492564
2018-03-01 23:39:00,0.48653642212855175
2018-03-01 23:42:00,0.496127786523914
2018-03-01 23:45:00,0.4584654448215133
2018-03-01 23:48:00,0.45049134340206365
2018-03-01 23:51:00,0.5346928754005376
2018-03-01 23:54:00,0.4595107510632488
2018-03-01 23:57:00,0.4712850972859428
2018-03-02 00:00:00,0.44158112877784106
2018-03-02 00:03:00,0.4615875902272819
2018-03-02 00:06:00,0.3772300101098267
2018-03-02 00:09:00,0.1988329433816034
2018-03-02 00:12:00,0.4315636780322052
2018-03-02 00:15:00,0.5266898894116707
2018-03-02 00:18:00,0.3237641628235224
2018-03-02 00:21:00,0.33422080736255566
2018-03-02 00:24:00,0.434788028297703
2018-03-02 00:27:00,0.41030057109014706
2018-03-02 00:30:00,0.33216877514797716
2018-03-02 00:33:00,0.4524476391059693
2018-03-02 00:36:00,0.330798510415093
2018-03-02 00:39:00,0.28910480529032156
2018-03-02 00:42:00,0.41664635492378466
2018-03-02 00:45:00,0.47515685683305264
2018-03-02 00:48:00,0.4077569995678232
2018-03-02 00:51:00,0.3362095229094848
2018-03-02 00:54:00,0.3268103059991745
2018-03-02 00:57:00,0.29313512014260823
2018-03-02 01:00:00,0.31964023872069447
2018-03-02 01:03:00,0.3868475118587753
2018-03-02 01:06:00,0.46293065847561365
2018-03-02 01:09:00,0.4737921268779246
2018-03-02 01:12:00,0.5303646988680839
2018-03-02 01:15:00,0.413886144208675
2018-03-02 01:18:00,0.550739581317714
2018-03-02 01:21:00,0.41673346359613106
2018-03-02 01:24:00,0.4334737756836944
2018-03-02 01:27:00,0.33088371329495203
2018-03-02 01:30:00,0.4136139187399408
2018-03-02 01:33:00,0.462319919153515
2018-03-02 01:36:00,0.3823894938817034
2018-03-02 01:39:00,0.4296481152520073
2018-03-02 01:42:00,0.48641848084571393
2018-03-02 01:45:00,0.4199371398125322
2018-03-02 01:48:00,0.3535239377386006
2018-03-02 01:51:00,0.37963752909479354
2018-03-02 01:54:00,0.4836589629331911
2018-03-02 01:57:00,0.5188206239689634
2018-03-02 02:00:00,0.647670915691549
2018-03-02 02:03:00,0.5112649180668996
2018-03-02 02:06:00,0.5820457641360122
2018-03-02 02:09:00,0.4645825065802569
2018-03-02 02:12:00,0.5025105401102792
2018-03-02 02:15:00,0.41354280296474144
2018-03-02 02:18:00,0.4871839739410575
2018-03-02 02:21:00,0.38096785072133343
2018-03-02 02:24:00,0.4413122198701558
2018-03-02 02:27:00,0.42923605069654513
2018-03-02 02:30:00,0.35646389370731413
2018-03-02 02:33:00,0.32444167226196896
2018-03-02 02:36:00,0.3980185726754826
2018-03-02 02:39:00,0.4227286219967823
2018-03-02 02:42:00,0.32199109507450885
2018-03-02 02:45:00,0.44238927820981644
2018-03-02 02:48:00,0.3770970381457346
2018-03-02 02:51:00,0.29958672948441745
2018-03-02 02:54:00,0.26512133552495243
2018-03-02 02:57:00,0.3796667676830907
2018-03-02 03:00:00,0.37320361139666147
2018-03-02 03:03:00,0.40713790474160305
2018-03-02 03:06:00,0.4432898835252672
2018-03-02 03:09:00,0.4586373119755649
2018-03-02 03:12:00,0.35734695572125474
2018-03-02 03:15:00,0.4015283264745335
2018-03-02 03:18:00,0.4189798225709751
2018-03-02 03:21:00,0.33707491960080915
2018-03-02 03:24:00,0.4918745683946213
2018-03-02 03:27:00,0.3860525220842419
2018-03-02 03:30:00,0.42888447871968083
2018-03-02 03:33:00,0.45308688439035905
2018-03-02 03:36:00,0.41677195451552507
2018-03-02 03:39:00,0.3941776824567569
2018-03-02 03:42:00,0.3257819896180649
2018-03-02 03:45:00,0.40503355636764127
2018-03-02 03:48:00,0.32671269570784034
2018-03-02 03:51:00,0.47737956522985314
2018-03-02 03:54:00,0.48395725851224825
2018-03-02 03:57:00,0.33771152024456796
2018-03-02 04:00:00,0.336686668098082
2018-03-02 04:03:00,0.3437213863676334
2018-03-02 04:06:00,0.33121312571961425
2018-03-02 04:09:00,0.26434858289007934
2018-03-02 04:12:00,0.3261539715805952
2018-03-02 04:15:00,0.4890617480928654
2018-03-02 04:18:00,0.4442122934365216
2018-03-02 04:21:00,0.2893054696147601
2018-03-02 04:24:00,0.3930871717668083
2018-03-02 04:27:00,0.2562788586346869
2018-03-02 04:30:00,0.2848463600554396
2018-03-02 04:33:00,0.4871149156325032
2018-03-02 04:36:00,0.4042741377346033
2018-03-02 04:39:00,0.32148764506564476
2018-03-02 04:42:00,0.3360070177035368
2018-03-02 04:45:00,0.347390251150955
2018-03-02 04:48:00,0.4468682976465743
2018-03-02 04:51:00,0.31410291091862064
2018-03-02 04:54:00,0.46967092714868386
2018-03-02 04:57:00,0.4374177556074983
2018-03-02 05:00:00,0.3813877974109232
2018-03-02 05:03:00,0.3264080087828347
2018-03-02 05:06:00,0.43868141981630515
2018-03-02 05:09:00,0.37389766816568226
2018-03-02 05:12:00,0.3361140327598946
2018-03-02 05:15:00,0.32444810545086966
2018-03-02 05:18:00,0.3663309354409421
2018-03-02 05:21:00,0.4211337607047767
2018-03-02 05:24:00,0.3053453900897125
2018-03-02 05:27:00,0.2427044631886588
2018-03-02 05:30:00,0.31489952128646337
2018-03-02 05:33:00,0.39808921345769477
2018-03-02 05:36:00,0.36789066432015716
2018-03-02 05:39:00,0.3778721840990329
2018-03-02 05:42:00,0.2689575871073089
2018-03-02 05:45:00,0.33966336831502986
2018-03-02 05:48:00,0.3645753984567932
2018-03-02 05:51:00,0.2853039866552649
2018-03-02 05:54:00,0.30742259665777283
2018-03-02 05:57:00,0.380741705502885
2018-03-02 06:00:00,0.3130394523281552
2018-03-02 06:03:00,0.3103221393587887
2018-03-02 06:06:00,0.4567061752806012
2018-03-02 06:09:00,0.3744045567563603
2018-03-02 06:12:00,0.31544088456269037
2018-03-02 06:15:00,0.43542483418667643
2018-03-02 06:18:00,0.40287373256603587
2018-03-02 06:21:00,0.4480165271681926
2018-03-02 06:24:00,0.4214543661765333
2018-03-02 06:27:00,0.3339623996249088
2018-03-02 06:30:00,0.4108230604403502
2018-03-02 06:33:00,0.36333988801652595
2018-03-02 06:36:00,0.4293019909791269
2018-03-02 06:39:00,0.45341055113004813
2018-03-02 06:42:00,0.42809168215183035
2018-03-02 06:45:00,0.30164638933706556
2018-03-02 06:48:00,0.42487780622656146
2018-03-02 06:51:00,0.39174061551750583
2018-03-02 06:54:00,0.41386403137670413
2018-03-02 06:57:00,0.41339314684040573
2018-03-02 07:00:00,0.41348328228838227
2018-03-02 07:03:00,0.32206771788139577
2018-03-02 07:06:00,0.44365455084488303
2018-03-02 07:09:00,0.4503704800306423
2018-03-02 07:12:00,0.49110667452458756
2018-03-02 07:15:00,0.4530639993683394
2018-03-02 07:18:00,0.4844097815054056
2018-03-02 07:21:00,0.49260719275423526
2018-03-02 07:24:00,0.41618504579480486
2018-03-02 07:27:00,0.5124001251866162
2018-03-02 07:30:00,0.47478146039077274
2018-03-02 07:33:00,0.5105494898465963
2018-03-02 07:36:00,0.39241312530265304
2018-03-02 07:39:00,0.46453283340002827
2018-03-02 07:42:00,0.38465096882640637
2018-03-02 07:45:00,0.4461531037697455
2018-03-02 07:48:00,0.34512956659011707
2018-03-02 07:51:00,0.48306649859381423
2018-03-02 07:54:00,0.47104739558869824
2018-03-02 07:57:00,0.3960296023707315
2018-03-02 08:00:00,0.40475672021392484
2018-03-02 08:03:00,0.3072841908976329
2018-03-02 08:06:00,0.3227886976898162
2018-03-02 08:09:00,0.5007213359358502
2018-03-02 08:12:00,0.3829640565018053
2018-03-02 08:15:00,0.3161269159239737
2018-03-02 08:18:00,0.3655588826524081
2018-03-02 08:21:00,0.3497974634025809
2018-03-02 08:24:00,0.42281196823199707
2018-03-02 08:27:00,0.34389555503076963
2018-03-02 08:30:00,0.24886966143441214
2018-03-02 08:33:00,0.32661364248838254
2018-03-02 08:36:00,0.32264351521558865
2018-03-02 08:39:00,0.3977854187081107
2018-03-02 08:42:00,0.42954358967602957
2018-03-02 08:45:00,0.39975194470122233
2018-03-02 08:48:00,0.33505348499812726
2018-03-02 08:51:00,0.4399592909580292
2018-03-02 08:54:00,0.3731909808952878
2018-03-02 08:57:00,0.3612370699137841
2018-03-02 09:00:00,0.2646622708401196
2018-03-02 09:03:00,0.45618638117764476
2018-03-02 09:06:00,0.32669047404203866
2018-03-02 09:09:00,0.32794341500056134
2018-03-02 09:12:00,0.3498866610538016
2018-03-02 09:15:00,0.3280305603344118
2018-03-02 09:18:00,0.2532808762705372
2018-03-02 09:21:00,0.31524119289844066
2018-03-02 09:24:00,0.2451346634251763
2018-03-02 09:27:00,0.31931241846280045
2018-03-02 09:30:00,0.27711253131229796
2018-03-02 09:33:00,0.23224934814561493
2018-03-02 09:36:00,0.27569273955629114
2018-03-02 09:39:00,0.3258193174345365
2018-03-02 09:42:00,0.23275127591546152
2018-03-02 09:45:00,0.1704869839754224
2018-03-02 09:48:00,0.2150099760719968
2018-03-02 09:51:00,0.2009233290336283
2018-03-02 09:54:00,0.11177348457323433
2018-03-02 09:57:00,0.10766322595628708
2018-03-02 10:00:00,0.10787582334279477
2018-03-02 10:03:00,0.11391964260712939
2018-03-02 10:06:00,0.17380391392157435
2018-03-02 10:09:00,0.14650657578607706
2018-03-02 10:12:00,0.15542961215226114
2018-03-02 10:15:00,0.16077233230112142
2018-03-02 10:18:00,0.1361613157019974
2018-03-02 10:21:00,0.16725706532071172
2018-03-02 10:24:00,0.21098768062842055
2018-03-02 10:27:00,0.16579293124425476
2018-03-02 10:30:00,0.05296815154571277
2018-03-02 10:33:00,0.16951993672290655
2018-03-02 10:36:00,0.226017215326749
2018-03-02 10:39:00,0.12313471413824573
2018-03-02 10:42:00,0.1191601251344423
2018-03-02 10:45:00,0.12163070060898917
2018-03-02 10:48:00,0.06816617615282894
2018-03-02 10:51:00,0.12090825548398243
2018-03-02 10:54:00,0.0841980335017638
2018-03-02 10:57:00,-0.04091992654224441
2018-03-02 11:00:00,0.021104049354676135
2018-03-02 11:03:00,0.086862528445522
2018-03-02 11:06:00,0.1490579020565974
2018-03-02 11:09:00,0.11138118536331376
2018-03-02 11:12:00,0.042872829209500196
2018-03-02 11:15:00,0.03558769941412265
2018-03-02 11:18:00,0.09698917973071275
2018-03-02 11:21:00,0.08025725724377253
2018-03-02 11:24:00,-0.0028065427613341853
2018-03-02 11:27:00,0.10205648672371126
2018-03-02 11:30:00,-0.012952742338825374
2018-03-02 11:33:00,-0.06364667398491974
2018-03-02 11:36:00,-0.01860661867141289
2018-03-02 11:39:00,0.14414353645321398
2018-03-02 11:42:00,0.02718800561513035
2018-03-02 11:45:00,0.006865139003878085
2018-03-02 11:48:00,0.06581807357139269
2018-03-02 11:51:00,0.15208699459606123
2018-03-02 11:54:00,-0.08249445560574031
2018-03-02 11:57:00,0.10255449216896295
2018-03-02 12:00:00,-0.027014998829486103
2018-03-02 12:03:00,-0.024604886532017645
2018-03-02 12:06:00,0.06065587727488264
2018-03-02 12:09:00,0.04870737082751475
2018-03-02 12:12:00,0.11112059585440193
2018-03-02 12:15:00,0.01174416967722891
2018-03-02 12:18:00,0.050175821417724364
2018-03-02 12:21:00,0.03930350965794105
2018-03-02 12:24:00,-0.05777942684375148
2018-03-02 12:27:00,0.0207219229919815
2018-03-02 12:30:00,-0.06297690501759234
2018-03-02 12:33:00,0.012700278516035723
2018-03-02 12:36:00,-0.03698510229054364
2018-03-02 12:39:00,-0.030313563923186848
2018-03-02 12:42:00,0.09128647424819292
2018-03-02 12:45:00,0.03152741258088554
2018-03-02 12:48:00,0.044379835510255816
2018-03-02 12:51:00,0.1455961189935806
2018-03-02 12:54:00,0.2036808618604482
2018-03-02 12:57:00,0.16519308091301355
2018-03-02 13:00:00,0.10150899382801981
2018-03-02 13:03:00,0.18505489947699516
2018-03-02 13:06:00,0.19132960361906726
2018-03-02 13:09:00,0.22328493650854853
2018-03-02 13:12:00,0.15746337920575115
2018-03-02 13:15:00,0.15492407621093207
2018-03-02 13:18:00,0.09506710718068234
2018-03-02 13:21:00,0.03146932801934099
2018-03-02 13:24:00,0.23010833725214752
2018-03-02 13:27:00,0.10295358306717617
2018-03-02 13:30:00,0.1553135773935992
2018-03-02 13:33:00,0.0264817877424548
2018-03-02 13:36:00,0.0854524308664395
2018-03-02 13:39:00,0.09497392272049865
2018-03-02 13:42:00,-0.06531081267308991
2018-03-02 13:45:00,0.08599568425597681
2018-03-02 13:48:00,0.14098343327964358
2018-03-02 13:51:00,0.01864328834619755
2018-03-02 13:54:00,0.07577735817403664
2018-03-02 13:57:00,0.07149297824219047
2018-03-02 14:00:00,0.09451565026466824
2018-03-02 14:03:00,0.11884934477518527
2018-03-02 14:06:00,0.17431985518652482
2018-03-02 14:09:00,0.12266849700000648
2018-03-02 14:12:00,0.16136986850295898
2018-03-02 14:15:00,0.11113087767603247
2018-03-02 14:18:00,0.169499592617683
2018-03-02 14:21:00,0.13228247218961542
2018-03-02 14:24:00,0.10246631716296406
2018-03-02 14:27:00,0.06398147332117787
2018-03-02 14:30:00,0.04260245089210457
2018-03-02 14:33:00,0.07781778878143086
2018-03-02 14:36:00,0.06363983043087273
2018-03-02 14:39:00,0.056924607572227615
2018-03-02 14:42:00,0.11016465191414682
2018-03-02 14:45:00,0.1156853385228942
2018-03-02 14:48:00,0.0893142571867429
2018-03-02 14:51:00,0.12130958428446093
2018-03-02 14:54:00,0.14749340660046073
2018-03-02 14:57:00,0.20599951516459214
2018-03-02 15:00:00,0.09239163607600176
2018-03-02 15:03:00,0.1953501429628659
2018-03-02 15:06:00,0.1480767819022617
2018-03-02 15:09:00,0.21788981585365264
2018-03-02 15:12:00,0.12650935891184645
2018-03-02 15:15:00,0.09446521513848438
2018-03-02 15:18:00,0.28788019998478376
2018-03-02 15:21:00,0.0772529111624749
2018-03-02 15:24:00,0.11101026114067736
2018-03-02 15:27:00,0.07638385510580292
2018-03-02 15:30:00,0.127927739721315
2018-03-02 15:33:00,0.13962034188028838
2018-03-02 15:36:00,0.12738999691617892
2018-03-02 15:39:00,0.14506881814429562
2018-03-02 15:42:00,0.08687883573821864
2018-03-02 15:45:00,0.08572746073792814
2018-03-02 15:48:00,0.16638968614739724
2018-03-02 15:51:00,0.04684921861070279
2018-03-02 15:54:00,0.22135608787505134
2018-03-02 15:57:00,0.09537336133899998
2018-03-02 16:00:00,0.17985639964149414
2018-03-02 16:03:00,0.199974740643313
2018-03-02 16:06:00,0.12842592471986336
2018-03-02 16:09:00,0.20800350499735032
2018-03-02 16:12:00,0.13315256574861678
2018-03-02 16:15:00,0.18444991789505139
2018-03-02 16:18:00,0.1515912378744133
2018-03-02 16:21:00,0.07705705019333209
2018-03-02 16:24:00,0.1401585700242549
2018-03-02 16:27:00,0.15174569598343624
2018-03-02 16:30:00,0.05777873070201167
2018-03-02 16:33:00,0.11118696417685214
2018-03-02 16:36:00,0.16644309037093308
2018-03-02 16:39:00,0.1192702022000276
2018-03-02 16:42:00,0.11936658493641517
2018-03-02 16:45:00,0.14569413976238366
2018-03-02 16:48:00,0.16775740638848902
2018-03-02 16:51:00,0.1046792920182611
2018-03-02 16:54:00,0.052557832073944155
2018-03-02 16:57:00,0.04606856749023791
2018-03-02 17:00:00,0.03503551282972239
2018-03-02 17:03:00,0.04999169324662489
2018-03-02 17:06:00,-0.011774639580380608
2018-03-02 17:09:00,-0.01198000331402227
2018-03-02 17:12:00,-0.048033291771730546
2018-03-02 17:15:00,0.046670176769112004
2018-03-02 17:18:00,0.08264821364656427
2018-03-02 17:21:00,0.029886620925765328
2018-03-02 17:24:00,0.07351522604130878
2018-03-02 17:27:00,0.04573147937230715
2018-03-02 17:30:00,0.14597635939571774
2018-03-02 17:33:00,0.0973090966662653
2018-03-02 17:36:00,0.11923910019396544
2018-03-02 17:39:00,0.13048258958042425
2018-03-02 17:42:00,0.06282045476848452
2018-03-02 17:45:00,0.16276082897536526
2018-03-02 17:48:00,0.19123307132355194
2018-03-02 17:51:00,0.11082143509383968
2018-03-02 17:54:00,0.128525167323005
2018-03-02 17:57:00,0.06528972477292427
2018-03-02 18:00:00,0.010514321201810617
2018-03-02 18:03:00,0.012179939066811585
2018-03-02 18:06:00,0.016321847320000415
2018-03-02 18:09:00,0.15531378173466237
2018-03-02 18:12:00,0.017475285189277656
2018-03-02 18:15:00,0.13915781486605283
2018-03-02 18:18:00,0.026471329766479812
2018-03-02 18:21:00,0.16317481626003882
2018-03-02 18:24:00,0.11377287140379622
2018-03-02 18:27:00,0.04674875840163395
2018-03-02 18:30:00,0.09647327581382115
2018-03-02 18:33:00,0.15378337828826716
2018-03-02 18:36:00,0.18032833815658478
2018-03-02 18:39:00,0.10497922282996797
2018-03-02 18:42:00,0.1355187493108474
2018-03-02 18:45:00,0.14933049006504007
2018-03-02 18:48:00,0.24139875223181662
2018-03-02 18:51:00,0.21353479899090644
2018-03-02 18:54:00,
2018-03-02 18:57:00,
2018-03-02 19:00:00,
2018-03-02 19:03:00,0.17289110133333452
2018-03-02 19:06:00,0.18941759094832378
2018-03-02 19:09:00,0.24156410728414812
2018-03-02 19:12:00,0.2217946151789647
2018-03-02 19:15:00,0.155493182891405
2018-03-02 19:18:00,0.2220142551952904
2018-03-02 19:21:00,0.1742097963963829
2018-03-02 19:24:00,0.3010702241841159
2018-03-02 19:27:00,0.18782312659703848
2018-03-02 19:30:00,0.24830933630761365
2018-03-02 19:33:00,0.15764775694185573
2018-03-02 19:36:00,0.2304724521333128
2018-03-02 19:39:00,0.2943057033950822
2018-03-02 19:42:00,0.23938953098087268
2018-03-02 19:45:00,0.13886894487950485
2018-03-02 19:48:00,0.23421813936067792
2018-03-02 19:51:00,0.17084855393454745
2018-03-02 19:54:00,0.23982483930609533
2018-03-02 19:57:00,0.1952469977642295
2018-03-02 20:00:00,0.2260382705021584
2018-03-02 20:03:00,0.1974377904086282
2018-03-02 20:06:00,0.20920890551133198
2018-03-02 20:09:00,0.20134037806542437
2018-03-02 20:12:00,0.18643274207465765
2018-03-02 20:15:00,0.12848224994456814
2018-03-02 20:18:00,0.24199991985454972
2018-03-02 20:21:00,0.31984113426671
2018-03-02 20:24:00,0.18937092926154264
2018-03-02 20:27:00,0.29733610002045907
2018-03-02 20:30:00,0.2620861321209986
2018-03-02 20:33:00,0.15817056911259897
2018-03-02 20:36:00,0.30140129094013446
2018-03-02 20:39:00,0.2358870596378324
2018-03-02 20:42:00,0.22012189838631002
2018-03-02 20:45:00,0.16650942777158662
2018-03-02 20:48:00,0.28363777294339343
2018-03-02 20:51:00,0.2827995713313385
2018-03-02 20:54:00,0.20748821314901988
2018-03-02 20:57:00,0.34354332470388727
2018-03-02 21:00:00,0.26238396842211387
2018-03-02 21:03:00,0.2875047159431574
2018-03-02 21:06:00,0.31865835042992785
2018-03-02 21:09:00,0.2768926191309333
2018-03-02 21:12:00,0.2645615500150029
2018-03-02 21:15:00,0.11576075081455883
2018-03-02 21:18:00,0.33945619615701617
2018-03-02 21:21:00,0.2985107039394279
2018-03-02 21:24:00,0.21126495627140685
2018-03-02 21:27:00,0.4055734628413461
2018-03-02 21:30:00,0.2662956010894959
2018-03-02 21:33:00,0.33071821189855655
2018-03-02 21:36:00,0.3774278993287794
2018-03-02 21:39:00,0.3484408724514765
2018-03-02 21:42:00,0.33320824466835575
2018-03-02 21:45:00,0.2876641598269316
2018-03-02 21:48:00,0.3218200855096143
2018-03-02 21:51:00,0.4480685926758383
2018-03-02 21:54:00,0.3867015741879527
2018-03-02 21:57:00,0.33249422769267767
2018-03-02 22:00:00,0.3309177188759236
2018-03-02 22:03:00,0.3025980387329241
2018-03-02 22:06:00,0.3528682449228313
2018-03-02 22:09:00,0.33977262195537605
2018-03-02 22:12:00,0.2417087435123335
2018-03-02 22:15:00,0.3068099693118711
2018-03-02 22:18:00,0.36751139350712947
2018-03-02 22:21:00,0.4750073697887842
2018-03-02 22:24:00,0.34084616265522527
2018-03-02 22:27:00,0.4634748890480296
2018-03-02 22:30:00,0.3942946722614806
2018-03-02 22:33:00,0.5432608090267195
2018-03-02 22:36:00,0.39339564523459103
2018-03-02 22:39:00,0.3542004276696389
2018-03-02 22:42:00,0.42110672999075405
2018-03-02 22:45:00,0.3598618421637525
2018-03-02 22:48:00,0.41209960951005087
2018-03-02 22:51:00,0.44843251904643466
2018-03-02 22:54:00,0.40652518042975316
2018-03-02 22:57:00,0.4464238077156324
2018-03-02 23:00:00,0.4471185169316527
2018-03-02 23:03:00,0.345282152029597
2018-03-02 23:06:00,0.3761103589477557
2018-03-02 23:09:00,0.5158565565903359
2018-03-02 23:12:00,0.41535389074999784
2018-03-02 23:15:00,0.2389935150252427
2018-03-02 23:18:00,0.43073634782206227
2018-03-02 23:21:00,0.4478670912745315
2018-03-02 23:24:00,0.32451847509514664
2018-03-02 23:27:00,0.4306238276604972
2018-03-02 23:30:00,0.3982999809619514
2018-03-02 23:33:00,0.46768131463505824
2018-03-02 23:36:00,0.4534177867819267
2018-03-02 23:39:00,0.3955041484459798
2018-03-02 23:42:00,0.5246894787505312
2018-03-02 23:45:00,0.40606663931691855
2018-03-02 23:48:00,0.3674076629056344
2018-03-02 23:51:00,0.44136247353856106
2018-03-02 23:54:00,0.3781256530161272
2018-03-02 23:57:00,0.33425265304987306
2018-03-03 00:00:00,0.45164478719669887
2018-03-03 00:03:00,0.42068796063688296
2018-03-03 00:06:00,0.33144905609151465
2018-03-03 00:09:00,0.4290522104673755
2018-03-03 00:12:00,0.44899748628358793
2018-03-03 00:15:00,0.3097001950213212
2018-03-03 00:18:00,0.37090499113412534
2018-03-03 00:21:00,0.3069806173652978
2018-03-03 00:24:00,0.4014076118175467
2018-03-03 00:27:00,0.4652069488515167
2018-03-03 00:30:00,0.36367196698012094
2018-03-03 00:33:00,0.36345012675349153
2018-03-03 00:36:00,0.4660131861706418
2018-03-03 00:39:00,0.3292546856089871
2018-03-03 00:42:00,0.45799362038781055
2018-03-03 00:45:00,0.36333817351186326
2018-03-03 00:48:00,0.3410308026560642
2018-03-03 00:51:00,0.46913092229954145
2018-03-03 00:54:00,0.46373626127501666
2018-03-03 00:57:00,0.47879802011738093
2018-03-03 01:00:00,0.4503721580299498
2018-03-03 01:03:00,0.3816060229431173
2018-03-03 01:06:00,0.3580658824214993
2018-03-03 01:09:00,0.35760417175163184
2018-03-03 01:12:00,0.39384001666223867
2018-03-03 01:15:00,0.46838352567789343
2018-03-03 01:18:00,0.42133846006464637
2018-03-03 01:21:00,0.5078970681612986
2018-03-03 01:24:00,0.4820302651658608
2018-03-03 01:27:00,0.4455517103749571
2018-03-03 01:30:00,0.37518535474430337
2018-03-03 01:33:00,0.36511466505334056
2018-03-03 01:36:00,0.36427418345192564
2018-03-03 01:39:00,0.36154057676543516
2018-03-03 01:42:00,0.45463644736804554
2018-03-03 01:45:00,0.40808240531214324
2018-03-03 01:48:00,0.386969728174563
2018-03-03 01:51:00,0.41464284569622123
2018-03-03 01:54:00,0.40574087093750677
2018-03-03 01:57:00,0.46183143252221726
2018-03-03 02:00:00,0.39749409825157045
2018-03-03 02:03:00,0.4903525753913982
2018-03-03 02:06:00,0.47943031524749813
2018-03-03 02:09:00,0.35350186490779834
2018-03-03 02:12:00,0.4041172617423854
2018-03-03 02:15:00,0.28135789708181846
2018-03-03 02:18:00,0.3830710524363212
2018-03-03 02:21:00,0.498171770039221
2018-03-03 02:24:00,0.3604056235449775
2018-03-03 02:27:00,0.4308291027728046
2018-03-03 02:30:00,0.44512256164870223
2018-03-03 02:33:00,0.4116995037307447
2018-03-03 02:36:00,0.3259905030754453
2018-03-03 02:39:00,0.4774826209046523
2018-03-03 02:42:00,0.39217871103682
2018-03-03 02:45:00,0.47747178164297566
2018-03-03 02:48:00,0.4792827206339325
2018-03-03 02:51:00,0.4223889620240584
2018-03-03 02:54:00,0.3340275955978882
2018-03-03 02:57:00,0.34922461077542266
2018-03-03 03:00:00,0.39063320953925995
2018-03-03 03:03:00,0.36557632010431007
2018-03-03 03:06:00,0.4176624017097197
2018-03-03 03:09:00,0.5243940994091076
2018-03-03 03:12:00,0.3097926963399118
2018-03-03 03:15:00,0.35586936442967954
2018-03-03 03:18:00,0.471208878839775
2018-03-03 03:21:00,0.4221182045599221
2018-03-03 03:24:00,0.4290732801091508
2018-03-03 03:27:00,0.34710901379139614
2018-03-03 03:30:00,0.3980573198398929
2018-03-03 03:33:00,0.39447040998055627
2018-03-03 03:36:00,0.4640527335344018
2018-03-03 03:39:00,0.4437668198453366
2018-03-03 03:42:00,0.43752388286662836
2018-03-03 03:45:00,0.5606159446971333
2018-03-03 03:48:00,0.39400416357858603
2018-03-03 03:51:00,0.5132771289671609
2018-03-03 03:54:00,0.4867389542269507
2018-03-03 03:57:00,0.5006920530126422
2018-03-03 04:00:00,0.48758891836695284
2018-03-03 04:03:00,0.3350637107969874
2018-03-03 04:06:00,0.4619517886562221
2018-03-03 04:09:00,0.4453226548042153
2018-03-03 04:12:00,0.28812399270987044
2018-03-03 04:15:00,0.38901642713494766
2018-03-03 04:18:00,0.3889328404446246
2018-03-03 04:21:00,0.32019825644931643
2018-03-03 04:24:00,0.35771664505500667
2018-03-03 04:27:00,0.36542704820783456
2018-03-03 04:30:00,0.36340659897120986
2018-03-03 04:33:00,0.33319749502965124
2018-03-03 04:36:00,0.4855156561302465
2018-03-03 04:39:00,0.31863837854689336
2018-03-03 04:42:00,0.401594771886721
2018-03-03 04:45:00,0.46033874864133395
2018-03-03 04:48:00,0.43727846824771177
2018-03-03 04:51:00,0.5169580981678905
2018-03-03 04:54:00,0.45331643536968613
2018-03-03 04:57:00,0.4750618576957777
2018-03-03 05:00:00,0.4442592489413073
2018-03-03 05:03:00,0.3433020406152423
2018-03-03 05:06:00,0.34905803306588723
2018-03-03 05:09:00,0.4081031133343913
2018-03-03 05:12:00,0.4248921762758755
2018-03-03 05:15:00,0.45369794952370057
2018-03-03 05:18:00,0.3360165189389477
2018-03-03 05:21:00,0.4911951429726855
2018-03-03 05:24:00,0.3437142914732476
2018-03-03 05:27:00,0.3460903588800761
2018-03-03 05:30:00,0.3274920703703401
2018-03-03 05:33:00,0.3680909869925131
2018-03-03 05:36:00,0.3793041639031003
2018-03-03 05:39:00,0.3519040116679548
2018-03-03 05:42:00,0.35731065060480205
2018-03-03 05:45:00,0.464500826737833
2018-03-03 05:48:00,0.44916088269008014
2018-03-03 05:51:00,0.4234857064499238
2018-03-03 05:54:00,0.49590901046519775
2018-03-03 05:57:00,0.4208308418819229
2018-03-03 06:00:00,0.4923079878649901
2018-03-03 06:03:00,0.37397506964475724
2018-03-03 06:06:00,0.4362901253210225
2018-03-03 06:09:00,0.4709098459002803
2018-03-03 06:12:00,0.4478157611774236
2018-03-03 06:15:00,0.4739980907946233
2018-03-03 06:18:00,0.42065105244199685
2018-03-03 06:21:00,0.42507901473226184
2018-03-03 06:24:00,0.45069227153277325
2018-03-03 06:27:00,0.40968278491982346
2018-03-03 06:30:00,0.5542288877006172
2018-03-03 06:33:00,0.35678665273439947
2018-03-03 06:36:00,0.38268020315348394
2018-03-03 06:39:00,0.27908604501766376
2018-03-03 06:42:00,0.4352127545816984
2018-03-03 06:45:00,0.3751489507478709
2018-03-03 06:48:00,0.5011980704340999
2018-03-03 06:51:00,0.44246910348221036
2018-03-03 06:54:00,0.37628806238205925
2018-03-03 06:57:00,0.47735246655327046
2018-03-03 07:00:00,0.3431126595799583
2018-03-03 07:03:00,0.3171065795584127
2018-03-03 07:06:00,0.37761609954952746
2018-03-03 07:09:00,0.49601763799614673
2018-03-03 07:12:00,0.4451971009982003
2018-03-03 07:15:00,0.32251048602353194
2018-03-03 07:18:00,0.35536227052369895
2018-03-03 07:21:00,0.40734829897388636
2018-03-03 07:24:00,0.3273415517672902
2018-03-03 07:27:00,0.38995393655750377
2018-03-03 07:30:00,0.4215423374025704
2018-03-03 07:33:00,0.303201023031761
2018-03-03 07:36:00,0.40030443538370264
2018-03-03 07:39:00,0.39379348798775027
2018-03-03 07:42:00,0.5223625681556427
2018-03-03 07:45:00,0.4512669842521859
2018-03-03 07:48:00,0.4835773851730778
2018-03-03 07:51:00,0.42023857895543415
2018-03-03 07:54:00,0.5414155032304961
2018-03-03 07:57:00,0.41369803052367615
2018-03-03 08:00:00,0.49408282218939803
2018-03-03 08:03:00,0.5261678119065323
2018-03-03 08:06:00,0.45322356216706794
2018-03-03 08:09:00,0.4194363070432132
2018-03-03 08:12:00,0.4736145490093122
2018-03-03 08:15:00,0.44372269121748786
2018-03-03 08:18:00,0.44650450821092136
2018-03-03 08:21:00,0.4702206305392451
2018-03-03 08:24:00,0.32374227078651074
2018-03-03 08:27:00,0.46709268640256596
2018-03-03 08:30:00,0.4484218068520818
2018-03-03 08:33:00,0.4546510902183627
2018-03-03 08:36:00,0.2531137473230274
2018-03-03 08:39:00,0.3994120520260367
2018-03-03 08:42:00,0.34393085331879547
2018-03-03 08:45:00,0.452915977799762
2018-03-03 08:48:00,0.32383916479187747
2018-03-03 08:51:00,0.34120566110595973
2018-03-03 08:54:00,0.3788357016301802
2018-03-03 08:57:00,0.3910088888019345
2018-03-03 09:00:00,0.36847104224250415
2018-03-03 09:03:00,0.29057443457975296
2018-03-03 09:06:00,0.34541258248526674
2018-03-03 09:09:00,0.3053561239758551
2018-03-03 09:12:00,0.18909214997410118
2018-03-03 09:15:00,0.2531608543779953
2018-03-03 09:18:00,0.15917441005274213
2018-03-03 09:21:00,0.223705121001899
2018-03-03 09:24:00,0.2226723242243338
2018-03-03 09:27:00,0.26023264192400575
2018-03-03 09:30:00,0.15243698513512527
2018-03-03 09:33:00,0.23570164879515687
2018-03-03 09:36:00,0.13029884713790807
2018-03-03 09:39:00,0.1868661458488532
2018-03-03 09:42:00,0.2993688945374515
2018-03-03 09:45:00,0.15178551934076268
2018-03-03 09:48:00,0.17675422766694737
2018-03-03 09:51:00,0.1629087424708473
2018-03-03 09:54:00,0.002486789628335373
2018-03-03 09:57:00,0.1956124998836799
2018-03-03 10:00:00,0.08622907881095898
2018-03-03 10:03:00,0.22253188768047494
2018-03-03 10:06:00,0.057991640629609265
2018-03-03 10:09:00,0.14825720377768903
2018-03-03 10:12:00,0.01271212598777538
2018-03-03 10:15:00,0.06004496922793123
2018-03-03 10:18:00,0.17357309465450044
2018-03-03 10:21:00,0.05964005814286111
2018-03-03 10:24:00,-0.011511018054591204
2018-03-03 10:27:00,0.13258606674344264
2018-03-03 10:30:00,-0.07005589428030135
2018-03-03 10:33:00,0.1393966780007645
2018-03-03 10:36:00,0.01618759764215838
2018-03-03 10:39:00,-0.019262815793013033
2018-03-03 10:42:00,-0.03648946400898012
2018-03-03 10:45:00,0.07133705020743264
2018-03-03 10:48:00,0.0454170492259891
2018-03-03 10:51:00,0.027493041673039897
2018-03-03 10:54:00,-0.008435060793487992
2018-03-03 10:57:00,-0.06041270063229831
2018-03-03 11:00:00,-0.025057409490671034
2018-03-03 11:03:00,0.05111940447983443
2018-03-03 11:06:00,-0.04501543781913142
2018-03-03 11:09:00,0.03303565643858519
2018-03-03 11:12:00,0.023835926178549016
2018-03-03 11:15:00,-0.07873355846976438
2018-03-03 11:18:00,-0.1642066623326741
2018-03-03 11:21:00,-0.07209082343604223
2018-03-03 11:24:00,-0.08759531651293173
2018-03-03 11:27:00,0.015010567404885933
2018-03-03 11:30:00,-0.06822904883239289
2018-03-03 11:33:00,-0.12439551880049748
2018-03-03 11:36:00,-0.06224175511118801
2018-03-03 11:39:00,-0.05626603622516768
2018-03-03 11:42:00,-0.11947120510427567
2018-03-03 11:45:00,-0.07204354570342275
2018-03-03 11:48:00,-0.10747043961953295
2018-03-03 11:51:00,0.017784287839447188
2018-03-03 11:54:00,-0.08693453790402828
2018-03-03 11:57:00,-0.20257946967836915
2018-03-03 12:00:00,-0.09538793296627546
2018-03-03 12:03:00,-0.22868091760909692
2018-03-03 12:06:00,-0.10669402213227386
2018-03-03 12:09:00,-0.04146094327728633
2018-03-03 12:12:00,-0.06658055474099456
2018-03-03 12:15:00,-0.044381043074906756
2018-03-03 12:18:00,-0.09105777750170319
2018-03-03 12:21:00,-0.08988138629916875
2018-03-03 12:24:00,0.03353974310931562
2018-03-03 12:27:00,-0.06925858795381146
2018-03-03 12:30:00,-0.17815091740652633
2018-03-03 12:33:00,-0.002505975642748126
2018-03-03 12:36:00,-0.059391653524698995
2018-03-03 12:39:00,-0.23242942749760687
2018-03-03 12:42:00,-0.20273452088810018
2018-03-03 12:45:00,-0.22775105583741606
2018-03-03 12:48:00,-0.05491690175097119
2018-03-03 12:51:00,-0.21172872195239734
2018-03-03 12:54:00,-0.11863897113414623
2018-03-03 12:57:00,-0.23129376825124837
2018-03-03 13:00:00,-0.20130131977344945
2018-03-03 13:03:00,-0.21775429933796886
2018-03-03 13:06:00,-0.13835167661210335
2018-03-03 13:09:00,-0.25242491349507645
2018-03-03 13:12:00,-0.19638346185530509
2018-03-03 13:15:00,-0.19610239932529794
2018-03-03 13:18:00,-0.3874999917138098
2018-03-03 13:21:00,-0.1776963525541646
2018-03-03 13:24:00,-0.13434868006140732
2018-03-03 13:27:00,-0.17697596159734985
2018-03-03 13:30:00,-0.21220996060401376
2018-03-03 13:33:00,-0.2841578898406283
2018-03-03 13:36:00,-0.16765404195808742
2018-03-03 13:39:00,-0.24011370990319847
2018-03-03 13:42:00,-0.21187876335682176
2018-03-03 13:45:00,-0.2343767808024495
2018-03-03 13:48:00,-0.22717962714278883
2018-03-03 13:51:00,-0.173674066782894
2018-03-03 13:54:00,-0.16097903795952107
2018-03-03 13:57:00,-0.2324689376318929
2018-03-03 14:00:00,-0.21865023821811747
2018-03-03 14:03:00,-0.2893133428722763
2018-03-03 14:06:00,-0.29763559563934905
2018-03-03 14:09:00,-0.2199112624685995
2018-03-03 14:12:00,-0.18924761056376838
2018-03-03 14:15:00,-0.2002544467229086
2018-03-03 14:18:00,-0.0196487418637048
2018-03-03 14:21:00,-0.006554538875548133
2018-03-03 14:24:00,-0.09996941804541848
2018-03-03 14:27:00,-0.14128714538583154
2018-03-03 14:30:00,-0.12481776799995714
2018-03-03 14:33:00,-0.09557805204968872
2018-03-03 14:36:00,-0.05743459335519674
2018-03-03 14:39:00,-0.17423822923791477
2018-03-03 14:42:00,-0.037646477127111666
2018-03-03 14:45:00,-0.0440708215338077
2018-03-03 14:48:00,-0.11995086960286017
2018-03-03 14:51:00,-0.01859424504158369
2018-03-03 14:54:00,-0.011649948874264737
2018-03-03 14:57:00,-0.040029156945877276
2018-03-03 15:00:00,-0.09265868757034923
2018-03-03 15:03:00,0.05370605028559794
2018-03-03 15:06:00,-0.1180734786278208
2018-03-03 15:09:00,-0.024961777941769014
2018-03-03 15:12:00,-0.13325316574321278
2018-03-03 15:15:00,-0.05080164547985078
2018-03-03 15:18:00,0.019081117324219576
2018-03-03 15:21:00,0.0774548352097213
2018-03-03 15:24:00,-0.04939355747137597
2018-03-03 15:27:00,-0.11645984831102396
2018-03-03 15:30:00,-0.03188023075341562
2018-03-03 15:33:00,-0.026828767014251298
2018-03-03 15:36:00,-0.06762293039406586
2018-03-03 15:39:00,-0.21669528006714245
2018-03-03 15:42:00,-0.16912224142828336
2018-03-03 15:45:00,-0.19189700321857117
2018-03-03 15:48:00,-0.04667357858409105
2018-03-03 15:51:00,-0.0835638805190797
2018-03-03 15:54:00,-0.11197818266327886
2018-03-03 15:57:00,0.06950910953338507
2018-03-03 16:00:00,0.12034282417585018
2018-03-03 16:03:00,0.2701486707488243
2018-03-03 16:06:00,0.05655990730059557
2018-03-03 16:09:00,0.00990271390099906
2018-03-03 16:12:00,-0.028684610615698602
2018-03-03 16:15:00,0.019954942894173655
2018-03-03 16:18:00,0.0011178688868085374
2018-03-03 16:21:00,0.054189811255412224
2018-03-03 16:24:00,0.15905273757840632
2018-03-03 16:27:00,0.09047185716690365
2018-03-03 16:30:00,0.11917590969534331
2018-03-03 16:33:00,0.09896553607751457
2018-03-03 16:36:00,0.02411266068054374
2018-03-03 16:39:00,-0.03934417083303288
2018-03-03 16:42:00,-0.006871352760299487
2018-03-03 16:45:00,-0.06133518787265757
2018-03-03 16:48:00,-0.0601876729012929
2018-03-03 16:51:00,0.012759168377215246
2018-03-03 16:54:00,-0.015514876271481626
2018-03-03 16:57:00,-0.04239048251810118
2018-03-03 17:00:00,-0.058469936720769056
2018-03-03 17:03:00,-0.060853526523487744
2018-03-03 17:06:00,-0.0276264852864756
2018-03-03 17:09:00,-0.0023501851016476394
2018-03-03 17:12:00,0.153968785425036
2018-03-03 17:15:00,0.05513362608547823
2018-03-03 17:18:00,0.10441416040197282
2018-03-03 17:21:00,0.12122559510441988
2018-03-03 17:24:00,0.2988233944199692
2018-03-03 17:27:00,0.3480668113442107
2018-03-03 17:30:00,0.2313309903866525
2018-03-03 17:33:00,0.46144362184827514
2018-03-03 17:36:00,0.47692345147822834
2018-03-03 17:39:00,0.3872458390735005
2018-03-03 17:42:00,0.2990931947436479
2018-03-03 17:45:00,0.19533261997588625
2018-03-03 17:48:00,0.09562118377209572
2018-03-03 17:51:00,0.03628204214106745
2018-03-03 17:54:00,0.1026890388155266
2018-03-03 17:57:00,0.07513747736243204
2018-03-03 18:00:00,0.12170951847622291
2018-03-03 18:03:00,0.16277035420074526
2018-03-03 18:06:00,0.1834181805722892
2018-03-03 18:09:00,0.16186890464666703
2018-03-03 18:12:00,0.0698053461999848
2018-03-03 18:15:00,0.08568566135539868
2018-03-03 18:18:00,0.15240532576507348
2018-03-03 18:21:00,0.18660071918407084
2018-03-03 18:24:00,0.14743639224815297
2018-03-03 18:27:00,0.26239937570034044
2018-03-03 18:30:00,0.21814882130320257
2018-03-03 18:33:00,0.1793159425496924
2018-03-03 18:36:00,0.08092077798340824
2018-03-03 18:39:00,0.17285909197090632
2018-03-03 18:42:00,0.27487924350322146
2018-03-03 18:45:00,0.13902090201054307
2018-03-03 18:48:00,0.2558374040838771
2018-03-03 18:51:00,0.09258903151481945
2018-03-03 18:54:00,0.14854342525762831
2018-03-03 18:57:00,
2018-03-03 19:00:00,
2018-03-03 19:03:00,0.1794047580476672
2018-03-03 19:06:00,0.19738503965663767
2018-03-03 19:09:00,0.19375238335686618
2018-03-03 19:12:00,0.1765555248948658
2018-03-03 19:15:00,0.20140084130696323
2018-03-03 19:18:00,0.09841967080637914
2018-03-03 19:21:00,0.18290655549691337
2018-03-03 19:24:00,0.1483685692909944
2018-03-03 19:27:00,0.13484770307945837
2018-03-03 19:30:00,0.34362541136664504
2018-03-03 19:33:00,0.14098956214309055
2018-03-03 19:36:00,0.1889134236991481
2018-03-03 19:39:00,0.3068201212614099
2018-03-03 19:42:00,0.18223776833650618
2018-03-03 19:45:00,0.3033022985524667
2018-03-03 19:48:00,0.2520289420150448
2018-03-03 19:51:00,0.1671299387298859
2018-03-03 19:54:00,0.21131795055561042
2018-03-03 19:57:00,0.20914318849423807
2018-03-03 20:00:00,0.1385791627811841
2018-03-03 20:03:00,0.24364087600173434
2018-03-03 20:06:00,0.2925326064163869
2018-03-03 20:09:00,0.19037678658224877
2018-03-03 20:12:00,0.281468661416568
2018-03-03 20:15:00,0.26207188454191055
2018-03-03 20:18:00,0.30253851166980894
2018-03-03 20:21:00,0.16413641653593913
2018-03-03 20:24:00,0.39062969101581757
2018-03-03 20:27:00,0.3690413740780514
2018-03-03 20:30:00,0.1823082830501903
2018-03-03 20:33:00,0.2309502816617055
2018-03-03 20:36:00,0.23361866279628885
2018-03-03 20:39:00,0.33958925730331657
2018-03-03 20:42:00,0.26288079154494426
2018-03-03 20:45:00,0.19796113400866489
2018-03-03 20:48:00,0.25453475954026317
2018-03-03 20:51:00,0.3920252338012915
2018-03-03 20:54:00,0.2295444027328699
2018-03-03 20:57:00,0.1879457317746187
2018-03-03 21:00:00,0.35575943999049287
2018-03-03 21:03:00,0.30024123198012376
2018-03-03 21:06:00,0.264592555818183
2018-03-03 21:09:00,0.318721917560822
2018-03-03 21:12:00,0.2490843128484812
2018-03-03 21:15:00,0.3362558389605397
2018-03-03 21:18:00,0.31304003515782597
2018-03-03 21:21:00,0.39387404172668994
2018-03-03 21:24:00,0.2937901503020157
2018-03-03 21:27:00,0.38528692828299427
2018-03-03 21:30:00,0.3939784404830675
2018-03-03 21:33:00,0.3909601155362452
2018-03-03 21:36:00,0.2971523463867811
2018-03-03 21:39:00,0.32514030490671075
2018-03-03 21:42:00,0.23465162549968
2018-03-03 21:45:00,0.24162174460087726
2018-03-03 21:48:00,0.3482888209821908
2018-03-03 21:51:00,0.2654880757991691
2018-03-03 21:54:00,0.3640240040942331
2018-03-03 21:57:00,0.35908947475098785
2018-03-03 22:00:00,0.35100255950538894
2018-03-03 22:03:00,0.2754018340711468
2018-03-03 22:06:00,0.23930212499590198
2018-03-03 22:09:00,0.28527394780246595
2018-03-03 22:12:00,0.3321849590078614
2018-03-03 22:15:00,0.3264825272345888
2018-03-03 22:18:00,0.38146374552781026
2018-03-03 22:21:00,0.39524564720881017
2018-03-03 22:24:00,0.31368332741277527
2018-03-03 22:27:00,0.35109812426532017
2018-03-03 22:30:00,0.37602082165955153
2018-03-03 22:33:00,0.44988576364130495
2018-03-03 22:36:00,0.38252403842398053
2018-03-03 22:39:00,0.3198826511516586
2018-03-03 22:42:00,0.47929836721363017
2018-03-03 22:45:00,0.4494130228882227
2018-03-03 22:48:00,0.47360102006462057
2018-03-03 22:51:00,0.4779362783486363
2018-03-03 22:54:00,0.30201683906335575
2018-03-03 22:57:00,0.4297128871173186
2018-03-03 23:00:00,0.3276018633324611
2018-03-03 23:03:00,0.3876462762349888
2018-03-03 23:06:00,0.45456353249238646
2018-03-03 23:09:00,0.44759983783035295
2018-03-03 23:12:00,0.3489234139769337
2018-03-03 23:15:00,0.3403791684602311
2018-03-03 23:18:00,0.2967310273688213
2018-03-03 23:21:00,0.3972328413952937
2018-03-03 23:24:00,0.3902392531081773
2018-03-03 23:27:00,0.4084816995068081
2018-03-03 23:30:00,0.46581464146777307
2018-03-03 23:33:00,0.37680769082470533
2018-03-03 23:36:00,0.4181408038866721
2018-03-03 23:39:00,0.32910494355928677
2018-03-03 23:42:00,0.4783178453141659
2018-03-03 23:45:00,0.40603625916310193
2018-03-03 23:48:00,0.4097866409861126
2018-03-03 23:51:00,0.5227761954501489
2018-03-03 23:54:00,0.43555641629870934
2018-03-03 23:57:00,0.4078937381513583
2018-03-04 00:00:00,0.4222247884311514
2018-03-04 00:03:00,0.4545993824737593
2018-03-04 00:06:00,0.48960247991539063
2018-03-04 00:09:00,0.3937632914519895
2018-03-04 00:12:00,0.515576967642005
2018-03-04 00:15:00,0.4108641003422804
2018-03-04 00:18:00,0.44295836230912755
2018-03-04 00:21:00,0.4983294928755413
2018-03-04 00:24:00,0.5127506165682121
2018-03-04 00:27:00,0.5308117259054939
2018-03-04 00:30:00,0.4338800891442247
2018-03-04 00:33:00,0.5224615293469697
2018-03-04 00:36:00,0.41403369716857696
2018-03-04 00:39:00,0.316633521546521
2018-03-04 00:42:00,0.5223506143122449
2018-03-04 00:45:00,0.49293300746961677
2018-03-04 00:48:00,0.4389207890633884
2018-03-04 00:51:00,0.4525696877572045
2018-03-04 00:54:00,0.4632231096687178
2018-03-04 00:57:00,0.46945798775141157
2018-03-04 01:00:00,0.3181155856483997
2018-03-04 01:03:00,0.4909268839855372
2018-03-04 01:06:00,0.461842111583735
2018-03-04 01:09:00,0.4176615640156456
2018-03-04 01:12:00,0.5124375772320491
2018-03-04 01:15:00,0.37758723017844886
2018-03-04 01:18:00,0.35634570608681315
2018-03-04 01:21:00,0.5340291793139613
2018-03-04 01:24:00,0.4143461083575062
2018-03-04 01:27:00,0.41350899596920954
2018-03-04 01:30:00,0.33799779686785314
2018-03-04 01:33:00,0.5132620167086657
2018-03-04 01:36:00,0.4274223852789305
2018-03-04 01:39:00,0.39955135594971125
2018-03-04 01:42:00,0.35558535404982194
2018-03-04 01:45:00,0.4435872720077896
2018-03-04 01:48:00,0.33292920000275217
2018-03-04 01:51:00,0.3686241380618185
2018-03-04 01:54:00,0.44811603237030795
2018-03-04 01:57:00,0.45817334066754256
2018-03-04 02:00:00,0.35110886088870075
2018-03-04 02:03:00,0.4545081904517474
2018-03-04 02:06:00,0.3874150696935885
2018-03-04 02:09:00,0.43557590874746666
2018-03-04 02:12:00,0.4817990243121244
2018-03-04 02:15:00,0.37622918279475925
2018-03-04 02:18:00,0.42671019990348213
2018-03-04 02:21:00,0.4591332390767775
2018-03-04 02:24:00,0.34267504164341744
2018-03-04 02:27:00,0.5255933928511922
2018-03-04 02:30:00,0.42095980255459153
2018-03-04 02:33:00,0.5082335786993895
2018-03-04 02:36:00,0.5075766347224544
2018-03-04 02:39:00,0.448852180135475
2018-03-04 02:42:00,0.489163067868958
2018-03-04 02:45:00,0.544759392884032
2018-03-04 02:48:00,0.4424634844079378
2018-03-04 02:51:00,0.5811363497300022
2018-03-04 02:54:00,0.45215927929496047
2018-03-04 02:57:00,0.48332545626743695
2018-03-04 03:00:00,0.49961189558433716
2018-03-04 03:03:00,0.47495138413478344
2018-03-04 03:06:00,0.4911616648055883
2018-03-04 03:09:00,0.521878861876985
2018-03-04 03:12:00,0.45631591092904955
2018-03-04 03:15:00,0.5095604144872254
2018-03-04 03:18:00,0.5885896213806063
2018-03-04 03:21:00,0.36685047867575804
2018-03-04 03:24:00,0.45790742662450157
2018-03-04 03:27:00,0.4862601681318779
2018-03-04 03:30:00,0.5220906188874892
2018-03-04 03:33:00,0.425501478675983
2018-03-04 03:36:00,0.4289327085503487
2018-03-04 03:39:00,0.4517310549820195
2018-03-04 03:42:00,0.45698958006596513
2018-03-04 03:45:00,0.4596331004575518
2018-03-04 03:48:00,0.4751239623256538
2018-03-04 03:51:00,0.4983080628100538
2018-03-04 03:54:00,0.5732581162010888
2018-03-04 03:57:00,0.39098893885790176
2018-03-04 04:00:00,0.5170094621443582
2018-03-04 04:03:00,0.5401520607076691
2018-03-04 04:06:00,0.45642697596139215
2018-03-04 04:09:00,0.46131149216608947
2018-03-04 04:12:00,0.5092404249728588
2018-03-04 04:15:00,0.5549379931729845
2018-03-04 04:18:00,0.5399160512552612
2018-03-04 04:21:00,0.3691481744509133
2018-03-04 04:24:00,0.46687621031446724
2018-03-04 04:27:00,0.531513766869125
2018-03-04 04:30:00,0.4610658159150489
2018-03-04 04:33:00,0.5238565266549244
2018-03-04 04:36:00,0.5313552533552865
2018-03-04 04:39:00,0.597092697337132
2018-03-04 04:42:00,0.5145292199488836
2018-03-04 04:45:00,0.5236466973192364
2018-03-04 04:48:00,0.3496103183941841
2018-03-04 04:51:00,0.4289795242273726
2018-03-04 04:54:00,0.6089434701536334
2018-03-04 04:57:00,0.5122573551909113
2018-03-04 05:00:00,0.5143442985514071
2018-03-04 05:03:00,0.4971815295364195
2018-03-04 05:06:00,0.5650596541308346
2018-03-04 05:09:00,0.5573653328171986
2018-03-04 05:12:00,0.6183355073905545
2018-03-04 05:15:00,0.5145908675616511
2018-03-04 05:18:00,0.5386112599011312
2018-03-04 05:21:00,0.6003470701367633
2018-03-04 05:24:00,0.65402625425628
2018-03-04 05:27:00,0.6209281314590953
2018-03-04 05:30:00,0.537762731699388
2018-03-04 05:33:00,0.5763046687671363
2018-03-04 05:36:00,0.5300428280677352
2018-03-04 05:39:00,0.5237499431744936
2018-03-04 05:42:00,0.6147814202117843
2018-03-04 05:45:00,0.6829159968706904
2018-03-04 05:48:00,0.46683596490362333
2018-03-04 05:51:00,0.6484888904279842
2018-03-04 05:54:00,0.5512451565761012
2018-03-04 05:57:00,0.543454911333697
2018-03-04 06:00:00,0.6134897855428108
2018-03-04 06:03:00,0.5807245837187338
2018-03-04 06:06:00,0.5785323096948787
2018-03-04 06:09:00,0.5505135163877526
2018-03-04 06:12:00,0.5901826960653125
2018-03-04 06:15:00,0.6502011623213093
2018-03-04 06:18:00,0.5955513264713659
2018-03-04 06:21:00,0.5534206607867418
2018-03-04 06:24:00,0.6170402573708884
2018-03-04 06:27:00,0.6039271659772112
2018-03-04 06:30:00,0.5779867298983845
2018-03-04 06:33:00,0.5425867917550704
2018-03-04 06:36:00,0.4413085061957531
2018-03-04 06:39:00,0.5776625792690879
2018-03-04 06:42:00,0.533927887257903
2018-03-04 06:45:00,0.5496061310566347
2018-03-04 06:48:00,0.5644769194499304
2018-03-04 06:51:00,0.5073005447890182
2018-03-04 06:54:00,0.5451022270660815
2018-03-04 06:57:00,0.46283592406956586
2018-03-04 07:00:00,0.5732616495622551
2018-03-04 07:03:00,0.5544532424617614
2018-03-04 07:06:00,0.48631669642355746
2018-03-04 07:09:00,0.6499102017996279
2018-03-04 07:12:00,0.5599181816048713
2018-03-04 07:15:00,0.5604708326888499
2018-03-04 07:18:00,0.46749775092041546
2018-03-04 07:21:00,0.5832457387199383
2018-03-04 07:24:00,0.6112808254565607
2018-03-04 07:27:00,0.5553339511343438
2018-03-04 07:30:00,0.6001047698710522
2018-03-04 07:33:00,0.609804405418231
2018-03-04 07:36:00,0.5550356262593823
2018-03-04 07:39:00,0.6407291906010073
2018-03-04 07:42:00,0.5579616265651453
2018-03-04 07:45:00,0.5089968534461491
2018-03-04 07:48:00,0.6104691295508928
2018-03-04 07:51:00,0.5742938652011844
2018-03-04 07:54:00,0.6234306490073322
2018-03-04 07:57:00,0.5956883449671295
2018-03-04 08:00:00,0.5805768612599422
2018-03-04 08:03:00,0.5978492112072331
2018-03-04 08:06:00,0.610444131604936
2018-03-04 08:09:00,0.688829947105603
2018-03-04 08:12:00,0.5409180160257279
2018-03-04 08:15:00,0.5067794447725191
2018-03-04 08:18:00,0.43416414957215466
2018-03-04 08:21:00,0.46929423593422825
2018-03-04 08:24:00,0.5969993243089107
2018-03-04 08:27:00,0.4799563748773039
2018-03-04 08:30:00,0.46873768302219787
2018-03-04 08:33:00,0.5894990075981354
2018-03-04 08:36:00,0.5244645536910184
2018-03-04 08:39:00,0.656277992893024
2018-03-04 08:42:00,0.5226836370776482
2018-03-04 08:45:00,0.5056725998554157
2018-03-04 08:48:00,0.471250574607609
2018-03-04 08:51:00,0.543124904770707
2018-03-04 08:54:00,0.39828660615791023
2018-03-04 08:57:00,0.5254622132437703
2018-03-04 09:00:00,0.45571378100760285
2018-03-04 09:03:00,0.4452351587245289
2018-03-04 09:06:00,0.42975752813543977
2018-03-04 09:09:00,0.3891214943454884
2018-03-04 09:12:00,0.322338870551107
2018-03-04 09:15:00,0.5317459844028463
2018-03-04 09:18:00,0.45026824711146674
2018-03-04 09:21:00,0.41898104355652777
2018-03-04 09:24:00,0.4318989181356301
2018-03-04 09:27:00,0.425885961061681
2018-03-04 09:30:00,0.3148023253658039
2018-03-04 09:33:00,0.24777659462563406
2018-03-04 09:36:00,0.279890223724351
2018-03-04 09:39:00,0.42466597536065365
2018-03-04 09:42:00,0.42828714590120853
2018-03-04 09:45:00,0.4042203011446759
2018-03-04 09:48:00,0.3019222174538072
2018-03-04 09:51:00,0.4379029139167301
2018-03-04 09:54:00,0.40346536855332715
2018-03-04 09:57:00,0.3978874866028832
2018-03-04 10:00:00,0.3962087685470692
2018-03-04 10:03:00,0.27490155585343246
2018-03-04 10:06:00,0.4302590518014995
2018-03-04 10:09:00,0.31568292732941927
2018-03-04 10:12:00,0.3376530904785682
2018-03-04 10:15:00,0.27703525673609875
2018-03-04 10:18:00,0.22109844043995963
2018-03-04 10:21:00,0.29388347869308973
2018-03-04 10:24:00,0.22884010215926764
2018-03-04 10:27:00,0.17509430517867486
2018-03-04 10:30:00,0.24632178816824535
2018-03-04 10:33:00,0.21679805313999623
2018-03-04 10:36:00,0.1828530240187547
2018-03-04 10:39:00,0.2331476788706368
2018-03-04 10:42:00,0.12113105169777327
2018-03-04 10:45:00,0.21215213493576357
2018-03-04 10:48:00,0.2723627079860762
2018-03-04 10:51:00,0.24116907938417853
2018-03-04 10:54:00,0.25626501155539927
2018-03-04 10:57:00,0.245695739981727
2018-03-04 11:00:00,0.1656700946722367
2018-03-04 11:03:00,0.15264587282968023
2018-03-04 11:06:00,0.11725512953222506
2018-03-04 11:09:00,0.10351141560448696
2018-03-04 11:12:00,0.026759073368225472
2018-03-04 11:15:00,0.12725069070904738
2018-03-04 11:18:00,-0.017125342022211498
2018-03-04 11:21:00,0.07346082251865482
2018-03-04 11:24:00,0.03814936191298557
2018-03-04 11:27:00,0.06088387105091897
2018-03-04 11:30:00,0.053749190028554494
2018-03-04 11:33:00,0.059493574882196754
2018-03-04 11:36:00,0.1345452501761315
2018-03-04 11:39:00,0.03112186079363255
2018-03-04 11:42:00,0.11756663791760502
2018-03-04 11:45:00,-0.025944758438811277
2018-03-04 11:48:00,0.017497712911278995
2018-03-04 11:51:00,-0.01260679716034474
2018-03-04 11:54:00,-0.09776562168354985
2018-03-04 11:57:00,0.08929891957865266
2018-03-04 12:00:00,-0.02270131579189183
2018-03-04 12:03:00,0.04806589039873188
2018-03-04 12:06:00,0.029480775710680973
2018-03-04 12:09:00,-0.015006782479474623
2018-03-04 12:12:00,0.028452200492381508
2018-03-04 12:15:00,0.0254786499251054
2018-03-04 12:18:00,-0.032811497268369294
2018-03-04 12:21:00,0.05862570622355179
2018-03-04 12:24:00,-0.10503616125038207
2018-03-04 12:27:00,-0.07608401264053555
2018-03-04 12:30:00,-0.09431384415114508
2018-03-04 12:33:00,-0.03182598083390076
2018-03-04 12:36:00,-0.028920001937251527
2018-03-04 12:39:00,-0.12871223156315637
2018-03-04 12:42:00,-0.007261011508546744
2018-03-04 12:45:00,-0.002739247683962276
2018-03-04 12:48:00,-0.046557434982105406
2018-03-04 12:51:00,-0.11599994229010235
2018-03-04 12:54:00,-0.17064008139135467
2018-03-04 12:57:00,-0.11106103718014992
2018-03-04 13:00:00,-0.10533887509581064
2018-03-04 13:03:00,-0.015532541133211453
2018-03-04 13:06:00,0.011402903764405892
2018-03-04 13:09:00,-0.08439381604426899
2018-03-04 13:12:00,-0.042888437582178085
2018-03-04 13:15:00,-0.13468848947411516
2018-03-04 13:18:00,-0.07458173690724834
2018-03-04 13:21:00,-0.09114335939011653
2018-03-04 13:24:00,-0.048722710437857586
2018-03-04 13:27:00,-0.14668180028508004
2018-03-04 13:30:00,-0.11508998463659736
2018-03-04 13:33:00,-0.14459988003244462
2018-03-04 13:36:00,-0.19914445425899885
2018-03-04 13:39:00,-0.16733809080130868
2018-03-04 13:42:00,-0.1115690115955772
2018-03-04 13:45:00,-0.18174410820364528
2018-03-04 13:48:00,-0.1638938868654236
2018-03-04 13:51:00,-0.13667888392507166
2018-03-04 13:54:00,-0.17626056593041994
2018-03-04 13:57:00,-0.2503246346432775
2018-03-04 14:00:00,-0.22771801781181011
2018-03-04 14:03:00,-0.25459649352950464
2018-03-04 14:06:00,-0.219872963761361
2018-03-04 14:09:00,-0.30511829481054065
2018-03-04 14:12:00,-0.23419503390437058
2018-03-04 14:15:00,0.010210701081746265
2018-03-04 14:18:00,-0.18325255313447997
2018-03-04 14:21:00,-0.03794664088928812
2018-03-04 14:24:00,-0.09454441801091207
2018-03-04 14:27:00,-0.05092864458470103
2018-03-04 14:30:00,0.0030909709204252067
2018-03-04 14:33:00,0.11530865354978914
2018-03-04 14:36:00,0.013945031710534295
2018-03-04 14:39:00,-0.1490091104030853
2018-03-04 14:42:00,0.13531606548355057
2018-03-04 14:45:00,-0.08398977540548458
2018-03-04 14:48:00,0.09422807728924454
2018-03-04 14:51:00,0.057907496135612746
2018-03-04 14:54:00,0.012658562502451787
2018-03-04 14:57:00,0.07392671662324801
2018-03-04 15:00:00,0.04095922118722228
2018-03-04 15:03:00,0.09764842425897768
2018-03-04 15:06:00,0.008401412282069032
2018-03-04 15:09:00,0.023738912699343473
2018-03-04 15:12:00,0.12920588275858336
2018-03-04 15:15:00,0.10642202913652454
2018-03-04 15:18:00,0.13334106859542771
2018-03-04 15:21:00,-0.03424846878408516
2018-03-04 15:24:00,-0.06324700327940036
2018-03-04 15:27:00,0.10367001073035453
2018-03-04 15:30:00,0.039343159172346986
2018-03-04 15:33:00,0.08552969527823961
2018-03-04 15:36:00,0.02370719355070605
2018-03-04 15:39:00,0.22186176549666925
2018-03-04 15:42:00,0.24134330759045497
2018-03-04 15:45:00,0.35819269144781174
2018-03-04 15:48:00,0.26761571268644957
2018-03-04 15:51:00,0.3665607234994468
2018-03-04 15:54:00,0.5888199895583739
2018-03-04 15:57:00,0.34051947556406503
2018-03-04 16:00:00,0.3929497184050774
2018-03-04 16:03:00,0.4978442627473214
2018-03-04 16:06:00,0.5353721680741614
2018-03-04 16:09:00,0.6090078110085528
2018-03-04 16:12:00,0.5090105944454422
2018-03-04 16:15:00,0.42052545084169424
2018-03-04 16:18:00,0.26422314680223735
2018-03-04 16:21:00,0.4241376450076473
2018-03-04 16:24:00,0.4750187458589039
2018-03-04 16:27:00,0.37422233269887784
2018-03-04 16:30:00,0.23759875762311822
2018-03-04 16:33:00,0.3590133654395231
2018-03-04 16:36:00,0.33475538211001776
2018-03-04 16:39:00,0.3720156845056408
2018-03-04 16:42:00,0.5428789993060263
2018-03-04 16:45:00,0.5525898595136596
2018-03-04 16:48:00,0.7028838261976489
2018-03-04 16:51:00,0.5112854308146666
2018-03-04 16:54:00,0.41219762130521076
2018-03-04 16:57:00,0.3581785685349814
2018-03-04 17:00:00,0.20524366089273371
2018-03-04 17:03:00,0.2618813793893082
2018-03-04 17:06:00,0.18677386145890296
2018-03-04 17:09:00,0.28190528433947293
2018-03-04 17:12:00,0.2530260720798765
2018-03-04 17:15:00,0.3465691607660233
2018-03-04 17:18:00,0.1921869746113316
2018-03-04 17:21:00,0.3426455780245874
2018-03-04 17:24:00,0.35682897187149365
2018-03-04 17:27:00,0.3444617296033812
2018-03-04 17:30:00,0.4328848485270669
2018-03-04 17:33:00,0.6152847926447862
2018-03-04 17:36:00,0.49502187868193914
2018-03-04 17:39:00,0.3907333418803205
2018-03-04 17:42:00,0.4624553253293584
2018-03-04 17:45:00,0.3701243383853807
2018-03-04 17:48:00,0.5895710707666808
2018-03-04 17:51:00,0.43114117681056996
2018-03-04 17:54:00,0.3889297552126436
2018-03-04 17:57:00,0.36036764310051694
2018-03-04 18:00:00,0.43880236506436177
2018-03-04 18:03:00,0.42927137101304425
2018-03-04 18:06:00,0.4906824671223262
2018-03-04 18:09:00,0.4197882666173314
2018-03-04 18:12:00,0.3347161462785948
2018-03-04 18:15:00,0.4681716040527135
2018-03-04 18:18:00,0.36529386250322204
2018-03-04 18:21:00,0.3525156347654388
2018-03-04 18:24:00,0.4047259748030001
2018-03-04 18:27:00,0.4849773434482927
2018-03-04 18:30:00,0.43382694868978433
2018-03-04 18:33:00,0.42214185380902336
2018-03-04 18:36:00,0.33816879630347785
2018-03-04 18:39:00,0.3767212647109659
2018-03-04 18:42:00,0.427628331986341
2018-03-04 18:45:00,0.4494746422038247
2018-03-04 18:48:00,0.3480934930995545
2018-03-04 18:51:00,0.39485069938291417
2018-03-04 18:54:00,
2018-03-04 18:57:00,
2018-03-04 19:00:00,
2018-03-04 19:03:00,0.3686248748293792
2018-03-04 19:06:00,0.3248252494226449
2018-03-04 19:09:00,0.3237578568899835
2018-03-04 19:12:00,0.31705370849965675
2018-03-04 19:15:00,0.16770128220110792
2018-03-04 19:18:00,0.341130947973852
2018-03-04 19:21:00,0.33057198553399303
2018-03-04 19:24:00,0.27412521623165276
2018-03-04 19:27:00,0.25025249175467934
2018-03-04 19:30:00,0.24194077654840385
2018-03-04 19:33:00,0.214970569907166
2018-03-04 19:36:00,0.24070434411089536
2018-03-04 19:39:00,0.2450518162569324
2018-03-04 19:42:00,0.35423199797776306
2018-03-04 19:45:00,0.31636841929582715
2018-03-04 19:48:00,0.25173221941992097
2018-03-04 19:51:00,0.31250880758972244
2018-03-04 19:54:00,0.2553256400493069
2018-03-04 19:57:00,0.295274602210327
2018-03-04 20:00:00,0.3556393831391347
2018-03-04 20:03:00,0.37931482924227566
2018-03-04 20:06:00,0.2561873252946043
2018-03-04 20:09:00,0.3477063699842802
2018-03-04 20:12:00,0.31972504507911026
2018-03-04 20:15:00,0.3180385356379247
2018-03-04 20:18:00,0.39541815595413254
2018-03-04 20:21:00,0.33022208008799225
2018-03-04 20:24:00,0.448960000183547
2018-03-04 20:27:00,0.2821455673523019
2018-03-04 20:30:00,0.38202515412262983
2018-03-04 20:33:00,0.40532456852520227
2018-03-04 20:36:00,0.4145633077868638
2018-03-04 20:39:00,0.36930236095781765
2018-03-04 20:42:00,0.3790359356253248
2018-03-04 20:45:00,0.3683616101056373
2018-03-04 20:48:00,0.41679603910648666
2018-03-04 20:51:00,0.4205347699679578
2018-03-04 20:54:00,0.342581903409382
2018-03-04 20:57:00,0.4219447141989576
2018-03-04 21:00:00,0.29961766606436413
2018-03-04 21:03:00,0.28788307495761956
2018-03-04 21:06:00,0.43782227036888344
2018-03-04 21:09:00,0.40861901960670366
2018-03-04 21:12:00,0.35440631568684466
2018-03-04 21:15:00,0.2860465575147373
2018-03-04 21:18:00,0.38640903104436575
2018-03-04 21:21:00,0.3531695405899882
2018-03-04 21:24:00,0.44482518174760344
2018-03-04 21:27:00,0.5169928473362688
2018-03-04 21:30:00,0.42157236954290056
2018-03-04 21:33:00,0.3759890458080122
2018-03-04 21:36:00,0.42996178035326693
2018-03-04 21:39:00,0.3868735108784449
2018-03-04 21:42:00,0.4529140831578502
2018-03-04 21:45:00,0.41666688468086477
2018-03-04 21:48:00,0.4836972243720652
2018-03-04 21:51:00,0.30798457720840133
2018-03-04 21:54:00,0.5167176872291748
2018-03-04 21:57:00,0.42475499900342584
2018-03-04 22:00:00,0.3628311977680596
2018-03-04 22:03:00,0.4351961284843924
2018-03-04 22:06:00,0.3423721315355124
2018-03-04 22:09:00,0.3748433110054634
2018-03-04 22:12:00,0.4247807399527801
2018-03-04 22:15:00,0.3453345639825329
2018-03-04 22:18:00,0.47641274360034913
2018-03-04 22:21:00,0.3688554367124084
2018-03-04 22:24:00,0.3239051544890117
2018-03-04 22:27:00,0.4080368621580419
2018-03-04 22:30:00,0.4156912391345031
2018-03-04 22:33:00,0.43742757834127133
2018-03-04 22:36:00,0.42617026142346504
2018-03-04 22:39:00,0.534758238373513
2018-03-04 22:42:00,0.4354891670330403
2018-03-04 22:45:00,0.5053745380680539
2018-03-04 22:48:00,0.4857083763886294
2018-03-04 22:51:00,0.36771535861316806
2018-03-04 22:54:00,0.4738223340445984
2018-03-04 22:57:00,0.41330842419262126
2018-03-04 23:00:00,0.424770690437299
2018-03-04 23:03:00,0.2937308515677728
2018-03-04 23:06:00,0.5081714110626194
2018-03-04 23:09:00,0.41362744772743554
2018-03-04 23:12:00,0.39407559404554604
2018-03-04 23:15:00,0.3604776460711605
2018-03-04 23:18:00,0.45827290329316384
2018-03-04 23:21:00,0.36940184612188887
2018-03-04 23:24:00,0.45583920659368005
2018-03-04 23:27:00,0.3483515077443258
2018-03-04 23:30:00,0.36906771198590604
2018-03-04 23:33:00,0.3561359077409634
2018-03-04 23:36:00,0.4865486042620546
2018-03-04 23:39:00,0.3337774498798467
2018-03-04 23:42:00,0.39452168201466975
2018-03-04 23:45:00,0.3995410717596428
2018-03-04 23:48:00,0.39766424133875944
2018-03-04 23:51:00,0.30929595021683554
2018-03-04 23:54:00,0.45358290963088166
2018-03-04 23:57:00,0.4244700422396477
2018-03-05 00:00:00,0.5510478120938842
2018-03-05 00:03:00,0.5038829349554703
2018-03-05 00:06:00,0.4999540741544024
2018-03-05 00:09:00,0.3727413218922493
2018-03-05 00:12:00,0.37852497317624056
2018-03-05 00:15:00,0.35163906648045895
2018-03-05 00:18:00,0.3951740794338434
2018-03-05 00:21:00,0.4586096425429673
2018-03-05 00:24:00,0.47363122674926217
2018-03-05 00:27:00,0.4951105513297307
2018-03-05 00:30:00,0.5869783162753492
2018-03-05 00:33:00,0.45543120816614646
2018-03-05 00:36:00,0.5323053654557839
2018-03-05 00:39:00,0.4169966294201686
2018-03-05 00:42:00,0.5208267615885802
2018-03-05 00:45:00,0.4887468693549408
2018-03-05 00:48:00,0.5048787208613703
2018-03-05 00:51:00,0.5229455185882443
2018-03-05 00:54:00,0.5185559367972701
2018-03-05 00:57:00,0.5098040571837146
2018-03-05 01:00:00,0.3902510358195741
2018-03-05 01:03:00,0.38502487379304284
2018-03-05 01:06:00,0.5459840430418126
2018-03-05 01:09:00,0.5374127246800526
2018-03-05 01:12:00,0.5764590391500519
2018-03-05 01:15:00,0.5122494906291308
2018-03-05 01:18:00,0.5584556806117007
2018-03-05 01:21:00,0.5119634341940014
2018-03-05 01:24:00,0.39890025763384074
2018-03-05 01:27:00,0.5063122406760385
2018-03-05 01:30:00,0.5341243731762688
2018-03-05 01:33:00,0.5824907651509079
2018-03-05 01:36:00,0.5529895320912033
2018-03-05 01:39:00,0.6293800045090734
2018-03-05 01:42:00,0.4924080262666166
2018-03-05 01:45:00,0.5841096458159427
2018-03-05 01:48:00,0.5895741875340264
2018-03-05 01:51:00,0.5484594175690631
2018-03-05 01:54:00,0.5308336978957868
2018-03-05 01:57:00,0.5210347051982467
2018-03-05 02:00:00,0.5904613607254987
2018-03-05 02:03:00,0.5535775060640162
2018-03-05 02:06:00,0.465621406487287
2018-03-05 02:09:00,0.529915647917278
2018-03-05 02:12:00,0.47779254220603207
2018-03-05 02:15:00,0.5249962320939972
2018-03-05 02:18:00,0.4545426970399262
2018-03-05 02:21:00,0.47398726333608465
2018-03-05 02:24:00,0.48802463203401203
2018-03-05 02:27:00,0.4501995579871618
2018-03-05 02:30:00,0.524419222139386
2018-03-05 02:33:00,0.5631369112772404
2018-03-05 02:36:00,0.48602780567000536
2018-03-05 02:39:00,0.49067512767021526
2018-03-05 02:42:00,0.5427123753860883
2018-03-05 02:45:00,0.5164079678878011
2018-03-05 02:48:00,0.47888887800849034
2018-03-05 02:51:00,0.4464126998249185
2018-03-05 02:54:00,0.42647456531534544
2018-03-05 02:57:00,0.43469650409537053
2018-03-05 03:00:00,0.5616063029013958
2018-03-05 03:03:00,0.5780470072068056
2018-03-05 03:06:00,0.4653558389451291
2018-03-05 03:09:00,0.5100018744350336
2018-03-05 03:12:00,0.6003856999137156
2018-03-05 03:15:00,0.6331698083300807
2018-03-05 03:18:00,0.5050111842231786
2018-03-05 03:21:00,0.4257373258988082
2018-03-05 03:24:00,0.41668650141554053
2018-03-05 03:27:00,0.48123619062010903
2018-03-05 03:30:00,0.4216633017136928
2018-03-05 03:33:00,0.5037828729012972
2018-03-05 03:36:00,0.48939160976505036
2018-03-05 03:39:00,0.48364184723425296
2018-03-05 03:42:00,0.5288697655315673
2018-03-05 03:45:00,0.48652354747565596
2018-03-05 03:48:00,0.48965989266429233
2018-03-05 03:51:00,0.3950504660747356
2018-03-05 03:54:00,0.5498458367559351
2018-03-05 03:57:00,0.5488632816380914
2018-03-05 04:00:00,0.5443750601985471
2018-03-05 04:03:00,0.5651537958844983
2018-03-05 04:06:00,0.5909169392231775
2018-03-05 04:09:00,0.6090329365875391
2018-03-05 04:12:00,0.6731688697252594
2018-03-05 04:15:00,0.5625352762485818
2018-03-05 04:18:00,0.6627828209986433
2018-03-05 04:21:00,0.6322397125236989
2018-03-05 04:24:00,0.7082973757056266
2018-03-05 04:27:00,0.6266779564782041
2018-03-05 04:30:00,0.5200551188799523
2018-03-05 04:33:00,0.747285000323302
2018-03-05 04:36:00,0.6255223820310789
2018-03-05 04:39:00,0.5923287394352315
2018-03-05 04:42:00,0.5521914143863569
2018-03-05 04:45:00,0.40968843479066663
2018-03-05 04:48:00,0.4139581230327849
2018-03-05 04:51:00,0.38287687351913746
2018-03-05 04:54:00,0.39328448142197203
2018-03-05 04:57:00,0.5762856921874118
2018-03-05 05:00:00,0.5767328474153715
2018-03-05 05:03:00,0.5587529321309717
2018-03-05 05:06:00,0.6056690935382107
2018-03-05 05:09:00,0.5676999657151782
2018-03-05 05:12:00,0.5396348046633079
2018-03-05 05:15:00,0.5344850441364315
2018-03-05 05:18:00,0.3777878941108952
2018-03-05 05:21:00,0.5204004020046682
2018-03-05 05:24:00,0.5366332764849062
2018-03-05 05:27:00,0.40367601830450894
2018-03-05 05:30:00,0.43049254231874556
2018-03-05 05:33:00,0.47138883758600514
2018-03-05 05:36:00,0.4322926998454477
2018-03-05 05:39:00,0.4483326732690216
2018-03-05 05:42:00,0.4283175240643686
2018-03-05 05:45:00,0.5192820360675796
2018-03-05 05:48:00,0.5241440982726431
2018-03-05 05:51:00,0.43935601869850416
2018-03-05 05:54:00,0.4601758170481389
2018-03-05 05:57:00,0.43367659530258607
2018-03-05 06:00:00,0.5290231350224985
2018-03-05 06:03:00,0.5923766936999755
2018-03-05 06:06:00,0.5282965439575378
2018-03-05 06:09:00,0.43377986955141523
2018-03-05 06:12:00,0.5740840254135264
2018-03-05 06:15:00,0.46236603186036973
2018-03-05 06:18:00,0.6216474406866723
2018-03-05 06:21:00,0.4540257678365265
2018-03-05 06:24:00,0.4398304629212362
2018-03-05 06:27:00,0.5764969315407598
2018-03-05 06:30:00,0.5324080462264646
2018-03-05 06:33:00,0.5314481521130574
2018-03-05 06:36:00,0.55664200356847
2018-03-05 06:39:00,0.5708844382767779
2018-03-05 06:42:00,0.4832630365617092
2018-03-05 06:45:00,0.42025881708894985
2018-03-05 06:48:00,0.5085722928417908
2018-03-05 06:51:00,0.4464487792558316
2018-03-05 06:54:00,0.5605123677354413
2018-03-05 06:57:00,0.5138801123701455
2018-03-05 07:00:00,0.48257901177385065
2018-03-05 07:03:00,0.46813323694908604
2018-03-05 07:06:00,0.3917256451688331
2018-03-05 07:09:00,0.5498624690590077
2018-03-05 07:12:00,0.44805126801907136
2018-03-05 07:15:00,0.54913801911664
2018-03-05 07:18:00,0.6714452656907497
2018-03-05 07:21:00,0.539573629074539
2018-03-05 07:24:00,0.4551522157765362
2018-03-05 07:27:00,0.37588895881646067
2018-03-05 07:30:00,0.5013247331791035
2018-03-05 07:33:00,0.520900614837501
2018-03-05 07:36:00,0.5118492237370447
2018-03-05 07:39:00,0.5845800639863228
2018-03-05 07:42:00,0.581248488018332
2018-03-05 07:45:00,0.37282085560480027
2018-03-05 07:48:00,0.5219132910546591
2018-03-05 07:51:00,0.5095882085417998
2018-03-05 07:54:00,0.4944512332455133
2018-03-05 07:57:00,0.5051859794104416
2018-03-05 08:00:00,0.5217454188281181
2018-03-05 08:03:00,0.4880359261748026
2018-03-05 08:06:00,0.5544719522603145
2018-03-05 08:09:00,0.5389715204281629
2018-03-05 08:12:00,0.5655495845821292
2018-03-05 08:15:00,0.5556538761621255
2018-03-05 08:18:00,0.538379037601203
2018-03-05 08:21:00,0.6100700220578119
2018-03-05 08:24:00,0.49992720950621106
2018-03-05 08:27:00,0.48271214048679667
2018-03-05 08:30:00,0.37674180870340024
2018-03-05 08:33:00,0.247335019107652
2018-03-05 08:36:00,0.4182051862572962
2018-03-05 08:39:00,0.3632256041126425
2018-03-05 08:42:00,0.3645582015794844
2018-03-05 08:45:00,0.35210594389934613
2018-03-05 08:48:00,0.33278518920235456
2018-03-05 08:51:00,0.3281827850649961
2018-03-05 08:54:00,0.26337977985542693
2018-03-05 08:57:00,0.37510995400543834
2018-03-05 09:00:00,0.32894410509504723
2018-03-05 09:03:00,0.3526735866296917
2018-03-05 09:06:00,0.2887404877487256
2018-03-05 09:09:00,0.3000789430814734
2018-03-05 09:12:00,0.3506187613280076
2018-03-05 09:15:00,0.3668757907379927
2018-03-05 09:18:00,0.29170257775660957
2018-03-05 09:21:00,0.32905545917867585
2018-03-05 09:24:00,0.3537585779731103
2018-03-05 09:27:00,0.19281202785151663
2018-03-05 09:30:00,0.23546251157983988
2018-03-05 09:33:00,0.2271211786367644
2018-03-05 09:36:00,0.2101680508002346
2018-03-05 09:39:00,0.2603460692984072
2018-03-05 09:42:00,0.35881547720345
2018-03-05 09:45:00,0.31937396024966347
2018-03-05 09:48:00,0.36367647118112245
2018-03-05 09:51:00,0.28207091194445866
2018-03-05 09:54:00,0.3664485823812811
2018-03-05 09:57:00,0.31699988026826986
2018-03-05 10:00:00,0.31569783090111514
2018-03-05 10:03:00,0.3693016061044432
2018-03-05 10:06:00,0.43290929448642146
2018-03-05 10:09:00,0.3400722922011141
2018-03-05 10:12:00,0.3265126381465393
2018-03-05 10:15:00,0.3334016096991377
2018-03-05 10:18:00,0.2044434615286832
2018-03-05 10:21:00,0.28423793700579836
2018-03-05 10:24:00,0.2227604281520712
2018-03-05 10:27:00,0.13456218224990835
2018-03-05 10:30:00,0.11000863171176434
2018-03-05 10:33:00,0.062220129203865326
2018-03-05 10:36:00,0.0986540476936284
2018-03-05 10:39:00,0.1531835971799751
2018-03-05 10:42:00,0.07338215271477111
2018-03-05 10:45:00,0.07781874834950031
2018-03-05 10:48:00,0.1186305842385309
2018-03-05 10:51:00,0.1507948471484042
2018-03-05 10:54:00,0.1806055922747305
2018-03-05 10:57:00,0.1490767711268859
2018-03-05 11:00:00,0.12644676606288385
2018-03-05 11:03:00,0.19585286056820905
2018-03-05 11:06:00,0.12932609615813817
2018-03-05 11:09:00,0.11044346799837967
2018-03-05 11:12:00,0.09921166749199983
2018-03-05 11:15:00,0.1677075752357382
2018-03-05 11:18:00,0.020341242613255872
2018-03-05 11:21:00,0.14897822101863767
2018-03-05 11:24:00,0.10176666037517634
2018-03-05 11:27:00,0.01782250941289476
2018-03-05 11:30:00,0.01091739676354564
2018-03-05 11:33:00,0.10946812428505837
2018-03-05 11:36:00,0.09635717915659825
2018-03-05 11:39:00,0.09695165005655326
2018-03-05 11:42:00,0.07858693073950462
2018-03-05 11:45:00,-0.042493534554978396
2018-03-05 11:48:00,0.04112375170359428
2018-03-05 11:51:00,-0.023686815581015708
2018-03-05 11:54:00,-0.03754040676614068
2018-03-05 11:57:00,-0.12561025418648342
2018-03-05 12:00:00,-0.10414215895866619
2018-03-05 12:03:00,0.042073537554472296
2018-03-05 12:06:00,0.020213548138428905
2018-03-05 12:09:00,0.055391474307157296
2018-03-05 12:12:00,0.04000431402147342
2018-03-05 12:15:00,0.11993449887160068
2018-03-05 12:18:00,0.06513765607252253
2018-03-05 12:21:00,0.0488503512999614
2018-03-05 12:24:00,0.04174597672516711
2018-03-05 12:27:00,-0.02675548091519886
2018-03-05 12:30:00,-0.019662682209173
2018-03-05 12:33:00,-0.05841461128773062
2018-03-05 12:36:00,-0.047621062107168655
2018-03-05 12:39:00,-0.061869734254628383
2018-03-05 12:42:00,-0.07235328686175535
2018-03-05 12:45:00,-0.12134006503225692
2018-03-05 12:48:00,-0.041858818553293986
2018-03-05 12:51:00,0.017340745262799828
2018-03-05 12:54:00,0.03573057935318502
2018-03-05 12:57:00,-0.1086461525101754
2018-03-05 13:00:00,-0.01771379112608429
2018-03-05 13:03:00,0.037945850102573786
2018-03-05 13:06:00,0.08391129895193217
2018-03-05 13:09:00,-0.12295304406757168
2018-03-05 13:12:00,-0.11823880757077632
2018-03-05 13:15:00,-0.08954240263778956
2018-03-05 13:18:00,0.019955218180655265
2018-03-05 13:21:00,0.010228378411625272
2018-03-05 13:24:00,-0.017494544072576446
2018-03-05 13:27:00,-0.0025121537816517048
2018-03-05 13:30:00,0.16350762892659532
2018-03-05 13:33:00,0.09163113022998459
2018-03-05 13:36:00,-0.005261051796708216
2018-03-05 13:39:00,0.0657099239754757
2018-03-05 13:42:00,0.015793395380569564
2018-03-05 13:45:00,0.033211501040966596
2018-03-05 13:48:00,0.06762276534777811
2018-03-05 13:51:00,-0.012516683251078575
2018-03-05 13:54:00,0.08634875358751515
2018-03-05 13:57:00,0.14154724583096367
2018-03-05 14:00:00,0.10121060583077224
2018-03-05 14:03:00,0.19591111070809575
2018-03-05 14:06:00,0.1654282410443102
2018-03-05 14:09:00,0.08385385735681439
2018-03-05 14:12:00,0.2296671224836473
2018-03-05 14:15:00,0.10539891319479011
2018-03-05 14:18:00,0.04667579552148027
2018-03-05 14:21:00,0.055406687630409124
2018-03-05 14:24:00,0.10328567111150733
2018-03-05 14:27:00,0.11121315214194283
2018-03-05 14:30:00,0.11829390615253033
2018-03-05 14:33:00,0.03262586865457706
2018-03-05 14:36:00,0.018246871907251716
2018-03-05 14:39:00,-0.16115071466265363
2018-03-05 14:42:00,-0.05912588035192812
2018-03-05 14:45:00,-0.11094296146728766
2018-03-05 14:48:00,0.1318545515172218
2018-03-05 14:51:00,-0.06365103112017323
2018-03-05 14:54:00,-0.1224295069891923
2018-03-05 14:57:00,-0.028327309676456025
2018-03-05 15:00:00,-0.11386627303738805
2018-03-05 15:03:00,-0.05092736422005828
2018-03-05 15:06:00,-0.07275404812628494
2018-03-05 15:09:00,0.08986397412695624
2018-03-05 15:12:00,0.07179641444344043
2018-03-05 15:15:00,0.06381932860409734
2018-03-05 15:18:00,0.05200175363751214
2018-03-05 15:21:00,0.12410454576797747
2018-03-05 15:24:00,0.03048232303393661
2018-03-05 15:27:00,-0.04239263606223176
2018-03-05 15:30:00,-0.10891415187870734
2018-03-05 15:33:00,0.2739925961935228
2018-03-05 15:36:00,0.3253121137403241
2018-03-05 15:39:00,0.3370902394745485
2018-03-05 15:42:00,0.18727910678620674
2018-03-05 15:45:00,0.14563596703447956
2018-03-05 15:48:00,0.22634431100186703
2018-03-05 15:51:00,0.05237281386968107
2018-03-05 15:54:00,-0.013760694745428736
2018-03-05 15:57:00,0.03256571297225719
2018-03-05 16:00:00,-0.022445273647690556
2018-03-05 16:03:00,-0.11043486870943298
2018-03-05 16:06:00,-0.042540944571271666
2018-03-05 16:09:00,-0.022813235968953904
2018-03-05 16:12:00,-0.04720879448376536
2018-03-05 16:15:00,-0.06499599192932237
2018-03-05 16:18:00,-0.06142404673164492
2018-03-05 16:21:00,-0.0723597310481523
2018-03-05 16:24:00,-0.11355390839321444
2018-03-05 16:27:00,-0.1023636627878659
2018-03-05 16:30:00,0.012464539994311963
2018-03-05 16:33:00,-0.09534480635619502
2018-03-05 16:36:00,-0.04787879859253508
2018-03-05 16:39:00,-0.03514714462158963
2018-03-05 16:42:00,-0.06072948746174234
2018-03-05 16:45:00,-0.05248831815634958
2018-03-05 16:48:00,0.017626752538433266
2018-03-05 16:51:00,-0.003631641467961799
2018-03-05 16:54:00,-0.06285606905026953
2018-03-05 16:57:00,-0.01632223295081303
2018-03-05 17:00:00,0.0010441006272117193
2018-03-05 17:03:00,-0.03713918855930842
2018-03-05 17:06:00,-0.004799427082048169
2018-03-05 17:09:00,0.0025069553430512315
2018-03-05 17:12:00,0.008325357690296187
2018-03-05 17:15:00,-0.13317013163737101
2018-03-05 17:18:00,-0.012537240474159717
2018-03-05 17:21:00,-0.035030459151982996
2018-03-05 17:24:00,-0.07766512744080956
2018-03-05 17:27:00,-0.008349823876983464
2018-03-05 17:30:00,0.02518441968032903
2018-03-05 17:33:00,0.15085415689821957
2018-03-05 17:36:00,0.07927418300783984
2018-03-05 17:39:00,0.1612497778235138
2018-03-05 17:42:00,0.22592728402463536
2018-03-05 17:45:00,0.2807473628873254
2018-03-05 17:48:00,0.16570506164583776
2018-03-05 17:51:00,0.083082193452924
2018-03-05 17:54:00,0.05291596967578016
2018-03-05 17:57:00,0.24212413355314766
2018-03-05 18:00:00,0.21901547386215725
2018-03-05 18:03:00,0.29499725707631796
2018-03-05 18:06:00,0.2973299500794724
2018-03-05 18:09:00,0.33815113243883843
2018-03-05 18:12:00,0.2835502035469517
2018-03-05 18:15:00,0.3630746289778699
2018-03-05 18:18:00,0.2731751450111801
2018-03-05 18:21:00,0.2063045909990251
2018-03-05 18:24:00,0.2570406411740578
2018-03-05 18:27:00,0.2552150927650132
2018-03-05 18:30:00,0.27252173437966576
2018-03-05 18:33:00,0.285532784840143
2018-03-05 18:36:00,0.16429575310894506
2018-03-05 18:39:00,0.18171869380438466
2018-03-05 18:42:00,-0.07139241776820882
2018-03-05 18:45:00,-0.11244767155795898
2018-03-05 18:48:00,-0.14797426579792727
2018-03-05 18:51:00,-0.13264831007813882
2018-03-05 18:54:00,
2018-03-05 18:57:00,
2018-03-05 19:00:00,
2018-03-05 19:03:00,0.17756177539945384
2018-03-05 19:06:00,0.1089751995231154
2018-03-05 19:09:00,-0.008462747935595871
2018-03-05 19:12:00,0.10607077744265325
2018-03-05 19:15:00,0.12399372220824034
2018-03-05 19:18:00,0.11943200733861659
2018-03-05 19:21:00,0.19338791633055052
2018-03-05 19:24:00,0.21378332942612133
2018-03-05 19:27:00,0.2047859729933066
2018-03-05 19:30:00,0.16274472662894368
2018-03-05 19:33:00,0.25436778338286103
2018-03-05 19:36:00,0.20162386329985793
2018-03-05 19:39:00,0.19252302521050524
2018-03-05 19:42:00,0.32327344596791363
2018-03-05 19:45:00,0.24022036899907562
2018-03-05 19:48:00,0.1301838643844917
2018-03-05 19:51:00,0.18834489287752376
2018-03-05 19:54:00,0.18548212065377356
2018-03-05 19:57:00,0.2038741836597069
2018-03-05 20:00:00,0.17002677870044636
2018-03-05 20:03:00,0.1836193674490687
2018-03-05 20:06:00,0.10858430546278441
2018-03-05 20:09:00,0.28800420687923634
2018-03-05 20:12:00,0.19506358661647027
2018-03-05 20:15:00,0.25698298028396493
2018-03-05 20:18:00,0.259373859618961
2018-03-05 20:21:00,0.2576382622376059
2018-03-05 20:24:00,0.34489138854229395
2018-03-05 20:27:00,0.27500707180973905
2018-03-05 20:30:00,0.2953259248550921
2018-03-05 20:33:00,0.353583641869875
2018-03-05 20:36:00,0.4723927340749583
2018-03-05 20:39:00,0.26680293624616525
2018-03-05 20:42:00,0.35548814953693864
2018-03-05 20:45:00,0.32487594585956003
2018-03-05 20:48:00,0.3758618035362815
2018-03-05 20:51:00,0.2919199944815887
2018-03-05 20:54:00,0.38364447440829963
2018-03-05 20:57:00,0.23324429249208833
2018-03-05 21:00:00,0.37436002122694845
2018-03-05 21:03:00,0.36122640349702806
2018-03-05 21:06:00,0.3708809852918762
2018-03-05 21:09:00,0.3200491030037256
2018-03-05 21:12:00,0.21363655787848757
2018-03-05 21:15:00,0.2712023289812464
2018-03-05 21:18:00,0.36815111271408796
2018-03-05 21:21:00,0.47185496409809957
2018-03-05 21:24:00,0.4827874819167164
2018-03-05 21:27:00,0.4462298352138987
2018-03-05 21:30:00,0.39702124437076236
2018-03-05 21:33:00,0.26173728150808984
2018-03-05 21:36:00,0.3088097219286965
2018-03-05 21:39:00,0.3474342797099439
2018-03-05 21:42:00,0.3426763766750014
2018-03-05 21:45:00,0.3425539435303335
2018-03-05 21:48:00,0.389133845866354
2018-03-05 21:51:00,0.36164303375846885
2018-03-05 21:54:00,0.35604911746514745
2018-03-05 21:57:00,0.450936514783848
2018-03-05 22:00:00,0.4169352390645713
2018-03-05 22:03:00,0.5040623927912407
2018-03-05 22:06:00,0.47246291771233473
2018-03-05 22:09:00,0.5282744219663869
2018-03-05 22:12:00,0.7063124193353474
2018-03-05 22:15:00,0.678736338775991
2018-03-05 22:18:00,0.671699649425193
2018-03-05 22:21:00,0.5378185117496059
2018-03-05 22:24:00,0.40115435058032745
2018-03-05 22:27:00,0.355278229068972
2018-03-05 22:30:00,0.3658819611063109
2018-03-05 22:33:00,0.517992046107338
2018-03-05 22:36:00,0.43961440340603986
2018-03-05 22:39:00,0.317220983362688
2018-03-05 22:42:00,0.40005551794564553
2018-03-05 22:45:00,0.519295937146353
2018-03-05 22:48:00,0.4801142531275673
2018-03-05 22:51:00,0.4392321385709579
2018-03-05 22:54:00,0.5275007319876863
2018-03-05 22:57:00,0.5399867248950159
2018-03-05 23:00:00,0.5354108644773987
2018-03-05 23:03:00,0.5149292488257515
2018-03-05 23:06:00,0.5260181374048329
2018-03-05 23:09:00,0.47830953114902286
2018-03-05 23:12:00,0.38979592710552424
2018-03-05 23:15:00,0.34062583064502405
2018-03-05 23:18:00,0.38152448657552895
2018-03-05 23:21:00,0.42711478922723245
2018-03-05 23:24:00,0.372678393176443
2018-03-05 23:27:00,0.4059429508799326
2018-03-05 23:30:00,0.6042259567338988
2018-03-05 23:33:00,0.4123570118780435
2018-03-05 23:36:00,0.3141108808183617
2018-03-05 23:39:00,0.27302707297963025
2018-03-05 23:42:00,0.268937291049383
2018-03-05 23:45:00,0.21170018224688647
2018-03-05 23:48:00,0.3396105914224563
2018-03-05 23:51:00,0.2336093975214908
2018-03-05 23:54:00,0.3193846474921429
2018-03-05 23:57:00,0.45004717458414234
2018-03-06 00:00:00,0.3107854467502307
2018-03-06 00:03:00,0.33912798468099936
2018-03-06 00:06:00,0.41537614103793885
2018-03-06 00:09:00,0.34299164610945354
2018-03-06 00:12:00,0.4358687808222612
2018-03-06 00:15:00,0.38428351317423903
2018-03-06 00:18:00,0.38335869770577347
2018-03-06 00:21:00,0.46878746235938706
2018-03-06 00:24:00,0.4116128701065236
2018-03-06 00:27:00,0.44144529130085175
2018-03-06 00:30:00,0.46944373748186763
2018-03-06 00:33:00,0.44138697850246444
2018-03-06 00:36:00,0.5753840571770183
2018-03-06 00:39:00,0.5251813732159576
2018-03-06 00:42:00,0.42956558461077066
2018-03-06 00:45:00,0.4965677843193248
2018-03-06 00:48:00,0.5643835602568856
2018-03-06 00:51:00,0.4291387368573396
2018-03-06 00:54:00,0.4896729569945819
2018-03-06 00:57:00,0.5167998403778711
2018-03-06 01:00:00,0.4406329577259953
2018-03-06 01:03:00,0.44629776875183325
2018-03-06 01:06:00,0.47900713773577763
2018-03-06 01:09:00,0.5037851236534152
2018-03-06 01:12:00,0.6520841538425657
2018-03-06 01:15:00,0.4695452446663353
2018-03-06 01:18:00,0.4967804977320611
2018-03-06 01:21:00,0.5766551491229279
2018-03-06 01:24:00,0.45551758225718686
2018-03-06 01:27:00,0.48399096106527395
2018-03-06 01:30:00,0.3922763527098141
2018-03-06 01:33:00,0.5081788311516675
2018-03-06 01:36:00,0.3880092664319932
2018-03-06 01:39:00,0.44451986876998717
2018-03-06 01:42:00,0.5075744490700345
2018-03-06 01:45:00,0.48793283364926765
2018-03-06 01:48:00,0.43978754487295646
2018-03-06 01:51:00,0.5178254048219628
2018-03-06 01:54:00,0.5300282058898915
2018-03-06 01:57:00,0.4544652731419774
2018-03-06 02:00:00,0.48325745691397515
2018-03-06 02:03:00,0.5306628872257875
2018-03-06 02:06:00,0.4375721718326986
2018-03-06 02:09:00,0.5155984082053919
2018-03-06 02:12:00,0.4673663750828041
2018-03-06 02:15:00,0.5026827842032162
2018-03-06 02:18:00,0.5430380550104132
2018-03-06 02:21:00,0.47820045968143177
2018-03-06 02:24:00,0.5355476556607073
2018-03-06 02:27:00,0.49135504293832355
2018-03-06 02:30:00,0.4747889582371272
2018-03-06 02:33:00,0.6042238695882816
2018-03-06 02:36:00,0.5824566788817265
2018-03-06 02:39:00,0.5966986212370671
2018-03-06 02:42:00,0.6145081323867316
2018-03-06 02:45:00,0.48812003508538737
2018-03-06 02:48:00,0.518513502198175
2018-03-06 02:51:00,0.5767161742311373
2018-03-06 02:54:00,0.5398906275534614
2018-03-06 02:57:00,0.4700475708879708
2018-03-06 03:00:00,0.4636405304339064
2018-03-06 03:03:00,0.56051027719991
2018-03-06 03:06:00,0.6394940959723385
2018-03-06 03:09:00,0.3791122727317884
2018-03-06 03:12:00,0.4997786328014513
2018-03-06 03:15:00,0.5117835266892712
2018-03-06 03:18:00,0.7347984746052703
2018-03-06 03:21:00,0.6936980393429621
2018-03-06 03:24:00,0.6366610682302394
2018-03-06 03:27:00,0.6333260423856473
2018-03-06 03:30:00,0.7099641159213661
2018-03-06 03:33:00,0.6144593044954831
2018-03-06 03:36:00,0.6809811765055542
2018-03-06 03:39:00,0.6026688617910736
2018-03-06 03:42:00,0.5794485736290085
2018-03-06 03:45:00,0.6264508335171968
2018-03-06 03:48:00,0.5689741444762717
2018-03-06 03:51:00,0.587587972435756
2018-03-06 03:54:00,0.5165154969208743
2018-03-06 03:57:00,0.5215627969199659
2018-03-06 04:00:00,0.545405790582663
2018-03-06 04:03:00,0.46167257530788675
2018-03-06 04:06:00,0.5635308220419688
2018-03-06 04:09:00,0.6518398923956852
2018-03-06 04:12:00,0.6384893770052713
2018-03-06 04:15:00,0.6666059819328325
2018-03-06 04:18:00,0.779536544739301
2018-03-06 04:21:00,0.7808394683804636
2018-03-06 04:24:00,0.7267615313536453
2018-03-06 04:27:00,0.6656300089164802
2018-03-06 04:30:00,0.76764449119662
2018-03-06 04:33:00,0.7673404121096041
2018-03-06 04:36:00,0.7242537159619928
2018-03-06 04:39:00,0.6477209765164957
2018-03-06 04:42:00,0.6837358394544708
2018-03-06 04:45:00,0.5539930827353601
2018-03-06 04:48:00,0.36738109503329497
2018-03-06 04:51:00,0.5069291009086783
2018-03-06 04:54:00,0.4753460344484779
2018-03-06 04:57:00,0.29908470144863486
2018-03-06 05:00:00,0.48833505088305174
2018-03-06 05:03:00,0.41403920380088266
2018-03-06 05:06:00,0.43286944464324506
2018-03-06 05:09:00,0.5176826202106781
2018-03-06 05:12:00,0.48825867723991223
2018-03-06 05:15:00,0.5290121590146555
2018-03-06 05:18:00,0.47373756503708364
2018-03-06 05:21:00,0.6277270870407392
2018-03-06 05:24:00,0.5514107722495964
2018-03-06 05:27:00,0.5172455770430702
2018-03-06 05:30:00,0.5925347801824046
2018-03-06 05:33:00,0.4719562571972915
2018-03-06 05:36:00,0.5688291748332972
2018-03-06 05:39:00,0.6034343130054367
2018-03-06 05:42:00,0.5470906292002837
2018-03-06 05:45:00,0.5387183695563067
2018-03-06 05:48:00,0.5983630858307265
2018-03-06 05:51:00,0.5831350999511642
2018-03-06 05:54:00,0.571426977760666
2018-03-06 05:57:00,0.565806753567017
2018-03-06 06:00:00,0.5058119196040138
2018-03-06 06:03:00,0.591854020288622
2018-03-06 06:06:00,0.6150325546151976
2018-03-06 06:09:00,0.6979101975148865
2018-03-06 06:12:00,0.6162428809993798
2018-03-06 06:15:00,0.5373883997941675
2018-03-06 06:18:00,0.5702613334190687
2018-03-06 06:21:00,0.7166502014657681
2018-03-06 06:24:00,0.6954276407626594
2018-03-06 06:27:00,0.6574417174388714
2018-03-06 06:30:00,0.6419924478196322
2018-03-06 06:33:00,0.6054316117774761
2018-03-06 06:36:00,0.6291056594644715
2018-03-06 06:39:00,0.6302265034225343
2018-03-06 06:42:00,0.5400662014941418
2018-03-06 06:45:00,0.6152264479892438
2018-03-06 06:48:00,0.4963868698470151
2018-03-06 06:51:00,0.6401753549823184
2018-03-06 06:54:00,0.6364712915192285
2018-03-06 06:57:00,0.6271286412051609
2018-03-06 07:00:00,0.49814996135097545
2018-03-06 07:03:00,0.60602067176319
2018-03-06 07:06:00,0.5824178974815482
2018-03-06 07:09:00,0.6495742126890605
2018-03-06 07:12:00,0.5987646474234793
2018-03-06 07:15:00,0.5571562781339594
2018-03-06 07:18:00,0.6413315881549693
2018-03-06 07:21:00,0.6253587754691807
2018-03-06 07:24:00,0.7055946311881485
2018-03-06 07:27:00,0.5833091954353335
2018-03-06 07:30:00,0.5868102144866043
2018-03-06 07:33:00,0.4491555525653439
2018-03-06 07:36:00,0.5595503113841005
2018-03-06 07:39:00,0.6160916619783734
2018-03-06 07:42:00,0.6059054128601815
2018-03-06 07:45:00,0.5527794307631098
2018-03-06 07:48:00,0.6017259711028942
2018-03-06 07:51:00,0.4791784184307062
2018-03-06 07:54:00,0.5119594145504038
2018-03-06 07:57:00,0.47189610570990226
2018-03-06 08:00:00,0.6033069481063649
2018-03-06 08:03:00,0.5823412301044755
2018-03-06 08:06:00,0.5194123918454352
2018-03-06 08:09:00,0.5326850264765426
2018-03-06 08:12:00,0.5014574978548012
2018-03-06 08:15:00,0.4858262112592797
2018-03-06 08:18:00,0.6001521951576478
2018-03-06 08:21:00,0.5478046606982616
2018-03-06 08:24:00,0.44053247150543484
2018-03-06 08:27:00,0.4944464260614154
2018-03-06 08:30:00,0.5581610281403755
2018-03-06 08:33:00,0.49086720834856123
2018-03-06 08:36:00,0.6241225561290094
2018-03-06 08:39:00,0.5029849108048552
2018-03-06 08:42:00,0.5692175629554299
2018-03-06 08:45:00,0.5425352988208374
2018-03-06 08:48:00,0.5551379584805431
2018-03-06 08:51:00,0.48990796080670407
2018-03-06 08:54:00,0.5505888649504413
2018-03-06 08:57:00,0.4661564043995554
2018-03-06 09:00:00,0.4707219380537708
2018-03-06 09:03:00,0.46621355704888856
2018-03-06 09:06:00,0.48393503946613237
2018-03-06 09:09:00,0.48271689718899324
2018-03-06 09:12:00,0.45031803103893253
2018-03-06 09:15:00,0.515105172743688
2018-03-06 09:18:00,0.5069107662993133
2018-03-06 09:21:00,0.46272784603416994
2018-03-06 09:24:00,0.3474839359188877
2018-03-06 09:27:00,0.4192510213434275
2018-03-06 09:30:00,0.33723483992031333
2018-03-06 09:33:00,0.45688107661169397
2018-03-06 09:36:00,0.35313319822626
2018-03-06 09:39:00,0.3979505131849237
2018-03-06 09:42:00,0.365513392984667
2018-03-06 09:45:00,0.3685097909215642
2018-03-06 09:48:00,0.4470018285433639
2018-03-06 09:51:00,0.38556401447777944
2018-03-06 09:54:00,0.38924011484755283
2018-03-06 09:57:00,0.3674012235970281
2018-03-06 10:00:00,0.3780956200685637
2018-03-06 10:03:00,0.368201344653869
2018-03-06 10:06:00,0.4073077291391769
2018-03-06 10:09:00,0.3313959800023554
2018-03-06 10:12:00,0.38634211096797344
2018-03-06 10:15:00,0.3876957481964496
2018-03-06 10:18:00,0.48811753843409633
2018-03-06 10:21:00,0.29630140356698575
2018-03-06 10:24:00,0.3338602356956244
2018-03-06 10:27:00,0.32699978461641876
2018-03-06 10:30:00,0.29667709418873756
2018-03-06 10:33:00,0.3765006495867169
2018-03-06 10:36:00,0.3300862443214214
2018-03-06 10:39:00,0.43269936067895287
2018-03-06 10:42:00,0.36492969037692546
2018-03-06 10:45:00,0.2776288030926253
2018-03-06 10:48:00,0.4260316242768454
2018-03-06 10:51:00,0.3682518042289189
2018-03-06 10:54:00,0.38557460646416075
2018-03-06 10:57:00,0.3053836067868474
2018-03-06 11:00:00,0.2674507166718172
2018-03-06 11:03:00,0.3199614157066435
2018-03-06 11:06:00,0.41907117991627274
2018-03-06 11:09:00,0.1635875501732471
2018-03-06 11:12:00,0.30210910171524574
2018-03-06 11:15:00,0.12893874908820635
2018-03-06 11:18:00,0.2290467946019703
2018-03-06 11:21:00,0.15319454361656426
2018-03-06 11:24:00,0.10262057713237027
2018-03-06 11:27:00,0.14118255488665454
2018-03-06 11:30:00,0.17169447627514955
2018-03-06 11:33:00,0.23465556389373887
2018-03-06 11:36:00,0.22016504354655808
2018-03-06 11:39:00,0.19389455949522016
2018-03-06 11:42:00,0.17517598537273216
2018-03-06 11:45:00,0.1667915219974816
2018-03-06 11:48:00,0.1549885500987216
2018-03-06 11:51:00,0.22497997391207036
2018-03-06 11:54:00,0.11570161164843284
2018-03-06 11:57:00,0.26993970490349284
2018-03-06 12:00:00,0.17517817258982404
2018-03-06 12:03:00,0.032367518914895754
2018-03-06 12:06:00,0.2138735630788915
2018-03-06 12:09:00,0.15848515854742118
2018-03-06 12:12:00,0.14624737382780495
2018-03-06 12:15:00,0.22284477743806974
2018-03-06 12:18:00,0.1704627532888594
2018-03-06 12:21:00,0.3477844906461769
2018-03-06 12:24:00,0.22752260284482873
2018-03-06 12:27:00,0.11933751622450472
2018-03-06 12:30:00,0.26841015757827336
2018-03-06 12:33:00,0.23848239856522468
2018-03-06 12:36:00,0.2243199401335687
2018-03-06 12:39:00,0.14638451235293815
2018-03-06 12:42:00,0.12859396902683784
2018-03-06 12:45:00,0.06989245980884107
2018-03-06 12:48:00,0.21013092587458004
2018-03-06 12:51:00,0.13474446435458276
2018-03-06 12:54:00,0.08223999232450296
2018-03-06 12:57:00,0.004847265901219089
2018-03-06 13:00:00,0.04887061396766512
2018-03-06 13:03:00,0.04083175102869063
2018-03-06 13:06:00,0.011821489810756702
2018-03-06 13:09:00,0.01959738895385499
2018-03-06 13:12:00,0.05559955147657547
2018-03-06 13:15:00,-0.012713047369800279
2018-03-06 13:18:00,0.04047712467297515
2018-03-06 13:21:00,0.01333795662145576
2018-03-06 13:24:00,-0.08869289615358866
2018-03-06 13:27:00,-0.20253735233495718
2018-03-06 13:30:00,-0.12495291785387508
2018-03-06 13:33:00,-0.0597384107779817
2018-03-06 13:36:00,-0.14048970878855016
2018-03-06 13:39:00,-0.23333650843636633
2018-03-06 13:42:00,-0.0853176049009221
2018-03-06 13:45:00,-0.2245407440821623
2018-03-06 13:48:00,-0.09044539681974584
2018-03-06 13:51:00,-0.21765496089545877
2018-03-06 13:54:00,-0.21031256186938663
2018-03-06 13:57:00,-0.17236939315966993
2018-03-06 14:00:00,-0.10808753741935107
2018-03-06 14:03:00,-0.3284066363279976
2018-03-06 14:06:00,-0.1291862508216468
2018-03-06 14:09:00,-0.16751446614910037
2018-03-06 14:12:00,-0.12291082041707568
2018-03-06 14:15:00,-0.12233241137403184
2018-03-06 14:18:00,-0.0033419646663901403
2018-03-06 14:21:00,0.012628577519819828
2018-03-06 14:24:00,0.08804710239775204
2018-03-06 14:27:00,0.18236533000634836
2018-03-06 14:30:00,0.19662865272636054
2018-03-06 14:33:00,0.12988504391040578
2018-03-06 14:36:00,0.19279400562265891
2018-03-06 14:39:00,0.13668994820426406
2018-03-06 14:42:00,0.09289363506366044
2018-03-06 14:45:00,0.2727297830656994
2018-03-06 14:48:00,0.06524243209793212
2018-03-06 14:51:00,0.15554601312180694
2018-03-06 14:54:00,0.02140139121104312
2018-03-06 14:57:00,-0.008215359846701631
2018-03-06 15:00:00,-0.01977286020309066
2018-03-06 15:03:00,0.10881314563533806
2018-03-06 15:06:00,-0.009330185433839233
2018-03-06 15:09:00,-0.011614645052645756
2018-03-06 15:12:00,-0.16247854170535447
2018-03-06 15:15:00,-0.031229269416826355
2018-03-06 15:18:00,0.10803974982758291
2018-03-06 15:21:00,0.1459504292541851
2018-03-06 15:24:00,0.12245424671823457
2018-03-06 15:27:00,0.04504945068140387
2018-03-06 15:30:00,0.10493094390960778
2018-03-06 15:33:00,0.1125056324065099
2018-03-06 15:36:00,0.027507425416729347
2018-03-06 15:39:00,0.008252101511459387
2018-03-06 15:42:00,0.020934120419099145
2018-03-06 15:45:00,0.10171007521137199
2018-03-06 15:48:00,0.06986793579937967
2018-03-06 15:51:00,-0.011466037050354316
2018-03-06 15:54:00,0.01346117089639165
2018-03-06 15:57:00,-0.026803832645953207
2018-03-06 16:00:00,-0.10197990594457451
2018-03-06 16:03:00,-0.016797593196145044
2018-03-06 16:06:00,-0.005505577591691235
2018-03-06 16:09:00,0.10223110185233963
2018-03-06 16:12:00,-0.023584314778531734
2018-03-06 16:15:00,0.06898678179658191
2018-03-06 16:18:00,0.1107817770051156
2018-03-06 16:21:00,-0.0817099098085805
2018-03-06 16:24:00,-0.043333955873947616
2018-03-06 16:27:00,-0.027333998363985756
2018-03-06 16:30:00,0.06823908145707946
2018-03-06 16:33:00,0.09674602073971528
2018-03-06 16:36:00,0.05338420293037416
2018-03-06 16:39:00,0.06507388809427539
2018-03-06 16:42:00,0.045899074605245005
2018-03-06 16:45:00,0.04379252156780922
2018-03-06 16:48:00,0.0059067209091949735
2018-03-06 16:51:00,-0.05984114919408512
2018-03-06 16:54:00,0.04729582653931175
2018-03-06 16:57:00,-0.03756784824025772
2018-03-06 17:00:00,0.14324706410178578
2018-03-06 17:03:00,0.12466424001479481
2018-03-06 17:06:00,0.028174268956263404
2018-03-06 17:09:00,0.20914053365402197
2018-03-06 17:12:00,0.17511000237482222
2018-03-06 17:15:00,-0.06654881700859505
2018-03-06 17:18:00,0.1756402780431472
2018-03-06 17:21:00,0.0440948848277003
2018-03-06 17:24:00,0.07785143133355632
2018-03-06 17:27:00,0.12096270148515487
2018-03-06 17:30:00,0.08062187841488822
2018-03-06 17:33:00,0.16389134206298195
2018-03-06 17:36:00,0.1177586214998314
2018-03-06 17:39:00,0.16495571858729363
2018-03-06 17:42:00,0.2196369706415453
2018-03-06 17:45:00,0.1639962673999662
2018-03-06 17:48:00,0.20975998456498246
2018-03-06 17:51:00,0.05355806940076491
2018-03-06 17:54:00,0.2128899565714164
2018-03-06 17:57:00,0.09829852570385356
2018-03-06 18:00:00,0.13804929928431875
2018-03-06 18:03:00,0.1189349428816513
2018-03-06 18:06:00,0.14263444104835798
2018-03-06 18:09:00,0.1488634198368004
2018-03-06 18:12:00,0.13018611881562947
2018-03-06 18:15:00,0.10820662687285676
2018-03-06 18:18:00,0.10943148784122059
2018-03-06 18:21:00,0.1907377743961547
2018-03-06 18:24:00,0.23174220876614982
2018-03-06 18:27:00,0.22423197819875895
2018-03-06 18:30:00,0.20017229474655096
2018-03-06 18:33:00,0.1101787430733907
2018-03-06 18:36:00,0.17902420826862908
2018-03-06 18:39:00,0.13975531242761008
2018-03-06 18:42:00,0.0845951124910016
2018-03-06 18:45:00,0.11534227644324346
2018-03-06 18:48:00,0.18443227688499064
2018-03-06 18:51:00,0.1467303758270191
2018-03-06 18:54:00,
2018-03-06 18:57:00,
2018-03-06 19:00:00,
2018-03-06 19:03:00,0.15622703065474752
2018-03-06 19:06:00,0.19086979184925212
2018-03-06 19:09:00,0.22159170705748465
2018-03-06 19:12:00,0.2222585369703438
2018-03-06 19:15:00,0.2544431660591613
2018-03-06 19:18:00,0.1401748342469773
2018-03-06 19:21:00,0.2502706260924583
2018-03-06 19:24:00,0.20741217483873697
2018-03-06 19:27:00,0.24761417939657804
2018-03-06 19:30:00,0.1850421102619748
2018-03-06 19:33:00,0.25162207191112884
2018-03-06 19:36:00,0.27308640677546236
2018-03-06 19:39:00,0.1558135236984981
2018-03-06 19:42:00,0.17364345351438715
2018-03-06 19:45:00,0.23214245855251647
2018-03-06 19:48:00,0.19718799635541018
2018-03-06 19:51:00,0.25240349591251743
2018-03-06 19:54:00,0.3133706552931699
2018-03-06 19:57:00,0.31053486503401473
2018-03-06 20:00:00,0.39748710313199354
2018-03-06 20:03:00,0.4246121686019819
2018-03-06 20:06:00,0.32003666272970577
2018-03-06 20:09:00,0.3052648250588845
2018-03-06 20:12:00,0.400986400377235
2018-03-06 20:15:00,0.3468877245018689
2018-03-06 20:18:00,0.33489058244288117
2018-03-06 20:21:00,0.28805067608811896
2018-03-06 20:24:00,0.3583131068149328
2018-03-06 20:27:00,0.3478710553606561
2018-03-06 20:30:00,0.2531882532346117
2018-03-06 20:33:00,0.31913183142796697
2018-03-06 20:36:00,0.42650674618914763
2018-03-06 20:39:00,0.4411117744550097
2018-03-06 20:42:00,0.4156940992406817
2018-03-06 20:45:00,0.366603673109978
2018-03-06 20:48:00,0.4549185093246706
2018-03-06 20:51:00,0.29680321502024753
2018-03-06 20:54:00,0.3736685601616614
2018-03-06 20:57:00,0.38605623865703365
2018-03-06 21:00:00,0.4784807769751751
2018-03-06 21:03:00,0.3314579281850456
2018-03-06 21:06:00,0.4198939827903132
2018-03-06 21:09:00,0.35918745133437824
2018-03-06 21:12:00,0.3244112228609879
2018-03-06 21:15:00,0.4498200482158268
2018-03-06 21:18:00,0.4730620276274635
2018-03-06 21:21:00,0.4031653612763648
2018-03-06 21:24:00,0.399371630294695
2018-03-06 21:27:00,0.38960650852220624
2018-03-06 21:30:00,0.43758944603706595
2018-03-06 21:33:00,0.4435955726714269
2018-03-06 21:36:00,0.47394109416637775
2018-03-06 21:39:00,0.36059294452536506
2018-03-06 21:42:00,0.35261274623678673
2018-03-06 21:45:00,0.3947316405888728
2018-03-06 21:48:00,0.38550614363362
2018-03-06 21:51:00,0.4507535644602285
2018-03-06 21:54:00,0.43628112508292816
2018-03-06 21:57:00,0.422928879080132
2018-03-06 22:00:00,0.3719593078084813
2018-03-06 22:03:00,0.47538913656018167
2018-03-06 22:06:00,0.49587737608356974
2018-03-06 22:09:00,0.43680413570228893
2018-03-06 22:12:00,0.41515849596925136
2018-03-06 22:15:00,0.46665923891242755
2018-03-06 22:18:00,0.5263623752802573
2018-03-06 22:21:00,0.4396949106541683
2018-03-06 22:24:00,0.5091615040851707
2018-03-06 22:27:00,0.4563726681243452
2018-03-06 22:30:00,0.40762145764045954
2018-03-06 22:33:00,0.4630505486359766
2018-03-06 22:36:00,0.4495212119577445
2018-03-06 22:39:00,0.4085200491962837
2018-03-06 22:42:00,0.393081019008207
2018-03-06 22:45:00,0.3998909589432742
2018-03-06 22:48:00,0.36002139017784884
2018-03-06 22:51:00,0.38380355403666044
2018-03-06 22:54:00,0.33988612480237634
2018-03-06 22:57:00,0.41107532012426873
2018-03-06 23:00:00,0.3768268333005267
2018-03-06 23:03:00,0.27319998428333747
2018-03-06 23:06:00,0.34110153196962756
2018-03-06 23:09:00,0.4203717810017906
2018-03-06 23:12:00,0.32592999976623105
2018-03-06 23:15:00,0.27042895715072746
2018-03-06 23:18:00,0.3697417953499098
2018-03-06 23:21:00,0.25813668489945485
2018-03-06 23:24:00,0.3307289043890478
2018-03-06 23:27:00,0.44071164008738606
2018-03-06 23:30:00,0.38833674851957767
2018-03-06 23:33:00,0.39223083105412115
2018-03-06 23:36:00,0.44747925721947013
2018-03-06 23:39:00,0.360248819862079
2018-03-06 23:42:00,0.33606519880470387
2018-03-06 23:45:00,0.2542594594863772
2018-03-06 23:48:00,0.34395001054565455
2018-03-06 23:51:00,0.32546457782171956
2018-03-06 23:54:00,0.2707929560315847
2018-03-06 23:57:00,0.44673675898127385
2018-03-07 00:00:00,0.41029829484136826
2018-03-07 00:03:00,0.5172661024574836
2018-03-07 00:06:00,0.47095292084242146
2018-03-07 00:09:00,0.4525222665129718
2018-03-07 00:12:00,0.4479153260808175
2018-03-07 00:15:00,0.4990288645759051
2018-03-07 00:18:00,0.41188754526643834
2018-03-07 00:21:00,0.4468966406219579
2018-03-07 00:24:00,0.4466773501814032
2018-03-07 00:27:00,0.4804036755734842
2018-03-07 00:30:00,0.42689815313264035
2018-03-07 00:33:00,0.4664151421808924
2018-03-07 00:36:00,0.47174941059466846
2018-03-07 00:39:00,0.5037722937993294
2018-03-07 00:42:00,0.5819129829500298
2018-03-07 00:45:00,0.46570731220958805
2018-03-07 00:48:00,0.6128012834390688
2018-03-07 00:51:00,0.543452085018771
2018-03-07 00:54:00,0.43265440823694234
2018-03-07 00:57:00,0.5878205223633017
2018-03-07 01:00:00,0.4923370873816566
2018-03-07 01:03:00,0.47813524619618875
2018-03-07 01:06:00,0.37971732060179875
2018-03-07 01:09:00,0.46287662335060986
2018-03-07 01:12:00,0.5209232391376872
2018-03-07 01:15:00,0.5614010178011881
2018-03-07 01:18:00,0.43077025766166344
2018-03-07 01:21:00,0.3599060813969004
2018-03-07 01:24:00,0.46925769881971746
2018-03-07 01:27:00,0.43771570663767534
2018-03-07 01:30:00,0.47057736487647617
2018-03-07 01:33:00,0.4309532187177183
2018-03-07 01:36:00,0.5065890854139639
2018-03-07 01:39:00,0.40447846209860927
2018-03-07 01:42:00,0.7315382418286731
2018-03-07 01:45:00,0.7041249734561461
2018-03-07 01:48:00,0.5292676394753357
2018-03-07 01:51:00,0.4332750829713632
2018-03-07 01:54:00,0.4270774269601816
2018-03-07 01:57:00,0.5262571478289715
2018-03-07 02:00:00,0.46942011155147156
2018-03-07 02:03:00,0.42907155137459085
2018-03-07 02:06:00,0.4955689108215324
2018-03-07 02:09:00,0.610201961178575
2018-03-07 02:12:00,0.5753646821343068
2018-03-07 02:15:00,0.5096697162451278
2018-03-07 02:18:00,0.5514637876509596
2018-03-07 02:21:00,0.5611293183143289
2018-03-07 02:24:00,0.5207886941316815
2018-03-07 02:27:00,0.48403736325968794
2018-03-07 02:30:00,0.6088601278312353
2018-03-07 02:33:00,0.5224858854571153
2018-03-07 02:36:00,0.514735839266848
2018-03-07 02:39:00,0.46646850149369357
2018-03-07 02:42:00,0.44915530206213816
2018-03-07 02:45:00,0.42729169753414453
2018-03-07 02:48:00,0.5552521853115877
2018-03-07 02:51:00,0.40940293900354163
2018-03-07 02:54:00,0.5726227883942556
2018-03-07 02:57:00,0.521877644397307
2018-03-07 03:00:00,0.49192092901836304
2018-03-07 03:03:00,0.5330451333197175
2018-03-07 03:06:00,0.5114115049539691
2018-03-07 03:09:00,0.632410293914063
2018-03-07 03:12:00,0.5227867106834196
2018-03-07 03:15:00,0.5325392757427494
2018-03-07 03:18:00,0.5255373846432008
2018-03-07 03:21:00,0.49240207969637595
2018-03-07 03:24:00,0.48595873791680333
2018-03-07 03:27:00,0.4548741510898253
2018-03-07 03:30:00,0.40411267220684977
2018-03-07 03:33:00,0.46797900875316145
2018-03-07 03:36:00,0.34169728661851195
2018-03-07 03:39:00,0.4929416321473923
2018-03-07 03:42:00,0.5888718048701662
2018-03-07 03:45:00,0.44273929683026836
2018-03-07 03:48:00,0.4504163237906482
2018-03-07 03:51:00,0.5322161958171137
2018-03-07 03:54:00,0.5175502902457083
2018-03-07 03:57:00,0.5181951624459202
2018-03-07 04:00:00,0.5028748534269312
2018-03-07 04:03:00,0.5475863980103668
2018-03-07 04:06:00,0.6049572996457755
2018-03-07 04:09:00,0.5116342291721026
2018-03-07 04:12:00,0.4635750730053019
2018-03-07 04:15:00,0.5569369582425452
2018-03-07 04:18:00,0.4916469245777648
2018-03-07 04:21:00,0.5769702549715134
2018-03-07 04:24:00,0.540250767918451
2018-03-07 04:27:00,0.4721227426082919
2018-03-07 04:30:00,0.459380365984714
2018-03-07 04:33:00,0.5473709673059943
2018-03-07 04:36:00,0.5047927066373177
2018-03-07 04:39:00,0.4970713734649621
2018-03-07 04:42:00,0.531866544037257
2018-03-07 04:45:00,0.5078807091220483
2018-03-07 04:48:00,0.43079241036724625
2018-03-07 04:51:00,0.469134921640034
2018-03-07 04:54:00,0.586050652297331
2018-03-07 04:57:00,0.45527453192920575
2018-03-07 05:00:00,0.48375753446515546
2018-03-07 05:03:00,0.5077310692351489
2018-03-07 05:06:00,0.4640992593663782
2018-03-07 05:09:00,0.4233517029772429
2018-03-07 05:12:00,0.4157232212606914
2018-03-07 05:15:00,0.4314379385725715
2018-03-07 05:18:00,0.5308898235514903
2018-03-07 05:21:00,0.46627876630071796
2018-03-07 05:24:00,0.4086216298380805
2018-03-07 05:27:00,0.4997634524463592
2018-03-07 05:30:00,0.4403253547010877
2018-03-07 05:33:00,0.42798904385767855
2018-03-07 05:36:00,0.41179504589842963
2018-03-07 05:39:00,0.48811441414108003
2018-03-07 05:42:00,0.5360412187515067
2018-03-07 05:45:00,0.5250576884354246
2018-03-07 05:48:00,0.5792721684712205
2018-03-07 05:51:00,0.5153163613591119
2018-03-07 05:54:00,0.47884155972769804
2018-03-07 05:57:00,0.5162401926968414
2018-03-07 06:00:00,0.5268399362490754
2018-03-07 06:03:00,0.5710439930175539
2018-03-07 06:06:00,0.6565030437982955
2018-03-07 06:09:00,0.5063436081650821
2018-03-07 06:12:00,0.6067086436995623
2018-03-07 06:15:00,0.6235761393484154
2018-03-07 06:18:00,0.5970846336746263
2018-03-07 06:21:00,0.590116329616194
2018-03-07 06:24:00,0.5405528446580092
2018-03-07 06:27:00,0.48957207466804675
2018-03-07 06:30:00,0.5463884366400293
2018-03-07 06:33:00,0.5921423108944737
2018-03-07 06:36:00,0.5641232034169548
2018-03-07 06:39:00,0.5089991364465618
2018-03-07 06:42:00,0.5471197177541853
2018-03-07 06:45:00,0.5917155558182685
2018-03-07 06:48:00,0.5911282576601593
2018-03-07 06:51:00,0.5296187433111186
2018-03-07 06:54:00,0.5658517027560492
2018-03-07 06:57:00,0.5780324641120274
2018-03-07 07:00:00,0.599652999488228
2018-03-07 07:03:00,0.6538335507529496
2018-03-07 07:06:00,0.6489983883962509
2018-03-07 07:09:00,0.5397523802227511
2018-03-07 07:12:00,0.6115823450252833
2018-03-07 07:15:00,0.5577611005741687
2018-03-07 07:18:00,0.629373707648881
2018-03-07 07:21:00,0.5332057640564472
2018-03-07 07:24:00,0.5384310913880199
2018-03-07 07:27:00,0.4654252103255203
2018-03-07 07:30:00,0.5212287099291188
2018-03-07 07:33:00,0.46626359118272376
2018-03-07 07:36:00,0.37129551532501637
2018-03-07 07:39:00,0.5196384160261118
2018-03-07 07:42:00,0.46616378959976146
2018-03-07 07:45:00,0.42172654218347816
2018-03-07 07:48:00,0.4401261617738328
2018-03-07 07:51:00,0.39741502883845214
2018-03-07 07:54:00,0.45672472417209065
2018-03-07 07:57:00,0.413192626980333
2018-03-07 08:00:00,0.29285749156304064
2018-03-07 08:03:00,0.3489756070829344
2018-03-07 08:06:00,0.35147173965100365
2018-03-07 08:09:00,0.32521615235424406
2018-03-07 08:12:00,0.3548182169147367
2018-03-07 08:15:00,0.326527922321759
2018-03-07 08:18:00,0.27379115765859297
2018-03-07 08:21:00,0.3045541250074848
2018-03-07 08:24:00,0.3052762622658065
2018-03-07 08:27:00,0.2917208818359427
2018-03-07 08:30:00,0.23267720259804037
2018-03-07 08:33:00,0.04292197622049798
2018-03-07 08:36:00,0.2537122227722648
2018-03-07 08:39:00,0.15308083490270974
2018-03-07 08:42:00,0.16767565389528727
2018-03-07 08:45:00,0.07338896401404327
2018-03-07 08:48:00,0.12353798578982378
2018-03-07 08:51:00,0.09190919943313247
2018-03-07 08:54:00,0.1792431664191554
2018-03-07 08:57:00,0.1985480425984747
2018-03-07 09:00:00,0.2153017199398164
2018-03-07 09:03:00,0.2236728380266868
2018-03-07 09:06:00,0.24446088621436957
2018-03-07 09:09:00,0.14051935096040324
2018-03-07 09:12:00,0.19070137255869213
2018-03-07 09:15:00,0.12380864208279263
2018-03-07 09:18:00,0.1762251089373308
2018-03-07 09:21:00,0.07033067656527692
2018-03-07 09:24:00,0.08606266048178668
2018-03-07 09:27:00,0.11395454946131167
2018-03-07 09:30:00,0.058828990791937485
2018-03-07 09:33:00,0.03785504117951177
2018-03-07 09:36:00,0.04020619273643433
2018-03-07 09:39:00,0.07649877873376454
2018-03-07 09:42:00,0.12620798856607962
2018-03-07 09:45:00,0.13035611640094658
2018-03-07 09:48:00,0.03420252991935513
2018-03-07 09:51:00,0.08846742743179448
2018-03-07 09:54:00,0.09815071979545564
2018-03-07 09:57:00,0.025232055348055837
2018-03-07 10:00:00,0.01889351406816786
2018-03-07 10:03:00,0.055076662181704705
2018-03-07 10:06:00,0.008731770234817304
2018-03-07 10:09:00,0.06031651006418315
2018-03-07 10:12:00,-0.011890539608657491
2018-03-07 10:15:00,-0.12656863826430254
2018-03-07 10:18:00,-0.03642417705390244
2018-03-07 10:21:00,-0.11128707796905246
2018-03-07 10:24:00,-0.012040648957679423
2018-03-07 10:27:00,0.018242212923098577
2018-03-07 10:30:00,-0.1257434499580654
2018-03-07 10:33:00,-0.1501448274235031
2018-03-07 10:36:00,-0.038752077363312765
2018-03-07 10:39:00,-0.08752069768689807
2018-03-07 10:42:00,-0.09926681952129002
2018-03-07 10:45:00,-0.1264961899767627
2018-03-07 10:48:00,-0.1267967788036799
2018-03-07 10:51:00,0.010400373641743954
2018-03-07 10:54:00,-0.019451505713675488
2018-03-07 10:57:00,-0.049651203674329736
2018-03-07 11:00:00,-0.08943671884418336
2018-03-07 11:03:00,-0.11332233306734452
2018-03-07 11:06:00,-0.12314786064035843
2018-03-07 11:09:00,-0.20238647756781347
2018-03-07 11:12:00,-0.09161812736988395
2018-03-07 11:15:00,-0.12793705492009622
2018-03-07 11:18:00,-0.08199485958152763
2018-03-07 11:21:00,-0.053283842958478544
2018-03-07 11:24:00,-0.07631247324172818
2018-03-07 11:27:00,-0.09244424253603256
2018-03-07 11:30:00,-0.13748311142251168
2018-03-07 11:33:00,-0.18964578570364665
2018-03-07 11:36:00,-0.08372399967174715
2018-03-07 11:39:00,-0.10699571507575456
2018-03-07 11:42:00,-0.17035020508461685
2018-03-07 11:45:00,-0.13470963269537606
2018-03-07 11:48:00,-0.24434381047200304
2018-03-07 11:51:00,-0.13898483870292466
2018-03-07 11:54:00,-0.07629090469441735
2018-03-07 11:57:00,-0.25183181594223925
2018-03-07 12:00:00,-0.15615639145499927
2018-03-07 12:03:00,-0.2520247950775456
2018-03-07 12:06:00,-0.2190109408011267
2018-03-07 12:09:00,-0.19852894403396704
2018-03-07 12:12:00,-0.17296480173541795
2018-03-07 12:15:00,-0.34947533363634875
2018-03-07 12:18:00,-0.2873875593454045
2018-03-07 12:21:00,-0.24599557580927467
2018-03-07 12:24:00,-0.21724730054546626
2018-03-07 12:27:00,-0.27329433301093786
2018-03-07 12:30:00,-0.20137008557202307
2018-03-07 12:33:00,-0.1685339044749412
2018-03-07 12:36:00,-0.16412258941193159
2018-03-07 12:39:00,-0.20009853377308673
2018-03-07 12:42:00,-0.2722679665063197
2018-03-07 12:45:00,-0.1453895241127725
2018-03-07 12:48:00,-0.2533519957590329
2018-03-07 12:51:00,-0.15667004885642655
2018-03-07 12:54:00,-0.23403815534169325
2018-03-07 12:57:00,-0.402641107965394
2018-03-07 13:00:00,-0.4700249105370631
2018-03-07 13:03:00,-0.36814436917120474
2018-03-07 13:06:00,-0.30006981466959814
2018-03-07 13:09:00,-0.36464977066412985
2018-03-07 13:12:00,-0.3868670654281914
2018-03-07 13:15:00,-0.3572741869315337
2018-03-07 13:18:00,-0.1485549624912892
2018-03-07 13:21:00,-0.05329127052925742
2018-03-07 13:24:00,-0.2880396409179298
2018-03-07 13:27:00,-0.31048897334591175
2018-03-07 13:30:00,-0.3356471201961426
2018-03-07 13:33:00,-0.3691043368133933
2018-03-07 13:36:00,-0.24738145811681989
2018-03-07 13:39:00,-0.2912547410161892
2018-03-07 13:42:00,-0.3977642117133655
2018-03-07 13:45:00,-0.3779135215216911
2018-03-07 13:48:00,-0.428657551552476
2018-03-07 13:51:00,-0.26894495267856655
2018-03-07 13:54:00,-0.38914903273536083
2018-03-07 13:57:00,-0.31500974428610107
2018-03-07 14:00:00,-0.35527571308750794
2018-03-07 14:03:00,-0.26603402455901914
2018-03-07 14:06:00,-0.2036542990382486
2018-03-07 14:09:00,-0.19954427546724673
2018-03-07 14:12:00,-0.2672599987412241
2018-03-07 14:15:00,-0.23280181656855348
2018-03-07 14:18:00,-0.2549984851401632
2018-03-07 14:21:00,-0.32066090355317556
2018-03-07 14:24:00,-0.1655973387170775
2018-03-07 14:27:00,-0.12350894118122824
2018-03-07 14:30:00,-0.10776424557326436
2018-03-07 14:33:00,-0.3033758050901838
2018-03-07 14:36:00,-0.22230708438297597
2018-03-07 14:39:00,-0.3704301438775701
2018-03-07 14:42:00,-0.3148316805744571
2018-03-07 14:45:00,-0.39562785611781237
2018-03-07 14:48:00,-0.2464478520024045
2018-03-07 14:51:00,-0.23763092387412144
2018-03-07 14:54:00,-0.22847739204860318
2018-03-07 14:57:00,-0.19068310794551735
2018-03-07 15:00:00,-0.17004595474611506
2018-03-07 15:03:00,-0.18895411761883452
2018-03-07 15:06:00,-0.34286613555150325
2018-03-07 15:09:00,-0.4792756674270322
2018-03-07 15:12:00,-0.4076225989361433
2018-03-07 15:15:00,-0.3525118965762317
2018-03-07 15:18:00,-0.3624046505812544
2018-03-07 15:21:00,-0.34177636349164686
2018-03-07 15:24:00,-0.3407373455911511
2018-03-07 15:27:00,-0.2938163361703232
2018-03-07 15:30:00,-0.3408470545685418
2018-03-07 15:33:00,-0.345051838036909
2018-03-07 15:36:00,-0.24899793500912892
2018-03-07 15:39:00,-0.3720665907092098
2018-03-07 15:42:00,-0.4678711427492317
2018-03-07 15:45:00,-0.3838818472576122
2018-03-07 15:48:00,-0.31841952594771783
2018-03-07 15:51:00,-0.3107343927344459
2018-03-07 15:54:00,-0.5059961306824903
2018-03-07 15:57:00,-0.38406527543128277
2018-03-07 16:00:00,-0.33698910850398534
2018-03-07 16:03:00,-0.41614337735478557
2018-03-07 16:06:00,-0.4386423119144638
2018-03-07 16:09:00,-0.3089381272943683
2018-03-07 16:12:00,-0.3730609871459478
2018-03-07 16:15:00,-0.3545820486141338
2018-03-07 16:18:00,-0.3125738343823059
2018-03-07 16:21:00,-0.3503612136053107
2018-03-07 16:24:00,-0.29211293644516445
2018-03-07 16:27:00,-0.33304887068078415
2018-03-07 16:30:00,-0.37700515550238833
2018-03-07 16:33:00,-0.29679179472054784
2018-03-07 16:36:00,-0.4005651204510059
2018-03-07 16:39:00,-0.37032350235983813
2018-03-07 16:42:00,-0.3581300517384989
2018-03-07 16:45:00,-0.30472118465792164
2018-03-07 16:48:00,-0.3123595499370708
2018-03-07 16:51:00,-0.2275596637024364
2018-03-07 16:54:00,-0.4047437662827633
2018-03-07 16:57:00,-0.3495398079114693
2018-03-07 17:00:00,-0.2459056642669566
2018-03-07 17:03:00,-0.3646759257309782
2018-03-07 17:06:00,-0.3918684044223255
2018-03-07 17:09:00,-0.3771192693387775
2018-03-07 17:12:00,-0.28814667667472804
2018-03-07 17:15:00,-0.3120239477782434
2018-03-07 17:18:00,-0.3987853963619159
2018-03-07 17:21:00,-0.2682480710777213
2018-03-07 17:24:00,-0.27580398548059293
2018-03-07 17:27:00,-0.3560094109727743
2018-03-07 17:30:00,-0.22300941697585586
2018-03-07 17:33:00,-0.3230575686339421
2018-03-07 17:36:00,-0.3480731826097667
2018-03-07 17:39:00,-0.25504722671411173
2018-03-07 17:42:00,-0.3441659632818528
2018-03-07 17:45:00,-0.4131851561200506
2018-03-07 17:48:00,-0.2958137953419282
2018-03-07 17:51:00,-0.30208060399377246
2018-03-07 17:54:00,-0.3008554675732853
2018-03-07 17:57:00,-0.25177666463798687
2018-03-07 18:00:00,-0.290020277667395
2018-03-07 18:03:00,-0.21612997238702292
2018-03-07 18:06:00,-0.3546124398999382
2018-03-07 18:09:00,-0.30952322177932956
2018-03-07 18:12:00,-0.33426491808495484
2018-03-07 18:15:00,-0.2428327388093976
2018-03-07 18:18:00,-0.17622552015927795
2018-03-07 18:21:00,-0.3002199774916221
2018-03-07 18:24:00,-0.23912444685066703
2018-03-07 18:27:00,-0.23558201553896652
2018-03-07 18:30:00,-0.24666029908024711
2018-03-07 18:33:00,-0.29164817989203584
2018-03-07 18:36:00,-0.20165850869307178
2018-03-07 18:39:00,-0.1367007858596594
2018-03-07 18:42:00,-0.08934948504122531
2018-03-07 18:45:00,-0.13793347565490421
2018-03-07 18:48:00,-0.17967737946474927
2018-03-07 18:51:00,-0.08879107542452402
2018-03-07 18:54:00,-0.11883631527757643
2018-03-07 18:57:00,
2018-03-07 19:00:00,
2018-03-07 19:03:00,-0.08861605491233604
2018-03-07 19:06:00,-0.15352667215648808
2018-03-07 19:09:00,-0.24205952697110433
2018-03-07 19:12:00,-0.11208111014906308
2018-03-07 19:15:00,-0.08019327850382751
2018-03-07 19:18:00,-0.26325950385239594
2018-03-07 19:21:00,-0.12598219340617334
2018-03-07 19:24:00,0.043761312721585455
2018-03-07 19:27:00,0.04388882353100598
2018-03-07 19:30:00,-0.0016053573300496282
2018-03-07 19:33:00,-0.007195293797508384
2018-03-07 19:36:00,-0.035557586888046444
2018-03-07 19:39:00,-0.02755550732769052
2018-03-07 19:42:00,-0.006371348961351941
2018-03-07 19:45:00,0.04540545548923092
2018-03-07 19:48:00,0.032981173519601725
2018-03-07 19:51:00,-0.0022171907463643947
2018-03-07 19:54:00,0.0034617277448774075
2018-03-07 19:57:00,0.023145445351474336
2018-03-07 20:00:00,-0.008420314707450416
2018-03-07 20:03:00,0.020882475303892534
2018-03-07 20:06:00,0.019718861511250907
2018-03-07 20:09:00,0.011104887191379476
2018-03-07 20:12:00,0.040463579716970344
2018-03-07 20:15:00,-0.03608127363617086
2018-03-07 20:18:00,0.06910980057864435
2018-03-07 20:21:00,-0.01574960504279943
2018-03-07 20:24:00,0.07199356794126288
2018-03-07 20:27:00,-0.0025358413427056803
2018-03-07 20:30:00,0.07067901683137734
2018-03-07 20:33:00,0.10032619087542116
2018-03-07 20:36:00,0.09735474524410392
2018-03-07 20:39:00,0.14538982620541674
2018-03-07 20:42:00,0.02293699568701868
2018-03-07 20:45:00,0.02620602350725676
2018-03-07 20:48:00,0.1090506982336592
2018-03-07 20:51:00,-0.004286224124939508
2018-03-07 20:54:00,0.10351720921374863
2018-03-07 20:57:00,0.09545586484478008
2018-03-07 21:00:00,-0.04498635419582797
2018-03-07 21:03:00,0.06845675721518774
2018-03-07 21:06:00,0.2199837717521973
2018-03-07 21:09:00,0.09700832223080624
2018-03-07 21:12:00,0.07289185770054019
2018-03-07 21:15:00,-0.01716916992751294
2018-03-07 21:18:00,0.05864146712542606
2018-03-07 21:21:00,0.06963805397322176
2018-03-07 21:24:00,-0.05423906491023445
2018-03-07 21:27:00,0.054567532556689
2018-03-07 21:30:00,0.1426320191737318
2018-03-07 21:33:00,0.11543387269944105
2018-03-07 21:36:00,0.18491801996810864
2018-03-07 21:39:00,0.26010442816419754
2018-03-07 21:42:00,0.21642563289356076
2018-03-07 21:45:00,0.03970964440367197
2018-03-07 21:48:00,0.06783614054910458
2018-03-07 21:51:00,0.16107906729615706
2018-03-07 21:54:00,0.19655248980632223
2018-03-07 21:57:00,0.13909984952624654
2018-03-07 22:00:00,0.17256505591853966
2018-03-07 22:03:00,0.2461936179422537
2018-03-07 22:06:00,0.29516786510470183
2018-03-07 22:09:00,0.16296776371478927
2018-03-07 22:12:00,0.19662130550966594
2018-03-07 22:15:00,0.15876517134336154
2018-03-07 22:18:00,0.09063858123198543
2018-03-07 22:21:00,0.05446096933565059
2018-03-07 22:24:00,0.14110204602638987
2018-03-07 22:27:00,0.1843839206620146
2018-03-07 22:30:00,0.11458942189875643
2018-03-07 22:33:00,0.19254862276631002
2018-03-07 22:36:00,0.12527596430373933
2018-03-07 22:39:00,0.22194027846160225
2018-03-07 22:42:00,0.11154038442288083
2018-03-07 22:45:00,0.14244783511395553
2018-03-07 22:48:00,0.2654007235123572
2018-03-07 22:51:00,0.1992416485581998
2018-03-07 22:54:00,0.15558006763149024
2018-03-07 22:57:00,0.24040223211295597
2018-03-07 23:00:00,0.26061318137391254
2018-03-07 23:03:00,0.1891909218132355
2018-03-07 23:06:00,0.1896924296976863
2018-03-07 23:09:00,0.19079436312182452
2018-03-07 23:12:00,0.17655573332893937
2018-03-07 23:15:00,0.24226337675963805
2018-03-07 23:18:00,0.2537845703157018
2018-03-07 23:21:00,0.23713090942436565
2018-03-07 23:24:00,0.20675136892901946
2018-03-07 23:27:00,0.1678203835043064
2018-03-07 23:30:00,0.1072540609944781
2018-03-07 23:33:00,0.09425030215095376
2018-03-07 23:36:00,0.28409745479285675
2018-03-07 23:39:00,0.2721165020151375
2018-03-07 23:42:00,0.3168358077915059
2018-03-07 23:45:00,0.3624667337708729
2018-03-07 23:48:00,0.2276151160673976
2018-03-07 23:51:00,0.24699260859648575
2018-03-07 23:54:00,0.2782779163919713
2018-03-07 23:57:00,0.3481248936453767
2018-03-08 00:00:00,0.2953187416663354
2018-03-08 00:03:00,0.342212926637842
2018-03-08 00:06:00,0.36191472413008796
2018-03-08 00:09:00,0.29312850807752966
2018-03-08 00:12:00,0.37276453144835386
2018-03-08 00:15:00,0.30470072940659065
2018-03-08 00:18:00,0.31836678084567893
2018-03-08 00:21:00,0.2679878137122955
2018-03-08 00:24:00,0.20690489594937844
2018-03-08 00:27:00,0.2660867056420102
2018-03-08 00:30:00,0.2869105932313687
2018-03-08 00:33:00,0.3027290743408457
2018-03-08 00:36:00,0.23157788532654422
2018-03-08 00:39:00,0.2571983546563388
2018-03-08 00:42:00,0.1662784388964269
2018-03-08 00:45:00,0.33974447391256035
2018-03-08 00:48:00,0.299038886741414
2018-03-08 00:51:00,0.29356616730285623
2018-03-08 00:54:00,0.287640437333323
2018-03-08 00:57:00,0.38115999052251937
2018-03-08 01:00:00,0.3280614915210549
2018-03-08 01:03:00,0.32446884671207954
2018-03-08 01:06:00,0.24406184922406737
2018-03-08 01:09:00,0.32830756219260593
2018-03-08 01:12:00,0.3266855957896837
2018-03-08 01:15:00,0.26793302052732315
2018-03-08 01:18:00,0.2976597655697901
2018-03-08 01:21:00,0.27663666491173444
2018-03-08 01:24:00,0.26503033831659195
2018-03-08 01:27:00,0.3544359986815948
2018-03-08 01:30:00,0.12871903831774034
2018-03-08 01:33:00,0.24644163925972862
2018-03-08 01:36:00,0.2634974192837376
2018-03-08 01:39:00,0.17315141759473818
2018-03-08 01:42:00,0.33045316485771536
2018-03-08 01:45:00,0.232532508995007
2018-03-08 01:48:00,0.32189022887109786
2018-03-08 01:51:00,0.2749204173712201
2018-03-08 01:54:00,0.21380441407370654
2018-03-08 01:57:00,0.33466068713784125
2018-03-08 02:00:00,0.2874707448526692
2018-03-08 02:03:00,0.253967779141135
2018-03-08 02:06:00,0.2332297534181862
2018-03-08 02:09:00,0.409652382144543
2018-03-08 02:12:00,0.35159636768338487
2018-03-08 02:15:00,0.3110945213911691
2018-03-08 02:18:00,0.2601467239838371
2018-03-08 02:21:00,0.313448908185876
2018-03-08 02:24:00,0.25070231482561667
2018-03-08 02:27:00,0.3524800910429917
2018-03-08 02:30:00,0.25530039306897834
2018-03-08 02:33:00,0.43462988910545164
2018-03-08 02:36:00,0.28828098351516473
2018-03-08 02:39:00,0.25302393612457763
2018-03-08 02:42:00,0.302794116839209
2018-03-08 02:45:00,0.3259545259999186
2018-03-08 02:48:00,0.3706075753661935
2018-03-08 02:51:00,0.2703942858187247
2018-03-08 02:54:00,0.29354588506140544
2018-03-08 02:57:00,0.3379428176852457
2018-03-08 03:00:00,0.39817945988778547
2018-03-08 03:03:00,0.4161147803014842
2018-03-08 03:06:00,0.349652282148611
2018-03-08 03:09:00,0.29585556641967514
2018-03-08 03:12:00,0.3002206548308095
2018-03-08 03:15:00,0.30528649025131926
2018-03-08 03:18:00,0.3141152688683633
2018-03-08 03:21:00,0.3384170841000582
2018-03-08 03:24:00,0.32884314534129544
2018-03-08 03:27:00,0.4733095233675044
2018-03-08 03:30:00,0.35611597350435886
2018-03-08 03:33:00,0.23701860553796905
2018-03-08 03:36:00,0.2322031989060065
2018-03-08 03:39:00,0.15831055359512902
2018-03-08 03:42:00,0.24107968120523537
2018-03-08 03:45:00,0.2616609133143015
2018-03-08 03:48:00,0.29575648286567
2018-03-08 03:51:00,0.3010262542637179
2018-03-08 03:54:00,0.38464416088169173
2018-03-08 03:57:00,0.3841190032373447
2018-03-08 04:00:00,0.3156298538677902
2018-03-08 04:03:00,0.39166904800094926
2018-03-08 04:06:00,0.4746411823700214
2018-03-08 04:09:00,0.3267795572640466
2018-03-08 04:12:00,0.3297043172963754
2018-03-08 04:15:00,0.3086199169729298
2018-03-08 04:18:00,0.26904746784208555
2018-03-08 04:21:00,0.34885728576313113
2018-03-08 04:24:00,0.3944727371244312
2018-03-08 04:27:00,0.36459092724288666
2018-03-08 04:30:00,0.29686111243813684
2018-03-08 04:33:00,0.43346557302055544
2018-03-08 04:36:00,0.3553387867530091
2018-03-08 04:39:00,0.31015920157767596
2018-03-08 04:42:00,0.366668314600588
2018-03-08 04:45:00,0.3504373690379907
2018-03-08 04:48:00,0.35743172671959655
2018-03-08 04:51:00,0.4111968689327341
2018-03-08 04:54:00,0.29599375828257735
2018-03-08 04:57:00,0.4159022797494458
2018-03-08 05:00:00,0.4374987917431099
2018-03-08 05:03:00,0.4064724047161121
2018-03-08 05:06:00,0.3258400481206536
2018-03-08 05:09:00,0.40078803241698324
2018-03-08 05:12:00,0.5330480010991323
2018-03-08 05:15:00,0.4375883918042405
2018-03-08 05:18:00,0.4397667951611197
2018-03-08 05:21:00,0.29336511832252654
2018-03-08 05:24:00,0.5298069653155721
2018-03-08 05:27:00,0.43441349087123626
2018-03-08 05:30:00,0.41989290717287986
2018-03-08 05:33:00,0.40427622293111654
2018-03-08 05:36:00,0.4393256399686152
2018-03-08 05:39:00,0.4048503005446946
2018-03-08 05:42:00,0.42306806592893054
2018-03-08 05:45:00,0.5380357380039982
2018-03-08 05:48:00,0.32612335805214343
2018-03-08 05:51:00,0.5282358397001872
2018-03-08 05:54:00,0.3786838518407194
2018-03-08 05:57:00,0.4877705553687406
2018-03-08 06:00:00,0.47688096292364435
2018-03-08 06:03:00,0.4596333266356396
2018-03-08 06:06:00,0.4075648723988934
2018-03-08 06:09:00,0.4245148845979543
2018-03-08 06:12:00,0.4975172664679235
2018-03-08 06:15:00,0.46812354775681797
2018-03-08 06:18:00,0.5270891055777156
2018-03-08 06:21:00,0.40044684155191135
2018-03-08 06:24:00,0.41178481229701447
2018-03-08 06:27:00,0.5452818206538836
2018-03-08 06:30:00,0.43400088042454854
2018-03-08 06:33:00,0.5782599161186681
2018-03-08 06:36:00,0.47733706076365934
2018-03-08 06:39:00,0.4044659800413797
2018-03-08 06:42:00,0.41885968631180504
2018-03-08 06:45:00,0.44794068332987536
2018-03-08 06:48:00,0.3602271918462634
2018-03-08 06:51:00,0.39002214199575747
2018-03-08 06:54:00,0.38977395176459595
2018-03-08 06:57:00,0.35299252068398346
2018-03-08 07:00:00,0.40922867643183736
2018-03-08 07:03:00,0.37358488516719035
2018-03-08 07:06:00,0.25451879858258053
2018-03-08 07:09:00,0.4446184312465675
2018-03-08 07:12:00,0.4274340433071302
2018-03-08 07:15:00,0.24899177105487524
2018-03-08 07:18:00,0.48724994887493267
2018-03-08 07:21:00,0.35814409148525783
2018-03-08 07:24:00,0.4589240145077156
2018-03-08 07:27:00,0.3834548975535199
2018-03-08 07:30:00,0.37812163329249415
2018-03-08 07:33:00,0.5512971057862046
2018-03-08 07:36:00,0.40983346390504494
2018-03-08 07:39:00,0.43602085462612195
2018-03-08 07:42:00,0.36836815906184484
2018-03-08 07:45:00,0.19994773722442005
2018-03-08 07:48:00,0.4364556160535926
2018-03-08 07:51:00,0.3627645863109592
2018-03-08 07:54:00,0.4031138904296654
2018-03-08 07:57:00,0.4062091411887536
2018-03-08 08:00:00,0.33917395214012913
2018-03-08 08:03:00,0.3784296484210472
2018-03-08 08:06:00,0.3443741322101914
2018-03-08 08:09:00,0.3791056605514882
2018-03-08 08:12:00,0.37923279289901757
2018-03-08 08:15:00,0.29120103920627116
2018-03-08 08:18:00,0.2437469408570223
2018-03-08 08:21:00,0.2914836167362864
2018-03-08 08:24:00,0.31864281637405156
2018-03-08 08:27:00,0.20146882205216343
2018-03-08 08:30:00,0.2945400253884145
2018-03-08 08:33:00,0.19894387055751395
2018-03-08 08:36:00,0.262354054212949
2018-03-08 08:39:00,0.2891664231038362
2018-03-08 08:42:00,0.2048835308896173
2018-03-08 08:45:00,0.3520882901875666
2018-03-08 08:48:00,0.24524256260855282
2018-03-08 08:51:00,0.21774327589491804
2018-03-08 08:54:00,0.15365461054312846
2018-03-08 08:57:00,0.17081512569291135
2018-03-08 09:00:00,0.13703247900559745
2018-03-08 09:03:00,0.15626146246330563
2018-03-08 09:06:00,-0.10397508717937853
2018-03-08 09:09:00,0.06425853398673098
2018-03-08 09:12:00,0.044939604499575125
2018-03-08 09:15:00,0.02955304686628324
2018-03-08 09:18:00,0.002905613053712841
2018-03-08 09:21:00,0.27949973156268015
2018-03-08 09:24:00,-0.04110065280735853
2018-03-08 09:27:00,0.008994218313375768
2018-03-08 09:30:00,0.12507919671060108
2018-03-08 09:33:00,0.13329908992994888
2018-03-08 09:36:00,0.11905254066232374
2018-03-08 09:39:00,0.12375854053379953
2018-03-08 09:42:00,0.02948133796064667
2018-03-08 09:45:00,-0.02040126563593958
2018-03-08 09:48:00,0.051324233904210814
2018-03-08 09:51:00,0.06247952617917463
2018-03-08 09:54:00,0.008863568698018298
2018-03-08 09:57:00,-0.049245869488800054
2018-03-08 10:00:00,0.016151540644784745
2018-03-08 10:03:00,-0.04649887449829748
2018-03-08 10:06:00,-0.09202741421114524
2018-03-08 10:09:00,0.008569033719368235
2018-03-08 10:12:00,-0.02523854994717567
2018-03-08 10:15:00,-0.20624170923241536
2018-03-08 10:18:00,-0.08310576914624335
2018-03-08 10:21:00,-0.10627797205137313
2018-03-08 10:24:00,-0.17459153455718024
2018-03-08 10:27:00,-0.21556053737452885
2018-03-08 10:30:00,-0.1259505706004802
2018-03-08 10:33:00,-0.14965622877207352
2018-03-08 10:36:00,-0.14783204626064617
2018-03-08 10:39:00,-0.0786236450488218
2018-03-08 10:42:00,-0.1588491355511792
2018-03-08 10:45:00,-0.1053298511562275
2018-03-08 10:48:00,-0.17651959367736936
2018-03-08 10:51:00,-0.14884973506127608
2018-03-08 10:54:00,-0.17794258454091505
2018-03-08 10:57:00,-0.2092152637366098
2018-03-08 11:00:00,-0.15726469830320866
2018-03-08 11:03:00,-0.0616728272726732
2018-03-08 11:06:00,-0.09089500032945352
2018-03-08 11:09:00,-0.09079537202535448
2018-03-08 11:12:00,-0.18551227181103513
2018-03-08 11:15:00,-0.17810219118780424
2018-03-08 11:18:00,-0.21297109526852864
2018-03-08 11:21:00,-0.12961309041048708
2018-03-08 11:24:00,-0.017147895324171714
2018-03-08 11:27:00,-0.09342881277183324
2018-03-08 11:30:00,-0.1498097036920285
2018-03-08 11:33:00,-0.09372184506031545
2018-03-08 11:36:00,-0.2398138111043977
2018-03-08 11:39:00,-0.12569087831627712
2018-03-08 11:42:00,-0.21486779352943586
2018-03-08 11:45:00,-0.2085470374598799
2018-03-08 11:48:00,-0.14236766613464624
2018-03-08 11:51:00,-0.09617933884618424
2018-03-08 11:54:00,-0.18781096314029355
2018-03-08 11:57:00,-0.1432375051776944
2018-03-08 12:00:00,-0.20341203269407515
2018-03-08 12:03:00,-0.24167037521249313
2018-03-08 12:06:00,-0.17468979449483868
2018-03-08 12:09:00,-0.16013579596955196
2018-03-08 12:12:00,-0.20089251369927297
2018-03-08 12:15:00,-0.2524593745302468
2018-03-08 12:18:00,-0.18994299354170607
2018-03-08 12:21:00,-0.2661363784658306
2018-03-08 12:24:00,-0.14985418777285986
2018-03-08 12:27:00,-0.24768203225340812
2018-03-08 12:30:00,-0.43099916788094106
2018-03-08 12:33:00,-0.2269459428723053
2018-03-08 12:36:00,-0.3826592828874027
2018-03-08 12:39:00,-0.31007439008146775
2018-03-08 12:42:00,-0.2992381051789721
2018-03-08 12:45:00,-0.38665562572265344
2018-03-08 12:48:00,-0.38951780520704915
2018-03-08 12:51:00,-0.3853434046952202
2018-03-08 12:54:00,-0.40255376351478844
2018-03-08 12:57:00,-0.41884732195075003
2018-03-08 13:00:00,-0.3460319367284228
2018-03-08 13:03:00,-0.32145396827587547
2018-03-08 13:06:00,-0.314206219272819
2018-03-08 13:09:00,-0.36168638670591235
2018-03-08 13:12:00,-0.37743088095709254
2018-03-08 13:15:00,-0.4092684328246037
2018-03-08 13:18:00,-0.3878141444980656
2018-03-08 13:21:00,-0.3940584017346964
2018-03-08 13:24:00,-0.4120830357268801
2018-03-08 13:27:00,-0.4014953812487647
2018-03-08 13:30:00,-0.3083064142071521
2018-03-08 13:33:00,-0.4526470669897549
2018-03-08 13:36:00,-0.5150828769222926
2018-03-08 13:39:00,-0.4162949229375954
2018-03-08 13:42:00,-0.39122705219284626
2018-03-08 13:45:00,-0.3192361443710183
2018-03-08 13:48:00,-0.2827591004584633
2018-03-08 13:51:00,-0.3008419507856388
2018-03-08 13:54:00,-0.3700735419349144
2018-03-08 13:57:00,-0.314479683121192
2018-03-08 14:00:00,-0.2980488556040086
2018-03-08 14:03:00,-0.2205420361270285
2018-03-08 14:06:00,-0.2688573745855365
2018-03-08 14:09:00,-0.17328828349928926
2018-03-08 14:12:00,-0.18228417788145634
2018-03-08 14:15:00,-0.31778514545385406
2018-03-08 14:18:00,-0.3343113120002954
2018-03-08 14:21:00,-0.1639523783890695
2018-03-08 14:24:00,-0.18834381124759147
2018-03-08 14:27:00,-0.2449449229285392
2018-03-08 14:30:00,-0.3361425272513543
2018-03-08 14:33:00,-0.1561431263514237
2018-03-08 14:36:00,-0.2591621532546924
2018-03-08 14:39:00,-0.14273272166195738
2018-03-08 14:42:00,-0.21580097009285737
2018-03-08 14:45:00,-0.2934109386304158
2018-03-08 14:48:00,-0.2943361931402819
2018-03-08 14:51:00,-0.2607572615582967
2018-03-08 14:54:00,-0.24852804663106554
2018-03-08 14:57:00,-0.22199425820849683
2018-03-08 15:00:00,-0.27494556670080783
2018-03-08 15:03:00,-0.2268402539647809
2018-03-08 15:06:00,-0.3312360562492813
2018-03-08 15:09:00,-0.3144081960256244
2018-03-08 15:12:00,-0.29311462472895755
2018-03-08 15:15:00,-0.19891362867656426
2018-03-08 15:18:00,-0.3299594586804915
2018-03-08 15:21:00,-0.3291135947083035
2018-03-08 15:24:00,-0.25402420343124277
2018-03-08 15:27:00,-0.25746682640703966
2018-03-08 15:30:00,-0.33946460676287415
2018-03-08 15:33:00,-0.29707440347277725
2018-03-08 15:36:00,-0.26662857335469425
2018-03-08 15:39:00,-0.22599836996744216
2018-03-08 15:42:00,-0.2376803035785997
2018-03-08 15:45:00,-0.2693601971046178
2018-03-08 15:48:00,-0.2619814137320873
2018-03-08 15:51:00,-0.27166889438893804
2018-03-08 15:54:00,-0.14374457336612068
2018-03-08 15:57:00,-0.10960916049191383
2018-03-08 16:00:00,-0.11146761661080973
2018-03-08 16:03:00,-0.16879425141542015
2018-03-08 16:06:00,-0.01636050820326318
2018-03-08 16:09:00,-0.1426518471744771
2018-03-08 16:12:00,-0.22628600986291758
2018-03-08 16:15:00,-0.1727407674085839
2018-03-08 16:18:00,-0.14193331556344901
2018-03-08 16:21:00,-0.18925520281237596
2018-03-08 16:24:00,-0.22981542776949482
2018-03-08 16:27:00,-0.30292092275647065
2018-03-08 16:30:00,-0.18842990028406348
2018-03-08 16:33:00,-0.23750307604206
2018-03-08 16:36:00,-0.18274968588008278
2018-03-08 16:39:00,-0.11188244800354141
2018-03-08 16:42:00,-0.12331811190421149
2018-03-08 16:45:00,-0.19749473616553814
2018-03-08 16:48:00,-0.21633290050465348
2018-03-08 16:51:00,-0.09944516746139698
2018-03-08 16:54:00,-0.13798715465338773
2018-03-08 16:57:00,-0.2292022627028132
2018-03-08 17:00:00,-0.229151578248036
2018-03-08 17:03:00,-0.10782232041725592
2018-03-08 17:06:00,-0.10287774975023467
2018-03-08 17:09:00,-0.15658188438999332
2018-03-08 17:12:00,-0.220144075598796
2018-03-08 17:15:00,-0.17925839131459043
2018-03-08 17:18:00,-0.14064468281611653
2018-03-08 17:21:00,-0.15920487264799021
2018-03-08 17:24:00,-0.16188640950002764
2018-03-08 17:27:00,-0.24999823728694537
2018-03-08 17:30:00,-0.2123511640594984
2018-03-08 17:33:00,-0.28739924847917564
2018-03-08 17:36:00,-0.2596970129300189
2018-03-08 17:39:00,-0.1643182986851457
2018-03-08 17:42:00,-0.15861587742676875
2018-03-08 17:45:00,-0.19894505198323031
2018-03-08 17:48:00,-0.11565273565270218
2018-03-08 17:51:00,-0.2693122771993899
2018-03-08 17:54:00,-0.18776330381780326
2018-03-08 17:57:00,-0.18601524953839998
2018-03-08 18:00:00,-0.2659133474119244
2018-03-08 18:03:00,-0.15440357064454702
2018-03-08 18:06:00,-0.09124280376880733
2018-03-08 18:09:00,-0.08171574093881873
2018-03-08 18:12:00,-0.1035126783909277
2018-03-08 18:15:00,-0.003201697885288013
2018-03-08 18:18:00,0.07110784407677784
2018-03-08 18:21:00,0.07706321294256213
2018-03-08 18:24:00,-0.08596891937088458
2018-03-08 18:27:00,-0.03936327513230253
2018-03-08 18:30:00,-0.06334971554161939
2018-03-08 18:33:00,-0.0822575593970214
2018-03-08 18:36:00,-0.14228984598929628
2018-03-08 18:39:00,-0.12605247740856385
2018-03-08 18:42:00,-0.14359335924530114
2018-03-08 18:45:00,-0.06434668633772844
2018-03-08 18:48:00,-0.031199889928359426
2018-03-08 18:51:00,-0.09733490491555585
2018-03-08 18:54:00,-0.039457600608727716
2018-03-08 18:57:00,
2018-03-08 19:00:00,
2018-03-08 19:03:00,0.048753946621332034
2018-03-08 19:06:00,-0.011476289639915649
2018-03-08 19:09:00,0.04787433050887557
2018-03-08 19:12:00,-0.11934074025691643
2018-03-08 19:15:00,-0.10885886629097286
2018-03-08 19:18:00,-0.011104548078549215
2018-03-08 19:21:00,-0.023832043401966985
2018-03-08 19:24:00,0.03244918500968197
2018-03-08 19:27:00,0.1030083457290516
2018-03-08 19:30:00,0.017451900256560293
2018-03-08 19:33:00,0.05823021324272304
2018-03-08 19:36:00,0.053266809771855606
2018-03-08 19:39:00,0.07908952987435214
2018-03-08 19:42:00,0.15344809180152197
2018-03-08 19:45:00,0.05607831350482684
2018-03-08 19:48:00,0.05094219731802241
2018-03-08 19:51:00,-0.018198075999123375
2018-03-08 19:54:00,0.12352042739132685
2018-03-08 19:57:00,0.1425964947737839
2018-03-08 20:00:00,0.1813647623365
2018-03-08 20:03:00,0.05931972187016754
2018-03-08 20:06:00,0.02422081153116551
2018-03-08 20:09:00,0.042802813298635556
2018-03-08 20:12:00,0.20496380859242436
2018-03-08 20:15:00,0.048534776688541115
2018-03-08 20:18:00,0.07550114512577011
2018-03-08 20:21:00,0.13887220787262322
2018-03-08 20:24:00,0.06915350648205276
2018-03-08 20:27:00,0.10100838893993114
2018-03-08 20:30:00,0.16382957034716128
2018-03-08 20:33:00,0.15445383976782523
2018-03-08 20:36:00,0.1247113324590714
2018-03-08 20:39:00,0.05531716309531021
2018-03-08 20:42:00,0.17029483885488617
2018-03-08 20:45:00,0.07615409160587205
2018-03-08 20:48:00,0.06238617654361178
2018-03-08 20:51:00,-0.03735946447579863
2018-03-08 20:54:00,0.1169540745772224
2018-03-08 20:57:00,0.14815961819158474
2018-03-08 21:00:00,0.06882964402620928
2018-03-08 21:03:00,0.0986801084489457
2018-03-08 21:06:00,0.07045261148164172
2018-03-08 21:09:00,0.08436220134842642
2018-03-08 21:12:00,0.09657149078623206
2018-03-08 21:15:00,0.10426332830468255
2018-03-08 21:18:00,0.10179356171704512
2018-03-08 21:21:00,0.04061369988255592
2018-03-08 21:24:00,0.12415880831633785
2018-03-08 21:27:00,0.06565963484160875
2018-03-08 21:30:00,0.039419782767538436
2018-03-08 21:33:00,0.15561285293983929
2018-03-08 21:36:00,0.22803696165073006
2018-03-08 21:39:00,-0.015994092412029204
2018-03-08 21:42:00,0.11501380070649248
2018-03-08 21:45:00,0.15332874143604158
2018-03-08 21:48:00,0.23497466614281848
2018-03-08 21:51:00,0.11274423437362202
2018-03-08 21:54:00,0.23733000433202278
2018-03-08 21:57:00,0.14390736165887574
2018-03-08 22:00:00,0.12431290092763447
2018-03-08 22:03:00,0.1533921941967833
2018-03-08 22:06:00,0.20303985461526963
2018-03-08 22:09:00,0.2179563965358966
2018-03-08 22:12:00,0.2087000795276026
2018-03-08 22:15:00,0.16663640365982246
2018-03-08 22:18:00,0.1789566485922478
2018-03-08 22:21:00,0.27363618938562695
2018-03-08 22:24:00,0.22834793149172583
2018-03-08 22:27:00,0.34407640806369955
2018-03-08 22:30:00,0.1530961578294523
2018-03-08 22:33:00,0.1137796865836549
2018-03-08 22:36:00,0.2442518923377861
2018-03-08 22:39:00,0.29216985969878806
2018-03-08 22:42:00,0.1144531530636641
2018-03-08 22:45:00,0.11855142410922781
2018-03-08 22:48:00,0.22384480055825406
2018-03-08 22:51:00,0.28135041857979104
2018-03-08 22:54:00,0.10629206303406136
2018-03-08 22:57:00,0.28378987122499666
2018-03-08 23:00:00,0.21530836140163956
2018-03-08 23:03:00,0.14811923653218173
2018-03-08 23:06:00,0.2465227852645171
2018-03-08 23:09:00,0.30863135982986023
2018-03-08 23:12:00,0.17451476461025095
2018-03-08 23:15:00,0.25355207027615734
2018-03-08 23:18:00,0.17333536856278897
2018-03-08 23:21:00,0.1792453011611883
2018-03-08 23:24:00,0.17634815852051133
2018-03-08 23:27:00,0.24164772783313992
2018-03-08 23:30:00,0.13861720576244352
2018-03-08 23:33:00,0.3095861935783546
2018-03-08 23:36:00,0.1983934353291943
2018-03-08 23:39:00,0.1398618133669629
2018-03-08 23:42:00,0.17038572211299652
2018-03-08 23:45:00,0.12870822378135927
2018-03-08 23:48:00,0.2414006036828482
2018-03-08 23:51:00,0.2676154770217636
2018-03-08 23:54:00,0.09513646352922933
2018-03-08 23:57:00,0.26399534415998005
2018-03-09 00:00:00,0.1167865264211514
2018-03-09 00:03:00,0.15342210310734572
2018-03-09 00:06:00,0.12499030601162531
2018-03-09 00:09:00,0.12237552222347858
2018-03-09 00:12:00,0.03515844165269755
2018-03-09 00:15:00,0.10555612848372675
2018-03-09 00:18:00,0.1308250631525425
2018-03-09 00:21:00,0.14672643451513068
2018-03-09 00:24:00,0.16190324202051443
2018-03-09 00:27:00,0.1961209144745908
2018-03-09 00:30:00,0.10403749410846785
2018-03-09 00:33:00,0.19843711948118425
2018-03-09 00:36:00,0.21808525646139287
2018-03-09 00:39:00,0.2590965774968481
2018-03-09 00:42:00,0.23735348001474676
2018-03-09 00:45:00,0.18199194516120087
2018-03-09 00:48:00,0.1780387541593882
2018-03-09 00:51:00,0.19336884998784853
2018-03-09 00:54:00,0.25819204862017386
2018-03-09 00:57:00,0.15351682791737176
2018-03-09 01:00:00,0.18991755644861996
2018-03-09 01:03:00,0.1860813765648004
2018-03-09 01:06:00,0.11193665571255451
2018-03-09 01:09:00,0.13939530590749882
2018-03-09 01:12:00,0.3106593138074345
2018-03-09 01:15:00,0.21094153431710083
2018-03-09 01:18:00,0.24403971947037917
2018-03-09 01:21:00,0.2958640557304193
2018-03-09 01:24:00,0.22648702228786988
2018-03-09 01:27:00,0.25865848540865954
2018-03-09 01:30:00,0.14581052986079612
2018-03-09 01:33:00,0.23621902829103192
2018-03-09 01:36:00,0.2251834831416204
2018-03-09 01:39:00,0.257839687715375
2018-03-09 01:42:00,0.23673542790504598
2018-03-09 01:45:00,0.21637959012116426
2018-03-09 01:48:00,0.2134966345699354
2018-03-09 01:51:00,0.24849619383815025
2018-03-09 01:54:00,0.1860373244501261
2018-03-09 01:57:00,0.36241190268822265
2018-03-09 02:00:00,0.15405819908176
2018-03-09 02:03:00,0.28046243307136365
2018-03-09 02:06:00,0.3161907460303155
2018-03-09 02:09:00,0.2862744210058281
2018-03-09 02:12:00,0.34201773962479365
2018-03-09 02:15:00,0.3513816583513858
2018-03-09 02:18:00,0.1925245238371076
2018-03-09 02:21:00,0.2872648374905111
2018-03-09 02:24:00,0.2411311841219117
2018-03-09 02:27:00,0.1973769492271913
2018-03-09 02:30:00,0.26854750544885064
2018-03-09 02:33:00,0.34745367143784733
2018-03-09 02:36:00,0.24141166589754448
2018-03-09 02:39:00,0.2527778118819697
2018-03-09 02:42:00,0.24181638487686996
2018-03-09 02:45:00,0.2932946450183067
2018-03-09 02:48:00,0.2897993060342401
2018-03-09 02:51:00,0.3054227728613341
2018-03-09 02:54:00,0.2631831844070689
2018-03-09 02:57:00,0.189179114175829
2018-03-09 03:00:00,0.17466568897270918
2018-03-09 03:03:00,0.24061255847368557
2018-03-09 03:06:00,0.29652735185652546
2018-03-09 03:09:00,0.25675138533551944
2018-03-09 03:12:00,0.40558141216433796
2018-03-09 03:15:00,0.3604638344597788
2018-03-09 03:18:00,0.3364992000703637
2018-03-09 03:21:00,0.2853103362349998
2018-03-09 03:24:00,0.2910071492181032
2018-03-09 03:27:00,0.3412537321167406
2018-03-09 03:30:00,0.3759093244424889
2018-03-09 03:33:00,0.346474542963108
2018-03-09 03:36:00,0.3567490218332523
2018-03-09 03:39:00,0.31137831734139354
2018-03-09 03:42:00,0.21818146287660056
2018-03-09 03:45:00,0.3386212595437996
2018-03-09 03:48:00,0.23990093353830844
2018-03-09 03:51:00,0.3144087316132982
2018-03-09 03:54:00,0.23556403009490623
2018-03-09 03:57:00,0.26588756461308094
2018-03-09 04:00:00,0.2885722901008876
2018-03-09 04:03:00,0.29921968108249075
2018-03-09 04:06:00,0.19935099108153054
2018-03-09 04:09:00,0.31924162555174007
2018-03-09 04:12:00,0.2781194615983509
2018-03-09 04:15:00,0.3762238836596907
2018-03-09 04:18:00,0.31842332439089205
2018-03-09 04:21:00,0.35125215754487726
2018-03-09 04:24:00,0.3058119183181134
2018-03-09 04:27:00,0.149056878101419
2018-03-09 04:30:00,0.2648903783670562
2018-03-09 04:33:00,0.26555213007861767
2018-03-09 04:36:00,0.303046436546083
2018-03-09 04:39:00,0.24815683358326623
2018-03-09 04:42:00,0.30995127276202084
2018-03-09 04:45:00,0.323984931659993
2018-03-09 04:48:00,0.24922772417539818
2018-03-09 04:51:00,0.2877146164468627
2018-03-09 04:54:00,0.14532662429962784
2018-03-09 04:57:00,0.2293207481097852
2018-03-09 05:00:00,0.2899654826108531
2018-03-09 05:03:00,0.24259625856740286
2018-03-09 05:06:00,0.2411745782764001
2018-03-09 05:09:00,0.33935553065265367
2018-03-09 05:12:00,0.24450235222565198
2018-03-09 05:15:00,0.2544055203971425
2018-03-09 05:18:00,0.15681989029832266
2018-03-09 05:21:00,0.2316694539190962
2018-03-09 05:24:00,0.26651399731912306
2018-03-09 05:27:00,0.3071088061011551
2018-03-09 05:30:00,0.29998940895586657
2018-03-09 05:33:00,0.3613750355383445
2018-03-09 05:36:00,0.2603927145079865
2018-03-09 05:39:00,0.292742608186245
2018-03-09 05:42:00,0.2900997637354976
2018-03-09 05:45:00,0.23830574362693824
2018-03-09 05:48:00,0.29957697827813945
2018-03-09 05:51:00,0.30154540941396135
2018-03-09 05:54:00,0.2547348719008937
2018-03-09 05:57:00,0.30512359679636347
2018-03-09 06:00:00,0.2802548499250861
2018-03-09 06:03:00,0.25435093376648865
2018-03-09 06:06:00,0.40213191528465586
2018-03-09 06:09:00,0.19375737909894042
2018-03-09 06:12:00,0.39235727206533966
2018-03-09 06:15:00,0.3123801627146463
2018-03-09 06:18:00,0.2793223051728546
2018-03-09 06:21:00,0.3862094695731457
2018-03-09 06:24:00,0.4248369696607597
2018-03-09 06:27:00,0.20410324405764868
2018-03-09 06:30:00,0.32078749396475814
2018-03-09 06:33:00,0.18429705070514046
2018-03-09 06:36:00,0.2557925807910806
2018-03-09 06:39:00,0.49353577238167645
2018-03-09 06:42:00,0.3642616765775415
2018-03-09 06:45:00,0.3088714695230692
2018-03-09 06:48:00,0.2914832381123347
2018-03-09 06:51:00,0.33982612524988554
2018-03-09 06:54:00,0.32657548769799405
2018-03-09 06:57:00,0.3262846384608338
2018-03-09 07:00:00,0.3915110430502864
2018-03-09 07:03:00,0.4097870038532392
2018-03-09 07:06:00,0.4164983893683143
2018-03-09 07:09:00,0.4306212928349282
2018-03-09 07:12:00,0.34764274913186455
2018-03-09 07:15:00,0.35650863118939924
2018-03-09 07:18:00,0.4326860519379352
2018-03-09 07:21:00,0.4176628064905117
2018-03-09 07:24:00,0.39060365822405174
2018-03-09 07:27:00,0.3104810445348676
2018-03-09 07:30:00,0.2248132205344291
2018-03-09 07:33:00,0.31392871775790354
2018-03-09 07:36:00,0.3167346652694505
2018-03-09 07:39:00,0.3195652805064242
2018-03-09 07:42:00,0.3389073355475034
2018-03-09 07:45:00,0.2507147828545726
2018-03-09 07:48:00,0.2331037858127729
2018-03-09 07:51:00,0.32249015514173607
2018-03-09 07:54:00,0.37810947259595196
2018-03-09 07:57:00,0.3073652327308878
2018-03-09 08:00:00,0.3173241840842138
2018-03-09 08:03:00,0.3350134513634657
2018-03-09 08:06:00,0.3878993257235379
2018-03-09 08:09:00,0.3589557905685865
2018-03-09 08:12:00,0.2737625892801816
2018-03-09 08:15:00,0.3811201209383057
2018-03-09 08:18:00,0.37251322947179233
2018-03-09 08:21:00,0.32558152674948815
2018-03-09 08:24:00,0.3759913796358205
2018-03-09 08:27:00,0.32737708077905836
2018-03-09 08:30:00,0.25552752691675096
2018-03-09 08:33:00,0.24376046764598414
2018-03-09 08:36:00,0.31662486282715463
2018-03-09 08:39:00,0.29174968964360914
2018-03-09 08:42:00,0.27748245945736016
2018-03-09 08:45:00,0.2704376125203112
2018-03-09 08:48:00,0.1939113558261738
2018-03-09 08:51:00,0.24494981253195647
2018-03-09 08:54:00,0.23461287311528167
2018-03-09 08:57:00,0.28889528009244714
2018-03-09 09:00:00,0.29934990688843754
2018-03-09 09:03:00,0.2620876553197604
2018-03-09 09:06:00,0.1561309115955396
2018-03-09 09:09:00,0.1311582840070855
2018-03-09 09:12:00,0.18418594808639455
2018-03-09 09:15:00,0.31263243142717556
2018-03-09 09:18:00,0.17363445169627312
2018-03-09 09:21:00,0.21983142760819874
2018-03-09 09:24:00,0.08470744621041604
2018-03-09 09:27:00,0.09987362213757933
2018-03-09 09:30:00,0.10421111976359043
2018-03-09 09:33:00,0.10025977848948742
2018-03-09 09:36:00,0.16272322046427234
2018-03-09 09:39:00,0.10837840096314721
2018-03-09 09:42:00,0.08381172986474894
2018-03-09 09:45:00,0.1820539027071959
2018-03-09 09:48:00,0.1061348224927201
2018-03-09 09:51:00,0.06764659729935829
2018-03-09 09:54:00,0.07760662890365211
2018-03-09 09:57:00,0.15380365699411414
2018-03-09 10:00:00,0.07992885539715644
2018-03-09 10:03:00,0.006580269842459074
2018-03-09 10:06:00,-0.03411686352825427
2018-03-09 10:09:00,0.09031483687164155
2018-03-09 10:12:00,0.04248781626267828
2018-03-09 10:15:00,0.12122532580218603
2018-03-09 10:18:00,0.15594481667898208
2018-03-09 10:21:00,0.010289511693713393
2018-03-09 10:24:00,-0.07534634194007594
2018-03-09 10:27:00,-0.005672386191974965
2018-03-09 10:30:00,-0.07056410514593381
2018-03-09 10:33:00,0.031209042569855683
2018-03-09 10:36:00,-0.09105741210993301
2018-03-09 10:39:00,-0.061682083616233285
2018-03-09 10:42:00,0.02563637529163998
2018-03-09 10:45:00,-0.014272290824976608
2018-03-09 10:48:00,-0.10428252251142567
2018-03-09 10:51:00,-0.09457576053199546
2018-03-09 10:54:00,-0.14414555298731102
2018-03-09 10:57:00,-0.09725439271352343
2018-03-09 11:00:00,-0.10292804222501672
2018-03-09 11:03:00,-0.24281633406684477
2018-03-09 11:06:00,-0.21546787702425263
2018-03-09 11:09:00,-0.15614704743001084
2018-03-09 11:12:00,-0.23118292325375478
2018-03-09 11:15:00,-0.15834593595519664
2018-03-09 11:18:00,-0.21162255443675804
2018-03-09 11:21:00,-0.10325052412957803
2018-03-09 11:24:00,-0.2260268541999153
2018-03-09 11:27:00,-0.27845675545989934
2018-03-09 11:30:00,-0.23914091921670888
2018-03-09 11:33:00,-0.3471686150314781
2018-03-09 11:36:00,-0.2842633703730826
2018-03-09 11:39:00,-0.3509295899733047
2018-03-09 11:42:00,-0.35460260457386994
2018-03-09 11:45:00,-0.2262186614727284
2018-03-09 11:48:00,-0.40293371217995855
2018-03-09 11:51:00,-0.31146632031482113
2018-03-09 11:54:00,-0.38937174656314255
2018-03-09 11:57:00,-0.4243845314146597
2018-03-09 12:00:00,-0.46117831417546995
2018-03-09 12:03:00,-0.3211937741813813
2018-03-09 12:06:00,-0.30764565852030046
2018-03-09 12:09:00,-0.2067707171420352
2018-03-09 12:12:00,-0.2700364188361277
2018-03-09 12:15:00,-0.329760939189498
2018-03-09 12:18:00,-0.39034462549540194
2018-03-09 12:21:00,-0.21650340543209268
2018-03-09 12:24:00,-0.4184185458241245
2018-03-09 12:27:00,-0.2741994701457884
2018-03-09 12:30:00,-0.41970108737899636
2018-03-09 12:33:00,-0.3172138382897174
2018-03-09 12:36:00,-0.5102807825817308
2018-03-09 12:39:00,-0.2552727667182353
2018-03-09 12:42:00,-0.3605934988441959
2018-03-09 12:45:00,-0.35917400488193607
2018-03-09 12:48:00,-0.3586862116546854
2018-03-09 12:51:00,-0.32422064818450735
2018-03-09 12:54:00,-0.42544609108603026
2018-03-09 12:57:00,-0.40613277526358615
2018-03-09 13:00:00,-0.24448822930457936
2018-03-09 13:03:00,-0.32278941288956275
2018-03-09 13:06:00,-0.49740916297781723
2018-03-09 13:09:00,-0.42575002434398357
2018-03-09 13:12:00,-0.4110857933162606
2018-03-09 13:15:00,-0.30603386991685966
2018-03-09 13:18:00,-0.4088771655642063
2018-03-09 13:21:00,-0.42017028553601676
2018-03-09 13:24:00,-0.3423673742568667
2018-03-09 13:27:00,-0.39369249338705004
2018-03-09 13:30:00,-0.35999420135584614
2018-03-09 13:33:00,-0.3914519994888792
2018-03-09 13:36:00,-0.4198563266778592
2018-03-09 13:39:00,-0.516146698011255
2018-03-09 13:42:00,-0.3029238412880204
2018-03-09 13:45:00,-0.3817916725155328
2018-03-09 13:48:00,-0.2418217324170655
2018-03-09 13:51:00,-0.3515752458342263
2018-03-09 13:54:00,-0.3698226125794122
2018-03-09 13:57:00,-0.13359949544235405
2018-03-09 14:00:00,-0.14497428670028967
2018-03-09 14:03:00,-0.10053243803611167
2018-03-09 14:06:00,-0.1420739855343527
2018-03-09 14:09:00,-0.16558671604815345
2018-03-09 14:12:00,-0.1728492683906211
2018-03-09 14:15:00,-0.14974596325970424
2018-03-09 14:18:00,-0.236617568321833
2018-03-09 14:21:00,-0.12485451823158655
2018-03-09 14:24:00,-0.2637608378251457
2018-03-09 14:27:00,-0.2700112103775041
2018-03-09 14:30:00,-0.3905589369534255
2018-03-09 14:33:00,-0.3544185506403892
2018-03-09 14:36:00,-0.4829207007081209
2018-03-09 14:39:00,-0.39595046222177643
2018-03-09 14:42:00,-0.41527669480149143
2018-03-09 14:45:00,-0.2602757860572069
2018-03-09 14:48:00,-0.30079287895216567
2018-03-09 14:51:00,-0.3284513469625949
2018-03-09 14:54:00,-0.2278023038126662
2018-03-09 14:57:00,-0.32870914006701923
2018-03-09 15:00:00,-0.23025006960949668
2018-03-09 15:03:00,-0.1739721146913098
2018-03-09 15:06:00,-0.14862330152095637
2018-03-09 15:09:00,-0.14641823717852276
2018-03-09 15:12:00,-0.24300396914065914
2018-03-09 15:15:00,-0.2632705295614528
2018-03-09 15:18:00,-0.23891577668490527
2018-03-09 15:21:00,-0.22677779866415904
2018-03-09 15:24:00,-0.12572484834691977
2018-03-09 15:27:00,-0.14123515265464448
2018-03-09 15:30:00,-0.21979822247510583
2018-03-09 15:33:00,-0.4004752791122428
2018-03-09 15:36:00,-0.31585523113250247
2018-03-09 15:39:00,-0.27495405355836056
2018-03-09 15:42:00,-0.32905074449598715
2018-03-09 15:45:00,-0.4062012864714575
2018-03-09 15:48:00,-0.3333664573218016
2018-03-09 15:51:00,-0.39287622189408467
2018-03-09 15:54:00,-0.4086721020757409
2018-03-09 15:57:00,-0.4108251976653037
2018-03-09 16:00:00,-0.3412017252691726
2018-03-09 16:03:00,-0.38044506239543807
2018-03-09 16:06:00,-0.2853462768193822
2018-03-09 16:09:00,-0.36055803149207577
2018-03-09 16:12:00,-0.2696360026180855
2018-03-09 16:15:00,-0.33151791235189876
2018-03-09 16:18:00,-0.34391584033431855
2018-03-09 16:21:00,-0.3968099523337969
2018-03-09 16:24:00,-0.3480150125533896
2018-03-09 16:27:00,-0.30519823435110993
2018-03-09 16:30:00,-0.32578606934669097
2018-03-09 16:33:00,-0.2932138001901876
2018-03-09 16:36:00,-0.2739112100515513
2018-03-09 16:39:00,-0.3340855700425891
2018-03-09 16:42:00,-0.33147763486999793
2018-03-09 16:45:00,-0.3362823014394962
2018-03-09 16:48:00,-0.28952198903334647
2018-03-09 16:51:00,-0.29380278520454794
2018-03-09 16:54:00,-0.3607592431695821
2018-03-09 16:57:00,-0.18038355831362196
2018-03-09 17:00:00,-0.27206347188678137
2018-03-09 17:03:00,-0.26480595909544036
2018-03-09 17:06:00,-0.3720227347203604
2018-03-09 17:09:00,-0.28366674826139615
2018-03-09 17:12:00,-0.28820059134864096
2018-03-09 17:15:00,-0.28769110901441763
2018-03-09 17:18:00,-0.3175498638159411
2018-03-09 17:21:00,-0.23514615696245755
2018-03-09 17:24:00,-0.2542000356839935
2018-03-09 17:27:00,-0.28263616115935974
2018-03-09 17:30:00,-0.2283362957344366
2018-03-09 17:33:00,-0.3218374409669309
2018-03-09 17:36:00,-0.27866890221275753
2018-03-09 17:39:00,-0.33325108255667146
2018-03-09 17:42:00,-0.29328589663651883
2018-03-09 17:45:00,-0.31580891993337445
2018-03-09 17:48:00,-0.22343892393604392
2018-03-09 17:51:00,-0.372362809921583
2018-03-09 17:54:00,-0.27789789655133745
2018-03-09 17:57:00,-0.2243512523293134
2018-03-09 18:00:00,-0.2389710534449705
2018-03-09 18:03:00,-0.39057200564474215
2018-03-09 18:06:00,-0.2861672254727523
2018-03-09 18:09:00,-0.18751489261296683
2018-03-09 18:12:00,-0.14364199299387792
2018-03-09 18:15:00,-0.2835663871183556
2018-03-09 18:18:00,-0.3283683958399024
2018-03-09 18:21:00,-0.31623887057531874
2018-03-09 18:24:00,-0.19696570408791558
2018-03-09 18:27:00,-0.31416896731019506
2018-03-09 18:30:00,-0.23593843966796157
2018-03-09 18:33:00,-0.11892173510750581
2018-03-09 18:36:00,-0.16599856175872674
2018-03-09 18:39:00,-0.12085351549836787
2018-03-09 18:42:00,-0.03517767962648577
2018-03-09 18:45:00,-0.17489036343698672
2018-03-09 18:48:00,-0.15385384944312364
2018-03-09 18:51:00,-0.05433054117838765
2018-03-09 18:54:00,
2018-03-09 18:57:00,
2018-03-09 19:00:00,
2018-03-09 19:03:00,-0.06178100304788359
2018-03-09 19:06:00,0.01944930545181478
2018-03-09 19:09:00,-0.05738413158360345
2018-03-09 19:12:00,-0.15675207144312253
2018-03-09 19:15:00,-0.059575469690628324
2018-03-09 19:18:00,-0.048749828528571015
2018-03-09 19:21:00,-0.12423360515629156
2018-03-09 19:24:00,-0.06393439602129547
2018-03-09 19:27:00,0.16243413669354823
2018-03-09 19:30:00,0.03625053403277434
2018-03-09 19:33:00,-0.0344350056800522
2018-03-09 19:36:00,-0.1171051872426574
2018-03-09 19:39:00,-0.024110995020123482
2018-03-09 19:42:00,0.01602691865559791
2018-03-09 19:45:00,-0.10517325921057363
2018-03-09 19:48:00,0.07508247958611491
2018-03-09 19:51:00,0.05656694452517286
2018-03-09 19:54:00,-0.06761575346070003
2018-03-09 19:57:00,0.048725914978319906
2018-03-09 20:00:00,0.08800301548069456
2018-03-09 20:03:00,0.05522267110842449
2018-03-09 20:06:00,-0.0068740721878839395
2018-03-09 20:09:00,0.12621778589738142
2018-03-09 20:12:00,0.1550564437912385
2018-03-09 20:15:00,0.07805154653664204
2018-03-09 20:18:00,0.08648780207624895
2018-03-09 20:21:00,0.07098063464530924
2018-03-09 20:24:00,0.07307888781650718
2018-03-09 20:27:00,0.08898424464740629
2018-03-09 20:30:00,0.07002096494107946
2018-03-09 20:33:00,-0.013230373033479736
2018-03-09 20:36:00,0.13783509039058117
2018-03-09 20:39:00,0.004606692657773692
2018-03-09 20:42:00,0.008435173342377311
2018-03-09 20:45:00,0.18406051572765136
2018-03-09 20:48:00,0.04835866973087377
2018-03-09 20:51:00,0.05237285472071562
2018-03-09 20:54:00,0.038872751226051605
2018-03-09 20:57:00,0.09466089839617098
2018-03-09 21:00:00,0.046367536587581526
2018-03-09 21:03:00,0.18367549530938732
2018-03-09 21:06:00,0.051086306757952116
2018-03-09 21:09:00,0.12987433058481201
2018-03-09 21:12:00,0.06663910833356113
2018-03-09 21:15:00,0.08526153586052487
2018-03-09 21:18:00,0.07621328734234112
2018-03-09 21:21:00,0.07339775827841777
2018-03-09 21:24:00,0.1299719453591024
2018-03-09 21:27:00,0.03991623232462871
2018-03-09 21:30:00,0.08955396272284588
2018-03-09 21:33:00,0.11115623219848203
2018-03-09 21:36:00,0.06714312821657131
2018-03-09 21:39:00,0.12414006788844745
2018-03-09 21:42:00,0.14605814613156554
2018-03-09 21:45:00,0.11171898400328928
2018-03-09 21:48:00,0.18672715252341732
2018-03-09 21:51:00,0.11024570373075449
2018-03-09 21:54:00,0.08290534561177765
2018-03-09 21:57:00,0.139818932233311
2018-03-09 22:00:00,0.09300331633608039
2018-03-09 22:03:00,0.1799728685253399
2018-03-09 22:06:00,0.18816371446337143
2018-03-09 22:09:00,0.23233274807375892
2018-03-09 22:12:00,0.14040251139044813
2018-03-09 22:15:00,0.1450965308968648
2018-03-09 22:18:00,0.08029834258331903
2018-03-09 22:21:00,0.15543252492381043
2018-03-09 22:24:00,0.06633862250896527
2018-03-09 22:27:00,0.16113147875870482
2018-03-09 22:30:00,0.2590226846588166
2018-03-09 22:33:00,0.2203677167249225
2018-03-09 22:36:00,0.12454016707215487
2018-03-09 22:39:00,0.18635598937299847
2018-03-09 22:42:00,0.09908167791581945
2018-03-09 22:45:00,0.11612241758029995
2018-03-09 22:48:00,0.13218843618068377
2018-03-09 22:51:00,0.172118040096791
2018-03-09 22:54:00,0.17972613030337925
2018-03-09 22:57:00,0.184185064523831
2018-03-09 23:00:00,0.19313538966787291
2018-03-09 23:03:00,0.24447242542561298
2018-03-09 23:06:00,0.3233974954935661
2018-03-09 23:09:00,0.173332454769195
2018-03-09 23:12:00,0.24688582026834638
2018-03-09 23:15:00,0.24763998091464146
2018-03-09 23:18:00,0.22244782953094955
2018-03-09 23:21:00,0.23751729588673243
2018-03-09 23:24:00,0.37505050448118027
2018-03-09 23:27:00,0.2531200367303086
2018-03-09 23:30:00,0.387327921477322
2018-03-09 23:33:00,0.22935665141540085
2018-03-09 23:36:00,0.4413324400800889
2018-03-09 23:39:00,0.3497608550056839
2018-03-09 23:42:00,0.3069294887473575
2018-03-09 23:45:00,0.2495955959707885
2018-03-09 23:48:00,0.25584213105935305
2018-03-09 23:51:00,0.2879006964432165
2018-03-09 23:54:00,0.3086656248374311
2018-03-09 23:57:00,0.3782080309843536
2018-03-10 00:00:00,0.2855379029027745
2018-03-10 00:03:00,0.27002059444600945
2018-03-10 00:06:00,0.3809618339387839
2018-03-10 00:09:00,0.22866134025844076
2018-03-10 00:12:00,0.22680157376839816
2018-03-10 00:15:00,0.23205593824354764
2018-03-10 00:18:00,0.29521054070562514
2018-03-10 00:21:00,0.16996266687465322
2018-03-10 00:24:00,0.29117111305322396
2018-03-10 00:27:00,0.32231183187343504
2018-03-10 00:30:00,0.30265923254802374
2018-03-10 00:33:00,0.21096178296062362
2018-03-10 00:36:00,0.24867937441291588
2018-03-10 00:39:00,0.23107450612252478
2018-03-10 00:42:00,0.32294637498876
2018-03-10 00:45:00,0.24915662670480287
2018-03-10 00:48:00,0.18771288005768838
2018-03-10 00:51:00,0.15606333642324444
2018-03-10 00:54:00,0.21002484357791218
2018-03-10 00:57:00,0.13407569374527384
2018-03-10 01:00:00,0.03114821031226711
2018-03-10 01:03:00,0.07336712385779265
2018-03-10 01:06:00,0.09300564461449312
2018-03-10 01:09:00,0.030206648908176703
2018-03-10 01:12:00,0.1703437743711902
2018-03-10 01:15:00,0.14859091718852824
2018-03-10 01:18:00,0.17101630490662956
2018-03-10 01:21:00,0.15546677310265977
2018-03-10 01:24:00,0.1483609667048995
2018-03-10 01:27:00,0.2636935820162307
2018-03-10 01:30:00,0.1546083487817782
2018-03-10 01:33:00,0.17169679122582693
2018-03-10 01:36:00,0.17185959730824152
2018-03-10 01:39:00,0.11323820178643018
2018-03-10 01:42:00,0.1878078022397176
2018-03-10 01:45:00,0.1056659963573452
2018-03-10 01:48:00,0.1288658784517338
2018-03-10 01:51:00,0.12311159909603475
2018-03-10 01:54:00,0.1371260720862324
2018-03-10 01:57:00,0.12363902564396767
2018-03-10 02:00:00,0.19016885801914896
2018-03-10 02:03:00,0.20832398102027128
2018-03-10 02:06:00,0.2491478178266675
2018-03-10 02:09:00,0.3130939872556837
2018-03-10 02:12:00,0.2513085634666936
2018-03-10 02:15:00,0.22767888969059413
2018-03-10 02:18:00,0.17093125989720193
2018-03-10 02:21:00,0.23450533024356446
2018-03-10 02:24:00,0.2877798055449716
2018-03-10 02:27:00,0.22868419292882436
2018-03-10 02:30:00,0.2823487671695375
2018-03-10 02:33:00,0.18020317854166024
2018-03-10 02:36:00,0.24925415669440554
2018-03-10 02:39:00,0.23786987153869177
2018-03-10 02:42:00,0.2802259162223777
2018-03-10 02:45:00,0.21786646237626428
2018-03-10 02:48:00,0.3795976247703834
2018-03-10 02:51:00,0.37410756480647933
2018-03-10 02:54:00,0.34157695217595574
2018-03-10 02:57:00,0.2718778018642638
2018-03-10 03:00:00,0.3378864641532573
2018-03-10 03:03:00,0.3473145624337235
2018-03-10 03:06:00,0.32493684445933013
2018-03-10 03:09:00,0.22056866208646397
2018-03-10 03:12:00,0.32781668705752054
2018-03-10 03:15:00,0.4078888792958537
2018-03-10 03:18:00,0.3741684652550248
2018-03-10 03:21:00,0.27708636832556977
2018-03-10 03:24:00,0.4421585972146431
2018-03-10 03:27:00,0.42055279373369103
2018-03-10 03:30:00,0.3918773239678899
2018-03-10 03:33:00,0.42223771085423323
2018-03-10 03:36:00,0.4459290481561311
2018-03-10 03:39:00,0.48027587140148853
2018-03-10 03:42:00,0.2872884977454646
2018-03-10 03:45:00,0.3860370512168174
2018-03-10 03:48:00,0.4107323932966551
2018-03-10 03:51:00,0.4810564015930936
2018-03-10 03:54:00,0.5431087983826615
2018-03-10 03:57:00,0.55862165621744
2018-03-10 04:00:00,0.41302018258528506
2018-03-10 04:03:00,0.2649844518131772
2018-03-10 04:06:00,0.2678396478981995
2018-03-10 04:09:00,0.42270741931963585
2018-03-10 04:12:00,0.3625310282671421
2018-03-10 04:15:00,0.5279564480960062
2018-03-10 04:18:00,0.3491238782438586
2018-03-10 04:21:00,0.31746387429626566
2018-03-10 04:24:00,0.38812553710204156
2018-03-10 04:27:00,0.34381284204641815
2018-03-10 04:30:00,0.33346198973254104
2018-03-10 04:33:00,0.25546372268883033
2018-03-10 04:36:00,0.25468430103939
2018-03-10 04:39:00,0.2850219059072856
2018-03-10 04:42:00,0.2833835363051662
2018-03-10 04:45:00,0.29149917372632217
2018-03-10 04:48:00,0.31734375599882014
2018-03-10 04:51:00,0.3169608844697791
2018-03-10 04:54:00,0.25292286227045224
2018-03-10 04:57:00,0.3355824327239816
2018-03-10 05:00:00,0.31590716989103385
2018-03-10 05:03:00,0.25351621009485825
2018-03-10 05:06:00,0.3482150013495584
2018-03-10 05:09:00,0.35980243995970795
2018-03-10 05:12:00,0.32871294612573365
2018-03-10 05:15:00,0.4291551211488809
2018-03-10 05:18:00,0.4727425488205199
2018-03-10 05:21:00,0.38276301716325634
2018-03-10 05:24:00,0.48505934137028817
2018-03-10 05:27:00,0.3764317092984584
2018-03-10 05:30:00,0.3947756544079084
2018-03-10 05:33:00,0.5053296067000019
2018-03-10 05:36:00,0.4162737059967867
2018-03-10 05:39:00,0.5036678480345813
2018-03-10 05:42:00,0.4397104268683165
2018-03-10 05:45:00,0.46247181128148895
2018-03-10 05:48:00,0.42416149523103286
2018-03-10 05:51:00,0.4333862167309803
2018-03-10 05:54:00,0.4557529868988581
2018-03-10 05:57:00,0.31349318817422045
2018-03-10 06:00:00,0.3979602353334144
2018-03-10 06:03:00,0.3998141151372465
2018-03-10 06:06:00,0.39229893991534937
2018-03-10 06:09:00,0.36174462789080053
2018-03-10 06:12:00,0.348368616096252
2018-03-10 06:15:00,0.3384810648393568
2018-03-10 06:18:00,0.3986047399816357
2018-03-10 06:21:00,0.46841638056832835
2018-03-10 06:24:00,0.3855728127812199
2018-03-10 06:27:00,0.3352461670327216
2018-03-10 06:30:00,0.40877324073852606
2018-03-10 06:33:00,0.4066905200156157
2018-03-10 06:36:00,0.48825649760078704
2018-03-10 06:39:00,0.47919780014399294
2018-03-10 06:42:00,0.5178294908763519
2018-03-10 06:45:00,0.5732992537734276
2018-03-10 06:48:00,0.595607720378041
2018-03-10 06:51:00,0.5421791107655736
2018-03-10 06:54:00,0.4230671995669013
2018-03-10 06:57:00,0.5324396459371883
2018-03-10 07:00:00,0.5091131977052896
2018-03-10 07:03:00,0.4525976807090615
2018-03-10 07:06:00,0.4612493664841395
2018-03-10 07:09:00,0.4196399683244181
2018-03-10 07:12:00,0.4011345758639777
2018-03-10 07:15:00,0.34397066110886954
2018-03-10 07:18:00,0.3969075859889699
2018-03-10 07:21:00,0.3926724501718013
2018-03-10 07:24:00,0.46848780090334685
2018-03-10 07:27:00,0.2760316348976062
2018-03-10 07:30:00,0.2934931465269415
2018-03-10 07:33:00,0.302456658577114
2018-03-10 07:36:00,0.4122230027118121
2018-03-10 07:39:00,0.42186096701482256
2018-03-10 07:42:00,0.3065903901656384
2018-03-10 07:45:00,0.38292850162315517
2018-03-10 07:48:00,0.46660755066932325
2018-03-10 07:51:00,0.3519388860296999
2018-03-10 07:54:00,0.32589320699111113
2018-03-10 07:57:00,0.30757629312461177
2018-03-10 08:00:00,0.4102367104106861
2018-03-10 08:03:00,0.40617070391925836
2018-03-10 08:06:00,0.26381082218870233
2018-03-10 08:09:00,0.20535321305072785
2018-03-10 08:12:00,0.21129888142621667
2018-03-10 08:15:00,0.38859390727992604
2018-03-10 08:18:00,0.19632112575942529
2018-03-10 08:21:00,0.18687962106895384
2018-03-10 08:24:00,0.22869271933456048
2018-03-10 08:27:00,0.15490332629190107
2018-03-10 08:30:00,0.13167779209572927
2018-03-10 08:33:00,0.15099123597968855
2018-03-10 08:36:00,0.16347968234663313
2018-03-10 08:39:00,0.030900076238822294
2018-03-10 08:42:00,0.11702651376231188
2018-03-10 08:45:00,0.05187758230613326
2018-03-10 08:48:00,0.05859277665155105
2018-03-10 08:51:00,0.050114318851228745
2018-03-10 08:54:00,0.038269131094523345
2018-03-10 08:57:00,0.14598971166054753
2018-03-10 09:00:00,0.08288546556883603
2018-03-10 09:03:00,0.15666663882115017
2018-03-10 09:06:00,0.03796763563235572
2018-03-10 09:09:00,0.053430006262260576
2018-03-10 09:12:00,0.0010936227387219333
2018-03-10 09:15:00,-0.060926332325323074
2018-03-10 09:18:00,-0.053218972956017296
2018-03-10 09:21:00,-0.13870078573495448
2018-03-10 09:24:00,0.04738056984257355
2018-03-10 09:27:00,0.047035946527728356
2018-03-10 09:30:00,-0.08081450411958713
2018-03-10 09:33:00,-0.09082911306933283
2018-03-10 09:36:00,-0.049609045967144993
2018-03-10 09:39:00,-0.1868473680934244
2018-03-10 09:42:00,-0.03684104436712232
2018-03-10 09:45:00,-0.03957440700941106
2018-03-10 09:48:00,-0.11807497108668485
2018-03-10 09:51:00,-0.08386662026686054
2018-03-10 09:54:00,-0.005747683007996329
2018-03-10 09:57:00,-0.16030639327811969
2018-03-10 10:00:00,-0.04021520588264593
2018-03-10 10:03:00,-0.028734981153206718
2018-03-10 10:06:00,-0.14807508848804218
2018-03-10 10:09:00,-0.06382987009186536
2018-03-10 10:12:00,-0.19155144002979796
2018-03-10 10:15:00,-0.14238015766869694
2018-03-10 10:18:00,-0.2374607233491588
2018-03-10 10:21:00,-0.19497440578834357
2018-03-10 10:24:00,-0.310003952149259
2018-03-10 10:27:00,-0.039203178077627854
2018-03-10 10:30:00,-0.14463261738160327
2018-03-10 10:33:00,-0.09853710771022861
2018-03-10 10:36:00,-0.3375060136466459
2018-03-10 10:39:00,-0.14429262104215468
2018-03-10 10:42:00,-0.23234537863328342
2018-03-10 10:45:00,-0.26518505345842414
2018-03-10 10:48:00,-0.20733035981817238
2018-03-10 10:51:00,-0.20481639856933498
2018-03-10 10:54:00,-0.18087977787047294
2018-03-10 10:57:00,-0.06791251332867887
2018-03-10 11:00:00,-0.29328676841566903
2018-03-10 11:03:00,-0.20036403626022548
2018-03-10 11:06:00,-0.1957374326630088
2018-03-10 11:09:00,-0.18871481487735764
2018-03-10 11:12:00,-0.19226638027299714
2018-03-10 11:15:00,-0.1817647680919663
2018-03-10 11:18:00,-0.2648929462927754
2018-03-10 11:21:00,-0.24442763170327453
2018-03-10 11:24:00,-0.25011510402941894
2018-03-10 11:27:00,-0.27500451026799055
2018-03-10 11:30:00,-0.3393271547944323
2018-03-10 11:33:00,-0.10930791056102862
2018-03-10 11:36:00,-0.26840143786239423
2018-03-10 11:39:00,-0.2230069994499786
2018-03-10 11:42:00,-0.21198023770000418
2018-03-10 11:45:00,-0.17366825108661033
2018-03-10 11:48:00,-0.22786189984935845
2018-03-10 11:51:00,-0.23447116207262297
2018-03-10 11:54:00,-0.23695851415976676
2018-03-10 11:57:00,-0.1797073428822955
2018-03-10 12:00:00,-0.1534319613181765
2018-03-10 12:03:00,-0.27517580522567187
2018-03-10 12:06:00,-0.23496944084627103
2018-03-10 12:09:00,-0.20713877755946442
2018-03-10 12:12:00,-0.2767061458366129
2018-03-10 12:15:00,-0.3967231265347664
2018-03-10 12:18:00,-0.3276939255698039
2018-03-10 12:21:00,-0.10636008471169589
2018-03-10 12:24:00,-0.2811378308080634
2018-03-10 12:27:00,-0.1949497924444472
2018-03-10 12:30:00,-0.22617476056325359
2018-03-10 12:33:00,-0.3091017454731855
2018-03-10 12:36:00,-0.26608736459792226
2018-03-10 12:39:00,-0.21552112342874352
2018-03-10 12:42:00,-0.29250468344923775
2018-03-10 12:45:00,-0.27644086339569185
2018-03-10 12:48:00,-0.23462599121791072
2018-03-10 12:51:00,-0.2593341481617131
2018-03-10 12:54:00,-0.3350615322778481
2018-03-10 12:57:00,-0.3261898923637432
2018-03-10 13:00:00,-0.28211215852849136
2018-03-10 13:03:00,-0.2944184237561558
2018-03-10 13:06:00,-0.19865316393219246
2018-03-10 13:09:00,-0.1208441031193388
2018-03-10 13:12:00,-0.26633864664506746
2018-03-10 13:15:00,-0.263985221573364
2018-03-10 13:18:00,-0.3387808542490234
2018-03-10 13:21:00,-0.3220681554378757
2018-03-10 13:24:00,-0.32631990615243467
2018-03-10 13:27:00,-0.3806629731512885
2018-03-10 13:30:00,-0.4082303304228958
2018-03-10 13:33:00,-0.43174523956588473
2018-03-10 13:36:00,-0.4395491058589869
2018-03-10 13:39:00,-0.4491025359139371
2018-03-10 13:42:00,-0.31902554690395846
2018-03-10 13:45:00,-0.3600790410845889
2018-03-10 13:48:00,-0.3702136516712926
2018-03-10 13:51:00,-0.3791928646656402
2018-03-10 13:54:00,-0.3106968728824313
2018-03-10 13:57:00,-0.22562909568648593
2018-03-10 14:00:00,-0.31667045370022606
2018-03-10 14:03:00,-0.30612379487484986
2018-03-10 14:06:00,-0.26332366821401365
2018-03-10 14:09:00,-0.29950432236756797
2018-03-10 14:12:00,-0.2671116126776951
2018-03-10 14:15:00,-0.35459062957977494
2018-03-10 14:18:00,-0.41494002569351096
2018-03-10 14:21:00,-0.40329744136818135
2018-03-10 14:24:00,-0.5388301700107263
2018-03-10 14:27:00,-0.3477649551625177
2018-03-10 14:30:00,-0.3342507438612756
2018-03-10 14:33:00,-0.46968040749902684
2018-03-10 14:36:00,-0.47989199326030985
2018-03-10 14:39:00,-0.3075872604581491
2018-03-10 14:42:00,-0.38280318972113037
2018-03-10 14:45:00,-0.41207059433958193
2018-03-10 14:48:00,-0.38105246279650373
2018-03-10 14:51:00,-0.4115490699788893
2018-03-10 14:54:00,-0.33195948027218947
2018-03-10 14:57:00,-0.3992057423490678
2018-03-10 15:00:00,-0.3036835090608747
2018-03-10 15:03:00,-0.2831287250315313
2018-03-10 15:06:00,-0.3947911963231263
2018-03-10 15:09:00,-0.48933049358345215
2018-03-10 15:12:00,-0.34468994921246576
2018-03-10 15:15:00,-0.41580289741307297
2018-03-10 15:18:00,-0.36935314322789736
2018-03-10 15:21:00,-0.32922533122615505
2018-03-10 15:24:00,-0.33786409436146414
2018-03-10 15:27:00,-0.3623676413723729
2018-03-10 15:30:00,-0.42955305758857776
2018-03-10 15:33:00,-0.48498443954696313
2018-03-10 15:36:00,-0.4038057551375118
2018-03-10 15:39:00,-0.4009738184422531
2018-03-10 15:42:00,-0.3851713282768401
2018-03-10 15:45:00,-0.3926752778779701
2018-03-10 15:48:00,-0.4654347532525662
2018-03-10 15:51:00,-0.32504023637284263
2018-03-10 15:54:00,-0.4180542952347537
2018-03-10 15:57:00,-0.49371939966493983
2018-03-10 16:00:00,-0.45067990659043744
2018-03-10 16:03:00,-0.501660066923705
2018-03-10 16:06:00,-0.489451399726363
2018-03-10 16:09:00,-0.5765856329812209
2018-03-10 16:12:00,-0.353019911725994
2018-03-10 16:15:00,-0.3935151318666499
2018-03-10 16:18:00,-0.44151847018184753
2018-03-10 16:21:00,-0.38983427399193715
2018-03-10 16:24:00,-0.46862900542828356
2018-03-10 16:27:00,-0.325082133428225
2018-03-10 16:30:00,-0.43473502908085493
2018-03-10 16:33:00,-0.42556454991188275
2018-03-10 16:36:00,-0.2775303993613534
2018-03-10 16:39:00,-0.27312827287840946
2018-03-10 16:42:00,-0.3186920147580281
2018-03-10 16:45:00,-0.5213593646141703
2018-03-10 16:48:00,-0.3454851198338247
2018-03-10 16:51:00,-0.4128078275368807
2018-03-10 16:54:00,-0.3325046503422868
2018-03-10 16:57:00,-0.3088726394602759
2018-03-10 17:00:00,-0.38790453909177813
2018-03-10 17:03:00,-0.3740343380141553
2018-03-10 17:06:00,-0.35492100497799584
2018-03-10 17:09:00,-0.28221969662962465
2018-03-10 17:12:00,-0.30946287032526243
2018-03-10 17:15:00,-0.3452731127279094
2018-03-10 17:18:00,-0.33046667182173906
2018-03-10 17:21:00,-0.3162359926984095
2018-03-10 17:24:00,-0.3280061864812751
2018-03-10 17:27:00,-0.3827238428509645
2018-03-10 17:30:00,-0.45028793931078326
2018-03-10 17:33:00,-0.33207179288234556
2018-03-10 17:36:00,-0.2056190846689674
2018-03-10 17:39:00,-0.205467830603709
2018-03-10 17:42:00,-0.24782099505534916
2018-03-10 17:45:00,-0.3080070525911083
2018-03-10 17:48:00,-0.3836183170914751
2018-03-10 17:51:00,-0.4028110278167105
2018-03-10 17:54:00,-0.2383762498450892
2018-03-10 17:57:00,-0.27245010577900075
2018-03-10 18:00:00,-0.3053924641558865
2018-03-10 18:03:00,-0.2845822937768503
2018-03-10 18:06:00,-0.3971217579505151
2018-03-10 18:09:00,-0.34557778380826676
2018-03-10 18:12:00,-0.34646108038487
2018-03-10 18:15:00,-0.21766656916355487
2018-03-10 18:18:00,-0.25754266278289606
2018-03-10 18:21:00,-0.2936137219139141
2018-03-10 18:24:00,-0.24333771191106734
2018-03-10 18:27:00,-0.25112723874610765
2018-03-10 18:30:00,-0.24741880353099077
2018-03-10 18:33:00,-0.31563127730123597
2018-03-10 18:36:00,-0.25679420138527576
2018-03-10 18:39:00,-0.14552047844614435
2018-03-10 18:42:00,-0.12611114678520607
2018-03-10 18:45:00,-0.18907895984813194
2018-03-10 18:48:00,-0.2579382580184415
2018-03-10 18:51:00,-0.29032950432537064
2018-03-10 18:54:00,-0.2199735353477763
2018-03-10 18:57:00,
2018-03-10 19:00:00,
2018-03-10 19:03:00,-0.1384088314034102
2018-03-10 19:06:00,-0.05477635303856232
2018-03-10 19:09:00,-0.10634312877380125
2018-03-10 19:12:00,-0.026684816568717906
2018-03-10 19:15:00,-0.1269014674263076
2018-03-10 19:18:00,-0.1568770584501067
2018-03-10 19:21:00,-0.05815604857667722
2018-03-10 19:24:00,-0.004438720323491907
2018-03-10 19:27:00,-0.12805329786795028
2018-03-10 19:30:00,-0.10269087755074224
2018-03-10 19:33:00,-0.10419340772119767
2018-03-10 19:36:00,-0.05074294879722174
2018-03-10 19:39:00,-0.13163704538595766
2018-03-10 19:42:00,-0.06977932088216221
2018-03-10 19:45:00,-0.06535425485105861
2018-03-10 19:48:00,-0.002006438101943786
2018-03-10 19:51:00,0.0004769385196254916
2018-03-10 19:54:00,-0.07788530218959977
2018-03-10 19:57:00,0.023215212560160126
2018-03-10 20:00:00,-0.05989641467999718
2018-03-10 20:03:00,-0.142474931769641
2018-03-10 20:06:00,-0.0865416434570534
2018-03-10 20:09:00,-0.08096751197666663
2018-03-10 20:12:00,-0.15440906442864843
2018-03-10 20:15:00,-0.17289024633339523
2018-03-10 20:18:00,-0.08101998536028532
2018-03-10 20:21:00,-0.11695153887137621
2018-03-10 20:24:00,-0.036182716963821804
2018-03-10 20:27:00,-0.024147841257160962
2018-03-10 20:30:00,-0.07799072261030915
2018-03-10 20:33:00,-0.07932268440873713
2018-03-10 20:36:00,-0.02837635548377193
2018-03-10 20:39:00,-0.03867878806124736
2018-03-10 20:42:00,0.02365953098768614
2018-03-10 20:45:00,-0.012038070883534147
2018-03-10 20:48:00,-0.1154814272554745
2018-03-10 20:51:00,0.02337897958642543
2018-03-10 20:54:00,0.036277276561008875
2018-03-10 20:57:00,-0.12767058141895404
2018-03-10 21:00:00,-0.07409270618649089
2018-03-10 21:03:00,0.051995214717351246
2018-03-10 21:06:00,-0.05943728065085452
2018-03-10 21:09:00,0.07479748730577285
2018-03-10 21:12:00,-0.07329371214802904
2018-03-10 21:15:00,-0.19672576295704403
2018-03-10 21:18:00,-0.020079970872075137
2018-03-10 21:21:00,-0.08417434580843519
2018-03-10 21:24:00,-0.09655379822555687
2018-03-10 21:27:00,-0.05246758056409817
2018-03-10 21:30:00,-0.02874012834666928
2018-03-10 21:33:00,-0.045729242553022686
2018-03-10 21:36:00,0.04650450881325696
2018-03-10 21:39:00,0.04095061995775495
2018-03-10 21:42:00,0.05716075180782809
2018-03-10 21:45:00,-0.01623597770503693
2018-03-10 21:48:00,0.07849276456647658
2018-03-10 21:51:00,-0.04877521322151779
2018-03-10 21:54:00,0.028410875522013157
2018-03-10 21:57:00,0.036957644754636476
2018-03-10 22:00:00,0.030695236445637875
2018-03-10 22:03:00,0.042115833483194365
2018-03-10 22:06:00,0.05424519246111004
2018-03-10 22:09:00,-0.017979181063196847
2018-03-10 22:12:00,0.07661664488301767
2018-03-10 22:15:00,0.15026344312883566
2018-03-10 22:18:00,0.009476953107309782
2018-03-10 22:21:00,0.02076752704391538
2018-03-10 22:24:00,0.0766410804680504
2018-03-10 22:27:00,0.11233629218685337
2018-03-10 22:30:00,-0.004170786122926984
2018-03-10 22:33:00,0.04894752957301307
2018-03-10 22:36:00,0.024847430046804675
2018-03-10 22:39:00,-0.034086950076869016
2018-03-10 22:42:00,0.09005772330488071
2018-03-10 22:45:00,0.06419335664827486
2018-03-10 22:48:00,0.0867440563252444
2018-03-10 22:51:00,0.07990693176162722
2018-03-10 22:54:00,0.0689986732467105
2018-03-10 22:57:00,0.1450502504289375
2018-03-10 23:00:00,0.052797281452683364
2018-03-10 23:03:00,0.03553265072054046
2018-03-10 23:06:00,0.11476563924958327
2018-03-10 23:09:00,0.151061338630484
2018-03-10 23:12:00,0.15837911772337065
2018-03-10 23:15:00,0.07591313971147429
2018-03-10 23:18:00,0.13599097939635385
2018-03-10 23:21:00,0.10161731374256533
2018-03-10 23:24:00,0.10441635259871873
2018-03-10 23:27:00,0.15650310484079455
2018-03-10 23:30:00,0.13555577843254696
2018-03-10 23:33:00,0.05836563492039204
2018-03-10 23:36:00,0.09499297502344461
2018-03-10 23:39:00,0.05925212877366448
2018-03-10 23:42:00,0.10664689989340559
2018-03-10 23:45:00,0.2009922050010573
2018-03-10 23:48:00,0.09733839291010327
2018-03-10 23:51:00,0.08635832219437134
2018-03-10 23:54:00,0.05910525703922076
2018-03-10 23:57:00,0.17645461637073367
2018-03-11 00:00:00,0.10705130239006166
2018-03-11 00:03:00,0.12032195787082856
2018-03-11 00:06:00,0.1414731686861046
2018-03-11 00:09:00,0.19544458688284294
2018-03-11 00:12:00,0.18588493867383704
2018-03-11 00:15:00,0.23420862610623772
2018-03-11 00:18:00,0.18369989926310382
2018-03-11 00:21:00,0.21710041457043872
2018-03-11 00:24:00,0.10587409004870096
2018-03-11 00:27:00,0.20566030876267405
2018-03-11 00:30:00,0.19666297773977703
2018-03-11 00:33:00,0.24707917229369514
2018-03-11 00:36:00,0.17541363273181787
2018-03-11 00:39:00,0.13537498934135783
2018-03-11 00:42:00,0.15028819543778127
2018-03-11 00:45:00,0.14093061344419766
2018-03-11 00:48:00,0.22069934064427343
2018-03-11 00:51:00,0.3492870288530412
2018-03-11 00:54:00,0.10903089414830447
2018-03-11 00:57:00,0.20533964153673878
2018-03-11 01:00:00,0.23882343441238163
2018-03-11 01:03:00,0.24257146898338533
2018-03-11 01:06:00,0.14440973593292483
2018-03-11 01:09:00,0.11952240157728511
2018-03-11 01:12:00,0.19716590136164314
2018-03-11 01:15:00,0.16700293965919855
2018-03-11 01:18:00,0.2665368944464035
2018-03-11 01:21:00,0.21835294499118163
2018-03-11 01:24:00,0.2978331715334548
2018-03-11 01:27:00,0.24455764231583998
2018-03-11 01:30:00,0.1753479633056827
2018-03-11 01:33:00,0.11654987579561293
2018-03-11 01:36:00,0.22312695354133893
2018-03-11 01:39:00,0.19526627934567387
2018-03-11 01:42:00,0.11101130732453157
2018-03-11 01:45:00,0.22236230893543052
2018-03-11 01:48:00,0.31418594250851584
2018-03-11 01:51:00,0.30473529102783914
2018-03-11 01:54:00,0.21121497482494078
2018-03-11 01:57:00,0.13084642600347252
2018-03-11 02:00:00,0.3144980433073101
2018-03-11 02:03:00,0.19526932930943985
2018-03-11 02:06:00,0.3448272082560493
2018-03-11 02:09:00,0.22847664146377156
2018-03-11 02:12:00,0.353982406186617
2018-03-11 02:15:00,0.255495349321734
2018-03-11 02:18:00,0.3228146777554457
2018-03-11 02:21:00,0.16435061986288702
2018-03-11 02:24:00,0.2773724624517513
2018-03-11 02:27:00,0.30162652674545143
2018-03-11 02:30:00,0.26449447154936934
2018-03-11 02:33:00,0.263363119798953
2018-03-11 02:36:00,0.2576819679403002
2018-03-11 02:39:00,0.250489047018732
2018-03-11 02:42:00,0.33895953310559435
2018-03-11 02:45:00,0.27347642987734844
2018-03-11 02:48:00,0.31910023882574023
2018-03-11 02:51:00,0.30399695136100036
2018-03-11 02:54:00,0.27510083827581866
2018-03-11 02:57:00,0.28262694309694325
2018-03-11 03:00:00,0.27226311610513676
2018-03-11 03:03:00,0.20933081638975182
2018-03-11 03:06:00,0.21920132400560988
2018-03-11 03:09:00,0.3976883031647276
2018-03-11 03:12:00,0.2848040940389751
2018-03-11 03:15:00,0.271619621615514
2018-03-11 03:18:00,0.28412378757423085
2018-03-11 03:21:00,0.3430150652795305
2018-03-11 03:24:00,0.19253555467810202
2018-03-11 03:27:00,0.37358669972019243
2018-03-11 03:30:00,0.3837541477735158
2018-03-11 03:33:00,0.34581914212640186
2018-03-11 03:36:00,0.3248298769512985
2018-03-11 03:39:00,0.44978902106873875
2018-03-11 03:42:00,0.3702433157297378
2018-03-11 03:45:00,0.40876335580674095
2018-03-11 03:48:00,0.4312372502097901
2018-03-11 03:51:00,0.3808710738167065
2018-03-11 03:54:00,0.3143258416108665
2018-03-11 03:57:00,0.34667481907035835
2018-03-11 04:00:00,0.3244721597890816
2018-03-11 04:03:00,0.34357133145567786
2018-03-11 04:06:00,0.283942024062128
2018-03-11 04:09:00,0.3450921524221826
2018-03-11 04:12:00,0.32445183990108717
2018-03-11 04:15:00,0.29833063527024706
2018-03-11 04:18:00,0.34536869612691135
2018-03-11 04:21:00,0.3487551384147878
2018-03-11 04:24:00,0.430989721172125
2018-03-11 04:27:00,0.4878587558518461
2018-03-11 04:30:00,0.35005628648707443
2018-03-11 04:33:00,0.33218719342875147
2018-03-11 04:36:00,0.4905455735114401
2018-03-11 04:39:00,0.34080166400542566
2018-03-11 04:42:00,0.39464150057591496
2018-03-11 04:45:00,0.43912948038075683
2018-03-11 04:48:00,0.31934664328724693
2018-03-11 04:51:00,0.32893331002861714
2018-03-11 04:54:00,0.36580785882773625
2018-03-11 04:57:00,0.39901636240438165
2018-03-11 05:00:00,0.4708035033200417
2018-03-11 05:03:00,0.3859578576905278
2018-03-11 05:06:00,0.35928095641128266
2018-03-11 05:09:00,0.3640345087875403
2018-03-11 05:12:00,0.3867986991695034
2018-03-11 05:15:00,0.4038065062380838
2018-03-11 05:18:00,0.4467671076786246
2018-03-11 05:21:00,0.40747018338259977
2018-03-11 05:24:00,0.46206689291017256
2018-03-11 05:27:00,0.3798509142014268
2018-03-11 05:30:00,0.36554575320002414
2018-03-11 05:33:00,0.45236480928468836
2018-03-11 05:36:00,0.40185477324183694
2018-03-11 05:39:00,0.3553046521167289
2018-03-11 05:42:00,0.3243420474735217
2018-03-11 05:45:00,0.37031119375762955
2018-03-11 05:48:00,0.35135362586720476
2018-03-11 05:51:00,0.44266124201345747
2018-03-11 05:54:00,0.5235745942693484
2018-03-11 05:57:00,0.48246564468939823
2018-03-11 06:00:00,0.3620567923275644
2018-03-11 06:03:00,0.4516105927844478
2018-03-11 06:06:00,0.4266234947833141
2018-03-11 06:09:00,0.38841899176389916
2018-03-11 06:12:00,0.390216047595743
2018-03-11 06:15:00,0.3790350364826054
2018-03-11 06:18:00,0.3913589615167439
2018-03-11 06:21:00,0.4899740221063098
2018-03-11 06:24:00,0.4269539416395105
2018-03-11 06:27:00,0.47832676065291935
2018-03-11 06:30:00,0.47762412195226034
2018-03-11 06:33:00,0.414435783002034
2018-03-11 06:36:00,0.43787457910980265
2018-03-11 06:39:00,0.5478505191370573
2018-03-11 06:42:00,0.5670215218554517
2018-03-11 06:45:00,0.42292003494520714
2018-03-11 06:48:00,0.37833622197962313
2018-03-11 06:51:00,0.504043124714542
2018-03-11 06:54:00,0.5049889012701669
2018-03-11 06:57:00,0.4135562415679601
2018-03-11 07:00:00,0.4921204804658714
2018-03-11 07:03:00,0.44381732472930935
2018-03-11 07:06:00,0.5163699305181808
2018-03-11 07:09:00,0.38442645924448016
2018-03-11 07:12:00,0.43228199824221747
2018-03-11 07:15:00,0.43485858671817823
2018-03-11 07:18:00,0.5698871249284707
2018-03-11 07:21:00,0.5132283291681574
2018-03-11 07:24:00,0.46816954494534
2018-03-11 07:27:00,0.38919901664081635
2018-03-11 07:30:00,0.4857362057988439
2018-03-11 07:33:00,0.40399073974572275
2018-03-11 07:36:00,0.39348400737623024
2018-03-11 07:39:00,0.4235416183354914
2018-03-11 07:42:00,0.4096760491118516
2018-03-11 07:45:00,0.36662081288199033
2018-03-11 07:48:00,0.37515819951011053
2018-03-11 07:51:00,0.3811865961278613
2018-03-11 07:54:00,0.4443334077371901
2018-03-11 07:57:00,0.2728613888049267
2018-03-11 08:00:00,0.25640250409560394
2018-03-11 08:03:00,0.30992243401965425
2018-03-11 08:06:00,0.3091043879625772
2018-03-11 08:09:00,0.3130620800909014
2018-03-11 08:12:00,0.30353321467191563
2018-03-11 08:15:00,0.27435000395416864
2018-03-11 08:18:00,0.2252192963759967
2018-03-11 08:21:00,0.25454351348633963
2018-03-11 08:24:00,0.3280918941325126
2018-03-11 08:27:00,0.27495748884632576
2018-03-11 08:30:00,0.2325224960014225
2018-03-11 08:33:00,0.21534765901327546
2018-03-11 08:36:00,0.1913453682477666
2018-03-11 08:39:00,0.20673069754076323
2018-03-11 08:42:00,0.2229571249588389
2018-03-11 08:45:00,0.15653273328609885
2018-03-11 08:48:00,0.029662770598577026
2018-03-11 08:51:00,0.11456189529536687
2018-03-11 08:54:00,0.15810848282308143
2018-03-11 08:57:00,0.06353556527716364
2018-03-11 09:00:00,0.056860249437363564
2018-03-11 09:03:00,-0.03527523936077159
2018-03-11 09:06:00,-0.01630059862742428
2018-03-11 09:09:00,-0.029770375670125304
2018-03-11 09:12:00,-0.10240541188096586
2018-03-11 09:15:00,-0.1417202464531897
2018-03-11 09:18:00,-0.01470333915443689
2018-03-11 09:21:00,-0.17889711545007003
2018-03-11 09:24:00,-0.20704735081937997
2018-03-11 09:27:00,-0.002080067506597061
2018-03-11 09:30:00,-0.16859604589092214
2018-03-11 09:33:00,-0.11248270224308499
2018-03-11 09:36:00,-0.046640483571536606
2018-03-11 09:39:00,0.001737326933039185
2018-03-11 09:42:00,-0.08822994446103394
2018-03-11 09:45:00,-0.18583668219736182
2018-03-11 09:48:00,-0.09146146083696749
2018-03-11 09:51:00,-0.09806484109259372
2018-03-11 09:54:00,-0.0957304168483688
2018-03-11 09:57:00,-0.20477818502030232
2018-03-11 10:00:00,-0.21782137633101684
2018-03-11 10:03:00,-0.11375805362575875
2018-03-11 10:06:00,-0.2648822374122801
2018-03-11 10:09:00,-0.20379623474445907
2018-03-11 10:12:00,-0.1761910438101495
2018-03-11 10:15:00,-0.25384825405183165
2018-03-11 10:18:00,-0.17022788859122784
2018-03-11 10:21:00,-0.14648631935421008
2018-03-11 10:24:00,-0.13038984678252064
2018-03-11 10:27:00,-0.0921643078011698
2018-03-11 10:30:00,-0.2906221296914282
2018-03-11 10:33:00,-0.28647258482072857
2018-03-11 10:36:00,-0.35922054845781304
2018-03-11 10:39:00,-0.26235815706775156
2018-03-11 10:42:00,-0.2986540578222048
2018-03-11 10:45:00,-0.399591575340537
2018-03-11 10:48:00,-0.1927435947708318
2018-03-11 10:51:00,-0.2576906035665161
2018-03-11 10:54:00,-0.2024317696184994
2018-03-11 10:57:00,-0.23661651669198136
2018-03-11 11:00:00,-0.3143018276184648
2018-03-11 11:03:00,-0.1985366312863448
2018-03-11 11:06:00,-0.224489756678679
2018-03-11 11:09:00,-0.2004582041199683
2018-03-11 11:12:00,-0.2555144909084106
2018-03-11 11:15:00,-0.2123393920704757
2018-03-11 11:18:00,-0.3802872434327469
2018-03-11 11:21:00,-0.304325713107346
2018-03-11 11:24:00,-0.23962388857506767
2018-03-11 11:27:00,-0.29480778379240746
2018-03-11 11:30:00,-0.3072197843493427
2018-03-11 11:33:00,-0.2540117457544966
2018-03-11 11:36:00,-0.36700719561582673
2018-03-11 11:39:00,-0.22957020171793374
2018-03-11 11:42:00,-0.2730576629830921
2018-03-11 11:45:00,-0.2341640150797275
2018-03-11 11:48:00,-0.20444553949653255
2018-03-11 11:51:00,-0.16559773895426133
2018-03-11 11:54:00,-0.3800163246456236
2018-03-11 11:57:00,-0.3227183986589921
2018-03-11 12:00:00,-0.3217112791067507
2018-03-11 12:03:00,-0.31295402872513023
2018-03-11 12:06:00,-0.29270823154382697
2018-03-11 12:09:00,-0.3160708496952793
2018-03-11 12:12:00,-0.3493204488664787
2018-03-11 12:15:00,-0.4088239862252294
2018-03-11 12:18:00,-0.34921395943877087
2018-03-11 12:21:00,-0.21924871510771027
2018-03-11 12:24:00,-0.3235275053468172
2018-03-11 12:27:00,-0.2247712645129809
2018-03-11 12:30:00,-0.20871440798879348
2018-03-11 12:33:00,-0.38678394299626007
2018-03-11 12:36:00,-0.3403831716178729
2018-03-11 12:39:00,-0.22921714916810743
2018-03-11 12:42:00,-0.34023698714003103
2018-03-11 12:45:00,-0.4205976975686667
2018-03-11 12:48:00,-0.3241537113370896
2018-03-11 12:51:00,-0.4114792632489639
2018-03-11 12:54:00,-0.314876073852588
2018-03-11 12:57:00,-0.40775523965390903
2018-03-11 13:00:00,-0.34087807374856993
2018-03-11 13:03:00,-0.326070210054354
2018-03-11 13:06:00,-0.4003862463511041
2018-03-11 13:09:00,-0.44792566415270585
2018-03-11 13:12:00,-0.3667062415653959
2018-03-11 13:15:00,-0.32969054556002675
2018-03-11 13:18:00,-0.47121951081618363
2018-03-11 13:21:00,-0.3146284633897949
2018-03-11 13:24:00,-0.33783555000059096
2018-03-11 13:27:00,-0.4785399366077172
2018-03-11 13:30:00,-0.49230408160423167
2018-03-11 13:33:00,-0.4020440849924398
2018-03-11 13:36:00,-0.26430241799198484
2018-03-11 13:39:00,-0.4996624097190079
2018-03-11 13:42:00,-0.382786986043925
2018-03-11 13:45:00,-0.3641000852457523
2018-03-11 13:48:00,-0.30049598467178384
2018-03-11 13:51:00,-0.2763771915712141
2018-03-11 13:54:00,-0.4778333999816482
2018-03-11 13:57:00,-0.3654628178544499
2018-03-11 14:00:00,-0.35291442557888786
2018-03-11 14:03:00,-0.4309161267732975
2018-03-11 14:06:00,-0.33744181878495283
2018-03-11 14:09:00,-0.4333368949608598
2018-03-11 14:12:00,-0.5179000937441174
2018-03-11 14:15:00,-0.4463698376336538
2018-03-11 14:18:00,-0.48884125029422876
2018-03-11 14:21:00,-0.3580854373848865
2018-03-11 14:24:00,-0.4616473819012299
2018-03-11 14:27:00,-0.43268923657564073
2018-03-11 14:30:00,-0.45602356542019606
2018-03-11 14:33:00,-0.33410250098313554
2018-03-11 14:36:00,-0.3813048924783402
2018-03-11 14:39:00,-0.411275657768158
2018-03-11 14:42:00,-0.35267714807332595
2018-03-11 14:45:00,-0.40646093853195
2018-03-11 14:48:00,-0.352050203825911
2018-03-11 14:51:00,-0.3272359109307672
2018-03-11 14:54:00,-0.36891732379916675
2018-03-11 14:57:00,-0.3732725982736156
2018-03-11 15:00:00,-0.42031711225610024
2018-03-11 15:03:00,-0.4508087566290442
2018-03-11 15:06:00,-0.4315207579296043
2018-03-11 15:09:00,-0.3874412696466152
2018-03-11 15:12:00,-0.27197866225805
2018-03-11 15:15:00,-0.3654782352541588
2018-03-11 15:18:00,-0.3481319002199825
2018-03-11 15:21:00,-0.31065328849041407
2018-03-11 15:24:00,-0.36542890673894135
2018-03-11 15:27:00,-0.4256355060624628
2018-03-11 15:30:00,-0.47733260655519416
2018-03-11 15:33:00,-0.41204434964504344
2018-03-11 15:36:00,-0.43199424161412026
2018-03-11 15:39:00,-0.45351908262313145
2018-03-11 15:42:00,-0.3961969170772477
2018-03-11 15:45:00,-0.42429326560602476
2018-03-11 15:48:00,-0.5016405033045999
2018-03-11 15:51:00,-0.37183866504335583
2018-03-11 15:54:00,-0.321323703776784
2018-03-11 15:57:00,-0.36106690862146706
2018-03-11 16:00:00,-0.29979186888783715
2018-03-11 16:03:00,-0.3498478323465406
2018-03-11 16:06:00,-0.38685263903869327
2018-03-11 16:09:00,-0.42265948430781464
2018-03-11 16:12:00,-0.3416398507321219
2018-03-11 16:15:00,-0.4661404234732913
2018-03-11 16:18:00,-0.43465660082125623
2018-03-11 16:21:00,-0.46140211296034295
2018-03-11 16:24:00,-0.37181740300042065
2018-03-11 16:27:00,-0.45291702088127295
2018-03-11 16:30:00,-0.4269480485003214
2018-03-11 16:33:00,-0.3253705275200218
2018-03-11 16:36:00,-0.43895560761825436
2018-03-11 16:39:00,-0.35377115071258913
2018-03-11 16:42:00,-0.3706674239000449
2018-03-11 16:45:00,-0.3389719944238436
2018-03-11 16:48:00,-0.4057583419329376
2018-03-11 16:51:00,-0.3453562450442291
2018-03-11 16:54:00,-0.4871829645497314
2018-03-11 16:57:00,-0.2738543028365825
2018-03-11 17:00:00,-0.4798048006770159
2018-03-11 17:03:00,-0.4779211928288305
2018-03-11 17:06:00,-0.3441476790376896
2018-03-11 17:09:00,-0.37648376336471756
2018-03-11 17:12:00,-0.3777110830835113
2018-03-11 17:15:00,-0.4054513990973305
2018-03-11 17:18:00,-0.38691320194465106
2018-03-11 17:21:00,-0.44318382229261033
2018-03-11 17:24:00,-0.31057360902036635
2018-03-11 17:27:00,-0.3671584863102453
2018-03-11 17:30:00,-0.2751218086006588
2018-03-11 17:33:00,-0.3791839943181117
2018-03-11 17:36:00,-0.3269083094227767
2018-03-11 17:39:00,-0.45135487048230516
2018-03-11 17:42:00,-0.4620150381769008
2018-03-11 17:45:00,-0.280926246762931
2018-03-11 17:48:00,-0.29534131589502977
2018-03-11 17:51:00,-0.38958951298383226
2018-03-11 17:54:00,-0.3159340241698487
2018-03-11 17:57:00,-0.29798663059716546
2018-03-11 18:00:00,-0.31112394475354677
2018-03-11 18:03:00,-0.3647733494368026
2018-03-11 18:06:00,-0.2957672714175601
2018-03-11 18:09:00,-0.21969042059777166
2018-03-11 18:12:00,-0.3097206191134205
2018-03-11 18:15:00,-0.2615166430210252
2018-03-11 18:18:00,-0.35898874059574837
2018-03-11 18:21:00,-0.25254951415377036
2018-03-11 18:24:00,-0.33136043527684933
2018-03-11 18:27:00,-0.2182633824809841
2018-03-11 18:30:00,-0.27087872398510626
2018-03-11 18:33:00,-0.2355069307064923
2018-03-11 18:36:00,-0.11958018744832088
2018-03-11 18:39:00,-0.24631889688441788
2018-03-11 18:42:00,-0.17927984470691172
2018-03-11 18:45:00,-0.17249506172896645
2018-03-11 18:48:00,-0.3209494542720108
2018-03-11 18:51:00,-0.2648684014221203
2018-03-11 18:54:00,-0.18423177563425952
2018-03-11 18:57:00,
2018-03-11 19:00:00,
2018-03-11 19:03:00,-0.17186250197221398
2018-03-11 19:06:00,-0.17054159372008826
2018-03-11 19:09:00,-0.20981470601896035
2018-03-11 19:12:00,-0.13329822655714452
2018-03-11 19:15:00,-0.11415014969435333
2018-03-11 19:18:00,-0.21459951934633636
2018-03-11 19:21:00,-0.18147641942476866
2018-03-11 19:24:00,-0.1755323289971784
2018-03-11 19:27:00,-0.249225933541652
2018-03-11 19:30:00,-0.15896279134892666
2018-03-11 19:33:00,-0.19841493282115152
2018-03-11 19:36:00,-0.19701378719452123
2018-03-11 19:39:00,-0.12377926066801592
2018-03-11 19:42:00,-0.19150977312006034
2018-03-11 19:45:00,-0.2400545527182203
2018-03-11 19:48:00,-0.053200849455038224
2018-03-11 19:51:00,-0.1339594150218204
2018-03-11 19:54:00,-0.21120668731953174
2018-03-11 19:57:00,-0.15510645310570226
2018-03-11 20:00:00,-0.17988575838143106
2018-03-11 20:03:00,-0.18405915970566866
2018-03-11 20:06:00,-0.07541788080408196
2018-03-11 20:09:00,-0.04941205444265506
2018-03-11 20:12:00,-0.16377586840542335
2018-03-11 20:15:00,-0.08892296600134841
2018-03-11 20:18:00,-0.08036000959236844
2018-03-11 20:21:00,-0.19269104153732997
2018-03-11 20:24:00,-0.052804466117720494
2018-03-11 20:27:00,-0.08507797038942044
2018-03-11 20:30:00,-0.049081203505295434
2018-03-11 20:33:00,-0.10116744079942919
2018-03-11 20:36:00,-0.2397236611307676
2018-03-11 20:39:00,-0.15062886098712625
2018-03-11 20:42:00,-0.08326373208620907
2018-03-11 20:45:00,-0.17239045688660326
2018-03-11 20:48:00,-0.0899973630829436
2018-03-11 20:51:00,-0.14560339015878299
2018-03-11 20:54:00,-0.08523674373213908
2018-03-11 20:57:00,-0.12321810993023519
2018-03-11 21:00:00,-0.10708768439099003
2018-03-11 21:03:00,-0.1259181862581613
2018-03-11 21:06:00,-0.21598601057701217
2018-03-11 21:09:00,-0.05553704252179159
2018-03-11 21:12:00,-0.14440616740006362
2018-03-11 21:15:00,-0.1483555589666139
2018-03-11 21:18:00,-0.05692172580245369
2018-03-11 21:21:00,-0.15621390461359397
2018-03-11 21:24:00,-0.08824484588433279
2018-03-11 21:27:00,-0.1804306219191858
2018-03-11 21:30:00,-0.024742146488506478
2018-03-11 21:33:00,-0.045511553705921415
2018-03-11 21:36:00,-0.00925572832824173
2018-03-11 21:39:00,-0.1694861505640688
2018-03-11 21:42:00,-0.19596460071488764
2018-03-11 21:45:00,-0.10449223226095228
2018-03-11 21:48:00,-0.10981336035206368
2018-03-11 21:51:00,0.017111369886151806
2018-03-11 21:54:00,0.08269560033750167
2018-03-11 21:57:00,-0.09082199299490412
2018-03-11 22:00:00,0.012200115159430425
2018-03-11 22:03:00,0.05058347554887632
2018-03-11 22:06:00,0.029084232715661074
2018-03-11 22:09:00,-0.056762349856967376
2018-03-11 22:12:00,-0.047008975499181815
2018-03-11 22:15:00,0.03506911842248428
2018-03-11 22:18:00,0.03143990889697079
2018-03-11 22:21:00,0.055072307023237954
2018-03-11 22:24:00,-0.03851692528780859
2018-03-11 22:27:00,0.048063481975589184
2018-03-11 22:30:00,0.08703373447826834
2018-03-11 22:33:00,0.007045668399655369
2018-03-11 22:36:00,0.041835256091189876
2018-03-11 22:39:00,0.06783149051062765
2018-03-11 22:42:00,0.14862905704490004
2018-03-11 22:45:00,0.1460971260480619
2018-03-11 22:48:00,0.014571173522540448
2018-03-11 22:51:00,0.004799652675728794
2018-03-11 22:54:00,0.07575557675590971
2018-03-11 22:57:00,0.06307112730303288
2018-03-11 23:00:00,0.08509730667350368
2018-03-11 23:03:00,0.16640716385461474
2018-03-11 23:06:00,0.11341936119384854
2018-03-11 23:09:00,0.08364165655734723
2018-03-11 23:12:00,0.0052146602303082545
2018-03-11 23:15:00,0.052662109806647095
2018-03-11 23:18:00,0.17997196879338162
2018-03-11 23:21:00,0.07384541321710003
2018-03-11 23:24:00,0.057037217653885364
2018-03-11 23:27:00,-0.04699408621058865
2018-03-11 23:30:00,-0.0010484025141295206
2018-03-11 23:33:00,0.049886212029321086
2018-03-11 23:36:00,-0.03337804790749033
2018-03-11 23:39:00,0.055406830320521294
2018-03-11 23:42:00,0.0007692988513667842
2018-03-11 23:45:00,0.11130454777133991
2018-03-11 23:48:00,0.10388555871082872
2018-03-11 23:51:00,-0.0008287156545065955
2018-03-11 23:54:00,0.12840190517351857
2018-03-11 23:57:00,0.1038582032309705
2018-03-12 00:00:00,0.13884925028202133
2018-03-12 00:03:00,0.06408458376176895
2018-03-12 00:06:00,0.05320442675667891
2018-03-12 00:09:00,-0.06785472888867616
2018-03-12 00:12:00,0.044437485700086654
2018-03-12 00:15:00,0.17839086278161176
2018-03-12 00:18:00,0.02289143793080939
2018-03-12 00:21:00,0.18025101306062652
2018-03-12 00:24:00,0.21105206916621455
2018-03-12 00:27:00,-0.059003538053445936
2018-03-12 00:30:00,0.1271598746224072
2018-03-12 00:33:00,0.2347231494441644
2018-03-12 00:36:00,0.1750021401010713
2018-03-12 00:39:00,0.21497512636955207
2018-03-12 00:42:00,0.19057630929705738
2018-03-12 00:45:00,0.15655256918779514
2018-03-12 00:48:00,0.13851968063346476
2018-03-12 00:51:00,0.2007625633066823
2018-03-12 00:54:00,0.19185520499524955
2018-03-12 00:57:00,0.23728072127209998
2018-03-12 01:00:00,0.23645587194215523
2018-03-12 01:03:00,0.2114444743687045
2018-03-12 01:06:00,0.1528603752269646
2018-03-12 01:09:00,0.1601776763699263
2018-03-12 01:12:00,0.18434970194101652
2018-03-12 01:15:00,0.18950335782648153
2018-03-12 01:18:00,0.1589875667438605
2018-03-12 01:21:00,0.2505847934335179
2018-03-12 01:24:00,0.20700965330985355
2018-03-12 01:27:00,0.27840940744943055
2018-03-12 01:30:00,0.2938096041210656
2018-03-12 01:33:00,0.2287093389067536
2018-03-12 01:36:00,0.12030365201434279
2018-03-12 01:39:00,0.2292405714947563
2018-03-12 01:42:00,0.2478383540075697
2018-03-12 01:45:00,0.01727597177324469
2018-03-12 01:48:00,0.2665515280961017
2018-03-12 01:51:00,0.14553925752812802
2018-03-12 01:54:00,0.2979681721863585
2018-03-12 01:57:00,0.27449210919206735
2018-03-12 02:00:00,0.1234332971520189
2018-03-12 02:03:00,0.24997373945871004
2018-03-12 02:06:00,0.39646525065222704
2018-03-12 02:09:00,0.23045075641476842
2018-03-12 02:12:00,0.2542644256498079
2018-03-12 02:15:00,0.2554500464304965
2018-03-12 02:18:00,0.20416123699811806
2018-03-12 02:21:00,0.2590284368751554
2018-03-12 02:24:00,0.1840978042783945
2018-03-12 02:27:00,0.23177227831763503
2018-03-12 02:30:00,0.17407269883170784
2018-03-12 02:33:00,0.2315168692266525
2018-03-12 02:36:00,0.2722913172370909
2018-03-12 02:39:00,0.17471557132245152
2018-03-12 02:42:00,0.3510102193085345
2018-03-12 02:45:00,0.16530808228719707
2018-03-12 02:48:00,0.33091771646934376
2018-03-12 02:51:00,0.14189814600081263
2018-03-12 02:54:00,0.22792439113220553
2018-03-12 02:57:00,0.26757390376980084
2018-03-12 03:00:00,0.2940395631681554
2018-03-12 03:03:00,0.2866958465484686
2018-03-12 03:06:00,0.24094246094119853
2018-03-12 03:09:00,0.1954438282716069
2018-03-12 03:12:00,0.27342035567255607
2018-03-12 03:15:00,0.33207528187369917
2018-03-12 03:18:00,0.29218019225487524
2018-03-12 03:21:00,0.26395121712079117
2018-03-12 03:24:00,0.3275200442240589
2018-03-12 03:27:00,0.401574646995698
2018-03-12 03:30:00,0.2919075871013206
2018-03-12 03:33:00,0.2808416701826104
2018-03-12 03:36:00,0.35126064703473503
2018-03-12 03:39:00,0.2857497371702493
2018-03-12 03:42:00,0.30220625771869436
2018-03-12 03:45:00,0.32607762177451605
2018-03-12 03:48:00,0.28165825374389897
2018-03-12 03:51:00,0.2422807660792614
2018-03-12 03:54:00,0.31289814163432084
2018-03-12 03:57:00,0.24350122133051855
2018-03-12 04:00:00,0.3105818978502839
2018-03-12 04:03:00,0.35759978857299757
2018-03-12 04:06:00,0.38103514322631327
2018-03-12 04:09:00,0.43083131309384726
2018-03-12 04:12:00,0.30923736562374415
2018-03-12 04:15:00,0.32624009699929957
2018-03-12 04:18:00,0.39220243225622653
2018-03-12 04:21:00,0.2553991715651023
2018-03-12 04:24:00,0.28090063843058033
2018-03-12 04:27:00,0.27014797817992076
2018-03-12 04:30:00,0.3971527234988912
2018-03-12 04:33:00,0.3745878985201898
2018-03-12 04:36:00,0.37046871138824145
2018-03-12 04:39:00,0.40636117695419216
2018-03-12 04:42:00,0.428432518714601
2018-03-12 04:45:00,0.3117090883847027
2018-03-12 04:48:00,0.3786401879454502
2018-03-12 04:51:00,0.4546763013998998
2018-03-12 04:54:00,0.27571085037652665
2018-03-12 04:57:00,0.35896851612648106
2018-03-12 05:00:00,0.33441064668329545
2018-03-12 05:03:00,0.4885450859562184
2018-03-12 05:06:00,0.41691901000876896
2018-03-12 05:09:00,0.4397912010568916
2018-03-12 05:12:00,0.4343414424489538
2018-03-12 05:15:00,0.4339210632826962
2018-03-12 05:18:00,0.43073899200612686
2018-03-12 05:21:00,0.40139128610655916
2018-03-12 05:24:00,0.30838272021043167
2018-03-12 05:27:00,0.39036188041654896
2018-03-12 05:30:00,0.4179778231975888
2018-03-12 05:33:00,0.35885400632253095
2018-03-12 05:36:00,0.34696956866031314
2018-03-12 05:39:00,0.473006488420765
2018-03-12 05:42:00,0.4325357833521366
2018-03-12 05:45:00,0.4184853166952962
2018-03-12 05:48:00,0.39072226496415396
2018-03-12 05:51:00,0.4794489353400877
2018-03-12 05:54:00,0.4532443154281509
2018-03-12 05:57:00,0.4646758506448805
2018-03-12 06:00:00,0.5078498344172999
2018-03-12 06:03:00,0.470554975437949
2018-03-12 06:06:00,0.4172041897292047
2018-03-12 06:09:00,0.48146168563920355
2018-03-12 06:12:00,0.4728322328207355
2018-03-12 06:15:00,0.4915001779162367
2018-03-12 06:18:00,0.5657082253101748
2018-03-12 06:21:00,0.5048630678646191
2018-03-12 06:24:00,0.5259849569494577
2018-03-12 06:27:00,0.5131460930620619
2018-03-12 06:30:00,0.5685200682303275
2018-03-12 06:33:00,0.4856793755658373
2018-03-12 06:36:00,0.5369161759235226
2018-03-12 06:39:00,0.5116327186671015
2018-03-12 06:42:00,0.5585315710215468
2018-03-12 06:45:00,0.503326997142949
2018-03-12 06:48:00,0.4530414503720408
2018-03-12 06:51:00,0.5048246977819986
2018-03-12 06:54:00,0.4885800750125213
2018-03-12 06:57:00,0.4797994740026752
2018-03-12 07:00:00,0.4872987595929885
2018-03-12 07:03:00,0.4693315296261744
2018-03-12 07:06:00,0.4762456378380193
2018-03-12 07:09:00,0.32015897192394505
2018-03-12 07:12:00,0.5282877761810596
2018-03-12 07:15:00,0.44607435699191456
2018-03-12 07:18:00,0.4307339604667959
2018-03-12 07:21:00,0.5308476338795458
2018-03-12 07:24:00,0.5669123086132117
2018-03-12 07:27:00,0.5069397478412156
2018-03-12 07:30:00,0.5938968432953402
2018-03-12 07:33:00,0.39492796333672686
2018-03-12 07:36:00,0.45442306619639794
2018-03-12 07:39:00,0.4865011896849296
2018-03-12 07:42:00,0.4653728366645282
2018-03-12 07:45:00,0.565891404871536
2018-03-12 07:48:00,0.5475821440344362
2018-03-12 07:51:00,0.6033354014154497
2018-03-12 07:54:00,0.3633158831677292
2018-03-12 07:57:00,0.414119468082788
2018-03-12 08:00:00,0.41214679230000684
2018-03-12 08:03:00,0.40280355681704805
2018-03-12 08:06:00,0.3557636091528025
2018-03-12 08:09:00,0.4170729783519391
2018-03-12 08:12:00,0.3638989165662565
2018-03-12 08:15:00,0.2763965993642046
2018-03-12 08:18:00,0.22105781127811497
2018-03-12 08:21:00,0.31900066064866905
2018-03-12 08:24:00,0.2302164440419574
2018-03-12 08:27:00,0.32957078140981366
2018-03-12 08:30:00,0.34314108686072586
2018-03-12 08:33:00,0.3802238964162825
2018-03-12 08:36:00,0.32103373702062754
2018-03-12 08:39:00,0.5177458336109453
2018-03-12 08:42:00,0.4487919601124304
2018-03-12 08:45:00,0.36295352152353644
2018-03-12 08:48:00,0.4745974059086393
2018-03-12 08:51:00,0.2755649454373952
2018-03-12 08:54:00,0.49331835255850365
2018-03-12 08:57:00,0.31902193568686243
2018-03-12 09:00:00,0.3200915004445619
2018-03-12 09:03:00,0.3054342017057934
2018-03-12 09:06:00,0.368024053200827
2018-03-12 09:09:00,0.4849520930337121
2018-03-12 09:12:00,0.24852611933584967
2018-03-12 09:15:00,0.4558222459277772
2018-03-12 09:18:00,0.2827644428402891
2018-03-12 09:21:00,0.2737349896121941
2018-03-12 09:24:00,0.20534336641452455
2018-03-12 09:27:00,0.28335912067962
2018-03-12 09:30:00,0.42503302289816247
2018-03-12 09:33:00,0.4117221816525216
2018-03-12 09:36:00,0.44154900216301485
2018-03-12 09:39:00,0.29633590893428163
2018-03-12 09:42:00,0.4425215731500316
2018-03-12 09:45:00,0.24001362539723914
2018-03-12 09:48:00,0.34172942103606374
2018-03-12 09:51:00,0.24627096777453517
2018-03-12 09:54:00,0.3119232832329999
2018-03-12 09:57:00,0.24601270736195602
2018-03-12 10:00:00,0.2781062569737287
2018-03-12 10:03:00,0.23636152514558262
2018-03-12 10:06:00,0.21368859532714168
2018-03-12 10:09:00,0.23235276843320207
2018-03-12 10:12:00,0.21500776428757717
2018-03-12 10:15:00,0.1718789082030412
2018-03-12 10:18:00,0.18243315958443418
2018-03-12 10:21:00,0.16295591944742682
2018-03-12 10:24:00,0.05540415746048666
2018-03-12 10:27:00,0.21790315144261285
2018-03-12 10:30:00,0.012484375267320047
2018-03-12 10:33:00,0.23476328281094538
2018-03-12 10:36:00,0.222796553823855
2018-03-12 10:39:00,0.21432173869453663
2018-03-12 10:42:00,0.18893016539590235
2018-03-12 10:45:00,0.14407438943385387
2018-03-12 10:48:00,0.1747601009901132
2018-03-12 10:51:00,0.10624481236840211
2018-03-12 10:54:00,0.16516762024139098
2018-03-12 10:57:00,0.17620733046862824
2018-03-12 11:00:00,0.21562246525115825
2018-03-12 11:03:00,0.0631309863132401
2018-03-12 11:06:00,0.10177828258628097
2018-03-12 11:09:00,0.0837097390220265
2018-03-12 11:12:00,-0.03318638845746591
2018-03-12 11:15:00,0.01604568922573435
2018-03-12 11:18:00,-0.025243611269047506
2018-03-12 11:21:00,0.029077559063807712
2018-03-12 11:24:00,0.11334040682595514
2018-03-12 11:27:00,-0.012418260591005037
2018-03-12 11:30:00,0.031444987039094485
2018-03-12 11:33:00,-0.05373342604411846
2018-03-12 11:36:00,-0.0373725938996472
2018-03-12 11:39:00,-0.0688503894890573
2018-03-12 11:42:00,-0.21489731110989396
2018-03-12 11:45:00,-0.10867995668644426
2018-03-12 11:48:00,-0.17091176313903134
2018-03-12 11:51:00,-0.06691519331792506
2018-03-12 11:54:00,-0.09663665025721002
2018-03-12 11:57:00,-0.05444542554153031
2018-03-12 12:00:00,-0.14335574615813584
2018-03-12 12:03:00,-0.08568613925439195
2018-03-12 12:06:00,-0.03553088102245283
2018-03-12 12:09:00,-0.17539626242967188
2018-03-12 12:12:00,-0.10334808113509553
2018-03-12 12:15:00,-0.19059458538993113
2018-03-12 12:18:00,-0.09579490045905459
2018-03-12 12:21:00,-0.11835915724680035
2018-03-12 12:24:00,-0.07161368889768482
2018-03-12 12:27:00,-0.16372778264218368
2018-03-12 12:30:00,-0.09130411783405634
2018-03-12 12:33:00,-0.27203658552917886
2018-03-12 12:36:00,-0.18470006774214198
2018-03-12 12:39:00,-0.1752057726092744
2018-03-12 12:42:00,-0.16245450127820504
2018-03-12 12:45:00,-0.1481417200739088
2018-03-12 12:48:00,-0.08850055655028655
2018-03-12 12:51:00,-0.14395446679588986
2018-03-12 12:54:00,-0.09872874126938314
2018-03-12 12:57:00,-0.14258951689424748
2018-03-12 13:00:00,-0.15527013922815058
2018-03-12 13:03:00,-0.19960063250641724
2018-03-12 13:06:00,-0.11138217268961625
2018-03-12 13:09:00,-0.08558963047300949
2018-03-12 13:12:00,-0.22355552230800413
2018-03-12 13:15:00,-0.13596365568855617
2018-03-12 13:18:00,-0.26597468935938196
2018-03-12 13:21:00,-0.08980397001778329
2018-03-12 13:24:00,-0.3164280275913711
2018-03-12 13:27:00,-0.17464567078945947
2018-03-12 13:30:00,-0.28161507308692535
2018-03-12 13:33:00,-0.26015455803434406
2018-03-12 13:36:00,-0.2541050279977526
2018-03-12 13:39:00,-0.3301931295223426
2018-03-12 13:42:00,-0.25610112885954095
2018-03-12 13:45:00,-0.29708581566677594
2018-03-12 13:48:00,-0.29245610403006594
2018-03-12 13:51:00,-0.46071582028673674
2018-03-12 13:54:00,-0.23988398405322187
2018-03-12 13:57:00,-0.22383371398331064
2018-03-12 14:00:00,-0.1775307412077609
2018-03-12 14:03:00,-0.2517270787905659
2018-03-12 14:06:00,-0.30838685135796595
2018-03-12 14:09:00,-0.22878401607988508
2018-03-12 14:12:00,-0.3089040595299366
2018-03-12 14:15:00,-0.2506599357628829
2018-03-12 14:18:00,-0.2719148573335701
2018-03-12 14:21:00,-0.28366396457437304
2018-03-12 14:24:00,-0.30358638746736233
2018-03-12 14:27:00,-0.2924885782346678
2018-03-12 14:30:00,-0.3071610224616279
2018-03-12 14:33:00,-0.3395659489382865
2018-03-12 14:36:00,-0.2788663538844389
2018-03-12 14:39:00,-0.3278544002036483
2018-03-12 14:42:00,-0.36863757702201383
2018-03-12 14:45:00,-0.07833849612848098
2018-03-12 14:48:00,-0.3525118446263491
2018-03-12 14:51:00,-0.17005890654957057
2018-03-12 14:54:00,-0.2935090690255038
2018-03-12 14:57:00,-0.18676358309687657
2018-03-12 15:00:00,-0.27700088636038345
2018-03-12 15:03:00,-0.21099541612841222
2018-03-12 15:06:00,-0.2790805292193568
2018-03-12 15:09:00,-0.18862799263388297
2018-03-12 15:12:00,-0.32189394264122484
2018-03-12 15:15:00,-0.22654698140280516
2018-03-12 15:18:00,-0.3863813093212798
2018-03-12 15:21:00,-0.40329323977942977
2018-03-12 15:24:00,-0.2683189851946963
2018-03-12 15:27:00,-0.43951030526142176
2018-03-12 15:30:00,-0.17000684498879082
2018-03-12 15:33:00,-0.4180724079665765
2018-03-12 15:36:00,-0.2168155583011071
2018-03-12 15:39:00,-0.12327903804703055
2018-03-12 15:42:00,-0.20790212830297605
2018-03-12 15:45:00,-0.3285389418680893
2018-03-12 15:48:00,-0.3834111605393673
2018-03-12 15:51:00,-0.40851349257098946
2018-03-12 15:54:00,-0.16171220128035202
2018-03-12 15:57:00,-0.2551632354986282
2018-03-12 16:00:00,-0.08473024818897557
2018-03-12 16:03:00,0.03002255822866573
2018-03-12 16:06:00,-0.12350487531443832
2018-03-12 16:09:00,-0.3271926022320599
2018-03-12 16:12:00,-0.2371984011405175
2018-03-12 16:15:00,-0.36381335885027966
2018-03-12 16:18:00,-0.4488888214673352
2018-03-12 16:21:00,-0.35310662951985705
2018-03-12 16:24:00,-0.43853169591562846
2018-03-12 16:27:00,-0.3272501685490852
2018-03-12 16:30:00,-0.2931841877682473
2018-03-12 16:33:00,-0.37631096022909105
2018-03-12 16:36:00,-0.31381381175634715
2018-03-12 16:39:00,-0.45560329453758186
2018-03-12 16:42:00,-0.48346310897301237
2018-03-12 16:45:00,-0.2675453576355835
2018-03-12 16:48:00,-0.30770317464578056
2018-03-12 16:51:00,-0.38793911559815797
2018-03-12 16:54:00,-0.2884381774112512
2018-03-12 16:57:00,-0.3836624072129666
2018-03-12 17:00:00,-0.3891327286427213
2018-03-12 17:03:00,-0.4407934473594537
2018-03-12 17:06:00,-0.366671062294472
2018-03-12 17:09:00,-0.3726642535316955
2018-03-12 17:12:00,-0.23622349699616052
2018-03-12 17:15:00,-0.3337501855847904
2018-03-12 17:18:00,-0.3369523298092645
2018-03-12 17:21:00,-0.36216066530715807
2018-03-12 17:24:00,-0.35053046699994184
2018-03-12 17:27:00,-0.11662370234324726
2018-03-12 17:30:00,-0.29910044244985556
2018-03-12 17:33:00,-0.24669290702155422
2018-03-12 17:36:00,-0.22680928215362428
2018-03-12 17:39:00,-0.31323811467956375
2018-03-12 17:42:00,-0.2721458110502226
2018-03-12 17:45:00,-0.17723839339959113
2018-03-12 17:48:00,-0.36362999007923236
2018-03-12 17:51:00,-0.3189177202544897
2018-03-12 17:54:00,-0.2588820590457317
2018-03-12 17:57:00,-0.0469913223819276
2018-03-12 18:00:00,-0.19484302630257844
2018-03-12 18:03:00,-0.20030002972345073
2018-03-12 18:06:00,-0.1548537861119712
2018-03-12 18:09:00,-0.28686882929298463
2018-03-12 18:12:00,-0.19587500780289702
2018-03-12 18:15:00,-0.26310117499963326
2018-03-12 18:18:00,-0.24922705821239788
2018-03-12 18:21:00,-0.18276418855379006
2018-03-12 18:24:00,-0.2796688525493778
2018-03-12 18:27:00,-0.21103226439674927
2018-03-12 18:30:00,-0.07253780670470178
2018-03-12 18:33:00,-0.2383826822256765
2018-03-12 18:36:00,-0.23906222508702513
2018-03-12 18:39:00,-0.15902716730460043
2018-03-12 18:42:00,-0.1664632265466821
2018-03-12 18:45:00,-0.23072261531098093
2018-03-12 18:48:00,-0.2570342438207831
2018-03-12 18:51:00,-0.2038422162119673
2018-03-12 18:54:00,
2018-03-12 18:57:00,
2018-03-12 19:00:00,
2018-03-12 19:03:00,-0.14867641316226354
2018-03-12 19:06:00,-0.1541729611354299
2018-03-12 19:09:00,-0.03226691782083435
2018-03-12 19:12:00,-0.16885847568556756
2018-03-12 19:15:00,-0.19554853555325735
2018-03-12 19:18:00,-0.11781456168404247
2018-03-12 19:21:00,-0.056339759041691195
2018-03-12 19:24:00,-0.14691231174668928
2018-03-12 19:27:00,-0.053493132397932186
2018-03-12 19:30:00,-0.10608637502633655
2018-03-12 19:33:00,-0.17860067467682939
2018-03-12 19:36:00,-0.10759213685150826
2018-03-12 19:39:00,-0.08202806419421904
2018-03-12 19:42:00,-0.008285136713141128
2018-03-12 19:45:00,-0.03445365153396551
2018-03-12 19:48:00,0.05010852313603209
2018-03-12 19:51:00,-0.03306509694016313
2018-03-12 19:54:00,-0.016347366086677084
2018-03-12 19:57:00,0.024532164874131013
2018-03-12 20:00:00,-0.1801469200782435
2018-03-12 20:03:00,-0.10131036714665242
2018-03-12 20:06:00,-0.03305653836724787
2018-03-12 20:09:00,-0.06352419734957948
2018-03-12 20:12:00,-0.05077840100096864
2018-03-12 20:15:00,-0.023264449330326897
2018-03-12 20:18:00,-0.11571693182361287
2018-03-12 20:21:00,0.021948524356332655
2018-03-12 20:24:00,-0.052317915770913714
2018-03-12 20:27:00,-0.08862664420405508
2018-03-12 20:30:00,-0.03230046702407208
2018-03-12 20:33:00,0.10832377169873553
2018-03-12 20:36:00,-0.007891434093892258
2018-03-12 20:39:00,-0.0006492496202099574
2018-03-12 20:42:00,-0.06895775910857083
2018-03-12 20:45:00,0.07650377461732205
2018-03-12 20:48:00,0.06542437258644895
2018-03-12 20:51:00,-0.07787817851584578
2018-03-12 20:54:00,0.004005189398412767
2018-03-12 20:57:00,0.06819274443546419
2018-03-12 21:00:00,0.006920231688752665
2018-03-12 21:03:00,0.04746813511849268
2018-03-12 21:06:00,0.008866666269341295
2018-03-12 21:09:00,-0.05504819382537107
2018-03-12 21:12:00,0.08332999938647845
2018-03-12 21:15:00,0.10693078886970397
2018-03-12 21:18:00,-0.01625311455126166
2018-03-12 21:21:00,-0.015715601369322485
2018-03-12 21:24:00,0.08356977950461442
2018-03-12 21:27:00,0.06406404332358306
2018-03-12 21:30:00,0.07258079318728505
2018-03-12 21:33:00,0.14251918655367035
2018-03-12 21:36:00,0.07867628780400082
2018-03-12 21:39:00,0.16818366202312518
2018-03-12 21:42:00,0.13797747289044082
2018-03-12 21:45:00,0.012070542616072544
2018-03-12 21:48:00,-0.03137973066498034
2018-03-12 21:51:00,0.022540622671840538
2018-03-12 21:54:00,0.09614214725667125
2018-03-12 21:57:00,0.08001194871980033
2018-03-12 22:00:00,0.04356958327218763
2018-03-12 22:03:00,0.030997575379956288
2018-03-12 22:06:00,0.03051462478413214
2018-03-12 22:09:00,0.013978605713248271
2018-03-12 22:12:00,0.02985977017431196
2018-03-12 22:15:00,0.044230434384587625
2018-03-12 22:18:00,0.08276729367929647
2018-03-12 22:21:00,0.06989666786972748
2018-03-12 22:24:00,0.08602457197383728
2018-03-12 22:27:00,0.0921542635362016
2018-03-12 22:30:00,0.03634543429876658
2018-03-12 22:33:00,-0.011875681473782151
2018-03-12 22:36:00,0.09338701509057046
2018-03-12 22:39:00,0.09156559879227189
2018-03-12 22:42:00,0.07758491519462041
2018-03-12 22:45:00,0.1023072518717072
2018-03-12 22:48:00,0.038830793517774964
2018-03-12 22:51:00,0.10839469720173156
2018-03-12 22:54:00,0.09117813145616083
2018-03-12 22:57:00,0.21939293910321567
2018-03-12 23:00:00,0.20132176825973147
2018-03-12 23:03:00,0.10077912767678754
2018-03-12 23:06:00,0.1337696209131991
2018-03-12 23:09:00,0.13720483551827556
2018-03-12 23:12:00,0.2058746379316858
2018-03-12 23:15:00,0.20345057971513825
2018-03-12 23:18:00,0.28344978088944117
2018-03-12 23:21:00,0.10438113415199268
2018-03-12 23:24:00,0.2684972871754212
2018-03-12 23:27:00,0.22119250790126443
2018-03-12 23:30:00,0.20142992533715187
2018-03-12 23:33:00,0.13184512405285886
2018-03-12 23:36:00,0.22468804618472404
2018-03-12 23:39:00,0.11596310913910202
2018-03-12 23:42:00,0.20011985021136525
2018-03-12 23:45:00,0.08385639906578035
2018-03-12 23:48:00,0.10141428252205742
2018-03-12 23:51:00,0.009663405722903917
2018-03-12 23:54:00,0.09586117005864025
2018-03-12 23:57:00,0.18874897185696682
2018-03-13 00:00:00,0.22915072080087384
2018-03-13 00:03:00,0.13237266646365242
2018-03-13 00:06:00,0.16749496111094686
2018-03-13 00:09:00,0.16653486576075238
2018-03-13 00:12:00,0.12231820995003773
2018-03-13 00:15:00,0.22694188246782687
2018-03-13 00:18:00,0.1640809952717177
2018-03-13 00:21:00,0.11162448608143904
2018-03-13 00:24:00,0.23308232110548488
2018-03-13 00:27:00,0.15597496410725853
2018-03-13 00:30:00,0.27960816557913404
2018-03-13 00:33:00,0.23442524107724694
2018-03-13 00:36:00,0.32607528302162336
2018-03-13 00:39:00,0.12220812585803742
2018-03-13 00:42:00,0.11965024748627684
2018-03-13 00:45:00,0.1252660856739567
2018-03-13 00:48:00,0.1808494391348745
2018-03-13 00:51:00,0.20530078987860634
2018-03-13 00:54:00,0.14648509361478546
2018-03-13 00:57:00,0.1479630776117915
2018-03-13 01:00:00,0.09606027743780032
2018-03-13 01:03:00,0.10228072798201993
2018-03-13 01:06:00,0.17764400881713982
2018-03-13 01:09:00,0.12354805098027555
2018-03-13 01:12:00,0.2749106690751546
2018-03-13 01:15:00,0.2269773907664785
2018-03-13 01:18:00,0.22054624575321213
2018-03-13 01:21:00,0.27273314569225704
2018-03-13 01:24:00,0.2752950061461661
2018-03-13 01:27:00,0.22752483002966528
2018-03-13 01:30:00,0.2139117873913392
2018-03-13 01:33:00,0.26575055249037405
2018-03-13 01:36:00,0.2755870298461218
2018-03-13 01:39:00,0.24053436061058164
2018-03-13 01:42:00,0.216490517956629
2018-03-13 01:45:00,0.21611303028561224
2018-03-13 01:48:00,0.2094741570072074
2018-03-13 01:51:00,0.18339969664828004
2018-03-13 01:54:00,0.20856259753685435
2018-03-13 01:57:00,0.2575372743533535
2018-03-13 02:00:00,0.1981941897590218
2018-03-13 02:03:00,0.21999182444176313
2018-03-13 02:06:00,0.2361653832259094
2018-03-13 02:09:00,0.17791335068159242
2018-03-13 02:12:00,0.29961026341879915
2018-03-13 02:15:00,0.14432451182960904
2018-03-13 02:18:00,0.3610980265057151
2018-03-13 02:21:00,0.26128551676970346
2018-03-13 02:24:00,0.3182376979308401
2018-03-13 02:27:00,0.2752399279638098
2018-03-13 02:30:00,0.2510834122849701
2018-03-13 02:33:00,0.2833691593691583
2018-03-13 02:36:00,0.34774829146596176
2018-03-13 02:39:00,0.2455814916734198
2018-03-13 02:42:00,0.2847252677247525
2018-03-13 02:45:00,0.2454684806426144
2018-03-13 02:48:00,0.2813939251253146
2018-03-13 02:51:00,0.2768779263257102
2018-03-13 02:54:00,0.17299028626320023
2018-03-13 02:57:00,0.2948847492116897
2018-03-13 03:00:00,0.2482117503675454
2018-03-13 03:03:00,0.294661262540842
2018-03-13 03:06:00,0.15370694767386794
2018-03-13 03:09:00,0.2799370927372138
2018-03-13 03:12:00,0.3638460444717566
2018-03-13 03:15:00,0.4609863629366373
2018-03-13 03:18:00,0.20448400527141075
2018-03-13 03:21:00,0.2824665906063615
2018-03-13 03:24:00,0.24578512185877344
2018-03-13 03:27:00,0.18051768431081427
2018-03-13 03:30:00,0.1008223131746604
2018-03-13 03:33:00,0.33055653825789477
2018-03-13 03:36:00,0.23189540863205593
2018-03-13 03:39:00,0.1512590840438861
2018-03-13 03:42:00,0.25807722046874915
2018-03-13 03:45:00,0.25928567697866356
2018-03-13 03:48:00,0.27583597483788935
2018-03-13 03:51:00,0.3083960949634843
2018-03-13 03:54:00,0.3335559590462367
2018-03-13 03:57:00,0.31643584700407246
2018-03-13 04:00:00,0.24730732996385996
2018-03-13 04:03:00,0.25503028471729294
2018-03-13 04:06:00,0.17208287595002503
2018-03-13 04:09:00,0.3561277543797132
2018-03-13 04:12:00,0.21945473506008284
2018-03-13 04:15:00,0.2894166660277051
2018-03-13 04:18:00,0.31897236902153736
2018-03-13 04:21:00,0.22389525048617998
2018-03-13 04:24:00,0.2996100114957585
2018-03-13 04:27:00,0.31612833166371956
2018-03-13 04:30:00,0.35490470986144373
2018-03-13 04:33:00,0.416920599611899
2018-03-13 04:36:00,0.412406679889898
2018-03-13 04:39:00,0.3238502685385356
2018-03-13 04:42:00,0.32696610336176946
2018-03-13 04:45:00,0.29993795215648333
2018-03-13 04:48:00,0.31892605506118343
2018-03-13 04:51:00,0.2685195987365887
2018-03-13 04:54:00,0.258753410697409
2018-03-13 04:57:00,0.2719652592366515
2018-03-13 05:00:00,0.2645284143301865
2018-03-13 05:03:00,0.3576402431201018
2018-03-13 05:06:00,0.3261446940448991
2018-03-13 05:09:00,0.4090170912911617
2018-03-13 05:12:00,0.3507422803988902
2018-03-13 05:15:00,0.3661167991801335
2018-03-13 05:18:00,0.40316271664693204
2018-03-13 05:21:00,0.3820584090655075
2018-03-13 05:24:00,0.43451267223508694
2018-03-13 05:27:00,0.27614685827848007
2018-03-13 05:30:00,0.3816172579576005
2018-03-13 05:33:00,0.25433872360059695
2018-03-13 05:36:00,0.3850341097019623
2018-03-13 05:39:00,0.39653170014923944
2018-03-13 05:42:00,0.24516059458568407
2018-03-13 05:45:00,0.2849564087487124
2018-03-13 05:48:00,0.18605530850072682
2018-03-13 05:51:00,0.3550286937667124
2018-03-13 05:54:00,0.2617874776188387
2018-03-13 05:57:00,0.21442309232605794
2018-03-13 06:00:00,0.32766628358695016
2018-03-13 06:03:00,0.3117255291818424
2018-03-13 06:06:00,0.3071507715241637
2018-03-13 06:09:00,0.32709676902425144
2018-03-13 06:12:00,0.19099416108883815
2018-03-13 06:15:00,0.24229698366883667
2018-03-13 06:18:00,0.31867641907064126
2018-03-13 06:21:00,0.287740970072889
2018-03-13 06:24:00,0.3285659720663716
2018-03-13 06:27:00,0.4278270304060925
2018-03-13 06:30:00,0.3904569796484907
2018-03-13 06:33:00,0.3359074494024412
2018-03-13 06:36:00,0.45487050526276107
2018-03-13 06:39:00,0.3834717552753091
2018-03-13 06:42:00,0.4020215304137764
2018-03-13 06:45:00,0.4114816483273671
2018-03-13 06:48:00,0.38579705398990427
2018-03-13 06:51:00,0.3248493674748829
2018-03-13 06:54:00,0.331791909786034
2018-03-13 06:57:00,0.37931768716373426
2018-03-13 07:00:00,0.4329246821538959
2018-03-13 07:03:00,0.3345973564951805
2018-03-13 07:06:00,0.382636942955628
2018-03-13 07:09:00,0.2681486138819196
2018-03-13 07:12:00,0.32683029708874756
2018-03-13 07:15:00,0.38373568861686636
2018-03-13 07:18:00,0.22719292652601553
2018-03-13 07:21:00,0.3847607339404817
2018-03-13 07:24:00,0.3280253915059461
2018-03-13 07:27:00,0.3501959673397437
2018-03-13 07:30:00,0.4118339378669589
2018-03-13 07:33:00,0.3877423510839435
2018-03-13 07:36:00,0.4816473243621431
2018-03-13 07:39:00,0.5133283346120265
2018-03-13 07:42:00,0.5574497306772628
2018-03-13 07:45:00,0.5314576391240848
2018-03-13 07:48:00,0.4067236600218962
2018-03-13 07:51:00,0.562336892516214
2018-03-13 07:54:00,0.40336027400843477
2018-03-13 07:57:00,0.4094003773599866
2018-03-13 08:00:00,0.3662474063714285
2018-03-13 08:03:00,0.3808263172880402
2018-03-13 08:06:00,0.3157943448443348
2018-03-13 08:09:00,0.3273969978483251
2018-03-13 08:12:00,0.4791134020779282
2018-03-13 08:15:00,0.26108047703536386
2018-03-13 08:18:00,0.2725937864860839
2018-03-13 08:21:00,0.25160019063389427
2018-03-13 08:24:00,0.18131113743100968
2018-03-13 08:27:00,0.2789954408498829
2018-03-13 08:30:00,0.23629314528773193
2018-03-13 08:33:00,0.22752197703448473
2018-03-13 08:36:00,0.2163856951173102
2018-03-13 08:39:00,0.28879940168940266
2018-03-13 08:42:00,0.36651941227347606
2018-03-13 08:45:00,0.44472282781521244
2018-03-13 08:48:00,0.3080138955628513
2018-03-13 08:51:00,0.32134337760260223
2018-03-13 08:54:00,0.3408538717997658
2018-03-13 08:57:00,0.39762662810704796
2018-03-13 09:00:00,0.22568222821632844
2018-03-13 09:03:00,0.3768940109968071
2018-03-13 09:06:00,0.23002802440697678
2018-03-13 09:09:00,0.17029128923991266
2018-03-13 09:12:00,0.258095206227722
2018-03-13 09:15:00,0.2511907993444993
2018-03-13 09:18:00,0.3948401398913006
2018-03-13 09:21:00,0.3095647655633229
2018-03-13 09:24:00,0.3023389195961954
2018-03-13 09:27:00,0.3528610609567977
2018-03-13 09:30:00,0.43226577024489643
2018-03-13 09:33:00,0.32150139100451725
2018-03-13 09:36:00,0.2517053811512824
2018-03-13 09:39:00,0.3365022310658219
2018-03-13 09:42:00,0.20398864021041163
2018-03-13 09:45:00,0.18096100056197884
2018-03-13 09:48:00,0.2474400969062458
2018-03-13 09:51:00,0.21169950333614906
2018-03-13 09:54:00,0.2971083888363637
2018-03-13 09:57:00,0.38703552512038186
2018-03-13 10:00:00,0.3385630823530619
2018-03-13 10:03:00,0.2313633692529038
2018-03-13 10:06:00,0.2987375146825002
2018-03-13 10:09:00,0.29502495288750197
2018-03-13 10:12:00,0.24410130957630827
2018-03-13 10:15:00,0.24897488414995905
2018-03-13 10:18:00,0.17268534259733315
2018-03-13 10:21:00,0.29295866483477084
2018-03-13 10:24:00,0.12508675740514263
2018-03-13 10:27:00,0.1820369857112496
2018-03-13 10:30:00,0.11180161394270272
2018-03-13 10:33:00,0.2428381193392397
2018-03-13 10:36:00,0.1915442337651143
2018-03-13 10:39:00,0.0939444397959619
2018-03-13 10:42:00,0.055536301786730746
2018-03-13 10:45:00,0.18958837090116276
2018-03-13 10:48:00,0.17992919147820885
2018-03-13 10:51:00,0.14962574765615955
2018-03-13 10:54:00,0.11700804715269442
2018-03-13 10:57:00,0.21299438003120486
2018-03-13 11:00:00,0.05934346026492676
2018-03-13 11:03:00,0.0980042096315401
2018-03-13 11:06:00,0.10139381190953145
2018-03-13 11:09:00,0.06651126512309702
2018-03-13 11:12:00,0.07105756187274892
2018-03-13 11:15:00,0.02849757483522808
2018-03-13 11:18:00,-0.07241564076298346
2018-03-13 11:21:00,0.0891751926490656
2018-03-13 11:24:00,0.07451628733133475
2018-03-13 11:27:00,0.06640070266541898
2018-03-13 11:30:00,0.01413557811042665
2018-03-13 11:33:00,-0.049166060540414946
2018-03-13 11:36:00,-0.03864159626482433
2018-03-13 11:39:00,-0.006938880370512379
2018-03-13 11:42:00,-0.03941243444853626
2018-03-13 11:45:00,-0.030609421515919166
2018-03-13 11:48:00,0.02515431902617138
2018-03-13 11:51:00,-0.029533442390800246
2018-03-13 11:54:00,0.06836098635574217
2018-03-13 11:57:00,0.08122683570462641
2018-03-13 12:00:00,0.01482484608749246
2018-03-13 12:03:00,-0.05840043470078626
2018-03-13 12:06:00,-0.13201355736168807
2018-03-13 12:09:00,-0.2135966180156288
2018-03-13 12:12:00,-0.10253450500727013
2018-03-13 12:15:00,0.0354192857586213
2018-03-13 12:18:00,-0.034990466878696225
2018-03-13 12:21:00,-0.018371077511062595
2018-03-13 12:24:00,-0.10536115614047503
2018-03-13 12:27:00,-0.10354713889086042
2018-03-13 12:30:00,-0.02869066958686517
2018-03-13 12:33:00,-0.16935591017579554
2018-03-13 12:36:00,-0.1748731753662014
2018-03-13 12:39:00,-0.018354601127782644
2018-03-13 12:42:00,-0.10719883494886062
2018-03-13 12:45:00,-0.01782720417696737
2018-03-13 12:48:00,-0.15253920973947288
2018-03-13 12:51:00,-0.04996480710093465
2018-03-13 12:54:00,-0.11567745587973377
2018-03-13 12:57:00,-0.1333514556578166
2018-03-13 13:00:00,-0.07035373997968009
2018-03-13 13:03:00,-0.1412799205189117
2018-03-13 13:06:00,-0.13157414541717571
2018-03-13 13:09:00,-0.10367129987798762
2018-03-13 13:12:00,-0.10476624147321445
2018-03-13 13:15:00,-0.07256641295276722
2018-03-13 13:18:00,-0.070730485922752
2018-03-13 13:21:00,-0.055592724301618546
2018-03-13 13:24:00,-0.06202419504467116
2018-03-13 13:27:00,0.06012753212394273
2018-03-13 13:30:00,-0.009398774631392826
2018-03-13 13:33:00,-0.019318499955033985
2018-03-13 13:36:00,0.01116707204391787
2018-03-13 13:39:00,0.08429600771444257
2018-03-13 13:42:00,-0.04539952453274054
2018-03-13 13:45:00,0.09335426015525172
2018-03-13 13:48:00,0.0686306284412126
2018-03-13 13:51:00,0.013521016381105255
2018-03-13 13:54:00,0.05854208467752642
2018-03-13 13:57:00,-0.12975491299943087
2018-03-13 14:00:00,-0.18868789865092594
2018-03-13 14:03:00,-0.1307829098620914
2018-03-13 14:06:00,-0.1557121897095044
2018-03-13 14:09:00,-0.03561217594796062
2018-03-13 14:12:00,-0.10443548353521237
2018-03-13 14:15:00,-0.1417376684504461
2018-03-13 14:18:00,-0.2339224085471301
2018-03-13 14:21:00,-0.05517225334375553
2018-03-13 14:24:00,-0.1118198579740124
2018-03-13 14:27:00,-0.10115862105584483
2018-03-13 14:30:00,-0.017203251879834625
2018-03-13 14:33:00,-0.07155214556729561
2018-03-13 14:36:00,-0.08563084415328603
2018-03-13 14:39:00,-0.07429459678706962
2018-03-13 14:42:00,-0.13281575479584262
2018-03-13 14:45:00,-0.08882692681288518
2018-03-13 14:48:00,-0.12629237293958795
2018-03-13 14:51:00,-0.07261896094644271
2018-03-13 14:54:00,-0.03722405041264665
2018-03-13 14:57:00,-0.1313115245015979
2018-03-13 15:00:00,-0.10503868767898439
2018-03-13 15:03:00,-0.11382905368441243
2018-03-13 15:06:00,0.034843564404184235
2018-03-13 15:09:00,-0.14602412121689667
2018-03-13 15:12:00,-0.24536677178974742
2018-03-13 15:15:00,-0.029374196518347162
2018-03-13 15:18:00,-0.010343810013637267
2018-03-13 15:21:00,-0.04987485864290875
2018-03-13 15:24:00,-0.09591631313310245
2018-03-13 15:27:00,-0.2779429981883368
2018-03-13 15:30:00,-0.16973588029975417
2018-03-13 15:33:00,-0.10801399760197228
2018-03-13 15:36:00,-0.13993422681232914
2018-03-13 15:39:00,-0.05061490963879578
2018-03-13 15:42:00,-0.037065948971871876
2018-03-13 15:45:00,-0.09997023737275867
2018-03-13 15:48:00,-0.11529384304162704
2018-03-13 15:51:00,-0.07667160959624653
2018-03-13 15:54:00,-0.12761440604651852
2018-03-13 15:57:00,-0.10333814020498266
2018-03-13 16:00:00,-0.1870294595429982
2018-03-13 16:03:00,-0.1537977926453209
2018-03-13 16:06:00,-0.257638804863916
2018-03-13 16:09:00,-0.20867976081291317
2018-03-13 16:12:00,-0.24050466773798007
2018-03-13 16:15:00,-0.18397200423709137
2018-03-13 16:18:00,-0.24285738689832215
2018-03-13 16:21:00,-0.09902748489480473
2018-03-13 16:24:00,-0.08011946547424031
2018-03-13 16:27:00,-0.2786939348381452
2018-03-13 16:30:00,-0.23543342670433276
2018-03-13 16:33:00,-0.13706226366076635
2018-03-13 16:36:00,-0.09843700168431724
2018-03-13 16:39:00,-0.1911494489174288
2018-03-13 16:42:00,-0.2094085315244456
2018-03-13 16:45:00,-0.21613057366732846
2018-03-13 16:48:00,-0.22424179186515403
2018-03-13 16:51:00,-0.17004648059042893
2018-03-13 16:54:00,-0.3008991545688673
2018-03-13 16:57:00,-0.15520598598948254
2018-03-13 17:00:00,-0.13842941632003658
2018-03-13 17:03:00,-0.13473615260699034
2018-03-13 17:06:00,-0.2190312824431544
2018-03-13 17:09:00,-0.07783462033950173
2018-03-13 17:12:00,-0.08890561148893994
2018-03-13 17:15:00,-0.16301576081360736
2018-03-13 17:18:00,-0.1579048681692825
2018-03-13 17:21:00,-0.1902824984462086
2018-03-13 17:24:00,-0.16582683829267353
2018-03-13 17:27:00,-0.06998621319257836
2018-03-13 17:30:00,-0.12918504747591442
2018-03-13 17:33:00,-0.19861715910531075
2018-03-13 17:36:00,-0.013280889780105554
2018-03-13 17:39:00,-0.11861429850824834
2018-03-13 17:42:00,-0.09689766621949047
2018-03-13 17:45:00,-0.04569813298843428
2018-03-13 17:48:00,-0.11529759593349809
2018-03-13 17:51:00,-0.10704248181218645
2018-03-13 17:54:00,-0.050752784809617424
2018-03-13 17:57:00,-0.10833555442746956
2018-03-13 18:00:00,-0.10094681563856511
2018-03-13 18:03:00,-0.09597244995660503
2018-03-13 18:06:00,0.026829220393096875
2018-03-13 18:09:00,-0.04844939135978166
2018-03-13 18:12:00,-0.08450844270504376
2018-03-13 18:15:00,-0.14225820658884913
2018-03-13 18:18:00,-0.05875849173730785
2018-03-13 18:21:00,-0.09545740975204353
2018-03-13 18:24:00,-0.04691174127106024
2018-03-13 18:27:00,0.02495943968034453
2018-03-13 18:30:00,0.03157143344645874
2018-03-13 18:33:00,0.0519188216911175
2018-03-13 18:36:00,-0.1262378072498791
2018-03-13 18:39:00,-0.016734763976273825
2018-03-13 18:42:00,-0.0009992281763402389
2018-03-13 18:45:00,0.06905315297649395
2018-03-13 18:48:00,0.021352551456288893
2018-03-13 18:51:00,-0.07161444703916686
2018-03-13 18:54:00,
2018-03-13 18:57:00,
2018-03-13 19:00:00,
2018-03-13 19:03:00,0.08433231981632616
2018-03-13 19:06:00,-0.08632947984142447
2018-03-13 19:09:00,0.023598103512995294
2018-03-13 19:12:00,0.07874304840322566
2018-03-13 19:15:00,0.02538727527229412
2018-03-13 19:18:00,0.04010697298502919
2018-03-13 19:21:00,-0.02298278188754921
2018-03-13 19:24:00,0.05143000581517754
2018-03-13 19:27:00,0.0018903653321444835
2018-03-13 19:30:00,0.046006187167336066
2018-03-13 19:33:00,0.03178755331617822
2018-03-13 19:36:00,0.02323409424707279
2018-03-13 19:39:00,0.023961331156669985
2018-03-13 19:42:00,0.11591811976717281
2018-03-13 19:45:00,0.09127284688906911
2018-03-13 19:48:00,0.11906457720738217
2018-03-13 19:51:00,0.036424813338953754
2018-03-13 19:54:00,-0.005570605732486911
2018-03-13 19:57:00,0.01921137056791622
2018-03-13 20:00:00,0.058300786584879916
2018-03-13 20:03:00,0.010477422613064391
2018-03-13 20:06:00,0.11710008785865966
2018-03-13 20:09:00,0.1190898908004101
2018-03-13 20:12:00,0.20827301185613578
2018-03-13 20:15:00,0.1294529154981774
2018-03-13 20:18:00,0.2311539930352069
2018-03-13 20:21:00,0.0677563619529451
2018-03-13 20:24:00,0.05250345347951679
2018-03-13 20:27:00,0.22546288460694086
2018-03-13 20:30:00,0.17899747912116482
2018-03-13 20:33:00,0.19266158483776508
2018-03-13 20:36:00,0.28429129735224024
2018-03-13 20:39:00,0.2947801210265766
2018-03-13 20:42:00,0.29414089577090863
2018-03-13 20:45:00,0.11867343771700689
2018-03-13 20:48:00,0.16437405604699507
2018-03-13 20:51:00,0.10491124127946705
2018-03-13 20:54:00,0.23768328545764916
2018-03-13 20:57:00,0.16713538301780773
2018-03-13 21:00:00,0.1631847515635627
2018-03-13 21:03:00,0.20990302204722866
2018-03-13 21:06:00,0.17583032516313324
2018-03-13 21:09:00,0.2581191542005854
2018-03-13 21:12:00,0.21888179186993284
2018-03-13 21:15:00,0.17517274622576906
2018-03-13 21:18:00,0.24596111275303656
2018-03-13 21:21:00,0.15799204284758162
2018-03-13 21:24:00,0.16428254934061215
2018-03-13 21:27:00,0.24089821651978127
2018-03-13 21:30:00,0.2781751322160062
2018-03-13 21:33:00,0.3247705476144347
2018-03-13 21:36:00,0.19800639413944054
2018-03-13 21:39:00,0.1732580250220508
2018-03-13 21:42:00,0.13730224884488962
2018-03-13 21:45:00,0.1696962920794931
2018-03-13 21:48:00,0.14733802361627113
2018-03-13 21:51:00,0.1837002230621465
2018-03-13 21:54:00,0.13728589816616932
2018-03-13 21:57:00,0.15913228218124686
2018-03-13 22:00:00,0.21985063666960514
2018-03-13 22:03:00,0.24792480042066245
2018-03-13 22:06:00,0.24852115063583824
2018-03-13 22:09:00,0.22439459207106438
2018-03-13 22:12:00,0.2036165226846265
2018-03-13 22:15:00,0.15745114991079845
2018-03-13 22:18:00,0.30263715745292075
2018-03-13 22:21:00,0.17606755192304036
2018-03-13 22:24:00,0.25039670226925637
2018-03-13 22:27:00,0.3793943706459686
2018-03-13 22:30:00,0.17452623067902095
2018-03-13 22:33:00,0.24126176259977683
2018-03-13 22:36:00,0.27938188794223606
2018-03-13 22:39:00,0.3334744485044894
2018-03-13 22:42:00,0.3264526340912539
2018-03-13 22:45:00,0.3300039990108985
2018-03-13 22:48:00,0.4403054105911224
2018-03-13 22:51:00,0.2508613580261567
2018-03-13 22:54:00,0.2502326321343844
2018-03-13 22:57:00,0.22620003403795863
2018-03-13 23:00:00,0.29339367357351875
2018-03-13 23:03:00,0.10327428390223758
2018-03-13 23:06:00,0.22969280465758857
2018-03-13 23:09:00,0.20929157685486643
2018-03-13 23:12:00,0.16219782014059092
2018-03-13 23:15:00,0.24887229278465384
2018-03-13 23:18:00,0.27962537395040954
2018-03-13 23:21:00,0.24824880944805727
2018-03-13 23:24:00,0.23703430647043433
2018-03-13 23:27:00,0.2785798732929834
2018-03-13 23:30:00,0.3529574610616919
2018-03-13 23:33:00,0.20630809792862692
2018-03-13 23:36:00,0.21968583432601463
2018-03-13 23:39:00,0.2612748487608201
2018-03-13 23:42:00,0.33015402528349114
2018-03-13 23:45:00,0.2915324132941919
2018-03-13 23:48:00,0.26743234049706643
2018-03-13 23:51:00,0.28020947678919583
2018-03-13 23:54:00,0.23096642124136224
2018-03-13 23:57:00,0.24583696285088763
2018-03-14 00:00:00,0.23787369665308233
2018-03-14 00:03:00,0.22950762716993722
2018-03-14 00:06:00,0.3040944900671434
2018-03-14 00:09:00,0.21854817291438167
2018-03-14 00:12:00,0.24409309277126567
2018-03-14 00:15:00,0.2885635570992804
2018-03-14 00:18:00,0.2305466293901759
2018-03-14 00:21:00,0.3298516339842763
2018-03-14 00:24:00,0.23028995464414947
2018-03-14 00:27:00,0.23752765122128494
2018-03-14 00:30:00,0.3290419534044986
2018-03-14 00:33:00,0.3420074030978526
2018-03-14 00:36:00,0.20327359656118915
2018-03-14 00:39:00,0.33286080067949797
2018-03-14 00:42:00,0.2858226310041232
2018-03-14 00:45:00,0.3139100752760555
2018-03-14 00:48:00,0.2955055356961225
2018-03-14 00:51:00,0.2445041404232029
2018-03-14 00:54:00,0.21910156866113084
2018-03-14 00:57:00,0.07700000161128173
2018-03-14 01:00:00,0.2741434739359079
2018-03-14 01:03:00,0.19413219276606242
2018-03-14 01:06:00,0.4568260146452303
2018-03-14 01:09:00,0.2896839226983161
2018-03-14 01:12:00,0.15380498350845073
2018-03-14 01:15:00,0.2313299665283921
2018-03-14 01:18:00,0.32396632157093563
2018-03-14 01:21:00,0.39078648013503425
2018-03-14 01:24:00,0.33801457572741356
2018-03-14 01:27:00,0.3606153494964701
2018-03-14 01:30:00,0.4055300976608578
2018-03-14 01:33:00,0.332581470633329
2018-03-14 01:36:00,0.3244088057837189
2018-03-14 01:39:00,0.40538321557448853
2018-03-14 01:42:00,0.30495841207908825
2018-03-14 01:45:00,0.24923124905615168
2018-03-14 01:48:00,0.31140915644101597
2018-03-14 01:51:00,0.3082659300160344
2018-03-14 01:54:00,0.3248026523884846
2018-03-14 01:57:00,0.27456642704351
2018-03-14 02:00:00,0.4187456815346877
2018-03-14 02:03:00,0.3332828248238684
2018-03-14 02:06:00,0.207569963845458
2018-03-14 02:09:00,0.21661928027907607
2018-03-14 02:12:00,0.34916825325763057
2018-03-14 02:15:00,0.3965246852355335
2018-03-14 02:18:00,0.3543497368822841
2018-03-14 02:21:00,0.293775452669081
2018-03-14 02:24:00,0.304788431514055
2018-03-14 02:27:00,0.2722604734975107
2018-03-14 02:30:00,0.3168718841295117
2018-03-14 02:33:00,0.30563331168605146
2018-03-14 02:36:00,0.2944028268636316
2018-03-14 02:39:00,0.3086494114373295
2018-03-14 02:42:00,0.26262958311730245
2018-03-14 02:45:00,0.4344751084735208
2018-03-14 02:48:00,0.4217993454898874
2018-03-14 02:51:00,0.3097518488925175
2018-03-14 02:54:00,0.3796079493571938
2018-03-14 02:57:00,0.48327962810657255
2018-03-14 03:00:00,0.3789771984570507
2018-03-14 03:03:00,0.3428776205388999
2018-03-14 03:06:00,0.3802872425659416
2018-03-14 03:09:00,0.35601416725944546
2018-03-14 03:12:00,0.3983230825460282
2018-03-14 03:15:00,0.44516897789441146
2018-03-14 03:18:00,0.3844119961684669
2018-03-14 03:21:00,0.3685392129779643
2018-03-14 03:24:00,0.31121112201520873
2018-03-14 03:27:00,0.39672974585653265
2018-03-14 03:30:00,0.3640909758158841
2018-03-14 03:33:00,0.40503376561883897
2018-03-14 03:36:00,0.3900087622003525
2018-03-14 03:39:00,0.3556965577098481
2018-03-14 03:42:00,0.39321208777261063
2018-03-14 03:45:00,0.4747979623809897
2018-03-14 03:48:00,0.39263052628359674
2018-03-14 03:51:00,0.4018951701948481
2018-03-14 03:54:00,0.43212751868662735
2018-03-14 03:57:00,0.4473185411993086
2018-03-14 04:00:00,0.38678517014693625
2018-03-14 04:03:00,0.4384031215202526
2018-03-14 04:06:00,0.518833122214005
2018-03-14 04:09:00,0.4217600453922614
2018-03-14 04:12:00,0.4811345723983891
2018-03-14 04:15:00,0.4368255368972882
2018-03-14 04:18:00,0.31670595113325817
2018-03-14 04:21:00,0.4483876080183222
2018-03-14 04:24:00,0.29017112848288207
2018-03-14 04:27:00,0.4053672847347798
2018-03-14 04:30:00,0.360746300402468
2018-03-14 04:33:00,0.3885494206894009
2018-03-14 04:36:00,0.36387807404940986
2018-03-14 04:39:00,0.3767400497995368
2018-03-14 04:42:00,0.49524895723379814
2018-03-14 04:45:00,0.602218028440177
2018-03-14 04:48:00,0.4218261714130449
2018-03-14 04:51:00,0.2901945509049142
2018-03-14 04:54:00,0.4712920702205565
2018-03-14 04:57:00,0.45967793036402327
2018-03-14 05:00:00,0.5271835331858483
2018-03-14 05:03:00,0.446271779706251
2018-03-14 05:06:00,0.4382006758585817
2018-03-14 05:09:00,0.38829669294989344
2018-03-14 05:12:00,0.41203337388174077
2018-03-14 05:15:00,0.3766606470078955
2018-03-14 05:18:00,0.39587424286310124
2018-03-14 05:21:00,0.4246678078039281
2018-03-14 05:24:00,0.3377903712607804
2018-03-14 05:27:00,0.4712848147268005
2018-03-14 05:30:00,0.2915677679291093
2018-03-14 05:33:00,0.22755385582831877
2018-03-14 05:36:00,0.40127334050640684
2018-03-14 05:39:00,0.40990357994462556
2018-03-14 05:42:00,0.37780724245050123
2018-03-14 05:45:00,0.5046014352944894
2018-03-14 05:48:00,0.4460859593513078
2018-03-14 05:51:00,0.41580068737067677
2018-03-14 05:54:00,0.38592755238352083
2018-03-14 05:57:00,0.3289705918724053
2018-03-14 06:00:00,0.3866273978005097
2018-03-14 06:03:00,0.3123199829148575
2018-03-14 06:06:00,0.4215420349385681
2018-03-14 06:09:00,0.41329378156990515
2018-03-14 06:12:00,0.37813561419841335
2018-03-14 06:15:00,0.3865050008363369
2018-03-14 06:18:00,0.3022198671502565
2018-03-14 06:21:00,0.29436130321545306
2018-03-14 06:24:00,0.37550319895200346
2018-03-14 06:27:00,0.35657832961237546
2018-03-14 06:30:00,0.3767125883925928
2018-03-14 06:33:00,0.26936218336550155
2018-03-14 06:36:00,0.39219331113508815
2018-03-14 06:39:00,0.28552125693698827
2018-03-14 06:42:00,0.33306706235327965
2018-03-14 06:45:00,0.38639369665418144
2018-03-14 06:48:00,0.3784406196437544
2018-03-14 06:51:00,0.3648155638177286
2018-03-14 06:54:00,0.35917864157471513
2018-03-14 06:57:00,0.40529202409123855
2018-03-14 07:00:00,0.36565933877199086
2018-03-14 07:03:00,0.4007244098667684
2018-03-14 07:06:00,0.3578410919024009
2018-03-14 07:09:00,0.3462632143038036
2018-03-14 07:12:00,0.4552965017908832
2018-03-14 07:15:00,0.29330858193833365
2018-03-14 07:18:00,0.3071028557935165
2018-03-14 07:21:00,0.30578705568143505
2018-03-14 07:24:00,0.2178437390479644
2018-03-14 07:27:00,0.1730265783409095
2018-03-14 07:30:00,0.1670080311388915
2018-03-14 07:33:00,0.22873557158357016
2018-03-14 07:36:00,0.3004306052404786
2018-03-14 07:39:00,0.17660134804992822
2018-03-14 07:42:00,0.17922724303406312
2018-03-14 07:45:00,0.21064786371476885
2018-03-14 07:48:00,0.2591487593150532
2018-03-14 07:51:00,0.2125837217108142
2018-03-14 07:54:00,0.24098157870992054
2018-03-14 07:57:00,0.24239489392653013
2018-03-14 08:00:00,0.2866021453549479
2018-03-14 08:03:00,0.2093181350273312
2018-03-14 08:06:00,0.12528864037494714
2018-03-14 08:09:00,0.2754202474645808
2018-03-14 08:12:00,0.26054180338297783
2018-03-14 08:15:00,0.1548092727497874
2018-03-14 08:18:00,0.18402183290714902
2018-03-14 08:21:00,0.2183012752981881
2018-03-14 08:24:00,0.23737045997802397
2018-03-14 08:27:00,0.1770573083829845
2018-03-14 08:30:00,0.1954197044804573
2018-03-14 08:33:00,0.06765138064207576
2018-03-14 08:36:00,0.09013297287287969
2018-03-14 08:39:00,0.05406609448209565
2018-03-14 08:42:00,0.08875772135974103
2018-03-14 08:45:00,0.054046381811986066
2018-03-14 08:48:00,0.02930271818223673
2018-03-14 08:51:00,0.07928564264955185
2018-03-14 08:54:00,0.14729826778699362
2018-03-14 08:57:00,0.06082491296689341
2018-03-14 09:00:00,0.09686914469062913
2018-03-14 09:03:00,0.1365904564727316
2018-03-14 09:06:00,0.05108651307665468
2018-03-14 09:09:00,0.18199170293269162
2018-03-14 09:12:00,0.1736535689697689
2018-03-14 09:15:00,0.21373904567849422
2018-03-14 09:18:00,0.24560451569959696
2018-03-14 09:21:00,0.08637708326943994
2018-03-14 09:24:00,0.00024456880532852665
2018-03-14 09:27:00,0.10106899566022776
2018-03-14 09:30:00,0.1533852138766747
2018-03-14 09:33:00,0.024171672264742483
2018-03-14 09:36:00,0.04813235130035309
2018-03-14 09:39:00,-0.014241375861217875
2018-03-14 09:42:00,0.016544339810877773
2018-03-14 09:45:00,-0.10899681568378128
2018-03-14 09:48:00,-0.1228223076821564
2018-03-14 09:51:00,-0.04365690289955637
2018-03-14 09:54:00,-0.03619469432516098
2018-03-14 09:57:00,-0.025293267076392567
2018-03-14 10:00:00,0.04798083504516626
2018-03-14 10:03:00,-0.08829835203243874
2018-03-14 10:06:00,-0.054095216413259095
2018-03-14 10:09:00,-0.029635819646898653
2018-03-14 10:12:00,0.01241017089739671
2018-03-14 10:15:00,0.07394007662173863
2018-03-14 10:18:00,0.0066659869465865995
2018-03-14 10:21:00,-0.06315608547737384
2018-03-14 10:24:00,-0.09942511414158162
2018-03-14 10:27:00,-0.041476068484541884
2018-03-14 10:30:00,0.05265096255851631
2018-03-14 10:33:00,0.0859372656283881
2018-03-14 10:36:00,-0.04772920826593463
2018-03-14 10:39:00,-0.1064175803654166
2018-03-14 10:42:00,0.04255795463461709
2018-03-14 10:45:00,-0.11709314778295266
2018-03-14 10:48:00,0.014961942828108477
2018-03-14 10:51:00,0.021159445029923063
2018-03-14 10:54:00,-0.013374508011338548
2018-03-14 10:57:00,-0.20256201747821478
2018-03-14 11:00:00,-0.12191472145468651
2018-03-14 11:03:00,-0.06510946859390287
2018-03-14 11:06:00,-0.08518219890271439
2018-03-14 11:09:00,0.061277366803665245
2018-03-14 11:12:00,0.01982486291734631
2018-03-14 11:15:00,-0.08214505412178141
2018-03-14 11:18:00,-0.1261938640379867
2018-03-14 11:21:00,-0.24940474889012876
2018-03-14 11:24:00,-0.11148052340297454
2018-03-14 11:27:00,-0.018278826617859067
2018-03-14 11:30:00,0.02022044443606319
2018-03-14 11:33:00,-0.10008824358624224
2018-03-14 11:36:00,-0.1388834582975278
2018-03-14 11:39:00,-0.25672181838473307
2018-03-14 11:42:00,-0.17276589497134864
2018-03-14 11:45:00,-0.1650732592222539
2018-03-14 11:48:00,-0.07438202762438095
2018-03-14 11:51:00,-0.09641860559156612
2018-03-14 11:54:00,-0.19178975669996134
2018-03-14 11:57:00,-0.21824086001470278
2018-03-14 12:00:00,-0.11048765682977546
2018-03-14 12:03:00,-0.16024905121150823
2018-03-14 12:06:00,-0.18108652114284496
2018-03-14 12:09:00,-0.1553837774256408
2018-03-14 12:12:00,-0.06854746768385667
2018-03-14 12:15:00,-0.26522640909752226
2018-03-14 12:18:00,-0.24204089877031265
2018-03-14 12:21:00,-0.17594127529713433
2018-03-14 12:24:00,-0.23541987255299546
2018-03-14 12:27:00,-0.21636926492237762
2018-03-14 12:30:00,-0.1404388786546633
2018-03-14 12:33:00,-0.32957216036299997
2018-03-14 12:36:00,-0.17106008403862916
2018-03-14 12:39:00,-0.21082708817596085
2018-03-14 12:42:00,-0.23399638729580374
2018-03-14 12:45:00,-0.3092488259042625
2018-03-14 12:48:00,-0.29075505309782557
2018-03-14 12:51:00,-0.2872135113205445
2018-03-14 12:54:00,-0.30485957393227636
2018-03-14 12:57:00,-0.20309428942573504
2018-03-14 13:00:00,-0.29699675407772475
2018-03-14 13:03:00,-0.37075213807810314
2018-03-14 13:06:00,-0.4313180004768924
2018-03-14 13:09:00,-0.29936762806079287
2018-03-14 13:12:00,-0.40807162973561617
2018-03-14 13:15:00,-0.231992680895587
2018-03-14 13:18:00,-0.44040129215164825
2018-03-14 13:21:00,-0.30287812655677726
2018-03-14 13:24:00,-0.31813333237181496
2018-03-14 13:27:00,-0.2708805010991
2018-03-14 13:30:00,-0.351703652145261
2018-03-14 13:33:00,-0.23836451527375857
2018-03-14 13:36:00,-0.33581550705412155
2018-03-14 13:39:00,-0.3324042455070071
2018-03-14 13:42:00,-0.3285226768556413
2018-03-14 13:45:00,-0.3239044437761436
2018-03-14 13:48:00,-0.4583243817866105
2018-03-14 13:51:00,-0.38605709212055217
2018-03-14 13:54:00,-0.2923410359401828
2018-03-14 13:57:00,-0.33497148887335015
2018-03-14 14:00:00,-0.3030688810607103
2018-03-14 14:03:00,-0.2583189474062806
2018-03-14 14:06:00,-0.27888548708529015
2018-03-14 14:09:00,-0.38865564715661094
2018-03-14 14:12:00,-0.31938883382383665
2018-03-14 14:15:00,-0.3809607653434455
2018-03-14 14:18:00,-0.40090001441274126
2018-03-14 14:21:00,-0.3530164952613859
2018-03-14 14:24:00,-0.44320224758854465
2018-03-14 14:27:00,-0.27791883315666155
2018-03-14 14:30:00,-0.3210485157698031
2018-03-14 14:33:00,-0.31893618666651946
2018-03-14 14:36:00,-0.46688003183521687
2018-03-14 14:39:00,-0.44545514673149
2018-03-14 14:42:00,-0.4200070168822094
2018-03-14 14:45:00,-0.4592317007071074
2018-03-14 14:48:00,-0.3492115226956116
2018-03-14 14:51:00,-0.5377770257330212
2018-03-14 14:54:00,-0.45693688678733224
2018-03-14 14:57:00,-0.4464830699036497
2018-03-14 15:00:00,-0.36827029593604266
2018-03-14 15:03:00,-0.4340729713492806
2018-03-14 15:06:00,-0.4104993964947994
2018-03-14 15:09:00,-0.4102133021844452
2018-03-14 15:12:00,-0.537407650244063
2018-03-14 15:15:00,-0.3664246077607345
2018-03-14 15:18:00,-0.3873363281729212
2018-03-14 15:21:00,-0.5390063616584939
2018-03-14 15:24:00,-0.4020596178812639
2018-03-14 15:27:00,-0.44068064102276594
2018-03-14 15:30:00,-0.41845597697482617
2018-03-14 15:33:00,-0.34712211006092275
2018-03-14 15:36:00,-0.4486565519636656
2018-03-14 15:39:00,-0.5004384069737853
2018-03-14 15:42:00,-0.5629256322640686
2018-03-14 15:45:00,-0.42648076376895006
2018-03-14 15:48:00,-0.5624325904905731
2018-03-14 15:51:00,-0.5097720507724262
2018-03-14 15:54:00,-0.5004280011035007
2018-03-14 15:57:00,-0.3287551814038352
2018-03-14 16:00:00,-0.34966447321380656
2018-03-14 16:03:00,-0.42764447780172077
2018-03-14 16:06:00,-0.4834650105074729
2018-03-14 16:09:00,-0.49240750513331477
2018-03-14 16:12:00,-0.3764430866347652
2018-03-14 16:15:00,-0.5023027368081898
2018-03-14 16:18:00,-0.4047033536423328
2018-03-14 16:21:00,-0.37817570346902585
2018-03-14 16:24:00,-0.4966327220678295
2018-03-14 16:27:00,-0.5151269400549268
2018-03-14 16:30:00,-0.5349539928425884
2018-03-14 16:33:00,-0.4361126484468514
2018-03-14 16:36:00,-0.48819941595229466
2018-03-14 16:39:00,-0.5266690412847765
2018-03-14 16:42:00,-0.5879905041501274
2018-03-14 16:45:00,-0.44042088817673175
2018-03-14 16:48:00,-0.46376017907772393
2018-03-14 16:51:00,-0.4296141209794655
2018-03-14 16:54:00,-0.46261711356027035
2018-03-14 16:57:00,-0.40367618292958696
2018-03-14 17:00:00,-0.44244673613053465
2018-03-14 17:03:00,-0.44954255942309373
2018-03-14 17:06:00,-0.5479362107786869
2018-03-14 17:09:00,-0.3851238246134585
2018-03-14 17:12:00,-0.49003631222291233
2018-03-14 17:15:00,-0.33495974952273855
2018-03-14 17:18:00,-0.38213583510741955
2018-03-14 17:21:00,-0.4719767446505898
2018-03-14 17:24:00,-0.4217622917578865
2018-03-14 17:27:00,-0.4959988615976272
2018-03-14 17:30:00,-0.42542611354610926
2018-03-14 17:33:00,-0.33641315836968033
2018-03-14 17:36:00,-0.5248504980573898
2018-03-14 17:39:00,-0.3035878604900404
2018-03-14 17:42:00,-0.503836878090226
2018-03-14 17:45:00,-0.41267355452191623
2018-03-14 17:48:00,-0.3223927488774052
2018-03-14 17:51:00,-0.41486456011523387
2018-03-14 17:54:00,-0.3289422528347927
2018-03-14 17:57:00,-0.29646890195220976
2018-03-14 18:00:00,-0.36673791424726687
2018-03-14 18:03:00,-0.28404992671733
2018-03-14 18:06:00,-0.2732686368982513
2018-03-14 18:09:00,-0.29114765205952153
2018-03-14 18:12:00,-0.1948927172439312
2018-03-14 18:15:00,-0.15816037555623552
2018-03-14 18:18:00,-0.26349745220016985
2018-03-14 18:21:00,-0.16088459876152683
2018-03-14 18:24:00,-0.17581685124076785
2018-03-14 18:27:00,-0.20188676539413564
2018-03-14 18:30:00,-0.12986311030215347
2018-03-14 18:33:00,-0.12472743995556357
2018-03-14 18:36:00,-0.1656222825797613
2018-03-14 18:39:00,-0.10001807754991887
2018-03-14 18:42:00,-0.11709756808375005
2018-03-14 18:45:00,-0.07347089074102087
2018-03-14 18:48:00,-0.164089532783521
2018-03-14 18:51:00,-0.18537209996378579
2018-03-14 18:54:00,-0.0714321756210552
2018-03-14 18:57:00,-0.003463646412342314
2018-03-14 19:00:00,-0.13300731379428044
2018-03-14 19:03:00,-0.20385734405255107
2018-03-14 19:06:00,-0.08208520654869744
2018-03-14 19:09:00,-0.2740650568085812
2018-03-14 19:12:00,-0.1413693526826023
2018-03-14 19:15:00,-0.08954021405855883
2018-03-14 19:18:00,-0.04904134657755321
2018-03-14 19:21:00,-0.12726588418820484
2018-03-14 19:24:00,-0.0011516367100057323
2018-03-14 19:27:00,0.09051511819183133
2018-03-14 19:30:00,-0.04164630730025465
2018-03-14 19:33:00,0.0002856861930808918
2018-03-14 19:36:00,0.05365476265575353
2018-03-14 19:39:00,-0.09646958098710456
2018-03-14 19:42:00,0.05708301131829785
2018-03-14 19:45:00,0.07372950220980101
2018-03-14 19:48:00,0.017713845527509875
2018-03-14 19:51:00,-0.01542260153217967
2018-03-14 19:54:00,0.023846365974748096
2018-03-14 19:57:00,-0.031551172874230815
2018-03-14 20:00:00,0.06491647486888041
2018-03-14 20:03:00,0.08404084436710946
2018-03-14 20:06:00,0.08294581597345996
2018-03-14 20:09:00,0.09541690331008112
2018-03-14 20:12:00,0.10045383902092908
2018-03-14 20:15:00,0.06519321730121419
2018-03-14 20:18:00,0.08744118835687686
2018-03-14 20:21:00,0.12869678919111038
2018-03-14 20:24:00,-0.03286590807755374
2018-03-14 20:27:00,0.0658529459136048
2018-03-14 20:30:00,-0.01835653853521535
2018-03-14 20:33:00,0.07359850033100201
2018-03-14 20:36:00,0.047787153853334985
2018-03-14 20:39:00,0.09969386233052546
2018-03-14 20:42:00,0.1478088992685116
2018-03-14 20:45:00,0.1053050380305649
2018-03-14 20:48:00,0.05785639701156242
2018-03-14 20:51:00,0.1654908292833852
2018-03-14 20:54:00,0.09635921891026555
2018-03-14 20:57:00,0.07478474588810968
2018-03-14 21:00:00,0.1588853023399679
2018-03-14 21:03:00,0.18065311869440848
2018-03-14 21:06:00,0.17811477151150257
2018-03-14 21:09:00,0.18586312017094997
2018-03-14 21:12:00,0.07651465483252196
2018-03-14 21:15:00,0.1435299991435386
2018-03-14 21:18:00,0.1301279815536418
2018-03-14 21:21:00,0.12652854551754444
2018-03-14 21:24:00,0.10342847742759886
2018-03-14 21:27:00,0.2122311117418576
2018-03-14 21:30:00,0.2198592946874669
2018-03-14 21:33:00,0.23339870537353136
2018-03-14 21:36:00,0.17941424682834395
2018-03-14 21:39:00,0.1837230867642461
2018-03-14 21:42:00,0.26853325963520547
2018-03-14 21:45:00,0.24584287261814097
2018-03-14 21:48:00,0.16575988373301698
2018-03-14 21:51:00,0.27733709225447
2018-03-14 21:54:00,0.3366109960644508
2018-03-14 21:57:00,0.2661755089549729
2018-03-14 22:00:00,0.2276052461022573
2018-03-14 22:03:00,0.2548558480995098
2018-03-14 22:06:00,0.23405272534557753
2018-03-14 22:09:00,0.312731877076601
2018-03-14 22:12:00,0.17847857993263005
2018-03-14 22:15:00,0.27991623106044017
2018-03-14 22:18:00,0.1773409352055637
2018-03-14 22:21:00,0.1264419533670207
2018-03-14 22:24:00,0.17366498938895347
2018-03-14 22:27:00,0.1455037512545232
2018-03-14 22:30:00,0.21507317014726368
2018-03-14 22:33:00,0.25902537144884263
2018-03-14 22:36:00,0.1921444977349438
2018-03-14 22:39:00,0.1603506905128711
2018-03-14 22:42:00,0.25920381319110675
2018-03-14 22:45:00,0.23942037729284493
2018-03-14 22:48:00,0.23175243949754076
2018-03-14 22:51:00,0.20329016348853202
2018-03-14 22:54:00,0.272101192302614
2018-03-14 22:57:00,0.22308587742190866
2018-03-14 23:00:00,0.30296402096576003
2018-03-14 23:03:00,0.2416667616218433
2018-03-14 23:06:00,0.27086550098334783
2018-03-14 23:09:00,0.26966137597668194
2018-03-14 23:12:00,0.28865720752679636
2018-03-14 23:15:00,0.31199032019463857
2018-03-14 23:18:00,0.380916516630009
2018-03-14 23:21:00,0.397335962137106
2018-03-14 23:24:00,0.283323355459288
2018-03-14 23:27:00,0.35087967351830684
2018-03-14 23:30:00,0.28004379734397844
2018-03-14 23:33:00,0.3813015491791134
2018-03-14 23:36:00,0.38598682217622127
2018-03-14 23:39:00,0.45765708961232576
2018-03-14 23:42:00,0.4728249039516754
2018-03-14 23:45:00,0.48818355143123426
2018-03-14 23:48:00,0.4471794582043458
2018-03-14 23:51:00,0.5090196087504069
2018-03-14 23:54:00,0.5952730476159331
2018-03-14 23:57:00,0.3890132603515326
2018-03-15 00:00:00,0.3556005626002161
2018-03-15 00:03:00,0.33502082213510676
2018-03-15 00:06:00,0.3484949615778419
2018-03-15 00:09:00,0.3713032063147921
2018-03-15 00:12:00,0.4123744919642718
2018-03-15 00:15:00,0.37450552697265493
2018-03-15 00:18:00,0.284529371584199
2018-03-15 00:21:00,0.29484638031550503
2018-03-15 00:24:00,0.2980899700974078
2018-03-15 00:27:00,0.33915738678928165
2018-03-15 00:30:00,0.10366323885870088
2018-03-15 00:33:00,0.39770068083049637
2018-03-15 00:36:00,0.27553941749243904
2018-03-15 00:39:00,0.3915139767080973
2018-03-15 00:42:00,0.20639499151741347
2018-03-15 00:45:00,0.2287257636108393
2018-03-15 00:48:00,0.32008464093041766
2018-03-15 00:51:00,0.12075548969158945
2018-03-15 00:54:00,0.180864477433488
2018-03-15 00:57:00,0.23713947784017364
2018-03-15 01:00:00,0.3173781025702169
2018-03-15 01:03:00,0.2549513891850097
2018-03-15 01:06:00,0.2739735435310422
2018-03-15 01:09:00,0.27039501607987404
2018-03-15 01:12:00,0.336535948575829
2018-03-15 01:15:00,0.35542301725604375
2018-03-15 01:18:00,0.318190381389968
2018-03-15 01:21:00,0.21161384885965617
2018-03-15 01:24:00,0.24602842590763885
2018-03-15 01:27:00,0.37670474382554175
2018-03-15 01:30:00,0.30573718848768294
2018-03-15 01:33:00,0.34477440750367805
2018-03-15 01:36:00,0.3858909987725383
2018-03-15 01:39:00,0.40789512953659823
2018-03-15 01:42:00,0.32891479925052636
2018-03-15 01:45:00,0.423651647591214
2018-03-15 01:48:00,0.4437991908174581
2018-03-15 01:51:00,0.4696179230414259
2018-03-15 01:54:00,0.4544073656858245
2018-03-15 01:57:00,0.448237587172855
2018-03-15 02:00:00,0.39612699221237335
2018-03-15 02:03:00,0.4272849382842878
2018-03-15 02:06:00,0.4001980609473321
2018-03-15 02:09:00,0.3355548334168361
2018-03-15 02:12:00,0.2655711933886664
2018-03-15 02:15:00,0.341973267367905
2018-03-15 02:18:00,0.3419768448864602
2018-03-15 02:21:00,0.2921861658498983
2018-03-15 02:24:00,0.38202439961514756
2018-03-15 02:27:00,0.3700175600320108
2018-03-15 02:30:00,0.32997474460034937
2018-03-15 02:33:00,0.25976877318311153
2018-03-15 02:36:00,0.32130024622739484
2018-03-15 02:39:00,0.38988223044549386
2018-03-15 02:42:00,0.3902090649967249
2018-03-15 02:45:00,0.3340033538063949
2018-03-15 02:48:00,0.38679252313085044
2018-03-15 02:51:00,0.3347668353570725
2018-03-15 02:54:00,0.3691986893620651
2018-03-15 02:57:00,0.3609285270802616
2018-03-15 03:00:00,0.391136718290511
2018-03-15 03:03:00,0.3587549951687379
2018-03-15 03:06:00,0.27114967262406253
2018-03-15 03:09:00,0.29540040037625204
2018-03-15 03:12:00,0.3146956981802873
2018-03-15 03:15:00,0.3267356988330903
2018-03-15 03:18:00,0.31692567331890587
2018-03-15 03:21:00,0.41889787828694125
2018-03-15 03:24:00,0.31023410971147314
2018-03-15 03:27:00,0.3569198379857994
2018-03-15 03:30:00,0.3626949341812633
2018-03-15 03:33:00,0.3639638800511307
2018-03-15 03:36:00,0.36291151510272357
2018-03-15 03:39:00,0.3274200808995147
2018-03-15 03:42:00,0.39430635611239495
2018-03-15 03:45:00,0.31272438413719783
2018-03-15 03:48:00,0.4182734211106549
2018-03-15 03:51:00,0.5088796759207526
2018-03-15 03:54:00,0.4256658444394361
2018-03-15 03:57:00,0.3653505273313158
2018-03-15 04:00:00,0.3732095885428066
2018-03-15 04:03:00,0.43960107591902897
2018-03-15 04:06:00,0.42348779586598084
2018-03-15 04:09:00,0.3274522587485649
2018-03-15 04:12:00,0.45423925367464335
2018-03-15 04:15:00,0.29742428928688014
2018-03-15 04:18:00,0.30776451823277284
2018-03-15 04:21:00,0.3524465957538041
2018-03-15 04:24:00,0.3161511846123517
2018-03-15 04:27:00,0.2603639165041045
2018-03-15 04:30:00,0.30319716314971856
2018-03-15 04:33:00,0.40305365274656424
2018-03-15 04:36:00,0.3795133699144344
2018-03-15 04:39:00,0.30656867161019363
2018-03-15 04:42:00,0.46179424449275075
2018-03-15 04:45:00,0.4563867754453099
2018-03-15 04:48:00,0.5611097350872001
2018-03-15 04:51:00,0.6699281025582309
2018-03-15 04:54:00,0.573116383714364
2018-03-15 04:57:00,0.6965354377730364
2018-03-15 05:00:00,0.632128184811279
2018-03-15 05:03:00,0.5872256096643582
2018-03-15 05:06:00,0.5981212687382254
2018-03-15 05:09:00,0.602567214563976
2018-03-15 05:12:00,0.6413153474411502
2018-03-15 05:15:00,0.6012010375152386
2018-03-15 05:18:00,0.624573279371134
2018-03-15 05:21:00,0.5517221074288159
2018-03-15 05:24:00,0.5068162607447562
2018-03-15 05:27:00,0.545140750383041
2018-03-15 05:30:00,0.5176445389986952
2018-03-15 05:33:00,0.47596812936421884
2018-03-15 05:36:00,0.49695289411289423
2018-03-15 05:39:00,0.47808315123171496
2018-03-15 05:42:00,0.5432176842381296
2018-03-15 05:45:00,0.4223203764609025
2018-03-15 05:48:00,0.5050117390694027
2018-03-15 05:51:00,0.4388895032472533
2018-03-15 05:54:00,0.5309191980539367
2018-03-15 05:57:00,0.5487499672044578
2018-03-15 06:00:00,0.5766802190389058
2018-03-15 06:03:00,0.560694323854932
2018-03-15 06:06:00,0.6396401093714417
2018-03-15 06:09:00,0.6466014296062781
2018-03-15 06:12:00,0.6557135224182389
2018-03-15 06:15:00,0.5396505762777224
2018-03-15 06:18:00,0.632681047500796
2018-03-15 06:21:00,0.5652143681884354
2018-03-15 06:24:00,0.5984176645023922
2018-03-15 06:27:00,0.5331978573101992
2018-03-15 06:30:00,0.5784234180683256
2018-03-15 06:33:00,0.5743261103571626
2018-03-15 06:36:00,0.4737614234263674
2018-03-15 06:39:00,0.49607775165048906
2018-03-15 06:42:00,0.4510959848598759
2018-03-15 06:45:00,0.44325185251557286
2018-03-15 06:48:00,0.5639382288521801
2018-03-15 06:51:00,0.48377599526924087
2018-03-15 06:54:00,0.5134409021993065
2018-03-15 06:57:00,0.461234530850561
2018-03-15 07:00:00,0.6072768332375063
2018-03-15 07:03:00,0.5659842585974957
2018-03-15 07:06:00,0.6043456354415753
2018-03-15 07:09:00,0.6130083361251195
2018-03-15 07:12:00,0.5700004638650853
2018-03-15 07:15:00,0.5916505119911903
2018-03-15 07:18:00,0.5299899850411407
2018-03-15 07:21:00,0.5007162220661598
2018-03-15 07:24:00,0.5635608251985786
2018-03-15 07:27:00,0.5548566871269713
2018-03-15 07:30:00,0.5777178771203921
2018-03-15 07:33:00,0.6143392914382275
2018-03-15 07:36:00,0.5255094180453739
2018-03-15 07:39:00,0.462014897837264
2018-03-15 07:42:00,0.4610746898243292
2018-03-15 07:45:00,0.5179355213139161
2018-03-15 07:48:00,0.44686284509515417
2018-03-15 07:51:00,0.36569020733531943
2018-03-15 07:54:00,0.5260389405199248
2018-03-15 07:57:00,0.39011798487376836
2018-03-15 08:00:00,0.4395579996201491
2018-03-15 08:03:00,0.41953798986764923
2018-03-15 08:06:00,0.38637880661133295
2018-03-15 08:09:00,0.4044472018410943
2018-03-15 08:12:00,0.42458261376248174
2018-03-15 08:15:00,0.40427923171142766
2018-03-15 08:18:00,0.4019210586857298
2018-03-15 08:21:00,0.35710289734043954
2018-03-15 08:24:00,0.3270333363810778
2018-03-15 08:27:00,0.4155248177303861
2018-03-15 08:30:00,0.3255023387764595
2018-03-15 08:33:00,0.3871663062517996
2018-03-15 08:36:00,0.46063723385771027
2018-03-15 08:39:00,0.49506678753050437
2018-03-15 08:42:00,0.2557506522748554
2018-03-15 08:45:00,0.29743585391571514
2018-03-15 08:48:00,0.37422399206246837
2018-03-15 08:51:00,0.25887566678403573
2018-03-15 08:54:00,0.37668732107340475
2018-03-15 08:57:00,0.39686410986223564
2018-03-15 09:00:00,0.2950814800070134
2018-03-15 09:03:00,0.42353521291670404
2018-03-15 09:06:00,0.3004093712893905
2018-03-15 09:09:00,0.3541420553108878
2018-03-15 09:12:00,0.4625588550051134
2018-03-15 09:15:00,0.36900109937334946
2018-03-15 09:18:00,0.3811017643864716
2018-03-15 09:21:00,0.3643815955690002
2018-03-15 09:24:00,0.3084235648115623
2018-03-15 09:27:00,0.3980214139868963
2018-03-15 09:30:00,0.35148407546512317
2018-03-15 09:33:00,0.443472194996275
2018-03-15 09:36:00,0.44730725015188
2018-03-15 09:39:00,0.36621995429078424
2018-03-15 09:42:00,0.4274134602030131
2018-03-15 09:45:00,0.37116524981530574
2018-03-15 09:48:00,0.40684781876188936
2018-03-15 09:51:00,0.5380024422106544
2018-03-15 09:54:00,0.30540920337773514
2018-03-15 09:57:00,0.4021134791922236
2018-03-15 10:00:00,0.3912249931315728
2018-03-15 10:03:00,0.3553062629184751
2018-03-15 10:06:00,0.32890208530204745
2018-03-15 10:09:00,0.2953272867863461
2018-03-15 10:12:00,0.2138190721706792
2018-03-15 10:15:00,0.2816589753001608
2018-03-15 10:18:00,0.3328217440792969
2018-03-15 10:21:00,0.39981037760526306
2018-03-15 10:24:00,0.3691528659716141
2018-03-15 10:27:00,0.3341181208601256
2018-03-15 10:30:00,0.4187278015958782
2018-03-15 10:33:00,0.3879010872798858
2018-03-15 10:36:00,0.40066340972191483
2018-03-15 10:39:00,0.31207061219578236
2018-03-15 10:42:00,0.23066434477266284
2018-03-15 10:45:00,0.2759906988252965
2018-03-15 10:48:00,0.2573430808155308
2018-03-15 10:51:00,0.28412943509641764
2018-03-15 10:54:00,0.35358805903888424
2018-03-15 10:57:00,0.30275639555310363
2018-03-15 11:00:00,0.09614630203168417
2018-03-15 11:03:00,0.23395843537917926
2018-03-15 11:06:00,0.21732645872788225
2018-03-15 11:09:00,0.2070818689613816
2018-03-15 11:12:00,0.2965850855146641
2018-03-15 11:15:00,0.1508286944969086
2018-03-15 11:18:00,0.29548390653422985
2018-03-15 11:21:00,0.259826902069733
2018-03-15 11:24:00,0.24948005948238006
2018-03-15 11:27:00,0.20928851024541473
2018-03-15 11:30:00,0.2457913759432131
2018-03-15 11:33:00,0.13340194507367187
2018-03-15 11:36:00,0.19542329671406833
2018-03-15 11:39:00,0.17559465099839144
2018-03-15 11:42:00,0.1724197540227692
2018-03-15 11:45:00,0.1905413082395171
2018-03-15 11:48:00,0.23767841903270437
2018-03-15 11:51:00,0.17659855677322867
2018-03-15 11:54:00,0.3155707508421415
2018-03-15 11:57:00,0.33996184110691274
2018-03-15 12:00:00,0.24337216815393958
2018-03-15 12:03:00,0.3227282742329862
2018-03-15 12:06:00,0.26269508316215706
2018-03-15 12:09:00,0.21505867695663028
2018-03-15 12:12:00,0.3910507411861772
2018-03-15 12:15:00,0.3345584195743072
2018-03-15 12:18:00,0.33106679062603916
2018-03-15 12:21:00,0.289477969066013
2018-03-15 12:24:00,0.2807751919680186
2018-03-15 12:27:00,0.20094616819284283
2018-03-15 12:30:00,0.2599854900618652
2018-03-15 12:33:00,0.3156271474123855
2018-03-15 12:36:00,0.35409035584876847
2018-03-15 12:39:00,0.19435164719635623
2018-03-15 12:42:00,0.3050523075405067
2018-03-15 12:45:00,0.24771708796549774
2018-03-15 12:48:00,0.2798569441786185
2018-03-15 12:51:00,0.2867289542475646
2018-03-15 12:54:00,0.20480345082285112
2018-03-15 12:57:00,0.20707571026019878
2018-03-15 13:00:00,0.2552816072874293
2018-03-15 13:03:00,0.21245842073733456
2018-03-15 13:06:00,0.3301132396539401
2018-03-15 13:09:00,0.2922062703341908
2018-03-15 13:12:00,0.4362064769800327
2018-03-15 13:15:00,0.5299613936081187
2018-03-15 13:18:00,0.4530966685452995
2018-03-15 13:21:00,0.4329233953549192
2018-03-15 13:24:00,0.26557916147407923
2018-03-15 13:27:00,0.2925928197537928
2018-03-15 13:30:00,0.54724685386293
2018-03-15 13:33:00,0.32669687851887375
2018-03-15 13:36:00,0.46972736411277083
2018-03-15 13:39:00,0.3347771993526294
2018-03-15 13:42:00,0.1814324629388011
2018-03-15 13:45:00,0.019530307642980915
2018-03-15 13:48:00,0.08539797375237868
2018-03-15 13:51:00,0.12241198419326338
2018-03-15 13:54:00,0.2347834785277314
2018-03-15 13:57:00,0.25861490962762446
2018-03-15 14:00:00,0.17456165197637574
2018-03-15 14:03:00,0.2988388252289269
2018-03-15 14:06:00,0.24167789518509153
2018-03-15 14:09:00,0.23827738722445702
2018-03-15 14:12:00,0.3059196201151053
2018-03-15 14:15:00,0.2129429440495869
2018-03-15 14:18:00,0.20452581262406966
2018-03-15 14:21:00,0.26173116407852604
2018-03-15 14:24:00,0.23108714349734782
2018-03-15 14:27:00,0.14466465806293627
2018-03-15 14:30:00,0.24325129325472972
2018-03-15 14:33:00,0.18318133524184077
2018-03-15 14:36:00,0.27223939804531483
2018-03-15 14:39:00,0.1585651825905643
2018-03-15 14:42:00,0.29238083728279207
2018-03-15 14:45:00,0.2533094250317163
2018-03-15 14:48:00,0.24320106257761154
2018-03-15 14:51:00,0.21728492174474923
2018-03-15 14:54:00,0.25762804759301616
2018-03-15 14:57:00,0.17903942352916147
2018-03-15 15:00:00,0.22111653714745216
2018-03-15 15:03:00,0.2697064114707928
2018-03-15 15:06:00,0.20070054878414112
2018-03-15 15:09:00,0.21315806352606614
2018-03-15 15:12:00,0.11583843266669192
2018-03-15 15:15:00,0.15677668460961058
2018-03-15 15:18:00,0.18855346506501292
2018-03-15 15:21:00,0.27095277557634745
2018-03-15 15:24:00,0.2687498886027697
2018-03-15 15:27:00,0.13725275663392722
2018-03-15 15:30:00,0.20276318934048732
2018-03-15 15:33:00,0.15626086850375032
2018-03-15 15:36:00,0.1968126289976908
2018-03-15 15:39:00,0.28223874688075057
2018-03-15 15:42:00,0.18347519300715476
2018-03-15 15:45:00,0.31479663272398284
2018-03-15 15:48:00,0.2900972472947956
2018-03-15 15:51:00,0.0970722051448547
2018-03-15 15:54:00,0.2822588679655951
2018-03-15 15:57:00,0.17432556373290709
2018-03-15 16:00:00,0.04975146593096724
2018-03-15 16:03:00,0.1557028601776551
2018-03-15 16:06:00,0.2015623401792368
2018-03-15 16:09:00,0.15166788073781845
2018-03-15 16:12:00,0.22297269785906337
2018-03-15 16:15:00,0.2203640649157137
2018-03-15 16:18:00,0.1145931312527182
2018-03-15 16:21:00,0.14873423385029128
2018-03-15 16:24:00,0.11239423708678942
2018-03-15 16:27:00,0.09897856656073145
2018-03-15 16:30:00,0.13195979720262585
2018-03-15 16:33:00,0.09204956711471368
2018-03-15 16:36:00,0.10306574787296086
2018-03-15 16:39:00,0.09929144080177821
2018-03-15 16:42:00,0.1836042281793766
2018-03-15 16:45:00,0.16065535072215198
2018-03-15 16:48:00,0.1606713419450898
2018-03-15 16:51:00,0.07581603217585098
2018-03-15 16:54:00,-0.0009826193801245608
2018-03-15 16:57:00,0.041503927875567115
2018-03-15 17:00:00,0.004039109532584462
2018-03-15 17:03:00,0.0917847066145896
2018-03-15 17:06:00,0.06403541216457143
2018-03-15 17:09:00,0.05680649440370189
2018-03-15 17:12:00,-0.025640524571031165
2018-03-15 17:15:00,0.07958518641879664
2018-03-15 17:18:00,0.04079824935723764
2018-03-15 17:21:00,-0.007127750994357029
2018-03-15 17:24:00,0.051266934895465965
2018-03-15 17:27:00,0.038103762800687946
2018-03-15 17:30:00,0.11338232269429227
2018-03-15 17:33:00,0.05447330186655108
2018-03-15 17:36:00,0.08000013352580027
2018-03-15 17:39:00,0.04092146055961621
2018-03-15 17:42:00,0.06468707424596687
2018-03-15 17:45:00,0.03762917204289806
2018-03-15 17:48:00,0.1720856020539827
2018-03-15 17:51:00,0.11097987772984652
2018-03-15 17:54:00,0.08848605299345991
2018-03-15 17:57:00,0.10103647612987743
2018-03-15 18:00:00,0.15607065344227067
2018-03-15 18:03:00,0.18800006746999998
2018-03-15 18:06:00,0.19752270906428748
2018-03-15 18:09:00,0.207531986445872
2018-03-15 18:12:00,0.2083720621913585
2018-03-15 18:15:00,0.27961319878772883
2018-03-15 18:18:00,0.21548330159038187
2018-03-15 18:21:00,0.23253568356722099
2018-03-15 18:24:00,0.27610857264681954
2018-03-15 18:27:00,0.3052586911657045
2018-03-15 18:30:00,0.22139548681559518
2018-03-15 18:33:00,0.27451511666413353
2018-03-15 18:36:00,0.23674614549298667
2018-03-15 18:39:00,0.25641363487403623
2018-03-15 18:42:00,0.25959518618594757
2018-03-15 18:45:00,0.20308021124463949
2018-03-15 18:48:00,0.27400805447280163
2018-03-15 18:51:00,0.22109982713186582
2018-03-15 18:54:00,0.21453437625609695
2018-03-15 18:57:00,0.1417207298345602
2018-03-15 19:00:00,0.2167275349053739
2018-03-15 19:03:00,0.21032477864326893
2018-03-15 19:06:00,0.19010691774087718
2018-03-15 19:09:00,0.25220362809454855
2018-03-15 19:12:00,0.21692794736418364
2018-03-15 19:15:00,0.13294491745722326
2018-03-15 19:18:00,0.13035988938048604
2018-03-15 19:21:00,0.27832954374378005
2018-03-15 19:24:00,0.24146753240393082
2018-03-15 19:27:00,0.18363624000915024
2018-03-15 19:30:00,0.2784773432928205
2018-03-15 19:33:00,0.17160825822145398
2018-03-15 19:36:00,0.2601296124084911
2018-03-15 19:39:00,0.20666271221438137
2018-03-15 19:42:00,0.18022174904689336
2018-03-15 19:45:00,0.24277875791426595
2018-03-15 19:48:00,0.22731031953156844
2018-03-15 19:51:00,0.16180780589377264
2018-03-15 19:54:00,0.317212819626036
2018-03-15 19:57:00,0.24219079149025902
2018-03-15 20:00:00,0.19639145180656215
2018-03-15 20:03:00,0.2614613068175231
2018-03-15 20:06:00,0.20744280206810117
2018-03-15 20:09:00,0.24198540518045775
2018-03-15 20:12:00,0.3153257051585001
2018-03-15 20:15:00,0.2737721393102106
2018-03-15 20:18:00,0.24982373235843625
2018-03-15 20:21:00,0.26417569527774276
2018-03-15 20:24:00,0.35515068402884253
2018-03-15 20:27:00,0.19239289195820675
2018-03-15 20:30:00,0.3162131496057441
2018-03-15 20:33:00,0.29879379129010886
2018-03-15 20:36:00,0.33338873341926956
2018-03-15 20:39:00,0.26274956692219575
2018-03-15 20:42:00,0.17503637875051936
2018-03-15 20:45:00,0.3150879920045213
2018-03-15 20:48:00,0.27375236440019535
2018-03-15 20:51:00,0.29914870593580645
2018-03-15 20:54:00,0.283594918692188
2018-03-15 20:57:00,0.2515759276125209
2018-03-15 21:00:00,0.15002816309868194
2018-03-15 21:03:00,0.23831272778954826
2018-03-15 21:06:00,0.24546000261966583
2018-03-15 21:09:00,0.17445344041578892
2018-03-15 21:12:00,0.2785627583696737
2018-03-15 21:15:00,0.22636117111079557
2018-03-15 21:18:00,0.2284316658903549
2018-03-15 21:21:00,0.18028659012077242
2018-03-15 21:24:00,0.27096267239556937
2018-03-15 21:27:00,0.3059694026509874
2018-03-15 21:30:00,0.24036995185048227
2018-03-15 21:33:00,0.2845874069349179
2018-03-15 21:36:00,0.1876270575023682
2018-03-15 21:39:00,0.3008428128079004
2018-03-15 21:42:00,0.1692222083690922
2018-03-15 21:45:00,0.2895083743693476
2018-03-15 21:48:00,0.3502918918690625
2018-03-15 21:51:00,0.22656460144560242
2018-03-15 21:54:00,0.2644312365065389
2018-03-15 21:57:00,0.3717591937643192
2018-03-15 22:00:00,0.2830436305872013
2018-03-15 22:03:00,0.2748774973920831
2018-03-15 22:06:00,0.33599731701599467
2018-03-15 22:09:00,0.29083368523544095
2018-03-15 22:12:00,0.20017812778274902
2018-03-15 22:15:00,0.2799231282539836
2018-03-15 22:18:00,0.278986058517944
2018-03-15 22:21:00,0.33376117268113603
2018-03-15 22:24:00,0.39082046621939526
2018-03-15 22:27:00,0.32748275679568906
2018-03-15 22:30:00,0.3353518701756002
2018-03-15 22:33:00,0.3174915262858349
2018-03-15 22:36:00,0.23817549898751622
2018-03-15 22:39:00,0.2407783355462243
2018-03-15 22:42:00,0.20705408329587272
2018-03-15 22:45:00,0.3078188505052708
2018-03-15 22:48:00,0.2212602271007995
2018-03-15 22:51:00,0.2783054308744113
2018-03-15 22:54:00,0.20415667055209497
2018-03-15 22:57:00,0.2162302225369217
2018-03-15 23:00:00,0.29451137903652125
2018-03-15 23:03:00,0.20829219312383884
2018-03-15 23:06:00,0.30689770976175623
2018-03-15 23:09:00,0.2560470535223658
2018-03-15 23:12:00,0.35199247185926197
2018-03-15 23:15:00,0.3188333025830161
2018-03-15 23:18:00,0.3416320294116417
2018-03-15 23:21:00,0.3723921326448476
2018-03-15 23:24:00,0.36153550084287644
2018-03-15 23:27:00,0.29680075548947116
2018-03-15 23:30:00,0.35452823436060044
2018-03-15 23:33:00,0.40081440922404
2018-03-15 23:36:00,0.3445588609903325
2018-03-15 23:39:00,0.496878743345178
2018-03-15 23:42:00,0.4429920545179584
2018-03-15 23:45:00,0.3624583997449804
2018-03-15 23:48:00,0.37891218946970184
2018-03-15 23:51:00,0.3530548387580552
2018-03-15 23:54:00,0.3104341625964935
2018-03-15 23:57:00,0.37087465048836066
2018-03-16 00:00:00,0.2686836907689667
2018-03-16 00:03:00,0.31488398679590546
2018-03-16 00:06:00,0.181380028858257
2018-03-16 00:09:00,0.30412413486533296
2018-03-16 00:12:00,0.3642430462744528
2018-03-16 00:15:00,0.38645961789546845
2018-03-16 00:18:00,0.3807929525849545
2018-03-16 00:21:00,0.4592267701589776
2018-03-16 00:24:00,0.4455144437669105
2018-03-16 00:27:00,0.27050202689292746
2018-03-16 00:30:00,0.2919702872226253
2018-03-16 00:33:00,0.5288393918769998
2018-03-16 00:36:00,0.35918938558563696
2018-03-16 00:39:00,0.4192362024512022
2018-03-16 00:42:00,0.44660042246266585
2018-03-16 00:45:00,0.38964962147139204
2018-03-16 00:48:00,0.42836134649502355
2018-03-16 00:51:00,0.39382103046949624
2018-03-16 00:54:00,0.37213529154752223
2018-03-16 00:57:00,0.3715499050338167
2018-03-16 01:00:00,0.35242896576943394
2018-03-16 01:03:00,0.43250239608772745
2018-03-16 01:06:00,0.4416693032530361
2018-03-16 01:09:00,0.5089336066415626
2018-03-16 01:12:00,0.4388066484759179
2018-03-16 01:15:00,0.3490563493446075
2018-03-16 01:18:00,0.3572718597029052
2018-03-16 01:21:00,0.4075763651171087
2018-03-16 01:24:00,0.3529053608224899
2018-03-16 01:27:00,0.35498353444148734
2018-03-16 01:30:00,0.43589634275235767
2018-03-16 01:33:00,0.4485924154394638
2018-03-16 01:36:00,0.5566790073581842
2018-03-16 01:39:00,0.3934230472842728
2018-03-16 01:42:00,0.5206290736463757
2018-03-16 01:45:00,0.44148681463485673
2018-03-16 01:48:00,0.5579570483747034
2018-03-16 01:51:00,0.5246733680827447
2018-03-16 01:54:00,0.5157037954367638
2018-03-16 01:57:00,0.47978588075096695
2018-03-16 02:00:00,0.5751924984518269
2018-03-16 02:03:00,0.4416305587965894
2018-03-16 02:06:00,0.5065207042104021
2018-03-16 02:09:00,0.4295830762420678
2018-03-16 02:12:00,0.532790106818311
2018-03-16 02:15:00,0.558117021882083
2018-03-16 02:18:00,0.49649226369228927
2018-03-16 02:21:00,0.4925710160931658
2018-03-16 02:24:00,0.4854298310808076
2018-03-16 02:27:00,0.5090772501599758
2018-03-16 02:30:00,0.5093094075907061
2018-03-16 02:33:00,0.5044621997019476
2018-03-16 02:36:00,0.5276899308502152
2018-03-16 02:39:00,0.5687791380511271
2018-03-16 02:42:00,0.6252780242087397
2018-03-16 02:45:00,0.6213628111959792
2018-03-16 02:48:00,0.5448614349608647
2018-03-16 02:51:00,0.4720520986256247
2018-03-16 02:54:00,0.5783491526454441
2018-03-16 02:57:00,0.5935687532204952
2018-03-16 03:00:00,0.5874087905467604
2018-03-16 03:03:00,0.5641686247797111
2018-03-16 03:06:00,0.5616419960260828
2018-03-16 03:09:00,0.43098991869129577
2018-03-16 03:12:00,0.5006472290844499
2018-03-16 03:15:00,0.4289111275679147
2018-03-16 03:18:00,0.4255202104421869
2018-03-16 03:21:00,0.3924431909306918
2018-03-16 03:24:00,0.42893311499358333
2018-03-16 03:27:00,0.39352044842746636
2018-03-16 03:30:00,0.28160378492191285
2018-03-16 03:33:00,0.4063332416144476
2018-03-16 03:36:00,0.359961684332859
2018-03-16 03:39:00,0.3665532432664804
2018-03-16 03:42:00,0.5155986620216026
2018-03-16 03:45:00,0.40055258435711494
2018-03-16 03:48:00,0.47610975947543466
2018-03-16 03:51:00,0.3785394125163748
2018-03-16 03:54:00,0.4262227570557684
2018-03-16 03:57:00,0.44343504498726816
2018-03-16 04:00:00,0.5058143130577264
2018-03-16 04:03:00,0.4887395722447536
2018-03-16 04:06:00,0.4615335476736391
2018-03-16 04:09:00,0.5028042612349282
2018-03-16 04:12:00,0.4868070160046045
2018-03-16 04:15:00,0.42570780197803515
2018-03-16 04:18:00,0.44218896874076563
2018-03-16 04:21:00,0.5079391023198809
2018-03-16 04:24:00,0.4819081441024764
2018-03-16 04:27:00,0.3235256132597897
2018-03-16 04:30:00,0.4193096530519256
2018-03-16 04:33:00,0.49317135476621843
2018-03-16 04:36:00,0.5026756871125144
2018-03-16 04:39:00,0.4603220016301748
2018-03-16 04:42:00,0.44015762595893193
2018-03-16 04:45:00,0.4308481289558017
2018-03-16 04:48:00,0.4948716277542644
2018-03-16 04:51:00,0.43081737703005274
2018-03-16 04:54:00,0.5395550255963713
2018-03-16 04:57:00,0.5033360264835665
2018-03-16 05:00:00,0.42462313440586286
2018-03-16 05:03:00,0.4990538513741285
2018-03-16 05:06:00,0.4278310483629184
2018-03-16 05:09:00,0.41983805340981917
2018-03-16 05:12:00,0.5328802668418007
2018-03-16 05:15:00,0.5667752577321039
2018-03-16 05:18:00,0.5359174463141017
2018-03-16 05:21:00,0.4359915314338423
2018-03-16 05:24:00,0.43261935422668785
2018-03-16 05:27:00,0.4571624236849061
2018-03-16 05:30:00,0.39379500085311747
2018-03-16 05:33:00,0.40719743504303096
2018-03-16 05:36:00,0.5038898948211568
2018-03-16 05:39:00,0.47694408038802294
2018-03-16 05:42:00,0.43880735664561143
2018-03-16 05:45:00,0.46215747739387325
2018-03-16 05:48:00,0.4480003026106374
2018-03-16 05:51:00,0.48660280518640775
2018-03-16 05:54:00,0.5189410529201268
2018-03-16 05:57:00,0.5619403435960066
2018-03-16 06:00:00,0.41930039009417897
2018-03-16 06:03:00,0.48366955047686133
2018-03-16 06:06:00,0.4787081295542066
2018-03-16 06:09:00,0.5087706055228978
2018-03-16 06:12:00,0.4300324409714449
2018-03-16 06:15:00,0.41485801314718174
2018-03-16 06:18:00,0.47588335151704086
2018-03-16 06:21:00,0.34644792461904217
2018-03-16 06:24:00,0.47465217092485545
2018-03-16 06:27:00,0.4498668846231908
2018-03-16 06:30:00,0.4473292240563751
2018-03-16 06:33:00,0.489143363887365
2018-03-16 06:36:00,0.46277531420275864
2018-03-16 06:39:00,0.43769283053325125
2018-03-16 06:42:00,0.49802922029294905
2018-03-16 06:45:00,0.40403445541738847
2018-03-16 06:48:00,0.48073721534495917
2018-03-16 06:51:00,0.48016162978041166
2018-03-16 06:54:00,0.3999107168501155
2018-03-16 06:57:00,0.4963450065981192
2018-03-16 07:00:00,0.5182893756286262
2018-03-16 07:03:00,0.5048722243483326
2018-03-16 07:06:00,0.5167944832068656
2018-03-16 07:09:00,0.5151841517458706
2018-03-16 07:12:00,0.5222851098838532
2018-03-16 07:15:00,0.5642073619667372
2018-03-16 07:18:00,0.6541034466402493
2018-03-16 07:21:00,0.422602770181129
2018-03-16 07:24:00,0.6186070427971231
2018-03-16 07:27:00,0.4852420116335452
2018-03-16 07:30:00,0.4013641810446984
2018-03-16 07:33:00,0.48817897053203296
2018-03-16 07:36:00,0.5613443816120594
2018-03-16 07:39:00,0.5751269121680593
2018-03-16 07:42:00,0.44367772844339015
2018-03-16 07:45:00,0.48616829240211246
2018-03-16 07:48:00,0.45205558375852206
2018-03-16 07:51:00,0.47702808658249296
2018-03-16 07:54:00,0.4435081100293701
2018-03-16 07:57:00,0.48533716381314207
2018-03-16 08:00:00,0.559721921875223
2018-03-16 08:03:00,0.4671098885024776
2018-03-16 08:06:00,0.5146627632545915
2018-03-16 08:09:00,0.43047548654516277
2018-03-16 08:12:00,0.44355215597079223
2018-03-16 08:15:00,0.3853929618337588
2018-03-16 08:18:00,0.383402407363576
2018-03-16 08:21:00,0.43734109674414867
2018-03-16 08:24:00,0.37984582758156193
2018-03-16 08:27:00,0.3491785103015559
2018-03-16 08:30:00,0.44056235544348965
2018-03-16 08:33:00,0.2825316728415146
2018-03-16 08:36:00,0.2797614812823781
2018-03-16 08:39:00,0.29519854680086155
2018-03-16 08:42:00,0.2904082006149906
2018-03-16 08:45:00,0.2223748868393045
2018-03-16 08:48:00,0.37296965187073283
2018-03-16 08:51:00,0.3108007067403378
2018-03-16 08:54:00,0.3545430047875584
2018-03-16 08:57:00,0.273778859073218
2018-03-16 09:00:00,0.2611035654809939
2018-03-16 09:03:00,0.2567736969025418
2018-03-16 09:06:00,0.24458135109068735
2018-03-16 09:09:00,0.18800010971875736
2018-03-16 09:12:00,0.20297622463772313
2018-03-16 09:15:00,0.14369353591268919
2018-03-16 09:18:00,0.195588292816808
2018-03-16 09:21:00,0.12134001547519802
2018-03-16 09:24:00,0.08465461024752585
2018-03-16 09:27:00,0.11551412187537835
2018-03-16 09:30:00,0.06076303454187837
2018-03-16 09:33:00,0.18439561549746486
2018-03-16 09:36:00,-0.03944312783528403
2018-03-16 09:39:00,0.019026548764998097
2018-03-16 09:42:00,-0.08108272401739214
2018-03-16 09:45:00,0.06545626765654333
2018-03-16 09:48:00,0.014847931046972462
2018-03-16 09:51:00,0.008550008317172342
2018-03-16 09:54:00,0.023037072208524023
2018-03-16 09:57:00,-0.028541672928270145
2018-03-16 10:00:00,-0.028893031946950032
2018-03-16 10:03:00,-0.004886809717390861
2018-03-16 10:06:00,0.014703215527617886
2018-03-16 10:09:00,-0.08900669174488485
2018-03-16 10:12:00,-0.010517835455061686
2018-03-16 10:15:00,-0.004289903219671487
2018-03-16 10:18:00,-0.08322179442313882
2018-03-16 10:21:00,-0.0955676844791924
2018-03-16 10:24:00,-0.06381416348523317
2018-03-16 10:27:00,-0.033034133104308694
2018-03-16 10:30:00,-0.048258600391250184
2018-03-16 10:33:00,-0.015904239957137634
2018-03-16 10:36:00,-0.026557739555585158
2018-03-16 10:39:00,-0.03746386880686714
2018-03-16 10:42:00,-0.04811149902280931
2018-03-16 10:45:00,-0.06405860683230458
2018-03-16 10:48:00,-0.09073557611833394
2018-03-16 10:51:00,-0.07323535988763297
2018-03-16 10:54:00,0.0397494048114595
2018-03-16 10:57:00,-0.1034161508073339
2018-03-16 11:00:00,-0.053662238732158585
2018-03-16 11:03:00,-0.1054844162759423
2018-03-16 11:06:00,-0.08122372073603401
2018-03-16 11:09:00,-0.18425844199072117
2018-03-16 11:12:00,-0.06790367354307136
2018-03-16 11:15:00,-0.15072911800871225
2018-03-16 11:18:00,-0.05815398907498093
2018-03-16 11:21:00,-0.15426152844798935
2018-03-16 11:24:00,-0.135365172900606
2018-03-16 11:27:00,-0.10395614705686285
2018-03-16 11:30:00,-0.09857288419294719
2018-03-16 11:33:00,-0.16446285791971604
2018-03-16 11:36:00,-0.2519340011415352
2018-03-16 11:39:00,-0.1395392655959995
2018-03-16 11:42:00,-0.2855428665391173
2018-03-16 11:45:00,-0.16537871669356718
2018-03-16 11:48:00,-0.2345652020998159
2018-03-16 11:51:00,-0.2288616058939965
2018-03-16 11:54:00,-0.2350313455755213
2018-03-16 11:57:00,-0.2758694057951061
2018-03-16 12:00:00,-0.1584874251843189
2018-03-16 12:03:00,-0.287902159774319
2018-03-16 12:06:00,-0.33277644867933986
2018-03-16 12:09:00,-0.1743231177787834
2018-03-16 12:12:00,-0.3491429609202896
2018-03-16 12:15:00,-0.3611820594447863
2018-03-16 12:18:00,-0.18272638412418019
2018-03-16 12:21:00,-0.17945794065582277
2018-03-16 12:24:00,-0.3505195865403721
2018-03-16 12:27:00,-0.26445157147861664
2018-03-16 12:30:00,-0.13640144053186987
2018-03-16 12:33:00,-0.3448716629161481
2018-03-16 12:36:00,-0.17605604725366675
2018-03-16 12:39:00,-0.26395943563250057
2018-03-16 12:42:00,-0.2874426198657716
2018-03-16 12:45:00,-0.26296525388943337
2018-03-16 12:48:00,-0.24547953073772533
2018-03-16 12:51:00,-0.36689688450189806
2018-03-16 12:54:00,-0.334330695255062
2018-03-16 12:57:00,-0.28477292326994075
2018-03-16 13:00:00,-0.17786758535510216
2018-03-16 13:03:00,-0.27678525971577983
2018-03-16 13:06:00,-0.31033039094728565
2018-03-16 13:09:00,-0.1460761214827926
2018-03-16 13:12:00,-0.21285094020220185
2018-03-16 13:15:00,-0.10520725846475898
2018-03-16 13:18:00,-0.10070798619523202
2018-03-16 13:21:00,-0.12240926980285849
2018-03-16 13:24:00,-0.027755189655692902
2018-03-16 13:27:00,-0.0410924577617493
2018-03-16 13:30:00,0.006202853676199993
2018-03-16 13:33:00,0.05243529611038866
2018-03-16 13:36:00,-0.0387182184886683
2018-03-16 13:39:00,-0.09989918115110186
2018-03-16 13:42:00,-0.02021908372114467
2018-03-16 13:45:00,-0.056905385452921564
2018-03-16 13:48:00,-0.08635917850125452
2018-03-16 13:51:00,-0.06726935256614297
2018-03-16 13:54:00,-0.1820873757649224
2018-03-16 13:57:00,-0.11823485238517151
2018-03-16 14:00:00,-0.07603257607928526
2018-03-16 14:03:00,-0.09782432640145089
2018-03-16 14:06:00,-0.23744930277314324
2018-03-16 14:09:00,-0.20496374308555687
2018-03-16 14:12:00,-0.26829467059371837
2018-03-16 14:15:00,-0.19792638807160756
2018-03-16 14:18:00,-0.2644151554168275
2018-03-16 14:21:00,-0.27036024746837484
2018-03-16 14:24:00,-0.22596249818866454
2018-03-16 14:27:00,-0.32765301720030493
2018-03-16 14:30:00,-0.4254573907901431
2018-03-16 14:33:00,-0.3683175285709126
2018-03-16 14:36:00,-0.31647103503871676
2018-03-16 14:39:00,-0.3132456502048626
2018-03-16 14:42:00,-0.24657946620561688
2018-03-16 14:45:00,-0.35977682733863503
2018-03-16 14:48:00,-0.3184422428744256
2018-03-16 14:51:00,-0.438195297479524
2018-03-16 14:54:00,-0.38974002714019207
2018-03-16 14:57:00,-0.4211246377893758
2018-03-16 15:00:00,-0.4388077368135441
2018-03-16 15:03:00,-0.30025360067287465
2018-03-16 15:06:00,-0.10316229035015567
2018-03-16 15:09:00,-0.18540612609405116
2018-03-16 15:12:00,-0.15062288552718428
2018-03-16 15:15:00,-0.1741461509344049
2018-03-16 15:18:00,-0.09809517139399304
2018-03-16 15:21:00,-0.3610930312559617
2018-03-16 15:24:00,-0.27515343357032407
2018-03-16 15:27:00,-0.3255732596954317
2018-03-16 15:30:00,-0.413540046061712
2018-03-16 15:33:00,-0.3925893293797458
2018-03-16 15:36:00,-0.2788959423743904
2018-03-16 15:39:00,
2018-03-16 15:42:00,
2018-03-16 15:45:00,
2018-03-16 15:48:00,
2018-03-16 15:51:00,
2018-03-16 15:54:00,
2018-03-16 15:57:00,
2018-03-16 16:00:00,
2018-03-16 16:03:00,
2018-03-16 16:06:00,
2018-03-16 16:09:00,
2018-03-16 16:12:00,
2018-03-16 16:15:00,
2018-03-16 16:18:00,
2018-03-16 16:21:00,
2018-03-16 16:24:00,
2018-03-16 16:27:00,
2018-03-16 16:30:00,
2018-03-16 16:33:00,
2018-03-16 16:36:00,
2018-03-16 16:39:00,
2018-03-16 16:42:00,
2018-03-16 16:45:00,
2018-03-16 16:48:00,
2018-03-16 16:51:00,
2018-03-16 16:54:00,
2018-03-16 16:57:00,
2018-03-16 17:00:00,
2018-03-16 17:03:00,
2018-03-16 17:06:00,
2018-03-16 17:09:00,
2018-03-16 17:12:00,
2018-03-16 17:15:00,
2018-03-16 17:18:00,
2018-03-16 17:21:00,
2018-03-16 17:24:00,
2018-03-16 17:27:00,
2018-03-16 17:30:00,
2018-03-16 17:33:00,
2018-03-16 17:36:00,
2018-03-16 17:39:00,
2018-03-16 17:42:00,
2018-03-16 17:45:00,
2018-03-16 17:48:00,
2018-03-16 17:51:00,
2018-03-16 17:54:00,
2018-03-16 17:57:00,
2018-03-16 18:00:00,
2018-03-16 18:03:00,
2018-03-16 18:06:00,
2018-03-16 18:09:00,
2018-03-16 18:12:00,
2018-03-16 18:15:00,
2018-03-16 18:18:00,
2018-03-16 18:21:00,
2018-03-16 18:24:00,
2018-03-16 18:27:00,
2018-03-16 18:30:00,
2018-03-16 18:33:00,
2018-03-16 18:36:00,
2018-03-16 18:39:00,
2018-03-16 18:42:00,
2018-03-16 18:45:00,
2018-03-16 18:48:00,
2018-03-16 18:51:00,
2018-03-16 18:54:00,
2018-03-16 18:57:00,
2018-03-16 19:00:00,
2018-03-16 19:03:00,
2018-03-16 19:06:00,
2018-03-16 19:09:00,
2018-03-16 19:12:00,
2018-03-16 19:15:00,
2018-03-16 19:18:00,
2018-03-16 19:21:00,
2018-03-16 19:24:00,
2018-03-16 19:27:00,
2018-03-16 19:30:00,
2018-03-16 19:33:00,
2018-03-16 19:36:00,
2018-03-16 19:39:00,
2018-03-16 19:42:00,-0.06809918920276914
2018-03-16 19:45:00,-0.03293854534581442
2018-03-16 19:48:00,0.1225417467577472
2018-03-16 19:51:00,0.046669605013789806
2018-03-16 19:54:00,0.04525860626813483
2018-03-16 19:57:00,0.08079092416284084
2018-03-16 20:00:00,0.0022134955976298443
2018-03-16 20:03:00,0.00834661329673736
2018-03-16 20:06:00,-0.0491576707967738
2018-03-16 20:09:00,-0.001457453240277573
2018-03-16 20:12:00,-0.026209338751129962
2018-03-16 20:15:00,0.10025218460953056
2018-03-16 20:18:00,0.08637399163018245
2018-03-16 20:21:00,0.04640184511492862
2018-03-16 20:24:00,0.10387301619488198
2018-03-16 20:27:00,0.08529163268804041
2018-03-16 20:30:00,0.09962857984652373
2018-03-16 20:33:00,0.037551588933183666
2018-03-16 20:36:00,0.07699415390050035
2018-03-16 20:39:00,0.21039361647223132
2018-03-16 20:42:00,0.2179922535714809
2018-03-16 20:45:00,0.20134905792451718
2018-03-16 20:48:00,0.13802163417290103
2018-03-16 20:51:00,0.15322289105864684
2018-03-16 20:54:00,0.26602320844546057
2018-03-16 20:57:00,0.18149022050295116
2018-03-16 21:00:00,0.1645786155546034
2018-03-16 21:03:00,0.026644554718131985
2018-03-16 21:06:00,0.17369605444628178
2018-03-16 21:09:00,0.1199354971165576
2018-03-16 21:12:00,0.06486361891438719
2018-03-16 21:15:00,0.1151653634659624
2018-03-16 21:18:00,0.1323589729977357
2018-03-16 21:21:00,0.1192294175148163
2018-03-16 21:24:00,0.13198594928934426
2018-03-16 21:27:00,0.21432995934139853
2018-03-16 21:30:00,0.16744247347838837
2018-03-16 21:33:00,0.18124665940553086
2018-03-16 21:36:00,0.2517342687244195
2018-03-16 21:39:00,0.07869601756044631
2018-03-16 21:42:00,0.20468582091098142
2018-03-16 21:45:00,0.1801844526917762
2018-03-16 21:48:00,0.2110273584165725
2018-03-16 21:51:00,0.2723195220186767
2018-03-16 21:54:00,0.20947668831672672
2018-03-16 21:57:00,0.1682575963982913
2018-03-16 22:00:00,0.2142059774201357
2018-03-16 22:03:00,0.09350425553259356
2018-03-16 22:06:00,0.053379337315959674
2018-03-16 22:09:00,0.14994276509077054
2018-03-16 22:12:00,0.11406651444292493
2018-03-16 22:15:00,0.1258353589154808
2018-03-16 22:18:00,0.11048240658624309
2018-03-16 22:21:00,0.16316877346491765
2018-03-16 22:24:00,0.40974848697237576
2018-03-16 22:27:00,0.11338516730040737
2018-03-16 22:30:00,0.15129373234424293
2018-03-16 22:33:00,0.12863833039989458
2018-03-16 22:36:00,0.08531600044005927
2018-03-16 22:39:00,0.11240075973802277
2018-03-16 22:42:00,0.12480236476835671
2018-03-16 22:45:00,0.17879289461541248
2018-03-16 22:48:00,0.14047887354968225
2018-03-16 22:51:00,0.21297158542444095
2018-03-16 22:54:00,0.0180083178189534
2018-03-16 22:57:00,0.1808883606671543
2018-03-16 23:00:00,0.11659541964399978
2018-03-16 23:03:00,0.2774724691107622
2018-03-16 23:06:00,0.23944601711269797
2018-03-16 23:09:00,0.1500924364145817
2018-03-16 23:12:00,0.11170974837716585
2018-03-16 23:15:00,0.15106536594612407
2018-03-16 23:18:00,0.08316548144330227
2018-03-16 23:21:00,0.09468891905527244
2018-03-16 23:24:00,0.14919379866307736
2018-03-16 23:27:00,0.21663437879692538
2018-03-16 23:30:00,0.23161248978311733
2018-03-16 23:33:00,0.15786437250864083
2018-03-16 23:36:00,0.2504574506083941
2018-03-16 23:39:00,0.21067295551137022
2018-03-16 23:42:00,0.14755968409673414
2018-03-16 23:45:00,0.17270011769932125
2018-03-16 23:48:00,0.182162340645732
2018-03-16 23:51:00,0.03962296523621944
2018-03-16 23:54:00,0.23372244571294232
2018-03-16 23:57:00,0.1993305873587019
2018-03-17 00:00:00,0.21328286109320516
2018-03-17 00:03:00,0.16298684933843788
2018-03-17 00:06:00,0.1958699365504799
2018-03-17 00:09:00,0.26204974570379136
2018-03-17 00:12:00,0.22779490161241256
2018-03-17 00:15:00,0.08375860687709746
2018-03-17 00:18:00,0.131603070100482
2018-03-17 00:21:00,0.13548315238512032
2018-03-17 00:24:00,0.20037489943098308
2018-03-17 00:27:00,0.09108294897987435
2018-03-17 00:30:00,0.10477952226398202
2018-03-17 00:33:00,0.13958274434526174
2018-03-17 00:36:00,0.1530824582199557
2018-03-17 00:39:00,0.17203384625543094
2018-03-17 00:42:00,0.12818564536365784
2018-03-17 00:45:00,0.09806827624430525
2018-03-17 00:48:00,0.21045584064086142
2018-03-17 00:51:00,0.20489033121697275
2018-03-17 00:54:00,0.10073996845540023
2018-03-17 00:57:00,0.0650344750507088
2018-03-17 01:00:00,0.13459996124430518
2018-03-17 01:03:00,0.006020060360526713
2018-03-17 01:06:00,0.15394163526440252
2018-03-17 01:09:00,0.12466010398810567
2018-03-17 01:12:00,0.1677361575545433
2018-03-17 01:15:00,0.06752619883320676
2018-03-17 01:18:00,0.22680334443788297
2018-03-17 01:21:00,0.19008732709113474
2018-03-17 01:24:00,0.23601802899565882
2018-03-17 01:27:00,0.2785063403339336
2018-03-17 01:30:00,0.11062963784632984
2018-03-17 01:33:00,0.25461834952454865
2018-03-17 01:36:00,0.12358101054201143
2018-03-17 01:39:00,0.05847717167449673
2018-03-17 01:42:00,0.06565777584188481
2018-03-17 01:45:00,0.15100219152986938
2018-03-17 01:48:00,0.16424266117138586
2018-03-17 01:51:00,0.15963942368836115
2018-03-17 01:54:00,0.13055619859534318
2018-03-17 01:57:00,0.24800593157755202
2018-03-17 02:00:00,0.2866457076485176
2018-03-17 02:03:00,0.31073356428578336
2018-03-17 02:06:00,0.18501751219457674
2018-03-17 02:09:00,0.15990244994594605
2018-03-17 02:12:00,0.24249633576715723
2018-03-17 02:15:00,0.24311957743384482
2018-03-17 02:18:00,0.23489050206205775
2018-03-17 02:21:00,0.16054986474568977
2018-03-17 02:24:00,0.23002153492052457
2018-03-17 02:27:00,0.28271925186408
2018-03-17 02:30:00,0.173906692274727
2018-03-17 02:33:00,0.22874393243824898
2018-03-17 02:36:00,0.20027405300305645
2018-03-17 02:39:00,0.21842226672350762
2018-03-17 02:42:00,0.16225465662927263
2018-03-17 02:45:00,0.15578529769481975
2018-03-17 02:48:00,0.29276091975145846
2018-03-17 02:51:00,0.17255699196323349
2018-03-17 02:54:00,0.2394509430708922
2018-03-17 02:57:00,0.1799080716752428
2018-03-17 03:00:00,0.08948381842174058
2018-03-17 03:03:00,0.21249690476622618
2018-03-17 03:06:00,0.17793628141129147
2018-03-17 03:09:00,0.19069505665771658
2018-03-17 03:12:00,0.2531229030582267
2018-03-17 03:15:00,0.17430457281972167
2018-03-17 03:18:00,0.2828520990983634
2018-03-17 03:21:00,0.13204524252677174
2018-03-17 03:24:00,0.18626021533594894
2018-03-17 03:27:00,0.20741981732993509
2018-03-17 03:30:00,0.28429930823853056
2018-03-17 03:33:00,0.25419797032787983
2018-03-17 03:36:00,0.32124797453661813
2018-03-17 03:39:00,0.24306805808578247
2018-03-17 03:42:00,0.31531565656109706
2018-03-17 03:45:00,0.22937915597094616
2018-03-17 03:48:00,0.29496361760857326
2018-03-17 03:51:00,0.21783917672422604
2018-03-17 03:54:00,0.3679289830034804
2018-03-17 03:57:00,0.29894863660234705
2018-03-17 04:00:00,0.3749441331231651
2018-03-17 04:03:00,0.24620259055490124
2018-03-17 04:06:00,0.29833130742883895
2018-03-17 04:09:00,0.3153709995280565
2018-03-17 04:12:00,0.455527059208066
2018-03-17 04:15:00,0.42404132290226926
2018-03-17 04:18:00,0.2979859427957763
2018-03-17 04:21:00,0.3715340006971246
2018-03-17 04:24:00,0.32131400875516647
2018-03-17 04:27:00,0.40486430907157
2018-03-17 04:30:00,0.28463609682478364
2018-03-17 04:33:00,0.4087283324884652
2018-03-17 04:36:00,0.3947344529791508
2018-03-17 04:39:00,0.4362651185722939
2018-03-17 04:42:00,0.38544554852705915
2018-03-17 04:45:00,0.3761760612011926
2018-03-17 04:48:00,0.3789446247642445
2018-03-17 04:51:00,0.33303500032576494
2018-03-17 04:54:00,0.42345156444383747
2018-03-17 04:57:00,0.3626118101302609
2018-03-17 05:00:00,0.39697972226161937
2018-03-17 05:03:00,0.3068434901792898
2018-03-17 05:06:00,0.42757569385418037
2018-03-17 05:09:00,0.40436566969106025
2018-03-17 05:12:00,0.3855625030585088
2018-03-17 05:15:00,0.41688650531477833
2018-03-17 05:18:00,0.39684378230299444
2018-03-17 05:21:00,0.4152290790277675
2018-03-17 05:24:00,0.49473448811505705
2018-03-17 05:27:00,0.40060236461101795
2018-03-17 05:30:00,0.47208062222250646
2018-03-17 05:33:00,0.3805327291312892
2018-03-17 05:36:00,0.3671123773203817
2018-03-17 05:39:00,0.34799269482664386
2018-03-17 05:42:00,0.4665821929290246
2018-03-17 05:45:00,0.41405313047658865
2018-03-17 05:48:00,0.4239305733797778
2018-03-17 05:51:00,0.3953234105745196
2018-03-17 05:54:00,0.4690704115747053
2018-03-17 05:57:00,0.3893733956768983
2018-03-17 06:00:00,0.4531832129571285
2018-03-17 06:03:00,0.45421331018781075
2018-03-17 06:06:00,0.4321948015942212
2018-03-17 06:09:00,0.5645695133826507
2018-03-17 06:12:00,0.456120429075213
2018-03-17 06:15:00,0.5172729587450249
2018-03-17 06:18:00,0.4832996145150332
2018-03-17 06:21:00,0.4494114810254928
2018-03-17 06:24:00,0.37763679616102763
2018-03-17 06:27:00,0.49796562677170186
2018-03-17 06:30:00,0.5596597147599027
2018-03-17 06:33:00,0.43104902330964023
2018-03-17 06:36:00,0.5017678459646504
2018-03-17 06:39:00,0.46842208785949424
2018-03-17 06:42:00,0.4021108757909815
2018-03-17 06:45:00,0.5568447513282422
2018-03-17 06:48:00,0.44547733099625475
2018-03-17 06:51:00,0.5127206760994341
2018-03-17 06:54:00,0.4958505288147421
2018-03-17 06:57:00,0.5506068381383216
2018-03-17 07:00:00,0.5353349328539139
2018-03-17 07:03:00,0.5359646798768267
2018-03-17 07:06:00,0.4184269132461509
2018-03-17 07:09:00,0.42830489858465626
2018-03-17 07:12:00,0.43264994034416304
2018-03-17 07:15:00,0.35387718472168217
2018-03-17 07:18:00,0.4549725142319403
2018-03-17 07:21:00,0.4244687111752228
2018-03-17 07:24:00,0.501460722364186
2018-03-17 07:27:00,0.44261293707427285
2018-03-17 07:30:00,0.4687346555420504
2018-03-17 07:33:00,0.3410253745313412
2018-03-17 07:36:00,0.4128578612420597
2018-03-17 07:39:00,0.3778662169162317
2018-03-17 07:42:00,0.47177346256813735
2018-03-17 07:45:00,0.3674466448474618
2018-03-17 07:48:00,0.3122521457195262
2018-03-17 07:51:00,0.41422243357720845
2018-03-17 07:54:00,0.38077527177887305
2018-03-17 07:57:00,0.4020977717704568
2018-03-17 08:00:00,0.45746526917611163
2018-03-17 08:03:00,0.4675004958675686
2018-03-17 08:06:00,0.3420786723821152
2018-03-17 08:09:00,0.29760503936586247
2018-03-17 08:12:00,0.3664792169535076
2018-03-17 08:15:00,0.4048926842843912
2018-03-17 08:18:00,0.3538321159957718
2018-03-17 08:21:00,0.3272754314821782
2018-03-17 08:24:00,0.37968042547578307
2018-03-17 08:27:00,0.3505358649208006
2018-03-17 08:30:00,0.24232641352125484
2018-03-17 08:33:00,0.30633205293361243
2018-03-17 08:36:00,0.1661114678310014
2018-03-17 08:39:00,0.2361100671670897
2018-03-17 08:42:00,0.19704721250593593
2018-03-17 08:45:00,0.24705143066421442
2018-03-17 08:48:00,0.30400564041394773
2018-03-17 08:51:00,0.041172904551388
2018-03-17 08:54:00,0.14349310041518493
2018-03-17 08:57:00,0.14442888233310214
2018-03-17 09:00:00,0.0945570985137465
2018-03-17 09:03:00,0.052030387736863304
2018-03-17 09:06:00,0.09343408044912849
2018-03-17 09:09:00,0.11279202661216914
2018-03-17 09:12:00,0.16788792609014536
2018-03-17 09:15:00,0.0003882864824618082
2018-03-17 09:18:00,-0.019264184032920184
2018-03-17 09:21:00,0.06200865258557542
2018-03-17 09:24:00,0.026728637714199976
2018-03-17 09:27:00,0.02466689856640869
2018-03-17 09:30:00,-0.050618280149421935
2018-03-17 09:33:00,-0.13211623304556497
2018-03-17 09:36:00,0.05782104058289406
2018-03-17 09:39:00,0.005913843987514156
2018-03-17 09:42:00,-0.05895073272841955
2018-03-17 09:45:00,-0.14572198512615842
2018-03-17 09:48:00,-0.1202787267856138
2018-03-17 09:51:00,-0.14340551641754473
2018-03-17 09:54:00,0.060474590964929575
2018-03-17 09:57:00,-0.14295558112161189
2018-03-17 10:00:00,-0.07663302400260363
2018-03-17 10:03:00,0.05116318723207769
2018-03-17 10:06:00,-0.12678399429108822
2018-03-17 10:09:00,-0.14553916595946248
2018-03-17 10:12:00,-0.12871909685770788
2018-03-17 10:15:00,-0.1516286219359131
2018-03-17 10:18:00,-0.028973133279691865
2018-03-17 10:21:00,-0.24090681464787167
2018-03-17 10:24:00,-0.007038267081043159
2018-03-17 10:27:00,-0.24921801959612822
2018-03-17 10:30:00,-0.17430865563352427
2018-03-17 10:33:00,0.02715982892482316
2018-03-17 10:36:00,-0.016408238250448903
2018-03-17 10:39:00,-0.20099256138968258
2018-03-17 10:42:00,-0.06799478691976901
2018-03-17 10:45:00,-0.13690823143548414
2018-03-17 10:48:00,-0.09484161248826695
2018-03-17 10:51:00,-0.1143406621899885
2018-03-17 10:54:00,-0.31677128999274373
2018-03-17 10:57:00,-0.21588146996271007
2018-03-17 11:00:00,-0.13206478773821573
2018-03-17 11:03:00,-0.2608734420300607
2018-03-17 11:06:00,-0.18248509790674916
2018-03-17 11:09:00,0.004406934161693243
2018-03-17 11:12:00,-0.12142505350783495
2018-03-17 11:15:00,-0.13004530316311502
2018-03-17 11:18:00,-0.1672819509452097
2018-03-17 11:21:00,-0.08136329221099459
2018-03-17 11:24:00,-0.1161594615082322
2018-03-17 11:27:00,-0.14283792994223177
2018-03-17 11:30:00,-0.24621219989910514
2018-03-17 11:33:00,-0.1736154794587037
2018-03-17 11:36:00,-0.22310181463740264
2018-03-17 11:39:00,-0.10532339880398922
2018-03-17 11:42:00,-0.11103662990427665
2018-03-17 11:45:00,-0.2954963261059902
2018-03-17 11:48:00,-0.15642705622354924
2018-03-17 11:51:00,-0.197669147965712
2018-03-17 11:54:00,-0.2530321051290798
2018-03-17 11:57:00,-0.1322799561896204
2018-03-17 12:00:00,-0.09319225079121907
2018-03-17 12:03:00,-0.12869185682632178
2018-03-17 12:06:00,-0.23405694998785975
2018-03-17 12:09:00,-0.09809359079008573
2018-03-17 12:12:00,-0.1424137415240807
2018-03-17 12:15:00,-0.2282901876689607
2018-03-17 12:18:00,-0.11689240699638503
2018-03-17 12:21:00,-0.20972035839645287
2018-03-17 12:24:00,-0.19075574738536716
2018-03-17 12:27:00,-0.12954907627715784
2018-03-17 12:30:00,-0.09505829064409
2018-03-17 12:33:00,-0.03498608368090572
2018-03-17 12:36:00,-0.10257781079451433
2018-03-17 12:39:00,-0.1026641861715234
2018-03-17 12:42:00,-0.10567109438045463
2018-03-17 12:45:00,-0.030840231654167383
2018-03-17 12:48:00,-0.08612063582256724
2018-03-17 12:51:00,0.03364473717448391
2018-03-17 12:54:00,-0.10043931734691114
2018-03-17 12:57:00,-0.005299296181874524
2018-03-17 13:00:00,0.0023103409714622103
2018-03-17 13:03:00,-0.10759106715488542
2018-03-17 13:06:00,-0.12967173555966838
2018-03-17 13:09:00,-0.06993111800557017
2018-03-17 13:12:00,-0.13388891042342266
2018-03-17 13:15:00,-0.05627729205434662
2018-03-17 13:18:00,-0.11470343209157363
2018-03-17 13:21:00,-0.1445902095223346
2018-03-17 13:24:00,-0.07958936673918515
2018-03-17 13:27:00,-0.01454606979956452
2018-03-17 13:30:00,0.0032920637123083907
2018-03-17 13:33:00,-0.09445399679907496
2018-03-17 13:36:00,-0.016492126682521757
2018-03-17 13:39:00,-0.015541436408000209
2018-03-17 13:42:00,-0.07318818741168798
2018-03-17 13:45:00,-0.052628469702199254
2018-03-17 13:48:00,-0.08404195591970165
2018-03-17 13:51:00,-0.2212480031618611
2018-03-17 13:54:00,-0.14381124113106125
2018-03-17 13:57:00,-0.13572513386952778
2018-03-17 14:00:00,-0.3211907384339838
2018-03-17 14:03:00,-0.19391552884513885
2018-03-17 14:06:00,-0.09120263597367284
2018-03-17 14:09:00,-0.12650640607938612
2018-03-17 14:12:00,-0.21461056313029303
2018-03-17 14:15:00,-0.20604657310514085
2018-03-17 14:18:00,-0.10632501544120032
2018-03-17 14:21:00,-0.2919595526894341
2018-03-17 14:24:00,-0.18644487869102022
2018-03-17 14:27:00,-0.09673142068595553
2018-03-17 14:30:00,-0.15737826639679042
2018-03-17 14:33:00,-0.07967192083640384
2018-03-17 14:36:00,-0.07471988692736886
2018-03-17 14:39:00,-0.22131871727117414
2018-03-17 14:42:00,-0.03508263124996347
2018-03-17 14:45:00,-0.16299605762509373
2018-03-17 14:48:00,-0.15557066475861347
2018-03-17 14:51:00,-0.17060658254797545
2018-03-17 14:54:00,-0.10205682242275316
2018-03-17 14:57:00,-0.2292166176050614
2018-03-17 15:00:00,-0.2615748324728884
2018-03-17 15:03:00,-0.19559259353150082
2018-03-17 15:06:00,-0.2674428952362291
2018-03-17 15:09:00,-0.3512949723410088
2018-03-17 15:12:00,-0.15676096267878847
2018-03-17 15:15:00,-0.19353511690007963
2018-03-17 15:18:00,-0.25301416252216313
2018-03-17 15:21:00,-0.23365911172436427
2018-03-17 15:24:00,-0.3200801401370654
2018-03-17 15:27:00,-0.37983090212833304
2018-03-17 15:30:00,-0.20550986864395782
2018-03-17 15:33:00,-0.2756527216280915
2018-03-17 15:36:00,-0.31240618690389965
2018-03-17 15:39:00,-0.275589438671318
2018-03-17 15:42:00,-0.23942157808414777
2018-03-17 15:45:00,-0.289829021765172
2018-03-17 15:48:00,-0.17599297288603566
2018-03-17 15:51:00,-0.18055717881981082
2018-03-17 15:54:00,-0.17627033194952446
2018-03-17 15:57:00,-0.29393601145818593
2018-03-17 16:00:00,-0.18842307349649445
2018-03-17 16:03:00,-0.1152887879788409
2018-03-17 16:06:00,-0.11807625922665466
2018-03-17 16:09:00,-0.11563959847194383
2018-03-17 16:12:00,-0.2609705268247353
2018-03-17 16:15:00,-0.41916727932402864
2018-03-17 16:18:00,-0.3665011213109324
2018-03-17 16:21:00,-0.3088759817430855
2018-03-17 16:24:00,-0.30467182071430443
2018-03-17 16:27:00,-0.3702450738335301
2018-03-17 16:30:00,-0.37918488445268395
2018-03-17 16:33:00,-0.31775684020448125
2018-03-17 16:36:00,-0.3111058049437361
2018-03-17 16:39:00,-0.21749440663813857
2018-03-17 16:42:00,-0.2760492120541471
2018-03-17 16:45:00,-0.29668208505046323
2018-03-17 16:48:00,-0.11973234808925781
2018-03-17 16:51:00,-0.29420876322785716
2018-03-17 16:54:00,-0.2158220374820985
2018-03-17 16:57:00,-0.25539495982786775
2018-03-17 17:00:00,-0.3276535453728684
2018-03-17 17:03:00,-0.26748767059012835
2018-03-17 17:06:00,-0.21470220301125664
2018-03-17 17:09:00,-0.25944985605747206
2018-03-17 17:12:00,-0.16338958120189773
2018-03-17 17:15:00,-0.10840083161878056
2018-03-17 17:18:00,-0.11232086827874355
2018-03-17 17:21:00,-0.17680574263727067
2018-03-17 17:24:00,-0.2020209217574802
2018-03-17 17:27:00,-0.2338828850067216
2018-03-17 17:30:00,-0.1515592927556213
2018-03-17 17:33:00,-0.20793728785952226
2018-03-17 17:36:00,-0.20724013814293585
2018-03-17 17:39:00,-0.22390485365923496
2018-03-17 17:42:00,-0.34340530854683493
2018-03-17 17:45:00,-0.18385011209744562
2018-03-17 17:48:00,-0.15343917580014477
2018-03-17 17:51:00,-0.1451884505491421
2018-03-17 17:54:00,-0.22233004653361377
2018-03-17 17:57:00,-0.18804495142137512
2018-03-17 18:00:00,-0.18394258198287616
2018-03-17 18:03:00,-0.29217092479746043
2018-03-17 18:06:00,-0.19164090607324624
2018-03-17 18:09:00,-0.1394956218737775
2018-03-17 18:12:00,-0.19763717663499847
2018-03-17 18:15:00,-0.11314571331564593
2018-03-17 18:18:00,-0.17498729752799136
2018-03-17 18:21:00,-0.03465021129937895
2018-03-17 18:24:00,-0.10757581695946783
2018-03-17 18:27:00,-0.08846140828552507
2018-03-17 18:30:00,-0.11453401155580423
2018-03-17 18:33:00,-0.20469764729483586
2018-03-17 18:36:00,0.0049404236780219435
2018-03-17 18:39:00,-0.0958908874105191
2018-03-17 18:42:00,-0.024668710834077956
2018-03-17 18:45:00,-0.10576987675574401
2018-03-17 18:48:00,-0.03229574923363998
2018-03-17 18:51:00,
2018-03-17 18:54:00,
2018-03-17 18:57:00,
2018-03-17 19:00:00,
2018-03-17 19:03:00,-0.029797037244748026
2018-03-17 19:06:00,-0.11376585360540048
2018-03-17 19:09:00,-0.0825596869489118
2018-03-17 19:12:00,-0.02018334365249075
2018-03-17 19:15:00,0.03676677538197737
2018-03-17 19:18:00,-0.051117168759844844
2018-03-17 19:21:00,0.06309795627237236
2018-03-17 19:24:00,-0.007742583195124553
2018-03-17 19:27:00,-0.0017615214915167599
2018-03-17 19:30:00,-0.005794352012685522
2018-03-17 19:33:00,0.02300463578723111
2018-03-17 19:36:00,0.06082992015592481
2018-03-17 19:39:00,0.06374716245113632
2018-03-17 19:42:00,0.0970489328367421
2018-03-17 19:45:00,0.07471218295535209
2018-03-17 19:48:00,0.058759448176772366
2018-03-17 19:51:00,0.014632944293566652
2018-03-17 19:54:00,-0.009314646400014226
2018-03-17 19:57:00,0.0612251867720488
2018-03-17 20:00:00,0.12038598550992674
2018-03-17 20:03:00,0.013573525762978988
2018-03-17 20:06:00,0.024268946962763494
2018-03-17 20:09:00,0.05718011406042933
2018-03-17 20:12:00,-0.0018769071567703577
2018-03-17 20:15:00,-0.06874394337415879
2018-03-17 20:18:00,-0.02842518607059219
2018-03-17 20:21:00,0.12120191759947829
2018-03-17 20:24:00,0.05932595218558845
2018-03-17 20:27:00,0.018212148744225942
2018-03-17 20:30:00,0.10118210276482387
2018-03-17 20:33:00,0.027494606957304768
2018-03-17 20:36:00,0.013658996115225364
2018-03-17 20:39:00,0.008474672272768657
2018-03-17 20:42:00,0.01192389212087619
2018-03-17 20:45:00,0.1920850370863718
2018-03-17 20:48:00,-0.012620497044792955
2018-03-17 20:51:00,0.03896825289194794
2018-03-17 20:54:00,0.01822814195486444
2018-03-17 20:57:00,0.009732013793041006
2018-03-17 21:00:00,0.13911390661689893
2018-03-17 21:03:00,0.07669242649393482
2018-03-17 21:06:00,0.07888877972391128
2018-03-17 21:09:00,0.18111056796522007
2018-03-17 21:12:00,0.0838388464756008
2018-03-17 21:15:00,0.1878651060512766
2018-03-17 21:18:00,0.12468075771482745
2018-03-17 21:21:00,0.1532663352658119
2018-03-17 21:24:00,0.06147816580391918
2018-03-17 21:27:00,0.17407916031322657
2018-03-17 21:30:00,0.10162868065037856
2018-03-17 21:33:00,0.16370181894183133
2018-03-17 21:36:00,0.13164117567254152
2018-03-17 21:39:00,0.16111215606235874
2018-03-17 21:42:00,0.20503690739832336
2018-03-17 21:45:00,0.202433988431153
2018-03-17 21:48:00,0.327367273322011
2018-03-17 21:51:00,0.3492509429737538
2018-03-17 21:54:00,0.19960612605200367
2018-03-17 21:57:00,0.19135317591604917
2018-03-17 22:00:00,0.2467892458473102
2018-03-17 22:03:00,0.19505980533386946
2018-03-17 22:06:00,0.203070803480216
2018-03-17 22:09:00,0.09830380528302385
2018-03-17 22:12:00,0.045768647728721135
2018-03-17 22:15:00,0.05824825056248528
2018-03-17 22:18:00,0.05493358971426687
2018-03-17 22:21:00,0.13442105543367688
2018-03-17 22:24:00,0.08279403190010726
2018-03-17 22:27:00,0.04564043393213524
2018-03-17 22:30:00,0.2234152749591658
2018-03-17 22:33:00,0.06554439938997803
2018-03-17 22:36:00,0.22814317378936266
2018-03-17 22:39:00,0.13393152062087665
2018-03-17 22:42:00,0.12030265800075313
2018-03-17 22:45:00,0.21201605538493595
2018-03-17 22:48:00,0.21042310281967502
2018-03-17 22:51:00,0.16633774935195333
2018-03-17 22:54:00,0.22650404539382407
2018-03-17 22:57:00,0.1754291757424653
2018-03-17 23:00:00,0.18318424857471882
2018-03-17 23:03:00,0.21818281544977935
2018-03-17 23:06:00,0.28689029038019953
2018-03-17 23:09:00,0.27356155567474616
2018-03-17 23:12:00,0.11295162181221485
2018-03-17 23:15:00,0.14141981370295298
2018-03-17 23:18:00,0.09417517744287807
2018-03-17 23:21:00,0.2493146886147315
2018-03-17 23:24:00,0.27422017182408354
2018-03-17 23:27:00,0.2911334600478881
2018-03-17 23:30:00,0.2089438677162434
2018-03-17 23:33:00,0.13435860380280928
2018-03-17 23:36:00,0.1926901453742289
2018-03-17 23:39:00,0.23822430168843312
2018-03-17 23:42:00,0.19870482902581443
2018-03-17 23:45:00,0.2967715489818943
2018-03-17 23:48:00,0.3466268832860351
2018-03-17 23:51:00,0.34282307234281006
2018-03-17 23:54:00,0.40886077432367074
2018-03-17 23:57:00,0.287168660636155
2018-03-18 00:00:00,0.3900499629364731
2018-03-18 00:03:00,0.2508548613256494
2018-03-18 00:06:00,0.241739425612991
2018-03-18 00:09:00,0.29225947167890354
2018-03-18 00:12:00,0.2194425023682811
2018-03-18 00:15:00,0.30611089854085094
2018-03-18 00:18:00,0.2875426347568464
2018-03-18 00:21:00,0.35882668812234897
2018-03-18 00:24:00,0.16210205858561721
2018-03-18 00:27:00,0.2209493738885726
2018-03-18 00:30:00,0.09757105059134119
2018-03-18 00:33:00,0.17058069037040013
2018-03-18 00:36:00,0.26363056037638444
2018-03-18 00:39:00,0.1791905415398105
2018-03-18 00:42:00,0.21109991590896016
2018-03-18 00:45:00,0.24069655140385748
2018-03-18 00:48:00,0.2646263922836738
2018-03-18 00:51:00,0.2660455919443052
2018-03-18 00:54:00,0.23892746165080325
2018-03-18 00:57:00,0.34492901114623464
2018-03-18 01:00:00,0.3513445235193444
2018-03-18 01:03:00,0.24939368041077614
2018-03-18 01:06:00,0.1537690546781505
2018-03-18 01:09:00,0.3292370874428343
2018-03-18 01:12:00,0.2704495714128825
2018-03-18 01:15:00,0.33859518366324437
2018-03-18 01:18:00,0.316015361875543
2018-03-18 01:21:00,0.3036324005507254
2018-03-18 01:24:00,0.28075038309270894
2018-03-18 01:27:00,0.19213124415148286
2018-03-18 01:30:00,0.29254909942113727
2018-03-18 01:33:00,0.2719707173117172
2018-03-18 01:36:00,0.2450795139237698
2018-03-18 01:39:00,0.3617957490807271
2018-03-18 01:42:00,0.39456249051113446
2018-03-18 01:45:00,0.4608492550920005
2018-03-18 01:48:00,0.3039855199180579
2018-03-18 01:51:00,0.3201715646603702
2018-03-18 01:54:00,0.24196353867824882
2018-03-18 01:57:00,0.23275648936674997
2018-03-18 02:00:00,0.30589670676147307
2018-03-18 02:03:00,0.1851794237240938
2018-03-18 02:06:00,0.2783268759579869
2018-03-18 02:09:00,0.19991855769046651
2018-03-18 02:12:00,0.18172437429501542
2018-03-18 02:15:00,0.2525165927605144
2018-03-18 02:18:00,0.19075566490380425
2018-03-18 02:21:00,0.22911865362203798
2018-03-18 02:24:00,0.32772978301505873
2018-03-18 02:27:00,0.3039343795843479
2018-03-18 02:30:00,0.26009780912545466
2018-03-18 02:33:00,0.37262704234194644
2018-03-18 02:36:00,0.22919682488759463
2018-03-18 02:39:00,0.28317086386113033
2018-03-18 02:42:00,0.40274796407658187
2018-03-18 02:45:00,0.34433601799912594
2018-03-18 02:48:00,0.3274210315225332
2018-03-18 02:51:00,0.24594739827182366
2018-03-18 02:54:00,0.3188565779362875
2018-03-18 02:57:00,0.2467357918208677
2018-03-18 03:00:00,0.09306312133179517
2018-03-18 03:03:00,0.26130487217568543
2018-03-18 03:06:00,0.31043527524337833
2018-03-18 03:09:00,0.31895545740854914
2018-03-18 03:12:00,0.14944251595034075
2018-03-18 03:15:00,0.2798506828972336
2018-03-18 03:18:00,0.25416456867338866
2018-03-18 03:21:00,0.33247065684480503
2018-03-18 03:24:00,0.18950618950185572
2018-03-18 03:27:00,0.28791008262868445
2018-03-18 03:30:00,0.28294959908475903
2018-03-18 03:33:00,0.29956043601987403
2018-03-18 03:36:00,0.37465418201691136
2018-03-18 03:39:00,0.27386812142975714
2018-03-18 03:42:00,0.22417063618416933
2018-03-18 03:45:00,0.28950013004629227
2018-03-18 03:48:00,0.30209917129172936
2018-03-18 03:51:00,0.37421347857980436
2018-03-18 03:54:00,0.2294654714180524
2018-03-18 03:57:00,0.19479959910984235
2018-03-18 04:00:00,0.25636204438023924
2018-03-18 04:03:00,0.2918312703846482
2018-03-18 04:06:00,0.29158212363205394
2018-03-18 04:09:00,0.3076277318536995
2018-03-18 04:12:00,0.24618789906668326
2018-03-18 04:15:00,0.30658610343476767
2018-03-18 04:18:00,0.2067552591000208
2018-03-18 04:21:00,0.1774652195178419
2018-03-18 04:24:00,0.3938156335796066
2018-03-18 04:27:00,0.3548287558626271
2018-03-18 04:30:00,0.24599849178088107
2018-03-18 04:33:00,0.23903841740292364
2018-03-18 04:36:00,0.3046727279454444
2018-03-18 04:39:00,0.3648304893279146
2018-03-18 04:42:00,0.32460095659627086
2018-03-18 04:45:00,0.30002662788183443
2018-03-18 04:48:00,0.24876667849059686
2018-03-18 04:51:00,0.29983780463902576
2018-03-18 04:54:00,0.36219483568902433
2018-03-18 04:57:00,0.32237413458136643
2018-03-18 05:00:00,0.33896772391767627
2018-03-18 05:03:00,0.35293976902079294
2018-03-18 05:06:00,0.27106583003694595
2018-03-18 05:09:00,0.2549356111751422
2018-03-18 05:12:00,0.324801973033118
2018-03-18 05:15:00,0.3263107185347849
2018-03-18 05:18:00,0.27820817358394834
2018-03-18 05:21:00,0.3159210933255281
2018-03-18 05:24:00,0.35045726945440947
2018-03-18 05:27:00,0.4580488147501569
2018-03-18 05:30:00,0.3767104350922068
2018-03-18 05:33:00,0.37341493597051567
2018-03-18 05:36:00,0.3278129276964705
2018-03-18 05:39:00,0.35184572086973276
2018-03-18 05:42:00,0.32379644068976177
2018-03-18 05:45:00,0.3665491024565881
2018-03-18 05:48:00,0.41337895052356544
2018-03-18 05:51:00,0.5230982053485036
2018-03-18 05:54:00,0.40474348240007885
2018-03-18 05:57:00,0.49915748646321845
2018-03-18 06:00:00,0.35524954148462484
2018-03-18 06:03:00,0.40348844010884477
2018-03-18 06:06:00,0.39782546490982895
2018-03-18 06:09:00,0.3560829915228396
2018-03-18 06:12:00,0.5403774040892699
2018-03-18 06:15:00,0.34353651320827794
2018-03-18 06:18:00,0.42788136630440476
2018-03-18 06:21:00,0.41100369073956244
2018-03-18 06:24:00,0.4924198832052866
2018-03-18 06:27:00,0.38110712214779596
2018-03-18 06:30:00,0.37401992019965746
2018-03-18 06:33:00,0.46799134580732016
2018-03-18 06:36:00,0.352093137478505
2018-03-18 06:39:00,0.548778273017092
2018-03-18 06:42:00,0.48700339316667396
2018-03-18 06:45:00,0.4421681403770208
2018-03-18 06:48:00,0.38254387477138607
2018-03-18 06:51:00,0.4047997741677136
2018-03-18 06:54:00,0.32403835874640663
2018-03-18 06:57:00,0.32723840351951594
2018-03-18 07:00:00,0.3371558219274675
2018-03-18 07:03:00,0.3810411112238512
2018-03-18 07:06:00,0.4165240917544679
2018-03-18 07:09:00,0.4916800620284789
2018-03-18 07:12:00,0.433144074623101
2018-03-18 07:15:00,0.35245932718731865
2018-03-18 07:18:00,0.37999582631010753
2018-03-18 07:21:00,0.42000620981400516
2018-03-18 07:24:00,0.3552855603338685
2018-03-18 07:27:00,0.45346927825306693
2018-03-18 07:30:00,0.44558973754817544
2018-03-18 07:33:00,0.34023932543215096
2018-03-18 07:36:00,0.4110447077140975
2018-03-18 07:39:00,0.44862592553045033
2018-03-18 07:42:00,0.3218353905629101
2018-03-18 07:45:00,0.4075518561172089
2018-03-18 07:48:00,0.4817070011145006
2018-03-18 07:51:00,0.3958746813273706
2018-03-18 07:54:00,0.41789445562028504
2018-03-18 07:57:00,0.4820179792035333
2018-03-18 08:00:00,0.45924324941802297
2018-03-18 08:03:00,0.4573821501446105
2018-03-18 08:06:00,0.4230000371860001
2018-03-18 08:09:00,0.43314170259412776
2018-03-18 08:12:00,0.3979127248638292
2018-03-18 08:15:00,0.3864404564558299
2018-03-18 08:18:00,0.3984754304459557
2018-03-18 08:21:00,0.4493417635448509
2018-03-18 08:24:00,0.4293812341572334
2018-03-18 08:27:00,0.4128983976337395
2018-03-18 08:30:00,0.3522390880199282
2018-03-18 08:33:00,0.4125832806009839
2018-03-18 08:36:00,0.35722001823927485
2018-03-18 08:39:00,0.4155068529634036
2018-03-18 08:42:00,0.32765717443936637
2018-03-18 08:45:00,0.38137075622040584
2018-03-18 08:48:00,0.4126151039468482
2018-03-18 08:51:00,0.3246021043298697
2018-03-18 08:54:00,0.3237746301012976
2018-03-18 08:57:00,0.29919805755224615
2018-03-18 09:00:00,0.2540155493815064
2018-03-18 09:03:00,0.3247822664230853
2018-03-18 09:06:00,0.2226848478977672
2018-03-18 09:09:00,0.2965327980440975
2018-03-18 09:12:00,0.2535087168049017
2018-03-18 09:15:00,0.3534773517111489
2018-03-18 09:18:00,0.1944410109511523
2018-03-18 09:21:00,0.2731147497920574
2018-03-18 09:24:00,0.1372212803755133
2018-03-18 09:27:00,0.2651898247225972
2018-03-18 09:30:00,0.33464410857516214
2018-03-18 09:33:00,0.22428664974535195
2018-03-18 09:36:00,0.30913979745662346
2018-03-18 09:39:00,0.17766224873332703
2018-03-18 09:42:00,0.16572220562449047
2018-03-18 09:45:00,0.1767577512799221
2018-03-18 09:48:00,0.17962711083833938
2018-03-18 09:51:00,0.10556296514806718
2018-03-18 09:54:00,0.127789161956116
2018-03-18 09:57:00,0.09945060644037085
2018-03-18 10:00:00,0.1058732834062539
2018-03-18 10:03:00,0.11871339884015697
2018-03-18 10:06:00,0.136021640477054
2018-03-18 10:09:00,0.10253333906473472
2018-03-18 10:12:00,0.037346855235341536
2018-03-18 10:15:00,0.028887912681454964
2018-03-18 10:18:00,0.09062131258042427
2018-03-18 10:21:00,-0.006136246603091422
2018-03-18 10:24:00,0.08302218977752318
2018-03-18 10:27:00,0.027003461284550667
2018-03-18 10:30:00,0.07522961234479908
2018-03-18 10:33:00,0.087512630280969
2018-03-18 10:36:00,0.040853920357392326
2018-03-18 10:39:00,0.12017863581547772
2018-03-18 10:42:00,0.08230252899357993
2018-03-18 10:45:00,0.07184165049795865
2018-03-18 10:48:00,0.009715387006167475
2018-03-18 10:51:00,-0.05436072599258068
2018-03-18 10:54:00,0.020404280961145105
2018-03-18 10:57:00,0.024036646064644174
2018-03-18 11:00:00,0.02660008090526844
2018-03-18 11:03:00,0.10723190536225502
2018-03-18 11:06:00,0.15125158005781714
2018-03-18 11:09:00,0.16753575508585072
2018-03-18 11:12:00,0.1371963446616178
2018-03-18 11:15:00,0.21640508590940044
2018-03-18 11:18:00,0.1879025895463542
2018-03-18 11:21:00,0.09952770532532895
2018-03-18 11:24:00,0.1489449117307231
2018-03-18 11:27:00,0.13340688870886197
2018-03-18 11:30:00,0.05255929497531042
2018-03-18 11:33:00,0.14794222758609976
2018-03-18 11:36:00,-0.060144802619106486
2018-03-18 11:39:00,0.005989593900665113
2018-03-18 11:42:00,0.002423910949346464
2018-03-18 11:45:00,0.0032702283051548875
2018-03-18 11:48:00,0.04504894353965483
2018-03-18 11:51:00,0.150507505200153
2018-03-18 11:54:00,0.004106284662725557
2018-03-18 11:57:00,-0.07104647192511493
2018-03-18 12:00:00,-0.023139558127525106
2018-03-18 12:03:00,-0.019995330524125166
2018-03-18 12:06:00,0.026394707184522304
2018-03-18 12:09:00,-0.002189002698969489
2018-03-18 12:12:00,-0.018749559330672128
2018-03-18 12:15:00,0.008185470869875644
2018-03-18 12:18:00,0.006907564632456342
2018-03-18 12:21:00,-0.033057484973028295
2018-03-18 12:24:00,0.04754414739443291
2018-03-18 12:27:00,-0.14608991307295582
2018-03-18 12:30:00,-0.03845440568312597
2018-03-18 12:33:00,-0.030420594598467687
2018-03-18 12:36:00,-0.08882912120071751
2018-03-18 12:39:00,-0.009531255241256531
2018-03-18 12:42:00,0.031408639623919044
2018-03-18 12:45:00,-0.010393434658908518
2018-03-18 12:48:00,0.08607062161024714
2018-03-18 12:51:00,0.03776354052740771
2018-03-18 12:54:00,-0.07553755499856152
2018-03-18 12:57:00,-0.028927969557400957
2018-03-18 13:00:00,-0.034938446587659655
2018-03-18 13:03:00,-0.09953186695969407
2018-03-18 13:06:00,-0.02129765893903368
2018-03-18 13:09:00,-0.003350591206867648
2018-03-18 13:12:00,-0.12243883444921266
2018-03-18 13:15:00,-0.0025678768654984196
2018-03-18 13:18:00,0.022675363809241844
2018-03-18 13:21:00,0.07022577750433356
2018-03-18 13:24:00,0.07542726558011736
2018-03-18 13:27:00,-0.09369484590598631
2018-03-18 13:30:00,0.030073307649047365
2018-03-18 13:33:00,0.09545641692602658
2018-03-18 13:36:00,-0.10117759924463599
2018-03-18 13:39:00,-0.06006929095826763
2018-03-18 13:42:00,-0.1532922881863783
2018-03-18 13:45:00,0.005378261401801865
2018-03-18 13:48:00,-0.04343006499391322
2018-03-18 13:51:00,-0.042749345793197335
2018-03-18 13:54:00,-0.10386620675558333
2018-03-18 13:57:00,-0.015632614066532824
2018-03-18 14:00:00,-0.015398190577002424
2018-03-18 14:03:00,0.14820800599710537
2018-03-18 14:06:00,-0.0909987398561043
2018-03-18 14:09:00,-0.179316332190524
2018-03-18 14:12:00,0.01513390907672374
2018-03-18 14:15:00,-0.16281449050848096
2018-03-18 14:18:00,-0.12611869438842405
2018-03-18 14:21:00,-0.08279192626281429
2018-03-18 14:24:00,0.041083868749467456
2018-03-18 14:27:00,-0.08607366169911757
2018-03-18 14:30:00,-0.0350772081701507
2018-03-18 14:33:00,-0.09743424006279611
2018-03-18 14:36:00,-0.1565972344800457
2018-03-18 14:39:00,-0.1273143407089492
2018-03-18 14:42:00,-0.09047389539443884
2018-03-18 14:45:00,0.12708388270351634
2018-03-18 14:48:00,0.45255144347572696
2018-03-18 14:51:00,0.3846503636812031
2018-03-18 14:54:00,0.2670750689906072
2018-03-18 14:57:00,0.4730873999306482
2018-03-18 15:00:00,0.3833669849602188
2018-03-18 15:03:00,0.20655259122224834
2018-03-18 15:06:00,0.24525415762929015
2018-03-18 15:09:00,0.23454322132164407
2018-03-18 15:12:00,0.26324181106315336
2018-03-18 15:15:00,0.3062357898296568
2018-03-18 15:18:00,0.2643699840403997
2018-03-18 15:21:00,0.2608973070904881
2018-03-18 15:24:00,0.2567503497857615
2018-03-18 15:27:00,0.44666461967131
2018-03-18 15:30:00,0.19507372445565352
2018-03-18 15:33:00,0.19062145185193913
2018-03-18 15:36:00,0.20437138074538552
2018-03-18 15:39:00,0.18708940987033884
2018-03-18 15:42:00,0.10685214647162411
2018-03-18 15:45:00,0.18583932045538631
2018-03-18 15:48:00,0.2341446244290637
2018-03-18 15:51:00,0.15723611222398404
2018-03-18 15:54:00,0.17855732753707798
2018-03-18 15:57:00,0.2109298725574149
2018-03-18 16:00:00,0.19899715429045273
2018-03-18 16:03:00,0.19911640075326886
2018-03-18 16:06:00,0.14362544723741166
2018-03-18 16:09:00,0.34264508700584884
2018-03-18 16:12:00,0.3141211058950262
2018-03-18 16:15:00,0.22836594384773434
2018-03-18 16:18:00,0.28464360874011163
2018-03-18 16:21:00,0.3233439248524519
2018-03-18 16:24:00,0.3032952154890154
2018-03-18 16:27:00,0.28895973654186946
2018-03-18 16:30:00,0.23468014038525098
2018-03-18 16:33:00,0.20983683673074438
2018-03-18 16:36:00,0.28174560229507506
2018-03-18 16:39:00,0.34880723991602736
2018-03-18 16:42:00,0.24534984087068779
2018-03-18 16:45:00,0.26821406767180633
2018-03-18 16:48:00,0.30948693456258525
2018-03-18 16:51:00,0.31122959298159003
2018-03-18 16:54:00,0.34331692808370917
2018-03-18 16:57:00,0.21836497396174082
2018-03-18 17:00:00,0.27010378905430343
2018-03-18 17:03:00,0.3276526912167128
2018-03-18 17:06:00,0.1897790281708467
2018-03-18 17:09:00,0.27145340078880054
2018-03-18 17:12:00,0.14117685501713595
2018-03-18 17:15:00,0.155889426449221
2018-03-18 17:18:00,0.09731260005889908
2018-03-18 17:21:00,0.30044581088316136
2018-03-18 17:24:00,0.21481797735680175
2018-03-18 17:27:00,0.17005588313844555
2018-03-18 17:30:00,0.32933470674032606
2018-03-18 17:33:00,0.20957800948195882
2018-03-18 17:36:00,0.10849607884540546
2018-03-18 17:39:00,0.3147054010532315
2018-03-18 17:42:00,0.16078222562623523
2018-03-18 17:45:00,0.2275090916367617
2018-03-18 17:48:00,0.20942046826871774
2018-03-18 17:51:00,0.26100458519147196
2018-03-18 17:54:00,0.2486495305658991
2018-03-18 17:57:00,0.11892784079685725
2018-03-18 18:00:00,0.2788901873648797
2018-03-18 18:03:00,0.1821600561579544
2018-03-18 18:06:00,0.23482806593415262
2018-03-18 18:09:00,0.18343460244471999
2018-03-18 18:12:00,0.14456479695240887
2018-03-18 18:15:00,0.1950696422431406
2018-03-18 18:18:00,0.29097166568828925
2018-03-18 18:21:00,0.09990479015749543
2018-03-18 18:24:00,0.16357912835309207
2018-03-18 18:27:00,0.26744148563960835
2018-03-18 18:30:00,0.27256970880517883
2018-03-18 18:33:00,0.29583612841139484
2018-03-18 18:36:00,0.2899169660043981
2018-03-18 18:39:00,0.3414401848469879
2018-03-18 18:42:00,0.26391269546769536
2018-03-18 18:45:00,0.2294137898058466
2018-03-18 18:48:00,0.25784770693348946
2018-03-18 18:51:00,0.21672771738519714
2018-03-18 18:54:00,
2018-03-18 18:57:00,
2018-03-18 19:00:00,
2018-03-18 19:03:00,0.354349217936317
2018-03-18 19:06:00,0.29682222238307077
2018-03-18 19:09:00,0.34289033940825675
2018-03-18 19:12:00,0.20558818194757578
2018-03-18 19:15:00,0.33990689737532875
2018-03-18 19:18:00,0.27191439193626366
2018-03-18 19:21:00,0.3436713799371205
2018-03-18 19:24:00,0.43477289348032855
2018-03-18 19:27:00,0.36115430274361415
2018-03-18 19:30:00,0.4370359088331952
2018-03-18 19:33:00,0.3591591588200913
2018-03-18 19:36:00,0.5181164157683043
2018-03-18 19:39:00,0.42967718118859466
2018-03-18 19:42:00,0.40123373940974716
2018-03-18 19:45:00,0.35920796991598536
2018-03-18 19:48:00,0.36801204829333756
2018-03-18 19:51:00,0.5716698655140817
2018-03-18 19:54:00,0.5470531377642374
2018-03-18 19:57:00,0.6114268152519458
2018-03-18 20:00:00,0.3013169058817198
2018-03-18 20:03:00,0.32602836137743907
2018-03-18 20:06:00,0.328658783524304
2018-03-18 20:09:00,0.3283187813341897
2018-03-18 20:12:00,0.28734493352811796
2018-03-18 20:15:00,0.24956633976506737
2018-03-18 20:18:00,0.36016167994966963
2018-03-18 20:21:00,0.27327014691252316
2018-03-18 20:24:00,0.31673061282049275
2018-03-18 20:27:00,0.31046455737345013
2018-03-18 20:30:00,0.2726510667838511
2018-03-18 20:33:00,0.2629463783601409
2018-03-18 20:36:00,0.1597710102917631
2018-03-18 20:39:00,0.2815212549631383
2018-03-18 20:42:00,0.16488637748034307
2018-03-18 20:45:00,0.25201311059925047
2018-03-18 20:48:00,0.2588151918446897
2018-03-18 20:51:00,0.17595789968879672
2018-03-18 20:54:00,0.277385950324458
2018-03-18 20:57:00,0.22000214058755319
2018-03-18 21:00:00,0.20183005615365346
2018-03-18 21:03:00,0.27655979144606135
2018-03-18 21:06:00,0.3147995137888415
2018-03-18 21:09:00,0.2847327975715075
2018-03-18 21:12:00,0.35161570072716586
2018-03-18 21:15:00,0.29464524441311823
2018-03-18 21:18:00,0.26882975881096627
2018-03-18 21:21:00,0.3217222327103286
2018-03-18 21:24:00,0.3148820273707429
2018-03-18 21:27:00,0.31397613523961354
2018-03-18 21:30:00,0.1608610646006241
2018-03-18 21:33:00,0.29707004837524664
2018-03-18 21:36:00,0.18230772407139284
2018-03-18 21:39:00,0.18164144965152218
2018-03-18 21:42:00,0.22662754211910396
2018-03-18 21:45:00,0.44587298266100106
2018-03-18 21:48:00,0.3972961400776285
2018-03-18 21:51:00,0.3180213175249378
2018-03-18 21:54:00,0.39744908179847016
2018-03-18 21:57:00,0.22385923904357696
2018-03-18 22:00:00,0.2873414641163663
2018-03-18 22:03:00,0.250455134241065
2018-03-18 22:06:00,0.3689510136003378
2018-03-18 22:09:00,0.3468892984229228
2018-03-18 22:12:00,0.3678149357846223
2018-03-18 22:15:00,0.32715071166802545
2018-03-18 22:18:00,0.40561832527782826
2018-03-18 22:21:00,0.36611710823632393
2018-03-18 22:24:00,0.27329409809414074
2018-03-18 22:27:00,0.16703389682413672
2018-03-18 22:30:00,0.26147948566432433
2018-03-18 22:33:00,0.3970066344274983
2018-03-18 22:36:00,0.2729778749780394
2018-03-18 22:39:00,0.33447738077194344
2018-03-18 22:42:00,0.29331072088950805
2018-03-18 22:45:00,0.28826597225258865
2018-03-18 22:48:00,0.23131600789275808
2018-03-18 22:51:00,0.31158165915047675
2018-03-18 22:54:00,0.39114921513049694
2018-03-18 22:57:00,0.3410132367807819
2018-03-18 23:00:00,0.3515383234469027
2018-03-18 23:03:00,0.29582552975318777
2018-03-18 23:06:00,0.35545311231766163
2018-03-18 23:09:00,0.3335206620834015
2018-03-18 23:12:00,0.35540928089716317
2018-03-18 23:15:00,0.36674733382511704
2018-03-18 23:18:00,0.4178793463538568
2018-03-18 23:21:00,0.265136609242802
2018-03-18 23:24:00,0.4238896552123492
2018-03-18 23:27:00,0.34921095925432155
2018-03-18 23:30:00,0.35245832521815146
2018-03-18 23:33:00,0.42396127471471345
2018-03-18 23:36:00,0.3459788307003464
2018-03-18 23:39:00,0.37399461759468977
2018-03-18 23:42:00,0.30548113916506736
2018-03-18 23:45:00,0.21951351180899792
2018-03-18 23:48:00,0.3636869522870825
2018-03-18 23:51:00,0.2907266880030761
2018-03-18 23:54:00,0.30197790804561464
2018-03-18 23:57:00,0.3194561237303333
2018-03-19 00:00:00,0.2935446510970223
2018-03-19 00:03:00,0.31546833069819513
2018-03-19 00:06:00,0.3351382803752472
2018-03-19 00:09:00,0.2732476223445133
2018-03-19 00:12:00,0.33282565273935916
2018-03-19 00:15:00,0.31782661165362924
2018-03-19 00:18:00,0.2658350079371985
2018-03-19 00:21:00,0.31821865830710294
2018-03-19 00:24:00,0.3447796552936211
2018-03-19 00:27:00,0.33534230620728067
2018-03-19 00:30:00,0.31295990201601853
2018-03-19 00:33:00,0.31120208799416105
2018-03-19 00:36:00,0.35598061246707857
2018-03-19 00:39:00,0.3792708856739182
2018-03-19 00:42:00,0.36709721995345035
2018-03-19 00:45:00,0.42553316780094974
2018-03-19 00:48:00,0.3411801732487447
2018-03-19 00:51:00,0.4201045219108437
2018-03-19 00:54:00,0.49533384047038
2018-03-19 00:57:00,0.4956840029022942
2018-03-19 01:00:00,0.41757971336312494
2018-03-19 01:03:00,0.42418332180636753
2018-03-19 01:06:00,0.44716634300237956
2018-03-19 01:09:00,0.3519096680059306
2018-03-19 01:12:00,0.42331791914341466
2018-03-19 01:15:00,0.31474753629800034
2018-03-19 01:18:00,0.44287025510760714
2018-03-19 01:21:00,0.3677095875702321
2018-03-19 01:24:00,0.39876309023890144
2018-03-19 01:27:00,0.39765078524362707
2018-03-19 01:30:00,0.4790684304934416
2018-03-19 01:33:00,0.3003010979082319
2018-03-19 01:36:00,0.298035678684073
2018-03-19 01:39:00,0.3437298106879325
2018-03-19 01:42:00,0.5339930701284743
2018-03-19 01:45:00,0.36833753356484067
2018-03-19 01:48:00,0.39838404260433435
2018-03-19 01:51:00,0.3308218524052222
2018-03-19 01:54:00,0.433067478366695
2018-03-19 01:57:00,0.5426615162919575
2018-03-19 02:00:00,0.34085768292248986
2018-03-19 02:03:00,0.41710537671019665
2018-03-19 02:06:00,0.3881773471640031
2018-03-19 02:09:00,0.4026221676191426
2018-03-19 02:12:00,0.39096659941219514
2018-03-19 02:15:00,0.4098718813898472
2018-03-19 02:18:00,0.40022035446713744
2018-03-19 02:21:00,0.43777892274738406
2018-03-19 02:24:00,0.5334073370415808
2018-03-19 02:27:00,0.4685497339340827
2018-03-19 02:30:00,0.4469440982934998
2018-03-19 02:33:00,0.40417012869710334
2018-03-19 02:36:00,0.40161381031094834
2018-03-19 02:39:00,0.4573907903333634
2018-03-19 02:42:00,0.5309962636884507
2018-03-19 02:45:00,0.39899617130328124
2018-03-19 02:48:00,0.4370853634271157
2018-03-19 02:51:00,0.39811558309031625
2018-03-19 02:54:00,0.37781454865626074
2018-03-19 02:57:00,0.4337514837816343
2018-03-19 03:00:00,0.34163586097270127
2018-03-19 03:03:00,0.3654864675146996
2018-03-19 03:06:00,0.3295730977977769
2018-03-19 03:09:00,0.4497005279239943
2018-03-19 03:12:00,0.4407081596505691
2018-03-19 03:15:00,0.44933234975479763
2018-03-19 03:18:00,0.4069514966230372
2018-03-19 03:21:00,0.4641016620961409
2018-03-19 03:24:00,0.42200609894058516
2018-03-19 03:27:00,0.3974463874066032
2018-03-19 03:30:00,0.4531724144548548
2018-03-19 03:33:00,0.47756766764626946
2018-03-19 03:36:00,0.41961532993622086
2018-03-19 03:39:00,0.42161964575467437
2018-03-19 03:42:00,0.4333879292436791
2018-03-19 03:45:00,0.4668699125792273
2018-03-19 03:48:00,0.48751812577478404
2018-03-19 03:51:00,0.3995725655265119
2018-03-19 03:54:00,0.5301826343794573
2018-03-19 03:57:00,0.5769611866438709
2018-03-19 04:00:00,0.4783706557245182
2018-03-19 04:03:00,0.4595890482183336
2018-03-19 04:06:00,0.5626968571587554
2018-03-19 04:09:00,0.4245398860404066
2018-03-19 04:12:00,0.5061665028200082
2018-03-19 04:15:00,0.5253277574324784
2018-03-19 04:18:00,0.5011598385177649
2018-03-19 04:21:00,0.44853660527428474
2018-03-19 04:24:00,0.5349098565720283
2018-03-19 04:27:00,0.3748255221250929
2018-03-19 04:30:00,0.5672148430749075
2018-03-19 04:33:00,0.5080896049951775
2018-03-19 04:36:00,0.5712977934648507
2018-03-19 04:39:00,0.4950052982187003
2018-03-19 04:42:00,0.5632625037441699
2018-03-19 04:45:00,0.5107551604018568
2018-03-19 04:48:00,0.5946436182862271
2018-03-19 04:51:00,0.4948827212766105
2018-03-19 04:54:00,0.645282296121195
2018-03-19 04:57:00,0.6415547323644546
2018-03-19 05:00:00,0.5541362309992337
2018-03-19 05:03:00,0.5146289634400318
2018-03-19 05:06:00,0.4930255013214264
2018-03-19 05:09:00,0.5934023097946124
2018-03-19 05:12:00,0.4850663122244896
2018-03-19 05:15:00,0.5772269118729696
2018-03-19 05:18:00,0.5612275575594481
2018-03-19 05:21:00,0.5068564243953233
2018-03-19 05:24:00,0.4691958043430873
2018-03-19 05:27:00,0.4453242192391258
2018-03-19 05:30:00,0.5030663630888057
2018-03-19 05:33:00,0.5301483513824223
2018-03-19 05:36:00,0.43350653238564973
2018-03-19 05:39:00,0.4900671270733028
2018-03-19 05:42:00,0.5770375884696364
2018-03-19 05:45:00,0.49663483202505176
2018-03-19 05:48:00,0.5418555394860505
2018-03-19 05:51:00,0.5038693791427704
2018-03-19 05:54:00,0.612034069460833
2018-03-19 05:57:00,0.5411937568466669
2018-03-19 06:00:00,0.5682891012173172
2018-03-19 06:03:00,0.5028588589649416
2018-03-19 06:06:00,0.5504396256010295
2018-03-19 06:09:00,0.6329859990121918
2018-03-19 06:12:00,0.471527430604624
2018-03-19 06:15:00,0.5471608588186427
2018-03-19 06:18:00,0.5396432998463183
2018-03-19 06:21:00,0.5245513824279442
2018-03-19 06:24:00,0.6343516566395238
2018-03-19 06:27:00,0.5563862989070572
2018-03-19 06:30:00,0.551406486398605
2018-03-19 06:33:00,0.6009173078031722
2018-03-19 06:36:00,0.5515737251840278
2018-03-19 06:39:00,0.6316543316912657
2018-03-19 06:42:00,0.5964326942745402
2018-03-19 06:45:00,0.575844233368116
2018-03-19 06:48:00,0.4470139437490275
2018-03-19 06:51:00,0.48214307515530663
2018-03-19 06:54:00,0.42473916328918904
2018-03-19 06:57:00,0.45887150477142313
2018-03-19 07:00:00,0.5935991038234647
2018-03-19 07:03:00,0.5647595006370807
2018-03-19 07:06:00,0.5403133604911545
2018-03-19 07:09:00,0.5635308489126487
2018-03-19 07:12:00,0.5398869733860465
2018-03-19 07:15:00,0.5565177038308775
2018-03-19 07:18:00,0.5109850665417639
2018-03-19 07:21:00,0.5419740223536564
2018-03-19 07:24:00,0.5370139538455874
2018-03-19 07:27:00,0.5266672760552069
2018-03-19 07:30:00,0.45388982655310883
2018-03-19 07:33:00,0.45062444915998867
2018-03-19 07:36:00,0.6073307869974087
2018-03-19 07:39:00,0.5905208065274792
2018-03-19 07:42:00,0.5109574200524207
2018-03-19 07:45:00,0.46477811260632507
2018-03-19 07:48:00,0.46983750972924554
2018-03-19 07:51:00,0.520501116746118
2018-03-19 07:54:00,0.452134664656171
2018-03-19 07:57:00,0.5553096138986575
2018-03-19 08:00:00,0.4903601124752299
2018-03-19 08:03:00,0.5000280164381365
2018-03-19 08:06:00,0.4157509933905885
2018-03-19 08:09:00,0.5571077347965456
2018-03-19 08:12:00,0.43990393908012493
2018-03-19 08:15:00,0.4425379063931132
2018-03-19 08:18:00,0.4100104148575383
2018-03-19 08:21:00,0.5120803608000415
2018-03-19 08:24:00,0.49072442754743406
2018-03-19 08:27:00,0.48367313933158584
2018-03-19 08:30:00,0.3752055390112332
2018-03-19 08:33:00,0.37628815797364723
2018-03-19 08:36:00,0.48457904038320976
2018-03-19 08:39:00,0.47995223019631794
2018-03-19 08:42:00,0.5384797381621524
2018-03-19 08:45:00,0.44655493964535253
2018-03-19 08:48:00,0.42383741327194
2018-03-19 08:51:00,0.40422845727789536
2018-03-19 08:54:00,0.48168052835580966
2018-03-19 08:57:00,0.37511732055293123
2018-03-19 09:00:00,0.32200872991575125
2018-03-19 09:03:00,0.32062795651233955
2018-03-19 09:06:00,0.3775297680181211
2018-03-19 09:09:00,0.38378707747853014
2018-03-19 09:12:00,0.39539942025061237
2018-03-19 09:15:00,0.26422406844295665
2018-03-19 09:18:00,0.3261529994849752
2018-03-19 09:21:00,0.3268943705215861
2018-03-19 09:24:00,0.2740180880269918
2018-03-19 09:27:00,0.28225468818772015
2018-03-19 09:30:00,0.2233727284759084
2018-03-19 09:33:00,0.1864301500596639
2018-03-19 09:36:00,0.17430034716750242
2018-03-19 09:39:00,0.09631235869727561
2018-03-19 09:42:00,0.2567040200239603
2018-03-19 09:45:00,0.23405526454200754
2018-03-19 09:48:00,0.26794318204582623
2018-03-19 09:51:00,0.12197659970576069
2018-03-19 09:54:00,0.0992696968258997
2018-03-19 09:57:00,0.264092749467693
2018-03-19 10:00:00,0.11076362031565168
2018-03-19 10:03:00,0.1420867186575947
2018-03-19 10:06:00,0.1913666985844884
2018-03-19 10:09:00,0.05415300736780182
2018-03-19 10:12:00,0.09795472599387267
2018-03-19 10:15:00,0.06666633427016677
2018-03-19 10:18:00,-0.025394592802683746
2018-03-19 10:21:00,0.09400852509594415
2018-03-19 10:24:00,0.017170983307948973
2018-03-19 10:27:00,0.06260708276744253
2018-03-19 10:30:00,-0.003715644060832801
2018-03-19 10:33:00,0.0397691943531413
2018-03-19 10:36:00,-0.006954457183269369
2018-03-19 10:39:00,0.08491376385916283
2018-03-19 10:42:00,-0.02017311513225195
2018-03-19 10:45:00,0.017782919549802045
2018-03-19 10:48:00,-0.013833300281191896
2018-03-19 10:51:00,0.06570970510239249
2018-03-19 10:54:00,0.01655733024699657
2018-03-19 10:57:00,0.07258249017030494
2018-03-19 11:00:00,0.0002867795215024671
2018-03-19 11:03:00,-0.0767668791622782
2018-03-19 11:06:00,-0.12292094390238617
2018-03-19 11:09:00,0.0010892872220438221
2018-03-19 11:12:00,-0.09368276769129125
2018-03-19 11:15:00,-0.0445453804595104
2018-03-19 11:18:00,-0.14915008392642903
2018-03-19 11:21:00,-0.019624484571124867
2018-03-19 11:24:00,-0.051081343394685064
2018-03-19 11:27:00,-0.12184240347460218
2018-03-19 11:30:00,-0.05102314336988911
2018-03-19 11:33:00,-0.07864810901691044
2018-03-19 11:36:00,-0.13061376914055245
2018-03-19 11:39:00,-0.13692046530604784
2018-03-19 11:42:00,-0.0776781276406382
2018-03-19 11:45:00,-0.2076720898398321
2018-03-19 11:48:00,-0.20252691860616778
2018-03-19 11:51:00,-0.14842615580693064
2018-03-19 11:54:00,-0.14673944383065418
2018-03-19 11:57:00,-0.08818290994838662
2018-03-19 12:00:00,-0.0613738250104916
2018-03-19 12:03:00,-0.17074812636138859
2018-03-19 12:06:00,-0.10615479254187221
2018-03-19 12:09:00,-0.1905346763956004
2018-03-19 12:12:00,-0.1589869333784577
2018-03-19 12:15:00,-0.16818187986473276
2018-03-19 12:18:00,0.0038675827670431318
2018-03-19 12:21:00,-0.1775429556846575
2018-03-19 12:24:00,-0.18677330474321252
2018-03-19 12:27:00,-0.08854574632903223
2018-03-19 12:30:00,0.011256520399001602
2018-03-19 12:33:00,-0.11992358306457618
2018-03-19 12:36:00,-0.12457315430998506
2018-03-19 12:39:00,-0.24751202369640168
2018-03-19 12:42:00,-0.30765627608343493
2018-03-19 12:45:00,-0.2241993586078479
2018-03-19 12:48:00,-0.15599021309236605
2018-03-19 12:51:00,-0.187423431149341
2018-03-19 12:54:00,-0.15840034950866766
2018-03-19 12:57:00,-0.0037496872123483627
2018-03-19 13:00:00,-0.11124109130577153
2018-03-19 13:03:00,-0.06341241533885977
2018-03-19 13:06:00,-0.055228795886364423
2018-03-19 13:09:00,0.05963745459615666
2018-03-19 13:12:00,0.03416732439404768
2018-03-19 13:15:00,0.0011264598927596126
2018-03-19 13:18:00,0.03940401883846789
2018-03-19 13:21:00,0.11526949905839956
2018-03-19 13:24:00,0.06125921961603353
2018-03-19 13:27:00,-0.0723982538125938
2018-03-19 13:30:00,-0.1401392229506655
2018-03-19 13:33:00,-0.04015525311695001
2018-03-19 13:36:00,-0.03601480090844689
2018-03-19 13:39:00,0.2194994650614035
2018-03-19 13:42:00,0.0511180639119857
2018-03-19 13:45:00,0.2500737229937613
2018-03-19 13:48:00,0.24071839238234816
2018-03-19 13:51:00,0.017413856779569414
2018-03-19 13:54:00,-0.04773880728367885
2018-03-19 13:57:00,-0.0227298280609034
2018-03-19 14:00:00,-0.20151839805555483
2018-03-19 14:03:00,-0.00406534668167069
2018-03-19 14:06:00,-0.11055967060912053
2018-03-19 14:09:00,-0.09414767916223354
2018-03-19 14:12:00,0.0312620744480796
2018-03-19 14:15:00,0.06734370443280113
2018-03-19 14:18:00,-0.055018904142059455
2018-03-19 14:21:00,0.13937136696046082
2018-03-19 14:24:00,0.21347136016032664
2018-03-19 14:27:00,0.3982483797067857
2018-03-19 14:30:00,0.32072953860568987
2018-03-19 14:33:00,0.2864606486866137
2018-03-19 14:36:00,0.2960755640970092
2018-03-19 14:39:00,0.23554655943871694
2018-03-19 14:42:00,0.2808385681926211
2018-03-19 14:45:00,0.2869815222800298
2018-03-19 14:48:00,0.2829184455190443
2018-03-19 14:51:00,0.050741062959446026
2018-03-19 14:54:00,0.22528884276562167
2018-03-19 14:57:00,0.15874805653351132
2018-03-19 15:00:00,0.2351438890400459
2018-03-19 15:03:00,0.3654385240564011
2018-03-19 15:06:00,0.14170495683219997
2018-03-19 15:09:00,0.18177555506792942
2018-03-19 15:12:00,0.16670310020521129
2018-03-19 15:15:00,0.20026345273333845
2018-03-19 15:18:00,0.16622724376964015
2018-03-19 15:21:00,0.354914105086948
2018-03-19 15:24:00,0.245790422930952
2018-03-19 15:27:00,0.26266652540880386
2018-03-19 15:30:00,0.3600632037437208
2018-03-19 15:33:00,0.15878260538880795
2018-03-19 15:36:00,0.20004479933106722
2018-03-19 15:39:00,0.2988023137438631
2018-03-19 15:42:00,0.3306258688371031
2018-03-19 15:45:00,0.2686038445039003
2018-03-19 15:48:00,0.36704044719533613
2018-03-19 15:51:00,0.3504287391909884
2018-03-19 15:54:00,0.38000356797056156
2018-03-19 15:57:00,0.3518632800494288
2018-03-19 16:00:00,0.3477343990685995
2018-03-19 16:03:00,0.3380828757290715
2018-03-19 16:06:00,0.19303331275352775
2018-03-19 16:09:00,0.270969963000141
2018-03-19 16:12:00,0.3139484586648109
2018-03-19 16:15:00,0.2505066563052196
2018-03-19 16:18:00,0.2658940674066912
2018-03-19 16:21:00,0.24007179886149288
2018-03-19 16:24:00,0.21618588138017003
2018-03-19 16:27:00,0.15418145771883474
2018-03-19 16:30:00,0.15325635532019533
2018-03-19 16:33:00,0.16447314039572802
2018-03-19 16:36:00,0.11484495594322652
2018-03-19 16:39:00,0.12732163353842907
2018-03-19 16:42:00,0.07006776746180776
2018-03-19 16:45:00,0.11252098585885051
2018-03-19 16:48:00,0.1924033037981303
2018-03-19 16:51:00,0.11642435403462059
2018-03-19 16:54:00,0.17179024203062454
2018-03-19 16:57:00,0.20618264717677448
2018-03-19 17:00:00,0.08923128047911177
2018-03-19 17:03:00,0.18737052328134496
2018-03-19 17:06:00,0.18413273852638667
2018-03-19 17:09:00,0.1589530974889044
2018-03-19 17:12:00,0.18813141304991632
2018-03-19 17:15:00,0.3061429073253521
2018-03-19 17:18:00,0.11735324222416921
2018-03-19 17:21:00,0.17569614680996892
2018-03-19 17:24:00,0.13267847696488388
2018-03-19 17:27:00,0.18346012878151896
2018-03-19 17:30:00,0.08721615257059057
2018-03-19 17:33:00,0.09044931418867463
2018-03-19 17:36:00,0.09555598591032322
2018-03-19 17:39:00,0.1591171192613956
2018-03-19 17:42:00,0.15315714086227672
2018-03-19 17:45:00,0.1621945492962027
2018-03-19 17:48:00,0.25390004675682576
2018-03-19 17:51:00,0.2179482503444774
2018-03-19 17:54:00,0.20869945682505886
2018-03-19 17:57:00,0.12137375605465195
2018-03-19 18:00:00,0.12850103615721764
2018-03-19 18:03:00,0.20070055763545724
2018-03-19 18:06:00,0.21711400546638515
2018-03-19 18:09:00,0.18820013503460586
2018-03-19 18:12:00,0.13543270616457903
2018-03-19 18:15:00,0.20738737323847545
2018-03-19 18:18:00,0.15535717199901455
2018-03-19 18:21:00,0.20849315237529709
2018-03-19 18:24:00,0.3092294858869309
2018-03-19 18:27:00,0.1917967680525976
2018-03-19 18:30:00,0.1099483069656344
2018-03-19 18:33:00,0.141494305281185
2018-03-19 18:36:00,0.2763880918308814
2018-03-19 18:39:00,0.2113024246125974
2018-03-19 18:42:00,0.2729813298361137
2018-03-19 18:45:00,0.17961139805271387
2018-03-19 18:48:00,0.24102590244723388
2018-03-19 18:51:00,0.18650430385883965
2018-03-19 18:54:00,0.13517283619609088
2018-03-19 18:57:00,
2018-03-19 19:00:00,
2018-03-19 19:03:00,
2018-03-19 19:06:00,
2018-03-19 19:09:00,0.23743465984239265
2018-03-19 19:12:00,0.16762887215111277
2018-03-19 19:15:00,0.24124190289069247
2018-03-19 19:18:00,0.13275426913924093
2018-03-19 19:21:00,0.17332831095291112
2018-03-19 19:24:00,0.25214437002119894
2018-03-19 19:27:00,0.15944101821378354
2018-03-19 19:30:00,0.31618250376362766
2018-03-19 19:33:00,0.19943859642705775
2018-03-19 19:36:00,0.24395699247389757
2018-03-19 19:39:00,0.25823774176268444
2018-03-19 19:42:00,0.26998393717087765
2018-03-19 19:45:00,0.19473930460151223
2018-03-19 19:48:00,0.2182304138735276
2018-03-19 19:51:00,0.2811105294058507
2018-03-19 19:54:00,0.1446051056539659
2018-03-19 19:57:00,0.2124556328561198
2018-03-19 20:00:00,0.1604784363419185
2018-03-19 20:03:00,0.34063156348145185
2018-03-19 20:06:00,0.2828242336345852
2018-03-19 20:09:00,0.21413833298572627
2018-03-19 20:12:00,0.2552248446421004
2018-03-19 20:15:00,0.27587286942628
2018-03-19 20:18:00,0.33907873944804123
2018-03-19 20:21:00,0.3169780259505046
2018-03-19 20:24:00,0.3639964335392847
2018-03-19 20:27:00,0.3511687961822645
2018-03-19 20:30:00,0.3480691982467192
2018-03-19 20:33:00,0.3216542132936979
2018-03-19 20:36:00,0.2655531694111346
2018-03-19 20:39:00,0.35778307621552585
2018-03-19 20:42:00,0.4508206316779706
2018-03-19 20:45:00,0.33060600128902706
2018-03-19 20:48:00,0.40402808252764544
2018-03-19 20:51:00,0.3738802347234014
2018-03-19 20:54:00,0.2612240748719614
2018-03-19 20:57:00,0.28365304231454047
2018-03-19 21:00:00,0.20159245156611405
2018-03-19 21:03:00,0.26357863860522457
2018-03-19 21:06:00,0.27994183674815076
2018-03-19 21:09:00,0.3257219827261224
2018-03-19 21:12:00,0.2732567246885651
2018-03-19 21:15:00,0.3447443405137278
2018-03-19 21:18:00,0.27415699890724454
2018-03-19 21:21:00,0.29485873675270113
2018-03-19 21:24:00,
2018-03-19 21:27:00,
2018-03-19 21:30:00,
2018-03-19 21:33:00,
2018-03-19 21:36:00,
2018-03-19 21:39:00,
2018-03-19 21:42:00,
2018-03-19 21:45:00,
2018-03-19 21:48:00,
2018-03-19 21:51:00,
2018-03-19 21:54:00,
2018-03-19 21:57:00,
2018-03-19 22:00:00,
2018-03-19 22:03:00,
2018-03-19 22:06:00,
2018-03-19 22:09:00,
2018-03-19 22:12:00,
2018-03-19 22:15:00,
2018-03-19 22:18:00,
2018-03-19 22:21:00,
2018-03-19 22:24:00,
2018-03-19 22:27:00,
2018-03-19 22:30:00,
2018-03-19 22:33:00,
2018-03-19 22:36:00,
2018-03-19 22:39:00,
2018-03-19 22:42:00,
2018-03-19 22:45:00,
2018-03-19 22:48:00,
2018-03-19 22:51:00,
2018-03-19 22:54:00,
2018-03-19 22:57:00,
2018-03-19 23:00:00,
2018-03-19 23:03:00,
2018-03-19 23:06:00,
2018-03-19 23:09:00,
2018-03-19 23:12:00,
2018-03-19 23:15:00,
2018-03-19 23:18:00,
2018-03-19 23:21:00,
2018-03-19 23:24:00,
2018-03-19 23:27:00,
2018-03-19 23:30:00,
2018-03-19 23:33:00,
2018-03-19 23:36:00,
2018-03-19 23:39:00,
2018-03-19 23:42:00,
2018-03-19 23:45:00,
2018-03-19 23:48:00,
2018-03-19 23:51:00,
2018-03-19 23:54:00,
2018-03-19 23:57:00,
2018-03-20 00:00:00,
2018-03-20 00:03:00,
2018-03-20 00:06:00,
2018-03-20 00:09:00,
2018-03-20 00:12:00,
2018-03-20 00:15:00,
2018-03-20 00:18:00,
2018-03-20 00:21:00,
2018-03-20 00:24:00,
2018-03-20 00:27:00,
2018-03-20 00:30:00,
2018-03-20 00:33:00,
2018-03-20 00:36:00,
2018-03-20 00:39:00,
2018-03-20 00:42:00,
2018-03-20 00:45:00,
2018-03-20 00:48:00,
2018-03-20 00:51:00,
2018-03-20 00:54:00,
2018-03-20 00:57:00,
2018-03-20 01:00:00,
2018-03-20 01:03:00,
2018-03-20 01:06:00,
2018-03-20 01:09:00,
2018-03-20 01:12:00,
2018-03-20 01:15:00,
2018-03-20 01:18:00,
2018-03-20 01:21:00,
2018-03-20 01:24:00,
2018-03-20 01:27:00,
2018-03-20 01:30:00,
2018-03-20 01:33:00,
2018-03-20 01:36:00,
2018-03-20 01:39:00,
2018-03-20 01:42:00,
2018-03-20 01:45:00,
2018-03-20 01:48:00,
2018-03-20 01:51:00,
2018-03-20 01:54:00,
2018-03-20 01:57:00,
2018-03-20 02:00:00,
2018-03-20 02:03:00,
2018-03-20 02:06:00,
2018-03-20 02:09:00,
2018-03-20 02:12:00,
2018-03-20 02:15:00,
2018-03-20 02:18:00,
2018-03-20 02:21:00,
2018-03-20 02:24:00,
2018-03-20 02:27:00,
2018-03-20 02:30:00,
2018-03-20 02:33:00,
2018-03-20 02:36:00,
2018-03-20 02:39:00,
2018-03-20 02:42:00,
2018-03-20 02:45:00,
2018-03-20 02:48:00,
2018-03-20 02:51:00,
2018-03-20 02:54:00,
2018-03-20 02:57:00,
2018-03-20 03:00:00,
2018-03-20 03:03:00,
2018-03-20 03:06:00,
2018-03-20 03:09:00,
2018-03-20 03:12:00,
2018-03-20 03:15:00,
2018-03-20 03:18:00,
2018-03-20 03:21:00,
2018-03-20 03:24:00,
2018-03-20 03:27:00,
2018-03-20 03:30:00,
2018-03-20 03:33:00,
2018-03-20 03:36:00,
2018-03-20 03:39:00,
2018-03-20 03:42:00,
2018-03-20 03:45:00,
2018-03-20 03:48:00,
2018-03-20 03:51:00,
2018-03-20 03:54:00,
2018-03-20 03:57:00,
2018-03-20 04:00:00,
2018-03-20 04:03:00,
2018-03-20 04:06:00,
2018-03-20 04:09:00,
2018-03-20 04:12:00,
2018-03-20 04:15:00,
2018-03-20 04:18:00,
2018-03-20 04:21:00,
2018-03-20 04:24:00,
2018-03-20 04:27:00,
2018-03-20 04:30:00,
2018-03-20 04:33:00,
2018-03-20 04:36:00,
2018-03-20 04:39:00,
2018-03-20 04:42:00,
2018-03-20 04:45:00,
2018-03-20 04:48:00,
2018-03-20 04:51:00,
2018-03-20 04:54:00,
2018-03-20 04:57:00,0.42344017597793027
2018-03-20 05:00:00,0.5286620328027425
2018-03-20 05:03:00,0.4415037666045123
2018-03-20 05:06:00,0.31393057327449014
2018-03-20 05:09:00,0.5081605518572019
2018-03-20 05:12:00,0.4670946362558084
2018-03-20 05:15:00,0.3646442671761747
2018-03-20 05:18:00,0.47286751722811005
2018-03-20 05:21:00,0.37253203350854847
2018-03-20 05:24:00,0.49550370324158166
2018-03-20 05:27:00,0.522580372656023
2018-03-20 05:30:00,0.4644234645248275
2018-03-20 05:33:00,0.39445690481664997
2018-03-20 05:36:00,0.4279118615830839
2018-03-20 05:39:00,0.41980271279146564
2018-03-20 05:42:00,0.4602431003797278
2018-03-20 05:45:00,0.4487980343897675
2018-03-20 05:48:00,0.4275136178777075
2018-03-20 05:51:00,0.4731437440105424
2018-03-20 05:54:00,0.5143236972720047
2018-03-20 05:57:00,0.4217909814648806
2018-03-20 06:00:00,0.4049132176812691
2018-03-20 06:03:00,0.325065825089041
2018-03-20 06:06:00,0.430606377837762
2018-03-20 06:09:00,0.33334154840088104
2018-03-20 06:12:00,0.4414641631469749
2018-03-20 06:15:00,0.3484653447108599
2018-03-20 06:18:00,0.5092308926751343
2018-03-20 06:21:00,0.41544797262019983
2018-03-20 06:24:00,0.3475742818300773
2018-03-20 06:27:00,0.5783152821146587
2018-03-20 06:30:00,0.4262271269361122
2018-03-20 06:33:00,0.4774350424899012
2018-03-20 06:36:00,0.49254982734879604
2018-03-20 06:39:00,0.520454924355704
2018-03-20 06:42:00,0.4660165060436725
2018-03-20 06:45:00,0.4717270418416888
2018-03-20 06:48:00,0.4932717919963352
2018-03-20 06:51:00,0.5206320338486421
2018-03-20 06:54:00,0.4573120327276001
2018-03-20 06:57:00,0.5251771267790559
2018-03-20 07:00:00,0.5223588478129386
2018-03-20 07:03:00,0.5609729139740125
2018-03-20 07:06:00,0.47130536665503087
2018-03-20 07:09:00,0.411845093121201
2018-03-20 07:12:00,0.3420444615528595
2018-03-20 07:15:00,0.39949101189102976
2018-03-20 07:18:00,0.41558921762089085
2018-03-20 07:21:00,0.3110989779136162
2018-03-20 07:24:00,0.3594784946256482
2018-03-20 07:27:00,0.2873839119677086
2018-03-20 07:30:00,0.26420936645081383
2018-03-20 07:33:00,0.47199940172663446
2018-03-20 07:36:00,0.23421841661712506
2018-03-20 07:39:00,0.4075472447543689
2018-03-20 07:42:00,0.2774227457905454
2018-03-20 07:45:00,0.31003890817459023
2018-03-20 07:48:00,0.3588288387531975
2018-03-20 07:51:00,0.2958935982637172
2018-03-20 07:54:00,0.3684952599153348
2018-03-20 07:57:00,0.3836230954688631
2018-03-20 08:00:00,0.5360158696155963
2018-03-20 08:03:00,0.35590441996095024
2018-03-20 08:06:00,0.4068791061412753
2018-03-20 08:09:00,0.3326755754855526
2018-03-20 08:12:00,0.35954785274168444
2018-03-20 08:15:00,0.433536173347818
2018-03-20 08:18:00,0.35749207063429367
2018-03-20 08:21:00,0.44381158440472745
2018-03-20 08:24:00,0.42132751576264127
2018-03-20 08:27:00,0.4415336669211456
2018-03-20 08:30:00,0.4008433343817046
2018-03-20 08:33:00,0.33366112973880035
2018-03-20 08:36:00,0.3471181125844396
2018-03-20 08:39:00,0.3085044350457906
2018-03-20 08:42:00,0.4032937502597065
2018-03-20 08:45:00,0.45149843842864357
2018-03-20 08:48:00,0.40556161662107115
2018-03-20 08:51:00,0.32773643223168847
2018-03-20 08:54:00,0.46535473582491704
2018-03-20 08:57:00,0.3143702521018099
2018-03-20 09:00:00,0.4330489766188066
2018-03-20 09:03:00,0.1887173260107602
2018-03-20 09:06:00,0.4031483869298995
2018-03-20 09:09:00,0.2958447105057189
2018-03-20 09:12:00,0.3335481175496966
2018-03-20 09:15:00,0.24984234524907833
2018-03-20 09:18:00,0.22539990826652456
2018-03-20 09:21:00,0.21472180102438188
2018-03-20 09:24:00,0.17276286848573363
2018-03-20 09:27:00,0.2575168903013605
2018-03-20 09:30:00,0.24433627413969816
2018-03-20 09:33:00,0.19826220339581369
2018-03-20 09:36:00,0.2309911755156122
2018-03-20 09:39:00,0.1805675230518773
2018-03-20 09:42:00,0.35583205333205115
2018-03-20 09:45:00,0.17167487501774303
2018-03-20 09:48:00,0.21039401954016057
2018-03-20 09:51:00,0.15533100237797726
2018-03-20 09:54:00,0.19140632058895335
2018-03-20 09:57:00,0.10895055004692722
2018-03-20 10:00:00,0.1638567521972618
2018-03-20 10:03:00,0.2571990283211676
2018-03-20 10:06:00,0.2633206261873511
2018-03-20 10:09:00,0.2052718001507401
2018-03-20 10:12:00,0.24608313672774784
2018-03-20 10:15:00,0.18071153010953367
2018-03-20 10:18:00,0.2060239868202416
2018-03-20 10:21:00,0.31270931813554625
2018-03-20 10:24:00,0.24803961656789397
2018-03-20 10:27:00,0.16151488624217336
2018-03-20 10:30:00,0.2523460692652293
2018-03-20 10:33:00,0.14726131078373328
2018-03-20 10:36:00,0.18624536165145855
2018-03-20 10:39:00,0.22462459272776414
2018-03-20 10:42:00,0.13398332251199463
2018-03-20 10:45:00,0.14988784889777662
2018-03-20 10:48:00,0.3641069826040848
2018-03-20 10:51:00,0.27938327543955666
2018-03-20 10:54:00,0.3830056192471716
2018-03-20 10:57:00,0.18501188549805647
2018-03-20 11:00:00,0.2832313673911244
2018-03-20 11:03:00,0.2348381334341525
2018-03-20 11:06:00,0.21840004552535675
2018-03-20 11:09:00,0.20903505605713235
2018-03-20 11:12:00,0.139958746172681
2018-03-20 11:15:00,0.18551748335403317
2018-03-20 11:18:00,0.21350181103576915
2018-03-20 11:21:00,0.1522126090906113
2018-03-20 11:24:00,0.16632456664376605
2018-03-20 11:27:00,0.16930500192825093
2018-03-20 11:30:00,0.46080547969665986
2018-03-20 11:33:00,0.2932536288342362
2018-03-20 11:36:00,0.1799699345931458
2018-03-20 11:39:00,0.20329097077967617
2018-03-20 11:42:00,0.18057980241582072
2018-03-20 11:45:00,0.1113204663681131
2018-03-20 11:48:00,0.1885155216356793
2018-03-20 11:51:00,0.27256213021792064
2018-03-20 11:54:00,0.3340681252170725
2018-03-20 11:57:00,0.2146821257572924
2018-03-20 12:00:00,0.15877228134661436
2018-03-20 12:03:00,0.15075822005690043
2018-03-20 12:06:00,0.13637338404890897
2018-03-20 12:09:00,0.21698984288138945
2018-03-20 12:12:00,0.18887729724070823
2018-03-20 12:15:00,0.17472003755636933
2018-03-20 12:18:00,0.23696385697240885
2018-03-20 12:21:00,0.15653724540658231
2018-03-20 12:24:00,0.1286161517838309
2018-03-20 12:27:00,0.12503989982116082
2018-03-20 12:30:00,0.24757531346710948
2018-03-20 12:33:00,0.19916197388420187
2018-03-20 12:36:00,0.10695361534516223
2018-03-20 12:39:00,0.08228739652645345
2018-03-20 12:42:00,0.0694823668379172
2018-03-20 12:45:00,0.08758620752109891
2018-03-20 12:48:00,0.08924185651767402
2018-03-20 12:51:00,-0.0017050626303785066
2018-03-20 12:54:00,0.02091431692832657
2018-03-20 12:57:00,0.05520208955471162
2018-03-20 13:00:00,0.11646823933330097
2018-03-20 13:03:00,0.17522938411661926
2018-03-20 13:06:00,0.3180147635402477
2018-03-20 13:09:00,0.29877807731901385
2018-03-20 13:12:00,0.1559174343705081
2018-03-20 13:15:00,0.1545771267126952
2018-03-20 13:18:00,0.10691909712232928
2018-03-20 13:21:00,0.20150881851020586
2018-03-20 13:24:00,0.19907481325441267
2018-03-20 13:27:00,0.1534341331761766
2018-03-20 13:30:00,0.1824797850156301
2018-03-20 13:33:00,0.08648477022808265
2018-03-20 13:36:00,0.08193833827385788
2018-03-20 13:39:00,-0.01706135396176478
2018-03-20 13:42:00,0.09702622142344808
2018-03-20 13:45:00,-0.014206576362084888
2018-03-20 13:48:00,0.08729631073856581
2018-03-20 13:51:00,-0.03059502016026272
2018-03-20 13:54:00,-0.004577532863720535
2018-03-20 13:57:00,0.1188482640948223
2018-03-20 14:00:00,0.19244344174467187
2018-03-20 14:03:00,0.06150398622719422
2018-03-20 14:06:00,0.052926608006146125
2018-03-20 14:09:00,0.037145041756332375
2018-03-20 14:12:00,0.12468471740390896
2018-03-20 14:15:00,0.22396709882826826
2018-03-20 14:18:00,0.15675515797562412
2018-03-20 14:21:00,0.20402205212928948
2018-03-20 14:24:00,0.18171673825236212
2018-03-20 14:27:00,0.09152917939474037
2018-03-20 14:30:00,0.12136578326118297
2018-03-20 14:33:00,0.1306344069432157
2018-03-20 14:36:00,0.042180216881035903
2018-03-20 14:39:00,0.14993325818130643
2018-03-20 14:42:00,0.20009076285708716
2018-03-20 14:45:00,0.2251381554042382
2018-03-20 14:48:00,0.14282693518691758
2018-03-20 14:51:00,0.17634094291264546
2018-03-20 14:54:00,0.2755870035405792
2018-03-20 14:57:00,0.2534204654715495
2018-03-20 15:00:00,0.23900342319109313
2018-03-20 15:03:00,0.1631558726970752
2018-03-20 15:06:00,0.2166940063225411
2018-03-20 15:09:00,0.23654942012558422
2018-03-20 15:12:00,0.2979368951213246
2018-03-20 15:15:00,0.09826373397015686
2018-03-20 15:18:00,0.20216819203471914
2018-03-20 15:21:00,0.2750131996457412
2018-03-20 15:24:00,0.19149986807838104
2018-03-20 15:27:00,0.15711056140628443
2018-03-20 15:30:00,0.1659887669411546
2018-03-20 15:33:00,0.2093570000815248
2018-03-20 15:36:00,0.2056344349733763
2018-03-20 15:39:00,0.19693888600789933
2018-03-20 15:42:00,0.051201448553058526
2018-03-20 15:45:00,0.1531595240934962
2018-03-20 15:48:00,0.17981331433776404
2018-03-20 15:51:00,0.09473565895001457
2018-03-20 15:54:00,0.05730090086223072
2018-03-20 15:57:00,-0.03384058072390417
2018-03-20 16:00:00,0.09413744086128872
2018-03-20 16:03:00,-0.01070550092765643
2018-03-20 16:06:00,0.17832439896523056
2018-03-20 16:09:00,0.04970264187346629
2018-03-20 16:12:00,0.11094258962179993
2018-03-20 16:15:00,0.00248428957405622
2018-03-20 16:18:00,0.06677236300197364
2018-03-20 16:21:00,0.14545348017287552
2018-03-20 16:24:00,0.09490366411313289
2018-03-20 16:27:00,0.0621646930014208
2018-03-20 16:30:00,-0.05062472878489643
2018-03-20 16:33:00,0.0303848603389838
2018-03-20 16:36:00,0.15553162766696005
2018-03-20 16:39:00,0.0962530835864186
2018-03-20 16:42:00,0.10316609760747042
2018-03-20 16:45:00,0.16332083693964705
2018-03-20 16:48:00,0.38009736624906054
2018-03-20 16:51:00,0.3841273454655152
2018-03-20 16:54:00,0.36749822760924644
2018-03-20 16:57:00,0.45632255368582264
2018-03-20 17:00:00,0.5148854540245225
2018-03-20 17:03:00,0.47960962189387146
2018-03-20 17:06:00,0.43513035055377713
2018-03-20 17:09:00,0.4452259512160026
2018-03-20 17:12:00,0.37894795125907876
2018-03-20 17:15:00,0.5464633355830415
2018-03-20 17:18:00,0.4230531180052708
2018-03-20 17:21:00,0.36117512183250255
2018-03-20 17:24:00,0.16628553541460178
2018-03-20 17:27:00,0.03414983233830071
2018-03-20 17:30:00,0.19253537777933616
2018-03-20 17:33:00,0.14106093823414767
2018-03-20 17:36:00,0.03150269868439182
2018-03-20 17:39:00,0.1281780301883373
2018-03-20 17:42:00,0.2619157296773551
2018-03-20 17:45:00,0.26084767241007967
2018-03-20 17:48:00,0.2881349707968184
2018-03-20 17:51:00,0.21798638023409467
2018-03-20 17:54:00,0.23631832792733576
2018-03-20 17:57:00,0.2368251905849661
2018-03-20 18:00:00,0.285588935217163
2018-03-20 18:03:00,0.4037375119603439
2018-03-20 18:06:00,0.5602268093257976
2018-03-20 18:09:00,0.7567336123255473
2018-03-20 18:12:00,0.7607098826985634
2018-03-20 18:15:00,0.613937476609749
2018-03-20 18:18:00,0.4689753670268715
2018-03-20 18:21:00,0.3485532921986305
2018-03-20 18:24:00,0.3462727447874272
2018-03-20 18:27:00,0.26196483231746015
2018-03-20 18:30:00,0.3233933797954478
2018-03-20 18:33:00,0.36905512598758605
2018-03-20 18:36:00,0.4709204126571649
2018-03-20 18:39:00,0.4954926650053153
2018-03-20 18:42:00,0.6148847596674045
2018-03-20 18:45:00,0.6039261555226858
2018-03-20 18:48:00,
2018-03-20 18:51:00,
2018-03-20 18:54:00,
2018-03-20 18:57:00,
2018-03-20 19:00:00,
2018-03-20 19:03:00,0.41928259719145444
2018-03-20 19:06:00,0.3986883094717655
2018-03-20 19:09:00,0.24943378711293462
2018-03-20 19:12:00,0.28479610975966807
2018-03-20 19:15:00,0.5100508701619901
2018-03-20 19:18:00,0.3742926556462862
2018-03-20 19:21:00,0.39476797565714605
2018-03-20 19:24:00,0.5065710367052816
2018-03-20 19:27:00,0.44998895986839216
2018-03-20 19:30:00,0.4958345142765097
2018-03-20 19:33:00,0.6160889105543674
2018-03-20 19:36:00,0.5088344069077948
2018-03-20 19:39:00,0.5726393086805501
2018-03-20 19:42:00,0.44532948423795915
2018-03-20 19:45:00,0.42017658651860756
2018-03-20 19:48:00,0.5939501306448278
2018-03-20 19:51:00,0.6290039918612251
2018-03-20 19:54:00,0.8005685297194987
2018-03-20 19:57:00,0.7217895142783846
2018-03-20 20:00:00,0.6504237557654164
2018-03-20 20:03:00,0.7971773957906976
2018-03-20 20:06:00,0.7756995799689435
2018-03-20 20:09:00,0.7456231035218366
2018-03-20 20:12:00,0.8686499656698174
2018-03-20 20:15:00,0.6916792017512421
2018-03-20 20:18:00,0.7903855956305961
2018-03-20 20:21:00,0.8079355966734738
2018-03-20 20:24:00,0.8281682269935686
2018-03-20 20:27:00,0.8579570990688694
2018-03-20 20:30:00,0.8275131758849739
2018-03-20 20:33:00,0.8170075608811089
2018-03-20 20:36:00,0.8434275522538428
2018-03-20 20:39:00,0.8459120644232598
2018-03-20 20:42:00,0.7352929638314549
2018-03-20 20:45:00,0.7120806675686708
2018-03-20 20:48:00,0.9290856498959101
2018-03-20 20:51:00,0.9377514594327749
2018-03-20 20:54:00,0.866101050614418
2018-03-20 20:57:00,0.8429043295413976
2018-03-20 21:00:00,0.8258035830584163
2018-03-20 21:03:00,0.7919196605132583
2018-03-20 21:06:00,0.6398875691992316
2018-03-20 21:09:00,0.5647768102150508
2018-03-20 21:12:00,0.38224215970183195
2018-03-20 21:15:00,0.3605873580807497
2018-03-20 21:18:00,0.30392319203991747
2018-03-20 21:21:00,0.3590849040090802
2018-03-20 21:24:00,0.3792696918138745
2018-03-20 21:27:00,0.4218688429822919
2018-03-20 21:30:00,0.45089314258592594
2018-03-20 21:33:00,0.5448475119383147
2018-03-20 21:36:00,0.5951921746900553
2018-03-20 21:39:00,0.709088218280499
2018-03-20 21:42:00,0.5953502209780481
2018-03-20 21:45:00,0.7024012473938797
2018-03-20 21:48:00,0.5811613013490842
2018-03-20 21:51:00,0.6582641425765701
2018-03-20 21:54:00,0.8068329325535615
2018-03-20 21:57:00,0.887339818623218
2018-03-20 22:00:00,0.8688790457289883
2018-03-20 22:03:00,0.7793395715387987
2018-03-20 22:06:00,0.9109098606293173
2018-03-20 22:09:00,1.0453769113803446
2018-03-20 22:12:00,0.986960124421671
2018-03-20 22:15:00,1.0143788695547755
2018-03-20 22:18:00,1.0617214482144277
2018-03-20 22:21:00,0.9392251623618222
2018-03-20 22:24:00,0.9649970310121034
2018-03-20 22:27:00,0.7904307742677474
2018-03-20 22:30:00,0.7436878957666977
2018-03-20 22:33:00,0.694043963508193
2018-03-20 22:36:00,0.6165762015833707
2018-03-20 22:39:00,0.6741851045293856
2018-03-20 22:42:00,0.7529158871724917
2018-03-20 22:45:00,0.9178461033631606
2018-03-20 22:48:00,0.9291836769405108
2018-03-20 22:51:00,0.7905840786523868
2018-03-20 22:54:00,0.5655937274043481
2018-03-20 22:57:00,0.605339943927504
2018-03-20 23:00:00,0.5345841030386964
2018-03-20 23:03:00,0.5860993144995632
2018-03-20 23:06:00,0.6565820731339613
2018-03-20 23:09:00,0.5717490262056799
2018-03-20 23:12:00,0.5615865954422361
2018-03-20 23:15:00,0.547154973329441
2018-03-20 23:18:00,0.5505414036773573
2018-03-20 23:21:00,0.5398271371694818
2018-03-20 23:24:00,0.6050529237977571
2018-03-20 23:27:00,0.5129903068022941
2018-03-20 23:30:00,0.569183564945547
2018-03-20 23:33:00,0.5902163661936584
2018-03-20 23:36:00,0.49020217617169237
2018-03-20 23:39:00,0.5990447922682733
2018-03-20 23:42:00,0.48111299624770254
2018-03-20 23:45:00,0.5197681877206151
2018-03-20 23:48:00,0.5389206652335474
2018-03-20 23:51:00,0.4717796984330107
2018-03-20 23:54:00,0.579548254865756
2018-03-20 23:57:00,0.7520844040732868
2018-03-21 00:00:00,0.5605283284994016
2018-03-21 00:03:00,0.697939610761523
2018-03-21 00:06:00,0.5422148842757224
2018-03-21 00:09:00,0.563732003458199
2018-03-21 00:12:00,0.5317486062941157
2018-03-21 00:15:00,0.5577693911142205
2018-03-21 00:18:00,0.5552101512814147
2018-03-21 00:21:00,0.5786433326876477
2018-03-21 00:24:00,0.6359840997888
2018-03-21 00:27:00,0.6001699499750544
2018-03-21 00:30:00,0.5581278543606345
2018-03-21 00:33:00,0.5020039515488861
2018-03-21 00:36:00,0.504708230944118
2018-03-21 00:39:00,0.40880117770643665
2018-03-21 00:42:00,0.46234443230360966
2018-03-21 00:45:00,0.42196413172621305
2018-03-21 00:48:00,0.41468655417270384
2018-03-21 00:51:00,0.5381405323101944
2018-03-21 00:54:00,0.490930537792849
2018-03-21 00:57:00,0.49239443969867125
2018-03-21 01:00:00,0.47307489783440815
2018-03-21 01:03:00,0.5002602133931191
2018-03-21 01:06:00,0.5337242837539975
2018-03-21 01:09:00,0.6882165576302555
2018-03-21 01:12:00,0.6508191408482844
2018-03-21 01:15:00,0.4199224402310051
2018-03-21 01:18:00,0.5461635444167996
2018-03-21 01:21:00,0.5827169166296926
2018-03-21 01:24:00,0.6448634062608676
2018-03-21 01:27:00,0.5178575463943389
2018-03-21 01:30:00,0.522201224657806
2018-03-21 01:33:00,0.5704005748568193
2018-03-21 01:36:00,0.5957449907999148
2018-03-21 01:39:00,0.49329392379559067
2018-03-21 01:42:00,0.5788839722820853
2018-03-21 01:45:00,0.6108278058458154
2018-03-21 01:48:00,0.5982896748831763
2018-03-21 01:51:00,0.5221225113091919
2018-03-21 01:54:00,0.6297352491794186
2018-03-21 01:57:00,0.5562249998420157
2018-03-21 02:00:00,0.4771715739084357
2018-03-21 02:03:00,0.4597197661803989
2018-03-21 02:06:00,0.6300483825236824
2018-03-21 02:09:00,0.5904643687834437
2018-03-21 02:12:00,0.5783883845352307
2018-03-21 02:15:00,0.5545180723198655
2018-03-21 02:18:00,0.6103513386086092
2018-03-21 02:21:00,0.5416480767482881
2018-03-21 02:24:00,0.5619213238970246
2018-03-21 02:27:00,0.5914983495628121
2018-03-21 02:30:00,0.6169515385250861
2018-03-21 02:33:00,0.5803258636272517
2018-03-21 02:36:00,0.6344616001415488
2018-03-21 02:39:00,0.6514544761125762
2018-03-21 02:42:00,0.5670545961846756
2018-03-21 02:45:00,0.6605237555367012
2018-03-21 02:48:00,0.6250631936728723
2018-03-21 02:51:00,0.5665529302327741
2018-03-21 02:54:00,0.639774606639719
2018-03-21 02:57:00,0.7683188538445052
2018-03-21 03:00:00,0.6046413600066103
2018-03-21 03:03:00,0.6885520593652359
2018-03-21 03:06:00,0.6749548000723848
2018-03-21 03:09:00,0.5969223340620715
2018-03-21 03:12:00,0.7311143571170646
2018-03-21 03:15:00,0.6067516834518187
2018-03-21 03:18:00,0.7253166926831796
2018-03-21 03:21:00,0.6277677828834385
2018-03-21 03:24:00,0.649053294984526
2018-03-21 03:27:00,0.4425143983062867
2018-03-21 03:30:00,0.6612006033432749
2018-03-21 03:33:00,0.5604475364464747
2018-03-21 03:36:00,0.6702254588507799
2018-03-21 03:39:00,0.5683880745978058
2018-03-21 03:42:00,0.6371157881390559
2018-03-21 03:45:00,0.537434543048164
2018-03-21 03:48:00,0.48626114151477395
2018-03-21 03:51:00,0.6444240512784631
2018-03-21 03:54:00,0.6356964150571116
2018-03-21 03:57:00,0.5227057825323413
2018-03-21 04:00:00,0.5650270211219777
2018-03-21 04:03:00,0.5494923866272075
2018-03-21 04:06:00,0.5326320326816472
2018-03-21 04:09:00,0.5787945781974599
2018-03-21 04:12:00,0.4936557032898463
2018-03-21 04:15:00,0.6710237483933952
2018-03-21 04:18:00,0.6338802800775625
2018-03-21 04:21:00,0.6310455529107344
2018-03-21 04:24:00,0.4784372447319356
2018-03-21 04:27:00,0.654715804079899
2018-03-21 04:30:00,0.5919390667934863
2018-03-21 04:33:00,0.5820546625296856
2018-03-21 04:36:00,0.5448624787269978
2018-03-21 04:39:00,0.5288532070071597
2018-03-21 04:42:00,0.42699068290977493
2018-03-21 04:45:00,0.6275213343180894
2018-03-21 04:48:00,0.5524863499188086
2018-03-21 04:51:00,0.6225305542349133
2018-03-21 04:54:00,0.5432521233981902
2018-03-21 04:57:00,0.582303333182665
2018-03-21 05:00:00,0.5667624364114658
2018-03-21 05:03:00,0.6168553326417054
2018-03-21 05:06:00,0.4634044403742905
2018-03-21 05:09:00,0.4552792914878978
2018-03-21 05:12:00,0.432015626344878
2018-03-21 05:15:00,0.4786003375703558
2018-03-21 05:18:00,0.41665129076142193
2018-03-21 05:21:00,0.47935148518263304
2018-03-21 05:24:00,0.43920725769322644
2018-03-21 05:27:00,0.5604576130306214
2018-03-21 05:30:00,0.5923504171169611
2018-03-21 05:33:00,0.5249693343014314
2018-03-21 05:36:00,0.4710989700780033
2018-03-21 05:39:00,0.5875291263723739
2018-03-21 05:42:00,0.37166796694469895
2018-03-21 05:45:00,0.4907843049009557
2018-03-21 05:48:00,0.5298336886372113
2018-03-21 05:51:00,0.49294808723817596
2018-03-21 05:54:00,0.5261569181818686
2018-03-21 05:57:00,0.4217734482820674
2018-03-21 06:00:00,0.46151933564573255
2018-03-21 06:03:00,0.439231051024251
2018-03-21 06:06:00,0.4837770718773413
2018-03-21 06:09:00,0.45770974584252144
2018-03-21 06:12:00,0.5653732483431213
2018-03-21 06:15:00,0.4493769148257911
2018-03-21 06:18:00,0.5889613222922208
2018-03-21 06:21:00,0.5189020991684856
2018-03-21 06:24:00,0.5440944879550784
2018-03-21 06:27:00,0.5316312601734126
2018-03-21 06:30:00,0.5134207815003151
2018-03-21 06:33:00,0.567676397307082
2018-03-21 06:36:00,0.5100278845722528
2018-03-21 06:39:00,0.5692645335345219
2018-03-21 06:42:00,0.4868829289898713
2018-03-21 06:45:00,0.5430509517988185
2018-03-21 06:48:00,0.5171124956355584
2018-03-21 06:51:00,0.5189530831691513
2018-03-21 06:54:00,0.5025002677726889
2018-03-21 06:57:00,0.5966242095032612
2018-03-21 07:00:00,0.6647518556684986
2018-03-21 07:03:00,0.5517607286165571
2018-03-21 07:06:00,0.6217619536303118
2018-03-21 07:09:00,0.5462117396969575
2018-03-21 07:12:00,0.4903622433420196
2018-03-21 07:15:00,0.6595511504789897
2018-03-21 07:18:00,0.563209970581795
2018-03-21 07:21:00,0.6560586087746287
2018-03-21 07:24:00,0.5410766234807625
2018-03-21 07:27:00,0.6300140818417503
2018-03-21 07:30:00,0.5514484333757537
2018-03-21 07:33:00,0.4942308833416291
2018-03-21 07:36:00,0.5550724662316497
2018-03-21 07:39:00,0.5290029074824361
2018-03-21 07:42:00,0.5340711655049404
2018-03-21 07:45:00,0.589264054646776
2018-03-21 07:48:00,0.6270912669390896
2018-03-21 07:51:00,0.5495083566131029
2018-03-21 07:54:00,0.4882934487640682
2018-03-21 07:57:00,0.48248905801125375
2018-03-21 08:00:00,0.6428912181508508
2018-03-21 08:03:00,0.5363126990675369
2018-03-21 08:06:00,0.4705096432620053
2018-03-21 08:09:00,0.45826265277639777
2018-03-21 08:12:00,0.5065901258846566
2018-03-21 08:15:00,0.5251762853097262
2018-03-21 08:18:00,0.5477145986571372
2018-03-21 08:21:00,0.5207649869607849
2018-03-21 08:24:00,0.4927416997373939
2018-03-21 08:27:00,0.4995503238510537
2018-03-21 08:30:00,0.4720408633440911
2018-03-21 08:33:00,0.35779636370847356
2018-03-21 08:36:00,0.4849445921321376
2018-03-21 08:39:00,0.42119742519321335
2018-03-21 08:42:00,0.3932986342653635
2018-03-21 08:45:00,0.4024923361895958
2018-03-21 08:48:00,0.35835023847988623
2018-03-21 08:51:00,0.3379329166556886
2018-03-21 08:54:00,0.314666759067336
2018-03-21 08:57:00,0.4204060658491926
2018-03-21 09:00:00,0.3397250569437915
2018-03-21 09:03:00,0.31584323960021266
2018-03-21 09:06:00,0.22378645006807574
2018-03-21 09:09:00,0.3737679879346274
2018-03-21 09:12:00,0.3414176640741289
2018-03-21 09:15:00,0.2360701541838921
2018-03-21 09:18:00,0.3356772235975427
2018-03-21 09:21:00,0.3579425491619759
2018-03-21 09:24:00,0.19861835791812155
2018-03-21 09:27:00,0.3182694316205925
2018-03-21 09:30:00,0.19669488898085774
2018-03-21 09:33:00,0.3325533925451509
2018-03-21 09:36:00,0.12021866984179042
2018-03-21 09:39:00,0.19727823318896753
2018-03-21 09:42:00,0.18053093699779765
2018-03-21 09:45:00,0.2021640753812335
2018-03-21 09:48:00,0.08531792430147789
2018-03-21 09:51:00,0.11453028880316651
2018-03-21 09:54:00,0.15043514977975292
2018-03-21 09:57:00,0.1504338563819374
2018-03-21 10:00:00,0.24407622852481836
2018-03-21 10:03:00,0.16682104719302515
2018-03-21 10:06:00,0.06701324241095108
2018-03-21 10:09:00,0.12015472719087938
2018-03-21 10:12:00,0.03929002576546736
2018-03-21 10:15:00,0.07754838215316795
2018-03-21 10:18:00,0.08953844050250837
2018-03-21 10:21:00,0.04008846709939462
2018-03-21 10:24:00,-0.08516793661021893
2018-03-21 10:27:00,0.10769737709324545
2018-03-21 10:30:00,0.1450162337700931
2018-03-21 10:33:00,0.08198108892742084
2018-03-21 10:36:00,-0.020069192062123875
2018-03-21 10:39:00,0.021095209523309677
2018-03-21 10:42:00,0.03820239781634882
2018-03-21 10:45:00,0.034741866090769236
2018-03-21 10:48:00,0.03384389411809252
2018-03-21 10:51:00,-0.0016012929664839248
2018-03-21 10:54:00,0.0024078346299347686
2018-03-21 10:57:00,-0.03660373960309471
2018-03-21 11:00:00,0.014695084216384657
2018-03-21 11:03:00,-0.08388906450801414
2018-03-21 11:06:00,-0.133819709387069
2018-03-21 11:09:00,-0.058793478472694005
2018-03-21 11:12:00,-0.02450035407099449
2018-03-21 11:15:00,-0.0934907927560289
2018-03-21 11:18:00,-0.05819975743628447
2018-03-21 11:21:00,-0.029707313173901184
2018-03-21 11:24:00,-0.06902694560272948
2018-03-21 11:27:00,-0.11104850439062375
2018-03-21 11:30:00,-0.07967018260006853
2018-03-21 11:33:00,-0.11755841189363991
2018-03-21 11:36:00,-0.10087673299580047
2018-03-21 11:39:00,-0.04475890755952605
2018-03-21 11:42:00,0.0180478377064901
2018-03-21 11:45:00,-0.10189012052092039
2018-03-21 11:48:00,0.10249127656254586
2018-03-21 11:51:00,-0.004993402336992858
2018-03-21 11:54:00,0.0593040221271508
2018-03-21 11:57:00,-0.12309483909342589
2018-03-21 12:00:00,-0.0229246516718149
2018-03-21 12:03:00,0.010203895782240124
2018-03-21 12:06:00,0.034397248631819366
2018-03-21 12:09:00,0.13972355450721352
2018-03-21 12:12:00,-0.09459559790587946
2018-03-21 12:15:00,0.006332966281945573
2018-03-21 12:18:00,0.02307419484975526
2018-03-21 12:21:00,0.09032007656225005
2018-03-21 12:24:00,0.07806396447244879
2018-03-21 12:27:00,0.0036662794551034494
2018-03-21 12:30:00,0.1021073781813584
2018-03-21 12:33:00,-0.053186619238260846
2018-03-21 12:36:00,-0.0019504894330566458
2018-03-21 12:39:00,0.0061776963967759
2018-03-21 12:42:00,-0.15087737342491891
2018-03-21 12:45:00,0.05324220198400553
2018-03-21 12:48:00,-0.060265375455514913
2018-03-21 12:51:00,-0.021391304359099195
2018-03-21 12:54:00,0.04046785417000365
2018-03-21 12:57:00,-0.06322286330026827
2018-03-21 13:00:00,0.03142609760521964
2018-03-21 13:03:00,0.005750047888341214
2018-03-21 13:06:00,-0.07897237633034138
2018-03-21 13:09:00,-0.17186130352041573
2018-03-21 13:12:00,-0.11740072655555878
2018-03-21 13:15:00,-0.08158734433726522
2018-03-21 13:18:00,0.11556039739559765
2018-03-21 13:21:00,0.05699701205725205
2018-03-21 13:24:00,0.014209150159445016
2018-03-21 13:27:00,0.18973710385722597
2018-03-21 13:30:00,-0.019939172922590842
2018-03-21 13:33:00,0.030317613275485655
2018-03-21 13:36:00,-0.04941044742218992
2018-03-21 13:39:00,-0.027312481264061717
2018-03-21 13:42:00,0.2041471122751659
2018-03-21 13:45:00,0.316006259601636
2018-03-21 13:48:00,0.1732796685445237
2018-03-21 13:51:00,0.2225908292150507
2018-03-21 13:54:00,0.27340246156819603
2018-03-21 13:57:00,0.2716485708216396
2018-03-21 14:00:00,0.04493818299965824
2018-03-21 14:03:00,0.024246780101861987
2018-03-21 14:06:00,-0.04028806187534428
2018-03-21 14:09:00,-0.028541827626838767
2018-03-21 14:12:00,-0.15191449362760068
2018-03-21 14:15:00,-0.23963257079901723
2018-03-21 14:18:00,-0.16694713353444968
2018-03-21 14:21:00,-0.1533861362446487
2018-03-21 14:24:00,-0.17662347425510916
2018-03-21 14:27:00,-0.18553383077784247
2018-03-21 14:30:00,-0.22962422712799935
2018-03-21 14:33:00,-0.19533850868106128
2018-03-21 14:36:00,-0.14671993128075655
2018-03-21 14:39:00,-0.18708157111143464
2018-03-21 14:42:00,-0.263943982518299
2018-03-21 14:45:00,-0.2059283561176244
2018-03-21 14:48:00,-0.18524057520932047
2018-03-21 14:51:00,-0.30076902108896775
2018-03-21 14:54:00,-0.2893854367816857
2018-03-21 14:57:00,-0.1744976233828197
2018-03-21 15:00:00,-0.29646746256327106
2018-03-21 15:03:00,-0.24084904671343565
2018-03-21 15:06:00,-0.22552048280329018
2018-03-21 15:09:00,-0.1769307681449277
2018-03-21 15:12:00,-0.2556638808505909
2018-03-21 15:15:00,-0.08396042760597311
2018-03-21 15:18:00,-0.15551996212610675
2018-03-21 15:21:00,-0.3018358611004146
2018-03-21 15:24:00,-0.13725505820650596
2018-03-21 15:27:00,-0.2033709937646222
2018-03-21 15:30:00,-0.3079262589111522
2018-03-21 15:33:00,-0.17242252720910756
2018-03-21 15:36:00,-0.24348935280073647
2018-03-21 15:39:00,-0.13637728490834888
2018-03-21 15:42:00,-0.19989283395557322
2018-03-21 15:45:00,-0.11329704235549798
2018-03-21 15:48:00,-0.19109313105235515
2018-03-21 15:51:00,-0.08716147355875137
2018-03-21 15:54:00,-0.11094398951667017
2018-03-21 15:57:00,-0.11250260027662762
2018-03-21 16:00:00,-0.15529870244523636
2018-03-21 16:03:00,-0.08187608157226123
2018-03-21 16:06:00,-0.05619249649436142
2018-03-21 16:09:00,-0.10342802417721941
2018-03-21 16:12:00,-0.019546591305356742
2018-03-21 16:15:00,-0.08949006742312804
2018-03-21 16:18:00,-0.09736759739359968
2018-03-21 16:21:00,-0.04130371809992539
2018-03-21 16:24:00,-0.09781273887085717
2018-03-21 16:27:00,-0.07098714841737319
2018-03-21 16:30:00,-0.09850888476245245
2018-03-21 16:33:00,-0.06299920062889441
2018-03-21 16:36:00,-0.0789240531025257
2018-03-21 16:39:00,-0.12938724480608244
2018-03-21 16:42:00,-0.07747671711928206
2018-03-21 16:45:00,-0.08279209611714577
2018-03-21 16:48:00,-0.08847304361739816
2018-03-21 16:51:00,-0.02986422907127917
2018-03-21 16:54:00,-0.05444535001532813
2018-03-21 16:57:00,-0.0757681902767331
2018-03-21 17:00:00,-0.140196704256482
2018-03-21 17:03:00,-0.07402738237612994
2018-03-21 17:06:00,-0.04584299811801884
2018-03-21 17:09:00,-0.022681288646822395
2018-03-21 17:12:00,-0.11600214217844496
2018-03-21 17:15:00,-0.04775677440477466
2018-03-21 17:18:00,-0.1725123478913133
2018-03-21 17:21:00,-0.05383058253812578
2018-03-21 17:24:00,-0.11768630015183135
2018-03-21 17:27:00,-0.07257585781684384
2018-03-21 17:30:00,0.04835162263367465
2018-03-21 17:33:00,-0.13087124188632515
2018-03-21 17:36:00,-0.0819486759049255
2018-03-21 17:39:00,-0.1730895479827268
2018-03-21 17:42:00,-0.13226832427807267
2018-03-21 17:45:00,-0.0484430808559182
2018-03-21 17:48:00,-0.0351297549164542
2018-03-21 17:51:00,-0.08757512791714817
2018-03-21 17:54:00,-0.06896296837931004
2018-03-21 17:57:00,-0.10574167036412518
2018-03-21 18:00:00,-0.025877045453967185
2018-03-21 18:03:00,-0.09016941485555208
2018-03-21 18:06:00,-0.10716752914208882
2018-03-21 18:09:00,-0.11339433719882663
2018-03-21 18:12:00,-0.004001359850576591
2018-03-21 18:15:00,0.09725793518049386
2018-03-21 18:18:00,0.004429581434806096
2018-03-21 18:21:00,0.07745091663576886
2018-03-21 18:24:00,0.016477443688700077
2018-03-21 18:27:00,0.005783690558473609
2018-03-21 18:30:00,0.02827494406602682
2018-03-21 18:33:00,0.04655415061461099
2018-03-21 18:36:00,-0.040952382387672515
2018-03-21 18:39:00,0.0823849908391594
2018-03-21 18:42:00,0.03494877948651265
2018-03-21 18:45:00,0.12219410868317482
2018-03-21 18:48:00,0.05766179196319854
2018-03-21 18:51:00,0.1057615123061737
2018-03-21 18:54:00,
2018-03-21 18:57:00,
2018-03-21 19:00:00,
2018-03-21 19:03:00,0.01232444604062266
2018-03-21 19:06:00,0.012629550106225906
2018-03-21 19:09:00,0.09626428917647445
2018-03-21 19:12:00,0.10144527583173613
2018-03-21 19:15:00,0.04338655942274272
2018-03-21 19:18:00,0.12575216829253577
2018-03-21 19:21:00,0.01751920761768133
2018-03-21 19:24:00,-0.011031128529964462
2018-03-21 19:27:00,0.07489540232342051
2018-03-21 19:30:00,0.06577146839083525
2018-03-21 19:33:00,0.0773554990605021
2018-03-21 19:36:00,0.08041074458810726
2018-03-21 19:39:00,0.11013730773260022
2018-03-21 19:42:00,0.20939549976390026
2018-03-21 19:45:00,0.09249328140055013
2018-03-21 19:48:00,0.11075673861472524
2018-03-21 19:51:00,0.06893177032060294
2018-03-21 19:54:00,0.0385044801339518
2018-03-21 19:57:00,0.12270927877790427
2018-03-21 20:00:00,0.08847475842031827
2018-03-21 20:03:00,0.07835880912267612
2018-03-21 20:06:00,0.16991418793969615
2018-03-21 20:09:00,0.14563961026181005
2018-03-21 20:12:00,0.1044972281932246
2018-03-21 20:15:00,0.12626563976755278
2018-03-21 20:18:00,0.14757309374391525
2018-03-21 20:21:00,0.12849161219406824
2018-03-21 20:24:00,0.16698345895650846
2018-03-21 20:27:00,0.2514938083408538
2018-03-21 20:30:00,0.2253112054257258
2018-03-21 20:33:00,0.11744601985679992
2018-03-21 20:36:00,0.18517721273605048
2018-03-21 20:39:00,0.22087120636808777
2018-03-21 20:42:00,0.2712921769154377
2018-03-21 20:45:00,0.24144365532117718
2018-03-21 20:48:00,0.17852240488326743
2018-03-21 20:51:00,0.21900210860962943
2018-03-21 20:54:00,0.25820079489716363
2018-03-21 20:57:00,0.25935081312491093
2018-03-21 21:00:00,0.24977397203099372
2018-03-21 21:03:00,0.25890665090417997
2018-03-21 21:06:00,0.28143358156967224
2018-03-21 21:09:00,0.24728765392387686
2018-03-21 21:12:00,0.27248006503185707
2018-03-21 21:15:00,0.2803341092912319
2018-03-21 21:18:00,0.34520139144945006
2018-03-21 21:21:00,0.22762529425642697
2018-03-21 21:24:00,0.28569031957573543
2018-03-21 21:27:00,0.2186360875051605
2018-03-21 21:30:00,0.27679402479947157
2018-03-21 21:33:00,0.24411476561840573
2018-03-21 21:36:00,0.18943661581926108
2018-03-21 21:39:00,0.19370125903083135
2018-03-21 21:42:00,0.22695255493766808
2018-03-21 21:45:00,0.2740883666202194
2018-03-21 21:48:00,0.16434728821326416
2018-03-21 21:51:00,0.21993733711940422
2018-03-21 21:54:00,0.32403909105016737
2018-03-21 21:57:00,0.21263370713330687
2018-03-21 22:00:00,0.25520016622419917
2018-03-21 22:03:00,0.27313052579546593
2018-03-21 22:06:00,0.206303208417296
2018-03-21 22:09:00,0.1847671378142195
2018-03-21 22:12:00,0.23991537717540723
2018-03-21 22:15:00,0.3232195826222437
2018-03-21 22:18:00,0.23800274593986614
2018-03-21 22:21:00,0.23689507677721622
2018-03-21 22:24:00,0.3248229277716064
2018-03-21 22:27:00,0.2700313551238196
2018-03-21 22:30:00,0.2826034565655391
2018-03-21 22:33:00,0.3696562115708275
2018-03-21 22:36:00,0.29457033983061365
2018-03-21 22:39:00,0.3053516548399102
2018-03-21 22:42:00,0.3370482373030086
2018-03-21 22:45:00,0.2348374200077501
2018-03-21 22:48:00,0.32112848527896176
2018-03-21 22:51:00,0.2150767896850425
2018-03-21 22:54:00,0.34400316931527186
2018-03-21 22:57:00,0.2251292461836556
2018-03-21 23:00:00,0.3911436044118659
2018-03-21 23:03:00,0.25138976614289277
2018-03-21 23:06:00,0.3324807733765738
2018-03-21 23:09:00,0.3677347807534943
2018-03-21 23:12:00,0.2896438201327669
2018-03-21 23:15:00,0.347819528649552
2018-03-21 23:18:00,0.3393417935108687
2018-03-21 23:21:00,0.3388157445369302
2018-03-21 23:24:00,0.23591808915000456
2018-03-21 23:27:00,0.3319775632027131
2018-03-21 23:30:00,0.29807583511541225
2018-03-21 23:33:00,0.4303643418799652
2018-03-21 23:36:00,0.3032251221383717
2018-03-21 23:39:00,0.27313036946833336
2018-03-21 23:42:00,0.3445036442140008
2018-03-21 23:45:00,0.23525477797966232
2018-03-21 23:48:00,0.30199208904002717
2018-03-21 23:51:00,0.2755794795003226
2018-03-21 23:54:00,0.26822981675400115
2018-03-21 23:57:00,0.30009688658304867
2018-03-22 00:00:00,0.3283237402267787
2018-03-22 00:03:00,0.35813229444715944
2018-03-22 00:06:00,0.3922759675338625
2018-03-22 00:09:00,0.30798644007637677
2018-03-22 00:12:00,0.22641927811724827
2018-03-22 00:15:00,0.26331896621366013
2018-03-22 00:18:00,0.27721352510269526
2018-03-22 00:21:00,0.36113646157468793
2018-03-22 00:24:00,0.32500789471254166
2018-03-22 00:27:00,0.37011747890107927
2018-03-22 00:30:00,0.43858564040112924
2018-03-22 00:33:00,0.3468072447296322
2018-03-22 00:36:00,0.3892757532003088
2018-03-22 00:39:00,0.29131056282511736
2018-03-22 00:42:00,0.33715450318919693
2018-03-22 00:45:00,0.32395704212035525
2018-03-22 00:48:00,0.2622838368757243
2018-03-22 00:51:00,0.28500379401083364
2018-03-22 00:54:00,0.27667971191954166
2018-03-22 00:57:00,0.3104222424470322
2018-03-22 01:00:00,0.2904382465695221
2018-03-22 01:03:00,0.25045662746288144
2018-03-22 01:06:00,0.31609986638125065
2018-03-22 01:09:00,0.3597825869215967
2018-03-22 01:12:00,0.24253395996743166
2018-03-22 01:15:00,0.372253019943912
2018-03-22 01:18:00,0.4801270557875341
2018-03-22 01:21:00,0.3493650184242938
2018-03-22 01:24:00,0.2658237903029317
2018-03-22 01:27:00,0.3232155069474629
2018-03-22 01:30:00,0.2508306497466606
2018-03-22 01:33:00,0.28607976813577807
2018-03-22 01:36:00,0.43208710595644106
2018-03-22 01:39:00,0.4773703064311121
2018-03-22 01:42:00,0.4416892797918308
2018-03-22 01:45:00,0.38945916527143254
2018-03-22 01:48:00,0.32547906453254427
2018-03-22 01:51:00,0.25323294718299394
2018-03-22 01:54:00,0.2780128949588061
2018-03-22 01:57:00,0.23910599390694642
2018-03-22 02:00:00,0.23768230097959986
2018-03-22 02:03:00,0.31175325249574826
2018-03-22 02:06:00,0.2402738038950929
2018-03-22 02:09:00,0.21559871608440062
2018-03-22 02:12:00,0.2813317557976802
2018-03-22 02:15:00,0.30684635141267336
2018-03-22 02:18:00,0.20130513709023035
2018-03-22 02:21:00,0.32575791788161723
2018-03-22 02:24:00,0.28139714050576004
2018-03-22 02:27:00,0.2449249699872098
2018-03-22 02:30:00,0.34145607695228364
2018-03-22 02:33:00,0.32553228623987707
2018-03-22 02:36:00,0.29919414417605594
2018-03-22 02:39:00,0.23865144638818947
2018-03-22 02:42:00,0.3484434116911075
2018-03-22 02:45:00,0.3313955604065768
2018-03-22 02:48:00,0.3161163811400911
2018-03-22 02:51:00,0.398769250390842
2018-03-22 02:54:00,0.3458378918663243
2018-03-22 02:57:00,0.3808170660361725
2018-03-22 03:00:00,0.2461207659187039
2018-03-22 03:03:00,0.32187117965844436
2018-03-22 03:06:00,0.20151438348227657
2018-03-22 03:09:00,0.3009468796021224
2018-03-22 03:12:00,0.28702527622800744
2018-03-22 03:15:00,0.3782072501089715
2018-03-22 03:18:00,0.3570617204667883
2018-03-22 03:21:00,0.3511545793453479
2018-03-22 03:24:00,0.3295720749900397
2018-03-22 03:27:00,0.3746830151824838
2018-03-22 03:30:00,0.3414280173963107
2018-03-22 03:33:00,0.37373145516500017
2018-03-22 03:36:00,0.4524847455945178
2018-03-22 03:39:00,0.46020328660694076
2018-03-22 03:42:00,0.3688838275452895
2018-03-22 03:45:00,0.25045088462098875
2018-03-22 03:48:00,0.22845694977536368
2018-03-22 03:51:00,0.34644425129766887
2018-03-22 03:54:00,0.33776290987748325
2018-03-22 03:57:00,0.2810092559251416
2018-03-22 04:00:00,0.3701946161290266
2018-03-22 04:03:00,0.3272721121456357
2018-03-22 04:06:00,0.2995145463852964
2018-03-22 04:09:00,0.26584513709349267
2018-03-22 04:12:00,0.2665102860249249
2018-03-22 04:15:00,0.21670143697105004
2018-03-22 04:18:00,0.26582537975752984
2018-03-22 04:21:00,0.370635074099539
2018-03-22 04:24:00,0.3278258910047498
2018-03-22 04:27:00,0.42093628079817336
2018-03-22 04:30:00,0.34074871301942267
2018-03-22 04:33:00,0.3850604629136569
2018-03-22 04:36:00,0.40313505690255624
2018-03-22 04:39:00,0.37811007300791744
2018-03-22 04:42:00,0.4326212013568238
2018-03-22 04:45:00,0.3893311727981654
2018-03-22 04:48:00,0.2925101075487646
2018-03-22 04:51:00,0.29658031135107876
2018-03-22 04:54:00,0.31765250326446903
2018-03-22 04:57:00,0.399626262075401
2018-03-22 05:00:00,0.36975751225571685
2018-03-22 05:03:00,0.44781293948199163
2018-03-22 05:06:00,0.24725840577571034
2018-03-22 05:09:00,0.32800119651818704
2018-03-22 05:12:00,0.23800177604999817
2018-03-22 05:15:00,0.35720559745453784
2018-03-22 05:18:00,0.4039865973410315
2018-03-22 05:21:00,0.270421671287977
2018-03-22 05:24:00,0.3049277425922696
2018-03-22 05:27:00,0.35029271260276573
2018-03-22 05:30:00,0.35047088832135387
2018-03-22 05:33:00,0.3687655452339982
2018-03-22 05:36:00,0.41751089187346224
2018-03-22 05:39:00,0.25037539315718504
2018-03-22 05:42:00,0.2507452918753188
2018-03-22 05:45:00,0.3524262817443855
2018-03-22 05:48:00,0.2931695976081983
2018-03-22 05:51:00,0.2986338870705936
2018-03-22 05:54:00,0.22814665652936128
2018-03-22 05:57:00,0.19836741998290108
2018-03-22 06:00:00,0.3578092554296859
2018-03-22 06:03:00,0.29503496008948105
2018-03-22 06:06:00,0.28322996695214897
2018-03-22 06:09:00,0.2977399678928805
2018-03-22 06:12:00,0.2674926867004501
2018-03-22 06:15:00,0.2697803612579719
2018-03-22 06:18:00,0.19923814171846743
2018-03-22 06:21:00,0.265145520652311
2018-03-22 06:24:00,0.3900967893135885
2018-03-22 06:27:00,0.22847731357944667
2018-03-22 06:30:00,0.35149052985639173
2018-03-22 06:33:00,0.2672557482176785
2018-03-22 06:36:00,0.22483380452729307
2018-03-22 06:39:00,0.30447955797524173
2018-03-22 06:42:00,0.30454193385196504
2018-03-22 06:45:00,0.3690968794286391
2018-03-22 06:48:00,0.3514410291311947
2018-03-22 06:51:00,0.2796237012149163
2018-03-22 06:54:00,0.3147037552816414
2018-03-22 06:57:00,0.29568706993052274
2018-03-22 07:00:00,0.28311870651060644
2018-03-22 07:03:00,0.4149313100625136
2018-03-22 07:06:00,0.18490281661917152
2018-03-22 07:09:00,0.23072252699057572
2018-03-22 07:12:00,0.1510308219022818
2018-03-22 07:15:00,0.21560338973262105
2018-03-22 07:18:00,0.29307607431485394
2018-03-22 07:21:00,0.3201044599124998
2018-03-22 07:24:00,0.21970874238866145
2018-03-22 07:27:00,0.2650260064330041
2018-03-22 07:30:00,0.24798878312128636
2018-03-22 07:33:00,0.21999973688281216
2018-03-22 07:36:00,0.21774233440953594
2018-03-22 07:39:00,0.23855972688465954
2018-03-22 07:42:00,0.19633044271677136
2018-03-22 07:45:00,0.14889661185452496
2018-03-22 07:48:00,0.2796679934555186
2018-03-22 07:51:00,0.2568308545473883
2018-03-22 07:54:00,0.1902803003129634
2018-03-22 07:57:00,0.23438557992841424
2018-03-22 08:00:00,0.24168996250023156
2018-03-22 08:03:00,0.3119412854938446
2018-03-22 08:06:00,0.2251831350304201
2018-03-22 08:09:00,0.19128622788286975
2018-03-22 08:12:00,0.3259948650048159
2018-03-22 08:15:00,0.22054152866951426
2018-03-22 08:18:00,0.398547371385348
2018-03-22 08:21:00,0.33485454957360616
2018-03-22 08:24:00,0.3370093357398787
2018-03-22 08:27:00,0.1949713759429983
2018-03-22 08:30:00,0.309060680359039
2018-03-22 08:33:00,0.36012191426488016
2018-03-22 08:36:00,0.2853119714287118
2018-03-22 08:39:00,0.29306693825066077
2018-03-22 08:42:00,0.3079300926820565
2018-03-22 08:45:00,0.2725213647948408
2018-03-22 08:48:00,0.30679672208987085
2018-03-22 08:51:00,0.30912273915578226
2018-03-22 08:54:00,0.3091001208531452
2018-03-22 08:57:00,0.36161051230499197
2018-03-22 09:00:00,0.40283275165705845
2018-03-22 09:03:00,0.40599284871944974
2018-03-22 09:06:00,0.37969352544382673
2018-03-22 09:09:00,0.31814386578889753
2018-03-22 09:12:00,0.3017534109989697
2018-03-22 09:15:00,0.29597879794971504
2018-03-22 09:18:00,0.22901400063096844
2018-03-22 09:21:00,0.2993917866690481
2018-03-22 09:24:00,0.2684372833016937
2018-03-22 09:27:00,0.21317511324360794
2018-03-22 09:30:00,0.1814849112728325
2018-03-22 09:33:00,0.25345743415539346
2018-03-22 09:36:00,0.21338751817268076
2018-03-22 09:39:00,0.1756419797852118
2018-03-22 09:42:00,0.24208572072319612
2018-03-22 09:45:00,0.1858614890235799
2018-03-22 09:48:00,0.1942187570635383
2018-03-22 09:51:00,0.16605275376849704
2018-03-22 09:54:00,0.27964692825048587
2018-03-22 09:57:00,0.21186089105083283
2018-03-22 10:00:00,0.05999896595199061
2018-03-22 10:03:00,0.1975784602300905
2018-03-22 10:06:00,0.17520980116529472
2018-03-22 10:09:00,0.0897172865165885
2018-03-22 10:12:00,0.10985017153444687
2018-03-22 10:15:00,-0.0885083750766853
2018-03-22 10:18:00,0.10684640492013386
2018-03-22 10:21:00,-0.05887056760479936
2018-03-22 10:24:00,0.06500702849382378
2018-03-22 10:27:00,0.08202696220217831
2018-03-22 10:30:00,-0.013884662874602327
2018-03-22 10:33:00,0.03459887945183482
2018-03-22 10:36:00,0.04835699447534125
2018-03-22 10:39:00,0.06984769601314156
2018-03-22 10:42:00,-0.028247324247672623
2018-03-22 10:45:00,-0.053408685553449686
2018-03-22 10:48:00,-0.030425941591545325
2018-03-22 10:51:00,0.0055906723682710435
2018-03-22 10:54:00,0.11205237234349852
2018-03-22 10:57:00,0.060036086213756334
2018-03-22 11:00:00,0.020683429960399735
2018-03-22 11:03:00,0.08259590596907174
2018-03-22 11:06:00,0.0975189913918939
2018-03-22 11:09:00,0.17848923816006845
2018-03-22 11:12:00,0.10858664097554538
2018-03-22 11:15:00,0.20481299253566476
2018-03-22 11:18:00,-0.0033925170366728707
2018-03-22 11:21:00,0.13328534996827557
2018-03-22 11:24:00,0.05276848651880073
2018-03-22 11:27:00,-0.03426653682703318
2018-03-22 11:30:00,-0.03440693362148295
2018-03-22 11:33:00,-0.1063475562115741
2018-03-22 11:36:00,0.03599256534886308
2018-03-22 11:39:00,-0.08125602654848763
2018-03-22 11:42:00,0.07125029890943324
2018-03-22 11:45:00,0.05738566059670802
2018-03-22 11:48:00,0.14156292496261358
2018-03-22 11:51:00,-0.00811173230829354
2018-03-22 11:54:00,0.06867064383743582
2018-03-22 11:57:00,0.04564483754217008
2018-03-22 12:00:00,0.16479159669313503
2018-03-22 12:03:00,0.08805274799618701
2018-03-22 12:06:00,0.17430802181303306
2018-03-22 12:09:00,0.27458984464033165
2018-03-22 12:12:00,0.12505736166366432
2018-03-22 12:15:00,0.03416002943413332
2018-03-22 12:18:00,0.14470763863420188
2018-03-22 12:21:00,0.16763963677038873
2018-03-22 12:24:00,0.16011150251597428
2018-03-22 12:27:00,0.082854789154851
2018-03-22 12:30:00,0.001001598196694431
2018-03-22 12:33:00,-0.007854383856283675
2018-03-22 12:36:00,-0.016716876984389728
2018-03-22 12:39:00,-0.031950821220164016
2018-03-22 12:42:00,0.028534332479182467
2018-03-22 12:45:00,0.009961028432201147
2018-03-22 12:48:00,0.048343940474239844
2018-03-22 12:51:00,0.1046835558918815
2018-03-22 12:54:00,0.07087344111084803
2018-03-22 12:57:00,0.003494718986587486
2018-03-22 13:00:00,0.2113435512516162
2018-03-22 13:03:00,0.15956884361395396
2018-03-22 13:06:00,0.10546931414393157
2018-03-22 13:09:00,-0.024556676193469684
2018-03-22 13:12:00,0.16616540373308908
2018-03-22 13:15:00,0.046313769340031286
2018-03-22 13:18:00,0.11562567349886876
2018-03-22 13:21:00,0.09570737594469847
2018-03-22 13:24:00,0.1933347006540771
2018-03-22 13:27:00,0.14609479764220623
2018-03-22 13:30:00,0.06607287403483042
2018-03-22 13:33:00,0.0669784647870415
2018-03-22 13:36:00,0.04791070552698784
2018-03-22 13:39:00,-0.03747504383119349
2018-03-22 13:42:00,0.15292415051482067
2018-03-22 13:45:00,0.18617860846211443
2018-03-22 13:48:00,0.16126299976122027
2018-03-22 13:51:00,0.03374412982930153
2018-03-22 13:54:00,0.1917115654187569
2018-03-22 13:57:00,0.11884877707228725
2018-03-22 14:00:00,0.09281174876457499
2018-03-22 14:03:00,0.059320242422870706
2018-03-22 14:06:00,0.15345531767445664
2018-03-22 14:09:00,0.16884613782093538
2018-03-22 14:12:00,0.237462723868191
2018-03-22 14:15:00,0.21645411459559227
2018-03-22 14:18:00,0.14059476811695504
2018-03-22 14:21:00,0.04346821865340189
2018-03-22 14:24:00,0.05010277203911073
2018-03-22 14:27:00,-0.0166785320087115
2018-03-22 14:30:00,0.004378987369705101
2018-03-22 14:33:00,0.08920497694072083
2018-03-22 14:36:00,0.009450502371464609
2018-03-22 14:39:00,0.05395817930002522
2018-03-22 14:42:00,0.07188887483971484
2018-03-22 14:45:00,-0.04548129903434983
2018-03-22 14:48:00,-0.018938391898700502
2018-03-22 14:51:00,0.03118546638876296
2018-03-22 14:54:00,0.09026566128926561
2018-03-22 14:57:00,-0.05984497172295278
2018-03-22 15:00:00,0.008461525621669352
2018-03-22 15:03:00,0.11009949658244977
2018-03-22 15:06:00,0.04461324333090033
2018-03-22 15:09:00,-0.017749514564684432
2018-03-22 15:12:00,-0.0760870472487909
2018-03-22 15:15:00,-0.040383875994166374
2018-03-22 15:18:00,0.0030605965486074638
2018-03-22 15:21:00,-0.07984220718282131
2018-03-22 15:24:00,-0.11541312720555652
2018-03-22 15:27:00,-0.11626634027055616
2018-03-22 15:30:00,0.005568647427992346
2018-03-22 15:33:00,-0.1533272143289537
2018-03-22 15:36:00,-0.07242985605591912
2018-03-22 15:39:00,-0.12119661992556985
2018-03-22 15:42:00,-0.1334203507618099
2018-03-22 15:45:00,-0.15441407014697006
2018-03-22 15:48:00,-0.1293763323958501
2018-03-22 15:51:00,-0.19940110492501617
2018-03-22 15:54:00,-0.14830214763691174
2018-03-22 15:57:00,-0.1852185069898269
2018-03-22 16:00:00,-0.16031594260596194
2018-03-22 16:03:00,-0.179760660153363
2018-03-22 16:06:00,-0.15924924391362083
2018-03-22 16:09:00,-0.12831430027245005
2018-03-22 16:12:00,-0.08569229409965828
2018-03-22 16:15:00,-0.10653632841439276
2018-03-22 16:18:00,-0.2158736402403747
2018-03-22 16:21:00,-0.2640465509517753
2018-03-22 16:24:00,-0.17392925741665977
2018-03-22 16:27:00,-0.2776302586895554
2018-03-22 16:30:00,-0.1706413935350497
2018-03-22 16:33:00,-0.1589866214654876
2018-03-22 16:36:00,-0.1631208007751752
2018-03-22 16:39:00,-0.08262297877854508
2018-03-22 16:42:00,-0.0577587320008206
2018-03-22 16:45:00,-0.07037417388033873
2018-03-22 16:48:00,-0.14881254721206005
2018-03-22 16:51:00,-0.12072301868084878
2018-03-22 16:54:00,-0.12640596217579514
2018-03-22 16:57:00,-0.12245112217971155
2018-03-22 17:00:00,-0.12474032718262151
2018-03-22 17:03:00,-0.14055486367215053
2018-03-22 17:06:00,-0.16525749586952543
2018-03-22 17:09:00,-0.1408281259278965
2018-03-22 17:12:00,-0.0008757573655771012
2018-03-22 17:15:00,-0.11774490251099223
2018-03-22 17:18:00,-0.18367922697365202
2018-03-22 17:21:00,-0.07343848492723737
2018-03-22 17:24:00,-0.22414076509448932
2018-03-22 17:27:00,-0.1382399532945442
2018-03-22 17:30:00,-0.07896370953250198
2018-03-22 17:33:00,-0.05493921216378794
2018-03-22 17:36:00,-0.16535310438592887
2018-03-22 17:39:00,-0.08912111900394848
2018-03-22 17:42:00,-0.10488643462423397
2018-03-22 17:45:00,-0.06346340952148921
2018-03-22 17:48:00,-0.11600478590526109
2018-03-22 17:51:00,-0.0025361642058214784
2018-03-22 17:54:00,-0.12858011698853034
2018-03-22 17:57:00,-0.11915140573341887
2018-03-22 18:00:00,-0.0022750634249746327
2018-03-22 18:03:00,-0.12289735756121445
2018-03-22 18:06:00,-0.07907842216849303
2018-03-22 18:09:00,-0.16476135918014734
2018-03-22 18:12:00,0.09938328257669582
2018-03-22 18:15:00,-0.09544627670464934
2018-03-22 18:18:00,-0.01669609563919039
2018-03-22 18:21:00,-0.07244825573133085
2018-03-22 18:24:00,0.03476571805413187
2018-03-22 18:27:00,-0.09001844320619057
2018-03-22 18:30:00,-0.05470119088846559
2018-03-22 18:33:00,-0.002474492616727275
2018-03-22 18:36:00,-0.02799594622274526
2018-03-22 18:39:00,-0.06370650193974825
2018-03-22 18:42:00,-0.07941435893792459
2018-03-22 18:45:00,-0.028362862412336654
2018-03-22 18:48:00,0.02257176085146284
2018-03-22 18:51:00,-0.012460472663121891
2018-03-22 18:54:00,
2018-03-22 18:57:00,
2018-03-22 19:00:00,
2018-03-22 19:03:00,-0.03208866883289829
2018-03-22 19:06:00,0.010271118177740846
2018-03-22 19:09:00,0.07150882475997378
2018-03-22 19:12:00,0.07447759659902431
2018-03-22 19:15:00,0.04373824394753001
2018-03-22 19:18:00,-0.04061696612433252
2018-03-22 19:21:00,0.04582655503583055
2018-03-22 19:24:00,0.08326422732261562
2018-03-22 19:27:00,0.017580528038195098
2018-03-22 19:30:00,0.07534388399250247
2018-03-22 19:33:00,-0.08361511854343462
2018-03-22 19:36:00,0.11176951388841871
2018-03-22 19:39:00,0.0385056345060093
2018-03-22 19:42:00,0.12885237517940595
2018-03-22 19:45:00,0.11779887029103975
2018-03-22 19:48:00,0.1726596307648265
2018-03-22 19:51:00,0.2075712401069154
2018-03-22 19:54:00,0.14586519001863962
2018-03-22 19:57:00,0.20467719946520901
2018-03-22 20:00:00,0.24189172871854225
2018-03-22 20:03:00,0.19683969595348572
2018-03-22 20:06:00,0.17524648024902945
2018-03-22 20:09:00,0.20499527739184487
2018-03-22 20:12:00,0.11951414449072217
2018-03-22 20:15:00,0.1476578153399828
2018-03-22 20:18:00,0.09382519241211185
2018-03-22 20:21:00,0.06644886921168336
2018-03-22 20:24:00,0.13066468649128637
2018-03-22 20:27:00,0.19455070371537886
2018-03-22 20:30:00,0.18061164217073156
2018-03-22 20:33:00,0.208702447985047
2018-03-22 20:36:00,0.06810253646165165
2018-03-22 20:39:00,0.062444913659192025
2018-03-22 20:42:00,0.21290113133915156
2018-03-22 20:45:00,0.2299144024236739
2018-03-22 20:48:00,0.2393144602611983
2018-03-22 20:51:00,0.11028587851188831
2018-03-22 20:54:00,0.09648805381249304
2018-03-22 20:57:00,0.22488621197214798
2018-03-22 21:00:00,0.20785583274914643
2018-03-22 21:03:00,0.2141526659684132
2018-03-22 21:06:00,0.18811770366147584
2018-03-22 21:09:00,0.24213369852515143
2018-03-22 21:12:00,0.22428315258622433
2018-03-22 21:15:00,0.3102169004444022
2018-03-22 21:18:00,0.26465923149976334
2018-03-22 21:21:00,0.1703628195393776
2018-03-22 21:24:00,0.3061121355271439
2018-03-22 21:27:00,0.2884120190394128
2018-03-22 21:30:00,0.27805904480499066
2018-03-22 21:33:00,0.35412726663594185
2018-03-22 21:36:00,0.2757647493364175
2018-03-22 21:39:00,0.22945815943899106
2018-03-22 21:42:00,0.2911572307592678
2018-03-22 21:45:00,0.2693787243202337
2018-03-22 21:48:00,0.35291441398277357
2018-03-22 21:51:00,0.20411887710707788
2018-03-22 21:54:00,0.2356474287989272
2018-03-22 21:57:00,0.269324526163075
2018-03-22 22:00:00,0.3114461704528253
2018-03-22 22:03:00,0.3261323066668069
2018-03-22 22:06:00,0.27198015442650103
2018-03-22 22:09:00,0.3255508760471457
2018-03-22 22:12:00,0.38421104718395327
2018-03-22 22:15:00,0.48549570037408785
2018-03-22 22:18:00,0.3976963771473834
2018-03-22 22:21:00,0.3689056617065489
2018-03-22 22:24:00,0.23780744077623694
2018-03-22 22:27:00,0.33584124593056686
2018-03-22 22:30:00,0.5258586240658474
2018-03-22 22:33:00,0.6333769704469319
2018-03-22 22:36:00,0.5397979583568713
2018-03-22 22:39:00,0.4855218433392565
2018-03-22 22:42:00,0.5153475876941229
2018-03-22 22:45:00,0.5053581133216198
2018-03-22 22:48:00,0.3992113995559521
2018-03-22 22:51:00,0.30945203468371574
2018-03-22 22:54:00,0.34235820760352453
2018-03-22 22:57:00,0.5591020829787112
2018-03-22 23:00:00,0.3221256999257207
2018-03-22 23:03:00,0.4108835907567254
2018-03-22 23:06:00,0.4233454706144357
2018-03-22 23:09:00,0.39898289485478244
2018-03-22 23:12:00,0.6197290034660909
2018-03-22 23:15:00,0.2571848466458846
2018-03-22 23:18:00,0.33496539426329264
2018-03-22 23:21:00,0.40178203665874435
2018-03-22 23:24:00,0.33823065129109864
2018-03-22 23:27:00,0.3224365598352392
2018-03-22 23:30:00,0.5132547738548396
2018-03-22 23:33:00,0.29966953705758215
2018-03-22 23:36:00,0.41031250497053406
2018-03-22 23:39:00,0.41672085659570257
2018-03-22 23:42:00,0.48757006660423485
2018-03-22 23:45:00,0.605264992929051
2018-03-22 23:48:00,0.5894594526238848
2018-03-22 23:51:00,0.4780660949406297
2018-03-22 23:54:00,0.6886749132347632
2018-03-22 23:57:00,0.4518335332293191
2018-03-23 00:00:00,0.3743966413163662
2018-03-23 00:03:00,0.29111629574839526
2018-03-23 00:06:00,0.36079194540087656
2018-03-23 00:09:00,0.30058354982145374
2018-03-23 00:12:00,0.3970328597368393
2018-03-23 00:15:00,0.37154929385229707
2018-03-23 00:18:00,0.3027461988087907
2018-03-23 00:21:00,0.17783677279726362
2018-03-23 00:24:00,0.1681753694677468
2018-03-23 00:27:00,0.34533627431943614
2018-03-23 00:30:00,0.307551925394705
2018-03-23 00:33:00,0.2704914123208937
2018-03-23 00:36:00,0.3047148008984095
2018-03-23 00:39:00,0.28175263951339957
2018-03-23 00:42:00,0.30314567921078606
2018-03-23 00:45:00,0.29281274339945185
2018-03-23 00:48:00,0.3513726852689274
2018-03-23 00:51:00,0.29102350309955227
2018-03-23 00:54:00,0.40245807605759865
2018-03-23 00:57:00,0.41140255749468224
2018-03-23 01:00:00,0.3778101072039135
2018-03-23 01:03:00,0.34905384923365546
2018-03-23 01:06:00,0.33154806363381795
2018-03-23 01:09:00,0.2870185424585543
2018-03-23 01:12:00,0.35336945054245916
2018-03-23 01:15:00,0.41851835091074463
2018-03-23 01:18:00,0.4217799080721534
2018-03-23 01:21:00,0.44704343826629156
2018-03-23 01:24:00,0.52772962204034
2018-03-23 01:27:00,0.5797728300733525
2018-03-23 01:30:00,0.4807787745629639
2018-03-23 01:33:00,0.46541807998715967
2018-03-23 01:36:00,0.3282315164099714
2018-03-23 01:39:00,0.3996918247715371
2018-03-23 01:42:00,0.32844124750994297
2018-03-23 01:45:00,0.3932968834125177
2018-03-23 01:48:00,0.3965695955719184
2018-03-23 01:51:00,0.4108247547945325
2018-03-23 01:54:00,0.2948568531019191
2018-03-23 01:57:00,0.4212670426803129
2018-03-23 02:00:00,0.46754123843476236
2018-03-23 02:03:00,0.40361931907023063
2018-03-23 02:06:00,0.39763027867195433
2018-03-23 02:09:00,0.406159161506082
2018-03-23 02:12:00,0.40047094915775006
2018-03-23 02:15:00,0.45139769725454926
2018-03-23 02:18:00,0.475590020192044
2018-03-23 02:21:00,0.4983081659123627
2018-03-23 02:24:00,0.511663167896927
2018-03-23 02:27:00,0.44471325184667876
2018-03-23 02:30:00,0.5072678991854787
2018-03-23 02:33:00,0.41306768192680465
2018-03-23 02:36:00,0.46323889184981226
2018-03-23 02:39:00,0.6115169698499017
2018-03-23 02:42:00,0.4382097209203266
2018-03-23 02:45:00,0.5737839004450507
2018-03-23 02:48:00,0.4928811693861803
2018-03-23 02:51:00,0.47303529140316414
2018-03-23 02:54:00,0.49207181260879906
2018-03-23 02:57:00,0.4303095180941341
2018-03-23 03:00:00,0.46593323827136146
2018-03-23 03:03:00,0.4322254181720382
2018-03-23 03:06:00,0.3840251423710015
2018-03-23 03:09:00,0.46350105303662303
2018-03-23 03:12:00,0.417976899162511
2018-03-23 03:15:00,0.4241796023561051
2018-03-23 03:18:00,0.5360098199352592
2018-03-23 03:21:00,0.49141782623553354
2018-03-23 03:24:00,0.5367972788810675
2018-03-23 03:27:00,0.51350065694362
2018-03-23 03:30:00,0.6452766485887196
2018-03-23 03:33:00,0.5901943923724957
2018-03-23 03:36:00,0.5313833936909873
2018-03-23 03:39:00,0.6101567582553571
2018-03-23 03:42:00,0.5740644034346474
2018-03-23 03:45:00,0.5043863637268373
2018-03-23 03:48:00,0.4793515203793959
2018-03-23 03:51:00,0.5492760875670228
2018-03-23 03:54:00,0.5519738276062753
2018-03-23 03:57:00,0.5044876939402343
2018-03-23 04:00:00,0.5360890407633292
2018-03-23 04:03:00,0.5385197403843449
2018-03-23 04:06:00,0.5931851274066275
2018-03-23 04:09:00,0.5026006956923652
2018-03-23 04:12:00,0.6077984578301994
2018-03-23 04:15:00,0.5582085947955875
2018-03-23 04:18:00,0.4920845856164533
2018-03-23 04:21:00,0.5485291466231388
2018-03-23 04:24:00,0.5401347304306796
2018-03-23 04:27:00,0.5808915894145343
2018-03-23 04:30:00,0.532199363938787
2018-03-23 04:33:00,0.5440231911529168
2018-03-23 04:36:00,0.48133333654806165
2018-03-23 04:39:00,0.5156632701990134
2018-03-23 04:42:00,0.45081599918353277
2018-03-23 04:45:00,0.571283703882898
2018-03-23 04:48:00,0.527356512199276
2018-03-23 04:51:00,0.4726547273598385
2018-03-23 04:54:00,0.4447791314931919
2018-03-23 04:57:00,0.5711001691155388
2018-03-23 05:00:00,0.4411543763653185
2018-03-23 05:03:00,0.563865412876396
2018-03-23 05:06:00,0.5841157876953957
2018-03-23 05:09:00,0.5437856132672323
2018-03-23 05:12:00,0.4660118387897114
2018-03-23 05:15:00,0.5234373825449552
2018-03-23 05:18:00,0.4590209615120102
2018-03-23 05:21:00,0.6023500766685288
2018-03-23 05:24:00,0.6964564560900044
2018-03-23 05:27:00,0.6456149947574659
2018-03-23 05:30:00,0.5801055760888403
2018-03-23 05:33:00,0.4898587429689769
2018-03-23 05:36:00,0.5727360950141929
2018-03-23 05:39:00,0.577704932285485
2018-03-23 05:42:00,0.4712321571165603
2018-03-23 05:45:00,0.4174399212287767
2018-03-23 05:48:00,0.5227064650467241
2018-03-23 05:51:00,0.5527860227763313
2018-03-23 05:54:00,0.5893098587329177
2018-03-23 05:57:00,0.5790216531825649
2018-03-23 06:00:00,0.530452100809157
2018-03-23 06:03:00,0.5431983884667488
2018-03-23 06:06:00,0.5622621439900968
2018-03-23 06:09:00,0.44348187307639364
2018-03-23 06:12:00,0.5076060434048486
2018-03-23 06:15:00,0.4614651916423895
2018-03-23 06:18:00,0.4702654703434632
2018-03-23 06:21:00,0.5307215618636292
2018-03-23 06:24:00,0.5663873389489709
2018-03-23 06:27:00,0.5228592848234257
2018-03-23 06:30:00,0.4978343630932045
2018-03-23 06:33:00,0.5225182091769511
2018-03-23 06:36:00,0.39729579715458385
2018-03-23 06:39:00,0.4630784320108319
2018-03-23 06:42:00,0.5860637898028358
2018-03-23 06:45:00,0.4798353714293171
2018-03-23 06:48:00,0.4893279825404875
2018-03-23 06:51:00,0.42317693880085017
2018-03-23 06:54:00,0.4214258812502294
2018-03-23 06:57:00,0.5517661975888473
2018-03-23 07:00:00,0.4946129512703692
2018-03-23 07:03:00,0.5044412624484949
2018-03-23 07:06:00,0.5624597110680156
2018-03-23 07:09:00,0.47616143775195496
2018-03-23 07:12:00,0.5951041362225737
2018-03-23 07:15:00,0.5275987034426635
2018-03-23 07:18:00,0.5475112752595237
2018-03-23 07:21:00,0.6102658314349014
2018-03-23 07:24:00,0.5500430366147384
2018-03-23 07:27:00,0.6274529648352996
2018-03-23 07:30:00,0.5156669029960312
2018-03-23 07:33:00,0.4826250757233197
2018-03-23 07:36:00,0.4612842092278697
2018-03-23 07:39:00,0.5461835236371826
2018-03-23 07:42:00,0.488367468772708
2018-03-23 07:45:00,0.5630298518773316
2018-03-23 07:48:00,0.608824789572509
2018-03-23 07:51:00,0.5227205739610667
2018-03-23 07:54:00,0.5856117518640644
2018-03-23 07:57:00,0.5526657453593202
2018-03-23 08:00:00,0.45197621399364607
2018-03-23 08:03:00,0.3319180083698825
2018-03-23 08:06:00,0.512882670102158
2018-03-23 08:09:00,0.5384543303068767
2018-03-23 08:12:00,0.45201897121739876
2018-03-23 08:15:00,0.4593888264144539
2018-03-23 08:18:00,0.4408036075326436
2018-03-23 08:21:00,0.44720007361337366
2018-03-23 08:24:00,0.43363154116383384
2018-03-23 08:27:00,0.4483268808171488
2018-03-23 08:30:00,0.541543802116621
2018-03-23 08:33:00,0.5752505851793899
2018-03-23 08:36:00,0.4559975897047934
2018-03-23 08:39:00,0.5946283111429693
2018-03-23 08:42:00,0.4760215423380032
2018-03-23 08:45:00,0.4820694141936883
2018-03-23 08:48:00,0.4217437130664621
2018-03-23 08:51:00,0.4101389858828952
2018-03-23 08:54:00,0.4204528990606491
2018-03-23 08:57:00,0.4888716922761205
2018-03-23 09:00:00,0.47913971182151727
2018-03-23 09:03:00,0.4382001198202943
2018-03-23 09:06:00,0.43720410468262116
2018-03-23 09:09:00,0.3371991182384022
2018-03-23 09:12:00,0.40132124522273216
2018-03-23 09:15:00,0.42848280517250714
2018-03-23 09:18:00,0.5059728380482511
2018-03-23 09:21:00,0.40170054753127715
2018-03-23 09:24:00,0.36051764448478707
2018-03-23 09:27:00,0.3761467306149484
2018-03-23 09:30:00,0.38592850103907494
2018-03-23 09:33:00,0.25032199341529804
2018-03-23 09:36:00,0.3576781359047345
2018-03-23 09:39:00,0.32376745475517055
2018-03-23 09:42:00,0.37010772677626846
2018-03-23 09:45:00,0.2188882752701602
2018-03-23 09:48:00,0.3250850466180282
2018-03-23 09:51:00,0.2775600199069572
2018-03-23 09:54:00,0.2622455606030485
2018-03-23 09:57:00,0.1990743438632876
2018-03-23 10:00:00,0.15019540742866866
2018-03-23 10:03:00,0.22433122718359755
2018-03-23 10:06:00,0.2854013654014693
2018-03-23 10:09:00,0.24143899019998116
2018-03-23 10:12:00,0.15955827569803205
2018-03-23 10:15:00,0.2433888990581181
2018-03-23 10:18:00,0.18344698176042584
2018-03-23 10:21:00,0.16978723123764894
2018-03-23 10:24:00,0.2710173810957599
2018-03-23 10:27:00,0.2575471946465768
2018-03-23 10:30:00,0.11823247318716312
2018-03-23 10:33:00,0.29124344375617284
2018-03-23 10:36:00,0.19866657626778306
2018-03-23 10:39:00,0.2249288233469997
2018-03-23 10:42:00,0.08638122427066719
2018-03-23 10:45:00,0.16414824794560445
2018-03-23 10:48:00,0.07219591030707306
2018-03-23 10:51:00,0.08023352718208798
2018-03-23 10:54:00,-0.005216731868358693
2018-03-23 10:57:00,0.06999618416062958
2018-03-23 11:00:00,0.016589770279381355
2018-03-23 11:03:00,0.14273653038162593
2018-03-23 11:06:00,0.0950082581167635
2018-03-23 11:09:00,0.007805842380832928
2018-03-23 11:12:00,-0.07047104429767614
2018-03-23 11:15:00,0.03473002064964703
2018-03-23 11:18:00,-0.046191264484548356
2018-03-23 11:21:00,-0.004583061211690165
2018-03-23 11:24:00,0.02170558738367845
2018-03-23 11:27:00,0.104943249515145
2018-03-23 11:30:00,-0.006023370694890673
2018-03-23 11:33:00,0.04139405604865942
2018-03-23 11:36:00,-0.043232566418566876
2018-03-23 11:39:00,0.016555721713359617
2018-03-23 11:42:00,0.028988236514294385
2018-03-23 11:45:00,0.036277959865344656
2018-03-23 11:48:00,-0.07903345033707865
2018-03-23 11:51:00,-0.02796513454018168
2018-03-23 11:54:00,-0.013976126496800134
2018-03-23 11:57:00,-0.08163280662938632
2018-03-23 12:00:00,-0.008889401187786916
2018-03-23 12:03:00,0.10684096582855318
2018-03-23 12:06:00,0.105600296422665
2018-03-23 12:09:00,0.017878120407942788
2018-03-23 12:12:00,-0.01158555733331923
2018-03-23 12:15:00,0.11595428342650393
2018-03-23 12:18:00,0.17386491486297473
2018-03-23 12:21:00,0.14417304780056384
2018-03-23 12:24:00,-0.05987910824990195
2018-03-23 12:27:00,0.008478483780777424
2018-03-23 12:30:00,-0.0210653680270525
2018-03-23 12:33:00,0.03716357585068408
2018-03-23 12:36:00,-0.03477275176066996
2018-03-23 12:39:00,-0.10795309484433346
2018-03-23 12:42:00,-0.11287685317449814
2018-03-23 12:45:00,-0.08142630602401368
2018-03-23 12:48:00,-0.08764753465857211
2018-03-23 12:51:00,0.07548261340633644
2018-03-23 12:54:00,0.045838927296358634
2018-03-23 12:57:00,0.05451506204639145
2018-03-23 13:00:00,-0.0469889911618111
2018-03-23 13:03:00,-0.03123652819357403
2018-03-23 13:06:00,-0.02755458924497134
2018-03-23 13:09:00,-0.2159608219174629
2018-03-23 13:12:00,-0.1471571699788683
2018-03-23 13:15:00,0.0014348277802014309
2018-03-23 13:18:00,-0.10134932956344755
2018-03-23 13:21:00,-0.13904421184895455
2018-03-23 13:24:00,-0.18435478499861802
2018-03-23 13:27:00,-0.1205082354682645
2018-03-23 13:30:00,0.019350406335547632
2018-03-23 13:33:00,-0.11715519441622746
2018-03-23 13:36:00,-0.11954649131723727
2018-03-23 13:39:00,-0.12468660887162741
2018-03-23 13:42:00,0.020722769262533802
2018-03-23 13:45:00,0.04438142671637024
2018-03-23 13:48:00,0.05941049322456138
2018-03-23 13:51:00,0.01812018362369372
2018-03-23 13:54:00,-0.004791265896301411
2018-03-23 13:57:00,-0.024898164263902345
2018-03-23 14:00:00,0.04443054915901712
2018-03-23 14:03:00,-0.057417625404070805
2018-03-23 14:06:00,-0.009287075679196732
2018-03-23 14:09:00,-0.0932015104027073
2018-03-23 14:12:00,0.055224779446234606
2018-03-23 14:15:00,0.009643689657821142
2018-03-23 14:18:00,0.07398731391117508
2018-03-23 14:21:00,0.12749924638563925
2018-03-23 14:24:00,0.2827531535057233
2018-03-23 14:27:00,0.31191872149707933
2018-03-23 14:30:00,0.34164442589559485
2018-03-23 14:33:00,0.37519588767463574
2018-03-23 14:36:00,0.37950486391025606
2018-03-23 14:39:00,0.376565969242165
2018-03-23 14:42:00,0.3386823341349441
2018-03-23 14:45:00,0.27618556338728695
2018-03-23 14:48:00,0.19384482014271498
2018-03-23 14:51:00,0.19437773636207112
2018-03-23 14:54:00,0.04730727100945842
2018-03-23 14:57:00,-0.1898211717127083
2018-03-23 15:00:00,-0.16836106740134937
2018-03-23 15:03:00,-0.11017210020287393
2018-03-23 15:06:00,-0.17561913243514482
2018-03-23 15:09:00,-0.09358890674650411
2018-03-23 15:12:00,-0.1912609811247421
2018-03-23 15:15:00,-0.17504717815523918
2018-03-23 15:18:00,0.06454848856873241
2018-03-23 15:21:00,0.16613202191729215
2018-03-23 15:24:00,0.16632033222396103
2018-03-23 15:27:00,0.16710141686951374
2018-03-23 15:30:00,0.46119382353418814
2018-03-23 15:33:00,0.26169621064701687
2018-03-23 15:36:00,0.433612379108979
2018-03-23 15:39:00,0.27794538214129716
2018-03-23 15:42:00,0.2600234894878213
2018-03-23 15:45:00,0.25767608945318443
2018-03-23 15:48:00,0.3688793899144116
2018-03-23 15:51:00,0.40181433105874476
2018-03-23 15:54:00,0.42169464909636645
2018-03-23 15:57:00,0.39591590877495264
2018-03-23 16:00:00,0.3895945382001855
2018-03-23 16:03:00,0.47640287139665816
2018-03-23 16:06:00,0.3073371095260313
2018-03-23 16:09:00,0.3481204443947945
2018-03-23 16:12:00,0.4098293306589653
2018-03-23 16:15:00,0.3317826488818696
2018-03-23 16:18:00,0.27508457658501584
2018-03-23 16:21:00,0.450017849094138
2018-03-23 16:24:00,0.3227819104347418
2018-03-23 16:27:00,0.45994593344033774
2018-03-23 16:30:00,0.4003341828167777
2018-03-23 16:33:00,0.3344936454901699
2018-03-23 16:36:00,0.27742754027576666
2018-03-23 16:39:00,0.28825119586235814
2018-03-23 16:42:00,0.2319872718854299
2018-03-23 16:45:00,0.30177542012864933
2018-03-23 16:48:00,0.29688504110453096
2018-03-23 16:51:00,0.143668338503403
2018-03-23 16:54:00,0.21483866212633984
2018-03-23 16:57:00,0.11576535985597047
2018-03-23 17:00:00,0.1256504362294777
2018-03-23 17:03:00,0.1220380836385857
2018-03-23 17:06:00,0.02748100273527143
2018-03-23 17:09:00,0.10049350023706438
2018-03-23 17:12:00,0.06280101758227374
2018-03-23 17:15:00,0.2520775202711434
2018-03-23 17:18:00,0.10531867367336645
2018-03-23 17:21:00,0.20969286774658258
2018-03-23 17:24:00,0.18057080909858314
2018-03-23 17:27:00,0.04754762526226841
2018-03-23 17:30:00,0.21506318914293843
2018-03-23 17:33:00,0.247561772868778
2018-03-23 17:36:00,0.2347819507820077
2018-03-23 17:39:00,0.231687969725499
2018-03-23 17:42:00,0.19446876504088095
2018-03-23 17:45:00,0.23864208433451495
2018-03-23 17:48:00,0.1547758076254695
2018-03-23 17:51:00,0.18954569643847208
2018-03-23 17:54:00,0.2612732438167882
2018-03-23 17:57:00,0.1819291322089498
2018-03-23 18:00:00,0.25128484701644993
2018-03-23 18:03:00,0.23658518801630635
2018-03-23 18:06:00,0.17938731768822436
2018-03-23 18:09:00,0.23461319441156547
2018-03-23 18:12:00,0.23755388385518472
2018-03-23 18:15:00,0.19139391931588534
2018-03-23 18:18:00,0.16351371443192875
2018-03-23 18:21:00,0.19609643087733275
2018-03-23 18:24:00,0.27130342518836414
2018-03-23 18:27:00,0.24846857239930387
2018-03-23 18:30:00,0.2346413273601229
2018-03-23 18:33:00,0.17731646483326813
2018-03-23 18:36:00,0.0670647318292481
2018-03-23 18:39:00,0.18611823887846413
2018-03-23 18:42:00,0.2168458044268391
2018-03-23 18:45:00,0.0933236736472054
2018-03-23 18:48:00,0.31209250100442887
2018-03-23 18:51:00,0.10064414570285862
2018-03-23 18:54:00,
2018-03-23 18:57:00,
2018-03-23 19:00:00,
2018-03-23 19:03:00,0.1920726849101584
2018-03-23 19:06:00,0.12238400053803389
2018-03-23 19:09:00,0.18676534480874807
2018-03-23 19:12:00,0.11939301779517564
2018-03-23 19:15:00,0.2964711571219709
2018-03-23 19:18:00,0.26074418652729037
2018-03-23 19:21:00,0.2103007650569566
2018-03-23 19:24:00,0.2773925643289772
2018-03-23 19:27:00,0.1807718742701354
2018-03-23 19:30:00,0.19158466082450332
2018-03-23 19:33:00,0.20674291278498913
2018-03-23 19:36:00,0.2962607058512958
2018-03-23 19:39:00,0.25567033506996495
2018-03-23 19:42:00,0.14309877287473682
2018-03-23 19:45:00,0.019058910764158554
2018-03-23 19:48:00,0.2263163594919888
2018-03-23 19:51:00,0.33495665624252524
2018-03-23 19:54:00,0.2607221352969873
2018-03-23 19:57:00,0.2674879245236639
2018-03-23 20:00:00,0.2264376267347643
2018-03-23 20:03:00,0.34646555029843285
2018-03-23 20:06:00,0.16892828193300602
2018-03-23 20:09:00,0.3145918137145145
2018-03-23 20:12:00,0.25818548196173197
2018-03-23 20:15:00,0.050209987307766824
2018-03-23 20:18:00,0.3414656662209268
2018-03-23 20:21:00,0.3494824099519178
2018-03-23 20:24:00,0.4091994652242761
2018-03-23 20:27:00,0.3067222011867443
2018-03-23 20:30:00,0.22501421682164846
2018-03-23 20:33:00,0.2939938134560407
2018-03-23 20:36:00,0.2426843551106117
2018-03-23 20:39:00,0.313764042913931
2018-03-23 20:42:00,0.190440005480923
2018-03-23 20:45:00,0.13304398904989512
2018-03-23 20:48:00,0.2244084659343457
2018-03-23 20:51:00,0.20588752575702074
2018-03-23 20:54:00,0.3557433402896777
2018-03-23 20:57:00,0.4275215354422812
2018-03-23 21:00:00,0.3016538013352488
2018-03-23 21:03:00,0.28703268284817796
2018-03-23 21:06:00,0.3993710032530089
2018-03-23 21:09:00,0.40135495969639123
2018-03-23 21:12:00,0.40411045551928737
2018-03-23 21:15:00,0.5841639563885792
2018-03-23 21:18:00,0.5825339834974557
2018-03-23 21:21:00,0.44653414385464885
2018-03-23 21:24:00,0.28529342732429086
2018-03-23 21:27:00,0.22794554378737075
2018-03-23 21:30:00,0.10771068727314059
2018-03-23 21:33:00,0.31267914137629305
2018-03-23 21:36:00,0.4089805287388799
2018-03-23 21:39:00,0.4026437898361337
2018-03-23 21:42:00,0.41823737696870467
2018-03-23 21:45:00,0.4752881676027414
2018-03-23 21:48:00,0.44328088238319197
2018-03-23 21:51:00,0.4040353519907285
2018-03-23 21:54:00,0.3626756050928748
2018-03-23 21:57:00,0.4765579637665951
2018-03-23 22:00:00,0.44252472589766967
2018-03-23 22:03:00,0.33514722852930845
2018-03-23 22:06:00,0.431341443840779
2018-03-23 22:09:00,0.42212512753457077
2018-03-23 22:12:00,0.4041907461214578
2018-03-23 22:15:00,0.43941375740399735
2018-03-23 22:18:00,0.40382775877549193
2018-03-23 22:21:00,0.4647717776018112
2018-03-23 22:24:00,0.43834602662906264
2018-03-23 22:27:00,0.4199654908432535
2018-03-23 22:30:00,0.4659240797339521
2018-03-23 22:33:00,0.4577264289442269
2018-03-23 22:36:00,0.533070551701087
2018-03-23 22:39:00,0.5049064640789993
2018-03-23 22:42:00,0.37801957796176566
2018-03-23 22:45:00,0.43899693511093574
2018-03-23 22:48:00,0.46720121439705053
2018-03-23 22:51:00,0.4821220609722445
2018-03-23 22:54:00,0.4885714649290662
2018-03-23 22:57:00,0.46070555525494683
2018-03-23 23:00:00,0.612157907038295
2018-03-23 23:03:00,0.5764391672460647
2018-03-23 23:06:00,0.6370662645912262
2018-03-23 23:09:00,0.6609791621025352
2018-03-23 23:12:00,0.6923951613716781
2018-03-23 23:15:00,0.6257728029510758
2018-03-23 23:18:00,0.7077728549098197
2018-03-23 23:21:00,0.7650742004524318
2018-03-23 23:24:00,0.793513021567037
2018-03-23 23:27:00,0.8656219575659065
2018-03-23 23:30:00,0.8517106617776449
2018-03-23 23:33:00,0.9267927139161429
2018-03-23 23:36:00,0.864273924456711
2018-03-23 23:39:00,0.8703975079787369
2018-03-23 23:42:00,0.9334610634020919
2018-03-23 23:45:00,0.87634321753103
2018-03-23 23:48:00,0.7082249115412083
2018-03-23 23:51:00,0.6907583799684858
2018-03-23 23:54:00,0.6863418052164434
2018-03-23 23:57:00,0.7305529605712877
2018-03-24 00:00:00,0.7041830376231246
2018-03-24 00:03:00,0.646238511795957
2018-03-24 00:06:00,0.6949564525291976
2018-03-24 00:09:00,0.7450389395639831
2018-03-24 00:12:00,0.6313913379376004
2018-03-24 00:15:00,0.7303058460012153
2018-03-24 00:18:00,0.6893002454793304
2018-03-24 00:21:00,0.7100442601112604
2018-03-24 00:24:00,0.72880699222452
2018-03-24 00:27:00,0.6246628183185408
2018-03-24 00:30:00,0.6647379301124943
2018-03-24 00:33:00,0.6539161871794477
2018-03-24 00:36:00,0.49026466089367204
2018-03-24 00:39:00,0.5793154225498824
2018-03-24 00:42:00,0.6446975199016265
2018-03-24 00:45:00,0.536109748777676
2018-03-24 00:48:00,0.5869678070081932
2018-03-24 00:51:00,0.5343124221268454
2018-03-24 00:54:00,0.5613808905980591
2018-03-24 00:57:00,0.6139493767166186
2018-03-24 01:00:00,0.5763923453170037
2018-03-24 01:03:00,0.6568516012933969
2018-03-24 01:06:00,0.5307509870523859
2018-03-24 01:09:00,0.6110477787514128
2018-03-24 01:12:00,0.5037872976947142
2018-03-24 01:15:00,0.5466763027371258
2018-03-24 01:18:00,0.5522797886363264
2018-03-24 01:21:00,0.570956742245528
2018-03-24 01:24:00,0.4780474821302505
2018-03-24 01:27:00,0.47633638081487106
2018-03-24 01:30:00,0.5566328706544823
2018-03-24 01:33:00,0.5078860265874141
2018-03-24 01:36:00,0.5053583760824836
2018-03-24 01:39:00,0.6317317994054292
2018-03-24 01:42:00,0.4894898116867239
2018-03-24 01:45:00,0.5574610633482848
2018-03-24 01:48:00,0.5476271525739094
2018-03-24 01:51:00,0.6122290722510684
2018-03-24 01:54:00,0.434051917491729
2018-03-24 01:57:00,0.4606757654027547
2018-03-24 02:00:00,0.5266114249223506
2018-03-24 02:03:00,0.5642499186212149
2018-03-24 02:06:00,0.5099441242176681
2018-03-24 02:09:00,0.5486994336409907
2018-03-24 02:12:00,0.5590605158180324
2018-03-24 02:15:00,0.580169355322937
2018-03-24 02:18:00,0.5459200718710804
2018-03-24 02:21:00,0.5811022124657939
2018-03-24 02:24:00,0.5073940816343452
2018-03-24 02:27:00,0.6428013705905755
2018-03-24 02:30:00,0.5728780913191258
2018-03-24 02:33:00,0.5217926344489001
2018-03-24 02:36:00,0.5574205175045108
2018-03-24 02:39:00,0.6039686515408675
2018-03-24 02:42:00,0.5853925125279602
2018-03-24 02:45:00,0.5833016242926305
2018-03-24 02:48:00,0.5813661086152138
2018-03-24 02:51:00,0.48335080835261124
2018-03-24 02:54:00,0.5843767310730072
2018-03-24 02:57:00,0.4547859311419984
2018-03-24 03:00:00,0.5561378712263263
2018-03-24 03:03:00,0.541848898474143
2018-03-24 03:06:00,0.6927352600553718
2018-03-24 03:09:00,0.6017743540886613
2018-03-24 03:12:00,0.5930537989937079
2018-03-24 03:15:00,0.5564126694891911
2018-03-24 03:18:00,0.4901955869681842
2018-03-24 03:21:00,0.570342051476814
2018-03-24 03:24:00,0.512721620102127
2018-03-24 03:27:00,0.5352979993654117
2018-03-24 03:30:00,0.580906844563799
2018-03-24 03:33:00,0.5917750926197414
2018-03-24 03:36:00,0.5601963764737548
2018-03-24 03:39:00,0.47010406510554503
2018-03-24 03:42:00,0.5693226178892132
2018-03-24 03:45:00,0.531540966705677
2018-03-24 03:48:00,0.5428854688626643
2018-03-24 03:51:00,0.488507702633342
2018-03-24 03:54:00,0.5804694990026746
2018-03-24 03:57:00,0.5280356660430243
2018-03-24 04:00:00,0.589848368135506
2018-03-24 04:03:00,0.5452621719918511
2018-03-24 04:06:00,0.5390255986562806
2018-03-24 04:09:00,0.6200242365372901
2018-03-24 04:12:00,0.5799199980635876
2018-03-24 04:15:00,0.5301663191623334
2018-03-24 04:18:00,0.6478287670533405
2018-03-24 04:21:00,0.42838230616547435
2018-03-24 04:24:00,0.6139083935831877
2018-03-24 04:27:00,0.5093076339321669
2018-03-24 04:30:00,0.555358831084277
2018-03-24 04:33:00,0.5461596830937765
2018-03-24 04:36:00,0.4784138347844191
2018-03-24 04:39:00,0.5794223766774849
2018-03-24 04:42:00,0.5299830786114512
2018-03-24 04:45:00,0.5590086768207243
2018-03-24 04:48:00,0.546681542492081
2018-03-24 04:51:00,0.6382709716721138
2018-03-24 04:54:00,0.6273616925840884
2018-03-24 04:57:00,0.5427715100904607
2018-03-24 05:00:00,0.5134192089769272
2018-03-24 05:03:00,0.5539212972961991
2018-03-24 05:06:00,0.6205840349909977
2018-03-24 05:09:00,0.530012732815635
2018-03-24 05:12:00,0.6383813650957109
2018-03-24 05:15:00,0.4714463888243472
2018-03-24 05:18:00,0.4270675587373489
2018-03-24 05:21:00,0.5619922127751238
2018-03-24 05:24:00,0.5818702277331909
2018-03-24 05:27:00,0.5462968068418945
2018-03-24 05:30:00,0.5909440236101773
2018-03-24 05:33:00,0.615330212981803
2018-03-24 05:36:00,0.5068803047365691
2018-03-24 05:39:00,0.5235771464738832
2018-03-24 05:42:00,0.5243784679610144
2018-03-24 05:45:00,0.7248781915010909
2018-03-24 05:48:00,0.7062890960743289
2018-03-24 05:51:00,0.540637629581056
2018-03-24 05:54:00,0.4971547833853265
2018-03-24 05:57:00,0.562899949663688
2018-03-24 06:00:00,0.5183161398904303
2018-03-24 06:03:00,0.5616555199176219
2018-03-24 06:06:00,0.6381802372206948
2018-03-24 06:09:00,0.5559615596891376
2018-03-24 06:12:00,0.5685713569373547
2018-03-24 06:15:00,0.552564669255105
2018-03-24 06:18:00,0.46988532599283417
2018-03-24 06:21:00,0.668002803024649
2018-03-24 06:24:00,0.5884337895630551
2018-03-24 06:27:00,0.4838168709477486
2018-03-24 06:30:00,0.5787484467095965
2018-03-24 06:33:00,0.5028607993660899
2018-03-24 06:36:00,0.4871372293363265
2018-03-24 06:39:00,0.5049936215718276
2018-03-24 06:42:00,0.5237890597440469
2018-03-24 06:45:00,0.44170153300268566
2018-03-24 06:48:00,0.48718561926011716
2018-03-24 06:51:00,0.5332499238695618
2018-03-24 06:54:00,0.5469195446549406
2018-03-24 06:57:00,0.4771826414356042
2018-03-24 07:00:00,0.5442505726550166
2018-03-24 07:03:00,0.5859836544145764
2018-03-24 07:06:00,0.48921209653042297
2018-03-24 07:09:00,0.5285342745419257
2018-03-24 07:12:00,0.5553427400874966
2018-03-24 07:15:00,0.49516485184841486
2018-03-24 07:18:00,0.4822105033398998
2018-03-24 07:21:00,0.5006658394070769
2018-03-24 07:24:00,0.5852362707830139
2018-03-24 07:27:00,0.5604218362356619
2018-03-24 07:30:00,0.4992502469661986
2018-03-24 07:33:00,0.4920719856555138
2018-03-24 07:36:00,0.4625328572855665
2018-03-24 07:39:00,0.40091960415566064
2018-03-24 07:42:00,0.5904187963855065
2018-03-24 07:45:00,0.5994000489912992
2018-03-24 07:48:00,0.5376499608834706
2018-03-24 07:51:00,0.5205514782197724
2018-03-24 07:54:00,0.5741089114721944
2018-03-24 07:57:00,0.49556868256479447
2018-03-24 08:00:00,0.4941176745371081
2018-03-24 08:03:00,0.484095931390641
2018-03-24 08:06:00,0.5315786113262106
2018-03-24 08:09:00,0.42617409629724534
2018-03-24 08:12:00,0.4696931001668645
2018-03-24 08:15:00,0.44021129555403604
2018-03-24 08:18:00,0.5392457157963122
2018-03-24 08:21:00,0.47659546307335177
2018-03-24 08:24:00,0.5020731174916477
2018-03-24 08:27:00,0.46070151352699895
2018-03-24 08:30:00,0.5048236431102282
2018-03-24 08:33:00,0.49938445339086
2018-03-24 08:36:00,0.45767528365416865
2018-03-24 08:39:00,0.43608185285768286
2018-03-24 08:42:00,0.3302836938518112
2018-03-24 08:45:00,0.4240948745650712
2018-03-24 08:48:00,0.44658230476267136
2018-03-24 08:51:00,0.4731120426972666
2018-03-24 08:54:00,0.34902512201216496
2018-03-24 08:57:00,0.4800079373097219
2018-03-24 09:00:00,0.5482629209828929
2018-03-24 09:03:00,0.46789567576661284
2018-03-24 09:06:00,0.4475415336691526
2018-03-24 09:09:00,0.3502085459396653
2018-03-24 09:12:00,0.39012341193131306
2018-03-24 09:15:00,0.308575837090757
2018-03-24 09:18:00,0.421423557411174
2018-03-24 09:21:00,0.4379611038850726
2018-03-24 09:24:00,0.4399570311687171
2018-03-24 09:27:00,0.5036699813030623
2018-03-24 09:30:00,0.4555047064620794
2018-03-24 09:33:00,0.4373807538801202
2018-03-24 09:36:00,0.3186124553949412
2018-03-24 09:39:00,0.3557575702944291
2018-03-24 09:42:00,0.3240945712322514
2018-03-24 09:45:00,0.31433941891418726
2018-03-24 09:48:00,0.35722011857262714
2018-03-24 09:51:00,0.31929056550143287
2018-03-24 09:54:00,0.43130447726122156
2018-03-24 09:57:00,0.3389068373328996
2018-03-24 10:00:00,0.3429415902150481
2018-03-24 10:03:00,0.3455446909977695
2018-03-24 10:06:00,0.3604316080775902
2018-03-24 10:09:00,0.3121509871590433
2018-03-24 10:12:00,0.42518683292001924
2018-03-24 10:15:00,0.36123973386122543
2018-03-24 10:18:00,0.36686789991802016
2018-03-24 10:21:00,0.3145871948104286
2018-03-24 10:24:00,0.3907655108276913
2018-03-24 10:27:00,0.25101963584990017
2018-03-24 10:30:00,0.1737988014500047
2018-03-24 10:33:00,0.2575418984579301
2018-03-24 10:36:00,0.3475539540353907
2018-03-24 10:39:00,0.14536863226896912
2018-03-24 10:42:00,0.2627229086502325
2018-03-24 10:45:00,0.23345558348239592
2018-03-24 10:48:00,0.18361361159156786
2018-03-24 10:51:00,0.22248946702484318
2018-03-24 10:54:00,0.15442032022332342
2018-03-24 10:57:00,0.21369277622170557
2018-03-24 11:00:00,0.15280796929374674
2018-03-24 11:03:00,0.16961628620344982
2018-03-24 11:06:00,0.24026303869550247
2018-03-24 11:09:00,0.12356163567784506
2018-03-24 11:12:00,0.01648611986064452
2018-03-24 11:15:00,0.16691148456999372
2018-03-24 11:18:00,0.16606688987792495
2018-03-24 11:21:00,0.17263373589025832
2018-03-24 11:24:00,0.1279553491375509
2018-03-24 11:27:00,0.05250660171458321
2018-03-24 11:30:00,0.05998218953516243
2018-03-24 11:33:00,0.14135606774578946
2018-03-24 11:36:00,0.0625872144934192
2018-03-24 11:39:00,-0.024993492278213125
2018-03-24 11:42:00,0.09735501680836478
2018-03-24 11:45:00,-0.017544808640991505
2018-03-24 11:48:00,0.07683063546909352
2018-03-24 11:51:00,0.009994488830955106
2018-03-24 11:54:00,0.14637749073108353
2018-03-24 11:57:00,0.050660939813212735
2018-03-24 12:00:00,-0.07225464237490087
2018-03-24 12:03:00,-0.05511873136953227
2018-03-24 12:06:00,0.05427506557128936
2018-03-24 12:09:00,0.08362184246635707
2018-03-24 12:12:00,0.15933510510660653
2018-03-24 12:15:00,0.03612003584674994
2018-03-24 12:18:00,0.07212063571728322
2018-03-24 12:21:00,0.12041623713378158
2018-03-24 12:24:00,0.21900805834656012
2018-03-24 12:27:00,0.12360609740659356
2018-03-24 12:30:00,0.09268511721501227
2018-03-24 12:33:00,0.09666135456853908
2018-03-24 12:36:00,0.1485401985152066
2018-03-24 12:39:00,0.12211055717710906
2018-03-24 12:42:00,0.049911005034573463
2018-03-24 12:45:00,0.07606014525742921
2018-03-24 12:48:00,0.07260069975092165
2018-03-24 12:51:00,0.11729020769695353
2018-03-24 12:54:00,0.19241253577854422
2018-03-24 12:57:00,0.2606919366050988
2018-03-24 13:00:00,0.2646496601992112
2018-03-24 13:03:00,0.05219001464831763
2018-03-24 13:06:00,-0.1320197227100266
2018-03-24 13:09:00,0.05168376770109262
2018-03-24 13:12:00,0.16253181679178397
2018-03-24 13:15:00,0.04795566124300876
2018-03-24 13:18:00,0.11858682399599729
2018-03-24 13:21:00,0.3623634368644275
2018-03-24 13:24:00,0.28712499600902675
2018-03-24 13:27:00,0.22787866805549584
2018-03-24 13:30:00,0.1289760190880429
2018-03-24 13:33:00,0.2570878393017324
2018-03-24 13:36:00,0.14076587780732552
2018-03-24 13:39:00,0.26110576983057854
2018-03-24 13:42:00,0.17167050436438558
2018-03-24 13:45:00,0.07921316801792955
2018-03-24 13:48:00,0.10937146304502221
2018-03-24 13:51:00,0.15665040511959205
2018-03-24 13:54:00,0.05870917797187758
2018-03-24 13:57:00,0.08961195285303347
2018-03-24 14:00:00,0.11215475277117548
2018-03-24 14:03:00,0.05587741538187174
2018-03-24 14:06:00,0.018387326240599577
2018-03-24 14:09:00,0.021133747727390073
2018-03-24 14:12:00,0.09056765684476886
2018-03-24 14:15:00,-0.016976518506737648
2018-03-24 14:18:00,-0.0277333069380461
2018-03-24 14:21:00,-0.06484333634011819
2018-03-24 14:24:00,-0.10024284406978268
2018-03-24 14:27:00,-0.10134183388311158
2018-03-24 14:30:00,-0.18394513792662792
2018-03-24 14:33:00,-0.07279348637564453
2018-03-24 14:36:00,-0.08535962635625083
2018-03-24 14:39:00,-0.08252390318983771
2018-03-24 14:42:00,-0.029947873082164733
2018-03-24 14:45:00,0.03340779977645525
2018-03-24 14:48:00,-0.0032863442928601216
2018-03-24 14:51:00,-0.0021302950117956243
2018-03-24 14:54:00,0.023958559082359443
2018-03-24 14:57:00,0.0917436727029326
2018-03-24 15:00:00,-0.011676024768576099
2018-03-24 15:03:00,0.05908823011753839
2018-03-24 15:06:00,0.11630045667470768
2018-03-24 15:09:00,0.17298493625696665
2018-03-24 15:12:00,0.18010204340254177
2018-03-24 15:15:00,0.22238555374906355
2018-03-24 15:18:00,0.23343196196537974
2018-03-24 15:21:00,0.10389500808105367
2018-03-24 15:24:00,0.08148704394949391
2018-03-24 15:27:00,-0.020648981517410903
2018-03-24 15:30:00,0.024579184680817434
2018-03-24 15:33:00,0.12396647192554155
2018-03-24 15:36:00,0.008422459355415413
2018-03-24 15:39:00,0.010289438806069029
2018-03-24 15:42:00,0.02891695047145504
2018-03-24 15:45:00,0.0632546745092668
2018-03-24 15:48:00,-0.06444362630162459
2018-03-24 15:51:00,-0.09050596040282244
2018-03-24 15:54:00,0.005969465636951554
2018-03-24 15:57:00,-0.20223294029005956
2018-03-24 16:00:00,-0.13411688730462856
2018-03-24 16:03:00,-0.12249039149986629
2018-03-24 16:06:00,-0.17608787006128068
2018-03-24 16:09:00,-0.19123229275697895
2018-03-24 16:12:00,-0.12870390551501032
2018-03-24 16:15:00,-0.2056495376860994
2018-03-24 16:18:00,-0.18170961757874693
2018-03-24 16:21:00,-0.07395884330998115
2018-03-24 16:24:00,-0.07504792888289558
2018-03-24 16:27:00,-0.02400863611018167
2018-03-24 16:30:00,-0.0518004165493835
2018-03-24 16:33:00,-0.11906962322780146
2018-03-24 16:36:00,-0.05836862201005033
2018-03-24 16:39:00,-0.13290586502466795
2018-03-24 16:42:00,-0.24610507153823846
2018-03-24 16:45:00,-0.2641813082423141
2018-03-24 16:48:00,-0.15664162666479342
2018-03-24 16:51:00,-0.05829412368240128
2018-03-24 16:54:00,-0.2586020034363514
2018-03-24 16:57:00,-0.2003762683725654
2018-03-24 17:00:00,-0.13347579165417756
2018-03-24 17:03:00,-0.10462581131679372
2018-03-24 17:06:00,-0.04138204031028181
2018-03-24 17:09:00,-0.039579747179459446
2018-03-24 17:12:00,-0.0804490515806151
2018-03-24 17:15:00,-0.13789206485392924
2018-03-24 17:18:00,-0.0020158683181534798
2018-03-24 17:21:00,-0.07461430047504791
2018-03-24 17:24:00,-0.022772462121679382
2018-03-24 17:27:00,-0.026319930497436417
2018-03-24 17:30:00,-0.22027257467232175
2018-03-24 17:33:00,-0.17410720554579484
2018-03-24 17:36:00,0.004712115255074423
2018-03-24 17:39:00,-0.026911718249266414
2018-03-24 17:42:00,-0.01325945962997821
2018-03-24 17:45:00,0.06010803947668819
2018-03-24 17:48:00,0.07901707161704508
2018-03-24 17:51:00,0.06800595772199358
2018-03-24 17:54:00,0.15367835511091243
2018-03-24 17:57:00,0.2097990889974426
2018-03-24 18:00:00,0.17386134812585397
2018-03-24 18:03:00,0.12998018760339392
2018-03-24 18:06:00,0.16444663077351152
2018-03-24 18:09:00,0.226275419659828
2018-03-24 18:12:00,0.29400333113574106
2018-03-24 18:15:00,0.47358775340882175
2018-03-24 18:18:00,0.2260442618709817
2018-03-24 18:21:00,0.1776627023204469
2018-03-24 18:24:00,0.2298428568641384
2018-03-24 18:27:00,0.22204556914203977
2018-03-24 18:30:00,0.4360383637536529
2018-03-24 18:33:00,0.4093371654995508
2018-03-24 18:36:00,0.43656444902569547
2018-03-24 18:39:00,0.4667630959119151
2018-03-24 18:42:00,0.4185239755148018
2018-03-24 18:45:00,0.4523400603582104
2018-03-24 18:48:00,0.49873453309260185
2018-03-24 18:51:00,0.45086834503604223
2018-03-24 18:54:00,
2018-03-24 18:57:00,
2018-03-24 19:00:00,
2018-03-24 19:03:00,0.44578187317864604
2018-03-24 19:06:00,0.4250898747830547
2018-03-24 19:09:00,0.5735734443198339
2018-03-24 19:12:00,0.505390646268097
2018-03-24 19:15:00,0.4740848159632378
2018-03-24 19:18:00,0.6128094955505503
2018-03-24 19:21:00,0.5766893622501925
2018-03-24 19:24:00,0.4602665790636138
2018-03-24 19:27:00,0.5696811482080193
2018-03-24 19:30:00,0.5821509890229208
2018-03-24 19:33:00,0.5130884636357109
2018-03-24 19:36:00,0.5173424060715774
2018-03-24 19:39:00,0.651376289983034
2018-03-24 19:42:00,0.7296224785683307
2018-03-24 19:45:00,0.753620579691642
2018-03-24 19:48:00,0.7168192002259275
2018-03-24 19:51:00,0.7427232015402296
2018-03-24 19:54:00,0.6750083213357243
2018-03-24 19:57:00,0.6624842132752065
2018-03-24 20:00:00,0.682642288000352
2018-03-24 20:03:00,0.5833190565664381
2018-03-24 20:06:00,0.5827513136013067
2018-03-24 20:09:00,0.3854879434536542
2018-03-24 20:12:00,0.30413149716554244
2018-03-24 20:15:00,0.1809508498059813
2018-03-24 20:18:00,0.19697327692711042
2018-03-24 20:21:00,0.3341291574671459
2018-03-24 20:24:00,0.48918719069831695
2018-03-24 20:27:00,0.41395432202097027
2018-03-24 20:30:00,0.41755653486484334
2018-03-24 20:33:00,0.4345060410658448
2018-03-24 20:36:00,0.5792106307716836
2018-03-24 20:39:00,0.5301941004286164
2018-03-24 20:42:00,0.5877229061528624
2018-03-24 20:45:00,0.5642039962576177
2018-03-24 20:48:00,0.607356590500558
2018-03-24 20:51:00,0.5847614080368544
2018-03-24 20:54:00,0.6104952217013988
2018-03-24 20:57:00,0.6788196669002673
2018-03-24 21:00:00,0.7687788835116294
2018-03-24 21:03:00,0.678873773568057
2018-03-24 21:06:00,0.7169461653099916
2018-03-24 21:09:00,0.669996875047957
2018-03-24 21:12:00,0.6285073973992326
2018-03-24 21:15:00,0.7290346610846541
2018-03-24 21:18:00,0.651329486542636
2018-03-24 21:21:00,0.780818359531736
2018-03-24 21:24:00,0.6774172547170565
2018-03-24 21:27:00,0.548455455902797
2018-03-24 21:30:00,0.6141534304578613
2018-03-24 21:33:00,0.41965635191934325
2018-03-24 21:36:00,0.4713920110410754
2018-03-24 21:39:00,0.36657320959886874
2018-03-24 21:42:00,0.5032202071895426
2018-03-24 21:45:00,0.46915977131749287
2018-03-24 21:48:00,0.610888235823154
2018-03-24 21:51:00,0.43109057498077163
2018-03-24 21:54:00,0.45065191889364087
2018-03-24 21:57:00,0.5273210485756863
2018-03-24 22:00:00,0.47268986925905665
2018-03-24 22:03:00,0.5370288122700799
2018-03-24 22:06:00,0.47494313252093434
2018-03-24 22:09:00,0.5082920096534167
2018-03-24 22:12:00,0.46913957109944704
2018-03-24 22:15:00,0.5301684737996766
2018-03-24 22:18:00,0.589026363931282
2018-03-24 22:21:00,0.5087703789675402
2018-03-24 22:24:00,0.5717684685502604
2018-03-24 22:27:00,0.5606890466178243
2018-03-24 22:30:00,0.6563553506286439
2018-03-24 22:33:00,0.7450361819226714
2018-03-24 22:36:00,0.5221887183407148
2018-03-24 22:39:00,0.5960812657872339
2018-03-24 22:42:00,0.6131860361597887
2018-03-24 22:45:00,0.49731136136807663
2018-03-24 22:48:00,0.5742076490553814
2018-03-24 22:51:00,0.5411220209878138
2018-03-24 22:54:00,0.5047304531753412
2018-03-24 22:57:00,0.4810393592610467
2018-03-24 23:00:00,0.5856638183939253
2018-03-24 23:03:00,0.48542373903103453
2018-03-24 23:06:00,0.4648071417451547
2018-03-24 23:09:00,0.5188908310300917
2018-03-24 23:12:00,0.48112904432809955
2018-03-24 23:15:00,0.6451663765411126
2018-03-24 23:18:00,0.4262513632459104
2018-03-24 23:21:00,0.5219725528417598
2018-03-24 23:24:00,0.6046259916618624
2018-03-24 23:27:00,0.6403502986566991
2018-03-24 23:30:00,0.8757843739371651
2018-03-24 23:33:00,0.955063426372817
2018-03-24 23:36:00,0.8162846623775977
2018-03-24 23:39:00,0.9455655761843218
2018-03-24 23:42:00,0.8667262387533583
2018-03-24 23:45:00,0.862775225940652
2018-03-24 23:48:00,0.7066712817674556
2018-03-24 23:51:00,0.5881829628113451
2018-03-24 23:54:00,0.4743256583282687
2018-03-24 23:57:00,0.5149380062803175
2018-03-25 00:00:00,0.5090513868867674
2018-03-25 00:03:00,0.43966858172154843
2018-03-25 00:06:00,0.4664040686813564
2018-03-25 00:09:00,0.3971879504841809
2018-03-25 00:12:00,0.43654350448485957
2018-03-25 00:15:00,0.5114675965282345
2018-03-25 00:18:00,0.488141187715712
2018-03-25 00:21:00,0.4592451438955436
2018-03-25 00:24:00,0.49596400626955983
2018-03-25 00:27:00,0.42053125986905115
2018-03-25 00:30:00,0.45684797154171974
2018-03-25 00:33:00,0.5170813988171972
2018-03-25 00:36:00,0.45898275295212443
2018-03-25 00:39:00,0.5005503358181613
2018-03-25 00:42:00,0.5912056249263173
2018-03-25 00:45:00,0.42929354345511683
2018-03-25 00:48:00,0.48829818355261523
2018-03-25 00:51:00,0.39465803575694736
2018-03-25 00:54:00,0.5438274584926148
2018-03-25 00:57:00,0.47387084117445966
2018-03-25 01:00:00,0.4402008634705794
2018-03-25 01:03:00,0.4891274815571478
2018-03-25 01:06:00,0.5104997943220155
2018-03-25 01:09:00,0.4230386773934356
2018-03-25 01:12:00,0.568048032847571
2018-03-25 01:15:00,0.5036272317493626
2018-03-25 01:18:00,0.4307448435050105
2018-03-25 01:21:00,0.4693503783394135
2018-03-25 01:24:00,0.5400073156698113
2018-03-25 01:27:00,0.368969387793868
2018-03-25 01:30:00,0.5206689515391076
2018-03-25 01:33:00,0.3834784328871592
2018-03-25 01:36:00,0.5438731386179825
2018-03-25 01:39:00,0.5126292851670655
2018-03-25 01:42:00,0.3578839809193255
2018-03-25 01:45:00,0.5100069301121266
2018-03-25 01:48:00,0.49147182193689787
2018-03-25 01:51:00,0.4403127166332297
2018-03-25 01:54:00,0.46630595857857315
2018-03-25 01:57:00,0.43533192615774396
2018-03-25 02:00:00,0.4922783438242959
2018-03-25 02:03:00,0.38998944746322195
2018-03-25 02:06:00,0.4677034921606378
2018-03-25 02:09:00,0.5026625535913354
2018-03-25 02:12:00,0.3831026830250721
2018-03-25 02:15:00,0.34837833345812896
2018-03-25 02:18:00,0.4878814115144223
2018-03-25 02:21:00,0.5056538131299817
2018-03-25 02:24:00,0.42138351369749216
2018-03-25 02:27:00,0.47020069256245733
2018-03-25 02:30:00,0.447143141535264
2018-03-25 02:33:00,0.47532348034576444
2018-03-25 02:36:00,0.5175511257214112
2018-03-25 02:39:00,0.5415919763443071
2018-03-25 02:42:00,0.5211705289029851
2018-03-25 02:45:00,0.5447032983547615
2018-03-25 02:48:00,0.6325854016638459
2018-03-25 02:51:00,0.6432469917917274
2018-03-25 02:54:00,0.6065381328248804
2018-03-25 02:57:00,0.5281407519817662
2018-03-25 03:00:00,0.48248629735837767
2018-03-25 03:03:00,0.5588845965177711
2018-03-25 03:06:00,0.6130074170603166
2018-03-25 03:09:00,0.5758976205680142
2018-03-25 03:12:00,0.5333704690249874
2018-03-25 03:15:00,0.5021690092365247
2018-03-25 03:18:00,0.5215255130448213
2018-03-25 03:21:00,0.4826926202317736
2018-03-25 03:24:00,0.44428438885034893
2018-03-25 03:27:00,0.42153987755000344
2018-03-25 03:30:00,0.45099750441983133
2018-03-25 03:33:00,0.4514433908035471
2018-03-25 03:36:00,0.47806684026562607
2018-03-25 03:39:00,0.44949585601426634
2018-03-25 03:42:00,0.39277429327654545
2018-03-25 03:45:00,0.384032212115585
2018-03-25 03:48:00,0.3926553024789996
2018-03-25 03:51:00,0.3783164311289511
2018-03-25 03:54:00,0.43390275180615845
2018-03-25 03:57:00,0.47153329062263083
2018-03-25 04:00:00,0.36074049537108976
2018-03-25 04:03:00,0.5199502724124727
2018-03-25 04:06:00,0.5569434448604511
2018-03-25 04:09:00,0.43215061238834096
2018-03-25 04:12:00,0.448047236612922
2018-03-25 04:15:00,0.5078377894915889
2018-03-25 04:18:00,0.5141218620958057
2018-03-25 04:21:00,0.46235096565459344
2018-03-25 04:24:00,0.4972591220106324
2018-03-25 04:27:00,0.418807944963703
2018-03-25 04:30:00,0.43843948659531407
2018-03-25 04:33:00,0.397175457903586
2018-03-25 04:36:00,0.4208004083433252
2018-03-25 04:39:00,0.4279654252212026
2018-03-25 04:42:00,0.4419842897231092
2018-03-25 04:45:00,0.5358806204133089
2018-03-25 04:48:00,0.6211806201913532
2018-03-25 04:51:00,0.5706616900371273
2018-03-25 04:54:00,0.5774539922368263
2018-03-25 04:57:00,0.5397490481305454
2018-03-25 05:00:00,0.4699883460754677
2018-03-25 05:03:00,0.45268965281820783
2018-03-25 05:06:00,0.6162771616315013
2018-03-25 05:09:00,0.5712139582314535
2018-03-25 05:12:00,0.5109178047561613
2018-03-25 05:15:00,0.49010124844653546
2018-03-25 05:18:00,0.4665983429857192
2018-03-25 05:21:00,0.42459871026994733
2018-03-25 05:24:00,0.5443054088621011
2018-03-25 05:27:00,0.43127929817688937
2018-03-25 05:30:00,0.43859992678977733
2018-03-25 05:33:00,0.43844718347247635
2018-03-25 05:36:00,0.5441670971010808
2018-03-25 05:39:00,0.40619670066234903
2018-03-25 05:42:00,0.5376484529347749
2018-03-25 05:45:00,0.47095438165473524
2018-03-25 05:48:00,0.501527993061984
2018-03-25 05:51:00,0.40587545424187965
2018-03-25 05:54:00,0.34642874036904914
2018-03-25 05:57:00,0.490528789822406
2018-03-25 06:00:00,0.46376178895320663
2018-03-25 06:03:00,0.5358586184468095
2018-03-25 06:06:00,0.3545644925173974
2018-03-25 06:09:00,0.4104931164291088
2018-03-25 06:12:00,0.4180814945456177
2018-03-25 06:15:00,0.4430666182440177
2018-03-25 06:18:00,0.41710821144567944
2018-03-25 06:21:00,0.5155463753780509
2018-03-25 06:24:00,0.4120497931249929
2018-03-25 06:27:00,0.43080483916128287
2018-03-25 06:30:00,0.4609018993599534
2018-03-25 06:33:00,0.5519948424130234
2018-03-25 06:36:00,0.4414610713961338
2018-03-25 06:39:00,0.5906186452946258
2018-03-25 06:42:00,0.4773479434797423
2018-03-25 06:45:00,0.45058571794936597
2018-03-25 06:48:00,0.5386455220195216
2018-03-25 06:51:00,0.5334788169677154
2018-03-25 06:54:00,0.4728393934501014
2018-03-25 06:57:00,0.5411886030848905
2018-03-25 07:00:00,0.5140178714269723
2018-03-25 07:03:00,0.3898406216566741
2018-03-25 07:06:00,0.4659012069923847
2018-03-25 07:09:00,0.2903393741048603
2018-03-25 07:12:00,0.48258069812129634
2018-03-25 07:15:00,0.460555713912413
2018-03-25 07:18:00,0.3092603552201467
2018-03-25 07:21:00,0.32633519120469145
2018-03-25 07:24:00,0.4075527752187895
2018-03-25 07:27:00,0.4640776139622744
2018-03-25 07:30:00,0.4178933887831704
2018-03-25 07:33:00,0.36935507456081496
2018-03-25 07:36:00,0.4330951611294154
2018-03-25 07:39:00,0.3485152585958531
2018-03-25 07:42:00,0.40936321685813937
2018-03-25 07:45:00,0.34700197486790785
2018-03-25 07:48:00,0.25181571113176915
2018-03-25 07:51:00,0.2969352611866043
2018-03-25 07:54:00,0.4192554203827399
2018-03-25 07:57:00,0.32097496624908217
2018-03-25 08:00:00,0.4622168472430417
2018-03-25 08:03:00,0.3446058512865875
2018-03-25 08:06:00,0.3901238926752626
2018-03-25 08:09:00,0.38278956084030824
2018-03-25 08:12:00,0.38924529167678656
2018-03-25 08:15:00,0.4036458222198007
2018-03-25 08:18:00,0.49631807774068193
2018-03-25 08:21:00,0.32068944454277926
2018-03-25 08:24:00,0.4139339230055725
2018-03-25 08:27:00,0.2967444280789664
2018-03-25 08:30:00,0.4067504376380384
2018-03-25 08:33:00,0.487841440333284
2018-03-25 08:36:00,0.4321862165958237
2018-03-25 08:39:00,0.405483390176812
2018-03-25 08:42:00,0.6218193840552999
2018-03-25 08:45:00,0.4872898450149137
2018-03-25 08:48:00,0.4137046997639118
2018-03-25 08:51:00,0.3703430872235458
2018-03-25 08:54:00,0.33978307898587445
2018-03-25 08:57:00,0.5233765591819974
2018-03-25 09:00:00,0.3947042919300543
2018-03-25 09:03:00,0.4782492115342052
2018-03-25 09:06:00,0.4323320448581285
2018-03-25 09:09:00,0.4732802168309149
2018-03-25 09:12:00,0.42027869269657003
2018-03-25 09:15:00,0.46164561710997987
2018-03-25 09:18:00,0.5052082046205442
2018-03-25 09:21:00,0.5072646524640163
2018-03-25 09:24:00,0.3672158235663119
2018-03-25 09:27:00,0.4070948987355223
2018-03-25 09:30:00,0.3874663011952748
2018-03-25 09:33:00,0.32984527241336536
2018-03-25 09:36:00,0.3522272750068396
2018-03-25 09:39:00,0.34160094406405506
2018-03-25 09:42:00,0.29119381762490093
2018-03-25 09:45:00,0.37394981356754897
2018-03-25 09:48:00,0.3179691690935442
2018-03-25 09:51:00,0.2170844108175629
2018-03-25 09:54:00,0.2605017804033878
2018-03-25 09:57:00,0.14693911448040353
2018-03-25 10:00:00,0.3142888044285428
2018-03-25 10:03:00,0.29191848280152044
2018-03-25 10:06:00,0.25721374897619853
2018-03-25 10:09:00,0.18274172693014634
2018-03-25 10:12:00,0.2761594232956668
2018-03-25 10:15:00,0.21045767282788574
2018-03-25 10:18:00,0.027226255716186643
2018-03-25 10:21:00,0.08539458770195552
2018-03-25 10:24:00,0.10644019271779825
2018-03-25 10:27:00,0.21133333395221143
2018-03-25 10:30:00,0.14374788124553106
2018-03-25 10:33:00,0.1776362491887653
2018-03-25 10:36:00,0.14556737303610134
2018-03-25 10:39:00,0.23942487096417153
2018-03-25 10:42:00,0.1866067496438859
2018-03-25 10:45:00,0.13678698310405935
2018-03-25 10:48:00,0.2372072704713446
2018-03-25 10:51:00,0.17247821680081188
2018-03-25 10:54:00,0.1805066500988346
2018-03-25 10:57:00,0.2020463876859253
2018-03-25 11:00:00,0.16202109099805284
2018-03-25 11:03:00,0.15860210529325514
2018-03-25 11:06:00,0.10246143306500244
2018-03-25 11:09:00,0.1907541532362984
2018-03-25 11:12:00,0.156510314017396
2018-03-25 11:15:00,0.19007196731610065
2018-03-25 11:18:00,0.2353467274355694
2018-03-25 11:21:00,0.11615467687119008
2018-03-25 11:24:00,0.054554827678373385
2018-03-25 11:27:00,0.25632489042709494
2018-03-25 11:30:00,0.05855428606651003
2018-03-25 11:33:00,0.04112943748646103
2018-03-25 11:36:00,0.10243510380246335
2018-03-25 11:39:00,-0.014018184378358
2018-03-25 11:42:00,-0.05196005966217854
2018-03-25 11:45:00,-0.007609240749729906
2018-03-25 11:48:00,0.1380044161980436
2018-03-25 11:51:00,0.05900602279859868
2018-03-25 11:54:00,-0.05225101023773959
2018-03-25 11:57:00,-0.025980446517110067
2018-03-25 12:00:00,0.16692861973655226
2018-03-25 12:03:00,0.08827003241515285
2018-03-25 12:06:00,0.02777935743455373
2018-03-25 12:09:00,0.07027436108700158
2018-03-25 12:12:00,0.06564751976941352
2018-03-25 12:15:00,-0.020126616606887637
2018-03-25 12:18:00,0.11449014242498379
2018-03-25 12:21:00,-0.06336569784480162
2018-03-25 12:24:00,-0.0649252034223764
2018-03-25 12:27:00,-0.04280604611790295
2018-03-25 12:30:00,0.04281914875429038
2018-03-25 12:33:00,-0.09629593634673483
2018-03-25 12:36:00,0.03765142272345656
2018-03-25 12:39:00,-0.02264846547683419
2018-03-25 12:42:00,0.044845114367603855
2018-03-25 12:45:00,0.03809253992091044
2018-03-25 12:48:00,-0.017054922411603002
2018-03-25 12:51:00,-0.17082939069752
2018-03-25 12:54:00,-0.1271277908018078
2018-03-25 12:57:00,-0.14485735070422834
2018-03-25 13:00:00,-0.07066777786354805
2018-03-25 13:03:00,-0.13444103931516338
2018-03-25 13:06:00,-0.08692134997886569
2018-03-25 13:09:00,-0.03178552281951852
2018-03-25 13:12:00,-0.15172251569913442
2018-03-25 13:15:00,-0.10800872442757736
2018-03-25 13:18:00,-0.255277416138199
2018-03-25 13:21:00,-0.08065588551244218
2018-03-25 13:24:00,-0.0983957444438488
2018-03-25 13:27:00,-0.02289691036230579
2018-03-25 13:30:00,-0.09480845066991606
2018-03-25 13:33:00,-0.061627604040268125
2018-03-25 13:36:00,-0.06538795187526603
2018-03-25 13:39:00,-0.07587207324689871
2018-03-25 13:42:00,0.05668140385199649
2018-03-25 13:45:00,0.03458765952649401
2018-03-25 13:48:00,0.07202981494981486
2018-03-25 13:51:00,0.03604175364262119
2018-03-25 13:54:00,0.07883604754027829
2018-03-25 13:57:00,0.11576851453122572
2018-03-25 14:00:00,0.11519792263777617
2018-03-25 14:03:00,0.14257427355943264
2018-03-25 14:06:00,-0.018418745340852638
2018-03-25 14:09:00,-0.034244372122145705
2018-03-25 14:12:00,-0.042514489704785774
2018-03-25 14:15:00,-0.17161079918707856
2018-03-25 14:18:00,-0.0246212745269645
2018-03-25 14:21:00,-0.01836018158473962
2018-03-25 14:24:00,-0.07796234238151101
2018-03-25 14:27:00,-0.02825690924458968
2018-03-25 14:30:00,-0.019285619830952783
2018-03-25 14:33:00,-0.0646422110801268
2018-03-25 14:36:00,-0.046346824040142565
2018-03-25 14:39:00,-0.1955878335409693
2018-03-25 14:42:00,-0.05439245412372884
2018-03-25 14:45:00,-0.053458245336685195
2018-03-25 14:48:00,-0.05386625087965058
2018-03-25 14:51:00,-0.01456764631217311
2018-03-25 14:54:00,-0.1159311653967734
2018-03-25 14:57:00,-0.027041680707156956
2018-03-25 15:00:00,-0.20079546283000127
2018-03-25 15:03:00,-0.16261775591760852
2018-03-25 15:06:00,-0.231462949392494
2018-03-25 15:09:00,-0.3737895457359173
2018-03-25 15:12:00,-0.40732584577773423
2018-03-25 15:15:00,-0.3704379015372865
2018-03-25 15:18:00,-0.12431862962040441
2018-03-25 15:21:00,0.03167441565938134
2018-03-25 15:24:00,0.052448346638300336
2018-03-25 15:27:00,0.16478714986260456
2018-03-25 15:30:00,0.14274771886459803
2018-03-25 15:33:00,-0.028391464058017846
2018-03-25 15:36:00,0.06259438417356478
2018-03-25 15:39:00,0.16539922952733832
2018-03-25 15:42:00,0.09526432307478672
2018-03-25 15:45:00,0.2679098526310213
2018-03-25 15:48:00,0.3345159853071209
2018-03-25 15:51:00,0.4262436304560424
2018-03-25 15:54:00,0.34600721345350394
2018-03-25 15:57:00,0.4469819946942266
2018-03-25 16:00:00,0.4084053978496627
2018-03-25 16:03:00,0.41795560952886035
2018-03-25 16:06:00,0.6515630399227916
2018-03-25 16:09:00,0.7340473684046174
2018-03-25 16:12:00,0.7686604705655782
2018-03-25 16:15:00,0.8885473301482989
2018-03-25 16:18:00,0.9440557105245375
2018-03-25 16:21:00,0.7986602057918617
2018-03-25 16:24:00,0.7929661499132976
2018-03-25 16:27:00,0.7713156820902327
2018-03-25 16:30:00,0.8219472974601558
2018-03-25 16:33:00,0.9294226158529
2018-03-25 16:36:00,1.0457346233598628
2018-03-25 16:39:00,0.9757337043601524
2018-03-25 16:42:00,0.8912497641483128
2018-03-25 16:45:00,0.8943969867704595
2018-03-25 16:48:00,1.0192058109943218
2018-03-25 16:51:00,0.8043867479389633
2018-03-25 16:54:00,0.7483917668778872
2018-03-25 16:57:00,0.6385643976854567
2018-03-25 17:00:00,0.6775428501136957
2018-03-25 17:03:00,0.6343905134776264
2018-03-25 17:06:00,0.6519891843771006
2018-03-25 17:09:00,0.6734592729230826
2018-03-25 17:12:00,0.6571806990719438
2018-03-25 17:15:00,0.662337720089738
2018-03-25 17:18:00,0.691087833982067
2018-03-25 17:21:00,0.7314825313085294
2018-03-25 17:24:00,0.6022752151191071
2018-03-25 17:27:00,0.662366517097837
2018-03-25 17:30:00,0.5917037479033525
2018-03-25 17:33:00,0.510165731974439
2018-03-25 17:36:00,0.6403313754856299
2018-03-25 17:39:00,0.5033830587276498
2018-03-25 17:42:00,0.5876417551270379
2018-03-25 17:45:00,0.4647199965700679
2018-03-25 17:48:00,0.4158999883132424
2018-03-25 17:51:00,0.5037323995493921
2018-03-25 17:54:00,0.4473908404451663
2018-03-25 17:57:00,0.4862145168940515
2018-03-25 18:00:00,0.63261939002399
2018-03-25 18:03:00,0.45349212975372666
2018-03-25 18:06:00,0.5311155109794186
2018-03-25 18:09:00,0.49134117111634623
2018-03-25 18:12:00,0.5814589812994768
2018-03-25 18:15:00,0.5858279283303318
2018-03-25 18:18:00,0.4790948392484893
2018-03-25 18:21:00,0.38327350137592475
2018-03-25 18:24:00,0.41499362115064287
2018-03-25 18:27:00,0.5395483082788246
2018-03-25 18:30:00,0.5242089843434314
2018-03-25 18:33:00,0.4766717390235726
2018-03-25 18:36:00,0.5487224577304346
2018-03-25 18:39:00,0.6111572826611109
2018-03-25 18:42:00,0.48178205213071124
2018-03-25 18:45:00,0.5487028852882645
2018-03-25 18:48:00,0.527539441176998
2018-03-25 18:51:00,0.49793089663683077
2018-03-25 18:54:00,
2018-03-25 18:57:00,
2018-03-25 19:00:00,
2018-03-25 19:03:00,0.6108664424496624
2018-03-25 19:06:00,0.4413616198914383
2018-03-25 19:09:00,0.613293675632633
2018-03-25 19:12:00,0.5118706882857396
2018-03-25 19:15:00,0.5049609241452799
2018-03-25 19:18:00,0.4768040040537471
2018-03-25 19:21:00,0.5364251864464222
2018-03-25 19:24:00,0.5431929471623675
2018-03-25 19:27:00,0.5113094214295302
2018-03-25 19:30:00,0.4793302823236445
2018-03-25 19:33:00,0.6234722859803696
2018-03-25 19:36:00,0.49981767963362245
2018-03-25 19:39:00,0.5243027999397327
2018-03-25 19:42:00,0.5695766405912082
2018-03-25 19:45:00,0.45303323445324395
2018-03-25 19:48:00,0.5702211591742525
2018-03-25 19:51:00,0.6796062314458027
2018-03-25 19:54:00,0.45900009064610003
2018-03-25 19:57:00,0.5673234030266485
2018-03-25 20:00:00,0.5446800863542762
2018-03-25 20:03:00,0.4849228472025402
2018-03-25 20:06:00,0.47787268903573477
2018-03-25 20:09:00,0.5314054522175411
2018-03-25 20:12:00,0.5208126201789582
2018-03-25 20:15:00,0.4667875631028551
2018-03-25 20:18:00,0.5632061609435937
2018-03-25 20:21:00,0.5280215825982282
2018-03-25 20:24:00,0.531544228858877
2018-03-25 20:27:00,0.5700856795817799
2018-03-25 20:30:00,0.5328692981278209
2018-03-25 20:33:00,0.5395121970977357
2018-03-25 20:36:00,0.594449523181197
2018-03-25 20:39:00,0.5539650072367408
2018-03-25 20:42:00,0.6026611032850155
2018-03-25 20:45:00,0.6206777254693634
2018-03-25 20:48:00,0.48803968437437106
2018-03-25 20:51:00,0.5384373684153729
2018-03-25 20:54:00,0.55040630129173
2018-03-25 20:57:00,0.5781090556959043
2018-03-25 21:00:00,0.6220164605214791
2018-03-25 21:03:00,0.5654321803648941
2018-03-25 21:06:00,0.5601594892393678
2018-03-25 21:09:00,0.6006871534516449
2018-03-25 21:12:00,0.5461033122576282
2018-03-25 21:15:00,0.5177823022435746
2018-03-25 21:18:00,0.5014920963664622
2018-03-25 21:21:00,0.5111568185008082
2018-03-25 21:24:00,0.5231839908181541
2018-03-25 21:27:00,0.647094697888349
2018-03-25 21:30:00,0.5931928657467438
2018-03-25 21:33:00,0.49039703767687115
2018-03-25 21:36:00,0.638424985625079
2018-03-25 21:39:00,0.6394375965247718
2018-03-25 21:42:00,0.6350429624890808
2018-03-25 21:45:00,0.6280862613734826
2018-03-25 21:48:00,0.6220482625581667
2018-03-25 21:51:00,0.6293095377296822
2018-03-25 21:54:00,0.5674885882445437
2018-03-25 21:57:00,0.5704949915141242
2018-03-25 22:00:00,0.637678862029361
2018-03-25 22:03:00,0.6086971222990201
2018-03-25 22:06:00,0.5932873747610188
2018-03-25 22:09:00,0.6775557306494875
2018-03-25 22:12:00,0.6491845169639987
2018-03-25 22:15:00,0.6418610236213453
2018-03-25 22:18:00,0.5739044027902764
2018-03-25 22:21:00,0.5493864408637705
2018-03-25 22:24:00,0.572156716332131
2018-03-25 22:27:00,0.5591481649548768
2018-03-25 22:30:00,0.5702002476422763
2018-03-25 22:33:00,0.6456857501748345
2018-03-25 22:36:00,0.6343954529910434
2018-03-25 22:39:00,0.6627135625289498
2018-03-25 22:42:00,0.6176495951979746
2018-03-25 22:45:00,0.6679321709828514
2018-03-25 22:48:00,0.59156830744638
2018-03-25 22:51:00,0.5431808188630498
2018-03-25 22:54:00,0.6043020804989965
2018-03-25 22:57:00,0.5576909923545372
2018-03-25 23:00:00,0.5634370639940585
2018-03-25 23:03:00,0.47255400583571827
2018-03-25 23:06:00,0.5794727278202458
2018-03-25 23:09:00,0.5580869164943465
2018-03-25 23:12:00,0.5788738326681937
2018-03-25 23:15:00,0.5970257904699565
2018-03-25 23:18:00,0.5840508566795393
2018-03-25 23:21:00,0.5269131381982106
2018-03-25 23:24:00,0.5534123694041
2018-03-25 23:27:00,0.5565474494042064
2018-03-25 23:30:00,0.6419435975518581
2018-03-25 23:33:00,0.7283669244093289
2018-03-25 23:36:00,0.6755769331822421
2018-03-25 23:39:00,0.7236466666057026
2018-03-25 23:42:00,0.7231150930089143
2018-03-25 23:45:00,0.7240156936411495
2018-03-25 23:48:00,0.6463696421506597
2018-03-25 23:51:00,0.66626571594702
2018-03-25 23:54:00,0.605102497445273
2018-03-25 23:57:00,0.540386929680551
2018-03-26 00:00:00,0.6550053851942153
2018-03-26 00:03:00,0.6657109051586758
2018-03-26 00:06:00,0.6102725560554063
2018-03-26 00:09:00,0.6862213393506522
2018-03-26 00:12:00,0.6337441035516918
2018-03-26 00:15:00,0.6104179216303578
2018-03-26 00:18:00,0.6452058089138291
2018-03-26 00:21:00,0.6857949378496642
2018-03-26 00:24:00,0.6974852745627231
2018-03-26 00:27:00,0.5603524271222113
2018-03-26 00:30:00,0.6096593822973659
2018-03-26 00:33:00,0.6421390108131959
2018-03-26 00:36:00,0.56719731753941
2018-03-26 00:39:00,0.6283969172884554
2018-03-26 00:42:00,0.6453115454534668
2018-03-26 00:45:00,0.5549526351590544
2018-03-26 00:48:00,0.5252078048358158
2018-03-26 00:51:00,0.5359100522086919
2018-03-26 00:54:00,0.6605464067052367
2018-03-26 00:57:00,0.6630584298057443
2018-03-26 01:00:00,0.6252245285746199
2018-03-26 01:03:00,0.6855253798305512
2018-03-26 01:06:00,0.6470968665453256
2018-03-26 01:09:00,0.5861433740255393
2018-03-26 01:12:00,0.718530918475949
2018-03-26 01:15:00,0.6917242202108582
2018-03-26 01:18:00,0.7784381158385258
2018-03-26 01:21:00,0.6180197576331921
2018-03-26 01:24:00,0.6496434039100336
2018-03-26 01:27:00,0.6474048078544001
2018-03-26 01:30:00,0.5782483174355093
2018-03-26 01:33:00,0.7235933348314347
2018-03-26 01:36:00,0.7497009277996654
2018-03-26 01:39:00,0.6469271614652712
2018-03-26 01:42:00,0.6238627862364865
2018-03-26 01:45:00,0.6792172701260597
2018-03-26 01:48:00,0.6593452069715795
2018-03-26 01:51:00,0.6925656258006825
2018-03-26 01:54:00,0.7570513329099526
2018-03-26 01:57:00,0.6853833291361866
2018-03-26 02:00:00,0.6258101679185302
2018-03-26 02:03:00,0.6675768957948662
2018-03-26 02:06:00,0.7106686318477387
2018-03-26 02:09:00,0.6447100181092651
2018-03-26 02:12:00,0.7690638949478625
2018-03-26 02:15:00,0.5875053446312677
2018-03-26 02:18:00,0.7228622406670979
2018-03-26 02:21:00,0.634224312956178
2018-03-26 02:24:00,0.6811194491338597
2018-03-26 02:27:00,0.6208233463508464
2018-03-26 02:30:00,0.6614658912105256
2018-03-26 02:33:00,0.5970117404335724
2018-03-26 02:36:00,0.7046177018191315
2018-03-26 02:39:00,0.6073371585642917
2018-03-26 02:42:00,0.7337065503170948
2018-03-26 02:45:00,0.6960228713541028
2018-03-26 02:48:00,0.671505155111447
2018-03-26 02:51:00,0.7210801784403316
2018-03-26 02:54:00,0.6999157879612881
2018-03-26 02:57:00,0.6253377776296816
2018-03-26 03:00:00,0.6400597868251339
2018-03-26 03:03:00,0.5835021788734025
2018-03-26 03:06:00,0.6586173889323277
2018-03-26 03:09:00,0.7451215325525027
2018-03-26 03:12:00,0.6385034214543452
2018-03-26 03:15:00,0.6014851667362109
2018-03-26 03:18:00,0.6517017595536458
2018-03-26 03:21:00,0.6859935662154726
2018-03-26 03:24:00,0.6731629890505815
2018-03-26 03:27:00,0.6668923829967071
2018-03-26 03:30:00,0.5732176587853814
2018-03-26 03:33:00,0.6319667666639361
2018-03-26 03:36:00,0.5148497940825223
2018-03-26 03:39:00,0.5969273582801975
2018-03-26 03:42:00,0.6363972762607659
2018-03-26 03:45:00,0.5278971691101901
2018-03-26 03:48:00,0.619712391358064
2018-03-26 03:51:00,0.49385251487348114
2018-03-26 03:54:00,0.6639071050960865
2018-03-26 03:57:00,0.5167595200748565
2018-03-26 04:00:00,0.5777071003514607
2018-03-26 04:03:00,0.5211639712620695
2018-03-26 04:06:00,0.6934353250716754
2018-03-26 04:09:00,0.5604413417100886
2018-03-26 04:12:00,0.5540550490406986
2018-03-26 04:15:00,0.6357217109552948
2018-03-26 04:18:00,0.5760648660453853
2018-03-26 04:21:00,0.6159387535896599
2018-03-26 04:24:00,0.5113772611567242
2018-03-26 04:27:00,0.5408966606641457
2018-03-26 04:30:00,0.48252705408469865
2018-03-26 04:33:00,0.6306149713094555
2018-03-26 04:36:00,0.616944954892972
2018-03-26 04:39:00,0.5961613158972909
2018-03-26 04:42:00,0.5709830515085059
2018-03-26 04:45:00,0.5909169209873539
2018-03-26 04:48:00,0.5983289156620799
2018-03-26 04:51:00,0.40686532730398994
2018-03-26 04:54:00,0.48260941996232987
2018-03-26 04:57:00,0.5142983857414833
2018-03-26 05:00:00,0.5708091104320374
2018-03-26 05:03:00,0.4062607589975187
2018-03-26 05:06:00,0.6312848183815731
2018-03-26 05:09:00,0.5457818045420026
2018-03-26 05:12:00,0.6207978707898292
2018-03-26 05:15:00,0.6192363079933898
2018-03-26 05:18:00,0.520350009023673
2018-03-26 05:21:00,0.5732839005844426
2018-03-26 05:24:00,0.5769569444896092
2018-03-26 05:27:00,0.4237118441768075
2018-03-26 05:30:00,0.4986043215859013
2018-03-26 05:33:00,0.6934558755936564
2018-03-26 05:36:00,0.6370717939105361
2018-03-26 05:39:00,0.5531864465392573
2018-03-26 05:42:00,0.5391498168178828
2018-03-26 05:45:00,0.5885036790851359
2018-03-26 05:48:00,0.5546881816467248
2018-03-26 05:51:00,0.49051656978900837
2018-03-26 05:54:00,0.6258115549325112
2018-03-26 05:57:00,0.6116922010644998
2018-03-26 06:00:00,0.5869858997787105
2018-03-26 06:03:00,0.5801415041847804
2018-03-26 06:06:00,0.5956602418778516
2018-03-26 06:09:00,0.5458745856770975
2018-03-26 06:12:00,0.6296591660895956
2018-03-26 06:15:00,0.5935756023913541
2018-03-26 06:18:00,0.5082996661034258
2018-03-26 06:21:00,0.6186325036820222
2018-03-26 06:24:00,0.5540020141544915
2018-03-26 06:27:00,0.5541468152775906
2018-03-26 06:30:00,0.6253225892976388
2018-03-26 06:33:00,0.5982997329840032
2018-03-26 06:36:00,0.5650698865968025
2018-03-26 06:39:00,0.4557046816314596
2018-03-26 06:42:00,0.6260967655950935
2018-03-26 06:45:00,0.648727019628609
2018-03-26 06:48:00,0.5952383885976928
2018-03-26 06:51:00,0.49719076988708366
2018-03-26 06:54:00,0.6638914718164983
2018-03-26 06:57:00,0.611365586670388
2018-03-26 07:00:00,0.6713957111729769
2018-03-26 07:03:00,0.5659677298191923
2018-03-26 07:06:00,0.512013363615381
2018-03-26 07:09:00,0.5567762373702294
2018-03-26 07:12:00,0.6094579663227364
2018-03-26 07:15:00,0.5276878833618639
2018-03-26 07:18:00,0.46700478417199065
2018-03-26 07:21:00,0.6055536379353725
2018-03-26 07:24:00,0.4393962419840136
2018-03-26 07:27:00,0.6510337723025827
2018-03-26 07:30:00,0.6457439100917668
2018-03-26 07:33:00,0.54000787666115
2018-03-26 07:36:00,0.47999445381577743
2018-03-26 07:39:00,0.5379982375972645
2018-03-26 07:42:00,0.6259150142225849
2018-03-26 07:45:00,0.6388655640868137
2018-03-26 07:48:00,0.5881368664282149
2018-03-26 07:51:00,0.5243467157474697
2018-03-26 07:54:00,0.4782729769880234
2018-03-26 07:57:00,0.5719365214843037
2018-03-26 08:00:00,0.552488837303315
2018-03-26 08:03:00,0.43485800689438747
2018-03-26 08:06:00,0.4992729409132153
2018-03-26 08:09:00,0.45148303964879233
2018-03-26 08:12:00,0.33034483002501247
2018-03-26 08:15:00,0.4248202153906959
2018-03-26 08:18:00,0.4911783072929552
2018-03-26 08:21:00,0.4694874324113698
2018-03-26 08:24:00,0.531081167023558
2018-03-26 08:27:00,0.5725336226491322
2018-03-26 08:30:00,0.4778979894989561
2018-03-26 08:33:00,0.42592132060599397
2018-03-26 08:36:00,0.5431534765869515
2018-03-26 08:39:00,0.47944904578201886
2018-03-26 08:42:00,0.3837098822239682
2018-03-26 08:45:00,0.46681583700342344
2018-03-26 08:48:00,0.4627525189519588
2018-03-26 08:51:00,0.46118799913347175
2018-03-26 08:54:00,0.38606096000648904
2018-03-26 08:57:00,0.3941065263041992
2018-03-26 09:00:00,0.4503271853537285
2018-03-26 09:03:00,0.39451073928933056
2018-03-26 09:06:00,0.37204211319499336
2018-03-26 09:09:00,0.37005361441157447
2018-03-26 09:12:00,0.333271612675901
2018-03-26 09:15:00,0.3939033527400966
2018-03-26 09:18:00,0.3897278058666416
2018-03-26 09:21:00,0.3371938439175892
2018-03-26 09:24:00,0.3454941148813191
2018-03-26 09:27:00,0.28563346476227025
2018-03-26 09:30:00,0.1858090236482326
2018-03-26 09:33:00,0.18189503187136324
2018-03-26 09:36:00,0.24227445747408183
2018-03-26 09:39:00,0.2553544940641359
2018-03-26 09:42:00,0.19294767305029836
2018-03-26 09:45:00,0.1733398136765345
2018-03-26 09:48:00,0.1674141601808401
2018-03-26 09:51:00,0.18941423900832888
2018-03-26 09:54:00,0.15442831937104984
2018-03-26 09:57:00,0.09143173749328071
2018-03-26 10:00:00,0.12972460592317248
2018-03-26 10:03:00,0.05769279940938077
2018-03-26 10:06:00,0.1508568721753818
2018-03-26 10:09:00,0.06047286151391518
2018-03-26 10:12:00,0.10394737291750289
2018-03-26 10:15:00,0.016685007631963344
2018-03-26 10:18:00,0.007993074750686446
2018-03-26 10:21:00,0.05099424094157712
2018-03-26 10:24:00,0.08263914539838879
2018-03-26 10:27:00,0.01553193470590486
2018-03-26 10:30:00,0.05302067400117494
2018-03-26 10:33:00,0.04610910964458981
2018-03-26 10:36:00,-0.025130027669376886
2018-03-26 10:39:00,-0.004441950847251519
2018-03-26 10:42:00,0.012390522330406384
2018-03-26 10:45:00,0.03962041104659875
2018-03-26 10:48:00,0.015696159261210596
2018-03-26 10:51:00,-0.10771247709800491
2018-03-26 10:54:00,0.061793727137569476
2018-03-26 10:57:00,-0.016099101993745535
2018-03-26 11:00:00,-0.02665949783090582
2018-03-26 11:03:00,0.0195917793339504
2018-03-26 11:06:00,0.011189588833474318
2018-03-26 11:09:00,-0.0652799912103319
2018-03-26 11:12:00,-0.09218713458830052
2018-03-26 11:15:00,-0.03740934781620808
2018-03-26 11:18:00,-0.11934452496899439
2018-03-26 11:21:00,-0.04096495487397078
2018-03-26 11:24:00,-0.08067275442704158
2018-03-26 11:27:00,-0.17333034698737038
2018-03-26 11:30:00,-0.11350172857771668
2018-03-26 11:33:00,-0.08195353896195456
2018-03-26 11:36:00,-0.006425542114243399
2018-03-26 11:39:00,-0.05962835734521832
2018-03-26 11:42:00,-0.10598438164151958
2018-03-26 11:45:00,-0.09341741978442997
2018-03-26 11:48:00,-0.08270620377595606
2018-03-26 11:51:00,-0.15099027426543898
2018-03-26 11:54:00,-0.07764126242898328
2018-03-26 11:57:00,-0.10582953505394244
2018-03-26 12:00:00,-0.07089016364977851
2018-03-26 12:03:00,-0.22302459325277368
2018-03-26 12:06:00,-0.17683601592466403
2018-03-26 12:09:00,-0.1536434359114196
2018-03-26 12:12:00,-0.05078485098727015
2018-03-26 12:15:00,-0.20564480014184028
2018-03-26 12:18:00,-0.13549847972643647
2018-03-26 12:21:00,-0.16917706283180678
2018-03-26 12:24:00,-0.24443706362745843
2018-03-26 12:27:00,-0.10936709315649296
2018-03-26 12:30:00,-0.26857182177070626
2018-03-26 12:33:00,-0.09787852682808307
2018-03-26 12:36:00,-0.1586464647144794
2018-03-26 12:39:00,-0.008921150716446391
2018-03-26 12:42:00,-0.2058798399716011
2018-03-26 12:45:00,-0.10050307466048025
2018-03-26 12:48:00,-0.09915774400246846
2018-03-26 12:51:00,-0.2259965847698595
2018-03-26 12:54:00,-0.12050798529133999
2018-03-26 12:57:00,-0.04519055962907714
2018-03-26 13:00:00,-0.0018619159334889446
2018-03-26 13:03:00,0.044762975526225546
2018-03-26 13:06:00,0.07190008492784727
2018-03-26 13:09:00,0.05190936841478333
2018-03-26 13:12:00,0.08235143033169834
2018-03-26 13:15:00,-0.08904669954910105
2018-03-26 13:18:00,-0.06139582934952159
2018-03-26 13:21:00,0.05241123449383167
2018-03-26 13:24:00,0.044419172064749546
2018-03-26 13:27:00,0.0722709121829439
2018-03-26 13:30:00,0.08474093718803033
2018-03-26 13:33:00,0.05972352445314755
2018-03-26 13:36:00,0.05323198344950697
2018-03-26 13:39:00,-0.0526195519375392
2018-03-26 13:42:00,0.08396026450458294
2018-03-26 13:45:00,0.045490366774799895
2018-03-26 13:48:00,0.02681854099580505
2018-03-26 13:51:00,0.08458393626017369
2018-03-26 13:54:00,0.10443431566517347
2018-03-26 13:57:00,-0.06810942564425204
2018-03-26 14:00:00,0.12041449372100033
2018-03-26 14:03:00,0.06553995249583977
2018-03-26 14:06:00,0.12117001557794538
2018-03-26 14:09:00,0.09504188478518927
2018-03-26 14:12:00,0.06782493148131152
2018-03-26 14:15:00,0.09360796019825557
2018-03-26 14:18:00,0.14627175046467755
2018-03-26 14:21:00,0.22472412560830435
2018-03-26 14:24:00,0.06811861074538683
2018-03-26 14:27:00,-0.03907234185095376
2018-03-26 14:30:00,-0.06069800297700567
2018-03-26 14:33:00,0.012286511829245228
2018-03-26 14:36:00,-0.19085070370664425
2018-03-26 14:39:00,-0.07678506024689113
2018-03-26 14:42:00,0.0198985758650565
2018-03-26 14:45:00,0.029941042043958532
2018-03-26 14:48:00,0.002152246188529716
2018-03-26 14:51:00,-0.13934131204774758
2018-03-26 14:54:00,-0.026069777843417796
2018-03-26 14:57:00,-0.08005629485217014
2018-03-26 15:00:00,-0.030507105688855063
2018-03-26 15:03:00,-0.14324660796438593
2018-03-26 15:06:00,-0.14535809498823937
2018-03-26 15:09:00,-0.04464851730699593
2018-03-26 15:12:00,-0.10490135849437365
2018-03-26 15:15:00,-0.11887339802296992
2018-03-26 15:18:00,-0.14108183617457826
2018-03-26 15:21:00,-0.1551767173780263
2018-03-26 15:24:00,-0.10720381949784041
2018-03-26 15:27:00,-0.13888077427446888
2018-03-26 15:30:00,-0.18839653172250337
2018-03-26 15:33:00,-0.21591065067394766
2018-03-26 15:36:00,-0.2479830397438718
2018-03-26 15:39:00,-0.16436352734592674
2018-03-26 15:42:00,-0.25678460242568235
2018-03-26 15:45:00,-0.08703123124644208
2018-03-26 15:48:00,-0.15353952590032804
2018-03-26 15:51:00,-0.02678212561949067
2018-03-26 15:54:00,-0.14168477017511805
2018-03-26 15:57:00,-0.15053049774473948
2018-03-26 16:00:00,-0.20242251433489855
2018-03-26 16:03:00,-0.4700602207382758
2018-03-26 16:06:00,-0.1602965911917522
2018-03-26 16:09:00,-0.11748408435914826
2018-03-26 16:12:00,-0.07900818439065915
2018-03-26 16:15:00,0.041646689639549095
2018-03-26 16:18:00,0.01305896398122286
2018-03-26 16:21:00,-0.10232646458734962
2018-03-26 16:24:00,-0.2528157096125483
2018-03-26 16:27:00,-0.14088428484978976
2018-03-26 16:30:00,-0.13815500865757713
2018-03-26 16:33:00,-0.11343577572893082
2018-03-26 16:36:00,0.02226386078422138
2018-03-26 16:39:00,0.17736066729895583
2018-03-26 16:42:00,0.26872575260216536
2018-03-26 16:45:00,0.4147444378930345
2018-03-26 16:48:00,0.523012462047177
2018-03-26 16:51:00,0.2816842270682969
2018-03-26 16:54:00,0.38680616572315785
2018-03-26 16:57:00,0.4225062474233141
2018-03-26 17:00:00,0.2658781645650379
2018-03-26 17:03:00,0.19038647225613659
2018-03-26 17:06:00,0.11592338480437547
2018-03-26 17:09:00,0.18793621016209272
2018-03-26 17:12:00,0.41269399481018354
2018-03-26 17:15:00,0.3274061819130907
2018-03-26 17:18:00,0.08628911114249149
2018-03-26 17:21:00,0.31012093883600755
2018-03-26 17:24:00,0.2081388548736527
2018-03-26 17:27:00,0.15536932099081469
2018-03-26 17:30:00,0.08845988147260186
2018-03-26 17:33:00,0.14521118891826745
2018-03-26 17:36:00,0.15546545951701773
2018-03-26 17:39:00,0.1252814893151708
2018-03-26 17:42:00,0.3399645344663895
2018-03-26 17:45:00,0.4946021533365865
2018-03-26 17:48:00,0.5494451752806526
2018-03-26 17:51:00,0.6220555382041653
2018-03-26 17:54:00,0.49239935531790024
2018-03-26 17:57:00,0.49638710880100234
2018-03-26 18:00:00,0.38335066426679987
2018-03-26 18:03:00,0.362919486759381
2018-03-26 18:06:00,0.4958738786999106
2018-03-26 18:09:00,0.5160972403909341
2018-03-26 18:12:00,0.5456184781110096
2018-03-26 18:15:00,0.6012846013025523
2018-03-26 18:18:00,0.7456090073805512
2018-03-26 18:21:00,0.6973404300260313
2018-03-26 18:24:00,0.6580891945772578
2018-03-26 18:27:00,0.644785533724189
2018-03-26 18:30:00,0.7004277022013525
2018-03-26 18:33:00,0.728252435211175
2018-03-26 18:36:00,0.707247015635744
2018-03-26 18:39:00,0.7620079128626003
2018-03-26 18:42:00,0.7351408669154011
2018-03-26 18:45:00,0.6726098694813345
2018-03-26 18:48:00,0.6268106451602193
2018-03-26 18:51:00,0.7842777188644163
2018-03-26 18:54:00,
2018-03-26 18:57:00,
2018-03-26 19:00:00,
2018-03-26 19:03:00,0.5778007819563413
2018-03-26 19:06:00,0.6324844834671808
2018-03-26 19:09:00,0.5924438500269389
2018-03-26 19:12:00,0.5822397915817987
2018-03-26 19:15:00,0.5880967607226921
2018-03-26 19:18:00,0.47532334783022634
2018-03-26 19:21:00,0.6333865733910784
2018-03-26 19:24:00,0.588497098808034
2018-03-26 19:27:00,0.47849095055636326
2018-03-26 19:30:00,0.6385128001084013
2018-03-26 19:33:00,0.640048890228968
2018-03-26 19:36:00,0.6749804604376664
2018-03-26 19:39:00,0.5034465389428533
2018-03-26 19:42:00,0.6293517953839682
2018-03-26 19:45:00,0.7037972101929313
2018-03-26 19:48:00,0.5353087583458773
2018-03-26 19:51:00,0.621602739556522
2018-03-26 19:54:00,0.6324966441757169
2018-03-26 19:57:00,0.6291363648559241
2018-03-26 20:00:00,0.6355516701656256
2018-03-26 20:03:00,0.6292436445811518
2018-03-26 20:06:00,0.6232457888444287
2018-03-26 20:09:00,0.6358796055395715
2018-03-26 20:12:00,0.6849724435645612
2018-03-26 20:15:00,0.6980208145236588
2018-03-26 20:18:00,0.5450302856412463
2018-03-26 20:21:00,0.6801658259547025
2018-03-26 20:24:00,0.5494823155661379
2018-03-26 20:27:00,0.4911805715407809
2018-03-26 20:30:00,0.5853690662524969
2018-03-26 20:33:00,0.5230145376675068
2018-03-26 20:36:00,0.4889510794846501
2018-03-26 20:39:00,0.4543926439641268
2018-03-26 20:42:00,0.5647169279803848
2018-03-26 20:45:00,0.5872325811879477
2018-03-26 20:48:00,0.5139292347537889
2018-03-26 20:51:00,0.4538658774998794
2018-03-26 20:54:00,0.5273199717222496
2018-03-26 20:57:00,0.4956545676986934
2018-03-26 21:00:00,0.46662346752475514
2018-03-26 21:03:00,0.599976644263279
2018-03-26 21:06:00,0.5158927476846884
2018-03-26 21:09:00,0.455545875127882
2018-03-26 21:12:00,0.4582710449743672
2018-03-26 21:15:00,0.6047837642782383
2018-03-26 21:18:00,0.5716891788582075
2018-03-26 21:21:00,0.47419880792296
2018-03-26 21:24:00,0.5406345400485293
2018-03-26 21:27:00,0.4788575879703103
2018-03-26 21:30:00,0.48606013015995586
2018-03-26 21:33:00,0.5622244625542976
2018-03-26 21:36:00,0.6965607246983723
2018-03-26 21:39:00,0.5161879304302488
2018-03-26 21:42:00,0.5431445728737572
2018-03-26 21:45:00,0.5436545071951855
2018-03-26 21:48:00,0.4878710795919119
2018-03-26 21:51:00,0.514845923870439
2018-03-26 21:54:00,0.5485615590831685
2018-03-26 21:57:00,0.5326447903129292
2018-03-26 22:00:00,0.5526911226429547
2018-03-26 22:03:00,0.5905134829865233
2018-03-26 22:06:00,0.5352826424290242
2018-03-26 22:09:00,0.6029097501913157
2018-03-26 22:12:00,0.5106193793685634
2018-03-26 22:15:00,0.5680929037533815
2018-03-26 22:18:00,0.6206672875322283
2018-03-26 22:21:00,0.6331912263234472
2018-03-26 22:24:00,0.5586326224385516
2018-03-26 22:27:00,0.5633544665135446
2018-03-26 22:30:00,0.5976196839489489
2018-03-26 22:33:00,0.604733966793674
2018-03-26 22:36:00,0.49603530060136336
2018-03-26 22:39:00,0.5884136023880728
2018-03-26 22:42:00,0.6036084233110159
2018-03-26 22:45:00,0.5960837520194104
2018-03-26 22:48:00,0.7552834065639331
2018-03-26 22:51:00,0.6633846723138959
2018-03-26 22:54:00,0.5919858657596251
2018-03-26 22:57:00,0.5374452148069508
2018-03-26 23:00:00,0.6255682600374257
2018-03-26 23:03:00,0.36883603279545696
2018-03-26 23:06:00,0.4495880106642858
2018-03-26 23:09:00,0.5236704903471718
2018-03-26 23:12:00,0.6091634463041942
2018-03-26 23:15:00,0.4704649543845676
2018-03-26 23:18:00,0.5916037083548531
2018-03-26 23:21:00,0.6372358495663661
2018-03-26 23:24:00,0.6415340305655377
2018-03-26 23:27:00,0.6709006119822334
2018-03-26 23:30:00,0.5683295477230672
2018-03-26 23:33:00,0.5262847998481561
2018-03-26 23:36:00,0.6605766559057997
2018-03-26 23:39:00,0.6309384280438053
2018-03-26 23:42:00,0.4615549692557579
2018-03-26 23:45:00,0.5939181563420561
2018-03-26 23:48:00,0.4719948685333861
2018-03-26 23:51:00,0.439426866171857
2018-03-26 23:54:00,0.4574145723261722
2018-03-26 23:57:00,0.470283578926626
2018-03-27 00:00:00,0.5436721837883169
2018-03-27 00:03:00,0.49772522903145955
2018-03-27 00:06:00,0.47705012998790153
2018-03-27 00:09:00,0.49299422449252006
2018-03-27 00:12:00,0.54648533919476
2018-03-27 00:15:00,0.4460885639222738
2018-03-27 00:18:00,0.4674670330452386
2018-03-27 00:21:00,0.5564724743458669
2018-03-27 00:24:00,0.5761884353709092
2018-03-27 00:27:00,0.46850071358369405
2018-03-27 00:30:00,0.5084472187480742
2018-03-27 00:33:00,0.3798209649823434
2018-03-27 00:36:00,0.46148153647402523
2018-03-27 00:39:00,0.44000121746051946
2018-03-27 00:42:00,0.4841349565841142
2018-03-27 00:45:00,0.3858109549753408
2018-03-27 00:48:00,0.4944863180824086
2018-03-27 00:51:00,0.39253917635909374
2018-03-27 00:54:00,0.3944529210396581
2018-03-27 00:57:00,0.46439193089662467
2018-03-27 01:00:00,0.268533563576284
2018-03-27 01:03:00,0.4647395567075705
2018-03-27 01:06:00,0.43660217601018303
2018-03-27 01:09:00,0.5042939121345853
2018-03-27 01:12:00,0.37270910448432915
2018-03-27 01:15:00,0.4416416446144922
2018-03-27 01:18:00,0.45646095361735206
2018-03-27 01:21:00,0.45763854259826076
2018-03-27 01:24:00,0.5121766279324333
2018-03-27 01:27:00,0.4519677228288401
2018-03-27 01:30:00,0.5853188263079687
2018-03-27 01:33:00,0.5427823772600391
2018-03-27 01:36:00,0.6008830290947458
2018-03-27 01:39:00,0.5314028469104528
2018-03-27 01:42:00,0.5957876928093242
2018-03-27 01:45:00,0.5264778359913294
2018-03-27 01:48:00,0.9059110801630368
2018-03-27 01:51:00,0.7850528126162999
2018-03-27 01:54:00,0.5336642084333221
2018-03-27 01:57:00,0.5048173803524492
2018-03-27 02:00:00,0.5308974392286814
2018-03-27 02:03:00,0.48279606921647655
2018-03-27 02:06:00,0.6077390650225425
2018-03-27 02:09:00,0.5559498894707531
2018-03-27 02:12:00,0.4836601201342887
2018-03-27 02:15:00,0.5870393831726801
2018-03-27 02:18:00,0.5174491173713136
2018-03-27 02:21:00,0.5548831517613166
2018-03-27 02:24:00,0.5963451521473075
2018-03-27 02:27:00,0.5515531808258061
2018-03-27 02:30:00,0.6544625398151425
2018-03-27 02:33:00,0.6393068402991844
2018-03-27 02:36:00,0.5043873694169747
2018-03-27 02:39:00,0.6494049677136786
2018-03-27 02:42:00,0.5746367200484315
2018-03-27 02:45:00,0.6067256462217756
2018-03-27 02:48:00,0.5856160442684768
2018-03-27 02:51:00,0.650481168560475
2018-03-27 02:54:00,0.6403448323080738
2018-03-27 02:57:00,0.6627469016950727
2018-03-27 03:00:00,0.6031841616066913
2018-03-27 03:03:00,0.5836768975198083
2018-03-27 03:06:00,0.6048795037418131
2018-03-27 03:09:00,0.5944638197108247
2018-03-27 03:12:00,0.6526607949675167
2018-03-27 03:15:00,0.5863352191876743
2018-03-27 03:18:00,0.6777464530527482
2018-03-27 03:21:00,0.567186460524681
2018-03-27 03:24:00,0.5850942879749255
2018-03-27 03:27:00,0.6502955219083333
2018-03-27 03:30:00,0.7132762458393245
2018-03-27 03:33:00,0.5543018083939728
2018-03-27 03:36:00,0.7012927982147517
2018-03-27 03:39:00,0.672964963634854
2018-03-27 03:42:00,0.5971280983731617
2018-03-27 03:45:00,0.6257794511955694
2018-03-27 03:48:00,0.6360075233585007
2018-03-27 03:51:00,0.6628646368022828
2018-03-27 03:54:00,0.6165927074192723
2018-03-27 03:57:00,0.6559389941409108
2018-03-27 04:00:00,0.6480386018223498
2018-03-27 04:03:00,0.638833733459137
2018-03-27 04:06:00,0.5909358036792014
2018-03-27 04:09:00,0.6865660443958745
2018-03-27 04:12:00,0.5689636522948263
2018-03-27 04:15:00,0.626332398792556
2018-03-27 04:18:00,0.5799956796273023
2018-03-27 04:21:00,0.6555960476888458
2018-03-27 04:24:00,0.5449084105884481
2018-03-27 04:27:00,0.6633695256302872
2018-03-27 04:30:00,0.6089933243799805
2018-03-27 04:33:00,0.5258403665727087
2018-03-27 04:36:00,0.5692675383646133
2018-03-27 04:39:00,0.5545498048281274
2018-03-27 04:42:00,0.5878081152494019
2018-03-27 04:45:00,0.5522875662219917
2018-03-27 04:48:00,0.6088932008831307
2018-03-27 04:51:00,0.6338428851024105
2018-03-27 04:54:00,0.6114660689773359
2018-03-27 04:57:00,0.6725763082425829
2018-03-27 05:00:00,0.616182868918429
2018-03-27 05:03:00,0.5871749683619214
2018-03-27 05:06:00,0.6100924092036166
2018-03-27 05:09:00,0.5507927254143965
2018-03-27 05:12:00,0.5245434952901746
2018-03-27 05:15:00,0.5480415942512309
2018-03-27 05:18:00,0.7055574364802055
2018-03-27 05:21:00,0.5592770096141635
2018-03-27 05:24:00,0.649815697083568
2018-03-27 05:27:00,0.621886485169
2018-03-27 05:30:00,0.6601778881006339
2018-03-27 05:33:00,0.5127332250135055
2018-03-27 05:36:00,0.5658252375395705
2018-03-27 05:39:00,0.5341818226593773
2018-03-27 05:42:00,0.6134153891227925
2018-03-27 05:45:00,0.5315417409163388
2018-03-27 05:48:00,0.671461924453638
2018-03-27 05:51:00,0.5233846339370984
2018-03-27 05:54:00,0.5822304424023628
2018-03-27 05:57:00,0.5734738453357977
2018-03-27 06:00:00,0.5812381573738321
2018-03-27 06:03:00,0.5741916458216565
2018-03-27 06:06:00,0.6039323777263803
2018-03-27 06:09:00,0.5609977988739274
2018-03-27 06:12:00,0.5564314905606693
2018-03-27 06:15:00,0.648959748490654
2018-03-27 06:18:00,0.5635097613259177
2018-03-27 06:21:00,0.5512701964631788
2018-03-27 06:24:00,0.6349673631948463
2018-03-27 06:27:00,0.6544143050799107
2018-03-27 06:30:00,0.5898587279428966
2018-03-27 06:33:00,0.654189656691301
2018-03-27 06:36:00,0.568469704950644
2018-03-27 06:39:00,0.5425991119539049
2018-03-27 06:42:00,0.6534979829006033
2018-03-27 06:45:00,0.6153200117059328
2018-03-27 06:48:00,0.5810941009287376
2018-03-27 06:51:00,0.5593633007296148
2018-03-27 06:54:00,0.5965021740372549
2018-03-27 06:57:00,0.5192555530541085
2018-03-27 07:00:00,0.5311683145263828
2018-03-27 07:03:00,0.5405046737973862
2018-03-27 07:06:00,0.3994897572199534
2018-03-27 07:09:00,0.5288278129181663
2018-03-27 07:12:00,0.6150772215745519
2018-03-27 07:15:00,0.5439442575291196
2018-03-27 07:18:00,0.5982240953322844
2018-03-27 07:21:00,0.6584452160356591
2018-03-27 07:24:00,0.5067248028886411
2018-03-27 07:27:00,0.4741184248279069
2018-03-27 07:30:00,0.5471098310244997
2018-03-27 07:33:00,0.6095991207306497
2018-03-27 07:36:00,0.5771200370826364
2018-03-27 07:39:00,0.5048172877548609
2018-03-27 07:42:00,0.5268280810797137
2018-03-27 07:45:00,0.6317981019394097
2018-03-27 07:48:00,0.5401148534700724
2018-03-27 07:51:00,0.577012793703318
2018-03-27 07:54:00,0.5442225418249791
2018-03-27 07:57:00,0.4342714881987604
2018-03-27 08:00:00,0.48509657372289894
2018-03-27 08:03:00,0.5835818888665472
2018-03-27 08:06:00,0.5000352125135237
2018-03-27 08:09:00,0.6102355382305973
2018-03-27 08:12:00,0.41203898314540766
2018-03-27 08:15:00,0.4435560924072206
2018-03-27 08:18:00,0.5841914727817539
2018-03-27 08:21:00,0.44668739893973
2018-03-27 08:24:00,0.4632993576698823
2018-03-27 08:27:00,0.4762107627306591
2018-03-27 08:30:00,0.5004029560710705
2018-03-27 08:33:00,0.4049174715414665
2018-03-27 08:36:00,0.5151444405718735
2018-03-27 08:39:00,0.4269832170534187
2018-03-27 08:42:00,0.43084426605594217
2018-03-27 08:45:00,0.5136664650959801
2018-03-27 08:48:00,0.43484848853853464
2018-03-27 08:51:00,0.462065932346718
2018-03-27 08:54:00,0.4496407713235726
2018-03-27 08:57:00,0.4250113633503929
2018-03-27 09:00:00,0.44814451266967126
2018-03-27 09:03:00,0.370904008799414
2018-03-27 09:06:00,0.3900175042867886
2018-03-27 09:09:00,0.41286010663390016
2018-03-27 09:12:00,0.48280656793883736
2018-03-27 09:15:00,0.36265891585094323
2018-03-27 09:18:00,0.28779092224067426
2018-03-27 09:21:00,0.3378382629622365
2018-03-27 09:24:00,0.409819040078105
2018-03-27 09:27:00,0.48372296189108965
2018-03-27 09:30:00,0.24230010921576195
2018-03-27 09:33:00,0.2593846318816304
2018-03-27 09:36:00,0.309584188713643
2018-03-27 09:39:00,0.42625821972092126
2018-03-27 09:42:00,0.29083253128129627
2018-03-27 09:45:00,0.3349536703217382
2018-03-27 09:48:00,0.2559352043333547
2018-03-27 09:51:00,0.2597398568466929
2018-03-27 09:54:00,0.32111808106435547
2018-03-27 09:57:00,0.1952749932372626
2018-03-27 10:00:00,0.2067665356487396
2018-03-27 10:03:00,0.23964370166498838
2018-03-27 10:06:00,0.17224442494904224
2018-03-27 10:09:00,0.23437535313360058
2018-03-27 10:12:00,0.09743431954791504
2018-03-27 10:15:00,0.25016668555139177
2018-03-27 10:18:00,0.12943511222795223
2018-03-27 10:21:00,0.22254812290668724
2018-03-27 10:24:00,0.15544992627286547
2018-03-27 10:27:00,0.22369973335321447
2018-03-27 10:30:00,0.09904861432244161
2018-03-27 10:33:00,0.06608627473326578
2018-03-27 10:36:00,0.010068461473338175
2018-03-27 10:39:00,0.07953187552021745
2018-03-27 10:42:00,0.1456809681481559
2018-03-27 10:45:00,0.16256297925275476
2018-03-27 10:48:00,0.09653129135290328
2018-03-27 10:51:00,0.004890685895475144
2018-03-27 10:54:00,0.02274801814667171
2018-03-27 10:57:00,0.10831095226183152
2018-03-27 11:00:00,0.03547062277408486
2018-03-27 11:03:00,0.03660523668696669
2018-03-27 11:06:00,0.17482415754034264
2018-03-27 11:09:00,-0.034749609228811096
2018-03-27 11:12:00,0.07581674446731768
2018-03-27 11:15:00,0.08194864846893779
2018-03-27 11:18:00,0.1382021474943258
2018-03-27 11:21:00,0.04246152350515331
2018-03-27 11:24:00,0.013612941413953195
2018-03-27 11:27:00,-0.024393599014274514
2018-03-27 11:30:00,0.09532142086067097
2018-03-27 11:33:00,0.0003110275077347069
2018-03-27 11:36:00,-0.008063300091237124
2018-03-27 11:39:00,0.021166478935413124
2018-03-27 11:42:00,-0.02724571666300335
2018-03-27 11:45:00,-0.06109853805332932
2018-03-27 11:48:00,-0.15752360691124068
2018-03-27 11:51:00,-0.010023437768438725
2018-03-27 11:54:00,-0.08287735908010063
2018-03-27 11:57:00,-0.05270054856777051
2018-03-27 12:00:00,-0.10359739579956795
2018-03-27 12:03:00,-0.2500364164329767
2018-03-27 12:06:00,-0.09732651242268275
2018-03-27 12:09:00,-0.12794610855195288
2018-03-27 12:12:00,0.015601311833222553
2018-03-27 12:15:00,-0.11501078847373947
2018-03-27 12:18:00,-0.13000506215837504
2018-03-27 12:21:00,-0.1502226507639648
2018-03-27 12:24:00,-0.18601611522842632
2018-03-27 12:27:00,-0.1773612138404701
2018-03-27 12:30:00,-0.13754867683439898
2018-03-27 12:33:00,-0.228934744256037
2018-03-27 12:36:00,-0.11947197028359824
2018-03-27 12:39:00,-0.09162220974070578
2018-03-27 12:42:00,-0.16476312644942936
2018-03-27 12:45:00,-0.22455995756070024
2018-03-27 12:48:00,-0.18063894781073486
2018-03-27 12:51:00,-0.2544916499964529
2018-03-27 12:54:00,-0.11408722292452467
2018-03-27 12:57:00,-0.20503018797018058
2018-03-27 13:00:00,-0.16037397428851818
2018-03-27 13:03:00,-0.15153404924365077
2018-03-27 13:06:00,-0.21052832683307088
2018-03-27 13:09:00,-0.15332766112214813
2018-03-27 13:12:00,-0.15965262867968022
2018-03-27 13:15:00,-0.1126563324557992
2018-03-27 13:18:00,-0.296418138962963
2018-03-27 13:21:00,-0.25391940978909133
2018-03-27 13:24:00,-0.29722419599295336
2018-03-27 13:27:00,-0.22485798549513447
2018-03-27 13:30:00,-0.2563523538198069
2018-03-27 13:33:00,-0.19631539403508214
2018-03-27 13:36:00,-0.19984165157569578
2018-03-27 13:39:00,-0.1637344116080044
2018-03-27 13:42:00,-0.2563815071932254
2018-03-27 13:45:00,-0.30876019497549123
2018-03-27 13:48:00,-0.2684952780194294
2018-03-27 13:51:00,-0.22562444918327174
2018-03-27 13:54:00,-0.2506419281168064
2018-03-27 13:57:00,-0.05551561241998115
2018-03-27 14:00:00,-0.12174514709636242
2018-03-27 14:03:00,-0.17122591534013054
2018-03-27 14:06:00,-0.22190606015738013
2018-03-27 14:09:00,0.016361639701642616
2018-03-27 14:12:00,-0.08858343364846633
2018-03-27 14:15:00,0.015172463167402839
2018-03-27 14:18:00,-0.13761185047820845
2018-03-27 14:21:00,-0.13318550802148366
2018-03-27 14:24:00,-0.14044655021012886
2018-03-27 14:27:00,-0.12291429546411337
2018-03-27 14:30:00,0.19380752051773698
2018-03-27 14:33:00,0.01191839630814684
2018-03-27 14:36:00,-0.04016080348230844
2018-03-27 14:39:00,-0.08633752058869959
2018-03-27 14:42:00,-0.0995662893918734
2018-03-27 14:45:00,0.013323122057272485
2018-03-27 14:48:00,0.1513906078087075
2018-03-27 14:51:00,-0.02075977175013577
2018-03-27 14:54:00,-0.016371224194983824
2018-03-27 14:57:00,-0.09427552099970171
2018-03-27 15:00:00,-0.2643450430946359
2018-03-27 15:03:00,-0.2055613598942614
2018-03-27 15:06:00,-0.13360755780547606
2018-03-27 15:09:00,-0.09120840859264945
2018-03-27 15:12:00,-0.0017905609605008976
2018-03-27 15:15:00,0.022934568366963504
2018-03-27 15:18:00,0.030579079800247655
2018-03-27 15:21:00,-0.0325486164088602
2018-03-27 15:24:00,-0.30700029585983657
2018-03-27 15:27:00,-0.16174666395869508
2018-03-27 15:30:00,-0.14020853014346812
2018-03-27 15:33:00,0.07539791835000642
2018-03-27 15:36:00,-0.129976332096021
2018-03-27 15:39:00,0.016515737402471586
2018-03-27 15:42:00,-0.008688863494512589
2018-03-27 15:45:00,0.002559268189827435
2018-03-27 15:48:00,0.07810771513038617
2018-03-27 15:51:00,0.18614888928777873
2018-03-27 15:54:00,0.16811544826202862
2018-03-27 15:57:00,0.19793202425677237
2018-03-27 16:00:00,0.3471930425852747
2018-03-27 16:03:00,0.31700327091095915
2018-03-27 16:06:00,0.3770393015120135
2018-03-27 16:09:00,0.26807411001959736
2018-03-27 16:12:00,0.4073301550957922
2018-03-27 16:15:00,0.2217448768302006
2018-03-27 16:18:00,0.3467127067905835
2018-03-27 16:21:00,0.25152842175918977
2018-03-27 16:24:00,0.2588459882653069
2018-03-27 16:27:00,0.19039852135335877
2018-03-27 16:30:00,0.09344119692980257
2018-03-27 16:33:00,0.23328545716367444
2018-03-27 16:36:00,0.1822931160828034
2018-03-27 16:39:00,0.42445474617392165
2018-03-27 16:42:00,0.4843191875343109
2018-03-27 16:45:00,0.6248480134098031
2018-03-27 16:48:00,0.686298223184167
2018-03-27 16:51:00,0.5862444770245929
2018-03-27 16:54:00,0.39980486065093146
2018-03-27 16:57:00,0.33046748178026064
2018-03-27 17:00:00,0.32577903490818017
2018-03-27 17:03:00,0.360604492499192
2018-03-27 17:06:00,0.20081527441118396
2018-03-27 17:09:00,0.2531550841650301
2018-03-27 17:12:00,0.2097702386314495
2018-03-27 17:15:00,0.18157755518194563
2018-03-27 17:18:00,0.31778949356385056
2018-03-27 17:21:00,0.4631593723317451
2018-03-27 17:24:00,0.3789803624524666
2018-03-27 17:27:00,0.3317581911452976
2018-03-27 17:30:00,0.5032466563263824
2018-03-27 17:33:00,0.28471750570747645
2018-03-27 17:36:00,0.281331194562938
2018-03-27 17:39:00,0.2568317472191666
2018-03-27 17:42:00,0.2961205443729682
2018-03-27 17:45:00,0.31321451811521683
2018-03-27 17:48:00,0.27383480849454145
2018-03-27 17:51:00,0.293337005645526
2018-03-27 17:54:00,0.2763833085472811
2018-03-27 17:57:00,0.42570069432520086
2018-03-27 18:00:00,0.3960200619637817
2018-03-27 18:03:00,0.41409171433855363
2018-03-27 18:06:00,0.3828326716488277
2018-03-27 18:09:00,0.31293895023765117
2018-03-27 18:12:00,0.38428269327715725
2018-03-27 18:15:00,0.39883729751005603
2018-03-27 18:18:00,0.4177748739132312
2018-03-27 18:21:00,0.2934813219873149
2018-03-27 18:24:00,0.3755159444057199
2018-03-27 18:27:00,0.3940069160162807
2018-03-27 18:30:00,0.40717826398940815
2018-03-27 18:33:00,0.32435438531808813
2018-03-27 18:36:00,0.4664533384734568
2018-03-27 18:39:00,0.38265800995947075
2018-03-27 18:42:00,0.3559635191743382
2018-03-27 18:45:00,0.33218575508334425
2018-03-27 18:48:00,0.367356433459463
2018-03-27 18:51:00,0.46418767836610186
2018-03-27 18:54:00,
2018-03-27 18:57:00,
2018-03-27 19:00:00,
2018-03-27 19:03:00,0.3812303641826702
2018-03-27 19:06:00,0.37149121527403395
2018-03-27 19:09:00,0.37558369180317186
2018-03-27 19:12:00,0.3822525774922383
2018-03-27 19:15:00,0.3681298180745216
2018-03-27 19:18:00,0.3946395229768882
2018-03-27 19:21:00,0.37994218072856256
2018-03-27 19:24:00,0.4613114434509953
2018-03-27 19:27:00,0.429069535900112
2018-03-27 19:30:00,0.43098474765275796
2018-03-27 19:33:00,0.3985129019770284
2018-03-27 19:36:00,0.36429811870539197
2018-03-27 19:39:00,0.3686410119616994
2018-03-27 19:42:00,0.3933631462151652
2018-03-27 19:45:00,0.37867303689762366
2018-03-27 19:48:00,0.2867678888782734
2018-03-27 19:51:00,0.39586394970933725
2018-03-27 19:54:00,0.2736754830563086
2018-03-27 19:57:00,0.3832368935708246
2018-03-27 20:00:00,0.279511362365497
2018-03-27 20:03:00,0.33386747822441976
2018-03-27 20:06:00,0.38674754719210114
2018-03-27 20:09:00,0.5274493411653225
2018-03-27 20:12:00,0.3807789312260752
2018-03-27 20:15:00,0.3703281970281296
2018-03-27 20:18:00,0.37350860570541045
2018-03-27 20:21:00,0.4329295651432403
2018-03-27 20:24:00,0.3550645394495291
2018-03-27 20:27:00,0.3997407348081765
2018-03-27 20:30:00,0.29832775806391965
2018-03-27 20:33:00,0.3860266882283554
2018-03-27 20:36:00,0.34848081876612014
2018-03-27 20:39:00,0.25358714093118806
2018-03-27 20:42:00,0.293541148497809
2018-03-27 20:45:00,0.4146286136066806
2018-03-27 20:48:00,0.18854044863934405
2018-03-27 20:51:00,0.39441922662274465
2018-03-27 20:54:00,0.39989519644836946
2018-03-27 20:57:00,0.25626622516341513
2018-03-27 21:00:00,0.3263736093444436
2018-03-27 21:03:00,0.336296570238801
2018-03-27 21:06:00,0.4415609919988128
2018-03-27 21:09:00,0.37627316798705124
2018-03-27 21:12:00,0.3657080164633726
2018-03-27 21:15:00,0.3785163801967997
2018-03-27 21:18:00,0.3044959598971104
2018-03-27 21:21:00,0.31790900059377236
2018-03-27 21:24:00,0.30605191189658854
2018-03-27 21:27:00,0.2727185327952384
2018-03-27 21:30:00,0.26285523889839624
2018-03-27 21:33:00,0.32113638277689915
2018-03-27 21:36:00,0.3000919701350995
2018-03-27 21:39:00,0.36256715968130493
2018-03-27 21:42:00,0.3600564083223503
2018-03-27 21:45:00,0.39462866472507585
2018-03-27 21:48:00,0.1835385683622235
2018-03-27 21:51:00,0.37511553513104445
2018-03-27 21:54:00,0.3982495049683621
2018-03-27 21:57:00,0.3534037460916579
2018-03-27 22:00:00,0.37838418212271563
2018-03-27 22:03:00,0.3073953488460006
2018-03-27 22:06:00,0.28616665123161056
2018-03-27 22:09:00,0.33990606715656213
2018-03-27 22:12:00,0.36313511707822954
2018-03-27 22:15:00,0.3378553756589895
2018-03-27 22:18:00,0.39001560469699825
2018-03-27 22:21:00,0.3869819422944829
2018-03-27 22:24:00,0.3816474850124223
2018-03-27 22:27:00,0.29211216593165545
2018-03-27 22:30:00,0.3532167607818337
2018-03-27 22:33:00,0.45365478019823513
2018-03-27 22:36:00,0.41796083277802154
2018-03-27 22:39:00,0.3589630277679703
2018-03-27 22:42:00,0.36060326554763833
2018-03-27 22:45:00,0.31847635277694053
2018-03-27 22:48:00,0.4187195112339168
2018-03-27 22:51:00,0.3970238437762532
2018-03-27 22:54:00,0.41963522060723335
2018-03-27 22:57:00,0.40825976304921596
2018-03-27 23:00:00,0.2637924486558063
2018-03-27 23:03:00,0.43897632370800466
2018-03-27 23:06:00,0.3756538889539911
2018-03-27 23:09:00,0.4932312713812621
2018-03-27 23:12:00,0.41740346032264597
2018-03-27 23:15:00,0.44111951628002544
2018-03-27 23:18:00,0.4562937549304138
2018-03-27 23:21:00,0.4025277317401219
2018-03-27 23:24:00,0.37153344066234695
2018-03-27 23:27:00,0.433313055685403
2018-03-27 23:30:00,0.4057900669523633
2018-03-27 23:33:00,0.4057223048307037
2018-03-27 23:36:00,0.449835086080725
2018-03-27 23:39:00,0.39382937535810925
2018-03-27 23:42:00,0.49321279615224967
2018-03-27 23:45:00,0.4444704805812876
2018-03-27 23:48:00,0.4080926208336564
2018-03-27 23:51:00,0.3879143273092609
2018-03-27 23:54:00,0.40465621361255444
2018-03-27 23:57:00,0.41951616200930175
2018-03-28 00:00:00,0.5172923334616257
2018-03-28 00:03:00,0.4592320756829622
2018-03-28 00:06:00,0.4494034045033004
2018-03-28 00:09:00,0.49791726921722557
2018-03-28 00:12:00,0.4438506053069773
2018-03-28 00:15:00,0.3534833432613027
2018-03-28 00:18:00,0.42560503353598733
2018-03-28 00:21:00,0.40301738572867407
2018-03-28 00:24:00,0.2768752050276362
2018-03-28 00:27:00,0.4330130862366559
2018-03-28 00:30:00,0.4584917787379368
2018-03-28 00:33:00,0.35019624358335477
2018-03-28 00:36:00,0.4484938173696946
2018-03-28 00:39:00,0.38847204262083324
2018-03-28 00:42:00,0.527651836962832
2018-03-28 00:45:00,0.4277400135826497
2018-03-28 00:48:00,0.3698374131807327
2018-03-28 00:51:00,0.3579593569729127
2018-03-28 00:54:00,0.24182739947553955
2018-03-28 00:57:00,0.48915314490875517
2018-03-28 01:00:00,0.3541326323031626
2018-03-28 01:03:00,0.4732160319701961
2018-03-28 01:06:00,0.45390846070290536
2018-03-28 01:09:00,0.4610305695826469
2018-03-28 01:12:00,0.4078729538887842
2018-03-28 01:15:00,0.3666793032899136
2018-03-28 01:18:00,0.4073110594859486
2018-03-28 01:21:00,0.4698892252105793
2018-03-28 01:24:00,0.4487777766972272
2018-03-28 01:27:00,0.42373839643101974
2018-03-28 01:30:00,0.45347677574415
2018-03-28 01:33:00,0.38131421129207865
2018-03-28 01:36:00,0.2868004608857291
2018-03-28 01:39:00,0.5317377358551312
2018-03-28 01:42:00,0.393291501832266
2018-03-28 01:45:00,0.453201387288118
2018-03-28 01:48:00,0.39898375335246783
2018-03-28 01:51:00,0.483338039618161
2018-03-28 01:54:00,0.4456711361578414
2018-03-28 01:57:00,0.5774124963504619
2018-03-28 02:00:00,0.5149759808419958
2018-03-28 02:03:00,0.48649120300956383
2018-03-28 02:06:00,0.43936421605479836
2018-03-28 02:09:00,0.37444219428613223
2018-03-28 02:12:00,0.4611393773709551
2018-03-28 02:15:00,0.3730794209613464
2018-03-28 02:18:00,0.30093856915658534
2018-03-28 02:21:00,0.3777335839107536
2018-03-28 02:24:00,0.35270176263901476
2018-03-28 02:27:00,0.4060588861952965
2018-03-28 02:30:00,0.39875506501249447
2018-03-28 02:33:00,0.359075678226759
2018-03-28 02:36:00,0.40059308205422894
2018-03-28 02:39:00,0.4715420948131168
2018-03-28 02:42:00,0.44015843582809566
2018-03-28 02:45:00,0.44307963820193663
2018-03-28 02:48:00,0.39516273702298577
2018-03-28 02:51:00,0.4865486499517715
2018-03-28 02:54:00,0.4177448510205295
2018-03-28 02:57:00,0.4961353991066062
2018-03-28 03:00:00,0.5488982523118011
2018-03-28 03:03:00,0.459419839224779
2018-03-28 03:06:00,0.5416576879032959
2018-03-28 03:09:00,0.45735247185081107
2018-03-28 03:12:00,0.4564371756372907
2018-03-28 03:15:00,0.4422200897443531
2018-03-28 03:18:00,0.46013702356293606
2018-03-28 03:21:00,0.475186598579171
2018-03-28 03:24:00,0.45720316032839037
2018-03-28 03:27:00,0.42159542716365195
2018-03-28 03:30:00,0.5411929890803435
2018-03-28 03:33:00,0.4157100450140092
2018-03-28 03:36:00,0.44032529553362565
2018-03-28 03:39:00,0.4766877432174965
2018-03-28 03:42:00,0.43358228328810355
2018-03-28 03:45:00,0.5259632527706799
2018-03-28 03:48:00,0.5129958106354024
2018-03-28 03:51:00,0.5822256377622921
2018-03-28 03:54:00,0.5959128557145732
2018-03-28 03:57:00,0.4236420521363584
2018-03-28 04:00:00,0.6216456974449898
2018-03-28 04:03:00,0.5487717927999824
2018-03-28 04:06:00,0.6025347398080498
2018-03-28 04:09:00,0.5371699622032793
2018-03-28 04:12:00,0.5776004060294895
2018-03-28 04:15:00,0.5127409372061038
2018-03-28 04:18:00,0.5324837637886048
2018-03-28 04:21:00,0.5485672754904272
2018-03-28 04:24:00,0.5345048064695561
2018-03-28 04:27:00,0.6383557478827129
2018-03-28 04:30:00,0.5705968511146011
2018-03-28 04:33:00,0.49143056830405385
2018-03-28 04:36:00,0.44787226926490575
2018-03-28 04:39:00,0.5265406380043487
2018-03-28 04:42:00,0.5280539292646154
2018-03-28 04:45:00,0.5628971568658585
2018-03-28 04:48:00,0.610688833546817
2018-03-28 04:51:00,0.5726111689556888
2018-03-28 04:54:00,0.5743675438574201
2018-03-28 04:57:00,0.47849085191813856
2018-03-28 05:00:00,0.49156021413233475
2018-03-28 05:03:00,0.5713748301296278
2018-03-28 05:06:00,0.5171167521858138
2018-03-28 05:09:00,0.518352599508205
2018-03-28 05:12:00,0.5087204310203788
2018-03-28 05:15:00,0.511362241894858
2018-03-28 05:18:00,0.5753853848968902
2018-03-28 05:21:00,0.5570748497202089
2018-03-28 05:24:00,0.5015461977496898
2018-03-28 05:27:00,0.4940577164746287
2018-03-28 05:30:00,0.4884295180524987
2018-03-28 05:33:00,0.5948314291008501
2018-03-28 05:36:00,0.4960082941072983
2018-03-28 05:39:00,0.4709966912360528
2018-03-28 05:42:00,0.5770855851785655
2018-03-28 05:45:00,0.44470965424608266
2018-03-28 05:48:00,0.5026295642678065
2018-03-28 05:51:00,0.5198602990348036
2018-03-28 05:54:00,0.5645391909509954
2018-03-28 05:57:00,0.5162563646763374
2018-03-28 06:00:00,0.5385376551533341
2018-03-28 06:03:00,0.6007069303869912
2018-03-28 06:06:00,0.5982901980693782
2018-03-28 06:09:00,0.46625762985985375
2018-03-28 06:12:00,0.5577578637820011
2018-03-28 06:15:00,0.6341932894863476
2018-03-28 06:18:00,0.4528294214526909
2018-03-28 06:21:00,0.6101066254150282
2018-03-28 06:24:00,0.5874708829935571
2018-03-28 06:27:00,0.5520128699885731
2018-03-28 06:30:00,0.440698673211557
2018-03-28 06:33:00,0.4952182995984913
2018-03-28 06:36:00,0.5880073665341001
2018-03-28 06:39:00,0.488421682232115
2018-03-28 06:42:00,0.549258955967673
2018-03-28 06:45:00,0.5617541519492875
2018-03-28 06:48:00,0.44718304794412234
2018-03-28 06:51:00,0.3965014168086327
2018-03-28 06:54:00,0.5113708133196155
2018-03-28 06:57:00,0.4118727039402188
2018-03-28 07:00:00,0.4411454801455079
2018-03-28 07:03:00,0.37207945785246466
2018-03-28 07:06:00,0.4143339596676583
2018-03-28 07:09:00,0.5614673278643636
2018-03-28 07:12:00,0.44107267523480687
2018-03-28 07:15:00,0.45838343321344155
2018-03-28 07:18:00,0.3884340506310764
2018-03-28 07:21:00,0.42614019118741453
2018-03-28 07:24:00,0.47512423155302486
2018-03-28 07:27:00,0.4029360767179355
2018-03-28 07:30:00,0.41950306323860787
2018-03-28 07:33:00,0.389511039183958
2018-03-28 07:36:00,0.4124549304158336
2018-03-28 07:39:00,0.46764916723270744
2018-03-28 07:42:00,0.39688313173695633
2018-03-28 07:45:00,0.42085863743517393
2018-03-28 07:48:00,0.42275080924167696
2018-03-28 07:51:00,0.353019886223251
2018-03-28 07:54:00,0.43751864849315325
2018-03-28 07:57:00,0.4702167837074285
2018-03-28 08:00:00,0.45686283416813467
2018-03-28 08:03:00,0.3106158050786121
2018-03-28 08:06:00,0.3247223294079049
2018-03-28 08:09:00,0.3449596874162921
2018-03-28 08:12:00,0.3250494670451758
2018-03-28 08:15:00,0.3057608659716493
2018-03-28 08:18:00,0.29673460253786743
2018-03-28 08:21:00,0.33770479525611563
2018-03-28 08:24:00,0.20623080018771134
2018-03-28 08:27:00,0.2770536530518939
2018-03-28 08:30:00,0.4442959585801418
2018-03-28 08:33:00,0.2719834533888843
2018-03-28 08:36:00,0.3072167119452729
2018-03-28 08:39:00,0.3077800194603242
2018-03-28 08:42:00,0.33856300091684943
2018-03-28 08:45:00,0.3610227904246699
2018-03-28 08:48:00,0.409947970397468
2018-03-28 08:51:00,0.36647702706164864
2018-03-28 08:54:00,0.2890826540112812
2018-03-28 08:57:00,0.2506835767870257
2018-03-28 09:00:00,0.2903519114283313
2018-03-28 09:03:00,0.3785690368831638
2018-03-28 09:06:00,0.26207659595007726
2018-03-28 09:09:00,0.34844124571378643
2018-03-28 09:12:00,0.17183319610802528
2018-03-28 09:15:00,0.22441432042779752
2018-03-28 09:18:00,0.2147212054632064
2018-03-28 09:21:00,0.13938917061568645
2018-03-28 09:24:00,0.2574079993266878
2018-03-28 09:27:00,0.1205312575761468
2018-03-28 09:30:00,0.12362028661260638
2018-03-28 09:33:00,0.2959499047144618
2018-03-28 09:36:00,0.11195652318053817
2018-03-28 09:39:00,0.21357512757651875
2018-03-28 09:42:00,0.0730795423465338
2018-03-28 09:45:00,0.23786886694415443
2018-03-28 09:48:00,0.19950717362394244
2018-03-28 09:51:00,0.31638674247631116
2018-03-28 09:54:00,0.18414397528442805
2018-03-28 09:57:00,0.22038849678421002
2018-03-28 10:00:00,0.09295907518077229
2018-03-28 10:03:00,0.17361947869329697
2018-03-28 10:06:00,0.09474546945006068
2018-03-28 10:09:00,0.08257215902153803
2018-03-28 10:12:00,0.15438780472629787
2018-03-28 10:15:00,-0.01010772965344131
2018-03-28 10:18:00,0.16297769751923852
2018-03-28 10:21:00,0.10599328798315355
2018-03-28 10:24:00,0.1653550248861393
2018-03-28 10:27:00,0.11889344556414017
2018-03-28 10:30:00,0.146701407138778
2018-03-28 10:33:00,0.1479291993755396
2018-03-28 10:36:00,0.10069542428294653
2018-03-28 10:39:00,0.015965019129055236
2018-03-28 10:42:00,0.06983590122513306
2018-03-28 10:45:00,0.07116759699209751
2018-03-28 10:48:00,0.13251058171681507
2018-03-28 10:51:00,0.08740682766949703
2018-03-28 10:54:00,0.08297464711790781
2018-03-28 10:57:00,0.05822502093201365
2018-03-28 11:00:00,0.004721387953509293
2018-03-28 11:03:00,0.009452484579639986
2018-03-28 11:06:00,-0.06997259871241113
2018-03-28 11:09:00,0.0967335328970762
2018-03-28 11:12:00,0.0900964963970523
2018-03-28 11:15:00,0.039151885615183346
2018-03-28 11:18:00,-0.0036523590376305037
2018-03-28 11:21:00,-0.0407247318556756
2018-03-28 11:24:00,0.043504108262254704
2018-03-28 11:27:00,-0.04720693558795119
2018-03-28 11:30:00,0.051331731610673614
2018-03-28 11:33:00,-0.007547591378852303
2018-03-28 11:36:00,-0.010221005036555653
2018-03-28 11:39:00,-0.03458791845497444
2018-03-28 11:42:00,-0.004718264139455641
2018-03-28 11:45:00,0.06402155180256841
2018-03-28 11:48:00,0.060093225240109405
2018-03-28 11:51:00,-0.05790480046277935
2018-03-28 11:54:00,0.23344242985132269
2018-03-28 11:57:00,0.09968036957701543
2018-03-28 12:00:00,0.08674369664009873
2018-03-28 12:03:00,0.07307073587941204
2018-03-28 12:06:00,-0.03345940262909153
2018-03-28 12:09:00,0.05431978570521778
2018-03-28 12:12:00,-0.018077619345092444
2018-03-28 12:15:00,0.037904600548984035
2018-03-28 12:18:00,0.07451650268018284
2018-03-28 12:21:00,0.1341108779384399
2018-03-28 12:24:00,0.042485233523507304
2018-03-28 12:27:00,-0.024333474089701213
2018-03-28 12:30:00,0.049239997401059554
2018-03-28 12:33:00,9.712878056689078e-05
2018-03-28 12:36:00,0.01543465859532489
2018-03-28 12:39:00,0.06203521251973143
2018-03-28 12:42:00,-0.031252690120595616
2018-03-28 12:45:00,-0.05887823570117234
2018-03-28 12:48:00,-0.06673024483103518
2018-03-28 12:51:00,-0.043352067731063926
2018-03-28 12:54:00,-0.03716777838985763
2018-03-28 12:57:00,-0.14148753848525075
2018-03-28 13:00:00,0.027738419211118526
2018-03-28 13:03:00,0.025634677942321105
2018-03-28 13:06:00,0.006038187588330857
2018-03-28 13:09:00,-0.004998471292026352
2018-03-28 13:12:00,-0.019498607192133477
2018-03-28 13:15:00,-0.04770146579073753
2018-03-28 13:18:00,0.039393737378873084
2018-03-28 13:21:00,-0.12030902142129207
2018-03-28 13:24:00,0.05598095066090991
2018-03-28 13:27:00,-0.0028620341971077323
2018-03-28 13:30:00,-0.016148358437419574
2018-03-28 13:33:00,-0.05067136738273348
2018-03-28 13:36:00,-0.06622873297817478
2018-03-28 13:39:00,0.23680361981843134
2018-03-28 13:42:00,0.3437691221934074
2018-03-28 13:45:00,0.32912805187095273
2018-03-28 13:48:00,0.25307324948619225
2018-03-28 13:51:00,0.22962407768312687
2018-03-28 13:54:00,0.07407070889701117
2018-03-28 13:57:00,0.2889604111394988
2018-03-28 14:00:00,0.3371268507031573
2018-03-28 14:03:00,0.4283818039613152
2018-03-28 14:06:00,0.33874041876299543
2018-03-28 14:09:00,0.4076216886278985
2018-03-28 14:12:00,0.4745149586692037
2018-03-28 14:15:00,0.41684876260382
2018-03-28 14:18:00,0.27195871005449135
2018-03-28 14:21:00,0.3096427859334199
2018-03-28 14:24:00,0.3325676057705209
2018-03-28 14:27:00,0.26363328051570534
2018-03-28 14:30:00,0.3426018681279288
2018-03-28 14:33:00,0.29753449899851603
2018-03-28 14:36:00,0.3175507613821651
2018-03-28 14:39:00,0.3228677173459005
2018-03-28 14:42:00,0.25904649205415353
2018-03-28 14:45:00,0.3368600380173916
2018-03-28 14:48:00,0.4164540260258036
2018-03-28 14:51:00,0.252974259250891
2018-03-28 14:54:00,0.24762302389098068
2018-03-28 14:57:00,0.24255040114161375
2018-03-28 15:00:00,0.18916773493953087
2018-03-28 15:03:00,0.24610980390815484
2018-03-28 15:06:00,0.21654813551197094
2018-03-28 15:09:00,0.04484447747330478
2018-03-28 15:12:00,0.19487540890838773
2018-03-28 15:15:00,0.09605234575241184
2018-03-28 15:18:00,0.04689809704166237
2018-03-28 15:21:00,0.17814066855925148
2018-03-28 15:24:00,0.1134067428043295
2018-03-28 15:27:00,0.09864327513781745
2018-03-28 15:30:00,0.08689813848570793
2018-03-28 15:33:00,0.0743125665276807
2018-03-28 15:36:00,0.08396662010267164
2018-03-28 15:39:00,0.040413673530224514
2018-03-28 15:42:00,0.06289630953563119
2018-03-28 15:45:00,0.07182322238469396
2018-03-28 15:48:00,0.07237885757746199
2018-03-28 15:51:00,0.08578291779258507
2018-03-28 15:54:00,0.08382354934235536
2018-03-28 15:57:00,-0.06577320878363935
2018-03-28 16:00:00,-0.0033744241821977994
2018-03-28 16:03:00,0.037448241794891146
2018-03-28 16:06:00,0.04281312680978999
2018-03-28 16:09:00,-0.0243991923196063
2018-03-28 16:12:00,0.11470707120508905
2018-03-28 16:15:00,-0.11457132172648699
2018-03-28 16:18:00,-0.10954655381459588
2018-03-28 16:21:00,0.09238729533421974
2018-03-28 16:24:00,-0.08887684663869777
2018-03-28 16:27:00,0.03145700958202724
2018-03-28 16:30:00,0.07887078971464234
2018-03-28 16:33:00,-0.02259454554371132
2018-03-28 16:36:00,-0.06328260939096708
2018-03-28 16:39:00,-0.03837505871098301
2018-03-28 16:42:00,-0.07530797402114331
2018-03-28 16:45:00,-0.062052814381104326
2018-03-28 16:48:00,-0.007695190867082147
2018-03-28 16:51:00,0.027940193990957596
2018-03-28 16:54:00,0.018390321174763358
2018-03-28 16:57:00,-0.029868573550629662
2018-03-28 17:00:00,0.026362671528715964
2018-03-28 17:03:00,-0.0589786203274798
2018-03-28 17:06:00,-0.013589844725856892
2018-03-28 17:09:00,-0.09027309297897546
2018-03-28 17:12:00,0.07097517799002162
2018-03-28 17:15:00,-0.04973039799659773
2018-03-28 17:18:00,-0.02501216112483462
2018-03-28 17:21:00,0.07596042329970487
2018-03-28 17:24:00,-0.023267669785923317
2018-03-28 17:27:00,-0.019240057566378255
2018-03-28 17:30:00,0.05441381956757141
2018-03-28 17:33:00,0.01566660324709801
2018-03-28 17:36:00,-0.01110678908690943
2018-03-28 17:39:00,-0.030337654001755254
2018-03-28 17:42:00,0.11242503783591928
2018-03-28 17:45:00,0.07434019073662057
2018-03-28 17:48:00,0.09959452968234928
2018-03-28 17:51:00,0.14354819714253608
2018-03-28 17:54:00,0.047885575526493085
2018-03-28 17:57:00,0.09355874044575785
2018-03-28 18:00:00,0.17943574276313257
2018-03-28 18:03:00,0.06558224461355167
2018-03-28 18:06:00,0.1376393086179064
2018-03-28 18:09:00,0.14057816557533442
2018-03-28 18:12:00,0.10347496893621155
2018-03-28 18:15:00,0.10004539387603018
2018-03-28 18:18:00,0.2564005788511281
2018-03-28 18:21:00,0.08222371439705967
2018-03-28 18:24:00,0.1152719888183924
2018-03-28 18:27:00,0.1985077751135691
2018-03-28 18:30:00,0.1437989538767397
2018-03-28 18:33:00,0.04363843078095897
2018-03-28 18:36:00,0.2092163845438222
2018-03-28 18:39:00,0.20966993069157525
2018-03-28 18:42:00,0.16304211262013268
2018-03-28 18:45:00,0.31746128736335777
2018-03-28 18:48:00,0.2965004404966862
2018-03-28 18:51:00,0.49507449174672047
2018-03-28 18:54:00,
2018-03-28 18:57:00,
2018-03-28 19:00:00,
2018-03-28 19:03:00,0.4588391188068499
2018-03-28 19:06:00,0.41235012026731965
2018-03-28 19:09:00,0.3784757350961172
2018-03-28 19:12:00,0.24208095451268719
2018-03-28 19:15:00,0.24866286668702742
2018-03-28 19:18:00,0.06729939159032483
2018-03-28 19:21:00,0.15229565428131764
2018-03-28 19:24:00,0.12190141103440055
2018-03-28 19:27:00,0.2254722286568267
2018-03-28 19:30:00,0.17966092983283488
2018-03-28 19:33:00,0.2312150702110216
2018-03-28 19:36:00,0.23989459157610327
2018-03-28 19:39:00,0.15158267888148202
2018-03-28 19:42:00,0.22777653255326413
2018-03-28 19:45:00,0.2071217427962324
2018-03-28 19:48:00,0.21652133478966107
2018-03-28 19:51:00,0.1719476085456222
2018-03-28 19:54:00,0.16384587353672941
2018-03-28 19:57:00,0.2620429067050054
2018-03-28 20:00:00,0.2216566016738284
2018-03-28 20:03:00,0.20260294854006133
2018-03-28 20:06:00,0.20533466471516704
2018-03-28 20:09:00,0.16782302743604305
2018-03-28 20:12:00,0.3524045798639577
2018-03-28 20:15:00,0.23919273449035927
2018-03-28 20:18:00,0.17966417287198055
2018-03-28 20:21:00,0.26545256447167276
2018-03-28 20:24:00,0.1657695194809321
2018-03-28 20:27:00,0.16805873507723845
2018-03-28 20:30:00,0.22276532771394386
2018-03-28 20:33:00,0.1976302574647093
2018-03-28 20:36:00,0.10494834381449891
2018-03-28 20:39:00,0.1037284111698682
2018-03-28 20:42:00,0.15308996964313337
2018-03-28 20:45:00,0.21531587912346595
2018-03-28 20:48:00,0.15465945504070078
2018-03-28 20:51:00,0.1967281656603177
2018-03-28 20:54:00,0.14388878855163512
2018-03-28 20:57:00,0.1811209427607423
2018-03-28 21:00:00,0.2837719632454423
2018-03-28 21:03:00,0.22909447842272357
2018-03-28 21:06:00,0.14891128718329583
2018-03-28 21:09:00,0.25178556075593406
2018-03-28 21:12:00,0.2822195507006313
2018-03-28 21:15:00,0.3095008368256913
2018-03-28 21:18:00,0.14915298757324535
2018-03-28 21:21:00,0.25189668272537347
2018-03-28 21:24:00,0.12539188048651795
2018-03-28 21:27:00,0.16041451653876493
2018-03-28 21:30:00,0.3400120451928501
2018-03-28 21:33:00,0.17640230913644928
2018-03-28 21:36:00,0.15915369721568595
2018-03-28 21:39:00,0.294247355142943
2018-03-28 21:42:00,0.1047383414925207
2018-03-28 21:45:00,0.23287145399996234
2018-03-28 21:48:00,0.2911582593222306
2018-03-28 21:51:00,0.19343387702502923
2018-03-28 21:54:00,0.16738906638693152
2018-03-28 21:57:00,0.21916931877956358
2018-03-28 22:00:00,0.27762408560209906
2018-03-28 22:03:00,0.23004481272613475
2018-03-28 22:06:00,0.3376848069280527
2018-03-28 22:09:00,0.21278869418165414
2018-03-28 22:12:00,0.20469854810306742
2018-03-28 22:15:00,0.14754646462199617
2018-03-28 22:18:00,0.0676206892150617
2018-03-28 22:21:00,0.14767072256017855
2018-03-28 22:24:00,0.10466281198881688
2018-03-28 22:27:00,0.22175897143034717
2018-03-28 22:30:00,0.18264868192579797
2018-03-28 22:33:00,0.17179758289768188
2018-03-28 22:36:00,0.22807316764033203
2018-03-28 22:39:00,0.25389184722240543
2018-03-28 22:42:00,0.32327612300724695
2018-03-28 22:45:00,0.23467027840439414
2018-03-28 22:48:00,0.27885001548435184
2018-03-28 22:51:00,0.2120776710538621
2018-03-28 22:54:00,0.36845138223401364
2018-03-28 22:57:00,0.3592887425169238
2018-03-28 23:00:00,0.19528271519197915
2018-03-28 23:03:00,0.2604043534934135
2018-03-28 23:06:00,0.26469276236679207
2018-03-28 23:09:00,0.2690515377195766
2018-03-28 23:12:00,0.33253158802631333
2018-03-28 23:15:00,0.31249356894943503
2018-03-28 23:18:00,0.321676956259239
2018-03-28 23:21:00,0.27541595786954076
2018-03-28 23:24:00,0.2849252578790811
2018-03-28 23:27:00,0.3149671209994267
2018-03-28 23:30:00,0.23173683339769013
2018-03-28 23:33:00,0.3861017462762675
2018-03-28 23:36:00,0.22995356799481215
2018-03-28 23:39:00,0.3076871448907923
2018-03-28 23:42:00,0.24899625366020928
2018-03-28 23:45:00,0.2032488459050228
2018-03-28 23:48:00,0.23426708543217956
2018-03-28 23:51:00,0.2961570678342582
2018-03-28 23:54:00,0.23731088055393457
2018-03-28 23:57:00,0.24372306903183016
2018-03-29 00:00:00,0.222440784205844
2018-03-29 00:03:00,0.3754642883551469
2018-03-29 00:06:00,0.3323353314786459
2018-03-29 00:09:00,0.2727851269843313
2018-03-29 00:12:00,0.3293432564667569
2018-03-29 00:15:00,0.4097609766851633
2018-03-29 00:18:00,0.255072150985427
2018-03-29 00:21:00,0.2719691030416129
2018-03-29 00:24:00,0.3112124715419782
2018-03-29 00:27:00,0.38456245091765595
2018-03-29 00:30:00,0.3414116159348737
2018-03-29 00:33:00,0.35975306288077036
2018-03-29 00:36:00,0.3582281075453011
2018-03-29 00:39:00,0.3558671135011764
2018-03-29 00:42:00,0.28442295135084805
2018-03-29 00:45:00,0.2485497042202951
2018-03-29 00:48:00,0.24099746447188863
2018-03-29 00:51:00,0.2926914265377718
2018-03-29 00:54:00,0.44487683340167905
2018-03-29 00:57:00,0.47089581632656063
2018-03-29 01:00:00,0.3888467383141574
2018-03-29 01:03:00,0.32092203537882824
2018-03-29 01:06:00,0.34178767215485095
2018-03-29 01:09:00,0.5159217058711647
2018-03-29 01:12:00,0.3956423685073105
2018-03-29 01:15:00,0.38667725277946374
2018-03-29 01:18:00,0.38674902994995364
2018-03-29 01:21:00,0.34548065246980286
2018-03-29 01:24:00,0.3186039915073593
2018-03-29 01:27:00,0.32479655264376106
2018-03-29 01:30:00,0.2894028420099062
2018-03-29 01:33:00,0.3741809066933115
2018-03-29 01:36:00,0.4406301719803878
2018-03-29 01:39:00,0.4915530053257271
2018-03-29 01:42:00,0.5521698899700027
2018-03-29 01:45:00,0.48584898846019087
2018-03-29 01:48:00,0.5531882802661698
2018-03-29 01:51:00,0.5075068386996691
2018-03-29 01:54:00,0.3815624826514181
2018-03-29 01:57:00,0.5197073455042869
2018-03-29 02:00:00,0.39815713717609924
2018-03-29 02:03:00,0.46707098396245783
2018-03-29 02:06:00,0.40375484424976094
2018-03-29 02:09:00,0.4113669655771446
2018-03-29 02:12:00,0.3501621694576329
2018-03-29 02:15:00,0.34765116634849846
2018-03-29 02:18:00,0.42791078448374265
2018-03-29 02:21:00,0.4058188601507595
2018-03-29 02:24:00,0.35223111040590993
2018-03-29 02:27:00,0.3179839784901901
2018-03-29 02:30:00,0.35517497587437674
2018-03-29 02:33:00,0.5959136014471369
2018-03-29 02:36:00,0.5826358332820405
2018-03-29 02:39:00,0.5007148151948968
2018-03-29 02:42:00,0.4887992144115856
2018-03-29 02:45:00,0.5206199553549027
2018-03-29 02:48:00,0.5281301025534049
2018-03-29 02:51:00,0.5435568707589482
2018-03-29 02:54:00,0.6542961894534756
2018-03-29 02:57:00,0.8134563324442752
2018-03-29 03:00:00,0.810788687057709
2018-03-29 03:03:00,0.8114173252985779
2018-03-29 03:06:00,0.7023225257293007
2018-03-29 03:09:00,0.652567285768896
2018-03-29 03:12:00,0.5396635298331489
2018-03-29 03:15:00,0.5843500893907958
2018-03-29 03:18:00,0.566988275425274
2018-03-29 03:21:00,0.5203621719454077
2018-03-29 03:24:00,0.589627145848965
2018-03-29 03:27:00,0.47478989830068485
2018-03-29 03:30:00,0.5546471602893348
2018-03-29 03:33:00,0.31975785003015744
2018-03-29 03:36:00,0.346842885612034
2018-03-29 03:39:00,0.44778697585388727
2018-03-29 03:42:00,0.44880732800442047
2018-03-29 03:45:00,0.4847158763822108
2018-03-29 03:48:00,0.4307289581503255
2018-03-29 03:51:00,0.5018806413889365
2018-03-29 03:54:00,0.4896344290037291
2018-03-29 03:57:00,0.5563895477704364
2018-03-29 04:00:00,0.6153232948561822
2018-03-29 04:03:00,0.6167800804250305
2018-03-29 04:06:00,0.6117293346266024
2018-03-29 04:09:00,0.5787573752855906
2018-03-29 04:12:00,0.4846597636647516
2018-03-29 04:15:00,0.5556200411022587
2018-03-29 04:18:00,0.667487637262866
2018-03-29 04:21:00,0.6168314404505963
2018-03-29 04:24:00,0.6226890357879142
2018-03-29 04:27:00,0.4949517352224575
2018-03-29 04:30:00,0.5122199589501406
2018-03-29 04:33:00,0.4338971748425138
2018-03-29 04:36:00,0.5457303521972676
2018-03-29 04:39:00,0.435427211204626
2018-03-29 04:42:00,0.6207903710180176
2018-03-29 04:45:00,0.4990316613877894
2018-03-29 04:48:00,0.5993206355016696
2018-03-29 04:51:00,0.5560608592454628
2018-03-29 04:54:00,0.48894072516270626
2018-03-29 04:57:00,0.5437822347032011
2018-03-29 05:00:00,0.5083967649256351
2018-03-29 05:03:00,0.4867509979546867
2018-03-29 05:06:00,0.5478014092755643
2018-03-29 05:09:00,0.5563571899197655
2018-03-29 05:12:00,0.5781912937715674
2018-03-29 05:15:00,0.5670578877565617
2018-03-29 05:18:00,0.5723513210550664
2018-03-29 05:21:00,0.5359593088824113
2018-03-29 05:24:00,0.605996849878693
2018-03-29 05:27:00,0.530730690733435
2018-03-29 05:30:00,0.5008492924337133
2018-03-29 05:33:00,0.5431918702969938
2018-03-29 05:36:00,0.6593432888139432
2018-03-29 05:39:00,0.6290329906669854
2018-03-29 05:42:00,0.5590759011993782
2018-03-29 05:45:00,0.5352494463966764
2018-03-29 05:48:00,0.5876225161869684
2018-03-29 05:51:00,0.5980556008366875
2018-03-29 05:54:00,0.49511301123988005
2018-03-29 05:57:00,0.5049227865390549
2018-03-29 06:00:00,0.48156833137630883
2018-03-29 06:03:00,0.5455315642977325
2018-03-29 06:06:00,0.44870287041641177
2018-03-29 06:09:00,0.5652672195885771
2018-03-29 06:12:00,0.47851681090259035
2018-03-29 06:15:00,0.6089845798205715
2018-03-29 06:18:00,0.4152524603074994
2018-03-29 06:21:00,0.5614285127252856
2018-03-29 06:24:00,0.6899648200911201
2018-03-29 06:27:00,0.5878306580212893
2018-03-29 06:30:00,0.5493451154861759
2018-03-29 06:33:00,0.5968340897553617
2018-03-29 06:36:00,0.6278561563113385
2018-03-29 06:39:00,0.5525441115604508
2018-03-29 06:42:00,0.5613918358639012
2018-03-29 06:45:00,0.5115413433523486
2018-03-29 06:48:00,0.5975519446749331
2018-03-29 06:51:00,0.5713434331443636
2018-03-29 06:54:00,0.48367645946200355
2018-03-29 06:57:00,0.47772149426265287
2018-03-29 07:00:00,0.6978354645152081
2018-03-29 07:03:00,0.5132157092922967
2018-03-29 07:06:00,0.4867666723621369
2018-03-29 07:09:00,0.5873189861221135
2018-03-29 07:12:00,0.3580953195367442
2018-03-29 07:15:00,0.37197691439359915
2018-03-29 07:18:00,0.48829854651705773
2018-03-29 07:21:00,0.5333535111595324
2018-03-29 07:24:00,0.5337384989092016
2018-03-29 07:27:00,0.5425234690752632
2018-03-29 07:30:00,0.4709477278818781
2018-03-29 07:33:00,0.5574926392832822
2018-03-29 07:36:00,0.4981114482072826
2018-03-29 07:39:00,0.5992698731548671
2018-03-29 07:42:00,0.6468439701744728
2018-03-29 07:45:00,0.5959717741776558
2018-03-29 07:48:00,0.535599631992909
2018-03-29 07:51:00,0.6167809490274294
2018-03-29 07:54:00,0.5121449096157562
2018-03-29 07:57:00,0.6188695113507379
2018-03-29 08:00:00,0.4954730264519185
2018-03-29 08:03:00,0.6389820893573415
2018-03-29 08:06:00,0.5141895375655849
2018-03-29 08:09:00,0.6905812425452496
2018-03-29 08:12:00,0.5295196325942584
2018-03-29 08:15:00,0.38010616167588296
2018-03-29 08:18:00,0.5606104939415104
2018-03-29 08:21:00,0.5393713256477213
2018-03-29 08:24:00,0.4932190501795617
2018-03-29 08:27:00,0.5067185497328524
2018-03-29 08:30:00,0.4998222378337118
2018-03-29 08:33:00,0.5855494700938948
2018-03-29 08:36:00,0.532675606071507
2018-03-29 08:39:00,0.5381088053696885
2018-03-29 08:42:00,0.5005459995030037
2018-03-29 08:45:00,0.42845173493725497
2018-03-29 08:48:00,0.5251665473064122
2018-03-29 08:51:00,0.4537410401566717
2018-03-29 08:54:00,0.37200652313327964
2018-03-29 08:57:00,0.41184525804141003
2018-03-29 09:00:00,0.35728704228893093
2018-03-29 09:03:00,0.4833727324669894
2018-03-29 09:06:00,0.5495521280649314
2018-03-29 09:09:00,0.45814852493595026
2018-03-29 09:12:00,0.5418248098511071
2018-03-29 09:15:00,0.5756824035969998
2018-03-29 09:18:00,0.6277340517591483
2018-03-29 09:21:00,0.5673233847692245
2018-03-29 09:24:00,0.49779697116088073
2018-03-29 09:27:00,0.4852211934434081
2018-03-29 09:30:00,0.49205201327214354
2018-03-29 09:33:00,0.5041792910244567
2018-03-29 09:36:00,0.519680075381018
2018-03-29 09:39:00,0.4975351104017136
2018-03-29 09:42:00,0.2987933777604894
2018-03-29 09:45:00,0.3860447240743383
2018-03-29 09:48:00,0.5466825774850008
2018-03-29 09:51:00,0.5638875498519269
2018-03-29 09:54:00,0.5437905303971888
2018-03-29 09:57:00,0.5401233911496206
2018-03-29 10:00:00,0.5021517348229168
2018-03-29 10:03:00,0.5481766338164107
2018-03-29 10:06:00,0.5721349328097176
2018-03-29 10:09:00,0.4141391037306903
2018-03-29 10:12:00,0.5061029222127331
2018-03-29 10:15:00,0.5111775077670018
2018-03-29 10:18:00,0.5118590790601729
2018-03-29 10:21:00,0.48345982447614233
2018-03-29 10:24:00,0.4823989119059888
2018-03-29 10:27:00,0.45080133161411595
2018-03-29 10:30:00,0.4323058663982806
2018-03-29 10:33:00,0.38901998942293403
2018-03-29 10:36:00,0.5738448752268823
2018-03-29 10:39:00,0.4625978399532755
2018-03-29 10:42:00,0.5193514780594342
2018-03-29 10:45:00,0.4675457311497553
2018-03-29 10:48:00,0.5783668349885147
2018-03-29 10:51:00,0.7222052829250742
2018-03-29 10:54:00,0.40950573019927106
2018-03-29 10:57:00,0.4443231832319725
2018-03-29 11:00:00,0.5181772278618837
2018-03-29 11:03:00,0.485813740841877
2018-03-29 11:06:00,0.6666276315457367
2018-03-29 11:09:00,0.6005540261675151
2018-03-29 11:12:00,0.39267232469268265
2018-03-29 11:15:00,0.2644751982714979
2018-03-29 11:18:00,0.38977554966112393
2018-03-29 11:21:00,0.5005765985168296
2018-03-29 11:24:00,0.3520265212597451
2018-03-29 11:27:00,0.3154050699882305
2018-03-29 11:30:00,0.3514876085935157
2018-03-29 11:33:00,0.3097213441608915
2018-03-29 11:36:00,0.33894577360376843
2018-03-29 11:39:00,0.4560668725483765
2018-03-29 11:42:00,0.4186142679047862
2018-03-29 11:45:00,0.3969527203523171
2018-03-29 11:48:00,0.3607277283800272
2018-03-29 11:51:00,0.45661726736165065
2018-03-29 11:54:00,0.4141904217154888
2018-03-29 11:57:00,0.47089011098148603
2018-03-29 12:00:00,0.4788107825794441
2018-03-29 12:03:00,0.4336511107960064
2018-03-29 12:06:00,0.359404159216524
2018-03-29 12:09:00,0.45669388141675427
2018-03-29 12:12:00,0.3859860415897174
2018-03-29 12:15:00,0.39049660450331203
2018-03-29 12:18:00,0.41016134165249696
2018-03-29 12:21:00,0.35588870397373285
2018-03-29 12:24:00,0.3322547288215105
2018-03-29 12:27:00,0.3946329892759195
2018-03-29 12:30:00,0.3418707951391866
2018-03-29 12:33:00,0.3214886990694481
2018-03-29 12:36:00,0.4404903337029964
2018-03-29 12:39:00,0.3374669811587978
2018-03-29 12:42:00,0.3462910397330461
2018-03-29 12:45:00,0.454087432883
2018-03-29 12:48:00,0.4038069206470709
2018-03-29 12:51:00,0.3829011635506845
2018-03-29 12:54:00,0.37064061307199836
2018-03-29 12:57:00,0.33117974537748296
2018-03-29 13:00:00,0.34952326483028173
2018-03-29 13:03:00,0.32641380021226496
2018-03-29 13:06:00,0.3367498617356546
2018-03-29 13:09:00,0.29950944769581156
2018-03-29 13:12:00,0.43500312362226623
2018-03-29 13:15:00,0.29808509157408025
2018-03-29 13:18:00,0.3403133182476381
2018-03-29 13:21:00,0.300375230983434
2018-03-29 13:24:00,0.26216504647646843
2018-03-29 13:27:00,0.3582681190277981
2018-03-29 13:30:00,0.3086946214394857
2018-03-29 13:33:00,0.2794228616381247
2018-03-29 13:36:00,0.26097942744388547
2018-03-29 13:39:00,0.43259055420088544
2018-03-29 13:42:00,0.2637631407899903
2018-03-29 13:45:00,0.3437176628913221
2018-03-29 13:48:00,0.27378586300108054
2018-03-29 13:51:00,0.2264926341358091
2018-03-29 13:54:00,0.23108005191113534
2018-03-29 13:57:00,0.21429608770449704
2018-03-29 14:00:00,0.21420467982937907
2018-03-29 14:03:00,0.21801594691908122
2018-03-29 14:06:00,0.30074770896629843
2018-03-29 14:09:00,0.31016838508764977
2018-03-29 14:12:00,0.18306536068320156
2018-03-29 14:15:00,0.293574615755972
2018-03-29 14:18:00,0.23975739850760647
2018-03-29 14:21:00,0.25438953872247794
2018-03-29 14:24:00,0.1924216269503063
2018-03-29 14:27:00,0.23609132855904136
2018-03-29 14:30:00,0.19832101787341117
2018-03-29 14:33:00,0.2729358988966055
2018-03-29 14:36:00,0.2765330420770624
2018-03-29 14:39:00,0.2616830802813297
2018-03-29 14:42:00,0.12015573351357034
2018-03-29 14:45:00,0.2558417120195031
2018-03-29 14:48:00,0.2779982172527866
2018-03-29 14:51:00,0.31302138362963206
2018-03-29 14:54:00,0.18228638309454936
2018-03-29 14:57:00,0.22193238493156286
2018-03-29 15:00:00,0.147847586647174
2018-03-29 15:03:00,0.30549173776859107
2018-03-29 15:06:00,0.25655193157075473
2018-03-29 15:09:00,0.16835730393728454
2018-03-29 15:12:00,0.16062521932741447
2018-03-29 15:15:00,0.18798055002804404
2018-03-29 15:18:00,0.12927271700226584
2018-03-29 15:21:00,0.10880306458665245
2018-03-29 15:24:00,0.2736364170185652
2018-03-29 15:27:00,0.22000051172682333
2018-03-29 15:30:00,0.16464646559188623
2018-03-29 15:33:00,0.22757121262327473
2018-03-29 15:36:00,0.157130766482112
2018-03-29 15:39:00,0.14090114258402764
2018-03-29 15:42:00,0.17332006053544546
2018-03-29 15:45:00,0.12988560851880493
2018-03-29 15:48:00,0.3054398219933887
2018-03-29 15:51:00,0.2637337182379156
2018-03-29 15:54:00,0.17666164050012867
2018-03-29 15:57:00,0.173456593509286
2018-03-29 16:00:00,0.23537310267641942
2018-03-29 16:03:00,0.23282157258574898
2018-03-29 16:06:00,0.293896079729393
2018-03-29 16:09:00,0.18499117218806305
2018-03-29 16:12:00,0.15654992014378877
2018-03-29 16:15:00,0.14374359405752557
2018-03-29 16:18:00,0.22070501638984297
2018-03-29 16:21:00,0.19260607679234454
2018-03-29 16:24:00,0.14449384637146068
2018-03-29 16:27:00,0.07088443591425175
2018-03-29 16:30:00,0.20244666133504552
2018-03-29 16:33:00,0.23420641519356877
2018-03-29 16:36:00,0.09261451249420816
2018-03-29 16:39:00,0.13919905322762816
2018-03-29 16:42:00,0.1529029233682877
2018-03-29 16:45:00,0.10882892333899008
2018-03-29 16:48:00,0.1716604357264373
2018-03-29 16:51:00,0.18471897039972873
2018-03-29 16:54:00,0.0424926594556041
2018-03-29 16:57:00,0.06904362049817792
2018-03-29 17:00:00,-0.010819080885539734
2018-03-29 17:03:00,-0.055178785254270224
2018-03-29 17:06:00,0.15934318415031612
2018-03-29 17:09:00,0.079695527814863
2018-03-29 17:12:00,0.0721404542265418
2018-03-29 17:15:00,0.016118314123104938
2018-03-29 17:18:00,0.19103516397973408
2018-03-29 17:21:00,0.0407501101688581
2018-03-29 17:24:00,-0.05176637515648963
2018-03-29 17:27:00,-0.07877982389726412
2018-03-29 17:30:00,0.06771941990342611
2018-03-29 17:33:00,-0.03182859641657387
2018-03-29 17:36:00,-0.016691819513482642
2018-03-29 17:39:00,0.04766692351375923
2018-03-29 17:42:00,-0.038252083799022785
2018-03-29 17:45:00,0.009676549388984768
2018-03-29 17:48:00,-0.008922454234379984
2018-03-29 17:51:00,-0.025029706697466736
2018-03-29 17:54:00,-0.13198468925668294
2018-03-29 17:57:00,-0.07612587221223066
2018-03-29 18:00:00,-0.13619947119616427
2018-03-29 18:03:00,-0.019351792053555528
2018-03-29 18:06:00,0.04807689034237228
2018-03-29 18:09:00,0.05329129206796779
2018-03-29 18:12:00,-0.060806667917461255
2018-03-29 18:15:00,-0.08560933843568819
2018-03-29 18:18:00,-0.011210947925292203
2018-03-29 18:21:00,0.05344253574827462
2018-03-29 18:24:00,0.17463557522330575
2018-03-29 18:27:00,0.07075354064596695
2018-03-29 18:30:00,0.009540355198737416
2018-03-29 18:33:00,0.023324073087735542
2018-03-29 18:36:00,0.08363848395839568
2018-03-29 18:39:00,0.06307411107883354
2018-03-29 18:42:00,0.0343761682437389
2018-03-29 18:45:00,-0.009731407709011819
2018-03-29 18:48:00,0.006530170491089393
2018-03-29 18:51:00,0.07053019997243837
2018-03-29 18:54:00,
2018-03-29 18:57:00,
2018-03-29 19:00:00,
2018-03-29 19:03:00,0.0942023859122969
2018-03-29 19:06:00,-0.053653276235024805
2018-03-29 19:09:00,0.054191272197101625
2018-03-29 19:12:00,0.2190602340116925
2018-03-29 19:15:00,0.14961301861643506
2018-03-29 19:18:00,0.1791904418622039
2018-03-29 19:21:00,0.11574800387904816
2018-03-29 19:24:00,0.07069562540033303
2018-03-29 19:27:00,0.15466967117873764
2018-03-29 19:30:00,0.24243733056124483
2018-03-29 19:33:00,0.2038212630342855
2018-03-29 19:36:00,0.29320817658521037
2018-03-29 19:39:00,0.2339334522245622
2018-03-29 19:42:00,0.2761278727105605
2018-03-29 19:45:00,0.18346631912493194
2018-03-29 19:48:00,0.2381087400284514
2018-03-29 19:51:00,0.3068648716255211
2018-03-29 19:54:00,0.2170086056713103
2018-03-29 19:57:00,0.2920853269299073
2018-03-29 20:00:00,0.27584329306279187
2018-03-29 20:03:00,0.3462421241619609
2018-03-29 20:06:00,0.3730800387367026
2018-03-29 20:09:00,0.3062201057700804
2018-03-29 20:12:00,0.26807270220984947
2018-03-29 20:15:00,0.2566289191771034
2018-03-29 20:18:00,0.30245830175459787
2018-03-29 20:21:00,0.37155752823002786
2018-03-29 20:24:00,0.3681181157509741
2018-03-29 20:27:00,0.2722054010526449
2018-03-29 20:30:00,0.4024477228916794
2018-03-29 20:33:00,0.39490798870394883
2018-03-29 20:36:00,0.2565768352271789
2018-03-29 20:39:00,0.2929350183890733
2018-03-29 20:42:00,0.5044096003070422
2018-03-29 20:45:00,0.28892227192892506
2018-03-29 20:48:00,0.3293519031403207
2018-03-29 20:51:00,0.33426674792326594
2018-03-29 20:54:00,0.29716517832224554
2018-03-29 20:57:00,0.4925800101903519
2018-03-29 21:00:00,0.4523259287792598
2018-03-29 21:03:00,0.39618809110953634
2018-03-29 21:06:00,0.4912614308800016
2018-03-29 21:09:00,0.41290700367818545
2018-03-29 21:12:00,0.38989949185952355
2018-03-29 21:15:00,0.3981016242535702
2018-03-29 21:18:00,0.4893290675905746
2018-03-29 21:21:00,0.49329836694852247
2018-03-29 21:24:00,0.46335296166824946
2018-03-29 21:27:00,0.4734214104373109
2018-03-29 21:30:00,0.4666993619792379
2018-03-29 21:33:00,0.4818531766202341
2018-03-29 21:36:00,0.45995080443282177
2018-03-29 21:39:00,0.6286421785189873
2018-03-29 21:42:00,0.45772489333455724
2018-03-29 21:45:00,0.5467999047075409
2018-03-29 21:48:00,0.5512210292966984
2018-03-29 21:51:00,0.5254304574589241
2018-03-29 21:54:00,0.4368329062936027
2018-03-29 21:57:00,0.40752754061998075
2018-03-29 22:00:00,0.44327911074805115
2018-03-29 22:03:00,0.5100223871433514
2018-03-29 22:06:00,0.5053123995751889
2018-03-29 22:09:00,0.5232582877582672
2018-03-29 22:12:00,0.44789988910628153
2018-03-29 22:15:00,0.4323950281641942
2018-03-29 22:18:00,0.45802909322588903
2018-03-29 22:21:00,0.4928624801192427
2018-03-29 22:24:00,0.4852042307859392
2018-03-29 22:27:00,0.583028321843301
2018-03-29 22:30:00,0.5484188780206978
2018-03-29 22:33:00,0.5010818191398698
2018-03-29 22:36:00,0.5081714053652036
2018-03-29 22:39:00,0.5186656566181114
2018-03-29 22:42:00,0.5361280586635644
2018-03-29 22:45:00,0.41223283403854794
2018-03-29 22:48:00,0.42514576236288804
2018-03-29 22:51:00,0.39730717024042406
2018-03-29 22:54:00,0.4848127224990435
2018-03-29 22:57:00,0.5364287865630217
2018-03-29 23:00:00,0.5376951918360646
2018-03-29 23:03:00,0.4736022968475595
2018-03-29 23:06:00,0.5127991012674897
2018-03-29 23:09:00,0.4958002532465571
2018-03-29 23:12:00,0.5020788140224113
2018-03-29 23:15:00,0.5106521366099059
2018-03-29 23:18:00,0.5331574734168498
2018-03-29 23:21:00,0.3096620950360034
2018-03-29 23:24:00,0.4695951193951373
2018-03-29 23:27:00,0.5706671045118128
2018-03-29 23:30:00,0.4986437437473228
2018-03-29 23:33:00,0.4562048134556562
2018-03-29 23:36:00,0.5105146085527394
2018-03-29 23:39:00,0.45521664521709226
2018-03-29 23:42:00,0.5138061743220987
2018-03-29 23:45:00,0.48113684704452453
2018-03-29 23:48:00,0.47158342795933095
2018-03-29 23:51:00,0.44379070817910815
2018-03-29 23:54:00,0.42085791427382446
2018-03-29 23:57:00,0.37275021089430993
2018-03-30 00:00:00,0.4585272213531084
2018-03-30 00:03:00,0.4360846176648465
2018-03-30 00:06:00,0.4222857630186354
2018-03-30 00:09:00,0.4323200842828214
2018-03-30 00:12:00,0.4497152750226405
2018-03-30 00:15:00,0.4388522840648079
2018-03-30 00:18:00,0.3763062914210309
2018-03-30 00:21:00,0.4597432919854896
2018-03-30 00:24:00,0.37109290578848686
2018-03-30 00:27:00,0.5268899802985061
2018-03-30 00:30:00,0.42474943743923177
2018-03-30 00:33:00,0.5286970413237668
2018-03-30 00:36:00,0.44872807839777806
2018-03-30 00:39:00,0.44067387606713737
2018-03-30 00:42:00,0.4621865816901618
2018-03-30 00:45:00,0.4463134925696295
2018-03-30 00:48:00,0.40177879327444543
2018-03-30 00:51:00,0.4396624569184837
2018-03-30 00:54:00,0.4409906953984546
2018-03-30 00:57:00,0.4576032167412336
2018-03-30 01:00:00,0.48317252638793207
2018-03-30 01:03:00,0.36285892651739005
2018-03-30 01:06:00,0.4003345614152636
2018-03-30 01:09:00,0.3883992279315862
2018-03-30 01:12:00,0.48835256232217716
2018-03-30 01:15:00,0.484544923152896
2018-03-30 01:18:00,0.46859255098081576
2018-03-30 01:21:00,0.5138674385985382
2018-03-30 01:24:00,0.509369751217605
2018-03-30 01:27:00,0.5098603927164049
2018-03-30 01:30:00,0.4677924707350485
2018-03-30 01:33:00,0.39889550591453826
2018-03-30 01:36:00,0.5470227338587961
2018-03-30 01:39:00,0.49649052384199877
2018-03-30 01:42:00,0.44148268883026276
2018-03-30 01:45:00,0.34585653537840244
2018-03-30 01:48:00,0.42927577044787313
2018-03-30 01:51:00,0.4308719920567796
2018-03-30 01:54:00,0.48892599707585305
2018-03-30 01:57:00,0.4578694665319176
2018-03-30 02:00:00,0.3904613894956128
2018-03-30 02:03:00,0.49517938698960506
2018-03-30 02:06:00,0.4472060556842621
2018-03-30 02:09:00,0.5498824110237024
2018-03-30 02:12:00,0.38365507008660416
2018-03-30 02:15:00,0.4526290794348711
2018-03-30 02:18:00,0.38375922155898934
2018-03-30 02:21:00,0.37732178745915235
2018-03-30 02:24:00,0.3184893395318795
2018-03-30 02:27:00,0.4087272519884664
2018-03-30 02:30:00,0.3261799109742469
2018-03-30 02:33:00,0.34066056249582743
2018-03-30 02:36:00,0.3173066080012177
2018-03-30 02:39:00,0.4139257590190937
2018-03-30 02:42:00,0.5039960580056118
2018-03-30 02:45:00,0.3483938011627288
2018-03-30 02:48:00,0.47076435229081426
2018-03-30 02:51:00,0.5327149876649173
2018-03-30 02:54:00,0.5239706184906368
2018-03-30 02:57:00,0.5550104006020433
2018-03-30 03:00:00,0.537877443695379
2018-03-30 03:03:00,0.46351798787389953
2018-03-30 03:06:00,0.5307706588463361
2018-03-30 03:09:00,0.4839066466977897
2018-03-30 03:12:00,0.6145672115795264
2018-03-30 03:15:00,0.5578522364997411
2018-03-30 03:18:00,0.5365463447470233
2018-03-30 03:21:00,0.6460292476235168
2018-03-30 03:24:00,0.49937883624500046
2018-03-30 03:27:00,0.5955058450434763
2018-03-30 03:30:00,0.5210382759901222
2018-03-30 03:33:00,0.6347221440623798
2018-03-30 03:36:00,0.46952991282432777
2018-03-30 03:39:00,0.4555713806341828
2018-03-30 03:42:00,0.597581060517939
2018-03-30 03:45:00,0.4696962043628332
2018-03-30 03:48:00,0.5370805493564035
2018-03-30 03:51:00,0.48377559719602914
2018-03-30 03:54:00,0.5976744181196523
2018-03-30 03:57:00,0.503100534409441
2018-03-30 04:00:00,0.5284679907196619
2018-03-30 04:03:00,0.6509024796784502
2018-03-30 04:06:00,0.492037267949172
2018-03-30 04:09:00,0.43697858753188257
2018-03-30 04:12:00,0.41471792826354203
2018-03-30 04:15:00,0.5119673512399459
2018-03-30 04:18:00,0.4361787907594703
2018-03-30 04:21:00,0.5391426674860895
2018-03-30 04:24:00,0.4969348643651301
2018-03-30 04:27:00,0.42109714678201726
2018-03-30 04:30:00,0.4647486791897677
2018-03-30 04:33:00,0.4950833285234921
2018-03-30 04:36:00,0.5065471668366968
2018-03-30 04:39:00,0.47607453428878443
2018-03-30 04:42:00,0.47293024654481997
2018-03-30 04:45:00,0.4371337735793759
2018-03-30 04:48:00,0.443082528013349
2018-03-30 04:51:00,0.318783854068613
2018-03-30 04:54:00,0.42606984659522595
2018-03-30 04:57:00,0.4488667202822967
2018-03-30 05:00:00,0.4562108458346188
2018-03-30 05:03:00,0.5357378464131557
2018-03-30 05:06:00,0.4782255966956086
2018-03-30 05:09:00,0.5072905650421262
2018-03-30 05:12:00,0.5376322767812098
2018-03-30 05:15:00,0.5477680419141393
2018-03-30 05:18:00,0.5112057025694412
2018-03-30 05:21:00,0.5333983657645831
2018-03-30 05:24:00,0.43658238832824736
2018-03-30 05:27:00,0.5347599921493611
2018-03-30 05:30:00,0.4954407198993067
2018-03-30 05:33:00,0.490984112219337
2018-03-30 05:36:00,0.48558261430900984
2018-03-30 05:39:00,0.5261702324385737
2018-03-30 05:42:00,0.4377190356884171
2018-03-30 05:45:00,0.5391879487801248
2018-03-30 05:48:00,0.5026522368893893
2018-03-30 05:51:00,0.5374200310202468
2018-03-30 05:54:00,0.43689797715143186
2018-03-30 05:57:00,0.5047228421710201
2018-03-30 06:00:00,0.4283580660915618
2018-03-30 06:03:00,0.4846883809929068
2018-03-30 06:06:00,0.45838336263727797
2018-03-30 06:09:00,0.49069212636322845
2018-03-30 06:12:00,0.4767197667709979
2018-03-30 06:15:00,0.3750522552853113
2018-03-30 06:18:00,0.43366524241804427
2018-03-30 06:21:00,0.4399578180866115
2018-03-30 06:24:00,0.462453831008645
2018-03-30 06:27:00,0.5215636995319528
2018-03-30 06:30:00,0.5181888318669507
2018-03-30 06:33:00,0.42308611536361695
2018-03-30 06:36:00,0.5095512333720649
2018-03-30 06:39:00,0.5424366690172064
2018-03-30 06:42:00,0.529626356058202
2018-03-30 06:45:00,0.4469923713855337
2018-03-30 06:48:00,0.445440975285635
2018-03-30 06:51:00,0.4608833382984585
2018-03-30 06:54:00,0.5355792271001292
2018-03-30 06:57:00,0.38512083040092193
2018-03-30 07:00:00,0.5059264148273996
2018-03-30 07:03:00,0.4234418592363909
2018-03-30 07:06:00,0.4524858413257107
2018-03-30 07:09:00,0.5169288179477007
2018-03-30 07:12:00,0.4645436040966615
2018-03-30 07:15:00,0.5472200074569855
2018-03-30 07:18:00,0.40892555692812493
2018-03-30 07:21:00,0.45595695060148955
2018-03-30 07:24:00,0.379710555540953
2018-03-30 07:27:00,0.47213878678854826
2018-03-30 07:30:00,0.5409664766629589
2018-03-30 07:33:00,0.47950486526207214
2018-03-30 07:36:00,0.5242949066230835
2018-03-30 07:39:00,0.47533959997900865
2018-03-30 07:42:00,0.4051976825875272
2018-03-30 07:45:00,0.46978166762880846
2018-03-30 07:48:00,0.4799302162422805
2018-03-30 07:51:00,0.5506057926734798
2018-03-30 07:54:00,0.4487963298952877
2018-03-30 07:57:00,0.525466739713238
2018-03-30 08:00:00,0.5081878347837119
2018-03-30 08:03:00,0.5004319108351183
2018-03-30 08:06:00,0.49487162896087966
2018-03-30 08:09:00,0.49783458826794913
2018-03-30 08:12:00,0.4601604223866502
2018-03-30 08:15:00,0.5878883452168111
2018-03-30 08:18:00,0.43528055604008387
2018-03-30 08:21:00,0.40684041284976047
2018-03-30 08:24:00,0.5176599473442138
2018-03-30 08:27:00,0.43568508872374423
2018-03-30 08:30:00,0.518047397483258
2018-03-30 08:33:00,0.3977589066556675
2018-03-30 08:36:00,0.3984012083308244
2018-03-30 08:39:00,0.5039129850439394
2018-03-30 08:42:00,0.5030099977916507
2018-03-30 08:45:00,0.50320047115531
2018-03-30 08:48:00,0.4673106930546851
2018-03-30 08:51:00,0.44653833061897785
2018-03-30 08:54:00,0.4007424597299405
2018-03-30 08:57:00,0.4279630708853688
2018-03-30 09:00:00,0.3106468664703925
2018-03-30 09:03:00,0.49641537963407245
2018-03-30 09:06:00,0.47617000303512214
2018-03-30 09:09:00,0.428645143673009
2018-03-30 09:12:00,0.39488188164176563
2018-03-30 09:15:00,0.409004067433159
2018-03-30 09:18:00,0.42623212072305705
2018-03-30 09:21:00,0.3797468185023263
2018-03-30 09:24:00,0.32667453125185375
2018-03-30 09:27:00,0.31764765238131076
2018-03-30 09:30:00,0.36067948711939835
2018-03-30 09:33:00,0.19147090212794637
2018-03-30 09:36:00,0.3706940459290422
2018-03-30 09:39:00,0.29215393186893834
2018-03-30 09:42:00,0.26903654714487857
2018-03-30 09:45:00,0.3617583133132598
2018-03-30 09:48:00,0.2818535510418201
2018-03-30 09:51:00,0.23815013409250696
2018-03-30 09:54:00,0.2944091260289383
2018-03-30 09:57:00,0.2508693538574107
2018-03-30 10:00:00,0.15011048335270516
2018-03-30 10:03:00,0.2902919750039814
2018-03-30 10:06:00,0.34354251120868184
2018-03-30 10:09:00,0.3026951093936532
2018-03-30 10:12:00,0.22115368200263674
2018-03-30 10:15:00,0.23749383287105275
2018-03-30 10:18:00,0.26021039209274477
2018-03-30 10:21:00,0.30794742503132966
2018-03-30 10:24:00,0.264737420355857
2018-03-30 10:27:00,0.24725698624570214
2018-03-30 10:30:00,0.1342874203596125
2018-03-30 10:33:00,0.2542505643733648
2018-03-30 10:36:00,0.10165946437280127
2018-03-30 10:39:00,0.25337097119830787
2018-03-30 10:42:00,0.220741314848226
2018-03-30 10:45:00,0.11990660045734103
2018-03-30 10:48:00,0.15225157656715282
2018-03-30 10:51:00,0.08738671601776105
2018-03-30 10:54:00,0.18886895010842863
2018-03-30 10:57:00,0.06578470125612057
2018-03-30 11:00:00,0.19465674756463613
2018-03-30 11:03:00,0.10893717203612141
2018-03-30 11:06:00,0.10530788852537398
2018-03-30 11:09:00,0.18832331186337115
2018-03-30 11:12:00,0.08191006697177272
2018-03-30 11:15:00,0.12013036970222402
2018-03-30 11:18:00,0.09189989285863476
2018-03-30 11:21:00,0.12779735054721186
2018-03-30 11:24:00,0.007910552340547383
2018-03-30 11:27:00,0.08034859232640201
2018-03-30 11:30:00,0.10563726046081001
2018-03-30 11:33:00,0.17190158400819655
2018-03-30 11:36:00,0.04064334796697722
2018-03-30 11:39:00,0.10674515452927835
2018-03-30 11:42:00,0.0889872232442599
2018-03-30 11:45:00,0.05306474996797306
2018-03-30 11:48:00,0.1385895742333787
2018-03-30 11:51:00,0.1386561653328613
2018-03-30 11:54:00,0.1105620821471689
2018-03-30 11:57:00,0.06973281256478003
2018-03-30 12:00:00,0.1024621166174029
2018-03-30 12:03:00,0.1991259714507123
2018-03-30 12:06:00,0.12799457193528951
2018-03-30 12:09:00,0.17441406963735062
2018-03-30 12:12:00,0.09787579288109782
2018-03-30 12:15:00,0.06618296278440994
2018-03-30 12:18:00,0.19949721872120563
2018-03-30 12:21:00,0.06675217859316263
2018-03-30 12:24:00,0.04861400037475505
2018-03-30 12:27:00,0.23598639228708862
2018-03-30 12:30:00,0.1525843131705642
2018-03-30 12:33:00,0.009648143527044795
2018-03-30 12:36:00,0.25500619338464503
2018-03-30 12:39:00,0.022473471778198473
2018-03-30 12:42:00,0.12193365855722504
2018-03-30 12:45:00,0.18513439987765423
2018-03-30 12:48:00,0.09381608916697814
2018-03-30 12:51:00,0.15944360857929496
2018-03-30 12:54:00,0.14652847895911236
2018-03-30 12:57:00,0.25073360189907135
2018-03-30 13:00:00,0.01798670427211846
2018-03-30 13:03:00,0.21125534742839136
2018-03-30 13:06:00,0.13129452624150417
2018-03-30 13:09:00,0.19873963413101592
2018-03-30 13:12:00,0.04002672753171055
2018-03-30 13:15:00,0.13070230496037993
2018-03-30 13:18:00,0.19668822837491007
2018-03-30 13:21:00,0.13625473123977372
2018-03-30 13:24:00,0.29894797838710474
2018-03-30 13:27:00,0.14582138313124915
2018-03-30 13:30:00,0.06217477008163996
2018-03-30 13:33:00,0.1680155976244464
2018-03-30 13:36:00,0.2424174038008573
2018-03-30 13:39:00,0.14615758452231375
2018-03-30 13:42:00,0.1896682417292368
2018-03-30 13:45:00,0.08542359092638208
2018-03-30 13:48:00,0.03318141087794402
2018-03-30 13:51:00,0.00013009105072114835
2018-03-30 13:54:00,0.04436377959200399
2018-03-30 13:57:00,0.1237063041526767
2018-03-30 14:00:00,0.2065365565756565
2018-03-30 14:03:00,0.35273561387981545
2018-03-30 14:06:00,0.24630964559634094
2018-03-30 14:09:00,0.11725927498116562
2018-03-30 14:12:00,0.12581422953411447
2018-03-30 14:15:00,0.18502333914153724
2018-03-30 14:18:00,0.16757749698626867
2018-03-30 14:21:00,0.11284302108344946
2018-03-30 14:24:00,0.19240504688565352
2018-03-30 14:27:00,0.10374944560282984
2018-03-30 14:30:00,0.12146738880676367
2018-03-30 14:33:00,0.1646105950322294
2018-03-30 14:36:00,0.14032974906456275
2018-03-30 14:39:00,0.20830850133813783
2018-03-30 14:42:00,0.17702990994001766
2018-03-30 14:45:00,0.09390780437854573
2018-03-30 14:48:00,0.1304882269537302
2018-03-30 14:51:00,0.196321437192978
2018-03-30 14:54:00,0.1536428078580343
2018-03-30 14:57:00,0.10805207653100979
2018-03-30 15:00:00,0.11283594760487858
2018-03-30 15:03:00,0.03415975189312803
2018-03-30 15:06:00,0.08748317106324066
2018-03-30 15:09:00,0.03450838638661935
2018-03-30 15:12:00,0.097961264490948
2018-03-30 15:15:00,0.07518362871189765
2018-03-30 15:18:00,0.09602851806113222
2018-03-30 15:21:00,0.06532901472445474
2018-03-30 15:24:00,-0.036539814598086195
2018-03-30 15:27:00,0.05934889438509572
2018-03-30 15:30:00,0.10296909327530557
2018-03-30 15:33:00,0.05972739552521489
2018-03-30 15:36:00,0.009916420285719596
2018-03-30 15:39:00,-0.05464135125214398
2018-03-30 15:42:00,0.08140681265024341
2018-03-30 15:45:00,0.009163020760979634
2018-03-30 15:48:00,-0.03771724437604007
2018-03-30 15:51:00,0.04454019984052593
2018-03-30 15:54:00,-0.02188824007180301
2018-03-30 15:57:00,-0.04637333055234194
2018-03-30 16:00:00,0.02571159778204901
2018-03-30 16:03:00,-0.03215077322988691
2018-03-30 16:06:00,-0.018442456012849107
2018-03-30 16:09:00,-0.0022389520991623613
2018-03-30 16:12:00,-0.050880917206654885
2018-03-30 16:15:00,-0.09953067357264445
2018-03-30 16:18:00,-0.13613653314342855
2018-03-30 16:21:00,-0.11348897439233951
2018-03-30 16:24:00,-0.11467266366099693
2018-03-30 16:27:00,-0.04179178628294267
2018-03-30 16:30:00,0.0013271751795400633
2018-03-30 16:33:00,-0.08843742101203134
2018-03-30 16:36:00,0.05082408248682668
2018-03-30 16:39:00,0.038965491861347346
2018-03-30 16:42:00,-0.013161681750318621
2018-03-30 16:45:00,-0.037634368529381845
2018-03-30 16:48:00,-0.017144268946992725
2018-03-30 16:51:00,-0.09827073281536514
2018-03-30 16:54:00,-0.0012071162725533213
2018-03-30 16:57:00,-0.06971423611958016
2018-03-30 17:00:00,-0.04768826982945029
2018-03-30 17:03:00,-0.02554765130355463
2018-03-30 17:06:00,0.0338361159873557
2018-03-30 17:09:00,-0.025862618622795708
2018-03-30 17:12:00,-0.04076038494685008
2018-03-30 17:15:00,0.0006374404633220365
2018-03-30 17:18:00,0.008000107952000235
2018-03-30 17:21:00,-0.0104428374719987
2018-03-30 17:24:00,0.07855790693400877
2018-03-30 17:27:00,0.052040307035497335
2018-03-30 17:30:00,-0.018855315122550564
2018-03-30 17:33:00,0.08959782434482122
2018-03-30 17:36:00,0.0742961437856593
2018-03-30 17:39:00,0.09141732653927193
2018-03-30 17:42:00,0.14871329208330053
2018-03-30 17:45:00,0.029206843981114616
2018-03-30 17:48:00,0.09616904307159757
2018-03-30 17:51:00,0.19489768485431114
2018-03-30 17:54:00,0.08925094213515194
2018-03-30 17:57:00,0.1100166569377734
2018-03-30 18:00:00,0.1946204772358442
2018-03-30 18:03:00,0.17105802553834337
2018-03-30 18:06:00,0.06665263373082553
2018-03-30 18:09:00,0.06418991677844588
2018-03-30 18:12:00,0.22092207754502624
2018-03-30 18:15:00,0.16984619933504064
2018-03-30 18:18:00,0.13243783626825234
2018-03-30 18:21:00,0.1260865808196172
2018-03-30 18:24:00,0.16681879949538825
2018-03-30 18:27:00,0.23897421174405054
2018-03-30 18:30:00,0.23710459634639847
2018-03-30 18:33:00,0.10520530789278837
2018-03-30 18:36:00,0.12777024886258914
2018-03-30 18:39:00,0.14448429171864063
2018-03-30 18:42:00,0.09695096536631809
2018-03-30 18:45:00,0.18921412648052183
2018-03-30 18:48:00,0.06820444601271447
2018-03-30 18:51:00,0.09320180236937858
2018-03-30 18:54:00,
2018-03-30 18:57:00,
2018-03-30 19:00:00,
2018-03-30 19:03:00,0.10678294633430596
2018-03-30 19:06:00,0.13693737152908625
2018-03-30 19:09:00,0.017755010860412312
2018-03-30 19:12:00,0.2104253760396091
2018-03-30 19:15:00,0.19306732316391617
2018-03-30 19:18:00,0.1511992698348763
2018-03-30 19:21:00,0.17113012194971589
2018-03-30 19:24:00,0.23187161931440414
2018-03-30 19:27:00,0.3054995950216721
2018-03-30 19:30:00,0.29440953030979244
2018-03-30 19:33:00,0.2825385426903608
2018-03-30 19:36:00,0.34670558944287677
2018-03-30 19:39:00,0.23807780040709758
2018-03-30 19:42:00,0.242990134723982
2018-03-30 19:45:00,0.26744125785478445
2018-03-30 19:48:00,0.21342669091865218
2018-03-30 19:51:00,0.2348007893893964
2018-03-30 19:54:00,0.12177208315449661
2018-03-30 19:57:00,0.21539197978904667
2018-03-30 20:00:00,0.23701188851185861
2018-03-30 20:03:00,0.19038641945536483
2018-03-30 20:06:00,0.1962257576838624
2018-03-30 20:09:00,0.16458179999773392
2018-03-30 20:12:00,0.24391866069487378
2018-03-30 20:15:00,0.07955392765018132
2018-03-30 20:18:00,0.13795291452953506
2018-03-30 20:21:00,0.2635319357029289
2018-03-30 20:24:00,0.19754665661264426
2018-03-30 20:27:00,0.21492480330721264
2018-03-30 20:30:00,0.28497652421026487
2018-03-30 20:33:00,0.2788039155822162
2018-03-30 20:36:00,0.3791413584115162
2018-03-30 20:39:00,0.26229870374157827
2018-03-30 20:42:00,0.23575409198127772
2018-03-30 20:45:00,0.34724708061816045
2018-03-30 20:48:00,0.31437589021334134
2018-03-30 20:51:00,0.3053237723988218
2018-03-30 20:54:00,0.34414074617683355
2018-03-30 20:57:00,0.30329320795817694
2018-03-30 21:00:00,0.2653698872215955
2018-03-30 21:03:00,0.34983775108361215
2018-03-30 21:06:00,0.3171244689361856
2018-03-30 21:09:00,0.30080928796826356
2018-03-30 21:12:00,0.2331206618454189
2018-03-30 21:15:00,0.2800393886512893
2018-03-30 21:18:00,0.39871489002257476
2018-03-30 21:21:00,0.29991284157569
2018-03-30 21:24:00,0.2785149215296201
2018-03-30 21:27:00,0.2257720404672341
2018-03-30 21:30:00,0.40016440958066823
2018-03-30 21:33:00,0.356971483895677
2018-03-30 21:36:00,0.38093993051091957
2018-03-30 21:39:00,0.3633010370353986
2018-03-30 21:42:00,0.3087108436101289
2018-03-30 21:45:00,0.3729262684346395
2018-03-30 21:48:00,0.3728921422748499
2018-03-30 21:51:00,0.4331342849969815
2018-03-30 21:54:00,0.3566868119541482
2018-03-30 21:57:00,0.2808159234560321
2018-03-30 22:00:00,0.47266740578595545
2018-03-30 22:03:00,0.3514093704847028
2018-03-30 22:06:00,0.36191266180247794
2018-03-30 22:09:00,0.35092720247206444
2018-03-30 22:12:00,0.35561743413950353
2018-03-30 22:15:00,0.3523943615292069
2018-03-30 22:18:00,0.3692802948681333
2018-03-30 22:21:00,0.28513889819146243
2018-03-30 22:24:00,0.27300717721220735
2018-03-30 22:27:00,0.2896250477689364
2018-03-30 22:30:00,0.3761745100773055
2018-03-30 22:33:00,0.3329067598718325
2018-03-30 22:36:00,0.4373659660531075
2018-03-30 22:39:00,0.3423685086949604
2018-03-30 22:42:00,0.33761065073542795
2018-03-30 22:45:00,0.4442720574400596
2018-03-30 22:48:00,0.42419858555217616
2018-03-30 22:51:00,0.48942358650225515
2018-03-30 22:54:00,0.4285785745140629
2018-03-30 22:57:00,0.4319193860228552
2018-03-30 23:00:00,0.2931637655477175
2018-03-30 23:03:00,0.46042227234408983
2018-03-30 23:06:00,0.478115309839211
2018-03-30 23:09:00,0.6137011733860618
2018-03-30 23:12:00,0.642279013593452
2018-03-30 23:15:00,0.6077632413839069
2018-03-30 23:18:00,0.5918090692126725
2018-03-30 23:21:00,0.5349895838185716
2018-03-30 23:24:00,0.6127752388268277
2018-03-30 23:27:00,0.5313006052036258
2018-03-30 23:30:00,0.44964383691046805
2018-03-30 23:33:00,0.38835337628881916
2018-03-30 23:36:00,0.46558432054177956
2018-03-30 23:39:00,0.5003520880954966
2018-03-30 23:42:00,0.4212822223462922
2018-03-30 23:45:00,0.4990330850689588
2018-03-30 23:48:00,0.37697605843771953
2018-03-30 23:51:00,0.3917514220705698
2018-03-30 23:54:00,0.48343279167238506
2018-03-30 23:57:00,0.44703345988602905
2018-03-31 00:00:00,0.3590057611957036
2018-03-31 00:03:00,0.3520686057033231
2018-03-31 00:06:00,0.30193744200244055
2018-03-31 00:09:00,0.3579401132232647
2018-03-31 00:12:00,0.3385970356935104
2018-03-31 00:15:00,0.39559151524849767
2018-03-31 00:18:00,0.3270329934833853
2018-03-31 00:21:00,0.2537542298937865
2018-03-31 00:24:00,0.30978228662678475
2018-03-31 00:27:00,0.20314921001590847
2018-03-31 00:30:00,0.33105590980215993
2018-03-31 00:33:00,0.3124843437734057
2018-03-31 00:36:00,0.307830609367727
2018-03-31 00:39:00,0.3412651725562341
2018-03-31 00:42:00,0.31434525645181566
2018-03-31 00:45:00,0.3049133653055378
2018-03-31 00:48:00,0.35808425707051583
2018-03-31 00:51:00,0.42258953152327194
2018-03-31 00:54:00,0.23884383876264792
2018-03-31 00:57:00,0.41058796197972924
2018-03-31 01:00:00,0.39862278638412363
2018-03-31 01:03:00,0.3566397042782228
2018-03-31 01:06:00,0.20420697441841185
2018-03-31 01:09:00,0.33375935466557394
2018-03-31 01:12:00,0.33889611415162335
2018-03-31 01:15:00,0.2882534952420883
2018-03-31 01:18:00,0.3744930650412357
2018-03-31 01:21:00,0.4172684935929851
2018-03-31 01:24:00,0.43918565378027097
2018-03-31 01:27:00,0.5121565361073408
2018-03-31 01:30:00,0.5173583266404762
2018-03-31 01:33:00,0.4535513731279366
2018-03-31 01:36:00,0.5209137734563569
2018-03-31 01:39:00,0.4133608090926373
2018-03-31 01:42:00,0.5065458264134577
2018-03-31 01:45:00,0.5014010138195317
2018-03-31 01:48:00,0.5485493226232734
2018-03-31 01:51:00,0.5043825148749193
2018-03-31 01:54:00,0.4941064417199641
2018-03-31 01:57:00,0.4605235039688296
2018-03-31 02:00:00,0.512318241402113
2018-03-31 02:03:00,0.549076955548685
2018-03-31 02:06:00,0.5654964975758503
2018-03-31 02:09:00,0.5189527637911056
2018-03-31 02:12:00,0.5389178804511516
2018-03-31 02:15:00,0.5172703373189051
2018-03-31 02:18:00,0.5383821467735856
2018-03-31 02:21:00,0.5213033792335864
2018-03-31 02:24:00,0.5317200928045622
2018-03-31 02:27:00,0.5716440082524628
2018-03-31 02:30:00,0.4830015423964369
2018-03-31 02:33:00,0.5369198581835803
2018-03-31 02:36:00,0.6149018111389637
2018-03-31 02:39:00,0.5164557096616704
2018-03-31 02:42:00,0.4418695430960611
2018-03-31 02:45:00,0.4509720955864509
2018-03-31 02:48:00,0.5367260571089219
2018-03-31 02:51:00,0.5593784846553262
2018-03-31 02:54:00,0.5169100166234557
2018-03-31 02:57:00,0.5853973306949456
2018-03-31 03:00:00,0.5428418398055896
2018-03-31 03:03:00,0.4261372414849802
2018-03-31 03:06:00,0.5082145424294708
2018-03-31 03:09:00,0.4533483794326685
2018-03-31 03:12:00,0.42641913921266905
2018-03-31 03:15:00,0.4517421323398594
2018-03-31 03:18:00,0.5358398937158313
2018-03-31 03:21:00,0.43203395449154414
2018-03-31 03:24:00,0.46750733397129807
2018-03-31 03:27:00,0.5986224526043884
2018-03-31 03:30:00,0.4891084601799207
2018-03-31 03:33:00,0.5919205709579387
2018-03-31 03:36:00,0.5623412240527159
2018-03-31 03:39:00,0.5696068979599431
2018-03-31 03:42:00,0.5943087466365569
2018-03-31 03:45:00,0.72629374484751
2018-03-31 03:48:00,0.6522802355177078
2018-03-31 03:51:00,0.5822892225200462
2018-03-31 03:54:00,0.5754065741783165
2018-03-31 03:57:00,0.6293672997862245
2018-03-31 04:00:00,0.5334090505435256
2018-03-31 04:03:00,0.5782835018103469
2018-03-31 04:06:00,0.5300629554620855
2018-03-31 04:09:00,0.5833775969926478
2018-03-31 04:12:00,0.6111222689440297
2018-03-31 04:15:00,0.4729845206977643
2018-03-31 04:18:00,0.5314190538308026
2018-03-31 04:21:00,0.6132532293655117
2018-03-31 04:24:00,0.523160466312163
2018-03-31 04:27:00,0.5926075503848551
2018-03-31 04:30:00,0.6575764384798504
2018-03-31 04:33:00,0.6885818102044823
2018-03-31 04:36:00,0.5337290021082026
2018-03-31 04:39:00,0.5644730014007564
2018-03-31 04:42:00,0.6115838396761433
2018-03-31 04:45:00,0.6055660236009999
2018-03-31 04:48:00,0.5752732646540721
2018-03-31 04:51:00,0.634393127821852
2018-03-31 04:54:00,0.5523450040751072
2018-03-31 04:57:00,0.590322943705587
2018-03-31 05:00:00,0.6529487030230143
2018-03-31 05:03:00,0.5225437841283451
2018-03-31 05:06:00,0.6370269843806682
2018-03-31 05:09:00,0.6368012426024166
2018-03-31 05:12:00,0.7042325219794634
2018-03-31 05:15:00,0.5867614071440244
2018-03-31 05:18:00,0.6176771482862478
2018-03-31 05:21:00,0.6312111248610677
2018-03-31 05:24:00,0.6854846734973421
2018-03-31 05:27:00,0.6738716900062514
2018-03-31 05:30:00,0.6501195456978053
2018-03-31 05:33:00,0.514946825449158
2018-03-31 05:36:00,0.5100683737076679
2018-03-31 05:39:00,0.6947171644299033
2018-03-31 05:42:00,0.619672110884153
2018-03-31 05:45:00,0.6776236935086786
2018-03-31 05:48:00,0.628067143826172
2018-03-31 05:51:00,0.6380460527544187
2018-03-31 05:54:00,0.6018996669479293
2018-03-31 05:57:00,0.6527601595159354
2018-03-31 06:00:00,0.6653913298568455
2018-03-31 06:03:00,0.6171338248685174
2018-03-31 06:06:00,0.6446725367600266
2018-03-31 06:09:00,0.5920719028324584
2018-03-31 06:12:00,0.5154494196486326
2018-03-31 06:15:00,0.5623011725977562
2018-03-31 06:18:00,0.7129074152962289
2018-03-31 06:21:00,0.5473424967396454
2018-03-31 06:24:00,0.6571644943579713
2018-03-31 06:27:00,0.5935544807439328
2018-03-31 06:30:00,0.6298510695738173
2018-03-31 06:33:00,0.6169821808538813
2018-03-31 06:36:00,0.5460923072108699
2018-03-31 06:39:00,0.6741258480525403
2018-03-31 06:42:00,0.6334546588389003
2018-03-31 06:45:00,0.6317968477758882
2018-03-31 06:48:00,0.7695496276229505
2018-03-31 06:51:00,0.7318228414522991
2018-03-31 06:54:00,0.6799777392886313
2018-03-31 06:57:00,0.6043370684270712
2018-03-31 07:00:00,0.708452877184186
2018-03-31 07:03:00,0.6671372767024195
2018-03-31 07:06:00,0.7790226196649428
2018-03-31 07:09:00,0.6719859703646307
2018-03-31 07:12:00,0.7024796516054721
2018-03-31 07:15:00,0.6750730288325713
2018-03-31 07:18:00,0.7380469678643635
2018-03-31 07:21:00,0.6226985303813422
2018-03-31 07:24:00,0.7018339642731917
2018-03-31 07:27:00,0.7159467005583338
2018-03-31 07:30:00,0.6245048120281353
2018-03-31 07:33:00,0.6669557941269773
2018-03-31 07:36:00,0.5193326585028331
2018-03-31 07:39:00,0.5584655387895054
2018-03-31 07:42:00,0.6112112976324511
2018-03-31 07:45:00,0.5644780171184038
2018-03-31 07:48:00,0.5564418906361652
2018-03-31 07:51:00,0.5309309905578061
2018-03-31 07:54:00,0.5087667804360763
2018-03-31 07:57:00,0.5623109376209641
2018-03-31 08:00:00,0.5912706094482019
2018-03-31 08:03:00,0.652846048898482
2018-03-31 08:06:00,0.45134842640368333
2018-03-31 08:09:00,0.597643432228665
2018-03-31 08:12:00,0.5480596018797428
2018-03-31 08:15:00,0.5796342252318709
2018-03-31 08:18:00,0.6157903123915958
2018-03-31 08:21:00,0.623434895556386
2018-03-31 08:24:00,0.6730401038509513
2018-03-31 08:27:00,0.5167175203501984
2018-03-31 08:30:00,0.6392516287722856
2018-03-31 08:33:00,0.48898791819800635
2018-03-31 08:36:00,0.6695145594050018
2018-03-31 08:39:00,0.4484419928691068
2018-03-31 08:42:00,0.642792792047203
2018-03-31 08:45:00,0.5020191328106307
2018-03-31 08:48:00,0.589763018381916
2018-03-31 08:51:00,0.45838928897836695
2018-03-31 08:54:00,0.5027672637248202
2018-03-31 08:57:00,0.44991228624542146
2018-03-31 09:00:00,0.36815557198258375
2018-03-31 09:03:00,0.5326989711122678
2018-03-31 09:06:00,0.5009165640547053
2018-03-31 09:09:00,0.4512320725222594
2018-03-31 09:12:00,0.4184381113159361
2018-03-31 09:15:00,0.4345803682005567
2018-03-31 09:18:00,0.38831581098969536
2018-03-31 09:21:00,0.36596291657997426
2018-03-31 09:24:00,0.3779926543505212
2018-03-31 09:27:00,0.48539606002225355
2018-03-31 09:30:00,0.6138753735136788
2018-03-31 09:33:00,0.45210826469099175
2018-03-31 09:36:00,0.4042651646313402
2018-03-31 09:39:00,0.5119671634938641
2018-03-31 09:42:00,0.4062154444809494
2018-03-31 09:45:00,0.5260051727433961
2018-03-31 09:48:00,0.34871010631906074
2018-03-31 09:51:00,0.35868257757510946
2018-03-31 09:54:00,0.425708628942175
2018-03-31 09:57:00,0.29538070109100545
2018-03-31 10:00:00,0.2899125025228386
2018-03-31 10:03:00,0.33485956376404147
2018-03-31 10:06:00,0.39737208742383245
2018-03-31 10:09:00,0.25310365963531467
2018-03-31 10:12:00,0.2141207696698757
2018-03-31 10:15:00,0.29638418352914186
2018-03-31 10:18:00,0.14095904662519843
2018-03-31 10:21:00,0.19554489964804134
2018-03-31 10:24:00,0.19792483602515176
2018-03-31 10:27:00,0.2571984477941669
2018-03-31 10:30:00,0.19264601577106077
2018-03-31 10:33:00,0.10224946633604759
2018-03-31 10:36:00,0.14157194876776202
2018-03-31 10:39:00,0.2379369264280058
2018-03-31 10:42:00,0.08953012351861389
2018-03-31 10:45:00,0.1648410671850229
2018-03-31 10:48:00,0.19139786930713854
2018-03-31 10:51:00,0.19968082015492428
2018-03-31 10:54:00,0.14820017414439235
2018-03-31 10:57:00,0.24689652760986291
2018-03-31 11:00:00,0.22503759992872574
2018-03-31 11:03:00,0.15015852234631666
2018-03-31 11:06:00,0.11185994027630386
2018-03-31 11:09:00,0.10485402062005278
2018-03-31 11:12:00,0.13323711256367687
2018-03-31 11:15:00,0.097498371284928
2018-03-31 11:18:00,0.08739885409386261
2018-03-31 11:21:00,0.09047523092812071
2018-03-31 11:24:00,0.15229279368372772
2018-03-31 11:27:00,0.09907614109175711
2018-03-31 11:30:00,0.04453971706482207
2018-03-31 11:33:00,0.13790897137522506
2018-03-31 11:36:00,0.06939829334407932
2018-03-31 11:39:00,0.09495345400085853
2018-03-31 11:42:00,0.09338831902482525
2018-03-31 11:45:00,0.0045099737920395455
2018-03-31 11:48:00,0.17258401400084722
2018-03-31 11:51:00,0.090889505650523
2018-03-31 11:54:00,0.05971098668965169
2018-03-31 11:57:00,0.08825386952145209
2018-03-31 12:00:00,0.08009869330680885
2018-03-31 12:03:00,0.012344158431233154
2018-03-31 12:06:00,-0.10248667444733428
2018-03-31 12:09:00,0.07689859500590046
2018-03-31 12:12:00,0.04921512279253193
2018-03-31 12:15:00,0.13506279373211783
2018-03-31 12:18:00,0.03848942418437673
2018-03-31 12:21:00,0.10011106364038369
2018-03-31 12:24:00,0.07057070131975252
2018-03-31 12:27:00,0.09557170778123236
2018-03-31 12:30:00,0.15998427232375434
2018-03-31 12:33:00,0.19570259247399235
2018-03-31 12:36:00,0.2181344956422322
2018-03-31 12:39:00,0.03733748869052533
2018-03-31 12:42:00,-0.04533087570922589
2018-03-31 12:45:00,0.10664249744456811
2018-03-31 12:48:00,0.12781760274202725
2018-03-31 12:51:00,-0.12205339055435616
2018-03-31 12:54:00,-0.08876266301439273
2018-03-31 12:57:00,0.03663230528559325
2018-03-31 13:00:00,0.06520024228365173
2018-03-31 13:03:00,0.03996230492424502
2018-03-31 13:06:00,-0.05656575221019011
2018-03-31 13:09:00,-0.04647922595216869
2018-03-31 13:12:00,0.02172604509547682
2018-03-31 13:15:00,-0.12197716447957418
2018-03-31 13:18:00,-0.03732977203929977
2018-03-31 13:21:00,-0.13344123139546582
2018-03-31 13:24:00,-0.07720369309691932
2018-03-31 13:27:00,-0.08816364573289093
2018-03-31 13:30:00,-0.015816190883526815
2018-03-31 13:33:00,-0.050276765599448936
2018-03-31 13:36:00,-0.015295875937908932
2018-03-31 13:39:00,0.012750078566398315
2018-03-31 13:42:00,-0.06048680921793448
2018-03-31 13:45:00,0.05651509009533129
2018-03-31 13:48:00,0.06965847299198913
2018-03-31 13:51:00,0.0383278101145379
2018-03-31 13:54:00,0.034650500130453565
2018-03-31 13:57:00,0.06252908358715104
2018-03-31 14:00:00,0.02967016574336867
2018-03-31 14:03:00,0.06855408702688237
2018-03-31 14:06:00,0.048564420705702105
2018-03-31 14:09:00,0.1183387844932895
2018-03-31 14:12:00,-0.0022347981493453517
2018-03-31 14:15:00,-0.01844298394132693
2018-03-31 14:18:00,0.0829846847442468
2018-03-31 14:21:00,0.06021112959206221
2018-03-31 14:24:00,0.06876380591444331
2018-03-31 14:27:00,-0.008361202010348734
2018-03-31 14:30:00,0.0901944864144184
2018-03-31 14:33:00,0.07909938713839892
2018-03-31 14:36:00,0.10812803272659721
2018-03-31 14:39:00,0.012034693024361331
2018-03-31 14:42:00,0.038505362204716675
2018-03-31 14:45:00,0.016613528181608217
2018-03-31 14:48:00,-0.020269812782316876
2018-03-31 14:51:00,-0.0031212209978548344
2018-03-31 14:54:00,0.04577435986362843
2018-03-31 14:57:00,0.14353878971729728
2018-03-31 15:00:00,0.1294982956463855
2018-03-31 15:03:00,0.2730385164344966
2018-03-31 15:06:00,0.2633614779499567
2018-03-31 15:09:00,0.337052896634475
2018-03-31 15:12:00,0.21315455469238032
2018-03-31 15:15:00,0.4092099130828615
2018-03-31 15:18:00,0.1940597998528233
2018-03-31 15:21:00,0.1669423839827573
2018-03-31 15:24:00,0.20436203197624536
2018-03-31 15:27:00,0.25749297467262977
2018-03-31 15:30:00,0.3114168061698024
2018-03-31 15:33:00,0.25467157763051773
2018-03-31 15:36:00,0.2695214837333424
2018-03-31 15:39:00,0.04540777917623018
2018-03-31 15:42:00,0.1978164191725682
2018-03-31 15:45:00,0.296650791427453
2018-03-31 15:48:00,0.20769819743100015
2018-03-31 15:51:00,0.35394565783019516
2018-03-31 15:54:00,0.28649306294659027
2018-03-31 15:57:00,0.2909584565674095
2018-03-31 16:00:00,0.255436089633406
2018-03-31 16:03:00,0.3836575979103145
2018-03-31 16:06:00,0.34991086744520317
2018-03-31 16:09:00,0.27192840777939864
2018-03-31 16:12:00,0.2463221295388962
2018-03-31 16:15:00,0.18201029883147157
2018-03-31 16:18:00,0.25717867387049864
2018-03-31 16:21:00,0.37628758921391636
2018-03-31 16:24:00,0.358319994139606
2018-03-31 16:27:00,0.45047286914780216
2018-03-31 16:30:00,0.3840174411995463
2018-03-31 16:33:00,0.2772969947544084
2018-03-31 16:36:00,0.18960646223899857
2018-03-31 16:39:00,0.07704178036578924
2018-03-31 16:42:00,0.1171074645775434
2018-03-31 16:45:00,0.2983105213937165
2018-03-31 16:48:00,0.23766738437018375
2018-03-31 16:51:00,0.3879977710083722
2018-03-31 16:54:00,0.5044952118495303
2018-03-31 16:57:00,0.3996955935388087
2018-03-31 17:00:00,0.4870623780635128
2018-03-31 17:03:00,0.41744425574933075
2018-03-31 17:06:00,0.4636141850367608
2018-03-31 17:09:00,0.4089889767186605
2018-03-31 17:12:00,0.3709227360272962
2018-03-31 17:15:00,0.2755561922249399
2018-03-31 17:18:00,0.05523914672204455
2018-03-31 17:21:00,0.06044781643817032
2018-03-31 17:24:00,0.11033888201143327
2018-03-31 17:27:00,0.04570025610621542
2018-03-31 17:30:00,0.044997937614994044
2018-03-31 17:33:00,0.2611269907260976
2018-03-31 17:36:00,0.15520005903084666
2018-03-31 17:39:00,0.21313999106081383
2018-03-31 17:42:00,0.2848379686921021
2018-03-31 17:45:00,0.2007907326550935
2018-03-31 17:48:00,0.2560673168870835
2018-03-31 17:51:00,0.2859512308858143
2018-03-31 17:54:00,0.23991657430229907
2018-03-31 17:57:00,0.2588970630408767
2018-03-31 18:00:00,0.21069053089888712
2018-03-31 18:03:00,0.2980727673657384
2018-03-31 18:06:00,0.1448197963501343
2018-03-31 18:09:00,0.1253091535389217
2018-03-31 18:12:00,0.1473188971957029
2018-03-31 18:15:00,0.15723762696751464
2018-03-31 18:18:00,0.15630365760182485
2018-03-31 18:21:00,0.09075651516121752
2018-03-31 18:24:00,0.22910159988441592
2018-03-31 18:27:00,0.18282644847732854
2018-03-31 18:30:00,0.32965302526224605
2018-03-31 18:33:00,0.3285051356293138
2018-03-31 18:36:00,0.4171576050021031
2018-03-31 18:39:00,0.4938421243595599
2018-03-31 18:42:00,0.5806290273608283
2018-03-31 18:45:00,0.47975644982193444
2018-03-31 18:48:00,0.5222159929959389
2018-03-31 18:51:00,0.4762827088632662
2018-03-31 18:54:00,0.4773483372139822
2018-03-31 18:57:00,
2018-03-31 19:00:00,
2018-03-31 19:03:00,0.6156701788449368
2018-03-31 19:06:00,0.7381624154677979
2018-03-31 19:09:00,0.6972798363939319
2018-03-31 19:12:00,0.8378337756296901
2018-03-31 19:15:00,0.7727513774907493
2018-03-31 19:18:00,0.7008333086206449
2018-03-31 19:21:00,0.750063859462955
2018-03-31 19:24:00,0.6894585904805126
2018-03-31 19:27:00,0.5887215378472206
2018-03-31 19:30:00,0.5583629116023872
2018-03-31 19:33:00,0.5516184993600177
2018-03-31 19:36:00,0.545137494489552
2018-03-31 19:39:00,0.6047886246730059
2018-03-31 19:42:00,0.504710988436841
2018-03-31 19:45:00,0.565066994604706
2018-03-31 19:48:00,0.5086869207767677
2018-03-31 19:51:00,0.555001278076702
2018-03-31 19:54:00,0.5554288464285833
2018-03-31 19:57:00,0.586835371638756
2018-03-31 20:00:00,0.4865717238716343
2018-03-31 20:03:00,0.44598238507541055
2018-03-31 20:06:00,0.4253630085391933
2018-03-31 20:09:00,0.3746573387742842
2018-03-31 20:12:00,0.4059804122187529
2018-03-31 20:15:00,0.5305528331483629
2018-03-31 20:18:00,0.5284390570468531
2018-03-31 20:21:00,0.5329425810388102
2018-03-31 20:24:00,0.5599327180320302
2018-03-31 20:27:00,0.4979340957976319
2018-03-31 20:30:00,0.45134262709603945
2018-03-31 20:33:00,0.35289236627659193
2018-03-31 20:36:00,0.3671394419655485
2018-03-31 20:39:00,0.3354766423557862
2018-03-31 20:42:00,0.4314428462840283
2018-03-31 20:45:00,0.3521405870774288
2018-03-31 20:48:00,0.32364750113515584
2018-03-31 20:51:00,0.33248423337443
2018-03-31 20:54:00,0.30251655457072957
2018-03-31 20:57:00,0.32110787435857446
2018-03-31 21:00:00,0.21519468617901794
2018-03-31 21:03:00,0.3099564519780529
2018-03-31 21:06:00,0.2646633004341652
2018-03-31 21:09:00,0.25530672186368975
2018-03-31 21:12:00,0.21520330031432877
2018-03-31 21:15:00,0.25007977848719065
2018-03-31 21:18:00,0.26484167981516293
2018-03-31 21:21:00,0.239079679001577
2018-03-31 21:24:00,0.30051173850068835
2018-03-31 21:27:00,0.24974650719832425
2018-03-31 21:30:00,0.14908712849353378
2018-03-31 21:33:00,0.22297789272738555
2018-03-31 21:36:00,0.21891203877333965
2018-03-31 21:39:00,0.20602166907934816
2018-03-31 21:42:00,0.3266172916020764
2018-03-31 21:45:00,0.3132431770408175
2018-03-31 21:48:00,0.24362365003941022
2018-03-31 21:51:00,0.3283267956700229
2018-03-31 21:54:00,0.37963757220188654
2018-03-31 21:57:00,0.25824458064056444
2018-03-31 22:00:00,0.44898769046744746
2018-03-31 22:03:00,0.3776851236561356
2018-03-31 22:06:00,0.4481240725895077
2018-03-31 22:09:00,0.3697687701805421
2018-03-31 22:12:00,0.45631660548559694
2018-03-31 22:15:00,0.6235279426499574
2018-03-31 22:18:00,0.5445859793864543
2018-03-31 22:21:00,0.5368756660060967
2018-03-31 22:24:00,0.42369292709901174
2018-03-31 22:27:00,0.4262156859013544
2018-03-31 22:30:00,0.4936424537195876
2018-03-31 22:33:00,0.46578030497272493
2018-03-31 22:36:00,0.46568808068241196
2018-03-31 22:39:00,0.43306138293206686
2018-03-31 22:42:00,0.4008219004317084
2018-03-31 22:45:00,0.44330835521304834
2018-03-31 22:48:00,0.41658529454173276
2018-03-31 22:51:00,0.3282448523452217
2018-03-31 22:54:00,0.46786423708965685
2018-03-31 22:57:00,0.41299772068754237
2018-03-31 23:00:00,0.42308723539491666
2018-03-31 23:03:00,0.41715981789064926
2018-03-31 23:06:00,0.48912995162265815
2018-03-31 23:09:00,0.42937943078931085
2018-03-31 23:12:00,0.4208621822572809
2018-03-31 23:15:00,0.4559542233660636
2018-03-31 23:18:00,0.4596620005544878
2018-03-31 23:21:00,0.4243243750806869
2018-03-31 23:24:00,0.4458408647490728
2018-03-31 23:27:00,0.4536423154287377
2018-03-31 23:30:00,0.4822675275657957
2018-03-31 23:33:00,0.48434825457962916
2018-03-31 23:36:00,0.5307455627840909
2018-03-31 23:39:00,0.5698681866533661
2018-03-31 23:42:00,0.5190319071761564
2018-03-31 23:45:00,0.4269643090340196
2018-03-31 23:48:00,0.49152081667438097
2018-03-31 23:51:00,0.5958626299228627
2018-03-31 23:54:00,0.6318146797659665
2018-03-31 23:57:00,0.6730570474526871
2018-04-01 00:00:00,0.5903381449937797
2018-04-01 00:03:00,0.5898303225849304
2018-04-01 00:06:00,0.6223228894681938
2018-04-01 00:09:00,0.6520111366888841
2018-04-01 00:12:00,0.6633364838250486
2018-04-01 00:15:00,0.4834854977407872
2018-04-01 00:18:00,0.5344405231595601
2018-04-01 00:21:00,0.6333770409754038
2018-04-01 00:24:00,0.5306136180158774
2018-04-01 00:27:00,0.5005148428282382
2018-04-01 00:30:00,0.5498835149862202
2018-04-01 00:33:00,0.49600386262829943
2018-04-01 00:36:00,0.5779755281987491
2018-04-01 00:39:00,0.5581196028557542
2018-04-01 00:42:00,0.6032648242630785
2018-04-01 00:45:00,0.5296732094320191
2018-04-01 00:48:00,0.582140391047119
2018-04-01 00:51:00,0.5184908739531124
2018-04-01 00:54:00,0.47272841965065027
2018-04-01 00:57:00,0.5554357620099495
2018-04-01 01:00:00,0.4859409874936773
2018-04-01 01:03:00,0.4866939737279381
2018-04-01 01:06:00,0.5183840113427323
2018-04-01 01:09:00,0.41810130335505846
2018-04-01 01:12:00,0.4858668035480491
2018-04-01 01:15:00,0.4069393509398651
2018-04-01 01:18:00,0.4795103629741675
2018-04-01 01:21:00,0.4072953281154241
2018-04-01 01:24:00,0.5470206328441236
2018-04-01 01:27:00,0.5430603252301012
2018-04-01 01:30:00,0.5437333452736084
2018-04-01 01:33:00,0.5904490753819687
2018-04-01 01:36:00,0.5653407156858634
2018-04-01 01:39:00,0.5749350375560311
2018-04-01 01:42:00,0.6325703560985971
2018-04-01 01:45:00,0.5295108295012483
2018-04-01 01:48:00,0.5872863220715203
2018-04-01 01:51:00,0.5850521517153311
2018-04-01 01:54:00,0.5133685925385407
2018-04-01 01:57:00,0.5260609085940473
2018-04-01 02:00:00,0.506461222956375
2018-04-01 02:03:00,0.5548486187224739
2018-04-01 02:06:00,0.5512848602145937
2018-04-01 02:09:00,0.6598227671611312
2018-04-01 02:12:00,0.6314358856855051
2018-04-01 02:15:00,0.5805893381955798
2018-04-01 02:18:00,0.4428841543298745
2018-04-01 02:21:00,0.5604435594935353
2018-04-01 02:24:00,0.4750232355071944
2018-04-01 02:27:00,0.47134387412057777
2018-04-01 02:30:00,0.46364787738281166
2018-04-01 02:33:00,0.42961341135634257
2018-04-01 02:36:00,0.4768579400346198
2018-04-01 02:39:00,0.41078638472197326
2018-04-01 02:42:00,0.49875564239465575
2018-04-01 02:45:00,0.5322368367696981
2018-04-01 02:48:00,0.5372948082238054
2018-04-01 02:51:00,0.5340234806658373
2018-04-01 02:54:00,0.49614260017210654
2018-04-01 02:57:00,0.5676388136347441
2018-04-01 03:00:00,0.579647470312409
2018-04-01 03:03:00,0.5163203336502988
2018-04-01 03:06:00,0.5989100348954253
2018-04-01 03:09:00,0.4798224240159925
2018-04-01 03:12:00,0.4987307821307354
2018-04-01 03:15:00,0.5600612459493846
2018-04-01 03:18:00,0.5789225618359524
2018-04-01 03:21:00,0.5477874354932624
2018-04-01 03:24:00,0.5118308923370591
2018-04-01 03:27:00,0.5662015092509591
2018-04-01 03:30:00,0.5242298328433321
2018-04-01 03:33:00,0.54672628339938
2018-04-01 03:36:00,0.5574777372726203
2018-04-01 03:39:00,0.538046192868876
2018-04-01 03:42:00,0.5457943069010867
2018-04-01 03:45:00,0.6294229588320945
2018-04-01 03:48:00,0.5806762407465271
2018-04-01 03:51:00,0.5654209011909757
2018-04-01 03:54:00,0.5907316954517228
2018-04-01 03:57:00,0.6496446987025024
2018-04-01 04:00:00,0.5716767860698155
2018-04-01 04:03:00,0.6601293686386498
2018-04-01 04:06:00,0.5111743288885009
2018-04-01 04:09:00,0.6325061222376576
2018-04-01 04:12:00,0.4819716746122822
2018-04-01 04:15:00,0.6044220086582186
2018-04-01 04:18:00,0.6589324755556731
2018-04-01 04:21:00,0.4943989511646123
2018-04-01 04:24:00,0.6208258620085303
2018-04-01 04:27:00,0.5056757330642085
2018-04-01 04:30:00,0.6302221378488753
2018-04-01 04:33:00,0.5280146794586358
2018-04-01 04:36:00,0.6727600423578792
2018-04-01 04:39:00,0.6134290392801631
2018-04-01 04:42:00,0.6064290306730413
2018-04-01 04:45:00,0.5995468466136344
2018-04-01 04:48:00,0.554433850785415
2018-04-01 04:51:00,0.5871912703684643
2018-04-01 04:54:00,0.5749367410197124
2018-04-01 04:57:00,0.6367427157367729
2018-04-01 05:00:00,0.61869645054702
2018-04-01 05:03:00,0.6389311662929913
2018-04-01 05:06:00,0.4731469015329708
2018-04-01 05:09:00,0.5243933368222429
2018-04-01 05:12:00,0.6016535748053116
2018-04-01 05:15:00,0.48961028231991577
2018-04-01 05:18:00,0.5609375156460032
2018-04-01 05:21:00,0.6479613942582887
2018-04-01 05:24:00,0.6025570488284302
2018-04-01 05:27:00,0.6464347800349515
2018-04-01 05:30:00,0.5208217530536103
2018-04-01 05:33:00,0.5644449833570206
2018-04-01 05:36:00,0.6120443647350271
2018-04-01 05:39:00,0.685846905507276
2018-04-01 05:42:00,0.5644327371738882
2018-04-01 05:45:00,0.5232062453103481
2018-04-01 05:48:00,0.6350301454976943
2018-04-01 05:51:00,0.5595163232355276
2018-04-01 05:54:00,0.5484867470908057
2018-04-01 05:57:00,0.5738989302982986
2018-04-01 06:00:00,0.5899111173934557
2018-04-01 06:03:00,0.5411083657415361
2018-04-01 06:06:00,0.5815468399494534
2018-04-01 06:09:00,0.5991108777130307
2018-04-01 06:12:00,0.6667386720304194
2018-04-01 06:15:00,0.6430443550662517
2018-04-01 06:18:00,0.6832174443882764
2018-04-01 06:21:00,0.5235787379473891
2018-04-01 06:24:00,0.6144873438695981
2018-04-01 06:27:00,0.5471111028150517
2018-04-01 06:30:00,0.666101005195685
2018-04-01 06:33:00,0.6196709772576696
2018-04-01 06:36:00,0.5992705343737157
2018-04-01 06:39:00,0.6004926541045279
2018-04-01 06:42:00,0.5989440293071198
2018-04-01 06:45:00,0.6432617418103064
2018-04-01 06:48:00,0.6077628021990904
2018-04-01 06:51:00,0.6655162453865273
2018-04-01 06:54:00,0.6279851429196697
2018-04-01 06:57:00,0.6425406928811412
2018-04-01 07:00:00,0.6594413171426368
2018-04-01 07:03:00,0.598930367377875
2018-04-01 07:06:00,0.5913033438092157
2018-04-01 07:09:00,0.5955749691452183
2018-04-01 07:12:00,0.665158579787942
2018-04-01 07:15:00,0.5219716496286537
2018-04-01 07:18:00,0.6207293941655507
2018-04-01 07:21:00,0.5798518444210572
2018-04-01 07:24:00,0.6249328886723902
2018-04-01 07:27:00,0.655076944624966
2018-04-01 07:30:00,0.5661744734384229
2018-04-01 07:33:00,0.45781011532369575
2018-04-01 07:36:00,0.5259187295150696
2018-04-01 07:39:00,0.5294239612572937
2018-04-01 07:42:00,0.49483989818054397
2018-04-01 07:45:00,0.5552466979908104
2018-04-01 07:48:00,0.45544681900076966
2018-04-01 07:51:00,0.6123912243804739
2018-04-01 07:54:00,0.5840023073950533
2018-04-01 07:57:00,0.5478278748643106
2018-04-01 08:00:00,0.5600629505682946
2018-04-01 08:03:00,0.6190908683085468
2018-04-01 08:06:00,0.5178600327814706
2018-04-01 08:09:00,0.46484151880866875
2018-04-01 08:12:00,0.5455446702106883
2018-04-01 08:15:00,0.6360362391332615
2018-04-01 08:18:00,0.5756364505821807
2018-04-01 08:21:00,0.4921714223762592
2018-04-01 08:24:00,0.4994161983706249
2018-04-01 08:27:00,0.4649321208020183
2018-04-01 08:30:00,0.5069167345860137
2018-04-01 08:33:00,0.5114658597075277
2018-04-01 08:36:00,0.5475748325212635
2018-04-01 08:39:00,0.4993363040405825
2018-04-01 08:42:00,0.4250851034181551
2018-04-01 08:45:00,0.42448616664466954
2018-04-01 08:48:00,0.4389540582189966
2018-04-01 08:51:00,0.4842367574834725
2018-04-01 08:54:00,0.5144304259130763
2018-04-01 08:57:00,0.42626981269978614
2018-04-01 09:00:00,0.39246842096628143
2018-04-01 09:03:00,0.4189375453028674
2018-04-01 09:06:00,0.533216469414981
2018-04-01 09:09:00,0.47561703551497203
2018-04-01 09:12:00,0.3896252414627952
2018-04-01 09:15:00,0.4106101115839351
2018-04-01 09:18:00,0.3431224301344855
2018-04-01 09:21:00,0.40429266181553203
2018-04-01 09:24:00,0.3610161172906601
2018-04-01 09:27:00,0.4151704734366035
2018-04-01 09:30:00,0.3595474663047753
2018-04-01 09:33:00,0.3976675121353992
2018-04-01 09:36:00,0.3137765585537977
2018-04-01 09:39:00,0.3375703290693082
2018-04-01 09:42:00,0.28178661603175215
2018-04-01 09:45:00,0.3640569066829471
2018-04-01 09:48:00,0.32301246918876814
2018-04-01 09:51:00,0.36135822838173226
2018-04-01 09:54:00,0.3369686915295915
2018-04-01 09:57:00,0.39393295568464737
2018-04-01 10:00:00,0.2839844034041903
2018-04-01 10:03:00,0.23910059974355136
2018-04-01 10:06:00,0.19585425046096816
2018-04-01 10:09:00,0.20345410792646135
2018-04-01 10:12:00,0.18395259438432277
2018-04-01 10:15:00,0.259843578954019
2018-04-01 10:18:00,0.2396243246948302
2018-04-01 10:21:00,0.36289279357021087
2018-04-01 10:24:00,0.28890218411351043
2018-04-01 10:27:00,0.35885725872577723
2018-04-01 10:30:00,0.18956734121928775
2018-04-01 10:33:00,0.17212955165939547
2018-04-01 10:36:00,0.28818258344466585
2018-04-01 10:39:00,0.18657343051381758
2018-04-01 10:42:00,0.17460586000260037
2018-04-01 10:45:00,0.05041634272407691
2018-04-01 10:48:00,0.15198122406007997
2018-04-01 10:51:00,0.15071319242122172
2018-04-01 10:54:00,0.10309678761763053
2018-04-01 10:57:00,0.05996365964500683
2018-04-01 11:00:00,0.15039449914513625
2018-04-01 11:03:00,0.14129965135163047
2018-04-01 11:06:00,0.0284731475726403
2018-04-01 11:09:00,0.049180931099556346
2018-04-01 11:12:00,0.0980918382138043
2018-04-01 11:15:00,0.0797993634958516
2018-04-01 11:18:00,0.08184274839635464
2018-04-01 11:21:00,0.02904771731505207
2018-04-01 11:24:00,0.06064756468470023
2018-04-01 11:27:00,-0.10070972197689798
2018-04-01 11:30:00,-0.02334390626702998
2018-04-01 11:33:00,0.036525494615545995
2018-04-01 11:36:00,-0.11368926447062222
2018-04-01 11:39:00,-0.0936405260289348
2018-04-01 11:42:00,-0.05096285425622682
2018-04-01 11:45:00,0.10993968865983561
2018-04-01 11:48:00,0.0916983034070995
2018-04-01 11:51:00,0.10237177010765208
2018-04-01 11:54:00,0.3117005333409111
2018-04-01 11:57:00,0.3622409329336733
2018-04-01 12:00:00,0.6334139704173367
2018-04-01 12:03:00,0.09415402634272141
2018-04-01 12:06:00,0.06122185641527267
2018-04-01 12:09:00,0.15006488149691677
2018-04-01 12:12:00,0.0649295852178966
2018-04-01 12:15:00,-0.08282876552891594
2018-04-01 12:18:00,-0.012191338620198167
2018-04-01 12:21:00,-0.08256056026544911
2018-04-01 12:24:00,-0.1317532041711047
2018-04-01 12:27:00,-0.03308810094409864
2018-04-01 12:30:00,-0.05953124094469331
2018-04-01 12:33:00,-0.013834697388062978
2018-04-01 12:36:00,-0.08801747124783788
2018-04-01 12:39:00,-0.05731203025999321
2018-04-01 12:42:00,-0.05047723665728654
2018-04-01 12:45:00,-0.14119883092274677
2018-04-01 12:48:00,-0.10991627525203285
2018-04-01 12:51:00,-0.08405498019857305
2018-04-01 12:54:00,-0.0600650538657419
2018-04-01 12:57:00,-0.03799124888843153
2018-04-01 13:00:00,-0.07723982173354216
2018-04-01 13:03:00,0.007185250465113313
2018-04-01 13:06:00,-0.13034942646754644
2018-04-01 13:09:00,-0.05858251217364341
2018-04-01 13:12:00,-0.06363375665699778
2018-04-01 13:15:00,-0.014338873327005786
2018-04-01 13:18:00,0.005139249906108034
2018-04-01 13:21:00,-0.05920866391056734
2018-04-01 13:24:00,0.021483207693790973
2018-04-01 13:27:00,0.05014361449684657
2018-04-01 13:30:00,0.01927171543889017
2018-04-01 13:33:00,0.08466760527272754
2018-04-01 13:36:00,-0.03734150893677679
2018-04-01 13:39:00,-0.031599264027590834
2018-04-01 13:42:00,0.01521517575343978
2018-04-01 13:45:00,0.056604601539618216
2018-04-01 13:48:00,-0.1420042766833376
2018-04-01 13:51:00,-0.025906823581465233
2018-04-01 13:54:00,-0.05513281834009831
2018-04-01 13:57:00,0.005151753860104691
2018-04-01 14:00:00,-0.05662505904581394
2018-04-01 14:03:00,-0.009143915103322797
2018-04-01 14:06:00,-0.022126737829239573
2018-04-01 14:09:00,0.05871318779355761
2018-04-01 14:12:00,0.03325132257322139
2018-04-01 14:15:00,-0.0756199307307952
2018-04-01 14:18:00,-0.11933945627845333
2018-04-01 14:21:00,-0.07863149476304443
2018-04-01 14:24:00,-0.10385939212267203
2018-04-01 14:27:00,-0.07812392228777298
2018-04-01 14:30:00,-0.029073596166369953
2018-04-01 14:33:00,0.016056043099013095
2018-04-01 14:36:00,-0.08346981923875774
2018-04-01 14:39:00,0.0012928633785236343
2018-04-01 14:42:00,-0.12926493246982318
2018-04-01 14:45:00,0.007939283635209904
2018-04-01 14:48:00,0.009935072369557929
2018-04-01 14:51:00,0.09612467085474918
2018-04-01 14:54:00,0.13074398713342816
2018-04-01 14:57:00,0.2990921480591169
2018-04-01 15:00:00,0.269133746049647
2018-04-01 15:03:00,0.40216378863902946
2018-04-01 15:06:00,0.2785417903079406
2018-04-01 15:09:00,0.24888187174980203
2018-04-01 15:12:00,0.30917802906412817
2018-04-01 15:15:00,0.24745431732918632
2018-04-01 15:18:00,0.2424467428555772
2018-04-01 15:21:00,0.3231263663035975
2018-04-01 15:24:00,0.21052522769412008
2018-04-01 15:27:00,0.2533725586521882
2018-04-01 15:30:00,0.21322334032203116
2018-04-01 15:33:00,0.18573166501073501
2018-04-01 15:36:00,0.28450275244813383
2018-04-01 15:39:00,0.30626976311714316
2018-04-01 15:42:00,0.36199458581000954
2018-04-01 15:45:00,0.38333005366467887
2018-04-01 15:48:00,0.3973143495792897
2018-04-01 15:51:00,0.3108742185443134
2018-04-01 15:54:00,0.39633388447191464
2018-04-01 15:57:00,0.43457945993640124
2018-04-01 16:00:00,0.4377610551634348
2018-04-01 16:03:00,0.5168627998539819
2018-04-01 16:06:00,0.5025737116906157
2018-04-01 16:09:00,0.6424591134480124
2018-04-01 16:12:00,0.6375324798067936
2018-04-01 16:15:00,0.4613516910904991
2018-04-01 16:18:00,0.6482155307826929
2018-04-01 16:21:00,0.4894906840196427
2018-04-01 16:24:00,0.44418948984633744
2018-04-01 16:27:00,0.3689933288249563
2018-04-01 16:30:00,0.32193003477163984
2018-04-01 16:33:00,0.6199182454927836
2018-04-01 16:36:00,0.47179550070387677
2018-04-01 16:39:00,0.5212208298750056
2018-04-01 16:42:00,0.49440426909939106
2018-04-01 16:45:00,0.4068137794324116
2018-04-01 16:48:00,0.48444749288125877
2018-04-01 16:51:00,0.6403860379207913
2018-04-01 16:54:00,0.5550032372026408
2018-04-01 16:57:00,0.602448350725922
2018-04-01 17:00:00,0.5788301284177919
2018-04-01 17:03:00,0.6002167569991457
2018-04-01 17:06:00,0.579601885571094
2018-04-01 17:09:00,0.5116049872518147
2018-04-01 17:12:00,0.6546432451697228
2018-04-01 17:15:00,0.6071337954280693
2018-04-01 17:18:00,0.6390871838713679
2018-04-01 17:21:00,0.4721053911089257
2018-04-01 17:24:00,0.611339479132937
2018-04-01 17:27:00,0.42129555179258205
2018-04-01 17:30:00,0.4374218006989281
2018-04-01 17:33:00,0.5563939747271434
2018-04-01 17:36:00,0.4070885434858269
2018-04-01 17:39:00,0.47476372382635645
2018-04-01 17:42:00,0.5386491074820015
2018-04-01 17:45:00,0.5484714996549087
2018-04-01 17:48:00,0.3919196763438322
2018-04-01 17:51:00,0.4435072199693195
2018-04-01 17:54:00,0.5357533473926424
2018-04-01 17:57:00,0.4755848370257354
2018-04-01 18:00:00,0.5053307884160176
2018-04-01 18:03:00,0.43499715002934636
2018-04-01 18:06:00,0.5193518977280291
2018-04-01 18:09:00,0.5328925417089181
2018-04-01 18:12:00,0.5079938877817654
2018-04-01 18:15:00,0.4700286089226893
2018-04-01 18:18:00,0.5365190933329131
2018-04-01 18:21:00,0.5415772588862637
2018-04-01 18:24:00,0.41584748919854064
2018-04-01 18:27:00,0.4858975063222033
2018-04-01 18:30:00,0.3850829438290475
2018-04-01 18:33:00,0.4703587318897462
2018-04-01 18:36:00,0.4512875998897812
2018-04-01 18:39:00,0.4204000377034731
2018-04-01 18:42:00,0.5009726168181032
2018-04-01 18:45:00,0.37781642155653117
2018-04-01 18:48:00,0.4373343641635188
2018-04-01 18:51:00,0.5079113122633885
2018-04-01 18:54:00,0.41679880937340386
2018-04-01 18:57:00,
2018-04-01 19:00:00,
2018-04-01 19:03:00,0.5033412394766401
2018-04-01 19:06:00,0.3161946441765622
2018-04-01 19:09:00,0.5189296520420612
2018-04-01 19:12:00,0.5242447160064785
2018-04-01 19:15:00,0.5984034794400372
2018-04-01 19:18:00,0.5706124650337188
2018-04-01 19:21:00,0.41542355227431926
2018-04-01 19:24:00,0.46282905469928437
2018-04-01 19:27:00,0.5326782118532378
2018-04-01 19:30:00,0.49712643932599576
2018-04-01 19:33:00,0.44966544024896393
2018-04-01 19:36:00,0.441880181595252
2018-04-01 19:39:00,0.37233642739522566
2018-04-01 19:42:00,0.5158051114652267
2018-04-01 19:45:00,0.4875110123944637
2018-04-01 19:48:00,0.5262887707747836
2018-04-01 19:51:00,0.38510021272253425
2018-04-01 19:54:00,0.5041588808432493
2018-04-01 19:57:00,0.4816004518360728
2018-04-01 20:00:00,0.3931745898023564
2018-04-01 20:03:00,0.4208784173006279
2018-04-01 20:06:00,0.37953153830636666
2018-04-01 20:09:00,0.48285333367334715
2018-04-01 20:12:00,0.3637979656391508
2018-04-01 20:15:00,0.3168853183460669
2018-04-01 20:18:00,0.4574074892932458
2018-04-01 20:21:00,0.4239098677655875
2018-04-01 20:24:00,0.39650516073282915
2018-04-01 20:27:00,0.4183481179587716
2018-04-01 20:30:00,0.3871387035760563
2018-04-01 20:33:00,0.4724418422636063
2018-04-01 20:36:00,0.42902792758837904
2018-04-01 20:39:00,0.40403102912586064
2018-04-01 20:42:00,0.4079283767570132
2018-04-01 20:45:00,0.48843599079083333
2018-04-01 20:48:00,0.36047307399491046
2018-04-01 20:51:00,0.4664369662958734
2018-04-01 20:54:00,0.4222593984042078
2018-04-01 20:57:00,0.37296223619847524
2018-04-01 21:00:00,0.3134292253761828
2018-04-01 21:03:00,0.35490353026278854
2018-04-01 21:06:00,0.4087786017842632
2018-04-01 21:09:00,0.3583942945571721
2018-04-01 21:12:00,0.3900123520621719
2018-04-01 21:15:00,0.49216701830721377
2018-04-01 21:18:00,0.48283041210083866
2018-04-01 21:21:00,0.4360248461114793
2018-04-01 21:24:00,0.5325266761787475
2018-04-01 21:27:00,0.48901148351069423
2018-04-01 21:30:00,0.4293835427637873
2018-04-01 21:33:00,0.560652097658874
2018-04-01 21:36:00,0.47500117718925594
2018-04-01 21:39:00,0.41968953520063224
2018-04-01 21:42:00,0.5404269255715235
2018-04-01 21:45:00,0.49670647776673604
2018-04-01 21:48:00,0.4919846086779671
2018-04-01 21:51:00,0.48047562005046984
2018-04-01 21:54:00,0.3919154462100778
2018-04-01 21:57:00,0.41869270141052084
2018-04-01 22:00:00,0.6004698334993464
2018-04-01 22:03:00,0.46604820784938283
2018-04-01 22:06:00,0.5154964991587576
2018-04-01 22:09:00,0.40635267608939785
2018-04-01 22:12:00,0.35101457052519436
2018-04-01 22:15:00,0.4961675272909929
2018-04-01 22:18:00,0.4292398239944646
2018-04-01 22:21:00,0.5681709074634114
2018-04-01 22:24:00,0.4550680831071645
2018-04-01 22:27:00,0.5048643169698153
2018-04-01 22:30:00,0.5334934013090447
2018-04-01 22:33:00,0.5197379329281375
2018-04-01 22:36:00,0.5419178507798961
2018-04-01 22:39:00,0.6087443322619492
2018-04-01 22:42:00,0.5691951322733075
2018-04-01 22:45:00,0.6356062031916281
2018-04-01 22:48:00,0.4964150972864445
2018-04-01 22:51:00,0.4570384679785775
2018-04-01 22:54:00,0.5232155594907226
2018-04-01 22:57:00,0.5923972763880556
2018-04-01 23:00:00,0.5116771611876061
2018-04-01 23:03:00,0.48364926558247134
2018-04-01 23:06:00,0.5492014825237561
2018-04-01 23:09:00,0.41368828661870793
2018-04-01 23:12:00,0.4642579127427098
2018-04-01 23:15:00,0.5111098395368572
2018-04-01 23:18:00,0.4163034837578721
2018-04-01 23:21:00,0.4147504631557126
2018-04-01 23:24:00,0.4808220279705324
2018-04-01 23:27:00,0.36345789676789764
2018-04-01 23:30:00,0.46982056341772704
2018-04-01 23:33:00,0.35153843481140257
2018-04-01 23:36:00,0.6218127500371224
2018-04-01 23:39:00,0.5370642008065829
2018-04-01 23:42:00,0.539457604698157
2018-04-01 23:45:00,0.44013404962208824
2018-04-01 23:48:00,0.4692548523100868
2018-04-01 23:51:00,0.5392386914314216
2018-04-01 23:54:00,0.4411102377210341
2018-04-01 23:57:00,0.41677316341417736
2018-04-02 00:00:00,0.5514427914065436
2018-04-02 00:03:00,0.47551779595863763
2018-04-02 00:06:00,0.5217762756711863
2018-04-02 00:09:00,0.46181263960374963
2018-04-02 00:12:00,0.5996146452125117
2018-04-02 00:15:00,0.41763998338649344
2018-04-02 00:18:00,0.47820898957019153
2018-04-02 00:21:00,0.5280949123645655
2018-04-02 00:24:00,0.5307991159369863
2018-04-02 00:27:00,0.4917838951286626
2018-04-02 00:30:00,0.5285737910863872
2018-04-02 00:33:00,0.4940825428065523
2018-04-02 00:36:00,0.4033292034959004
2018-04-02 00:39:00,0.46867459035416914
2018-04-02 00:42:00,0.47815690896254637
2018-04-02 00:45:00,0.44088203954305527
2018-04-02 00:48:00,0.5566491482924789
2018-04-02 00:51:00,0.5556892234784527
2018-04-02 00:54:00,0.44953635124068114
2018-04-02 00:57:00,0.4484879862630464
2018-04-02 01:00:00,0.5433950109979833
2018-04-02 01:03:00,0.5470506970576139
2018-04-02 01:06:00,0.4254269715004284
2018-04-02 01:09:00,0.5054119425245744
2018-04-02 01:12:00,0.5292243735399893
2018-04-02 01:15:00,0.5135646290913769
2018-04-02 01:18:00,0.466288573167958
2018-04-02 01:21:00,0.4555953678307674
2018-04-02 01:24:00,0.4061951367872325
2018-04-02 01:27:00,0.41208374581844964
2018-04-02 01:30:00,0.4784561839093726
2018-04-02 01:33:00,0.45088665206446876
2018-04-02 01:36:00,0.48365115103518974
2018-04-02 01:39:00,0.5226050599210339
2018-04-02 01:42:00,0.4207392650241104
2018-04-02 01:45:00,0.4041485920528771
2018-04-02 01:48:00,0.51563777207366
2018-04-02 01:51:00,0.4840862447405243
2018-04-02 01:54:00,0.5311287239396734
2018-04-02 01:57:00,0.6685074316571331
2018-04-02 02:00:00,0.5326180572192811
2018-04-02 02:03:00,0.537750004788677
2018-04-02 02:06:00,0.5271682438354333
2018-04-02 02:09:00,0.4706413794743298
2018-04-02 02:12:00,0.5029957733200376
2018-04-02 02:15:00,0.511040430116168
2018-04-02 02:18:00,0.5302433695460422
2018-04-02 02:21:00,0.5751810054680391
2018-04-02 02:24:00,0.5362857883293373
2018-04-02 02:27:00,0.5851038708419196
2018-04-02 02:30:00,0.5902136016537156
2018-04-02 02:33:00,0.470677773837167
2018-04-02 02:36:00,0.6572818900510811
2018-04-02 02:39:00,0.49511171393533004
2018-04-02 02:42:00,0.5596249684459167
2018-04-02 02:45:00,0.6223801008359828
2018-04-02 02:48:00,0.6042352107531883
2018-04-02 02:51:00,0.5645463915432174
2018-04-02 02:54:00,0.5596175461419648
2018-04-02 02:57:00,0.5631971973409691
2018-04-02 03:00:00,0.46337352613903704
2018-04-02 03:03:00,0.5698541755218685
2018-04-02 03:06:00,0.5599580121815393
2018-04-02 03:09:00,0.5803316838081969
2018-04-02 03:12:00,0.5352779548637727
2018-04-02 03:15:00,0.6044412122980134
2018-04-02 03:18:00,0.5970304453839503
2018-04-02 03:21:00,0.6159085402514393
2018-04-02 03:24:00,0.5183906344204843
2018-04-02 03:27:00,0.5845586784183752
2018-04-02 03:30:00,0.5257557778439832
2018-04-02 03:33:00,0.5667203862172983
2018-04-02 03:36:00,0.5714037655586708
2018-04-02 03:39:00,0.526305990781907
2018-04-02 03:42:00,0.49711443306051706
2018-04-02 03:45:00,0.5057274505734881
2018-04-02 03:48:00,0.5293497812564283
2018-04-02 03:51:00,0.5060878067554881
2018-04-02 03:54:00,0.474387377169478
2018-04-02 03:57:00,0.44131065868407404
2018-04-02 04:00:00,0.6349466545655673
2018-04-02 04:03:00,0.5456312237755014
2018-04-02 04:06:00,0.6422897184296517
2018-04-02 04:09:00,0.5243637068343219
2018-04-02 04:12:00,0.5617448862910237
2018-04-02 04:15:00,0.5487680925850213
2018-04-02 04:18:00,0.6544763053538531
2018-04-02 04:21:00,0.6605523571083154
2018-04-02 04:24:00,0.5846340851785499
2018-04-02 04:27:00,0.613462489890253
2018-04-02 04:30:00,0.6218851499988318
2018-04-02 04:33:00,0.5646892585539831
2018-04-02 04:36:00,0.4806776916811373
2018-04-02 04:39:00,0.5800255065789202
2018-04-02 04:42:00,0.5277801782949609
2018-04-02 04:45:00,0.4871445593333874
2018-04-02 04:48:00,0.44619321654374744
2018-04-02 04:51:00,0.533582017267463
2018-04-02 04:54:00,0.5820150994063624
2018-04-02 04:57:00,0.5854959113132168
2018-04-02 05:00:00,0.4858836123488004
2018-04-02 05:03:00,0.5931168397885926
2018-04-02 05:06:00,0.6042837625962534
2018-04-02 05:09:00,0.5637486352301266
2018-04-02 05:12:00,0.5789036390347064
2018-04-02 05:15:00,0.6603672969955028
2018-04-02 05:18:00,0.4957683764831131
2018-04-02 05:21:00,0.5626139506325671
2018-04-02 05:24:00,0.4912619285991582
2018-04-02 05:27:00,0.42190765987209033
2018-04-02 05:30:00,0.5440766252314688
2018-04-02 05:33:00,0.4952480019448444
2018-04-02 05:36:00,0.3935508169024047
2018-04-02 05:39:00,0.5287686737440254
2018-04-02 05:42:00,0.44368794106458154
2018-04-02 05:45:00,0.4307462614327733
2018-04-02 05:48:00,0.5620674815127131
2018-04-02 05:51:00,0.5198204475371995
2018-04-02 05:54:00,0.4857699245749245
2018-04-02 05:57:00,0.5793165941796588
2018-04-02 06:00:00,0.41799275865884056
2018-04-02 06:03:00,0.5551778925092208
2018-04-02 06:06:00,0.464938830597589
2018-04-02 06:09:00,0.5120535125120114
2018-04-02 06:12:00,0.45369936535325905
2018-04-02 06:15:00,0.5468117765511806
2018-04-02 06:18:00,0.5176501015998838
2018-04-02 06:21:00,0.5772399684865377
2018-04-02 06:24:00,0.5053533219145265
2018-04-02 06:27:00,0.4135551412434211
2018-04-02 06:30:00,0.47592340648037634
2018-04-02 06:33:00,0.5276564152053993
2018-04-02 06:36:00,0.5567306381893786
2018-04-02 06:39:00,0.5112747483553335
2018-04-02 06:42:00,0.4790549174218768
2018-04-02 06:45:00,0.48609763357495694
2018-04-02 06:48:00,0.504705322863515
2018-04-02 06:51:00,0.44674027550649953
2018-04-02 06:54:00,0.43729699161883673
2018-04-02 06:57:00,0.5638495593348125
2018-04-02 07:00:00,0.4992488021991335
2018-04-02 07:03:00,0.5070115273998681
2018-04-02 07:06:00,0.5020818372522058
2018-04-02 07:09:00,0.4111355871290243
2018-04-02 07:12:00,0.4591246909625397
2018-04-02 07:15:00,0.39977395819255435
2018-04-02 07:18:00,0.4634686182739074
2018-04-02 07:21:00,0.5272576491501013
2018-04-02 07:24:00,0.4655980892640059
2018-04-02 07:27:00,0.3769741183816109
2018-04-02 07:30:00,0.3896104988752427
2018-04-02 07:33:00,0.3758019833036883
2018-04-02 07:36:00,0.3952926792882181
2018-04-02 07:39:00,0.4269733683071877
2018-04-02 07:42:00,0.43449808042288396
2018-04-02 07:45:00,0.5699755969647526
2018-04-02 07:48:00,0.44703690948199437
2018-04-02 07:51:00,0.5183300722044919
2018-04-02 07:54:00,0.4154422505503135
2018-04-02 07:57:00,0.4734142273570683
2018-04-02 08:00:00,0.4932533981614142
2018-04-02 08:03:00,0.41742961836007453
2018-04-02 08:06:00,0.492584110194457
2018-04-02 08:09:00,0.4489254417241568
2018-04-02 08:12:00,0.4649834856704729
2018-04-02 08:15:00,0.5023984215347923
2018-04-02 08:18:00,0.4145980614661653
2018-04-02 08:21:00,0.3101494546138497
2018-04-02 08:24:00,0.3966373272023134
2018-04-02 08:27:00,0.44038093501421827
2018-04-02 08:30:00,0.4289697025402006
2018-04-02 08:33:00,0.4485966609556158
2018-04-02 08:36:00,0.32232950232599933
2018-04-02 08:39:00,0.38708119116495254
2018-04-02 08:42:00,0.33814228626079057
2018-04-02 08:45:00,0.3689544839268706
2018-04-02 08:48:00,0.4037705536713361
2018-04-02 08:51:00,0.38414061228058927
2018-04-02 08:54:00,0.2953537073225334
2018-04-02 08:57:00,0.46432695547474623
2018-04-02 09:00:00,0.4334817349845821
2018-04-02 09:03:00,0.2837020203791667
2018-04-02 09:06:00,0.3572364252989928
2018-04-02 09:09:00,0.3228317261875304
2018-04-02 09:12:00,0.3468420034184305
2018-04-02 09:15:00,0.4383518551666725
2018-04-02 09:18:00,0.40109033466131905
2018-04-02 09:21:00,0.3108624318127795
2018-04-02 09:24:00,0.38391131893013153
2018-04-02 09:27:00,0.4282824160129053
2018-04-02 09:30:00,0.3887364221247367
2018-04-02 09:33:00,0.2957599109906255
2018-04-02 09:36:00,0.2726504591923913
2018-04-02 09:39:00,0.339387847158207
2018-04-02 09:42:00,0.3497410318386187
2018-04-02 09:45:00,0.24409382469275442
2018-04-02 09:48:00,0.21674207681644475
2018-04-02 09:51:00,0.2848442534540254
2018-04-02 09:54:00,0.29766813848902984
2018-04-02 09:57:00,0.35719885597836765
2018-04-02 10:00:00,0.2655572040144989
2018-04-02 10:03:00,0.3000829153638733
2018-04-02 10:06:00,0.2558317869529674
2018-04-02 10:09:00,0.3532996236725694
2018-04-02 10:12:00,0.29042409996151264
2018-04-02 10:15:00,0.4258813097630423
2018-04-02 10:18:00,0.3945947379058907
2018-04-02 10:21:00,0.19632337091780983
2018-04-02 10:24:00,0.1866361908294607
2018-04-02 10:27:00,0.35044082705741175
2018-04-02 10:30:00,0.2833476043146561
2018-04-02 10:33:00,0.21815732896942563
2018-04-02 10:36:00,0.21969739017629308
2018-04-02 10:39:00,0.26892136414295464
2018-04-02 10:42:00,0.37412875737771856
2018-04-02 10:45:00,0.23875890027358082
2018-04-02 10:48:00,0.32140607457023407
2018-04-02 10:51:00,0.22310574291236662
2018-04-02 10:54:00,0.27179018989590986
2018-04-02 10:57:00,0.36550582742580673
2018-04-02 11:00:00,0.39923003619941255
2018-04-02 11:03:00,0.3279909177348941
2018-04-02 11:06:00,0.24138546655791515
2018-04-02 11:09:00,0.3529241560298715
2018-04-02 11:12:00,0.4032458150189768
2018-04-02 11:15:00,0.2979228326313432
2018-04-02 11:18:00,0.299953636778298
2018-04-02 11:21:00,0.4334666068945694
2018-04-02 11:24:00,0.3469659798944349
2018-04-02 11:27:00,0.21699228062493603
2018-04-02 11:30:00,0.26214588512277714
2018-04-02 11:33:00,0.28019922703748534
2018-04-02 11:36:00,0.15230228776425747
2018-04-02 11:39:00,0.199094768372845
2018-04-02 11:42:00,0.18221038551041602
2018-04-02 11:45:00,0.18451670917261254
2018-04-02 11:48:00,0.22609360878510643
2018-04-02 11:51:00,0.1996285102075035
2018-04-02 11:54:00,0.15098662124307793
2018-04-02 11:57:00,0.10998280241238945
2018-04-02 12:00:00,0.1502281812892079
2018-04-02 12:03:00,0.17534757129590162
2018-04-02 12:06:00,0.1094969283356022
2018-04-02 12:09:00,0.08065138375383185
2018-04-02 12:12:00,0.12397911390894478
2018-04-02 12:15:00,0.02410998591989255
2018-04-02 12:18:00,0.07221616448345003
2018-04-02 12:21:00,-0.030227034633355743
2018-04-02 12:24:00,0.08255421256052387
2018-04-02 12:27:00,-0.037984351109741965
2018-04-02 12:30:00,0.15330469151336956
2018-04-02 12:33:00,0.10184783806192854
2018-04-02 12:36:00,0.00307303267112502
2018-04-02 12:39:00,0.026449836611277533
2018-04-02 12:42:00,0.10597882883945431
2018-04-02 12:45:00,-0.06469382767204479
2018-04-02 12:48:00,0.037378036557811356
2018-04-02 12:51:00,-0.021504726503962956
2018-04-02 12:54:00,0.08142597369652549
2018-04-02 12:57:00,0.08080778963233115
2018-04-02 13:00:00,-0.009198267141584893
2018-04-02 13:03:00,0.1262006127228119
2018-04-02 13:06:00,0.031166756465040635
2018-04-02 13:09:00,0.03282696851971423
2018-04-02 13:12:00,-0.04703857052828653
2018-04-02 13:15:00,-0.0312696221478177
2018-04-02 13:18:00,-0.032498127649205344
2018-04-02 13:21:00,-0.009364497532658334
2018-04-02 13:24:00,-0.0779704863609254
2018-04-02 13:27:00,-0.11300513966295966
2018-04-02 13:30:00,0.04499368729159414
2018-04-02 13:33:00,0.03828330891792575
2018-04-02 13:36:00,-0.041723741157909444
2018-04-02 13:39:00,0.0015910487836094944
2018-04-02 13:42:00,0.011559163210961287
2018-04-02 13:45:00,-0.06500219399157459
2018-04-02 13:48:00,-0.008568453342434168
2018-04-02 13:51:00,-0.05176167143042676
2018-04-02 13:54:00,0.04154226532688199
2018-04-02 13:57:00,-0.02937227399678477
2018-04-02 14:00:00,-0.1252764880448467
2018-04-02 14:03:00,-0.079008654475615
2018-04-02 14:06:00,-0.10586446545823947
2018-04-02 14:09:00,-0.0546909130827089
2018-04-02 14:12:00,-0.12180665844681471
2018-04-02 14:15:00,-0.0945339465117172
2018-04-02 14:18:00,-0.007894646115971682
2018-04-02 14:21:00,-0.004034744595685424
2018-04-02 14:24:00,0.022369818602101077
2018-04-02 14:27:00,-0.031748817921140926
2018-04-02 14:30:00,0.10464210206021107
2018-04-02 14:33:00,0.00856918826752917
2018-04-02 14:36:00,0.005938287034211953
2018-04-02 14:39:00,0.1615413875156264
2018-04-02 14:42:00,0.24077193360864158
2018-04-02 14:45:00,0.10898392217541186
2018-04-02 14:48:00,0.2660142877144267
2018-04-02 14:51:00,0.07712451624962569
2018-04-02 14:54:00,0.07160069683743586
2018-04-02 14:57:00,0.07203477509500544
2018-04-02 15:00:00,0.12850552453159025
2018-04-02 15:03:00,-0.004336391362187442
2018-04-02 15:06:00,-0.11181650799983345
2018-04-02 15:09:00,-0.036584754560692545
2018-04-02 15:12:00,0.047144241137687004
2018-04-02 15:15:00,0.053517188734247156
2018-04-02 15:18:00,0.1370627068906174
2018-04-02 15:21:00,0.08381431014475993
2018-04-02 15:24:00,0.24481261042268443
2018-04-02 15:27:00,0.17952112243125384
2018-04-02 15:30:00,0.24581332846878468
2018-04-02 15:33:00,0.2039181949597264
2018-04-02 15:36:00,0.2460222224573272
2018-04-02 15:39:00,0.3359684653608497
2018-04-02 15:42:00,0.4428004615612622
2018-04-02 15:45:00,0.38806282835975026
2018-04-02 15:48:00,0.4668356545122947
2018-04-02 15:51:00,0.5666435402965817
2018-04-02 15:54:00,0.7003337126446922
2018-04-02 15:57:00,0.7801788966954746
2018-04-02 16:00:00,0.8127215476525862
2018-04-02 16:03:00,0.8597015786399993
2018-04-02 16:06:00,0.9169465584922705
2018-04-02 16:09:00,0.7794262851544431
2018-04-02 16:12:00,0.8760740871075541
2018-04-02 16:15:00,0.8206746213343763
2018-04-02 16:18:00,0.8198443195739742
2018-04-02 16:21:00,0.6344816144840024
2018-04-02 16:24:00,0.4656248714549065
2018-04-02 16:27:00,0.3925953152216266
2018-04-02 16:30:00,0.3730554158286168
2018-04-02 16:33:00,0.4938046629816881
2018-04-02 16:36:00,0.4797440857414017
2018-04-02 16:39:00,0.48896635852150894
2018-04-02 16:42:00,0.565854283721535
2018-04-02 16:45:00,0.4299446529417992
2018-04-02 16:48:00,0.4655794155970625
2018-04-02 16:51:00,0.43383060221208325
2018-04-02 16:54:00,0.5788174980932013
2018-04-02 16:57:00,0.46177246015321316
2018-04-02 17:00:00,0.5347441830734283
2018-04-02 17:03:00,0.5498857433851754
2018-04-02 17:06:00,0.47800981032895606
2018-04-02 17:09:00,0.5681385407907555
2018-04-02 17:12:00,0.5730521515035889
2018-04-02 17:15:00,0.5358122970565091
2018-04-02 17:18:00,0.6023828886239357
2018-04-02 17:21:00,0.5624176261019329
2018-04-02 17:24:00,0.46663631200965483
2018-04-02 17:27:00,0.5722058250960345
2018-04-02 17:30:00,0.5861143770597437
2018-04-02 17:33:00,0.6543119578135475
2018-04-02 17:36:00,0.6179143053652751
2018-04-02 17:39:00,0.6818032765756357
2018-04-02 17:42:00,0.655000244292637
2018-04-02 17:45:00,0.5687367525256946
2018-04-02 17:48:00,0.5832209529465899
2018-04-02 17:51:00,0.5691431952706694
2018-04-02 17:54:00,0.5477530412806004
2018-04-02 17:57:00,0.6943216048584304
2018-04-02 18:00:00,0.5546597276069178
2018-04-02 18:03:00,0.7247894595042794
2018-04-02 18:06:00,0.7599595503649539
2018-04-02 18:09:00,0.7512746815571063
2018-04-02 18:12:00,0.6819391366403806
2018-04-02 18:15:00,0.6257911557229932
2018-04-02 18:18:00,0.6145203361959375
2018-04-02 18:21:00,0.7039718532266193
2018-04-02 18:24:00,0.5812210007161411
2018-04-02 18:27:00,0.7205229995935838
2018-04-02 18:30:00,0.6762495172854983
2018-04-02 18:33:00,0.641905657237146
2018-04-02 18:36:00,0.6256844021511938
2018-04-02 18:39:00,0.6685573203636181
2018-04-02 18:42:00,0.7532068783118575
2018-04-02 18:45:00,0.6919427057462713
2018-04-02 18:48:00,0.648138592068392
2018-04-02 18:51:00,0.6725198132249943
2018-04-02 18:54:00,
2018-04-02 18:57:00,
2018-04-02 19:00:00,
2018-04-02 19:03:00,0.6076628325261026
2018-04-02 19:06:00,0.5995553229460029
2018-04-02 19:09:00,0.556604041012406
2018-04-02 19:12:00,0.6709258140177781
2018-04-02 19:15:00,0.639221117450802
2018-04-02 19:18:00,0.6505493650271319
2018-04-02 19:21:00,0.591804269221825
2018-04-02 19:24:00,0.6131021732505246
2018-04-02 19:27:00,0.6465618989478799
2018-04-02 19:30:00,0.5546916127506734
2018-04-02 19:33:00,0.6329165984612928
2018-04-02 19:36:00,0.6224056165378897
2018-04-02 19:39:00,0.6242348720410291
2018-04-02 19:42:00,0.6861967498066974
2018-04-02 19:45:00,0.6713876537942838
2018-04-02 19:48:00,0.6730032448841143
2018-04-02 19:51:00,0.6340082891709926
2018-04-02 19:54:00,0.5899797280652024
2018-04-02 19:57:00,0.6683808221546315
2018-04-02 20:00:00,0.6231713097421903
2018-04-02 20:03:00,0.654883543621338
2018-04-02 20:06:00,0.6835977032782807
2018-04-02 20:09:00,0.7474016925334013
2018-04-02 20:12:00,0.6720045009935234
2018-04-02 20:15:00,0.652885962260882
2018-04-02 20:18:00,0.6799429352163315
2018-04-02 20:21:00,0.6856590831512221
2018-04-02 20:24:00,0.7294170560047064
2018-04-02 20:27:00,0.661311117906564
2018-04-02 20:30:00,0.6329598818870181
2018-04-02 20:33:00,0.6472285108562801
2018-04-02 20:36:00,0.62309464789098
2018-04-02 20:39:00,0.6602501792367548
2018-04-02 20:42:00,0.5937029967276999
2018-04-02 20:45:00,0.6590102615045907
2018-04-02 20:48:00,0.6414285347958071
2018-04-02 20:51:00,0.6681762971753642
2018-04-02 20:54:00,0.6690324376290846
2018-04-02 20:57:00,0.6521450687922652
2018-04-02 21:00:00,0.6532463206976331
2018-04-02 21:03:00,0.6202977355877692
2018-04-02 21:06:00,0.6648911923278433
2018-04-02 21:09:00,0.6852154714541143
2018-04-02 21:12:00,0.7449512306154134
2018-04-02 21:15:00,0.6431952035820814
2018-04-02 21:18:00,0.6149831457944401
2018-04-02 21:21:00,0.6850304917729204
2018-04-02 21:24:00,0.6951571145689286
2018-04-02 21:27:00,0.6713574748818019
2018-04-02 21:30:00,0.5412839036616788
2018-04-02 21:33:00,0.6131476645727503
2018-04-02 21:36:00,0.6313198149912864
2018-04-02 21:39:00,0.5924991637320431
2018-04-02 21:42:00,0.5607845321837317
2018-04-02 21:45:00,0.5690918348709033
2018-04-02 21:48:00,0.5902979370933963
2018-04-02 21:51:00,0.6855010637331134
2018-04-02 21:54:00,0.6172366690113904
2018-04-02 21:57:00,0.5096356946070273
2018-04-02 22:00:00,0.5724917258528421
2018-04-02 22:03:00,0.5290655493069494
2018-04-02 22:06:00,0.547466908285628
2018-04-02 22:09:00,0.5579587396496777
2018-04-02 22:12:00,0.471673490311332
2018-04-02 22:15:00,0.635009365686301
2018-04-02 22:18:00,0.6271823773221286
2018-04-02 22:21:00,0.5770493225140285
2018-04-02 22:24:00,0.5852655814140348
2018-04-02 22:27:00,0.5951808381224168
2018-04-02 22:30:00,0.6305867362756885
2018-04-02 22:33:00,0.602967710280268
2018-04-02 22:36:00,0.6063356794842889
2018-04-02 22:39:00,0.5992648438018477
2018-04-02 22:42:00,0.5909639713248112
2018-04-02 22:45:00,0.6144867784132089
2018-04-02 22:48:00,0.6354637684300997
2018-04-02 22:51:00,0.6508103284754156
2018-04-02 22:54:00,0.6236877906142695
2018-04-02 22:57:00,0.45472407325797803
2018-04-02 23:00:00,0.581077220104703
2018-04-02 23:03:00,0.5108741406514241
2018-04-02 23:06:00,0.643116849010994
2018-04-02 23:09:00,0.5876259995885107
2018-04-02 23:12:00,0.5351143845550723
2018-04-02 23:15:00,0.6026254050973421
2018-04-02 23:18:00,0.6138547686708193
2018-04-02 23:21:00,0.5604808284772389
2018-04-02 23:24:00,0.5741542036957981
2018-04-02 23:27:00,0.5523285724675588
2018-04-02 23:30:00,0.6132581530969219
2018-04-02 23:33:00,0.6742241608538961
2018-04-02 23:36:00,0.6239296574627815
2018-04-02 23:39:00,0.7297902463479318
2018-04-02 23:42:00,0.5710890672426672
2018-04-02 23:45:00,0.6405645304154177
2018-04-02 23:48:00,0.5858368206961586
2018-04-02 23:51:00,0.5893322664944662
2018-04-02 23:54:00,0.5474633054408855
2018-04-02 23:57:00,0.6203670796367646
2018-04-03 00:00:00,0.5687904953778684
2018-04-03 00:03:00,0.6520790865360482
2018-04-03 00:06:00,0.6666968759394649
2018-04-03 00:09:00,0.6273734441790566
2018-04-03 00:12:00,0.6447370840741655
2018-04-03 00:15:00,0.6823015376168087
2018-04-03 00:18:00,0.6117700176849894
2018-04-03 00:21:00,0.7130684635267244
2018-04-03 00:24:00,0.6863774701816396
2018-04-03 00:27:00,0.6016733261879494
2018-04-03 00:30:00,0.6726286246219502
2018-04-03 00:33:00,0.528399014011768
2018-04-03 00:36:00,0.5375502695459886
2018-04-03 00:39:00,0.622571623290014
2018-04-03 00:42:00,0.5698144657607145
2018-04-03 00:45:00,0.6312094251591702
2018-04-03 00:48:00,0.6171089803860923
2018-04-03 00:51:00,0.5901624323663555
2018-04-03 00:54:00,0.5922222522148672
2018-04-03 00:57:00,0.5507459922420708
2018-04-03 01:00:00,0.5988060377951001
2018-04-03 01:03:00,0.6208126411847275
2018-04-03 01:06:00,0.6725935812523858
2018-04-03 01:09:00,0.5811339594292804
2018-04-03 01:12:00,0.5771881230178906
2018-04-03 01:15:00,0.5969451586856849
2018-04-03 01:18:00,0.45964626886780025
2018-04-03 01:21:00,0.6202308897816806
2018-04-03 01:24:00,0.6013916571163804
2018-04-03 01:27:00,0.7154165821544893
2018-04-03 01:30:00,0.6051855355963198
2018-04-03 01:33:00,0.5576448772516756
2018-04-03 01:36:00,0.6468871967591667
2018-04-03 01:39:00,0.6675597673896618
2018-04-03 01:42:00,0.5973380153344579
2018-04-03 01:45:00,0.6510607738119347
2018-04-03 01:48:00,0.601816124745369
2018-04-03 01:51:00,0.5894324409225078
2018-04-03 01:54:00,0.5946757198548198
2018-04-03 01:57:00,0.6196098651425359
2018-04-03 02:00:00,0.6397529378668878
2018-04-03 02:03:00,0.6166382325417317
2018-04-03 02:06:00,0.5396089321093314
2018-04-03 02:09:00,0.5265950034493585
2018-04-03 02:12:00,0.5261363352211674
2018-04-03 02:15:00,0.6739483085196412
2018-04-03 02:18:00,0.6373956800606493
2018-04-03 02:21:00,0.6020428797639852
2018-04-03 02:24:00,0.6345570914469363
2018-04-03 02:27:00,0.5606402736727887
2018-04-03 02:30:00,0.533336914535198
2018-04-03 02:33:00,0.5621987407840834
2018-04-03 02:36:00,0.6047744282894882
2018-04-03 02:39:00,0.6938020127136042
2018-04-03 02:42:00,0.7118349358920568
2018-04-03 02:45:00,0.6352407905381483
2018-04-03 02:48:00,0.6073873669030263
2018-04-03 02:51:00,0.6321900373906715
2018-04-03 02:54:00,0.7258022090935583
2018-04-03 02:57:00,0.6060702639510396
2018-04-03 03:00:00,0.6289984810590568
2018-04-03 03:03:00,0.7047259844982818
2018-04-03 03:06:00,0.6465555169280606
2018-04-03 03:09:00,0.6951958898162616
2018-04-03 03:12:00,0.5910109064811309
2018-04-03 03:15:00,0.5265490275403977
2018-04-03 03:18:00,0.6465387567180301
2018-04-03 03:21:00,0.6442657479726108
2018-04-03 03:24:00,0.600274897707493
2018-04-03 03:27:00,0.5063390264327836
2018-04-03 03:30:00,0.5127133537517352
2018-04-03 03:33:00,0.5896155641239034
2018-04-03 03:36:00,0.5651801056328054
2018-04-03 03:39:00,0.5919725369078037
2018-04-03 03:42:00,0.6041653142042946
2018-04-03 03:45:00,0.5706667753034367
2018-04-03 03:48:00,0.6072576072155016
2018-04-03 03:51:00,0.6032161918610655
2018-04-03 03:54:00,0.6138371501809274
2018-04-03 03:57:00,0.6071182601579608
2018-04-03 04:00:00,0.6138066860709159
2018-04-03 04:03:00,0.5852901709935736
2018-04-03 04:06:00,0.6114063806491004
2018-04-03 04:09:00,0.5384415042014439
2018-04-03 04:12:00,0.563892081629831
2018-04-03 04:15:00,0.6316137375174549
2018-04-03 04:18:00,0.5811425706316982
2018-04-03 04:21:00,0.6469663659372031
2018-04-03 04:24:00,0.5915793593911758
2018-04-03 04:27:00,0.6417092333813343
2018-04-03 04:30:00,0.5788735067721404
2018-04-03 04:33:00,0.5904195861478456
2018-04-03 04:36:00,0.566846081844119
2018-04-03 04:39:00,0.5686448765364958
2018-04-03 04:42:00,0.5856718355341854
2018-04-03 04:45:00,0.6704638380184065
2018-04-03 04:48:00,0.740552590930804
2018-04-03 04:51:00,0.6688795974904451
2018-04-03 04:54:00,0.7121674635365594
2018-04-03 04:57:00,0.6590939476974995
2018-04-03 05:00:00,0.6715469933081977
2018-04-03 05:03:00,0.6536399679098395
2018-04-03 05:06:00,0.7824807025331211
2018-04-03 05:09:00,0.6252217288730435
2018-04-03 05:12:00,0.6727012126112868
2018-04-03 05:15:00,0.6688898444559754
2018-04-03 05:18:00,0.69300103220354
2018-04-03 05:21:00,0.6911788055658121
2018-04-03 05:24:00,0.6556246799693781
2018-04-03 05:27:00,0.7138412603151778
2018-04-03 05:30:00,0.5735230498457327
2018-04-03 05:33:00,0.6436304356913638
2018-04-03 05:36:00,0.614232000440893
2018-04-03 05:39:00,0.6389499493452604
2018-04-03 05:42:00,0.6262521720919949
2018-04-03 05:45:00,0.7110219764820158
2018-04-03 05:48:00,0.6957896709253077
2018-04-03 05:51:00,0.612088963074882
2018-04-03 05:54:00,0.7603449682455334
2018-04-03 05:57:00,0.6836378574574269
2018-04-03 06:00:00,0.6526502523182671
2018-04-03 06:03:00,0.6775099724107463
2018-04-03 06:06:00,0.6456185239071033
2018-04-03 06:09:00,0.5611120278124417
2018-04-03 06:12:00,0.6488726409178867
2018-04-03 06:15:00,0.6472873700151922
2018-04-03 06:18:00,0.5577704038643674
2018-04-03 06:21:00,0.7106676776618883
2018-04-03 06:24:00,0.5592236715186232
2018-04-03 06:27:00,0.7063589334253493
2018-04-03 06:30:00,0.6844737254925803
2018-04-03 06:33:00,0.6162448445386417
2018-04-03 06:36:00,0.6398587302753072
2018-04-03 06:39:00,0.6951957004701512
2018-04-03 06:42:00,0.6046460075746154
2018-04-03 06:45:00,0.7527307850929219
2018-04-03 06:48:00,0.6528375103300732
2018-04-03 06:51:00,0.6687910944708619
2018-04-03 06:54:00,0.6606076798015579
2018-04-03 06:57:00,0.6496401482625629
2018-04-03 07:00:00,0.5934867931314329
2018-04-03 07:03:00,0.7154903299235116
2018-04-03 07:06:00,0.6612039508059979
2018-04-03 07:09:00,0.7420528522952736
2018-04-03 07:12:00,0.7175972731417346
2018-04-03 07:15:00,0.7100256006701784
2018-04-03 07:18:00,0.7089709458681455
2018-04-03 07:21:00,0.6771271863184438
2018-04-03 07:24:00,0.6204429704950485
2018-04-03 07:27:00,0.6668439786975
2018-04-03 07:30:00,0.6894112341371965
2018-04-03 07:33:00,0.6376524991405859
2018-04-03 07:36:00,0.5386339486418592
2018-04-03 07:39:00,0.522407477215495
2018-04-03 07:42:00,0.6699228416828191
2018-04-03 07:45:00,0.5895814541717641
2018-04-03 07:48:00,0.5960103749073937
2018-04-03 07:51:00,0.5970433747867787
2018-04-03 07:54:00,0.584984360068006
2018-04-03 07:57:00,0.5277121934567504
2018-04-03 08:00:00,0.4974021140398577
2018-04-03 08:03:00,0.5395512135418699
2018-04-03 08:06:00,0.6159262766899474
2018-04-03 08:09:00,0.5131476964577928
2018-04-03 08:12:00,0.5702754329245181
2018-04-03 08:15:00,0.4796316543449848
2018-04-03 08:18:00,0.517888310250612
2018-04-03 08:21:00,0.4413368653172256
2018-04-03 08:24:00,0.4694660516333897
2018-04-03 08:27:00,0.4542446997473917
2018-04-03 08:30:00,0.4924938403769943
2018-04-03 08:33:00,0.3531465024628915
2018-04-03 08:36:00,0.39701085133020797
2018-04-03 08:39:00,0.37962845869913053
2018-04-03 08:42:00,0.41665234337523316
2018-04-03 08:45:00,0.4845345320576939
2018-04-03 08:48:00,0.3352533566228999
2018-04-03 08:51:00,0.421760788588756
2018-04-03 08:54:00,0.42515648028091846
2018-04-03 08:57:00,0.39385679871918455
2018-04-03 09:00:00,0.42266608687049256
2018-04-03 09:03:00,0.3254787985595158
2018-04-03 09:06:00,0.35501379675611133
2018-04-03 09:09:00,0.3880227663913729
2018-04-03 09:12:00,0.3433711030536415
2018-04-03 09:15:00,0.3522398135434628
2018-04-03 09:18:00,0.28575482960951604
2018-04-03 09:21:00,0.3531680275429494
2018-04-03 09:24:00,0.26870025333562353
2018-04-03 09:27:00,0.4528110833325627
2018-04-03 09:30:00,0.36945773933223336
2018-04-03 09:33:00,0.3782871331790716
2018-04-03 09:36:00,0.4017407954833061
2018-04-03 09:39:00,0.26883853690895876
2018-04-03 09:42:00,0.3843320569574189
2018-04-03 09:45:00,0.395574772580062
2018-04-03 09:48:00,0.3173109406079675
2018-04-03 09:51:00,0.2652396971745361
2018-04-03 09:54:00,0.2361001810553489
2018-04-03 09:57:00,0.35416617545956797
2018-04-03 10:00:00,0.34258256536321596
2018-04-03 10:03:00,0.2633641973437193
2018-04-03 10:06:00,0.39011729855798194
2018-04-03 10:09:00,0.29356498238485074
2018-04-03 10:12:00,0.3429527960487917
2018-04-03 10:15:00,0.38737999810581414
2018-04-03 10:18:00,0.42418915264465795
2018-04-03 10:21:00,0.3798062056574736
2018-04-03 10:24:00,0.48242007404741116
2018-04-03 10:27:00,0.40618101526274586
2018-04-03 10:30:00,0.4074987232762055
2018-04-03 10:33:00,0.36065588661261927
2018-04-03 10:36:00,0.3944189516311667
2018-04-03 10:39:00,0.38084740835597586
2018-04-03 10:42:00,0.3220754472151839
2018-04-03 10:45:00,0.22400140531249235
2018-04-03 10:48:00,0.18172548007140676
2018-04-03 10:51:00,0.12071234533237885
2018-04-03 10:54:00,0.21250548419590132
2018-04-03 10:57:00,0.2584185003748303
2018-04-03 11:00:00,0.1711671541336841
2018-04-03 11:03:00,0.24677442465753074
2018-04-03 11:06:00,0.11234338354972806
2018-04-03 11:09:00,0.13524103947383992
2018-04-03 11:12:00,0.09173959431865342
2018-04-03 11:15:00,0.1364876215283175
2018-04-03 11:18:00,0.057547390884053584
2018-04-03 11:21:00,0.15032192646935982
2018-04-03 11:24:00,0.10355564067418754
2018-04-03 11:27:00,0.18531204704612492
2018-04-03 11:30:00,0.11448800788258495
2018-04-03 11:33:00,0.1551811515986401
2018-04-03 11:36:00,0.07833375133020581
2018-04-03 11:39:00,0.025001944532050402
2018-04-03 11:42:00,-0.02681619187302431
2018-04-03 11:45:00,-0.005178326797022237
2018-04-03 11:48:00,-0.031526188515101694
2018-04-03 11:51:00,0.07670705134853506
2018-04-03 11:54:00,0.5524140618961724
2018-04-03 11:57:00,0.2342835782799284
2018-04-03 12:00:00,0.19582887420335737
2018-04-03 12:03:00,0.41852871828461957
2018-04-03 12:06:00,0.38438098498966156
2018-04-03 12:09:00,0.13106090016339067
2018-04-03 12:12:00,0.3153947538440889
2018-04-03 12:15:00,0.359534615103712
2018-04-03 12:18:00,0.563852094995525
2018-04-03 12:21:00,0.5523315977691254
2018-04-03 12:24:00,0.5110479869803726
2018-04-03 12:27:00,0.48674987516238843
2018-04-03 12:30:00,0.3949648737348639
2018-04-03 12:33:00,0.36121487852869905
2018-04-03 12:36:00,0.20684840942755045
2018-04-03 12:39:00,0.2545328353175478
2018-04-03 12:42:00,0.3293100663618702
2018-04-03 12:45:00,0.11538435004530356
2018-04-03 12:48:00,0.07486502894209934
2018-04-03 12:51:00,0.17048936127179104
2018-04-03 12:54:00,0.1272879922112793
2018-04-03 12:57:00,0.10776584628990804
2018-04-03 13:00:00,0.29839122469485346
2018-04-03 13:03:00,0.1252345665753296
2018-04-03 13:06:00,0.22729418431498516
2018-04-03 13:09:00,0.21716150546382096
2018-04-03 13:12:00,0.15983438805852757
2018-04-03 13:15:00,0.14282681450168866
2018-04-03 13:18:00,0.2557341496760728
2018-04-03 13:21:00,0.22296931342060589
2018-04-03 13:24:00,0.11469899305922127
2018-04-03 13:27:00,0.0947621367024567
2018-04-03 13:30:00,0.056678616075089394
2018-04-03 13:33:00,0.2376700976846564
2018-04-03 13:36:00,0.05962995642050828
2018-04-03 13:39:00,0.05142581756939535
2018-04-03 13:42:00,0.09541077411176957
2018-04-03 13:45:00,0.15174220686759554
2018-04-03 13:48:00,0.05557047926345149
2018-04-03 13:51:00,-0.0029760374121110544
2018-04-03 13:54:00,0.08354508516862325
2018-04-03 13:57:00,-0.025214985210766372
2018-04-03 14:00:00,-0.030140640429976884
2018-04-03 14:03:00,-0.140233241395606
2018-04-03 14:06:00,0.03483604223765724
2018-04-03 14:09:00,0.009274222683870903
2018-04-03 14:12:00,-0.1051997753011733
2018-04-03 14:15:00,-0.08697097807174714
2018-04-03 14:18:00,-0.0017611938206982813
2018-04-03 14:21:00,0.0071885848469150915
2018-04-03 14:24:00,0.0027671898044445697
2018-04-03 14:27:00,0.07510696490777491
2018-04-03 14:30:00,0.005483119094492395
2018-04-03 14:33:00,0.19296822897769061
2018-04-03 14:36:00,0.20865532734450198
2018-04-03 14:39:00,0.17645591005077677
2018-04-03 14:42:00,0.2233463650488261
2018-04-03 14:45:00,0.2874376900127231
2018-04-03 14:48:00,0.11947040196332637
2018-04-03 14:51:00,0.14347638329337542
2018-04-03 14:54:00,-0.0249980452622367
2018-04-03 14:57:00,0.06966285517415827
2018-04-03 15:00:00,0.07797726774259672
2018-04-03 15:03:00,0.12963241462563246
2018-04-03 15:06:00,0.12425792944634395
2018-04-03 15:09:00,0.03995711269470803
2018-04-03 15:12:00,-0.01797308727748259
2018-04-03 15:15:00,0.08262842567495454
2018-04-03 15:18:00,0.016922258843237614
2018-04-03 15:21:00,0.08341299457629248
2018-04-03 15:24:00,0.08587169388317761
2018-04-03 15:27:00,0.14419641754625445
2018-04-03 15:30:00,0.13203148469915504
2018-04-03 15:33:00,0.18841807904925645
2018-04-03 15:36:00,0.16548222572100713
2018-04-03 15:39:00,0.2515902237610703
2018-04-03 15:42:00,0.11843029287729223
2018-04-03 15:45:00,0.09699810940361431
2018-04-03 15:48:00,0.11730136583736339
2018-04-03 15:51:00,0.149619669431047
2018-04-03 15:54:00,0.23692265213276187
2018-04-03 15:57:00,0.11338917689187156
2018-04-03 16:00:00,0.15615013991151727
2018-04-03 16:03:00,0.1301431276818903
2018-04-03 16:06:00,0.09566810622544608
2018-04-03 16:09:00,0.10970036902642732
2018-04-03 16:12:00,0.20893192781937842
2018-04-03 16:15:00,0.18483840461669843
2018-04-03 16:18:00,0.17372828902858828
2018-04-03 16:21:00,0.18355198860029986
2018-04-03 16:24:00,0.2279034820133461
2018-04-03 16:27:00,0.1346457714907956
2018-04-03 16:30:00,0.17397773604960776
2018-04-03 16:33:00,0.08522149356178943
2018-04-03 16:36:00,0.140265072758325
2018-04-03 16:39:00,0.08437384144644966
2018-04-03 16:42:00,0.19286733271985668
2018-04-03 16:45:00,0.24333685186053344
2018-04-03 16:48:00,0.22429266880902787
2018-04-03 16:51:00,0.10993520744733587
2018-04-03 16:54:00,0.16576451868081676
2018-04-03 16:57:00,0.3428124828669752
2018-04-03 17:00:00,0.3155797229912878
2018-04-03 17:03:00,0.2806639087506255
2018-04-03 17:06:00,0.1434155892395097
2018-04-03 17:09:00,0.10713697767880603
2018-04-03 17:12:00,0.20938076417445473
2018-04-03 17:15:00,0.15038553182091619
2018-04-03 17:18:00,0.20185962348386965
2018-04-03 17:21:00,0.1798792327418255
2018-04-03 17:24:00,0.277969605587316
2018-04-03 17:27:00,0.13635433639137773
2018-04-03 17:30:00,0.22863349078517103
2018-04-03 17:33:00,0.29218775685848186
2018-04-03 17:36:00,0.2799337742483772
2018-04-03 17:39:00,0.22392107039956954
2018-04-03 17:42:00,0.22172912486030327
2018-04-03 17:45:00,0.20283364478700605
2018-04-03 17:48:00,0.2957672313663693
2018-04-03 17:51:00,0.28360784252203075
2018-04-03 17:54:00,0.21820150033994423
2018-04-03 17:57:00,0.27100253868604796
2018-04-03 18:00:00,0.2204492061372889
2018-04-03 18:03:00,0.2375754223564286
2018-04-03 18:06:00,0.14116038880234782
2018-04-03 18:09:00,0.2183149571708327
2018-04-03 18:12:00,0.2532259588393231
2018-04-03 18:15:00,0.1822670204003316
2018-04-03 18:18:00,0.22198126376770233
2018-04-03 18:21:00,0.2792555202616427
2018-04-03 18:24:00,0.27143945450342244
2018-04-03 18:27:00,0.2905773639238305
2018-04-03 18:30:00,0.18137775247021182
2018-04-03 18:33:00,0.21726558851185018
2018-04-03 18:36:00,0.2881338763980352
2018-04-03 18:39:00,0.2474449731016648
2018-04-03 18:42:00,0.2281149514133176
2018-04-03 18:45:00,0.2060438823223194
2018-04-03 18:48:00,0.27050248604922444
2018-04-03 18:51:00,0.17284070622986292
2018-04-03 18:54:00,
2018-04-03 18:57:00,
2018-04-03 19:00:00,
2018-04-03 19:03:00,0.357992293006248
2018-04-03 19:06:00,0.2468519350766769
2018-04-03 19:09:00,0.38871577659529066
2018-04-03 19:12:00,0.3303512705566618
2018-04-03 19:15:00,0.3244722239695079
2018-04-03 19:18:00,0.2954404288564092
2018-04-03 19:21:00,0.30059633856916435
2018-04-03 19:24:00,0.3405019350682892
2018-04-03 19:27:00,0.26335149220773246
2018-04-03 19:30:00,0.2331702364595003
2018-04-03 19:33:00,0.22456943695834752
2018-04-03 19:36:00,0.18314380377887574
2018-04-03 19:39:00,0.22817365815740231
2018-04-03 19:42:00,0.414974924584385
2018-04-03 19:45:00,0.3176787877277434
2018-04-03 19:48:00,0.26092397141212587
2018-04-03 19:51:00,0.20826930867173132
2018-04-03 19:54:00,0.2933797306996553
2018-04-03 19:57:00,0.2922473825142333
2018-04-03 20:00:00,0.3848677341612188
2018-04-03 20:03:00,0.4232884657880618
2018-04-03 20:06:00,0.4517722856637647
2018-04-03 20:09:00,0.4077483629229164
2018-04-03 20:12:00,0.4300501880772458
2018-04-03 20:15:00,0.2974854321406042
2018-04-03 20:18:00,0.40660008186324603
2018-04-03 20:21:00,0.514571992616311
2018-04-03 20:24:00,0.3395499385597418
2018-04-03 20:27:00,0.3246410542678291
2018-04-03 20:30:00,0.3788073458125041
2018-04-03 20:33:00,0.26898346938355644
2018-04-03 20:36:00,0.36637665930328467
2018-04-03 20:39:00,0.2511877486441563
2018-04-03 20:42:00,0.2542125696913331
2018-04-03 20:45:00,0.294662258744097
2018-04-03 20:48:00,0.34057752622430826
2018-04-03 20:51:00,0.2665096907229554
2018-04-03 20:54:00,0.31392239793495946
2018-04-03 20:57:00,0.2645075195171671
2018-04-03 21:00:00,0.29634978548358504
2018-04-03 21:03:00,0.19217027942767118
2018-04-03 21:06:00,0.4005040115779934
2018-04-03 21:09:00,0.41834512225528897
2018-04-03 21:12:00,0.4450727441244453
2018-04-03 21:15:00,0.44643842924688215
2018-04-03 21:18:00,0.35059274812124386
2018-04-03 21:21:00,0.3538848498494076
2018-04-03 21:24:00,0.37403686201605524
2018-04-03 21:27:00,0.34901332304951893
2018-04-03 21:30:00,0.2539160037691772
2018-04-03 21:33:00,0.4474325348795105
2018-04-03 21:36:00,0.3717721696436911
2018-04-03 21:39:00,0.40033366355157796
2018-04-03 21:42:00,0.3558697941003288
2018-04-03 21:45:00,0.4107023197079229
2018-04-03 21:48:00,0.4081888515607943
2018-04-03 21:51:00,0.3842530850080266
2018-04-03 21:54:00,0.3638147964134646
2018-04-03 21:57:00,0.3988351602887974
2018-04-03 22:00:00,0.34247082286771047
2018-04-03 22:03:00,0.368051373694982
2018-04-03 22:06:00,0.24714085814167674
2018-04-03 22:09:00,0.35015793106833826
2018-04-03 22:12:00,0.41219265894312684
2018-04-03 22:15:00,0.29169512485367477
2018-04-03 22:18:00,0.4079795549599794
2018-04-03 22:21:00,0.35513761126435384
2018-04-03 22:24:00,0.4574811824108451
2018-04-03 22:27:00,0.4137686634619513
2018-04-03 22:30:00,0.48564766200962595
2018-04-03 22:33:00,0.38662760292089615
2018-04-03 22:36:00,0.3992203062368276
2018-04-03 22:39:00,0.3313162074607021
2018-04-03 22:42:00,0.36385050931284013
2018-04-03 22:45:00,0.3554526007110894
2018-04-03 22:48:00,0.4723479529957899
2018-04-03 22:51:00,0.3658683722173919
2018-04-03 22:54:00,0.4540967693861262
2018-04-03 22:57:00,0.4737554360028753
2018-04-03 23:00:00,0.3726306494343703
2018-04-03 23:03:00,0.37730805884160645
2018-04-03 23:06:00,0.5129608591681745
2018-04-03 23:09:00,0.3902726617267831
2018-04-03 23:12:00,0.4575424455206303
2018-04-03 23:15:00,0.4659227880515573
2018-04-03 23:18:00,0.4833226139787712
2018-04-03 23:21:00,0.3967682662938046
2018-04-03 23:24:00,0.4669477292048896
2018-04-03 23:27:00,0.43166949285091505
2018-04-03 23:30:00,0.41194842205544546
2018-04-03 23:33:00,0.41761145916785836
2018-04-03 23:36:00,0.4849811303071192
2018-04-03 23:39:00,0.3993176904038478
2018-04-03 23:42:00,0.3172343077022788
2018-04-03 23:45:00,0.4166788777874899
2018-04-03 23:48:00,0.4691402026141418
2018-04-03 23:51:00,0.5481712825052796
2018-04-03 23:54:00,0.4488766416898784
2018-04-03 23:57:00,0.4612944134210579
2018-04-04 00:00:00,0.565320664276669
2018-04-04 00:03:00,0.43746654108588245
2018-04-04 00:06:00,0.596035757429263
2018-04-04 00:09:00,0.5417623604473079
2018-04-04 00:12:00,0.5564500311944016
2018-04-04 00:15:00,0.4455077777043357
2018-04-04 00:18:00,0.46368067813375546
2018-04-04 00:21:00,0.3534938272313184
2018-04-04 00:24:00,0.34920004051366504
2018-04-04 00:27:00,0.3883854009130232
2018-04-04 00:30:00,0.45040107676351226
2018-04-04 00:33:00,0.325097604781206
2018-04-04 00:36:00,0.43373631079072084
2018-04-04 00:39:00,0.3747303613819213
2018-04-04 00:42:00,0.42707288132845633
2018-04-04 00:45:00,0.4727761757951612
2018-04-04 00:48:00,0.5617700870490694
2018-04-04 00:51:00,0.5503790384938725
2018-04-04 00:54:00,0.5150799945660083
2018-04-04 00:57:00,0.4029601269966747
2018-04-04 01:00:00,0.3917643744291581
2018-04-04 01:03:00,0.4314064383466416
2018-04-04 01:06:00,0.4547676612323812
2018-04-04 01:09:00,0.4934955759096624
2018-04-04 01:12:00,0.4063357303296584
2018-04-04 01:15:00,0.4618938649704205
2018-04-04 01:18:00,0.364689310673441
2018-04-04 01:21:00,0.4773182629731991
2018-04-04 01:24:00,0.4770255030484236
2018-04-04 01:27:00,0.4409665648242935
2018-04-04 01:30:00,0.3819633168085943
2018-04-04 01:33:00,0.42617588544510454
2018-04-04 01:36:00,0.4531577883387854
2018-04-04 01:39:00,0.3993470461928723
2018-04-04 01:42:00,0.45842859582342044
2018-04-04 01:45:00,0.4937816528316148
2018-04-04 01:48:00,0.40938279678988465
2018-04-04 01:51:00,0.38057653147745896
2018-04-04 01:54:00,0.41372729878548853
2018-04-04 01:57:00,0.4956650161329321
2018-04-04 02:00:00,0.37736911517316685
2018-04-04 02:03:00,0.3884690918791307
2018-04-04 02:06:00,0.39588723758629385
2018-04-04 02:09:00,0.5307918444274833
2018-04-04 02:12:00,0.5129008479386812
2018-04-04 02:15:00,0.6533956807030563
2018-04-04 02:18:00,0.5315778400097884
2018-04-04 02:21:00,0.5637233571523552
2018-04-04 02:24:00,0.48907339490205004
2018-04-04 02:27:00,0.5476127960692452
2018-04-04 02:30:00,0.4573857876556531
2018-04-04 02:33:00,0.44862292108950896
2018-04-04 02:36:00,0.43234652756262903
2018-04-04 02:39:00,0.5141102760843523
2018-04-04 02:42:00,0.46354108952027673
2018-04-04 02:45:00,0.6207969954794521
2018-04-04 02:48:00,0.6042486574353347
2018-04-04 02:51:00,0.48448553495194346
2018-04-04 02:54:00,0.5768511767854534
2018-04-04 02:57:00,0.4993743323214517
2018-04-04 03:00:00,0.5258510800663885
2018-04-04 03:03:00,0.4745548233634622
2018-04-04 03:06:00,0.6650341579086216
2018-04-04 03:09:00,0.6040449815438933
2018-04-04 03:12:00,0.4503912504066534
2018-04-04 03:15:00,0.5753441461379225
2018-04-04 03:18:00,0.5701696100016989
2018-04-04 03:21:00,0.4727344104994131
2018-04-04 03:24:00,0.5009873274415213
2018-04-04 03:27:00,0.45304034447809727
2018-04-04 03:30:00,0.43491495484579445
2018-04-04 03:33:00,0.4292359468407767
2018-04-04 03:36:00,0.5132897981545739
2018-04-04 03:39:00,0.5396590339494765
2018-04-04 03:42:00,0.48450252377460856
2018-04-04 03:45:00,0.45867407220197265
2018-04-04 03:48:00,0.5078319973508201
2018-04-04 03:51:00,0.6165073214561403
2018-04-04 03:54:00,0.696604161295113
2018-04-04 03:57:00,0.6657736980197342
2018-04-04 04:00:00,0.6617333127038023
2018-04-04 04:03:00,0.5955887629052654
2018-04-04 04:06:00,0.6390458731488593
2018-04-04 04:09:00,0.6146228199484653
2018-04-04 04:12:00,0.72594766712092
2018-04-04 04:15:00,0.6252598860538114
2018-04-04 04:18:00,0.6075580462204471
2018-04-04 04:21:00,0.5017880264777546
2018-04-04 04:24:00,0.343125985762299
2018-04-04 04:27:00,0.5872311366433678
2018-04-04 04:30:00,0.5146366212661633
2018-04-04 04:33:00,0.4490805902017314
2018-04-04 04:36:00,0.40753456526221044
2018-04-04 04:39:00,0.4784989517599456
2018-04-04 04:42:00,0.5008594711510455
2018-04-04 04:45:00,0.5006318079280163
2018-04-04 04:48:00,0.5129391454574943
2018-04-04 04:51:00,0.45655873483201503
2018-04-04 04:54:00,0.43996902388323633
2018-04-04 04:57:00,0.5112760431478023
2018-04-04 05:00:00,0.5509022502232597
2018-04-04 05:03:00,0.44857928644228195
2018-04-04 05:06:00,0.5573691186709198
2018-04-04 05:09:00,0.4719386759478539
2018-04-04 05:12:00,0.5402648514645989
2018-04-04 05:15:00,0.4757098544557721
2018-04-04 05:18:00,0.4528635797680636
2018-04-04 05:21:00,0.5579540059663941
2018-04-04 05:24:00,0.42600044046758967
2018-04-04 05:27:00,0.4536001669544589
2018-04-04 05:30:00,0.509267808793652
2018-04-04 05:33:00,0.4086811723276469
2018-04-04 05:36:00,0.49589482072150304
2018-04-04 05:39:00,0.46371818994254
2018-04-04 05:42:00,0.44917140185970084
2018-04-04 05:45:00,0.48403259575172797
2018-04-04 05:48:00,0.45201182565176623
2018-04-04 05:51:00,0.5734915412988357
2018-04-04 05:54:00,0.34549475265311
2018-04-04 05:57:00,0.4897742610572209
2018-04-04 06:00:00,0.3783566787814152
2018-04-04 06:03:00,0.5188579026508364
2018-04-04 06:06:00,0.2930705865530854
2018-04-04 06:09:00,0.38659377146439056
2018-04-04 06:12:00,0.40670020940046925
2018-04-04 06:15:00,0.40676990717719264
2018-04-04 06:18:00,0.41834158231205265
2018-04-04 06:21:00,0.3843442390796099
2018-04-04 06:24:00,0.5492368445318334
2018-04-04 06:27:00,0.4572126161206711
2018-04-04 06:30:00,0.37598955987238014
2018-04-04 06:33:00,0.41601751509671203
2018-04-04 06:36:00,0.4733047646405453
2018-04-04 06:39:00,0.5636482555208886
2018-04-04 06:42:00,0.5183312312377666
2018-04-04 06:45:00,0.45820272699450015
2018-04-04 06:48:00,0.5960149623891766
2018-04-04 06:51:00,0.43556517752028867
2018-04-04 06:54:00,0.5157759473843839
2018-04-04 06:57:00,0.4668852031586539
2018-04-04 07:00:00,0.4350579776406107
2018-04-04 07:03:00,0.5232537525006933
2018-04-04 07:06:00,0.5632707263011412
2018-04-04 07:09:00,0.5415639801436782
2018-04-04 07:12:00,0.521092211541827
2018-04-04 07:15:00,0.516038599497449
2018-04-04 07:18:00,0.5788614013063693
2018-04-04 07:21:00,0.457503311808523
2018-04-04 07:24:00,0.5309077314610704
2018-04-04 07:27:00,0.4141870262151883
2018-04-04 07:30:00,0.5073143746305391
2018-04-04 07:33:00,0.5723236989405223
2018-04-04 07:36:00,0.49179495350438174
2018-04-04 07:39:00,0.4637692747327833
2018-04-04 07:42:00,0.5069000398970047
2018-04-04 07:45:00,0.5653478286780569
2018-04-04 07:48:00,0.47909813019134617
2018-04-04 07:51:00,0.5003267346838243
2018-04-04 07:54:00,0.4543789478421445
2018-04-04 07:57:00,0.3924833092305562
2018-04-04 08:00:00,0.5259125232537372
2018-04-04 08:03:00,0.425738456723991
2018-04-04 08:06:00,0.38429739934593954
2018-04-04 08:09:00,0.4621630692652161
2018-04-04 08:12:00,0.4430866376167728
2018-04-04 08:15:00,0.39451033717153905
2018-04-04 08:18:00,0.344353422242591
2018-04-04 08:21:00,0.4034599876021616
2018-04-04 08:24:00,0.29641302624122545
2018-04-04 08:27:00,0.3865260088452942
2018-04-04 08:30:00,0.3875649412191251
2018-04-04 08:33:00,0.39375370743618987
2018-04-04 08:36:00,0.40333405592150484
2018-04-04 08:39:00,0.3256477130791495
2018-04-04 08:42:00,0.347979955791061
2018-04-04 08:45:00,0.3307754286637987
2018-04-04 08:48:00,0.36679896502630527
2018-04-04 08:51:00,0.37910600944547923
2018-04-04 08:54:00,0.24906109777498386
2018-04-04 08:57:00,0.20523466313005656
2018-04-04 09:00:00,0.3310120893218027
2018-04-04 09:03:00,0.2601677811690024
2018-04-04 09:06:00,0.30213035192252846
2018-04-04 09:09:00,0.1716729896334641
2018-04-04 09:12:00,0.31215929596254455
2018-04-04 09:15:00,0.17192725593031355
2018-04-04 09:18:00,0.2607863030008275
2018-04-04 09:21:00,0.24505792351521904
2018-04-04 09:24:00,0.18088286683195065
2018-04-04 09:27:00,0.11853787207320465
2018-04-04 09:30:00,0.22740040513889426
2018-04-04 09:33:00,0.21534919818788012
2018-04-04 09:36:00,0.18598328071789183
2018-04-04 09:39:00,0.265442451153433
2018-04-04 09:42:00,0.25125903401556116
2018-04-04 09:45:00,0.284400887175309
2018-04-04 09:48:00,0.24657375654777525
2018-04-04 09:51:00,0.28891187288928677
2018-04-04 09:54:00,0.22836273892175996
2018-04-04 09:57:00,0.23588208153677215
2018-04-04 10:00:00,0.33374048100432674
2018-04-04 10:03:00,0.1886595578243373
2018-04-04 10:06:00,0.22362416587679945
2018-04-04 10:09:00,0.21147940714371316
2018-04-04 10:12:00,0.13742009500703034
2018-04-04 10:15:00,0.18340763016476558
2018-04-04 10:18:00,0.14455401791639133
2018-04-04 10:21:00,0.19629661570667167
2018-04-04 10:24:00,0.07184829860671016
2018-04-04 10:27:00,0.20750649177131208
2018-04-04 10:30:00,0.1780991051437013
2018-04-04 10:33:00,0.2777528685492143
2018-04-04 10:36:00,0.2567279091829846
2018-04-04 10:39:00,0.22159202697156388
2018-04-04 10:42:00,0.11645783077528904
2018-04-04 10:45:00,0.21577185398501797
2018-04-04 10:48:00,0.11232139324528134
2018-04-04 10:51:00,0.16088217959912754
2018-04-04 10:54:00,0.09071926167024458
2018-04-04 10:57:00,0.15959840575726503
2018-04-04 11:00:00,0.09800698167885002
2018-04-04 11:03:00,0.08055153076941224
2018-04-04 11:06:00,-0.029645819668189688
2018-04-04 11:09:00,-0.0076450478770766495
2018-04-04 11:12:00,0.07210533370539451
2018-04-04 11:15:00,-0.03154815337688888
2018-04-04 11:18:00,-0.12400248686867599
2018-04-04 11:21:00,0.021206851414660832
2018-04-04 11:24:00,0.010018241276668505
2018-04-04 11:27:00,0.025598578765254842
2018-04-04 11:30:00,0.16475784215964495
2018-04-04 11:33:00,0.22514307296557945
2018-04-04 11:36:00,0.0322316920924095
2018-04-04 11:39:00,-0.08643015160589584
2018-04-04 11:42:00,0.06828752393516879
2018-04-04 11:45:00,-0.04558403769169672
2018-04-04 11:48:00,-0.20042819736960382
2018-04-04 11:51:00,0.6354401880676619
2018-04-04 11:54:00,0.46522391332166535
2018-04-04 11:57:00,0.2860941773554373
2018-04-04 12:00:00,0.09526987711137735
2018-04-04 12:03:00,0.3027576158162901
2018-04-04 12:06:00,0.3116091546452253
2018-04-04 12:09:00,0.5716585961123997
2018-04-04 12:12:00,0.43548448882870616
2018-04-04 12:15:00,-0.06020653209372995
2018-04-04 12:18:00,-0.08033356765008648
2018-04-04 12:21:00,-0.043080867774904164
2018-04-04 12:24:00,-0.16722405133617713
2018-04-04 12:27:00,-0.03278927896434425
2018-04-04 12:30:00,-0.015101904672690125
2018-04-04 12:33:00,0.039171908260072996
2018-04-04 12:36:00,-0.11305587276740425
2018-04-04 12:39:00,-0.13264287946174136
2018-04-04 12:42:00,-0.11934277224452217
2018-04-04 12:45:00,-0.0012594002392347647
2018-04-04 12:48:00,-0.07894997004302695
2018-04-04 12:51:00,-0.15945272561685897
2018-04-04 12:54:00,0.00859294662859611
2018-04-04 12:57:00,0.022493770181142736
2018-04-04 13:00:00,0.07742135177625187
2018-04-04 13:03:00,-0.1509648564699546
2018-04-04 13:06:00,-0.0074870550401442415
2018-04-04 13:09:00,-0.035188557180163116
2018-04-04 13:12:00,0.05221191198671704
2018-04-04 13:15:00,-0.034307380311304314
2018-04-04 13:18:00,-0.10758669701118606
2018-04-04 13:21:00,0.08955241316618867
2018-04-04 13:24:00,0.0052649456201834255
2018-04-04 13:27:00,0.1800124564912835
2018-04-04 13:30:00,0.2950812558344751
2018-04-04 13:33:00,0.18376725506385583
2018-04-04 13:36:00,0.16459574497616813
2018-04-04 13:39:00,0.39621453572942755
2018-04-04 13:42:00,0.2577196826415502
2018-04-04 13:45:00,0.11581377115714986
2018-04-04 13:48:00,0.0842550698975515
2018-04-04 13:51:00,0.01728539084865588
2018-04-04 13:54:00,-0.09490576317841715
2018-04-04 13:57:00,-0.11810592916765472
2018-04-04 14:00:00,-0.16524650991692624
2018-04-04 14:03:00,-0.10229392209629395
2018-04-04 14:06:00,0.010325240783970457
2018-04-04 14:09:00,-0.06209549190890584
2018-04-04 14:12:00,-0.11240938055817651
2018-04-04 14:15:00,0.1408554728748186
2018-04-04 14:18:00,0.001689406747175326
2018-04-04 14:21:00,0.09543943163868107
2018-04-04 14:24:00,-0.0026340961717323808
2018-04-04 14:27:00,0.11277773533424806
2018-04-04 14:30:00,0.18952545782894958
2018-04-04 14:33:00,0.12658622715986212
2018-04-04 14:36:00,0.0591211272635519
2018-04-04 14:39:00,0.13881895741735661
2018-04-04 14:42:00,0.239054964407444
2018-04-04 14:45:00,0.17595224964503586
2018-04-04 14:48:00,0.14528035676875106
2018-04-04 14:51:00,0.09356774290193925
2018-04-04 14:54:00,0.2838794774643816
2018-04-04 14:57:00,0.5446686517908006
2018-04-04 15:00:00,0.5202931876349339
2018-04-04 15:03:00,0.5552489666134193
2018-04-04 15:06:00,0.37883436974863116
2018-04-04 15:09:00,0.26137953891384313
2018-04-04 15:12:00,0.2702070467609019
2018-04-04 15:15:00,0.5365218792511541
2018-04-04 15:18:00,0.4166979103090398
2018-04-04 15:21:00,0.3916441981888852
2018-04-04 15:24:00,0.4668384294539578
2018-04-04 15:27:00,0.4559184284719322
2018-04-04 15:30:00,0.466756517868987
2018-04-04 15:33:00,0.48341822577879157
2018-04-04 15:36:00,0.35088832007022575
2018-04-04 15:39:00,0.32574176064332505
2018-04-04 15:42:00,0.42561220343230843
2018-04-04 15:45:00,0.3656855767742968
2018-04-04 15:48:00,0.40342407818337733
2018-04-04 15:51:00,0.2219175713845516
2018-04-04 15:54:00,0.2018607624980291
2018-04-04 15:57:00,0.23142320876769418
2018-04-04 16:00:00,0.2575554472562658
2018-04-04 16:03:00,0.263863527127171
2018-04-04 16:06:00,0.34930458955221866
2018-04-04 16:09:00,0.3275086508078857
2018-04-04 16:12:00,0.3930384999106309
2018-04-04 16:15:00,0.4241997494996781
2018-04-04 16:18:00,0.6395745610395238
2018-04-04 16:21:00,0.6262310019597521
2018-04-04 16:24:00,0.5376824031721981
2018-04-04 16:27:00,0.6168752087708071
2018-04-04 16:30:00,0.5148612362215772
2018-04-04 16:33:00,0.43731275850467455
2018-04-04 16:36:00,0.5378627640751574
2018-04-04 16:39:00,0.5967814318049705
2018-04-04 16:42:00,0.5733184386772336
2018-04-04 16:45:00,0.5496710705284045
2018-04-04 16:48:00,0.37544929834558616
2018-04-04 16:51:00,0.5164049359929663
2018-04-04 16:54:00,0.5540700717691607
2018-04-04 16:57:00,0.4985692307329259
2018-04-04 17:00:00,0.4010514913206862
2018-04-04 17:03:00,0.41572907369959466
2018-04-04 17:06:00,0.49736464669615543
2018-04-04 17:09:00,0.4466940070152532
2018-04-04 17:12:00,0.5028834769594255
2018-04-04 17:15:00,0.32995189698510785
2018-04-04 17:18:00,0.4125308371066012
2018-04-04 17:21:00,0.5708288655486626
2018-04-04 17:24:00,0.46908082187405853
2018-04-04 17:27:00,0.5032216192912529
2018-04-04 17:30:00,0.47185860370029786
2018-04-04 17:33:00,0.4665283602829504
2018-04-04 17:36:00,0.5005335500891874
2018-04-04 17:39:00,0.45785007800651556
2018-04-04 17:42:00,0.35070234662703115
2018-04-04 17:45:00,0.3557922555965547
2018-04-04 17:48:00,0.3331484820204196
2018-04-04 17:51:00,0.29607971473598127
2018-04-04 17:54:00,0.43580694295218336
2018-04-04 17:57:00,0.4789318835352674
2018-04-04 18:00:00,0.3072977232473022
2018-04-04 18:03:00,0.46994564784034765
2018-04-04 18:06:00,0.41112111301328014
2018-04-04 18:09:00,0.46103266401553356
2018-04-04 18:12:00,0.41005719887164105
2018-04-04 18:15:00,0.3327011735851215
2018-04-04 18:18:00,0.3683958575276165
2018-04-04 18:21:00,0.2808609198463614
2018-04-04 18:24:00,0.33255664694627285
2018-04-04 18:27:00,0.4266866900721311
2018-04-04 18:30:00,0.3315597007196516
2018-04-04 18:33:00,0.34633039089692375
2018-04-04 18:36:00,0.4112989419283508
2018-04-04 18:39:00,0.44460747270062484
2018-04-04 18:42:00,0.3955818459941156
2018-04-04 18:45:00,0.4110556513655297
2018-04-04 18:48:00,0.36330109278628697
2018-04-04 18:51:00,0.5698327358019242
2018-04-04 18:54:00,
2018-04-04 18:57:00,
2018-04-04 19:00:00,
2018-04-04 19:03:00,
2018-04-04 19:06:00,0.3420801052235447
2018-04-04 19:09:00,0.45643724587904444
2018-04-04 19:12:00,0.4093304958701083
2018-04-04 19:15:00,0.32110160760350936
2018-04-04 19:18:00,0.3232846344000109
2018-04-04 19:21:00,0.4178322087049082
2018-04-04 19:24:00,0.3080740438900307
2018-04-04 19:27:00,0.2630590488302573
2018-04-04 19:30:00,0.49065921126737067
2018-04-04 19:33:00,0.31199722850419676
2018-04-04 19:36:00,0.3741692986232579
2018-04-04 19:39:00,0.3339827021969768
2018-04-04 19:42:00,0.35121123264895004
2018-04-04 19:45:00,0.2648052057602399
2018-04-04 19:48:00,0.34355828227080565
2018-04-04 19:51:00,0.31713085052740553
2018-04-04 19:54:00,0.48652093978950006
2018-04-04 19:57:00,0.33963253591940656
2018-04-04 20:00:00,0.37107537174574645
2018-04-04 20:03:00,0.3068349302681668
2018-04-04 20:06:00,0.48432155217409445
2018-04-04 20:09:00,0.38781602671321025
2018-04-04 20:12:00,0.2699760829111142
2018-04-04 20:15:00,0.34539004011662655
2018-04-04 20:18:00,0.2783710910737227
2018-04-04 20:21:00,0.4054306587890437
2018-04-04 20:24:00,0.42092615594356175
2018-04-04 20:27:00,0.37786410882608834
2018-04-04 20:30:00,0.41740807143145275
2018-04-04 20:33:00,0.3541585939841525
2018-04-04 20:36:00,0.3203500939874857
2018-04-04 20:39:00,0.2896199651631264
2018-04-04 20:42:00,0.40427341014611784
2018-04-04 20:45:00,0.3529804187018044
2018-04-04 20:48:00,0.3765234607292314
2018-04-04 20:51:00,0.3334220836255781
2018-04-04 20:54:00,0.24484444164050956
2018-04-04 20:57:00,0.385156124428363
2018-04-04 21:00:00,0.3804920316994753
2018-04-04 21:03:00,0.38261261694481163
2018-04-04 21:06:00,0.29986689111694886
2018-04-04 21:09:00,0.3524511806190276
2018-04-04 21:12:00,0.36248325770156953
2018-04-04 21:15:00,0.334744437390043
2018-04-04 21:18:00,0.39034163572767966
2018-04-04 21:21:00,0.3166564809084207
2018-04-04 21:24:00,0.2507536909696455
2018-04-04 21:27:00,0.31084288426973217
2018-04-04 21:30:00,0.22779015080254794
2018-04-04 21:33:00,0.32961729737809264
2018-04-04 21:36:00,0.34084035176425687
2018-04-04 21:39:00,0.36393526815265886
2018-04-04 21:42:00,0.36449422100247375
2018-04-04 21:45:00,0.32813458049002975
2018-04-04 21:48:00,0.3238018135678544
2018-04-04 21:51:00,0.37714693377785125
2018-04-04 21:54:00,0.2974516702461756
2018-04-04 21:57:00,0.31678233431011904
2018-04-04 22:00:00,0.34976553889794104
2018-04-04 22:03:00,0.4668950793430895
2018-04-04 22:06:00,0.43821272980642334
2018-04-04 22:09:00,0.4443005388359893
2018-04-04 22:12:00,0.4628125619411776
2018-04-04 22:15:00,0.4668172612800845
2018-04-04 22:18:00,0.49453358754692545
2018-04-04 22:21:00,0.4113750675217034
2018-04-04 22:24:00,0.3498754384780227
2018-04-04 22:27:00,0.3533635495240901
2018-04-04 22:30:00,0.45788463955864245
2018-04-04 22:33:00,0.35988756425700785
2018-04-04 22:36:00,0.41838711611944746
2018-04-04 22:39:00,0.3857567056368225
2018-04-04 22:42:00,0.4528226717669668
2018-04-04 22:45:00,0.38691610779960683
2018-04-04 22:48:00,0.32977332250669633
2018-04-04 22:51:00,0.38552922348401353
2018-04-04 22:54:00,0.4340905450681589
2018-04-04 22:57:00,0.36162423884599093
2018-04-04 23:00:00,0.4067252622377282
2018-04-04 23:03:00,0.494440411214498
2018-04-04 23:06:00,0.41479766830758535
2018-04-04 23:09:00,0.5160282207562545
2018-04-04 23:12:00,0.4273899786368247
2018-04-04 23:15:00,0.3653454563754508
2018-04-04 23:18:00,0.38392881402785406
2018-04-04 23:21:00,0.4060246660818052
2018-04-04 23:24:00,0.4411704034424133
2018-04-04 23:27:00,0.4979971073330489
2018-04-04 23:30:00,0.44663206747765116
2018-04-04 23:33:00,0.394613320412077
2018-04-04 23:36:00,0.36343696707405115
2018-04-04 23:39:00,0.36603995397786093
2018-04-04 23:42:00,0.4520648196281627
2018-04-04 23:45:00,0.396729339023409
2018-04-04 23:48:00,0.3179988151406974
2018-04-04 23:51:00,0.4779750110197938
2018-04-04 23:54:00,0.43868889435236724
2018-04-04 23:57:00,0.46936402426717905
2018-04-05 00:00:00,0.5191916164377517
2018-04-05 00:03:00,0.4145073534336916
2018-04-05 00:06:00,0.5124652070423963
2018-04-05 00:09:00,0.44637916818203394
2018-04-05 00:12:00,0.4957553719132193
2018-04-05 00:15:00,0.5020114008926271
2018-04-05 00:18:00,0.4728296772825047
2018-04-05 00:21:00,0.524511933443705
2018-04-05 00:24:00,0.4759562317083237
2018-04-05 00:27:00,0.44000474301549275
2018-04-05 00:30:00,0.4861150145058559
2018-04-05 00:33:00,0.4209521002158567
2018-04-05 00:36:00,0.4144664901251076
2018-04-05 00:39:00,0.4388740611778985
2018-04-05 00:42:00,0.4607549838490286
2018-04-05 00:45:00,0.3715353781558406
2018-04-05 00:48:00,0.48633423435126133
2018-04-05 00:51:00,0.4661890909297881
2018-04-05 00:54:00,0.40309687559533813
2018-04-05 00:57:00,0.4595640802058938
2018-04-05 01:00:00,0.36802248665270554
2018-04-05 01:03:00,0.43226870060095735
2018-04-05 01:06:00,0.4892416282202703
2018-04-05 01:09:00,0.37296941892145696
2018-04-05 01:12:00,0.40108735432681897
2018-04-05 01:15:00,0.2908437290030861
2018-04-05 01:18:00,0.4932417417683723
2018-04-05 01:21:00,0.44335491585093223
2018-04-05 01:24:00,0.4274589290542963
2018-04-05 01:27:00,0.5063354510975842
2018-04-05 01:30:00,0.4228947085510981
2018-04-05 01:33:00,0.4438519219936552
2018-04-05 01:36:00,0.4824208540553059
2018-04-05 01:39:00,0.6061199651824154
2018-04-05 01:42:00,0.5039387689166119
2018-04-05 01:45:00,0.5340067788270062
2018-04-05 01:48:00,0.44173480980708746
2018-04-05 01:51:00,0.5028504050260949
2018-04-05 01:54:00,0.5526214945047627
2018-04-05 01:57:00,0.5571540522237797
2018-04-05 02:00:00,0.44437855333603693
2018-04-05 02:03:00,0.5066105063799569
2018-04-05 02:06:00,0.6269188968648791
2018-04-05 02:09:00,0.5509683337744491
2018-04-05 02:12:00,0.5880035013788643
2018-04-05 02:15:00,0.5839627486450354
2018-04-05 02:18:00,0.49333592251946357
2018-04-05 02:21:00,0.5576336667105011
2018-04-05 02:24:00,0.42377196852129373
2018-04-05 02:27:00,0.5546291118446902
2018-04-05 02:30:00,0.505910877354836
2018-04-05 02:33:00,0.6083940095709863
2018-04-05 02:36:00,0.6132573277603797
2018-04-05 02:39:00,0.520044292992111
2018-04-05 02:42:00,0.6723693545566789
2018-04-05 02:45:00,0.6500517263567644
2018-04-05 02:48:00,0.661131302221122
2018-04-05 02:51:00,0.6175945157818887
2018-04-05 02:54:00,0.6418200538399788
2018-04-05 02:57:00,0.6786967505056509
2018-04-05 03:00:00,0.5655099600776339
2018-04-05 03:03:00,0.6610344995214064
2018-04-05 03:06:00,0.6020209490483808
2018-04-05 03:09:00,0.6018321363305859
2018-04-05 03:12:00,0.5194221457914523
2018-04-05 03:15:00,0.5681949958344603
2018-04-05 03:18:00,0.46384840463696264
2018-04-05 03:21:00,0.5081644233397924
2018-04-05 03:24:00,0.4798976951935856
2018-04-05 03:27:00,0.49609415694641257
2018-04-05 03:30:00,0.5178654642083416
2018-04-05 03:33:00,0.5308597517504268
2018-04-05 03:36:00,0.42390579053005695
2018-04-05 03:39:00,0.4878182583200328
2018-04-05 03:42:00,0.5447203424495228
2018-04-05 03:45:00,0.5806144954094066
2018-04-05 03:48:00,0.5996274310369927
2018-04-05 03:51:00,0.5203686132476264
2018-04-05 03:54:00,0.517494383159999
2018-04-05 03:57:00,0.560612647041296
2018-04-05 04:00:00,0.5370081307171972
2018-04-05 04:03:00,0.634064825805126
2018-04-05 04:06:00,0.5502311919991598
2018-04-05 04:09:00,0.5585573197699887
2018-04-05 04:12:00,0.5511544006663485
2018-04-05 04:15:00,0.5720419992385928
2018-04-05 04:18:00,0.6305309874653631
2018-04-05 04:21:00,0.5113866130064366
2018-04-05 04:24:00,0.5431394194463905
2018-04-05 04:27:00,0.5082307917195408
2018-04-05 04:30:00,0.49872347228080116
2018-04-05 04:33:00,0.5660562552845363
2018-04-05 04:36:00,0.534862937076241
2018-04-05 04:39:00,0.46108529900106987
2018-04-05 04:42:00,0.5457817332247146
2018-04-05 04:45:00,0.4487638452818601
2018-04-05 04:48:00,0.4232876982571838
2018-04-05 04:51:00,0.4676230765022069
2018-04-05 04:54:00,0.47639211989996966
2018-04-05 04:57:00,0.5207332008076833
2018-04-05 05:00:00,0.5409448547972033
2018-04-05 05:03:00,0.5084601755779659
2018-04-05 05:06:00,0.4881079733194156
2018-04-05 05:09:00,0.5002526442447675
2018-04-05 05:12:00,0.6070086239435568
2018-04-05 05:15:00,0.6918629463161778
2018-04-05 05:18:00,0.5898461324963478
2018-04-05 05:21:00,0.6258065112708664
2018-04-05 05:24:00,0.5910543950773786
2018-04-05 05:27:00,0.6374991968459653
2018-04-05 05:30:00,0.5090741165628856
2018-04-05 05:33:00,0.5978086179363231
2018-04-05 05:36:00,0.6225592166653087
2018-04-05 05:39:00,0.5501568950581941
2018-04-05 05:42:00,0.5336999296972067
2018-04-05 05:45:00,0.5929696984633779
2018-04-05 05:48:00,0.6683873736025703
2018-04-05 05:51:00,0.5394397270811737
2018-04-05 05:54:00,0.550930446679331
2018-04-05 05:57:00,0.5037193330015839
2018-04-05 06:00:00,0.5883008366567424
2018-04-05 06:03:00,0.6050167932370982
2018-04-05 06:06:00,0.6697818497846697
2018-04-05 06:09:00,0.5493390957260544
2018-04-05 06:12:00,0.5642684430870872
2018-04-05 06:15:00,0.6704799677018514
2018-04-05 06:18:00,0.5750293838436278
2018-04-05 06:21:00,0.5232344424708231
2018-04-05 06:24:00,0.5304481501319174
2018-04-05 06:27:00,0.5138922200882234
2018-04-05 06:30:00,0.5394270792132829
2018-04-05 06:33:00,0.6009876000177883
2018-04-05 06:36:00,0.5438413294111797
2018-04-05 06:39:00,0.5160194483387954
2018-04-05 06:42:00,0.5696234816471133
2018-04-05 06:45:00,0.5605306346276961
2018-04-05 06:48:00,0.492506855378565
2018-04-05 06:51:00,0.5074391093403392
2018-04-05 06:54:00,0.579224933079729
2018-04-05 06:57:00,0.591019899560365
2018-04-05 07:00:00,0.5554311551581463
2018-04-05 07:03:00,0.570805984628521
2018-04-05 07:06:00,0.5766626463102966
2018-04-05 07:09:00,0.6333454237537239
2018-04-05 07:12:00,0.5763318449108965
2018-04-05 07:15:00,0.5693946772514664
2018-04-05 07:18:00,0.537309783110743
2018-04-05 07:21:00,0.6193359257188149
2018-04-05 07:24:00,0.5463655279251611
2018-04-05 07:27:00,0.6137992999378525
2018-04-05 07:30:00,0.6449636237385903
2018-04-05 07:33:00,0.6275949862197194
2018-04-05 07:36:00,0.5411517063773204
2018-04-05 07:39:00,0.5671348089510388
2018-04-05 07:42:00,0.6331371554796306
2018-04-05 07:45:00,0.6622928691109564
2018-04-05 07:48:00,0.5229676989870882
2018-04-05 07:51:00,0.4250574192702743
2018-04-05 07:54:00,0.5750129483019464
2018-04-05 07:57:00,0.4653501267708293
2018-04-05 08:00:00,0.48322819142526896
2018-04-05 08:03:00,0.37382507813532584
2018-04-05 08:06:00,0.4313757164592289
2018-04-05 08:09:00,0.43819314258877284
2018-04-05 08:12:00,0.38701894486376887
2018-04-05 08:15:00,0.3934745126111352
2018-04-05 08:18:00,0.46858564794683844
2018-04-05 08:21:00,0.4065472128112333
2018-04-05 08:24:00,0.4287957989617439
2018-04-05 08:27:00,0.3687616739200621
2018-04-05 08:30:00,
2018-04-05 08:33:00,
2018-04-05 08:36:00,
2018-04-05 08:39:00,
2018-04-05 08:42:00,
2018-04-05 08:45:00,
2018-04-05 08:48:00,
2018-04-05 08:51:00,
2018-04-05 08:54:00,
2018-04-05 08:57:00,
2018-04-05 09:00:00,
2018-04-05 09:03:00,
2018-04-05 09:06:00,
2018-04-05 09:09:00,
2018-04-05 09:12:00,
2018-04-05 09:15:00,
2018-04-05 09:18:00,
2018-04-05 09:21:00,
2018-04-05 09:24:00,
2018-04-05 09:27:00,
2018-04-05 09:30:00,
2018-04-05 09:33:00,
2018-04-05 09:36:00,
2018-04-05 09:39:00,
2018-04-05 09:42:00,
2018-04-05 09:45:00,
2018-04-05 09:48:00,
2018-04-05 09:51:00,
2018-04-05 09:54:00,
2018-04-05 09:57:00,
2018-04-05 10:00:00,
2018-04-05 10:03:00,
2018-04-05 10:06:00,
2018-04-05 10:09:00,
2018-04-05 10:12:00,
2018-04-05 10:15:00,
2018-04-05 10:18:00,
2018-04-05 10:21:00,
2018-04-05 10:24:00,
2018-04-05 10:27:00,
2018-04-05 10:30:00,
2018-04-05 10:33:00,
2018-04-05 10:36:00,
2018-04-05 10:39:00,
2018-04-05 10:42:00,
2018-04-05 10:45:00,
2018-04-05 10:48:00,
2018-04-05 10:51:00,
2018-04-05 10:54:00,
2018-04-05 10:57:00,
2018-04-05 11:00:00,
2018-04-05 11:03:00,
2018-04-05 11:06:00,
2018-04-05 11:09:00,
2018-04-05 11:12:00,-0.12700482178991024
2018-04-05 11:15:00,-0.01506521749837475
2018-04-05 11:18:00,-0.09237557131939411
2018-04-05 11:21:00,-0.1437676102279397
2018-04-05 11:24:00,-0.02148486868384225
2018-04-05 11:27:00,-0.061407745033591254
2018-04-05 11:30:00,0.10075549626731117
2018-04-05 11:33:00,-0.09909215260012161
2018-04-05 11:36:00,0.013702873927172732
2018-04-05 11:39:00,-0.08220719725733261
2018-04-05 11:42:00,-0.07344319750870909
2018-04-05 11:45:00,-0.05627809220607105
2018-04-05 11:48:00,-0.00506268069585758
2018-04-05 11:51:00,0.37882321286929255
2018-04-05 11:54:00,0.5116236016640983
2018-04-05 11:57:00,0.6469449803865928
2018-04-05 12:00:00,0.13740972850564503
2018-04-05 12:03:00,0.375427047309131
2018-04-05 12:06:00,0.19930646489945048
2018-04-05 12:09:00,0.13960681887903093
2018-04-05 12:12:00,-0.14148534023701131
2018-04-05 12:15:00,-0.10266382634694082
2018-04-05 12:18:00,-0.08411079007618127
2018-04-05 12:21:00,-0.13619115099800183
2018-04-05 12:24:00,-0.06137883399395605
2018-04-05 12:27:00,-0.17005654225090439
2018-04-05 12:30:00,-0.08923308506552985
2018-04-05 12:33:00,-0.24021558259363474
2018-04-05 12:36:00,-0.3148405439309272
2018-04-05 12:39:00,-0.07866520914330977
2018-04-05 12:42:00,-0.13875312977882004
2018-04-05 12:45:00,-0.23706303077216262
2018-04-05 12:48:00,-0.15065063859498196
2018-04-05 12:51:00,-0.3125899976296296
2018-04-05 12:54:00,-0.2310837171094704
2018-04-05 12:57:00,-0.13418482508740226
2018-04-05 13:00:00,-0.12163256092270558
2018-04-05 13:03:00,-0.20514936629245994
2018-04-05 13:06:00,-0.29644733282651714
2018-04-05 13:09:00,-0.45710381736415684
2018-04-05 13:12:00,-0.2555777254916052
2018-04-05 13:15:00,-0.2757327079931997
2018-04-05 13:18:00,-0.20985136357359124
2018-04-05 13:21:00,-0.3066996184541608
2018-04-05 13:24:00,-0.19447906301809326
2018-04-05 13:27:00,-0.23970862371987778
2018-04-05 13:30:00,-0.07984760728976426
2018-04-05 13:33:00,-0.1034585413318041
2018-04-05 13:36:00,-0.14992762577361418
2018-04-05 13:39:00,-0.08915147239599719
2018-04-05 13:42:00,-0.002865181409561046
2018-04-05 13:45:00,-0.11751732894748557
2018-04-05 13:48:00,-0.031093276854733176
2018-04-05 13:51:00,-0.03986537381587141
2018-04-05 13:54:00,0.010721995226788295
2018-04-05 13:57:00,0.022029484852794212
2018-04-05 14:00:00,0.137085031588299
2018-04-05 14:03:00,0.14378468210168194
2018-04-05 14:06:00,-0.0940818473969216
2018-04-05 14:09:00,-0.03687973044117143
2018-04-05 14:12:00,0.08974208138681661
2018-04-05 14:15:00,-0.06013044544403101
2018-04-05 14:18:00,0.0037298431742556204
2018-04-05 14:21:00,0.0323639889083438
2018-04-05 14:24:00,0.11626473974581586
2018-04-05 14:27:00,0.11277595921751526
2018-04-05 14:30:00,0.014992536162935721
2018-04-05 14:33:00,0.12419203709475823
2018-04-05 14:36:00,0.18651007558258925
2018-04-05 14:39:00,0.1010480975446626
2018-04-05 14:42:00,0.23254256044305066
2018-04-05 14:45:00,0.1834344318911576
2018-04-05 14:48:00,0.31258754025253666
2018-04-05 14:51:00,0.3676946727225072
2018-04-05 14:54:00,0.3754266776356303
2018-04-05 14:57:00,0.46398485329979167
2018-04-05 15:00:00,0.526026207169707
2018-04-05 15:03:00,0.590164830540516
2018-04-05 15:06:00,0.619879885800799
2018-04-05 15:09:00,0.5566040097453424
2018-04-05 15:12:00,0.5367872439528583
2018-04-05 15:15:00,0.5145741650649711
2018-04-05 15:18:00,0.6004903685326326
2018-04-05 15:21:00,0.49589353741924924
2018-04-05 15:24:00,0.465329751133595
2018-04-05 15:27:00,0.4071490958486379
2018-04-05 15:30:00,0.4148661746581297
2018-04-05 15:33:00,0.5149507593241651
2018-04-05 15:36:00,0.31494523002191954
2018-04-05 15:39:00,0.3590323076184063
2018-04-05 15:42:00,0.43265255521265544
2018-04-05 15:45:00,0.3566810690077773
2018-04-05 15:48:00,0.3224616324031331
2018-04-05 15:51:00,0.21530918224942752
2018-04-05 15:54:00,0.32918180073994563
2018-04-05 15:57:00,0.2462906647527916
2018-04-05 16:00:00,0.18587941571860256
2018-04-05 16:03:00,0.3058050891145285
2018-04-05 16:06:00,0.1351200569574189
2018-04-05 16:09:00,0.11842612835658883
2018-04-05 16:12:00,0.11670903659688747
2018-04-05 16:15:00,0.0645138580300113
2018-04-05 16:18:00,0.09635643266130955
2018-04-05 16:21:00,0.02613051276580336
2018-04-05 16:24:00,0.10696577421799702
2018-04-05 16:27:00,0.1084041317409401
2018-04-05 16:30:00,0.14603568327521543
2018-04-05 16:33:00,0.08571231978788774
2018-04-05 16:36:00,0.18566841511267285
2018-04-05 16:39:00,0.1873984691792998
2018-04-05 16:42:00,0.06652001303285715
2018-04-05 16:45:00,0.13054894169289355
2018-04-05 16:48:00,0.1356491310772867
2018-04-05 16:51:00,0.16375401506883236
2018-04-05 16:54:00,-0.051142172680954445
2018-04-05 16:57:00,0.11589516075002848
2018-04-05 17:00:00,0.24847501486630108
2018-04-05 17:03:00,0.11268831834399862
2018-04-05 17:06:00,0.2114879495305786
2018-04-05 17:09:00,0.12561777589655776
2018-04-05 17:12:00,0.21207554918936466
2018-04-05 17:15:00,0.20237190967327479
2018-04-05 17:18:00,0.19709458487295706
2018-04-05 17:21:00,0.09508694754504177
2018-04-05 17:24:00,0.24728617700651512
2018-04-05 17:27:00,0.17605782194823405
2018-04-05 17:30:00,0.17163261901140459
2018-04-05 17:33:00,0.15934799538348443
2018-04-05 17:36:00,0.17958339750225605
2018-04-05 17:39:00,0.1326961369034052
2018-04-05 17:42:00,0.18355702558852727
2018-04-05 17:45:00,0.23579297142941869
2018-04-05 17:48:00,0.2806720943128198
2018-04-05 17:51:00,0.343750447644652
2018-04-05 17:54:00,0.18903286866907365
2018-04-05 17:57:00,0.14140649537171157
2018-04-05 18:00:00,0.29413606235135603
2018-04-05 18:03:00,0.23482949721625346
2018-04-05 18:06:00,0.21788593771782416
2018-04-05 18:09:00,0.3331606348608034
2018-04-05 18:12:00,0.26289389085030734
2018-04-05 18:15:00,0.356964153669594
2018-04-05 18:18:00,0.2420894520101342
2018-04-05 18:21:00,0.21144126840761146
2018-04-05 18:24:00,0.472109760190051
2018-04-05 18:27:00,0.3436895153744217
2018-04-05 18:30:00,0.2914485763182597
2018-04-05 18:33:00,0.29731773207231527
2018-04-05 18:36:00,0.22900669717836308
2018-04-05 18:39:00,0.254711402559451
2018-04-05 18:42:00,0.3204669702328147
2018-04-05 18:45:00,0.3246756192623934
2018-04-05 18:48:00,0.2878403382109127
2018-04-05 18:51:00,
2018-04-05 18:54:00,
2018-04-05 18:57:00,
2018-04-05 19:00:00,
2018-04-05 19:03:00,
2018-04-05 19:06:00,0.16820619371401335
2018-04-05 19:09:00,0.3612221738346193
2018-04-05 19:12:00,0.3488795302329777
2018-04-05 19:15:00,0.40561204276770013
2018-04-05 19:18:00,0.35111616172196136
2018-04-05 19:21:00,0.3687172613312555
2018-04-05 19:24:00,0.33278992358805226
2018-04-05 19:27:00,0.3260041598647945
2018-04-05 19:30:00,0.39877526185017587
2018-04-05 19:33:00,0.3038827659939898
2018-04-05 19:36:00,0.36692431820904403
2018-04-05 19:39:00,0.35649526271686227
2018-04-05 19:42:00,0.37707816362262747
2018-04-05 19:45:00,0.4167651319154402
2018-04-05 19:48:00,0.6027389100902383
2018-04-05 19:51:00,0.5744919690711185
2018-04-05 19:54:00,0.577547210266232
2018-04-05 19:57:00,0.4952231939540752
2018-04-05 20:00:00,0.6255043598786187
2018-04-05 20:03:00,0.7221360960271568
2018-04-05 20:06:00,0.7938368697401756
2018-04-05 20:09:00,0.7230405512143534
2018-04-05 20:12:00,0.6309390803903625
2018-04-05 20:15:00,0.5391338108918831
2018-04-05 20:18:00,0.6113989393564339
2018-04-05 20:21:00,0.614275816808231
2018-04-05 20:24:00,0.409945269703087
2018-04-05 20:27:00,0.4088730317604359
2018-04-05 20:30:00,0.5008749957021337
2018-04-05 20:33:00,0.5422095944832108
2018-04-05 20:36:00,0.6225278241892056
2018-04-05 20:39:00,0.5899804549995906
2018-04-05 20:42:00,0.5079923176337502
2018-04-05 20:45:00,0.4525043823976489
2018-04-05 20:48:00,0.3039353106578915
2018-04-05 20:51:00,0.3774435214712071
2018-04-05 20:54:00,0.5026866639373111
2018-04-05 20:57:00,0.3506056913781208
2018-04-05 21:00:00,0.3936080151478336
2018-04-05 21:03:00,0.32230687806520564
2018-04-05 21:06:00,0.4146550760354444
2018-04-05 21:09:00,0.3839784934070849
2018-04-05 21:12:00,0.47866266578813566
2018-04-05 21:15:00,0.4866770370589393
2018-04-05 21:18:00,0.3307292975264886
2018-04-05 21:21:00,0.3689754337754607
2018-04-05 21:24:00,0.3348706159528092
2018-04-05 21:27:00,0.39311557027997424
2018-04-05 21:30:00,0.45705094844026917
2018-04-05 21:33:00,0.41447717399051953
2018-04-05 21:36:00,0.4415093937587926
2018-04-05 21:39:00,0.4823033766949152
2018-04-05 21:42:00,0.473652647064398
2018-04-05 21:45:00,0.5774692056092476
2018-04-05 21:48:00,0.5375145261090779
2018-04-05 21:51:00,0.4584011370325811
2018-04-05 21:54:00,0.5054071794212405
2018-04-05 21:57:00,0.5231776170173816
2018-04-05 22:00:00,0.5626970292103124
2018-04-05 22:03:00,0.4948801596974022
2018-04-05 22:06:00,0.5812442557280519
2018-04-05 22:09:00,0.6666564527424725
2018-04-05 22:12:00,0.6247555258102011
2018-04-05 22:15:00,0.5798491505749439
2018-04-05 22:18:00,0.6360071454556646
2018-04-05 22:21:00,0.6148174104902182
2018-04-05 22:24:00,0.5420387074476025
2018-04-05 22:27:00,0.6292806100952362
2018-04-05 22:30:00,0.5727227006767635
2018-04-05 22:33:00,0.6404004234751142
2018-04-05 22:36:00,0.636936158216372
2018-04-05 22:39:00,0.731615761047749
2018-04-05 22:42:00,0.6510812823313472
2018-04-05 22:45:00,0.6781270868191314
2018-04-05 22:48:00,0.576770046265267
2018-04-05 22:51:00,0.5125372784253841
2018-04-05 22:54:00,0.5519762826167494
2018-04-05 22:57:00,0.5813460377526667
2018-04-05 23:00:00,0.5117055031103064
2018-04-05 23:03:00,0.4811692864719248
2018-04-05 23:06:00,0.5706658597977139
2018-04-05 23:09:00,0.6347212319491291
2018-04-05 23:12:00,0.6201504227248051
2018-04-05 23:15:00,0.6859438481295115
2018-04-05 23:18:00,0.820964715874652
2018-04-05 23:21:00,0.7106402971410262
2018-04-05 23:24:00,0.5122599586979959
2018-04-05 23:27:00,0.5579319668000835
2018-04-05 23:30:00,0.7292207561756072
2018-04-05 23:33:00,0.5609260279749151
2018-04-05 23:36:00,0.6515670542608518
2018-04-05 23:39:00,0.5828834312378035
2018-04-05 23:42:00,0.6518275749137388
2018-04-05 23:45:00,0.6587255224492878
2018-04-05 23:48:00,0.6193315209274601
2018-04-05 23:51:00,0.6645944079469359
2018-04-05 23:54:00,0.6423557024176603
2018-04-05 23:57:00,0.6073239646769366
2018-04-06 00:00:00,0.6312687880614476
2018-04-06 00:03:00,0.6800847192715764
2018-04-06 00:06:00,0.5945012626053767
2018-04-06 00:09:00,0.6888730349046455
2018-04-06 00:12:00,0.6923921152185812
2018-04-06 00:15:00,0.7454125474132525
2018-04-06 00:18:00,0.6638678672909464
2018-04-06 00:21:00,0.6919229866307433
2018-04-06 00:24:00,0.6920009615943172
2018-04-06 00:27:00,0.6448510036729544
2018-04-06 00:30:00,0.6769298708368297
2018-04-06 00:33:00,0.6660440699720311
2018-04-06 00:36:00,0.6414465679008003
2018-04-06 00:39:00,0.6333015162568927
2018-04-06 00:42:00,0.6779697163360652
2018-04-06 00:45:00,0.6518759221343089
2018-04-06 00:48:00,0.5165240724869591
2018-04-06 00:51:00,0.57045692131436
2018-04-06 00:54:00,0.5938606369372792
2018-04-06 00:57:00,0.6011136479074821
2018-04-06 01:00:00,0.558692492424882
2018-04-06 01:03:00,0.529149534496753
2018-04-06 01:06:00,0.6027977670747191
2018-04-06 01:09:00,0.4831264707772789
2018-04-06 01:12:00,0.4802075783251212
2018-04-06 01:15:00,0.606153279713169
2018-04-06 01:18:00,0.5737999775959679
2018-04-06 01:21:00,0.5282496966420922
2018-04-06 01:24:00,0.5328117300022086
2018-04-06 01:27:00,0.5731551499380316
2018-04-06 01:30:00,0.5467506349936002
2018-04-06 01:33:00,0.54547871046708
2018-04-06 01:36:00,0.5898682434884677
2018-04-06 01:39:00,0.6125107759420985
2018-04-06 01:42:00,0.5843000053437777
2018-04-06 01:45:00,0.6636686754303014
2018-04-06 01:48:00,0.5620992482031966
2018-04-06 01:51:00,0.6105890677019374
2018-04-06 01:54:00,0.6070012766641639
2018-04-06 01:57:00,0.6042800868454492
2018-04-06 02:00:00,0.5876239684414486
2018-04-06 02:03:00,0.5920913200586142
2018-04-06 02:06:00,0.5438275565364847
2018-04-06 02:09:00,0.5602214045599112
2018-04-06 02:12:00,0.611065822498631
2018-04-06 02:15:00,0.5754519364629118
2018-04-06 02:18:00,0.58524235941195
2018-04-06 02:21:00,0.5743912840955545
2018-04-06 02:24:00,0.6891829957521054
2018-04-06 02:27:00,0.5283912927457095
2018-04-06 02:30:00,0.600810574063928
2018-04-06 02:33:00,0.6193178217529294
2018-04-06 02:36:00,0.6974677366798687
2018-04-06 02:39:00,0.5650610909410148
2018-04-06 02:42:00,0.6516824570510948
2018-04-06 02:45:00,0.5797800985621393
2018-04-06 02:48:00,0.6243969373698519
2018-04-06 02:51:00,0.6219934809455481
2018-04-06 02:54:00,0.6461706338836279
2018-04-06 02:57:00,0.5709178644373765
2018-04-06 03:00:00,0.5510896160496941
2018-04-06 03:03:00,0.6536139713417697
2018-04-06 03:06:00,0.5480991224234799
2018-04-06 03:09:00,0.5602178764634118
2018-04-06 03:12:00,0.49228359136668587
2018-04-06 03:15:00,0.5302465950510964
2018-04-06 03:18:00,0.5574080997669171
2018-04-06 03:21:00,0.45248387340802765
2018-04-06 03:24:00,0.5693507311682993
2018-04-06 03:27:00,0.5924142159483949
2018-04-06 03:30:00,0.6521171099968228
2018-04-06 03:33:00,0.6178248226617029
2018-04-06 03:36:00,0.7136536004524032
2018-04-06 03:39:00,0.7121900207678777
2018-04-06 03:42:00,0.6998026247075018
2018-04-06 03:45:00,0.7320259051916764
2018-04-06 03:48:00,0.6286365838821553
2018-04-06 03:51:00,0.769530731096836
2018-04-06 03:54:00,0.6505739239638046
2018-04-06 03:57:00,0.7412875134817227
2018-04-06 04:00:00,0.6100288420740867
2018-04-06 04:03:00,0.6917735266856653
2018-04-06 04:06:00,0.646775155110447
2018-04-06 04:09:00,0.6811575531655194
2018-04-06 04:12:00,0.6813700005765781
2018-04-06 04:15:00,0.655464771392019
2018-04-06 04:18:00,0.7826397171127155
2018-04-06 04:21:00,0.674032700962016
2018-04-06 04:24:00,0.725947256352697
2018-04-06 04:27:00,0.7442082128707739
2018-04-06 04:30:00,0.7794493415870534
2018-04-06 04:33:00,0.821455635469647
2018-04-06 04:36:00,0.6668806732576513
2018-04-06 04:39:00,0.7012625332474158
2018-04-06 04:42:00,0.7401131100228326
2018-04-06 04:45:00,0.7329296081663301
2018-04-06 04:48:00,0.7239667459282941
2018-04-06 04:51:00,0.6377147415001332
2018-04-06 04:54:00,0.6511457263432021
2018-04-06 04:57:00,0.6998955477142204
2018-04-06 05:00:00,0.8012723888597861
2018-04-06 05:03:00,0.71815876584742
2018-04-06 05:06:00,0.8656518220535645
2018-04-06 05:09:00,0.7177233941760619
2018-04-06 05:12:00,0.79265225837554
2018-04-06 05:15:00,0.7096773776772807
2018-04-06 05:18:00,0.7155702051173307
2018-04-06 05:21:00,0.7275645593031186
2018-04-06 05:24:00,0.7273829721185052
2018-04-06 05:27:00,0.5900840031088137
2018-04-06 05:30:00,0.6482438675992057
2018-04-06 05:33:00,0.6732958762972316
2018-04-06 05:36:00,0.6021410076722873
2018-04-06 05:39:00,0.7494401364685928
2018-04-06 05:42:00,0.6287293248747687
2018-04-06 05:45:00,0.6541940637981156
2018-04-06 05:48:00,0.6689839685262768
2018-04-06 05:51:00,0.6720151999039103
2018-04-06 05:54:00,0.5840041122552293
2018-04-06 05:57:00,0.6189692878639335
2018-04-06 06:00:00,0.5850300292775614
2018-04-06 06:03:00,0.5402490012299381
2018-04-06 06:06:00,0.5575178741950708
2018-04-06 06:09:00,0.5727567333066759
2018-04-06 06:12:00,0.5904445968590721
2018-04-06 06:15:00,0.7016206938080813
2018-04-06 06:18:00,0.5886032824411132
2018-04-06 06:21:00,0.6017588948321304
2018-04-06 06:24:00,0.739964337960771
2018-04-06 06:27:00,0.6094942765315636
2018-04-06 06:30:00,0.5847648065040403
2018-04-06 06:33:00,0.664465984555136
2018-04-06 06:36:00,0.6917282228276918
2018-04-06 06:39:00,0.6516124907565768
2018-04-06 06:42:00,0.6870166490123211
2018-04-06 06:45:00,0.5946912353191465
2018-04-06 06:48:00,0.6352560325236709
2018-04-06 06:51:00,0.6201073064159459
2018-04-06 06:54:00,0.5479965011275567
2018-04-06 06:57:00,0.502791068916622
2018-04-06 07:00:00,0.629837213592225
2018-04-06 07:03:00,0.6224793048781407
2018-04-06 07:06:00,0.6885565470100801
2018-04-06 07:09:00,0.6405042167561987
2018-04-06 07:12:00,0.5603482538473941
2018-04-06 07:15:00,0.5573042529595114
2018-04-06 07:18:00,0.5524808870566176
2018-04-06 07:21:00,0.5676696439342663
2018-04-06 07:24:00,0.607363796369043
2018-04-06 07:27:00,0.5641916149039616
2018-04-06 07:30:00,0.6284276545978855
2018-04-06 07:33:00,0.687967516216645
2018-04-06 07:36:00,0.5961311409728296
2018-04-06 07:39:00,0.5968715312279187
2018-04-06 07:42:00,0.5132128634773494
2018-04-06 07:45:00,0.6310637695276
2018-04-06 07:48:00,0.563174837595227
2018-04-06 07:51:00,0.6310792020954068
2018-04-06 07:54:00,0.6395862084312398
2018-04-06 07:57:00,0.654641447908034
2018-04-06 08:00:00,0.6171680421333008
2018-04-06 08:03:00,0.7087198938913843
2018-04-06 08:06:00,0.6223046234599678
2018-04-06 08:09:00,0.7605534293285814
2018-04-06 08:12:00,0.6233599722219765
2018-04-06 08:15:00,0.6452644581208347
2018-04-06 08:18:00,0.6426315073512683
2018-04-06 08:21:00,0.572719071448887
2018-04-06 08:24:00,0.5714144410662243
2018-04-06 08:27:00,0.5712504014608157
2018-04-06 08:30:00,0.6203409650331082
2018-04-06 08:33:00,0.5548387105776555
2018-04-06 08:36:00,0.6283954712477566
2018-04-06 08:39:00,0.6716514926267791
2018-04-06 08:42:00,0.5560936831337244
2018-04-06 08:45:00,0.6403729713416624
2018-04-06 08:48:00,0.5740431055143063
2018-04-06 08:51:00,0.5398041196918371
2018-04-06 08:54:00,0.5116430237600866
2018-04-06 08:57:00,0.5048972543389709
2018-04-06 09:00:00,0.4898823911156569
2018-04-06 09:03:00,0.4304080112618749
2018-04-06 09:06:00,0.5203700249512053
2018-04-06 09:09:00,0.5841021803279887
2018-04-06 09:12:00,0.4790805285044826
2018-04-06 09:15:00,0.5294072102424252
2018-04-06 09:18:00,0.5509746056607696
2018-04-06 09:21:00,0.4127801914908673
2018-04-06 09:24:00,0.4410632920623243
2018-04-06 09:27:00,0.5264712225835524
2018-04-06 09:30:00,0.5121155479323534
2018-04-06 09:33:00,0.4207073898558633
2018-04-06 09:36:00,0.4298584056383561
2018-04-06 09:39:00,0.5793195630903369
2018-04-06 09:42:00,0.4807978194228326
2018-04-06 09:45:00,0.5138092274162886
2018-04-06 09:48:00,0.42607508968916363
2018-04-06 09:51:00,0.5618544720975933
2018-04-06 09:54:00,0.4947496650312928
2018-04-06 09:57:00,0.4533431435722832
2018-04-06 10:00:00,0.5074139263267057
2018-04-06 10:03:00,0.44682349809272637
2018-04-06 10:06:00,0.37087581388919943
2018-04-06 10:09:00,0.416475812577346
2018-04-06 10:12:00,0.4973190205067226
2018-04-06 10:15:00,0.404712917543975
2018-04-06 10:18:00,0.47887243150904624
2018-04-06 10:21:00,0.43244210965883667
2018-04-06 10:24:00,0.35934053625101114
2018-04-06 10:27:00,0.25648916106626984
2018-04-06 10:30:00,0.4706322217625143
2018-04-06 10:33:00,0.3791923397218966
2018-04-06 10:36:00,0.37419699417779384
2018-04-06 10:39:00,0.3604221659216478
2018-04-06 10:42:00,0.3172185489838171
2018-04-06 10:45:00,0.3809367857343773
2018-04-06 10:48:00,0.2960328522127611
2018-04-06 10:51:00,0.4168710029664453
2018-04-06 10:54:00,0.31317664177964843
2018-04-06 10:57:00,0.2839926008364273
2018-04-06 11:00:00,0.3684760169797414
2018-04-06 11:03:00,0.3553889493715019
2018-04-06 11:06:00,0.23388177809658828
2018-04-06 11:09:00,0.23262654179279707
2018-04-06 11:12:00,0.2219733817149745
2018-04-06 11:15:00,0.16732955821714768
2018-04-06 11:18:00,0.25092538318978086
2018-04-06 11:21:00,0.2242152084547797
2018-04-06 11:24:00,0.22602300684951615
2018-04-06 11:27:00,0.1860905304715743
2018-04-06 11:30:00,0.17103355453605218
2018-04-06 11:33:00,0.23754802703905398
2018-04-06 11:36:00,0.15264310734499986
2018-04-06 11:39:00,0.15863919054811504
2018-04-06 11:42:00,0.16692442049929923
2018-04-06 11:45:00,0.1967873736838328
2018-04-06 11:48:00,0.23522739485804323
2018-04-06 11:51:00,0.19657832849992474
2018-04-06 11:54:00,0.14144894507836625
2018-04-06 11:57:00,0.22342988344058767
2018-04-06 12:00:00,0.2079760889310478
2018-04-06 12:03:00,0.19225576380773646
2018-04-06 12:06:00,0.1582966707425726
2018-04-06 12:09:00,0.26566805827246753
2018-04-06 12:12:00,0.2935103087990001
2018-04-06 12:15:00,0.3135715661587142
2018-04-06 12:18:00,0.2177295869832392
2018-04-06 12:21:00,0.24529639380386925
2018-04-06 12:24:00,0.19269865464531222
2018-04-06 12:27:00,0.21417160594603502
2018-04-06 12:30:00,0.1917550902516041
2018-04-06 12:33:00,0.0346393713824682
2018-04-06 12:36:00,0.12254086083521543
2018-04-06 12:39:00,-0.019312569234841703
2018-04-06 12:42:00,-0.028551363446524647
2018-04-06 12:45:00,0.16103029175576467
2018-04-06 12:48:00,0.11647627689785622
2018-04-06 12:51:00,0.23501774152458665
2018-04-06 12:54:00,0.09236461747934754
2018-04-06 12:57:00,0.09820962775808084
2018-04-06 13:00:00,0.06552232686573234
2018-04-06 13:03:00,0.12401813948099516
2018-04-06 13:06:00,0.09817035799619589
2018-04-06 13:09:00,0.07722273024745618
2018-04-06 13:12:00,0.10172626033778442
2018-04-06 13:15:00,0.1609482656759269
2018-04-06 13:18:00,0.1827738871618294
2018-04-06 13:21:00,0.2718619066449719
2018-04-06 13:24:00,0.20096363935454065
2018-04-06 13:27:00,0.17146383043979085
2018-04-06 13:30:00,0.2023625505477753
2018-04-06 13:33:00,0.08540816676730856
2018-04-06 13:36:00,0.10458409222644605
2018-04-06 13:39:00,0.1188353629880794
2018-04-06 13:42:00,0.1332323551675927
2018-04-06 13:45:00,0.04469514313831269
2018-04-06 13:48:00,0.07548976677304609
2018-04-06 13:51:00,0.05390641285845277
2018-04-06 13:54:00,0.012380390857515522
2018-04-06 13:57:00,0.004488039822490464
2018-04-06 14:00:00,0.19571855794185922
2018-04-06 14:03:00,0.10693958226346467
2018-04-06 14:06:00,0.15439154502399788
2018-04-06 14:09:00,0.1718122361800738
2018-04-06 14:12:00,0.0551680730982298
2018-04-06 14:15:00,0.052722462549184
2018-04-06 14:18:00,0.042556525370514464
2018-04-06 14:21:00,0.10948679249719362
2018-04-06 14:24:00,0.05237507451658985
2018-04-06 14:27:00,0.12951551529766903
2018-04-06 14:30:00,0.202677323557225
2018-04-06 14:33:00,0.035734552764211
2018-04-06 14:36:00,0.11402560529018047
2018-04-06 14:39:00,0.05439516245877485
2018-04-06 14:42:00,0.11496947803942703
2018-04-06 14:45:00,0.14158041647010577
2018-04-06 14:48:00,0.025270301432385622
2018-04-06 14:51:00,0.04822380709993013
2018-04-06 14:54:00,0.05992306040712947
2018-04-06 14:57:00,0.09674444007305283
2018-04-06 15:00:00,0.11281054133098678
2018-04-06 15:03:00,0.12345153109271223
2018-04-06 15:06:00,0.09161398154776634
2018-04-06 15:09:00,0.06479589591123158
2018-04-06 15:12:00,0.077268152517604
2018-04-06 15:15:00,0.015778177688048345
2018-04-06 15:18:00,0.019046818767264995
2018-04-06 15:21:00,0.0452417337913289
2018-04-06 15:24:00,0.1797857059629564
2018-04-06 15:27:00,0.1213998524873432
2018-04-06 15:30:00,0.10141143059843216
2018-04-06 15:33:00,0.21708870546018488
2018-04-06 15:36:00,0.11137334268414634
2018-04-06 15:39:00,0.14841813878683752
2018-04-06 15:42:00,0.20303092356817842
2018-04-06 15:45:00,0.02354070962650212
2018-04-06 15:48:00,0.23908631515575962
2018-04-06 15:51:00,0.17333699119888024
2018-04-06 15:54:00,0.19404644649864622
2018-04-06 15:57:00,-0.010930810445643147
2018-04-06 16:00:00,0.18704628036186932
2018-04-06 16:03:00,0.1480270423219281
2018-04-06 16:06:00,0.11627002603307801
2018-04-06 16:09:00,0.19215285955806394
2018-04-06 16:12:00,0.04677135189302817
2018-04-06 16:15:00,0.0732366720593518
2018-04-06 16:18:00,0.07056377376233058
2018-04-06 16:21:00,0.07354899000750947
2018-04-06 16:24:00,0.08076373277936
2018-04-06 16:27:00,0.1491246573951912
2018-04-06 16:30:00,0.28778223624084376
2018-04-06 16:33:00,0.20852161953820314
2018-04-06 16:36:00,0.1437046654510823
2018-04-06 16:39:00,0.2577565649073108
2018-04-06 16:42:00,0.14139560269069307
2018-04-06 16:45:00,0.2691426441528506
2018-04-06 16:48:00,0.18125525138719922
2018-04-06 16:51:00,0.15679854726846543
2018-04-06 16:54:00,0.24825173259330313
2018-04-06 16:57:00,0.13371209175898002
2018-04-06 17:00:00,0.23281274691669296
2018-04-06 17:03:00,0.10288578383045888
2018-04-06 17:06:00,0.3023421029812994
2018-04-06 17:09:00,0.08545537546632431
2018-04-06 17:12:00,0.16266074991943924
2018-04-06 17:15:00,0.20383912022549566
2018-04-06 17:18:00,0.18291649144191524
2018-04-06 17:21:00,0.22216272128559922
2018-04-06 17:24:00,0.30931459960265784
2018-04-06 17:27:00,0.16541680885865162
2018-04-06 17:30:00,0.18772657768636236
2018-04-06 17:33:00,0.23763279364186474
2018-04-06 17:36:00,0.25880721384646677
2018-04-06 17:39:00,0.21249071172991307
2018-04-06 17:42:00,0.10162105397864707
2018-04-06 17:45:00,0.27192273470268447
2018-04-06 17:48:00,0.2602505822057424
2018-04-06 17:51:00,0.22533797740021555
2018-04-06 17:54:00,0.26288063003391926
2018-04-06 17:57:00,0.26568057247527577
2018-04-06 18:00:00,0.19647753970167514
2018-04-06 18:03:00,0.15660298737992662
2018-04-06 18:06:00,0.20872338228377885
2018-04-06 18:09:00,0.2559551321693334
2018-04-06 18:12:00,0.21388068652794345
2018-04-06 18:15:00,0.3324968120458607
2018-04-06 18:18:00,0.24785143380830732
2018-04-06 18:21:00,0.2836594345320691
2018-04-06 18:24:00,0.22749648920267873
2018-04-06 18:27:00,0.09005523413293304
2018-04-06 18:30:00,0.3086390280477076
2018-04-06 18:33:00,0.22581230262306917
2018-04-06 18:36:00,0.15128520614911167
2018-04-06 18:39:00,0.3026677361616521
2018-04-06 18:42:00,0.37633214690112027
2018-04-06 18:45:00,0.2469463533706744
2018-04-06 18:48:00,0.2663572306761921
2018-04-06 18:51:00,
2018-04-06 18:54:00,
2018-04-06 18:57:00,
2018-04-06 19:00:00,
2018-04-06 19:03:00,0.3153928771069445
2018-04-06 19:06:00,0.3190270009729943
2018-04-06 19:09:00,0.28550734380525
2018-04-06 19:12:00,0.29246907853115545
2018-04-06 19:15:00,0.2687608548082494
2018-04-06 19:18:00,0.2006586197641127
2018-04-06 19:21:00,0.2203537830267237
2018-04-06 19:24:00,0.24022170318386316
2018-04-06 19:27:00,0.17368178705038417
2018-04-06 19:30:00,0.26803142545088576
2018-04-06 19:33:00,0.24240639914665962
2018-04-06 19:36:00,0.1903379152113871
2018-04-06 19:39:00,0.32974062083991384
2018-04-06 19:42:00,0.21389449413817374
2018-04-06 19:45:00,0.24245129144526345
2018-04-06 19:48:00,0.2754799402533763
2018-04-06 19:51:00,0.26486203333405456
2018-04-06 19:54:00,0.30421301611266927
2018-04-06 19:57:00,0.24611226356933003
2018-04-06 20:00:00,0.3283453795605169
2018-04-06 20:03:00,0.30289030632962977
2018-04-06 20:06:00,0.2319373569909544
2018-04-06 20:09:00,0.2749169659498989
2018-04-06 20:12:00,0.30779531138131233
2018-04-06 20:15:00,0.26032255502377666
2018-04-06 20:18:00,0.2737652667237853
2018-04-06 20:21:00,0.2655539934595481
2018-04-06 20:24:00,0.2453605272065147
2018-04-06 20:27:00,0.2395046708410291
2018-04-06 20:30:00,0.24925084222167015
2018-04-06 20:33:00,0.18860474772088764
2018-04-06 20:36:00,0.1222955562544712
2018-04-06 20:39:00,0.22534256080064097
2018-04-06 20:42:00,0.09012475362283112
2018-04-06 20:45:00,0.4082967163524813
2018-04-06 20:48:00,0.24521050286278978
2018-04-06 20:51:00,0.272012263151737
2018-04-06 20:54:00,0.2111194200469413
2018-04-06 20:57:00,0.15157067314220285
2018-04-06 21:00:00,0.21396515544876138
2018-04-06 21:03:00,0.22521881841129243
2018-04-06 21:06:00,0.23519787942234416
2018-04-06 21:09:00,0.24072184510714578
2018-04-06 21:12:00,0.2839335107462375
2018-04-06 21:15:00,0.29232488318353944
2018-04-06 21:18:00,0.2860860695600991
2018-04-06 21:21:00,0.2745045057101265
2018-04-06 21:24:00,0.35615871287461687
2018-04-06 21:27:00,0.17934460830502985
2018-04-06 21:30:00,0.38610357440569487
2018-04-06 21:33:00,0.30872989007929164
2018-04-06 21:36:00,0.3548349115910696
2018-04-06 21:39:00,0.2729850806211971
2018-04-06 21:42:00,0.32814104750542583
2018-04-06 21:45:00,0.2207926546308272
2018-04-06 21:48:00,0.426100020496051
2018-04-06 21:51:00,0.31798520995141644
2018-04-06 21:54:00,0.3179031342968983
2018-04-06 21:57:00,0.37537376641336095
2018-04-06 22:00:00,0.3298749573137343
2018-04-06 22:03:00,0.2935682446108103
2018-04-06 22:06:00,0.3377407220505688
2018-04-06 22:09:00,0.3234791175567011
2018-04-06 22:12:00,0.34353952953472344
2018-04-06 22:15:00,0.3348834373966838
2018-04-06 22:18:00,0.33626176590843215
2018-04-06 22:21:00,0.3742502747851404
2018-04-06 22:24:00,0.40324748923120524
2018-04-06 22:27:00,0.21540383166177435
2018-04-06 22:30:00,0.3492466583805367
2018-04-06 22:33:00,0.32295053881279046
2018-04-06 22:36:00,0.29781424901017317
2018-04-06 22:39:00,0.3918007116937474
2018-04-06 22:42:00,0.35761850005093265
2018-04-06 22:45:00,0.20505065407149914
2018-04-06 22:48:00,0.33739782646307503
2018-04-06 22:51:00,0.3880009158099824
2018-04-06 22:54:00,0.4209512384600771
2018-04-06 22:57:00,0.34063112609572954
2018-04-06 23:00:00,0.23214721133189187
2018-04-06 23:03:00,0.3323790768741901
2018-04-06 23:06:00,0.4710582256474254
2018-04-06 23:09:00,0.32371459047533335
2018-04-06 23:12:00,0.3795933750029121
2018-04-06 23:15:00,0.2706111272195244
2018-04-06 23:18:00,0.3605203573243898
2018-04-06 23:21:00,0.41034220063670546
2018-04-06 23:24:00,0.4543467509924426
2018-04-06 23:27:00,0.3530840804169202
2018-04-06 23:30:00,0.4062914460600382
2018-04-06 23:33:00,0.3601943627870696
2018-04-06 23:36:00,0.4143885828976863
2018-04-06 23:39:00,0.35459459267968896
2018-04-06 23:42:00,0.5173327481510341
2018-04-06 23:45:00,0.4306199920044378
2018-04-06 23:48:00,0.46430485098318286
2018-04-06 23:51:00,0.423768536575551
2018-04-06 23:54:00,0.45765218254888396
2018-04-06 23:57:00,0.4261756783649844
2018-04-07 00:00:00,0.43029015852914654
2018-04-07 00:03:00,0.3965878628962969
2018-04-07 00:06:00,0.461495731101877
2018-04-07 00:09:00,0.3916568543734229
2018-04-07 00:12:00,0.4635159778560478
2018-04-07 00:15:00,0.42827766591756244
2018-04-07 00:18:00,0.4285504120053929
2018-04-07 00:21:00,0.4607283381611751
2018-04-07 00:24:00,0.5047583853018409
2018-04-07 00:27:00,0.44727360262027105
2018-04-07 00:30:00,0.4766997455658952
2018-04-07 00:33:00,0.41568137501428737
2018-04-07 00:36:00,0.47278298969399657
2018-04-07 00:39:00,0.4162456837237869
2018-04-07 00:42:00,0.43847796992190524
2018-04-07 00:45:00,0.46663369377893105
2018-04-07 00:48:00,0.4849061927886851
2018-04-07 00:51:00,0.4060455575549895
2018-04-07 00:54:00,0.40696252290575785
2018-04-07 00:57:00,0.4879170877158572
2018-04-07 01:00:00,0.6033217289925688
2018-04-07 01:03:00,0.5305841934348337
2018-04-07 01:06:00,0.4089343114803228
2018-04-07 01:09:00,0.45362610977286977
2018-04-07 01:12:00,0.3773092608800539
2018-04-07 01:15:00,0.39223117962222886
2018-04-07 01:18:00,0.4202619647401775
2018-04-07 01:21:00,0.4646577339012765
2018-04-07 01:24:00,0.5010912474783709
2018-04-07 01:27:00,0.5100364676673621
2018-04-07 01:30:00,0.46659608172950584
2018-04-07 01:33:00,0.4537722103477222
2018-04-07 01:36:00,0.417751061543413
2018-04-07 01:39:00,0.4043639786375479
2018-04-07 01:42:00,0.5547541588124432
2018-04-07 01:45:00,0.5177720920881939
2018-04-07 01:48:00,0.47708969007027235
2018-04-07 01:51:00,0.5047853910538151
2018-04-07 01:54:00,0.5929882676912257
2018-04-07 01:57:00,0.5357620708302875
2018-04-07 02:00:00,0.5206543680940285
2018-04-07 02:03:00,0.5068790918936088
2018-04-07 02:06:00,0.4505657016161422
2018-04-07 02:09:00,0.4393808305046605
2018-04-07 02:12:00,0.5198912495557124
2018-04-07 02:15:00,0.49118391070322787
2018-04-07 02:18:00,0.5619642603547845
2018-04-07 02:21:00,0.49381626709379134
2018-04-07 02:24:00,0.6121018661697804
2018-04-07 02:27:00,0.5134635783880981
2018-04-07 02:30:00,0.5665566259173715
2018-04-07 02:33:00,0.5119861832668562
2018-04-07 02:36:00,0.5960641044734416
2018-04-07 02:39:00,0.487628996615058
2018-04-07 02:42:00,0.5458989113004691
2018-04-07 02:45:00,0.35196905910100895
2018-04-07 02:48:00,0.4196639000701339
2018-04-07 02:51:00,0.47990587221653414
2018-04-07 02:54:00,0.5776205085052197
2018-04-07 02:57:00,0.49056194392397856
2018-04-07 03:00:00,0.5115304085752541
2018-04-07 03:03:00,0.5393222458017704
2018-04-07 03:06:00,0.541924526191849
2018-04-07 03:09:00,0.5493787457802455
2018-04-07 03:12:00,0.49955311023819604
2018-04-07 03:15:00,0.5966474218574831
2018-04-07 03:18:00,0.4961886203940935
2018-04-07 03:21:00,0.466378257315057
2018-04-07 03:24:00,0.4740991772384291
2018-04-07 03:27:00,0.4459899267170613
2018-04-07 03:30:00,0.5343192824870471
2018-04-07 03:33:00,0.5311789617070417
2018-04-07 03:36:00,0.48961835062840464
2018-04-07 03:39:00,0.5873116232423854
2018-04-07 03:42:00,0.5421969343097999
2018-04-07 03:45:00,0.5355341669044833
2018-04-07 03:48:00,0.49872630004733765
2018-04-07 03:51:00,0.5537701320351403
2018-04-07 03:54:00,0.4572203675206197
2018-04-07 03:57:00,0.5996941503378252
2018-04-07 04:00:00,0.5857589132664316
2018-04-07 04:03:00,0.5669687047901562
2018-04-07 04:06:00,0.6070239528568209
2018-04-07 04:09:00,0.5013589477844107
2018-04-07 04:12:00,0.5899205955616367
2018-04-07 04:15:00,0.5281646327023282
2018-04-07 04:18:00,0.5982381029310773
2018-04-07 04:21:00,0.5227564446325914
2018-04-07 04:24:00,0.6665345553557813
2018-04-07 04:27:00,0.6408897570375984
2018-04-07 04:30:00,0.5530888322733745
2018-04-07 04:33:00,0.4894596074879587
2018-04-07 04:36:00,0.5551634046489653
2018-04-07 04:39:00,0.4593799760511388
2018-04-07 04:42:00,0.5323984855579624
2018-04-07 04:45:00,0.5112310138561043
2018-04-07 04:48:00,0.4965480815636738
2018-04-07 04:51:00,0.5115897784949652
2018-04-07 04:54:00,0.6045255708819468
2018-04-07 04:57:00,0.5811401562858123
2018-04-07 05:00:00,0.5307219168309416
2018-04-07 05:03:00,0.6316059857502978
2018-04-07 05:06:00,0.5468600162653274
2018-04-07 05:09:00,0.6254810538583229
2018-04-07 05:12:00,0.5158460768216173
2018-04-07 05:15:00,0.6647762340069789
2018-04-07 05:18:00,0.6018170488316059
2018-04-07 05:21:00,0.5392785926542842
2018-04-07 05:24:00,0.5538611185433524
2018-04-07 05:27:00,0.5173321725043252
2018-04-07 05:30:00,0.4797265463458871
2018-04-07 05:33:00,0.399953992535643
2018-04-07 05:36:00,0.38812567251073915
2018-04-07 05:39:00,0.5557247119808721
2018-04-07 05:42:00,0.4634651309816604
2018-04-07 05:45:00,0.6305149427070091
2018-04-07 05:48:00,0.6449083707568661
2018-04-07 05:51:00,0.6013827728733077
2018-04-07 05:54:00,0.6443582700347292
2018-04-07 05:57:00,0.5737150196551397
2018-04-07 06:00:00,0.5914092074505675
2018-04-07 06:03:00,0.4734028781379038
2018-04-07 06:06:00,0.495548808618139
2018-04-07 06:09:00,0.5200650342810036
2018-04-07 06:12:00,0.5303775152074195
2018-04-07 06:15:00,0.4071714508526725
2018-04-07 06:18:00,0.5897323722319925
2018-04-07 06:21:00,0.47148187602834923
2018-04-07 06:24:00,0.5596107673483175
2018-04-07 06:27:00,0.5212950355701764
2018-04-07 06:30:00,0.5541260473325451
2018-04-07 06:33:00,0.5340341578076391
2018-04-07 06:36:00,0.5518865328179459
2018-04-07 06:39:00,0.5695509066727027
2018-04-07 06:42:00,0.5639293201173246
2018-04-07 06:45:00,0.5201516535327642
2018-04-07 06:48:00,0.4373558000055482
2018-04-07 06:51:00,0.4848828217952814
2018-04-07 06:54:00,0.48895825468702014
2018-04-07 06:57:00,0.47577312670154015
2018-04-07 07:00:00,0.46801761084390137
2018-04-07 07:03:00,0.5459509483672491
2018-04-07 07:06:00,0.5242225587661551
2018-04-07 07:09:00,0.561976342188359
2018-04-07 07:12:00,0.6268671127596122
2018-04-07 07:15:00,0.4479868171696353
2018-04-07 07:18:00,0.5123649378915047
2018-04-07 07:21:00,0.4620490889845996
2018-04-07 07:24:00,0.43339788952334857
2018-04-07 07:27:00,0.42737112190656035
2018-04-07 07:30:00,0.43825866043107453
2018-04-07 07:33:00,0.45618812220908467
2018-04-07 07:36:00,0.5343925941451175
2018-04-07 07:39:00,0.5206149874776997
2018-04-07 07:42:00,0.522841750660632
2018-04-07 07:45:00,0.47300825541674385
2018-04-07 07:48:00,0.4894225110706998
2018-04-07 07:51:00,0.5729632575940968
2018-04-07 07:54:00,0.4594226064607483
2018-04-07 07:57:00,0.5455438760646416
2018-04-07 08:00:00,0.6317900068078188
2018-04-07 08:03:00,0.566595595031913
2018-04-07 08:06:00,0.5291706247643901
2018-04-07 08:09:00,0.46706871013475393
2018-04-07 08:12:00,0.43353702912662584
2018-04-07 08:15:00,0.38242266286977156
2018-04-07 08:18:00,0.41400389152857997
2018-04-07 08:21:00,0.47917338534222154
2018-04-07 08:24:00,0.2810546672029659
2018-04-07 08:27:00,0.2572861766951746
2018-04-07 08:30:00,0.29677838540970924
2018-04-07 08:33:00,0.30990158582397953
2018-04-07 08:36:00,0.4159945212481375
2018-04-07 08:39:00,0.21335808759516794
2018-04-07 08:42:00,0.35653778216419596
2018-04-07 08:45:00,0.39337151585084484
2018-04-07 08:48:00,0.5082732882954133
2018-04-07 08:51:00,0.5180299874099887
2018-04-07 08:54:00,0.36284338974508046
2018-04-07 08:57:00,0.39021575692402166
2018-04-07 09:00:00,0.38446775411262024
2018-04-07 09:03:00,0.28966278651626
2018-04-07 09:06:00,0.4259992342811074
2018-04-07 09:09:00,0.46457679048967293
2018-04-07 09:12:00,0.4206394552610391
2018-04-07 09:15:00,0.31190921632600066
2018-04-07 09:18:00,0.45397491371102205
2018-04-07 09:21:00,0.3695990745810036
2018-04-07 09:24:00,0.3443153156700305
2018-04-07 09:27:00,0.30436920484527263
2018-04-07 09:30:00,0.3364042812136745
2018-04-07 09:33:00,0.23702204415428696
2018-04-07 09:36:00,0.163164210279092
2018-04-07 09:39:00,0.13804614597006548
2018-04-07 09:42:00,0.15805063853338197
2018-04-07 09:45:00,0.20108801229451956
2018-04-07 09:48:00,0.130420222853445
2018-04-07 09:51:00,0.21383587594277742
2018-04-07 09:54:00,0.1588763985619721
2018-04-07 09:57:00,0.0675559134000423
2018-04-07 10:00:00,0.05013235607020761
2018-04-07 10:03:00,0.19591141673083712
2018-04-07 10:06:00,0.026268388903588402
2018-04-07 10:09:00,0.08879068020178238
2018-04-07 10:12:00,0.022818245270684656
2018-04-07 10:15:00,0.019333720068743787
2018-04-07 10:18:00,0.10745381513402208
2018-04-07 10:21:00,0.08581675208500883
2018-04-07 10:24:00,0.0075417687683625445
2018-04-07 10:27:00,-0.06925980897329964
2018-04-07 10:30:00,-0.003541134751799291
2018-04-07 10:33:00,-0.008933197703640872
2018-04-07 10:36:00,-0.004839507092356143
2018-04-07 10:39:00,-0.08553126221841012
2018-04-07 10:42:00,-0.018402701030481694
2018-04-07 10:45:00,0.059046135702431
2018-04-07 10:48:00,-0.05827971461940251
2018-04-07 10:51:00,0.004247909000866912
2018-04-07 10:54:00,-0.021088311819312366
2018-04-07 10:57:00,-0.014874260188150856
2018-04-07 11:00:00,0.057556107310858806
2018-04-07 11:03:00,-0.04302638626370481
2018-04-07 11:06:00,-0.015430009684166635
2018-04-07 11:09:00,0.020888853859503342
2018-04-07 11:12:00,-0.009077139375222032
2018-04-07 11:15:00,-0.01919324230021857
2018-04-07 11:18:00,0.04878196012742819
2018-04-07 11:21:00,-0.07429310502612907
2018-04-07 11:24:00,-0.1292861687377922
2018-04-07 11:27:00,-0.10850013307162953
2018-04-07 11:30:00,-0.003057153667498369
2018-04-07 11:33:00,0.00794353218748256
2018-04-07 11:36:00,-0.13035334165346057
2018-04-07 11:39:00,-0.16376736389298685
2018-04-07 11:42:00,-0.188410177180117
2018-04-07 11:45:00,-0.12326250183809861
2018-04-07 11:48:00,-0.20178659555188005
2018-04-07 11:51:00,0.17609622440920703
2018-04-07 11:54:00,0.3198484055130848
2018-04-07 11:57:00,0.3076118651372326
2018-04-07 12:00:00,-0.06352350043619026
2018-04-07 12:03:00,-0.2234726427178657
2018-04-07 12:06:00,0.09018348327344938
2018-04-07 12:09:00,0.15234308699609755
2018-04-07 12:12:00,-0.3285452985232382
2018-04-07 12:15:00,-0.20719719949215687
2018-04-07 12:18:00,-0.31857394280058315
2018-04-07 12:21:00,-0.14655639124526942
2018-04-07 12:24:00,-0.287511361704162
2018-04-07 12:27:00,-0.20073254877155478
2018-04-07 12:30:00,-0.2753900341450617
2018-04-07 12:33:00,-0.23706184019380316
2018-04-07 12:36:00,-0.21160120521597037
2018-04-07 12:39:00,-0.2799301358483035
2018-04-07 12:42:00,-0.24434203904843343
2018-04-07 12:45:00,-0.17750117795566211
2018-04-07 12:48:00,-0.13260410163496772
2018-04-07 12:51:00,-0.11967443591487381
2018-04-07 12:54:00,-0.27839606176877396
2018-04-07 12:57:00,-0.34437780659220607
2018-04-07 13:00:00,-0.1992532114505252
2018-04-07 13:03:00,-0.19100884163759702
2018-04-07 13:06:00,-0.21779588759193302
2018-04-07 13:09:00,-0.19537474069005611
2018-04-07 13:12:00,-0.1588968478699826
2018-04-07 13:15:00,-0.26929911515406957
2018-04-07 13:18:00,-0.2853270981516971
2018-04-07 13:21:00,-0.3156777486743181
2018-04-07 13:24:00,-0.2183000315034178
2018-04-07 13:27:00,-0.19836918226263833
2018-04-07 13:30:00,-0.12657647088042268
2018-04-07 13:33:00,-0.16999804365252658
2018-04-07 13:36:00,-0.08211278833761071
2018-04-07 13:39:00,-0.05196047024401196
2018-04-07 13:42:00,-0.14247124407057754
2018-04-07 13:45:00,-0.010998212109370797
2018-04-07 13:48:00,-0.1014278992090567
2018-04-07 13:51:00,0.055656711788799385
2018-04-07 13:54:00,-0.04068888633128154
2018-04-07 13:57:00,0.03035485437663965
2018-04-07 14:00:00,0.01092490930727763
2018-04-07 14:03:00,0.014838740009906815
2018-04-07 14:06:00,-0.07344051687789488
2018-04-07 14:09:00,-0.051270790443766145
2018-04-07 14:12:00,-0.006939848869421894
2018-04-07 14:15:00,0.027060464430746833
2018-04-07 14:18:00,0.09932804292117225
2018-04-07 14:21:00,-0.008054663222367253
2018-04-07 14:24:00,0.04606958913410608
2018-04-07 14:27:00,0.030010026206127804
2018-04-07 14:30:00,0.14733762553720453
2018-04-07 14:33:00,0.07890884739833837
2018-04-07 14:36:00,0.11120606806179012
2018-04-07 14:39:00,0.26382174372736245
2018-04-07 14:42:00,0.20752338259978842
2018-04-07 14:45:00,0.11921626490692461
2018-04-07 14:48:00,0.20506106322631013
2018-04-07 14:51:00,0.1017527060078578
2018-04-07 14:54:00,0.16179535701803616
2018-04-07 14:57:00,0.1714882336286223
2018-04-07 15:00:00,0.02931831410955965
2018-04-07 15:03:00,0.15147560632220802
2018-04-07 15:06:00,0.19128798572279493
2018-04-07 15:09:00,0.2668892009845649
2018-04-07 15:12:00,0.2241518020649096
2018-04-07 15:15:00,0.21856379610323984
2018-04-07 15:18:00,0.3793510430327274
2018-04-07 15:21:00,0.29148313061182307
2018-04-07 15:24:00,0.3744125646206271
2018-04-07 15:27:00,0.4815133444159869
2018-04-07 15:30:00,0.42397304830996063
2018-04-07 15:33:00,0.5352101271269021
2018-04-07 15:36:00,0.4952191878950316
2018-04-07 15:39:00,0.5374061468932609
2018-04-07 15:42:00,0.6086154590321939
2018-04-07 15:45:00,0.5319172026143519
2018-04-07 15:48:00,0.3766686582216039
2018-04-07 15:51:00,0.417002667619613
2018-04-07 15:54:00,0.45245072090818894
2018-04-07 15:57:00,0.22585430486401492
2018-04-07 16:00:00,0.17351520000408982
2018-04-07 16:03:00,0.2663663850225362
2018-04-07 16:06:00,0.1638753909816728
2018-04-07 16:09:00,0.16313525744794788
2018-04-07 16:12:00,0.1325835929746404
2018-04-07 16:15:00,0.08808250165049003
2018-04-07 16:18:00,0.15493401200944845
2018-04-07 16:21:00,0.1027894165289922
2018-04-07 16:24:00,0.17379596017804033
2018-04-07 16:27:00,0.20512371025500897
2018-04-07 16:30:00,0.13683523297459033
2018-04-07 16:33:00,0.22737695552297055
2018-04-07 16:36:00,0.15927394467468048
2018-04-07 16:39:00,0.21570307341960415
2018-04-07 16:42:00,0.1828133437231827
2018-04-07 16:45:00,0.23802039605715208
2018-04-07 16:48:00,0.2064410426165182
2018-04-07 16:51:00,0.30919952186036426
2018-04-07 16:54:00,0.3040035765042717
2018-04-07 16:57:00,0.3217818849509513
2018-04-07 17:00:00,0.28281666422503804
2018-04-07 17:03:00,0.2775097710459704
2018-04-07 17:06:00,0.3318715464320121
2018-04-07 17:09:00,0.39002750952255383
2018-04-07 17:12:00,0.33790159313792856
2018-04-07 17:15:00,0.4137065974053371
2018-04-07 17:18:00,0.26153159879225996
2018-04-07 17:21:00,0.2954448889654486
2018-04-07 17:24:00,0.19664599052873655
2018-04-07 17:27:00,0.27385957556441554
2018-04-07 17:30:00,0.13440021286044157
2018-04-07 17:33:00,0.26514379040941094
2018-04-07 17:36:00,0.27640998468979205
2018-04-07 17:39:00,0.18733070508864103
2018-04-07 17:42:00,0.15510719533602924
2018-04-07 17:45:00,0.12373565887617133
2018-04-07 17:48:00,0.17730458780044955
2018-04-07 17:51:00,0.188230889206352
2018-04-07 17:54:00,0.2592228770984093
2018-04-07 17:57:00,0.19365637497594435
2018-04-07 18:00:00,0.30301057271105947
2018-04-07 18:03:00,0.2525749260017278
2018-04-07 18:06:00,0.17273510062801734
2018-04-07 18:09:00,0.17836167661329227
2018-04-07 18:12:00,0.2558186019085156
2018-04-07 18:15:00,0.1553226892651196
2018-04-07 18:18:00,0.23082608791298753
2018-04-07 18:21:00,0.19714279553494407
2018-04-07 18:24:00,0.215256238988502
2018-04-07 18:27:00,0.30632149546306664
2018-04-07 18:30:00,0.24614800014182947
2018-04-07 18:33:00,0.2005438205410428
2018-04-07 18:36:00,0.24458162446927645
2018-04-07 18:39:00,0.23245326224775908
2018-04-07 18:42:00,0.20610942931784848
2018-04-07 18:45:00,0.32548528132872434
2018-04-07 18:48:00,0.2290844668449381
2018-04-07 18:51:00,0.1160591654584664
2018-04-07 18:54:00,
2018-04-07 18:57:00,
2018-04-07 19:00:00,
2018-04-07 19:03:00,0.26686230339470285
2018-04-07 19:06:00,0.3232930253219024
2018-04-07 19:09:00,0.33028260205031756
2018-04-07 19:12:00,0.4397028160242371
2018-04-07 19:15:00,0.3022957871893368
2018-04-07 19:18:00,0.3594415150260488
2018-04-07 19:21:00,0.3498410314010698
2018-04-07 19:24:00,0.358810675632526
2018-04-07 19:27:00,0.4255533720524909
2018-04-07 19:30:00,0.4179514121360626
2018-04-07 19:33:00,0.6002171501360181
2018-04-07 19:36:00,0.5454612792839271
2018-04-07 19:39:00,0.48965296709809536
2018-04-07 19:42:00,0.5181485397285996
2018-04-07 19:45:00,0.4661319160261428
2018-04-07 19:48:00,0.4352948197500268
2018-04-07 19:51:00,0.4838994673028765
2018-04-07 19:54:00,0.5016611869709209
2018-04-07 19:57:00,0.4493449612246536
2018-04-07 20:00:00,0.47199292631148637
2018-04-07 20:03:00,0.4864836230766514
2018-04-07 20:06:00,0.484338199734907
2018-04-07 20:09:00,0.42240917599264094
2018-04-07 20:12:00,0.4511104562301398
2018-04-07 20:15:00,0.401922684791316
2018-04-07 20:18:00,0.4228342719090392
2018-04-07 20:21:00,0.3784939323185199
2018-04-07 20:24:00,0.4022681631799401
2018-04-07 20:27:00,0.4518067505270551
2018-04-07 20:30:00,0.41507782995500975
2018-04-07 20:33:00,0.4034594817582615
2018-04-07 20:36:00,0.344316203678261
2018-04-07 20:39:00,0.4070218248638753
2018-04-07 20:42:00,0.3171572021381053
2018-04-07 20:45:00,0.3711048381892965
2018-04-07 20:48:00,0.3355884400912146
2018-04-07 20:51:00,0.4564649370928464
2018-04-07 20:54:00,0.437992995206514
2018-04-07 20:57:00,0.38782245720022956
2018-04-07 21:00:00,0.43567500396198966
2018-04-07 21:03:00,0.4673297437315682
2018-04-07 21:06:00,0.3886013999057809
2018-04-07 21:09:00,0.4704154703246104
2018-04-07 21:12:00,0.4593089142269946
2018-04-07 21:15:00,0.4491065764948985
2018-04-07 21:18:00,0.3352274404209652
2018-04-07 21:21:00,0.4042605698884927
2018-04-07 21:24:00,0.5616027646014459
2018-04-07 21:27:00,0.4433262571228056
2018-04-07 21:30:00,0.43327397280791047
2018-04-07 21:33:00,0.3835279798959732
2018-04-07 21:36:00,0.5032976820352246
2018-04-07 21:39:00,0.4473250596888647
2018-04-07 21:42:00,0.5231928295263515
2018-04-07 21:45:00,0.39964292157822
2018-04-07 21:48:00,0.4082217880960002
2018-04-07 21:51:00,0.29074496364268043
2018-04-07 21:54:00,0.310538846631232
2018-04-07 21:57:00,0.41121896098803745
2018-04-07 22:00:00,0.3083033931368959
2018-04-07 22:03:00,0.3353077594076126
2018-04-07 22:06:00,0.28709433377713367
2018-04-07 22:09:00,0.3397659877323349
2018-04-07 22:12:00,0.3142566670601923
2018-04-07 22:15:00,0.36330321278927613
2018-04-07 22:18:00,0.33644543355120504
2018-04-07 22:21:00,0.33649055211554924
2018-04-07 22:24:00,0.31385006858982933
2018-04-07 22:27:00,0.32297657908662813
2018-04-07 22:30:00,0.3848987380884523
2018-04-07 22:33:00,0.22272245174298178
2018-04-07 22:36:00,0.274523956673022
2018-04-07 22:39:00,0.18433257355547994
2018-04-07 22:42:00,0.2474355539291082
2018-04-07 22:45:00,0.39447764173883115
2018-04-07 22:48:00,0.28716179685500265
2018-04-07 22:51:00,0.37197083731109615
2018-04-07 22:54:00,0.2259578428576674
2018-04-07 22:57:00,0.3660626255518764
2018-04-07 23:00:00,0.32602101863972166
2018-04-07 23:03:00,0.29543725232792895
2018-04-07 23:06:00,0.33516155271644266
2018-04-07 23:09:00,0.4188776015556641
2018-04-07 23:12:00,0.46644350977481963
2018-04-07 23:15:00,0.3195204638674909
2018-04-07 23:18:00,0.2773558610942928
2018-04-07 23:21:00,0.4004100508443571
2018-04-07 23:24:00,0.37268670769151413
2018-04-07 23:27:00,0.36826295875675896
2018-04-07 23:30:00,0.40225633721047416
2018-04-07 23:33:00,0.3343352966498401
2018-04-07 23:36:00,0.2551080648303241
2018-04-07 23:39:00,0.3828507750578183
2018-04-07 23:42:00,0.3235316614378121
2018-04-07 23:45:00,0.4191596971992908
2018-04-07 23:48:00,0.35857613973035996
2018-04-07 23:51:00,0.2788881510411443
2018-04-07 23:54:00,0.3422202238848513
2018-04-07 23:57:00,0.32443883212908986
2018-04-08 00:00:00,0.39808669800805774
2018-04-08 00:03:00,0.27949958036947464
2018-04-08 00:06:00,0.38851955749402123
2018-04-08 00:09:00,0.36392403899634473
2018-04-08 00:12:00,0.4106058795368881
2018-04-08 00:15:00,0.43569186796474924
2018-04-08 00:18:00,0.4923518031965841
2018-04-08 00:21:00,0.5215084949452375
2018-04-08 00:24:00,0.39368518485059667
2018-04-08 00:27:00,0.4597554892709468
2018-04-08 00:30:00,0.4596723152461095
2018-04-08 00:33:00,0.3756904391704552
2018-04-08 00:36:00,0.46065806020521904
2018-04-08 00:39:00,0.471348460508068
2018-04-08 00:42:00,0.5276262125724429
2018-04-08 00:45:00,0.44275480570314585
2018-04-08 00:48:00,0.4145076259801499
2018-04-08 00:51:00,0.4353947615326774
2018-04-08 00:54:00,0.5043303793869427
2018-04-08 00:57:00,0.4279343470514618
2018-04-08 01:00:00,0.36077405029675447
2018-04-08 01:03:00,0.44070308706420747
2018-04-08 01:06:00,0.42733578722175025
2018-04-08 01:09:00,0.42533745229849274
2018-04-08 01:12:00,0.3940693340573489
2018-04-08 01:15:00,0.4131964293828787
2018-04-08 01:18:00,0.40714910672488713
2018-04-08 01:21:00,0.45836493417340307
2018-04-08 01:24:00,0.4601232834605753
2018-04-08 01:27:00,0.3934538995569028
2018-04-08 01:30:00,0.48892055329145023
2018-04-08 01:33:00,0.45874136512611585
2018-04-08 01:36:00,0.45631361785302715
2018-04-08 01:39:00,0.40244710085551105
2018-04-08 01:42:00,0.4927375075412215
2018-04-08 01:45:00,0.41279685840680713
2018-04-08 01:48:00,0.47512334544705936
2018-04-08 01:51:00,0.43811503219370707
2018-04-08 01:54:00,0.40953777055449336
2018-04-08 01:57:00,0.4145612050498926
2018-04-08 02:00:00,0.48917217577655947
2018-04-08 02:03:00,0.4040283864866865
2018-04-08 02:06:00,0.4621963832369147
2018-04-08 02:09:00,0.512986450509743
2018-04-08 02:12:00,0.522794256251359
2018-04-08 02:15:00,0.44426585733816637
2018-04-08 02:18:00,0.48477548055825537
2018-04-08 02:21:00,0.5077290717583196
2018-04-08 02:24:00,0.36402472984752876
2018-04-08 02:27:00,0.45794842136353964
2018-04-08 02:30:00,0.48974862365975014
2018-04-08 02:33:00,0.516492981856004
2018-04-08 02:36:00,0.47490319751995
2018-04-08 02:39:00,0.4694357767405677
2018-04-08 02:42:00,0.42897992634482307
2018-04-08 02:45:00,0.5678087604445068
2018-04-08 02:48:00,0.5185473002446201
2018-04-08 02:51:00,0.4276853788726953
2018-04-08 02:54:00,0.49971698635783923
2018-04-08 02:57:00,0.5048326882317156
2018-04-08 03:00:00,0.5381326602617378
2018-04-08 03:03:00,0.5704714566334701
2018-04-08 03:06:00,0.5132482152001785
2018-04-08 03:09:00,0.505029412438887
2018-04-08 03:12:00,0.49849805650853796
2018-04-08 03:15:00,0.49999962365626516
2018-04-08 03:18:00,0.4615387517443992
2018-04-08 03:21:00,0.4761554784336681
2018-04-08 03:24:00,0.5263242084794797
2018-04-08 03:27:00,0.42994342293548016
2018-04-08 03:30:00,0.5497959115557478
2018-04-08 03:33:00,0.5975858755890044
2018-04-08 03:36:00,0.5016040091420564
2018-04-08 03:39:00,0.6049421099775714
2018-04-08 03:42:00,0.648018366160727
2018-04-08 03:45:00,0.6073675203326161
2018-04-08 03:48:00,0.6514918331982358
2018-04-08 03:51:00,0.6745364236965088
2018-04-08 03:54:00,0.6845764772878624
2018-04-08 03:57:00,0.5570446181498596
2018-04-08 04:00:00,0.5576688734041682
2018-04-08 04:03:00,0.5544518165895624
2018-04-08 04:06:00,0.563085331507466
2018-04-08 04:09:00,0.6751347671582835
2018-04-08 04:12:00,0.47014384213491667
2018-04-08 04:15:00,0.49440691683184923
2018-04-08 04:18:00,0.5737680605607238
2018-04-08 04:21:00,0.5831432457879373
2018-04-08 04:24:00,0.6005243440145023
2018-04-08 04:27:00,0.6214699545864164
2018-04-08 04:30:00,0.74351932343626
2018-04-08 04:33:00,0.6502829189070667
2018-04-08 04:36:00,0.6634343913885346
2018-04-08 04:39:00,0.6805508583381084
2018-04-08 04:42:00,0.588526164355585
2018-04-08 04:45:00,0.6607188239635207
2018-04-08 04:48:00,0.5502599018236083
2018-04-08 04:51:00,0.6066185112179596
2018-04-08 04:54:00,0.6438956600038637
2018-04-08 04:57:00,0.6976898317071232
2018-04-08 05:00:00,0.623822824026206
2018-04-08 05:03:00,0.5802194694718992
2018-04-08 05:06:00,0.7189051886576863
2018-04-08 05:09:00,0.6038723404769257
2018-04-08 05:12:00,0.6602640703235352
2018-04-08 05:15:00,0.5238487574397936
2018-04-08 05:18:00,0.6926976075213247
2018-04-08 05:21:00,0.5861202488596291
2018-04-08 05:24:00,0.5338863206976612
2018-04-08 05:27:00,0.6010568859905447
2018-04-08 05:30:00,0.6644494926607081
2018-04-08 05:33:00,0.6754067916603503
2018-04-08 05:36:00,0.6936983587120835
2018-04-08 05:39:00,0.6835656973922255
2018-04-08 05:42:00,0.6475927748930985
2018-04-08 05:45:00,0.5364002776414623
2018-04-08 05:48:00,0.6723378307045778
2018-04-08 05:51:00,0.5892295351484336
2018-04-08 05:54:00,0.7035586376330798
2018-04-08 05:57:00,0.6567919177824706
2018-04-08 06:00:00,0.5487555227603593
2018-04-08 06:03:00,0.6157040730574295
2018-04-08 06:06:00,0.5687936961176092
2018-04-08 06:09:00,0.6063950229813031
2018-04-08 06:12:00,0.6225016856629395
2018-04-08 06:15:00,0.6437513571910358
2018-04-08 06:18:00,0.5976259928910395
2018-04-08 06:21:00,0.5091600060690098
2018-04-08 06:24:00,0.6176633281975228
2018-04-08 06:27:00,0.6744501005474035
2018-04-08 06:30:00,0.5850283706348023
2018-04-08 06:33:00,0.6340164499547427
2018-04-08 06:36:00,0.6606532694311795
2018-04-08 06:39:00,0.487523741441521
2018-04-08 06:42:00,0.5979498201856472
2018-04-08 06:45:00,0.5339046252502158
2018-04-08 06:48:00,0.4901878314855139
2018-04-08 06:51:00,0.5189105163183285
2018-04-08 06:54:00,0.4918540101970734
2018-04-08 06:57:00,0.5484282905872533
2018-04-08 07:00:00,0.46355160766091785
2018-04-08 07:03:00,0.5795301670170829
2018-04-08 07:06:00,0.6017211754579534
2018-04-08 07:09:00,0.5476499734922982
2018-04-08 07:12:00,0.5488996287933219
2018-04-08 07:15:00,0.5035801965306632
2018-04-08 07:18:00,0.5878252665979176
2018-04-08 07:21:00,0.42099038777831765
2018-04-08 07:24:00,0.438287200224579
2018-04-08 07:27:00,0.564205507119766
2018-04-08 07:30:00,0.6207058902401741
2018-04-08 07:33:00,0.6995043386185671
2018-04-08 07:36:00,0.5969166401043822
2018-04-08 07:39:00,0.4972323087033601
2018-04-08 07:42:00,0.6015336705710865
2018-04-08 07:45:00,0.5293339161602262
2018-04-08 07:48:00,0.5143322970178588
2018-04-08 07:51:00,0.5418185902881305
2018-04-08 07:54:00,0.5128813174637799
2018-04-08 07:57:00,0.356655889460626
2018-04-08 08:00:00,0.36744642980079334
2018-04-08 08:03:00,0.484337179125248
2018-04-08 08:06:00,0.3507720212898562
2018-04-08 08:09:00,0.3648448307610579
2018-04-08 08:12:00,0.45941787185216754
2018-04-08 08:15:00,0.46870612747585483
2018-04-08 08:18:00,0.36295600322739574
2018-04-08 08:21:00,0.38386273633238943
2018-04-08 08:24:00,0.37602288846039755
2018-04-08 08:27:00,0.3264850399062311
2018-04-08 08:30:00,0.4302651224170404
2018-04-08 08:33:00,0.39321781936365596
2018-04-08 08:36:00,0.313906150474736
2018-04-08 08:39:00,0.37867069646722484
2018-04-08 08:42:00,0.24716482573973053
2018-04-08 08:45:00,0.334960093315658
2018-04-08 08:48:00,0.42284620656226934
2018-04-08 08:51:00,0.40978556695614543
2018-04-08 08:54:00,0.2518552663742639
2018-04-08 08:57:00,0.29943836575819205
2018-04-08 09:00:00,0.3014636622909279
2018-04-08 09:03:00,0.2624283485181991
2018-04-08 09:06:00,0.32889115014194203
2018-04-08 09:09:00,0.3026328264255085
2018-04-08 09:12:00,0.3276243200613749
2018-04-08 09:15:00,0.3453501004132704
2018-04-08 09:18:00,0.3065479073264896
2018-04-08 09:21:00,0.2605685832122049
2018-04-08 09:24:00,0.3012433648435717
2018-04-08 09:27:00,0.21030255769778705
2018-04-08 09:30:00,0.2484745180996697
2018-04-08 09:33:00,0.15888898038588195
2018-04-08 09:36:00,0.2532348544518186
2018-04-08 09:39:00,0.14054088023084432
2018-04-08 09:42:00,0.10534409875032225
2018-04-08 09:45:00,0.15594483766506073
2018-04-08 09:48:00,0.2731338539159083
2018-04-08 09:51:00,0.2733387181439184
2018-04-08 09:54:00,0.15368242810791344
2018-04-08 09:57:00,0.09690369316456326
2018-04-08 10:00:00,0.0869579609039306
2018-04-08 10:03:00,0.1213961138514037
2018-04-08 10:06:00,0.14099870514382928
2018-04-08 10:09:00,0.07650107138852036
2018-04-08 10:12:00,0.04258502802815656
2018-04-08 10:15:00,0.07887570767024954
2018-04-08 10:18:00,0.017950035857893454
2018-04-08 10:21:00,0.029045752002048175
2018-04-08 10:24:00,0.03318575609779373
2018-04-08 10:27:00,0.011274126249077199
2018-04-08 10:30:00,0.07205226459154801
2018-04-08 10:33:00,-0.007650411215990971
2018-04-08 10:36:00,0.04087131968486801
2018-04-08 10:39:00,0.04191389394742373
2018-04-08 10:42:00,0.1156219178104152
2018-04-08 10:45:00,-0.0014564495619424633
2018-04-08 10:48:00,-0.017131486114521977
2018-04-08 10:51:00,0.03730027514922085
2018-04-08 10:54:00,-0.05809501921532956
2018-04-08 10:57:00,0.045261644528238776
2018-04-08 11:00:00,-0.020196291912839115
2018-04-08 11:03:00,0.009514290679135229
2018-04-08 11:06:00,-0.11692405596471644
2018-04-08 11:09:00,-0.06920699673565878
2018-04-08 11:12:00,-0.10502628714823459
2018-04-08 11:15:00,-0.06146360747612789
2018-04-08 11:18:00,-0.0703378282620406
2018-04-08 11:21:00,-0.01019552345962893
2018-04-08 11:24:00,-0.01254261122068101
2018-04-08 11:27:00,-0.16865396473389183
2018-04-08 11:30:00,-0.035573547349656565
2018-04-08 11:33:00,-0.1353847651603246
2018-04-08 11:36:00,-0.110906506946435
2018-04-08 11:39:00,-0.08466589890065279
2018-04-08 11:42:00,-0.07209832986211495
2018-04-08 11:45:00,-0.13660161089632084
2018-04-08 11:48:00,-0.012702246366359304
2018-04-08 11:51:00,-0.06640094725594281
2018-04-08 11:54:00,0.10868934999297153
2018-04-08 11:57:00,0.6404746440956046
2018-04-08 12:00:00,0.4462367995870409
2018-04-08 12:03:00,0.36969563294115915
2018-04-08 12:06:00,0.3459303556937243
2018-04-08 12:09:00,0.37887015717092254
2018-04-08 12:12:00,-0.07691173304777976
2018-04-08 12:15:00,-0.2611589745224592
2018-04-08 12:18:00,-0.06031485288690419
2018-04-08 12:21:00,-0.1335181941551582
2018-04-08 12:24:00,-0.06955692010427583
2018-04-08 12:27:00,-0.09043196105153584
2018-04-08 12:30:00,0.010556721244483924
2018-04-08 12:33:00,0.07063824366230165
2018-04-08 12:36:00,-0.15303013149650724
2018-04-08 12:39:00,-0.17409779029532046
2018-04-08 12:42:00,-0.2728936197106009
2018-04-08 12:45:00,-0.25025814251972633
2018-04-08 12:48:00,-0.24022239702543402
2018-04-08 12:51:00,-0.15328895094904738
2018-04-08 12:54:00,-0.19183692155104382
2018-04-08 12:57:00,-0.14472575653184094
2018-04-08 13:00:00,-0.18368332756494965
2018-04-08 13:03:00,-0.2002491676975069
2018-04-08 13:06:00,-0.1752270903517683
2018-04-08 13:09:00,-0.3104829432126053
2018-04-08 13:12:00,-0.2827103010176302
2018-04-08 13:15:00,-0.15496103737746125
2018-04-08 13:18:00,-0.2375399923760142
2018-04-08 13:21:00,-0.19578178332534435
2018-04-08 13:24:00,-0.3383902223180826
2018-04-08 13:27:00,-0.30805548236884306
2018-04-08 13:30:00,-0.23617366932501227
2018-04-08 13:33:00,-0.2742196628141187
2018-04-08 13:36:00,-0.31080091617047856
2018-04-08 13:39:00,-0.3439996780252841
2018-04-08 13:42:00,-0.22747047342670612
2018-04-08 13:45:00,-0.3644153392826297
2018-04-08 13:48:00,-0.1512057142600156
2018-04-08 13:51:00,-0.29258601312585597
2018-04-08 13:54:00,-0.2980563111729566
2018-04-08 13:57:00,-0.22803156526686053
2018-04-08 14:00:00,-0.33151430508490876
2018-04-08 14:03:00,-0.31803506006184534
2018-04-08 14:06:00,-0.3123611703039728
2018-04-08 14:09:00,-0.33855362340278816
2018-04-08 14:12:00,-0.29298103979255075
2018-04-08 14:15:00,-0.4021124549134356
2018-04-08 14:18:00,-0.30002743246865293
2018-04-08 14:21:00,-0.3069607268453751
2018-04-08 14:24:00,-0.2005232052458723
2018-04-08 14:27:00,-0.3714258070695564
2018-04-08 14:30:00,-0.2842821395555575
2018-04-08 14:33:00,-0.2690449229619958
2018-04-08 14:36:00,-0.1812779557151316
2018-04-08 14:39:00,-0.21880028696011777
2018-04-08 14:42:00,-0.30298012413572906
2018-04-08 14:45:00,-0.26550398292937416
2018-04-08 14:48:00,-0.21392782993251558
2018-04-08 14:51:00,-0.3602025231052153
2018-04-08 14:54:00,-0.12813568886201665
2018-04-08 14:57:00,-0.1707670124848164
2018-04-08 15:00:00,-0.19466871551748
2018-04-08 15:03:00,-0.23430720490432577
2018-04-08 15:06:00,-0.13502261295474227
2018-04-08 15:09:00,-0.08293888704190522
2018-04-08 15:12:00,-0.022917163950296526
2018-04-08 15:15:00,-0.016471282794327635
2018-04-08 15:18:00,0.13730918028886663
2018-04-08 15:21:00,0.18137928008900417
2018-04-08 15:24:00,0.24845530837234264
2018-04-08 15:27:00,0.3468017042647489
2018-04-08 15:30:00,0.3438194842923963
2018-04-08 15:33:00,0.4766001322904003
2018-04-08 15:36:00,0.33204478346948463
2018-04-08 15:39:00,0.4121314296510832
2018-04-08 15:42:00,0.3373642284062157
2018-04-08 15:45:00,0.31117932335956766
2018-04-08 15:48:00,0.18509287114045492
2018-04-08 15:51:00,0.3056308215067247
2018-04-08 15:54:00,0.3481108494527234
2018-04-08 15:57:00,0.31838396444743466
2018-04-08 16:00:00,0.10707426354940708
2018-04-08 16:03:00,0.13286262376163904
2018-04-08 16:06:00,0.031846730455526995
2018-04-08 16:09:00,0.09550503905751384
2018-04-08 16:12:00,0.16797005569719659
2018-04-08 16:15:00,0.13152555103715713
2018-04-08 16:18:00,0.059444850548345585
2018-04-08 16:21:00,-0.03937436398598493
2018-04-08 16:24:00,0.026252354715040838
2018-04-08 16:27:00,0.13035343727108284
2018-04-08 16:30:00,0.1524168325776145
2018-04-08 16:33:00,0.15011903075424016
2018-04-08 16:36:00,0.1671050847972424
2018-04-08 16:39:00,0.14401576658599424
2018-04-08 16:42:00,0.0873115042222139
2018-04-08 16:45:00,0.21725227713159256
2018-04-08 16:48:00,0.40475874502703846
2018-04-08 16:51:00,0.3812617137908205
2018-04-08 16:54:00,0.2255930535146149
2018-04-08 16:57:00,0.13580454591368607
2018-04-08 17:00:00,0.1189881546378615
2018-04-08 17:03:00,0.2593653104132727
2018-04-08 17:06:00,0.21986670932568586
2018-04-08 17:09:00,0.2011266185762679
2018-04-08 17:12:00,0.02615046147764133
2018-04-08 17:15:00,-0.02107877361726196
2018-04-08 17:18:00,-0.011875550572028715
2018-04-08 17:21:00,0.0034988197789402875
2018-04-08 17:24:00,-0.06871785493058269
2018-04-08 17:27:00,-0.02725894318137989
2018-04-08 17:30:00,0.11197082533550429
2018-04-08 17:33:00,0.08921394846970543
2018-04-08 17:36:00,-0.06732807768094062
2018-04-08 17:39:00,0.05833578821381025
2018-04-08 17:42:00,0.056620022620165855
2018-04-08 17:45:00,0.10444573714551098
2018-04-08 17:48:00,0.09075677708705143
2018-04-08 17:51:00,0.1440646823160705
2018-04-08 17:54:00,0.06055341910496281
2018-04-08 17:57:00,0.1857240865506924
2018-04-08 18:00:00,0.17124545476542608
2018-04-08 18:03:00,0.13298463989633547
2018-04-08 18:06:00,0.284397519519473
2018-04-08 18:09:00,0.23514661788902913
2018-04-08 18:12:00,0.1460004049190502
2018-04-08 18:15:00,0.17660541481797054
2018-04-08 18:18:00,0.15551482275327544
2018-04-08 18:21:00,0.18148575025963964
2018-04-08 18:24:00,0.20796606666192474
2018-04-08 18:27:00,0.15401357659624182
2018-04-08 18:30:00,0.1792319971600591
2018-04-08 18:33:00,0.060291701548692345
2018-04-08 18:36:00,0.17647114426637245
2018-04-08 18:39:00,0.23277071500848479
2018-04-08 18:42:00,0.1296160338822574
2018-04-08 18:45:00,0.11308184873337268
2018-04-08 18:48:00,0.19108577788819048
2018-04-08 18:51:00,0.13306244904430287
2018-04-08 18:54:00,
2018-04-08 18:57:00,
2018-04-08 19:00:00,
2018-04-08 19:03:00,0.2574627856195093
2018-04-08 19:06:00,0.2018796209111997
2018-04-08 19:09:00,0.11464414794801314
2018-04-08 19:12:00,0.19428830272403275
2018-04-08 19:15:00,0.21108510010685677
2018-04-08 19:18:00,0.23049341040200488
2018-04-08 19:21:00,0.16228491724626792
2018-04-08 19:24:00,0.1813036331712965
2018-04-08 19:27:00,0.1778449235554831
2018-04-08 19:30:00,0.21817251316707598
2018-04-08 19:33:00,0.11777487820734223
2018-04-08 19:36:00,0.25510468183892954
2018-04-08 19:39:00,0.1716581705537692
2018-04-08 19:42:00,0.13587866666040327
2018-04-08 19:45:00,0.2879994308680125
2018-04-08 19:48:00,0.21594673765008565
2018-04-08 19:51:00,0.15458933405039943
2018-04-08 19:54:00,0.17194076164093985
2018-04-08 19:57:00,0.1623403199846507
2018-04-08 20:00:00,0.2357002835370281
2018-04-08 20:03:00,0.34013962310137913
2018-04-08 20:06:00,0.2140271988250788
2018-04-08 20:09:00,0.14704510365919532
2018-04-08 20:12:00,0.13282564683919418
2018-04-08 20:15:00,0.2463076924221923
2018-04-08 20:18:00,0.30639271977372573
2018-04-08 20:21:00,0.1787948041374534
2018-04-08 20:24:00,0.1781455041902973
2018-04-08 20:27:00,0.21699380442231586
2018-04-08 20:30:00,0.20963590205775517
2018-04-08 20:33:00,0.2073264040813001
2018-04-08 20:36:00,0.23865052727717284
2018-04-08 20:39:00,0.21829030068977318
2018-04-08 20:42:00,0.16361863468353022
2018-04-08 20:45:00,0.236707739335543
2018-04-08 20:48:00,0.21770738166162573
2018-04-08 20:51:00,0.24804974503803123
2018-04-08 20:54:00,0.2457717595170834
2018-04-08 20:57:00,0.2666313768188502
2018-04-08 21:00:00,0.2168263510513384
2018-04-08 21:03:00,0.20964331762013444
2018-04-08 21:06:00,0.315788954591369
2018-04-08 21:09:00,0.306551205665869
2018-04-08 21:12:00,0.31774224261664585
2018-04-08 21:15:00,0.3428192713049043
2018-04-08 21:18:00,0.24970301065559397
2018-04-08 21:21:00,0.1561691135236174
2018-04-08 21:24:00,0.3557231030434309
2018-04-08 21:27:00,0.28490554837532045
2018-04-08 21:30:00,0.21834905924043824
2018-04-08 21:33:00,0.38892283971046027
2018-04-08 21:36:00,0.3587245044049041
2018-04-08 21:39:00,0.4122146961212252
2018-04-08 21:42:00,0.3368733565498587
2018-04-08 21:45:00,0.38566428612182335
2018-04-08 21:48:00,0.28233654840971667
2018-04-08 21:51:00,0.39211569610841934
2018-04-08 21:54:00,0.35809358569946426
2018-04-08 21:57:00,0.43202867717189974
2018-04-08 22:00:00,0.325556671040772
2018-04-08 22:03:00,0.3525710178982422
2018-04-08 22:06:00,0.29814367356624416
2018-04-08 22:09:00,0.3527596329172411
2018-04-08 22:12:00,0.3385868622268049
2018-04-08 22:15:00,0.3831342124880166
2018-04-08 22:18:00,0.3548897310167831
2018-04-08 22:21:00,0.4007925679792379
2018-04-08 22:24:00,0.4213560892698638
2018-04-08 22:27:00,0.3719726003725441
2018-04-08 22:30:00,0.4542736098200635
2018-04-08 22:33:00,0.40852905244128124
2018-04-08 22:36:00,0.40076358470747664
2018-04-08 22:39:00,0.21584008563542056
2018-04-08 22:42:00,0.32288144654324924
2018-04-08 22:45:00,0.34670489853760955
2018-04-08 22:48:00,0.3114050984803498
2018-04-08 22:51:00,0.3344659626391717
2018-04-08 22:54:00,0.3919747667841875
2018-04-08 22:57:00,0.3228502309360124
2018-04-08 23:00:00,0.33170438140098213
2018-04-08 23:03:00,0.2821349570032794
2018-04-08 23:06:00,0.35498143129882465
2018-04-08 23:09:00,0.44202343669343236
2018-04-08 23:12:00,0.3944525361683304
2018-04-08 23:15:00,0.4421600212449448
2018-04-08 23:18:00,0.3402937962233068
2018-04-08 23:21:00,0.4217656060663444
2018-04-08 23:24:00,0.47561760879449366
2018-04-08 23:27:00,0.35923433290162166
2018-04-08 23:30:00,0.3606071654450602
2018-04-08 23:33:00,0.3655716841679464
2018-04-08 23:36:00,0.3531130828653204
2018-04-08 23:39:00,0.3490948857294143
2018-04-08 23:42:00,0.3364779554640336
2018-04-08 23:45:00,0.4100317548491148
2018-04-08 23:48:00,0.456166486705456
2018-04-08 23:51:00,0.4713534055500759
2018-04-08 23:54:00,0.3299626724250402
2018-04-08 23:57:00,0.37148065748323233
2018-04-09 00:00:00,0.38675535299222474
2018-04-09 00:03:00,0.35633129750095804
2018-04-09 00:06:00,0.4011316299782379
2018-04-09 00:09:00,0.48083062745354255
2018-04-09 00:12:00,0.4261700162017519
2018-04-09 00:15:00,0.3093138802582871
2018-04-09 00:18:00,0.4108070773422128
2018-04-09 00:21:00,0.35716465831484356
2018-04-09 00:24:00,0.33533876835025467
2018-04-09 00:27:00,0.2814193866790333
2018-04-09 00:30:00,0.24517978121110673
2018-04-09 00:33:00,0.29558550161402763
2018-04-09 00:36:00,0.23902677002809014
2018-04-09 00:39:00,0.24397867045672683
2018-04-09 00:42:00,0.290485711299425
2018-04-09 00:45:00,0.186423672901185
2018-04-09 00:48:00,0.19768509894191766
2018-04-09 00:51:00,0.24696081103144252
2018-04-09 00:54:00,0.33152938083151184
2018-04-09 00:57:00,0.26016310020594346
2018-04-09 01:00:00,0.36834632444936233
2018-04-09 01:03:00,0.49432499464984403
2018-04-09 01:06:00,0.37149688399591696
2018-04-09 01:09:00,0.2378848325799936
2018-04-09 01:12:00,0.30966554169526717
2018-04-09 01:15:00,0.36324916933602935
2018-04-09 01:18:00,0.27122295592312184
2018-04-09 01:21:00,0.30988187300408754
2018-04-09 01:24:00,0.4194624870737016
2018-04-09 01:27:00,0.2794925936346999
2018-04-09 01:30:00,0.3556046509978046
2018-04-09 01:33:00,0.2646145443154069
2018-04-09 01:36:00,0.35259026336757415
2018-04-09 01:39:00,0.33228251973167744
2018-04-09 01:42:00,0.4104034107322718
2018-04-09 01:45:00,0.2766024894799557
2018-04-09 01:48:00,0.3275245759338077
2018-04-09 01:51:00,0.3262720656314855
2018-04-09 01:54:00,0.28058062906848136
2018-04-09 01:57:00,0.37700903137925934
2018-04-09 02:00:00,0.31522287743655397
2018-04-09 02:03:00,0.35028875189544806
2018-04-09 02:06:00,0.33816771850212035
2018-04-09 02:09:00,0.3061583948981479
2018-04-09 02:12:00,0.3988642303324923
2018-04-09 02:15:00,0.4634678079447667
2018-04-09 02:18:00,0.34381972290640306
2018-04-09 02:21:00,0.3847966797276854
2018-04-09 02:24:00,0.33259712571845057
2018-04-09 02:27:00,0.3810503237107241
2018-04-09 02:30:00,0.4335886525051933
2018-04-09 02:33:00,0.4218069032182825
2018-04-09 02:36:00,0.38095375978593893
2018-04-09 02:39:00,0.32971097534914406
2018-04-09 02:42:00,0.3240847607963815
2018-04-09 02:45:00,0.40635663691091395
2018-04-09 02:48:00,0.40681307580126713
2018-04-09 02:51:00,0.358326599691452
2018-04-09 02:54:00,0.40644675489534166
2018-04-09 02:57:00,0.4237063987204124
2018-04-09 03:00:00,0.408573195596432
2018-04-09 03:03:00,0.358162565115947
2018-04-09 03:06:00,0.4067526845595921
2018-04-09 03:09:00,0.40187473911208826
2018-04-09 03:12:00,0.49848037325313044
2018-04-09 03:15:00,0.41755667528576623
2018-04-09 03:18:00,0.510592280704202
2018-04-09 03:21:00,0.4147565008612446
2018-04-09 03:24:00,0.42845751064498927
2018-04-09 03:27:00,0.42073866325205245
2018-04-09 03:30:00,0.4556943538560745
2018-04-09 03:33:00,0.443062642396967
2018-04-09 03:36:00,0.4329919254719812
2018-04-09 03:39:00,0.5357953455144298
2018-04-09 03:42:00,0.5471917901207917
2018-04-09 03:45:00,0.44286915555539963
2018-04-09 03:48:00,0.4855760676746286
2018-04-09 03:51:00,0.49370958019960653
2018-04-09 03:54:00,0.37217816974674633
2018-04-09 03:57:00,0.3605581519190082
2018-04-09 04:00:00,0.5166229861885654
2018-04-09 04:03:00,0.4171378128271499
2018-04-09 04:06:00,0.40875787542768194
2018-04-09 04:09:00,0.45781858413289456
2018-04-09 04:12:00,0.4062207170558736
2018-04-09 04:15:00,0.34521343479201505
2018-04-09 04:18:00,0.5250212397922951
2018-04-09 04:21:00,0.48363855546529066
2018-04-09 04:24:00,0.5024694838064647
2018-04-09 04:27:00,0.4794203580266867
2018-04-09 04:30:00,0.5230291829876705
2018-04-09 04:33:00,0.5878458512759153
2018-04-09 04:36:00,0.554676032441705
2018-04-09 04:39:00,0.5771375650149935
2018-04-09 04:42:00,0.5130269689614124
2018-04-09 04:45:00,0.4843932262612043
2018-04-09 04:48:00,0.6099834775377531
2018-04-09 04:51:00,0.49823373863125653
2018-04-09 04:54:00,0.5813966068429295
2018-04-09 04:57:00,0.6148533400992733
2018-04-09 05:00:00,0.577203897746756
2018-04-09 05:03:00,0.47154451665767283
2018-04-09 05:06:00,0.5321137343464102
2018-04-09 05:09:00,0.41647728756930746
2018-04-09 05:12:00,0.6060886271637855
2018-04-09 05:15:00,0.45129861589015263
2018-04-09 05:18:00,0.5421348070736371
2018-04-09 05:21:00,0.46224951141522297
2018-04-09 05:24:00,0.5610877559203118
2018-04-09 05:27:00,0.537726797488915
2018-04-09 05:30:00,0.6018060503375864
2018-04-09 05:33:00,0.4603572516862755
2018-04-09 05:36:00,0.5269379133728194
2018-04-09 05:39:00,0.6150561747215875
2018-04-09 05:42:00,0.5989215096774387
2018-04-09 05:45:00,0.5403692266049234
2018-04-09 05:48:00,0.5229326676920891
2018-04-09 05:51:00,0.495021504153101
2018-04-09 05:54:00,0.5270325663518065
2018-04-09 05:57:00,0.5508249664573555
2018-04-09 06:00:00,0.40421570071748647
2018-04-09 06:03:00,0.4611469633892966
2018-04-09 06:06:00,0.4911596316418354
2018-04-09 06:09:00,0.5217489232180128
2018-04-09 06:12:00,0.5627074948587278
2018-04-09 06:15:00,0.6123826373014936
2018-04-09 06:18:00,0.5666540815390135
2018-04-09 06:21:00,0.6227972065559584
2018-04-09 06:24:00,0.5892410610778143
2018-04-09 06:27:00,0.49599149023697464
2018-04-09 06:30:00,0.5403361659774077
2018-04-09 06:33:00,0.6108315703288554
2018-04-09 06:36:00,0.5490443431676226
2018-04-09 06:39:00,0.5830289566643501
2018-04-09 06:42:00,0.48207699280681027
2018-04-09 06:45:00,0.49634667135808286
2018-04-09 06:48:00,0.6001231112791743
2018-04-09 06:51:00,0.5161693118652693
2018-04-09 06:54:00,0.5644000776867983
2018-04-09 06:57:00,0.5505764285667283
2018-04-09 07:00:00,0.489597176348866
2018-04-09 07:03:00,0.68484737622191
2018-04-09 07:06:00,0.5338226487341444
2018-04-09 07:09:00,0.6220348276669938
2018-04-09 07:12:00,0.5931368588928194
2018-04-09 07:15:00,0.5072384721084404
2018-04-09 07:18:00,0.5507728860537782
2018-04-09 07:21:00,0.5457614544000648
2018-04-09 07:24:00,0.45672934948680677
2018-04-09 07:27:00,0.4969402784123531
2018-04-09 07:30:00,0.36303694151371246
2018-04-09 07:33:00,0.5685296981538386
2018-04-09 07:36:00,0.5310347108721203
2018-04-09 07:39:00,0.6226489980204519
2018-04-09 07:42:00,0.43802229202424314
2018-04-09 07:45:00,0.4695730131125515
2018-04-09 07:48:00,0.4481976409718982
2018-04-09 07:51:00,0.4838333087130877
2018-04-09 07:54:00,0.39463859043712546
2018-04-09 07:57:00,0.4358581620055588
2018-04-09 08:00:00,0.4566284756830896
2018-04-09 08:03:00,0.4416655324800445
2018-04-09 08:06:00,0.43497610276193654
2018-04-09 08:09:00,0.5258181339662542
2018-04-09 08:12:00,0.5364180318579201
2018-04-09 08:15:00,0.4295012301325869
2018-04-09 08:18:00,0.46121794824597373
2018-04-09 08:21:00,0.4020992216235868
2018-04-09 08:24:00,0.45729541036115506
2018-04-09 08:27:00,0.43874649164342827
2018-04-09 08:30:00,0.367172766870965
2018-04-09 08:33:00,0.3673859928609886
2018-04-09 08:36:00,0.3711453878805173
2018-04-09 08:39:00,0.30400221717104614
2018-04-09 08:42:00,0.40454071302491457
2018-04-09 08:45:00,0.3803431773792454
2018-04-09 08:48:00,0.2643420737779252
2018-04-09 08:51:00,0.29743630682759203
2018-04-09 08:54:00,0.29425496516910243
2018-04-09 08:57:00,0.27508634533575105
2018-04-09 09:00:00,0.24245305985215282
2018-04-09 09:03:00,0.2180073056590004
2018-04-09 09:06:00,0.16623614655907204
2018-04-09 09:09:00,0.277805288733191
2018-04-09 09:12:00,0.21770246624845413
2018-04-09 09:15:00,0.1796094113933009
2018-04-09 09:18:00,0.13245657962414725
2018-04-09 09:21:00,0.0760574425284517
2018-04-09 09:24:00,0.024899822041220432
2018-04-09 09:27:00,0.07305601991123467
2018-04-09 09:30:00,0.02706235944731361
2018-04-09 09:33:00,0.018634731859549447
2018-04-09 09:36:00,0.19198158773980367
2018-04-09 09:39:00,0.10652155497558624
2018-04-09 09:42:00,0.04839863580338033
2018-04-09 09:45:00,0.03187598718989193
2018-04-09 09:48:00,-0.022908526744117808
2018-04-09 09:51:00,-0.039169130614766345
2018-04-09 09:54:00,-0.025533883179093664
2018-04-09 09:57:00,-0.028543112470856613
2018-04-09 10:00:00,-0.04989998930022921
2018-04-09 10:03:00,-0.0037683238400632035
2018-04-09 10:06:00,-0.03594132593326549
2018-04-09 10:09:00,-0.07821243433409109
2018-04-09 10:12:00,0.05144187701353076
2018-04-09 10:15:00,-0.03255710016117064
2018-04-09 10:18:00,-0.06853255721625828
2018-04-09 10:21:00,-0.13428861934386305
2018-04-09 10:24:00,-0.04430587243524542
2018-04-09 10:27:00,-0.0790787597036342
2018-04-09 10:30:00,-0.13163003283244734
2018-04-09 10:33:00,-0.04018333127527285
2018-04-09 10:36:00,-0.13124891629297508
2018-04-09 10:39:00,-0.1149846717408991
2018-04-09 10:42:00,-0.07473251515108359
2018-04-09 10:45:00,-0.07170460835214953
2018-04-09 10:48:00,-0.15158508958234052
2018-04-09 10:51:00,-0.13713601430117706
2018-04-09 10:54:00,-0.08287847471990517
2018-04-09 10:57:00,-0.2313953361066865
2018-04-09 11:00:00,-0.1858659241140117
2018-04-09 11:03:00,-0.1802385557950288
2018-04-09 11:06:00,-0.20229850425073437
2018-04-09 11:09:00,-0.16304800955583687
2018-04-09 11:12:00,-0.2073966433437704
2018-04-09 11:15:00,-0.22184909429012123
2018-04-09 11:18:00,-0.14694720330481914
2018-04-09 11:21:00,-0.07432672560281617
2018-04-09 11:24:00,-0.11559196924025628
2018-04-09 11:27:00,-0.09410028393529046
2018-04-09 11:30:00,-0.11062694458831857
2018-04-09 11:33:00,-0.11401410546454827
2018-04-09 11:36:00,-0.10069039881989283
2018-04-09 11:39:00,-0.11556258904022343
2018-04-09 11:42:00,-0.2092310239913786
2018-04-09 11:45:00,-0.1102916402946903
2018-04-09 11:48:00,-0.14694938790802325
2018-04-09 11:51:00,0.03501001007185778
2018-04-09 11:54:00,0.362944971496745
2018-04-09 11:57:00,0.4994021844192389
2018-04-09 12:00:00,0.5123868030619292
2018-04-09 12:03:00,0.507679855540573
2018-04-09 12:06:00,0.32964379709488867
2018-04-09 12:09:00,0.2572029480668334
2018-04-09 12:12:00,-0.05786974528888322
2018-04-09 12:15:00,-0.0977707439049027
2018-04-09 12:18:00,-0.2506494172525322
2018-04-09 12:21:00,-0.1995044273324993
2018-04-09 12:24:00,-0.16004606640666452
2018-04-09 12:27:00,-0.14311389808352715
2018-04-09 12:30:00,-0.12709045516754713
2018-04-09 12:33:00,-0.08365674891967956
2018-04-09 12:36:00,-0.18365426464100665
2018-04-09 12:39:00,-0.28471307257797207
2018-04-09 12:42:00,-0.14527351377813602
2018-04-09 12:45:00,-0.25441028683627565
2018-04-09 12:48:00,-0.17950347429245994
2018-04-09 12:51:00,-0.09175019051519939
2018-04-09 12:54:00,-0.0025380991543215714
2018-04-09 12:57:00,-0.08475669238202954
2018-04-09 13:00:00,0.017474427220577127
2018-04-09 13:03:00,-0.16801267500193262
2018-04-09 13:06:00,-0.07546303144181365
2018-04-09 13:09:00,0.032850433443059046
2018-04-09 13:12:00,0.020260969866001233
2018-04-09 13:15:00,0.09357099677794167
2018-04-09 13:18:00,0.06328090955605603
2018-04-09 13:21:00,-0.06431643581424851
2018-04-09 13:24:00,0.0010089703309290599
2018-04-09 13:27:00,-0.03057199962222512
2018-04-09 13:30:00,-0.11005554622420277
2018-04-09 13:33:00,-0.08261074320159878
2018-04-09 13:36:00,-0.06881579367899349
2018-04-09 13:39:00,-0.21105250131546427
2018-04-09 13:42:00,-0.20289737693053667
2018-04-09 13:45:00,-0.09453521891987293
2018-04-09 13:48:00,-0.14349075955408352
2018-04-09 13:51:00,-0.08719176063056011
2018-04-09 13:54:00,-0.14465925595425233
2018-04-09 13:57:00,-0.2559864629545814
2018-04-09 14:00:00,-0.17014078352030992
2018-04-09 14:03:00,-0.11922310507344491
2018-04-09 14:06:00,-0.08848145251135975
2018-04-09 14:09:00,-0.15430456669832893
2018-04-09 14:12:00,-0.053818475413891065
2018-04-09 14:15:00,-0.10298398203303805
2018-04-09 14:18:00,-0.06353350572481986
2018-04-09 14:21:00,-0.03526187208751708
2018-04-09 14:24:00,-0.039501453139052956
2018-04-09 14:27:00,-0.1384796545246445
2018-04-09 14:30:00,-0.05382757740989064
2018-04-09 14:33:00,-0.1193737442089855
2018-04-09 14:36:00,-0.17254997905581604
2018-04-09 14:39:00,-0.0008709224535436988
2018-04-09 14:42:00,0.048903208407125476
2018-04-09 14:45:00,0.022600095875191073
2018-04-09 14:48:00,0.06114609432211182
2018-04-09 14:51:00,0.05370963753580327
2018-04-09 14:54:00,-0.024666459499485427
2018-04-09 14:57:00,-0.013975771232082934
2018-04-09 15:00:00,-0.12581614838717314
2018-04-09 15:03:00,-0.154208542650224
2018-04-09 15:06:00,-0.11035010185429428
2018-04-09 15:09:00,-0.3134764592302872
2018-04-09 15:12:00,-0.04034953656383777
2018-04-09 15:15:00,-0.13399510331714737
2018-04-09 15:18:00,-0.1473565701059556
2018-04-09 15:21:00,-0.03670686769908116
2018-04-09 15:24:00,-0.12840446566099217
2018-04-09 15:27:00,-0.16860834357555632
2018-04-09 15:30:00,-0.2520973740237764
2018-04-09 15:33:00,-0.3251235568405946
2018-04-09 15:36:00,-0.07191740314692652
2018-04-09 15:39:00,-0.06475778232618268
2018-04-09 15:42:00,0.008554170524689653
2018-04-09 15:45:00,0.0034091784034444572
2018-04-09 15:48:00,-0.11481537323595603
2018-04-09 15:51:00,-0.06175738734384595
2018-04-09 15:54:00,-0.0717104103621864
2018-04-09 15:57:00,0.07553951633065026
2018-04-09 16:00:00,0.12390309494179519
2018-04-09 16:03:00,0.06760892174264654
2018-04-09 16:06:00,-0.21112304461843223
2018-04-09 16:09:00,-0.27830258834057986
2018-04-09 16:12:00,-0.278365228173584
2018-04-09 16:15:00,-0.0773412174928012
2018-04-09 16:18:00,-0.11346140931215132
2018-04-09 16:21:00,-0.1705155055154819
2018-04-09 16:24:00,-0.3476471682486135
2018-04-09 16:27:00,-0.3492756537951891
2018-04-09 16:30:00,-0.4235376967129696
2018-04-09 16:33:00,-0.3188902973406016
2018-04-09 16:36:00,-0.28558385477265347
2018-04-09 16:39:00,-0.13448812696657342
2018-04-09 16:42:00,-0.11471038258201816
2018-04-09 16:45:00,-0.2788825617894872
2018-04-09 16:48:00,-0.20326025770049228
2018-04-09 16:51:00,-0.2734882316524363
2018-04-09 16:54:00,-0.1751673764403563
2018-04-09 16:57:00,-0.21922655001225166
2018-04-09 17:00:00,-0.1923012009496574
2018-04-09 17:03:00,-0.2959676202351602
2018-04-09 17:06:00,0.1301778816743422
2018-04-09 17:09:00,0.06380864171245548
2018-04-09 17:12:00,0.09250813317947859
2018-04-09 17:15:00,0.2444864095397179
2018-04-09 17:18:00,0.5383516990135035
2018-04-09 17:21:00,0.6402633607618782
2018-04-09 17:24:00,0.5234747060121663
2018-04-09 17:27:00,0.39586632478841466
2018-04-09 17:30:00,0.36930013794938077
2018-04-09 17:33:00,0.33725984787503194
2018-04-09 17:36:00,0.2626091107787829
2018-04-09 17:39:00,0.5079611569057079
2018-04-09 17:42:00,0.4804184847921533
2018-04-09 17:45:00,0.36366122076509555
2018-04-09 17:48:00,0.42362981643401554
2018-04-09 17:51:00,0.2871515803050215
2018-04-09 17:54:00,0.40818094591213594
2018-04-09 17:57:00,0.4036639621270979
2018-04-09 18:00:00,0.5914076429885426
2018-04-09 18:03:00,0.5852722691803365
2018-04-09 18:06:00,0.6113844599601066
2018-04-09 18:09:00,0.5652393214824656
2018-04-09 18:12:00,0.5762056116504368
2018-04-09 18:15:00,0.6741461432357028
2018-04-09 18:18:00,0.6911239268337113
2018-04-09 18:21:00,0.6689128728717719
2018-04-09 18:24:00,0.5172977024038232
2018-04-09 18:27:00,0.7091288469979986
2018-04-09 18:30:00,0.8798831242861525
2018-04-09 18:33:00,0.845418382490891
2018-04-09 18:36:00,0.69967869874705
2018-04-09 18:39:00,0.6436602562287135
2018-04-09 18:42:00,0.4869172320154007
2018-04-09 18:45:00,0.6511333724318433
2018-04-09 18:48:00,0.6788856776117882
2018-04-09 18:51:00,0.340645152649131
2018-04-09 18:54:00,
2018-04-09 18:57:00,
2018-04-09 19:00:00,
2018-04-09 19:03:00,0.1167221389167139
2018-04-09 19:06:00,0.27809447376552043
2018-04-09 19:09:00,0.3087658519967249
2018-04-09 19:12:00,0.2621424061566131
2018-04-09 19:15:00,0.4979768759903891
2018-04-09 19:18:00,0.41558752986708214
2018-04-09 19:21:00,0.3997714680639888
2018-04-09 19:24:00,0.3317719565026209
2018-04-09 19:27:00,0.3791063828597885
2018-04-09 19:30:00,0.28481677795747373
2018-04-09 19:33:00,0.3671606730695771
2018-04-09 19:36:00,0.4064194863684065
2018-04-09 19:39:00,0.5756636342241563
2018-04-09 19:42:00,0.39281398002668766
2018-04-09 19:45:00,0.40568687162567585
2018-04-09 19:48:00,0.6432906618734933
2018-04-09 19:51:00,0.7450982818336911
2018-04-09 19:54:00,0.8154919148366844
2018-04-09 19:57:00,0.8479162171798862
2018-04-09 20:00:00,0.8645244549550739
2018-04-09 20:03:00,0.7929484186178115
2018-04-09 20:06:00,0.7646806591101836
2018-04-09 20:09:00,0.7214664711852379
2018-04-09 20:12:00,0.7259317390303295
2018-04-09 20:15:00,0.8610488046098794
2018-04-09 20:18:00,0.8203445869531834
2018-04-09 20:21:00,0.6515017027748513
2018-04-09 20:24:00,0.6562291843363823
2018-04-09 20:27:00,0.6328835956203989
2018-04-09 20:30:00,0.571072591237737
2018-04-09 20:33:00,0.6624040326425984
2018-04-09 20:36:00,0.6410577500158752
2018-04-09 20:39:00,0.6430895776689454
2018-04-09 20:42:00,0.8654704523489158
2018-04-09 20:45:00,0.7537928326985366
2018-04-09 20:48:00,0.6900685899715313
2018-04-09 20:51:00,0.7955120923671757
2018-04-09 20:54:00,0.8368308713615988
2018-04-09 20:57:00,0.7550658187428212
2018-04-09 21:00:00,0.698735857107124
2018-04-09 21:03:00,0.6179748479439695
2018-04-09 21:06:00,0.48569643274271357
2018-04-09 21:09:00,0.6163003108991347
2018-04-09 21:12:00,0.6365297805352839
2018-04-09 21:15:00,0.6004955648316468
2018-04-09 21:18:00,0.5833945919260373
2018-04-09 21:21:00,0.6901356737741366
2018-04-09 21:24:00,0.6127766963973613
2018-04-09 21:27:00,0.5469034291182879
2018-04-09 21:30:00,0.4233312961681577
2018-04-09 21:33:00,0.2946407946148497
2018-04-09 21:36:00,0.2154757508121179
2018-04-09 21:39:00,0.28578789391724513
2018-04-09 21:42:00,0.38513386668608973
2018-04-09 21:45:00,0.3810381498450397
2018-04-09 21:48:00,0.4000625994950724
2018-04-09 21:51:00,0.36079807497981164
2018-04-09 21:54:00,0.39433003933663713
2018-04-09 21:57:00,0.45554619168598265
2018-04-09 22:00:00,0.4355677971964269
2018-04-09 22:03:00,0.5222383039197211
2018-04-09 22:06:00,0.5162888448571152
2018-04-09 22:09:00,0.6443079471010265
2018-04-09 22:12:00,0.7164554697139351
2018-04-09 22:15:00,0.7202847178598404
2018-04-09 22:18:00,0.6606563599131619
2018-04-09 22:21:00,0.6569628675230774
2018-04-09 22:24:00,0.569808936854713
2018-04-09 22:27:00,0.5529785494935027
2018-04-09 22:30:00,0.529266969683249
2018-04-09 22:33:00,0.5441960168201945
2018-04-09 22:36:00,0.4553538974162734
2018-04-09 22:39:00,0.6311842087814625
2018-04-09 22:42:00,0.5615619965082033
2018-04-09 22:45:00,0.5690156029912714
2018-04-09 22:48:00,0.5010000196789406
2018-04-09 22:51:00,0.5768570605173409
2018-04-09 22:54:00,0.5580388471844913
2018-04-09 22:57:00,0.5862643356227863
2018-04-09 23:00:00,0.6530059033626117
2018-04-09 23:03:00,0.653238350306026
2018-04-09 23:06:00,0.7239818148090649
2018-04-09 23:09:00,0.6026795434572705
2018-04-09 23:12:00,0.6788959543553119
2018-04-09 23:15:00,0.6868630956288939
2018-04-09 23:18:00,0.7712806084557542
2018-04-09 23:21:00,0.6477136291297256
2018-04-09 23:24:00,0.6587069822066383
2018-04-09 23:27:00,0.7008731624503071
2018-04-09 23:30:00,0.6210882773567619
2018-04-09 23:33:00,0.4841877844859823
2018-04-09 23:36:00,0.5416471056377077
2018-04-09 23:39:00,0.6452687338879173
2018-04-09 23:42:00,0.48314558083831116
2018-04-09 23:45:00,0.562604725989786
2018-04-09 23:48:00,0.5270460738015004
2018-04-09 23:51:00,0.5368747097676305
2018-04-09 23:54:00,0.5268398505600089
2018-04-09 23:57:00,0.5822487392167659
2018-04-10 00:00:00,0.645006751285905
2018-04-10 00:03:00,0.5987769407186647
2018-04-10 00:06:00,0.6329225419385125
2018-04-10 00:09:00,0.6897240247525929
2018-04-10 00:12:00,0.6817036773283007
2018-04-10 00:15:00,0.6362250485901768
2018-04-10 00:18:00,0.5453600568408206
2018-04-10 00:21:00,0.6516424708919999
2018-04-10 00:24:00,0.6027467279382677
2018-04-10 00:27:00,0.6497848370147494
2018-04-10 00:30:00,0.5596138071379642
2018-04-10 00:33:00,0.6175599834397758
2018-04-10 00:36:00,0.5965645777301347
2018-04-10 00:39:00,0.6143015927546571
2018-04-10 00:42:00,0.5225416048604075
2018-04-10 00:45:00,0.6275735023126572
2018-04-10 00:48:00,0.6421273828681251
2018-04-10 00:51:00,0.619624635384298
2018-04-10 00:54:00,0.5448404408099918
2018-04-10 00:57:00,0.5781332333854152
2018-04-10 01:00:00,0.6064460607979072
2018-04-10 01:03:00,0.6528359757876956
2018-04-10 01:06:00,0.6067424321374801
2018-04-10 01:09:00,0.6094266058637459
2018-04-10 01:12:00,0.5327838153070843
2018-04-10 01:15:00,0.5649326713416372
2018-04-10 01:18:00,0.6675904816895013
2018-04-10 01:21:00,0.6548353404176055
2018-04-10 01:24:00,0.6494732202196474
2018-04-10 01:27:00,0.6389368887394653
2018-04-10 01:30:00,0.6053052314423439
2018-04-10 01:33:00,0.5710010573679938
2018-04-10 01:36:00,0.5988390828694605
2018-04-10 01:39:00,0.5829907979521636
2018-04-10 01:42:00,0.5690306494192896
2018-04-10 01:45:00,0.5892420175931647
2018-04-10 01:48:00,0.5024007961079064
2018-04-10 01:51:00,0.5349896313881004
2018-04-10 01:54:00,0.5096342943805325
2018-04-10 01:57:00,0.6051980648357471
2018-04-10 02:00:00,0.5453147142352464
2018-04-10 02:03:00,0.5000343263868103
2018-04-10 02:06:00,0.45468481922279125
2018-04-10 02:09:00,0.5504663458545451
2018-04-10 02:12:00,0.49086740457886435
2018-04-10 02:15:00,0.47251155026788183
2018-04-10 02:18:00,0.547353434406034
2018-04-10 02:21:00,0.5359346386214838
2018-04-10 02:24:00,0.4520691459969157
2018-04-10 02:27:00,0.5281514383164563
2018-04-10 02:30:00,0.5936029805137082
2018-04-10 02:33:00,0.528383214516964
2018-04-10 02:36:00,0.4737573636811021
2018-04-10 02:39:00,0.4552436537779272
2018-04-10 02:42:00,0.44222867672971233
2018-04-10 02:45:00,0.5745882211489857
2018-04-10 02:48:00,0.4120603064646957
2018-04-10 02:51:00,0.382824038154979
2018-04-10 02:54:00,0.39732898801662486
2018-04-10 02:57:00,0.32765104504079545
2018-04-10 03:00:00,0.4370623740557562
2018-04-10 03:03:00,0.6279259599399438
2018-04-10 03:06:00,0.641598650559672
2018-04-10 03:09:00,0.7081930485389876
2018-04-10 03:12:00,0.7614836950102699
2018-04-10 03:15:00,0.6931111864209925
2018-04-10 03:18:00,0.7221460525279895
2018-04-10 03:21:00,0.7598483798676625
2018-04-10 03:24:00,0.6689987591338991
2018-04-10 03:27:00,0.6523402600009263
2018-04-10 03:30:00,0.5313591298227607
2018-04-10 03:33:00,0.6317657161458214
2018-04-10 03:36:00,0.563274104499726
2018-04-10 03:39:00,0.5849436517450499
2018-04-10 03:42:00,0.5202529108198064
2018-04-10 03:45:00,0.44935919564949245
2018-04-10 03:48:00,0.4875482666224684
2018-04-10 03:51:00,0.36832316471060267
2018-04-10 03:54:00,0.48000081266013694
2018-04-10 03:57:00,0.4188634898753776
2018-04-10 04:00:00,0.48836214833102076
2018-04-10 04:03:00,0.5142568706420434
2018-04-10 04:06:00,0.4408217901192302
2018-04-10 04:09:00,0.4872767781633911
2018-04-10 04:12:00,0.44319284315548657
2018-04-10 04:15:00,0.42140810198486633
2018-04-10 04:18:00,0.3740537403577946
2018-04-10 04:21:00,0.4111794775614612
2018-04-10 04:24:00,0.40067766672211746
2018-04-10 04:27:00,0.4704374596775551
2018-04-10 04:30:00,0.48469485182573635
2018-04-10 04:33:00,0.5105692009141194
2018-04-10 04:36:00,0.4432436064348053
2018-04-10 04:39:00,0.4172845584724314
2018-04-10 04:42:00,0.4016771371220784
2018-04-10 04:45:00,0.395745959149167
2018-04-10 04:48:00,0.41293689440868775
2018-04-10 04:51:00,0.3780426931349439
2018-04-10 04:54:00,0.39080461879160566
2018-04-10 04:57:00,0.36632686995062613
2018-04-10 05:00:00,0.3850274888409899
2018-04-10 05:03:00,0.4601318466440034
2018-04-10 05:06:00,0.35990620959415764
2018-04-10 05:09:00,0.4150045235577977
2018-04-10 05:12:00,0.37792802559488337
2018-04-10 05:15:00,0.4379629275543948
2018-04-10 05:18:00,0.3380263288573815
2018-04-10 05:21:00,0.4436245018823115
2018-04-10 05:24:00,0.386978118828722
2018-04-10 05:27:00,0.4287641876425141
2018-04-10 05:30:00,0.5609002042032216
2018-04-10 05:33:00,0.43843015353269266
2018-04-10 05:36:00,0.4625648699746989
2018-04-10 05:39:00,0.43582258125798035
2018-04-10 05:42:00,0.4799890742735329
2018-04-10 05:45:00,0.5338191017883673
2018-04-10 05:48:00,0.5565498410019813
2018-04-10 05:51:00,0.500092349192812
2018-04-10 05:54:00,0.49908319449860983
2018-04-10 05:57:00,0.48332483023216355
2018-04-10 06:00:00,0.42218231192453004
2018-04-10 06:03:00,0.41434601717151054
2018-04-10 06:06:00,0.3813318361902702
2018-04-10 06:09:00,0.5042274987148403
2018-04-10 06:12:00,0.48597519925266397
2018-04-10 06:15:00,0.45293753442865636
2018-04-10 06:18:00,0.5096454799887624
2018-04-10 06:21:00,0.48346625693937995
2018-04-10 06:24:00,0.48820257305447967
2018-04-10 06:27:00,0.5212817598714992
2018-04-10 06:30:00,0.5154660936761957
2018-04-10 06:33:00,0.4606861705526626
2018-04-10 06:36:00,0.5116376172468904
2018-04-10 06:39:00,0.5699514022404628
2018-04-10 06:42:00,0.5585331368326933
2018-04-10 06:45:00,0.5329135180244293
2018-04-10 06:48:00,0.5237525167374315
2018-04-10 06:51:00,0.62505833468839
2018-04-10 06:54:00,0.46953618724660373
2018-04-10 06:57:00,0.5131243467714626
2018-04-10 07:00:00,0.5002599856201186
2018-04-10 07:03:00,0.4782470231887146
2018-04-10 07:06:00,0.4560909644524713
2018-04-10 07:09:00,0.44606056058358945
2018-04-10 07:12:00,0.5322953647149689
2018-04-10 07:15:00,0.559779350422275
2018-04-10 07:18:00,0.5213331242391064
2018-04-10 07:21:00,0.42691559760902464
2018-04-10 07:24:00,0.5060872920250858
2018-04-10 07:27:00,0.4508778408430203
2018-04-10 07:30:00,0.5512668124800371
2018-04-10 07:33:00,0.4686204217886143
2018-04-10 07:36:00,0.4719758221648931
2018-04-10 07:39:00,0.5248941238026532
2018-04-10 07:42:00,0.49288766035022036
2018-04-10 07:45:00,0.6052064540648416
2018-04-10 07:48:00,0.4322386540051184
2018-04-10 07:51:00,0.5797205026195797
2018-04-10 07:54:00,0.5040247353916243
2018-04-10 07:57:00,0.4096044449287888
2018-04-10 08:00:00,0.5210957279704189
2018-04-10 08:03:00,0.521990710039006
2018-04-10 08:06:00,0.4053578990784672
2018-04-10 08:09:00,0.6614526735552886
2018-04-10 08:12:00,0.6211068730658553
2018-04-10 08:15:00,0.6607637284826069
2018-04-10 08:18:00,0.5613072602553189
2018-04-10 08:21:00,0.5924378118579057
2018-04-10 08:24:00,0.5355520397889109
2018-04-10 08:27:00,0.4144851071573612
2018-04-10 08:30:00,0.45686001059368664
2018-04-10 08:33:00,0.4675443097121956
2018-04-10 08:36:00,0.40203054018508055
2018-04-10 08:39:00,0.4336629614775802
2018-04-10 08:42:00,0.4600588642776984
2018-04-10 08:45:00,0.4609794763235868
2018-04-10 08:48:00,0.4028812340278023
2018-04-10 08:51:00,0.5347537299009559
2018-04-10 08:54:00,0.34724653945318096
2018-04-10 08:57:00,0.48720117407657426
2018-04-10 09:00:00,0.44022404632994494
2018-04-10 09:03:00,0.43701609524862306
2018-04-10 09:06:00,0.4971323037877937
2018-04-10 09:09:00,0.5718614167651594
2018-04-10 09:12:00,0.46895774773861376
2018-04-10 09:15:00,0.5019757849240705
2018-04-10 09:18:00,0.5579722766814257
2018-04-10 09:21:00,0.4455438868382089
2018-04-10 09:24:00,0.48074560792593957
2018-04-10 09:27:00,0.5323681382876089
2018-04-10 09:30:00,0.4665742140174416
2018-04-10 09:33:00,0.4633781538510675
2018-04-10 09:36:00,0.524966535137537
2018-04-10 09:39:00,0.4251480505282075
2018-04-10 09:42:00,0.40148386375818745
2018-04-10 09:45:00,0.4224868516614606
2018-04-10 09:48:00,0.42875937834514843
2018-04-10 09:51:00,0.3735572620835228
2018-04-10 09:54:00,0.3368112276486386
2018-04-10 09:57:00,0.31504192143199816
2018-04-10 10:00:00,0.35376187015651794
2018-04-10 10:03:00,0.280179381162327
2018-04-10 10:06:00,0.16740635993903652
2018-04-10 10:09:00,0.23982647167923687
2018-04-10 10:12:00,0.24114489108399084
2018-04-10 10:15:00,0.2165244988312338
2018-04-10 10:18:00,0.2463683747143932
2018-04-10 10:21:00,0.3409907376876049
2018-04-10 10:24:00,0.24568076209311585
2018-04-10 10:27:00,0.2141962012520935
2018-04-10 10:30:00,0.18927216745197484
2018-04-10 10:33:00,0.20352147302173762
2018-04-10 10:36:00,0.21808483834109893
2018-04-10 10:39:00,0.255091658126787
2018-04-10 10:42:00,0.242856190892212
2018-04-10 10:45:00,0.22244884568112866
2018-04-10 10:48:00,0.19157177441957174
2018-04-10 10:51:00,0.3353823359176431
2018-04-10 10:54:00,0.17608901178704173
2018-04-10 10:57:00,0.1775851569558995
2018-04-10 11:00:00,0.13382834034541702
2018-04-10 11:03:00,0.26162078109240383
2018-04-10 11:06:00,0.16711439168835795
2018-04-10 11:09:00,0.17812220996216865
2018-04-10 11:12:00,0.2856706016431758
2018-04-10 11:15:00,0.21175034999828313
2018-04-10 11:18:00,0.18452413762202013
2018-04-10 11:21:00,0.1512798641704194
2018-04-10 11:24:00,0.1742090482104004
2018-04-10 11:27:00,0.12710770990935316
2018-04-10 11:30:00,0.15585401505290974
2018-04-10 11:33:00,0.2067563438436082
2018-04-10 11:36:00,0.1945381804778208
2018-04-10 11:39:00,0.0962213574400721
2018-04-10 11:42:00,0.1916928709507033
2018-04-10 11:45:00,0.09628402313234119
2018-04-10 11:48:00,0.1884332822641568
2018-04-10 11:51:00,0.11475090245437514
2018-04-10 11:54:00,0.08007791957629706
2018-04-10 11:57:00,0.13744149332512734
2018-04-10 12:00:00,0.16321975007849687
2018-04-10 12:03:00,0.3377757099244718
2018-04-10 12:06:00,0.2639193397691315
2018-04-10 12:09:00,0.40269671645023664
2018-04-10 12:12:00,0.4076742476092363
2018-04-10 12:15:00,0.2785659136513914
2018-04-10 12:18:00,0.26129804621166386
2018-04-10 12:21:00,0.12201768597839191
2018-04-10 12:24:00,0.31785039650236513
2018-04-10 12:27:00,0.22582376448116293
2018-04-10 12:30:00,0.22905171445984251
2018-04-10 12:33:00,0.13487133069935453
2018-04-10 12:36:00,0.2654485684720953
2018-04-10 12:39:00,0.2964319606142567
2018-04-10 12:42:00,0.3012696827032073
2018-04-10 12:45:00,0.2568898333293532
2018-04-10 12:48:00,0.10451585860624846
2018-04-10 12:51:00,0.10616639844863585
2018-04-10 12:54:00,0.14978473181645313
2018-04-10 12:57:00,0.2736753046859235
2018-04-10 13:00:00,0.16590753525377977
2018-04-10 13:03:00,0.21215851544423003
2018-04-10 13:06:00,0.26420788198487344
2018-04-10 13:09:00,0.13394615350966887
2018-04-10 13:12:00,0.2198053699056004
2018-04-10 13:15:00,0.03310461704489853
2018-04-10 13:18:00,0.1377036433561898
2018-04-10 13:21:00,0.06214201252402063
2018-04-10 13:24:00,0.05658771749449443
2018-04-10 13:27:00,0.16187857880794354
2018-04-10 13:30:00,0.09325360019141726
2018-04-10 13:33:00,0.07431524674780121
2018-04-10 13:36:00,0.18341153175538238
2018-04-10 13:39:00,0.2100886926754697
2018-04-10 13:42:00,0.2119419491270378
2018-04-10 13:45:00,0.18287116308977147
2018-04-10 13:48:00,0.23179721652462604
2018-04-10 13:51:00,0.24904733042239968
2018-04-10 13:54:00,0.20659025107062234
2018-04-10 13:57:00,0.13167670439776202
2018-04-10 14:00:00,0.08005827990029957
2018-04-10 14:03:00,0.13905147244651062
2018-04-10 14:06:00,0.17788071182070553
2018-04-10 14:09:00,0.3217987917915366
2018-04-10 14:12:00,0.36574539718264987
2018-04-10 14:15:00,0.2214831507303643
2018-04-10 14:18:00,0.1924313599904508
2018-04-10 14:21:00,0.20239285876175472
2018-04-10 14:24:00,0.24129004183117786
2018-04-10 14:27:00,0.1737008998252918
2018-04-10 14:30:00,0.1845009447640109
2018-04-10 14:33:00,0.2386999561828702
2018-04-10 14:36:00,0.2588012586580817
2018-04-10 14:39:00,0.21118423372450934
2018-04-10 14:42:00,0.25334156901300275
2018-04-10 14:45:00,0.14204780301759
2018-04-10 14:48:00,0.38095188147798353
2018-04-10 14:51:00,0.3583916072563511
2018-04-10 14:54:00,0.08848174478856663
2018-04-10 14:57:00,0.2218309114836643
2018-04-10 15:00:00,0.22781586276136068
2018-04-10 15:03:00,0.08795281900387408
2018-04-10 15:06:00,0.16407722958564364
2018-04-10 15:09:00,0.31293174731092677
2018-04-10 15:12:00,0.2514751543644138
2018-04-10 15:15:00,0.24121026013773417
2018-04-10 15:18:00,0.4371831917991358
2018-04-10 15:21:00,0.3712293641450515
2018-04-10 15:24:00,0.3640354263334302
2018-04-10 15:27:00,0.33550185931926535
2018-04-10 15:30:00,0.3236124623652472
2018-04-10 15:33:00,0.27243743236664386
2018-04-10 15:36:00,0.2110205722681826
2018-04-10 15:39:00,0.22212204274921987
2018-04-10 15:42:00,0.23577424040286132
2018-04-10 15:45:00,0.268618812015859
2018-04-10 15:48:00,0.15711050785716907
2018-04-10 15:51:00,0.17217068918859013
2018-04-10 15:54:00,0.20989102350097255
2018-04-10 15:57:00,0.24602842266460812
2018-04-10 16:00:00,0.26964219980811777
2018-04-10 16:03:00,0.2706486730189681
2018-04-10 16:06:00,0.18476565255286914
2018-04-10 16:09:00,0.0646586752623648
2018-04-10 16:12:00,0.190807096051401
2018-04-10 16:15:00,0.29270892282085015
2018-04-10 16:18:00,0.22133167061491577
2018-04-10 16:21:00,0.0933929217652576
2018-04-10 16:24:00,0.16103222245408233
2018-04-10 16:27:00,0.07979853331778486
2018-04-10 16:30:00,0.21347330422474897
2018-04-10 16:33:00,0.12425495024041311
2018-04-10 16:36:00,0.13275323697513386
2018-04-10 16:39:00,0.21525392954742983
2018-04-10 16:42:00,0.21672337147185772
2018-04-10 16:45:00,0.24653180254222207
2018-04-10 16:48:00,0.2447590769842236
2018-04-10 16:51:00,0.24769003771478992
2018-04-10 16:54:00,0.24753764471927298
2018-04-10 16:57:00,0.29877975088840003
2018-04-10 17:00:00,0.22043529229927117
2018-04-10 17:03:00,0.1798379112327666
2018-04-10 17:06:00,0.16622445835594135
2018-04-10 17:09:00,0.248390957284073
2018-04-10 17:12:00,0.25462212065974654
2018-04-10 17:15:00,0.1585371659872976
2018-04-10 17:18:00,0.24962015394913806
2018-04-10 17:21:00,0.1392520684300962
2018-04-10 17:24:00,0.218268383854479
2018-04-10 17:27:00,0.17277996752204672
2018-04-10 17:30:00,0.27037876610421563
2018-04-10 17:33:00,0.2136768057943641
2018-04-10 17:36:00,0.23498249190106435
2018-04-10 17:39:00,0.20299355727217971
2018-04-10 17:42:00,0.24823063178200755
2018-04-10 17:45:00,0.2672795151175933
2018-04-10 17:48:00,0.26283560959547003
2018-04-10 17:51:00,0.12980677473194646
2018-04-10 17:54:00,0.18443442998727733
2018-04-10 17:57:00,0.24808227710383335
2018-04-10 18:00:00,0.19212600280758352
2018-04-10 18:03:00,0.2711162307130621
2018-04-10 18:06:00,0.1764487175342424
2018-04-10 18:09:00,0.16461027756213298
2018-04-10 18:12:00,0.17537669435364478
2018-04-10 18:15:00,0.3156600273570689
2018-04-10 18:18:00,0.1996871370666895
2018-04-10 18:21:00,0.19370213425952443
2018-04-10 18:24:00,0.31801457595707916
2018-04-10 18:27:00,0.10455609096908347
2018-04-10 18:30:00,0.218028622429415
2018-04-10 18:33:00,0.1947213718503349
2018-04-10 18:36:00,0.23254159835283872
2018-04-10 18:39:00,0.07531923931014717
2018-04-10 18:42:00,0.035704415065254125
2018-04-10 18:45:00,0.14517759944982345
2018-04-10 18:48:00,0.15271419041175704
2018-04-10 18:51:00,0.30698539178013107
2018-04-10 18:54:00,0.2956265614012068
2018-04-10 18:57:00,
2018-04-10 19:00:00,
2018-04-10 19:03:00,0.10223704495217589
2018-04-10 19:06:00,0.17984674566503145
2018-04-10 19:09:00,0.1664191458987716
2018-04-10 19:12:00,0.1966395758975068
2018-04-10 19:15:00,0.19915962268197518
2018-04-10 19:18:00,0.19631724106147885
2018-04-10 19:21:00,0.11587873391897574
2018-04-10 19:24:00,0.23541924785683932
2018-04-10 19:27:00,0.19402672226095774
2018-04-10 19:30:00,0.12793182582061036
2018-04-10 19:33:00,0.14696473720056247
2018-04-10 19:36:00,0.19151655073937945
2018-04-10 19:39:00,0.10173851657827981
2018-04-10 19:42:00,0.14292145966504677
2018-04-10 19:45:00,0.19361858550922761
2018-04-10 19:48:00,0.19607546997502823
2018-04-10 19:51:00,0.20059574749751619
2018-04-10 19:54:00,0.056148137945797316
2018-04-10 19:57:00,0.1573565253589777
2018-04-10 20:00:00,0.19148230906682784
2018-04-10 20:03:00,0.2016059998159676
2018-04-10 20:06:00,0.2387436389294635
2018-04-10 20:09:00,0.23444722132410334
2018-04-10 20:12:00,0.1655819798588709
2018-04-10 20:15:00,0.24831340327466478
2018-04-10 20:18:00,0.21419563200208813
2018-04-10 20:21:00,0.2678738319129934
2018-04-10 20:24:00,0.3088203663747322
2018-04-10 20:27:00,0.20571999411077968
2018-04-10 20:30:00,0.22185541351603888
2018-04-10 20:33:00,0.19095027962879385
2018-04-10 20:36:00,0.15496318146557542
2018-04-10 20:39:00,0.13941786682738666
2018-04-10 20:42:00,0.279848854266902
2018-04-10 20:45:00,0.14018811834051803
2018-04-10 20:48:00,0.3039293382007031
2018-04-10 20:51:00,0.1685206249443354
2018-04-10 20:54:00,0.21416765356133283
2018-04-10 20:57:00,0.2778057261340905
2018-04-10 21:00:00,0.1252210151033637
2018-04-10 21:03:00,0.35563118370288294
2018-04-10 21:06:00,0.25744391162498914
2018-04-10 21:09:00,0.19210097765846967
2018-04-10 21:12:00,0.22603444793594463
2018-04-10 21:15:00,0.28527969700621725
2018-04-10 21:18:00,0.2512239380482697
2018-04-10 21:21:00,0.2290250204676454
2018-04-10 21:24:00,0.2647164000136968
2018-04-10 21:27:00,0.303823316963701
2018-04-10 21:30:00,0.29166774528306405
2018-04-10 21:33:00,0.23556422714136716
2018-04-10 21:36:00,0.15098029513882238
2018-04-10 21:39:00,0.21028638317739023
2018-04-10 21:42:00,0.2809817425246024
2018-04-10 21:45:00,0.20428119072209938
2018-04-10 21:48:00,0.29252597917076173
2018-04-10 21:51:00,0.3917685249945748
2018-04-10 21:54:00,0.3137085897112115
2018-04-10 21:57:00,0.24984876412679569
2018-04-10 22:00:00,0.340182145912479
2018-04-10 22:03:00,0.36641791146405467
2018-04-10 22:06:00,0.4477909121216044
2018-04-10 22:09:00,0.3926930333876726
2018-04-10 22:12:00,0.37425591770733035
2018-04-10 22:15:00,0.2401234909812615
2018-04-10 22:18:00,0.3255188770189079
2018-04-10 22:21:00,0.21301071168926455
2018-04-10 22:24:00,0.2790437725370225
2018-04-10 22:27:00,0.25105095364028784
2018-04-10 22:30:00,0.2534550794165966
2018-04-10 22:33:00,0.3006104124688136
2018-04-10 22:36:00,0.3627671416296039
2018-04-10 22:39:00,0.41947192679850787
2018-04-10 22:42:00,0.40001999198949534
2018-04-10 22:45:00,0.500037938009882
2018-04-10 22:48:00,0.4143118031694826
2018-04-10 22:51:00,0.35089298023996207
2018-04-10 22:54:00,0.30566383429470534
2018-04-10 22:57:00,0.41940618088568726
2018-04-10 23:00:00,0.3907831295058486
2018-04-10 23:03:00,0.3594755811949426
2018-04-10 23:06:00,0.36882320465349494
2018-04-10 23:09:00,0.3108615859441102
2018-04-10 23:12:00,0.3977571275617606
2018-04-10 23:15:00,0.33365178464066503
2018-04-10 23:18:00,0.40951299073600467
2018-04-10 23:21:00,0.34276568390259854
2018-04-10 23:24:00,0.3885333408790643
2018-04-10 23:27:00,0.42702898106273324
2018-04-10 23:30:00,0.4119658180262604
2018-04-10 23:33:00,0.5630594907626687
2018-04-10 23:36:00,0.5254235532595999
2018-04-10 23:39:00,0.5831054587218887
2018-04-10 23:42:00,0.5000519727344681
2018-04-10 23:45:00,0.5920002517980265
2018-04-10 23:48:00,0.5547288424099861
2018-04-10 23:51:00,0.5853535368878511
2018-04-10 23:54:00,0.6145419652168016
2018-04-10 23:57:00,0.6137551565273611
2018-04-11 00:00:00,0.5748281259757846
2018-04-11 00:03:00,0.6810395005066425
2018-04-11 00:06:00,0.5605590994927638
2018-04-11 00:09:00,0.5207397980533415
2018-04-11 00:12:00,0.5601210187368224
2018-04-11 00:15:00,0.4707319095030016
2018-04-11 00:18:00,0.4948820669554266
2018-04-11 00:21:00,0.5197946583344333
2018-04-11 00:24:00,0.5932779820951737
2018-04-11 00:27:00,0.6534589299255344
2018-04-11 00:30:00,0.6687493081543607
2018-04-11 00:33:00,0.5541371635526389
2018-04-11 00:36:00,0.5721130155155834
2018-04-11 00:39:00,0.5563276438900289
2018-04-11 00:42:00,0.4719920156010744
2018-04-11 00:45:00,0.6542258031579422
2018-04-11 00:48:00,0.49048349543744507
2018-04-11 00:51:00,0.5273580318638551
2018-04-11 00:54:00,0.548810613458727
2018-04-11 00:57:00,0.4735701657232312
2018-04-11 01:00:00,0.5273540842320017
2018-04-11 01:03:00,0.5915028971680272
2018-04-11 01:06:00,0.5802286999429498
2018-04-11 01:09:00,0.5733138646148177
2018-04-11 01:12:00,0.5433833524426177
2018-04-11 01:15:00,0.5116776452252338
2018-04-11 01:18:00,0.5736897780558934
2018-04-11 01:21:00,0.564435701221953
2018-04-11 01:24:00,0.5921117065639123
2018-04-11 01:27:00,0.5984558027311095
2018-04-11 01:30:00,0.6354521482354016
2018-04-11 01:33:00,0.5667244703623169
2018-04-11 01:36:00,0.5864761007242691
2018-04-11 01:39:00,0.6157708734912148
2018-04-11 01:42:00,0.5952827437156429
2018-04-11 01:45:00,0.5256325367581667
2018-04-11 01:48:00,0.61010500443399
2018-04-11 01:51:00,0.5520919011163414
2018-04-11 01:54:00,0.5481551330261709
2018-04-11 01:57:00,0.5210436824572753
2018-04-11 02:00:00,0.7027440444422837
2018-04-11 02:03:00,0.572403184810014
2018-04-11 02:06:00,0.4767088578773837
2018-04-11 02:09:00,0.5000565576485201
2018-04-11 02:12:00,0.5286366067248878
2018-04-11 02:15:00,0.5806598119328328
2018-04-11 02:18:00,0.5248996178606831
2018-04-11 02:21:00,0.4795865723844486
2018-04-11 02:24:00,0.5388638335626865
2018-04-11 02:27:00,0.4696477900592413
2018-04-11 02:30:00,0.47793450301634266
2018-04-11 02:33:00,0.5440613136636898
2018-04-11 02:36:00,0.534008880726276
2018-04-11 02:39:00,0.554076069384223
2018-04-11 02:42:00,0.47575058670707904
2018-04-11 02:45:00,0.45770064883072337
2018-04-11 02:48:00,0.5737226581131836
2018-04-11 02:51:00,0.5865356375826423
2018-04-11 02:54:00,0.69058568106027
2018-04-11 02:57:00,0.46125243244443936
2018-04-11 03:00:00,0.7085784194304097
2018-04-11 03:03:00,0.6125026208687245
2018-04-11 03:06:00,0.563142071865002
2018-04-11 03:09:00,0.5547290504017042
2018-04-11 03:12:00,0.6189345186337505
2018-04-11 03:15:00,0.4874295673583333
2018-04-11 03:18:00,0.5846116935633745
2018-04-11 03:21:00,0.5269276545336083
2018-04-11 03:24:00,0.503201852121606
2018-04-11 03:27:00,0.5631306562841587
2018-04-11 03:30:00,0.627948882236808
2018-04-11 03:33:00,0.5016685881695935
2018-04-11 03:36:00,0.687013178602399
2018-04-11 03:39:00,0.6207288529797097
2018-04-11 03:42:00,0.6389967929503655
2018-04-11 03:45:00,0.6356684331807401
2018-04-11 03:48:00,0.5741150319840358
2018-04-11 03:51:00,0.5305306987348786
2018-04-11 03:54:00,0.4912089612488444
2018-04-11 03:57:00,0.5834622020700522
2018-04-11 04:00:00,0.5354738273409794
2018-04-11 04:03:00,0.5824661841933221
2018-04-11 04:06:00,0.5083121925196679
2018-04-11 04:09:00,0.5371647257796326
2018-04-11 04:12:00,0.49806442846050913
2018-04-11 04:15:00,0.46344415897215185
2018-04-11 04:18:00,0.5070524227689361
2018-04-11 04:21:00,0.5165991638655214
2018-04-11 04:24:00,0.5325495924663528
2018-04-11 04:27:00,0.47881011586650857
2018-04-11 04:30:00,0.5587995955694964
2018-04-11 04:33:00,0.5357409251007539
2018-04-11 04:36:00,0.46137376436183786
2018-04-11 04:39:00,0.5054350929965494
2018-04-11 04:42:00,0.5272438316046646
2018-04-11 04:45:00,0.46021308418016815
2018-04-11 04:48:00,0.5237423896741689
2018-04-11 04:51:00,0.5064729339139262
2018-04-11 04:54:00,0.5466347054172047
2018-04-11 04:57:00,0.4647014099134026
2018-04-11 05:00:00,0.5742925038157978
2018-04-11 05:03:00,0.4653436513769975
2018-04-11 05:06:00,0.5090760965180152
2018-04-11 05:09:00,0.5235593015611926
2018-04-11 05:12:00,0.4834124477758337
2018-04-11 05:15:00,0.5715847455280141
2018-04-11 05:18:00,0.5390423389069383
2018-04-11 05:21:00,0.5181146500313503
2018-04-11 05:24:00,0.4492052661840944
2018-04-11 05:27:00,0.46527599202056535
2018-04-11 05:30:00,0.5602088998304566
2018-04-11 05:33:00,0.5466407088337064
2018-04-11 05:36:00,0.6050940097871376
2018-04-11 05:39:00,0.5808580585087384
2018-04-11 05:42:00,0.5364360043959664
2018-04-11 05:45:00,0.5116347652262334
2018-04-11 05:48:00,0.5656421018924789
2018-04-11 05:51:00,0.5340597456119553
2018-04-11 05:54:00,0.5108893074416301
2018-04-11 05:57:00,0.5218325282565388
2018-04-11 06:00:00,0.47472032157190824
2018-04-11 06:03:00,0.541512171788952
2018-04-11 06:06:00,0.5649127187065233
2018-04-11 06:09:00,0.5427755309348186
2018-04-11 06:12:00,0.6353678516850323
2018-04-11 06:15:00,0.43882701389173917
2018-04-11 06:18:00,0.5303765408127106
2018-04-11 06:21:00,0.47494482742433775
2018-04-11 06:24:00,0.5214159372703762
2018-04-11 06:27:00,0.6319001365124564
2018-04-11 06:30:00,0.6895693339882882
2018-04-11 06:33:00,0.5541747828133907
2018-04-11 06:36:00,0.5912942504299963
2018-04-11 06:39:00,0.5525616040944215
2018-04-11 06:42:00,0.5693156034404296
2018-04-11 06:45:00,0.4907357255636384
2018-04-11 06:48:00,0.5889047738903628
2018-04-11 06:51:00,0.5208166446321911
2018-04-11 06:54:00,0.45170729729335335
2018-04-11 06:57:00,0.5359921174514284
2018-04-11 07:00:00,0.5392705311770101
2018-04-11 07:03:00,0.461959355698184
2018-04-11 07:06:00,0.4746443744150497
2018-04-11 07:09:00,0.5927109504037276
2018-04-11 07:12:00,0.5481059778960002
2018-04-11 07:15:00,0.5543756058726217
2018-04-11 07:18:00,0.5598601860341432
2018-04-11 07:21:00,0.5941646352192151
2018-04-11 07:24:00,0.557815834807684
2018-04-11 07:27:00,0.5947262151275936
2018-04-11 07:30:00,0.45326328918832814
2018-04-11 07:33:00,0.5020918553182696
2018-04-11 07:36:00,0.5965246181885391
2018-04-11 07:39:00,0.4807711737000204
2018-04-11 07:42:00,0.5059492422539051
2018-04-11 07:45:00,0.5438222886706967
2018-04-11 07:48:00,0.6195112346422889
2018-04-11 07:51:00,0.5334863676629311
2018-04-11 07:54:00,0.6151108667590961
2018-04-11 07:57:00,0.5958004356488686
2018-04-11 08:00:00,0.47449895415775245
2018-04-11 08:03:00,0.5114109270090239
2018-04-11 08:06:00,0.517996448292763
2018-04-11 08:09:00,0.4937093907587382
2018-04-11 08:12:00,0.5473607477973701
2018-04-11 08:15:00,0.5854952108821863
2018-04-11 08:18:00,0.4339939108108979
2018-04-11 08:21:00,0.5286507070182438
2018-04-11 08:24:00,0.48962277523827424
2018-04-11 08:27:00,0.5657075451185847
2018-04-11 08:30:00,0.552664823600594
2018-04-11 08:33:00,0.5501186753175489
2018-04-11 08:36:00,0.5048721337866482
2018-04-11 08:39:00,0.4838450273709327
2018-04-11 08:42:00,0.535807198710188
2018-04-11 08:45:00,0.5464909235824393
2018-04-11 08:48:00,0.435379699131488
2018-04-11 08:51:00,0.47416300762290575
2018-04-11 08:54:00,0.3816772352907378
2018-04-11 08:57:00,0.44885932266566897
2018-04-11 09:00:00,0.5023356848863614
2018-04-11 09:03:00,0.5051319327013744
2018-04-11 09:06:00,0.4101779927432858
2018-04-11 09:09:00,0.3079471855859879
2018-04-11 09:12:00,0.323779598318481
2018-04-11 09:15:00,0.4013390820092013
2018-04-11 09:18:00,0.37903940043884177
2018-04-11 09:21:00,0.4319862723859842
2018-04-11 09:24:00,0.38447694521420317
2018-04-11 09:27:00,0.2812640801769817
2018-04-11 09:30:00,0.293693171236157
2018-04-11 09:33:00,0.2722946678383096
2018-04-11 09:36:00,0.3405657681039429
2018-04-11 09:39:00,0.2804395925770109
2018-04-11 09:42:00,0.315686234182067
2018-04-11 09:45:00,0.12531052306559332
2018-04-11 09:48:00,0.2678928428134668
2018-04-11 09:51:00,0.3712683822006966
2018-04-11 09:54:00,0.2717499490239561
2018-04-11 09:57:00,0.3188914211994529
2018-04-11 10:00:00,0.20862433471347686
2018-04-11 10:03:00,0.28563091842721633
2018-04-11 10:06:00,0.3081379700972775
2018-04-11 10:09:00,0.22341717928640037
2018-04-11 10:12:00,0.26713709074090275
2018-04-11 10:15:00,0.2194854413394296
2018-04-11 10:18:00,0.24385999660262314
2018-04-11 10:21:00,0.27629710305092203
2018-04-11 10:24:00,0.24413655149641045
2018-04-11 10:27:00,0.12218983648500625
2018-04-11 10:30:00,0.2370551938519725
2018-04-11 10:33:00,0.28018882019182456
2018-04-11 10:36:00,0.2600004123656845
2018-04-11 10:39:00,0.31783052411458357
2018-04-11 10:42:00,0.3174374338417465
2018-04-11 10:45:00,0.24609610763366163
2018-04-11 10:48:00,0.23971238462468136
2018-04-11 10:51:00,0.2900802426411815
2018-04-11 10:54:00,0.2905416075961398
2018-04-11 10:57:00,0.10220587658039904
2018-04-11 11:00:00,0.27972859486277457
2018-04-11 11:03:00,0.20413324533558352
2018-04-11 11:06:00,0.2698843281842187
2018-04-11 11:09:00,0.23534672764128572
2018-04-11 11:12:00,0.24471852344720446
2018-04-11 11:15:00,0.14691616902007354
2018-04-11 11:18:00,0.21990248928671008
2018-04-11 11:21:00,0.15602044907410573
2018-04-11 11:24:00,0.17337065118550754
2018-04-11 11:27:00,0.21488784360144564
2018-04-11 11:30:00,0.20041072709176433
2018-04-11 11:33:00,0.29646917359741565
2018-04-11 11:36:00,0.24400786325799118
2018-04-11 11:39:00,0.2253525468661337
2018-04-11 11:42:00,0.2649326936479497
2018-04-11 11:45:00,0.23923479315158147
2018-04-11 11:48:00,0.1635998190907344
2018-04-11 11:51:00,0.29828646338597764
2018-04-11 11:54:00,0.1312969187674753
2018-04-11 11:57:00,0.17238273413028082
2018-04-11 12:00:00,0.2636902342955523
2018-04-11 12:03:00,0.25716496670440847
2018-04-11 12:06:00,0.2558654563861751
2018-04-11 12:09:00,0.21483548193862134
2018-04-11 12:12:00,0.2738388888112695
2018-04-11 12:15:00,0.26288896378736126
2018-04-11 12:18:00,0.4187365784704298
2018-04-11 12:21:00,0.3572458081184777
2018-04-11 12:24:00,0.2767291631273565
2018-04-11 12:27:00,0.23156847422905003
2018-04-11 12:30:00,0.16306651505317404
2018-04-11 12:33:00,0.28191475077125006
2018-04-11 12:36:00,0.4064040373845046
2018-04-11 12:39:00,0.2667261993045713
2018-04-11 12:42:00,0.18164968685186977
2018-04-11 12:45:00,0.41700658124835854
2018-04-11 12:48:00,0.3042078164319264
2018-04-11 12:51:00,0.28392373833315787
2018-04-11 12:54:00,0.33086992414911265
2018-04-11 12:57:00,0.30517265217997647
2018-04-11 13:00:00,0.3224997443654729
2018-04-11 13:03:00,0.32759701088548354
2018-04-11 13:06:00,0.31215893661959626
2018-04-11 13:09:00,0.3383121874740027
2018-04-11 13:12:00,0.40753192990115394
2018-04-11 13:15:00,0.46693144349404747
2018-04-11 13:18:00,0.48443733067017547
2018-04-11 13:21:00,0.5688514960598354
2018-04-11 13:24:00,0.4967596558419132
2018-04-11 13:27:00,0.39226094348123297
2018-04-11 13:30:00,0.4814351688708598
2018-04-11 13:33:00,0.3901143615060505
2018-04-11 13:36:00,0.36933855884791456
2018-04-11 13:39:00,0.28771194562062874
2018-04-11 13:42:00,0.37305246261178127
2018-04-11 13:45:00,0.26845945695731643
2018-04-11 13:48:00,0.19974664758166227
2018-04-11 13:51:00,0.18683016226242444
2018-04-11 13:54:00,0.19203039094816177
2018-04-11 13:57:00,0.12086959187763568
2018-04-11 14:00:00,0.05294946422390012
2018-04-11 14:03:00,0.2191734088044086
2018-04-11 14:06:00,0.15291318626378825
2018-04-11 14:09:00,0.0504000115593044
2018-04-11 14:12:00,0.09102742918236117
2018-04-11 14:15:00,0.021569006733216156
2018-04-11 14:18:00,0.06137920520154694
2018-04-11 14:21:00,0.03402223515820424
2018-04-11 14:24:00,0.08778745219211714
2018-04-11 14:27:00,0.0853291609058715
2018-04-11 14:30:00,0.11224286860203847
2018-04-11 14:33:00,0.12340076017670754
2018-04-11 14:36:00,0.06378694424620335
2018-04-11 14:39:00,0.03224646101870121
2018-04-11 14:42:00,0.15709509120472376
2018-04-11 14:45:00,0.03521254394757989
2018-04-11 14:48:00,0.03915298490517216
2018-04-11 14:51:00,0.014066557279249992
2018-04-11 14:54:00,0.1451357249859484
2018-04-11 14:57:00,0.020677016202455434
2018-04-11 15:00:00,0.015430964057202345
2018-04-11 15:03:00,0.14292589046272042
2018-04-11 15:06:00,0.0960249894698677
2018-04-11 15:09:00,0.10800263557007383
2018-04-11 15:12:00,-0.13144412922514448
2018-04-11 15:15:00,0.009008940881869876
2018-04-11 15:18:00,-0.04498150983721416
2018-04-11 15:21:00,-0.11497061939132891
2018-04-11 15:24:00,0.06651840671872833
2018-04-11 15:27:00,-0.04452306102291459
2018-04-11 15:30:00,0.024161742255842
2018-04-11 15:33:00,0.12761464548952972
2018-04-11 15:36:00,0.054068920551912925
2018-04-11 15:39:00,0.05297539243542815
2018-04-11 15:42:00,0.16946792094705643
2018-04-11 15:45:00,0.08468284543596383
2018-04-11 15:48:00,0.04027264098357364
2018-04-11 15:51:00,0.09178944443931414
2018-04-11 15:54:00,-0.06431932009371621
2018-04-11 15:57:00,0.07392050922857152
2018-04-11 16:00:00,0.04119087365756968
2018-04-11 16:03:00,0.13910817350233629
2018-04-11 16:06:00,0.19628705257287038
2018-04-11 16:09:00,0.2554466431896003
2018-04-11 16:12:00,0.10634153086675724
2018-04-11 16:15:00,0.16357642679349738
2018-04-11 16:18:00,0.29352243608269646
2018-04-11 16:21:00,0.19416911723141084
2018-04-11 16:24:00,0.2881165512052348
2018-04-11 16:27:00,0.24984030479947705
2018-04-11 16:30:00,0.2809546388302806
2018-04-11 16:33:00,0.21292315051078958
2018-04-11 16:36:00,0.06932556289365266
2018-04-11 16:39:00,0.1720532070222589
2018-04-11 16:42:00,0.22074188174218534
2018-04-11 16:45:00,0.2806314010707638
2018-04-11 16:48:00,0.13194422578078502
2018-04-11 16:51:00,0.2670732604767636
2018-04-11 16:54:00,0.2581784624709371
2018-04-11 16:57:00,0.26416002213250067
2018-04-11 17:00:00,0.36552593277360756
2018-04-11 17:03:00,0.3518798895447617
2018-04-11 17:06:00,0.09595252863579162
2018-04-11 17:09:00,0.2526186695093884
2018-04-11 17:12:00,0.34500503462732013
2018-04-11 17:15:00,0.2643574617780473
2018-04-11 17:18:00,0.3665687921786116
2018-04-11 17:21:00,0.31499179761607365
2018-04-11 17:24:00,0.41816488522141526
2018-04-11 17:27:00,0.4744764430090527
2018-04-11 17:30:00,0.40047013962140454
2018-04-11 17:33:00,0.33082146191594575
2018-04-11 17:36:00,0.32518855180620676
2018-04-11 17:39:00,0.35285669059248903
2018-04-11 17:42:00,0.28613440903910714
2018-04-11 17:45:00,0.34972079519189947
2018-04-11 17:48:00,0.2088899136919622
2018-04-11 17:51:00,0.34638899362738584
2018-04-11 17:54:00,0.22908344193638186
2018-04-11 17:57:00,0.2457547087028047
2018-04-11 18:00:00,0.3289839037805109
2018-04-11 18:03:00,0.3526326762016083
2018-04-11 18:06:00,0.2924048224639364
2018-04-11 18:09:00,0.16005356381492675
2018-04-11 18:12:00,0.19953704400415972
2018-04-11 18:15:00,0.3347272224286826
2018-04-11 18:18:00,0.2691177834867631
2018-04-11 18:21:00,0.19694819464984903
2018-04-11 18:24:00,0.21442129056612202
2018-04-11 18:27:00,0.29823815294236056
2018-04-11 18:30:00,0.3834103869623391
2018-04-11 18:33:00,0.4229841416382101
2018-04-11 18:36:00,0.40842550515537823
2018-04-11 18:39:00,0.606901544098946
2018-04-11 18:42:00,0.37404578300663616
2018-04-11 18:45:00,0.3901265448512845
2018-04-11 18:48:00,0.40083946775718005
2018-04-11 18:51:00,0.2516747361495959
2018-04-11 18:54:00,
2018-04-11 18:57:00,
2018-04-11 19:00:00,
2018-04-11 19:03:00,0.16451242276343692
2018-04-11 19:06:00,0.2768043014829118
2018-04-11 19:09:00,0.44422789247192895
2018-04-11 19:12:00,0.380385350457459
2018-04-11 19:15:00,0.41046357419099877
2018-04-11 19:18:00,0.47654284966716887
2018-04-11 19:21:00,0.4016222711258024
2018-04-11 19:24:00,0.5297798025272868
2018-04-11 19:27:00,0.3992621270049881
2018-04-11 19:30:00,0.4447973324513441
2018-04-11 19:33:00,0.4682812793531639
2018-04-11 19:36:00,0.4132066077204968
2018-04-11 19:39:00,0.4610786750757825
2018-04-11 19:42:00,0.3873207485492003
2018-04-11 19:45:00,0.3280455426377671
2018-04-11 19:48:00,0.473345521792055
2018-04-11 19:51:00,0.32165526667222366
2018-04-11 19:54:00,0.3858959151746717
2018-04-11 19:57:00,0.3508874180440671
2018-04-11 20:00:00,0.3005484186049898
2018-04-11 20:03:00,0.32235605936972433
2018-04-11 20:06:00,0.3639008616302135
2018-04-11 20:09:00,0.37875477189186313
2018-04-11 20:12:00,0.22597063034612574
2018-04-11 20:15:00,0.3403117031731995
2018-04-11 20:18:00,0.30139742096662303
2018-04-11 20:21:00,0.37529708708990484
2018-04-11 20:24:00,0.3194301282044876
2018-04-11 20:27:00,0.2653602849839558
2018-04-11 20:30:00,0.28109452739073504
2018-04-11 20:33:00,0.16613879024833977
2018-04-11 20:36:00,0.23556223140923294
2018-04-11 20:39:00,0.2230270290564249
2018-04-11 20:42:00,0.2581333583788705
2018-04-11 20:45:00,0.3621476215589041
2018-04-11 20:48:00,0.2960703709909467
2018-04-11 20:51:00,0.3878894187858464
2018-04-11 20:54:00,0.29469746256182816
2018-04-11 20:57:00,0.2727179624379801
2018-04-11 21:00:00,0.3460746975225675
2018-04-11 21:03:00,0.3798331805787143
2018-04-11 21:06:00,0.38768746177413504
2018-04-11 21:09:00,0.36282815139111335
2018-04-11 21:12:00,0.3738150409717491
2018-04-11 21:15:00,0.46596865810346344
2018-04-11 21:18:00,0.2962060535264186
2018-04-11 21:21:00,0.44840515961647043
2018-04-11 21:24:00,0.3245004532749931
2018-04-11 21:27:00,0.2687385547054646
2018-04-11 21:30:00,0.4379307112589004
2018-04-11 21:33:00,0.47307601356072837
2018-04-11 21:36:00,0.27092139849702335
2018-04-11 21:39:00,0.3618212286556286
2018-04-11 21:42:00,0.4038426723250268
2018-04-11 21:45:00,0.4390740520320833
2018-04-11 21:48:00,0.42984331896269623
2018-04-11 21:51:00,0.4890478540993968
2018-04-11 21:54:00,0.44036753403923967
2018-04-11 21:57:00,0.3141215446924548
2018-04-11 22:00:00,0.43117107035374147
2018-04-11 22:03:00,0.42962020275837176
2018-04-11 22:06:00,0.4843151000549142
2018-04-11 22:09:00,0.5070999021176021
2018-04-11 22:12:00,0.46901315380796404
2018-04-11 22:15:00,0.47767290944591423
2018-04-11 22:18:00,0.3447505170511249
2018-04-11 22:21:00,0.30282251886416134
2018-04-11 22:24:00,0.3853522048637501
2018-04-11 22:27:00,0.3300770428060673
2018-04-11 22:30:00,0.40361139480586417
2018-04-11 22:33:00,0.41949212492966126
2018-04-11 22:36:00,0.4263802851879177
2018-04-11 22:39:00,0.3290325397530296
2018-04-11 22:42:00,0.42406846641381435
2018-04-11 22:45:00,0.3681449706187436
2018-04-11 22:48:00,0.4099105535129297
2018-04-11 22:51:00,0.38217691115869457
2018-04-11 22:54:00,0.4025951649401236
2018-04-11 22:57:00,0.35096069603179103
2018-04-11 23:00:00,0.35061277461613827
2018-04-11 23:03:00,0.3597022222350006
2018-04-11 23:06:00,0.43391662243493556
2018-04-11 23:09:00,0.5382477313718823
2018-04-11 23:12:00,0.4588290220797262
2018-04-11 23:15:00,0.437833976179661
2018-04-11 23:18:00,0.6394334875545837
2018-04-11 23:21:00,0.32538939408851775
2018-04-11 23:24:00,0.32497649321828703
2018-04-11 23:27:00,0.4766246273713932
2018-04-11 23:30:00,0.42725051206247144
2018-04-11 23:33:00,0.35779715022994196
2018-04-11 23:36:00,0.46647536088732977
2018-04-11 23:39:00,0.4648788403585513
2018-04-11 23:42:00,0.42535348978520915
2018-04-11 23:45:00,0.4459118123193093
2018-04-11 23:48:00,0.43542146301973617
2018-04-11 23:51:00,0.4327562653612631
2018-04-11 23:54:00,0.3887414737648669
2018-04-11 23:57:00,0.42341285438362775
2018-04-12 00:00:00,0.5364221227255257
2018-04-12 00:03:00,0.5551067648971753
2018-04-12 00:06:00,0.5915995184942631
2018-04-12 00:09:00,0.5064218526906643
2018-04-12 00:12:00,0.5132686482024269
2018-04-12 00:15:00,0.395277464854189
2018-04-12 00:18:00,0.40071942337817745
2018-04-12 00:21:00,0.403698407061313
2018-04-12 00:24:00,0.45099401884522194
2018-04-12 00:27:00,0.35858642421715103
2018-04-12 00:30:00,0.27875563176871765
2018-04-12 00:33:00,0.2792968645950964
2018-04-12 00:36:00,0.2584561416615543
2018-04-12 00:39:00,0.27313637264501267
2018-04-12 00:42:00,0.35825565789446046
2018-04-12 00:45:00,0.4156872420091986
2018-04-12 00:48:00,0.3533872834503313
2018-04-12 00:51:00,0.3869197817350596
2018-04-12 00:54:00,0.43449505009806444
2018-04-12 00:57:00,0.4378204051885177
2018-04-12 01:00:00,0.48371532243248794
2018-04-12 01:03:00,0.40206586275741074
2018-04-12 01:06:00,0.4390491871117206
2018-04-12 01:09:00,0.4567383858889116
2018-04-12 01:12:00,0.4114029512578554
2018-04-12 01:15:00,0.5056614883162638
2018-04-12 01:18:00,0.5299642350740896
2018-04-12 01:21:00,0.5971039785798098
2018-04-12 01:24:00,0.6255351543757115
2018-04-12 01:27:00,0.5680860701429538
2018-04-12 01:30:00,0.6074711381534144
2018-04-12 01:33:00,0.5197086218481104
2018-04-12 01:36:00,0.5925373296212229
2018-04-12 01:39:00,0.5170599635892472
2018-04-12 01:42:00,0.6800858329239077
2018-04-12 01:45:00,0.6139666143391196
2018-04-12 01:48:00,0.6785025502663871
2018-04-12 01:51:00,0.5826772393936608
2018-04-12 01:54:00,0.692049098799771
2018-04-12 01:57:00,0.7053275186377164
2018-04-12 02:00:00,0.7279911735129758
2018-04-12 02:03:00,0.6951919755614995
2018-04-12 02:06:00,0.6476344798180662
2018-04-12 02:09:00,0.6796169719768841
2018-04-12 02:12:00,0.8141635954315234
2018-04-12 02:15:00,0.9193534962313947
2018-04-12 02:18:00,0.8092580477992328
2018-04-12 02:21:00,0.8925852004539934
2018-04-12 02:24:00,0.8518636062796645
2018-04-12 02:27:00,0.896348265992458
2018-04-12 02:30:00,0.8897301245262383
2018-04-12 02:33:00,0.9173486406685925
2018-04-12 02:36:00,0.8144738706857879
2018-04-12 02:39:00,0.7290412964335928
2018-04-12 02:42:00,0.7848414571479339
2018-04-12 02:45:00,0.9251918127636145
2018-04-12 02:48:00,0.731334415528238
2018-04-12 02:51:00,0.8750324713549844
2018-04-12 02:54:00,0.8792888931667449
2018-04-12 02:57:00,0.8130604827928778
2018-04-12 03:00:00,0.6756655358389594
2018-04-12 03:03:00,0.7536496097687291
2018-04-12 03:06:00,0.728006274498739
2018-04-12 03:09:00,0.7218667849442113
2018-04-12 03:12:00,0.7649379958768918
2018-04-12 03:15:00,0.7466896299739574
2018-04-12 03:18:00,0.7649504032458481
2018-04-12 03:21:00,0.6711909965904397
2018-04-12 03:24:00,0.6608849883474477
2018-04-12 03:27:00,0.6182573064774033
2018-04-12 03:30:00,0.6773664095517233
2018-04-12 03:33:00,0.6174843909926153
2018-04-12 03:36:00,0.5655861040672221
2018-04-12 03:39:00,0.5265948391150914
2018-04-12 03:42:00,0.5632214832046998
2018-04-12 03:45:00,0.6410535182963599
2018-04-12 03:48:00,0.6537957244881909
2018-04-12 03:51:00,0.6453463354997666
2018-04-12 03:54:00,0.5004849634114521
2018-04-12 03:57:00,0.5783666940581611
2018-04-12 04:00:00,0.6963713502840392
2018-04-12 04:03:00,0.6680143092077628
2018-04-12 04:06:00,0.6561037074201863
2018-04-12 04:09:00,0.6953297534434455
2018-04-12 04:12:00,0.6212407281730634
2018-04-12 04:15:00,0.5934746745156758
2018-04-12 04:18:00,0.6385566984262141
2018-04-12 04:21:00,0.6006437943951823
2018-04-12 04:24:00,0.7466917360421235
2018-04-12 04:27:00,0.6666024248080475
2018-04-12 04:30:00,0.6635201857983475
2018-04-12 04:33:00,0.6831260223551112
2018-04-12 04:36:00,0.6635364512986257
2018-04-12 04:39:00,0.7625698012976727
2018-04-12 04:42:00,0.7666147421959977
2018-04-12 04:45:00,0.6865338112176005
2018-04-12 04:48:00,0.6319079578465789
2018-04-12 04:51:00,0.701046215726592
2018-04-12 04:54:00,0.619089001620523
2018-04-12 04:57:00,0.6615192277291726
2018-04-12 05:00:00,0.5741068741863842
2018-04-12 05:03:00,0.6017516710372206
2018-04-12 05:06:00,0.6424389773252983
2018-04-12 05:09:00,0.6186452978842567
2018-04-12 05:12:00,0.6689487312794995
2018-04-12 05:15:00,0.6155273188857109
2018-04-12 05:18:00,0.6656840371396129
2018-04-12 05:21:00,0.6254760779001458
2018-04-12 05:24:00,0.7253295438515579
2018-04-12 05:27:00,0.7253674597011468
2018-04-12 05:30:00,0.5817347353544164
2018-04-12 05:33:00,0.7213205422962119
2018-04-12 05:36:00,0.5889306175533306
2018-04-12 05:39:00,0.6538257412422013
2018-04-12 05:42:00,0.7374239979341723
2018-04-12 05:45:00,0.6641362815206548
2018-04-12 05:48:00,0.7324128597026061
2018-04-12 05:51:00,0.6323882160033918
2018-04-12 05:54:00,0.7160381574086045
2018-04-12 05:57:00,0.7219877188641135
2018-04-12 06:00:00,0.6149408231667053
2018-04-12 06:03:00,0.6561100101153556
2018-04-12 06:06:00,0.6648706347313009
2018-04-12 06:09:00,0.7986651764650787
2018-04-12 06:12:00,0.6681049989693975
2018-04-12 06:15:00,0.7166913495597669
2018-04-12 06:18:00,0.6797765977640893
2018-04-12 06:21:00,0.6708462376642501
2018-04-12 06:24:00,0.6185187448970737
2018-04-12 06:27:00,0.7242813092314577
2018-04-12 06:30:00,0.6623255438561273
2018-04-12 06:33:00,0.6268765668995115
2018-04-12 06:36:00,0.558078931595162
2018-04-12 06:39:00,0.6003007094829513
2018-04-12 06:42:00,0.633148123246599
2018-04-12 06:45:00,0.6724583602065763
2018-04-12 06:48:00,0.647568123621852
2018-04-12 06:51:00,0.6420851124379965
2018-04-12 06:54:00,0.6210561275170221
2018-04-12 06:57:00,0.6333836727550874
2018-04-12 07:00:00,0.5535848715310863
2018-04-12 07:03:00,0.6189531133908304
2018-04-12 07:06:00,0.5612268962989901
2018-04-12 07:09:00,0.5757407553483063
2018-04-12 07:12:00,0.6706962365928462
2018-04-12 07:15:00,0.5456671174619601
2018-04-12 07:18:00,0.7237843906570447
2018-04-12 07:21:00,0.612581922529273
2018-04-12 07:24:00,0.5795389708779908
2018-04-12 07:27:00,0.5024543932851202
2018-04-12 07:30:00,0.6813891987296756
2018-04-12 07:33:00,0.665560299769993
2018-04-12 07:36:00,0.6385369920868698
2018-04-12 07:39:00,0.504660560261982
2018-04-12 07:42:00,0.5509134931921835
2018-04-12 07:45:00,0.4995759121598553
2018-04-12 07:48:00,0.5925214513474657
2018-04-12 07:51:00,0.550179634413837
2018-04-12 07:54:00,0.6062661608727922
2018-04-12 07:57:00,0.56542599068149
2018-04-12 08:00:00,0.5416014587739255
2018-04-12 08:03:00,0.5510910273530953
2018-04-12 08:06:00,0.4157789789373396
2018-04-12 08:09:00,0.5448543122651586
2018-04-12 08:12:00,0.5052999293586709
2018-04-12 08:15:00,0.47273665540484444
2018-04-12 08:18:00,0.49528814802664556
2018-04-12 08:21:00,0.44863659105925535
2018-04-12 08:24:00,0.4934206296885577
2018-04-12 08:27:00,0.5140029722560939
2018-04-12 08:30:00,0.5113429851653564
2018-04-12 08:33:00,0.46239744252505943
2018-04-12 08:36:00,0.48780378858577933
2018-04-12 08:39:00,0.5257198490550081
2018-04-12 08:42:00,0.4090923706539229
2018-04-12 08:45:00,0.42237172090483455
2018-04-12 08:48:00,0.40599867740661466
2018-04-12 08:51:00,0.4985341362221902
2018-04-12 08:54:00,0.49280996832055735
2018-04-12 08:57:00,0.456985486419228
2018-04-12 09:00:00,0.38535700245324733
2018-04-12 09:03:00,0.4455194802597475
2018-04-12 09:06:00,0.43428290707981887
2018-04-12 09:09:00,0.34570608117115853
2018-04-12 09:12:00,0.41094693062166243
2018-04-12 09:15:00,0.40170754367107975
2018-04-12 09:18:00,0.4364592605819553
2018-04-12 09:21:00,0.36731201733641683
2018-04-12 09:24:00,0.3414479708642375
2018-04-12 09:27:00,0.3757270938937154
2018-04-12 09:30:00,0.4540926764411779
2018-04-12 09:33:00,0.3712413414169191
2018-04-12 09:36:00,0.30222472232333075
2018-04-12 09:39:00,0.2278386763865683
2018-04-12 09:42:00,0.3561792206156724
2018-04-12 09:45:00,0.3648629584860146
2018-04-12 09:48:00,0.2652048757741454
2018-04-12 09:51:00,0.3055060578413986
2018-04-12 09:54:00,0.3054263537746351
2018-04-12 09:57:00,0.18660865628675083
2018-04-12 10:00:00,0.21868677779519885
2018-04-12 10:03:00,0.2810769859847255
2018-04-12 10:06:00,0.2492285699492527
2018-04-12 10:09:00,0.2336102320038549
2018-04-12 10:12:00,0.2490030259222067
2018-04-12 10:15:00,0.2901678719388201
2018-04-12 10:18:00,0.25319007424320716
2018-04-12 10:21:00,0.2780563702425525
2018-04-12 10:24:00,0.3760137171601059
2018-04-12 10:27:00,0.18774884751729815
2018-04-12 10:30:00,0.20041012832240312
2018-04-12 10:33:00,0.2651326584021376
2018-04-12 10:36:00,0.2588989975624827
2018-04-12 10:39:00,0.2908544322540365
2018-04-12 10:42:00,0.2605783600264431
2018-04-12 10:45:00,0.3516239840949993
2018-04-12 10:48:00,0.23450800700430818
2018-04-12 10:51:00,0.25427840842360183
2018-04-12 10:54:00,0.2563413825823204
2018-04-12 10:57:00,0.3686569040529548
2018-04-12 11:00:00,0.2051458452285715
2018-04-12 11:03:00,0.23256754356577858
2018-04-12 11:06:00,0.07092967815094653
2018-04-12 11:09:00,0.17872494775690484
2018-04-12 11:12:00,0.1281641135608993
2018-04-12 11:15:00,0.12475484105215173
2018-04-12 11:18:00,0.19520304243008013
2018-04-12 11:21:00,0.09272301195801447
2018-04-12 11:24:00,0.1904094031549448
2018-04-12 11:27:00,0.14756280175549819
2018-04-12 11:30:00,0.19895031489784287
2018-04-12 11:33:00,0.20339299072008998
2018-04-12 11:36:00,0.10354087729831463
2018-04-12 11:39:00,0.2332676707451924
2018-04-12 11:42:00,0.2528200106757481
2018-04-12 11:45:00,0.16036017630415245
2018-04-12 11:48:00,0.18088267809883973
2018-04-12 11:51:00,-0.0503736740905083
2018-04-12 11:54:00,0.2249748760048078
2018-04-12 11:57:00,0.17901949658448757
2018-04-12 12:00:00,0.11249277765921306
2018-04-12 12:03:00,0.19707957044272462
2018-04-12 12:06:00,0.13684824101784443
2018-04-12 12:09:00,0.10868635003424743
2018-04-12 12:12:00,0.06660602197939625
2018-04-12 12:15:00,0.08898655372672692
2018-04-12 12:18:00,0.11578661075515129
2018-04-12 12:21:00,0.10867937206739953
2018-04-12 12:24:00,0.0702566681025587
2018-04-12 12:27:00,0.10951722030063138
2018-04-12 12:30:00,0.070138180626941
2018-04-12 12:33:00,0.17886383281336293
2018-04-12 12:36:00,0.14488995881481515
2018-04-12 12:39:00,0.21685996819883258
2018-04-12 12:42:00,0.22170805049375986
2018-04-12 12:45:00,0.13647037018881747
2018-04-12 12:48:00,0.20172045152190776
2018-04-12 12:51:00,0.19097424295824794
2018-04-12 12:54:00,0.14607475838840855
2018-04-12 12:57:00,0.08763835321150282
2018-04-12 13:00:00,0.10166595640697551
2018-04-12 13:03:00,0.29422147777330565
2018-04-12 13:06:00,0.09616149279315778
2018-04-12 13:09:00,0.10142914012732263
2018-04-12 13:12:00,0.05692284049058571
2018-04-12 13:15:00,0.06558354317792237
2018-04-12 13:18:00,0.06616246502869672
2018-04-12 13:21:00,0.07189951750234513
2018-04-12 13:24:00,0.052070094112025345
2018-04-12 13:27:00,0.06412421742544439
2018-04-12 13:30:00,0.10018858275367393
2018-04-12 13:33:00,-0.04819133427372435
2018-04-12 13:36:00,0.05645866742696626
2018-04-12 13:39:00,0.028773836049595047
2018-04-12 13:42:00,-0.020958363036186256
2018-04-12 13:45:00,0.05910857751155163
2018-04-12 13:48:00,0.1309621419003406
2018-04-12 13:51:00,0.10022504163549684
2018-04-12 13:54:00,0.08823635780890982
2018-04-12 13:57:00,0.036518001262379585
2018-04-12 14:00:00,0.21574994848316464
2018-04-12 14:03:00,0.16191747371834708
2018-04-12 14:06:00,0.2930132142510615
2018-04-12 14:09:00,0.07443141743323167
2018-04-12 14:12:00,0.07888534268488456
2018-04-12 14:15:00,0.24664339547092595
2018-04-12 14:18:00,0.10786553693225187
2018-04-12 14:21:00,0.03975037174188856
2018-04-12 14:24:00,0.14448062858554067
2018-04-12 14:27:00,0.012202885994042845
2018-04-12 14:30:00,0.15462468197500812
2018-04-12 14:33:00,0.1772596283957455
2018-04-12 14:36:00,0.024814077811356583
2018-04-12 14:39:00,0.2424439225246715
2018-04-12 14:42:00,0.08894920170325804
2018-04-12 14:45:00,0.10869132903411582
2018-04-12 14:48:00,0.0049702255834631615
2018-04-12 14:51:00,-0.12037654122599406
2018-04-12 14:54:00,0.0772571189617679
2018-04-12 14:57:00,-0.0016704261591371505
2018-04-12 15:00:00,0.18552096954982744
2018-04-12 15:03:00,0.18014214376142945
2018-04-12 15:06:00,0.20984777168968094
2018-04-12 15:09:00,0.40529578854017245
2018-04-12 15:12:00,0.32729009116565067
2018-04-12 15:15:00,0.2232514970502848
2018-04-12 15:18:00,0.21116941651831667
2018-04-12 15:21:00,0.06469923686245238
2018-04-12 15:24:00,0.33237166040862576
2018-04-12 15:27:00,0.022729522813563108
2018-04-12 15:30:00,0.10662367546444784
2018-04-12 15:33:00,0.05538245919257179
2018-04-12 15:36:00,0.10292959601764551
2018-04-12 15:39:00,0.1236307987364853
2018-04-12 15:42:00,0.12388833145149647
2018-04-12 15:45:00,0.18015786337315376
2018-04-12 15:48:00,0.06648854521245084
2018-04-12 15:51:00,0.14439663220946386
2018-04-12 15:54:00,0.10974816544637633
2018-04-12 15:57:00,0.1338524221008015
2018-04-12 16:00:00,0.078886311745066
2018-04-12 16:03:00,0.04229522070340863
2018-04-12 16:06:00,0.15019040975829512
2018-04-12 16:09:00,0.24820017086364032
2018-04-12 16:12:00,0.2770540465087947
2018-04-12 16:15:00,0.3553983815548918
2018-04-12 16:18:00,0.48035486292599217
2018-04-12 16:21:00,0.42588527034439494
2018-04-12 16:24:00,0.45865884261917245
2018-04-12 16:27:00,0.45349798672202724
2018-04-12 16:30:00,0.39053355695460823
2018-04-12 16:33:00,0.4331320431162453
2018-04-12 16:36:00,0.3545377387349049
2018-04-12 16:39:00,0.4261745114368978
2018-04-12 16:42:00,0.42278955395914863
2018-04-12 16:45:00,0.44946234023109355
2018-04-12 16:48:00,0.39114620416796697
2018-04-12 16:51:00,0.3074831816964547
2018-04-12 16:54:00,0.45696141259981005
2018-04-12 16:57:00,0.3695383666423595
2018-04-12 17:00:00,0.5322117533315804
2018-04-12 17:03:00,0.6728675112255473
2018-04-12 17:06:00,0.6041312551008104
2018-04-12 17:09:00,0.5673513912307158
2018-04-12 17:12:00,0.3517959554405934
2018-04-12 17:15:00,0.35353667831736857
2018-04-12 17:18:00,0.23649938420635408
2018-04-12 17:21:00,0.13981068557637855
2018-04-12 17:24:00,0.09417433438596845
2018-04-12 17:27:00,0.18225231808833087
2018-04-12 17:30:00,0.0743508142356859
2018-04-12 17:33:00,0.26329642981033885
2018-04-12 17:36:00,0.18499040076056872
2018-04-12 17:39:00,0.22391314371674298
2018-04-12 17:42:00,0.16875753790725412
2018-04-12 17:45:00,0.2385451409658117
2018-04-12 17:48:00,0.158039769406912
2018-04-12 17:51:00,0.12711701164664646
2018-04-12 17:54:00,0.282367673529734
2018-04-12 17:57:00,0.22981847212616913
2018-04-12 18:00:00,0.29980445379260345
2018-04-12 18:03:00,0.1578675460177692
2018-04-12 18:06:00,0.1930191580474343
2018-04-12 18:09:00,0.20410160371886832
2018-04-12 18:12:00,0.1025941970705162
2018-04-12 18:15:00,0.27117246201925127
2018-04-12 18:18:00,0.3386597391406099
2018-04-12 18:21:00,0.30496988476159004
2018-04-12 18:24:00,0.1682963233532746
2018-04-12 18:27:00,0.22392559679889246
2018-04-12 18:30:00,0.18369781699811938
2018-04-12 18:33:00,0.28958129577267755
2018-04-12 18:36:00,0.19808402485944043
2018-04-12 18:39:00,0.12682774611215564
2018-04-12 18:42:00,0.29422089868353396
2018-04-12 18:45:00,0.2125948648621261
2018-04-12 18:48:00,0.309414684949445
2018-04-12 18:51:00,0.17976903055864568
2018-04-12 18:54:00,
2018-04-12 18:57:00,
2018-04-12 19:00:00,
2018-04-12 19:03:00,0.1635965038909717
2018-04-12 19:06:00,0.3113284785454198
2018-04-12 19:09:00,0.23683922573906102
2018-04-12 19:12:00,0.19903057661014145
2018-04-12 19:15:00,0.3319313987205419
2018-04-12 19:18:00,0.26277938910794774
2018-04-12 19:21:00,0.33812593686360515
2018-04-12 19:24:00,0.3535921682496337
2018-04-12 19:27:00,0.24351250070094466
2018-04-12 19:30:00,0.24158056824671803
2018-04-12 19:33:00,0.3506748522236194
2018-04-12 19:36:00,0.3274266846891578
2018-04-12 19:39:00,0.2464871394504371
2018-04-12 19:42:00,0.22968747543950485
2018-04-12 19:45:00,0.2711896153131761
2018-04-12 19:48:00,0.23743050281473188
2018-04-12 19:51:00,0.40144032992782286
2018-04-12 19:54:00,0.2940361861979568
2018-04-12 19:57:00,0.25309069563701314
2018-04-12 20:00:00,0.31236073345479554
2018-04-12 20:03:00,0.3558791082469952
2018-04-12 20:06:00,0.2872094280288593
2018-04-12 20:09:00,0.42298055885140684
2018-04-12 20:12:00,0.22661989204090105
2018-04-12 20:15:00,0.2970962744462895
2018-04-12 20:18:00,0.3464388179272646
2018-04-12 20:21:00,0.34378149403966063
2018-04-12 20:24:00,0.35970038456508746
2018-04-12 20:27:00,0.2852998881323856
2018-04-12 20:30:00,0.3836655185096447
2018-04-12 20:33:00,0.38890793893762066
2018-04-12 20:36:00,0.3138813791441635
2018-04-12 20:39:00,0.3815220032234947
2018-04-12 20:42:00,0.39677700834931784
2018-04-12 20:45:00,0.3080315948291741
2018-04-12 20:48:00,0.35821012807917896
2018-04-12 20:51:00,0.2669111109737514
2018-04-12 20:54:00,0.2289929459162181
2018-04-12 20:57:00,0.28256228178395304
2018-04-12 21:00:00,0.35821756706599217
2018-04-12 21:03:00,0.2666449642360931
2018-04-12 21:06:00,0.2613295578164525
2018-04-12 21:09:00,0.31393465385860964
2018-04-12 21:12:00,0.25611898619348494
2018-04-12 21:15:00,0.2922607836055704
2018-04-12 21:18:00,0.2808724867670662
2018-04-12 21:21:00,0.3371291607866169
2018-04-12 21:24:00,0.29841899855188103
2018-04-12 21:27:00,0.3045553662059888
2018-04-12 21:30:00,0.34148176115343176
2018-04-12 21:33:00,0.296846140117907
2018-04-12 21:36:00,0.3195169545405747
2018-04-12 21:39:00,0.3510455154604415
2018-04-12 21:42:00,0.41675755572356366
2018-04-12 21:45:00,0.3182495468543607
2018-04-12 21:48:00,0.3339097668231261
2018-04-12 21:51:00,0.3951522368028577
2018-04-12 21:54:00,0.27658779916100684
2018-04-12 21:57:00,0.3587959628580393
2018-04-12 22:00:00,0.40500992634821387
2018-04-12 22:03:00,0.44654266207334103
2018-04-12 22:06:00,0.3986393528383019
2018-04-12 22:09:00,0.4385649385793613
2018-04-12 22:12:00,0.41491044906086927
2018-04-12 22:15:00,0.3615251080734083
2018-04-12 22:18:00,0.45128533649625524
2018-04-12 22:21:00,0.3943274485246775
2018-04-12 22:24:00,0.4192324318407259
2018-04-12 22:27:00,0.3619036792107977
2018-04-12 22:30:00,0.40618582653200974
2018-04-12 22:33:00,0.3980295398418434
2018-04-12 22:36:00,0.3116383529579707
2018-04-12 22:39:00,0.3837079599492199
2018-04-12 22:42:00,0.42903790534376185
2018-04-12 22:45:00,0.3956711049463024
2018-04-12 22:48:00,0.5304260900181816
2018-04-12 22:51:00,0.35994273611066774
2018-04-12 22:54:00,0.4136126246932008
2018-04-12 22:57:00,0.34519054108329783
2018-04-12 23:00:00,0.39839864176229867
2018-04-12 23:03:00,0.4057745840639768
2018-04-12 23:06:00,0.42418173544234605
2018-04-12 23:09:00,0.3059885594904017
2018-04-12 23:12:00,0.3936484644498819
2018-04-12 23:15:00,0.37977209389384825
2018-04-12 23:18:00,0.3216586312531149
2018-04-12 23:21:00,0.40479371120585483
2018-04-12 23:24:00,0.4184525371059067
2018-04-12 23:27:00,0.4376987760792872
2018-04-12 23:30:00,0.5535646699614176
2018-04-12 23:33:00,0.5259230854715042
2018-04-12 23:36:00,0.442494329475835
2018-04-12 23:39:00,0.3945746873134226
2018-04-12 23:42:00,0.4598171577163157
2018-04-12 23:45:00,0.4803220737544507
2018-04-12 23:48:00,0.5086426266391868
2018-04-12 23:51:00,0.47143511723504616
2018-04-12 23:54:00,0.5256386408345861
2018-04-12 23:57:00,0.44249363737054637
2018-04-13 00:00:00,0.4970134197283187
2018-04-13 00:03:00,0.4229446895151341
2018-04-13 00:06:00,0.5002030908186725
2018-04-13 00:09:00,0.559290635947832
2018-04-13 00:12:00,0.47567800619117406
2018-04-13 00:15:00,0.44659660158413317
2018-04-13 00:18:00,0.512151846049619
2018-04-13 00:21:00,0.4096741535457227
2018-04-13 00:24:00,0.4619474444946263
2018-04-13 00:27:00,0.4457462460869124
2018-04-13 00:30:00,0.4721749856820452
2018-04-13 00:33:00,0.5019426920042065
2018-04-13 00:36:00,0.4998829537584015
2018-04-13 00:39:00,0.41086874605838375
2018-04-13 00:42:00,0.4684432994541794
2018-04-13 00:45:00,0.4840442922669581
2018-04-13 00:48:00,0.3393663858091145
2018-04-13 00:51:00,0.5123401546238142
2018-04-13 00:54:00,0.4973870574286252
2018-04-13 00:57:00,0.48517781866706855
2018-04-13 01:00:00,0.5322505850413108
2018-04-13 01:03:00,0.5325201805292181
2018-04-13 01:06:00,0.5624246962279358
2018-04-13 01:09:00,0.5289784850824617
2018-04-13 01:12:00,0.44194182981505037
2018-04-13 01:15:00,0.485149682041083
2018-04-13 01:18:00,0.586491991399555
2018-04-13 01:21:00,0.4918412191314019
2018-04-13 01:24:00,0.5357348087547962
2018-04-13 01:27:00,0.4399031325173155
2018-04-13 01:30:00,0.46740855038183327
2018-04-13 01:33:00,0.4473855040905619
2018-04-13 01:36:00,0.33613004830846194
2018-04-13 01:39:00,0.5653460212989785
2018-04-13 01:42:00,0.4670565884807729
2018-04-13 01:45:00,0.5621680376821132
2018-04-13 01:48:00,0.4045387391128088
2018-04-13 01:51:00,0.49224695503522753
2018-04-13 01:54:00,0.49984377600526386
2018-04-13 01:57:00,0.47890415773542827
2018-04-13 02:00:00,0.44870994797457797
2018-04-13 02:03:00,0.492773388006583
2018-04-13 02:06:00,0.4722815944936656
2018-04-13 02:09:00,0.4999167173720025
2018-04-13 02:12:00,0.49370574467167216
2018-04-13 02:15:00,0.5324465950908461
2018-04-13 02:18:00,0.5644455295210378
2018-04-13 02:21:00,0.4853378548139631
2018-04-13 02:24:00,0.4886355603776451
2018-04-13 02:27:00,0.5250685508912625
2018-04-13 02:30:00,0.4448182709252251
2018-04-13 02:33:00,0.5112540979766891
2018-04-13 02:36:00,0.5651274988783257
2018-04-13 02:39:00,0.6188739127750296
2018-04-13 02:42:00,0.5970779279919043
2018-04-13 02:45:00,0.5731614231546587
2018-04-13 02:48:00,0.606989602365104
2018-04-13 02:51:00,0.5207807752097438
2018-04-13 02:54:00,0.6390574861930531
2018-04-13 02:57:00,0.5573999477160214
2018-04-13 03:00:00,0.544148834571331
2018-04-13 03:03:00,0.6314357860641735
2018-04-13 03:06:00,0.6269629812427979
2018-04-13 03:09:00,0.6830213835302743
2018-04-13 03:12:00,0.5235738996326518
2018-04-13 03:15:00,0.5942326479103599
2018-04-13 03:18:00,0.5455032944652771
2018-04-13 03:21:00,0.566911561066604
2018-04-13 03:24:00,0.6435366981345965
2018-04-13 03:27:00,0.5886297873452122
2018-04-13 03:30:00,0.7374559313459486
2018-04-13 03:33:00,0.6026290518325368
2018-04-13 03:36:00,0.6439610682092507
2018-04-13 03:39:00,0.5516836481271525
2018-04-13 03:42:00,0.6416504881544824
2018-04-13 03:45:00,0.6311531596848567
2018-04-13 03:48:00,0.6458228596265485
2018-04-13 03:51:00,0.6236921303884628
2018-04-13 03:54:00,0.4669999837597061
2018-04-13 03:57:00,0.4978448653187115
2018-04-13 04:00:00,0.5621497001473585
2018-04-13 04:03:00,0.5483669177173169
2018-04-13 04:06:00,0.5247596642409462
2018-04-13 04:09:00,0.5778702726577194
2018-04-13 04:12:00,0.5271818519912586
2018-04-13 04:15:00,0.5241735123719877
2018-04-13 04:18:00,0.5508400559318147
2018-04-13 04:21:00,0.5410604575054094
2018-04-13 04:24:00,0.6122070004383318
2018-04-13 04:27:00,0.4601986076227149
2018-04-13 04:30:00,0.5121841111845242
2018-04-13 04:33:00,0.5670192328352641
2018-04-13 04:36:00,0.5638574089985013
2018-04-13 04:39:00,0.4338450758469321
2018-04-13 04:42:00,0.4873592424797266
2018-04-13 04:45:00,0.5432159225762803
2018-04-13 04:48:00,0.5775247066187603
2018-04-13 04:51:00,0.5478975614058186
2018-04-13 04:54:00,0.6824312886875532
2018-04-13 04:57:00,0.5564156538158045
2018-04-13 05:00:00,0.5829660742002147
2018-04-13 05:03:00,0.5817822110503243
2018-04-13 05:06:00,0.5431764424843095
2018-04-13 05:09:00,0.6051706706658706
2018-04-13 05:12:00,0.5308330232163598
2018-04-13 05:15:00,0.5072336583739911
2018-04-13 05:18:00,0.48617128580531244
2018-04-13 05:21:00,0.5376639013137492
2018-04-13 05:24:00,0.50372414211364
2018-04-13 05:27:00,0.49050095749879574
2018-04-13 05:30:00,0.5149301049705741
2018-04-13 05:33:00,0.5303802787159952
2018-04-13 05:36:00,0.5818035550627769
2018-04-13 05:39:00,0.46324711251457984
2018-04-13 05:42:00,0.4940554430550037
2018-04-13 05:45:00,0.49568008128329666
2018-04-13 05:48:00,0.49023356596831036
2018-04-13 05:51:00,0.5288825642108463
2018-04-13 05:54:00,0.525985454164811
2018-04-13 05:57:00,0.4917913848281614
2018-04-13 06:00:00,0.5108756435255373
2018-04-13 06:03:00,0.637325908240939
2018-04-13 06:06:00,0.5880013608097556
2018-04-13 06:09:00,0.6097814306384066
2018-04-13 06:12:00,0.5741739513899233
2018-04-13 06:15:00,0.5617041990400935
2018-04-13 06:18:00,0.48800470565072374
2018-04-13 06:21:00,0.5742285381930969
2018-04-13 06:24:00,0.5152615314639206
2018-04-13 06:27:00,0.5041999749379897
2018-04-13 06:30:00,0.617402074536642
2018-04-13 06:33:00,0.5296899638070727
2018-04-13 06:36:00,0.5057781296031862
2018-04-13 06:39:00,0.5414704365410898
2018-04-13 06:42:00,0.5210178312745484
2018-04-13 06:45:00,0.5776619304026553
2018-04-13 06:48:00,0.5350074732592702
2018-04-13 06:51:00,0.5149330764036222
2018-04-13 06:54:00,0.5379668144045695
2018-04-13 06:57:00,0.5378704886261403
2018-04-13 07:00:00,0.3998619605663407
2018-04-13 07:03:00,0.4794451482981117
2018-04-13 07:06:00,0.5093471089473383
2018-04-13 07:09:00,0.5319198104606926
2018-04-13 07:12:00,0.6060884882753612
2018-04-13 07:15:00,0.5284778421799956
2018-04-13 07:18:00,0.5800310173945036
2018-04-13 07:21:00,0.4750838832796376
2018-04-13 07:24:00,0.5449148342930812
2018-04-13 07:27:00,0.4578272441036688
2018-04-13 07:30:00,0.4554638983213408
2018-04-13 07:33:00,0.49252946788533336
2018-04-13 07:36:00,0.4798712690511593
2018-04-13 07:39:00,0.45282508210215155
2018-04-13 07:42:00,0.3547765484926799
2018-04-13 07:45:00,0.3987833747611944
2018-04-13 07:48:00,0.4512646782349634
2018-04-13 07:51:00,0.2752160892954407
2018-04-13 07:54:00,0.32165577319807426
2018-04-13 07:57:00,0.4653008952792561
2018-04-13 08:00:00,0.502617908821037
2018-04-13 08:03:00,0.4041747332415184
2018-04-13 08:06:00,0.432536096034255
2018-04-13 08:09:00,0.4348731752764934
2018-04-13 08:12:00,0.5002121069829286
2018-04-13 08:15:00,0.3884012637433898
2018-04-13 08:18:00,0.4378340779562109
2018-04-13 08:21:00,0.42593982379838735
2018-04-13 08:24:00,0.401386517419553
2018-04-13 08:27:00,0.4682340818498574
2018-04-13 08:30:00,0.33201366224727735
2018-04-13 08:33:00,0.3977663964690237
2018-04-13 08:36:00,0.41935193780739155
2018-04-13 08:39:00,0.434330914903569
2018-04-13 08:42:00,0.41497065572087877
2018-04-13 08:45:00,0.350702354742225
2018-04-13 08:48:00,0.25255945889847453
2018-04-13 08:51:00,0.46682685239835564
2018-04-13 08:54:00,0.4337024614994789
2018-04-13 08:57:00,0.41270980729012763
2018-04-13 09:00:00,0.36643709804639
2018-04-13 09:03:00,0.4062643530854757
2018-04-13 09:06:00,0.5410009086647278
2018-04-13 09:09:00,0.31970332948691293
2018-04-13 09:12:00,0.4861479838592686
2018-04-13 09:15:00,0.31926210920852327
2018-04-13 09:18:00,0.30885452876702857
2018-04-13 09:21:00,0.175491846929674
2018-04-13 09:24:00,0.0478836919807577
2018-04-13 09:27:00,0.18086301380577652
2018-04-13 09:30:00,0.18494687320736602
2018-04-13 09:33:00,0.11851657653556913
2018-04-13 09:36:00,0.03260144095719397
2018-04-13 09:39:00,0.039262918525878376
2018-04-13 09:42:00,0.12260843890459228
2018-04-13 09:45:00,0.17874574496033802
2018-04-13 09:48:00,0.2537809162606095
2018-04-13 09:51:00,0.14742843358897062
2018-04-13 09:54:00,0.29376487956767505
2018-04-13 09:57:00,0.15570199113909666
2018-04-13 10:00:00,0.19901684441703082
2018-04-13 10:03:00,0.22190948089371432
2018-04-13 10:06:00,0.2124967801441926
2018-04-13 10:09:00,0.16301589994816368
2018-04-13 10:12:00,0.08327519469349909
2018-04-13 10:15:00,0.08855360224430342
2018-04-13 10:18:00,0.056855472131303486
2018-04-13 10:21:00,0.06857135051137675
2018-04-13 10:24:00,0.0982542382110978
2018-04-13 10:27:00,0.012850239255101314
2018-04-13 10:30:00,0.05091874181857747
2018-04-13 10:33:00,0.012025058902906949
2018-04-13 10:36:00,0.03478531927748918
2018-04-13 10:39:00,0.0513856253634799
2018-04-13 10:42:00,0.11693357721418352
2018-04-13 10:45:00,-0.009893321130846289
2018-04-13 10:48:00,-0.019752775936467515
2018-04-13 10:51:00,0.07487303202321982
2018-04-13 10:54:00,0.10842604517887366
2018-04-13 10:57:00,0.07946748396392422
2018-04-13 11:00:00,-0.011134841317812061
2018-04-13 11:03:00,-0.17451342883271082
2018-04-13 11:06:00,-0.01217033488518382
2018-04-13 11:09:00,-0.04891961242708476
2018-04-13 11:12:00,-0.056736496570295
2018-04-13 11:15:00,-0.00831399388528098
2018-04-13 11:18:00,-0.024393260160309183
2018-04-13 11:21:00,0.017273509731012382
2018-04-13 11:24:00,0.11678279498573829
2018-04-13 11:27:00,-0.025762856946073498
2018-04-13 11:30:00,0.060263433042507586
2018-04-13 11:33:00,0.10719290116179536
2018-04-13 11:36:00,-0.049574467639445174
2018-04-13 11:39:00,-0.054680676276007034
2018-04-13 11:42:00,0.006888557507181758
2018-04-13 11:45:00,0.007597358294560763
2018-04-13 11:48:00,0.03761418011333717
2018-04-13 11:51:00,-0.07908642524222387
2018-04-13 11:54:00,-0.05467695856793853
2018-04-13 11:57:00,-0.04621321225260999
2018-04-13 12:00:00,-0.0797875983549261
2018-04-13 12:03:00,-0.16210079955402534
2018-04-13 12:06:00,-0.10146858856268182
2018-04-13 12:09:00,0.05503000347317766
2018-04-13 12:12:00,0.039051335595047476
2018-04-13 12:15:00,-0.023174808526619017
2018-04-13 12:18:00,-0.08585343665060918
2018-04-13 12:21:00,0.0017766980777196295
2018-04-13 12:24:00,0.02961839690829038
2018-04-13 12:27:00,0.1145750397294023
2018-04-13 12:30:00,0.0005044225163146621
2018-04-13 12:33:00,0.14733802048874622
2018-04-13 12:36:00,0.08334434212156339
2018-04-13 12:39:00,0.11979791848000332
2018-04-13 12:42:00,0.1474356701150441
2018-04-13 12:45:00,0.31885341832287395
2018-04-13 12:48:00,0.2117289467683463
2018-04-13 12:51:00,0.28581273293383447
2018-04-13 12:54:00,0.2340224019624202
2018-04-13 12:57:00,0.19793895195618916
2018-04-13 13:00:00,0.2502028555904303
2018-04-13 13:03:00,0.1878086313799372
2018-04-13 13:06:00,0.36859562016240943
2018-04-13 13:09:00,0.40116668706815517
2018-04-13 13:12:00,0.3131882893858915
2018-04-13 13:15:00,0.02585174597174955
2018-04-13 13:18:00,-0.16003890537001553
2018-04-13 13:21:00,-0.0209530734119312
2018-04-13 13:24:00,-0.015321123736214304
2018-04-13 13:27:00,0.0571779932751042
2018-04-13 13:30:00,0.15604289543546201
2018-04-13 13:33:00,-0.08634164078279127
2018-04-13 13:36:00,-0.03306620630502266
2018-04-13 13:39:00,0.19942261323234334
2018-04-13 13:42:00,0.30579815064942295
2018-04-13 13:45:00,0.24979307769689285
2018-04-13 13:48:00,0.23232715868226705
2018-04-13 13:51:00,0.30199760444190815
2018-04-13 13:54:00,0.2704563140518417
2018-04-13 13:57:00,0.2565245919928998
2018-04-13 14:00:00,0.2858112975132485
2018-04-13 14:03:00,0.2815307985300137
2018-04-13 14:06:00,0.23078986360133058
2018-04-13 14:09:00,0.360915544424131
2018-04-13 14:12:00,0.521459467626471
2018-04-13 14:15:00,0.5298463003009033
2018-04-13 14:18:00,0.6866024949839016
2018-04-13 14:21:00,0.6177058518481999
2018-04-13 14:24:00,0.7080721452187504
2018-04-13 14:27:00,0.7161814647923848
2018-04-13 14:30:00,0.653699160774238
2018-04-13 14:33:00,0.6354837952385992
2018-04-13 14:36:00,0.586188549113956
2018-04-13 14:39:00,0.5518434711057125
2018-04-13 14:42:00,0.5834838564695133
2018-04-13 14:45:00,0.6688979298237427
2018-04-13 14:48:00,0.5899169635317207
2018-04-13 14:51:00,0.5292995925797754
2018-04-13 14:54:00,0.6570805232886414
2018-04-13 14:57:00,0.5638326353221146
2018-04-13 15:00:00,0.634665496970058
2018-04-13 15:03:00,0.46057971024691824
2018-04-13 15:06:00,0.43043374855102456
2018-04-13 15:09:00,0.5713775378291075
2018-04-13 15:12:00,0.39549996537988363
2018-04-13 15:15:00,0.5263878427280702
2018-04-13 15:18:00,0.4382519378967231
2018-04-13 15:21:00,0.40978376776422465
2018-04-13 15:24:00,0.4142407065243674
2018-04-13 15:27:00,0.45360033794059973
2018-04-13 15:30:00,0.40820440996947127
2018-04-13 15:33:00,0.44694119910286645
2018-04-13 15:36:00,0.47608283281203967
2018-04-13 15:39:00,0.4751442357223823
2018-04-13 15:42:00,0.4982905405282736
2018-04-13 15:45:00,0.4078729456226142
2018-04-13 15:48:00,0.44396065456015776
2018-04-13 15:51:00,0.3714596572235678
2018-04-13 15:54:00,0.49396119917565784
2018-04-13 15:57:00,0.34908387203637403
2018-04-13 16:00:00,0.3671376736504044
2018-04-13 16:03:00,0.3642884351235125
2018-04-13 16:06:00,0.3307708797935902
2018-04-13 16:09:00,0.2969202558657571
2018-04-13 16:12:00,0.3253841953750225
2018-04-13 16:15:00,0.24707839141757404
2018-04-13 16:18:00,0.2735194928741862
2018-04-13 16:21:00,0.28713545207295965
2018-04-13 16:24:00,0.23806323904693727
2018-04-13 16:27:00,0.316184509021582
2018-04-13 16:30:00,0.31692351617169834
2018-04-13 16:33:00,0.3696609990852835
2018-04-13 16:36:00,0.3075381760216942
2018-04-13 16:39:00,0.43034717308023573
2018-04-13 16:42:00,0.3077840775567324
2018-04-13 16:45:00,0.32748447727198027
2018-04-13 16:48:00,0.3632949087123052
2018-04-13 16:51:00,0.30705464681460626
2018-04-13 16:54:00,0.3633214106308742
2018-04-13 16:57:00,0.22858660970155142
2018-04-13 17:00:00,0.23764018741678683
2018-04-13 17:03:00,0.20317540873509188
2018-04-13 17:06:00,0.20185948223888772
2018-04-13 17:09:00,0.24837281938414435
2018-04-13 17:12:00,0.2305310489364274
2018-04-13 17:15:00,0.23877195548845975
2018-04-13 17:18:00,0.200585844681882
2018-04-13 17:21:00,0.26464323901797115
2018-04-13 17:24:00,0.17404654236065653
2018-04-13 17:27:00,0.24845385955632082
2018-04-13 17:30:00,0.32152633882435566
2018-04-13 17:33:00,0.26084090202152765
2018-04-13 17:36:00,0.1315620639661006
2018-04-13 17:39:00,0.20830415042519235
2018-04-13 17:42:00,0.14827657025989538
2018-04-13 17:45:00,0.3239344575060841
2018-04-13 17:48:00,0.14846288951099496
2018-04-13 17:51:00,0.2416474530629671
2018-04-13 17:54:00,0.20264362924319812
2018-04-13 17:57:00,0.3545707799591469
2018-04-13 18:00:00,0.39879683788961984
2018-04-13 18:03:00,0.28420851639856437
2018-04-13 18:06:00,0.30085893821188847
2018-04-13 18:09:00,0.4137631977791898
2018-04-13 18:12:00,0.3578282173094749
2018-04-13 18:15:00,0.3577395813580324
2018-04-13 18:18:00,0.4710038710686604
2018-04-13 18:21:00,0.4050438562666159
2018-04-13 18:24:00,0.3830541486719312
2018-04-13 18:27:00,0.3404696223585688
2018-04-13 18:30:00,0.3101244954494291
2018-04-13 18:33:00,0.42928111410776637
2018-04-13 18:36:00,0.3359638841030801
2018-04-13 18:39:00,0.4376107036424628
2018-04-13 18:42:00,0.35347408124704316
2018-04-13 18:45:00,0.36064817664095017
2018-04-13 18:48:00,0.38049123792762884
2018-04-13 18:51:00,0.2909496189687957
2018-04-13 18:54:00,
2018-04-13 18:57:00,
2018-04-13 19:00:00,
2018-04-13 19:03:00,0.23831705929899272
2018-04-13 19:06:00,0.2559063767257612
2018-04-13 19:09:00,0.2842970178432438
2018-04-13 19:12:00,0.2759214448744842
2018-04-13 19:15:00,0.24956892446027723
2018-04-13 19:18:00,0.3403597389603874
2018-04-13 19:21:00,0.29862290530564906
2018-04-13 19:24:00,0.2590219420889639
2018-04-13 19:27:00,0.3531910520686097
2018-04-13 19:30:00,0.31831699656004275
2018-04-13 19:33:00,0.34519109288163463
2018-04-13 19:36:00,0.3211117759524882
2018-04-13 19:39:00,0.319334471923014
2018-04-13 19:42:00,0.22911919944942838
2018-04-13 19:45:00,0.344644045890675
2018-04-13 19:48:00,0.24552369773857663
2018-04-13 19:51:00,0.19642436412391362
2018-04-13 19:54:00,0.2921084788318353
2018-04-13 19:57:00,0.28448969780203015
2018-04-13 20:00:00,0.2923110632930843
2018-04-13 20:03:00,0.259271097350279
2018-04-13 20:06:00,0.2662784518631156
2018-04-13 20:09:00,0.28991171140273764
2018-04-13 20:12:00,0.356828486655445
2018-04-13 20:15:00,0.3507780424046132
2018-04-13 20:18:00,0.347442817556157
2018-04-13 20:21:00,0.5396543427595475
2018-04-13 20:24:00,0.24815161557216925
2018-04-13 20:27:00,0.33139462332547964
2018-04-13 20:30:00,0.3491499855956022
2018-04-13 20:33:00,0.35157678851720675
2018-04-13 20:36:00,0.3200546552255332
2018-04-13 20:39:00,0.24240956511994227
2018-04-13 20:42:00,0.24448904817347739
2018-04-13 20:45:00,0.33827158876789554
2018-04-13 20:48:00,0.29648570064472324
2018-04-13 20:51:00,0.3287670639701332
2018-04-13 20:54:00,0.3407928235593545
2018-04-13 20:57:00,0.2729485302795638
2018-04-13 21:00:00,0.23032200646701995
2018-04-13 21:03:00,0.2715839716401547
2018-04-13 21:06:00,0.29919559467504087
2018-04-13 21:09:00,0.29580957036671407
2018-04-13 21:12:00,0.32552357201450377
2018-04-13 21:15:00,0.3043311696141018
2018-04-13 21:18:00,0.29243006706661845
2018-04-13 21:21:00,0.299285239508265
2018-04-13 21:24:00,0.4005115583434531
2018-04-13 21:27:00,0.2627971028509819
2018-04-13 21:30:00,0.34980177728328954
2018-04-13 21:33:00,0.27674632112837116
2018-04-13 21:36:00,0.29308452592135836
2018-04-13 21:39:00,0.3033962902908911
2018-04-13 21:42:00,0.29063924336099944
2018-04-13 21:45:00,0.41316417657253623
2018-04-13 21:48:00,0.21267137080724297
2018-04-13 21:51:00,0.3056480395227368
2018-04-13 21:54:00,0.1744413287587463
2018-04-13 21:57:00,0.19523043047962574
2018-04-13 22:00:00,0.16564154408632703
2018-04-13 22:03:00,0.4505346626207256
2018-04-13 22:06:00,0.5819015917406887
2018-04-13 22:09:00,0.617283036932065
2018-04-13 22:12:00,0.551210897816361
2018-04-13 22:15:00,0.3941971839276448
2018-04-13 22:18:00,0.3982445630722964
2018-04-13 22:21:00,0.4721125194458864
2018-04-13 22:24:00,0.5105938081422323
2018-04-13 22:27:00,0.4333667846981939
2018-04-13 22:30:00,0.4210130180149463
2018-04-13 22:33:00,0.3446404261899829
2018-04-13 22:36:00,0.5222947420674018
2018-04-13 22:39:00,0.7474044875362438
2018-04-13 22:42:00,0.7682313530411307
2018-04-13 22:45:00,0.6597240347524576
2018-04-13 22:48:00,0.7166734244861459
2018-04-13 22:51:00,0.6720147237844571
2018-04-13 22:54:00,0.7215706268471536
2018-04-13 22:57:00,0.6949630851357256
2018-04-13 23:00:00,0.7845427096016806
2018-04-13 23:03:00,0.7267367449125004
2018-04-13 23:06:00,0.7659178666432922
2018-04-13 23:09:00,0.6797664885307881
2018-04-13 23:12:00,0.8242920639734734
2018-04-13 23:15:00,0.9203493620895529
2018-04-13 23:18:00,0.6497632838297136
2018-04-13 23:21:00,0.8040862610273507
2018-04-13 23:24:00,0.8027001234184468
2018-04-13 23:27:00,0.8650497686327867
2018-04-13 23:30:00,0.7434746424511331
2018-04-13 23:33:00,0.8210353627328573
2018-04-13 23:36:00,0.7496714242307121
2018-04-13 23:39:00,0.8594297903304096
2018-04-13 23:42:00,0.7538479386726067
2018-04-13 23:45:00,0.6743579073381056
2018-04-13 23:48:00,0.7778315412139136
2018-04-13 23:51:00,0.614510840675905
2018-04-13 23:54:00,0.4946278872729408
2018-04-13 23:57:00,0.4749377402840196
2018-04-14 00:00:00,0.4719080681119294
2018-04-14 00:03:00,0.595829009009492
2018-04-14 00:06:00,0.4475928250423067
2018-04-14 00:09:00,0.4739050343115423
2018-04-14 00:12:00,0.5063833649416551
2018-04-14 00:15:00,0.5999004361933089
2018-04-14 00:18:00,0.4428276577623933
2018-04-14 00:21:00,0.40419377214720953
2018-04-14 00:24:00,0.4459838811818031
2018-04-14 00:27:00,0.47589393832214455
2018-04-14 00:30:00,0.5465377938540428
2018-04-14 00:33:00,0.5772190580327674
2018-04-14 00:36:00,0.5157551747091702
2018-04-14 00:39:00,0.5012008935113386
2018-04-14 00:42:00,0.541194317601196
2018-04-14 00:45:00,0.5287130158335458
2018-04-14 00:48:00,0.48514842830178395
2018-04-14 00:51:00,0.4338895201768196
2018-04-14 00:54:00,0.4621525400098676
2018-04-14 00:57:00,0.4164936469061331
2018-04-14 01:00:00,0.48286093333121016
2018-04-14 01:03:00,0.46182322954962274
2018-04-14 01:06:00,0.4509091574124682
2018-04-14 01:09:00,0.5182468128338655
2018-04-14 01:12:00,0.5084364822313887
2018-04-14 01:15:00,0.475735662293971
2018-04-14 01:18:00,0.4792650699648675
2018-04-14 01:21:00,0.5407940084745064
2018-04-14 01:24:00,0.5348202658065588
2018-04-14 01:27:00,0.589150184932862
2018-04-14 01:30:00,0.4600148004328162
2018-04-14 01:33:00,0.5375446710549454
2018-04-14 01:36:00,0.4970583126196857
2018-04-14 01:39:00,0.4411867180513127
2018-04-14 01:42:00,0.4990107557317742
2018-04-14 01:45:00,0.563027925686356
2018-04-14 01:48:00,0.5548926483781429
2018-04-14 01:51:00,0.5250221748622721
2018-04-14 01:54:00,0.5265809888211379
2018-04-14 01:57:00,0.48243481336271543
2018-04-14 02:00:00,0.4723591975049999
2018-04-14 02:03:00,0.5318779420525175
2018-04-14 02:06:00,0.4232411639619045
2018-04-14 02:09:00,0.46405036506052966
2018-04-14 02:12:00,0.46307713203378853
2018-04-14 02:15:00,0.5471974665180142
2018-04-14 02:18:00,0.5944172047505276
2018-04-14 02:21:00,0.5142925773889715
2018-04-14 02:24:00,0.4366817886008789
2018-04-14 02:27:00,0.5044125352646347
2018-04-14 02:30:00,0.5047853332988552
2018-04-14 02:33:00,0.5399456107823539
2018-04-14 02:36:00,0.5160498682481034
2018-04-14 02:39:00,0.6349964820291234
2018-04-14 02:42:00,0.5922173569967413
2018-04-14 02:45:00,0.6412019684798338
2018-04-14 02:48:00,0.602104144947532
2018-04-14 02:51:00,0.4919876716526801
2018-04-14 02:54:00,0.36257068488896493
2018-04-14 02:57:00,0.5541434446870426
2018-04-14 03:00:00,0.5190434509597139
2018-04-14 03:03:00,0.4587696055226047
2018-04-14 03:06:00,0.5136281055857808
2018-04-14 03:09:00,0.6534198088678522
2018-04-14 03:12:00,0.56957090999515
2018-04-14 03:15:00,0.5059634334655243
2018-04-14 03:18:00,0.5378665407122867
2018-04-14 03:21:00,0.6426393503913914
2018-04-14 03:24:00,0.5800414681897905
2018-04-14 03:27:00,0.6826489143092545
2018-04-14 03:30:00,0.5372019019521304
2018-04-14 03:33:00,0.6350338797165023
2018-04-14 03:36:00,0.670522453824276
2018-04-14 03:39:00,0.6243693631087126
2018-04-14 03:42:00,0.6383366107921233
2018-04-14 03:45:00,0.5803500616408996
2018-04-14 03:48:00,0.5610931823109127
2018-04-14 03:51:00,0.6000620709082227
2018-04-14 03:54:00,0.5640495650444564
2018-04-14 03:57:00,0.5572744095872508
2018-04-14 04:00:00,0.475570017172231
2018-04-14 04:03:00,0.5409147281052924
2018-04-14 04:06:00,0.5801644804575972
2018-04-14 04:09:00,0.4001543626752664
2018-04-14 04:12:00,0.6535718895635796
2018-04-14 04:15:00,0.500106323526154
2018-04-14 04:18:00,0.42939249050931494
2018-04-14 04:21:00,0.4791419254950142
2018-04-14 04:24:00,0.5366367199754336
2018-04-14 04:27:00,0.5891813775140236
2018-04-14 04:30:00,0.6617335246475591
2018-04-14 04:33:00,0.6692401509843648
2018-04-14 04:36:00,0.5816629149909431
2018-04-14 04:39:00,0.543735043439824
2018-04-14 04:42:00,0.6088954931546482
2018-04-14 04:45:00,0.5665435463713493
2018-04-14 04:48:00,0.5170797180161344
2018-04-14 04:51:00,0.4941511951482198
2018-04-14 04:54:00,0.46967491609495937
2018-04-14 04:57:00,0.48952969618835596
2018-04-14 05:00:00,0.47854200953622694
2018-04-14 05:03:00,0.5262101223250397
2018-04-14 05:06:00,0.5543404388104705
2018-04-14 05:09:00,0.4513095586734721
2018-04-14 05:12:00,0.5083210536159299
2018-04-14 05:15:00,0.555881347226034
2018-04-14 05:18:00,0.5171975407509422
2018-04-14 05:21:00,0.576268913084732
2018-04-14 05:24:00,0.4867636590680604
2018-04-14 05:27:00,0.6004214215006982
2018-04-14 05:30:00,0.49077833878720867
2018-04-14 05:33:00,0.4838973045308421
2018-04-14 05:36:00,0.5165782353342934
2018-04-14 05:39:00,0.4595089494363265
2018-04-14 05:42:00,0.4960437942091289
2018-04-14 05:45:00,0.4464751991334879
2018-04-14 05:48:00,0.5379032988843733
2018-04-14 05:51:00,0.5530767805166761
2018-04-14 05:54:00,0.48865789333649445
2018-04-14 05:57:00,0.5319887678527948
2018-04-14 06:00:00,0.5721069329406419
2018-04-14 06:03:00,0.4633810937301064
2018-04-14 06:06:00,0.44021364072250435
2018-04-14 06:09:00,0.5215794435769112
2018-04-14 06:12:00,0.5063196373782262
2018-04-14 06:15:00,0.4382463396351568
2018-04-14 06:18:00,0.4654232643993055
2018-04-14 06:21:00,0.47065066506348785
2018-04-14 06:24:00,0.4397803360260468
2018-04-14 06:27:00,0.5393485956874429
2018-04-14 06:30:00,0.43736364972306774
2018-04-14 06:33:00,0.6166809674616616
2018-04-14 06:36:00,0.5735573467391646
2018-04-14 06:39:00,0.5243394928968996
2018-04-14 06:42:00,0.628456472947903
2018-04-14 06:45:00,0.4009912933225337
2018-04-14 06:48:00,0.5275311515848102
2018-04-14 06:51:00,0.49352346724901963
2018-04-14 06:54:00,0.5541988838532461
2018-04-14 06:57:00,0.4751205242809533
2018-04-14 07:00:00,0.5421388155889417
2018-04-14 07:03:00,0.5346017421391593
2018-04-14 07:06:00,0.5161651225954529
2018-04-14 07:09:00,0.4602023270660993
2018-04-14 07:12:00,0.5124927227043372
2018-04-14 07:15:00,0.5265603029797603
2018-04-14 07:18:00,0.5312038088592885
2018-04-14 07:21:00,0.4485214786546976
2018-04-14 07:24:00,0.4521505537900339
2018-04-14 07:27:00,0.48951704848263944
2018-04-14 07:30:00,0.5188307519240425
2018-04-14 07:33:00,0.42512173408965737
2018-04-14 07:36:00,0.5113903631025778
2018-04-14 07:39:00,0.5319646754070391
2018-04-14 07:42:00,0.4344862561576406
2018-04-14 07:45:00,0.45526537892840224
2018-04-14 07:48:00,0.3906092112489432
2018-04-14 07:51:00,0.3353480094492056
2018-04-14 07:54:00,0.45625219219067503
2018-04-14 07:57:00,0.4308367549078298
2018-04-14 08:00:00,0.5211080256239029
2018-04-14 08:03:00,0.42976143890774665
2018-04-14 08:06:00,0.4797507165852153
2018-04-14 08:09:00,0.4608892317697837
2018-04-14 08:12:00,0.3906462395972312
2018-04-14 08:15:00,0.41487589196282215
2018-04-14 08:18:00,0.43309120382212996
2018-04-14 08:21:00,0.440926394374344
2018-04-14 08:24:00,0.46810519309258325
2018-04-14 08:27:00,0.46058671700700415
2018-04-14 08:30:00,0.43021362471165503
2018-04-14 08:33:00,0.383299512830547
2018-04-14 08:36:00,0.2777895575104026
2018-04-14 08:39:00,0.32989448912195485
2018-04-14 08:42:00,0.32644605590218134
2018-04-14 08:45:00,0.2653505569437584
2018-04-14 08:48:00,0.2902854088716822
2018-04-14 08:51:00,0.34181200282461077
2018-04-14 08:54:00,0.3626161783701036
2018-04-14 08:57:00,0.3334781818629722
2018-04-14 09:00:00,0.27966548219353626
2018-04-14 09:03:00,0.3187357871657923
2018-04-14 09:06:00,0.3639917772983381
2018-04-14 09:09:00,0.24941954219042373
2018-04-14 09:12:00,0.237945528830096
2018-04-14 09:15:00,0.18792751772241445
2018-04-14 09:18:00,0.32820721890686855
2018-04-14 09:21:00,0.34109559597078487
2018-04-14 09:24:00,0.2066752771641518
2018-04-14 09:27:00,0.28617581033239503
2018-04-14 09:30:00,0.28490630683268137
2018-04-14 09:33:00,0.24880309898475161
2018-04-14 09:36:00,0.21528934490532947
2018-04-14 09:39:00,0.23510747489990536
2018-04-14 09:42:00,0.3059327399716949
2018-04-14 09:45:00,0.20381582600293768
2018-04-14 09:48:00,0.2962606418408882
2018-04-14 09:51:00,0.21812300475670554
2018-04-14 09:54:00,0.2608949957584059
2018-04-14 09:57:00,0.26892630630794656
2018-04-14 10:00:00,0.3610797734661446
2018-04-14 10:03:00,0.22789460313146037
2018-04-14 10:06:00,0.18990112895397715
2018-04-14 10:09:00,0.16719213242561182
2018-04-14 10:12:00,0.18436003296551462
2018-04-14 10:15:00,0.23524232651794819
2018-04-14 10:18:00,0.15037757296016707
2018-04-14 10:21:00,0.2880515837682651
2018-04-14 10:24:00,0.2301383449218406
2018-04-14 10:27:00,0.17740693535949958
2018-04-14 10:30:00,0.1387626959225372
2018-04-14 10:33:00,0.0873258093118352
2018-04-14 10:36:00,0.21620981342647383
2018-04-14 10:39:00,0.0923841811097077
2018-04-14 10:42:00,0.12803940926755786
2018-04-14 10:45:00,0.10001219258049332
2018-04-14 10:48:00,0.07074154120590492
2018-04-14 10:51:00,0.09502972936030574
2018-04-14 10:54:00,0.13056118278268514
2018-04-14 10:57:00,-0.058173918832835625
2018-04-14 11:00:00,0.14160684157150172
2018-04-14 11:03:00,0.060790673243332094
2018-04-14 11:06:00,0.04801420318244709
2018-04-14 11:09:00,0.20589887347068725
2018-04-14 11:12:00,0.1924032721661888
2018-04-14 11:15:00,0.10378461675713879
2018-04-14 11:18:00,0.16892055430355413
2018-04-14 11:21:00,0.19729782917778493
2018-04-14 11:24:00,0.06698215884091496
2018-04-14 11:27:00,0.09824502475652253
2018-04-14 11:30:00,0.10990780429312963
2018-04-14 11:33:00,0.1844394872325097
2018-04-14 11:36:00,-0.04559667849127891
2018-04-14 11:39:00,0.00636671544583578
2018-04-14 11:42:00,-0.026027311272400766
2018-04-14 11:45:00,0.07700722832112206
2018-04-14 11:48:00,0.08989375037310765
2018-04-14 11:51:00,0.07307224007405466
2018-04-14 11:54:00,0.08708915324820055
2018-04-14 11:57:00,0.06506000572193216
2018-04-14 12:00:00,0.028324939822880424
2018-04-14 12:03:00,-0.03778961040916329
2018-04-14 12:06:00,0.09429535585945814
2018-04-14 12:09:00,0.09841047799790203
2018-04-14 12:12:00,0.07345747481980425
2018-04-14 12:15:00,0.06716954320290824
2018-04-14 12:18:00,0.07571472231029475
2018-04-14 12:21:00,0.01081626266989133
2018-04-14 12:24:00,0.041625481840583234
2018-04-14 12:27:00,-0.012564147106559176
2018-04-14 12:30:00,-0.024400572383910912
2018-04-14 12:33:00,0.10636674756932507
2018-04-14 12:36:00,0.10938276556771598
2018-04-14 12:39:00,0.3164711644109275
2018-04-14 12:42:00,0.318142839605116
2018-04-14 12:45:00,0.3377853058881328
2018-04-14 12:48:00,0.28415756644329804
2018-04-14 12:51:00,0.24671657538488034
2018-04-14 12:54:00,0.34739601292716316
2018-04-14 12:57:00,0.28324186057881207
2018-04-14 13:00:00,0.23841365467723108
2018-04-14 13:03:00,0.18316365418274927
2018-04-14 13:06:00,0.06435770895524229
2018-04-14 13:09:00,0.29570179871177515
2018-04-14 13:12:00,0.31225423099357386
2018-04-14 13:15:00,0.24551421691211317
2018-04-14 13:18:00,0.2645311661404435
2018-04-14 13:21:00,0.10092190446374616
2018-04-14 13:24:00,0.240966504130256
2018-04-14 13:27:00,0.1758840684229881
2018-04-14 13:30:00,0.2163205535325119
2018-04-14 13:33:00,0.2011454970922273
2018-04-14 13:36:00,0.09971139394775719
2018-04-14 13:39:00,0.26745089228074903
2018-04-14 13:42:00,0.2293137067307498
2018-04-14 13:45:00,0.16977791104511653
2018-04-14 13:48:00,0.24049303229850238
2018-04-14 13:51:00,0.34759602356541563
2018-04-14 13:54:00,0.40460830665256253
2018-04-14 13:57:00,0.42274756145576475
2018-04-14 14:00:00,0.3978241661876609
2018-04-14 14:03:00,0.3306801554767844
2018-04-14 14:06:00,0.3015222156308255
2018-04-14 14:09:00,0.3917935306405411
2018-04-14 14:12:00,0.39122935134832915
2018-04-14 14:15:00,0.4877445682112125
2018-04-14 14:18:00,0.4706740001238927
2018-04-14 14:21:00,0.460138194279466
2018-04-14 14:24:00,0.43337914048623816
2018-04-14 14:27:00,0.37323698106666825
2018-04-14 14:30:00,0.3898924661471028
2018-04-14 14:33:00,0.2419209143728267
2018-04-14 14:36:00,0.18237128847277972
2018-04-14 14:39:00,0.049372444211314814
2018-04-14 14:42:00,0.030421713278940388
2018-04-14 14:45:00,0.08334848775615455
2018-04-14 14:48:00,0.11392163363944974
2018-04-14 14:51:00,0.10431924326042008
2018-04-14 14:54:00,0.04711476677761084
2018-04-14 14:57:00,0.11708695993360152
2018-04-14 15:00:00,0.12926134475128492
2018-04-14 15:03:00,0.2130542055707565
2018-04-14 15:06:00,0.21670957347748754
2018-04-14 15:09:00,0.21847732476601323
2018-04-14 15:12:00,0.23878101968983856
2018-04-14 15:15:00,0.168390162701769
2018-04-14 15:18:00,0.02924453380609293
2018-04-14 15:21:00,-0.03452654312559389
2018-04-14 15:24:00,-0.09623286979939394
2018-04-14 15:27:00,-0.0638655585510719
2018-04-14 15:30:00,-0.0358863029987333
2018-04-14 15:33:00,0.013985805459412859
2018-04-14 15:36:00,0.32164222688260224
2018-04-14 15:39:00,0.1141867837292807
2018-04-14 15:42:00,0.19928258102765994
2018-04-14 15:45:00,0.22710573748400975
2018-04-14 15:48:00,0.17728074927805437
2018-04-14 15:51:00,0.21823842034342533
2018-04-14 15:54:00,0.16921535093712237
2018-04-14 15:57:00,0.14838455370880865
2018-04-14 16:00:00,0.26957967385254733
2018-04-14 16:03:00,0.18526493244297626
2018-04-14 16:06:00,0.14907691037399218
2018-04-14 16:09:00,0.05993536558514734
2018-04-14 16:12:00,0.12900816823190553
2018-04-14 16:15:00,0.1380660565373546
2018-04-14 16:18:00,0.11946917903776466
2018-04-14 16:21:00,0.23670230976972562
2018-04-14 16:24:00,0.20644862183752366
2018-04-14 16:27:00,0.14045309399614325
2018-04-14 16:30:00,0.06345973534803306
2018-04-14 16:33:00,0.19749609542265034
2018-04-14 16:36:00,0.0668524239372914
2018-04-14 16:39:00,0.12047638678257044
2018-04-14 16:42:00,0.20602782766724204
2018-04-14 16:45:00,0.10406635534292263
2018-04-14 16:48:00,0.11238963405054392
2018-04-14 16:51:00,0.13529596661646792
2018-04-14 16:54:00,0.14173959636701738
2018-04-14 16:57:00,0.12807815738409545
2018-04-14 17:00:00,0.1197578054383257
2018-04-14 17:03:00,0.057282477815988386
2018-04-14 17:06:00,0.163444156972389
2018-04-14 17:09:00,0.11964409401764442
2018-04-14 17:12:00,0.07539808627029743
2018-04-14 17:15:00,0.029979687077059225
2018-04-14 17:18:00,0.05993504684983009
2018-04-14 17:21:00,0.06931243648824648
2018-04-14 17:24:00,-0.02561056179058596
2018-04-14 17:27:00,0.06619751239281868
2018-04-14 17:30:00,0.08591543926718259
2018-04-14 17:33:00,0.13241866350591636
2018-04-14 17:36:00,0.026924254108564583
2018-04-14 17:39:00,-0.0034891770120566434
2018-04-14 17:42:00,0.05840397781628326
2018-04-14 17:45:00,0.13103500440593052
2018-04-14 17:48:00,0.08683204884124507
2018-04-14 17:51:00,0.11283850412633001
2018-04-14 17:54:00,0.13472042247320815
2018-04-14 17:57:00,0.13011222828748714
2018-04-14 18:00:00,0.21226228316214701
2018-04-14 18:03:00,0.11464015643525727
2018-04-14 18:06:00,0.18444802604335564
2018-04-14 18:09:00,0.14236288926258567
2018-04-14 18:12:00,0.17714768611102727
2018-04-14 18:15:00,0.23847283586917456
2018-04-14 18:18:00,0.18121726616789147
2018-04-14 18:21:00,0.08355240434622146
2018-04-14 18:24:00,0.11645913831074495
2018-04-14 18:27:00,0.136188744996673
2018-04-14 18:30:00,0.155635163533816
2018-04-14 18:33:00,0.19051330171481595
2018-04-14 18:36:00,0.20298865770769225
2018-04-14 18:39:00,0.23817463937558614
2018-04-14 18:42:00,0.22662715860292337
2018-04-14 18:45:00,0.19936452680536831
2018-04-14 18:48:00,0.16282865689242954
2018-04-14 18:51:00,0.22402506904103348
2018-04-14 18:54:00,
2018-04-14 18:57:00,
2018-04-14 19:00:00,
2018-04-14 19:03:00,
2018-04-14 19:06:00,0.19566236812300986
2018-04-14 19:09:00,0.03641949233565356
2018-04-14 19:12:00,0.10042597140807175
2018-04-14 19:15:00,0.21229782649641038
2018-04-14 19:18:00,0.13421320602475362
2018-04-14 19:21:00,0.2121847989723733
2018-04-14 19:24:00,0.22652020210921364
2018-04-14 19:27:00,0.27930737826278573
2018-04-14 19:30:00,0.34534548258432096
2018-04-14 19:33:00,0.20919936764477143
2018-04-14 19:36:00,0.2504426513291378
2018-04-14 19:39:00,0.22588181950266062
2018-04-14 19:42:00,0.16697677976685554
2018-04-14 19:45:00,0.08613445451169355
2018-04-14 19:48:00,0.12855759589172067
2018-04-14 19:51:00,0.07496718321334583
2018-04-14 19:54:00,0.16124664600198457
2018-04-14 19:57:00,0.24322067712381568
2018-04-14 20:00:00,0.23593202079155162
2018-04-14 20:03:00,0.26757469521356825
2018-04-14 20:06:00,0.31682031624956153
2018-04-14 20:09:00,0.3371031367749424
2018-04-14 20:12:00,0.33476077063386356
2018-04-14 20:15:00,0.2708344607970048
2018-04-14 20:18:00,0.3591614221267605
2018-04-14 20:21:00,0.25730285289586163
2018-04-14 20:24:00,0.29822253135051824
2018-04-14 20:27:00,0.26983368198040125
2018-04-14 20:30:00,0.2578302618749717
2018-04-14 20:33:00,0.2365800182045632
2018-04-14 20:36:00,0.26170299703460387
2018-04-14 20:39:00,0.2689296515441697
2018-04-14 20:42:00,0.2691782143629098
2018-04-14 20:45:00,0.17843720114308326
2018-04-14 20:48:00,0.2714430414297908
2018-04-14 20:51:00,0.30115062001254955
2018-04-14 20:54:00,0.2618967230694693
2018-04-14 20:57:00,0.23893047671958811
2018-04-14 21:00:00,0.26930795832140575
2018-04-14 21:03:00,0.24934129504407565
2018-04-14 21:06:00,0.15128133547756306
2018-04-14 21:09:00,0.2624984289740837
2018-04-14 21:12:00,0.25972923711600515
2018-04-14 21:15:00,0.20419408812318807
2018-04-14 21:18:00,0.2146269393186344
2018-04-14 21:21:00,0.16809641655112273
2018-04-14 21:24:00,0.13657777622671574
2018-04-14 21:27:00,0.23580337050572098
2018-04-14 21:30:00,0.2561404261869029
2018-04-14 21:33:00,0.23259310082414686
2018-04-14 21:36:00,0.31090016024387523
2018-04-14 21:39:00,0.3013163874749125
2018-04-14 21:42:00,0.34830402346682376
2018-04-14 21:45:00,0.34545284560732625
2018-04-14 21:48:00,0.362613598769542
2018-04-14 21:51:00,0.3117894760170543
2018-04-14 21:54:00,0.27957225443640255
2018-04-14 21:57:00,0.3021244514525847
2018-04-14 22:00:00,0.2852276193934813
2018-04-14 22:03:00,0.2827164464351881
2018-04-14 22:06:00,0.43584577008050474
2018-04-14 22:09:00,0.26635245043678424
2018-04-14 22:12:00,0.2605327205327512
2018-04-14 22:15:00,0.37829426413526335
2018-04-14 22:18:00,0.30216759362656376
2018-04-14 22:21:00,0.36367535929127826
2018-04-14 22:24:00,0.35476162816206624
2018-04-14 22:27:00,0.3516399271229034
2018-04-14 22:30:00,0.32539396559155875
2018-04-14 22:33:00,0.3994856404218581
2018-04-14 22:36:00,0.328724772253679
2018-04-14 22:39:00,0.23268959537222145
2018-04-14 22:42:00,0.3217089680595677
2018-04-14 22:45:00,0.2775814680468329
2018-04-14 22:48:00,0.28771662116804464
2018-04-14 22:51:00,0.29311766651147764
2018-04-14 22:54:00,0.2510311003462675
2018-04-14 22:57:00,0.31515882795321204
2018-04-14 23:00:00,0.34152362210483034
2018-04-14 23:03:00,0.26360282943358015
2018-04-14 23:06:00,0.34205457522756433
2018-04-14 23:09:00,0.35094673620784533
2018-04-14 23:12:00,0.43874309873945094
2018-04-14 23:15:00,0.39960957648651174
2018-04-14 23:18:00,0.3284787814448009
2018-04-14 23:21:00,0.3100686933818224
2018-04-14 23:24:00,0.3837199142207055
2018-04-14 23:27:00,0.3120053983500384
2018-04-14 23:30:00,0.30154782958538817
2018-04-14 23:33:00,0.31916567086983605
2018-04-14 23:36:00,0.35511772372399264
2018-04-14 23:39:00,0.33934925317100806
2018-04-14 23:42:00,0.36845409141204755
2018-04-14 23:45:00,0.2985308380022502
2018-04-14 23:48:00,0.4182209953918914
2018-04-14 23:51:00,0.3496164453272854
2018-04-14 23:54:00,0.44026522367812504
2018-04-14 23:57:00,0.34028803579332134
2018-04-15 00:00:00,0.3371237215870906
2018-04-15 00:03:00,0.3506612124402295
2018-04-15 00:06:00,0.4393103807395278
2018-04-15 00:09:00,0.4250776016893383
2018-04-15 00:12:00,0.4066351824698131
2018-04-15 00:15:00,0.4191883925721527
2018-04-15 00:18:00,0.5012476050589498
2018-04-15 00:21:00,0.48517195151680426
2018-04-15 00:24:00,0.3910809469999208
2018-04-15 00:27:00,0.3979334611954073
2018-04-15 00:30:00,0.4185603216132563
2018-04-15 00:33:00,0.42161745762820146
2018-04-15 00:36:00,0.45008547009763333
2018-04-15 00:39:00,0.4464485164759253
2018-04-15 00:42:00,0.3911090458153126
2018-04-15 00:45:00,0.48046410842920295
2018-04-15 00:48:00,0.3854271233209374
2018-04-15 00:51:00,0.4458182150061134
2018-04-15 00:54:00,0.4818352243262325
2018-04-15 00:57:00,0.5383728452014225
2018-04-15 01:00:00,0.4909354340690584
2018-04-15 01:03:00,0.4213651826750038
2018-04-15 01:06:00,0.5170377030499935
2018-04-15 01:09:00,0.40532756228304834
2018-04-15 01:12:00,0.47977381354280624
2018-04-15 01:15:00,0.4411484518533939
2018-04-15 01:18:00,0.537385297852552
2018-04-15 01:21:00,0.5161835696485468
2018-04-15 01:24:00,0.49651383010933614
2018-04-15 01:27:00,0.47469195558107913
2018-04-15 01:30:00,0.5772773579229238
2018-04-15 01:33:00,0.45698767293799847
2018-04-15 01:36:00,0.47385295070785105
2018-04-15 01:39:00,0.4577814366110715
2018-04-15 01:42:00,0.47956407683227553
2018-04-15 01:45:00,0.5329659910947271
2018-04-15 01:48:00,0.5141170346807371
2018-04-15 01:51:00,0.5497107678455677
2018-04-15 01:54:00,0.5163432940032067
2018-04-15 01:57:00,0.615482270679081
2018-04-15 02:00:00,0.6269267759078616
2018-04-15 02:03:00,0.5596324032108555
2018-04-15 02:06:00,0.5673945065119028
2018-04-15 02:09:00,0.5045085428308198
2018-04-15 02:12:00,0.4811037180038511
2018-04-15 02:15:00,0.4960052806976023
2018-04-15 02:18:00,0.5148848078169408
2018-04-15 02:21:00,0.638971853527778
2018-04-15 02:24:00,0.5830602323453036
2018-04-15 02:27:00,0.5792537858720834
2018-04-15 02:30:00,0.5981771594085217
2018-04-15 02:33:00,0.5274367924441776
2018-04-15 02:36:00,0.43844786429383475
2018-04-15 02:39:00,0.5214838251417859
2018-04-15 02:42:00,0.6357774289549525
2018-04-15 02:45:00,0.624583308497165
2018-04-15 02:48:00,0.5614152562686741
2018-04-15 02:51:00,0.5832783994088118
2018-04-15 02:54:00,0.5775395169094963
2018-04-15 02:57:00,0.5992306483322523
2018-04-15 03:00:00,0.5403434428010314
2018-04-15 03:03:00,0.4490238239393989
2018-04-15 03:06:00,0.629540883608172
2018-04-15 03:09:00,0.5549155283118239
2018-04-15 03:12:00,0.579019219515942
2018-04-15 03:15:00,0.538168110702486
2018-04-15 03:18:00,0.5769789296704744
2018-04-15 03:21:00,0.5239474825098682
2018-04-15 03:24:00,0.5880452184333649
2018-04-15 03:27:00,0.5465079817061564
2018-04-15 03:30:00,0.6185833613627665
2018-04-15 03:33:00,0.56911379584119
2018-04-15 03:36:00,0.5255277094307758
2018-04-15 03:39:00,0.6503845139067721
2018-04-15 03:42:00,0.6415924387970335
2018-04-15 03:45:00,0.6106624358481554
2018-04-15 03:48:00,0.5689290734017618
2018-04-15 03:51:00,0.637753049544358
2018-04-15 03:54:00,0.6605878542221717
2018-04-15 03:57:00,0.6193419559891709
2018-04-15 04:00:00,0.5428191012142065
2018-04-15 04:03:00,0.7097120334201463
2018-04-15 04:06:00,0.6920262665026939
2018-04-15 04:09:00,0.5926558820273158
2018-04-15 04:12:00,0.6299356521860773
2018-04-15 04:15:00,0.6171985481909132
2018-04-15 04:18:00,0.5498141974448458
2018-04-15 04:21:00,0.6032207571607273
2018-04-15 04:24:00,0.6470951319087135
2018-04-15 04:27:00,0.6451990284032831
2018-04-15 04:30:00,0.585506695352251
2018-04-15 04:33:00,0.42396497757630414
2018-04-15 04:36:00,0.5806898030059529
2018-04-15 04:39:00,0.636376122318552
2018-04-15 04:42:00,0.5331138395623043
2018-04-15 04:45:00,0.5815398784159811
2018-04-15 04:48:00,0.5916425953761859
2018-04-15 04:51:00,0.6006130939055083
2018-04-15 04:54:00,0.5877128335997668
2018-04-15 04:57:00,0.5207630418814801
2018-04-15 05:00:00,0.5833720608707722
2018-04-15 05:03:00,0.5457943737329742
2018-04-15 05:06:00,0.6344299259103536
2018-04-15 05:09:00,0.5610215769045794
2018-04-15 05:12:00,0.5914553826667657
2018-04-15 05:15:00,0.6846808819688022
2018-04-15 05:18:00,0.5689286305357655
2018-04-15 05:21:00,0.5758649557026274
2018-04-15 05:24:00,0.6536975708149839
2018-04-15 05:27:00,0.6401331180075545
2018-04-15 05:30:00,0.6340583881818134
2018-04-15 05:33:00,0.6044646490955756
2018-04-15 05:36:00,0.5465847137803621
2018-04-15 05:39:00,0.6202442139932032
2018-04-15 05:42:00,0.7362114721987609
2018-04-15 05:45:00,0.6519568578911503
2018-04-15 05:48:00,0.6603785775787969
2018-04-15 05:51:00,0.5399526791615585
2018-04-15 05:54:00,0.6909283586102788
2018-04-15 05:57:00,0.5838700041562106
2018-04-15 06:00:00,0.6247660956483401
2018-04-15 06:03:00,0.5810631268287239
2018-04-15 06:06:00,0.629007427553745
2018-04-15 06:09:00,0.6112263156803124
2018-04-15 06:12:00,0.6311830263277329
2018-04-15 06:15:00,0.5299071738484145
2018-04-15 06:18:00,0.6224045825616145
2018-04-15 06:21:00,0.6032316626868806
2018-04-15 06:24:00,0.6699831993381622
2018-04-15 06:27:00,0.6799035571818877
2018-04-15 06:30:00,0.7539155224242222
2018-04-15 06:33:00,0.6334879227323427
2018-04-15 06:36:00,0.7970834322806581
2018-04-15 06:39:00,0.7033473035842803
2018-04-15 06:42:00,0.6899916204799297
2018-04-15 06:45:00,0.7011086630171803
2018-04-15 06:48:00,0.6654789292464329
2018-04-15 06:51:00,0.7140491723468472
2018-04-15 06:54:00,0.6508845323963897
2018-04-15 06:57:00,0.6010081211195484
2018-04-15 07:00:00,0.6954921190226742
2018-04-15 07:03:00,0.6005209587047489
2018-04-15 07:06:00,0.6915041471200993
2018-04-15 07:09:00,0.7187171843194164
2018-04-15 07:12:00,0.6955164736438633
2018-04-15 07:15:00,0.6756976849235912
2018-04-15 07:18:00,0.6985196657134338
2018-04-15 07:21:00,0.6690535052164819
2018-04-15 07:24:00,0.5230439050113205
2018-04-15 07:27:00,0.43362679441628416
2018-04-15 07:30:00,0.6418535558387362
2018-04-15 07:33:00,0.669910974953325
2018-04-15 07:36:00,0.6076511603937433
2018-04-15 07:39:00,0.6602110453632122
2018-04-15 07:42:00,0.6391771314893617
2018-04-15 07:45:00,0.6354882744600445
2018-04-15 07:48:00,0.443172296278874
2018-04-15 07:51:00,0.7012441333689026
2018-04-15 07:54:00,0.5455361378901671
2018-04-15 07:57:00,0.5645997297463055
2018-04-15 08:00:00,0.5321380754857614
2018-04-15 08:03:00,0.5032986508088015
2018-04-15 08:06:00,0.535081253781641
2018-04-15 08:09:00,0.5382458467805122
2018-04-15 08:12:00,0.5059587983946585
2018-04-15 08:15:00,0.5385713048906382
2018-04-15 08:18:00,0.5367585999251787
2018-04-15 08:21:00,0.5646221631115509
2018-04-15 08:24:00,0.49221334135813777
2018-04-15 08:27:00,0.579939191709002
2018-04-15 08:30:00,0.475740286614041
2018-04-15 08:33:00,0.38101356811517917
2018-04-15 08:36:00,0.6122822152429421
2018-04-15 08:39:00,0.584968751030317
2018-04-15 08:42:00,0.4599847356836335
2018-04-15 08:45:00,0.3865973597683592
2018-04-15 08:48:00,0.49612077672441046
2018-04-15 08:51:00,0.44105078984102875
2018-04-15 08:54:00,0.3226253686071914
2018-04-15 08:57:00,0.40336294682310836
2018-04-15 09:00:00,0.4530495735298814
2018-04-15 09:03:00,0.4666244201375207
2018-04-15 09:06:00,0.4490412672805064
2018-04-15 09:09:00,0.2744433947335665
2018-04-15 09:12:00,0.458505930693093
2018-04-15 09:15:00,0.26494099403214477
2018-04-15 09:18:00,0.4395794309206167
2018-04-15 09:21:00,0.3301946277005072
2018-04-15 09:24:00,0.22713655412042044
2018-04-15 09:27:00,0.25572300907555245
2018-04-15 09:30:00,0.32805723063586356
2018-04-15 09:33:00,0.371771336145855
2018-04-15 09:36:00,0.2287284596152972
2018-04-15 09:39:00,0.25154344434071163
2018-04-15 09:42:00,0.18543439314134957
2018-04-15 09:45:00,0.2918108715961125
2018-04-15 09:48:00,0.23137826951813167
2018-04-15 09:51:00,0.27542753903048833
2018-04-15 09:54:00,0.19719507631265287
2018-04-15 09:57:00,0.1401243353064956
2018-04-15 10:00:00,0.3141981402944225
2018-04-15 10:03:00,0.20346494312485675
2018-04-15 10:06:00,0.17524999260831464
2018-04-15 10:09:00,0.1432741507911146
2018-04-15 10:12:00,0.286405825487293
2018-04-15 10:15:00,0.10171024774598436
2018-04-15 10:18:00,0.06719477227971993
2018-04-15 10:21:00,0.11755389376349967
2018-04-15 10:24:00,0.17221114218392586
2018-04-15 10:27:00,0.2100220109471138
2018-04-15 10:30:00,0.08360237315184804
2018-04-15 10:33:00,0.07769210330161513
2018-04-15 10:36:00,0.1212480285392985
2018-04-15 10:39:00,0.20958341557781068
2018-04-15 10:42:00,0.19312195868201343
2018-04-15 10:45:00,0.2242736253733142
2018-04-15 10:48:00,0.30855855995531556
2018-04-15 10:51:00,0.21123359352844773
2018-04-15 10:54:00,0.226478844485257
2018-04-15 10:57:00,0.2287794861315433
2018-04-15 11:00:00,0.2449052655036894
2018-04-15 11:03:00,0.17350979234640818
2018-04-15 11:06:00,0.17063397104823252
2018-04-15 11:09:00,0.34852091200292534
2018-04-15 11:12:00,0.18198339539560493
2018-04-15 11:15:00,0.21127211202980334
2018-04-15 11:18:00,0.10369696571308396
2018-04-15 11:21:00,0.13041677264317286
2018-04-15 11:24:00,0.2178289469752599
2018-04-15 11:27:00,0.15923385852994443
2018-04-15 11:30:00,0.12455943629754529
2018-04-15 11:33:00,0.1603755025670921
2018-04-15 11:36:00,0.11799141480736353
2018-04-15 11:39:00,0.1925096614764925
2018-04-15 11:42:00,0.19189890954771727
2018-04-15 11:45:00,0.2507978519655012
2018-04-15 11:48:00,0.04095687353049016
2018-04-15 11:51:00,-0.0320317898514304
2018-04-15 11:54:00,-0.05900389890439328
2018-04-15 11:57:00,0.045239304704296046
2018-04-15 12:00:00,-0.05541666088998909
2018-04-15 12:03:00,0.16674621714304294
2018-04-15 12:06:00,0.11012375566053834
2018-04-15 12:09:00,0.2691157029884721
2018-04-15 12:12:00,0.3781826084734803
2018-04-15 12:15:00,0.32400364106337065
2018-04-15 12:18:00,0.293643812746609
2018-04-15 12:21:00,0.49792020802459547
2018-04-15 12:24:00,0.38811137330776546
2018-04-15 12:27:00,0.4811266293355061
2018-04-15 12:30:00,0.3784635701097159
2018-04-15 12:33:00,0.20715235806841292
2018-04-15 12:36:00,0.07135330867993162
2018-04-15 12:39:00,0.07787210096427089
2018-04-15 12:42:00,0.22173359116857227
2018-04-15 12:45:00,0.06290871831106415
2018-04-15 12:48:00,0.16897560999228745
2018-04-15 12:51:00,0.2425633954744626
2018-04-15 12:54:00,0.31713363953565477
2018-04-15 12:57:00,0.34225469351054016
2018-04-15 13:00:00,0.30638497520811825
2018-04-15 13:03:00,0.3188413639784926
2018-04-15 13:06:00,0.3030245443299009
2018-04-15 13:09:00,0.4310824806353821
2018-04-15 13:12:00,0.18272865183814702
2018-04-15 13:15:00,0.1797273801680035
2018-04-15 13:18:00,0.15767289989628352
2018-04-15 13:21:00,0.1450527205182084
2018-04-15 13:24:00,0.21400961274349584
2018-04-15 13:27:00,0.0813418670099395
2018-04-15 13:30:00,0.13455778789068518
2018-04-15 13:33:00,0.1298345782040542
2018-04-15 13:36:00,0.4106183021973493
2018-04-15 13:39:00,0.29511426564647536
2018-04-15 13:42:00,0.2535246794179784
2018-04-15 13:45:00,0.19771399596930905
2018-04-15 13:48:00,0.2251319049291851
2018-04-15 13:51:00,0.2984581629352192
2018-04-15 13:54:00,0.4540375725336503
2018-04-15 13:57:00,0.3485481171701963
2018-04-15 14:00:00,0.37888305548307244
2018-04-15 14:03:00,0.30822764381929346
2018-04-15 14:06:00,0.28412006333581985
2018-04-15 14:09:00,0.2342679355209043
2018-04-15 14:12:00,0.24606795234808487
2018-04-15 14:15:00,0.26118864397369634
2018-04-15 14:18:00,0.19010364445279038
2018-04-15 14:21:00,0.07010302270839475
2018-04-15 14:24:00,0.14220516523590732
2018-04-15 14:27:00,-0.012984977378096119
2018-04-15 14:30:00,0.13330052684523253
2018-04-15 14:33:00,0.201485839195243
2018-04-15 14:36:00,0.11313617915118357
2018-04-15 14:39:00,0.20180819403367423
2018-04-15 14:42:00,0.09401286588604307
2018-04-15 14:45:00,0.13516736589798484
2018-04-15 14:48:00,0.17289375748555358
2018-04-15 14:51:00,0.12539048305615097
2018-04-15 14:54:00,0.022187713426546907
2018-04-15 14:57:00,0.04704205143514173
2018-04-15 15:00:00,0.16969106855844984
2018-04-15 15:03:00,0.11292729839931326
2018-04-15 15:06:00,0.17075046762175816
2018-04-15 15:09:00,0.13090979798317903
2018-04-15 15:12:00,0.1397659122040409
2018-04-15 15:15:00,0.062048606689359076
2018-04-15 15:18:00,0.13999977496831661
2018-04-15 15:21:00,0.04615460069084065
2018-04-15 15:24:00,0.08175403869057618
2018-04-15 15:27:00,0.025577855129427007
2018-04-15 15:30:00,0.16620743975204277
2018-04-15 15:33:00,0.05370874191282837
2018-04-15 15:36:00,0.21733837798376499
2018-04-15 15:39:00,0.06333731433608136
2018-04-15 15:42:00,0.17621315843166485
2018-04-15 15:45:00,0.02687411522134653
2018-04-15 15:48:00,0.10817754667340296
2018-04-15 15:51:00,0.03667863367212476
2018-04-15 15:54:00,0.13725152495612747
2018-04-15 15:57:00,-0.030791696553251313
2018-04-15 16:00:00,0.03838283468417103
2018-04-15 16:03:00,0.05588918238106544
2018-04-15 16:06:00,0.08839965732568089
2018-04-15 16:09:00,0.044347518503457195
2018-04-15 16:12:00,0.0551295654521482
2018-04-15 16:15:00,0.13753744672425228
2018-04-15 16:18:00,0.0038845982637667476
2018-04-15 16:21:00,0.002472228255101072
2018-04-15 16:24:00,0.0048370515933129354
2018-04-15 16:27:00,0.017879118448263398
2018-04-15 16:30:00,0.01884975685493373
2018-04-15 16:33:00,0.00422064441687553
2018-04-15 16:36:00,0.025592691916983767
2018-04-15 16:39:00,0.04838110590054612
2018-04-15 16:42:00,-0.00934587278015897
2018-04-15 16:45:00,-0.010259110553079154
2018-04-15 16:48:00,0.06636976763758184
2018-04-15 16:51:00,0.01829166132569071
2018-04-15 16:54:00,0.06046986269154786
2018-04-15 16:57:00,0.0793676415365212
2018-04-15 17:00:00,0.11441983458041705
2018-04-15 17:03:00,0.09971597896793583
2018-04-15 17:06:00,0.005844818617163128
2018-04-15 17:09:00,0.05532842613416733
2018-04-15 17:12:00,0.10234669391940088
2018-04-15 17:15:00,-0.034898600427197835
2018-04-15 17:18:00,-0.09314494255448835
2018-04-15 17:21:00,0.16843808723149323
2018-04-15 17:24:00,0.1299297673679689
2018-04-15 17:27:00,0.02454975509868973
2018-04-15 17:30:00,-0.0029771451012834405
2018-04-15 17:33:00,-0.03278718304460426
2018-04-15 17:36:00,0.08293625200633414
2018-04-15 17:39:00,0.06496563487996809
2018-04-15 17:42:00,-0.08576410916640498
2018-04-15 17:45:00,-0.048150997731681855
2018-04-15 17:48:00,-0.005055947166169972
2018-04-15 17:51:00,-0.037446720403522704
2018-04-15 17:54:00,-0.034060314181942886
2018-04-15 17:57:00,0.0076549609489120485
2018-04-15 18:00:00,-0.09287733210936722
2018-04-15 18:03:00,0.08114588875861273
2018-04-15 18:06:00,0.054084422969594925
2018-04-15 18:09:00,-0.04071220535035991
2018-04-15 18:12:00,-0.023985412900287884
2018-04-15 18:15:00,-0.07842234363448597
2018-04-15 18:18:00,0.047069940972789936
2018-04-15 18:21:00,-0.11126344211101014
2018-04-15 18:24:00,-0.050301123022791216
2018-04-15 18:27:00,-0.02850901431895636
2018-04-15 18:30:00,-0.10157693512331889
2018-04-15 18:33:00,-0.15443463101445332
2018-04-15 18:36:00,0.05321996456052602
2018-04-15 18:39:00,-0.06667920464491317
2018-04-15 18:42:00,0.12022706550624207
2018-04-15 18:45:00,0.09082833361412668
2018-04-15 18:48:00,0.07144702696825789
2018-04-15 18:51:00,
2018-04-15 18:54:00,
2018-04-15 18:57:00,
2018-04-15 19:00:00,
2018-04-15 19:03:00,0.016122488315602368
2018-04-15 19:06:00,-0.049830675251882894
2018-04-15 19:09:00,0.04649633344456561
2018-04-15 19:12:00,0.017393916964522305
2018-04-15 19:15:00,-0.009261531482081864
2018-04-15 19:18:00,0.07983587993362562
2018-04-15 19:21:00,0.14370102149405284
2018-04-15 19:24:00,0.11200712521429068
2018-04-15 19:27:00,0.009304633812007523
2018-04-15 19:30:00,-0.027269284417570816
2018-04-15 19:33:00,-0.029170560743580154
2018-04-15 19:36:00,0.12311964538076836
2018-04-15 19:39:00,0.07733191574055809
2018-04-15 19:42:00,0.1634419139660963
2018-04-15 19:45:00,0.10468043515646741
2018-04-15 19:48:00,0.15195985215154906
2018-04-15 19:51:00,0.1363516210050193
2018-04-15 19:54:00,0.09751444405884513
2018-04-15 19:57:00,0.09654443611134411
2018-04-15 20:00:00,0.17776122832202645
2018-04-15 20:03:00,0.15524061825885838
2018-04-15 20:06:00,0.12514075556919124
2018-04-15 20:09:00,0.14035756338569172
2018-04-15 20:12:00,0.05541739402832491
2018-04-15 20:15:00,0.10705862898777241
2018-04-15 20:18:00,0.09443043621092784
2018-04-15 20:21:00,0.22122831460166026
2018-04-15 20:24:00,0.12717860619818566
2018-04-15 20:27:00,0.16076647561220625
2018-04-15 20:30:00,0.11456384815659248
2018-04-15 20:33:00,0.11660243495197165
2018-04-15 20:36:00,0.15168181492941812
2018-04-15 20:39:00,0.19071330856013446
2018-04-15 20:42:00,0.12746445558809683
2018-04-15 20:45:00,0.13695567878164638
2018-04-15 20:48:00,0.11928901212678511
2018-04-15 20:51:00,0.09693741964593983
2018-04-15 20:54:00,0.07467478154035234
2018-04-15 20:57:00,0.17027455124440394
2018-04-15 21:00:00,0.1840774252590336
2018-04-15 21:03:00,0.16874740668384902
2018-04-15 21:06:00,0.16550499990080425
2018-04-15 21:09:00,0.08867383014131747
2018-04-15 21:12:00,0.19674837182520832
2018-04-15 21:15:00,0.14090259923011672
2018-04-15 21:18:00,0.2839543743100421
2018-04-15 21:21:00,0.31623400518998324
2018-04-15 21:24:00,0.2102393926841728
2018-04-15 21:27:00,0.284265922511338
2018-04-15 21:30:00,0.1635916340612198
2018-04-15 21:33:00,0.1771353791139063
2018-04-15 21:36:00,0.15478212289320936
2018-04-15 21:39:00,0.26575693092843267
2018-04-15 21:42:00,0.18010365476158086
2018-04-15 21:45:00,0.2508894329479858
2018-04-15 21:48:00,0.27626678744377386
2018-04-15 21:51:00,0.18347316206507003
2018-04-15 21:54:00,0.24972873120015038
2018-04-15 21:57:00,0.2511627154158873
2018-04-15 22:00:00,0.21167959384217738
2018-04-15 22:03:00,0.16944123700892533
2018-04-15 22:06:00,0.20376917565414487
2018-04-15 22:09:00,0.23925999582860413
2018-04-15 22:12:00,0.30411309530137487
2018-04-15 22:15:00,0.2731194405827182
2018-04-15 22:18:00,0.2254192243824491
2018-04-15 22:21:00,0.21083527371615673
2018-04-15 22:24:00,0.24843531803969654
2018-04-15 22:27:00,0.23950910131389946
2018-04-15 22:30:00,0.3001365961380884
2018-04-15 22:33:00,0.21567877497915333
2018-04-15 22:36:00,0.2197155081279334
2018-04-15 22:39:00,0.2358550334984102
2018-04-15 22:42:00,0.32622721778818686
2018-04-15 22:45:00,0.27286917442944514
2018-04-15 22:48:00,0.29515051333817155
2018-04-15 22:51:00,0.2076100681342723
2018-04-15 22:54:00,0.22840748425619495
2018-04-15 22:57:00,0.33106454484857295
2018-04-15 23:00:00,0.3443331006843664
2018-04-15 23:03:00,0.22089641485439415
2018-04-15 23:06:00,0.298216359121966
2018-04-15 23:09:00,0.2610208396619669
2018-04-15 23:12:00,0.3878153045042154
2018-04-15 23:15:00,0.301263438947899
2018-04-15 23:18:00,0.22212826852967282
2018-04-15 23:21:00,0.34794716332919506
2018-04-15 23:24:00,0.3464329464426896
2018-04-15 23:27:00,0.3619008248147111
2018-04-15 23:30:00,0.21625818124863372
2018-04-15 23:33:00,0.30913077131697264
2018-04-15 23:36:00,0.28707943374945444
2018-04-15 23:39:00,0.39281446696224975
2018-04-15 23:42:00,0.31915571977225454
2018-04-15 23:45:00,0.32615927450586923
2018-04-15 23:48:00,0.2619834439440183
2018-04-15 23:51:00,0.3299875996606261
2018-04-15 23:54:00,0.24383662926953775
2018-04-15 23:57:00,0.41731301065755133
2018-04-16 00:00:00,0.28122389388363445
2018-04-16 00:03:00,0.2954249987900539
2018-04-16 00:06:00,0.2286061575309759
2018-04-16 00:09:00,0.2636984039190793
2018-04-16 00:12:00,0.37354950767746686
2018-04-16 00:15:00,0.3577028311553363
2018-04-16 00:18:00,0.38498824121364805
2018-04-16 00:21:00,0.3438189038723749
2018-04-16 00:24:00,0.5440180994982029
2018-04-16 00:27:00,0.5430421341482656
2018-04-16 00:30:00,0.2913880499704078
2018-04-16 00:33:00,0.3562664665859643
2018-04-16 00:36:00,0.4229472926440394
2018-04-16 00:39:00,0.3645665485145173
2018-04-16 00:42:00,0.37260617287631703
2018-04-16 00:45:00,0.4391608125690709
2018-04-16 00:48:00,0.3490483235751185
2018-04-16 00:51:00,0.3423735569705286
2018-04-16 00:54:00,0.39967550492480086
2018-04-16 00:57:00,0.40300156054212266
2018-04-16 01:00:00,0.46639754849553583
2018-04-16 01:03:00,0.3596622108842098
2018-04-16 01:06:00,0.4470831935449837
2018-04-16 01:09:00,0.40300142538831096
2018-04-16 01:12:00,0.38986372877616304
2018-04-16 01:15:00,0.3521617014885692
2018-04-16 01:18:00,0.374706158771005
2018-04-16 01:21:00,0.41059370878519985
2018-04-16 01:24:00,0.33323929322625645
2018-04-16 01:27:00,0.3727981249197114
2018-04-16 01:30:00,0.3789354067829436
2018-04-16 01:33:00,0.43570208985045156
2018-04-16 01:36:00,0.4484401556175044
2018-04-16 01:39:00,0.42443576689231577
2018-04-16 01:42:00,0.36690432460568445
2018-04-16 01:45:00,0.4016159733970426
2018-04-16 01:48:00,0.3877712376178124
2018-04-16 01:51:00,0.3371397833418541
2018-04-16 01:54:00,0.43136888853291566
2018-04-16 01:57:00,0.4264599870876964
2018-04-16 02:00:00,0.44250332749368226
2018-04-16 02:03:00,0.4550057119546409
2018-04-16 02:06:00,0.4716285940260718
2018-04-16 02:09:00,0.5099099991234652
2018-04-16 02:12:00,0.38825141737697777
2018-04-16 02:15:00,0.34010785665685717
2018-04-16 02:18:00,0.2866053768424308
2018-04-16 02:21:00,0.3447679164440842
2018-04-16 02:24:00,0.4878601281474175
2018-04-16 02:27:00,0.3577771476685143
2018-04-16 02:30:00,0.42989150238065577
2018-04-16 02:33:00,0.38049675325203225
2018-04-16 02:36:00,0.3146151597002813
2018-04-16 02:39:00,0.3387633198443041
2018-04-16 02:42:00,0.4692640487438666
2018-04-16 02:45:00,0.4111395694057478
2018-04-16 02:48:00,0.4234458587018253
2018-04-16 02:51:00,0.3908725295154909
2018-04-16 02:54:00,0.41273427112895433
2018-04-16 02:57:00,0.4121641736131778
2018-04-16 03:00:00,0.4463429737656952
2018-04-16 03:03:00,0.4982063156212462
2018-04-16 03:06:00,0.28178243577224293
2018-04-16 03:09:00,0.436007676815791
2018-04-16 03:12:00,0.3737855975317075
2018-04-16 03:15:00,0.41660524143827615
2018-04-16 03:18:00,0.4759039034254897
2018-04-16 03:21:00,0.407278447689464
2018-04-16 03:24:00,0.5129635934834482
2018-04-16 03:27:00,0.5854376745288619
2018-04-16 03:30:00,0.48232738090030125
2018-04-16 03:33:00,0.3914311952368621
2018-04-16 03:36:00,0.3382649677474774
2018-04-16 03:39:00,0.4520090695239105
2018-04-16 03:42:00,0.475135674599926
2018-04-16 03:45:00,0.5504673931768025
2018-04-16 03:48:00,0.5254762296991657
2018-04-16 03:51:00,0.3988102928113335
2018-04-16 03:54:00,0.44634921836376407
2018-04-16 03:57:00,0.39748777497965193
2018-04-16 04:00:00,0.4164318414225363
2018-04-16 04:03:00,0.4449303950751755
2018-04-16 04:06:00,0.5579414201150144
2018-04-16 04:09:00,0.4733180400215815
2018-04-16 04:12:00,0.4415862231285246
2018-04-16 04:15:00,0.37697656048737826
2018-04-16 04:18:00,0.4680512363648859
2018-04-16 04:21:00,0.49013243241262217
2018-04-16 04:24:00,0.5834013689030257
2018-04-16 04:27:00,0.4969355908608577
2018-04-16 04:30:00,0.44865485334003097
2018-04-16 04:33:00,0.42998252548511573
2018-04-16 04:36:00,0.5696878230513676
2018-04-16 04:39:00,0.4779021274009665
2018-04-16 04:42:00,0.4190338604053636
2018-04-16 04:45:00,0.4275936999895862
2018-04-16 04:48:00,0.566661196823361
2018-04-16 04:51:00,0.5526392421152195
2018-04-16 04:54:00,0.5267460864241684
2018-04-16 04:57:00,0.4797298531290721
2018-04-16 05:00:00,0.5142409461238344
2018-04-16 05:03:00,0.5082484859629517
2018-04-16 05:06:00,0.44970356694017255
2018-04-16 05:09:00,0.444917644721329
2018-04-16 05:12:00,0.40037599956673375
2018-04-16 05:15:00,0.46593519887926504
2018-04-16 05:18:00,0.5792124292948984
2018-04-16 05:21:00,0.43088237397154217
2018-04-16 05:24:00,0.5259576604766494
2018-04-16 05:27:00,0.42938491322195205
2018-04-16 05:30:00,0.4329953678872016
2018-04-16 05:33:00,0.45898094055155525
2018-04-16 05:36:00,0.5355462521891923
2018-04-16 05:39:00,0.44328265681406265
2018-04-16 05:42:00,0.4737623380750051
2018-04-16 05:45:00,0.5392593053516634
2018-04-16 05:48:00,0.5707845050839069
2018-04-16 05:51:00,0.48807204176824825
2018-04-16 05:54:00,0.5294928365924534
2018-04-16 05:57:00,0.5318023602220023
2018-04-16 06:00:00,0.5014580685519263
2018-04-16 06:03:00,0.5266397822456383
2018-04-16 06:06:00,0.4288612915561316
2018-04-16 06:09:00,0.51996446313359
2018-04-16 06:12:00,0.48026438848296493
2018-04-16 06:15:00,0.4625593142961293
2018-04-16 06:18:00,0.4999294700593282
2018-04-16 06:21:00,0.47658012747399425
2018-04-16 06:24:00,0.45968357724154885
2018-04-16 06:27:00,0.45118905571240475
2018-04-16 06:30:00,0.38756924602114395
2018-04-16 06:33:00,0.5345394868845119
2018-04-16 06:36:00,0.35141088719836944
2018-04-16 06:39:00,0.3773077635507889
2018-04-16 06:42:00,0.38262723028964274
2018-04-16 06:45:00,0.5180626079202284
2018-04-16 06:48:00,0.34695575903276676
2018-04-16 06:51:00,0.4940529775770415
2018-04-16 06:54:00,0.4279948949880463
2018-04-16 06:57:00,0.421955600997876
2018-04-16 07:00:00,0.406619249819812
2018-04-16 07:03:00,0.4529532068210642
2018-04-16 07:06:00,0.5345563945052731
2018-04-16 07:09:00,0.4523036730034278
2018-04-16 07:12:00,0.32848360422622136
2018-04-16 07:15:00,0.45595550679524877
2018-04-16 07:18:00,0.35545186073375135
2018-04-16 07:21:00,0.44681203386153356
2018-04-16 07:24:00,0.4355301070615383
2018-04-16 07:27:00,0.48832670355403707
2018-04-16 07:30:00,0.4411864839976829
2018-04-16 07:33:00,0.4305254173717117
2018-04-16 07:36:00,0.4055229838538139
2018-04-16 07:39:00,0.4205293931929077
2018-04-16 07:42:00,0.4937962286090283
2018-04-16 07:45:00,0.47640037465430396
2018-04-16 07:48:00,0.5942698878796477
2018-04-16 07:51:00,0.4768755582236963
2018-04-16 07:54:00,0.422775766081088
2018-04-16 07:57:00,0.3989559354305925
2018-04-16 08:00:00,0.3977181744267
2018-04-16 08:03:00,0.36776806037522647
2018-04-16 08:06:00,0.3708397234921108
2018-04-16 08:09:00,0.34913728479330075
2018-04-16 08:12:00,0.23423279188858714
2018-04-16 08:15:00,0.39010381529533333
2018-04-16 08:18:00,0.2585576999242676
2018-04-16 08:21:00,0.3693292799408141
2018-04-16 08:24:00,0.32984342689320556
2018-04-16 08:27:00,0.32442257898679827
2018-04-16 08:30:00,0.2977188392305834
2018-04-16 08:33:00,0.3375600126155973
2018-04-16 08:36:00,0.3901141197175093
2018-04-16 08:39:00,0.31504400393271226
2018-04-16 08:42:00,0.35719073536211
2018-04-16 08:45:00,0.2535485477528141
2018-04-16 08:48:00,0.35184510818646686
2018-04-16 08:51:00,0.34203047728698266
2018-04-16 08:54:00,0.30835416817859596
2018-04-16 08:57:00,0.31570174215443103
2018-04-16 09:00:00,0.41536052753860986
2018-04-16 09:03:00,0.31885976956147033
2018-04-16 09:06:00,0.31106633743672774
2018-04-16 09:09:00,0.29710443888444615
2018-04-16 09:12:00,0.2087782989055995
2018-04-16 09:15:00,0.320190414670833
2018-04-16 09:18:00,0.28020808618873616
2018-04-16 09:21:00,0.3296135949727841
2018-04-16 09:24:00,0.1959076550242571
2018-04-16 09:27:00,0.26242356107491105
2018-04-16 09:30:00,0.21325643033759434
2018-04-16 09:33:00,0.2579876502433649
2018-04-16 09:36:00,0.18004642638129553
2018-04-16 09:39:00,0.2946260961762732
2018-04-16 09:42:00,0.14950581278071695
2018-04-16 09:45:00,0.18288427440427313
2018-04-16 09:48:00,0.2089301689217109
2018-04-16 09:51:00,0.14608133315891791
2018-04-16 09:54:00,0.1648009959729393
2018-04-16 09:57:00,0.09055804090911579
2018-04-16 10:00:00,0.09128127611791115
2018-04-16 10:03:00,0.1885460169390285
2018-04-16 10:06:00,0.11842359370081113
2018-04-16 10:09:00,0.08823309489758913
2018-04-16 10:12:00,0.1715621258357487
2018-04-16 10:15:00,0.08226007428316962
2018-04-16 10:18:00,0.07980791194080439
2018-04-16 10:21:00,0.016750568431859847
2018-04-16 10:24:00,0.033066920555995694
2018-04-16 10:27:00,0.030258275146309188
2018-04-16 10:30:00,0.06329291431916317
2018-04-16 10:33:00,0.08647119065250308
2018-04-16 10:36:00,0.08026516996437749
2018-04-16 10:39:00,0.19556779379439604
2018-04-16 10:42:00,0.1664008101211607
2018-04-16 10:45:00,0.23985805965418194
2018-04-16 10:48:00,0.15554864437888227
2018-04-16 10:51:00,0.18791735722334124
2018-04-16 10:54:00,0.18228826043332447
2018-04-16 10:57:00,0.16558520475342675
2018-04-16 11:00:00,0.09679043454599423
2018-04-16 11:03:00,0.12468157178557249
2018-04-16 11:06:00,0.12403824510812456
2018-04-16 11:09:00,0.1298987064720336
2018-04-16 11:12:00,0.212263121031242
2018-04-16 11:15:00,0.16061726575605917
2018-04-16 11:18:00,0.3338310675453613
2018-04-16 11:21:00,0.11331751157035796
2018-04-16 11:24:00,0.18053037673081462
2018-04-16 11:27:00,0.17707310553043953
2018-04-16 11:30:00,0.23291222647770837
2018-04-16 11:33:00,0.344754213372255
2018-04-16 11:36:00,0.1988720643845454
2018-04-16 11:39:00,0.28678681834327335
2018-04-16 11:42:00,0.1577166973600015
2018-04-16 11:45:00,0.2746320127616855
2018-04-16 11:48:00,0.19076749450101715
2018-04-16 11:51:00,0.2135301086761956
2018-04-16 11:54:00,0.2563658338639243
2018-04-16 11:57:00,0.3834636325871088
2018-04-16 12:00:00,0.24353312692232976
2018-04-16 12:03:00,0.2966571009222889
2018-04-16 12:06:00,0.16618963892142347
2018-04-16 12:09:00,0.23164848323381193
2018-04-16 12:12:00,0.15001348960709038
2018-04-16 12:15:00,0.2679405856355288
2018-04-16 12:18:00,0.18955180494435808
2018-04-16 12:21:00,0.12088126061183857
2018-04-16 12:24:00,0.27471557023528703
2018-04-16 12:27:00,0.12198279451735061
2018-04-16 12:30:00,0.2851303620359431
2018-04-16 12:33:00,0.2622009578329312
2018-04-16 12:36:00,0.2031169945636293
2018-04-16 12:39:00,0.18194914612757884
2018-04-16 12:42:00,0.16828022998095093
2018-04-16 12:45:00,0.10452572959098916
2018-04-16 12:48:00,0.3060614143212206
2018-04-16 12:51:00,0.21553454357837154
2018-04-16 12:54:00,0.08712283987705405
2018-04-16 12:57:00,0.12330943719143761
2018-04-16 13:00:00,0.18752317229427717
2018-04-16 13:03:00,0.14494989519971568
2018-04-16 13:06:00,0.1836798544588305
2018-04-16 13:09:00,0.12188158970343466
2018-04-16 13:12:00,-0.0631045593004842
2018-04-16 13:15:00,0.030982109664535074
2018-04-16 13:18:00,0.014572642296684535
2018-04-16 13:21:00,0.06381681921754989
2018-04-16 13:24:00,0.10347776531119734
2018-04-16 13:27:00,0.022254032065291085
2018-04-16 13:30:00,0.016953105073014285
2018-04-16 13:33:00,0.05606535162689852
2018-04-16 13:36:00,-0.028251668724465162
2018-04-16 13:39:00,-0.028043712311898616
2018-04-16 13:42:00,-0.14900227736700344
2018-04-16 13:45:00,-0.06521367841889969
2018-04-16 13:48:00,-0.09861819479596079
2018-04-16 13:51:00,-0.09704643677457625
2018-04-16 13:54:00,-0.23486569135553736
2018-04-16 13:57:00,-0.0753620297249995
2018-04-16 14:00:00,-0.06834192718582699
2018-04-16 14:03:00,-0.053963700817746485
2018-04-16 14:06:00,-0.1417883503700068
2018-04-16 14:09:00,-0.07631032899541879
2018-04-16 14:12:00,-0.0724863340445836
2018-04-16 14:15:00,-0.04195702015334746
2018-04-16 14:18:00,-0.1319759791556976
2018-04-16 14:21:00,-0.06959265159622419
2018-04-16 14:24:00,-0.1168847034162468
2018-04-16 14:27:00,-0.047155429436259055
2018-04-16 14:30:00,-0.06174907675875829
2018-04-16 14:33:00,-0.10229245360136474
2018-04-16 14:36:00,-0.10574948032325437
2018-04-16 14:39:00,-0.1041898487641788
2018-04-16 14:42:00,-0.18463881194122678
2018-04-16 14:45:00,-0.17546296247144255
2018-04-16 14:48:00,-0.10325903780318413
2018-04-16 14:51:00,-0.29735112776637607
2018-04-16 14:54:00,-0.1643178665282221
2018-04-16 14:57:00,-0.13237794124984248
2018-04-16 15:00:00,-0.018513552625279317
2018-04-16 15:03:00,0.2038269565765063
2018-04-16 15:06:00,0.3774494025135482
2018-04-16 15:09:00,0.30934775103406764
2018-04-16 15:12:00,0.38806349238228677
2018-04-16 15:15:00,0.33184873517046753
2018-04-16 15:18:00,0.36794654315366415
2018-04-16 15:21:00,0.24452502464345116
2018-04-16 15:24:00,0.05513142638494628
2018-04-16 15:27:00,-0.08072819225225203
2018-04-16 15:30:00,-0.0024524554401637033
2018-04-16 15:33:00,0.0022842961067226497
2018-04-16 15:36:00,-0.09784674007113381
2018-04-16 15:39:00,-0.1484487752491077
2018-04-16 15:42:00,0.06449331983128559
2018-04-16 15:45:00,0.17449654613085386
2018-04-16 15:48:00,0.13644751185756832
2018-04-16 15:51:00,0.13795225151051227
2018-04-16 15:54:00,0.12019681505347535
2018-04-16 15:57:00,-0.07957483800305454
2018-04-16 16:00:00,0.07029965665873306
2018-04-16 16:03:00,-0.0422835485932751
2018-04-16 16:06:00,-0.041918060990951744
2018-04-16 16:09:00,0.03816383225785103
2018-04-16 16:12:00,0.08310092607786146
2018-04-16 16:15:00,0.13469189999182163
2018-04-16 16:18:00,0.06491745742363264
2018-04-16 16:21:00,0.178469432656982
2018-04-16 16:24:00,0.051970761976917856
2018-04-16 16:27:00,0.08243114313427213
2018-04-16 16:30:00,0.014758025703258681
2018-04-16 16:33:00,-0.040808842644878496
2018-04-16 16:36:00,0.021632758966404708
2018-04-16 16:39:00,0.06810920013487021
2018-04-16 16:42:00,0.07480673884759881
2018-04-16 16:45:00,-0.07866610691831966
2018-04-16 16:48:00,-0.01627688513025305
2018-04-16 16:51:00,0.05127594741691155
2018-04-16 16:54:00,0.18590922130266563
2018-04-16 16:57:00,0.12574547214774157
2018-04-16 17:00:00,0.06256529612528539
2018-04-16 17:03:00,0.17620895104067813
2018-04-16 17:06:00,0.1882045990937513
2018-04-16 17:09:00,0.19445466413759505
2018-04-16 17:12:00,0.08723352853508004
2018-04-16 17:15:00,0.17337876523089335
2018-04-16 17:18:00,0.06787011102977658
2018-04-16 17:21:00,0.08109343107253153
2018-04-16 17:24:00,0.09846763355329813
2018-04-16 17:27:00,0.12745947650392964
2018-04-16 17:30:00,0.15175305333457345
2018-04-16 17:33:00,0.08567660667569044
2018-04-16 17:36:00,0.15608341776311363
2018-04-16 17:39:00,0.11345197262374995
2018-04-16 17:42:00,0.010090275201434906
2018-04-16 17:45:00,0.08211789948626347
2018-04-16 17:48:00,0.15323120730050732
2018-04-16 17:51:00,0.1399212628892883
2018-04-16 17:54:00,0.11765314428618012
2018-04-16 17:57:00,0.17087009873250736
2018-04-16 18:00:00,0.07700709979405929
2018-04-16 18:03:00,0.09147420028699571
2018-04-16 18:06:00,0.0832121665912382
2018-04-16 18:09:00,-0.019706888031578274
2018-04-16 18:12:00,0.08302388584434084
2018-04-16 18:15:00,0.1364346927463771
2018-04-16 18:18:00,0.1704164173013396
2018-04-16 18:21:00,0.0654002748781295
2018-04-16 18:24:00,0.18173448977483986
2018-04-16 18:27:00,0.16389138284728233
2018-04-16 18:30:00,0.06702696826727106
2018-04-16 18:33:00,0.10846801501253367
2018-04-16 18:36:00,0.07886700663743795
2018-04-16 18:39:00,0.2005312088843425
2018-04-16 18:42:00,0.048151120581337636
2018-04-16 18:45:00,0.08342100571871924
2018-04-16 18:48:00,0.22580423728169308
2018-04-16 18:51:00,0.11128350892090566
2018-04-16 18:54:00,
2018-04-16 18:57:00,
2018-04-16 19:00:00,
2018-04-16 19:03:00,0.1534451338354188
2018-04-16 19:06:00,0.21225726689522162
2018-04-16 19:09:00,0.023751502715299466
2018-04-16 19:12:00,0.14144521470524296
2018-04-16 19:15:00,0.21115877372449177
2018-04-16 19:18:00,0.23822864739139504
2018-04-16 19:21:00,0.17936183298718333
2018-04-16 19:24:00,0.1357320111819149
2018-04-16 19:27:00,0.16099201307889643
2018-04-16 19:30:00,0.14534794480437085
2018-04-16 19:33:00,0.21133193504823566
2018-04-16 19:36:00,0.26908622293137796
2018-04-16 19:39:00,0.19005230671348272
2018-04-16 19:42:00,0.2532519694602797
2018-04-16 19:45:00,0.1480982933091468
2018-04-16 19:48:00,0.13318099286544793
2018-04-16 19:51:00,0.230880594875714
2018-04-16 19:54:00,0.17778317716346237
2018-04-16 19:57:00,0.22935375672415148
2018-04-16 20:00:00,0.1597320461058871
2018-04-16 20:03:00,0.23501633517457776
2018-04-16 20:06:00,0.28868804304795503
2018-04-16 20:09:00,0.25804990084520796
2018-04-16 20:12:00,0.23778600655055016
2018-04-16 20:15:00,0.246902769541407
2018-04-16 20:18:00,0.24114711417257695
2018-04-16 20:21:00,0.34186307495326673
2018-04-16 20:24:00,0.3750071892304163
2018-04-16 20:27:00,0.3328605024553326
2018-04-16 20:30:00,0.4264552789800291
2018-04-16 20:33:00,0.2656378374550741
2018-04-16 20:36:00,0.2903269590256059
2018-04-16 20:39:00,0.2958702626855825
2018-04-16 20:42:00,0.31730712942089667
2018-04-16 20:45:00,0.3819327406864659
2018-04-16 20:48:00,0.32724847506693777
2018-04-16 20:51:00,0.3738303625524395
2018-04-16 20:54:00,0.39140683405423715
2018-04-16 20:57:00,0.36735219471324854
2018-04-16 21:00:00,0.3829787325324787
2018-04-16 21:03:00,0.34737206159474
2018-04-16 21:06:00,0.49862878797273424
2018-04-16 21:09:00,0.35145562447519296
2018-04-16 21:12:00,0.336695686551991
2018-04-16 21:15:00,0.40342757096379955
2018-04-16 21:18:00,0.40289044016975595
2018-04-16 21:21:00,0.434838291622043
2018-04-16 21:24:00,0.3417499054877453
2018-04-16 21:27:00,0.2810597970638469
2018-04-16 21:30:00,0.26014816250221884
2018-04-16 21:33:00,0.3893481859225858
2018-04-16 21:36:00,0.3746357279335939
2018-04-16 21:39:00,0.36148666480352176
2018-04-16 21:42:00,0.31461917942323225
2018-04-16 21:45:00,0.29743549812678793
2018-04-16 21:48:00,0.28773424342131193
2018-04-16 21:51:00,0.19022174052435048
2018-04-16 21:54:00,0.39706085477655506
2018-04-16 21:57:00,0.3894865425714329
2018-04-16 22:00:00,0.333166519718759
2018-04-16 22:03:00,0.32208394560529996
2018-04-16 22:06:00,0.3475439494160355
2018-04-16 22:09:00,0.33442822083543433
2018-04-16 22:12:00,0.4116658141660423
2018-04-16 22:15:00,0.37671622136593896
2018-04-16 22:18:00,
2018-04-16 22:21:00,
2018-04-16 22:24:00,0.25011129058810866
2018-04-16 22:27:00,0.3496591946952776
2018-04-16 22:30:00,0.34270724670489017
2018-04-16 22:33:00,0.2917154597273566
2018-04-16 22:36:00,0.2954564671722437
2018-04-16 22:39:00,0.425598531928415
2018-04-16 22:42:00,0.4027018153672657
2018-04-16 22:45:00,0.3862419588759849
2018-04-16 22:48:00,0.43731786786383964
2018-04-16 22:51:00,0.3276482013387181
2018-04-16 22:54:00,0.32105874616109986
2018-04-16 22:57:00,0.35849769191736414
2018-04-16 23:00:00,0.3466349810732936
2018-04-16 23:03:00,0.38456259606840604
2018-04-16 23:06:00,0.3908818394236846
2018-04-16 23:09:00,0.4132634307423473
2018-04-16 23:12:00,0.46915520119028997
2018-04-16 23:15:00,0.468009764473436
2018-04-16 23:18:00,0.40544535255583014
2018-04-16 23:21:00,0.4228003277617063
2018-04-16 23:24:00,0.3924650407027457
2018-04-16 23:27:00,0.4467255361661273
2018-04-16 23:30:00,0.4702917563555502
2018-04-16 23:33:00,0.3844696389668911
2018-04-16 23:36:00,0.4135997808459706
2018-04-16 23:39:00,0.47374749387063275
2018-04-16 23:42:00,0.32905479457565434
2018-04-16 23:45:00,0.3522157127468972
2018-04-16 23:48:00,0.37544244441937735
2018-04-16 23:51:00,0.33460993625448054
2018-04-16 23:54:00,0.47678533784267074
2018-04-16 23:57:00,0.4281281747447565
2018-04-17 00:00:00,0.4232932411405841
2018-04-17 00:03:00,0.4526054673572162
2018-04-17 00:06:00,0.4552271470898859
2018-04-17 00:09:00,0.4589567786046018
2018-04-17 00:12:00,0.45571079455788777
2018-04-17 00:15:00,0.39190041964997135
2018-04-17 00:18:00,0.4097640382354939
2018-04-17 00:21:00,0.47850208424563334
2018-04-17 00:24:00,0.4575429192712477
2018-04-17 00:27:00,0.3577053405495576
2018-04-17 00:30:00,0.37431780673210824
2018-04-17 00:33:00,0.4908035885623576
2018-04-17 00:36:00,0.4691804611758812
2018-04-17 00:39:00,0.3879289157055723
2018-04-17 00:42:00,0.4383481338325055
2018-04-17 00:45:00,0.5385892175855247
2018-04-17 00:48:00,0.543521795819629
2018-04-17 00:51:00,0.5544434645795491
2018-04-17 00:54:00,0.3931227200030776
2018-04-17 00:57:00,0.4360325783853227
2018-04-17 01:00:00,0.39476202382456904
2018-04-17 01:03:00,0.44221377392790373
2018-04-17 01:06:00,0.5325831136088937
2018-04-17 01:09:00,0.5523433022108293
2018-04-17 01:12:00,0.46505399707854167
2018-04-17 01:15:00,0.5436140261540459
2018-04-17 01:18:00,0.3485572226244358
2018-04-17 01:21:00,0.5493396682333582
2018-04-17 01:24:00,0.39278151902476566
2018-04-17 01:27:00,0.5062184360450601
2018-04-17 01:30:00,0.47066428549857164
2018-04-17 01:33:00,0.5036109294106268
2018-04-17 01:36:00,0.4781771818866787
2018-04-17 01:39:00,0.5577073743992855
2018-04-17 01:42:00,0.4892425357221555
2018-04-17 01:45:00,0.464609559319058
2018-04-17 01:48:00,0.5263715534414359
2018-04-17 01:51:00,0.455185642040874
2018-04-17 01:54:00,0.37528866902101754
2018-04-17 01:57:00,0.5203479909302473
2018-04-17 02:00:00,0.4684693999006413
2018-04-17 02:03:00,0.4962378028765215
2018-04-17 02:06:00,0.4999585690444519
2018-04-17 02:09:00,0.5116231771893922
2018-04-17 02:12:00,0.4474987254769758
2018-04-17 02:15:00,0.4822371199709323
2018-04-17 02:18:00,0.4306444899318649
2018-04-17 02:21:00,0.4904469781525336
2018-04-17 02:24:00,0.4869149239952435
2018-04-17 02:27:00,0.335486713088585
2018-04-17 02:30:00,0.4064432191193532
2018-04-17 02:33:00,0.3959447531842102
2018-04-17 02:36:00,0.4085529550598608
2018-04-17 02:39:00,0.4888382735084065
2018-04-17 02:42:00,0.49899339366891127
2018-04-17 02:45:00,0.4028726665684985
2018-04-17 02:48:00,0.45262813937961255
2018-04-17 02:51:00,0.5043840934383752
2018-04-17 02:54:00,0.37090360937338573
2018-04-17 02:57:00,0.4234316607981441
2018-04-17 03:00:00,0.5186131455506597
2018-04-17 03:03:00,0.44186061477950034
2018-04-17 03:06:00,0.4369991083061109
2018-04-17 03:09:00,0.4942143762512501
2018-04-17 03:12:00,0.3552465112905452
2018-04-17 03:15:00,0.5594877130548639
2018-04-17 03:18:00,0.38969942866299334
2018-04-17 03:21:00,0.5144894015580803
2018-04-17 03:24:00,0.4338494957165153
2018-04-17 03:27:00,0.3573934052296863
2018-04-17 03:30:00,0.45120640624440966
2018-04-17 03:33:00,0.4498875012322401
2018-04-17 03:36:00,0.46536050093402537
2018-04-17 03:39:00,0.4806014638655256
2018-04-17 03:42:00,0.4450242681051577
2018-04-17 03:45:00,0.5064495189411673
2018-04-17 03:48:00,0.5315406561312557
2018-04-17 03:51:00,0.38052931322198447
2018-04-17 03:54:00,0.4591300128318494
2018-04-17 03:57:00,0.4020300263400145
2018-04-17 04:00:00,0.46374397552222035
2018-04-17 04:03:00,0.5920063848604968
2018-04-17 04:06:00,0.4884406998073132
2018-04-17 04:09:00,0.52548751841897
2018-04-17 04:12:00,0.42300506666424553
2018-04-17 04:15:00,0.44883120886919414
2018-04-17 04:18:00,0.41952092138910757
2018-04-17 04:21:00,0.39169809687547286
2018-04-17 04:24:00,0.5654862138178487
2018-04-17 04:27:00,0.45949340772585856
2018-04-17 04:30:00,0.41609797684083105
2018-04-17 04:33:00,0.44042314686697637
2018-04-17 04:36:00,0.5058689897933846
2018-04-17 04:39:00,0.5571738381570412
2018-04-17 04:42:00,0.5078719000221668
2018-04-17 04:45:00,0.5153988162718974
2018-04-17 04:48:00,0.4320623651685196
2018-04-17 04:51:00,0.5258291678230762
2018-04-17 04:54:00,0.47684065274467
2018-04-17 04:57:00,0.4212294754090635
2018-04-17 05:00:00,0.5625356678078219
2018-04-17 05:03:00,0.4601667939518279
2018-04-17 05:06:00,0.4469100964242898
2018-04-17 05:09:00,0.5348282593541853
2018-04-17 05:12:00,0.5579983528772345
2018-04-17 05:15:00,0.5336698144778325
2018-04-17 05:18:00,0.5071131833679487
2018-04-17 05:21:00,0.4061556723904687
2018-04-17 05:24:00,0.5017027340888944
2018-04-17 05:27:00,0.540597396166163
2018-04-17 05:30:00,0.4324922902156345
2018-04-17 05:33:00,0.5014546627412528
2018-04-17 05:36:00,0.5191983628612888
2018-04-17 05:39:00,0.48638400128447756
2018-04-17 05:42:00,0.4747697833647635
2018-04-17 05:45:00,0.45148183072751635
2018-04-17 05:48:00,0.5370885956098164
2018-04-17 05:51:00,0.5784057683732726
2018-04-17 05:54:00,0.5731631251176168
2018-04-17 05:57:00,0.3379504036139451
2018-04-17 06:00:00,0.4347548209866545
2018-04-17 06:03:00,0.4867522353487175
2018-04-17 06:06:00,0.5191141398919399
2018-04-17 06:09:00,0.5649053088469032
2018-04-17 06:12:00,0.46995089292664716
2018-04-17 06:15:00,0.5341512016308343
2018-04-17 06:18:00,0.4501633609743294
2018-04-17 06:21:00,0.4498182561312092
2018-04-17 06:24:00,0.5142690345170422
2018-04-17 06:27:00,0.46882846567325487
2018-04-17 06:30:00,0.5444011850619859
2018-04-17 06:33:00,0.47974577863942613
2018-04-17 06:36:00,0.514185458951431
2018-04-17 06:39:00,0.43826776591339467
2018-04-17 06:42:00,0.49360305975449137
2018-04-17 06:45:00,0.5971189249622739
2018-04-17 06:48:00,0.508193697872855
2018-04-17 06:51:00,0.47075247396759323
2018-04-17 06:54:00,0.4388800899953935
2018-04-17 06:57:00,0.5076843266177775
2018-04-17 07:00:00,0.40062214755516834
2018-04-17 07:03:00,0.5599616973896673
2018-04-17 07:06:00,0.48432971780221123
2018-04-17 07:09:00,0.5401717810690343
2018-04-17 07:12:00,0.47564891159669287
2018-04-17 07:15:00,0.4924182306549483
2018-04-17 07:18:00,0.3953272435041413
2018-04-17 07:21:00,0.5134778663557427
2018-04-17 07:24:00,0.5892793052205434
2018-04-17 07:27:00,0.453603599064877
2018-04-17 07:30:00,0.3435309199950325
2018-04-17 07:33:00,0.43176743252661254
2018-04-17 07:36:00,0.41781097500114583
2018-04-17 07:39:00,0.4717481174093905
2018-04-17 07:42:00,0.34230740668033377
2018-04-17 07:45:00,0.3649905184729505
2018-04-17 07:48:00,0.3269180910448881
2018-04-17 07:51:00,0.3146716609369946
2018-04-17 07:54:00,0.30656392592032944
2018-04-17 07:57:00,0.43915660535304823
2018-04-17 08:00:00,0.40100627764934416
2018-04-17 08:03:00,0.3773404595543184
2018-04-17 08:06:00,0.30948799270413474
2018-04-17 08:09:00,0.31990977549509125
2018-04-17 08:12:00,0.21498699582366498
2018-04-17 08:15:00,0.24062547803760026
2018-04-17 08:18:00,0.32869377777325326
2018-04-17 08:21:00,0.3040536766484365
2018-04-17 08:24:00,0.31253767519274334
2018-04-17 08:27:00,0.33457278156555503
2018-04-17 08:30:00,0.34300036172413684
2018-04-17 08:33:00,0.24319293916369134
2018-04-17 08:36:00,0.29963763831233337
2018-04-17 08:39:00,0.28542688083422263
2018-04-17 08:42:00,0.3061726733695309
2018-04-17 08:45:00,0.2482654203993775
2018-04-17 08:48:00,0.31745892442540935
2018-04-17 08:51:00,0.26496421328488395
2018-04-17 08:54:00,0.29511785097332677
2018-04-17 08:57:00,0.3130786013405782
2018-04-17 09:00:00,0.3057934541171221
2018-04-17 09:03:00,0.30430515485596743
2018-04-17 09:06:00,0.23916058778161187
2018-04-17 09:09:00,0.21269831631798297
2018-04-17 09:12:00,0.21974959503774016
2018-04-17 09:15:00,0.1626506114608901
2018-04-17 09:18:00,0.14252026032596632
2018-04-17 09:21:00,0.24975325670470738
2018-04-17 09:24:00,0.21510056199304017
2018-04-17 09:27:00,0.1680541784575098
2018-04-17 09:30:00,0.16652661679182756
2018-04-17 09:33:00,0.16909184604139682
2018-04-17 09:36:00,0.08991054190397563
2018-04-17 09:39:00,0.12929862454785734
2018-04-17 09:42:00,0.1883016130822739
2018-04-17 09:45:00,0.16865174212136935
2018-04-17 09:48:00,0.10094982906286987
2018-04-17 09:51:00,0.180443736625989
2018-04-17 09:54:00,0.14935269027375853
2018-04-17 09:57:00,0.1988049637216136
2018-04-17 10:00:00,0.1432221375044378
2018-04-17 10:03:00,0.07353081452168908
2018-04-17 10:06:00,0.1697197805104338
2018-04-17 10:09:00,0.09291603914704183
2018-04-17 10:12:00,0.14143889084914463
2018-04-17 10:15:00,0.13367600802621382
2018-04-17 10:18:00,0.13898926037984438
2018-04-17 10:21:00,0.0901120016275172
2018-04-17 10:24:00,0.04175818787382468
2018-04-17 10:27:00,-0.09065321192701958
2018-04-17 10:30:00,0.0789683847148126
2018-04-17 10:33:00,0.009719862939050472
2018-04-17 10:36:00,0.061013824208544065
2018-04-17 10:39:00,0.11852496210127583
2018-04-17 10:42:00,0.10024739286950535
2018-04-17 10:45:00,0.14707971521892205
2018-04-17 10:48:00,0.07892712521828571
2018-04-17 10:51:00,0.15838518988044825
2018-04-17 10:54:00,0.1739393978518251
2018-04-17 10:57:00,0.10637121964487051
2018-04-17 11:00:00,0.20790553663152878
2018-04-17 11:03:00,0.2675977724800873
2018-04-17 11:06:00,0.2763176721550735
2018-04-17 11:09:00,0.15700445695142662
2018-04-17 11:12:00,0.22339812643758705
2018-04-17 11:15:00,0.09598775202357501
2018-04-17 11:18:00,0.22478098990148965
2018-04-17 11:21:00,0.26494872553990945
2018-04-17 11:24:00,0.26431587497637565
2018-04-17 11:27:00,0.0956979972934846
2018-04-17 11:30:00,-0.03934484684123163
2018-04-17 11:33:00,0.02871532410290456
2018-04-17 11:36:00,0.027754331425967393
2018-04-17 11:39:00,0.1362039931582899
2018-04-17 11:42:00,0.09923897455945507
2018-04-17 11:45:00,0.10888613989567375
2018-04-17 11:48:00,0.1284912758687824
2018-04-17 11:51:00,0.12152831816825937
2018-04-17 11:54:00,0.05535103937546637
2018-04-17 11:57:00,0.11291148696869868
2018-04-17 12:00:00,0.15138140069228712
2018-04-17 12:03:00,0.06561097609784383
2018-04-17 12:06:00,0.15046125853001513
2018-04-17 12:09:00,0.08224788159606078
2018-04-17 12:12:00,0.17981844716911155
2018-04-17 12:15:00,0.20706285135139524
2018-04-17 12:18:00,0.2635451559951889
2018-04-17 12:21:00,0.2323561859678307
2018-04-17 12:24:00,0.17750887309961172
2018-04-17 12:27:00,0.19396517160993199
2018-04-17 12:30:00,0.07755371784730869
2018-04-17 12:33:00,0.13201025045879078
2018-04-17 12:36:00,0.07362514073332704
2018-04-17 12:39:00,0.18467202726509413
2018-04-17 12:42:00,0.02065829614832637
2018-04-17 12:45:00,0.06290954146345484
2018-04-17 12:48:00,0.09826372414562456
2018-04-17 12:51:00,0.0886793115410569
2018-04-17 12:54:00,0.11873879544754118
2018-04-17 12:57:00,0.18912360098528325
2018-04-17 13:00:00,0.20648846261696008
2018-04-17 13:03:00,0.20401267998698813
2018-04-17 13:06:00,0.0487377522218253
2018-04-17 13:09:00,0.07796243729717389
2018-04-17 13:12:00,-0.0050857347105193185
2018-04-17 13:15:00,0.02048926006284546
2018-04-17 13:18:00,0.307122356334105
2018-04-17 13:21:00,0.376127718305554
2018-04-17 13:24:00,0.41671294101695366
2018-04-17 13:27:00,0.3443607796287438
2018-04-17 13:30:00,0.27825484870584205
2018-04-17 13:33:00,0.2359335321222602
2018-04-17 13:36:00,0.401934437214436
2018-04-17 13:39:00,0.21658840982439642
2018-04-17 13:42:00,0.110238465897055
2018-04-17 13:45:00,0.1406138742364078
2018-04-17 13:48:00,0.24266086023402522
2018-04-17 13:51:00,0.3465104669861603
2018-04-17 13:54:00,0.3235147279309558
2018-04-17 13:57:00,0.4551406846260875
2018-04-17 14:00:00,0.37378214204437654
2018-04-17 14:03:00,0.5037375849952355
2018-04-17 14:06:00,0.48001328265718257
2018-04-17 14:09:00,0.398973705850608
2018-04-17 14:12:00,0.4248725825038946
2018-04-17 14:15:00,0.31627895704923503
2018-04-17 14:18:00,0.3050982977063086
2018-04-17 14:21:00,0.20989512103602692
2018-04-17 14:24:00,0.19045570072216833
2018-04-17 14:27:00,0.1720246529530982
2018-04-17 14:30:00,0.28190948915607805
2018-04-17 14:33:00,0.19864282195015903
2018-04-17 14:36:00,0.31076054858942825
2018-04-17 14:39:00,0.31195770507031284
2018-04-17 14:42:00,0.2904662502664337
2018-04-17 14:45:00,0.3535724124247963
2018-04-17 14:48:00,0.3190896951570039
2018-04-17 14:51:00,0.3528110852985833
2018-04-17 14:54:00,0.2559396109602403
2018-04-17 14:57:00,0.2211009207475172
2018-04-17 15:00:00,0.27789627794840044
2018-04-17 15:03:00,0.23297341745387712
2018-04-17 15:06:00,0.2833812416998853
2018-04-17 15:09:00,0.3654318931917828
2018-04-17 15:12:00,0.27101583508732574
2018-04-17 15:15:00,0.25436966914941195
2018-04-17 15:18:00,0.13730641438417024
2018-04-17 15:21:00,0.24740303599475055
2018-04-17 15:24:00,0.178561650323104
2018-04-17 15:27:00,0.26857403915198574
2018-04-17 15:30:00,0.13584631058523655
2018-04-17 15:33:00,0.12170013177779992
2018-04-17 15:36:00,0.17977909299719386
2018-04-17 15:39:00,0.2696860814803017
2018-04-17 15:42:00,0.16849282643039487
2018-04-17 15:45:00,0.18696922955751916
2018-04-17 15:48:00,0.17757335067301483
2018-04-17 15:51:00,0.1715982394742923
2018-04-17 15:54:00,0.1896256530245637
2018-04-17 15:57:00,0.2221274391041561
2018-04-17 16:00:00,0.15131593511870278
2018-04-17 16:03:00,0.20953728687305784
2018-04-17 16:06:00,0.21029113285493395
2018-04-17 16:09:00,0.14720080068053676
2018-04-17 16:12:00,0.16636046907984792
2018-04-17 16:15:00,0.2239608500134409
2018-04-17 16:18:00,0.19257680794726184
2018-04-17 16:21:00,0.09760474053354073
2018-04-17 16:24:00,0.1791440777718094
2018-04-17 16:27:00,0.17260361607850427
2018-04-17 16:30:00,0.13994097078557388
2018-04-17 16:33:00,0.23035404695502848
2018-04-17 16:36:00,0.13948334043999466
2018-04-17 16:39:00,0.13397193437646138
2018-04-17 16:42:00,0.18001502292474925
2018-04-17 16:45:00,0.17483661482367552
2018-04-17 16:48:00,0.121047686111865
2018-04-17 16:51:00,0.061738696327552134
2018-04-17 16:54:00,0.07082091843938088
2018-04-17 16:57:00,0.0899825451272136
2018-04-17 17:00:00,0.10358953469915377
2018-04-17 17:03:00,0.19805349318323806
2018-04-17 17:06:00,0.0876385769852277
2018-04-17 17:09:00,0.09743372968284802
2018-04-17 17:12:00,0.08289368062577296
2018-04-17 17:15:00,0.1784007744335554
2018-04-17 17:18:00,0.15782805804371947
2018-04-17 17:21:00,0.0918215569869858
2018-04-17 17:24:00,0.11645152088163968
2018-04-17 17:27:00,0.06967900489917156
2018-04-17 17:30:00,0.02239681892359613
2018-04-17 17:33:00,-0.00874391539178987
2018-04-17 17:36:00,0.06943542168801287
2018-04-17 17:39:00,0.10427212737067748
2018-04-17 17:42:00,0.0017576475279383885
2018-04-17 17:45:00,0.09991933853768842
2018-04-17 17:48:00,-0.02469854330945509
2018-04-17 17:51:00,-0.008220682089074671
2018-04-17 17:54:00,0.034608211652653154
2018-04-17 17:57:00,-0.0010669497248159132
2018-04-17 18:00:00,0.09044856885105901
2018-04-17 18:03:00,-0.001306338668086937
2018-04-17 18:06:00,-0.06952941261965861
2018-04-17 18:09:00,-0.04325292717248885
2018-04-17 18:12:00,0.09491562983293989
2018-04-17 18:15:00,-0.01604146152294561
2018-04-17 18:18:00,0.06832990982530873
2018-04-17 18:21:00,0.07201496137082586
2018-04-17 18:24:00,0.04846996239183454
2018-04-17 18:27:00,0.015542858988226271
2018-04-17 18:30:00,-0.02004445853191328
2018-04-17 18:33:00,0.08953993792442816
2018-04-17 18:36:00,0.13474370838025607
2018-04-17 18:39:00,0.14912247395773193
2018-04-17 18:42:00,0.15133390345096132
2018-04-17 18:45:00,0.14835688346607867
2018-04-17 18:48:00,0.16918863167450127
2018-04-17 18:51:00,0.2601134767648432
2018-04-17 18:54:00,0.19758720254816353
2018-04-17 18:57:00,
2018-04-17 19:00:00,
2018-04-17 19:03:00,0.1608671462701068
2018-04-17 19:06:00,0.228362464228951
2018-04-17 19:09:00,0.2920516549769445
2018-04-17 19:12:00,0.14642423372987423
2018-04-17 19:15:00,0.0787388416271142
2018-04-17 19:18:00,0.1578974543481877
2018-04-17 19:21:00,0.18717981344633472
2018-04-17 19:24:00,0.23137374082841689
2018-04-17 19:27:00,0.3069540817585903
2018-04-17 19:30:00,0.2416830893883457
2018-04-17 19:33:00,0.2647140571605746
2018-04-17 19:36:00,0.26277172102044233
2018-04-17 19:39:00,0.18147672244259638
2018-04-17 19:42:00,0.15015063407628304
2018-04-17 19:45:00,0.20039991021036485
2018-04-17 19:48:00,0.1652439574077107
2018-04-17 19:51:00,0.25525941119673234
2018-04-17 19:54:00,0.3287650081117022
2018-04-17 19:57:00,0.29739586060759393
2018-04-17 20:00:00,0.3880029475024003
2018-04-17 20:03:00,0.35088546557739164
2018-04-17 20:06:00,0.33279160577399125
2018-04-17 20:09:00,0.27053634517267255
2018-04-17 20:12:00,0.25902486035340644
2018-04-17 20:15:00,0.3347951564379059
2018-04-17 20:18:00,0.3671972406498867
2018-04-17 20:21:00,0.28715675879442415
2018-04-17 20:24:00,0.22926199381856804
2018-04-17 20:27:00,0.26172699848274306
2018-04-17 20:30:00,0.25146635430758124
2018-04-17 20:33:00,0.2845683855199468
2018-04-17 20:36:00,0.30127038172429366
2018-04-17 20:39:00,0.25178792615065504
2018-04-17 20:42:00,0.2332490851995317
2018-04-17 20:45:00,0.17418300123028985
2018-04-17 20:48:00,0.30762921033812063
2018-04-17 20:51:00,0.2222715716118273
2018-04-17 20:54:00,0.27963792491777895
2018-04-17 20:57:00,0.27770804490813816
2018-04-17 21:00:00,0.29077323572352043
2018-04-17 21:03:00,0.2918227378659708
2018-04-17 21:06:00,0.3969108139838795
2018-04-17 21:09:00,0.3125913875090873
2018-04-17 21:12:00,0.2995389189113098
2018-04-17 21:15:00,0.31201407294940964
2018-04-17 21:18:00,0.2320092273831733
2018-04-17 21:21:00,0.2595533896685538
2018-04-17 21:24:00,0.29753401229100973
2018-04-17 21:27:00,0.18984501339372173
2018-04-17 21:30:00,0.2941006284052037
2018-04-17 21:33:00,0.29833710759140786
2018-04-17 21:36:00,0.3287101919584643
2018-04-17 21:39:00,0.29285841645514665
2018-04-17 21:42:00,0.3036485135279463
2018-04-17 21:45:00,0.3550307044775991
2018-04-17 21:48:00,0.3010231353464974
2018-04-17 21:51:00,0.3049103336192047
2018-04-17 21:54:00,0.2703078149101543
2018-04-17 21:57:00,0.22050263855470575
2018-04-17 22:00:00,0.3106720517935173
2018-04-17 22:03:00,0.24732237026529447
2018-04-17 22:06:00,0.415210415520221
2018-04-17 22:09:00,0.3502716456687267
2018-04-17 22:12:00,0.3603761855832772
2018-04-17 22:15:00,0.2664499469821635
2018-04-17 22:18:00,0.27770745175467937
2018-04-17 22:21:00,0.15354271662255314
2018-04-17 22:24:00,0.28725686500206393
2018-04-17 22:27:00,0.2687806486075601
2018-04-17 22:30:00,0.35993325637497264
2018-04-17 22:33:00,0.28424078115000384
2018-04-17 22:36:00,0.27016662396835045
2018-04-17 22:39:00,0.2815738140450321
2018-04-17 22:42:00,0.3094694919494714
2018-04-17 22:45:00,0.38967541556070273
2018-04-17 22:48:00,0.4321844788518092
2018-04-17 22:51:00,0.3995732713281086
2018-04-17 22:54:00,0.39904484938148244
2018-04-17 22:57:00,0.3236991119429149
2018-04-17 23:00:00,0.21753674685442093
2018-04-17 23:03:00,0.24049586499097586
2018-04-17 23:06:00,0.20469969274222422
2018-04-17 23:09:00,0.25944858495410017
2018-04-17 23:12:00,0.3537477057055298
2018-04-17 23:15:00,0.23236236195060656
2018-04-17 23:18:00,0.3420490113562096
2018-04-17 23:21:00,0.4436710359977383
2018-04-17 23:24:00,0.3248505311612462
2018-04-17 23:27:00,0.35815634438722554
2018-04-17 23:30:00,0.28659827125773063
2018-04-17 23:33:00,0.40518625982713274
2018-04-17 23:36:00,0.3074554089171784
2018-04-17 23:39:00,0.42895650669055385
2018-04-17 23:42:00,0.41929563202330655
2018-04-17 23:45:00,0.37005556777467064
2018-04-17 23:48:00,0.3506167865133989
2018-04-17 23:51:00,0.33038410747315083
2018-04-17 23:54:00,0.3211301405974609
2018-04-17 23:57:00,0.38606926295346966
2018-04-18 00:00:00,0.36903001703956306
2018-04-18 00:03:00,0.4691643290696561
2018-04-18 00:06:00,0.4320534600473138
2018-04-18 00:09:00,0.38989202525033306
2018-04-18 00:12:00,0.30040892213588677
2018-04-18 00:15:00,0.22641470602684421
2018-04-18 00:18:00,0.31030834834308507
2018-04-18 00:21:00,0.4135422232313317
2018-04-18 00:24:00,0.37882892325683315
2018-04-18 00:27:00,0.4226361736678541
2018-04-18 00:30:00,0.39070518923421105
2018-04-18 00:33:00,0.42927196398977685
2018-04-18 00:36:00,0.27897337873031347
2018-04-18 00:39:00,0.48285365530779245
2018-04-18 00:42:00,0.4607593374187786
2018-04-18 00:45:00,0.42070676549013797
2018-04-18 00:48:00,0.39328150175555265
2018-04-18 00:51:00,0.3979629081446774
2018-04-18 00:54:00,0.4253172446775011
2018-04-18 00:57:00,0.3935320773908302
2018-04-18 01:00:00,0.33252300875039964
2018-04-18 01:03:00,0.3614694956179392
2018-04-18 01:06:00,0.37930235118915334
2018-04-18 01:09:00,0.4201439663720521
2018-04-18 01:12:00,0.4987603293069469
2018-04-18 01:15:00,0.43715675580125435
2018-04-18 01:18:00,0.32338761692017215
2018-04-18 01:21:00,0.4074182198524454
2018-04-18 01:24:00,0.49277251536949507
2018-04-18 01:27:00,0.3590522664123341
2018-04-18 01:30:00,0.4126996932349698
2018-04-18 01:33:00,0.32793105612250883
2018-04-18 01:36:00,0.48604629702367674
2018-04-18 01:39:00,0.37760094822431256
2018-04-18 01:42:00,0.401757150080698
2018-04-18 01:45:00,0.4381612164980879
2018-04-18 01:48:00,0.24367454090190677
2018-04-18 01:51:00,0.4961974460827605
2018-04-18 01:54:00,0.5004966631574916
2018-04-18 01:57:00,0.44316143078191317
2018-04-18 02:00:00,0.47848901207095196
2018-04-18 02:03:00,0.44519703152229795
2018-04-18 02:06:00,0.39977801519808054
2018-04-18 02:09:00,0.4434486175279062
2018-04-18 02:12:00,0.3889160750610472
2018-04-18 02:15:00,0.5384069382629377
2018-04-18 02:18:00,0.3841536094168987
2018-04-18 02:21:00,0.6086665322000613
2018-04-18 02:24:00,0.5054556107328949
2018-04-18 02:27:00,0.4137087404002955
2018-04-18 02:30:00,0.5023198656964496
2018-04-18 02:33:00,0.41146293554578506
2018-04-18 02:36:00,0.5417039850586889
2018-04-18 02:39:00,0.4529540766779405
2018-04-18 02:42:00,0.47489108630037435
2018-04-18 02:45:00,0.4913407200708093
2018-04-18 02:48:00,0.5396726887698833
2018-04-18 02:51:00,0.5073600588766567
2018-04-18 02:54:00,0.35129521123695895
2018-04-18 02:57:00,0.5545704023271583
2018-04-18 03:00:00,0.4926882174970615
2018-04-18 03:03:00,0.44050621662711364
2018-04-18 03:06:00,0.5247398009157109
2018-04-18 03:09:00,0.46662539417383186
2018-04-18 03:12:00,0.47943155972058094
2018-04-18 03:15:00,0.5716081571926566
2018-04-18 03:18:00,0.48834431674873713
2018-04-18 03:21:00,0.44490345853375857
2018-04-18 03:24:00,0.42694468024922116
2018-04-18 03:27:00,0.5279299760414347
2018-04-18 03:30:00,0.5560904122582997
2018-04-18 03:33:00,0.5536930657493713
2018-04-18 03:36:00,0.5180377798508857
2018-04-18 03:39:00,0.47224544878235974
2018-04-18 03:42:00,0.3959039338702155
2018-04-18 03:45:00,0.4913846125521104
2018-04-18 03:48:00,0.5510267779635569
2018-04-18 03:51:00,0.517383265438184
2018-04-18 03:54:00,0.45763648342148144
2018-04-18 03:57:00,0.4922458060460144
2018-04-18 04:00:00,0.41854562224585834
2018-04-18 04:03:00,0.5374572602454464
2018-04-18 04:06:00,0.42560558680759186
2018-04-18 04:09:00,0.5030519256302455
2018-04-18 04:12:00,0.5427084211312376
2018-04-18 04:15:00,0.4911100349152093
2018-04-18 04:18:00,0.44746211904464417
2018-04-18 04:21:00,0.472194426583485
2018-04-18 04:24:00,0.38865944164393795
2018-04-18 04:27:00,0.5323746289464566
2018-04-18 04:30:00,0.5252431036403777
2018-04-18 04:33:00,0.44744070706161665
2018-04-18 04:36:00,0.49823021449140015
2018-04-18 04:39:00,0.4645268735956165
2018-04-18 04:42:00,0.5319240559922491
2018-04-18 04:45:00,0.6052295403060839
2018-04-18 04:48:00,0.4836506261006548
2018-04-18 04:51:00,0.5540489817822163
2018-04-18 04:54:00,0.4726882052424344
2018-04-18 04:57:00,0.38879866759498327
2018-04-18 05:00:00,0.5515173508829889
2018-04-18 05:03:00,0.4431760676020531
2018-04-18 05:06:00,0.44183492108550126
2018-04-18 05:09:00,0.5019431245332271
2018-04-18 05:12:00,0.3811670798996829
2018-04-18 05:15:00,0.45537509752085725
2018-04-18 05:18:00,0.5515545933093335
2018-04-18 05:21:00,0.4218446548006227
2018-04-18 05:24:00,0.5256696310456732
2018-04-18 05:27:00,0.576580618097978
2018-04-18 05:30:00,0.5445401142565629
2018-04-18 05:33:00,0.3580353002553238
2018-04-18 05:36:00,0.5332937751349505
2018-04-18 05:39:00,0.47222535573035884
2018-04-18 05:42:00,0.5278480686527587
2018-04-18 05:45:00,0.5316990583769439
2018-04-18 05:48:00,0.45936371277906574
2018-04-18 05:51:00,0.4935084600609798
2018-04-18 05:54:00,0.5427786205027019
2018-04-18 05:57:00,0.49506039245540023
2018-04-18 06:00:00,0.3944482763478163
2018-04-18 06:03:00,0.49818641226693217
2018-04-18 06:06:00,0.4839207963932495
2018-04-18 06:09:00,0.45975159660963527
2018-04-18 06:12:00,0.5634962623294655
2018-04-18 06:15:00,0.37317680139369713
2018-04-18 06:18:00,0.45095320361929225
2018-04-18 06:21:00,0.4808975599298151
2018-04-18 06:24:00,0.5025283989100444
2018-04-18 06:27:00,0.5205394692633831
2018-04-18 06:30:00,0.4793813270036935
2018-04-18 06:33:00,0.5425874638199275
2018-04-18 06:36:00,0.4596139618882944
2018-04-18 06:39:00,0.47039407026591107
2018-04-18 06:42:00,0.5637995615153955
2018-04-18 06:45:00,0.5075114288793543
2018-04-18 06:48:00,0.5329242677250932
2018-04-18 06:51:00,0.49503825371994026
2018-04-18 06:54:00,0.4960910347927552
2018-04-18 06:57:00,0.4434045748781159
2018-04-18 07:00:00,0.5061447953141283
2018-04-18 07:03:00,0.48343152918107535
2018-04-18 07:06:00,0.4353337233250727
2018-04-18 07:09:00,0.5012504943936733
2018-04-18 07:12:00,0.5698731091622449
2018-04-18 07:15:00,0.6092578283352168
2018-04-18 07:18:00,0.5206302765876671
2018-04-18 07:21:00,0.5871115702162228
2018-04-18 07:24:00,0.5501844515694643
2018-04-18 07:27:00,0.4548053595781312
2018-04-18 07:30:00,0.4716970784488126
2018-04-18 07:33:00,0.38905153411280935
2018-04-18 07:36:00,0.33819000255977016
2018-04-18 07:39:00,0.3686408454279331
2018-04-18 07:42:00,0.4894736693592563
2018-04-18 07:45:00,0.47785662915237026
2018-04-18 07:48:00,0.43622169659789733
2018-04-18 07:51:00,0.46199317626934544
2018-04-18 07:54:00,0.48598332042507764
2018-04-18 07:57:00,0.4277150890691246
2018-04-18 08:00:00,0.437474532164174
2018-04-18 08:03:00,0.4167246164975609
2018-04-18 08:06:00,0.39493716801166556
2018-04-18 08:09:00,0.48072019723235826
2018-04-18 08:12:00,0.4028396584311622
2018-04-18 08:15:00,0.3610534241993264
2018-04-18 08:18:00,0.2866852621403382
2018-04-18 08:21:00,0.4352808900590617
2018-04-18 08:24:00,0.4561562576532765
2018-04-18 08:27:00,0.4157464551788621
2018-04-18 08:30:00,0.4111082953073151
2018-04-18 08:33:00,0.3790981346239164
2018-04-18 08:36:00,0.4262807406638558
2018-04-18 08:39:00,0.44331602864650677
2018-04-18 08:42:00,0.3880652103190414
2018-04-18 08:45:00,0.452758062742987
2018-04-18 08:48:00,0.4295702215763981
2018-04-18 08:51:00,0.328702960836722
2018-04-18 08:54:00,0.25190182661265226
2018-04-18 08:57:00,0.28742627996842884
2018-04-18 09:00:00,0.34564316331858436
2018-04-18 09:03:00,0.31522277294504875
2018-04-18 09:06:00,0.4288465543082225
2018-04-18 09:09:00,0.3055412667943642
2018-04-18 09:12:00,0.2677129893315282
2018-04-18 09:15:00,0.28008390616889756
2018-04-18 09:18:00,0.3524040482272426
2018-04-18 09:21:00,0.22992877910689913
2018-04-18 09:24:00,0.2572189237639009
2018-04-18 09:27:00,0.24384888314119735
2018-04-18 09:30:00,0.276896921065827
2018-04-18 09:33:00,0.28371455426326975
2018-04-18 09:36:00,0.3287689524804023
2018-04-18 09:39:00,0.17758138077596186
2018-04-18 09:42:00,0.24405816927213664
2018-04-18 09:45:00,0.29251601343923994
2018-04-18 09:48:00,0.27124858376532757
2018-04-18 09:51:00,0.3002880064112219
2018-04-18 09:54:00,0.2784433965218227
2018-04-18 09:57:00,0.2496031739376008
2018-04-18 10:00:00,0.2927042729775735
2018-04-18 10:03:00,0.26067561164120434
2018-04-18 10:06:00,0.32897088334169666
2018-04-18 10:09:00,0.13742747268537414
2018-04-18 10:12:00,0.19034512402259907
2018-04-18 10:15:00,0.27929160361770755
2018-04-18 10:18:00,0.2516952153599732
2018-04-18 10:21:00,0.2906411631510082
2018-04-18 10:24:00,0.2251169556153627
2018-04-18 10:27:00,0.3791936408106835
2018-04-18 10:30:00,0.3424293274472916
2018-04-18 10:33:00,0.19523570329965878
2018-04-18 10:36:00,0.17172956190006516
2018-04-18 10:39:00,0.26144305670192125
2018-04-18 10:42:00,0.13462684333194375
2018-04-18 10:45:00,0.1778499181459665
2018-04-18 10:48:00,0.2261966390801149
2018-04-18 10:51:00,0.07745563974435754
2018-04-18 10:54:00,0.16341977665837248
2018-04-18 10:57:00,0.11036121587119396
2018-04-18 11:00:00,0.21508569023427526
2018-04-18 11:03:00,0.11564593734300388
2018-04-18 11:06:00,0.24329690020118733
2018-04-18 11:09:00,0.1389389199166544
2018-04-18 11:12:00,0.12572073041167187
2018-04-18 11:15:00,0.17356044406955107
2018-04-18 11:18:00,0.15768440444668386
2018-04-18 11:21:00,0.042758742001979044
2018-04-18 11:24:00,0.07416551980543318
2018-04-18 11:27:00,0.14459852357367708
2018-04-18 11:30:00,0.012816548564956065
2018-04-18 11:33:00,0.19362298007547452
2018-04-18 11:36:00,0.08269824467265607
2018-04-18 11:39:00,0.08902451573896997
2018-04-18 11:42:00,0.07384292106462453
2018-04-18 11:45:00,0.05921804110943185
2018-04-18 11:48:00,0.13242128009477483
2018-04-18 11:51:00,0.10242028982349893
2018-04-18 11:54:00,0.16538091291425872
2018-04-18 11:57:00,0.17472021854774766
2018-04-18 12:00:00,0.08790501146825136
2018-04-18 12:03:00,0.22234499639688465
2018-04-18 12:06:00,0.09740724233267883
2018-04-18 12:09:00,0.1399988731815256
2018-04-18 12:12:00,-0.0446094640195156
2018-04-18 12:15:00,0.12175784831941883
2018-04-18 12:18:00,0.015743778595492586
2018-04-18 12:21:00,0.10837832854446106
2018-04-18 12:24:00,0.05414732712017667
2018-04-18 12:27:00,0.11519713001405307
2018-04-18 12:30:00,0.053006085710194384
2018-04-18 12:33:00,-0.037322392743647015
2018-04-18 12:36:00,0.12747164624238394
2018-04-18 12:39:00,-0.02529678987468742
2018-04-18 12:42:00,0.10285727196583139
2018-04-18 12:45:00,-0.019257100167351382
2018-04-18 12:48:00,0.10847005021815903
2018-04-18 12:51:00,0.010349196023923923
2018-04-18 12:54:00,-0.07352805493223968
2018-04-18 12:57:00,0.006379433806444013
2018-04-18 13:00:00,0.05858187470875009
2018-04-18 13:03:00,0.05480872906304057
2018-04-18 13:06:00,-0.03134338856818886
2018-04-18 13:09:00,-0.03248544025365163
2018-04-18 13:12:00,-0.05127757508586228
2018-04-18 13:15:00,-0.03142595014037397
2018-04-18 13:18:00,0.011188416575464544
2018-04-18 13:21:00,-0.08029304684578165
2018-04-18 13:24:00,-0.09935815672133685
2018-04-18 13:27:00,-0.008633748910938266
2018-04-18 13:30:00,0.0842491264516525
2018-04-18 13:33:00,0.036980573019036456
2018-04-18 13:36:00,-0.01387661883762803
2018-04-18 13:39:00,-0.0031854419759724806
2018-04-18 13:42:00,-0.08960679760093626
2018-04-18 13:45:00,-0.05466784650144518
2018-04-18 13:48:00,-0.0761655112789299
2018-04-18 13:51:00,0.0025435119479197965
2018-04-18 13:54:00,-0.055776449419454366
2018-04-18 13:57:00,-0.09722594811250929
2018-04-18 14:00:00,0.06440916016305209
2018-04-18 14:03:00,0.04921446740735291
2018-04-18 14:06:00,0.09603978344813413
2018-04-18 14:09:00,0.04185204163582057
2018-04-18 14:12:00,0.1166159994616578
2018-04-18 14:15:00,0.13376449690372283
2018-04-18 14:18:00,0.046534601569760525
2018-04-18 14:21:00,0.08865202976511455
2018-04-18 14:24:00,0.20024079899877734
2018-04-18 14:27:00,0.09080899265813969
2018-04-18 14:30:00,0.16024675807256017
2018-04-18 14:33:00,0.2054389915755337
2018-04-18 14:36:00,-0.00027568081475237705
2018-04-18 14:39:00,0.08074662214897899
2018-04-18 14:42:00,0.08853146590456618
2018-04-18 14:45:00,0.05307269175966667
2018-04-18 14:48:00,-0.0038422616098614526
2018-04-18 14:51:00,0.035708076382718446
2018-04-18 14:54:00,0.009239562986181227
2018-04-18 14:57:00,-0.010229032277152328
2018-04-18 15:00:00,-0.03718500578668227
2018-04-18 15:03:00,0.10407560588436127
2018-04-18 15:06:00,0.026534235832400555
2018-04-18 15:09:00,-0.047000076357676335
2018-04-18 15:12:00,-0.0784680097338537
2018-04-18 15:15:00,-0.031063223957971786
2018-04-18 15:18:00,-0.05335988813840231
2018-04-18 15:21:00,6.404052157904516e-06
2018-04-18 15:24:00,-0.05288867111835316
2018-04-18 15:27:00,-0.0673677712647418
2018-04-18 15:30:00,-0.10714043559033826
2018-04-18 15:33:00,-0.11642578824796601
2018-04-18 15:36:00,-0.06762369669337431
2018-04-18 15:39:00,-0.05313620976795619
2018-04-18 15:42:00,-0.07753120523096868
2018-04-18 15:45:00,0.058730673436116376
2018-04-18 15:48:00,-0.04106888026450406
2018-04-18 15:51:00,0.0408213463635434
2018-04-18 15:54:00,0.020009778820394786
2018-04-18 15:57:00,-0.07908934976785531
2018-04-18 16:00:00,-0.09083614319558819
2018-04-18 16:03:00,0.0014986099530460706
2018-04-18 16:06:00,-0.03794127813654313
2018-04-18 16:09:00,-0.05210918016132382
2018-04-18 16:12:00,-0.0667330468791647
2018-04-18 16:15:00,0.10522140620787468
2018-04-18 16:18:00,-0.09134006086361524
2018-04-18 16:21:00,-0.02778578003358234
2018-04-18 16:24:00,-0.13523086276160257
2018-04-18 16:27:00,-0.06132717272572563
2018-04-18 16:30:00,0.020156732769805785
2018-04-18 16:33:00,-0.02557469558291814
2018-04-18 16:36:00,-0.03225846671080035
2018-04-18 16:39:00,-0.07695831992282365
2018-04-18 16:42:00,-0.004293327507525646
2018-04-18 16:45:00,-0.08229438543554579
2018-04-18 16:48:00,-0.07397251140685057
2018-04-18 16:51:00,-0.09394350019022113
2018-04-18 16:54:00,-0.16881913122318792
2018-04-18 16:57:00,-0.132895930276959
2018-04-18 17:00:00,0.03966767907360236
2018-04-18 17:03:00,0.06816892402810026
2018-04-18 17:06:00,-0.004420247337350247
2018-04-18 17:09:00,-0.07950960536368257
2018-04-18 17:12:00,0.03614200136752288
2018-04-18 17:15:00,0.07166958392906508
2018-04-18 17:18:00,-0.03860328209651698
2018-04-18 17:21:00,0.07885824788291984
2018-04-18 17:24:00,0.03378918558649957
2018-04-18 17:27:00,0.05793988445901732
2018-04-18 17:30:00,0.05392838280079104
2018-04-18 17:33:00,0.10355099699296488
2018-04-18 17:36:00,0.045537318904735
2018-04-18 17:39:00,0.17218192110436803
2018-04-18 17:42:00,0.050393378782587206
2018-04-18 17:45:00,0.15114722584746687
2018-04-18 17:48:00,0.020066196487334764
2018-04-18 17:51:00,0.11804178900001716
2018-04-18 17:54:00,0.003947037961381739
2018-04-18 17:57:00,0.1891932058591692
2018-04-18 18:00:00,0.0940297234060381
2018-04-18 18:03:00,0.06424184792939513
2018-04-18 18:06:00,0.037008071722937075
2018-04-18 18:09:00,0.07820877036527918
2018-04-18 18:12:00,0.0289477035495338
2018-04-18 18:15:00,0.11132413742870995
2018-04-18 18:18:00,0.09847405390462427
2018-04-18 18:21:00,0.04115257138408879
2018-04-18 18:24:00,0.03173246824906073
2018-04-18 18:27:00,0.057039069089171335
2018-04-18 18:30:00,0.0884565265257038
2018-04-18 18:33:00,0.17830310341179256
2018-04-18 18:36:00,0.10258655295052677
2018-04-18 18:39:00,0.06629059226224854
2018-04-18 18:42:00,0.06098141295115056
2018-04-18 18:45:00,0.025591704801342985
2018-04-18 18:48:00,0.10353380613048557
2018-04-18 18:51:00,-0.08794150405196888
2018-04-18 18:54:00,
2018-04-18 18:57:00,
2018-04-18 19:00:00,
2018-04-18 19:03:00,0.07787647952318366
2018-04-18 19:06:00,0.08452416871710966
2018-04-18 19:09:00,0.04830780604930851
2018-04-18 19:12:00,0.10218400124887239
2018-04-18 19:15:00,0.11088347176178104
2018-04-18 19:18:00,0.14498797059479784
2018-04-18 19:21:00,0.1707439450855759
2018-04-18 19:24:00,0.05258725985976298
2018-04-18 19:27:00,0.1407372678889942
2018-04-18 19:30:00,0.11675559280035941
2018-04-18 19:33:00,0.03849829636209279
2018-04-18 19:36:00,0.11498353110033577
2018-04-18 19:39:00,0.126014393097023
2018-04-18 19:42:00,0.16727116437391487
2018-04-18 19:45:00,0.17763419657813984
2018-04-18 19:48:00,0.026373186654552683
2018-04-18 19:51:00,0.1531143189905606
2018-04-18 19:54:00,0.2747199279456254
2018-04-18 19:57:00,0.16825170399334866
2018-04-18 20:00:00,0.16967015552125986
2018-04-18 20:03:00,0.08444099111875403
2018-04-18 20:06:00,0.1370088853437892
2018-04-18 20:09:00,0.17201850197727708
2018-04-18 20:12:00,0.1516740340771321
2018-04-18 20:15:00,0.18504612939403842
2018-04-18 20:18:00,0.10433708113089324
2018-04-18 20:21:00,0.2221592678912998
2018-04-18 20:24:00,0.24458742612466722
2018-04-18 20:27:00,0.16126508114513172
2018-04-18 20:30:00,0.08923634702193795
2018-04-18 20:33:00,0.11927016270936974
2018-04-18 20:36:00,0.21646390013040673
2018-04-18 20:39:00,0.1589531292812012
2018-04-18 20:42:00,0.2153753777423617
2018-04-18 20:45:00,0.11603066362670234
2018-04-18 20:48:00,0.20307554555603247
2018-04-18 20:51:00,0.09215984993079473
2018-04-18 20:54:00,0.18903428542728307
2018-04-18 20:57:00,0.24346279838829332
2018-04-18 21:00:00,0.12176837095637438
2018-04-18 21:03:00,0.27486491715148986
2018-04-18 21:06:00,0.2141953836751327
2018-04-18 21:09:00,0.1636683367245837
2018-04-18 21:12:00,0.19989940718141952
2018-04-18 21:15:00,0.19494454445066367
2018-04-18 21:18:00,0.2309191898883114
2018-04-18 21:21:00,0.2826762892753436
2018-04-18 21:24:00,0.2704637449488132
2018-04-18 21:27:00,0.27826424426592666
2018-04-18 21:30:00,0.3132965149845859
2018-04-18 21:33:00,0.3183683982932166
2018-04-18 21:36:00,0.2083157401269773
2018-04-18 21:39:00,0.13919121666373258
2018-04-18 21:42:00,0.13544805972861695
2018-04-18 21:45:00,0.16364415973180257
2018-04-18 21:48:00,0.1481906703282334
2018-04-18 21:51:00,0.248788084895466
2018-04-18 21:54:00,0.24157080632846828
2018-04-18 21:57:00,0.245409255942036
2018-04-18 22:00:00,0.27194207590463293
2018-04-18 22:03:00,0.24650815371199997
2018-04-18 22:06:00,0.27589690501224595
2018-04-18 22:09:00,0.18025350190180234
2018-04-18 22:12:00,0.16127686483741854
2018-04-18 22:15:00,0.2268176632441623
2018-04-18 22:18:00,0.25690164096863555
2018-04-18 22:21:00,0.18904064924782915
2018-04-18 22:24:00,0.10237770795993129
2018-04-18 22:27:00,0.17736709770241532
2018-04-18 22:30:00,0.173114929226017
2018-04-18 22:33:00,0.12750812539189837
2018-04-18 22:36:00,0.17047007826761273
2018-04-18 22:39:00,0.10519980865120715
2018-04-18 22:42:00,0.07554094777202636
2018-04-18 22:45:00,0.3029128950917652
2018-04-18 22:48:00,0.34190163446402266
2018-04-18 22:51:00,0.20314216413839858
2018-04-18 22:54:00,0.2490120305528194
2018-04-18 22:57:00,0.15038303135844444
2018-04-18 23:00:00,0.2093566568594838
2018-04-18 23:03:00,0.1987951924393201
2018-04-18 23:06:00,0.12691039223517464
2018-04-18 23:09:00,0.2375668896023626
2018-04-18 23:12:00,0.21546200978116303
2018-04-18 23:15:00,0.22481709896646862
2018-04-18 23:18:00,0.16482956236177415
2018-04-18 23:21:00,0.3928937441884841
2018-04-18 23:24:00,0.2628284252543267
2018-04-18 23:27:00,0.30472747550282975
2018-04-18 23:30:00,0.3239542570166236
2018-04-18 23:33:00,0.3126837906687001
2018-04-18 23:36:00,0.30147441692764687
2018-04-18 23:39:00,0.2713005608337653
2018-04-18 23:42:00,0.3020631399152194
2018-04-18 23:45:00,0.2791311568706192
2018-04-18 23:48:00,0.22783440936927946
2018-04-18 23:51:00,0.22707944570476002
2018-04-18 23:54:00,0.2440928025798712
2018-04-18 23:57:00,0.3457534935373019
2018-04-19 00:00:00,0.37413363135067357
2018-04-19 00:03:00,0.46273752447166316
2018-04-19 00:06:00,0.514000137417213
2018-04-19 00:09:00,0.554867743161708
2018-04-19 00:12:00,0.5961242905717086
2018-04-19 00:15:00,0.7949807950586774
2018-04-19 00:18:00,0.627952832773019
2018-04-19 00:21:00,0.42107029689799447
2018-04-19 00:24:00,0.4706440507047205
2018-04-19 00:27:00,0.3491855902236125
2018-04-19 00:30:00,0.4018865826377578
2018-04-19 00:33:00,0.37344922733126396
2018-04-19 00:36:00,0.4133848254990653
2018-04-19 00:39:00,0.36397814500912773
2018-04-19 00:42:00,0.2860838570662736
2018-04-19 00:45:00,0.5074484700501216
2018-04-19 00:48:00,0.5539786073545088
2018-04-19 00:51:00,0.5962323683748991
2018-04-19 00:54:00,0.585814712970091
2018-04-19 00:57:00,0.5006619991632988
2018-04-19 01:00:00,0.29881256055688254
2018-04-19 01:03:00,0.40288041135869435
2018-04-19 01:06:00,0.35281171763637076
2018-04-19 01:09:00,0.43014811713561585
2018-04-19 01:12:00,0.4100896682866164
2018-04-19 01:15:00,0.44347188808842475
2018-04-19 01:18:00,0.4954499029302042
2018-04-19 01:21:00,0.489269831259719
2018-04-19 01:24:00,0.3578173589731364
2018-04-19 01:27:00,0.4286984491820931
2018-04-19 01:30:00,0.45768813462046865
2018-04-19 01:33:00,0.4786985780298778
2018-04-19 01:36:00,0.5992618594846704
2018-04-19 01:39:00,0.6761358918861333
2018-04-19 01:42:00,0.6079822524170595
2018-04-19 01:45:00,0.5520987421510881
2018-04-19 01:48:00,0.6781360852149305
2018-04-19 01:51:00,0.6296417165324328
2018-04-19 01:54:00,0.6756774361038538
2018-04-19 01:57:00,0.6695657314214145
2018-04-19 02:00:00,0.7613088785885793
2018-04-19 02:03:00,0.6924994551788473
2018-04-19 02:06:00,0.483658413825367
2018-04-19 02:09:00,0.5465541619635133
2018-04-19 02:12:00,0.5356402489795755
2018-04-19 02:15:00,0.4846341667433194
2018-04-19 02:18:00,0.4920698606595124
2018-04-19 02:21:00,0.3786472724881378
2018-04-19 02:24:00,0.32788853173548205
2018-04-19 02:27:00,0.49710305956489265
2018-04-19 02:30:00,0.3776287632849744
2018-04-19 02:33:00,0.45447299993350043
2018-04-19 02:36:00,0.3966285720402425
2018-04-19 02:39:00,0.3880585782220578
2018-04-19 02:42:00,0.45102824144265696
2018-04-19 02:45:00,0.4263021614090121
2018-04-19 02:48:00,0.4038776728820608
2018-04-19 02:51:00,0.3764697525429028
2018-04-19 02:54:00,0.3117302808208251
2018-04-19 02:57:00,0.29550718650870067
2018-04-19 03:00:00,0.2844696869668155
2018-04-19 03:03:00,0.38019079640861264
2018-04-19 03:06:00,0.4128268191087727
2018-04-19 03:09:00,0.3861793100080604
2018-04-19 03:12:00,0.39552333674765805
2018-04-19 03:15:00,0.43707351443362086
2018-04-19 03:18:00,0.5031607745606266
2018-04-19 03:21:00,0.4307432248070313
2018-04-19 03:24:00,0.556469497322837
2018-04-19 03:27:00,0.3873844449702233
2018-04-19 03:30:00,0.40040745002323774
2018-04-19 03:33:00,0.4426091188285568
2018-04-19 03:36:00,0.4456742625115453
2018-04-19 03:39:00,0.3360671707607139
2018-04-19 03:42:00,0.3623138762187068
2018-04-19 03:45:00,0.4849042561051533
2018-04-19 03:48:00,0.49312644713018017
2018-04-19 03:51:00,0.45911173271338157
2018-04-19 03:54:00,0.5699789045425518
2018-04-19 03:57:00,0.5865108137492712
2018-04-19 04:00:00,0.4570753669005967
2018-04-19 04:03:00,0.53592119052621
2018-04-19 04:06:00,0.45624449861384164
2018-04-19 04:09:00,0.4421971469091659
2018-04-19 04:12:00,0.44557408832952206
2018-04-19 04:15:00,0.4778266874097312
2018-04-19 04:18:00,0.42465067574710247
2018-04-19 04:21:00,0.44460981708124336
2018-04-19 04:24:00,0.4793833664094791
2018-04-19 04:27:00,0.4704092646587128
2018-04-19 04:30:00,0.45367976231301554
2018-04-19 04:33:00,0.4344088401031172
2018-04-19 04:36:00,0.43197687220663283
2018-04-19 04:39:00,0.46638737105115524
2018-04-19 04:42:00,0.5190608567946811
2018-04-19 04:45:00,0.44599252315060767
2018-04-19 04:48:00,0.5856230828409821
2018-04-19 04:51:00,0.5473721768400992
2018-04-19 04:54:00,0.5419880278037681
2018-04-19 04:57:00,0.488921545547953
2018-04-19 05:00:00,0.5575805066920907
2018-04-19 05:03:00,0.5485597967241347
2018-04-19 05:06:00,0.577561903673427
2018-04-19 05:09:00,0.51669679684926
2018-04-19 05:12:00,0.5780859063444268
2018-04-19 05:15:00,0.5553869654119694
2018-04-19 05:18:00,0.45943038015298043
2018-04-19 05:21:00,0.4546291967080265
2018-04-19 05:24:00,0.5167223184459999
2018-04-19 05:27:00,0.4709724006107763
2018-04-19 05:30:00,0.5594887069239007
2018-04-19 05:33:00,0.5127277202971641
2018-04-19 05:36:00,0.6214276421117688
2018-04-19 05:39:00,0.4911244878020966
2018-04-19 05:42:00,0.4863847792519209
2018-04-19 05:45:00,0.49465540462699664
2018-04-19 05:48:00,0.5027981339655412
2018-04-19 05:51:00,0.5791955244497444
2018-04-19 05:54:00,0.655576642429196
2018-04-19 05:57:00,0.5422884048249443
2018-04-19 06:00:00,0.5524825837426874
2018-04-19 06:03:00,0.5554238650574348
2018-04-19 06:06:00,0.40912250785720516
2018-04-19 06:09:00,0.41065189034947025
2018-04-19 06:12:00,0.4055609677194525
2018-04-19 06:15:00,0.4692414128369933
2018-04-19 06:18:00,0.3804980530198918
2018-04-19 06:21:00,0.31830505784040497
2018-04-19 06:24:00,0.532044644574512
2018-04-19 06:27:00,0.3787232578047792
2018-04-19 06:30:00,0.44245913948520865
2018-04-19 06:33:00,0.44287282748450707
2018-04-19 06:36:00,0.3744035936553587
2018-04-19 06:39:00,0.44516040444790406
2018-04-19 06:42:00,0.4656608990692348
2018-04-19 06:45:00,0.4880126032740577
2018-04-19 06:48:00,0.3838458755689089
2018-04-19 06:51:00,0.48811886056017784
2018-04-19 06:54:00,0.5131325567998033
2018-04-19 06:57:00,0.5061664777466603
2018-04-19 07:00:00,0.44540762857650407
2018-04-19 07:03:00,0.4243409546047019
2018-04-19 07:06:00,0.4204916664969005
2018-04-19 07:09:00,0.4518140174992027
2018-04-19 07:12:00,0.4158274334312182
2018-04-19 07:15:00,0.44916784183146774
2018-04-19 07:18:00,0.35605304212350575
2018-04-19 07:21:00,0.42913519928708865
2018-04-19 07:24:00,0.4078990708850938
2018-04-19 07:27:00,0.4617257124691605
2018-04-19 07:30:00,0.40975783066426175
2018-04-19 07:33:00,0.4454435077616381
2018-04-19 07:36:00,0.524080871869046
2018-04-19 07:39:00,0.41832600595580516
2018-04-19 07:42:00,0.5013435396479053
2018-04-19 07:45:00,0.4180740845720834
2018-04-19 07:48:00,0.43929576153175276
2018-04-19 07:51:00,0.4695306769108356
2018-04-19 07:54:00,0.4038674022223745
2018-04-19 07:57:00,0.3566468632891997
2018-04-19 08:00:00,0.3553210149312349
2018-04-19 08:03:00,0.32044482925192597
2018-04-19 08:06:00,0.4366902691244263
2018-04-19 08:09:00,0.4015877800352996
2018-04-19 08:12:00,0.27441313103037146
2018-04-19 08:15:00,0.2867777295862197
2018-04-19 08:18:00,0.3788534754894499
2018-04-19 08:21:00,0.3714594623510834
2018-04-19 08:24:00,0.28323898569641415
2018-04-19 08:27:00,0.26530504513573305
2018-04-19 08:30:00,0.2795633117777925
2018-04-19 08:33:00,0.26390891258108695
2018-04-19 08:36:00,0.2950775707021762
2018-04-19 08:39:00,0.38577214291490236
2018-04-19 08:42:00,0.24011812130424914
2018-04-19 08:45:00,0.2674333777904394
2018-04-19 08:48:00,0.29265114471405695
2018-04-19 08:51:00,0.22100826601769086
2018-04-19 08:54:00,0.17673854488936058
2018-04-19 08:57:00,0.13482857984189422
2018-04-19 09:00:00,0.23255130217131637
2018-04-19 09:03:00,0.16951614081693833
2018-04-19 09:06:00,0.22074645848550745
2018-04-19 09:09:00,0.1630686617762649
2018-04-19 09:12:00,0.07502765800819589
2018-04-19 09:15:00,0.07991879861049256
2018-04-19 09:18:00,0.15364420306821103
2018-04-19 09:21:00,-0.029981498831091358
2018-04-19 09:24:00,0.061855914797206424
2018-04-19 09:27:00,0.0047076413146101
2018-04-19 09:30:00,-0.006283564463615221
2018-04-19 09:33:00,0.10317933963682435
2018-04-19 09:36:00,-0.04822675201518223
2018-04-19 09:39:00,0.15289100736504224
2018-04-19 09:42:00,0.02538545587566432
2018-04-19 09:45:00,-0.047485511678985404
2018-04-19 09:48:00,0.01936292266162809
2018-04-19 09:51:00,-0.02412303492491219
2018-04-19 09:54:00,0.020390968996593983
2018-04-19 09:57:00,0.0875931031320647
2018-04-19 10:00:00,-0.04724193459594517
2018-04-19 10:03:00,-0.03383328195155855
2018-04-19 10:06:00,-0.10004578317682444
2018-04-19 10:09:00,-0.09818750225866779
2018-04-19 10:12:00,0.008802015491085058
2018-04-19 10:15:00,-0.07743971709993502
2018-04-19 10:18:00,-0.09089147691526023
2018-04-19 10:21:00,-0.16622423834587607
2018-04-19 10:24:00,-0.08301200537863451
2018-04-19 10:27:00,-0.09428519869618412
2018-04-19 10:30:00,-0.09110469808933885
2018-04-19 10:33:00,-0.15857700875039882
2018-04-19 10:36:00,-0.1011202847979007
2018-04-19 10:39:00,-0.13071509760516165
2018-04-19 10:42:00,-0.16205309655651945
2018-04-19 10:45:00,-0.21409789204523122
2018-04-19 10:48:00,-0.0885713333335616
2018-04-19 10:51:00,-0.09891985807354331
2018-04-19 10:54:00,-0.1250930767384375
2018-04-19 10:57:00,-0.1655568568862691
2018-04-19 11:00:00,-0.23355153129205064
2018-04-19 11:03:00,-0.21086914926729605
2018-04-19 11:06:00,-0.1837711760098273
2018-04-19 11:09:00,-0.09249082006869003
2018-04-19 11:12:00,-0.16797218397999814
2018-04-19 11:15:00,-0.2680082498239358
2018-04-19 11:18:00,-0.2912850593291978
2018-04-19 11:21:00,-0.21398905530696766
2018-04-19 11:24:00,-0.24080656187743443
2018-04-19 11:27:00,-0.15304004154364748
2018-04-19 11:30:00,-0.1603089082666429
2018-04-19 11:33:00,-0.1221662267728334
2018-04-19 11:36:00,-0.2053583603106972
2018-04-19 11:39:00,-0.13783929580165477
2018-04-19 11:42:00,-0.2875473599593761
2018-04-19 11:45:00,-0.24082365936413908
2018-04-19 11:48:00,-0.1575590700841758
2018-04-19 11:51:00,-0.2639877561088042
2018-04-19 11:54:00,-0.1751584296694091
2018-04-19 11:57:00,-0.1972941972235276
2018-04-19 12:00:00,-0.24521328696926048
2018-04-19 12:03:00,-0.32138987618259307
2018-04-19 12:06:00,-0.1450055295005086
2018-04-19 12:09:00,-0.2866469550689317
2018-04-19 12:12:00,-0.2879362119721236
2018-04-19 12:15:00,-0.14123425919336796
2018-04-19 12:18:00,-0.19745671435390477
2018-04-19 12:21:00,-0.07241071963613877
2018-04-19 12:24:00,-0.17236253255987322
2018-04-19 12:27:00,-0.1441503281833434
2018-04-19 12:30:00,-0.19042042017008498
2018-04-19 12:33:00,-0.18322414803964193
2018-04-19 12:36:00,-0.18191541466967465
2018-04-19 12:39:00,-0.18192679251689015
2018-04-19 12:42:00,-0.07540118894695524
2018-04-19 12:45:00,-0.2038556939777436
2018-04-19 12:48:00,-0.2618302764406053
2018-04-19 12:51:00,-0.21463780549061084
2018-04-19 12:54:00,-0.19071053765981105
2018-04-19 12:57:00,-0.21118246368058635
2018-04-19 13:00:00,-0.19075691894283864
2018-04-19 13:03:00,-0.15836773615581023
2018-04-19 13:06:00,-0.1992597326430996
2018-04-19 13:09:00,-0.13804498175369417
2018-04-19 13:12:00,-0.08589431436598716
2018-04-19 13:15:00,-0.15583228872105792
2018-04-19 13:18:00,-0.05272850648356098
2018-04-19 13:21:00,-0.019874453061220265
2018-04-19 13:24:00,-0.1583874769422664
2018-04-19 13:27:00,-0.033481506800399075
2018-04-19 13:30:00,-0.05689720696545919
2018-04-19 13:33:00,-0.0034061418898545526
2018-04-19 13:36:00,-0.049718700362859636
2018-04-19 13:39:00,-0.18142219236204937
2018-04-19 13:42:00,-0.2307562315399423
2018-04-19 13:45:00,-0.42021190866938696
2018-04-19 13:48:00,-0.3004095583343087
2018-04-19 13:51:00,-0.2866905299300697
2018-04-19 13:54:00,-0.4369830018171683
2018-04-19 13:57:00,-0.3793672675020616
2018-04-19 14:00:00,-0.3566246998810243
2018-04-19 14:03:00,-0.27675441649421373
2018-04-19 14:06:00,-0.4004621593920774
2018-04-19 14:09:00,-0.23240845843577063
2018-04-19 14:12:00,-0.19707164015517264
2018-04-19 14:15:00,-0.17301977998653228
2018-04-19 14:18:00,-0.32588784611459687
2018-04-19 14:21:00,-0.3275026774496723
2018-04-19 14:24:00,-0.3500353334765123
2018-04-19 14:27:00,-0.45115918727083226
2018-04-19 14:30:00,-0.4091332987429155
2018-04-19 14:33:00,-0.3975948599102139
2018-04-19 14:36:00,-0.4201790031624455
2018-04-19 14:39:00,-0.3650037991292834
2018-04-19 14:42:00,-0.4755041919993914
2018-04-19 14:45:00,-0.3258871962013927
2018-04-19 14:48:00,-0.3707338114626282
2018-04-19 14:51:00,-0.3022543528920778
2018-04-19 14:54:00,-0.20179645305233862
2018-04-19 14:57:00,-0.32023856553564656
2018-04-19 15:00:00,-0.31880491286869983
2018-04-19 15:03:00,-0.25438572739932397
2018-04-19 15:06:00,-0.29445600676655204
2018-04-19 15:09:00,-0.3335540015897891
2018-04-19 15:12:00,-0.37871244794519043
2018-04-19 15:15:00,-0.31388389566569685
2018-04-19 15:18:00,-0.2710654346309411
2018-04-19 15:21:00,-0.24683136673581885
2018-04-19 15:24:00,-0.2692821876653966
2018-04-19 15:27:00,-0.2054952675318873
2018-04-19 15:30:00,-0.2248663255739416
2018-04-19 15:33:00,-0.24989375250947887
2018-04-19 15:36:00,-0.288084637993677
2018-04-19 15:39:00,-0.2236951019357889
2018-04-19 15:42:00,-0.420284386736796
2018-04-19 15:45:00,-0.37740638134528126
2018-04-19 15:48:00,-0.3831544027468681
2018-04-19 15:51:00,-0.27126445005222877
2018-04-19 15:54:00,-0.3253491314612802
2018-04-19 15:57:00,-0.2187422701076116
2018-04-19 16:00:00,-0.2580920524055159
2018-04-19 16:03:00,-0.2929769786611587
2018-04-19 16:06:00,-0.3964121851151958
2018-04-19 16:09:00,-0.3755704381552505
2018-04-19 16:12:00,-0.325163160198656
2018-04-19 16:15:00,-0.37877061895011366
2018-04-19 16:18:00,-0.3348989012159791
2018-04-19 16:21:00,-0.3235126104356141
2018-04-19 16:24:00,-0.20148472411261764
2018-04-19 16:27:00,-0.36945837609050614
2018-04-19 16:30:00,-0.2832378519029817
2018-04-19 16:33:00,-0.3634551485223483
2018-04-19 16:36:00,-0.45187576676221397
2018-04-19 16:39:00,-0.41731641257371166
2018-04-19 16:42:00,-0.32944410431036886
2018-04-19 16:45:00,-0.2889952968836269
2018-04-19 16:48:00,-0.370560782023972
2018-04-19 16:51:00,-0.2907723950733043
2018-04-19 16:54:00,-0.3272597392800094
2018-04-19 16:57:00,-0.2953911331113659
2018-04-19 17:00:00,-0.35882819249252407
2018-04-19 17:03:00,-0.3102577873323753
2018-04-19 17:06:00,-0.341578691783468
2018-04-19 17:09:00,-0.26448379561992397
2018-04-19 17:12:00,-0.3202057127730882
2018-04-19 17:15:00,-0.2230221763808231
2018-04-19 17:18:00,-0.2759309382819879
2018-04-19 17:21:00,-0.12636600644748341
2018-04-19 17:24:00,-0.221919371006436
2018-04-19 17:27:00,-0.1663561252834711
2018-04-19 17:30:00,-0.24822743456161334
2018-04-19 17:33:00,-0.2240622934485259
2018-04-19 17:36:00,-0.27261174194694604
2018-04-19 17:39:00,-0.3245544931862696
2018-04-19 17:42:00,-0.26151731183136917
2018-04-19 17:45:00,-0.27334441547276356
2018-04-19 17:48:00,-0.20023423221772418
2018-04-19 17:51:00,-0.27105865688520225
2018-04-19 17:54:00,-0.24758443108237316
2018-04-19 17:57:00,-0.053457210859733095
2018-04-19 18:00:00,-0.24182880677602725
2018-04-19 18:03:00,-0.2799389264203569
2018-04-19 18:06:00,-0.19858089395756906
2018-04-19 18:09:00,-0.19699917439680803
2018-04-19 18:12:00,-0.23817001620261635
2018-04-19 18:15:00,-0.21525793877822252
2018-04-19 18:18:00,-0.22559851973471723
2018-04-19 18:21:00,-0.18992534343448142
2018-04-19 18:24:00,-0.0925646391571604
2018-04-19 18:27:00,-0.0852485310089719
2018-04-19 18:30:00,-0.18416221830858603
2018-04-19 18:33:00,-0.0668509282692753
2018-04-19 18:36:00,-0.16121582212900876
2018-04-19 18:39:00,-0.15911918137669545
2018-04-19 18:42:00,-0.17458396316988
2018-04-19 18:45:00,-0.17151055898398226
2018-04-19 18:48:00,-0.25352749240323647
2018-04-19 18:51:00,-0.09976378621490767
2018-04-19 18:54:00,-0.2161429157240491
2018-04-19 18:57:00,
2018-04-19 19:00:00,
2018-04-19 19:03:00,-0.14620604108228008
2018-04-19 19:06:00,-0.12062904791173423
2018-04-19 19:09:00,-0.18598517394758574
2018-04-19 19:12:00,-0.14127794293125362
2018-04-19 19:15:00,-0.12670984724621803
2018-04-19 19:18:00,-0.17459198461978076
2018-04-19 19:21:00,-0.10232020170224132
2018-04-19 19:24:00,-0.1268409033413036
2018-04-19 19:27:00,-0.05264524157502137
2018-04-19 19:30:00,-0.12301610467238788
2018-04-19 19:33:00,-0.12475404960656533
2018-04-19 19:36:00,-0.1544551269923886
2018-04-19 19:39:00,-0.1021705067929588
2018-04-19 19:42:00,-0.15810880454660037
2018-04-19 19:45:00,-0.09036328936434757
2018-04-19 19:48:00,-0.059225160441030766
2018-04-19 19:51:00,-0.10207051788012222
2018-04-19 19:54:00,-0.1830807258102709
2018-04-19 19:57:00,-0.09509704154612564
2018-04-19 20:00:00,-0.10061716432522871
2018-04-19 20:03:00,-0.18336821813522874
2018-04-19 20:06:00,-0.027090015938313172
2018-04-19 20:09:00,-0.13743037578484518
2018-04-19 20:12:00,-0.15203874944648987
2018-04-19 20:15:00,-0.029893996448151938
2018-04-19 20:18:00,-0.01935958726875242
2018-04-19 20:21:00,0.0074279333340996345
2018-04-19 20:24:00,-0.03296917077375383
2018-04-19 20:27:00,-0.03264400754119379
2018-04-19 20:30:00,-0.08190852741540766
2018-04-19 20:33:00,-0.09424134228856929
2018-04-19 20:36:00,-0.09873087336205799
2018-04-19 20:39:00,-0.04403168702498306
2018-04-19 20:42:00,-0.0013948897271234273
2018-04-19 20:45:00,-0.016715889804231665
2018-04-19 20:48:00,-0.15278525101274454
2018-04-19 20:51:00,-0.05381373781841603
2018-04-19 20:54:00,0.06252858078676127
2018-04-19 20:57:00,0.06573565677564375
2018-04-19 21:00:00,0.0321320623338579
2018-04-19 21:03:00,0.07196109415104956
2018-04-19 21:06:00,0.03723257844137606
2018-04-19 21:09:00,0.11079251149203628
2018-04-19 21:12:00,0.014872147260973634
2018-04-19 21:15:00,0.12459044858155721
2018-04-19 21:18:00,0.02700327330745722
2018-04-19 21:21:00,0.05817779826975311
2018-04-19 21:24:00,0.08092421479483392
2018-04-19 21:27:00,0.20642885748759454
2018-04-19 21:30:00,0.01624314495774115
2018-04-19 21:33:00,0.08267353753706175
2018-04-19 21:36:00,-0.03163429611902302
2018-04-19 21:39:00,0.1101297006851496
2018-04-19 21:42:00,0.07626840597725959
2018-04-19 21:45:00,0.10442501916895708
2018-04-19 21:48:00,0.05277730386484336
2018-04-19 21:51:00,0.1105608914746199
2018-04-19 21:54:00,0.09630053491588342
2018-04-19 21:57:00,0.026127505007821128
2018-04-19 22:00:00,0.004576720366799236
2018-04-19 22:03:00,0.1563412708480314
2018-04-19 22:06:00,0.12361542503555256
2018-04-19 22:09:00,0.1969005385088849
2018-04-19 22:12:00,0.2305808272697618
2018-04-19 22:15:00,0.17629471784431416
2018-04-19 22:18:00,0.20271037049593588
2018-04-19 22:21:00,0.1342333837779961
2018-04-19 22:24:00,0.08492811511314358
2018-04-19 22:27:00,0.2729362160961273
2018-04-19 22:30:00,0.03743842819631027
2018-04-19 22:33:00,0.14698088665460318
2018-04-19 22:36:00,0.03641809824551956
2018-04-19 22:39:00,0.1627017375825517
2018-04-19 22:42:00,0.11100012753877309
2018-04-19 22:45:00,0.06929010985805917
2018-04-19 22:48:00,0.17600233183389946
2018-04-19 22:51:00,0.1481422936474246
2018-04-19 22:54:00,0.17073437533531433
2018-04-19 22:57:00,0.06607925144282945
2018-04-19 23:00:00,0.11898367033165869
2018-04-19 23:03:00,0.17788546182055143
2018-04-19 23:06:00,0.15043239788468554
2018-04-19 23:09:00,0.21034890083859636
2018-04-19 23:12:00,0.2712210268449553
2018-04-19 23:15:00,0.2424052201088216
2018-04-19 23:18:00,0.24334036197035402
2018-04-19 23:21:00,0.19857766447955782
2018-04-19 23:24:00,0.15425067882938492
2018-04-19 23:27:00,0.08149873330580704
2018-04-19 23:30:00,0.22967923002306634
2018-04-19 23:33:00,0.21131146865053552
2018-04-19 23:36:00,0.29791255262011873
2018-04-19 23:39:00,0.15235406919748584
2018-04-19 23:42:00,0.26825145032194087
2018-04-19 23:45:00,0.19091616531886757
2018-04-19 23:48:00,0.18453204541032164
2018-04-19 23:51:00,0.1560146502613975
2018-04-19 23:54:00,0.22156125611269317
2018-04-19 23:57:00,0.1648792686487468
2018-04-20 00:00:00,0.21831184713386165
2018-04-20 00:03:00,0.2433171361204245
2018-04-20 00:06:00,0.20294121250572061
2018-04-20 00:09:00,0.17822716661027016
2018-04-20 00:12:00,0.17944523843806337
2018-04-20 00:15:00,0.21282026240442065
2018-04-20 00:18:00,0.22308361237844565
2018-04-20 00:21:00,0.2985374512495014
2018-04-20 00:24:00,0.24276275340844222
2018-04-20 00:27:00,0.22170686455928035
2018-04-20 00:30:00,0.2444867966229367
2018-04-20 00:33:00,0.24078815993590297
2018-04-20 00:36:00,0.20876426135049542
2018-04-20 00:39:00,0.1650713179400327
2018-04-20 00:42:00,0.13359244455938324
2018-04-20 00:45:00,0.22770728908193405
2018-04-20 00:48:00,0.13348407159662656
2018-04-20 00:51:00,0.22115545148642468
2018-04-20 00:54:00,0.1781550433809116
2018-04-20 00:57:00,0.3205310726127095
2018-04-20 01:00:00,0.24723013655966497
2018-04-20 01:03:00,0.27780686063789517
2018-04-20 01:06:00,0.2934331051856134
2018-04-20 01:09:00,0.20099377820639575
2018-04-20 01:12:00,0.2784765737255839
2018-04-20 01:15:00,0.22820244644429977
2018-04-20 01:18:00,0.2341407754798297
2018-04-20 01:21:00,0.17513308143890072
2018-04-20 01:24:00,0.2296007172624286
2018-04-20 01:27:00,0.21591511789813467
2018-04-20 01:30:00,0.17043720606085344
2018-04-20 01:33:00,0.2464425000782171
2018-04-20 01:36:00,0.2101360790274498
2018-04-20 01:39:00,0.3006418602073495
2018-04-20 01:42:00,0.2948557845936648
2018-04-20 01:45:00,0.308051764511049
2018-04-20 01:48:00,0.25628304654958356
2018-04-20 01:51:00,0.2218491338039712
2018-04-20 01:54:00,0.33703967953147185
2018-04-20 01:57:00,0.31191693650208663
2018-04-20 02:00:00,0.23434934289258536
2018-04-20 02:03:00,0.22297567704890753
2018-04-20 02:06:00,0.3114302677900582
2018-04-20 02:09:00,0.372902998045447
2018-04-20 02:12:00,0.23242501073053745
2018-04-20 02:15:00,0.29317164209783186
2018-04-20 02:18:00,0.3437102195431976
2018-04-20 02:21:00,0.2414457846147684
2018-04-20 02:24:00,0.2520660172724547
2018-04-20 02:27:00,0.32415166937738604
2018-04-20 02:30:00,0.28161484910805257
2018-04-20 02:33:00,0.23628273289534718
2018-04-20 02:36:00,0.3810670583000615
2018-04-20 02:39:00,0.2952977993833201
2018-04-20 02:42:00,0.36789237851155576
2018-04-20 02:45:00,0.29199811112971474
2018-04-20 02:48:00,0.3762463893049812
2018-04-20 02:51:00,0.4181036634582824
2018-04-20 02:54:00,0.39318685454492197
2018-04-20 02:57:00,0.3064779312384758
2018-04-20 03:00:00,0.3053371928215256
2018-04-20 03:03:00,0.39425005281145786
2018-04-20 03:06:00,0.3873989771898323
2018-04-20 03:09:00,0.41837456277079355
2018-04-20 03:12:00,0.406910974790776
2018-04-20 03:15:00,0.2941555333406427
2018-04-20 03:18:00,0.3101701641604109
2018-04-20 03:21:00,0.3281731774392256
2018-04-20 03:24:00,0.30932225524503565
2018-04-20 03:27:00,0.2684490780568467
2018-04-20 03:30:00,0.28438532201465705
2018-04-20 03:33:00,0.2803274628741974
2018-04-20 03:36:00,0.44659821985828785
2018-04-20 03:39:00,0.35597449919640667
2018-04-20 03:42:00,0.3939303727327683
2018-04-20 03:45:00,0.3602550809533227
2018-04-20 03:48:00,0.45118281422571727
2018-04-20 03:51:00,0.2616547550153996
2018-04-20 03:54:00,0.2960198273250967
2018-04-20 03:57:00,0.31723255942966944
2018-04-20 04:00:00,0.2716165409135556
2018-04-20 04:03:00,0.35228423525609287
2018-04-20 04:06:00,0.3318374789078007
2018-04-20 04:09:00,0.26313611994123676
2018-04-20 04:12:00,0.3356039054895632
2018-04-20 04:15:00,0.42703692837721974
2018-04-20 04:18:00,0.3824842331753189
2018-04-20 04:21:00,0.3500986039507552
2018-04-20 04:24:00,0.30615233097029204
2018-04-20 04:27:00,0.3219487126526701
2018-04-20 04:30:00,0.4026486662961588
2018-04-20 04:33:00,0.37390006053112756
2018-04-20 04:36:00,0.34866752471361906
2018-04-20 04:39:00,0.4088262399591258
2018-04-20 04:42:00,0.34073909578120265
2018-04-20 04:45:00,0.30193991428080835
2018-04-20 04:48:00,0.35756611699702034
2018-04-20 04:51:00,0.31482137773105023
2018-04-20 04:54:00,0.34277943898575813
2018-04-20 04:57:00,0.2658352880969801
2018-04-20 05:00:00,0.2719042917819934
2018-04-20 05:03:00,0.2802915997755804
2018-04-20 05:06:00,0.3111891728671594
2018-04-20 05:09:00,0.33988067629303487
2018-04-20 05:12:00,0.47482850279544664
2018-04-20 05:15:00,0.3109792354358092
2018-04-20 05:18:00,0.40876105287111386
2018-04-20 05:21:00,0.3660733811206569
2018-04-20 05:24:00,0.3267947864063103
2018-04-20 05:27:00,0.4038430045132486
2018-04-20 05:30:00,0.37225966484152195
2018-04-20 05:33:00,0.38307346048407
2018-04-20 05:36:00,0.44450966427524463
2018-04-20 05:39:00,0.35306377399416533
2018-04-20 05:42:00,0.2925839815839595
2018-04-20 05:45:00,0.358416328067392
2018-04-20 05:48:00,0.3064450977254296
2018-04-20 05:51:00,0.367135272589735
2018-04-20 05:54:00,0.3257125908430112
2018-04-20 05:57:00,0.3317545943735354
2018-04-20 06:00:00,0.4096109044662626
2018-04-20 06:03:00,0.35893375844784714
2018-04-20 06:06:00,0.33019474278609096
2018-04-20 06:09:00,0.42232191660616536
2018-04-20 06:12:00,0.40037635404775074
2018-04-20 06:15:00,0.41421513333546045
2018-04-20 06:18:00,0.43158546819103094
2018-04-20 06:21:00,0.2698333395963459
2018-04-20 06:24:00,0.26605021173566
2018-04-20 06:27:00,0.3444090524891408
2018-04-20 06:30:00,0.3463416477176793
2018-04-20 06:33:00,0.36742851382274466
2018-04-20 06:36:00,0.42222560553949506
2018-04-20 06:39:00,0.38947018180783743
2018-04-20 06:42:00,0.4654457656654927
2018-04-20 06:45:00,0.2841266681692787
2018-04-20 06:48:00,0.34489852420637135
2018-04-20 06:51:00,0.3694340470870543
2018-04-20 06:54:00,0.3508425251045537
2018-04-20 06:57:00,0.34751325883712525
2018-04-20 07:00:00,0.4624912965366548
2018-04-20 07:03:00,0.413411733431019
2018-04-20 07:06:00,0.35127810864014464
2018-04-20 07:09:00,0.3693336393958475
2018-04-20 07:12:00,0.35394961127508395
2018-04-20 07:15:00,0.45310491694618804
2018-04-20 07:18:00,0.3033705666383071
2018-04-20 07:21:00,0.35046513227302967
2018-04-20 07:24:00,0.36426275606413583
2018-04-20 07:27:00,0.4104976230014472
2018-04-20 07:30:00,0.32151075333297285
2018-04-20 07:33:00,0.5030112343438873
2018-04-20 07:36:00,0.34582979137974235
2018-04-20 07:39:00,0.46739132126634786
2018-04-20 07:42:00,0.37760500707474876
2018-04-20 07:45:00,0.4332363547939053
2018-04-20 07:48:00,0.4489151225772616
2018-04-20 07:51:00,0.332633822489413
2018-04-20 07:54:00,0.3110109153396934
2018-04-20 07:57:00,0.4119875319036055
2018-04-20 08:00:00,0.27777983681664864
2018-04-20 08:03:00,0.34019180316005304
2018-04-20 08:06:00,0.3336828128134357
2018-04-20 08:09:00,0.27167087442444426
2018-04-20 08:12:00,0.22884551546280818
2018-04-20 08:15:00,0.33267115901941224
2018-04-20 08:18:00,0.31356401952996293
2018-04-20 08:21:00,0.2976316254392941
2018-04-20 08:24:00,0.2953252369109123
2018-04-20 08:27:00,0.22589192765246935
2018-04-20 08:30:00,0.3241928442071753
2018-04-20 08:33:00,0.31996182738771495
2018-04-20 08:36:00,0.2681617553770934
2018-04-20 08:39:00,0.1875934537920898
2018-04-20 08:42:00,0.23724076715183173
2018-04-20 08:45:00,0.2974329177402524
2018-04-20 08:48:00,0.23886099750546919
2018-04-20 08:51:00,0.1708531765352177
2018-04-20 08:54:00,0.19790337977769923
2018-04-20 08:57:00,0.20611843295347398
2018-04-20 09:00:00,0.18536595315038085
2018-04-20 09:03:00,0.307364875776841
2018-04-20 09:06:00,0.30280768704608363
2018-04-20 09:09:00,0.23914994895227437
2018-04-20 09:12:00,0.3436793751444611
2018-04-20 09:15:00,0.16122938055627856
2018-04-20 09:18:00,0.2466734738144396
2018-04-20 09:21:00,0.23250404878700692
2018-04-20 09:24:00,0.2234711401438858
2018-04-20 09:27:00,0.22707434053654652
2018-04-20 09:30:00,0.22299643939282987
2018-04-20 09:33:00,0.14841181502720246
2018-04-20 09:36:00,0.16291285796387456
2018-04-20 09:39:00,0.1770400970072501
2018-04-20 09:42:00,0.17246449388017027
2018-04-20 09:45:00,0.1563723704740596
2018-04-20 09:48:00,0.07604663002604184
2018-04-20 09:51:00,0.19158167278527571
2018-04-20 09:54:00,0.011601402582755327
2018-04-20 09:57:00,0.08535863454432047
2018-04-20 10:00:00,0.0992398039753084
2018-04-20 10:03:00,0.04051184766893812
2018-04-20 10:06:00,0.03256010344580318
2018-04-20 10:09:00,-0.05867351245450436
2018-04-20 10:12:00,-0.026714430706533676
2018-04-20 10:15:00,-0.0017295540861255176
2018-04-20 10:18:00,-0.03162109691260184
2018-04-20 10:21:00,0.019377171898838697
2018-04-20 10:24:00,0.0907138996986987
2018-04-20 10:27:00,-0.002779119170099875
2018-04-20 10:30:00,-0.03443762291379926
2018-04-20 10:33:00,-0.10464650148372812
2018-04-20 10:36:00,-0.05607164617885019
2018-04-20 10:39:00,-0.10002390678255324
2018-04-20 10:42:00,-0.09985926251493993
2018-04-20 10:45:00,-0.026781811641569675
2018-04-20 10:48:00,-0.07672243903789422
2018-04-20 10:51:00,-0.07870806910489136
2018-04-20 10:54:00,0.014916239287288136
2018-04-20 10:57:00,-0.13675865300683654
2018-04-20 11:00:00,-0.09629751346972171
2018-04-20 11:03:00,-0.09482462196240249
2018-04-20 11:06:00,-0.02484065934964974
2018-04-20 11:09:00,-0.11351566693389259
2018-04-20 11:12:00,-0.05153564317669179
2018-04-20 11:15:00,-0.16851622417624412
2018-04-20 11:18:00,-0.02231004928233915
2018-04-20 11:21:00,-0.00026755806186429254
2018-04-20 11:24:00,-0.014277947431423854
2018-04-20 11:27:00,-0.1577910980227557
2018-04-20 11:30:00,-0.17580437441779395
2018-04-20 11:33:00,-0.06956433500135972
2018-04-20 11:36:00,-0.1886260996125202
2018-04-20 11:39:00,-0.07168404754213498
2018-04-20 11:42:00,-0.18596261450966267
2018-04-20 11:45:00,-0.08289072245651141
2018-04-20 11:48:00,-0.18344805194925584
2018-04-20 11:51:00,-0.14994216387560755
2018-04-20 11:54:00,-0.1676165435465009
2018-04-20 11:57:00,-0.11233771589616026
2018-04-20 12:00:00,-0.1320734065770921
2018-04-20 12:03:00,-0.22062826440043182
2018-04-20 12:06:00,-0.1717617150096089
2018-04-20 12:09:00,-0.04995841951733837
2018-04-20 12:12:00,-0.24436205986967252
2018-04-20 12:15:00,-0.23660285527972746
2018-04-20 12:18:00,-0.2013659050401202
2018-04-20 12:21:00,-0.2522699323537836
2018-04-20 12:24:00,-0.13222274843752757
2018-04-20 12:27:00,-0.09343040394162472
2018-04-20 12:30:00,-0.2513626546501655
2018-04-20 12:33:00,-0.1938786358053335
2018-04-20 12:36:00,-0.3851758355451125
2018-04-20 12:39:00,-0.38090837959128976
2018-04-20 12:42:00,-0.11897301942997274
2018-04-20 12:45:00,-0.3398837797305987
2018-04-20 12:48:00,-0.3157603259073767
2018-04-20 12:51:00,-0.2786929062227159
2018-04-20 12:54:00,-0.2266174813901216
2018-04-20 12:57:00,-0.33966735080304034
2018-04-20 13:00:00,-0.22607712339959107
2018-04-20 13:03:00,-0.2502323911842268
2018-04-20 13:06:00,-0.2052969624646721
2018-04-20 13:09:00,-0.28552341710548035
2018-04-20 13:12:00,-0.2537986563110053
2018-04-20 13:15:00,-0.23645600250694088
2018-04-20 13:18:00,-0.30033834971953866
2018-04-20 13:21:00,-0.15570550814192075
2018-04-20 13:24:00,-0.34973130482541137
2018-04-20 13:27:00,-0.28424310037075884
2018-04-20 13:30:00,-0.34232664045356387
2018-04-20 13:33:00,-0.3080551714633657
2018-04-20 13:36:00,-0.3003663154637479
2018-04-20 13:39:00,-0.42435280371648787
2018-04-20 13:42:00,-0.27208720237439366
2018-04-20 13:45:00,-0.30743986724178285
2018-04-20 13:48:00,-0.3913655665072042
2018-04-20 13:51:00,-0.3043020002156709
2018-04-20 13:54:00,-0.18515898875131143
2018-04-20 13:57:00,-0.3462277014659776
2018-04-20 14:00:00,-0.3825626335836887
2018-04-20 14:03:00,-0.33895125268122683
2018-04-20 14:06:00,-0.19313674918106472
2018-04-20 14:09:00,-0.34674510339044673
2018-04-20 14:12:00,-0.2714280961516806
2018-04-20 14:15:00,-0.3229377553120685
2018-04-20 14:18:00,-0.34113067304093647
2018-04-20 14:21:00,-0.323828102083894
2018-04-20 14:24:00,-0.23179218749362462
2018-04-20 14:27:00,-0.2772150982959829
2018-04-20 14:30:00,-0.32550472711096745
2018-04-20 14:33:00,-0.34133735276373045
2018-04-20 14:36:00,-0.3801402622775072
2018-04-20 14:39:00,-0.18817230626865467
2018-04-20 14:42:00,-0.31064296597611474
2018-04-20 14:45:00,-0.32414684087211754
2018-04-20 14:48:00,-0.23702846188939475
2018-04-20 14:51:00,-0.34685896951560835
2018-04-20 14:54:00,-0.27867666285430914
2018-04-20 14:57:00,-0.3594930269753718
2018-04-20 15:00:00,-0.2793910137388025
2018-04-20 15:03:00,-0.316922746432283
2018-04-20 15:06:00,-0.4044145114569915
2018-04-20 15:09:00,-0.46970217534726544
2018-04-20 15:12:00,-0.331033365528981
2018-04-20 15:15:00,-0.33332674646635496
2018-04-20 15:18:00,-0.3337180370875785
2018-04-20 15:21:00,-0.2248968491414871
2018-04-20 15:24:00,-0.3327720136886114
2018-04-20 15:27:00,-0.17882510755686098
2018-04-20 15:30:00,-0.3409044653908495
2018-04-20 15:33:00,-0.29278535340745293
2018-04-20 15:36:00,-0.32777346845887223
2018-04-20 15:39:00,-0.2117126249534067
2018-04-20 15:42:00,-0.35419986801377945
2018-04-20 15:45:00,-0.22095864776025564
2018-04-20 15:48:00,-0.2510995860750427
2018-04-20 15:51:00,-0.3287087428558948
2018-04-20 15:54:00,-0.2033368182408708
2018-04-20 15:57:00,-0.3166166667467678
2018-04-20 16:00:00,-0.26216813859127797
2018-04-20 16:03:00,-0.19387101736958812
2018-04-20 16:06:00,-0.29918825373772506
2018-04-20 16:09:00,-0.3349178771205743
2018-04-20 16:12:00,-0.34324516667595617
2018-04-20 16:15:00,-0.32308616918084
2018-04-20 16:18:00,-0.34931655651786286
2018-04-20 16:21:00,-0.3732637363169147
2018-04-20 16:24:00,-0.1358636521384824
2018-04-20 16:27:00,-0.27719384343714637
2018-04-20 16:30:00,-0.36044719304049977
2018-04-20 16:33:00,-0.3223874141873466
2018-04-20 16:36:00,-0.28283057229748465
2018-04-20 16:39:00,-0.3502801581162771
2018-04-20 16:42:00,-0.38013977759118234
2018-04-20 16:45:00,-0.2030157381154254
2018-04-20 16:48:00,-0.36401867387041875
2018-04-20 16:51:00,-0.23872966069603763
2018-04-20 16:54:00,-0.16265477889641033
2018-04-20 16:57:00,-0.21153321516823098
2018-04-20 17:00:00,-0.11694201211872723
2018-04-20 17:03:00,-0.24163148223260578
2018-04-20 17:06:00,-0.17842200865948143
2018-04-20 17:09:00,-0.10139415939920582
2018-04-20 17:12:00,-0.13577074117665688
2018-04-20 17:15:00,-0.21430307051065256
2018-04-20 17:18:00,-0.1830393345103971
2018-04-20 17:21:00,-0.12093798241750164
2018-04-20 17:24:00,-0.15771463465148372
2018-04-20 17:27:00,-0.13093055037438717
2018-04-20 17:30:00,-0.15998991716918454
2018-04-20 17:33:00,-0.18590715216538456
2018-04-20 17:36:00,-0.06815381241591467
2018-04-20 17:39:00,-0.13848335471220707
2018-04-20 17:42:00,-0.13201599632537864
2018-04-20 17:45:00,-0.11209757864776293
2018-04-20 17:48:00,-0.14878470145714573
2018-04-20 17:51:00,0.007856477268546769
2018-04-20 17:54:00,-0.14940100295194725
2018-04-20 17:57:00,-0.02358010404793731
2018-04-20 18:00:00,-0.1199629876704762
2018-04-20 18:03:00,-0.016398470648198327
2018-04-20 18:06:00,-0.03758515062816059
2018-04-20 18:09:00,-0.03606238266161199
2018-04-20 18:12:00,-0.05698412506302475
2018-04-20 18:15:00,-0.013560411036621645
2018-04-20 18:18:00,-0.03323915625389873
2018-04-20 18:21:00,0.025085010734244406
2018-04-20 18:24:00,0.08836217549111325
2018-04-20 18:27:00,0.07710910231668322
2018-04-20 18:30:00,0.18340265074004947
2018-04-20 18:33:00,0.013154754191987195
2018-04-20 18:36:00,0.10823282161447878
2018-04-20 18:39:00,0.10014918309224186
2018-04-20 18:42:00,0.10634408575697307
2018-04-20 18:45:00,0.19256446855973763
2018-04-20 18:48:00,0.11145321200592662
2018-04-20 18:51:00,0.22927064659467078
2018-04-20 18:54:00,
2018-04-20 18:57:00,
2018-04-20 19:00:00,
2018-04-20 19:03:00,0.034535384589787554
2018-04-20 19:06:00,-0.02134265958289916
2018-04-20 19:09:00,0.13471271503470916
2018-04-20 19:12:00,0.23734519677606158
2018-04-20 19:15:00,0.23509429822189531
2018-04-20 19:18:00,0.11573913292693305
2018-04-20 19:21:00,0.14609752105269536
2018-04-20 19:24:00,0.11839421541702677
2018-04-20 19:27:00,0.12591280994524823
2018-04-20 19:30:00,0.22327786100322555
2018-04-20 19:33:00,0.07879417389278842
2018-04-20 19:36:00,0.12233320922314306
2018-04-20 19:39:00,0.060235041605835704
2018-04-20 19:42:00,0.1626406849381965
2018-04-20 19:45:00,0.0961040174248069
2018-04-20 19:48:00,0.1574293277602692
2018-04-20 19:51:00,0.1275693215708884
2018-04-20 19:54:00,0.12842356709529668
2018-04-20 19:57:00,0.139917218263804
2018-04-20 20:00:00,0.1736459695072199
2018-04-20 20:03:00,0.1424970438603168
2018-04-20 20:06:00,0.21246814819534166
2018-04-20 20:09:00,0.13100543054463287
2018-04-20 20:12:00,0.16859718087152942
2018-04-20 20:15:00,0.12041837391751642
2018-04-20 20:18:00,0.043766847711992796
2018-04-20 20:21:00,0.1420132254252735
2018-04-20 20:24:00,0.08923742754734576
2018-04-20 20:27:00,0.20666729869066103
2018-04-20 20:30:00,0.23359400536480734
2018-04-20 20:33:00,0.2111632620351429
2018-04-20 20:36:00,0.13984973387277932
2018-04-20 20:39:00,0.16175207238069333
2018-04-20 20:42:00,0.061020502616543126
2018-04-20 20:45:00,0.10506778366072922
2018-04-20 20:48:00,0.310981204531231
2018-04-20 20:51:00,0.17188898674322672
2018-04-20 20:54:00,0.0953905205348633
2018-04-20 20:57:00,0.216239907585134
2018-04-20 21:00:00,0.1897171338544581
2018-04-20 21:03:00,0.18803423161756427
2018-04-20 21:06:00,0.10779017367957522
2018-04-20 21:09:00,0.2413308427471179
2018-04-20 21:12:00,0.31483669371823453
2018-04-20 21:15:00,0.3337983367966899
2018-04-20 21:18:00,0.29171663411631243
2018-04-20 21:21:00,0.20040670589958154
2018-04-20 21:24:00,0.22889466847021822
2018-04-20 21:27:00,0.34808628627860116
2018-04-20 21:30:00,0.3078867462061794
2018-04-20 21:33:00,0.2577471025257978
2018-04-20 21:36:00,0.22113789483933033
2018-04-20 21:39:00,0.23180170096514985
2018-04-20 21:42:00,0.3215256453307802
2018-04-20 21:45:00,0.33457212915465107
2018-04-20 21:48:00,0.33256903522840275
2018-04-20 21:51:00,0.2542387228311327
2018-04-20 21:54:00,0.28462508432340883
2018-04-20 21:57:00,0.3096494053140191
2018-04-20 22:00:00,0.26942149823503314
2018-04-20 22:03:00,0.29072882526998
2018-04-20 22:06:00,0.2575564244044699
2018-04-20 22:09:00,0.29392163905504276
2018-04-20 22:12:00,0.3100526880596135
2018-04-20 22:15:00,0.39878956984222214
2018-04-20 22:18:00,0.30175031717396905
2018-04-20 22:21:00,0.3392505131475332
2018-04-20 22:24:00,0.2754776124860996
2018-04-20 22:27:00,0.30671924354089697
2018-04-20 22:30:00,0.3184103615606091
2018-04-20 22:33:00,0.25458075443697226
2018-04-20 22:36:00,0.24547655656442657
2018-04-20 22:39:00,0.33601284977851265
2018-04-20 22:42:00,0.4269243930730795
2018-04-20 22:45:00,0.2860935698139997
2018-04-20 22:48:00,0.25420268028796045
2018-04-20 22:51:00,0.3278173149107033
2018-04-20 22:54:00,0.3969804235356946
2018-04-20 22:57:00,0.30527419291973956
2018-04-20 23:00:00,0.2931360950922226
2018-04-20 23:03:00,0.31695091632258254
2018-04-20 23:06:00,0.2452554465240837
2018-04-20 23:09:00,0.4502752911769221
2018-04-20 23:12:00,0.3445616740501123
2018-04-20 23:15:00,0.42200149684890675
2018-04-20 23:18:00,0.33819509535663883
2018-04-20 23:21:00,0.346186629214003
2018-04-20 23:24:00,0.3277732274584082
2018-04-20 23:27:00,0.41048949502595633
2018-04-20 23:30:00,0.5163057698504758
2018-04-20 23:33:00,0.338108424240545
2018-04-20 23:36:00,0.3842930110623115
2018-04-20 23:39:00,0.385021045179883
2018-04-20 23:42:00,0.3655676060424753
2018-04-20 23:45:00,0.4484295945429153
2018-04-20 23:48:00,0.34090693234048786
2018-04-20 23:51:00,0.409990626973638
2018-04-20 23:54:00,0.49846176931418995
2018-04-20 23:57:00,0.4929336393217909
2018-04-21 00:00:00,0.4142461186159494
2018-04-21 00:03:00,0.3754552976625405
2018-04-21 00:06:00,0.4180448501163596
2018-04-21 00:09:00,0.39248091854250333
2018-04-21 00:12:00,0.4078757325982565
2018-04-21 00:15:00,0.44539780673130736
2018-04-21 00:18:00,0.318149322414115
2018-04-21 00:21:00,0.43810119668751213
2018-04-21 00:24:00,0.3032780519018843
2018-04-21 00:27:00,0.4265307823411604
2018-04-21 00:30:00,0.5264836522871406
2018-04-21 00:33:00,0.45226394516390656
2018-04-21 00:36:00,0.4157585065947842
2018-04-21 00:39:00,0.41202192217065203
2018-04-21 00:42:00,0.4404054522299248
2018-04-21 00:45:00,0.40657617315923744
2018-04-21 00:48:00,0.3982953907951128
2018-04-21 00:51:00,0.38882420177367294
2018-04-21 00:54:00,0.42058655654886934
2018-04-21 00:57:00,0.4274306119348239
2018-04-21 01:00:00,0.4747553805783582
2018-04-21 01:03:00,0.3661537624614084
2018-04-21 01:06:00,0.5023463000989068
2018-04-21 01:09:00,0.4423158396709823
2018-04-21 01:12:00,0.43216891324482276
2018-04-21 01:15:00,0.38626138659572007
2018-04-21 01:18:00,0.4968786841678252
2018-04-21 01:21:00,0.547288125456987
2018-04-21 01:24:00,0.49708048899873347
2018-04-21 01:27:00,0.3752935425830515
2018-04-21 01:30:00,0.41073135884971634
2018-04-21 01:33:00,0.4623931699028958
2018-04-21 01:36:00,0.5379914215792496
2018-04-21 01:39:00,0.5877572434994818
2018-04-21 01:42:00,0.5313732239775959
2018-04-21 01:45:00,0.3900496185263478
2018-04-21 01:48:00,0.5021370817238449
2018-04-21 01:51:00,0.549917235640919
2018-04-21 01:54:00,0.5128988076101564
2018-04-21 01:57:00,0.4843736645546528
2018-04-21 02:00:00,0.4618571961566431
2018-04-21 02:03:00,0.43955328836608487
2018-04-21 02:06:00,0.5337185203752597
2018-04-21 02:09:00,0.4960782912831405
2018-04-21 02:12:00,0.550617282296912
2018-04-21 02:15:00,0.5725354985802937
2018-04-21 02:18:00,0.4882239270487503
2018-04-21 02:21:00,0.5572941686215245
2018-04-21 02:24:00,0.49955095580736497
2018-04-21 02:27:00,0.49801290415126687
2018-04-21 02:30:00,0.5306774400768859
2018-04-21 02:33:00,0.5497389166075664
2018-04-21 02:36:00,0.41305855408256775
2018-04-21 02:39:00,0.5022070855838479
2018-04-21 02:42:00,0.5648665762098517
2018-04-21 02:45:00,0.5650721400916723
2018-04-21 02:48:00,0.5418058435002422
2018-04-21 02:51:00,0.47362354717677135
2018-04-21 02:54:00,0.5136480928856031
2018-04-21 02:57:00,0.5633420977706578
2018-04-21 03:00:00,0.4862447506105809
2018-04-21 03:03:00,0.5291592748311018
2018-04-21 03:06:00,0.5036246014931862
2018-04-21 03:09:00,0.5223183409000853
2018-04-21 03:12:00,0.5781118816526032
2018-04-21 03:15:00,0.6256996763032703
2018-04-21 03:18:00,0.5062277555934998
2018-04-21 03:21:00,0.5415626625650134
2018-04-21 03:24:00,0.4974467485402556
2018-04-21 03:27:00,0.5764740314954224
2018-04-21 03:30:00,0.47933848003242474
2018-04-21 03:33:00,0.458558772876529
2018-04-21 03:36:00,0.49990422000831813
2018-04-21 03:39:00,0.5705701208436267
2018-04-21 03:42:00,0.5345611936269279
2018-04-21 03:45:00,0.5225088615093227
2018-04-21 03:48:00,0.5385228300896756
2018-04-21 03:51:00,0.5725488513423898
2018-04-21 03:54:00,0.5867019073152164
2018-04-21 03:57:00,0.5056829009054695
2018-04-21 04:00:00,0.6119388627884632
2018-04-21 04:03:00,0.46568359407842763
2018-04-21 04:06:00,0.6267091836897976
2018-04-21 04:09:00,0.5367656235258664
2018-04-21 04:12:00,0.5177923991375906
2018-04-21 04:15:00,0.5854665944265776
2018-04-21 04:18:00,0.6091511578969744
2018-04-21 04:21:00,0.5668230936598206
2018-04-21 04:24:00,0.4989250967682892
2018-04-21 04:27:00,0.49540104262052864
2018-04-21 04:30:00,0.6322136906399578
2018-04-21 04:33:00,0.6473665310487036
2018-04-21 04:36:00,0.5186776512872484
2018-04-21 04:39:00,0.5669370156012974
2018-04-21 04:42:00,0.5879690389203347
2018-04-21 04:45:00,0.5428326752888211
2018-04-21 04:48:00,0.4806202992717772
2018-04-21 04:51:00,0.5064951024477296
2018-04-21 04:54:00,0.5677268388871539
2018-04-21 04:57:00,0.5631307038100886
2018-04-21 05:00:00,0.5766375827190586
2018-04-21 05:03:00,0.6349135142232853
2018-04-21 05:06:00,0.6628581490352872
2018-04-21 05:09:00,0.5865215050498023
2018-04-21 05:12:00,0.5963625044188348
2018-04-21 05:15:00,0.588997859840731
2018-04-21 05:18:00,0.5909706771301444
2018-04-21 05:21:00,0.5014888672080815
2018-04-21 05:24:00,0.577305155631052
2018-04-21 05:27:00,0.5803891492723778
2018-04-21 05:30:00,0.580062473277394
2018-04-21 05:33:00,0.6520722606317122
2018-04-21 05:36:00,0.7002475502592915
2018-04-21 05:39:00,0.6078463963311833
2018-04-21 05:42:00,0.6144202249412842
2018-04-21 05:45:00,0.5562591955269909
2018-04-21 05:48:00,0.6241092231309153
2018-04-21 05:51:00,0.7325610162494058
2018-04-21 05:54:00,0.7931616704560724
2018-04-21 05:57:00,0.7261593100329264
2018-04-21 06:00:00,0.6319385406562787
2018-04-21 06:03:00,0.6247971591153032
2018-04-21 06:06:00,0.5802744175314842
2018-04-21 06:09:00,0.5392778732731927
2018-04-21 06:12:00,0.6375069504591693
2018-04-21 06:15:00,0.6822018044643983
2018-04-21 06:18:00,0.6140601998719148
2018-04-21 06:21:00,0.6851532098569351
2018-04-21 06:24:00,0.7467364697896528
2018-04-21 06:27:00,0.6767716781751005
2018-04-21 06:30:00,0.6841772927051579
2018-04-21 06:33:00,0.5974101569937034
2018-04-21 06:36:00,0.616343477744806
2018-04-21 06:39:00,0.6871866199381884
2018-04-21 06:42:00,0.6613641682542948
2018-04-21 06:45:00,0.6671593508209526
2018-04-21 06:48:00,0.7427733639010512
2018-04-21 06:51:00,0.6288780027512644
2018-04-21 06:54:00,0.6285884469790517
2018-04-21 06:57:00,0.6474808592966497
2018-04-21 07:00:00,0.5623583246689918
2018-04-21 07:03:00,0.5879536057490782
2018-04-21 07:06:00,0.6784943653760251
2018-04-21 07:09:00,0.6224648410686768
2018-04-21 07:12:00,0.6077875997570459
2018-04-21 07:15:00,0.6966089238075597
2018-04-21 07:18:00,0.5773782285316429
2018-04-21 07:21:00,0.6567691004898961
2018-04-21 07:24:00,0.5744308293866993
2018-04-21 07:27:00,0.6578653608410718
2018-04-21 07:30:00,0.6072784882995848
2018-04-21 07:33:00,0.5376593148390043
2018-04-21 07:36:00,0.7192612698618746
2018-04-21 07:39:00,0.5934580551554518
2018-04-21 07:42:00,0.5442718712253622
2018-04-21 07:45:00,0.6253438500044695
2018-04-21 07:48:00,0.49459960325378916
2018-04-21 07:51:00,0.5752904729984607
2018-04-21 07:54:00,0.571220800210881
2018-04-21 07:57:00,0.45989112222287076
2018-04-21 08:00:00,0.526661377020389
2018-04-21 08:03:00,0.5407816120475104
2018-04-21 08:06:00,0.6048524261432817
2018-04-21 08:09:00,0.46599099689234436
2018-04-21 08:12:00,0.4965740211578691
2018-04-21 08:15:00,0.5345143556968992
2018-04-21 08:18:00,0.5393153580165517
2018-04-21 08:21:00,0.3891666198970256
2018-04-21 08:24:00,0.499559593347783
2018-04-21 08:27:00,0.5081049138879621
2018-04-21 08:30:00,0.4216445603511829
2018-04-21 08:33:00,0.4541850518996853
2018-04-21 08:36:00,0.42597283804229846
2018-04-21 08:39:00,0.4212151342194943
2018-04-21 08:42:00,0.42604861262202576
2018-04-21 08:45:00,0.27561586067434973
2018-04-21 08:48:00,0.3200235521715058
2018-04-21 08:51:00,0.28385463066609873
2018-04-21 08:54:00,0.34636074451935883
2018-04-21 08:57:00,0.3364860900800295
2018-04-21 09:00:00,0.2953682146621759
2018-04-21 09:03:00,0.2847254025439838
2018-04-21 09:06:00,0.2505128852320695
2018-04-21 09:09:00,0.3091051374235576
2018-04-21 09:12:00,0.17051715740626605
2018-04-21 09:15:00,0.28183227065420624
2018-04-21 09:18:00,0.12658562039757726
2018-04-21 09:21:00,0.17149719084761728
2018-04-21 09:24:00,0.2573678667849322
2018-04-21 09:27:00,0.08990303071072958
2018-04-21 09:30:00,0.0835870567258894
2018-04-21 09:33:00,0.19362891552503925
2018-04-21 09:36:00,0.1116722475151164
2018-04-21 09:39:00,0.197869303702646
2018-04-21 09:42:00,0.07730667088503651
2018-04-21 09:45:00,0.088275501457872
2018-04-21 09:48:00,0.020718474128159414
2018-04-21 09:51:00,-0.03600300127806122
2018-04-21 09:54:00,0.029616597083418128
2018-04-21 09:57:00,-0.05998190070147302
2018-04-21 10:00:00,-0.051473297267307316
2018-04-21 10:03:00,-0.0856636111835769
2018-04-21 10:06:00,-0.11652159823995589
2018-04-21 10:09:00,-0.04630206653428104
2018-04-21 10:12:00,-0.1020436410526031
2018-04-21 10:15:00,-0.2182969039058662
2018-04-21 10:18:00,-0.2543232000784883
2018-04-21 10:21:00,-0.12397981319440987
2018-04-21 10:24:00,-0.20694969935902918
2018-04-21 10:27:00,-0.19876361375287388
2018-04-21 10:30:00,-0.25750387206119285
2018-04-21 10:33:00,-0.09522233010125092
2018-04-21 10:36:00,-0.12578967805995944
2018-04-21 10:39:00,-0.23274079594398245
2018-04-21 10:42:00,-0.17930985922953369
2018-04-21 10:45:00,-0.18347348757072268
2018-04-21 10:48:00,-0.11753279639242464
2018-04-21 10:51:00,-0.21184972432786253
2018-04-21 10:54:00,-0.11428430137783607
2018-04-21 10:57:00,-0.15726877350749646
2018-04-21 11:00:00,-0.22252026012574788
2018-04-21 11:03:00,-0.32567632907381494
2018-04-21 11:06:00,-0.07230104894426859
2018-04-21 11:09:00,-0.3049331010067817
2018-04-21 11:12:00,-0.3296660283584174
2018-04-21 11:15:00,-0.32815559438688524
2018-04-21 11:18:00,-0.16841941379806258
2018-04-21 11:21:00,-0.19393986156137544
2018-04-21 11:24:00,-0.256601996935899
2018-04-21 11:27:00,-0.3213527914678025
2018-04-21 11:30:00,-0.24258574905616115
2018-04-21 11:33:00,-0.17536981687709385
2018-04-21 11:36:00,-0.25964831575225844
2018-04-21 11:39:00,-0.266156552428356
2018-04-21 11:42:00,-0.32509215177122996
2018-04-21 11:45:00,-0.30449483409364575
2018-04-21 11:48:00,-0.21887866582079596
2018-04-21 11:51:00,-0.1656549835711303
2018-04-21 11:54:00,-0.2447505763919935
2018-04-21 11:57:00,-0.2015284418760075
2018-04-21 12:00:00,-0.12489888805436067
2018-04-21 12:03:00,-0.34431549062281874
2018-04-21 12:06:00,-0.2693725140503034
2018-04-21 12:09:00,-0.23127390706554252
2018-04-21 12:12:00,-0.2761600547777334
2018-04-21 12:15:00,-0.3478291530348656
2018-04-21 12:18:00,-0.33403974852654983
2018-04-21 12:21:00,-0.16047632436914228
2018-04-21 12:24:00,-0.14720253907574943
2018-04-21 12:27:00,-0.32081092824734014
2018-04-21 12:30:00,-0.21289807058241195
2018-04-21 12:33:00,-0.40008499439090883
2018-04-21 12:36:00,-0.34971218538964877
2018-04-21 12:39:00,-0.30128759393107885
2018-04-21 12:42:00,-0.24724970903361054
2018-04-21 12:45:00,-0.22782991879432757
2018-04-21 12:48:00,-0.5674537134169668
2018-04-21 12:51:00,-0.40225929862305065
2018-04-21 12:54:00,-0.4057810590570057
2018-04-21 12:57:00,-0.3661096737965295
2018-04-21 13:00:00,-0.3813498037698082
2018-04-21 13:03:00,-0.4866019827313153
2018-04-21 13:06:00,-0.3950480992689904
2018-04-21 13:09:00,-0.40353072974642146
2018-04-21 13:12:00,-0.46769559327373145
2018-04-21 13:15:00,-0.3087953880302621
2018-04-21 13:18:00,-0.3856630863492114
2018-04-21 13:21:00,-0.3672175072712207
2018-04-21 13:24:00,-0.4063523089884029
2018-04-21 13:27:00,-0.2968431436545984
2018-04-21 13:30:00,-0.3358797556673494
2018-04-21 13:33:00,-0.39089353331451093
2018-04-21 13:36:00,-0.4549659445787029
2018-04-21 13:39:00,-0.3494434501483852
2018-04-21 13:42:00,-0.3243197813708889
2018-04-21 13:45:00,-0.43428863771799797
2018-04-21 13:48:00,-0.2166805556000213
2018-04-21 13:51:00,-0.2013371721585031
2018-04-21 13:54:00,-0.25577628521182305
2018-04-21 13:57:00,-0.31419922293827085
2018-04-21 14:00:00,-0.3228863116789853
2018-04-21 14:03:00,-0.21923013040327533
2018-04-21 14:06:00,-0.25500942973951624
2018-04-21 14:09:00,-0.08515546033794408
2018-04-21 14:12:00,-0.09773662735784683
2018-04-21 14:15:00,-0.05399340187346979
2018-04-21 14:18:00,-0.0976123446797601
2018-04-21 14:21:00,-0.24155240487596075
2018-04-21 14:24:00,-0.21934710524709544
2018-04-21 14:27:00,-0.24036514103306672
2018-04-21 14:30:00,-0.37701571914305987
2018-04-21 14:33:00,-0.3985542494047536
2018-04-21 14:36:00,-0.40695341896844184
2018-04-21 14:39:00,-0.33807397045450216
2018-04-21 14:42:00,-0.4344646267988992
2018-04-21 14:45:00,-0.4523178349804198
2018-04-21 14:48:00,-0.4361715068587273
2018-04-21 14:51:00,-0.4553702498504322
2018-04-21 14:54:00,-0.45894709887511453
2018-04-21 14:57:00,-0.4383059970438694
2018-04-21 15:00:00,-0.33511590619559684
2018-04-21 15:03:00,-0.3689748630998224
2018-04-21 15:06:00,-0.41682341182911387
2018-04-21 15:09:00,-0.4840441412429186
2018-04-21 15:12:00,-0.4165739825368746
2018-04-21 15:15:00,-0.33664302432481463
2018-04-21 15:18:00,-0.45186213020747346
2018-04-21 15:21:00,-0.46035511344121005
2018-04-21 15:24:00,-0.4283352733567085
2018-04-21 15:27:00,-0.5400511939895409
2018-04-21 15:30:00,-0.2832400791431837
2018-04-21 15:33:00,-0.36339505141467043
2018-04-21 15:36:00,-0.38682255228263784
2018-04-21 15:39:00,-0.4546672520054358
2018-04-21 15:42:00,-0.35342459415380745
2018-04-21 15:45:00,-0.4269300777920648
2018-04-21 15:48:00,-0.548978496868699
2018-04-21 15:51:00,-0.482588912180006
2018-04-21 15:54:00,-0.32372715315875666
2018-04-21 15:57:00,-0.4094635867781449
2018-04-21 16:00:00,-0.4312021623035207
2018-04-21 16:03:00,-0.4331744074896733
2018-04-21 16:06:00,-0.36290398003217206
2018-04-21 16:09:00,-0.3793189817232019
2018-04-21 16:12:00,-0.2977105927283219
2018-04-21 16:15:00,-0.3198526151214196
2018-04-21 16:18:00,-0.45228283951865933
2018-04-21 16:21:00,-0.4776569818766916
2018-04-21 16:24:00,-0.38182946441446575
2018-04-21 16:27:00,-0.2812070583464674
2018-04-21 16:30:00,-0.32945316871007435
2018-04-21 16:33:00,-0.3740056080679892
2018-04-21 16:36:00,-0.32002072770416135
2018-04-21 16:39:00,-0.262655106402633
2018-04-21 16:42:00,-0.33954394225492024
2018-04-21 16:45:00,-0.4173903135517776
2018-04-21 16:48:00,-0.4035851569179272
2018-04-21 16:51:00,-0.41152832865333266
2018-04-21 16:54:00,-0.34316741244168725
2018-04-21 16:57:00,-0.4515042848648818
2018-04-21 17:00:00,-0.4660370358998307
2018-04-21 17:03:00,-0.48336081235356687
2018-04-21 17:06:00,-0.4215513732889349
2018-04-21 17:09:00,-0.37788381832132245
2018-04-21 17:12:00,-0.4125679122453221
2018-04-21 17:15:00,-0.3585204866910203
2018-04-21 17:18:00,-0.328178260932134
2018-04-21 17:21:00,-0.29086166233418
2018-04-21 17:24:00,-0.26483217992586106
2018-04-21 17:27:00,-0.27023144610529926
2018-04-21 17:30:00,-0.10111055009321035
2018-04-21 17:33:00,-0.15163876009205524
2018-04-21 17:36:00,-0.1166739328768358
2018-04-21 17:39:00,-0.10256968131545818
2018-04-21 17:42:00,-0.05916392308932927
2018-04-21 17:45:00,-0.14507460065772193
2018-04-21 17:48:00,-0.20332642800411804
2018-04-21 17:51:00,-0.1455429436496729
2018-04-21 17:54:00,-0.08463229232694403
2018-04-21 17:57:00,-0.04467074274748484
2018-04-21 18:00:00,-0.10995988281416658
2018-04-21 18:03:00,-0.17457445212772882
2018-04-21 18:06:00,-0.09328683295922247
2018-04-21 18:09:00,-0.13945866234718096
2018-04-21 18:12:00,-0.14209734482949443
2018-04-21 18:15:00,-0.16869111062715092
2018-04-21 18:18:00,-0.15890533971605691
2018-04-21 18:21:00,-0.07191228637861968
2018-04-21 18:24:00,-0.1233596889703108
2018-04-21 18:27:00,-0.017956988708363042
2018-04-21 18:30:00,-0.04606590803001609
2018-04-21 18:33:00,-0.054891032316788824
2018-04-21 18:36:00,0.02400555904449675
2018-04-21 18:39:00,0.0153848929487026
2018-04-21 18:42:00,0.027593783416534734
2018-04-21 18:45:00,0.038932616463682734
2018-04-21 18:48:00,-0.007707808908435254
2018-04-21 18:51:00,-0.016851012212953265
2018-04-21 18:54:00,
2018-04-21 18:57:00,
2018-04-21 19:00:00,
2018-04-21 19:03:00,-0.006351337709247673
2018-04-21 19:06:00,-0.015045393041646093
2018-04-21 19:09:00,-0.034851935769893316
2018-04-21 19:12:00,0.0012989772777132202
2018-04-21 19:15:00,0.06612370361636977
2018-04-21 19:18:00,-0.061988394549075565
2018-04-21 19:21:00,0.03996093282557922
2018-04-21 19:24:00,0.08417906182557999
2018-04-21 19:27:00,0.17350940336592657
2018-04-21 19:30:00,0.03304468098502866
2018-04-21 19:33:00,0.06595878297963509
2018-04-21 19:36:00,0.05940138403605033
2018-04-21 19:39:00,0.08496530388487145
2018-04-21 19:42:00,0.005223265522317888
2018-04-21 19:45:00,-0.026374402068029212
2018-04-21 19:48:00,0.08102977164099912
2018-04-21 19:51:00,0.04830978190670976
2018-04-21 19:54:00,0.08484713619264994
2018-04-21 19:57:00,0.040290006362738495
2018-04-21 20:00:00,0.04435930351741035
2018-04-21 20:03:00,-0.05173865723952531
2018-04-21 20:06:00,-0.027060024222862467
2018-04-21 20:09:00,0.087526243953846
2018-04-21 20:12:00,0.023376598665549864
2018-04-21 20:15:00,0.07708133789975591
2018-04-21 20:18:00,0.14162216397244265
2018-04-21 20:21:00,0.08951414014143211
2018-04-21 20:24:00,0.0693920178136409
2018-04-21 20:27:00,0.0057306835395252165
2018-04-21 20:30:00,0.0514359679041263
2018-04-21 20:33:00,0.09272165326569848
2018-04-21 20:36:00,0.11743529617967852
2018-04-21 20:39:00,0.19182186246086985
2018-04-21 20:42:00,0.2992002977288166
2018-04-21 20:45:00,0.17423599163623749
2018-04-21 20:48:00,0.06906464345405539
2018-04-21 20:51:00,-0.03074158837171126
2018-04-21 20:54:00,0.2512059272847864
2018-04-21 20:57:00,0.19794095272118284
2018-04-21 21:00:00,0.13688526452057204
2018-04-21 21:03:00,0.1598239473612466
2018-04-21 21:06:00,0.21606477574857763
2018-04-21 21:09:00,0.18772617880517828
2018-04-21 21:12:00,0.07773465940465485
2018-04-21 21:15:00,0.19445891582228114
2018-04-21 21:18:00,0.18759035614073127
2018-04-21 21:21:00,0.11469630243158235
2018-04-21 21:24:00,0.16427792964702803
2018-04-21 21:27:00,0.293378511743299
2018-04-21 21:30:00,0.1340498744518186
2018-04-21 21:33:00,0.08856745686517797
2018-04-21 21:36:00,0.181406368348064
2018-04-21 21:39:00,0.14078747644146006
2018-04-21 21:42:00,0.2671295455182303
2018-04-21 21:45:00,0.1641289861636892
2018-04-21 21:48:00,0.16047537361191644
2018-04-21 21:51:00,0.1943011958856573
2018-04-21 21:54:00,0.12205835205969606
2018-04-21 21:57:00,0.12739710778578228
2018-04-21 22:00:00,0.12649789132603928
2018-04-21 22:03:00,0.1699715606670793
2018-04-21 22:06:00,0.22028814163348898
2018-04-21 22:09:00,0.2339847304163527
2018-04-21 22:12:00,0.19552704002416021
2018-04-21 22:15:00,0.21296317086245153
2018-04-21 22:18:00,0.3198676858613112
2018-04-21 22:21:00,0.19859804801768632
2018-04-21 22:24:00,0.1932757189471772
2018-04-21 22:27:00,0.2143562487416375
2018-04-21 22:30:00,0.24626145677530076
2018-04-21 22:33:00,0.11486398765003969
2018-04-21 22:36:00,0.22336570018870816
2018-04-21 22:39:00,0.19224014349254048
2018-04-21 22:42:00,0.3438510916373616
2018-04-21 22:45:00,0.21794570405586455
2018-04-21 22:48:00,0.2802671589831789
2018-04-21 22:51:00,0.282686569704083
2018-04-21 22:54:00,0.2281117583059995
2018-04-21 22:57:00,0.08623281066763866
2018-04-21 23:00:00,0.12182060419695517
2018-04-21 23:03:00,0.23175010144188946
2018-04-21 23:06:00,0.22998155574606471
2018-04-21 23:09:00,0.21949266534704748
2018-04-21 23:12:00,0.1863535806546679
2018-04-21 23:15:00,0.17054893293158102
2018-04-21 23:18:00,0.17455169420850325
2018-04-21 23:21:00,0.20824685834941192
2018-04-21 23:24:00,0.23020689971690445
2018-04-21 23:27:00,0.18263233248694632
2018-04-21 23:30:00,0.23777346813466238
2018-04-21 23:33:00,0.24230951833169456
2018-04-21 23:36:00,0.27220683951196634
2018-04-21 23:39:00,0.07878167163113403
2018-04-21 23:42:00,0.22964732203428184
2018-04-21 23:45:00,0.2146255476199599
2018-04-21 23:48:00,0.17936265355882597
2018-04-21 23:51:00,0.22753146563627524
2018-04-21 23:54:00,0.25347157834102063
2018-04-21 23:57:00,0.09271357818209935
2018-04-22 00:00:00,0.2090005527521157
2018-04-22 00:03:00,0.24630843239475553
2018-04-22 00:06:00,0.2358282201229258
2018-04-22 00:09:00,0.191097142842807
2018-04-22 00:12:00,0.18450481315352363
2018-04-22 00:15:00,0.19456486000677842
2018-04-22 00:18:00,0.25056148674099177
2018-04-22 00:21:00,0.2546221577217125
2018-04-22 00:24:00,0.26837213715879216
2018-04-22 00:27:00,0.39149224193067766
2018-04-22 00:30:00,0.2721919542665887
2018-04-22 00:33:00,0.2942286528485738
2018-04-22 00:36:00,0.42769832219420323
2018-04-22 00:39:00,0.28123368126523474
2018-04-22 00:42:00,0.3557348234812707
2018-04-22 00:45:00,0.22159661944732534
2018-04-22 00:48:00,0.3647257577218852
2018-04-22 00:51:00,0.3130380579206644
2018-04-22 00:54:00,0.4075325985895688
2018-04-22 00:57:00,0.3130635803699988
2018-04-22 01:00:00,0.27824526182138243
2018-04-22 01:03:00,0.2825099906290234
2018-04-22 01:06:00,0.3358115484673476
2018-04-22 01:09:00,0.33134400245950246
2018-04-22 01:12:00,0.20806860368952584
2018-04-22 01:15:00,0.18983744623528764
2018-04-22 01:18:00,0.2311123390960006
2018-04-22 01:21:00,0.3229512639627501
2018-04-22 01:24:00,0.1582943774453156
2018-04-22 01:27:00,0.3159187668604204
2018-04-22 01:30:00,0.18862007633345002
2018-04-22 01:33:00,0.28838267395826733
2018-04-22 01:36:00,0.34470218995596724
2018-04-22 01:39:00,0.3050779526416818
2018-04-22 01:42:00,0.3859194897054863
2018-04-22 01:45:00,0.2150051746954773
2018-04-22 01:48:00,0.2665355726583698
2018-04-22 01:51:00,0.24528157289751107
2018-04-22 01:54:00,0.3021556836737318
2018-04-22 01:57:00,0.28149970446963835
2018-04-22 02:00:00,0.16345426994706713
2018-04-22 02:03:00,0.24190330425369666
2018-04-22 02:06:00,0.30075329966626896
2018-04-22 02:09:00,0.3336034917622328
2018-04-22 02:12:00,0.329032998673938
2018-04-22 02:15:00,0.24843513811362072
2018-04-22 02:18:00,0.27447800048565796
2018-04-22 02:21:00,0.23803632657825347
2018-04-22 02:24:00,0.30448737730557696
2018-04-22 02:27:00,0.3120978997454813
2018-04-22 02:30:00,0.31403098279349706
2018-04-22 02:33:00,0.3510747268941259
2018-04-22 02:36:00,0.37470522397484274
2018-04-22 02:39:00,0.41579794336928444
2018-04-22 02:42:00,0.2705977033372733
2018-04-22 02:45:00,0.3461864527744183
2018-04-22 02:48:00,0.2955061583242582
2018-04-22 02:51:00,0.3452909437054359
2018-04-22 02:54:00,0.37982435409310256
2018-04-22 02:57:00,0.3580728012204304
2018-04-22 03:00:00,0.2432602354225537
2018-04-22 03:03:00,0.2015532843979031
2018-04-22 03:06:00,0.2725977758265685
2018-04-22 03:09:00,0.26497168315188446
2018-04-22 03:12:00,0.44034082783207396
2018-04-22 03:15:00,0.339251951513063
2018-04-22 03:18:00,0.25112041762406534
2018-04-22 03:21:00,0.22635949926257126
2018-04-22 03:24:00,0.35756653216702716
2018-04-22 03:27:00,0.33589309922246
2018-04-22 03:30:00,0.35238714046352015
2018-04-22 03:33:00,0.2573259810634454
2018-04-22 03:36:00,0.33858639809210445
2018-04-22 03:39:00,0.2693161834154125
2018-04-22 03:42:00,0.33544084521685136
2018-04-22 03:45:00,0.3449905819032324
2018-04-22 03:48:00,0.3035833518511595
2018-04-22 03:51:00,0.2890047624214276
2018-04-22 03:54:00,0.26745657680976365
2018-04-22 03:57:00,0.25413593427873593
2018-04-22 04:00:00,0.33322069930557063
2018-04-22 04:03:00,0.19833018424020565
2018-04-22 04:06:00,0.3760410283161377
2018-04-22 04:09:00,0.2940321020209353
2018-04-22 04:12:00,0.26833565456695396
2018-04-22 04:15:00,0.3751073950800219
2018-04-22 04:18:00,0.2586951779469473
2018-04-22 04:21:00,0.3276224029471564
2018-04-22 04:24:00,0.22863709715358027
2018-04-22 04:27:00,0.3633933948527215
2018-04-22 04:30:00,0.3980835752810208
2018-04-22 04:33:00,0.39061258052970516
2018-04-22 04:36:00,0.363894345711401
2018-04-22 04:39:00,0.28967833227062556
2018-04-22 04:42:00,0.4004441485098482
2018-04-22 04:45:00,0.38610910543127375
2018-04-22 04:48:00,0.31761391725490284
2018-04-22 04:51:00,0.33375010706396324
2018-04-22 04:54:00,0.40518020971779833
2018-04-22 04:57:00,0.3955250000672095
2018-04-22 05:00:00,0.363033784876734
2018-04-22 05:03:00,0.47048430738414027
2018-04-22 05:06:00,0.3192525238502526
2018-04-22 05:09:00,0.37130383016341284
2018-04-22 05:12:00,0.40267359477110176
2018-04-22 05:15:00,0.3796071944323103
2018-04-22 05:18:00,0.4603406772929475
2018-04-22 05:21:00,0.4428721746591009
2018-04-22 05:24:00,0.3919658430521622
2018-04-22 05:27:00,0.337561487727271
2018-04-22 05:30:00,0.4390517949444188
2018-04-22 05:33:00,0.37717897294982095
2018-04-22 05:36:00,0.46377787316691865
2018-04-22 05:39:00,0.3851895408431574
2018-04-22 05:42:00,0.34631579075397667
2018-04-22 05:45:00,0.44802265714383793
2018-04-22 05:48:00,0.41424263529984273
2018-04-22 05:51:00,0.47621157352716637
2018-04-22 05:54:00,0.3730518855555829
2018-04-22 05:57:00,0.39016711467303367
2018-04-22 06:00:00,0.44164576134238587
2018-04-22 06:03:00,0.44091993861252377
2018-04-22 06:06:00,0.48141878643707514
2018-04-22 06:09:00,0.36785531966324925
2018-04-22 06:12:00,0.42404991351850185
2018-04-22 06:15:00,0.4248319192235499
2018-04-22 06:18:00,0.41922488886865494
2018-04-22 06:21:00,0.33502111202335527
2018-04-22 06:24:00,0.3806682697861561
2018-04-22 06:27:00,0.409414727405192
2018-04-22 06:30:00,0.37756579179347227
2018-04-22 06:33:00,0.5119041229734194
2018-04-22 06:36:00,0.3813794051949344
2018-04-22 06:39:00,0.3826313114497566
2018-04-22 06:42:00,0.32971737807258705
2018-04-22 06:45:00,0.3817797792330566
2018-04-22 06:48:00,0.39393177934556434
2018-04-22 06:51:00,0.36851659099676226
2018-04-22 06:54:00,0.4851290851382828
2018-04-22 06:57:00,0.3676134415230763
2018-04-22 07:00:00,0.41337499310776593
2018-04-22 07:03:00,0.428156130732134
2018-04-22 07:06:00,0.42378493513598414
2018-04-22 07:09:00,0.37457625228950064
2018-04-22 07:12:00,0.43687936006142536
2018-04-22 07:15:00,0.4855116988000532
2018-04-22 07:18:00,0.45910815935735627
2018-04-22 07:21:00,0.45994273142218844
2018-04-22 07:24:00,0.3564403159482481
2018-04-22 07:27:00,0.4323771804474177
2018-04-22 07:30:00,0.3790382970024666
2018-04-22 07:33:00,0.45153666557808947
2018-04-22 07:36:00,0.4706667209985085
2018-04-22 07:39:00,0.473565389050691
2018-04-22 07:42:00,0.4401879774917461
2018-04-22 07:45:00,0.32843101998622615
2018-04-22 07:48:00,0.4931314140697509
2018-04-22 07:51:00,0.4184235295985559
2018-04-22 07:54:00,0.35648617992580967
2018-04-22 07:57:00,0.38928150232135295
2018-04-22 08:00:00,0.3537867599066544
2018-04-22 08:03:00,0.3866855309536845
2018-04-22 08:06:00,0.504241019770916
2018-04-22 08:09:00,0.45682456926743953
2018-04-22 08:12:00,0.3364230411479525
2018-04-22 08:15:00,0.3548936139929424
2018-04-22 08:18:00,0.3175765462336244
2018-04-22 08:21:00,0.3290448554766954
2018-04-22 08:24:00,0.35605788061536714
2018-04-22 08:27:00,0.34413313006541557
2018-04-22 08:30:00,0.35865308465002954
2018-04-22 08:33:00,0.37578557241971566
2018-04-22 08:36:00,0.355536952700902
2018-04-22 08:39:00,0.3503702131238242
2018-04-22 08:42:00,0.3231268232201501
2018-04-22 08:45:00,0.39081557153758695
2018-04-22 08:48:00,0.28013637494285604
2018-04-22 08:51:00,0.24774202536235634
2018-04-22 08:54:00,0.26632666993236853
2018-04-22 08:57:00,0.04282483276415405
2018-04-22 09:00:00,0.2623615123878267
2018-04-22 09:03:00,0.2941498955777888
2018-04-22 09:06:00,0.21038044298819614
2018-04-22 09:09:00,0.2585599841713133
2018-04-22 09:12:00,0.1706927882061109
2018-04-22 09:15:00,0.09403876124815724
2018-04-22 09:18:00,0.24782374189982193
2018-04-22 09:21:00,0.20629725423071932
2018-04-22 09:24:00,0.27115125543895147
2018-04-22 09:27:00,0.23481865638689214
2018-04-22 09:30:00,0.21748541819169986
2018-04-22 09:33:00,0.2918212484902938
2018-04-22 09:36:00,0.22219685590175686
2018-04-22 09:39:00,0.2473809155621325
2018-04-22 09:42:00,0.2765456480844364
2018-04-22 09:45:00,0.2867340485654495
2018-04-22 09:48:00,0.2487412491867076
2018-04-22 09:51:00,0.14916084914398198
2018-04-22 09:54:00,0.23864847901376152
2018-04-22 09:57:00,0.29022593589650114
2018-04-22 10:00:00,0.22207964946898073
2018-04-22 10:03:00,0.1519278672065525
2018-04-22 10:06:00,0.12930692450152037
2018-04-22 10:09:00,0.15939024707341787
2018-04-22 10:12:00,0.22229166140152756
2018-04-22 10:15:00,0.1923379485014607
2018-04-22 10:18:00,0.1790989667876488
2018-04-22 10:21:00,0.0710062448255826
2018-04-22 10:24:00,0.0477141918170787
2018-04-22 10:27:00,0.07644913151108312
2018-04-22 10:30:00,0.016150109147019975
2018-04-22 10:33:00,0.11433368615047357
2018-04-22 10:36:00,0.0652969162977115
2018-04-22 10:39:00,0.08254161235163338
2018-04-22 10:42:00,0.0657224369745677
2018-04-22 10:45:00,0.13448787944906826
2018-04-22 10:48:00,0.12639788121623496
2018-04-22 10:51:00,0.10414845843200737
2018-04-22 10:54:00,0.09973791789735742
2018-04-22 10:57:00,-0.06493856187972824
2018-04-22 11:00:00,0.14646086835790584
2018-04-22 11:03:00,0.1785981888669994
2018-04-22 11:06:00,0.04601391787957709
2018-04-22 11:09:00,-0.001513352416793623
2018-04-22 11:12:00,-0.018135531268228533
2018-04-22 11:15:00,-0.03162053248070151
2018-04-22 11:18:00,0.0032012257354949725
2018-04-22 11:21:00,0.043006584138993276
2018-04-22 11:24:00,0.09268905821778617
2018-04-22 11:27:00,-0.009209139033885094
2018-04-22 11:30:00,0.016256612718734686
2018-04-22 11:33:00,-0.04985171677805056
2018-04-22 11:36:00,0.10694268636996185
2018-04-22 11:39:00,0.1505791458521344
2018-04-22 11:42:00,0.14396190414527155
2018-04-22 11:45:00,0.03859976805040333
2018-04-22 11:48:00,0.032087000415515377
2018-04-22 11:51:00,0.022125611180285887
2018-04-22 11:54:00,0.031166289027225957
2018-04-22 11:57:00,0.15619637159562672
2018-04-22 12:00:00,-0.03929958733061767
2018-04-22 12:03:00,0.008503215934865693
2018-04-22 12:06:00,0.08467412491211235
2018-04-22 12:09:00,0.0019578281418262122
2018-04-22 12:12:00,0.05878285631166591
2018-04-22 12:15:00,-0.0325205239990396
2018-04-22 12:18:00,-0.011257010945939783
2018-04-22 12:21:00,0.046947324941243096
2018-04-22 12:24:00,-0.038178841475144054
2018-04-22 12:27:00,-0.009409318444340897
2018-04-22 12:30:00,0.03465871214456229
2018-04-22 12:33:00,0.03621440393328612
2018-04-22 12:36:00,-0.11459996528577676
2018-04-22 12:39:00,-0.15320366415511444
2018-04-22 12:42:00,-0.012823579918403993
2018-04-22 12:45:00,-0.053045019110754765
2018-04-22 12:48:00,-0.05515406050994898
2018-04-22 12:51:00,0.0008746151348191233
2018-04-22 12:54:00,-0.1288506312549771
2018-04-22 12:57:00,-0.06861924293031052
2018-04-22 13:00:00,-0.049804180213357085
2018-04-22 13:03:00,-0.028346095396955207
2018-04-22 13:06:00,-0.2513381752885948
2018-04-22 13:09:00,-0.10094552715275995
2018-04-22 13:12:00,-0.06380776648393294
2018-04-22 13:15:00,-0.08568019409631233
2018-04-22 13:18:00,-0.047089081603644445
2018-04-22 13:21:00,-0.12787987758264308
2018-04-22 13:24:00,-0.005934060743300051
2018-04-22 13:27:00,-0.013563188596492637
2018-04-22 13:30:00,0.030477978199257905
2018-04-22 13:33:00,0.14867470259326865
2018-04-22 13:36:00,-0.079360734132365
2018-04-22 13:39:00,0.017048074801778057
2018-04-22 13:42:00,-0.12668899381452547
2018-04-22 13:45:00,-0.06954245236556744
2018-04-22 13:48:00,-0.06948729726673264
2018-04-22 13:51:00,-0.03952011008283307
2018-04-22 13:54:00,-0.11829935232623257
2018-04-22 13:57:00,-0.07687432325064947
2018-04-22 14:00:00,-0.12474585209946554
2018-04-22 14:03:00,-0.19020071523664228
2018-04-22 14:06:00,-0.10584387942930107
2018-04-22 14:09:00,-0.17424194875599142
2018-04-22 14:12:00,-0.12858313839268476
2018-04-22 14:15:00,-0.12558237945108885
2018-04-22 14:18:00,-0.12200292856078931
2018-04-22 14:21:00,-0.145460473536275
2018-04-22 14:24:00,-0.20191167597397452
2018-04-22 14:27:00,-0.30302373325156395
2018-04-22 14:30:00,-0.2556713848183563
2018-04-22 14:33:00,-0.22495664153211692
2018-04-22 14:36:00,-0.23005019797807336
2018-04-22 14:39:00,-0.24070034011418784
2018-04-22 14:42:00,-0.15578605378829025
2018-04-22 14:45:00,-0.19726048753130954
2018-04-22 14:48:00,-0.19230670530453153
2018-04-22 14:51:00,-0.1885765211789021
2018-04-22 14:54:00,-0.06995903957005112
2018-04-22 14:57:00,-0.16937102083716127
2018-04-22 15:00:00,-0.11300873658399269
2018-04-22 15:03:00,-0.10593312975152003
2018-04-22 15:06:00,-0.32033999672233904
2018-04-22 15:09:00,-0.16930585200685755
2018-04-22 15:12:00,-0.28183765147025497
2018-04-22 15:15:00,-0.2775692807005612
2018-04-22 15:18:00,-0.28352295745423817
2018-04-22 15:21:00,-0.21676751210009115
2018-04-22 15:24:00,-0.13416988791311724
2018-04-22 15:27:00,-0.2821453527992617
2018-04-22 15:30:00,-0.22515519501718018
2018-04-22 15:33:00,-0.16772554501505965
2018-04-22 15:36:00,-0.1667252147386762
2018-04-22 15:39:00,-0.292838581393255
2018-04-22 15:42:00,-0.29995470279351366
2018-04-22 15:45:00,-0.14595437454329385
2018-04-22 15:48:00,-0.20796079566287062
2018-04-22 15:51:00,-0.17227062576171193
2018-04-22 15:54:00,-0.16957546015242997
2018-04-22 15:57:00,-0.23221780530928982
2018-04-22 16:00:00,-0.2869965078729706
2018-04-22 16:03:00,-0.2752047428808737
2018-04-22 16:06:00,-0.24704601385576552
2018-04-22 16:09:00,-0.1489905316929594
2018-04-22 16:12:00,-0.19091109394497607
2018-04-22 16:15:00,-0.22305392969155946
2018-04-22 16:18:00,-0.20205428498536548
2018-04-22 16:21:00,-0.25031704600314697
2018-04-22 16:24:00,-0.34497928319291304
2018-04-22 16:27:00,-0.1756745221096594
2018-04-22 16:30:00,-0.10642106515234673
2018-04-22 16:33:00,-0.2600661181577948
2018-04-22 16:36:00,-0.125952693132092
2018-04-22 16:39:00,-0.1991405711786456
2018-04-22 16:42:00,-0.17533562021662874
2018-04-22 16:45:00,-0.14499430170934602
2018-04-22 16:48:00,-0.09729045315975782
2018-04-22 16:51:00,-0.1351220030177842
2018-04-22 16:54:00,-0.1206989492124535
2018-04-22 16:57:00,-0.058544848692918094
2018-04-22 17:00:00,-0.1011191633702424
2018-04-22 17:03:00,-0.1514175104571791
2018-04-22 17:06:00,-0.10441779111710048
2018-04-22 17:09:00,-0.1528610681864393
2018-04-22 17:12:00,-0.06341583729818012
2018-04-22 17:15:00,-0.0017507434831145474
2018-04-22 17:18:00,0.006400273233055032
2018-04-22 17:21:00,-0.0521079101784494
2018-04-22 17:24:00,-0.0016165389865818725
2018-04-22 17:27:00,-0.039437592058220616
2018-04-22 17:30:00,-0.026214037099236975
2018-04-22 17:33:00,-0.012424704040313372
2018-04-22 17:36:00,-0.062251023889132284
2018-04-22 17:39:00,-0.12815733353130554
2018-04-22 17:42:00,-0.015252246587522222
2018-04-22 17:45:00,-0.03314409949359742
2018-04-22 17:48:00,0.040878222761875804
2018-04-22 17:51:00,-0.05018358915066301
2018-04-22 17:54:00,-0.04767687526566533
2018-04-22 17:57:00,0.05790619879837777
2018-04-22 18:00:00,-0.006041598598415021
2018-04-22 18:03:00,-0.05420412366902383
2018-04-22 18:06:00,-0.12807139844659332
2018-04-22 18:09:00,-0.09858127940742634
2018-04-22 18:12:00,-0.03283025323793254
2018-04-22 18:15:00,0.06002856611860352
2018-04-22 18:18:00,0.04120644928320871
2018-04-22 18:21:00,0.08579919266048819
2018-04-22 18:24:00,0.11185230140853264
2018-04-22 18:27:00,0.039663677456815094
2018-04-22 18:30:00,0.05916662799444339
2018-04-22 18:33:00,0.0537246262082931
2018-04-22 18:36:00,0.006156742922655667
2018-04-22 18:39:00,0.08677853521533052
2018-04-22 18:42:00,0.09856930068661995
2018-04-22 18:45:00,0.11943714688351292
2018-04-22 18:48:00,0.10103944946581578
2018-04-22 18:51:00,0.06910950973127683
2018-04-22 18:54:00,
2018-04-22 18:57:00,
2018-04-22 19:00:00,
2018-04-22 19:03:00,
2018-04-22 19:06:00,0.4254466535863344
2018-04-22 19:09:00,0.45265286591131826
2018-04-22 19:12:00,0.526268526244678
2018-04-22 19:15:00,0.665333905751254
2018-04-22 19:18:00,0.6175323459493143
2018-04-22 19:21:00,0.603279103247985
2018-04-22 19:24:00,0.6243492943476667
2018-04-22 19:27:00,0.5935500890178673
2018-04-22 19:30:00,0.5012184491914695
2018-04-22 19:33:00,0.22870373685071854
2018-04-22 19:36:00,0.05617203483944877
2018-04-22 19:39:00,0.16934504281772433
2018-04-22 19:42:00,-0.2544973811195632
2018-04-22 19:45:00,0.33160671969898203
2018-04-22 19:48:00,0.07896970314476448
2018-04-22 19:51:00,0.08817165040494501
2018-04-22 19:54:00,0.06807226761662832
2018-04-22 19:57:00,0.07925952588999507
2018-04-22 20:00:00,0.13737730705628337
2018-04-22 20:03:00,0.08722208780949359
2018-04-22 20:06:00,0.06520930918264867
2018-04-22 20:09:00,0.15357457049651657
2018-04-22 20:12:00,0.200639956188013
2018-04-22 20:15:00,0.1768720231875136
2018-04-22 20:18:00,0.2468255228675389
2018-04-22 20:21:00,0.2245245985046722
2018-04-22 20:24:00,0.292609047421422
2018-04-22 20:27:00,0.1600841577789538
2018-04-22 20:30:00,0.21771576232572443
2018-04-22 20:33:00,0.21143501117779806
2018-04-22 20:36:00,0.25472618833134675
2018-04-22 20:39:00,0.18245403783208758
2018-04-22 20:42:00,0.21850491594540244
2018-04-22 20:45:00,0.24143645374016387
2018-04-22 20:48:00,0.23243155788532022
2018-04-22 20:51:00,0.173814224248531
2018-04-22 20:54:00,0.17409360418429287
2018-04-22 20:57:00,0.28977482449568015
2018-04-22 21:00:00,0.22768647475373882
2018-04-22 21:03:00,0.33202155019102975
2018-04-22 21:06:00,0.34495919108678663
2018-04-22 21:09:00,0.38835251650300506
2018-04-22 21:12:00,0.24284684803041046
2018-04-22 21:15:00,0.3279765944870974
2018-04-22 21:18:00,0.30267962411761573
2018-04-22 21:21:00,0.23490400182015492
2018-04-22 21:24:00,0.29849029705945895
2018-04-22 21:27:00,0.2904070906233187
2018-04-22 21:30:00,0.313011202300288
2018-04-22 21:33:00,0.4267633643424915
2018-04-22 21:36:00,0.3269946308661815
2018-04-22 21:39:00,0.4039762559461906
2018-04-22 21:42:00,0.30073575987501044
2018-04-22 21:45:00,0.3236757387522289
2018-04-22 21:48:00,0.2191492146077394
2018-04-22 21:51:00,0.3288364313141301
2018-04-22 21:54:00,0.22869629770968913
2018-04-22 21:57:00,0.3944507405362856
2018-04-22 22:00:00,0.3685914439364524
2018-04-22 22:03:00,0.4030918802990868
2018-04-22 22:06:00,0.2993295504225557
2018-04-22 22:09:00,0.3243327471399198
2018-04-22 22:12:00,0.3278847126927076
2018-04-22 22:15:00,0.23890391261392097
2018-04-22 22:18:00,0.24221398175740205
2018-04-22 22:21:00,0.06171159989617081
2018-04-22 22:24:00,0.25571073300608305
2018-04-22 22:27:00,0.1473692059191194
2018-04-22 22:30:00,0.1769636754952444
2018-04-22 22:33:00,0.245272233279195
2018-04-22 22:36:00,0.3218291920515526
2018-04-22 22:39:00,0.37913103084741806
2018-04-22 22:42:00,0.4171199152856957
2018-04-22 22:45:00,0.40777685957527865
2018-04-22 22:48:00,0.3854957112149009
2018-04-22 22:51:00,0.33887319155832074
2018-04-22 22:54:00,0.348898450589445
2018-04-22 22:57:00,0.3576043574428809
2018-04-22 23:00:00,0.4967502547789877
2018-04-22 23:03:00,0.5027318686335889
2018-04-22 23:06:00,0.4386287615495803
2018-04-22 23:09:00,0.495376593847368
2018-04-22 23:12:00,0.5297044300633047
2018-04-22 23:15:00,0.5645555450959137
2018-04-22 23:18:00,0.40511154771019164
2018-04-22 23:21:00,0.401714684940373
2018-04-22 23:24:00,0.4671834823529366
2018-04-22 23:27:00,0.4030216239870015
2018-04-22 23:30:00,0.40825550887547024
2018-04-22 23:33:00,0.461691533843009
2018-04-22 23:36:00,0.3114514106995898
2018-04-22 23:39:00,0.3063355167445252
2018-04-22 23:42:00,0.2514352400816051
2018-04-22 23:45:00,0.34327316170237054
2018-04-22 23:48:00,0.37331461808281574
2018-04-22 23:51:00,0.36197382214123763
2018-04-22 23:54:00,0.34652396929220686
2018-04-22 23:57:00,0.41888683963156836
2018-04-23 00:00:00,0.35140651891771313
2018-04-23 00:03:00,0.43532213545603327
2018-04-23 00:06:00,0.38224266728667544
2018-04-23 00:09:00,0.4030840355301848
2018-04-23 00:12:00,0.4456258768025805
2018-04-23 00:15:00,0.5689989330831509
2018-04-23 00:18:00,0.48855965913946875
2018-04-23 00:21:00,0.48473056691011607
2018-04-23 00:24:00,0.4542928748488748
2018-04-23 00:27:00,0.4378269512650945
2018-04-23 00:30:00,0.3230342925992886
2018-04-23 00:33:00,0.49265628980953124
2018-04-23 00:36:00,0.44422032454093596
2018-04-23 00:39:00,0.35888171106483924
2018-04-23 00:42:00,0.3719940600190057
2018-04-23 00:45:00,0.37228729383372183
2018-04-23 00:48:00,0.44052092395207865
2018-04-23 00:51:00,0.5238076334804305
2018-04-23 00:54:00,0.3813626051907022
2018-04-23 00:57:00,0.5159493086052294
2018-04-23 01:00:00,0.5297034369638709
2018-04-23 01:03:00,0.6501073753146898
2018-04-23 01:06:00,0.6591329845963401
2018-04-23 01:09:00,0.6314997758455547
2018-04-23 01:12:00,0.5947978544758712
2018-04-23 01:15:00,0.6739908837244002
2018-04-23 01:18:00,0.6207588506931074
2018-04-23 01:21:00,0.5931417248697812
2018-04-23 01:24:00,0.5379676452900526
2018-04-23 01:27:00,0.6032660648822912
2018-04-23 01:30:00,0.6668245882898418
2018-04-23 01:33:00,0.5269596991009848
2018-04-23 01:36:00,0.5669488006992651
2018-04-23 01:39:00,0.5964907583656895
2018-04-23 01:42:00,0.49261294287532564
2018-04-23 01:45:00,0.6408438566734276
2018-04-23 01:48:00,0.5484838459507273
2018-04-23 01:51:00,0.5514005890287876
2018-04-23 01:54:00,0.5791164917864648
2018-04-23 01:57:00,0.5554268099833166
2018-04-23 02:00:00,0.6582354203004002
2018-04-23 02:03:00,0.47961813208695503
2018-04-23 02:06:00,0.619093402445344
2018-04-23 02:09:00,0.5800686299138533
2018-04-23 02:12:00,0.5309489543622021
2018-04-23 02:15:00,0.4817749159575442
2018-04-23 02:18:00,0.536524056004339
2018-04-23 02:21:00,0.598447594476454
2018-04-23 02:24:00,0.5558752935367011
2018-04-23 02:27:00,0.5383260063961188
2018-04-23 02:30:00,0.6529194582528817
2018-04-23 02:33:00,0.556408766903985
2018-04-23 02:36:00,0.6054340480605447
2018-04-23 02:39:00,0.5542745195984367
2018-04-23 02:42:00,0.5551463453139149
2018-04-23 02:45:00,0.5868142448964022
2018-04-23 02:48:00,0.6462881926349837
2018-04-23 02:51:00,0.5499993200737094
2018-04-23 02:54:00,0.5108318008494166
2018-04-23 02:57:00,0.5893422612968493
2018-04-23 03:00:00,0.6012816298452321
2018-04-23 03:03:00,0.6069815439129229
2018-04-23 03:06:00,0.5096487914022418
2018-04-23 03:09:00,0.6973735313154066
2018-04-23 03:12:00,0.5716781459894378
2018-04-23 03:15:00,0.5338346505360505
2018-04-23 03:18:00,0.5694492797516091
2018-04-23 03:21:00,0.5934703272591833
2018-04-23 03:24:00,0.6800456964231785
2018-04-23 03:27:00,0.6524533828924177
2018-04-23 03:30:00,0.615891127503744
2018-04-23 03:33:00,0.6945902264649817
2018-04-23 03:36:00,0.6097162050050429
2018-04-23 03:39:00,0.5642021063497396
2018-04-23 03:42:00,0.6675708608842683
2018-04-23 03:45:00,0.7488229146927665
2018-04-23 03:48:00,0.7212177417908947
2018-04-23 03:51:00,0.6361031244684909
2018-04-23 03:54:00,0.692889978981384
2018-04-23 03:57:00,0.77189260284797
2018-04-23 04:00:00,0.7148343466696474
2018-04-23 04:03:00,0.792551067790157
2018-04-23 04:06:00,0.7658967960795735
2018-04-23 04:09:00,0.7644802480147632
2018-04-23 04:12:00,0.7174338706250296
2018-04-23 04:15:00,0.7652148703907073
2018-04-23 04:18:00,0.7015883292881426
2018-04-23 04:21:00,0.7066362195070042
2018-04-23 04:24:00,0.7291568886289497
2018-04-23 04:27:00,0.7256941660897382
2018-04-23 04:30:00,0.6857758522745598
2018-04-23 04:33:00,0.5739908951536563
2018-04-23 04:36:00,0.7272858801250663
2018-04-23 04:39:00,0.7698079921846102
2018-04-23 04:42:00,0.7237942346596355
2018-04-23 04:45:00,0.6635177073219438
2018-04-23 04:48:00,0.6891334312560389
2018-04-23 04:51:00,0.5764054482432925
2018-04-23 04:54:00,0.6697229023273508
2018-04-23 04:57:00,0.6818158498893467
2018-04-23 05:00:00,0.6634907877902947
2018-04-23 05:03:00,0.6860739547728372
2018-04-23 05:06:00,0.5811361428366126
2018-04-23 05:09:00,0.6537493860296877
2018-04-23 05:12:00,0.6446333831033257
2018-04-23 05:15:00,0.6018420509489033
2018-04-23 05:18:00,0.6351778499683292
2018-04-23 05:21:00,0.6121935347287035
2018-04-23 05:24:00,0.6531389260075002
2018-04-23 05:27:00,0.6286368329381276
2018-04-23 05:30:00,0.6549906309778066
2018-04-23 05:33:00,0.6307584646743862
2018-04-23 05:36:00,0.6380488081949238
2018-04-23 05:39:00,0.6437485265764167
2018-04-23 05:42:00,0.6641388102703445
2018-04-23 05:45:00,0.6090745831313598
2018-04-23 05:48:00,0.6100236388618328
2018-04-23 05:51:00,0.6691020019413259
2018-04-23 05:54:00,0.7266847850869453
2018-04-23 05:57:00,0.6791758709085798
2018-04-23 06:00:00,0.5706870467983549
2018-04-23 06:03:00,0.7420547776273452
2018-04-23 06:06:00,0.7099231585853545
2018-04-23 06:09:00,0.6013279656601753
2018-04-23 06:12:00,0.6524886793500286
2018-04-23 06:15:00,0.6549921288386713
2018-04-23 06:18:00,0.6507511487868669
2018-04-23 06:21:00,0.7534670904520908
2018-04-23 06:24:00,0.6296981820382257
2018-04-23 06:27:00,0.7792028100219
2018-04-23 06:30:00,0.5654363657184263
2018-04-23 06:33:00,0.6713524257026506
2018-04-23 06:36:00,0.6385587269136863
2018-04-23 06:39:00,0.6417590198645939
2018-04-23 06:42:00,0.6065328971155282
2018-04-23 06:45:00,0.5808539533394992
2018-04-23 06:48:00,0.6516678138922316
2018-04-23 06:51:00,0.6803572185320377
2018-04-23 06:54:00,0.6884512399633422
2018-04-23 06:57:00,0.6670132142552916
2018-04-23 07:00:00,0.6541081784973244
2018-04-23 07:03:00,0.6224933350655419
2018-04-23 07:06:00,0.6526425012269783
2018-04-23 07:09:00,0.6229862224022895
2018-04-23 07:12:00,0.685270196699264
2018-04-23 07:15:00,0.7163326735358737
2018-04-23 07:18:00,0.5684729508415671
2018-04-23 07:21:00,0.6407895811373123
2018-04-23 07:24:00,0.6803956599647449
2018-04-23 07:27:00,0.6492535187049384
2018-04-23 07:30:00,0.6822127792347032
2018-04-23 07:33:00,0.5870239788798131
2018-04-23 07:36:00,0.6507274431492647
2018-04-23 07:39:00,0.6730734145385782
2018-04-23 07:42:00,0.5954928364436682
2018-04-23 07:45:00,0.6422141699177359
2018-04-23 07:48:00,0.5298047695430341
2018-04-23 07:51:00,0.5936643161215329
2018-04-23 07:54:00,0.690486592959644
2018-04-23 07:57:00,0.6921857366659765
2018-04-23 08:00:00,0.6390459441931853
2018-04-23 08:03:00,0.6201157018152799
2018-04-23 08:06:00,0.6509587677953732
2018-04-23 08:09:00,0.6968441069705023
2018-04-23 08:12:00,0.5875547222344153
2018-04-23 08:15:00,0.6861424000667853
2018-04-23 08:18:00,0.5205889965815231
2018-04-23 08:21:00,0.6758497513563384
2018-04-23 08:24:00,0.5140000164540197
2018-04-23 08:27:00,0.5859119412502309
2018-04-23 08:30:00,0.495098831575433
2018-04-23 08:33:00,0.6136334956763676
2018-04-23 08:36:00,0.5107500838287251
2018-04-23 08:39:00,0.5557276055574789
2018-04-23 08:42:00,0.5106246858963459
2018-04-23 08:45:00,0.41626729545254193
2018-04-23 08:48:00,0.5751291741482305
2018-04-23 08:51:00,0.48129151989968477
2018-04-23 08:54:00,0.43675242165852524
2018-04-23 08:57:00,0.4819743505476026
2018-04-23 09:00:00,0.42562649066906033
2018-04-23 09:03:00,0.5455733030974557
2018-04-23 09:06:00,0.4490074889511675
2018-04-23 09:09:00,0.46358914451701594
2018-04-23 09:12:00,0.3515325257234849
2018-04-23 09:15:00,0.3886435547287306
2018-04-23 09:18:00,0.41403089593148934
2018-04-23 09:21:00,0.39626449056748925
2018-04-23 09:24:00,0.45583080564296097
2018-04-23 09:27:00,0.3607285397529836
2018-04-23 09:30:00,0.36466730121043156
2018-04-23 09:33:00,0.2651145249110982
2018-04-23 09:36:00,0.2645293942382523
2018-04-23 09:39:00,0.29212903016667724
2018-04-23 09:42:00,0.24015225991178113
2018-04-23 09:45:00,0.2086753934444232
2018-04-23 09:48:00,0.1295819154355513
2018-04-23 09:51:00,0.15503076108933556
2018-04-23 09:54:00,0.11644215079007836
2018-04-23 09:57:00,0.14537765126959812
2018-04-23 10:00:00,0.11737374872808459
2018-04-23 10:03:00,0.07819193068814911
2018-04-23 10:06:00,0.04063492271995983
2018-04-23 10:09:00,0.028620776666002712
2018-04-23 10:12:00,0.0899873846183823
2018-04-23 10:15:00,0.0163242903551577
2018-04-23 10:18:00,0.07006446360662721
2018-04-23 10:21:00,0.0552255184801993
2018-04-23 10:24:00,-0.06638759352949819
2018-04-23 10:27:00,0.037593584605872366
2018-04-23 10:30:00,0.0538562294131566
2018-04-23 10:33:00,-0.09250080803127503
2018-04-23 10:36:00,-0.07492704967023656
2018-04-23 10:39:00,-0.0784574397259803
2018-04-23 10:42:00,0.06541453638800476
2018-04-23 10:45:00,-0.020758176167817055
2018-04-23 10:48:00,-0.04772567456859633
2018-04-23 10:51:00,-0.1386124879211934
2018-04-23 10:54:00,-0.1453607774033685
2018-04-23 10:57:00,-0.15376218069104652
2018-04-23 11:00:00,-0.1046628898079689
2018-04-23 11:03:00,-0.061011157629593527
2018-04-23 11:06:00,-0.10935632813681195
2018-04-23 11:09:00,-0.11917446073096016
2018-04-23 11:12:00,-0.06474007877210397
2018-04-23 11:15:00,-0.21170315179136878
2018-04-23 11:18:00,-0.1687640563237096
2018-04-23 11:21:00,-0.11804061917013087
2018-04-23 11:24:00,-0.2185485615902394
2018-04-23 11:27:00,-0.12492939198563136
2018-04-23 11:30:00,-0.17489278988102797
2018-04-23 11:33:00,-0.18684951081917234
2018-04-23 11:36:00,-0.2309737931139466
2018-04-23 11:39:00,-0.267337132634907
2018-04-23 11:42:00,-0.2445696344846624
2018-04-23 11:45:00,-0.27081415762461347
2018-04-23 11:48:00,-0.23460567197116688
2018-04-23 11:51:00,-0.24334312803739522
2018-04-23 11:54:00,-0.3079533659657159
2018-04-23 11:57:00,-0.30941130399725125
2018-04-23 12:00:00,-0.23886492768741618
2018-04-23 12:03:00,-0.2971753135894346
2018-04-23 12:06:00,-0.21372776408946947
2018-04-23 12:09:00,-0.3654903265647249
2018-04-23 12:12:00,-0.3144325076106611
2018-04-23 12:15:00,-0.31926508554801103
2018-04-23 12:18:00,-0.213991304044157
2018-04-23 12:21:00,-0.24437740719599788
2018-04-23 12:24:00,-0.29270772824128244
2018-04-23 12:27:00,-0.21585422015937183
2018-04-23 12:30:00,-0.2891837321024582
2018-04-23 12:33:00,-0.348355302644336
2018-04-23 12:36:00,-0.362242860458025
2018-04-23 12:39:00,-0.20791968076662215
2018-04-23 12:42:00,-0.34374699560396493
2018-04-23 12:45:00,-0.3450697038595081
2018-04-23 12:48:00,-0.23213359237854547
2018-04-23 12:51:00,-0.22829388414794494
2018-04-23 12:54:00,-0.2802796203669118
2018-04-23 12:57:00,-0.1852277871653314
2018-04-23 13:00:00,-0.1782688343381551
2018-04-23 13:03:00,-0.1261078652314609
2018-04-23 13:06:00,-0.3146958096426147
2018-04-23 13:09:00,-0.3564552204632605
2018-04-23 13:12:00,-0.30673613930230204
2018-04-23 13:15:00,-0.305288696530738
2018-04-23 13:18:00,-0.1710462732897895
2018-04-23 13:21:00,-0.25247520023907555
2018-04-23 13:24:00,-0.28544994281816116
2018-04-23 13:27:00,-0.2691246998552401
2018-04-23 13:30:00,-0.17689277324853947
2018-04-23 13:33:00,-0.32254821149507507
2018-04-23 13:36:00,-0.22343719598057987
2018-04-23 13:39:00,-0.35554662482536514
2018-04-23 13:42:00,-0.31470109144765956
2018-04-23 13:45:00,-0.2773647555983416
2018-04-23 13:48:00,-0.39778011086997367
2018-04-23 13:51:00,-0.3662942634327351
2018-04-23 13:54:00,-0.24972546286124953
2018-04-23 13:57:00,-0.24828692554132203
2018-04-23 14:00:00,-0.22885867661733528
2018-04-23 14:03:00,-0.26078129529395255
2018-04-23 14:06:00,-0.11970795042913096
2018-04-23 14:09:00,-0.2346060938277219
2018-04-23 14:12:00,-0.10878973085704047
2018-04-23 14:15:00,-0.21003229579332583
2018-04-23 14:18:00,-0.19576527880531103
2018-04-23 14:21:00,-0.3479267590377617
2018-04-23 14:24:00,-0.4177254595894624
2018-04-23 14:27:00,-0.5096459922179406
2018-04-23 14:30:00,-0.37226910249302136
2018-04-23 14:33:00,-0.4715069751501346
2018-04-23 14:36:00,-0.4445063845256527
2018-04-23 14:39:00,-0.3548791480125715
2018-04-23 14:42:00,-0.4411263791938609
2018-04-23 14:45:00,-0.537526704600225
2018-04-23 14:48:00,-0.5609431530913298
2018-04-23 14:51:00,-0.4279382298734049
2018-04-23 14:54:00,-0.487551753190246
2018-04-23 14:57:00,-0.42214722598515664
2018-04-23 15:00:00,-0.45556268769468033
2018-04-23 15:03:00,-0.5165714379675137
2018-04-23 15:06:00,-0.5359572748246819
2018-04-23 15:09:00,-0.3288565499366314
2018-04-23 15:12:00,-0.42214602703893433
2018-04-23 15:15:00,-0.5035729776155904
2018-04-23 15:18:00,-0.39841045843297707
2018-04-23 15:21:00,-0.42219549997264494
2018-04-23 15:24:00,-0.42806320609122395
2018-04-23 15:27:00,-0.5183945253380671
2018-04-23 15:30:00,-0.4173620372664004
2018-04-23 15:33:00,-0.4719099646193854
2018-04-23 15:36:00,-0.5188876344266191
2018-04-23 15:39:00,-0.395114079533073
2018-04-23 15:42:00,-0.35745546059905564
2018-04-23 15:45:00,-0.4845674830283997
2018-04-23 15:48:00,-0.1977668447170231
2018-04-23 15:51:00,-0.26730805050027584
2018-04-23 15:54:00,-0.47379702102864485
2018-04-23 15:57:00,-0.3676392066815879
2018-04-23 16:00:00,-0.4842173364277187
2018-04-23 16:03:00,-0.3477820293487639
2018-04-23 16:06:00,-0.40647547914483084
2018-04-23 16:09:00,-0.47726731989450855
2018-04-23 16:12:00,-0.42448742394202554
2018-04-23 16:15:00,-0.37034060901515886
2018-04-23 16:18:00,-0.31262434880068213
2018-04-23 16:21:00,-0.31996011075432307
2018-04-23 16:24:00,-0.30549658594594575
2018-04-23 16:27:00,-0.3778580404119225
2018-04-23 16:30:00,-0.323628609605521
2018-04-23 16:33:00,-0.4216891046372666
2018-04-23 16:36:00,-0.40785813122948866
2018-04-23 16:39:00,-0.2754762839051068
2018-04-23 16:42:00,-0.4325267675942541
2018-04-23 16:45:00,-0.41059863622837156
2018-04-23 16:48:00,-0.28224920076326043
2018-04-23 16:51:00,-0.11193420244495655
2018-04-23 16:54:00,-0.2864578627110177
2018-04-23 16:57:00,-0.2288290748466011
2018-04-23 17:00:00,-0.13417720469163896
2018-04-23 17:03:00,-0.11955688054081293
2018-04-23 17:06:00,-0.30043589098755774
2018-04-23 17:09:00,-0.185602630017911
2018-04-23 17:12:00,-0.2550974506168586
2018-04-23 17:15:00,-0.26449747122035205
2018-04-23 17:18:00,-0.16293822820529158
2018-04-23 17:21:00,-0.24131076067021695
2018-04-23 17:24:00,-0.14898288446653396
2018-04-23 17:27:00,-0.06404365222567776
2018-04-23 17:30:00,-0.10005612309066692
2018-04-23 17:33:00,-0.11467246819285037
2018-04-23 17:36:00,-0.1676213769760011
2018-04-23 17:39:00,-0.1818388226330967
2018-04-23 17:42:00,-0.23636205114263475
2018-04-23 17:45:00,-0.14384525497604272
2018-04-23 17:48:00,-0.19645189706966448
2018-04-23 17:51:00,-0.19006281080737608
2018-04-23 17:54:00,-0.13656442314237438
2018-04-23 17:57:00,-0.15957191299531814
2018-04-23 18:00:00,-0.08444108457342736
2018-04-23 18:03:00,-0.049553252861073815
2018-04-23 18:06:00,-0.008913597632158599
2018-04-23 18:09:00,-0.13807012477803937
2018-04-23 18:12:00,-0.13034993014503016
2018-04-23 18:15:00,-0.06750387647110756
2018-04-23 18:18:00,-0.18290685042217092
2018-04-23 18:21:00,-0.14956024808225266
2018-04-23 18:24:00,-0.04761009101588343
2018-04-23 18:27:00,-0.1111882560110189
2018-04-23 18:30:00,-0.21791092797451483
2018-04-23 18:33:00,-0.04246743311023238
2018-04-23 18:36:00,-0.19065868457602164
2018-04-23 18:39:00,-0.1869025964009552
2018-04-23 18:42:00,-0.04305401283210131
2018-04-23 18:45:00,-0.001761892931881448
2018-04-23 18:48:00,-0.0017973216136510928
2018-04-23 18:51:00,
2018-04-23 18:54:00,
2018-04-23 18:57:00,
2018-04-23 19:00:00,
2018-04-23 19:03:00,-0.049070154356286366
2018-04-23 19:06:00,-0.059762413155681315
2018-04-23 19:09:00,-0.019126496632452472
2018-04-23 19:12:00,-0.009042983824315343
2018-04-23 19:15:00,0.14612395276697043
2018-04-23 19:18:00,-0.047246065649005686
2018-04-23 19:21:00,-0.04798368428134836
2018-04-23 19:24:00,0.0721366406998527
2018-04-23 19:27:00,0.023083072634904056
2018-04-23 19:30:00,-0.07272988927559254
2018-04-23 19:33:00,0.0361677870067183
2018-04-23 19:36:00,0.07836341481879572
2018-04-23 19:39:00,0.0018755197298219173
2018-04-23 19:42:00,-0.02298891852564111
2018-04-23 19:45:00,0.09492429668296154
2018-04-23 19:48:00,0.03414455833592456
2018-04-23 19:51:00,0.013881222688496564
2018-04-23 19:54:00,0.05862406598913594
2018-04-23 19:57:00,0.12072811017543472
2018-04-23 20:00:00,0.13300840171763184
2018-04-23 20:03:00,0.07850227884586047
2018-04-23 20:06:00,0.14018418792898046
2018-04-23 20:09:00,0.04457201189831039
2018-04-23 20:12:00,0.12214524748685562
2018-04-23 20:15:00,0.06212241989607037
2018-04-23 20:18:00,0.008362408982577563
2018-04-23 20:21:00,0.15052415806133013
2018-04-23 20:24:00,0.11644339017533412
2018-04-23 20:27:00,0.14706913664298327
2018-04-23 20:30:00,0.09711683445897279
2018-04-23 20:33:00,0.14246279949918517
2018-04-23 20:36:00,0.049244350134244996
2018-04-23 20:39:00,0.19161480951669319
2018-04-23 20:42:00,0.19317197673410647
2018-04-23 20:45:00,0.1670643889508483
2018-04-23 20:48:00,0.12715751316903834
2018-04-23 20:51:00,0.1285412879708474
2018-04-23 20:54:00,0.04579239455659945
2018-04-23 20:57:00,-0.07990188886429905
2018-04-23 21:00:00,0.1582367727250471
2018-04-23 21:03:00,0.03133878818056246
2018-04-23 21:06:00,0.10644568314444314
2018-04-23 21:09:00,0.1729374044044789
2018-04-23 21:12:00,0.1779139220340653
2018-04-23 21:15:00,0.11671450903389768
2018-04-23 21:18:00,0.12496731892377966
2018-04-23 21:21:00,0.14361754206709065
2018-04-23 21:24:00,0.18528838644408552
2018-04-23 21:27:00,0.12827561750583527
2018-04-23 21:30:00,0.13284483264720848
2018-04-23 21:33:00,0.07402008687205353
2018-04-23 21:36:00,0.23962579321624844
2018-04-23 21:39:00,0.13235186197431403
2018-04-23 21:42:00,0.12467604848239944
2018-04-23 21:45:00,0.13697771087527144
2018-04-23 21:48:00,0.1188450478863956
2018-04-23 21:51:00,0.04426870787153803
2018-04-23 21:54:00,0.16482676796323403
2018-04-23 21:57:00,0.020951834578681883
2018-04-23 22:00:00,0.040609856255969135
2018-04-23 22:03:00,0.01863994513371381
2018-04-23 22:06:00,0.10138304761068184
2018-04-23 22:09:00,0.1236994172252821
2018-04-23 22:12:00,0.08278582259686118
2018-04-23 22:15:00,0.15840098073209674
2018-04-23 22:18:00,0.02973341399325591
2018-04-23 22:21:00,0.022394570035999095
2018-04-23 22:24:00,0.1408051540028623
2018-04-23 22:27:00,0.20885195599362305
2018-04-23 22:30:00,0.2216241903976197
2018-04-23 22:33:00,0.16589905739942878
2018-04-23 22:36:00,0.23216760511871826
2018-04-23 22:39:00,0.15197632292426988
2018-04-23 22:42:00,0.14700122050379605
2018-04-23 22:45:00,0.2120192015688076
2018-04-23 22:48:00,0.17816939899427098
2018-04-23 22:51:00,0.2585117016726599
2018-04-23 22:54:00,0.2820519671064403
2018-04-23 22:57:00,0.1689573512504694
2018-04-23 23:00:00,0.06061286406969657
2018-04-23 23:03:00,0.20671369458216304
2018-04-23 23:06:00,0.18406456353034173
2018-04-23 23:09:00,0.10897211992971734
2018-04-23 23:12:00,0.17819936661163638
2018-04-23 23:15:00,0.1816059981744047
2018-04-23 23:18:00,0.1512593195356544
2018-04-23 23:21:00,0.14929680089846897
2018-04-23 23:24:00,0.22812043788985648
2018-04-23 23:27:00,0.16342667093221053
2018-04-23 23:30:00,0.20487309887289484
2018-04-23 23:33:00,0.17506288428450034
2018-04-23 23:36:00,0.1187362605760427
2018-04-23 23:39:00,0.15366876129013463
2018-04-23 23:42:00,0.11940116556093017
2018-04-23 23:45:00,0.236347685929843
2018-04-23 23:48:00,0.16398578258502994
2018-04-23 23:51:00,0.1609816905831849
2018-04-23 23:54:00,0.1745068637865188
2018-04-23 23:57:00,0.1463954721446612
2018-04-24 00:00:00,0.006313355990130276
2018-04-24 00:03:00,0.19161567674115076
2018-04-24 00:06:00,0.17649865134904985
2018-04-24 00:09:00,0.18451033049421994
2018-04-24 00:12:00,0.1727494893838184
2018-04-24 00:15:00,0.1513810925421808
2018-04-24 00:18:00,0.12141606511289638
2018-04-24 00:21:00,0.11313077986721964
2018-04-24 00:24:00,0.15129101096465547
2018-04-24 00:27:00,0.10860582029494026
2018-04-24 00:30:00,0.1162446551317089
2018-04-24 00:33:00,0.22525996480686672
2018-04-24 00:36:00,0.1921542924781079
2018-04-24 00:39:00,0.17802900886994166
2018-04-24 00:42:00,0.12788758017478585
2018-04-24 00:45:00,0.2899397573187912
2018-04-24 00:48:00,0.22446653353165402
2018-04-24 00:51:00,0.221975408418416
2018-04-24 00:54:00,0.17299493019845613
2018-04-24 00:57:00,0.18720881943943368
2018-04-24 01:00:00,0.11662924058242652
2018-04-24 01:03:00,0.091914224608729
2018-04-24 01:06:00,0.11630258433012841
2018-04-24 01:09:00,0.05928311788801466
2018-04-24 01:12:00,0.13705183755809003
2018-04-24 01:15:00,0.10086382462998245
2018-04-24 01:18:00,0.16335629425174147
2018-04-24 01:21:00,0.18967235002003235
2018-04-24 01:24:00,0.27981269672250164
2018-04-24 01:27:00,0.327743429210102
2018-04-24 01:30:00,0.30732652937371085
2018-04-24 01:33:00,0.33472485957042863
2018-04-24 01:36:00,0.5258983659164187
2018-04-24 01:39:00,0.6148778712892522
2018-04-24 01:42:00,0.6364853187207586
2018-04-24 01:45:00,0.5973757267518067
2018-04-24 01:48:00,0.38965637694172983
2018-04-24 01:51:00,0.39973881324578997
2018-04-24 01:54:00,0.5107171648710391
2018-04-24 01:57:00,0.38150773567855367
2018-04-24 02:00:00,0.5078490284008694
2018-04-24 02:03:00,0.4257337468396827
2018-04-24 02:06:00,0.29057883857331035
2018-04-24 02:09:00,0.3628327198649117
2018-04-24 02:12:00,0.31750474922847616
2018-04-24 02:15:00,0.33930562900593486
2018-04-24 02:18:00,0.2624707938100528
2018-04-24 02:21:00,0.2576164415240214
2018-04-24 02:24:00,0.20213673754841466
2018-04-24 02:27:00,0.300057930385492
2018-04-24 02:30:00,0.2826332584447755
2018-04-24 02:33:00,0.19904646648006974
2018-04-24 02:36:00,0.2411853322494153
2018-04-24 02:39:00,0.22118287943931136
2018-04-24 02:42:00,0.24484121431282801
2018-04-24 02:45:00,0.285980422837838
2018-04-24 02:48:00,0.19075433359472527
2018-04-24 02:51:00,0.15569128499868157
2018-04-24 02:54:00,0.23898762064379753
2018-04-24 02:57:00,0.1740612955915708
2018-04-24 03:00:00,0.22666799560397521
2018-04-24 03:03:00,0.254849951904248
2018-04-24 03:06:00,0.26546970520377045
2018-04-24 03:09:00,0.19767957116062007
2018-04-24 03:12:00,0.20192201510286623
2018-04-24 03:15:00,0.2678149434181023
2018-04-24 03:18:00,0.21502698100198359
2018-04-24 03:21:00,0.3428205370542514
2018-04-24 03:24:00,0.21679300782278688
2018-04-24 03:27:00,0.23760296706853978
2018-04-24 03:30:00,0.3824017659845822
2018-04-24 03:33:00,0.2881516247034597
2018-04-24 03:36:00,0.3172218944739029
2018-04-24 03:39:00,0.2398313170452866
2018-04-24 03:42:00,0.31963654247306295
2018-04-24 03:45:00,0.2161087054851123
2018-04-24 03:48:00,0.26452577421042633
2018-04-24 03:51:00,0.24075855019952996
2018-04-24 03:54:00,0.31017289106375756
2018-04-24 03:57:00,0.32157894532025466
2018-04-24 04:00:00,0.40568969244401387
2018-04-24 04:03:00,0.21101230665300363
2018-04-24 04:06:00,0.24615390235987888
2018-04-24 04:09:00,0.3404204952453824
2018-04-24 04:12:00,0.3065884838172792
2018-04-24 04:15:00,0.24425256150857422
2018-04-24 04:18:00,0.37835041426586713
2018-04-24 04:21:00,0.3104975045915239
2018-04-24 04:24:00,0.3222857436619506
2018-04-24 04:27:00,0.1911224735849828
2018-04-24 04:30:00,0.2763998070386151
2018-04-24 04:33:00,0.2854233390727927
2018-04-24 04:36:00,0.251850609778387
2018-04-24 04:39:00,0.32398665437295904
2018-04-24 04:42:00,0.14499274079622637
2018-04-24 04:45:00,0.23055483422621137
2018-04-24 04:48:00,0.37399905711998827
2018-04-24 04:51:00,0.3501329510210667
2018-04-24 04:54:00,0.295737594401146
2018-04-24 04:57:00,0.3680249188599305
2018-04-24 05:00:00,0.4074848968825222
2018-04-24 05:03:00,0.3847107140505841
2018-04-24 05:06:00,0.4163780653166782
2018-04-24 05:09:00,0.3554370165148839
2018-04-24 05:12:00,0.3506049748184523
2018-04-24 05:15:00,0.3843792346478949
2018-04-24 05:18:00,0.4729883650705915
2018-04-24 05:21:00,0.5241811726732521
2018-04-24 05:24:00,0.4031750371660223
2018-04-24 05:27:00,0.43827900861776925
2018-04-24 05:30:00,0.3866655733814355
2018-04-24 05:33:00,0.4693798466129806
2018-04-24 05:36:00,0.466230858226254
2018-04-24 05:39:00,0.44867780964580106
2018-04-24 05:42:00,0.4317265818124838
2018-04-24 05:45:00,0.37247188748472126
2018-04-24 05:48:00,0.4534283101679648
2018-04-24 05:51:00,0.40000584753050816
2018-04-24 05:54:00,0.43410044639097123
2018-04-24 05:57:00,0.3807422038178174
2018-04-24 06:00:00,0.36244847565586724
2018-04-24 06:03:00,0.37002371003393364
2018-04-24 06:06:00,0.5060347671449108
2018-04-24 06:09:00,0.3397995364182975
2018-04-24 06:12:00,0.430284923600027
2018-04-24 06:15:00,0.3736371049599825
2018-04-24 06:18:00,0.2818346846874533
2018-04-24 06:21:00,0.3911935127355264
2018-04-24 06:24:00,0.420688779602699
2018-04-24 06:27:00,0.33744572358426694
2018-04-24 06:30:00,0.28606963478137004
2018-04-24 06:33:00,0.30004734823091894
2018-04-24 06:36:00,0.24801907349836938
2018-04-24 06:39:00,0.2766159473343919
2018-04-24 06:42:00,0.3165456508581883
2018-04-24 06:45:00,0.30745353422264543
2018-04-24 06:48:00,0.3240766244182396
2018-04-24 06:51:00,0.4328433006605792
2018-04-24 06:54:00,0.3244599355323885
2018-04-24 06:57:00,0.2562797154610621
2018-04-24 07:00:00,0.3711080361235872
2018-04-24 07:03:00,0.23963813712913407
2018-04-24 07:06:00,0.25014099996815276
2018-04-24 07:09:00,0.29823920941049664
2018-04-24 07:12:00,0.30787201417365395
2018-04-24 07:15:00,0.3753644904394946
2018-04-24 07:18:00,0.3397581567253951
2018-04-24 07:21:00,0.2526002655493471
2018-04-24 07:24:00,0.36776916489537825
2018-04-24 07:27:00,0.2616073886879917
2018-04-24 07:30:00,0.2934666435784834
2018-04-24 07:33:00,0.23485560097651614
2018-04-24 07:36:00,0.3294118298858848
2018-04-24 07:39:00,0.2413737645728702
2018-04-24 07:42:00,0.3187195454531775
2018-04-24 07:45:00,0.32303183382822453
2018-04-24 07:48:00,0.23677394409475028
2018-04-24 07:51:00,0.26851635880285585
2018-04-24 07:54:00,0.20703359683881217
2018-04-24 07:57:00,0.2163880534682221
2018-04-24 08:00:00,0.19776364818676484
2018-04-24 08:03:00,0.3089538344893299
2018-04-24 08:06:00,0.18257137443424654
2018-04-24 08:09:00,0.18334996326672126
2018-04-24 08:12:00,0.2513175602477986
2018-04-24 08:15:00,0.3358209278047184
2018-04-24 08:18:00,0.26514717884822403
2018-04-24 08:21:00,0.3293729224708386
2018-04-24 08:24:00,0.2535118904153819
2018-04-24 08:27:00,0.25214457321413875
2018-04-24 08:30:00,0.18793932614545383
2018-04-24 08:33:00,0.25618718722517997
2018-04-24 08:36:00,0.29686986558527906
2018-04-24 08:39:00,0.30021617982407633
2018-04-24 08:42:00,0.2537403691173381
2018-04-24 08:45:00,0.15051897551944649
2018-04-24 08:48:00,0.23773274832512925
2018-04-24 08:51:00,0.295479270940632
2018-04-24 08:54:00,0.19963432817098692
2018-04-24 08:57:00,0.15939716422661832
2018-04-24 09:00:00,0.2531684002406678
2018-04-24 09:03:00,0.21867960078157012
2018-04-24 09:06:00,0.1812119547452653
2018-04-24 09:09:00,0.2117179898585846
2018-04-24 09:12:00,0.20633271892637595
2018-04-24 09:15:00,0.20364482401657824
2018-04-24 09:18:00,0.1737358763638781
2018-04-24 09:21:00,0.21635485636261365
2018-04-24 09:24:00,0.24475750378985595
2018-04-24 09:27:00,0.2105861659937318
2018-04-24 09:30:00,0.11396146652333528
2018-04-24 09:33:00,0.23497385035597063
2018-04-24 09:36:00,0.23967098956615018
2018-04-24 09:39:00,0.226097286960794
2018-04-24 09:42:00,0.23632692777061948
2018-04-24 09:45:00,0.0768414572042957
2018-04-24 09:48:00,0.16723481135221618
2018-04-24 09:51:00,0.1271863706938916
2018-04-24 09:54:00,0.11927288978341721
2018-04-24 09:57:00,0.12396546862225932
2018-04-24 10:00:00,-0.035603112877993226
2018-04-24 10:03:00,0.11032296455653068
2018-04-24 10:06:00,0.11923456037362712
2018-04-24 10:09:00,0.11451873565783899
2018-04-24 10:12:00,-0.04073198020489599
2018-04-24 10:15:00,0.0795992676920605
2018-04-24 10:18:00,0.010536900871613852
2018-04-24 10:21:00,0.010055612829603433
2018-04-24 10:24:00,0.045168784723387034
2018-04-24 10:27:00,0.023788079397604633
2018-04-24 10:30:00,-0.02861398316110808
2018-04-24 10:33:00,-0.04723100699408178
2018-04-24 10:36:00,-0.031017740671984484
2018-04-24 10:39:00,0.04738218929190907
2018-04-24 10:42:00,-0.06236219116379971
2018-04-24 10:45:00,0.023815826029363052
2018-04-24 10:48:00,0.017510029512152414
2018-04-24 10:51:00,0.026970113237496207
2018-04-24 10:54:00,0.02234130682961677
2018-04-24 10:57:00,0.07584983543785029
2018-04-24 11:00:00,0.07643491293504212
2018-04-24 11:03:00,0.0007137870416613623
2018-04-24 11:06:00,-0.051070088814924475
2018-04-24 11:09:00,-0.12774160950510804
2018-04-24 11:12:00,-0.014632164501847456
2018-04-24 11:15:00,-0.020035293887815442
2018-04-24 11:18:00,-0.004317149973360301
2018-04-24 11:21:00,0.07467212991497263
2018-04-24 11:24:00,-0.05603307428941662
2018-04-24 11:27:00,-0.0637684499478155
2018-04-24 11:30:00,-0.10882011417521653
2018-04-24 11:33:00,-0.16564214373858022
2018-04-24 11:36:00,-0.04238652313154034
2018-04-24 11:39:00,-0.09425308925744957
2018-04-24 11:42:00,-0.1491993547552397
2018-04-24 11:45:00,-0.03284428268455031
2018-04-24 11:48:00,-0.08345265522103773
2018-04-24 11:51:00,-0.028809857724183985
2018-04-24 11:54:00,-0.09744116615792109
2018-04-24 11:57:00,0.027467808689323192
2018-04-24 12:00:00,0.04091043408988071
2018-04-24 12:03:00,-0.10674266045685954
2018-04-24 12:06:00,0.1190171473688224
2018-04-24 12:09:00,-0.028082674230006432
2018-04-24 12:12:00,0.08067394856408328
2018-04-24 12:15:00,0.16980829146518772
2018-04-24 12:18:00,0.11334679087138966
2018-04-24 12:21:00,0.06231243216194571
2018-04-24 12:24:00,0.06384782909481146
2018-04-24 12:27:00,-0.03947376432205374
2018-04-24 12:30:00,-0.0674438103887951
2018-04-24 12:33:00,-0.07340774222348045
2018-04-24 12:36:00,-0.1591815296931145
2018-04-24 12:39:00,-0.04594547910841129
2018-04-24 12:42:00,-0.09116044911593235
2018-04-24 12:45:00,-0.12509539195747266
2018-04-24 12:48:00,-0.1223963550369831
2018-04-24 12:51:00,-0.12134231574646037
2018-04-24 12:54:00,-0.1428495780871799
2018-04-24 12:57:00,-0.18807411966525933
2018-04-24 13:00:00,-0.2740967181667884
2018-04-24 13:03:00,-0.16013508410514987
2018-04-24 13:06:00,-0.20150152659851983
2018-04-24 13:09:00,-0.16026566247188612
2018-04-24 13:12:00,-0.22828618660241773
2018-04-24 13:15:00,-0.16713810643170746
2018-04-24 13:18:00,-0.22204405521495119
2018-04-24 13:21:00,-0.21131052122780147
2018-04-24 13:24:00,-0.15241218922642474
2018-04-24 13:27:00,-0.12811499268968873
2018-04-24 13:30:00,-0.2483776510356961
2018-04-24 13:33:00,-0.19615930614310173
2018-04-24 13:36:00,-0.2393973515926291
2018-04-24 13:39:00,-0.08545313938100207
2018-04-24 13:42:00,-0.23697270662154324
2018-04-24 13:45:00,-0.2676037723968534
2018-04-24 13:48:00,-0.10393567358818245
2018-04-24 13:51:00,-0.21772028363693607
2018-04-24 13:54:00,-0.2205708625934335
2018-04-24 13:57:00,-0.28686782430509083
2018-04-24 14:00:00,-0.3113037189797865
2018-04-24 14:03:00,-0.2554729840230152
2018-04-24 14:06:00,-0.30691397745005133
2018-04-24 14:09:00,-0.3106122012918604
2018-04-24 14:12:00,-0.2654218354502973
2018-04-24 14:15:00,-0.3172742985863124
2018-04-24 14:18:00,-0.15055676927585182
2018-04-24 14:21:00,-0.2849269353954469
2018-04-24 14:24:00,-0.1977595774509382
2018-04-24 14:27:00,-0.2591423151446861
2018-04-24 14:30:00,-0.27641064327997356
2018-04-24 14:33:00,-0.3133079056575525
2018-04-24 14:36:00,-0.3232959172866572
2018-04-24 14:39:00,-0.30201422405309586
2018-04-24 14:42:00,-0.21177137715346817
2018-04-24 14:45:00,-0.06412798958604071
2018-04-24 14:48:00,-0.19043604736924635
2018-04-24 14:51:00,-0.1581528000492085
2018-04-24 14:54:00,-0.09524856385792191
2018-04-24 14:57:00,-0.14551684938311382
2018-04-24 15:00:00,-0.08795049826676404
2018-04-24 15:03:00,-0.2193284174496739
2018-04-24 15:06:00,-0.1558244723108828
2018-04-24 15:09:00,-0.17958323501369478
2018-04-24 15:12:00,-0.17433653597197463
2018-04-24 15:15:00,-0.2087597061867541
2018-04-24 15:18:00,-0.25928947636077737
2018-04-24 15:21:00,-0.27925752686178384
2018-04-24 15:24:00,-0.2758485067801075
2018-04-24 15:27:00,-0.25483237665497427
2018-04-24 15:30:00,-0.1621817065845903
2018-04-24 15:33:00,0.10464404913579983
2018-04-24 15:36:00,0.11032154368956526
2018-04-24 15:39:00,0.16767365493785746
2018-04-24 15:42:00,0.23817681703656035
2018-04-24 15:45:00,0.15222850076912664
2018-04-24 15:48:00,0.2266124178913742
2018-04-24 15:51:00,0.13448202305261248
2018-04-24 15:54:00,0.055589136192622846
2018-04-24 15:57:00,0.061049795785777405
2018-04-24 16:00:00,-0.04758031583060074
2018-04-24 16:03:00,-0.22192825964810936
2018-04-24 16:06:00,-0.37433128608461175
2018-04-24 16:09:00,-0.18408366339667737
2018-04-24 16:12:00,-0.15019209306205994
2018-04-24 16:15:00,-0.11870904956913364
2018-04-24 16:18:00,-0.09295121045761334
2018-04-24 16:21:00,-0.22004198602672886
2018-04-24 16:24:00,-0.2586843407357833
2018-04-24 16:27:00,-0.1312780358348391
2018-04-24 16:30:00,-0.16831544301504664
2018-04-24 16:33:00,-0.06959018907622294
2018-04-24 16:36:00,-0.10734216094476778
2018-04-24 16:39:00,0.07782118703107699
2018-04-24 16:42:00,0.015062995071275509
2018-04-24 16:45:00,0.13241594880832963
2018-04-24 16:48:00,-0.1097934014625821
2018-04-24 16:51:00,-0.12620855638920148
2018-04-24 16:54:00,-0.04668358069534406
2018-04-24 16:57:00,0.07411187050598755
2018-04-24 17:00:00,0.07219812160678885
2018-04-24 17:03:00,0.10628064253688763
2018-04-24 17:06:00,0.2672722312168503
2018-04-24 17:09:00,0.18018738045600458
2018-04-24 17:12:00,0.09259155692416243
2018-04-24 17:15:00,-0.09377718891062159
2018-04-24 17:18:00,-0.013799066046374264
2018-04-24 17:21:00,-0.016127163338239825
2018-04-24 17:24:00,-0.11475912915926756
2018-04-24 17:27:00,-0.03542364682346033
2018-04-24 17:30:00,-0.11675275727372991
2018-04-24 17:33:00,-0.03853241148613051
2018-04-24 17:36:00,0.012880062294470918
2018-04-24 17:39:00,-0.030735830632067973
2018-04-24 17:42:00,0.020019968385099673
2018-04-24 17:45:00,-0.04091001071458322
2018-04-24 17:48:00,-0.028247659004875914
2018-04-24 17:51:00,-0.11212379649640525
2018-04-24 17:54:00,-0.021404428366963657
2018-04-24 17:57:00,0.04306853099876662
2018-04-24 18:00:00,0.0886222381473658
2018-04-24 18:03:00,0.13628815131278316
2018-04-24 18:06:00,0.20438690598626863
2018-04-24 18:09:00,0.2676121767534596
2018-04-24 18:12:00,0.19358061735533738
2018-04-24 18:15:00,-0.06814789611502192
2018-04-24 18:18:00,-0.09274213597620928
2018-04-24 18:21:00,-0.10300599447867853
2018-04-24 18:24:00,0.03268492605400297
2018-04-24 18:27:00,0.019147510693244385
2018-04-24 18:30:00,-0.022006561506486833
2018-04-24 18:33:00,-0.1354388078575539
2018-04-24 18:36:00,-0.04777868648289996
2018-04-24 18:39:00,-0.15944661503482394
2018-04-24 18:42:00,-0.027888878306043807
2018-04-24 18:45:00,-0.004922496720894287
2018-04-24 18:48:00,0.027271476081466517
2018-04-24 18:51:00,-0.06881889651293704
2018-04-24 18:54:00,
2018-04-24 18:57:00,
2018-04-24 19:00:00,
2018-04-24 19:03:00,-0.1144118633845892
2018-04-24 19:06:00,-0.10541879203987037
2018-04-24 19:09:00,-0.05234892059337426
2018-04-24 19:12:00,0.03386096977089892
2018-04-24 19:15:00,-0.07588001569581593
2018-04-24 19:18:00,-0.10633735496730878
2018-04-24 19:21:00,-0.0007688212367042979
2018-04-24 19:24:00,-0.025977418080515235
2018-04-24 19:27:00,-0.0013821462461578449
2018-04-24 19:30:00,0.013385293322585312
2018-04-24 19:33:00,-0.010847557571139532
2018-04-24 19:36:00,-0.004941967567162919
2018-04-24 19:39:00,-0.07503678939934844
2018-04-24 19:42:00,-0.023410178731865017
2018-04-24 19:45:00,-0.07117714279490883
2018-04-24 19:48:00,-0.00696031489599136
2018-04-24 19:51:00,-0.04149356425688211
2018-04-24 19:54:00,-0.013762456147730973
2018-04-24 19:57:00,0.07102481222830193
2018-04-24 20:00:00,0.014430977835274916
2018-04-24 20:03:00,-0.0019263987391582305
2018-04-24 20:06:00,-0.0006878758453012779
2018-04-24 20:09:00,-0.026261952976881275
2018-04-24 20:12:00,0.02741031564585228
2018-04-24 20:15:00,-0.07794785716117758
2018-04-24 20:18:00,0.006502545773685142
2018-04-24 20:21:00,-0.034350369159255933
2018-04-24 20:24:00,0.07386544731974709
2018-04-24 20:27:00,0.016322366338215488
2018-04-24 20:30:00,0.10529629302635612
2018-04-24 20:33:00,0.01856569622037796
2018-04-24 20:36:00,0.11838301531543038
2018-04-24 20:39:00,0.09210087550951584
2018-04-24 20:42:00,0.09714199178415583
2018-04-24 20:45:00,0.07717029896980421
2018-04-24 20:48:00,0.12098078779439447
2018-04-24 20:51:00,0.11483926043308657
2018-04-24 20:54:00,-0.03139575174310494
2018-04-24 20:57:00,0.103991968538935
2018-04-24 21:00:00,0.061804228578182574
2018-04-24 21:03:00,0.19722760183151422
2018-04-24 21:06:00,0.12145966506096784
2018-04-24 21:09:00,0.20794940461428268
2018-04-24 21:12:00,0.1294015630584795
2018-04-24 21:15:00,0.10506682317895866
2018-04-24 21:18:00,0.20818041071538573
2018-04-24 21:21:00,0.1736877147194491
2018-04-24 21:24:00,0.24644769249960063
2018-04-24 21:27:00,0.21744433801296736
2018-04-24 21:30:00,0.06134402665088601
2018-04-24 21:33:00,0.1511581923759877
2018-04-24 21:36:00,-9.924439126507423e-05
2018-04-24 21:39:00,0.1852844268962599
2018-04-24 21:42:00,0.16431111776421403
2018-04-24 21:45:00,0.20606446022418368
2018-04-24 21:48:00,0.08940024269963942
2018-04-24 21:51:00,0.12257274238129412
2018-04-24 21:54:00,0.10601927088833918
2018-04-24 21:57:00,0.2270248931196761
2018-04-24 22:00:00,0.19533281383939993
2018-04-24 22:03:00,0.10212845451667363
2018-04-24 22:06:00,0.08541119964132804
2018-04-24 22:09:00,0.11678265757916506
2018-04-24 22:12:00,0.04811574845899713
2018-04-24 22:15:00,0.11427303102510677
2018-04-24 22:18:00,0.09387041993778666
2018-04-24 22:21:00,0.09999368936928477
2018-04-24 22:24:00,0.182560298925182
2018-04-24 22:27:00,0.2057377896626349
2018-04-24 22:30:00,0.20037659840556898
2018-04-24 22:33:00,0.17095342236740407
2018-04-24 22:36:00,0.08330089952954722
2018-04-24 22:39:00,0.09073697959661331
2018-04-24 22:42:00,0.1287039971203967
2018-04-24 22:45:00,0.11134279586087814
2018-04-24 22:48:00,0.05086599280309656
2018-04-24 22:51:00,0.08328237911166525
2018-04-24 22:54:00,0.19844922901995687
2018-04-24 22:57:00,0.20759099890983634
2018-04-24 23:00:00,0.18788269085428055
2018-04-24 23:03:00,0.1975771722189279
2018-04-24 23:06:00,0.23638156864814164
2018-04-24 23:09:00,0.33013766803264843
2018-04-24 23:12:00,0.21310395270552362
2018-04-24 23:15:00,0.28545058221340014
2018-04-24 23:18:00,0.24732221194568638
2018-04-24 23:21:00,0.21231405357065114
2018-04-24 23:24:00,0.28868146696260055
2018-04-24 23:27:00,0.20483660371394308
2018-04-24 23:30:00,0.27122591506389426
2018-04-24 23:33:00,0.23645999206297574
2018-04-24 23:36:00,0.2525784924614527
2018-04-24 23:39:00,0.2821083093522816
2018-04-24 23:42:00,0.2761983027729116
2018-04-24 23:45:00,0.15612042459292752
2018-04-24 23:48:00,0.15418220143590133
2018-04-24 23:51:00,0.28700496620808735
2018-04-24 23:54:00,0.19861882949862775
2018-04-24 23:57:00,0.3133639597451179
2018-04-25 00:00:00,0.4362301496229293
2018-04-25 00:03:00,0.5142821573296033
2018-04-25 00:06:00,0.6251963467286714
2018-04-25 00:09:00,0.47489440162462415
2018-04-25 00:12:00,0.656486756586844
2018-04-25 00:15:00,0.7578637172752565
2018-04-25 00:18:00,0.7732846684542665
2018-04-25 00:21:00,0.6777906229897894
2018-04-25 00:24:00,0.6574086290622745
2018-04-25 00:27:00,0.6198734761252354
2018-04-25 00:30:00,0.6513983442927724
2018-04-25 00:33:00,0.6969642123379458
2018-04-25 00:36:00,0.7374471488109293
2018-04-25 00:39:00,0.6042282817174396
2018-04-25 00:42:00,0.5545492816741557
2018-04-25 00:45:00,0.4871350415626807
2018-04-25 00:48:00,0.5166528070100185
2018-04-25 00:51:00,0.5358503914837911
2018-04-25 00:54:00,0.5979969924006809
2018-04-25 00:57:00,0.5464804064188229
2018-04-25 01:00:00,0.45680138977394336
2018-04-25 01:03:00,0.4430819803804411
2018-04-25 01:06:00,0.41506494247283854
2018-04-25 01:09:00,0.5104937721021088
2018-04-25 01:12:00,0.3924080054055139
2018-04-25 01:15:00,0.4665219148048436
2018-04-25 01:18:00,0.5649387552923599
2018-04-25 01:21:00,0.44824416214311213
2018-04-25 01:24:00,0.5165347671429004
2018-04-25 01:27:00,0.4646883435083282
2018-04-25 01:30:00,0.38333139058556753
2018-04-25 01:33:00,0.3622383627769068
2018-04-25 01:36:00,0.4018350818539034
2018-04-25 01:39:00,0.2910141018538184
2018-04-25 01:42:00,0.3444675135895636
2018-04-25 01:45:00,0.398494766588783
2018-04-25 01:48:00,0.3466566556194266
2018-04-25 01:51:00,0.35370196805547494
2018-04-25 01:54:00,0.34186278669682224
2018-04-25 01:57:00,0.4072091686350632
2018-04-25 02:00:00,0.3632709884818155
2018-04-25 02:03:00,0.2966666586071369
2018-04-25 02:06:00,0.40270255053258097
2018-04-25 02:09:00,0.3973688154317756
2018-04-25 02:12:00,0.43849700498333277
2018-04-25 02:15:00,0.4680076320710782
2018-04-25 02:18:00,0.5026123165166041
2018-04-25 02:21:00,0.5179501436348914
2018-04-25 02:24:00,0.4683602960584494
2018-04-25 02:27:00,0.45809806413024035
2018-04-25 02:30:00,0.5194127113377931
2018-04-25 02:33:00,0.40239690144949236
2018-04-25 02:36:00,0.40359250263571766
2018-04-25 02:39:00,0.40633959534648056
2018-04-25 02:42:00,0.4281178253245912
2018-04-25 02:45:00,0.4683370626481178
2018-04-25 02:48:00,0.4301544770382293
2018-04-25 02:51:00,0.40166755003491517
2018-04-25 02:54:00,0.48452245431104757
2018-04-25 02:57:00,0.3564221191638808
2018-04-25 03:00:00,0.4794062565204058
2018-04-25 03:03:00,0.44783206650959073
2018-04-25 03:06:00,0.4119441148942542
2018-04-25 03:09:00,0.4230198664898239
2018-04-25 03:12:00,0.624896443611874
2018-04-25 03:15:00,0.570936555402568
2018-04-25 03:18:00,0.5107280698612158
2018-04-25 03:21:00,0.5452198963728279
2018-04-25 03:24:00,0.444909645083726
2018-04-25 03:27:00,0.5529916932205197
2018-04-25 03:30:00,0.5696244920360982
2018-04-25 03:33:00,0.5104775742253196
2018-04-25 03:36:00,0.44994128745111084
2018-04-25 03:39:00,0.39830141395964347
2018-04-25 03:42:00,0.4666289106869499
2018-04-25 03:45:00,0.5406296649060209
2018-04-25 03:48:00,0.5172136812532244
2018-04-25 03:51:00,0.5404559296258071
2018-04-25 03:54:00,0.4837656083832371
2018-04-25 03:57:00,0.44091410726105096
2018-04-25 04:00:00,0.5288368950692757
2018-04-25 04:03:00,0.5352254936424856
2018-04-25 04:06:00,0.4771366591317019
2018-04-25 04:09:00,0.4832660106529829
2018-04-25 04:12:00,0.488350867885913
2018-04-25 04:15:00,0.6077394629639912
2018-04-25 04:18:00,0.48276514459752207
2018-04-25 04:21:00,0.5112386572331502
2018-04-25 04:24:00,0.4116009727254095
2018-04-25 04:27:00,0.44660007055222195
2018-04-25 04:30:00,0.5168403033021036
2018-04-25 04:33:00,0.38629961198705587
2018-04-25 04:36:00,0.4702951103174655
2018-04-25 04:39:00,0.44073216461879383
2018-04-25 04:42:00,0.4627662932235239
2018-04-25 04:45:00,0.4926993705655036
2018-04-25 04:48:00,0.5345125193732088
2018-04-25 04:51:00,0.5230820748041083
2018-04-25 04:54:00,0.5292664518020729
2018-04-25 04:57:00,0.5737303956857431
2018-04-25 05:00:00,0.5315680436281127
2018-04-25 05:03:00,0.6236536976006164
2018-04-25 05:06:00,0.6506323037722268
2018-04-25 05:09:00,0.5758831981193566
2018-04-25 05:12:00,0.6041787092824507
2018-04-25 05:15:00,0.49240157775790294
2018-04-25 05:18:00,0.5193483368616967
2018-04-25 05:21:00,0.5570680239056855
2018-04-25 05:24:00,0.5373962143776225
2018-04-25 05:27:00,0.5843630685803305
2018-04-25 05:30:00,0.4843208077218719
2018-04-25 05:33:00,0.5696080058469875
2018-04-25 05:36:00,0.5330562590252157
2018-04-25 05:39:00,0.5117593773600788
2018-04-25 05:42:00,0.5436083444091651
2018-04-25 05:45:00,0.39355462581653455
2018-04-25 05:48:00,0.5861034606119802
2018-04-25 05:51:00,0.5546223860908412
2018-04-25 05:54:00,0.48449195305192916
2018-04-25 05:57:00,0.5374561626021546
2018-04-25 06:00:00,0.548709351035086
2018-04-25 06:03:00,0.5318914963506813
2018-04-25 06:06:00,0.5992974501484127
2018-04-25 06:09:00,0.5242055590705377
2018-04-25 06:12:00,0.5380379188518987
2018-04-25 06:15:00,0.5225314620152517
2018-04-25 06:18:00,0.49182378765561907
2018-04-25 06:21:00,0.6001645395778041
2018-04-25 06:24:00,0.47484790840945834
2018-04-25 06:27:00,0.4873169108612956
2018-04-25 06:30:00,0.5886347184579108
2018-04-25 06:33:00,0.5112930629325092
2018-04-25 06:36:00,0.5453029386800949
2018-04-25 06:39:00,0.5242543771286137
2018-04-25 06:42:00,0.6448393830586383
2018-04-25 06:45:00,0.5436320735174718
2018-04-25 06:48:00,0.6244880036319955
2018-04-25 06:51:00,0.6020138942161566
2018-04-25 06:54:00,0.5795957001349734
2018-04-25 06:57:00,0.5313871501637095
2018-04-25 07:00:00,0.5324662231402044
2018-04-25 07:03:00,0.5136314459869027
2018-04-25 07:06:00,0.4313422071558648
2018-04-25 07:09:00,0.5699309241284141
2018-04-25 07:12:00,0.5070294518682203
2018-04-25 07:15:00,0.5206590702329663
2018-04-25 07:18:00,0.4294364005555167
2018-04-25 07:21:00,0.5885645556441546
2018-04-25 07:24:00,0.5071473961897937
2018-04-25 07:27:00,0.585527843681632
2018-04-25 07:30:00,0.5156199173284222
2018-04-25 07:33:00,0.5795393040698968
2018-04-25 07:36:00,0.510301974453057
2018-04-25 07:39:00,0.4920489508761534
2018-04-25 07:42:00,0.49473410962525577
2018-04-25 07:45:00,0.5349594036443364
2018-04-25 07:48:00,0.476452350685463
2018-04-25 07:51:00,0.5812652433891685
2018-04-25 07:54:00,0.5316036940688491
2018-04-25 07:57:00,0.44031936103328917
2018-04-25 08:00:00,0.43183727638040637
2018-04-25 08:03:00,0.49984987279020743
2018-04-25 08:06:00,0.4246794772600424
2018-04-25 08:09:00,0.47522286911009815
2018-04-25 08:12:00,0.5159246459201654
2018-04-25 08:15:00,0.524073830384225
2018-04-25 08:18:00,0.4205461993322501
2018-04-25 08:21:00,0.5892258058752873
2018-04-25 08:24:00,0.4240951747449344
2018-04-25 08:27:00,0.3881088156073247
2018-04-25 08:30:00,0.46401025680472685
2018-04-25 08:33:00,0.3616384676470261
2018-04-25 08:36:00,0.4150341511006559
2018-04-25 08:39:00,0.4043787896907247
2018-04-25 08:42:00,0.3813796625148598
2018-04-25 08:45:00,0.3627082739399725
2018-04-25 08:48:00,0.35314338045321847
2018-04-25 08:51:00,0.4227138449180643
2018-04-25 08:54:00,0.3212693599238605
2018-04-25 08:57:00,0.34100000020470134
2018-04-25 09:00:00,0.24193426383737915
2018-04-25 09:03:00,0.2987436677402684
2018-04-25 09:06:00,0.2860079234574755
2018-04-25 09:09:00,0.22665365916185465
2018-04-25 09:12:00,0.33510588042253175
2018-04-25 09:15:00,0.29681011702768956
2018-04-25 09:18:00,0.2510270596973214
2018-04-25 09:21:00,0.3618515927353201
2018-04-25 09:24:00,0.23844610127605392
2018-04-25 09:27:00,0.3014043997220597
2018-04-25 09:30:00,0.16631103575355155
2018-04-25 09:33:00,0.1754803617475318
2018-04-25 09:36:00,0.1234752501830485
2018-04-25 09:39:00,0.20067518068816526
2018-04-25 09:42:00,0.18986814793316853
2018-04-25 09:45:00,0.23674853772229199
2018-04-25 09:48:00,0.14356629850550462
2018-04-25 09:51:00,0.21735093834109875
2018-04-25 09:54:00,0.11010377157469975
2018-04-25 09:57:00,0.16076450451799928
2018-04-25 10:00:00,0.15144480352239498
2018-04-25 10:03:00,0.14938485550095493
2018-04-25 10:06:00,0.19950341478204336
2018-04-25 10:09:00,0.046153302938705565
2018-04-25 10:12:00,0.13586918900114142
2018-04-25 10:15:00,0.0879888796001751
2018-04-25 10:18:00,0.04359986672852756
2018-04-25 10:21:00,0.13721923863533902
2018-04-25 10:24:00,0.09395606196005701
2018-04-25 10:27:00,0.0611831517516066
2018-04-25 10:30:00,-0.028395560770377415
2018-04-25 10:33:00,0.1451955353371659
2018-04-25 10:36:00,0.0423133222414549
2018-04-25 10:39:00,0.09604661296430095
2018-04-25 10:42:00,-0.05346577529178376
2018-04-25 10:45:00,0.0032006514073259495
2018-04-25 10:48:00,0.057075397013022666
2018-04-25 10:51:00,-0.012943138180048663
2018-04-25 10:54:00,0.07956796544226563
2018-04-25 10:57:00,0.07583061028617522
2018-04-25 11:00:00,0.07566934559145011
2018-04-25 11:03:00,0.008406231790218044
2018-04-25 11:06:00,0.057768651655294434
2018-04-25 11:09:00,0.006075456351425146
2018-04-25 11:12:00,0.027857726263107452
2018-04-25 11:15:00,-0.05147324279823806
2018-04-25 11:18:00,-0.141506600026446
2018-04-25 11:21:00,0.020382327430525038
2018-04-25 11:24:00,-0.20147729064586883
2018-04-25 11:27:00,0.0067431464053129275
2018-04-25 11:30:00,-0.21142416128122932
2018-04-25 11:33:00,-0.15071265295125613
2018-04-25 11:36:00,-0.0005724631292878257
2018-04-25 11:39:00,-0.032948002140756216
2018-04-25 11:42:00,-0.06733079467750258
2018-04-25 11:45:00,-0.05568744314848573
2018-04-25 11:48:00,-0.04030560465025701
2018-04-25 11:51:00,-0.14021654690600371
2018-04-25 11:54:00,-0.2073846490451956
2018-04-25 11:57:00,-0.16130726755847036
2018-04-25 12:00:00,-0.12928776000546804
2018-04-25 12:03:00,-0.08492160964851792
2018-04-25 12:06:00,-0.03833498394669732
2018-04-25 12:09:00,-0.1270991405285713
2018-04-25 12:12:00,-0.13094434882646055
2018-04-25 12:15:00,-0.13066806322763114
2018-04-25 12:18:00,-0.22512082858321492
2018-04-25 12:21:00,-0.030810433864587594
2018-04-25 12:24:00,-0.1551730470459347
2018-04-25 12:27:00,-0.14779269677393359
2018-04-25 12:30:00,-0.1772509572896297
2018-04-25 12:33:00,-0.031108757298625278
2018-04-25 12:36:00,-0.08645094993249813
2018-04-25 12:39:00,0.07260271839680854
2018-04-25 12:42:00,0.0575961614245557
2018-04-25 12:45:00,-0.14696134500837843
2018-04-25 12:48:00,-0.1279810774048542
2018-04-25 12:51:00,-0.06847062798669867
2018-04-25 12:54:00,-0.058282384662732056
2018-04-25 12:57:00,0.007007872834662976
2018-04-25 13:00:00,0.010119180543597395
2018-04-25 13:03:00,0.028855279452102423
2018-04-25 13:06:00,-0.019967032615625158
2018-04-25 13:09:00,-0.007418122877766109
2018-04-25 13:12:00,-0.02437538836539943
2018-04-25 13:15:00,0.11514924422721151
2018-04-25 13:18:00,0.08524744350961555
2018-04-25 13:21:00,0.09318676304548035
2018-04-25 13:24:00,-0.03830676267494937
2018-04-25 13:27:00,-0.07839944976655033
2018-04-25 13:30:00,0.06927224112320118
2018-04-25 13:33:00,-0.1523608322617065
2018-04-25 13:36:00,-0.0884635038100896
2018-04-25 13:39:00,-0.03883834718010348
2018-04-25 13:42:00,-0.10827608741010408
2018-04-25 13:45:00,-0.14617865952300235
2018-04-25 13:48:00,-0.20206614894925679
2018-04-25 13:51:00,-0.19838004421626465
2018-04-25 13:54:00,-0.1802076678561093
2018-04-25 13:57:00,-0.18144564974204513
2018-04-25 14:00:00,-0.17124434897090168
2018-04-25 14:03:00,-0.23784727125456584
2018-04-25 14:06:00,-0.1578998328464536
2018-04-25 14:09:00,-0.08308842654560067
2018-04-25 14:12:00,-0.24826552408194402
2018-04-25 14:15:00,-0.20708592549004834
2018-04-25 14:18:00,-0.11166744406767748
2018-04-25 14:21:00,-0.025610377765133308
2018-04-25 14:24:00,-0.08755816697879482
2018-04-25 14:27:00,-0.02967759261360925
2018-04-25 14:30:00,-0.08211412706708643
2018-04-25 14:33:00,-0.13098366423190555
2018-04-25 14:36:00,-0.21816460629605672
2018-04-25 14:39:00,-0.1924693359744083
2018-04-25 14:42:00,-0.0532942471099318
2018-04-25 14:45:00,-0.16224094889861362
2018-04-25 14:48:00,-0.1914171753003302
2018-04-25 14:51:00,-0.07767788257785924
2018-04-25 14:54:00,-0.16036991514920373
2018-04-25 14:57:00,-0.242081033282318
2018-04-25 15:00:00,-0.20614793620421779
2018-04-25 15:03:00,-0.1497509858173771
2018-04-25 15:06:00,-0.217594769531388
2018-04-25 15:09:00,-0.1179589387357396
2018-04-25 15:12:00,-0.20547687604113207
2018-04-25 15:15:00,-0.22557942624598581
2018-04-25 15:18:00,-0.20095203836058317
2018-04-25 15:21:00,-0.2109573070038664
2018-04-25 15:24:00,-0.1966052206685731
2018-04-25 15:27:00,-0.22422315396079284
2018-04-25 15:30:00,-0.2953126890690214
2018-04-25 15:33:00,-0.1792389932127776
2018-04-25 15:36:00,-0.17770244478782615
2018-04-25 15:39:00,-0.10910952763293835
2018-04-25 15:42:00,-0.21365950688277735
2018-04-25 15:45:00,-0.08744838620106066
2018-04-25 15:48:00,-0.19128893113469303
2018-04-25 15:51:00,-0.15841880261797314
2018-04-25 15:54:00,-0.12795044055292237
2018-04-25 15:57:00,-0.20800656444214383
2018-04-25 16:00:00,-0.20031265696064793
2018-04-25 16:03:00,-0.18416729480225058
2018-04-25 16:06:00,-0.1741308093954217
2018-04-25 16:09:00,-0.19487309793879604
2018-04-25 16:12:00,-0.13628710752124107
2018-04-25 16:15:00,-0.13251785699833363
2018-04-25 16:18:00,-0.07310451222309666
2018-04-25 16:21:00,-0.053157706199328913
2018-04-25 16:24:00,-0.010298235530740385
2018-04-25 16:27:00,-0.04957769496434139
2018-04-25 16:30:00,0.004425051140799496
2018-04-25 16:33:00,-0.09459837349663758
2018-04-25 16:36:00,-0.17053032436825788
2018-04-25 16:39:00,-0.041164468464273796
2018-04-25 16:42:00,0.015799368051375495
2018-04-25 16:45:00,-0.023611082079924017
2018-04-25 16:48:00,0.06893381919792319
2018-04-25 16:51:00,0.18116374957799053
2018-04-25 16:54:00,0.03325179020419
2018-04-25 16:57:00,0.06683027351147075
2018-04-25 17:00:00,0.12742972358495308
2018-04-25 17:03:00,0.12547099067518275
2018-04-25 17:06:00,0.10824029557778658
2018-04-25 17:09:00,-0.02639771301409155
2018-04-25 17:12:00,0.14246928180466512
2018-04-25 17:15:00,0.17000858187816448
2018-04-25 17:18:00,0.0426860588433442
2018-04-25 17:21:00,0.14933259052361336
2018-04-25 17:24:00,0.08320545401699064
2018-04-25 17:27:00,0.13482062004732143
2018-04-25 17:30:00,0.17690733246683976
2018-04-25 17:33:00,0.12658117843909622
2018-04-25 17:36:00,0.21013786559296932
2018-04-25 17:39:00,0.03863494134435541
2018-04-25 17:42:00,0.04960499474248081
2018-04-25 17:45:00,0.11344633538124071
2018-04-25 17:48:00,0.14245390194975016
2018-04-25 17:51:00,0.14009737937834643
2018-04-25 17:54:00,0.11362025279248655
2018-04-25 17:57:00,0.03949842503112677
2018-04-25 18:00:00,0.11687336638914303
2018-04-25 18:03:00,0.017917422344225997
2018-04-25 18:06:00,0.04521474362337585
2018-04-25 18:09:00,0.034061970733262115
2018-04-25 18:12:00,0.14158171386497997
2018-04-25 18:15:00,0.22170026340768345
2018-04-25 18:18:00,0.17726673593472242
2018-04-25 18:21:00,0.10510135187035985
2018-04-25 18:24:00,0.09578807242712628
2018-04-25 18:27:00,0.17804562134284652
2018-04-25 18:30:00,0.11860215831222831
2018-04-25 18:33:00,0.19180699968279669
2018-04-25 18:36:00,0.10687047670342054
2018-04-25 18:39:00,0.09416740265123735
2018-04-25 18:42:00,0.07660468535300424
2018-04-25 18:45:00,0.06520797898218689
2018-04-25 18:48:00,0.05448988860393911
2018-04-25 18:51:00,0.16381155583820828
2018-04-25 18:54:00,
2018-04-25 18:57:00,
2018-04-25 19:00:00,
2018-04-25 19:03:00,0.07385776653717357
2018-04-25 19:06:00,0.10612460048457706
2018-04-25 19:09:00,0.18010483335137906
2018-04-25 19:12:00,0.16818786588260082
2018-04-25 19:15:00,0.1809757160214076
2018-04-25 19:18:00,0.11418615330086368
2018-04-25 19:21:00,0.14123352125318434
2018-04-25 19:24:00,0.18176980280082944
2018-04-25 19:27:00,0.19401489348689438
2018-04-25 19:30:00,0.1975821794110857
2018-04-25 19:33:00,0.09830902795846441
2018-04-25 19:36:00,0.22815551707469695
2018-04-25 19:39:00,0.19902401952919035
2018-04-25 19:42:00,0.16304499585510257
2018-04-25 19:45:00,0.1498592041076563
2018-04-25 19:48:00,0.08341845707496987
2018-04-25 19:51:00,0.20888657136839583
2018-04-25 19:54:00,0.18201447699306073
2018-04-25 19:57:00,0.21953549748184287
2018-04-25 20:00:00,0.2882683572541396
2018-04-25 20:03:00,0.15490721849079137
2018-04-25 20:06:00,0.12663498171963283
2018-04-25 20:09:00,0.213227012816958
2018-04-25 20:12:00,0.18323871115245538
2018-04-25 20:15:00,0.17449650756947221
2018-04-25 20:18:00,0.24289813166717522
2018-04-25 20:21:00,0.20251192927310058
2018-04-25 20:24:00,0.26982058067721937
2018-04-25 20:27:00,0.19597014090965104
2018-04-25 20:30:00,0.24952188433104538
2018-04-25 20:33:00,0.09521344692342382
2018-04-25 20:36:00,0.18821239880440999
2018-04-25 20:39:00,0.20042141355287413
2018-04-25 20:42:00,0.18218327314286853
2018-04-25 20:45:00,0.26660949301896153
2018-04-25 20:48:00,0.2163566380326074
2018-04-25 20:51:00,0.2280183033353751
2018-04-25 20:54:00,0.16531574671375893
2018-04-25 20:57:00,0.21690205021531028
2018-04-25 21:00:00,0.2090270166555115
2018-04-25 21:03:00,0.19622882164730981
2018-04-25 21:06:00,0.22307336147747492
2018-04-25 21:09:00,0.1884986889671154
2018-04-25 21:12:00,0.14801286179528006
2018-04-25 21:15:00,0.211427742901094
2018-04-25 21:18:00,0.253186386345817
2018-04-25 21:21:00,0.22028337243932583
2018-04-25 21:24:00,0.20388490204595655
2018-04-25 21:27:00,0.22291506565653663
2018-04-25 21:30:00,0.2621230524663929
2018-04-25 21:33:00,0.27061347411341785
2018-04-25 21:36:00,0.256067929331266
2018-04-25 21:39:00,0.2688945369308726
2018-04-25 21:42:00,0.24947708594396545
2018-04-25 21:45:00,0.11663613133771378
2018-04-25 21:48:00,0.29972813968527134
2018-04-25 21:51:00,0.21348662813056762
2018-04-25 21:54:00,0.19952497476515418
2018-04-25 21:57:00,0.16744754939833228
2018-04-25 22:00:00,0.2361754599617143
2018-04-25 22:03:00,0.24830398597197245
2018-04-25 22:06:00,0.2823492248599564
2018-04-25 22:09:00,0.23844430404335526
2018-04-25 22:12:00,0.27750515972718404
2018-04-25 22:15:00,0.19015817418750203
2018-04-25 22:18:00,0.09808568235456505
2018-04-25 22:21:00,0.10403699495697083
2018-04-25 22:24:00,0.18966761236498542
2018-04-25 22:27:00,0.1978412062506436
2018-04-25 22:30:00,0.22047241614330915
2018-04-25 22:33:00,0.25420159608307813
2018-04-25 22:36:00,0.32762386972279955
2018-04-25 22:39:00,0.32528955872629695
2018-04-25 22:42:00,0.3602845946099933
2018-04-25 22:45:00,0.3113084865789233
2018-04-25 22:48:00,0.34123800722630904
2018-04-25 22:51:00,0.43042568582581
2018-04-25 22:54:00,0.40518464209128524
2018-04-25 22:57:00,0.31570553984153094
2018-04-25 23:00:00,0.35576758030560995
2018-04-25 23:03:00,0.3758533950227161
2018-04-25 23:06:00,0.31397329561525567
2018-04-25 23:09:00,0.3843728510972255
2018-04-25 23:12:00,0.385283819286542
2018-04-25 23:15:00,0.4215025436559472
2018-04-25 23:18:00,0.4266976162244873
2018-04-25 23:21:00,0.4373400935859877
2018-04-25 23:24:00,0.4432342990292568
2018-04-25 23:27:00,0.3725591454835353
2018-04-25 23:30:00,0.3732622885580099
2018-04-25 23:33:00,0.4054141543950891
2018-04-25 23:36:00,0.4223160574163103
2018-04-25 23:39:00,0.33830220371135056
2018-04-25 23:42:00,0.3672849175118813
2018-04-25 23:45:00,0.4026576736562788
2018-04-25 23:48:00,0.3633353299565556
2018-04-25 23:51:00,0.3668193721383659
2018-04-25 23:54:00,0.35339564189325756
2018-04-25 23:57:00,0.3968378292088346
2018-04-26 00:00:00,0.2915359905534274
2018-04-26 00:03:00,0.36076913408851397
2018-04-26 00:06:00,0.32356758749989467
2018-04-26 00:09:00,0.39493093667431367
2018-04-26 00:12:00,0.3935548141608365
2018-04-26 00:15:00,0.39375216435422544
2018-04-26 00:18:00,0.30824467597341254
2018-04-26 00:21:00,0.36270757316430036
2018-04-26 00:24:00,0.34163505273124883
2018-04-26 00:27:00,0.3241522513519044
2018-04-26 00:30:00,0.4037916388144822
2018-04-26 00:33:00,0.41624075281174555
2018-04-26 00:36:00,0.3983350898807885
2018-04-26 00:39:00,0.4160495630097216
2018-04-26 00:42:00,0.3617784047187911
2018-04-26 00:45:00,0.3821831603981991
2018-04-26 00:48:00,0.4211845785516175
2018-04-26 00:51:00,0.476129077688654
2018-04-26 00:54:00,0.4534893666545372
2018-04-26 00:57:00,0.4625447607728006
2018-04-26 01:00:00,0.47368187637033543
2018-04-26 01:03:00,0.39039093372110756
2018-04-26 01:06:00,0.3636366600988481
2018-04-26 01:09:00,0.43166905609791684
2018-04-26 01:12:00,0.31279569251540806
2018-04-26 01:15:00,0.3663561441435377
2018-04-26 01:18:00,0.40590188700457475
2018-04-26 01:21:00,0.37645609173813455
2018-04-26 01:24:00,0.3597573007472761
2018-04-26 01:27:00,0.360943168379265
2018-04-26 01:30:00,0.31035799501950123
2018-04-26 01:33:00,0.3146684981496719
2018-04-26 01:36:00,0.4491610550279006
2018-04-26 01:39:00,0.42377102021902147
2018-04-26 01:42:00,0.38574146347474425
2018-04-26 01:45:00,0.48596721595487224
2018-04-26 01:48:00,0.46811013688829917
2018-04-26 01:51:00,0.43495202531897803
2018-04-26 01:54:00,0.5262367071502467
2018-04-26 01:57:00,0.39077845175893344
2018-04-26 02:00:00,0.36092110840257874
2018-04-26 02:03:00,0.3032639847350538
2018-04-26 02:06:00,0.3918050951863279
2018-04-26 02:09:00,0.32636468292866994
2018-04-26 02:12:00,0.38110022541678745
2018-04-26 02:15:00,0.4114297721534399
2018-04-26 02:18:00,0.4129509466004606
2018-04-26 02:21:00,0.44894648763209943
2018-04-26 02:24:00,0.43946711712243314
2018-04-26 02:27:00,0.4386958850574274
2018-04-26 02:30:00,0.4200594183559474
2018-04-26 02:33:00,0.48735549283946966
2018-04-26 02:36:00,0.47348015371090924
2018-04-26 02:39:00,0.46248500632287914
2018-04-26 02:42:00,0.4800858209565604
2018-04-26 02:45:00,0.42406925506378457
2018-04-26 02:48:00,0.4888351794512573
2018-04-26 02:51:00,0.4184866304221373
2018-04-26 02:54:00,0.43568825577796133
2018-04-26 02:57:00,0.4461813900924767
2018-04-26 03:00:00,0.3902811463020157
2018-04-26 03:03:00,0.4469552804698651
2018-04-26 03:06:00,0.45343854138860706
2018-04-26 03:09:00,0.2983468799735647
2018-04-26 03:12:00,0.35477251821777145
2018-04-26 03:15:00,0.4001933088971441
2018-04-26 03:18:00,0.3254243656228937
2018-04-26 03:21:00,0.379752712522361
2018-04-26 03:24:00,0.40163114555753054
2018-04-26 03:27:00,0.3875579719219786
2018-04-26 03:30:00,0.41630980540963947
2018-04-26 03:33:00,0.3928756177767241
2018-04-26 03:36:00,0.4225585703995307
2018-04-26 03:39:00,0.3725932706585695
2018-04-26 03:42:00,0.3801481119999721
2018-04-26 03:45:00,0.377000540372876
2018-04-26 03:48:00,0.42223361378364643
2018-04-26 03:51:00,0.505590636381271
2018-04-26 03:54:00,0.44652597980996234
2018-04-26 03:57:00,0.45261630377126494
2018-04-26 04:00:00,0.48960817877610907
2018-04-26 04:03:00,0.4801431983865996
2018-04-26 04:06:00,0.48728970115132597
2018-04-26 04:09:00,0.46391130459562646
2018-04-26 04:12:00,0.43418431910896516
2018-04-26 04:15:00,0.4150115742516505
2018-04-26 04:18:00,0.475174103428742
2018-04-26 04:21:00,0.5056938452043482
2018-04-26 04:24:00,0.5025110909286354
2018-04-26 04:27:00,0.3544636341908358
2018-04-26 04:30:00,0.31235470164307344
2018-04-26 04:33:00,0.33482783471112043
2018-04-26 04:36:00,0.49768851353798027
2018-04-26 04:39:00,0.37482205339074426
2018-04-26 04:42:00,0.47182886081770903
2018-04-26 04:45:00,0.5073322659656014
2018-04-26 04:48:00,0.4401673546262259
2018-04-26 04:51:00,0.42618825595894805
2018-04-26 04:54:00,0.3848849127830931
2018-04-26 04:57:00,0.43874856115684224
2018-04-26 05:00:00,0.3638404763719336
2018-04-26 05:03:00,0.4391512271623128
2018-04-26 05:06:00,0.5124776207096602
2018-04-26 05:09:00,0.4250334954771233
2018-04-26 05:12:00,0.2942322003625577
2018-04-26 05:15:00,0.5515667739680339
2018-04-26 05:18:00,0.48433238142234813
2018-04-26 05:21:00,0.47079483546582424
2018-04-26 05:24:00,0.4872910152238319
2018-04-26 05:27:00,0.45369852804645916
2018-04-26 05:30:00,0.46341542786331047
2018-04-26 05:33:00,0.44400380217069824
2018-04-26 05:36:00,0.4488882044621505
2018-04-26 05:39:00,0.5444886192707941
2018-04-26 05:42:00,0.40794295075193077
2018-04-26 05:45:00,0.48323590397626504
2018-04-26 05:48:00,0.32812479665750516
2018-04-26 05:51:00,0.393256853354103
2018-04-26 05:54:00,0.4095244735567576
2018-04-26 05:57:00,0.45772087845006126
2018-04-26 06:00:00,0.3866930922845313
2018-04-26 06:03:00,0.3208285413733165
2018-04-26 06:06:00,0.5089997154507842
2018-04-26 06:09:00,0.42412430178478644
2018-04-26 06:12:00,0.49832985307756417
2018-04-26 06:15:00,0.3993911073380332
2018-04-26 06:18:00,0.3814203073930571
2018-04-26 06:21:00,0.42913465181862875
2018-04-26 06:24:00,0.3174103656732541
2018-04-26 06:27:00,0.35130279263097464
2018-04-26 06:30:00,0.4023389130422288
2018-04-26 06:33:00,0.5113397661149861
2018-04-26 06:36:00,0.40800608843090913
2018-04-26 06:39:00,0.435745825985407
2018-04-26 06:42:00,0.5290944536026814
2018-04-26 06:45:00,0.4840380855861781
2018-04-26 06:48:00,0.406838140671141
2018-04-26 06:51:00,0.4652535060665173
2018-04-26 06:54:00,0.4867913800204633
2018-04-26 06:57:00,0.4563423201723822
2018-04-26 07:00:00,0.4886573574950148
2018-04-26 07:03:00,0.669958743962809
2018-04-26 07:06:00,0.7590650072323228
2018-04-26 07:09:00,0.7244661270462984
2018-04-26 07:12:00,0.7718997909283871
2018-04-26 07:15:00,0.7060993103673354
2018-04-26 07:18:00,0.7114769384505166
2018-04-26 07:21:00,0.7138975123540945
2018-04-26 07:24:00,0.5669012294056301
2018-04-26 07:27:00,0.5760535018397377
2018-04-26 07:30:00,0.6675570956895172
2018-04-26 07:33:00,0.5224899669394745
2018-04-26 07:36:00,0.5281765747016607
2018-04-26 07:39:00,0.47473173375152555
2018-04-26 07:42:00,0.4452851683425365
2018-04-26 07:45:00,0.3520809551049524
2018-04-26 07:48:00,0.5128343922016256
2018-04-26 07:51:00,0.5273511857377002
2018-04-26 07:54:00,0.5189194229303098
2018-04-26 07:57:00,0.37779118207737383
2018-04-26 08:00:00,0.39591320291953025
2018-04-26 08:03:00,0.4259544328961624
2018-04-26 08:06:00,0.48862315460002037
2018-04-26 08:09:00,0.5283261607364693
2018-04-26 08:12:00,0.41413031371467923
2018-04-26 08:15:00,0.43915682692164637
2018-04-26 08:18:00,0.4562310775058904
2018-04-26 08:21:00,0.3363056402778284
2018-04-26 08:24:00,0.5004358179230053
2018-04-26 08:27:00,0.42046190840937925
2018-04-26 08:30:00,0.45207050350143163
2018-04-26 08:33:00,0.35891742010693406
2018-04-26 08:36:00,0.3285164048008369
2018-04-26 08:39:00,0.43924829095084306
2018-04-26 08:42:00,0.37070751880139596
2018-04-26 08:45:00,0.27523022900294336
2018-04-26 08:48:00,0.4455405347208625
2018-04-26 08:51:00,0.42795137905284264
2018-04-26 08:54:00,0.3444024160402819
2018-04-26 08:57:00,0.41903486050705396
2018-04-26 09:00:00,0.3672857442853683
2018-04-26 09:03:00,0.3510639220136227
2018-04-26 09:06:00,0.30302891929454745
2018-04-26 09:09:00,0.41155980761055844
2018-04-26 09:12:00,0.35830175331540204
2018-04-26 09:15:00,0.279030626473741
2018-04-26 09:18:00,0.3825814574805122
2018-04-26 09:21:00,0.47291848608591636
2018-04-26 09:24:00,0.33209621729054106
2018-04-26 09:27:00,0.4769312797868679
2018-04-26 09:30:00,0.42178419188428506
2018-04-26 09:33:00,0.30834786916108214
2018-04-26 09:36:00,0.39664658848596446
2018-04-26 09:39:00,0.36774905497355803
2018-04-26 09:42:00,0.3756033222087467
2018-04-26 09:45:00,0.300394037462695
2018-04-26 09:48:00,0.24407769010053926
2018-04-26 09:51:00,0.3334756841450144
2018-04-26 09:54:00,0.2590320685071106
2018-04-26 09:57:00,0.4431787527349229
2018-04-26 10:00:00,0.304783000215366
2018-04-26 10:03:00,0.263371321414013
2018-04-26 10:06:00,0.25821377158092673
2018-04-26 10:09:00,0.4281556150895085
2018-04-26 10:12:00,0.28610433258154444
2018-04-26 10:15:00,0.30625339552648256
2018-04-26 10:18:00,0.23642119719551147
2018-04-26 10:21:00,0.26583590799788226
2018-04-26 10:24:00,0.1183383191078633
2018-04-26 10:27:00,0.25162376726058255
2018-04-26 10:30:00,0.2180576661202167
2018-04-26 10:33:00,0.1613094481065218
2018-04-26 10:36:00,0.07866300335871301
2018-04-26 10:39:00,0.06921130252823104
2018-04-26 10:42:00,0.17324501877311604
2018-04-26 10:45:00,0.3120892201217771
2018-04-26 10:48:00,0.06616444057647186
2018-04-26 10:51:00,0.08820785145627497
2018-04-26 10:54:00,0.09159190950083484
2018-04-26 10:57:00,0.029222422955967886
2018-04-26 11:00:00,0.19618477860188932
2018-04-26 11:03:00,0.07964480692896814
2018-04-26 11:06:00,0.04134988130221018
2018-04-26 11:09:00,0.06990568285175414
2018-04-26 11:12:00,0.15406633418695037
2018-04-26 11:15:00,0.12454057646942829
2018-04-26 11:18:00,0.07070797268431761
2018-04-26 11:21:00,0.18415723642959847
2018-04-26 11:24:00,0.13745216175328778
2018-04-26 11:27:00,0.15419740388108494
2018-04-26 11:30:00,0.09947354813363063
2018-04-26 11:33:00,0.11130064117639904
2018-04-26 11:36:00,0.04457111038880157
2018-04-26 11:39:00,0.017629494529330714
2018-04-26 11:42:00,-0.041480988547789366
2018-04-26 11:45:00,0.07131580685859262
2018-04-26 11:48:00,0.009431911878664323
2018-04-26 11:51:00,0.01388591134809758
2018-04-26 11:54:00,-0.07387478144465831
2018-04-26 11:57:00,0.08488711777459912
2018-04-26 12:00:00,0.14594160091883168
2018-04-26 12:03:00,0.05411401455819487
2018-04-26 12:06:00,0.01773729386894729
2018-04-26 12:09:00,0.07961494143972914
2018-04-26 12:12:00,0.08608910190605457
2018-04-26 12:15:00,-0.026479088371274884
2018-04-26 12:18:00,-0.10984452883207041
2018-04-26 12:21:00,0.019438434621918077
2018-04-26 12:24:00,0.007329453805937192
2018-04-26 12:27:00,-0.03790401944911537
2018-04-26 12:30:00,0.013298083852646414
2018-04-26 12:33:00,-0.0509056230584406
2018-04-26 12:36:00,-0.1528403757775436
2018-04-26 12:39:00,-0.052143380615802926
2018-04-26 12:42:00,-0.0061578694416084545
2018-04-26 12:45:00,-0.07644517976899579
2018-04-26 12:48:00,-0.05285537622120273
2018-04-26 12:51:00,-0.1357503712586663
2018-04-26 12:54:00,-0.10989808416343294
2018-04-26 12:57:00,-0.07547759750917749
2018-04-26 13:00:00,-0.05194993181805785
2018-04-26 13:03:00,-0.09786429785037853
2018-04-26 13:06:00,-0.07432533964220056
2018-04-26 13:09:00,-0.11680408945665022
2018-04-26 13:12:00,-0.17667949546171258
2018-04-26 13:15:00,-0.1708679770982826
2018-04-26 13:18:00,-0.20952409832358398
2018-04-26 13:21:00,-0.12530176660050074
2018-04-26 13:24:00,-0.20867069994892518
2018-04-26 13:27:00,-0.15294821687245985
2018-04-26 13:30:00,-0.20031179317737724
2018-04-26 13:33:00,-0.1594688296502227
2018-04-26 13:36:00,-0.1944619037003008
2018-04-26 13:39:00,-0.21619044595792047
2018-04-26 13:42:00,-0.09037151621720341
2018-04-26 13:45:00,-0.1861359334258168
2018-04-26 13:48:00,-0.10493903076678635
2018-04-26 13:51:00,-0.17920132864986726
2018-04-26 13:54:00,-0.12096122658340391
2018-04-26 13:57:00,-0.12720732973599524
2018-04-26 14:00:00,-0.18510647107831346
2018-04-26 14:03:00,-0.12290814318367893
2018-04-26 14:06:00,-0.09698712925205655
2018-04-26 14:09:00,-0.09395353931870432
2018-04-26 14:12:00,-0.012733858871058601
2018-04-26 14:15:00,0.06727906673046391
2018-04-26 14:18:00,0.2104604917647066
2018-04-26 14:21:00,0.15710910457437421
2018-04-26 14:24:00,0.13447403699467486
2018-04-26 14:27:00,0.018409118120985113
2018-04-26 14:30:00,-0.23419693922630813
2018-04-26 14:33:00,-0.30045141406969833
2018-04-26 14:36:00,-0.23524614471625682
2018-04-26 14:39:00,-0.29437471250207636
2018-04-26 14:42:00,-0.24769230567812883
2018-04-26 14:45:00,-0.26107609303818435
2018-04-26 14:48:00,-0.09731406848192137
2018-04-26 14:51:00,-0.25619200748593585
2018-04-26 14:54:00,-0.12350945115508694
2018-04-26 14:57:00,-0.19973290130303667
2018-04-26 15:00:00,-0.2588899276877328
2018-04-26 15:03:00,-0.2688490258992715
2018-04-26 15:06:00,-0.2935029117292629
2018-04-26 15:09:00,-0.2013956326267703
2018-04-26 15:12:00,-0.18945101371519968
2018-04-26 15:15:00,-0.15802826403995596
2018-04-26 15:18:00,-0.137916305889064
2018-04-26 15:21:00,-0.15785312289062858
2018-04-26 15:24:00,-0.05213997900744971
2018-04-26 15:27:00,0.005956361046514758
2018-04-26 15:30:00,0.05481850212277095
2018-04-26 15:33:00,-0.06867192609826134
2018-04-26 15:36:00,-0.09330940761691409
2018-04-26 15:39:00,-0.19924320407801588
2018-04-26 15:42:00,-0.19048464799465137
2018-04-26 15:45:00,-0.13629147283171505
2018-04-26 15:48:00,-0.1297433143833473
2018-04-26 15:51:00,-0.10227813325059287
2018-04-26 15:54:00,-0.2205335282812939
2018-04-26 15:57:00,-0.15313517251649955
2018-04-26 16:00:00,-0.07879196032195068
2018-04-26 16:03:00,-0.19744181927507043
2018-04-26 16:06:00,-0.04932771147355197
2018-04-26 16:09:00,-0.09951693134087236
2018-04-26 16:12:00,-0.18305116484265227
2018-04-26 16:15:00,-0.17074135319535344
2018-04-26 16:18:00,-0.19035740639128562
2018-04-26 16:21:00,-0.1497673291665933
2018-04-26 16:24:00,-0.1996315901785124
2018-04-26 16:27:00,-0.17382909715513506
2018-04-26 16:30:00,-0.15637786370348294
2018-04-26 16:33:00,-0.19791219173788477
2018-04-26 16:36:00,-0.13818174057064425
2018-04-26 16:39:00,-0.2648265048425742
2018-04-26 16:42:00,-0.19387668290585225
2018-04-26 16:45:00,-0.1896459219561848
2018-04-26 16:48:00,-0.2679584637650123
2018-04-26 16:51:00,-0.19437850786266608
2018-04-26 16:54:00,-0.2510505555517284
2018-04-26 16:57:00,-0.08584719757141102
2018-04-26 17:00:00,-0.08191132294757608
2018-04-26 17:03:00,-0.047659866280184815
2018-04-26 17:06:00,0.017850126221787832
2018-04-26 17:09:00,0.03452661178971539
2018-04-26 17:12:00,0.11360549700231104
2018-04-26 17:15:00,-0.05766893981621024
2018-04-26 17:18:00,-0.13104642277437506
2018-04-26 17:21:00,-0.06773054588586547
2018-04-26 17:24:00,-0.03749548075529674
2018-04-26 17:27:00,-0.04763592158144547
2018-04-26 17:30:00,-0.24164192927645445
2018-04-26 17:33:00,-0.019724662975704632
2018-04-26 17:36:00,-0.17238665361350058
2018-04-26 17:39:00,-0.11150126073835054
2018-04-26 17:42:00,-0.0903506698732599
2018-04-26 17:45:00,-0.06495916838537141
2018-04-26 17:48:00,0.09014071993624384
2018-04-26 17:51:00,0.028353123592182783
2018-04-26 17:54:00,-0.014345145958827743
2018-04-26 17:57:00,0.03261994806103985
2018-04-26 18:00:00,0.03223406776777438
2018-04-26 18:03:00,0.010218242004953026
2018-04-26 18:06:00,0.19467229373515238
2018-04-26 18:09:00,0.16447337430787456
2018-04-26 18:12:00,0.15952587262722773
2018-04-26 18:15:00,0.23997863167807054
2018-04-26 18:18:00,0.28000691217550866
2018-04-26 18:21:00,0.4599538440772335
2018-04-26 18:24:00,0.27702310887036674
2018-04-26 18:27:00,0.42932742535634816
2018-04-26 18:30:00,0.317292471799135
2018-04-26 18:33:00,0.29583075264991976
2018-04-26 18:36:00,0.24989599590520584
2018-04-26 18:39:00,0.37671379516888237
2018-04-26 18:42:00,0.534867597756886
2018-04-26 18:45:00,0.6036532465641358
2018-04-26 18:48:00,0.8048593228946288
2018-04-26 18:51:00,0.6555402763642064
2018-04-26 18:54:00,0.6644493421362085
2018-04-26 18:57:00,
2018-04-26 19:00:00,
2018-04-26 19:03:00,0.7274840010512094
2018-04-26 19:06:00,0.7711206148658221
2018-04-26 19:09:00,0.7280309386041495
2018-04-26 19:12:00,0.6285976066388343
2018-04-26 19:15:00,0.6898508808629913
2018-04-26 19:18:00,0.6866427731537783
2018-04-26 19:21:00,0.6528222050429235
2018-04-26 19:24:00,0.4929279116948919
2018-04-26 19:27:00,0.563473687633973
2018-04-26 19:30:00,0.6521667321167115
2018-04-26 19:33:00,0.557622176510904
2018-04-26 19:36:00,0.5384424232668152
2018-04-26 19:39:00,0.7274764260819211
2018-04-26 19:42:00,0.7346166170018478
2018-04-26 19:45:00,0.6991079540719625
2018-04-26 19:48:00,0.7575630579126482
2018-04-26 19:51:00,0.8523674942392176
2018-04-26 19:54:00,0.8548967986151865
2018-04-26 19:57:00,0.8258548489391728
2018-04-26 20:00:00,0.8514117258733336
2018-04-26 20:03:00,0.7452762446895917
2018-04-26 20:06:00,0.6724291017335986
2018-04-26 20:09:00,0.6696276066475662
2018-04-26 20:12:00,0.7521208257354033
2018-04-26 20:15:00,0.5955778320899867
2018-04-26 20:18:00,0.4608572441998149
2018-04-26 20:21:00,0.34868128195086
2018-04-26 20:24:00,0.3205614439854685
2018-04-26 20:27:00,0.4440671531185103
2018-04-26 20:30:00,0.3998328042151229
2018-04-26 20:33:00,0.3237141521325384
2018-04-26 20:36:00,0.32149726909102583
2018-04-26 20:39:00,0.3612667563946843
2018-04-26 20:42:00,0.29744733409017954
2018-04-26 20:45:00,0.4021220400878178
2018-04-26 20:48:00,0.3394680262720726
2018-04-26 20:51:00,0.40937754972617313
2018-04-26 20:54:00,0.348926908009787
2018-04-26 20:57:00,0.28431384386516356
2018-04-26 21:00:00,0.3901078861973133
2018-04-26 21:03:00,0.35563096930570737
2018-04-26 21:06:00,0.4612763992117834
2018-04-26 21:09:00,0.28060226297782265
2018-04-26 21:12:00,0.49650862989426514
2018-04-26 21:15:00,0.3485120954850913
2018-04-26 21:18:00,0.41262110386117
2018-04-26 21:21:00,0.3917021266587426
2018-04-26 21:24:00,0.43097389668491815
2018-04-26 21:27:00,0.34136889265425907
2018-04-26 21:30:00,0.33376797600465125
2018-04-26 21:33:00,0.4007638197289225
2018-04-26 21:36:00,0.47952695979887494
2018-04-26 21:39:00,0.42753897687299514
2018-04-26 21:42:00,0.41896604912494695
2018-04-26 21:45:00,0.2768042335008545
2018-04-26 21:48:00,0.3878426182139947
2018-04-26 21:51:00,0.4593220312653443
2018-04-26 21:54:00,0.4099248912628468
2018-04-26 21:57:00,0.3701117688736417
2018-04-26 22:00:00,0.38864963713541556
2018-04-26 22:03:00,0.43820379320345637
2018-04-26 22:06:00,0.515868313263411
2018-04-26 22:09:00,0.46462305884097077
2018-04-26 22:12:00,0.5550507005084455
2018-04-26 22:15:00,0.5734056819833313
2018-04-26 22:18:00,0.6011414270582804
2018-04-26 22:21:00,0.4803941205462934
2018-04-26 22:24:00,0.5528985482659436
2018-04-26 22:27:00,0.600583652490684
2018-04-26 22:30:00,0.7127972692602498
2018-04-26 22:33:00,0.7344467364594607
2018-04-26 22:36:00,0.5896439400555096
2018-04-26 22:39:00,0.6102926905807067
2018-04-26 22:42:00,0.5810218473966984
2018-04-26 22:45:00,0.6288367631690335
2018-04-26 22:48:00,0.7465592153115495
2018-04-26 22:51:00,0.7258959000931782
2018-04-26 22:54:00,0.6785248901700811
2018-04-26 22:57:00,0.6567603595149194
2018-04-26 23:00:00,0.6593447660911806
2018-04-26 23:03:00,0.7655134745286887
2018-04-26 23:06:00,0.5996386244008249
2018-04-26 23:09:00,0.4569737992026148
2018-04-26 23:12:00,0.5382812890015316
2018-04-26 23:15:00,0.5233284948593564
2018-04-26 23:18:00,0.6639239257000327
2018-04-26 23:21:00,0.6673398424152879
2018-04-26 23:24:00,0.6523650644624581
2018-04-26 23:27:00,0.5848664001726434
2018-04-26 23:30:00,0.5944771600330228
2018-04-26 23:33:00,0.5036996231642661
2018-04-26 23:36:00,0.5473167406351536
2018-04-26 23:39:00,0.4363840201673952
2018-04-26 23:42:00,0.376711327717544
2018-04-26 23:45:00,0.4257045381445437
2018-04-26 23:48:00,0.4188438678316402
2018-04-26 23:51:00,0.39735225362483106
2018-04-26 23:54:00,0.4584642508237948
2018-04-26 23:57:00,0.39373488686049996
2018-04-27 00:00:00,0.3264995057701867
2018-04-27 00:03:00,0.4519043089518959
2018-04-27 00:06:00,0.47478479061499
2018-04-27 00:09:00,0.5380881058853788
2018-04-27 00:12:00,0.5640763280940746
2018-04-27 00:15:00,0.36578489405229675
2018-04-27 00:18:00,0.5980385873546652
2018-04-27 00:21:00,0.5072991324981331
2018-04-27 00:24:00,0.47720036950414624
2018-04-27 00:27:00,0.4951163923802824
2018-04-27 00:30:00,0.48098868642995285
2018-04-27 00:33:00,0.5097539166172282
2018-04-27 00:36:00,0.5205366776626192
2018-04-27 00:39:00,0.4997880333709759
2018-04-27 00:42:00,0.3045170262020065
2018-04-27 00:45:00,0.28864829796242475
2018-04-27 00:48:00,0.2686405854431655
2018-04-27 00:51:00,0.3038566684428474
2018-04-27 00:54:00,0.23254568066687398
2018-04-27 00:57:00,0.2625914429970635
2018-04-27 01:00:00,0.3814406491047748
2018-04-27 01:03:00,0.5144665305057288
2018-04-27 01:06:00,0.3897077132024833
2018-04-27 01:09:00,0.5041215650796858
2018-04-27 01:12:00,0.500778160142147
2018-04-27 01:15:00,0.5385532284234955
2018-04-27 01:18:00,0.5152518165722313
2018-04-27 01:21:00,0.6059602658090171
2018-04-27 01:24:00,0.6252195695686282
2018-04-27 01:27:00,0.7589205727502417
2018-04-27 01:30:00,0.7562317956106881
2018-04-27 01:33:00,0.5956924921987934
2018-04-27 01:36:00,0.7033291828743131
2018-04-27 01:39:00,0.6507044381330616
2018-04-27 01:42:00,0.6769708756738169
2018-04-27 01:45:00,0.6405596339652675
2018-04-27 01:48:00,0.7201233269344129
2018-04-27 01:51:00,0.6880548879921662
2018-04-27 01:54:00,0.5973953781108889
2018-04-27 01:57:00,0.6579246723635492
2018-04-27 02:00:00,0.6140623566523118
2018-04-27 02:03:00,0.5371048665658122
2018-04-27 02:06:00,0.5381279430783366
2018-04-27 02:09:00,0.4517827362033131
2018-04-27 02:12:00,0.525378011180976
2018-04-27 02:15:00,0.5315503264789072
2018-04-27 02:18:00,0.5465940836211303
2018-04-27 02:21:00,0.4253905713809445
2018-04-27 02:24:00,0.531159714321177
2018-04-27 02:27:00,0.5688482537109394
2018-04-27 02:30:00,0.5954866830215906
2018-04-27 02:33:00,0.5531667976304107
2018-04-27 02:36:00,0.5775012996982696
2018-04-27 02:39:00,0.6519432358239783
2018-04-27 02:42:00,0.6421749011273619
2018-04-27 02:45:00,0.6544928891414656
2018-04-27 02:48:00,0.5687052053844468
2018-04-27 02:51:00,0.715806896889319
2018-04-27 02:54:00,0.7285431185488278
2018-04-27 02:57:00,0.6920256183361175
2018-04-27 03:00:00,0.5152638796618589
2018-04-27 03:03:00,0.5408682581020798
2018-04-27 03:06:00,0.6079555971955415
2018-04-27 03:09:00,0.604941795344871
2018-04-27 03:12:00,0.6405781216567448
2018-04-27 03:15:00,0.6361024251849017
2018-04-27 03:18:00,0.6556017611319476
2018-04-27 03:21:00,0.6227846847570504
2018-04-27 03:24:00,0.5942127774820278
2018-04-27 03:27:00,0.4115582362412056
2018-04-27 03:30:00,0.5070911337606958
2018-04-27 03:33:00,0.6744368079767469
2018-04-27 03:36:00,0.4437713369643461
2018-04-27 03:39:00,0.4442283460481349
2018-04-27 03:42:00,0.6260091705825062
2018-04-27 03:45:00,0.6706208812308887
2018-04-27 03:48:00,0.7123624398108177
2018-04-27 03:51:00,0.6520701227364611
2018-04-27 03:54:00,0.7535706897692194
2018-04-27 03:57:00,0.7552140568285495
2018-04-27 04:00:00,0.699078190274065
2018-04-27 04:03:00,0.7002349779841666
2018-04-27 04:06:00,0.7490112826126278
2018-04-27 04:09:00,0.6751724003937625
2018-04-27 04:12:00,0.6783022892421968
2018-04-27 04:15:00,0.712547087116036
2018-04-27 04:18:00,0.6319800603499743
2018-04-27 04:21:00,0.5847171468907959
2018-04-27 04:24:00,0.5585769394657518
2018-04-27 04:27:00,0.648712215869466
2018-04-27 04:30:00,0.5388185163728281
2018-04-27 04:33:00,0.46365605117961195
2018-04-27 04:36:00,0.3892115844053592
2018-04-27 04:39:00,0.4123568044381045
2018-04-27 04:42:00,0.38671962551421757
2018-04-27 04:45:00,0.40820706228134895
2018-04-27 04:48:00,0.3793522105922307
2018-04-27 04:51:00,0.3691415420138924
2018-04-27 04:54:00,0.43089675590977095
2018-04-27 04:57:00,0.4875064139972096
2018-04-27 05:00:00,0.5074272923862964
2018-04-27 05:03:00,0.5531489738523305
2018-04-27 05:06:00,0.5799217457177406
2018-04-27 05:09:00,0.4942395573370959
2018-04-27 05:12:00,0.6224411998173878
2018-04-27 05:15:00,0.4967223560689149
2018-04-27 05:18:00,0.653036226916754
2018-04-27 05:21:00,0.6997805684293326
2018-04-27 05:24:00,0.6202313926474972
2018-04-27 05:27:00,0.5346231998007056
2018-04-27 05:30:00,0.6058274101415009
2018-04-27 05:33:00,0.7415972204046284
2018-04-27 05:36:00,0.7558668237039683
2018-04-27 05:39:00,0.7651042863678867
2018-04-27 05:42:00,0.6756977834743907
2018-04-27 05:45:00,0.6561516273396819
2018-04-27 05:48:00,0.6231989311763755
2018-04-27 05:51:00,0.5658072054854415
2018-04-27 05:54:00,0.7464128112708863
2018-04-27 05:57:00,0.7342552937850542
2018-04-27 06:00:00,0.7919122945691015
2018-04-27 06:03:00,0.7130868092932019
2018-04-27 06:06:00,0.7699049587889135
2018-04-27 06:09:00,0.6172292256092078
2018-04-27 06:12:00,0.60335397061084
2018-04-27 06:15:00,0.6037839758666905
2018-04-27 06:18:00,0.5762647092047359
2018-04-27 06:21:00,0.6313574344080166
2018-04-27 06:24:00,0.617247136740275
2018-04-27 06:27:00,0.5357495915993695
2018-04-27 06:30:00,0.5733939696515904
2018-04-27 06:33:00,0.5539840532155154
2018-04-27 06:36:00,0.5270361998406088
2018-04-27 06:39:00,0.5600893326737832
2018-04-27 06:42:00,0.4474896781621851
2018-04-27 06:45:00,0.5515089111156612
2018-04-27 06:48:00,0.434211891184475
2018-04-27 06:51:00,0.4362587967291347
2018-04-27 06:54:00,0.6093832729126234
2018-04-27 06:57:00,0.5061464890264915
2018-04-27 07:00:00,0.5006395565588377
2018-04-27 07:03:00,0.6104974766096234
2018-04-27 07:06:00,0.6317038690251593
2018-04-27 07:09:00,0.5563840303220786
2018-04-27 07:12:00,0.5904677620954999
2018-04-27 07:15:00,0.5465894216307561
2018-04-27 07:18:00,0.5048939248046054
2018-04-27 07:21:00,0.509239360019933
2018-04-27 07:24:00,0.5511171149370284
2018-04-27 07:27:00,0.5750557880453471
2018-04-27 07:30:00,0.5988146060184931
2018-04-27 07:33:00,0.5127396015246859
2018-04-27 07:36:00,0.5931762091267387
2018-04-27 07:39:00,0.6364805711928625
2018-04-27 07:42:00,0.5425197951863083
2018-04-27 07:45:00,0.6523610499885422
2018-04-27 07:48:00,0.5224100160021408
2018-04-27 07:51:00,0.6671502286308169
2018-04-27 07:54:00,0.6108638081577737
2018-04-27 07:57:00,0.5788471881123769
2018-04-27 08:00:00,0.6342972978597459
2018-04-27 08:03:00,0.5793345970116661
2018-04-27 08:06:00,0.6485904441597086
2018-04-27 08:09:00,0.5521186970419194
2018-04-27 08:12:00,0.6954745487536798
2018-04-27 08:15:00,0.5908968898914964
2018-04-27 08:18:00,0.5619896103914357
2018-04-27 08:21:00,0.5276201462962149
2018-04-27 08:24:00,0.5687400961106164
2018-04-27 08:27:00,0.5434095323965948
2018-04-27 08:30:00,0.46873621695044676
2018-04-27 08:33:00,0.6793458438040147
2018-04-27 08:36:00,0.5787373976821186
2018-04-27 08:39:00,0.5296050225194335
2018-04-27 08:42:00,0.5872475652407729
2018-04-27 08:45:00,0.5768510535698397
2018-04-27 08:48:00,0.5755447450397355
2018-04-27 08:51:00,0.6021145600593059
2018-04-27 08:54:00,0.5630674865282117
2018-04-27 08:57:00,0.6422611921943826
2018-04-27 09:00:00,0.702087533616691
2018-04-27 09:03:00,0.8009370953889174
2018-04-27 09:06:00,0.5877147023342673
2018-04-27 09:09:00,0.6689087557419953
2018-04-27 09:12:00,0.59369808234311
2018-04-27 09:15:00,0.5754510890316169
2018-04-27 09:18:00,0.5696259153855863
2018-04-27 09:21:00,0.5590481591437992
2018-04-27 09:24:00,0.6458489810564743
2018-04-27 09:27:00,0.5961494333832889
2018-04-27 09:30:00,0.5716967241240241
2018-04-27 09:33:00,0.5741836855701763
2018-04-27 09:36:00,0.5658313373459123
2018-04-27 09:39:00,0.39300510882208073
2018-04-27 09:42:00,0.6437667502588056
2018-04-27 09:45:00,0.4766843034495878
2018-04-27 09:48:00,0.556002505545905
2018-04-27 09:51:00,0.6011814490715324
2018-04-27 09:54:00,0.5136629324654223
2018-04-27 09:57:00,0.41845441859135235
2018-04-27 10:00:00,0.46530513826564857
2018-04-27 10:03:00,0.3649658872883492
2018-04-27 10:06:00,0.49967214738586563
2018-04-27 10:09:00,0.38160811837252595
2018-04-27 10:12:00,0.43576969337533455
2018-04-27 10:15:00,0.4041264371199418
2018-04-27 10:18:00,0.3593882160450903
2018-04-27 10:21:00,0.4321844472597718
2018-04-27 10:24:00,0.3640514546655709
2018-04-27 10:27:00,0.41144108210340846
2018-04-27 10:30:00,0.42244983790686774
2018-04-27 10:33:00,0.41696679847092355
2018-04-27 10:36:00,0.44892610024982105
2018-04-27 10:39:00,0.39942882679929426
2018-04-27 10:42:00,0.45164203857569873
2018-04-27 10:45:00,0.2839432922609717
2018-04-27 10:48:00,0.35536822461523343
2018-04-27 10:51:00,0.31164937166926165
2018-04-27 10:54:00,0.4242951368798913
2018-04-27 10:57:00,0.3644018432979692
2018-04-27 11:00:00,0.34120164069395287
2018-04-27 11:03:00,0.2442260490884678
2018-04-27 11:06:00,0.3567011320118354
2018-04-27 11:09:00,0.26802341345245395
2018-04-27 11:12:00,0.33208491957185515
2018-04-27 11:15:00,0.30851484343190805
2018-04-27 11:18:00,0.27897148578000497
2018-04-27 11:21:00,0.26397960889914884
2018-04-27 11:24:00,0.20847248022806752
2018-04-27 11:27:00,0.24742799640057456
2018-04-27 11:30:00,0.12509823776866824
2018-04-27 11:33:00,0.18552850969098245
2018-04-27 11:36:00,0.14016211074670082
2018-04-27 11:39:00,0.09027769075646574
2018-04-27 11:42:00,0.10822001894990763
2018-04-27 11:45:00,0.07627036447286173
2018-04-27 11:48:00,0.21671279219293638
2018-04-27 11:51:00,0.13821310145414145
2018-04-27 11:54:00,0.18406231075567803
2018-04-27 11:57:00,0.09669580036444358
2018-04-27 12:00:00,0.1650638467127692
2018-04-27 12:03:00,0.21831448856931956
2018-04-27 12:06:00,0.11436342280444478
2018-04-27 12:09:00,0.09739658534732598
2018-04-27 12:12:00,0.06661942052363656
2018-04-27 12:15:00,0.2844016414398993
2018-04-27 12:18:00,0.13131344058416516
2018-04-27 12:21:00,0.0202662722651894
2018-04-27 12:24:00,0.014423197003452515
2018-04-27 12:27:00,0.05705243370522339
2018-04-27 12:30:00,0.11202774183914244
2018-04-27 12:33:00,-0.06613202664863138
2018-04-27 12:36:00,0.023105316930582376
2018-04-27 12:39:00,-0.048937655046415784
2018-04-27 12:42:00,0.027885463534971677
2018-04-27 12:45:00,-0.009592170768030428
2018-04-27 12:48:00,0.2081229667795128
2018-04-27 12:51:00,0.015541706326303029
2018-04-27 12:54:00,0.061339702071563806
2018-04-27 12:57:00,0.16311625099353932
2018-04-27 13:00:00,0.19632742796267166
2018-04-27 13:03:00,-0.017774397567904998
2018-04-27 13:06:00,0.14128641263266672
2018-04-27 13:09:00,0.17100443542597077
2018-04-27 13:12:00,0.09798149925393318
2018-04-27 13:15:00,-0.018891591617716585
2018-04-27 13:18:00,0.14921075381619175
2018-04-27 13:21:00,0.17677129622768462
2018-04-27 13:24:00,0.1735934415517022
2018-04-27 13:27:00,0.2199666993033702
2018-04-27 13:30:00,0.21649324974652018
2018-04-27 13:33:00,0.306142669485439
2018-04-27 13:36:00,0.061873437358599404
2018-04-27 13:39:00,0.24171860694923453
2018-04-27 13:42:00,0.22606156361985086
2018-04-27 13:45:00,0.2129625009619076
2018-04-27 13:48:00,0.275417601523543
2018-04-27 13:51:00,0.09020970191744482
2018-04-27 13:54:00,0.20968540608708963
2018-04-27 13:57:00,0.178011498087983
2018-04-27 14:00:00,0.17392161376039894
2018-04-27 14:03:00,0.14219753276501024
2018-04-27 14:06:00,0.17187647906087022
2018-04-27 14:09:00,0.3295218983084851
2018-04-27 14:12:00,0.12214174064882855
2018-04-27 14:15:00,0.20564434261740416
2018-04-27 14:18:00,0.26972667744809087
2018-04-27 14:21:00,0.30577526264318067
2018-04-27 14:24:00,0.34825591643510734
2018-04-27 14:27:00,0.18840379807369345
2018-04-27 14:30:00,0.12908779374487267
2018-04-27 14:33:00,0.26377946221788307
2018-04-27 14:36:00,0.1843267173840104
2018-04-27 14:39:00,0.16324596254025892
2018-04-27 14:42:00,0.2800135821893832
2018-04-27 14:45:00,0.07452344150101453
2018-04-27 14:48:00,0.17368770231047392
2018-04-27 14:51:00,0.16748360605328116
2018-04-27 14:54:00,0.17078366450579097
2018-04-27 14:57:00,0.1287331031782628
2018-04-27 15:00:00,0.16372695588160013
2018-04-27 15:03:00,0.16291929713690934
2018-04-27 15:06:00,0.1304724147610159
2018-04-27 15:09:00,0.24150168647065584
2018-04-27 15:12:00,0.3008938762923208
2018-04-27 15:15:00,0.15233936981292118
2018-04-27 15:18:00,0.13338010384859444
2018-04-27 15:21:00,0.09579310201104363
2018-04-27 15:24:00,0.12066126668895549
2018-04-27 15:27:00,0.09022250327865322
2018-04-27 15:30:00,0.19345080927212166
2018-04-27 15:33:00,0.11289511134282293
2018-04-27 15:36:00,0.0723653407802658
2018-04-27 15:39:00,0.07793020455426358
2018-04-27 15:42:00,0.16445114848795583
2018-04-27 15:45:00,0.12891505666635794
2018-04-27 15:48:00,0.2934110868501989
2018-04-27 15:51:00,0.16864888134256262
2018-04-27 15:54:00,0.06904179340330074
2018-04-27 15:57:00,0.18961609641843324
2018-04-27 16:00:00,0.16345257515405365
2018-04-27 16:03:00,0.028516024058774292
2018-04-27 16:06:00,0.04982640019102291
2018-04-27 16:09:00,0.11992711460459304
2018-04-27 16:12:00,0.13586914554127816
2018-04-27 16:15:00,0.14559754079596132
2018-04-27 16:18:00,0.05881086078346698
2018-04-27 16:21:00,0.09018093927574
2018-04-27 16:24:00,0.1609593938902094
2018-04-27 16:27:00,0.014453654839883256
2018-04-27 16:30:00,0.11442064354685044
2018-04-27 16:33:00,0.07269055038136685
2018-04-27 16:36:00,0.04915856755729919
2018-04-27 16:39:00,0.06784191109079529
2018-04-27 16:42:00,0.10530091214445747
2018-04-27 16:45:00,0.058789873496209566
2018-04-27 16:48:00,0.05382222889613786
2018-04-27 16:51:00,0.04945144124235412
2018-04-27 16:54:00,0.027820208378955158
2018-04-27 16:57:00,0.08709623467268557
2018-04-27 17:00:00,0.031346358216012504
2018-04-27 17:03:00,-0.11569616456807807
2018-04-27 17:06:00,0.060266465246286316
2018-04-27 17:09:00,0.039741899055400154
2018-04-27 17:12:00,0.08815665683977159
2018-04-27 17:15:00,0.0994694979778501
2018-04-27 17:18:00,-0.017982158741745025
2018-04-27 17:21:00,0.11366744396838158
2018-04-27 17:24:00,0.052342687175155334
2018-04-27 17:27:00,0.0946645814494218
2018-04-27 17:30:00,0.069992524578538
2018-04-27 17:33:00,-0.006056099449153862
2018-04-27 17:36:00,0.07999947338987567
2018-04-27 17:39:00,0.08426673954397756
2018-04-27 17:42:00,0.03591205140452303
2018-04-27 17:45:00,0.019338305757003127
2018-04-27 17:48:00,0.06603398822437612
2018-04-27 17:51:00,0.05066691473030005
2018-04-27 17:54:00,0.026500105555612663
2018-04-27 17:57:00,0.04228686363222778
2018-04-27 18:00:00,-0.0012088794361488908
2018-04-27 18:03:00,0.04243092854602537
2018-04-27 18:06:00,0.01953447008747844
2018-04-27 18:09:00,-0.016596359012794437
2018-04-27 18:12:00,0.05541016168291435
2018-04-27 18:15:00,0.10021903813048993
2018-04-27 18:18:00,0.10449652519372421
2018-04-27 18:21:00,0.054095441846243375
2018-04-27 18:24:00,0.0752203285630344
2018-04-27 18:27:00,0.06605975889078763
2018-04-27 18:30:00,0.02393793758596985
2018-04-27 18:33:00,-0.008967789363168777
2018-04-27 18:36:00,0.0650564627672452
2018-04-27 18:39:00,0.0499116978308507
2018-04-27 18:42:00,0.14198856932591752
2018-04-27 18:45:00,0.11359912110884807
2018-04-27 18:48:00,0.15617641169268381
2018-04-27 18:51:00,0.11683080237799004
2018-04-27 18:54:00,
2018-04-27 18:57:00,
2018-04-27 19:00:00,
2018-04-27 19:03:00,0.11656187307357868
2018-04-27 19:06:00,0.03277322659454285
2018-04-27 19:09:00,0.2016134224818984
2018-04-27 19:12:00,0.0406314828712766
2018-04-27 19:15:00,0.03030680563080068
2018-04-27 19:18:00,0.05734775654622126
2018-04-27 19:21:00,0.03254041263551244
2018-04-27 19:24:00,0.1182132727917633
2018-04-27 19:27:00,0.21486375483709708
2018-04-27 19:30:00,0.20173553896580643
2018-04-27 19:33:00,0.17679547590591937
2018-04-27 19:36:00,0.15401209021149498
2018-04-27 19:39:00,0.19557233406499108
2018-04-27 19:42:00,0.17589154155598408
2018-04-27 19:45:00,0.23986075991740563
2018-04-27 19:48:00,0.18214620606653398
2018-04-27 19:51:00,0.14833211988394623
2018-04-27 19:54:00,0.164690029671533
2018-04-27 19:57:00,0.2751730462908881
2018-04-27 20:00:00,0.2556995757749405
2018-04-27 20:03:00,0.41846601114622217
2018-04-27 20:06:00,0.28152945248564265
2018-04-27 20:09:00,0.22421613725629186
2018-04-27 20:12:00,0.3014563769194183
2018-04-27 20:15:00,0.26366740102548647
2018-04-27 20:18:00,0.2686906249369372
2018-04-27 20:21:00,0.2630988081962755
2018-04-27 20:24:00,0.26311532701367923
2018-04-27 20:27:00,0.22940269340278974
2018-04-27 20:30:00,0.1339680541071857
2018-04-27 20:33:00,0.28627661475701416
2018-04-27 20:36:00,0.2929794449911469
2018-04-27 20:39:00,0.12986839724521815
2018-04-27 20:42:00,0.33880654801896526
2018-04-27 20:45:00,0.3193390284038742
2018-04-27 20:48:00,0.39663410289284684
2018-04-27 20:51:00,0.3453182204412997
2018-04-27 20:54:00,0.3280737807064611
2018-04-27 20:57:00,0.27564461942500884
2018-04-27 21:00:00,0.31411357939362006
2018-04-27 21:03:00,0.2928987436911825
2018-04-27 21:06:00,0.32175903766864167
2018-04-27 21:09:00,0.2866811746249027
2018-04-27 21:12:00,0.29013858162102224
2018-04-27 21:15:00,0.31333889537955883
2018-04-27 21:18:00,0.2838216715807107
2018-04-27 21:21:00,0.23317487832969164
2018-04-27 21:24:00,0.237442864602599
2018-04-27 21:27:00,0.31881985077797026
2018-04-27 21:30:00,0.2590217455330617
2018-04-27 21:33:00,0.30747365124744874
2018-04-27 21:36:00,0.2558565979669538
2018-04-27 21:39:00,0.3093638184627707
2018-04-27 21:42:00,0.3971358776155398
2018-04-27 21:45:00,0.30615803019463783
2018-04-27 21:48:00,0.3251943069595882
2018-04-27 21:51:00,0.2521806140329659
2018-04-27 21:54:00,0.3386475749593387
2018-04-27 21:57:00,0.44120041701830814
2018-04-27 22:00:00,0.2835816409042309
2018-04-27 22:03:00,0.3403102303586252
2018-04-27 22:06:00,0.37641448380691145
2018-04-27 22:09:00,0.31815609238196885
2018-04-27 22:12:00,0.2706451154076035
2018-04-27 22:15:00,0.33773216997389
2018-04-27 22:18:00,0.2698383134272717
2018-04-27 22:21:00,0.286982459875162
2018-04-27 22:24:00,0.2511574002540442
2018-04-27 22:27:00,0.3644919818346466
2018-04-27 22:30:00,0.2901316937942511
2018-04-27 22:33:00,0.2748758579382411
2018-04-27 22:36:00,0.2986423054703664
2018-04-27 22:39:00,0.25208928431743516
2018-04-27 22:42:00,0.32754493191021083
2018-04-27 22:45:00,0.28212792008798715
2018-04-27 22:48:00,0.2321075679878959
2018-04-27 22:51:00,0.22834527540351246
2018-04-27 22:54:00,0.2058954637378747
2018-04-27 22:57:00,0.299138649866336
2018-04-27 23:00:00,0.23225712314740576
2018-04-27 23:03:00,0.30357422081965524
2018-04-27 23:06:00,0.3500570294144154
2018-04-27 23:09:00,0.3378115086608773
2018-04-27 23:12:00,0.3617602798245798
2018-04-27 23:15:00,0.417338547580016
2018-04-27 23:18:00,0.3891376093351937
2018-04-27 23:21:00,0.40224340793065494
2018-04-27 23:24:00,0.2636961746130737
2018-04-27 23:27:00,0.361214390818418
2018-04-27 23:30:00,0.34782097559121894
2018-04-27 23:33:00,0.294602263821389
2018-04-27 23:36:00,0.18575812128267444
2018-04-27 23:39:00,0.362393184222924
2018-04-27 23:42:00,0.27768409747949363
2018-04-27 23:45:00,0.28213256953506516
2018-04-27 23:48:00,0.306722642424063
2018-04-27 23:51:00,0.437246638925501
2018-04-27 23:54:00,0.5259338522005237
2018-04-27 23:57:00,0.45518752948089514
2018-04-28 00:00:00,0.44747465217392346
2018-04-28 00:03:00,0.4357010419322478
2018-04-28 00:06:00,0.4254311997785294
2018-04-28 00:09:00,0.36285917706049986
2018-04-28 00:12:00,0.3771858334624767
2018-04-28 00:15:00,0.4413788493959032
2018-04-28 00:18:00,0.40098565901769234
2018-04-28 00:21:00,0.37717907715483534
2018-04-28 00:24:00,0.4729591107623605
2018-04-28 00:27:00,0.4407255136977142
2018-04-28 00:30:00,0.5725402110491586
2018-04-28 00:33:00,0.5736256206088797
2018-04-28 00:36:00,0.6333990563770158
2018-04-28 00:39:00,0.739198849468778
2018-04-28 00:42:00,0.768885866880737
2018-04-28 00:45:00,0.7873741514273433
2018-04-28 00:48:00,0.7565390714270848
2018-04-28 00:51:00,0.6341147455009946
2018-04-28 00:54:00,0.5570935250049729
2018-04-28 00:57:00,0.5488532153734695
2018-04-28 01:00:00,0.5891931508871835
2018-04-28 01:03:00,0.47905409540618393
2018-04-28 01:06:00,0.5065541065868615
2018-04-28 01:09:00,0.4991669585749037
2018-04-28 01:12:00,0.5917383468366211
2018-04-28 01:15:00,0.4280225742162429
2018-04-28 01:18:00,0.5601346040260182
2018-04-28 01:21:00,0.5310183225943206
2018-04-28 01:24:00,0.5018504977904854
2018-04-28 01:27:00,0.48025451789987983
2018-04-28 01:30:00,0.41753039153371674
2018-04-28 01:33:00,0.5237885418666224
2018-04-28 01:36:00,0.555985912496908
2018-04-28 01:39:00,0.5160697556566447
2018-04-28 01:42:00,0.5071991639713929
2018-04-28 01:45:00,0.608156177060664
2018-04-28 01:48:00,0.5847582609349047
2018-04-28 01:51:00,0.6259599214693026
2018-04-28 01:54:00,0.5511197759358879
2018-04-28 01:57:00,0.6097461627412031
2018-04-28 02:00:00,0.6296120894005526
2018-04-28 02:03:00,0.57891633186847
2018-04-28 02:06:00,0.5406192851963851
2018-04-28 02:09:00,0.6498831217968473
2018-04-28 02:12:00,0.7407016639787116
2018-04-28 02:15:00,0.6934874471106127
2018-04-28 02:18:00,0.5350403899547018
2018-04-28 02:21:00,0.7187093488634559
2018-04-28 02:24:00,0.7326409876771436
2018-04-28 02:27:00,0.644118929935587
2018-04-28 02:30:00,0.591846695994036
2018-04-28 02:33:00,0.6111984409149045
2018-04-28 02:36:00,0.6326515886580637
2018-04-28 02:39:00,0.5449538710919342
2018-04-28 02:42:00,0.48542747737820946
2018-04-28 02:45:00,0.49184058781298745
2018-04-28 02:48:00,0.4620132854278154
2018-04-28 02:51:00,0.49339629969927046
2018-04-28 02:54:00,0.5373614612553865
2018-04-28 02:57:00,0.6150095919142586
2018-04-28 03:00:00,0.6477499553777761
2018-04-28 03:03:00,0.6058837175034455
2018-04-28 03:06:00,0.6020322610396533
2018-04-28 03:09:00,0.5198313700536801
2018-04-28 03:12:00,0.5318987997210343
2018-04-28 03:15:00,0.44760859763493954
2018-04-28 03:18:00,0.4260983385140662
2018-04-28 03:21:00,0.48857441059465145
2018-04-28 03:24:00,0.4110275042370972
2018-04-28 03:27:00,0.4839917943814953
2018-04-28 03:30:00,0.422350480068701
2018-04-28 03:33:00,0.4093942491415987
2018-04-28 03:36:00,0.4831285764679478
2018-04-28 03:39:00,0.4379579985658779
2018-04-28 03:42:00,0.47412119517883866
2018-04-28 03:45:00,0.45087628020263537
2018-04-28 03:48:00,0.4630502774111278
2018-04-28 03:51:00,0.4432758778536936
2018-04-28 03:54:00,0.4752285178481088
2018-04-28 03:57:00,0.5059557831709185
2018-04-28 04:00:00,0.4433871097397173
2018-04-28 04:03:00,0.40397102112234506
2018-04-28 04:06:00,0.48350337148667677
2018-04-28 04:09:00,0.4301879108992921
2018-04-28 04:12:00,0.4720552777266107
2018-04-28 04:15:00,0.521603811214618
2018-04-28 04:18:00,0.48902024185349546
2018-04-28 04:21:00,0.5330062311949746
2018-04-28 04:24:00,0.5179685984214757
2018-04-28 04:27:00,0.5954488628007084
2018-04-28 04:30:00,0.5797914401615003
2018-04-28 04:33:00,0.5476192150686074
2018-04-28 04:36:00,0.6218366522427914
2018-04-28 04:39:00,0.5892839307554709
2018-04-28 04:42:00,0.6207577298679325
2018-04-28 04:45:00,0.5027535264195535
2018-04-28 04:48:00,0.5520975170902602
2018-04-28 04:51:00,0.5440630029128215
2018-04-28 04:54:00,0.5099269071962453
2018-04-28 04:57:00,0.5345169451373408
2018-04-28 05:00:00,0.5639175297399674
2018-04-28 05:03:00,0.44246391581231137
2018-04-28 05:06:00,0.5307732818273507
2018-04-28 05:09:00,0.5522943828586904
2018-04-28 05:12:00,0.5935639763881113
2018-04-28 05:15:00,0.48910937903212925
2018-04-28 05:18:00,0.4592820495559522
2018-04-28 05:21:00,0.5559725186349738
2018-04-28 05:24:00,0.44805996323754016
2018-04-28 05:27:00,0.5088840516962136
2018-04-28 05:30:00,0.45663770055909936
2018-04-28 05:33:00,0.49097669929943777
2018-04-28 05:36:00,0.5795858507784715
2018-04-28 05:39:00,0.4965189436349533
2018-04-28 05:42:00,0.5695407202777005
2018-04-28 05:45:00,0.647009204675669
2018-04-28 05:48:00,0.6238814742292789
2018-04-28 05:51:00,0.5966581157827022
2018-04-28 05:54:00,0.6208719018114834
2018-04-28 05:57:00,0.7601316950859314
2018-04-28 06:00:00,0.752378783249469
2018-04-28 06:03:00,0.7846239674925073
2018-04-28 06:06:00,0.929259131715753
2018-04-28 06:09:00,0.8147665103529107
2018-04-28 06:12:00,0.8421406695250084
2018-04-28 06:15:00,0.74256488621063
2018-04-28 06:18:00,0.7485138752689977
2018-04-28 06:21:00,0.6328118973860342
2018-04-28 06:24:00,0.6048910561585785
2018-04-28 06:27:00,0.5724996462249123
2018-04-28 06:30:00,0.6052400028618763
2018-04-28 06:33:00,0.6195614021566485
2018-04-28 06:36:00,0.5483777271191457
2018-04-28 06:39:00,0.48125772282986645
2018-04-28 06:42:00,0.5111806838755228
2018-04-28 06:45:00,0.5128563658587382
2018-04-28 06:48:00,0.511106566158503
2018-04-28 06:51:00,0.6179280789806967
2018-04-28 06:54:00,0.5361308117274461
2018-04-28 06:57:00,0.5599341696050715
2018-04-28 07:00:00,0.5176340265700219
2018-04-28 07:03:00,0.49984927311425054
2018-04-28 07:06:00,0.5330283603476005
2018-04-28 07:09:00,0.5450172848551915
2018-04-28 07:12:00,0.5595292093930198
2018-04-28 07:15:00,0.623494886019671
2018-04-28 07:18:00,0.6098774463616223
2018-04-28 07:21:00,0.5830082039898343
2018-04-28 07:24:00,0.62925115012996
2018-04-28 07:27:00,0.5335887438263853
2018-04-28 07:30:00,0.5999921619646784
2018-04-28 07:33:00,0.6053036789093653
2018-04-28 07:36:00,0.6399429505015632
2018-04-28 07:39:00,0.6780892377803411
2018-04-28 07:42:00,0.6628769036836957
2018-04-28 07:45:00,0.6753265054866233
2018-04-28 07:48:00,0.6464586375979025
2018-04-28 07:51:00,0.5297235027901479
2018-04-28 07:54:00,0.5388635647704518
2018-04-28 07:57:00,0.5852290135014755
2018-04-28 08:00:00,0.5850349854168257
2018-04-28 08:03:00,0.5189526274378409
2018-04-28 08:06:00,0.5535592934689362
2018-04-28 08:09:00,0.5083053353986884
2018-04-28 08:12:00,0.5317161312278245
2018-04-28 08:15:00,0.4003083697153329
2018-04-28 08:18:00,0.5090928423909986
2018-04-28 08:21:00,0.47071896912450484
2018-04-28 08:24:00,0.4659375036168285
2018-04-28 08:27:00,0.5032381677702915
2018-04-28 08:30:00,0.4418774008583455
2018-04-28 08:33:00,0.48736035013581613
2018-04-28 08:36:00,0.4639537006951855
2018-04-28 08:39:00,0.4861385145279655
2018-04-28 08:42:00,0.43574492070877113
2018-04-28 08:45:00,0.4766466672869001
2018-04-28 08:48:00,0.4641190037949059
2018-04-28 08:51:00,0.4058727425165216
2018-04-28 08:54:00,0.4106987490802112
2018-04-28 08:57:00,0.3965879600322637
2018-04-28 09:00:00,0.4787844932231451
2018-04-28 09:03:00,0.3415685761104328
2018-04-28 09:06:00,0.44837419064236883
2018-04-28 09:09:00,0.2826788124353925
2018-04-28 09:12:00,0.3902534561108837
2018-04-28 09:15:00,0.4479750222978396
2018-04-28 09:18:00,0.49023854178290094
2018-04-28 09:21:00,0.4186913252042359
2018-04-28 09:24:00,0.43359231603312764
2018-04-28 09:27:00,0.4125033730715586
2018-04-28 09:30:00,0.41213334027264636
2018-04-28 09:33:00,0.3532464800989601
2018-04-28 09:36:00,0.43032750084307736
2018-04-28 09:39:00,0.4388125532738627
2018-04-28 09:42:00,0.43602984767699127
2018-04-28 09:45:00,0.4231470643517241
2018-04-28 09:48:00,0.4491682818751883
2018-04-28 09:51:00,0.3655935639037011
2018-04-28 09:54:00,0.40152193307216066
2018-04-28 09:57:00,0.543034835767287
2018-04-28 10:00:00,0.4459207869055035
2018-04-28 10:03:00,0.3760076953528255
2018-04-28 10:06:00,0.4461722244726616
2018-04-28 10:09:00,0.5571482889727122
2018-04-28 10:12:00,0.4672423536439396
2018-04-28 10:15:00,0.4354095948675649
2018-04-28 10:18:00,0.4909009756366345
2018-04-28 10:21:00,0.5090159338633384
2018-04-28 10:24:00,0.49765427397545636
2018-04-28 10:27:00,0.44618506562562743
2018-04-28 10:30:00,0.4431164705583228
2018-04-28 10:33:00,0.5535927245501284
2018-04-28 10:36:00,0.5175171025924215
2018-04-28 10:39:00,0.4795802174658661
2018-04-28 10:42:00,0.5215421517627874
2018-04-28 10:45:00,0.4786007070234177
2018-04-28 10:48:00,0.5487358316009932
2018-04-28 10:51:00,0.5280479878135793
2018-04-28 10:54:00,0.4066432342875146
2018-04-28 10:57:00,0.45718409715323105
2018-04-28 11:00:00,0.5073082195156644
2018-04-28 11:03:00,0.34462872345898177
2018-04-28 11:06:00,0.5009369110766215
2018-04-28 11:09:00,0.4374303925044387
2018-04-28 11:12:00,0.44540719616242086
2018-04-28 11:15:00,0.4150744866772129
2018-04-28 11:18:00,0.431718312644648
2018-04-28 11:21:00,0.5018810663613067
2018-04-28 11:24:00,0.42296589816072583
2018-04-28 11:27:00,0.43458593349078
2018-04-28 11:30:00,0.41506538399966075
2018-04-28 11:33:00,0.5279029854563078
2018-04-28 11:36:00,0.40467879392537043
2018-04-28 11:39:00,0.30229821071901597
2018-04-28 11:42:00,0.33975365459150453
2018-04-28 11:45:00,0.34668874717607423
2018-04-28 11:48:00,0.33770064321061
2018-04-28 11:51:00,0.425931943395085
2018-04-28 11:54:00,0.3941159017979885
2018-04-28 11:57:00,0.3516753133986299
2018-04-28 12:00:00,0.4007176171240303
2018-04-28 12:03:00,0.31478456063507565
2018-04-28 12:06:00,0.2239561507561234
2018-04-28 12:09:00,0.2600137315394022
2018-04-28 12:12:00,0.2796459719185691
2018-04-28 12:15:00,0.23316574218938513
2018-04-28 12:18:00,0.38149216245216166
2018-04-28 12:21:00,0.24531677917877914
2018-04-28 12:24:00,0.3073390430617451
2018-04-28 12:27:00,0.23287632062448438
2018-04-28 12:30:00,0.2826142738442172
2018-04-28 12:33:00,0.24736501532731836
2018-04-28 12:36:00,0.21616354132930837
2018-04-28 12:39:00,0.1844545659847654
2018-04-28 12:42:00,0.20908686995238668
2018-04-28 12:45:00,0.14467253693527482
2018-04-28 12:48:00,0.2067193685073221
2018-04-28 12:51:00,0.15470431877093915
2018-04-28 12:54:00,0.1494988839563689
2018-04-28 12:57:00,0.20369308931788055
2018-04-28 13:00:00,0.1334797827110492
2018-04-28 13:03:00,0.2979538519482503
2018-04-28 13:06:00,0.1402942445860731
2018-04-28 13:09:00,0.16079408408450035
2018-04-28 13:12:00,0.10357873893747183
2018-04-28 13:15:00,0.032141576659967086
2018-04-28 13:18:00,0.10375857952777778
2018-04-28 13:21:00,0.043632940537690956
2018-04-28 13:24:00,0.214736921647102
2018-04-28 13:27:00,0.0969774735327178
2018-04-28 13:30:00,0.11135663812785879
2018-04-28 13:33:00,0.09095153618267204
2018-04-28 13:36:00,0.19572809099526012
2018-04-28 13:39:00,0.02515713404619646
2018-04-28 13:42:00,0.06428126777109355
2018-04-28 13:45:00,0.0016441344828876936
2018-04-28 13:48:00,0.012844994632416729
2018-04-28 13:51:00,0.013922489919366399
2018-04-28 13:54:00,0.08080952874217928
2018-04-28 13:57:00,0.08867409445741714
2018-04-28 14:00:00,-0.0728390322937571
2018-04-28 14:03:00,0.0071493947065732755
2018-04-28 14:06:00,-0.013772280098294232
2018-04-28 14:09:00,-0.0001834480215734402
2018-04-28 14:12:00,0.053671028470489546
2018-04-28 14:15:00,0.12533936661196776
2018-04-28 14:18:00,0.1924227995575052
2018-04-28 14:21:00,0.21485975759810572
2018-04-28 14:24:00,0.21491246877172898
2018-04-28 14:27:00,-0.01897620684235335
2018-04-28 14:30:00,0.0687825884195945
2018-04-28 14:33:00,-0.018404779611103095
2018-04-28 14:36:00,-0.06464199513277435
2018-04-28 14:39:00,-0.04671348264793096
2018-04-28 14:42:00,-0.0469322116659896
2018-04-28 14:45:00,-0.10220201750081515
2018-04-28 14:48:00,0.0008107694087016171
2018-04-28 14:51:00,0.045001034857705235
2018-04-28 14:54:00,0.021610098977077996
2018-04-28 14:57:00,-0.0960961306436161
2018-04-28 15:00:00,-0.0504768668377551
2018-04-28 15:03:00,-0.04215614066225726
2018-04-28 15:06:00,-0.17482637775839294
2018-04-28 15:09:00,-0.03493974081857232
2018-04-28 15:12:00,-0.08482370858740751
2018-04-28 15:15:00,-0.013248499708993222
2018-04-28 15:18:00,-0.11819101678293009
2018-04-28 15:21:00,-0.09401032805516252
2018-04-28 15:24:00,-0.044801011784215916
2018-04-28 15:27:00,-0.004297266422383927
2018-04-28 15:30:00,0.04541624828914337
2018-04-28 15:33:00,0.08255355511369089
2018-04-28 15:36:00,0.007488905212255759
2018-04-28 15:39:00,0.12046133653655033
2018-04-28 15:42:00,0.0954299621034238
2018-04-28 15:45:00,0.20435087746409408
2018-04-28 15:48:00,0.22632381618274167
2018-04-28 15:51:00,0.07933140911768533
2018-04-28 15:54:00,0.16560134324117826
2018-04-28 15:57:00,0.03877939433300526
2018-04-28 16:00:00,0.086729594398264
2018-04-28 16:03:00,0.15645046785112982
2018-04-28 16:06:00,0.16089098199199725
2018-04-28 16:09:00,0.14558700851392814
2018-04-28 16:12:00,0.15639936933831677
2018-04-28 16:15:00,0.1203832652690835
2018-04-28 16:18:00,0.13984401457315698
2018-04-28 16:21:00,0.21933865151441978
2018-04-28 16:24:00,0.15213835159619293
2018-04-28 16:27:00,0.23356375288443587
2018-04-28 16:30:00,0.13131074449972857
2018-04-28 16:33:00,0.22447649227569855
2018-04-28 16:36:00,0.20359713066750373
2018-04-28 16:39:00,0.11051480734818142
2018-04-28 16:42:00,0.12634403572525343
2018-04-28 16:45:00,0.18538789244519194
2018-04-28 16:48:00,0.0010390154029096266
2018-04-28 16:51:00,0.18644976227170673
2018-04-28 16:54:00,0.2104950479512695
2018-04-28 16:57:00,0.1619002198852968
2018-04-28 17:00:00,0.22808609927966472
2018-04-28 17:03:00,0.17736757250031587
2018-04-28 17:06:00,0.25067266915294795
2018-04-28 17:09:00,0.3143763551966572
2018-04-28 17:12:00,0.280861832719836
2018-04-28 17:15:00,0.3295620011434721
2018-04-28 17:18:00,0.1414255234588495
2018-04-28 17:21:00,0.21925199301614384
2018-04-28 17:24:00,0.2182484832891305
2018-04-28 17:27:00,0.3151067691545677
2018-04-28 17:30:00,0.22205347459305358
2018-04-28 17:33:00,0.278301515912176
2018-04-28 17:36:00,0.31837199089892465
2018-04-28 17:39:00,0.2586437778851973
2018-04-28 17:42:00,0.19521437692884547
2018-04-28 17:45:00,0.25008770200054187
2018-04-28 17:48:00,0.08094980952955666
2018-04-28 17:51:00,0.23895350270913696
2018-04-28 17:54:00,0.19836469742438112
2018-04-28 17:57:00,0.23014910175612613
2018-04-28 18:00:00,0.18332464740853993
2018-04-28 18:03:00,0.18018863759829173
2018-04-28 18:06:00,0.07754824365611057
2018-04-28 18:09:00,0.16759027122395764
2018-04-28 18:12:00,0.16557085275286454
2018-04-28 18:15:00,0.08086674570290597
2018-04-28 18:18:00,0.20316590023531944
2018-04-28 18:21:00,0.2027172363234513
2018-04-28 18:24:00,0.1263694651984224
2018-04-28 18:27:00,0.2535296308711281
2018-04-28 18:30:00,0.17683670368529647
2018-04-28 18:33:00,0.22977638532205447
2018-04-28 18:36:00,0.2660871931389579
2018-04-28 18:39:00,0.277606286803632
2018-04-28 18:42:00,0.26666438323456987
2018-04-28 18:45:00,0.2327629318206732
2018-04-28 18:48:00,0.3237733452958764
2018-04-28 18:51:00,0.28761259808112527
2018-04-28 18:54:00,0.28515632664266377
2018-04-28 18:57:00,
2018-04-28 19:00:00,
2018-04-28 19:03:00,0.23888754766795728
2018-04-28 19:06:00,0.22314332556857153
2018-04-28 19:09:00,0.20773120718644122
2018-04-28 19:12:00,0.3028556168976593
2018-04-28 19:15:00,0.36200900642859324
2018-04-28 19:18:00,0.20917661554852884
2018-04-28 19:21:00,0.1976452113030973
2018-04-28 19:24:00,0.2803171617164253
2018-04-28 19:27:00,0.16380624122581366
2018-04-28 19:30:00,0.17081668131618244
2018-04-28 19:33:00,0.14044264972108067
2018-04-28 19:36:00,0.21306295406702702
2018-04-28 19:39:00,0.3031070927927999
2018-04-28 19:42:00,0.2607932003911628
2018-04-28 19:45:00,0.17149440244043035
2018-04-28 19:48:00,0.2842742647826526
2018-04-28 19:51:00,0.2836350051624663
2018-04-28 19:54:00,0.32902740977971234
2018-04-28 19:57:00,0.36413278886954004
2018-04-28 20:00:00,0.3067556497192072
2018-04-28 20:03:00,0.2786424454292842
2018-04-28 20:06:00,0.38214457966938653
2018-04-28 20:09:00,0.1988343284024836
2018-04-28 20:12:00,0.31927484585133925
2018-04-28 20:15:00,0.3911899926068827
2018-04-28 20:18:00,0.2634055430688136
2018-04-28 20:21:00,0.31991186785018044
2018-04-28 20:24:00,0.3794160048873323
2018-04-28 20:27:00,0.24697666763000825
2018-04-28 20:30:00,0.2993133353947428
2018-04-28 20:33:00,0.3941071676543402
2018-04-28 20:36:00,0.2554821241044465
2018-04-28 20:39:00,0.3311100062840069
2018-04-28 20:42:00,0.32020147351244077
2018-04-28 20:45:00,0.3587201351453473
2018-04-28 20:48:00,0.34105098514851306
2018-04-28 20:51:00,0.2397305478840508
2018-04-28 20:54:00,0.27534178602979864
2018-04-28 20:57:00,0.2548030923624651
2018-04-28 21:00:00,0.326173119229054
2018-04-28 21:03:00,0.32306798670140324
2018-04-28 21:06:00,0.1907000011453306
2018-04-28 21:09:00,0.35316599428210793
2018-04-28 21:12:00,0.27421968992001666
2018-04-28 21:15:00,0.3503617849717102
2018-04-28 21:18:00,0.3213912306385964
2018-04-28 21:21:00,0.30822670652366924
2018-04-28 21:24:00,0.34140911134102225
2018-04-28 21:27:00,0.33071150469322674
2018-04-28 21:30:00,0.33260368272527785
2018-04-28 21:33:00,0.36200948428484025
2018-04-28 21:36:00,0.3707025481260757
2018-04-28 21:39:00,0.45658671747054314
2018-04-28 21:42:00,0.42423199512830934
2018-04-28 21:45:00,0.40490990841703933
2018-04-28 21:48:00,0.3843360570691061
2018-04-28 21:51:00,0.3367092686450519
2018-04-28 21:54:00,0.323175318433357
2018-04-28 21:57:00,0.29492045263987166
2018-04-28 22:00:00,0.29493550095810406
2018-04-28 22:03:00,0.4183740092233279
2018-04-28 22:06:00,0.2622452700474014
2018-04-28 22:09:00,0.4260134420345594
2018-04-28 22:12:00,0.25290233313984345
2018-04-28 22:15:00,0.40360639455627734
2018-04-28 22:18:00,0.38958029061495836
2018-04-28 22:21:00,0.4127297310637914
2018-04-28 22:24:00,0.48101401991186776
2018-04-28 22:27:00,0.37555266065550086
2018-04-28 22:30:00,0.5198492573421731
2018-04-28 22:33:00,0.35858257157406115
2018-04-28 22:36:00,0.30902943131002303
2018-04-28 22:39:00,0.3803750069928924
2018-04-28 22:42:00,0.40464044528442855
2018-04-28 22:45:00,0.35713272810090757
2018-04-28 22:48:00,0.437295493287877
2018-04-28 22:51:00,0.45863772708054285
2018-04-28 22:54:00,0.41884020070125416
2018-04-28 22:57:00,0.4251848103193083
2018-04-28 23:00:00,0.4582537888934439
2018-04-28 23:03:00,0.412274494942551
2018-04-28 23:06:00,0.3533068282221734
2018-04-28 23:09:00,0.3504928809647936
2018-04-28 23:12:00,0.370220612909236
2018-04-28 23:15:00,0.30129927692485126
2018-04-28 23:18:00,0.4157744777007224
2018-04-28 23:21:00,0.4632382246445559
2018-04-28 23:24:00,0.41045130495177773
2018-04-28 23:27:00,0.38007562937383454
2018-04-28 23:30:00,0.4952512601018384
2018-04-28 23:33:00,0.4611162752604514
2018-04-28 23:36:00,0.33734783770739796
2018-04-28 23:39:00,0.2204782041137605
2018-04-28 23:42:00,0.3702222596493243
2018-04-28 23:45:00,0.33265845222956614
2018-04-28 23:48:00,0.3401473400461441
2018-04-28 23:51:00,0.4003451199557162
2018-04-28 23:54:00,0.42622998425866854
2018-04-28 23:57:00,0.46400272471493054
2018-04-29 00:00:00,0.5280228698681526
2018-04-29 00:03:00,0.4659753425888198
2018-04-29 00:06:00,0.3836481648456811
2018-04-29 00:09:00,0.39906932323754063
2018-04-29 00:12:00,0.39993025307109065
2018-04-29 00:15:00,0.37526415046710326
2018-04-29 00:18:00,0.3046878648182769
2018-04-29 00:21:00,0.4043676549796942
2018-04-29 00:24:00,0.44852232053807484
2018-04-29 00:27:00,0.42177289695155196
2018-04-29 00:30:00,0.43683968084673097
2018-04-29 00:33:00,0.4591276622098803
2018-04-29 00:36:00,0.4341533150757755
2018-04-29 00:39:00,0.5336419810994926
2018-04-29 00:42:00,0.5101703879380466
2018-04-29 00:45:00,0.5002210375609479
2018-04-29 00:48:00,0.3349856537861342
2018-04-29 00:51:00,0.4901624490124732
2018-04-29 00:54:00,0.41183816881238045
2018-04-29 00:57:00,0.4301219887662455
2018-04-29 01:00:00,0.5726125223125109
2018-04-29 01:03:00,0.4569021650902414
2018-04-29 01:06:00,0.46069010130275956
2018-04-29 01:09:00,0.5503480702666366
2018-04-29 01:12:00,0.4526822640199839
2018-04-29 01:15:00,0.49381416102403364
2018-04-29 01:18:00,0.4386385427517894
2018-04-29 01:21:00,0.38084988971746725
2018-04-29 01:24:00,0.5115550423026889
2018-04-29 01:27:00,0.39138529330767824
2018-04-29 01:30:00,0.5159670743752258
2018-04-29 01:33:00,0.40063197702926345
2018-04-29 01:36:00,0.6042412797439738
2018-04-29 01:39:00,0.5412822454292723
2018-04-29 01:42:00,0.5137060237391893
2018-04-29 01:45:00,0.5960284616631384
2018-04-29 01:48:00,0.5564489912803197
2018-04-29 01:51:00,0.5671348606087463
2018-04-29 01:54:00,0.5485477641523175
2018-04-29 01:57:00,0.49679779822588443
2018-04-29 02:00:00,0.6160942258827049
2018-04-29 02:03:00,0.5887943208914521
2018-04-29 02:06:00,0.5166817670382784
2018-04-29 02:09:00,0.5154389993784889
2018-04-29 02:12:00,0.5812418296353599
2018-04-29 02:15:00,0.6417018357747679
2018-04-29 02:18:00,0.6136400751053657
2018-04-29 02:21:00,0.617596144743402
2018-04-29 02:24:00,0.606237250961783
2018-04-29 02:27:00,0.6222392349718575
2018-04-29 02:30:00,0.5775026613306977
2018-04-29 02:33:00,0.5343805756036772
2018-04-29 02:36:00,0.49618359167749304
2018-04-29 02:39:00,0.5573635225986777
2018-04-29 02:42:00,0.5215570567229975
2018-04-29 02:45:00,0.4929292791523494
2018-04-29 02:48:00,0.4332562090647798
2018-04-29 02:51:00,0.4269207604025951
2018-04-29 02:54:00,0.33383993511932886
2018-04-29 02:57:00,0.40154995029439533
2018-04-29 03:00:00,0.4630689779522754
2018-04-29 03:03:00,0.3978807973525704
2018-04-29 03:06:00,0.2928938772239462
2018-04-29 03:09:00,0.3748966063447483
2018-04-29 03:12:00,0.3581153389249039
2018-04-29 03:15:00,0.3121231798205599
2018-04-29 03:18:00,0.28083140146304686
2018-04-29 03:21:00,0.4199450578734627
2018-04-29 03:24:00,0.30991042057030427
2018-04-29 03:27:00,0.3308554627043918
2018-04-29 03:30:00,0.3810246641090771
2018-04-29 03:33:00,0.4301291452716782
2018-04-29 03:36:00,0.3800985669792567
2018-04-29 03:39:00,0.520508293049545
2018-04-29 03:42:00,0.4231696553212032
2018-04-29 03:45:00,0.4784850278314252
2018-04-29 03:48:00,0.4148542677459659
2018-04-29 03:51:00,0.41322817467442974
2018-04-29 03:54:00,0.3841777175994707
2018-04-29 03:57:00,0.47915197298743806
2018-04-29 04:00:00,0.47848646606712464
2018-04-29 04:03:00,0.4346517466103137
2018-04-29 04:06:00,0.41093586157666095
2018-04-29 04:09:00,0.5306721209988723
2018-04-29 04:12:00,0.4949197531686309
2018-04-29 04:15:00,0.4479334029667825
2018-04-29 04:18:00,0.4914786736525798
2018-04-29 04:21:00,0.49625194825983954
2018-04-29 04:24:00,0.439858608320435
2018-04-29 04:27:00,0.5478115567863142
2018-04-29 04:30:00,0.5013687015727442
2018-04-29 04:33:00,0.6274344053721279
2018-04-29 04:36:00,0.5325148173421894
2018-04-29 04:39:00,0.7017746628465034
2018-04-29 04:42:00,0.7032811193168982
2018-04-29 04:45:00,0.49368799448552636
2018-04-29 04:48:00,0.5470321433700747
2018-04-29 04:51:00,0.580575322686741
2018-04-29 04:54:00,0.5971872117593193
2018-04-29 04:57:00,0.5932727504430773
2018-04-29 05:00:00,0.5523501969742597
2018-04-29 05:03:00,0.6266663212975345
2018-04-29 05:06:00,0.6436454067671207
2018-04-29 05:09:00,0.6880144661268446
2018-04-29 05:12:00,0.6234846719912639
2018-04-29 05:15:00,0.5856658884681565
2018-04-29 05:18:00,0.6391799595987209
2018-04-29 05:21:00,0.5308783512489299
2018-04-29 05:24:00,0.5859860343192054
2018-04-29 05:27:00,0.595393225718567
2018-04-29 05:30:00,0.5417736534732853
2018-04-29 05:33:00,0.5841539753309348
2018-04-29 05:36:00,0.507164755600968
2018-04-29 05:39:00,0.5723489284421248
2018-04-29 05:42:00,0.6029856813174206
2018-04-29 05:45:00,0.521733061967609
2018-04-29 05:48:00,0.5659488561240096
2018-04-29 05:51:00,0.5584319463910674
2018-04-29 05:54:00,0.602356114220072
2018-04-29 05:57:00,0.6009999902202026
2018-04-29 06:00:00,0.6041966936169274
2018-04-29 06:03:00,0.5965359852194752
2018-04-29 06:06:00,0.5423261176762253
2018-04-29 06:09:00,0.6780311420785665
2018-04-29 06:12:00,0.5854811363572594
2018-04-29 06:15:00,0.5616205647718857
2018-04-29 06:18:00,0.4989667634427519
2018-04-29 06:21:00,0.6342611051967992
2018-04-29 06:24:00,0.49538077850621676
2018-04-29 06:27:00,0.46763885998984733
2018-04-29 06:30:00,0.6371263195015899
2018-04-29 06:33:00,0.5773731462215892
2018-04-29 06:36:00,0.5521697612173284
2018-04-29 06:39:00,0.6048762651959692
2018-04-29 06:42:00,0.5610616196177034
2018-04-29 06:45:00,0.6484101126856672
2018-04-29 06:48:00,0.5870882635376802
2018-04-29 06:51:00,0.6864366370150492
2018-04-29 06:54:00,0.6373367910314869
2018-04-29 06:57:00,0.7378312045107123
2018-04-29 07:00:00,0.7430439357574414
2018-04-29 07:03:00,0.7279952743830904
2018-04-29 07:06:00,0.802530185037881
2018-04-29 07:09:00,0.7225438030955615
2018-04-29 07:12:00,0.6935429235091419
2018-04-29 07:15:00,0.5915958618022614
2018-04-29 07:18:00,0.7270671212706361
2018-04-29 07:21:00,0.6501625450835036
2018-04-29 07:24:00,0.5892046604230927
2018-04-29 07:27:00,0.6556141983536463
2018-04-29 07:30:00,0.5076526313810632
2018-04-29 07:33:00,0.5987131362539913
2018-04-29 07:36:00,0.613850868168015
2018-04-29 07:39:00,0.5187275434905132
2018-04-29 07:42:00,0.686816251865423
2018-04-29 07:45:00,0.5477245726423803
2018-04-29 07:48:00,0.5790877943851456
2018-04-29 07:51:00,0.6382040772935511
2018-04-29 07:54:00,0.5031304499179328
2018-04-29 07:57:00,0.5761889243634641
2018-04-29 08:00:00,0.6496192906259921
2018-04-29 08:03:00,0.5729369544748693
2018-04-29 08:06:00,0.6669936527182472
2018-04-29 08:09:00,0.6287969094708501
2018-04-29 08:12:00,0.5893901286869436
2018-04-29 08:15:00,0.5017853198631883
2018-04-29 08:18:00,0.6154902653068461
2018-04-29 08:21:00,0.5788193061216589
2018-04-29 08:24:00,0.5609945920119799
2018-04-29 08:27:00,0.5444426950191996
2018-04-29 08:30:00,0.506136519296831
2018-04-29 08:33:00,0.6592382217330055
2018-04-29 08:36:00,0.5797390918688734
2018-04-29 08:39:00,0.6333469606220774
2018-04-29 08:42:00,0.5811620570923424
2018-04-29 08:45:00,0.5914651234569988
2018-04-29 08:48:00,0.47219036042810103
2018-04-29 08:51:00,0.509332343810911
2018-04-29 08:54:00,0.5258455001515472
2018-04-29 08:57:00,0.5248874601009561
2018-04-29 09:00:00,0.5312425145259567
2018-04-29 09:03:00,0.49674942953259915
2018-04-29 09:06:00,0.479085535808224
2018-04-29 09:09:00,0.5506431794885316
2018-04-29 09:12:00,0.5965614202594907
2018-04-29 09:15:00,0.57713776132465
2018-04-29 09:18:00,0.46647341768203887
2018-04-29 09:21:00,0.4704289474902339
2018-04-29 09:24:00,0.5505382669776964
2018-04-29 09:27:00,0.5383091079443716
2018-04-29 09:30:00,0.6011535242917034
2018-04-29 09:33:00,0.5089078801520373
2018-04-29 09:36:00,0.4920695662322032
2018-04-29 09:39:00,0.445400680466264
2018-04-29 09:42:00,0.5372138405181204
2018-04-29 09:45:00,0.5191633356994885
2018-04-29 09:48:00,0.5362134238653198
2018-04-29 09:51:00,0.4537121749881976
2018-04-29 09:54:00,0.4741210526154873
2018-04-29 09:57:00,0.5097468178208828
2018-04-29 10:00:00,0.4699546731117721
2018-04-29 10:03:00,0.490086718887369
2018-04-29 10:06:00,0.37123627650640856
2018-04-29 10:09:00,0.5105690656793627
2018-04-29 10:12:00,0.4369241689708474
2018-04-29 10:15:00,0.5021579262528348
2018-04-29 10:18:00,0.43174027447849994
2018-04-29 10:21:00,0.5050015846771316
2018-04-29 10:24:00,0.5055469046092753
2018-04-29 10:27:00,0.4560443423722518
2018-04-29 10:30:00,0.32050177097983124
2018-04-29 10:33:00,0.4422784170395744
2018-04-29 10:36:00,0.43003442321520424
2018-04-29 10:39:00,0.4045264379754485
2018-04-29 10:42:00,0.4992339729164428
2018-04-29 10:45:00,0.3537681085990698
2018-04-29 10:48:00,0.31268500553898093
2018-04-29 10:51:00,0.38977344518116297
2018-04-29 10:54:00,0.35632093478312754
2018-04-29 10:57:00,0.4123715493445843
2018-04-29 11:00:00,0.3639974035848468
2018-04-29 11:03:00,0.3173837172439562
2018-04-29 11:06:00,0.37500649558734267
2018-04-29 11:09:00,0.3667494334391108
2018-04-29 11:12:00,0.35126525110462126
2018-04-29 11:15:00,0.3809523854108079
2018-04-29 11:18:00,0.3522142613834376
2018-04-29 11:21:00,0.37047829992093284
2018-04-29 11:24:00,0.39096185424995156
2018-04-29 11:27:00,0.3110074158831253
2018-04-29 11:30:00,0.31827666827570056
2018-04-29 11:33:00,0.2858275405461086
2018-04-29 11:36:00,0.2982780463312338
2018-04-29 11:39:00,0.3512103710542078
2018-04-29 11:42:00,0.3178150803164499
2018-04-29 11:45:00,0.3924133768795173
2018-04-29 11:48:00,0.3814706567307553
2018-04-29 11:51:00,0.35038082166437334
2018-04-29 11:54:00,0.2912666403702815
2018-04-29 11:57:00,0.31199715478976486
2018-04-29 12:00:00,0.4089158124706955
2018-04-29 12:03:00,0.2894485396842583
2018-04-29 12:06:00,0.37442391461308944
2018-04-29 12:09:00,0.26965810903647025
2018-04-29 12:12:00,0.2466704311658532
2018-04-29 12:15:00,0.33586286132839405
2018-04-29 12:18:00,0.23700633000316884
2018-04-29 12:21:00,0.1980547503766843
2018-04-29 12:24:00,0.14154720452097536
2018-04-29 12:27:00,0.27846139188056895
2018-04-29 12:30:00,0.23421776355905877
2018-04-29 12:33:00,0.15071988272734416
2018-04-29 12:36:00,0.09771129635214493
2018-04-29 12:39:00,0.26956845640540905
2018-04-29 12:42:00,0.0685297141737351
2018-04-29 12:45:00,0.30701500377705315
2018-04-29 12:48:00,0.0872924047968695
2018-04-29 12:51:00,0.1529729231208421
2018-04-29 12:54:00,0.07378950694692321
2018-04-29 12:57:00,0.1855209409562235
2018-04-29 13:00:00,0.06166489475299386
2018-04-29 13:03:00,0.18013555563379668
2018-04-29 13:06:00,0.1396080125855974
2018-04-29 13:09:00,0.17605401383622166
2018-04-29 13:12:00,0.09377944152384998
2018-04-29 13:15:00,0.12684052257424128
2018-04-29 13:18:00,-0.060562146691097496
2018-04-29 13:21:00,-0.013642416163975213
2018-04-29 13:24:00,0.11693455001551456
2018-04-29 13:27:00,0.05497175691652956
2018-04-29 13:30:00,0.16209495693016152
2018-04-29 13:33:00,0.09147978022400594
2018-04-29 13:36:00,0.12160027949295227
2018-04-29 13:39:00,0.01531815284744198
2018-04-29 13:42:00,-0.0007503393965748728
2018-04-29 13:45:00,0.04714643365360871
2018-04-29 13:48:00,0.0026881424831231016
2018-04-29 13:51:00,0.07483832819468716
2018-04-29 13:54:00,0.03566708941298202
2018-04-29 13:57:00,0.02474466150835042
2018-04-29 14:00:00,0.07333737373005533
2018-04-29 14:03:00,0.13139929715879362
2018-04-29 14:06:00,0.23762248384593931
2018-04-29 14:09:00,0.10351334054058725
2018-04-29 14:12:00,0.13319977778132852
2018-04-29 14:15:00,0.11377550204792897
2018-04-29 14:18:00,0.1881055280253463
2018-04-29 14:21:00,0.17385055496356472
2018-04-29 14:24:00,0.2469849737199752
2018-04-29 14:27:00,0.1099630591653522
2018-04-29 14:30:00,0.12911340436608043
2018-04-29 14:33:00,0.18264477944791224
2018-04-29 14:36:00,0.2959230223683562
2018-04-29 14:39:00,0.18906144726980756
2018-04-29 14:42:00,0.1807385362185414
2018-04-29 14:45:00,0.20103193870602354
2018-04-29 14:48:00,0.11549677623361276
2018-04-29 14:51:00,0.23253563673949884
2018-04-29 14:54:00,0.2724522490402137
2018-04-29 14:57:00,0.41936065700468816
2018-04-29 15:00:00,0.13672023023855218
2018-04-29 15:03:00,0.16061521489717734
2018-04-29 15:06:00,0.1396061632373744
2018-04-29 15:09:00,0.23354325744116977
2018-04-29 15:12:00,0.12988437340806058
2018-04-29 15:15:00,0.24127074939286786
2018-04-29 15:18:00,0.2278316412410959
2018-04-29 15:21:00,0.34921066377103216
2018-04-29 15:24:00,0.24949316318389947
2018-04-29 15:27:00,0.3545422901873394
2018-04-29 15:30:00,0.3998991455904388
2018-04-29 15:33:00,0.292894104315792
2018-04-29 15:36:00,0.2736888770693895
2018-04-29 15:39:00,0.14655680623002354
2018-04-29 15:42:00,0.3609537721059155
2018-04-29 15:45:00,0.48780719442856935
2018-04-29 15:48:00,0.3057347431735593
2018-04-29 15:51:00,0.21895693992524912
2018-04-29 15:54:00,0.2709217498947396
2018-04-29 15:57:00,0.0725753991278566
2018-04-29 16:00:00,0.3452505554527079
2018-04-29 16:03:00,0.377859388084687
2018-04-29 16:06:00,0.41415956701621326
2018-04-29 16:09:00,0.4468062081911057
2018-04-29 16:12:00,0.4796808404948365
2018-04-29 16:15:00,0.42055711053097866
2018-04-29 16:18:00,0.3042174552874144
2018-04-29 16:21:00,0.3187291634948224
2018-04-29 16:24:00,0.3144255636393609
2018-04-29 16:27:00,0.33495392965846804
2018-04-29 16:30:00,0.311718554968877
2018-04-29 16:33:00,0.329311355154573
2018-04-29 16:36:00,0.4475364475564447
2018-04-29 16:39:00,0.24526542571487653
2018-04-29 16:42:00,0.4128689743799896
2018-04-29 16:45:00,0.31044631243838694
2018-04-29 16:48:00,0.23672794970565292
2018-04-29 16:51:00,0.27376007884703313
2018-04-29 16:54:00,0.38993230185263883
2018-04-29 16:57:00,0.391462706095524
2018-04-29 17:00:00,0.26088480663639757
2018-04-29 17:03:00,0.21301967830169133
2018-04-29 17:06:00,0.3385036746235528
2018-04-29 17:09:00,0.2597066760379221
2018-04-29 17:12:00,0.30390863142770286
2018-04-29 17:15:00,0.25611672698852317
2018-04-29 17:18:00,0.34971831845456336
2018-04-29 17:21:00,0.2868878030953965
2018-04-29 17:24:00,0.28278416739590284
2018-04-29 17:27:00,0.31484413531245536
2018-04-29 17:30:00,0.2742034667866733
2018-04-29 17:33:00,0.1982223535724188
2018-04-29 17:36:00,0.3210201013790197
2018-04-29 17:39:00,0.2883207388085225
2018-04-29 17:42:00,0.3013745006113595
2018-04-29 17:45:00,0.321297739074339
2018-04-29 17:48:00,0.3274556169420748
2018-04-29 17:51:00,0.36404447631826997
2018-04-29 17:54:00,0.32320029814070494
2018-04-29 17:57:00,0.241609375241012
2018-04-29 18:00:00,0.35184045158217714
2018-04-29 18:03:00,0.3852131770855749
2018-04-29 18:06:00,0.2037982499937243
2018-04-29 18:09:00,0.3159798196500674
2018-04-29 18:12:00,0.2547369306626024
2018-04-29 18:15:00,0.3590075314668866
2018-04-29 18:18:00,0.36425468716191745
2018-04-29 18:21:00,0.28589138010551096
2018-04-29 18:24:00,0.3355560271950253
2018-04-29 18:27:00,0.41396832984599996
2018-04-29 18:30:00,0.38144340299197665
2018-04-29 18:33:00,0.3810788230367166
2018-04-29 18:36:00,0.2869865242127503
2018-04-29 18:39:00,0.30019275186504046
2018-04-29 18:42:00,0.30256251683579194
2018-04-29 18:45:00,0.33847766950941605
2018-04-29 18:48:00,0.31864704798010735
2018-04-29 18:51:00,0.3197060796665028
2018-04-29 18:54:00,0.30163474695928016
2018-04-29 18:57:00,
2018-04-29 19:00:00,
2018-04-29 19:03:00,0.2500058775206071
2018-04-29 19:06:00,0.26373236501927977
2018-04-29 19:09:00,0.22881759183843542
2018-04-29 19:12:00,0.24723637950648936
2018-04-29 19:15:00,0.22606748563617884
2018-04-29 19:18:00,0.30395791453094034
2018-04-29 19:21:00,0.3233428538168823
2018-04-29 19:24:00,0.35298022728477463
2018-04-29 19:27:00,0.36910251565745966
2018-04-29 19:30:00,0.4804115496990562
2018-04-29 19:33:00,0.4696225785489787
2018-04-29 19:36:00,0.3672788477492759
2018-04-29 19:39:00,0.3324199922034268
2018-04-29 19:42:00,0.26300897847727356
2018-04-29 19:45:00,0.3771867027175517
2018-04-29 19:48:00,0.31941334091521867
2018-04-29 19:51:00,0.28799699435006687
2018-04-29 19:54:00,0.4184330985469842
2018-04-29 19:57:00,0.3120115585859935
2018-04-29 20:00:00,0.3652500246956265
2018-04-29 20:03:00,0.36822842097836883
2018-04-29 20:06:00,0.4615880568011903
2018-04-29 20:09:00,0.3801336067696184
2018-04-29 20:12:00,0.4082666913557773
2018-04-29 20:15:00,0.36809927100017603
2018-04-29 20:18:00,0.41143318756513736
2018-04-29 20:21:00,0.525453772815581
2018-04-29 20:24:00,0.46995060458380067
2018-04-29 20:27:00,0.33323708811855113
2018-04-29 20:30:00,0.40643494686395343
2018-04-29 20:33:00,0.4296384295456619
2018-04-29 20:36:00,0.6049746607785664
2018-04-29 20:39:00,0.504372269090652
2018-04-29 20:42:00,0.40651986422892605
2018-04-29 20:45:00,0.44593925004716084
2018-04-29 20:48:00,0.35147400060731115
2018-04-29 20:51:00,0.4235242177608143
2018-04-29 20:54:00,0.4287165250397038
2018-04-29 20:57:00,0.4645194947335085
2018-04-29 21:00:00,0.48433584792093143
2018-04-29 21:03:00,0.39327897243748566
2018-04-29 21:06:00,0.45149049451748624
2018-04-29 21:09:00,0.4424799777272028
2018-04-29 21:12:00,0.39227507447799326
2018-04-29 21:15:00,0.4866709994835219
2018-04-29 21:18:00,0.44145740159001434
2018-04-29 21:21:00,0.3729905740219692
2018-04-29 21:24:00,0.4241324668881816
2018-04-29 21:27:00,0.5112687650758971
2018-04-29 21:30:00,0.3109327881381887
2018-04-29 21:33:00,0.41341637032280687
2018-04-29 21:36:00,0.3856849569341989
2018-04-29 21:39:00,0.4953071574251453
2018-04-29 21:42:00,0.4557344393451217
2018-04-29 21:45:00,0.4522458441558115
2018-04-29 21:48:00,0.45741349270218734
2018-04-29 21:51:00,0.3758306185231959
2018-04-29 21:54:00,0.3849381961430254
2018-04-29 21:57:00,0.48981682645029423
2018-04-29 22:00:00,0.4526880083060405
2018-04-29 22:03:00,0.4762333746022591
2018-04-29 22:06:00,0.38910706222554836
2018-04-29 22:09:00,0.4593426263496667
2018-04-29 22:12:00,0.5592527999569938
2018-04-29 22:15:00,0.45875840097767195
2018-04-29 22:18:00,0.47399443582054346
2018-04-29 22:21:00,0.4317687184127976
2018-04-29 22:24:00,0.45445695440264444
2018-04-29 22:27:00,0.5566777131890035
2018-04-29 22:30:00,0.5245768849847536
2018-04-29 22:33:00,0.44067989689239084
2018-04-29 22:36:00,0.46231815364751583
2018-04-29 22:39:00,0.43872979328841666
2018-04-29 22:42:00,0.4564224668156953
2018-04-29 22:45:00,0.43588980088532026
2018-04-29 22:48:00,0.4498590774144873
2018-04-29 22:51:00,0.45751100519834154
2018-04-29 22:54:00,0.4786423378445761
2018-04-29 22:57:00,0.38711529856857396
2018-04-29 23:00:00,0.49310433078358074
2018-04-29 23:03:00,0.38642754860876494
2018-04-29 23:06:00,0.4460715279476517
2018-04-29 23:09:00,0.5511775259845422
2018-04-29 23:12:00,0.531720724175841
2018-04-29 23:15:00,0.6050844459267637
2018-04-29 23:18:00,0.4719949268787218
2018-04-29 23:21:00,0.6166220514388101
2018-04-29 23:24:00,0.5852655981700536
2018-04-29 23:27:00,0.4464885263126348
2018-04-29 23:30:00,0.5371366999633551
2018-04-29 23:33:00,0.5476590092700917
2018-04-29 23:36:00,0.5391002884946943
2018-04-29 23:39:00,0.5456498930408316
2018-04-29 23:42:00,0.5064624643302409
2018-04-29 23:45:00,0.5124233080707654
2018-04-29 23:48:00,0.46417988530384946
2018-04-29 23:51:00,0.6135495241695708
2018-04-29 23:54:00,0.5409936429666686
2018-04-29 23:57:00,0.5277628411267301
2018-04-30 00:00:00,0.5167502955907253
2018-04-30 00:03:00,0.5481135178017666
2018-04-30 00:06:00,0.5499530139638864
2018-04-30 00:09:00,0.6434355982646025
2018-04-30 00:12:00,0.6248509690888682
2018-04-30 00:15:00,0.49474719474267204
2018-04-30 00:18:00,0.48787881010150613
2018-04-30 00:21:00,0.6231056261235608
2018-04-30 00:24:00,0.5334566628598054
2018-04-30 00:27:00,0.43783472252454203
2018-04-30 00:30:00,0.6260221179818473
2018-04-30 00:33:00,0.5176807181366598
2018-04-30 00:36:00,0.5644007795071389
2018-04-30 00:39:00,0.5988965026863298
2018-04-30 00:42:00,0.6003322336352994
2018-04-30 00:45:00,0.6678966056022659
2018-04-30 00:48:00,0.6106428401790822
2018-04-30 00:51:00,0.5729817397822785
2018-04-30 00:54:00,0.6322170183460685
2018-04-30 00:57:00,0.5960394518995713
2018-04-30 01:00:00,0.6828753022457477
2018-04-30 01:03:00,0.5950772813235972
2018-04-30 01:06:00,0.6838200536990939
2018-04-30 01:09:00,0.6051983832958854
2018-04-30 01:12:00,0.621200394573691
2018-04-30 01:15:00,0.5661979099534165
2018-04-30 01:18:00,0.5852647027371631
2018-04-30 01:21:00,0.6301534151033934
2018-04-30 01:24:00,0.6552706805656499
2018-04-30 01:27:00,0.7068436914946687
2018-04-30 01:30:00,0.585202286841195
2018-04-30 01:33:00,0.6928660931210402
2018-04-30 01:36:00,0.6125443428218205
2018-04-30 01:39:00,0.6801071662923164
2018-04-30 01:42:00,0.597945443912522
2018-04-30 01:45:00,0.617627603044582
2018-04-30 01:48:00,0.6917670885109715
2018-04-30 01:51:00,0.5931149050034605
2018-04-30 01:54:00,0.7156148551572983
2018-04-30 01:57:00,0.662928805108379
2018-04-30 02:00:00,0.7328852753373667
2018-04-30 02:03:00,0.8241295956180466
2018-04-30 02:06:00,0.6775186032420493
2018-04-30 02:09:00,0.7697221065467943
2018-04-30 02:12:00,0.726590955532572
2018-04-30 02:15:00,0.7552765612999792
2018-04-30 02:18:00,0.7971539095207163
2018-04-30 02:21:00,0.7048918333311462
2018-04-30 02:24:00,0.693501540197019
2018-04-30 02:27:00,0.7142928210663513
2018-04-30 02:30:00,0.7863645388989084
2018-04-30 02:33:00,0.7137569468388278
2018-04-30 02:36:00,0.732775114464971
2018-04-30 02:39:00,0.7055827521304536
2018-04-30 02:42:00,0.705114089206802
2018-04-30 02:45:00,0.700430838855425
2018-04-30 02:48:00,0.6699132448772502
2018-04-30 02:51:00,0.7803118180125352
2018-04-30 02:54:00,0.7352351602473277
2018-04-30 02:57:00,0.8120427569082267
2018-04-30 03:00:00,0.762158077033007
2018-04-30 03:03:00,0.6830686100096273
2018-04-30 03:06:00,0.7065597552098666
2018-04-30 03:09:00,0.7946228310450465
2018-04-30 03:12:00,0.732652186210828
2018-04-30 03:15:00,0.7715892966119782
2018-04-30 03:18:00,0.6895568399354488
2018-04-30 03:21:00,0.6932361168385341
2018-04-30 03:24:00,0.668630660478641
2018-04-30 03:27:00,0.6990943746359903
2018-04-30 03:30:00,0.7005569582374847
2018-04-30 03:33:00,0.7845182922274034
2018-04-30 03:36:00,0.7568390439362815
2018-04-30 03:39:00,0.6693834018147413
2018-04-30 03:42:00,0.6875424930415761
2018-04-30 03:45:00,0.6326233263025642
2018-04-30 03:48:00,0.7700197310091426
2018-04-30 03:51:00,0.6971744413301053
2018-04-30 03:54:00,0.7626104915469227
2018-04-30 03:57:00,0.6130931731630653
2018-04-30 04:00:00,0.8238446365094774
2018-04-30 04:03:00,0.815209504307461
2018-04-30 04:06:00,0.6731535361970487
2018-04-30 04:09:00,0.7339700829116964
2018-04-30 04:12:00,0.7302189627163216
2018-04-30 04:15:00,0.661672648783906
2018-04-30 04:18:00,0.7366498435926019
2018-04-30 04:21:00,0.5978808020344673
2018-04-30 04:24:00,0.7171701900163612
2018-04-30 04:27:00,0.6015572337779531
2018-04-30 04:30:00,0.6386674333635938
2018-04-30 04:33:00,0.7268686952374992
2018-04-30 04:36:00,0.6956891413252606
2018-04-30 04:39:00,0.7337973177457684
2018-04-30 04:42:00,0.6141939259814535
2018-04-30 04:45:00,0.7064303716340987
2018-04-30 04:48:00,0.657957161282809
2018-04-30 04:51:00,0.6411882863432083
2018-04-30 04:54:00,0.5034590896275972
2018-04-30 04:57:00,0.72684497112391
2018-04-30 05:00:00,0.589175243886757
2018-04-30 05:03:00,0.6259862543599866
2018-04-30 05:06:00,0.6284348237766721
2018-04-30 05:09:00,0.5535950173866695
2018-04-30 05:12:00,0.6359437260498453
2018-04-30 05:15:00,0.6456584081908545
2018-04-30 05:18:00,0.6173161931467916
2018-04-30 05:21:00,0.617251560053262
2018-04-30 05:24:00,0.5631866570579973
2018-04-30 05:27:00,0.6007101447210061
2018-04-30 05:30:00,0.5850766748886258
2018-04-30 05:33:00,0.6672034584655648
2018-04-30 05:36:00,0.5300265272477418
2018-04-30 05:39:00,0.6286498672723155
2018-04-30 05:42:00,0.6427268763854954
2018-04-30 05:45:00,0.6071673448202546
2018-04-30 05:48:00,0.6476356150052993
2018-04-30 05:51:00,0.5967762803056189
2018-04-30 05:54:00,0.6997747677824577
2018-04-30 05:57:00,0.6337974997939
2018-04-30 06:00:00,0.6147048251604588
2018-04-30 06:03:00,0.5300293821130708
2018-04-30 06:06:00,0.5142187050403209
2018-04-30 06:09:00,0.5653791894115443
2018-04-30 06:12:00,0.5743659567028203
2018-04-30 06:15:00,0.6420701301909162
2018-04-30 06:18:00,0.5446232700797964
2018-04-30 06:21:00,0.5508612719710868
2018-04-30 06:24:00,0.6880017293253786
2018-04-30 06:27:00,0.5489678118443635
2018-04-30 06:30:00,0.6127722800437709
2018-04-30 06:33:00,0.6106945412854543
2018-04-30 06:36:00,0.5441275364742637
2018-04-30 06:39:00,0.5461565263019565
2018-04-30 06:42:00,0.4884711650356621
2018-04-30 06:45:00,0.6376515064456498
2018-04-30 06:48:00,0.7089205618237315
2018-04-30 06:51:00,0.5624453305994734
2018-04-30 06:54:00,0.6326038301976382
2018-04-30 06:57:00,0.5990247312579982
2018-04-30 07:00:00,0.61676255245618
2018-04-30 07:03:00,0.5232854524200548
2018-04-30 07:06:00,0.6543359125792563
2018-04-30 07:09:00,0.5839427159447155
2018-04-30 07:12:00,0.5945731506617449
2018-04-30 07:15:00,0.5434679058023448
2018-04-30 07:18:00,0.6099626955187887
2018-04-30 07:21:00,0.6932161878932561
2018-04-30 07:24:00,0.6694517537503657
2018-04-30 07:27:00,0.6081982378353246
2018-04-30 07:30:00,0.5722040160603683
2018-04-30 07:33:00,0.583185657004833
2018-04-30 07:36:00,0.5952433107653405
2018-04-30 07:39:00,0.511473668106305
2018-04-30 07:42:00,0.646984762336217
2018-04-30 07:45:00,0.549348361238799
2018-04-30 07:48:00,0.5536135425844009
2018-04-30 07:51:00,0.655874902343669
2018-04-30 07:54:00,0.5443035148569493
2018-04-30 07:57:00,0.5865087853643445
2018-04-30 08:00:00,0.6083054707908104
2018-04-30 08:03:00,0.5661760488316645
2018-04-30 08:06:00,0.5071138937895512
2018-04-30 08:09:00,0.45577889991920983
2018-04-30 08:12:00,0.5958788134895485
2018-04-30 08:15:00,0.590012417303285
2018-04-30 08:18:00,0.5226387573919737
2018-04-30 08:21:00,0.442408602007788
2018-04-30 08:24:00,0.4418745561409878
2018-04-30 08:27:00,0.48329933472945186
2018-04-30 08:30:00,0.45427619112916773
2018-04-30 08:33:00,0.5015038242473793
2018-04-30 08:36:00,0.4488430894340354
2018-04-30 08:39:00,0.5308862168132578
2018-04-30 08:42:00,0.443851797379466
2018-04-30 08:45:00,0.4374248341113116
2018-04-30 08:48:00,0.3936297055720388
2018-04-30 08:51:00,0.44503156312379133
2018-04-30 08:54:00,0.42077794930935397
2018-04-30 08:57:00,0.43084263445814486
2018-04-30 09:00:00,0.41508122261086555
2018-04-30 09:03:00,0.40073096783658
2018-04-30 09:06:00,0.34672121248433996
2018-04-30 09:09:00,0.4162357675668886
2018-04-30 09:12:00,0.29520072516260143
2018-04-30 09:15:00,0.27280748211973105
2018-04-30 09:18:00,0.29613291931349295
2018-04-30 09:21:00,0.15562842419325307
2018-04-30 09:24:00,0.19802141423809871
2018-04-30 09:27:00,0.20310997103712225
2018-04-30 09:30:00,0.25663886342414344
2018-04-30 09:33:00,0.359476141889445
2018-04-30 09:36:00,0.1918630534607928
2018-04-30 09:39:00,0.10178658860405676
2018-04-30 09:42:00,0.1778723052816531
2018-04-30 09:45:00,0.2923645692144987
2018-04-30 09:48:00,0.18868275151714897
2018-04-30 09:51:00,0.22114283192837547
2018-04-30 09:54:00,0.23272450329409367
2018-04-30 09:57:00,0.13253247373449994
2018-04-30 10:00:00,0.17957947534841878
2018-04-30 10:03:00,0.1922186273258717
2018-04-30 10:06:00,0.11198763573230508
2018-04-30 10:09:00,0.03862334859201155
2018-04-30 10:12:00,0.10645097701643635
2018-04-30 10:15:00,0.09116219516926094
2018-04-30 10:18:00,0.048256706906101954
2018-04-30 10:21:00,0.13725739765754952
2018-04-30 10:24:00,-0.038988186666017555
2018-04-30 10:27:00,0.0810650582250787
2018-04-30 10:30:00,-0.07454638484568932
2018-04-30 10:33:00,0.034202060148061264
2018-04-30 10:36:00,0.017947466012003588
2018-04-30 10:39:00,0.00484634947486029
2018-04-30 10:42:00,-0.09357241924760729
2018-04-30 10:45:00,-0.12139535320915229
2018-04-30 10:48:00,-0.13182732050580626
2018-04-30 10:51:00,-0.08230346189475313
2018-04-30 10:54:00,-0.13917560632188497
2018-04-30 10:57:00,-0.12740484506923622
2018-04-30 11:00:00,-0.22479454080030337
2018-04-30 11:03:00,-0.13159696347617
2018-04-30 11:06:00,-0.138566848835751
2018-04-30 11:09:00,-0.19979014250986893
2018-04-30 11:12:00,-0.12817786389319963
2018-04-30 11:15:00,-0.17191249503986228
2018-04-30 11:18:00,-0.15212659175176668
2018-04-30 11:21:00,-0.13748684565308622
2018-04-30 11:24:00,-0.021903006083903165
2018-04-30 11:27:00,-0.07785026864746669
2018-04-30 11:30:00,-0.1645491782805948
2018-04-30 11:33:00,-0.2212642790642576
2018-04-30 11:36:00,-0.11634192265080401
2018-04-30 11:39:00,-0.038447828916559956
2018-04-30 11:42:00,-0.042504381694641324
2018-04-30 11:45:00,-0.06675522387337196
2018-04-30 11:48:00,-0.12149317871285348
2018-04-30 11:51:00,-0.04783805611094749
2018-04-30 11:54:00,-0.12909839928795463
2018-04-30 11:57:00,-0.21415345880927816
2018-04-30 12:00:00,-0.15112253871023995
2018-04-30 12:03:00,-0.11334400913278841
2018-04-30 12:06:00,-0.08471046135468896
2018-04-30 12:09:00,-0.14666877503384512
2018-04-30 12:12:00,-0.08485778865042448
2018-04-30 12:15:00,-0.09610135837704092
2018-04-30 12:18:00,-0.2528011191187147
2018-04-30 12:21:00,-0.12460119598830488
2018-04-30 12:24:00,-0.06334198596681517
2018-04-30 12:27:00,-0.15026497222982016
2018-04-30 12:30:00,-0.17975946564263268
2018-04-30 12:33:00,-0.049237699778984734
2018-04-30 12:36:00,-0.03223576860017374
2018-04-30 12:39:00,-0.0009780200371096726
2018-04-30 12:42:00,0.02303542087651067
2018-04-30 12:45:00,0.10377903550039491
2018-04-30 12:48:00,-0.03266736873320042
2018-04-30 12:51:00,-0.04584871692281922
2018-04-30 12:54:00,-0.20345385288277384
2018-04-30 12:57:00,0.009223194880519259
2018-04-30 13:00:00,-0.07034732939831656
2018-04-30 13:03:00,0.02075577726895972
2018-04-30 13:06:00,0.12352315135160552
2018-04-30 13:09:00,0.08602981023125267
2018-04-30 13:12:00,0.12879344895611666
2018-04-30 13:15:00,0.018091462395602775
2018-04-30 13:18:00,-0.07076583431103245
2018-04-30 13:21:00,0.13951012764420057
2018-04-30 13:24:00,0.3052513289354124
2018-04-30 13:27:00,0.17861840326946776
2018-04-30 13:30:00,0.14443197869564983
2018-04-30 13:33:00,0.010382779450367252
2018-04-30 13:36:00,-0.044413413752408815
2018-04-30 13:39:00,0.020241510754885894
2018-04-30 13:42:00,-0.05893552421792947
2018-04-30 13:45:00,-0.10773233827552531
2018-04-30 13:48:00,-0.028683702520027055
2018-04-30 13:51:00,-0.18407577221620386
2018-04-30 13:54:00,-0.13889431389736728
2018-04-30 13:57:00,0.06937181955845517
2018-04-30 14:00:00,-0.10084104997520171
2018-04-30 14:03:00,-0.006033680743712466
2018-04-30 14:06:00,0.16150252601255488
2018-04-30 14:09:00,-0.0366935544526541
2018-04-30 14:12:00,-0.006084821456283862
2018-04-30 14:15:00,-0.0758673878499394
2018-04-30 14:18:00,-0.030302015737674992
2018-04-30 14:21:00,0.09882349267013524
2018-04-30 14:24:00,0.049094273019193224
2018-04-30 14:27:00,0.06981615256870555
2018-04-30 14:30:00,0.08649290010674804
2018-04-30 14:33:00,-0.023428790730292803
2018-04-30 14:36:00,-0.04139012607794257
2018-04-30 14:39:00,0.08647965541086933
2018-04-30 14:42:00,-0.010068254206601068
2018-04-30 14:45:00,-0.001177530952475081
2018-04-30 14:48:00,-0.05015351758771658
2018-04-30 14:51:00,0.010713313432233917
2018-04-30 14:54:00,-0.125211709342409
2018-04-30 14:57:00,0.11882939062638798
2018-04-30 15:00:00,0.0832670892947931
2018-04-30 15:03:00,0.15815523614662652
2018-04-30 15:06:00,0.09788820122378183
2018-04-30 15:09:00,0.09541011854423687
2018-04-30 15:12:00,0.09324036112212752
2018-04-30 15:15:00,-0.20108950589070673
2018-04-30 15:18:00,-0.17452521122640974
2018-04-30 15:21:00,-0.11153348839246746
2018-04-30 15:24:00,-0.21928354964830987
2018-04-30 15:27:00,-0.22686668994879255
2018-04-30 15:30:00,-0.24646113035771577
2018-04-30 15:33:00,-0.21205222939937585
2018-04-30 15:36:00,-0.08948179196545425
2018-04-30 15:39:00,-0.14012338454114115
2018-04-30 15:42:00,-0.15998473970637406
2018-04-30 15:45:00,-0.15124564453589073
2018-04-30 15:48:00,-0.2953857676367875
2018-04-30 15:51:00,-0.19971716436651832
2018-04-30 15:54:00,-0.20625527809943378
2018-04-30 15:57:00,-0.3042934749434494
2018-04-30 16:00:00,-0.29149161076185237
2018-04-30 16:03:00,-0.3384797050250654
2018-04-30 16:06:00,-0.14483554660176878
2018-04-30 16:09:00,-0.23653753195878835
2018-04-30 16:12:00,-0.326340640659339
2018-04-30 16:15:00,-0.17643240604638777
2018-04-30 16:18:00,-0.2080967760920771
2018-04-30 16:21:00,-0.1560635354802571
2018-04-30 16:24:00,-0.15761656833080906
2018-04-30 16:27:00,-0.14348746586165362
2018-04-30 16:30:00,-0.02042639775953603
2018-04-30 16:33:00,-0.14126605737959608
2018-04-30 16:36:00,-0.08758266405669701
2018-04-30 16:39:00,-0.2079045751543731
2018-04-30 16:42:00,-0.07510228565263333
2018-04-30 16:45:00,-0.13529116832233967
2018-04-30 16:48:00,0.052367442905222106
2018-04-30 16:51:00,-0.13370793156099126
2018-04-30 16:54:00,-0.14584384516638238
2018-04-30 16:57:00,-0.13990814184165856
2018-04-30 17:00:00,-0.14891754692934
2018-04-30 17:03:00,-0.3260857898552558
2018-04-30 17:06:00,-0.27731093171973953
2018-04-30 17:09:00,-0.21529116777571744
2018-04-30 17:12:00,-0.33002154271980544
2018-04-30 17:15:00,-0.1703540102715806
2018-04-30 17:18:00,-0.2995513665647991
2018-04-30 17:21:00,-0.31294460491136533
2018-04-30 17:24:00,-0.12365538356772277
2018-04-30 17:27:00,-0.14562602396193824
2018-04-30 17:30:00,-0.23264233617385344
2018-04-30 17:33:00,-0.2870988105378274
2018-04-30 17:36:00,-0.24508422695828358
2018-04-30 17:39:00,-0.1447155810869276
2018-04-30 17:42:00,-0.16550329389826857
2018-04-30 17:45:00,-0.11399437861655315
2018-04-30 17:48:00,-0.1898362419442492
2018-04-30 17:51:00,-0.16230078236031886
2018-04-30 17:54:00,-0.15668997464047152
2018-04-30 17:57:00,-0.2550290215597215
2018-04-30 18:00:00,-0.11916438126888806
2018-04-30 18:03:00,-0.08841305744056172
2018-04-30 18:06:00,-0.19456096771762077
2018-04-30 18:09:00,-0.22334874673856575
2018-04-30 18:12:00,-0.09611322431209146
2018-04-30 18:15:00,-0.1322922715641539
2018-04-30 18:18:00,-0.15966252112156099
2018-04-30 18:21:00,-0.10405304274507898
2018-04-30 18:24:00,-0.016073531859376544
2018-04-30 18:27:00,-0.06787048939867191
2018-04-30 18:30:00,-0.0963894618768677
2018-04-30 18:33:00,-0.06374188088369692
2018-04-30 18:36:00,0.09040992575307882
2018-04-30 18:39:00,0.020445299140817497
2018-04-30 18:42:00,0.0716663040319645
2018-04-30 18:45:00,0.03647010215507862
2018-04-30 18:48:00,0.08747569750005368
2018-04-30 18:51:00,0.12912853416855796
2018-04-30 18:54:00,
2018-04-30 18:57:00,
2018-04-30 19:00:00,
2018-04-30 19:03:00,0.09707855119592068
2018-04-30 19:06:00,-0.01557179191479463
2018-04-30 19:09:00,0.044569188630134704
2018-04-30 19:12:00,-0.006401258398284426
2018-04-30 19:15:00,0.15950964904561715
2018-04-30 19:18:00,0.04104685387221707
2018-04-30 19:21:00,0.11213945239080658
2018-04-30 19:24:00,0.14663507240686613
2018-04-30 19:27:00,0.07618945352987794
2018-04-30 19:30:00,-0.013876166889247088
2018-04-30 19:33:00,0.11421330966697951
2018-04-30 19:36:00,0.12268568563462168
2018-04-30 19:39:00,0.1272110293943456
2018-04-30 19:42:00,0.18726582272017822
2018-04-30 19:45:00,0.0730812288411471
2018-04-30 19:48:00,-0.030617005808437625
2018-04-30 19:51:00,0.14461815147467405
2018-04-30 19:54:00,0.1426771140536971
2018-04-30 19:57:00,0.03273603119885138
2018-04-30 20:00:00,0.12321214595482388
2018-04-30 20:03:00,0.13073993808376372
2018-04-30 20:06:00,0.2656567925891977
2018-04-30 20:09:00,0.09433354138445793
2018-04-30 20:12:00,0.1893287393478431
2018-04-30 20:15:00,0.1812023733647834
2018-04-30 20:18:00,0.21418841687011536
2018-04-30 20:21:00,0.19745726912117334
2018-04-30 20:24:00,0.06958602092493038
2018-04-30 20:27:00,0.17521694437959923
2018-04-30 20:30:00,0.1789380120923738
2018-04-30 20:33:00,0.1318366610458952
2018-04-30 20:36:00,0.13428554848718477
2018-04-30 20:39:00,0.16501769239471287
2018-04-30 20:42:00,0.13759748611539635
2018-04-30 20:45:00,0.18749196071229335
2018-04-30 20:48:00,0.14977378676928765
2018-04-30 20:51:00,0.17942434977607036
2018-04-30 20:54:00,0.1423314615812501
2018-04-30 20:57:00,0.26561821277692843
2018-04-30 21:00:00,0.1793590302032726
2018-04-30 21:03:00,0.19893948119965899
2018-04-30 21:06:00,0.12663185684732525
2018-04-30 21:09:00,0.06755646076277344
2018-04-30 21:12:00,0.09596130580274576
2018-04-30 21:15:00,0.17354905453549918
2018-04-30 21:18:00,0.19696277260459283
2018-04-30 21:21:00,0.1340831294104987
2018-04-30 21:24:00,0.21416867224877478
2018-04-30 21:27:00,0.19262416642112612
2018-04-30 21:30:00,0.1343836769000859
2018-04-30 21:33:00,0.1271713067355904
2018-04-30 21:36:00,0.18798420634306012
2018-04-30 21:39:00,0.049170052067381675
2018-04-30 21:42:00,0.10916688411987252
2018-04-30 21:45:00,0.19312541192562094
2018-04-30 21:48:00,0.09916937872020526
2018-04-30 21:51:00,0.11145976242011102
2018-04-30 21:54:00,0.08296111350028923
2018-04-30 21:57:00,0.25532754872756414
2018-04-30 22:00:00,0.19481535351468438
2018-04-30 22:03:00,0.1473319590986648
2018-04-30 22:06:00,0.31017033331181665
2018-04-30 22:09:00,0.20582697598797495
2018-04-30 22:12:00,0.2028051725530986
2018-04-30 22:15:00,0.20017104586372625
2018-04-30 22:18:00,0.23576594689330932
2018-04-30 22:21:00,0.16497543440158324
2018-04-30 22:24:00,0.22422702235553515
2018-04-30 22:27:00,0.21805857779452253
2018-04-30 22:30:00,0.2152007796378257
2018-04-30 22:33:00,0.324229750661857
2018-04-30 22:36:00,0.2225109938208334
2018-04-30 22:39:00,0.2829949082020562
2018-04-30 22:42:00,0.2688274960783019
2018-04-30 22:45:00,0.20815377100728938
2018-04-30 22:48:00,0.2546258320521133
2018-04-30 22:51:00,0.2146736269204439
2018-04-30 22:54:00,0.20484622975413913
2018-04-30 22:57:00,0.35117547712275154
2018-04-30 23:00:00,0.23165114244989127
2018-04-30 23:03:00,0.2840633413738374
2018-04-30 23:06:00,0.26736195921461103
2018-04-30 23:09:00,0.3379395220829906
2018-04-30 23:12:00,0.27840149292160277
2018-04-30 23:15:00,0.2588011112933941
2018-04-30 23:18:00,0.39655328027743053
2018-04-30 23:21:00,0.15980268240411988
2018-04-30 23:24:00,0.2811019999161317
2018-04-30 23:27:00,0.3167577319121051
2018-04-30 23:30:00,0.3107438029478544
2018-04-30 23:33:00,0.375400848618483
2018-04-30 23:36:00,0.33992416536557357
2018-04-30 23:39:00,0.3444318103553883
2018-04-30 23:42:00,0.24764992834138866
2018-04-30 23:45:00,0.3519831969252323
2018-04-30 23:48:00,0.33670128033156743
2018-04-30 23:51:00,0.3345332394587217
2018-04-30 23:54:00,0.3385586000366061
2018-04-30 23:57:00,0.3499163059500461
2018-05-01 00:00:00,0.3296452697883865
2018-05-01 00:03:00,0.393932710770855
2018-05-01 00:06:00,0.3199553495588816
2018-05-01 00:09:00,0.3386673535648015
2018-05-01 00:12:00,0.28035462093060914
2018-05-01 00:15:00,0.32680124139113786
2018-05-01 00:18:00,0.3194075611947369
2018-05-01 00:21:00,0.34894817866978656
2018-05-01 00:24:00,0.3668691355045439
2018-05-01 00:27:00,0.2822141124578934
2018-05-01 00:30:00,0.32219543891181956
2018-05-01 00:33:00,0.32622003848837267
2018-05-01 00:36:00,0.294119923060407
2018-05-01 00:39:00,0.2770476625768765
2018-05-01 00:42:00,0.34611115081435173
2018-05-01 00:45:00,0.43820900401351537
2018-05-01 00:48:00,0.3747648220118549
2018-05-01 00:51:00,0.4439482001749866
2018-05-01 00:54:00,0.34686767437807475
2018-05-01 00:57:00,0.37448801048549285
2018-05-01 01:00:00,0.29089049906980335
2018-05-01 01:03:00,0.39036522373629623
2018-05-01 01:06:00,0.32757401332344216
2018-05-01 01:09:00,0.31634945304625717
2018-05-01 01:12:00,0.440473298925383
2018-05-01 01:15:00,0.34773355823688235
2018-05-01 01:18:00,0.3263204601785219
2018-05-01 01:21:00,0.2919836026131293
2018-05-01 01:24:00,0.24052268792314635
2018-05-01 01:27:00,0.354948374023877
2018-05-01 01:30:00,0.37299214318437635
2018-05-01 01:33:00,0.2576987538271851
2018-05-01 01:36:00,0.23340068936852276
2018-05-01 01:39:00,0.3059285978144999
2018-05-01 01:42:00,0.3215343335479588
2018-05-01 01:45:00,0.4136671150139932
2018-05-01 01:48:00,0.3956231274597144
2018-05-01 01:51:00,0.30657500443720664
2018-05-01 01:54:00,0.380980809018979
2018-05-01 01:57:00,0.36857268806892307
2018-05-01 02:00:00,0.20616829015034455
2018-05-01 02:03:00,0.35659961852525157
2018-05-01 02:06:00,0.4065793491212162
2018-05-01 02:09:00,0.363605497718936
2018-05-01 02:12:00,0.39369105863528375
2018-05-01 02:15:00,0.37803326041301943
2018-05-01 02:18:00,0.44094618914840567
2018-05-01 02:21:00,0.38459874208905376
2018-05-01 02:24:00,0.40854983939277645
2018-05-01 02:27:00,0.34654985689377327
2018-05-01 02:30:00,0.4202818899487397
2018-05-01 02:33:00,0.39151703315127406
2018-05-01 02:36:00,0.3939732200056483
2018-05-01 02:39:00,0.35347282934276336
2018-05-01 02:42:00,0.40269064967276336
2018-05-01 02:45:00,0.38718482154473577
2018-05-01 02:48:00,0.4273393269501753
2018-05-01 02:51:00,0.33270136631102787
2018-05-01 02:54:00,0.43103598795255493
2018-05-01 02:57:00,0.44013222455680534
2018-05-01 03:00:00,0.34609634710312775
2018-05-01 03:03:00,0.4265651311436045
2018-05-01 03:06:00,0.4843343682689465
2018-05-01 03:09:00,0.33426116969110353
2018-05-01 03:12:00,0.3296358075016883
2018-05-01 03:15:00,0.35682740624577036
2018-05-01 03:18:00,0.28999583941651963
2018-05-01 03:21:00,0.34501142611367186
2018-05-01 03:24:00,0.41717055669852243
2018-05-01 03:27:00,0.6038933957806876
2018-05-01 03:30:00,0.8597513930282616
2018-05-01 03:33:00,0.5938605838294961
2018-05-01 03:36:00,0.7006832082091705
2018-05-01 03:39:00,0.6977966837598615
2018-05-01 03:42:00,0.6980787666813626
2018-05-01 03:45:00,0.7220191886954694
2018-05-01 03:48:00,0.7697181326431632
2018-05-01 03:51:00,0.6773204608848005
2018-05-01 03:54:00,0.5554468760375926
2018-05-01 03:57:00,0.4732523302886875
2018-05-01 04:00:00,0.3917729621931585
2018-05-01 04:03:00,0.5851241274018548
2018-05-01 04:06:00,0.40668985893427134
2018-05-01 04:09:00,0.5319156038499386
2018-05-01 04:12:00,0.48122118148074833
2018-05-01 04:15:00,0.3892427965260481
2018-05-01 04:18:00,0.4926493700199899
2018-05-01 04:21:00,0.4690104434538398
2018-05-01 04:24:00,0.4352287092878555
2018-05-01 04:27:00,0.49553149116769646
2018-05-01 04:30:00,0.47676092431447614
2018-05-01 04:33:00,0.47591500424846345
2018-05-01 04:36:00,0.4247437456397165
2018-05-01 04:39:00,0.47173360952098164
2018-05-01 04:42:00,0.38292074434133383
2018-05-01 04:45:00,0.3528664174950791
2018-05-01 04:48:00,0.43565315131530724
2018-05-01 04:51:00,0.374849167027719
2018-05-01 04:54:00,0.4487495374780792
2018-05-01 04:57:00,0.40166275475525026
2018-05-01 05:00:00,0.29983937390244364
2018-05-01 05:03:00,0.3057038646483079
2018-05-01 05:06:00,0.36493900861927386
2018-05-01 05:09:00,0.4555252879056866
2018-05-01 05:12:00,0.5455675869579295
2018-05-01 05:15:00,0.4943374741888533
2018-05-01 05:18:00,0.8465440024340865
2018-05-01 05:21:00,0.8102594282051427
2018-05-01 05:24:00,0.7094290290928598
2018-05-01 05:27:00,0.7091064265002842
2018-05-01 05:30:00,0.8396604369769989
2018-05-01 05:33:00,0.7392070821441052
2018-05-01 05:36:00,0.7793660303569254
2018-05-01 05:39:00,0.613072265809194
2018-05-01 05:42:00,0.676000042064743
2018-05-01 05:45:00,0.6505127772087462
2018-05-01 05:48:00,0.5945964214684523
2018-05-01 05:51:00,0.5864517788075432
2018-05-01 05:54:00,0.6910915217010825
2018-05-01 05:57:00,0.6828406711133539
2018-05-01 06:00:00,0.6937657447101628
2018-05-01 06:03:00,0.6696760994578881
2018-05-01 06:06:00,0.6566247292932985
2018-05-01 06:09:00,0.5383384490542085
2018-05-01 06:12:00,0.5750789394244862
2018-05-01 06:15:00,0.5862092224215871
2018-05-01 06:18:00,0.5775686466790262
2018-05-01 06:21:00,0.46030507094229733
2018-05-01 06:24:00,0.5890839178485976
2018-05-01 06:27:00,0.5153033317884592
2018-05-01 06:30:00,0.5218907024197961
2018-05-01 06:33:00,0.48303739244147437
2018-05-01 06:36:00,0.48543031053981167
2018-05-01 06:39:00,0.4551302767434322
2018-05-01 06:42:00,0.4709113088645722
2018-05-01 06:45:00,0.4950243257381999
2018-05-01 06:48:00,0.5635353879019931
2018-05-01 06:51:00,0.6322168703906641
2018-05-01 06:54:00,0.6234835480389052
2018-05-01 06:57:00,0.6227830292702947
2018-05-01 07:00:00,0.4863128732134214
2018-05-01 07:03:00,0.577893929420668
2018-05-01 07:06:00,0.5952121477134256
2018-05-01 07:09:00,0.6095947952612732
2018-05-01 07:12:00,0.5400902129144356
2018-05-01 07:15:00,0.5824248013722695
2018-05-01 07:18:00,0.5410739464812764
2018-05-01 07:21:00,0.5758772792399327
2018-05-01 07:24:00,0.6227905859252019
2018-05-01 07:27:00,0.6276711491239553
2018-05-01 07:30:00,0.6122922040057688
2018-05-01 07:33:00,0.6084136830352804
2018-05-01 07:36:00,0.6551029730275104
2018-05-01 07:39:00,0.721601221427079
2018-05-01 07:42:00,0.6952193612740984
2018-05-01 07:45:00,0.5999702445303683
2018-05-01 07:48:00,0.568937734536064
2018-05-01 07:51:00,0.5413379812743528
2018-05-01 07:54:00,0.6254131154424272
2018-05-01 07:57:00,0.5550321261004569
2018-05-01 08:00:00,0.5582183573005182
2018-05-01 08:03:00,0.5025430802514848
2018-05-01 08:06:00,0.5652682064550163
2018-05-01 08:09:00,0.48399066089035614
2018-05-01 08:12:00,0.5247322815944244
2018-05-01 08:15:00,0.3822626056923468
2018-05-01 08:18:00,0.42108662277075837
2018-05-01 08:21:00,0.518456864694997
2018-05-01 08:24:00,0.42941546829979416
2018-05-01 08:27:00,0.4992971311713177
2018-05-01 08:30:00,0.5023569631595706
2018-05-01 08:33:00,0.3902498404419248
2018-05-01 08:36:00,0.4788726837932131
2018-05-01 08:39:00,0.4152687215488413
2018-05-01 08:42:00,0.39122375263485765
2018-05-01 08:45:00,0.42378662920441457
2018-05-01 08:48:00,0.33174475186723384
2018-05-01 08:51:00,0.42860020810337573
2018-05-01 08:54:00,0.39990900536542995
2018-05-01 08:57:00,0.41320611572490407
2018-05-01 09:00:00,0.422530523882358
2018-05-01 09:03:00,0.3661194526877125
2018-05-01 09:06:00,0.2581044190416151
2018-05-01 09:09:00,0.5155911299260083
2018-05-01 09:12:00,0.42470501112643433
2018-05-01 09:15:00,0.3654341693762717
2018-05-01 09:18:00,0.26408119439338407
2018-05-01 09:21:00,0.3268767519831499
2018-05-01 09:24:00,0.2983952959272642
2018-05-01 09:27:00,0.3694470036322741
2018-05-01 09:30:00,0.27727622069562585
2018-05-01 09:33:00,0.25304347867137267
2018-05-01 09:36:00,0.3539097332487131
2018-05-01 09:39:00,0.18222352675712727
2018-05-01 09:42:00,0.24666741157034267
2018-05-01 09:45:00,0.2034212624159295
2018-05-01 09:48:00,0.1822959418657888
2018-05-01 09:51:00,0.13831700621449272
2018-05-01 09:54:00,0.1663997934521717
2018-05-01 09:57:00,0.17256668126492514
2018-05-01 10:00:00,0.23670834509402994
2018-05-01 10:03:00,0.13993845350216816
2018-05-01 10:06:00,0.18955736471303908
2018-05-01 10:09:00,0.17684579588285487
2018-05-01 10:12:00,0.08334713342463829
2018-05-01 10:15:00,0.1489399356221952
2018-05-01 10:18:00,0.13418858500023134
2018-05-01 10:21:00,0.15009644404915434
2018-05-01 10:24:00,0.12472711742526599
2018-05-01 10:27:00,0.15660842941832698
2018-05-01 10:30:00,0.1250257331001876
2018-05-01 10:33:00,0.18197454829743265
2018-05-01 10:36:00,-0.0034109853082213704
2018-05-01 10:39:00,0.07330762879098529
2018-05-01 10:42:00,0.03058122988966261
2018-05-01 10:45:00,0.077650114784376
2018-05-01 10:48:00,0.005512063647984178
2018-05-01 10:51:00,0.0889508893451989
2018-05-01 10:54:00,0.06228780782112153
2018-05-01 10:57:00,0.10588271934454951
2018-05-01 11:00:00,0.037312624194157706
2018-05-01 11:03:00,0.18668767015458343
2018-05-01 11:06:00,0.04114321527890752
2018-05-01 11:09:00,-0.06579388336757575
2018-05-01 11:12:00,0.0075787138021041756
2018-05-01 11:15:00,-0.009470596644462148
2018-05-01 11:18:00,0.0019206442121912914
2018-05-01 11:21:00,-0.03138544647293884
2018-05-01 11:24:00,0.2211730012895714
2018-05-01 11:27:00,0.05765407796252475
2018-05-01 11:30:00,0.1718860562495479
2018-05-01 11:33:00,0.17877503990854393
2018-05-01 11:36:00,0.054686003710344266
2018-05-01 11:39:00,0.14928898638527244
2018-05-01 11:42:00,0.2803986509248375
2018-05-01 11:45:00,0.34927841245678337
2018-05-01 11:48:00,0.2482834518357322
2018-05-01 11:51:00,0.25106169776444176
2018-05-01 11:54:00,0.3161495175928053
2018-05-01 11:57:00,0.30482594040955746
2018-05-01 12:00:00,0.31362976805723974
2018-05-01 12:03:00,0.384242870993603
2018-05-01 12:06:00,0.07400090648570767
2018-05-01 12:09:00,0.2140749477411532
2018-05-01 12:12:00,0.2337902935826719
2018-05-01 12:15:00,0.2302443411749664
2018-05-01 12:18:00,0.1754064921977374
2018-05-01 12:21:00,0.22060120715974563
2018-05-01 12:24:00,0.2932953292853995
2018-05-01 12:27:00,0.3496489746037241
2018-05-01 12:30:00,0.20599153353754218
2018-05-01 12:33:00,0.28022730935038
2018-05-01 12:36:00,0.4471038824457878
2018-05-01 12:39:00,0.3307928085436629
2018-05-01 12:42:00,0.5333839184037856
2018-05-01 12:45:00,0.3958711091475493
2018-05-01 12:48:00,0.46408468328701247
2018-05-01 12:51:00,0.5224159045678789
2018-05-01 12:54:00,0.3205634118358489
2018-05-01 12:57:00,0.3483986899058209
2018-05-01 13:00:00,0.4104366536415682
2018-05-01 13:03:00,0.4106144529763469
2018-05-01 13:06:00,0.2732174244634962
2018-05-01 13:09:00,0.33678970632360006
2018-05-01 13:12:00,0.2956543361484023
2018-05-01 13:15:00,0.16822606975608778
2018-05-01 13:18:00,0.12979535230522288
2018-05-01 13:21:00,0.3920873975789618
2018-05-01 13:24:00,0.5656614415486843
2018-05-01 13:27:00,0.6557205936758805
2018-05-01 13:30:00,0.6166313054117722
2018-05-01 13:33:00,0.5845430164872027
2018-05-01 13:36:00,0.6934749019947049
2018-05-01 13:39:00,0.6747431843148206
2018-05-01 13:42:00,0.3641020268984221
2018-05-01 13:45:00,0.291322339399926
2018-05-01 13:48:00,0.3944861888825244
2018-05-01 13:51:00,0.4107426425513836
2018-05-01 13:54:00,0.2560039925955948
2018-05-01 13:57:00,0.1590192298197053
2018-05-01 14:00:00,0.14126140968642176
2018-05-01 14:03:00,0.3041942896652472
2018-05-01 14:06:00,0.24885553703808228
2018-05-01 14:09:00,0.4227568592413604
2018-05-01 14:12:00,0.35944566905550346
2018-05-01 14:15:00,0.4514077995078196
2018-05-01 14:18:00,0.5473055910026119
2018-05-01 14:21:00,0.4727732706317056
2018-05-01 14:24:00,0.6179175565835067
2018-05-01 14:27:00,0.4136061335625527
2018-05-01 14:30:00,0.5724403223201193
2018-05-01 14:33:00,0.647994665657734
2018-05-01 14:36:00,0.6062162200733496
2018-05-01 14:39:00,0.5734306272815388
2018-05-01 14:42:00,0.3164298308579987
2018-05-01 14:45:00,0.6299045205055904
2018-05-01 14:48:00,0.7213300198595789
2018-05-01 14:51:00,0.8436109937728702
2018-05-01 14:54:00,0.7954853613178443
2018-05-01 14:57:00,0.6827387110546965
2018-05-01 15:00:00,0.7660029839627214
2018-05-01 15:03:00,0.8913857091582713
2018-05-01 15:06:00,0.7953307889659982
2018-05-01 15:09:00,0.6608280907190647
2018-05-01 15:12:00,0.4751442744592964
2018-05-01 15:15:00,0.6021866323158065
2018-05-01 15:18:00,0.5838314087806111
2018-05-01 15:21:00,0.6288577621906484
2018-05-01 15:24:00,0.5918860404256634
2018-05-01 15:27:00,0.5525691523558294
2018-05-01 15:30:00,0.5001949909500922
2018-05-01 15:33:00,0.3532014720410075
2018-05-01 15:36:00,0.5097562848678194
2018-05-01 15:39:00,0.3722572645475566
2018-05-01 15:42:00,0.3747941907820973
2018-05-01 15:45:00,0.27924814247944596
2018-05-01 15:48:00,0.31967545916944573
2018-05-01 15:51:00,0.3375930259465463
2018-05-01 15:54:00,0.5129213623126816
2018-05-01 15:57:00,0.29697650475173987
2018-05-01 16:00:00,0.27959419303226696
2018-05-01 16:03:00,0.16390758922483428
2018-05-01 16:06:00,0.239167073251906
2018-05-01 16:09:00,0.20109943869795188
2018-05-01 16:12:00,0.17118858468143117
2018-05-01 16:15:00,0.15113231868934918
2018-05-01 16:18:00,0.11756855741549543
2018-05-01 16:21:00,0.17919388620060772
2018-05-01 16:24:00,0.13635883251652103
2018-05-01 16:27:00,0.2192436717267583
2018-05-01 16:30:00,0.2638546349894568
2018-05-01 16:33:00,0.31209997737437334
2018-05-01 16:36:00,0.6779960061143129
2018-05-01 16:39:00,0.6053287900290911
2018-05-01 16:42:00,0.5966043847838591
2018-05-01 16:45:00,0.2927054803914757
2018-05-01 16:48:00,0.19464716097951396
2018-05-01 16:51:00,0.1634307133084576
2018-05-01 16:54:00,0.13918098522458422
2018-05-01 16:57:00,0.44107009673643915
2018-05-01 17:00:00,0.3981488618241542
2018-05-01 17:03:00,0.44044532747852827
2018-05-01 17:06:00,0.4820487636664552
2018-05-01 17:09:00,0.5732552514751319
2018-05-01 17:12:00,0.5861482066862891
2018-05-01 17:15:00,0.6884973052250984
2018-05-01 17:18:00,0.48137825136467427
2018-05-01 17:21:00,0.4161256908793689
2018-05-01 17:24:00,0.4098825337658809
2018-05-01 17:27:00,0.3651500476445335
2018-05-01 17:30:00,0.3183250250881997
2018-05-01 17:33:00,0.06850461818982012
2018-05-01 17:36:00,0.03900181756631582
2018-05-01 17:39:00,0.22353978307211264
2018-05-01 17:42:00,0.24711419791913158
2018-05-01 17:45:00,0.24508626326377225
2018-05-01 17:48:00,0.19196741943545703
2018-05-01 17:51:00,0.18448914614003797
2018-05-01 17:54:00,0.10539676906159912
2018-05-01 17:57:00,0.20390389997027114
2018-05-01 18:00:00,0.18372505411628026
2018-05-01 18:03:00,0.21215282518778622
2018-05-01 18:06:00,0.0523560614040548
2018-05-01 18:09:00,0.18345482830625315
2018-05-01 18:12:00,0.21336948289882685
2018-05-01 18:15:00,0.12876588020822055
2018-05-01 18:18:00,0.18617126337920809
2018-05-01 18:21:00,0.1728387632621775
2018-05-01 18:24:00,0.20413372848582867
2018-05-01 18:27:00,0.14561153690721085
2018-05-01 18:30:00,0.19057791157126758
2018-05-01 18:33:00,0.5378502988621108
2018-05-01 18:36:00,0.6506331084715953
2018-05-01 18:39:00,0.33330135306096054
2018-05-01 18:42:00,0.4026633795911607
2018-05-01 18:45:00,0.3987048135599025
2018-05-01 18:48:00,0.14572210458464951
2018-05-01 18:51:00,0.21621136657199713
2018-05-01 18:54:00,
2018-05-01 18:57:00,
2018-05-01 19:00:00,
2018-05-01 19:03:00,0.2774081528264105
2018-05-01 19:06:00,0.06380085210912512
2018-05-01 19:09:00,0.13578077870869265
2018-05-01 19:12:00,0.20149520372478946
2018-05-01 19:15:00,0.1475487435450873
2018-05-01 19:18:00,0.16193703324967146
2018-05-01 19:21:00,0.18561728151593115
2018-05-01 19:24:00,0.15287414429860746
2018-05-01 19:27:00,0.11934328609618206
2018-05-01 19:30:00,0.20674674694976147
2018-05-01 19:33:00,0.21355721723438137
2018-05-01 19:36:00,0.20516454817152407
2018-05-01 19:39:00,0.19327667148564842
2018-05-01 19:42:00,0.21425526510455484
2018-05-01 19:45:00,0.3507959830061509
2018-05-01 19:48:00,0.27710608515729973
2018-05-01 19:51:00,0.3155960102183144
2018-05-01 19:54:00,0.2426767849582916
2018-05-01 19:57:00,0.3436786052317302
2018-05-01 20:00:00,0.28485180153921874
2018-05-01 20:03:00,0.27912913069002343
2018-05-01 20:06:00,0.2908687652187609
2018-05-01 20:09:00,0.18606928249391785
2018-05-01 20:12:00,0.2573145418722902
2018-05-01 20:15:00,0.23330932505803048
2018-05-01 20:18:00,0.3140877253732697
2018-05-01 20:21:00,0.35738078207361923
2018-05-01 20:24:00,0.36263140200986754
2018-05-01 20:27:00,0.22943778787163183
2018-05-01 20:30:00,0.24968892013453114
2018-05-01 20:33:00,0.23622951407679693
2018-05-01 20:36:00,0.2358491871566457
2018-05-01 20:39:00,0.4609557322642672
2018-05-01 20:42:00,0.3377805952748645
2018-05-01 20:45:00,0.278456341097467
2018-05-01 20:48:00,0.3480920104590268
2018-05-01 20:51:00,0.31773330566278446
2018-05-01 20:54:00,0.3118849245926185
2018-05-01 20:57:00,0.2890474856262131
2018-05-01 21:00:00,0.23841991604081159
2018-05-01 21:03:00,0.4386302642431019
2018-05-01 21:06:00,0.33524272717920667
2018-05-01 21:09:00,0.3057271747982213
2018-05-01 21:12:00,0.3673090684674776
2018-05-01 21:15:00,0.4017986537807019
2018-05-01 21:18:00,0.30096520899473944
2018-05-01 21:21:00,0.29081591651799954
2018-05-01 21:24:00,0.2938102250007546
2018-05-01 21:27:00,0.25728483463245766
2018-05-01 21:30:00,0.29723329096611906
2018-05-01 21:33:00,0.2178258978545955
2018-05-01 21:36:00,0.3689620017580637
2018-05-01 21:39:00,0.21583996698126384
2018-05-01 21:42:00,0.2586295757640187
2018-05-01 21:45:00,0.3198993625421167
2018-05-01 21:48:00,0.25050787865291113
2018-05-01 21:51:00,0.4095263635076094
2018-05-01 21:54:00,0.4255825257963579
2018-05-01 21:57:00,0.2897644082119655
2018-05-01 22:00:00,0.2828771401046879
2018-05-01 22:03:00,0.3366623595317151
2018-05-01 22:06:00,0.36186391543839136
2018-05-01 22:09:00,0.23385571275150596
2018-05-01 22:12:00,0.2983010689640082
2018-05-01 22:15:00,0.21704459575539659
2018-05-01 22:18:00,0.2572536008191264
2018-05-01 22:21:00,0.2677683016415813
2018-05-01 22:24:00,0.39033348439124893
2018-05-01 22:27:00,0.30465347740050674
2018-05-01 22:30:00,0.2851449131290451
2018-05-01 22:33:00,0.36118275390902
2018-05-01 22:36:00,0.35981307178622046
2018-05-01 22:39:00,0.3630340217617345
2018-05-01 22:42:00,0.27742649510952333
2018-05-01 22:45:00,0.39043597186548595
2018-05-01 22:48:00,0.24767336017737307
2018-05-01 22:51:00,0.32410208312751365
2018-05-01 22:54:00,0.36006707489934797
2018-05-01 22:57:00,0.41267284075030375
2018-05-01 23:00:00,0.31017257601502024
2018-05-01 23:03:00,0.3327370170830477
2018-05-01 23:06:00,0.34559146707857735
2018-05-01 23:09:00,0.4009349226547556
2018-05-01 23:12:00,0.327947074503129
2018-05-01 23:15:00,0.33789609037108903
2018-05-01 23:18:00,0.31575993607287955
2018-05-01 23:21:00,0.2546815758444154
2018-05-01 23:24:00,0.30430628089385436
2018-05-01 23:27:00,0.27919653129549715
2018-05-01 23:30:00,0.3195796415538439
2018-05-01 23:33:00,0.35711834664232356
2018-05-01 23:36:00,0.3605297212690175
2018-05-01 23:39:00,0.2751131510193545
2018-05-01 23:42:00,0.3528338650111209
2018-05-01 23:45:00,0.29179198016987584
2018-05-01 23:48:00,0.4634001964939216
2018-05-01 23:51:00,0.5218862708585448
2018-05-01 23:54:00,0.4122479377513173
2018-05-01 23:57:00,0.38914990643525016
2018-05-02 00:00:00,0.361567468362864
2018-05-02 00:03:00,0.4203239732750603
2018-05-02 00:06:00,0.5305176872940365
2018-05-02 00:09:00,0.4872164960061127
2018-05-02 00:12:00,0.441582827329853
2018-05-02 00:15:00,0.49520261408963506
2018-05-02 00:18:00,0.40499641544573706
2018-05-02 00:21:00,0.38360617290004484
2018-05-02 00:24:00,0.4698962255264405
2018-05-02 00:27:00,0.4033324260151403
2018-05-02 00:30:00,0.508461190319224
2018-05-02 00:33:00,0.46857431672020766
2018-05-02 00:36:00,0.3753967070288695
2018-05-02 00:39:00,0.3987888371511872
2018-05-02 00:42:00,0.4451795395402769
2018-05-02 00:45:00,0.309028609431266
2018-05-02 00:48:00,0.4341741052289194
2018-05-02 00:51:00,0.28000774802939077
2018-05-02 00:54:00,0.37869469411350565
2018-05-02 00:57:00,0.3002411201543964
2018-05-02 01:00:00,0.3553887668488187
2018-05-02 01:03:00,0.4535113733452363
2018-05-02 01:06:00,0.31015911103520466
2018-05-02 01:09:00,0.2979606107039672
2018-05-02 01:12:00,0.3863465305665841
2018-05-02 01:15:00,0.4439655176155384
2018-05-02 01:18:00,0.40178596214212803
2018-05-02 01:21:00,0.47276445569360703
2018-05-02 01:24:00,0.5083863427823303
2018-05-02 01:27:00,0.5808843848081437
2018-05-02 01:30:00,0.4618747704092243
2018-05-02 01:33:00,0.5357980073881663
2018-05-02 01:36:00,0.5797737877551867
2018-05-02 01:39:00,0.5495194873402056
2018-05-02 01:42:00,0.6178086803545284
2018-05-02 01:45:00,0.5328899639463884
2018-05-02 01:48:00,0.5503554643104849
2018-05-02 01:51:00,0.6582649719046003
2018-05-02 01:54:00,0.5591396530082307
2018-05-02 01:57:00,0.5553908346993808
2018-05-02 02:00:00,0.5625749381874812
2018-05-02 02:03:00,0.5904017748544561
2018-05-02 02:06:00,0.6861088032147222
2018-05-02 02:09:00,0.5725500238874588
2018-05-02 02:12:00,0.6419811875352366
2018-05-02 02:15:00,0.6143294157249102
2018-05-02 02:18:00,0.6869498341365556
2018-05-02 02:21:00,0.7639979194827902
2018-05-02 02:24:00,0.6424296022369731
2018-05-02 02:27:00,0.5413722308776983
2018-05-02 02:30:00,0.6269387297022035
2018-05-02 02:33:00,0.6502920235649299
2018-05-02 02:36:00,0.5668330573323033
2018-05-02 02:39:00,0.7419819028770007
2018-05-02 02:42:00,0.6337880221295791
2018-05-02 02:45:00,0.557133725440508
2018-05-02 02:48:00,0.5571383046448091
2018-05-02 02:51:00,0.5170335757774183
2018-05-02 02:54:00,0.5471640350248208
2018-05-02 02:57:00,0.4927770751298226
2018-05-02 03:00:00,0.5691592467037481
2018-05-02 03:03:00,0.4523297357945921
2018-05-02 03:06:00,0.5504987128793459
2018-05-02 03:09:00,0.5411406982833569
2018-05-02 03:12:00,0.5427723515111325
2018-05-02 03:15:00,0.4965196219608856
2018-05-02 03:18:00,0.5808694515914112
2018-05-02 03:21:00,0.471143753005947
2018-05-02 03:24:00,0.5391642236523353
2018-05-02 03:27:00,0.5292532055586321
2018-05-02 03:30:00,0.5250484014087533
2018-05-02 03:33:00,0.565399930406727
2018-05-02 03:36:00,0.5390830277309533
2018-05-02 03:39:00,0.6077183516895275
2018-05-02 03:42:00,0.5242838607627505
2018-05-02 03:45:00,0.46323179996807085
2018-05-02 03:48:00,0.6885796084717413
2018-05-02 03:51:00,0.5140920680817658
2018-05-02 03:54:00,0.574324018912705
2018-05-02 03:57:00,0.5665448775328628
2018-05-02 04:00:00,0.5556828409566492
2018-05-02 04:03:00,0.5215327999962938
2018-05-02 04:06:00,0.4689716055902977
2018-05-02 04:09:00,0.5423889042717747
2018-05-02 04:12:00,0.5686182614787185
2018-05-02 04:15:00,0.5867682960423508
2018-05-02 04:18:00,0.572148050794965
2018-05-02 04:21:00,0.5452035536735593
2018-05-02 04:24:00,0.5572042418280603
2018-05-02 04:27:00,0.557901425977434
2018-05-02 04:30:00,0.608339381680139
2018-05-02 04:33:00,0.5759199415568332
2018-05-02 04:36:00,0.5347011506893296
2018-05-02 04:39:00,0.7025783593537085
2018-05-02 04:42:00,0.6179480175247818
2018-05-02 04:45:00,0.4751516749194593
2018-05-02 04:48:00,0.5853862967253463
2018-05-02 04:51:00,0.5459582705641992
2018-05-02 04:54:00,0.5500881936450241
2018-05-02 04:57:00,0.6452694936083958
2018-05-02 05:00:00,0.7042490469548284
2018-05-02 05:03:00,0.5260128772547432
2018-05-02 05:06:00,0.5391947504492123
2018-05-02 05:09:00,0.5477651539530939
2018-05-02 05:12:00,0.5996136627293254
2018-05-02 05:15:00,0.4943425764477638
2018-05-02 05:18:00,0.6037805183352134
2018-05-02 05:21:00,0.6362530266198405
2018-05-02 05:24:00,0.6628683131119146
2018-05-02 05:27:00,0.5829242084719795
2018-05-02 05:30:00,0.5809042217297815
2018-05-02 05:33:00,0.6637472065459065
2018-05-02 05:36:00,0.7379336850651725
2018-05-02 05:39:00,0.6671022882374587
2018-05-02 05:42:00,0.6328469138451283
2018-05-02 05:45:00,0.6047555285809381
2018-05-02 05:48:00,0.5738579756427953
2018-05-02 05:51:00,0.593827649165803
2018-05-02 05:54:00,0.6048170489407312
2018-05-02 05:57:00,0.7182214118023467
2018-05-02 06:00:00,0.6185860307453481
2018-05-02 06:03:00,0.56406654430765
2018-05-02 06:06:00,0.5789162095526308
2018-05-02 06:09:00,0.5733081809778469
2018-05-02 06:12:00,0.5717652616001487
2018-05-02 06:15:00,0.6669018072228141
2018-05-02 06:18:00,0.5357244779333996
2018-05-02 06:21:00,0.5689049507072355
2018-05-02 06:24:00,0.550404517385175
2018-05-02 06:27:00,0.5370281313142868
2018-05-02 06:30:00,0.588508645663353
2018-05-02 06:33:00,0.6181545174098915
2018-05-02 06:36:00,0.5578099025487973
2018-05-02 06:39:00,0.5706252381752961
2018-05-02 06:42:00,0.5895261974892492
2018-05-02 06:45:00,0.530698441646507
2018-05-02 06:48:00,0.553902931133166
2018-05-02 06:51:00,0.6092868714451924
2018-05-02 06:54:00,0.6237792649977223
2018-05-02 06:57:00,0.6209176581650127
2018-05-02 07:00:00,0.5050953920325014
2018-05-02 07:03:00,0.5192478060964731
2018-05-02 07:06:00,0.5276130499516967
2018-05-02 07:09:00,0.5908751167764876
2018-05-02 07:12:00,0.6108009592904864
2018-05-02 07:15:00,0.5174140134231493
2018-05-02 07:18:00,0.47141356895423314
2018-05-02 07:21:00,0.4917335330394508
2018-05-02 07:24:00,0.5717171614880954
2018-05-02 07:27:00,0.5650957124250908
2018-05-02 07:30:00,0.5996400869292984
2018-05-02 07:33:00,0.6149855626035787
2018-05-02 07:36:00,0.47938291792900145
2018-05-02 07:39:00,0.42368042723512644
2018-05-02 07:42:00,0.500981854613542
2018-05-02 07:45:00,0.511196903819723
2018-05-02 07:48:00,0.40933416937264155
2018-05-02 07:51:00,0.4985421354747359
2018-05-02 07:54:00,0.4815999303729086
2018-05-02 07:57:00,0.4797744179982715
2018-05-02 08:00:00,0.5236739780871176
2018-05-02 08:03:00,0.5074436237833311
2018-05-02 08:06:00,0.4930156877185823
2018-05-02 08:09:00,0.4930477911752291
2018-05-02 08:12:00,0.3818922168749168
2018-05-02 08:15:00,0.4630403581106748
2018-05-02 08:18:00,0.36781289867855094
2018-05-02 08:21:00,0.48820499222182434
2018-05-02 08:24:00,0.4109696010967241
2018-05-02 08:27:00,0.5329587227889192
2018-05-02 08:30:00,0.3699547769776359
2018-05-02 08:33:00,0.3895497276486708
2018-05-02 08:36:00,0.4684226299945635
2018-05-02 08:39:00,0.40395711375805377
2018-05-02 08:42:00,0.4464998526836439
2018-05-02 08:45:00,0.3983441904127858
2018-05-02 08:48:00,0.41822928055438524
2018-05-02 08:51:00,0.4987918885839804
2018-05-02 08:54:00,0.40080088022779137
2018-05-02 08:57:00,0.36578408465931034
2018-05-02 09:00:00,0.3602204805176825
2018-05-02 09:03:00,0.4026974667137324
2018-05-02 09:06:00,0.4289106249539145
2018-05-02 09:09:00,0.33677652630854027
2018-05-02 09:12:00,0.3476731865802094
2018-05-02 09:15:00,0.3599389227358074
2018-05-02 09:18:00,0.2964811593793115
2018-05-02 09:21:00,0.3129890614943065
2018-05-02 09:24:00,0.24147851703355627
2018-05-02 09:27:00,0.29931154570846275
2018-05-02 09:30:00,0.3484071401400115
2018-05-02 09:33:00,0.3529202704797285
2018-05-02 09:36:00,0.2993224719864429
2018-05-02 09:39:00,0.20261022632223558
2018-05-02 09:42:00,0.2295982787683215
2018-05-02 09:45:00,0.2593279305963847
2018-05-02 09:48:00,0.17296036776076562
2018-05-02 09:51:00,0.22082704896615724
2018-05-02 09:54:00,0.20390019637892465
2018-05-02 09:57:00,0.26966500555278117
2018-05-02 10:00:00,0.3084679484398407
2018-05-02 10:03:00,0.24596758281961684
2018-05-02 10:06:00,0.16384729224012062
2018-05-02 10:09:00,0.13522374992385267
2018-05-02 10:12:00,0.19118923581521585
2018-05-02 10:15:00,0.19655736452745032
2018-05-02 10:18:00,0.01513493734404392
2018-05-02 10:21:00,0.13386382295493604
2018-05-02 10:24:00,0.061635854443750304
2018-05-02 10:27:00,0.03421540979383053
2018-05-02 10:30:00,0.09009010050743882
2018-05-02 10:33:00,0.12770729362586053
2018-05-02 10:36:00,0.038785219920441705
2018-05-02 10:39:00,0.026515013608218396
2018-05-02 10:42:00,0.028832301921170256
2018-05-02 10:45:00,0.11523680177259621
2018-05-02 10:48:00,-0.04828784069917447
2018-05-02 10:51:00,0.08114935768247733
2018-05-02 10:54:00,0.0684997288261684
2018-05-02 10:57:00,0.03823337548266181
2018-05-02 11:00:00,-0.03139515393399961
2018-05-02 11:03:00,-0.03966924915317804
2018-05-02 11:06:00,0.05474963670752686
2018-05-02 11:09:00,-0.13280105492214034
2018-05-02 11:12:00,-0.042391043702764364
2018-05-02 11:15:00,-0.07770577693196401
2018-05-02 11:18:00,-0.0258480395280003
2018-05-02 11:21:00,0.04053993553924329
2018-05-02 11:24:00,-0.13349379148246499
2018-05-02 11:27:00,-0.019582058459491236
2018-05-02 11:30:00,-0.032229485295374616
2018-05-02 11:33:00,-0.11933901331246943
2018-05-02 11:36:00,0.07575143423952113
2018-05-02 11:39:00,-0.08442285367152635
2018-05-02 11:42:00,-0.10241380201642869
2018-05-02 11:45:00,-0.1611027541346175
2018-05-02 11:48:00,-0.1883683491737429
2018-05-02 11:51:00,-0.18983313740932317
2018-05-02 11:54:00,-0.21581949066376183
2018-05-02 11:57:00,-0.12940334668860487
2018-05-02 12:00:00,-0.13856129807265916
2018-05-02 12:03:00,-0.20735991896907535
2018-05-02 12:06:00,-0.21875049712082273
2018-05-02 12:09:00,-0.12988307193097626
2018-05-02 12:12:00,-0.17557411062443862
2018-05-02 12:15:00,-0.14240106207239478
2018-05-02 12:18:00,-0.24762263504783277
2018-05-02 12:21:00,-0.11084710300053757
2018-05-02 12:24:00,-0.32483120406868693
2018-05-02 12:27:00,-0.27318148106064655
2018-05-02 12:30:00,-0.18585532263506366
2018-05-02 12:33:00,-0.13529780818055315
2018-05-02 12:36:00,-0.23531010708614986
2018-05-02 12:39:00,0.009320866547284368
2018-05-02 12:42:00,-0.08154660444813544
2018-05-02 12:45:00,-0.10834524193580819
2018-05-02 12:48:00,-0.040402731369567846
2018-05-02 12:51:00,-0.11550602947806965
2018-05-02 12:54:00,-0.11200198752732149
2018-05-02 12:57:00,-0.23823216299985006
2018-05-02 13:00:00,-0.20604880321320707
2018-05-02 13:03:00,0.04484193831825678
2018-05-02 13:06:00,0.11553117742965924
2018-05-02 13:09:00,-0.1032972289262375
2018-05-02 13:12:00,-0.15608890851933666
2018-05-02 13:15:00,-0.1316290934181552
2018-05-02 13:18:00,-0.028946581739262456
2018-05-02 13:21:00,0.01169402831141042
2018-05-02 13:24:00,-0.11391429358911864
2018-05-02 13:27:00,0.05876472436801805
2018-05-02 13:30:00,0.09542788321937223
2018-05-02 13:33:00,-0.015879336742841588
2018-05-02 13:36:00,-0.004134314605437339
2018-05-02 13:39:00,-0.2548588460048222
2018-05-02 13:42:00,-0.1686047307756553
2018-05-02 13:45:00,-0.24250347762870206
2018-05-02 13:48:00,-0.2798563755740133
2018-05-02 13:51:00,-0.23834171746904076
2018-05-02 13:54:00,-0.14352784564857757
2018-05-02 13:57:00,-0.15643153332945303
2018-05-02 14:00:00,-0.21813563485642362
2018-05-02 14:03:00,-0.07860226877994592
2018-05-02 14:06:00,-0.1302172700131905
2018-05-02 14:09:00,-0.22380485627905955
2018-05-02 14:12:00,-0.0794833932407073
2018-05-02 14:15:00,-0.1906290302982825
2018-05-02 14:18:00,-0.2758087032930234
2018-05-02 14:21:00,-0.19835230218086508
2018-05-02 14:24:00,-0.21091105329321636
2018-05-02 14:27:00,-0.22407877178562785
2018-05-02 14:30:00,-0.2729349080698853
2018-05-02 14:33:00,-0.23024181211985706
2018-05-02 14:36:00,-0.3380719338070435
2018-05-02 14:39:00,-0.24540971648224286
2018-05-02 14:42:00,-0.3543368448031856
2018-05-02 14:45:00,-0.342006321410679
2018-05-02 14:48:00,-0.31473870299930695
2018-05-02 14:51:00,-0.3331193708829119
2018-05-02 14:54:00,-0.41494147883071264
2018-05-02 14:57:00,-0.29835812275922535
2018-05-02 15:00:00,-0.3319741434772254
2018-05-02 15:03:00,-0.25726222105959096
2018-05-02 15:06:00,-0.24793642919530612
2018-05-02 15:09:00,-0.379406728625554
2018-05-02 15:12:00,-0.31289929586984044
2018-05-02 15:15:00,-0.17687787932885612
2018-05-02 15:18:00,-0.3250263992856617
2018-05-02 15:21:00,-0.14549189052246447
2018-05-02 15:24:00,-0.2801903928113916
2018-05-02 15:27:00,-0.21814757914279426
2018-05-02 15:30:00,-0.38414870383422794
2018-05-02 15:33:00,-0.3350134585105593
2018-05-02 15:36:00,-0.38350014555567213
2018-05-02 15:39:00,-0.4282605477910124
2018-05-02 15:42:00,-0.2912705570431626
2018-05-02 15:45:00,-0.1868247874675717
2018-05-02 15:48:00,-0.16469325659738843
2018-05-02 15:51:00,-0.21921608215996002
2018-05-02 15:54:00,-0.1073616696403974
2018-05-02 15:57:00,-0.2159341096160574
2018-05-02 16:00:00,-0.2453409599816041
2018-05-02 16:03:00,-0.303643916581791
2018-05-02 16:06:00,-0.2593921565410824
2018-05-02 16:09:00,-0.35388651006269356
2018-05-02 16:12:00,-0.2254095518169379
2018-05-02 16:15:00,-0.31480372173700744
2018-05-02 16:18:00,-0.22366250421868017
2018-05-02 16:21:00,-0.29502941642107317
2018-05-02 16:24:00,-0.29941617559165934
2018-05-02 16:27:00,-0.3575389718052975
2018-05-02 16:30:00,-0.35118228067915425
2018-05-02 16:33:00,-0.3516607604650517
2018-05-02 16:36:00,-0.4543552892345133
2018-05-02 16:39:00,-0.30855190931197285
2018-05-02 16:42:00,-0.3193476966147841
2018-05-02 16:45:00,-0.18394135454468596
2018-05-02 16:48:00,-0.3506698120809233
2018-05-02 16:51:00,-0.25579784349270085
2018-05-02 16:54:00,-0.2673287796157524
2018-05-02 16:57:00,-0.2946915657569207
2018-05-02 17:00:00,-0.22005201598648227
2018-05-02 17:03:00,-0.21173978730513454
2018-05-02 17:06:00,-0.24013359294991687
2018-05-02 17:09:00,-0.3455328774705322
2018-05-02 17:12:00,-0.22463610699247738
2018-05-02 17:15:00,-0.1999776505873001
2018-05-02 17:18:00,-0.2244957808251229
2018-05-02 17:21:00,-0.2576246450158237
2018-05-02 17:24:00,-0.3477382497683834
2018-05-02 17:27:00,-0.25700749210136564
2018-05-02 17:30:00,-0.2843526775766918
2018-05-02 17:33:00,-0.13948388734849004
2018-05-02 17:36:00,-0.2099604269548081
2018-05-02 17:39:00,-0.2550205297833372
2018-05-02 17:42:00,-0.10616158546218912
2018-05-02 17:45:00,-0.1770228825833442
2018-05-02 17:48:00,-0.17232580162720978
2018-05-02 17:51:00,-0.1299233173505172
2018-05-02 17:54:00,-0.12426434752063642
2018-05-02 17:57:00,-0.24617259587176932
2018-05-02 18:00:00,-0.20368117988050471
2018-05-02 18:03:00,-0.14466858829399598
2018-05-02 18:06:00,-0.13017693080428216
2018-05-02 18:09:00,-0.1624274514744002
2018-05-02 18:12:00,-0.04013778746451635
2018-05-02 18:15:00,-0.1305871150375424
2018-05-02 18:18:00,-0.22365650078290855
2018-05-02 18:21:00,-0.14696657788653056
2018-05-02 18:24:00,-0.03475627875138798
2018-05-02 18:27:00,-0.19409941173637435
2018-05-02 18:30:00,-0.1338882786893123
2018-05-02 18:33:00,-0.08681815963700501
2018-05-02 18:36:00,-0.06827743392466346
2018-05-02 18:39:00,-0.15447002888095085
2018-05-02 18:42:00,-0.21451534035844588
2018-05-02 18:45:00,-0.09611961644839084
2018-05-02 18:48:00,-0.09524544041715899
2018-05-02 18:51:00,-0.11186774591186577
2018-05-02 18:54:00,-0.083602744271559
2018-05-02 18:57:00,
2018-05-02 19:00:00,
2018-05-02 19:03:00,0.011840384177617125
2018-05-02 19:06:00,-0.15568951242266849
2018-05-02 19:09:00,-0.0688038582579793
2018-05-02 19:12:00,-0.13606583208257916
2018-05-02 19:15:00,-0.04264364554421718
2018-05-02 19:18:00,-0.0020559446488732647
2018-05-02 19:21:00,0.07250408722768498
2018-05-02 19:24:00,0.002580768354846441
2018-05-02 19:27:00,0.03932208768810597
2018-05-02 19:30:00,0.03861906147727723
2018-05-02 19:33:00,-0.009230127175271718
2018-05-02 19:36:00,-0.01944528618014374
2018-05-02 19:39:00,-0.12205596816465913
2018-05-02 19:42:00,-0.048465309238906684
2018-05-02 19:45:00,-0.05500912910054012
2018-05-02 19:48:00,-0.025511991809992196
2018-05-02 19:51:00,0.011475250097021217
2018-05-02 19:54:00,-0.048489323956971475
2018-05-02 19:57:00,-0.07685341007567104
2018-05-02 20:00:00,0.02388256128233479
2018-05-02 20:03:00,0.08205555609475823
2018-05-02 20:06:00,0.00914265428912131
2018-05-02 20:09:00,0.0030804384122689044
2018-05-02 20:12:00,0.04309452743063957
2018-05-02 20:15:00,0.01414369492130163
2018-05-02 20:18:00,0.06542667680514569
2018-05-02 20:21:00,0.10771269726620858
2018-05-02 20:24:00,0.023424066834422774
2018-05-02 20:27:00,0.07139532096067569
2018-05-02 20:30:00,0.08405580215446662
2018-05-02 20:33:00,0.10116452428690081
2018-05-02 20:36:00,0.10602087899872004
2018-05-02 20:39:00,0.10925363487308459
2018-05-02 20:42:00,0.15047897358050477
2018-05-02 20:45:00,0.1417263569771876
2018-05-02 20:48:00,0.03894066789871431
2018-05-02 20:51:00,0.09390993104466361
2018-05-02 20:54:00,0.11492877677562774
2018-05-02 20:57:00,0.07428629518375374
2018-05-02 21:00:00,0.12283939901664098
2018-05-02 21:03:00,0.21100289739842992
2018-05-02 21:06:00,0.08362090174551895
2018-05-02 21:09:00,0.16262096211528387
2018-05-02 21:12:00,0.2460542335026048
2018-05-02 21:15:00,0.1276414074267791
2018-05-02 21:18:00,0.21922751617228187
2018-05-02 21:21:00,0.21084919173216576
2018-05-02 21:24:00,0.18747491061833443
2018-05-02 21:27:00,0.22457234102120083
2018-05-02 21:30:00,0.19251060206471493
2018-05-02 21:33:00,0.25732575692330784
2018-05-02 21:36:00,0.22813597688536902
2018-05-02 21:39:00,0.2361171380068754
2018-05-02 21:42:00,0.2906901957778132
2018-05-02 21:45:00,0.1726011359739914
2018-05-02 21:48:00,0.23794108534349334
2018-05-02 21:51:00,0.27567646007730673
2018-05-02 21:54:00,0.24973290955870198
2018-05-02 21:57:00,0.29084362738967684
2018-05-02 22:00:00,0.032212831597973945
2018-05-02 22:03:00,0.1371549031684367
2018-05-02 22:06:00,0.2750598934232471
2018-05-02 22:09:00,0.1422467214435983
2018-05-02 22:12:00,0.16545486829573974
2018-05-02 22:15:00,0.19727370243714404
2018-05-02 22:18:00,0.22864707974122211
2018-05-02 22:21:00,0.2006550684570243
2018-05-02 22:24:00,0.22975772437206388
2018-05-02 22:27:00,0.24629817639583962
2018-05-02 22:30:00,0.2664177611148375
2018-05-02 22:33:00,0.20251817974809683
2018-05-02 22:36:00,0.07297868898410798
2018-05-02 22:39:00,0.2018769986711959
2018-05-02 22:42:00,0.22101968268111705
2018-05-02 22:45:00,0.1559571130567292
2018-05-02 22:48:00,0.2573559675221304
2018-05-02 22:51:00,0.2381065686569741
2018-05-02 22:54:00,0.20180191304780237
2018-05-02 22:57:00,0.1687959031896753
2018-05-02 23:00:00,0.18197879993590504
2018-05-02 23:03:00,0.18066900066298786
2018-05-02 23:06:00,0.09349456580991955
2018-05-02 23:09:00,0.1501253480463447
2018-05-02 23:12:00,0.15901983363409045
2018-05-02 23:15:00,0.0394664458002012
2018-05-02 23:18:00,0.07363266013146585
2018-05-02 23:21:00,0.12515783602538022
2018-05-02 23:24:00,0.16611401614568422
2018-05-02 23:27:00,0.17995449581695766
2018-05-02 23:30:00,0.11091073674799645
2018-05-02 23:33:00,0.2247117720672236
2018-05-02 23:36:00,0.10224138800862193
2018-05-02 23:39:00,0.1781018096858702
2018-05-02 23:42:00,0.3092934507702694
2018-05-02 23:45:00,0.1424000518256321
2018-05-02 23:48:00,0.21625316090427305
2018-05-02 23:51:00,0.27868195842887644
2018-05-02 23:54:00,0.1511712407483401
2018-05-02 23:57:00,0.23495694293012548
2018-05-03 00:00:00,0.3211733266924739
2018-05-03 00:03:00,0.285399166323657
2018-05-03 00:06:00,0.17067579861634385
2018-05-03 00:09:00,0.22181095523870908
2018-05-03 00:12:00,0.2608446868778742
2018-05-03 00:15:00,0.20915277920011022
2018-05-03 00:18:00,0.197772942171639
2018-05-03 00:21:00,0.3115354923397149
2018-05-03 00:24:00,0.31769785115380955
2018-05-03 00:27:00,0.2747589913034858
2018-05-03 00:30:00,0.3451516890100379
2018-05-03 00:33:00,0.30139904892735103
2018-05-03 00:36:00,0.23524905392395112
2018-05-03 00:39:00,0.2974561931308699
2018-05-03 00:42:00,0.3111698147423567
2018-05-03 00:45:00,0.21971599576187373
2018-05-03 00:48:00,0.2627178244860602
2018-05-03 00:51:00,0.3359800314049153
2018-05-03 00:54:00,0.30928023815801
2018-05-03 00:57:00,0.2848778376226164
2018-05-03 01:00:00,0.3797449471068717
2018-05-03 01:03:00,0.32461397044835394
2018-05-03 01:06:00,0.4584108562265783
2018-05-03 01:09:00,0.4515856791443298
2018-05-03 01:12:00,0.34790476518196556
2018-05-03 01:15:00,0.46797186724160156
2018-05-03 01:18:00,0.39844854094445736
2018-05-03 01:21:00,0.4120991243553931
2018-05-03 01:24:00,0.4308599247374332
2018-05-03 01:27:00,0.36135778797074636
2018-05-03 01:30:00,0.2986790401612893
2018-05-03 01:33:00,0.32167525292373966
2018-05-03 01:36:00,0.28135140428287286
2018-05-03 01:39:00,0.285200409921913
2018-05-03 01:42:00,0.23523651748178054
2018-05-03 01:45:00,0.29467485230708235
2018-05-03 01:48:00,0.21491743751187187
2018-05-03 01:51:00,0.16405045408833985
2018-05-03 01:54:00,0.2205592672683565
2018-05-03 01:57:00,0.2779635589014333
2018-05-03 02:00:00,0.3127238657515363
2018-05-03 02:03:00,0.34850279212480473
2018-05-03 02:06:00,0.3771098362516341
2018-05-03 02:09:00,0.40352351083021176
2018-05-03 02:12:00,0.3661677843916209
2018-05-03 02:15:00,0.3523254947466512
2018-05-03 02:18:00,0.3797794823009326
2018-05-03 02:21:00,0.47167606807528273
2018-05-03 02:24:00,0.4327317577247527
2018-05-03 02:27:00,0.4686729251155839
2018-05-03 02:30:00,0.42989432942022177
2018-05-03 02:33:00,0.5037332344399488
2018-05-03 02:36:00,0.4796249227581484
2018-05-03 02:39:00,0.44285943120723914
2018-05-03 02:42:00,0.56225362817122
2018-05-03 02:45:00,0.554002560702429
2018-05-03 02:48:00,0.5232694638712019
2018-05-03 02:51:00,0.5221511695464756
2018-05-03 02:54:00,0.4342413268975065
2018-05-03 02:57:00,0.5045968171862683
2018-05-03 03:00:00,0.4428991969679714
2018-05-03 03:03:00,0.5041157615260659
2018-05-03 03:06:00,0.44297481316476706
2018-05-03 03:09:00,0.44165978864612043
2018-05-03 03:12:00,0.47141281888173125
2018-05-03 03:15:00,0.39241652236694335
2018-05-03 03:18:00,0.38243831672900797
2018-05-03 03:21:00,0.39274189488691036
2018-05-03 03:24:00,0.5369535603872464
2018-05-03 03:27:00,0.48539238456766043
2018-05-03 03:30:00,0.42280140911560693
2018-05-03 03:33:00,0.3510376955386505
2018-05-03 03:36:00,0.44938574349737337
2018-05-03 03:39:00,0.4569443743843635
2018-05-03 03:42:00,0.3857008155752055
2018-05-03 03:45:00,0.4421824850282974
2018-05-03 03:48:00,0.46628697416753084
2018-05-03 03:51:00,0.47093321837189706
2018-05-03 03:54:00,0.39571224897503043
2018-05-03 03:57:00,0.4435944695930516
2018-05-03 04:00:00,0.32418841578197544
2018-05-03 04:03:00,0.3737131126786153
2018-05-03 04:06:00,0.48262833765011237
2018-05-03 04:09:00,0.5508939607237835
2018-05-03 04:12:00,0.48884655785622044
2018-05-03 04:15:00,0.5104417848482399
2018-05-03 04:18:00,0.4201041576517923
2018-05-03 04:21:00,0.38929912399220257
2018-05-03 04:24:00,0.4641077877098496
2018-05-03 04:27:00,0.46995837609193813
2018-05-03 04:30:00,0.47821242599940206
2018-05-03 04:33:00,0.5028799703472941
2018-05-03 04:36:00,0.5398115187795725
2018-05-03 04:39:00,0.5800245461678628
2018-05-03 04:42:00,0.45425510526462176
2018-05-03 04:45:00,0.5144734995900535
2018-05-03 04:48:00,0.47958702103647965
2018-05-03 04:51:00,0.47230969966710745
2018-05-03 04:54:00,0.4949470614088227
2018-05-03 04:57:00,0.5992044310731899
2018-05-03 05:00:00,0.5425717391675562
2018-05-03 05:03:00,0.4634754754324035
2018-05-03 05:06:00,0.43145227003765285
2018-05-03 05:09:00,0.5146775618976562
2018-05-03 05:12:00,0.5012307181178812
2018-05-03 05:15:00,0.5580069757755268
2018-05-03 05:18:00,0.553649891290263
2018-05-03 05:21:00,0.48980222619252345
2018-05-03 05:24:00,0.47125386269232195
2018-05-03 05:27:00,0.48079986432071564
2018-05-03 05:30:00,0.5217130291725312
2018-05-03 05:33:00,0.5837633367402191
2018-05-03 05:36:00,0.46662809554158
2018-05-03 05:39:00,0.47799445693055986
2018-05-03 05:42:00,0.4873443612867163
2018-05-03 05:45:00,0.45852540945031706
2018-05-03 05:48:00,0.49519245892167874
2018-05-03 05:51:00,0.5734174930051381
2018-05-03 05:54:00,0.5596646299513282
2018-05-03 05:57:00,0.5202127738063496
2018-05-03 06:00:00,0.5959207477345103
2018-05-03 06:03:00,0.47300177215612393
2018-05-03 06:06:00,0.4929274206311902
2018-05-03 06:09:00,0.4856905871308186
2018-05-03 06:12:00,0.5154985844007456
2018-05-03 06:15:00,0.586788649051698
2018-05-03 06:18:00,0.5771199358101171
2018-05-03 06:21:00,0.5485953637160605
2018-05-03 06:24:00,0.5375082766740888
2018-05-03 06:27:00,0.5620995176406041
2018-05-03 06:30:00,0.6048233048975362
2018-05-03 06:33:00,0.5525497703161477
2018-05-03 06:36:00,0.6173769943908951
2018-05-03 06:39:00,0.5327346266710151
2018-05-03 06:42:00,0.6412826359311907
2018-05-03 06:45:00,0.6239301435996367
2018-05-03 06:48:00,0.6720376691543493
2018-05-03 06:51:00,0.6526405168153815
2018-05-03 06:54:00,0.4776173232210681
2018-05-03 06:57:00,0.6416336057150147
2018-05-03 07:00:00,0.642888324595674
2018-05-03 07:03:00,0.5375219940789862
2018-05-03 07:06:00,0.6933317567902009
2018-05-03 07:09:00,0.6139782169372552
2018-05-03 07:12:00,0.610319030717676
2018-05-03 07:15:00,0.5009383860272578
2018-05-03 07:18:00,0.5755903965206244
2018-05-03 07:21:00,0.5272282522283263
2018-05-03 07:24:00,0.3639442493879983
2018-05-03 07:27:00,0.5770592746111447
2018-05-03 07:30:00,0.4708375913603504
2018-05-03 07:33:00,0.4891124927098076
2018-05-03 07:36:00,0.5331488526961721
2018-05-03 07:39:00,0.36768534024673727
2018-05-03 07:42:00,0.477640192157196
2018-05-03 07:45:00,0.4575390589233166
2018-05-03 07:48:00,0.5174938871682002
2018-05-03 07:51:00,0.48557358119262517
2018-05-03 07:54:00,0.4765661418107925
2018-05-03 07:57:00,0.5063087560653798
2018-05-03 08:00:00,0.5055855625336676
2018-05-03 08:03:00,0.6022410143019101
2018-05-03 08:06:00,0.41958450686774995
2018-05-03 08:09:00,0.4003602816304124
2018-05-03 08:12:00,0.3769110532090849
2018-05-03 08:15:00,0.37438822737715327
2018-05-03 08:18:00,0.48364068264748994
2018-05-03 08:21:00,0.46142602852137315
2018-05-03 08:24:00,0.38855982344824724
2018-05-03 08:27:00,0.299073265081347
2018-05-03 08:30:00,0.4366241233022947
2018-05-03 08:33:00,0.26415427556736404
2018-05-03 08:36:00,0.3526316054191625
2018-05-03 08:39:00,0.35908211791127087
2018-05-03 08:42:00,0.22073165661868188
2018-05-03 08:45:00,0.43834075174697773
2018-05-03 08:48:00,0.34270120579532204
2018-05-03 08:51:00,0.33814450192613776
2018-05-03 08:54:00,0.2082576045411315
2018-05-03 08:57:00,0.3045536872014054
2018-05-03 09:00:00,0.28622572390139567
2018-05-03 09:03:00,0.33547114222426444
2018-05-03 09:06:00,0.2773174283818207
2018-05-03 09:09:00,0.21751447492079024
2018-05-03 09:12:00,0.21517523367049307
2018-05-03 09:15:00,0.1903869008480683
2018-05-03 09:18:00,0.032074649416699685
2018-05-03 09:21:00,0.27876003533521043
2018-05-03 09:24:00,0.21395619759351803
2018-05-03 09:27:00,0.3187838479142897
2018-05-03 09:30:00,0.2452768595002226
2018-05-03 09:33:00,0.21291038711297006
2018-05-03 09:36:00,0.25032317253402425
2018-05-03 09:39:00,0.09082373645725283
2018-05-03 09:42:00,0.11269631690635151
2018-05-03 09:45:00,0.1786796581463932
2018-05-03 09:48:00,0.2575394247922418
2018-05-03 09:51:00,0.05225035098186481
2018-05-03 09:54:00,0.15481904278351521
2018-05-03 09:57:00,0.1478750816899037
2018-05-03 10:00:00,0.17191445295031826
2018-05-03 10:03:00,0.20895735461124332
2018-05-03 10:06:00,0.1497501903917282
2018-05-03 10:09:00,0.18833454990601695
2018-05-03 10:12:00,0.23863409008515646
2018-05-03 10:15:00,0.13223534170612083
2018-05-03 10:18:00,0.1677385877768529
2018-05-03 10:21:00,0.02801227974680387
2018-05-03 10:24:00,0.14709314210386992
2018-05-03 10:27:00,0.19392555475400286
2018-05-03 10:30:00,0.10331180723545685
2018-05-03 10:33:00,0.062273875904963916
2018-05-03 10:36:00,0.05371291070019879
2018-05-03 10:39:00,0.057740307346762165
2018-05-03 10:42:00,0.1595594333258532
2018-05-03 10:45:00,0.09383226507782183
2018-05-03 10:48:00,0.15877214651874283
2018-05-03 10:51:00,0.05554767499444324
2018-05-03 10:54:00,0.060761847283856696
2018-05-03 10:57:00,0.1546517603352413
2018-05-03 11:00:00,0.01583048560513589
2018-05-03 11:03:00,0.010115426474897049
2018-05-03 11:06:00,-0.03099358621977899
2018-05-03 11:09:00,-0.012316214519842106
2018-05-03 11:12:00,-0.010219337001672102
2018-05-03 11:15:00,-0.04815402598507035
2018-05-03 11:18:00,-0.031924766865074616
2018-05-03 11:21:00,0.009428908053109808
2018-05-03 11:24:00,0.04769852182676004
2018-05-03 11:27:00,0.0578735662926988
2018-05-03 11:30:00,0.1957823342884808
2018-05-03 11:33:00,0.13365135064321976
2018-05-03 11:36:00,0.0015845711517386007
2018-05-03 11:39:00,-0.06731425539004476
2018-05-03 11:42:00,-0.02059087878922128
2018-05-03 11:45:00,0.03739398718374787
2018-05-03 11:48:00,0.0378124393997723
2018-05-03 11:51:00,-0.013622214657061704
2018-05-03 11:54:00,-0.05934715991719486
2018-05-03 11:57:00,-0.019953483360779956
2018-05-03 12:00:00,-0.09220942197759996
2018-05-03 12:03:00,0.013441059288311408
2018-05-03 12:06:00,-0.048145215663680574
2018-05-03 12:09:00,0.009265356583910034
2018-05-03 12:12:00,-0.11713744143048643
2018-05-03 12:15:00,-0.09069891117172801
2018-05-03 12:18:00,0.004559207792908637
2018-05-03 12:21:00,0.05152667138503375
2018-05-03 12:24:00,-0.06754513658620453
2018-05-03 12:27:00,-0.09220505664075063
2018-05-03 12:30:00,-0.17685744664254344
2018-05-03 12:33:00,-0.06735775178492531
2018-05-03 12:36:00,-0.137952616655582
2018-05-03 12:39:00,-0.1662894214213111
2018-05-03 12:42:00,-0.15714361628084816
2018-05-03 12:45:00,-0.03512221598356291
2018-05-03 12:48:00,-0.030394249608718837
2018-05-03 12:51:00,-0.04683327547468252
2018-05-03 12:54:00,-0.11108806414642913
2018-05-03 12:57:00,-0.1559832587274741
2018-05-03 13:00:00,-0.09706756694311025
2018-05-03 13:03:00,-0.19506737662817386
2018-05-03 13:06:00,-0.03857117699601531
2018-05-03 13:09:00,-0.16345136915600733
2018-05-03 13:12:00,0.061143042459661956
2018-05-03 13:15:00,0.0752014496943616
2018-05-03 13:18:00,0.16636826637568447
2018-05-03 13:21:00,0.21463139725813107
2018-05-03 13:24:00,0.23312631283766905
2018-05-03 13:27:00,0.21871966591294267
2018-05-03 13:30:00,0.20038435902284846
2018-05-03 13:33:00,0.20018095463683494
2018-05-03 13:36:00,0.033469542021748566
2018-05-03 13:39:00,0.11330335774096056
2018-05-03 13:42:00,0.21469964893276483
2018-05-03 13:45:00,0.13324465934476848
2018-05-03 13:48:00,0.06453209015216999
2018-05-03 13:51:00,0.06095525681621439
2018-05-03 13:54:00,0.04899864103862228
2018-05-03 13:57:00,0.08665948993842676
2018-05-03 14:00:00,0.12373519108450637
2018-05-03 14:03:00,-0.04534082098280123
2018-05-03 14:06:00,0.02503509640445145
2018-05-03 14:09:00,-0.05158749295998177
2018-05-03 14:12:00,-0.06403939215675791
2018-05-03 14:15:00,0.1381464946235269
2018-05-03 14:18:00,0.13218829391206555
2018-05-03 14:21:00,-0.042861425458454505
2018-05-03 14:24:00,0.02392479729456909
2018-05-03 14:27:00,-0.0550362024637252
2018-05-03 14:30:00,-0.003599576223962231
2018-05-03 14:33:00,0.08720604893574091
2018-05-03 14:36:00,0.1564236424791261
2018-05-03 14:39:00,0.17143703653835018
2018-05-03 14:42:00,0.25089010225025277
2018-05-03 14:45:00,0.2960052916280915
2018-05-03 14:48:00,0.40995460101578374
2018-05-03 14:51:00,0.39604899253669146
2018-05-03 14:54:00,0.38125452014014627
2018-05-03 14:57:00,0.4255697755930328
2018-05-03 15:00:00,0.3141556126230398
2018-05-03 15:03:00,0.37110862436645675
2018-05-03 15:06:00,0.29359968696923033
2018-05-03 15:09:00,0.08956197270629218
2018-05-03 15:12:00,0.09134023062586039
2018-05-03 15:15:00,-0.032949672142194686
2018-05-03 15:18:00,-0.1370794478630728
2018-05-03 15:21:00,-0.12780376980833807
2018-05-03 15:24:00,-0.1901128592971304
2018-05-03 15:27:00,-0.25237023644166356
2018-05-03 15:30:00,-0.16972990607695237
2018-05-03 15:33:00,-0.2191925385748732
2018-05-03 15:36:00,-0.26274427780219867
2018-05-03 15:39:00,-0.27553964754531535
2018-05-03 15:42:00,-0.21278398403143228
2018-05-03 15:45:00,-0.11856267942937393
2018-05-03 15:48:00,-0.2645288394089107
2018-05-03 15:51:00,-0.16384713708794152
2018-05-03 15:54:00,-0.09150356276876437
2018-05-03 15:57:00,-0.1070546019029166
2018-05-03 16:00:00,-0.07563617092358754
2018-05-03 16:03:00,0.053091896272349004
2018-05-03 16:06:00,0.06002091537038723
2018-05-03 16:09:00,-0.0656863367906908
2018-05-03 16:12:00,-0.021198383034573
2018-05-03 16:15:00,0.028076154975451573
2018-05-03 16:18:00,0.02696367484026041
2018-05-03 16:21:00,0.024016701074685898
2018-05-03 16:24:00,0.06370556420193907
2018-05-03 16:27:00,0.05659948438943729
2018-05-03 16:30:00,0.05393541680933822
2018-05-03 16:33:00,-0.010131346934201702
2018-05-03 16:36:00,0.0350508064681776
2018-05-03 16:39:00,-0.07334652148688292
2018-05-03 16:42:00,-0.05020341890133295
2018-05-03 16:45:00,0.12783438057152807
2018-05-03 16:48:00,0.09495671273049311
2018-05-03 16:51:00,0.022249353983852416
2018-05-03 16:54:00,0.15768127754614625
2018-05-03 16:57:00,0.007169977974740505
2018-05-03 17:00:00,0.13871010886902013
2018-05-03 17:03:00,0.04869140401228833
2018-05-03 17:06:00,0.16450326408539695
2018-05-03 17:09:00,0.09719896779682813
2018-05-03 17:12:00,0.29944319118749263
2018-05-03 17:15:00,0.18784158108394422
2018-05-03 17:18:00,0.35064614314006803
2018-05-03 17:21:00,0.2807742640091533
2018-05-03 17:24:00,0.17541935005993992
2018-05-03 17:27:00,0.21891745974357946
2018-05-03 17:30:00,0.22485575240040134
2018-05-03 17:33:00,0.20487742566137968
2018-05-03 17:36:00,0.3092391243519046
2018-05-03 17:39:00,0.2792095902676124
2018-05-03 17:42:00,0.2057415291055804
2018-05-03 17:45:00,0.18258715603076325
2018-05-03 17:48:00,0.23874555222579374
2018-05-03 17:51:00,0.16869743617274935
2018-05-03 17:54:00,0.15087338791374805
2018-05-03 17:57:00,0.2496763712971415
2018-05-03 18:00:00,0.3163495394755955
2018-05-03 18:03:00,0.28256920395995166
2018-05-03 18:06:00,0.37328579566076314
2018-05-03 18:09:00,0.4258549274687198
2018-05-03 18:12:00,0.45730941060702435
2018-05-03 18:15:00,0.4553471169840009
2018-05-03 18:18:00,0.404785752174746
2018-05-03 18:21:00,0.451296557035505
2018-05-03 18:24:00,0.428445905483386
2018-05-03 18:27:00,0.43167936114031136
2018-05-03 18:30:00,0.4670674182532366
2018-05-03 18:33:00,0.4112250020755823
2018-05-03 18:36:00,0.5163321171788766
2018-05-03 18:39:00,0.5028319748472541
2018-05-03 18:42:00,0.41528089471887597
2018-05-03 18:45:00,0.42888397891283603
2018-05-03 18:48:00,0.3839868382675604
2018-05-03 18:51:00,0.28381477274484723
2018-05-03 18:54:00,
2018-05-03 18:57:00,
2018-05-03 19:00:00,
2018-05-03 19:03:00,0.1630900295117499
2018-05-03 19:06:00,0.21773005969492942
2018-05-03 19:09:00,0.23271809143142264
2018-05-03 19:12:00,0.2200874482737163
2018-05-03 19:15:00,0.17014475633476422
2018-05-03 19:18:00,0.21666160190676464
2018-05-03 19:21:00,0.25759593094505817
2018-05-03 19:24:00,0.289193184634712
2018-05-03 19:27:00,0.3283522177756595
2018-05-03 19:30:00,0.3551001173340751
2018-05-03 19:33:00,0.3788963882442431
2018-05-03 19:36:00,0.3630614427615342
2018-05-03 19:39:00,0.2790465234906492
2018-05-03 19:42:00,0.20976116429909553
2018-05-03 19:45:00,0.2510852125051315
2018-05-03 19:48:00,0.34522723701184077
2018-05-03 19:51:00,0.3622316738810696
2018-05-03 19:54:00,0.4270229248544979
2018-05-03 19:57:00,0.4377359384558872
2018-05-03 20:00:00,0.414411068294271
2018-05-03 20:03:00,0.4588572073038222
2018-05-03 20:06:00,0.5261442095602433
2018-05-03 20:09:00,0.5996710891621433
2018-05-03 20:12:00,0.5943170311014683
2018-05-03 20:15:00,0.5800117120182904
2018-05-03 20:18:00,0.5359539767475212
2018-05-03 20:21:00,0.594178870257906
2018-05-03 20:24:00,0.7921591764626896
2018-05-03 20:27:00,0.8126069999220249
2018-05-03 20:30:00,0.8014919233499995
2018-05-03 20:33:00,0.9572743388338267
2018-05-03 20:36:00,0.87064689231903
2018-05-03 20:39:00,0.7576183022239888
2018-05-03 20:42:00,0.8275550737419053
2018-05-03 20:45:00,0.8605858471956367
2018-05-03 20:48:00,0.6510087076013633
2018-05-03 20:51:00,0.6488924873262363
2018-05-03 20:54:00,0.6694291522202889
2018-05-03 20:57:00,0.6536687353922161
2018-05-03 21:00:00,0.7309239789789217
2018-05-03 21:03:00,0.6566359182695578
2018-05-03 21:06:00,0.6538146007245587
2018-05-03 21:09:00,0.3692836229907357
2018-05-03 21:12:00,0.3926393132887256
2018-05-03 21:15:00,0.3676746307065173
2018-05-03 21:18:00,0.28180743064478975
2018-05-03 21:21:00,0.3919332184379414
2018-05-03 21:24:00,0.45469189846261315
2018-05-03 21:27:00,0.3386271426388703
2018-05-03 21:30:00,0.38344017725353297
2018-05-03 21:33:00,0.3352422690573462
2018-05-03 21:36:00,0.33523979615949884
2018-05-03 21:39:00,0.3610900830182686
2018-05-03 21:42:00,0.336705082586775
2018-05-03 21:45:00,0.2913409390295101
2018-05-03 21:48:00,0.3340977519063131
2018-05-03 21:51:00,0.4818515971032866
2018-05-03 21:54:00,0.4526657621818231
2018-05-03 21:57:00,0.47202264118379844
2018-05-03 22:00:00,0.5500650865770922
2018-05-03 22:03:00,0.6380949978609465
2018-05-03 22:06:00,0.562365957583836
2018-05-03 22:09:00,0.5089723180648775
2018-05-03 22:12:00,0.5505686273851893
2018-05-03 22:15:00,0.6731140985340289
2018-05-03 22:18:00,0.5158954445286099
2018-05-03 22:21:00,0.5900866704370742
2018-05-03 22:24:00,0.5689446832646468
2018-05-03 22:27:00,0.6540958467009546
2018-05-03 22:30:00,0.4905769666312949
2018-05-03 22:33:00,0.46809203955189105
2018-05-03 22:36:00,0.4943696694641062
2018-05-03 22:39:00,0.5219225678980592
2018-05-03 22:42:00,0.49116622427538914
2018-05-03 22:45:00,0.4057733234839134
2018-05-03 22:48:00,0.43367433629657626
2018-05-03 22:51:00,0.52876148979243
2018-05-03 22:54:00,0.38748830233316767
2018-05-03 22:57:00,0.48455288081595427
2018-05-03 23:00:00,0.4494235044600714
2018-05-03 23:03:00,0.5661664266249318
2018-05-03 23:06:00,0.5095276801268369
2018-05-03 23:09:00,0.5886185176352114
2018-05-03 23:12:00,0.5731790548838376
2018-05-03 23:15:00,0.6895917834688703
2018-05-03 23:18:00,0.6436628067875745
2018-05-03 23:21:00,0.6470808871092686
2018-05-03 23:24:00,0.5778625897261804
2018-05-03 23:27:00,0.6670463642494155
2018-05-03 23:30:00,0.597616765994303
2018-05-03 23:33:00,0.7290041228827135
2018-05-03 23:36:00,0.6154162068383471
2018-05-03 23:39:00,0.5378692999042869
2018-05-03 23:42:00,0.533213168823977
2018-05-03 23:45:00,0.6860335253415997
2018-05-03 23:48:00,0.672683782059778
2018-05-03 23:51:00,0.706192816757266
2018-05-03 23:54:00,0.6235726444944021
2018-05-03 23:57:00,0.5912970581042032
2018-05-04 00:00:00,0.666718326790317
2018-05-04 00:03:00,0.5884217405346703
2018-05-04 00:06:00,0.532345410215953
2018-05-04 00:09:00,0.553499220201104
2018-05-04 00:12:00,0.6502561366306736
2018-05-04 00:15:00,0.6882519103015738
2018-05-04 00:18:00,0.5180873644123949
2018-05-04 00:21:00,0.5393005439781859
2018-05-04 00:24:00,0.5946279194358226
2018-05-04 00:27:00,0.5846917062584112
2018-05-04 00:30:00,0.601955971378743
2018-05-04 00:33:00,0.698295596708931
2018-05-04 00:36:00,0.5906625873568601
2018-05-04 00:39:00,0.5177485540569364
2018-05-04 00:42:00,0.6283072928878823
2018-05-04 00:45:00,0.6068796869432163
2018-05-04 00:48:00,0.6135111054303479
2018-05-04 00:51:00,0.6476560406221665
2018-05-04 00:54:00,0.6210288402522224
2018-05-04 00:57:00,0.6228285048526914
2018-05-04 01:00:00,0.5564024867515514
2018-05-04 01:03:00,0.5856242137505774
2018-05-04 01:06:00,0.602637474960261
2018-05-04 01:09:00,0.6599881748037433
2018-05-04 01:12:00,0.6768835000349327
2018-05-04 01:15:00,0.5373570197028812
2018-05-04 01:18:00,0.5740001381519164
2018-05-04 01:21:00,0.6693099778680107
2018-05-04 01:24:00,0.6062098308256054
2018-05-04 01:27:00,0.5310543050528622
2018-05-04 01:30:00,0.5806077934934706
2018-05-04 01:33:00,0.6239485258846571
2018-05-04 01:36:00,0.5210548597565889
2018-05-04 01:39:00,0.6052609243598113
2018-05-04 01:42:00,0.5746693049114242
2018-05-04 01:45:00,0.5193018254889239
2018-05-04 01:48:00,0.5650262887007784
2018-05-04 01:51:00,0.5831220342740266
2018-05-04 01:54:00,0.6240457766531335
2018-05-04 01:57:00,0.6076684248163815
2018-05-04 02:00:00,0.6172030235148327
2018-05-04 02:03:00,0.5966339435616419
2018-05-04 02:06:00,0.6719865924721944
2018-05-04 02:09:00,0.578196099751267
2018-05-04 02:12:00,0.5645366244138472
2018-05-04 02:15:00,0.5739868288533216
2018-05-04 02:18:00,0.6261265010070929
2018-05-04 02:21:00,0.5672717688173634
2018-05-04 02:24:00,0.6234719142445897
2018-05-04 02:27:00,0.6370366927709483
2018-05-04 02:30:00,0.6535545981695918
2018-05-04 02:33:00,0.6843755484114808
2018-05-04 02:36:00,0.6690248782341541
2018-05-04 02:39:00,0.6638997842891854
2018-05-04 02:42:00,0.6759909655735328
2018-05-04 02:45:00,0.63635505167764
2018-05-04 02:48:00,0.6743676576637085
2018-05-04 02:51:00,0.5663526167929831
2018-05-04 02:54:00,0.5555165086635725
2018-05-04 02:57:00,0.6424186611132541
2018-05-04 03:00:00,0.6092598362649824
2018-05-04 03:03:00,0.5951575719947755
2018-05-04 03:06:00,0.5945104496144609
2018-05-04 03:09:00,0.6371629597005608
2018-05-04 03:12:00,0.6535812659891462
2018-05-04 03:15:00,0.6370743273204198
2018-05-04 03:18:00,0.6395158500017715
2018-05-04 03:21:00,0.6285152913801539
2018-05-04 03:24:00,0.5938115310650005
2018-05-04 03:27:00,0.6174023677840523
2018-05-04 03:30:00,0.6146754272013482
2018-05-04 03:33:00,0.531509991765347
2018-05-04 03:36:00,0.6428967411526969
2018-05-04 03:39:00,0.5996217256114278
2018-05-04 03:42:00,0.6822997160173259
2018-05-04 03:45:00,0.6247789558486261
2018-05-04 03:48:00,0.7157775515348135
2018-05-04 03:51:00,0.6574060475594479
2018-05-04 03:54:00,0.7009646439055928
2018-05-04 03:57:00,0.6295709656619124
2018-05-04 04:00:00,0.6150510456988627
2018-05-04 04:03:00,0.5859383409252814
2018-05-04 04:06:00,0.650825228332053
2018-05-04 04:09:00,0.6508652362727503
2018-05-04 04:12:00,0.6315219888991237
2018-05-04 04:15:00,0.6056889955229394
2018-05-04 04:18:00,0.5854318593582661
2018-05-04 04:21:00,0.6230456335668464
2018-05-04 04:24:00,0.6450720268013583
2018-05-04 04:27:00,0.6466743894850424
2018-05-04 04:30:00,0.611050510618611
2018-05-04 04:33:00,0.6989539976123069
2018-05-04 04:36:00,0.7305393521652945
2018-05-04 04:39:00,0.5740296107369431
2018-05-04 04:42:00,0.5669150795582141
2018-05-04 04:45:00,0.6324986307837435
2018-05-04 04:48:00,0.6415751268903023
2018-05-04 04:51:00,0.6483442519111691
2018-05-04 04:54:00,0.6791909389465332
2018-05-04 04:57:00,0.7189370703186455
2018-05-04 05:00:00,0.6215558137271273
2018-05-04 05:03:00,0.5992806217680595
2018-05-04 05:06:00,0.7059085325132628
2018-05-04 05:09:00,0.6317209064060876
2018-05-04 05:12:00,0.5686484307459523
2018-05-04 05:15:00,0.5620234913018294
2018-05-04 05:18:00,0.6072690283724569
2018-05-04 05:21:00,0.528152945806255
2018-05-04 05:24:00,0.5580475615304863
2018-05-04 05:27:00,0.6100368454792715
2018-05-04 05:30:00,0.6113356823628919
2018-05-04 05:33:00,0.6006624811906249
2018-05-04 05:36:00,0.6969451956180137
2018-05-04 05:39:00,0.6298096435012326
2018-05-04 05:42:00,0.647425017988553
2018-05-04 05:45:00,0.5220308605042305
2018-05-04 05:48:00,0.5915526550443246
2018-05-04 05:51:00,0.6528658771508731
2018-05-04 05:54:00,0.6338673028306516
2018-05-04 05:57:00,0.5807295566767152
2018-05-04 06:00:00,0.5101788874393378
2018-05-04 06:03:00,0.5907578783577492
2018-05-04 06:06:00,0.6000784364428
2018-05-04 06:09:00,0.6117795833557693
2018-05-04 06:12:00,0.4779895237297751
2018-05-04 06:15:00,0.5676438422381125
2018-05-04 06:18:00,0.623803798270842
2018-05-04 06:21:00,0.7126817316765823
2018-05-04 06:24:00,0.7122205016532916
2018-05-04 06:27:00,0.6659619281556388
2018-05-04 06:30:00,0.5581642231082355
2018-05-04 06:33:00,0.508467069690596
2018-05-04 06:36:00,0.6476328884966165
2018-05-04 06:39:00,0.641808567562407
2018-05-04 06:42:00,0.6336762981007382
2018-05-04 06:45:00,0.7047154202919614
2018-05-04 06:48:00,0.6947283527357513
2018-05-04 06:51:00,0.6016008452290862
2018-05-04 06:54:00,0.6283677835064623
2018-05-04 06:57:00,0.6351889090805685
2018-05-04 07:00:00,0.6403310466208723
2018-05-04 07:03:00,0.583068693586938
2018-05-04 07:06:00,0.5155813953550137
2018-05-04 07:09:00,0.7081018918631798
2018-05-04 07:12:00,0.6286918601039702
2018-05-04 07:15:00,0.5609904436914235
2018-05-04 07:18:00,0.6725029446972144
2018-05-04 07:21:00,0.5588973905019543
2018-05-04 07:24:00,0.6601548842484704
2018-05-04 07:27:00,0.6112125619046083
2018-05-04 07:30:00,0.6287476767483327
2018-05-04 07:33:00,0.567760006822482
2018-05-04 07:36:00,0.46620912366364564
2018-05-04 07:39:00,0.5395945176531427
2018-05-04 07:42:00,0.5228819236117488
2018-05-04 07:45:00,0.5682249894962865
2018-05-04 07:48:00,0.5253072976782391
2018-05-04 07:51:00,0.6319504589085341
2018-05-04 07:54:00,0.6921828627740751
2018-05-04 07:57:00,0.6543170260096645
2018-05-04 08:00:00,0.5802586772314271
2018-05-04 08:03:00,0.6144689559391168
2018-05-04 08:06:00,0.64180525151437
2018-05-04 08:09:00,0.5854133150297685
2018-05-04 08:12:00,0.6032934850980496
2018-05-04 08:15:00,0.5140597426171212
2018-05-04 08:18:00,0.5549248892762648
2018-05-04 08:21:00,0.427487972233223
2018-05-04 08:24:00,0.5805055905777294
2018-05-04 08:27:00,0.42602489671730837
2018-05-04 08:30:00,0.438515563077317
2018-05-04 08:33:00,0.45759651078782326
2018-05-04 08:36:00,0.45037672757609926
2018-05-04 08:39:00,0.4655883510930039
2018-05-04 08:42:00,0.45750886297201987
2018-05-04 08:45:00,0.3512510601145209
2018-05-04 08:48:00,0.34012677231652333
2018-05-04 08:51:00,0.3362688561839491
2018-05-04 08:54:00,0.34122608251141173
2018-05-04 08:57:00,0.32975288080911014
2018-05-04 09:00:00,0.2544591099360787
2018-05-04 09:03:00,0.4116734393581396
2018-05-04 09:06:00,0.29767646112065904
2018-05-04 09:09:00,0.34148900311248553
2018-05-04 09:12:00,0.3671111730416783
2018-05-04 09:15:00,0.22859161012718232
2018-05-04 09:18:00,0.30105569331226434
2018-05-04 09:21:00,0.2620102979618082
2018-05-04 09:24:00,0.36333023246953644
2018-05-04 09:27:00,0.3002277391433381
2018-05-04 09:30:00,0.25390448202409743
2018-05-04 09:33:00,0.2553023305869715
2018-05-04 09:36:00,0.2738583407972328
2018-05-04 09:39:00,0.17679863710122845
2018-05-04 09:42:00,0.21114004290734556
2018-05-04 09:45:00,0.22642012489416175
2018-05-04 09:48:00,0.27063146414150197
2018-05-04 09:51:00,0.22654056342400963
2018-05-04 09:54:00,0.2348453874947154
2018-05-04 09:57:00,0.2481298938338341
2018-05-04 10:00:00,0.2602763158517405
2018-05-04 10:03:00,0.19210080200110724
2018-05-04 10:06:00,0.12990107520357697
2018-05-04 10:09:00,0.26527868883482597
2018-05-04 10:12:00,0.21225507641776176
2018-05-04 10:15:00,0.05135051531550516
2018-05-04 10:18:00,0.17715882527357962
2018-05-04 10:21:00,0.1963448985868581
2018-05-04 10:24:00,0.11706844618652212
2018-05-04 10:27:00,0.24103494126103442
2018-05-04 10:30:00,0.02994065191211348
2018-05-04 10:33:00,0.16017212667628655
2018-05-04 10:36:00,0.13111545552362713
2018-05-04 10:39:00,0.07171910820233052
2018-05-04 10:42:00,0.08472228601965526
2018-05-04 10:45:00,0.1387803409200501
2018-05-04 10:48:00,0.05046177232173932
2018-05-04 10:51:00,0.10802984611967759
2018-05-04 10:54:00,0.1048881480090813
2018-05-04 10:57:00,0.019324159114660233
2018-05-04 11:00:00,0.05087710068625029
2018-05-04 11:03:00,0.13954447210255694
2018-05-04 11:06:00,0.09779565918898925
2018-05-04 11:09:00,0.0369659726064242
2018-05-04 11:12:00,0.08544522739759941
2018-05-04 11:15:00,-0.027115434426832508
2018-05-04 11:18:00,0.09272777202880889
2018-05-04 11:21:00,0.0525958092122778
2018-05-04 11:24:00,0.1380738401736039
2018-05-04 11:27:00,0.0647090152342571
2018-05-04 11:30:00,0.05293684104390195
2018-05-04 11:33:00,-0.0503235117106442
2018-05-04 11:36:00,0.05594621078864748
2018-05-04 11:39:00,0.06906785784042313
2018-05-04 11:42:00,0.14242516259298554
2018-05-04 11:45:00,0.0018368776410397913
2018-05-04 11:48:00,0.10280370604198197
2018-05-04 11:51:00,0.08928774584842358
2018-05-04 11:54:00,0.048817628167114435
2018-05-04 11:57:00,0.044194743546484005
2018-05-04 12:00:00,-0.08677687668210865
2018-05-04 12:03:00,0.049288554512372684
2018-05-04 12:06:00,-0.005098307699313409
2018-05-04 12:09:00,-0.0031590119700126706
2018-05-04 12:12:00,-0.0932444520802278
2018-05-04 12:15:00,-0.0408092876487558
2018-05-04 12:18:00,0.018514084406490383
2018-05-04 12:21:00,0.1399872665280668
2018-05-04 12:24:00,-0.01472833639604687
2018-05-04 12:27:00,-0.012816533810109831
2018-05-04 12:30:00,-0.040058662980868576
2018-05-04 12:33:00,-0.014491616344514568
2018-05-04 12:36:00,-0.02524333538491419
2018-05-04 12:39:00,-0.03617008847362513
2018-05-04 12:42:00,-0.09100238873617172
2018-05-04 12:45:00,-0.035377960309347145
2018-05-04 12:48:00,-0.15122873406852477
2018-05-04 12:51:00,0.046087110758492145
2018-05-04 12:54:00,0.005247386135920351
2018-05-04 12:57:00,-0.0019818791255943324
2018-05-04 13:00:00,-0.11586588117717156
2018-05-04 13:03:00,-0.08204836154715167
2018-05-04 13:06:00,0.006695056672526789
2018-05-04 13:09:00,0.022969863383025313
2018-05-04 13:12:00,-0.11438341023949761
2018-05-04 13:15:00,-0.17585883214923115
2018-05-04 13:18:00,0.06039103964667447
2018-05-04 13:21:00,0.04757135604990026
2018-05-04 13:24:00,0.19606793757986907
2018-05-04 13:27:00,0.05911514772844839
2018-05-04 13:30:00,0.16146876543695043
2018-05-04 13:33:00,0.20132511274113085
2018-05-04 13:36:00,0.10353758052627882
2018-05-04 13:39:00,0.08291248749571878
2018-05-04 13:42:00,0.12204040729432108
2018-05-04 13:45:00,0.09514413690260426
2018-05-04 13:48:00,0.03706312243019738
2018-05-04 13:51:00,0.026325510884589676
2018-05-04 13:54:00,0.07851899547421226
2018-05-04 13:57:00,-0.08529420356921946
2018-05-04 14:00:00,-0.07360608475806885
2018-05-04 14:03:00,-0.05000677659751318
2018-05-04 14:06:00,0.02424357608151695
2018-05-04 14:09:00,0.009732285412667352
2018-05-04 14:12:00,0.17230560204296808
2018-05-04 14:15:00,0.3354012341177395
2018-05-04 14:18:00,0.20838116138719442
2018-05-04 14:21:00,0.1465617452717538
2018-05-04 14:24:00,0.07234178577442663
2018-05-04 14:27:00,-0.02497187256392408
2018-05-04 14:30:00,-0.03275795331256859
2018-05-04 14:33:00,0.10713703307499145
2018-05-04 14:36:00,-0.0391955629282279
2018-05-04 14:39:00,-0.112516253859269
2018-05-04 14:42:00,0.06539461683291847
2018-05-04 14:45:00,0.1115975090413599
2018-05-04 14:48:00,0.20276733422491588
2018-05-04 14:51:00,0.006270874979861674
2018-05-04 14:54:00,0.010312256124677788
2018-05-04 14:57:00,0.14647468965222288
2018-05-04 15:00:00,0.07170327309319191
2018-05-04 15:03:00,0.12490264489673564
2018-05-04 15:06:00,-0.0766301852027027
2018-05-04 15:09:00,0.08116901251770514
2018-05-04 15:12:00,0.07857264120735863
2018-05-04 15:15:00,0.11158443884488634
2018-05-04 15:18:00,0.08959539033139663
2018-05-04 15:21:00,0.11513518982712867
2018-05-04 15:24:00,0.28767683473864736
2018-05-04 15:27:00,0.24362703899112148
2018-05-04 15:30:00,0.24674095318079026
2018-05-04 15:33:00,0.3454780706296674
2018-05-04 15:36:00,0.5211703434728747
2018-05-04 15:39:00,0.44409395068038293
2018-05-04 15:42:00,0.4914849831777133
2018-05-04 15:45:00,0.3791605402014966
2018-05-04 15:48:00,0.43888673138832246
2018-05-04 15:51:00,0.41865903094384294
2018-05-04 15:54:00,0.12637314445640868
2018-05-04 15:57:00,0.036760339222041694
2018-05-04 16:00:00,0.02710332900596768
2018-05-04 16:03:00,0.055051694707401566
2018-05-04 16:06:00,0.018944408876961916
2018-05-04 16:09:00,-0.04203986147223304
2018-05-04 16:12:00,0.004126936625709732
2018-05-04 16:15:00,0.05533033117302466
2018-05-04 16:18:00,-0.05895321321611391
2018-05-04 16:21:00,-0.03045718503238959
2018-05-04 16:24:00,0.1714581144513545
2018-05-04 16:27:00,0.0645410120574752
2018-05-04 16:30:00,0.27550943123929983
2018-05-04 16:33:00,0.347750213088716
2018-05-04 16:36:00,0.3192398024322074
2018-05-04 16:39:00,0.27482742574079566
2018-05-04 16:42:00,0.5022969967923814
2018-05-04 16:45:00,0.4571030170947097
2018-05-04 16:48:00,0.538001854661502
2018-05-04 16:51:00,0.5767670499397468
2018-05-04 16:54:00,0.6806369419853127
2018-05-04 16:57:00,0.7223919137466055
2018-05-04 17:00:00,0.5732268217259389
2018-05-04 17:03:00,0.6599375983073514
2018-05-04 17:06:00,0.6134184208912075
2018-05-04 17:09:00,0.6288894225002082
2018-05-04 17:12:00,0.6441875722446184
2018-05-04 17:15:00,0.8141318500117336
2018-05-04 17:18:00,0.6870934665478785
2018-05-04 17:21:00,0.6074220323498025
2018-05-04 17:24:00,0.6177142462693155
2018-05-04 17:27:00,0.43143668458213824
2018-05-04 17:30:00,0.4782369603103689
2018-05-04 17:33:00,0.4336262405429352
2018-05-04 17:36:00,0.5462218263856471
2018-05-04 17:39:00,0.44977804630036644
2018-05-04 17:42:00,0.5974575569935041
2018-05-04 17:45:00,0.4762622678246089
2018-05-04 17:48:00,0.542353101397623
2018-05-04 17:51:00,0.5348879462395644
2018-05-04 17:54:00,0.4097146958366693
2018-05-04 17:57:00,0.4982438074868014
2018-05-04 18:00:00,0.38759144455269734
2018-05-04 18:03:00,0.3450137535883755
2018-05-04 18:06:00,0.43335771299615544
2018-05-04 18:09:00,0.40903335284048126
2018-05-04 18:12:00,0.3585257211491353
2018-05-04 18:15:00,0.4105562808605896
2018-05-04 18:18:00,0.39226917359582103
2018-05-04 18:21:00,0.3685766451542918
2018-05-04 18:24:00,0.45240660184714443
2018-05-04 18:27:00,0.5303379403537747
2018-05-04 18:30:00,0.56918481236562
2018-05-04 18:33:00,0.5329866432178392
2018-05-04 18:36:00,0.5749464918504827
2018-05-04 18:39:00,0.4027589730937393
2018-05-04 18:42:00,0.4607762919509355
2018-05-04 18:45:00,0.27564531478003573
2018-05-04 18:48:00,0.28699972850938593
2018-05-04 18:51:00,0.35274236390841907
2018-05-04 18:54:00,
2018-05-04 18:57:00,
2018-05-04 19:00:00,
2018-05-04 19:03:00,0.3367059258217182
2018-05-04 19:06:00,0.3233069077702453
2018-05-04 19:09:00,0.37361557659255595
2018-05-04 19:12:00,0.31896188191399233
2018-05-04 19:15:00,0.4815205335098085
2018-05-04 19:18:00,0.4156678567484846
2018-05-04 19:21:00,0.5398186476248839
2018-05-04 19:24:00,0.46916439812906674
2018-05-04 19:27:00,0.5144761163554676
2018-05-04 19:30:00,0.5603175842423411
2018-05-04 19:33:00,0.45989432414950215
2018-05-04 19:36:00,0.5608119087992236
2018-05-04 19:39:00,0.48334840281046354
2018-05-04 19:42:00,0.3370710764789919
2018-05-04 19:45:00,0.3087910592080334
2018-05-04 19:48:00,0.5871889550907099
2018-05-04 19:51:00,0.7588635830943531
2018-05-04 19:54:00,0.6303133523837232
2018-05-04 19:57:00,0.6756016425580356
2018-05-04 20:00:00,0.6921091969991267
2018-05-04 20:03:00,0.6281817210929148
2018-05-04 20:06:00,0.5371760183803076
2018-05-04 20:09:00,0.6348589182891828
2018-05-04 20:12:00,0.5917720276881937
2018-05-04 20:15:00,0.4503855287379679
2018-05-04 20:18:00,0.5732675557999869
2018-05-04 20:21:00,0.568263844013245
2018-05-04 20:24:00,0.5354548650593074
2018-05-04 20:27:00,0.5867677849934125
2018-05-04 20:30:00,0.5645618534951495
2018-05-04 20:33:00,0.41008082183583383
2018-05-04 20:36:00,0.46919485191040167
2018-05-04 20:39:00,0.3988293985859741
2018-05-04 20:42:00,0.5487387456665829
2018-05-04 20:45:00,0.50377125937041
2018-05-04 20:48:00,0.5126990614963347
2018-05-04 20:51:00,0.43649631015790646
2018-05-04 20:54:00,0.46365998695910093
2018-05-04 20:57:00,0.36926310045873834
2018-05-04 21:00:00,0.4559104475193294
2018-05-04 21:03:00,0.48437525526026093
2018-05-04 21:06:00,0.34837404539518957
2018-05-04 21:09:00,0.3535490194514068
2018-05-04 21:12:00,0.3990743991296313
2018-05-04 21:15:00,0.40605986933724125
2018-05-04 21:18:00,0.44184857035475034
2018-05-04 21:21:00,0.33138170941282397
2018-05-04 21:24:00,0.4549538611910293
2018-05-04 21:27:00,0.5327915390279259
2018-05-04 21:30:00,0.4433175554643185
2018-05-04 21:33:00,0.5553830834285236
2018-05-04 21:36:00,0.42176274732906904
2018-05-04 21:39:00,0.4740716078900391
2018-05-04 21:42:00,0.37943944063209756
2018-05-04 21:45:00,0.40613267382332197
2018-05-04 21:48:00,0.4634858783499567
2018-05-04 21:51:00,0.4029453763056381
2018-05-04 21:54:00,0.4793871796214262
2018-05-04 21:57:00,0.48878741738479903
2018-05-04 22:00:00,0.48702832875039803
2018-05-04 22:03:00,0.5105185866493116
2018-05-04 22:06:00,0.416436946176475
2018-05-04 22:09:00,0.4595599185544188
2018-05-04 22:12:00,0.43122421301939085
2018-05-04 22:15:00,0.5102763053596959
2018-05-04 22:18:00,0.3880764948734168
2018-05-04 22:21:00,0.5198526429625758
2018-05-04 22:24:00,0.4549208268382472
2018-05-04 22:27:00,0.4277258454107482
2018-05-04 22:30:00,0.6239972788251862
2018-05-04 22:33:00,0.47911782290208293
2018-05-04 22:36:00,0.5993989522666539
2018-05-04 22:39:00,0.5728768574361425
2018-05-04 22:42:00,0.5860297783062833
2018-05-04 22:45:00,0.46836151650654756
2018-05-04 22:48:00,0.4785203127137265
2018-05-04 22:51:00,0.5269298104797144
2018-05-04 22:54:00,0.5159435430055055
2018-05-04 22:57:00,0.5492375083130128
2018-05-04 23:00:00,0.4953156169200952
2018-05-04 23:03:00,0.5479733806752165
2018-05-04 23:06:00,0.5456511810307916
2018-05-04 23:09:00,0.5210352477383822
2018-05-04 23:12:00,0.5084462770527693
2018-05-04 23:15:00,0.4792784696279
2018-05-04 23:18:00,0.514383313487599
2018-05-04 23:21:00,0.45376144715731925
2018-05-04 23:24:00,0.5458222557055592
2018-05-04 23:27:00,0.5409979773971259
2018-05-04 23:30:00,0.4753863115517447
2018-05-04 23:33:00,0.4445834989434161
2018-05-04 23:36:00,0.45049176853564177
2018-05-04 23:39:00,0.4487869201012131
2018-05-04 23:42:00,0.43922291369074173
2018-05-04 23:45:00,0.4845131221550787
2018-05-04 23:48:00,0.4542480226945713
2018-05-04 23:51:00,0.5509246334173667
2018-05-04 23:54:00,0.4846696481257595
2018-05-04 23:57:00,0.38189082712978006
2018-05-05 00:00:00,0.4445462429184772
2018-05-05 00:03:00,0.4587099406918469
2018-05-05 00:06:00,0.4190995100512964
2018-05-05 00:09:00,0.4746033477752576
2018-05-05 00:12:00,0.5036727460148995
2018-05-05 00:15:00,0.5857193738269757
2018-05-05 00:18:00,0.6285542014040288
2018-05-05 00:21:00,0.46346576886355706
2018-05-05 00:24:00,0.43650729998245197
2018-05-05 00:27:00,0.48930014540985667
2018-05-05 00:30:00,0.6015164467037835
2018-05-05 00:33:00,0.4845522048633484
2018-05-05 00:36:00,0.5675442866947833
2018-05-05 00:39:00,0.5494958146217073
2018-05-05 00:42:00,0.5584199977065509
2018-05-05 00:45:00,0.5650020494203432
2018-05-05 00:48:00,0.4547732682208334
2018-05-05 00:51:00,0.5229155910820964
2018-05-05 00:54:00,0.4385082387831858
2018-05-05 00:57:00,0.46268501553322494
2018-05-05 01:00:00,0.5371572634950326
2018-05-05 01:03:00,0.47127690235419095
2018-05-05 01:06:00,0.5154608517845531
2018-05-05 01:09:00,0.5422275431678827
2018-05-05 01:12:00,0.5083893402527906
2018-05-05 01:15:00,0.46832484452204426
2018-05-05 01:18:00,0.5104691843313276
2018-05-05 01:21:00,0.47109082481057385
2018-05-05 01:24:00,0.5672275983627628
2018-05-05 01:27:00,0.5420900229354402
2018-05-05 01:30:00,0.4618558762230691
2018-05-05 01:33:00,0.42543383857093886
2018-05-05 01:36:00,0.4728535557994178
2018-05-05 01:39:00,0.4663471021200962
2018-05-05 01:42:00,0.5160147083727225
2018-05-05 01:45:00,0.564743781930872
2018-05-05 01:48:00,0.5160391290756365
2018-05-05 01:51:00,0.5032563658438676
2018-05-05 01:54:00,0.5056671127066465
2018-05-05 01:57:00,0.5109202690391044
2018-05-05 02:00:00,0.5627766979512785
2018-05-05 02:03:00,0.49151244426087715
2018-05-05 02:06:00,0.4958558303036398
2018-05-05 02:09:00,0.5944095799742399
2018-05-05 02:12:00,0.544565541562406
2018-05-05 02:15:00,0.6078176310488175
2018-05-05 02:18:00,0.5756635471650497
2018-05-05 02:21:00,0.5714725509333789
2018-05-05 02:24:00,0.5494799505468109
2018-05-05 02:27:00,0.5324322783314415
2018-05-05 02:30:00,0.4747585692256848
2018-05-05 02:33:00,0.447685606775849
2018-05-05 02:36:00,0.5361286060792736
2018-05-05 02:39:00,0.5396651751239006
2018-05-05 02:42:00,0.4682909526504204
2018-05-05 02:45:00,0.5330171091379725
2018-05-05 02:48:00,0.5566870388086613
2018-05-05 02:51:00,0.4982510865528411
2018-05-05 02:54:00,0.5402452325982949
2018-05-05 02:57:00,0.5278474302115796
2018-05-05 03:00:00,0.5405172069520745
2018-05-05 03:03:00,0.590022161239915
2018-05-05 03:06:00,0.5036070885748813
2018-05-05 03:09:00,0.44830189850176794
2018-05-05 03:12:00,0.5295751996926015
2018-05-05 03:15:00,0.4795410861291316
2018-05-05 03:18:00,0.4380386013205566
2018-05-05 03:21:00,0.5453487634446788
2018-05-05 03:24:00,0.47832241028470435
2018-05-05 03:27:00,0.5885417153369303
2018-05-05 03:30:00,0.4862887262075333
2018-05-05 03:33:00,0.48341219768042265
2018-05-05 03:36:00,0.5304135915970392
2018-05-05 03:39:00,0.5477295672187097
2018-05-05 03:42:00,0.46981649430250627
2018-05-05 03:45:00,0.57292479333546
2018-05-05 03:48:00,0.5986987910462744
2018-05-05 03:51:00,0.45801469429898134
2018-05-05 03:54:00,0.6131135009690638
2018-05-05 03:57:00,0.46405547773326816
2018-05-05 04:00:00,0.5293611830126679
2018-05-05 04:03:00,0.5218027760947734
2018-05-05 04:06:00,0.49655860222480896
2018-05-05 04:09:00,0.5539884957483423
2018-05-05 04:12:00,0.4615676545020051
2018-05-05 04:15:00,0.6230032831987842
2018-05-05 04:18:00,0.5073478522849086
2018-05-05 04:21:00,0.5950440931229082
2018-05-05 04:24:00,0.54576083126193
2018-05-05 04:27:00,0.5786055324510357
2018-05-05 04:30:00,0.5349579362956547
2018-05-05 04:33:00,0.5319368230111081
2018-05-05 04:36:00,0.49745488472325405
2018-05-05 04:39:00,0.6340532864840043
2018-05-05 04:42:00,0.58264143470916
2018-05-05 04:45:00,0.6113787093578367
2018-05-05 04:48:00,0.5739692847164974
2018-05-05 04:51:00,0.485971942858896
2018-05-05 04:54:00,0.6096219791070325
2018-05-05 04:57:00,0.5492949394312063
2018-05-05 05:00:00,0.6682392780230089
2018-05-05 05:03:00,0.6134786234926537
2018-05-05 05:06:00,0.6020139782390856
2018-05-05 05:09:00,0.6933248965461303
2018-05-05 05:12:00,0.5255853728476723
2018-05-05 05:15:00,0.6147091674042144
2018-05-05 05:18:00,0.5893490480340233
2018-05-05 05:21:00,0.5852212781008461
2018-05-05 05:24:00,0.5961815410239524
2018-05-05 05:27:00,0.6286458148481415
2018-05-05 05:30:00,0.6694124736199569
2018-05-05 05:33:00,0.5039003933439972
2018-05-05 05:36:00,0.6250664428448545
2018-05-05 05:39:00,0.5047234371384093
2018-05-05 05:42:00,0.5673890865343765
2018-05-05 05:45:00,0.5150214042784
2018-05-05 05:48:00,0.6179762387424148
2018-05-05 05:51:00,0.5494322689709747
2018-05-05 05:54:00,0.5498194362936033
2018-05-05 05:57:00,0.585076166397414
2018-05-05 06:00:00,0.5043653558028609
2018-05-05 06:03:00,0.5198211086615743
2018-05-05 06:06:00,0.4665512249097219
2018-05-05 06:09:00,0.42600778015889773
2018-05-05 06:12:00,0.5212106432862811
2018-05-05 06:15:00,0.5367232156115165
2018-05-05 06:18:00,0.4865503202165087
2018-05-05 06:21:00,0.4518676992926771
2018-05-05 06:24:00,0.51509064913472
2018-05-05 06:27:00,0.46736159557656265
2018-05-05 06:30:00,0.49584879694003803
2018-05-05 06:33:00,0.4683731663863
2018-05-05 06:36:00,0.5625572426170606
2018-05-05 06:39:00,0.5281655557061526
2018-05-05 06:42:00,0.6217226453566127
2018-05-05 06:45:00,0.5625944508656744
2018-05-05 06:48:00,0.5894750290196953
2018-05-05 06:51:00,0.51131200844668
2018-05-05 06:54:00,0.5503658287786948
2018-05-05 06:57:00,0.5415609292005001
2018-05-05 07:00:00,0.459438074805405
2018-05-05 07:03:00,0.5532095726829311
2018-05-05 07:06:00,0.5116572988648045
2018-05-05 07:09:00,0.5584590267249041
2018-05-05 07:12:00,0.5500512086485969
2018-05-05 07:15:00,0.6158608839811563
2018-05-05 07:18:00,0.4509577430601439
2018-05-05 07:21:00,0.5319796202319935
2018-05-05 07:24:00,0.4908044192332568
2018-05-05 07:27:00,0.5157184129918164
2018-05-05 07:30:00,0.41359171395669136
2018-05-05 07:33:00,0.4382004239290609
2018-05-05 07:36:00,0.46881908451933896
2018-05-05 07:39:00,0.5177044169277565
2018-05-05 07:42:00,0.4786961848579381
2018-05-05 07:45:00,0.4385450523633949
2018-05-05 07:48:00,0.4505860098934704
2018-05-05 07:51:00,0.4898572117884896
2018-05-05 07:54:00,0.5607572585050775
2018-05-05 07:57:00,0.47973787732769324
2018-05-05 08:00:00,0.5454317862715357
2018-05-05 08:03:00,0.4683485308817694
2018-05-05 08:06:00,0.44415707372758106
2018-05-05 08:09:00,0.42939426648035806
2018-05-05 08:12:00,0.5031248478321686
2018-05-05 08:15:00,0.48366722429756237
2018-05-05 08:18:00,0.2899044766955967
2018-05-05 08:21:00,0.4235770806503183
2018-05-05 08:24:00,0.4320538027316161
2018-05-05 08:27:00,0.48875635356182556
2018-05-05 08:30:00,0.5338381489341941
2018-05-05 08:33:00,0.4705973815354696
2018-05-05 08:36:00,0.47736844248038324
2018-05-05 08:39:00,0.43277244048039165
2018-05-05 08:42:00,0.41867824871224
2018-05-05 08:45:00,0.43700569976863335
2018-05-05 08:48:00,0.3939564204376893
2018-05-05 08:51:00,0.3531316746084485
2018-05-05 08:54:00,0.257089602007909
2018-05-05 08:57:00,0.4084808509090294
2018-05-05 09:00:00,0.3304225567755452
2018-05-05 09:03:00,0.4232215332934288
2018-05-05 09:06:00,0.2918254599088641
2018-05-05 09:09:00,0.3027129113020237
2018-05-05 09:12:00,0.25212945148535937
2018-05-05 09:15:00,0.28986825273398154
2018-05-05 09:18:00,0.30206774297670336
2018-05-05 09:21:00,0.2716164103069332
2018-05-05 09:24:00,0.31464288031446586
2018-05-05 09:27:00,0.3489912396995578
2018-05-05 09:30:00,0.3162707443681825
2018-05-05 09:33:00,0.24413530888386958
2018-05-05 09:36:00,0.24496887985139892
2018-05-05 09:39:00,0.29941243836714193
2018-05-05 09:42:00,0.31146025140020583
2018-05-05 09:45:00,0.17804926351828954
2018-05-05 09:48:00,0.20014350036660744
2018-05-05 09:51:00,0.27335435691679777
2018-05-05 09:54:00,0.1768714442978876
2018-05-05 09:57:00,0.34387373807339827
2018-05-05 10:00:00,0.3383761790714743
2018-05-05 10:03:00,0.2155093475514036
2018-05-05 10:06:00,0.2415659562555561
2018-05-05 10:09:00,0.19027505403619216
2018-05-05 10:12:00,0.2288376295678063
2018-05-05 10:15:00,0.2797140184323439
2018-05-05 10:18:00,0.1828717146421468
2018-05-05 10:21:00,0.13123983337987966
2018-05-05 10:24:00,0.20043098537570359
2018-05-05 10:27:00,0.23591601369423643
2018-05-05 10:30:00,0.22944167557756145
2018-05-05 10:33:00,0.19232816509332906
2018-05-05 10:36:00,0.20950408287836808
2018-05-05 10:39:00,0.1533483552071857
2018-05-05 10:42:00,0.1742797884094216
2018-05-05 10:45:00,0.20588977844948886
2018-05-05 10:48:00,0.22034907060742626
2018-05-05 10:51:00,0.11705964801512891
2018-05-05 10:54:00,0.18458355111687297
2018-05-05 10:57:00,0.16692426917546754
2018-05-05 11:00:00,0.2362865404016361
2018-05-05 11:03:00,0.1673757918371166
2018-05-05 11:06:00,0.18624306283049918
2018-05-05 11:09:00,0.2055076107807281
2018-05-05 11:12:00,0.18649847407886
2018-05-05 11:15:00,0.13557500239363662
2018-05-05 11:18:00,0.2668308842386864
2018-05-05 11:21:00,0.2956577768545685
2018-05-05 11:24:00,0.177002751183295
2018-05-05 11:27:00,0.20008345899657343
2018-05-05 11:30:00,0.2223954444480114
2018-05-05 11:33:00,0.20396566260956206
2018-05-05 11:36:00,0.1081530847727663
2018-05-05 11:39:00,0.18718655448657273
2018-05-05 11:42:00,0.1992915516355538
2018-05-05 11:45:00,0.1769854365255128
2018-05-05 11:48:00,0.2430930885779503
2018-05-05 11:51:00,0.3239753447828093
2018-05-05 11:54:00,0.2710385209612127
2018-05-05 11:57:00,0.2909029529415079
2018-05-05 12:00:00,0.2964363914888395
2018-05-05 12:03:00,0.33833524037220286
2018-05-05 12:06:00,0.2565494833881985
2018-05-05 12:09:00,0.2376502879831719
2018-05-05 12:12:00,0.4310172207809728
2018-05-05 12:15:00,0.24362231714098925
2018-05-05 12:18:00,0.35511167339473104
2018-05-05 12:21:00,0.4954899587559112
2018-05-05 12:24:00,0.43893324477699025
2018-05-05 12:27:00,0.5132928277463407
2018-05-05 12:30:00,0.3994824218893882
2018-05-05 12:33:00,0.497804803569295
2018-05-05 12:36:00,0.3991197854132338
2018-05-05 12:39:00,0.3672063017501159
2018-05-05 12:42:00,0.3991504849354328
2018-05-05 12:45:00,0.3756784816826553
2018-05-05 12:48:00,0.2439302119655622
2018-05-05 12:51:00,0.23857801979329452
2018-05-05 12:54:00,0.05116158319714259
2018-05-05 12:57:00,0.08987403091953183
2018-05-05 13:00:00,0.059375124573818994
2018-05-05 13:03:00,0.009680559822925261
2018-05-05 13:06:00,0.23845255682181232
2018-05-05 13:09:00,0.16702644919502063
2018-05-05 13:12:00,0.2919327627868711
2018-05-05 13:15:00,0.2789095527205063
2018-05-05 13:18:00,0.2176019556141
2018-05-05 13:21:00,0.19484042952541358
2018-05-05 13:24:00,0.2753239894360604
2018-05-05 13:27:00,0.23062097307951035
2018-05-05 13:30:00,-0.038426792968095924
2018-05-05 13:33:00,-0.0807334917828939
2018-05-05 13:36:00,0.024291277620136498
2018-05-05 13:39:00,0.017762845635331814
2018-05-05 13:42:00,0.02568768216377748
2018-05-05 13:45:00,0.048418962365531115
2018-05-05 13:48:00,0.07663320751697711
2018-05-05 13:51:00,0.11461923013899877
2018-05-05 13:54:00,0.10998414302423498
2018-05-05 13:57:00,0.1309036746005745
2018-05-05 14:00:00,0.14605238664171338
2018-05-05 14:03:00,0.2045901250037332
2018-05-05 14:06:00,0.22625332205751647
2018-05-05 14:09:00,0.20749719042498782
2018-05-05 14:12:00,0.22071802137298846
2018-05-05 14:15:00,0.2692706047632214
2018-05-05 14:18:00,0.32967124008627025
2018-05-05 14:21:00,0.27072202502881737
2018-05-05 14:24:00,0.25760862916320093
2018-05-05 14:27:00,0.36517399934547257
2018-05-05 14:30:00,0.37850298551376227
2018-05-05 14:33:00,0.3374392831451587
2018-05-05 14:36:00,0.4282410440999911
2018-05-05 14:39:00,0.40861616967470127
2018-05-05 14:42:00,0.40074213941795733
2018-05-05 14:45:00,0.22047140057338765
2018-05-05 14:48:00,0.24558906996355745
2018-05-05 14:51:00,0.2332424049230326
2018-05-05 14:54:00,0.23470344011934685
2018-05-05 14:57:00,0.1075781078246223
2018-05-05 15:00:00,0.19699019114830207
2018-05-05 15:03:00,0.1220681070042815
2018-05-05 15:06:00,0.09393885722676032
2018-05-05 15:09:00,0.0969077183873992
2018-05-05 15:12:00,0.24314829216899625
2018-05-05 15:15:00,0.16203742700423618
2018-05-05 15:18:00,0.057321147605591705
2018-05-05 15:21:00,0.01538343214821225
2018-05-05 15:24:00,0.06567185876696158
2018-05-05 15:27:00,0.10530618222838939
2018-05-05 15:30:00,-0.020702818186975946
2018-05-05 15:33:00,0.07838092660045959
2018-05-05 15:36:00,0.043577055032073986
2018-05-05 15:39:00,-0.020134380439628785
2018-05-05 15:42:00,-0.015288276074784335
2018-05-05 15:45:00,-0.001310743052442831
2018-05-05 15:48:00,0.01754766825462184
2018-05-05 15:51:00,0.09966359650883305
2018-05-05 15:54:00,0.03144336109193091
2018-05-05 15:57:00,0.01599882395981922
2018-05-05 16:00:00,-0.011414624740154977
2018-05-05 16:03:00,0.08121351935466237
2018-05-05 16:06:00,-0.024037732212661922
2018-05-05 16:09:00,-0.04424275510024245
2018-05-05 16:12:00,-0.038165031938376615
2018-05-05 16:15:00,-0.048383640172176
2018-05-05 16:18:00,0.05459269297972469
2018-05-05 16:21:00,-0.052267965745102174
2018-05-05 16:24:00,0.07326915839820458
2018-05-05 16:27:00,-0.03292984665375798
2018-05-05 16:30:00,0.022666310951194646
2018-05-05 16:33:00,-0.05280307944957485
2018-05-05 16:36:00,-0.09597399367072512
2018-05-05 16:39:00,0.01782911515374508
2018-05-05 16:42:00,-0.03903559614531105
2018-05-05 16:45:00,0.03942590970677884
2018-05-05 16:48:00,-0.0822317957465657
2018-05-05 16:51:00,0.08830362672779302
2018-05-05 16:54:00,0.02442623999894522
2018-05-05 16:57:00,0.008467250051694464
2018-05-05 17:00:00,0.06517702548455873
2018-05-05 17:03:00,0.06871519338915277
2018-05-05 17:06:00,-0.19308576100746677
2018-05-05 17:09:00,0.0982600012600301
2018-05-05 17:12:00,0.07577114382104355
2018-05-05 17:15:00,0.07223247239113562
2018-05-05 17:18:00,-0.009266960927163836
2018-05-05 17:21:00,0.01784381102174848
2018-05-05 17:24:00,0.06033258851039136
2018-05-05 17:27:00,0.12534368411894548
2018-05-05 17:30:00,0.0032250444441501713
2018-05-05 17:33:00,0.10500897023246125
2018-05-05 17:36:00,0.07356579413755071
2018-05-05 17:39:00,0.006660363143339509
2018-05-05 17:42:00,0.0157603760760594
2018-05-05 17:45:00,0.013664928012701694
2018-05-05 17:48:00,0.08142751925026914
2018-05-05 17:51:00,0.139499204837648
2018-05-05 17:54:00,0.19930722566545
2018-05-05 17:57:00,0.19002561441072885
2018-05-05 18:00:00,0.1823819107768827
2018-05-05 18:03:00,0.1911551690525357
2018-05-05 18:06:00,0.13855139356019208
2018-05-05 18:09:00,0.22191632619376378
2018-05-05 18:12:00,0.20998236376561863
2018-05-05 18:15:00,0.18256401649205145
2018-05-05 18:18:00,0.26930573121939005
2018-05-05 18:21:00,0.23999537834276907
2018-05-05 18:24:00,0.1843770859549636
2018-05-05 18:27:00,0.2845715411686456
2018-05-05 18:30:00,0.23410528926319785
2018-05-05 18:33:00,0.19318222576993094
2018-05-05 18:36:00,0.32075194012986685
2018-05-05 18:39:00,0.12676868070980163
2018-05-05 18:42:00,0.25346168630221655
2018-05-05 18:45:00,0.30522265433074836
2018-05-05 18:48:00,0.23572782789472058
2018-05-05 18:51:00,0.1734567968607621
2018-05-05 18:54:00,0.2335916494660637
2018-05-05 18:57:00,
2018-05-05 19:00:00,
2018-05-05 19:03:00,0.24257867315577641
2018-05-05 19:06:00,0.2550603152183726
2018-05-05 19:09:00,0.3329924435399221
2018-05-05 19:12:00,0.3542448072363982
2018-05-05 19:15:00,0.3097158006116274
2018-05-05 19:18:00,0.40832222105007077
2018-05-05 19:21:00,0.43029545889993415
2018-05-05 19:24:00,0.2969656606853732
2018-05-05 19:27:00,0.3866349570718626
2018-05-05 19:30:00,0.38270510203875574
2018-05-05 19:33:00,0.39788348462440126
2018-05-05 19:36:00,0.36063633590123345
2018-05-05 19:39:00,0.3475122382549216
2018-05-05 19:42:00,0.2763830799987659
2018-05-05 19:45:00,0.3056373766126512
2018-05-05 19:48:00,0.3567515428824777
2018-05-05 19:51:00,0.3972459464711733
2018-05-05 19:54:00,0.36994112434905446
2018-05-05 19:57:00,0.3053760685882594
2018-05-05 20:00:00,0.3791799603133086
2018-05-05 20:03:00,0.393567909260355
2018-05-05 20:06:00,0.4058873103327869
2018-05-05 20:09:00,0.41734902882126335
2018-05-05 20:12:00,0.41427228196658916
2018-05-05 20:15:00,0.3674497712120228
2018-05-05 20:18:00,0.3803941519055343
2018-05-05 20:21:00,0.40222277307992726
2018-05-05 20:24:00,0.3357685352326598
2018-05-05 20:27:00,0.2968030261342278
2018-05-05 20:30:00,0.36410203647966455
2018-05-05 20:33:00,0.387535023436385
2018-05-05 20:36:00,0.31307553314593406
2018-05-05 20:39:00,0.2798104816739624
2018-05-05 20:42:00,0.3388655916112384
2018-05-05 20:45:00,0.38098173158471127
2018-05-05 20:48:00,0.3485452944129861
2018-05-05 20:51:00,0.27139153556595375
2018-05-05 20:54:00,0.40040936018414186
2018-05-05 20:57:00,0.3955107524204209
2018-05-05 21:00:00,0.22860957646054203
2018-05-05 21:03:00,0.42478902358078585
2018-05-05 21:06:00,0.32608226078986036
2018-05-05 21:09:00,0.30802427647699915
2018-05-05 21:12:00,0.2816716915556867
2018-05-05 21:15:00,0.41680576145944315
2018-05-05 21:18:00,0.28428468618079705
2018-05-05 21:21:00,0.4187012270416517
2018-05-05 21:24:00,0.4768552211760948
2018-05-05 21:27:00,0.4208076311415425
2018-05-05 21:30:00,0.42454343392245164
2018-05-05 21:33:00,0.45962013337231156
2018-05-05 21:36:00,0.374171430403635
2018-05-05 21:39:00,0.46407748345620803
2018-05-05 21:42:00,0.44493038820746733
2018-05-05 21:45:00,0.3584574414743429
2018-05-05 21:48:00,0.4009807207066274
2018-05-05 21:51:00,0.4188353412249626
2018-05-05 21:54:00,0.4216637627280875
2018-05-05 21:57:00,0.31630002705384186
2018-05-05 22:00:00,0.3950250492463283
2018-05-05 22:03:00,0.30419928552424835
2018-05-05 22:06:00,0.362647463324663
2018-05-05 22:09:00,0.4561248633699506
2018-05-05 22:12:00,0.38348291950813973
2018-05-05 22:15:00,0.40353969402485745
2018-05-05 22:18:00,0.4072173128599843
2018-05-05 22:21:00,0.37954570577488767
2018-05-05 22:24:00,0.42642895464621233
2018-05-05 22:27:00,0.4234608899236605
2018-05-05 22:30:00,0.38024642663572195
2018-05-05 22:33:00,0.3681525728730435
2018-05-05 22:36:00,0.3398944854329784
2018-05-05 22:39:00,0.3902960480543243
2018-05-05 22:42:00,0.39494311078766486
2018-05-05 22:45:00,0.40801698623727134
2018-05-05 22:48:00,0.44480454008134984
2018-05-05 22:51:00,0.40612468160031767
2018-05-05 22:54:00,0.4615428596942479
2018-05-05 22:57:00,0.4049861195648532
2018-05-05 23:00:00,0.46423862244881775
2018-05-05 23:03:00,0.4710428015512207
2018-05-05 23:06:00,0.5204929350493899
2018-05-05 23:09:00,0.5806328869479671
2018-05-05 23:12:00,0.46535220288495793
2018-05-05 23:15:00,0.42534699620676975
2018-05-05 23:18:00,0.5004115824071391
2018-05-05 23:21:00,0.4966534757179488
2018-05-05 23:24:00,0.556739319391454
2018-05-05 23:27:00,0.5454606842233716
2018-05-05 23:30:00,0.5496999489197947
2018-05-05 23:33:00,0.4684007358395661
2018-05-05 23:36:00,0.5635977821605138
2018-05-05 23:39:00,0.47269758379940185
2018-05-05 23:42:00,0.44198096387748365
2018-05-05 23:45:00,0.5289459126170186
2018-05-05 23:48:00,0.5487515233566569
2018-05-05 23:51:00,0.564935524080397
2018-05-05 23:54:00,0.47498511763990336
2018-05-05 23:57:00,0.5221041855582484
2018-05-06 00:00:00,0.5407108640985143
2018-05-06 00:03:00,0.48542478999013383
2018-05-06 00:06:00,0.5179952538107386
2018-05-06 00:09:00,0.5744584527084271
2018-05-06 00:12:00,0.5723188497271963
2018-05-06 00:15:00,0.611300893724831
2018-05-06 00:18:00,0.5316417494947245
2018-05-06 00:21:00,0.4936830758368842
2018-05-06 00:24:00,0.5468485520086688
2018-05-06 00:27:00,0.574141071975987
2018-05-06 00:30:00,0.623062139455385
2018-05-06 00:33:00,0.5260194141342822
2018-05-06 00:36:00,0.6180646612423288
2018-05-06 00:39:00,0.5336416897698655
2018-05-06 00:42:00,0.5346935197380276
2018-05-06 00:45:00,0.49147139868188106
2018-05-06 00:48:00,0.5491948327705813
2018-05-06 00:51:00,0.5318929434641291
2018-05-06 00:54:00,0.610447030258797
2018-05-06 00:57:00,0.6071270020121915
2018-05-06 01:00:00,0.6065571208376923
2018-05-06 01:03:00,0.4894668565809752
2018-05-06 01:06:00,0.5365759435217683
2018-05-06 01:09:00,0.5022894514686413
2018-05-06 01:12:00,0.6850093816868821
2018-05-06 01:15:00,0.5201888669001278
2018-05-06 01:18:00,0.5022412525669324
2018-05-06 01:21:00,0.5534987457621696
2018-05-06 01:24:00,0.5174141721880119
2018-05-06 01:27:00,0.67877602818902
2018-05-06 01:30:00,0.5833030451727836
2018-05-06 01:33:00,0.5877104457178461
2018-05-06 01:36:00,0.5306728260188152
2018-05-06 01:39:00,0.506371437362759
2018-05-06 01:42:00,0.5011462613149433
2018-05-06 01:45:00,0.6708256276041311
2018-05-06 01:48:00,0.5537583346654174
2018-05-06 01:51:00,0.5349885454685932
2018-05-06 01:54:00,0.5652919629114876
2018-05-06 01:57:00,0.5688587084234769
2018-05-06 02:00:00,0.5893606791826187
2018-05-06 02:03:00,0.5515711584984615
2018-05-06 02:06:00,0.5032606762475211
2018-05-06 02:09:00,0.5421461709291862
2018-05-06 02:12:00,0.5335978022665131
2018-05-06 02:15:00,0.5391202743938948
2018-05-06 02:18:00,0.4977961538809268
2018-05-06 02:21:00,0.48697717876905244
2018-05-06 02:24:00,0.4306061768285758
2018-05-06 02:27:00,0.48314588013369075
2018-05-06 02:30:00,0.38632359427049323
2018-05-06 02:33:00,0.5012467134823737
2018-05-06 02:36:00,0.512230031595152
2018-05-06 02:39:00,0.44607479123493476
2018-05-06 02:42:00,0.5333085664305486
2018-05-06 02:45:00,0.5180045478429065
2018-05-06 02:48:00,0.35009811760477305
2018-05-06 02:51:00,0.4738731053162155
2018-05-06 02:54:00,0.5260524755992719
2018-05-06 02:57:00,0.5529403442214971
2018-05-06 03:00:00,0.45189156014083665
2018-05-06 03:03:00,0.5209196375809029
2018-05-06 03:06:00,0.6026561815496052
2018-05-06 03:09:00,0.629591726378294
2018-05-06 03:12:00,0.5300285490163219
2018-05-06 03:15:00,0.5482656824310084
2018-05-06 03:18:00,0.670246449618503
2018-05-06 03:21:00,0.5516390118166328
2018-05-06 03:24:00,0.6047980118991632
2018-05-06 03:27:00,0.5568492444109552
2018-05-06 03:30:00,0.6622009979643053
2018-05-06 03:33:00,0.5896219526224513
2018-05-06 03:36:00,0.5420175078901934
2018-05-06 03:39:00,0.6641980626796453
2018-05-06 03:42:00,0.5217744100272057
2018-05-06 03:45:00,0.5276658725459242
2018-05-06 03:48:00,0.5905207417065412
2018-05-06 03:51:00,0.6157173819815398
2018-05-06 03:54:00,0.6442062707352534
2018-05-06 03:57:00,0.6151797181256597
2018-05-06 04:00:00,0.5981359934152692
2018-05-06 04:03:00,0.6471733415488075
2018-05-06 04:06:00,0.5441111299990666
2018-05-06 04:09:00,0.6408934685064196
2018-05-06 04:12:00,0.5267567031431781
2018-05-06 04:15:00,0.6868541359024789
2018-05-06 04:18:00,0.6380056205822484
2018-05-06 04:21:00,0.5835716371848321
2018-05-06 04:24:00,0.6512800930391904
2018-05-06 04:27:00,0.5942633904807622
2018-05-06 04:30:00,0.5542563066867956
2018-05-06 04:33:00,0.6088325642019754
2018-05-06 04:36:00,0.4712635955328892
2018-05-06 04:39:00,0.5919325748148481
2018-05-06 04:42:00,0.5079457904996616
2018-05-06 04:45:00,0.5609390481892547
2018-05-06 04:48:00,0.5397583832510691
2018-05-06 04:51:00,0.5626616613772057
2018-05-06 04:54:00,0.5656582554420879
2018-05-06 04:57:00,0.5018366598282
2018-05-06 05:00:00,0.5376563171332691
2018-05-06 05:03:00,0.5324573486855684
2018-05-06 05:06:00,0.5809935202668157
2018-05-06 05:09:00,0.5756277809203425
2018-05-06 05:12:00,0.47713642654304067
2018-05-06 05:15:00,0.6230028177881763
2018-05-06 05:18:00,0.6058699217103936
2018-05-06 05:21:00,0.42932660668111566
2018-05-06 05:24:00,0.5351346851942935
2018-05-06 05:27:00,0.5840492573240113
2018-05-06 05:30:00,0.6161980240500498
2018-05-06 05:33:00,0.5131380179064422
2018-05-06 05:36:00,0.5398925144501732
2018-05-06 05:39:00,0.5383060470371674
2018-05-06 05:42:00,0.5804534104268555
2018-05-06 05:45:00,0.6330026279683238
2018-05-06 05:48:00,0.6542978035716942
2018-05-06 05:51:00,0.5789671829211898
2018-05-06 05:54:00,0.5791142601455022
2018-05-06 05:57:00,0.6939714709250779
2018-05-06 06:00:00,0.5283820852163217
2018-05-06 06:03:00,0.5020830482658312
2018-05-06 06:06:00,0.6132019897322607
2018-05-06 06:09:00,0.5539718837393366
2018-05-06 06:12:00,0.5430927087584223
2018-05-06 06:15:00,0.5671053919662654
2018-05-06 06:18:00,0.5448295758834547
2018-05-06 06:21:00,0.5636478241736995
2018-05-06 06:24:00,0.58948040831649
2018-05-06 06:27:00,0.6893064876047674
2018-05-06 06:30:00,0.6148174815353968
2018-05-06 06:33:00,0.6368228119860078
2018-05-06 06:36:00,0.6129991321490706
2018-05-06 06:39:00,0.5998607508728924
2018-05-06 06:42:00,0.6380940256499912
2018-05-06 06:45:00,0.6157552386579823
2018-05-06 06:48:00,0.6141469861635187
2018-05-06 06:51:00,0.6181365259321296
2018-05-06 06:54:00,0.6002530140861495
2018-05-06 06:57:00,0.4706056017612923
2018-05-06 07:00:00,0.7034485553558056
2018-05-06 07:03:00,0.5426964565245953
2018-05-06 07:06:00,0.6517182857374451
2018-05-06 07:09:00,0.5902518622598336
2018-05-06 07:12:00,0.5694679810885646
2018-05-06 07:15:00,0.5765507961286289
2018-05-06 07:18:00,0.5204009089658825
2018-05-06 07:21:00,0.5440285329166272
2018-05-06 07:24:00,0.6001654412723383
2018-05-06 07:27:00,0.46827638424048246
2018-05-06 07:30:00,0.6101584223445116
2018-05-06 07:33:00,0.5096608458235892
2018-05-06 07:36:00,0.5826385936964584
2018-05-06 07:39:00,0.5550027328342821
2018-05-06 07:42:00,0.5255565442676584
2018-05-06 07:45:00,0.5561523960339514
2018-05-06 07:48:00,0.43886884700026485
2018-05-06 07:51:00,0.5074432317483115
2018-05-06 07:54:00,0.4878870341656807
2018-05-06 07:57:00,0.4957505131983453
2018-05-06 08:00:00,0.39369266230340827
2018-05-06 08:03:00,0.5559434268427026
2018-05-06 08:06:00,0.4523328986641104
2018-05-06 08:09:00,0.4631057711054041
2018-05-06 08:12:00,0.5304691491508606
2018-05-06 08:15:00,0.5125438019289845
2018-05-06 08:18:00,0.458195603565855
2018-05-06 08:21:00,0.39178418271740156
2018-05-06 08:24:00,0.42859301822915086
2018-05-06 08:27:00,0.37072031565622865
2018-05-06 08:30:00,0.32626837773761963
2018-05-06 08:33:00,0.40496078538836855
2018-05-06 08:36:00,0.33707651266792027
2018-05-06 08:39:00,0.4444335623142024
2018-05-06 08:42:00,0.32440784632274244
2018-05-06 08:45:00,0.42922515409611606
2018-05-06 08:48:00,0.3139366905447787
2018-05-06 08:51:00,0.38684720423754015
2018-05-06 08:54:00,0.3171074108738594
2018-05-06 08:57:00,0.3146818758759764
2018-05-06 09:00:00,0.3505131915127322
2018-05-06 09:03:00,0.4171091881767097
2018-05-06 09:06:00,0.3241729849553394
2018-05-06 09:09:00,0.43295246532915144
2018-05-06 09:12:00,0.30394197728782046
2018-05-06 09:15:00,0.3218668652882002
2018-05-06 09:18:00,0.36758100812255634
2018-05-06 09:21:00,0.39298142669088065
2018-05-06 09:24:00,0.26154867140104443
2018-05-06 09:27:00,0.3638685604852867
2018-05-06 09:30:00,0.2719762778970676
2018-05-06 09:33:00,0.3153542428522087
2018-05-06 09:36:00,0.215511683370039
2018-05-06 09:39:00,0.29993575063065236
2018-05-06 09:42:00,0.2742152335333685
2018-05-06 09:45:00,0.35023358682792605
2018-05-06 09:48:00,0.3072435306946204
2018-05-06 09:51:00,0.3030845784197709
2018-05-06 09:54:00,0.33292146171584136
2018-05-06 09:57:00,0.2397993453946583
2018-05-06 10:00:00,0.15204358784501437
2018-05-06 10:03:00,0.25773564495517576
2018-05-06 10:06:00,0.2911041611938572
2018-05-06 10:09:00,0.19577570749430606
2018-05-06 10:12:00,0.18186376870494314
2018-05-06 10:15:00,0.1070735764757842
2018-05-06 10:18:00,0.09879025931911656
2018-05-06 10:21:00,0.2894944671770645
2018-05-06 10:24:00,0.22361378830595413
2018-05-06 10:27:00,0.12275408340815375
2018-05-06 10:30:00,0.06757392016368158
2018-05-06 10:33:00,0.08116444541752799
2018-05-06 10:36:00,0.15586290558985638
2018-05-06 10:39:00,0.15799495506763606
2018-05-06 10:42:00,0.22183355982895137
2018-05-06 10:45:00,0.18131182746731156
2018-05-06 10:48:00,0.010894305612396238
2018-05-06 10:51:00,0.14243223222467805
2018-05-06 10:54:00,0.28317898036726774
2018-05-06 10:57:00,0.12353184577375487
2018-05-06 11:00:00,0.053300909516337924
2018-05-06 11:03:00,0.3015074215129516
2018-05-06 11:06:00,0.11839909450384312
2018-05-06 11:09:00,0.16025806605375692
2018-05-06 11:12:00,0.0663644608378604
2018-05-06 11:15:00,0.10653315180803702
2018-05-06 11:18:00,0.07378568726005597
2018-05-06 11:21:00,0.14230675684444805
2018-05-06 11:24:00,0.2388297312048735
2018-05-06 11:27:00,0.1486345097723074
2018-05-06 11:30:00,0.2417680336086505
2018-05-06 11:33:00,0.11097365715693286
2018-05-06 11:36:00,0.26174598536971416
2018-05-06 11:39:00,0.30287760628874594
2018-05-06 11:42:00,0.17489216002098829
2018-05-06 11:45:00,0.1419319665010903
2018-05-06 11:48:00,0.2800780792161959
2018-05-06 11:51:00,0.23164481615583554
2018-05-06 11:54:00,0.38795984916106363
2018-05-06 11:57:00,0.30588261838119024
2018-05-06 12:00:00,0.17812658383752478
2018-05-06 12:03:00,-0.012533717478220296
2018-05-06 12:06:00,0.1804530154248596
2018-05-06 12:09:00,0.03291425063133602
2018-05-06 12:12:00,0.01606027956154321
2018-05-06 12:15:00,0.03864101037856926
2018-05-06 12:18:00,-0.0012834435873401162
2018-05-06 12:21:00,0.1263833539502457
2018-05-06 12:24:00,0.07350968042925388
2018-05-06 12:27:00,-0.06835414108275017
2018-05-06 12:30:00,0.0001997905768007513
2018-05-06 12:33:00,-0.021005102575543333
2018-05-06 12:36:00,0.05287558931576086
2018-05-06 12:39:00,0.10783885830704776
2018-05-06 12:42:00,0.19933177973234706
2018-05-06 12:45:00,-0.02165294003299323
2018-05-06 12:48:00,0.1333137303276999
2018-05-06 12:51:00,0.1939974581176216
2018-05-06 12:54:00,0.3294601375598063
2018-05-06 12:57:00,0.1808147178419972
2018-05-06 13:00:00,0.17932232746301224
2018-05-06 13:03:00,0.18979157312890038
2018-05-06 13:06:00,0.23489050893982721
2018-05-06 13:09:00,0.12567964121956265
2018-05-06 13:12:00,0.1350791314879416
2018-05-06 13:15:00,0.23765935209951294
2018-05-06 13:18:00,0.25458299864078526
2018-05-06 13:21:00,0.23032726208680288
2018-05-06 13:24:00,0.1595967507214482
2018-05-06 13:27:00,0.2006129420649927
2018-05-06 13:30:00,0.2322167557863395
2018-05-06 13:33:00,0.2237840767598982
2018-05-06 13:36:00,0.2894820212604827
2018-05-06 13:39:00,0.27946914423682756
2018-05-06 13:42:00,0.19102714312305125
2018-05-06 13:45:00,0.4048593911090279
2018-05-06 13:48:00,0.24528255855182124
2018-05-06 13:51:00,0.2546179526591459
2018-05-06 13:54:00,0.33922186654183406
2018-05-06 13:57:00,0.4669031055032633
2018-05-06 14:00:00,0.3750387214333841
2018-05-06 14:03:00,0.4398720211106024
2018-05-06 14:06:00,0.38672228646044005
2018-05-06 14:09:00,0.3201745485172296
2018-05-06 14:12:00,0.3610273316121493
2018-05-06 14:15:00,0.39109806414148807
2018-05-06 14:18:00,0.24137470521441173
2018-05-06 14:21:00,0.27177398450555756
2018-05-06 14:24:00,0.17817532914818912
2018-05-06 14:27:00,0.2618151744085253
2018-05-06 14:30:00,0.07281165001069212
2018-05-06 14:33:00,0.19878340849868437
2018-05-06 14:36:00,0.18550510302287648
2018-05-06 14:39:00,0.19269720307431726
2018-05-06 14:42:00,0.17758597603091175
2018-05-06 14:45:00,0.0651456182780521
2018-05-06 14:48:00,0.07679176023748369
2018-05-06 14:51:00,-0.11246616100339679
2018-05-06 14:54:00,0.15120316561973368
2018-05-06 14:57:00,0.1474760325841089
2018-05-06 15:00:00,0.12898537720491277
2018-05-06 15:03:00,0.27594427391670706
2018-05-06 15:06:00,0.18242343380222792
2018-05-06 15:09:00,0.14583070956592792
2018-05-06 15:12:00,0.045974069197256995
2018-05-06 15:15:00,0.19939519129763994
2018-05-06 15:18:00,0.032189359277822405
2018-05-06 15:21:00,0.17100083318189263
2018-05-06 15:24:00,0.09795913320198224
2018-05-06 15:27:00,0.14245006699894702
2018-05-06 15:30:00,0.2432992934216145
2018-05-06 15:33:00,0.2273478600120029
2018-05-06 15:36:00,0.2660467150809609
2018-05-06 15:39:00,0.2711075272636094
2018-05-06 15:42:00,0.19307627547874517
2018-05-06 15:45:00,0.26555021622067443
2018-05-06 15:48:00,0.17186274198468254
2018-05-06 15:51:00,0.2771562164983834
2018-05-06 15:54:00,0.23518847223829198
2018-05-06 15:57:00,0.2885434326831273
2018-05-06 16:00:00,0.3248828369584089
2018-05-06 16:03:00,0.24308176953735483
2018-05-06 16:06:00,0.3301858526654655
2018-05-06 16:09:00,0.3245828662149961
2018-05-06 16:12:00,0.23711689488982302
2018-05-06 16:15:00,0.18954732486787407
2018-05-06 16:18:00,0.138037902543374
2018-05-06 16:21:00,0.18944093658558359
2018-05-06 16:24:00,0.16995623384968894
2018-05-06 16:27:00,0.21157841043549297
2018-05-06 16:30:00,0.2403107308580843
2018-05-06 16:33:00,0.170806534340727
2018-05-06 16:36:00,0.1993884941931583
2018-05-06 16:39:00,0.24979546554760645
2018-05-06 16:42:00,0.2782890645146381
2018-05-06 16:45:00,0.0853435770205806
2018-05-06 16:48:00,0.22658085471823597
2018-05-06 16:51:00,0.21251623147793453
2018-05-06 16:54:00,0.2863549344261287
2018-05-06 16:57:00,0.2953663193277407
2018-05-06 17:00:00,0.24110871290918112
2018-05-06 17:03:00,0.30757228836336026
2018-05-06 17:06:00,0.13858710889206804
2018-05-06 17:09:00,0.1534439374648855
2018-05-06 17:12:00,0.2188027389358922
2018-05-06 17:15:00,0.22649780412365317
2018-05-06 17:18:00,0.24728263000815787
2018-05-06 17:21:00,0.2812403680983948
2018-05-06 17:24:00,0.2355978262318672
2018-05-06 17:27:00,0.25718394966679625
2018-05-06 17:30:00,0.30607664535011736
2018-05-06 17:33:00,0.10572556723246862
2018-05-06 17:36:00,0.21868381603997022
2018-05-06 17:39:00,0.22727804158074605
2018-05-06 17:42:00,0.2263734053922235
2018-05-06 17:45:00,0.2267775801824996
2018-05-06 17:48:00,0.061079532217377164
2018-05-06 17:51:00,0.15941816337465298
2018-05-06 17:54:00,0.25586286221272303
2018-05-06 17:57:00,0.10208818765357819
2018-05-06 18:00:00,0.2373116857580726
2018-05-06 18:03:00,0.25298600460820353
2018-05-06 18:06:00,0.1824964096028907
2018-05-06 18:09:00,0.24416381294423672
2018-05-06 18:12:00,0.23531867591765376
2018-05-06 18:15:00,0.14362565010594608
2018-05-06 18:18:00,0.1932365151499198
2018-05-06 18:21:00,0.20683258861123477
2018-05-06 18:24:00,0.20230921600182228
2018-05-06 18:27:00,0.12834075896500963
2018-05-06 18:30:00,0.29000462495844204
2018-05-06 18:33:00,0.28019175063974444
2018-05-06 18:36:00,0.2339050689943747
2018-05-06 18:39:00,0.27635856262475045
2018-05-06 18:42:00,0.2685264998032153
2018-05-06 18:45:00,0.24998721293638937
2018-05-06 18:48:00,0.173542114773511
2018-05-06 18:51:00,0.38592825668320074
2018-05-06 18:54:00,
2018-05-06 18:57:00,
2018-05-06 19:00:00,
2018-05-06 19:03:00,0.24571057324021695
2018-05-06 19:06:00,0.2721476608344915
2018-05-06 19:09:00,0.15852764887614512
2018-05-06 19:12:00,0.17583876883264793
2018-05-06 19:15:00,0.27726369647467664
2018-05-06 19:18:00,0.27631584640590745
2018-05-06 19:21:00,0.2636047407287947
2018-05-06 19:24:00,0.19038977433774562
2018-05-06 19:27:00,0.25388483467588685
2018-05-06 19:30:00,0.19668200256410273
2018-05-06 19:33:00,0.22647021304891268
2018-05-06 19:36:00,0.334785152350662
2018-05-06 19:39:00,0.3175060888152643
2018-05-06 19:42:00,0.2854331602010802
2018-05-06 19:45:00,0.23947896979376537
2018-05-06 19:48:00,0.16887968319070978
2018-05-06 19:51:00,0.3141529489213326
2018-05-06 19:54:00,0.26094857650411996
2018-05-06 19:57:00,0.3028619566558177
2018-05-06 20:00:00,0.3308595268123895
2018-05-06 20:03:00,0.33888730506674847
2018-05-06 20:06:00,0.3085786377668569
2018-05-06 20:09:00,0.18998059146088053
2018-05-06 20:12:00,0.2533966281369544
2018-05-06 20:15:00,0.25519132513369414
2018-05-06 20:18:00,0.13346907308618938
2018-05-06 20:21:00,0.260726309041047
2018-05-06 20:24:00,0.23557725223741954
2018-05-06 20:27:00,0.17308551777068715
2018-05-06 20:30:00,0.2952326881826366
2018-05-06 20:33:00,0.2706461965398148
2018-05-06 20:36:00,0.2207140829921741
2018-05-06 20:39:00,0.3050061182923969
2018-05-06 20:42:00,0.2657592468084431
2018-05-06 20:45:00,0.23362581439073438
2018-05-06 20:48:00,0.21884191925448704
2018-05-06 20:51:00,0.27780231838784175
2018-05-06 20:54:00,0.27816779431918803
2018-05-06 20:57:00,0.21000693126967462
2018-05-06 21:00:00,0.18654144013805762
2018-05-06 21:03:00,0.29058990230907966
2018-05-06 21:06:00,0.2833375740543147
2018-05-06 21:09:00,0.2837053183716307
2018-05-06 21:12:00,0.31335868000854816
2018-05-06 21:15:00,0.24449048697181297
2018-05-06 21:18:00,0.3612618034017032
2018-05-06 21:21:00,0.2829545563139959
2018-05-06 21:24:00,0.27024796776322546
2018-05-06 21:27:00,0.31696269597131277
2018-05-06 21:30:00,0.3014787902332614
2018-05-06 21:33:00,0.2448989536414956
2018-05-06 21:36:00,0.2387278131731705
2018-05-06 21:39:00,0.29673284696974633
2018-05-06 21:42:00,0.17824741724280102
2018-05-06 21:45:00,0.287392111699603
2018-05-06 21:48:00,0.24641121653615983
2018-05-06 21:51:00,0.2915350479713652
2018-05-06 21:54:00,0.30175785309194225
2018-05-06 21:57:00,0.2701800686042475
2018-05-06 22:00:00,0.24447404948875828
2018-05-06 22:03:00,0.28892454387437283
2018-05-06 22:06:00,0.30135109058045373
2018-05-06 22:09:00,0.2694739594542739
2018-05-06 22:12:00,0.19665115995343285
2018-05-06 22:15:00,0.2592861041821948
2018-05-06 22:18:00,0.23093694135593523
2018-05-06 22:21:00,0.28437800134867075
2018-05-06 22:24:00,0.3274157226878742
2018-05-06 22:27:00,0.3419738228709548
2018-05-06 22:30:00,0.1203462246915592
2018-05-06 22:33:00,0.34350392925745155
2018-05-06 22:36:00,0.3685099605341975
2018-05-06 22:39:00,0.33490219890558137
2018-05-06 22:42:00,0.41586215226641343
2018-05-06 22:45:00,0.263510560983093
2018-05-06 22:48:00,0.34679574411006797
2018-05-06 22:51:00,0.36480939537898394
2018-05-06 22:54:00,0.34260027048134134
2018-05-06 22:57:00,0.4037485822942699
2018-05-06 23:00:00,0.3288887812344683
2018-05-06 23:03:00,0.3284378021877501
2018-05-06 23:06:00,0.2885381671961227
2018-05-06 23:09:00,0.29111749907053763
2018-05-06 23:12:00,0.4081722475264087
2018-05-06 23:15:00,0.32734270737216775
2018-05-06 23:18:00,0.39634862210954225
2018-05-06 23:21:00,0.4194055350792496
2018-05-06 23:24:00,0.4357135008773412
2018-05-06 23:27:00,0.44270616300730126
2018-05-06 23:30:00,0.38693883296718923
2018-05-06 23:33:00,0.4038704982315835
2018-05-06 23:36:00,0.27487797037423434
2018-05-06 23:39:00,0.4176659120392401
2018-05-06 23:42:00,0.2960563395658937
2018-05-06 23:45:00,0.4173127980120057
2018-05-06 23:48:00,0.46420634886305834
2018-05-06 23:51:00,0.4796668180350707
2018-05-06 23:54:00,0.4152419307244486
2018-05-06 23:57:00,0.4639228860491471
2018-05-07 00:00:00,0.7389525827412626
2018-05-07 00:03:00,0.7449288283815463
2018-05-07 00:06:00,0.6702397819650514
2018-05-07 00:09:00,0.7658074528683869
2018-05-07 00:12:00,0.7692796525585095
2018-05-07 00:15:00,0.7200197798226213
2018-05-07 00:18:00,0.5842170549784669
2018-05-07 00:21:00,0.56060976076418
2018-05-07 00:24:00,0.5966271369491665
2018-05-07 00:27:00,0.6023554949088066
2018-05-07 00:30:00,0.6205908411906762
2018-05-07 00:33:00,0.48231603886785024
2018-05-07 00:36:00,0.46917662689457984
2018-05-07 00:39:00,0.500015733790633
2018-05-07 00:42:00,0.5199445078832241
2018-05-07 00:45:00,0.5310432876618165
2018-05-07 00:48:00,0.579500548290639
2018-05-07 00:51:00,0.542903993597804
2018-05-07 00:54:00,0.55036157475746
2018-05-07 00:57:00,0.48296561022362994
2018-05-07 01:00:00,0.489817487793232
2018-05-07 01:03:00,0.5696196333413468
2018-05-07 01:06:00,0.5580464190132943
2018-05-07 01:09:00,0.5364561029821857
2018-05-07 01:12:00,0.5890903171898572
2018-05-07 01:15:00,0.5676877166976624
2018-05-07 01:18:00,0.46755843939735087
2018-05-07 01:21:00,0.578049107290326
2018-05-07 01:24:00,0.5853654672303037
2018-05-07 01:27:00,0.5697833953932445
2018-05-07 01:30:00,0.60609494094615
2018-05-07 01:33:00,0.5514647657563501
2018-05-07 01:36:00,0.7325457953148771
2018-05-07 01:39:00,0.6363213543638722
2018-05-07 01:42:00,0.6242632111502076
2018-05-07 01:45:00,0.6051032683096196
2018-05-07 01:48:00,0.7108791468851905
2018-05-07 01:51:00,0.6962016435474538
2018-05-07 01:54:00,0.7171035207975365
2018-05-07 01:57:00,0.6978435498626254
2018-05-07 02:00:00,0.7246073922983669
2018-05-07 02:03:00,0.7632161205681882
2018-05-07 02:06:00,0.7863372437182079
2018-05-07 02:09:00,0.6439489586452964
2018-05-07 02:12:00,0.5920272512872202
2018-05-07 02:15:00,0.6188313819284303
2018-05-07 02:18:00,0.7036086967950155
2018-05-07 02:21:00,0.626425645737072
2018-05-07 02:24:00,0.567322608075699
2018-05-07 02:27:00,0.5669637526171414
2018-05-07 02:30:00,0.5927497152658816
2018-05-07 02:33:00,0.5585098311548222
2018-05-07 02:36:00,0.6560085560154789
2018-05-07 02:39:00,0.6440116398415512
2018-05-07 02:42:00,0.5890942912089372
2018-05-07 02:45:00,0.6006335857307477
2018-05-07 02:48:00,0.5019343930114815
2018-05-07 02:51:00,0.5967270687785344
2018-05-07 02:54:00,0.5249218058868337
2018-05-07 02:57:00,0.5828992417551149
2018-05-07 03:00:00,0.5132803568083659
2018-05-07 03:03:00,0.5998588606379371
2018-05-07 03:06:00,0.5376586662827663
2018-05-07 03:09:00,0.48666638015964736
2018-05-07 03:12:00,0.5046356186028902
2018-05-07 03:15:00,0.5530112031687509
2018-05-07 03:18:00,0.4270897633182926
2018-05-07 03:21:00,0.44967049694008665
2018-05-07 03:24:00,0.4428722494386079
2018-05-07 03:27:00,0.4729920862602057
2018-05-07 03:30:00,0.42159152388325083
2018-05-07 03:33:00,0.5018055203337894
2018-05-07 03:36:00,0.4784018141641013
2018-05-07 03:39:00,0.4829983905408426
2018-05-07 03:42:00,0.48921683052083154
2018-05-07 03:45:00,0.42476698951941216
2018-05-07 03:48:00,0.5352901977062174
2018-05-07 03:51:00,0.5362390806640178
2018-05-07 03:54:00,0.5859966940446384
2018-05-07 03:57:00,0.5088907319223495
2018-05-07 04:00:00,0.4970091551157907
2018-05-07 04:03:00,0.5991531604653915
2018-05-07 04:06:00,0.6041953914054261
2018-05-07 04:09:00,0.6093321153970237
2018-05-07 04:12:00,0.580151366292398
2018-05-07 04:15:00,0.6816298472046469
2018-05-07 04:18:00,0.5797979012804149
2018-05-07 04:21:00,0.6074182136973718
2018-05-07 04:24:00,0.6458035360888061
2018-05-07 04:27:00,0.6077471147239635
2018-05-07 04:30:00,0.6265460451381841
2018-05-07 04:33:00,0.670124158149747
2018-05-07 04:36:00,0.790243090168417
2018-05-07 04:39:00,0.6673226585332941
2018-05-07 04:42:00,0.6094793204456437
2018-05-07 04:45:00,0.6691892057661448
2018-05-07 04:48:00,0.5642497361220649
2018-05-07 04:51:00,0.585320797645636
2018-05-07 04:54:00,0.6054910607495003
2018-05-07 04:57:00,0.48176173152484125
2018-05-07 05:00:00,0.6658739517421282
2018-05-07 05:03:00,0.560727844538178
2018-05-07 05:06:00,0.5580312686771549
2018-05-07 05:09:00,0.6088229658383852
2018-05-07 05:12:00,0.6382751443049415
2018-05-07 05:15:00,0.5987309806637313
2018-05-07 05:18:00,0.708896707447991
2018-05-07 05:21:00,0.7200004524033261
2018-05-07 05:24:00,0.6846853719156343
2018-05-07 05:27:00,0.6669428694690964
2018-05-07 05:30:00,0.6424073786910753
2018-05-07 05:33:00,0.577231534507689
2018-05-07 05:36:00,0.6128913137482073
2018-05-07 05:39:00,0.6598209751524564
2018-05-07 05:42:00,0.6978562304202001
2018-05-07 05:45:00,0.6186973781635174
2018-05-07 05:48:00,0.5970003959293422
2018-05-07 05:51:00,0.6498624720231305
2018-05-07 05:54:00,0.5183292080620276
2018-05-07 05:57:00,0.5221346720168754
2018-05-07 06:00:00,0.5453693472626924
2018-05-07 06:03:00,0.5774458575818358
2018-05-07 06:06:00,0.5582905568036267
2018-05-07 06:09:00,0.512155234353429
2018-05-07 06:12:00,0.6703520841994646
2018-05-07 06:15:00,0.5391406844362905
2018-05-07 06:18:00,0.523322919142629
2018-05-07 06:21:00,0.4845124419729814
2018-05-07 06:24:00,0.5206336084698933
2018-05-07 06:27:00,0.43808545390908193
2018-05-07 06:30:00,0.5214482282920585
2018-05-07 06:33:00,0.47062607480927454
2018-05-07 06:36:00,0.448615348536066
2018-05-07 06:39:00,0.5457269769651134
2018-05-07 06:42:00,0.4822655969410903
2018-05-07 06:45:00,0.522324911003011
2018-05-07 06:48:00,0.4743168878341635
2018-05-07 06:51:00,0.4835803275820467
2018-05-07 06:54:00,0.47559147576794203
2018-05-07 06:57:00,0.47807738346574524
2018-05-07 07:00:00,0.5044302902347226
2018-05-07 07:03:00,0.4687975308519867
2018-05-07 07:06:00,0.5016819143471025
2018-05-07 07:09:00,0.5751103095904568
2018-05-07 07:12:00,0.42767403259239245
2018-05-07 07:15:00,0.4846302965561904
2018-05-07 07:18:00,0.4603046457141886
2018-05-07 07:21:00,0.37547292356708795
2018-05-07 07:24:00,0.44812897925760353
2018-05-07 07:27:00,0.4110820781548341
2018-05-07 07:30:00,0.516499566498112
2018-05-07 07:33:00,0.5009937529018771
2018-05-07 07:36:00,0.4094601248512504
2018-05-07 07:39:00,0.5596123061928324
2018-05-07 07:42:00,0.4612447423890558
2018-05-07 07:45:00,0.4369259472847489
2018-05-07 07:48:00,0.8539016250166469
2018-05-07 07:51:00,0.5911022157628736
2018-05-07 07:54:00,0.49708837640230286
2018-05-07 07:57:00,0.5198621087928927
2018-05-07 08:00:00,0.4760793146566584
2018-05-07 08:03:00,0.442467777664433
2018-05-07 08:06:00,0.478178577268352
2018-05-07 08:09:00,0.48208017742268794
2018-05-07 08:12:00,0.4415748809409479
2018-05-07 08:15:00,0.4438983384312678
2018-05-07 08:18:00,0.5399478691483068
2018-05-07 08:21:00,0.5421826344229999
2018-05-07 08:24:00,0.4338889482188506
2018-05-07 08:27:00,0.4453635658142048
2018-05-07 08:30:00,0.4030042317591551
2018-05-07 08:33:00,0.40791816150527893
2018-05-07 08:36:00,0.377083298095954
2018-05-07 08:39:00,0.4353360596103357
2018-05-07 08:42:00,0.3842640162803832
2018-05-07 08:45:00,0.43779088266302324
2018-05-07 08:48:00,0.388403450460828
2018-05-07 08:51:00,0.438951809069863
2018-05-07 08:54:00,0.39731955916681727
2018-05-07 08:57:00,0.38449522276528114
2018-05-07 09:00:00,0.5367014723079251
2018-05-07 09:03:00,0.49906819821171666
2018-05-07 09:06:00,0.37978485295275277
2018-05-07 09:09:00,0.46731108485704453
2018-05-07 09:12:00,0.49840357201861707
2018-05-07 09:15:00,0.5159559670698286
2018-05-07 09:18:00,0.5426570209231727
2018-05-07 09:21:00,0.6681765629236338
2018-05-07 09:24:00,0.4749704792869238
2018-05-07 09:27:00,0.4722318517817712
2018-05-07 09:30:00,0.4504900919893089
2018-05-07 09:33:00,0.3996479270142572
2018-05-07 09:36:00,0.4951666051558732
2018-05-07 09:39:00,0.44590265776702154
2018-05-07 09:42:00,0.40856790538157384
2018-05-07 09:45:00,0.32182546238652776
2018-05-07 09:48:00,0.45713372798343244
2018-05-07 09:51:00,0.38306278085241274
2018-05-07 09:54:00,0.3314092129421624
2018-05-07 09:57:00,0.41043033099839477
2018-05-07 10:00:00,0.42140835620341477
2018-05-07 10:03:00,0.3094531295448064
2018-05-07 10:06:00,0.40458847268064346
2018-05-07 10:09:00,
2018-05-07 10:12:00,-0.11535641445249212
2018-05-07 10:15:00,0.43945761761960966
2018-05-07 10:18:00,0.47464431671164675
2018-05-07 10:21:00,0.3939991495670938
2018-05-07 10:24:00,0.5361262091752224
2018-05-07 10:27:00,0.38004993372987883
2018-05-07 10:30:00,0.25417629926357677
2018-05-07 10:33:00,0.20494456502933645
2018-05-07 10:36:00,0.2874190081455481
2018-05-07 10:39:00,0.2959755147725218
2018-05-07 10:42:00,0.2553308155336822
2018-05-07 10:45:00,0.30190773702179285
2018-05-07 10:48:00,0.2678986697283676
2018-05-07 10:51:00,0.13741640295131674
2018-05-07 10:54:00,0.26048027770730187
2018-05-07 10:57:00,0.17527209001929123
2018-05-07 11:00:00,0.22586869447872004
2018-05-07 11:03:00,0.3389048059102606
2018-05-07 11:06:00,0.3169531521183444
2018-05-07 11:09:00,0.2808328013277901
2018-05-07 11:12:00,0.301933111166818
2018-05-07 11:15:00,0.2145430822564549
2018-05-07 11:18:00,0.18395445614777373
2018-05-07 11:21:00,0.21768163542219554
2018-05-07 11:24:00,0.18711422079604745
2018-05-07 11:27:00,0.21773435909994987
2018-05-07 11:30:00,0.2547045351840893
2018-05-07 11:33:00,0.2951615116659241
2018-05-07 11:36:00,0.2645324549041561
2018-05-07 11:39:00,0.24151462636041288
2018-05-07 11:42:00,0.23612041415441354
2018-05-07 11:45:00,0.26782589171006066
2018-05-07 11:48:00,0.13905114738162183
2018-05-07 11:51:00,0.22614255509250825
2018-05-07 11:54:00,0.3278668512674585
2018-05-07 11:57:00,0.32493743992773716
2018-05-07 12:00:00,0.2615161372833654
2018-05-07 12:03:00,0.27005964985954733
2018-05-07 12:06:00,0.2480939411387908
2018-05-07 12:09:00,0.2402402617880739
2018-05-07 12:12:00,0.3176457556192531
2018-05-07 12:15:00,0.23698905828723582
2018-05-07 12:18:00,0.29654165475062655
2018-05-07 12:21:00,0.2214660046391259
2018-05-07 12:24:00,0.22065135393359014
2018-05-07 12:27:00,0.3057139671967093
2018-05-07 12:30:00,0.3662319923374753
2018-05-07 12:33:00,0.20626200862960786
2018-05-07 12:36:00,0.2941558885637505
2018-05-07 12:39:00,0.2593668552073609
2018-05-07 12:42:00,0.343560847607705
2018-05-07 12:45:00,0.2655276684267278
2018-05-07 12:48:00,0.1935683534790087
2018-05-07 12:51:00,0.21165789088831843
2018-05-07 12:54:00,0.22544649382280113
2018-05-07 12:57:00,0.22906149300740708
2018-05-07 13:00:00,0.30832965297236115
2018-05-07 13:03:00,0.26559747500823505
2018-05-07 13:06:00,0.26598907999493804
2018-05-07 13:09:00,0.31223138049261934
2018-05-07 13:12:00,0.1558885107854735
2018-05-07 13:15:00,0.2531722558369438
2018-05-07 13:18:00,0.22619197802629287
2018-05-07 13:21:00,0.17592569008246528
2018-05-07 13:24:00,0.2610187584610344
2018-05-07 13:27:00,0.172949769110744
2018-05-07 13:30:00,0.18381955398348282
2018-05-07 13:33:00,0.3237378051387054
2018-05-07 13:36:00,0.20065866080670958
2018-05-07 13:39:00,0.26299761563859647
2018-05-07 13:42:00,0.2509259096208325
2018-05-07 13:45:00,0.18655941883156402
2018-05-07 13:48:00,0.3421537821045604
2018-05-07 13:51:00,0.2903713873877791
2018-05-07 13:54:00,0.26759487734148024
2018-05-07 13:57:00,0.2768851985139804
2018-05-07 14:00:00,0.2958401226392766
2018-05-07 14:03:00,0.15347299822229843
2018-05-07 14:06:00,0.1339351277860601
2018-05-07 14:09:00,0.11449391137978182
2018-05-07 14:12:00,0.1479383334383897
2018-05-07 14:15:00,0.12821967292467207
2018-05-07 14:18:00,0.07624439921403336
2018-05-07 14:21:00,0.11214572325997096
2018-05-07 14:24:00,0.13147366980456354
2018-05-07 14:27:00,0.054329287462905995
2018-05-07 14:30:00,-0.005567820857436345
2018-05-07 14:33:00,0.07637102744257618
2018-05-07 14:36:00,0.03906283508524666
2018-05-07 14:39:00,-0.036352713967801265
2018-05-07 14:42:00,0.12334057292537182
2018-05-07 14:45:00,-0.08615099314442887
2018-05-07 14:48:00,-0.00962105782451772
2018-05-07 14:51:00,0.04263724611826092
2018-05-07 14:54:00,0.0330744941166472
2018-05-07 14:57:00,0.011411778394915473
2018-05-07 15:00:00,0.06556926472086388
2018-05-07 15:03:00,-0.007261226273271859
2018-05-07 15:06:00,-0.1721038771675012
2018-05-07 15:09:00,-0.035510931446083305
2018-05-07 15:12:00,-0.08987112780306461
2018-05-07 15:15:00,-0.07754689205739851
2018-05-07 15:18:00,-0.18948547273362237
2018-05-07 15:21:00,-0.11735680562048856
2018-05-07 15:24:00,-0.09433850715799963
2018-05-07 15:27:00,-0.15690612840330687
2018-05-07 15:30:00,-0.19611266535741834
2018-05-07 15:33:00,-0.05586300405337852
2018-05-07 15:36:00,0.005334558910817577
2018-05-07 15:39:00,-0.040459437206322946
2018-05-07 15:42:00,0.01845636895473035
2018-05-07 15:45:00,-0.0274796774576771
2018-05-07 15:48:00,0.11737626651103028
2018-05-07 15:51:00,-0.010899666249486017
2018-05-07 15:54:00,0.026397811525555426
2018-05-07 15:57:00,0.07576647062018083
2018-05-07 16:00:00,0.10979340262929327
2018-05-07 16:03:00,0.126109986578399
2018-05-07 16:06:00,0.16077996083339485
2018-05-07 16:09:00,0.19295389712789301
2018-05-07 16:12:00,0.32885409926831244
2018-05-07 16:15:00,0.36785182877099487
2018-05-07 16:18:00,0.44098553661370943
2018-05-07 16:21:00,0.4744408368001132
2018-05-07 16:24:00,0.44996718292662763
2018-05-07 16:27:00,0.4509254991829721
2018-05-07 16:30:00,0.4805677591951394
2018-05-07 16:33:00,0.3887005403738044
2018-05-07 16:36:00,0.4070207335479381
2018-05-07 16:39:00,0.36160233345600545
2018-05-07 16:42:00,0.19193150985762486
2018-05-07 16:45:00,0.20283806730691367
2018-05-07 16:48:00,0.31765986851024763
2018-05-07 16:51:00,0.4041198593535569
2018-05-07 16:54:00,0.30598500793723815
2018-05-07 16:57:00,0.4543146418423021
2018-05-07 17:00:00,0.47509002663304045
2018-05-07 17:03:00,0.6145554510902116
2018-05-07 17:06:00,0.589007462164318
2018-05-07 17:09:00,0.6032919841292141
2018-05-07 17:12:00,0.641939182436829
2018-05-07 17:15:00,0.6201121279202084
2018-05-07 17:18:00,0.7174548943153809
2018-05-07 17:21:00,0.6190265014926695
2018-05-07 17:24:00,0.5442362285748459
2018-05-07 17:27:00,0.5394185281625141
2018-05-07 17:30:00,0.5575945182802116
2018-05-07 17:33:00,0.436173884160894
2018-05-07 17:36:00,0.35718422983649134
2018-05-07 17:39:00,0.29224478846185775
2018-05-07 17:42:00,0.4154926386399893
2018-05-07 17:45:00,0.34486938177496995
2018-05-07 17:48:00,0.3473651849244561
2018-05-07 17:51:00,0.40775852393056766
2018-05-07 17:54:00,0.3542226834865687
2018-05-07 17:57:00,0.22982723257888438
2018-05-07 18:00:00,0.2341229019232287
2018-05-07 18:03:00,0.2516116041476266
2018-05-07 18:06:00,0.29031333527910874
2018-05-07 18:09:00,0.3318805503858471
2018-05-07 18:12:00,0.219683156508097
2018-05-07 18:15:00,0.30126840514873265
2018-05-07 18:18:00,0.2747741799564096
2018-05-07 18:21:00,0.3680854699622955
2018-05-07 18:24:00,0.39182541484365174
2018-05-07 18:27:00,0.3465305808318817
2018-05-07 18:30:00,0.35350180862127445
2018-05-07 18:33:00,0.3402597582130511
2018-05-07 18:36:00,0.4331640109703585
2018-05-07 18:39:00,0.4517958065001153
2018-05-07 18:42:00,0.5447372569375943
2018-05-07 18:45:00,0.5810162190505253
2018-05-07 18:48:00,0.46859632690308217
2018-05-07 18:51:00,
2018-05-07 18:54:00,
2018-05-07 18:57:00,
2018-05-07 19:00:00,
2018-05-07 19:03:00,0.45004754423894155
2018-05-07 19:06:00,0.4018513208911827
2018-05-07 19:09:00,0.3677204425300715
2018-05-07 19:12:00,0.4627035336706058
2018-05-07 19:15:00,0.43252138584927025
2018-05-07 19:18:00,0.4071525822799913
2018-05-07 19:21:00,0.4623872550594683
2018-05-07 19:24:00,0.43869390609029324
2018-05-07 19:27:00,0.3442728845069496
2018-05-07 19:30:00,0.3706095707694885
2018-05-07 19:33:00,0.3182447895637779
2018-05-07 19:36:00,0.37695625762734153
2018-05-07 19:39:00,0.40369853843350256
2018-05-07 19:42:00,0.34169148579269404
2018-05-07 19:45:00,0.3513834713006645
2018-05-07 19:48:00,0.36075456806554485
2018-05-07 19:51:00,0.3845816867526537
2018-05-07 19:54:00,0.3545662941282899
2018-05-07 19:57:00,0.445213852639597
2018-05-07 20:00:00,0.26552556762271706
2018-05-07 20:03:00,0.4412830265904404
2018-05-07 20:06:00,0.4003776292055363
2018-05-07 20:09:00,0.3014979725098783
2018-05-07 20:12:00,0.33559023824676615
2018-05-07 20:15:00,0.2790489489962056
2018-05-07 20:18:00,0.3511004544175762
2018-05-07 20:21:00,0.4014509989780777
2018-05-07 20:24:00,0.44212003941430567
2018-05-07 20:27:00,0.3554931409020128
2018-05-07 20:30:00,0.46354511154987676
2018-05-07 20:33:00,0.338585064957158
2018-05-07 20:36:00,0.3686395488456924
2018-05-07 20:39:00,0.31324081734959464
2018-05-07 20:42:00,0.3472486646944617
2018-05-07 20:45:00,0.3742909069119946
2018-05-07 20:48:00,0.3255943863385937
2018-05-07 20:51:00,0.38149140447711716
2018-05-07 20:54:00,0.37490481880467996
2018-05-07 20:57:00,0.30482653395364423
2018-05-07 21:00:00,0.3554475133276469
2018-05-07 21:03:00,0.40843610770991745
2018-05-07 21:06:00,0.4675571515431898
2018-05-07 21:09:00,0.4591498693750964
2018-05-07 21:12:00,0.48207621236872455
2018-05-07 21:15:00,0.4349291409529883
2018-05-07 21:18:00,0.3575633463817667
2018-05-07 21:21:00,0.41420450742373305
2018-05-07 21:24:00,0.41530359565769004
2018-05-07 21:27:00,0.3933064737645964
2018-05-07 21:30:00,0.42909259882276274
2018-05-07 21:33:00,0.3537791625089426
2018-05-07 21:36:00,0.4176586142029919
2018-05-07 21:39:00,0.3994157350734895
2018-05-07 21:42:00,0.40819158413887635
2018-05-07 21:45:00,0.4099761659840624
2018-05-07 21:48:00,0.3979366818206813
2018-05-07 21:51:00,0.37474442145878584
2018-05-07 21:54:00,0.37163630121409597
2018-05-07 21:57:00,0.34351549184867736
2018-05-07 22:00:00,0.28813252601946715
2018-05-07 22:03:00,0.34791344256655066
2018-05-07 22:06:00,0.29172402869534153
2018-05-07 22:09:00,0.39488019837261845
2018-05-07 22:12:00,0.39568299508090377
2018-05-07 22:15:00,0.3781034393170444
2018-05-07 22:18:00,0.3481353028588501
2018-05-07 22:21:00,0.46028496861038093
2018-05-07 22:24:00,0.4487290476802741
2018-05-07 22:27:00,0.36622753811752773
2018-05-07 22:30:00,0.42971519639985445
2018-05-07 22:33:00,0.3842855051572087
2018-05-07 22:36:00,0.36122863198312416
2018-05-07 22:39:00,0.36734505674462525
2018-05-07 22:42:00,0.35908617133850385
2018-05-07 22:45:00,0.4637884747300518
2018-05-07 22:48:00,0.37150223512873026
2018-05-07 22:51:00,0.3968785085583022
2018-05-07 22:54:00,0.47310491508528685
2018-05-07 22:57:00,0.363013586943282
2018-05-07 23:00:00,0.4074475787355709
2018-05-07 23:03:00,0.3723002949167835
2018-05-07 23:06:00,0.30403803016548636
2018-05-07 23:09:00,0.42714470599798915
2018-05-07 23:12:00,0.4960887713944544
2018-05-07 23:15:00,0.476640183658958
2018-05-07 23:18:00,0.48005407014602497
2018-05-07 23:21:00,0.5408437139776083
2018-05-07 23:24:00,0.6506624167828363
2018-05-07 23:27:00,0.6184626270390936
2018-05-07 23:30:00,0.5634646981658307
2018-05-07 23:33:00,0.6799392776310924
2018-05-07 23:36:00,0.5182763579815628
2018-05-07 23:39:00,0.4494196085021258
2018-05-07 23:42:00,0.43965911069471986
2018-05-07 23:45:00,0.45150231256036477
2018-05-07 23:48:00,0.34673738535894927
2018-05-07 23:51:00,0.3765685762708131
2018-05-07 23:54:00,0.4393379705077791
2018-05-07 23:57:00,0.37630894118007063
2018-05-08 00:00:00,0.4058111664338071
2018-05-08 00:03:00,0.37687350418792676
2018-05-08 00:06:00,0.4668895164451783
2018-05-08 00:09:00,0.4448388207314906
2018-05-08 00:12:00,0.4306748337785393
2018-05-08 00:15:00,0.3834889513138364
2018-05-08 00:18:00,0.32199774122028657
2018-05-08 00:21:00,0.3720222418427852
2018-05-08 00:24:00,0.39009912807375713
2018-05-08 00:27:00,0.3711435672802281
2018-05-08 00:30:00,0.38964976991763933
2018-05-08 00:33:00,0.37700788742779423
2018-05-08 00:36:00,0.3775764118699385
2018-05-08 00:39:00,0.3884951917451076
2018-05-08 00:42:00,0.4608606848115073
2018-05-08 00:45:00,0.40088116947293884
2018-05-08 00:48:00,0.4488090440453334
2018-05-08 00:51:00,0.21612571371434797
2018-05-08 00:54:00,0.4268013360054965
2018-05-08 00:57:00,0.3845211206643171
2018-05-08 01:00:00,0.31681458773698523
2018-05-08 01:03:00,0.3748172412515487
2018-05-08 01:06:00,0.31168284282773584
2018-05-08 01:09:00,0.2565037864931128
2018-05-08 01:12:00,0.3920175672647588
2018-05-08 01:15:00,0.3729053858893394
2018-05-08 01:18:00,0.4583359398166067
2018-05-08 01:21:00,0.4862655479678324
2018-05-08 01:24:00,0.4296789441700639
2018-05-08 01:27:00,0.5011511700291749
2018-05-08 01:30:00,0.43960370330387377
2018-05-08 01:33:00,0.4371918706162887
2018-05-08 01:36:00,0.447682231887768
2018-05-08 01:39:00,0.48053254522307043
2018-05-08 01:42:00,0.44926328407831306
2018-05-08 01:45:00,0.5302196146109281
2018-05-08 01:48:00,0.5607560397224347
2018-05-08 01:51:00,0.44332306096413276
2018-05-08 01:54:00,0.6050246039059175
2018-05-08 01:57:00,0.5320910189793722
2018-05-08 02:00:00,0.4229831799482895
2018-05-08 02:03:00,0.5606485121592755
2018-05-08 02:06:00,0.5324855199365857
2018-05-08 02:09:00,0.4673527390479535
2018-05-08 02:12:00,0.5263852154536721
2018-05-08 02:15:00,0.46267122526211324
2018-05-08 02:18:00,0.5018036249147713
2018-05-08 02:21:00,0.40879970573553237
2018-05-08 02:24:00,0.54988427360081
2018-05-08 02:27:00,0.4495051447000833
2018-05-08 02:30:00,0.5332206622645117
2018-05-08 02:33:00,0.5014161301565423
2018-05-08 02:36:00,0.5101282662670883
2018-05-08 02:39:00,0.44000396904664285
2018-05-08 02:42:00,0.5168847941665717
2018-05-08 02:45:00,0.5156244033756252
2018-05-08 02:48:00,0.406972321632054
2018-05-08 02:51:00,0.4740712122240893
2018-05-08 02:54:00,0.5188317409987349
2018-05-08 02:57:00,0.525092526949436
2018-05-08 03:00:00,0.5171805974341055
2018-05-08 03:03:00,0.5432944756516349
2018-05-08 03:06:00,0.4836399232717099
2018-05-08 03:09:00,0.46724057673066
2018-05-08 03:12:00,0.4736220079199711
2018-05-08 03:15:00,0.5619694150703367
2018-05-08 03:18:00,0.4614703262241733
2018-05-08 03:21:00,0.5194505380190435
2018-05-08 03:24:00,0.5109756666017233
2018-05-08 03:27:00,0.4122534366875925
2018-05-08 03:30:00,0.5186341297597323
2018-05-08 03:33:00,0.5538626648450418
2018-05-08 03:36:00,0.5465545899207314
2018-05-08 03:39:00,0.5458242571071992
2018-05-08 03:42:00,0.5819349963175
2018-05-08 03:45:00,0.5240620379102552
2018-05-08 03:48:00,0.44613661862251774
2018-05-08 03:51:00,0.5533395920978705
2018-05-08 03:54:00,0.5422444757557514
2018-05-08 03:57:00,0.46756564927636646
2018-05-08 04:00:00,0.5201436589259743
2018-05-08 04:03:00,0.4397300179932131
2018-05-08 04:06:00,0.5127352972797325
2018-05-08 04:09:00,0.4528188548019898
2018-05-08 04:12:00,0.3484264151675802
2018-05-08 04:15:00,0.42638299745578934
2018-05-08 04:18:00,0.40815775354184325
2018-05-08 04:21:00,0.4769217865433575
2018-05-08 04:24:00,0.40224109963099863
2018-05-08 04:27:00,0.558990979525106
2018-05-08 04:30:00,0.48670537803980096
2018-05-08 04:33:00,0.4706267137812006
2018-05-08 04:36:00,0.5183011744941837
2018-05-08 04:39:00,0.49553575111872306
2018-05-08 04:42:00,0.5051694260846489
2018-05-08 04:45:00,0.45233159388504873
2018-05-08 04:48:00,0.4255930550791618
2018-05-08 04:51:00,0.4060199585344435
2018-05-08 04:54:00,0.4114320192372247
2018-05-08 04:57:00,0.5328392511215156
2018-05-08 05:00:00,0.49744966994296647
2018-05-08 05:03:00,0.5993974688209391
2018-05-08 05:06:00,0.510252039114448
2018-05-08 05:09:00,0.5699162614433249
2018-05-08 05:12:00,0.5196551817035697
2018-05-08 05:15:00,0.553888094718161
2018-05-08 05:18:00,0.7325022656744977
2018-05-08 05:21:00,0.6813376505929796
2018-05-08 05:24:00,0.7400998495716635
2018-05-08 05:27:00,0.5870743598954391
2018-05-08 05:30:00,0.5050364877146194
2018-05-08 05:33:00,0.5265231805823305
2018-05-08 05:36:00,0.6076697063371057
2018-05-08 05:39:00,0.6360485854551143
2018-05-08 05:42:00,0.6727456185683991
2018-05-08 05:45:00,0.6208471322916012
2018-05-08 05:48:00,0.5954832844280986
2018-05-08 05:51:00,0.6054888179186264
2018-05-08 05:54:00,0.621796814970935
2018-05-08 05:57:00,0.605072292312741
2018-05-08 06:00:00,0.5981176878452175
2018-05-08 06:03:00,0.5564255751227165
2018-05-08 06:06:00,0.657634456476103
2018-05-08 06:09:00,0.6548056530317012
2018-05-08 06:12:00,0.7029586605543159
2018-05-08 06:15:00,0.6748370976889078
2018-05-08 06:18:00,0.7471133171738416
2018-05-08 06:21:00,0.6945988950877791
2018-05-08 06:24:00,0.6947547268790686
2018-05-08 06:27:00,0.7351242165995018
2018-05-08 06:30:00,0.7137729378800373
2018-05-08 06:33:00,0.6938341731079163
2018-05-08 06:36:00,0.6174242620842278
2018-05-08 06:39:00,0.5601539452956104
2018-05-08 06:42:00,0.6115918018273305
2018-05-08 06:45:00,0.5249756426531462
2018-05-08 06:48:00,0.6008794775941055
2018-05-08 06:51:00,0.5703909661768307
2018-05-08 06:54:00,0.5912456470742882
2018-05-08 06:57:00,0.4614753879419027
2018-05-08 07:00:00,0.4950967082846205
2018-05-08 07:03:00,0.5323253399980103
2018-05-08 07:06:00,0.46625692726865964
2018-05-08 07:09:00,0.4200304107592956
2018-05-08 07:12:00,0.48116314239706526
2018-05-08 07:15:00,0.5630285466235136
2018-05-08 07:18:00,0.5251082309309822
2018-05-08 07:21:00,0.5693516425160965
2018-05-08 07:24:00,0.5772881246779207
2018-05-08 07:27:00,0.6136429381731432
2018-05-08 07:30:00,0.6228306802761381
2018-05-08 07:33:00,0.6350966472554092
2018-05-08 07:36:00,0.6294135203542055
2018-05-08 07:39:00,0.5443831343006309
2018-05-08 07:42:00,0.6670159558726141
2018-05-08 07:45:00,0.6799077631275168
2018-05-08 07:48:00,0.6805374813940261
2018-05-08 07:51:00,0.6028949677510695
2018-05-08 07:54:00,0.6439275036501613
2018-05-08 07:57:00,0.7002100782756884
2018-05-08 08:00:00,0.7973391569577757
2018-05-08 08:03:00,0.6248331149328692
2018-05-08 08:06:00,0.6901185935184344
2018-05-08 08:09:00,0.6476191262685234
2018-05-08 08:12:00,0.5918176002863902
2018-05-08 08:15:00,0.5989945682583198
2018-05-08 08:18:00,0.699304824426406
2018-05-08 08:21:00,0.6271395556439643
2018-05-08 08:24:00,0.6447116775142376
2018-05-08 08:27:00,0.6460656009966215
2018-05-08 08:30:00,0.6422566363372653
2018-05-08 08:33:00,0.6746926857043718
2018-05-08 08:36:00,0.6467615763282879
2018-05-08 08:39:00,0.5021653048511325
2018-05-08 08:42:00,0.7638861265907053
2018-05-08 08:45:00,0.6828923172790837
2018-05-08 08:48:00,0.6147498396845208
2018-05-08 08:51:00,0.5823346995119891
2018-05-08 08:54:00,0.5478236500040907
2018-05-08 08:57:00,0.6094314411812434
2018-05-08 09:00:00,0.548907236253342
2018-05-08 09:03:00,0.6427794087741177
2018-05-08 09:06:00,0.6056251452587844
2018-05-08 09:09:00,0.607124442630095
2018-05-08 09:12:00,0.6350435710489819
2018-05-08 09:15:00,0.5807956719581284
2018-05-08 09:18:00,0.5241795955312796
2018-05-08 09:21:00,0.5325495436717347
2018-05-08 09:24:00,0.5235295924160255
2018-05-08 09:27:00,0.4772670487202504
2018-05-08 09:30:00,0.637057916183835
2018-05-08 09:33:00,0.5988353354242122
2018-05-08 09:36:00,0.4818971915960333
2018-05-08 09:39:00,0.47480648886426025
2018-05-08 09:42:00,0.5544254365128154
2018-05-08 09:45:00,0.6222761752746351
2018-05-08 09:48:00,0.5544055210020815
2018-05-08 09:51:00,0.477981631595469
2018-05-08 09:54:00,0.5827253822426428
2018-05-08 09:57:00,0.5582851182157356
2018-05-08 10:00:00,0.5311450078185658
2018-05-08 10:03:00,0.5427564845896882
2018-05-08 10:06:00,0.5621616472616324
2018-05-08 10:09:00,0.40148709881566447
2018-05-08 10:12:00,0.531846332994462
2018-05-08 10:15:00,0.5398304042367954
2018-05-08 10:18:00,0.4816222419320866
2018-05-08 10:21:00,0.5291189032294028
2018-05-08 10:24:00,0.497302007897531
2018-05-08 10:27:00,0.42963396912540475
2018-05-08 10:30:00,0.5253028059388498
2018-05-08 10:33:00,0.5411849911211561
2018-05-08 10:36:00,0.5069920199085232
2018-05-08 10:39:00,0.5409129845445477
2018-05-08 10:42:00,0.43149746447033976
2018-05-08 10:45:00,0.5747930784974642
2018-05-08 10:48:00,0.548160550314833
2018-05-08 10:51:00,0.4182642774245551
2018-05-08 10:54:00,0.44965013672788245
2018-05-08 10:57:00,0.5319301672447523
2018-05-08 11:00:00,0.471363202425664
2018-05-08 11:03:00,0.5680552542979171
2018-05-08 11:06:00,0.4466918759701457
2018-05-08 11:09:00,0.5307148639132606
2018-05-08 11:12:00,0.5321285849686319
2018-05-08 11:15:00,0.5357185091430665
2018-05-08 11:18:00,0.5567993361898402
2018-05-08 11:21:00,0.4389256804969932
2018-05-08 11:24:00,0.5590729533691956
2018-05-08 11:27:00,0.44185619894449246
2018-05-08 11:30:00,0.4827334275025237
2018-05-08 11:33:00,0.4766910894285843
2018-05-08 11:36:00,0.3728712460735437
2018-05-08 11:39:00,0.43203693644898067
2018-05-08 11:42:00,0.46295689825836916
2018-05-08 11:45:00,0.5213414745077216
2018-05-08 11:48:00,0.5374734566516395
2018-05-08 11:51:00,0.47006205682617974
2018-05-08 11:54:00,0.4349665907630538
2018-05-08 11:57:00,0.4282648174078645
2018-05-08 12:00:00,0.36755858941029373
2018-05-08 12:03:00,0.3177338615048484
2018-05-08 12:06:00,0.37541836473747026
2018-05-08 12:09:00,0.3149901386821625
2018-05-08 12:12:00,0.41098474791789386
2018-05-08 12:15:00,0.3561742497357159
2018-05-08 12:18:00,0.34544940051250705
2018-05-08 12:21:00,0.448809668893432
2018-05-08 12:24:00,0.44053941610030734
2018-05-08 12:27:00,0.37938317951272893
2018-05-08 12:30:00,0.30931690183541605
2018-05-08 12:33:00,0.3257210096684844
2018-05-08 12:36:00,0.29657785046345
2018-05-08 12:39:00,0.2794487708145539
2018-05-08 12:42:00,0.2715077185806649
2018-05-08 12:45:00,0.14508740384906105
2018-05-08 12:48:00,0.21965699544449535
2018-05-08 12:51:00,0.14962014649830735
2018-05-08 12:54:00,0.1530474998437512
2018-05-08 12:57:00,0.12775454102751382
2018-05-08 13:00:00,0.16147427967234762
2018-05-08 13:03:00,0.21002990914894326
2018-05-08 13:06:00,0.16780259090711525
2018-05-08 13:09:00,0.1914336340004752
2018-05-08 13:12:00,0.20945223601137286
2018-05-08 13:15:00,0.10041402947598499
2018-05-08 13:18:00,0.07657529280703557
2018-05-08 13:21:00,0.012719429525475334
2018-05-08 13:24:00,0.07903812474563665
2018-05-08 13:27:00,0.19554691734691687
2018-05-08 13:30:00,0.07409625157197297
2018-05-08 13:33:00,0.14690692230834657
2018-05-08 13:36:00,0.18065500761633757
2018-05-08 13:39:00,0.20133426674277644
2018-05-08 13:42:00,0.16505244198583569
2018-05-08 13:45:00,0.23839831608847817
2018-05-08 13:48:00,0.18752312503596613
2018-05-08 13:51:00,0.24238085080139626
2018-05-08 13:54:00,0.3579610838390863
2018-05-08 13:57:00,0.13699454983873238
2018-05-08 14:00:00,0.15962760332814696
2018-05-08 14:03:00,0.15606112386183213
2018-05-08 14:06:00,0.12743130001160807
2018-05-08 14:09:00,0.11811314579364307
2018-05-08 14:12:00,0.05795462503397175
2018-05-08 14:15:00,0.1036025842544177
2018-05-08 14:18:00,0.055914897100706185
2018-05-08 14:21:00,0.18664623590200335
2018-05-08 14:24:00,0.12912612445688865
2018-05-08 14:27:00,0.08247270572792331
2018-05-08 14:30:00,0.03568206179147637
2018-05-08 14:33:00,0.10841128450914539
2018-05-08 14:36:00,0.16215642231395577
2018-05-08 14:39:00,-0.03277485077654774
2018-05-08 14:42:00,0.06993977265955209
2018-05-08 14:45:00,0.057722851687742605
2018-05-08 14:48:00,-0.007016533964588234
2018-05-08 14:51:00,-0.0025615060943664503
2018-05-08 14:54:00,0.02825330856740038
2018-05-08 14:57:00,0.06618262047481949
2018-05-08 15:00:00,0.12008030260312808
2018-05-08 15:03:00,0.09115516777592347
2018-05-08 15:06:00,0.22314461349935755
2018-05-08 15:09:00,0.2835309248787894
2018-05-08 15:12:00,0.35707195308629025
2018-05-08 15:15:00,0.25703558591607134
2018-05-08 15:18:00,0.3594043161984928
2018-05-08 15:21:00,0.23529759411536588
2018-05-08 15:24:00,0.1586356627819896
2018-05-08 15:27:00,0.27658622533022026
2018-05-08 15:30:00,0.20213474809935406
2018-05-08 15:33:00,0.05163932552642336
2018-05-08 15:36:00,0.2068072897966431
2018-05-08 15:39:00,0.13033673013018188
2018-05-08 15:42:00,0.31302618904567225
2018-05-08 15:45:00,0.22096193478097348
2018-05-08 15:48:00,0.296150580599317
2018-05-08 15:51:00,0.22974579546814766
2018-05-08 15:54:00,0.17219302592673102
2018-05-08 15:57:00,0.15024643180294106
2018-05-08 16:00:00,0.09071478450101722
2018-05-08 16:03:00,0.16833457822133369
2018-05-08 16:06:00,0.15307907547730792
2018-05-08 16:09:00,0.16570477070672496
2018-05-08 16:12:00,0.12486844548391218
2018-05-08 16:15:00,0.13985649774213016
2018-05-08 16:18:00,-0.019400005600004988
2018-05-08 16:21:00,0.09382319360526026
2018-05-08 16:24:00,0.12155998043124328
2018-05-08 16:27:00,0.0773263415366614
2018-05-08 16:30:00,0.04613359796792338
2018-05-08 16:33:00,0.15210649586782665
2018-05-08 16:36:00,0.09284970594006836
2018-05-08 16:39:00,-0.08286916905132102
2018-05-08 16:42:00,0.09121425949206241
2018-05-08 16:45:00,0.20828066433324466
2018-05-08 16:48:00,0.17833271453304178
2018-05-08 16:51:00,0.26377078517015207
2018-05-08 16:54:00,0.11657415919773939
2018-05-08 16:57:00,0.05940358417620928
2018-05-08 17:00:00,0.23671440815269307
2018-05-08 17:03:00,0.06763916145831672
2018-05-08 17:06:00,0.11416423903716577
2018-05-08 17:09:00,0.1407503431381656
2018-05-08 17:12:00,0.21271973206035
2018-05-08 17:15:00,0.1423137748629415
2018-05-08 17:18:00,0.08979779843338065
2018-05-08 17:21:00,0.08149805581058445
2018-05-08 17:24:00,0.24045018652168437
2018-05-08 17:27:00,0.20707747299945822
2018-05-08 17:30:00,0.22392254447254345
2018-05-08 17:33:00,0.2603147256389775
2018-05-08 17:36:00,0.06188580137546751
2018-05-08 17:39:00,0.17763597362284145
2018-05-08 17:42:00,0.32230023553626097
2018-05-08 17:45:00,0.2345314687435689
2018-05-08 17:48:00,0.2997900489034464
2018-05-08 17:51:00,0.2361756161295716
2018-05-08 17:54:00,0.26554540980669117
2018-05-08 17:57:00,0.19768601219340098
2018-05-08 18:00:00,0.23185241253258937
2018-05-08 18:03:00,0.10229571163398532
2018-05-08 18:06:00,0.18447622189427193
2018-05-08 18:09:00,0.2007966109051722
2018-05-08 18:12:00,0.13128666213566476
2018-05-08 18:15:00,0.23187700647815745
2018-05-08 18:18:00,0.11882068981316252
2018-05-08 18:21:00,0.2590475963197605
2018-05-08 18:24:00,0.2423754937399849
2018-05-08 18:27:00,0.2674220119495203
2018-05-08 18:30:00,0.16121081210980037
2018-05-08 18:33:00,0.3217986709844922
2018-05-08 18:36:00,0.2541959345260807
2018-05-08 18:39:00,0.2679775285612891
2018-05-08 18:42:00,0.22371952270401607
2018-05-08 18:45:00,0.31981422056128395
2018-05-08 18:48:00,0.3603039544374269
2018-05-08 18:51:00,0.4814709304816347
2018-05-08 18:54:00,
2018-05-08 18:57:00,
2018-05-08 19:00:00,
2018-05-08 19:03:00,0.4567895609865218
2018-05-08 19:06:00,0.22702122823676518
2018-05-08 19:09:00,0.21329027410672552
2018-05-08 19:12:00,0.13709527082920658
2018-05-08 19:15:00,0.2154691933779418
2018-05-08 19:18:00,0.2518481681785829
2018-05-08 19:21:00,0.25616902390152063
2018-05-08 19:24:00,0.2047433391398954
2018-05-08 19:27:00,0.22146366660234662
2018-05-08 19:30:00,0.2826043902717288
2018-05-08 19:33:00,0.2366625440170651
2018-05-08 19:36:00,0.30253674224445604
2018-05-08 19:39:00,0.4199309221571639
2018-05-08 19:42:00,0.5146852303526543
2018-05-08 19:45:00,0.7090872477639891
2018-05-08 19:48:00,0.7074461925208197
2018-05-08 19:51:00,0.6680532856684067
2018-05-08 19:54:00,0.723979870536084
2018-05-08 19:57:00,0.6884301099646564
2018-05-08 20:00:00,0.7469181841925661
2018-05-08 20:03:00,0.6143736498904673
2018-05-08 20:06:00,0.6867249323377678
2018-05-08 20:09:00,0.691300032514448
2018-05-08 20:12:00,0.7575512152795909
2018-05-08 20:15:00,0.7553905025909557
2018-05-08 20:18:00,0.6615971567794645
2018-05-08 20:21:00,0.6673827024062007
2018-05-08 20:24:00,0.6241792996061122
2018-05-08 20:27:00,0.48329811169026016
2018-05-08 20:30:00,0.43682753123869134
2018-05-08 20:33:00,0.4724315755221369
2018-05-08 20:36:00,0.3780318242477847
2018-05-08 20:39:00,0.34942297428710845
2018-05-08 20:42:00,0.3727667329363271
2018-05-08 20:45:00,0.37429887033084697
2018-05-08 20:48:00,0.3193175025245978
2018-05-08 20:51:00,0.3968877104949229
2018-05-08 20:54:00,0.35864896585542283
2018-05-08 20:57:00,0.3845863874300335
2018-05-08 21:00:00,0.3269681109490534
2018-05-08 21:03:00,0.3432658275202698
2018-05-08 21:06:00,0.2978075571853651
2018-05-08 21:09:00,0.36860609974655745
2018-05-08 21:12:00,0.3201185965903619
2018-05-08 21:15:00,0.2769896003005101
2018-05-08 21:18:00,0.29726689437842424
2018-05-08 21:21:00,0.3964772710973534
2018-05-08 21:24:00,0.3863641083931384
2018-05-08 21:27:00,0.3959167645421644
2018-05-08 21:30:00,0.2941413464953939
2018-05-08 21:33:00,0.3511458148120141
2018-05-08 21:36:00,0.37985244006108587
2018-05-08 21:39:00,0.49511589195191164
2018-05-08 21:42:00,0.4356649555141985
2018-05-08 21:45:00,0.4303744449433111
2018-05-08 21:48:00,0.47201744520106104
2018-05-08 21:51:00,0.5780505760690176
2018-05-08 21:54:00,0.5169119904106765
2018-05-08 21:57:00,0.498595699769794
2018-05-08 22:00:00,0.5630745042902277
2018-05-08 22:03:00,0.4978439973848481
2018-05-08 22:06:00,0.4421558137715351
2018-05-08 22:09:00,0.4166218508872248
2018-05-08 22:12:00,0.4146257593123437
2018-05-08 22:15:00,0.4021960425268958
2018-05-08 22:18:00,0.3890795021562212
2018-05-08 22:21:00,0.46840379298237167
2018-05-08 22:24:00,0.5580118578635052
2018-05-08 22:27:00,0.46092787657829604
2018-05-08 22:30:00,0.45446247969204023
2018-05-08 22:33:00,0.5138719081191425
2018-05-08 22:36:00,0.5513106561135146
2018-05-08 22:39:00,0.48418253329458594
2018-05-08 22:42:00,0.4858872254042126
2018-05-08 22:45:00,0.41905091182331944
2018-05-08 22:48:00,0.4792519686179162
2018-05-08 22:51:00,0.4714377809167445
2018-05-08 22:54:00,0.5794410668003707
2018-05-08 22:57:00,0.4626348942294385
2018-05-08 23:00:00,0.600379270332212
2018-05-08 23:03:00,0.5792189615236225
2018-05-08 23:06:00,0.561064112643237
2018-05-08 23:09:00,0.6213370892102148
2018-05-08 23:12:00,0.5564278672372325
2018-05-08 23:15:00,0.5980767146168091
2018-05-08 23:18:00,0.5323700197530457
2018-05-08 23:21:00,0.5938356871177461
2018-05-08 23:24:00,0.5848105657597671
2018-05-08 23:27:00,0.5479117464203682
2018-05-08 23:30:00,0.6025562761573724
2018-05-08 23:33:00,0.6197868070953518
2018-05-08 23:36:00,0.6160299993965168
2018-05-08 23:39:00,0.5712559188003183
2018-05-08 23:42:00,0.6412811399307543
2018-05-08 23:45:00,0.6641921555727208
2018-05-08 23:48:00,0.656561478981871
2018-05-08 23:51:00,0.6826099063284801
2018-05-08 23:54:00,0.6650015753945695
2018-05-08 23:57:00,0.7438207809174173
2018-05-09 00:00:00,0.6631097250019025
2018-05-09 00:03:00,0.6862527719292757
2018-05-09 00:06:00,0.6380169786739884
2018-05-09 00:09:00,0.7106011892668676
2018-05-09 00:12:00,0.5783424459855269
2018-05-09 00:15:00,0.6181436816432893
2018-05-09 00:18:00,0.5934812951272761
2018-05-09 00:21:00,0.5212759462656891
2018-05-09 00:24:00,0.5732333509895966
2018-05-09 00:27:00,0.6513386291007919
2018-05-09 00:30:00,0.5048593707924169
2018-05-09 00:33:00,0.6019908345147087
2018-05-09 00:36:00,0.5866193175671128
2018-05-09 00:39:00,0.6460280216826391
2018-05-09 00:42:00,0.6683961172340673
2018-05-09 00:45:00,0.5644425919188052
2018-05-09 00:48:00,0.5705139258632244
2018-05-09 00:51:00,0.5645860503493054
2018-05-09 00:54:00,0.5254958396033089
2018-05-09 00:57:00,0.49971536242657066
2018-05-09 01:00:00,0.45541254706648715
2018-05-09 01:03:00,0.46594368399019004
2018-05-09 01:06:00,0.4717823688868066
2018-05-09 01:09:00,0.5915762686657331
2018-05-09 01:12:00,0.46511721935064543
2018-05-09 01:15:00,0.5735050239086945
2018-05-09 01:18:00,0.5102304976364849
2018-05-09 01:21:00,0.5953802935613908
2018-05-09 01:24:00,0.4710329458862361
2018-05-09 01:27:00,0.535518204157654
2018-05-09 01:30:00,0.49554587989865695
2018-05-09 01:33:00,0.7082733614412291
2018-05-09 01:36:00,0.5386933956274902
2018-05-09 01:39:00,0.638703556666087
2018-05-09 01:42:00,0.6269731569562964
2018-05-09 01:45:00,0.7294571794532203
2018-05-09 01:48:00,0.5517688384429107
2018-05-09 01:51:00,0.6136864121007761
2018-05-09 01:54:00,0.687600242938629
2018-05-09 01:57:00,0.6702860333751914
2018-05-09 02:00:00,0.5612975710568548
2018-05-09 02:03:00,0.5825199412493589
2018-05-09 02:06:00,0.7006859086263262
2018-05-09 02:09:00,0.5732189544175981
2018-05-09 02:12:00,0.6444853362951903
2018-05-09 02:15:00,0.6098339454276811
2018-05-09 02:18:00,0.6188090193624589
2018-05-09 02:21:00,0.6329057346745799
2018-05-09 02:24:00,0.6406377052805965
2018-05-09 02:27:00,0.5769340534890262
2018-05-09 02:30:00,0.6536030035312024
2018-05-09 02:33:00,0.6064228167884949
2018-05-09 02:36:00,0.6447832370985793
2018-05-09 02:39:00,0.6348435109283628
2018-05-09 02:42:00,0.6856251745614941
2018-05-09 02:45:00,0.7017029903541356
2018-05-09 02:48:00,0.649769443964658
2018-05-09 02:51:00,0.6009369800114541
2018-05-09 02:54:00,0.6123178603271526
2018-05-09 02:57:00,0.6280933609323256
2018-05-09 03:00:00,0.6020628234124388
2018-05-09 03:03:00,0.6475769310380883
2018-05-09 03:06:00,0.7307012674761495
2018-05-09 03:09:00,0.6390853380271437
2018-05-09 03:12:00,0.6074297531509387
2018-05-09 03:15:00,0.5486547952318688
2018-05-09 03:18:00,0.5889458994143411
2018-05-09 03:21:00,0.49789767048173417
2018-05-09 03:24:00,0.5573190218065065
2018-05-09 03:27:00,0.571475817150997
2018-05-09 03:30:00,0.6002701984984355
2018-05-09 03:33:00,0.6650454410758471
2018-05-09 03:36:00,0.6021572231290975
2018-05-09 03:39:00,0.5163448954824617
2018-05-09 03:42:00,0.6176721000389307
2018-05-09 03:45:00,0.5852978568548792
2018-05-09 03:48:00,0.5902988182801323
2018-05-09 03:51:00,0.6508457122705522
2018-05-09 03:54:00,0.6147131000218451
2018-05-09 03:57:00,0.5587338432359275
2018-05-09 04:00:00,0.5549480744913922
2018-05-09 04:03:00,0.5468270289053407
2018-05-09 04:06:00,0.4798479416531336
2018-05-09 04:09:00,0.5848841446141364
2018-05-09 04:12:00,0.5814263853182524
2018-05-09 04:15:00,0.6235576111556043
2018-05-09 04:18:00,0.5377132054471758
2018-05-09 04:21:00,0.5818630422096476
2018-05-09 04:24:00,0.536286248590784
2018-05-09 04:27:00,0.5476759289605297
2018-05-09 04:30:00,0.6150078936814793
2018-05-09 04:33:00,0.5956993108642905
2018-05-09 04:36:00,0.6526747267406563
2018-05-09 04:39:00,0.5195492421140102
2018-05-09 04:42:00,0.6310260733089876
2018-05-09 04:45:00,0.5937534606545682
2018-05-09 04:48:00,0.5825801284060503
2018-05-09 04:51:00,0.6656438987383808
2018-05-09 04:54:00,0.586458489242375
2018-05-09 04:57:00,0.6882979475021216
2018-05-09 05:00:00,0.6056690481905775
2018-05-09 05:03:00,0.5777415325649145
2018-05-09 05:06:00,0.6867463242249414
2018-05-09 05:09:00,0.5891220466837694
2018-05-09 05:12:00,0.6095837988549988
2018-05-09 05:15:00,0.6116921649556275
2018-05-09 05:18:00,0.6098443998254197
2018-05-09 05:21:00,0.5977005711473566
2018-05-09 05:24:00,0.6389836973205547
2018-05-09 05:27:00,0.6307305482549737
2018-05-09 05:30:00,0.6545953251767287
2018-05-09 05:33:00,0.6316323263384902
2018-05-09 05:36:00,0.6982324989923541
2018-05-09 05:39:00,0.6560481935744065
2018-05-09 05:42:00,0.5725074444024472
2018-05-09 05:45:00,0.6407482631567518
2018-05-09 05:48:00,0.6382000836532598
2018-05-09 05:51:00,0.5840060762056396
2018-05-09 05:54:00,0.5908992568074609
2018-05-09 05:57:00,0.6087514354109658
2018-05-09 06:00:00,0.6736616502466859
2018-05-09 06:03:00,0.6966549837974867
2018-05-09 06:06:00,0.5602224057198555
2018-05-09 06:09:00,0.7298089754431203
2018-05-09 06:12:00,0.6017454353904554
2018-05-09 06:15:00,0.660289157612965
2018-05-09 06:18:00,0.5991042480825968
2018-05-09 06:21:00,0.705906943034222
2018-05-09 06:24:00,0.6208644136208932
2018-05-09 06:27:00,0.5818232999245083
2018-05-09 06:30:00,0.6229329300166455
2018-05-09 06:33:00,0.5984857340262124
2018-05-09 06:36:00,0.5253668444152026
2018-05-09 06:39:00,0.519178887934288
2018-05-09 06:42:00,0.6416658201542305
2018-05-09 06:45:00,0.6289951405204306
2018-05-09 06:48:00,0.6422942138688086
2018-05-09 06:51:00,0.5869312131250126
2018-05-09 06:54:00,0.5864305759431545
2018-05-09 06:57:00,0.6998118667614222
2018-05-09 07:00:00,0.5693331827991983
2018-05-09 07:03:00,0.5708581094074816
2018-05-09 07:06:00,0.5823747291599375
2018-05-09 07:09:00,0.48485565778963746
2018-05-09 07:12:00,0.5916049993458614
2018-05-09 07:15:00,0.6100892017093429
2018-05-09 07:18:00,0.5944478107693385
2018-05-09 07:21:00,0.544865021193857
2018-05-09 07:24:00,0.5850960529093641
2018-05-09 07:27:00,0.54036586343409
2018-05-09 07:30:00,0.5246383540811621
2018-05-09 07:33:00,0.5522707873143986
2018-05-09 07:36:00,0.5435188893151803
2018-05-09 07:39:00,0.4547407018833951
2018-05-09 07:42:00,0.4722837041884418
2018-05-09 07:45:00,0.5403263783260286
2018-05-09 07:48:00,0.5588280161463786
2018-05-09 07:51:00,0.5921877276379632
2018-05-09 07:54:00,0.5857513190455848
2018-05-09 07:57:00,0.511790792940019
2018-05-09 08:00:00,0.512554372612783
2018-05-09 08:03:00,0.4348705777598525
2018-05-09 08:06:00,0.5239905850466471
2018-05-09 08:09:00,0.4957843788961327
2018-05-09 08:12:00,0.44973435725330546
2018-05-09 08:15:00,0.490701726284442
2018-05-09 08:18:00,0.4367146025522288
2018-05-09 08:21:00,0.4703197790516356
2018-05-09 08:24:00,0.5375200568675496
2018-05-09 08:27:00,0.45382317049609355
2018-05-09 08:30:00,0.38364596164490194
2018-05-09 08:33:00,0.4912988152196931
2018-05-09 08:36:00,0.42093770753928084
2018-05-09 08:39:00,0.4283468310619014
2018-05-09 08:42:00,0.40726322009282967
2018-05-09 08:45:00,0.5310242555927971
2018-05-09 08:48:00,0.4825483012446057
2018-05-09 08:51:00,0.3466818441452233
2018-05-09 08:54:00,0.407708712266583
2018-05-09 08:57:00,0.4397346845523771
2018-05-09 09:00:00,0.4125540313502256
2018-05-09 09:03:00,0.5544556917617456
2018-05-09 09:06:00,0.3953727319639029
2018-05-09 09:09:00,0.4394603076110002
2018-05-09 09:12:00,0.4521407196842233
2018-05-09 09:15:00,0.5188721393420224
2018-05-09 09:18:00,0.3874618873001623
2018-05-09 09:21:00,0.4723455069357101
2018-05-09 09:24:00,0.42695275113919706
2018-05-09 09:27:00,0.3692788204364774
2018-05-09 09:30:00,0.2240348358071742
2018-05-09 09:33:00,0.34803848125534387
2018-05-09 09:36:00,0.3601666132277046
2018-05-09 09:39:00,0.3131432320944896
2018-05-09 09:42:00,0.33494011572628324
2018-05-09 09:45:00,0.3169750526045618
2018-05-09 09:48:00,0.3612171657500767
2018-05-09 09:51:00,0.3594728081233143
2018-05-09 09:54:00,0.3017489468488179
2018-05-09 09:57:00,0.2640685549289401
2018-05-09 10:00:00,0.38929999594347464
2018-05-09 10:03:00,0.23231088925592758
2018-05-09 10:06:00,0.2692694798950015
2018-05-09 10:09:00,0.18781482974100072
2018-05-09 10:12:00,0.24761044561682866
2018-05-09 10:15:00,0.2362456620914486
2018-05-09 10:18:00,0.25822771263221966
2018-05-09 10:21:00,0.22198830428834526
2018-05-09 10:24:00,0.31492398223429063
2018-05-09 10:27:00,0.11895474032604625
2018-05-09 10:30:00,0.18758717386822354
2018-05-09 10:33:00,0.23647033237040205
2018-05-09 10:36:00,0.14821761894398833
2018-05-09 10:39:00,0.20971868826308082
2018-05-09 10:42:00,0.12511907356105212
2018-05-09 10:45:00,0.18787733172433718
2018-05-09 10:48:00,0.1609607000012261
2018-05-09 10:51:00,0.22444384822176744
2018-05-09 10:54:00,0.2052424576049816
2018-05-09 10:57:00,0.232216935074689
2018-05-09 11:00:00,0.17839376927105377
2018-05-09 11:03:00,0.23008712287486333
2018-05-09 11:06:00,0.19108404505414
2018-05-09 11:09:00,0.23304498934413687
2018-05-09 11:12:00,0.20680315671853577
2018-05-09 11:15:00,0.12709703219178436
2018-05-09 11:18:00,0.16542924423498562
2018-05-09 11:21:00,0.0876931922925337
2018-05-09 11:24:00,0.084212626516603
2018-05-09 11:27:00,0.26670928176656616
2018-05-09 11:30:00,0.08719704696113695
2018-05-09 11:33:00,0.1436550359179023
2018-05-09 11:36:00,0.1106589813268215
2018-05-09 11:39:00,0.18133120757426013
2018-05-09 11:42:00,0.09010220600458752
2018-05-09 11:45:00,0.21423186672109296
2018-05-09 11:48:00,0.20100196232533563
2018-05-09 11:51:00,0.23563377834295807
2018-05-09 11:54:00,0.16716985317196986
2018-05-09 11:57:00,0.0018731097742374914
2018-05-09 12:00:00,0.09996618011416558
2018-05-09 12:03:00,0.08386228349132807
2018-05-09 12:06:00,0.040618925745945944
2018-05-09 12:09:00,0.04448823194633178
2018-05-09 12:12:00,0.03398392855899601
2018-05-09 12:15:00,0.008810943551168293
2018-05-09 12:18:00,0.01880976509210086
2018-05-09 12:21:00,-0.08015841096027998
2018-05-09 12:24:00,-0.0595886223543971
2018-05-09 12:27:00,0.008713621584035991
2018-05-09 12:30:00,-0.03471096171568888
2018-05-09 12:33:00,-0.007451936846052831
2018-05-09 12:36:00,0.010679674754499047
2018-05-09 12:39:00,-0.0596754211304642
2018-05-09 12:42:00,-0.09845655142061105
2018-05-09 12:45:00,-0.049792493837628626
2018-05-09 12:48:00,0.05687989554269279
2018-05-09 12:51:00,-0.033156258364329005
2018-05-09 12:54:00,-0.04487366327253994
2018-05-09 12:57:00,0.000943127526625176
2018-05-09 13:00:00,-0.030700153201905778
2018-05-09 13:03:00,-0.07624014548434843
2018-05-09 13:06:00,-0.028395396637790782
2018-05-09 13:09:00,-0.11785349954197955
2018-05-09 13:12:00,-0.022197007966099136
2018-05-09 13:15:00,0.024014584008739348
2018-05-09 13:18:00,-0.09524604836860817
2018-05-09 13:21:00,-0.06595506376658022
2018-05-09 13:24:00,-0.040636777753718434
2018-05-09 13:27:00,-0.054466383347630654
2018-05-09 13:30:00,-0.04177415890086422
2018-05-09 13:33:00,0.047782000555685045
2018-05-09 13:36:00,-0.1023766535341224
2018-05-09 13:39:00,-0.06855706089089608
2018-05-09 13:42:00,-0.10199602769171179
2018-05-09 13:45:00,-0.16756666267025366
2018-05-09 13:48:00,-0.060251509205727416
2018-05-09 13:51:00,-0.09349384296029939
2018-05-09 13:54:00,-0.01517691178531777
2018-05-09 13:57:00,-0.0007682921354899008
2018-05-09 14:00:00,-0.01909154430580884
2018-05-09 14:03:00,-0.08193665211695134
2018-05-09 14:06:00,-0.042282702225406865
2018-05-09 14:09:00,-0.05660294133963362
2018-05-09 14:12:00,-0.041387650974115786
2018-05-09 14:15:00,-0.02887632059542966
2018-05-09 14:18:00,-0.012978546605154406
2018-05-09 14:21:00,-0.09616554668690469
2018-05-09 14:24:00,0.024577430229328456
2018-05-09 14:27:00,-0.03310611767449245
2018-05-09 14:30:00,-0.08541586333353735
2018-05-09 14:33:00,-0.09329906551334943
2018-05-09 14:36:00,0.006774769593903329
2018-05-09 14:39:00,-0.002749724691057054
2018-05-09 14:42:00,-0.002980024613293608
2018-05-09 14:45:00,0.12648144321144628
2018-05-09 14:48:00,0.26636280366551546
2018-05-09 14:51:00,0.2798445599358388
2018-05-09 14:54:00,0.30233245395794484
2018-05-09 14:57:00,0.20869061626808616
2018-05-09 15:00:00,0.2533787755664889
2018-05-09 15:03:00,0.12119838248668202
2018-05-09 15:06:00,0.16933443391951641
2018-05-09 15:09:00,0.29670871339658333
2018-05-09 15:12:00,0.4311390070466814
2018-05-09 15:15:00,0.3149089785913475
2018-05-09 15:18:00,0.2881083139088787
2018-05-09 15:21:00,0.33136473293524205
2018-05-09 15:24:00,0.3942332490716467
2018-05-09 15:27:00,0.4257436066509399
2018-05-09 15:30:00,0.46640196922209043
2018-05-09 15:33:00,0.3135332583478885
2018-05-09 15:36:00,0.2047797555575812
2018-05-09 15:39:00,0.16434393356627197
2018-05-09 15:42:00,0.14053136974513336
2018-05-09 15:45:00,0.22859302493878886
2018-05-09 15:48:00,0.4965088632832817
2018-05-09 15:51:00,0.6105901750383396
2018-05-09 15:54:00,0.5173091536619268
2018-05-09 15:57:00,0.6768485642828068
2018-05-09 16:00:00,0.37948829648678384
2018-05-09 16:03:00,0.1714912834991651
2018-05-09 16:06:00,0.20163209214751987
2018-05-09 16:09:00,0.20804767052976558
2018-05-09 16:12:00,0.1987440164307941
2018-05-09 16:15:00,0.4923679472818776
2018-05-09 16:18:00,0.4643199125475235
2018-05-09 16:21:00,0.4455201412933434
2018-05-09 16:24:00,0.28220511320381547
2018-05-09 16:27:00,0.3645888635151664
2018-05-09 16:30:00,0.26973276146719627
2018-05-09 16:33:00,0.32225991620242667
2018-05-09 16:36:00,0.3170273867168021
2018-05-09 16:39:00,0.3071368107931107
2018-05-09 16:42:00,0.3480698689263022
2018-05-09 16:45:00,0.33696753501783405
2018-05-09 16:48:00,0.2941586802316465
2018-05-09 16:51:00,0.31759602875416704
2018-05-09 16:54:00,0.33717564375871234
2018-05-09 16:57:00,0.27802665842278884
2018-05-09 17:00:00,0.43768625713352094
2018-05-09 17:03:00,0.22959637603361216
2018-05-09 17:06:00,0.3425124540077604
2018-05-09 17:09:00,0.2954839630132824
2018-05-09 17:12:00,0.26454698220180717
2018-05-09 17:15:00,0.31999187550388797
2018-05-09 17:18:00,0.38100543731849257
2018-05-09 17:21:00,0.23180920402853644
2018-05-09 17:24:00,0.2753779049653531
2018-05-09 17:27:00,0.19814689654930362
2018-05-09 17:30:00,0.25381776303527204
2018-05-09 17:33:00,0.07411053037850479
2018-05-09 17:36:00,0.3218374661740313
2018-05-09 17:39:00,0.43589105187066934
2018-05-09 17:42:00,0.2691372591476693
2018-05-09 17:45:00,0.2961353956404764
2018-05-09 17:48:00,0.32254249947430935
2018-05-09 17:51:00,0.31949326540654965
2018-05-09 17:54:00,0.388739552082086
2018-05-09 17:57:00,0.3017829275100894
2018-05-09 18:00:00,0.3659316517563411
2018-05-09 18:03:00,0.45872986405714755
2018-05-09 18:06:00,0.31258679735162787
2018-05-09 18:09:00,0.38059026021738873
2018-05-09 18:12:00,0.35075096056920074
2018-05-09 18:15:00,0.37749387379705013
2018-05-09 18:18:00,0.31191693607127036
2018-05-09 18:21:00,0.3134943428427164
2018-05-09 18:24:00,0.28684658358997694
2018-05-09 18:27:00,0.363228330853417
2018-05-09 18:30:00,0.34394974528532885
2018-05-09 18:33:00,0.34980691040630063
2018-05-09 18:36:00,0.26452707947993304
2018-05-09 18:39:00,0.2755329011457661
2018-05-09 18:42:00,0.39029461225919704
2018-05-09 18:45:00,0.30037045613801183
2018-05-09 18:48:00,0.3704182271400782
2018-05-09 18:51:00,0.4806817417161824
2018-05-09 18:54:00,0.20265550019792045
2018-05-09 18:57:00,0.3186428209658061
2018-05-09 19:00:00,0.44790655264449697
2018-05-09 19:03:00,
2018-05-09 19:06:00,
2018-05-09 19:09:00,
2018-05-09 19:12:00,
2018-05-09 19:15:00,
2018-05-09 19:18:00,
2018-05-09 19:21:00,
2018-05-09 19:24:00,
2018-05-09 19:27:00,
2018-05-09 19:30:00,
2018-05-09 19:33:00,
2018-05-09 19:36:00,
2018-05-09 19:39:00,
2018-05-09 19:42:00,
2018-05-09 19:45:00,
2018-05-09 19:48:00,
2018-05-09 19:51:00,
2018-05-09 19:54:00,
2018-05-09 19:57:00,
2018-05-09 20:00:00,
2018-05-09 20:03:00,
2018-05-09 20:06:00,
2018-05-09 20:09:00,
2018-05-09 20:12:00,
2018-05-09 20:15:00,
2018-05-09 20:18:00,
2018-05-09 20:21:00,
2018-05-09 20:24:00,
2018-05-09 20:27:00,
2018-05-09 20:30:00,
2018-05-09 20:33:00,
2018-05-09 20:36:00,
2018-05-09 20:39:00,
2018-05-09 20:42:00,
2018-05-09 20:45:00,
2018-05-09 20:48:00,
2018-05-09 20:51:00,
2018-05-09 20:54:00,
2018-05-09 20:57:00,
2018-05-09 21:00:00,
2018-05-09 21:03:00,
2018-05-09 21:06:00,
2018-05-09 21:09:00,
2018-05-09 21:12:00,
2018-05-09 21:15:00,
2018-05-09 21:18:00,
2018-05-09 21:21:00,
2018-05-09 21:24:00,
2018-05-09 21:27:00,
2018-05-09 21:30:00,
2018-05-09 21:33:00,
2018-05-09 21:36:00,
2018-05-09 21:39:00,
2018-05-09 21:42:00,
2018-05-09 21:45:00,
2018-05-09 21:48:00,
2018-05-09 21:51:00,
2018-05-09 21:54:00,
2018-05-09 21:57:00,
2018-05-09 22:00:00,
2018-05-09 22:03:00,
2018-05-09 22:06:00,
2018-05-09 22:09:00,
2018-05-09 22:12:00,
2018-05-09 22:15:00,
2018-05-09 22:18:00,
2018-05-09 22:21:00,
2018-05-09 22:24:00,
2018-05-09 22:27:00,
2018-05-09 22:30:00,
2018-05-09 22:33:00,
2018-05-09 22:36:00,
2018-05-09 22:39:00,
2018-05-09 22:42:00,
2018-05-09 22:45:00,
2018-05-09 22:48:00,
2018-05-09 22:51:00,
2018-05-09 22:54:00,
2018-05-09 22:57:00,
2018-05-09 23:00:00,
2018-05-09 23:03:00,
2018-05-09 23:06:00,
2018-05-09 23:09:00,
2018-05-09 23:12:00,
2018-05-09 23:15:00,
2018-05-09 23:18:00,
2018-05-09 23:21:00,
2018-05-09 23:24:00,
2018-05-09 23:27:00,
2018-05-09 23:30:00,
2018-05-09 23:33:00,
2018-05-09 23:36:00,
2018-05-09 23:39:00,
2018-05-09 23:42:00,
2018-05-09 23:45:00,
2018-05-09 23:48:00,
2018-05-09 23:51:00,
2018-05-09 23:54:00,
2018-05-09 23:57:00,
2018-05-10 00:00:00,
2018-05-10 00:03:00,
2018-05-10 00:06:00,
2018-05-10 00:09:00,
2018-05-10 00:12:00,
2018-05-10 00:15:00,
2018-05-10 00:18:00,
2018-05-10 00:21:00,
2018-05-10 00:24:00,
2018-05-10 00:27:00,
2018-05-10 00:30:00,
2018-05-10 00:33:00,
2018-05-10 00:36:00,
2018-05-10 00:39:00,
2018-05-10 00:42:00,
2018-05-10 00:45:00,
2018-05-10 00:48:00,
2018-05-10 00:51:00,
2018-05-10 00:54:00,
2018-05-10 00:57:00,
2018-05-10 01:00:00,
2018-05-10 01:03:00,
2018-05-10 01:06:00,
2018-05-10 01:09:00,
2018-05-10 01:12:00,
2018-05-10 01:15:00,
2018-05-10 01:18:00,
2018-05-10 01:21:00,
2018-05-10 01:24:00,
2018-05-10 01:27:00,
2018-05-10 01:30:00,
2018-05-10 01:33:00,
2018-05-10 01:36:00,
2018-05-10 01:39:00,
2018-05-10 01:42:00,
2018-05-10 01:45:00,
2018-05-10 01:48:00,
2018-05-10 01:51:00,
2018-05-10 01:54:00,
2018-05-10 01:57:00,
2018-05-10 02:00:00,
2018-05-10 02:03:00,
2018-05-10 02:06:00,
2018-05-10 02:09:00,
2018-05-10 02:12:00,
2018-05-10 02:15:00,
2018-05-10 02:18:00,
2018-05-10 02:21:00,
2018-05-10 02:24:00,
2018-05-10 02:27:00,
2018-05-10 02:30:00,
2018-05-10 02:33:00,
2018-05-10 02:36:00,
2018-05-10 02:39:00,
2018-05-10 02:42:00,
2018-05-10 02:45:00,
2018-05-10 02:48:00,
2018-05-10 02:51:00,
2018-05-10 02:54:00,
2018-05-10 02:57:00,
2018-05-10 03:00:00,
2018-05-10 03:03:00,
2018-05-10 03:06:00,
2018-05-10 03:09:00,
2018-05-10 03:12:00,
2018-05-10 03:15:00,
2018-05-10 03:18:00,
2018-05-10 03:21:00,
2018-05-10 03:24:00,
2018-05-10 03:27:00,
2018-05-10 03:30:00,
2018-05-10 03:33:00,
2018-05-10 03:36:00,
2018-05-10 03:39:00,
2018-05-10 03:42:00,
2018-05-10 03:45:00,
2018-05-10 03:48:00,
2018-05-10 03:51:00,
2018-05-10 03:54:00,
2018-05-10 03:57:00,
2018-05-10 04:00:00,
2018-05-10 04:03:00,
2018-05-10 04:06:00,
2018-05-10 04:09:00,
2018-05-10 04:12:00,
2018-05-10 04:15:00,
2018-05-10 04:18:00,
2018-05-10 04:21:00,
2018-05-10 04:24:00,
2018-05-10 04:27:00,
2018-05-10 04:30:00,
2018-05-10 04:33:00,
2018-05-10 04:36:00,
2018-05-10 04:39:00,
2018-05-10 04:42:00,
2018-05-10 04:45:00,
2018-05-10 04:48:00,
2018-05-10 04:51:00,
2018-05-10 04:54:00,
2018-05-10 04:57:00,
2018-05-10 05:00:00,
2018-05-10 05:03:00,
2018-05-10 05:06:00,
2018-05-10 05:09:00,
2018-05-10 05:12:00,
2018-05-10 05:15:00,
2018-05-10 05:18:00,
2018-05-10 05:21:00,
2018-05-10 05:24:00,
2018-05-10 05:27:00,
2018-05-10 05:30:00,
2018-05-10 05:33:00,
2018-05-10 05:36:00,
2018-05-10 05:39:00,
2018-05-10 05:42:00,
2018-05-10 05:45:00,
2018-05-10 05:48:00,
2018-05-10 05:51:00,
2018-05-10 05:54:00,
2018-05-10 05:57:00,
2018-05-10 06:00:00,
2018-05-10 06:03:00,
2018-05-10 06:06:00,
2018-05-10 06:09:00,
2018-05-10 06:12:00,
2018-05-10 06:15:00,
2018-05-10 06:18:00,
2018-05-10 06:21:00,
2018-05-10 06:24:00,
2018-05-10 06:27:00,
2018-05-10 06:30:00,
2018-05-10 06:33:00,
2018-05-10 06:36:00,
2018-05-10 06:39:00,
2018-05-10 06:42:00,
2018-05-10 06:45:00,
2018-05-10 06:48:00,
2018-05-10 06:51:00,
2018-05-10 06:54:00,
2018-05-10 06:57:00,
2018-05-10 07:00:00,
2018-05-10 07:03:00,
2018-05-10 07:06:00,
2018-05-10 07:09:00,
2018-05-10 07:12:00,
2018-05-10 07:15:00,
2018-05-10 07:18:00,
2018-05-10 07:21:00,
2018-05-10 07:24:00,
2018-05-10 07:27:00,
2018-05-10 07:30:00,
2018-05-10 07:33:00,
2018-05-10 07:36:00,
2018-05-10 07:39:00,
2018-05-10 07:42:00,
2018-05-10 07:45:00,
2018-05-10 07:48:00,
2018-05-10 07:51:00,
2018-05-10 07:54:00,
2018-05-10 07:57:00,
2018-05-10 08:00:00,
2018-05-10 08:03:00,
2018-05-10 08:06:00,
2018-05-10 08:09:00,
2018-05-10 08:12:00,
2018-05-10 08:15:00,
2018-05-10 08:18:00,
2018-05-10 08:21:00,
2018-05-10 08:24:00,
2018-05-10 08:27:00,
2018-05-10 08:30:00,
2018-05-10 08:33:00,
2018-05-10 08:36:00,
2018-05-10 08:39:00,
2018-05-10 08:42:00,
2018-05-10 08:45:00,
2018-05-10 08:48:00,
2018-05-10 08:51:00,
2018-05-10 08:54:00,
2018-05-10 08:57:00,
2018-05-10 09:00:00,
2018-05-10 09:03:00,
2018-05-10 09:06:00,
2018-05-10 09:09:00,
2018-05-10 09:12:00,
2018-05-10 09:15:00,
2018-05-10 09:18:00,
2018-05-10 09:21:00,
2018-05-10 09:24:00,
2018-05-10 09:27:00,
2018-05-10 09:30:00,
2018-05-10 09:33:00,
2018-05-10 09:36:00,
2018-05-10 09:39:00,
2018-05-10 09:42:00,
2018-05-10 09:45:00,
2018-05-10 09:48:00,
2018-05-10 09:51:00,
2018-05-10 09:54:00,
2018-05-10 09:57:00,
2018-05-10 10:00:00,0.36200750922455427
2018-05-10 10:03:00,0.29877314866132565
2018-05-10 10:06:00,0.42027495369239887
2018-05-10 10:09:00,0.36336283279570125
2018-05-10 10:12:00,0.3561629196220224
2018-05-10 10:15:00,0.2901418126110116
2018-05-10 10:18:00,0.2781120729257509
2018-05-10 10:21:00,0.30892877338050084
2018-05-10 10:24:00,0.25842217464833084
2018-05-10 10:27:00,0.29370637739197036
2018-05-10 10:30:00,0.3376584887590752
2018-05-10 10:33:00,0.3014109843165329
2018-05-10 10:36:00,0.29217804016076343
2018-05-10 10:39:00,0.23709214255342204
2018-05-10 10:42:00,0.21773616231973847
2018-05-10 10:45:00,0.13338605592713293
2018-05-10 10:48:00,0.1568584611922006
2018-05-10 10:51:00,0.2583733869503817
2018-05-10 10:54:00,0.20153105221913847
2018-05-10 10:57:00,0.13495264435834997
2018-05-10 11:00:00,0.2000386408105328
2018-05-10 11:03:00,0.16995108607710563
2018-05-10 11:06:00,0.24554683989958903
2018-05-10 11:09:00,0.1296207770279807
2018-05-10 11:12:00,0.23491099430833629
2018-05-10 11:15:00,0.24970456007099529
2018-05-10 11:18:00,0.16553856000706446
2018-05-10 11:21:00,0.1932237755347046
2018-05-10 11:24:00,0.2132330425836244
2018-05-10 11:27:00,0.2641307034770648
2018-05-10 11:30:00,0.2578978517313999
2018-05-10 11:33:00,0.028525610368660637
2018-05-10 11:36:00,0.005307120312807001
2018-05-10 11:39:00,-0.014594337037067362
2018-05-10 11:42:00,-0.08758384822050402
2018-05-10 11:45:00,0.16407212331017718
2018-05-10 11:48:00,-0.009549984120951649
2018-05-10 11:51:00,0.023148535702944173
2018-05-10 11:54:00,-0.07008841124928722
2018-05-10 11:57:00,-0.060142393080923284
2018-05-10 12:00:00,-0.015353413880575317
2018-05-10 12:03:00,0.0534115594840614
2018-05-10 12:06:00,-0.11564254378851047
2018-05-10 12:09:00,0.013481901053580714
2018-05-10 12:12:00,-0.010207021076666933
2018-05-10 12:15:00,0.10330196648544643
2018-05-10 12:18:00,-0.02027392908365755
2018-05-10 12:21:00,-0.036542658678229145
2018-05-10 12:24:00,-0.07751287196299472
2018-05-10 12:27:00,-0.09165294498797039
2018-05-10 12:30:00,0.033121954803846165
2018-05-10 12:33:00,-0.02366249546889776
2018-05-10 12:36:00,-0.0735366204831962
2018-05-10 12:39:00,-0.06696898953174468
2018-05-10 12:42:00,-0.04307651206255514
2018-05-10 12:45:00,-0.08399165695192323
2018-05-10 12:48:00,-0.207344291443178
2018-05-10 12:51:00,-0.09523122052041799
2018-05-10 12:54:00,-0.011681745926296117
2018-05-10 12:57:00,-0.03452499165757672
2018-05-10 13:00:00,0.037411249330943974
2018-05-10 13:03:00,0.14734689001085144
2018-05-10 13:06:00,0.2315530047236507
2018-05-10 13:09:00,0.28189149063729246
2018-05-10 13:12:00,0.26152238840455766
2018-05-10 13:15:00,0.3339108355614826
2018-05-10 13:18:00,0.2995011686539897
2018-05-10 13:21:00,0.3226456272081464
2018-05-10 13:24:00,0.39625162526516533
2018-05-10 13:27:00,0.3416877002345018
2018-05-10 13:30:00,0.4829988118617621
2018-05-10 13:33:00,0.44899330603129783
2018-05-10 13:36:00,0.46101068004088575
2018-05-10 13:39:00,0.5145149342465061
2018-05-10 13:42:00,0.5412405693217011
2018-05-10 13:45:00,0.5178626985925234
2018-05-10 13:48:00,0.3901325083708116
2018-05-10 13:51:00,0.37036369901107946
2018-05-10 13:54:00,0.2924875029889904
2018-05-10 13:57:00,0.15362756087944263
2018-05-10 14:00:00,0.23133713670858924
2018-05-10 14:03:00,0.12986929858954
2018-05-10 14:06:00,0.12196269367137802
2018-05-10 14:09:00,0.2221597206848287
2018-05-10 14:12:00,0.2562262877929129
2018-05-10 14:15:00,0.2120750228877455
2018-05-10 14:18:00,0.405715944351698
2018-05-10 14:21:00,0.3494193895056128
2018-05-10 14:24:00,0.5105696627299494
2018-05-10 14:27:00,0.5201204637813817
2018-05-10 14:30:00,0.3428241338372118
2018-05-10 14:33:00,0.3842726449885845
2018-05-10 14:36:00,0.4970850782196976
2018-05-10 14:39:00,0.4138488969674654
2018-05-10 14:42:00,0.5063410533695105
2018-05-10 14:45:00,0.3801414502825651
2018-05-10 14:48:00,0.362372744393042
2018-05-10 14:51:00,0.40150040645448826
2018-05-10 14:54:00,0.3114650501054257
2018-05-10 14:57:00,0.12369189069244158
2018-05-10 15:00:00,0.14128580303480476
2018-05-10 15:03:00,0.22001055502107647
2018-05-10 15:06:00,0.24295241944940926
2018-05-10 15:09:00,0.17906605967857558
2018-05-10 15:12:00,0.21511011551223191
2018-05-10 15:15:00,0.2325706276195092
2018-05-10 15:18:00,0.28744893018870243
2018-05-10 15:21:00,0.28696984580079743
2018-05-10 15:24:00,0.2831489360162891
2018-05-10 15:27:00,0.30348650896564777
2018-05-10 15:30:00,0.35028589472165095
2018-05-10 15:33:00,0.2811383809643644
2018-05-10 15:36:00,0.2273264394253829
2018-05-10 15:39:00,0.24957500859613901
2018-05-10 15:42:00,0.15469698734614212
2018-05-10 15:45:00,0.2824097877277154
2018-05-10 15:48:00,0.2038473227996178
2018-05-10 15:51:00,0.2510046358784166
2018-05-10 15:54:00,0.17550503896836744
2018-05-10 15:57:00,0.176272277539681
2018-05-10 16:00:00,0.012716581233064517
2018-05-10 16:03:00,0.005300741610938076
2018-05-10 16:06:00,0.21032407856182544
2018-05-10 16:09:00,-0.011273999982279292
2018-05-10 16:12:00,0.11430470939870929
2018-05-10 16:15:00,0.035630524237149075
2018-05-10 16:18:00,0.19252961046265682
2018-05-10 16:21:00,0.07252751069211172
2018-05-10 16:24:00,0.1553446894932904
2018-05-10 16:27:00,0.2546632426774522
2018-05-10 16:30:00,0.2072949558628352
2018-05-10 16:33:00,0.20291981385156532
2018-05-10 16:36:00,0.2842827222012261
2018-05-10 16:39:00,0.13973856842937948
2018-05-10 16:42:00,0.28646192082339894
2018-05-10 16:45:00,0.12977211635893582
2018-05-10 16:48:00,0.24896176308027407
2018-05-10 16:51:00,0.22607888943957732
2018-05-10 16:54:00,0.21621839884312521
2018-05-10 16:57:00,0.3079151721616995
2018-05-10 17:00:00,0.23045543078791297
2018-05-10 17:03:00,0.13645356374144058
2018-05-10 17:06:00,0.10741394254245051
2018-05-10 17:09:00,0.38523126313577905
2018-05-10 17:12:00,0.3427070045313485
2018-05-10 17:15:00,0.4173185072124852
2018-05-10 17:18:00,0.4736748258608259
2018-05-10 17:21:00,0.41991490540192444
2018-05-10 17:24:00,0.4562713846244719
2018-05-10 17:27:00,0.548891606519021
2018-05-10 17:30:00,0.5171439135781384
2018-05-10 17:33:00,0.47037481555406657
2018-05-10 17:36:00,0.3848729514536444
2018-05-10 17:39:00,0.4027397680093827
2018-05-10 17:42:00,0.4123489962700546
2018-05-10 17:45:00,0.2979638589909541
2018-05-10 17:48:00,0.08480432095603874
2018-05-10 17:51:00,0.2333478443543413
2018-05-10 17:54:00,0.21535643532956783
2018-05-10 17:57:00,0.29067643925446873
2018-05-10 18:00:00,0.3698806773688261
2018-05-10 18:03:00,0.3025995502584351
2018-05-10 18:06:00,0.37344867578309504
2018-05-10 18:09:00,0.4212365286351769
2018-05-10 18:12:00,0.48527717926810965
2018-05-10 18:15:00,0.6626651934082588
2018-05-10 18:18:00,0.603256007975915
2018-05-10 18:21:00,0.46826140490452417
2018-05-10 18:24:00,0.45858104829420654
2018-05-10 18:27:00,0.5616925329413789
2018-05-10 18:30:00,0.455796985881193
2018-05-10 18:33:00,0.6845958520549971
2018-05-10 18:36:00,0.7398525818282451
2018-05-10 18:39:00,0.8145246727855806
2018-05-10 18:42:00,0.57951750286486
2018-05-10 18:45:00,0.7803948939276779
2018-05-10 18:48:00,0.7953632029764321
2018-05-10 18:51:00,0.6945418786565938
2018-05-10 18:54:00,0.8458392077843655
2018-05-10 18:57:00,
2018-05-10 19:00:00,
2018-05-10 19:03:00,
2018-05-10 19:06:00,
2018-05-10 19:09:00,
2018-05-10 19:12:00,
2018-05-10 19:15:00,
2018-05-10 19:18:00,
2018-05-10 19:21:00,
2018-05-10 19:24:00,
2018-05-10 19:27:00,
2018-05-10 19:30:00,
2018-05-10 19:33:00,
2018-05-10 19:36:00,
2018-05-10 19:39:00,
2018-05-10 19:42:00,
2018-05-10 19:45:00,
2018-05-10 19:48:00,
2018-05-10 19:51:00,
2018-05-10 19:54:00,
2018-05-10 19:57:00,
2018-05-10 20:00:00,
2018-05-10 20:03:00,
2018-05-10 20:06:00,
2018-05-10 20:09:00,
2018-05-10 20:12:00,
2018-05-10 20:15:00,
2018-05-10 20:18:00,
2018-05-10 20:21:00,
2018-05-10 20:24:00,
2018-05-10 20:27:00,
2018-05-10 20:30:00,
2018-05-10 20:33:00,
2018-05-10 20:36:00,
2018-05-10 20:39:00,
2018-05-10 20:42:00,
2018-05-10 20:45:00,
2018-05-10 20:48:00,
2018-05-10 20:51:00,
2018-05-10 20:54:00,
2018-05-10 20:57:00,
2018-05-10 21:00:00,
2018-05-10 21:03:00,
2018-05-10 21:06:00,
2018-05-10 21:09:00,
2018-05-10 21:12:00,
2018-05-10 21:15:00,
2018-05-10 21:18:00,
2018-05-10 21:21:00,
2018-05-10 21:24:00,
2018-05-10 21:27:00,
2018-05-10 21:30:00,
2018-05-10 21:33:00,
2018-05-10 21:36:00,
2018-05-10 21:39:00,
2018-05-10 21:42:00,
2018-05-10 21:45:00,
2018-05-10 21:48:00,
2018-05-10 21:51:00,
2018-05-10 21:54:00,
2018-05-10 21:57:00,
2018-05-10 22:00:00,
2018-05-10 22:03:00,
2018-05-10 22:06:00,
2018-05-10 22:09:00,
2018-05-10 22:12:00,
2018-05-10 22:15:00,
2018-05-10 22:18:00,
2018-05-10 22:21:00,
2018-05-10 22:24:00,
2018-05-10 22:27:00,
2018-05-10 22:30:00,
2018-05-10 22:33:00,
2018-05-10 22:36:00,
2018-05-10 22:39:00,
2018-05-10 22:42:00,
2018-05-10 22:45:00,
2018-05-10 22:48:00,
2018-05-10 22:51:00,
2018-05-10 22:54:00,
2018-05-10 22:57:00,
2018-05-10 23:00:00,
2018-05-10 23:03:00,
2018-05-10 23:06:00,
2018-05-10 23:09:00,
2018-05-10 23:12:00,
2018-05-10 23:15:00,
2018-05-10 23:18:00,
2018-05-10 23:21:00,
2018-05-10 23:24:00,
2018-05-10 23:27:00,
2018-05-10 23:30:00,
2018-05-10 23:33:00,
2018-05-10 23:36:00,
2018-05-10 23:39:00,
2018-05-10 23:42:00,
2018-05-10 23:45:00,
2018-05-10 23:48:00,
2018-05-10 23:51:00,
2018-05-10 23:54:00,
2018-05-10 23:57:00,0.37810499134263864
2018-05-11 00:00:00,0.5563885594694398
2018-05-11 00:03:00,0.5748337087862865
2018-05-11 00:06:00,0.5796208198899535
2018-05-11 00:09:00,0.5012684307051245
2018-05-11 00:12:00,0.48081232814126906
2018-05-11 00:15:00,0.6129074172945934
2018-05-11 00:18:00,0.4986769052806608
2018-05-11 00:21:00,0.5545962941031917
2018-05-11 00:24:00,0.6336373828495994
2018-05-11 00:27:00,0.5610442260657464
2018-05-11 00:30:00,0.584027157342291
2018-05-11 00:33:00,0.41729704878520124
2018-05-11 00:36:00,0.4571672771400017
2018-05-11 00:39:00,0.42255105053550324
2018-05-11 00:42:00,0.4646322572434656
2018-05-11 00:45:00,0.44972678492746354
2018-05-11 00:48:00,0.483642214035342
2018-05-11 00:51:00,0.5501100163425576
2018-05-11 00:54:00,0.5506292939143691
2018-05-11 00:57:00,0.529763626369629
2018-05-11 01:00:00,0.5456424963833797
2018-05-11 01:03:00,0.5418775389308053
2018-05-11 01:06:00,0.5323095901846955
2018-05-11 01:09:00,0.3876461451627051
2018-05-11 01:12:00,0.3995780489946128
2018-05-11 01:15:00,0.36996182623215645
2018-05-11 01:18:00,0.3538053230058722
2018-05-11 01:21:00,0.39330253753780653
2018-05-11 01:24:00,0.3358530340725565
2018-05-11 01:27:00,0.4276124405823225
2018-05-11 01:30:00,0.572253515618911
2018-05-11 01:33:00,0.6519889129932039
2018-05-11 01:36:00,0.6131075456775648
2018-05-11 01:39:00,0.7685408215468215
2018-05-11 01:42:00,0.9203995514200756
2018-05-11 01:45:00,0.7218019607870474
2018-05-11 01:48:00,0.7397385692775629
2018-05-11 01:51:00,0.7946127833881178
2018-05-11 01:54:00,0.923480693891463
2018-05-11 01:57:00,0.8041800167374618
2018-05-11 02:00:00,0.7747494298910738
2018-05-11 02:03:00,0.9086386088663403
2018-05-11 02:06:00,0.9167015953031523
2018-05-11 02:09:00,0.8904316063069473
2018-05-11 02:12:00,0.8015485317444018
2018-05-11 02:15:00,0.8400584226772025
2018-05-11 02:18:00,0.8491490190810964
2018-05-11 02:21:00,0.7260002930018459
2018-05-11 02:24:00,0.7477842246699424
2018-05-11 02:27:00,0.577893965218891
2018-05-11 02:30:00,0.6507253109119233
2018-05-11 02:33:00,0.7012305443656146
2018-05-11 02:36:00,0.5028304073683785
2018-05-11 02:39:00,0.6384256550610985
2018-05-11 02:42:00,0.5697275032604807
2018-05-11 02:45:00,0.6189633123696012
2018-05-11 02:48:00,0.5670020313012287
2018-05-11 02:51:00,0.6437185189150796
2018-05-11 02:54:00,0.652016276346103
2018-05-11 02:57:00,0.6006027098201798
2018-05-11 03:00:00,0.5829545930265567
2018-05-11 03:03:00,0.6416875501860773
2018-05-11 03:06:00,0.5356744237174098
2018-05-11 03:09:00,0.5553172701322637
2018-05-11 03:12:00,0.45740426478369045
2018-05-11 03:15:00,0.674115433527561
2018-05-11 03:18:00,0.48022071986758874
2018-05-11 03:21:00,0.575459050425934
2018-05-11 03:24:00,0.5934614855466975
2018-05-11 03:27:00,0.5853143445439173
2018-05-11 03:30:00,0.5229498414626619
2018-05-11 03:33:00,0.6131512148959359
2018-05-11 03:36:00,0.5528831148142785
2018-05-11 03:39:00,0.6503266710246862
2018-05-11 03:42:00,0.5543733439760103
2018-05-11 03:45:00,0.4908999717432039
2018-05-11 03:48:00,0.4585015446303373
2018-05-11 03:51:00,0.49632772077865184
2018-05-11 03:54:00,0.533161432113161
2018-05-11 03:57:00,0.4755213630845674
2018-05-11 04:00:00,0.5497567323244539
2018-05-11 04:03:00,0.45191553003485296
2018-05-11 04:06:00,0.4517084513282157
2018-05-11 04:09:00,0.4623055453778875
2018-05-11 04:12:00,0.4949607782711496
2018-05-11 04:15:00,0.46108207315961636
2018-05-11 04:18:00,0.46561581336868585
2018-05-11 04:21:00,0.3812503203203619
2018-05-11 04:24:00,0.4855019881770204
2018-05-11 04:27:00,0.35096261542707907
2018-05-11 04:30:00,0.41145435260477825
2018-05-11 04:33:00,0.44048699725072993
2018-05-11 04:36:00,0.48914681960081907
2018-05-11 04:39:00,0.41979623470126626
2018-05-11 04:42:00,0.5144992366532506
2018-05-11 04:45:00,0.43210800848908093
2018-05-11 04:48:00,0.3954738552852177
2018-05-11 04:51:00,0.501109425542893
2018-05-11 04:54:00,0.46385588015260737
2018-05-11 04:57:00,0.48452704979155214
2018-05-11 05:00:00,0.576265377504285
2018-05-11 05:03:00,0.5645205516723308
2018-05-11 05:06:00,0.47115895430982846
2018-05-11 05:09:00,0.4994918056740403
2018-05-11 05:12:00,0.4755315893383454
2018-05-11 05:15:00,0.5414272709235206
2018-05-11 05:18:00,0.5266280494094531
2018-05-11 05:21:00,0.5860923112505816
2018-05-11 05:24:00,0.5523196095713274
2018-05-11 05:27:00,0.4862706531106369
2018-05-11 05:30:00,0.5668849796022641
2018-05-11 05:33:00,0.5522609140685972
2018-05-11 05:36:00,0.5120296845812504
2018-05-11 05:39:00,0.45565142549912707
2018-05-11 05:42:00,0.48708460652079566
2018-05-11 05:45:00,0.5871187094517154
2018-05-11 05:48:00,0.6105049779784508
2018-05-11 05:51:00,0.6279274837904723
2018-05-11 05:54:00,0.527262454323477
2018-05-11 05:57:00,0.5692590291261581
2018-05-11 06:00:00,0.4729718529433171
2018-05-11 06:03:00,0.5060315616665321
2018-05-11 06:06:00,0.4543691795787481
2018-05-11 06:09:00,0.5584670391842792
2018-05-11 06:12:00,0.5291935708929714
2018-05-11 06:15:00,0.5885924077667823
2018-05-11 06:18:00,0.5345435992360876
2018-05-11 06:21:00,0.5160185141600664
2018-05-11 06:24:00,0.4894120439070093
2018-05-11 06:27:00,0.4689578840061017
2018-05-11 06:30:00,0.5322323634979966
2018-05-11 06:33:00,0.5073529546445457
2018-05-11 06:36:00,0.5563841323290717
2018-05-11 06:39:00,0.49747750287576764
2018-05-11 06:42:00,0.5571545655211025
2018-05-11 06:45:00,0.5190455315972713
2018-05-11 06:48:00,0.4990957153111708
2018-05-11 06:51:00,0.5422316556505962
2018-05-11 06:54:00,0.49884252906548454
2018-05-11 06:57:00,0.4546413458049301
2018-05-11 07:00:00,0.5515423897072083
2018-05-11 07:03:00,0.5746735693463734
2018-05-11 07:06:00,0.524312935008652
2018-05-11 07:09:00,0.5104220535212676
2018-05-11 07:12:00,0.5363970036889896
2018-05-11 07:15:00,0.5540119207428233
2018-05-11 07:18:00,0.6119936463035174
2018-05-11 07:21:00,0.5543681362793791
2018-05-11 07:24:00,0.5668420870665045
2018-05-11 07:27:00,0.5593270967136732
2018-05-11 07:30:00,0.5374426339041634
2018-05-11 07:33:00,0.5560930719669273
2018-05-11 07:36:00,0.6266133037690338
2018-05-11 07:39:00,0.5784130577004589
2018-05-11 07:42:00,0.5356642636588731
2018-05-11 07:45:00,0.5984777819795681
2018-05-11 07:48:00,0.5308366291319544
2018-05-11 07:51:00,0.6147105288477519
2018-05-11 07:54:00,0.5450195781519369
2018-05-11 07:57:00,0.5744838182713465
2018-05-11 08:00:00,0.512865506934304
2018-05-11 08:03:00,0.6178085380809648
2018-05-11 08:06:00,0.4832161210683239
2018-05-11 08:09:00,0.526223313767332
2018-05-11 08:12:00,0.5603124963408277
2018-05-11 08:15:00,0.5583928682013948
2018-05-11 08:18:00,0.5861960965074786
2018-05-11 08:21:00,0.5626898776787357
2018-05-11 08:24:00,0.56629189600784
2018-05-11 08:27:00,0.4835479078638514
2018-05-11 08:30:00,0.5130593196976179
2018-05-11 08:33:00,0.5281637898327176
2018-05-11 08:36:00,0.4969531310466664
2018-05-11 08:39:00,0.4920352464849316
2018-05-11 08:42:00,0.48757598719095085
2018-05-11 08:45:00,0.4707526361190162
2018-05-11 08:48:00,0.5274214097115646
2018-05-11 08:51:00,0.4955527802434858
2018-05-11 08:54:00,0.43522058376464656
2018-05-11 08:57:00,0.4534144343714388
2018-05-11 09:00:00,0.509378976928474
2018-05-11 09:03:00,0.440071041123133
2018-05-11 09:06:00,0.3317007476959475
2018-05-11 09:09:00,0.47205641260018183
2018-05-11 09:12:00,0.4300663343699398
2018-05-11 09:15:00,0.4599323043092909
2018-05-11 09:18:00,0.42895668050778113
2018-05-11 09:21:00,0.4609500904356878
2018-05-11 09:24:00,0.4147238757433911
2018-05-11 09:27:00,0.47625974358896883
2018-05-11 09:30:00,0.41833545687995866
2018-05-11 09:33:00,0.483108362983387
2018-05-11 09:36:00,0.46075240278793217
2018-05-11 09:39:00,0.3792604677823306
2018-05-11 09:42:00,0.41297813831397434
2018-05-11 09:45:00,0.37672782060741383
2018-05-11 09:48:00,0.41139554903242015
2018-05-11 09:51:00,0.3602131129206896
2018-05-11 09:54:00,0.36584796041148593
2018-05-11 09:57:00,0.3289877906187826
2018-05-11 10:00:00,0.36438666001657793
2018-05-11 10:03:00,0.3450533695664717
2018-05-11 10:06:00,0.34677311993692683
2018-05-11 10:09:00,0.32395919600753587
2018-05-11 10:12:00,0.21656468463731926
2018-05-11 10:15:00,0.3078528936966336
2018-05-11 10:18:00,0.3349447895313915
2018-05-11 10:21:00,0.2787298588381759
2018-05-11 10:24:00,0.2551790889045833
2018-05-11 10:27:00,0.2933829806556787
2018-05-11 10:30:00,0.24626657169824284
2018-05-11 10:33:00,0.28887859269548244
2018-05-11 10:36:00,0.3423026649842882
2018-05-11 10:39:00,0.1776051012770381
2018-05-11 10:42:00,0.17031709425975805
2018-05-11 10:45:00,0.18397835885872382
2018-05-11 10:48:00,0.1965904566280301
2018-05-11 10:51:00,0.23039358732347637
2018-05-11 10:54:00,0.29916102172308
2018-05-11 10:57:00,0.09320978932612434
2018-05-11 11:00:00,0.27081915309861415
2018-05-11 11:03:00,0.09545211600345738
2018-05-11 11:06:00,0.12858712110670467
2018-05-11 11:09:00,0.17324625073757716
2018-05-11 11:12:00,0.14023202657807587
2018-05-11 11:15:00,0.03347636720769742
2018-05-11 11:18:00,0.19955413608693107
2018-05-11 11:21:00,0.13151169620891778
2018-05-11 11:24:00,0.09211839187969417
2018-05-11 11:27:00,0.06927282855451722
2018-05-11 11:30:00,0.10659058516392861
2018-05-11 11:33:00,0.1243304568084227
2018-05-11 11:36:00,0.1387552028936625
2018-05-11 11:39:00,0.10796649859179297
2018-05-11 11:42:00,0.1374092625492267
2018-05-11 11:45:00,0.18315600968543322
2018-05-11 11:48:00,0.056987567851365384
2018-05-11 11:51:00,0.1851995761757621
2018-05-11 11:54:00,0.16569743093435818
2018-05-11 11:57:00,0.12191907265952295
2018-05-11 12:00:00,0.05616503005768436
2018-05-11 12:03:00,0.07935964053007183
2018-05-11 12:06:00,0.16036143176512496
2018-05-11 12:09:00,0.08255647170932434
2018-05-11 12:12:00,0.06373494662256007
2018-05-11 12:15:00,0.131680234366911
2018-05-11 12:18:00,0.13988782219684026
2018-05-11 12:21:00,0.2269252312981962
2018-05-11 12:24:00,0.3681110500810405
2018-05-11 12:27:00,0.4274586937707454
2018-05-11 12:30:00,0.49532068474957214
2018-05-11 12:33:00,0.45523945572966795
2018-05-11 12:36:00,0.3427623730462983
2018-05-11 12:39:00,0.40223644805638514
2018-05-11 12:42:00,0.5126932733326157
2018-05-11 12:45:00,0.3005913260350326
2018-05-11 12:48:00,0.21298739235976427
2018-05-11 12:51:00,0.351854363005657
2018-05-11 12:54:00,0.33332736142784825
2018-05-11 12:57:00,0.2883365530485662
2018-05-11 13:00:00,0.47521712518511094
2018-05-11 13:03:00,0.29546054883991246
2018-05-11 13:06:00,0.29442845590364186
2018-05-11 13:09:00,0.4437398537692161
2018-05-11 13:12:00,0.6019361188402286
2018-05-11 13:15:00,0.7315753140999846
2018-05-11 13:18:00,0.5951924491315026
2018-05-11 13:21:00,0.5097326325446261
2018-05-11 13:24:00,0.6164929882025376
2018-05-11 13:27:00,0.5729116912548875
2018-05-11 13:30:00,0.7486818568063427
2018-05-11 13:33:00,0.6405661381014056
2018-05-11 13:36:00,0.5769513202646976
2018-05-11 13:39:00,0.8217160104402979
2018-05-11 13:42:00,0.7690973047617149
2018-05-11 13:45:00,0.41628528691342126
2018-05-11 13:48:00,0.29938488599236734
2018-05-11 13:51:00,0.2733255418250451
2018-05-11 13:54:00,0.3248100192033121
2018-05-11 13:57:00,0.28368654164120244
2018-05-11 14:00:00,0.2998929956774532
2018-05-11 14:03:00,0.31281975489025626
2018-05-11 14:06:00,0.4951108999348435
2018-05-11 14:09:00,0.6219287760914654
2018-05-11 14:12:00,0.5517833739999105
2018-05-11 14:15:00,0.44169542386180183
2018-05-11 14:18:00,0.4503051222453678
2018-05-11 14:21:00,0.518836222757102
2018-05-11 14:24:00,0.5093483221871224
2018-05-11 14:27:00,0.4351504431920148
2018-05-11 14:30:00,0.3466543255655097
2018-05-11 14:33:00,0.28627382888066677
2018-05-11 14:36:00,0.23155414963531484
2018-05-11 14:39:00,0.3014898498911407
2018-05-11 14:42:00,0.3155420099898265
2018-05-11 14:45:00,0.4701661473596914
2018-05-11 14:48:00,0.24494570494778145
2018-05-11 14:51:00,0.33082013394306387
2018-05-11 14:54:00,0.47687611028590027
2018-05-11 14:57:00,0.4801724849015727
2018-05-11 15:00:00,0.557689091931934
2018-05-11 15:03:00,0.39311291987240793
2018-05-11 15:06:00,0.43928973142158156
2018-05-11 15:09:00,0.4439538365868998
2018-05-11 15:12:00,0.4775036004706976
2018-05-11 15:15:00,0.4775171700221108
2018-05-11 15:18:00,0.5048661999731507
2018-05-11 15:21:00,0.522947290145737
2018-05-11 15:24:00,0.44593222033637403
2018-05-11 15:27:00,0.37551038957144556
2018-05-11 15:30:00,0.466265469919108
2018-05-11 15:33:00,0.5078788686101348
2018-05-11 15:36:00,0.42057277376136426
2018-05-11 15:39:00,0.42175968764559
2018-05-11 15:42:00,0.37090705920746814
2018-05-11 15:45:00,0.3054143585323459
2018-05-11 15:48:00,0.387027606096467
2018-05-11 15:51:00,0.26300061625556737
2018-05-11 15:54:00,0.4157563503766255
2018-05-11 15:57:00,0.36771970160066303
2018-05-11 16:00:00,0.27499335551465265
2018-05-11 16:03:00,0.49474114505363787
2018-05-11 16:06:00,0.3188992619247415
2018-05-11 16:09:00,0.3006972489624218
2018-05-11 16:12:00,0.26640358164024747
2018-05-11 16:15:00,0.3269929517485366
2018-05-11 16:18:00,0.29492605894398594
2018-05-11 16:21:00,0.2251221058160695
2018-05-11 16:24:00,0.32516373969724555
2018-05-11 16:27:00,0.29553976661742354
2018-05-11 16:30:00,0.3042231194197029
2018-05-11 16:33:00,0.2581376721309425
2018-05-11 16:36:00,0.25563944210870204
2018-05-11 16:39:00,0.2505348519759991
2018-05-11 16:42:00,0.25826310490515425
2018-05-11 16:45:00,0.16096602079772993
2018-05-11 16:48:00,0.27371312021961103
2018-05-11 16:51:00,0.24302181368585707
2018-05-11 16:54:00,0.19614071013666035
2018-05-11 16:57:00,0.1088373252031829
2018-05-11 17:00:00,0.10339604542974712
2018-05-11 17:03:00,0.12178234703475255
2018-05-11 17:06:00,0.2312054983687517
2018-05-11 17:09:00,0.18616030350682422
2018-05-11 17:12:00,0.3098977283730733
2018-05-11 17:15:00,0.2387319192354198
2018-05-11 17:18:00,0.17622083506478248
2018-05-11 17:21:00,0.17657436661050951
2018-05-11 17:24:00,0.23083209396543225
2018-05-11 17:27:00,0.1336343121154755
2018-05-11 17:30:00,0.23935149504887931
2018-05-11 17:33:00,0.21972783301566778
2018-05-11 17:36:00,0.10325630456964063
2018-05-11 17:39:00,0.20987365730223928
2018-05-11 17:42:00,0.14473621240648527
2018-05-11 17:45:00,0.17663439154449634
2018-05-11 17:48:00,0.11175133606974441
2018-05-11 17:51:00,0.159603047142582
2018-05-11 17:54:00,0.05315679898245662
2018-05-11 17:57:00,0.12226979959058326
2018-05-11 18:00:00,0.1531250363068466
2018-05-11 18:03:00,0.18712590434950016
2018-05-11 18:06:00,0.17526761862592366
2018-05-11 18:09:00,0.08383431052800461
2018-05-11 18:12:00,0.2178524453557884
2018-05-11 18:15:00,0.1907191018030403
2018-05-11 18:18:00,0.11060824090344568
2018-05-11 18:21:00,0.08748059689673937
2018-05-11 18:24:00,0.16852924072270525
2018-05-11 18:27:00,0.19099188364572228
2018-05-11 18:30:00,0.21171306270861123
2018-05-11 18:33:00,0.12564207795560378
2018-05-11 18:36:00,0.10076218573078677
2018-05-11 18:39:00,0.14080162849012368
2018-05-11 18:42:00,0.22598099857992793
2018-05-11 18:45:00,0.1964124589904941
2018-05-11 18:48:00,0.2200830835765828
2018-05-11 18:51:00,0.18476970939894954
2018-05-11 18:54:00,
2018-05-11 18:57:00,
2018-05-11 19:00:00,
2018-05-11 19:03:00,0.1521976434249268
2018-05-11 19:06:00,0.2156458049408343
2018-05-11 19:09:00,0.23268355573861754
2018-05-11 19:12:00,0.24794052375585807
2018-05-11 19:15:00,0.20038695784739957
2018-05-11 19:18:00,0.25950321087316297
2018-05-11 19:21:00,0.23067332421913989
2018-05-11 19:24:00,0.22047205510597223
2018-05-11 19:27:00,0.14786637287966187
2018-05-11 19:30:00,0.2086351146595007
2018-05-11 19:33:00,0.28489928202390047
2018-05-11 19:36:00,0.31622896355509056
2018-05-11 19:39:00,0.22630079473623255
2018-05-11 19:42:00,0.17505649863301187
2018-05-11 19:45:00,0.23200749024988454
2018-05-11 19:48:00,0.15500371669526203
2018-05-11 19:51:00,0.24697195147552975
2018-05-11 19:54:00,0.33739886063870017
2018-05-11 19:57:00,0.27983071075453836
2018-05-11 20:00:00,0.2958579523129856
2018-05-11 20:03:00,0.32057621588540997
2018-05-11 20:06:00,0.3915007951319467
2018-05-11 20:09:00,0.2586792255893897
2018-05-11 20:12:00,0.2537452947595398
2018-05-11 20:15:00,0.3415380634242524
2018-05-11 20:18:00,0.3215358740337706
2018-05-11 20:21:00,0.3595838856595037
2018-05-11 20:24:00,0.281303637662063
2018-05-11 20:27:00,0.3434230361805817
2018-05-11 20:30:00,0.20712896303899697
2018-05-11 20:33:00,0.3349966489085432
2018-05-11 20:36:00,0.39967960591548035
2018-05-11 20:39:00,0.41890206542029773
2018-05-11 20:42:00,0.2845186863150957
2018-05-11 20:45:00,0.2977738159577257
2018-05-11 20:48:00,0.28084573856318684
2018-05-11 20:51:00,0.339649863055115
2018-05-11 20:54:00,0.24950707617136914
2018-05-11 20:57:00,0.3048793354680015
2018-05-11 21:00:00,0.36116355126938515
2018-05-11 21:03:00,0.3355885215878516
2018-05-11 21:06:00,0.36132998411505923
2018-05-11 21:09:00,0.3068263290603568
2018-05-11 21:12:00,0.3679569053018099
2018-05-11 21:15:00,0.26979120036634185
2018-05-11 21:18:00,0.3301394698723925
2018-05-11 21:21:00,0.27858909103196083
2018-05-11 21:24:00,0.41941951627586604
2018-05-11 21:27:00,0.3392839481566625
2018-05-11 21:30:00,0.26913222262652425
2018-05-11 21:33:00,0.23223963719976837
2018-05-11 21:36:00,0.3644723717466718
2018-05-11 21:39:00,0.3319272466997063
2018-05-11 21:42:00,0.3538462518868073
2018-05-11 21:45:00,0.37808645225584314
2018-05-11 21:48:00,0.24159077108453175
2018-05-11 21:51:00,0.3720247487467532
2018-05-11 21:54:00,0.3459935761385964
2018-05-11 21:57:00,0.2645911934450851
2018-05-11 22:00:00,0.350882376887796
2018-05-11 22:03:00,0.32421910840423607
2018-05-11 22:06:00,0.30888817981866623
2018-05-11 22:09:00,0.4035302108450196
2018-05-11 22:12:00,0.36408698259816674
2018-05-11 22:15:00,0.4033343960776392
2018-05-11 22:18:00,0.30243201057629676
2018-05-11 22:21:00,0.4232931690154942
2018-05-11 22:24:00,0.4029411046622613
2018-05-11 22:27:00,0.44977841821742004
2018-05-11 22:30:00,0.4013517623025109
2018-05-11 22:33:00,0.39648762273031934
2018-05-11 22:36:00,0.4997406083063538
2018-05-11 22:39:00,0.3773877719130496
2018-05-11 22:42:00,0.5645146154591885
2018-05-11 22:45:00,0.5020948207763354
2018-05-11 22:48:00,0.43465020984643843
2018-05-11 22:51:00,0.48533502717225474
2018-05-11 22:54:00,0.45920423470312244
2018-05-11 22:57:00,0.401358450222574
2018-05-11 23:00:00,0.4256369828756874
2018-05-11 23:03:00,0.35544519097919647
2018-05-11 23:06:00,0.44723667658314525
2018-05-11 23:09:00,0.4311566456150331
2018-05-11 23:12:00,0.4493875988580385
2018-05-11 23:15:00,0.4843007391440892
2018-05-11 23:18:00,0.5559325523163352
2018-05-11 23:21:00,0.49581458214987606
2018-05-11 23:24:00,0.4738597537001965
2018-05-11 23:27:00,0.5111135443468697
2018-05-11 23:30:00,0.46308487236592555
2018-05-11 23:33:00,0.5115071028322404
2018-05-11 23:36:00,0.517093084677299
2018-05-11 23:39:00,0.4816772895360373
2018-05-11 23:42:00,0.4523943756946096
2018-05-11 23:45:00,0.5396856601371383
2018-05-11 23:48:00,0.5108411943263036
2018-05-11 23:51:00,0.5806986358454083
2018-05-11 23:54:00,0.38946587463533433
2018-05-11 23:57:00,0.40893714558922056
2018-05-12 00:00:00,0.4811394456688731
2018-05-12 00:03:00,0.41639876105529083
2018-05-12 00:06:00,0.4267855173706039
2018-05-12 00:09:00,0.46415125173206206
2018-05-12 00:12:00,0.5685990955491889
2018-05-12 00:15:00,0.5172576764263113
2018-05-12 00:18:00,0.5636440276943517
2018-05-12 00:21:00,0.48076328278341407
2018-05-12 00:24:00,0.4721095005754137
2018-05-12 00:27:00,0.5373238838984662
2018-05-12 00:30:00,0.5070126977728933
2018-05-12 00:33:00,0.40611356651754704
2018-05-12 00:36:00,0.54368973470622
2018-05-12 00:39:00,0.501750690672111
2018-05-12 00:42:00,0.4635649947783236
2018-05-12 00:45:00,0.5339270347785714
2018-05-12 00:48:00,0.607330408306666
2018-05-12 00:51:00,0.5604879795111515
2018-05-12 00:54:00,0.5051547229984976
2018-05-12 00:57:00,0.5166455543784991
2018-05-12 01:00:00,0.4643896710925901
2018-05-12 01:03:00,0.441702299154656
2018-05-12 01:06:00,0.49014558922863216
2018-05-12 01:09:00,0.49058306945755703
2018-05-12 01:12:00,0.46437343965300215
2018-05-12 01:15:00,0.48388308215351117
2018-05-12 01:18:00,0.44627360894241974
2018-05-12 01:21:00,0.5545962518260694
2018-05-12 01:24:00,0.4639315986328256
2018-05-12 01:27:00,0.47705797888193047
2018-05-12 01:30:00,0.4354396007346395
2018-05-12 01:33:00,0.46408310050185264
2018-05-12 01:36:00,0.43509480090398256
2018-05-12 01:39:00,0.5511361679544393
2018-05-12 01:42:00,0.5175326614013329
2018-05-12 01:45:00,0.49149488797309004
2018-05-12 01:48:00,0.5766878475629937
2018-05-12 01:51:00,0.44016942938435477
2018-05-12 01:54:00,0.5823138530181495
2018-05-12 01:57:00,0.5460263969570747
2018-05-12 02:00:00,0.5425412408161492
2018-05-12 02:03:00,0.5609418156396373
2018-05-12 02:06:00,0.5492509458516679
2018-05-12 02:09:00,0.5895522949828091
2018-05-12 02:12:00,0.5520500952445673
2018-05-12 02:15:00,0.5806194506406541
2018-05-12 02:18:00,0.5151571274153639
2018-05-12 02:21:00,0.4586834910634252
2018-05-12 02:24:00,0.46774435730912955
2018-05-12 02:27:00,0.5529453522602807
2018-05-12 02:30:00,0.5209255467445928
2018-05-12 02:33:00,0.5148083306104922
2018-05-12 02:36:00,0.45160654497090036
2018-05-12 02:39:00,0.494487058648474
2018-05-12 02:42:00,0.586765097211071
2018-05-12 02:45:00,0.503642621506458
2018-05-12 02:48:00,0.48500684487817125
2018-05-12 02:51:00,0.5307502885208919
2018-05-12 02:54:00,0.5493960017732888
2018-05-12 02:57:00,0.5279367489041533
2018-05-12 03:00:00,0.5051709378478222
2018-05-12 03:03:00,0.5584886796115711
2018-05-12 03:06:00,0.5510838029999263
2018-05-12 03:09:00,0.4655816229691254
2018-05-12 03:12:00,0.5336323288708513
2018-05-12 03:15:00,0.5397521333517261
2018-05-12 03:18:00,0.618229245018199
2018-05-12 03:21:00,0.534719635614124
2018-05-12 03:24:00,0.510089453329897
2018-05-12 03:27:00,0.5827589249082052
2018-05-12 03:30:00,0.5683626163838653
2018-05-12 03:33:00,0.5249765071611137
2018-05-12 03:36:00,0.5519349314050146
2018-05-12 03:39:00,0.5733520291604464
2018-05-12 03:42:00,0.5157664284650991
2018-05-12 03:45:00,0.579681521548423
2018-05-12 03:48:00,0.507187727027258
2018-05-12 03:51:00,0.6741467895985807
2018-05-12 03:54:00,0.5653376444178093
2018-05-12 03:57:00,0.5211624210987793
2018-05-12 04:00:00,0.5281013430733879
2018-05-12 04:03:00,0.6025079722780333
2018-05-12 04:06:00,0.6339081959046666
2018-05-12 04:09:00,0.48942853026562716
2018-05-12 04:12:00,0.5088186015626661
2018-05-12 04:15:00,0.4886145400657824
2018-05-12 04:18:00,0.5342246676052014
2018-05-12 04:21:00,0.5476440607587847
2018-05-12 04:24:00,0.45996955275205664
2018-05-12 04:27:00,0.4824723080175204
2018-05-12 04:30:00,0.645016295529615
2018-05-12 04:33:00,0.5222163656409862
2018-05-12 04:36:00,0.5989832403772652
2018-05-12 04:39:00,0.6084469105072685
2018-05-12 04:42:00,0.6463555025554228
2018-05-12 04:45:00,0.6612528315428676
2018-05-12 04:48:00,0.5533726236537859
2018-05-12 04:51:00,0.6085289573456407
2018-05-12 04:54:00,0.5613311632154137
2018-05-12 04:57:00,0.5209071954166689
2018-05-12 05:00:00,0.643827789444174
2018-05-12 05:03:00,0.561493697395349
2018-05-12 05:06:00,0.5204926352151347
2018-05-12 05:09:00,0.6329507133077072
2018-05-12 05:12:00,0.5675110496978846
2018-05-12 05:15:00,0.5617498593679215
2018-05-12 05:18:00,0.5691586820212251
2018-05-12 05:21:00,0.6607050793118674
2018-05-12 05:24:00,0.5870239194817941
2018-05-12 05:27:00,0.6019225157855317
2018-05-12 05:30:00,0.5285452941374729
2018-05-12 05:33:00,0.5733413926399749
2018-05-12 05:36:00,0.6613602864884456
2018-05-12 05:39:00,0.6272176790288313
2018-05-12 05:42:00,0.531057233918375
2018-05-12 05:45:00,0.5174059193454354
2018-05-12 05:48:00,0.6274966951791612
2018-05-12 05:51:00,0.5954018843012818
2018-05-12 05:54:00,0.6666489458216347
2018-05-12 05:57:00,0.6906475466752227
2018-05-12 06:00:00,0.5356727065144469
2018-05-12 06:03:00,0.590631674138308
2018-05-12 06:06:00,0.5757617080635669
2018-05-12 06:09:00,0.6394994120338993
2018-05-12 06:12:00,0.5681997186966328
2018-05-12 06:15:00,0.7049794596354104
2018-05-12 06:18:00,0.7382210668143898
2018-05-12 06:21:00,0.6773428094130622
2018-05-12 06:24:00,0.6948169619985265
2018-05-12 06:27:00,0.6024203666224821
2018-05-12 06:30:00,0.7483313297797167
2018-05-12 06:33:00,0.7020442262526103
2018-05-12 06:36:00,0.7106771122027453
2018-05-12 06:39:00,0.6311915768130234
2018-05-12 06:42:00,0.6251679180116412
2018-05-12 06:45:00,0.6340988916776382
2018-05-12 06:48:00,0.6914901020401203
2018-05-12 06:51:00,0.6352523122537832
2018-05-12 06:54:00,0.5929894737731729
2018-05-12 06:57:00,0.6406419715839888
2018-05-12 07:00:00,0.6094585107604189
2018-05-12 07:03:00,0.6492076826280027
2018-05-12 07:06:00,0.6561290924688024
2018-05-12 07:09:00,0.7223767236672529
2018-05-12 07:12:00,0.6791968096785581
2018-05-12 07:15:00,0.7575745985278672
2018-05-12 07:18:00,0.5946207309194165
2018-05-12 07:21:00,0.642019012039043
2018-05-12 07:24:00,0.5902234801991995
2018-05-12 07:27:00,0.6273952954983315
2018-05-12 07:30:00,0.630116005608329
2018-05-12 07:33:00,0.6005701308711764
2018-05-12 07:36:00,0.6315726523820899
2018-05-12 07:39:00,0.601433320131548
2018-05-12 07:42:00,0.6545016906467822
2018-05-12 07:45:00,0.6245212627311503
2018-05-12 07:48:00,0.737631032306524
2018-05-12 07:51:00,0.6926938612822369
2018-05-12 07:54:00,0.6182346634973328
2018-05-12 07:57:00,0.648410993693119
2018-05-12 08:00:00,0.6499752950391553
2018-05-12 08:03:00,0.6029535616307271
2018-05-12 08:06:00,0.6718407052502471
2018-05-12 08:09:00,0.5804513775885312
2018-05-12 08:12:00,0.647089829068932
2018-05-12 08:15:00,0.5850298343969484
2018-05-12 08:18:00,0.6346900500488459
2018-05-12 08:21:00,0.5525343644719101
2018-05-12 08:24:00,0.579874640007688
2018-05-12 08:27:00,0.4834221830753336
2018-05-12 08:30:00,0.616650028993547
2018-05-12 08:33:00,0.47674905156435443
2018-05-12 08:36:00,0.5657824248937686
2018-05-12 08:39:00,0.5261963680661665
2018-05-12 08:42:00,0.44911845668679007
2018-05-12 08:45:00,0.5062081663519962
2018-05-12 08:48:00,0.5250053390471408
2018-05-12 08:51:00,0.44461944162640066
2018-05-12 08:54:00,0.49281252955114496
2018-05-12 08:57:00,0.44188730296292533
2018-05-12 09:00:00,0.45232695149479696
2018-05-12 09:03:00,0.4037991485573684
2018-05-12 09:06:00,0.4603876918085348
2018-05-12 09:09:00,0.39685765216023583
2018-05-12 09:12:00,0.4257031846771042
2018-05-12 09:15:00,0.3679044386543069
2018-05-12 09:18:00,0.4103988454867249
2018-05-12 09:21:00,0.37850243401845773
2018-05-12 09:24:00,0.2220218619086154
2018-05-12 09:27:00,0.39520390107492176
2018-05-12 09:30:00,0.4217772775800199
2018-05-12 09:33:00,0.3825955635595051
2018-05-12 09:36:00,0.42772236633931016
2018-05-12 09:39:00,0.3437273095393607
2018-05-12 09:42:00,0.3407848855804332
2018-05-12 09:45:00,0.3547454613428158
2018-05-12 09:48:00,0.3801132002111558
2018-05-12 09:51:00,0.2515542923400176
2018-05-12 09:54:00,0.28949785455995425
2018-05-12 09:57:00,0.31360819056982336
2018-05-12 10:00:00,0.35207968054538696
2018-05-12 10:03:00,0.34604665333756657
2018-05-12 10:06:00,0.20243321441563467
2018-05-12 10:09:00,0.2961702207521739
2018-05-12 10:12:00,0.2775569629993129
2018-05-12 10:15:00,0.22377049740327948
2018-05-12 10:18:00,0.3226172452624496
2018-05-12 10:21:00,0.2669403452650272
2018-05-12 10:24:00,0.13549576666440544
2018-05-12 10:27:00,0.02945952745426439
2018-05-12 10:30:00,0.21860152983896342
2018-05-12 10:33:00,0.08673788659052661
2018-05-12 10:36:00,0.15657253975103913
2018-05-12 10:39:00,0.1744172618034554
2018-05-12 10:42:00,0.1528427215831698
2018-05-12 10:45:00,0.0755367878360289
2018-05-12 10:48:00,0.10236788573411104
2018-05-12 10:51:00,0.18862249659537156
2018-05-12 10:54:00,0.005489604132378645
2018-05-12 10:57:00,0.09686447979487411
2018-05-12 11:00:00,0.12094856307373902
2018-05-12 11:03:00,0.10667309128177749
2018-05-12 11:06:00,-0.08540330736229862
2018-05-12 11:09:00,-0.09361970977067813
2018-05-12 11:12:00,-0.018495695015644742
2018-05-12 11:15:00,-0.15124973317244894
2018-05-12 11:18:00,-0.0388850633054858
2018-05-12 11:21:00,-0.03252531462823072
2018-05-12 11:24:00,-0.019275515595552406
2018-05-12 11:27:00,-0.03213671682271979
2018-05-12 11:30:00,-0.07663358104906592
2018-05-12 11:33:00,0.03331913548515786
2018-05-12 11:36:00,-0.0022141763659533353
2018-05-12 11:39:00,-0.07201055614973484
2018-05-12 11:42:00,-0.07310256408788973
2018-05-12 11:45:00,0.07667828329294935
2018-05-12 11:48:00,-0.015300497267674018
2018-05-12 11:51:00,-0.011434839911544259
2018-05-12 11:54:00,-0.017489074746094957
2018-05-12 11:57:00,0.03654001211089053
2018-05-12 12:00:00,0.0318221740003537
2018-05-12 12:03:00,-0.11314967597382974
2018-05-12 12:06:00,-0.12076233388035007
2018-05-12 12:09:00,0.034600996334859246
2018-05-12 12:12:00,0.1006221798421052
2018-05-12 12:15:00,0.09759412286217639
2018-05-12 12:18:00,0.14812825150119124
2018-05-12 12:21:00,0.14494731618708556
2018-05-12 12:24:00,0.10825456200285544
2018-05-12 12:27:00,0.06932610054701627
2018-05-12 12:30:00,0.06010794153291954
2018-05-12 12:33:00,0.020803723088931747
2018-05-12 12:36:00,-0.046946085044965
2018-05-12 12:39:00,0.11519793884860974
2018-05-12 12:42:00,-0.0587429265284527
2018-05-12 12:45:00,-0.1941826766966983
2018-05-12 12:48:00,-0.12659602632498945
2018-05-12 12:51:00,-0.013126240478868567
2018-05-12 12:54:00,-0.03762919421103561
2018-05-12 12:57:00,0.17005006369720377
2018-05-12 13:00:00,0.2634943503711611
2018-05-12 13:03:00,0.13084905706756444
2018-05-12 13:06:00,0.11944260075807733
2018-05-12 13:09:00,0.10276783708957282
2018-05-12 13:12:00,0.36524083303731913
2018-05-12 13:15:00,0.177576350612469
2018-05-12 13:18:00,0.274986675738603
2018-05-12 13:21:00,0.30671633353091465
2018-05-12 13:24:00,0.2932481994617433
2018-05-12 13:27:00,0.391740734855091
2018-05-12 13:30:00,0.4840826932373261
2018-05-12 13:33:00,0.6766090314936832
2018-05-12 13:36:00,0.6716594133564513
2018-05-12 13:39:00,0.6399792309894679
2018-05-12 13:42:00,0.6610947883968947
2018-05-12 13:45:00,0.5894741504642411
2018-05-12 13:48:00,0.6839302086072507
2018-05-12 13:51:00,0.606810239787194
2018-05-12 13:54:00,0.4435118958625708
2018-05-12 13:57:00,0.2804927698550159
2018-05-12 14:00:00,0.25507678968108394
2018-05-12 14:03:00,0.20625873952423035
2018-05-12 14:06:00,0.3177226172560381
2018-05-12 14:09:00,0.4759394618220085
2018-05-12 14:12:00,0.61242140402004
2018-05-12 14:15:00,0.5498695856642257
2018-05-12 14:18:00,0.5824808618960446
2018-05-12 14:21:00,0.47042238800844416
2018-05-12 14:24:00,0.5223411364619324
2018-05-12 14:27:00,0.45960209086496207
2018-05-12 14:30:00,0.5691193748015735
2018-05-12 14:33:00,0.5108525198968437
2018-05-12 14:36:00,0.4729569333192103
2018-05-12 14:39:00,0.5239924716984774
2018-05-12 14:42:00,0.43592321496976183
2018-05-12 14:45:00,0.21832091058621472
2018-05-12 14:48:00,0.37461657770649026
2018-05-12 14:51:00,0.27522233900202764
2018-05-12 14:54:00,0.15836089554852606
2018-05-12 14:57:00,0.3445981844098469
2018-05-12 15:00:00,0.46446208955370594
2018-05-12 15:03:00,0.3403164835276016
2018-05-12 15:06:00,0.2724813924899081
2018-05-12 15:09:00,0.26415827596991903
2018-05-12 15:12:00,0.39005373665816023
2018-05-12 15:15:00,0.16859729096182718
2018-05-12 15:18:00,0.2422981968232989
2018-05-12 15:21:00,0.3067317654900421
2018-05-12 15:24:00,0.3321260879450847
2018-05-12 15:27:00,0.23230745203858305
2018-05-12 15:30:00,0.36949555099511144
2018-05-12 15:33:00,0.269749541470901
2018-05-12 15:36:00,0.31263325809993603
2018-05-12 15:39:00,0.3086065095389472
2018-05-12 15:42:00,0.3698604091843549
2018-05-12 15:45:00,0.26031572535026726
2018-05-12 15:48:00,0.26188753282349353
2018-05-12 15:51:00,0.19932692496178106
2018-05-12 15:54:00,0.21279048069862938
2018-05-12 15:57:00,0.19911105706876242
2018-05-12 16:00:00,0.32040922012043893
2018-05-12 16:03:00,0.24601298911454705
2018-05-12 16:06:00,0.30889140942969107
2018-05-12 16:09:00,0.19455165633803517
2018-05-12 16:12:00,0.16850742872412638
2018-05-12 16:15:00,0.18619132778667336
2018-05-12 16:18:00,0.30481707494203647
2018-05-12 16:21:00,0.14831057948578064
2018-05-12 16:24:00,0.26164029466332295
2018-05-12 16:27:00,0.08787288490970013
2018-05-12 16:30:00,0.16386412598069455
2018-05-12 16:33:00,0.09430146823819996
2018-05-12 16:36:00,0.22387162457414433
2018-05-12 16:39:00,0.2566050003806595
2018-05-12 16:42:00,0.14473710911670423
2018-05-12 16:45:00,0.17593949386656504
2018-05-12 16:48:00,0.2019227498921623
2018-05-12 16:51:00,0.2171958493705688
2018-05-12 16:54:00,0.3068095725678859
2018-05-12 16:57:00,0.18599131639172128
2018-05-12 17:00:00,0.2555606170068927
2018-05-12 17:03:00,0.22801890083559329
2018-05-12 17:06:00,0.2580853960225227
2018-05-12 17:09:00,0.24324209367750882
2018-05-12 17:12:00,0.2390934468792807
2018-05-12 17:15:00,0.2239683662630796
2018-05-12 17:18:00,0.25294201604896216
2018-05-12 17:21:00,0.1856820942478521
2018-05-12 17:24:00,0.13370718058382636
2018-05-12 17:27:00,0.2242677677598408
2018-05-12 17:30:00,0.2265621180473545
2018-05-12 17:33:00,0.16560611448284135
2018-05-12 17:36:00,0.12076553857588124
2018-05-12 17:39:00,0.24853569870970205
2018-05-12 17:42:00,0.1751253865105582
2018-05-12 17:45:00,0.21814333733260582
2018-05-12 17:48:00,0.12679391283887753
2018-05-12 17:51:00,0.1780463103569332
2018-05-12 17:54:00,0.18062256379437258
2018-05-12 17:57:00,0.1435434098946189
2018-05-12 18:00:00,0.062056713890797255
2018-05-12 18:03:00,0.14025713963326325
2018-05-12 18:06:00,0.2227751299780607
2018-05-12 18:09:00,0.1814365570066343
2018-05-12 18:12:00,0.07217239980730028
2018-05-12 18:15:00,0.22948194461292815
2018-05-12 18:18:00,0.21758895348045826
2018-05-12 18:21:00,0.12648450018247104
2018-05-12 18:24:00,0.1416028559628444
2018-05-12 18:27:00,0.1595232963396711
2018-05-12 18:30:00,0.1199805539141039
2018-05-12 18:33:00,0.22305754791693744
2018-05-12 18:36:00,0.2519188958370364
2018-05-12 18:39:00,0.132344443208126
2018-05-12 18:42:00,0.22145335758938245
2018-05-12 18:45:00,0.11887809461086363
2018-05-12 18:48:00,0.16041836421140943
2018-05-12 18:51:00,0.14975499824146254
2018-05-12 18:54:00,
2018-05-12 18:57:00,
2018-05-12 19:00:00,
2018-05-12 19:03:00,0.1947970598606048
2018-05-12 19:06:00,0.17092281462214487
2018-05-12 19:09:00,0.15003417246606432
2018-05-12 19:12:00,0.2080709300602166
2018-05-12 19:15:00,0.24283726865490962
2018-05-12 19:18:00,0.11532126949890653
2018-05-12 19:21:00,0.21084040820744576
2018-05-12 19:24:00,0.09789976449002324
2018-05-12 19:27:00,0.2054437059153429
2018-05-12 19:30:00,0.18749713617307862
2018-05-12 19:33:00,0.16986658828585632
2018-05-12 19:36:00,0.10564979934071062
2018-05-12 19:39:00,0.2218877153197809
2018-05-12 19:42:00,0.15240109905352028
2018-05-12 19:45:00,0.28783190615121157
2018-05-12 19:48:00,0.20946372538060132
2018-05-12 19:51:00,0.23069794997945792
2018-05-12 19:54:00,0.1826229434144011
2018-05-12 19:57:00,0.2410125360956954
2018-05-12 20:00:00,0.18915385291626308
2018-05-12 20:03:00,0.22713571829285684
2018-05-12 20:06:00,0.2906398317609842
2018-05-12 20:09:00,0.3174303052039704
2018-05-12 20:12:00,0.34968604464103237
2018-05-12 20:15:00,0.46406081326432513
2018-05-12 20:18:00,0.5363902948117811
2018-05-12 20:21:00,0.5915556912501074
2018-05-12 20:24:00,0.48565435594792916
2018-05-12 20:27:00,0.5718749435360451
2018-05-12 20:30:00,0.48115346176160756
2018-05-12 20:33:00,0.3897031619239897
2018-05-12 20:36:00,0.32605105687463265
2018-05-12 20:39:00,0.32902157236054563
2018-05-12 20:42:00,0.3433498444318843
2018-05-12 20:45:00,0.21166023436677506
2018-05-12 20:48:00,0.24873209238040772
2018-05-12 20:51:00,0.358463201163147
2018-05-12 20:54:00,0.23276296029558807
2018-05-12 20:57:00,0.26274744170558506
2018-05-12 21:00:00,0.295143698134666
2018-05-12 21:03:00,0.41710037410700807
2018-05-12 21:06:00,0.38523077877130163
2018-05-12 21:09:00,0.29722427217848235
2018-05-12 21:12:00,0.3779682998616636
2018-05-12 21:15:00,0.30720808168979374
2018-05-12 21:18:00,0.3366988235059125
2018-05-12 21:21:00,0.2763308307742136
2018-05-12 21:24:00,0.29684178718167686
2018-05-12 21:27:00,0.2767864540812752
2018-05-12 21:30:00,0.36550235363534966
2018-05-12 21:33:00,0.24826288889840953
2018-05-12 21:36:00,0.3447850632651921
2018-05-12 21:39:00,0.3091447936419627
2018-05-12 21:42:00,0.31217687370121894
2018-05-12 21:45:00,0.24686153002841138
2018-05-12 21:48:00,0.20310401768455222
2018-05-12 21:51:00,0.2219965714942873
2018-05-12 21:54:00,0.22799825281896346
2018-05-12 21:57:00,0.2951183545356457
2018-05-12 22:00:00,0.15658794140694
2018-05-12 22:03:00,0.2181653588393715
2018-05-12 22:06:00,0.3769068896587555
2018-05-12 22:09:00,0.310634329406696
2018-05-12 22:12:00,0.306022112337871
2018-05-12 22:15:00,0.43931096732762853
2018-05-12 22:18:00,0.34476611721629524
2018-05-12 22:21:00,0.4875129216410983
2018-05-12 22:24:00,0.5609414928235879
2018-05-12 22:27:00,0.47188758244726614
2018-05-12 22:30:00,0.5221180497041473
2018-05-12 22:33:00,0.6806582309145028
2018-05-12 22:36:00,0.7240244575432939
2018-05-12 22:39:00,0.6306383386767607
2018-05-12 22:42:00,0.6293353149390555
2018-05-12 22:45:00,0.6186042007144579
2018-05-12 22:48:00,0.6381236768778535
2018-05-12 22:51:00,0.7730690404742973
2018-05-12 22:54:00,0.7481481468480524
2018-05-12 22:57:00,0.8273974749977242
2018-05-12 23:00:00,0.7398639480604174
2018-05-12 23:03:00,0.6073473415398212
2018-05-12 23:06:00,0.506250311983024
2018-05-12 23:09:00,0.5216117349979186
2018-05-12 23:12:00,0.4109877437904288
2018-05-12 23:15:00,0.34170343525596536
2018-05-12 23:18:00,0.22937477932418915
2018-05-12 23:21:00,0.37459316664518383
2018-05-12 23:24:00,0.2778158330472138
2018-05-12 23:27:00,0.2804823748159606
2018-05-12 23:30:00,0.3353573398882759
2018-05-12 23:33:00,0.32279100245114023
2018-05-12 23:36:00,0.29770698568040643
2018-05-12 23:39:00,0.35032876609790264
2018-05-12 23:42:00,0.45093140743341564
2018-05-12 23:45:00,0.39927467746554157
2018-05-12 23:48:00,0.40941710968047573
2018-05-12 23:51:00,0.3894843269587227
2018-05-12 23:54:00,0.4680301243665781
2018-05-12 23:57:00,0.5333194242101058
2018-05-13 00:00:00,0.5819319089866326
2018-05-13 00:03:00,0.47345494765067997
2018-05-13 00:06:00,0.6495274540804417
2018-05-13 00:09:00,0.6317120196746941
2018-05-13 00:12:00,0.5310972107651537
2018-05-13 00:15:00,0.5457194055202308
2018-05-13 00:18:00,0.48436592921740385
2018-05-13 00:21:00,0.5293442175041605
2018-05-13 00:24:00,0.5979436117172554
2018-05-13 00:27:00,0.538376318594203
2018-05-13 00:30:00,0.40082026856742914
2018-05-13 00:33:00,0.41755665547805165
2018-05-13 00:36:00,0.46996701983988487
2018-05-13 00:39:00,0.4447917211334129
2018-05-13 00:42:00,0.6513553337169355
2018-05-13 00:45:00,0.4988742635755443
2018-05-13 00:48:00,0.543481703169391
2018-05-13 00:51:00,0.5100994116726838
2018-05-13 00:54:00,0.47864879269144467
2018-05-13 00:57:00,0.3846651309057165
2018-05-13 01:00:00,0.3997824149824396
2018-05-13 01:03:00,0.4459216671505146
2018-05-13 01:06:00,0.3732290509514087
2018-05-13 01:09:00,0.4999996833314526
2018-05-13 01:12:00,0.44385499445303367
2018-05-13 01:15:00,0.5424554936370214
2018-05-13 01:18:00,0.45617910674599216
2018-05-13 01:21:00,0.44346699326246153
2018-05-13 01:24:00,0.4203921380697011
2018-05-13 01:27:00,0.3845356196541161
2018-05-13 01:30:00,0.4743415984617627
2018-05-13 01:33:00,0.43439692442728983
2018-05-13 01:36:00,0.42351324250984135
2018-05-13 01:39:00,0.5717911831357014
2018-05-13 01:42:00,0.647875297948076
2018-05-13 01:45:00,0.6316305143400314
2018-05-13 01:48:00,0.7178865471811946
2018-05-13 01:51:00,0.7972079032247166
2018-05-13 01:54:00,0.6952589148941684
2018-05-13 01:57:00,0.659318428681388
2018-05-13 02:00:00,0.6647804806155477
2018-05-13 02:03:00,0.6211082906817182
2018-05-13 02:06:00,0.550892966392496
2018-05-13 02:09:00,0.6104338321964065
2018-05-13 02:12:00,0.5427378060948627
2018-05-13 02:15:00,0.6598344036240746
2018-05-13 02:18:00,0.5915165070979924
2018-05-13 02:21:00,0.5511723943151878
2018-05-13 02:24:00,0.6352802983399783
2018-05-13 02:27:00,0.6232295047546472
2018-05-13 02:30:00,0.6714664490589257
2018-05-13 02:33:00,0.7254970432226173
2018-05-13 02:36:00,0.7535325280165353
2018-05-13 02:39:00,0.6088584738233749
2018-05-13 02:42:00,0.644033566303392
2018-05-13 02:45:00,0.8979203492275474
2018-05-13 02:48:00,0.7828948357867489
2018-05-13 02:51:00,0.7296152024695743
2018-05-13 02:54:00,0.6821508690100586
2018-05-13 02:57:00,0.6086786056956726
2018-05-13 03:00:00,0.6516481909574736
2018-05-13 03:03:00,0.6929352680163561
2018-05-13 03:06:00,0.6058433311142153
2018-05-13 03:09:00,0.5807897119071299
2018-05-13 03:12:00,0.5578213477833742
2018-05-13 03:15:00,0.5006279183165248
2018-05-13 03:18:00,0.5508367090286583
2018-05-13 03:21:00,0.5205451617272843
2018-05-13 03:24:00,0.6126016679315285
2018-05-13 03:27:00,0.5744029857467012
2018-05-13 03:30:00,0.7026857181691071
2018-05-13 03:33:00,0.5959281298398764
2018-05-13 03:36:00,0.7157635848527093
2018-05-13 03:39:00,0.7255854176410708
2018-05-13 03:42:00,0.6001874975973465
2018-05-13 03:45:00,0.7294980034011473
2018-05-13 03:48:00,0.7955750726028441
2018-05-13 03:51:00,0.7346212788283992
2018-05-13 03:54:00,0.7479656610689176
2018-05-13 03:57:00,0.6843388690457459
2018-05-13 04:00:00,0.6730997904760443
2018-05-13 04:03:00,0.7330795311867746
2018-05-13 04:06:00,0.7942153588780343
2018-05-13 04:09:00,0.6957852770574391
2018-05-13 04:12:00,0.7551215547425727
2018-05-13 04:15:00,0.7931704637613279
2018-05-13 04:18:00,0.7160689595490908
2018-05-13 04:21:00,0.7091266765748969
2018-05-13 04:24:00,0.6788698955096493
2018-05-13 04:27:00,0.718296226355335
2018-05-13 04:30:00,0.6660827028065341
2018-05-13 04:33:00,0.7494448790394586
2018-05-13 04:36:00,0.7259080032691259
2018-05-13 04:39:00,0.6774276208801098
2018-05-13 04:42:00,0.5619235545162269
2018-05-13 04:45:00,0.6436721752343146
2018-05-13 04:48:00,0.6860690491626542
2018-05-13 04:51:00,0.5577308713866955
2018-05-13 04:54:00,0.6438210018276322
2018-05-13 04:57:00,0.6136081154190833
2018-05-13 05:00:00,0.7386365675648676
2018-05-13 05:03:00,0.6264052997754561
2018-05-13 05:06:00,0.6375866178931915
2018-05-13 05:09:00,0.5547955440601982
2018-05-13 05:12:00,0.5768190663177393
2018-05-13 05:15:00,0.6787348002877707
2018-05-13 05:18:00,0.5636767960528459
2018-05-13 05:21:00,0.6483029457722296
2018-05-13 05:24:00,0.6813362394932483
2018-05-13 05:27:00,0.566963069700364
2018-05-13 05:30:00,0.6283025858492124
2018-05-13 05:33:00,0.6419555909169503
2018-05-13 05:36:00,0.7455366607920837
2018-05-13 05:39:00,0.7566971860818512
2018-05-13 05:42:00,0.7406587390576647
2018-05-13 05:45:00,0.5706118806870677
2018-05-13 05:48:00,0.7576445694024869
2018-05-13 05:51:00,0.5842503140685267
2018-05-13 05:54:00,0.7007807336651695
2018-05-13 05:57:00,0.71059188247375
2018-05-13 06:00:00,0.6695242704521434
2018-05-13 06:03:00,0.6944956161453888
2018-05-13 06:06:00,0.6404672916801815
2018-05-13 06:09:00,0.7809170230781888
2018-05-13 06:12:00,0.6744231432984407
2018-05-13 06:15:00,0.7063876313802666
2018-05-13 06:18:00,0.6899757366643371
2018-05-13 06:21:00,0.6339609074618124
2018-05-13 06:24:00,0.5807014814692479
2018-05-13 06:27:00,0.5707928631164805
2018-05-13 06:30:00,0.643974080204373
2018-05-13 06:33:00,0.6490427495074869
2018-05-13 06:36:00,0.6197391029490404
2018-05-13 06:39:00,0.6970480295635753
2018-05-13 06:42:00,0.746660033414912
2018-05-13 06:45:00,0.7195666967188004
2018-05-13 06:48:00,0.7093759650896345
2018-05-13 06:51:00,0.6745944502596899
2018-05-13 06:54:00,0.6044733421452406
2018-05-13 06:57:00,0.6706949923768661
2018-05-13 07:00:00,0.6665895928993564
2018-05-13 07:03:00,0.6678703118744238
2018-05-13 07:06:00,0.7203538305257666
2018-05-13 07:09:00,0.6632520885318058
2018-05-13 07:12:00,0.648919203940352
2018-05-13 07:15:00,0.6457741265356276
2018-05-13 07:18:00,0.6746171512165233
2018-05-13 07:21:00,0.6895379148460847
2018-05-13 07:24:00,0.6380383602220832
2018-05-13 07:27:00,0.6707136422922986
2018-05-13 07:30:00,0.652071325520069
2018-05-13 07:33:00,0.5820445263708507
2018-05-13 07:36:00,0.6517759795417533
2018-05-13 07:39:00,0.611142042323138
2018-05-13 07:42:00,0.6393240935939275
2018-05-13 07:45:00,0.6306542944778926
2018-05-13 07:48:00,0.5762513329865442
2018-05-13 07:51:00,0.572964291014955
2018-05-13 07:54:00,0.6364250040454067
2018-05-13 07:57:00,0.5892248441361971
2018-05-13 08:00:00,0.620825696336567
2018-05-13 08:03:00,0.6206155595328369
2018-05-13 08:06:00,0.48514239118679825
2018-05-13 08:09:00,0.5635824922004531
2018-05-13 08:12:00,0.5947913285093591
2018-05-13 08:15:00,0.4639973254443248
2018-05-13 08:18:00,0.45342724599606754
2018-05-13 08:21:00,0.3981236533811625
2018-05-13 08:24:00,0.4329400347588148
2018-05-13 08:27:00,0.482843463750271
2018-05-13 08:30:00,0.47280521145836474
2018-05-13 08:33:00,0.44987357567043773
2018-05-13 08:36:00,0.28912146698723973
2018-05-13 08:39:00,0.4357148412555034
2018-05-13 08:42:00,0.5633503471158292
2018-05-13 08:45:00,0.4182814466361151
2018-05-13 08:48:00,0.3605286166295514
2018-05-13 08:51:00,0.3724443844440657
2018-05-13 08:54:00,0.2886054296333782
2018-05-13 08:57:00,0.3838328024332327
2018-05-13 09:00:00,0.43412640995001084
2018-05-13 09:03:00,0.3077589782923269
2018-05-13 09:06:00,0.47081610126554096
2018-05-13 09:09:00,0.27403296847819547
2018-05-13 09:12:00,0.38844260874697056
2018-05-13 09:15:00,0.3142280062184568
2018-05-13 09:18:00,0.3173358472756149
2018-05-13 09:21:00,0.3221053990712903
2018-05-13 09:24:00,0.3436858484541858
2018-05-13 09:27:00,0.21484796830782216
2018-05-13 09:30:00,0.2158553477399323
2018-05-13 09:33:00,0.21098706146574386
2018-05-13 09:36:00,0.2451359900704233
2018-05-13 09:39:00,0.26287504576771425
2018-05-13 09:42:00,0.18785503869020204
2018-05-13 09:45:00,0.16764506926205058
2018-05-13 09:48:00,0.2301817936893258
2018-05-13 09:51:00,0.2052984484537319
2018-05-13 09:54:00,0.2692461199753211
2018-05-13 09:57:00,0.15168933709543353
2018-05-13 10:00:00,0.08779801001355736
2018-05-13 10:03:00,0.08816210686683235
2018-05-13 10:06:00,0.0953354546176115
2018-05-13 10:09:00,0.14421349003868045
2018-05-13 10:12:00,0.20312427439534986
2018-05-13 10:15:00,0.2732669548244644
2018-05-13 10:18:00,0.21845729204858344
2018-05-13 10:21:00,0.11529971335318123
2018-05-13 10:24:00,-0.01019809574484043
2018-05-13 10:27:00,0.2160982177842925
2018-05-13 10:30:00,0.08312270212354633
2018-05-13 10:33:00,0.06273055953437279
2018-05-13 10:36:00,0.06928849048756547
2018-05-13 10:39:00,0.12176527776182411
2018-05-13 10:42:00,0.061914392285189024
2018-05-13 10:45:00,0.020632061244612032
2018-05-13 10:48:00,0.03309575522933983
2018-05-13 10:51:00,0.18745096960105911
2018-05-13 10:54:00,0.02180534679240509
2018-05-13 10:57:00,0.11726006715377935
2018-05-13 11:00:00,0.009228480565582231
2018-05-13 11:03:00,0.09586535709223654
2018-05-13 11:06:00,0.01080071110783365
2018-05-13 11:09:00,-0.04154095848411998
2018-05-13 11:12:00,0.07760778965734971
2018-05-13 11:15:00,0.04326535181428426
2018-05-13 11:18:00,-0.019410762715608598
2018-05-13 11:21:00,0.04765786984484066
2018-05-13 11:24:00,0.026674053807766995
2018-05-13 11:27:00,-0.0214667185387043
2018-05-13 11:30:00,-0.07588735474217856
2018-05-13 11:33:00,-0.13754903931948093
2018-05-13 11:36:00,-0.058068644712818696
2018-05-13 11:39:00,0.06911090490666538
2018-05-13 11:42:00,0.1469388968520775
2018-05-13 11:45:00,0.1268101961817365
2018-05-13 11:48:00,0.18906915523575663
2018-05-13 11:51:00,0.2068707150116893
2018-05-13 11:54:00,0.08503966103614857
2018-05-13 11:57:00,0.1823575404993676
2018-05-13 12:00:00,0.20427421651686473
2018-05-13 12:03:00,0.09500767673637256
2018-05-13 12:06:00,0.19451726954338255
2018-05-13 12:09:00,0.10148006624632444
2018-05-13 12:12:00,0.26514292732446165
2018-05-13 12:15:00,0.3451479466482965
2018-05-13 12:18:00,0.25185748232939886
2018-05-13 12:21:00,0.2266082326937635
2018-05-13 12:24:00,0.23836610416873327
2018-05-13 12:27:00,0.24872900156663036
2018-05-13 12:30:00,0.3109838382131329
2018-05-13 12:33:00,0.2568232302638762
2018-05-13 12:36:00,0.30811692615696984
2018-05-13 12:39:00,0.25712306767826476
2018-05-13 12:42:00,0.27615781139508044
2018-05-13 12:45:00,0.2566977150331127
2018-05-13 12:48:00,0.21580275641457547
2018-05-13 12:51:00,0.15711677936440083
2018-05-13 12:54:00,0.1967430635089613
2018-05-13 12:57:00,0.030549803818587407
2018-05-13 13:00:00,-0.106398275272511
2018-05-13 13:03:00,0.0764878093458492
2018-05-13 13:06:00,-0.0058661240550463845
2018-05-13 13:09:00,0.10020543342676547
2018-05-13 13:12:00,0.30633409325849925
2018-05-13 13:15:00,0.3695689832891276
2018-05-13 13:18:00,0.20221021485843949
2018-05-13 13:21:00,0.16671552383417065
2018-05-13 13:24:00,0.24481303105898178
2018-05-13 13:27:00,0.2721712487557397
2018-05-13 13:30:00,0.29136507793509736
2018-05-13 13:33:00,0.25222483236035487
2018-05-13 13:36:00,0.4810582343200167
2018-05-13 13:39:00,0.45739595433821023
2018-05-13 13:42:00,0.6193568230282267
2018-05-13 13:45:00,0.45073648198570027
2018-05-13 13:48:00,0.41375339239306186
2018-05-13 13:51:00,0.41536532887693056
2018-05-13 13:54:00,0.4288425987530218
2018-05-13 13:57:00,0.34060640572772627
2018-05-13 14:00:00,0.32266645608711997
2018-05-13 14:03:00,0.413725348226194
2018-05-13 14:06:00,0.48162988099721815
2018-05-13 14:09:00,0.43123242766125713
2018-05-13 14:12:00,0.2995942460632932
2018-05-13 14:15:00,0.3878924217570443
2018-05-13 14:18:00,0.30546238303111295
2018-05-13 14:21:00,0.2554060012785726
2018-05-13 14:24:00,0.26609415022619487
2018-05-13 14:27:00,0.19497308717296846
2018-05-13 14:30:00,0.28698261716618845
2018-05-13 14:33:00,0.2655086099437085
2018-05-13 14:36:00,0.1949673939254808
2018-05-13 14:39:00,0.29458677290040214
2018-05-13 14:42:00,0.3042288532787438
2018-05-13 14:45:00,0.24699548947756966
2018-05-13 14:48:00,0.4288188420820802
2018-05-13 14:51:00,0.40625891375736956
2018-05-13 14:54:00,0.3833212499680485
2018-05-13 14:57:00,0.37844929901035584
2018-05-13 15:00:00,0.34520881236568357
2018-05-13 15:03:00,0.38907888636379084
2018-05-13 15:06:00,0.3198696824879903
2018-05-13 15:09:00,0.34602835632682627
2018-05-13 15:12:00,0.2767303388282585
2018-05-13 15:15:00,0.34449307991280875
2018-05-13 15:18:00,0.2597899814968514
2018-05-13 15:21:00,0.3506196771263035
2018-05-13 15:24:00,0.3180433733869563
2018-05-13 15:27:00,0.173096612638858
2018-05-13 15:30:00,0.2535887926646865
2018-05-13 15:33:00,0.2465403652551572
2018-05-13 15:36:00,0.22201118365160255
2018-05-13 15:39:00,0.2393160408026347
2018-05-13 15:42:00,0.1411452459375937
2018-05-13 15:45:00,0.2866619167644444
2018-05-13 15:48:00,0.24848333625720898
2018-05-13 15:51:00,0.1878272624092574
2018-05-13 15:54:00,0.11054889943113722
2018-05-13 15:57:00,0.2348663356117413
2018-05-13 16:00:00,0.1697084832380824
2018-05-13 16:03:00,0.09170321723246389
2018-05-13 16:06:00,0.06886940000202912
2018-05-13 16:09:00,0.04156549190133774
2018-05-13 16:12:00,0.14509274280601403
2018-05-13 16:15:00,0.17702322713637386
2018-05-13 16:18:00,0.15812762662574187
2018-05-13 16:21:00,0.12384206173038592
2018-05-13 16:24:00,0.06246001390712763
2018-05-13 16:27:00,0.019464222712656465
2018-05-13 16:30:00,-0.020299736742003915
2018-05-13 16:33:00,0.08013015060930684
2018-05-13 16:36:00,-0.04516210664058917
2018-05-13 16:39:00,-0.022360707373934474
2018-05-13 16:42:00,0.039045106592368484
2018-05-13 16:45:00,0.01911177481957793
2018-05-13 16:48:00,0.09428348278163412
2018-05-13 16:51:00,-0.004144882385105575
2018-05-13 16:54:00,0.02909586839757594
2018-05-13 16:57:00,0.04450275469940834
2018-05-13 17:00:00,0.09283346148055216
2018-05-13 17:03:00,0.10951852127465145
2018-05-13 17:06:00,0.08714509623570166
2018-05-13 17:09:00,0.06295102972205768
2018-05-13 17:12:00,0.07318590539591696
2018-05-13 17:15:00,0.20315820739506307
2018-05-13 17:18:00,0.2094612114639176
2018-05-13 17:21:00,0.24722016377984346
2018-05-13 17:24:00,0.1907154091233565
2018-05-13 17:27:00,0.21276852422857928
2018-05-13 17:30:00,0.3369325539077863
2018-05-13 17:33:00,0.16780918360041142
2018-05-13 17:36:00,0.2626440202614049
2018-05-13 17:39:00,0.21192271987700906
2018-05-13 17:42:00,0.01580168934970061
2018-05-13 17:45:00,0.11043609257114895
2018-05-13 17:48:00,0.08521305248683575
2018-05-13 17:51:00,0.027153559426267293
2018-05-13 17:54:00,0.260077864919424
2018-05-13 17:57:00,0.24787284007123844
2018-05-13 18:00:00,0.15252088064715963
2018-05-13 18:03:00,0.2147472215599464
2018-05-13 18:06:00,0.2911367379239209
2018-05-13 18:09:00,0.2457676270103093
2018-05-13 18:12:00,0.3696639678120164
2018-05-13 18:15:00,0.3681180336501484
2018-05-13 18:18:00,0.3093920494662825
2018-05-13 18:21:00,0.3502915210701758
2018-05-13 18:24:00,0.3410194839959786
2018-05-13 18:27:00,0.40412103177101244
2018-05-13 18:30:00,0.34529788236608283
2018-05-13 18:33:00,0.29388191372078154
2018-05-13 18:36:00,0.36820506504528794
2018-05-13 18:39:00,0.3335061340687844
2018-05-13 18:42:00,0.3709123961487535
2018-05-13 18:45:00,0.26835272117682507
2018-05-13 18:48:00,0.32891598415614
2018-05-13 18:51:00,0.30311719315739083
2018-05-13 18:54:00,
2018-05-13 18:57:00,
2018-05-13 19:00:00,
2018-05-13 19:03:00,0.48208293236569943
2018-05-13 19:06:00,0.4933019980741733
2018-05-13 19:09:00,0.39729051265743465
2018-05-13 19:12:00,0.400962940189288
2018-05-13 19:15:00,0.3556756999417985
2018-05-13 19:18:00,0.29165510002815154
2018-05-13 19:21:00,0.38745217258622233
2018-05-13 19:24:00,0.35296653355891294
2018-05-13 19:27:00,0.27731425691831646
2018-05-13 19:30:00,0.2863532228113286
2018-05-13 19:33:00,0.2569117575214932
2018-05-13 19:36:00,0.32093070776636523
2018-05-13 19:39:00,0.3248494857827495
2018-05-13 19:42:00,0.2505643400692179
2018-05-13 19:45:00,0.3025914137160157
2018-05-13 19:48:00,0.2838483048529383
2018-05-13 19:51:00,0.3072460287779677
2018-05-13 19:54:00,0.2986319621840039
2018-05-13 19:57:00,0.31657112497458684
2018-05-13 20:00:00,0.363613040580276
2018-05-13 20:03:00,0.3351728370708429
2018-05-13 20:06:00,0.3453842247579928
2018-05-13 20:09:00,0.3335516022944489
2018-05-13 20:12:00,0.2899820495651966
2018-05-13 20:15:00,0.3637192210945841
2018-05-13 20:18:00,0.30294703253468924
2018-05-13 20:21:00,0.32344781197292605
2018-05-13 20:24:00,0.22811549172240575
2018-05-13 20:27:00,0.33474187727733806
2018-05-13 20:30:00,0.35592847351108503
2018-05-13 20:33:00,0.33660649214806426
2018-05-13 20:36:00,0.2810968486491561
2018-05-13 20:39:00,0.46324652916143805
2018-05-13 20:42:00,0.40352078491002885
2018-05-13 20:45:00,0.4940221833875853
2018-05-13 20:48:00,0.4798729413543015
2018-05-13 20:51:00,0.4312370486032364
2018-05-13 20:54:00,0.41896351119453357
2018-05-13 20:57:00,0.35639699161419003
2018-05-13 21:00:00,0.3681722137963561
2018-05-13 21:03:00,0.4589078557008861
2018-05-13 21:06:00,0.3106831753984238
2018-05-13 21:09:00,0.30732180805489406
2018-05-13 21:12:00,0.38887423417662603
2018-05-13 21:15:00,0.3512044562037886
2018-05-13 21:18:00,0.3887214725713761
2018-05-13 21:21:00,0.4146078748183868
2018-05-13 21:24:00,0.24322379186605758
2018-05-13 21:27:00,0.30974479388163445
2018-05-13 21:30:00,0.34969435873188104
2018-05-13 21:33:00,0.30398343841619635
2018-05-13 21:36:00,0.311958162894598
2018-05-13 21:39:00,0.3848162687050376
2018-05-13 21:42:00,0.39581459001101393
2018-05-13 21:45:00,0.3799653702412229
2018-05-13 21:48:00,0.35547720437483576
2018-05-13 21:51:00,0.3433683672668053
2018-05-13 21:54:00,0.33835602120558406
2018-05-13 21:57:00,0.33607806079459124
2018-05-13 22:00:00,0.3407679043641565
2018-05-13 22:03:00,0.3989166101559931
2018-05-13 22:06:00,0.49589779657156896
2018-05-13 22:09:00,0.4213982732182444
2018-05-13 22:12:00,0.4212701986982097
2018-05-13 22:15:00,0.39300941416667
2018-05-13 22:18:00,0.38018480236854657
2018-05-13 22:21:00,0.3898120829888967
2018-05-13 22:24:00,0.3285702917622757
2018-05-13 22:27:00,0.42078428430681925
2018-05-13 22:30:00,0.3160435971600464
2018-05-13 22:33:00,0.35131690774403523
2018-05-13 22:36:00,0.43995622483981833
2018-05-13 22:39:00,0.4020837976960365
2018-05-13 22:42:00,0.3633409580002649
2018-05-13 22:45:00,0.4256264580690754
2018-05-13 22:48:00,0.4848312763083982
2018-05-13 22:51:00,0.5377897864602801
2018-05-13 22:54:00,0.5566792889412113
2018-05-13 22:57:00,0.4843080286401573
2018-05-13 23:00:00,0.3963719530771641
2018-05-13 23:03:00,0.5429737337986467
2018-05-13 23:06:00,0.49967965168161754
2018-05-13 23:09:00,0.5550150654759136
2018-05-13 23:12:00,0.49480984770968917
2018-05-13 23:15:00,0.41471011484031806
2018-05-13 23:18:00,0.541150883499995
2018-05-13 23:21:00,0.46789569603129166
2018-05-13 23:24:00,0.45835867038715605
2018-05-13 23:27:00,0.4405129869388702
2018-05-13 23:30:00,0.462067755194596
2018-05-13 23:33:00,0.4893755888284659
2018-05-13 23:36:00,0.42785218971198447
2018-05-13 23:39:00,0.47544391980449063
2018-05-13 23:42:00,0.4976400337644691
2018-05-13 23:45:00,0.40395187659601106
2018-05-13 23:48:00,0.4664173255087576
2018-05-13 23:51:00,0.47634148031164614
2018-05-13 23:54:00,0.5339287296852149
2018-05-13 23:57:00,0.43810975018334375
2018-05-14 00:00:00,0.5553599859627525
2018-05-14 00:03:00,0.5281071820551801
2018-05-14 00:06:00,0.5075842695035249
2018-05-14 00:09:00,0.4942554939268007
2018-05-14 00:12:00,0.44196880593796095
2018-05-14 00:15:00,0.5465770655962956
2018-05-14 00:18:00,0.49441792078374647
2018-05-14 00:21:00,0.4686034415928475
2018-05-14 00:24:00,0.4131274719872522
2018-05-14 00:27:00,0.42408252820052894
2018-05-14 00:30:00,0.4916105730380309
2018-05-14 00:33:00,0.5667035837257686
2018-05-14 00:36:00,0.5798685157689079
2018-05-14 00:39:00,0.5699386482212958
2018-05-14 00:42:00,0.5961932035559698
2018-05-14 00:45:00,0.5807868765779176
2018-05-14 00:48:00,0.6025469740344533
2018-05-14 00:51:00,0.5878260577815695
2018-05-14 00:54:00,0.6100960960484372
2018-05-14 00:57:00,0.5506284523561931
2018-05-14 01:00:00,0.4571069844612339
2018-05-14 01:03:00,0.5178715952409902
2018-05-14 01:06:00,0.5583177421816572
2018-05-14 01:09:00,0.5683971289568035
2018-05-14 01:12:00,0.5234651070793461
2018-05-14 01:15:00,0.4552953641457407
2018-05-14 01:18:00,0.5351769936533515
2018-05-14 01:21:00,0.5406758198785155
2018-05-14 01:24:00,0.5066456178181511
2018-05-14 01:27:00,0.4786354425614263
2018-05-14 01:30:00,0.502268446948051
2018-05-14 01:33:00,0.5022101401116856
2018-05-14 01:36:00,0.5150574778052146
2018-05-14 01:39:00,0.4683256192802787
2018-05-14 01:42:00,0.5174274283247087
2018-05-14 01:45:00,0.5820895567138109
2018-05-14 01:48:00,0.5344375896995643
2018-05-14 01:51:00,0.5271500391889958
2018-05-14 01:54:00,0.5361619526745471
2018-05-14 01:57:00,0.48067381048502966
2018-05-14 02:00:00,0.48150307674154647
2018-05-14 02:03:00,0.5878135588720284
2018-05-14 02:06:00,0.557001278120083
2018-05-14 02:09:00,0.5039458629924525
2018-05-14 02:12:00,0.4965508357892645
2018-05-14 02:15:00,0.49162037497865185
2018-05-14 02:18:00,0.4776623456386915
2018-05-14 02:21:00,0.5108721637415101
2018-05-14 02:24:00,0.6062101845710117
2018-05-14 02:27:00,0.6063858148536383
2018-05-14 02:30:00,0.5303653296277275
2018-05-14 02:33:00,0.5702166401953832
2018-05-14 02:36:00,0.5278921197801196
2018-05-14 02:39:00,0.5600829252024937
2018-05-14 02:42:00,0.5731237792592196
2018-05-14 02:45:00,0.682058250615114
2018-05-14 02:48:00,0.6546421005403431
2018-05-14 02:51:00,0.6297957420919147
2018-05-14 02:54:00,0.6595721203099743
2018-05-14 02:57:00,0.6561457498389132
2018-05-14 03:00:00,0.7436574327720678
2018-05-14 03:03:00,0.6425596267899891
2018-05-14 03:06:00,0.6727813437321402
2018-05-14 03:09:00,0.6878636812834316
2018-05-14 03:12:00,0.7204882490087812
2018-05-14 03:15:00,0.6109597969041829
2018-05-14 03:18:00,0.6250999700201874
2018-05-14 03:21:00,0.596000403269727
2018-05-14 03:24:00,0.6424653906304911
2018-05-14 03:27:00,0.6571412329548707
2018-05-14 03:30:00,0.604074369411876
2018-05-14 03:33:00,0.6313510709282468
2018-05-14 03:36:00,0.6544119602912701
2018-05-14 03:39:00,0.6770420879651056
2018-05-14 03:42:00,0.6530295596806468
2018-05-14 03:45:00,0.5790054343346469
2018-05-14 03:48:00,0.5913647080875535
2018-05-14 03:51:00,0.6955117976968381
2018-05-14 03:54:00,0.5594276321955363
2018-05-14 03:57:00,0.6319178082518988
2018-05-14 04:00:00,0.5574058206252062
2018-05-14 04:03:00,0.595366722077074
2018-05-14 04:06:00,0.6614404981930875
2018-05-14 04:09:00,0.48933505192127313
2018-05-14 04:12:00,0.5900217366231573
2018-05-14 04:15:00,0.5191006676851657
2018-05-14 04:18:00,0.6817950923729654
2018-05-14 04:21:00,0.6211834887049008
2018-05-14 04:24:00,0.5652632038475076
2018-05-14 04:27:00,0.6520653779199392
2018-05-14 04:30:00,0.6169234168102093
2018-05-14 04:33:00,0.6013011948549547
2018-05-14 04:36:00,0.6819414835408679
2018-05-14 04:39:00,0.6820680897256466
2018-05-14 04:42:00,0.6000262193850858
2018-05-14 04:45:00,0.6228639996814991
2018-05-14 04:48:00,0.6825943493719819
2018-05-14 04:51:00,0.5141615006352822
2018-05-14 04:54:00,0.5607020822929485
2018-05-14 04:57:00,0.5825068474128443
2018-05-14 05:00:00,0.5286066424462206
2018-05-14 05:03:00,0.5904783930382109
2018-05-14 05:06:00,0.521529646946874
2018-05-14 05:09:00,0.5382810730354777
2018-05-14 05:12:00,0.5391189257331916
2018-05-14 05:15:00,0.4880203191333976
2018-05-14 05:18:00,0.5799108900394572
2018-05-14 05:21:00,0.4991400067329437
2018-05-14 05:24:00,0.6307199911856287
2018-05-14 05:27:00,0.5448069547259138
2018-05-14 05:30:00,0.5073743933240848
2018-05-14 05:33:00,0.5125852877296779
2018-05-14 05:36:00,0.5469015617480864
2018-05-14 05:39:00,0.5702716872519318
2018-05-14 05:42:00,0.5665450884787901
2018-05-14 05:45:00,0.5711137346548298
2018-05-14 05:48:00,0.6030089710253037
2018-05-14 05:51:00,0.5974822345656889
2018-05-14 05:54:00,0.5585477067340321
2018-05-14 05:57:00,0.6442372114772184
2018-05-14 06:00:00,0.5919875664080791
2018-05-14 06:03:00,0.5081679557242751
2018-05-14 06:06:00,0.5739934069246146
2018-05-14 06:09:00,0.5992793756745982
2018-05-14 06:12:00,0.6851449986492639
2018-05-14 06:15:00,0.6440874568517074
2018-05-14 06:18:00,0.645625427499624
2018-05-14 06:21:00,0.5811748931232046
2018-05-14 06:24:00,0.6104173494075553
2018-05-14 06:27:00,0.6543885449554523
2018-05-14 06:30:00,0.7018149342131323
2018-05-14 06:33:00,0.6424884867051333
2018-05-14 06:36:00,0.5932837183561332
2018-05-14 06:39:00,0.5882226086870332
2018-05-14 06:42:00,0.5449933510088272
2018-05-14 06:45:00,0.624451478576475
2018-05-14 06:48:00,0.6034300834905935
2018-05-14 06:51:00,0.5105324733701195
2018-05-14 06:54:00,0.6950154598565064
2018-05-14 06:57:00,0.6255790595155872
2018-05-14 07:00:00,0.6114159042055007
2018-05-14 07:03:00,0.6666510226443734
2018-05-14 07:06:00,0.6725650529253926
2018-05-14 07:09:00,0.7214755642572754
2018-05-14 07:12:00,0.6967849781483437
2018-05-14 07:15:00,0.7470620074026328
2018-05-14 07:18:00,0.7310496248525737
2018-05-14 07:21:00,0.7555879593739974
2018-05-14 07:24:00,0.7317051979579219
2018-05-14 07:27:00,0.7479880249952089
2018-05-14 07:30:00,0.7414104087864644
2018-05-14 07:33:00,0.7547070307742274
2018-05-14 07:36:00,0.6870654729247008
2018-05-14 07:39:00,0.7831929482676969
2018-05-14 07:42:00,0.7108608958945979
2018-05-14 07:45:00,0.7312113342324551
2018-05-14 07:48:00,0.6552661697286908
2018-05-14 07:51:00,0.6294964879087956
2018-05-14 07:54:00,0.6297409584370257
2018-05-14 07:57:00,0.616053319012849
2018-05-14 08:00:00,0.612087946853876
2018-05-14 08:03:00,0.6767405975538736
2018-05-14 08:06:00,0.6487907996962576
2018-05-14 08:09:00,0.691766863864359
2018-05-14 08:12:00,0.7303293475794135
2018-05-14 08:15:00,0.6615348863956001
2018-05-14 08:18:00,0.6350238172950071
2018-05-14 08:21:00,0.6577146791835276
2018-05-14 08:24:00,0.531583308893687
2018-05-14 08:27:00,0.5729902364277564
2018-05-14 08:30:00,0.6818957447902676
2018-05-14 08:33:00,0.621719851856426
2018-05-14 08:36:00,0.5276410671439749
2018-05-14 08:39:00,0.5765483385299035
2018-05-14 08:42:00,0.5261688293239217
2018-05-14 08:45:00,0.7623628431629754
2018-05-14 08:48:00,0.6055424838800718
2018-05-14 08:51:00,0.612305291098096
2018-05-14 08:54:00,0.573006193979495
2018-05-14 08:57:00,0.655772851816323
2018-05-14 09:00:00,0.5607214683302573
2018-05-14 09:03:00,0.5122092307524895
2018-05-14 09:06:00,0.49300907155526374
2018-05-14 09:09:00,0.5041854072700858
2018-05-14 09:12:00,0.5034194017962363
2018-05-14 09:15:00,0.5130619881142024
2018-05-14 09:18:00,0.4190443025887589
2018-05-14 09:21:00,0.3946119201838769
2018-05-14 09:24:00,0.5200833725629082
2018-05-14 09:27:00,0.5505805872366523
2018-05-14 09:30:00,0.5354224518240471
2018-05-14 09:33:00,0.5899911770551967
2018-05-14 09:36:00,0.5918545347680606
2018-05-14 09:39:00,0.5814970954239698
2018-05-14 09:42:00,0.632848129020033
2018-05-14 09:45:00,0.45847038188736633
2018-05-14 09:48:00,0.4757008325279344
2018-05-14 09:51:00,0.5197640249675146
2018-05-14 09:54:00,0.41369932172204926
2018-05-14 09:57:00,0.6611306898486191
2018-05-14 10:00:00,0.4650086816538419
2018-05-14 10:03:00,0.552571784682641
2018-05-14 10:06:00,0.4870976571309029
2018-05-14 10:09:00,0.5155329075438999
2018-05-14 10:12:00,0.45275884545714007
2018-05-14 10:15:00,0.39126483903959297
2018-05-14 10:18:00,0.31547038575467923
2018-05-14 10:21:00,0.39006029197685166
2018-05-14 10:24:00,0.376796215833906
2018-05-14 10:27:00,0.3544038348574645
2018-05-14 10:30:00,0.33748899539665445
2018-05-14 10:33:00,0.2704613493846182
2018-05-14 10:36:00,0.2630625257691577
2018-05-14 10:39:00,0.27824235199972236
2018-05-14 10:42:00,0.3388969356258258
2018-05-14 10:45:00,0.30631558828673633
2018-05-14 10:48:00,0.2975996415659097
2018-05-14 10:51:00,0.3443088322185872
2018-05-14 10:54:00,0.3359745617108274
2018-05-14 10:57:00,0.30862423318751553
2018-05-14 11:00:00,0.3312596607578939
2018-05-14 11:03:00,0.3540721184102722
2018-05-14 11:06:00,0.3409433163386666
2018-05-14 11:09:00,0.25296505530928926
2018-05-14 11:12:00,0.30036484915166284
2018-05-14 11:15:00,0.27489063418414617
2018-05-14 11:18:00,0.25099402828533357
2018-05-14 11:21:00,0.23561335131762462
2018-05-14 11:24:00,0.2317681890148151
2018-05-14 11:27:00,0.15610331256840482
2018-05-14 11:30:00,0.0937197896276416
2018-05-14 11:33:00,0.34964531808185484
2018-05-14 11:36:00,0.30539565813268155
2018-05-14 11:39:00,0.3100217499791711
2018-05-14 11:42:00,0.3212433983848655
2018-05-14 11:45:00,0.2585970049329376
2018-05-14 11:48:00,0.23529513185849282
2018-05-14 11:51:00,0.1387150496899494
2018-05-14 11:54:00,0.23882653033456336
2018-05-14 11:57:00,0.28017945418753243
2018-05-14 12:00:00,0.2788531241538408
2018-05-14 12:03:00,0.2412220531267053
2018-05-14 12:06:00,0.25171604232053824
2018-05-14 12:09:00,0.25693676809714816
2018-05-14 12:12:00,0.1781882164112858
2018-05-14 12:15:00,0.2792491507556747
2018-05-14 12:18:00,0.1911844203148121
2018-05-14 12:21:00,0.15371657980705322
2018-05-14 12:24:00,0.17420447783177906
2018-05-14 12:27:00,0.16854695304584766
2018-05-14 12:30:00,0.166801150250933
2018-05-14 12:33:00,0.02996195042197769
2018-05-14 12:36:00,0.11855098476524972
2018-05-14 12:39:00,0.24605945721413036
2018-05-14 12:42:00,0.03756626428503296
2018-05-14 12:45:00,0.09422158951520032
2018-05-14 12:48:00,0.15030074757095235
2018-05-14 12:51:00,0.07729370837546412
2018-05-14 12:54:00,0.1819880089813637
2018-05-14 12:57:00,0.1625971524475176
2018-05-14 13:00:00,0.22125200341207574
2018-05-14 13:03:00,0.43812791911551585
2018-05-14 13:06:00,0.48461055199146585
2018-05-14 13:09:00,0.3394716907653219
2018-05-14 13:12:00,0.3093518932672623
2018-05-14 13:15:00,0.28703092394016494
2018-05-14 13:18:00,0.25188279045755735
2018-05-14 13:21:00,0.19505744511297962
2018-05-14 13:24:00,0.24637713510173853
2018-05-14 13:27:00,0.26369959262217435
2018-05-14 13:30:00,0.3410923112834894
2018-05-14 13:33:00,0.44363073018882915
2018-05-14 13:36:00,0.3877962141118019
2018-05-14 13:39:00,0.3060646658156543
2018-05-14 13:42:00,0.17722148369352908
2018-05-14 13:45:00,-0.002177126871345081
2018-05-14 13:48:00,0.19575425901848575
2018-05-14 13:51:00,0.028102317114132802
2018-05-14 13:54:00,0.19470730041496154
2018-05-14 13:57:00,0.13397331462033435
2018-05-14 14:00:00,0.0704795389730748
2018-05-14 14:03:00,0.09039879177186094
2018-05-14 14:06:00,0.17557631288582343
2018-05-14 14:09:00,0.18313037990895964
2018-05-14 14:12:00,0.09029653477290367
2018-05-14 14:15:00,0.2172781457762767
2018-05-14 14:18:00,0.29143326614416765
2018-05-14 14:21:00,0.26127586672572534
2018-05-14 14:24:00,0.159543802225528
2018-05-14 14:27:00,0.04704560628613308
2018-05-14 14:30:00,0.12477451134225248
2018-05-14 14:33:00,0.12331572825314652
2018-05-14 14:36:00,0.23028546055729748
2018-05-14 14:39:00,0.4804602557886142
2018-05-14 14:42:00,0.5315293819014073
2018-05-14 14:45:00,0.6698864200456569
2018-05-14 14:48:00,0.7390467587023295
2018-05-14 14:51:00,0.8219488640469876
2018-05-14 14:54:00,0.9099924742813528
2018-05-14 14:57:00,0.9281934802917249
2018-05-14 15:00:00,0.9715975766027896
2018-05-14 15:03:00,0.8748780533742888
2018-05-14 15:06:00,0.7326724497316377
2018-05-14 15:09:00,0.7847283200602533
2018-05-14 15:12:00,0.7876742564914139
2018-05-14 15:15:00,0.8310010360950173
2018-05-14 15:18:00,0.8011633853556646
2018-05-14 15:21:00,0.78697251775003
2018-05-14 15:24:00,0.8128538124245779
2018-05-14 15:27:00,0.7924993200164749
2018-05-14 15:30:00,0.7750798970530468
2018-05-14 15:33:00,0.6654382522006586
2018-05-14 15:36:00,0.662385065406113
2018-05-14 15:39:00,0.5910788642037232
2018-05-14 15:42:00,0.575735142589167
2018-05-14 15:45:00,0.5712205365079512
2018-05-14 15:48:00,0.592149175585007
2018-05-14 15:51:00,0.49575370810981667
2018-05-14 15:54:00,0.45854945139620895
2018-05-14 15:57:00,0.46421766796208885
2018-05-14 16:00:00,0.48118441017282976
2018-05-14 16:03:00,0.42255225495136983
2018-05-14 16:06:00,0.40238243944725127
2018-05-14 16:09:00,0.4235493459752888
2018-05-14 16:12:00,0.38727016401895753
2018-05-14 16:15:00,0.42362807761986687
2018-05-14 16:18:00,0.5167977560097938
2018-05-14 16:21:00,0.5689126052487836
2018-05-14 16:24:00,0.47252342695367133
2018-05-14 16:27:00,0.4319176103026052
2018-05-14 16:30:00,0.42527462429126217
2018-05-14 16:33:00,0.4494381028756038
2018-05-14 16:36:00,0.49615638207689017
2018-05-14 16:39:00,0.38633073026477405
2018-05-14 16:42:00,0.3600193235882898
2018-05-14 16:45:00,0.44484955389805236
2018-05-14 16:48:00,0.36304139657892165
2018-05-14 16:51:00,0.5464217911466562
2018-05-14 16:54:00,0.4636025730461597
2018-05-14 16:57:00,0.38054503862616684
2018-05-14 17:00:00,0.3989071529559851
2018-05-14 17:03:00,0.3410245748011107
2018-05-14 17:06:00,0.3859914332290373
2018-05-14 17:09:00,0.3874270265388873
2018-05-14 17:12:00,0.36292279966210117
2018-05-14 17:15:00,0.23602688059884258
2018-05-14 17:18:00,0.3524764709866872
2018-05-14 17:21:00,0.41087853188730605
2018-05-14 17:24:00,0.38796511659245425
2018-05-14 17:27:00,0.27791823593372555
2018-05-14 17:30:00,0.30831805063616
2018-05-14 17:33:00,0.3462865509345079
2018-05-14 17:36:00,0.38228542708520763
2018-05-14 17:39:00,0.36030353969886164
2018-05-14 17:42:00,0.35960637825365893
2018-05-14 17:45:00,0.36158064535391077
2018-05-14 17:48:00,0.3678991151829223
2018-05-14 17:51:00,0.3967426878753031
2018-05-14 17:54:00,0.3508615178778882
2018-05-14 17:57:00,0.21945905761765516
2018-05-14 18:00:00,0.3990739125868572
2018-05-14 18:03:00,0.34077067590027355
2018-05-14 18:06:00,0.36087650862674536
2018-05-14 18:09:00,0.3233130744270625
2018-05-14 18:12:00,0.3115053757960595
2018-05-14 18:15:00,0.4656493268206532
2018-05-14 18:18:00,0.3201705740805778
2018-05-14 18:21:00,0.33182818290168825
2018-05-14 18:24:00,0.44655631343118785
2018-05-14 18:27:00,0.42771604455111856
2018-05-14 18:30:00,0.3920771429787919
2018-05-14 18:33:00,0.25987026311031514
2018-05-14 18:36:00,0.38394700207607
2018-05-14 18:39:00,0.2893489668623488
2018-05-14 18:42:00,0.3928121605819115
2018-05-14 18:45:00,0.35011526790077596
2018-05-14 18:48:00,0.3685323825439468
2018-05-14 18:51:00,0.4179054999654568
2018-05-14 18:54:00,
2018-05-14 18:57:00,
2018-05-14 19:00:00,
2018-05-14 19:03:00,0.4798611794053613
2018-05-14 19:06:00,0.43818646107899895
2018-05-14 19:09:00,0.3684501166177938
2018-05-14 19:12:00,0.4550689337992253
2018-05-14 19:15:00,0.3422031223581712
2018-05-14 19:18:00,0.4327055522971932
2018-05-14 19:21:00,0.41664769411198677
2018-05-14 19:24:00,0.4319274432254474
2018-05-14 19:27:00,0.4343791205155867
2018-05-14 19:30:00,0.3516448874253797
2018-05-14 19:33:00,0.4143952952610448
2018-05-14 19:36:00,0.43513146819304893
2018-05-14 19:39:00,0.3604959918005761
2018-05-14 19:42:00,0.36154573043205573
2018-05-14 19:45:00,0.3403868580078324
2018-05-14 19:48:00,0.5044372405827744
2018-05-14 19:51:00,0.39582980387910993
2018-05-14 19:54:00,0.4552097422363204
2018-05-14 19:57:00,0.445498546588567
2018-05-14 20:00:00,0.4503510680592058
2018-05-14 20:03:00,0.45609955657340606
2018-05-14 20:06:00,0.4351569867305898
2018-05-14 20:09:00,0.38200433575696024
2018-05-14 20:12:00,0.44560575322464047
2018-05-14 20:15:00,0.47769412875493344
2018-05-14 20:18:00,0.4227581974599275
2018-05-14 20:21:00,0.4920988236867174
2018-05-14 20:24:00,0.41235645647958563
2018-05-14 20:27:00,0.431448075198432
2018-05-14 20:30:00,0.5000043874367179
2018-05-14 20:33:00,0.47232238437948126
2018-05-14 20:36:00,0.4374386572102935
2018-05-14 20:39:00,0.5619060156330988
2018-05-14 20:42:00,0.4899371971123401
2018-05-14 20:45:00,0.5158300369754443
2018-05-14 20:48:00,0.4687100595279503
2018-05-14 20:51:00,0.5973314869403907
2018-05-14 20:54:00,0.5226556023026774
2018-05-14 20:57:00,0.5710221258670458
2018-05-14 21:00:00,0.5670302673458423
2018-05-14 21:03:00,0.5119521124914854
2018-05-14 21:06:00,0.5316187623788551
2018-05-14 21:09:00,0.6430594329323185
2018-05-14 21:12:00,0.5519256980639966
2018-05-14 21:15:00,0.6066228045344815
2018-05-14 21:18:00,0.6388944987151035
2018-05-14 21:21:00,0.6336527709681263
2018-05-14 21:24:00,0.605269552236507
2018-05-14 21:27:00,0.5589199405438876
2018-05-14 21:30:00,0.6243385284150804
2018-05-14 21:33:00,0.5435815235060204
2018-05-14 21:36:00,0.5487768235206545
2018-05-14 21:39:00,0.6034478344486729
2018-05-14 21:42:00,0.47996100451263146
2018-05-14 21:45:00,0.5199959769328188
2018-05-14 21:48:00,0.47041093376634535
2018-05-14 21:51:00,0.5931256856654841
2018-05-14 21:54:00,0.46700890681665896
2018-05-14 21:57:00,0.49890154588155156
2018-05-14 22:00:00,0.5154813452950293
2018-05-14 22:03:00,0.47358233567086927
2018-05-14 22:06:00,0.3437702075490279
2018-05-14 22:09:00,0.5660587617960573
2018-05-14 22:12:00,0.47715058171979763
2018-05-14 22:15:00,0.46970378935793633
2018-05-14 22:18:00,0.4654162870047571
2018-05-14 22:21:00,0.5217235319682345
2018-05-14 22:24:00,0.5152504141153713
2018-05-14 22:27:00,0.49421555251507243
2018-05-14 22:30:00,0.5676045499266706
2018-05-14 22:33:00,0.4896401574171705
2018-05-14 22:36:00,0.4659421487444888
2018-05-14 22:39:00,0.4553328699131498
2018-05-14 22:42:00,0.5614388489914859
2018-05-14 22:45:00,0.6183863768719675
2018-05-14 22:48:00,0.5156841028767758
2018-05-14 22:51:00,0.4847975306868193
2018-05-14 22:54:00,0.45699554269634746
2018-05-14 22:57:00,0.4937820732477576
2018-05-14 23:00:00,0.51735701428521
2018-05-14 23:03:00,0.5018488957863383
2018-05-14 23:06:00,0.6106444653200356
2018-05-14 23:09:00,0.6032500554225635
2018-05-14 23:12:00,0.6376099174316892
2018-05-14 23:15:00,0.6956729466510865
2018-05-14 23:18:00,0.6464960798186894
2018-05-14 23:21:00,0.5771637732805175
2018-05-14 23:24:00,0.6150500353475081
2018-05-14 23:27:00,0.4286470655377457
2018-05-14 23:30:00,0.4784848670813062
2018-05-14 23:33:00,0.5230898319043717
2018-05-14 23:36:00,0.46534687920700435
2018-05-14 23:39:00,0.45729208487011874
2018-05-14 23:42:00,0.515028813544518
2018-05-14 23:45:00,0.50526213304272
2018-05-14 23:48:00,0.5068926894476817
2018-05-14 23:51:00,0.5457362911249106
2018-05-14 23:54:00,0.498646748680585
2018-05-14 23:57:00,0.5693075176155276
2018-05-15 00:00:00,0.508878481666386
2018-05-15 00:03:00,0.4736471774451161
2018-05-15 00:06:00,0.5529184771745008
2018-05-15 00:09:00,0.5270654727611941
2018-05-15 00:12:00,0.5632597109067774
2018-05-15 00:15:00,0.4678975121818212
2018-05-15 00:18:00,0.48685470586838164
2018-05-15 00:21:00,0.4914589091535504
2018-05-15 00:24:00,0.49894040819026486
2018-05-15 00:27:00,0.5298825516867396
2018-05-15 00:30:00,0.5021836749617705
2018-05-15 00:33:00,0.5748002840597906
2018-05-15 00:36:00,0.4906622940670218
2018-05-15 00:39:00,0.41433774125101763
2018-05-15 00:42:00,0.5818211300571647
2018-05-15 00:45:00,0.5855028338430088
2018-05-15 00:48:00,0.38011476780752673
2018-05-15 00:51:00,0.506132794951327
2018-05-15 00:54:00,0.46982477890617247
2018-05-15 00:57:00,0.49605808296524856
2018-05-15 01:00:00,0.49549920377302215
2018-05-15 01:03:00,0.5368593045835155
2018-05-15 01:06:00,0.5624769995191627
2018-05-15 01:09:00,0.5639191022415275
2018-05-15 01:12:00,0.6394847148142162
2018-05-15 01:15:00,0.5776020212969684
2018-05-15 01:18:00,0.543579657339933
2018-05-15 01:21:00,0.5566953198825217
2018-05-15 01:24:00,0.5654094850457341
2018-05-15 01:27:00,0.544941715503171
2018-05-15 01:30:00,0.3985978429006991
2018-05-15 01:33:00,0.5359298685311842
2018-05-15 01:36:00,0.48141317561413643
2018-05-15 01:39:00,0.5084224266998945
2018-05-15 01:42:00,0.5518376416355864
2018-05-15 01:45:00,0.6396776195130087
2018-05-15 01:48:00,0.4968970588081447
2018-05-15 01:51:00,0.543000086759946
2018-05-15 01:54:00,0.5309325532392108
2018-05-15 01:57:00,0.4959860090299344
2018-05-15 02:00:00,0.6125402439760705
2018-05-15 02:03:00,0.5683632760275259
2018-05-15 02:06:00,0.566379510685806
2018-05-15 02:09:00,0.6023817350711624
2018-05-15 02:12:00,0.6579500610021114
2018-05-15 02:15:00,0.6001599446838668
2018-05-15 02:18:00,0.5259047470501059
2018-05-15 02:21:00,0.5543584478372736
2018-05-15 02:24:00,0.47613818661039886
2018-05-15 02:27:00,0.4707765229657639
2018-05-15 02:30:00,0.4738600058981888
2018-05-15 02:33:00,0.49589988116463246
2018-05-15 02:36:00,0.5415604764056638
2018-05-15 02:39:00,0.48705049848985027
2018-05-15 02:42:00,0.46111420052102403
2018-05-15 02:45:00,0.522336548019041
2018-05-15 02:48:00,0.6272654857913835
2018-05-15 02:51:00,0.5937655190531359
2018-05-15 02:54:00,0.740219949520224
2018-05-15 02:57:00,0.6428871709725286
2018-05-15 03:00:00,0.7173497788024861
2018-05-15 03:03:00,0.7220778977953728
2018-05-15 03:06:00,0.6489076996282961
2018-05-15 03:09:00,0.7163597608870873
2018-05-15 03:12:00,0.5642366626875059
2018-05-15 03:15:00,0.6205336623021935
2018-05-15 03:18:00,0.5680994016094587
2018-05-15 03:21:00,0.7045720136351292
2018-05-15 03:24:00,0.5916806162479133
2018-05-15 03:27:00,0.5812007779663872
2018-05-15 03:30:00,0.5678722691478129
2018-05-15 03:33:00,0.5681276054714886
2018-05-15 03:36:00,0.5105072159648785
2018-05-15 03:39:00,0.5121426455079927
2018-05-15 03:42:00,0.5842957809368841
2018-05-15 03:45:00,0.5950802376185607
2018-05-15 03:48:00,0.5038718915165532
2018-05-15 03:51:00,0.5234985082978483
2018-05-15 03:54:00,0.5567347204973316
2018-05-15 03:57:00,0.5962399018969791
2018-05-15 04:00:00,0.5231716954468197
2018-05-15 04:03:00,0.5894640880204065
2018-05-15 04:06:00,0.5776947748207135
2018-05-15 04:09:00,0.6794331997171525
2018-05-15 04:12:00,0.4986764932963865
2018-05-15 04:15:00,0.6040764691437062
2018-05-15 04:18:00,0.5805302116697817
2018-05-15 04:21:00,0.6252251157106912
2018-05-15 04:24:00,0.5724591130231147
2018-05-15 04:27:00,0.6090089051090217
2018-05-15 04:30:00,0.6477550458292285
2018-05-15 04:33:00,0.5986566889756659
2018-05-15 04:36:00,0.6848554814218915
2018-05-15 04:39:00,0.6775876474458755
2018-05-15 04:42:00,0.6390929950748045
2018-05-15 04:45:00,0.5399943020200908
2018-05-15 04:48:00,0.5937280411348524
2018-05-15 04:51:00,0.6483418775528662
2018-05-15 04:54:00,0.5799416077582578
2018-05-15 04:57:00,0.6264114818758912
2018-05-15 05:00:00,0.6192629805543106
2018-05-15 05:03:00,0.6558276910605514
2018-05-15 05:06:00,0.6359769645388837
2018-05-15 05:09:00,0.5520568869255271
2018-05-15 05:12:00,0.6735869035750852
2018-05-15 05:15:00,0.5405957877042056
2018-05-15 05:18:00,0.5511944076734494
2018-05-15 05:21:00,0.7429933715699804
2018-05-15 05:24:00,0.6473248875572608
2018-05-15 05:27:00,0.7218306503580152
2018-05-15 05:30:00,0.6265608316010116
2018-05-15 05:33:00,0.6738115880983742
2018-05-15 05:36:00,0.65988907176353
2018-05-15 05:39:00,0.6732734447338089
2018-05-15 05:42:00,0.6063334374552483
2018-05-15 05:45:00,0.6211701204438782
2018-05-15 05:48:00,0.6453119406799033
2018-05-15 05:51:00,0.6377014638565015
2018-05-15 05:54:00,0.6264577057872884
2018-05-15 05:57:00,0.7487061312906462
2018-05-15 06:00:00,0.6358200649501669
2018-05-15 06:03:00,0.6044741160814056
2018-05-15 06:06:00,0.6253847817655469
2018-05-15 06:09:00,0.6563095492577986
2018-05-15 06:12:00,0.581869464443912
2018-05-15 06:15:00,0.5956700682017413
2018-05-15 06:18:00,0.6595890276598197
2018-05-15 06:21:00,0.5717301914993413
2018-05-15 06:24:00,0.6168187534655658
2018-05-15 06:27:00,0.6483211044275095
2018-05-15 06:30:00,0.637223353498257
2018-05-15 06:33:00,0.7028039562894719
2018-05-15 06:36:00,0.5787828129614923
2018-05-15 06:39:00,0.6338796543157628
2018-05-15 06:42:00,0.5756027263727788
2018-05-15 06:45:00,0.5761217892633113
2018-05-15 06:48:00,0.6398011624086735
2018-05-15 06:51:00,0.6199055981132346
2018-05-15 06:54:00,0.5544873370946561
2018-05-15 06:57:00,0.544164841764541
2018-05-15 07:00:00,0.651685659963448
2018-05-15 07:03:00,0.6462141891412898
2018-05-15 07:06:00,0.5576902617178803
2018-05-15 07:09:00,0.5562181852504864
2018-05-15 07:12:00,0.5080814979825163
2018-05-15 07:15:00,0.6942573483729007
2018-05-15 07:18:00,0.6181548788175633
2018-05-15 07:21:00,0.6753265815629561
2018-05-15 07:24:00,0.609135039501723
2018-05-15 07:27:00,0.6856364171816836
2018-05-15 07:30:00,0.603104019708951
2018-05-15 07:33:00,0.5333692999606683
2018-05-15 07:36:00,0.6269186664854374
2018-05-15 07:39:00,0.6650555880062257
2018-05-15 07:42:00,0.5822381282949891
2018-05-15 07:45:00,0.6043649850315091
2018-05-15 07:48:00,0.4821582726771112
2018-05-15 07:51:00,0.5738715970289832
2018-05-15 07:54:00,0.5680384401085803
2018-05-15 07:57:00,0.6883004053148625
2018-05-15 08:00:00,0.5647444998962783
2018-05-15 08:03:00,0.5666440142706506
2018-05-15 08:06:00,0.67533355199771
2018-05-15 08:09:00,0.5466890197250223
2018-05-15 08:12:00,0.600574212697893
2018-05-15 08:15:00,0.6672805203107259
2018-05-15 08:18:00,0.6334553747423683
2018-05-15 08:21:00,0.5365980803241541
2018-05-15 08:24:00,0.5437535841642784
2018-05-15 08:27:00,0.6946661099693756
2018-05-15 08:30:00,0.4618130145402688
2018-05-15 08:33:00,0.5972803923462493
2018-05-15 08:36:00,0.5464813450492443
2018-05-15 08:39:00,0.4956451490352265
2018-05-15 08:42:00,0.5307696325327811
2018-05-15 08:45:00,0.5902626433269802
2018-05-15 08:48:00,0.4697145826001474
2018-05-15 08:51:00,0.48771057557775066
2018-05-15 08:54:00,0.48296150281163364
2018-05-15 08:57:00,0.5106239520408167
2018-05-15 09:00:00,0.5682295326718645
2018-05-15 09:03:00,0.522821156827888
2018-05-15 09:06:00,0.4778376495912653
2018-05-15 09:09:00,0.5359580054944217
2018-05-15 09:12:00,0.5569764815122653
2018-05-15 09:15:00,0.45348241956560287
2018-05-15 09:18:00,0.46598409950559017
2018-05-15 09:21:00,0.4463700165429145
2018-05-15 09:24:00,0.48522718747545923
2018-05-15 09:27:00,0.5143974503021127
2018-05-15 09:30:00,0.6031548219157798
2018-05-15 09:33:00,0.3280139633984618
2018-05-15 09:36:00,0.40522314134153703
2018-05-15 09:39:00,0.5337657697410236
2018-05-15 09:42:00,0.4647724370396986
2018-05-15 09:45:00,0.4023891210238162
2018-05-15 09:48:00,0.49825801052872976
2018-05-15 09:51:00,0.48011688004328335
2018-05-15 09:54:00,0.3926734536518097
2018-05-15 09:57:00,0.368216040361915
2018-05-15 10:00:00,0.4610794551600179
2018-05-15 10:03:00,0.3854039270477756
2018-05-15 10:06:00,0.44607024650997573
2018-05-15 10:09:00,0.3603779475339479
2018-05-15 10:12:00,0.2987468251372434
2018-05-15 10:15:00,0.44784950441572846
2018-05-15 10:18:00,0.2801577545808982
2018-05-15 10:21:00,0.2986314926339446
2018-05-15 10:24:00,0.37771339831652995
2018-05-15 10:27:00,0.3518006225767749
2018-05-15 10:30:00,0.20125897540697224
2018-05-15 10:33:00,0.3026752785372082
2018-05-15 10:36:00,0.22323672897221059
2018-05-15 10:39:00,0.19267621571037807
2018-05-15 10:42:00,0.14211246667133537
2018-05-15 10:45:00,0.25133465134251765
2018-05-15 10:48:00,0.18603122120418902
2018-05-15 10:51:00,0.28928450350667845
2018-05-15 10:54:00,0.3279197108131484
2018-05-15 10:57:00,0.09595786775093984
2018-05-15 11:00:00,0.14240672423233036
2018-05-15 11:03:00,-0.007179146640964973
2018-05-15 11:06:00,0.13907461037422308
2018-05-15 11:09:00,0.06936503468165256
2018-05-15 11:12:00,0.07808049970321917
2018-05-15 11:15:00,-0.06286074681793252
2018-05-15 11:18:00,0.1279567897216225
2018-05-15 11:21:00,-0.0485670210821354
2018-05-15 11:24:00,-0.021867899882408892
2018-05-15 11:27:00,0.12401033988874133
2018-05-15 11:30:00,0.0527815502717317
2018-05-15 11:33:00,0.14007270435865848
2018-05-15 11:36:00,0.09153520282728778
2018-05-15 11:39:00,0.05304238425424046
2018-05-15 11:42:00,0.042604177918235564
2018-05-15 11:45:00,-0.04122670714889409
2018-05-15 11:48:00,0.01934263542887038
2018-05-15 11:51:00,0.0022029419420732665
2018-05-15 11:54:00,0.10192785338153953
2018-05-15 11:57:00,-0.02992621194465528
2018-05-15 12:00:00,-0.054420528814659974
2018-05-15 12:03:00,-0.023265324728754422
2018-05-15 12:06:00,-0.060431150492320285
2018-05-15 12:09:00,-0.022127255555062675
2018-05-15 12:12:00,-0.04434994572903861
2018-05-15 12:15:00,0.07251602825294867
2018-05-15 12:18:00,0.09172102102417057
2018-05-15 12:21:00,0.12561270791002244
2018-05-15 12:24:00,0.1948281876533997
2018-05-15 12:27:00,0.14400633337368163
2018-05-15 12:30:00,0.127624469818727
2018-05-15 12:33:00,0.18380394905801722
2018-05-15 12:36:00,0.08147934063669027
2018-05-15 12:39:00,0.265793725306537
2018-05-15 12:42:00,0.12505602598974974
2018-05-15 12:45:00,0.12161729636210339
2018-05-15 12:48:00,0.13609966149959973
2018-05-15 12:51:00,0.1432894103805893
2018-05-15 12:54:00,0.0969497552583789
2018-05-15 12:57:00,0.02902528101878943
2018-05-15 13:00:00,-0.06573768060042084
2018-05-15 13:03:00,-0.006981324642936215
2018-05-15 13:06:00,-0.002416841668093639
2018-05-15 13:09:00,0.12955074157753188
2018-05-15 13:12:00,0.021201040523692427
2018-05-15 13:15:00,-0.02061226871666122
2018-05-15 13:18:00,-0.21690921796124485
2018-05-15 13:21:00,-0.07888797234761569
2018-05-15 13:24:00,-0.0837113497245241
2018-05-15 13:27:00,-0.1782634041396136
2018-05-15 13:30:00,-0.2174114317018052
2018-05-15 13:33:00,-0.175336976262372
2018-05-15 13:36:00,-0.13767507979218863
2018-05-15 13:39:00,-0.21377291414393085
2018-05-15 13:42:00,-0.06769721475870938
2018-05-15 13:45:00,-0.12945616608664068
2018-05-15 13:48:00,-0.10069428585279638
2018-05-15 13:51:00,-0.1512143258602805
2018-05-15 13:54:00,-0.0979317908774533
2018-05-15 13:57:00,-0.14507905387108622
2018-05-15 14:00:00,-0.2432914387609344
2018-05-15 14:03:00,-0.12029996307336432
2018-05-15 14:06:00,-0.014408658686704712
2018-05-15 14:09:00,-0.08756536020780459
2018-05-15 14:12:00,-0.21780313911267513
2018-05-15 14:15:00,-0.13911606320181136
2018-05-15 14:18:00,-0.02939560089794213
2018-05-15 14:21:00,-0.10199935370553703
2018-05-15 14:24:00,-0.017106849184358452
2018-05-15 14:27:00,0.0042016353827989406
2018-05-15 14:30:00,0.050316559876648626
2018-05-15 14:33:00,0.10194110611035967
2018-05-15 14:36:00,0.022116563716451765
2018-05-15 14:39:00,-0.145900492935084
2018-05-15 14:42:00,-0.02150665359812365
2018-05-15 14:45:00,-0.13059142536894797
2018-05-15 14:48:00,-0.061581368562258376
2018-05-15 14:51:00,-0.14702904719922572
2018-05-15 14:54:00,-0.07926056268354387
2018-05-15 14:57:00,-0.1674286344129996
2018-05-15 15:00:00,-0.22219453851005255
2018-05-15 15:03:00,-0.2712921636843362
2018-05-15 15:06:00,-0.259444887227005
2018-05-15 15:09:00,-0.20021448020190746
2018-05-15 15:12:00,-0.11559939091222304
2018-05-15 15:15:00,0.062278109208705246
2018-05-15 15:18:00,0.07693731526336478
2018-05-15 15:21:00,0.0949527451455765
2018-05-15 15:24:00,0.12922344290217325
2018-05-15 15:27:00,0.30047141354560836
2018-05-15 15:30:00,0.2751368882031784
2018-05-15 15:33:00,0.5241625586378973
2018-05-15 15:36:00,0.5037361946049259
2018-05-15 15:39:00,0.6304864067079734
2018-05-15 15:42:00,0.7250091049800744
2018-05-15 15:45:00,0.7122510650195295
2018-05-15 15:48:00,0.8448745951768046
2018-05-15 15:51:00,0.9244956181825046
2018-05-15 15:54:00,0.8237330927717039
2018-05-15 15:57:00,0.6999278381388194
2018-05-15 16:00:00,0.6634394068935876
2018-05-15 16:03:00,0.7200987009449591
2018-05-15 16:06:00,0.8319533501631327
2018-05-15 16:09:00,0.7857004454380672
2018-05-15 16:12:00,0.691489588859497
2018-05-15 16:15:00,0.7924896188640673
2018-05-15 16:18:00,0.6776657278741709
2018-05-15 16:21:00,0.5893155769011855
2018-05-15 16:24:00,0.5760275417526941
2018-05-15 16:27:00,0.5273352030417868
2018-05-15 16:30:00,0.5753503676806417
2018-05-15 16:33:00,0.6447288395107194
2018-05-15 16:36:00,0.6767760703367003
2018-05-15 16:39:00,0.643535726535049
2018-05-15 16:42:00,0.6425364778748417
2018-05-15 16:45:00,0.5817988896052952
2018-05-15 16:48:00,0.5687086737000868
2018-05-15 16:51:00,0.6310834439213977
2018-05-15 16:54:00,0.6084191935547096
2018-05-15 16:57:00,0.6489167660312205
2018-05-15 17:00:00,0.6086670388668836
2018-05-15 17:03:00,0.5693917059625164
2018-05-15 17:06:00,0.6315502433315032
2018-05-15 17:09:00,0.536722474716214
2018-05-15 17:12:00,0.5782151396646213
2018-05-15 17:15:00,0.6015609605416898
2018-05-15 17:18:00,0.4772063588745823
2018-05-15 17:21:00,0.5056072665537954
2018-05-15 17:24:00,0.5367984376024992
2018-05-15 17:27:00,0.6400257516766032
2018-05-15 17:30:00,0.5697196078546654
2018-05-15 17:33:00,0.5152842174002217
2018-05-15 17:36:00,0.5833002176839841
2018-05-15 17:39:00,0.401764080548503
2018-05-15 17:42:00,0.5114159958717437
2018-05-15 17:45:00,0.58839754392136
2018-05-15 17:48:00,0.6168538800032479
2018-05-15 17:51:00,0.5344114546796845
2018-05-15 17:54:00,0.7197644167778208
2018-05-15 17:57:00,0.5874811324135862
2018-05-15 18:00:00,0.49689241618619917
2018-05-15 18:03:00,0.5359492625769349
2018-05-15 18:06:00,0.6079854367301891
2018-05-15 18:09:00,0.48008357084722775
2018-05-15 18:12:00,0.49611047242143513
2018-05-15 18:15:00,0.6424735070332872
2018-05-15 18:18:00,0.6119471092259232
2018-05-15 18:21:00,0.5450240817091299
2018-05-15 18:24:00,0.5090244220978661
2018-05-15 18:27:00,0.5616086666641991
2018-05-15 18:30:00,0.5446682468063955
2018-05-15 18:33:00,0.5408855423087289
2018-05-15 18:36:00,0.5429286970649514
2018-05-15 18:39:00,0.52492288684698
2018-05-15 18:42:00,0.5993094270139636
2018-05-15 18:45:00,0.4800250961799861
2018-05-15 18:48:00,0.4533744736824019
2018-05-15 18:51:00,0.46596187621071294
2018-05-15 18:54:00,0.5189693301601324
2018-05-15 18:57:00,
2018-05-15 19:00:00,
2018-05-15 19:03:00,0.5090438590424355
2018-05-15 19:06:00,0.5095645550001109
2018-05-15 19:09:00,0.48893988004698485
2018-05-15 19:12:00,0.4755872861113062
2018-05-15 19:15:00,0.5684758003587831
2018-05-15 19:18:00,0.5513897075625778
2018-05-15 19:21:00,0.5421135183893284
2018-05-15 19:24:00,0.506295075846765
2018-05-15 19:27:00,0.5087464868288976
2018-05-15 19:30:00,0.545713650008679
2018-05-15 19:33:00,0.3901402343208247
2018-05-15 19:36:00,0.4352524100118558
2018-05-15 19:39:00,0.4892936322593755
2018-05-15 19:42:00,0.4707054252599505
2018-05-15 19:45:00,0.4107598879252805
2018-05-15 19:48:00,0.4428622050000399
2018-05-15 19:51:00,0.5028762253757577
2018-05-15 19:54:00,0.6191509112640006
2018-05-15 19:57:00,0.5459396029922914
2018-05-15 20:00:00,0.6386508430848039
2018-05-15 20:03:00,0.464368248640028
2018-05-15 20:06:00,0.4430447269244837
2018-05-15 20:09:00,0.5233863750162868
2018-05-15 20:12:00,0.48339643550690425
2018-05-15 20:15:00,0.436200749029922
2018-05-15 20:18:00,0.48263663341248275
2018-05-15 20:21:00,0.3962925541794675
2018-05-15 20:24:00,0.3091128275295887
2018-05-15 20:27:00,0.4645290202067258
2018-05-15 20:30:00,0.31606423583190235
2018-05-15 20:33:00,0.3894277810370568
2018-05-15 20:36:00,0.40536933683938514
2018-05-15 20:39:00,0.43924879193082234
2018-05-15 20:42:00,0.4371595766876908
2018-05-15 20:45:00,0.34628602592971447
2018-05-15 20:48:00,0.40900176410224276
2018-05-15 20:51:00,0.4004613853679757
2018-05-15 20:54:00,0.4186225583072769
2018-05-15 20:57:00,0.4677045793555408
2018-05-15 21:00:00,0.4107808025855775
2018-05-15 21:03:00,0.35337469305119384
2018-05-15 21:06:00,0.3712507452831346
2018-05-15 21:09:00,0.4125252089360174
2018-05-15 21:12:00,0.42944922264740626
2018-05-15 21:15:00,0.422349212498375
2018-05-15 21:18:00,0.3347577384816418
2018-05-15 21:21:00,0.43224098861855964
2018-05-15 21:24:00,0.522790380502272
2018-05-15 21:27:00,0.46531801068596224
2018-05-15 21:30:00,0.42418902703798267
2018-05-15 21:33:00,0.47082883132264897
2018-05-15 21:36:00,0.46320673546784974
2018-05-15 21:39:00,0.4678798702228164
2018-05-15 21:42:00,0.5425303035713114
2018-05-15 21:45:00,0.5427320685656127
2018-05-15 21:48:00,0.48313340877001565
2018-05-15 21:51:00,0.542690605191126
2018-05-15 21:54:00,0.5494901635246947
2018-05-15 21:57:00,0.5114868015267007
2018-05-15 22:00:00,0.5271353274289368
2018-05-15 22:03:00,0.514819953761446
2018-05-15 22:06:00,0.44946599450747726
2018-05-15 22:09:00,0.47547308898850815
2018-05-15 22:12:00,0.42001856200010934
2018-05-15 22:15:00,0.48779269628869315
2018-05-15 22:18:00,0.5004054449251498
2018-05-15 22:21:00,0.4828651414155729
2018-05-15 22:24:00,0.5348407511201003
2018-05-15 22:27:00,0.5194058490328075
2018-05-15 22:30:00,0.5899920825317508
2018-05-15 22:33:00,0.6150493347412862
2018-05-15 22:36:00,0.5151279598371161
2018-05-15 22:39:00,0.476249701394579
2018-05-15 22:42:00,0.49939412842542197
2018-05-15 22:45:00,0.5475730380975392
2018-05-15 22:48:00,0.618276171365892
2018-05-15 22:51:00,0.4794940074446572
2018-05-15 22:54:00,0.6033603893911277
2018-05-15 22:57:00,0.530892204909776
2018-05-15 23:00:00,0.6030016917016496
2018-05-15 23:03:00,0.4994528129006994
2018-05-15 23:06:00,0.5928851011798884
2018-05-15 23:09:00,0.5200011034274894
2018-05-15 23:12:00,0.6327280714025392
2018-05-15 23:15:00,0.5400138652157693
2018-05-15 23:18:00,0.533640773000343
2018-05-15 23:21:00,0.6213984026986736
2018-05-15 23:24:00,0.6224954831259879
2018-05-15 23:27:00,0.590158813395874
2018-05-15 23:30:00,0.6226424672505004
2018-05-15 23:33:00,0.6081303105377174
2018-05-15 23:36:00,0.6279341947827675
2018-05-15 23:39:00,0.5755629255430676
2018-05-15 23:42:00,0.6550419529730789
2018-05-15 23:45:00,0.6004268669959743
2018-05-15 23:48:00,0.6591224107114613
2018-05-15 23:51:00,0.6927775106409513
2018-05-15 23:54:00,0.5240359443096736
2018-05-15 23:57:00,0.6491708697159311
2018-05-16 00:00:00,0.7614010749502427
2018-05-16 00:03:00,0.6249548687075617
2018-05-16 00:06:00,0.6687511094714864
2018-05-16 00:09:00,0.6335584310664331
2018-05-16 00:12:00,0.5817286747382013
2018-05-16 00:15:00,0.6947525708176272
2018-05-16 00:18:00,0.7336121035997962
2018-05-16 00:21:00,0.727077235398383
2018-05-16 00:24:00,0.6098029772715563
2018-05-16 00:27:00,0.716351623575008
2018-05-16 00:30:00,0.6176123626663639
2018-05-16 00:33:00,0.7119384153688202
2018-05-16 00:36:00,0.7517933187375547
2018-05-16 00:39:00,0.6804531180736717
2018-05-16 00:42:00,0.7786765855917679
2018-05-16 00:45:00,0.7179523300432606
2018-05-16 00:48:00,0.7415312601072515
2018-05-16 00:51:00,0.8010128822280649
2018-05-16 00:54:00,0.8175238317193703
2018-05-16 00:57:00,0.7824284692450192
2018-05-16 01:00:00,0.7539556516894663
2018-05-16 01:03:00,0.7223406877348566
2018-05-16 01:06:00,0.730699571297464
2018-05-16 01:09:00,0.7689636445405768
2018-05-16 01:12:00,0.7213142859213804
2018-05-16 01:15:00,0.7331757408281305
2018-05-16 01:18:00,0.7468286365795507
2018-05-16 01:21:00,0.7038004461390415
2018-05-16 01:24:00,0.8043177072381127
2018-05-16 01:27:00,0.7247967090640373
2018-05-16 01:30:00,0.6833712880394387
2018-05-16 01:33:00,0.6567286613832266
2018-05-16 01:36:00,0.7440657239297934
2018-05-16 01:39:00,0.788820954735229
2018-05-16 01:42:00,0.7792674233704133
2018-05-16 01:45:00,0.7450213075950955
2018-05-16 01:48:00,0.7155117922617364
2018-05-16 01:51:00,0.8004776903063089
2018-05-16 01:54:00,0.8089462369319449
2018-05-16 01:57:00,0.7899602109879993
2018-05-16 02:00:00,0.8176719031135917
2018-05-16 02:03:00,0.8647828857502304
2018-05-16 02:06:00,0.7799886996623968
2018-05-16 02:09:00,0.7816033330665277
2018-05-16 02:12:00,0.8480349347731817
2018-05-16 02:15:00,0.7891217296144077
2018-05-16 02:18:00,0.827420034198326
2018-05-16 02:21:00,0.8063846107430095
2018-05-16 02:24:00,0.8824134173225957
2018-05-16 02:27:00,0.7897891924338296
2018-05-16 02:30:00,0.7121227807963919
2018-05-16 02:33:00,0.7879645343412562
2018-05-16 02:36:00,0.8355139034808303
2018-05-16 02:39:00,0.8012186814424922
2018-05-16 02:42:00,0.8277780483564356
2018-05-16 02:45:00,0.9477302661470617
2018-05-16 02:48:00,0.8791028247388226
2018-05-16 02:51:00,0.7406255470411338
2018-05-16 02:54:00,0.8595814090016347
2018-05-16 02:57:00,0.7372892369765509
2018-05-16 03:00:00,0.8088830148886359
2018-05-16 03:03:00,0.858569627508075
2018-05-16 03:06:00,0.9059256784565832
2018-05-16 03:09:00,0.8939349212197385
2018-05-16 03:12:00,0.8920068838540374
2018-05-16 03:15:00,0.8144067741172876
2018-05-16 03:18:00,0.8990618034521844
2018-05-16 03:21:00,0.7567113564196006
2018-05-16 03:24:00,0.7901691202510506
2018-05-16 03:27:00,0.7180462755248413
2018-05-16 03:30:00,0.8656579373164277
2018-05-16 03:33:00,0.8668409239861603
2018-05-16 03:36:00,0.8576921040608454
2018-05-16 03:39:00,0.742825481873524
2018-05-16 03:42:00,0.8039627554332469
2018-05-16 03:45:00,0.7883207850119334
2018-05-16 03:48:00,0.7966712567627496
2018-05-16 03:51:00,0.7187338916553472
2018-05-16 03:54:00,0.7212559300056114
2018-05-16 03:57:00,0.8346753273291938
2018-05-16 04:00:00,0.7959398069023678
2018-05-16 04:03:00,0.860214768806884
2018-05-16 04:06:00,0.7915776166857427
2018-05-16 04:09:00,0.7609108568167926
2018-05-16 04:12:00,0.7226184897331791
2018-05-16 04:15:00,0.7711424192940513
2018-05-16 04:18:00,0.6645103044257326
2018-05-16 04:21:00,0.7299436357282048
2018-05-16 04:24:00,0.7261475667307877
2018-05-16 04:27:00,0.6831505005224585
2018-05-16 04:30:00,0.8002423351228458
2018-05-16 04:33:00,0.8012095253716893
2018-05-16 04:36:00,0.7337542222188631
2018-05-16 04:39:00,0.7997931828004425
2018-05-16 04:42:00,0.6787552642011292
2018-05-16 04:45:00,0.6473641817540283
2018-05-16 04:48:00,0.6911114948819659
2018-05-16 04:51:00,0.8136624375592874
2018-05-16 04:54:00,0.7899061516581583
2018-05-16 04:57:00,0.6143359519609817
2018-05-16 05:00:00,0.8267731328202785
2018-05-16 05:03:00,0.7843971091308504
2018-05-16 05:06:00,0.7708098257693905
2018-05-16 05:09:00,0.6362388770451162
2018-05-16 05:12:00,0.7164142606127939
2018-05-16 05:15:00,0.8483618891010565
2018-05-16 05:18:00,0.7338209210230957
2018-05-16 05:21:00,0.7493299458640195
2018-05-16 05:24:00,0.6891759881432904
2018-05-16 05:27:00,0.7461437300675016
2018-05-16 05:30:00,0.8128903465090502
2018-05-16 05:33:00,0.664409414557781
2018-05-16 05:36:00,0.6705106815197155
2018-05-16 05:39:00,0.7305212068879996
2018-05-16 05:42:00,0.665069370232402
2018-05-16 05:45:00,0.7077031668516156
2018-05-16 05:48:00,0.7275134324050896
2018-05-16 05:51:00,0.7626593858935848
2018-05-16 05:54:00,0.5888116942002171
2018-05-16 05:57:00,0.7643828101355439
2018-05-16 06:00:00,0.7486872942846503
2018-05-16 06:03:00,0.5995602206251647
2018-05-16 06:06:00,0.787385715209723
2018-05-16 06:09:00,0.8102930844594312
2018-05-16 06:12:00,0.7482240703203615
2018-05-16 06:15:00,0.7710583397322353
2018-05-16 06:18:00,0.785778037630223
2018-05-16 06:21:00,0.6638736710396529
2018-05-16 06:24:00,0.7535924835548826
2018-05-16 06:27:00,0.6986846548221024
2018-05-16 06:30:00,0.6741137384676676
2018-05-16 06:33:00,0.8104735008733996
2018-05-16 06:36:00,0.7559516803574979
2018-05-16 06:39:00,0.6911759893054636
2018-05-16 06:42:00,0.7913006295275409
2018-05-16 06:45:00,0.6294748783857926
2018-05-16 06:48:00,0.7738588169737568
2018-05-16 06:51:00,0.7078359555549696
2018-05-16 06:54:00,0.8797677089353897
2018-05-16 06:57:00,0.7360908078152306
2018-05-16 07:00:00,0.7755060685380499
2018-05-16 07:03:00,0.7436047618728594
2018-05-16 07:06:00,0.7367959476189867
2018-05-16 07:09:00,0.7103490592457433
2018-05-16 07:12:00,0.749380673058738
2018-05-16 07:15:00,0.7057752088682037
2018-05-16 07:18:00,0.7225140871173608
2018-05-16 07:21:00,0.8407846725677359
2018-05-16 07:24:00,0.6325966894158341
2018-05-16 07:27:00,0.6639099820148999
2018-05-16 07:30:00,0.798568295288419
2018-05-16 07:33:00,0.6668773520794389
2018-05-16 07:36:00,0.6515029722488634
2018-05-16 07:39:00,0.6384357597495978
2018-05-16 07:42:00,0.6749972224771454
2018-05-16 07:45:00,0.6895130349536203
2018-05-16 07:48:00,0.5824156140986929
2018-05-16 07:51:00,0.6354450431038572
2018-05-16 07:54:00,0.6204649250813077
2018-05-16 07:57:00,0.6199370494546201
2018-05-16 08:00:00,0.6852563970997494
2018-05-16 08:03:00,0.7041183932749391
2018-05-16 08:06:00,0.555690594702412
2018-05-16 08:09:00,0.5376146132589383
2018-05-16 08:12:00,0.5468216703077928
2018-05-16 08:15:00,0.6093343028832123
2018-05-16 08:18:00,0.4987682072306825
2018-05-16 08:21:00,0.5891815287084228
2018-05-16 08:24:00,0.5295804297755353
2018-05-16 08:27:00,0.5177465373049017
2018-05-16 08:30:00,0.4872592087311318
2018-05-16 08:33:00,0.5245305665034721
2018-05-16 08:36:00,0.47850484873828236
2018-05-16 08:39:00,0.5428900839300468
2018-05-16 08:42:00,0.47455536869927073
2018-05-16 08:45:00,0.40069292721216243
2018-05-16 08:48:00,0.45459215110042805
2018-05-16 08:51:00,0.5313668951220052
2018-05-16 08:54:00,0.432747784005187
2018-05-16 08:57:00,0.4424334369509779
2018-05-16 09:00:00,0.3870745191919127
2018-05-16 09:03:00,0.4594736795403378
2018-05-16 09:06:00,0.43052407703333984
2018-05-16 09:09:00,0.3570686096918507
2018-05-16 09:12:00,0.428171020175796
2018-05-16 09:15:00,0.4171017522256193
2018-05-16 09:18:00,0.2508629771069195
2018-05-16 09:21:00,0.2504792426024096
2018-05-16 09:24:00,0.3744374225431102
2018-05-16 09:27:00,0.3236872534159261
2018-05-16 09:30:00,0.2796678646022315
2018-05-16 09:33:00,0.3479019500647951
2018-05-16 09:36:00,0.28047942142023885
2018-05-16 09:39:00,0.24357280276547044
2018-05-16 09:42:00,0.21705726225576427
2018-05-16 09:45:00,0.1421223361607531
2018-05-16 09:48:00,0.1960242992623762
2018-05-16 09:51:00,0.11379420131720508
2018-05-16 09:54:00,0.17469415239554564
2018-05-16 09:57:00,0.21272624601493817
2018-05-16 10:00:00,0.07680291507938364
2018-05-16 10:03:00,0.17017148714757013
2018-05-16 10:06:00,0.11164510933707561
2018-05-16 10:09:00,0.12119683858225017
2018-05-16 10:12:00,0.08793640770466027
2018-05-16 10:15:00,0.0019099738946692923
2018-05-16 10:18:00,-0.021127056703790004
2018-05-16 10:21:00,-0.04647218153246513
2018-05-16 10:24:00,0.004282458045850035
2018-05-16 10:27:00,0.056642873960925044
2018-05-16 10:30:00,-0.004180899197933741
2018-05-16 10:33:00,-0.046056425923723054
2018-05-16 10:36:00,-0.003577746882797328
2018-05-16 10:39:00,-3.993713283989564e-05
2018-05-16 10:42:00,0.02120044630976281
2018-05-16 10:45:00,0.007818971423887433
2018-05-16 10:48:00,-0.06951572894644187
2018-05-16 10:51:00,0.007905474711265015
2018-05-16 10:54:00,-0.09818235834893585
2018-05-16 10:57:00,-0.09886000504451431
2018-05-16 11:00:00,-0.054750587394551076
2018-05-16 11:03:00,-0.10141804557883916
2018-05-16 11:06:00,0.008408382881441412
2018-05-16 11:09:00,-0.018045280154694865
2018-05-16 11:12:00,-0.13068730439886167
2018-05-16 11:15:00,-0.10213171411498934
2018-05-16 11:18:00,-0.07837760296968099
2018-05-16 11:21:00,-0.16971237784929372
2018-05-16 11:24:00,-0.09300489879490215
2018-05-16 11:27:00,-0.1127032476651948
2018-05-16 11:30:00,-0.023541686287785524
2018-05-16 11:33:00,-0.1467148558400595
2018-05-16 11:36:00,-0.0841187711745306
2018-05-16 11:39:00,-0.04300161393973667
2018-05-16 11:42:00,-0.1264360896799417
2018-05-16 11:45:00,-0.11133111537412788
2018-05-16 11:48:00,-0.023045970323209986
2018-05-16 11:51:00,-0.04610534743306971
2018-05-16 11:54:00,-0.17970909491629072
2018-05-16 11:57:00,-0.21831368122315098
2018-05-16 12:00:00,-0.1612923712299903
2018-05-16 12:03:00,-0.24299947834327895
2018-05-16 12:06:00,-0.18103000977873762
2018-05-16 12:09:00,-0.1006557631249052
2018-05-16 12:12:00,-0.2840101245923279
2018-05-16 12:15:00,-0.182845994522836
2018-05-16 12:18:00,-0.19268375778005975
2018-05-16 12:21:00,-0.18941147293264748
2018-05-16 12:24:00,-0.13050208118829687
2018-05-16 12:27:00,0.09515106798312445
2018-05-16 12:30:00,-0.06894624492804269
2018-05-16 12:33:00,-0.03274104725892357
2018-05-16 12:36:00,0.048443324140805544
2018-05-16 12:39:00,-0.01423778135728071
2018-05-16 12:42:00,-0.10127057557423313
2018-05-16 12:45:00,-0.077315329931821
2018-05-16 12:48:00,0.0004731252494138971
2018-05-16 12:51:00,-0.09613824789590808
2018-05-16 12:54:00,-0.06169122524369186
2018-05-16 12:57:00,-0.20733793343555362
2018-05-16 13:00:00,-0.1744626136467673
2018-05-16 13:03:00,-0.09513995032170897
2018-05-16 13:06:00,-0.1583505223609336
2018-05-16 13:09:00,-0.08672674097363142
2018-05-16 13:12:00,0.09883918549002146
2018-05-16 13:15:00,-0.08950467238457804
2018-05-16 13:18:00,-0.018948813012059418
2018-05-16 13:21:00,-0.03788460310948949
2018-05-16 13:24:00,-0.18847418494453905
2018-05-16 13:27:00,-0.08717502801971477
2018-05-16 13:30:00,-0.07140554550431943
2018-05-16 13:33:00,-0.1539587397750779
2018-05-16 13:36:00,-0.021066273000599267
2018-05-16 13:39:00,-0.027445043278248704
2018-05-16 13:42:00,-0.06856967781908452
2018-05-16 13:45:00,0.05121930476371972
2018-05-16 13:48:00,0.09212281632221675
2018-05-16 13:51:00,0.2584684358027971
2018-05-16 13:54:00,0.46959592187579347
2018-05-16 13:57:00,0.35992954869868754
2018-05-16 14:00:00,0.3579679209919391
2018-05-16 14:03:00,0.36160429506151104
2018-05-16 14:06:00,0.3789332486633725
2018-05-16 14:09:00,0.7111438481237542
2018-05-16 14:12:00,0.6751869898801033
2018-05-16 14:15:00,0.4122317978869887
2018-05-16 14:18:00,0.34489538528043795
2018-05-16 14:21:00,0.37201009226549786
2018-05-16 14:24:00,0.3629386548461184
2018-05-16 14:27:00,0.3217873783088976
2018-05-16 14:30:00,0.32200394333500526
2018-05-16 14:33:00,0.22930765166449874
2018-05-16 14:36:00,0.2542486676172757
2018-05-16 14:39:00,0.2269678638014625
2018-05-16 14:42:00,0.17875025896603347
2018-05-16 14:45:00,0.19961684894673226
2018-05-16 14:48:00,0.24789925549498548
2018-05-16 14:51:00,0.3531493206975824
2018-05-16 14:54:00,0.16822186706758657
2018-05-16 14:57:00,0.1815844653318095
2018-05-16 15:00:00,0.4467288932752922
2018-05-16 15:03:00,0.6664512859803153
2018-05-16 15:06:00,0.4952609448193357
2018-05-16 15:09:00,0.49920939054743485
2018-05-16 15:12:00,0.4349218602523024
2018-05-16 15:15:00,0.4114273981783185
2018-05-16 15:18:00,0.3202282778254357
2018-05-16 15:21:00,0.34546177167987935
2018-05-16 15:24:00,0.3606099890598671
2018-05-16 15:27:00,0.6873115509935133
2018-05-16 15:30:00,0.7171226162432731
2018-05-16 15:33:00,0.6238888189326417
2018-05-16 15:36:00,0.7168436862987164
2018-05-16 15:39:00,0.6638929881102058
2018-05-16 15:42:00,0.6181723433433035
2018-05-16 15:45:00,0.4071049121179158
2018-05-16 15:48:00,0.3865445627848203
2018-05-16 15:51:00,0.3457033811675956
2018-05-16 15:54:00,0.5543413985542998
2018-05-16 15:57:00,0.459290203341709
2018-05-16 16:00:00,0.47143459379225305
2018-05-16 16:03:00,0.5575522374995217
2018-05-16 16:06:00,0.46915876083306784
2018-05-16 16:09:00,0.45917617321447324
2018-05-16 16:12:00,0.39899319212344153
2018-05-16 16:15:00,0.3982152239618699
2018-05-16 16:18:00,0.30630082131773406
2018-05-16 16:21:00,0.38084488461305455
2018-05-16 16:24:00,0.22404416018326856
2018-05-16 16:27:00,0.3470376452322057
2018-05-16 16:30:00,0.25700359946262097
2018-05-16 16:33:00,0.3629797366534149
2018-05-16 16:36:00,0.2819184446674967
2018-05-16 16:39:00,0.291072754937602
2018-05-16 16:42:00,0.23481660854156416
2018-05-16 16:45:00,0.27545747623469197
2018-05-16 16:48:00,0.3075938049568663
2018-05-16 16:51:00,0.3695616330547864
2018-05-16 16:54:00,0.4392304150246673
2018-05-16 16:57:00,0.3659372262207512
2018-05-16 17:00:00,0.44483977660996743
2018-05-16 17:03:00,0.29940560333369604
2018-05-16 17:06:00,0.3302361182993536
2018-05-16 17:09:00,0.40230333438256594
2018-05-16 17:12:00,0.382126480630518
2018-05-16 17:15:00,0.33264843085839857
2018-05-16 17:18:00,0.3126645871919891
2018-05-16 17:21:00,0.2608976198480377
2018-05-16 17:24:00,0.2876348328074414
2018-05-16 17:27:00,0.36876496989708585
2018-05-16 17:30:00,0.303890450768904
2018-05-16 17:33:00,0.3193542141664807
2018-05-16 17:36:00,0.396203647711161
2018-05-16 17:39:00,0.291857758283129
2018-05-16 17:42:00,0.2533090093317014
2018-05-16 17:45:00,0.30239653613716655
2018-05-16 17:48:00,0.39307009812574734
2018-05-16 17:51:00,0.3344307610483952
2018-05-16 17:54:00,0.24301016975977063
2018-05-16 17:57:00,0.19715499816300053
2018-05-16 18:00:00,0.20263633904846756
2018-05-16 18:03:00,0.3539574751116561
2018-05-16 18:06:00,0.3681145024465309
2018-05-16 18:09:00,0.23382058754674517
2018-05-16 18:12:00,0.2805366609184716
2018-05-16 18:15:00,0.3753202427086535
2018-05-16 18:18:00,0.2672432885430567
2018-05-16 18:21:00,0.3383105848020591
2018-05-16 18:24:00,0.31148553794946565
2018-05-16 18:27:00,0.4009335961858369
2018-05-16 18:30:00,0.3176598039414671
2018-05-16 18:33:00,0.4158643223892682
2018-05-16 18:36:00,0.2731787101528198
2018-05-16 18:39:00,0.2808451781434087
2018-05-16 18:42:00,0.23081958435949446
2018-05-16 18:45:00,0.3158289103903371
2018-05-16 18:48:00,0.27191889604353037
2018-05-16 18:51:00,0.27056045780892646
2018-05-16 18:54:00,0.11716810303994407
2018-05-16 18:57:00,
2018-05-16 19:00:00,
2018-05-16 19:03:00,0.30205712294019804
2018-05-16 19:06:00,0.22523970240655444
2018-05-16 19:09:00,0.29348861835927664
2018-05-16 19:12:00,0.25235454212725017
2018-05-16 19:15:00,0.37093208015289747
2018-05-16 19:18:00,0.26446407026543284
2018-05-16 19:21:00,0.3090510532866233
2018-05-16 19:24:00,0.3272976546743962
2018-05-16 19:27:00,0.20277306535939488
2018-05-16 19:30:00,0.3882650377191794
2018-05-16 19:33:00,0.3331762297839873
2018-05-16 19:36:00,0.3145636228942408
2018-05-16 19:39:00,0.3603703202455222
2018-05-16 19:42:00,0.3148336460440646
2018-05-16 19:45:00,0.281043221081859
2018-05-16 19:48:00,0.2543285478321309
2018-05-16 19:51:00,0.26953664050381576
2018-05-16 19:54:00,0.21392485820780394
2018-05-16 19:57:00,0.306494690798786
2018-05-16 20:00:00,0.277979898614376
2018-05-16 20:03:00,0.3151965219680051
2018-05-16 20:06:00,0.38559091233332765
2018-05-16 20:09:00,0.33286920560306044
2018-05-16 20:12:00,0.38640246213122964
2018-05-16 20:15:00,0.2892798815886408
2018-05-16 20:18:00,0.3554043456048248
2018-05-16 20:21:00,0.36212528023298773
2018-05-16 20:24:00,0.3732490194734055
2018-05-16 20:27:00,0.43830449087846546
2018-05-16 20:30:00,0.388761673890599
2018-05-16 20:33:00,0.3959152542607285
2018-05-16 20:36:00,0.3624746264466694
2018-05-16 20:39:00,0.3659276718781257
2018-05-16 20:42:00,0.47841902711758166
2018-05-16 20:45:00,0.5185272468733046
2018-05-16 20:48:00,0.7124480878762824
2018-05-16 20:51:00,0.49906263075678226
2018-05-16 20:54:00,0.44935930012144354
2018-05-16 20:57:00,0.4600445397376802
2018-05-16 21:00:00,0.5606266248550469
2018-05-16 21:03:00,0.4678394791301912
2018-05-16 21:06:00,0.5131736680704648
2018-05-16 21:09:00,0.39062710255359434
2018-05-16 21:12:00,0.4861165815290178
2018-05-16 21:15:00,0.4525950611859457
2018-05-16 21:18:00,0.5378024548448934
2018-05-16 21:21:00,0.5000266951116714
2018-05-16 21:24:00,0.5454918976482759
2018-05-16 21:27:00,0.4467390754275584
2018-05-16 21:30:00,0.6107229744144433
2018-05-16 21:33:00,0.46922656774557936
2018-05-16 21:36:00,0.5910573935243519
2018-05-16 21:39:00,0.4417862830164836
2018-05-16 21:42:00,0.35865141068120465
2018-05-16 21:45:00,0.3242032786055802
2018-05-16 21:48:00,0.3368102042520036
2018-05-16 21:51:00,0.3376332221628786
2018-05-16 21:54:00,0.36124808485260473
2018-05-16 21:57:00,0.48169814838763614
2018-05-16 22:00:00,0.47889673706634994
2018-05-16 22:03:00,0.5073802181121891
2018-05-16 22:06:00,0.6112388107837319
2018-05-16 22:09:00,0.6683820334719712
2018-05-16 22:12:00,0.6618439378092944
2018-05-16 22:15:00,0.6752992944894345
2018-05-16 22:18:00,0.685064070174235
2018-05-16 22:21:00,0.6767978341677576
2018-05-16 22:24:00,0.5119241889540831
2018-05-16 22:27:00,0.5009956082300846
2018-05-16 22:30:00,0.4063024230623
2018-05-16 22:33:00,0.4414636685302753
2018-05-16 22:36:00,0.35374842883487645
2018-05-16 22:39:00,0.5377617505500893
2018-05-16 22:42:00,0.5123791115118479
2018-05-16 22:45:00,0.4978053065341328
2018-05-16 22:48:00,0.5292516205253719
2018-05-16 22:51:00,0.4530177477369648
2018-05-16 22:54:00,0.4882998207580158
2018-05-16 22:57:00,0.3568765608513331
2018-05-16 23:00:00,0.3773254487196027
2018-05-16 23:03:00,0.45071789226904
2018-05-16 23:06:00,0.4165421533037943
2018-05-16 23:09:00,0.4499239091302343
2018-05-16 23:12:00,0.40869207522575834
2018-05-16 23:15:00,0.37696716737690394
2018-05-16 23:18:00,0.3186168376333285
2018-05-16 23:21:00,0.44756612822345687
2018-05-16 23:24:00,0.46604129587461784
2018-05-16 23:27:00,0.395770493879013
2018-05-16 23:30:00,0.36922611908084946
2018-05-16 23:33:00,0.4218830901655224
2018-05-16 23:36:00,0.3622879067767144
2018-05-16 23:39:00,0.38948701839638034
2018-05-16 23:42:00,0.3455272679058794
2018-05-16 23:45:00,0.45244819726991636
2018-05-16 23:48:00,0.4915466433504321
2018-05-16 23:51:00,0.43913971654626494
2018-05-16 23:54:00,0.4467864807804176
2018-05-16 23:57:00,0.3127600678752174
2018-05-17 00:00:00,0.4303200161820655
2018-05-17 00:03:00,0.42993535647764247
2018-05-17 00:06:00,0.46431446788017183
2018-05-17 00:09:00,0.4891754073221932
2018-05-17 00:12:00,0.4503959061862588
2018-05-17 00:15:00,0.35361604612853625
2018-05-17 00:18:00,0.4554854466449001
2018-05-17 00:21:00,0.5058224372566542
2018-05-17 00:24:00,0.46369918813996946
2018-05-17 00:27:00,0.5450812507874616
2018-05-17 00:30:00,0.43205304954318535
2018-05-17 00:33:00,0.5553300149492202
2018-05-17 00:36:00,0.48583806776713345
2018-05-17 00:39:00,0.49749745983211824
2018-05-17 00:42:00,0.4952434206493308
2018-05-17 00:45:00,0.502086527123879
2018-05-17 00:48:00,0.4730064743499156
2018-05-17 00:51:00,0.5065792037660799
2018-05-17 00:54:00,0.4469394867940082
2018-05-17 00:57:00,0.3720332331163263
2018-05-17 01:00:00,0.5302451845344649
2018-05-17 01:03:00,0.428754201998629
2018-05-17 01:06:00,0.5717308591878236
2018-05-17 01:09:00,0.43264457819753943
2018-05-17 01:12:00,0.5697833369688965
2018-05-17 01:15:00,0.5072911374504088
2018-05-17 01:18:00,0.5327200351280794
2018-05-17 01:21:00,0.5149208650403807
2018-05-17 01:24:00,0.5011646903097358
2018-05-17 01:27:00,0.5020800036041919
2018-05-17 01:30:00,0.41507615543815746
2018-05-17 01:33:00,0.44125336771526236
2018-05-17 01:36:00,0.4013850301813022
2018-05-17 01:39:00,0.5714033569354342
2018-05-17 01:42:00,0.45229499619932767
2018-05-17 01:45:00,0.5168586176694134
2018-05-17 01:48:00,0.43815685033416685
2018-05-17 01:51:00,0.567458815600105
2018-05-17 01:54:00,0.5310723163399871
2018-05-17 01:57:00,0.5497353361309933
2018-05-17 02:00:00,0.5168406919481754
2018-05-17 02:03:00,0.5065931117916307
2018-05-17 02:06:00,0.46969889345837146
2018-05-17 02:09:00,0.463319153071609
2018-05-17 02:12:00,0.5224675444393938
2018-05-17 02:15:00,0.5601022885599605
2018-05-17 02:18:00,0.453149642103142
2018-05-17 02:21:00,0.4684310857063565
2018-05-17 02:24:00,0.5107905597176341
2018-05-17 02:27:00,0.4881906672086984
2018-05-17 02:30:00,0.4514307130372117
2018-05-17 02:33:00,0.4157587953066013
2018-05-17 02:36:00,0.3304320659082691
2018-05-17 02:39:00,0.4472599482314763
2018-05-17 02:42:00,0.4881070383606243
2018-05-17 02:45:00,0.41274130585850344
2018-05-17 02:48:00,0.41896457075114313
2018-05-17 02:51:00,0.4174162727639441
2018-05-17 02:54:00,0.3818374113666323
2018-05-17 02:57:00,0.46475356781178334
2018-05-17 03:00:00,0.4169131079916042
2018-05-17 03:03:00,0.5213969243173437
2018-05-17 03:06:00,0.4184599593481835
2018-05-17 03:09:00,0.48968203088242035
2018-05-17 03:12:00,0.4605364217020451
2018-05-17 03:15:00,0.6085691670780875
2018-05-17 03:18:00,0.6127616832708327
2018-05-17 03:21:00,0.6292382176725368
2018-05-17 03:24:00,0.6817438544827041
2018-05-17 03:27:00,0.6367510013229207
2018-05-17 03:30:00,0.6081381230761167
2018-05-17 03:33:00,0.6737193499151317
2018-05-17 03:36:00,0.6404603555871518
2018-05-17 03:39:00,0.6769985534029956
2018-05-17 03:42:00,0.6489087718490509
2018-05-17 03:45:00,0.5520890157112603
2018-05-17 03:48:00,0.5824537447865623
2018-05-17 03:51:00,0.5869863285128645
2018-05-17 03:54:00,0.6457262494003544
2018-05-17 03:57:00,0.5076950042427484
2018-05-17 04:00:00,0.5985126927806164
2018-05-17 04:03:00,0.5941680100684721
2018-05-17 04:06:00,0.6325372621388965
2018-05-17 04:09:00,0.5658015958813962
2018-05-17 04:12:00,0.5970345464765501
2018-05-17 04:15:00,0.5357908192982563
2018-05-17 04:18:00,0.5316445235662854
2018-05-17 04:21:00,0.5956579308565324
2018-05-17 04:24:00,0.5353510097154981
2018-05-17 04:27:00,0.5451923927606117
2018-05-17 04:30:00,0.6166233370082637
2018-05-17 04:33:00,0.5727630093475682
2018-05-17 04:36:00,0.5774844832920962
2018-05-17 04:39:00,0.5637990788655998
2018-05-17 04:42:00,0.5406760261531645
2018-05-17 04:45:00,0.6737242202686389
2018-05-17 04:48:00,0.6482842116003553
2018-05-17 04:51:00,0.5290989237431063
2018-05-17 04:54:00,0.6270122147440134
2018-05-17 04:57:00,0.5832269266039702
2018-05-17 05:00:00,0.615591097592926
2018-05-17 05:03:00,0.6668479745865739
2018-05-17 05:06:00,0.6746597065193782
2018-05-17 05:09:00,0.6896820830802994
2018-05-17 05:12:00,0.6534924871819499
2018-05-17 05:15:00,0.6228621739972482
2018-05-17 05:18:00,0.7137945864924973
2018-05-17 05:21:00,0.5910828799694059
2018-05-17 05:24:00,0.6870486499014987
2018-05-17 05:27:00,0.624959110314137
2018-05-17 05:30:00,0.602703959617827
2018-05-17 05:33:00,0.5346114124731116
2018-05-17 05:36:00,0.5726728458234334
2018-05-17 05:39:00,0.7701466254710567
2018-05-17 05:42:00,0.7284656892606449
2018-05-17 05:45:00,0.7446379516686079
2018-05-17 05:48:00,0.7111311474074
2018-05-17 05:51:00,0.7132689802470509
2018-05-17 05:54:00,0.6876205806264011
2018-05-17 05:57:00,0.6448257821779748
2018-05-17 06:00:00,0.6334481567761827
2018-05-17 06:03:00,0.654292049220544
2018-05-17 06:06:00,0.5285916976220051
2018-05-17 06:09:00,0.634948204394675
2018-05-17 06:12:00,0.6419947898903047
2018-05-17 06:15:00,0.6857867773833846
2018-05-17 06:18:00,0.532516663364504
2018-05-17 06:21:00,0.5055996906398832
2018-05-17 06:24:00,0.588503442541537
2018-05-17 06:27:00,0.6453287422847325
2018-05-17 06:30:00,0.45060399985732147
2018-05-17 06:33:00,0.5889728454214378
2018-05-17 06:36:00,0.6136555245050204
2018-05-17 06:39:00,0.5280752855592823
2018-05-17 06:42:00,0.6724987712780717
2018-05-17 06:45:00,0.5998993157348878
2018-05-17 06:48:00,0.7396372731494694
2018-05-17 06:51:00,0.5937921987803065
2018-05-17 06:54:00,0.6424634600317631
2018-05-17 06:57:00,0.6705830929043373
2018-05-17 07:00:00,0.7638841512339809
2018-05-17 07:03:00,0.6024769927107627
2018-05-17 07:06:00,0.6905380123648683
2018-05-17 07:09:00,0.6182486643475613
2018-05-17 07:12:00,0.667293750649435
2018-05-17 07:15:00,0.6448916868943115
2018-05-17 07:18:00,0.5884048340670347
2018-05-17 07:21:00,0.5863568060802891
2018-05-17 07:24:00,0.700618756080928
2018-05-17 07:27:00,0.7125704766947933
2018-05-17 07:30:00,0.69065292130324
2018-05-17 07:33:00,0.6334216085807611
2018-05-17 07:36:00,0.6281566820473472
2018-05-17 07:39:00,0.6112414025373027
2018-05-17 07:42:00,0.640288790183547
2018-05-17 07:45:00,0.5550216757881685
2018-05-17 07:48:00,0.5572862094326183
2018-05-17 07:51:00,0.6004119333537687
2018-05-17 07:54:00,0.5975763970063213
2018-05-17 07:57:00,0.648767977865532
2018-05-17 08:00:00,0.6601772763887084
2018-05-17 08:03:00,0.5792328246208172
2018-05-17 08:06:00,0.534374992990081
2018-05-17 08:09:00,0.5217157106395689
2018-05-17 08:12:00,0.5902554735602052
2018-05-17 08:15:00,0.4727843173776023
2018-05-17 08:18:00,0.5647540131831761
2018-05-17 08:21:00,0.5101913728462932
2018-05-17 08:24:00,0.3975846469442672
2018-05-17 08:27:00,0.5191461027871469
2018-05-17 08:30:00,0.44599486750684036
2018-05-17 08:33:00,0.5650364142522335
2018-05-17 08:36:00,0.4899380191479281
2018-05-17 08:39:00,0.4837620358405843
2018-05-17 08:42:00,0.5021564207222582
2018-05-17 08:45:00,0.49935263065901836
2018-05-17 08:48:00,0.48070974356028273
2018-05-17 08:51:00,0.4351426852197733
2018-05-17 08:54:00,0.4517664538365693
2018-05-17 08:57:00,0.38447915540558597
2018-05-17 09:00:00,0.4063608874476472
2018-05-17 09:03:00,0.4083774646412053
2018-05-17 09:06:00,0.42445605648077844
2018-05-17 09:09:00,0.47270334421779125
2018-05-17 09:12:00,0.3604501703394476
2018-05-17 09:15:00,0.37356648076502097
2018-05-17 09:18:00,0.3288420249871251
2018-05-17 09:21:00,0.3155481471789585
2018-05-17 09:24:00,0.3203025375750599
2018-05-17 09:27:00,0.40690846609015807
2018-05-17 09:30:00,0.3413973999128075
2018-05-17 09:33:00,0.3688936215314129
2018-05-17 09:36:00,0.296880551216816
2018-05-17 09:39:00,0.24605046055205548
2018-05-17 09:42:00,0.20898074209708284
2018-05-17 09:45:00,0.25914245342971753
2018-05-17 09:48:00,0.29909211454844353
2018-05-17 09:51:00,0.3579211301095597
2018-05-17 09:54:00,0.2825321473170561
2018-05-17 09:57:00,0.26733484588442025
2018-05-17 10:00:00,0.09445758307413143
2018-05-17 10:03:00,0.2611765579110852
2018-05-17 10:06:00,0.29776319349844016
2018-05-17 10:09:00,0.22607963969409184
2018-05-17 10:12:00,0.04398006333445892
2018-05-17 10:15:00,0.24874971073154484
2018-05-17 10:18:00,0.0966639736445245
2018-05-17 10:21:00,0.08603505537297451
2018-05-17 10:24:00,0.21820470379441304
2018-05-17 10:27:00,0.14466352188975407
2018-05-17 10:30:00,0.08316769646637567
2018-05-17 10:33:00,0.04383032727145064
2018-05-17 10:36:00,0.1280282612565884
2018-05-17 10:39:00,0.13583131894438338
2018-05-17 10:42:00,0.060154154202564314
2018-05-17 10:45:00,-0.03218918267072013
2018-05-17 10:48:00,0.1662363791728012
2018-05-17 10:51:00,0.009727770404822422
2018-05-17 10:54:00,-0.061641703012981
2018-05-17 10:57:00,0.04334369628082868
2018-05-17 11:00:00,0.02275424647791624
2018-05-17 11:03:00,0.04216791905037098
2018-05-17 11:06:00,-0.04318708556616002
2018-05-17 11:09:00,-0.08625136967572189
2018-05-17 11:12:00,-0.1597773680341561
2018-05-17 11:15:00,-0.03179880853355144
2018-05-17 11:18:00,-0.015102564200731194
2018-05-17 11:21:00,-0.0014993251472219526
2018-05-17 11:24:00,-0.09016085150682329
2018-05-17 11:27:00,-0.10888870325709377
2018-05-17 11:30:00,-0.12672672526764472
2018-05-17 11:33:00,-0.16959254475682428
2018-05-17 11:36:00,-0.09056651167219343
2018-05-17 11:39:00,-0.061448346303222934
2018-05-17 11:42:00,-0.1489367563376618
2018-05-17 11:45:00,-0.22381074910367715
2018-05-17 11:48:00,-0.1768363245004707
2018-05-17 11:51:00,-0.16031706526314338
2018-05-17 11:54:00,-0.28062420560360124
2018-05-17 11:57:00,-0.2473331313098015
2018-05-17 12:00:00,-0.13441318958172133
2018-05-17 12:03:00,-0.16249314850290375
2018-05-17 12:06:00,-0.1503523334818624
2018-05-17 12:09:00,-0.03548293134224423
2018-05-17 12:12:00,-0.1489856199053179
2018-05-17 12:15:00,-0.23151933554407833
2018-05-17 12:18:00,-0.1158411481074495
2018-05-17 12:21:00,-0.2198489767117735
2018-05-17 12:24:00,-0.12096673685408632
2018-05-17 12:27:00,-0.1430846538642072
2018-05-17 12:30:00,-0.10443321149546136
2018-05-17 12:33:00,-0.2862980642098023
2018-05-17 12:36:00,-0.18007205320765252
2018-05-17 12:39:00,-0.22737569002748614
2018-05-17 12:42:00,-0.1918072002205804
2018-05-17 12:45:00,-0.04975924219263561
2018-05-17 12:48:00,-0.17839947741413198
2018-05-17 12:51:00,-0.2108205048716627
2018-05-17 12:54:00,-0.1133140063370206
2018-05-17 12:57:00,-0.06123715491918347
2018-05-17 13:00:00,-0.1376991116779891
2018-05-17 13:03:00,-0.1757165525405071
2018-05-17 13:06:00,-0.22560091952959738
2018-05-17 13:09:00,-0.14610773738814942
2018-05-17 13:12:00,-0.19819687559760268
2018-05-17 13:15:00,-0.1900159466793525
2018-05-17 13:18:00,-0.26721681931110197
2018-05-17 13:21:00,-0.173321259617353
2018-05-17 13:24:00,-0.24335807741067583
2018-05-17 13:27:00,-0.2730208988772347
2018-05-17 13:30:00,-0.15670669393728076
2018-05-17 13:33:00,-0.17696810397211493
2018-05-17 13:36:00,-0.0843936838145396
2018-05-17 13:39:00,-0.11311291303195503
2018-05-17 13:42:00,-0.20860016019014438
2018-05-17 13:45:00,-0.11460976235343878
2018-05-17 13:48:00,-0.2464270167796485
2018-05-17 13:51:00,-0.28122782938118007
2018-05-17 13:54:00,-0.20931689554691957
2018-05-17 13:57:00,-0.3654471446820935
2018-05-17 14:00:00,-0.2033808626773066
2018-05-17 14:03:00,-0.030550861877486568
2018-05-17 14:06:00,-0.21289155902724133
2018-05-17 14:09:00,-0.22701533773516758
2018-05-17 14:12:00,-0.21882415492348173
2018-05-17 14:15:00,-0.1732433690474977
2018-05-17 14:18:00,0.07911109495375968
2018-05-17 14:21:00,-0.07450080658480829
2018-05-17 14:24:00,-0.07240991650337492
2018-05-17 14:27:00,-0.31932115786059967
2018-05-17 14:30:00,-0.11146850819761767
2018-05-17 14:33:00,-0.1743536119697069
2018-05-17 14:36:00,-0.163414449181289
2018-05-17 14:39:00,-0.14788519804818634
2018-05-17 14:42:00,-0.04762072802810735
2018-05-17 14:45:00,-0.27175112520831135
2018-05-17 14:48:00,-0.17386909971855857
2018-05-17 14:51:00,-0.13541458904256842
2018-05-17 14:54:00,-0.1583290142885403
2018-05-17 14:57:00,-0.12446413552669355
2018-05-17 15:00:00,-0.23315693091518597
2018-05-17 15:03:00,-0.35713880263494957
2018-05-17 15:06:00,-0.3099963569291049
2018-05-17 15:09:00,-0.22463103682179053
2018-05-17 15:12:00,-0.4176004638428026
2018-05-17 15:15:00,-0.24686408827164996
2018-05-17 15:18:00,-0.2866259278894745
2018-05-17 15:21:00,-0.32395936458385677
2018-05-17 15:24:00,-0.24085773253779053
2018-05-17 15:27:00,-0.34075044660522735
2018-05-17 15:30:00,-0.28984881545034114
2018-05-17 15:33:00,-0.1539809464134123
2018-05-17 15:36:00,-0.20955125296120514
2018-05-17 15:39:00,-0.15810815508513087
2018-05-17 15:42:00,-0.049265042807405734
2018-05-17 15:45:00,-0.12725355050213238
2018-05-17 15:48:00,-0.027548847144146293
2018-05-17 15:51:00,-0.1370699806420248
2018-05-17 15:54:00,-0.11211627440985694
2018-05-17 15:57:00,-0.10754246024856684
2018-05-17 16:00:00,-0.21131997104845368
2018-05-17 16:03:00,-0.11746403813253892
2018-05-17 16:06:00,-0.010475217331247677
2018-05-17 16:09:00,-0.17266974173594463
2018-05-17 16:12:00,-0.2239572055096346
2018-05-17 16:15:00,-0.16876967782405927
2018-05-17 16:18:00,-0.015023070835468388
2018-05-17 16:21:00,-0.24548413550741088
2018-05-17 16:24:00,-0.2897870863815797
2018-05-17 16:27:00,-0.18694351710928458
2018-05-17 16:30:00,-0.12053186270179594
2018-05-17 16:33:00,-0.15716274822597143
2018-05-17 16:36:00,-0.13327071390642686
2018-05-17 16:39:00,-0.18862633630772052
2018-05-17 16:42:00,-0.10244445586363327
2018-05-17 16:45:00,-0.03793732473207001
2018-05-17 16:48:00,-0.143555271477112
2018-05-17 16:51:00,-0.03530261931092582
2018-05-17 16:54:00,-0.011666535974825365
2018-05-17 16:57:00,-0.07376895162934716
2018-05-17 17:00:00,-0.1368592470372505
2018-05-17 17:03:00,-0.07762095546303271
2018-05-17 17:06:00,-0.07773409099615947
2018-05-17 17:09:00,-0.0037646365435080043
2018-05-17 17:12:00,-0.028031130889871747
2018-05-17 17:15:00,-0.048361021679511396
2018-05-17 17:18:00,0.004340083181375576
2018-05-17 17:21:00,-0.1165609965256067
2018-05-17 17:24:00,-0.09891442185789856
2018-05-17 17:27:00,-0.13114763059797951
2018-05-17 17:30:00,-0.11015806890787871
2018-05-17 17:33:00,-0.12402789607511977
2018-05-17 17:36:00,0.0071629191200486275
2018-05-17 17:39:00,-0.10805359849950946
2018-05-17 17:42:00,-0.06811526943130275
2018-05-17 17:45:00,-0.08575504066129724
2018-05-17 17:48:00,-0.11268693903002713
2018-05-17 17:51:00,-0.039085213248597483
2018-05-17 17:54:00,-0.07788623423635954
2018-05-17 17:57:00,-0.017263745588365964
2018-05-17 18:00:00,-0.04385328604428196
2018-05-17 18:03:00,-0.08163668614258768
2018-05-17 18:06:00,0.07995799815563487
2018-05-17 18:09:00,0.05730682779608287
2018-05-17 18:12:00,-0.014301664525760316
2018-05-17 18:15:00,-0.08345817592237381
2018-05-17 18:18:00,0.022594899076011643
2018-05-17 18:21:00,0.020287401916391445
2018-05-17 18:24:00,0.043316074164067686
2018-05-17 18:27:00,-0.06525281538677064
2018-05-17 18:30:00,-0.08147486096709144
2018-05-17 18:33:00,-0.062491778289995636
2018-05-17 18:36:00,-0.03477445690020886
2018-05-17 18:39:00,-0.007183599074949143
2018-05-17 18:42:00,0.0034257469663998563
2018-05-17 18:45:00,-0.012772039236551791
2018-05-17 18:48:00,0.019372166520270184
2018-05-17 18:51:00,-0.06668022721993339
2018-05-17 18:54:00,
2018-05-17 18:57:00,
2018-05-17 19:00:00,
2018-05-17 19:03:00,0.003772439738781941
2018-05-17 19:06:00,0.03765901143509609
2018-05-17 19:09:00,0.04825198129560704
2018-05-17 19:12:00,-0.06193775007943714
2018-05-17 19:15:00,-0.043507997235508356
2018-05-17 19:18:00,-0.05211316766150276
2018-05-17 19:21:00,-0.03985569257434918
2018-05-17 19:24:00,0.02436467071140669
2018-05-17 19:27:00,0.06778584870153281
2018-05-17 19:30:00,0.057615036865058755
2018-05-17 19:33:00,0.11826689978846616
2018-05-17 19:36:00,0.09836803363538138
2018-05-17 19:39:00,0.0704562535585751
2018-05-17 19:42:00,0.05987602231004985
2018-05-17 19:45:00,0.08688583856007881
2018-05-17 19:48:00,-0.06542353910191423
2018-05-17 19:51:00,0.08706598874829297
2018-05-17 19:54:00,0.11036603551883672
2018-05-17 19:57:00,0.047539924602801875
2018-05-17 20:00:00,0.0826997968661658
2018-05-17 20:03:00,0.12694304731900274
2018-05-17 20:06:00,0.16262850642743842
2018-05-17 20:09:00,0.2333752367443367
2018-05-17 20:12:00,0.1289834477231011
2018-05-17 20:15:00,0.06134933864859704
2018-05-17 20:18:00,0.1509873311302954
2018-05-17 20:21:00,0.19656195154129819
2018-05-17 20:24:00,0.14000119248544252
2018-05-17 20:27:00,0.11308383234501207
2018-05-17 20:30:00,0.10936343949964566
2018-05-17 20:33:00,0.14799123036590345
2018-05-17 20:36:00,0.21840533042495736
2018-05-17 20:39:00,0.057628069678116844
2018-05-17 20:42:00,0.16393202862906264
2018-05-17 20:45:00,0.007821309701341761
2018-05-17 20:48:00,0.16364530311989256
2018-05-17 20:51:00,0.1879302046663156
2018-05-17 20:54:00,0.14584011171331213
2018-05-17 20:57:00,0.05272490688275866
2018-05-17 21:00:00,0.11623247142102855
2018-05-17 21:03:00,0.08612769479208282
2018-05-17 21:06:00,0.06468758934033758
2018-05-17 21:09:00,0.06051654708863907
2018-05-17 21:12:00,0.14685092034352465
2018-05-17 21:15:00,0.0735838925443204
2018-05-17 21:18:00,0.16630981189166505
2018-05-17 21:21:00,0.16818206440512995
2018-05-17 21:24:00,0.1374757824330004
2018-05-17 21:27:00,0.16500075919401525
2018-05-17 21:30:00,0.10943359543256292
2018-05-17 21:33:00,0.20378427961094303
2018-05-17 21:36:00,0.0849009710910309
2018-05-17 21:39:00,0.21245831378365665
2018-05-17 21:42:00,0.10531356042343987
2018-05-17 21:45:00,0.12539443717105314
2018-05-17 21:48:00,0.2046469424053612
2018-05-17 21:51:00,0.10696904343416236
2018-05-17 21:54:00,0.10585363280398496
2018-05-17 21:57:00,0.09729845922424829
2018-05-17 22:00:00,0.1194922229246913
2018-05-17 22:03:00,0.1343596934773359
2018-05-17 22:06:00,0.06474223750990404
2018-05-17 22:09:00,0.1589484756066213
2018-05-17 22:12:00,0.1742275041297603
2018-05-17 22:15:00,0.1603652491372145
2018-05-17 22:18:00,0.23497245968485458
2018-05-17 22:21:00,0.09487919742667827
2018-05-17 22:24:00,0.2987593821174528
2018-05-17 22:27:00,0.2435701823149543
2018-05-17 22:30:00,0.20655894996502866
2018-05-17 22:33:00,0.14812079819807877
2018-05-17 22:36:00,0.19662702418708022
2018-05-17 22:39:00,0.1637122601418355
2018-05-17 22:42:00,0.18124627323129516
2018-05-17 22:45:00,0.1702298072395365
2018-05-17 22:48:00,0.2034509210246256
2018-05-17 22:51:00,0.2504935737796359
2018-05-17 22:54:00,0.3549182180339585
2018-05-17 22:57:00,0.26750189274878267
2018-05-17 23:00:00,0.27499829344793625
2018-05-17 23:03:00,0.22338681618776945
2018-05-17 23:06:00,0.27612953089811754
2018-05-17 23:09:00,0.20945152172663484
2018-05-17 23:12:00,0.3011080215534321
2018-05-17 23:15:00,0.23492438092898738
2018-05-17 23:18:00,0.23577788731341798
2018-05-17 23:21:00,0.29390601650698045
2018-05-17 23:24:00,0.24159054218443998
2018-05-17 23:27:00,0.19865588219306574
2018-05-17 23:30:00,0.20800750896268028
2018-05-17 23:33:00,0.25454984023116367
2018-05-17 23:36:00,0.24238478903669147
2018-05-17 23:39:00,0.2674805002146172
2018-05-17 23:42:00,0.2931981021907859
2018-05-17 23:45:00,0.24373214450343994
2018-05-17 23:48:00,0.27634646985330846
2018-05-17 23:51:00,0.4045244213579622
2018-05-17 23:54:00,0.32607037741360045
2018-05-17 23:57:00,0.37385735235972106
2018-05-18 00:00:00,0.5210189038461408
2018-05-18 00:03:00,0.4409680715515947
2018-05-18 00:06:00,0.32876312974639177
2018-05-18 00:09:00,0.24835676987868283
2018-05-18 00:12:00,0.4340927532604155
2018-05-18 00:15:00,0.4118561871030124
2018-05-18 00:18:00,0.35477754037577824
2018-05-18 00:21:00,0.44099317717751774
2018-05-18 00:24:00,0.31496355098619233
2018-05-18 00:27:00,0.35647836430558755
2018-05-18 00:30:00,0.41951861818205316
2018-05-18 00:33:00,0.26031081327499805
2018-05-18 00:36:00,0.36144953586563133
2018-05-18 00:39:00,0.2949873415216189
2018-05-18 00:42:00,0.24997529316414102
2018-05-18 00:45:00,0.3420451760266019
2018-05-18 00:48:00,0.34679570242758473
2018-05-18 00:51:00,0.20166727131305606
2018-05-18 00:54:00,0.3588195305609929
2018-05-18 00:57:00,0.24294164713541022
2018-05-18 01:00:00,0.30204532294828823
2018-05-18 01:03:00,0.35662587627172115
2018-05-18 01:06:00,0.1560185803485865
2018-05-18 01:09:00,0.3349004979468191
2018-05-18 01:12:00,0.35523596241660016
2018-05-18 01:15:00,0.33346170568052
2018-05-18 01:18:00,0.37470045156629794
2018-05-18 01:21:00,0.3524297646825403
2018-05-18 01:24:00,0.35521414570933985
2018-05-18 01:27:00,0.41416694302455426
2018-05-18 01:30:00,0.30991160028935383
2018-05-18 01:33:00,0.3976331826278283
2018-05-18 01:36:00,0.2765432968201367
2018-05-18 01:39:00,0.33197866614261784
2018-05-18 01:42:00,0.37200055023026835
2018-05-18 01:45:00,0.2723117868716258
2018-05-18 01:48:00,0.24066645219039629
2018-05-18 01:51:00,0.3633619211741461
2018-05-18 01:54:00,0.294468202901669
2018-05-18 01:57:00,0.3392200111635475
2018-05-18 02:00:00,0.6567660172111687
2018-05-18 02:03:00,0.7657304941382108
2018-05-18 02:06:00,0.4780414084699487
2018-05-18 02:09:00,0.32137443491325257
2018-05-18 02:12:00,0.28053097036161034
2018-05-18 02:15:00,0.19624503869982846
2018-05-18 02:18:00,0.12278517127873556
2018-05-18 02:21:00,0.21563904361562436
2018-05-18 02:24:00,0.29914095782095274
2018-05-18 02:27:00,0.305468360222676
2018-05-18 02:30:00,0.25051875978221005
2018-05-18 02:33:00,0.1974910893860624
2018-05-18 02:36:00,0.3662446818706826
2018-05-18 02:39:00,0.2859876158207726
2018-05-18 02:42:00,0.42547368291968723
2018-05-18 02:45:00,0.28178195218754354
2018-05-18 02:48:00,0.2519219526543566
2018-05-18 02:51:00,0.28817982169584866
2018-05-18 02:54:00,0.24422922134885994
2018-05-18 02:57:00,0.29592350328772454
2018-05-18 03:00:00,0.3369335318648723
2018-05-18 03:03:00,0.36974807239681695
2018-05-18 03:06:00,0.253775898143374
2018-05-18 03:09:00,0.2655095232709641
2018-05-18 03:12:00,0.38816112919766965
2018-05-18 03:15:00,0.4222479086138833
2018-05-18 03:18:00,0.3182326811810867
2018-05-18 03:21:00,0.297324085514731
2018-05-18 03:24:00,0.383373846656923
2018-05-18 03:27:00,0.39484134324482056
2018-05-18 03:30:00,0.3723301260840799
2018-05-18 03:33:00,0.3793040321352237
2018-05-18 03:36:00,0.3503786755562146
2018-05-18 03:39:00,0.3126681390376689
2018-05-18 03:42:00,0.33504554904749284
2018-05-18 03:45:00,0.3442458772129271
2018-05-18 03:48:00,0.3080677539711587
2018-05-18 03:51:00,0.2770222273475724
2018-05-18 03:54:00,0.30432740895707866
2018-05-18 03:57:00,0.33368901529047434
2018-05-18 04:00:00,0.30626837884079805
2018-05-18 04:03:00,0.45526166028520265
2018-05-18 04:06:00,0.37909057945705626
2018-05-18 04:09:00,0.30334099028550554
2018-05-18 04:12:00,0.3038661430059051
2018-05-18 04:15:00,0.29529546425965236
2018-05-18 04:18:00,0.3446377136258434
2018-05-18 04:21:00,0.4370608596944976
2018-05-18 04:24:00,0.297541650008327
2018-05-18 04:27:00,0.33675513027509396
2018-05-18 04:30:00,0.41299968419531297
2018-05-18 04:33:00,0.377687616783021
2018-05-18 04:36:00,0.3001214025762238
2018-05-18 04:39:00,0.36844782531591136
2018-05-18 04:42:00,0.2597775888904721
2018-05-18 04:45:00,0.358618998607767
2018-05-18 04:48:00,0.30153395141985584
2018-05-18 04:51:00,0.42061607943225
2018-05-18 04:54:00,0.4280129022750998
2018-05-18 04:57:00,0.3716990333342096
2018-05-18 05:00:00,0.31475422335728354
2018-05-18 05:03:00,0.5030516654985604
2018-05-18 05:06:00,0.5238211780554138
2018-05-18 05:09:00,0.4914264313774197
2018-05-18 05:12:00,0.5928429297364914
2018-05-18 05:15:00,0.4457935451992512
2018-05-18 05:18:00,0.6127606549570714
2018-05-18 05:21:00,0.4825126577496235
2018-05-18 05:24:00,0.559622966553718
2018-05-18 05:27:00,0.5867042609493183
2018-05-18 05:30:00,0.5311369742427701
2018-05-18 05:33:00,0.5268332833636009
2018-05-18 05:36:00,0.581380282470036
2018-05-18 05:39:00,0.5923610264081276
2018-05-18 05:42:00,0.5760557888943367
2018-05-18 05:45:00,0.5669990051750347
2018-05-18 05:48:00,0.45730848615482955
2018-05-18 05:51:00,0.476523593161744
2018-05-18 05:54:00,0.5029580757164922
2018-05-18 05:57:00,0.5481538703365914
2018-05-18 06:00:00,0.5461143313160619
2018-05-18 06:03:00,0.5595839036660664
2018-05-18 06:06:00,0.5033750976048736
2018-05-18 06:09:00,0.5311690270388567
2018-05-18 06:12:00,0.4553233444270859
2018-05-18 06:15:00,0.5213085652129053
2018-05-18 06:18:00,0.4194583658751867
2018-05-18 06:21:00,0.4896407989807585
2018-05-18 06:24:00,0.46037619662814677
2018-05-18 06:27:00,0.4690063245387819
2018-05-18 06:30:00,0.3954374932699807
2018-05-18 06:33:00,0.4706277037319637
2018-05-18 06:36:00,0.508923858131368
2018-05-18 06:39:00,0.5361943534494458
2018-05-18 06:42:00,0.5717240977731421
2018-05-18 06:45:00,0.37191027633042495
2018-05-18 06:48:00,0.5473689908367305
2018-05-18 06:51:00,0.4184995725968861
2018-05-18 06:54:00,0.42109932786326
2018-05-18 06:57:00,0.3661490457432137
2018-05-18 07:00:00,0.6253237983312943
2018-05-18 07:03:00,0.4788152451370138
2018-05-18 07:06:00,0.4170040568972695
2018-05-18 07:09:00,0.4084756558069671
2018-05-18 07:12:00,0.4313121108618816
2018-05-18 07:15:00,0.5221018302443099
2018-05-18 07:18:00,0.41658915718568323
2018-05-18 07:21:00,0.3102895707259563
2018-05-18 07:24:00,0.30129435866001586
2018-05-18 07:27:00,0.2948408024478226
2018-05-18 07:30:00,0.44481778875598366
2018-05-18 07:33:00,0.21015764633301615
2018-05-18 07:36:00,0.24748799073859118
2018-05-18 07:39:00,0.3441692702277237
2018-05-18 07:42:00,0.43171034440428
2018-05-18 07:45:00,0.2637788047123877
2018-05-18 07:48:00,0.28823904003155576
2018-05-18 07:51:00,0.4730890359622322
2018-05-18 07:54:00,0.3987734370627436
2018-05-18 07:57:00,0.3714987132006513
2018-05-18 08:00:00,0.3732577656376179
2018-05-18 08:03:00,0.2589344940459455
2018-05-18 08:06:00,0.3346329681369298
2018-05-18 08:09:00,0.2992213365393468
2018-05-18 08:12:00,0.2867607240762027
2018-05-18 08:15:00,0.2602717516519988
2018-05-18 08:18:00,0.25270671679379575
2018-05-18 08:21:00,0.24109094767214856
2018-05-18 08:24:00,0.20523127697913424
2018-05-18 08:27:00,0.208178147478975
2018-05-18 08:30:00,0.26762211505888445
2018-05-18 08:33:00,0.1532994876222915
2018-05-18 08:36:00,0.16624062644268633
2018-05-18 08:39:00,0.22268859042981148
2018-05-18 08:42:00,0.2383397979083952
2018-05-18 08:45:00,0.06622743702467915
2018-05-18 08:48:00,-0.02497099007706538
2018-05-18 08:51:00,0.25352182446385996
2018-05-18 08:54:00,0.0966393549657596
2018-05-18 08:57:00,0.08537069071599035
2018-05-18 09:00:00,0.13576614401665665
2018-05-18 09:03:00,-0.02889160891498932
2018-05-18 09:06:00,0.14632924833165362
2018-05-18 09:09:00,0.027905333600813265
2018-05-18 09:12:00,0.07211324729564694
2018-05-18 09:15:00,-0.08526743391672653
2018-05-18 09:18:00,0.02424849404502538
2018-05-18 09:21:00,-0.02238705324214152
2018-05-18 09:24:00,-0.006648692536202816
2018-05-18 09:27:00,0.14185629875817085
2018-05-18 09:30:00,-0.12289583718455788
2018-05-18 09:33:00,0.13803544311400628
2018-05-18 09:36:00,-0.005172536402824335
2018-05-18 09:39:00,-0.021290952153776743
2018-05-18 09:42:00,-0.020536556917477355
2018-05-18 09:45:00,0.04229950652268144
2018-05-18 09:48:00,0.04027802989395468
2018-05-18 09:51:00,-0.052434526897400247
2018-05-18 09:54:00,-0.07331169898918688
2018-05-18 09:57:00,0.11273588773053689
2018-05-18 10:00:00,-0.03550161462914048
2018-05-18 10:03:00,0.042052668653695946
2018-05-18 10:06:00,0.0343086679578164
2018-05-18 10:09:00,0.030259435309687888
2018-05-18 10:12:00,0.006635901130835009
2018-05-18 10:15:00,-0.02019971111144514
2018-05-18 10:18:00,-0.019315028615551455
2018-05-18 10:21:00,-0.025182428394032286
2018-05-18 10:24:00,-0.04238336144982213
2018-05-18 10:27:00,-0.060588724762112633
2018-05-18 10:30:00,0.008977408598752845
2018-05-18 10:33:00,0.004024538999658489
2018-05-18 10:36:00,-0.0066670531916770415
2018-05-18 10:39:00,0.0175901025269809
2018-05-18 10:42:00,-0.01957264529164604
2018-05-18 10:45:00,-0.08005403966035374
2018-05-18 10:48:00,-0.1343562807102785
2018-05-18 10:51:00,-0.002879199689004963
2018-05-18 10:54:00,-0.0019960814773298807
2018-05-18 10:57:00,-0.07638571005827544
2018-05-18 11:00:00,-0.11899742057016738
2018-05-18 11:03:00,0.02008636442809575
2018-05-18 11:06:00,-0.11858959056024787
2018-05-18 11:09:00,-0.1304297244020063
2018-05-18 11:12:00,-0.03191918146859507
2018-05-18 11:15:00,-0.11388563942091423
2018-05-18 11:18:00,-0.013743234461628617
2018-05-18 11:21:00,-0.10090301732395801
2018-05-18 11:24:00,-0.042979064886992546
2018-05-18 11:27:00,-0.09934706118201575
2018-05-18 11:30:00,-0.1566084217020034
2018-05-18 11:33:00,-0.10506055657486968
2018-05-18 11:36:00,-0.165954731121019
2018-05-18 11:39:00,-0.20318018735480337
2018-05-18 11:42:00,-0.08780483745510992
2018-05-18 11:45:00,-0.2356099262684097
2018-05-18 11:48:00,-0.1453955625882486
2018-05-18 11:51:00,-0.11211030103675057
2018-05-18 11:54:00,-0.14280292094315428
2018-05-18 11:57:00,-0.03958172661293702
2018-05-18 12:00:00,-0.09141241473167838
2018-05-18 12:03:00,0.049238411775377244
2018-05-18 12:06:00,0.07423569375060879
2018-05-18 12:09:00,0.10917934235789062
2018-05-18 12:12:00,0.11816915521973215
2018-05-18 12:15:00,0.07800343397735787
2018-05-18 12:18:00,0.15938437147764262
2018-05-18 12:21:00,0.19840519909598697
2018-05-18 12:24:00,0.21253686489558277
2018-05-18 12:27:00,0.4058179894400382
2018-05-18 12:30:00,0.39059192398150344
2018-05-18 12:33:00,0.3654084838079825
2018-05-18 12:36:00,0.3871429925394523
2018-05-18 12:39:00,0.20985241076431294
2018-05-18 12:42:00,0.2052618475129293
2018-05-18 12:45:00,0.20308549357434913
2018-05-18 12:48:00,0.05603102577572372
2018-05-18 12:51:00,0.0353317943224738
2018-05-18 12:54:00,0.006372766657534612
2018-05-18 12:57:00,-0.05727292285172325
2018-05-18 13:00:00,0.02343104634684323
2018-05-18 13:03:00,-0.050334821601836666
2018-05-18 13:06:00,-0.14040459677914896
2018-05-18 13:09:00,-0.10681497099233184
2018-05-18 13:12:00,-0.10995040217324004
2018-05-18 13:15:00,-0.05750997158031623
2018-05-18 13:18:00,0.19188871037670197
2018-05-18 13:21:00,-0.00025102285553657566
2018-05-18 13:24:00,0.15875414848682112
2018-05-18 13:27:00,0.19508218723632353
2018-05-18 13:30:00,0.16817139734109787
2018-05-18 13:33:00,0.1473084796873536
2018-05-18 13:36:00,0.21057473319001474
2018-05-18 13:39:00,0.10851783110160795
2018-05-18 13:42:00,0.2607035041160657
2018-05-18 13:45:00,0.19882461242661975
2018-05-18 13:48:00,0.10646568612452256
2018-05-18 13:51:00,0.12020775155667707
2018-05-18 13:54:00,0.020022861485131216
2018-05-18 13:57:00,-0.023354256352604352
2018-05-18 14:00:00,0.0060216714362582024
2018-05-18 14:03:00,-0.11052195585324398
2018-05-18 14:06:00,-0.01468916660985542
2018-05-18 14:09:00,0.026512571198963997
2018-05-18 14:12:00,0.05712809271557262
2018-05-18 14:15:00,0.07769398343498324
2018-05-18 14:18:00,0.23137356838287815
2018-05-18 14:21:00,0.07370421981863728
2018-05-18 14:24:00,0.19098716181957798
2018-05-18 14:27:00,0.06358725716421532
2018-05-18 14:30:00,0.007528678942605893
2018-05-18 14:33:00,0.12215717874585152
2018-05-18 14:36:00,0.03199896384450085
2018-05-18 14:39:00,-0.03319447170258627
2018-05-18 14:42:00,-0.03802925805467794
2018-05-18 14:45:00,-0.03213627616565873
2018-05-18 14:48:00,0.07595658406569328
2018-05-18 14:51:00,-0.00030084376936656554
2018-05-18 14:54:00,-0.11652405984813186
2018-05-18 14:57:00,-0.06675970338437764
2018-05-18 15:00:00,-0.08095932746306289
2018-05-18 15:03:00,-0.06620424372169964
2018-05-18 15:06:00,0.12412375563900468
2018-05-18 15:09:00,0.01535977281440637
2018-05-18 15:12:00,0.07667746063577852
2018-05-18 15:15:00,0.03157751700592826
2018-05-18 15:18:00,0.11949647683945841
2018-05-18 15:21:00,0.22818671615613084
2018-05-18 15:24:00,0.13376728439828867
2018-05-18 15:27:00,0.36200303340933715
2018-05-18 15:30:00,0.2798161367665557
2018-05-18 15:33:00,0.3513007606125029
2018-05-18 15:36:00,0.2443301106486615
2018-05-18 15:39:00,0.3947493461990348
2018-05-18 15:42:00,0.411455751604592
2018-05-18 15:45:00,0.4325033292786884
2018-05-18 15:48:00,0.287188559277638
2018-05-18 15:51:00,0.47562523563158265
2018-05-18 15:54:00,0.4269223875407988
2018-05-18 15:57:00,0.2902639438410688
2018-05-18 16:00:00,0.15105772835494236
2018-05-18 16:03:00,0.2147086505686957
2018-05-18 16:06:00,0.35228437511182165
2018-05-18 16:09:00,0.2320305902887867
2018-05-18 16:12:00,0.28911780971105827
2018-05-18 16:15:00,0.27052438715230664
2018-05-18 16:18:00,0.2457742476389626
2018-05-18 16:21:00,0.3437216398924079
2018-05-18 16:24:00,0.3792762419574842
2018-05-18 16:27:00,0.3756300216666659
2018-05-18 16:30:00,0.3608095220604355
2018-05-18 16:33:00,0.28850457601140533
2018-05-18 16:36:00,0.1068488334915969
2018-05-18 16:39:00,0.10257483070546414
2018-05-18 16:42:00,0.06980110507060999
2018-05-18 16:45:00,0.11948020757745326
2018-05-18 16:48:00,0.08439550538815865
2018-05-18 16:51:00,0.08887261424581538
2018-05-18 16:54:00,0.2655333756106302
2018-05-18 16:57:00,0.22087424188441673
2018-05-18 17:00:00,0.24206689878775478
2018-05-18 17:03:00,0.30049699896579796
2018-05-18 17:06:00,0.2914866681626336
2018-05-18 17:09:00,0.35246807948948344
2018-05-18 17:12:00,0.39256381292148035
2018-05-18 17:15:00,0.30270659573511693
2018-05-18 17:18:00,0.41098870571084944
2018-05-18 17:21:00,0.28522933148622087
2018-05-18 17:24:00,0.37696679087849816
2018-05-18 17:27:00,0.5096058657079539
2018-05-18 17:30:00,0.5872514672748252
2018-05-18 17:33:00,0.5136998044308712
2018-05-18 17:36:00,0.6142717430812468
2018-05-18 17:39:00,0.7138150762957025
2018-05-18 17:42:00,0.6353350163543041
2018-05-18 17:45:00,0.49989370280417234
2018-05-18 17:48:00,0.6458374236244708
2018-05-18 17:51:00,0.4031747316112728
2018-05-18 17:54:00,0.483281075331206
2018-05-18 17:57:00,0.7016508852017864
2018-05-18 18:00:00,0.785130572877847
2018-05-18 18:03:00,0.8198411590627757
2018-05-18 18:06:00,0.8049519224623509
2018-05-18 18:09:00,0.8380646619347658
2018-05-18 18:12:00,0.7799998139453805
2018-05-18 18:15:00,0.7424507055345657
2018-05-18 18:18:00,0.7075255826313764
2018-05-18 18:21:00,0.7475055642012762
2018-05-18 18:24:00,0.7645763526441556
2018-05-18 18:27:00,0.7302388548797012
2018-05-18 18:30:00,0.7264494661830554
2018-05-18 18:33:00,0.562494836779365
2018-05-18 18:36:00,0.725649974667931
2018-05-18 18:39:00,0.7891916714791023
2018-05-18 18:42:00,0.8011934285873394
2018-05-18 18:45:00,0.6966748990407154
2018-05-18 18:48:00,0.699352313975794
2018-05-18 18:51:00,0.6250964086038948
2018-05-18 18:54:00,
2018-05-18 18:57:00,
2018-05-18 19:00:00,
2018-05-18 19:03:00,1.007634681551849
2018-05-18 19:06:00,0.9830993831428145
2018-05-18 19:09:00,0.9600606472498043
2018-05-18 19:12:00,0.8972157908577287
2018-05-18 19:15:00,0.8788826128736105
2018-05-18 19:18:00,0.9134825201613808
2018-05-18 19:21:00,0.8805924280320028
2018-05-18 19:24:00,0.7394328636376031
2018-05-18 19:27:00,0.6776052689976382
2018-05-18 19:30:00,0.6971364065758507
2018-05-18 19:33:00,0.5246249179715505
2018-05-18 19:36:00,0.693423047418321
2018-05-18 19:39:00,0.6241839354574381
2018-05-18 19:42:00,0.5449027932438639
2018-05-18 19:45:00,0.4890055623565104
2018-05-18 19:48:00,0.5636604512910708
2018-05-18 19:51:00,0.4750798848675686
2018-05-18 19:54:00,0.4308067323839282
2018-05-18 19:57:00,0.46170649455535795
2018-05-18 20:00:00,0.44659076314104595
2018-05-18 20:03:00,0.4788875288187455
2018-05-18 20:06:00,0.5304539936145716
2018-05-18 20:09:00,0.43916967106929405
2018-05-18 20:12:00,0.4946934892237209
2018-05-18 20:15:00,0.4126065284947913
2018-05-18 20:18:00,0.34490786810749796
2018-05-18 20:21:00,0.4454258521447514
2018-05-18 20:24:00,0.423734884542057
2018-05-18 20:27:00,0.38141799217652306
2018-05-18 20:30:00,0.3424682101309031
2018-05-18 20:33:00,0.40042484657959676
2018-05-18 20:36:00,0.3535676344366152
2018-05-18 20:39:00,0.3599538905632471
2018-05-18 20:42:00,0.41438795022668273
2018-05-18 20:45:00,0.44961162364552365
2018-05-18 20:48:00,0.4356401176941631
2018-05-18 20:51:00,0.36196713868235975
2018-05-18 20:54:00,0.435233436716544
2018-05-18 20:57:00,0.49315234553500886
2018-05-18 21:00:00,0.4513955872466795
2018-05-18 21:03:00,0.43678685408332285
2018-05-18 21:06:00,0.4972907262206263
2018-05-18 21:09:00,0.3935682222855803
2018-05-18 21:12:00,0.47904128443309446
2018-05-18 21:15:00,0.4427267522918896
2018-05-18 21:18:00,0.3634007482467041
2018-05-18 21:21:00,0.4533184947984523
2018-05-18 21:24:00,0.41654578849767177
2018-05-18 21:27:00,0.4411928437699544
2018-05-18 21:30:00,0.47611946623874246
2018-05-18 21:33:00,0.4676055478984722
2018-05-18 21:36:00,0.4390052791186463
2018-05-18 21:39:00,0.4716595023062382
2018-05-18 21:42:00,0.40908392479866507
2018-05-18 21:45:00,0.3764914904735406
2018-05-18 21:48:00,0.42041113186741086
2018-05-18 21:51:00,0.3889143998874829
2018-05-18 21:54:00,0.3762756305916355
2018-05-18 21:57:00,0.4405830310107035
2018-05-18 22:00:00,0.5154862493986343
2018-05-18 22:03:00,0.4179246203472644
2018-05-18 22:06:00,0.49469643542187214
2018-05-18 22:09:00,0.362029197478023
2018-05-18 22:12:00,0.48062297874861315
2018-05-18 22:15:00,0.4562974205341561
2018-05-18 22:18:00,0.5478048004757738
2018-05-18 22:21:00,0.46868477298374955
2018-05-18 22:24:00,0.4493359724422703
2018-05-18 22:27:00,0.5014117615253895
2018-05-18 22:30:00,0.4402264145850836
2018-05-18 22:33:00,0.43988677873403503
2018-05-18 22:36:00,0.35620180338707996
2018-05-18 22:39:00,0.40126325504968463
2018-05-18 22:42:00,0.35314540815409146
2018-05-18 22:45:00,0.32953041031976227
2018-05-18 22:48:00,0.37598723047949534
2018-05-18 22:51:00,0.3414843448263696
2018-05-18 22:54:00,0.45892126958807467
2018-05-18 22:57:00,0.32054066678540494
2018-05-18 23:00:00,0.3842920731711956
2018-05-18 23:03:00,0.3994493099276042
2018-05-18 23:06:00,0.3290571503367232
2018-05-18 23:09:00,0.4005648706072975
2018-05-18 23:12:00,0.3970892331468008
2018-05-18 23:15:00,0.37562226834717194
2018-05-18 23:18:00,0.3486432164942812
2018-05-18 23:21:00,0.3063372863227869
2018-05-18 23:24:00,0.3556407717215393
2018-05-18 23:27:00,0.425870797360119
2018-05-18 23:30:00,0.5221470098232999
2018-05-18 23:33:00,0.4124507086355038
2018-05-18 23:36:00,0.33284200476418846
2018-05-18 23:39:00,0.3236511090196359
2018-05-18 23:42:00,0.443529442300985
2018-05-18 23:45:00,0.5632991939034468
2018-05-18 23:48:00,0.705275091759404
2018-05-18 23:51:00,0.6095562507881596
2018-05-18 23:54:00,0.6669884097394743
2018-05-18 23:57:00,0.6359013303818983
2018-05-19 00:00:00,0.6167492580678982
2018-05-19 00:03:00,0.6277420942680578
2018-05-19 00:06:00,0.7003361192936381
2018-05-19 00:09:00,0.7686014993091135
2018-05-19 00:12:00,0.6952925689389531
2018-05-19 00:15:00,0.5842865995650186
2018-05-19 00:18:00,0.5629974395284307
2018-05-19 00:21:00,0.5849817716444363
2018-05-19 00:24:00,0.6030827731884187
2018-05-19 00:27:00,0.6668257975412075
2018-05-19 00:30:00,0.5843354491033779
2018-05-19 00:33:00,0.5830448782270423
2018-05-19 00:36:00,0.630969155541834
2018-05-19 00:39:00,0.6135569018585443
2018-05-19 00:42:00,0.5057102934483737
2018-05-19 00:45:00,0.5678217548173166
2018-05-19 00:48:00,0.5916689358703593
2018-05-19 00:51:00,0.5387764927768899
2018-05-19 00:54:00,0.4472504290109782
2018-05-19 00:57:00,0.5058848333363812
2018-05-19 01:00:00,0.4923738289535322
2018-05-19 01:03:00,0.5336019302490058
2018-05-19 01:06:00,0.5495271340708427
2018-05-19 01:09:00,0.5271463584155072
2018-05-19 01:12:00,0.6277229741673978
2018-05-19 01:15:00,0.5690631904509473
2018-05-19 01:18:00,0.5776937076705053
2018-05-19 01:21:00,0.5864146474145855
2018-05-19 01:24:00,0.6802234138298786
2018-05-19 01:27:00,0.5318959471590006
2018-05-19 01:30:00,0.5893899978548234
2018-05-19 01:33:00,0.6396844255914971
2018-05-19 01:36:00,0.5046956967204324
2018-05-19 01:39:00,0.6340303792163127
2018-05-19 01:42:00,0.6137877509208352
2018-05-19 01:45:00,0.48523502560021825
2018-05-19 01:48:00,0.5330783632662133
2018-05-19 01:51:00,0.4786712967465405
2018-05-19 01:54:00,0.556823341015388
2018-05-19 01:57:00,0.5140925959648825
2018-05-19 02:00:00,0.5333662313807963
2018-05-19 02:03:00,0.5108060342882368
2018-05-19 02:06:00,0.5536641576269403
2018-05-19 02:09:00,0.5913092375280371
2018-05-19 02:12:00,0.5289959990050193
2018-05-19 02:15:00,0.5602165736383995
2018-05-19 02:18:00,0.5363791342886088
2018-05-19 02:21:00,0.5428509806143325
2018-05-19 02:24:00,0.4882754123599966
2018-05-19 02:27:00,0.5247294203708179
2018-05-19 02:30:00,0.4574839675091198
2018-05-19 02:33:00,0.4992378045578221
2018-05-19 02:36:00,0.5444188989725944
2018-05-19 02:39:00,0.48559390943012204
2018-05-19 02:42:00,0.3902363636341306
2018-05-19 02:45:00,0.4883228854291133
2018-05-19 02:48:00,0.46192532508564454
2018-05-19 02:51:00,0.5125614144620272
2018-05-19 02:54:00,0.47624044574115487
2018-05-19 02:57:00,0.5263698445411933
2018-05-19 03:00:00,0.6410489711279297
2018-05-19 03:03:00,0.5159680173284755
2018-05-19 03:06:00,0.5370166711864499
2018-05-19 03:09:00,0.5657123990105788
2018-05-19 03:12:00,0.6627209079449585
2018-05-19 03:15:00,0.7021949806099315
2018-05-19 03:18:00,0.6684427812798504
2018-05-19 03:21:00,0.6390437244143641
2018-05-19 03:24:00,0.6770544420160718
2018-05-19 03:27:00,0.7238959394160247
2018-05-19 03:30:00,0.629712372293568
2018-05-19 03:33:00,0.6858179409595664
2018-05-19 03:36:00,0.6097342299955812
2018-05-19 03:39:00,0.6990280559048188
2018-05-19 03:42:00,0.670601744064129
2018-05-19 03:45:00,0.4964657885894326
2018-05-19 03:48:00,0.578381468847283
2018-05-19 03:51:00,0.6670382648090367
2018-05-19 03:54:00,0.6069764317694535
2018-05-19 03:57:00,0.6566695437653038
2018-05-19 04:00:00,0.6530889672937406
2018-05-19 04:03:00,0.5657386108226774
2018-05-19 04:06:00,0.6355009385591188
2018-05-19 04:09:00,0.6627919712656762
2018-05-19 04:12:00,0.6395575385187726
2018-05-19 04:15:00,0.5585513905349444
2018-05-19 04:18:00,0.6275978685602013
2018-05-19 04:21:00,0.7013526569252804
2018-05-19 04:24:00,0.6152367515820174
2018-05-19 04:27:00,0.70313955672259
2018-05-19 04:30:00,0.7430855974376414
2018-05-19 04:33:00,0.7504713622308827
2018-05-19 04:36:00,0.7991618331037671
2018-05-19 04:39:00,0.6741776783403566
2018-05-19 04:42:00,0.7112979468003005
2018-05-19 04:45:00,0.6893242192354023
2018-05-19 04:48:00,0.8381088269356383
2018-05-19 04:51:00,0.7975854982674377
2018-05-19 04:54:00,0.7294656297540882
2018-05-19 04:57:00,0.721761871296394
2018-05-19 05:00:00,0.7173582262134346
2018-05-19 05:03:00,0.6674005770003646
2018-05-19 05:06:00,0.7066979599965748
2018-05-19 05:09:00,0.6325447676493923
2018-05-19 05:12:00,0.7412318741397144
2018-05-19 05:15:00,0.6564160096995124
2018-05-19 05:18:00,0.6547144406349048
2018-05-19 05:21:00,0.7617306623718036
2018-05-19 05:24:00,0.7130052380900338
2018-05-19 05:27:00,0.728882200156761
2018-05-19 05:30:00,0.6312198876726711
2018-05-19 05:33:00,0.6511897147445893
2018-05-19 05:36:00,0.6569651702059218
2018-05-19 05:39:00,0.6778413056976547
2018-05-19 05:42:00,0.6141929608789383
2018-05-19 05:45:00,0.7063892323774894
2018-05-19 05:48:00,0.7176446110148618
2018-05-19 05:51:00,0.522633158550434
2018-05-19 05:54:00,0.6126007951503993
2018-05-19 05:57:00,0.7236063863017534
2018-05-19 06:00:00,0.5813060814395499
2018-05-19 06:03:00,0.6481465775862034
2018-05-19 06:06:00,0.6430490919747172
2018-05-19 06:09:00,0.5710300001811106
2018-05-19 06:12:00,0.6279315212418624
2018-05-19 06:15:00,0.6672124364000069
2018-05-19 06:18:00,0.6860869177751283
2018-05-19 06:21:00,0.7501607315888918
2018-05-19 06:24:00,0.6928797875820578
2018-05-19 06:27:00,0.708333220442114
2018-05-19 06:30:00,0.7182494457787243
2018-05-19 06:33:00,0.7197179593399028
2018-05-19 06:36:00,0.6488840633004429
2018-05-19 06:39:00,0.6833927615430184
2018-05-19 06:42:00,0.7762578525313302
2018-05-19 06:45:00,0.747709247228272
2018-05-19 06:48:00,0.6281394707064578
2018-05-19 06:51:00,0.6750378616859507
2018-05-19 06:54:00,0.6272348556013299
2018-05-19 06:57:00,0.6520755343225346
2018-05-19 07:00:00,0.5923408997445563
2018-05-19 07:03:00,0.5847663201028013
2018-05-19 07:06:00,0.5619588643562565
2018-05-19 07:09:00,0.6997160365053219
2018-05-19 07:12:00,0.6396918419480357
2018-05-19 07:15:00,0.660672210726716
2018-05-19 07:18:00,0.5671739511793703
2018-05-19 07:21:00,0.6279729606329738
2018-05-19 07:24:00,0.5865108538038157
2018-05-19 07:27:00,0.5867625018862554
2018-05-19 07:30:00,0.6591234407903244
2018-05-19 07:33:00,0.5557326434845891
2018-05-19 07:36:00,0.5569935984937047
2018-05-19 07:39:00,0.4880190351112219
2018-05-19 07:42:00,0.5842074512137287
2018-05-19 07:45:00,0.48680038045012
2018-05-19 07:48:00,0.5200547074070982
2018-05-19 07:51:00,0.5994103574557812
2018-05-19 07:54:00,0.5219573760555818
2018-05-19 07:57:00,0.5125732704610755
2018-05-19 08:00:00,0.5439256266303687
2018-05-19 08:03:00,0.6662881491936901
2018-05-19 08:06:00,0.5784166580597798
2018-05-19 08:09:00,0.5170753247641073
2018-05-19 08:12:00,0.4393786003911373
2018-05-19 08:15:00,0.592193668937341
2018-05-19 08:18:00,0.49823975935157705
2018-05-19 08:21:00,0.5149744950176114
2018-05-19 08:24:00,0.4713417461267113
2018-05-19 08:27:00,0.4453405240347479
2018-05-19 08:30:00,0.4097431681829562
2018-05-19 08:33:00,0.4749244431486659
2018-05-19 08:36:00,0.3457666773783785
2018-05-19 08:39:00,0.3882479470537419
2018-05-19 08:42:00,0.4546546274029879
2018-05-19 08:45:00,0.40304871711379064
2018-05-19 08:48:00,0.47211801296100475
2018-05-19 08:51:00,0.3597225159948607
2018-05-19 08:54:00,0.43505873783055904
2018-05-19 08:57:00,0.36726687290348536
2018-05-19 09:00:00,0.3757954745721577
2018-05-19 09:03:00,0.35384069187927025
2018-05-19 09:06:00,0.2902781796136651
2018-05-19 09:09:00,0.37351668124892967
2018-05-19 09:12:00,0.2855386540848599
2018-05-19 09:15:00,0.4047554891038203
2018-05-19 09:18:00,0.3203183305444668
2018-05-19 09:21:00,0.31469008224723893
2018-05-19 09:24:00,0.3094426563537809
2018-05-19 09:27:00,0.2923334914619886
2018-05-19 09:30:00,0.27582085953588376
2018-05-19 09:33:00,0.08221576736281122
2018-05-19 09:36:00,0.24159362420573416
2018-05-19 09:39:00,0.16040849415219327
2018-05-19 09:42:00,0.21409401189151822
2018-05-19 09:45:00,0.23370325384757962
2018-05-19 09:48:00,0.23935769371132665
2018-05-19 09:51:00,0.1404532934063809
2018-05-19 09:54:00,0.2140884005862631
2018-05-19 09:57:00,0.14766763976865604
2018-05-19 10:00:00,0.20198773028465666
2018-05-19 10:03:00,0.18394296196066762
2018-05-19 10:06:00,0.06258489601469819
2018-05-19 10:09:00,0.161403108275465
2018-05-19 10:12:00,0.04453264386211231
2018-05-19 10:15:00,0.0436128062619332
2018-05-19 10:18:00,0.05513141339156391
2018-05-19 10:21:00,0.13448932274764047
2018-05-19 10:24:00,0.06334244662491528
2018-05-19 10:27:00,-0.02150773479968393
2018-05-19 10:30:00,0.07300538384583888
2018-05-19 10:33:00,0.12574243303032517
2018-05-19 10:36:00,0.051277248121380126
2018-05-19 10:39:00,0.04098001733967749
2018-05-19 10:42:00,0.025852106144498066
2018-05-19 10:45:00,0.0655329830564142
2018-05-19 10:48:00,0.045830189023149615
2018-05-19 10:51:00,0.09551415593148249
2018-05-19 10:54:00,-0.0920472072794496
2018-05-19 10:57:00,0.03630003607810295
2018-05-19 11:00:00,0.002729346056923987
2018-05-19 11:03:00,-0.027560085776087817
2018-05-19 11:06:00,0.13486114261223747
2018-05-19 11:09:00,0.030968191669671796
2018-05-19 11:12:00,0.03693262525570162
2018-05-19 11:15:00,-0.028437071316318452
2018-05-19 11:18:00,-0.01949277281130435
2018-05-19 11:21:00,0.045541494128258364
2018-05-19 11:24:00,0.022451943162479893
2018-05-19 11:27:00,-0.041485261693082975
2018-05-19 11:30:00,-0.10827331965992926
2018-05-19 11:33:00,-0.026029673316713797
2018-05-19 11:36:00,0.040204973740344485
2018-05-19 11:39:00,-0.034340448247064614
2018-05-19 11:42:00,-0.0753551101088874
2018-05-19 11:45:00,-0.1742533877210235
2018-05-19 11:48:00,-0.04283739852007784
2018-05-19 11:51:00,-0.024296210345141844
2018-05-19 11:54:00,-0.07475011223050387
2018-05-19 11:57:00,-0.06973887389455058
2018-05-19 12:00:00,-0.10773909330458764
2018-05-19 12:03:00,-0.02179177639828822
2018-05-19 12:06:00,-0.0860632629058955
2018-05-19 12:09:00,-0.014374806826594977
2018-05-19 12:12:00,0.050137618898020264
2018-05-19 12:15:00,-0.015147769258646804
2018-05-19 12:18:00,-0.05950165390743223
2018-05-19 12:21:00,-0.18600639290588106
2018-05-19 12:24:00,-0.07758301003354973
2018-05-19 12:27:00,-0.0005920170813737968
2018-05-19 12:30:00,-0.11636436764922564
2018-05-19 12:33:00,0.06368173149280665
2018-05-19 12:36:00,0.030925272467470677
2018-05-19 12:39:00,0.019563196762192092
2018-05-19 12:42:00,-0.08417978514307833
2018-05-19 12:45:00,0.07149655943970856
2018-05-19 12:48:00,-0.06682719168389895
2018-05-19 12:51:00,-0.1445056447964248
2018-05-19 12:54:00,0.11342487954595981
2018-05-19 12:57:00,0.0002002342906166632
2018-05-19 13:00:00,-0.012297733475975292
2018-05-19 13:03:00,-0.021625793518353476
2018-05-19 13:06:00,0.06457740554850488
2018-05-19 13:09:00,0.06479978935834652
2018-05-19 13:12:00,-0.07781801185097947
2018-05-19 13:15:00,0.16438006726934873
2018-05-19 13:18:00,0.1740723163066491
2018-05-19 13:21:00,0.021343697079657886
2018-05-19 13:24:00,0.111913554768023
2018-05-19 13:27:00,0.17208016208962817
2018-05-19 13:30:00,0.3192560331232812
2018-05-19 13:33:00,0.21827702430726958
2018-05-19 13:36:00,0.1456102215065016
2018-05-19 13:39:00,0.190348038113882
2018-05-19 13:42:00,0.12394616698668415
2018-05-19 13:45:00,0.0950181916477959
2018-05-19 13:48:00,0.2624102569142792
2018-05-19 13:51:00,0.19907441549884197
2018-05-19 13:54:00,0.12556633553839447
2018-05-19 13:57:00,0.019512384225265578
2018-05-19 14:00:00,0.12201136724598882
2018-05-19 14:03:00,0.08171657047125791
2018-05-19 14:06:00,-0.023673917493795216
2018-05-19 14:09:00,0.09770998055461178
2018-05-19 14:12:00,-0.0005087891422590474
2018-05-19 14:15:00,0.007500003688051038
2018-05-19 14:18:00,0.021708219802917483
2018-05-19 14:21:00,0.006982771434024926
2018-05-19 14:24:00,0.09554298254835203
2018-05-19 14:27:00,-0.011280052400877594
2018-05-19 14:30:00,-0.06121734413403601
2018-05-19 14:33:00,-0.07595794745560625
2018-05-19 14:36:00,-0.012377285414402195
2018-05-19 14:39:00,0.008284972282922354
2018-05-19 14:42:00,-0.034448944620862676
2018-05-19 14:45:00,-0.08915627295874629
2018-05-19 14:48:00,-0.06860678806975784
2018-05-19 14:51:00,0.03239024466057572
2018-05-19 14:54:00,0.07641957439085445
2018-05-19 14:57:00,0.05011521602159519
2018-05-19 15:00:00,0.056207193249179
2018-05-19 15:03:00,0.07308658035191229
2018-05-19 15:06:00,0.1105537283214062
2018-05-19 15:09:00,0.20501793088385512
2018-05-19 15:12:00,0.12702928824108994
2018-05-19 15:15:00,0.05104070798307703
2018-05-19 15:18:00,0.01807447809585483
2018-05-19 15:21:00,-0.017794864401025734
2018-05-19 15:24:00,-0.0055789813631008656
2018-05-19 15:27:00,0.07609625870077252
2018-05-19 15:30:00,-0.12438767111132165
2018-05-19 15:33:00,-0.037844436270688675
2018-05-19 15:36:00,0.008188215531561127
2018-05-19 15:39:00,0.0748857997789969
2018-05-19 15:42:00,-0.012046601904557974
2018-05-19 15:45:00,0.07085896056094043
2018-05-19 15:48:00,0.11725476509957389
2018-05-19 15:51:00,0.0713733366205247
2018-05-19 15:54:00,0.09519409354987829
2018-05-19 15:57:00,0.11777420920674331
2018-05-19 16:00:00,0.04205804007341385
2018-05-19 16:03:00,0.18073506505010073
2018-05-19 16:06:00,0.18151639915487294
2018-05-19 16:09:00,0.23543211589708335
2018-05-19 16:12:00,0.13018101470242982
2018-05-19 16:15:00,0.1408387201277037
2018-05-19 16:18:00,0.08331143702912414
2018-05-19 16:21:00,0.10867032098855134
2018-05-19 16:24:00,0.07660121844315881
2018-05-19 16:27:00,0.04963726291146031
2018-05-19 16:30:00,0.0562770364657581
2018-05-19 16:33:00,0.10801004453543328
2018-05-19 16:36:00,-0.005711364345359016
2018-05-19 16:39:00,0.020182890178261914
2018-05-19 16:42:00,0.0932743154784248
2018-05-19 16:45:00,0.17418355700067423
2018-05-19 16:48:00,0.13575716262710102
2018-05-19 16:51:00,0.1463041580468598
2018-05-19 16:54:00,0.15692079094282008
2018-05-19 16:57:00,0.32558174472995915
2018-05-19 17:00:00,0.3607270943253411
2018-05-19 17:03:00,0.28003544715147655
2018-05-19 17:06:00,0.4471690428005104
2018-05-19 17:09:00,0.7768831980738469
2018-05-19 17:12:00,0.8526146176693032
2018-05-19 17:15:00,0.8475325266824711
2018-05-19 17:18:00,0.8498892444339958
2018-05-19 17:21:00,0.4794849671449697
2018-05-19 17:24:00,0.22411572322778284
2018-05-19 17:27:00,0.16569099032477652
2018-05-19 17:30:00,0.18041070667794656
2018-05-19 17:33:00,0.203643193087089
2018-05-19 17:36:00,0.18233102005206092
2018-05-19 17:39:00,0.28129503553770974
2018-05-19 17:42:00,0.04522994502843858
2018-05-19 17:45:00,0.23753673795260966
2018-05-19 17:48:00,0.3336028648781735
2018-05-19 17:51:00,0.26732017445931433
2018-05-19 17:54:00,0.41220411600545503
2018-05-19 17:57:00,0.35556274971264656
2018-05-19 18:00:00,0.47075438245036594
2018-05-19 18:03:00,0.4151911307770888
2018-05-19 18:06:00,0.43968178033480854
2018-05-19 18:09:00,0.5828350365788992
2018-05-19 18:12:00,0.6367152088662351
2018-05-19 18:15:00,0.5639801671127884
2018-05-19 18:18:00,0.4767813607744529
2018-05-19 18:21:00,0.6000066304742404
2018-05-19 18:24:00,0.5969784234100644
2018-05-19 18:27:00,0.5159653012448757
2018-05-19 18:30:00,0.5128908025793635
2018-05-19 18:33:00,0.5178665197040573
2018-05-19 18:36:00,0.43333371472959925
2018-05-19 18:39:00,0.3532741250063509
2018-05-19 18:42:00,0.5416641504978656
2018-05-19 18:45:00,0.5544625440408026
2018-05-19 18:48:00,0.5624123819525266
2018-05-19 18:51:00,0.5329115494387793
2018-05-19 18:54:00,
2018-05-19 18:57:00,
2018-05-19 19:00:00,
2018-05-19 19:03:00,
2018-05-19 19:06:00,0.47614602472111756
2018-05-19 19:09:00,0.4364296440161297
2018-05-19 19:12:00,0.427886302043305
2018-05-19 19:15:00,0.38843025355703276
2018-05-19 19:18:00,0.5316681933575182
2018-05-19 19:21:00,0.4143738483965649
2018-05-19 19:24:00,0.40887051735563773
2018-05-19 19:27:00,0.34047858142633913
2018-05-19 19:30:00,0.4003470845976267
2018-05-19 19:33:00,0.4057443918852073
2018-05-19 19:36:00,0.274965608344246
2018-05-19 19:39:00,0.29321572191020095
2018-05-19 19:42:00,0.15199267583471965
2018-05-19 19:45:00,0.2835466850198145
2018-05-19 19:48:00,0.3048738876036623
2018-05-19 19:51:00,0.49077489191842005
2018-05-19 19:54:00,0.3012050396279733
2018-05-19 19:57:00,0.319622392004419
2018-05-19 20:00:00,0.4055434639680584
2018-05-19 20:03:00,0.3290737752911923
2018-05-19 20:06:00,0.34872064748606135
2018-05-19 20:09:00,0.36603861509956914
2018-05-19 20:12:00,0.3149205719331576
2018-05-19 20:15:00,0.32286535264694294
2018-05-19 20:18:00,0.3680522926111962
2018-05-19 20:21:00,0.3454397362719419
2018-05-19 20:24:00,0.2884186287445232
2018-05-19 20:27:00,0.3339912164723273
2018-05-19 20:30:00,0.3353557404319645
2018-05-19 20:33:00,0.34641962890850664
2018-05-19 20:36:00,0.33191510288367
2018-05-19 20:39:00,0.3974330485843325
2018-05-19 20:42:00,0.3953564885991341
2018-05-19 20:45:00,0.6362870939086065
2018-05-19 20:48:00,0.765369951753712
2018-05-19 20:51:00,0.7284123983444601
2018-05-19 20:54:00,0.6191559840286232
2018-05-19 20:57:00,0.6601763877012559
2018-05-19 21:00:00,0.700272230606231
2018-05-19 21:03:00,0.5773374621019798
2018-05-19 21:06:00,0.4814965708112595
2018-05-19 21:09:00,0.6654900693196169
2018-05-19 21:12:00,0.5689413073651508
2018-05-19 21:15:00,0.4880211260705778
2018-05-19 21:18:00,0.6440316465186697
2018-05-19 21:21:00,0.5167748745427048
2018-05-19 21:24:00,0.5137416646034012
2018-05-19 21:27:00,0.5357187743351233
2018-05-19 21:30:00,0.5410257703718457
2018-05-19 21:33:00,0.5616741657419198
2018-05-19 21:36:00,0.46270640408295094
2018-05-19 21:39:00,0.45701143840159375
2018-05-19 21:42:00,0.5215148943320855
2018-05-19 21:45:00,0.4891635134401895
2018-05-19 21:48:00,0.36743830624743623
2018-05-19 21:51:00,0.46231233699103313
2018-05-19 21:54:00,0.515593356270017
2018-05-19 21:57:00,0.39614487301571444
2018-05-19 22:00:00,
2018-05-19 22:03:00,
2018-05-19 22:06:00,
2018-05-19 22:09:00,0.49013765327850933
2018-05-19 22:12:00,0.6242812877276265
2018-05-19 22:15:00,0.638615786709579
2018-05-19 22:18:00,0.542925907779761
2018-05-19 22:21:00,0.5144715067339121
2018-05-19 22:24:00,0.4951048535614859
2018-05-19 22:27:00,0.6258698022506906
2018-05-19 22:30:00,0.6231557072753731
2018-05-19 22:33:00,0.4573632341446796
2018-05-19 22:36:00,0.5982157066101763
2018-05-19 22:39:00,0.44686536124618215
2018-05-19 22:42:00,0.5366970599498586
2018-05-19 22:45:00,0.5582484180852703
2018-05-19 22:48:00,0.5123309149078636
2018-05-19 22:51:00,0.4632217392239113
2018-05-19 22:54:00,0.5681412043585397
2018-05-19 22:57:00,0.6300776102808072
2018-05-19 23:00:00,0.6084372633433759
2018-05-19 23:03:00,0.5877878546105535
2018-05-19 23:06:00,0.6567941463054012
2018-05-19 23:09:00,0.6164418154304485
2018-05-19 23:12:00,0.5594065896349321
2018-05-19 23:15:00,0.6038299244552263
2018-05-19 23:18:00,0.5839052853102658
2018-05-19 23:21:00,0.6102315633296485
2018-05-19 23:24:00,0.6603227328024559
2018-05-19 23:27:00,0.4958585462335918
2018-05-19 23:30:00,0.6338395925976101
2018-05-19 23:33:00,0.5958473273954041
2018-05-19 23:36:00,0.5355091041749347
2018-05-19 23:39:00,0.6297748878897664
2018-05-19 23:42:00,0.5713557842385626
2018-05-19 23:45:00,0.5687816568009225
2018-05-19 23:48:00,0.5569126772361983
2018-05-19 23:51:00,0.5593880202828245
2018-05-19 23:54:00,0.6131521537463414
2018-05-19 23:57:00,0.5955400449215063
2018-05-20 00:00:00,0.5475518506426624
2018-05-20 00:03:00,0.609660663189743
2018-05-20 00:06:00,0.68003103053735
2018-05-20 00:09:00,0.6320688176355702
2018-05-20 00:12:00,0.6095351459383664
2018-05-20 00:15:00,0.6614570996313773
2018-05-20 00:18:00,0.5478772776645542
2018-05-20 00:21:00,0.4920491252295278
2018-05-20 00:24:00,0.5596056990936518
2018-05-20 00:27:00,0.6039956804139592
2018-05-20 00:30:00,0.4923181408669848
2018-05-20 00:33:00,0.5204590095803496
2018-05-20 00:36:00,0.5595875397685859
2018-05-20 00:39:00,0.5395400343162464
2018-05-20 00:42:00,0.5680177154471835
2018-05-20 00:45:00,0.5655859778108265
2018-05-20 00:48:00,0.5554356498951734
2018-05-20 00:51:00,0.4767257631120856
2018-05-20 00:54:00,0.5577394426659907
2018-05-20 00:57:00,0.5355424992554276
2018-05-20 01:00:00,0.5692925271394529
2018-05-20 01:03:00,0.49792648225587754
2018-05-20 01:06:00,0.4572014357456169
2018-05-20 01:09:00,0.4644989701344002
2018-05-20 01:12:00,0.5060033837467586
2018-05-20 01:15:00,0.4640624574541903
2018-05-20 01:18:00,0.6710491271577439
2018-05-20 01:21:00,0.5700336392556551
2018-05-20 01:24:00,0.6076377039361773
2018-05-20 01:27:00,0.5620472485983896
2018-05-20 01:30:00,0.7349208868012056
2018-05-20 01:33:00,0.6816722591008784
2018-05-20 01:36:00,0.6609550577537675
2018-05-20 01:39:00,0.5131820954285331
2018-05-20 01:42:00,0.6400742639372083
2018-05-20 01:45:00,0.4898275942291548
2018-05-20 01:48:00,0.5868534020843299
2018-05-20 01:51:00,0.5445232595801031
2018-05-20 01:54:00,0.5879990853658796
2018-05-20 01:57:00,0.5661258940038465
2018-05-20 02:00:00,0.49242370485092124
2018-05-20 02:03:00,0.521938239768815
2018-05-20 02:06:00,0.5706602421457774
2018-05-20 02:09:00,0.48932881644702775
2018-05-20 02:12:00,0.5935511064781167
2018-05-20 02:15:00,0.5083541511149292
2018-05-20 02:18:00,0.6654348452576073
2018-05-20 02:21:00,0.5512569459870633
2018-05-20 02:24:00,0.6283148700388779
2018-05-20 02:27:00,0.6377784312334711
2018-05-20 02:30:00,0.5961218759134113
2018-05-20 02:33:00,0.5617733464302432
2018-05-20 02:36:00,0.5657911171658725
2018-05-20 02:39:00,0.6461793329158354
2018-05-20 02:42:00,0.648311903670276
2018-05-20 02:45:00,0.6920764947543603
2018-05-20 02:48:00,0.47224796007253644
2018-05-20 02:51:00,0.5871595025792544
2018-05-20 02:54:00,0.6808936264213798
2018-05-20 02:57:00,0.6092661938801598
2018-05-20 03:00:00,0.5907660796764844
2018-05-20 03:03:00,0.5528855671172437
2018-05-20 03:06:00,0.665545216702867
2018-05-20 03:09:00,0.6617822870805412
2018-05-20 03:12:00,0.6024924499121198
2018-05-20 03:15:00,0.5878274165129369
2018-05-20 03:18:00,0.67704481030529
2018-05-20 03:21:00,0.5817210325577093
2018-05-20 03:24:00,0.6245445931503468
2018-05-20 03:27:00,0.5093119929627505
2018-05-20 03:30:00,0.6370546720976904
2018-05-20 03:33:00,0.6128256546109583
2018-05-20 03:36:00,0.5420208478117843
2018-05-20 03:39:00,0.6686314271363472
2018-05-20 03:42:00,0.6086527676397964
2018-05-20 03:45:00,0.6096882416426297
2018-05-20 03:48:00,0.49510704971930863
2018-05-20 03:51:00,0.5464693744854685
2018-05-20 03:54:00,0.707260229303813
2018-05-20 03:57:00,0.5600215682179055
2018-05-20 04:00:00,0.6640059776046314
2018-05-20 04:03:00,0.580884472903449
2018-05-20 04:06:00,0.5834723678275395
2018-05-20 04:09:00,0.5918537598420244
2018-05-20 04:12:00,0.6788432523343886
2018-05-20 04:15:00,0.6436309505447184
2018-05-20 04:18:00,0.6017461319529502
2018-05-20 04:21:00,0.6767014599932395
2018-05-20 04:24:00,0.6782169350689173
2018-05-20 04:27:00,0.7992915089855614
2018-05-20 04:30:00,0.6977897296513902
2018-05-20 04:33:00,0.6705639659413123
2018-05-20 04:36:00,0.6443725005457281
2018-05-20 04:39:00,0.6308652274830138
2018-05-20 04:42:00,0.7701929624107038
2018-05-20 04:45:00,0.7274737806725966
2018-05-20 04:48:00,0.7049200941963818
2018-05-20 04:51:00,0.7197721918954585
2018-05-20 04:54:00,0.7229300535834113
2018-05-20 04:57:00,0.7813979383907963
2018-05-20 05:00:00,0.7953748433692454
2018-05-20 05:03:00,0.6604105635137216
2018-05-20 05:06:00,0.6834346971430705
2018-05-20 05:09:00,0.6586932634714913
2018-05-20 05:12:00,0.7022764231950873
2018-05-20 05:15:00,0.7489005725014977
2018-05-20 05:18:00,0.6307276337099097
2018-05-20 05:21:00,0.7159429909900155
2018-05-20 05:24:00,0.5946780297165901
2018-05-20 05:27:00,0.6471890054669416
2018-05-20 05:30:00,0.6440176164425111
2018-05-20 05:33:00,0.6339846915540193
2018-05-20 05:36:00,0.6658543967520814
2018-05-20 05:39:00,0.6804035419252727
2018-05-20 05:42:00,0.6908776865607251
2018-05-20 05:45:00,0.6124981634130222
2018-05-20 05:48:00,0.6909182235356752
2018-05-20 05:51:00,0.736091742936253
2018-05-20 05:54:00,0.6556762785982642
2018-05-20 05:57:00,0.6752868313697036
2018-05-20 06:00:00,0.7038366839784089
2018-05-20 06:03:00,0.7014367062209885
2018-05-20 06:06:00,0.7018351579180262
2018-05-20 06:09:00,0.6773864902218634
2018-05-20 06:12:00,0.5980509797681748
2018-05-20 06:15:00,0.6677063517406054
2018-05-20 06:18:00,0.605699627109459
2018-05-20 06:21:00,0.7524708370221447
2018-05-20 06:24:00,0.7625644105584684
2018-05-20 06:27:00,0.6498619058769464
2018-05-20 06:30:00,0.6055609857951367
2018-05-20 06:33:00,0.7395730718994287
2018-05-20 06:36:00,0.6729886776227545
2018-05-20 06:39:00,0.616547423636348
2018-05-20 06:42:00,0.7675707647609329
2018-05-20 06:45:00,0.7070754392046297
2018-05-20 06:48:00,0.7195278360100019
2018-05-20 06:51:00,0.748425400713586
2018-05-20 06:54:00,0.5883998061710258
2018-05-20 06:57:00,0.7412993616425751
2018-05-20 07:00:00,0.772082222039387
2018-05-20 07:03:00,0.724152494190605
2018-05-20 07:06:00,0.730965858945865
2018-05-20 07:09:00,0.7447690092589028
2018-05-20 07:12:00,0.7852567193338018
2018-05-20 07:15:00,0.674993426661274
2018-05-20 07:18:00,0.7421210270632059
2018-05-20 07:21:00,0.6270074107562777
2018-05-20 07:24:00,0.7371126918383766
2018-05-20 07:27:00,0.7706475684664156
2018-05-20 07:30:00,0.6606489569742848
2018-05-20 07:33:00,0.676855785865655
2018-05-20 07:36:00,0.6773769022691454
2018-05-20 07:39:00,0.7695607826345849
2018-05-20 07:42:00,0.6796774874229641
2018-05-20 07:45:00,0.6263614408356943
2018-05-20 07:48:00,0.6352216635725085
2018-05-20 07:51:00,0.7227618734299881
2018-05-20 07:54:00,0.6692023120075419
2018-05-20 07:57:00,0.7085650291816137
2018-05-20 08:00:00,0.6690083728325931
2018-05-20 08:03:00,0.7759886249635883
2018-05-20 08:06:00,0.7916931551534958
2018-05-20 08:09:00,0.686380598662879
2018-05-20 08:12:00,0.6490598312481666
2018-05-20 08:15:00,0.7190922392647394
2018-05-20 08:18:00,0.8249084773858044
2018-05-20 08:21:00,0.7485990609137616
2018-05-20 08:24:00,0.7242502884590181
2018-05-20 08:27:00,0.683909115870108
2018-05-20 08:30:00,0.7148554043801596
2018-05-20 08:33:00,0.6891004362815352
2018-05-20 08:36:00,0.6415248171559824
2018-05-20 08:39:00,0.590584636426172
2018-05-20 08:42:00,0.6441742405309014
2018-05-20 08:45:00,0.6880362316267679
2018-05-20 08:48:00,0.6831087915131207
2018-05-20 08:51:00,0.637571984127419
2018-05-20 08:54:00,0.5742912738978703
2018-05-20 08:57:00,0.6050283926309703
2018-05-20 09:00:00,0.6469572411223794
2018-05-20 09:03:00,0.6222029284508039
2018-05-20 09:06:00,0.5318471671320708
2018-05-20 09:09:00,0.602101399813364
2018-05-20 09:12:00,0.6236599348508776
2018-05-20 09:15:00,0.6025002683448406
2018-05-20 09:18:00,0.6710594226438502
2018-05-20 09:21:00,0.6307832482291928
2018-05-20 09:24:00,0.6496176072363937
2018-05-20 09:27:00,0.5830347484143772
2018-05-20 09:30:00,0.6501585350073924
2018-05-20 09:33:00,0.5440915951606939
2018-05-20 09:36:00,0.5692396380277955
2018-05-20 09:39:00,0.5202098226030216
2018-05-20 09:42:00,0.46781186078959536
2018-05-20 09:45:00,0.5073210307494946
2018-05-20 09:48:00,0.5472210346753741
2018-05-20 09:51:00,0.4912716285676879
2018-05-20 09:54:00,0.45530645967613737
2018-05-20 09:57:00,0.5062957329929532
2018-05-20 10:00:00,0.4683560189571949
2018-05-20 10:03:00,0.5048492192787535
2018-05-20 10:06:00,0.5079810800037308
2018-05-20 10:09:00,0.45734472144420124
2018-05-20 10:12:00,0.4316415257276276
2018-05-20 10:15:00,0.4266443582160946
2018-05-20 10:18:00,0.38249534350592285
2018-05-20 10:21:00,0.2702104378874992
2018-05-20 10:24:00,0.3875751158277012
2018-05-20 10:27:00,0.339345738141958
2018-05-20 10:30:00,0.2981726364586734
2018-05-20 10:33:00,0.30044816801301977
2018-05-20 10:36:00,0.4199265620268875
2018-05-20 10:39:00,0.2913208178775335
2018-05-20 10:42:00,0.1866457404376547
2018-05-20 10:45:00,0.34639558016556293
2018-05-20 10:48:00,0.43475627706948217
2018-05-20 10:51:00,0.33703231200968276
2018-05-20 10:54:00,0.29144955417734764
2018-05-20 10:57:00,0.24038549792231834
2018-05-20 11:00:00,0.2550555461117483
2018-05-20 11:03:00,0.22757365809997054
2018-05-20 11:06:00,0.20492725717832627
2018-05-20 11:09:00,0.1376611883795249
2018-05-20 11:12:00,0.2428961752521559
2018-05-20 11:15:00,0.20909013913512808
2018-05-20 11:18:00,0.16650732931026369
2018-05-20 11:21:00,0.22110312278795163
2018-05-20 11:24:00,0.25380411031824224
2018-05-20 11:27:00,0.10355946373141478
2018-05-20 11:30:00,0.2077604379431932
2018-05-20 11:33:00,0.11028630071615453
2018-05-20 11:36:00,-0.0011889676370628877
2018-05-20 11:39:00,0.17752224639696124
2018-05-20 11:42:00,0.15430278312931023
2018-05-20 11:45:00,0.15563636784673918
2018-05-20 11:48:00,0.10969907844452109
2018-05-20 11:51:00,0.1018238050802438
2018-05-20 11:54:00,0.06286254240166045
2018-05-20 11:57:00,0.11026397646872965
2018-05-20 12:00:00,0.15252238529023998
2018-05-20 12:03:00,0.034975619831300264
2018-05-20 12:06:00,0.054956315683739376
2018-05-20 12:09:00,0.13025368637801193
2018-05-20 12:12:00,0.17237214868936235
2018-05-20 12:15:00,0.05877045623503818
2018-05-20 12:18:00,-0.07262393082339713
2018-05-20 12:21:00,0.062400940515487946
2018-05-20 12:24:00,-0.13239989590954337
2018-05-20 12:27:00,-0.16262730863292063
2018-05-20 12:30:00,0.011032123537802363
2018-05-20 12:33:00,-0.056481166375363046
2018-05-20 12:36:00,-0.037555448569719374
2018-05-20 12:39:00,0.04449493458230336
2018-05-20 12:42:00,0.06716416447545726
2018-05-20 12:45:00,0.12368227931636966
2018-05-20 12:48:00,-0.17803257265353523
2018-05-20 12:51:00,-0.1917684328403766
2018-05-20 12:54:00,-0.07142299390767448
2018-05-20 12:57:00,0.06794409286021619
2018-05-20 13:00:00,-0.041360062101091444
2018-05-20 13:03:00,-0.061787815223510734
2018-05-20 13:06:00,-0.018117361458735104
2018-05-20 13:09:00,0.024096840803565556
2018-05-20 13:12:00,0.04165583275459994
2018-05-20 13:15:00,0.053283115079409527
2018-05-20 13:18:00,0.06911345917029621
2018-05-20 13:21:00,0.07764987223083608
2018-05-20 13:24:00,-0.06228536238984361
2018-05-20 13:27:00,0.06245270102937184
2018-05-20 13:30:00,0.0053527785942719674
2018-05-20 13:33:00,-0.07958237286919712
2018-05-20 13:36:00,-0.02635016411028346
2018-05-20 13:39:00,0.012775896117318553
2018-05-20 13:42:00,-0.005649782809143744
2018-05-20 13:45:00,-0.08201044840109262
2018-05-20 13:48:00,-0.049185051448375816
2018-05-20 13:51:00,-0.01825546381951426
2018-05-20 13:54:00,-0.02097371360798661
2018-05-20 13:57:00,0.12719987216621575
2018-05-20 14:00:00,0.18703815565424975
2018-05-20 14:03:00,0.15338837320075527
2018-05-20 14:06:00,0.2627461255308958
2018-05-20 14:09:00,0.3177262551632225
2018-05-20 14:12:00,0.32726964055655117
2018-05-20 14:15:00,0.24345155755787573
2018-05-20 14:18:00,0.29281690535412963
2018-05-20 14:21:00,0.01796066208044067
2018-05-20 14:24:00,0.0090024659032224
2018-05-20 14:27:00,0.1837623462852207
2018-05-20 14:30:00,0.24220034124931544
2018-05-20 14:33:00,0.136845549169891
2018-05-20 14:36:00,0.19225430957527578
2018-05-20 14:39:00,0.08475054481942834
2018-05-20 14:42:00,0.11651450613697989
2018-05-20 14:45:00,0.06406401486350433
2018-05-20 14:48:00,0.07738009234321908
2018-05-20 14:51:00,0.13374869670946055
2018-05-20 14:54:00,0.042666120752244296
2018-05-20 14:57:00,0.10109602107223736
2018-05-20 15:00:00,0.06466644286138035
2018-05-20 15:03:00,-0.05125115230424626
2018-05-20 15:06:00,0.04757251937013507
2018-05-20 15:09:00,-0.02343149505651354
2018-05-20 15:12:00,0.07855396424344008
2018-05-20 15:15:00,0.1849687920297356
2018-05-20 15:18:00,0.18176682118775034
2018-05-20 15:21:00,0.1863159677028534
2018-05-20 15:24:00,0.23500612876580362
2018-05-20 15:27:00,0.20201171514975158
2018-05-20 15:30:00,0.252965660725863
2018-05-20 15:33:00,0.2915305695512984
2018-05-20 15:36:00,0.31653231002786697
2018-05-20 15:39:00,0.25055506342647504
2018-05-20 15:42:00,0.4966949734015884
2018-05-20 15:45:00,0.38945361857867056
2018-05-20 15:48:00,0.10469248050611668
2018-05-20 15:51:00,0.29784862448622107
2018-05-20 15:54:00,0.5315057619092727
2018-05-20 15:57:00,0.5216829441798154
2018-05-20 16:00:00,0.33667528552041404
2018-05-20 16:03:00,0.45738816900046686
2018-05-20 16:06:00,0.4187758524977312
2018-05-20 16:09:00,0.4895157481869319
2018-05-20 16:12:00,0.5036007807905776
2018-05-20 16:15:00,0.39053642464091354
2018-05-20 16:18:00,0.5078067174930538
2018-05-20 16:21:00,0.43403282539776455
2018-05-20 16:24:00,0.498329924972154
2018-05-20 16:27:00,0.6456337817521671
2018-05-20 16:30:00,0.5751525878714574
2018-05-20 16:33:00,0.43378821152407454
2018-05-20 16:36:00,0.42741959924671846
2018-05-20 16:39:00,0.40355994874903445
2018-05-20 16:42:00,0.2940250488925358
2018-05-20 16:45:00,0.28050704689246686
2018-05-20 16:48:00,0.1865921657938543
2018-05-20 16:51:00,0.2431720276487681
2018-05-20 16:54:00,0.19721993959313977
2018-05-20 16:57:00,0.18891620472135173
2018-05-20 17:00:00,0.19987541192341496
2018-05-20 17:03:00,0.13124158326417046
2018-05-20 17:06:00,0.28622393110862276
2018-05-20 17:09:00,0.28731109738157556
2018-05-20 17:12:00,0.11452226575789837
2018-05-20 17:15:00,0.23849743516740318
2018-05-20 17:18:00,0.1181078659586774
2018-05-20 17:21:00,0.2397199093937843
2018-05-20 17:24:00,0.1759079814830784
2018-05-20 17:27:00,0.11441553769316215
2018-05-20 17:30:00,0.25792314426132634
2018-05-20 17:33:00,0.26002657268747953
2018-05-20 17:36:00,0.1608952145190301
2018-05-20 17:39:00,0.17428004608945002
2018-05-20 17:42:00,0.24382428031577774
2018-05-20 17:45:00,0.2829536137557511
2018-05-20 17:48:00,0.22711970284660765
2018-05-20 17:51:00,0.1590023952952606
2018-05-20 17:54:00,0.25473223737890294
2018-05-20 17:57:00,0.20622260693733097
2018-05-20 18:00:00,0.15737276002204226
2018-05-20 18:03:00,0.12636684361206107
2018-05-20 18:06:00,0.12737827969993987
2018-05-20 18:09:00,0.19876224769382134
2018-05-20 18:12:00,0.18581330792949302
2018-05-20 18:15:00,0.23924459843630075
2018-05-20 18:18:00,0.1990344016278982
2018-05-20 18:21:00,0.23914133503990342
2018-05-20 18:24:00,0.2755193354665266
2018-05-20 18:27:00,0.2141001237436626
2018-05-20 18:30:00,0.2282915903787739
2018-05-20 18:33:00,0.1665779072048963
2018-05-20 18:36:00,0.11980091216747724
2018-05-20 18:39:00,0.2239907560695542
2018-05-20 18:42:00,0.2736439204929866
2018-05-20 18:45:00,0.2904729678871263
2018-05-20 18:48:00,0.21895695455856412
2018-05-20 18:51:00,0.2336228551546924
2018-05-20 18:54:00,
2018-05-20 18:57:00,
2018-05-20 19:00:00,
2018-05-20 19:03:00,0.27291971252930125
2018-05-20 19:06:00,0.21453291573902789
2018-05-20 19:09:00,0.3509592792448757
2018-05-20 19:12:00,0.2285519332667718
2018-05-20 19:15:00,0.2485711382505542
2018-05-20 19:18:00,0.33735319856782553
2018-05-20 19:21:00,0.3749024720804641
2018-05-20 19:24:00,0.3452354728035516
2018-05-20 19:27:00,0.28750344131225347
2018-05-20 19:30:00,0.3294286510980555
2018-05-20 19:33:00,0.17993989747606065
2018-05-20 19:36:00,0.2773691402366012
2018-05-20 19:39:00,0.29805904385119675
2018-05-20 19:42:00,0.22019723258546264
2018-05-20 19:45:00,0.21703671618223552
2018-05-20 19:48:00,0.2904727984407032
2018-05-20 19:51:00,0.2709948172497434
2018-05-20 19:54:00,0.3741434846141942
2018-05-20 19:57:00,0.29940122253503887
2018-05-20 20:00:00,0.23406884070800515
2018-05-20 20:03:00,0.1940002827968783
2018-05-20 20:06:00,0.24740108594033927
2018-05-20 20:09:00,0.33471167005092184
2018-05-20 20:12:00,0.2839327694412077
2018-05-20 20:15:00,0.2873166747003211
2018-05-20 20:18:00,0.33070739667363114
2018-05-20 20:21:00,0.17582870063824885
2018-05-20 20:24:00,0.3162257591199591
2018-05-20 20:27:00,0.22811377278742384
2018-05-20 20:30:00,0.23681219825112976
2018-05-20 20:33:00,0.26544804026497104
2018-05-20 20:36:00,0.2543959836603449
2018-05-20 20:39:00,0.2910769005682141
2018-05-20 20:42:00,0.2755860075435521
2018-05-20 20:45:00,0.2068180850067165
2018-05-20 20:48:00,0.37696826148095397
2018-05-20 20:51:00,0.3569666651536636
2018-05-20 20:54:00,0.3586287057947857
2018-05-20 20:57:00,0.32488348236631737
2018-05-20 21:00:00,0.25592222259029995
2018-05-20 21:03:00,0.30426630374256547
2018-05-20 21:06:00,0.2967418397008146
2018-05-20 21:09:00,0.352790826721332
2018-05-20 21:12:00,0.3482937239242574
2018-05-20 21:15:00,0.25512634452894645
2018-05-20 21:18:00,0.2622562442058438
2018-05-20 21:21:00,0.3633704025646125
2018-05-20 21:24:00,0.2295686498601981
2018-05-20 21:27:00,0.26825327674941946
2018-05-20 21:30:00,0.3198483205741809
2018-05-20 21:33:00,0.30710982214611704
2018-05-20 21:36:00,0.3190584426981218
2018-05-20 21:39:00,0.30559218359786655
2018-05-20 21:42:00,0.33634723828549795
2018-05-20 21:45:00,0.40056756243825475
2018-05-20 21:48:00,0.2959499038422564
2018-05-20 21:51:00,0.30167403426128203
2018-05-20 21:54:00,0.38071949728441723
2018-05-20 21:57:00,0.37133670644766426
2018-05-20 22:00:00,0.4213531895494498
2018-05-20 22:03:00,0.3041744439280478
2018-05-20 22:06:00,0.3234355807193765
2018-05-20 22:09:00,0.49127302931299255
2018-05-20 22:12:00,0.4323138163366025
2018-05-20 22:15:00,0.47031846921146325
2018-05-20 22:18:00,0.3624056565403748
2018-05-20 22:21:00,0.38771218374932914
2018-05-20 22:24:00,0.4135495183754756
2018-05-20 22:27:00,0.3179802313204618
2018-05-20 22:30:00,0.3557805803614542
2018-05-20 22:33:00,0.45267673172230616
2018-05-20 22:36:00,0.30349188578833264
2018-05-20 22:39:00,0.48735614982626885
2018-05-20 22:42:00,0.6068316144810524
2018-05-20 22:45:00,0.5724512529939716
2018-05-20 22:48:00,0.4996840075247633
2018-05-20 22:51:00,0.6138723800130492
2018-05-20 22:54:00,0.647140252786528
2018-05-20 22:57:00,0.5244960191056975
2018-05-20 23:00:00,0.5323104873945681
2018-05-20 23:03:00,0.3927716959835834
2018-05-20 23:06:00,0.4419705788911301
2018-05-20 23:09:00,0.4150123957818437
2018-05-20 23:12:00,0.5435015993634806
2018-05-20 23:15:00,0.3970288024221418
2018-05-20 23:18:00,0.410152294095667
2018-05-20 23:21:00,0.43200616819615334
2018-05-20 23:24:00,0.3738059580338131
2018-05-20 23:27:00,0.47966430154235695
2018-05-20 23:30:00,0.525904738082204
2018-05-20 23:33:00,0.45353403635203904
2018-05-20 23:36:00,0.6088771424789456
2018-05-20 23:39:00,0.5706010860938591
2018-05-20 23:42:00,0.5925095668081326
2018-05-20 23:45:00,0.487947747510475
2018-05-20 23:48:00,0.48665066482004704
2018-05-20 23:51:00,0.49278818463562857
2018-05-20 23:54:00,0.48390426315830837
2018-05-20 23:57:00,0.5759436959106097
2018-05-21 00:00:00,0.6028366776920393
2018-05-21 00:03:00,0.4566169142267995
2018-05-21 00:06:00,0.5222309056338759
2018-05-21 00:09:00,0.4810745365214757
2018-05-21 00:12:00,0.48404014771818993
2018-05-21 00:15:00,0.4900335361513726
2018-05-21 00:18:00,0.5706576621629438
2018-05-21 00:21:00,0.49411638015357084
2018-05-21 00:24:00,0.5418823748129853
2018-05-21 00:27:00,0.5223511775711813
2018-05-21 00:30:00,0.5180398909210453
2018-05-21 00:33:00,0.4379602171231909
2018-05-21 00:36:00,0.48186962652664533
2018-05-21 00:39:00,0.3644661378710339
2018-05-21 00:42:00,0.4399316768013932
2018-05-21 00:45:00,0.4086606070229095
2018-05-21 00:48:00,0.398692085783523
2018-05-21 00:51:00,0.4080295277893242
2018-05-21 00:54:00,0.5151506895259672
2018-05-21 00:57:00,0.6036691696229468
2018-05-21 01:00:00,0.3861806501880096
2018-05-21 01:03:00,0.5146519700716112
2018-05-21 01:06:00,0.4322448268380299
2018-05-21 01:09:00,0.3694810103800137
2018-05-21 01:12:00,0.4259214918760108
2018-05-21 01:15:00,0.4006714104966136
2018-05-21 01:18:00,0.5847069093600794
2018-05-21 01:21:00,0.4688432674101364
2018-05-21 01:24:00,0.5557124039194719
2018-05-21 01:27:00,0.5418498626461314
2018-05-21 01:30:00,0.5370175797496017
2018-05-21 01:33:00,0.43388992631940937
2018-05-21 01:36:00,0.5603922016356364
2018-05-21 01:39:00,0.5299219167241063
2018-05-21 01:42:00,0.49887957642476977
2018-05-21 01:45:00,0.6231911725687951
2018-05-21 01:48:00,0.4539810309237282
2018-05-21 01:51:00,0.3956671656596882
2018-05-21 01:54:00,0.5377962975310311
2018-05-21 01:57:00,0.6011543590815904
2018-05-21 02:00:00,0.5278412755866952
2018-05-21 02:03:00,0.45264973490873217
2018-05-21 02:06:00,0.49014849546983896
2018-05-21 02:09:00,0.4356681804831055
2018-05-21 02:12:00,0.4580652947020667
2018-05-21 02:15:00,0.5569633681279811
2018-05-21 02:18:00,0.5109152879820158
2018-05-21 02:21:00,0.42611316437302094
2018-05-21 02:24:00,0.5462279153558711
2018-05-21 02:27:00,0.4203548812775466
2018-05-21 02:30:00,0.43743605853336476
2018-05-21 02:33:00,0.508399102748001
2018-05-21 02:36:00,0.5468619310402119
2018-05-21 02:39:00,0.5189269657600448
2018-05-21 02:42:00,0.46216001323813316
2018-05-21 02:45:00,0.4976372419459949
2018-05-21 02:48:00,0.508436059674807
2018-05-21 02:51:00,0.5195398052951532
2018-05-21 02:54:00,0.5388754020584088
2018-05-21 02:57:00,0.5338247955280053
2018-05-21 03:00:00,0.6219098358621977
2018-05-21 03:03:00,0.5065889944182231
2018-05-21 03:06:00,0.5086225895212806
2018-05-21 03:09:00,0.6182325988024218
2018-05-21 03:12:00,0.43291611065694724
2018-05-21 03:15:00,0.5080467602428484
2018-05-21 03:18:00,0.5316393029995652
2018-05-21 03:21:00,0.479766701682081
2018-05-21 03:24:00,0.5327909799943882
2018-05-21 03:27:00,0.5364378206282368
2018-05-21 03:30:00,0.4555474705537108
2018-05-21 03:33:00,0.5539322638960584
2018-05-21 03:36:00,0.5125522327643353
2018-05-21 03:39:00,0.6153851768288519
2018-05-21 03:42:00,0.5704408982241489
2018-05-21 03:45:00,0.6472450601270907
2018-05-21 03:48:00,0.5904229773638576
2018-05-21 03:51:00,0.45347195672007956
2018-05-21 03:54:00,0.5327111384306704
2018-05-21 03:57:00,0.572587367703079
2018-05-21 04:00:00,0.5220713982616871
2018-05-21 04:03:00,0.5510960794397874
2018-05-21 04:06:00,0.6676694681180493
2018-05-21 04:09:00,0.5292393140635454
2018-05-21 04:12:00,0.5133940727969843
2018-05-21 04:15:00,0.600716668099949
2018-05-21 04:18:00,0.5538393583481707
2018-05-21 04:21:00,0.5493420618626601
2018-05-21 04:24:00,0.49199677805069086
2018-05-21 04:27:00,0.45697089123132173
2018-05-21 04:30:00,0.5789353840658578
2018-05-21 04:33:00,0.5739016254707394
2018-05-21 04:36:00,0.5690779984366827
2018-05-21 04:39:00,0.4732403599896884
2018-05-21 04:42:00,0.669806905083874
2018-05-21 04:45:00,0.5074137480842182
2018-05-21 04:48:00,0.5188105332215969
2018-05-21 04:51:00,0.4448756726179113
2018-05-21 04:54:00,0.40434891858251376
2018-05-21 04:57:00,0.5668596834261734
2018-05-21 05:00:00,0.479579060984463
2018-05-21 05:03:00,0.5468046189557185
2018-05-21 05:06:00,0.5134682920037221
2018-05-21 05:09:00,0.4917682062792892
2018-05-21 05:12:00,0.42921594850332667
2018-05-21 05:15:00,0.5211758576206762
2018-05-21 05:18:00,0.4622712597754912
2018-05-21 05:21:00,0.4841502738412373
2018-05-21 05:24:00,0.593978054138006
2018-05-21 05:27:00,0.4601873526771101
2018-05-21 05:30:00,0.4579624520236507
2018-05-21 05:33:00,0.47354778155067834
2018-05-21 05:36:00,0.5189634556318765
2018-05-21 05:39:00,0.5145249081055567
2018-05-21 05:42:00,0.4647031546231801
2018-05-21 05:45:00,0.5503761822145634
2018-05-21 05:48:00,0.5602927567773008
2018-05-21 05:51:00,0.5220824644950426
2018-05-21 05:54:00,0.5104977112669076
2018-05-21 05:57:00,0.5070631748097298
2018-05-21 06:00:00,0.5611589844142486
2018-05-21 06:03:00,0.4865441737267133
2018-05-21 06:06:00,0.5349744554444555
2018-05-21 06:09:00,0.5706175642085896
2018-05-21 06:12:00,0.543425583926421
2018-05-21 06:15:00,0.5554689734835279
2018-05-21 06:18:00,0.5459290284074427
2018-05-21 06:21:00,0.5044973521480642
2018-05-21 06:24:00,0.47517657000958025
2018-05-21 06:27:00,0.5008079249374191
2018-05-21 06:30:00,0.5353245357834453
2018-05-21 06:33:00,0.5592598089523904
2018-05-21 06:36:00,0.5286245639246658
2018-05-21 06:39:00,0.5624412074886322
2018-05-21 06:42:00,0.5392836814194766
2018-05-21 06:45:00,0.6592679993959223
2018-05-21 06:48:00,0.6147659788819055
2018-05-21 06:51:00,0.5679995393632566
2018-05-21 06:54:00,0.5208071520782482
2018-05-21 06:57:00,0.5587867154872015
2018-05-21 07:00:00,0.6191907666566863
2018-05-21 07:03:00,0.6240297797057224
2018-05-21 07:06:00,0.661204462482317
2018-05-21 07:09:00,0.577802529031942
2018-05-21 07:12:00,0.5747796276147028
2018-05-21 07:15:00,0.5840322019046766
2018-05-21 07:18:00,0.5973588340169158
2018-05-21 07:21:00,0.6634885116437204
2018-05-21 07:24:00,0.6291556466866837
2018-05-21 07:27:00,0.603384417836935
2018-05-21 07:30:00,0.4838122334087984
2018-05-21 07:33:00,0.45954127911261367
2018-05-21 07:36:00,0.4595726950612402
2018-05-21 07:39:00,0.37054224819291903
2018-05-21 07:42:00,0.46225072955513724
2018-05-21 07:45:00,0.44650476496912006
2018-05-21 07:48:00,0.4330938954689145
2018-05-21 07:51:00,0.4003863584484293
2018-05-21 07:54:00,0.5451661650403139
2018-05-21 07:57:00,0.38290536989791235
2018-05-21 08:00:00,0.412328096045826
2018-05-21 08:03:00,0.48470155800885095
2018-05-21 08:06:00,0.4715168724484329
2018-05-21 08:09:00,0.4369624932598981
2018-05-21 08:12:00,0.41669423977077713
2018-05-21 08:15:00,0.37555618827661874
2018-05-21 08:18:00,0.3735038752994342
2018-05-21 08:21:00,0.37757544889467454
2018-05-21 08:24:00,0.38467914404230896
2018-05-21 08:27:00,0.4004053750181811
2018-05-21 08:30:00,0.32796076156705567
2018-05-21 08:33:00,0.38174544693049484
2018-05-21 08:36:00,0.4746177058437411
2018-05-21 08:39:00,0.4355961187306434
2018-05-21 08:42:00,0.4373748055107285
2018-05-21 08:45:00,0.3596908163312378
2018-05-21 08:48:00,0.3532020710558754
2018-05-21 08:51:00,0.42328427025779547
2018-05-21 08:54:00,0.2896656741708057
2018-05-21 08:57:00,0.31137904945711625
2018-05-21 09:00:00,0.3872234215465369
2018-05-21 09:03:00,0.3988322349178475
2018-05-21 09:06:00,0.4165821381350838
2018-05-21 09:09:00,0.366942737634929
2018-05-21 09:12:00,0.41163827982705925
2018-05-21 09:15:00,0.3393540807330737
2018-05-21 09:18:00,0.4190292380149572
2018-05-21 09:21:00,0.3050873675597927
2018-05-21 09:24:00,0.3012203666327764
2018-05-21 09:27:00,0.21804050131373742
2018-05-21 09:30:00,0.3485672269880524
2018-05-21 09:33:00,0.24286280599153542
2018-05-21 09:36:00,0.24935489116387544
2018-05-21 09:39:00,0.149118989815463
2018-05-21 09:42:00,0.13613961274154462
2018-05-21 09:45:00,0.26206005049976966
2018-05-21 09:48:00,0.17728799024183672
2018-05-21 09:51:00,0.16988237130078687
2018-05-21 09:54:00,0.24982953061834223
2018-05-21 09:57:00,0.25752458430497427
2018-05-21 10:00:00,0.21982045427694175
2018-05-21 10:03:00,0.1617021614478631
2018-05-21 10:06:00,0.15257962065379616
2018-05-21 10:09:00,0.20682968226407183
2018-05-21 10:12:00,0.1928314010403369
2018-05-21 10:15:00,0.1792079345477191
2018-05-21 10:18:00,0.10192656587088322
2018-05-21 10:21:00,0.2730232945260127
2018-05-21 10:24:00,0.1764097282564876
2018-05-21 10:27:00,0.1356098847710996
2018-05-21 10:30:00,0.10417191757363753
2018-05-21 10:33:00,0.11872484470262634
2018-05-21 10:36:00,0.08919778605553574
2018-05-21 10:39:00,0.21912397538801542
2018-05-21 10:42:00,0.12769788529629977
2018-05-21 10:45:00,0.14966140748617818
2018-05-21 10:48:00,0.07823426697802915
2018-05-21 10:51:00,0.11906453494134439
2018-05-21 10:54:00,0.1500793910844891
2018-05-21 10:57:00,0.10556987623112946
2018-05-21 11:00:00,0.11939305675036849
2018-05-21 11:03:00,0.07870850848325972
2018-05-21 11:06:00,0.07328187660738195
2018-05-21 11:09:00,0.1753895285520457
2018-05-21 11:12:00,0.09811851771479496
2018-05-21 11:15:00,0.07696873812972171
2018-05-21 11:18:00,0.17103332298989926
2018-05-21 11:21:00,0.16016125022702
2018-05-21 11:24:00,0.19625755416080892
2018-05-21 11:27:00,0.2376428314183272
2018-05-21 11:30:00,0.303134302117428
2018-05-21 11:33:00,0.3775860823692483
2018-05-21 11:36:00,0.3895122263211874
2018-05-21 11:39:00,0.4683418397786454
2018-05-21 11:42:00,0.42227658656355516
2018-05-21 11:45:00,0.42263969997384265
2018-05-21 11:48:00,0.4923981403630364
2018-05-21 11:51:00,0.4428285619740677
2018-05-21 11:54:00,0.5011274436259328
2018-05-21 11:57:00,0.5217159699650438
2018-05-21 12:00:00,0.4974192659633445
2018-05-21 12:03:00,0.26337511210596176
2018-05-21 12:06:00,0.17957831606946684
2018-05-21 12:09:00,0.15859337831000175
2018-05-21 12:12:00,0.1528855363654884
2018-05-21 12:15:00,0.18058093019914168
2018-05-21 12:18:00,0.0057838863501729065
2018-05-21 12:21:00,0.023248938775282113
2018-05-21 12:24:00,-0.08404940818712703
2018-05-21 12:27:00,-0.017634139776589564
2018-05-21 12:30:00,0.053985893652338746
2018-05-21 12:33:00,0.1425861870682752
2018-05-21 12:36:00,0.09288416530000632
2018-05-21 12:39:00,0.06235475650743183
2018-05-21 12:42:00,0.10150925705767122
2018-05-21 12:45:00,0.10548733656605691
2018-05-21 12:48:00,0.002137614784658126
2018-05-21 12:51:00,0.04188695406315901
2018-05-21 12:54:00,0.10487021300434662
2018-05-21 12:57:00,0.020969178413793088
2018-05-21 13:00:00,0.02011501096461643
2018-05-21 13:03:00,0.12484012212513562
2018-05-21 13:06:00,0.1723673701297912
2018-05-21 13:09:00,0.1245348710344274
2018-05-21 13:12:00,0.12107294619551112
2018-05-21 13:15:00,0.1596802427218904
2018-05-21 13:18:00,0.012352629339545729
2018-05-21 13:21:00,0.2141561478595122
2018-05-21 13:24:00,0.053676142056758636
2018-05-21 13:27:00,0.0918900724135483
2018-05-21 13:30:00,0.08310883076319442
2018-05-21 13:33:00,0.31331731614699265
2018-05-21 13:36:00,0.16047845239188518
2018-05-21 13:39:00,0.19773434559715497
2018-05-21 13:42:00,0.2600564454870664
2018-05-21 13:45:00,0.2797587388492957
2018-05-21 13:48:00,0.33852130793519564
2018-05-21 13:51:00,0.3387451763581453
2018-05-21 13:54:00,0.22558835469175165
2018-05-21 13:57:00,0.1862087197594633
2018-05-21 14:00:00,0.27281563649057716
2018-05-21 14:03:00,0.3472949243299581
2018-05-21 14:06:00,0.35796106027771657
2018-05-21 14:09:00,0.214657325308508
2018-05-21 14:12:00,0.3193872346011517
2018-05-21 14:15:00,0.3069776933425601
2018-05-21 14:18:00,0.27661747780121004
2018-05-21 14:21:00,0.16633572692410326
2018-05-21 14:24:00,0.031463846908081905
2018-05-21 14:27:00,0.14207777446125647
2018-05-21 14:30:00,0.23519858720703724
2018-05-21 14:33:00,0.07504301928872792
2018-05-21 14:36:00,0.179934377959853
2018-05-21 14:39:00,0.21090193558649162
2018-05-21 14:42:00,0.2722374711443649
2018-05-21 14:45:00,0.2623567735628285
2018-05-21 14:48:00,0.3498811260226944
2018-05-21 14:51:00,0.3742357859816252
2018-05-21 14:54:00,0.31782763568747896
2018-05-21 14:57:00,0.17491671240964024
2018-05-21 15:00:00,0.14910408495950378
2018-05-21 15:03:00,0.23024034700750917
2018-05-21 15:06:00,0.20598061377472732
2018-05-21 15:09:00,0.31840161423355084
2018-05-21 15:12:00,0.21473292869194438
2018-05-21 15:15:00,0.3065159870787397
2018-05-21 15:18:00,0.14816918300243742
2018-05-21 15:21:00,0.24613168675904262
2018-05-21 15:24:00,0.19741075096300165
2018-05-21 15:27:00,0.24997886760888832
2018-05-21 15:30:00,0.20660282997681634
2018-05-21 15:33:00,0.2647578047312322
2018-05-21 15:36:00,0.16679502942713498
2018-05-21 15:39:00,0.2301025142651838
2018-05-21 15:42:00,0.1432159258611705
2018-05-21 15:45:00,0.21763808607784085
2018-05-21 15:48:00,0.1903986417928536
2018-05-21 15:51:00,0.20218488116569233
2018-05-21 15:54:00,0.16750338214779958
2018-05-21 15:57:00,0.16439917110500346
2018-05-21 16:00:00,0.14299688164538793
2018-05-21 16:03:00,0.15654469370321067
2018-05-21 16:06:00,0.19502030779023016
2018-05-21 16:09:00,0.1551932428027385
2018-05-21 16:12:00,0.21486055272282556
2018-05-21 16:15:00,0.10965523806902411
2018-05-21 16:18:00,0.19576727606198574
2018-05-21 16:21:00,0.11511570386340964
2018-05-21 16:24:00,0.14256121920709575
2018-05-21 16:27:00,0.04719721846043967
2018-05-21 16:30:00,0.10246012016762052
2018-05-21 16:33:00,0.15612216376513288
2018-05-21 16:36:00,0.09489632325272623
2018-05-21 16:39:00,0.13184360602969036
2018-05-21 16:42:00,0.16992910856635035
2018-05-21 16:45:00,0.20566824699142217
2018-05-21 16:48:00,0.06472363911251477
2018-05-21 16:51:00,0.07498575006047759
2018-05-21 16:54:00,0.025561028653385165
2018-05-21 16:57:00,0.12123371066803657
2018-05-21 17:00:00,0.11347820109756412
2018-05-21 17:03:00,0.11918099876595534
2018-05-21 17:06:00,0.08516109306867747
2018-05-21 17:09:00,0.036717933572731454
2018-05-21 17:12:00,0.08415790933173639
2018-05-21 17:15:00,0.1314709098770095
2018-05-21 17:18:00,0.12610419086661295
2018-05-21 17:21:00,0.061666961775188156
2018-05-21 17:24:00,0.08642215677946297
2018-05-21 17:27:00,0.09548874233644256
2018-05-21 17:30:00,0.08964726098366782
2018-05-21 17:33:00,0.1365590474106284
2018-05-21 17:36:00,0.1042412151367671
2018-05-21 17:39:00,0.08475800316620052
2018-05-21 17:42:00,0.07158913473716666
2018-05-21 17:45:00,0.051955674084638304
2018-05-21 17:48:00,0.07506418581732532
2018-05-21 17:51:00,0.028262867770877165
2018-05-21 17:54:00,0.14025387301416004
2018-05-21 17:57:00,0.1439475334084932
2018-05-21 18:00:00,0.17429559555989727
2018-05-21 18:03:00,0.1430828709844718
2018-05-21 18:06:00,0.10609093999170227
2018-05-21 18:09:00,0.14295552846806459
2018-05-21 18:12:00,0.05056903178393668
2018-05-21 18:15:00,0.06688946777165938
2018-05-21 18:18:00,0.09323739996983704
2018-05-21 18:21:00,0.11068945028620192
2018-05-21 18:24:00,0.11012581714999214
2018-05-21 18:27:00,0.0455806257622271
2018-05-21 18:30:00,0.11830951876794416
2018-05-21 18:33:00,0.08280242250083347
2018-05-21 18:36:00,0.16003214234933694
2018-05-21 18:39:00,0.12536092777332897
2018-05-21 18:42:00,0.21557123834173808
2018-05-21 18:45:00,0.24312786597965896
2018-05-21 18:48:00,0.21055244297463105
2018-05-21 18:51:00,0.21702291710715826
2018-05-21 18:54:00,
2018-05-21 18:57:00,
2018-05-21 19:00:00,
2018-05-21 19:03:00,0.32841952474382197
2018-05-21 19:06:00,0.1972007136363345
2018-05-21 19:09:00,0.2759080306561259
2018-05-21 19:12:00,0.3819859364826925
2018-05-21 19:15:00,0.24474930168008768
2018-05-21 19:18:00,0.15757140939450665
2018-05-21 19:21:00,0.19464940038511713
2018-05-21 19:24:00,0.3106810815652352
2018-05-21 19:27:00,0.16609057193397803
2018-05-21 19:30:00,0.24889716835514264
2018-05-21 19:33:00,0.19310308723606795
2018-05-21 19:36:00,0.13964858974242134
2018-05-21 19:39:00,0.16514354027481204
2018-05-21 19:42:00,0.31518598017805743
2018-05-21 19:45:00,0.23482020731927378
2018-05-21 19:48:00,0.20561102512698426
2018-05-21 19:51:00,0.36973253422695507
2018-05-21 19:54:00,0.24168575579301432
2018-05-21 19:57:00,0.2199293100600812
2018-05-21 20:00:00,0.261778263553083
2018-05-21 20:03:00,0.24449132594440925
2018-05-21 20:06:00,0.3852533705081669
2018-05-21 20:09:00,0.4283732567106995
2018-05-21 20:12:00,0.3122284539863358
2018-05-21 20:15:00,0.2931899049791582
2018-05-21 20:18:00,0.2564865565581158
2018-05-21 20:21:00,0.32825975914624905
2018-05-21 20:24:00,0.27197550473226784
2018-05-21 20:27:00,0.22280610936547873
2018-05-21 20:30:00,0.3253501799458718
2018-05-21 20:33:00,0.26700061217519533
2018-05-21 20:36:00,0.25097574590631666
2018-05-21 20:39:00,0.17899136492621892
2018-05-21 20:42:00,0.27099752475209016
2018-05-21 20:45:00,0.3271739076438962
2018-05-21 20:48:00,0.21248316801626288
2018-05-21 20:51:00,0.3613619368555874
2018-05-21 20:54:00,0.3225895423585712
2018-05-21 20:57:00,0.22291730096338824
2018-05-21 21:00:00,0.2140153036883703
2018-05-21 21:03:00,0.3179936878017884
2018-05-21 21:06:00,0.27539350741250246
2018-05-21 21:09:00,0.30717089149430876
2018-05-21 21:12:00,0.39672652999149705
2018-05-21 21:15:00,0.30196553007010607
2018-05-21 21:18:00,0.26247115429299583
2018-05-21 21:21:00,0.33016292806627234
2018-05-21 21:24:00,0.37036351405066625
2018-05-21 21:27:00,0.26649859240194473
2018-05-21 21:30:00,0.3502378978203069
2018-05-21 21:33:00,0.360171794985888
2018-05-21 21:36:00,0.29317681674797313
2018-05-21 21:39:00,0.3663505402356577
2018-05-21 21:42:00,0.34718693976537907
2018-05-21 21:45:00,0.3036263075807142
2018-05-21 21:48:00,0.40688266941083384
2018-05-21 21:51:00,0.30404782002108277
2018-05-21 21:54:00,0.2853773165272173
2018-05-21 21:57:00,0.3180852474085327
2018-05-21 22:00:00,0.2728591458374581
2018-05-21 22:03:00,0.3345097332251612
2018-05-21 22:06:00,0.31128238916681994
2018-05-21 22:09:00,0.33844325173879497
2018-05-21 22:12:00,0.3077600622239629
2018-05-21 22:15:00,0.2949554679885864
2018-05-21 22:18:00,0.3538405768708799
2018-05-21 22:21:00,0.4294373859111147
2018-05-21 22:24:00,0.36368100762632594
2018-05-21 22:27:00,0.35844409569409663
2018-05-21 22:30:00,0.4491530092965945
2018-05-21 22:33:00,0.36893327966618017
2018-05-21 22:36:00,0.47498695665154855
2018-05-21 22:39:00,0.4078191126865818
2018-05-21 22:42:00,0.37720263324422376
2018-05-21 22:45:00,0.3085294652808557
2018-05-21 22:48:00,0.4633261671212381
2018-05-21 22:51:00,0.3961898142135283
2018-05-21 22:54:00,0.4340549275822241
2018-05-21 22:57:00,0.42325566133325765
2018-05-21 23:00:00,0.5046953475225564
2018-05-21 23:03:00,0.39554356187488793
2018-05-21 23:06:00,0.39330637563955406
2018-05-21 23:09:00,0.45635450206003725
2018-05-21 23:12:00,0.4604696100864203
2018-05-21 23:15:00,0.39791784673286656
2018-05-21 23:18:00,0.36673227154244614
2018-05-21 23:21:00,0.4965941461300645
2018-05-21 23:24:00,0.4390019646597807
2018-05-21 23:27:00,0.357116089525789
2018-05-21 23:30:00,0.40917521607133267
2018-05-21 23:33:00,0.3708814153682738
2018-05-21 23:36:00,0.46676069480639626
2018-05-21 23:39:00,0.46236189850043274
2018-05-21 23:42:00,0.42386266511374515
2018-05-21 23:45:00,0.35700102856174
2018-05-21 23:48:00,0.4650263191113595
2018-05-21 23:51:00,0.33337169428477864
2018-05-21 23:54:00,0.3629927616556188
2018-05-21 23:57:00,0.460714996356387
2018-05-22 00:00:00,0.4095863104005275
2018-05-22 00:03:00,0.40877675816045667
2018-05-22 00:06:00,0.47821533987985276
2018-05-22 00:09:00,0.35211900709856536
2018-05-22 00:12:00,0.49684644052155136
2018-05-22 00:15:00,0.49398569403371084
2018-05-22 00:18:00,0.5134081572322771
2018-05-22 00:21:00,0.4897291692941508
2018-05-22 00:24:00,0.38537382228929573
2018-05-22 00:27:00,0.496698171481853
2018-05-22 00:30:00,0.43199891845500815
2018-05-22 00:33:00,0.42937994199365903
2018-05-22 00:36:00,0.4546250844510382
2018-05-22 00:39:00,0.3972052070577661
2018-05-22 00:42:00,0.44728103841435995
2018-05-22 00:45:00,0.3925038845642348
2018-05-22 00:48:00,0.3471070179468825
2018-05-22 00:51:00,0.5092408240268469
2018-05-22 00:54:00,0.4027210465531539
2018-05-22 00:57:00,0.40486778421620784
2018-05-22 01:00:00,0.5349321753303116
2018-05-22 01:03:00,0.44409365408142776
2018-05-22 01:06:00,0.5339845042147999
2018-05-22 01:09:00,0.4863698991019305
2018-05-22 01:12:00,0.43206655788264925
2018-05-22 01:15:00,0.5907984653315452
2018-05-22 01:18:00,0.48351582581898356
2018-05-22 01:21:00,0.5156062885557162
2018-05-22 01:24:00,0.491597686350417
2018-05-22 01:27:00,0.5545484386329917
2018-05-22 01:30:00,0.5028437979155456
2018-05-22 01:33:00,0.4970906983039072
2018-05-22 01:36:00,0.5584110941757672
2018-05-22 01:39:00,0.5508075969371475
2018-05-22 01:42:00,0.47234086956490273
2018-05-22 01:45:00,0.6269925632164473
2018-05-22 01:48:00,0.49092782833133697
2018-05-22 01:51:00,0.49213436230809293
2018-05-22 01:54:00,0.6469489052829545
2018-05-22 01:57:00,0.5266711500121346
2018-05-22 02:00:00,0.6760104270383067
2018-05-22 02:03:00,0.5598402271735381
2018-05-22 02:06:00,0.5982907623712777
2018-05-22 02:09:00,0.5359539493336456
2018-05-22 02:12:00,0.5057711580885211
2018-05-22 02:15:00,0.6479140861031851
2018-05-22 02:18:00,0.46996470228873477
2018-05-22 02:21:00,0.5538532329758254
2018-05-22 02:24:00,0.5748027692955588
2018-05-22 02:27:00,0.5213191891904785
2018-05-22 02:30:00,0.5994195414696719
2018-05-22 02:33:00,0.6160981684050739
2018-05-22 02:36:00,0.6008245826232042
2018-05-22 02:39:00,0.5918872793765217
2018-05-22 02:42:00,0.5724006589996407
2018-05-22 02:45:00,0.5785607097633374
2018-05-22 02:48:00,0.5177136928354003
2018-05-22 02:51:00,0.5588777383328534
2018-05-22 02:54:00,0.5793251976763827
2018-05-22 02:57:00,0.5564147735521487
2018-05-22 03:00:00,0.6452513670697613
2018-05-22 03:03:00,0.6497034855649417
2018-05-22 03:06:00,0.45249057481913724
2018-05-22 03:09:00,0.5139508964465449
2018-05-22 03:12:00,0.5796119979216314
2018-05-22 03:15:00,0.5329980284121802
2018-05-22 03:18:00,0.6489171349888352
2018-05-22 03:21:00,0.5711980645205017
2018-05-22 03:24:00,0.5626932169397492
2018-05-22 03:27:00,0.5430928859550477
2018-05-22 03:30:00,0.5559490459764334
2018-05-22 03:33:00,0.5690802253057541
2018-05-22 03:36:00,0.5443128637963923
2018-05-22 03:39:00,0.5271635173819504
2018-05-22 03:42:00,0.5994251299088091
2018-05-22 03:45:00,0.6474806102240223
2018-05-22 03:48:00,0.4413196411545641
2018-05-22 03:51:00,0.44514184767984943
2018-05-22 03:54:00,0.555548567540427
2018-05-22 03:57:00,0.5287429940572679
2018-05-22 04:00:00,0.5512891162069309
2018-05-22 04:03:00,0.5818643273952944
2018-05-22 04:06:00,0.6713383656289693
2018-05-22 04:09:00,0.5411479805590602
2018-05-22 04:12:00,0.4699676306853462
2018-05-22 04:15:00,0.5171398161928664
2018-05-22 04:18:00,0.5541915173425878
2018-05-22 04:21:00,0.5379629734596278
2018-05-22 04:24:00,0.5637971559576158
2018-05-22 04:27:00,0.44709780829606416
2018-05-22 04:30:00,0.6240446495323226
2018-05-22 04:33:00,0.6355211889212455
2018-05-22 04:36:00,0.5393268717185151
2018-05-22 04:39:00,0.5500961386315453
2018-05-22 04:42:00,0.531515916719286
2018-05-22 04:45:00,0.46208115169133634
2018-05-22 04:48:00,0.5044676102122025
2018-05-22 04:51:00,0.5576699861992438
2018-05-22 04:54:00,0.5846471239482867
2018-05-22 04:57:00,0.5124765223198438
2018-05-22 05:00:00,0.502771740229889
2018-05-22 05:03:00,0.48741248791571934
2018-05-22 05:06:00,0.5713299993787473
2018-05-22 05:09:00,0.4588993462188
2018-05-22 05:12:00,0.5907079246352396
2018-05-22 05:15:00,0.46519465449983954
2018-05-22 05:18:00,0.5135519731514364
2018-05-22 05:21:00,0.43111694807424783
2018-05-22 05:24:00,0.49717142044045204
2018-05-22 05:27:00,0.5141618511584625
2018-05-22 05:30:00,0.5729250346914228
2018-05-22 05:33:00,0.5675064918325461
2018-05-22 05:36:00,0.540840007253621
2018-05-22 05:39:00,0.46912292866812777
2018-05-22 05:42:00,0.6627373234589413
2018-05-22 05:45:00,0.5171036916999014
2018-05-22 05:48:00,0.6488320254882751
2018-05-22 05:51:00,0.41250751063813595
2018-05-22 05:54:00,0.5561892416290561
2018-05-22 05:57:00,0.45383299459530235
2018-05-22 06:00:00,0.5068018273412918
2018-05-22 06:03:00,0.5430808476045286
2018-05-22 06:06:00,0.48788949476170274
2018-05-22 06:09:00,0.5412701984535033
2018-05-22 06:12:00,0.5960259084119457
2018-05-22 06:15:00,0.5588787367171903
2018-05-22 06:18:00,0.44078905564271054
2018-05-22 06:21:00,0.5092008752412198
2018-05-22 06:24:00,0.4475124109893045
2018-05-22 06:27:00,0.5821042394589426
2018-05-22 06:30:00,0.5826964952165099
2018-05-22 06:33:00,0.5136941709829443
2018-05-22 06:36:00,0.5267100278935004
2018-05-22 06:39:00,0.49128122945694486
2018-05-22 06:42:00,0.545754517689204
2018-05-22 06:45:00,0.5925200986559958
2018-05-22 06:48:00,0.46685773901532457
2018-05-22 06:51:00,0.5734675643739138
2018-05-22 06:54:00,0.6211422500137473
2018-05-22 06:57:00,0.5799646286156417
2018-05-22 07:00:00,0.5910951904099875
2018-05-22 07:03:00,0.5200338766277923
2018-05-22 07:06:00,0.5667551873811476
2018-05-22 07:09:00,0.6659621183533204
2018-05-22 07:12:00,0.5835916107628236
2018-05-22 07:15:00,0.580098851507671
2018-05-22 07:18:00,0.6242417995895266
2018-05-22 07:21:00,0.4809605660126408
2018-05-22 07:24:00,0.4323854124003219
2018-05-22 07:27:00,0.6175408831028335
2018-05-22 07:30:00,0.5576989283881062
2018-05-22 07:33:00,0.517675892491809
2018-05-22 07:36:00,0.5093507903376917
2018-05-22 07:39:00,0.5913352870789481
2018-05-22 07:42:00,0.49257597944364306
2018-05-22 07:45:00,0.5650930566674219
2018-05-22 07:48:00,0.44390172257470795
2018-05-22 07:51:00,0.48788470747200563
2018-05-22 07:54:00,0.5551979472110133
2018-05-22 07:57:00,0.475965229628855
2018-05-22 08:00:00,0.5480129291693174
2018-05-22 08:03:00,0.6047767017533943
2018-05-22 08:06:00,0.4603005427316589
2018-05-22 08:09:00,0.41917182282918475
2018-05-22 08:12:00,0.47103136105164367
2018-05-22 08:15:00,0.31987020038531
2018-05-22 08:18:00,0.39014985580928396
2018-05-22 08:21:00,0.45787800983731586
2018-05-22 08:24:00,0.37608506652770757
2018-05-22 08:27:00,0.4681204697369026
2018-05-22 08:30:00,0.36991318121692984
2018-05-22 08:33:00,0.36945945473132724
2018-05-22 08:36:00,0.3083445373734435
2018-05-22 08:39:00,0.4092739750439591
2018-05-22 08:42:00,0.3518726541131514
2018-05-22 08:45:00,0.3162130188453034
2018-05-22 08:48:00,0.3259733418520909
2018-05-22 08:51:00,0.2868715127192445
2018-05-22 08:54:00,0.31074140743112366
2018-05-22 08:57:00,0.3668154062536928
2018-05-22 09:00:00,0.19952994183006467
2018-05-22 09:03:00,0.34287098190662846
2018-05-22 09:06:00,0.3438398892243413
2018-05-22 09:09:00,0.3792256673400516
2018-05-22 09:12:00,0.21674219669876038
2018-05-22 09:15:00,0.36442243637696947
2018-05-22 09:18:00,0.18078696054726606
2018-05-22 09:21:00,0.2874307749071363
2018-05-22 09:24:00,0.20736195493071818
2018-05-22 09:27:00,0.217366791358927
2018-05-22 09:30:00,0.10574566594226553
2018-05-22 09:33:00,0.2637679268648867
2018-05-22 09:36:00,0.15170936731720985
2018-05-22 09:39:00,0.13976358154627633
2018-05-22 09:42:00,0.10032200567974314
2018-05-22 09:45:00,0.17350021566380747
2018-05-22 09:48:00,0.19480165409305528
2018-05-22 09:51:00,0.02710241150333559
2018-05-22 09:54:00,0.0632499296262381
2018-05-22 09:57:00,0.08172271917868557
2018-05-22 10:00:00,0.11839981448525805
2018-05-22 10:03:00,0.14650955941505117
2018-05-22 10:06:00,-0.014656307010341152
2018-05-22 10:09:00,0.10729988988629202
2018-05-22 10:12:00,0.08344346659964685
2018-05-22 10:15:00,0.08270563132361985
2018-05-22 10:18:00,0.014104726955224578
2018-05-22 10:21:00,-5.9539044798384566e-05
2018-05-22 10:24:00,-0.022633196461981697
2018-05-22 10:27:00,0.08573583203587987
2018-05-22 10:30:00,-0.03790083652171461
2018-05-22 10:33:00,-0.054177290459165306
2018-05-22 10:36:00,0.08989559920132706
2018-05-22 10:39:00,-0.011714386832181845
2018-05-22 10:42:00,-0.07453064783538821
2018-05-22 10:45:00,-0.06662880176190811
2018-05-22 10:48:00,-0.07897870127806073
2018-05-22 10:51:00,-0.09219809745110297
2018-05-22 10:54:00,-0.1627905164327217
2018-05-22 10:57:00,-0.10955241226918133
2018-05-22 11:00:00,-0.076408964075938
2018-05-22 11:03:00,-0.00816003099964746
2018-05-22 11:06:00,-0.06099041710177744
2018-05-22 11:09:00,-0.09808069576672551
2018-05-22 11:12:00,-0.024735974419172635
2018-05-22 11:15:00,-0.18941173119281984
2018-05-22 11:18:00,-0.10571112085409595
2018-05-22 11:21:00,0.0030397179785381923
2018-05-22 11:24:00,0.06090203311765663
2018-05-22 11:27:00,-0.06931383924057855
2018-05-22 11:30:00,0.07177147417098695
2018-05-22 11:33:00,-0.10321713730542115
2018-05-22 11:36:00,-0.0736652475794699
2018-05-22 11:39:00,-0.05766870548296765
2018-05-22 11:42:00,-0.03334124287380291
2018-05-22 11:45:00,-0.08025047654581385
2018-05-22 11:48:00,-0.02651917200830667
2018-05-22 11:51:00,0.0342269783425877
2018-05-22 11:54:00,-0.02983963602497397
2018-05-22 11:57:00,-0.006980475223713256
2018-05-22 12:00:00,-0.09128947051243586
2018-05-22 12:03:00,-0.030379147938276674
2018-05-22 12:06:00,-0.15322499762396546
2018-05-22 12:09:00,-0.03441510570092987
2018-05-22 12:12:00,-0.1137362280348384
2018-05-22 12:15:00,-0.013090012629334069
2018-05-22 12:18:00,-0.09275582728713516
2018-05-22 12:21:00,-0.050635490949957784
2018-05-22 12:24:00,-0.08572912671934318
2018-05-22 12:27:00,-0.08507132522174743
2018-05-22 12:30:00,-0.13483587778432593
2018-05-22 12:33:00,-0.08175020562777036
2018-05-22 12:36:00,-0.07600747749620496
2018-05-22 12:39:00,-0.09816219628964973
2018-05-22 12:42:00,-0.09908196647739942
2018-05-22 12:45:00,-0.09281637534792253
2018-05-22 12:48:00,-0.11322809338412299
2018-05-22 12:51:00,-0.062057309336296385
2018-05-22 12:54:00,0.040126187636360555
2018-05-22 12:57:00,-0.02687282858028084
2018-05-22 13:00:00,0.029804022867210733
2018-05-22 13:03:00,0.09278737547907667
2018-05-22 13:06:00,-0.03925299626280321
2018-05-22 13:09:00,0.0895225260086363
2018-05-22 13:12:00,0.22160298042331306
2018-05-22 13:15:00,0.10348524406532533
2018-05-22 13:18:00,0.18277354915579735
2018-05-22 13:21:00,0.08101413638604527
2018-05-22 13:24:00,0.16004050870060382
2018-05-22 13:27:00,0.11037168259730379
2018-05-22 13:30:00,0.09354605336159239
2018-05-22 13:33:00,0.0018976021231082996
2018-05-22 13:36:00,0.11012995694682104
2018-05-22 13:39:00,0.1123525537721548
2018-05-22 13:42:00,0.033188502897701255
2018-05-22 13:45:00,0.11661516041812092
2018-05-22 13:48:00,0.02910468311523573
2018-05-22 13:51:00,0.07368573903562492
2018-05-22 13:54:00,0.12758766484904527
2018-05-22 13:57:00,0.06285301906700624
2018-05-22 14:00:00,0.23626591762166527
2018-05-22 14:03:00,0.18318174775345142
2018-05-22 14:06:00,0.31717439442348905
2018-05-22 14:09:00,0.2616820046426369
2018-05-22 14:12:00,0.34648052425734477
2018-05-22 14:15:00,0.3022819556064178
2018-05-22 14:18:00,0.18643512986221822
2018-05-22 14:21:00,0.1554526857942733
2018-05-22 14:24:00,0.09017772195215912
2018-05-22 14:27:00,0.08120795181667972
2018-05-22 14:30:00,0.13998466402057375
2018-05-22 14:33:00,0.057681781929943554
2018-05-22 14:36:00,0.04363452278710156
2018-05-22 14:39:00,-0.11727065050934016
2018-05-22 14:42:00,-0.03327720936630385
2018-05-22 14:45:00,0.06426041165116203
2018-05-22 14:48:00,0.11497338109927568
2018-05-22 14:51:00,0.07766652460963996
2018-05-22 14:54:00,0.21407373598970025
2018-05-22 14:57:00,0.0656286862339357
2018-05-22 15:00:00,0.06110156946300549
2018-05-22 15:03:00,0.14496709290438048
2018-05-22 15:06:00,0.11081522400627364
2018-05-22 15:09:00,0.11703306944781389
2018-05-22 15:12:00,0.017031248797081844
2018-05-22 15:15:00,0.03187083564029081
2018-05-22 15:18:00,0.055631927098374945
2018-05-22 15:21:00,0.14647507750765953
2018-05-22 15:24:00,0.21289991337329184
2018-05-22 15:27:00,0.0653760180520635
2018-05-22 15:30:00,0.15569915109341537
2018-05-22 15:33:00,0.08522381336490525
2018-05-22 15:36:00,0.06518182122641747
2018-05-22 15:39:00,0.17761716177119524
2018-05-22 15:42:00,0.09268336662751153
2018-05-22 15:45:00,0.14978611502215244
2018-05-22 15:48:00,0.12400412994361432
2018-05-22 15:51:00,0.04331674029140231
2018-05-22 15:54:00,-0.1459771448387528
2018-05-22 15:57:00,-0.025037568706579805
2018-05-22 16:00:00,-0.015430917360674812
2018-05-22 16:03:00,-0.09114953194756481
2018-05-22 16:06:00,-0.02499723031985468
2018-05-22 16:09:00,-0.03435321177289552
2018-05-22 16:12:00,-0.007915484740976808
2018-05-22 16:15:00,0.0012276392613443932
2018-05-22 16:18:00,-0.033843681645294055
2018-05-22 16:21:00,0.04758220914152389
2018-05-22 16:24:00,-0.039147036743145236
2018-05-22 16:27:00,-0.036803511179641646
2018-05-22 16:30:00,0.018145965444432477
2018-05-22 16:33:00,-0.013920072378311943
2018-05-22 16:36:00,0.06896897029326965
2018-05-22 16:39:00,0.15037353270355425
2018-05-22 16:42:00,0.18736554666094207
2018-05-22 16:45:00,0.23391681624531202
2018-05-22 16:48:00,0.06780844829989974
2018-05-22 16:51:00,-0.018466206164418963
2018-05-22 16:54:00,0.07391016833889807
2018-05-22 16:57:00,-0.013179007625069517
2018-05-22 17:00:00,-0.0604447375046675
2018-05-22 17:03:00,-0.00665151531148922
2018-05-22 17:06:00,-0.008041941845249312
2018-05-22 17:09:00,0.08365025758121192
2018-05-22 17:12:00,0.0493071530488578
2018-05-22 17:15:00,-0.16508054902777758
2018-05-22 17:18:00,0.024668942774667357
2018-05-22 17:21:00,-0.08923052084463734
2018-05-22 17:24:00,0.2082781148985191
2018-05-22 17:27:00,0.23467384927170087
2018-05-22 17:30:00,0.1641764413105875
2018-05-22 17:33:00,0.09831057391903641
2018-05-22 17:36:00,0.02252374024163828
2018-05-22 17:39:00,-0.13488695601870404
2018-05-22 17:42:00,0.008750375678744149
2018-05-22 17:45:00,0.1106078496960663
2018-05-22 17:48:00,0.012722827411721482
2018-05-22 17:51:00,0.14310715870209378
2018-05-22 17:54:00,0.2012799290013163
2018-05-22 17:57:00,0.15606649561448194
2018-05-22 18:00:00,0.22851545581028176
2018-05-22 18:03:00,0.049426315643700036
2018-05-22 18:06:00,0.08804965364168993
2018-05-22 18:09:00,0.4162405045117339
2018-05-22 18:12:00,0.3446202009941999
2018-05-22 18:15:00,0.5615053969027599
2018-05-22 18:18:00,0.5499703507482536
2018-05-22 18:21:00,0.3146186387298826
2018-05-22 18:24:00,0.206944993281013
2018-05-22 18:27:00,0.23072384018348657
2018-05-22 18:30:00,0.21949739064575624
2018-05-22 18:33:00,0.43231548352980553
2018-05-22 18:36:00,0.5292395649652235
2018-05-22 18:39:00,0.589563819933062
2018-05-22 18:42:00,0.4184342738644773
2018-05-22 18:45:00,0.10776988192282033
2018-05-22 18:48:00,0.584008588252459
2018-05-22 18:51:00,0.5392956046020458
2018-05-22 18:54:00,
2018-05-22 18:57:00,
2018-05-22 19:00:00,
2018-05-22 19:03:00,0.39838917507159977
2018-05-22 19:06:00,0.4996899177015166
2018-05-22 19:09:00,0.5557979925624181
2018-05-22 19:12:00,0.3420487660976619
2018-05-22 19:15:00,0.34512871432309566
2018-05-22 19:18:00,0.4788382804683806
2018-05-22 19:21:00,0.48931435439726556
2018-05-22 19:24:00,0.41164729187187277
2018-05-22 19:27:00,0.43368572720015663
2018-05-22 19:30:00,0.40812807655146344
2018-05-22 19:33:00,0.4052569452302919
2018-05-22 19:36:00,0.4662390331247366
2018-05-22 19:39:00,0.46096779406235555
2018-05-22 19:42:00,0.5272107847743541
2018-05-22 19:45:00,0.37026757184798953
2018-05-22 19:48:00,0.5665179450699611
2018-05-22 19:51:00,0.43558859690836016
2018-05-22 19:54:00,0.49597572614811725
2018-05-22 19:57:00,0.5358110851857987
2018-05-22 20:00:00,0.4683629259130271
2018-05-22 20:03:00,0.302314994891276
2018-05-22 20:06:00,0.5729976629730231
2018-05-22 20:09:00,0.5757871561920638
2018-05-22 20:12:00,0.598069351024435
2018-05-22 20:15:00,0.547009434876486
2018-05-22 20:18:00,0.5382761519132941
2018-05-22 20:21:00,0.6638649023025209
2018-05-22 20:24:00,0.43651564946196686
2018-05-22 20:27:00,0.6080014863652536
2018-05-22 20:30:00,0.6006207394466969
2018-05-22 20:33:00,0.6460839472903217
2018-05-22 20:36:00,0.5398408472200344
2018-05-22 20:39:00,0.500765243063654
2018-05-22 20:42:00,0.39872960453215
2018-05-22 20:45:00,0.26284537983394785
2018-05-22 20:48:00,0.3099814022855867
2018-05-22 20:51:00,0.4073043545961923
2018-05-22 20:54:00,0.3121088430829104
2018-05-22 20:57:00,0.3201304977108066
2018-05-22 21:00:00,0.3941361074291194
2018-05-22 21:03:00,0.48335483702982174
2018-05-22 21:06:00,0.3797522208479336
2018-05-22 21:09:00,0.41412679793819507
2018-05-22 21:12:00,0.480259209348219
2018-05-22 21:15:00,0.47289931746985303
2018-05-22 21:18:00,0.4779238384675182
2018-05-22 21:21:00,0.5117164224413955
2018-05-22 21:24:00,0.5460148290391658
2018-05-22 21:27:00,0.5467894939766325
2018-05-22 21:30:00,0.5338802357501891
2018-05-22 21:33:00,0.5257177683176337
2018-05-22 21:36:00,0.4454350705844945
2018-05-22 21:39:00,0.45443130771826645
2018-05-22 21:42:00,0.48510591846178386
2018-05-22 21:45:00,0.6082576729079392
2018-05-22 21:48:00,0.580197250802371
2018-05-22 21:51:00,0.43759356279497297
2018-05-22 21:54:00,0.39401915875390614
2018-05-22 21:57:00,0.3676147655603472
2018-05-22 22:00:00,0.27340320800300333
2018-05-22 22:03:00,0.42620377414277755
2018-05-22 22:06:00,0.4487946048832896
2018-05-22 22:09:00,0.34776349381229466
2018-05-22 22:12:00,0.3362023253746429
2018-05-22 22:15:00,0.4077113592830983
2018-05-22 22:18:00,0.4256004655510992
2018-05-22 22:21:00,0.36984231248334254
2018-05-22 22:24:00,0.29652208079778575
2018-05-22 22:27:00,0.27400039342171567
2018-05-22 22:30:00,0.3914909053421525
2018-05-22 22:33:00,0.3373292656284548
2018-05-22 22:36:00,0.3795586062659595
2018-05-22 22:39:00,0.4475355697195482
2018-05-22 22:42:00,0.4157065616250293
2018-05-22 22:45:00,0.32614148177339075
2018-05-22 22:48:00,0.5124077447331956
2018-05-22 22:51:00,0.4215953001379944
2018-05-22 22:54:00,0.41335341425394745
2018-05-22 22:57:00,0.39108945557637753
2018-05-22 23:00:00,0.340089016928971
2018-05-22 23:03:00,0.5451936986480064
2018-05-22 23:06:00,0.3774409281481894
2018-05-22 23:09:00,0.49958213665365747
2018-05-22 23:12:00,0.5107721956731552
2018-05-22 23:15:00,0.4440266490597651
2018-05-22 23:18:00,0.4164579171844025
2018-05-22 23:21:00,0.3763781272055553
2018-05-22 23:24:00,0.39360592901061864
2018-05-22 23:27:00,0.40226516625102704
2018-05-22 23:30:00,0.43662968814845726
2018-05-22 23:33:00,0.4051052593715099
2018-05-22 23:36:00,0.3919007799290739
2018-05-22 23:39:00,0.3996088368138544
2018-05-22 23:42:00,0.3631874890095901
2018-05-22 23:45:00,0.3026369616461011
2018-05-22 23:48:00,0.3594003766455103
2018-05-22 23:51:00,0.37689286138163425
2018-05-22 23:54:00,0.2916006624451484
2018-05-22 23:57:00,0.37417689289060263
2018-05-23 00:00:00,0.35581064994477174
2018-05-23 00:03:00,0.4514474280955483
2018-05-23 00:06:00,0.3184636234143454
2018-05-23 00:09:00,0.33708170235684065
2018-05-23 00:12:00,0.3952775716967949
2018-05-23 00:15:00,0.34435256730341735
2018-05-23 00:18:00,0.3870827685149152
2018-05-23 00:21:00,0.5169017782321816
2018-05-23 00:24:00,0.3120134210689116
2018-05-23 00:27:00,0.4415776434313443
2018-05-23 00:30:00,0.5058494835447505
2018-05-23 00:33:00,0.3853024944755248
2018-05-23 00:36:00,0.4122183994476245
2018-05-23 00:39:00,0.44527692097364024
2018-05-23 00:42:00,0.3913687937461532
2018-05-23 00:45:00,0.46972603293136217
2018-05-23 00:48:00,0.3946932568017587
2018-05-23 00:51:00,0.45307976307168474
2018-05-23 00:54:00,0.3674053889203037
2018-05-23 00:57:00,0.42603481056937653
2018-05-23 01:00:00,0.3402975823386214
2018-05-23 01:03:00,0.4548700466238529
2018-05-23 01:06:00,0.42039813456091224
2018-05-23 01:09:00,0.36671182278416836
2018-05-23 01:12:00,0.49994919562971063
2018-05-23 01:15:00,0.42237206574253605
2018-05-23 01:18:00,0.34214629050291023
2018-05-23 01:21:00,0.35906999397940353
2018-05-23 01:24:00,0.4021573290115157
2018-05-23 01:27:00,0.36137967864431175
2018-05-23 01:30:00,0.2760131801046555
2018-05-23 01:33:00,0.4264374697772837
2018-05-23 01:36:00,0.37637269967018483
2018-05-23 01:39:00,0.511339010191648
2018-05-23 01:42:00,0.302793055454913
2018-05-23 01:45:00,0.43629876617643504
2018-05-23 01:48:00,0.23471525002429416
2018-05-23 01:51:00,0.2882582272977743
2018-05-23 01:54:00,0.44039381657802323
2018-05-23 01:57:00,0.45276107106468544
2018-05-23 02:00:00,0.34243970137680435
2018-05-23 02:03:00,0.32144448659994396
2018-05-23 02:06:00,0.35655719060946467
2018-05-23 02:09:00,0.3831944949175181
2018-05-23 02:12:00,0.4175885805685766
2018-05-23 02:15:00,0.3493697274426495
2018-05-23 02:18:00,0.42523815931537
2018-05-23 02:21:00,0.4939108385820532
2018-05-23 02:24:00,0.47736314925191436
2018-05-23 02:27:00,0.49962646393908017
2018-05-23 02:30:00,0.5224159004847024
2018-05-23 02:33:00,0.3801032295646678
2018-05-23 02:36:00,0.44299925858865663
2018-05-23 02:39:00,0.34880912093842653
2018-05-23 02:42:00,0.37963457553865965
2018-05-23 02:45:00,0.3373117307069151
2018-05-23 02:48:00,0.3140556514123318
2018-05-23 02:51:00,0.4162205283394087
2018-05-23 02:54:00,0.3186892485376802
2018-05-23 02:57:00,0.4569428012074468
2018-05-23 03:00:00,0.5370716424591251
2018-05-23 03:03:00,0.468166723156628
2018-05-23 03:06:00,0.5203412032507231
2018-05-23 03:09:00,0.5419715249022374
2018-05-23 03:12:00,0.5518769794455807
2018-05-23 03:15:00,0.570718093694552
2018-05-23 03:18:00,0.4127874273255543
2018-05-23 03:21:00,0.5764301082667771
2018-05-23 03:24:00,0.5248296358777225
2018-05-23 03:27:00,0.47578013465061986
2018-05-23 03:30:00,0.5073545997420865
2018-05-23 03:33:00,0.5360051469139648
2018-05-23 03:36:00,0.5716266898946287
2018-05-23 03:39:00,0.5912290810173886
2018-05-23 03:42:00,0.671190053762075
2018-05-23 03:45:00,0.690798581884053
2018-05-23 03:48:00,0.6650507087496749
2018-05-23 03:51:00,0.75414628416803
2018-05-23 03:54:00,0.6242833237660648
2018-05-23 03:57:00,0.7307767999688508
2018-05-23 04:00:00,0.7144743343503137
2018-05-23 04:03:00,0.68409026388656
2018-05-23 04:06:00,0.7062091245718989
2018-05-23 04:09:00,0.7251010255617416
2018-05-23 04:12:00,0.9104608270743029
2018-05-23 04:15:00,0.7813573727704011
2018-05-23 04:18:00,0.7055634422221146
2018-05-23 04:21:00,0.5765946754206652
2018-05-23 04:24:00,0.6124918541292459
2018-05-23 04:27:00,0.4631871091790458
2018-05-23 04:30:00,0.4483268945310783
2018-05-23 04:33:00,0.5145275707421888
2018-05-23 04:36:00,0.4858827134313515
2018-05-23 04:39:00,0.5533598731694269
2018-05-23 04:42:00,0.44581699250045403
2018-05-23 04:45:00,0.4384826910057882
2018-05-23 04:48:00,0.5561091813519283
2018-05-23 04:51:00,0.4547529676672184
2018-05-23 04:54:00,0.5455688122006563
2018-05-23 04:57:00,0.4845717358412571
2018-05-23 05:00:00,0.5089566425015732
2018-05-23 05:03:00,0.4899447960485759
2018-05-23 05:06:00,0.4995387863843348
2018-05-23 05:09:00,0.5672396011129877
2018-05-23 05:12:00,0.6015441391275544
2018-05-23 05:15:00,0.5855435699762097
2018-05-23 05:18:00,0.5742596468330134
2018-05-23 05:21:00,0.6019626404963105
2018-05-23 05:24:00,0.512924706517083
2018-05-23 05:27:00,0.5703775649125191
2018-05-23 05:30:00,0.48080741396881876
2018-05-23 05:33:00,0.524410465769563
2018-05-23 05:36:00,0.5398023556863336
2018-05-23 05:39:00,0.551226066659467
2018-05-23 05:42:00,0.5113987821703176
2018-05-23 05:45:00,0.49200258397547714
2018-05-23 05:48:00,0.5407676052227544
2018-05-23 05:51:00,0.4208781438200617
2018-05-23 05:54:00,0.4441364297791779
2018-05-23 05:57:00,0.5134289108485746
2018-05-23 06:00:00,0.4038249682666901
2018-05-23 06:03:00,0.5132540806685597
2018-05-23 06:06:00,0.5891604185794677
2018-05-23 06:09:00,0.557078188429557
2018-05-23 06:12:00,0.5444347996810848
2018-05-23 06:15:00,0.635538761801854
2018-05-23 06:18:00,0.5524410776498598
2018-05-23 06:21:00,0.5883013186765993
2018-05-23 06:24:00,0.4838492463881039
2018-05-23 06:27:00,0.5563701348155519
2018-05-23 06:30:00,0.5252354768165901
2018-05-23 06:33:00,0.46924792965148754
2018-05-23 06:36:00,0.5580037068758088
2018-05-23 06:39:00,0.5677890329124011
2018-05-23 06:42:00,0.5144843018223355
2018-05-23 06:45:00,0.464871514743038
2018-05-23 06:48:00,0.6023630105819961
2018-05-23 06:51:00,0.5569325481324086
2018-05-23 06:54:00,0.5317959387700739
2018-05-23 06:57:00,0.5262944259565074
2018-05-23 07:00:00,0.5140465036997739
2018-05-23 07:03:00,0.41186707698108194
2018-05-23 07:06:00,0.4632126202789095
2018-05-23 07:09:00,0.4321956727798124
2018-05-23 07:12:00,0.5110915781174867
2018-05-23 07:15:00,0.5261750193979537
2018-05-23 07:18:00,0.4756930027720614
2018-05-23 07:21:00,0.5424032776489298
2018-05-23 07:24:00,0.3986270633649269
2018-05-23 07:27:00,0.46464365952232356
2018-05-23 07:30:00,0.5415376256295872
2018-05-23 07:33:00,0.4970085287449706
2018-05-23 07:36:00,0.3823261856342697
2018-05-23 07:39:00,0.4904839664469023
2018-05-23 07:42:00,0.46949096153815617
2018-05-23 07:45:00,0.5000351010249346
2018-05-23 07:48:00,0.382401410219984
2018-05-23 07:51:00,0.4561594422622761
2018-05-23 07:54:00,0.4400988948576696
2018-05-23 07:57:00,0.4649340932406858
2018-05-23 08:00:00,0.6086302586932675
2018-05-23 08:03:00,0.5289246721386007
2018-05-23 08:06:00,0.5399624300869732
2018-05-23 08:09:00,0.42735414539760086
2018-05-23 08:12:00,0.439440563208052
2018-05-23 08:15:00,0.49967584542628174
2018-05-23 08:18:00,0.41996877085324513
2018-05-23 08:21:00,0.4691279519395266
2018-05-23 08:24:00,0.4237794653531637
2018-05-23 08:27:00,0.3890764739239785
2018-05-23 08:30:00,0.4365980695131384
2018-05-23 08:33:00,0.47106127024875377
2018-05-23 08:36:00,0.3663214232954033
2018-05-23 08:39:00,0.34086653656964927
2018-05-23 08:42:00,0.32875127256551195
2018-05-23 08:45:00,0.44372730710665564
2018-05-23 08:48:00,0.3464951874264557
2018-05-23 08:51:00,0.31075643975646017
2018-05-23 08:54:00,0.41778699649222517
2018-05-23 08:57:00,0.3474685983586596
2018-05-23 09:00:00,0.38833652408465014
2018-05-23 09:03:00,0.38481931370813527
2018-05-23 09:06:00,0.22423517914955937
2018-05-23 09:09:00,0.40741290620326254
2018-05-23 09:12:00,0.34002588599878436
2018-05-23 09:15:00,0.25470947919245646
2018-05-23 09:18:00,0.3542609638124077
2018-05-23 09:21:00,0.2755119349079109
2018-05-23 09:24:00,0.26157398564578216
2018-05-23 09:27:00,0.32807431425402456
2018-05-23 09:30:00,0.26931299694086874
2018-05-23 09:33:00,0.3487604099337318
2018-05-23 09:36:00,0.30111674382737874
2018-05-23 09:39:00,0.18390277237392638
2018-05-23 09:42:00,0.15195434896804727
2018-05-23 09:45:00,0.18478719375110586
2018-05-23 09:48:00,0.19360811501195485
2018-05-23 09:51:00,0.18335504238126532
2018-05-23 09:54:00,0.1817013280293054
2018-05-23 09:57:00,0.16226056843578363
2018-05-23 10:00:00,0.17103589594216828
2018-05-23 10:03:00,0.19844569324573058
2018-05-23 10:06:00,0.2921903410475011
2018-05-23 10:09:00,0.12729084499846977
2018-05-23 10:12:00,0.17676602759678417
2018-05-23 10:15:00,0.11851801149117591
2018-05-23 10:18:00,0.17748203680707775
2018-05-23 10:21:00,0.1271811491143353
2018-05-23 10:24:00,0.09879512088309639
2018-05-23 10:27:00,0.16275191447851967
2018-05-23 10:30:00,0.0029834998892965814
2018-05-23 10:33:00,0.17214790024200965
2018-05-23 10:36:00,0.1744235550914368
2018-05-23 10:39:00,0.08884747129513926
2018-05-23 10:42:00,0.17067482580671367
2018-05-23 10:45:00,0.14347206108618593
2018-05-23 10:48:00,0.20269328316805968
2018-05-23 10:51:00,0.045712437954534835
2018-05-23 10:54:00,-0.03348339904994191
2018-05-23 10:57:00,-0.019846280755473344
2018-05-23 11:00:00,-0.05139529757019545
2018-05-23 11:03:00,0.004048134876995846
2018-05-23 11:06:00,0.02249881469731463
2018-05-23 11:09:00,-0.06096152039407343
2018-05-23 11:12:00,-0.028063254264452553
2018-05-23 11:15:00,0.03358365835998711
2018-05-23 11:18:00,-0.11259271673412741
2018-05-23 11:21:00,-0.08944471499023621
2018-05-23 11:24:00,-0.11394914251661703
2018-05-23 11:27:00,-0.10476665612287661
2018-05-23 11:30:00,0.017903458840407893
2018-05-23 11:33:00,0.01931645803875881
2018-05-23 11:36:00,0.012587471443737286
2018-05-23 11:39:00,0.025683149886845058
2018-05-23 11:42:00,-0.01834397634348761
2018-05-23 11:45:00,-0.14288074593372357
2018-05-23 11:48:00,0.09798132373549606
2018-05-23 11:51:00,0.04854594563119008
2018-05-23 11:54:00,0.028719265590893883
2018-05-23 11:57:00,-0.0740647682788449
2018-05-23 12:00:00,-0.010329811809128842
2018-05-23 12:03:00,0.02623464658904595
2018-05-23 12:06:00,-0.042870170678213526
2018-05-23 12:09:00,-0.07207856228802711
2018-05-23 12:12:00,-0.0257982939260728
2018-05-23 12:15:00,-0.08662028964738511
2018-05-23 12:18:00,-0.004344405615540836
2018-05-23 12:21:00,0.1034643333347276
2018-05-23 12:24:00,0.11341843980437716
2018-05-23 12:27:00,-0.0012342637842266413
2018-05-23 12:30:00,0.031997802900605166
2018-05-23 12:33:00,0.0715777017101118
2018-05-23 12:36:00,-0.07860886392433031
2018-05-23 12:39:00,-0.00797660859456073
2018-05-23 12:42:00,-0.03773325341290956
2018-05-23 12:45:00,0.03214571492117102
2018-05-23 12:48:00,0.15964545729815427
2018-05-23 12:51:00,-0.13468502816317596
2018-05-23 12:54:00,-0.05287218139574179
2018-05-23 12:57:00,0.01756868379447951
2018-05-23 13:00:00,-0.11272625937937164
2018-05-23 13:03:00,-0.039510964437909024
2018-05-23 13:06:00,0.0004400769320227482
2018-05-23 13:09:00,-0.06303573663075213
2018-05-23 13:12:00,-0.03494003276773583
2018-05-23 13:15:00,-0.014646148974009066
2018-05-23 13:18:00,-0.10472782422414184
2018-05-23 13:21:00,0.04011576416320395
2018-05-23 13:24:00,-0.09001524174112774
2018-05-23 13:27:00,-0.02436900615674631
2018-05-23 13:30:00,-0.13205634556481982
2018-05-23 13:33:00,-0.03165294001053098
2018-05-23 13:36:00,0.07619972697568755
2018-05-23 13:39:00,0.029529208471217316
2018-05-23 13:42:00,-0.08759972310031117
2018-05-23 13:45:00,-0.07710342921711799
2018-05-23 13:48:00,-0.1082220711156765
2018-05-23 13:51:00,-0.23384162557670152
2018-05-23 13:54:00,-0.05449292199057254
2018-05-23 13:57:00,-0.11744710948318016
2018-05-23 14:00:00,-0.2818921295230439
2018-05-23 14:03:00,-0.15122537352311838
2018-05-23 14:06:00,-0.07413354509827741
2018-05-23 14:09:00,-0.08163564225543496
2018-05-23 14:12:00,-0.026356705423097537
2018-05-23 14:15:00,-0.2567453500410579
2018-05-23 14:18:00,
2018-05-23 14:21:00,0.6663390426470528
2018-05-23 14:24:00,0.534824919895641
2018-05-23 14:27:00,0.46259513536506347
2018-05-23 14:30:00,0.5102356683258336
2018-05-23 14:33:00,0.09228339993552481
2018-05-23 14:36:00,0.08111599441474482
2018-05-23 14:39:00,0.06489093580978533
2018-05-23 14:42:00,0.10751650108352351
2018-05-23 14:45:00,
2018-05-23 14:48:00,
2018-05-23 14:51:00,
2018-05-23 14:54:00,
2018-05-23 14:57:00,
2018-05-23 15:00:00,
2018-05-23 15:03:00,
2018-05-23 15:06:00,1.137357925008473
2018-05-23 15:09:00,0.068547065292762
2018-05-23 15:12:00,0.07630937210279853
2018-05-23 15:15:00,0.07586182748985948
2018-05-23 15:18:00,0.03140613177470186
2018-05-23 15:21:00,-0.012654341876839226
2018-05-23 15:24:00,0.010192585392360343
2018-05-23 15:27:00,0.24069062015348663
2018-05-23 15:30:00,0.05893271928567856
2018-05-23 15:33:00,0.034671719750122065
2018-05-23 15:36:00,-0.16634011388720182
2018-05-23 15:39:00,0.1436554927881275
2018-05-23 15:42:00,-0.19728897699826575
2018-05-23 15:45:00,-0.5695689256487526
2018-05-23 15:48:00,-0.6987582917934674
2018-05-23 15:51:00,
2018-05-23 15:54:00,-0.28326350871520845
2018-05-23 15:57:00,0.1776472620365439
2018-05-23 16:00:00,0.03462279353311715
2018-05-23 16:03:00,0.05383702316328254
2018-05-23 16:06:00,-0.19047720931558842
2018-05-23 16:09:00,-0.1206693608624505
2018-05-23 16:12:00,
2018-05-23 16:15:00,
2018-05-23 16:18:00,
2018-05-23 16:21:00,
2018-05-23 16:24:00,
2018-05-23 16:27:00,
2018-05-23 16:30:00,
2018-05-23 16:33:00,
2018-05-23 16:36:00,
2018-05-23 16:39:00,
2018-05-23 16:42:00,
2018-05-23 16:45:00,
2018-05-23 16:48:00,
2018-05-23 16:51:00,
2018-05-23 16:54:00,
2018-05-23 16:57:00,
2018-05-23 17:00:00,-0.14577547225985654
2018-05-23 17:03:00,-0.044821403273545
2018-05-23 17:06:00,-0.17994934317272282
2018-05-23 17:09:00,-0.1259123631850798
2018-05-23 17:12:00,-0.07849268623164107
2018-05-23 17:15:00,-0.087663692130036
2018-05-23 17:18:00,-0.11856135815719426
2018-05-23 17:21:00,-0.09529895080993356
2018-05-23 17:24:00,-0.17531739965545512
2018-05-23 17:27:00,-0.22923658188273066
2018-05-23 17:30:00,-0.13007329349221664
2018-05-23 17:33:00,-0.17402760869515532
2018-05-23 17:36:00,-0.1358649895084909
2018-05-23 17:39:00,-0.13770998453679795
2018-05-23 17:42:00,-0.17067139129113684
2018-05-23 17:45:00,-0.24519765662455484
2018-05-23 17:48:00,-0.21046115176022795
2018-05-23 17:51:00,-0.2430397309896648
2018-05-23 17:54:00,-0.0368355045517319
2018-05-23 17:57:00,-0.09050098526876127
2018-05-23 18:00:00,-0.1455735520868302
2018-05-23 18:03:00,-0.1441573600754964
2018-05-23 18:06:00,-0.08620640043062622
2018-05-23 18:09:00,-0.026190115880524445
2018-05-23 18:12:00,-0.14599360429770059
2018-05-23 18:15:00,0.011543138321314927
2018-05-23 18:18:00,0.07998091456704515
2018-05-23 18:21:00,0.2678806061917953
2018-05-23 18:24:00,0.21628752695676212
2018-05-23 18:27:00,0.1393714344151249
2018-05-23 18:30:00,0.04456254323736175
2018-05-23 18:33:00,-0.0362384134021454
2018-05-23 18:36:00,-0.05443344413771456
2018-05-23 18:39:00,0.020716004458279258
2018-05-23 18:42:00,0.013207588183206553
2018-05-23 18:45:00,0.09217636256477135
2018-05-23 18:48:00,0.08741084749652828
2018-05-23 18:51:00,0.2207357012042621
2018-05-23 18:54:00,
2018-05-23 18:57:00,
2018-05-23 19:00:00,
2018-05-23 19:03:00,0.13504209181104443
2018-05-23 19:06:00,0.1264129744949969
2018-05-23 19:09:00,0.14310634450617954
2018-05-23 19:12:00,0.11975878552937047
2018-05-23 19:15:00,0.032673121913546765
2018-05-23 19:18:00,0.13987261934568096
2018-05-23 19:21:00,0.11304492968332625
2018-05-23 19:24:00,0.11023424455800068
2018-05-23 19:27:00,0.06649252695058294
2018-05-23 19:30:00,0.08164218948058988
2018-05-23 19:33:00,0.05228269498854843
2018-05-23 19:36:00,0.09401407767012415
2018-05-23 19:39:00,0.05452360697643144
2018-05-23 19:42:00,0.05497970220511661
2018-05-23 19:45:00,0.07882149410778538
2018-05-23 19:48:00,0.06867954507202967
2018-05-23 19:51:00,0.1019867271074304
2018-05-23 19:54:00,0.06348852105310243
2018-05-23 19:57:00,0.044001934413472554
2018-05-23 20:00:00,0.08273586442436454
2018-05-23 20:03:00,0.048514524978941154
2018-05-23 20:06:00,-0.021312522526784505
2018-05-23 20:09:00,0.16245127475065146
2018-05-23 20:12:00,0.12509025497337234
2018-05-23 20:15:00,0.090897026122434
2018-05-23 20:18:00,0.17195634936530269
2018-05-23 20:21:00,0.16284948725001414
2018-05-23 20:24:00,0.2153489571537648
2018-05-23 20:27:00,0.1220294658908756
2018-05-23 20:30:00,0.1739208172299982
2018-05-23 20:33:00,0.09510153396735177
2018-05-23 20:36:00,0.11245748620626728
2018-05-23 20:39:00,0.3655662335357306
2018-05-23 20:42:00,0.21243956898365468
2018-05-23 20:45:00,0.19789188245124478
2018-05-23 20:48:00,0.20768160916389888
2018-05-23 20:51:00,0.24673328960312801
2018-05-23 20:54:00,0.3039871428562151
2018-05-23 20:57:00,0.19765255409339488
2018-05-23 21:00:00,0.2024255332456164
2018-05-23 21:03:00,0.2088805306217978
2018-05-23 21:06:00,0.22806894498654628
2018-05-23 21:09:00,0.17470568079323812
2018-05-23 21:12:00,0.28401244883417576
2018-05-23 21:15:00,0.2031151629192891
2018-05-23 21:18:00,0.24470700522533662
2018-05-23 21:21:00,0.22521828791911958
2018-05-23 21:24:00,0.23644174677116325
2018-05-23 21:27:00,0.35451889557486993
2018-05-23 21:30:00,0.31948766401802686
2018-05-23 21:33:00,0.32960565982767775
2018-05-23 21:36:00,0.39064903562314157
2018-05-23 21:39:00,0.3604564612788863
2018-05-23 21:42:00,0.3628348458042865
2018-05-23 21:45:00,0.3116321353784315
2018-05-23 21:48:00,0.3573495762389598
2018-05-23 21:51:00,0.2846124297997221
2018-05-23 21:54:00,0.3407854059906299
2018-05-23 21:57:00,0.24467360346534406
2018-05-23 22:00:00,0.2781663276705899
2018-05-23 22:03:00,0.2713269235354119
2018-05-23 22:06:00,0.33760547072699865
2018-05-23 22:09:00,0.28835987742860425
2018-05-23 22:12:00,0.38717228153382166
2018-05-23 22:15:00,0.29982960986978924
2018-05-23 22:18:00,0.33967579827407235
2018-05-23 22:21:00,0.2883340092836306
2018-05-23 22:24:00,0.44637409455253874
2018-05-23 22:27:00,0.1963419741305188
2018-05-23 22:30:00,0.39254271586594314
2018-05-23 22:33:00,0.35936745443848395
2018-05-23 22:36:00,0.39108044119683427
2018-05-23 22:39:00,0.4071309946276074
2018-05-23 22:42:00,0.39068229739859817
2018-05-23 22:45:00,0.3924064190909462
2018-05-23 22:48:00,0.3597881973500989
2018-05-23 22:51:00,0.5114501770127049
2018-05-23 22:54:00,0.4344145148119196
2018-05-23 22:57:00,0.3739928536764978
2018-05-23 23:00:00,0.3819431597559628
2018-05-23 23:03:00,0.42865870811647255
2018-05-23 23:06:00,0.28233354317779913
2018-05-23 23:09:00,0.33218751001271585
2018-05-23 23:12:00,0.43771677932892317
2018-05-23 23:15:00,0.37708626491036057
2018-05-23 23:18:00,0.30443124377489994
2018-05-23 23:21:00,0.36093342174621057
2018-05-23 23:24:00,0.3572574135138211
2018-05-23 23:27:00,0.32454228044122146
2018-05-23 23:30:00,0.4298755749549059
2018-05-23 23:33:00,0.41218513171241966
2018-05-23 23:36:00,0.3438236417574103
2018-05-23 23:39:00,0.2839765886982377
2018-05-23 23:42:00,0.41243474857759566
2018-05-23 23:45:00,0.3388692359322931
2018-05-23 23:48:00,0.4204402873458548
2018-05-23 23:51:00,0.3853324528166695
2018-05-23 23:54:00,0.4333720281055662
2018-05-23 23:57:00,0.40290301185893895
2018-05-24 00:00:00,0.38230644611644493
2018-05-24 00:03:00,0.35328345311899056
2018-05-24 00:06:00,0.29460047525145683
2018-05-24 00:09:00,0.330259138560848
2018-05-24 00:12:00,0.22903772778357734
2018-05-24 00:15:00,0.33281864134397665
2018-05-24 00:18:00,0.32221177313152793
2018-05-24 00:21:00,0.3045698791178779
2018-05-24 00:24:00,0.36702601261771406
2018-05-24 00:27:00,0.5168113811535591
2018-05-24 00:30:00,0.35374669760597044
2018-05-24 00:33:00,0.41860651604565646
2018-05-24 00:36:00,0.3880051953499901
2018-05-24 00:39:00,0.34221977870129194
2018-05-24 00:42:00,0.35111785248466276
2018-05-24 00:45:00,0.3908334673946001
2018-05-24 00:48:00,0.4487446382832445
2018-05-24 00:51:00,0.3733861529175897
2018-05-24 00:54:00,0.36478401795477566
2018-05-24 00:57:00,0.38200138226625313
2018-05-24 01:00:00,0.4048621160882817
2018-05-24 01:03:00,0.40556399360946216
2018-05-24 01:06:00,0.37974396218811535
2018-05-24 01:09:00,0.42491432319150135
2018-05-24 01:12:00,0.5168953395572657
2018-05-24 01:15:00,0.39621323794517593
2018-05-24 01:18:00,0.3431446049477813
2018-05-24 01:21:00,0.3380574166063752
2018-05-24 01:24:00,0.3933376345269721
2018-05-24 01:27:00,0.3975488591522094
2018-05-24 01:30:00,0.40870847073443883
2018-05-24 01:33:00,0.36733294203145306
2018-05-24 01:36:00,0.3766317760222364
2018-05-24 01:39:00,0.4526197143949844
2018-05-24 01:42:00,0.42668906443930155
2018-05-24 01:45:00,0.3611290441909887
2018-05-24 01:48:00,0.3879044921538366
2018-05-24 01:51:00,0.42856709627920964
2018-05-24 01:54:00,0.4299852358328735
2018-05-24 01:57:00,0.4369464940615444
2018-05-24 02:00:00,0.42958303945943044
2018-05-24 02:03:00,0.274221159578417
2018-05-24 02:06:00,0.33108602777656415
2018-05-24 02:09:00,0.37502401169746236
2018-05-24 02:12:00,0.45145557179046136
2018-05-24 02:15:00,0.3733984816753946
2018-05-24 02:18:00,0.34395419511395176
2018-05-24 02:21:00,0.5124500393597486
2018-05-24 02:24:00,0.44154605092057864
2018-05-24 02:27:00,0.4305994214777229
2018-05-24 02:30:00,0.47920511287514955
2018-05-24 02:33:00,0.3941432919359613
2018-05-24 02:36:00,0.41146386209715047
2018-05-24 02:39:00,0.4760577662586343
2018-05-24 02:42:00,0.45453256897707206
2018-05-24 02:45:00,0.30907412585185057
2018-05-24 02:48:00,0.47847179646561244
2018-05-24 02:51:00,0.40519697783861375
2018-05-24 02:54:00,0.5074082378157527
2018-05-24 02:57:00,0.5292505740312095
2018-05-24 03:00:00,0.4759357353154883
2018-05-24 03:03:00,0.525891537191626
2018-05-24 03:06:00,0.45687779447035837
2018-05-24 03:09:00,0.44493717127431864
2018-05-24 03:12:00,0.4086442442211933
2018-05-24 03:15:00,0.40096433445290813
2018-05-24 03:18:00,0.44599083084017366
2018-05-24 03:21:00,0.42695567562441283
2018-05-24 03:24:00,0.3401244614211123
2018-05-24 03:27:00,0.4243260212743962
2018-05-24 03:30:00,0.47030031991107535
2018-05-24 03:33:00,0.48635400703835785
2018-05-24 03:36:00,0.3828087598786283
2018-05-24 03:39:00,0.38012787415686944
2018-05-24 03:42:00,0.4558061028283191
2018-05-24 03:45:00,0.4262506458384223
2018-05-24 03:48:00,0.4984228393421972
2018-05-24 03:51:00,0.5114622268666267
2018-05-24 03:54:00,0.29453816133468536
2018-05-24 03:57:00,0.49953985742945406
2018-05-24 04:00:00,0.41442457421379686
2018-05-24 04:03:00,0.4474908186938933
2018-05-24 04:06:00,0.4243062627033396
2018-05-24 04:09:00,0.47893127969092575
2018-05-24 04:12:00,0.4222892306362951
2018-05-24 04:15:00,0.3854577838212663
2018-05-24 04:18:00,0.43501905654431994
2018-05-24 04:21:00,0.5235810708346094
2018-05-24 04:24:00,0.5233136329560466
2018-05-24 04:27:00,0.35652367236718874
2018-05-24 04:30:00,0.4314829054367806
2018-05-24 04:33:00,0.4482714744685268
2018-05-24 04:36:00,0.534235413771114
2018-05-24 04:39:00,0.37583516149140905
2018-05-24 04:42:00,0.4769880755214899
2018-05-24 04:45:00,0.38662647411661055
2018-05-24 04:48:00,0.4796610700844326
2018-05-24 04:51:00,0.49601721080472316
2018-05-24 04:54:00,0.43237675597049474
2018-05-24 04:57:00,0.4885366855014013
2018-05-24 05:00:00,0.487478529579505
2018-05-24 05:03:00,0.41062372497850674
2018-05-24 05:06:00,0.42409230485037597
2018-05-24 05:09:00,0.3608101287888985
2018-05-24 05:12:00,0.4325124025838818
2018-05-24 05:15:00,0.4261603361379116
2018-05-24 05:18:00,0.41241679202948944
2018-05-24 05:21:00,0.38271091018111747
2018-05-24 05:24:00,0.4730913726233439
2018-05-24 05:27:00,0.44131551469183705
2018-05-24 05:30:00,0.5862873868491647
2018-05-24 05:33:00,0.45004678427051203
2018-05-24 05:36:00,0.4176915176002467
2018-05-24 05:39:00,0.4983621965129714
2018-05-24 05:42:00,0.5372970019073477
2018-05-24 05:45:00,0.38028301355342364
2018-05-24 05:48:00,0.47779407027826437
2018-05-24 05:51:00,0.533359256077631
2018-05-24 05:54:00,0.43932795135071956
2018-05-24 05:57:00,0.47137042397616824
2018-05-24 06:00:00,0.4333401462873212
2018-05-24 06:03:00,0.34518613874655557
2018-05-24 06:06:00,0.42734315189738936
2018-05-24 06:09:00,0.45495274715574396
2018-05-24 06:12:00,0.44567973024612684
2018-05-24 06:15:00,0.47878296129255205
2018-05-24 06:18:00,0.5233710120490969
2018-05-24 06:21:00,0.4904252519801844
2018-05-24 06:24:00,0.4173275543505497
2018-05-24 06:27:00,0.3800311778535388
2018-05-24 06:30:00,0.4006093200475789
2018-05-24 06:33:00,0.42645883874922674
2018-05-24 06:36:00,0.5075697149896996
2018-05-24 06:39:00,0.5016531669567712
2018-05-24 06:42:00,0.3525106339832291
2018-05-24 06:45:00,0.4158633306548154
2018-05-24 06:48:00,0.3642549398473989
2018-05-24 06:51:00,0.4281124855939993
2018-05-24 06:54:00,0.5015521512554528
2018-05-24 06:57:00,0.476676846678572
2018-05-24 07:00:00,0.49820861734457367
2018-05-24 07:03:00,0.5037164625080663
2018-05-24 07:06:00,0.3757268404978049
2018-05-24 07:09:00,0.4335480239220715
2018-05-24 07:12:00,0.39602343135084084
2018-05-24 07:15:00,0.31530395975971715
2018-05-24 07:18:00,0.43625385582981835
2018-05-24 07:21:00,0.4073061292788225
2018-05-24 07:24:00,0.49861000371862474
2018-05-24 07:27:00,0.41822801044475
2018-05-24 07:30:00,0.41455080280320544
2018-05-24 07:33:00,0.3996403776080797
2018-05-24 07:36:00,0.36508689963551433
2018-05-24 07:39:00,0.33371300281777394
2018-05-24 07:42:00,0.39547878396399483
2018-05-24 07:45:00,0.3449869916688044
2018-05-24 07:48:00,0.3884536344757521
2018-05-24 07:51:00,0.31670132477603374
2018-05-24 07:54:00,0.4024651180580463
2018-05-24 07:57:00,0.4068427347936563
2018-05-24 08:00:00,0.3135246370666209
2018-05-24 08:03:00,0.4287021960635684
2018-05-24 08:06:00,0.46025807767222204
2018-05-24 08:09:00,0.43393623853125973
2018-05-24 08:12:00,0.4359114264414643
2018-05-24 08:15:00,0.39603955685629444
2018-05-24 08:18:00,0.47019273264612593
2018-05-24 08:21:00,0.37373282319549617
2018-05-24 08:24:00,0.2976861239386608
2018-05-24 08:27:00,0.42534209684436064
2018-05-24 08:30:00,0.29053065932805566
2018-05-24 08:33:00,0.33786259109308503
2018-05-24 08:36:00,0.34142617989095925
2018-05-24 08:39:00,0.3223740279998424
2018-05-24 08:42:00,0.2507216271154675
2018-05-24 08:45:00,0.23665446595265394
2018-05-24 08:48:00,0.340114715209495
2018-05-24 08:51:00,0.2870431386226642
2018-05-24 08:54:00,0.3415724179466224
2018-05-24 08:57:00,0.22338954120874632
2018-05-24 09:00:00,0.18249576256624778
2018-05-24 09:03:00,0.23403473791859142
2018-05-24 09:06:00,0.2524342612748569
2018-05-24 09:09:00,0.2937502344668701
2018-05-24 09:12:00,0.29505492678055134
2018-05-24 09:15:00,0.15628269570731845
2018-05-24 09:18:00,0.1610596858636768
2018-05-24 09:21:00,0.09259462327753454
2018-05-24 09:24:00,0.14969909793069291
2018-05-24 09:27:00,0.20173177982775314
2018-05-24 09:30:00,0.17832898148560616
2018-05-24 09:33:00,0.17043071692802414
2018-05-24 09:36:00,0.177861905332918
2018-05-24 09:39:00,0.04843146554833311
2018-05-24 09:42:00,0.052535255219424926
2018-05-24 09:45:00,0.1356825228957632
2018-05-24 09:48:00,0.1670217873738693
2018-05-24 09:51:00,0.11014507548634356
2018-05-24 09:54:00,0.17254407226886315
2018-05-24 09:57:00,0.14496992368526662
2018-05-24 10:00:00,0.11509728367258276
2018-05-24 10:03:00,0.12376175726399197
2018-05-24 10:06:00,0.04561966202214762
2018-05-24 10:09:00,0.12160009593088716
2018-05-24 10:12:00,0.08603317527126819
2018-05-24 10:15:00,-0.013369292742424932
2018-05-24 10:18:00,0.04358788217808751
2018-05-24 10:21:00,0.06814236402965435
2018-05-24 10:24:00,0.003187707081337976
2018-05-24 10:27:00,0.1152361540413267
2018-05-24 10:30:00,0.03539273065558746
2018-05-24 10:33:00,0.10252993365116936
2018-05-24 10:36:00,0.04985884543270913
2018-05-24 10:39:00,0.03939294416335315
2018-05-24 10:42:00,0.04282553650392629
2018-05-24 10:45:00,-0.05990964256818643
2018-05-24 10:48:00,-0.0021843899413056533
2018-05-24 10:51:00,-0.031029498999544103
2018-05-24 10:54:00,-0.207937880577731
2018-05-24 10:57:00,0.07144609146996572
2018-05-24 11:00:00,0.05046317150339519
2018-05-24 11:03:00,-0.0021869810220778163
2018-05-24 11:06:00,-0.15370049079905357
2018-05-24 11:09:00,-0.051897150430249894
2018-05-24 11:12:00,-0.09179376176768983
2018-05-24 11:15:00,-0.12102113068294784
2018-05-24 11:18:00,0.02530933847668848
2018-05-24 11:21:00,-0.10593256398180984
2018-05-24 11:24:00,-0.16163369629754243
2018-05-24 11:27:00,0.005342607836951174
2018-05-24 11:30:00,-0.057164864548610694
2018-05-24 11:33:00,-0.03978955549536067
2018-05-24 11:36:00,-0.1728882560578313
2018-05-24 11:39:00,-0.08326853087629615
2018-05-24 11:42:00,-0.15357841658646976
2018-05-24 11:45:00,-0.097511242184396
2018-05-24 11:48:00,-0.1312754904362805
2018-05-24 11:51:00,-0.21575067284499028
2018-05-24 11:54:00,-0.1767248249357749
2018-05-24 11:57:00,-0.16306264975719387
2018-05-24 12:00:00,-0.11421253991215963
2018-05-24 12:03:00,-0.15202293804082956
2018-05-24 12:06:00,-0.1946322008686252
2018-05-24 12:09:00,-0.1683375358764465
2018-05-24 12:12:00,-0.2889822224114482
2018-05-24 12:15:00,-0.3361936147653637
2018-05-24 12:18:00,-0.26593571571805796
2018-05-24 12:21:00,-0.21414765265825508
2018-05-24 12:24:00,-0.175570673896857
2018-05-24 12:27:00,-0.18228101074100778
2018-05-24 12:30:00,-0.18953488879623137
2018-05-24 12:33:00,-0.18268246439919267
2018-05-24 12:36:00,-0.16074975544194103
2018-05-24 12:39:00,-0.14048990261682093
2018-05-24 12:42:00,-0.12899887272322985
2018-05-24 12:45:00,-0.3195070502486601
2018-05-24 12:48:00,-0.26886264158952144
2018-05-24 12:51:00,-0.0964625350702022
2018-05-24 12:54:00,-0.1757348633808533
2018-05-24 12:57:00,-0.29365085166602967
2018-05-24 13:00:00,-0.166517926147435
2018-05-24 13:03:00,-0.17473442317094623
2018-05-24 13:06:00,-0.2868975107206211
2018-05-24 13:09:00,-0.19438454082097678
2018-05-24 13:12:00,-0.2234124620738953
2018-05-24 13:15:00,-0.1002216278535002
2018-05-24 13:18:00,-0.22831875979721872
2018-05-24 13:21:00,-0.23436675821039898
2018-05-24 13:24:00,-0.3008964677281938
2018-05-24 13:27:00,-0.19342840481681378
2018-05-24 13:30:00,-0.12076987711026277
2018-05-24 13:33:00,-0.24203405728451344
2018-05-24 13:36:00,-0.1269446567914656
2018-05-24 13:39:00,-0.24868853147637537
2018-05-24 13:42:00,-0.3055436691061004
2018-05-24 13:45:00,-0.14093712948948678
2018-05-24 13:48:00,-0.13937888185006386
2018-05-24 13:51:00,-0.24744146410967005
2018-05-24 13:54:00,-0.3387731213031202
2018-05-24 13:57:00,-0.26486891244468325
2018-05-24 14:00:00,-0.3562941236563688
2018-05-24 14:03:00,-0.19260051187774252
2018-05-24 14:06:00,-0.21844747334353087
2018-05-24 14:09:00,-0.2554298816169762
2018-05-24 14:12:00,-0.1445612605133988
2018-05-24 14:15:00,-0.27395076241958805
2018-05-24 14:18:00,-0.2248278095849514
2018-05-24 14:21:00,-0.15223312865600747
2018-05-24 14:24:00,-0.3333108086475818
2018-05-24 14:27:00,-0.40942804689063905
2018-05-24 14:30:00,-0.24774615438536784
2018-05-24 14:33:00,-0.26476014968267236
2018-05-24 14:36:00,-0.31100679994119673
2018-05-24 14:39:00,-0.29691527334648526
2018-05-24 14:42:00,-0.16866411964252848
2018-05-24 14:45:00,-0.19313979114076574
2018-05-24 14:48:00,-0.18069102074576904
2018-05-24 14:51:00,-0.3254980872590636
2018-05-24 14:54:00,-0.31903377394422705
2018-05-24 14:57:00,-0.3787604512475582
2018-05-24 15:00:00,-0.2749268643264031
2018-05-24 15:03:00,-0.21423561700328264
2018-05-24 15:06:00,-0.1034127231322941
2018-05-24 15:09:00,-0.14185654636571599
2018-05-24 15:12:00,-0.09313905425113944
2018-05-24 15:15:00,-0.06983677068791394
2018-05-24 15:18:00,-0.0931418413603069
2018-05-24 15:21:00,-0.12676022125782538
2018-05-24 15:24:00,-0.11262781348352746
2018-05-24 15:27:00,-0.1874620500903461
2018-05-24 15:30:00,-0.20113254117450197
2018-05-24 15:33:00,-0.1717357666962016
2018-05-24 15:36:00,-0.24392571054340806
2018-05-24 15:39:00,-0.15038925734978648
2018-05-24 15:42:00,-0.16306390172718466
2018-05-24 15:45:00,-0.27415922664044956
2018-05-24 15:48:00,-0.2504622170351922
2018-05-24 15:51:00,-0.17834413265643434
2018-05-24 15:54:00,-0.21858604511731983
2018-05-24 15:57:00,-0.21531575274462966
2018-05-24 16:00:00,-0.24196510264420112
2018-05-24 16:03:00,-0.2211427943096851
2018-05-24 16:06:00,-0.17540640381287176
2018-05-24 16:09:00,-0.10861684489412937
2018-05-24 16:12:00,-0.059514376702395566
2018-05-24 16:15:00,-0.1482534354979066
2018-05-24 16:18:00,-0.17274106567646186
2018-05-24 16:21:00,-0.19743941485387495
2018-05-24 16:24:00,-0.21112652130045717
2018-05-24 16:27:00,-0.28728492324603394
2018-05-24 16:30:00,-0.23823492167940685
2018-05-24 16:33:00,-0.2919428327517153
2018-05-24 16:36:00,-0.1877077014710835
2018-05-24 16:39:00,-0.15600980272887455
2018-05-24 16:42:00,-0.2798726571930956
2018-05-24 16:45:00,-0.16895741008988807
2018-05-24 16:48:00,-0.2765126862008742
2018-05-24 16:51:00,-0.2874703682406903
2018-05-24 16:54:00,-0.20461065585840288
2018-05-24 16:57:00,-0.23071413661898532
2018-05-24 17:00:00,-0.15845572292653287
2018-05-24 17:03:00,-0.05607363938429444
2018-05-24 17:06:00,-0.018351805532461185
2018-05-24 17:09:00,-0.11132367819828914
2018-05-24 17:12:00,-0.0573348527041162
2018-05-24 17:15:00,-0.07436207599022282
2018-05-24 17:18:00,0.06967015700445245
2018-05-24 17:21:00,-0.13680791011250903
2018-05-24 17:24:00,-0.0994220741433196
2018-05-24 17:27:00,-0.1477550317389955
2018-05-24 17:30:00,-0.056521378190041105
2018-05-24 17:33:00,-0.04524499274498339
2018-05-24 17:36:00,-0.10390924413400171
2018-05-24 17:39:00,-0.10380576282949505
2018-05-24 17:42:00,-0.10981262754700083
2018-05-24 17:45:00,-0.10475267823312606
2018-05-24 17:48:00,0.043024664408392255
2018-05-24 17:51:00,-0.061198311230953095
2018-05-24 17:54:00,0.02966996814001277
2018-05-24 17:57:00,-0.16690004218997956
2018-05-24 18:00:00,-0.15873791013797245
2018-05-24 18:03:00,-0.025063604619504076
2018-05-24 18:06:00,-0.1014705833242715
2018-05-24 18:09:00,-0.020553617958967152
2018-05-24 18:12:00,-0.03764850147143761
2018-05-24 18:15:00,0.012728045537699018
2018-05-24 18:18:00,-0.08009062250999932
2018-05-24 18:21:00,-0.008862049842946362
2018-05-24 18:24:00,-0.023087080705863627
2018-05-24 18:27:00,0.02362812462996544
2018-05-24 18:30:00,0.03042415890297434
2018-05-24 18:33:00,0.06794966232337174
2018-05-24 18:36:00,0.08529512957090901
2018-05-24 18:39:00,0.05657258137119925
2018-05-24 18:42:00,0.029026395315099762
2018-05-24 18:45:00,0.023241040672587587
2018-05-24 18:48:00,0.08286161001421988
2018-05-24 18:51:00,0.0007866102458820023
2018-05-24 18:54:00,
2018-05-24 18:57:00,
2018-05-24 19:00:00,
2018-05-24 19:03:00,0.0354662757321762
2018-05-24 19:06:00,0.030448667894347636
2018-05-24 19:09:00,0.11929391767478137
2018-05-24 19:12:00,0.1720735633744539
2018-05-24 19:15:00,0.19127109950284193
2018-05-24 19:18:00,-0.04376502567868101
2018-05-24 19:21:00,0.0044637325505050285
2018-05-24 19:24:00,0.15451054034957679
2018-05-24 19:27:00,0.25366580922553794
2018-05-24 19:30:00,-0.03326211966566461
2018-05-24 19:33:00,0.1594087611418331
2018-05-24 19:36:00,-0.01056665544928137
2018-05-24 19:39:00,0.21216571604838919
2018-05-24 19:42:00,0.15661309810843704
2018-05-24 19:45:00,0.2013693999963948
2018-05-24 19:48:00,0.1806015980181428
2018-05-24 19:51:00,0.18386281972573215
2018-05-24 19:54:00,0.0762293531916498
2018-05-24 19:57:00,0.1232959756827654
2018-05-24 20:00:00,0.12757897102540028
2018-05-24 20:03:00,0.11097704580021173
2018-05-24 20:06:00,0.2080775027339996
2018-05-24 20:09:00,0.1661015726798496
2018-05-24 20:12:00,0.14878377289977607
2018-05-24 20:15:00,0.11285333439872147
2018-05-24 20:18:00,0.09965147852517475
2018-05-24 20:21:00,0.05217104998286004
2018-05-24 20:24:00,0.19715557433374897
2018-05-24 20:27:00,0.25037897544592624
2018-05-24 20:30:00,0.13707308957452824
2018-05-24 20:33:00,0.07633461091324989
2018-05-24 20:36:00,0.09341618442107347
2018-05-24 20:39:00,0.16227564165239983
2018-05-24 20:42:00,0.14196387245181086
2018-05-24 20:45:00,0.15987845870711226
2018-05-24 20:48:00,0.10092877815316115
2018-05-24 20:51:00,0.07225512322952454
2018-05-24 20:54:00,0.09778665053994473
2018-05-24 20:57:00,0.27766006335525617
2018-05-24 21:00:00,0.1494614304052675
2018-05-24 21:03:00,0.14912481995207827
2018-05-24 21:06:00,0.1612946947338969
2018-05-24 21:09:00,0.07477318082351303
2018-05-24 21:12:00,0.17278438874626545
2018-05-24 21:15:00,0.07144434752717643
2018-05-24 21:18:00,0.09799691795024046
2018-05-24 21:21:00,0.046773369480035853
2018-05-24 21:24:00,0.16167204764616372
2018-05-24 21:27:00,0.0885594330406434
2018-05-24 21:30:00,0.14854302317746715
2018-05-24 21:33:00,0.1607361675983725
2018-05-24 21:36:00,0.12001748388388478
2018-05-24 21:39:00,0.06823800600687946
2018-05-24 21:42:00,0.12246449025474249
2018-05-24 21:45:00,0.09469425460088132
2018-05-24 21:48:00,0.11031379889044501
2018-05-24 21:51:00,0.2146259634271246
2018-05-24 21:54:00,0.02743161624732693
2018-05-24 21:57:00,-0.026299820001327134
2018-05-24 22:00:00,0.2000581209400707
2018-05-24 22:03:00,0.11215836736954543
2018-05-24 22:06:00,0.20433946379142753
2018-05-24 22:09:00,0.28279403091437416
2018-05-24 22:12:00,0.17304026998920108
2018-05-24 22:15:00,0.14587236472289078
2018-05-24 22:18:00,0.19541313992226605
2018-05-24 22:21:00,0.2749022371131673
2018-05-24 22:24:00,0.23995591788309412
2018-05-24 22:27:00,0.25131847115375194
2018-05-24 22:30:00,0.2418074248076323
2018-05-24 22:33:00,0.26734613604151036
2018-05-24 22:36:00,0.29145628579721006
2018-05-24 22:39:00,0.25569208089626727
2018-05-24 22:42:00,0.21274489988309142
2018-05-24 22:45:00,0.304453740213944
2018-05-24 22:48:00,0.2592825039719173
2018-05-24 22:51:00,0.3049964526623512
2018-05-24 22:54:00,0.28621950108146166
2018-05-24 22:57:00,0.38494864743086055
2018-05-24 23:00:00,0.33922778170665424
2018-05-24 23:03:00,0.428565716855303
2018-05-24 23:06:00,0.3253855971437929
2018-05-24 23:09:00,0.277766527652318
2018-05-24 23:12:00,0.23475662355411941
2018-05-24 23:15:00,0.15587110453782316
2018-05-24 23:18:00,0.20957786746123475
2018-05-24 23:21:00,0.2806455370778167
2018-05-24 23:24:00,0.36828992049879616
2018-05-24 23:27:00,0.28260461526377867
2018-05-24 23:30:00,0.3177105044534869
2018-05-24 23:33:00,0.20795437109512704
2018-05-24 23:36:00,0.3059951225461077
2018-05-24 23:39:00,0.43219232841858
2018-05-24 23:42:00,0.21846412531698434
2018-05-24 23:45:00,0.31607930327680833
2018-05-24 23:48:00,0.27682516407236335
2018-05-24 23:51:00,0.3422684992527252
2018-05-24 23:54:00,0.2991015199139042
2018-05-24 23:57:00,0.33740209895415774
2018-05-25 00:00:00,0.313148705235335
2018-05-25 00:03:00,0.40299474929003054
2018-05-25 00:06:00,0.3961207932212574
2018-05-25 00:09:00,0.4058458581396849
2018-05-25 00:12:00,0.2804508048478169
2018-05-25 00:15:00,0.4146438064942686
2018-05-25 00:18:00,0.3516211008360415
2018-05-25 00:21:00,0.36412497964289514
2018-05-25 00:24:00,0.32300330387693066
2018-05-25 00:27:00,0.3663580377776725
2018-05-25 00:30:00,0.3228908528744796
2018-05-25 00:33:00,0.4420061923838148
2018-05-25 00:36:00,0.40167298991343614
2018-05-25 00:39:00,0.3652886734396361
2018-05-25 00:42:00,0.3574278163803797
2018-05-25 00:45:00,0.3650816820117484
2018-05-25 00:48:00,0.3389875596541856
2018-05-25 00:51:00,0.3839187261413599
2018-05-25 00:54:00,0.4120114911647761
2018-05-25 00:57:00,0.38545309363621527
2018-05-25 01:00:00,0.274048198138928
2018-05-25 01:03:00,0.37704621307869957
2018-05-25 01:06:00,0.3655405802848577
2018-05-25 01:09:00,0.2887598053719671
2018-05-25 01:12:00,0.41755278961056774
2018-05-25 01:15:00,0.26453428450474803
2018-05-25 01:18:00,0.34888307203675595
2018-05-25 01:21:00,0.314967754897566
2018-05-25 01:24:00,0.25771851732366713
2018-05-25 01:27:00,0.3126953475014034
2018-05-25 01:30:00,0.31505103687311475
2018-05-25 01:33:00,0.2628271533475868
2018-05-25 01:36:00,0.30490467670819044
2018-05-25 01:39:00,0.3038712349043635
2018-05-25 01:42:00,0.36002940567311725
2018-05-25 01:45:00,0.33290092139742455
2018-05-25 01:48:00,0.29386928123284406
2018-05-25 01:51:00,0.36305095433459655
2018-05-25 01:54:00,0.4648381519106124
2018-05-25 01:57:00,0.3844246475114801
2018-05-25 02:00:00,0.43059780829253214
2018-05-25 02:03:00,0.36882567306128067
2018-05-25 02:06:00,0.4483298583352848
2018-05-25 02:09:00,0.36881010945256776
2018-05-25 02:12:00,0.3464679547867604
2018-05-25 02:15:00,0.3910495101432616
2018-05-25 02:18:00,0.5373023456755845
2018-05-25 02:21:00,0.2945522740606066
2018-05-25 02:24:00,0.4560878196155045
2018-05-25 02:27:00,0.4564222272325651
2018-05-25 02:30:00,0.3418035984701646
2018-05-25 02:33:00,0.3560678878326371
2018-05-25 02:36:00,0.34253980419720165
2018-05-25 02:39:00,0.4009041575141623
2018-05-25 02:42:00,0.41717191776979234
2018-05-25 02:45:00,0.4135588196710387
2018-05-25 02:48:00,0.3452399909440942
2018-05-25 02:51:00,0.4012420074157035
2018-05-25 02:54:00,0.43318721031147334
2018-05-25 02:57:00,0.3685394850262469
2018-05-25 03:00:00,0.39081606319354023
2018-05-25 03:03:00,0.34945956015155843
2018-05-25 03:06:00,0.30649996637390586
2018-05-25 03:09:00,0.426345162635414
2018-05-25 03:12:00,0.3683629329794371
2018-05-25 03:15:00,0.3483924817811044
2018-05-25 03:18:00,0.4558061654320227
2018-05-25 03:21:00,0.44909161583365176
2018-05-25 03:24:00,0.5609938778210903
2018-05-25 03:27:00,0.5149981422881638
2018-05-25 03:30:00,0.37572530132331394
2018-05-25 03:33:00,0.5264994487241097
2018-05-25 03:36:00,0.5508949095315643
2018-05-25 03:39:00,0.5475592055070706
2018-05-25 03:42:00,0.47283823756993115
2018-05-25 03:45:00,0.4574884752536832
2018-05-25 03:48:00,0.5123692918230631
2018-05-25 03:51:00,0.5282409178387866
2018-05-25 03:54:00,0.5779445904269096
2018-05-25 03:57:00,0.4498092870476853
2018-05-25 04:00:00,0.5189719155603711
2018-05-25 04:03:00,0.4244152798845562
2018-05-25 04:06:00,0.48693446988454525
2018-05-25 04:09:00,0.519592211082454
2018-05-25 04:12:00,0.5223100783776999
2018-05-25 04:15:00,0.3605460733995187
2018-05-25 04:18:00,0.5145287429553491
2018-05-25 04:21:00,0.49443750298337363
2018-05-25 04:24:00,0.43357338415728464
2018-05-25 04:27:00,0.44633326765352876
2018-05-25 04:30:00,0.4004100704859752
2018-05-25 04:33:00,0.5452135251904906
2018-05-25 04:36:00,0.5518095792448889
2018-05-25 04:39:00,0.4996387532007702
2018-05-25 04:42:00,0.41687407517179054
2018-05-25 04:45:00,0.5218603828539017
2018-05-25 04:48:00,0.4039901394785943
2018-05-25 04:51:00,0.4963558330580895
2018-05-25 04:54:00,0.40937747156601745
2018-05-25 04:57:00,0.6371808868598237
2018-05-25 05:00:00,0.4763380657136054
2018-05-25 05:03:00,0.46694946501236245
2018-05-25 05:06:00,0.4861889368986567
2018-05-25 05:09:00,0.47789770864596903
2018-05-25 05:12:00,0.5341975857533043
2018-05-25 05:15:00,0.49063586135781634
2018-05-25 05:18:00,0.46681760245184023
2018-05-25 05:21:00,0.47702057419508037
2018-05-25 05:24:00,0.5309021351273486
2018-05-25 05:27:00,0.509196712785581
2018-05-25 05:30:00,0.4473641390463854
2018-05-25 05:33:00,0.5084614673335182
2018-05-25 05:36:00,0.5364225794850768
2018-05-25 05:39:00,0.42455458765869025
2018-05-25 05:42:00,0.3951013338416942
2018-05-25 05:45:00,0.47558910433514257
2018-05-25 05:48:00,0.5249140564059758
2018-05-25 05:51:00,0.4875724859244315
2018-05-25 05:54:00,0.5309928090475182
2018-05-25 05:57:00,0.46980181060729365
2018-05-25 06:00:00,0.3541819883040489
2018-05-25 06:03:00,0.6079342771466827
2018-05-25 06:06:00,0.5074100257418195
2018-05-25 06:09:00,0.40357967359278746
2018-05-25 06:12:00,0.39724574081913033
2018-05-25 06:15:00,0.4640585086211786
2018-05-25 06:18:00,0.5540694267996287
2018-05-25 06:21:00,0.4610923236494955
2018-05-25 06:24:00,0.5122605159818363
2018-05-25 06:27:00,0.5389374820161947
2018-05-25 06:30:00,0.5597972577479595
2018-05-25 06:33:00,0.5439714692138296
2018-05-25 06:36:00,0.5014011497715387
2018-05-25 06:39:00,0.5155089733371483
2018-05-25 06:42:00,0.5845325078601036
2018-05-25 06:45:00,0.5446273419208865
2018-05-25 06:48:00,0.6069989413440453
2018-05-25 06:51:00,0.4490019186698646
2018-05-25 06:54:00,0.5947813278303329
2018-05-25 06:57:00,0.6144119082878206
2018-05-25 07:00:00,0.5322874696958024
2018-05-25 07:03:00,0.47863387156530735
2018-05-25 07:06:00,0.48454790201151354
2018-05-25 07:09:00,0.517837973915789
2018-05-25 07:12:00,0.4771146527518795
2018-05-25 07:15:00,0.4978681050302498
2018-05-25 07:18:00,0.5880571273727355
2018-05-25 07:21:00,0.5361541526784777
2018-05-25 07:24:00,0.5001951039471351
2018-05-25 07:27:00,0.49433544526010564
2018-05-25 07:30:00,0.5403535279871221
2018-05-25 07:33:00,0.49686502677610633
2018-05-25 07:36:00,0.5568468213969595
2018-05-25 07:39:00,0.323168441784901
2018-05-25 07:42:00,0.46382459662396514
2018-05-25 07:45:00,0.4587328872705143
2018-05-25 07:48:00,0.5110466803504892
2018-05-25 07:51:00,0.44396252153563864
2018-05-25 07:54:00,0.4477689884378151
2018-05-25 07:57:00,0.3564303498656045
2018-05-25 08:00:00,0.5502682958820628
2018-05-25 08:03:00,0.39214384860980545
2018-05-25 08:06:00,0.48624367481085073
2018-05-25 08:09:00,0.4462975290814484
2018-05-25 08:12:00,0.37108067364408726
2018-05-25 08:15:00,0.5123144948572076
2018-05-25 08:18:00,0.4034502078559399
2018-05-25 08:21:00,0.48013726911784715
2018-05-25 08:24:00,0.3633152407640523
2018-05-25 08:27:00,0.4207526990712154
2018-05-25 08:30:00,0.3670757259997117
2018-05-25 08:33:00,0.3508812764054028
2018-05-25 08:36:00,0.3970955741490343
2018-05-25 08:39:00,0.3470956304540209
2018-05-25 08:42:00,0.4745272738153403
2018-05-25 08:45:00,0.38434048629221707
2018-05-25 08:48:00,0.3359648213815376
2018-05-25 08:51:00,0.433173463711114
2018-05-25 08:54:00,0.3283878509533338
2018-05-25 08:57:00,0.2871198294580495
2018-05-25 09:00:00,0.28934565239217136
2018-05-25 09:03:00,0.307869069024548
2018-05-25 09:06:00,0.29083179097830225
2018-05-25 09:09:00,0.3071652446710118
2018-05-25 09:12:00,0.2572551509832124
2018-05-25 09:15:00,0.28868401542735
2018-05-25 09:18:00,0.3201833946112629
2018-05-25 09:21:00,0.2730674977865988
2018-05-25 09:24:00,0.2989361061133309
2018-05-25 09:27:00,0.26197965793522826
2018-05-25 09:30:00,0.33183020047249556
2018-05-25 09:33:00,0.2958353092776633
2018-05-25 09:36:00,0.24272325230100478
2018-05-25 09:39:00,0.20398016389327722
2018-05-25 09:42:00,0.2935015348604679
2018-05-25 09:45:00,0.23713114344366204
2018-05-25 09:48:00,0.27182256329916754
2018-05-25 09:51:00,0.33287223482238915
2018-05-25 09:54:00,0.14945734576616587
2018-05-25 09:57:00,0.24105764410950314
2018-05-25 10:00:00,0.30484262308834786
2018-05-25 10:03:00,0.23356736771899023
2018-05-25 10:06:00,0.12162443263252953
2018-05-25 10:09:00,0.19957041281708143
2018-05-25 10:12:00,0.1699973646369699
2018-05-25 10:15:00,0.13906160701208137
2018-05-25 10:18:00,0.11576738035438439
2018-05-25 10:21:00,0.11505717623856526
2018-05-25 10:24:00,0.07093613280846967
2018-05-25 10:27:00,0.16133230451418967
2018-05-25 10:30:00,0.12493860730018014
2018-05-25 10:33:00,0.10017489186867579
2018-05-25 10:36:00,0.12147576385029879
2018-05-25 10:39:00,0.12310297201230469
2018-05-25 10:42:00,0.06844948414658347
2018-05-25 10:45:00,0.006230788826542266
2018-05-25 10:48:00,-0.0394591631898038
2018-05-25 10:51:00,-0.03156421978803792
2018-05-25 10:54:00,-0.002749818649476765
2018-05-25 10:57:00,-0.0931338880933481
2018-05-25 11:00:00,-0.05952438369831725
2018-05-25 11:03:00,-0.12134316993285665
2018-05-25 11:06:00,-0.13177406968367222
2018-05-25 11:09:00,-0.18368282389337764
2018-05-25 11:12:00,-0.15708811016804702
2018-05-25 11:15:00,-0.2053573348239297
2018-05-25 11:18:00,-0.10312250405581835
2018-05-25 11:21:00,-0.041498311682232725
2018-05-25 11:24:00,-0.16627443723996294
2018-05-25 11:27:00,-0.12137613859960084
2018-05-25 11:30:00,-0.13535469163826974
2018-05-25 11:33:00,-0.21904258995078862
2018-05-25 11:36:00,-0.2377312555342428
2018-05-25 11:39:00,-0.20912824874557145
2018-05-25 11:42:00,-0.2687954682785971
2018-05-25 11:45:00,-0.20564300790414336
2018-05-25 11:48:00,-0.28429186888592994
2018-05-25 11:51:00,-0.25878997903157597
2018-05-25 11:54:00,-0.20322865676848778
2018-05-25 11:57:00,-0.3246541200255706
2018-05-25 12:00:00,-0.3342045966024898
2018-05-25 12:03:00,-0.30933346941714035
2018-05-25 12:06:00,-0.21195847533880396
2018-05-25 12:09:00,-0.29971897626467126
2018-05-25 12:12:00,-0.1783753375546553
2018-05-25 12:15:00,-0.27176062147589164
2018-05-25 12:18:00,-0.2913495407123037
2018-05-25 12:21:00,-0.30305677647481843
2018-05-25 12:24:00,-0.23254225756517144
2018-05-25 12:27:00,-0.25253390293488565
2018-05-25 12:30:00,-0.22411301792539007
2018-05-25 12:33:00,-0.35980120493098866
2018-05-25 12:36:00,-0.39868563123610556
2018-05-25 12:39:00,-0.35044070911192193
2018-05-25 12:42:00,-0.2970384556665522
2018-05-25 12:45:00,-0.3859394910936089
2018-05-25 12:48:00,-0.28260870079884626
2018-05-25 12:51:00,-0.37479571048447724
2018-05-25 12:54:00,-0.2557966173213231
2018-05-25 12:57:00,-0.2497051207558343
2018-05-25 13:00:00,-0.3177580267619078
2018-05-25 13:03:00,-0.22748850615352012
2018-05-25 13:06:00,-0.27868929703294043
2018-05-25 13:09:00,-0.18172517365570684
2018-05-25 13:12:00,-0.263095576388821
2018-05-25 13:15:00,-0.17128609201148493
2018-05-25 13:18:00,-0.23505951481729426
2018-05-25 13:21:00,-0.3159505694855511
2018-05-25 13:24:00,-0.20568109374039523
2018-05-25 13:27:00,-0.3227650159658424
2018-05-25 13:30:00,-0.2862191729336132
2018-05-25 13:33:00,-0.29345408943038365
2018-05-25 13:36:00,-0.2919328247091926
2018-05-25 13:39:00,-0.219793208172689
2018-05-25 13:42:00,-0.08564978973925008
2018-05-25 13:45:00,-0.17208814029748964
2018-05-25 13:48:00,0.07002824264310448
2018-05-25 13:51:00,-0.0808422536392186
2018-05-25 13:54:00,-0.20155047714479224
2018-05-25 13:57:00,-0.1180097793629784
2018-05-25 14:00:00,0.018005261998098376
2018-05-25 14:03:00,0.017356948529140936
2018-05-25 14:06:00,-0.12814851265159177
2018-05-25 14:09:00,-0.21444110483656686
2018-05-25 14:12:00,-0.18264862454810782
2018-05-25 14:15:00,-0.04677767696460933
2018-05-25 14:18:00,-0.07623120023282581
2018-05-25 14:21:00,-0.15205428841574076
2018-05-25 14:24:00,-0.07703114112877074
2018-05-25 14:27:00,-0.09241928401951327
2018-05-25 14:30:00,-0.322578646262059
2018-05-25 14:33:00,-0.30202126572828547
2018-05-25 14:36:00,-0.3635227551233129
2018-05-25 14:39:00,-0.38569052868984954
2018-05-25 14:42:00,-0.38964876516411096
2018-05-25 14:45:00,-0.22746253901891578
2018-05-25 14:48:00,-0.4801112328404429
2018-05-25 14:51:00,-0.20336232409511013
2018-05-25 14:54:00,-0.1892761634272233
2018-05-25 14:57:00,-0.30788782202364473
2018-05-25 15:00:00,-0.4062762150027197
2018-05-25 15:03:00,-0.286406754756797
2018-05-25 15:06:00,-0.28402484119391147
2018-05-25 15:09:00,-0.2954701335332288
2018-05-25 15:12:00,-0.276427840938652
2018-05-25 15:15:00,-0.2687948061779366
2018-05-25 15:18:00,-0.35806085226312234
2018-05-25 15:21:00,-0.43846005877304606
2018-05-25 15:24:00,-0.37177833667715277
2018-05-25 15:27:00,-0.3811365694822939
2018-05-25 15:30:00,-0.3309519163415757
2018-05-25 15:33:00,-0.30206396500466326
2018-05-25 15:36:00,-0.07957251032195245
2018-05-25 15:39:00,-0.11819033238469956
2018-05-25 15:42:00,-0.07689774993519904
2018-05-25 15:45:00,-0.15059805246193037
2018-05-25 15:48:00,-0.1615899161241714
2018-05-25 15:51:00,-0.17103726102527617
2018-05-25 15:54:00,-0.3884934640229858
2018-05-25 15:57:00,-0.5145048587381211
2018-05-25 16:00:00,-0.31614512519371374
2018-05-25 16:03:00,-0.3408854594087529
2018-05-25 16:06:00,-0.41929554330005203
2018-05-25 16:09:00,-0.3599199318235833
2018-05-25 16:12:00,-0.36367996162908867
2018-05-25 16:15:00,-0.3273198219242772
2018-05-25 16:18:00,-0.28205190411244985
2018-05-25 16:21:00,-0.23097399182671552
2018-05-25 16:24:00,-0.3641569019732742
2018-05-25 16:27:00,-0.3193921921920264
2018-05-25 16:30:00,-0.3001793554480514
2018-05-25 16:33:00,-0.23055677639410987
2018-05-25 16:36:00,-0.2910861532291733
2018-05-25 16:39:00,-0.2575248476116485
2018-05-25 16:42:00,-0.20017118401477774
2018-05-25 16:45:00,-0.2607630785314541
2018-05-25 16:48:00,-0.12801143948814797
2018-05-25 16:51:00,-0.13081983783376927
2018-05-25 16:54:00,-0.13377091771673122
2018-05-25 16:57:00,-0.3476873899166435
2018-05-25 17:00:00,-0.2186135251430983
2018-05-25 17:03:00,-0.2619228509953473
2018-05-25 17:06:00,-0.29905838080264857
2018-05-25 17:09:00,-0.26294921244897296
2018-05-25 17:12:00,-0.30216359858115993
2018-05-25 17:15:00,-0.22649651568434592
2018-05-25 17:18:00,-0.05065512667488292
2018-05-25 17:21:00,-0.2316349655887393
2018-05-25 17:24:00,-0.17537188544673654
2018-05-25 17:27:00,-0.16384894160870545
2018-05-25 17:30:00,-0.19991453987324803
2018-05-25 17:33:00,-0.2785727076685589
2018-05-25 17:36:00,-0.18093993894444793
2018-05-25 17:39:00,-0.16390201387196157
2018-05-25 17:42:00,-0.12866169845392506
2018-05-25 17:45:00,-0.21363895771503394
2018-05-25 17:48:00,-0.2362993527995627
2018-05-25 17:51:00,-0.05505670504760474
2018-05-25 17:54:00,-0.18701634487683805
2018-05-25 17:57:00,-0.21312028925751747
2018-05-25 18:00:00,-0.1893470888454658
2018-05-25 18:03:00,-0.1672406007836571
2018-05-25 18:06:00,-0.07133348934422656
2018-05-25 18:09:00,-0.08591252756019685
2018-05-25 18:12:00,-0.08684013127418666
2018-05-25 18:15:00,-0.06660791319160353
2018-05-25 18:18:00,0.02540438870852313
2018-05-25 18:21:00,-0.10928076824194477
2018-05-25 18:24:00,-0.023492940340304358
2018-05-25 18:27:00,0.06745767621418963
2018-05-25 18:30:00,-0.07872156744815584
2018-05-25 18:33:00,-0.08868386828964958
2018-05-25 18:36:00,-0.10627428446383647
2018-05-25 18:39:00,-0.0827563937430682
2018-05-25 18:42:00,-0.13878321787791492
2018-05-25 18:45:00,-0.09389813949786685
2018-05-25 18:48:00,0.004539698763835531
2018-05-25 18:51:00,-0.13815426090133087
2018-05-25 18:54:00,
2018-05-25 18:57:00,
2018-05-25 19:00:00,
2018-05-25 19:03:00,-0.07101039138967735
2018-05-25 19:06:00,-0.22999180878349534
2018-05-25 19:09:00,-0.0950688777292612
2018-05-25 19:12:00,-0.0006940669530308696
2018-05-25 19:15:00,-0.061513179044254684
2018-05-25 19:18:00,0.009826892378725915
2018-05-25 19:21:00,-0.08064543378787903
2018-05-25 19:24:00,0.007531850933901296
2018-05-25 19:27:00,0.05072813578993873
2018-05-25 19:30:00,0.026398441304593234
2018-05-25 19:33:00,0.05820329143085701
2018-05-25 19:36:00,0.0851294536576006
2018-05-25 19:39:00,0.029387696916160166
2018-05-25 19:42:00,0.07378692784408258
2018-05-25 19:45:00,0.12268106827485781
2018-05-25 19:48:00,0.16940577450861838
2018-05-25 19:51:00,-0.034593300314895714
2018-05-25 19:54:00,0.028173454406612564
2018-05-25 19:57:00,0.0005674271316706836
2018-05-25 20:00:00,0.08337299270164067
2018-05-25 20:03:00,0.06237009845767716
2018-05-25 20:06:00,0.11373524887937947
2018-05-25 20:09:00,0.007436099233302684
2018-05-25 20:12:00,0.03990622926210108
2018-05-25 20:15:00,0.06026190875809334
2018-05-25 20:18:00,0.17812298271297777
2018-05-25 20:21:00,0.10685394742250764
2018-05-25 20:24:00,0.12037206427089586
2018-05-25 20:27:00,0.2007017839002856
2018-05-25 20:30:00,0.1488619512760465
2018-05-25 20:33:00,0.09700696416950905
2018-05-25 20:36:00,0.010082909012339769
2018-05-25 20:39:00,0.05165046308320598
2018-05-25 20:42:00,0.048275432199375246
2018-05-25 20:45:00,-0.01863417564680958
2018-05-25 20:48:00,0.04730775025342382
2018-05-25 20:51:00,0.0438925395749834
2018-05-25 20:54:00,0.040827857730619144
2018-05-25 20:57:00,0.11133684158983215
2018-05-25 21:00:00,0.030640163465079695
2018-05-25 21:03:00,0.06347112984929026
2018-05-25 21:06:00,0.07047878320975087
2018-05-25 21:09:00,0.04824979068257562
2018-05-25 21:12:00,0.2952783129985619
2018-05-25 21:15:00,0.09572722917204146
2018-05-25 21:18:00,0.14443538449171456
2018-05-25 21:21:00,0.06514942047311933
2018-05-25 21:24:00,0.12256131399914239
2018-05-25 21:27:00,0.11311507779720387
2018-05-25 21:30:00,0.05101174165440625
2018-05-25 21:33:00,0.04034949080141814
2018-05-25 21:36:00,0.09877104339659581
2018-05-25 21:39:00,0.06667589272137775
2018-05-25 21:42:00,0.09436464237745668
2018-05-25 21:45:00,0.0792603146362012
2018-05-25 21:48:00,0.014047111140598645
2018-05-25 21:51:00,0.1463558829447038
2018-05-25 21:54:00,0.04897278672410721
2018-05-25 21:57:00,0.06891736470510068
2018-05-25 22:00:00,0.05890293611258812
2018-05-25 22:03:00,0.02312264082843285
2018-05-25 22:06:00,0.027163607226043496
2018-05-25 22:09:00,0.03169253180783471
2018-05-25 22:12:00,0.04604590570107803
2018-05-25 22:15:00,-0.015677040317029878
2018-05-25 22:18:00,0.10421838823333474
2018-05-25 22:21:00,0.09377043580968802
2018-05-25 22:24:00,0.0782135808499902
2018-05-25 22:27:00,0.1585702719723372
2018-05-25 22:30:00,0.008008530287099802
2018-05-25 22:33:00,0.09132709694563346
2018-05-25 22:36:00,0.023324288157539286
2018-05-25 22:39:00,0.08473687808390196
2018-05-25 22:42:00,0.13382427939563968
2018-05-25 22:45:00,-0.009881271301082961
2018-05-25 22:48:00,0.1206759655976839
2018-05-25 22:51:00,0.04198585367197438
2018-05-25 22:54:00,0.06976468522742607
2018-05-25 22:57:00,0.11403670868298832
2018-05-25 23:00:00,0.023952732274665323
2018-05-25 23:03:00,0.0760267363867797
2018-05-25 23:06:00,-0.024214855730974705
2018-05-25 23:09:00,0.16834770512485875
2018-05-25 23:12:00,0.06972817010478138
2018-05-25 23:15:00,-0.01655818231415651
2018-05-25 23:18:00,0.09779259353507541
2018-05-25 23:21:00,0.07000080860802882
2018-05-25 23:24:00,0.13502900323038602
2018-05-25 23:27:00,0.08010794317942782
2018-05-25 23:30:00,0.14457472297448248
2018-05-25 23:33:00,0.15303106924153553
2018-05-25 23:36:00,0.00737176062477829
2018-05-25 23:39:00,0.12707457389677757
2018-05-25 23:42:00,0.12025021546509151
2018-05-25 23:45:00,0.16605270579594844
2018-05-25 23:48:00,0.15339815719391936
2018-05-25 23:51:00,0.10283266844726313
2018-05-25 23:54:00,0.17713043309709064
2018-05-25 23:57:00,0.15934924860562205
2018-05-26 00:00:00,0.23760014739622193
2018-05-26 00:03:00,0.33943564118521863
2018-05-26 00:06:00,0.33943483589513335
2018-05-26 00:09:00,0.37293824556786603
2018-05-26 00:12:00,0.3768230180912724
2018-05-26 00:15:00,0.27655001222615283
2018-05-26 00:18:00,0.3260129851628335
2018-05-26 00:21:00,0.30407388027037996
2018-05-26 00:24:00,0.3325495018122524
2018-05-26 00:27:00,0.38185248625609347
2018-05-26 00:30:00,0.39699746545380776
2018-05-26 00:33:00,0.24848160181858248
2018-05-26 00:36:00,0.20553515215067364
2018-05-26 00:39:00,0.30777443783784975
2018-05-26 00:42:00,0.18390563821918704
2018-05-26 00:45:00,0.27094504590576207
2018-05-26 00:48:00,0.19647834741448378
2018-05-26 00:51:00,0.23634522608131192
2018-05-26 00:54:00,0.29169043407216577
2018-05-26 00:57:00,0.3050879154027939
2018-05-26 01:00:00,0.24455249792549694
2018-05-26 01:03:00,0.28522862444549446
2018-05-26 01:06:00,0.22167172698527793
2018-05-26 01:09:00,0.39126869156814337
2018-05-26 01:12:00,0.31602211029934324
2018-05-26 01:15:00,0.2921905837998793
2018-05-26 01:18:00,0.31212513567720634
2018-05-26 01:21:00,0.4556421708423386
2018-05-26 01:24:00,0.22023042916316626
2018-05-26 01:27:00,0.35577994051340056
2018-05-26 01:30:00,0.27127983360657026
2018-05-26 01:33:00,0.32966167572601535
2018-05-26 01:36:00,0.31718968547522763
2018-05-26 01:39:00,0.3219700298994326
2018-05-26 01:42:00,0.30606202131940563
2018-05-26 01:45:00,0.42210862165836716
2018-05-26 01:48:00,0.2756843410537613
2018-05-26 01:51:00,0.36888954286308717
2018-05-26 01:54:00,0.3093290092346024
2018-05-26 01:57:00,0.3477873062751655
2018-05-26 02:00:00,0.3061174334914085
2018-05-26 02:03:00,0.353320705849967
2018-05-26 02:06:00,0.3661766028544662
2018-05-26 02:09:00,0.37975799276239286
2018-05-26 02:12:00,0.3603743329754252
2018-05-26 02:15:00,0.43957849398407234
2018-05-26 02:18:00,0.3412315017278047
2018-05-26 02:21:00,0.3036698333516483
2018-05-26 02:24:00,0.39732807140211435
2018-05-26 02:27:00,0.2212942473706221
2018-05-26 02:30:00,0.2845354488472367
2018-05-26 02:33:00,0.44837556300461756
2018-05-26 02:36:00,0.4326147985264015
2018-05-26 02:39:00,0.31476149171299994
2018-05-26 02:42:00,0.3868717826672423
2018-05-26 02:45:00,0.2873211462244285
2018-05-26 02:48:00,0.46211115275121983
2018-05-26 02:51:00,0.3781812700851219
2018-05-26 02:54:00,0.30149759865292936
2018-05-26 02:57:00,0.39860951404898515
2018-05-26 03:00:00,0.33757683638776825
2018-05-26 03:03:00,0.3504099244587451
2018-05-26 03:06:00,0.3575958303881066
2018-05-26 03:09:00,0.36429841945397357
2018-05-26 03:12:00,0.41006441492271506
2018-05-26 03:15:00,0.34574948043973563
2018-05-26 03:18:00,0.4393292919099281
2018-05-26 03:21:00,0.34670931371306324
2018-05-26 03:24:00,0.40795543367335085
2018-05-26 03:27:00,0.32357844560158355
2018-05-26 03:30:00,0.4202691038591979
2018-05-26 03:33:00,0.3529745857168791
2018-05-26 03:36:00,0.37902869569688846
2018-05-26 03:39:00,0.5048158296374368
2018-05-26 03:42:00,0.5208390532101816
2018-05-26 03:45:00,0.4353999895713514
2018-05-26 03:48:00,0.4673098188034146
2018-05-26 03:51:00,0.43705670511843664
2018-05-26 03:54:00,0.5663906553998004
2018-05-26 03:57:00,0.5265342231252248
2018-05-26 04:00:00,0.4430728166709059
2018-05-26 04:03:00,0.4625253948215686
2018-05-26 04:06:00,0.39015440158544834
2018-05-26 04:09:00,0.551520554113722
2018-05-26 04:12:00,0.43930518128570384
2018-05-26 04:15:00,0.534593918407495
2018-05-26 04:18:00,0.5157063311982597
2018-05-26 04:21:00,0.53830354548586
2018-05-26 04:24:00,0.48296255492061846
2018-05-26 04:27:00,0.46433165057936776
2018-05-26 04:30:00,0.415220887743601
2018-05-26 04:33:00,0.40990636691884674
2018-05-26 04:36:00,0.44906818710688867
2018-05-26 04:39:00,0.45134089276098166
2018-05-26 04:42:00,0.40256892908263353
2018-05-26 04:45:00,0.44869775231831
2018-05-26 04:48:00,0.329354113241493
2018-05-26 04:51:00,0.42128102307600557
2018-05-26 04:54:00,0.4317717553519742
2018-05-26 04:57:00,0.4357506611989379
2018-05-26 05:00:00,0.3314180956964492
2018-05-26 05:03:00,0.37983445589503617
2018-05-26 05:06:00,0.5230811588702977
2018-05-26 05:09:00,0.49088839490224245
2018-05-26 05:12:00,0.5143943615207149
2018-05-26 05:15:00,0.49400431848988546
2018-05-26 05:18:00,0.4382563797196326
2018-05-26 05:21:00,0.5146001209898827
2018-05-26 05:24:00,0.5310359827647062
2018-05-26 05:27:00,0.4169352766803627
2018-05-26 05:30:00,0.44439725108719585
2018-05-26 05:33:00,0.4341416056930143
2018-05-26 05:36:00,0.4794701646073918
2018-05-26 05:39:00,0.5003470102471965
2018-05-26 05:42:00,0.4202189488402155
2018-05-26 05:45:00,0.3894860524691808
2018-05-26 05:48:00,0.40322114212500537
2018-05-26 05:51:00,0.45649401774937814
2018-05-26 05:54:00,0.4341498282977341
2018-05-26 05:57:00,0.4120008679648208
2018-05-26 06:00:00,0.44557872244899954
2018-05-26 06:03:00,0.33804020519653477
2018-05-26 06:06:00,0.3647136247923868
2018-05-26 06:09:00,0.3651083861980169
2018-05-26 06:12:00,0.32188625755719613
2018-05-26 06:15:00,0.33719724025030473
2018-05-26 06:18:00,0.5198219418299459
2018-05-26 06:21:00,0.4186687963803024
2018-05-26 06:24:00,0.35536594024154056
2018-05-26 06:27:00,0.43941220440012785
2018-05-26 06:30:00,0.3690229711748998
2018-05-26 06:33:00,0.4267078076970279
2018-05-26 06:36:00,0.3258776964094636
2018-05-26 06:39:00,0.3943355127930772
2018-05-26 06:42:00,0.5163343435737602
2018-05-26 06:45:00,0.4909042624007043
2018-05-26 06:48:00,0.45611863125498076
2018-05-26 06:51:00,0.4713388139012409
2018-05-26 06:54:00,0.4374182122703587
2018-05-26 06:57:00,0.47111688882273484
2018-05-26 07:00:00,0.41674075549298095
2018-05-26 07:03:00,0.375268645247786
2018-05-26 07:06:00,0.379250803796765
2018-05-26 07:09:00,0.41276448436832425
2018-05-26 07:12:00,0.48247029059160695
2018-05-26 07:15:00,0.4809618605817718
2018-05-26 07:18:00,0.43092382622324976
2018-05-26 07:21:00,0.3879461496638328
2018-05-26 07:24:00,0.4892495197307767
2018-05-26 07:27:00,0.38734308154209884
2018-05-26 07:30:00,0.4600850645133505
2018-05-26 07:33:00,0.42147251073902225
2018-05-26 07:36:00,0.4511832815084631
2018-05-26 07:39:00,0.3942386621234846
2018-05-26 07:42:00,0.4681278380672893
2018-05-26 07:45:00,0.5012320561894512
2018-05-26 07:48:00,0.3425085507634549
2018-05-26 07:51:00,0.4375311650013032
2018-05-26 07:54:00,0.3420568012975309
2018-05-26 07:57:00,0.4731952645894353
2018-05-26 08:00:00,0.3138783065649591
2018-05-26 08:03:00,0.3142572924140836
2018-05-26 08:06:00,0.3223949502841492
2018-05-26 08:09:00,0.2780207471616336
2018-05-26 08:12:00,0.32848037363697813
2018-05-26 08:15:00,0.2831212472576681
2018-05-26 08:18:00,0.2880098285064605
2018-05-26 08:21:00,0.2726181626088646
2018-05-26 08:24:00,0.2534664258046746
2018-05-26 08:27:00,0.2437338400265503
2018-05-26 08:30:00,0.3330831614820795
2018-05-26 08:33:00,0.14822238786672415
2018-05-26 08:36:00,0.2764944728762657
2018-05-26 08:39:00,0.27325552018908184
2018-05-26 08:42:00,0.21226591262183092
2018-05-26 08:45:00,0.23721006554563928
2018-05-26 08:48:00,0.20434887921464906
2018-05-26 08:51:00,0.20197419199479327
2018-05-26 08:54:00,0.204943934550613
2018-05-26 08:57:00,0.2321734038592922
2018-05-26 09:00:00,0.18808395740973083
2018-05-26 09:03:00,0.21573191921197576
2018-05-26 09:06:00,0.23346838762086009
2018-05-26 09:09:00,0.1829471363350308
2018-05-26 09:12:00,0.1966048888901355
2018-05-26 09:15:00,0.177834045579516
2018-05-26 09:18:00,0.28961388692152923
2018-05-26 09:21:00,0.08435579620680755
2018-05-26 09:24:00,0.20171510639414691
2018-05-26 09:27:00,0.05730502222979794
2018-05-26 09:30:00,0.2030405047704562
2018-05-26 09:33:00,0.20811157962725702
2018-05-26 09:36:00,0.10820938699953331
2018-05-26 09:39:00,0.29611730230357125
2018-05-26 09:42:00,0.19106650426533633
2018-05-26 09:45:00,0.09384696793091507
2018-05-26 09:48:00,0.3538512882758482
2018-05-26 09:51:00,0.19395573608238692
2018-05-26 09:54:00,0.31353452166376883
2018-05-26 09:57:00,0.1780879795175565
2018-05-26 10:00:00,0.27642544904705346
2018-05-26 10:03:00,0.2999871269925052
2018-05-26 10:06:00,0.3379455212543121
2018-05-26 10:09:00,0.29213521866847714
2018-05-26 10:12:00,0.22211292097642854
2018-05-26 10:15:00,0.22633202576423628
2018-05-26 10:18:00,0.11154740549505959
2018-05-26 10:21:00,0.1333740637984988
2018-05-26 10:24:00,0.17929598875247166
2018-05-26 10:27:00,0.14568379124619923
2018-05-26 10:30:00,0.21322606244126519
2018-05-26 10:33:00,0.2305732974426178
2018-05-26 10:36:00,0.32025204168900245
2018-05-26 10:39:00,0.15252173630642574
2018-05-26 10:42:00,0.3054682547848415
2018-05-26 10:45:00,0.2135750955588378
2018-05-26 10:48:00,0.17094730714524076
2018-05-26 10:51:00,0.20062154390262776
2018-05-26 10:54:00,0.17545952434829815
2018-05-26 10:57:00,0.1382546097632371
2018-05-26 11:00:00,0.22130141042333662
2018-05-26 11:03:00,0.36628081075491536
2018-05-26 11:06:00,0.2750829819663636
2018-05-26 11:09:00,0.3924744393741548
2018-05-26 11:12:00,0.4227881133446658
2018-05-26 11:15:00,0.4744367518371746
2018-05-26 11:18:00,0.3791517057792362
2018-05-26 11:21:00,0.43490593517697107
2018-05-26 11:24:00,0.42673348551676327
2018-05-26 11:27:00,0.4104896803806355
2018-05-26 11:30:00,0.5067588909007554
2018-05-26 11:33:00,0.33718027988140875
2018-05-26 11:36:00,0.2297414572985872
2018-05-26 11:39:00,0.35907604221608835
2018-05-26 11:42:00,0.3474282147038821
2018-05-26 11:45:00,0.45694896740076274
2018-05-26 11:48:00,0.42880789307201894
2018-05-26 11:51:00,0.5230850229880275
2018-05-26 11:54:00,0.43108264332300905
2018-05-26 11:57:00,0.5645469393443818
2018-05-26 12:00:00,0.8022225186779224
2018-05-26 12:03:00,0.8666685088864483
2018-05-26 12:06:00,0.52136110078402
2018-05-26 12:09:00,0.6776264223988164
2018-05-26 12:12:00,0.8495963153015964
2018-05-26 12:15:00,0.8017483227317825
2018-05-26 12:18:00,0.6022308994019454
2018-05-26 12:21:00,0.5283394052200379
2018-05-26 12:24:00,0.195568021432166
2018-05-26 12:27:00,0.4981074697197414
2018-05-26 12:30:00,0.5165236562500581
2018-05-26 12:33:00,0.2382147409369395
2018-05-26 12:36:00,0.3756253810317389
2018-05-26 12:39:00,0.39384726284276894
2018-05-26 12:42:00,0.36191562003529043
2018-05-26 12:45:00,0.3750124943770743
2018-05-26 12:48:00,0.5479065922418727
2018-05-26 12:51:00,0.7768328253371806
2018-05-26 12:54:00,0.8441248208683874
2018-05-26 12:57:00,0.823733565842133
2018-05-26 13:00:00,0.8260053789522317
2018-05-26 13:03:00,0.8681875103267771
2018-05-26 13:06:00,0.8160887593737698
2018-05-26 13:09:00,0.7687249189767726
2018-05-26 13:12:00,0.8427988245875326
2018-05-26 13:15:00,0.7170649109850729
2018-05-26 13:18:00,0.7815521456349757
2018-05-26 13:21:00,0.7582502465525636
2018-05-26 13:24:00,0.5920962139358608
2018-05-26 13:27:00,0.49785922927480897
2018-05-26 13:30:00,0.5001832806595417
2018-05-26 13:33:00,0.5862702454261353
2018-05-26 13:36:00,0.7248247131045105
2018-05-26 13:39:00,0.7947419200996251
2018-05-26 13:42:00,0.909428367013561
2018-05-26 13:45:00,0.9217526578427737
2018-05-26 13:48:00,0.9359365286615571
2018-05-26 13:51:00,0.9118194146118981
2018-05-26 13:54:00,0.8065949107141819
2018-05-26 13:57:00,0.7812838001872819
2018-05-26 14:00:00,0.8478336547638605
2018-05-26 14:03:00,0.7561696011637196
2018-05-26 14:06:00,0.6683009505882751
2018-05-26 14:09:00,0.5357219084107214
2018-05-26 14:12:00,0.46434187785951053
2018-05-26 14:15:00,0.6439935950135123
2018-05-26 14:18:00,0.8452596924386739
2018-05-26 14:21:00,0.5172854167519176
2018-05-26 14:24:00,0.6420223511231598
2018-05-26 14:27:00,0.6673238874340655
2018-05-26 14:30:00,0.6321743529525179
2018-05-26 14:33:00,0.8651034833699214
2018-05-26 14:36:00,0.5317594520820421
2018-05-26 14:39:00,0.7610459783145984
2018-05-26 14:42:00,0.5748531904371816
2018-05-26 14:45:00,0.5588581591391062
2018-05-26 14:48:00,0.2514273436491976
2018-05-26 14:51:00,0.3993296564681259
2018-05-26 14:54:00,0.4168683827854238
2018-05-26 14:57:00,0.5386909498736827
2018-05-26 15:00:00,0.7847978597283713
2018-05-26 15:03:00,0.7569528489472646
2018-05-26 15:06:00,0.5028436581967526
2018-05-26 15:09:00,0.5315745483499086
2018-05-26 15:12:00,0.5646635802073092
2018-05-26 15:15:00,0.6374753559429109
2018-05-26 15:18:00,0.6736281973662699
2018-05-26 15:21:00,0.434200408123786
2018-05-26 15:24:00,0.405350153795041
2018-05-26 15:27:00,0.36649203949178855
2018-05-26 15:30:00,0.32376133340278557
2018-05-26 15:33:00,0.37058073898640487
2018-05-26 15:36:00,0.4281965559569585
2018-05-26 15:39:00,0.37820720349935755
2018-05-26 15:42:00,0.4324940286238075
2018-05-26 15:45:00,0.3860732863198564
2018-05-26 15:48:00,0.6444155993179379
2018-05-26 15:51:00,0.6616551420206633
2018-05-26 15:54:00,0.7644307318878987
2018-05-26 15:57:00,0.6631191950958168
2018-05-26 16:00:00,0.7087002639026423
2018-05-26 16:03:00,0.7630503027160671
2018-05-26 16:06:00,0.622893661051819
2018-05-26 16:09:00,0.7150671177572576
2018-05-26 16:12:00,0.4171190812721761
2018-05-26 16:15:00,0.40362459114987814
2018-05-26 16:18:00,0.45983983784384463
2018-05-26 16:21:00,0.5023913886806213
2018-05-26 16:24:00,0.4803826334261885
2018-05-26 16:27:00,0.40135300696078957
2018-05-26 16:30:00,0.43535113183412477
2018-05-26 16:33:00,0.4413124133195083
2018-05-26 16:36:00,0.32846631806069126
2018-05-26 16:39:00,0.4236050404728644
2018-05-26 16:42:00,0.3785567648592405
2018-05-26 16:45:00,0.42123844803938937
2018-05-26 16:48:00,0.4630405397545019
2018-05-26 16:51:00,0.47028354430329955
2018-05-26 16:54:00,0.4756310978671081
2018-05-26 16:57:00,0.45920329535618976
2018-05-26 17:00:00,0.3845565568113898
2018-05-26 17:03:00,0.3536403366784384
2018-05-26 17:06:00,0.4565523360249131
2018-05-26 17:09:00,0.42780528255286754
2018-05-26 17:12:00,0.33517518046528494
2018-05-26 17:15:00,0.3965051506517625
2018-05-26 17:18:00,0.29415709040722504
2018-05-26 17:21:00,0.37860054635802953
2018-05-26 17:24:00,0.4438091291785895
2018-05-26 17:27:00,0.41907747794022043
2018-05-26 17:30:00,0.6085242332283656
2018-05-26 17:33:00,0.7386916379560375
2018-05-26 17:36:00,0.5972621466959822
2018-05-26 17:39:00,0.7199591331930719
2018-05-26 17:42:00,0.4042353200158004
2018-05-26 17:45:00,0.40714087814853883
2018-05-26 17:48:00,0.24381814543158953
2018-05-26 17:51:00,0.3446805526765502
2018-05-26 17:54:00,0.39273309607756346
2018-05-26 17:57:00,0.4435133856094353
2018-05-26 18:00:00,0.41128443197231945
2018-05-26 18:03:00,0.3648706751201871
2018-05-26 18:06:00,0.4192301858306564
2018-05-26 18:09:00,0.45082646607363586
2018-05-26 18:12:00,0.5112204346268072
2018-05-26 18:15:00,0.5890805727665906
2018-05-26 18:18:00,0.40444849688634577
2018-05-26 18:21:00,0.42341399601832563
2018-05-26 18:24:00,0.3324808875590861
2018-05-26 18:27:00,0.443632034608072
2018-05-26 18:30:00,0.38765095599842425
2018-05-26 18:33:00,0.35698827385209597
2018-05-26 18:36:00,0.4300644898926862
2018-05-26 18:39:00,0.43107703860675883
2018-05-26 18:42:00,0.46511635301880005
2018-05-26 18:45:00,0.35594391400042014
2018-05-26 18:48:00,0.43309364680413864
2018-05-26 18:51:00,0.32491778298560803
2018-05-26 18:54:00,
2018-05-26 18:57:00,
2018-05-26 19:00:00,
2018-05-26 19:03:00,0.30642357247830887
2018-05-26 19:06:00,0.28091789629468167
2018-05-26 19:09:00,0.42312665245719927
2018-05-26 19:12:00,0.3278124428114211
2018-05-26 19:15:00,0.38516701135097264
2018-05-26 19:18:00,0.3866765368633196
2018-05-26 19:21:00,0.4070160638848961
2018-05-26 19:24:00,0.4441863051473547
2018-05-26 19:27:00,0.26574220747414756
2018-05-26 19:30:00,0.4547253527290991
2018-05-26 19:33:00,0.4567190294476404
2018-05-26 19:36:00,0.29958314731902647
2018-05-26 19:39:00,0.4110338316305615
2018-05-26 19:42:00,0.5293587998145313
2018-05-26 19:45:00,0.38918844707831113
2018-05-26 19:48:00,0.4148097688214989
2018-05-26 19:51:00,0.33031797915003835
2018-05-26 19:54:00,0.46483466785537075
2018-05-26 19:57:00,0.3851001585451854
2018-05-26 20:00:00,0.4494268241763848
2018-05-26 20:03:00,0.4783035421251043
2018-05-26 20:06:00,0.3946557572215852
2018-05-26 20:09:00,0.367280031142343
2018-05-26 20:12:00,0.3333271682922714
2018-05-26 20:15:00,0.4452070811726685
2018-05-26 20:18:00,0.5384613095476425
2018-05-26 20:21:00,0.36979190665618944
2018-05-26 20:24:00,0.4152589233037247
2018-05-26 20:27:00,0.44921937262870415
2018-05-26 20:30:00,0.446693053130673
2018-05-26 20:33:00,0.38339486997193717
2018-05-26 20:36:00,0.4140335459894118
2018-05-26 20:39:00,0.4276491805009641
2018-05-26 20:42:00,0.46032375267043335
2018-05-26 20:45:00,0.4783494164086619
2018-05-26 20:48:00,0.4655600659161223
2018-05-26 20:51:00,0.38737518671581483
2018-05-26 20:54:00,0.39069142737741913
2018-05-26 20:57:00,0.3918580123677202
2018-05-26 21:00:00,0.37380415688875246
2018-05-26 21:03:00,0.44782064545006506
2018-05-26 21:06:00,0.4525379620768035
2018-05-26 21:09:00,0.4277065847448398
2018-05-26 21:12:00,0.5149096719323438
2018-05-26 21:15:00,0.4346489591496834
2018-05-26 21:18:00,0.5148358718645909
2018-05-26 21:21:00,0.395234242787069
2018-05-26 21:24:00,0.550778038827616
2018-05-26 21:27:00,0.618277767233451
2018-05-26 21:30:00,0.6271206811447314
2018-05-26 21:33:00,0.609170195558022
2018-05-26 21:36:00,0.6782826590806508
2018-05-26 21:39:00,0.4654952960672176
2018-05-26 21:42:00,0.5805691813694693
2018-05-26 21:45:00,0.4947865878908715
2018-05-26 21:48:00,0.4133790868414735
2018-05-26 21:51:00,0.5695696638913432
2018-05-26 21:54:00,0.38708453635990736
2018-05-26 21:57:00,0.41233490703092457
2018-05-26 22:00:00,0.5339584267485975
2018-05-26 22:03:00,0.27551133834157326
2018-05-26 22:06:00,0.4049948085863093
2018-05-26 22:09:00,0.34181789295303133
2018-05-26 22:12:00,0.4770870005389156
2018-05-26 22:15:00,0.4093837157001303
2018-05-26 22:18:00,0.42890782071884814
2018-05-26 22:21:00,0.4442482480754961
2018-05-26 22:24:00,0.41593224138148344
2018-05-26 22:27:00,0.5093356421864428
2018-05-26 22:30:00,0.3598127379253242
2018-05-26 22:33:00,0.5102445889908154
2018-05-26 22:36:00,0.3968623980245525
2018-05-26 22:39:00,0.3896152136456976
2018-05-26 22:42:00,0.3130412553469455
2018-05-26 22:45:00,0.3468507486170438
2018-05-26 22:48:00,0.4704466355608474
2018-05-26 22:51:00,0.27189287304605614
2018-05-26 22:54:00,0.40253309390681125
2018-05-26 22:57:00,0.38980005792922157
2018-05-26 23:00:00,0.46603539671707495
2018-05-26 23:03:00,0.41991135066729157
2018-05-26 23:06:00,0.39634595507453696
2018-05-26 23:09:00,0.39576125874805257
2018-05-26 23:12:00,0.5228582576797294
2018-05-26 23:15:00,0.523675032169308
2018-05-26 23:18:00,0.4646900578443933
2018-05-26 23:21:00,0.3971748538127713
2018-05-26 23:24:00,0.5209279413141985
2018-05-26 23:27:00,0.3836665518103928
2018-05-26 23:30:00,0.43009596503634384
2018-05-26 23:33:00,0.4507142563286948
2018-05-26 23:36:00,0.4269504942841422
2018-05-26 23:39:00,0.4378180966289733
2018-05-26 23:42:00,0.4206252225972662
2018-05-26 23:45:00,0.4652811813086828
2018-05-26 23:48:00,0.3804754508318524
2018-05-26 23:51:00,0.4186983516794385
2018-05-26 23:54:00,0.43899416175759143
2018-05-26 23:57:00,0.41719336672059626
2018-05-27 00:00:00,0.4704618852595104
2018-05-27 00:03:00,0.41115553179099606
2018-05-27 00:06:00,0.43108671561134315
2018-05-27 00:09:00,0.4930524341181126
2018-05-27 00:12:00,0.4070233633251519
2018-05-27 00:15:00,0.4649814518273274
2018-05-27 00:18:00,0.4178998853676035
2018-05-27 00:21:00,0.33269580394500053
2018-05-27 00:24:00,0.3252922435325445
2018-05-27 00:27:00,0.3834911712326061
2018-05-27 00:30:00,0.35979439457651097
2018-05-27 00:33:00,0.3726831152523573
2018-05-27 00:36:00,0.37351441451085066
2018-05-27 00:39:00,0.36426677218759096
2018-05-27 00:42:00,0.3806325527166905
2018-05-27 00:45:00,0.3478993523825693
2018-05-27 00:48:00,0.3034967148538499
2018-05-27 00:51:00,0.4155171155836115
2018-05-27 00:54:00,0.3799752404486867
2018-05-27 00:57:00,0.4955590566895012
2018-05-27 01:00:00,0.4122604803051786
2018-05-27 01:03:00,0.30489450839473875
2018-05-27 01:06:00,0.4140269294438781
2018-05-27 01:09:00,0.56272396496189
2018-05-27 01:12:00,0.666277362261269
2018-05-27 01:15:00,0.5687913936105247
2018-05-27 01:18:00,0.5249481632941979
2018-05-27 01:21:00,0.46750986975348496
2018-05-27 01:24:00,0.3879996025923447
2018-05-27 01:27:00,0.48280513116304746
2018-05-27 01:30:00,0.46647176832743753
2018-05-27 01:33:00,0.47736693840033695
2018-05-27 01:36:00,0.46762385035845
2018-05-27 01:39:00,0.5539011947736299
2018-05-27 01:42:00,0.513126155206237
2018-05-27 01:45:00,0.48037676258854844
2018-05-27 01:48:00,0.5069041545705772
2018-05-27 01:51:00,0.6253719169539522
2018-05-27 01:54:00,0.5200250246090832
2018-05-27 01:57:00,0.5372423737024974
2018-05-27 02:00:00,0.5282422370676159
2018-05-27 02:03:00,0.5694291234547109
2018-05-27 02:06:00,0.7359461475813873
2018-05-27 02:09:00,0.7370549716013102
2018-05-27 02:12:00,0.7403885263327084
2018-05-27 02:15:00,0.5720144544677055
2018-05-27 02:18:00,0.6993647836522996
2018-05-27 02:21:00,0.5488925278608576
2018-05-27 02:24:00,0.49027034309295914
2018-05-27 02:27:00,0.4661003916446589
2018-05-27 02:30:00,0.4354721742504353
2018-05-27 02:33:00,0.46320335982517236
2018-05-27 02:36:00,0.4537059875763134
2018-05-27 02:39:00,0.6402394440495414
2018-05-27 02:42:00,0.7026248547270484
2018-05-27 02:45:00,0.580929584245041
2018-05-27 02:48:00,0.6728679581367487
2018-05-27 02:51:00,0.72818007222196
2018-05-27 02:54:00,0.7695433600380284
2018-05-27 02:57:00,0.6339655589966924
2018-05-27 03:00:00,0.5668982486642449
2018-05-27 03:03:00,0.5421317080639483
2018-05-27 03:06:00,0.47962390002140864
2018-05-27 03:09:00,0.4687623580684317
2018-05-27 03:12:00,0.41314136082701225
2018-05-27 03:15:00,0.5308000292647534
2018-05-27 03:18:00,0.4578819723504921
2018-05-27 03:21:00,0.5066561606221853
2018-05-27 03:24:00,0.45178218138659076
2018-05-27 03:27:00,0.4224884065184824
2018-05-27 03:30:00,0.39123378282619115
2018-05-27 03:33:00,0.5055903366312009
2018-05-27 03:36:00,0.45211572715231796
2018-05-27 03:39:00,0.6836249701022439
2018-05-27 03:42:00,0.7498823496912905
2018-05-27 03:45:00,0.641604480228466
2018-05-27 03:48:00,0.6149325797417191
2018-05-27 03:51:00,0.5857232149396054
2018-05-27 03:54:00,0.7035296176299539
2018-05-27 03:57:00,0.8433495646548863
2018-05-27 04:00:00,0.729338604068289
2018-05-27 04:03:00,0.6191388409386605
2018-05-27 04:06:00,0.4814331090682913
2018-05-27 04:09:00,0.3771730760587957
2018-05-27 04:12:00,0.4907487115540903
2018-05-27 04:15:00,0.5165950875039016
2018-05-27 04:18:00,0.581263300352532
2018-05-27 04:21:00,0.5487195980489332
2018-05-27 04:24:00,0.7153276513240598
2018-05-27 04:27:00,0.6571591729221495
2018-05-27 04:30:00,0.688012004203415
2018-05-27 04:33:00,0.4594802760198604
2018-05-27 04:36:00,0.5655573854301679
2018-05-27 04:39:00,0.5966989319021536
2018-05-27 04:42:00,0.7259952983422409
2018-05-27 04:45:00,0.5581148448355293
2018-05-27 04:48:00,0.573891276607128
2018-05-27 04:51:00,0.5650214989621531
2018-05-27 04:54:00,0.6400192545243613
2018-05-27 04:57:00,0.5751388507817978
2018-05-27 05:00:00,0.5427869694161132
2018-05-27 05:03:00,0.523154503214073
2018-05-27 05:06:00,0.5711026785461968
2018-05-27 05:09:00,0.4638244257438373
2018-05-27 05:12:00,0.5667776748142046
2018-05-27 05:15:00,0.47212181916620466
2018-05-27 05:18:00,0.6066588011578347
2018-05-27 05:21:00,0.4123675661761581
2018-05-27 05:24:00,0.33054261474580926
2018-05-27 05:27:00,0.45106802663150347
2018-05-27 05:30:00,0.47967740597306374
2018-05-27 05:33:00,0.441276870993363
2018-05-27 05:36:00,0.47595655575514684
2018-05-27 05:39:00,0.4278570941348221
2018-05-27 05:42:00,0.5164103156021156
2018-05-27 05:45:00,0.3933135156344747
2018-05-27 05:48:00,0.4135911277185187
2018-05-27 05:51:00,0.4574981017977393
2018-05-27 05:54:00,0.5165151038893327
2018-05-27 05:57:00,0.4223838261984838
2018-05-27 06:00:00,0.49168633733557954
2018-05-27 06:03:00,0.6447705740679908
2018-05-27 06:06:00,0.5051202858498982
2018-05-27 06:09:00,0.5346998538377079
2018-05-27 06:12:00,0.5813284517742545
2018-05-27 06:15:00,0.5765697559275509
2018-05-27 06:18:00,0.630500423065314
2018-05-27 06:21:00,0.5059941188624748
2018-05-27 06:24:00,0.6104830165695603
2018-05-27 06:27:00,0.5444172132652625
2018-05-27 06:30:00,0.5692897285068739
2018-05-27 06:33:00,0.5928753275595113
2018-05-27 06:36:00,0.6496898985639064
2018-05-27 06:39:00,0.5994237617316571
2018-05-27 06:42:00,0.6321699177797768
2018-05-27 06:45:00,0.6356386766629498
2018-05-27 06:48:00,0.6717660275073172
2018-05-27 06:51:00,0.6691118756634182
2018-05-27 06:54:00,0.6122061416389215
2018-05-27 06:57:00,0.6278375011780213
2018-05-27 07:00:00,0.6955914407907358
2018-05-27 07:03:00,0.6337067166730321
2018-05-27 07:06:00,0.6205550314771244
2018-05-27 07:09:00,0.7027975268999285
2018-05-27 07:12:00,0.6657701645515317
2018-05-27 07:15:00,0.6186469577415892
2018-05-27 07:18:00,0.6481814442659584
2018-05-27 07:21:00,0.7468152582291623
2018-05-27 07:24:00,0.6958514596677219
2018-05-27 07:27:00,0.7073485738097247
2018-05-27 07:30:00,0.6165648267905226
2018-05-27 07:33:00,0.6798199223734969
2018-05-27 07:36:00,0.6050060499194387
2018-05-27 07:39:00,0.5678887304459295
2018-05-27 07:42:00,0.6630288725613127
2018-05-27 07:45:00,0.6157940708386036
2018-05-27 07:48:00,0.5882463359188819
2018-05-27 07:51:00,0.6531131552737293
2018-05-27 07:54:00,0.6756236068375188
2018-05-27 07:57:00,0.6299995618721255
2018-05-27 08:00:00,0.5558538308662833
2018-05-27 08:03:00,0.4952656912049065
2018-05-27 08:06:00,0.48337136256333224
2018-05-27 08:09:00,0.5165045322560786
2018-05-27 08:12:00,0.3973207687922695
2018-05-27 08:15:00,0.5481632866083146
2018-05-27 08:18:00,0.5025749420566967
2018-05-27 08:21:00,0.4847337324413843
2018-05-27 08:24:00,0.5253740084207266
2018-05-27 08:27:00,0.4925900526919804
2018-05-27 08:30:00,0.4906182928320959
2018-05-27 08:33:00,0.46574942569469613
2018-05-27 08:36:00,0.49680302190176917
2018-05-27 08:39:00,0.36723266967851487
2018-05-27 08:42:00,0.37280328528680684
2018-05-27 08:45:00,0.3462737801235676
2018-05-27 08:48:00,0.31089104253197775
2018-05-27 08:51:00,0.3746488764828655
2018-05-27 08:54:00,0.3528179230373212
2018-05-27 08:57:00,0.35400558593704545
2018-05-27 09:00:00,0.21242064626414958
2018-05-27 09:03:00,0.3169752961530321
2018-05-27 09:06:00,0.3615239307867455
2018-05-27 09:09:00,0.2789826337316299
2018-05-27 09:12:00,0.35797294721663775
2018-05-27 09:15:00,0.4104886340185203
2018-05-27 09:18:00,0.4190071833510842
2018-05-27 09:21:00,0.3413070291945246
2018-05-27 09:24:00,0.313177222120828
2018-05-27 09:27:00,0.33108604766903227
2018-05-27 09:30:00,0.32573535559606626
2018-05-27 09:33:00,0.25293689830380117
2018-05-27 09:36:00,0.2686240126295161
2018-05-27 09:39:00,0.32982318150715173
2018-05-27 09:42:00,0.3037401243037152
2018-05-27 09:45:00,0.3141556896279667
2018-05-27 09:48:00,0.29649080145060225
2018-05-27 09:51:00,0.2530645251898136
2018-05-27 09:54:00,0.3450171464945697
2018-05-27 09:57:00,0.2615794732064387
2018-05-27 10:00:00,0.19882650316213812
2018-05-27 10:03:00,0.24660070183176686
2018-05-27 10:06:00,0.21407391869774983
2018-05-27 10:09:00,0.3008284948001574
2018-05-27 10:12:00,0.3996624132682882
2018-05-27 10:15:00,0.2867896150729621
2018-05-27 10:18:00,0.194549787766789
2018-05-27 10:21:00,0.2057291296175663
2018-05-27 10:24:00,0.2595463972058383
2018-05-27 10:27:00,0.2571993259193732
2018-05-27 10:30:00,0.11688191232366307
2018-05-27 10:33:00,0.2507737551955529
2018-05-27 10:36:00,0.18943123787539662
2018-05-27 10:39:00,0.3222831877822614
2018-05-27 10:42:00,0.21415529608060524
2018-05-27 10:45:00,0.12250040954558017
2018-05-27 10:48:00,0.2107194262740677
2018-05-27 10:51:00,0.21974039821145652
2018-05-27 10:54:00,0.057731056768261624
2018-05-27 10:57:00,0.08884968726124498
2018-05-27 11:00:00,0.15987115453782508
2018-05-27 11:03:00,0.15722080924081183
2018-05-27 11:06:00,0.04405269076528384
2018-05-27 11:09:00,0.15940980671604166
2018-05-27 11:12:00,0.0793596940489465
2018-05-27 11:15:00,0.19854663440088416
2018-05-27 11:18:00,0.16666522581783738
2018-05-27 11:21:00,0.19582793741687965
2018-05-27 11:24:00,0.28202818479479674
2018-05-27 11:27:00,0.354814367445897
2018-05-27 11:30:00,0.23067454037430934
2018-05-27 11:33:00,0.2999889227638164
2018-05-27 11:36:00,0.41984084970493996
2018-05-27 11:39:00,0.33443506283288116
2018-05-27 11:42:00,0.20517062791469698
2018-05-27 11:45:00,0.28684619931789257
2018-05-27 11:48:00,0.1381221542050639
2018-05-27 11:51:00,0.23466360777104
2018-05-27 11:54:00,0.23109453175027284
2018-05-27 11:57:00,0.24461726689480656
2018-05-27 12:00:00,0.1369162586646553
2018-05-27 12:03:00,0.12944193012418737
2018-05-27 12:06:00,0.07232341543442544
2018-05-27 12:09:00,-0.03960761826982662
2018-05-27 12:12:00,-0.10847741997895355
2018-05-27 12:15:00,0.11048350209114233
2018-05-27 12:18:00,-0.029741322004667836
2018-05-27 12:21:00,-0.04111109503259058
2018-05-27 12:24:00,0.13231420888240564
2018-05-27 12:27:00,-0.1265326724583815
2018-05-27 12:30:00,0.1090271803487326
2018-05-27 12:33:00,0.11971059778880999
2018-05-27 12:36:00,0.02796776154929148
2018-05-27 12:39:00,0.08392938145584594
2018-05-27 12:42:00,0.111225950323103
2018-05-27 12:45:00,0.055024765151642896
2018-05-27 12:48:00,-0.04781254876962748
2018-05-27 12:51:00,-0.015196601454931624
2018-05-27 12:54:00,-0.05821783001567837
2018-05-27 12:57:00,0.04404941572988719
2018-05-27 13:00:00,-0.07525874643852148
2018-05-27 13:03:00,0.0484779130402444
2018-05-27 13:06:00,-0.03286289665066988
2018-05-27 13:09:00,0.09876719731988715
2018-05-27 13:12:00,0.07027116297831526
2018-05-27 13:15:00,-0.07688635814827194
2018-05-27 13:18:00,-0.007775912378008343
2018-05-27 13:21:00,-0.042683695442747194
2018-05-27 13:24:00,-0.03330121250934326
2018-05-27 13:27:00,0.028875995093926576
2018-05-27 13:30:00,0.002718331550397579
2018-05-27 13:33:00,0.07673508980184351
2018-05-27 13:36:00,-0.032657916688663136
2018-05-27 13:39:00,-0.18528150067572824
2018-05-27 13:42:00,-0.04223592333119086
2018-05-27 13:45:00,-0.20423452940070774
2018-05-27 13:48:00,-0.03722267803476598
2018-05-27 13:51:00,-0.02642076119320791
2018-05-27 13:54:00,0.004652961566876002
2018-05-27 13:57:00,-0.11807059765766326
2018-05-27 14:00:00,-0.14917152855861104
2018-05-27 14:03:00,-0.11581549125077117
2018-05-27 14:06:00,-0.24112146930940526
2018-05-27 14:09:00,-0.10976087525074263
2018-05-27 14:12:00,-0.07521074289724083
2018-05-27 14:15:00,0.029431709102027526
2018-05-27 14:18:00,-0.1374173405312149
2018-05-27 14:21:00,-0.11019528204894868
2018-05-27 14:24:00,-0.003687232603283519
2018-05-27 14:27:00,-0.009574498733741166
2018-05-27 14:30:00,-0.08791660552594749
2018-05-27 14:33:00,-0.0716891002535931
2018-05-27 14:36:00,0.003064853075272822
2018-05-27 14:39:00,0.025112551696508945
2018-05-27 14:42:00,-0.07572158141601903
2018-05-27 14:45:00,-0.1801639654957512
2018-05-27 14:48:00,-0.06394762454306147
2018-05-27 14:51:00,-0.1356038024569557
2018-05-27 14:54:00,-0.13398880173764383
2018-05-27 14:57:00,0.0247186128933663
2018-05-27 15:00:00,-0.13765094838743153
2018-05-27 15:03:00,0.12192623688235926
2018-05-27 15:06:00,-0.09127876996984696
2018-05-27 15:09:00,0.010892667783537036
2018-05-27 15:12:00,-0.09997256152223599
2018-05-27 15:15:00,-0.08435742330095763
2018-05-27 15:18:00,-0.05493489824334574
2018-05-27 15:21:00,0.047661999689751156
2018-05-27 15:24:00,-0.08577350089393576
2018-05-27 15:27:00,0.06364141115034272
2018-05-27 15:30:00,-0.0855194496415379
2018-05-27 15:33:00,-0.054040266672188864
2018-05-27 15:36:00,-0.017004838335822114
2018-05-27 15:39:00,0.05254292153182405
2018-05-27 15:42:00,-0.004040680281434561
2018-05-27 15:45:00,0.02127577791583235
2018-05-27 15:48:00,0.024728909006341837
2018-05-27 15:51:00,-0.017928466462080905
2018-05-27 15:54:00,0.03318688104110379
2018-05-27 15:57:00,-0.0016739037911861487
2018-05-27 16:00:00,0.1553971911725398
2018-05-27 16:03:00,0.08311393776165232
2018-05-27 16:06:00,0.22489156942333466
2018-05-27 16:09:00,-0.1184884338001666
2018-05-27 16:12:00,-0.12234225243668106
2018-05-27 16:15:00,-0.044749254065550303
2018-05-27 16:18:00,0.03899354013458378
2018-05-27 16:21:00,-0.01265798294571141
2018-05-27 16:24:00,0.11833488555032545
2018-05-27 16:27:00,-0.03780459009584547
2018-05-27 16:30:00,-0.00821295116412557
2018-05-27 16:33:00,0.14249499970981105
2018-05-27 16:36:00,0.1367016000554031
2018-05-27 16:39:00,0.12165708521075658
2018-05-27 16:42:00,0.14516337523889433
2018-05-27 16:45:00,0.10710595187083527
2018-05-27 16:48:00,0.15512161345327513
2018-05-27 16:51:00,0.11531536562910105
2018-05-27 16:54:00,0.2052168250738191
2018-05-27 16:57:00,0.17844007118799254
2018-05-27 17:00:00,0.07009083818491035
2018-05-27 17:03:00,0.17977015304870747
2018-05-27 17:06:00,0.0975802091118112
2018-05-27 17:09:00,0.15765723840468127
2018-05-27 17:12:00,0.14056338937592727
2018-05-27 17:15:00,0.22289241482133093
2018-05-27 17:18:00,0.03933038155230406
2018-05-27 17:21:00,0.11702867374884818
2018-05-27 17:24:00,0.032493679045444424
2018-05-27 17:27:00,0.11343851415728068
2018-05-27 17:30:00,-0.018983975156061206
2018-05-27 17:33:00,0.13043955259030326
2018-05-27 17:36:00,0.0374553758065872
2018-05-27 17:39:00,0.10317379288738948
2018-05-27 17:42:00,0.03996396284327375
2018-05-27 17:45:00,0.16270448592712228
2018-05-27 17:48:00,0.07663967606958977
2018-05-27 17:51:00,0.1530133053201439
2018-05-27 17:54:00,0.08701347186382691
2018-05-27 17:57:00,0.0472399626095239
2018-05-27 18:00:00,0.1866313469535612
2018-05-27 18:03:00,0.11404752255918993
2018-05-27 18:06:00,0.2036288255392833
2018-05-27 18:09:00,0.041714282778627876
2018-05-27 18:12:00,0.17681674652516222
2018-05-27 18:15:00,0.03955843230937717
2018-05-27 18:18:00,0.10694415309313854
2018-05-27 18:21:00,0.15432159731761885
2018-05-27 18:24:00,0.16963110340435605
2018-05-27 18:27:00,0.08778460283497225
2018-05-27 18:30:00,0.25905212088315466
2018-05-27 18:33:00,0.1816319832050226
2018-05-27 18:36:00,0.1857906814603325
2018-05-27 18:39:00,0.09068523997086686
2018-05-27 18:42:00,0.10213355877550612
2018-05-27 18:45:00,0.036865959870624465
2018-05-27 18:48:00,0.10922391744594506
2018-05-27 18:51:00,0.15961652388580205
2018-05-27 18:54:00,
2018-05-27 18:57:00,
2018-05-27 19:00:00,
2018-05-27 19:03:00,0.07377864833358672
2018-05-27 19:06:00,0.10375266222717983
2018-05-27 19:09:00,0.11506456811315502
2018-05-27 19:12:00,0.06141716700284405
2018-05-27 19:15:00,0.0708034642125881
2018-05-27 19:18:00,0.13743473384329263
2018-05-27 19:21:00,0.11872642447474391
2018-05-27 19:24:00,0.037065280752187846
2018-05-27 19:27:00,0.14797617576618904
2018-05-27 19:30:00,0.12693622845495156
2018-05-27 19:33:00,0.25324238830097556
2018-05-27 19:36:00,0.09973247525391571
2018-05-27 19:39:00,0.2264770371521081
2018-05-27 19:42:00,0.15377917528502394
2018-05-27 19:45:00,0.20817310861474425
2018-05-27 19:48:00,0.15305508771831455
2018-05-27 19:51:00,0.1588597003754444
2018-05-27 19:54:00,0.13105603850567604
2018-05-27 19:57:00,0.19438294215933638
2018-05-27 20:00:00,0.16725921379412512
2018-05-27 20:03:00,0.1542137353631574
2018-05-27 20:06:00,0.3455964072919073
2018-05-27 20:09:00,0.26536951511934603
2018-05-27 20:12:00,0.1639028912544518
2018-05-27 20:15:00,0.29488828977520143
2018-05-27 20:18:00,0.19247046082136876
2018-05-27 20:21:00,0.1648306343415129
2018-05-27 20:24:00,0.18174436290405538
2018-05-27 20:27:00,0.08414993589394726
2018-05-27 20:30:00,0.18927859380943346
2018-05-27 20:33:00,0.22885763039613494
2018-05-27 20:36:00,0.3051075285643492
2018-05-27 20:39:00,0.20359949076095063
2018-05-27 20:42:00,0.23501203096100198
2018-05-27 20:45:00,0.2529652071843316
2018-05-27 20:48:00,0.2983199753676331
2018-05-27 20:51:00,0.3245017652639035
2018-05-27 20:54:00,0.28957233027813345
2018-05-27 20:57:00,0.2642246257470333
2018-05-27 21:00:00,0.25015985517154604
2018-05-27 21:03:00,0.39729919450883244
2018-05-27 21:06:00,0.26948282955800096
2018-05-27 21:09:00,0.3579535118869899
2018-05-27 21:12:00,0.5066446522770889
2018-05-27 21:15:00,0.779509300756331
2018-05-27 21:18:00,0.7293957795923234
2018-05-27 21:21:00,0.8263381709090254
2018-05-27 21:24:00,0.7950172280599759
2018-05-27 21:27:00,0.6359008556639765
2018-05-27 21:30:00,0.6521069392028949
2018-05-27 21:33:00,0.6138482708389574
2018-05-27 21:36:00,0.7136318318179065
2018-05-27 21:39:00,0.5279384460383199
2018-05-27 21:42:00,0.45380648758742836
2018-05-27 21:45:00,0.3407388666715292
2018-05-27 21:48:00,0.5811276205831746
2018-05-27 21:51:00,0.5795553021529258
2018-05-27 21:54:00,0.6396548416492465
2018-05-27 21:57:00,0.673044349084023
2018-05-27 22:00:00,0.5848455387692297
2018-05-27 22:03:00,0.6032128871664781
2018-05-27 22:06:00,0.6829433191194312
2018-05-27 22:09:00,0.6189139802828549
2018-05-27 22:12:00,0.5287602346646736
2018-05-27 22:15:00,0.49511269649423184
2018-05-27 22:18:00,0.40359070618728765
2018-05-27 22:21:00,0.396403211976633
2018-05-27 22:24:00,0.37773153471005116
2018-05-27 22:27:00,0.3308567271567995
2018-05-27 22:30:00,0.42190232509460657
2018-05-27 22:33:00,0.3637282202955703
2018-05-27 22:36:00,0.3469005767609019
2018-05-27 22:39:00,0.37963338472889063
2018-05-27 22:42:00,0.3151704689148005
2018-05-27 22:45:00,0.35172732344250335
2018-05-27 22:48:00,0.24725801672877878
2018-05-27 22:51:00,0.45020188121679894
2018-05-27 22:54:00,0.30346321493891537
2018-05-27 22:57:00,0.5129319746599776
2018-05-27 23:00:00,0.52527730610052
2018-05-27 23:03:00,0.45965136793910233
2018-05-27 23:06:00,0.37889613728685845
2018-05-27 23:09:00,0.43777405845406747
2018-05-27 23:12:00,0.5353573199278685
2018-05-27 23:15:00,0.6723341766603426
2018-05-27 23:18:00,0.4927770738524373
2018-05-27 23:21:00,0.457612565003501
2018-05-27 23:24:00,0.5127269779509334
2018-05-27 23:27:00,0.37902503228946216
2018-05-27 23:30:00,0.49566554931305973
2018-05-27 23:33:00,0.4078937139362324
2018-05-27 23:36:00,0.4749668674208465
2018-05-27 23:39:00,0.5097607990542201
2018-05-27 23:42:00,0.5078565127102479
2018-05-27 23:45:00,0.4318345341601457
2018-05-27 23:48:00,0.5164569497522393
2018-05-27 23:51:00,0.4528340256631509
2018-05-27 23:54:00,0.5688812088115469
2018-05-27 23:57:00,0.5752514347533975
2018-05-28 00:00:00,0.5768321410787962
2018-05-28 00:03:00,0.4848423536134874
2018-05-28 00:06:00,0.4247369409911812
2018-05-28 00:09:00,0.5280470274043978
2018-05-28 00:12:00,0.4600457497479624
2018-05-28 00:15:00,0.29526176878187016
2018-05-28 00:18:00,0.26400914911846485
2018-05-28 00:21:00,0.3087652879850111
2018-05-28 00:24:00,0.2681506686891453
2018-05-28 00:27:00,0.26894440076841875
2018-05-28 00:30:00,0.41224590251300697
2018-05-28 00:33:00,0.4963064303900069
2018-05-28 00:36:00,0.3185643425150033
2018-05-28 00:39:00,0.5062275853827032
2018-05-28 00:42:00,0.41982716948018606
2018-05-28 00:45:00,0.4049025570211029
2018-05-28 00:48:00,0.4390413355268947
2018-05-28 00:51:00,0.4938092905883309
2018-05-28 00:54:00,0.4379067996023309
2018-05-28 00:57:00,0.47995481568074183
2018-05-28 01:00:00,0.43220328233252303
2018-05-28 01:03:00,0.48411793957313876
2018-05-28 01:06:00,0.5443764726084623
2018-05-28 01:09:00,0.5755684431659915
2018-05-28 01:12:00,0.4527452347355734
2018-05-28 01:15:00,0.4491753372892049
2018-05-28 01:18:00,0.5233763108238918
2018-05-28 01:21:00,0.4528324932508099
2018-05-28 01:24:00,0.5396109124063173
2018-05-28 01:27:00,0.5553620840560711
2018-05-28 01:30:00,0.5979657548208479
2018-05-28 01:33:00,0.4804244630757921
2018-05-28 01:36:00,0.5653978214674567
2018-05-28 01:39:00,0.6076175938957249
2018-05-28 01:42:00,0.3393318373146599
2018-05-28 01:45:00,0.45037952339208687
2018-05-28 01:48:00,0.44673245493407876
2018-05-28 01:51:00,0.5186607934865606
2018-05-28 01:54:00,0.5007159954967051
2018-05-28 01:57:00,0.6108815420517999
2018-05-28 02:00:00,0.6044478145219614
2018-05-28 02:03:00,0.5448741506587567
2018-05-28 02:06:00,0.48220350754553465
2018-05-28 02:09:00,0.5319328548907833
2018-05-28 02:12:00,0.5373132178012838
2018-05-28 02:15:00,0.49493358664142306
2018-05-28 02:18:00,0.5926792001118883
2018-05-28 02:21:00,0.5402831223544808
2018-05-28 02:24:00,0.5417449476386196
2018-05-28 02:27:00,0.5048676026377166
2018-05-28 02:30:00,0.6202604838376828
2018-05-28 02:33:00,0.59728898317519
2018-05-28 02:36:00,0.6607005046765266
2018-05-28 02:39:00,0.7130954022396736
2018-05-28 02:42:00,0.7068209051026884
2018-05-28 02:45:00,0.7157170130470263
2018-05-28 02:48:00,0.8272793285202624
2018-05-28 02:51:00,0.7394959683600177
2018-05-28 02:54:00,0.8093443412851116
2018-05-28 02:57:00,0.8169171865092721
2018-05-28 03:00:00,0.8613161847110291
2018-05-28 03:03:00,1.0049244373379338
2018-05-28 03:06:00,0.850166448826144
2018-05-28 03:09:00,0.8885489063602563
2018-05-28 03:12:00,0.8757755078535752
2018-05-28 03:15:00,0.8619034525302709
2018-05-28 03:18:00,0.7421117690575443
2018-05-28 03:21:00,0.8007067244600421
2018-05-28 03:24:00,0.684734713493981
2018-05-28 03:27:00,0.7910099038626868
2018-05-28 03:30:00,0.7523798661492833
2018-05-28 03:33:00,0.7648494006560327
2018-05-28 03:36:00,0.6801879394766956
2018-05-28 03:39:00,0.6168348819702487
2018-05-28 03:42:00,0.7437608868519874
2018-05-28 03:45:00,0.7764418388554759
2018-05-28 03:48:00,0.6774383344341004
2018-05-28 03:51:00,0.586240610714583
2018-05-28 03:54:00,0.6056351522252612
2018-05-28 03:57:00,0.5842347547621785
2018-05-28 04:00:00,0.5566351966724028
2018-05-28 04:03:00,0.5732716406386089
2018-05-28 04:06:00,0.6124945201506762
2018-05-28 04:09:00,0.5568137765700385
2018-05-28 04:12:00,0.6762571012977787
2018-05-28 04:15:00,0.6209903118009379
2018-05-28 04:18:00,0.6409953864035174
2018-05-28 04:21:00,0.6764633752007398
2018-05-28 04:24:00,0.6337222513589609
2018-05-28 04:27:00,0.49043196580339554
2018-05-28 04:30:00,0.5843031938904915
2018-05-28 04:33:00,0.6795118491106678
2018-05-28 04:36:00,0.6283130356387119
2018-05-28 04:39:00,0.6514880759369248
2018-05-28 04:42:00,0.6603395279838082
2018-05-28 04:45:00,0.6151962633818471
2018-05-28 04:48:00,0.671229525715205
2018-05-28 04:51:00,0.635257733373578
2018-05-28 04:54:00,0.5815921556178978
2018-05-28 04:57:00,0.616911630839013
2018-05-28 05:00:00,0.6102473154018639
2018-05-28 05:03:00,0.7602860514378449
2018-05-28 05:06:00,0.7825628903254938
2018-05-28 05:09:00,0.9017845878837534
2018-05-28 05:12:00,0.8169863709536571
2018-05-28 05:15:00,0.7138285466134562
2018-05-28 05:18:00,0.6475768618306006
2018-05-28 05:21:00,0.7392527814152459
2018-05-28 05:24:00,0.581593583168285
2018-05-28 05:27:00,0.6061629878232679
2018-05-28 05:30:00,0.6043858942031193
2018-05-28 05:33:00,0.525805428627109
2018-05-28 05:36:00,0.571844499049007
2018-05-28 05:39:00,0.6401691890250163
2018-05-28 05:42:00,0.6207049743368316
2018-05-28 05:45:00,0.5584785638705512
2018-05-28 05:48:00,0.5249343015822774
2018-05-28 05:51:00,0.5569599879930252
2018-05-28 05:54:00,0.5406305525488051
2018-05-28 05:57:00,0.5780390985722761
2018-05-28 06:00:00,0.4635271683978317
2018-05-28 06:03:00,0.5017870604250447
2018-05-28 06:06:00,0.4437500083867576
2018-05-28 06:09:00,0.5259348452502195
2018-05-28 06:12:00,0.4337039145150925
2018-05-28 06:15:00,0.5552635756922086
2018-05-28 06:18:00,0.6144994297167727
2018-05-28 06:21:00,0.5146154234538471
2018-05-28 06:24:00,0.4835534019451302
2018-05-28 06:27:00,0.4852936788196871
2018-05-28 06:30:00,0.4590208389978443
2018-05-28 06:33:00,0.554277279664575
2018-05-28 06:36:00,0.5707993035842946
2018-05-28 06:39:00,0.4063486852867868
2018-05-28 06:42:00,0.44983134082957577
2018-05-28 06:45:00,0.4206556414097804
2018-05-28 06:48:00,0.49925317002151814
2018-05-28 06:51:00,0.5224986454669533
2018-05-28 06:54:00,0.4793009566589035
2018-05-28 06:57:00,0.5738104119104719
2018-05-28 07:00:00,0.4934739563245216
2018-05-28 07:03:00,0.5333224600515791
2018-05-28 07:06:00,0.45275411552199785
2018-05-28 07:09:00,0.5250795216429651
2018-05-28 07:12:00,0.4899699834897433
2018-05-28 07:15:00,0.38658771034334904
2018-05-28 07:18:00,0.44327389482924673
2018-05-28 07:21:00,0.49794094109671505
2018-05-28 07:24:00,0.49304383731742973
2018-05-28 07:27:00,0.5216393150677732
2018-05-28 07:30:00,0.48779646385935393
2018-05-28 07:33:00,0.49600307241871633
2018-05-28 07:36:00,0.4184915905664752
2018-05-28 07:39:00,0.5551812707292356
2018-05-28 07:42:00,0.5021318970677839
2018-05-28 07:45:00,0.5008025762771808
2018-05-28 07:48:00,0.46100106302486665
2018-05-28 07:51:00,0.583009113111018
2018-05-28 07:54:00,0.6703363491800474
2018-05-28 07:57:00,0.5187545799631152
2018-05-28 08:00:00,0.5331759164404275
2018-05-28 08:03:00,0.45496053430804295
2018-05-28 08:06:00,0.4989973044962994
2018-05-28 08:09:00,0.519699277270945
2018-05-28 08:12:00,0.46257949061958925
2018-05-28 08:15:00,0.419193997738148
2018-05-28 08:18:00,0.4925510803201405
2018-05-28 08:21:00,0.40379465724288366
2018-05-28 08:24:00,0.3986611345783331
2018-05-28 08:27:00,0.4735671566976407
2018-05-28 08:30:00,0.4640023449403543
2018-05-28 08:33:00,0.45633354514319535
2018-05-28 08:36:00,0.35709444432239934
2018-05-28 08:39:00,0.4121323197163065
2018-05-28 08:42:00,0.4460277264737442
2018-05-28 08:45:00,0.3919580331174757
2018-05-28 08:48:00,0.35920294466643554
2018-05-28 08:51:00,0.43682207043673316
2018-05-28 08:54:00,0.385961555955987
2018-05-28 08:57:00,0.4298324257887316
2018-05-28 09:00:00,0.37015784454195
2018-05-28 09:03:00,0.40492463413295354
2018-05-28 09:06:00,0.4261267286176462
2018-05-28 09:09:00,0.40393519702115555
2018-05-28 09:12:00,0.3589515016448672
2018-05-28 09:15:00,0.49273829300153693
2018-05-28 09:18:00,0.471467180131242
2018-05-28 09:21:00,0.4798809489702194
2018-05-28 09:24:00,0.5056427745040537
2018-05-28 09:27:00,0.37598576278321616
2018-05-28 09:30:00,0.4301668394571152
2018-05-28 09:33:00,0.47710461706469687
2018-05-28 09:36:00,0.4285335467218374
2018-05-28 09:39:00,0.47802961718673487
2018-05-28 09:42:00,0.32680898050597307
2018-05-28 09:45:00,0.48660666727386115
2018-05-28 09:48:00,0.430975391587026
2018-05-28 09:51:00,0.3975351307440178
2018-05-28 09:54:00,0.3524929581743095
2018-05-28 09:57:00,0.3249902748039517
2018-05-28 10:00:00,0.41916615545278546
2018-05-28 10:03:00,0.47820321680984534
2018-05-28 10:06:00,0.3006007187492514
2018-05-28 10:09:00,0.3095307637692031
2018-05-28 10:12:00,0.402337170785529
2018-05-28 10:15:00,0.3425573975523548
2018-05-28 10:18:00,0.3342435773694774
2018-05-28 10:21:00,0.2975391849798257
2018-05-28 10:24:00,0.38386766727739996
2018-05-28 10:27:00,0.3910895262288818
2018-05-28 10:30:00,0.3794502911201789
2018-05-28 10:33:00,0.32872874867314295
2018-05-28 10:36:00,0.3077480931320338
2018-05-28 10:39:00,0.23887375243299402
2018-05-28 10:42:00,0.22218381719801528
2018-05-28 10:45:00,0.3937844422266039
2018-05-28 10:48:00,0.2607016054564042
2018-05-28 10:51:00,0.2768535054988206
2018-05-28 10:54:00,0.2555088744387035
2018-05-28 10:57:00,0.29845797934598295
2018-05-28 11:00:00,0.2926717541087669
2018-05-28 11:03:00,0.24864555987943504
2018-05-28 11:06:00,0.28401665573704804
2018-05-28 11:09:00,0.2380130207958473
2018-05-28 11:12:00,0.24658777601632664
2018-05-28 11:15:00,0.34207425344578724
2018-05-28 11:18:00,0.2765237679510051
2018-05-28 11:21:00,0.1472033951135927
2018-05-28 11:24:00,0.1749012080783814
2018-05-28 11:27:00,0.24669953670900213
2018-05-28 11:30:00,0.2172910682040765
2018-05-28 11:33:00,0.30173141757313715
2018-05-28 11:36:00,0.1825991641110818
2018-05-28 11:39:00,0.15858484766812353
2018-05-28 11:42:00,0.07800152187661524
2018-05-28 11:45:00,0.23004211758888005
2018-05-28 11:48:00,0.10080042744755247
2018-05-28 11:51:00,0.10939938922604142
2018-05-28 11:54:00,0.16504007697460565
2018-05-28 11:57:00,0.13710866870076188
2018-05-28 12:00:00,0.06398516627643858
2018-05-28 12:03:00,0.07002018639974494
2018-05-28 12:06:00,0.005104575162249603
2018-05-28 12:09:00,0.1455070670481291
2018-05-28 12:12:00,0.17643824303320343
2018-05-28 12:15:00,0.09549578418153715
2018-05-28 12:18:00,0.15246293007561462
2018-05-28 12:21:00,0.11343434153712906
2018-05-28 12:24:00,0.05790024547690109
2018-05-28 12:27:00,0.1326740948206293
2018-05-28 12:30:00,0.07774718232008127
2018-05-28 12:33:00,0.15357042926422082
2018-05-28 12:36:00,0.052155850132521664
2018-05-28 12:39:00,0.00039109327076403133
2018-05-28 12:42:00,0.10742344615960064
2018-05-28 12:45:00,0.09358849540382153
2018-05-28 12:48:00,0.14268442525849423
2018-05-28 12:51:00,0.06141725623228922
2018-05-28 12:54:00,0.04203575161011486
2018-05-28 12:57:00,-0.020046769134353326
2018-05-28 13:00:00,-0.02613011536226395
2018-05-28 13:03:00,0.016942054323976663
2018-05-28 13:06:00,-0.07129805384460042
2018-05-28 13:09:00,0.0007646565008485595
2018-05-28 13:12:00,-0.06393233023794664
2018-05-28 13:15:00,-0.08300360892286562
2018-05-28 13:18:00,-0.01183992622173946
2018-05-28 13:21:00,0.07774298526646817
2018-05-28 13:24:00,0.06555496522753401
2018-05-28 13:27:00,-0.05588929339785409
2018-05-28 13:30:00,0.00879726368145839
2018-05-28 13:33:00,-0.02010947526690643
2018-05-28 13:36:00,-0.0990652186262082
2018-05-28 13:39:00,-0.13253462422756002
2018-05-28 13:42:00,-0.09067794055999912
2018-05-28 13:45:00,0.03044854521220941
2018-05-28 13:48:00,-0.08313875878309318
2018-05-28 13:51:00,-0.06835258110010045
2018-05-28 13:54:00,-0.08823173496597292
2018-05-28 13:57:00,0.023242735465657915
2018-05-28 14:00:00,-0.016006058026846404
2018-05-28 14:03:00,-0.15645442902808782
2018-05-28 14:06:00,-0.21445856789091522
2018-05-28 14:09:00,-0.060547833092243764
2018-05-28 14:12:00,-0.03579618725439104
2018-05-28 14:15:00,0.11677757556992674
2018-05-28 14:18:00,0.04649842406757898
2018-05-28 14:21:00,0.03024116748395045
2018-05-28 14:24:00,-0.004648660761233714
2018-05-28 14:27:00,0.10029326156711704
2018-05-28 14:30:00,0.11257619054219958
2018-05-28 14:33:00,0.10197773555995582
2018-05-28 14:36:00,-0.09046835412937071
2018-05-28 14:39:00,0.0041365079641195734
2018-05-28 14:42:00,-0.03118191754987265
2018-05-28 14:45:00,-0.06662975632360713
2018-05-28 14:48:00,-0.13758183172438976
2018-05-28 14:51:00,-0.056303976148569745
2018-05-28 14:54:00,-0.12270501175169102
2018-05-28 14:57:00,-0.021303529628596607
2018-05-28 15:00:00,-0.08220859991808993
2018-05-28 15:03:00,-0.07692847830850269
2018-05-28 15:06:00,0.09277091812543858
2018-05-28 15:09:00,-0.04092025867248594
2018-05-28 15:12:00,0.04524312587284385
2018-05-28 15:15:00,0.061972739379655195
2018-05-28 15:18:00,-0.009927321971986203
2018-05-28 15:21:00,-0.028882714656390363
2018-05-28 15:24:00,-0.18030809975880402
2018-05-28 15:27:00,-0.12901436561816126
2018-05-28 15:30:00,-0.1969385156139083
2018-05-28 15:33:00,-0.21591153873600888
2018-05-28 15:36:00,-0.08930188448033505
2018-05-28 15:39:00,-0.12474878813583246
2018-05-28 15:42:00,-0.1179958574145985
2018-05-28 15:45:00,-0.05700708087579187
2018-05-28 15:48:00,-0.04368348060876315
2018-05-28 15:51:00,-0.11465983509953048
2018-05-28 15:54:00,-0.10111417385337518
2018-05-28 15:57:00,-0.15930482832982307
2018-05-28 16:00:00,-0.11344195684642955
2018-05-28 16:03:00,-0.08593178384722933
2018-05-28 16:06:00,-0.1091880846862523
2018-05-28 16:09:00,-0.14574758792872444
2018-05-28 16:12:00,-0.10407329135358623
2018-05-28 16:15:00,-0.09669275673337552
2018-05-28 16:18:00,0.18090807949135979
2018-05-28 16:21:00,-0.059578639128233135
2018-05-28 16:24:00,-0.19126873972135172
2018-05-28 16:27:00,-0.16176055283233381
2018-05-28 16:30:00,0.011225807639846153
2018-05-28 16:33:00,-0.03742845104545722
2018-05-28 16:36:00,-0.05007967762048793
2018-05-28 16:39:00,-0.008590894675592153
2018-05-28 16:42:00,-0.035624603493488394
2018-05-28 16:45:00,-0.11586898335366413
2018-05-28 16:48:00,-0.1139844287509959
2018-05-28 16:51:00,-0.12487709638048727
2018-05-28 16:54:00,-0.030530060842920648
2018-05-28 16:57:00,-0.061188782560805066
2018-05-28 17:00:00,-0.10407667007547161
2018-05-28 17:03:00,-0.06470342531025608
2018-05-28 17:06:00,-0.14077649018435068
2018-05-28 17:09:00,-0.09547775886716181
2018-05-28 17:12:00,0.0034044950306793
2018-05-28 17:15:00,-0.03353093584621547
2018-05-28 17:18:00,-0.08984754241947712
2018-05-28 17:21:00,-0.004786730751561663
2018-05-28 17:24:00,-0.11208424233916503
2018-05-28 17:27:00,0.019590315817481496
2018-05-28 17:30:00,0.02612562677245478
2018-05-28 17:33:00,-0.15088529908865667
2018-05-28 17:36:00,-0.07299785943587267
2018-05-28 17:39:00,0.008401045588414036
2018-05-28 17:42:00,-0.1301314351052838
2018-05-28 17:45:00,0.0005442976528797772
2018-05-28 17:48:00,-0.07756194985154252
2018-05-28 17:51:00,-0.056970112821773
2018-05-28 17:54:00,0.026201324442070018
2018-05-28 17:57:00,0.05368058811575338
2018-05-28 18:00:00,-0.029362437690735987
2018-05-28 18:03:00,0.005335495017050107
2018-05-28 18:06:00,0.052144759480938774
2018-05-28 18:09:00,0.10380628325430052
2018-05-28 18:12:00,0.024855008520546562
2018-05-28 18:15:00,-0.028243271087887933
2018-05-28 18:18:00,0.0753381321346751
2018-05-28 18:21:00,0.14269959637454122
2018-05-28 18:24:00,0.13094035357329403
2018-05-28 18:27:00,0.07446303572868374
2018-05-28 18:30:00,0.12090370527153027
2018-05-28 18:33:00,0.17331641642908835
2018-05-28 18:36:00,0.14931024894423217
2018-05-28 18:39:00,0.14971770756949354
2018-05-28 18:42:00,-0.06897221658334729
2018-05-28 18:45:00,0.17111421638941238
2018-05-28 18:48:00,0.10628528245524649
2018-05-28 18:51:00,0.1318031283803407
2018-05-28 18:54:00,
2018-05-28 18:57:00,
2018-05-28 19:00:00,
2018-05-28 19:03:00,0.04676484425704075
2018-05-28 19:06:00,0.12188914184952182
2018-05-28 19:09:00,0.13727291320105905
2018-05-28 19:12:00,0.14481998176762545
2018-05-28 19:15:00,0.23136320543505917
2018-05-28 19:18:00,0.08177395858251657
2018-05-28 19:21:00,0.1741463502067404
2018-05-28 19:24:00,0.1104375712361616
2018-05-28 19:27:00,0.13997883212209672
2018-05-28 19:30:00,0.1661799443857035
2018-05-28 19:33:00,0.10082565926614961
2018-05-28 19:36:00,0.14030598023003904
2018-05-28 19:39:00,0.0830178660937122
2018-05-28 19:42:00,0.1998071862176971
2018-05-28 19:45:00,0.18423774465725273
2018-05-28 19:48:00,0.16238434925526235
2018-05-28 19:51:00,0.06611707466373673
2018-05-28 19:54:00,0.16117138006848108
2018-05-28 19:57:00,0.20155787740031883
2018-05-28 20:00:00,0.18818818248911384
2018-05-28 20:03:00,0.17465998874416755
2018-05-28 20:06:00,0.08354372837504798
2018-05-28 20:09:00,0.17165161851073663
2018-05-28 20:12:00,0.18138640789169358
2018-05-28 20:15:00,0.09639553864184336
2018-05-28 20:18:00,0.11842289798261163
2018-05-28 20:21:00,0.12943159711301178
2018-05-28 20:24:00,0.12566532056013102
2018-05-28 20:27:00,0.11572335287502256
2018-05-28 20:30:00,0.14233570596064737
2018-05-28 20:33:00,0.1551426420445523
2018-05-28 20:36:00,0.18544727006394623
2018-05-28 20:39:00,0.06907734345861627
2018-05-28 20:42:00,0.15106445694522108
2018-05-28 20:45:00,0.1252754503305482
2018-05-28 20:48:00,0.16820786055944836
2018-05-28 20:51:00,0.2978366809991826
2018-05-28 20:54:00,0.18605980354874418
2018-05-28 20:57:00,0.18085069513881535
2018-05-28 21:00:00,0.28249173438643993
2018-05-28 21:03:00,0.251635125567077
2018-05-28 21:06:00,0.2997808045191164
2018-05-28 21:09:00,0.19940847553635876
2018-05-28 21:12:00,0.2648147997211936
2018-05-28 21:15:00,0.1752644237915888
2018-05-28 21:18:00,0.23372722798524137
2018-05-28 21:21:00,0.27059593974286145
2018-05-28 21:24:00,0.24190968264048252
2018-05-28 21:27:00,0.27419688997031244
2018-05-28 21:30:00,0.293201724295443
2018-05-28 21:33:00,0.31496390719928513
2018-05-28 21:36:00,0.3260806918486878
2018-05-28 21:39:00,0.3273610324862375
2018-05-28 21:42:00,0.33043158893724467
2018-05-28 21:45:00,0.4154132744546928
2018-05-28 21:48:00,0.5199743147220488
2018-05-28 21:51:00,0.4064297556104748
2018-05-28 21:54:00,0.3829359455897361
2018-05-28 21:57:00,0.4041327927422458
2018-05-28 22:00:00,0.40415982964429986
2018-05-28 22:03:00,0.4401386579128257
2018-05-28 22:06:00,0.2869072737846068
2018-05-28 22:09:00,0.33840322856588045
2018-05-28 22:12:00,0.3109812920459376
2018-05-28 22:15:00,0.3104477079766639
2018-05-28 22:18:00,0.3139842237349626
2018-05-28 22:21:00,0.3303049660142392
2018-05-28 22:24:00,0.3491711129163946
2018-05-28 22:27:00,0.3450986946766079
2018-05-28 22:30:00,0.3311184941588863
2018-05-28 22:33:00,0.3452766592353669
2018-05-28 22:36:00,0.4237847920226727
2018-05-28 22:39:00,0.4809565370914015
2018-05-28 22:42:00,0.37943377041540316
2018-05-28 22:45:00,0.41917569945792366
2018-05-28 22:48:00,0.5287919550977449
2018-05-28 22:51:00,0.461491297130749
2018-05-28 22:54:00,0.44030443264642827
2018-05-28 22:57:00,0.4316483827637967
2018-05-28 23:00:00,0.5205029517513253
2018-05-28 23:03:00,0.42974056983319997
2018-05-28 23:06:00,0.39539098226492797
2018-05-28 23:09:00,0.4093131614638992
2018-05-28 23:12:00,0.4147205744022813
2018-05-28 23:15:00,0.4781103279410104
2018-05-28 23:18:00,0.508267077036578
2018-05-28 23:21:00,0.29501224103290724
2018-05-28 23:24:00,0.3938778521751374
2018-05-28 23:27:00,0.3999764588330095
2018-05-28 23:30:00,0.43484253673477724
2018-05-28 23:33:00,0.4591789365630916
2018-05-28 23:36:00,0.4251624200380206
2018-05-28 23:39:00,0.33108698098385503
2018-05-28 23:42:00,0.3885693526767682
2018-05-28 23:45:00,0.3208925120749768
2018-05-28 23:48:00,0.3468338668738511
2018-05-28 23:51:00,0.4748979028895519
2018-05-28 23:54:00,0.39255443744633567
2018-05-28 23:57:00,0.417180166609171
2018-05-29 00:00:00,0.4323500727485907
2018-05-29 00:03:00,0.5035714916918437
2018-05-29 00:06:00,0.37011616189073493
2018-05-29 00:09:00,0.4899247357373042
2018-05-29 00:12:00,0.41382174819329975
2018-05-29 00:15:00,0.3765407666438705
2018-05-29 00:18:00,0.29548452154762117
2018-05-29 00:21:00,0.30388413076917686
2018-05-29 00:24:00,0.29296401661144955
2018-05-29 00:27:00,0.2665220674614375
2018-05-29 00:30:00,0.34344843607709663
2018-05-29 00:33:00,0.37420366941734073
2018-05-29 00:36:00,0.3658197550611817
2018-05-29 00:39:00,0.46556828849367093
2018-05-29 00:42:00,0.3968457095967892
2018-05-29 00:45:00,0.40713720767024597
2018-05-29 00:48:00,0.3335890258376253
2018-05-29 00:51:00,0.3549267918355099
2018-05-29 00:54:00,0.35341148630311636
2018-05-29 00:57:00,0.3031464569755258
2018-05-29 01:00:00,0.39333189356625553
2018-05-29 01:03:00,0.46133896841701016
2018-05-29 01:06:00,0.40451649170086057
2018-05-29 01:09:00,0.41311171539842917
2018-05-29 01:12:00,0.40154866261593725
2018-05-29 01:15:00,0.36626515249469094
2018-05-29 01:18:00,0.27610875907549826
2018-05-29 01:21:00,0.39074483096925405
2018-05-29 01:24:00,0.4199083676065243
2018-05-29 01:27:00,0.36983720827646493
2018-05-29 01:30:00,0.38680329122399826
2018-05-29 01:33:00,0.3762127603417298
2018-05-29 01:36:00,0.3466514703623602
2018-05-29 01:39:00,0.41587088165994146
2018-05-29 01:42:00,0.46972540859854917
2018-05-29 01:45:00,0.3613688342661021
2018-05-29 01:48:00,0.4206627704090806
2018-05-29 01:51:00,0.3969857378258439
2018-05-29 01:54:00,0.3423597549146393
2018-05-29 01:57:00,0.4018741056162298
2018-05-29 02:00:00,0.27431307764055646
2018-05-29 02:03:00,0.4103266409122739
2018-05-29 02:06:00,0.4542630757305801
2018-05-29 02:09:00,0.44537336201779
2018-05-29 02:12:00,0.46853113413089886
2018-05-29 02:15:00,0.37015366809708894
2018-05-29 02:18:00,0.3468817452295525
2018-05-29 02:21:00,0.3787269542706895
2018-05-29 02:24:00,0.4568093846655188
2018-05-29 02:27:00,0.4842974220056817
2018-05-29 02:30:00,0.43052648696561846
2018-05-29 02:33:00,0.3763370218643445
2018-05-29 02:36:00,0.3258005835029394
2018-05-29 02:39:00,0.4131719278273067
2018-05-29 02:42:00,0.47020263300498755
2018-05-29 02:45:00,0.5019773603961539
2018-05-29 02:48:00,0.5477610020828365
2018-05-29 02:51:00,0.45809565243507677
2018-05-29 02:54:00,0.3976623666416117
2018-05-29 02:57:00,0.444122395583463
2018-05-29 03:00:00,0.47064920374265284
2018-05-29 03:03:00,0.3860896670741454
2018-05-29 03:06:00,0.4901057796284931
2018-05-29 03:09:00,0.4585004432253186
2018-05-29 03:12:00,0.40881552288874445
2018-05-29 03:15:00,0.44044067743129744
2018-05-29 03:18:00,0.3874925006722947
2018-05-29 03:21:00,0.41023448033371324
2018-05-29 03:24:00,0.4349580549930465
2018-05-29 03:27:00,0.463382884323039
2018-05-29 03:30:00,0.4558111247675356
2018-05-29 03:33:00,0.45544011643988824
2018-05-29 03:36:00,0.4047681545815749
2018-05-29 03:39:00,0.3086934491830675
2018-05-29 03:42:00,0.3681525867250457
2018-05-29 03:45:00,0.37171394801561064
2018-05-29 03:48:00,0.4037344006459307
2018-05-29 03:51:00,0.415544561764591
2018-05-29 03:54:00,0.4078510863089946
2018-05-29 03:57:00,0.45564528491695455
2018-05-29 04:00:00,0.5232029958868338
2018-05-29 04:03:00,0.46198966492693216
2018-05-29 04:06:00,0.5193839737029293
2018-05-29 04:09:00,0.34035116859615755
2018-05-29 04:12:00,0.4154438128645097
2018-05-29 04:15:00,0.39452585678697005
2018-05-29 04:18:00,0.46803060669651586
2018-05-29 04:21:00,0.43529778599304336
2018-05-29 04:24:00,0.3778428325583718
2018-05-29 04:27:00,0.49808351378709403
2018-05-29 04:30:00,0.4249075758098684
2018-05-29 04:33:00,0.4207134070387042
2018-05-29 04:36:00,0.44191956076133465
2018-05-29 04:39:00,0.46243384600194304
2018-05-29 04:42:00,0.3926598070321461
2018-05-29 04:45:00,0.437080126597607
2018-05-29 04:48:00,0.4487467250342547
2018-05-29 04:51:00,0.4813603359007743
2018-05-29 04:54:00,0.5780074563541575
2018-05-29 04:57:00,0.43935236512766096
2018-05-29 05:00:00,0.5077477940765789
2018-05-29 05:03:00,0.5141524009637237
2018-05-29 05:06:00,0.48565957264327153
2018-05-29 05:09:00,0.5133225046150187
2018-05-29 05:12:00,0.47085254084601047
2018-05-29 05:15:00,0.42107066986170594
2018-05-29 05:18:00,0.4817473804982342
2018-05-29 05:21:00,0.41894262716260755
2018-05-29 05:24:00,0.4629502966178052
2018-05-29 05:27:00,0.4258794975939395
2018-05-29 05:30:00,0.44334460410266274
2018-05-29 05:33:00,0.5227673839117983
2018-05-29 05:36:00,0.4886728399233107
2018-05-29 05:39:00,0.42338402680087484
2018-05-29 05:42:00,0.5395468157931873
2018-05-29 05:45:00,0.4967438981587975
2018-05-29 05:48:00,0.4420065850271726
2018-05-29 05:51:00,0.4650200326467484
2018-05-29 05:54:00,0.3642883650717863
2018-05-29 05:57:00,0.40906261301455515
2018-05-29 06:00:00,0.5629685051474667
2018-05-29 06:03:00,0.5586626256887257
2018-05-29 06:06:00,0.4378392691374984
2018-05-29 06:09:00,0.5031487621469068
2018-05-29 06:12:00,0.5016510649119255
2018-05-29 06:15:00,0.5043781234535345
2018-05-29 06:18:00,0.4594702148456804
2018-05-29 06:21:00,0.4516931049879531
2018-05-29 06:24:00,0.5423808111349331
2018-05-29 06:27:00,0.4700122096143673
2018-05-29 06:30:00,0.5197951791276978
2018-05-29 06:33:00,0.5010364304450263
2018-05-29 06:36:00,0.511355918914262
2018-05-29 06:39:00,0.6148646647948794
2018-05-29 06:42:00,0.43952266997149536
2018-05-29 06:45:00,0.6185443613533721
2018-05-29 06:48:00,0.42470412188367845
2018-05-29 06:51:00,0.5407419973412289
2018-05-29 06:54:00,0.49511313118841827
2018-05-29 06:57:00,0.4896417672168809
2018-05-29 07:00:00,0.33775840258681455
2018-05-29 07:03:00,0.5159336043179792
2018-05-29 07:06:00,0.4341063547604449
2018-05-29 07:09:00,0.30872901446974765
2018-05-29 07:12:00,0.41735910735593507
2018-05-29 07:15:00,0.525146719386214
2018-05-29 07:18:00,0.49595773633279805
2018-05-29 07:21:00,0.44294950080069384
2018-05-29 07:24:00,0.3936995435516337
2018-05-29 07:27:00,0.41082440879523574
2018-05-29 07:30:00,0.3424031304875257
2018-05-29 07:33:00,0.40780687886729083
2018-05-29 07:36:00,0.37497408210219874
2018-05-29 07:39:00,0.394410605616315
2018-05-29 07:42:00,0.3849637212188668
2018-05-29 07:45:00,0.4962813487602489
2018-05-29 07:48:00,0.32919161375730255
2018-05-29 07:51:00,0.3913797603191824
2018-05-29 07:54:00,0.4180825342966159
2018-05-29 07:57:00,0.4893120295631661
2018-05-29 08:00:00,0.4355571160390923
2018-05-29 08:03:00,0.40094711204704936
2018-05-29 08:06:00,0.3597745791281568
2018-05-29 08:09:00,0.5017521819794979
2018-05-29 08:12:00,0.3708077564153882
2018-05-29 08:15:00,0.3775812630962605
2018-05-29 08:18:00,0.32996712657546823
2018-05-29 08:21:00,0.3774649661772287
2018-05-29 08:24:00,0.3184130110467436
2018-05-29 08:27:00,0.359566112521577
2018-05-29 08:30:00,0.33083683634407635
2018-05-29 08:33:00,0.37591603861585554
2018-05-29 08:36:00,0.36205304667777227
2018-05-29 08:39:00,0.2910455424275824
2018-05-29 08:42:00,0.26217181082205343
2018-05-29 08:45:00,0.26862162455989846
2018-05-29 08:48:00,0.3239345679263579
2018-05-29 08:51:00,0.2313929438050195
2018-05-29 08:54:00,0.290338250016589
2018-05-29 08:57:00,0.34276807920798547
2018-05-29 09:00:00,0.3047660158694043
2018-05-29 09:03:00,0.25212758912380195
2018-05-29 09:06:00,0.3952374128630254
2018-05-29 09:09:00,0.22795078592946538
2018-05-29 09:12:00,0.22771377723603337
2018-05-29 09:15:00,0.33429289517226835
2018-05-29 09:18:00,0.240522050089794
2018-05-29 09:21:00,0.18479078162431506
2018-05-29 09:24:00,0.1166541268772221
2018-05-29 09:27:00,0.3083456623286338
2018-05-29 09:30:00,0.11583855267878107
2018-05-29 09:33:00,0.12427669532661412
2018-05-29 09:36:00,0.21340010692352962
2018-05-29 09:39:00,0.1837556140696961
2018-05-29 09:42:00,0.11262544374903882
2018-05-29 09:45:00,0.030327374931687245
2018-05-29 09:48:00,0.1627968128270254
2018-05-29 09:51:00,0.13228599412246922
2018-05-29 09:54:00,0.054491557141886915
2018-05-29 09:57:00,0.11681974149576035
2018-05-29 10:00:00,0.0826186959415054
2018-05-29 10:03:00,0.07276519793407488
2018-05-29 10:06:00,0.114015882398121
2018-05-29 10:09:00,-0.06813111179707221
2018-05-29 10:12:00,0.12442495855032121
2018-05-29 10:15:00,0.14985735936147648
2018-05-29 10:18:00,0.10435368500799314
2018-05-29 10:21:00,0.09023254512362655
2018-05-29 10:24:00,0.059693732454149995
2018-05-29 10:27:00,0.04315315665326125
2018-05-29 10:30:00,0.006591226925991123
2018-05-29 10:33:00,-0.049906510142704974
2018-05-29 10:36:00,0.0528469966707803
2018-05-29 10:39:00,0.06459137855915742
2018-05-29 10:42:00,-0.05033758168769964
2018-05-29 10:45:00,0.001792449044046407
2018-05-29 10:48:00,-0.046805180534192914
2018-05-29 10:51:00,-0.040168360337190734
2018-05-29 10:54:00,0.0972717385968167
2018-05-29 10:57:00,-0.03938082743900395
2018-05-29 11:00:00,-0.048341642658840556
2018-05-29 11:03:00,-0.016860880529293354
2018-05-29 11:06:00,-0.02907927990167991
2018-05-29 11:09:00,-0.029213796750923393
2018-05-29 11:12:00,-0.012312749354066455
2018-05-29 11:15:00,-0.05409665755905735
2018-05-29 11:18:00,-0.008149291259428537
2018-05-29 11:21:00,-0.09691464423673324
2018-05-29 11:24:00,-0.04686116085161984
2018-05-29 11:27:00,-0.005158193175134329
2018-05-29 11:30:00,-0.011551951652336356
2018-05-29 11:33:00,-0.052968308439517386
2018-05-29 11:36:00,-0.23310864817273114
2018-05-29 11:39:00,-0.19473330607365824
2018-05-29 11:42:00,-0.11358543353958339
2018-05-29 11:45:00,-0.06937073458942677
2018-05-29 11:48:00,0.041309981502877235
2018-05-29 11:51:00,-0.042962814555210116
2018-05-29 11:54:00,0.034988178778064594
2018-05-29 11:57:00,-0.03670775470249055
2018-05-29 12:00:00,-0.00019310374545966624
2018-05-29 12:03:00,-0.09899577438892493
2018-05-29 12:06:00,-0.004530766208006298
2018-05-29 12:09:00,-0.03906948467925986
2018-05-29 12:12:00,0.09719099847325197
2018-05-29 12:15:00,-0.10769530891241175
2018-05-29 12:18:00,-0.1027408892309154
2018-05-29 12:21:00,-0.07595208637883388
2018-05-29 12:24:00,-0.16730679334597198
2018-05-29 12:27:00,-0.09999114749240334
2018-05-29 12:30:00,-0.03232315648619988
2018-05-29 12:33:00,-0.24429104080348907
2018-05-29 12:36:00,-0.16460734923003884
2018-05-29 12:39:00,-0.1397042592861908
2018-05-29 12:42:00,-0.20273690673724332
2018-05-29 12:45:00,-0.09272003029076359
2018-05-29 12:48:00,0.06474307943028634
2018-05-29 12:51:00,-0.10140815043826024
2018-05-29 12:54:00,-0.029527152133368872
2018-05-29 12:57:00,0.1621993395748973
2018-05-29 13:00:00,-0.10635499713657737
2018-05-29 13:03:00,-0.07300087385289089
2018-05-29 13:06:00,0.02793687143656598
2018-05-29 13:09:00,0.08014603095728035
2018-05-29 13:12:00,-0.10149419259442993
2018-05-29 13:15:00,0.011899862830091479
2018-05-29 13:18:00,0.05701670595425412
2018-05-29 13:21:00,-0.08458287860406699
2018-05-29 13:24:00,-0.13065003629884586
2018-05-29 13:27:00,-0.15719352637256634
2018-05-29 13:30:00,-0.10351940715781893
2018-05-29 13:33:00,-0.025341138411022257
2018-05-29 13:36:00,-0.10273598899203762
2018-05-29 13:39:00,-0.19385954565319707
2018-05-29 13:42:00,-0.1425863648549921
2018-05-29 13:45:00,-0.17712347518801153
2018-05-29 13:48:00,-0.10827158164954653
2018-05-29 13:51:00,-0.12624892769326834
2018-05-29 13:54:00,-0.06825822597545539
2018-05-29 13:57:00,-0.1728261651155094
2018-05-29 14:00:00,-0.173174360524456
2018-05-29 14:03:00,-0.13986159238299933
2018-05-29 14:06:00,-0.14934064083121257
2018-05-29 14:09:00,0.0064411479765453805
2018-05-29 14:12:00,-0.13203517372005535
2018-05-29 14:15:00,-0.13254037743854497
2018-05-29 14:18:00,-0.13509430961295266
2018-05-29 14:21:00,-0.05768440601275415
2018-05-29 14:24:00,-0.07568028494455348
2018-05-29 14:27:00,0.07136738282423494
2018-05-29 14:30:00,-0.05979432571467669
2018-05-29 14:33:00,-0.027946590047520203
2018-05-29 14:36:00,-0.05062432253401994
2018-05-29 14:39:00,-0.1192628531694595
2018-05-29 14:42:00,-0.12504414031127453
2018-05-29 14:45:00,0.0018014834977293503
2018-05-29 14:48:00,0.021393678238723624
2018-05-29 14:51:00,0.10540443591912663
2018-05-29 14:54:00,0.10436844229218423
2018-05-29 14:57:00,0.2620404995110448
2018-05-29 15:00:00,0.13761826745979988
2018-05-29 15:03:00,0.24724274004950075
2018-05-29 15:06:00,0.14834254371561428
2018-05-29 15:09:00,0.1962196190708596
2018-05-29 15:12:00,0.10350142806851181
2018-05-29 15:15:00,0.22569510229055822
2018-05-29 15:18:00,0.22814030359722892
2018-05-29 15:21:00,0.11244710444998418
2018-05-29 15:24:00,0.13761730395100358
2018-05-29 15:27:00,0.03649822812462844
2018-05-29 15:30:00,-0.028661084634507006
2018-05-29 15:33:00,-0.024195348405044115
2018-05-29 15:36:00,-0.10164108833311047
2018-05-29 15:39:00,-0.05192938517609491
2018-05-29 15:42:00,-0.055038650582048376
2018-05-29 15:45:00,0.01039440770841793
2018-05-29 15:48:00,0.006045190426277713
2018-05-29 15:51:00,0.05950723773759137
2018-05-29 15:54:00,0.15498003535230964
2018-05-29 15:57:00,0.3063730461580576
2018-05-29 16:00:00,0.19427644239954134
2018-05-29 16:03:00,0.103487886423693
2018-05-29 16:06:00,0.15171143190428893
2018-05-29 16:09:00,0.15238999085534033
2018-05-29 16:12:00,0.22609583529924748
2018-05-29 16:15:00,0.3719034510803567
2018-05-29 16:18:00,0.3923058264166457
2018-05-29 16:21:00,0.528895870763165
2018-05-29 16:24:00,0.44765814626379097
2018-05-29 16:27:00,0.41768262605125983
2018-05-29 16:30:00,0.15673150316524698
2018-05-29 16:33:00,0.053110561226333175
2018-05-29 16:36:00,0.21831230139878244
2018-05-29 16:39:00,0.20346109808326673
2018-05-29 16:42:00,0.08500652652674034
2018-05-29 16:45:00,0.1096767681464712
2018-05-29 16:48:00,0.18372333050098177
2018-05-29 16:51:00,0.1427780571831363
2018-05-29 16:54:00,0.09450399430318157
2018-05-29 16:57:00,0.014805183052374105
2018-05-29 17:00:00,-0.021212019224208234
2018-05-29 17:03:00,-0.07797167259371918
2018-05-29 17:06:00,0.07739826353025592
2018-05-29 17:09:00,0.09065093260250023
2018-05-29 17:12:00,0.005785679683242506
2018-05-29 17:15:00,0.12132924835526637
2018-05-29 17:18:00,0.09145678515835698
2018-05-29 17:21:00,0.09826650259196867
2018-05-29 17:24:00,0.15289410977436546
2018-05-29 17:27:00,0.031259370369411954
2018-05-29 17:30:00,0.016264544599721376
2018-05-29 17:33:00,0.08086028564633807
2018-05-29 17:36:00,0.07567253657987294
2018-05-29 17:39:00,0.06705385008456233
2018-05-29 17:42:00,0.07359851070884815
2018-05-29 17:45:00,0.13360066894097145
2018-05-29 17:48:00,0.1557093655936228
2018-05-29 17:51:00,0.19515961467504894
2018-05-29 17:54:00,0.20330876655924612
2018-05-29 17:57:00,0.006178488128000481
2018-05-29 18:00:00,0.11307164565658923
2018-05-29 18:03:00,0.12594555972549415
2018-05-29 18:06:00,0.29728240283094465
2018-05-29 18:09:00,0.25614898484883497
2018-05-29 18:12:00,0.27981243653567844
2018-05-29 18:15:00,0.3469469665708971
2018-05-29 18:18:00,0.2289645887054803
2018-05-29 18:21:00,0.251101387821393
2018-05-29 18:24:00,0.28506907068884857
2018-05-29 18:27:00,0.22792582449119436
2018-05-29 18:30:00,0.1010713046514411
2018-05-29 18:33:00,0.18305422684818495
2018-05-29 18:36:00,0.23522575381520028
2018-05-29 18:39:00,0.24155270059605982
2018-05-29 18:42:00,0.22490150485293725
2018-05-29 18:45:00,0.1278509889846191
2018-05-29 18:48:00,0.14797078243378792
2018-05-29 18:51:00,0.13494770432828318
2018-05-29 18:54:00,
2018-05-29 18:57:00,
2018-05-29 19:00:00,
2018-05-29 19:03:00,0.2423195260469697
2018-05-29 19:06:00,0.14007217546082984
2018-05-29 19:09:00,0.20264266148637944
2018-05-29 19:12:00,0.1775269010744296
2018-05-29 19:15:00,0.23227396636104913
2018-05-29 19:18:00,0.20126037677886188
2018-05-29 19:21:00,0.13931830099397757
2018-05-29 19:24:00,0.2875289840952746
2018-05-29 19:27:00,0.2687307331946158
2018-05-29 19:30:00,0.24098717046319962
2018-05-29 19:33:00,0.2848215788159223
2018-05-29 19:36:00,0.1526864684756788
2018-05-29 19:39:00,0.23010867606137708
2018-05-29 19:42:00,0.14602309161216454
2018-05-29 19:45:00,0.17446537397898965
2018-05-29 19:48:00,0.3725423981787799
2018-05-29 19:51:00,0.5424773084321828
2018-05-29 19:54:00,0.5090963571180964
2018-05-29 19:57:00,0.30602195203420024
2018-05-29 20:00:00,0.2857302324327975
2018-05-29 20:03:00,0.3790276406636508
2018-05-29 20:06:00,0.26422388602486535
2018-05-29 20:09:00,0.10257944862530621
2018-05-29 20:12:00,0.19470576476919632
2018-05-29 20:15:00,0.19172359780196757
2018-05-29 20:18:00,0.08770947468246959
2018-05-29 20:21:00,0.07279841131833109
2018-05-29 20:24:00,0.08397678984260892
2018-05-29 20:27:00,0.18950829447362594
2018-05-29 20:30:00,0.10404703554752359
2018-05-29 20:33:00,0.2682582077709412
2018-05-29 20:36:00,0.2695549026237245
2018-05-29 20:39:00,0.28568630478093837
2018-05-29 20:42:00,0.27939853744896936
2018-05-29 20:45:00,0.1847856064882194
2018-05-29 20:48:00,0.1246654991684295
2018-05-29 20:51:00,0.2210872772088237
2018-05-29 20:54:00,0.2671920139798658
2018-05-29 20:57:00,0.18493961826453642
2018-05-29 21:00:00,0.28871270891335143
2018-05-29 21:03:00,0.1999188756657304
2018-05-29 21:06:00,0.1514511860791572
2018-05-29 21:09:00,0.1911589418504036
2018-05-29 21:12:00,0.1661123729284668
2018-05-29 21:15:00,0.15516937557777055
2018-05-29 21:18:00,0.2794113181075204
2018-05-29 21:21:00,0.23907186793621804
2018-05-29 21:24:00,0.2238608354238636
2018-05-29 21:27:00,0.23185572641608587
2018-05-29 21:30:00,0.170385402787133
2018-05-29 21:33:00,0.1822723670223354
2018-05-29 21:36:00,0.22620584140111077
2018-05-29 21:39:00,0.17050476344331855
2018-05-29 21:42:00,0.25730335746646915
2018-05-29 21:45:00,0.20443988136582902
2018-05-29 21:48:00,0.34272982659626905
2018-05-29 21:51:00,0.4702647134823792
2018-05-29 21:54:00,0.5358650519238495
2018-05-29 21:57:00,0.5072508657891035
2018-05-29 22:00:00,0.43623705094859133
2018-05-29 22:03:00,0.47281209871022156
2018-05-29 22:06:00,0.4551333709462142
2018-05-29 22:09:00,0.4465864432899025
2018-05-29 22:12:00,0.2901315703909404
2018-05-29 22:15:00,0.32074033375300814
2018-05-29 22:18:00,0.4144589269209291
2018-05-29 22:21:00,0.4324945877850155
2018-05-29 22:24:00,0.34702435246867935
2018-05-29 22:27:00,0.3543179046930618
2018-05-29 22:30:00,0.3231832359591067
2018-05-29 22:33:00,0.2559244691012168
2018-05-29 22:36:00,0.35981287107705384
2018-05-29 22:39:00,0.40959345960112614
2018-05-29 22:42:00,0.2284318716638154
2018-05-29 22:45:00,0.4095068230394645
2018-05-29 22:48:00,0.5547850538968646
2018-05-29 22:51:00,0.38935237113821586
2018-05-29 22:54:00,0.2497704450598235
2018-05-29 22:57:00,0.35650106025957484
2018-05-29 23:00:00,0.28967868840044275
2018-05-29 23:03:00,0.2057968225144009
2018-05-29 23:06:00,0.2614823223628946
2018-05-29 23:09:00,0.320121952697491
2018-05-29 23:12:00,0.40427322374563346
2018-05-29 23:15:00,0.3568444766387415
2018-05-29 23:18:00,0.40565392475753015
2018-05-29 23:21:00,0.41327499956508973
2018-05-29 23:24:00,0.5865731729169283
2018-05-29 23:27:00,0.6087604316088004
2018-05-29 23:30:00,0.5284868632231792
2018-05-29 23:33:00,0.4364835856238187
2018-05-29 23:36:00,0.3981547189142134
2018-05-29 23:39:00,0.38829784058521
2018-05-29 23:42:00,0.4856093085874136
2018-05-29 23:45:00,0.43756044894900015
2018-05-29 23:48:00,0.333974585608928
2018-05-29 23:51:00,0.37013527866793083
2018-05-29 23:54:00,0.2836591397411894
2018-05-29 23:57:00,0.3992466259305161
2018-05-30 00:00:00,0.38510466961275824
2018-05-30 00:03:00,0.3110015982296659
2018-05-30 00:06:00,0.3582933148052234
2018-05-30 00:09:00,0.3909337398356456
2018-05-30 00:12:00,0.3193669691449941
2018-05-30 00:15:00,0.3894251262759667
2018-05-30 00:18:00,0.24168167573049004
2018-05-30 00:21:00,0.38811629275164705
2018-05-30 00:24:00,0.39719808476291973
2018-05-30 00:27:00,0.277659966330873
2018-05-30 00:30:00,0.24727857111668072
2018-05-30 00:33:00,0.3819920480879091
2018-05-30 00:36:00,0.3861814064097189
2018-05-30 00:39:00,0.28233111271856615
2018-05-30 00:42:00,0.2968271190843552
2018-05-30 00:45:00,0.36704405585726363
2018-05-30 00:48:00,0.3528341174722982
2018-05-30 00:51:00,0.3996137935728825
2018-05-30 00:54:00,0.24788483307423803
2018-05-30 00:57:00,0.3339505726517018
2018-05-30 01:00:00,0.38028438580215607
2018-05-30 01:03:00,0.2368432383847221
2018-05-30 01:06:00,0.36440313925936607
2018-05-30 01:09:00,0.3611964809830397
2018-05-30 01:12:00,0.3569050042278832
2018-05-30 01:15:00,0.3704364258813371
2018-05-30 01:18:00,0.3915919148296325
2018-05-30 01:21:00,0.4524803618355122
2018-05-30 01:24:00,0.2823767923896412
2018-05-30 01:27:00,0.34181073548762697
2018-05-30 01:30:00,0.4269836925136019
2018-05-30 01:33:00,0.40556110843675697
2018-05-30 01:36:00,0.3210685374547779
2018-05-30 01:39:00,0.3872424204764684
2018-05-30 01:42:00,0.4646900996307295
2018-05-30 01:45:00,0.3374841777766733
2018-05-30 01:48:00,0.3315207709147785
2018-05-30 01:51:00,0.3837557367671707
2018-05-30 01:54:00,0.38944455439678904
2018-05-30 01:57:00,0.378270414963481
2018-05-30 02:00:00,0.44381829255382854
2018-05-30 02:03:00,0.4126673738848581
2018-05-30 02:06:00,0.2937218723084243
2018-05-30 02:09:00,0.2892963766350931
2018-05-30 02:12:00,0.43026286627980426
2018-05-30 02:15:00,0.26616471179812606
2018-05-30 02:18:00,0.42842582179042665
2018-05-30 02:21:00,0.37110246147722137
2018-05-30 02:24:00,0.36730998497421297
2018-05-30 02:27:00,0.4252849185112382
2018-05-30 02:30:00,0.4349656898126568
2018-05-30 02:33:00,0.44526838258860835
2018-05-30 02:36:00,0.4373532443576096
2018-05-30 02:39:00,0.32081153469272294
2018-05-30 02:42:00,0.46400054413675207
2018-05-30 02:45:00,0.4202043965625535
2018-05-30 02:48:00,0.5513082909033642
2018-05-30 02:51:00,0.5549556142930214
2018-05-30 02:54:00,0.5677107608603933
2018-05-30 02:57:00,0.5185268219509567
2018-05-30 03:00:00,0.5867151685559406
2018-05-30 03:03:00,0.4186884177456136
2018-05-30 03:06:00,0.42390791939942574
2018-05-30 03:09:00,0.33146532444004606
2018-05-30 03:12:00,0.3795665318581882
2018-05-30 03:15:00,0.44768521574286524
2018-05-30 03:18:00,0.42380754175547963
2018-05-30 03:21:00,0.4900811362350055
2018-05-30 03:24:00,0.552606300531636
2018-05-30 03:27:00,0.4887008183834496
2018-05-30 03:30:00,0.48265368415025023
2018-05-30 03:33:00,0.5377936766882385
2018-05-30 03:36:00,0.5620665465690422
2018-05-30 03:39:00,0.4619551900144643
2018-05-30 03:42:00,0.4410850167039939
2018-05-30 03:45:00,0.4599698530900582
2018-05-30 03:48:00,0.4635705235544947
2018-05-30 03:51:00,0.5652645277951933
2018-05-30 03:54:00,0.5127716941648828
2018-05-30 03:57:00,0.5732277545412217
2018-05-30 04:00:00,0.5148612906365884
2018-05-30 04:03:00,0.5008822980938703
2018-05-30 04:06:00,0.4851650773971983
2018-05-30 04:09:00,0.494876578955882
2018-05-30 04:12:00,0.47307992155532474
2018-05-30 04:15:00,0.4330257240743549
2018-05-30 04:18:00,0.41260451935954734
2018-05-30 04:21:00,0.49159426937671924
2018-05-30 04:24:00,0.506454343728592
2018-05-30 04:27:00,0.41867964453916784
2018-05-30 04:30:00,0.4720912225922689
2018-05-30 04:33:00,0.5087615190690826
2018-05-30 04:36:00,0.3915553499215889
2018-05-30 04:39:00,0.48880499820387513
2018-05-30 04:42:00,0.44429137334589086
2018-05-30 04:45:00,0.45661680562909623
2018-05-30 04:48:00,0.4569825527223088
2018-05-30 04:51:00,0.4983096250692256
2018-05-30 04:54:00,0.5617467854755773
2018-05-30 04:57:00,0.493507859474164
2018-05-30 05:00:00,0.4280386396136464
2018-05-30 05:03:00,0.5289223495053079
2018-05-30 05:06:00,0.43555917551481116
2018-05-30 05:09:00,0.48902234185277393
2018-05-30 05:12:00,0.4955506645006267
2018-05-30 05:15:00,0.5224872676059817
2018-05-30 05:18:00,0.4442252599561698
2018-05-30 05:21:00,0.4545966072253691
2018-05-30 05:24:00,0.41607693280724334
2018-05-30 05:27:00,0.45251628213645745
2018-05-30 05:30:00,0.4039907486949801
2018-05-30 05:33:00,0.4287963463496567
2018-05-30 05:36:00,0.5550863662489292
2018-05-30 05:39:00,0.4659595503021592
2018-05-30 05:42:00,0.5847840346052635
2018-05-30 05:45:00,0.5365631388443717
2018-05-30 05:48:00,0.5463001362145974
2018-05-30 05:51:00,0.37027791691144785
2018-05-30 05:54:00,0.5129986180076003
2018-05-30 05:57:00,0.5122481853378531
2018-05-30 06:00:00,0.4435472893787278
2018-05-30 06:03:00,0.3863657025755174
2018-05-30 06:06:00,0.4865251437182678
2018-05-30 06:09:00,0.4611527750319624
2018-05-30 06:12:00,0.4666010037274191
2018-05-30 06:15:00,0.43447584800702543
2018-05-30 06:18:00,0.6093198649633109
2018-05-30 06:21:00,0.4049428523295546
2018-05-30 06:24:00,0.4988699633203737
2018-05-30 06:27:00,0.5467712152174613
2018-05-30 06:30:00,0.49288572467077074
2018-05-30 06:33:00,0.41496498831287454
2018-05-30 06:36:00,0.5721720028994923
2018-05-30 06:39:00,0.45453548007651534
2018-05-30 06:42:00,0.4973163596086465
2018-05-30 06:45:00,0.4917209277172674
2018-05-30 06:48:00,0.4649436721846314
2018-05-30 06:51:00,0.3959701570963716
2018-05-30 06:54:00,0.5090294637844863
2018-05-30 06:57:00,0.4359990599241428
2018-05-30 07:00:00,0.4394014496477894
2018-05-30 07:03:00,0.4139999346857053
2018-05-30 07:06:00,0.4849834678670959
2018-05-30 07:09:00,0.429025548419645
2018-05-30 07:12:00,0.4089225647288117
2018-05-30 07:15:00,0.40514144852522804
2018-05-30 07:18:00,0.4425087489436237
2018-05-30 07:21:00,0.47163550887506744
2018-05-30 07:24:00,0.45749218788046164
2018-05-30 07:27:00,0.4061873526427462
2018-05-30 07:30:00,0.4270993987852876
2018-05-30 07:33:00,0.33803498704423873
2018-05-30 07:36:00,0.3041549974079203
2018-05-30 07:39:00,0.43837711288426817
2018-05-30 07:42:00,0.4194023842508159
2018-05-30 07:45:00,0.39187168735998057
2018-05-30 07:48:00,0.42186845380956584
2018-05-30 07:51:00,0.4363936150978134
2018-05-30 07:54:00,0.4542231217834569
2018-05-30 07:57:00,0.40499160217405006
2018-05-30 08:00:00,0.4602556342217099
2018-05-30 08:03:00,0.44176836015964227
2018-05-30 08:06:00,0.2901728518819482
2018-05-30 08:09:00,0.3730920110049851
2018-05-30 08:12:00,0.3912431079023122
2018-05-30 08:15:00,0.5149811388433818
2018-05-30 08:18:00,0.4615556174632047
2018-05-30 08:21:00,0.27792916586923866
2018-05-30 08:24:00,0.27624029462469935
2018-05-30 08:27:00,0.30060551887726206
2018-05-30 08:30:00,0.2829066911814948
2018-05-30 08:33:00,0.3755932217956115
2018-05-30 08:36:00,0.25652326049248586
2018-05-30 08:39:00,0.3933628432480418
2018-05-30 08:42:00,0.33927095176562716
2018-05-30 08:45:00,0.40519043853959147
2018-05-30 08:48:00,0.3632919989927359
2018-05-30 08:51:00,0.29639120195218993
2018-05-30 08:54:00,0.304743760727888
2018-05-30 08:57:00,0.2644097235333902
2018-05-30 09:00:00,0.2615768076826157
2018-05-30 09:03:00,0.3913404858490708
2018-05-30 09:06:00,0.1781885126956695
2018-05-30 09:09:00,0.21827344886395394
2018-05-30 09:12:00,0.2570290342003432
2018-05-30 09:15:00,0.12496852240883527
2018-05-30 09:18:00,0.20876330975482915
2018-05-30 09:21:00,0.2734151025792926
2018-05-30 09:24:00,0.22672774832938103
2018-05-30 09:27:00,0.08797262269177963
2018-05-30 09:30:00,0.16576949992929713
2018-05-30 09:33:00,0.19174484466208241
2018-05-30 09:36:00,0.12930723395260202
2018-05-30 09:39:00,0.20496665961593408
2018-05-30 09:42:00,0.2172471123745936
2018-05-30 09:45:00,0.005787891920931543
2018-05-30 09:48:00,0.05733063820383677
2018-05-30 09:51:00,0.09731348373640003
2018-05-30 09:54:00,0.15464531889983846
2018-05-30 09:57:00,0.03323874149856465
2018-05-30 10:00:00,0.05185016068469395
2018-05-30 10:03:00,0.07518128770908561
2018-05-30 10:06:00,0.016558282581513595
2018-05-30 10:09:00,0.0347046170043086
2018-05-30 10:12:00,0.03277178663648783
2018-05-30 10:15:00,0.07137338033589913
2018-05-30 10:18:00,0.04306143188654232
2018-05-30 10:21:00,-0.08505215764802188
2018-05-30 10:24:00,-0.0025401592770322168
2018-05-30 10:27:00,-0.17374796109737645
2018-05-30 10:30:00,0.006442897678653026
2018-05-30 10:33:00,-0.01641776124546368
2018-05-30 10:36:00,-0.09928287754712528
2018-05-30 10:39:00,0.06985051958508848
2018-05-30 10:42:00,0.03438402386683492
2018-05-30 10:45:00,-0.03544344178624215
2018-05-30 10:48:00,-0.013151758340029573
2018-05-30 10:51:00,-0.026113758120970942
2018-05-30 10:54:00,-0.12234118706379604
2018-05-30 10:57:00,-0.11984043087494456
2018-05-30 11:00:00,-0.11948376519899284
2018-05-30 11:03:00,-0.04868547349178698
2018-05-30 11:06:00,-0.054848189895267296
2018-05-30 11:09:00,-0.04150911843930771
2018-05-30 11:12:00,0.12083800499891595
2018-05-30 11:15:00,-0.04064805319711695
2018-05-30 11:18:00,-0.008976308849412362
2018-05-30 11:21:00,-0.017008181629307728
2018-05-30 11:24:00,0.09652567462472916
2018-05-30 11:27:00,0.10406421106756625
2018-05-30 11:30:00,0.08803549843673864
2018-05-30 11:33:00,0.08269348930429032
2018-05-30 11:36:00,0.10607162977942153
2018-05-30 11:39:00,-0.11448610298907624
2018-05-30 11:42:00,0.07060282382224159
2018-05-30 11:45:00,0.05200306902548846
2018-05-30 11:48:00,0.015509924212267379
2018-05-30 11:51:00,0.14863574235431543
2018-05-30 11:54:00,0.24368229024264565
2018-05-30 11:57:00,0.15145965136622408
2018-05-30 12:00:00,0.0902471722869791
2018-05-30 12:03:00,-0.020455583701277646
2018-05-30 12:06:00,-0.04889816016537907
2018-05-30 12:09:00,-0.0012066203947256327
2018-05-30 12:12:00,0.05440738517893351
2018-05-30 12:15:00,0.12590773200827243
2018-05-30 12:18:00,0.2281263331313994
2018-05-30 12:21:00,0.040887481153617955
2018-05-30 12:24:00,0.056729430892289656
2018-05-30 12:27:00,0.12321250889579005
2018-05-30 12:30:00,0.09784436976127608
2018-05-30 12:33:00,-0.05011398836199987
2018-05-30 12:36:00,0.02863433530171733
2018-05-30 12:39:00,-0.053058795149468096
2018-05-30 12:42:00,-0.0014127900333278376
2018-05-30 12:45:00,0.06687393586810231
2018-05-30 12:48:00,0.14414560631655604
2018-05-30 12:51:00,0.08340822443670959
2018-05-30 12:54:00,-0.02110950066287387
2018-05-30 12:57:00,-0.06525429398379856
2018-05-30 13:00:00,-0.06993336775025227
2018-05-30 13:03:00,0.012771087282260396
2018-05-30 13:06:00,-0.08195672573214097
2018-05-30 13:09:00,-0.12063178365190197
2018-05-30 13:12:00,0.04378782476476317
2018-05-30 13:15:00,-0.05539948815118123
2018-05-30 13:18:00,0.1183778146882446
2018-05-30 13:21:00,-0.015962222411758376
2018-05-30 13:24:00,-0.02336970326024357
2018-05-30 13:27:00,0.0011945845345735506
2018-05-30 13:30:00,0.12426042803178916
2018-05-30 13:33:00,0.3327883202965154
2018-05-30 13:36:00,0.28730753233782025
2018-05-30 13:39:00,0.19781626499781169
2018-05-30 13:42:00,0.2053280124222283
2018-05-30 13:45:00,0.13560822503399095
2018-05-30 13:48:00,0.05651092509532418
2018-05-30 13:51:00,0.04478981847989871
2018-05-30 13:54:00,0.06232606235005278
2018-05-30 13:57:00,0.00244780408729639
2018-05-30 14:00:00,-0.028981319122806326
2018-05-30 14:03:00,-0.13537067826570137
2018-05-30 14:06:00,-0.047217154901545655
2018-05-30 14:09:00,0.025645957678534614
2018-05-30 14:12:00,0.16692376294446376
2018-05-30 14:15:00,0.1986824897581414
2018-05-30 14:18:00,0.3444949019276464
2018-05-30 14:21:00,0.40438898952567115
2018-05-30 14:24:00,0.24257623030507602
2018-05-30 14:27:00,0.10671347846721346
2018-05-30 14:30:00,0.042095933693417464
2018-05-30 14:33:00,0.04714688731314709
2018-05-30 14:36:00,0.1379719635690435
2018-05-30 14:39:00,0.1878398777972734
2018-05-30 14:42:00,0.21336116482996204
2018-05-30 14:45:00,0.05898819255128274
2018-05-30 14:48:00,0.06557596535691346
2018-05-30 14:51:00,0.06693064634924895
2018-05-30 14:54:00,0.1382019653405564
2018-05-30 14:57:00,0.06095634621976842
2018-05-30 15:00:00,0.2981148155086544
2018-05-30 15:03:00,0.7030499464614195
2018-05-30 15:06:00,0.5000433277952538
2018-05-30 15:09:00,0.16802482356649762
2018-05-30 15:12:00,0.16697394771313157
2018-05-30 15:15:00,0.19535512428382162
2018-05-30 15:18:00,0.10485682260110707
2018-05-30 15:21:00,0.25259335701321106
2018-05-30 15:24:00,0.23930285830192588
2018-05-30 15:27:00,0.041498951999130895
2018-05-30 15:30:00,-0.011191252907053695
2018-05-30 15:33:00,0.012551051525065304
2018-05-30 15:36:00,0.30464756095591383
2018-05-30 15:39:00,0.09824567793236838
2018-05-30 15:42:00,0.03728980142466298
2018-05-30 15:45:00,0.12465744365255205
2018-05-30 15:48:00,0.1798117587914021
2018-05-30 15:51:00,0.3044754970550798
2018-05-30 15:54:00,0.35804238790132104
2018-05-30 15:57:00,0.20449557937382679
2018-05-30 16:00:00,0.28402167385962684
2018-05-30 16:03:00,0.3308737513575011
2018-05-30 16:06:00,0.6029689450318187
2018-05-30 16:09:00,0.7202670861802289
2018-05-30 16:12:00,0.5617539591306127
2018-05-30 16:15:00,0.4640289900017933
2018-05-30 16:18:00,0.4512523289961905
2018-05-30 16:21:00,0.5609963013178572
2018-05-30 16:24:00,0.6553925268465832
2018-05-30 16:27:00,0.6214293356558187
2018-05-30 16:30:00,0.563113332295643
2018-05-30 16:33:00,0.4337297627862995
2018-05-30 16:36:00,0.2778089207471339
2018-05-30 16:39:00,0.34293839915591207
2018-05-30 16:42:00,0.4438215448457754
2018-05-30 16:45:00,0.5087165562683253
2018-05-30 16:48:00,0.5181587968866097
2018-05-30 16:51:00,0.3811099917234628
2018-05-30 16:54:00,0.3008227790729734
2018-05-30 16:57:00,0.2523472996815599
2018-05-30 17:00:00,0.20460016855537333
2018-05-30 17:03:00,0.27382596526706493
2018-05-30 17:06:00,0.13736716101988122
2018-05-30 17:09:00,0.22114648750869037
2018-05-30 17:12:00,0.35480599367889454
2018-05-30 17:15:00,0.2985544054159277
2018-05-30 17:18:00,0.27813330630516475
2018-05-30 17:21:00,0.1573877403789652
2018-05-30 17:24:00,0.17221099172513732
2018-05-30 17:27:00,0.14189868901542013
2018-05-30 17:30:00,0.205427262866408
2018-05-30 17:33:00,0.1479567053833648
2018-05-30 17:36:00,0.3307321426926819
2018-05-30 17:39:00,0.24280522952892625
2018-05-30 17:42:00,0.3884870241378735
2018-05-30 17:45:00,0.2855495612188861
2018-05-30 17:48:00,0.2870037087856758
2018-05-30 17:51:00,0.3068478124147873
2018-05-30 17:54:00,0.30236045510042686
2018-05-30 17:57:00,0.3852411792532848
2018-05-30 18:00:00,0.323631210863482
2018-05-30 18:03:00,0.2376737517867582
2018-05-30 18:06:00,0.23838695151846423
2018-05-30 18:09:00,0.2565718144096536
2018-05-30 18:12:00,0.3642345695957374
2018-05-30 18:15:00,0.21105279953962963
2018-05-30 18:18:00,0.29489426280395037
2018-05-30 18:21:00,0.19656954480751665
2018-05-30 18:24:00,0.2366829170119331
2018-05-30 18:27:00,0.35278593656704516
2018-05-30 18:30:00,0.26911879547327544
2018-05-30 18:33:00,0.39203125050403287
2018-05-30 18:36:00,0.3176623588930738
2018-05-30 18:39:00,0.39372311920629954
2018-05-30 18:42:00,0.2595145458975594
2018-05-30 18:45:00,0.26742125717538556
2018-05-30 18:48:00,0.23355152984589722
2018-05-30 18:51:00,0.2324839130494638
2018-05-30 18:54:00,
2018-05-30 18:57:00,
2018-05-30 19:00:00,
2018-05-30 19:03:00,0.31497462132159626
2018-05-30 19:06:00,0.15265726133043245
2018-05-30 19:09:00,0.2827730949538818
2018-05-30 19:12:00,0.2653815882554227
2018-05-30 19:15:00,0.2222391733001814
2018-05-30 19:18:00,0.21623412728075664
2018-05-30 19:21:00,0.22340054269807297
2018-05-30 19:24:00,0.19396273875668157
2018-05-30 19:27:00,0.30318165164300126
2018-05-30 19:30:00,0.2900041419866284
2018-05-30 19:33:00,0.24358721344208334
2018-05-30 19:36:00,0.3807517143409882
2018-05-30 19:39:00,0.2560741509615809
2018-05-30 19:42:00,0.3372277680844604
2018-05-30 19:45:00,0.2860038409309027
2018-05-30 19:48:00,0.3821024208177164
2018-05-30 19:51:00,0.25686991873965326
2018-05-30 19:54:00,0.2526147890126822
2018-05-30 19:57:00,0.31611516192140243
2018-05-30 20:00:00,0.4285213164421293
2018-05-30 20:03:00,0.2508909245656241
2018-05-30 20:06:00,0.4044780265207919
2018-05-30 20:09:00,0.35170948763470733
2018-05-30 20:12:00,0.333070014886232
2018-05-30 20:15:00,0.26174911950948854
2018-05-30 20:18:00,0.3555805019321383
2018-05-30 20:21:00,0.34565047201192556
2018-05-30 20:24:00,0.3812379813127791
2018-05-30 20:27:00,0.3556692568231483
2018-05-30 20:30:00,0.4421306406031249
2018-05-30 20:33:00,0.3995827852191951
2018-05-30 20:36:00,0.26807489129294026
2018-05-30 20:39:00,0.4228459068958159
2018-05-30 20:42:00,0.441439837786163
2018-05-30 20:45:00,0.5709098275911515
2018-05-30 20:48:00,0.4278083023243653
2018-05-30 20:51:00,0.47966609638075397
2018-05-30 20:54:00,0.5748829206525556
2018-05-30 20:57:00,0.7086390898433592
2018-05-30 21:00:00,0.6739471642949866
2018-05-30 21:03:00,0.9355430676325796
2018-05-30 21:06:00,0.8283115942185191
2018-05-30 21:09:00,0.8836050430372779
2018-05-30 21:12:00,0.9129539477930848
2018-05-30 21:15:00,0.6670257802381911
2018-05-30 21:18:00,0.6033012730812857
2018-05-30 21:21:00,0.7986265526401439
2018-05-30 21:24:00,0.7703284696032711
2018-05-30 21:27:00,0.816907104262782
2018-05-30 21:30:00,0.8054855931717952
2018-05-30 21:33:00,0.8787049652560768
2018-05-30 21:36:00,0.7707524321232313
2018-05-30 21:39:00,0.8418158476611097
2018-05-30 21:42:00,0.7198099791215782
2018-05-30 21:45:00,0.7368543372493264
2018-05-30 21:48:00,0.7162914301467822
2018-05-30 21:51:00,0.6962954028692252
2018-05-30 21:54:00,0.6316492656519017
2018-05-30 21:57:00,0.6759684235733516
2018-05-30 22:00:00,0.6913400341733791
2018-05-30 22:03:00,0.669606428583279
2018-05-30 22:06:00,0.8285189548806215
2018-05-30 22:09:00,0.4329567439820039
2018-05-30 22:12:00,0.5012834554054848
2018-05-30 22:15:00,0.5718477963689566
2018-05-30 22:18:00,0.5143180061236876
2018-05-30 22:21:00,0.5936593384606681
2018-05-30 22:24:00,0.6477129548700304
2018-05-30 22:27:00,0.6577465928335755
2018-05-30 22:30:00,0.7484341663436567
2018-05-30 22:33:00,0.7192090040917947
2018-05-30 22:36:00,0.708271606585356
2018-05-30 22:39:00,0.8181381183116514
2018-05-30 22:42:00,0.8154543847880404
2018-05-30 22:45:00,0.7502745952356236
2018-05-30 22:48:00,0.6724442016946455
2018-05-30 22:51:00,0.7108852988573062
2018-05-30 22:54:00,0.7572951508793722
2018-05-30 22:57:00,0.8269789511893464
2018-05-30 23:00:00,0.768407930276112
2018-05-30 23:03:00,0.799817966607975
2018-05-30 23:06:00,0.6589212571839198
2018-05-30 23:09:00,0.7166503545741989
2018-05-30 23:12:00,0.5941876603137075
2018-05-30 23:15:00,0.6400262102962415
2018-05-30 23:18:00,0.6743163300133119
2018-05-30 23:21:00,0.5849601630621919
2018-05-30 23:24:00,0.6408175948196799
2018-05-30 23:27:00,0.7482944665055129
2018-05-30 23:30:00,0.49498898448683804
2018-05-30 23:33:00,0.5947264818050257
2018-05-30 23:36:00,0.5259746834814223
2018-05-30 23:39:00,0.49805686051774956
2018-05-30 23:42:00,0.5046052447578973
2018-05-30 23:45:00,0.6072066466625756
2018-05-30 23:48:00,0.44377052927023897
2018-05-30 23:51:00,0.38677706208835616
2018-05-30 23:54:00,0.4912133523250759
2018-05-30 23:57:00,0.5260650235143771
2018-05-31 00:00:00,0.5344528991730613
2018-05-31 00:03:00,0.49007660578490686
2018-05-31 00:06:00,0.37691654722260637
2018-05-31 00:09:00,0.5034104861525179
2018-05-31 00:12:00,0.5147975368072366
2018-05-31 00:15:00,0.4938448828931996
2018-05-31 00:18:00,0.5573142461864222
2018-05-31 00:21:00,0.4613530906632377
2018-05-31 00:24:00,0.5359755318501129
2018-05-31 00:27:00,0.6675985972115654
2018-05-31 00:30:00,0.576237154660987
2018-05-31 00:33:00,0.49725361067214635
2018-05-31 00:36:00,0.5176047263187229
2018-05-31 00:39:00,0.5651802896663298
2018-05-31 00:42:00,0.4450090579542234
2018-05-31 00:45:00,0.5601570221044199
2018-05-31 00:48:00,0.4232962711373034
2018-05-31 00:51:00,0.5285757649348284
2018-05-31 00:54:00,0.5903532764642136
2018-05-31 00:57:00,0.5017124250364304
2018-05-31 01:00:00,0.5377627880096725
2018-05-31 01:03:00,0.48985193369514946
2018-05-31 01:06:00,0.5340015260359223
2018-05-31 01:09:00,0.4994856660785558
2018-05-31 01:12:00,0.6353844901422008
2018-05-31 01:15:00,0.47492504243774647
2018-05-31 01:18:00,0.6376725125024905
2018-05-31 01:21:00,0.6136576058959236
2018-05-31 01:24:00,0.5392434810598843
2018-05-31 01:27:00,0.5174248012640419
2018-05-31 01:30:00,0.6619960257918365
2018-05-31 01:33:00,0.5506190861149776
2018-05-31 01:36:00,0.5010555708084325
2018-05-31 01:39:00,0.3989414150005359
2018-05-31 01:42:00,0.49620990189453096
2018-05-31 01:45:00,0.5362255231814288
2018-05-31 01:48:00,0.5413566892867152
2018-05-31 01:51:00,0.44512859717997344
2018-05-31 01:54:00,0.4937410780571554
2018-05-31 01:57:00,0.5862747177815777
2018-05-31 02:00:00,0.5162291187405685
2018-05-31 02:03:00,0.5693392082748119
2018-05-31 02:06:00,0.5022279537801069
2018-05-31 02:09:00,0.5184836211944344
2018-05-31 02:12:00,0.5747150199263729
2018-05-31 02:15:00,0.5340582096218327
2018-05-31 02:18:00,0.47636662195390045
2018-05-31 02:21:00,0.46676240292066495
2018-05-31 02:24:00,0.44666826895280565
2018-05-31 02:27:00,0.46317569728643093
2018-05-31 02:30:00,0.3376136578371529
2018-05-31 02:33:00,0.41204447763550434
2018-05-31 02:36:00,0.4486678143620111
2018-05-31 02:39:00,0.41039616449057803
2018-05-31 02:42:00,0.49679460690771293
2018-05-31 02:45:00,0.5854508883950302
2018-05-31 02:48:00,0.5732731683572752
2018-05-31 02:51:00,0.5934841535855071
2018-05-31 02:54:00,0.3924556075029386
2018-05-31 02:57:00,0.46887933399159465
2018-05-31 03:00:00,0.446306269481056
2018-05-31 03:03:00,0.4176917669354907
2018-05-31 03:06:00,0.4693975318875232
2018-05-31 03:09:00,0.3861734889921422
2018-05-31 03:12:00,0.4084751212765241
2018-05-31 03:15:00,0.4150979503701251
2018-05-31 03:18:00,0.42169652582038
2018-05-31 03:21:00,0.4050132151122625
2018-05-31 03:24:00,0.48153552716217973
2018-05-31 03:27:00,0.40918392864972475
2018-05-31 03:30:00,0.41497671068282216
2018-05-31 03:33:00,0.4285512942732339
2018-05-31 03:36:00,0.48675243170544036
2018-05-31 03:39:00,0.42286146587372286
2018-05-31 03:42:00,0.41835614139040445
2018-05-31 03:45:00,0.4471636922315838
2018-05-31 03:48:00,0.37159410167697615
2018-05-31 03:51:00,0.40174676334640935
2018-05-31 03:54:00,0.5082555508924997
2018-05-31 03:57:00,0.39387537629318103
2018-05-31 04:00:00,0.5246606235659215
2018-05-31 04:03:00,0.5387000540752638
2018-05-31 04:06:00,0.4874336195264277
2018-05-31 04:09:00,0.4850677352309276
2018-05-31 04:12:00,0.5124524601564531
2018-05-31 04:15:00,0.4892353454087015
2018-05-31 04:18:00,0.5302309205471261
2018-05-31 04:21:00,0.5256201560022191
2018-05-31 04:24:00,0.46972603995567397
2018-05-31 04:27:00,0.49015084808848997
2018-05-31 04:30:00,0.4411133616681582
2018-05-31 04:33:00,0.4639672015629799
2018-05-31 04:36:00,0.4275783189240201
2018-05-31 04:39:00,0.4264241950584733
2018-05-31 04:42:00,0.4667422428346981
2018-05-31 04:45:00,0.5208094114593109
2018-05-31 04:48:00,0.5330248124124068
2018-05-31 04:51:00,0.4696518890492598
2018-05-31 04:54:00,0.5432615279915467
2018-05-31 04:57:00,0.516152451339849
2018-05-31 05:00:00,0.4975953621456597
2018-05-31 05:03:00,0.5260519563550474
2018-05-31 05:06:00,0.5258948790280442
2018-05-31 05:09:00,0.5251903384898924
2018-05-31 05:12:00,0.5361012726428385
2018-05-31 05:15:00,0.4127163228164932
2018-05-31 05:18:00,0.5191603136519234
2018-05-31 05:21:00,0.5122897994870073
2018-05-31 05:24:00,0.5571532962342189
2018-05-31 05:27:00,0.5617378964535646
2018-05-31 05:30:00,0.4731244686878995
2018-05-31 05:33:00,0.5235819133314408
2018-05-31 05:36:00,0.4818907294803694
2018-05-31 05:39:00,0.5959850380374974
2018-05-31 05:42:00,0.5315742642129067
2018-05-31 05:45:00,0.4526150351172191
2018-05-31 05:48:00,0.6093268858490433
2018-05-31 05:51:00,0.6075993638551154
2018-05-31 05:54:00,0.4825439596015144
2018-05-31 05:57:00,0.40979617732352835
2018-05-31 06:00:00,0.5316045573858901
2018-05-31 06:03:00,0.5142350964358684
2018-05-31 06:06:00,0.47469659420880816
2018-05-31 06:09:00,0.5551460534985608
2018-05-31 06:12:00,0.5825538424159618
2018-05-31 06:15:00,0.5858155097413942
2018-05-31 06:18:00,0.4473966649969725
2018-05-31 06:21:00,0.6391881789319882
2018-05-31 06:24:00,0.6061028450630488
2018-05-31 06:27:00,0.5687350363269275
2018-05-31 06:30:00,0.5663539129763535
2018-05-31 06:33:00,0.5968317911799659
2018-05-31 06:36:00,0.5557396549017426
2018-05-31 06:39:00,0.589031324107907
2018-05-31 06:42:00,0.6165765514263626
2018-05-31 06:45:00,0.5293659321504833
2018-05-31 06:48:00,0.47142607455890584
2018-05-31 06:51:00,0.7138880014371694
2018-05-31 06:54:00,0.5007274538592128
2018-05-31 06:57:00,0.6895418359080736
2018-05-31 07:00:00,0.5051408013331979
2018-05-31 07:03:00,0.5589889881055115
2018-05-31 07:06:00,0.6189310823186815
2018-05-31 07:09:00,0.5047808743551627
2018-05-31 07:12:00,0.5136120155738126
2018-05-31 07:15:00,0.5120310935546968
2018-05-31 07:18:00,0.5884467048420561
2018-05-31 07:21:00,0.5206203601114225
2018-05-31 07:24:00,0.47111696325163166
2018-05-31 07:27:00,0.4976243386954593
2018-05-31 07:30:00,0.4276650237222839
2018-05-31 07:33:00,0.3962920598372648
2018-05-31 07:36:00,0.4698030141591403
2018-05-31 07:39:00,0.5615028502323298
2018-05-31 07:42:00,0.41349317081920844
2018-05-31 07:45:00,0.46327024140907724
2018-05-31 07:48:00,0.37457327462129797
2018-05-31 07:51:00,0.38521562896568184
2018-05-31 07:54:00,0.48276731119386795
2018-05-31 07:57:00,0.3799762980701189
2018-05-31 08:00:00,0.40864495839826986
2018-05-31 08:03:00,0.4290884285691732
2018-05-31 08:06:00,0.4699076791767425
2018-05-31 08:09:00,0.4438467909812971
2018-05-31 08:12:00,0.37175608554611017
2018-05-31 08:15:00,0.39961459011584566
2018-05-31 08:18:00,0.3886263413862707
2018-05-31 08:21:00,0.397231608304196
2018-05-31 08:24:00,0.30201803670996696
2018-05-31 08:27:00,0.4155255053941005
2018-05-31 08:30:00,0.3428088328774379
2018-05-31 08:33:00,0.2961607753640578
2018-05-31 08:36:00,0.3939540447946115
2018-05-31 08:39:00,0.298254389656222
2018-05-31 08:42:00,0.30681438155943397
2018-05-31 08:45:00,0.09562228943246964
2018-05-31 08:48:00,0.24502711963458523
2018-05-31 08:51:00,0.23658180696810405
2018-05-31 08:54:00,0.30276959055930774
2018-05-31 08:57:00,0.30884236743617066
2018-05-31 09:00:00,0.17364957066342868
2018-05-31 09:03:00,0.27289258596294985
2018-05-31 09:06:00,0.2749793933909359
2018-05-31 09:09:00,0.24075437714861891
2018-05-31 09:12:00,0.29659384041406156
2018-05-31 09:15:00,0.1263177419443764
2018-05-31 09:18:00,0.3122819913732542
2018-05-31 09:21:00,0.28559510609267136
2018-05-31 09:24:00,0.14814835011162586
2018-05-31 09:27:00,0.09799357671533926
2018-05-31 09:30:00,0.13940267489846292
2018-05-31 09:33:00,0.05234777655510925
2018-05-31 09:36:00,0.1454864163542311
2018-05-31 09:39:00,0.1611612835834535
2018-05-31 09:42:00,0.30542137603453057
2018-05-31 09:45:00,0.1656853831526064
2018-05-31 09:48:00,0.1050639936886455
2018-05-31 09:51:00,0.17142745183394936
2018-05-31 09:54:00,0.2369966190100854
2018-05-31 09:57:00,0.10763225558315526
2018-05-31 10:00:00,0.08182514925584883
2018-05-31 10:03:00,0.06844345730831947
2018-05-31 10:06:00,0.046268078833008985
2018-05-31 10:09:00,0.009892665436780135
2018-05-31 10:12:00,0.10544290281092117
2018-05-31 10:15:00,0.09541773069008741
2018-05-31 10:18:00,0.016977226367373532
2018-05-31 10:21:00,0.03763297814214184
2018-05-31 10:24:00,-0.08464236723358454
2018-05-31 10:27:00,-0.13220689460007407
2018-05-31 10:30:00,-0.045814592337194426
2018-05-31 10:33:00,-0.13297355203900452
2018-05-31 10:36:00,-0.059817238766186165
2018-05-31 10:39:00,-0.060093499157915176
2018-05-31 10:42:00,-0.21140805077857294
2018-05-31 10:45:00,0.06767528283734237
2018-05-31 10:48:00,-0.40350296257821583
2018-05-31 10:51:00,-0.12197542837174069
2018-05-31 10:54:00,-0.0795870400480112
2018-05-31 10:57:00,-0.1399565852248088
2018-05-31 11:00:00,-0.1625140783961001
2018-05-31 11:03:00,-0.08613382098235434
2018-05-31 11:06:00,-0.12462805053780812
2018-05-31 11:09:00,-0.08677876388640016
2018-05-31 11:12:00,-0.020568582742555463
2018-05-31 11:15:00,-0.17926570183868762
2018-05-31 11:18:00,-0.19824194001290607
2018-05-31 11:21:00,-0.17970426558269992
2018-05-31 11:24:00,-0.1384567030385142
2018-05-31 11:27:00,-0.19606969573862898
2018-05-31 11:30:00,-0.1787682256965013
2018-05-31 11:33:00,-0.06236182195857509
2018-05-31 11:36:00,-0.16103145418520626
2018-05-31 11:39:00,-0.3172650441588303
2018-05-31 11:42:00,-0.2699279462758568
2018-05-31 11:45:00,-0.19556459509976776
2018-05-31 11:48:00,-0.19276865360575357
2018-05-31 11:51:00,-0.205008828795485
2018-05-31 11:54:00,-0.11381696903083593
2018-05-31 11:57:00,-0.16830009443975769
2018-05-31 12:00:00,-0.15818610972291935
2018-05-31 12:03:00,-0.06370878383330592
2018-05-31 12:06:00,0.10586340311721187
2018-05-31 12:09:00,-0.0561508994092037
2018-05-31 12:12:00,-0.13012714994238195
2018-05-31 12:15:00,-0.02149048419266819
2018-05-31 12:18:00,-0.06903421548389588
2018-05-31 12:21:00,0.0022945120498434335
2018-05-31 12:24:00,-0.1823782360486348
2018-05-31 12:27:00,-0.20202904360439788
2018-05-31 12:30:00,-0.21437411636588877
2018-05-31 12:33:00,-0.19454635513943686
2018-05-31 12:36:00,-0.1449470503925454
2018-05-31 12:39:00,-0.23752311024668415
2018-05-31 12:42:00,-0.21311702258043397
2018-05-31 12:45:00,-0.11454236988549837
2018-05-31 12:48:00,-0.1603937969072149
2018-05-31 12:51:00,-0.22173367345135375
2018-05-31 12:54:00,-0.1724980324204921
2018-05-31 12:57:00,-0.20874610898954415
2018-05-31 13:00:00,-0.19656527331346751
2018-05-31 13:03:00,-0.2843658260039774
2018-05-31 13:06:00,-0.26716641435581323
2018-05-31 13:09:00,-0.2912171976171294
2018-05-31 13:12:00,-0.34707112146674035
2018-05-31 13:15:00,-0.28834045598614466
2018-05-31 13:18:00,-0.20263940102415745
2018-05-31 13:21:00,-0.23464420530501684
2018-05-31 13:24:00,-0.24520431596636172
2018-05-31 13:27:00,-0.2686164238718334
2018-05-31 13:30:00,-0.23437642313206197
2018-05-31 13:33:00,-0.3685750804744998
2018-05-31 13:36:00,-0.27148305637604153
2018-05-31 13:39:00,-0.2552517834116088
2018-05-31 13:42:00,-0.17965677978838812
2018-05-31 13:45:00,-0.2651189295490326
2018-05-31 13:48:00,-0.26261644886773183
2018-05-31 13:51:00,-0.38539500357074985
2018-05-31 13:54:00,-0.24128715466008543
2018-05-31 13:57:00,-0.32279727744378306
2018-05-31 14:00:00,-0.2024068207007872
2018-05-31 14:03:00,-0.34209277444961117
2018-05-31 14:06:00,-0.18299094010404815
2018-05-31 14:09:00,-0.2323168805457385
2018-05-31 14:12:00,-0.2909209984106269
2018-05-31 14:15:00,-0.25231147856726466
2018-05-31 14:18:00,-0.23389555800702055
2018-05-31 14:21:00,-0.2633024803927242
2018-05-31 14:24:00,-0.3154892070705273
2018-05-31 14:27:00,-0.32941145335189503
2018-05-31 14:30:00,-0.3006003532334489
2018-05-31 14:33:00,-0.2811299588249767
2018-05-31 14:36:00,-0.3912522749995446
2018-05-31 14:39:00,-0.33816368760659543
2018-05-31 14:42:00,-0.37389706701264913
2018-05-31 14:45:00,-0.279030223278653
2018-05-31 14:48:00,-0.26408695902040336
2018-05-31 14:51:00,-0.2926538641260663
2018-05-31 14:54:00,-0.37419464278838177
2018-05-31 14:57:00,-0.27980263483050294
2018-05-31 15:00:00,-0.3095289543499007
2018-05-31 15:03:00,-0.2919896006648628
2018-05-31 15:06:00,-0.2263426197911258
2018-05-31 15:09:00,-0.23629671268543007
2018-05-31 15:12:00,-0.34524388991104615
2018-05-31 15:15:00,-0.24634878977161634
2018-05-31 15:18:00,-0.2088798199250732
2018-05-31 15:21:00,-0.05601580961064201
2018-05-31 15:24:00,-0.25213049329948944
2018-05-31 15:27:00,-0.1753503245395791
2018-05-31 15:30:00,-0.23508082296262955
2018-05-31 15:33:00,-0.2178206599819532
2018-05-31 15:36:00,-0.24413208125275787
2018-05-31 15:39:00,-0.45169676141807713
2018-05-31 15:42:00,-0.38380823306403045
2018-05-31 15:45:00,-0.380733396859398
2018-05-31 15:48:00,-0.3356461119796563
2018-05-31 15:51:00,-0.24846688151819762
2018-05-31 15:54:00,-0.18421844543644283
2018-05-31 15:57:00,-0.1962194421868162
2018-05-31 16:00:00,-0.23304660013866396
2018-05-31 16:03:00,-0.20626909262500703
2018-05-31 16:06:00,-0.32055409700620885
2018-05-31 16:09:00,-0.38369835061911317
2018-05-31 16:12:00,-0.31757564730014565
2018-05-31 16:15:00,-0.3570719110726941
2018-05-31 16:18:00,-0.23570633156089116
2018-05-31 16:21:00,-0.2742323519572665
2018-05-31 16:24:00,-0.3335161323352622
2018-05-31 16:27:00,-0.3774683111111585
2018-05-31 16:30:00,-0.40696776700110604
2018-05-31 16:33:00,-0.27635140611909037
2018-05-31 16:36:00,-0.22825667341601275
2018-05-31 16:39:00,-0.09831660691986599
2018-05-31 16:42:00,-0.1846246098863844
2018-05-31 16:45:00,0.013733341019189993
2018-05-31 16:48:00,0.015948770833517756
2018-05-31 16:51:00,-0.027856632734483355
2018-05-31 16:54:00,0.0021637280692630156
2018-05-31 16:57:00,-0.033206230310213414
2018-05-31 17:00:00,0.03370223498620817
2018-05-31 17:03:00,-0.021184984970034293
2018-05-31 17:06:00,0.012797515490774458
2018-05-31 17:09:00,-0.10471404051702393
2018-05-31 17:12:00,0.05262195880362697
2018-05-31 17:15:00,0.07246856526455758
2018-05-31 17:18:00,-0.019053127320830754
2018-05-31 17:21:00,0.027288248300578744
2018-05-31 17:24:00,-0.038838115328701406
2018-05-31 17:27:00,-0.08909066884706363
2018-05-31 17:30:00,0.03568726250648524
2018-05-31 17:33:00,-0.03732116573712574
2018-05-31 17:36:00,-0.05477240286944607
2018-05-31 17:39:00,-0.01424453120483804
2018-05-31 17:42:00,-0.07024921586156552
2018-05-31 17:45:00,-0.028634046205581853
2018-05-31 17:48:00,0.004315642399660646
2018-05-31 17:51:00,-0.09919203610627392
2018-05-31 17:54:00,-0.10671925036371022
2018-05-31 17:57:00,-0.03107877094117839
2018-05-31 18:00:00,-0.07676325274150031
2018-05-31 18:03:00,-0.03768198917509835
2018-05-31 18:06:00,-0.02539922550238316
2018-05-31 18:09:00,0.046935128221662126
2018-05-31 18:12:00,0.03309999243799666
2018-05-31 18:15:00,0.035080684189608746
2018-05-31 18:18:00,0.084174589814495
2018-05-31 18:21:00,0.05307992082060764
2018-05-31 18:24:00,0.07190046852514342
2018-05-31 18:27:00,-0.12211735985505356
2018-05-31 18:30:00,0.011361625482095405
2018-05-31 18:33:00,0.06687169674790994
2018-05-31 18:36:00,0.057815639699185795
2018-05-31 18:39:00,0.23168676353890305
2018-05-31 18:42:00,-0.025383042155056046
2018-05-31 18:45:00,0.01888790945343999
2018-05-31 18:48:00,0.06326055839235778
2018-05-31 18:51:00,-0.0055307803478399364
2018-05-31 18:54:00,0.010689215183617762
2018-05-31 18:57:00,
2018-05-31 19:00:00,
2018-05-31 19:03:00,0.1197110304412945
2018-05-31 19:06:00,-0.019151667214202917
2018-05-31 19:09:00,0.08384383991949562
2018-05-31 19:12:00,0.09676992075435464
2018-05-31 19:15:00,0.20973249250613435
2018-05-31 19:18:00,0.22429279519673173
2018-05-31 19:21:00,0.1624909376498067
2018-05-31 19:24:00,0.1297169795487889
2018-05-31 19:27:00,0.01627606451296515
2018-05-31 19:30:00,-0.03894637415106672
2018-05-31 19:33:00,0.09449409825350585
2018-05-31 19:36:00,0.11635361048479353
2018-05-31 19:39:00,0.0395253632694903
2018-05-31 19:42:00,0.0967715351898164
2018-05-31 19:45:00,0.08728956556558387
2018-05-31 19:48:00,0.06480498332217621
2018-05-31 19:51:00,0.1818554145297071
2018-05-31 19:54:00,0.14486506215433792
2018-05-31 19:57:00,0.12545541099791535
2018-05-31 20:00:00,0.068221751763474
2018-05-31 20:03:00,0.18219752915933896
2018-05-31 20:06:00,0.23955205509344069
2018-05-31 20:09:00,0.0381109730328717
2018-05-31 20:12:00,0.13892671414157576
2018-05-31 20:15:00,0.18924638935271787
2018-05-31 20:18:00,0.06519301043960013
2018-05-31 20:21:00,0.18925249867379534
2018-05-31 20:24:00,0.16033246757473307
2018-05-31 20:27:00,0.04485281072197722
2018-05-31 20:30:00,0.15154885853854694
2018-05-31 20:33:00,0.15380885929408805
2018-05-31 20:36:00,0.04770027219956319
2018-05-31 20:39:00,0.15738794704685688
2018-05-31 20:42:00,0.25464938923141744
2018-05-31 20:45:00,0.12273590648004529
2018-05-31 20:48:00,0.1692896859708526
2018-05-31 20:51:00,0.09764291791702817
2018-05-31 20:54:00,0.1259880034971843
2018-05-31 20:57:00,0.03586946908541222
2018-05-31 21:00:00,0.08215192269108229
2018-05-31 21:03:00,0.16564711894841366
2018-05-31 21:06:00,0.12791962025806924
2018-05-31 21:09:00,0.2106285758529225
2018-05-31 21:12:00,0.12627100659983626
2018-05-31 21:15:00,0.16045366093385383
2018-05-31 21:18:00,0.08440792176992318
2018-05-31 21:21:00,0.21876190221667002
2018-05-31 21:24:00,0.16976014576994203
2018-05-31 21:27:00,0.39262440831709
2018-05-31 21:30:00,0.2857469722500241
2018-05-31 21:33:00,0.20398585967410554
2018-05-31 21:36:00,0.18480262291870986
2018-05-31 21:39:00,0.14107653305779877
2018-05-31 21:42:00,0.17287370492317677
2018-05-31 21:45:00,0.14066343383382218
2018-05-31 21:48:00,0.21370662819424524
2018-05-31 21:51:00,0.11639403530449499
2018-05-31 21:54:00,0.1589026977421213
2018-05-31 21:57:00,0.17220983298989267
2018-05-31 22:00:00,0.20047051670758265
2018-05-31 22:03:00,0.14729665707943695
2018-05-31 22:06:00,0.1803612476621197
2018-05-31 22:09:00,0.1870292256941184
2018-05-31 22:12:00,0.17719286770648068
2018-05-31 22:15:00,0.23638001884359028
2018-05-31 22:18:00,0.17326146113055074
2018-05-31 22:21:00,0.20420938246451215
2018-05-31 22:24:00,0.2163531099988063
2018-05-31 22:27:00,0.16364656171828074
2018-05-31 22:30:00,0.2832123418545507
2018-05-31 22:33:00,0.2973060491916044
2018-05-31 22:36:00,0.24000245616235816
2018-05-31 22:39:00,0.20228698703294867
2018-05-31 22:42:00,0.2137349795423802
2018-05-31 22:45:00,0.2642325899485627
2018-05-31 22:48:00,0.23077609200703364
2018-05-31 22:51:00,0.2065164346875008
2018-05-31 22:54:00,0.14539354249058078
2018-05-31 22:57:00,0.3006919138297235
2018-05-31 23:00:00,0.34422359244513245
2018-05-31 23:03:00,0.2791913039610563
2018-05-31 23:06:00,0.2809933555537327
2018-05-31 23:09:00,0.2642056604608456
2018-05-31 23:12:00,0.42930856627299363
2018-05-31 23:15:00,0.5527386580234293
2018-05-31 23:18:00,0.5152170293233098
2018-05-31 23:21:00,0.598937398461544
2018-05-31 23:24:00,0.6794185266046497
2018-05-31 23:27:00,0.581009622762565
2018-05-31 23:30:00,0.6519532012069931
2018-05-31 23:33:00,0.5787189102576917
2018-05-31 23:36:00,0.6607123753359474
2018-05-31 23:39:00,0.6392940866825256
2018-05-31 23:42:00,0.3597620917968243
2018-05-31 23:45:00,0.399895075600341
2018-05-31 23:48:00,0.1791526027125201
2018-05-31 23:51:00,0.21511550665388768
2018-05-31 23:54:00,0.33024220564709594
2018-05-31 23:57:00,0.2537185193236837
2018-06-01 00:00:00,0.3336032231481454
2018-06-01 00:03:00,0.21118566136152594
2018-06-01 00:06:00,0.20386407954345032
2018-06-01 00:09:00,0.2697340176631542
2018-06-01 00:12:00,0.16591339066718547
2018-06-01 00:15:00,0.2946356887707111
2018-06-01 00:18:00,0.23762996206255593
2018-06-01 00:21:00,0.17119494447649686
2018-06-01 00:24:00,0.1912567296375869
2018-06-01 00:27:00,0.22865552413423984
2018-06-01 00:30:00,0.27960440314927837
2018-06-01 00:33:00,0.3110631576261653
2018-06-01 00:36:00,0.27189313141388993
2018-06-01 00:39:00,0.3110352778013521
2018-06-01 00:42:00,0.3138098401360594
2018-06-01 00:45:00,0.31062547307107025
2018-06-01 00:48:00,0.3465543326406646
2018-06-01 00:51:00,0.27857379908607527
2018-06-01 00:54:00,0.33243068704501866
2018-06-01 00:57:00,0.44335253772072747
2018-06-01 01:00:00,0.4129532928698154
2018-06-01 01:03:00,0.2702623672701634
2018-06-01 01:06:00,0.29556828459652706
2018-06-01 01:09:00,0.2951264536146141
2018-06-01 01:12:00,0.2949848531198427
2018-06-01 01:15:00,0.229561319359334
2018-06-01 01:18:00,0.33179168703753703
2018-06-01 01:21:00,0.2685819180483122
2018-06-01 01:24:00,0.3384735542467183
2018-06-01 01:27:00,0.3409376121380774
2018-06-01 01:30:00,0.44352042376777945
2018-06-01 01:33:00,0.36253119450924487
2018-06-01 01:36:00,0.4336887165242729
2018-06-01 01:39:00,0.44525881557490266
2018-06-01 01:42:00,0.38322924367338373
2018-06-01 01:45:00,0.37031601316493834
2018-06-01 01:48:00,0.4503360703977819
2018-06-01 01:51:00,0.5542180377979662
2018-06-01 01:54:00,0.4287051262449495
2018-06-01 01:57:00,0.4496793456736441
2018-06-01 02:00:00,0.361418557585921
2018-06-01 02:03:00,0.44811691464968817
2018-06-01 02:06:00,0.3880238040260906
2018-06-01 02:09:00,0.44814908720462654
2018-06-01 02:12:00,0.4682056101443095
2018-06-01 02:15:00,0.48554578072889854
2018-06-01 02:18:00,0.5472937534526636
2018-06-01 02:21:00,0.5554940641567896
2018-06-01 02:24:00,0.4089021113048261
2018-06-01 02:27:00,0.33069512229462816
2018-06-01 02:30:00,0.44931519162935274
2018-06-01 02:33:00,0.49299999031433117
2018-06-01 02:36:00,0.47020292363185945
2018-06-01 02:39:00,0.4791131982372008
2018-06-01 02:42:00,0.5576375626575327
2018-06-01 02:45:00,0.4877560478122973
2018-06-01 02:48:00,0.429951214117807
2018-06-01 02:51:00,0.44641369232050465
2018-06-01 02:54:00,0.3092488385372576
2018-06-01 02:57:00,0.35273886983503644
2018-06-01 03:00:00,0.37372178833294356
2018-06-01 03:03:00,0.30887282246129644
2018-06-01 03:06:00,0.38897599288509355
2018-06-01 03:09:00,0.35726504563211847
2018-06-01 03:12:00,0.340213033572752
2018-06-01 03:15:00,0.24234285047202775
2018-06-01 03:18:00,0.4151569318978545
2018-06-01 03:21:00,0.44713041562687295
2018-06-01 03:24:00,0.5489334652140769
2018-06-01 03:27:00,0.47742836012213274
2018-06-01 03:30:00,0.44635961526051915
2018-06-01 03:33:00,0.5171287895977912
2018-06-01 03:36:00,0.48856723575551086
2018-06-01 03:39:00,0.6194220402023802
2018-06-01 03:42:00,0.5295038814555255
2018-06-01 03:45:00,0.5148807312747863
2018-06-01 03:48:00,0.5704531416133705
2018-06-01 03:51:00,0.5428395334110974
2018-06-01 03:54:00,0.523106680631372
2018-06-01 03:57:00,0.5127846158131888
2018-06-01 04:00:00,0.5267506602495473
2018-06-01 04:03:00,0.5490832193485176
2018-06-01 04:06:00,0.5945852170528383
2018-06-01 04:09:00,0.6940238146106026
2018-06-01 04:12:00,0.5478588373426305
2018-06-01 04:15:00,0.6435787506853217
2018-06-01 04:18:00,0.5892493015016385
2018-06-01 04:21:00,0.9040562740990481
2018-06-01 04:24:00,0.7699071096051284
2018-06-01 04:27:00,0.584247392484599
2018-06-01 04:30:00,0.5112247335114262
2018-06-01 04:33:00,0.5784047297166239
2018-06-01 04:36:00,0.5859169158125042
2018-06-01 04:39:00,0.6024219437518923
2018-06-01 04:42:00,0.6720976128953566
2018-06-01 04:45:00,0.581240115822709
2018-06-01 04:48:00,0.5940704047538929
2018-06-01 04:51:00,0.5458245799593442
2018-06-01 04:54:00,0.5588790653119418
2018-06-01 04:57:00,0.6310306528754381
2018-06-01 05:00:00,0.6006392421774649
2018-06-01 05:03:00,0.6109356650023869
2018-06-01 05:06:00,0.5583182784021119
2018-06-01 05:09:00,0.5125014521726712
2018-06-01 05:12:00,0.587495898450527
2018-06-01 05:15:00,0.6065876934409289
2018-06-01 05:18:00,0.7093564925359033
2018-06-01 05:21:00,0.6242450404892566
2018-06-01 05:24:00,0.6160065390690761
2018-06-01 05:27:00,0.5849603375497736
2018-06-01 05:30:00,0.6276703105461365
2018-06-01 05:33:00,0.6915719134259461
2018-06-01 05:36:00,0.6827143407255107
2018-06-01 05:39:00,0.7121751147274722
2018-06-01 05:42:00,0.6870055167796636
2018-06-01 05:45:00,0.608527265123314
2018-06-01 05:48:00,0.6778449134375251
2018-06-01 05:51:00,0.7429097138202678
2018-06-01 05:54:00,0.6726925330655149
2018-06-01 05:57:00,0.5496933085899514
2018-06-01 06:00:00,0.6497403060575948
2018-06-01 06:03:00,0.6601639298049236
2018-06-01 06:06:00,0.6041586853899616
2018-06-01 06:09:00,0.7504882599341727
2018-06-01 06:12:00,0.5495527553234183
2018-06-01 06:15:00,0.6706554619846088
2018-06-01 06:18:00,0.660985670160926
2018-06-01 06:21:00,0.6251511515482662
2018-06-01 06:24:00,0.6417165440475401
2018-06-01 06:27:00,0.7059356511937835
2018-06-01 06:30:00,0.5618797755221863
2018-06-01 06:33:00,0.6414510294207503
2018-06-01 06:36:00,0.6039795926722604
2018-06-01 06:39:00,0.64441669171174
2018-06-01 06:42:00,0.6072675891345511
2018-06-01 06:45:00,0.654822212590318
2018-06-01 06:48:00,0.6451846606445315
2018-06-01 06:51:00,0.6298335991328372
2018-06-01 06:54:00,0.6382793078602162
2018-06-01 06:57:00,0.6973766388697413
2018-06-01 07:00:00,0.6602865202717112
2018-06-01 07:03:00,0.5576422291090353
2018-06-01 07:06:00,0.6245972230731809
2018-06-01 07:09:00,0.6124171106735616
2018-06-01 07:12:00,0.5951527680625759
2018-06-01 07:15:00,0.6187689206720961
2018-06-01 07:18:00,0.5990599730244526
2018-06-01 07:21:00,0.49096859534563464
2018-06-01 07:24:00,0.5521556419386684
2018-06-01 07:27:00,0.5515542540887282
2018-06-01 07:30:00,0.6969678774688646
2018-06-01 07:33:00,0.6033541629235515
2018-06-01 07:36:00,0.5893987833354117
2018-06-01 07:39:00,0.5379943672571699
2018-06-01 07:42:00,0.5085382902451556
2018-06-01 07:45:00,0.5029995883983815
2018-06-01 07:48:00,0.48796020677133356
2018-06-01 07:51:00,0.4527370163295359
2018-06-01 07:54:00,0.49056465491128165
2018-06-01 07:57:00,0.5112778276960626
2018-06-01 08:00:00,0.5382480848583668
2018-06-01 08:03:00,0.4981312116343588
2018-06-01 08:06:00,0.4721968849177074
2018-06-01 08:09:00,0.43280452621462473
2018-06-01 08:12:00,0.5101238030005675
2018-06-01 08:15:00,0.41864541806029365
2018-06-01 08:18:00,0.4052340469123692
2018-06-01 08:21:00,0.3386809972778906
2018-06-01 08:24:00,0.42801403036122565
2018-06-01 08:27:00,0.37589750831085667
2018-06-01 08:30:00,0.48821978305005587
2018-06-01 08:33:00,0.3683846401909818
2018-06-01 08:36:00,0.28512855264170867
2018-06-01 08:39:00,0.3558543197376025
2018-06-01 08:42:00,0.3800629296904958
2018-06-01 08:45:00,0.44033753351436644
2018-06-01 08:48:00,0.3321209702174315
2018-06-01 08:51:00,0.45409838193859287
2018-06-01 08:54:00,0.26830605532512664
2018-06-01 08:57:00,0.2973373277474707
2018-06-01 09:00:00,0.23089802825654715
2018-06-01 09:03:00,
2018-06-01 09:06:00,
2018-06-01 09:09:00,
2018-06-01 09:12:00,
2018-06-01 09:15:00,
2018-06-01 09:18:00,
2018-06-01 09:21:00,
2018-06-01 09:24:00,
2018-06-01 09:27:00,
2018-06-01 09:30:00,
2018-06-01 09:33:00,
2018-06-01 09:36:00,
2018-06-01 09:39:00,
2018-06-01 09:42:00,
2018-06-01 09:45:00,
2018-06-01 09:48:00,
2018-06-01 09:51:00,
2018-06-01 09:54:00,
2018-06-01 09:57:00,
2018-06-01 10:00:00,
2018-06-01 10:03:00,
2018-06-01 10:06:00,
2018-06-01 10:09:00,
2018-06-01 10:12:00,
2018-06-01 10:15:00,
2018-06-01 10:18:00,
2018-06-01 10:21:00,
2018-06-01 10:24:00,
2018-06-01 10:27:00,
2018-06-01 10:30:00,
2018-06-01 10:33:00,
2018-06-01 10:36:00,
2018-06-01 10:39:00,
2018-06-01 10:42:00,
2018-06-01 10:45:00,
2018-06-01 10:48:00,
2018-06-01 10:51:00,
2018-06-01 10:54:00,
2018-06-01 10:57:00,
2018-06-01 11:00:00,
2018-06-01 11:03:00,
2018-06-01 11:06:00,
2018-06-01 11:09:00,
2018-06-01 11:12:00,
2018-06-01 11:15:00,
2018-06-01 11:18:00,
2018-06-01 11:21:00,
2018-06-01 11:24:00,
2018-06-01 11:27:00,
2018-06-01 11:30:00,
2018-06-01 11:33:00,
2018-06-01 11:36:00,
2018-06-01 11:39:00,
2018-06-01 11:42:00,
2018-06-01 11:45:00,
2018-06-01 11:48:00,
2018-06-01 11:51:00,
2018-06-01 11:54:00,
2018-06-01 11:57:00,
2018-06-01 12:00:00,
2018-06-01 12:03:00,
2018-06-01 12:06:00,
2018-06-01 12:09:00,
2018-06-01 12:12:00,
2018-06-01 12:15:00,
2018-06-01 12:18:00,
2018-06-01 12:21:00,
2018-06-01 12:24:00,
2018-06-01 12:27:00,
2018-06-01 12:30:00,
2018-06-01 12:33:00,
2018-06-01 12:36:00,
2018-06-01 12:39:00,
2018-06-01 12:42:00,
2018-06-01 12:45:00,
2018-06-01 12:48:00,
2018-06-01 12:51:00,
2018-06-01 12:54:00,
2018-06-01 12:57:00,
2018-06-01 13:00:00,
2018-06-01 13:03:00,
2018-06-01 13:06:00,
2018-06-01 13:09:00,
2018-06-01 13:12:00,
2018-06-01 13:15:00,
2018-06-01 13:18:00,
2018-06-01 13:21:00,
2018-06-01 13:24:00,
2018-06-01 13:27:00,
2018-06-01 13:30:00,
2018-06-01 13:33:00,
2018-06-01 13:36:00,
2018-06-01 13:39:00,
2018-06-01 13:42:00,
2018-06-01 13:45:00,
2018-06-01 13:48:00,
2018-06-01 13:51:00,
2018-06-01 13:54:00,
2018-06-01 13:57:00,
2018-06-01 14:00:00,
2018-06-01 14:03:00,
2018-06-01 14:06:00,
2018-06-01 14:09:00,
2018-06-01 14:12:00,
2018-06-01 14:15:00,
2018-06-01 14:18:00,
2018-06-01 14:21:00,
2018-06-01 14:24:00,
2018-06-01 14:27:00,
2018-06-01 14:30:00,
2018-06-01 14:33:00,
2018-06-01 14:36:00,
2018-06-01 14:39:00,
2018-06-01 14:42:00,
2018-06-01 14:45:00,
2018-06-01 14:48:00,
2018-06-01 14:51:00,
2018-06-01 14:54:00,
2018-06-01 14:57:00,
2018-06-01 15:00:00,
2018-06-01 15:03:00,
2018-06-01 15:06:00,
2018-06-01 15:09:00,
2018-06-01 15:12:00,
2018-06-01 15:15:00,
2018-06-01 15:18:00,
2018-06-01 15:21:00,
2018-06-01 15:24:00,
2018-06-01 15:27:00,
2018-06-01 15:30:00,
2018-06-01 15:33:00,
2018-06-01 15:36:00,
2018-06-01 15:39:00,
2018-06-01 15:42:00,
2018-06-01 15:45:00,
2018-06-01 15:48:00,
2018-06-01 15:51:00,
2018-06-01 15:54:00,
2018-06-01 15:57:00,
2018-06-01 16:00:00,
2018-06-01 16:03:00,
2018-06-01 16:06:00,
2018-06-01 16:09:00,
2018-06-01 16:12:00,
2018-06-01 16:15:00,
2018-06-01 16:18:00,
2018-06-01 16:21:00,
2018-06-01 16:24:00,
2018-06-01 16:27:00,
2018-06-01 16:30:00,
2018-06-01 16:33:00,
2018-06-01 16:36:00,
2018-06-01 16:39:00,
2018-06-01 16:42:00,
2018-06-01 16:45:00,
2018-06-01 16:48:00,
2018-06-01 16:51:00,
2018-06-01 16:54:00,
2018-06-01 16:57:00,
2018-06-01 17:00:00,
2018-06-01 17:03:00,
2018-06-01 17:06:00,
2018-06-01 17:09:00,
2018-06-01 17:12:00,
2018-06-01 17:15:00,
2018-06-01 17:18:00,
2018-06-01 17:21:00,
2018-06-01 17:24:00,
2018-06-01 17:27:00,
2018-06-01 17:30:00,
2018-06-01 17:33:00,
2018-06-01 17:36:00,
2018-06-01 17:39:00,
2018-06-01 17:42:00,
2018-06-01 17:45:00,
2018-06-01 17:48:00,
2018-06-01 17:51:00,
2018-06-01 17:54:00,
2018-06-01 17:57:00,
2018-06-01 18:00:00,
2018-06-01 18:03:00,
2018-06-01 18:06:00,
2018-06-01 18:09:00,
2018-06-01 18:12:00,
2018-06-01 18:15:00,
2018-06-01 18:18:00,
2018-06-01 18:21:00,
2018-06-01 18:24:00,
2018-06-01 18:27:00,
2018-06-01 18:30:00,
2018-06-01 18:33:00,
2018-06-01 18:36:00,
2018-06-01 18:39:00,
2018-06-01 18:42:00,
2018-06-01 18:45:00,
2018-06-01 18:48:00,
2018-06-01 18:51:00,
2018-06-01 18:54:00,
2018-06-01 18:57:00,
2018-06-01 19:00:00,
2018-06-01 19:03:00,
2018-06-01 19:06:00,
2018-06-01 19:09:00,
2018-06-01 19:12:00,
2018-06-01 19:15:00,
2018-06-01 19:18:00,
2018-06-01 19:21:00,
2018-06-01 19:24:00,
2018-06-01 19:27:00,
2018-06-01 19:30:00,
2018-06-01 19:33:00,
2018-06-01 19:36:00,
2018-06-01 19:39:00,
2018-06-01 19:42:00,
2018-06-01 19:45:00,
2018-06-01 19:48:00,
2018-06-01 19:51:00,
2018-06-01 19:54:00,
2018-06-01 19:57:00,
2018-06-01 20:00:00,
2018-06-01 20:03:00,
2018-06-01 20:06:00,
2018-06-01 20:09:00,
2018-06-01 20:12:00,
2018-06-01 20:15:00,
2018-06-01 20:18:00,
2018-06-01 20:21:00,
2018-06-01 20:24:00,
2018-06-01 20:27:00,
2018-06-01 20:30:00,
2018-06-01 20:33:00,
2018-06-01 20:36:00,
2018-06-01 20:39:00,
2018-06-01 20:42:00,
2018-06-01 20:45:00,
2018-06-01 20:48:00,
2018-06-01 20:51:00,
2018-06-01 20:54:00,
2018-06-01 20:57:00,
2018-06-01 21:00:00,
2018-06-01 21:03:00,
2018-06-01 21:06:00,
2018-06-01 21:09:00,
2018-06-01 21:12:00,
2018-06-01 21:15:00,
2018-06-01 21:18:00,
2018-06-01 21:21:00,
2018-06-01 21:24:00,
2018-06-01 21:27:00,
2018-06-01 21:30:00,
2018-06-01 21:33:00,
2018-06-01 21:36:00,
2018-06-01 21:39:00,
2018-06-01 21:42:00,
2018-06-01 21:45:00,
2018-06-01 21:48:00,
2018-06-01 21:51:00,
2018-06-01 21:54:00,
2018-06-01 21:57:00,
2018-06-01 22:00:00,
2018-06-01 22:03:00,
2018-06-01 22:06:00,
2018-06-01 22:09:00,
2018-06-01 22:12:00,
2018-06-01 22:15:00,
2018-06-01 22:18:00,
2018-06-01 22:21:00,
2018-06-01 22:24:00,
2018-06-01 22:27:00,
2018-06-01 22:30:00,
2018-06-01 22:33:00,
2018-06-01 22:36:00,
2018-06-01 22:39:00,
2018-06-01 22:42:00,
2018-06-01 22:45:00,
2018-06-01 22:48:00,
2018-06-01 22:51:00,
2018-06-01 22:54:00,
2018-06-01 22:57:00,
2018-06-01 23:00:00,
2018-06-01 23:03:00,
2018-06-01 23:06:00,
2018-06-01 23:09:00,
2018-06-01 23:12:00,
2018-06-01 23:15:00,
2018-06-01 23:18:00,
2018-06-01 23:21:00,
2018-06-01 23:24:00,
2018-06-01 23:27:00,
2018-06-01 23:30:00,
2018-06-01 23:33:00,
2018-06-01 23:36:00,
2018-06-01 23:39:00,
2018-06-01 23:42:00,
2018-06-01 23:45:00,
2018-06-01 23:48:00,
2018-06-01 23:51:00,
2018-06-01 23:54:00,
2018-06-01 23:57:00,
2018-06-02 00:00:00,
2018-06-02 00:03:00,
2018-06-02 00:06:00,
2018-06-02 00:09:00,
2018-06-02 00:12:00,
2018-06-02 00:15:00,
2018-06-02 00:18:00,
2018-06-02 00:21:00,
2018-06-02 00:24:00,
2018-06-02 00:27:00,
2018-06-02 00:30:00,
2018-06-02 00:33:00,
2018-06-02 00:36:00,
2018-06-02 00:39:00,
2018-06-02 00:42:00,
2018-06-02 00:45:00,
2018-06-02 00:48:00,
2018-06-02 00:51:00,
2018-06-02 00:54:00,
2018-06-02 00:57:00,
2018-06-02 01:00:00,
2018-06-02 01:03:00,
2018-06-02 01:06:00,
2018-06-02 01:09:00,
2018-06-02 01:12:00,
2018-06-02 01:15:00,
2018-06-02 01:18:00,
2018-06-02 01:21:00,
2018-06-02 01:24:00,
2018-06-02 01:27:00,
2018-06-02 01:30:00,
2018-06-02 01:33:00,
2018-06-02 01:36:00,
2018-06-02 01:39:00,
2018-06-02 01:42:00,
2018-06-02 01:45:00,
2018-06-02 01:48:00,
2018-06-02 01:51:00,
2018-06-02 01:54:00,
2018-06-02 01:57:00,
2018-06-02 02:00:00,
2018-06-02 02:03:00,
2018-06-02 02:06:00,
2018-06-02 02:09:00,
2018-06-02 02:12:00,
2018-06-02 02:15:00,
2018-06-02 02:18:00,
2018-06-02 02:21:00,
2018-06-02 02:24:00,
2018-06-02 02:27:00,
2018-06-02 02:30:00,
2018-06-02 02:33:00,
2018-06-02 02:36:00,
2018-06-02 02:39:00,
2018-06-02 02:42:00,
2018-06-02 02:45:00,
2018-06-02 02:48:00,
2018-06-02 02:51:00,
2018-06-02 02:54:00,
2018-06-02 02:57:00,
2018-06-02 03:00:00,
2018-06-02 03:03:00,
2018-06-02 03:06:00,
2018-06-02 03:09:00,
2018-06-02 03:12:00,
2018-06-02 03:15:00,
2018-06-02 03:18:00,
2018-06-02 03:21:00,
2018-06-02 03:24:00,
2018-06-02 03:27:00,
2018-06-02 03:30:00,
2018-06-02 03:33:00,
2018-06-02 03:36:00,
2018-06-02 03:39:00,
2018-06-02 03:42:00,
2018-06-02 03:45:00,
2018-06-02 03:48:00,
2018-06-02 03:51:00,
2018-06-02 03:54:00,
2018-06-02 03:57:00,
2018-06-02 04:00:00,
2018-06-02 04:03:00,
2018-06-02 04:06:00,
2018-06-02 04:09:00,
2018-06-02 04:12:00,
2018-06-02 04:15:00,
2018-06-02 04:18:00,
2018-06-02 04:21:00,
2018-06-02 04:24:00,
2018-06-02 04:27:00,
2018-06-02 04:30:00,
2018-06-02 04:33:00,
2018-06-02 04:36:00,
2018-06-02 04:39:00,
2018-06-02 04:42:00,
2018-06-02 04:45:00,
2018-06-02 04:48:00,
2018-06-02 04:51:00,
2018-06-02 04:54:00,
2018-06-02 04:57:00,
2018-06-02 05:00:00,
2018-06-02 05:03:00,
2018-06-02 05:06:00,
2018-06-02 05:09:00,
2018-06-02 05:12:00,
2018-06-02 05:15:00,
2018-06-02 05:18:00,
2018-06-02 05:21:00,
2018-06-02 05:24:00,
2018-06-02 05:27:00,
2018-06-02 05:30:00,
2018-06-02 05:33:00,
2018-06-02 05:36:00,
2018-06-02 05:39:00,
2018-06-02 05:42:00,
2018-06-02 05:45:00,
2018-06-02 05:48:00,
2018-06-02 05:51:00,
2018-06-02 05:54:00,
2018-06-02 05:57:00,
2018-06-02 06:00:00,
2018-06-02 06:03:00,
2018-06-02 06:06:00,
2018-06-02 06:09:00,
2018-06-02 06:12:00,
2018-06-02 06:15:00,
2018-06-02 06:18:00,
2018-06-02 06:21:00,
2018-06-02 06:24:00,
2018-06-02 06:27:00,
2018-06-02 06:30:00,
2018-06-02 06:33:00,
2018-06-02 06:36:00,
2018-06-02 06:39:00,
2018-06-02 06:42:00,
2018-06-02 06:45:00,
2018-06-02 06:48:00,
2018-06-02 06:51:00,
2018-06-02 06:54:00,
2018-06-02 06:57:00,
2018-06-02 07:00:00,
2018-06-02 07:03:00,
2018-06-02 07:06:00,
2018-06-02 07:09:00,
2018-06-02 07:12:00,
2018-06-02 07:15:00,
2018-06-02 07:18:00,
2018-06-02 07:21:00,
2018-06-02 07:24:00,
2018-06-02 07:27:00,
2018-06-02 07:30:00,
2018-06-02 07:33:00,
2018-06-02 07:36:00,
2018-06-02 07:39:00,
2018-06-02 07:42:00,
2018-06-02 07:45:00,
2018-06-02 07:48:00,
2018-06-02 07:51:00,
2018-06-02 07:54:00,
2018-06-02 07:57:00,
2018-06-02 08:00:00,
2018-06-02 08:03:00,
2018-06-02 08:06:00,0.7848363145107555
2018-06-02 08:09:00,0.791747190327726
2018-06-02 08:12:00,0.8273787692007772
2018-06-02 08:15:00,0.837644907440108
2018-06-02 08:18:00,0.7251155019616817
2018-06-02 08:21:00,0.7606918928591995
2018-06-02 08:24:00,0.7670472670581603
2018-06-02 08:27:00,0.7873312519510023
2018-06-02 08:30:00,0.7978944454479233
2018-06-02 08:33:00,0.7565874809264415
2018-06-02 08:36:00,0.7273255156549112
2018-06-02 08:39:00,0.8227238010161955
2018-06-02 08:42:00,0.7722665345913811
2018-06-02 08:45:00,0.6888675149492087
2018-06-02 08:48:00,0.7138667483495738
2018-06-02 08:51:00,0.72075816995482
2018-06-02 08:54:00,0.7144483705908442
2018-06-02 08:57:00,0.665424512754555
2018-06-02 09:00:00,0.5831376025230384
2018-06-02 09:03:00,0.5939196813419585
2018-06-02 09:06:00,0.6121005742886041
2018-06-02 09:09:00,0.4805309536997129
2018-06-02 09:12:00,0.4932881091386321
2018-06-02 09:15:00,0.5089937785938901
2018-06-02 09:18:00,0.5908264418390559
2018-06-02 09:21:00,0.5807586433848542
2018-06-02 09:24:00,0.6048552685253412
2018-06-02 09:27:00,0.5403346042176054
2018-06-02 09:30:00,0.49138345494918667
2018-06-02 09:33:00,0.5218814803725422
2018-06-02 09:36:00,0.48540515383245975
2018-06-02 09:39:00,0.48804567843581026
2018-06-02 09:42:00,0.5344437125845616
2018-06-02 09:45:00,0.45791213541241405
2018-06-02 09:48:00,0.41712914407906965
2018-06-02 09:51:00,0.36859486097756644
2018-06-02 09:54:00,0.4450243093613153
2018-06-02 09:57:00,0.3609588449721741
2018-06-02 10:00:00,0.34054908203393097
2018-06-02 10:03:00,0.4056674234079196
2018-06-02 10:06:00,0.3343851794541024
2018-06-02 10:09:00,0.3562283885763122
2018-06-02 10:12:00,0.27699617772287866
2018-06-02 10:15:00,0.3340138804553021
2018-06-02 10:18:00,0.245127606685287
2018-06-02 10:21:00,0.2486071029179584
2018-06-02 10:24:00,0.20032031427575703
2018-06-02 10:27:00,0.19091102177918629
2018-06-02 10:30:00,0.29529305734871514
2018-06-02 10:33:00,0.23528329090345323
2018-06-02 10:36:00,0.3122856220832091
2018-06-02 10:39:00,0.16327763742242496
2018-06-02 10:42:00,0.19804456284242633
2018-06-02 10:45:00,0.16775036505060825
2018-06-02 10:48:00,0.14835309782387185
2018-06-02 10:51:00,0.2013399126664126
2018-06-02 10:54:00,0.2191611853755262
2018-06-02 10:57:00,0.12871995820432858
2018-06-02 11:00:00,0.09745746064754712
2018-06-02 11:03:00,0.06913965173202996
2018-06-02 11:06:00,0.08409742032944223
2018-06-02 11:09:00,0.0008211427066271426
2018-06-02 11:12:00,-0.002214636017754401
2018-06-02 11:15:00,-0.04919971515391808
2018-06-02 11:18:00,-0.013681084307904712
2018-06-02 11:21:00,-0.040638772312377114
2018-06-02 11:24:00,-0.013547961500080419
2018-06-02 11:27:00,-0.061371266814091996
2018-06-02 11:30:00,-0.01642219179376525
2018-06-02 11:33:00,-0.1277109460914403
2018-06-02 11:36:00,-0.09229755361832304
2018-06-02 11:39:00,-0.07308742011809954
2018-06-02 11:42:00,-0.04491728214304658
2018-06-02 11:45:00,-0.18830383895829073
2018-06-02 11:48:00,-0.08203415136341619
2018-06-02 11:51:00,-0.14352978181005938
2018-06-02 11:54:00,-0.11255941864430952
2018-06-02 11:57:00,-0.20537999878354185
2018-06-02 12:00:00,-0.17926849573200343
2018-06-02 12:03:00,-0.1784062870829075
2018-06-02 12:06:00,-0.23077708931498364
2018-06-02 12:09:00,-0.171601540271638
2018-06-02 12:12:00,-0.2032230695364774
2018-06-02 12:15:00,-0.15833755694615093
2018-06-02 12:18:00,-0.23438449587808918
2018-06-02 12:21:00,-0.30299346312159514
2018-06-02 12:24:00,-0.24118537052618194
2018-06-02 12:27:00,-0.29693146456827435
2018-06-02 12:30:00,-0.32676522095937344
2018-06-02 12:33:00,-0.21511817508604736
2018-06-02 12:36:00,-0.1519782880664593
2018-06-02 12:39:00,-0.19548810663633276
2018-06-02 12:42:00,-0.2101390920806807
2018-06-02 12:45:00,-0.1453602717762692
2018-06-02 12:48:00,-0.2680587584020486
2018-06-02 12:51:00,-0.17237687724093576
2018-06-02 12:54:00,-0.301985407741995
2018-06-02 12:57:00,-0.31978466010048123
2018-06-02 13:00:00,-0.2351700920629014
2018-06-02 13:03:00,-0.1589675303875424
2018-06-02 13:06:00,-0.2821586281125974
2018-06-02 13:09:00,-0.2745965838833513
2018-06-02 13:12:00,-0.33550155136947524
2018-06-02 13:15:00,-0.2940516591526148
2018-06-02 13:18:00,-0.2647608289690311
2018-06-02 13:21:00,-0.3017252528682661
2018-06-02 13:24:00,-0.39243510876957544
2018-06-02 13:27:00,-0.3118941741248591
2018-06-02 13:30:00,-0.2463374787957946
2018-06-02 13:33:00,-0.33492306411869777
2018-06-02 13:36:00,-0.3134665126227105
2018-06-02 13:39:00,-0.29907970844448073
2018-06-02 13:42:00,-0.42209356692814026
2018-06-02 13:45:00,-0.24231999209291644
2018-06-02 13:48:00,-0.23456006749432845
2018-06-02 13:51:00,-0.2680396932628355
2018-06-02 13:54:00,-0.30124025220823114
2018-06-02 13:57:00,-0.3859240808951654
2018-06-02 14:00:00,-0.3786082422539607
2018-06-02 14:03:00,-0.3517446552064598
2018-06-02 14:06:00,-0.25327409729590045
2018-06-02 14:09:00,-0.3090810695592836
2018-06-02 14:12:00,-0.2706171876861845
2018-06-02 14:15:00,-0.31901179872465946
2018-06-02 14:18:00,-0.304968715538962
2018-06-02 14:21:00,-0.24315720878087177
2018-06-02 14:24:00,-0.2915795693605787
2018-06-02 14:27:00,-0.23033708216837567
2018-06-02 14:30:00,-0.20497409860900007
2018-06-02 14:33:00,-0.33775822629297636
2018-06-02 14:36:00,-0.3864758487998756
2018-06-02 14:39:00,-0.2970304534056254
2018-06-02 14:42:00,-0.26445611822913406
2018-06-02 14:45:00,-0.33879768630367835
2018-06-02 14:48:00,-0.40245853445708235
2018-06-02 14:51:00,-0.34800347632386774
2018-06-02 14:54:00,-0.41162663387308385
2018-06-02 14:57:00,-0.4050770174038689
2018-06-02 15:00:00,-0.3896708707837888
2018-06-02 15:03:00,-0.3426644941191057
2018-06-02 15:06:00,-0.31723371308441983
2018-06-02 15:09:00,-0.3484627668914868
2018-06-02 15:12:00,-0.32302856352640674
2018-06-02 15:15:00,-0.27367240811247484
2018-06-02 15:18:00,-0.28000398405743
2018-06-02 15:21:00,-0.33329965746111156
2018-06-02 15:24:00,-0.31682189469813693
2018-06-02 15:27:00,-0.3434301000909272
2018-06-02 15:30:00,-0.372467902826088
2018-06-02 15:33:00,-0.30861871277016917
2018-06-02 15:36:00,-0.3599674416522589
2018-06-02 15:39:00,-0.4049357383898382
2018-06-02 15:42:00,-0.2758573174746175
2018-06-02 15:45:00,-0.29398869444872844
2018-06-02 15:48:00,-0.43259223072146824
2018-06-02 15:51:00,-0.3676546643216625
2018-06-02 15:54:00,-0.29065492923467673
2018-06-02 15:57:00,-0.2985715897138448
2018-06-02 16:00:00,-0.3841125479348193
2018-06-02 16:03:00,-0.25433557085943903
2018-06-02 16:06:00,-0.3065105935237966
2018-06-02 16:09:00,-0.38953884322671684
2018-06-02 16:12:00,-0.33277545443837653
2018-06-02 16:15:00,-0.3755813385033093
2018-06-02 16:18:00,-0.2777687991268749
2018-06-02 16:21:00,-0.36994142513231054
2018-06-02 16:24:00,-0.26168200518810636
2018-06-02 16:27:00,-0.34762013111014767
2018-06-02 16:30:00,-0.43365245129126606
2018-06-02 16:33:00,-0.3810446596086763
2018-06-02 16:36:00,-0.3823488569350957
2018-06-02 16:39:00,-0.33181192779915136
2018-06-02 16:42:00,-0.2808178299030146
2018-06-02 16:45:00,-0.39321454175927784
2018-06-02 16:48:00,-0.3296625598284777
2018-06-02 16:51:00,-0.32336726474898114
2018-06-02 16:54:00,-0.31568256839568676
2018-06-02 16:57:00,-0.2796832429289111
2018-06-02 17:00:00,-0.348640454531278
2018-06-02 17:03:00,-0.23028764556573833
2018-06-02 17:06:00,-0.3027527806992225
2018-06-02 17:09:00,-0.34005160135018286
2018-06-02 17:12:00,-0.296576493030841
2018-06-02 17:15:00,-0.3698508633071924
2018-06-02 17:18:00,-0.3466882046116666
2018-06-02 17:21:00,-0.3457730064757243
2018-06-02 17:24:00,-0.37413873126837416
2018-06-02 17:27:00,-0.3394938492384654
2018-06-02 17:30:00,-0.3921502038490985
2018-06-02 17:33:00,-0.3373038170292375
2018-06-02 17:36:00,-0.3332043995519598
2018-06-02 17:39:00,-0.3716202993094271
2018-06-02 17:42:00,-0.222156358538939
2018-06-02 17:45:00,-0.22954308995957717
2018-06-02 17:48:00,-0.3414199079357445
2018-06-02 17:51:00,-0.10946505751195446
2018-06-02 17:54:00,-0.1498898600582379
2018-06-02 17:57:00,-0.0800279271556974
2018-06-02 18:00:00,-0.20114938799008542
2018-06-02 18:03:00,-0.1637944079550948
2018-06-02 18:06:00,-0.14433179760482062
2018-06-02 18:09:00,-0.0751784113444387
2018-06-02 18:12:00,-0.13998050861641786
2018-06-02 18:15:00,-0.11139251664241101
2018-06-02 18:18:00,-0.10434123092625214
2018-06-02 18:21:00,-0.16426043999194917
2018-06-02 18:24:00,-0.022184718204584897
2018-06-02 18:27:00,-0.008367412334109758
2018-06-02 18:30:00,-0.11465542592196698
2018-06-02 18:33:00,-0.13929372201795331
2018-06-02 18:36:00,-0.13806330605234507
2018-06-02 18:39:00,-0.11299634297029115
2018-06-02 18:42:00,-0.048908485656397716
2018-06-02 18:45:00,-0.12395329076298367
2018-06-02 18:48:00,-0.014340649572318398
2018-06-02 18:51:00,-0.06388464201251054
2018-06-02 18:54:00,
2018-06-02 18:57:00,
2018-06-02 19:00:00,
2018-06-02 19:03:00,-0.12159418023043145
2018-06-02 19:06:00,0.07756222184451644
2018-06-02 19:09:00,0.0346445568246736
2018-06-02 19:12:00,-0.03686367352895559
2018-06-02 19:15:00,-0.12998930748193516
2018-06-02 19:18:00,-0.04236117354594171
2018-06-02 19:21:00,0.015114182669094589
2018-06-02 19:24:00,-0.1401566235940095
2018-06-02 19:27:00,-0.09707233017729777
2018-06-02 19:30:00,-0.028620552427810253
2018-06-02 19:33:00,0.0731427713001267
2018-06-02 19:36:00,-0.1734413888070776
2018-06-02 19:39:00,-0.0032423905368546
2018-06-02 19:42:00,0.024152491404095144
2018-06-02 19:45:00,-0.011395174647532258
2018-06-02 19:48:00,-0.06477312013566916
2018-06-02 19:51:00,0.17004184634254216
2018-06-02 19:54:00,0.039667596790877724
2018-06-02 19:57:00,0.07744679153637435
2018-06-02 20:00:00,0.09862873446701315
2018-06-02 20:03:00,0.09922967500165214
2018-06-02 20:06:00,0.049935182274566614
2018-06-02 20:09:00,0.07179498402513218
2018-06-02 20:12:00,0.004990020700518016
2018-06-02 20:15:00,0.022920666250172417
2018-06-02 20:18:00,0.06294036418853466
2018-06-02 20:21:00,-0.0007476337118532683
2018-06-02 20:24:00,0.07325110505558996
2018-06-02 20:27:00,0.16146235699062572
2018-06-02 20:30:00,0.09784061935533828
2018-06-02 20:33:00,0.0854575140215843
2018-06-02 20:36:00,0.11931126121675106
2018-06-02 20:39:00,0.09819753957009425
2018-06-02 20:42:00,0.11722259867258344
2018-06-02 20:45:00,0.17156450713918048
2018-06-02 20:48:00,0.21920756154969467
2018-06-02 20:51:00,0.14706199209831539
2018-06-02 20:54:00,0.17827759002358334
2018-06-02 20:57:00,0.17377087763878762
2018-06-02 21:00:00,0.13992774344245618
2018-06-02 21:03:00,0.133282406761964
2018-06-02 21:06:00,0.07727847666399157
2018-06-02 21:09:00,0.15650636915057703
2018-06-02 21:12:00,0.17628086267416165
2018-06-02 21:15:00,0.27724589405551114
2018-06-02 21:18:00,0.35129506701713353
2018-06-02 21:21:00,0.3142262561790403
2018-06-02 21:24:00,0.4808986821576582
2018-06-02 21:27:00,0.4093914233419014
2018-06-02 21:30:00,0.47578527247895863
2018-06-02 21:33:00,0.6286270680758435
2018-06-02 21:36:00,0.5290812666110014
2018-06-02 21:39:00,0.5930042316148274
2018-06-02 21:42:00,0.5925986282665008
2018-06-02 21:45:00,0.5630453840147993
2018-06-02 21:48:00,0.6285108258710466
2018-06-02 21:51:00,0.5748854473152392
2018-06-02 21:54:00,0.5952655440417516
2018-06-02 21:57:00,0.4905950034235502
2018-06-02 22:00:00,0.5867793157752885
2018-06-02 22:03:00,0.4291764415607986
2018-06-02 22:06:00,0.5264798786234905
2018-06-02 22:09:00,0.4997905570166381
2018-06-02 22:12:00,0.3784226677008746
2018-06-02 22:15:00,0.15074342345315017
2018-06-02 22:18:00,0.08420247723381635
2018-06-02 22:21:00,0.21573276878530123
2018-06-02 22:24:00,0.20020903974756266
2018-06-02 22:27:00,0.19704087002082815
2018-06-02 22:30:00,0.20538213930768734
2018-06-02 22:33:00,0.2259255642756557
2018-06-02 22:36:00,0.16525360546683032
2018-06-02 22:39:00,0.2637970622309922
2018-06-02 22:42:00,0.2665044018341405
2018-06-02 22:45:00,0.2115660942042723
2018-06-02 22:48:00,0.3906536682915771
2018-06-02 22:51:00,0.4213456755026641
2018-06-02 22:54:00,0.47702049190871776
2018-06-02 22:57:00,0.3628552086630634
2018-06-02 23:00:00,0.3972195440792916
2018-06-02 23:03:00,0.44785576389614334
2018-06-02 23:06:00,0.5403742672359044
2018-06-02 23:09:00,0.4497597410439198
2018-06-02 23:12:00,0.3842020235750283
2018-06-02 23:15:00,0.4970104306351004
2018-06-02 23:18:00,0.5351674397778652
2018-06-02 23:21:00,0.4879751394369123
2018-06-02 23:24:00,0.49383951177674135
2018-06-02 23:27:00,0.5220692796286812
2018-06-02 23:30:00,0.5530628226324552
2018-06-02 23:33:00,0.5433531969400747
2018-06-02 23:36:00,0.5514515170555683
2018-06-02 23:39:00,0.6517297476843282
2018-06-02 23:42:00,0.5265365665081845
2018-06-02 23:45:00,0.5250267613500341
2018-06-02 23:48:00,0.5225167467911547
2018-06-02 23:51:00,0.6354675159257681
2018-06-02 23:54:00,0.6185514311349039
2018-06-02 23:57:00,0.4454777662094216
2018-06-03 00:00:00,0.5100068186931708
2018-06-03 00:03:00,0.44503480214416413
2018-06-03 00:06:00,0.47899214964309067
2018-06-03 00:09:00,0.43219403147838875
2018-06-03 00:12:00,0.4979157829244514
2018-06-03 00:15:00,0.4323073723861057
2018-06-03 00:18:00,0.4891967069103771
2018-06-03 00:21:00,0.444063298458218
2018-06-03 00:24:00,0.4699114107671676
2018-06-03 00:27:00,0.48028632971488605
2018-06-03 00:30:00,0.47749062526713715
2018-06-03 00:33:00,0.492621574405689
2018-06-03 00:36:00,0.3937536931587715
2018-06-03 00:39:00,0.47342067101459406
2018-06-03 00:42:00,0.4903760019223
2018-06-03 00:45:00,0.4298665290090753
2018-06-03 00:48:00,0.4292105498837486
2018-06-03 00:51:00,0.44682787780061517
2018-06-03 00:54:00,0.47205817507807524
2018-06-03 00:57:00,0.4568011211498515
2018-06-03 01:00:00,0.5089473982051231
2018-06-03 01:03:00,0.5641077917312032
2018-06-03 01:06:00,0.5150380187645283
2018-06-03 01:09:00,0.5530134519740386
2018-06-03 01:12:00,0.6307183010446238
2018-06-03 01:15:00,0.7095202413355537
2018-06-03 01:18:00,0.7367748150926445
2018-06-03 01:21:00,0.6786615241156255
2018-06-03 01:24:00,0.6875072919150966
2018-06-03 01:27:00,0.6898677300862914
2018-06-03 01:30:00,0.678315582443247
2018-06-03 01:33:00,0.8009615133563557
2018-06-03 01:36:00,0.7576458083751731
2018-06-03 01:39:00,0.7731667870127694
2018-06-03 01:42:00,0.6768806254012247
2018-06-03 01:45:00,0.6625980030372602
2018-06-03 01:48:00,0.5848479685617463
2018-06-03 01:51:00,0.6946448291192837
2018-06-03 01:54:00,0.7730672447931966
2018-06-03 01:57:00,0.7722218774448493
2018-06-03 02:00:00,0.8578257130373004
2018-06-03 02:03:00,0.7867609050865099
2018-06-03 02:06:00,0.6304859300885255
2018-06-03 02:09:00,0.7280702443093219
2018-06-03 02:12:00,0.5806828544637028
2018-06-03 02:15:00,0.5981692422159313
2018-06-03 02:18:00,0.6145656071252574
2018-06-03 02:21:00,0.6732540418308304
2018-06-03 02:24:00,0.7481862046256538
2018-06-03 02:27:00,0.57963364683701
2018-06-03 02:30:00,0.7325384720330135
2018-06-03 02:33:00,0.6781126406883118
2018-06-03 02:36:00,0.7023671233756659
2018-06-03 02:39:00,0.6585446697527573
2018-06-03 02:42:00,0.637407328709628
2018-06-03 02:45:00,0.7675334598422978
2018-06-03 02:48:00,0.6558393763091317
2018-06-03 02:51:00,0.7002663501296524
2018-06-03 02:54:00,0.6231736023835879
2018-06-03 02:57:00,0.5842469678183875
2018-06-03 03:00:00,0.760939578942839
2018-06-03 03:03:00,0.6188493754241335
2018-06-03 03:06:00,0.6322705791355361
2018-06-03 03:09:00,0.6285165443648566
2018-06-03 03:12:00,0.6614411891244458
2018-06-03 03:15:00,0.5731910598237278
2018-06-03 03:18:00,0.6241729614730502
2018-06-03 03:21:00,0.642975358558374
2018-06-03 03:24:00,0.646395279851049
2018-06-03 03:27:00,0.6696513441561933
2018-06-03 03:30:00,0.707488643405668
2018-06-03 03:33:00,0.7330067592449154
2018-06-03 03:36:00,0.6716326749584596
2018-06-03 03:39:00,0.6775485505428378
2018-06-03 03:42:00,0.6855671585621508
2018-06-03 03:45:00,0.7404873095702555
2018-06-03 03:48:00,0.7405520905726917
2018-06-03 03:51:00,0.6391694232144687
2018-06-03 03:54:00,0.7010773002825204
2018-06-03 03:57:00,0.7651579124390651
2018-06-03 04:00:00,0.7677814417021978
2018-06-03 04:03:00,0.6828841823106018
2018-06-03 04:06:00,0.7670804642888243
2018-06-03 04:09:00,0.6356956844109618
2018-06-03 04:12:00,0.7550342777398669
2018-06-03 04:15:00,0.659917641304105
2018-06-03 04:18:00,0.8412641138180561
2018-06-03 04:21:00,0.7177374754842276
2018-06-03 04:24:00,0.6996077001712706
2018-06-03 04:27:00,0.6357055419895232
2018-06-03 04:30:00,0.7679190458071616
2018-06-03 04:33:00,0.7494978193929
2018-06-03 04:36:00,0.6434202780118312
2018-06-03 04:39:00,0.6839674440344652
2018-06-03 04:42:00,0.7809630696855834
2018-06-03 04:45:00,0.7002554552046831
2018-06-03 04:48:00,0.6200277229784206
2018-06-03 04:51:00,0.6603727831969195
2018-06-03 04:54:00,0.6884744889592298
2018-06-03 04:57:00,0.7097372065944114
2018-06-03 05:00:00,0.7394460617944105
2018-06-03 05:03:00,0.6830345385135388
2018-06-03 05:06:00,0.7738206285181946
2018-06-03 05:09:00,0.615655244383845
2018-06-03 05:12:00,0.675160982535715
2018-06-03 05:15:00,0.653493061433494
2018-06-03 05:18:00,0.7754267296861599
2018-06-03 05:21:00,0.5779249226324055
2018-06-03 05:24:00,0.6551608647080229
2018-06-03 05:27:00,0.7200215454608383
2018-06-03 05:30:00,0.657423839280284
2018-06-03 05:33:00,0.6801139404011565
2018-06-03 05:36:00,0.614357513635639
2018-06-03 05:39:00,0.635536645600439
2018-06-03 05:42:00,0.7794706399390066
2018-06-03 05:45:00,0.7085113896995381
2018-06-03 05:48:00,0.623549456952901
2018-06-03 05:51:00,0.6312000585064084
2018-06-03 05:54:00,0.6560878939424697
2018-06-03 05:57:00,0.7670440030974532
2018-06-03 06:00:00,0.7198387708255041
2018-06-03 06:03:00,0.751987861272255
2018-06-03 06:06:00,0.7591868618964668
2018-06-03 06:09:00,0.6647452808290382
2018-06-03 06:12:00,0.728315062577451
2018-06-03 06:15:00,0.7016691770311354
2018-06-03 06:18:00,0.6779294613331217
2018-06-03 06:21:00,0.7057990200702307
2018-06-03 06:24:00,0.6486944092922045
2018-06-03 06:27:00,0.6811878913115379
2018-06-03 06:30:00,0.7356784368287776
2018-06-03 06:33:00,0.6494334234913595
2018-06-03 06:36:00,0.6697711166828526
2018-06-03 06:39:00,0.7926980787320872
2018-06-03 06:42:00,0.8545370609683687
2018-06-03 06:45:00,0.7413306650930735
2018-06-03 06:48:00,0.7233006252944278
2018-06-03 06:51:00,0.761543717343045
2018-06-03 06:54:00,0.6875471219649398
2018-06-03 06:57:00,0.6272153477040092
2018-06-03 07:00:00,0.6608691330464467
2018-06-03 07:03:00,0.689109156417544
2018-06-03 07:06:00,0.7041897363926068
2018-06-03 07:09:00,0.6666817718179914
2018-06-03 07:12:00,0.7727359314862952
2018-06-03 07:15:00,0.8764303443596191
2018-06-03 07:18:00,0.7846730118302503
2018-06-03 07:21:00,0.6425154774361204
2018-06-03 07:24:00,0.7424897136806976
2018-06-03 07:27:00,0.7693477063522209
2018-06-03 07:30:00,0.760496970089207
2018-06-03 07:33:00,0.79305404639274
2018-06-03 07:36:00,0.7080033754008355
2018-06-03 07:39:00,0.772853462076796
2018-06-03 07:42:00,0.8818745775556636
2018-06-03 07:45:00,0.8321745799626683
2018-06-03 07:48:00,0.9222767575809598
2018-06-03 07:51:00,0.7234976957807362
2018-06-03 07:54:00,0.7404451108442913
2018-06-03 07:57:00,0.8601033627192578
2018-06-03 08:00:00,0.7114334015246868
2018-06-03 08:03:00,0.782124301818385
2018-06-03 08:06:00,0.7401630608699179
2018-06-03 08:09:00,0.821060556791906
2018-06-03 08:12:00,0.7828121723393906
2018-06-03 08:15:00,0.8403034966239034
2018-06-03 08:18:00,0.7605228223746963
2018-06-03 08:21:00,0.705840574891738
2018-06-03 08:24:00,0.7159493252286211
2018-06-03 08:27:00,0.7150963815941509
2018-06-03 08:30:00,0.7741347477858653
2018-06-03 08:33:00,0.6539387738783375
2018-06-03 08:36:00,0.8706562582274842
2018-06-03 08:39:00,0.7097467280975138
2018-06-03 08:42:00,0.7520170499566348
2018-06-03 08:45:00,0.6947029617122098
2018-06-03 08:48:00,0.7220742973585743
2018-06-03 08:51:00,0.6982046530529828
2018-06-03 08:54:00,0.6827876567539874
2018-06-03 08:57:00,0.6984633557256075
2018-06-03 09:00:00,0.6533756296944944
2018-06-03 09:03:00,0.7178234908458876
2018-06-03 09:06:00,0.6766869082360927
2018-06-03 09:09:00,0.6680189188580812
2018-06-03 09:12:00,0.6384452595164589
2018-06-03 09:15:00,0.6073741417075098
2018-06-03 09:18:00,0.6997510022299025
2018-06-03 09:21:00,0.6451704551977286
2018-06-03 09:24:00,0.6368126604802455
2018-06-03 09:27:00,0.632579202571776
2018-06-03 09:30:00,0.5282002769934024
2018-06-03 09:33:00,0.6322216249858457
2018-06-03 09:36:00,0.38349112129293417
2018-06-03 09:39:00,0.5696271658422916
2018-06-03 09:42:00,0.6749848368801281
2018-06-03 09:45:00,0.6093318445588238
2018-06-03 09:48:00,0.46120283103522297
2018-06-03 09:51:00,0.5062485499719287
2018-06-03 09:54:00,0.6497043632314785
2018-06-03 09:57:00,0.5329544982853918
2018-06-03 10:00:00,0.6573209308779155
2018-06-03 10:03:00,0.5555246909502216
2018-06-03 10:06:00,0.4717049079080766
2018-06-03 10:09:00,0.4989152271385251
2018-06-03 10:12:00,0.5435777047690635
2018-06-03 10:15:00,0.4451220120309358
2018-06-03 10:18:00,0.6303101672176012
2018-06-03 10:21:00,0.40488558318946843
2018-06-03 10:24:00,0.4464016847872472
2018-06-03 10:27:00,0.5188404601065599
2018-06-03 10:30:00,0.461826889106419
2018-06-03 10:33:00,0.3730491713731112
2018-06-03 10:36:00,0.4247271439056135
2018-06-03 10:39:00,0.34765318940958423
2018-06-03 10:42:00,0.3407222588384684
2018-06-03 10:45:00,0.3327311159916917
2018-06-03 10:48:00,0.31595838291536893
2018-06-03 10:51:00,0.37659285687533384
2018-06-03 10:54:00,0.22859546885558757
2018-06-03 10:57:00,0.2736789161286879
2018-06-03 11:00:00,0.25353880439450904
2018-06-03 11:03:00,0.21852473804386818
2018-06-03 11:06:00,0.24460657216496884
2018-06-03 11:09:00,0.21025245177594343
2018-06-03 11:12:00,0.23036798051322194
2018-06-03 11:15:00,0.041876400023568294
2018-06-03 11:18:00,0.07939868055467514
2018-06-03 11:21:00,0.035509935935124304
2018-06-03 11:24:00,0.0625514630436328
2018-06-03 11:27:00,0.00873529048101318
2018-06-03 11:30:00,-0.017734890654935498
2018-06-03 11:33:00,-0.0828489158989214
2018-06-03 11:36:00,-0.12868211469447033
2018-06-03 11:39:00,-0.028878265655805535
2018-06-03 11:42:00,-0.09989765059623323
2018-06-03 11:45:00,0.04880015128190962
2018-06-03 11:48:00,-0.13662661146543087
2018-06-03 11:51:00,0.00022052939436889574
2018-06-03 11:54:00,-0.12893874720072063
2018-06-03 11:57:00,-0.06670668048826656
2018-06-03 12:00:00,-0.13098558147822814
2018-06-03 12:03:00,-0.08984409508593671
2018-06-03 12:06:00,-0.13824488969697768
2018-06-03 12:09:00,-0.13738661032277832
2018-06-03 12:12:00,-0.1958809297414632
2018-06-03 12:15:00,-0.22861579545076438
2018-06-03 12:18:00,-0.22919469814945614
2018-06-03 12:21:00,-0.19601056542973083
2018-06-03 12:24:00,-0.3938749346841064
2018-06-03 12:27:00,-0.30692705388827335
2018-06-03 12:30:00,-0.2126351192830498
2018-06-03 12:33:00,-0.24895522319991414
2018-06-03 12:36:00,-0.2958607523391379
2018-06-03 12:39:00,-0.33393653268069556
2018-06-03 12:42:00,-0.25830039477369837
2018-06-03 12:45:00,-0.2983151848413286
2018-06-03 12:48:00,-0.3213055524766446
2018-06-03 12:51:00,-0.38488831205080487
2018-06-03 12:54:00,-0.3594419540105491
2018-06-03 12:57:00,-0.3049365917474347
2018-06-03 13:00:00,-0.2516602721520371
2018-06-03 13:03:00,-0.31202234488790737
2018-06-03 13:06:00,-0.30221961409228015
2018-06-03 13:09:00,-0.32195064027683884
2018-06-03 13:12:00,-0.18607332717004965
2018-06-03 13:15:00,-0.23705071491133367
2018-06-03 13:18:00,-0.330996867517797
2018-06-03 13:21:00,-0.3802239805959289
2018-06-03 13:24:00,-0.3471037539368922
2018-06-03 13:27:00,-0.3770684469815251
2018-06-03 13:30:00,-0.4300484936842963
2018-06-03 13:33:00,-0.31488405710319967
2018-06-03 13:36:00,-0.2617305422484151
2018-06-03 13:39:00,-0.42907094773335075
2018-06-03 13:42:00,-0.4084357959354179
2018-06-03 13:45:00,-0.34259092641843836
2018-06-03 13:48:00,-0.31691459826510027
2018-06-03 13:51:00,-0.28922549230298955
2018-06-03 13:54:00,-0.4272079629105292
2018-06-03 13:57:00,-0.38825125959721163
2018-06-03 14:00:00,-0.32109797667163775
2018-06-03 14:03:00,-0.339705343732021
2018-06-03 14:06:00,-0.39705609329615754
2018-06-03 14:09:00,-0.527264716965476
2018-06-03 14:12:00,-0.42484695275442164
2018-06-03 14:15:00,-0.42604741453254746
2018-06-03 14:18:00,-0.3943669285053488
2018-06-03 14:21:00,-0.3680846872074426
2018-06-03 14:24:00,-0.3582220028467873
2018-06-03 14:27:00,-0.34433201603769703
2018-06-03 14:30:00,-0.46704307247762245
2018-06-03 14:33:00,-0.34965049168391715
2018-06-03 14:36:00,-0.4088700905925293
2018-06-03 14:39:00,-0.321258083327848
2018-06-03 14:42:00,-0.28540997912818966
2018-06-03 14:45:00,-0.33211721795191806
2018-06-03 14:48:00,-0.21626891987602903
2018-06-03 14:51:00,-0.34105797549409544
2018-06-03 14:54:00,-0.3365781537733028
2018-06-03 14:57:00,-0.38640458355030205
2018-06-03 15:00:00,-0.4051000663839659
2018-06-03 15:03:00,-0.3636364561874643
2018-06-03 15:06:00,-0.3870498645946441
2018-06-03 15:09:00,-0.41972533386154964
2018-06-03 15:12:00,-0.3862467251123576
2018-06-03 15:15:00,-0.4446272444612305
2018-06-03 15:18:00,-0.4120205789017177
2018-06-03 15:21:00,-0.45680453678801314
2018-06-03 15:24:00,-0.3669147869176186
2018-06-03 15:27:00,-0.3670553729994026
2018-06-03 15:30:00,-0.35021345857740016
2018-06-03 15:33:00,-0.36642607337682875
2018-06-03 15:36:00,-0.25980006001111633
2018-06-03 15:39:00,-0.42296369035955195
2018-06-03 15:42:00,-0.2807098360190139
2018-06-03 15:45:00,-0.2304325634087263
2018-06-03 15:48:00,-0.34629590168327695
2018-06-03 15:51:00,-0.34375044694809276
2018-06-03 15:54:00,-0.3573077034446328
2018-06-03 15:57:00,-0.37833232271805173
2018-06-03 16:00:00,-0.3658520902293958
2018-06-03 16:03:00,-0.35630404628778933
2018-06-03 16:06:00,-0.2172392234224958
2018-06-03 16:09:00,-0.3866337242970985
2018-06-03 16:12:00,-0.24329217719838425
2018-06-03 16:15:00,-0.46816628642102387
2018-06-03 16:18:00,-0.3169209739109533
2018-06-03 16:21:00,-0.32840331655910404
2018-06-03 16:24:00,-0.4473582549408661
2018-06-03 16:27:00,-0.3197293789726814
2018-06-03 16:30:00,-0.43342763813058127
2018-06-03 16:33:00,-0.42871054103522965
2018-06-03 16:36:00,-0.35102466786185005
2018-06-03 16:39:00,-0.25871048082598236
2018-06-03 16:42:00,-0.39961651597360515
2018-06-03 16:45:00,-0.21622514317431296
2018-06-03 16:48:00,-0.2793930971884606
2018-06-03 16:51:00,-0.21187942440639063
2018-06-03 16:54:00,-0.1979400798848019
2018-06-03 16:57:00,-0.2886857127827511
2018-06-03 17:00:00,-0.15777782141651642
2018-06-03 17:03:00,-0.19207555938692167
2018-06-03 17:06:00,-0.15159352624158373
2018-06-03 17:09:00,-0.21854788425076777
2018-06-03 17:12:00,-0.22684486358554068
2018-06-03 17:15:00,-0.02058145247815446
2018-06-03 17:18:00,-0.027054159961153346
2018-06-03 17:21:00,-0.09240917914439706
2018-06-03 17:24:00,-0.14953593813146426
2018-06-03 17:27:00,0.014920434485247824
2018-06-03 17:30:00,-0.06639660890908772
2018-06-03 17:33:00,-0.15601318727925673
2018-06-03 17:36:00,-0.10996560234389108
2018-06-03 17:39:00,-0.12466877529635667
2018-06-03 17:42:00,-0.18552507960714593
2018-06-03 17:45:00,-0.11777302653655397
2018-06-03 17:48:00,-0.07948025665325531
2018-06-03 17:51:00,-0.14379474719788732
2018-06-03 17:54:00,-0.08166363563822188
2018-06-03 17:57:00,-0.15806697356754285
2018-06-03 18:00:00,-0.05044654104000301
2018-06-03 18:03:00,-0.04533768134274396
2018-06-03 18:06:00,0.02154735700923993
2018-06-03 18:09:00,-0.13528162871756422
2018-06-03 18:12:00,-0.0854758120130441
2018-06-03 18:15:00,-0.03535126430102764
2018-06-03 18:18:00,-0.04153468578334696
2018-06-03 18:21:00,-0.14269038110728616
2018-06-03 18:24:00,-0.08528699348642022
2018-06-03 18:27:00,0.0005932663413545924
2018-06-03 18:30:00,0.012258619845738394
2018-06-03 18:33:00,-0.06613831177560314
2018-06-03 18:36:00,-0.11148074872050984
2018-06-03 18:39:00,-0.023493541126470063
2018-06-03 18:42:00,0.0036439079649426276
2018-06-03 18:45:00,-0.13635918030348648
2018-06-03 18:48:00,-0.004505310796787398
2018-06-03 18:51:00,-0.01894563150671047
2018-06-03 18:54:00,0.03306083552615746
2018-06-03 18:57:00,
2018-06-03 19:00:00,
2018-06-03 19:03:00,-0.12039970756285356
2018-06-03 19:06:00,-0.13144373060248427
2018-06-03 19:09:00,0.002021637044833824
2018-06-03 19:12:00,-0.05202044538867767
2018-06-03 19:15:00,-0.0069342136416707945
2018-06-03 19:18:00,-0.07778909327436168
2018-06-03 19:21:00,-0.05288094061722859
2018-06-03 19:24:00,0.032100555788474594
2018-06-03 19:27:00,0.07437903052164074
2018-06-03 19:30:00,0.060680614248553866
2018-06-03 19:33:00,-0.057748620120605665
2018-06-03 19:36:00,-0.03175613681878531
2018-06-03 19:39:00,0.04483268839601351
2018-06-03 19:42:00,0.017151857461271902
2018-06-03 19:45:00,-0.023757694716493916
2018-06-03 19:48:00,-0.027800635825883546
2018-06-03 19:51:00,0.1437502521145575
2018-06-03 19:54:00,0.0763775640243125
2018-06-03 19:57:00,0.07847200433695889
2018-06-03 20:00:00,-0.017692179395680796
2018-06-03 20:03:00,0.03962336196246952
2018-06-03 20:06:00,0.05342030722789559
2018-06-03 20:09:00,0.003679372545263959
2018-06-03 20:12:00,0.04547690494888457
2018-06-03 20:15:00,0.035847888867351685
2018-06-03 20:18:00,0.13899194041999863
2018-06-03 20:21:00,0.013431564520203665
2018-06-03 20:24:00,0.12467695587577055
2018-06-03 20:27:00,0.034328549530471264
2018-06-03 20:30:00,0.07641011033985023
2018-06-03 20:33:00,0.08819583851266088
2018-06-03 20:36:00,0.0971188596492425
2018-06-03 20:39:00,0.10664265205156198
2018-06-03 20:42:00,0.011082293023434886
2018-06-03 20:45:00,0.10589508210819076
2018-06-03 20:48:00,0.04244208903452318
2018-06-03 20:51:00,0.11495927145244877
2018-06-03 20:54:00,0.024514289021283275
2018-06-03 20:57:00,0.025887868618383436
2018-06-03 21:00:00,0.16858372435302726
2018-06-03 21:03:00,-0.030074265093674057
2018-06-03 21:06:00,-0.07103241531081039
2018-06-03 21:09:00,0.08044378866185298
2018-06-03 21:12:00,0.050061402587118664
2018-06-03 21:15:00,0.05969558490670579
2018-06-03 21:18:00,0.052439111488979506
2018-06-03 21:21:00,0.08785715435158181
2018-06-03 21:24:00,0.16153435127716875
2018-06-03 21:27:00,0.17484248527523505
2018-06-03 21:30:00,0.1419263586213333
2018-06-03 21:33:00,0.22642839635591372
2018-06-03 21:36:00,0.07698919251362213
2018-06-03 21:39:00,0.09652480044547929
2018-06-03 21:42:00,0.09776835166030651
2018-06-03 21:45:00,0.21019276893929373
2018-06-03 21:48:00,0.13298473987373427
2018-06-03 21:51:00,0.19084561708001502
2018-06-03 21:54:00,0.19269191250174345
2018-06-03 21:57:00,0.2202899913170313
2018-06-03 22:00:00,0.11077737160195511
2018-06-03 22:03:00,0.18107586206184578
2018-06-03 22:06:00,0.13227981473789896
2018-06-03 22:09:00,0.25503080937960476
2018-06-03 22:12:00,0.08800434618490272
2018-06-03 22:15:00,0.14893638166654455
2018-06-03 22:18:00,0.12963782487167919
2018-06-03 22:21:00,0.22278951876018027
2018-06-03 22:24:00,0.15496515881085315
2018-06-03 22:27:00,0.18136475106666694
2018-06-03 22:30:00,0.2280904045141483
2018-06-03 22:33:00,0.09804988064126974
2018-06-03 22:36:00,0.08705359286034309
2018-06-03 22:39:00,0.1200103392563392
2018-06-03 22:42:00,0.1400529960766903
2018-06-03 22:45:00,0.16667960256330616
2018-06-03 22:48:00,0.12843813835365836
2018-06-03 22:51:00,0.13456045427261643
2018-06-03 22:54:00,0.1853968805378372
2018-06-03 22:57:00,0.0982398606305992
2018-06-03 23:00:00,0.10347310830184142
2018-06-03 23:03:00,0.22495160577989282
2018-06-03 23:06:00,0.30720874084306615
2018-06-03 23:09:00,0.19869057610486607
2018-06-03 23:12:00,0.22008983473432409
2018-06-03 23:15:00,0.3088578835812541
2018-06-03 23:18:00,0.18590275374015164
2018-06-03 23:21:00,0.15982319625697983
2018-06-03 23:24:00,0.294527516948051
2018-06-03 23:27:00,0.33718956060033634
2018-06-03 23:30:00,0.3195012031440001
2018-06-03 23:33:00,0.2775520140104959
2018-06-03 23:36:00,0.28874399097685455
2018-06-03 23:39:00,0.2106827376969136
2018-06-03 23:42:00,0.3137922420592645
2018-06-03 23:45:00,0.18447231966888467
2018-06-03 23:48:00,0.22353015884641536
2018-06-03 23:51:00,0.17473464222524626
2018-06-03 23:54:00,0.22755036850236365
2018-06-03 23:57:00,0.11012729507126551
2018-06-04 00:00:00,0.1486283654738827
2018-06-04 00:03:00,0.19870296148690159
2018-06-04 00:06:00,0.24022255313639107
2018-06-04 00:09:00,0.15463523791044054
2018-06-04 00:12:00,0.2186278863272264
2018-06-04 00:15:00,0.2781686891810864
2018-06-04 00:18:00,0.231184182027107
2018-06-04 00:21:00,0.23636990734013352
2018-06-04 00:24:00,0.17166008123552956
2018-06-04 00:27:00,0.19475778708022062
2018-06-04 00:30:00,0.20720553507806017
2018-06-04 00:33:00,0.25731367108647873
2018-06-04 00:36:00,0.2527533205199006
2018-06-04 00:39:00,0.2748175281143972
2018-06-04 00:42:00,0.230287666996162
2018-06-04 00:45:00,0.12452824599188261
2018-06-04 00:48:00,0.33004730248865144
2018-06-04 00:51:00,0.28083686619373793
2018-06-04 00:54:00,0.17106523657849948
2018-06-04 00:57:00,0.1907519181456223
2018-06-04 01:00:00,0.2716196310149712
2018-06-04 01:03:00,0.2575337998414966
2018-06-04 01:06:00,0.2648617736851975
2018-06-04 01:09:00,0.2663645763824434
2018-06-04 01:12:00,0.33385205395200046
2018-06-04 01:15:00,0.3909253508293773
2018-06-04 01:18:00,0.31294045789570646
2018-06-04 01:21:00,0.3270284525177658
2018-06-04 01:24:00,0.3816363650529411
2018-06-04 01:27:00,0.4721201417647194
2018-06-04 01:30:00,0.37349194244660566
2018-06-04 01:33:00,0.5537550287981503
2018-06-04 01:36:00,0.42456573493666383
2018-06-04 01:39:00,0.5329269460385149
2018-06-04 01:42:00,0.6775976647046491
2018-06-04 01:45:00,0.386841016998801
2018-06-04 01:48:00,0.47760410081656346
2018-06-04 01:51:00,0.5586134883230329
2018-06-04 01:54:00,0.6061592553987794
2018-06-04 01:57:00,0.44618173039208386
2018-06-04 02:00:00,0.32967654513282696
2018-06-04 02:03:00,0.39767195919819187
2018-06-04 02:06:00,0.25415754198525065
2018-06-04 02:09:00,0.38474417225290836
2018-06-04 02:12:00,0.3509432361301492
2018-06-04 02:15:00,0.27215788966231
2018-06-04 02:18:00,0.4063215703777132
2018-06-04 02:21:00,0.27316205313940145
2018-06-04 02:24:00,0.2670067747146163
2018-06-04 02:27:00,0.35678166989441706
2018-06-04 02:30:00,0.29996563556954925
2018-06-04 02:33:00,0.3803641091320742
2018-06-04 02:36:00,0.3252842806916192
2018-06-04 02:39:00,0.38493870345081405
2018-06-04 02:42:00,0.30436447040290204
2018-06-04 02:45:00,0.4724937498236841
2018-06-04 02:48:00,0.3043005569024331
2018-06-04 02:51:00,0.439130493794039
2018-06-04 02:54:00,0.3448614655905544
2018-06-04 02:57:00,0.39929088808554525
2018-06-04 03:00:00,0.33759870352793087
2018-06-04 03:03:00,0.38374598707571295
2018-06-04 03:06:00,0.47340928108434355
2018-06-04 03:09:00,0.3652926246248285
2018-06-04 03:12:00,0.4711202718090135
2018-06-04 03:15:00,0.38930112517471116
2018-06-04 03:18:00,0.3032488543688032
2018-06-04 03:21:00,0.4707303658632327
2018-06-04 03:24:00,0.38652063774247836
2018-06-04 03:27:00,0.3912004285591024
2018-06-04 03:30:00,0.42983152922204226
2018-06-04 03:33:00,0.413749438049706
2018-06-04 03:36:00,0.39824616883612407
2018-06-04 03:39:00,0.37073964799714076
2018-06-04 03:42:00,0.4056496577024973
2018-06-04 03:45:00,0.38030535414804945
2018-06-04 03:48:00,0.31337778946550543
2018-06-04 03:51:00,0.37722865498000147
2018-06-04 03:54:00,0.3957924879578627
2018-06-04 03:57:00,0.3782862815311887
2018-06-04 04:00:00,0.3987358165756518
2018-06-04 04:03:00,0.47063353651310535
2018-06-04 04:06:00,0.4951669088940207
2018-06-04 04:09:00,0.34827741288870584
2018-06-04 04:12:00,0.37705843344264167
2018-06-04 04:15:00,0.3868225518833128
2018-06-04 04:18:00,0.5478484824403722
2018-06-04 04:21:00,0.3905764688111617
2018-06-04 04:24:00,0.40917135493390333
2018-06-04 04:27:00,0.4293506587781053
2018-06-04 04:30:00,0.46001379614438065
2018-06-04 04:33:00,0.38369790213931765
2018-06-04 04:36:00,0.39946963170569916
2018-06-04 04:39:00,0.4461273194459068
2018-06-04 04:42:00,0.4056683607244054
2018-06-04 04:45:00,0.4039276978139128
2018-06-04 04:48:00,0.5152863604388926
2018-06-04 04:51:00,0.44114732413578395
2018-06-04 04:54:00,0.5210940786682272
2018-06-04 04:57:00,0.5062156686909702
2018-06-04 05:00:00,0.4581057958854444
2018-06-04 05:03:00,0.46428799080058525
2018-06-04 05:06:00,0.5457825438857071
2018-06-04 05:09:00,0.45737421384598065
2018-06-04 05:12:00,0.5390721422681395
2018-06-04 05:15:00,0.48601631411412427
2018-06-04 05:18:00,0.6062133378508747
2018-06-04 05:21:00,0.4541868074776403
2018-06-04 05:24:00,0.4714865474959993
2018-06-04 05:27:00,0.49384277418272404
2018-06-04 05:30:00,0.5921906825299743
2018-06-04 05:33:00,0.49796264598171547
2018-06-04 05:36:00,0.5383448659309238
2018-06-04 05:39:00,0.5005160580703318
2018-06-04 05:42:00,0.5288337162053836
2018-06-04 05:45:00,0.49682044105412615
2018-06-04 05:48:00,0.4427077661178487
2018-06-04 05:51:00,0.4748335006241291
2018-06-04 05:54:00,0.4786045312133069
2018-06-04 05:57:00,0.49112814592569976
2018-06-04 06:00:00,0.511517580840632
2018-06-04 06:03:00,0.5940494417646391
2018-06-04 06:06:00,0.5016350897528241
2018-06-04 06:09:00,0.5915061328551587
2018-06-04 06:12:00,0.5952968173349973
2018-06-04 06:15:00,0.4983508396808247
2018-06-04 06:18:00,0.5606218487622527
2018-06-04 06:21:00,0.48909579932376346
2018-06-04 06:24:00,0.5850092971313074
2018-06-04 06:27:00,0.6696043121127104
2018-06-04 06:30:00,0.5687128208876402
2018-06-04 06:33:00,0.6723829319816446
2018-06-04 06:36:00,0.5695336177035983
2018-06-04 06:39:00,0.5567639229740848
2018-06-04 06:42:00,0.5549548051529882
2018-06-04 06:45:00,0.5882712840609656
2018-06-04 06:48:00,0.5957741488440433
2018-06-04 06:51:00,0.5851907989591609
2018-06-04 06:54:00,0.6197456692510741
2018-06-04 06:57:00,0.5219895437576838
2018-06-04 07:00:00,0.48759995909102827
2018-06-04 07:03:00,0.49785559705156857
2018-06-04 07:06:00,0.5718789385826994
2018-06-04 07:09:00,0.5956293906540395
2018-06-04 07:12:00,0.44907762531460094
2018-06-04 07:15:00,0.6049092759137693
2018-06-04 07:18:00,0.5455875340794023
2018-06-04 07:21:00,0.7074234893156586
2018-06-04 07:24:00,0.5467029301389061
2018-06-04 07:27:00,0.548614633674049
2018-06-04 07:30:00,0.45500636984394305
2018-06-04 07:33:00,0.5146803553458881
2018-06-04 07:36:00,0.5235225240845125
2018-06-04 07:39:00,0.5106805093455478
2018-06-04 07:42:00,0.5637451515237899
2018-06-04 07:45:00,0.4926546079259424
2018-06-04 07:48:00,0.5128671376099305
2018-06-04 07:51:00,0.42363220956036685
2018-06-04 07:54:00,0.5267871058873084
2018-06-04 07:57:00,0.5469530963928264
2018-06-04 08:00:00,0.5301937551332117
2018-06-04 08:03:00,0.47632570853562584
2018-06-04 08:06:00,0.44600152626122735
2018-06-04 08:09:00,0.4645865136143925
2018-06-04 08:12:00,0.3812056678989393
2018-06-04 08:15:00,0.44814587602650136
2018-06-04 08:18:00,0.47284805574560096
2018-06-04 08:21:00,0.360931933055042
2018-06-04 08:24:00,0.3137480619291182
2018-06-04 08:27:00,0.29952389646075517
2018-06-04 08:30:00,0.30645495995082683
2018-06-04 08:33:00,0.2693195521480334
2018-06-04 08:36:00,0.29701886116151854
2018-06-04 08:39:00,0.19807381183159123
2018-06-04 08:42:00,0.2903031179819209
2018-06-04 08:45:00,0.21011428866836468
2018-06-04 08:48:00,0.1825867229320579
2018-06-04 08:51:00,0.12853463476523075
2018-06-04 08:54:00,0.1626765812022768
2018-06-04 08:57:00,0.16177494383339308
2018-06-04 09:00:00,0.23520617575331926
2018-06-04 09:03:00,0.2606804321692948
2018-06-04 09:06:00,0.18411969035190623
2018-06-04 09:09:00,0.1726368278362429
2018-06-04 09:12:00,0.1909580329880214
2018-06-04 09:15:00,0.19764116736263304
2018-06-04 09:18:00,0.15191867276246285
2018-06-04 09:21:00,0.23095953221843502
2018-06-04 09:24:00,0.20736495384568343
2018-06-04 09:27:00,0.16610444236744115
2018-06-04 09:30:00,0.1999738622612881
2018-06-04 09:33:00,0.16305827809668472
2018-06-04 09:36:00,0.15653616984974406
2018-06-04 09:39:00,0.2362531960133083
2018-06-04 09:42:00,0.1713428641338055
2018-06-04 09:45:00,0.21975517929359967
2018-06-04 09:48:00,0.14541894347371453
2018-06-04 09:51:00,0.23768610911480437
2018-06-04 09:54:00,0.18627290986358958
2018-06-04 09:57:00,0.1449404615232197
2018-06-04 10:00:00,0.013720089404955615
2018-06-04 10:03:00,0.14595614217535058
2018-06-04 10:06:00,0.1100781727890876
2018-06-04 10:09:00,0.10865265619401043
2018-06-04 10:12:00,-0.007105803148533596
2018-06-04 10:15:00,-0.0005801131163707396
2018-06-04 10:18:00,0.05659149140808495
2018-06-04 10:21:00,0.06834701629861684
2018-06-04 10:24:00,0.10445375274593971
2018-06-04 10:27:00,0.09172770098075489
2018-06-04 10:30:00,0.02254223596872862
2018-06-04 10:33:00,0.03464675621455626
2018-06-04 10:36:00,0.11205499405713226
2018-06-04 10:39:00,0.1846589641370997
2018-06-04 10:42:00,0.24103222699670823
2018-06-04 10:45:00,0.19795629128674364
2018-06-04 10:48:00,0.184161265649891
2018-06-04 10:51:00,0.04556516004043942
2018-06-04 10:54:00,0.13302920841061905
2018-06-04 10:57:00,0.19016193362830336
2018-06-04 11:00:00,0.08631041504207815
2018-06-04 11:03:00,0.10975654184488803
2018-06-04 11:06:00,0.17035546298052395
2018-06-04 11:09:00,0.0583239223487908
2018-06-04 11:12:00,-0.006425850481548423
2018-06-04 11:15:00,-0.02608383842908779
2018-06-04 11:18:00,-0.12312515002946611
2018-06-04 11:21:00,-0.013304123764385167
2018-06-04 11:24:00,0.13233863676339297
2018-06-04 11:27:00,-0.022782704782571273
2018-06-04 11:30:00,0.09183935868838944
2018-06-04 11:33:00,0.053585494375965936
2018-06-04 11:36:00,0.016555649108227044
2018-06-04 11:39:00,-0.014689116333840957
2018-06-04 11:42:00,-0.0013699759885525964
2018-06-04 11:45:00,0.07046095799984187
2018-06-04 11:48:00,-0.04104251820155014
2018-06-04 11:51:00,0.012975105108296248
2018-06-04 11:54:00,0.041269755188295676
2018-06-04 11:57:00,0.0027358067763998406
2018-06-04 12:00:00,-0.047375285832742975
2018-06-04 12:03:00,-0.07966142928427189
2018-06-04 12:06:00,-0.08337427684767817
2018-06-04 12:09:00,-0.056171355949516055
2018-06-04 12:12:00,-0.16010635868730105
2018-06-04 12:15:00,-0.12363667417514534
2018-06-04 12:18:00,-0.047414707521511446
2018-06-04 12:21:00,-0.0770815511388605
2018-06-04 12:24:00,0.003887507918875599
2018-06-04 12:27:00,-0.028123257072252272
2018-06-04 12:30:00,-0.053896955231948596
2018-06-04 12:33:00,-0.10125939324848332
2018-06-04 12:36:00,-0.21753744039210687
2018-06-04 12:39:00,-0.25557044541534424
2018-06-04 12:42:00,-0.1651874976338945
2018-06-04 12:45:00,-0.10814762274463874
2018-06-04 12:48:00,-0.1975543278024361
2018-06-04 12:51:00,-0.06103525121511666
2018-06-04 12:54:00,-0.09396867648729312
2018-06-04 12:57:00,-0.244194096743513
2018-06-04 13:00:00,-0.0812056137611421
2018-06-04 13:03:00,-0.081114081948499
2018-06-04 13:06:00,-0.02407546489195056
2018-06-04 13:09:00,-0.11500010376937553
2018-06-04 13:12:00,-0.1098799677637885
2018-06-04 13:15:00,-0.07794121168171841
2018-06-04 13:18:00,-0.15531979953755126
2018-06-04 13:21:00,-0.047586046477817945
2018-06-04 13:24:00,-0.15566181827637138
2018-06-04 13:27:00,-0.13532310518337454
2018-06-04 13:30:00,-0.03013208123934419
2018-06-04 13:33:00,-0.05883370645454988
2018-06-04 13:36:00,-0.22699633743883396
2018-06-04 13:39:00,-0.2795678582215828
2018-06-04 13:42:00,-0.19125250912605907
2018-06-04 13:45:00,-0.2687825543911231
2018-06-04 13:48:00,-0.273391926971442
2018-06-04 13:51:00,-0.3101875769660296
2018-06-04 13:54:00,-0.1811009886453121
2018-06-04 13:57:00,-0.2936621576458265
2018-06-04 14:00:00,-0.3305513487780445
2018-06-04 14:03:00,-0.3404625818358795
2018-06-04 14:06:00,-0.22769626661801112
2018-06-04 14:09:00,-0.22319407190144602
2018-06-04 14:12:00,-0.21706187156797796
2018-06-04 14:15:00,-0.1638399816354763
2018-06-04 14:18:00,-0.37885155526072367
2018-06-04 14:21:00,-0.20900760231717186
2018-06-04 14:24:00,-0.09282031197147944
2018-06-04 14:27:00,-0.1135507234644706
2018-06-04 14:30:00,-0.24368201869890527
2018-06-04 14:33:00,-0.29553712372171503
2018-06-04 14:36:00,-0.2569698225642014
2018-06-04 14:39:00,-0.2449983263344393
2018-06-04 14:42:00,-0.3629591477394456
2018-06-04 14:45:00,-0.1482351659693677
2018-06-04 14:48:00,-0.2430835255112811
2018-06-04 14:51:00,-0.10157816970655631
2018-06-04 14:54:00,-0.25797766373551667
2018-06-04 14:57:00,-0.06870864571072843
2018-06-04 15:00:00,-0.038888209106175964
2018-06-04 15:03:00,-0.007275273815253058
2018-06-04 15:06:00,-0.20528257459312726
2018-06-04 15:09:00,-0.24449577110181053
2018-06-04 15:12:00,-0.23050757413324163
2018-06-04 15:15:00,-0.030004565142519368
2018-06-04 15:18:00,-0.2528794042252116
2018-06-04 15:21:00,-0.24596947200376462
2018-06-04 15:24:00,-0.23654663466231796
2018-06-04 15:27:00,-0.2578909176263551
2018-06-04 15:30:00,-0.20170398365365827
2018-06-04 15:33:00,-0.29284483849346543
2018-06-04 15:36:00,-0.2858041789791059
2018-06-04 15:39:00,-0.23663238239640805
2018-06-04 15:42:00,-0.2835766180162409
2018-06-04 15:45:00,-0.22836411060433193
2018-06-04 15:48:00,-0.08981434864830362
2018-06-04 15:51:00,-0.1138002060489498
2018-06-04 15:54:00,-0.11852471248619167
2018-06-04 15:57:00,-0.22293670111713482
2018-06-04 16:00:00,-0.15921951601353612
2018-06-04 16:03:00,-0.24611817620433385
2018-06-04 16:06:00,-0.26017500741608046
2018-06-04 16:09:00,-0.21646975569217375
2018-06-04 16:12:00,-0.35372607953297575
2018-06-04 16:15:00,-0.2219105000386321
2018-06-04 16:18:00,-0.26373788441901524
2018-06-04 16:21:00,-0.3211574549715124
2018-06-04 16:24:00,-0.26720134249978855
2018-06-04 16:27:00,-0.2916453280039377
2018-06-04 16:30:00,-0.2439910412594486
2018-06-04 16:33:00,-0.1959683667997183
2018-06-04 16:36:00,-0.28434838388432127
2018-06-04 16:39:00,-0.1577671214740235
2018-06-04 16:42:00,-0.2882907311079066
2018-06-04 16:45:00,-0.110595248639072
2018-06-04 16:48:00,-0.24994021218606122
2018-06-04 16:51:00,-0.16686000862279116
2018-06-04 16:54:00,-0.1677998147473545
2018-06-04 16:57:00,-0.2640459240605537
2018-06-04 17:00:00,-0.1909675445779726
2018-06-04 17:03:00,-0.16934037016426373
2018-06-04 17:06:00,-0.23015599428009637
2018-06-04 17:09:00,-0.21789812873333858
2018-06-04 17:12:00,-0.2730476222392326
2018-06-04 17:15:00,-0.19129537318468692
2018-06-04 17:18:00,-0.23404924841514685
2018-06-04 17:21:00,-0.2482854768105085
2018-06-04 17:24:00,-0.1180306963171347
2018-06-04 17:27:00,-0.26151572418837077
2018-06-04 17:30:00,-0.11617429423677095
2018-06-04 17:33:00,-0.1805887469723757
2018-06-04 17:36:00,-0.03314769467942824
2018-06-04 17:39:00,-0.2080009171831989
2018-06-04 17:42:00,-0.20158248141046897
2018-06-04 17:45:00,-0.12524487091332048
2018-06-04 17:48:00,-0.09187035443062541
2018-06-04 17:51:00,0.0009310294095143945
2018-06-04 17:54:00,-0.062272949002760924
2018-06-04 17:57:00,-0.054689817095663784
2018-06-04 18:00:00,0.07223017505606322
2018-06-04 18:03:00,0.04719282178882622
2018-06-04 18:06:00,-0.02142907573204411
2018-06-04 18:09:00,0.028865739502805354
2018-06-04 18:12:00,-0.008125603067981046
2018-06-04 18:15:00,0.037813134525038095
2018-06-04 18:18:00,-0.04630142254444536
2018-06-04 18:21:00,-0.04253735546228654
2018-06-04 18:24:00,-0.07826395023812438
2018-06-04 18:27:00,0.0016492188546521902
2018-06-04 18:30:00,0.060031166861676866
2018-06-04 18:33:00,-0.03490551187951496
2018-06-04 18:36:00,0.10923613984078884
2018-06-04 18:39:00,0.09135881980358818
2018-06-04 18:42:00,-0.027918046365925875
2018-06-04 18:45:00,0.02344313893729577
2018-06-04 18:48:00,0.0010138895685827265
2018-06-04 18:51:00,0.04959747811597026
2018-06-04 18:54:00,
2018-06-04 18:57:00,
2018-06-04 19:00:00,
2018-06-04 19:03:00,0.15867834808261705
2018-06-04 19:06:00,0.12432450705267684
2018-06-04 19:09:00,0.009921430149518073
2018-06-04 19:12:00,0.08233753218200945
2018-06-04 19:15:00,0.05869473111698653
2018-06-04 19:18:00,0.10628348932391418
2018-06-04 19:21:00,0.030731326375871504
2018-06-04 19:24:00,0.1243168731247124
2018-06-04 19:27:00,0.10274178128508993
2018-06-04 19:30:00,0.17817741922704045
2018-06-04 19:33:00,0.27398558905190384
2018-06-04 19:36:00,0.1805429419578104
2018-06-04 19:39:00,0.12431263232519996
2018-06-04 19:42:00,0.12679166344440773
2018-06-04 19:45:00,0.15998931314152287
2018-06-04 19:48:00,0.049821430468057315
2018-06-04 19:51:00,0.17765398314907088
2018-06-04 19:54:00,0.06326927848817832
2018-06-04 19:57:00,0.10664018651652896
2018-06-04 20:00:00,0.17261031420036943
2018-06-04 20:03:00,0.12989342446400087
2018-06-04 20:06:00,0.19352413091644394
2018-06-04 20:09:00,0.10602935373719902
2018-06-04 20:12:00,0.09873489862104634
2018-06-04 20:15:00,0.041433527360482
2018-06-04 20:18:00,0.0007352226140824314
2018-06-04 20:21:00,0.06026646583637785
2018-06-04 20:24:00,-0.033271626899249895
2018-06-04 20:27:00,0.08334980137448156
2018-06-04 20:30:00,-0.005872238491747339
2018-06-04 20:33:00,0.020150991485763825
2018-06-04 20:36:00,-0.014450493085064409
2018-06-04 20:39:00,0.05683928442067554
2018-06-04 20:42:00,0.023835685238793758
2018-06-04 20:45:00,0.12300803902536472
2018-06-04 20:48:00,0.04414344012423044
2018-06-04 20:51:00,0.017500638304909444
2018-06-04 20:54:00,-0.03351360862097863
2018-06-04 20:57:00,0.020987820415427905
2018-06-04 21:00:00,0.04113346971791998
2018-06-04 21:03:00,-0.0435299047777562
2018-06-04 21:06:00,0.03380244188764436
2018-06-04 21:09:00,0.010473928541898658
2018-06-04 21:12:00,0.060667477991046326
2018-06-04 21:15:00,0.09382340569680991
2018-06-04 21:18:00,0.0130440731132353
2018-06-04 21:21:00,0.10156875752892347
2018-06-04 21:24:00,0.17815776644164316
2018-06-04 21:27:00,0.059223208234357116
2018-06-04 21:30:00,0.04776212415367809
2018-06-04 21:33:00,0.06879407758458456
2018-06-04 21:36:00,0.11944969342613376
2018-06-04 21:39:00,0.03047224352678768
2018-06-04 21:42:00,0.09824938474582723
2018-06-04 21:45:00,0.062412427841707085
2018-06-04 21:48:00,0.04430977828178584
2018-06-04 21:51:00,0.07739325255136009
2018-06-04 21:54:00,0.11923949730277172
2018-06-04 21:57:00,0.07093887710044555
2018-06-04 22:00:00,0.15941884815066487
2018-06-04 22:03:00,0.09715980036372684
2018-06-04 22:06:00,0.11038392848342937
2018-06-04 22:09:00,0.03652081051524192
2018-06-04 22:12:00,0.2266141894335192
2018-06-04 22:15:00,0.12251276531628719
2018-06-04 22:18:00,0.11419302130406095
2018-06-04 22:21:00,0.1115218523053727
2018-06-04 22:24:00,0.08895951010026693
2018-06-04 22:27:00,0.09620692638083028
2018-06-04 22:30:00,0.0498472919454116
2018-06-04 22:33:00,0.0765256163924164
2018-06-04 22:36:00,0.044204136287191886
2018-06-04 22:39:00,0.1646588973277403
2018-06-04 22:42:00,0.12566159640891783
2018-06-04 22:45:00,0.18059623605813613
2018-06-04 22:48:00,0.13500050936198704
2018-06-04 22:51:00,0.09625062812085616
2018-06-04 22:54:00,0.11213336587434242
2018-06-04 22:57:00,0.15262813666015518
2018-06-04 23:00:00,0.15254428210528204
2018-06-04 23:03:00,0.2353387346316822
2018-06-04 23:06:00,0.21512137505101236
2018-06-04 23:09:00,0.21857060463537437
2018-06-04 23:12:00,0.14716566128635122
2018-06-04 23:15:00,0.13515908349341998
2018-06-04 23:18:00,0.11261792055898923
2018-06-04 23:21:00,0.20165336612870988
2018-06-04 23:24:00,0.22128729970853556
2018-06-04 23:27:00,0.266325302101734
2018-06-04 23:30:00,0.21307808522055893
2018-06-04 23:33:00,0.11981504517450503
2018-06-04 23:36:00,0.2865732777541439
2018-06-04 23:39:00,0.27806313564332186
2018-06-04 23:42:00,0.23798095036397626
2018-06-04 23:45:00,0.16166476327668988
2018-06-04 23:48:00,0.16626924345496263
2018-06-04 23:51:00,0.310242962430209
2018-06-04 23:54:00,0.19639752513916164
2018-06-04 23:57:00,0.356460121147677
2018-06-05 00:00:00,0.27672435674872986
2018-06-05 00:03:00,0.24879681816133825
2018-06-05 00:06:00,0.2523554407874258
2018-06-05 00:09:00,0.18372893469967266
2018-06-05 00:12:00,0.18131990702016765
2018-06-05 00:15:00,0.33746749096525264
2018-06-05 00:18:00,0.4012466349369106
2018-06-05 00:21:00,0.3330728951032711
2018-06-05 00:24:00,0.3854520349263453
2018-06-05 00:27:00,0.2778055067813625
2018-06-05 00:30:00,0.35498175649541963
2018-06-05 00:33:00,0.37445552524985715
2018-06-05 00:36:00,0.2718457552157929
2018-06-05 00:39:00,0.2586733564222641
2018-06-05 00:42:00,0.20286992939742277
2018-06-05 00:45:00,0.22659214823909224
2018-06-05 00:48:00,0.27270386046075146
2018-06-05 00:51:00,0.2882957517020941
2018-06-05 00:54:00,0.255748929976221
2018-06-05 00:57:00,0.27539740784669675
2018-06-05 01:00:00,0.2882822072214708
2018-06-05 01:03:00,0.2199303368506662
2018-06-05 01:06:00,0.34099209241236395
2018-06-05 01:09:00,0.23756403679800542
2018-06-05 01:12:00,0.3120610922428
2018-06-05 01:15:00,0.37080029927494706
2018-06-05 01:18:00,0.2701737336071801
2018-06-05 01:21:00,0.3760636920852676
2018-06-05 01:24:00,0.36441195727155673
2018-06-05 01:27:00,0.243389480084943
2018-06-05 01:30:00,0.3688549038640758
2018-06-05 01:33:00,0.34303587438301975
2018-06-05 01:36:00,0.31355732090872834
2018-06-05 01:39:00,0.2633854216175564
2018-06-05 01:42:00,0.36493694031156565
2018-06-05 01:45:00,0.22483795777054638
2018-06-05 01:48:00,0.23790783369122437
2018-06-05 01:51:00,0.44284366293686617
2018-06-05 01:54:00,0.2692830744543926
2018-06-05 01:57:00,0.34348743993211883
2018-06-05 02:00:00,0.2909738737739076
2018-06-05 02:03:00,0.45875401183457143
2018-06-05 02:06:00,0.3705600387238519
2018-06-05 02:09:00,0.302982526757944
2018-06-05 02:12:00,0.43665118754182686
2018-06-05 02:15:00,0.370071528104404
2018-06-05 02:18:00,0.32543689222256944
2018-06-05 02:21:00,0.3592784594949876
2018-06-05 02:24:00,0.38638798846204736
2018-06-05 02:27:00,0.3383169279305207
2018-06-05 02:30:00,0.4026500433062097
2018-06-05 02:33:00,0.38425961847633516
2018-06-05 02:36:00,0.3136064856901726
2018-06-05 02:39:00,0.3646676284691921
2018-06-05 02:42:00,0.4042683896155381
2018-06-05 02:45:00,0.40704229378377477
2018-06-05 02:48:00,0.3486345942153548
2018-06-05 02:51:00,0.33369112281002344
2018-06-05 02:54:00,0.33668957509684105
2018-06-05 02:57:00,0.4540302082751282
2018-06-05 03:00:00,0.2691116451027824
2018-06-05 03:03:00,0.36452899356402213
2018-06-05 03:06:00,0.35004433985653804
2018-06-05 03:09:00,0.34723533194062384
2018-06-05 03:12:00,0.4114809550240466
2018-06-05 03:15:00,0.32326921524139607
2018-06-05 03:18:00,0.4201892141382473
2018-06-05 03:21:00,0.3853229524378321
2018-06-05 03:24:00,0.39314501148010095
2018-06-05 03:27:00,0.41453955347407145
2018-06-05 03:30:00,0.4243903395992561
2018-06-05 03:33:00,0.3626707264394895
2018-06-05 03:36:00,0.4340181233108069
2018-06-05 03:39:00,0.4224980479808096
2018-06-05 03:42:00,0.41377868971073894
2018-06-05 03:45:00,0.4387007253591264
2018-06-05 03:48:00,0.3479837456023347
2018-06-05 03:51:00,0.3708609621159553
2018-06-05 03:54:00,0.40459211951713314
2018-06-05 03:57:00,0.3895372173143983
2018-06-05 04:00:00,0.47861274402481513
2018-06-05 04:03:00,0.419001772237948
2018-06-05 04:06:00,0.43868990344486747
2018-06-05 04:09:00,0.3165891501829492
2018-06-05 04:12:00,0.35880823056243116
2018-06-05 04:15:00,0.45129779879079024
2018-06-05 04:18:00,0.3786420208667778
2018-06-05 04:21:00,0.3467693545438806
2018-06-05 04:24:00,0.5084067236795704
2018-06-05 04:27:00,0.3943615352624761
2018-06-05 04:30:00,0.3933109765465588
2018-06-05 04:33:00,0.5131905824872547
2018-06-05 04:36:00,0.48963785820910743
2018-06-05 04:39:00,0.5068035943235145
2018-06-05 04:42:00,0.5379567353866719
2018-06-05 04:45:00,0.42202432000783574
2018-06-05 04:48:00,0.5419415093983844
2018-06-05 04:51:00,0.4365768455865009
2018-06-05 04:54:00,0.4064393867512308
2018-06-05 04:57:00,0.42381207038329194
2018-06-05 05:00:00,0.451565386648042
2018-06-05 05:03:00,0.40940524714858384
2018-06-05 05:06:00,0.47697426633817486
2018-06-05 05:09:00,0.41718974068191983
2018-06-05 05:12:00,0.49122851948499147
2018-06-05 05:15:00,0.4646282466865159
2018-06-05 05:18:00,0.45363357668890103
2018-06-05 05:21:00,0.4622020326245888
2018-06-05 05:24:00,0.5190541455269226
2018-06-05 05:27:00,0.41552098814099736
2018-06-05 05:30:00,0.44828058057731823
2018-06-05 05:33:00,0.33916172498402375
2018-06-05 05:36:00,0.38888647998658143
2018-06-05 05:39:00,0.46958371469168014
2018-06-05 05:42:00,0.5058290960893146
2018-06-05 05:45:00,0.4882165843616235
2018-06-05 05:48:00,0.41464976007000587
2018-06-05 05:51:00,0.3999450497506132
2018-06-05 05:54:00,0.45022827633709994
2018-06-05 05:57:00,0.4949388975759348
2018-06-05 06:00:00,0.4470845363163676
2018-06-05 06:03:00,0.4266043562503796
2018-06-05 06:06:00,0.35619521475916827
2018-06-05 06:09:00,0.42736632657283735
2018-06-05 06:12:00,0.5270381611036328
2018-06-05 06:15:00,0.35486573710068114
2018-06-05 06:18:00,0.4024584098121977
2018-06-05 06:21:00,0.38462355364526957
2018-06-05 06:24:00,0.401228663306199
2018-06-05 06:27:00,0.4344979238953215
2018-06-05 06:30:00,0.4718537555203284
2018-06-05 06:33:00,0.4648713878636954
2018-06-05 06:36:00,0.4536680614838815
2018-06-05 06:39:00,0.44925004189400397
2018-06-05 06:42:00,0.3673687031034092
2018-06-05 06:45:00,0.4572463716961579
2018-06-05 06:48:00,0.4665470993168128
2018-06-05 06:51:00,0.4735236372884515
2018-06-05 06:54:00,0.49326487879625347
2018-06-05 06:57:00,0.421994963871839
2018-06-05 07:00:00,0.43335157427765125
2018-06-05 07:03:00,0.3500964984135635
2018-06-05 07:06:00,0.4115833118914338
2018-06-05 07:09:00,0.4668520549203663
2018-06-05 07:12:00,0.4646787486544781
2018-06-05 07:15:00,0.4193985560151532
2018-06-05 07:18:00,0.4488035708818643
2018-06-05 07:21:00,0.4041434310117893
2018-06-05 07:24:00,0.4543496623570036
2018-06-05 07:27:00,0.520170270361973
2018-06-05 07:30:00,0.5867122722625027
2018-06-05 07:33:00,0.4241554529038467
2018-06-05 07:36:00,0.45053591222705336
2018-06-05 07:39:00,0.4870079375353953
2018-06-05 07:42:00,0.4591487487905397
2018-06-05 07:45:00,0.4568627725177521
2018-06-05 07:48:00,0.41566749573360084
2018-06-05 07:51:00,0.4848010111480221
2018-06-05 07:54:00,0.42892197018733214
2018-06-05 07:57:00,0.3119378502400423
2018-06-05 08:00:00,0.44274909326395573
2018-06-05 08:03:00,0.39489853356622007
2018-06-05 08:06:00,0.46115306295450864
2018-06-05 08:09:00,0.43930728439147515
2018-06-05 08:12:00,0.3719992168151407
2018-06-05 08:15:00,0.3688601365401496
2018-06-05 08:18:00,0.28628864565888534
2018-06-05 08:21:00,0.3362880565574642
2018-06-05 08:24:00,0.23853551794962868
2018-06-05 08:27:00,0.3256838666612225
2018-06-05 08:30:00,0.3945022311390858
2018-06-05 08:33:00,0.2771649638040117
2018-06-05 08:36:00,0.22432942859313698
2018-06-05 08:39:00,0.16678630375145076
2018-06-05 08:42:00,0.38181035909815364
2018-06-05 08:45:00,0.20889692881098654
2018-06-05 08:48:00,0.22484647843543826
2018-06-05 08:51:00,0.2138707691522086
2018-06-05 08:54:00,0.21593208297736055
2018-06-05 08:57:00,0.12762343987526492
2018-06-05 09:00:00,0.18143730923532075
2018-06-05 09:03:00,0.14717630656451774
2018-06-05 09:06:00,0.17513168856714856
2018-06-05 09:09:00,0.24225867021613112
2018-06-05 09:12:00,0.16339939986812624
2018-06-05 09:15:00,0.08054250137695362
2018-06-05 09:18:00,0.15045032053592422
2018-06-05 09:21:00,0.179524415715548
2018-06-05 09:24:00,0.15092576088989063
2018-06-05 09:27:00,0.19007389617490844
2018-06-05 09:30:00,0.14743137233733705
2018-06-05 09:33:00,0.11755833009806338
2018-06-05 09:36:00,0.04413080649078438
2018-06-05 09:39:00,0.11211965586363704
2018-06-05 09:42:00,0.06993757053993477
2018-06-05 09:45:00,0.15751647783224598
2018-06-05 09:48:00,0.0810621244130516
2018-06-05 09:51:00,0.043387714292350665
2018-06-05 09:54:00,0.07375806825172049
2018-06-05 09:57:00,0.07740112992712511
2018-06-05 10:00:00,-0.02613751638477879
2018-06-05 10:03:00,0.13838433449166132
2018-06-05 10:06:00,0.08398885439913784
2018-06-05 10:09:00,0.09911962645441008
2018-06-05 10:12:00,0.027714851215364433
2018-06-05 10:15:00,-0.05007944250428409
2018-06-05 10:18:00,-0.022424778524282374
2018-06-05 10:21:00,-0.0279447512929778
2018-06-05 10:24:00,0.06005624584867064
2018-06-05 10:27:00,-0.05491043575102594
2018-06-05 10:30:00,0.05175130529647731
2018-06-05 10:33:00,-0.02335718869426273
2018-06-05 10:36:00,0.06399464942023769
2018-06-05 10:39:00,0.023283330987908357
2018-06-05 10:42:00,-0.004852036098611734
2018-06-05 10:45:00,-0.05057891123578884
2018-06-05 10:48:00,-0.1464476593192785
2018-06-05 10:51:00,-0.0947386596201909
2018-06-05 10:54:00,-0.1613029088095459
2018-06-05 10:57:00,-0.07104090139637265
2018-06-05 11:00:00,-0.07181958901105645
2018-06-05 11:03:00,-0.07592752495389732
2018-06-05 11:06:00,0.04149430558226186
2018-06-05 11:09:00,-0.10106914497686148
2018-06-05 11:12:00,-0.1661604245524586
2018-06-05 11:15:00,-0.1510701718520977
2018-06-05 11:18:00,-0.15153877555383133
2018-06-05 11:21:00,-0.12287189241646956
2018-06-05 11:24:00,-0.1714098221783047
2018-06-05 11:27:00,-0.21029785216853725
2018-06-05 11:30:00,-0.1881901109129558
2018-06-05 11:33:00,-0.33374960459684644
2018-06-05 11:36:00,-0.18141759043362526
2018-06-05 11:39:00,-0.09972720296565285
2018-06-05 11:42:00,-0.15702300713138584
2018-06-05 11:45:00,-0.08676698024009966
2018-06-05 11:48:00,-0.3556165077006881
2018-06-05 11:51:00,-0.08720815818122674
2018-06-05 11:54:00,-0.29142557775981004
2018-06-05 11:57:00,-0.17363818627325145
2018-06-05 12:00:00,-0.3022655761492956
2018-06-05 12:03:00,0.0008751352109470645
2018-06-05 12:06:00,
2018-06-05 12:09:00,-0.06094551317528385
2018-06-05 12:12:00,
2018-06-05 12:15:00,
2018-06-05 12:18:00,
2018-06-05 12:21:00,
2018-06-05 12:24:00,-0.12614289456269034
2018-06-05 12:27:00,-0.14018420142355126
2018-06-05 12:30:00,-0.03612843687704981
2018-06-05 12:33:00,-0.023335734464353663
2018-06-05 12:36:00,-0.02363608104604964
2018-06-05 12:39:00,-0.16494855884138815
2018-06-05 12:42:00,-0.12065086977145256
2018-06-05 12:45:00,-0.08758884700898761
2018-06-05 12:48:00,-0.14042194776254746
2018-06-05 12:51:00,-0.01177434353468243
2018-06-05 12:54:00,-0.11129319838482843
2018-06-05 12:57:00,-0.03988106540845138
2018-06-05 13:00:00,0.027045872615246935
2018-06-05 13:03:00,0.039952579497310126
2018-06-05 13:06:00,0.028832559284694526
2018-06-05 13:09:00,0.1485948300662585
2018-06-05 13:12:00,0.11691061901302646
2018-06-05 13:15:00,-0.05859646792021067
2018-06-05 13:18:00,-0.1359328298744913
2018-06-05 13:21:00,0.1298019357449789
2018-06-05 13:24:00,0.03544293258863718
2018-06-05 13:27:00,-0.10902869254738334
2018-06-05 13:30:00,-0.13827670841970985
2018-06-05 13:33:00,-0.12367802728357447
2018-06-05 13:36:00,-0.04771402787542911
2018-06-05 13:39:00,0.1273507326062031
2018-06-05 13:42:00,0.22954841502291856
2018-06-05 13:45:00,0.1847241214397286
2018-06-05 13:48:00,0.18517853238506632
2018-06-05 13:51:00,0.05826667185323231
2018-06-05 13:54:00,0.014706414242823485
2018-06-05 13:57:00,-0.020332397740787655
2018-06-05 14:00:00,0.10006253735519977
2018-06-05 14:03:00,0.24607227808678545
2018-06-05 14:06:00,0.18099322136697538
2018-06-05 14:09:00,0.19046290030433966
2018-06-05 14:12:00,0.16457072142497964
2018-06-05 14:15:00,0.15814429108809236
2018-06-05 14:18:00,0.22566794261518908
2018-06-05 14:21:00,0.17242070783288455
2018-06-05 14:24:00,0.18800579826773856
2018-06-05 14:27:00,0.19113454921142647
2018-06-05 14:30:00,0.15671771011039937
2018-06-05 14:33:00,-0.004326029448350255
2018-06-05 14:36:00,-0.08197785744710018
2018-06-05 14:39:00,-0.1157738002961537
2018-06-05 14:42:00,-0.055471085109388696
2018-06-05 14:45:00,-0.23733899589677776
2018-06-05 14:48:00,-0.05663461365037392
2018-06-05 14:51:00,-0.04155355898893731
2018-06-05 14:54:00,-0.052064899666333986
2018-06-05 14:57:00,-0.10884931555693811
2018-06-05 15:00:00,0.023177405732610623
2018-06-05 15:03:00,0.038124615343406276
2018-06-05 15:06:00,-0.1280798021704186
2018-06-05 15:09:00,0.02959951701711816
2018-06-05 15:12:00,0.0860663237741619
2018-06-05 15:15:00,0.027245157833249323
2018-06-05 15:18:00,0.12364849562902691
2018-06-05 15:21:00,-0.005219086045372023
2018-06-05 15:24:00,0.06102116630478349
2018-06-05 15:27:00,0.08758002323764913
2018-06-05 15:30:00,-0.076355919809032
2018-06-05 15:33:00,-0.024331746341715643
2018-06-05 15:36:00,0.019726166790121624
2018-06-05 15:39:00,-0.041213696932004495
2018-06-05 15:42:00,-0.004739535005683138
2018-06-05 15:45:00,-0.08723034352647119
2018-06-05 15:48:00,-0.04760047535268086
2018-06-05 15:51:00,-0.1505216931149107
2018-06-05 15:54:00,0.002673542906450166
2018-06-05 15:57:00,0.0013297349987055895
2018-06-05 16:00:00,0.01983006682701216
2018-06-05 16:03:00,-0.0952054682732637
2018-06-05 16:06:00,0.02929036308734112
2018-06-05 16:09:00,-0.016533246394203616
2018-06-05 16:12:00,-0.09988200444740869
2018-06-05 16:15:00,-0.031794151561825856
2018-06-05 16:18:00,-0.07209182584801965
2018-06-05 16:21:00,-0.0671972020796261
2018-06-05 16:24:00,-0.17085776266458197
2018-06-05 16:27:00,-0.15697663311317456
2018-06-05 16:30:00,-0.20815695404354528
2018-06-05 16:33:00,-0.1412653332819218
2018-06-05 16:36:00,-0.07514071303575065
2018-06-05 16:39:00,-0.2395080076296381
2018-06-05 16:42:00,-0.014207217292380392
2018-06-05 16:45:00,-0.16024746436988835
2018-06-05 16:48:00,-0.10034328591660824
2018-06-05 16:51:00,-0.04785607484973298
2018-06-05 16:54:00,-0.20101859181238524
2018-06-05 16:57:00,-0.11910186297927794
2018-06-05 17:00:00,-0.20883560213570718
2018-06-05 17:03:00,-0.21846448966942944
2018-06-05 17:06:00,-0.11054773878623791
2018-06-05 17:09:00,-0.27743088092898915
2018-06-05 17:12:00,-0.18563172201874067
2018-06-05 17:15:00,-0.23645921450344076
2018-06-05 17:18:00,-0.1696203284211606
2018-06-05 17:21:00,-0.38424553795590555
2018-06-05 17:24:00,-0.3100406323719085
2018-06-05 17:27:00,-0.29089935382296517
2018-06-05 17:30:00,-0.28651063332523563
2018-06-05 17:33:00,-0.2998310535203359
2018-06-05 17:36:00,-0.20619178590857246
2018-06-05 17:39:00,-0.24315909099181
2018-06-05 17:42:00,-0.26851812238243156
2018-06-05 17:45:00,-0.1609166064836245
2018-06-05 17:48:00,-0.12230284296271066
2018-06-05 17:51:00,-0.1450902240864025
2018-06-05 17:54:00,-0.1931665775982765
2018-06-05 17:57:00,-0.09245119180616257
2018-06-05 18:00:00,-0.05988306408880817
2018-06-05 18:03:00,0.004583469831231923
2018-06-05 18:06:00,-0.1153880338032991
2018-06-05 18:09:00,-0.11374186954139986
2018-06-05 18:12:00,-0.08900776030606039
2018-06-05 18:15:00,-0.14875505766832475
2018-06-05 18:18:00,-0.08990411084982952
2018-06-05 18:21:00,-0.08268669426303177
2018-06-05 18:24:00,-0.10885292911200395
2018-06-05 18:27:00,-0.0900252939920847
2018-06-05 18:30:00,-0.11277942802564667
2018-06-05 18:33:00,-0.04284031042436709
2018-06-05 18:36:00,-0.20183821229466048
2018-06-05 18:39:00,-0.06590116227999943
2018-06-05 18:42:00,-0.0411242026320906
2018-06-05 18:45:00,-0.11286488631441216
2018-06-05 18:48:00,-0.025437407953745605
2018-06-05 18:51:00,-0.036653962449463506
2018-06-05 18:54:00,
2018-06-05 18:57:00,
2018-06-05 19:00:00,
2018-06-05 19:03:00,-0.053679860249872036
2018-06-05 19:06:00,-0.09590988659931554
2018-06-05 19:09:00,-0.020020249094443443
2018-06-05 19:12:00,-0.04820282538548781
2018-06-05 19:15:00,0.045316971505485526
2018-06-05 19:18:00,-0.08614707614037798
2018-06-05 19:21:00,0.06770573657678369
2018-06-05 19:24:00,-0.0006518864384474909
2018-06-05 19:27:00,0.037698548316768665
2018-06-05 19:30:00,-0.03787143586197317
2018-06-05 19:33:00,0.08955913067802612
2018-06-05 19:36:00,0.18257001871251077
2018-06-05 19:39:00,0.060222189541264015
2018-06-05 19:42:00,0.0781339553102498
2018-06-05 19:45:00,-0.023728950499958046
2018-06-05 19:48:00,0.1266301872379927
2018-06-05 19:51:00,0.20067387118109536
2018-06-05 19:54:00,-0.05936711498014802
2018-06-05 19:57:00,0.1425428276647267
2018-06-05 20:00:00,0.09137299023143441
2018-06-05 20:03:00,0.03253563893218825
2018-06-05 20:06:00,0.07631682327780709
2018-06-05 20:09:00,0.10718080429029442
2018-06-05 20:12:00,-0.00997929933839714
2018-06-05 20:15:00,0.10858423571897902
2018-06-05 20:18:00,0.14272412883815377
2018-06-05 20:21:00,0.08796524457432042
2018-06-05 20:24:00,0.183824289580798
2018-06-05 20:27:00,0.23636776278721072
2018-06-05 20:30:00,0.16434347799628313
2018-06-05 20:33:00,0.13755716412009633
2018-06-05 20:36:00,0.10989480428162324
2018-06-05 20:39:00,0.19817352828249568
2018-06-05 20:42:00,0.1192197917454223
2018-06-05 20:45:00,0.2747568073066873
2018-06-05 20:48:00,0.21766916580776297
2018-06-05 20:51:00,0.2197738397954936
2018-06-05 20:54:00,0.11925839256116433
2018-06-05 20:57:00,0.1822995318408971
2018-06-05 21:00:00,0.21150236371744313
2018-06-05 21:03:00,0.14994246069176143
2018-06-05 21:06:00,0.2568925204992638
2018-06-05 21:09:00,0.2151444863448546
2018-06-05 21:12:00,0.2242960663083977
2018-06-05 21:15:00,0.22832583895888092
2018-06-05 21:18:00,0.17026004819041418
2018-06-05 21:21:00,0.23322705360385498
2018-06-05 21:24:00,0.11645346350553609
2018-06-05 21:27:00,0.1782919134112717
2018-06-05 21:30:00,0.1949678894624185
2018-06-05 21:33:00,0.1937456965940214
2018-06-05 21:36:00,0.20405751181118603
2018-06-05 21:39:00,0.2577035218328092
2018-06-05 21:42:00,0.23700396296425197
2018-06-05 21:45:00,0.18508197877633847
2018-06-05 21:48:00,0.15091649524157447
2018-06-05 21:51:00,0.24253763653274518
2018-06-05 21:54:00,0.1407445192011778
2018-06-05 21:57:00,0.13885139032191773
2018-06-05 22:00:00,0.24062678949991323
2018-06-05 22:03:00,0.23984282274619773
2018-06-05 22:06:00,0.15657093230322516
2018-06-05 22:09:00,0.23097682233384376
2018-06-05 22:12:00,0.19079399806230413
2018-06-05 22:15:00,0.31257872392598074
2018-06-05 22:18:00,0.2476129089380379
2018-06-05 22:21:00,0.1315308903180039
2018-06-05 22:24:00,0.2744388496416832
2018-06-05 22:27:00,0.13523534688681593
2018-06-05 22:30:00,0.2655742690774332
2018-06-05 22:33:00,0.23510143288825702
2018-06-05 22:36:00,0.2547173530295481
2018-06-05 22:39:00,0.30850940925841996
2018-06-05 22:42:00,0.230496155787705
2018-06-05 22:45:00,0.29345628950045466
2018-06-05 22:48:00,0.2242837787262033
2018-06-05 22:51:00,0.2945640650524979
2018-06-05 22:54:00,0.190545252549839
2018-06-05 22:57:00,0.19100241510022897
2018-06-05 23:00:00,0.17082286951125525
2018-06-05 23:03:00,0.1600149740662573
2018-06-05 23:06:00,0.24346540150230567
2018-06-05 23:09:00,0.30246769661818007
2018-06-05 23:12:00,0.1680807079267197
2018-06-05 23:15:00,0.1274402859492625
2018-06-05 23:18:00,0.2485466549235298
2018-06-05 23:21:00,0.28694505101782397
2018-06-05 23:24:00,0.2090747261632373
2018-06-05 23:27:00,0.15137018472483987
2018-06-05 23:30:00,0.221876233958767
2018-06-05 23:33:00,0.24352523024390393
2018-06-05 23:36:00,0.21036336059751193
2018-06-05 23:39:00,0.12634291167569245
2018-06-05 23:42:00,0.20705232475722823
2018-06-05 23:45:00,0.15648322872920062
2018-06-05 23:48:00,0.259782975261885
2018-06-05 23:51:00,0.2804497855711361
2018-06-05 23:54:00,0.13890112921967557
2018-06-05 23:57:00,0.19238577390228784
2018-06-06 00:00:00,0.2925363619111181
2018-06-06 00:03:00,0.27922884998821473
2018-06-06 00:06:00,0.33115869534117337
2018-06-06 00:09:00,0.3144298266316241
2018-06-06 00:12:00,0.2320940307419619
2018-06-06 00:15:00,0.328648898477752
2018-06-06 00:18:00,0.2835477622026019
2018-06-06 00:21:00,0.3215309090351752
2018-06-06 00:24:00,0.3346928746435083
2018-06-06 00:27:00,0.3345134410462265
2018-06-06 00:30:00,0.26876360301531577
2018-06-06 00:33:00,0.2864012488612957
2018-06-06 00:36:00,0.3540752452528295
2018-06-06 00:39:00,0.28416377219718925
2018-06-06 00:42:00,0.3025761213215219
2018-06-06 00:45:00,0.22900606897098896
2018-06-06 00:48:00,0.2362550072319891
2018-06-06 00:51:00,0.257040655585115
2018-06-06 00:54:00,0.3695393472149249
2018-06-06 00:57:00,0.26620843270922023
2018-06-06 01:00:00,0.3334293605378207
2018-06-06 01:03:00,0.4159460842743101
2018-06-06 01:06:00,0.3609298748069705
2018-06-06 01:09:00,0.38178908788393073
2018-06-06 01:12:00,0.31081983279648284
2018-06-06 01:15:00,0.3904898781253223
2018-06-06 01:18:00,0.3370148900283425
2018-06-06 01:21:00,0.3893597244980356
2018-06-06 01:24:00,0.27372136563002414
2018-06-06 01:27:00,0.3158965902109685
2018-06-06 01:30:00,0.29825646920511417
2018-06-06 01:33:00,0.34386737269409196
2018-06-06 01:36:00,0.38563990662305514
2018-06-06 01:39:00,0.38483350554321305
2018-06-06 01:42:00,0.2901125253586656
2018-06-06 01:45:00,0.40438265774224647
2018-06-06 01:48:00,0.33795882282146295
2018-06-06 01:51:00,0.31311575532811275
2018-06-06 01:54:00,0.3486968958040393
2018-06-06 01:57:00,0.347681046990715
2018-06-06 02:00:00,0.35544929812186865
2018-06-06 02:03:00,0.3662237921173528
2018-06-06 02:06:00,0.45252227697477565
2018-06-06 02:09:00,0.3880334480695069
2018-06-06 02:12:00,0.4124938460096814
2018-06-06 02:15:00,0.38939242320105905
2018-06-06 02:18:00,0.5222774407029647
2018-06-06 02:21:00,0.4410575701599555
2018-06-06 02:24:00,0.38583601564937453
2018-06-06 02:27:00,0.3858671126347417
2018-06-06 02:30:00,0.38128752230363716
2018-06-06 02:33:00,0.3504261579275294
2018-06-06 02:36:00,0.17637172566981008
2018-06-06 02:39:00,0.34455891577056263
2018-06-06 02:42:00,0.404110361348728
2018-06-06 02:45:00,0.4188303881743991
2018-06-06 02:48:00,0.27988420128110647
2018-06-06 02:51:00,0.3638591648820011
2018-06-06 02:54:00,0.382190355570458
2018-06-06 02:57:00,0.3003919882207242
2018-06-06 03:00:00,0.39221684781614385
2018-06-06 03:03:00,0.4313583778045995
2018-06-06 03:06:00,0.38919327026059136
2018-06-06 03:09:00,0.352353809704141
2018-06-06 03:12:00,0.4383305616754569
2018-06-06 03:15:00,0.41355425411165925
2018-06-06 03:18:00,0.3388407899117851
2018-06-06 03:21:00,0.42959048756472384
2018-06-06 03:24:00,0.385330358309659
2018-06-06 03:27:00,0.32695155371948204
2018-06-06 03:30:00,0.34898510060156696
2018-06-06 03:33:00,0.3598220259057143
2018-06-06 03:36:00,0.33726252588786565
2018-06-06 03:39:00,0.2706754417230286
2018-06-06 03:42:00,0.4133859040176162
2018-06-06 03:45:00,0.3174138308856982
2018-06-06 03:48:00,0.37488438435343596
2018-06-06 03:51:00,0.44574836359998926
2018-06-06 03:54:00,0.4139396603945329
2018-06-06 03:57:00,0.48589445412227406
2018-06-06 04:00:00,0.4701007513957052
2018-06-06 04:03:00,0.42648893720115666
2018-06-06 04:06:00,0.42474091165547634
2018-06-06 04:09:00,0.45880684304006536
2018-06-06 04:12:00,0.3732426421992727
2018-06-06 04:15:00,0.47145610502002455
2018-06-06 04:18:00,0.40259865190898836
2018-06-06 04:21:00,0.38097089195326816
2018-06-06 04:24:00,0.5475835201502264
2018-06-06 04:27:00,0.450785283519167
2018-06-06 04:30:00,0.48779478885415983
2018-06-06 04:33:00,0.5420249760530851
2018-06-06 04:36:00,0.45168490197914934
2018-06-06 04:39:00,0.5065984304065978
2018-06-06 04:42:00,0.4564814234159371
2018-06-06 04:45:00,0.5342234922586044
2018-06-06 04:48:00,0.4300915865379693
2018-06-06 04:51:00,0.483695178776145
2018-06-06 04:54:00,0.43038642893117185
2018-06-06 04:57:00,0.4588769104574908
2018-06-06 05:00:00,0.4439751339849636
2018-06-06 05:03:00,0.4803684376819888
2018-06-06 05:06:00,0.5497000354861257
2018-06-06 05:09:00,0.4400288493720268
2018-06-06 05:12:00,0.5098393493650519
2018-06-06 05:15:00,0.5853248347352746
2018-06-06 05:18:00,0.6290821032501412
2018-06-06 05:21:00,0.4984793586785372
2018-06-06 05:24:00,0.5644512966386515
2018-06-06 05:27:00,0.48063872166017063
2018-06-06 05:30:00,0.5509757770491319
2018-06-06 05:33:00,0.5226717706323711
2018-06-06 05:36:00,0.5574645504347586
2018-06-06 05:39:00,0.5950078690339637
2018-06-06 05:42:00,0.4963252802542115
2018-06-06 05:45:00,0.5204321533582856
2018-06-06 05:48:00,0.40743285919097616
2018-06-06 05:51:00,0.4934791602995574
2018-06-06 05:54:00,0.5306820832935841
2018-06-06 05:57:00,0.5396318763994259
2018-06-06 06:00:00,0.39934413307520344
2018-06-06 06:03:00,0.5459294531369778
2018-06-06 06:06:00,0.5412601251737215
2018-06-06 06:09:00,0.49037396633229946
2018-06-06 06:12:00,0.603320676560827
2018-06-06 06:15:00,0.5599098068372541
2018-06-06 06:18:00,0.48541689452406445
2018-06-06 06:21:00,0.5547814575311918
2018-06-06 06:24:00,0.5179211067357983
2018-06-06 06:27:00,0.5165029407622796
2018-06-06 06:30:00,0.49019822982336336
2018-06-06 06:33:00,0.6605201069267537
2018-06-06 06:36:00,0.6540594942275106
2018-06-06 06:39:00,0.5345093998369634
2018-06-06 06:42:00,0.603745928389344
2018-06-06 06:45:00,0.6181295134767311
2018-06-06 06:48:00,0.5559096025180565
2018-06-06 06:51:00,0.47668924720738914
2018-06-06 06:54:00,0.5543527309429805
2018-06-06 06:57:00,0.5053299715572166
2018-06-06 07:00:00,0.6053431571515375
2018-06-06 07:03:00,0.6558570712082883
2018-06-06 07:06:00,0.5320474696002293
2018-06-06 07:09:00,0.42658673515495593
2018-06-06 07:12:00,0.5703814794916866
2018-06-06 07:15:00,0.5698840559586529
2018-06-06 07:18:00,0.4780244216482288
2018-06-06 07:21:00,0.5590357591631232
2018-06-06 07:24:00,0.5734879674386661
2018-06-06 07:27:00,0.5091568633956172
2018-06-06 07:30:00,0.5571451769685609
2018-06-06 07:33:00,0.4573115134169825
2018-06-06 07:36:00,0.5450186281424294
2018-06-06 07:39:00,0.4778599479104173
2018-06-06 07:42:00,0.5212860542453086
2018-06-06 07:45:00,0.4642741619044273
2018-06-06 07:48:00,0.39665809639672034
2018-06-06 07:51:00,0.3566536988664666
2018-06-06 07:54:00,0.40159064745381556
2018-06-06 07:57:00,0.36960713981062554
2018-06-06 08:00:00,0.33958912561149646
2018-06-06 08:03:00,0.47762179531468973
2018-06-06 08:06:00,0.3692131382239836
2018-06-06 08:09:00,0.46072450477879556
2018-06-06 08:12:00,0.34037291758977517
2018-06-06 08:15:00,0.37811352019235756
2018-06-06 08:18:00,0.27306268935416256
2018-06-06 08:21:00,0.3317387477852094
2018-06-06 08:24:00,0.2877081843010387
2018-06-06 08:27:00,0.214842881591494
2018-06-06 08:30:00,0.2671423867996623
2018-06-06 08:33:00,0.37056753557965294
2018-06-06 08:36:00,0.27265054762216323
2018-06-06 08:39:00,0.26192403959106514
2018-06-06 08:42:00,0.31544549735588134
2018-06-06 08:45:00,0.30740759658652905
2018-06-06 08:48:00,0.20481429450256883
2018-06-06 08:51:00,0.14667254131501295
2018-06-06 08:54:00,0.18055894395394034
2018-06-06 08:57:00,0.1916297657035102
2018-06-06 09:00:00,0.2565884267536944
2018-06-06 09:03:00,0.2729346834404396
2018-06-06 09:06:00,0.03852900081125199
2018-06-06 09:09:00,0.19161154125254143
2018-06-06 09:12:00,0.07578656205083689
2018-06-06 09:15:00,0.17091016745052912
2018-06-06 09:18:00,0.05142296412310543
2018-06-06 09:21:00,0.128544772730379
2018-06-06 09:24:00,0.043718816735292876
2018-06-06 09:27:00,0.034345920865916924
2018-06-06 09:30:00,0.11976990879537652
2018-06-06 09:33:00,0.08939492972382368
2018-06-06 09:36:00,0.01274253583983409
2018-06-06 09:39:00,0.00476487629401845
2018-06-06 09:42:00,-0.061421290375392346
2018-06-06 09:45:00,-0.098161848524569
2018-06-06 09:48:00,-0.014523955859772286
2018-06-06 09:51:00,-0.047782604462213385
2018-06-06 09:54:00,0.11666994564893685
2018-06-06 09:57:00,-0.01026965609207764
2018-06-06 10:00:00,0.048374604064122195
2018-06-06 10:03:00,-0.01468735904541063
2018-06-06 10:06:00,0.0415256845390104
2018-06-06 10:09:00,-0.12295708194181998
2018-06-06 10:12:00,0.14782792438853676
2018-06-06 10:15:00,0.07516426322365533
2018-06-06 10:18:00,0.16683177310909514
2018-06-06 10:21:00,0.09803218008272552
2018-06-06 10:24:00,0.049255933782603734
2018-06-06 10:27:00,0.09733792008142927
2018-06-06 10:30:00,0.0034135220652729004
2018-06-06 10:33:00,-0.010606067998082835
2018-06-06 10:36:00,-0.09954335382212776
2018-06-06 10:39:00,0.0032701969508366346
2018-06-06 10:42:00,-0.05676977623630819
2018-06-06 10:45:00,-0.010244328470605524
2018-06-06 10:48:00,0.014633695261181856
2018-06-06 10:51:00,0.005540772523090709
2018-06-06 10:54:00,-0.017961735421920366
2018-06-06 10:57:00,-0.09796232453675202
2018-06-06 11:00:00,0.015189228001929678
2018-06-06 11:03:00,-0.08468096499717603
2018-06-06 11:06:00,-0.2007227653940049
2018-06-06 11:09:00,-0.2012808190963824
2018-06-06 11:12:00,-0.23289879259976942
2018-06-06 11:15:00,-0.19251628712470392
2018-06-06 11:18:00,-0.13689593784221188
2018-06-06 11:21:00,-0.06563908730919366
2018-06-06 11:24:00,-0.2027925532113386
2018-06-06 11:27:00,-0.141658844133417
2018-06-06 11:30:00,-0.22027385337099759
2018-06-06 11:33:00,-0.15456489954601693
2018-06-06 11:36:00,-0.119081733011285
2018-06-06 11:39:00,-0.161033219353385
2018-06-06 11:42:00,-0.17999902891364172
2018-06-06 11:45:00,-0.12771684648060955
2018-06-06 11:48:00,-0.16357361567816042
2018-06-06 11:51:00,-0.1842421023916927
2018-06-06 11:54:00,-0.06854460867651824
2018-06-06 11:57:00,-0.053597228513240225
2018-06-06 12:00:00,-0.23225768936083568
2018-06-06 12:03:00,-0.22558890216532745
2018-06-06 12:06:00,-0.17441918853802463
2018-06-06 12:09:00,-0.07297643395071418
2018-06-06 12:12:00,-0.08345740459810713
2018-06-06 12:15:00,-0.04881587403076537
2018-06-06 12:18:00,0.07584936942731701
2018-06-06 12:21:00,0.07702992282810328
2018-06-06 12:24:00,-0.017901576275505704
2018-06-06 12:27:00,-0.015890577148070406
2018-06-06 12:30:00,-0.18416212765589535
2018-06-06 12:33:00,-0.015182242392143053
2018-06-06 12:36:00,0.003597087609875871
2018-06-06 12:39:00,0.01611289711451036
2018-06-06 12:42:00,-0.20042159550837368
2018-06-06 12:45:00,-0.19456480029685963
2018-06-06 12:48:00,-0.09086800594906208
2018-06-06 12:51:00,-0.07768643584421397
2018-06-06 12:54:00,-0.0028102510809162595
2018-06-06 12:57:00,-0.10609860050607267
2018-06-06 13:00:00,0.04771908392973501
2018-06-06 13:03:00,0.000776168876200245
2018-06-06 13:06:00,0.002794865940359159
2018-06-06 13:09:00,0.08065158524897242
2018-06-06 13:12:00,0.0971974389072443
2018-06-06 13:15:00,0.23650981290518303
2018-06-06 13:18:00,0.2954486238946856
2018-06-06 13:21:00,0.15875403791420695
2018-06-06 13:24:00,0.18267629150392395
2018-06-06 13:27:00,-0.00519834282846432
2018-06-06 13:30:00,-0.12180750469059376
2018-06-06 13:33:00,0.026505615357393708
2018-06-06 13:36:00,-0.0236168018434455
2018-06-06 13:39:00,0.06190974273027905
2018-06-06 13:42:00,0.21962758803232418
2018-06-06 13:45:00,0.1788502257678033
2018-06-06 13:48:00,0.15844013282224978
2018-06-06 13:51:00,0.028416038055922854
2018-06-06 13:54:00,0.05444168660420701
2018-06-06 13:57:00,0.06561239565900223
2018-06-06 14:00:00,0.06633337098173797
2018-06-06 14:03:00,0.16380582053841408
2018-06-06 14:06:00,0.23802353739074533
2018-06-06 14:09:00,0.23977473943250516
2018-06-06 14:12:00,0.19900701173065727
2018-06-06 14:15:00,0.2713347944232396
2018-06-06 14:18:00,0.05959833785112778
2018-06-06 14:21:00,0.04985844508746595
2018-06-06 14:24:00,0.14827077049375248
2018-06-06 14:27:00,0.07753088332077596
2018-06-06 14:30:00,0.026544029972001226
2018-06-06 14:33:00,0.0709328367727835
2018-06-06 14:36:00,-0.14483373478526573
2018-06-06 14:39:00,-0.05290019897500997
2018-06-06 14:42:00,0.027749085477637436
2018-06-06 14:45:00,0.008109451033703863
2018-06-06 14:48:00,0.02484892874929301
2018-06-06 14:51:00,-0.06274657780647885
2018-06-06 14:54:00,0.11078195149508474
2018-06-06 14:57:00,0.02496063851560848
2018-06-06 15:00:00,0.0973300280594458
2018-06-06 15:03:00,0.03796709066028825
2018-06-06 15:06:00,-0.028434358391734804
2018-06-06 15:09:00,-0.018254325642772073
2018-06-06 15:12:00,-0.09174669470360186
2018-06-06 15:15:00,-0.09609168846270677
2018-06-06 15:18:00,0.015189509431877468
2018-06-06 15:21:00,-0.028059563340491422
2018-06-06 15:24:00,-0.14239743052348786
2018-06-06 15:27:00,-0.06448154060751676
2018-06-06 15:30:00,-0.15448158020058145
2018-06-06 15:33:00,0.034217770184852725
2018-06-06 15:36:00,-0.05309614476010438
2018-06-06 15:39:00,0.13214886686006366
2018-06-06 15:42:00,-0.05704680899890491
2018-06-06 15:45:00,0.021850866655711343
2018-06-06 15:48:00,-0.14107500322796795
2018-06-06 15:51:00,-0.2610659485424094
2018-06-06 15:54:00,-0.067468947439977
2018-06-06 15:57:00,0.009529042106294128
2018-06-06 16:00:00,0.11819847578544795
2018-06-06 16:03:00,-0.06585443422511617
2018-06-06 16:06:00,-0.03676752614444467
2018-06-06 16:09:00,0.052200246916299875
2018-06-06 16:12:00,-0.09305850181851838
2018-06-06 16:15:00,-0.12998631876882882
2018-06-06 16:18:00,-0.22951396748226216
2018-06-06 16:21:00,-0.054532937465410214
2018-06-06 16:24:00,-0.09220612374684833
2018-06-06 16:27:00,-0.12556535235421507
2018-06-06 16:30:00,-0.19717568136940145
2018-06-06 16:33:00,-0.3460630399332558
2018-06-06 16:36:00,-0.17926839587727272
2018-06-06 16:39:00,-0.17940626014382133
2018-06-06 16:42:00,-0.11578009146239765
2018-06-06 16:45:00,-0.1309892021272958
2018-06-06 16:48:00,-0.17059744616966555
2018-06-06 16:51:00,-0.09240732665540463
2018-06-06 16:54:00,-0.09989787134890094
2018-06-06 16:57:00,-0.009127911810651312
2018-06-06 17:00:00,-0.029787566218658412
2018-06-06 17:03:00,0.08019600947773142
2018-06-06 17:06:00,-0.05029231257128686
2018-06-06 17:09:00,0.05652861559400435
2018-06-06 17:12:00,-0.0410566382779507
2018-06-06 17:15:00,-0.10241411689906954
2018-06-06 17:18:00,-0.010421036556522267
2018-06-06 17:21:00,-0.04068869231889494
2018-06-06 17:24:00,0.07491031290197725
2018-06-06 17:27:00,-0.037404866651797875
2018-06-06 17:30:00,0.06934393327088628
2018-06-06 17:33:00,0.07633290284883287
2018-06-06 17:36:00,0.08170868863226133
2018-06-06 17:39:00,0.03935024052816516
2018-06-06 17:42:00,-0.01991524629761443
2018-06-06 17:45:00,0.016582394914962606
2018-06-06 17:48:00,0.00955233818342549
2018-06-06 17:51:00,0.09541758954446777
2018-06-06 17:54:00,0.09380247550558352
2018-06-06 17:57:00,-0.026776575544545267
2018-06-06 18:00:00,0.00385062024781746
2018-06-06 18:03:00,-0.049317208551713065
2018-06-06 18:06:00,0.005705795439666872
2018-06-06 18:09:00,0.033620895734600253
2018-06-06 18:12:00,0.051594842094743854
2018-06-06 18:15:00,0.007334337395036528
2018-06-06 18:18:00,0.08307368588015152
2018-06-06 18:21:00,0.0308865128420166
2018-06-06 18:24:00,0.08042891372303984
2018-06-06 18:27:00,0.12665841023942903
2018-06-06 18:30:00,-0.006236932720355526
2018-06-06 18:33:00,-0.006091883098804374
2018-06-06 18:36:00,0.06651578253195112
2018-06-06 18:39:00,0.09616450956980316
2018-06-06 18:42:00,0.06886070348525664
2018-06-06 18:45:00,0.2499802765984782
2018-06-06 18:48:00,0.14685393176159778
2018-06-06 18:51:00,0.12133496205825622
2018-06-06 18:54:00,
2018-06-06 18:57:00,
2018-06-06 19:00:00,
2018-06-06 19:03:00,
2018-06-06 19:06:00,
2018-06-06 19:09:00,
2018-06-06 19:12:00,
2018-06-06 19:15:00,-0.055648901422330255
2018-06-06 19:18:00,0.09619821615081037
2018-06-06 19:21:00,0.007467830060306824
2018-06-06 19:24:00,0.03619518303150926
2018-06-06 19:27:00,0.12512939855480454
2018-06-06 19:30:00,0.04959799147752619
2018-06-06 19:33:00,0.013286109281068548
2018-06-06 19:36:00,0.046976624061755956
2018-06-06 19:39:00,0.06997859126158801
2018-06-06 19:42:00,0.14601089370182763
2018-06-06 19:45:00,0.09077267488567031
2018-06-06 19:48:00,0.033924196926648165
2018-06-06 19:51:00,0.16464562833175478
2018-06-06 19:54:00,0.07959558994667759
2018-06-06 19:57:00,0.07349120839307943
2018-06-06 20:00:00,0.08514025177970552
2018-06-06 20:03:00,0.07431877064857417
2018-06-06 20:06:00,0.061077638486324304
2018-06-06 20:09:00,0.08217344288550521
2018-06-06 20:12:00,0.10841836700171825
2018-06-06 20:15:00,0.14288257606642674
2018-06-06 20:18:00,0.17599720156249532
2018-06-06 20:21:00,0.14167533087828588
2018-06-06 20:24:00,0.06826976023131692
2018-06-06 20:27:00,0.13061210707866167
2018-06-06 20:30:00,0.16348048061257714
2018-06-06 20:33:00,0.15957733991126588
2018-06-06 20:36:00,0.16496964155487603
2018-06-06 20:39:00,0.2842665956671908
2018-06-06 20:42:00,0.11008236048047593
2018-06-06 20:45:00,0.3097322112345182
2018-06-06 20:48:00,0.25309390724783043
2018-06-06 20:51:00,0.19517640611860543
2018-06-06 20:54:00,0.33636291295346155
2018-06-06 20:57:00,0.278363690820413
2018-06-06 21:00:00,0.28168254027502826
2018-06-06 21:03:00,0.2884338168534555
2018-06-06 21:06:00,0.1536196561669385
2018-06-06 21:09:00,0.176627458860537
2018-06-06 21:12:00,0.2276553104298955
2018-06-06 21:15:00,0.22006029055694398
2018-06-06 21:18:00,0.19016770986064557
2018-06-06 21:21:00,0.2887710846188156
2018-06-06 21:24:00,0.10649156063800547
2018-06-06 21:27:00,0.15365360188621935
2018-06-06 21:30:00,0.3623908953183559
2018-06-06 21:33:00,0.20143175103606836
2018-06-06 21:36:00,0.19509693434645214
2018-06-06 21:39:00,0.20805598707568151
2018-06-06 21:42:00,0.1506527589959319
2018-06-06 21:45:00,0.23923766647891398
2018-06-06 21:48:00,0.13992240660314792
2018-06-06 21:51:00,0.20964787060290746
2018-06-06 21:54:00,0.2509983011464101
2018-06-06 21:57:00,0.24583024138445353
2018-06-06 22:00:00,0.2160449557437687
2018-06-06 22:03:00,0.2913611765198425
2018-06-06 22:06:00,0.10724231051312927
2018-06-06 22:09:00,0.20122415582073927
2018-06-06 22:12:00,0.24098669586305732
2018-06-06 22:15:00,0.28970561691869534
2018-06-06 22:18:00,0.21270713467180258
2018-06-06 22:21:00,0.26018895503011663
2018-06-06 22:24:00,0.2560153927031479
2018-06-06 22:27:00,0.3364293282534163
2018-06-06 22:30:00,0.26795121991006
2018-06-06 22:33:00,0.3122141599760653
2018-06-06 22:36:00,0.34067946193198395
2018-06-06 22:39:00,0.3937547251429123
2018-06-06 22:42:00,0.25539599159361615
2018-06-06 22:45:00,0.26224952685566905
2018-06-06 22:48:00,0.23928622692659474
2018-06-06 22:51:00,0.3290880868556201
2018-06-06 22:54:00,0.2243354952839809
2018-06-06 22:57:00,0.3067142956238058
2018-06-06 23:00:00,0.20077039242505634
2018-06-06 23:03:00,0.3123561894661293
2018-06-06 23:06:00,0.26744470892958816
2018-06-06 23:09:00,0.21101737214888772
2018-06-06 23:12:00,0.3282076523940418
2018-06-06 23:15:00,0.24845135222682302
2018-06-06 23:18:00,0.21712305490194694
2018-06-06 23:21:00,0.2449755990817266
2018-06-06 23:24:00,0.22565881750608696
2018-06-06 23:27:00,0.2652296407706558
2018-06-06 23:30:00,0.31525630035395125
2018-06-06 23:33:00,0.34270611298285303
2018-06-06 23:36:00,0.3554524818765117
2018-06-06 23:39:00,0.3145817760304226
2018-06-06 23:42:00,0.18588364168692806
2018-06-06 23:45:00,0.31109843582100893
2018-06-06 23:48:00,0.3715263701274125
2018-06-06 23:51:00,0.39434987969667645
2018-06-06 23:54:00,0.4526340067602632
2018-06-06 23:57:00,0.24231116730481972
2018-06-07 00:00:00,0.3350988672247013
2018-06-07 00:03:00,0.23649551685656434
2018-06-07 00:06:00,0.376328080073165
2018-06-07 00:09:00,0.2930528189424422
2018-06-07 00:12:00,0.27920042265100165
2018-06-07 00:15:00,0.33241452817702566
2018-06-07 00:18:00,0.33112970574347855
2018-06-07 00:21:00,0.28977842136259824
2018-06-07 00:24:00,0.4390814252531072
2018-06-07 00:27:00,0.42826047724889804
2018-06-07 00:30:00,0.3847561427642745
2018-06-07 00:33:00,0.296963399141589
2018-06-07 00:36:00,0.37369450316913344
2018-06-07 00:39:00,0.36829293653943296
2018-06-07 00:42:00,0.48180098349661193
2018-06-07 00:45:00,0.4004669132708045
2018-06-07 00:48:00,0.26677085882352003
2018-06-07 00:51:00,0.2920025568364508
2018-06-07 00:54:00,0.43572202253824344
2018-06-07 00:57:00,0.4576486761081924
2018-06-07 01:00:00,0.41904316678312625
2018-06-07 01:03:00,0.26961247114815023
2018-06-07 01:06:00,0.38919959727650166
2018-06-07 01:09:00,0.3138790897947388
2018-06-07 01:12:00,0.3304690574487381
2018-06-07 01:15:00,0.42689804394746034
2018-06-07 01:18:00,0.4017110687237846
2018-06-07 01:21:00,0.38911098978991276
2018-06-07 01:24:00,0.4776168421094553
2018-06-07 01:27:00,0.4297830142576231
2018-06-07 01:30:00,0.43221043891287536
2018-06-07 01:33:00,0.35399992947230885
2018-06-07 01:36:00,0.4694681219083918
2018-06-07 01:39:00,0.4319922356509096
2018-06-07 01:42:00,0.462133371266475
2018-06-07 01:45:00,0.3917369267041977
2018-06-07 01:48:00,0.40162459245493665
2018-06-07 01:51:00,0.46250201255799084
2018-06-07 01:54:00,0.4647227471284623
2018-06-07 01:57:00,0.5624511872880475
2018-06-07 02:00:00,0.3751984506723147
2018-06-07 02:03:00,0.421891134723694
2018-06-07 02:06:00,0.3748926851812371
2018-06-07 02:09:00,0.456548414086285
2018-06-07 02:12:00,0.36630287170817155
2018-06-07 02:15:00,0.40723450159271124
2018-06-07 02:18:00,0.3960775648741901
2018-06-07 02:21:00,0.39706928848653433
2018-06-07 02:24:00,0.4233784392098414
2018-06-07 02:27:00,0.4220852880708321
2018-06-07 02:30:00,0.39331854403070565
2018-06-07 02:33:00,0.3438403196297486
2018-06-07 02:36:00,0.3951654017923829
2018-06-07 02:39:00,0.4291974063793873
2018-06-07 02:42:00,0.36192205368769237
2018-06-07 02:45:00,0.4054133459321747
2018-06-07 02:48:00,0.39992244207309113
2018-06-07 02:51:00,0.3865678957337195
2018-06-07 02:54:00,0.3811325190352477
2018-06-07 02:57:00,0.4443643490603222
2018-06-07 03:00:00,0.39042659212225317
2018-06-07 03:03:00,0.41128205636357507
2018-06-07 03:06:00,0.3447536354509566
2018-06-07 03:09:00,0.4867970067619467
2018-06-07 03:12:00,0.4230145412004731
2018-06-07 03:15:00,0.3956602520846104
2018-06-07 03:18:00,0.5190601690823087
2018-06-07 03:21:00,0.46767841615786665
2018-06-07 03:24:00,0.45137857821612215
2018-06-07 03:27:00,0.4764017745374076
2018-06-07 03:30:00,0.40983323253658455
2018-06-07 03:33:00,0.4807236128799559
2018-06-07 03:36:00,0.5416153686472853
2018-06-07 03:39:00,0.5175734846456521
2018-06-07 03:42:00,0.5028571483672408
2018-06-07 03:45:00,0.5452040718077455
2018-06-07 03:48:00,0.5229528072194398
2018-06-07 03:51:00,0.48158914509247097
2018-06-07 03:54:00,0.5667342729028633
2018-06-07 03:57:00,0.4657977954338435
2018-06-07 04:00:00,0.38866427480701304
2018-06-07 04:03:00,0.5461887890190837
2018-06-07 04:06:00,0.46213818014246044
2018-06-07 04:09:00,0.5358239227403487
2018-06-07 04:12:00,0.4860581087450555
2018-06-07 04:15:00,0.4680242766016818
2018-06-07 04:18:00,0.5401876657850266
2018-06-07 04:21:00,0.5240252263556044
2018-06-07 04:24:00,0.49056107017685235
2018-06-07 04:27:00,0.50978914257729
2018-06-07 04:30:00,0.47370114783547024
2018-06-07 04:33:00,0.4954934351779343
2018-06-07 04:36:00,0.48362636018629246
2018-06-07 04:39:00,0.5320669943233156
2018-06-07 04:42:00,0.4441052617430614
2018-06-07 04:45:00,0.5328074152570821
2018-06-07 04:48:00,0.5515473190999955
2018-06-07 04:51:00,0.6288371901981122
2018-06-07 04:54:00,0.5604290521107487
2018-06-07 04:57:00,0.5042764651402649
2018-06-07 05:00:00,0.6605186137841201
2018-06-07 05:03:00,0.5998978941221935
2018-06-07 05:06:00,0.5598415593057098
2018-06-07 05:09:00,0.5585165533692589
2018-06-07 05:12:00,0.49890725935472346
2018-06-07 05:15:00,0.4812446709414644
2018-06-07 05:18:00,0.583081101006087
2018-06-07 05:21:00,0.5832570913556197
2018-06-07 05:24:00,0.576155367909621
2018-06-07 05:27:00,0.5238856632313968
2018-06-07 05:30:00,0.47770250859218777
2018-06-07 05:33:00,0.6089815337460323
2018-06-07 05:36:00,0.5408473495415933
2018-06-07 05:39:00,0.625616521436541
2018-06-07 05:42:00,0.4931595369183128
2018-06-07 05:45:00,0.42480595280466105
2018-06-07 05:48:00,0.4652353205688655
2018-06-07 05:51:00,0.4858585087291658
2018-06-07 05:54:00,0.41315513406652826
2018-06-07 05:57:00,0.4855302540413504
2018-06-07 06:00:00,0.5849341234130634
2018-06-07 06:03:00,0.5935254083900077
2018-06-07 06:06:00,0.5468991477421241
2018-06-07 06:09:00,0.5713781258884865
2018-06-07 06:12:00,0.4962846278901907
2018-06-07 06:15:00,0.4911947788469888
2018-06-07 06:18:00,0.5399190643169618
2018-06-07 06:21:00,0.5224605677462364
2018-06-07 06:24:00,0.5630219820966431
2018-06-07 06:27:00,0.5060283191436383
2018-06-07 06:30:00,0.616547888523769
2018-06-07 06:33:00,0.6183302610048145
2018-06-07 06:36:00,0.5556460945158506
2018-06-07 06:39:00,0.5598584902191988
2018-06-07 06:42:00,0.5217696039255202
2018-06-07 06:45:00,0.5593483302087066
2018-06-07 06:48:00,0.46738474564273247
2018-06-07 06:51:00,0.5495309698337678
2018-06-07 06:54:00,0.4706236791000151
2018-06-07 06:57:00,0.5680920881092106
2018-06-07 07:00:00,0.49385746689182497
2018-06-07 07:03:00,0.3878989316177126
2018-06-07 07:06:00,0.4631464947525501
2018-06-07 07:09:00,0.5373609491376783
2018-06-07 07:12:00,0.5213508614802436
2018-06-07 07:15:00,0.45159483782862253
2018-06-07 07:18:00,0.47460224572375864
2018-06-07 07:21:00,0.4759623649621858
2018-06-07 07:24:00,0.5380006642085391
2018-06-07 07:27:00,0.5403077758938934
2018-06-07 07:30:00,0.5002120763162452
2018-06-07 07:33:00,0.4245473979981398
2018-06-07 07:36:00,0.549196700753555
2018-06-07 07:39:00,0.5797453790852956
2018-06-07 07:42:00,0.5290665473391982
2018-06-07 07:45:00,0.5485323422674355
2018-06-07 07:48:00,0.4442313386907131
2018-06-07 07:51:00,0.5988415347354703
2018-06-07 07:54:00,0.4979704120503925
2018-06-07 07:57:00,0.45326210948269363
2018-06-07 08:00:00,0.4668854784278551
2018-06-07 08:03:00,0.5484327981693582
2018-06-07 08:06:00,0.5120955029580045
2018-06-07 08:09:00,0.4547252211343107
2018-06-07 08:12:00,0.482340458259614
2018-06-07 08:15:00,0.4088199430011059
2018-06-07 08:18:00,0.45601762781848265
2018-06-07 08:21:00,0.4744352344636127
2018-06-07 08:24:00,0.3605971871276097
2018-06-07 08:27:00,0.38604732376990114
2018-06-07 08:30:00,0.395149757236652
2018-06-07 08:33:00,0.4229326296634781
2018-06-07 08:36:00,0.40805647862481464
2018-06-07 08:39:00,0.43731776013646595
2018-06-07 08:42:00,0.36837636081259006
2018-06-07 08:45:00,0.4326386425819919
2018-06-07 08:48:00,0.3562895690030814
2018-06-07 08:51:00,0.3989644844627378
2018-06-07 08:54:00,0.5008543812934931
2018-06-07 08:57:00,0.3693082815867115
2018-06-07 09:00:00,0.4614466223499676
2018-06-07 09:03:00,0.36309732188897215
2018-06-07 09:06:00,0.40573952597577545
2018-06-07 09:09:00,0.4351262576835211
2018-06-07 09:12:00,0.4402316698440245
2018-06-07 09:15:00,0.4497715466425234
2018-06-07 09:18:00,0.47520590387114225
2018-06-07 09:21:00,0.5021259088539409
2018-06-07 09:24:00,0.4024722854234142
2018-06-07 09:27:00,0.5462850546147706
2018-06-07 09:30:00,0.42584140069965315
2018-06-07 09:33:00,0.4750565860503002
2018-06-07 09:36:00,0.3245981510380034
2018-06-07 09:39:00,0.4374309844895947
2018-06-07 09:42:00,0.3819324436930742
2018-06-07 09:45:00,0.30662582431108376
2018-06-07 09:48:00,0.33024968801043997
2018-06-07 09:51:00,0.430297195821538
2018-06-07 09:54:00,0.32423284636035987
2018-06-07 09:57:00,0.3366888212842696
2018-06-07 10:00:00,0.3871601813039547
2018-06-07 10:03:00,0.23430887566155434
2018-06-07 10:06:00,0.21973867735619024
2018-06-07 10:09:00,0.27083820846337403
2018-06-07 10:12:00,0.3846610567130142
2018-06-07 10:15:00,0.38746146291708783
2018-06-07 10:18:00,0.30762223970577907
2018-06-07 10:21:00,0.3419168928770091
2018-06-07 10:24:00,0.3168660988802685
2018-06-07 10:27:00,0.2854206170001703
2018-06-07 10:30:00,0.24183160085448208
2018-06-07 10:33:00,0.15971250908904722
2018-06-07 10:36:00,0.2094874697069713
2018-06-07 10:39:00,0.1805943513004422
2018-06-07 10:42:00,0.19512795748795497
2018-06-07 10:45:00,0.19251873284451904
2018-06-07 10:48:00,0.3678094576649187
2018-06-07 10:51:00,0.2282248920344614
2018-06-07 10:54:00,0.3194048855474989
2018-06-07 10:57:00,0.26280914042087034
2018-06-07 11:00:00,0.1803569894147472
2018-06-07 11:03:00,0.33829845619044363
2018-06-07 11:06:00,0.23769943918767922
2018-06-07 11:09:00,0.27112811858847863
2018-06-07 11:12:00,0.2805940000661735
2018-06-07 11:15:00,0.3157311822974975
2018-06-07 11:18:00,0.34515520823100587
2018-06-07 11:21:00,0.3821333151685735
2018-06-07 11:24:00,0.2493605470110083
2018-06-07 11:27:00,0.22412905362472202
2018-06-07 11:30:00,0.1895709473249667
2018-06-07 11:33:00,0.16328354140938472
2018-06-07 11:36:00,0.2270896797007822
2018-06-07 11:39:00,0.2318484430487615
2018-06-07 11:42:00,0.16028643118704622
2018-06-07 11:45:00,0.2878421120187795
2018-06-07 11:48:00,0.13009840484357937
2018-06-07 11:51:00,0.028778055956934168
2018-06-07 11:54:00,0.08782563253816988
2018-06-07 11:57:00,0.030195497072782018
2018-06-07 12:00:00,0.010983150198342173
2018-06-07 12:03:00,0.009756736763563367
2018-06-07 12:06:00,-0.06636360685109821
2018-06-07 12:09:00,-0.02316417962174455
2018-06-07 12:12:00,-0.09678048583703003
2018-06-07 12:15:00,0.07665121302619582
2018-06-07 12:18:00,-0.08190109443091842
2018-06-07 12:21:00,-0.08898261195662371
2018-06-07 12:24:00,-0.039657136519736014
2018-06-07 12:27:00,0.05375598879663812
2018-06-07 12:30:00,-0.05847862857854125
2018-06-07 12:33:00,0.08963292908339326
2018-06-07 12:36:00,-0.030309349939784624
2018-06-07 12:39:00,0.0014138871752606974
2018-06-07 12:42:00,-0.024505439489644232
2018-06-07 12:45:00,-0.02238916615414155
2018-06-07 12:48:00,-0.09462427940309226
2018-06-07 12:51:00,-0.09443475325372219
2018-06-07 12:54:00,-0.25946895194510944
2018-06-07 12:57:00,-0.014317639047021657
2018-06-07 13:00:00,-0.13436136807217736
2018-06-07 13:03:00,-0.12990901540644018
2018-06-07 13:06:00,-0.13035119997050515
2018-06-07 13:09:00,0.003295869309738464
2018-06-07 13:12:00,-0.1761280279003472
2018-06-07 13:15:00,-0.15347153208483633
2018-06-07 13:18:00,-0.15982572135612827
2018-06-07 13:21:00,-0.22984585375871802
2018-06-07 13:24:00,-0.24500095267961797
2018-06-07 13:27:00,-0.28850958462760445
2018-06-07 13:30:00,-0.07841784120171269
2018-06-07 13:33:00,-0.12520791327546021
2018-06-07 13:36:00,-0.23036269506775398
2018-06-07 13:39:00,-0.1429643613303142
2018-06-07 13:42:00,-0.18532654955197359
2018-06-07 13:45:00,-0.16326892690847217
2018-06-07 13:48:00,-0.18366981147943306
2018-06-07 13:51:00,-0.03715817482947159
2018-06-07 13:54:00,-0.21735196373987264
2018-06-07 13:57:00,-0.03754750281837005
2018-06-07 14:00:00,-0.21134316371200157
2018-06-07 14:03:00,-0.24154423286017845
2018-06-07 14:06:00,-0.1986431724304225
2018-06-07 14:09:00,-0.12133038299305099
2018-06-07 14:12:00,-0.23619870476557026
2018-06-07 14:15:00,-0.28093799775280104
2018-06-07 14:18:00,-0.169719571924702
2018-06-07 14:21:00,-0.1904181176583961
2018-06-07 14:24:00,-0.35203908458066735
2018-06-07 14:27:00,-0.2116830313704554
2018-06-07 14:30:00,-0.20069272588187914
2018-06-07 14:33:00,-0.2375491015287139
2018-06-07 14:36:00,-0.3520128259345938
2018-06-07 14:39:00,-0.16374667107845653
2018-06-07 14:42:00,-0.18530556363020878
2018-06-07 14:45:00,-0.3012125085475077
2018-06-07 14:48:00,-0.2735222306815217
2018-06-07 14:51:00,-0.24200547086871893
2018-06-07 14:54:00,-0.2624275749813023
2018-06-07 14:57:00,-0.3028920013808829
2018-06-07 15:00:00,-0.32066871809956865
2018-06-07 15:03:00,-0.12944851045472205
2018-06-07 15:06:00,-0.34368811644986863
2018-06-07 15:09:00,-0.39366027404253146
2018-06-07 15:12:00,-0.2579666982765616
2018-06-07 15:15:00,-0.23129106182722126
2018-06-07 15:18:00,-0.4210791403146459
2018-06-07 15:21:00,-0.2871275106093094
2018-06-07 15:24:00,-0.42959370774639183
2018-06-07 15:27:00,-0.25736931018161613
2018-06-07 15:30:00,-0.2903552876313711
2018-06-07 15:33:00,-0.3577588907469931
2018-06-07 15:36:00,-0.29441148788549754
2018-06-07 15:39:00,-0.2659004401987204
2018-06-07 15:42:00,-0.2623751866212274
2018-06-07 15:45:00,-0.20113633600641379
2018-06-07 15:48:00,-0.2452822839302371
2018-06-07 15:51:00,-0.12475134419781853
2018-06-07 15:54:00,-0.16442759929702788
2018-06-07 15:57:00,-0.05886421170293943
2018-06-07 16:00:00,-0.013363593756423597
2018-06-07 16:03:00,-0.026340551619000507
2018-06-07 16:06:00,0.026088699834303952
2018-06-07 16:09:00,-0.049247226542775024
2018-06-07 16:12:00,-0.07065963911952622
2018-06-07 16:15:00,-0.08168340859759837
2018-06-07 16:18:00,-0.10385365758162379
2018-06-07 16:21:00,-0.006661125257494405
2018-06-07 16:24:00,0.04603052489005677
2018-06-07 16:27:00,-0.1966329649547447
2018-06-07 16:30:00,-0.08234859063441036
2018-06-07 16:33:00,-0.08815619194501778
2018-06-07 16:36:00,-0.05091008484811255
2018-06-07 16:39:00,-0.10666841229982538
2018-06-07 16:42:00,-0.09187168119711941
2018-06-07 16:45:00,-0.17362178937304407
2018-06-07 16:48:00,-0.1150516719082475
2018-06-07 16:51:00,-0.18352115235319388
2018-06-07 16:54:00,-0.1513276469661946
2018-06-07 16:57:00,-0.1784112716259756
2018-06-07 17:00:00,-0.17998847082003522
2018-06-07 17:03:00,-0.16494175146920043
2018-06-07 17:06:00,-0.14237980004497786
2018-06-07 17:09:00,-0.10101342869370455
2018-06-07 17:12:00,-0.046975728798656746
2018-06-07 17:15:00,-0.23756041838845476
2018-06-07 17:18:00,0.23684535059965128
2018-06-07 17:21:00,-0.13723647158707308
2018-06-07 17:24:00,
2018-06-07 17:27:00,
2018-06-07 17:30:00,
2018-06-07 17:33:00,
2018-06-07 17:36:00,
2018-06-07 17:39:00,
2018-06-07 17:42:00,
2018-06-07 17:45:00,
2018-06-07 17:48:00,
2018-06-07 17:51:00,
2018-06-07 17:54:00,
2018-06-07 17:57:00,
2018-06-07 18:00:00,
2018-06-07 18:03:00,
2018-06-07 18:06:00,
2018-06-07 18:09:00,
2018-06-07 18:12:00,
2018-06-07 18:15:00,
2018-06-07 18:18:00,
2018-06-07 18:21:00,-0.10310238631041102
2018-06-07 18:24:00,-0.007896902854270138
2018-06-07 18:27:00,-0.0930597861932938
2018-06-07 18:30:00,0.005395189837656744
2018-06-07 18:33:00,0.06727878773534712
2018-06-07 18:36:00,-0.07034266695103497
2018-06-07 18:39:00,0.027286189009942063
2018-06-07 18:42:00,
2018-06-07 18:45:00,
2018-06-07 18:48:00,
2018-06-07 18:51:00,
2018-06-07 18:54:00,
2018-06-07 18:57:00,
2018-06-07 19:00:00,
2018-06-07 19:03:00,-0.029269303402429614
2018-06-07 19:06:00,0.12637785751411457
2018-06-07 19:09:00,0.036300432117741366
2018-06-07 19:12:00,0.20518598631718987
2018-06-07 19:15:00,0.03865171370813414
2018-06-07 19:18:00,0.09688790250214652
2018-06-07 19:21:00,0.0671299888065846
2018-06-07 19:24:00,0.09863929955866979
2018-06-07 19:27:00,0.12956246761194734
2018-06-07 19:30:00,0.21463684631783053
2018-06-07 19:33:00,0.16024216437233463
2018-06-07 19:36:00,0.13753210623275436
2018-06-07 19:39:00,0.12126856854064272
2018-06-07 19:42:00,0.07560088871298376
2018-06-07 19:45:00,0.007671517777680492
2018-06-07 19:48:00,0.18290286786043453
2018-06-07 19:51:00,-0.0017622178093006369
2018-06-07 19:54:00,0.0946801575590257
2018-06-07 19:57:00,0.04870753193506516
2018-06-07 20:00:00,0.12469467124520861
2018-06-07 20:03:00,0.08806037350103679
2018-06-07 20:06:00,0.06177300735618019
2018-06-07 20:09:00,0.07759933468963709
2018-06-07 20:12:00,0.08973320754319047
2018-06-07 20:15:00,0.1273031026317426
2018-06-07 20:18:00,0.04902560129715994
2018-06-07 20:21:00,0.027570907440406245
2018-06-07 20:24:00,0.09135896064719873
2018-06-07 20:27:00,0.16280665480411471
2018-06-07 20:30:00,0.1353973812674667
2018-06-07 20:33:00,0.14023966727978632
2018-06-07 20:36:00,0.1762099162504569
2018-06-07 20:39:00,0.0865587801303036
2018-06-07 20:42:00,0.06477978270709173
2018-06-07 20:45:00,0.0828805076399135
2018-06-07 20:48:00,0.07165670933710544
2018-06-07 20:51:00,0.10158088569346546
2018-06-07 20:54:00,0.00947411726616565
2018-06-07 20:57:00,0.023268435354282246
2018-06-07 21:00:00,0.10948837450041538
2018-06-07 21:03:00,0.134772085411214
2018-06-07 21:06:00,0.13444596804708908
2018-06-07 21:09:00,6.944988444956834e-05
2018-06-07 21:12:00,0.059960380122504375
2018-06-07 21:15:00,0.03114770115354304
2018-06-07 21:18:00,0.0020118381238489746
2018-06-07 21:21:00,-0.03513545668596407
2018-06-07 21:24:00,0.051727690167240326
2018-06-07 21:27:00,0.1189427031682726
2018-06-07 21:30:00,0.06899786272163055
2018-06-07 21:33:00,0.16203632788693767
2018-06-07 21:36:00,0.14484760600294067
2018-06-07 21:39:00,0.12028204628478534
2018-06-07 21:42:00,0.2119267818149524
2018-06-07 21:45:00,0.05692667509254079
2018-06-07 21:48:00,0.08499183932684673
2018-06-07 21:51:00,0.10630331679118399
2018-06-07 21:54:00,0.12044270886360664
2018-06-07 21:57:00,0.07352145384197684
2018-06-07 22:00:00,0.2787517909003441
2018-06-07 22:03:00,0.13482629801558232
2018-06-07 22:06:00,0.11537909634063226
2018-06-07 22:09:00,0.20333434603901424
2018-06-07 22:12:00,0.11430067209681738
2018-06-07 22:15:00,0.11339827556321325
2018-06-07 22:18:00,0.12205696898774931
2018-06-07 22:21:00,0.12205607247409489
2018-06-07 22:24:00,0.2148959590888353
2018-06-07 22:27:00,0.15194043957222902
2018-06-07 22:30:00,0.19274363343134837
2018-06-07 22:33:00,0.1340027032632065
2018-06-07 22:36:00,0.19036329168943666
2018-06-07 22:39:00,0.24218871791742913
2018-06-07 22:42:00,0.08780997288766912
2018-06-07 22:45:00,0.22008642698165204
2018-06-07 22:48:00,0.16118661544055612
2018-06-07 22:51:00,0.21395997007078904
2018-06-07 22:54:00,0.2502414532866055
2018-06-07 22:57:00,0.07398376174023724
2018-06-07 23:00:00,0.23511026998676243
2018-06-07 23:03:00,0.2603982241568019
2018-06-07 23:06:00,0.1835810431949767
2018-06-07 23:09:00,0.2760139405396558
2018-06-07 23:12:00,0.13391899261864637
2018-06-07 23:15:00,0.237365322809012
2018-06-07 23:18:00,0.20196545719915093
2018-06-07 23:21:00,0.20071635481951944
2018-06-07 23:24:00,0.23390257104989587
2018-06-07 23:27:00,0.2320119983286304
2018-06-07 23:30:00,0.23206714915289695
2018-06-07 23:33:00,0.1825809459102743
2018-06-07 23:36:00,0.2881760981709931
2018-06-07 23:39:00,0.3071990550814121
2018-06-07 23:42:00,0.20850361838995468
2018-06-07 23:45:00,0.206375502553783
2018-06-07 23:48:00,0.28780825755438855
2018-06-07 23:51:00,0.31264253007509524
2018-06-07 23:54:00,0.25496866228689896
2018-06-07 23:57:00,0.267747608556931
2018-06-08 00:00:00,0.24391413503389003
2018-06-08 00:03:00,0.31547352760395597
2018-06-08 00:06:00,0.16228455915791073
2018-06-08 00:09:00,0.2937779865940797
2018-06-08 00:12:00,0.2271582647462651
2018-06-08 00:15:00,0.2870833318598329
2018-06-08 00:18:00,0.2942598282944573
2018-06-08 00:21:00,0.17236939270082985
2018-06-08 00:24:00,0.2351010136828222
2018-06-08 00:27:00,0.27954166777192313
2018-06-08 00:30:00,0.22957449812395225
2018-06-08 00:33:00,0.3065331850846178
2018-06-08 00:36:00,0.23989165584322336
2018-06-08 00:39:00,0.28932425670643624
2018-06-08 00:42:00,0.25943613495974205
2018-06-08 00:45:00,0.14370661199956203
2018-06-08 00:48:00,0.15658427959118626
2018-06-08 00:51:00,0.27723960900681277
2018-06-08 00:54:00,0.28463595721200363
2018-06-08 00:57:00,0.3119558643844016
2018-06-08 01:00:00,0.25772084943446316
2018-06-08 01:03:00,0.4013183949849122
2018-06-08 01:06:00,0.35881881641222435
2018-06-08 01:09:00,0.2419718014494947
2018-06-08 01:12:00,0.27896991198872456
2018-06-08 01:15:00,0.23597704573023748
2018-06-08 01:18:00,0.25796075726145773
2018-06-08 01:21:00,0.2699476034243844
2018-06-08 01:24:00,0.13672313289976046
2018-06-08 01:27:00,0.33516601757571607
2018-06-08 01:30:00,0.28354720005415857
2018-06-08 01:33:00,0.2837158418889203
2018-06-08 01:36:00,0.3038503136097006
2018-06-08 01:39:00,0.33318805598310064
2018-06-08 01:42:00,0.39257501264432904
2018-06-08 01:45:00,0.22922401220762367
2018-06-08 01:48:00,0.20655435692663104
2018-06-08 01:51:00,0.2751862251881789
2018-06-08 01:54:00,0.17145294843663805
2018-06-08 01:57:00,0.31440159150537283
2018-06-08 02:00:00,0.3648421531706276
2018-06-08 02:03:00,0.22677796528313365
2018-06-08 02:06:00,0.3439077336187779
2018-06-08 02:09:00,0.339663790710631
2018-06-08 02:12:00,0.3329405580067828
2018-06-08 02:15:00,0.321831495782817
2018-06-08 02:18:00,0.3258426529878875
2018-06-08 02:21:00,0.3471242434630426
2018-06-08 02:24:00,0.26699093246980965
2018-06-08 02:27:00,0.41355083182810404
2018-06-08 02:30:00,0.38151997628102663
2018-06-08 02:33:00,0.3213314129448577
2018-06-08 02:36:00,0.3695162039222737
2018-06-08 02:39:00,0.48564169822196845
2018-06-08 02:42:00,0.40691071774449483
2018-06-08 02:45:00,0.4198917012187735
2018-06-08 02:48:00,0.4266465057932578
2018-06-08 02:51:00,0.5272692736103863
2018-06-08 02:54:00,0.3415465076145665
2018-06-08 02:57:00,0.3687156373592302
2018-06-08 03:00:00,0.46179987506673115
2018-06-08 03:03:00,0.4631364655089101
2018-06-08 03:06:00,0.42891114073552217
2018-06-08 03:09:00,0.4780307086165294
2018-06-08 03:12:00,0.39587632543162954
2018-06-08 03:15:00,0.3932096227880493
2018-06-08 03:18:00,0.38703801059796206
2018-06-08 03:21:00,0.4534569283095493
2018-06-08 03:24:00,0.3085970763067394
2018-06-08 03:27:00,0.4448473309731753
2018-06-08 03:30:00,0.38125837999501755
2018-06-08 03:33:00,0.3568245692839014
2018-06-08 03:36:00,0.321049839961006
2018-06-08 03:39:00,0.34390216800721873
2018-06-08 03:42:00,0.3084285283991335
2018-06-08 03:45:00,0.36971902538107315
2018-06-08 03:48:00,0.43960164144942837
2018-06-08 03:51:00,0.3876377793239385
2018-06-08 03:54:00,0.41312165394055
2018-06-08 03:57:00,0.45104407595755447
2018-06-08 04:00:00,0.4763817162280475
2018-06-08 04:03:00,0.4194719101325859
2018-06-08 04:06:00,0.46443632389315326
2018-06-08 04:09:00,0.35976930698507203
2018-06-08 04:12:00,0.3008036490213044
2018-06-08 04:15:00,0.48776891166653513
2018-06-08 04:18:00,0.3850543535570523
2018-06-08 04:21:00,0.40051450504819286
2018-06-08 04:24:00,0.4309509604790378
2018-06-08 04:27:00,0.40772659547104695
2018-06-08 04:30:00,0.5113385323227249
2018-06-08 04:33:00,0.3656322854839118
2018-06-08 04:36:00,0.48320346111512436
2018-06-08 04:39:00,0.4594591250763074
2018-06-08 04:42:00,0.48943533109877535
2018-06-08 04:45:00,0.4417940597986103
2018-06-08 04:48:00,0.42770168521320784
2018-06-08 04:51:00,0.4733003104798854
2018-06-08 04:54:00,0.5141240692154838
2018-06-08 04:57:00,0.38815918494776724
2018-06-08 05:00:00,0.4092169548808329
2018-06-08 05:03:00,0.5250393508127331
2018-06-08 05:06:00,0.5355245840818839
2018-06-08 05:09:00,0.4642985892380125
2018-06-08 05:12:00,0.4919711758419112
2018-06-08 05:15:00,0.46376244982320713
2018-06-08 05:18:00,0.49010603591267454
2018-06-08 05:21:00,0.4812857397821517
2018-06-08 05:24:00,0.5597819300912761
2018-06-08 05:27:00,0.42761175565556186
2018-06-08 05:30:00,0.503141664133409
2018-06-08 05:33:00,0.49394327570212226
2018-06-08 05:36:00,0.47022507329512564
2018-06-08 05:39:00,0.42008723315228735
2018-06-08 05:42:00,0.4654796757548638
2018-06-08 05:45:00,0.5350471378064299
2018-06-08 05:48:00,0.5357768236273728
2018-06-08 05:51:00,0.557031577236387
2018-06-08 05:54:00,0.5138062112235389
2018-06-08 05:57:00,0.5168089391956414
2018-06-08 06:00:00,0.6009648731339894
2018-06-08 06:03:00,0.5242472470670805
2018-06-08 06:06:00,0.5691686714306456
2018-06-08 06:09:00,0.5940052911174121
2018-06-08 06:12:00,0.6080425988380966
2018-06-08 06:15:00,0.5772893217517776
2018-06-08 06:18:00,0.5559425940339224
2018-06-08 06:21:00,0.4963780988792905
2018-06-08 06:24:00,0.633688544423535
2018-06-08 06:27:00,0.5536890978784186
2018-06-08 06:30:00,0.45517202334463036
2018-06-08 06:33:00,0.48072348894908146
2018-06-08 06:36:00,0.5021045119827932
2018-06-08 06:39:00,0.4266090477470357
2018-06-08 06:42:00,0.48935661254273555
2018-06-08 06:45:00,0.5034237060058331
2018-06-08 06:48:00,0.6218896222517856
2018-06-08 06:51:00,0.5336548271489505
2018-06-08 06:54:00,0.5593569809349788
2018-06-08 06:57:00,0.45341331177445454
2018-06-08 07:00:00,0.4762210530550419
2018-06-08 07:03:00,0.42655869071404595
2018-06-08 07:06:00,0.47385601626797325
2018-06-08 07:09:00,0.5562410456463454
2018-06-08 07:12:00,0.5754684520735509
2018-06-08 07:15:00,0.5337089154734258
2018-06-08 07:18:00,0.6520730064460736
2018-06-08 07:21:00,0.5767443019486223
2018-06-08 07:24:00,0.5464626818910574
2018-06-08 07:27:00,0.48122768645998804
2018-06-08 07:30:00,0.5465513849082981
2018-06-08 07:33:00,0.4967856490637814
2018-06-08 07:36:00,0.5391513886048642
2018-06-08 07:39:00,0.5412188249639485
2018-06-08 07:42:00,0.5828800402081811
2018-06-08 07:45:00,0.5432059208561668
2018-06-08 07:48:00,0.5810089569241654
2018-06-08 07:51:00,0.44576285990569886
2018-06-08 07:54:00,0.49446780547685876
2018-06-08 07:57:00,0.48413816237956553
2018-06-08 08:00:00,0.4622853755429901
2018-06-08 08:03:00,0.4476988376233635
2018-06-08 08:06:00,0.47750805060422863
2018-06-08 08:09:00,0.34107955149875124
2018-06-08 08:12:00,0.40186647190330405
2018-06-08 08:15:00,0.3650726722424906
2018-06-08 08:18:00,0.2658448150784807
2018-06-08 08:21:00,0.3745972859547919
2018-06-08 08:24:00,0.21127364010101246
2018-06-08 08:27:00,0.28325609444925703
2018-06-08 08:30:00,0.4066576831954194
2018-06-08 08:33:00,0.45074265738799113
2018-06-08 08:36:00,0.3870775800207298
2018-06-08 08:39:00,0.3113246747277003
2018-06-08 08:42:00,0.4004269745643114
2018-06-08 08:45:00,0.31855101986229784
2018-06-08 08:48:00,0.3856291547224373
2018-06-08 08:51:00,0.2957065877215541
2018-06-08 08:54:00,0.386334361115928
2018-06-08 08:57:00,0.3700608329660895
2018-06-08 09:00:00,0.2887997792194028
2018-06-08 09:03:00,0.2875666684503244
2018-06-08 09:06:00,0.23777652749748768
2018-06-08 09:09:00,0.27421658356951184
2018-06-08 09:12:00,0.22764890508841518
2018-06-08 09:15:00,0.2051190017317026
2018-06-08 09:18:00,0.31459577489505364
2018-06-08 09:21:00,0.34366031772663064
2018-06-08 09:24:00,0.2507314625977983
2018-06-08 09:27:00,0.28596222512447866
2018-06-08 09:30:00,0.197824053826821
2018-06-08 09:33:00,0.15986784883773453
2018-06-08 09:36:00,0.18565757730243604
2018-06-08 09:39:00,0.18249858099835592
2018-06-08 09:42:00,0.1892661274666807
2018-06-08 09:45:00,0.31302888613515734
2018-06-08 09:48:00,0.20410598503030997
2018-06-08 09:51:00,0.20148427529977653
2018-06-08 09:54:00,0.10905681720703342
2018-06-08 09:57:00,0.26235423500958177
2018-06-08 10:00:00,0.23351308231605117
2018-06-08 10:03:00,0.14729879407803992
2018-06-08 10:06:00,0.08579937536586613
2018-06-08 10:09:00,0.06984980832697829
2018-06-08 10:12:00,0.12257662390857149
2018-06-08 10:15:00,0.0034439062768569784
2018-06-08 10:18:00,0.06753633075635435
2018-06-08 10:21:00,0.12984400845397204
2018-06-08 10:24:00,0.1415815445334374
2018-06-08 10:27:00,0.0765467744763555
2018-06-08 10:30:00,0.03268411633018786
2018-06-08 10:33:00,0.00789138733460959
2018-06-08 10:36:00,0.09704061949094012
2018-06-08 10:39:00,-0.08069785911612826
2018-06-08 10:42:00,-0.027378973184227107
2018-06-08 10:45:00,-0.15350382839494614
2018-06-08 10:48:00,0.03935098767061618
2018-06-08 10:51:00,-0.024139919785795882
2018-06-08 10:54:00,0.004369735346188008
2018-06-08 10:57:00,-0.2126803601586289
2018-06-08 11:00:00,0.03685851592291556
2018-06-08 11:03:00,-0.09967710996744472
2018-06-08 11:06:00,-0.028140266697107563
2018-06-08 11:09:00,-0.08785982935694392
2018-06-08 11:12:00,-0.1488986803619241
2018-06-08 11:15:00,-0.18993912879511754
2018-06-08 11:18:00,-0.19509933238890653
2018-06-08 11:21:00,-0.15892800060089485
2018-06-08 11:24:00,-0.1694333018021439
2018-06-08 11:27:00,-0.23256955412045954
2018-06-08 11:30:00,-0.28196538233987667
2018-06-08 11:33:00,-0.23443875606596976
2018-06-08 11:36:00,-0.23197081309774603
2018-06-08 11:39:00,-0.10755144973046527
2018-06-08 11:42:00,-0.2249351544721776
2018-06-08 11:45:00,-0.1640681652454532
2018-06-08 11:48:00,-0.25648104899818236
2018-06-08 11:51:00,-0.22699701872437572
2018-06-08 11:54:00,-0.2153220133832292
2018-06-08 11:57:00,-0.24150178883706985
2018-06-08 12:00:00,-0.1990453660731646
2018-06-08 12:03:00,-0.23887046369236486
2018-06-08 12:06:00,-0.23871953028248072
2018-06-08 12:09:00,-0.27639465327041535
2018-06-08 12:12:00,-0.24317597048656125
2018-06-08 12:15:00,-0.23729645277882128
2018-06-08 12:18:00,-0.20238150410870048
2018-06-08 12:21:00,-0.21021476010628248
2018-06-08 12:24:00,-0.2069287031461613
2018-06-08 12:27:00,-0.19952042546537996
2018-06-08 12:30:00,-0.20306250266190773
2018-06-08 12:33:00,-0.25621956345918306
2018-06-08 12:36:00,-0.26757361043752326
2018-06-08 12:39:00,-0.2885560666110223
2018-06-08 12:42:00,-0.09828430524044052
2018-06-08 12:45:00,0.0030327579505637914
2018-06-08 12:48:00,-0.18455265413217603
2018-06-08 12:51:00,-0.25055871376792993
2018-06-08 12:54:00,-0.2592721167737295
2018-06-08 12:57:00,-0.16961444284731897
2018-06-08 13:00:00,-0.23812996892718274
2018-06-08 13:03:00,-0.40085677275186526
2018-06-08 13:06:00,-0.23259126590789947
2018-06-08 13:09:00,-0.18465941143932696
2018-06-08 13:12:00,-0.27144941086015706
2018-06-08 13:15:00,-0.1151280579170475
2018-06-08 13:18:00,-0.18468144290113742
2018-06-08 13:21:00,-0.28061591846886813
2018-06-08 13:24:00,-0.2485857299149643
2018-06-08 13:27:00,-0.3265029291654855
2018-06-08 13:30:00,-0.27261057791963594
2018-06-08 13:33:00,-0.39624606061653367
2018-06-08 13:36:00,-0.27521390912573906
2018-06-08 13:39:00,-0.19264484741802335
2018-06-08 13:42:00,-0.25695454682670515
2018-06-08 13:45:00,-0.3316536253848881
2018-06-08 13:48:00,-0.38806268958876444
2018-06-08 13:51:00,-0.47209582092847313
2018-06-08 13:54:00,-0.36187037588155135
2018-06-08 13:57:00,-0.2567416025701732
2018-06-08 14:00:00,-0.2992647134482809
2018-06-08 14:03:00,-0.40115588786528633
2018-06-08 14:06:00,-0.22178814962319393
2018-06-08 14:09:00,-0.33595696219254023
2018-06-08 14:12:00,-0.31222125473169626
2018-06-08 14:15:00,-0.2678599540444111
2018-06-08 14:18:00,-0.2360473609106748
2018-06-08 14:21:00,-0.2950960512303027
2018-06-08 14:24:00,-0.2398520373029669
2018-06-08 14:27:00,-0.4060865533342053
2018-06-08 14:30:00,-0.2533048207097295
2018-06-08 14:33:00,-0.3960977627451143
2018-06-08 14:36:00,-0.3652623293580177
2018-06-08 14:39:00,-0.23195241717490944
2018-06-08 14:42:00,-0.3340251552958762
2018-06-08 14:45:00,-0.2537012485436776
2018-06-08 14:48:00,-0.3510137323535787
2018-06-08 14:51:00,-0.2489429002400243
2018-06-08 14:54:00,-0.3220186181565623
2018-06-08 14:57:00,-0.3553951554700916
2018-06-08 15:00:00,-0.342804355943656
2018-06-08 15:03:00,-0.29335389903332043
2018-06-08 15:06:00,-0.3270657175658016
2018-06-08 15:09:00,-0.33063960156374606
2018-06-08 15:12:00,-0.26467155111151897
2018-06-08 15:15:00,-0.16509605647462422
2018-06-08 15:18:00,-0.27251749067772835
2018-06-08 15:21:00,-0.2886523756073416
2018-06-08 15:24:00,-0.3282872687469194
2018-06-08 15:27:00,-0.3506647142492625
2018-06-08 15:30:00,-0.279640057901247
2018-06-08 15:33:00,-0.3434649196483974
2018-06-08 15:36:00,-0.28691715718719024
2018-06-08 15:39:00,-0.33232347840805687
2018-06-08 15:42:00,-0.4229314344207751
2018-06-08 15:45:00,-0.3189568431255907
2018-06-08 15:48:00,-0.30290748918326926
2018-06-08 15:51:00,-0.3557743807942302
2018-06-08 15:54:00,-0.300291849681912
2018-06-08 15:57:00,-0.22447073274520335
2018-06-08 16:00:00,-0.35563227371034145
2018-06-08 16:03:00,-0.3821988206004221
2018-06-08 16:06:00,-0.33363336916619346
2018-06-08 16:09:00,-0.412425848274097
2018-06-08 16:12:00,-0.38159739858787134
2018-06-08 16:15:00,-0.4229051268819717
2018-06-08 16:18:00,-0.4416044669948178
2018-06-08 16:21:00,-0.3284307510215285
2018-06-08 16:24:00,-0.37955895058189526
2018-06-08 16:27:00,-0.320375161000527
2018-06-08 16:30:00,-0.4706237668074209
2018-06-08 16:33:00,-0.39528160556307057
2018-06-08 16:36:00,-0.3866041827887443
2018-06-08 16:39:00,-0.3645146020554648
2018-06-08 16:42:00,-0.2926952566636487
2018-06-08 16:45:00,-0.44045628504073875
2018-06-08 16:48:00,-0.2758182183421809
2018-06-08 16:51:00,-0.3751942788600786
2018-06-08 16:54:00,-0.2969417759279622
2018-06-08 16:57:00,-0.3633479854768211
2018-06-08 17:00:00,-0.3158201212908125
2018-06-08 17:03:00,-0.2091740419705843
2018-06-08 17:06:00,-0.295894851114781
2018-06-08 17:09:00,-0.3942405308379193
2018-06-08 17:12:00,-0.3204222784206081
2018-06-08 17:15:00,-0.3564457373749974
2018-06-08 17:18:00,-0.3498725065730355
2018-06-08 17:21:00,-0.2443967757492942
2018-06-08 17:24:00,-0.15834677685649012
2018-06-08 17:27:00,-0.19796852166876988
2018-06-08 17:30:00,-0.1307299565156086
2018-06-08 17:33:00,-0.1314886518256344
2018-06-08 17:36:00,0.046914786025581634
2018-06-08 17:39:00,-0.04981877991906458
2018-06-08 17:42:00,0.03103310222957134
2018-06-08 17:45:00,0.03674544217761877
2018-06-08 17:48:00,-0.15532822678960656
2018-06-08 17:51:00,-0.08025118818682131
2018-06-08 17:54:00,-0.008166035609406208
2018-06-08 17:57:00,-0.04316450028647978
2018-06-08 18:00:00,-0.014047867571605366
2018-06-08 18:03:00,-0.09784809998973287
2018-06-08 18:06:00,0.02811499708957399
2018-06-08 18:09:00,0.11954612441036261
2018-06-08 18:12:00,0.008435709787931955
2018-06-08 18:15:00,0.06199080755106934
2018-06-08 18:18:00,0.04742577179530372
2018-06-08 18:21:00,0.07940737205444748
2018-06-08 18:24:00,0.09202583908489714
2018-06-08 18:27:00,0.030509149840668215
2018-06-08 18:30:00,-0.005728017571925648
2018-06-08 18:33:00,0.05310039327883942
2018-06-08 18:36:00,0.03651526190594723
2018-06-08 18:39:00,0.11975364339002681
2018-06-08 18:42:00,0.11645279373931317
2018-06-08 18:45:00,0.04259643225310583
2018-06-08 18:48:00,0.03193081752425542
2018-06-08 18:51:00,0.1372793533370782
2018-06-08 18:54:00,
2018-06-08 18:57:00,
2018-06-08 19:00:00,
2018-06-08 19:03:00,0.06939847969334778
2018-06-08 19:06:00,0.11831956223232964
2018-06-08 19:09:00,0.07557938584000112
2018-06-08 19:12:00,0.02707500816842412
2018-06-08 19:15:00,0.15403650138824787
2018-06-08 19:18:00,-0.09248898236006653
2018-06-08 19:21:00,0.11404749068663023
2018-06-08 19:24:00,0.1118930600784438
2018-06-08 19:27:00,0.03894597332731564
2018-06-08 19:30:00,0.1074905597862994
2018-06-08 19:33:00,0.03217968265823856
2018-06-08 19:36:00,0.09004545759529492
2018-06-08 19:39:00,0.09006427478539081
2018-06-08 19:42:00,0.11498751959095443
2018-06-08 19:45:00,0.13188853084710672
2018-06-08 19:48:00,0.12312524054493679
2018-06-08 19:51:00,0.17230741987549436
2018-06-08 19:54:00,0.14343291460141927
2018-06-08 19:57:00,0.1454566574870455
2018-06-08 20:00:00,0.06457135288940208
2018-06-08 20:03:00,0.024158057404406463
2018-06-08 20:06:00,-0.04157317172035846
2018-06-08 20:09:00,0.0685364013245362
2018-06-08 20:12:00,0.08617677689966285
2018-06-08 20:15:00,0.11327681544810275
2018-06-08 20:18:00,0.09770679806155158
2018-06-08 20:21:00,0.06085898258731959
2018-06-08 20:24:00,0.07081157226735968
2018-06-08 20:27:00,0.10202002896551221
2018-06-08 20:30:00,0.026847683114453957
2018-06-08 20:33:00,0.19635318279529201
2018-06-08 20:36:00,0.20413404501937293
2018-06-08 20:39:00,0.19022022792381676
2018-06-08 20:42:00,0.2254705008299993
2018-06-08 20:45:00,0.11695363648658486
2018-06-08 20:48:00,0.09952969785251753
2018-06-08 20:51:00,0.23467328377626018
2018-06-08 20:54:00,0.10006068806262647
2018-06-08 20:57:00,0.24288328284563931
2018-06-08 21:00:00,0.25236331072420626
2018-06-08 21:03:00,0.27385447296944676
2018-06-08 21:06:00,0.17657662710888644
2018-06-08 21:09:00,0.2171442155468526
2018-06-08 21:12:00,0.15517795440553073
2018-06-08 21:15:00,0.18801989917562878
2018-06-08 21:18:00,0.2596405123027239
2018-06-08 21:21:00,0.13958181110081114
2018-06-08 21:24:00,0.18541516415513115
2018-06-08 21:27:00,0.1442097319484219
2018-06-08 21:30:00,0.21507614772161787
2018-06-08 21:33:00,0.1958989781829814
2018-06-08 21:36:00,0.06957729003954682
2018-06-08 21:39:00,0.05027747763409707
2018-06-08 21:42:00,0.13717948192316953
2018-06-08 21:45:00,0.2221189781915882
2018-06-08 21:48:00,0.05008760216099972
2018-06-08 21:51:00,0.1285039959436176
2018-06-08 21:54:00,0.1821450952389796
2018-06-08 21:57:00,0.16216930261060725
2018-06-08 22:00:00,0.14957991144223115
2018-06-08 22:03:00,0.09030189831139523
2018-06-08 22:06:00,0.19364799567813407
2018-06-08 22:09:00,0.2156124548267826
2018-06-08 22:12:00,0.17022279111972693
2018-06-08 22:15:00,0.16578862125362548
2018-06-08 22:18:00,0.13455007565528376
2018-06-08 22:21:00,0.29782072432556106
2018-06-08 22:24:00,0.05450434849649355
2018-06-08 22:27:00,0.2746025100099132
2018-06-08 22:30:00,0.22912867168724915
2018-06-08 22:33:00,0.2598550583049928
2018-06-08 22:36:00,0.19479934015708977
2018-06-08 22:39:00,0.19414562507125765
2018-06-08 22:42:00,0.21186629025044112
2018-06-08 22:45:00,0.1977543104027859
2018-06-08 22:48:00,0.33106150904376364
2018-06-08 22:51:00,0.1323556781189268
2018-06-08 22:54:00,0.1658298483326348
2018-06-08 22:57:00,0.17165155720482517
2018-06-08 23:00:00,0.12656828313623691
2018-06-08 23:03:00,0.25758717899344674
2018-06-08 23:06:00,0.187598797061014
2018-06-08 23:09:00,0.13522167106117422
2018-06-08 23:12:00,0.20318113483625666
2018-06-08 23:15:00,0.1678709295225076
2018-06-08 23:18:00,0.01695294849679385
2018-06-08 23:21:00,0.09921698933106882
2018-06-08 23:24:00,0.1821782300451673
2018-06-08 23:27:00,0.2781324395025422
2018-06-08 23:30:00,0.18761652253346028
2018-06-08 23:33:00,0.21137520446154667
2018-06-08 23:36:00,0.17092925660847413
2018-06-08 23:39:00,0.20591721154386278
2018-06-08 23:42:00,0.21200999687647482
2018-06-08 23:45:00,0.16108918304956887
2018-06-08 23:48:00,0.1876124429398942
2018-06-08 23:51:00,0.26783719132413353
2018-06-08 23:54:00,0.19592904182781012
2018-06-08 23:57:00,0.23420871071539295
2018-06-09 00:00:00,0.162203323963638
2018-06-09 00:03:00,0.2212416380579043
2018-06-09 00:06:00,0.2780256858682719
2018-06-09 00:09:00,0.16212661507512394
2018-06-09 00:12:00,0.17875888658954864
2018-06-09 00:15:00,0.1708345764269552
2018-06-09 00:18:00,0.18017330821788846
2018-06-09 00:21:00,0.150092770033325
2018-06-09 00:24:00,0.1597241432312444
2018-06-09 00:27:00,0.2293428712991954
2018-06-09 00:30:00,0.31218226786245395
2018-06-09 00:33:00,0.23267919009720117
2018-06-09 00:36:00,0.2607614762191588
2018-06-09 00:39:00,0.3741737673086618
2018-06-09 00:42:00,0.331503271739507
2018-06-09 00:45:00,0.25526259599905643
2018-06-09 00:48:00,0.22792499573216674
2018-06-09 00:51:00,0.32009773233363603
2018-06-09 00:54:00,0.30558774105827524
2018-06-09 00:57:00,0.16394250354886708
2018-06-09 01:00:00,0.2478279546598401
2018-06-09 01:03:00,0.31345400446946314
2018-06-09 01:06:00,0.3920966531420049
2018-06-09 01:09:00,0.2743111268408711
2018-06-09 01:12:00,0.2207365550339091
2018-06-09 01:15:00,0.24835288138228861
2018-06-09 01:18:00,0.23393228315359238
2018-06-09 01:21:00,0.13256179530543477
2018-06-09 01:24:00,0.22277659152319984
2018-06-09 01:27:00,0.2593959582006846
2018-06-09 01:30:00,0.2274606942979176
2018-06-09 01:33:00,0.21572678428293557
2018-06-09 01:36:00,0.22224398049309002
2018-06-09 01:39:00,0.1605959415825282
2018-06-09 01:42:00,0.20957867616527892
2018-06-09 01:45:00,0.1486390151939645
2018-06-09 01:48:00,0.27443054909832654
2018-06-09 01:51:00,0.19120717154260092
2018-06-09 01:54:00,0.18261851845687715
2018-06-09 01:57:00,0.2869744936592724
2018-06-09 02:00:00,0.28573699117697515
2018-06-09 02:03:00,0.2962948449234659
2018-06-09 02:06:00,0.2451638281702344
2018-06-09 02:09:00,0.17257131737426334
2018-06-09 02:12:00,0.1477954097346128
2018-06-09 02:15:00,0.2667144028828261
2018-06-09 02:18:00,0.3138605595186732
2018-06-09 02:21:00,0.24022157341369166
2018-06-09 02:24:00,0.3315011747591825
2018-06-09 02:27:00,0.15167065294536997
2018-06-09 02:30:00,0.33781137068837097
2018-06-09 02:33:00,0.29001965716008726
2018-06-09 02:36:00,0.34535913397763807
2018-06-09 02:39:00,0.33638467444728803
2018-06-09 02:42:00,0.2998335815468067
2018-06-09 02:45:00,0.32602385049631266
2018-06-09 02:48:00,0.41699002424053333
2018-06-09 02:51:00,0.30299995090098264
2018-06-09 02:54:00,0.3000132323037974
2018-06-09 02:57:00,0.37902128351515785
2018-06-09 03:00:00,0.3485685267632448
2018-06-09 03:03:00,0.32994856382629223
2018-06-09 03:06:00,0.3630579231705724
2018-06-09 03:09:00,0.3595202829260984
2018-06-09 03:12:00,0.3635507551410342
2018-06-09 03:15:00,0.40974753791715557
2018-06-09 03:18:00,0.3877881715665126
2018-06-09 03:21:00,0.4144502584004499
2018-06-09 03:24:00,0.3325560994618968
2018-06-09 03:27:00,0.3288936619082392
2018-06-09 03:30:00,0.40171452342957537
2018-06-09 03:33:00,0.3851341669795829
2018-06-09 03:36:00,0.38302391129906255
2018-06-09 03:39:00,0.34515683117672324
2018-06-09 03:42:00,0.4352196272588458
2018-06-09 03:45:00,0.3354534318751803
2018-06-09 03:48:00,0.49459236985103416
2018-06-09 03:51:00,0.4051633159123753
2018-06-09 03:54:00,0.3286334917115141
2018-06-09 03:57:00,0.3589999383132181
2018-06-09 04:00:00,0.35584541320889684
2018-06-09 04:03:00,0.28928035073266756
2018-06-09 04:06:00,0.3593053044314729
2018-06-09 04:09:00,0.39675505117810417
2018-06-09 04:12:00,0.3172860671358535
2018-06-09 04:15:00,0.41035696518372333
2018-06-09 04:18:00,0.4336157696756686
2018-06-09 04:21:00,0.40497398741206325
2018-06-09 04:24:00,0.42110306165398015
2018-06-09 04:27:00,0.3568245499780005
2018-06-09 04:30:00,0.4609251135728414
2018-06-09 04:33:00,0.44148347301637614
2018-06-09 04:36:00,0.41967882945414203
2018-06-09 04:39:00,0.32216821054254297
2018-06-09 04:42:00,0.44962046667006916
2018-06-09 04:45:00,0.39187003271797494
2018-06-09 04:48:00,0.4388340594944111
2018-06-09 04:51:00,0.3723772992895533
2018-06-09 04:54:00,0.3842403310687814
2018-06-09 04:57:00,0.4001368937580878
2018-06-09 05:00:00,0.3681490811662229
2018-06-09 05:03:00,0.4433182513704992
2018-06-09 05:06:00,0.4822487299870204
2018-06-09 05:09:00,0.4439241090058772
2018-06-09 05:12:00,0.4011040160218613
2018-06-09 05:15:00,0.3737308862114901
2018-06-09 05:18:00,0.422705257996256
2018-06-09 05:21:00,0.4089780917056487
2018-06-09 05:24:00,0.4160603381758392
2018-06-09 05:27:00,0.35687224484001945
2018-06-09 05:30:00,0.31609559823311884
2018-06-09 05:33:00,0.40064295173647224
2018-06-09 05:36:00,0.3495751860347127
2018-06-09 05:39:00,0.5344596253752343
2018-06-09 05:42:00,0.4243444191640151
2018-06-09 05:45:00,0.3956316492379983
2018-06-09 05:48:00,0.4303692370601766
2018-06-09 05:51:00,0.3662912331206485
2018-06-09 05:54:00,0.4011527628482554
2018-06-09 05:57:00,0.3541221355362154
2018-06-09 06:00:00,0.4105356960290578
2018-06-09 06:03:00,0.48643599087455414
2018-06-09 06:06:00,0.45509344573360977
2018-06-09 06:09:00,0.35760285766843936
2018-06-09 06:12:00,0.36463377467708824
2018-06-09 06:15:00,0.36045589716638915
2018-06-09 06:18:00,0.503325968084539
2018-06-09 06:21:00,0.5195120942526046
2018-06-09 06:24:00,0.5143806241129028
2018-06-09 06:27:00,0.36918009014146946
2018-06-09 06:30:00,0.5413150820177748
2018-06-09 06:33:00,0.5065786183909609
2018-06-09 06:36:00,0.5282031239190701
2018-06-09 06:39:00,0.5029959724959667
2018-06-09 06:42:00,0.5470351573893595
2018-06-09 06:45:00,0.5639143775335356
2018-06-09 06:48:00,0.6183453894256559
2018-06-09 06:51:00,0.48699939401751635
2018-06-09 06:54:00,0.4976096587867005
2018-06-09 06:57:00,0.48941890529511056
2018-06-09 07:00:00,0.4839976051476924
2018-06-09 07:03:00,0.47974456115093744
2018-06-09 07:06:00,0.4345730735273605
2018-06-09 07:09:00,0.5487976299668844
2018-06-09 07:12:00,0.4880861119381166
2018-06-09 07:15:00,0.4298924310887742
2018-06-09 07:18:00,0.4265539935101401
2018-06-09 07:21:00,0.43917612616155566
2018-06-09 07:24:00,0.48867114249890165
2018-06-09 07:27:00,0.480866810998009
2018-06-09 07:30:00,0.5441856412256811
2018-06-09 07:33:00,0.5318896919457075
2018-06-09 07:36:00,0.48005170690760224
2018-06-09 07:39:00,0.37100226282376525
2018-06-09 07:42:00,0.5241580409516473
2018-06-09 07:45:00,0.4260043391320778
2018-06-09 07:48:00,0.3756729130748795
2018-06-09 07:51:00,0.4738304615789275
2018-06-09 07:54:00,0.3601641584500044
2018-06-09 07:57:00,0.34240824740578546
2018-06-09 08:00:00,0.4769660694250888
2018-06-09 08:03:00,0.49059539573187294
2018-06-09 08:06:00,0.37128754932410857
2018-06-09 08:09:00,0.3835060029106785
2018-06-09 08:12:00,0.3536850681493888
2018-06-09 08:15:00,0.2799507639838339
2018-06-09 08:18:00,0.4161514224146572
2018-06-09 08:21:00,0.26136349968174954
2018-06-09 08:24:00,0.4788078558241864
2018-06-09 08:27:00,0.31689393083729556
2018-06-09 08:30:00,0.34896049520830275
2018-06-09 08:33:00,0.2711662791380718
2018-06-09 08:36:00,0.24413075114819094
2018-06-09 08:39:00,0.3028529696233022
2018-06-09 08:42:00,0.3001648850845413
2018-06-09 08:45:00,0.2473370189731554
2018-06-09 08:48:00,0.3113590596961444
2018-06-09 08:51:00,0.2201778783344821
2018-06-09 08:54:00,0.14963478135200603
2018-06-09 08:57:00,0.22648599622550591
2018-06-09 09:00:00,0.27743749062864254
2018-06-09 09:03:00,0.17635033875183126
2018-06-09 09:06:00,0.11528141982438456
2018-06-09 09:09:00,0.16469558727709455
2018-06-09 09:12:00,0.11080048886822169
2018-06-09 09:15:00,0.1336941697973657
2018-06-09 09:18:00,0.06587191290685723
2018-06-09 09:21:00,0.058934289012938734
2018-06-09 09:24:00,0.09684219065519528
2018-06-09 09:27:00,0.1309896891726794
2018-06-09 09:30:00,0.09343916339292946
2018-06-09 09:33:00,0.09001075278490589
2018-06-09 09:36:00,0.07851369683163512
2018-06-09 09:39:00,0.18392084207658854
2018-06-09 09:42:00,0.027875564873397707
2018-06-09 09:45:00,-0.10885577394498114
2018-06-09 09:48:00,-0.07017716200300583
2018-06-09 09:51:00,0.09073342850541621
2018-06-09 09:54:00,0.03896664111289283
2018-06-09 09:57:00,-0.01834758046118168
2018-06-09 10:00:00,0.02810826119741705
2018-06-09 10:03:00,-0.022205071768610196
2018-06-09 10:06:00,0.049177668428455945
2018-06-09 10:09:00,0.05341772508171516
2018-06-09 10:12:00,0.08100963457570742
2018-06-09 10:15:00,-0.08014515914794629
2018-06-09 10:18:00,-0.0635838508032407
2018-06-09 10:21:00,-0.11708958527128743
2018-06-09 10:24:00,-0.15343089152412404
2018-06-09 10:27:00,-0.014878981748665865
2018-06-09 10:30:00,-0.19308916533452702
2018-06-09 10:33:00,-0.22122448743101586
2018-06-09 10:36:00,-0.2850053946986577
2018-06-09 10:39:00,-0.17995388761005415
2018-06-09 10:42:00,-0.1396966259063106
2018-06-09 10:45:00,-0.09441605286383492
2018-06-09 10:48:00,-0.11457585140527726
2018-06-09 10:51:00,-0.19604911230146627
2018-06-09 10:54:00,-0.22849444547438225
2018-06-09 10:57:00,-0.09207819841452647
2018-06-09 11:00:00,-0.21654684047609862
2018-06-09 11:03:00,-0.1295288190485735
2018-06-09 11:06:00,-0.12042108782628702
2018-06-09 11:09:00,-0.20347557461337828
2018-06-09 11:12:00,-0.1491265075972592
2018-06-09 11:15:00,-0.2625791981968746
2018-06-09 11:18:00,-0.3098450794095129
2018-06-09 11:21:00,-0.16075404305524899
2018-06-09 11:24:00,-0.10057377214332064
2018-06-09 11:27:00,-0.10393786635967217
2018-06-09 11:30:00,-0.055203320979501314
2018-06-09 11:33:00,-0.03483174635522346
2018-06-09 11:36:00,-0.07193479507139955
2018-06-09 11:39:00,-0.2615963102807086
2018-06-09 11:42:00,-0.11360307755546728
2018-06-09 11:45:00,-0.12793436849563022
2018-06-09 11:48:00,-0.11771463346354949
2018-06-09 11:51:00,-0.08198700790342173
2018-06-09 11:54:00,-0.06235685361787091
2018-06-09 11:57:00,-0.05832078142833552
2018-06-09 12:00:00,-0.15858057255081803
2018-06-09 12:03:00,-0.13267628331499282
2018-06-09 12:06:00,-0.06806029545253978
2018-06-09 12:09:00,-0.15814579536004203
2018-06-09 12:12:00,-0.1448811090961044
2018-06-09 12:15:00,-0.131615829102941
2018-06-09 12:18:00,-0.12045913070716097
2018-06-09 12:21:00,-0.23883617377236988
2018-06-09 12:24:00,-0.11676715525743475
2018-06-09 12:27:00,-0.29773272018405805
2018-06-09 12:30:00,-0.2516209997181704
2018-06-09 12:33:00,-0.17373286833628754
2018-06-09 12:36:00,-0.13467269145399996
2018-06-09 12:39:00,-0.17402835641144065
2018-06-09 12:42:00,-0.23249707899407213
2018-06-09 12:45:00,-0.4344520789070998
2018-06-09 12:48:00,-0.331484071771456
2018-06-09 12:51:00,-0.3731367986310943
2018-06-09 12:54:00,-0.32293910741861964
2018-06-09 12:57:00,-0.3664299274938685
2018-06-09 13:00:00,-0.2714745997412251
2018-06-09 13:03:00,-0.18408051760690114
2018-06-09 13:06:00,-0.13726054605854188
2018-06-09 13:09:00,-0.18305383895057048
2018-06-09 13:12:00,-0.24510087462670072
2018-06-09 13:15:00,-0.19779630497043854
2018-06-09 13:18:00,-0.17567949955406448
2018-06-09 13:21:00,-0.19073716405500818
2018-06-09 13:24:00,-0.05073573728407155
2018-06-09 13:27:00,0.01556415492149199
2018-06-09 13:30:00,-0.07107736012579835
2018-06-09 13:33:00,-0.13291191542668912
2018-06-09 13:36:00,-0.1367158208747128
2018-06-09 13:39:00,-0.2945038844982264
2018-06-09 13:42:00,-0.30630503182584334
2018-06-09 13:45:00,-0.39187400271771367
2018-06-09 13:48:00,-0.13887583631077405
2018-06-09 13:51:00,-0.16110008450380064
2018-06-09 13:54:00,-0.010614124382584578
2018-06-09 13:57:00,-0.13516758564088605
2018-06-09 14:00:00,0.015322674474532505
2018-06-09 14:03:00,0.057715656513494196
2018-06-09 14:06:00,-0.12510774928637147
2018-06-09 14:09:00,-0.08043431030432657
2018-06-09 14:12:00,-0.1257369079203272
2018-06-09 14:15:00,-0.16828391015866373
2018-06-09 14:18:00,-0.1432288410208571
2018-06-09 14:21:00,-0.14865405702067847
2018-06-09 14:24:00,-0.16287948288533016
2018-06-09 14:27:00,-0.15027217889507938
2018-06-09 14:30:00,-0.007054193152441712
2018-06-09 14:33:00,-0.11456093714559756
2018-06-09 14:36:00,-0.16108696199586348
2018-06-09 14:39:00,-0.24422248420933101
2018-06-09 14:42:00,-0.20113314891148093
2018-06-09 14:45:00,-0.19846302996654686
2018-06-09 14:48:00,-0.2655581285033577
2018-06-09 14:51:00,-0.3058619458003591
2018-06-09 14:54:00,-0.3389866543221842
2018-06-09 14:57:00,-0.24040099541599602
2018-06-09 15:00:00,-0.2821063354587068
2018-06-09 15:03:00,-0.15560029090551097
2018-06-09 15:06:00,-0.07329289281915408
2018-06-09 15:09:00,-0.16699458855867988
2018-06-09 15:12:00,-0.11532215889974395
2018-06-09 15:15:00,-0.27152912688387687
2018-06-09 15:18:00,-0.20876608942290886
2018-06-09 15:21:00,-0.2695795449389493
2018-06-09 15:24:00,-0.22724509340577015
2018-06-09 15:27:00,-0.2960416634215335
2018-06-09 15:30:00,-0.2501240523812953
2018-06-09 15:33:00,-0.21960887292959796
2018-06-09 15:36:00,-0.2989174077357575
2018-06-09 15:39:00,-0.31561384849658225
2018-06-09 15:42:00,-0.2557328891538191
2018-06-09 15:45:00,-0.14602977313018073
2018-06-09 15:48:00,-0.1438470413300479
2018-06-09 15:51:00,-0.28911308920010015
2018-06-09 15:54:00,-0.2938888938625155
2018-06-09 15:57:00,-0.3369180902337803
2018-06-09 16:00:00,-0.358817720324339
2018-06-09 16:03:00,-0.25724407399098936
2018-06-09 16:06:00,-0.23537492949543548
2018-06-09 16:09:00,-0.35235533186823886
2018-06-09 16:12:00,-0.09020856346785422
2018-06-09 16:15:00,-0.2116262116929306
2018-06-09 16:18:00,-0.25440314515986984
2018-06-09 16:21:00,-0.26241582332005464
2018-06-09 16:24:00,-0.44341984324705663
2018-06-09 16:27:00,-0.16832829534916982
2018-06-09 16:30:00,-0.0905153001118606
2018-06-09 16:33:00,0.019115159432999462
2018-06-09 16:36:00,0.16161028557274904
2018-06-09 16:39:00,-0.03760244257080103
2018-06-09 16:42:00,-0.026130902172099013
2018-06-09 16:45:00,-0.024267130434338924
2018-06-09 16:48:00,-0.19280909875988073
2018-06-09 16:51:00,-0.35430596551668714
2018-06-09 16:54:00,-0.3162048238780244
2018-06-09 16:57:00,-0.2637982771672114
2018-06-09 17:00:00,-0.2404439297434351
2018-06-09 17:03:00,-0.27274057269318064
2018-06-09 17:06:00,-0.25867757365841726
2018-06-09 17:09:00,-0.3179594101613361
2018-06-09 17:12:00,-0.3053895050863389
2018-06-09 17:15:00,-0.195832219638703
2018-06-09 17:18:00,-0.3151104491069532
2018-06-09 17:21:00,-0.35327547924958935
2018-06-09 17:24:00,-0.2474825567861103
2018-06-09 17:27:00,-0.21718468965309512
2018-06-09 17:30:00,-0.2928141000317055
2018-06-09 17:33:00,-0.33294564867435383
2018-06-09 17:36:00,-0.23028128365831435
2018-06-09 17:39:00,-0.11528846096859979
2018-06-09 17:42:00,-0.25257668278624124
2018-06-09 17:45:00,-0.18658853679806953
2018-06-09 17:48:00,-0.24890587836478062
2018-06-09 17:51:00,-0.15418935987395344
2018-06-09 17:54:00,-0.16225695327494805
2018-06-09 17:57:00,-0.25703709797198826
2018-06-09 18:00:00,0.014995615982684285
2018-06-09 18:03:00,-0.27718651643715475
2018-06-09 18:06:00,-0.14533421582524397
2018-06-09 18:09:00,-0.0731543041712257
2018-06-09 18:12:00,-0.2233735519196216
2018-06-09 18:15:00,-0.27936144115005845
2018-06-09 18:18:00,-0.285132890965599
2018-06-09 18:21:00,-0.3064931392636936
2018-06-09 18:24:00,-0.1490391509789788
2018-06-09 18:27:00,-0.12073051622121511
2018-06-09 18:30:00,-0.1488724526216174
2018-06-09 18:33:00,-0.25034741088353485
2018-06-09 18:36:00,-0.243519106852375
2018-06-09 18:39:00,-0.261332056606534
2018-06-09 18:42:00,-0.11079824931476878
2018-06-09 18:45:00,-0.20620406556810167
2018-06-09 18:48:00,-0.1021173296240363
2018-06-09 18:51:00,-0.13187650576458054
2018-06-09 18:54:00,
2018-06-09 18:57:00,
2018-06-09 19:00:00,
2018-06-09 19:03:00,-0.016082690248026665
2018-06-09 19:06:00,-0.11774497153498942
2018-06-09 19:09:00,-0.08844763012172052
2018-06-09 19:12:00,-0.03270293558540516
2018-06-09 19:15:00,-0.025158587079886274
2018-06-09 19:18:00,-0.010650030781107489
2018-06-09 19:21:00,-0.005234545015127878
2018-06-09 19:24:00,0.05704178971876672
2018-06-09 19:27:00,-0.025587630259281013
2018-06-09 19:30:00,0.16240682072157142
2018-06-09 19:33:00,0.1336841723514226
2018-06-09 19:36:00,0.08399208401021951
2018-06-09 19:39:00,-0.049102155162586314
2018-06-09 19:42:00,0.11721498300590838
2018-06-09 19:45:00,0.03712469186046974
2018-06-09 19:48:00,0.023019745219926335
2018-06-09 19:51:00,0.1649133693932754
2018-06-09 19:54:00,0.03796844842531755
2018-06-09 19:57:00,0.19373089252843556
2018-06-09 20:00:00,0.03446305542996697
2018-06-09 20:03:00,0.11742369041587608
2018-06-09 20:06:00,0.004926922056085914
2018-06-09 20:09:00,-0.07356176087978383
2018-06-09 20:12:00,0.05540683441654437
2018-06-09 20:15:00,0.0550137001438884
2018-06-09 20:18:00,-0.04346765443716549
2018-06-09 20:21:00,-0.03133098654035393
2018-06-09 20:24:00,-0.04204817415859452
2018-06-09 20:27:00,-0.015352895004355105
2018-06-09 20:30:00,0.07937295379900888
2018-06-09 20:33:00,0.03875092087190524
2018-06-09 20:36:00,0.1658990517315715
2018-06-09 20:39:00,0.13629819470213533
2018-06-09 20:42:00,0.04902052284086267
2018-06-09 20:45:00,0.16525922170029617
2018-06-09 20:48:00,0.059809644159429354
2018-06-09 20:51:00,0.24254149914708023
2018-06-09 20:54:00,0.09891613684607137
2018-06-09 20:57:00,0.07010351401942216
2018-06-09 21:00:00,-0.003451159567873674
2018-06-09 21:03:00,0.22245151171892985
2018-06-09 21:06:00,0.05911051979074955
2018-06-09 21:09:00,0.1048041191622815
2018-06-09 21:12:00,0.04816208587607207
2018-06-09 21:15:00,0.00709320824586257
2018-06-09 21:18:00,-0.009291484662298899
2018-06-09 21:21:00,0.012614428874144323
2018-06-09 21:24:00,-0.018263407597657988
2018-06-09 21:27:00,0.12256926202712748
2018-06-09 21:30:00,0.09125621608842494
2018-06-09 21:33:00,0.1609154541413318
2018-06-09 21:36:00,0.1242141017224867
2018-06-09 21:39:00,0.145366115610841
2018-06-09 21:42:00,0.11955753238822808
2018-06-09 21:45:00,0.1317563218828468
2018-06-09 21:48:00,0.06792052406120774
2018-06-09 21:51:00,0.11632198194706689
2018-06-09 21:54:00,0.08984291568685876
2018-06-09 21:57:00,0.17228690021744342
2018-06-09 22:00:00,-0.008406918487310122
2018-06-09 22:03:00,0.0977700712320484
2018-06-09 22:06:00,0.021667747464391596
2018-06-09 22:09:00,0.11326743591536115
2018-06-09 22:12:00,0.06834440827321941
2018-06-09 22:15:00,0.08702120062548602
2018-06-09 22:18:00,0.19205832130467115
2018-06-09 22:21:00,0.12645610536964114
2018-06-09 22:24:00,0.23000972048032509
2018-06-09 22:27:00,0.16971281741734856
2018-06-09 22:30:00,0.1693632464164807
2018-06-09 22:33:00,0.05506060542347768
2018-06-09 22:36:00,0.11614246496407077
2018-06-09 22:39:00,0.22501894791508903
2018-06-09 22:42:00,0.14634108009795455
2018-06-09 22:45:00,0.12322966108490618
2018-06-09 22:48:00,0.1474725102925163
2018-06-09 22:51:00,0.14149834993213517
2018-06-09 22:54:00,0.08173247244542381
2018-06-09 22:57:00,0.15973229965209157
2018-06-09 23:00:00,0.15358749275384298
2018-06-09 23:03:00,0.18413277485410617
2018-06-09 23:06:00,0.17056107487587724
2018-06-09 23:09:00,0.21462883902188423
2018-06-09 23:12:00,0.1727015925730484
2018-06-09 23:15:00,0.14088069044788654
2018-06-09 23:18:00,0.17599244313635154
2018-06-09 23:21:00,0.14165249945278902
2018-06-09 23:24:00,0.1104398119143184
2018-06-09 23:27:00,0.32751041323922436
2018-06-09 23:30:00,0.2820968637761325
2018-06-09 23:33:00,0.29746276953380857
2018-06-09 23:36:00,0.3095989622969455
2018-06-09 23:39:00,0.2701608539658764
2018-06-09 23:42:00,0.2958362678301114
2018-06-09 23:45:00,0.30109823027692073
2018-06-09 23:48:00,0.263690580354762
2018-06-09 23:51:00,0.23498387654683484
2018-06-09 23:54:00,0.26237052831316987
2018-06-09 23:57:00,0.3300005734822662
2018-06-10 00:00:00,0.29739638680189273
2018-06-10 00:03:00,0.1991468507600871
2018-06-10 00:06:00,0.24317193596488096
2018-06-10 00:09:00,0.25703858051889483
2018-06-10 00:12:00,0.29463774067551185
2018-06-10 00:15:00,0.2636288856093074
2018-06-10 00:18:00,0.2950024295002436
2018-06-10 00:21:00,0.24545708496998486
2018-06-10 00:24:00,0.19710342118452218
2018-06-10 00:27:00,0.201016330244272
2018-06-10 00:30:00,0.27165759934115385
2018-06-10 00:33:00,0.28197305664531314
2018-06-10 00:36:00,0.2640272016897711
2018-06-10 00:39:00,0.26507798533532423
2018-06-10 00:42:00,0.3270513596824003
2018-06-10 00:45:00,0.21043520513831027
2018-06-10 00:48:00,0.24824817343369432
2018-06-10 00:51:00,0.20930002412899285
2018-06-10 00:54:00,0.28137443826977915
2018-06-10 00:57:00,0.2710040711536976
2018-06-10 01:00:00,0.29175654334972023
2018-06-10 01:03:00,0.34796230654018245
2018-06-10 01:06:00,0.33603879883264653
2018-06-10 01:09:00,0.2969482511400656
2018-06-10 01:12:00,0.13242902148471103
2018-06-10 01:15:00,0.28535090952334485
2018-06-10 01:18:00,0.22477715420080813
2018-06-10 01:21:00,0.22354397037855733
2018-06-10 01:24:00,0.23279986641693995
2018-06-10 01:27:00,0.2910167580113239
2018-06-10 01:30:00,0.24156356503073084
2018-06-10 01:33:00,0.2743099122874355
2018-06-10 01:36:00,0.22084726192923654
2018-06-10 01:39:00,0.1982324174232417
2018-06-10 01:42:00,0.3820598337794081
2018-06-10 01:45:00,0.3493785245133836
2018-06-10 01:48:00,0.20966145538204728
2018-06-10 01:51:00,0.212751842486
2018-06-10 01:54:00,0.3073444894236559
2018-06-10 01:57:00,0.23825895932532148
2018-06-10 02:00:00,0.23316174095327824
2018-06-10 02:03:00,0.264548824976373
2018-06-10 02:06:00,0.19776334293823083
2018-06-10 02:09:00,0.32549424011381234
2018-06-10 02:12:00,0.3087163977082241
2018-06-10 02:15:00,0.24910276342370707
2018-06-10 02:18:00,0.24702912234971564
2018-06-10 02:21:00,0.21742363921339347
2018-06-10 02:24:00,0.21476391935260608
2018-06-10 02:27:00,0.32037601554560524
2018-06-10 02:30:00,0.22641960485987056
2018-06-10 02:33:00,0.2617593046883826
2018-06-10 02:36:00,0.25592618354414753
2018-06-10 02:39:00,0.23667963287635985
2018-06-10 02:42:00,0.27267053549081766
2018-06-10 02:45:00,0.2214449389059041
2018-06-10 02:48:00,0.217618527127172
2018-06-10 02:51:00,0.17172377167111108
2018-06-10 02:54:00,0.3565554071458905
2018-06-10 02:57:00,0.22891038447920664
2018-06-10 03:00:00,0.2834168765518825
2018-06-10 03:03:00,0.30178228176180255
2018-06-10 03:06:00,0.29257934271942077
2018-06-10 03:09:00,0.21335947620207207
2018-06-10 03:12:00,0.28208854485541224
2018-06-10 03:15:00,0.2425321968266303
2018-06-10 03:18:00,0.259472233163649
2018-06-10 03:21:00,0.26867238606126875
2018-06-10 03:24:00,0.33318399951173205
2018-06-10 03:27:00,0.39617677047721145
2018-06-10 03:30:00,0.36452397084110544
2018-06-10 03:33:00,0.40412990460401943
2018-06-10 03:36:00,0.38650921508178726
2018-06-10 03:39:00,0.2829322100203626
2018-06-10 03:42:00,0.32632126921271265
2018-06-10 03:45:00,0.41842810333332636
2018-06-10 03:48:00,0.3362911086696272
2018-06-10 03:51:00,0.41811508527547403
2018-06-10 03:54:00,0.4186992634472517
2018-06-10 03:57:00,0.27823450004524375
2018-06-10 04:00:00,0.418388585133755
2018-06-10 04:03:00,0.4458428738149678
2018-06-10 04:06:00,0.44349686714940617
2018-06-10 04:09:00,0.4161815813536123
2018-06-10 04:12:00,0.39107242477427917
2018-06-10 04:15:00,0.35437765960250545
2018-06-10 04:18:00,0.3646098962336737
2018-06-10 04:21:00,0.3793944588067575
2018-06-10 04:24:00,0.41308664661949024
2018-06-10 04:27:00,0.35821950744917785
2018-06-10 04:30:00,0.3591182906552035
2018-06-10 04:33:00,0.2991029434759298
2018-06-10 04:36:00,0.23217152227709903
2018-06-10 04:39:00,0.2785795234946704
2018-06-10 04:42:00,0.30344358479754874
2018-06-10 04:45:00,0.4112921415714368
2018-06-10 04:48:00,0.36429992056685023
2018-06-10 04:51:00,0.35508059343470677
2018-06-10 04:54:00,0.31103225932162104
2018-06-10 04:57:00,0.4291144581345634
2018-06-10 05:00:00,0.3126820365766889
2018-06-10 05:03:00,0.39613592182377033
2018-06-10 05:06:00,0.40854145483200455
2018-06-10 05:09:00,0.40580746716534577
2018-06-10 05:12:00,0.37474751915857496
2018-06-10 05:15:00,0.5088258010352433
2018-06-10 05:18:00,0.5335044860585185
2018-06-10 05:21:00,0.32320693385810273
2018-06-10 05:24:00,0.33258109512183864
2018-06-10 05:27:00,0.41183137484983945
2018-06-10 05:30:00,0.482586441989838
2018-06-10 05:33:00,0.4536402795748131
2018-06-10 05:36:00,0.3471007129168129
2018-06-10 05:39:00,0.3851058236142535
2018-06-10 05:42:00,0.2751493614781566
2018-06-10 05:45:00,0.2939824386988903
2018-06-10 05:48:00,0.3656685473836774
2018-06-10 05:51:00,0.292586951293913
2018-06-10 05:54:00,0.3538146328289713
2018-06-10 05:57:00,0.35716027093468483
2018-06-10 06:00:00,0.34575932670259135
2018-06-10 06:03:00,0.4025528768419804
2018-06-10 06:06:00,0.36229490758228167
2018-06-10 06:09:00,0.29810276886507836
2018-06-10 06:12:00,0.44926896722154197
2018-06-10 06:15:00,0.40662780551525657
2018-06-10 06:18:00,0.3706317546369178
2018-06-10 06:21:00,0.44016449265734536
2018-06-10 06:24:00,0.3670249438275164
2018-06-10 06:27:00,0.4225471656565105
2018-06-10 06:30:00,0.4943179049246851
2018-06-10 06:33:00,0.4210152845402604
2018-06-10 06:36:00,0.4566353345468315
2018-06-10 06:39:00,0.4238644057679153
2018-06-10 06:42:00,0.41734740794731806
2018-06-10 06:45:00,0.4619073319840368
2018-06-10 06:48:00,0.42586187938189823
2018-06-10 06:51:00,0.4464930067230739
2018-06-10 06:54:00,0.420586218657661
2018-06-10 06:57:00,0.47614615107352165
2018-06-10 07:00:00,0.4996919739302257
2018-06-10 07:03:00,0.37374260452548924
2018-06-10 07:06:00,0.41903255750304425
2018-06-10 07:09:00,0.41881053951186686
2018-06-10 07:12:00,0.45059895126718175
2018-06-10 07:15:00,0.429330818814492
2018-06-10 07:18:00,0.3345493423182688
2018-06-10 07:21:00,0.26982785215415106
2018-06-10 07:24:00,0.3564408495486191
2018-06-10 07:27:00,0.4415544692240019
2018-06-10 07:30:00,0.39451353099246944
2018-06-10 07:33:00,0.3310823272810808
2018-06-10 07:36:00,0.38915695446235077
2018-06-10 07:39:00,0.35751478532995407
2018-06-10 07:42:00,0.3202066259929097
2018-06-10 07:45:00,0.32012668121757315
2018-06-10 07:48:00,0.4019043248015919
2018-06-10 07:51:00,0.2994848368282419
2018-06-10 07:54:00,0.4220647610052879
2018-06-10 07:57:00,0.41162659879694274
2018-06-10 08:00:00,0.35312212709430923
2018-06-10 08:03:00,0.28149122944012106
2018-06-10 08:06:00,0.3910959577758035
2018-06-10 08:09:00,0.37038823985454883
2018-06-10 08:12:00,0.2641174675289335
2018-06-10 08:15:00,0.3769801976372946
2018-06-10 08:18:00,0.3889561326934654
2018-06-10 08:21:00,0.3702623818551274
2018-06-10 08:24:00,0.3532002473789362
2018-06-10 08:27:00,0.321461250479274
2018-06-10 08:30:00,0.26912667707244964
2018-06-10 08:33:00,0.21054150591055532
2018-06-10 08:36:00,0.3019946991454958
2018-06-10 08:39:00,0.13346696007420178
2018-06-10 08:42:00,0.23621615951645936
2018-06-10 08:45:00,0.3173294225704808
2018-06-10 08:48:00,0.24216388115598875
2018-06-10 08:51:00,0.14034177017344973
2018-06-10 08:54:00,0.18744111214743953
2018-06-10 08:57:00,0.08803619612581315
2018-06-10 09:00:00,0.0813692764891698
2018-06-10 09:03:00,0.13637690571414396
2018-06-10 09:06:00,0.1826971228798584
2018-06-10 09:09:00,0.0961483328843542
2018-06-10 09:12:00,0.08539426817787898
2018-06-10 09:15:00,0.10944350003757108
2018-06-10 09:18:00,0.1359319243620689
2018-06-10 09:21:00,0.072495540642592
2018-06-10 09:24:00,0.033593032835767644
2018-06-10 09:27:00,0.08653884126209732
2018-06-10 09:30:00,0.09105244835217263
2018-06-10 09:33:00,1.9591785246575455e-05
2018-06-10 09:36:00,0.010205034801685997
2018-06-10 09:39:00,0.048995669789690055
2018-06-10 09:42:00,0.07278788859946417
2018-06-10 09:45:00,0.07409753189710955
2018-06-10 09:48:00,-0.024331277502597004
2018-06-10 09:51:00,0.12208485642310052
2018-06-10 09:54:00,-0.005956178476367313
2018-06-10 09:57:00,0.022619177361605125
2018-06-10 10:00:00,0.013870681720561606
2018-06-10 10:03:00,0.027548227275246973
2018-06-10 10:06:00,0.003066404639753273
2018-06-10 10:09:00,0.038759804839287426
2018-06-10 10:12:00,0.11125910507075787
2018-06-10 10:15:00,0.07985420341907457
2018-06-10 10:18:00,0.05264883175300383
2018-06-10 10:21:00,-0.00174008883851684
2018-06-10 10:24:00,-0.003959182129733563
2018-06-10 10:27:00,0.07959305542169659
2018-06-10 10:30:00,0.018807408724967445
2018-06-10 10:33:00,0.13562655440000526
2018-06-10 10:36:00,0.028321372880498075
2018-06-10 10:39:00,-0.012797707427239402
2018-06-10 10:42:00,-0.028216097924712358
2018-06-10 10:45:00,0.010561304024633955
2018-06-10 10:48:00,-0.03926024742253276
2018-06-10 10:51:00,-0.10116353149476254
2018-06-10 10:54:00,-0.09805948039104351
2018-06-10 10:57:00,0.12045152254131608
2018-06-10 11:00:00,-0.04932637193837763
2018-06-10 11:03:00,0.00871769561013025
2018-06-10 11:06:00,-0.06639782967062047
2018-06-10 11:09:00,0.013041849452292809
2018-06-10 11:12:00,0.012455379845107473
2018-06-10 11:15:00,0.004809828010252204
2018-06-10 11:18:00,-0.0034759395592232067
2018-06-10 11:21:00,0.004376873102785339
2018-06-10 11:24:00,0.039605384212393346
2018-06-10 11:27:00,0.0285549092334918
2018-06-10 11:30:00,-0.030501933295511208
2018-06-10 11:33:00,-0.10458758697666326
2018-06-10 11:36:00,0.041456131294012266
2018-06-10 11:39:00,-0.040945143506860404
2018-06-10 11:42:00,-0.029014228594292035
2018-06-10 11:45:00,-0.05582922029987003
2018-06-10 11:48:00,0.018851881777322888
2018-06-10 11:51:00,-0.07347599952851169
2018-06-10 11:54:00,-0.006774687342328889
2018-06-10 11:57:00,0.06340664837517807
2018-06-10 12:00:00,-0.09179738234058732
2018-06-10 12:03:00,-0.03366990126380642
2018-06-10 12:06:00,0.09548173267603488
2018-06-10 12:09:00,0.011503694784551044
2018-06-10 12:12:00,-0.057580413873438374
2018-06-10 12:15:00,-0.09921093591731278
2018-06-10 12:18:00,0.03383113660828485
2018-06-10 12:21:00,0.04780118904244546
2018-06-10 12:24:00,0.021305126624724835
2018-06-10 12:27:00,-0.1790643255469604
2018-06-10 12:30:00,-0.11920545194101351
2018-06-10 12:33:00,-0.20892921708258427
2018-06-10 12:36:00,-0.08070646603482601
2018-06-10 12:39:00,-0.10998523498426493
2018-06-10 12:42:00,0.01930898555923477
2018-06-10 12:45:00,0.04462270440598104
2018-06-10 12:48:00,-0.17730226447110908
2018-06-10 12:51:00,-0.043252460859605435
2018-06-10 12:54:00,-0.2015463642086388
2018-06-10 12:57:00,-0.11009001767564541
2018-06-10 13:00:00,-0.04977793721826629
2018-06-10 13:03:00,-0.10766371779487827
2018-06-10 13:06:00,-0.08704207582678691
2018-06-10 13:09:00,-0.13078215764227252
2018-06-10 13:12:00,-0.14349106057426297
2018-06-10 13:15:00,-0.10507531064502018
2018-06-10 13:18:00,-0.22165656385419652
2018-06-10 13:21:00,-0.16837744619243722
2018-06-10 13:24:00,-0.10918595838171541
2018-06-10 13:27:00,-0.23434780792109677
2018-06-10 13:30:00,-0.34949233734840846
2018-06-10 13:33:00,-0.19738111897953559
2018-06-10 13:36:00,-0.1705687785323562
2018-06-10 13:39:00,-0.10514918321439382
2018-06-10 13:42:00,-0.1271897450926076
2018-06-10 13:45:00,-0.1979522485638654
2018-06-10 13:48:00,-0.055913015088776774
2018-06-10 13:51:00,-0.13817610639858913
2018-06-10 13:54:00,-0.002517231994602298
2018-06-10 13:57:00,0.020643367782497535
2018-06-10 14:00:00,-0.09043727852815664
2018-06-10 14:03:00,-0.1348483952094739
2018-06-10 14:06:00,0.07429616591883814
2018-06-10 14:09:00,-0.020197909193882424
2018-06-10 14:12:00,-0.04565083412472859
2018-06-10 14:15:00,-0.036775667589040495
2018-06-10 14:18:00,-0.08784020947985027
2018-06-10 14:21:00,-0.08790368253977476
2018-06-10 14:24:00,-0.13447173763887577
2018-06-10 14:27:00,-0.2030375244345919
2018-06-10 14:30:00,-0.00891747264586229
2018-06-10 14:33:00,-0.0754801632289741
2018-06-10 14:36:00,0.040639996160450664
2018-06-10 14:39:00,0.11166481342644374
2018-06-10 14:42:00,-0.0013991495393952391
2018-06-10 14:45:00,-0.0010095358646253771
2018-06-10 14:48:00,0.04682512821335649
2018-06-10 14:51:00,-0.007221120817575866
2018-06-10 14:54:00,-0.05625580903080163
2018-06-10 14:57:00,0.192222029621405
2018-06-10 15:00:00,0.11725257448244975
2018-06-10 15:03:00,0.19347365203589106
2018-06-10 15:06:00,0.15078835196368345
2018-06-10 15:09:00,-0.005187367651330987
2018-06-10 15:12:00,0.007278767155639798
2018-06-10 15:15:00,0.15181251702637155
2018-06-10 15:18:00,0.009868796995476714
2018-06-10 15:21:00,-0.07486314835961139
2018-06-10 15:24:00,-0.0980575411783775
2018-06-10 15:27:00,-0.008876801702456305
2018-06-10 15:30:00,-0.01745747797747299
2018-06-10 15:33:00,0.13352117216800252
2018-06-10 15:36:00,-0.021677658850990156
2018-06-10 15:39:00,0.01573951951519348
2018-06-10 15:42:00,-0.015510506005227853
2018-06-10 15:45:00,0.16809092242624502
2018-06-10 15:48:00,0.0755280858014089
2018-06-10 15:51:00,0.02945040234527596
2018-06-10 15:54:00,-0.0558750671586381
2018-06-10 15:57:00,0.09143392646984694
2018-06-10 16:00:00,-0.07291253032065015
2018-06-10 16:03:00,-0.052838532891371415
2018-06-10 16:06:00,0.0036740835556088314
2018-06-10 16:09:00,-0.11288824719849799
2018-06-10 16:12:00,-0.20553865738725108
2018-06-10 16:15:00,-0.19646762469301393
2018-06-10 16:18:00,-0.17132590595230113
2018-06-10 16:21:00,-0.09522654629427052
2018-06-10 16:24:00,0.08131701097443056
2018-06-10 16:27:00,0.18738936539665474
2018-06-10 16:30:00,0.21814025552941985
2018-06-10 16:33:00,0.2984076342723938
2018-06-10 16:36:00,0.2526387735937874
2018-06-10 16:39:00,0.22472479665759693
2018-06-10 16:42:00,0.3683751661963015
2018-06-10 16:45:00,0.2472137796014522
2018-06-10 16:48:00,0.17110010009230336
2018-06-10 16:51:00,0.11777230129996497
2018-06-10 16:54:00,-0.016477906478939985
2018-06-10 16:57:00,-0.09417175733835847
2018-06-10 17:00:00,-0.03663884401271389
2018-06-10 17:03:00,0.024849004555051124
2018-06-10 17:06:00,0.09055600560270705
2018-06-10 17:09:00,0.20546270102812514
2018-06-10 17:12:00,0.15342004258218367
2018-06-10 17:15:00,-0.0669011803429953
2018-06-10 17:18:00,-0.030408446239448494
2018-06-10 17:21:00,0.07713567126086218
2018-06-10 17:24:00,0.06583393434971185
2018-06-10 17:27:00,-0.013377632091874148
2018-06-10 17:30:00,0.11593751395935215
2018-06-10 17:33:00,0.09517367462950688
2018-06-10 17:36:00,0.04090802144924055
2018-06-10 17:39:00,0.07783079295734296
2018-06-10 17:42:00,0.03150846725543488
2018-06-10 17:45:00,0.16865334261899534
2018-06-10 17:48:00,0.18953776831688174
2018-06-10 17:51:00,0.11067425411835075
2018-06-10 17:54:00,0.0871685878041717
2018-06-10 17:57:00,0.00548648359733761
2018-06-10 18:00:00,0.12931359624968763
2018-06-10 18:03:00,0.06242173805043194
2018-06-10 18:06:00,0.05735192155992763
2018-06-10 18:09:00,0.13471281926632628
2018-06-10 18:12:00,0.15233649515334946
2018-06-10 18:15:00,0.11395682093780124
2018-06-10 18:18:00,0.1691581314229893
2018-06-10 18:21:00,0.21524125981125053
2018-06-10 18:24:00,0.038261260583624335
2018-06-10 18:27:00,0.08398547311071525
2018-06-10 18:30:00,-0.009472600227070416
2018-06-10 18:33:00,0.11668669162440892
2018-06-10 18:36:00,0.0667447740542002
2018-06-10 18:39:00,0.08158291779687943
2018-06-10 18:42:00,0.10507945311798039
2018-06-10 18:45:00,0.04606903010591168
2018-06-10 18:48:00,0.06825535957528928
2018-06-10 18:51:00,0.046315188667563234
2018-06-10 18:54:00,
2018-06-10 18:57:00,
2018-06-10 19:00:00,
2018-06-10 19:03:00,0.06695288107812303
2018-06-10 19:06:00,0.029253389675602648
2018-06-10 19:09:00,-0.05589736887822028
2018-06-10 19:12:00,0.04320775081265538
2018-06-10 19:15:00,0.006059162797726003
2018-06-10 19:18:00,0.09532000244337269
2018-06-10 19:21:00,0.021357851265861427
2018-06-10 19:24:00,-0.07847396039483101
2018-06-10 19:27:00,0.08026196530909147
2018-06-10 19:30:00,0.013031642437283608
2018-06-10 19:33:00,0.045727896955156666
2018-06-10 19:36:00,0.09854488262720906
2018-06-10 19:39:00,0.1349225586874354
2018-06-10 19:42:00,0.1619992793658298
2018-06-10 19:45:00,0.06481045657199047
2018-06-10 19:48:00,0.03448829353004612
2018-06-10 19:51:00,0.19805744000564118
2018-06-10 19:54:00,0.19372908951328327
2018-06-10 19:57:00,0.17973538768779918
2018-06-10 20:00:00,0.06224351194384781
2018-06-10 20:03:00,0.15208535784051946
2018-06-10 20:06:00,0.11455178045065395
2018-06-10 20:09:00,0.15163711084500164
2018-06-10 20:12:00,0.11114613644002702
2018-06-10 20:15:00,0.11635070951820126
2018-06-10 20:18:00,0.08076243239179348
2018-06-10 20:21:00,0.10655494154383405
2018-06-10 20:24:00,0.1209968164117754
2018-06-10 20:27:00,0.15118695373513447
2018-06-10 20:30:00,0.11178868504794082
2018-06-10 20:33:00,0.14435819478853773
2018-06-10 20:36:00,0.09871797423090811
2018-06-10 20:39:00,0.15637345402069514
2018-06-10 20:42:00,0.1275255235365762
2018-06-10 20:45:00,0.15548057157582207
2018-06-10 20:48:00,0.13880259740693646
2018-06-10 20:51:00,0.10264660437388784
2018-06-10 20:54:00,0.14644849198106158
2018-06-10 20:57:00,0.2030826417082494
2018-06-10 21:00:00,0.11254232460697722
2018-06-10 21:03:00,0.26025584302738025
2018-06-10 21:06:00,0.11853073617243126
2018-06-10 21:09:00,0.12208349980409139
2018-06-10 21:12:00,0.20616651840566647
2018-06-10 21:15:00,0.1946236874113083
2018-06-10 21:18:00,0.21964096873688277
2018-06-10 21:21:00,0.16163723138578234
2018-06-10 21:24:00,0.17331351603797884
2018-06-10 21:27:00,0.254700783295732
2018-06-10 21:30:00,0.2085471843415121
2018-06-10 21:33:00,0.21022249596114762
2018-06-10 21:36:00,0.19198538094173045
2018-06-10 21:39:00,0.19672043304660747
2018-06-10 21:42:00,0.18794867273578575
2018-06-10 21:45:00,0.25197895019357475
2018-06-10 21:48:00,0.14544382097261632
2018-06-10 21:51:00,0.23884709124712344
2018-06-10 21:54:00,0.2616315165469132
2018-06-10 21:57:00,0.2723845310779893
2018-06-10 22:00:00,0.3285625756867603
2018-06-10 22:03:00,0.25952924795376475
2018-06-10 22:06:00,0.32421319295735884
2018-06-10 22:09:00,0.30662610206877616
2018-06-10 22:12:00,0.20531830369992576
2018-06-10 22:15:00,0.29901179419499613
2018-06-10 22:18:00,0.3812785761791133
2018-06-10 22:21:00,0.31758388370008106
2018-06-10 22:24:00,0.34651257630054033
2018-06-10 22:27:00,0.4311561354018636
2018-06-10 22:30:00,0.3762569595502896
2018-06-10 22:33:00,0.27560440437935085
2018-06-10 22:36:00,0.2744061625042491
2018-06-10 22:39:00,0.3910703370389115
2018-06-10 22:42:00,0.36568104680696933
2018-06-10 22:45:00,0.19902693302816488
2018-06-10 22:48:00,0.3961151796434592
2018-06-10 22:51:00,0.3440767783712886
2018-06-10 22:54:00,0.30183806682754266
2018-06-10 22:57:00,0.3281641557042576
2018-06-10 23:00:00,0.3236854177533246
2018-06-10 23:03:00,0.40051831771745583
2018-06-10 23:06:00,0.31165719807177084
2018-06-10 23:09:00,0.3873817451332684
2018-06-10 23:12:00,0.27714097280573924
2018-06-10 23:15:00,0.3476283467821304
2018-06-10 23:18:00,0.29820755672670884
2018-06-10 23:21:00,0.36367399605870787
2018-06-10 23:24:00,0.2467717869074022
2018-06-10 23:27:00,0.20517299708762948
2018-06-10 23:30:00,0.32679469114975745
2018-06-10 23:33:00,0.27215972222518303
2018-06-10 23:36:00,0.3257069201064837
2018-06-10 23:39:00,0.4320901878741097
2018-06-10 23:42:00,0.34129834476186716
2018-06-10 23:45:00,0.32852052739440296
2018-06-10 23:48:00,0.32085040603573134
2018-06-10 23:51:00,0.3587879308230413
2018-06-10 23:54:00,0.34434770911218493
2018-06-10 23:57:00,0.27348681505196737
2018-06-11 00:00:00,0.33004144414843495
2018-06-11 00:03:00,0.4185255104669068
2018-06-11 00:06:00,0.297980350210878
2018-06-11 00:09:00,0.24307948590569595
2018-06-11 00:12:00,0.27711016168871083
2018-06-11 00:15:00,0.2659272516257829
2018-06-11 00:18:00,0.3598560611378048
2018-06-11 00:21:00,0.37781436877997976
2018-06-11 00:24:00,0.274493486140841
2018-06-11 00:27:00,0.31308211005074327
2018-06-11 00:30:00,0.35813015860975383
2018-06-11 00:33:00,0.3895011674197235
2018-06-11 00:36:00,0.31453859771016823
2018-06-11 00:39:00,0.2698876374354313
2018-06-11 00:42:00,0.4175975941213892
2018-06-11 00:45:00,0.35002870450608725
2018-06-11 00:48:00,0.30835917971580784
2018-06-11 00:51:00,0.26647826331333135
2018-06-11 00:54:00,0.4032477423743899
2018-06-11 00:57:00,0.4094833606362158
2018-06-11 01:00:00,0.3950512627125704
2018-06-11 01:03:00,0.3586701240541288
2018-06-11 01:06:00,0.3296404484810296
2018-06-11 01:09:00,0.3877639945677629
2018-06-11 01:12:00,0.2555393251412852
2018-06-11 01:15:00,0.3580251637397396
2018-06-11 01:18:00,0.4327829642241454
2018-06-11 01:21:00,0.40484750387793156
2018-06-11 01:24:00,0.4054744105040413
2018-06-11 01:27:00,0.3051463100474052
2018-06-11 01:30:00,0.508550422239523
2018-06-11 01:33:00,0.4343910746418942
2018-06-11 01:36:00,0.38227826014241373
2018-06-11 01:39:00,0.3914501961784822
2018-06-11 01:42:00,0.46149609921656065
2018-06-11 01:45:00,0.3560263371435326
2018-06-11 01:48:00,0.3458078615128102
2018-06-11 01:51:00,0.3825105308152956
2018-06-11 01:54:00,0.2425840471668721
2018-06-11 01:57:00,0.4184450801735693
2018-06-11 02:00:00,0.3957242825427443
2018-06-11 02:03:00,0.36059518408546865
2018-06-11 02:06:00,0.3301511490047915
2018-06-11 02:09:00,0.3416973443368647
2018-06-11 02:12:00,0.3165184541392705
2018-06-11 02:15:00,0.34649665047129474
2018-06-11 02:18:00,0.38548076019895916
2018-06-11 02:21:00,0.39995545806596056
2018-06-11 02:24:00,0.3663037050769731
2018-06-11 02:27:00,0.38358069078481094
2018-06-11 02:30:00,0.4030985671702183
2018-06-11 02:33:00,0.2799292104958795
2018-06-11 02:36:00,0.3218955831566177
2018-06-11 02:39:00,0.3402911525127479
2018-06-11 02:42:00,0.3431760199171663
2018-06-11 02:45:00,0.43607848526670523
2018-06-11 02:48:00,0.3456391303749342
2018-06-11 02:51:00,0.31155763485622856
2018-06-11 02:54:00,0.3797687385612676
2018-06-11 02:57:00,0.2984172427365479
2018-06-11 03:00:00,0.40837988341826303
2018-06-11 03:03:00,0.39276150891947736
2018-06-11 03:06:00,0.31734901032143625
2018-06-11 03:09:00,0.2891585187403507
2018-06-11 03:12:00,0.32550379089246917
2018-06-11 03:15:00,0.3479626701028451
2018-06-11 03:18:00,0.280797822363013
2018-06-11 03:21:00,0.31291038421176154
2018-06-11 03:24:00,0.4618766279634201
2018-06-11 03:27:00,0.4756683599139251
2018-06-11 03:30:00,0.2751158317694262
2018-06-11 03:33:00,0.31319807511420095
2018-06-11 03:36:00,0.44439244015569557
2018-06-11 03:39:00,0.40903169836019515
2018-06-11 03:42:00,0.3609983877872196
2018-06-11 03:45:00,0.3260766141000886
2018-06-11 03:48:00,0.3095750393864023
2018-06-11 03:51:00,0.39078755825477174
2018-06-11 03:54:00,0.3890755342491161
2018-06-11 03:57:00,0.2933681343492367
2018-06-11 04:00:00,0.36708740951036134
2018-06-11 04:03:00,0.3668080369362201
2018-06-11 04:06:00,0.4113708368759603
2018-06-11 04:09:00,0.30704921262275775
2018-06-11 04:12:00,0.3956037289133292
2018-06-11 04:15:00,0.4398196139096058
2018-06-11 04:18:00,0.4074221274599381
2018-06-11 04:21:00,0.3970481569443791
2018-06-11 04:24:00,0.3097464341396403
2018-06-11 04:27:00,0.3869785332030915
2018-06-11 04:30:00,0.5008736018878608
2018-06-11 04:33:00,0.45207816373908827
2018-06-11 04:36:00,0.4155769341065252
2018-06-11 04:39:00,0.4406670487642259
2018-06-11 04:42:00,0.527028111642835
2018-06-11 04:45:00,0.4557968387636606
2018-06-11 04:48:00,0.430381026582495
2018-06-11 04:51:00,0.40197824171946195
2018-06-11 04:54:00,0.46275410564271624
2018-06-11 04:57:00,0.40265031189693445
2018-06-11 05:00:00,0.5114536757054111
2018-06-11 05:03:00,0.4219249472716342
2018-06-11 05:06:00,0.431537074793539
2018-06-11 05:09:00,0.39781885373469095
2018-06-11 05:12:00,0.38406037444468666
2018-06-11 05:15:00,0.40484513531362154
2018-06-11 05:18:00,0.4845508821728117
2018-06-11 05:21:00,0.39091723701329784
2018-06-11 05:24:00,0.4653389512609465
2018-06-11 05:27:00,0.446045208693306
2018-06-11 05:30:00,0.30309065918038414
2018-06-11 05:33:00,0.49627575024942416
2018-06-11 05:36:00,0.39991570179302016
2018-06-11 05:39:00,0.5090548363222069
2018-06-11 05:42:00,0.4224576922051142
2018-06-11 05:45:00,0.4295895039440438
2018-06-11 05:48:00,0.5195058134852388
2018-06-11 05:51:00,0.5349544314196351
2018-06-11 05:54:00,0.40298404954955913
2018-06-11 05:57:00,0.46943159309847715
2018-06-11 06:00:00,0.5309249398891325
2018-06-11 06:03:00,0.40499872927046
2018-06-11 06:06:00,0.44377559595449156
2018-06-11 06:09:00,0.38962949887195464
2018-06-11 06:12:00,0.5796457785444886
2018-06-11 06:15:00,0.4898120357104858
2018-06-11 06:18:00,0.37222508017595146
2018-06-11 06:21:00,0.5230561755888061
2018-06-11 06:24:00,0.4189688255346482
2018-06-11 06:27:00,0.4617116091673097
2018-06-11 06:30:00,0.4850281785345487
2018-06-11 06:33:00,0.481751757426764
2018-06-11 06:36:00,0.5250741458090147
2018-06-11 06:39:00,0.5106845031310172
2018-06-11 06:42:00,0.4231058874844962
2018-06-11 06:45:00,0.34801594545314174
2018-06-11 06:48:00,0.4705835143237209
2018-06-11 06:51:00,0.3755857040585511
2018-06-11 06:54:00,0.4993222801658135
2018-06-11 06:57:00,0.5888649170728399
2018-06-11 07:00:00,0.5052272934324264
2018-06-11 07:03:00,0.4437054203482944
2018-06-11 07:06:00,0.47975712557712313
2018-06-11 07:09:00,0.5441504449731838
2018-06-11 07:12:00,0.44117851268845243
2018-06-11 07:15:00,0.43552081398632936
2018-06-11 07:18:00,0.5762145899480515
2018-06-11 07:21:00,0.39265873353258485
2018-06-11 07:24:00,0.38377180100837904
2018-06-11 07:27:00,0.4573740093618426
2018-06-11 07:30:00,0.4029017564751598
2018-06-11 07:33:00,0.42601191531952054
2018-06-11 07:36:00,0.47914892939098763
2018-06-11 07:39:00,0.4489937022653976
2018-06-11 07:42:00,0.4170569071710588
2018-06-11 07:45:00,0.3515497214839911
2018-06-11 07:48:00,0.4703576053267966
2018-06-11 07:51:00,0.3611235561770627
2018-06-11 07:54:00,0.3820410713051956
2018-06-11 07:57:00,0.2853000320259298
2018-06-11 08:00:00,0.3492411453053137
2018-06-11 08:03:00,0.33906058032459896
2018-06-11 08:06:00,0.3390979972394348
2018-06-11 08:09:00,0.2698318173161738
2018-06-11 08:12:00,0.2719295390074308
2018-06-11 08:15:00,0.376181880644026
2018-06-11 08:18:00,0.2584521081195703
2018-06-11 08:21:00,0.2677920459339589
2018-06-11 08:24:00,0.3330609415225467
2018-06-11 08:27:00,0.3074156205328791
2018-06-11 08:30:00,0.2552188116193861
2018-06-11 08:33:00,0.17991291056415548
2018-06-11 08:36:00,0.32467081150360855
2018-06-11 08:39:00,0.26078412133944084
2018-06-11 08:42:00,0.1994965624165843
2018-06-11 08:45:00,0.18114345102088691
2018-06-11 08:48:00,0.17982613994814756
2018-06-11 08:51:00,0.3101071981683958
2018-06-11 08:54:00,0.20984317308398204
2018-06-11 08:57:00,0.27832397643811646
2018-06-11 09:00:00,0.20881359981785863
2018-06-11 09:03:00,0.14834582062030677
2018-06-11 09:06:00,0.11584750643646657
2018-06-11 09:09:00,0.06863006786494452
2018-06-11 09:12:00,0.030393504629671497
2018-06-11 09:15:00,0.09748062051215811
2018-06-11 09:18:00,0.11148583962352632
2018-06-11 09:21:00,0.06982365502841503
2018-06-11 09:24:00,0.019414134482701684
2018-06-11 09:27:00,0.03475708779171782
2018-06-11 09:30:00,-0.0591534343311082
2018-06-11 09:33:00,0.1657226521559778
2018-06-11 09:36:00,0.0489053972295892
2018-06-11 09:39:00,0.0622969324629139
2018-06-11 09:42:00,0.004122186426570806
2018-06-11 09:45:00,-0.032847488973231975
2018-06-11 09:48:00,0.048070537376702305
2018-06-11 09:51:00,0.11093230122173736
2018-06-11 09:54:00,0.07908427119980388
2018-06-11 09:57:00,0.017900940931099285
2018-06-11 10:00:00,0.028694865314776052
2018-06-11 10:03:00,-0.04891803685478635
2018-06-11 10:06:00,-0.011826628508458725
2018-06-11 10:09:00,0.06383140419427491
2018-06-11 10:12:00,0.04150564198062057
2018-06-11 10:15:00,-0.08802917774920616
2018-06-11 10:18:00,0.01608683862326643
2018-06-11 10:21:00,0.09039270293880008
2018-06-11 10:24:00,-0.1033528683080931
2018-06-11 10:27:00,-0.006039935813248576
2018-06-11 10:30:00,-0.01730674301632007
2018-06-11 10:33:00,-0.0004481427858991083
2018-06-11 10:36:00,-0.1130675674178292
2018-06-11 10:39:00,0.02256856298185994
2018-06-11 10:42:00,-0.06629707510256821
2018-06-11 10:45:00,-0.06415177441755304
2018-06-11 10:48:00,-0.19961915286717158
2018-06-11 10:51:00,-0.194992434504627
2018-06-11 10:54:00,0.01673070770510776
2018-06-11 10:57:00,-0.031714313062423116
2018-06-11 11:00:00,-0.10627750338647957
2018-06-11 11:03:00,-0.05757840685936344
2018-06-11 11:06:00,-0.18155344132492246
2018-06-11 11:09:00,-0.2934733791007602
2018-06-11 11:12:00,-0.10685399466825629
2018-06-11 11:15:00,-0.13180272241862667
2018-06-11 11:18:00,-0.17152680484446137
2018-06-11 11:21:00,-0.10280557181238237
2018-06-11 11:24:00,-0.15647537560278124
2018-06-11 11:27:00,-0.10808040231006544
2018-06-11 11:30:00,-0.20294112252781815
2018-06-11 11:33:00,-0.13043904499028258
2018-06-11 11:36:00,-0.2995938929575459
2018-06-11 11:39:00,-0.2798023947238448
2018-06-11 11:42:00,-0.0971184227535673
2018-06-11 11:45:00,-0.1799194717464161
2018-06-11 11:48:00,-0.09283246730848305
2018-06-11 11:51:00,-0.055052010924441674
2018-06-11 11:54:00,-0.17103113712374807
2018-06-11 11:57:00,-0.061922852123416305
2018-06-11 12:00:00,-0.19628711335553817
2018-06-11 12:03:00,-0.2574034861499399
2018-06-11 12:06:00,-0.15344697894124693
2018-06-11 12:09:00,-0.19452665047566597
2018-06-11 12:12:00,-0.12056240806236929
2018-06-11 12:15:00,-0.2521637568295887
2018-06-11 12:18:00,-0.19427132779196654
2018-06-11 12:21:00,-0.2152378627808389
2018-06-11 12:24:00,-0.23269304573364025
2018-06-11 12:27:00,-0.22184953998714718
2018-06-11 12:30:00,-0.09002775139629193
2018-06-11 12:33:00,-0.037678989254402495
2018-06-11 12:36:00,-0.0366778615491512
2018-06-11 12:39:00,-0.1621934727385792
2018-06-11 12:42:00,-0.0550266055602151
2018-06-11 12:45:00,-0.11156311768138494
2018-06-11 12:48:00,-0.05065525082483191
2018-06-11 12:51:00,-0.06311087347398825
2018-06-11 12:54:00,-0.0017815776312772869
2018-06-11 12:57:00,-0.1159591411090446
2018-06-11 13:00:00,-0.07864488193888519
2018-06-11 13:03:00,-0.12167503827646442
2018-06-11 13:06:00,-0.13089539550850304
2018-06-11 13:09:00,-0.061036292601784226
2018-06-11 13:12:00,-0.14326974255652658
2018-06-11 13:15:00,-0.1893834960869185
2018-06-11 13:18:00,-0.18070447351863095
2018-06-11 13:21:00,-0.09971381715718053
2018-06-11 13:24:00,-0.037549259236072885
2018-06-11 13:27:00,-0.19530200859605884
2018-06-11 13:30:00,-0.1732637895261746
2018-06-11 13:33:00,-0.16124969387681176
2018-06-11 13:36:00,-0.08073654252979168
2018-06-11 13:39:00,-0.18493344239186627
2018-06-11 13:42:00,-0.10719740296508462
2018-06-11 13:45:00,-0.12109834137430653
2018-06-11 13:48:00,-0.007184413474135454
2018-06-11 13:51:00,-0.13572821056021667
2018-06-11 13:54:00,-0.13321913618307235
2018-06-11 13:57:00,-0.03303336416672664
2018-06-11 14:00:00,0.010499443125695507
2018-06-11 14:03:00,0.015755346701212147
2018-06-11 14:06:00,-0.08320654011322404
2018-06-11 14:09:00,0.17946807774700346
2018-06-11 14:12:00,0.2920110343896454
2018-06-11 14:15:00,0.15722410962735012
2018-06-11 14:18:00,0.031218545745730353
2018-06-11 14:21:00,-0.018371498746716952
2018-06-11 14:24:00,-0.036176646789726874
2018-06-11 14:27:00,-0.14980310340922642
2018-06-11 14:30:00,-0.04420254442482019
2018-06-11 14:33:00,-0.09268318137321785
2018-06-11 14:36:00,-0.08389999557294914
2018-06-11 14:39:00,-0.08261041561672755
2018-06-11 14:42:00,-0.19011796768347722
2018-06-11 14:45:00,-0.09500325631614714
2018-06-11 14:48:00,-0.09022776059936177
2018-06-11 14:51:00,-0.11512609159183285
2018-06-11 14:54:00,-0.24223789999416567
2018-06-11 14:57:00,-0.10142057683333405
2018-06-11 15:00:00,-0.14235061569814889
2018-06-11 15:03:00,-0.2632145267106125
2018-06-11 15:06:00,-0.22742479675741833
2018-06-11 15:09:00,-0.29704296600533553
2018-06-11 15:12:00,-0.26084984246489284
2018-06-11 15:15:00,-0.2558481300690687
2018-06-11 15:18:00,-0.13310225020956068
2018-06-11 15:21:00,-0.29728645862195435
2018-06-11 15:24:00,-0.23683698852744328
2018-06-11 15:27:00,-0.08454169650764243
2018-06-11 15:30:00,-0.06840068091742069
2018-06-11 15:33:00,-0.09048417196896708
2018-06-11 15:36:00,-0.06987857315886004
2018-06-11 15:39:00,-0.10060963644940557
2018-06-11 15:42:00,-0.07481127147912048
2018-06-11 15:45:00,0.025221072087845187
2018-06-11 15:48:00,0.08943416129960724
2018-06-11 15:51:00,0.13169216204335044
2018-06-11 15:54:00,0.06819478043354366
2018-06-11 15:57:00,0.09979033779075053
2018-06-11 16:00:00,0.26386294024428025
2018-06-11 16:03:00,0.35896163311485907
2018-06-11 16:06:00,0.2443494662674084
2018-06-11 16:09:00,0.3670238202321343
2018-06-11 16:12:00,0.33965137084243224
2018-06-11 16:15:00,0.4752308178383373
2018-06-11 16:18:00,0.1605754001891455
2018-06-11 16:21:00,0.314422451230314
2018-06-11 16:24:00,0.3934622017632705
2018-06-11 16:27:00,0.3407280814263913
2018-06-11 16:30:00,0.3384501202410206
2018-06-11 16:33:00,0.45728583555001023
2018-06-11 16:36:00,0.3383658261707865
2018-06-11 16:39:00,0.20317501067745525
2018-06-11 16:42:00,0.10448252007643077
2018-06-11 16:45:00,-0.011004066981854521
2018-06-11 16:48:00,0.047063007658323386
2018-06-11 16:51:00,0.056325599386241265
2018-06-11 16:54:00,0.0011701868759814715
2018-06-11 16:57:00,0.0007777490214948557
2018-06-11 17:00:00,0.010056769476705085
2018-06-11 17:03:00,0.020348712521865764
2018-06-11 17:06:00,0.17664088622484542
2018-06-11 17:09:00,0.1757665475953445
2018-06-11 17:12:00,0.030737336787638014
2018-06-11 17:15:00,0.12014513023012796
2018-06-11 17:18:00,-0.04471573236395443
2018-06-11 17:21:00,0.021068073606159032
2018-06-11 17:24:00,0.10244004962754616
2018-06-11 17:27:00,-0.026348433645694058
2018-06-11 17:30:00,0.03039631072181237
2018-06-11 17:33:00,0.0008612343080471874
2018-06-11 17:36:00,0.07031107917981672
2018-06-11 17:39:00,0.0034436943468563186
2018-06-11 17:42:00,0.010170373699850188
2018-06-11 17:45:00,-0.05267152315519752
2018-06-11 17:48:00,-0.009735899234158296
2018-06-11 17:51:00,0.022858323352181742
2018-06-11 17:54:00,0.05541288684889878
2018-06-11 17:57:00,0.1006210380273842
2018-06-11 18:00:00,-0.04016368065890674
2018-06-11 18:03:00,0.006763046685875906
2018-06-11 18:06:00,0.06292048999318922
2018-06-11 18:09:00,0.07306349100088028
2018-06-11 18:12:00,0.12643502765297399
2018-06-11 18:15:00,0.08501789959541384
2018-06-11 18:18:00,0.21389869725322797
2018-06-11 18:21:00,0.013598804811920218
2018-06-11 18:24:00,0.13110830697007714
2018-06-11 18:27:00,0.06761297265154553
2018-06-11 18:30:00,0.1282782624708716
2018-06-11 18:33:00,0.10485251759621406
2018-06-11 18:36:00,0.17756416489271487
2018-06-11 18:39:00,0.22075436895175926
2018-06-11 18:42:00,0.010714030054600698
2018-06-11 18:45:00,0.17279797382121842
2018-06-11 18:48:00,0.16859517352116882
2018-06-11 18:51:00,0.18323800301652682
2018-06-11 18:54:00,0.11795842310635862
2018-06-11 18:57:00,
2018-06-11 19:00:00,
2018-06-11 19:03:00,
2018-06-11 19:06:00,0.2848042621326954
2018-06-11 19:09:00,0.15707039007884305
2018-06-11 19:12:00,0.2931634759095232
2018-06-11 19:15:00,0.2400892798438008
2018-06-11 19:18:00,0.2042206224833194
2018-06-11 19:21:00,0.2261674908759801
2018-06-11 19:24:00,0.11129307247080078
2018-06-11 19:27:00,0.13585680388331411
2018-06-11 19:30:00,0.17112069301344945
2018-06-11 19:33:00,0.11962490018993321
2018-06-11 19:36:00,0.05173970584758081
2018-06-11 19:39:00,0.2149791172163873
2018-06-11 19:42:00,0.291902644966342
2018-06-11 19:45:00,0.23570272668905545
2018-06-11 19:48:00,0.09617417848784271
2018-06-11 19:51:00,0.19985675717606455
2018-06-11 19:54:00,0.28938795092108194
2018-06-11 19:57:00,0.14932764644237295
2018-06-11 20:00:00,0.30644951048378744
2018-06-11 20:03:00,0.11656716863592465
2018-06-11 20:06:00,0.19409942345174613
2018-06-11 20:09:00,0.30126410245259194
2018-06-11 20:12:00,0.33604885148480435
2018-06-11 20:15:00,0.319309591433921
2018-06-11 20:18:00,0.28526933865663295
2018-06-11 20:21:00,0.26979568979601254
2018-06-11 20:24:00,0.26090728715666955
2018-06-11 20:27:00,0.37232646657065516
2018-06-11 20:30:00,0.6392412426365581
2018-06-11 20:33:00,0.5981726893277255
2018-06-11 20:36:00,0.5874499442901993
2018-06-11 20:39:00,0.5755690556574677
2018-06-11 20:42:00,0.5121864098267679
2018-06-11 20:45:00,0.33293282382925327
2018-06-11 20:48:00,0.31109357823294204
2018-06-11 20:51:00,0.5010547479167258
2018-06-11 20:54:00,0.45145875518477396
2018-06-11 20:57:00,0.31119530344244595
2018-06-11 21:00:00,0.2886198570852798
2018-06-11 21:03:00,0.09002112350640346
2018-06-11 21:06:00,0.15856269255357347
2018-06-11 21:09:00,0.2735257264350821
2018-06-11 21:12:00,0.25253881392080757
2018-06-11 21:15:00,0.22755324755308948
2018-06-11 21:18:00,0.23309090437703617
2018-06-11 21:21:00,0.24468347745317942
2018-06-11 21:24:00,0.24722444614582173
2018-06-11 21:27:00,0.22189920439205935
2018-06-11 21:30:00,0.16782816688640878
2018-06-11 21:33:00,0.18437844340388665
2018-06-11 21:36:00,0.2641164007264365
2018-06-11 21:39:00,0.3657567123418062
2018-06-11 21:42:00,0.2680311618722726
2018-06-11 21:45:00,0.3406341640458095
2018-06-11 21:48:00,0.2754952765015446
2018-06-11 21:51:00,0.2640033151564012
2018-06-11 21:54:00,0.23469198926193258
2018-06-11 21:57:00,0.24765929970357092
2018-06-11 22:00:00,0.08837679037304724
2018-06-11 22:03:00,0.16149619820350836
2018-06-11 22:06:00,0.2547098382358399
2018-06-11 22:09:00,0.37242070707600305
2018-06-11 22:12:00,0.36689005357561655
2018-06-11 22:15:00,0.21671657571368996
2018-06-11 22:18:00,0.32144605738545806
2018-06-11 22:21:00,0.363657961015349
2018-06-11 22:24:00,0.28049462671998526
2018-06-11 22:27:00,0.38202997681406714
2018-06-11 22:30:00,0.3583514098100977
2018-06-11 22:33:00,0.3614264675792924
2018-06-11 22:36:00,0.4531032861438007
2018-06-11 22:39:00,0.4380543089689013
2018-06-11 22:42:00,0.49907459494272643
2018-06-11 22:45:00,0.5289870667602941
2018-06-11 22:48:00,0.5664258960287611
2018-06-11 22:51:00,0.4326136482135894
2018-06-11 22:54:00,0.3898615840619186
2018-06-11 22:57:00,0.3639975399617583
2018-06-11 23:00:00,0.4092680189340854
2018-06-11 23:03:00,0.35453912094789075
2018-06-11 23:06:00,0.42662327579228077
2018-06-11 23:09:00,0.4403969019126066
2018-06-11 23:12:00,0.49622232278733236
2018-06-11 23:15:00,0.47831528893556197
2018-06-11 23:18:00,0.4898692628368053
2018-06-11 23:21:00,0.47487676184488237
2018-06-11 23:24:00,0.5385787697694013
2018-06-11 23:27:00,0.4700572743274165
2018-06-11 23:30:00,0.443460792602707
2018-06-11 23:33:00,0.44812285402502994
2018-06-11 23:36:00,0.48841611269705254
2018-06-11 23:39:00,0.47499551710421883
2018-06-11 23:42:00,0.4081949025327276
2018-06-11 23:45:00,0.45111680825721123
2018-06-11 23:48:00,0.5226745403729751
2018-06-11 23:51:00,0.4861944012263848
2018-06-11 23:54:00,0.43140710898364887
2018-06-11 23:57:00,0.48817445474077203
2018-06-12 00:00:00,0.4780480538501024
2018-06-12 00:03:00,0.4624992273053863
2018-06-12 00:06:00,0.5468769467962602
2018-06-12 00:09:00,0.4996192582054846
2018-06-12 00:12:00,0.41999071252479325
2018-06-12 00:15:00,0.4299747046845823
2018-06-12 00:18:00,0.5001273855441468
2018-06-12 00:21:00,0.407935118425371
2018-06-12 00:24:00,0.567074390340224
2018-06-12 00:27:00,0.3531440093356082
2018-06-12 00:30:00,-0.5012091758949282
2018-06-12 00:33:00,0.4961960699006909
2018-06-12 00:36:00,0.4917752137027378
2018-06-12 00:39:00,0.5135324623890938
2018-06-12 00:42:00,0.5044200051884218
2018-06-12 00:45:00,0.41775836100060815
2018-06-12 00:48:00,0.45173602674947233
2018-06-12 00:51:00,0.4708312758597799
2018-06-12 00:54:00,0.4293043547601769
2018-06-12 00:57:00,0.4774548037311206
2018-06-12 01:00:00,0.4450155951774377
2018-06-12 01:03:00,0.427809923472239
2018-06-12 01:06:00,0.46737544781109364
2018-06-12 01:09:00,0.4735841143083235
2018-06-12 01:12:00,0.5294526703485758
2018-06-12 01:15:00,0.4248697958411185
2018-06-12 01:18:00,0.5784526236074612
2018-06-12 01:21:00,0.6131678282468442
2018-06-12 01:24:00,0.6082026410568346
2018-06-12 01:27:00,0.5712097182264984
2018-06-12 01:30:00,0.6163127747570343
2018-06-12 01:33:00,0.5995325635288395
2018-06-12 01:36:00,0.6299253175106401
2018-06-12 01:39:00,0.6114777962008588
2018-06-12 01:42:00,0.6283736926863526
2018-06-12 01:45:00,0.479368647846627
2018-06-12 01:48:00,0.5680132455489684
2018-06-12 01:51:00,0.4871226806958475
2018-06-12 01:54:00,0.49444201756517714
2018-06-12 01:57:00,0.3743818060699482
2018-06-12 02:00:00,0.5154518241958499
2018-06-12 02:03:00,0.46566002767491455
2018-06-12 02:06:00,0.5304211005729371
2018-06-12 02:09:00,0.4833697415440952
2018-06-12 02:12:00,0.4062530773077242
2018-06-12 02:15:00,0.5914779229398164
2018-06-12 02:18:00,0.5876056194330772
2018-06-12 02:21:00,0.6714729275458353
2018-06-12 02:24:00,0.4867079231765956
2018-06-12 02:27:00,0.5531468589833821
2018-06-12 02:30:00,0.5015687842497982
2018-06-12 02:33:00,0.3625455233505477
2018-06-12 02:36:00,0.5483107535226281
2018-06-12 02:39:00,0.49782266993719304
2018-06-12 02:42:00,0.4274480510781018
2018-06-12 02:45:00,0.5501027081277243
2018-06-12 02:48:00,0.49308968763801886
2018-06-12 02:51:00,0.5496978900982867
2018-06-12 02:54:00,0.5942645212216462
2018-06-12 02:57:00,0.5712706378050711
2018-06-12 03:00:00,0.5733230702552419
2018-06-12 03:03:00,0.4905601449906385
2018-06-12 03:06:00,0.5147582616892237
2018-06-12 03:09:00,0.45518208959254025
2018-06-12 03:12:00,0.5752225920795127
2018-06-12 03:15:00,0.569716162799466
2018-06-12 03:18:00,0.4425653218002026
2018-06-12 03:21:00,0.47813207736425056
2018-06-12 03:24:00,0.4988092141635434
2018-06-12 03:27:00,0.5678516703721357
2018-06-12 03:30:00,0.5449188472243236
2018-06-12 03:33:00,0.557841755794243
2018-06-12 03:36:00,0.6021168939908534
2018-06-12 03:39:00,0.5469568927503587
2018-06-12 03:42:00,0.5178856322163483
2018-06-12 03:45:00,0.5290176031784881
2018-06-12 03:48:00,0.5241658664037345
2018-06-12 03:51:00,0.5393911527371529
2018-06-12 03:54:00,0.6413329613404812
2018-06-12 03:57:00,0.5734284665185783
2018-06-12 04:00:00,0.6223154855692883
2018-06-12 04:03:00,0.6401298391617161
2018-06-12 04:06:00,0.5964113970786116
2018-06-12 04:09:00,0.46492849754366716
2018-06-12 04:12:00,0.49273608484611486
2018-06-12 04:15:00,0.6344880112442866
2018-06-12 04:18:00,0.5803763098537615
2018-06-12 04:21:00,0.5865313623177713
2018-06-12 04:24:00,0.6425729077284927
2018-06-12 04:27:00,0.5834456525122391
2018-06-12 04:30:00,0.5296000074489484
2018-06-12 04:33:00,0.47890187840403087
2018-06-12 04:36:00,0.6021665548401529
2018-06-12 04:39:00,0.6046188511361379
2018-06-12 04:42:00,0.5808035996360559
2018-06-12 04:45:00,0.5971890398391793
2018-06-12 04:48:00,0.6528872493092308
2018-06-12 04:51:00,0.4552421777977429
2018-06-12 04:54:00,0.6042520056779495
2018-06-12 04:57:00,0.5350171183082466
2018-06-12 05:00:00,0.6238435069758452
2018-06-12 05:03:00,0.5622694251903226
2018-06-12 05:06:00,0.5606938626781925
2018-06-12 05:09:00,0.4645530363645207
2018-06-12 05:12:00,0.6023102394534021
2018-06-12 05:15:00,0.5285256031862104
2018-06-12 05:18:00,0.6409538432440058
2018-06-12 05:21:00,0.6216990023995095
2018-06-12 05:24:00,0.5826152684313115
2018-06-12 05:27:00,0.5496885555573954
2018-06-12 05:30:00,0.6810037676303295
2018-06-12 05:33:00,0.6087511099906919
2018-06-12 05:36:00,0.6540113978736031
2018-06-12 05:39:00,0.5768094357531481
2018-06-12 05:42:00,0.6327479550542989
2018-06-12 05:45:00,0.4727790140916568
2018-06-12 05:48:00,0.5928870891928
2018-06-12 05:51:00,0.5741463590084095
2018-06-12 05:54:00,0.6108091027505793
2018-06-12 05:57:00,0.5614575054120223
2018-06-12 06:00:00,0.6249898553058415
2018-06-12 06:03:00,0.6117349448699088
2018-06-12 06:06:00,0.6208403197252323
2018-06-12 06:09:00,0.5198845856429557
2018-06-12 06:12:00,0.5967513184859286
2018-06-12 06:15:00,0.5809579494621175
2018-06-12 06:18:00,0.6678908090261757
2018-06-12 06:21:00,0.664957010262242
2018-06-12 06:24:00,0.582693240033052
2018-06-12 06:27:00,0.6631727234795335
2018-06-12 06:30:00,0.5813943796697458
2018-06-12 06:33:00,0.6505554585381219
2018-06-12 06:36:00,0.6759136291261711
2018-06-12 06:39:00,0.6498296577066185
2018-06-12 06:42:00,0.5774323821961502
2018-06-12 06:45:00,0.5672020350137927
2018-06-12 06:48:00,0.7246483784387578
2018-06-12 06:51:00,0.7081287293887613
2018-06-12 06:54:00,0.6603497909389375
2018-06-12 06:57:00,0.5809119422501112
2018-06-12 07:00:00,0.6615036950647664
2018-06-12 07:03:00,0.7283117333968221
2018-06-12 07:06:00,0.6339095887560688
2018-06-12 07:09:00,0.5613579094792271
2018-06-12 07:12:00,0.6689785693733938
2018-06-12 07:15:00,0.6718894212071973
2018-06-12 07:18:00,0.6057167792984046
2018-06-12 07:21:00,0.6492529484316378
2018-06-12 07:24:00,0.6252506916047196
2018-06-12 07:27:00,0.6811029431424913
2018-06-12 07:30:00,0.6972390660557721
2018-06-12 07:33:00,0.679387040719746
2018-06-12 07:36:00,0.6159867728344466
2018-06-12 07:39:00,0.7460864649275436
2018-06-12 07:42:00,0.6786836686162587
2018-06-12 07:45:00,0.6437570391655072
2018-06-12 07:48:00,0.5335561156794597
2018-06-12 07:51:00,0.6013882032760876
2018-06-12 07:54:00,0.5606857480996155
2018-06-12 07:57:00,0.6185110932331099
2018-06-12 08:00:00,0.5412958117323683
2018-06-12 08:03:00,0.5526812865700776
2018-06-12 08:06:00,0.6280624828816599
2018-06-12 08:09:00,0.603669720826872
2018-06-12 08:12:00,0.5664133599265142
2018-06-12 08:15:00,0.5701424415913721
2018-06-12 08:18:00,0.5980501731461345
2018-06-12 08:21:00,0.554965841491196
2018-06-12 08:24:00,0.6184396288934977
2018-06-12 08:27:00,0.46101734820496176
2018-06-12 08:30:00,0.5462819354596036
2018-06-12 08:33:00,0.510987867075869
2018-06-12 08:36:00,0.5542105632518997
2018-06-12 08:39:00,0.5422029718539534
2018-06-12 08:42:00,0.5153300482218128
2018-06-12 08:45:00,0.38448501001829527
2018-06-12 08:48:00,0.46692905875039514
2018-06-12 08:51:00,0.601685954157233
2018-06-12 08:54:00,0.5587966967274269
2018-06-12 08:57:00,0.3885784916564603
2018-06-12 09:00:00,0.26534827578768727
2018-06-12 09:03:00,0.4054093952361768
2018-06-12 09:06:00,0.4602113480470962
2018-06-12 09:09:00,0.49937840700334846
2018-06-12 09:12:00,0.4128264902030878
2018-06-12 09:15:00,0.43510943734611374
2018-06-12 09:18:00,0.49782855672776805
2018-06-12 09:21:00,0.5313630479961944
2018-06-12 09:24:00,0.39786072108034887
2018-06-12 09:27:00,0.357284504750055
2018-06-12 09:30:00,0.3509735059755599
2018-06-12 09:33:00,0.28940866852411773
2018-06-12 09:36:00,0.37702983558818914
2018-06-12 09:39:00,0.3376980123983344
2018-06-12 09:42:00,0.23829420616038988
2018-06-12 09:45:00,0.27220705734254125
2018-06-12 09:48:00,0.32254529316338676
2018-06-12 09:51:00,0.3234577742346687
2018-06-12 09:54:00,0.18517986695525224
2018-06-12 09:57:00,0.16404610826720045
2018-06-12 10:00:00,0.13594646837503888
2018-06-12 10:03:00,0.014048515468630285
2018-06-12 10:06:00,0.18098788200438776
2018-06-12 10:09:00,0.12871289600235514
2018-06-12 10:12:00,0.1734248352626082
2018-06-12 10:15:00,0.04381854428066845
2018-06-12 10:18:00,0.1567345653414236
2018-06-12 10:21:00,0.19609930027604605
2018-06-12 10:24:00,0.030411439234285353
2018-06-12 10:27:00,0.04056848913819522
2018-06-12 10:30:00,0.009995472799118943
2018-06-12 10:33:00,0.01598574138938602
2018-06-12 10:36:00,0.026957228022638446
2018-06-12 10:39:00,0.06454073415869743
2018-06-12 10:42:00,0.04712338674755756
2018-06-12 10:45:00,0.11536607314104685
2018-06-12 10:48:00,-0.1718838328590664
2018-06-12 10:51:00,-0.04131638887315603
2018-06-12 10:54:00,-0.03136942586559144
2018-06-12 10:57:00,-0.11609005208703138
2018-06-12 11:00:00,-0.12587048803317202
2018-06-12 11:03:00,0.021531817490085814
2018-06-12 11:06:00,-0.04855903074718526
2018-06-12 11:09:00,-0.10361777363544888
2018-06-12 11:12:00,-0.024057052662328715
2018-06-12 11:15:00,-0.051583536073337655
2018-06-12 11:18:00,-0.18579617289731232
2018-06-12 11:21:00,-0.025783283609598584
2018-06-12 11:24:00,-0.14669969708552344
2018-06-12 11:27:00,-0.21371858272499367
2018-06-12 11:30:00,-0.10750867284974674
2018-06-12 11:33:00,-0.16670753897415125
2018-06-12 11:36:00,-0.1525991117251806
2018-06-12 11:39:00,-0.13064298489376824
2018-06-12 11:42:00,-0.2348484507091939
2018-06-12 11:45:00,-0.1201273365828115
2018-06-12 11:48:00,-0.1914940571398347
2018-06-12 11:51:00,-0.196423658155652
2018-06-12 11:54:00,-0.07587606145597192
2018-06-12 11:57:00,-0.2522884500863256
2018-06-12 12:00:00,-0.15076210342613194
2018-06-12 12:03:00,-0.12543278629902943
2018-06-12 12:06:00,-0.18299609705258035
2018-06-12 12:09:00,-0.32837360161124707
2018-06-12 12:12:00,-0.1868146203224228
2018-06-12 12:15:00,-0.2759977278089991
2018-06-12 12:18:00,-0.20019618309692078
2018-06-12 12:21:00,-0.2803057758288787
2018-06-12 12:24:00,-0.21223399305824842
2018-06-12 12:27:00,-0.2838715128912668
2018-06-12 12:30:00,-0.278132865870532
2018-06-12 12:33:00,-0.22615083963847837
2018-06-12 12:36:00,-0.2213521243815535
2018-06-12 12:39:00,-0.24996805455867843
2018-06-12 12:42:00,-0.3178363434338962
2018-06-12 12:45:00,-0.22132280414678007
2018-06-12 12:48:00,-0.21178308966875647
2018-06-12 12:51:00,-0.2720871943485008
2018-06-12 12:54:00,-0.2317877681132927
2018-06-12 12:57:00,-0.2619530148558624
2018-06-12 13:00:00,-0.22868910387688857
2018-06-12 13:03:00,-0.3311598995828149
2018-06-12 13:06:00,-0.2698457538112393
2018-06-12 13:09:00,-0.2720735272691286
2018-06-12 13:12:00,-0.41209735258183855
2018-06-12 13:15:00,-0.20080575798453992
2018-06-12 13:18:00,-0.29313987208712433
2018-06-12 13:21:00,-0.371576698839192
2018-06-12 13:24:00,-0.3632586389630319
2018-06-12 13:27:00,-0.3554005383619483
2018-06-12 13:30:00,-0.25751909624437985
2018-06-12 13:33:00,-0.24818595592773818
2018-06-12 13:36:00,-0.2653241603960623
2018-06-12 13:39:00,-0.32933153437409146
2018-06-12 13:42:00,-0.2950424158973419
2018-06-12 13:45:00,-0.25940542082156526
2018-06-12 13:48:00,-0.3859433047962284
2018-06-12 13:51:00,-0.4059648736017607
2018-06-12 13:54:00,-0.374507747325481
2018-06-12 13:57:00,-0.21639800964385358
2018-06-12 14:00:00,-0.30804361759152243
2018-06-12 14:03:00,-0.26156215765701063
2018-06-12 14:06:00,-0.2791723155817749
2018-06-12 14:09:00,-0.2458318943756126
2018-06-12 14:12:00,-0.3072888161661922
2018-06-12 14:15:00,-0.3630702370709855
2018-06-12 14:18:00,-0.2486051558784652
2018-06-12 14:21:00,-0.25260463791624943
2018-06-12 14:24:00,-0.27518239798041577
2018-06-12 14:27:00,-0.4354964993115118
2018-06-12 14:30:00,-0.3465248137040362
2018-06-12 14:33:00,-0.2759337230716028
2018-06-12 14:36:00,-0.4294901843892376
2018-06-12 14:39:00,-0.31097728283026527
2018-06-12 14:42:00,-0.4033154661394178
2018-06-12 14:45:00,-0.2275875778280465
2018-06-12 14:48:00,-0.37573783596997146
2018-06-12 14:51:00,-0.344373551513911
2018-06-12 14:54:00,-0.45477525603200775
2018-06-12 14:57:00,-0.4091796514420025
2018-06-12 15:00:00,-0.5047513271019852
2018-06-12 15:03:00,-0.2667576951345154
2018-06-12 15:06:00,-0.3685881505536486
2018-06-12 15:09:00,-0.32462194034462755
2018-06-12 15:12:00,-0.3641589100106444
2018-06-12 15:15:00,-0.37383141924084384
2018-06-12 15:18:00,-0.43634815882620615
2018-06-12 15:21:00,-0.2788030864152802
2018-06-12 15:24:00,-0.39309353080130904
2018-06-12 15:27:00,-0.36115906407314924
2018-06-12 15:30:00,-0.46964389248859106
2018-06-12 15:33:00,-0.4028967422590881
2018-06-12 15:36:00,-0.3920656771089739
2018-06-12 15:39:00,-0.4008167684423256
2018-06-12 15:42:00,-0.4244547130789442
2018-06-12 15:45:00,-0.3988006808957607
2018-06-12 15:48:00,-0.4891343751006616
2018-06-12 15:51:00,-0.2741361631784116
2018-06-12 15:54:00,-0.4909253762302228
2018-06-12 15:57:00,-0.3678058999126961
2018-06-12 16:00:00,-0.3413593435475377
2018-06-12 16:03:00,-0.405163506012741
2018-06-12 16:06:00,-0.4064470666322677
2018-06-12 16:09:00,-0.3559325953222583
2018-06-12 16:12:00,-0.3508953260127896
2018-06-12 16:15:00,-0.4431053521896047
2018-06-12 16:18:00,-0.3497520581563549
2018-06-12 16:21:00,-0.32674745859350196
2018-06-12 16:24:00,-0.3659388398857004
2018-06-12 16:27:00,-0.3991917642591716
2018-06-12 16:30:00,-0.36831700879054097
2018-06-12 16:33:00,-0.3637378146901824
2018-06-12 16:36:00,-0.3743758004113147
2018-06-12 16:39:00,-0.3093130044832719
2018-06-12 16:42:00,-0.3953722275749101
2018-06-12 16:45:00,-0.3879303336800035
2018-06-12 16:48:00,-0.38351414038749
2018-06-12 16:51:00,-0.23370666184138145
2018-06-12 16:54:00,-0.23251436288069272
2018-06-12 16:57:00,-0.4383221593002986
2018-06-12 17:00:00,-0.32420273788540044
2018-06-12 17:03:00,-0.33558186943577084
2018-06-12 17:06:00,-0.3931840798803705
2018-06-12 17:09:00,-0.35614727755955755
2018-06-12 17:12:00,-0.21173244804958813
2018-06-12 17:15:00,-0.33148319672056914
2018-06-12 17:18:00,-0.320934089597813
2018-06-12 17:21:00,-0.20795736693361278
2018-06-12 17:24:00,-0.2772531418413564
2018-06-12 17:27:00,-0.3418040167668437
2018-06-12 17:30:00,-0.17087718123650575
2018-06-12 17:33:00,-0.35243191717262334
2018-06-12 17:36:00,-0.1092035648705405
2018-06-12 17:39:00,-0.2626142615298477
2018-06-12 17:42:00,-0.2762705432575103
2018-06-12 17:45:00,-0.2670376246463775
2018-06-12 17:48:00,-0.3482274637176488
2018-06-12 17:51:00,-0.24452050471506936
2018-06-12 17:54:00,-0.18687303790926535
2018-06-12 17:57:00,-0.3043890997669223
2018-06-12 18:00:00,-0.19617111886435623
2018-06-12 18:03:00,-0.26876537951653745
2018-06-12 18:06:00,-0.18110953566281296
2018-06-12 18:09:00,-0.2009109619552305
2018-06-12 18:12:00,-0.11609779487667993
2018-06-12 18:15:00,-0.10886939203641077
2018-06-12 18:18:00,-0.1659029613480243
2018-06-12 18:21:00,-0.17209414325981243
2018-06-12 18:24:00,-0.17284376803098667
2018-06-12 18:27:00,-0.17564041995217394
2018-06-12 18:30:00,-0.08472171884756108
2018-06-12 18:33:00,-0.08970650282532233
2018-06-12 18:36:00,-0.04878189769578967
2018-06-12 18:39:00,-0.15567212205962733
2018-06-12 18:42:00,-0.09639040733833326
2018-06-12 18:45:00,-0.10227269298530928
2018-06-12 18:48:00,-0.16654019778798101
2018-06-12 18:51:00,
2018-06-12 18:54:00,
2018-06-12 18:57:00,
2018-06-12 19:00:00,
2018-06-12 19:03:00,-0.0645624703734029
2018-06-12 19:06:00,-0.09899040964154437
2018-06-12 19:09:00,0.04476255508313898
2018-06-12 19:12:00,0.06702653451384322
2018-06-12 19:15:00,-0.18637945165738756
2018-06-12 19:18:00,-0.01522779024492138
2018-06-12 19:21:00,-0.0053718039793011485
2018-06-12 19:24:00,0.03651033218665134
2018-06-12 19:27:00,-0.013002874473841075
2018-06-12 19:30:00,0.010778620909547953
2018-06-12 19:33:00,0.012034709737918092
2018-06-12 19:36:00,0.025849179997464944
2018-06-12 19:39:00,0.08405757408627323
2018-06-12 19:42:00,0.07677272807075042
2018-06-12 19:45:00,0.08316386903516104
2018-06-12 19:48:00,0.06466580953696166
2018-06-12 19:51:00,0.06983248117091989
2018-06-12 19:54:00,0.0031568262708105976
2018-06-12 19:57:00,0.093749121615474
2018-06-12 20:00:00,0.20512123471178256
2018-06-12 20:03:00,0.022341674400422562
2018-06-12 20:06:00,0.1289983790035194
2018-06-12 20:09:00,0.06358937424687383
2018-06-12 20:12:00,0.07654256989928854
2018-06-12 20:15:00,0.23709297821494602
2018-06-12 20:18:00,0.03932175711503305
2018-06-12 20:21:00,0.06932669617117426
2018-06-12 20:24:00,-0.0033193360652035153
2018-06-12 20:27:00,0.08438035560357093
2018-06-12 20:30:00,0.04185762120204117
2018-06-12 20:33:00,0.08995161080162006
2018-06-12 20:36:00,0.10422142963591341
2018-06-12 20:39:00,0.19775245171393863
2018-06-12 20:42:00,0.11413781933981682
2018-06-12 20:45:00,0.1699127875405111
2018-06-12 20:48:00,0.05945461709183064
2018-06-12 20:51:00,0.15438962630992137
2018-06-12 20:54:00,0.07299414084656064
2018-06-12 20:57:00,0.09534430465942023
2018-06-12 21:00:00,0.010440821051702187
2018-06-12 21:03:00,0.23025052669493107
2018-06-12 21:06:00,0.11963156311873036
2018-06-12 21:09:00,0.15114293449670413
2018-06-12 21:12:00,0.2862483908841682
2018-06-12 21:15:00,0.19283600771626652
2018-06-12 21:18:00,0.08078150538108275
2018-06-12 21:21:00,0.2639044790486764
2018-06-12 21:24:00,0.14243004603395093
2018-06-12 21:27:00,0.2114859729415457
2018-06-12 21:30:00,0.16613672079557773
2018-06-12 21:33:00,0.30517648126857466
2018-06-12 21:36:00,0.2418869901123344
2018-06-12 21:39:00,0.25353028519259624
2018-06-12 21:42:00,0.23378063765807156
2018-06-12 21:45:00,0.22438542961043595
2018-06-12 21:48:00,0.19873406539090865
2018-06-12 21:51:00,0.33003530929278213
2018-06-12 21:54:00,0.27370600067280293
2018-06-12 21:57:00,0.2115421797514614
2018-06-12 22:00:00,0.2517600201231289
2018-06-12 22:03:00,0.2368928978095255
2018-06-12 22:06:00,0.25683013187830284
2018-06-12 22:09:00,0.28188589948450726
2018-06-12 22:12:00,0.21104155185008722
2018-06-12 22:15:00,0.3097112503579069
2018-06-12 22:18:00,0.2823286243303187
2018-06-12 22:21:00,0.2813602908866528
2018-06-12 22:24:00,0.2865897530264192
2018-06-12 22:27:00,0.3504528758576839
2018-06-12 22:30:00,0.2607619853079086
2018-06-12 22:33:00,0.17508464779200494
2018-06-12 22:36:00,0.2995259688845522
2018-06-12 22:39:00,0.32437359162588564
2018-06-12 22:42:00,0.2858870585647537
2018-06-12 22:45:00,0.24702832300147293
2018-06-12 22:48:00,0.35258490365447415
2018-06-12 22:51:00,0.2917598103932164
2018-06-12 22:54:00,0.3437663885239317
2018-06-12 22:57:00,0.23510405224470787
2018-06-12 23:00:00,0.2533747263943269
2018-06-12 23:03:00,0.2901186535501665
2018-06-12 23:06:00,0.1913983366418961
2018-06-12 23:09:00,0.29304212660616713
2018-06-12 23:12:00,0.27968309530581337
2018-06-12 23:15:00,0.24927164657043477
2018-06-12 23:18:00,0.27874497484600624
2018-06-12 23:21:00,0.29542857665012434
2018-06-12 23:24:00,0.21092624314934483
2018-06-12 23:27:00,0.21119232157144552
2018-06-12 23:30:00,0.24044637529675583
2018-06-12 23:33:00,0.23539411612489403
2018-06-12 23:36:00,0.3227555836964484
2018-06-12 23:39:00,0.3189369941961786
2018-06-12 23:42:00,0.3185068208838402
2018-06-12 23:45:00,0.31754721407719444
2018-06-12 23:48:00,0.27490854521465735
2018-06-12 23:51:00,0.3001443671038828
2018-06-12 23:54:00,0.4169432850603698
2018-06-12 23:57:00,0.2621163776595381
2018-06-13 00:00:00,0.20457628096346525
2018-06-13 00:03:00,0.2830194279401326
2018-06-13 00:06:00,0.26312128849457395
2018-06-13 00:09:00,0.3091066247681624
2018-06-13 00:12:00,0.3373223349544219
2018-06-13 00:15:00,0.24965964797274864
2018-06-13 00:18:00,0.32603108199509734
2018-06-13 00:21:00,0.35953475392147993
2018-06-13 00:24:00,0.3158902798129475
2018-06-13 00:27:00,0.26139309919534526
2018-06-13 00:30:00,0.2580127831786285
2018-06-13 00:33:00,0.37721573388193974
2018-06-13 00:36:00,0.31415801842456403
2018-06-13 00:39:00,0.29927190123157743
2018-06-13 00:42:00,0.43953306639696166
2018-06-13 00:45:00,0.3299423732420337
2018-06-13 00:48:00,0.3196552816190774
2018-06-13 00:51:00,0.3110982824092048
2018-06-13 00:54:00,0.40423931422816395
2018-06-13 00:57:00,0.31305219622208824
2018-06-13 01:00:00,0.33925178146205326
2018-06-13 01:03:00,0.21570951926298676
2018-06-13 01:06:00,0.38982771153155227
2018-06-13 01:09:00,0.3340318907249866
2018-06-13 01:12:00,0.2543178775976003
2018-06-13 01:15:00,0.3845098950559418
2018-06-13 01:18:00,0.3672819489495396
2018-06-13 01:21:00,0.3385101181946766
2018-06-13 01:24:00,0.4061075346966163
2018-06-13 01:27:00,0.3326197972060072
2018-06-13 01:30:00,0.24848803594153424
2018-06-13 01:33:00,0.3243528436106544
2018-06-13 01:36:00,0.324129768280784
2018-06-13 01:39:00,0.36122045780336975
2018-06-13 01:42:00,0.19393143193582318
2018-06-13 01:45:00,0.2842451938284398
2018-06-13 01:48:00,0.24014433805785984
2018-06-13 01:51:00,0.3132544084982669
2018-06-13 01:54:00,0.3278667858211861
2018-06-13 01:57:00,0.3693030041246743
2018-06-13 02:00:00,0.4114555150354704
2018-06-13 02:03:00,0.3435572399127409
2018-06-13 02:06:00,0.35635468172364426
2018-06-13 02:09:00,0.38262203803236616
2018-06-13 02:12:00,0.40770520479549077
2018-06-13 02:15:00,0.41475638569443163
2018-06-13 02:18:00,0.40419809251488914
2018-06-13 02:21:00,0.32830300365162657
2018-06-13 02:24:00,0.3944217340121554
2018-06-13 02:27:00,0.29576530487230457
2018-06-13 02:30:00,0.42318270904098654
2018-06-13 02:33:00,0.31528518754413426
2018-06-13 02:36:00,0.32824030680012584
2018-06-13 02:39:00,0.369117175348606
2018-06-13 02:42:00,0.3245047332929403
2018-06-13 02:45:00,0.4365585383519601
2018-06-13 02:48:00,0.4033762352745498
2018-06-13 02:51:00,0.4717348935840846
2018-06-13 02:54:00,0.4036303897480593
2018-06-13 02:57:00,0.34871651580147045
2018-06-13 03:00:00,0.33949286400144274
2018-06-13 03:03:00,0.3715320755626408
2018-06-13 03:06:00,0.37124941931557487
2018-06-13 03:09:00,0.3475206046132939
2018-06-13 03:12:00,0.4129094781970366
2018-06-13 03:15:00,0.3813981134879896
2018-06-13 03:18:00,0.3106653138574984
2018-06-13 03:21:00,0.40086666550155314
2018-06-13 03:24:00,0.395030499862969
2018-06-13 03:27:00,0.3150383043630427
2018-06-13 03:30:00,0.45178444367064685
2018-06-13 03:33:00,0.39863714361149505
2018-06-13 03:36:00,0.3227076041602004
2018-06-13 03:39:00,0.3045054479625833
2018-06-13 03:42:00,0.28282683020921695
2018-06-13 03:45:00,0.3381134026350878
2018-06-13 03:48:00,0.4459477825197382
2018-06-13 03:51:00,0.4291995378948741
2018-06-13 03:54:00,0.3501492410606488
2018-06-13 03:57:00,0.44304174912343797
2018-06-13 04:00:00,0.4931017732466785
2018-06-13 04:03:00,0.3924405154949113
2018-06-13 04:06:00,0.43033399863378463
2018-06-13 04:09:00,0.4934076371695255
2018-06-13 04:12:00,0.4281491497252432
2018-06-13 04:15:00,0.4919396558348694
2018-06-13 04:18:00,0.3908453256664757
2018-06-13 04:21:00,0.2963928654231154
2018-06-13 04:24:00,0.39412810953393773
2018-06-13 04:27:00,0.3947551736555397
2018-06-13 04:30:00,0.3676144923621223
2018-06-13 04:33:00,0.45644898810462564
2018-06-13 04:36:00,0.3768613676649011
2018-06-13 04:39:00,0.39547539878020643
2018-06-13 04:42:00,0.41865330734935924
2018-06-13 04:45:00,0.4874576154174406
2018-06-13 04:48:00,0.3756386845312818
2018-06-13 04:51:00,0.5137750338799378
2018-06-13 04:54:00,0.3996704629380474
2018-06-13 04:57:00,0.4534182463598313
2018-06-13 05:00:00,0.4101371569395269
2018-06-13 05:03:00,0.40410459482160377
2018-06-13 05:06:00,0.45424885625988054
2018-06-13 05:09:00,0.42681422651099865
2018-06-13 05:12:00,0.4724687449544831
2018-06-13 05:15:00,0.4362412324713887
2018-06-13 05:18:00,0.4329940199681914
2018-06-13 05:21:00,0.4593699249980432
2018-06-13 05:24:00,0.35160393195752704
2018-06-13 05:27:00,0.39710762755436235
2018-06-13 05:30:00,0.4445367642177871
2018-06-13 05:33:00,0.4026843414845871
2018-06-13 05:36:00,0.4870698827544402
2018-06-13 05:39:00,0.5200186468135826
2018-06-13 05:42:00,0.5027741423655812
2018-06-13 05:45:00,0.3329197888077715
2018-06-13 05:48:00,0.3995073207549922
2018-06-13 05:51:00,0.4333400417528992
2018-06-13 05:54:00,0.4279831599259296
2018-06-13 05:57:00,0.4058301921434122
2018-06-13 06:00:00,0.46870205281425115
2018-06-13 06:03:00,0.4678952248992232
2018-06-13 06:06:00,0.4051218088761175
2018-06-13 06:09:00,0.4854259084208934
2018-06-13 06:12:00,0.5136768963615168
2018-06-13 06:15:00,0.4551976929165562
2018-06-13 06:18:00,0.4672404374173311
2018-06-13 06:21:00,0.38000336904832466
2018-06-13 06:24:00,0.4743932482592754
2018-06-13 06:27:00,0.39043923031971417
2018-06-13 06:30:00,0.34179057583020267
2018-06-13 06:33:00,0.36676942197925655
2018-06-13 06:36:00,0.4004497504518554
2018-06-13 06:39:00,0.4424179233986365
2018-06-13 06:42:00,0.3920285400410535
2018-06-13 06:45:00,0.43632417263978596
2018-06-13 06:48:00,0.3831239622986118
2018-06-13 06:51:00,0.4662764811616853
2018-06-13 06:54:00,0.5053023500619815
2018-06-13 06:57:00,0.39710937501911303
2018-06-13 07:00:00,0.4634068812386545
2018-06-13 07:03:00,0.5009371405125194
2018-06-13 07:06:00,0.45914549419381956
2018-06-13 07:09:00,0.4586446036798293
2018-06-13 07:12:00,0.5148847237443874
2018-06-13 07:15:00,0.4190982509654191
2018-06-13 07:18:00,0.45582856455041565
2018-06-13 07:21:00,0.3509231249100253
2018-06-13 07:24:00,0.384186447897207
2018-06-13 07:27:00,0.37760945578912697
2018-06-13 07:30:00,0.39487062519225447
2018-06-13 07:33:00,0.37306627951016935
2018-06-13 07:36:00,0.328637513324054
2018-06-13 07:39:00,0.3701202347666026
2018-06-13 07:42:00,0.3141871203598612
2018-06-13 07:45:00,0.31861521992072994
2018-06-13 07:48:00,0.36087097984466254
2018-06-13 07:51:00,0.28263758691247176
2018-06-13 07:54:00,0.3771199519989068
2018-06-13 07:57:00,0.34695949807178295
2018-06-13 08:00:00,0.33714023617716293
2018-06-13 08:03:00,0.41507052831821056
2018-06-13 08:06:00,0.3935468398296962
2018-06-13 08:09:00,0.44851243649850403
2018-06-13 08:12:00,0.3728223376140818
2018-06-13 08:15:00,0.3012919166367851
2018-06-13 08:18:00,0.3783374966461679
2018-06-13 08:21:00,0.19334735255137048
2018-06-13 08:24:00,0.26305624906513003
2018-06-13 08:27:00,0.332384374055664
2018-06-13 08:30:00,0.28143992625894043
2018-06-13 08:33:00,0.2940949385406384
2018-06-13 08:36:00,0.35288874044391605
2018-06-13 08:39:00,0.32315575152517795
2018-06-13 08:42:00,0.3345692809796219
2018-06-13 08:45:00,0.26839371820301494
2018-06-13 08:48:00,0.13938324409417646
2018-06-13 08:51:00,0.268895983874188
2018-06-13 08:54:00,0.2750175427898398
2018-06-13 08:57:00,0.19069882201256405
2018-06-13 09:00:00,0.24764892070237465
2018-06-13 09:03:00,0.22296385590709633
2018-06-13 09:06:00,0.22839685965965373
2018-06-13 09:09:00,0.17083203162820837
2018-06-13 09:12:00,0.052465825046908776
2018-06-13 09:15:00,0.15012832065428938
2018-06-13 09:18:00,0.17675542793250543
2018-06-13 09:21:00,0.10082158454463297
2018-06-13 09:24:00,0.18983064250579673
2018-06-13 09:27:00,0.06319639922634224
2018-06-13 09:30:00,0.08518222026873445
2018-06-13 09:33:00,0.1944670585289714
2018-06-13 09:36:00,0.24418044749972978
2018-06-13 09:39:00,0.08808714451868127
2018-06-13 09:42:00,0.08970303134788082
2018-06-13 09:45:00,-0.0031574714113844493
2018-06-13 09:48:00,0.17479904975829186
2018-06-13 09:51:00,0.13200702162856714
2018-06-13 09:54:00,-0.018184980755620472
2018-06-13 09:57:00,0.005468382823096363
2018-06-13 10:00:00,0.11579901563408157
2018-06-13 10:03:00,0.2369841400434325
2018-06-13 10:06:00,0.11362025695774491
2018-06-13 10:09:00,0.20281366392788414
2018-06-13 10:12:00,0.007314670012021907
2018-06-13 10:15:00,0.15840628222946407
2018-06-13 10:18:00,-0.02064247078601511
2018-06-13 10:21:00,0.03645810476768929
2018-06-13 10:24:00,-0.020907422090829186
2018-06-13 10:27:00,0.06142974886006414
2018-06-13 10:30:00,-0.1008655082949872
2018-06-13 10:33:00,-0.07911757855322321
2018-06-13 10:36:00,0.03110859942063371
2018-06-13 10:39:00,0.007761515319259615
2018-06-13 10:42:00,0.04873192863476561
2018-06-13 10:45:00,-0.008366649334845988
2018-06-13 10:48:00,-0.0411063381007466
2018-06-13 10:51:00,0.0057217459640810375
2018-06-13 10:54:00,-0.1399920172691509
2018-06-13 10:57:00,0.11088490764512926
2018-06-13 11:00:00,-0.05826330944853453
2018-06-13 11:03:00,-0.07984563229564401
2018-06-13 11:06:00,-0.14855883982403384
2018-06-13 11:09:00,-0.030032719420546528
2018-06-13 11:12:00,-0.21121304251181527
2018-06-13 11:15:00,-0.12993609350678526
2018-06-13 11:18:00,-0.060889293577986336
2018-06-13 11:21:00,-0.08580242419060369
2018-06-13 11:24:00,-0.2482443612113343
2018-06-13 11:27:00,-0.11835275371447551
2018-06-13 11:30:00,-0.1108153832287826
2018-06-13 11:33:00,-0.14594941305540488
2018-06-13 11:36:00,-0.18718186472807474
2018-06-13 11:39:00,-0.1678718778667303
2018-06-13 11:42:00,-0.12490213386126925
2018-06-13 11:45:00,-0.26383891104802615
2018-06-13 11:48:00,-0.1447256548229916
2018-06-13 11:51:00,-0.21443083975577792
2018-06-13 11:54:00,-0.21388950306879906
2018-06-13 11:57:00,-0.23935689953731298
2018-06-13 12:00:00,-0.22881673834672256
2018-06-13 12:03:00,-0.16936922907774488
2018-06-13 12:06:00,-0.13867230205914893
2018-06-13 12:09:00,-0.16999342712648513
2018-06-13 12:12:00,-0.2707884787601529
2018-06-13 12:15:00,-0.28079625310596157
2018-06-13 12:18:00,-0.1643339672732509
2018-06-13 12:21:00,-0.1753529944235197
2018-06-13 12:24:00,-0.21339617142189127
2018-06-13 12:27:00,-0.16979230488743724
2018-06-13 12:30:00,-0.20179073458888297
2018-06-13 12:33:00,-0.23764485768521126
2018-06-13 12:36:00,-0.2684639058489324
2018-06-13 12:39:00,-0.2899273681552472
2018-06-13 12:42:00,-0.25088651550709073
2018-06-13 12:45:00,-0.17139417291679138
2018-06-13 12:48:00,-0.24945075256846394
2018-06-13 12:51:00,-0.2794412534059916
2018-06-13 12:54:00,-0.36486322623818523
2018-06-13 12:57:00,-0.3448861698412884
2018-06-13 13:00:00,-0.26847421155611073
2018-06-13 13:03:00,-0.2176468362279138
2018-06-13 13:06:00,-0.19834758798435814
2018-06-13 13:09:00,-0.3365895735693698
2018-06-13 13:12:00,-0.2378806874760926
2018-06-13 13:15:00,-0.3040522482460801
2018-06-13 13:18:00,-0.26403428864426814
2018-06-13 13:21:00,-0.299554269241753
2018-06-13 13:24:00,-0.36815807247887733
2018-06-13 13:27:00,-0.34893529481422547
2018-06-13 13:30:00,-0.40690109136517094
2018-06-13 13:33:00,-0.25792311554272374
2018-06-13 13:36:00,-0.3254557273320984
2018-06-13 13:39:00,-0.30469566551050775
2018-06-13 13:42:00,-0.3465889066213208
2018-06-13 13:45:00,-0.43626762158589827
2018-06-13 13:48:00,-0.39900885523417173
2018-06-13 13:51:00,-0.2001084761992047
2018-06-13 13:54:00,-0.26884128592280376
2018-06-13 13:57:00,-0.3786435364866634
2018-06-13 14:00:00,-0.29940998303283095
2018-06-13 14:03:00,-0.34978044236191863
2018-06-13 14:06:00,-0.4320408677145906
2018-06-13 14:09:00,-0.2899773916873869
2018-06-13 14:12:00,-0.410405421930534
2018-06-13 14:15:00,-0.38603662603958355
2018-06-13 14:18:00,-0.21730919116873793
2018-06-13 14:21:00,-0.24729790062423262
2018-06-13 14:24:00,-0.3983248608813028
2018-06-13 14:27:00,-0.3495825269766897
2018-06-13 14:30:00,-0.2252963336863445
2018-06-13 14:33:00,0.30311123343818736
2018-06-13 14:36:00,-0.38090810994793856
2018-06-13 14:39:00,-0.4568684155671576
2018-06-13 14:42:00,-0.4130155402801279
2018-06-13 14:45:00,-0.347823950893428
2018-06-13 14:48:00,-0.29366882732432487
2018-06-13 14:51:00,-0.30677253219141676
2018-06-13 14:54:00,-0.3543091108616636
2018-06-13 14:57:00,-0.4376474352687296
2018-06-13 15:00:00,-0.28866897210673415
2018-06-13 15:03:00,-0.45482054440083175
2018-06-13 15:06:00,-0.4254737315035868
2018-06-13 15:09:00,-0.32829873876914917
2018-06-13 15:12:00,-0.30021240576610353
2018-06-13 15:15:00,-0.33500622484075393
2018-06-13 15:18:00,-0.337442549807065
2018-06-13 15:21:00,-0.4689890579016378
2018-06-13 15:24:00,-0.27771649535083043
2018-06-13 15:27:00,-0.20205489767175777
2018-06-13 15:30:00,-0.12700701135207737
2018-06-13 15:33:00,-0.1017925797875705
2018-06-13 15:36:00,-0.23424843570910525
2018-06-13 15:39:00,-0.12273454796167016
2018-06-13 15:42:00,0.03909267937530103
2018-06-13 15:45:00,-0.2624220344370656
2018-06-13 15:48:00,-0.4011833946474326
2018-06-13 15:51:00,-0.2592964512464846
2018-06-13 15:54:00,-0.3194852856024113
2018-06-13 15:57:00,-0.23350451705050546
2018-06-13 16:00:00,-0.1660923626665749
2018-06-13 16:03:00,-0.0018878379316333849
2018-06-13 16:06:00,-0.2642606569783652
2018-06-13 16:09:00,-0.19090258206023236
2018-06-13 16:12:00,-0.11921826318047124
2018-06-13 16:15:00,-0.10705449395777578
2018-06-13 16:18:00,-0.19409084536891896
2018-06-13 16:21:00,-0.21004744109063722
2018-06-13 16:24:00,-0.32718025822839536
2018-06-13 16:27:00,-0.17440393221602335
2018-06-13 16:30:00,-0.17806660176091782
2018-06-13 16:33:00,-0.14488798026923178
2018-06-13 16:36:00,-0.13977393873778965
2018-06-13 16:39:00,-0.2607745134885704
2018-06-13 16:42:00,-0.24743003093959715
2018-06-13 16:45:00,-0.2945287813902837
2018-06-13 16:48:00,-0.25914962539860653
2018-06-13 16:51:00,-0.16904113121870523
2018-06-13 16:54:00,-0.2305552056883471
2018-06-13 16:57:00,-0.3655656682057611
2018-06-13 17:00:00,-0.2594839714868158
2018-06-13 17:03:00,-0.2407421497120481
2018-06-13 17:06:00,-0.3408156021397417
2018-06-13 17:09:00,-0.3121198210218381
2018-06-13 17:12:00,-0.2572420957796453
2018-06-13 17:15:00,-0.2841812305663325
2018-06-13 17:18:00,-0.23846829148618554
2018-06-13 17:21:00,-0.28788878717983835
2018-06-13 17:24:00,-0.08307388547177652
2018-06-13 17:27:00,-0.18423275638787118
2018-06-13 17:30:00,-0.10401105473943062
2018-06-13 17:33:00,-0.136696883899333
2018-06-13 17:36:00,-0.16657030202560463
2018-06-13 17:39:00,-0.19596339755065628
2018-06-13 17:42:00,-0.22902552853145153
2018-06-13 17:45:00,-0.10786472059112384
2018-06-13 17:48:00,-0.27227137298598336
2018-06-13 17:51:00,-0.07086634918556456
2018-06-13 17:54:00,-0.08099767370674726
2018-06-13 17:57:00,-0.026743548562819797
2018-06-13 18:00:00,-0.17764111427135276
2018-06-13 18:03:00,-0.11108439682971039
2018-06-13 18:06:00,-0.0957792172142149
2018-06-13 18:09:00,-0.10000165404943573
2018-06-13 18:12:00,-0.11368927793535022
2018-06-13 18:15:00,-0.1724637814743346
2018-06-13 18:18:00,0.033723330401812746
2018-06-13 18:21:00,-0.12418620877156172
2018-06-13 18:24:00,-0.031889179196866735
2018-06-13 18:27:00,-0.06960552726587821
2018-06-13 18:30:00,0.0059940130128097735
2018-06-13 18:33:00,-0.11124071506156952
2018-06-13 18:36:00,-0.11926792151223253
2018-06-13 18:39:00,-0.029715350955257236
2018-06-13 18:42:00,-0.09960198855310409
2018-06-13 18:45:00,-0.07544283777826877
2018-06-13 18:48:00,-0.08600970041771916
2018-06-13 18:51:00,-0.055249452643181485
2018-06-13 18:54:00,
2018-06-13 18:57:00,
2018-06-13 19:00:00,
2018-06-13 19:03:00,-0.048000944925775
2018-06-13 19:06:00,-0.08961964248379672
2018-06-13 19:09:00,-0.021080874606752786
2018-06-13 19:12:00,0.0905131134588828
2018-06-13 19:15:00,0.1196348736557411
2018-06-13 19:18:00,0.10968954803678344
2018-06-13 19:21:00,0.006631393413215392
2018-06-13 19:24:00,0.01965238654662471
2018-06-13 19:27:00,0.0036629891395136838
2018-06-13 19:30:00,0.12952690301983694
2018-06-13 19:33:00,-0.0021266687994057065
2018-06-13 19:36:00,-0.027318178262305537
2018-06-13 19:39:00,0.08092250197154272
2018-06-13 19:42:00,0.09379257892493342
2018-06-13 19:45:00,0.040280891191514456
2018-06-13 19:48:00,0.06480618278436623
2018-06-13 19:51:00,0.02538022142397267
2018-06-13 19:54:00,-0.07231764157711495
2018-06-13 19:57:00,0.04681177676098969
2018-06-13 20:00:00,0.07110096793240928
2018-06-13 20:03:00,0.011926673271489108
2018-06-13 20:06:00,0.007403223974961293
2018-06-13 20:09:00,0.023415445692307912
2018-06-13 20:12:00,0.03321064759353476
2018-06-13 20:15:00,-0.013445278028086705
2018-06-13 20:18:00,0.02026675964447122
2018-06-13 20:21:00,0.08814219334573181
2018-06-13 20:24:00,0.1492655401787033
2018-06-13 20:27:00,0.1275462179363558
2018-06-13 20:30:00,0.03516658595668787
2018-06-13 20:33:00,0.07218642249534923
2018-06-13 20:36:00,0.08509106425054824
2018-06-13 20:39:00,0.08355550750229668
2018-06-13 20:42:00,0.10578821296724072
2018-06-13 20:45:00,0.2269019159471668
2018-06-13 20:48:00,0.030673389811681773
2018-06-13 20:51:00,0.0790960633420923
2018-06-13 20:54:00,0.20406073590760343
2018-06-13 20:57:00,0.10841408701116961
2018-06-13 21:00:00,0.10332226098813635
2018-06-13 21:03:00,0.09979525751714391
2018-06-13 21:06:00,0.15625099590261016
2018-06-13 21:09:00,0.14039670427928286
2018-06-13 21:12:00,0.2248196358003156
2018-06-13 21:15:00,0.1524040074149866
2018-06-13 21:18:00,0.1587992134367937
2018-06-13 21:21:00,0.07039811823341324
2018-06-13 21:24:00,0.15645956723682275
2018-06-13 21:27:00,0.22650569809354693
2018-06-13 21:30:00,0.061747185795240966
2018-06-13 21:33:00,0.19288361066952575
2018-06-13 21:36:00,0.12114864796745906
2018-06-13 21:39:00,0.3013657567620953
2018-06-13 21:42:00,0.20028100236021373
2018-06-13 21:45:00,0.2029534614562749
2018-06-13 21:48:00,0.2616912702966374
2018-06-13 21:51:00,0.2564840632611549
2018-06-13 21:54:00,0.24713122440408597
2018-06-13 21:57:00,0.3114776165855915
2018-06-13 22:00:00,0.3345760873255017
2018-06-13 22:03:00,0.29024039241232913
2018-06-13 22:06:00,0.21133634441713411
2018-06-13 22:09:00,0.2352857034076692
2018-06-13 22:12:00,0.20382816022890893
2018-06-13 22:15:00,0.38122631966228937
2018-06-13 22:18:00,0.21774891255245166
2018-06-13 22:21:00,0.2653588872007049
2018-06-13 22:24:00,0.3733931311542733
2018-06-13 22:27:00,0.3030494924941536
2018-06-13 22:30:00,0.35683642008018523
2018-06-13 22:33:00,0.32415901414890413
2018-06-13 22:36:00,0.32624450634165214
2018-06-13 22:39:00,0.19754194124891455
2018-06-13 22:42:00,0.3344432849426653
2018-06-13 22:45:00,0.23379113400858387
2018-06-13 22:48:00,0.09701639563451181
2018-06-13 22:51:00,0.2584687463109958
2018-06-13 22:54:00,0.2890934100132654
2018-06-13 22:57:00,0.2945590473304378
2018-06-13 23:00:00,0.37061265116545883
2018-06-13 23:03:00,0.23598817351103207
2018-06-13 23:06:00,0.18386744013344014
2018-06-13 23:09:00,0.22974654358824864
2018-06-13 23:12:00,0.3243038935644904
2018-06-13 23:15:00,0.25674233384035006
2018-06-13 23:18:00,0.3340151881322413
2018-06-13 23:21:00,0.24972325188150535
2018-06-13 23:24:00,0.31138182964861016
2018-06-13 23:27:00,0.22257280277989366
2018-06-13 23:30:00,0.21828992477770726
2018-06-13 23:33:00,0.21510331469130506
2018-06-13 23:36:00,0.23579636513784408
2018-06-13 23:39:00,0.20085281840187008
2018-06-13 23:42:00,0.20363948392531483
2018-06-13 23:45:00,0.21114374534460012
2018-06-13 23:48:00,0.2995485785702954
2018-06-13 23:51:00,0.21088635115364696
2018-06-13 23:54:00,0.35062300755549813
2018-06-13 23:57:00,0.22504219676255843
2018-06-14 00:00:00,0.2919781969630435
2018-06-14 00:03:00,0.20774272917162762
2018-06-14 00:06:00,0.33064164256256845
2018-06-14 00:09:00,0.2599910164412904
2018-06-14 00:12:00,0.2980982699482979
2018-06-14 00:15:00,0.278646778315931
2018-06-14 00:18:00,0.2522546919385604
2018-06-14 00:21:00,0.24508397136696658
2018-06-14 00:24:00,0.355221250162856
2018-06-14 00:27:00,0.37153267150267766
2018-06-14 00:30:00,0.3314057034666007
2018-06-14 00:33:00,0.37926464386833914
2018-06-14 00:36:00,0.3172946707808819
2018-06-14 00:39:00,0.4175645765377567
2018-06-14 00:42:00,0.36880977444553764
2018-06-14 00:45:00,0.36141397602239067
2018-06-14 00:48:00,0.3053569679426005
2018-06-14 00:51:00,0.3791759783590578
2018-06-14 00:54:00,0.41423349649147667
2018-06-14 00:57:00,0.40219625625780964
2018-06-14 01:00:00,0.39724618374378906
2018-06-14 01:03:00,0.46099234261816946
2018-06-14 01:06:00,0.37795871069619125
2018-06-14 01:09:00,0.38963331549751956
2018-06-14 01:12:00,0.39851924675912187
2018-06-14 01:15:00,0.31745153019659256
2018-06-14 01:18:00,0.4382361499156673
2018-06-14 01:21:00,0.4311026579708255
2018-06-14 01:24:00,0.43186486649500466
2018-06-14 01:27:00,0.5614697030300135
2018-06-14 01:30:00,0.4688456331372777
2018-06-14 01:33:00,0.3952807840364585
2018-06-14 01:36:00,0.2866665528005683
2018-06-14 01:39:00,0.4148146832551447
2018-06-14 01:42:00,0.3501577524731374
2018-06-14 01:45:00,0.46264942025339906
2018-06-14 01:48:00,0.465560961787844
2018-06-14 01:51:00,0.4143726388695086
2018-06-14 01:54:00,0.5088217335755303
2018-06-14 01:57:00,0.3824955746024443
2018-06-14 02:00:00,0.43680143342686506
2018-06-14 02:03:00,0.4232539141171969
2018-06-14 02:06:00,0.43833301456754725
2018-06-14 02:09:00,0.39355238437508433
2018-06-14 02:12:00,0.38456526512391065
2018-06-14 02:15:00,0.3433909967956197
2018-06-14 02:18:00,0.3935301808851932
2018-06-14 02:21:00,0.24821186634471815
2018-06-14 02:24:00,0.39842054825356854
2018-06-14 02:27:00,0.32299867321694364
2018-06-14 02:30:00,0.28312369254342684
2018-06-14 02:33:00,0.3629027373833651
2018-06-14 02:36:00,0.2657106963382603
2018-06-14 02:39:00,0.32282898930833426
2018-06-14 02:42:00,0.29771056716441535
2018-06-14 02:45:00,0.42734577385499506
2018-06-14 02:48:00,0.22524665320514714
2018-06-14 02:51:00,0.34765345107751955
2018-06-14 02:54:00,0.2690790533678751
2018-06-14 02:57:00,0.4488957322990359
2018-06-14 03:00:00,0.3249294293198659
2018-06-14 03:03:00,0.28457021136364347
2018-06-14 03:06:00,0.25139038413425396
2018-06-14 03:09:00,0.30858059099864477
2018-06-14 03:12:00,0.2909982211166948
2018-06-14 03:15:00,0.4001469431617011
2018-06-14 03:18:00,0.24325580399028013
2018-06-14 03:21:00,0.20520051637601
2018-06-14 03:24:00,0.2775181777445255
2018-06-14 03:27:00,0.3407302099040521
2018-06-14 03:30:00,0.3246565140379971
2018-06-14 03:33:00,0.3339638076013216
2018-06-14 03:36:00,0.2868193317195846
2018-06-14 03:39:00,0.3847135968051134
2018-06-14 03:42:00,0.39363310845322985
2018-06-14 03:45:00,0.35781905656949675
2018-06-14 03:48:00,0.3400023659880276
2018-06-14 03:51:00,0.2982294149301765
2018-06-14 03:54:00,0.2504005546199437
2018-06-14 03:57:00,0.31800738158392505
2018-06-14 04:00:00,0.418268330836554
2018-06-14 04:03:00,0.42145780674792377
2018-06-14 04:06:00,0.37054941666315244
2018-06-14 04:09:00,0.4789517837944004
2018-06-14 04:12:00,0.36396568790200945
2018-06-14 04:15:00,0.35646228904323607
2018-06-14 04:18:00,0.4394210977966395
2018-06-14 04:21:00,0.4598375107913739
2018-06-14 04:24:00,0.5160069590441481
2018-06-14 04:27:00,0.45446967529846916
2018-06-14 04:30:00,0.4539009770826965
2018-06-14 04:33:00,0.48949664218611133
2018-06-14 04:36:00,0.5082584102260626
2018-06-14 04:39:00,0.4648726816838007
2018-06-14 04:42:00,0.5366991775494512
2018-06-14 04:45:00,0.5760034316851943
2018-06-14 04:48:00,0.46493133048045365
2018-06-14 04:51:00,0.4534285992190803
2018-06-14 04:54:00,0.429922277684625
2018-06-14 04:57:00,0.40370841692890735
2018-06-14 05:00:00,0.44145314087182896
2018-06-14 05:03:00,0.38596959695127
2018-06-14 05:06:00,0.4595437716266133
2018-06-14 05:09:00,0.44178031055236033
2018-06-14 05:12:00,0.4492686465860629
2018-06-14 05:15:00,0.44290406206835087
2018-06-14 05:18:00,0.4304034001622199
2018-06-14 05:21:00,0.4327391592979666
2018-06-14 05:24:00,0.38751103706880485
2018-06-14 05:27:00,0.505050346719031
2018-06-14 05:30:00,0.49806258201635956
2018-06-14 05:33:00,0.48832825676697666
2018-06-14 05:36:00,0.5573383491499158
2018-06-14 05:39:00,0.5149610746751137
2018-06-14 05:42:00,0.48291455412726236
2018-06-14 05:45:00,0.5914566394687313
2018-06-14 05:48:00,0.4544007095826146
2018-06-14 05:51:00,0.476212570441362
2018-06-14 05:54:00,0.571035892929558
2018-06-14 05:57:00,0.5759431347889858
2018-06-14 06:00:00,0.4909504133876794
2018-06-14 06:03:00,0.5336734104780589
2018-06-14 06:06:00,0.5677720468611369
2018-06-14 06:09:00,0.5750571853490101
2018-06-14 06:12:00,0.5885360568168494
2018-06-14 06:15:00,0.4860093588968084
2018-06-14 06:18:00,0.5575206299002957
2018-06-14 06:21:00,0.5239651816962692
2018-06-14 06:24:00,0.5197163981834478
2018-06-14 06:27:00,0.4801043488520236
2018-06-14 06:30:00,0.49131014960522634
2018-06-14 06:33:00,0.413980534172083
2018-06-14 06:36:00,0.5108121128409948
2018-06-14 06:39:00,0.45973466917655514
2018-06-14 06:42:00,0.6286835926605931
2018-06-14 06:45:00,0.5556923470622337
2018-06-14 06:48:00,0.5727151497201817
2018-06-14 06:51:00,0.5043163519552536
2018-06-14 06:54:00,0.5333240232782259
2018-06-14 06:57:00,0.569430584967904
2018-06-14 07:00:00,0.47787598661824404
2018-06-14 07:03:00,0.5067543192240009
2018-06-14 07:06:00,0.4792609386423692
2018-06-14 07:09:00,0.49519514298151535
2018-06-14 07:12:00,0.5281746974911243
2018-06-14 07:15:00,0.5122466873864937
2018-06-14 07:18:00,0.5260220475294659
2018-06-14 07:21:00,0.43586823514914386
2018-06-14 07:24:00,0.46135444880735577
2018-06-14 07:27:00,0.39695198111576246
2018-06-14 07:30:00,0.35796106488902524
2018-06-14 07:33:00,0.43044842426587593
2018-06-14 07:36:00,0.5083283485456604
2018-06-14 07:39:00,0.5101849115447976
2018-06-14 07:42:00,0.5163437957222072
2018-06-14 07:45:00,0.5019304678741605
2018-06-14 07:48:00,0.5692654606059477
2018-06-14 07:51:00,0.4822720296604075
2018-06-14 07:54:00,0.4406860398871686
2018-06-14 07:57:00,0.5332918646690814
2018-06-14 08:00:00,0.5169549764037242
2018-06-14 08:03:00,0.5203543625548832
2018-06-14 08:06:00,0.5631500343044991
2018-06-14 08:09:00,0.49295113930412526
2018-06-14 08:12:00,0.5365288485726296
2018-06-14 08:15:00,0.6012106051707633
2018-06-14 08:18:00,0.439481582568817
2018-06-14 08:21:00,0.518414293170224
2018-06-14 08:24:00,0.45211840708782347
2018-06-14 08:27:00,0.4743700901096304
2018-06-14 08:30:00,0.4599438497632491
2018-06-14 08:33:00,0.49767776682739395
2018-06-14 08:36:00,0.4760546456066663
2018-06-14 08:39:00,0.4508565666785671
2018-06-14 08:42:00,0.4255144527211314
2018-06-14 08:45:00,0.4836052644154165
2018-06-14 08:48:00,0.4465900490936292
2018-06-14 08:51:00,0.43788773193762154
2018-06-14 08:54:00,0.4454614977127562
2018-06-14 08:57:00,0.47321698353778174
2018-06-14 09:00:00,0.4518922262823253
2018-06-14 09:03:00,0.35100389339623916
2018-06-14 09:06:00,0.4292359766727145
2018-06-14 09:09:00,0.43687152150920383
2018-06-14 09:12:00,0.3801306196530163
2018-06-14 09:15:00,0.3439371235931503
2018-06-14 09:18:00,0.4051793638386698
2018-06-14 09:21:00,0.4780538789344746
2018-06-14 09:24:00,0.41277951827254356
2018-06-14 09:27:00,0.4330012966044592
2018-06-14 09:30:00,0.40760212865160383
2018-06-14 09:33:00,0.3414141486628637
2018-06-14 09:36:00,0.32713501456828453
2018-06-14 09:39:00,0.268719107031302
2018-06-14 09:42:00,0.427618790408701
2018-06-14 09:45:00,0.25738297612463157
2018-06-14 09:48:00,0.34940041747665873
2018-06-14 09:51:00,0.2718837185422558
2018-06-14 09:54:00,0.3547487010791883
2018-06-14 09:57:00,0.3023763434918578
2018-06-14 10:00:00,0.26220159064519066
2018-06-14 10:03:00,0.2705835690615572
2018-06-14 10:06:00,0.29556854971855273
2018-06-14 10:09:00,0.40364116116131754
2018-06-14 10:12:00,0.2724273270594608
2018-06-14 10:15:00,0.27760939405231966
2018-06-14 10:18:00,0.19808985737938656
2018-06-14 10:21:00,0.28403767790547363
2018-06-14 10:24:00,0.2375753337020683
2018-06-14 10:27:00,0.17230603644247822
2018-06-14 10:30:00,0.12423613494212304
2018-06-14 10:33:00,0.1491352048627732
2018-06-14 10:36:00,0.1649894411369246
2018-06-14 10:39:00,0.102204643920345
2018-06-14 10:42:00,-0.004207845417454337
2018-06-14 10:45:00,0.037810590915057674
2018-06-14 10:48:00,0.08218481666756361
2018-06-14 10:51:00,0.043902361778975774
2018-06-14 10:54:00,-0.013141046330702011
2018-06-14 10:57:00,-0.1465662999972892
2018-06-14 11:00:00,0.026295092907218987
2018-06-14 11:03:00,-0.09944758922313213
2018-06-14 11:06:00,0.0067788088670681645
2018-06-14 11:09:00,-0.033927832915424005
2018-06-14 11:12:00,-0.01939375650005104
2018-06-14 11:15:00,-0.11654358774637785
2018-06-14 11:18:00,-0.18460405676211167
2018-06-14 11:21:00,-0.1189717127654717
2018-06-14 11:24:00,-0.16283523380309362
2018-06-14 11:27:00,-0.08714935124544354
2018-06-14 11:30:00,-0.08745183439378934
2018-06-14 11:33:00,-0.09175460119917034
2018-06-14 11:36:00,-0.07813067309825783
2018-06-14 11:39:00,-0.16898794881029744
2018-06-14 11:42:00,-0.11996106204060197
2018-06-14 11:45:00,-0.2347471367464209
2018-06-14 11:48:00,-0.095665628405186
2018-06-14 11:51:00,-0.09294758701889805
2018-06-14 11:54:00,-0.024474876202191354
2018-06-14 11:57:00,-0.19731801316572728
2018-06-14 12:00:00,-0.05920974788710964
2018-06-14 12:03:00,-0.017207268248398577
2018-06-14 12:06:00,-0.032358204738557106
2018-06-14 12:09:00,-0.07359121380159195
2018-06-14 12:12:00,0.10747039741664821
2018-06-14 12:15:00,0.053963791791886706
2018-06-14 12:18:00,0.17608381837698062
2018-06-14 12:21:00,0.043650793955691825
2018-06-14 12:24:00,0.012026368850058589
2018-06-14 12:27:00,-0.12157164508283813
2018-06-14 12:30:00,-0.15533548033187117
2018-06-14 12:33:00,-0.0823433201660464
2018-06-14 12:36:00,-0.14136255069570325
2018-06-14 12:39:00,-0.17568011214513035
2018-06-14 12:42:00,-0.22637987167257734
2018-06-14 12:45:00,-0.24951138234013115
2018-06-14 12:48:00,-0.3866829931490088
2018-06-14 12:51:00,-0.16116324697230766
2018-06-14 12:54:00,-0.25954195048558404
2018-06-14 12:57:00,-0.224405536985671
2018-06-14 13:00:00,-0.1700287380292025
2018-06-14 13:03:00,-0.202694747871476
2018-06-14 13:06:00,-0.20446353913661142
2018-06-14 13:09:00,-0.10424721941768667
2018-06-14 13:12:00,-0.2032341284613608
2018-06-14 13:15:00,-0.36486597416109134
2018-06-14 13:18:00,-0.3279935561712932
2018-06-14 13:21:00,-0.24096142637057483
2018-06-14 13:24:00,-0.1314169739822546
2018-06-14 13:27:00,-0.2521888707781841
2018-06-14 13:30:00,-0.08079526925240543
2018-06-14 13:33:00,-0.09259542376463514
2018-06-14 13:36:00,-0.24465859664439904
2018-06-14 13:39:00,-0.1613703890620286
2018-06-14 13:42:00,-0.22544742977908072
2018-06-14 13:45:00,-0.23141528686977608
2018-06-14 13:48:00,-0.01596881437490083
2018-06-14 13:51:00,-0.0003897921106954527
2018-06-14 13:54:00,-0.05379633407943629
2018-06-14 13:57:00,-0.16326232291862652
2018-06-14 14:00:00,-0.262822970727143
2018-06-14 14:03:00,-0.16624202057539605
2018-06-14 14:06:00,-0.26009782992935015
2018-06-14 14:09:00,-0.1400000477535741
2018-06-14 14:12:00,-0.21831236777029517
2018-06-14 14:15:00,-0.19191408393754728
2018-06-14 14:18:00,-0.18294542197094188
2018-06-14 14:21:00,-0.03832404470148276
2018-06-14 14:24:00,-0.03489855473708303
2018-06-14 14:27:00,-0.2697692227380344
2018-06-14 14:30:00,-0.14523362517275018
2018-06-14 14:33:00,-0.20689244300740484
2018-06-14 14:36:00,-0.17931447707377401
2018-06-14 14:39:00,-0.20974419813433087
2018-06-14 14:42:00,-0.08114052080225065
2018-06-14 14:45:00,-0.2093469891578934
2018-06-14 14:48:00,0.004517478833236055
2018-06-14 14:51:00,-0.20617735669412696
2018-06-14 14:54:00,-0.09748933677400373
2018-06-14 14:57:00,0.0395661505522753
2018-06-14 15:00:00,-0.015396047886270026
2018-06-14 15:03:00,0.09653508601576277
2018-06-14 15:06:00,-0.024681486763938665
2018-06-14 15:09:00,0.07661748825654513
2018-06-14 15:12:00,0.03178736316203867
2018-06-14 15:15:00,-0.01170580965725776
2018-06-14 15:18:00,0.054549117650310563
2018-06-14 15:21:00,-0.07263848947809493
2018-06-14 15:24:00,-0.11864600037341688
2018-06-14 15:27:00,-0.04187447861573901
2018-06-14 15:30:00,-0.09518275527238984
2018-06-14 15:33:00,-0.1098902182469601
2018-06-14 15:36:00,-0.008468301886296103
2018-06-14 15:39:00,0.026652712606676232
2018-06-14 15:42:00,0.001604575653914253
2018-06-14 15:45:00,0.17546375511676615
2018-06-14 15:48:00,0.10810510780351024
2018-06-14 15:51:00,0.10648134195076864
2018-06-14 15:54:00,0.1278235782276056
2018-06-14 15:57:00,0.18270658651078975
2018-06-14 16:00:00,0.08848364768050487
2018-06-14 16:03:00,0.107028590277082
2018-06-14 16:06:00,0.18427348719461634
2018-06-14 16:09:00,0.08862504058248533
2018-06-14 16:12:00,0.2357525922024024
2018-06-14 16:15:00,0.40676578411546416
2018-06-14 16:18:00,0.22997204332142474
2018-06-14 16:21:00,0.3487833251717234
2018-06-14 16:24:00,0.4291857904153744
2018-06-14 16:27:00,0.28230076158922657
2018-06-14 16:30:00,0.35175401854917254
2018-06-14 16:33:00,0.34830405140826315
2018-06-14 16:36:00,0.5828535183883901
2018-06-14 16:39:00,0.7503741172303648
2018-06-14 16:42:00,0.7787508444017703
2018-06-14 16:45:00,0.5455999790921737
2018-06-14 16:48:00,0.5814728818335766
2018-06-14 16:51:00,0.51024818541282
2018-06-14 16:54:00,0.49879916999225316
2018-06-14 16:57:00,0.47031658288119615
2018-06-14 17:00:00,0.542534250992162
2018-06-14 17:03:00,0.9032944052071912
2018-06-14 17:06:00,1.066724536879633
2018-06-14 17:09:00,0.9247842646203139
2018-06-14 17:12:00,0.7935776288796887
2018-06-14 17:15:00,0.5262035805430969
2018-06-14 17:18:00,0.5943961842551175
2018-06-14 17:21:00,0.6244393602718219
2018-06-14 17:24:00,0.5125157072333195
2018-06-14 17:27:00,0.5672337433962866
2018-06-14 17:30:00,0.48691146479046665
2018-06-14 17:33:00,0.5560284471266641
2018-06-14 17:36:00,0.5393956723310112
2018-06-14 17:39:00,0.5046319701547191
2018-06-14 17:42:00,0.5743039587048315
2018-06-14 17:45:00,0.5509786758242399
2018-06-14 17:48:00,0.5812289237214827
2018-06-14 17:51:00,0.5002956078496936
2018-06-14 17:54:00,0.6286155896216883
2018-06-14 17:57:00,0.5629210019183688
2018-06-14 18:00:00,0.6803281017349718
2018-06-14 18:03:00,0.6003415500022129
2018-06-14 18:06:00,0.6131610535372829
2018-06-14 18:09:00,0.6438587263230033
2018-06-14 18:12:00,0.5436078965732349
2018-06-14 18:15:00,0.5838735835044986
2018-06-14 18:18:00,0.5722087367203699
2018-06-14 18:21:00,0.5112225502668366
2018-06-14 18:24:00,0.6005463600686767
2018-06-14 18:27:00,0.5635429527770839
2018-06-14 18:30:00,0.4554333954902745
2018-06-14 18:33:00,0.554706542323288
2018-06-14 18:36:00,0.5372078003567253
2018-06-14 18:39:00,0.47530179237958237
2018-06-14 18:42:00,0.45655051329441676
2018-06-14 18:45:00,0.4616204967892372
2018-06-14 18:48:00,0.4225919015378281
2018-06-14 18:51:00,0.5532371004231322
2018-06-14 18:54:00,
2018-06-14 18:57:00,
2018-06-14 19:00:00,
2018-06-14 19:03:00,
2018-06-14 19:06:00,
2018-06-14 19:09:00,0.433298317632989
2018-06-14 19:12:00,0.38054578961998686
2018-06-14 19:15:00,0.35853398089756183
2018-06-14 19:18:00,0.36918128366437486
2018-06-14 19:21:00,0.5263292833304263
2018-06-14 19:24:00,0.40195259528275074
2018-06-14 19:27:00,0.5401522063862103
2018-06-14 19:30:00,0.4313079372681159
2018-06-14 19:33:00,0.45046345845497626
2018-06-14 19:36:00,0.413210869384784
2018-06-14 19:39:00,0.5061876310585944
2018-06-14 19:42:00,0.5202787196972736
2018-06-14 19:45:00,0.4802712799569804
2018-06-14 19:48:00,0.47794977965446606
2018-06-14 19:51:00,0.48424341364676593
2018-06-14 19:54:00,0.5021286402410396
2018-06-14 19:57:00,0.4120268652621917
2018-06-14 20:00:00,0.3776010290972067
2018-06-14 20:03:00,0.5438682415036737
2018-06-14 20:06:00,0.48957144891238613
2018-06-14 20:09:00,0.46270092512202154
2018-06-14 20:12:00,0.36575856385263705
2018-06-14 20:15:00,0.47119762647832886
2018-06-14 20:18:00,0.4734968535199755
2018-06-14 20:21:00,0.46703455223348556
2018-06-14 20:24:00,0.5390193726112216
2018-06-14 20:27:00,0.4549835746518056
2018-06-14 20:30:00,0.46982973533835093
2018-06-14 20:33:00,0.5268360888829307
2018-06-14 20:36:00,0.5214339986355299
2018-06-14 20:39:00,0.5621829071689035
2018-06-14 20:42:00,0.4784516967998229
2018-06-14 20:45:00,0.543044784093297
2018-06-14 20:48:00,0.5096369446538347
2018-06-14 20:51:00,0.5052349455224316
2018-06-14 20:54:00,0.5391315791041507
2018-06-14 20:57:00,0.4868869099184394
2018-06-14 21:00:00,0.5024874614288137
2018-06-14 21:03:00,0.44994649471613
2018-06-14 21:06:00,0.586346013701359
2018-06-14 21:09:00,0.5323822919010581
2018-06-14 21:12:00,0.4984521388968801
2018-06-14 21:15:00,0.5345511060584158
2018-06-14 21:18:00,0.5154099736248554
2018-06-14 21:21:00,0.39802932514629674
2018-06-14 21:24:00,0.6007053507466367
2018-06-14 21:27:00,0.5831535445847749
2018-06-14 21:30:00,0.5178221114051098
2018-06-14 21:33:00,0.5139902846661926
2018-06-14 21:36:00,0.45861266094203756
2018-06-14 21:39:00,0.6215965813864273
2018-06-14 21:42:00,0.5217916885793557
2018-06-14 21:45:00,0.506736952275503
2018-06-14 21:48:00,0.4666477653926222
2018-06-14 21:51:00,0.5204513168662288
2018-06-14 21:54:00,0.557639335995475
2018-06-14 21:57:00,0.42171891159910047
2018-06-14 22:00:00,0.5277752239506412
2018-06-14 22:03:00,0.485058347530412
2018-06-14 22:06:00,0.5984490683956096
2018-06-14 22:09:00,0.7059362384773067
2018-06-14 22:12:00,0.5213259395918612
2018-06-14 22:15:00,0.5549350629917171
2018-06-14 22:18:00,0.5403757557255631
2018-06-14 22:21:00,0.5989724170706268
2018-06-14 22:24:00,0.6484581593069834
2018-06-14 22:27:00,0.757510781747726
2018-06-14 22:30:00,0.49653584024849806
2018-06-14 22:33:00,0.5868592697336794
2018-06-14 22:36:00,0.5807275402941059
2018-06-14 22:39:00,0.554680928988887
2018-06-14 22:42:00,0.5427009373838132
2018-06-14 22:45:00,0.5144373787019276
2018-06-14 22:48:00,0.6048327148865269
2018-06-14 22:51:00,0.5810863828085644
2018-06-14 22:54:00,0.4694187754195127
2018-06-14 22:57:00,0.7021895228307926
2018-06-14 23:00:00,0.565488794809994
2018-06-14 23:03:00,0.6027876684376565
2018-06-14 23:06:00,0.5090681292359136
2018-06-14 23:09:00,0.5486477677973198
2018-06-14 23:12:00,0.44642926254698523
2018-06-14 23:15:00,0.5223106337848549
2018-06-14 23:18:00,0.5602268126206695
2018-06-14 23:21:00,0.4888085952330812
2018-06-14 23:24:00,0.6019254881531424
2018-06-14 23:27:00,0.5124086738234723
2018-06-14 23:30:00,0.5261919100803993
2018-06-14 23:33:00,0.5784633870783864
2018-06-14 23:36:00,0.5165684298294195
2018-06-14 23:39:00,0.4047684617212326
2018-06-14 23:42:00,0.5060812927325173
2018-06-14 23:45:00,0.4409298458344324
2018-06-14 23:48:00,0.5067984158947638
2018-06-14 23:51:00,0.5386099735744097
2018-06-14 23:54:00,0.5866921728324996
2018-06-14 23:57:00,0.5268509408750219
2018-06-15 00:00:00,0.5557330631866648
2018-06-15 00:03:00,0.5544955386903325
2018-06-15 00:06:00,0.5454814601055205
2018-06-15 00:09:00,0.5816609627435128
2018-06-15 00:12:00,0.5920144710396471
2018-06-15 00:15:00,0.6138407417437861
2018-06-15 00:18:00,0.5862568375521278
2018-06-15 00:21:00,0.4796524410552365
2018-06-15 00:24:00,0.5974178175921452
2018-06-15 00:27:00,0.5244349959355077
2018-06-15 00:30:00,0.5298115012708422
2018-06-15 00:33:00,0.555725320932595
2018-06-15 00:36:00,0.5451680442743054
2018-06-15 00:39:00,0.5365292245717228
2018-06-15 00:42:00,0.5972740884379277
2018-06-15 00:45:00,0.5844658670434342
2018-06-15 00:48:00,0.6610401699443855
2018-06-15 00:51:00,0.5738479991184704
2018-06-15 00:54:00,0.6294468457937796
2018-06-15 00:57:00,0.6013350924330894
2018-06-15 01:00:00,0.6598494669257775
2018-06-15 01:03:00,0.5805030701965848
2018-06-15 01:06:00,0.6810621380542443
2018-06-15 01:09:00,0.6654128807474535
2018-06-15 01:12:00,0.5853535315871454
2018-06-15 01:15:00,0.5796459628155617
2018-06-15 01:18:00,0.5665663480011744
2018-06-15 01:21:00,0.6774925124876745
2018-06-15 01:24:00,0.5040919857057133
2018-06-15 01:27:00,0.606702952276521
2018-06-15 01:30:00,0.5448184025432852
2018-06-15 01:33:00,0.6681567619580733
2018-06-15 01:36:00,0.7076335140729952
2018-06-15 01:39:00,0.6978125611596511
2018-06-15 01:42:00,0.5811171267534405
2018-06-15 01:45:00,0.6777320217128135
2018-06-15 01:48:00,0.6402409213317242
2018-06-15 01:51:00,0.560736162335786
2018-06-15 01:54:00,0.6091951835477403
2018-06-15 01:57:00,0.5340089031745947
2018-06-15 02:00:00,0.4842718889260027
2018-06-15 02:03:00,0.5473212922614721
2018-06-15 02:06:00,0.6178972612270286
2018-06-15 02:09:00,0.6949116311486705
2018-06-15 02:12:00,0.5686005989810496
2018-06-15 02:15:00,0.6125556156164293
2018-06-15 02:18:00,0.5841115602287914
2018-06-15 02:21:00,0.6242477977276053
2018-06-15 02:24:00,0.646122540612339
2018-06-15 02:27:00,0.5382927526356411
2018-06-15 02:30:00,0.5807966302798491
2018-06-15 02:33:00,0.6170516525170342
2018-06-15 02:36:00,0.5910846663441021
2018-06-15 02:39:00,0.5616910656282244
2018-06-15 02:42:00,0.5059632476647948
2018-06-15 02:45:00,0.6397513591086295
2018-06-15 02:48:00,0.524811798780604
2018-06-15 02:51:00,0.656568644858396
2018-06-15 02:54:00,0.7082929841166674
2018-06-15 02:57:00,0.6673870959687633
2018-06-15 03:00:00,0.6580879456152502
2018-06-15 03:03:00,0.6355950408614035
2018-06-15 03:06:00,0.5421798054917986
2018-06-15 03:09:00,0.6391566632848367
2018-06-15 03:12:00,0.5795095592356461
2018-06-15 03:15:00,0.5890877660784781
2018-06-15 03:18:00,0.5897684424382419
2018-06-15 03:21:00,0.6392311684082301
2018-06-15 03:24:00,0.647028338845189
2018-06-15 03:27:00,0.49932159154491274
2018-06-15 03:30:00,0.5997809281412856
2018-06-15 03:33:00,0.7188711099713032
2018-06-15 03:36:00,0.6316997507057067
2018-06-15 03:39:00,0.738937277671937
2018-06-15 03:42:00,0.7099358339879132
2018-06-15 03:45:00,0.6646964056754427
2018-06-15 03:48:00,0.6368748801118613
2018-06-15 03:51:00,0.5469894118143657
2018-06-15 03:54:00,0.6812614799467269
2018-06-15 03:57:00,0.6276324487453167
2018-06-15 04:00:00,0.7281581305807663
2018-06-15 04:03:00,0.5861373601099444
2018-06-15 04:06:00,0.5735479831204771
2018-06-15 04:09:00,0.6744203237911961
2018-06-15 04:12:00,0.587512310834029
2018-06-15 04:15:00,0.5736979030269254
2018-06-15 04:18:00,0.6317889043253331
2018-06-15 04:21:00,0.6029896128198402
2018-06-15 04:24:00,0.6034028480082156
2018-06-15 04:27:00,0.5141263895579868
2018-06-15 04:30:00,0.5988213886452627
2018-06-15 04:33:00,0.6390691956564183
2018-06-15 04:36:00,0.5417895456487258
2018-06-15 04:39:00,0.6370970936625895
2018-06-15 04:42:00,0.6549270597921009
2018-06-15 04:45:00,0.5394178850520461
2018-06-15 04:48:00,0.6052661539592918
2018-06-15 04:51:00,0.5265622284262008
2018-06-15 04:54:00,0.5086494568394642
2018-06-15 04:57:00,0.5767874028177857
2018-06-15 05:00:00,0.5987619878272881
2018-06-15 05:03:00,0.6337293328348323
2018-06-15 05:06:00,0.6925698354087331
2018-06-15 05:09:00,0.5507077850538167
2018-06-15 05:12:00,0.5584629805965733
2018-06-15 05:15:00,0.636392182158545
2018-06-15 05:18:00,0.6357416128869318
2018-06-15 05:21:00,0.665461802515324
2018-06-15 05:24:00,0.6131106910490871
2018-06-15 05:27:00,0.7425624054345121
2018-06-15 05:30:00,0.6508593499414133
2018-06-15 05:33:00,0.6226025507183408
2018-06-15 05:36:00,0.6407423654715103
2018-06-15 05:39:00,0.623543879848171
2018-06-15 05:42:00,0.5924461993259342
2018-06-15 05:45:00,0.6835621694524434
2018-06-15 05:48:00,0.6079269631970874
2018-06-15 05:51:00,0.6470202101211271
2018-06-15 05:54:00,0.5976645035442516
2018-06-15 05:57:00,0.6583753183286376
2018-06-15 06:00:00,0.5216908740534336
2018-06-15 06:03:00,0.6359766215030618
2018-06-15 06:06:00,0.5741285006664043
2018-06-15 06:09:00,0.5963635901992461
2018-06-15 06:12:00,0.6750827499256502
2018-06-15 06:15:00,0.561063666729865
2018-06-15 06:18:00,0.5509766374809715
2018-06-15 06:21:00,0.7248800026145545
2018-06-15 06:24:00,0.6149254239311972
2018-06-15 06:27:00,0.7438863431511891
2018-06-15 06:30:00,0.6552372637695498
2018-06-15 06:33:00,0.6430108283144023
2018-06-15 06:36:00,0.6278471953040707
2018-06-15 06:39:00,0.6413279099452893
2018-06-15 06:42:00,0.6541442746568578
2018-06-15 06:45:00,0.7052075913783256
2018-06-15 06:48:00,0.5926117872405712
2018-06-15 06:51:00,0.6704162646712462
2018-06-15 06:54:00,0.6037087198994868
2018-06-15 06:57:00,0.6452471541333011
2018-06-15 07:00:00,0.6653703637624631
2018-06-15 07:03:00,0.6378258720992562
2018-06-15 07:06:00,0.7016361517222549
2018-06-15 07:09:00,0.6975094280135181
2018-06-15 07:12:00,0.7236205730223446
2018-06-15 07:15:00,0.571892805978564
2018-06-15 07:18:00,0.7327737999096939
2018-06-15 07:21:00,0.6464434121150475
2018-06-15 07:24:00,0.6212026196004672
2018-06-15 07:27:00,0.645977224533226
2018-06-15 07:30:00,0.6628165706969753
2018-06-15 07:33:00,0.6079909779342074
2018-06-15 07:36:00,0.6283213812753274
2018-06-15 07:39:00,0.7469492367573025
2018-06-15 07:42:00,0.5925198010829718
2018-06-15 07:45:00,0.6190959305591264
2018-06-15 07:48:00,0.6518295876562661
2018-06-15 07:51:00,0.6874554542178544
2018-06-15 07:54:00,0.5793092888444562
2018-06-15 07:57:00,0.6830884840236422
2018-06-15 08:00:00,0.5918286757627129
2018-06-15 08:03:00,0.5342775382553668
2018-06-15 08:06:00,0.6104970075095935
2018-06-15 08:09:00,0.5559605743868588
2018-06-15 08:12:00,0.5093441203967473
2018-06-15 08:15:00,0.5077897969075593
2018-06-15 08:18:00,0.4863742991763047
2018-06-15 08:21:00,0.4352459470876511
2018-06-15 08:24:00,0.445570459630801
2018-06-15 08:27:00,0.3759276443099111
2018-06-15 08:30:00,
2018-06-15 08:33:00,
2018-06-15 08:36:00,0.4237785920876149
2018-06-15 08:39:00,
2018-06-15 08:42:00,
2018-06-15 08:45:00,
2018-06-15 08:48:00,
2018-06-15 08:51:00,
2018-06-15 08:54:00,
2018-06-15 08:57:00,
2018-06-15 09:00:00,
2018-06-15 09:03:00,
2018-06-15 09:06:00,
2018-06-15 09:09:00,
2018-06-15 09:12:00,
2018-06-15 09:15:00,
2018-06-15 09:18:00,
2018-06-15 09:21:00,
2018-06-15 09:24:00,
2018-06-15 09:27:00,
2018-06-15 09:30:00,
2018-06-15 09:33:00,
2018-06-15 09:36:00,
2018-06-15 09:39:00,
2018-06-15 09:42:00,
2018-06-15 09:45:00,
2018-06-15 09:48:00,
2018-06-15 09:51:00,
2018-06-15 09:54:00,
2018-06-15 09:57:00,
2018-06-15 10:00:00,
2018-06-15 10:03:00,
2018-06-15 10:06:00,
2018-06-15 10:09:00,
2018-06-15 10:12:00,
2018-06-15 10:15:00,
2018-06-15 10:18:00,
2018-06-15 10:21:00,
2018-06-15 10:24:00,
2018-06-15 10:27:00,
2018-06-15 10:30:00,
2018-06-15 10:33:00,
2018-06-15 10:36:00,
2018-06-15 10:39:00,
2018-06-15 10:42:00,
2018-06-15 10:45:00,
2018-06-15 10:48:00,
2018-06-15 10:51:00,
2018-06-15 10:54:00,
2018-06-15 10:57:00,
2018-06-15 11:00:00,
2018-06-15 11:03:00,
2018-06-15 11:06:00,
2018-06-15 11:09:00,
2018-06-15 11:12:00,
2018-06-15 11:15:00,
2018-06-15 11:18:00,
2018-06-15 11:21:00,
2018-06-15 11:24:00,
2018-06-15 11:27:00,
2018-06-15 11:30:00,
2018-06-15 11:33:00,
2018-06-15 11:36:00,
2018-06-15 11:39:00,
2018-06-15 11:42:00,
2018-06-15 11:45:00,
2018-06-15 11:48:00,
2018-06-15 11:51:00,
2018-06-15 11:54:00,
2018-06-15 11:57:00,
2018-06-15 12:00:00,
2018-06-15 12:03:00,
2018-06-15 12:06:00,
2018-06-15 12:09:00,
2018-06-15 12:12:00,
2018-06-15 12:15:00,
2018-06-15 12:18:00,
2018-06-15 12:21:00,
2018-06-15 12:24:00,
2018-06-15 12:27:00,
2018-06-15 12:30:00,
2018-06-15 12:33:00,
2018-06-15 12:36:00,
2018-06-15 12:39:00,
2018-06-15 12:42:00,
2018-06-15 12:45:00,
2018-06-15 12:48:00,
2018-06-15 12:51:00,
2018-06-15 12:54:00,
2018-06-15 12:57:00,
2018-06-15 13:00:00,
2018-06-15 13:03:00,
2018-06-15 13:06:00,
2018-06-15 13:09:00,
2018-06-15 13:12:00,
2018-06-15 13:15:00,
2018-06-15 13:18:00,
2018-06-15 13:21:00,
2018-06-15 13:24:00,
2018-06-15 13:27:00,
2018-06-15 13:30:00,
2018-06-15 13:33:00,
2018-06-15 13:36:00,
2018-06-15 13:39:00,
2018-06-15 13:42:00,
2018-06-15 13:45:00,
2018-06-15 13:48:00,
2018-06-15 13:51:00,
2018-06-15 13:54:00,
2018-06-15 13:57:00,
2018-06-15 14:00:00,
2018-06-15 14:03:00,
2018-06-15 14:06:00,
2018-06-15 14:09:00,0.4935954318062272
2018-06-15 14:12:00,
2018-06-15 14:15:00,
2018-06-15 14:18:00,
2018-06-15 14:21:00,
2018-06-15 14:24:00,-0.3470464793123824
2018-06-15 14:27:00,-0.5778717135751208
2018-06-15 14:30:00,-0.4650731954980074
2018-06-15 14:33:00,-0.4191575876445768
2018-06-15 14:36:00,-0.37968745309132146
2018-06-15 14:39:00,-0.43099975051990214
2018-06-15 14:42:00,-0.4011158070081251
2018-06-15 14:45:00,-0.3796680670511705
2018-06-15 14:48:00,-0.30594287279200216
2018-06-15 14:51:00,-0.41709234466640055
2018-06-15 14:54:00,-0.3324072283389796
2018-06-15 14:57:00,-0.37346831654872403
2018-06-15 15:00:00,-0.368050201567371
2018-06-15 15:03:00,-0.34160726098400573
2018-06-15 15:06:00,-0.508242571962171
2018-06-15 15:09:00,-0.45973828067172917
2018-06-15 15:12:00,-0.5129362603201457
2018-06-15 15:15:00,-0.3951158875443639
2018-06-15 15:18:00,-0.5254700194847715
2018-06-15 15:21:00,-0.44315677081067406
2018-06-15 15:24:00,-0.40320929607889866
2018-06-15 15:27:00,-0.5272149866406721
2018-06-15 15:30:00,-0.5996384976849072
2018-06-15 15:33:00,-0.5146336663227657
2018-06-15 15:36:00,-0.32377031342014106
2018-06-15 15:39:00,-0.5893948996317704
2018-06-15 15:42:00,-0.4835647384531967
2018-06-15 15:45:00,-0.43689169570387776
2018-06-15 15:48:00,-0.45874823512338025
2018-06-15 15:51:00,-0.33739387156657585
2018-06-15 15:54:00,-0.36239922492018195
2018-06-15 15:57:00,-0.38586527108788005
2018-06-15 16:00:00,-0.35360519799115764
2018-06-15 16:03:00,-0.18858859934630345
2018-06-15 16:06:00,-0.1929594337425442
2018-06-15 16:09:00,-0.22892493563949756
2018-06-15 16:12:00,-0.22065731455006699
2018-06-15 16:15:00,-0.34180854157676777
2018-06-15 16:18:00,-0.350609160450972
2018-06-15 16:21:00,-0.30911699227698364
2018-06-15 16:24:00,-0.23199716208409882
2018-06-15 16:27:00,-0.13774529073077701
2018-06-15 16:30:00,0.029725306032958088
2018-06-15 16:33:00,0.01590251039760915
2018-06-15 16:36:00,0.1121891026758135
2018-06-15 16:39:00,-0.024744593486104804
2018-06-15 16:42:00,-0.22555686934282448
2018-06-15 16:45:00,-0.2791131640867661
2018-06-15 16:48:00,-0.33938975065706245
2018-06-15 16:51:00,-0.24766821152303464
2018-06-15 16:54:00,-0.2787110104375188
2018-06-15 16:57:00,-0.2970133096773111
2018-06-15 17:00:00,-0.343784480029683
2018-06-15 17:03:00,-0.3409683323841932
2018-06-15 17:06:00,-0.3396752462340942
2018-06-15 17:09:00,-0.3307528823282837
2018-06-15 17:12:00,-0.4068001430144932
2018-06-15 17:15:00,-0.28339122928207416
2018-06-15 17:18:00,-0.29732813795442325
2018-06-15 17:21:00,-0.3557299564124037
2018-06-15 17:24:00,-0.46002359907168966
2018-06-15 17:27:00,-0.22889130601629404
2018-06-15 17:30:00,-0.370038742052202
2018-06-15 17:33:00,-0.32561918056472905
2018-06-15 17:36:00,-0.3246964882700354
2018-06-15 17:39:00,-0.2914671282820791
2018-06-15 17:42:00,-0.3905370269785635
2018-06-15 17:45:00,-0.300413354768466
2018-06-15 17:48:00,-0.3215274154140957
2018-06-15 17:51:00,-0.27894528408239694
2018-06-15 17:54:00,-0.20368313474267552
2018-06-15 17:57:00,-0.1885887461884863
2018-06-15 18:00:00,-0.12994109025817124
2018-06-15 18:03:00,-0.08411706804048436
2018-06-15 18:06:00,-0.21415193205734795
2018-06-15 18:09:00,-0.20707920226988108
2018-06-15 18:12:00,-0.21752561175895835
2018-06-15 18:15:00,-0.14769195784037947
2018-06-15 18:18:00,-0.150494997230453
2018-06-15 18:21:00,-0.12444346896205616
2018-06-15 18:24:00,-0.07076562173978118
2018-06-15 18:27:00,-0.20446996968428266
2018-06-15 18:30:00,-0.08350810623232974
2018-06-15 18:33:00,-0.27640219026193336
2018-06-15 18:36:00,-0.28742395478002436
2018-06-15 18:39:00,-0.10915190501469851
2018-06-15 18:42:00,-0.22825984680446254
2018-06-15 18:45:00,-0.07961014532617128
2018-06-15 18:48:00,-0.18118379660461414
2018-06-15 18:51:00,
2018-06-15 18:54:00,
2018-06-15 18:57:00,
2018-06-15 19:00:00,
2018-06-15 19:03:00,-0.03439547382333785
2018-06-15 19:06:00,-0.07288463362658604
2018-06-15 19:09:00,-0.06361917356895219
2018-06-15 19:12:00,-0.008598234732062338
2018-06-15 19:15:00,0.07184273480430647
2018-06-15 19:18:00,-0.033548360244139985
2018-06-15 19:21:00,0.014546160653708284
2018-06-15 19:24:00,-0.06904667775381768
2018-06-15 19:27:00,-0.030300220097728925
2018-06-15 19:30:00,-0.0383759523422782
2018-06-15 19:33:00,-0.05155440606245065
2018-06-15 19:36:00,-0.1277208658079303
2018-06-15 19:39:00,-0.11990577574829331
2018-06-15 19:42:00,-0.018502756598024916
2018-06-15 19:45:00,-0.04483677765608718
2018-06-15 19:48:00,-0.08756652736019532
2018-06-15 19:51:00,-0.19642053119639513
2018-06-15 19:54:00,-0.0754430192395148
2018-06-15 19:57:00,-0.12057935183884183
2018-06-15 20:00:00,-0.06540064040655125
2018-06-15 20:03:00,-0.09691959389573412
2018-06-15 20:06:00,-0.13704738249208503
2018-06-15 20:09:00,-0.057376269930557555
2018-06-15 20:12:00,-0.05337546710688912
2018-06-15 20:15:00,-0.13774489839425996
2018-06-15 20:18:00,-0.10738142790751226
2018-06-15 20:21:00,-0.11404958625041672
2018-06-15 20:24:00,-0.08223777782916386
2018-06-15 20:27:00,-0.08581236633671097
2018-06-15 20:30:00,-0.152400625827795
2018-06-15 20:33:00,-0.0711259572631775
2018-06-15 20:36:00,-0.025343421948832656
2018-06-15 20:39:00,-0.0721927246062819
2018-06-15 20:42:00,-0.07419366866542987
2018-06-15 20:45:00,-0.20377747915318878
2018-06-15 20:48:00,-0.1698365873160128
2018-06-15 20:51:00,-0.12140389973592391
2018-06-15 20:54:00,-0.03470453725469724
2018-06-15 20:57:00,0.014690794207751878
2018-06-15 21:00:00,-0.08537850299569527
2018-06-15 21:03:00,-0.023965670890333968
2018-06-15 21:06:00,-0.03331503543029157
2018-06-15 21:09:00,0.07414897510051333
2018-06-15 21:12:00,0.12487223332681197
2018-06-15 21:15:00,0.15301781129420533
2018-06-15 21:18:00,0.034623452095218
2018-06-15 21:21:00,0.10181846941122785
2018-06-15 21:24:00,0.06135979886482801
2018-06-15 21:27:00,0.03736754806323006
2018-06-15 21:30:00,-0.045305843179733074
2018-06-15 21:33:00,-0.07313037984187076
2018-06-15 21:36:00,-0.014978707620059595
2018-06-15 21:39:00,-0.06924886786174511
2018-06-15 21:42:00,0.036897054863231915
2018-06-15 21:45:00,-0.09869656253454195
2018-06-15 21:48:00,-0.02039530990549565
2018-06-15 21:51:00,-0.05019643621687919
2018-06-15 21:54:00,-0.012768838715430775
2018-06-15 21:57:00,-0.042600305725102317
2018-06-15 22:00:00,0.09920592882662049
2018-06-15 22:03:00,0.012485413776857968
2018-06-15 22:06:00,-0.020887125798935813
2018-06-15 22:09:00,0.0056306367182514805
2018-06-15 22:12:00,0.07485593078047259
2018-06-15 22:15:00,0.12654613541712934
2018-06-15 22:18:00,0.06249692492667691
2018-06-15 22:21:00,0.018038773278192366
2018-06-15 22:24:00,0.07012183907568215
2018-06-15 22:27:00,0.026216657193742776
2018-06-15 22:30:00,0.01809414137915155
2018-06-15 22:33:00,-0.04190048587872752
2018-06-15 22:36:00,0.01518973234266241
2018-06-15 22:39:00,0.0730991736529063
2018-06-15 22:42:00,-0.02105781350263669
2018-06-15 22:45:00,0.029375909312420845
2018-06-15 22:48:00,0.16803043528761918
2018-06-15 22:51:00,-0.023636884006009495
2018-06-15 22:54:00,0.010695432237753266
2018-06-15 22:57:00,0.04699218995932597
2018-06-15 23:00:00,-0.01300817960122913
2018-06-15 23:03:00,-0.03611579461994552
2018-06-15 23:06:00,-0.017440265309062397
2018-06-15 23:09:00,-0.03598959110775013
2018-06-15 23:12:00,0.016267398005425093
2018-06-15 23:15:00,0.11917453838890424
2018-06-15 23:18:00,-0.010356248022958425
2018-06-15 23:21:00,0.03901953070953823
2018-06-15 23:24:00,0.04430468795777642
2018-06-15 23:27:00,-0.0855401135540319
2018-06-15 23:30:00,0.003913122104165723
2018-06-15 23:33:00,-0.03440081565025821
2018-06-15 23:36:00,0.06314508662700291
2018-06-15 23:39:00,0.029067534021692154
2018-06-15 23:42:00,0.04622579880009425
2018-06-15 23:45:00,0.09701450608815776
2018-06-15 23:48:00,0.12449205546863595
2018-06-15 23:51:00,0.07466983222332146
2018-06-15 23:54:00,0.0273032290775177
2018-06-15 23:57:00,0.03341540363152262
2018-06-16 00:00:00,0.01825611693686824
2018-06-16 00:03:00,0.03569323061861951
2018-06-16 00:06:00,0.04583625061212615
2018-06-16 00:09:00,0.08126417799093133
2018-06-16 00:12:00,0.034470168921870936
2018-06-16 00:15:00,0.0806574315600983
2018-06-16 00:18:00,-0.0032851415739969525
2018-06-16 00:21:00,-0.06202147227543264
2018-06-16 00:24:00,0.029251723196694
2018-06-16 00:27:00,0.0237823746651884
2018-06-16 00:30:00,0.07003087341303171
2018-06-16 00:33:00,0.11800605519425744
2018-06-16 00:36:00,0.19122965546790738
2018-06-16 00:39:00,0.07388274444622311
2018-06-16 00:42:00,-0.025653857781264833
2018-06-16 00:45:00,0.08335402623316668
2018-06-16 00:48:00,0.16064582007629724
2018-06-16 00:51:00,0.07834735007463678
2018-06-16 00:54:00,-0.0013823173818536816
2018-06-16 00:57:00,0.08034162918494303
2018-06-16 01:00:00,0.07671645959095486
2018-06-16 01:03:00,0.0414776520722171
2018-06-16 01:06:00,0.04949504346984668
2018-06-16 01:09:00,-0.004408049706512429
2018-06-16 01:12:00,0.020464647304834216
2018-06-16 01:15:00,-0.048305029977939284
2018-06-16 01:18:00,0.058170053606147576
2018-06-16 01:21:00,0.03191320703876954
2018-06-16 01:24:00,-0.02835333907040649
2018-06-16 01:27:00,-0.005033296906276519
2018-06-16 01:30:00,0.053387782066010914
2018-06-16 01:33:00,0.03199944114999198
2018-06-16 01:36:00,-0.04692009289306043
2018-06-16 01:39:00,0.022981431284733844
2018-06-16 01:42:00,-0.04607495089777558
2018-06-16 01:45:00,0.050373006578809054
2018-06-16 01:48:00,0.0806935610815458
2018-06-16 01:51:00,-0.029119221070175172
2018-06-16 01:54:00,-0.06880298674423102
2018-06-16 01:57:00,0.06312741359590746
2018-06-16 02:00:00,0.11956912883022142
2018-06-16 02:03:00,0.04143943398423744
2018-06-16 02:06:00,0.10512247036092504
2018-06-16 02:09:00,0.1156926838133927
2018-06-16 02:12:00,-0.015794756357877304
2018-06-16 02:15:00,0.06295714129714725
2018-06-16 02:18:00,0.03285511777249894
2018-06-16 02:21:00,0.07013932863770833
2018-06-16 02:24:00,0.19654151072541026
2018-06-16 02:27:00,0.10396165067351149
2018-06-16 02:30:00,0.08287110816814902
2018-06-16 02:33:00,0.10725987157138661
2018-06-16 02:36:00,0.07577622475020007
2018-06-16 02:39:00,0.039420549046667475
2018-06-16 02:42:00,0.10365404729401462
2018-06-16 02:45:00,0.15408832785294635
2018-06-16 02:48:00,0.10107186816395597
2018-06-16 02:51:00,0.027241948636572033
2018-06-16 02:54:00,0.041704650521182884
2018-06-16 02:57:00,0.05039324979702542
2018-06-16 03:00:00,0.16937875482142317
2018-06-16 03:03:00,0.09151221488320971
2018-06-16 03:06:00,0.10049159696723109
2018-06-16 03:09:00,0.12862244286600344
2018-06-16 03:12:00,0.06935122561884555
2018-06-16 03:15:00,0.13027998738954238
2018-06-16 03:18:00,0.1415511501602964
2018-06-16 03:21:00,0.11286238144509753
2018-06-16 03:24:00,0.10810663745473903
2018-06-16 03:27:00,0.1534830485901466
2018-06-16 03:30:00,0.11641905031382294
2018-06-16 03:33:00,0.1848301666712473
2018-06-16 03:36:00,0.1583045099078504
2018-06-16 03:39:00,0.07050113570733174
2018-06-16 03:42:00,0.33937967203115704
2018-06-16 03:45:00,0.2524122881430344
2018-06-16 03:48:00,0.1245685950926827
2018-06-16 03:51:00,0.22918070316035255
2018-06-16 03:54:00,0.16287162613139117
2018-06-16 03:57:00,0.188012358228832
2018-06-16 04:00:00,0.15616673251417978
2018-06-16 04:03:00,0.247800000374923
2018-06-16 04:06:00,0.22983838811921942
2018-06-16 04:09:00,0.2251157549673053
2018-06-16 04:12:00,0.20032067529598407
2018-06-16 04:15:00,0.19149750992244208
2018-06-16 04:18:00,0.15843790063979668
2018-06-16 04:21:00,0.24475308726607636
2018-06-16 04:24:00,0.25174874507331424
2018-06-16 04:27:00,0.18917900981051616
2018-06-16 04:30:00,0.17669813638372034
2018-06-16 04:33:00,0.19959518752966687
2018-06-16 04:36:00,0.22654333803217241
2018-06-16 04:39:00,0.20513723879537338
2018-06-16 04:42:00,0.1761306979070696
2018-06-16 04:45:00,0.2741796659742022
2018-06-16 04:48:00,0.19967800969669725
2018-06-16 04:51:00,0.2194985434815635
2018-06-16 04:54:00,0.2928417685589011
2018-06-16 04:57:00,0.23602707074371665
2018-06-16 05:00:00,0.1674703306561014
2018-06-16 05:03:00,0.1518279524481727
2018-06-16 05:06:00,0.18134079834317163
2018-06-16 05:09:00,0.22942317795417466
2018-06-16 05:12:00,0.2912164048542536
2018-06-16 05:15:00,0.17285916281980462
2018-06-16 05:18:00,0.18691145955148158
2018-06-16 05:21:00,0.19728822513019395
2018-06-16 05:24:00,0.25082591564239465
2018-06-16 05:27:00,0.20049658085383726
2018-06-16 05:30:00,0.16401157482448525
2018-06-16 05:33:00,0.24001116324023997
2018-06-16 05:36:00,0.2479554253256424
2018-06-16 05:39:00,0.22680791753663243
2018-06-16 05:42:00,0.17029238294315974
2018-06-16 05:45:00,0.28879887527909887
2018-06-16 05:48:00,0.2998549374961499
2018-06-16 05:51:00,0.29314324878481557
2018-06-16 05:54:00,0.2533120428883535
2018-06-16 05:57:00,0.3219659136562427
2018-06-16 06:00:00,0.3384405650243707
2018-06-16 06:03:00,0.23330282800708346
2018-06-16 06:06:00,0.17660265628973093
2018-06-16 06:09:00,0.2959246522503918
2018-06-16 06:12:00,0.180859274756358
2018-06-16 06:15:00,0.23413662998859763
2018-06-16 06:18:00,0.23819415441772662
2018-06-16 06:21:00,0.227780178159378
2018-06-16 06:24:00,0.20016889126765136
2018-06-16 06:27:00,0.18610982669218856
2018-06-16 06:30:00,0.21446385963696457
2018-06-16 06:33:00,0.24559931566295745
2018-06-16 06:36:00,0.1930303872466652
2018-06-16 06:39:00,0.17694797973126697
2018-06-16 06:42:00,0.1316168507163411
2018-06-16 06:45:00,0.08079136920980545
2018-06-16 06:48:00,0.11278264462185916
2018-06-16 06:51:00,0.10524522499503064
2018-06-16 06:54:00,0.133187222044171
2018-06-16 06:57:00,0.10387325870033237
2018-06-16 07:00:00,0.2463402009491915
2018-06-16 07:03:00,0.21022709246079785
2018-06-16 07:06:00,0.1958998761364228
2018-06-16 07:09:00,0.2164474268649883
2018-06-16 07:12:00,0.2511134862961626
2018-06-16 07:15:00,0.22478885753861277
2018-06-16 07:18:00,0.1792749311112516
2018-06-16 07:21:00,0.16694050585135756
2018-06-16 07:24:00,0.09591456111735397
2018-06-16 07:27:00,0.26059851994239125
2018-06-16 07:30:00,0.17767703652754108
2018-06-16 07:33:00,0.17440905045674526
2018-06-16 07:36:00,0.165541956593529
2018-06-16 07:39:00,0.250892756623216
2018-06-16 07:42:00,0.2886612051967177
2018-06-16 07:45:00,0.03237020210593755
2018-06-16 07:48:00,0.13191542429558467
2018-06-16 07:51:00,0.09930265560433327
2018-06-16 07:54:00,0.15400589659583375
2018-06-16 07:57:00,0.15555328722354034
2018-06-16 08:00:00,0.12354501931071127
2018-06-16 08:03:00,0.15091618924037675
2018-06-16 08:06:00,0.09782110073604144
2018-06-16 08:09:00,0.060114390973410536
2018-06-16 08:12:00,0.050360052559540236
2018-06-16 08:15:00,0.01992003285465671
2018-06-16 08:18:00,0.008314888529469044
2018-06-16 08:21:00,0.09942228847108936
2018-06-16 08:24:00,0.015130607155754205
2018-06-16 08:27:00,0.0780127347923667
2018-06-16 08:30:00,0.07138226941520998
2018-06-16 08:33:00,-0.10442451134366593
2018-06-16 08:36:00,-0.06784215980337649
2018-06-16 08:39:00,0.0008929909470225539
2018-06-16 08:42:00,-0.023225746779928613
2018-06-16 08:45:00,-0.13379731126377692
2018-06-16 08:48:00,-0.15386780269716382
2018-06-16 08:51:00,-0.06828220968338883
2018-06-16 08:54:00,-0.06809115208147887
2018-06-16 08:57:00,-0.17481751368842424
2018-06-16 09:00:00,-0.1295253939841814
2018-06-16 09:03:00,-0.12121843432038304
2018-06-16 09:06:00,-0.14939176841625113
2018-06-16 09:09:00,-0.1858617333232928
2018-06-16 09:12:00,-0.08618523070538231
2018-06-16 09:15:00,-0.18393177883166345
2018-06-16 09:18:00,-0.08816221639995092
2018-06-16 09:21:00,-0.1645166350883187
2018-06-16 09:24:00,-0.16383266592640666
2018-06-16 09:27:00,-0.16773855832900608
2018-06-16 09:30:00,-0.2354798182665263
2018-06-16 09:33:00,-0.15111378705967127
2018-06-16 09:36:00,-0.12617448737483983
2018-06-16 09:39:00,-0.21389819355164263
2018-06-16 09:42:00,-0.2479996783202978
2018-06-16 09:45:00,-0.27190763919162464
2018-06-16 09:48:00,-0.27061020610960895
2018-06-16 09:51:00,-0.2587378076167397
2018-06-16 09:54:00,-0.21734218955526785
2018-06-16 09:57:00,-0.2793942750711267
2018-06-16 10:00:00,-0.21592433857944116
2018-06-16 10:03:00,-0.23119925598268765
2018-06-16 10:06:00,-0.1660815815658907
2018-06-16 10:09:00,-0.2497385932070415
2018-06-16 10:12:00,-0.199125922517851
2018-06-16 10:15:00,-0.23281434357329545
2018-06-16 10:18:00,-0.25131404380414324
2018-06-16 10:21:00,-0.2640466076131247
2018-06-16 10:24:00,-0.26593429388020695
2018-06-16 10:27:00,-0.3379839007123451
2018-06-16 10:30:00,-0.34012111821658664
2018-06-16 10:33:00,-0.2698252237924521
2018-06-16 10:36:00,-0.37430255214331964
2018-06-16 10:39:00,-0.327572721525371
2018-06-16 10:42:00,-0.34485036706973915
2018-06-16 10:45:00,-0.3238526635540211
2018-06-16 10:48:00,-0.27874551331746034
2018-06-16 10:51:00,-0.3566622880377963
2018-06-16 10:54:00,-0.41640452520317695
2018-06-16 10:57:00,-0.37674305624392446
2018-06-16 11:00:00,-0.31550487573332475
2018-06-16 11:03:00,-0.4039409204352751
2018-06-16 11:06:00,-0.41359748652888584
2018-06-16 11:09:00,-0.29089563743190183
2018-06-16 11:12:00,-0.41162947690321516
2018-06-16 11:15:00,-0.2924258947094245
2018-06-16 11:18:00,-0.45141595724288663
2018-06-16 11:21:00,-0.4057209652176539
2018-06-16 11:24:00,-0.3390328323034737
2018-06-16 11:27:00,-0.3466032994924717
2018-06-16 11:30:00,-0.43995819708135286
2018-06-16 11:33:00,-0.38614257402349494
2018-06-16 11:36:00,-0.4075805299153217
2018-06-16 11:39:00,-0.47812938211922074
2018-06-16 11:42:00,-0.3538321700729057
2018-06-16 11:45:00,-0.2566713907851863
2018-06-16 11:48:00,-0.0856131531157871
2018-06-16 11:51:00,-0.16218615150694404
2018-06-16 11:54:00,-0.3684162406228779
2018-06-16 11:57:00,-0.3221023267744272
2018-06-16 12:00:00,-0.3414264903809112
2018-06-16 12:03:00,-0.38279956148960537
2018-06-16 12:06:00,-0.48864802851437616
2018-06-16 12:09:00,-0.4625579073372137
2018-06-16 12:12:00,-0.39464539817441846
2018-06-16 12:15:00,-0.4576686435675015
2018-06-16 12:18:00,-0.39936360852414055
2018-06-16 12:21:00,-0.39301340771675086
2018-06-16 12:24:00,-0.4805613435784153
2018-06-16 12:27:00,-0.4285985367077956
2018-06-16 12:30:00,-0.4654436755034794
2018-06-16 12:33:00,-0.4227091428318772
2018-06-16 12:36:00,-0.4879632530885374
2018-06-16 12:39:00,-0.47027962295533143
2018-06-16 12:42:00,-0.31360041357612545
2018-06-16 12:45:00,-0.20161493454156698
2018-06-16 12:48:00,-0.15125747429163994
2018-06-16 12:51:00,-0.19898866635480772
2018-06-16 12:54:00,-0.38770901167634975
2018-06-16 12:57:00,-0.47153373120983133
2018-06-16 13:00:00,-0.42648114903278156
2018-06-16 13:03:00,-0.20888576829031535
2018-06-16 13:06:00,-0.2175385538142791
2018-06-16 13:09:00,-0.23216685912012736
2018-06-16 13:12:00,-0.3577502106048769
2018-06-16 13:15:00,-0.279150959718379
2018-06-16 13:18:00,-0.2971960583548139
2018-06-16 13:21:00,-0.345657485364427
2018-06-16 13:24:00,-0.3897993444425083
2018-06-16 13:27:00,-0.2992225201625729
2018-06-16 13:30:00,-0.361626710054054
2018-06-16 13:33:00,-0.21093778131182717
2018-06-16 13:36:00,-0.334740500427813
2018-06-16 13:39:00,-0.47929135337841444
2018-06-16 13:42:00,-0.3140529758080106
2018-06-16 13:45:00,-0.40893980047337664
2018-06-16 13:48:00,-0.4012866936073465
2018-06-16 13:51:00,-0.4353439008773421
2018-06-16 13:54:00,-0.45938044308167036
2018-06-16 13:57:00,-0.3582166067286039
2018-06-16 14:00:00,-0.48312528787340625
2018-06-16 14:03:00,-0.40401080590504534
2018-06-16 14:06:00,-0.4713967157265415
2018-06-16 14:09:00,-0.5411933999577059
2018-06-16 14:12:00,-0.4425707179933056
2018-06-16 14:15:00,-0.45590678635750237
2018-06-16 14:18:00,-0.6106265829228619
2018-06-16 14:21:00,-0.44473689345227285
2018-06-16 14:24:00,-0.480215962861962
2018-06-16 14:27:00,-0.3353528752069792
2018-06-16 14:30:00,-0.33106146959784155
2018-06-16 14:33:00,-0.20382164923330492
2018-06-16 14:36:00,-0.24602065989557786
2018-06-16 14:39:00,-0.46342448040019235
2018-06-16 14:42:00,-0.5307073766422832
2018-06-16 14:45:00,-0.5854781556533339
2018-06-16 14:48:00,-0.5735838196897589
2018-06-16 14:51:00,-0.5791138069035924
2018-06-16 14:54:00,-0.587739734231775
2018-06-16 14:57:00,-0.5307746521536387
2018-06-16 15:00:00,-0.533654072118054
2018-06-16 15:03:00,-0.5302571235737901
2018-06-16 15:06:00,-0.5680615586026079
2018-06-16 15:09:00,-0.589086363572676
2018-06-16 15:12:00,-0.49506659852693247
2018-06-16 15:15:00,-0.5631758391434118
2018-06-16 15:18:00,-0.5457714503736497
2018-06-16 15:21:00,-0.35947629836960004
2018-06-16 15:24:00,-0.34729101585736544
2018-06-16 15:27:00,-0.5585735436557115
2018-06-16 15:30:00,-0.602374037659672
2018-06-16 15:33:00,-0.5251847254809263
2018-06-16 15:36:00,-0.5523203554668044
2018-06-16 15:39:00,-0.5388248393024924
2018-06-16 15:42:00,-0.5313917159709263
2018-06-16 15:45:00,-0.5118892150502461
2018-06-16 15:48:00,-0.4224001683527945
2018-06-16 15:51:00,-0.43401116603268974
2018-06-16 15:54:00,-0.44970841754894764
2018-06-16 15:57:00,-0.5814133569340925
2018-06-16 16:00:00,-0.5072480431308577
2018-06-16 16:03:00,-0.5522061210729703
2018-06-16 16:06:00,-0.47407624038766016
2018-06-16 16:09:00,-0.44049063916497744
2018-06-16 16:12:00,-0.5625712479686626
2018-06-16 16:15:00,-0.44846586761235585
2018-06-16 16:18:00,-0.5668054383470462
2018-06-16 16:21:00,-0.48400792111749524
2018-06-16 16:24:00,-0.37548720933205004
2018-06-16 16:27:00,-0.35362500864636104
2018-06-16 16:30:00,-0.3511493080801529
2018-06-16 16:33:00,-0.39209571106096064
2018-06-16 16:36:00,-0.32346391894458293
2018-06-16 16:39:00,-0.3953030804865989
2018-06-16 16:42:00,-0.3479507694016206
2018-06-16 16:45:00,-0.3841113082253287
2018-06-16 16:48:00,-0.22183370537248948
2018-06-16 16:51:00,-0.3561027591288166
2018-06-16 16:54:00,-0.32560040575782523
2018-06-16 16:57:00,-0.27493124925416623
2018-06-16 17:00:00,-0.34173342207503765
2018-06-16 17:03:00,-0.38499073908803894
2018-06-16 17:06:00,-0.32947539417568805
2018-06-16 17:09:00,-0.29033704707001107
2018-06-16 17:12:00,-0.3116894839952238
2018-06-16 17:15:00,-0.3222665587786082
2018-06-16 17:18:00,-0.2606970846482568
2018-06-16 17:21:00,-0.2479314600456064
2018-06-16 17:24:00,-0.37072202257616027
2018-06-16 17:27:00,-0.32228809892399113
2018-06-16 17:30:00,-0.3256422890981412
2018-06-16 17:33:00,-0.3326430238460034
2018-06-16 17:36:00,-0.3266486848071395
2018-06-16 17:39:00,-0.3588957552560146
2018-06-16 17:42:00,-0.2658124936828017
2018-06-16 17:45:00,-0.3016092483329089
2018-06-16 17:48:00,-0.3094980611323308
2018-06-16 17:51:00,-0.32213670447026743
2018-06-16 17:54:00,-0.2748576939276859
2018-06-16 17:57:00,-0.24041217359683742
2018-06-16 18:00:00,-0.1370905539321825
2018-06-16 18:03:00,-0.22322403502033694
2018-06-16 18:06:00,-0.1534361651255267
2018-06-16 18:09:00,-0.1455470604431639
2018-06-16 18:12:00,-0.24199667200713293
2018-06-16 18:15:00,-0.2638329620393165
2018-06-16 18:18:00,-0.19997632214546002
2018-06-16 18:21:00,-0.14672261715304558
2018-06-16 18:24:00,-0.13629660555739065
2018-06-16 18:27:00,-0.20884649013106582
2018-06-16 18:30:00,-0.16314274960211606
2018-06-16 18:33:00,-0.1515206750299285
2018-06-16 18:36:00,-0.08025114026628444
2018-06-16 18:39:00,-0.14339926459598473
2018-06-16 18:42:00,-0.20708005812099373
2018-06-16 18:45:00,-0.1696533141415557
2018-06-16 18:48:00,-0.1968261828162099
2018-06-16 18:51:00,-0.23353571220729918
2018-06-16 18:54:00,
2018-06-16 18:57:00,
2018-06-16 19:00:00,
2018-06-16 19:03:00,-0.1663043097663035
2018-06-16 19:06:00,-0.22376764832534946
2018-06-16 19:09:00,-0.20317413335163792
2018-06-16 19:12:00,-0.21674957950983753
2018-06-16 19:15:00,-0.16325048040226875
2018-06-16 19:18:00,-0.2087776013407847
2018-06-16 19:21:00,-0.17594076137908132
2018-06-16 19:24:00,-0.1892366624628039
2018-06-16 19:27:00,-0.10524975791537372
2018-06-16 19:30:00,-0.22365118203333623
2018-06-16 19:33:00,-0.15808947726623046
2018-06-16 19:36:00,-0.1135454338077011
2018-06-16 19:39:00,-0.11864986599357508
2018-06-16 19:42:00,-0.024909286830904875
2018-06-16 19:45:00,-0.1461963908858479
2018-06-16 19:48:00,-0.17623029017266845
2018-06-16 19:51:00,-0.10001754745826474
2018-06-16 19:54:00,-0.09995165776535941
2018-06-16 19:57:00,-0.1195836960147858
2018-06-16 20:00:00,-0.12754366548898588
2018-06-16 20:03:00,-0.1173223426303025
2018-06-16 20:06:00,-0.04769962317084264
2018-06-16 20:09:00,-0.18740422391050515
2018-06-16 20:12:00,-0.08953767438930527
2018-06-16 20:15:00,-0.10648068441412306
2018-06-16 20:18:00,-0.027075575191531698
2018-06-16 20:21:00,-0.06331681354794227
2018-06-16 20:24:00,-0.09119573279713222
2018-06-16 20:27:00,-0.03547835707036029
2018-06-16 20:30:00,-0.1716864988973157
2018-06-16 20:33:00,-0.049894041953905344
2018-06-16 20:36:00,-0.00847432630325784
2018-06-16 20:39:00,-0.10011785868255174
2018-06-16 20:42:00,-0.030596532281492728
2018-06-16 20:45:00,-0.1769692122815627
2018-06-16 20:48:00,-0.1309871008361938
2018-06-16 20:51:00,-0.023708644672410628
2018-06-16 20:54:00,-0.1611869492775213
2018-06-16 20:57:00,-0.011807113563122584
2018-06-16 21:00:00,-0.045961213326052075
2018-06-16 21:03:00,-0.12369206114277631
2018-06-16 21:06:00,-0.12646917665290403
2018-06-16 21:09:00,-0.10601074134109467
2018-06-16 21:12:00,-0.06106863121323158
2018-06-16 21:15:00,-0.01758863312312542
2018-06-16 21:18:00,-0.030214996251913817
2018-06-16 21:21:00,-0.16983863939799448
2018-06-16 21:24:00,-0.03614150886483003
2018-06-16 21:27:00,-0.07333318578776016
2018-06-16 21:30:00,-0.011208281709912171
2018-06-16 21:33:00,-0.06830085359030136
2018-06-16 21:36:00,-0.13645857010499185
2018-06-16 21:39:00,-0.04437214026853553
2018-06-16 21:42:00,-0.03571024562774028
2018-06-16 21:45:00,0.02529288588698364
2018-06-16 21:48:00,-0.09411302036716052
2018-06-16 21:51:00,-0.08202262579521857
2018-06-16 21:54:00,-0.04235445474910193
2018-06-16 21:57:00,-0.011707248715367768
2018-06-16 22:00:00,0.023799913713787646
2018-06-16 22:03:00,-0.007644435772476754
2018-06-16 22:06:00,0.11369037453647479
2018-06-16 22:09:00,-0.03894338824949273
2018-06-16 22:12:00,-0.03154995246643466
2018-06-16 22:15:00,0.04460936211739863
2018-06-16 22:18:00,0.01841325140327399
2018-06-16 22:21:00,-0.022266599868657977
2018-06-16 22:24:00,0.024171547617982014
2018-06-16 22:27:00,0.05050098071984621
2018-06-16 22:30:00,0.01110100195285213
2018-06-16 22:33:00,-0.09764119165657803
2018-06-16 22:36:00,-0.07340585198477356
2018-06-16 22:39:00,0.04635072416749608
2018-06-16 22:42:00,-0.0050750492410429615
2018-06-16 22:45:00,0.0006490086385610994
2018-06-16 22:48:00,0.04343513713331504
2018-06-16 22:51:00,0.03697664269645884
2018-06-16 22:54:00,-0.04423631742872658
2018-06-16 22:57:00,-0.11292789689275651
2018-06-16 23:00:00,-0.15577742148207108
2018-06-16 23:03:00,-0.09171056280410994
2018-06-16 23:06:00,-0.0875745815419009
2018-06-16 23:09:00,-0.06304250036379244
2018-06-16 23:12:00,-0.01933563296779539
2018-06-16 23:15:00,-0.08041647438852806
2018-06-16 23:18:00,-0.05282040685068523
2018-06-16 23:21:00,-0.027878419150113132
2018-06-16 23:24:00,-0.1093534894994832
2018-06-16 23:27:00,-0.08079068574926396
2018-06-16 23:30:00,-0.05600084765256952
2018-06-16 23:33:00,0.00086992279017295
2018-06-16 23:36:00,-0.07566335805893232
2018-06-16 23:39:00,0.029063709502281654
2018-06-16 23:42:00,-0.12915406122925788
2018-06-16 23:45:00,-0.060088531741143925
2018-06-16 23:48:00,-0.0076436758931208715
2018-06-16 23:51:00,-0.047122931132662416
2018-06-16 23:54:00,0.08085276567544497
2018-06-16 23:57:00,-0.05332057003818136
2018-06-17 00:00:00,0.006116862185081118
2018-06-17 00:03:00,-0.00396244129308343
2018-06-17 00:06:00,-0.06721100881105713
2018-06-17 00:09:00,-0.009423159766924982
2018-06-17 00:12:00,-0.03582406776985181
2018-06-17 00:15:00,-0.0030166570821279493
2018-06-17 00:18:00,-0.009558887806690564
2018-06-17 00:21:00,0.016293161734552086
2018-06-17 00:24:00,-0.015747536109870452
2018-06-17 00:27:00,-0.03586864786376509
2018-06-17 00:30:00,0.04748981540888053
2018-06-17 00:33:00,0.06091394501953573
2018-06-17 00:36:00,0.07964792782178165
2018-06-17 00:39:00,0.02340769492417394
2018-06-17 00:42:00,0.09373660847631982
2018-06-17 00:45:00,0.06690392454237326
2018-06-17 00:48:00,0.02008043846791452
2018-06-17 00:51:00,0.030176345745701383
2018-06-17 00:54:00,0.02314136067337813
2018-06-17 00:57:00,0.029955854710465246
2018-06-17 01:00:00,0.026578222820262454
2018-06-17 01:03:00,0.05417592327017928
2018-06-17 01:06:00,-0.034607266728926334
2018-06-17 01:09:00,0.05664247843145631
2018-06-17 01:12:00,0.08449926379603312
2018-06-17 01:15:00,0.07924305646594121
2018-06-17 01:18:00,0.011902701615952083
2018-06-17 01:21:00,0.018949342109578993
2018-06-17 01:24:00,0.02534994275799818
2018-06-17 01:27:00,0.005186900296507702
2018-06-17 01:30:00,0.021413997781678518
2018-06-17 01:33:00,0.0969652777297938
2018-06-17 01:36:00,0.16827407914945525
2018-06-17 01:39:00,0.08819308139516124
2018-06-17 01:42:00,0.1328865946369433
2018-06-17 01:45:00,0.18269617931042603
2018-06-17 01:48:00,0.12503727153830368
2018-06-17 01:51:00,0.14646078649690253
2018-06-17 01:54:00,0.06553673373718993
2018-06-17 01:57:00,0.043699172587196244
2018-06-17 02:00:00,0.16852328242566728
2018-06-17 02:03:00,0.11903987890866574
2018-06-17 02:06:00,0.15587598228421484
2018-06-17 02:09:00,0.09040991214749283
2018-06-17 02:12:00,0.13482064382429826
2018-06-17 02:15:00,0.22109769514929667
2018-06-17 02:18:00,0.08845191303771571
2018-06-17 02:21:00,0.09119619848956972
2018-06-17 02:24:00,0.07832540774785457
2018-06-17 02:27:00,0.1083365450868996
2018-06-17 02:30:00,0.11265516934548714
2018-06-17 02:33:00,0.09589160853977319
2018-06-17 02:36:00,0.05743392890462928
2018-06-17 02:39:00,0.18109219408592026
2018-06-17 02:42:00,0.10694504236869307
2018-06-17 02:45:00,0.10550590435866525
2018-06-17 02:48:00,0.1360881233223381
2018-06-17 02:51:00,0.16948936227970535
2018-06-17 02:54:00,0.09323276312886719
2018-06-17 02:57:00,0.13384531466573435
2018-06-17 03:00:00,0.18436186314033876
2018-06-17 03:03:00,0.1361708037615017
2018-06-17 03:06:00,0.17308737817330666
2018-06-17 03:09:00,0.06839970259227357
2018-06-17 03:12:00,0.1938826413590391
2018-06-17 03:15:00,0.17454565787261345
2018-06-17 03:18:00,0.15511320266699613
2018-06-17 03:21:00,0.06103747256844372
2018-06-17 03:24:00,0.11295963891615202
2018-06-17 03:27:00,0.10909639578324004
2018-06-17 03:30:00,0.12292518052566948
2018-06-17 03:33:00,0.1538304040113303
2018-06-17 03:36:00,0.13025368135589588
2018-06-17 03:39:00,0.10423563601295882
2018-06-17 03:42:00,0.20132682967999926
2018-06-17 03:45:00,0.1259361560535126
2018-06-17 03:48:00,0.1455812968191026
2018-06-17 03:51:00,0.08525899102295398
2018-06-17 03:54:00,0.06812337836015558
2018-06-17 03:57:00,0.14899596154373285
2018-06-17 04:00:00,0.24170444983889183
2018-06-17 04:03:00,0.16687662250717494
2018-06-17 04:06:00,0.16001304276693418
2018-06-17 04:09:00,0.24915019162699537
2018-06-17 04:12:00,0.12730614820009123
2018-06-17 04:15:00,0.19054368091173046
2018-06-17 04:18:00,0.26661799449163937
2018-06-17 04:21:00,0.17428914817594432
2018-06-17 04:24:00,0.1148393661172804
2018-06-17 04:27:00,0.18372816353780763
2018-06-17 04:30:00,0.08669344040970373
2018-06-17 04:33:00,0.20769862835550157
2018-06-17 04:36:00,0.22990370655719516
2018-06-17 04:39:00,0.06676578711784487
2018-06-17 04:42:00,0.1941243982576566
2018-06-17 04:45:00,0.01890013785617839
2018-06-17 04:48:00,0.09294336476017406
2018-06-17 04:51:00,0.030148499051506406
2018-06-17 04:54:00,-0.012685660484464734
2018-06-17 04:57:00,0.024733500463412383
2018-06-17 05:00:00,-0.007077808315159473
2018-06-17 05:03:00,0.01673183646266807
2018-06-17 05:06:00,0.010531588549952176
2018-06-17 05:09:00,0.06873702589405184
2018-06-17 05:12:00,0.06007517293789988
2018-06-17 05:15:00,0.040484786640718085
2018-06-17 05:18:00,0.05418470059152014
2018-06-17 05:21:00,0.007370526262207022
2018-06-17 05:24:00,0.013167432209229446
2018-06-17 05:27:00,0.031088837679476455
2018-06-17 05:30:00,0.14958975644708516
2018-06-17 05:33:00,0.06927491842264999
2018-06-17 05:36:00,-0.03414480173165657
2018-06-17 05:39:00,0.03687355093569522
2018-06-17 05:42:00,0.19876543900949173
2018-06-17 05:45:00,-0.013711285528188455
2018-06-17 05:48:00,0.07230528677354187
2018-06-17 05:51:00,0.017564891023937435
2018-06-17 05:54:00,-0.030318365759512744
2018-06-17 05:57:00,0.09322363277561863
2018-06-17 06:00:00,0.06949816574342549
2018-06-17 06:03:00,0.09894595382507987
2018-06-17 06:06:00,0.18189157211378415
2018-06-17 06:09:00,0.05013478999194376
2018-06-17 06:12:00,0.036865158002626686
2018-06-17 06:15:00,0.044188151755520266
2018-06-17 06:18:00,0.062309985029571635
2018-06-17 06:21:00,0.11890768639187854
2018-06-17 06:24:00,0.1479701122165693
2018-06-17 06:27:00,0.24319286160442743
2018-06-17 06:30:00,0.06447136591845037
2018-06-17 06:33:00,0.15911734188563287
2018-06-17 06:36:00,0.10058563215824279
2018-06-17 06:39:00,0.2135708925162021
2018-06-17 06:42:00,0.18186981987469153
2018-06-17 06:45:00,0.14000403156154562
2018-06-17 06:48:00,0.16007706931623034
2018-06-17 06:51:00,0.07881330515778018
2018-06-17 06:54:00,0.06302907255229684
2018-06-17 06:57:00,0.1585961362238777
2018-06-17 07:00:00,0.1856176249243049
2018-06-17 07:03:00,0.05518462720988282
2018-06-17 07:06:00,0.11912454065128486
2018-06-17 07:09:00,0.18270903461615262
2018-06-17 07:12:00,0.0760818051673482
2018-06-17 07:15:00,0.10395711014786002
2018-06-17 07:18:00,0.17726526455697922
2018-06-17 07:21:00,0.11208427224073603
2018-06-17 07:24:00,0.1112002213566825
2018-06-17 07:27:00,0.08000052218579867
2018-06-17 07:30:00,0.1450456332648855
2018-06-17 07:33:00,0.16261237379899285
2018-06-17 07:36:00,0.1304314038727057
2018-06-17 07:39:00,0.10573608670910062
2018-06-17 07:42:00,0.15769900486549204
2018-06-17 07:45:00,0.04494560367277245
2018-06-17 07:48:00,0.1223253929364887
2018-06-17 07:51:00,0.09163245239136586
2018-06-17 07:54:00,0.11493280331848155
2018-06-17 07:57:00,-0.010902435598154625
2018-06-17 08:00:00,0.13281179247479713
2018-06-17 08:03:00,0.03577604184590655
2018-06-17 08:06:00,-0.05145398206269647
2018-06-17 08:09:00,0.007207383730758465
2018-06-17 08:12:00,-0.035871918391876534
2018-06-17 08:15:00,-0.06571535991827204
2018-06-17 08:18:00,-0.023917127193499255
2018-06-17 08:21:00,0.006931234257649521
2018-06-17 08:24:00,0.07114766192682964
2018-06-17 08:27:00,0.08477219864045082
2018-06-17 08:30:00,0.02607007158047736
2018-06-17 08:33:00,0.04536184796000953
2018-06-17 08:36:00,0.045143640659205175
2018-06-17 08:39:00,0.05648334458851423
2018-06-17 08:42:00,0.050195624071307066
2018-06-17 08:45:00,0.019386527227709394
2018-06-17 08:48:00,0.020667826629619412
2018-06-17 08:51:00,0.015523965884597146
2018-06-17 08:54:00,0.0697672723983942
2018-06-17 08:57:00,0.036600854388609605
2018-06-17 09:00:00,0.012939777917267747
2018-06-17 09:03:00,-0.031054452277430755
2018-06-17 09:06:00,-0.01201247100573255
2018-06-17 09:09:00,0.0002586837185276636
2018-06-17 09:12:00,0.06418677258034222
2018-06-17 09:15:00,0.029169618880814596
2018-06-17 09:18:00,0.09198184414390198
2018-06-17 09:21:00,0.07238757462255307
2018-06-17 09:24:00,0.038963963571177374
2018-06-17 09:27:00,0.0132679954886612
2018-06-17 09:30:00,0.01781034253275493
2018-06-17 09:33:00,0.0713494623703923
2018-06-17 09:36:00,-0.1012580353907424
2018-06-17 09:39:00,-0.02206969841091677
2018-06-17 09:42:00,-0.13124388794022934
2018-06-17 09:45:00,-0.11898001361532806
2018-06-17 09:48:00,-0.22159376322849766
2018-06-17 09:51:00,-0.06303068358681685
2018-06-17 09:54:00,-0.2394359693903425
2018-06-17 09:57:00,-0.08833982421839437
2018-06-17 10:00:00,-0.13200706131078732
2018-06-17 10:03:00,-0.176088116852668
2018-06-17 10:06:00,-0.15556920683064845
2018-06-17 10:09:00,-0.2043738129891608
2018-06-17 10:12:00,-0.17519262423860482
2018-06-17 10:15:00,-0.23349404808743657
2018-06-17 10:18:00,-0.22882917745721443
2018-06-17 10:21:00,-0.17887771209120729
2018-06-17 10:24:00,-0.21856361644523759
2018-06-17 10:27:00,-0.18211720005382404
2018-06-17 10:30:00,-0.18645612959073787
2018-06-17 10:33:00,-0.26140369750118
2018-06-17 10:36:00,-0.23810346717306174
2018-06-17 10:39:00,-0.2432162397888078
2018-06-17 10:42:00,-0.20112785131419741
2018-06-17 10:45:00,-0.2864856069744519
2018-06-17 10:48:00,-0.2698628162352179
2018-06-17 10:51:00,-0.29112171560433353
2018-06-17 10:54:00,-0.36086514968837946
2018-06-17 10:57:00,-0.3209416690900184
2018-06-17 11:00:00,-0.36060226673674833
2018-06-17 11:03:00,-0.3486790234236423
2018-06-17 11:06:00,-0.33761827259667143
2018-06-17 11:09:00,-0.4098061909314765
2018-06-17 11:12:00,-0.36982536020440193
2018-06-17 11:15:00,-0.26442552863863966
2018-06-17 11:18:00,-0.2821863879434545
2018-06-17 11:21:00,-0.3164852259316149
2018-06-17 11:24:00,-0.31888748772820463
2018-06-17 11:27:00,-0.32638109469735355
2018-06-17 11:30:00,-0.32835757259061893
2018-06-17 11:33:00,-0.3732681513190528
2018-06-17 11:36:00,-0.43707000863219037
2018-06-17 11:39:00,-0.3916918122623656
2018-06-17 11:42:00,-0.38509805131013763
2018-06-17 11:45:00,-0.35839803745187737
2018-06-17 11:48:00,-0.508546040178885
2018-06-17 11:51:00,-0.4717495307012882
2018-06-17 11:54:00,-0.43854970564302675
2018-06-17 11:57:00,-0.43471597360559144
2018-06-17 12:00:00,-0.345551433640253
2018-06-17 12:03:00,-0.47907324486396874
2018-06-17 12:06:00,-0.4257900993840167
2018-06-17 12:09:00,-0.4612447504298416
2018-06-17 12:12:00,-0.4638240462697354
2018-06-17 12:15:00,-0.4040253485289895
2018-06-17 12:18:00,-0.5226670759141143
2018-06-17 12:21:00,-0.42837898877951375
2018-06-17 12:24:00,-0.5501264789448328
2018-06-17 12:27:00,-0.4827041884486789
2018-06-17 12:30:00,-0.4709314254388346
2018-06-17 12:33:00,-0.35765171443551935
2018-06-17 12:36:00,-0.43682611300806684
2018-06-17 12:39:00,-0.3850971091525821
2018-06-17 12:42:00,-0.36339380953131695
2018-06-17 12:45:00,-0.5132307338841429
2018-06-17 12:48:00,-0.46514359216672574
2018-06-17 12:51:00,-0.3947672657187695
2018-06-17 12:54:00,-0.46086266233510287
2018-06-17 12:57:00,-0.5499967331343214
2018-06-17 13:00:00,-0.5341723768725615
2018-06-17 13:03:00,-0.5331794987658327
2018-06-17 13:06:00,-0.5417527277917316
2018-06-17 13:09:00,-0.5185596116850206
2018-06-17 13:12:00,-0.5141677864016287
2018-06-17 13:15:00,-0.5346161386837593
2018-06-17 13:18:00,-0.48571293946133665
2018-06-17 13:21:00,-0.49361327988924586
2018-06-17 13:24:00,-0.5889564868752473
2018-06-17 13:27:00,-0.5197983413580687
2018-06-17 13:30:00,-0.5721426252318906
2018-06-17 13:33:00,-0.524355352119926
2018-06-17 13:36:00,-0.6251576664055847
2018-06-17 13:39:00,-0.5660596433586988
2018-06-17 13:42:00,-0.5928349865704945
2018-06-17 13:45:00,-0.7373775079718712
2018-06-17 13:48:00,-0.5605406635659733
2018-06-17 13:51:00,-0.48287195927099447
2018-06-17 13:54:00,-0.5150489938512237
2018-06-17 13:57:00,-0.6387141520092428
2018-06-17 14:00:00,-0.5479053779449714
2018-06-17 14:03:00,-0.6929796955980123
2018-06-17 14:06:00,-0.7102441594929587
2018-06-17 14:09:00,-0.6045149587087053
2018-06-17 14:12:00,-0.6110088619462317
2018-06-17 14:15:00,-0.4801139952119229
2018-06-17 14:18:00,-0.5662026933152333
2018-06-17 14:21:00,-0.6165223619092899
2018-06-17 14:24:00,-0.5164643684325938
2018-06-17 14:27:00,-0.4681999012639153
2018-06-17 14:30:00,-0.4256433470481511
2018-06-17 14:33:00,-0.4335823146734583
2018-06-17 14:36:00,-0.5538599562054856
2018-06-17 14:39:00,-0.6931033385362753
2018-06-17 14:42:00,-0.5601634105242397
2018-06-17 14:45:00,-0.6145513108985483
2018-06-17 14:48:00,-0.6821169898836388
2018-06-17 14:51:00,-0.5321681444466435
2018-06-17 14:54:00,-0.6835417310624052
2018-06-17 14:57:00,-0.5714795486701405
2018-06-17 15:00:00,-0.6040086986519668
2018-06-17 15:03:00,-0.5855630402302836
2018-06-17 15:06:00,-0.6540812684281718
2018-06-17 15:09:00,-0.6014093609389306
2018-06-17 15:12:00,-0.5757321295231463
2018-06-17 15:15:00,-0.6024339724577317
2018-06-17 15:18:00,-0.44494965801663966
2018-06-17 15:21:00,-0.4714646157981406
2018-06-17 15:24:00,-0.32561347843670774
2018-06-17 15:27:00,-0.3635814150226224
2018-06-17 15:30:00,-0.4310396968311352
2018-06-17 15:33:00,-0.41437731315937754
2018-06-17 15:36:00,-0.3857884809323764
2018-06-17 15:39:00,-0.4852621250092284
2018-06-17 15:42:00,-0.48164561803696415
2018-06-17 15:45:00,-0.22782081183856917
2018-06-17 15:48:00,-0.1424183390886924
2018-06-17 15:51:00,-0.2995506251241977
2018-06-17 15:54:00,-0.47152452867464945
2018-06-17 15:57:00,-0.575120479566408
2018-06-17 16:00:00,-0.43353992894287785
2018-06-17 16:03:00,-0.6224873995976736
2018-06-17 16:06:00,-0.5615243357663644
2018-06-17 16:09:00,-0.6421519996279699
2018-06-17 16:12:00,-0.5836240562151147
2018-06-17 16:15:00,-0.5741416391532539
2018-06-17 16:18:00,-0.6071030871260064
2018-06-17 16:21:00,-0.5632809312875793
2018-06-17 16:24:00,-0.6250761389736681
2018-06-17 16:27:00,-0.586107606045914
2018-06-17 16:30:00,-0.5425178142308482
2018-06-17 16:33:00,-0.37687118727541247
2018-06-17 16:36:00,-0.5897207586159539
2018-06-17 16:39:00,-0.5311685167030191
2018-06-17 16:42:00,-0.5726786822907002
2018-06-17 16:45:00,-0.4404893502195364
2018-06-17 16:48:00,-0.34500464884428084
2018-06-17 16:51:00,-0.31364203054857853
2018-06-17 16:54:00,-0.391744243066114
2018-06-17 16:57:00,-0.4566370496987133
2018-06-17 17:00:00,-0.5198154137881943
2018-06-17 17:03:00,-0.5022015257193289
2018-06-17 17:06:00,-0.5185396538812483
2018-06-17 17:09:00,-0.5900558620708694
2018-06-17 17:12:00,-0.5312827778594169
2018-06-17 17:15:00,-0.6195105948656305
2018-06-17 17:18:00,-0.6795376695743585
2018-06-17 17:21:00,-0.5162046253115591
2018-06-17 17:24:00,-0.5831299978272568
2018-06-17 17:27:00,-0.5911431639101465
2018-06-17 17:30:00,-0.6014895426782232
2018-06-17 17:33:00,-0.5389320155924793
2018-06-17 17:36:00,-0.5209851918118034
2018-06-17 17:39:00,-0.5299628912503636
2018-06-17 17:42:00,-0.5071187941734934
2018-06-17 17:45:00,-0.5176506763444877
2018-06-17 17:48:00,-0.48522992706790546
2018-06-17 17:51:00,-0.44519456681024394
2018-06-17 17:54:00,-0.5468935570596045
2018-06-17 17:57:00,-0.5494618237329973
2018-06-17 18:00:00,-0.5478192070821137
2018-06-17 18:03:00,-0.5011461029687325
2018-06-17 18:06:00,-0.5155569105869517
2018-06-17 18:09:00,-0.5861756266400562
2018-06-17 18:12:00,-0.44777422658677324
2018-06-17 18:15:00,-0.518925809992993
2018-06-17 18:18:00,-0.4204516980132098
2018-06-17 18:21:00,-0.46490696243643015
2018-06-17 18:24:00,-0.5070884723784275
2018-06-17 18:27:00,-0.5271577838270787
2018-06-17 18:30:00,-0.49917581561595625
2018-06-17 18:33:00,-0.4301020579455326
2018-06-17 18:36:00,-0.3419890836267996
2018-06-17 18:39:00,-0.4091814269355041
2018-06-17 18:42:00,-0.4486796021180339
2018-06-17 18:45:00,-0.31764000551470417
2018-06-17 18:48:00,-0.3007828891219333
2018-06-17 18:51:00,-0.33647731567441497
2018-06-17 18:54:00,
2018-06-17 18:57:00,
2018-06-17 19:00:00,
2018-06-17 19:03:00,-0.26488706369980264
2018-06-17 19:06:00,-0.23060189442207957
2018-06-17 19:09:00,-0.2808670335692227
2018-06-17 19:12:00,-0.21407768613482858
2018-06-17 19:15:00,-0.16903914179613366
2018-06-17 19:18:00,-0.17147070863495628
2018-06-17 19:21:00,-0.12122728995052512
2018-06-17 19:24:00,-0.11295730442935792
2018-06-17 19:27:00,-0.14999821092231969
2018-06-17 19:30:00,-0.14065041769333675
2018-06-17 19:33:00,-0.19428946055802498
2018-06-17 19:36:00,-0.01871064957197177
2018-06-17 19:39:00,-0.10935837005115445
2018-06-17 19:42:00,-0.129281290135566
2018-06-17 19:45:00,-0.11368426308280277
2018-06-17 19:48:00,-0.1806711983578566
2018-06-17 19:51:00,-0.05509470894781998
2018-06-17 19:54:00,-0.050547972326683066
2018-06-17 19:57:00,-0.14294521380901415
2018-06-17 20:00:00,-0.13104414286954125
2018-06-17 20:03:00,-0.1703447543051766
2018-06-17 20:06:00,-0.0948105845268401
2018-06-17 20:09:00,-0.07970005544592595
2018-06-17 20:12:00,-0.1640648046684987
2018-06-17 20:15:00,-0.06913946280383243
2018-06-17 20:18:00,-0.041843118105646226
2018-06-17 20:21:00,-0.13811010640961285
2018-06-17 20:24:00,-0.06235842369255806
2018-06-17 20:27:00,-0.03344347406726911
2018-06-17 20:30:00,-0.08937645379825199
2018-06-17 20:33:00,0.0028987634104851168
2018-06-17 20:36:00,-0.02193315497254389
2018-06-17 20:39:00,-0.09838965049630133
2018-06-17 20:42:00,-0.1032697090563488
2018-06-17 20:45:00,0.022088312601795224
2018-06-17 20:48:00,-0.04245134199379663
2018-06-17 20:51:00,-0.1644003762710895
2018-06-17 20:54:00,-0.10975485919834682
2018-06-17 20:57:00,-0.098313398551511
2018-06-17 21:00:00,-0.10699214083484776
2018-06-17 21:03:00,-0.16064753374638485
2018-06-17 21:06:00,-0.05731950649982309
2018-06-17 21:09:00,-0.01918979565346035
2018-06-17 21:12:00,-0.011657702169543427
2018-06-17 21:15:00,-0.10971001683418535
2018-06-17 21:18:00,-0.0019508322654928634
2018-06-17 21:21:00,0.11464775491111823
2018-06-17 21:24:00,0.05800709448493535
2018-06-17 21:27:00,-0.01786704290208263
2018-06-17 21:30:00,-0.05399567910501446
2018-06-17 21:33:00,-0.04654736370639512
2018-06-17 21:36:00,0.04068177651544147
2018-06-17 21:39:00,-0.0059407014153407545
2018-06-17 21:42:00,-0.0006123470675447606
2018-06-17 21:45:00,0.07080379309110185
2018-06-17 21:48:00,0.03401131222966569
2018-06-17 21:51:00,0.0359030123975117
2018-06-17 21:54:00,0.18066302214094776
2018-06-17 21:57:00,0.05672548105707165
2018-06-17 22:00:00,-0.01353114583525894
2018-06-17 22:03:00,-0.007831914878750013
2018-06-17 22:06:00,-0.09033284026861566
2018-06-17 22:09:00,-0.07376213176570445
2018-06-17 22:12:00,-0.034521425706543596
2018-06-17 22:15:00,0.017591697865896094
2018-06-17 22:18:00,-0.10116794556643072
2018-06-17 22:21:00,-0.08704162867519472
2018-06-17 22:24:00,-0.13670657263901376
2018-06-17 22:27:00,-0.12438885145894574
2018-06-17 22:30:00,-0.14093466863914728
2018-06-17 22:33:00,-0.10430025515273655
2018-06-17 22:36:00,-0.10953289413623679
2018-06-17 22:39:00,-0.0985192061424982
2018-06-17 22:42:00,-0.06834694903545824
2018-06-17 22:45:00,-0.18276741241345462
2018-06-17 22:48:00,-0.11657272085818704
2018-06-17 22:51:00,0.0038804485591299454
2018-06-17 22:54:00,-0.023902086706698356
2018-06-17 22:57:00,-0.11810394341358688
2018-06-17 23:00:00,-0.190096184015772
2018-06-17 23:03:00,-0.11873852701279475
2018-06-17 23:06:00,0.03936665741360912
2018-06-17 23:09:00,-0.05006477300128154
2018-06-17 23:12:00,-0.08828420426630146
2018-06-17 23:15:00,-0.15841985207583775
2018-06-17 23:18:00,-0.08280243519686792
2018-06-17 23:21:00,-0.15112623419980764
2018-06-17 23:24:00,-0.001735405734905271
2018-06-17 23:27:00,-0.009767755468089945
2018-06-17 23:30:00,-0.07080770585207574
2018-06-17 23:33:00,-0.1060480812666924
2018-06-17 23:36:00,-0.02510509667081351
2018-06-17 23:39:00,0.05154045170218069
2018-06-17 23:42:00,-0.050179478936854593
2018-06-17 23:45:00,-0.06072162621001098
2018-06-17 23:48:00,-0.09536169006469208
2018-06-17 23:51:00,-0.0019065476600985676
2018-06-17 23:54:00,0.03161583828972425
2018-06-17 23:57:00,0.05659912227679342
2018-06-18 00:00:00,0.010139922544340152
2018-06-18 00:03:00,-0.018304393574226197
2018-06-18 00:06:00,0.020750604414729423
2018-06-18 00:09:00,0.023354396015065504
2018-06-18 00:12:00,0.022718976796056722
2018-06-18 00:15:00,-0.030721678789007
2018-06-18 00:18:00,-0.12422147740744549
2018-06-18 00:21:00,-0.01572472920929613
2018-06-18 00:24:00,0.005106992779758457
2018-06-18 00:27:00,0.03137491765573941
2018-06-18 00:30:00,-0.056857024461749006
2018-06-18 00:33:00,0.023944325665127053
2018-06-18 00:36:00,0.008058964661699974
2018-06-18 00:39:00,-0.0856697610320225
2018-06-18 00:42:00,-0.09610231637344668
2018-06-18 00:45:00,-0.0166625591644447
2018-06-18 00:48:00,-0.013108254468875202
2018-06-18 00:51:00,0.04633743881504415
2018-06-18 00:54:00,0.0961749961024907
2018-06-18 00:57:00,0.0013409511939812546
2018-06-18 01:00:00,-0.031248881795988837
2018-06-18 01:03:00,-0.030930762879222584
2018-06-18 01:06:00,-0.03590484391827431
2018-06-18 01:09:00,0.020113560276854514
2018-06-18 01:12:00,-0.07551434608319596
2018-06-18 01:15:00,-0.06741723675224875
2018-06-18 01:18:00,-0.070273513941288
2018-06-18 01:21:00,-0.033981541443097285
2018-06-18 01:24:00,0.03845234612748527
2018-06-18 01:27:00,-0.013589152257850401
2018-06-18 01:30:00,-0.011588982668399694
2018-06-18 01:33:00,0.015020945062758528
2018-06-18 01:36:00,0.03967083956882789
2018-06-18 01:39:00,-0.02098648385680235
2018-06-18 01:42:00,-0.023134742767183525
2018-06-18 01:45:00,-0.0015654262062412272
2018-06-18 01:48:00,-0.0276612113898409
2018-06-18 01:51:00,-0.02450775122565574
2018-06-18 01:54:00,0.07409175732118456
2018-06-18 01:57:00,0.10332863154297911
2018-06-18 02:00:00,-0.005053965727825016
2018-06-18 02:03:00,0.11061961098022266
2018-06-18 02:06:00,0.05154265832516103
2018-06-18 02:09:00,-0.012174041140838199
2018-06-18 02:12:00,0.03404645313457877
2018-06-18 02:15:00,0.027748907201271322
2018-06-18 02:18:00,0.043565656990210755
2018-06-18 02:21:00,0.02889847853231231
2018-06-18 02:24:00,0.018339535758855163
2018-06-18 02:27:00,-0.07148124108329057
2018-06-18 02:30:00,0.020566002278997075
2018-06-18 02:33:00,0.04430456253180637
2018-06-18 02:36:00,0.07655307582632531
2018-06-18 02:39:00,0.1449713606063483
2018-06-18 02:42:00,0.051212493664195335
2018-06-18 02:45:00,0.03637192554418789
2018-06-18 02:48:00,0.12743577856963384
2018-06-18 02:51:00,-0.019477196982791156
2018-06-18 02:54:00,0.02552334058231054
2018-06-18 02:57:00,0.1162161733867606
2018-06-18 03:00:00,-0.0028791019753384717
2018-06-18 03:03:00,0.027413830800412597
2018-06-18 03:06:00,-0.09343536131206065
2018-06-18 03:09:00,0.011179948283881913
2018-06-18 03:12:00,0.09680666408922889
2018-06-18 03:15:00,0.0836617891180822
2018-06-18 03:18:00,0.03452284626121127
2018-06-18 03:21:00,0.06105629088352771
2018-06-18 03:24:00,0.0825488208552656
2018-06-18 03:27:00,0.025343069074153846
2018-06-18 03:30:00,0.11027069462409145
2018-06-18 03:33:00,0.04328923645334726
2018-06-18 03:36:00,0.17184972711413593
2018-06-18 03:39:00,0.1435160468271306
2018-06-18 03:42:00,0.12012359405855477
2018-06-18 03:45:00,0.16877988761910956
2018-06-18 03:48:00,0.24854253004571092
2018-06-18 03:51:00,0.18449355938247436
2018-06-18 03:54:00,0.162676626158202
2018-06-18 03:57:00,0.1649384589940155
2018-06-18 04:00:00,0.12176786080510738
2018-06-18 04:03:00,0.15551769869358623
2018-06-18 04:06:00,0.2109713323474125
2018-06-18 04:09:00,0.18934949744340202
2018-06-18 04:12:00,0.18191112468610982
2018-06-18 04:15:00,0.22517067833467763
2018-06-18 04:18:00,0.17118003651626168
2018-06-18 04:21:00,0.18479862007541215
2018-06-18 04:24:00,0.18114842285001487
2018-06-18 04:27:00,0.22141590356437746
2018-06-18 04:30:00,0.1701795581739134
2018-06-18 04:33:00,0.2300836688988852
2018-06-18 04:36:00,0.09768001501811341
2018-06-18 04:39:00,0.18654022457985775
2018-06-18 04:42:00,0.23762919530457793
2018-06-18 04:45:00,0.2380748935009933
2018-06-18 04:48:00,0.25188345801603873
2018-06-18 04:51:00,0.15072231701651617
2018-06-18 04:54:00,0.24725536337382437
2018-06-18 04:57:00,0.22453119399199295
2018-06-18 05:00:00,0.22178214996523593
2018-06-18 05:03:00,0.16774025833592532
2018-06-18 05:06:00,0.046626467133876304
2018-06-18 05:09:00,0.21512317508819478
2018-06-18 05:12:00,0.20189790827851084
2018-06-18 05:15:00,0.1450081918587216
2018-06-18 05:18:00,0.06650801583970178
2018-06-18 05:21:00,0.22731702563959288
2018-06-18 05:24:00,0.19443724919949545
2018-06-18 05:27:00,0.2200262089642706
2018-06-18 05:30:00,0.1628295776955042
2018-06-18 05:33:00,0.18078185177643036
2018-06-18 05:36:00,0.1760158910726659
2018-06-18 05:39:00,0.2495446848171241
2018-06-18 05:42:00,0.1931068118276471
2018-06-18 05:45:00,0.32340857649114696
2018-06-18 05:48:00,0.12022768843547738
2018-06-18 05:51:00,0.17825479707687464
2018-06-18 05:54:00,0.21486240272940904
2018-06-18 05:57:00,0.19820230405042594
2018-06-18 06:00:00,0.2572852788350133
2018-06-18 06:03:00,0.2180804346328955
2018-06-18 06:06:00,0.2810902710528467
2018-06-18 06:09:00,0.28254473495320553
2018-06-18 06:12:00,0.20899998346965276
2018-06-18 06:15:00,0.248300967762475
2018-06-18 06:18:00,0.2324003037588227
2018-06-18 06:21:00,0.3030779097014147
2018-06-18 06:24:00,0.3152054726784286
2018-06-18 06:27:00,0.23004332471350608
2018-06-18 06:30:00,0.3140525554943565
2018-06-18 06:33:00,0.20438675414783347
2018-06-18 06:36:00,0.25707011911958944
2018-06-18 06:39:00,0.2698058612659793
2018-06-18 06:42:00,0.24881537028505818
2018-06-18 06:45:00,0.19532570539149674
2018-06-18 06:48:00,0.13259301377678412
2018-06-18 06:51:00,0.15713097082232252
2018-06-18 06:54:00,0.24799165241381615
2018-06-18 06:57:00,0.24249587161290265
2018-06-18 07:00:00,0.20457566908231684
2018-06-18 07:03:00,0.26177708202675376
2018-06-18 07:06:00,0.1676483676434941
2018-06-18 07:09:00,0.2325050306960179
2018-06-18 07:12:00,0.18037878347428205
2018-06-18 07:15:00,0.1887459567129781
2018-06-18 07:18:00,0.2067767361256756
2018-06-18 07:21:00,0.2824542605325746
2018-06-18 07:24:00,0.2694484630871443
2018-06-18 07:27:00,0.24318988438517408
2018-06-18 07:30:00,0.25444292096250365
2018-06-18 07:33:00,0.25898782692468103
2018-06-18 07:36:00,0.21207491813453316
2018-06-18 07:39:00,0.24088061537213434
2018-06-18 07:42:00,0.21363539483138538
2018-06-18 07:45:00,0.256593571411031
2018-06-18 07:48:00,0.23255597444648402
2018-06-18 07:51:00,0.31056619019295795
2018-06-18 07:54:00,0.2166487943150628
2018-06-18 07:57:00,0.1679173649938548
2018-06-18 08:00:00,0.24094539448475416
2018-06-18 08:03:00,0.2648095988060959
2018-06-18 08:06:00,0.22225388657648182
2018-06-18 08:09:00,0.173003232803012
2018-06-18 08:12:00,0.21877343651914316
2018-06-18 08:15:00,0.20376004749368803
2018-06-18 08:18:00,0.1282260537888078
2018-06-18 08:21:00,0.14767663775819528
2018-06-18 08:24:00,0.1977318110864985
2018-06-18 08:27:00,0.20217164995398207
2018-06-18 08:30:00,0.06125036871151224
2018-06-18 08:33:00,0.20865216238888706
2018-06-18 08:36:00,0.14107608218859014
2018-06-18 08:39:00,0.129226509923285
2018-06-18 08:42:00,0.029291943410100885
2018-06-18 08:45:00,0.1092636851745965
2018-06-18 08:48:00,0.17772020771337793
2018-06-18 08:51:00,0.1156138450924118
2018-06-18 08:54:00,0.03783956315442083
2018-06-18 08:57:00,-0.015070923411087733
2018-06-18 09:00:00,0.06422338774854097
2018-06-18 09:03:00,0.09202774994309948
2018-06-18 09:06:00,0.03468550833531481
2018-06-18 09:09:00,0.02115798872796404
2018-06-18 09:12:00,-0.00691038594817428
2018-06-18 09:15:00,-0.05655328220109368
2018-06-18 09:18:00,-0.032832596040918816
2018-06-18 09:21:00,-0.034268211825008166
2018-06-18 09:24:00,-0.016099546944019494
2018-06-18 09:27:00,-0.05489485884726264
2018-06-18 09:30:00,-0.0352935529840579
2018-06-18 09:33:00,-0.08624681499901499
2018-06-18 09:36:00,-0.08756825897285125
2018-06-18 09:39:00,-0.036948049837974395
2018-06-18 09:42:00,-0.02237827566858641
2018-06-18 09:45:00,-0.0849584411122919
2018-06-18 09:48:00,-0.04799802228296812
2018-06-18 09:51:00,-0.0945736029600539
2018-06-18 09:54:00,-0.03206779952103034
2018-06-18 09:57:00,-0.029717629724814287
2018-06-18 10:00:00,-0.2426861024347886
2018-06-18 10:03:00,-0.2055134357368047
2018-06-18 10:06:00,-0.17657943100022067
2018-06-18 10:09:00,-0.09368429354776708
2018-06-18 10:12:00,-0.13499394756837546
2018-06-18 10:15:00,-0.1580756668382719
2018-06-18 10:18:00,-0.29883712018460074
2018-06-18 10:21:00,-0.17346311072043363
2018-06-18 10:24:00,-0.2624194102243109
2018-06-18 10:27:00,-0.21922486227214222
2018-06-18 10:30:00,-0.26915239574617544
2018-06-18 10:33:00,-0.27899434015216684
2018-06-18 10:36:00,-0.18755649137926866
2018-06-18 10:39:00,-0.14158811946117567
2018-06-18 10:42:00,-0.3122715635657869
2018-06-18 10:45:00,-0.3465295573023468
2018-06-18 10:48:00,-0.24549638207378166
2018-06-18 10:51:00,-0.2649226274771195
2018-06-18 10:54:00,-0.2959349178239563
2018-06-18 10:57:00,-0.27609887488443974
2018-06-18 11:00:00,-0.35291726521546707
2018-06-18 11:03:00,-0.40036882272187313
2018-06-18 11:06:00,-0.27364153772214195
2018-06-18 11:09:00,-0.38424937384257873
2018-06-18 11:12:00,-0.29648299907967157
2018-06-18 11:15:00,-0.4739511503693734
2018-06-18 11:18:00,-0.36782594294129467
2018-06-18 11:21:00,-0.4429229098788596
2018-06-18 11:24:00,-0.4365422965030348
2018-06-18 11:27:00,-0.4361363661249129
2018-06-18 11:30:00,-0.32192131293783177
2018-06-18 11:33:00,-0.45482570191887817
2018-06-18 11:36:00,-0.526162803142654
2018-06-18 11:39:00,-0.46893167401015035
2018-06-18 11:42:00,-0.4960568260027003
2018-06-18 11:45:00,-0.5051944441321439
2018-06-18 11:48:00,-0.5012855393712812
2018-06-18 11:51:00,-0.3707094728450784
2018-06-18 11:54:00,-0.41369794310332964
2018-06-18 11:57:00,-0.412584510627255
2018-06-18 12:00:00,-0.38533737784825917
2018-06-18 12:03:00,-0.48657182580859626
2018-06-18 12:06:00,-0.4212075156293622
2018-06-18 12:09:00,-0.46053107527961856
2018-06-18 12:12:00,-0.3773611422888621
2018-06-18 12:15:00,-0.404096567276099
2018-06-18 12:18:00,-0.4619853427037697
2018-06-18 12:21:00,-0.45802553584121597
2018-06-18 12:24:00,-0.5307215846327153
2018-06-18 12:27:00,-0.3865861261164696
2018-06-18 12:30:00,-0.4100285754552715
2018-06-18 12:33:00,-0.3339953238884732
2018-06-18 12:36:00,-0.4646036596274712
2018-06-18 12:39:00,-0.32404122266672175
2018-06-18 12:42:00,-0.2566958204979528
2018-06-18 12:45:00,-0.04325218057283564
2018-06-18 12:48:00,-0.17018646461963272
2018-06-18 12:51:00,-0.1547683904170185
2018-06-18 12:54:00,-0.2795352691228459
2018-06-18 12:57:00,-0.1907884745422166
2018-06-18 13:00:00,-0.25898678553278387
2018-06-18 13:03:00,-0.42840410856683775
2018-06-18 13:06:00,-0.5378033565458509
2018-06-18 13:09:00,-0.5274445294662087
2018-06-18 13:12:00,-0.33772946375694346
2018-06-18 13:15:00,-0.36796263466646906
2018-06-18 13:18:00,-0.415270110609697
2018-06-18 13:21:00,-0.4574993049206455
2018-06-18 13:24:00,-0.61842162759865
2018-06-18 13:27:00,-0.6010376718510315
2018-06-18 13:30:00,-0.6521660523658284
2018-06-18 13:33:00,-0.6781682381119936
2018-06-18 13:36:00,-0.5214387843669215
2018-06-18 13:39:00,-0.2619863665975686
2018-06-18 13:42:00,-0.31923687309858906
2018-06-18 13:45:00,-0.4909541032419611
2018-06-18 13:48:00,-0.3377434982713794
2018-06-18 13:51:00,-0.44988996896466915
2018-06-18 13:54:00,-0.5069979102618163
2018-06-18 13:57:00,-0.43900860131674335
2018-06-18 14:00:00,-0.6224536777152707
2018-06-18 14:03:00,-0.6116137215580579
2018-06-18 14:06:00,-0.5078374255774065
2018-06-18 14:09:00,-0.5053251802022487
2018-06-18 14:12:00,-0.6515449254304713
2018-06-18 14:15:00,-0.5596763257432826
2018-06-18 14:18:00,-0.46760155047371654
2018-06-18 14:21:00,-0.39187412168092806
2018-06-18 14:24:00,-0.500575384894546
2018-06-18 14:27:00,-0.7202454097115378
2018-06-18 14:30:00,-0.5687723365990678
2018-06-18 14:33:00,-0.6021692103381611
2018-06-18 14:36:00,-0.7119414961164239
2018-06-18 14:39:00,-0.6754807146863868
2018-06-18 14:42:00,-0.6964472978387448
2018-06-18 14:45:00,-0.4813101621308533
2018-06-18 14:48:00,-0.3868053495836534
2018-06-18 14:51:00,-0.4715150250214606
2018-06-18 14:54:00,-0.5955730157339758
2018-06-18 14:57:00,-0.5087595576047761
2018-06-18 15:00:00,-0.5475017222448741
2018-06-18 15:03:00,-0.6403148789717648
2018-06-18 15:06:00,-0.6433001199529826
2018-06-18 15:09:00,-0.5771861058723857
2018-06-18 15:12:00,-0.6337237654545333
2018-06-18 15:15:00,-0.6256114858223896
2018-06-18 15:18:00,-0.5558432830096081
2018-06-18 15:21:00,-0.6579975599622117
2018-06-18 15:24:00,-0.5786077988955753
2018-06-18 15:27:00,-0.5833166945654398
2018-06-18 15:30:00,-0.5449772181433445
2018-06-18 15:33:00,-0.5618648940011894
2018-06-18 15:36:00,-0.5309435376437932
2018-06-18 15:39:00,-0.42843644035252737
2018-06-18 15:42:00,-0.492081112140454
2018-06-18 15:45:00,-0.409033797326515
2018-06-18 15:48:00,-0.08646014860522655
2018-06-18 15:51:00,-0.01928800106077233
2018-06-18 15:54:00,-0.404227401048729
2018-06-18 15:57:00,-0.4674825306747721
2018-06-18 16:00:00,-0.43578911650558894
2018-06-18 16:03:00,-0.5158160028457814
2018-06-18 16:06:00,-0.5356679500961263
2018-06-18 16:09:00,-0.3598347902900514
2018-06-18 16:12:00,-0.4512932139608665
2018-06-18 16:15:00,-0.1859730802749482
2018-06-18 16:18:00,-0.28758038525762686
2018-06-18 16:21:00,-0.4695516839505558
2018-06-18 16:24:00,-0.566022539720791
2018-06-18 16:27:00,-0.6466213845139919
2018-06-18 16:30:00,-0.555978227715002
2018-06-18 16:33:00,-0.5277777109250792
2018-06-18 16:36:00,-0.6237858228547566
2018-06-18 16:39:00,-0.5893659904922401
2018-06-18 16:42:00,-0.46349634319904
2018-06-18 16:45:00,-0.5231212822434941
2018-06-18 16:48:00,-0.5245695042276566
2018-06-18 16:51:00,-0.46176493789425876
2018-06-18 16:54:00,-0.35904556842331203
2018-06-18 16:57:00,-0.46237695827733205
2018-06-18 17:00:00,-0.3242577505756685
2018-06-18 17:03:00,-0.25521514346201
2018-06-18 17:06:00,-0.2922987830883699
2018-06-18 17:09:00,-0.2899548409808972
2018-06-18 17:12:00,-0.3695791519645013
2018-06-18 17:15:00,-0.40238411540002517
2018-06-18 17:18:00,-0.27308458515329903
2018-06-18 17:21:00,-0.21751117285015198
2018-06-18 17:24:00,-0.39165774912936513
2018-06-18 17:27:00,-0.43757851389659663
2018-06-18 17:30:00,-0.48937330392487866
2018-06-18 17:33:00,-0.5050696800631727
2018-06-18 17:36:00,-0.5071611758696122
2018-06-18 17:39:00,-0.4858386196270317
2018-06-18 17:42:00,-0.4722855250781208
2018-06-18 17:45:00,-0.473836457704067
2018-06-18 17:48:00,-0.4964648164055916
2018-06-18 17:51:00,-0.48388761823554205
2018-06-18 17:54:00,-0.5011479789095574
2018-06-18 17:57:00,-0.4310761725303678
2018-06-18 18:00:00,-0.47667376919582694
2018-06-18 18:03:00,-0.39261648873690547
2018-06-18 18:06:00,-0.40101738310261226
2018-06-18 18:09:00,-0.4481926164987726
2018-06-18 18:12:00,-0.4616750608902862
2018-06-18 18:15:00,-0.3882619750015124
2018-06-18 18:18:00,-0.4485914462956657
2018-06-18 18:21:00,-0.3941858926445434
2018-06-18 18:24:00,-0.35568740224613293
2018-06-18 18:27:00,-0.3120958290922431
2018-06-18 18:30:00,-0.4290537207761531
2018-06-18 18:33:00,-0.3192773559181319
2018-06-18 18:36:00,-0.32563073114351937
2018-06-18 18:39:00,-0.19961582413378665
2018-06-18 18:42:00,-0.2386146698973448
2018-06-18 18:45:00,-0.24086862704473333
2018-06-18 18:48:00,-0.17436247435676933
2018-06-18 18:51:00,-0.257048067858932
2018-06-18 18:54:00,
2018-06-18 18:57:00,
2018-06-18 19:00:00,
2018-06-18 19:03:00,-0.13685801338561987
2018-06-18 19:06:00,-0.24992164570653586
2018-06-18 19:09:00,-0.23828878081667426
2018-06-18 19:12:00,-0.17643938680816973
2018-06-18 19:15:00,-0.12560284770466978
2018-06-18 19:18:00,-0.08219178365249036
2018-06-18 19:21:00,-0.10716720520065337
2018-06-18 19:24:00,-0.18675215034227222
2018-06-18 19:27:00,-0.11261960221918343
2018-06-18 19:30:00,-0.2057989835638523
2018-06-18 19:33:00,-0.19134592452149946
2018-06-18 19:36:00,-0.08102206336047857
2018-06-18 19:39:00,0.01509691375474631
2018-06-18 19:42:00,-0.023016471049459142
2018-06-18 19:45:00,0.05242647882886331
2018-06-18 19:48:00,0.008140307595283502
2018-06-18 19:51:00,-0.04104075595012091
2018-06-18 19:54:00,-0.00559353583759048
2018-06-18 19:57:00,-0.09988579539611919
2018-06-18 20:00:00,-0.054436353485300515
2018-06-18 20:03:00,-0.05973745328856239
2018-06-18 20:06:00,-0.013689199913244465
2018-06-18 20:09:00,-0.05261583901784661
2018-06-18 20:12:00,0.012945988470676184
2018-06-18 20:15:00,0.009966688500014698
2018-06-18 20:18:00,0.0048027941723489675
2018-06-18 20:21:00,-0.09865909124931704
2018-06-18 20:24:00,-0.015238523128005
2018-06-18 20:27:00,0.01677510300328322
2018-06-18 20:30:00,-0.013722864939325063
2018-06-18 20:33:00,-0.004482529741210328
2018-06-18 20:36:00,-0.03524174092473231
2018-06-18 20:39:00,-0.048329093591803485
2018-06-18 20:42:00,-0.023459707379913652
2018-06-18 20:45:00,-0.04821372835260718
2018-06-18 20:48:00,-0.0538182032662462
2018-06-18 20:51:00,-0.13009304439782454
2018-06-18 20:54:00,0.09821607527550213
2018-06-18 20:57:00,-0.033461196052542164
2018-06-18 21:00:00,-0.053128078344911955
2018-06-18 21:03:00,0.015747683424308434
2018-06-18 21:06:00,-0.07587844938251465
2018-06-18 21:09:00,-0.03780852714260163
2018-06-18 21:12:00,-0.052521229982403383
2018-06-18 21:15:00,-0.02872440762490669
2018-06-18 21:18:00,-0.09765494058660806
2018-06-18 21:21:00,-0.07890927440388396
2018-06-18 21:24:00,-0.08758346148204055
2018-06-18 21:27:00,-0.10899279568411657
2018-06-18 21:30:00,-0.12451921606833594
2018-06-18 21:33:00,-0.13838866266331706
2018-06-18 21:36:00,-0.07483011684405483
2018-06-18 21:39:00,-0.10114471651405665
2018-06-18 21:42:00,-0.015505766184730874
2018-06-18 21:45:00,-0.10496414943025911
2018-06-18 21:48:00,-0.02538795397759941
2018-06-18 21:51:00,-0.03229915270259198
2018-06-18 21:54:00,-0.06803623161448513
2018-06-18 21:57:00,0.006787556397796379
2018-06-18 22:00:00,0.00413696373482253
2018-06-18 22:03:00,-0.007883566295447508
2018-06-18 22:06:00,-0.01863850581077031
2018-06-18 22:09:00,0.011762657468636917
2018-06-18 22:12:00,-0.02528677771817911
2018-06-18 22:15:00,-0.03772702885743229
2018-06-18 22:18:00,-0.029041020740180556
2018-06-18 22:21:00,-0.0760516731320422
2018-06-18 22:24:00,-0.027721424079686585
2018-06-18 22:27:00,-0.01073920034883713
2018-06-18 22:30:00,-0.038838508812204964
2018-06-18 22:33:00,-0.031364599003040894
2018-06-18 22:36:00,-0.04564614154185165
2018-06-18 22:39:00,-0.07647378367295232
2018-06-18 22:42:00,-0.0663750634820417
2018-06-18 22:45:00,-0.00855719862551041
2018-06-18 22:48:00,-0.04970376071298688
2018-06-18 22:51:00,0.04186608696863914
2018-06-18 22:54:00,0.014921400167906995
2018-06-18 22:57:00,-0.06541531241015264
2018-06-18 23:00:00,0.10168488615670412
2018-06-18 23:03:00,0.1258873236359932
2018-06-18 23:06:00,0.02965667175692488
2018-06-18 23:09:00,0.03530237479213838
2018-06-18 23:12:00,-0.0037077150316804364
2018-06-18 23:15:00,0.03443855301736676
2018-06-18 23:18:00,-0.020124355687983098
2018-06-18 23:21:00,-0.061466109788284484
2018-06-18 23:24:00,-0.12388194353286508
2018-06-18 23:27:00,-0.13387733887856257
2018-06-18 23:30:00,-0.016544206763342117
2018-06-18 23:33:00,-0.045661043093446096
2018-06-18 23:36:00,-0.08684583581793959
2018-06-18 23:39:00,-0.14955913417844613
2018-06-18 23:42:00,-0.1142430712329201
2018-06-18 23:45:00,-0.048518511767724704
2018-06-18 23:48:00,-0.06787897835266676
2018-06-18 23:51:00,0.011170812403918262
2018-06-18 23:54:00,-0.09262277272978281
2018-06-18 23:57:00,-0.18808641081267297
2018-06-19 00:00:00,-0.09628216380269805
2018-06-19 00:03:00,-0.034669672286497644
2018-06-19 00:06:00,-0.07590306700427618
2018-06-19 00:09:00,-0.04847779910829786
2018-06-19 00:12:00,-0.07929056792448819
2018-06-19 00:15:00,-0.026267773756501356
2018-06-19 00:18:00,0.07577786157486344
2018-06-19 00:21:00,-0.11044113950282508
2018-06-19 00:24:00,0.017188545394162702
2018-06-19 00:27:00,0.0326129339763952
2018-06-19 00:30:00,0.057209092806317585
2018-06-19 00:33:00,0.063178342604715
2018-06-19 00:36:00,0.04235036770887746
2018-06-19 00:39:00,0.031535361688384
2018-06-19 00:42:00,-0.030237888308477068
2018-06-19 00:45:00,0.036839790341673506
2018-06-19 00:48:00,-0.058020735660647915
2018-06-19 00:51:00,0.016547198274793118
2018-06-19 00:54:00,-0.013045079797734616
2018-06-19 00:57:00,0.03468019832808977
2018-06-19 01:00:00,-0.02183691534838772
2018-06-19 01:03:00,0.06258680546346795
2018-06-19 01:06:00,0.10640938505753184
2018-06-19 01:09:00,-0.007330619692254459
2018-06-19 01:12:00,0.023536181944223244
2018-06-19 01:15:00,0.061399730988171086
2018-06-19 01:18:00,-0.01777816609939009
2018-06-19 01:21:00,0.0053224282245878385
2018-06-19 01:24:00,0.10391142415664945
2018-06-19 01:27:00,0.10531757834456812
2018-06-19 01:30:00,-0.0031707487972312265
2018-06-19 01:33:00,0.08745215272699625
2018-06-19 01:36:00,-0.030273391585410536
2018-06-19 01:39:00,0.03339565124485944
2018-06-19 01:42:00,0.006541309628858016
2018-06-19 01:45:00,0.08283053989805467
2018-06-19 01:48:00,0.002344329401125833
2018-06-19 01:51:00,0.10600432236304869
2018-06-19 01:54:00,0.029529370494628893
2018-06-19 01:57:00,0.07066452766747489
2018-06-19 02:00:00,0.01682588420231923
2018-06-19 02:03:00,0.02240967236917868
2018-06-19 02:06:00,0.11425885872711206
2018-06-19 02:09:00,0.09690368414811701
2018-06-19 02:12:00,0.05643289458151912
2018-06-19 02:15:00,0.019025677582533262
2018-06-19 02:18:00,0.13294477215316647
2018-06-19 02:21:00,0.063639440779923
2018-06-19 02:24:00,0.0846189907777557
2018-06-19 02:27:00,0.15504648600102655
2018-06-19 02:30:00,0.1570094773362598
2018-06-19 02:33:00,-0.017616791335285598
2018-06-19 02:36:00,0.06757553603205224
2018-06-19 02:39:00,-0.0006062329783276255
2018-06-19 02:42:00,0.19887346955738394
2018-06-19 02:45:00,0.08123274330762342
2018-06-19 02:48:00,0.09897497654060317
2018-06-19 02:51:00,0.06853273429402407
2018-06-19 02:54:00,0.21785476620550526
2018-06-19 02:57:00,0.10425466573963149
2018-06-19 03:00:00,0.14994579174197042
2018-06-19 03:03:00,0.06631888681476994
2018-06-19 03:06:00,0.17703184082256485
2018-06-19 03:09:00,0.11170671007073452
2018-06-19 03:12:00,0.037379494992535456
2018-06-19 03:15:00,0.09630087905389928
2018-06-19 03:18:00,0.1425090576981347
2018-06-19 03:21:00,0.16698676436317328
2018-06-19 03:24:00,0.09032846649574822
2018-06-19 03:27:00,0.0699977986603244
2018-06-19 03:30:00,0.2365746382139946
2018-06-19 03:33:00,0.09887119723612159
2018-06-19 03:36:00,0.09118753216108644
2018-06-19 03:39:00,0.09216264284611952
2018-06-19 03:42:00,0.18791193311432153
2018-06-19 03:45:00,0.166173470134936
2018-06-19 03:48:00,0.13346229476366034
2018-06-19 03:51:00,0.24288065530259928
2018-06-19 03:54:00,0.21263065800513914
2018-06-19 03:57:00,0.13185874737615677
2018-06-19 04:00:00,0.219178076820981
2018-06-19 04:03:00,0.17029131394025399
2018-06-19 04:06:00,0.21600052961093752
2018-06-19 04:09:00,0.20647050433467484
2018-06-19 04:12:00,0.20544813745328838
2018-06-19 04:15:00,0.2227489180842781
2018-06-19 04:18:00,0.1707032384933882
2018-06-19 04:21:00,0.2739550800851589
2018-06-19 04:24:00,0.18623686548795604
2018-06-19 04:27:00,0.2175353513609366
2018-06-19 04:30:00,0.1517250743099794
2018-06-19 04:33:00,0.2581420598720001
2018-06-19 04:36:00,0.24299998381428622
2018-06-19 04:39:00,0.24463144873624287
2018-06-19 04:42:00,0.22882048722681247
2018-06-19 04:45:00,0.25285575679208705
2018-06-19 04:48:00,0.2352354962098957
2018-06-19 04:51:00,0.2690780397833805
2018-06-19 04:54:00,0.2850040542825809
2018-06-19 04:57:00,0.24880014895688873
2018-06-19 05:00:00,0.30513226474323574
2018-06-19 05:03:00,0.23742410896232968
2018-06-19 05:06:00,0.3239206242170667
2018-06-19 05:09:00,0.24613856062785544
2018-06-19 05:12:00,0.21068480304188597
2018-06-19 05:15:00,0.19161412443338577
2018-06-19 05:18:00,0.25905473577256544
2018-06-19 05:21:00,0.31252794164976194
2018-06-19 05:24:00,0.27256221587555274
2018-06-19 05:27:00,0.2542801457592532
2018-06-19 05:30:00,0.2519470661985679
2018-06-19 05:33:00,0.39971495583046135
2018-06-19 05:36:00,0.3474821835267221
2018-06-19 05:39:00,0.3144632874229387
2018-06-19 05:42:00,0.340226158831058
2018-06-19 05:45:00,0.34549345393793374
2018-06-19 05:48:00,0.33804309287359047
2018-06-19 05:51:00,0.24634754047423257
2018-06-19 05:54:00,0.31507593602231054
2018-06-19 05:57:00,0.32217284376025646
2018-06-19 06:00:00,0.31377403175400786
2018-06-19 06:03:00,0.3782625891277007
2018-06-19 06:06:00,0.3098635393358222
2018-06-19 06:09:00,0.2177210777111327
2018-06-19 06:12:00,0.3032664803215539
2018-06-19 06:15:00,0.22166040710862944
2018-06-19 06:18:00,0.22797161750099804
2018-06-19 06:21:00,0.20561614392181582
2018-06-19 06:24:00,0.3522141114499391
2018-06-19 06:27:00,0.33794151884376333
2018-06-19 06:30:00,0.2700455692940409
2018-06-19 06:33:00,0.2031927790918644
2018-06-19 06:36:00,0.32923256184295724
2018-06-19 06:39:00,0.372868908445696
2018-06-19 06:42:00,0.2412501971290908
2018-06-19 06:45:00,0.3140550086311009
2018-06-19 06:48:00,0.14941987422668035
2018-06-19 06:51:00,0.29379444219819106
2018-06-19 06:54:00,0.2602378105812022
2018-06-19 06:57:00,0.2934769171345124
2018-06-19 07:00:00,0.3520043836879836
2018-06-19 07:03:00,0.40685037142588953
2018-06-19 07:06:00,0.30919515675668663
2018-06-19 07:09:00,0.32625375001560997
2018-06-19 07:12:00,0.27543779864396356
2018-06-19 07:15:00,0.33673093469445803
2018-06-19 07:18:00,0.31714934239039394
2018-06-19 07:21:00,0.2724979174108171
2018-06-19 07:24:00,0.3169442834786196
2018-06-19 07:27:00,0.29465395772939473
2018-06-19 07:30:00,0.2570830336774179
2018-06-19 07:33:00,0.36721438211560553
2018-06-19 07:36:00,0.30838492973055054
2018-06-19 07:39:00,0.25137363146916414
2018-06-19 07:42:00,0.228672355582205
2018-06-19 07:45:00,0.3647283397891101
2018-06-19 07:48:00,0.22515144810228094
2018-06-19 07:51:00,0.23336165312878165
2018-06-19 07:54:00,0.29832931560162024
2018-06-19 07:57:00,0.2578789132691668
2018-06-19 08:00:00,0.34267050756744766
2018-06-19 08:03:00,0.20186866884813526
2018-06-19 08:06:00,0.22409197704968165
2018-06-19 08:09:00,0.22111298767487142
2018-06-19 08:12:00,0.17552770513640326
2018-06-19 08:15:00,0.27235218049111154
2018-06-19 08:18:00,0.1910017821666088
2018-06-19 08:21:00,0.20725655607918725
2018-06-19 08:24:00,0.12663101458747406
2018-06-19 08:27:00,0.16701295324537568
2018-06-19 08:30:00,0.12234199237997245
2018-06-19 08:33:00,0.1871469171994704
2018-06-19 08:36:00,0.08933420663356628
2018-06-19 08:39:00,0.1719456563319568
2018-06-19 08:42:00,0.1341413683175574
2018-06-19 08:45:00,0.07879022596210916
2018-06-19 08:48:00,0.18108674704308214
2018-06-19 08:51:00,0.08305363626641338
2018-06-19 08:54:00,0.02754746445168621
2018-06-19 08:57:00,0.07737109786688734
2018-06-19 09:00:00,0.11885007881960519
2018-06-19 09:03:00,0.15960893806544618
2018-06-19 09:06:00,-0.017491477231089902
2018-06-19 09:09:00,0.05859084824044203
2018-06-19 09:12:00,0.00742849618393393
2018-06-19 09:15:00,0.02274552220711712
2018-06-19 09:18:00,-0.047853601453255123
2018-06-19 09:21:00,-0.07411547386345774
2018-06-19 09:24:00,-0.024286367830882227
2018-06-19 09:27:00,-0.19936710323850093
2018-06-19 09:30:00,-0.11215959467801895
2018-06-19 09:33:00,-0.08962772092013438
2018-06-19 09:36:00,-0.0036749625603533786
2018-06-19 09:39:00,-0.10136720718901415
2018-06-19 09:42:00,-0.16684144273153834
2018-06-19 09:45:00,-0.0908426149470074
2018-06-19 09:48:00,-0.1224474047708668
2018-06-19 09:51:00,-0.16807432554622892
2018-06-19 09:54:00,-0.15581269401565123
2018-06-19 09:57:00,-0.18806215285849248
2018-06-19 10:00:00,-0.12739135736001117
2018-06-19 10:03:00,-0.0189248048862396
2018-06-19 10:06:00,-0.14956744713208536
2018-06-19 10:09:00,-0.21311351394501798
2018-06-19 10:12:00,-0.1804440391405251
2018-06-19 10:15:00,-0.3059386721851638
2018-06-19 10:18:00,-0.20252924118392457
2018-06-19 10:21:00,-0.2422946106472068
2018-06-19 10:24:00,-0.1825912161241945
2018-06-19 10:27:00,-0.2586120648581982
2018-06-19 10:30:00,-0.38364869747550756
2018-06-19 10:33:00,-0.29123773016323184
2018-06-19 10:36:00,-0.34078318524711904
2018-06-19 10:39:00,-0.3362975625331046
2018-06-19 10:42:00,-0.1286536519666015
2018-06-19 10:45:00,-0.20711499791593724
2018-06-19 10:48:00,-0.2655333954742787
2018-06-19 10:51:00,-0.15998619257140945
2018-06-19 10:54:00,-0.04553798516110419
2018-06-19 10:57:00,0.09115408614428588
2018-06-19 11:00:00,-0.10017712141700486
2018-06-19 11:03:00,-0.10230978654425371
2018-06-19 11:06:00,0.07291356026030371
2018-06-19 11:09:00,0.0033761800277716247
2018-06-19 11:12:00,-0.07575111030132575
2018-06-19 11:15:00,-0.10835554639839984
2018-06-19 11:18:00,-0.09573180019515348
2018-06-19 11:21:00,-0.10738514565167634
2018-06-19 11:24:00,-0.20671633626318453
2018-06-19 11:27:00,0.096823799658182
2018-06-19 11:30:00,0.02984821057913223
2018-06-19 11:33:00,-0.04279575705834304
2018-06-19 11:36:00,-0.06202095110563732
2018-06-19 11:39:00,-0.15705841012226074
2018-06-19 11:42:00,-0.02708924793830647
2018-06-19 11:45:00,0.09815087757482388
2018-06-19 11:48:00,0.0396744690461901
2018-06-19 11:51:00,0.061047960154098746
2018-06-19 11:54:00,-0.14464842280114
2018-06-19 11:57:00,-0.28529034751693416
2018-06-19 12:00:00,-0.4624265240958607
2018-06-19 12:03:00,-0.35636139073329787
2018-06-19 12:06:00,-0.43819795584386156
2018-06-19 12:09:00,-0.3179085389904799
2018-06-19 12:12:00,-0.35263831290535563
2018-06-19 12:15:00,-0.37010401756049305
2018-06-19 12:18:00,-0.3591478996848423
2018-06-19 12:21:00,-0.32801763187302413
2018-06-19 12:24:00,-0.29739057383994805
2018-06-19 12:27:00,-0.3454285126548484
2018-06-19 12:30:00,-0.06100026657827584
2018-06-19 12:33:00,-0.33211071442570983
2018-06-19 12:36:00,-0.21285790721992726
2018-06-19 12:39:00,-0.4084835825202049
2018-06-19 12:42:00,-0.37305457336645986
2018-06-19 12:45:00,-0.321123632609158
2018-06-19 12:48:00,-0.3232139161058285
2018-06-19 12:51:00,-0.09660000047824724
2018-06-19 12:54:00,-0.1448131157884518
2018-06-19 12:57:00,-0.21089880248030113
2018-06-19 13:00:00,-0.17006304642711711
2018-06-19 13:03:00,-0.11589508289057449
2018-06-19 13:06:00,-0.13466845237633152
2018-06-19 13:09:00,-0.23936884664988156
2018-06-19 13:12:00,-0.23720353991285492
2018-06-19 13:15:00,-0.1989119350513988
2018-06-19 13:18:00,-0.18986929845311806
2018-06-19 13:21:00,-0.11809671577560721
2018-06-19 13:24:00,-0.1725720770806447
2018-06-19 13:27:00,-0.24295694647634036
2018-06-19 13:30:00,-0.04309265873604318
2018-06-19 13:33:00,-0.1646494191316492
2018-06-19 13:36:00,-0.2761436846503784
2018-06-19 13:39:00,-0.42314643114906403
2018-06-19 13:42:00,-0.42701382597965676
2018-06-19 13:45:00,-0.3334350762665963
2018-06-19 13:48:00,-0.18165341467164353
2018-06-19 13:51:00,-0.035755468847810334
2018-06-19 13:54:00,-0.08974041732659543
2018-06-19 13:57:00,-0.30548498059954454
2018-06-19 14:00:00,-0.18390067979999003
2018-06-19 14:03:00,-0.08727933244296082
2018-06-19 14:06:00,-0.07320658010667103
2018-06-19 14:09:00,-0.202711862819001
2018-06-19 14:12:00,-0.07607064638619931
2018-06-19 14:15:00,-0.17287709884249125
2018-06-19 14:18:00,-0.016364043214707635
2018-06-19 14:21:00,0.006671323813634444
2018-06-19 14:24:00,-0.2402414775581292
2018-06-19 14:27:00,-0.34744206461351723
2018-06-19 14:30:00,-0.4536488027341079
2018-06-19 14:33:00,-0.2528128529253877
2018-06-19 14:36:00,-0.27692281128037166
2018-06-19 14:39:00,-0.34644325829810896
2018-06-19 14:42:00,-0.25615162429414795
2018-06-19 14:45:00,-0.15225386253541728
2018-06-19 14:48:00,-0.10376980573136052
2018-06-19 14:51:00,-0.07049824559072704
2018-06-19 14:54:00,-0.20295847911086184
2018-06-19 14:57:00,-0.2525862709188118
2018-06-19 15:00:00,-0.24851650585520701
2018-06-19 15:03:00,-0.07316439961397236
2018-06-19 15:06:00,-0.13836911189497414
2018-06-19 15:09:00,-0.24631277916483896
2018-06-19 15:12:00,-0.4405695966796088
2018-06-19 15:15:00,-0.4789270819185276
2018-06-19 15:18:00,-0.5276721117213015
2018-06-19 15:21:00,-0.4692192352626421
2018-06-19 15:24:00,-0.4151650610193087
2018-06-19 15:27:00,-0.4779823156750922
2018-06-19 15:30:00,-0.46397508009192734
2018-06-19 15:33:00,-0.3056069685769103
2018-06-19 15:36:00,-0.36323923166889927
2018-06-19 15:39:00,-0.23863908592051075
2018-06-19 15:42:00,-0.29553983042671916
2018-06-19 15:45:00,-0.21342139622436207
2018-06-19 15:48:00,-0.14925182730775077
2018-06-19 15:51:00,-0.21768189704766883
2018-06-19 15:54:00,-0.3089651784387115
2018-06-19 15:57:00,-0.2837673308762305
2018-06-19 16:00:00,-0.21724109957347082
2018-06-19 16:03:00,-0.2666938798862475
2018-06-19 16:06:00,0.030633830054171085
2018-06-19 16:09:00,-0.20548192865578585
2018-06-19 16:12:00,-0.30916212015347355
2018-06-19 16:15:00,-0.1427883890833641
2018-06-19 16:18:00,0.13993821178348753
2018-06-19 16:21:00,-0.060259597143783594
2018-06-19 16:24:00,-0.39042231358689605
2018-06-19 16:27:00,-0.3819785668891882
2018-06-19 16:30:00,-0.4705334453602745
2018-06-19 16:33:00,-0.5446235869549696
2018-06-19 16:36:00,-0.49635409991549295
2018-06-19 16:39:00,-0.34270551440062036
2018-06-19 16:42:00,-0.28769897229466324
2018-06-19 16:45:00,-0.24376176214417455
2018-06-19 16:48:00,-0.3205293535361875
2018-06-19 16:51:00,-0.28894399918425506
2018-06-19 16:54:00,-0.26081440376714227
2018-06-19 16:57:00,-0.19540919423968717
2018-06-19 17:00:00,-0.2897477405769564
2018-06-19 17:03:00,-0.320187420626155
2018-06-19 17:06:00,-0.33061321936628474
2018-06-19 17:09:00,-0.26073639183732666
2018-06-19 17:12:00,-0.31224174261438975
2018-06-19 17:15:00,-0.2580139362897853
2018-06-19 17:18:00,-0.24497119567917025
2018-06-19 17:21:00,-0.28780769784827953
2018-06-19 17:24:00,-0.33415347851939714
2018-06-19 17:27:00,-0.40387349709681075
2018-06-19 17:30:00,-0.2803693539426604
2018-06-19 17:33:00,-0.4017146391668689
2018-06-19 17:36:00,-0.2722417358038456
2018-06-19 17:39:00,-0.3091661650082642
2018-06-19 17:42:00,-0.3390623552837724
2018-06-19 17:45:00,-0.299610070356664
2018-06-19 17:48:00,-0.384514232327831
2018-06-19 17:51:00,-0.3600042722561625
2018-06-19 17:54:00,-0.21222164570622226
2018-06-19 17:57:00,-0.3462985826741942
2018-06-19 18:00:00,-0.3558479817065745
2018-06-19 18:03:00,-0.31064483656973607
2018-06-19 18:06:00,-0.36343982604154235
2018-06-19 18:09:00,-0.22915592228616788
2018-06-19 18:12:00,-0.3047446407854295
2018-06-19 18:15:00,-0.36008905293994076
2018-06-19 18:18:00,-0.3313691609633338
2018-06-19 18:21:00,-0.3038578203717748
2018-06-19 18:24:00,-0.2887037166606774
2018-06-19 18:27:00,-0.3488209698201672
2018-06-19 18:30:00,-0.29313244730451515
2018-06-19 18:33:00,-0.4783486594668602
2018-06-19 18:36:00,-0.436277666042713
2018-06-19 18:39:00,-0.3918435124856501
2018-06-19 18:42:00,-0.3703526459721047
2018-06-19 18:45:00,-0.4037358274763392
2018-06-19 18:48:00,-0.39024245282263337
2018-06-19 18:51:00,-0.46156356705546386
2018-06-19 18:54:00,
2018-06-19 18:57:00,
2018-06-19 19:00:00,
2018-06-19 19:03:00,-0.44778773598523003
2018-06-19 19:06:00,-0.37753863502899776
2018-06-19 19:09:00,-0.40646359782977015
2018-06-19 19:12:00,-0.33246321923212463
2018-06-19 19:15:00,-0.32899123717930934
2018-06-19 19:18:00,-0.3891734988666826
2018-06-19 19:21:00,-0.2525857433380452
2018-06-19 19:24:00,-0.18085993878747786
2018-06-19 19:27:00,-0.1133351984213391
2018-06-19 19:30:00,-0.1383118963420884
2018-06-19 19:33:00,-0.0031978627308149044
2018-06-19 19:36:00,-0.07740986581353582
2018-06-19 19:39:00,-0.11267306706434965
2018-06-19 19:42:00,-0.08252124277663597
2018-06-19 19:45:00,-0.15637768365502325
2018-06-19 19:48:00,-0.10540667714849405
2018-06-19 19:51:00,-0.13181307867620262
2018-06-19 19:54:00,-0.08171453794977879
2018-06-19 19:57:00,-0.09639024762299186
2018-06-19 20:00:00,-0.13897698916110812
2018-06-19 20:03:00,-0.13035213226260112
2018-06-19 20:06:00,-0.042851430330074436
2018-06-19 20:09:00,-0.004239681506760462
2018-06-19 20:12:00,-0.042961509321457925
2018-06-19 20:15:00,-0.03327241333187203
2018-06-19 20:18:00,-0.019975141165900823
2018-06-19 20:21:00,0.02912143757623653
2018-06-19 20:24:00,-0.005168319353174411
2018-06-19 20:27:00,-0.0379600669782576
2018-06-19 20:30:00,0.0530436795395417
2018-06-19 20:33:00,0.025825013202222635
2018-06-19 20:36:00,0.04580503875257591
2018-06-19 20:39:00,0.01053018309056597
2018-06-19 20:42:00,0.014205285553373415
2018-06-19 20:45:00,-0.02630150107938789
2018-06-19 20:48:00,0.061393353766959535
2018-06-19 20:51:00,0.055359782665107105
2018-06-19 20:54:00,0.07699809317369954
2018-06-19 20:57:00,-0.056251285706537146
2018-06-19 21:00:00,0.1441616923835909
2018-06-19 21:03:00,0.1631949701358053
2018-06-19 21:06:00,0.02210061405895658
2018-06-19 21:09:00,0.10421276047441097
2018-06-19 21:12:00,0.18452138144368746
2018-06-19 21:15:00,0.1056125189627437
2018-06-19 21:18:00,0.15502016751088377
2018-06-19 21:21:00,0.17338078172383575
2018-06-19 21:24:00,0.15102343576813837
2018-06-19 21:27:00,0.05244161643088319
2018-06-19 21:30:00,0.061122992742468796
2018-06-19 21:33:00,0.1403393795197303
2018-06-19 21:36:00,0.1015053565990911
2018-06-19 21:39:00,0.037226417509316434
2018-06-19 21:42:00,0.09241745309009275
2018-06-19 21:45:00,0.0655076886953907
2018-06-19 21:48:00,0.12581248341030005
2018-06-19 21:51:00,0.07405161489890588
2018-06-19 21:54:00,0.17130170748470164
2018-06-19 21:57:00,0.04101214666343367
2018-06-19 22:00:00,-0.00014422488430909652
2018-06-19 22:03:00,0.18557656702108716
2018-06-19 22:06:00,0.18280078512316322
2018-06-19 22:09:00,0.12126135126135296
2018-06-19 22:12:00,0.06262362621095008
2018-06-19 22:15:00,0.038691547426822126
2018-06-19 22:18:00,0.10706080110566063
2018-06-19 22:21:00,0.09505767097670059
2018-06-19 22:24:00,0.05827197598063094
2018-06-19 22:27:00,0.10882670713903053
2018-06-19 22:30:00,0.08630897182700892
2018-06-19 22:33:00,0.15237908341350703
2018-06-19 22:36:00,0.038021302004267454
2018-06-19 22:39:00,0.043452120813412876
2018-06-19 22:42:00,0.14284775531695004
2018-06-19 22:45:00,0.044121754224704546
2018-06-19 22:48:00,0.08630599605209
2018-06-19 22:51:00,0.055796235597199484
2018-06-19 22:54:00,0.10995281598218298
2018-06-19 22:57:00,0.025059049924834653
2018-06-19 23:00:00,0.011434084828749747
2018-06-19 23:03:00,0.1026067435236655
2018-06-19 23:06:00,0.10494501424869895
2018-06-19 23:09:00,0.011748460610704115
2018-06-19 23:12:00,0.04263351157027273
2018-06-19 23:15:00,0.06320268934399564
2018-06-19 23:18:00,0.03668077078890519
2018-06-19 23:21:00,0.039398495613966134
2018-06-19 23:24:00,0.026966464686779545
2018-06-19 23:27:00,0.03192495514821303
2018-06-19 23:30:00,0.041300302718411785
2018-06-19 23:33:00,0.18464123644338315
2018-06-19 23:36:00,0.08776394542877597
2018-06-19 23:39:00,0.06809131040796501
2018-06-19 23:42:00,-0.005663810398118585
2018-06-19 23:45:00,0.08798060508900107
2018-06-19 23:48:00,0.14651471065457145
2018-06-19 23:51:00,0.09320044919911652
2018-06-19 23:54:00,0.12987794004902753
2018-06-19 23:57:00,0.12720742240639993
2018-06-20 00:00:00,0.1609685255043587
2018-06-20 00:03:00,0.13423295389861778
2018-06-20 00:06:00,0.06576795818529035
2018-06-20 00:09:00,0.06377066949750088
2018-06-20 00:12:00,0.15236086982196184
2018-06-20 00:15:00,0.10158707924898636
2018-06-20 00:18:00,0.09655465708283373
2018-06-20 00:21:00,0.11083086837493283
2018-06-20 00:24:00,0.1420862706132766
2018-06-20 00:27:00,0.07138888640582763
2018-06-20 00:30:00,0.2046733073423752
2018-06-20 00:33:00,0.02066767834901384
2018-06-20 00:36:00,0.06409549738253872
2018-06-20 00:39:00,0.020943523304936207
2018-06-20 00:42:00,0.01829573447992061
2018-06-20 00:45:00,0.0545985855201252
2018-06-20 00:48:00,0.16778061429209856
2018-06-20 00:51:00,0.12727695584482035
2018-06-20 00:54:00,0.08630286099361228
2018-06-20 00:57:00,0.003341227098985655
2018-06-20 01:00:00,0.02097426243068412
2018-06-20 01:03:00,0.03610086500782472
2018-06-20 01:06:00,0.0336291709348302
2018-06-20 01:09:00,0.0451509433351589
2018-06-20 01:12:00,0.23201599464249512
2018-06-20 01:15:00,0.18145965197567193
2018-06-20 01:18:00,0.13643072332632755
2018-06-20 01:21:00,0.18686620399626008
2018-06-20 01:24:00,0.14714761506212426
2018-06-20 01:27:00,0.21986020499832648
2018-06-20 01:30:00,0.1794225127672462
2018-06-20 01:33:00,0.13800459347123706
2018-06-20 01:36:00,0.13141520060941048
2018-06-20 01:39:00,0.13255332703806744
2018-06-20 01:42:00,0.07719522302124915
2018-06-20 01:45:00,0.08018835717234651
2018-06-20 01:48:00,-0.007342671347601026
2018-06-20 01:51:00,-0.011437673443595031
2018-06-20 01:54:00,0.007687330410988125
2018-06-20 01:57:00,-0.002673582005229491
2018-06-20 02:00:00,0.05298946377121183
2018-06-20 02:03:00,0.09721572956931368
2018-06-20 02:06:00,0.07648912599688629
2018-06-20 02:09:00,-0.02102118077027626
2018-06-20 02:12:00,0.03832566825201411
2018-06-20 02:15:00,-0.01676984131847803
2018-06-20 02:18:00,0.05462922718919572
2018-06-20 02:21:00,0.02474019082603718
2018-06-20 02:24:00,0.14636786439541538
2018-06-20 02:27:00,0.14830165771007842
2018-06-20 02:30:00,0.04285857395689163
2018-06-20 02:33:00,0.07111978280664744
2018-06-20 02:36:00,0.14850346114570812
2018-06-20 02:39:00,0.10934936242051663
2018-06-20 02:42:00,0.10001666443423574
2018-06-20 02:45:00,0.10957775648500956
2018-06-20 02:48:00,0.04481556210390636
2018-06-20 02:51:00,0.10933330068689884
2018-06-20 02:54:00,0.19486475131685665
2018-06-20 02:57:00,0.18663582277793012
2018-06-20 03:00:00,0.11690752130436977
2018-06-20 03:03:00,0.12546578771576833
2018-06-20 03:06:00,0.11137419818641092
2018-06-20 03:09:00,0.21395843083615773
2018-06-20 03:12:00,0.2112386134343751
2018-06-20 03:15:00,0.14840501254786886
2018-06-20 03:18:00,0.11827130076147796
2018-06-20 03:21:00,0.1406966157634315
2018-06-20 03:24:00,0.15344354652881975
2018-06-20 03:27:00,0.18520387094230273
2018-06-20 03:30:00,0.0875841301303808
2018-06-20 03:33:00,0.13065633658817433
2018-06-20 03:36:00,0.1925790485894936
2018-06-20 03:39:00,0.16239749351143473
2018-06-20 03:42:00,0.14130467357171028
2018-06-20 03:45:00,0.09360564777722402
2018-06-20 03:48:00,0.1950585209593214
2018-06-20 03:51:00,0.2664417641286718
2018-06-20 03:54:00,0.23621405525824457
2018-06-20 03:57:00,0.14502314557290674
2018-06-20 04:00:00,0.2502181553874152
2018-06-20 04:03:00,0.3853117337172307
2018-06-20 04:06:00,0.20832632021142672
2018-06-20 04:09:00,0.2658294349005246
2018-06-20 04:12:00,0.24163105356700498
2018-06-20 04:15:00,0.27499498386720234
2018-06-20 04:18:00,0.17198781760299653
2018-06-20 04:21:00,0.2222952409287018
2018-06-20 04:24:00,0.15457206427407755
2018-06-20 04:27:00,0.12029373969608059
2018-06-20 04:30:00,0.20671412075284934
2018-06-20 04:33:00,0.28729666740343873
2018-06-20 04:36:00,0.25503865702484063
2018-06-20 04:39:00,0.18747936710167323
2018-06-20 04:42:00,0.17700249669746881
2018-06-20 04:45:00,0.15012485808262
2018-06-20 04:48:00,0.19787766669634266
2018-06-20 04:51:00,0.18187908721898793
2018-06-20 04:54:00,0.3222331089501722
2018-06-20 04:57:00,0.12140220337306573
2018-06-20 05:00:00,0.23034052170584118
2018-06-20 05:03:00,0.1627655866400346
2018-06-20 05:06:00,0.09025001087900364
2018-06-20 05:09:00,0.1271264769555387
2018-06-20 05:12:00,0.13387692949333996
2018-06-20 05:15:00,0.15276515275360225
2018-06-20 05:18:00,0.22974477840961072
2018-06-20 05:21:00,0.21611855900926003
2018-06-20 05:24:00,0.2300112173959974
2018-06-20 05:27:00,0.19653517470891302
2018-06-20 05:30:00,0.2656651712622988
2018-06-20 05:33:00,0.23739293138788753
2018-06-20 05:36:00,0.2746544731372751
2018-06-20 05:39:00,0.27178141308576187
2018-06-20 05:42:00,0.29071072076885685
2018-06-20 05:45:00,0.26527861442241374
2018-06-20 05:48:00,0.1721086375002301
2018-06-20 05:51:00,0.21384899320963768
2018-06-20 05:54:00,0.21931387329993868
2018-06-20 05:57:00,0.2823464269737883
2018-06-20 06:00:00,0.2763010762442377
2018-06-20 06:03:00,0.27687691198309494
2018-06-20 06:06:00,0.28340101863437894
2018-06-20 06:09:00,0.23289767193972466
2018-06-20 06:12:00,0.1884760350230863
2018-06-20 06:15:00,0.17635174284868071
2018-06-20 06:18:00,0.14593069237105283
2018-06-20 06:21:00,0.2888917088617404
2018-06-20 06:24:00,0.16155202929707002
2018-06-20 06:27:00,0.20470862829489533
2018-06-20 06:30:00,0.21280804542345777
2018-06-20 06:33:00,0.23870027792236215
2018-06-20 06:36:00,0.17136050144057435
2018-06-20 06:39:00,0.19764316287478323
2018-06-20 06:42:00,0.20624530522798068
2018-06-20 06:45:00,0.2874730063177253
2018-06-20 06:48:00,0.30630976176212243
2018-06-20 06:51:00,0.17002386655889268
2018-06-20 06:54:00,0.18219578904705713
2018-06-20 06:57:00,0.20558075406580656
2018-06-20 07:00:00,0.3300533927317133
2018-06-20 07:03:00,0.18884129066242394
2018-06-20 07:06:00,0.16160650928719633
2018-06-20 07:09:00,0.11861500359930233
2018-06-20 07:12:00,0.24825112881188716
2018-06-20 07:15:00,0.16156339064843905
2018-06-20 07:18:00,0.20255746953819198
2018-06-20 07:21:00,0.1746058973824347
2018-06-20 07:24:00,0.19072663830377223
2018-06-20 07:27:00,0.08729510764544557
2018-06-20 07:30:00,0.11187891269207739
2018-06-20 07:33:00,0.1355891456294671
2018-06-20 07:36:00,0.23432428531049254
2018-06-20 07:39:00,0.1161968457017224
2018-06-20 07:42:00,0.19724496420565174
2018-06-20 07:45:00,0.14932148051582317
2018-06-20 07:48:00,0.06466737825326163
2018-06-20 07:51:00,0.10694405087838277
2018-06-20 07:54:00,0.10700689399430985
2018-06-20 07:57:00,0.13242248870841422
2018-06-20 08:00:00,0.14743355695139826
2018-06-20 08:03:00,0.09939931528663237
2018-06-20 08:06:00,0.039537764897147554
2018-06-20 08:09:00,0.19446852616255228
2018-06-20 08:12:00,0.023598226242313558
2018-06-20 08:15:00,0.07554097476224797
2018-06-20 08:18:00,0.03221618107306767
2018-06-20 08:21:00,-0.005417416594241331
2018-06-20 08:24:00,0.014793802050292015
2018-06-20 08:27:00,0.06194224392010028
2018-06-20 08:30:00,0.03959316574736249
2018-06-20 08:33:00,0.08609349675424482
2018-06-20 08:36:00,0.0244640360322137
2018-06-20 08:39:00,-0.09400219320144743
2018-06-20 08:42:00,0.05840145598028812
2018-06-20 08:45:00,0.044768333206150146
2018-06-20 08:48:00,0.03132022325627304
2018-06-20 08:51:00,0.02293660873482395
2018-06-20 08:54:00,0.03386681906420108
2018-06-20 08:57:00,-0.02921955269096088
2018-06-20 09:00:00,0.06803549907209572
2018-06-20 09:03:00,-0.052028628738526095
2018-06-20 09:06:00,0.0363219211006367
2018-06-20 09:09:00,0.011322978490284186
2018-06-20 09:12:00,-0.03161239350242795
2018-06-20 09:15:00,-0.13777820546982866
2018-06-20 09:18:00,-0.03357808775240301
2018-06-20 09:21:00,-0.10689368414887213
2018-06-20 09:24:00,-0.10466761282918924
2018-06-20 09:27:00,-0.17755959699070445
2018-06-20 09:30:00,-0.11521138578206092
2018-06-20 09:33:00,-0.16426616703398622
2018-06-20 09:36:00,-0.08088021887277819
2018-06-20 09:39:00,-0.1284922153969319
2018-06-20 09:42:00,-0.21982059837444012
2018-06-20 09:45:00,-0.15166167870751224
2018-06-20 09:48:00,-0.21485287328488312
2018-06-20 09:51:00,-0.14095541710952375
2018-06-20 09:54:00,-0.23704259841582598
2018-06-20 09:57:00,-0.2321785312349789
2018-06-20 10:00:00,-0.15646141007823644
2018-06-20 10:03:00,-0.18742236510769317
2018-06-20 10:06:00,-0.227622166192873
2018-06-20 10:09:00,-0.20911621469440433
2018-06-20 10:12:00,-0.2107484432590354
2018-06-20 10:15:00,-0.22000939065736702
2018-06-20 10:18:00,-0.39094877998968514
2018-06-20 10:21:00,-0.26260125174218274
2018-06-20 10:24:00,-0.39307231814314036
2018-06-20 10:27:00,-0.30811431829368985
2018-06-20 10:30:00,-0.35202782954462464
2018-06-20 10:33:00,-0.2724982068112354
2018-06-20 10:36:00,-0.3183766555891907
2018-06-20 10:39:00,-0.20952550961249017
2018-06-20 10:42:00,-0.3047320188188678
2018-06-20 10:45:00,-0.19598558028866364
2018-06-20 10:48:00,-0.13621666392094767
2018-06-20 10:51:00,-0.2234760028490541
2018-06-20 10:54:00,-0.2804325676538042
2018-06-20 10:57:00,-0.1663175731918045
2018-06-20 11:00:00,-0.20374852414477118
2018-06-20 11:03:00,-0.22710174211249523
2018-06-20 11:06:00,-0.311882646061747
2018-06-20 11:09:00,-0.03689886771991269
2018-06-20 11:12:00,0.07838301560167338
2018-06-20 11:15:00,-0.33175159967549916
2018-06-20 11:18:00,0.22863554193622804
2018-06-20 11:21:00,0.21580661103894272
2018-06-20 11:24:00,0.328371547779966
2018-06-20 11:27:00,0.28566421730272396
2018-06-20 11:30:00,0.20180784972546917
2018-06-20 11:33:00,0.06918606733148636
2018-06-20 11:36:00,0.08155609289411814
2018-06-20 11:39:00,0.017229419185014194
2018-06-20 11:42:00,-0.14341309854467
2018-06-20 11:45:00,-0.02709294148922936
2018-06-20 11:48:00,-0.20068834537158864
2018-06-20 11:51:00,-0.4345345941526375
2018-06-20 11:54:00,-0.3866087329129755
2018-06-20 11:57:00,-0.27371734198544573
2018-06-20 12:00:00,-0.28279317223206135
2018-06-20 12:03:00,-0.320718300342719
2018-06-20 12:06:00,-0.4365586559367216
2018-06-20 12:09:00,-0.31185377381763146
2018-06-20 12:12:00,-0.3704452683777504
2018-06-20 12:15:00,-0.31610568796475036
2018-06-20 12:18:00,-0.2706602169055259
2018-06-20 12:21:00,-0.28686156969172316
2018-06-20 12:24:00,-0.36133854843484414
2018-06-20 12:27:00,-0.3455172023407158
2018-06-20 12:30:00,-0.2246921856818176
2018-06-20 12:33:00,-0.1986734201748277
2018-06-20 12:36:00,-0.33641447994409646
2018-06-20 12:39:00,-0.2286494566748729
2018-06-20 12:42:00,-0.17454780062348618
2018-06-20 12:45:00,-0.18999076283995464
2018-06-20 12:48:00,-0.1640521328866953
2018-06-20 12:51:00,-0.16602734183084067
2018-06-20 12:54:00,-0.29088672771331403
2018-06-20 12:57:00,-0.3816062504128013
2018-06-20 13:00:00,-0.20182580324330957
2018-06-20 13:03:00,0.035102056713810725
2018-06-20 13:06:00,0.012770463305287194
2018-06-20 13:09:00,0.013240321466753358
2018-06-20 13:12:00,-0.06649881621649456
2018-06-20 13:15:00,0.024407242715199118
2018-06-20 13:18:00,0.02858302193953932
2018-06-20 13:21:00,-0.10851829802004431
2018-06-20 13:24:00,0.037359204570634574
2018-06-20 13:27:00,0.24799730043019963
2018-06-20 13:30:00,0.3014007159023322
2018-06-20 13:33:00,0.2830289882209627
2018-06-20 13:36:00,0.34137291150898363
2018-06-20 13:39:00,0.09590362512511774
2018-06-20 13:42:00,0.015421370326180295
2018-06-20 13:45:00,0.06481435487921772
2018-06-20 13:48:00,-0.16685536560083847
2018-06-20 13:51:00,-0.029923179587001414
2018-06-20 13:54:00,-0.04441468295573259
2018-06-20 13:57:00,-0.08861682599984988
2018-06-20 14:00:00,-0.18893374848636313
2018-06-20 14:03:00,-0.032457298758572506
2018-06-20 14:06:00,-0.1248160259331712
2018-06-20 14:09:00,-0.10288151807594659
2018-06-20 14:12:00,-0.0928333348005026
2018-06-20 14:15:00,-0.1476129898506997
2018-06-20 14:18:00,-0.2355657566387208
2018-06-20 14:21:00,-0.268937078979377
2018-06-20 14:24:00,-0.34261950646879313
2018-06-20 14:27:00,-0.259852647098171
2018-06-20 14:30:00,-0.2504541517649841
2018-06-20 14:33:00,-0.07344724184844154
2018-06-20 14:36:00,-0.34272251677481336
2018-06-20 14:39:00,-0.3178244478626766
2018-06-20 14:42:00,-0.14407431870711207
2018-06-20 14:45:00,-0.23677510654840717
2018-06-20 14:48:00,-0.3008716896548549
2018-06-20 14:51:00,-0.2578262650729357
2018-06-20 14:54:00,-0.13068062501321265
2018-06-20 14:57:00,-0.22664856305755166
2018-06-20 15:00:00,-0.32019557848627755
2018-06-20 15:03:00,-0.22620203667878513
2018-06-20 15:06:00,-0.2173869091003553
2018-06-20 15:09:00,-0.16873292805473739
2018-06-20 15:12:00,-0.1062004288804701
2018-06-20 15:15:00,-0.15375686690128987
2018-06-20 15:18:00,-0.11972329531198511
2018-06-20 15:21:00,-0.21230515273947503
2018-06-20 15:24:00,-0.20576580021588597
2018-06-20 15:27:00,-0.13993594066215564
2018-06-20 15:30:00,-0.21426446496877816
2018-06-20 15:33:00,-0.2462002948162194
2018-06-20 15:36:00,-0.2267642623007191
2018-06-20 15:39:00,-0.16140000008738298
2018-06-20 15:42:00,-0.3188450586043814
2018-06-20 15:45:00,-0.26581999354965546
2018-06-20 15:48:00,-0.21576931982895076
2018-06-20 15:51:00,-0.2379290967369343
2018-06-20 15:54:00,-0.1758809193443085
2018-06-20 15:57:00,-0.19599541446535795
2018-06-20 16:00:00,-0.23485394319249053
2018-06-20 16:03:00,-0.3329187521724748
2018-06-20 16:06:00,-0.1722266011003626
2018-06-20 16:09:00,-0.21055908698627945
2018-06-20 16:12:00,-0.11123203411153781
2018-06-20 16:15:00,-0.1136614621553349
2018-06-20 16:18:00,-0.17265154549664885
2018-06-20 16:21:00,-0.11283882886624497
2018-06-20 16:24:00,-0.25235627271905514
2018-06-20 16:27:00,-0.09516548568944927
2018-06-20 16:30:00,-0.1857187637028801
2018-06-20 16:33:00,-0.1586675201391472
2018-06-20 16:36:00,-0.2597059519287086
2018-06-20 16:39:00,-0.2879338181238609
2018-06-20 16:42:00,-0.25205998329289514
2018-06-20 16:45:00,-0.16499357665725256
2018-06-20 16:48:00,-0.17765566731435456
2018-06-20 16:51:00,-0.15829822264441873
2018-06-20 16:54:00,-0.21354814968890423
2018-06-20 16:57:00,-0.28517574928997647
2018-06-20 17:00:00,-0.3477152252230553
2018-06-20 17:03:00,-0.20762470328617155
2018-06-20 17:06:00,-0.19440733230106844
2018-06-20 17:09:00,-0.3276594258521186
2018-06-20 17:12:00,-0.16140204457008167
2018-06-20 17:15:00,-0.20680551416376147
2018-06-20 17:18:00,-0.1705210738906544
2018-06-20 17:21:00,-0.310335094836546
2018-06-20 17:24:00,-0.32514040198662997
2018-06-20 17:27:00,-0.31415398685760465
2018-06-20 17:30:00,-0.21457616386101108
2018-06-20 17:33:00,-0.27489079996087185
2018-06-20 17:36:00,-0.19500851739178415
2018-06-20 17:39:00,-0.31575015245095983
2018-06-20 17:42:00,-0.3183936998354966
2018-06-20 17:45:00,-0.25820165950983665
2018-06-20 17:48:00,-0.2125479380985098
2018-06-20 17:51:00,-0.23215725616375948
2018-06-20 17:54:00,-0.22713250997304613
2018-06-20 17:57:00,-0.30968022061870215
2018-06-20 18:00:00,-0.22002147777368464
2018-06-20 18:03:00,-0.20768866143470177
2018-06-20 18:06:00,-0.22638029742057597
2018-06-20 18:09:00,-0.2588623193635158
2018-06-20 18:12:00,-0.15971745911190283
2018-06-20 18:15:00,-0.2716323728982388
2018-06-20 18:18:00,-0.2708593434448403
2018-06-20 18:21:00,-0.2463502584709545
2018-06-20 18:24:00,-0.14995728707845046
2018-06-20 18:27:00,-0.19489765759630018
2018-06-20 18:30:00,-0.21224531986803186
2018-06-20 18:33:00,-0.30071127445370394
2018-06-20 18:36:00,-0.21257520599533564
2018-06-20 18:39:00,-0.13018947564785321
2018-06-20 18:42:00,-0.07618031819561111
2018-06-20 18:45:00,-0.15059019321989808
2018-06-20 18:48:00,-0.04986885103960503
2018-06-20 18:51:00,-0.16057994504996032
2018-06-20 18:54:00,-0.19674009499124168
2018-06-20 18:57:00,
2018-06-20 19:00:00,
2018-06-20 19:03:00,-0.15733660719661202
2018-06-20 19:06:00,-0.25358849634255876
2018-06-20 19:09:00,-0.23241712894719058
2018-06-20 19:12:00,-0.10150115965342366
2018-06-20 19:15:00,-0.10713830204326769
2018-06-20 19:18:00,-0.13801255211348007
2018-06-20 19:21:00,-0.09453300925326857
2018-06-20 19:24:00,-0.17826672559482404
2018-06-20 19:27:00,-0.03499149327632267
2018-06-20 19:30:00,0.017070540110637467
2018-06-20 19:33:00,-0.005423076713611863
2018-06-20 19:36:00,-0.10945295559525903
2018-06-20 19:39:00,-0.11273757598598877
2018-06-20 19:42:00,-0.023031964141296157
2018-06-20 19:45:00,-0.1539541451861055
2018-06-20 19:48:00,-0.0497417442720689
2018-06-20 19:51:00,0.001275588462021915
2018-06-20 19:54:00,-0.024017258442142975
2018-06-20 19:57:00,-0.01992932626211541
2018-06-20 20:00:00,-9.875732746422727e-05
2018-06-20 20:03:00,0.12079454692246827
2018-06-20 20:06:00,0.002202254244195956
2018-06-20 20:09:00,0.019572936924646456
2018-06-20 20:12:00,0.002086434286070471
2018-06-20 20:15:00,0.04229944093776794
2018-06-20 20:18:00,-0.016914991173450744
2018-06-20 20:21:00,0.11009692218016198
2018-06-20 20:24:00,-0.007723148285435855
2018-06-20 20:27:00,-0.031581903543212775
2018-06-20 20:30:00,0.0014560092154738413
2018-06-20 20:33:00,0.028597698787677928
2018-06-20 20:36:00,0.1498434910812989
2018-06-20 20:39:00,0.21496912116361955
2018-06-20 20:42:00,0.17240006900203753
2018-06-20 20:45:00,0.11030934915527268
2018-06-20 20:48:00,0.17740893117604628
2018-06-20 20:51:00,0.09269862451532163
2018-06-20 20:54:00,0.1299777928337562
2018-06-20 20:57:00,0.11200219643166065
2018-06-20 21:00:00,0.12082414396809327
2018-06-20 21:03:00,0.23995009698290914
2018-06-20 21:06:00,0.15462934530773964
2018-06-20 21:09:00,0.26936510492930665
2018-06-20 21:12:00,0.2675176123017877
2018-06-20 21:15:00,0.2613307286579243
2018-06-20 21:18:00,0.27148801992478866
2018-06-20 21:21:00,0.31488420024800234
2018-06-20 21:24:00,0.445538374690841
2018-06-20 21:27:00,0.3585352069887904
2018-06-20 21:30:00,0.3478102661244975
2018-06-20 21:33:00,0.18836346968487305
2018-06-20 21:36:00,0.2512908673746779
2018-06-20 21:39:00,0.25464835590145185
2018-06-20 21:42:00,0.22417124027850832
2018-06-20 21:45:00,0.12148178408585864
2018-06-20 21:48:00,0.12063165988894298
2018-06-20 21:51:00,0.10223344758981057
2018-06-20 21:54:00,0.020147293100876595
2018-06-20 21:57:00,0.1560648916563423
2018-06-20 22:00:00,0.14162144712815916
2018-06-20 22:03:00,0.040589740198186064
2018-06-20 22:06:00,0.19985231811341464
2018-06-20 22:09:00,0.12845300426846507
2018-06-20 22:12:00,0.1892533508000156
2018-06-20 22:15:00,0.02145455984941691
2018-06-20 22:18:00,0.01578692908725543
2018-06-20 22:21:00,-0.001258096616425064
2018-06-20 22:24:00,0.1458725667845897
2018-06-20 22:27:00,0.1804127675206928
2018-06-20 22:30:00,0.17683828052736317
2018-06-20 22:33:00,0.2654534099106627
2018-06-20 22:36:00,0.1906059623438523
2018-06-20 22:39:00,0.24055599611443768
2018-06-20 22:42:00,0.2134035945286996
2018-06-20 22:45:00,0.27365123651247814
2018-06-20 22:48:00,0.2964136078364845
2018-06-20 22:51:00,0.3442021446614376
2018-06-20 22:54:00,0.21064706626185625
2018-06-20 22:57:00,0.26306991694963244
2018-06-20 23:00:00,0.1646157282178251
2018-06-20 23:03:00,0.033583459954968475
2018-06-20 23:06:00,0.11801339379138653
2018-06-20 23:09:00,0.1241048034099208
2018-06-20 23:12:00,0.02931714938603136
2018-06-20 23:15:00,0.0628349501151888
2018-06-20 23:18:00,0.03260768406613579
2018-06-20 23:21:00,0.07464226670424523
2018-06-20 23:24:00,0.1550280483905908
2018-06-20 23:27:00,0.10491174941000736
2018-06-20 23:30:00,0.14756548212915277
2018-06-20 23:33:00,0.2625156965558517
2018-06-20 23:36:00,0.15741308487855576
2018-06-20 23:39:00,0.050541749490946586
2018-06-20 23:42:00,0.21454995787655662
2018-06-20 23:45:00,0.13170160538481923
2018-06-20 23:48:00,0.22715470100331459
2018-06-20 23:51:00,0.24006938296798808
2018-06-20 23:54:00,0.11772650452610378
2018-06-20 23:57:00,0.172911769507607
2018-06-21 00:00:00,0.14864934395433238
2018-06-21 00:03:00,0.09228728139044051
2018-06-21 00:06:00,0.14968381946562204
2018-06-21 00:09:00,0.08426552496797513
2018-06-21 00:12:00,0.12049596328432699
2018-06-21 00:15:00,0.0692180181726485
2018-06-21 00:18:00,0.07478760591169475
2018-06-21 00:21:00,0.13648941683521798
2018-06-21 00:24:00,0.10764414328519933
2018-06-21 00:27:00,0.2054162901256973
2018-06-21 00:30:00,0.2369425605755282
2018-06-21 00:33:00,0.25165512730961836
2018-06-21 00:36:00,0.13083544386870471
2018-06-21 00:39:00,0.11501527543003931
2018-06-21 00:42:00,0.17974015332811177
2018-06-21 00:45:00,0.0893116236629794
2018-06-21 00:48:00,0.11081611247993806
2018-06-21 00:51:00,0.15051140765598348
2018-06-21 00:54:00,0.12239153478100206
2018-06-21 00:57:00,0.09921407964276341
2018-06-21 01:00:00,0.22755900442450638
2018-06-21 01:03:00,0.19293261115285532
2018-06-21 01:06:00,0.20824743545909996
2018-06-21 01:09:00,0.20922705752656157
2018-06-21 01:12:00,0.18331406289473762
2018-06-21 01:15:00,0.20947702755478304
2018-06-21 01:18:00,0.1211024081829919
2018-06-21 01:21:00,0.12256934459009017
2018-06-21 01:24:00,0.19039841700970328
2018-06-21 01:27:00,0.0996363548005661
2018-06-21 01:30:00,0.19971064821118034
2018-06-21 01:33:00,0.180466056250566
2018-06-21 01:36:00,0.06976677046611712
2018-06-21 01:39:00,0.0887286956291291
2018-06-21 01:42:00,0.12893611699212215
2018-06-21 01:45:00,0.16644755683421408
2018-06-21 01:48:00,0.12371813324421055
2018-06-21 01:51:00,0.11012827633828692
2018-06-21 01:54:00,0.14530379004446559
2018-06-21 01:57:00,0.09407726814032458
2018-06-21 02:00:00,0.1896435789841462
2018-06-21 02:03:00,0.15300549967270172
2018-06-21 02:06:00,0.27975989386345645
2018-06-21 02:09:00,0.25630897574188793
2018-06-21 02:12:00,0.2751479626340938
2018-06-21 02:15:00,0.2749578717149461
2018-06-21 02:18:00,0.2601411486041343
2018-06-21 02:21:00,0.23711753240496591
2018-06-21 02:24:00,0.20322285458962597
2018-06-21 02:27:00,0.24352915499468963
2018-06-21 02:30:00,0.24055645325773867
2018-06-21 02:33:00,0.1943506574798448
2018-06-21 02:36:00,0.19795897798013584
2018-06-21 02:39:00,0.1221834951915639
2018-06-21 02:42:00,0.1319055632703794
2018-06-21 02:45:00,0.2112934601084362
2018-06-21 02:48:00,0.16009562681989564
2018-06-21 02:51:00,0.10489501125533707
2018-06-21 02:54:00,0.1566742643458383
2018-06-21 02:57:00,0.1318225859927793
2018-06-21 03:00:00,0.174475231725296
2018-06-21 03:03:00,0.08840596266946932
2018-06-21 03:06:00,0.12125420874644988
2018-06-21 03:09:00,0.05017227987241313
2018-06-21 03:12:00,0.062208891697252966
2018-06-21 03:15:00,0.12747653585000762
2018-06-21 03:18:00,0.1824323371633909
2018-06-21 03:21:00,0.20232485944023892
2018-06-21 03:24:00,0.1501206566069868
2018-06-21 03:27:00,0.16864698431248826
2018-06-21 03:30:00,0.2266152332637148
2018-06-21 03:33:00,0.2586723298402376
2018-06-21 03:36:00,0.1880350525536869
2018-06-21 03:39:00,0.15678623605930397
2018-06-21 03:42:00,0.13509818702709708
2018-06-21 03:45:00,0.15513398501605025
2018-06-21 03:48:00,0.23725743017712375
2018-06-21 03:51:00,0.1706276178637154
2018-06-21 03:54:00,0.1762621629231944
2018-06-21 03:57:00,0.16750918736249787
2018-06-21 04:00:00,0.28568633604209026
2018-06-21 04:03:00,0.17833270959806669
2018-06-21 04:06:00,0.0979247541991981
2018-06-21 04:09:00,0.23334101210065228
2018-06-21 04:12:00,0.23661437178049027
2018-06-21 04:15:00,0.20871164936119158
2018-06-21 04:18:00,0.2204406787230937
2018-06-21 04:21:00,0.15901711167038002
2018-06-21 04:24:00,0.17098056614389634
2018-06-21 04:27:00,0.3003657433470721
2018-06-21 04:30:00,0.18037430623945738
2018-06-21 04:33:00,0.18043149426188165
2018-06-21 04:36:00,0.21205211386552492
2018-06-21 04:39:00,0.2616336975752347
2018-06-21 04:42:00,0.14390717880604598
2018-06-21 04:45:00,0.20421269931040342
2018-06-21 04:48:00,0.32654174291741356
2018-06-21 04:51:00,0.32426220564576624
2018-06-21 04:54:00,0.3200819276049742
2018-06-21 04:57:00,0.3251495718186561
2018-06-21 05:00:00,0.23191129401163835
2018-06-21 05:03:00,0.24243196585285887
2018-06-21 05:06:00,0.25095817663270736
2018-06-21 05:09:00,0.289183792231654
2018-06-21 05:12:00,0.3647794463732339
2018-06-21 05:15:00,0.2420492023726979
2018-06-21 05:18:00,0.2768498980155414
2018-06-21 05:21:00,0.2842383629199503
2018-06-21 05:24:00,0.2601597980444126
2018-06-21 05:27:00,0.21920274832262976
2018-06-21 05:30:00,0.22931380183695182
2018-06-21 05:33:00,0.27828122904895736
2018-06-21 05:36:00,0.36199368208338
2018-06-21 05:39:00,0.2059245092935953
2018-06-21 05:42:00,0.33366687356613056
2018-06-21 05:45:00,0.36304554573189307
2018-06-21 05:48:00,0.24695487436235908
2018-06-21 05:51:00,0.2671336377842408
2018-06-21 05:54:00,0.27593347567193405
2018-06-21 05:57:00,0.27934712266301176
2018-06-21 06:00:00,0.35188740020089426
2018-06-21 06:03:00,0.267081053172717
2018-06-21 06:06:00,0.1905240720654433
2018-06-21 06:09:00,0.28570232504853266
2018-06-21 06:12:00,0.29188655371166305
2018-06-21 06:15:00,0.2977968694484048
2018-06-21 06:18:00,0.19146399428711902
2018-06-21 06:21:00,0.34830678232208356
2018-06-21 06:24:00,0.29334572777821677
2018-06-21 06:27:00,0.23270747248471935
2018-06-21 06:30:00,0.2552697125374266
2018-06-21 06:33:00,0.19842275337038018
2018-06-21 06:36:00,0.22144199939668852
2018-06-21 06:39:00,0.374291944814388
2018-06-21 06:42:00,0.2771117197639228
2018-06-21 06:45:00,0.2767827373901923
2018-06-21 06:48:00,0.2890719047738344
2018-06-21 06:51:00,0.21509819977598
2018-06-21 06:54:00,0.15090517174246543
2018-06-21 06:57:00,0.21688182232003328
2018-06-21 07:00:00,0.25305875358122876
2018-06-21 07:03:00,0.2685618647225283
2018-06-21 07:06:00,0.22962592671746052
2018-06-21 07:09:00,0.3656320733554139
2018-06-21 07:12:00,0.2934504773171511
2018-06-21 07:15:00,0.2679167984268247
2018-06-21 07:18:00,0.302446562773639
2018-06-21 07:21:00,0.23123698739686915
2018-06-21 07:24:00,0.13801693599833698
2018-06-21 07:27:00,0.2517130825595473
2018-06-21 07:30:00,0.29941251522745915
2018-06-21 07:33:00,0.20903871360746962
2018-06-21 07:36:00,0.2632891950851217
2018-06-21 07:39:00,0.24684163150533323
2018-06-21 07:42:00,0.282794413954889
2018-06-21 07:45:00,0.28948852235026834
2018-06-21 07:48:00,0.24298673166867957
2018-06-21 07:51:00,0.2656493186282205
2018-06-21 07:54:00,0.0914454834390881
2018-06-21 07:57:00,0.19006643463865203
2018-06-21 08:00:00,0.12303810668186088
2018-06-21 08:03:00,0.22632324448119334
2018-06-21 08:06:00,0.1532378001095367
2018-06-21 08:09:00,0.12822032678423056
2018-06-21 08:12:00,0.17953751267259577
2018-06-21 08:15:00,0.14651089663141192
2018-06-21 08:18:00,0.09764751785257886
2018-06-21 08:21:00,0.06803143298066061
2018-06-21 08:24:00,0.1588127863070099
2018-06-21 08:27:00,0.12293384991897938
2018-06-21 08:30:00,0.10561760795513919
2018-06-21 08:33:00,0.18245567154230002
2018-06-21 08:36:00,0.15832249047554114
2018-06-21 08:39:00,0.13038839799321522
2018-06-21 08:42:00,0.17265693217689204
2018-06-21 08:45:00,0.10346911812894177
2018-06-21 08:48:00,0.08502709995173063
2018-06-21 08:51:00,0.06656265655323068
2018-06-21 08:54:00,0.14161397361414174
2018-06-21 08:57:00,0.03045049853517412
2018-06-21 09:00:00,-0.018819217811312683
2018-06-21 09:03:00,0.04855723543437307
2018-06-21 09:06:00,-0.03529065050133795
2018-06-21 09:09:00,0.08911972129811829
2018-06-21 09:12:00,-0.015992959068739765
2018-06-21 09:15:00,-0.038678405326606935
2018-06-21 09:18:00,0.05026811411369181
2018-06-21 09:21:00,-0.025582321437070732
2018-06-21 09:24:00,-0.07277564547177917
2018-06-21 09:27:00,-0.07577222955035268
2018-06-21 09:30:00,-0.05193300967931691
2018-06-21 09:33:00,-0.04222385879324975
2018-06-21 09:36:00,-0.11033078088928505
2018-06-21 09:39:00,-0.03085349038900631
2018-06-21 09:42:00,-0.16340866229751327
2018-06-21 09:45:00,-0.26174571694889437
2018-06-21 09:48:00,-0.14731187153824976
2018-06-21 09:51:00,-0.1363024284109997
2018-06-21 09:54:00,-0.14037588172533333
2018-06-21 09:57:00,-0.2811939376366581
2018-06-21 10:00:00,-0.22096625537301406
2018-06-21 10:03:00,-0.1571055493237168
2018-06-21 10:06:00,-0.1690747166041433
2018-06-21 10:09:00,-0.21573587272058603
2018-06-21 10:12:00,-0.1977618623399735
2018-06-21 10:15:00,-0.08744547699797067
2018-06-21 10:18:00,-0.17274524471378072
2018-06-21 10:21:00,-0.1783779325968453
2018-06-21 10:24:00,-0.17158548895685044
2018-06-21 10:27:00,-0.2157322601648275
2018-06-21 10:30:00,-0.17412501849594264
2018-06-21 10:33:00,-0.2797205160994167
2018-06-21 10:36:00,-0.26557640450749886
2018-06-21 10:39:00,-0.3332355405195244
2018-06-21 10:42:00,-0.205994094432981
2018-06-21 10:45:00,-0.3409188147314808
2018-06-21 10:48:00,-0.2996890583754066
2018-06-21 10:51:00,-0.2467069445107768
2018-06-21 10:54:00,-0.37926404033515837
2018-06-21 10:57:00,-0.3035117276363053
2018-06-21 11:00:00,-0.3617708731069911
2018-06-21 11:03:00,-0.31793302830004677
2018-06-21 11:06:00,-0.27648367037903654
2018-06-21 11:09:00,-0.32493970992817367
2018-06-21 11:12:00,-0.38552753715191557
2018-06-21 11:15:00,-0.33127631378613387
2018-06-21 11:18:00,-0.32156007141429654
2018-06-21 11:21:00,-0.4072172672496208
2018-06-21 11:24:00,-0.3990326670565878
2018-06-21 11:27:00,-0.3549099328454304
2018-06-21 11:30:00,-0.41112889462016255
2018-06-21 11:33:00,-0.3166781428625427
2018-06-21 11:36:00,-0.4206035903750376
2018-06-21 11:39:00,-0.27626178016214453
2018-06-21 11:42:00,-0.20541557314504644
2018-06-21 11:45:00,-0.22594590353082822
2018-06-21 11:48:00,-0.312393850893784
2018-06-21 11:51:00,-0.18227908613255295
2018-06-21 11:54:00,-0.3143409457898656
2018-06-21 11:57:00,-0.2093682188183834
2018-06-21 12:00:00,-0.1214105516046402
2018-06-21 12:03:00,-0.3014833766175684
2018-06-21 12:06:00,-0.2633205195708115
2018-06-21 12:09:00,-0.307345712855863
2018-06-21 12:12:00,-0.3269832674457689
2018-06-21 12:15:00,-0.2543719553101482
2018-06-21 12:18:00,-0.2987145933659008
2018-06-21 12:21:00,-0.2319986365838531
2018-06-21 12:24:00,-0.24927144526810707
2018-06-21 12:27:00,-0.261396018469668
2018-06-21 12:30:00,-0.22737332664917176
2018-06-21 12:33:00,-0.32265126308965364
2018-06-21 12:36:00,-0.23800773252202134
2018-06-21 12:39:00,-0.2652744158399969
2018-06-21 12:42:00,-0.11566772357133459
2018-06-21 12:45:00,-0.2741147388009608
2018-06-21 12:48:00,-0.26259356154827174
2018-06-21 12:51:00,-0.07482549265461103
2018-06-21 12:54:00,-0.1495942473169407
2018-06-21 12:57:00,-0.3013213485252777
2018-06-21 13:00:00,-0.2723377265358522
2018-06-21 13:03:00,-0.23167259645566673
2018-06-21 13:06:00,-0.24594321061738356
2018-06-21 13:09:00,-0.27562228026067714
2018-06-21 13:12:00,-0.1418098787575559
2018-06-21 13:15:00,-0.19161838580379253
2018-06-21 13:18:00,-0.19227587845341532
2018-06-21 13:21:00,-0.19929294783452178
2018-06-21 13:24:00,-0.10698608727045666
2018-06-21 13:27:00,-0.001702298336340391
2018-06-21 13:30:00,-0.10663102834951133
2018-06-21 13:33:00,-0.16842333474039606
2018-06-21 13:36:00,-0.11094255828288624
2018-06-21 13:39:00,-0.2819036270048514
2018-06-21 13:42:00,-0.3788693134381447
2018-06-21 13:45:00,-0.21478529948484493
2018-06-21 13:48:00,-0.134907048572245
2018-06-21 13:51:00,-0.2476261618575677
2018-06-21 13:54:00,-0.23898178743087328
2018-06-21 13:57:00,-0.33357566898968116
2018-06-21 14:00:00,-0.413528016973828
2018-06-21 14:03:00,-0.33664062794713345
2018-06-21 14:06:00,-0.28605325297633044
2018-06-21 14:09:00,-0.433616557322523
2018-06-21 14:12:00,-0.40479351930378016
2018-06-21 14:15:00,-0.3039871008923001
2018-06-21 14:18:00,-0.48377636108426714
2018-06-21 14:21:00,-0.4356852199792911
2018-06-21 14:24:00,-0.42691755075026094
2018-06-21 14:27:00,-0.4007135273115523
2018-06-21 14:30:00,-0.3259219671010669
2018-06-21 14:33:00,-0.38741864427424844
2018-06-21 14:36:00,-0.44496724982752767
2018-06-21 14:39:00,-0.4431354391458626
2018-06-21 14:42:00,-0.37293895287672285
2018-06-21 14:45:00,-0.299464783739154
2018-06-21 14:48:00,-0.42383229034021497
2018-06-21 14:51:00,-0.311576104868152
2018-06-21 14:54:00,-0.33592313401504725
2018-06-21 14:57:00,-0.26594687400995554
2018-06-21 15:00:00,-0.303001396100683
2018-06-21 15:03:00,-0.2713007318142786
2018-06-21 15:06:00,-0.3575165539145928
2018-06-21 15:09:00,-0.2999829812580401
2018-06-21 15:12:00,-0.30681134942739163
2018-06-21 15:15:00,-0.19818491873331823
2018-06-21 15:18:00,-0.31981789317831044
2018-06-21 15:21:00,-0.3496787113392088
2018-06-21 15:24:00,-0.3168885527510952
2018-06-21 15:27:00,-0.3130601378838378
2018-06-21 15:30:00,-0.1955382703899886
2018-06-21 15:33:00,-0.361416437995274
2018-06-21 15:36:00,-0.23476245538739704
2018-06-21 15:39:00,-0.33288201713799026
2018-06-21 15:42:00,-0.2779355270843098
2018-06-21 15:45:00,-0.2695140796105875
2018-06-21 15:48:00,-0.30465322473560263
2018-06-21 15:51:00,-0.3676648779410243
2018-06-21 15:54:00,-0.4113363815880007
2018-06-21 15:57:00,-0.33370053681574063
2018-06-21 16:00:00,-0.3840029922076269
2018-06-21 16:03:00,-0.29276613182736355
2018-06-21 16:06:00,-0.4621226558176659
2018-06-21 16:09:00,-0.41696194277687937
2018-06-21 16:12:00,-0.31534118529987154
2018-06-21 16:15:00,-0.2518695994691029
2018-06-21 16:18:00,-0.34527778174202695
2018-06-21 16:21:00,-0.3913213291080524
2018-06-21 16:24:00,-0.30853558769001665
2018-06-21 16:27:00,-0.3665839207210979
2018-06-21 16:30:00,-0.4624651649085081
2018-06-21 16:33:00,-0.3885398486240774
2018-06-21 16:36:00,-0.27426761799574706
2018-06-21 16:39:00,-0.3947704082332848
2018-06-21 16:42:00,-0.38881102518149646
2018-06-21 16:45:00,-0.3233527056393086
2018-06-21 16:48:00,-0.498488553517177
2018-06-21 16:51:00,-0.3745180735632516
2018-06-21 16:54:00,-0.28913809544019387
2018-06-21 16:57:00,-0.4864217638935884
2018-06-21 17:00:00,-0.35561318889187987
2018-06-21 17:03:00,-0.337119143577695
2018-06-21 17:06:00,-0.2584429544307909
2018-06-21 17:09:00,-0.31773793213449153
2018-06-21 17:12:00,-0.45426781814808237
2018-06-21 17:15:00,-0.25602099562297553
2018-06-21 17:18:00,-0.24672892112312184
2018-06-21 17:21:00,-0.3343168908525058
2018-06-21 17:24:00,-0.2201590613552753
2018-06-21 17:27:00,-0.3446189845042795
2018-06-21 17:30:00,-0.22714610086467246
2018-06-21 17:33:00,-0.15795858076614877
2018-06-21 17:36:00,-0.3077590722073751
2018-06-21 17:39:00,-0.3341841434057642
2018-06-21 17:42:00,-0.26206481578856256
2018-06-21 17:45:00,-0.40686131211964494
2018-06-21 17:48:00,-0.32303239548451756
2018-06-21 17:51:00,-0.24870494476613203
2018-06-21 17:54:00,-0.23416563973995608
2018-06-21 17:57:00,-0.27033459353958733
2018-06-21 18:00:00,-0.37161792581468944
2018-06-21 18:03:00,-0.23508883820557003
2018-06-21 18:06:00,-0.12180855960673398
2018-06-21 18:09:00,-0.2092080158298586
2018-06-21 18:12:00,0.033083391627144465
2018-06-21 18:15:00,0.16017582918573225
2018-06-21 18:18:00,0.13258272897786583
2018-06-21 18:21:00,0.0619438621753261
2018-06-21 18:24:00,0.17890020680090402
2018-06-21 18:27:00,0.2316947195409398
2018-06-21 18:30:00,0.09640527910744368
2018-06-21 18:33:00,0.3719203617246194
2018-06-21 18:36:00,0.3563316367177549
2018-06-21 18:39:00,0.1284344998471738
2018-06-21 18:42:00,0.2077274818277033
2018-06-21 18:45:00,0.2066790585063245
2018-06-21 18:48:00,0.17758244691555092
2018-06-21 18:51:00,0.06989354832603567
2018-06-21 18:54:00,
2018-06-21 18:57:00,
2018-06-21 19:00:00,
2018-06-21 19:03:00,0.059612969195882215
2018-06-21 19:06:00,0.09627434555926584
2018-06-21 19:09:00,0.055226002114977746
2018-06-21 19:12:00,0.08168271905890379
2018-06-21 19:15:00,-0.041812526924672966
2018-06-21 19:18:00,0.027416927838544325
2018-06-21 19:21:00,0.09089505327187908
2018-06-21 19:24:00,-0.02642213749373923
2018-06-21 19:27:00,0.07476050840284643
2018-06-21 19:30:00,0.02961466337501406
2018-06-21 19:33:00,-0.02208832251920967
2018-06-21 19:36:00,-0.13276395041310707
2018-06-21 19:39:00,-0.18419959568359445
2018-06-21 19:42:00,-0.09359963117935877
2018-06-21 19:45:00,0.03121634417431096
2018-06-21 19:48:00,-0.1344278399765244
2018-06-21 19:51:00,-0.07708598999761307
2018-06-21 19:54:00,-0.11031396089470036
2018-06-21 19:57:00,-0.03487094588314221
2018-06-21 20:00:00,-0.13550365480182336
2018-06-21 20:03:00,-0.09081567187035944
2018-06-21 20:06:00,-0.1489137486694858
2018-06-21 20:09:00,-0.07583935517686768
2018-06-21 20:12:00,-0.030462361891068213
2018-06-21 20:15:00,-0.0822927308679482
2018-06-21 20:18:00,-0.05355951825657712
2018-06-21 20:21:00,-0.06568829330194603
2018-06-21 20:24:00,-0.12835598086093114
2018-06-21 20:27:00,-0.10926297152150255
2018-06-21 20:30:00,-0.09463738789861509
2018-06-21 20:33:00,-0.0754559141998925
2018-06-21 20:36:00,-0.12453811130274062
2018-06-21 20:39:00,-0.12800773903126128
2018-06-21 20:42:00,-0.11385138597421474
2018-06-21 20:45:00,-0.10901747951311336
2018-06-21 20:48:00,-0.10597654561149739
2018-06-21 20:51:00,-0.04691264989708088
2018-06-21 20:54:00,-0.034044378571991274
2018-06-21 20:57:00,-0.11046851100724098
2018-06-21 21:00:00,-0.03920395304101021
2018-06-21 21:03:00,-0.05597647949923612
2018-06-21 21:06:00,0.05470307858530532
2018-06-21 21:09:00,-0.010985764615725202
2018-06-21 21:12:00,0.0004189347035321589
2018-06-21 21:15:00,-0.09171235144555112
2018-06-21 21:18:00,-0.028188847623255242
2018-06-21 21:21:00,0.08650080005656946
2018-06-21 21:24:00,0.10209356169536932
2018-06-21 21:27:00,0.027430317174491847
2018-06-21 21:30:00,0.0005391340291680535
2018-06-21 21:33:00,-0.056662026102458185
2018-06-21 21:36:00,-0.09037424253455129
2018-06-21 21:39:00,-0.09975544472649744
2018-06-21 21:42:00,-0.12036105391524643
2018-06-21 21:45:00,-0.06435131891629453
2018-06-21 21:48:00,-0.1724656560919584
2018-06-21 21:51:00,-0.07016160591183507
2018-06-21 21:54:00,-0.04147454480437318
2018-06-21 21:57:00,-0.1143931908143827
2018-06-21 22:00:00,-0.13116245378881786
2018-06-21 22:03:00,-0.024054864875779458
2018-06-21 22:06:00,-0.04260586795311383
2018-06-21 22:09:00,0.025691286498215504
2018-06-21 22:12:00,-0.04763047325917569
2018-06-21 22:15:00,-0.020549714264404884
2018-06-21 22:18:00,-0.016518016287420778
2018-06-21 22:21:00,-0.0527611290131631
2018-06-21 22:24:00,-0.08420150939224413
2018-06-21 22:27:00,-0.0027495820132799054
2018-06-21 22:30:00,-0.012883306912385706
2018-06-21 22:33:00,-0.008843868520045817
2018-06-21 22:36:00,0.08720082788346417
2018-06-21 22:39:00,0.033859544568144884
2018-06-21 22:42:00,-0.048257644815180356
2018-06-21 22:45:00,0.10042060185719492
2018-06-21 22:48:00,-0.040880859800211056
2018-06-21 22:51:00,0.13596134197746323
2018-06-21 22:54:00,0.04540184318534557
2018-06-21 22:57:00,0.26175412533240205
2018-06-21 23:00:00,0.23628968774835357
2018-06-21 23:03:00,0.31247527272148545
2018-06-21 23:06:00,0.3120590996709325
2018-06-21 23:09:00,0.32015715514666
2018-06-21 23:12:00,0.29428043779535074
2018-06-21 23:15:00,0.3486028505170111
2018-06-21 23:18:00,0.28949687199161644
2018-06-21 23:21:00,0.23607266175253017
2018-06-21 23:24:00,0.24702236748538553
2018-06-21 23:27:00,0.2851921000909101
2018-06-21 23:30:00,0.2146822399003554
2018-06-21 23:33:00,0.21841960117330927
2018-06-21 23:36:00,0.25962434074591556
2018-06-21 23:39:00,0.2867719066770178
2018-06-21 23:42:00,0.3235508374503411
2018-06-21 23:45:00,0.22286368853934846
2018-06-21 23:48:00,0.311246624752755
2018-06-21 23:51:00,0.2997243118666688
2018-06-21 23:54:00,0.3193905627535969
2018-06-21 23:57:00,0.4247061751677279
2018-06-22 00:00:00,0.26339746973479805
2018-06-22 00:03:00,0.317854693430661
2018-06-22 00:06:00,0.3463813082754541
2018-06-22 00:09:00,0.3927139939053177
2018-06-22 00:12:00,0.40055420057888114
2018-06-22 00:15:00,0.29309788110424506
2018-06-22 00:18:00,0.34490234693731736
2018-06-22 00:21:00,0.3655054241652351
2018-06-22 00:24:00,0.3841143605511661
2018-06-22 00:27:00,0.3707143042852863
2018-06-22 00:30:00,0.485984927463619
2018-06-22 00:33:00,0.5111618310593826
2018-06-22 00:36:00,0.49393587285396734
2018-06-22 00:39:00,0.41023153243827437
2018-06-22 00:42:00,0.2962039320514691
2018-06-22 00:45:00,0.2268450273001008
2018-06-22 00:48:00,0.3328711011011478
2018-06-22 00:51:00,0.46801900147852393
2018-06-22 00:54:00,0.5924188760308198
2018-06-22 00:57:00,0.645503470487256
2018-06-22 01:00:00,0.5178812087024767
2018-06-22 01:03:00,0.45058397911054726
2018-06-22 01:06:00,0.24162629475796393
2018-06-22 01:09:00,0.3945319874522397
2018-06-22 01:12:00,0.30925521106831866
2018-06-22 01:15:00,0.4031431038708888
2018-06-22 01:18:00,0.418412304707374
2018-06-22 01:21:00,0.34459262943624935
2018-06-22 01:24:00,0.345772042637293
2018-06-22 01:27:00,0.5755103371751034
2018-06-22 01:30:00,0.4802096699563094
2018-06-22 01:33:00,0.473054010883061
2018-06-22 01:36:00,0.5862209474189513
2018-06-22 01:39:00,0.5891224196944336
2018-06-22 01:42:00,0.6012939680043701
2018-06-22 01:45:00,0.6029398665721146
2018-06-22 01:48:00,0.4985485273768404
2018-06-22 01:51:00,0.4378933609301612
2018-06-22 01:54:00,0.41784763795476465
2018-06-22 01:57:00,0.3751543980521319
2018-06-22 02:00:00,0.41921307565905863
2018-06-22 02:03:00,0.38021151965216404
2018-06-22 02:06:00,0.4604335092115548
2018-06-22 02:09:00,0.6153549912127119
2018-06-22 02:12:00,0.5380728533746719
2018-06-22 02:15:00,0.4688719437003783
2018-06-22 02:18:00,0.44180008043520047
2018-06-22 02:21:00,0.3849466229752352
2018-06-22 02:24:00,0.361135352672477
2018-06-22 02:27:00,0.3928548599160422
2018-06-22 02:30:00,0.2983317556921179
2018-06-22 02:33:00,0.36427564506300314
2018-06-22 02:36:00,0.29471354239132097
2018-06-22 02:39:00,0.40419936775401766
2018-06-22 02:42:00,0.3394657986190168
2018-06-22 02:45:00,0.3976725250701634
2018-06-22 02:48:00,0.2851929667690456
2018-06-22 02:51:00,0.32751925632396706
2018-06-22 02:54:00,0.2729628545056926
2018-06-22 02:57:00,0.35193232872489943
2018-06-22 03:00:00,0.3981253908394251
2018-06-22 03:03:00,0.3699020596828291
2018-06-22 03:06:00,0.42898509097352644
2018-06-22 03:09:00,0.4513996391870023
2018-06-22 03:12:00,0.3649819998698831
2018-06-22 03:15:00,0.34600594978292065
2018-06-22 03:18:00,0.3263993318785765
2018-06-22 03:21:00,0.2927732509533598
2018-06-22 03:24:00,0.42315457792403777
2018-06-22 03:27:00,0.4247579977842406
2018-06-22 03:30:00,0.3563573841184393
2018-06-22 03:33:00,0.32353071733098204
2018-06-22 03:36:00,0.3831395292767752
2018-06-22 03:39:00,0.33460065544954887
2018-06-22 03:42:00,0.3203030145234038
2018-06-22 03:45:00,0.2573564149442973
2018-06-22 03:48:00,0.2729763664816005
2018-06-22 03:51:00,0.4454425098578554
2018-06-22 03:54:00,0.3833079119405056
2018-06-22 03:57:00,0.42703688876542856
2018-06-22 04:00:00,0.391547912189651
2018-06-22 04:03:00,0.4401833929230179
2018-06-22 04:06:00,0.46638851657309033
2018-06-22 04:09:00,0.4561006658129827
2018-06-22 04:12:00,0.4772840331415864
2018-06-22 04:15:00,0.3871390923664535
2018-06-22 04:18:00,0.32088749691274643
2018-06-22 04:21:00,0.32209675371166213
2018-06-22 04:24:00,0.3839384607228453
2018-06-22 04:27:00,0.39789315943670545
2018-06-22 04:30:00,0.3626213330876453
2018-06-22 04:33:00,0.35668423426193385
2018-06-22 04:36:00,0.2652368038517352
2018-06-22 04:39:00,0.3835550974382613
2018-06-22 04:42:00,0.3283381038953621
2018-06-22 04:45:00,0.3442904895343304
2018-06-22 04:48:00,0.3095841879016348
2018-06-22 04:51:00,0.3412025395799674
2018-06-22 04:54:00,0.31867055350159035
2018-06-22 04:57:00,0.2722172182180884
2018-06-22 05:00:00,0.3461492385945917
2018-06-22 05:03:00,0.37078559074421946
2018-06-22 05:06:00,0.3645099586182141
2018-06-22 05:09:00,0.3697081471370893
2018-06-22 05:12:00,0.31966841418073955
2018-06-22 05:15:00,0.29382652175149815
2018-06-22 05:18:00,0.2787283615716092
2018-06-22 05:21:00,0.38980679914027405
2018-06-22 05:24:00,0.33573319601532603
2018-06-22 05:27:00,0.4021411512883901
2018-06-22 05:30:00,0.35270677613266344
2018-06-22 05:33:00,0.3969872144411397
2018-06-22 05:36:00,0.4080229968212734
2018-06-22 05:39:00,0.3266430276205483
2018-06-22 05:42:00,0.3360354125213689
2018-06-22 05:45:00,0.23147729920049187
2018-06-22 05:48:00,0.2644353461508331
2018-06-22 05:51:00,0.2575265980948416
2018-06-22 05:54:00,0.33615531925414643
2018-06-22 05:57:00,0.31601056970316677
2018-06-22 06:00:00,0.4049926426108641
2018-06-22 06:03:00,0.35532315280227067
2018-06-22 06:06:00,0.31875220375781055
2018-06-22 06:09:00,0.318683134213245
2018-06-22 06:12:00,0.3210082543210433
2018-06-22 06:15:00,0.3858273840476727
2018-06-22 06:18:00,0.34184747048578856
2018-06-22 06:21:00,0.3473094576872313
2018-06-22 06:24:00,0.33458669087190174
2018-06-22 06:27:00,0.36541887977870147
2018-06-22 06:30:00,0.36828134823588243
2018-06-22 06:33:00,0.33766617654595166
2018-06-22 06:36:00,0.3123153693040308
2018-06-22 06:39:00,0.41256120374885086
2018-06-22 06:42:00,0.37954714665983147
2018-06-22 06:45:00,0.30385947553173764
2018-06-22 06:48:00,0.3751800013591833
2018-06-22 06:51:00,0.3947028742101679
2018-06-22 06:54:00,0.40368821048298287
2018-06-22 06:57:00,0.506746473196074
2018-06-22 07:00:00,0.3317820602525785
2018-06-22 07:03:00,0.3375067294894052
2018-06-22 07:06:00,0.36954574125178397
2018-06-22 07:09:00,0.3214079630214428
2018-06-22 07:12:00,0.3509270511704585
2018-06-22 07:15:00,0.3818197264773744
2018-06-22 07:18:00,0.443292601272276
2018-06-22 07:21:00,0.31954310429330235
2018-06-22 07:24:00,0.3375617426081021
2018-06-22 07:27:00,0.45950454906250116
2018-06-22 07:30:00,0.42684438246988066
2018-06-22 07:33:00,0.3517177283991373
2018-06-22 07:36:00,0.4207070235582364
2018-06-22 07:39:00,0.35969293750503084
2018-06-22 07:42:00,0.37024233937188455
2018-06-22 07:45:00,0.35785916109841764
2018-06-22 07:48:00,0.34173085248795587
2018-06-22 07:51:00,0.31302175386343833
2018-06-22 07:54:00,0.27254254250971144
2018-06-22 07:57:00,0.24452928287041686
2018-06-22 08:00:00,0.345971850768251
2018-06-22 08:03:00,0.22495746049224863
2018-06-22 08:06:00,0.19884639624467582
2018-06-22 08:09:00,0.24436141912752873
2018-06-22 08:12:00,0.2839940021225402
2018-06-22 08:15:00,0.24664977390551712
2018-06-22 08:18:00,0.19157035000017686
2018-06-22 08:21:00,0.15015514263626528
2018-06-22 08:24:00,0.24249478448518857
2018-06-22 08:27:00,0.24244342204457325
2018-06-22 08:30:00,0.23486580757560205
2018-06-22 08:33:00,0.23953251643371232
2018-06-22 08:36:00,0.13426166108553161
2018-06-22 08:39:00,0.29124776144800535
2018-06-22 08:42:00,0.08599042441562688
2018-06-22 08:45:00,0.15329098530361307
2018-06-22 08:48:00,0.17655784427142862
2018-06-22 08:51:00,0.14750625580222732
2018-06-22 08:54:00,0.1745419495250644
2018-06-22 08:57:00,0.21321039730383973
2018-06-22 09:00:00,0.17340923648123407
2018-06-22 09:03:00,0.14293731615669003
2018-06-22 09:06:00,0.08698105429107272
2018-06-22 09:09:00,0.06676185468262474
2018-06-22 09:12:00,0.09420296287623842
2018-06-22 09:15:00,0.1307208911265434
2018-06-22 09:18:00,0.13148249252219557
2018-06-22 09:21:00,0.20542599357486324
2018-06-22 09:24:00,0.12279865947152757
2018-06-22 09:27:00,0.034763181156392875
2018-06-22 09:30:00,0.09887320156792612
2018-06-22 09:33:00,0.06694224732910925
2018-06-22 09:36:00,-0.046791787443737576
2018-06-22 09:39:00,-0.029115986738588617
2018-06-22 09:42:00,-0.08625781717347536
2018-06-22 09:45:00,-0.07574471015766449
2018-06-22 09:48:00,-0.09181881876031639
2018-06-22 09:51:00,-0.04744350461476188
2018-06-22 09:54:00,-0.10347848967381879
2018-06-22 09:57:00,-0.0969235532090238
2018-06-22 10:00:00,-0.09205452352648535
2018-06-22 10:03:00,-0.14533079253010328
2018-06-22 10:06:00,-0.28514706095370457
2018-06-22 10:09:00,-0.19422018481645864
2018-06-22 10:12:00,-0.19002794230908648
2018-06-22 10:15:00,-0.19175887051170548
2018-06-22 10:18:00,-0.21447138207787475
2018-06-22 10:21:00,-0.19452205626373598
2018-06-22 10:24:00,-0.23588107537102587
2018-06-22 10:27:00,-0.16627200348051474
2018-06-22 10:30:00,-0.2970765482996285
2018-06-22 10:33:00,-0.2468627831075878
2018-06-22 10:36:00,-0.1628530140188218
2018-06-22 10:39:00,-0.2644590179756392
2018-06-22 10:42:00,-0.17939411419718
2018-06-22 10:45:00,-0.30772597276364877
2018-06-22 10:48:00,-0.22393043076829144
2018-06-22 10:51:00,-0.2770122829210777
2018-06-22 10:54:00,-0.20074153171225362
2018-06-22 10:57:00,-0.38532005491521204
2018-06-22 11:00:00,-0.30569774530516725
2018-06-22 11:03:00,-0.33481144959858966
2018-06-22 11:06:00,-0.3418531098012636
2018-06-22 11:09:00,-0.4258481472468816
2018-06-22 11:12:00,-0.3282918419467933
2018-06-22 11:15:00,-0.377110882777572
2018-06-22 11:18:00,-0.454841399347913
2018-06-22 11:21:00,-0.4021082819838284
2018-06-22 11:24:00,-0.36948367705991814
2018-06-22 11:27:00,-0.29144879283944647
2018-06-22 11:30:00,-0.1968637785824967
2018-06-22 11:33:00,-0.32548343491782816
2018-06-22 11:36:00,-0.3045565271847863
2018-06-22 11:39:00,-0.26741820540127037
2018-06-22 11:42:00,-0.3908946735215295
2018-06-22 11:45:00,-0.3498325224787777
2018-06-22 11:48:00,-0.30751941767488233
2018-06-22 11:51:00,-0.3015901359170243
2018-06-22 11:54:00,-0.3772509275042353
2018-06-22 11:57:00,-0.19379477157434621
2018-06-22 12:00:00,-0.25163623331917506
2018-06-22 12:03:00,-0.33625383978630907
2018-06-22 12:06:00,-0.35294226865437395
2018-06-22 12:09:00,-0.25996874963578875
2018-06-22 12:12:00,-0.33298003487527694
2018-06-22 12:15:00,-0.3402530536313293
2018-06-22 12:18:00,-0.32455686705571907
2018-06-22 12:21:00,-0.3169369720073405
2018-06-22 12:24:00,-0.2894515477722166
2018-06-22 12:27:00,-0.3769245442016427
2018-06-22 12:30:00,-0.43951994317546905
2018-06-22 12:33:00,-0.29562739761047396
2018-06-22 12:36:00,-0.39700100394748006
2018-06-22 12:39:00,-0.3869038014825037
2018-06-22 12:42:00,-0.42955490290017906
2018-06-22 12:45:00,-0.3803020455118258
2018-06-22 12:48:00,-0.4163642851405598
2018-06-22 12:51:00,-0.3817384314735932
2018-06-22 12:54:00,-0.43897231422397454
2018-06-22 12:57:00,-0.38736078672059193
2018-06-22 13:00:00,-0.4586687651274133
2018-06-22 13:03:00,-0.4407901650388908
2018-06-22 13:06:00,-0.44071416819627984
2018-06-22 13:09:00,-0.40897745387059103
2018-06-22 13:12:00,-0.4341382438016126
2018-06-22 13:15:00,-0.49961730571027374
2018-06-22 13:18:00,-0.4335221229109152
2018-06-22 13:21:00,-0.5177888274190536
2018-06-22 13:24:00,-0.38749098137168403
2018-06-22 13:27:00,-0.47790102854833094
2018-06-22 13:30:00,-0.3678421619935648
2018-06-22 13:33:00,-0.5162934977596478
2018-06-22 13:36:00,-0.3693374386486994
2018-06-22 13:39:00,-0.39743388301496907
2018-06-22 13:42:00,-0.4633336882137655
2018-06-22 13:45:00,-0.5054194039105369
2018-06-22 13:48:00,-0.4984697921985344
2018-06-22 13:51:00,-0.44362337371916283
2018-06-22 13:54:00,-0.5305085351322418
2018-06-22 13:57:00,-0.5163438177812054
2018-06-22 14:00:00,-0.5223561191856447
2018-06-22 14:03:00,-0.5654433933412975
2018-06-22 14:06:00,-0.5627391330349383
2018-06-22 14:09:00,-0.5395690749157893
2018-06-22 14:12:00,-0.5119293196491981
2018-06-22 14:15:00,-0.525877998821386
2018-06-22 14:18:00,-0.534603551851319
2018-06-22 14:21:00,-0.6297920822104857
2018-06-22 14:24:00,-0.5505234880907892
2018-06-22 14:27:00,-0.5847608491000642
2018-06-22 14:30:00,-0.5668045237214301
2018-06-22 14:33:00,-0.5001240452579623
2018-06-22 14:36:00,-0.5720382113111668
2018-06-22 14:39:00,-0.5720137496469988
2018-06-22 14:42:00,-0.5086690459104943
2018-06-22 14:45:00,-0.5512637896521255
2018-06-22 14:48:00,-0.7166220762336479
2018-06-22 14:51:00,-0.6291354429031344
2018-06-22 14:54:00,-0.5674037251471873
2018-06-22 14:57:00,-0.5481988312160411
2018-06-22 15:00:00,-0.5136711098945739
2018-06-22 15:03:00,-0.6091654381344256
2018-06-22 15:06:00,-0.5701557491703966
2018-06-22 15:09:00,-0.5244687106928154
2018-06-22 15:12:00,-0.6145247062123076
2018-06-22 15:15:00,-0.548066203149574
2018-06-22 15:18:00,-0.4250008507040661
2018-06-22 15:21:00,-0.48916738075189414
2018-06-22 15:24:00,-0.48201842704224873
2018-06-22 15:27:00,-0.5063946002185276
2018-06-22 15:30:00,-0.46467678387421074
2018-06-22 15:33:00,-0.6038399767273859
2018-06-22 15:36:00,-0.5561284393742199
2018-06-22 15:39:00,-0.4139951056121731
2018-06-22 15:42:00,-0.5565283027988812
2018-06-22 15:45:00,-0.40579284817135886
2018-06-22 15:48:00,-0.48647773559662255
2018-06-22 15:51:00,-0.4398631743429746
2018-06-22 15:54:00,-0.45565493124962586
2018-06-22 15:57:00,-0.4750252616415196
2018-06-22 16:00:00,-0.4104464910720367
2018-06-22 16:03:00,-0.5064993527341812
2018-06-22 16:06:00,-0.4827351939407549
2018-06-22 16:09:00,-0.5108304046613625
2018-06-22 16:12:00,-0.41319275423984436
2018-06-22 16:15:00,-0.47417701175186266
2018-06-22 16:18:00,-0.5207730208657608
2018-06-22 16:21:00,-0.45607526889119754
2018-06-22 16:24:00,-0.49884605484538724
2018-06-22 16:27:00,-0.42918521536108756
2018-06-22 16:30:00,-0.5366105249631801
2018-06-22 16:33:00,-0.3416258783720991
2018-06-22 16:36:00,-0.4458588868732818
2018-06-22 16:39:00,-0.3464627513766345
2018-06-22 16:42:00,-0.3757857348325615
2018-06-22 16:45:00,-0.4108723509483525
2018-06-22 16:48:00,-0.3820527470668935
2018-06-22 16:51:00,-0.4260278678743816
2018-06-22 16:54:00,-0.39802101091135
2018-06-22 16:57:00,-0.3308352796016152
2018-06-22 17:00:00,-0.351361422995069
2018-06-22 17:03:00,-0.3515679452092968
2018-06-22 17:06:00,-0.38166500202754605
2018-06-22 17:09:00,-0.40157345151021673
2018-06-22 17:12:00,-0.285248646364721
2018-06-22 17:15:00,-0.3114326738825639
2018-06-22 17:18:00,-0.32425828684068847
2018-06-22 17:21:00,-0.2850676512251198
2018-06-22 17:24:00,-0.2306865490137966
2018-06-22 17:27:00,-0.3202479802619109
2018-06-22 17:30:00,-0.34335924567074017
2018-06-22 17:33:00,-0.29652331705807455
2018-06-22 17:36:00,-0.38444924722426776
2018-06-22 17:39:00,-0.31578678023680595
2018-06-22 17:42:00,-0.23185777014248288
2018-06-22 17:45:00,-0.19777968843982308
2018-06-22 17:48:00,-0.23334520726007213
2018-06-22 17:51:00,-0.2592624160181458
2018-06-22 17:54:00,-0.20929197430348268
2018-06-22 17:57:00,-0.2729565219825645
2018-06-22 18:00:00,-0.18940666297038433
2018-06-22 18:03:00,-0.2655303551754855
2018-06-22 18:06:00,-0.23463027741513542
2018-06-22 18:09:00,-0.17487500600634576
2018-06-22 18:12:00,-0.1692610688941727
2018-06-22 18:15:00,-0.1788989346624703
2018-06-22 18:18:00,-0.11455194810883995
2018-06-22 18:21:00,-0.06377552594329927
2018-06-22 18:24:00,-0.15436634219526013
2018-06-22 18:27:00,-0.13488342789338503
2018-06-22 18:30:00,-0.19128510547693622
2018-06-22 18:33:00,-0.23525912210442357
2018-06-22 18:36:00,-0.07863205965463749
2018-06-22 18:39:00,-0.09899174008836553
2018-06-22 18:42:00,-0.11360741802997154
2018-06-22 18:45:00,-0.13515769792417132
2018-06-22 18:48:00,-0.12869424424309273
2018-06-22 18:51:00,-0.14025047573773008
2018-06-22 18:54:00,
2018-06-22 18:57:00,
2018-06-22 19:00:00,
2018-06-22 19:03:00,-0.15820081162701172
2018-06-22 19:06:00,-0.11665277593886003
2018-06-22 19:09:00,-0.10186439722860996
2018-06-22 19:12:00,-0.10363186364116928
2018-06-22 19:15:00,-0.07997459391003758
2018-06-22 19:18:00,-0.06569248249945758
2018-06-22 19:21:00,-0.04951873259534523
2018-06-22 19:24:00,-0.13949690582967378
2018-06-22 19:27:00,-0.06407795251914195
2018-06-22 19:30:00,-0.03763767742725577
2018-06-22 19:33:00,-0.09020606452867241
2018-06-22 19:36:00,-0.0509816902489888
2018-06-22 19:39:00,-0.06380731190250799
2018-06-22 19:42:00,-0.08862367461546228
2018-06-22 19:45:00,-0.01969177647839615
2018-06-22 19:48:00,0.03038857493567093
2018-06-22 19:51:00,0.04610624484467962
2018-06-22 19:54:00,-0.07304946748490693
2018-06-22 19:57:00,0.01946889951659614
2018-06-22 20:00:00,-0.0011411094394020438
2018-06-22 20:03:00,0.009989073527947312
2018-06-22 20:06:00,-0.006003377717092917
2018-06-22 20:09:00,0.03887420763726368
2018-06-22 20:12:00,0.07132352527241892
2018-06-22 20:15:00,-0.005872193377911117
2018-06-22 20:18:00,-0.09383998623678735
2018-06-22 20:21:00,-0.08325104891224555
2018-06-22 20:24:00,0.019133004156913103
2018-06-22 20:27:00,-0.07238554201853731
2018-06-22 20:30:00,-0.018269430437442225
2018-06-22 20:33:00,-0.001679605998901934
2018-06-22 20:36:00,-0.04136901102668844
2018-06-22 20:39:00,-0.04638010172430995
2018-06-22 20:42:00,-0.09906002428812144
2018-06-22 20:45:00,0.016415971130015805
2018-06-22 20:48:00,0.030743500274752478
2018-06-22 20:51:00,0.0064578974266282785
2018-06-22 20:54:00,0.026274186198634197
2018-06-22 20:57:00,0.08061273573264316
2018-06-22 21:00:00,0.0340094381807603
2018-06-22 21:03:00,0.0347775100381682
2018-06-22 21:06:00,0.09242967491326226
2018-06-22 21:09:00,0.06084294862131401
2018-06-22 21:12:00,0.11519023369282877
2018-06-22 21:15:00,0.13443728019421997
2018-06-22 21:18:00,0.10674547477111673
2018-06-22 21:21:00,0.20522109904993613
2018-06-22 21:24:00,0.0695859463112356
2018-06-22 21:27:00,0.08277382569661995
2018-06-22 21:30:00,0.07925521885323406
2018-06-22 21:33:00,0.1571308469399355
2018-06-22 21:36:00,0.04692469129412302
2018-06-22 21:39:00,0.1685460811315238
2018-06-22 21:42:00,0.1081503745802479
2018-06-22 21:45:00,0.018651708439961112
2018-06-22 21:48:00,0.05266375606697693
2018-06-22 21:51:00,0.014913496282758842
2018-06-22 21:54:00,0.03022730531608886
2018-06-22 21:57:00,0.01472892923868585
2018-06-22 22:00:00,0.07115624619768823
2018-06-22 22:03:00,0.10515201871709223
2018-06-22 22:06:00,0.06740987325486003
2018-06-22 22:09:00,-0.025490815066234518
2018-06-22 22:12:00,0.08108929815080046
2018-06-22 22:15:00,0.0990799265442206
2018-06-22 22:18:00,0.09139980586115826
2018-06-22 22:21:00,0.048055374273360485
2018-06-22 22:24:00,0.13636908623357158
2018-06-22 22:27:00,0.1405834785271054
2018-06-22 22:30:00,0.07515711720657237
2018-06-22 22:33:00,0.060029406605167424
2018-06-22 22:36:00,0.08523803412191455
2018-06-22 22:39:00,0.07309277512877088
2018-06-22 22:42:00,0.08325601296360219
2018-06-22 22:45:00,0.05682283877837335
2018-06-22 22:48:00,0.10068631887844504
2018-06-22 22:51:00,0.0614829638491301
2018-06-22 22:54:00,0.010000238645432091
2018-06-22 22:57:00,0.1320029123452855
2018-06-22 23:00:00,0.10511183423585635
2018-06-22 23:03:00,0.08738928887464681
2018-06-22 23:06:00,0.06598788531886157
2018-06-22 23:09:00,-0.027523152544972618
2018-06-22 23:12:00,0.0039932733770911
2018-06-22 23:15:00,-0.015326523844407802
2018-06-22 23:18:00,0.007164801188935144
2018-06-22 23:21:00,0.025328498869498617
2018-06-22 23:24:00,0.08113679696435838
2018-06-22 23:27:00,0.009698567680516135
2018-06-22 23:30:00,-0.043364714197139165
2018-06-22 23:33:00,0.09287047635962153
2018-06-22 23:36:00,0.09729279279054026
2018-06-22 23:39:00,-0.0016465266631939812
2018-06-22 23:42:00,0.037688987571584676
2018-06-22 23:45:00,0.05391927111935502
2018-06-22 23:48:00,0.13338390222878616
2018-06-22 23:51:00,0.13795369839073146
2018-06-22 23:54:00,0.14483089819782435
2018-06-22 23:57:00,0.09110778382347462
2018-06-23 00:00:00,0.17275856561496994
2018-06-23 00:03:00,0.1353309349329379
2018-06-23 00:06:00,0.14122720745842798
2018-06-23 00:09:00,0.0944947341150737
2018-06-23 00:12:00,0.1790261588149633
2018-06-23 00:15:00,0.09745843687392153
2018-06-23 00:18:00,0.07477807134631576
2018-06-23 00:21:00,0.06545146706082505
2018-06-23 00:24:00,0.04498852572345413
2018-06-23 00:27:00,0.10020455265208739
2018-06-23 00:30:00,0.0305526364392108
2018-06-23 00:33:00,0.19651964005112177
2018-06-23 00:36:00,0.15420805900788537
2018-06-23 00:39:00,0.15124734535424977
2018-06-23 00:42:00,0.30244306446587643
2018-06-23 00:45:00,0.40160193932615584
2018-06-23 00:48:00,0.42192281295740486
2018-06-23 00:51:00,0.4325743970343865
2018-06-23 00:54:00,0.35293442633695804
2018-06-23 00:57:00,0.4029695458568767
2018-06-23 01:00:00,0.5980618826453679
2018-06-23 01:03:00,0.506552287009697
2018-06-23 01:06:00,0.3344437161746896
2018-06-23 01:09:00,0.39202197126536475
2018-06-23 01:12:00,0.32456593348149454
2018-06-23 01:15:00,0.23184768005955902
2018-06-23 01:18:00,0.2888593350098745
2018-06-23 01:21:00,0.1683054752767248
2018-06-23 01:24:00,0.09047426390958435
2018-06-23 01:27:00,0.15122209718731483
2018-06-23 01:30:00,0.1595854430719328
2018-06-23 01:33:00,0.08093590145773533
2018-06-23 01:36:00,0.15321557896709237
2018-06-23 01:39:00,0.1475425188119175
2018-06-23 01:42:00,0.24399397498518738
2018-06-23 01:45:00,0.1856760062620424
2018-06-23 01:48:00,0.22902762040035896
2018-06-23 01:51:00,0.34995977808307543
2018-06-23 01:54:00,0.38954358418152424
2018-06-23 01:57:00,0.3949291744704624
2018-06-23 02:00:00,0.4300596207746139
2018-06-23 02:03:00,0.2329897998731667
2018-06-23 02:06:00,0.34057258655553824
2018-06-23 02:09:00,0.2819763506998356
2018-06-23 02:12:00,0.29202854767373765
2018-06-23 02:15:00,0.26515296062063953
2018-06-23 02:18:00,0.1956029280318603
2018-06-23 02:21:00,0.2374355994919597
2018-06-23 02:24:00,0.2636001234217247
2018-06-23 02:27:00,0.3004779577231602
2018-06-23 02:30:00,0.22729153730335838
2018-06-23 02:33:00,0.27209436522190344
2018-06-23 02:36:00,0.24000267254263008
2018-06-23 02:39:00,0.17932800832210205
2018-06-23 02:42:00,0.19835244695900656
2018-06-23 02:45:00,0.28315891550744254
2018-06-23 02:48:00,0.42344984278662423
2018-06-23 02:51:00,0.30247953938828687
2018-06-23 02:54:00,0.3956996694001873
2018-06-23 02:57:00,0.45450435387533616
2018-06-23 03:00:00,0.3864778881572306
2018-06-23 03:03:00,0.4239873476879552
2018-06-23 03:06:00,0.3791255541574401
2018-06-23 03:09:00,0.5540263409927775
2018-06-23 03:12:00,0.5272266020845109
2018-06-23 03:15:00,0.39280026213043584
2018-06-23 03:18:00,0.4912938090312764
2018-06-23 03:21:00,0.5122895095165632
2018-06-23 03:24:00,0.5653474767428861
2018-06-23 03:27:00,0.5729442996546368
2018-06-23 03:30:00,0.5854842507798708
2018-06-23 03:33:00,0.5784316207638653
2018-06-23 03:36:00,0.6113995985507472
2018-06-23 03:39:00,0.5971075741746859
2018-06-23 03:42:00,0.5214187769265664
2018-06-23 03:45:00,0.5973025567768104
2018-06-23 03:48:00,0.45091667038389005
2018-06-23 03:51:00,0.35575723331646714
2018-06-23 03:54:00,0.45634447552527035
2018-06-23 03:57:00,0.3536196405851797
2018-06-23 04:00:00,0.343374186877611
2018-06-23 04:03:00,0.34525246605579696
2018-06-23 04:06:00,0.38212057819390566
2018-06-23 04:09:00,0.27271381148028695
2018-06-23 04:12:00,0.37531624775641603
2018-06-23 04:15:00,0.386192318985195
2018-06-23 04:18:00,0.33611444507448596
2018-06-23 04:21:00,0.31852503384800457
2018-06-23 04:24:00,0.43053177072215476
2018-06-23 04:27:00,0.40913007398216905
2018-06-23 04:30:00,0.41204007498311057
2018-06-23 04:33:00,0.3843361925968338
2018-06-23 04:36:00,0.5290093079058238
2018-06-23 04:39:00,0.4526687494961834
2018-06-23 04:42:00,0.3697071917923722
2018-06-23 04:45:00,0.3884697082016828
2018-06-23 04:48:00,0.3580003867984942
2018-06-23 04:51:00,0.4146234248848941
2018-06-23 04:54:00,0.4457055603949698
2018-06-23 04:57:00,0.33282298879390737
2018-06-23 05:00:00,0.40879595332415875
2018-06-23 05:03:00,0.5045121885549406
2018-06-23 05:06:00,0.40175958877989615
2018-06-23 05:09:00,0.5303174560419848
2018-06-23 05:12:00,0.43998018666582084
2018-06-23 05:15:00,0.5298697926647264
2018-06-23 05:18:00,0.45293576097321875
2018-06-23 05:21:00,0.3525840261356734
2018-06-23 05:24:00,0.4673737714190338
2018-06-23 05:27:00,0.40497231802328315
2018-06-23 05:30:00,0.4186318950771124
2018-06-23 05:33:00,0.3898187364637806
2018-06-23 05:36:00,0.48680526394184653
2018-06-23 05:39:00,0.38929278275179513
2018-06-23 05:42:00,0.39372647810671424
2018-06-23 05:45:00,0.47155236104100595
2018-06-23 05:48:00,0.3897506767685286
2018-06-23 05:51:00,0.457399618226475
2018-06-23 05:54:00,0.419861529624427
2018-06-23 05:57:00,0.5091785824140516
2018-06-23 06:00:00,0.36661871297195603
2018-06-23 06:03:00,0.4596142536300931
2018-06-23 06:06:00,0.45153057371368277
2018-06-23 06:09:00,0.45413820496003154
2018-06-23 06:12:00,0.5759406319469917
2018-06-23 06:15:00,0.5144244018595145
2018-06-23 06:18:00,0.3596424749080711
2018-06-23 06:21:00,0.4423873800325282
2018-06-23 06:24:00,0.45363296089806227
2018-06-23 06:27:00,0.5049636881722677
2018-06-23 06:30:00,0.4223261581727229
2018-06-23 06:33:00,0.40613727875552286
2018-06-23 06:36:00,0.39818569113231206
2018-06-23 06:39:00,0.5269069588051707
2018-06-23 06:42:00,0.4405992715871321
2018-06-23 06:45:00,0.4286658569595829
2018-06-23 06:48:00,0.422911737038703
2018-06-23 06:51:00,0.47521047867735433
2018-06-23 06:54:00,0.504811053260255
2018-06-23 06:57:00,0.45326308293567763
2018-06-23 07:00:00,0.4151413617051958
2018-06-23 07:03:00,0.34167614802640855
2018-06-23 07:06:00,0.5135266084039927
2018-06-23 07:09:00,0.44357853708964967
2018-06-23 07:12:00,0.43612616523131464
2018-06-23 07:15:00,0.4513934230085397
2018-06-23 07:18:00,0.4450089385072147
2018-06-23 07:21:00,0.3519970450465735
2018-06-23 07:24:00,0.4005857339409431
2018-06-23 07:27:00,0.43980151394629274
2018-06-23 07:30:00,0.44559704154090696
2018-06-23 07:33:00,0.4359663222027166
2018-06-23 07:36:00,0.5060624791635746
2018-06-23 07:39:00,0.47848013491574193
2018-06-23 07:42:00,0.46376188509015037
2018-06-23 07:45:00,0.5042525316511046
2018-06-23 07:48:00,0.47826720834513026
2018-06-23 07:51:00,0.47102407075732344
2018-06-23 07:54:00,0.41526331091847624
2018-06-23 07:57:00,0.3893480477634057
2018-06-23 08:00:00,0.44493310696105937
2018-06-23 08:03:00,0.5504607108978803
2018-06-23 08:06:00,0.4051456665152955
2018-06-23 08:09:00,0.4499781135889407
2018-06-23 08:12:00,0.41851241897001046
2018-06-23 08:15:00,0.3472514493441281
2018-06-23 08:18:00,0.37260022506757196
2018-06-23 08:21:00,0.4012518206549771
2018-06-23 08:24:00,0.2893302872976733
2018-06-23 08:27:00,0.3205771152962029
2018-06-23 08:30:00,0.3816836964487038
2018-06-23 08:33:00,0.31247221790312096
2018-06-23 08:36:00,0.37307580717913424
2018-06-23 08:39:00,0.32520093538556694
2018-06-23 08:42:00,0.3094044156389373
2018-06-23 08:45:00,0.3442820946139591
2018-06-23 08:48:00,0.3695948832373688
2018-06-23 08:51:00,0.3151202038988572
2018-06-23 08:54:00,0.3488919597428435
2018-06-23 08:57:00,0.3048576741160218
2018-06-23 09:00:00,0.2931261281241291
2018-06-23 09:03:00,0.2826682275648409
2018-06-23 09:06:00,0.2763787358688887
2018-06-23 09:09:00,0.1917158558412666
2018-06-23 09:12:00,0.1920933719264326
2018-06-23 09:15:00,0.25987023199394343
2018-06-23 09:18:00,0.19944123990626395
2018-06-23 09:21:00,0.22167651494635265
2018-06-23 09:24:00,0.2205354939329709
2018-06-23 09:27:00,0.26266836151614825
2018-06-23 09:30:00,0.21607191206715015
2018-06-23 09:33:00,0.17867145198147227
2018-06-23 09:36:00,0.13724212902491217
2018-06-23 09:39:00,0.22729827990622198
2018-06-23 09:42:00,0.14843593589870352
2018-06-23 09:45:00,0.23097220133541896
2018-06-23 09:48:00,0.17171467857315292
2018-06-23 09:51:00,0.18373757152380676
2018-06-23 09:54:00,0.13903220387174997
2018-06-23 09:57:00,0.04804940115587897
2018-06-23 10:00:00,0.0831728421252933
2018-06-23 10:03:00,0.07849243691521224
2018-06-23 10:06:00,0.022219602515974657
2018-06-23 10:09:00,0.08092861934784423
2018-06-23 10:12:00,-0.04197707628537728
2018-06-23 10:15:00,-0.015215400073486762
2018-06-23 10:18:00,-0.05842419802581844
2018-06-23 10:21:00,-0.01553978482149887
2018-06-23 10:24:00,-0.056428951167958985
2018-06-23 10:27:00,-0.06887274643776209
2018-06-23 10:30:00,-0.05894860563250859
2018-06-23 10:33:00,-0.05488573895792115
2018-06-23 10:36:00,-0.11719707370815513
2018-06-23 10:39:00,-0.11947189854089402
2018-06-23 10:42:00,-0.11173593378725855
2018-06-23 10:45:00,-0.1480546477917528
2018-06-23 10:48:00,-0.0874208756155781
2018-06-23 10:51:00,-0.19286641771861923
2018-06-23 10:54:00,-0.2821743617979564
2018-06-23 10:57:00,-0.19993845171899238
2018-06-23 11:00:00,-0.2268595590593918
2018-06-23 11:03:00,-0.20451196152026796
2018-06-23 11:06:00,-0.30417679396083486
2018-06-23 11:09:00,-0.20022690283906286
2018-06-23 11:12:00,-0.21836204614993449
2018-06-23 11:15:00,-0.31542796729411293
2018-06-23 11:18:00,-0.29119957023897314
2018-06-23 11:21:00,-0.21781380822170604
2018-06-23 11:24:00,-0.20061425405856426
2018-06-23 11:27:00,-0.3044846628399682
2018-06-23 11:30:00,-0.21324876095502532
2018-06-23 11:33:00,-0.25692842403987015
2018-06-23 11:36:00,-0.21537555019455112
2018-06-23 11:39:00,-0.31914898638331124
2018-06-23 11:42:00,-0.39195419732055825
2018-06-23 11:45:00,-0.3987912546419352
2018-06-23 11:48:00,-0.3395564263720985
2018-06-23 11:51:00,-0.4185293943200463
2018-06-23 11:54:00,-0.3194520397074143
2018-06-23 11:57:00,-0.2656646575625814
2018-06-23 12:00:00,-0.4068620027823613
2018-06-23 12:03:00,-0.45397524016050284
2018-06-23 12:06:00,-0.34998005722940206
2018-06-23 12:09:00,-0.35578586892444264
2018-06-23 12:12:00,-0.2928985955478538
2018-06-23 12:15:00,-0.38773170012308356
2018-06-23 12:18:00,-0.40274329071598913
2018-06-23 12:21:00,-0.3911464122795678
2018-06-23 12:24:00,-0.4796037205721291
2018-06-23 12:27:00,-0.4320597630680254
2018-06-23 12:30:00,-0.4124365029356909
2018-06-23 12:33:00,-0.37455209419800894
2018-06-23 12:36:00,-0.4364391281981739
2018-06-23 12:39:00,-0.39388937117223577
2018-06-23 12:42:00,-0.4764940759764613
2018-06-23 12:45:00,-0.4142735601226377
2018-06-23 12:48:00,-0.3218052902835211
2018-06-23 12:51:00,-0.35388566859330695
2018-06-23 12:54:00,-0.44804617678767045
2018-06-23 12:57:00,-0.45077841714197575
2018-06-23 13:00:00,-0.37053761819305464
2018-06-23 13:03:00,-0.4747113449819267
2018-06-23 13:06:00,-0.3714169321736449
2018-06-23 13:09:00,-0.4843810529534949
2018-06-23 13:12:00,-0.3436950627850024
2018-06-23 13:15:00,-0.47715575357557327
2018-06-23 13:18:00,-0.4074595487332999
2018-06-23 13:21:00,-0.33784311162105496
2018-06-23 13:24:00,-0.35989886836148344
2018-06-23 13:27:00,-0.21704256778781428
2018-06-23 13:30:00,-0.29906866579949565
2018-06-23 13:33:00,-0.31534780707210075
2018-06-23 13:36:00,-0.2780227712719352
2018-06-23 13:39:00,-0.27245934696651375
2018-06-23 13:42:00,-0.20515776349287762
2018-06-23 13:45:00,-0.20346921895685455
2018-06-23 13:48:00,-0.1725898034382567
2018-06-23 13:51:00,-0.1314251164920961
2018-06-23 13:54:00,-0.14099753185030295
2018-06-23 13:57:00,-0.3044361504376525
2018-06-23 14:00:00,-0.40401473079379
2018-06-23 14:03:00,-0.41652917757124897
2018-06-23 14:06:00,-0.3841413707883703
2018-06-23 14:09:00,-0.3504773838164965
2018-06-23 14:12:00,-0.24853882752057643
2018-06-23 14:15:00,-0.2615526327707016
2018-06-23 14:18:00,-0.4101492836096554
2018-06-23 14:21:00,-0.5244142316570901
2018-06-23 14:24:00,-0.5605823700102519
2018-06-23 14:27:00,-0.45557586431596064
2018-06-23 14:30:00,-0.3791109505557415
2018-06-23 14:33:00,-0.3829949895042546
2018-06-23 14:36:00,-0.5278552981789062
2018-06-23 14:39:00,-0.6246176233349274
2018-06-23 14:42:00,-0.6344835211975806
2018-06-23 14:45:00,-0.519665383439758
2018-06-23 14:48:00,-0.5383141155871272
2018-06-23 14:51:00,-0.42239604175097156
2018-06-23 14:54:00,-0.4727009792533181
2018-06-23 14:57:00,-0.33048797178503264
2018-06-23 15:00:00,-0.33621739446294896
2018-06-23 15:03:00,-0.3455818318016668
2018-06-23 15:06:00,-0.42306250757656017
2018-06-23 15:09:00,-0.4777274763060859
2018-06-23 15:12:00,-0.4545444476921716
2018-06-23 15:15:00,-0.5705485696120149
2018-06-23 15:18:00,-0.46186079541092795
2018-06-23 15:21:00,-0.3919344513623173
2018-06-23 15:24:00,-0.4740850798847305
2018-06-23 15:27:00,-0.5613416233844646
2018-06-23 15:30:00,-0.39210303620200193
2018-06-23 15:33:00,-0.5626067577043727
2018-06-23 15:36:00,-0.3884727560583201
2018-06-23 15:39:00,-0.4751601940046726
2018-06-23 15:42:00,-0.44647090995181316
2018-06-23 15:45:00,-0.3055381167188784
2018-06-23 15:48:00,-0.44401276365641706
2018-06-23 15:51:00,-0.4381793566938086
2018-06-23 15:54:00,-0.22943483545503796
2018-06-23 15:57:00,-0.2908621089633243
2018-06-23 16:00:00,-0.1597460856181101
2018-06-23 16:03:00,-0.19520690738494295
2018-06-23 16:06:00,-0.378613111563709
2018-06-23 16:09:00,-0.3991756693542925
2018-06-23 16:12:00,-0.4190463073538808
2018-06-23 16:15:00,-0.3268644542930019
2018-06-23 16:18:00,-0.43650798294038395
2018-06-23 16:21:00,-0.39077724152986093
2018-06-23 16:24:00,-0.2884146379061576
2018-06-23 16:27:00,-0.3704772254295676
2018-06-23 16:30:00,-0.5138250780793214
2018-06-23 16:33:00,-0.32198649972934845
2018-06-23 16:36:00,-0.33523424998151086
2018-06-23 16:39:00,-0.38886536957448925
2018-06-23 16:42:00,-0.3190770193351682
2018-06-23 16:45:00,-0.34884044934688063
2018-06-23 16:48:00,-0.3459243851987708
2018-06-23 16:51:00,-0.3554180887374514
2018-06-23 16:54:00,-0.3092731023340889
2018-06-23 16:57:00,-0.3644532350290888
2018-06-23 17:00:00,-0.3527569027436357
2018-06-23 17:03:00,-0.3865205760676531
2018-06-23 17:06:00,-0.3453614502398068
2018-06-23 17:09:00,-0.29916459680896423
2018-06-23 17:12:00,-0.3084216050584132
2018-06-23 17:15:00,-0.2651507786367233
2018-06-23 17:18:00,-0.38001048372478863
2018-06-23 17:21:00,-0.3682528679096322
2018-06-23 17:24:00,-0.47341103693014475
2018-06-23 17:27:00,-0.2946855426786783
2018-06-23 17:30:00,-0.31336849167871605
2018-06-23 17:33:00,-0.23602735315239443
2018-06-23 17:36:00,-0.3196869061117127
2018-06-23 17:39:00,-0.3227498755807119
2018-06-23 17:42:00,-0.3196812257387478
2018-06-23 17:45:00,-0.3157031419340228
2018-06-23 17:48:00,-0.4069155138944325
2018-06-23 17:51:00,-0.26764374560059423
2018-06-23 17:54:00,-0.30493183245687305
2018-06-23 17:57:00,-0.33730233634923934
2018-06-23 18:00:00,-0.2760385914565404
2018-06-23 18:03:00,-0.3140788269422501
2018-06-23 18:06:00,-0.26026869539845165
2018-06-23 18:09:00,-0.18730627304319114
2018-06-23 18:12:00,-0.13517040605285047
2018-06-23 18:15:00,-0.22701365179943878
2018-06-23 18:18:00,-0.2213100320817034
2018-06-23 18:21:00,-0.20476714960523168
2018-06-23 18:24:00,-0.14419998906208775
2018-06-23 18:27:00,-0.221393518798493
2018-06-23 18:30:00,-0.1744969494145039
2018-06-23 18:33:00,-0.11801567952085179
2018-06-23 18:36:00,-0.22065261042763495
2018-06-23 18:39:00,-0.2362854814409161
2018-06-23 18:42:00,-0.15343102582517076
2018-06-23 18:45:00,-0.20166397300272365
2018-06-23 18:48:00,-0.21041783664321656
2018-06-23 18:51:00,-0.2025232325946149
2018-06-23 18:54:00,
2018-06-23 18:57:00,
2018-06-23 19:00:00,
2018-06-23 19:03:00,-0.08328023930454265
2018-06-23 19:06:00,-0.07087050718064347
2018-06-23 19:09:00,-0.046951077008031916
2018-06-23 19:12:00,-0.1091799053331215
2018-06-23 19:15:00,-0.13051670169778617
2018-06-23 19:18:00,-0.12222948505865361
2018-06-23 19:21:00,-0.11024184534096548
2018-06-23 19:24:00,-0.07879940877370473
2018-06-23 19:27:00,-0.14968950592145802
2018-06-23 19:30:00,-0.04119606535675757
2018-06-23 19:33:00,-0.03185642507054354
2018-06-23 19:36:00,-0.028774509220284017
2018-06-23 19:39:00,-0.14067836581568827
2018-06-23 19:42:00,-0.07117015504979918
2018-06-23 19:45:00,-0.10208058540717957
2018-06-23 19:48:00,-0.07525914680604728
2018-06-23 19:51:00,-0.24651005111644508
2018-06-23 19:54:00,-0.14580896977713564
2018-06-23 19:57:00,-0.229703109604543
2018-06-23 20:00:00,-0.05756005124914054
2018-06-23 20:03:00,0.21971427701595303
2018-06-23 20:06:00,0.2798487938882772
2018-06-23 20:09:00,0.18667479490704864
2018-06-23 20:12:00,0.35109944268504023
2018-06-23 20:15:00,0.24113612088524405
2018-06-23 20:18:00,0.2515754996546775
2018-06-23 20:21:00,0.30367024823090105
2018-06-23 20:24:00,0.35713380536941486
2018-06-23 20:27:00,0.41936613435638037
2018-06-23 20:30:00,0.2536102246044152
2018-06-23 20:33:00,0.10392192458238014
2018-06-23 20:36:00,0.24035108742907596
2018-06-23 20:39:00,0.08729963058868861
2018-06-23 20:42:00,0.41007469177094436
2018-06-23 20:45:00,0.24528738972270503
2018-06-23 20:48:00,0.27434963800112655
2018-06-23 20:51:00,0.42831236534163963
2018-06-23 20:54:00,0.31945621430719484
2018-06-23 20:57:00,0.4895695929255339
2018-06-23 21:00:00,0.3679101332258483
2018-06-23 21:03:00,0.21765067030315777
2018-06-23 21:06:00,0.24881365927757315
2018-06-23 21:09:00,0.25549788335229096
2018-06-23 21:12:00,0.08009529402795579
2018-06-23 21:15:00,0.054963953505705376
2018-06-23 21:18:00,0.039726517674409934
2018-06-23 21:21:00,0.03488948540905312
2018-06-23 21:24:00,0.013855422360677494
2018-06-23 21:27:00,0.19920742047071371
2018-06-23 21:30:00,0.034881682044670015
2018-06-23 21:33:00,0.13740516671185787
2018-06-23 21:36:00,0.24480871425004125
2018-06-23 21:39:00,0.26355928904536086
2018-06-23 21:42:00,0.18164095238927302
2018-06-23 21:45:00,0.15893713411139743
2018-06-23 21:48:00,0.1295246060667523
2018-06-23 21:51:00,0.24514400318304297
2018-06-23 21:54:00,0.203172364217437
2018-06-23 21:57:00,0.24370619083413203
2018-06-23 22:00:00,0.20030254571639716
2018-06-23 22:03:00,0.20316319349211653
2018-06-23 22:06:00,0.2039264291071845
2018-06-23 22:09:00,0.23080855716619908
2018-06-23 22:12:00,0.20741059946163887
2018-06-23 22:15:00,0.2024662889525075
2018-06-23 22:18:00,0.25270565601778117
2018-06-23 22:21:00,0.19330930241744682
2018-06-23 22:24:00,0.22017887962607574
2018-06-23 22:27:00,0.24825069372246844
2018-06-23 22:30:00,0.22569385873475767
2018-06-23 22:33:00,0.17427257540356322
2018-06-23 22:36:00,0.1794693399190237
2018-06-23 22:39:00,0.267823335376022
2018-06-23 22:42:00,0.3068507885180338
2018-06-23 22:45:00,0.252623817614392
2018-06-23 22:48:00,0.22517805579843753
2018-06-23 22:51:00,0.2522063721518748
2018-06-23 22:54:00,0.21356253709001294
2018-06-23 22:57:00,0.26770427343421943
2018-06-23 23:00:00,0.2393561755274618
2018-06-23 23:03:00,0.21347596057637475
2018-06-23 23:06:00,0.19054337796404752
2018-06-23 23:09:00,0.07317803096714215
2018-06-23 23:12:00,0.034753435522929976
2018-06-23 23:15:00,0.17059361975020693
2018-06-23 23:18:00,0.20653450663616013
2018-06-23 23:21:00,0.09290172031847987
2018-06-23 23:24:00,0.13174566647956
2018-06-23 23:27:00,0.03657272226007535
2018-06-23 23:30:00,0.06979445822287289
2018-06-23 23:33:00,0.04623421528407334
2018-06-23 23:36:00,0.15961062161181871
2018-06-23 23:39:00,0.14720090539901776
2018-06-23 23:42:00,0.09103304991242567
2018-06-23 23:45:00,0.1441459414285191
2018-06-23 23:48:00,0.09061103173661422
2018-06-23 23:51:00,0.09216091605583188
2018-06-23 23:54:00,0.05871990377823977
2018-06-23 23:57:00,0.19167811142887103
2018-06-24 00:00:00,0.1971162278187535
2018-06-24 00:03:00,0.11423102190889267
2018-06-24 00:06:00,0.039436388427532165
2018-06-24 00:09:00,0.15583798619184108
2018-06-24 00:12:00,0.2208226326428644
2018-06-24 00:15:00,0.20222360484797264
2018-06-24 00:18:00,0.38517970621018094
2018-06-24 00:21:00,0.368220584011965
2018-06-24 00:24:00,0.36266711877652824
2018-06-24 00:27:00,0.4797925370974667
2018-06-24 00:30:00,0.5458436841528851
2018-06-24 00:33:00,0.5216928678383397
2018-06-24 00:36:00,0.4553153794998366
2018-06-24 00:39:00,0.4365279437569143
2018-06-24 00:42:00,0.32270127074298216
2018-06-24 00:45:00,0.3596237965707587
2018-06-24 00:48:00,0.22704842064644026
2018-06-24 00:51:00,0.26498831446576787
2018-06-24 00:54:00,0.26272351992122367
2018-06-24 00:57:00,0.30233779828915885
2018-06-24 01:00:00,0.21124066404684072
2018-06-24 01:03:00,0.3108266681252303
2018-06-24 01:06:00,0.23460437002097478
2018-06-24 01:09:00,0.2511305509973454
2018-06-24 01:12:00,0.2769886369237611
2018-06-24 01:15:00,0.28501794325416085
2018-06-24 01:18:00,0.33913484675935024
2018-06-24 01:21:00,0.3213062733699985
2018-06-24 01:24:00,0.3673696522307637
2018-06-24 01:27:00,0.26667656590200295
2018-06-24 01:30:00,0.24945084910478954
2018-06-24 01:33:00,0.4279423120004253
2018-06-24 01:36:00,0.4197712383009957
2018-06-24 01:39:00,0.4080156042392673
2018-06-24 01:42:00,0.3619770378293765
2018-06-24 01:45:00,0.4296789806417678
2018-06-24 01:48:00,0.4014424482592176
2018-06-24 01:51:00,0.462830401375129
2018-06-24 01:54:00,0.45296530862179907
2018-06-24 01:57:00,0.44117051019918563
2018-06-24 02:00:00,0.36397595060458343
2018-06-24 02:03:00,0.3745345574707244
2018-06-24 02:06:00,0.39566448780851715
2018-06-24 02:09:00,0.36997573827954966
2018-06-24 02:12:00,0.444069848284812
2018-06-24 02:15:00,0.3635074674693328
2018-06-24 02:18:00,0.47256810009093897
2018-06-24 02:21:00,0.373575128319942
2018-06-24 02:24:00,0.4847697045107111
2018-06-24 02:27:00,0.475765968889732
2018-06-24 02:30:00,0.46580586608433805
2018-06-24 02:33:00,0.40418337689123973
2018-06-24 02:36:00,0.3765213736299984
2018-06-24 02:39:00,0.40065625657337023
2018-06-24 02:42:00,0.24712272663953172
2018-06-24 02:45:00,0.3731595775883534
2018-06-24 02:48:00,0.3761856390875664
2018-06-24 02:51:00,0.40826733938547477
2018-06-24 02:54:00,0.38539191051637545
2018-06-24 02:57:00,0.4597101581405809
2018-06-24 03:00:00,0.4591362792443192
2018-06-24 03:03:00,0.4679659178889892
2018-06-24 03:06:00,0.5829323611074528
2018-06-24 03:09:00,0.7085214488086535
2018-06-24 03:12:00,0.5907402986233592
2018-06-24 03:15:00,0.5632601610701045
2018-06-24 03:18:00,0.43595372754469963
2018-06-24 03:21:00,0.6147590268761292
2018-06-24 03:24:00,0.6213423730751515
2018-06-24 03:27:00,0.6160163085419299
2018-06-24 03:30:00,0.6102919234487558
2018-06-24 03:33:00,0.5416851634668092
2018-06-24 03:36:00,0.5106364745612382
2018-06-24 03:39:00,0.4220824097735658
2018-06-24 03:42:00,0.3288754714713491
2018-06-24 03:45:00,0.35877415861790496
2018-06-24 03:48:00,0.39593612394713773
2018-06-24 03:51:00,0.2743271392157567
2018-06-24 03:54:00,0.34585681772296084
2018-06-24 03:57:00,0.389378909341076
2018-06-24 04:00:00,0.4118452606913934
2018-06-24 04:03:00,0.41965256228479575
2018-06-24 04:06:00,0.41824185706599337
2018-06-24 04:09:00,0.344597421910521
2018-06-24 04:12:00,0.42594878156910454
2018-06-24 04:15:00,0.3153939114553168
2018-06-24 04:18:00,0.4129168220457018
2018-06-24 04:21:00,0.3710856544394119
2018-06-24 04:24:00,0.45489199044345696
2018-06-24 04:27:00,0.2964190630825101
2018-06-24 04:30:00,0.39427489517674985
2018-06-24 04:33:00,0.4638847605495471
2018-06-24 04:36:00,0.5115744791484076
2018-06-24 04:39:00,0.4516794087930407
2018-06-24 04:42:00,0.4043102644395731
2018-06-24 04:45:00,0.46394724315558733
2018-06-24 04:48:00,0.3688241390910889
2018-06-24 04:51:00,0.30984775605389814
2018-06-24 04:54:00,0.35473138724256614
2018-06-24 04:57:00,0.31747360113621426
2018-06-24 05:00:00,0.4147783188852827
2018-06-24 05:03:00,0.43127978629138397
2018-06-24 05:06:00,0.3954542599937554
2018-06-24 05:09:00,0.44938855633967023
2018-06-24 05:12:00,0.43189457320505653
2018-06-24 05:15:00,0.412594899098508
2018-06-24 05:18:00,0.5013326446231758
2018-06-24 05:21:00,0.42024579491879877
2018-06-24 05:24:00,0.4742538960449565
2018-06-24 05:27:00,0.4969257221267185
2018-06-24 05:30:00,0.49432891584228855
2018-06-24 05:33:00,0.5085193105803114
2018-06-24 05:36:00,0.4892836188679439
2018-06-24 05:39:00,0.5184668257895169
2018-06-24 05:42:00,0.4497868107939098
2018-06-24 05:45:00,0.42277015535518103
2018-06-24 05:48:00,0.44576190125201265
2018-06-24 05:51:00,0.3945130599179265
2018-06-24 05:54:00,0.37779449879042204
2018-06-24 05:57:00,0.43795858433372814
2018-06-24 06:00:00,0.47978116937514415
2018-06-24 06:03:00,0.44591510778991506
2018-06-24 06:06:00,0.3750981539404279
2018-06-24 06:09:00,0.4169938546182834
2018-06-24 06:12:00,0.4331105594215501
2018-06-24 06:15:00,0.4324580518871812
2018-06-24 06:18:00,0.38639816058810084
2018-06-24 06:21:00,0.47024001616028954
2018-06-24 06:24:00,0.44773814686078595
2018-06-24 06:27:00,0.5040584748279571
2018-06-24 06:30:00,0.4362124849865836
2018-06-24 06:33:00,0.3364799272206369
2018-06-24 06:36:00,0.37664821088094413
2018-06-24 06:39:00,0.4027625451371364
2018-06-24 06:42:00,0.3937357997170352
2018-06-24 06:45:00,0.41430437481074023
2018-06-24 06:48:00,0.44975634857928526
2018-06-24 06:51:00,0.42731904298653944
2018-06-24 06:54:00,0.48401863957030855
2018-06-24 06:57:00,0.44585178800008407
2018-06-24 07:00:00,0.40507389657108206
2018-06-24 07:03:00,0.3959669416788074
2018-06-24 07:06:00,0.3608772071557951
2018-06-24 07:09:00,0.4378240848925543
2018-06-24 07:12:00,0.44003168790214886
2018-06-24 07:15:00,0.37811712588228374
2018-06-24 07:18:00,0.3038553685704528
2018-06-24 07:21:00,0.467407673694197
2018-06-24 07:24:00,0.43949879095691813
2018-06-24 07:27:00,0.44120702539021295
2018-06-24 07:30:00,0.4547437911337511
2018-06-24 07:33:00,0.37410027569859494
2018-06-24 07:36:00,0.4462027356543672
2018-06-24 07:39:00,0.35989652589989873
2018-06-24 07:42:00,0.5091048725715837
2018-06-24 07:45:00,0.36123956864446427
2018-06-24 07:48:00,0.4057671478264524
2018-06-24 07:51:00,0.3748461739672848
2018-06-24 07:54:00,0.39274497078361037
2018-06-24 07:57:00,0.4330721727433797
2018-06-24 08:00:00,0.4458750778624676
2018-06-24 08:03:00,0.4640115895300596
2018-06-24 08:06:00,0.38293234160653356
2018-06-24 08:09:00,0.29833416159948456
2018-06-24 08:12:00,0.36196080702785594
2018-06-24 08:15:00,0.4021603290142366
2018-06-24 08:18:00,0.40191436327899055
2018-06-24 08:21:00,0.3192145965452369
2018-06-24 08:24:00,0.38738221702544706
2018-06-24 08:27:00,0.32128823672667295
2018-06-24 08:30:00,0.3350619922478586
2018-06-24 08:33:00,0.38299837321125096
2018-06-24 08:36:00,0.3297740832180125
2018-06-24 08:39:00,0.35007657450563556
2018-06-24 08:42:00,0.2802282056540548
2018-06-24 08:45:00,0.3456744185631919
2018-06-24 08:48:00,0.21459806069265142
2018-06-24 08:51:00,0.325007806893268
2018-06-24 08:54:00,0.2595631667396674
2018-06-24 08:57:00,0.353503815939348
2018-06-24 09:00:00,0.1441162474950488
2018-06-24 09:03:00,0.2178366480215459
2018-06-24 09:06:00,0.2475166037989993
2018-06-24 09:09:00,0.2296379643595401
2018-06-24 09:12:00,0.1834897311085797
2018-06-24 09:15:00,0.16934353158910653
2018-06-24 09:18:00,0.28114572949885996
2018-06-24 09:21:00,0.2496859867082435
2018-06-24 09:24:00,0.18766232298287377
2018-06-24 09:27:00,0.14131341432141653
2018-06-24 09:30:00,0.12764590525881658
2018-06-24 09:33:00,0.1202269334075936
2018-06-24 09:36:00,0.2358243371496087
2018-06-24 09:39:00,0.15046902689942954
2018-06-24 09:42:00,0.1518164442081229
2018-06-24 09:45:00,0.14127159897833508
2018-06-24 09:48:00,0.10164231885318031
2018-06-24 09:51:00,0.20082319624555112
2018-06-24 09:54:00,0.1268655887330965
2018-06-24 09:57:00,0.05688855604381615
2018-06-24 10:00:00,0.13079461201112963
2018-06-24 10:03:00,0.10146842340867579
2018-06-24 10:06:00,0.07853376186665173
2018-06-24 10:09:00,0.0848292131562971
2018-06-24 10:12:00,0.10162006859383155
2018-06-24 10:15:00,0.06653935497388375
2018-06-24 10:18:00,-0.05593722699131831
2018-06-24 10:21:00,-0.004531529723124095
2018-06-24 10:24:00,0.007228594254002019
2018-06-24 10:27:00,-0.08442120008885468
2018-06-24 10:30:00,0.01231525584546489
2018-06-24 10:33:00,-0.06226953050696693
2018-06-24 10:36:00,-0.052418008017468765
2018-06-24 10:39:00,-0.1210472831609195
2018-06-24 10:42:00,-0.1099413217426104
2018-06-24 10:45:00,-0.09425569391714816
2018-06-24 10:48:00,-0.10197980326302059
2018-06-24 10:51:00,-0.20269403759971283
2018-06-24 10:54:00,-0.07306250499908629
2018-06-24 10:57:00,-0.13429377735417347
2018-06-24 11:00:00,-0.1983427777234965
2018-06-24 11:03:00,-0.17727352030135535
2018-06-24 11:06:00,-0.2725213336365755
2018-06-24 11:09:00,-0.27568235882455383
2018-06-24 11:12:00,-0.19405707858004462
2018-06-24 11:15:00,-0.2300807731672876
2018-06-24 11:18:00,-0.06266218685721014
2018-06-24 11:21:00,-0.1480837439772813
2018-06-24 11:24:00,-0.1047841898410411
2018-06-24 11:27:00,-0.231852545838251
2018-06-24 11:30:00,-0.22937405651117615
2018-06-24 11:33:00,-0.30796645458065086
2018-06-24 11:36:00,-0.30768248235312967
2018-06-24 11:39:00,-0.3235363841423009
2018-06-24 11:42:00,-0.2889731126296624
2018-06-24 11:45:00,-0.23676793646916394
2018-06-24 11:48:00,-0.3504160700626926
2018-06-24 11:51:00,-0.3067229474665396
2018-06-24 11:54:00,-0.38514915122948423
2018-06-24 11:57:00,-0.3194626005143846
2018-06-24 12:00:00,-0.26984583432289355
2018-06-24 12:03:00,-0.29149587757808604
2018-06-24 12:06:00,-0.36012845020189843
2018-06-24 12:09:00,-0.4461462798396383
2018-06-24 12:12:00,-0.3783117710585202
2018-06-24 12:15:00,-0.3830577636553585
2018-06-24 12:18:00,-0.33563791550210453
2018-06-24 12:21:00,-0.3361840606628448
2018-06-24 12:24:00,-0.37396969279308223
2018-06-24 12:27:00,-0.4694495376077157
2018-06-24 12:30:00,-0.39176753566943034
2018-06-24 12:33:00,-0.33923213040526434
2018-06-24 12:36:00,-0.2597150465593927
2018-06-24 12:39:00,-0.4009244524052633
2018-06-24 12:42:00,-0.3432830045085211
2018-06-24 12:45:00,-0.485389391563956
2018-06-24 12:48:00,-0.4617937213324126
2018-06-24 12:51:00,-0.36132659652002985
2018-06-24 12:54:00,-0.40491018672122436
2018-06-24 12:57:00,-0.4481206492075671
2018-06-24 13:00:00,-0.462821552884634
2018-06-24 13:03:00,-0.44275743803302703
2018-06-24 13:06:00,-0.502521330694151
2018-06-24 13:09:00,-0.4770422547761086
2018-06-24 13:12:00,-0.5174196800635968
2018-06-24 13:15:00,-0.5538512998097076
2018-06-24 13:18:00,-0.43275839079450407
2018-06-24 13:21:00,-0.5934065462423632
2018-06-24 13:24:00,-0.5225198806919025
2018-06-24 13:27:00,-0.4959995773464243
2018-06-24 13:30:00,-0.5414711403058732
2018-06-24 13:33:00,-0.5354089354584062
2018-06-24 13:36:00,-0.378454642782458
2018-06-24 13:39:00,-0.35932732936345246
2018-06-24 13:42:00,-0.5184936650140344
2018-06-24 13:45:00,-0.5552882143236957
2018-06-24 13:48:00,-0.4923381850899773
2018-06-24 13:51:00,-0.5302263896967361
2018-06-24 13:54:00,-0.369460494486475
2018-06-24 13:57:00,-0.4131370769550813
2018-06-24 14:00:00,-0.5040992590307951
2018-06-24 14:03:00,-0.440884118812221
2018-06-24 14:06:00,-0.37992996038099136
2018-06-24 14:09:00,-0.5325972400266323
2018-06-24 14:12:00,-0.47649487638477694
2018-06-24 14:15:00,-0.3452800755087537
2018-06-24 14:18:00,-0.29717012626849737
2018-06-24 14:21:00,-0.2842005909392924
2018-06-24 14:24:00,-0.33214957666530154
2018-06-24 14:27:00,-0.30353249585994035
2018-06-24 14:30:00,-0.12605297675833071
2018-06-24 14:33:00,-0.1629888281780154
2018-06-24 14:36:00,-0.46377084499732746
2018-06-24 14:39:00,-0.35951421751497037
2018-06-24 14:42:00,-0.41863024603878785
2018-06-24 14:45:00,-0.39852031110791586
2018-06-24 14:48:00,-0.29623290906368993
2018-06-24 14:51:00,-0.5446736029788894
2018-06-24 14:54:00,-0.5105643269679945
2018-06-24 14:57:00,-0.5302922069693636
2018-06-24 15:00:00,-0.4459396340400872
2018-06-24 15:03:00,-0.3648946211809516
2018-06-24 15:06:00,-0.282540184192726
2018-06-24 15:09:00,-0.40981468882864647
2018-06-24 15:12:00,-0.25045721702173296
2018-06-24 15:15:00,-0.27550927215867205
2018-06-24 15:18:00,-0.45508665201128906
2018-06-24 15:21:00,-0.5223386667091177
2018-06-24 15:24:00,-0.48626151232986103
2018-06-24 15:27:00,-0.6371169274123076
2018-06-24 15:30:00,-0.37818996330031496
2018-06-24 15:33:00,-0.4115148115848797
2018-06-24 15:36:00,-0.3136341228380388
2018-06-24 15:39:00,-0.33657102460836086
2018-06-24 15:42:00,-0.387737855031844
2018-06-24 15:45:00,-0.31700397336504693
2018-06-24 15:48:00,-0.09710426601355948
2018-06-24 15:51:00,-0.1750474804237001
2018-06-24 15:54:00,-0.06598660855337357
2018-06-24 15:57:00,-0.2964701287619391
2018-06-24 16:00:00,-0.47400666887949683
2018-06-24 16:03:00,-0.5154044196127074
2018-06-24 16:06:00,-0.5627922411092641
2018-06-24 16:09:00,-0.6086602767373961
2018-06-24 16:12:00,-0.5725169195889066
2018-06-24 16:15:00,-0.51062842372761
2018-06-24 16:18:00,-0.46748870754294103
2018-06-24 16:21:00,-0.35627209451405406
2018-06-24 16:24:00,-0.4901681566595357
2018-06-24 16:27:00,-0.4151312028186567
2018-06-24 16:30:00,-0.5288216679583115
2018-06-24 16:33:00,-0.48042762947756046
2018-06-24 16:36:00,-0.5027085413108239
2018-06-24 16:39:00,-0.3935255304606926
2018-06-24 16:42:00,-0.5518061161972128
2018-06-24 16:45:00,-0.5288126682514758
2018-06-24 16:48:00,-0.4622927851631857
2018-06-24 16:51:00,-0.4824565078766909
2018-06-24 16:54:00,-0.48202948991223593
2018-06-24 16:57:00,-0.48480902150362226
2018-06-24 17:00:00,-0.4774062860554409
2018-06-24 17:03:00,-0.4215012131179492
2018-06-24 17:06:00,-0.3144652228101563
2018-06-24 17:09:00,-0.3680532914701189
2018-06-24 17:12:00,-0.3877754051886768
2018-06-24 17:15:00,-0.3840299575485915
2018-06-24 17:18:00,-0.46553712682595005
2018-06-24 17:21:00,-0.5137703707871992
2018-06-24 17:24:00,-0.5936536343138528
2018-06-24 17:27:00,-0.45265626079947197
2018-06-24 17:30:00,-0.4918423996729757
2018-06-24 17:33:00,-0.46063731453074297
2018-06-24 17:36:00,-0.519559769274224
2018-06-24 17:39:00,-0.3385848805273213
2018-06-24 17:42:00,-0.3687938587640929
2018-06-24 17:45:00,-0.18557370126791284
2018-06-24 17:48:00,-0.06861478952566813
2018-06-24 17:51:00,-0.14352094160994966
2018-06-24 17:54:00,-0.2135842718813592
2018-06-24 17:57:00,-0.19833153346314703
2018-06-24 18:00:00,-0.158468912480771
2018-06-24 18:03:00,-0.05948529918072154
2018-06-24 18:06:00,-0.14551702177635661
2018-06-24 18:09:00,-0.18464853637902934
2018-06-24 18:12:00,-0.216137979212931
2018-06-24 18:15:00,-0.15122700947432577
2018-06-24 18:18:00,-0.17325424870830375
2018-06-24 18:21:00,-0.042765961023178534
2018-06-24 18:24:00,-0.021861370461465413
2018-06-24 18:27:00,0.011552106807585005
2018-06-24 18:30:00,0.043354092478296025
2018-06-24 18:33:00,-0.051426903682795455
2018-06-24 18:36:00,-0.09421423545722973
2018-06-24 18:39:00,-0.16401196339404578
2018-06-24 18:42:00,-0.12029105056677736
2018-06-24 18:45:00,-0.07152150198601248
2018-06-24 18:48:00,-0.024590931075124445
2018-06-24 18:51:00,-0.05138866578795387
2018-06-24 18:54:00,0.10907875858333682
2018-06-24 18:57:00,
2018-06-24 19:00:00,
2018-06-24 19:03:00,-0.068732654153564
2018-06-24 19:06:00,0.045839734005483024
2018-06-24 19:09:00,-0.1511881619212545
2018-06-24 19:12:00,-0.008585621091185658
2018-06-24 19:15:00,-0.027278749098968547
2018-06-24 19:18:00,0.0410217707284346
2018-06-24 19:21:00,-0.04607232655928328
2018-06-24 19:24:00,-0.06813317451184275
2018-06-24 19:27:00,-0.07566578248128053
2018-06-24 19:30:00,0.00791083927327918
2018-06-24 19:33:00,-0.0013890106334315533
2018-06-24 19:36:00,-0.02589281475241023
2018-06-24 19:39:00,0.029027091603040844
2018-06-24 19:42:00,-0.04874328473908918
2018-06-24 19:45:00,-0.09453390127617922
2018-06-24 19:48:00,-0.09445210423024264
2018-06-24 19:51:00,-0.1095030390246734
2018-06-24 19:54:00,0.03569039152546338
2018-06-24 19:57:00,-0.052067067333950945
2018-06-24 20:00:00,0.043261388280654955
2018-06-24 20:03:00,0.06298426129291101
2018-06-24 20:06:00,-0.0913736415741937
2018-06-24 20:09:00,-0.038511401447863136
2018-06-24 20:12:00,0.041514811442084465
2018-06-24 20:15:00,0.049722336073614315
2018-06-24 20:18:00,-0.028883339765002347
2018-06-24 20:21:00,-0.028073087266022867
2018-06-24 20:24:00,0.019411856670046745
2018-06-24 20:27:00,0.05473476537576971
2018-06-24 20:30:00,0.05373199040883492
2018-06-24 20:33:00,-0.006258207335690713
2018-06-24 20:36:00,-0.019028909225596635
2018-06-24 20:39:00,-0.02278358425121496
2018-06-24 20:42:00,-0.1604224205503897
2018-06-24 20:45:00,-0.08167313348593552
2018-06-24 20:48:00,0.014277654371426252
2018-06-24 20:51:00,-0.019239487418190038
2018-06-24 20:54:00,-0.08285324417010997
2018-06-24 20:57:00,-0.05702418589783065
2018-06-24 21:00:00,-0.13478896162274623
2018-06-24 21:03:00,-0.11026803873403423
2018-06-24 21:06:00,-0.1338473678246146
2018-06-24 21:09:00,-0.026472480601967163
2018-06-24 21:12:00,-0.05036230668645203
2018-06-24 21:15:00,-0.10669236108441282
2018-06-24 21:18:00,-0.0060051571944654825
2018-06-24 21:21:00,0.027222383414311935
2018-06-24 21:24:00,-0.12560730417379773
2018-06-24 21:27:00,-0.0657713185190687
2018-06-24 21:30:00,0.006471641385246585
2018-06-24 21:33:00,-0.09844988137763266
2018-06-24 21:36:00,-0.0706904127918051
2018-06-24 21:39:00,-0.10249700376630244
2018-06-24 21:42:00,-0.06488358931721905
2018-06-24 21:45:00,-0.09019857575952983
2018-06-24 21:48:00,-0.052346263537458526
2018-06-24 21:51:00,-0.07014214585501577
2018-06-24 21:54:00,-0.04642300948120237
2018-06-24 21:57:00,0.017789291488725212
2018-06-24 22:00:00,-0.015219182450550761
2018-06-24 22:03:00,-0.02884846885439174
2018-06-24 22:06:00,0.08391646597931413
2018-06-24 22:09:00,0.18134164975452904
2018-06-24 22:12:00,0.01313054897747179
2018-06-24 22:15:00,0.055338320848875355
2018-06-24 22:18:00,-0.029738790222438638
2018-06-24 22:21:00,-0.09909070312215817
2018-06-24 22:24:00,0.03271119880145079
2018-06-24 22:27:00,0.09775817632043982
2018-06-24 22:30:00,0.04055423469310426
2018-06-24 22:33:00,-0.033285661792206156
2018-06-24 22:36:00,0.07143744711760291
2018-06-24 22:39:00,0.07642982609382898
2018-06-24 22:42:00,0.08209450142851438
2018-06-24 22:45:00,0.1223895499098262
2018-06-24 22:48:00,0.10359636371032366
2018-06-24 22:51:00,0.10596631665157474
2018-06-24 22:54:00,0.10189936165380686
2018-06-24 22:57:00,0.0654511386677541
2018-06-24 23:00:00,0.032278148908687854
2018-06-24 23:03:00,0.015977445590863226
2018-06-24 23:06:00,0.09035316946830108
2018-06-24 23:09:00,0.13955383412047695
2018-06-24 23:12:00,0.08169815017134852
2018-06-24 23:15:00,0.11954367457252602
2018-06-24 23:18:00,0.21310674619428482
2018-06-24 23:21:00,0.16165997975321034
2018-06-24 23:24:00,0.200550794501396
2018-06-24 23:27:00,0.21753437455515723
2018-06-24 23:30:00,0.14789953545130174
2018-06-24 23:33:00,0.09592349006652512
2018-06-24 23:36:00,0.15436501027295435
2018-06-24 23:39:00,0.11473820898680742
2018-06-24 23:42:00,0.11927377487063495
2018-06-24 23:45:00,0.27766767252865066
2018-06-24 23:48:00,0.0912469893385719
2018-06-24 23:51:00,0.18244861361375797
2018-06-24 23:54:00,0.14318330495524378
2018-06-24 23:57:00,0.17405705130062188
2018-06-25 00:00:00,0.14018754876383355
2018-06-25 00:03:00,0.18825461819960765
2018-06-25 00:06:00,0.11280685036194882
2018-06-25 00:09:00,0.15853018141251596
2018-06-25 00:12:00,0.1930405698773825
2018-06-25 00:15:00,0.1656311351879367
2018-06-25 00:18:00,0.11085522032522022
2018-06-25 00:21:00,0.12832582375546053
2018-06-25 00:24:00,0.14100433972714654
2018-06-25 00:27:00,0.14299509030377067
2018-06-25 00:30:00,0.1601298365280286
2018-06-25 00:33:00,0.18968558530673363
2018-06-25 00:36:00,0.19023768000522523
2018-06-25 00:39:00,0.1351264280224882
2018-06-25 00:42:00,0.0888182099093342
2018-06-25 00:45:00,0.15129878556626863
2018-06-25 00:48:00,0.11991895486187332
2018-06-25 00:51:00,0.15732352805810024
2018-06-25 00:54:00,0.15991384679233533
2018-06-25 00:57:00,0.08320538777360298
2018-06-25 01:00:00,0.14648671646261846
2018-06-25 01:03:00,0.17474101097661787
2018-06-25 01:06:00,0.15373197844894548
2018-06-25 01:09:00,0.18063200288355574
2018-06-25 01:12:00,0.1956626851089709
2018-06-25 01:15:00,0.20993640282978276
2018-06-25 01:18:00,0.19700517550865015
2018-06-25 01:21:00,0.13849139128046772
2018-06-25 01:24:00,0.16234006885457575
2018-06-25 01:27:00,0.1839555004266913
2018-06-25 01:30:00,0.09421769748632869
2018-06-25 01:33:00,0.10212087620527655
2018-06-25 01:36:00,0.18180503542276938
2018-06-25 01:39:00,0.16142857353855788
2018-06-25 01:42:00,0.1109327927955519
2018-06-25 01:45:00,0.20261218290761462
2018-06-25 01:48:00,0.10566983797758667
2018-06-25 01:51:00,0.14440602545300862
2018-06-25 01:54:00,0.10415280102898805
2018-06-25 01:57:00,0.21120584447896817
2018-06-25 02:00:00,0.2498971159855614
2018-06-25 02:03:00,0.12413647641926673
2018-06-25 02:06:00,0.24812666199204614
2018-06-25 02:09:00,0.2537117146540595
2018-06-25 02:12:00,0.2007950097874982
2018-06-25 02:15:00,0.23866611003285243
2018-06-25 02:18:00,0.22540748791419674
2018-06-25 02:21:00,0.2279312805464997
2018-06-25 02:24:00,0.24172147344279438
2018-06-25 02:27:00,0.22977742220996333
2018-06-25 02:30:00,0.24662264238338594
2018-06-25 02:33:00,0.251002584985315
2018-06-25 02:36:00,0.2422350826753359
2018-06-25 02:39:00,0.15742238596970992
2018-06-25 02:42:00,0.0804868636164997
2018-06-25 02:45:00,0.060087791660919265
2018-06-25 02:48:00,0.2406933576000938
2018-06-25 02:51:00,0.12688591835944862
2018-06-25 02:54:00,0.17337014881564983
2018-06-25 02:57:00,0.1878359919952004
2018-06-25 03:00:00,0.09070662118170958
2018-06-25 03:03:00,0.24385919062098083
2018-06-25 03:06:00,0.2721898198421968
2018-06-25 03:09:00,0.25556277208272604
2018-06-25 03:12:00,0.2071161013207643
2018-06-25 03:15:00,0.2519262245627374
2018-06-25 03:18:00,0.09780890799618192
2018-06-25 03:21:00,0.17677493246128506
2018-06-25 03:24:00,0.22142951821876977
2018-06-25 03:27:00,0.25366309472588
2018-06-25 03:30:00,0.18448897270371845
2018-06-25 03:33:00,0.16259689648939002
2018-06-25 03:36:00,0.24367711980067952
2018-06-25 03:39:00,0.23809406061110394
2018-06-25 03:42:00,0.11281054331760743
2018-06-25 03:45:00,0.24627836429556282
2018-06-25 03:48:00,0.26972665853793387
2018-06-25 03:51:00,0.1872225208065288
2018-06-25 03:54:00,0.13208551889709952
2018-06-25 03:57:00,0.0516561133509299
2018-06-25 04:00:00,0.21094218956039867
2018-06-25 04:03:00,0.21169857374513867
2018-06-25 04:06:00,0.20708692709018806
2018-06-25 04:09:00,0.23819331631494833
2018-06-25 04:12:00,0.24319667702798142
2018-06-25 04:15:00,0.2521496686461546
2018-06-25 04:18:00,0.2564786023392571
2018-06-25 04:21:00,0.3148333080185921
2018-06-25 04:24:00,0.2689353198876461
2018-06-25 04:27:00,0.2947159765516858
2018-06-25 04:30:00,0.24755934941521218
2018-06-25 04:33:00,0.3162591024278072
2018-06-25 04:36:00,0.25466065669360205
2018-06-25 04:39:00,0.3278864384462281
2018-06-25 04:42:00,0.351340252467935
2018-06-25 04:45:00,0.1611669812413652
2018-06-25 04:48:00,0.3002043361601636
2018-06-25 04:51:00,0.26585346613700267
2018-06-25 04:54:00,0.3611171730817091
2018-06-25 04:57:00,0.2961645008523419
2018-06-25 05:00:00,0.26280801683827804
2018-06-25 05:03:00,0.3938876777331757
2018-06-25 05:06:00,0.35214014055128473
2018-06-25 05:09:00,0.38410582930129067
2018-06-25 05:12:00,0.2914329727125846
2018-06-25 05:15:00,0.3563236273773782
2018-06-25 05:18:00,0.34312458545366553
2018-06-25 05:21:00,0.31008283603421205
2018-06-25 05:24:00,0.32153551183535
2018-06-25 05:27:00,0.3278194155897154
2018-06-25 05:30:00,0.2990239056103974
2018-06-25 05:33:00,0.39698586258492696
2018-06-25 05:36:00,0.3380945822014496
2018-06-25 05:39:00,0.3623482918733316
2018-06-25 05:42:00,0.32071898713849123
2018-06-25 05:45:00,0.3279323071036515
2018-06-25 05:48:00,0.2502377932659101
2018-06-25 05:51:00,0.20707310066427453
2018-06-25 05:54:00,0.2572988333008652
2018-06-25 05:57:00,0.24072071037522846
2018-06-25 06:00:00,0.275915944231258
2018-06-25 06:03:00,0.250158949804586
2018-06-25 06:06:00,0.2710511719765236
2018-06-25 06:09:00,0.373470538730146
2018-06-25 06:12:00,0.3488776785133041
2018-06-25 06:15:00,0.22344236904899617
2018-06-25 06:18:00,0.35863796276726134
2018-06-25 06:21:00,0.46325443559902624
2018-06-25 06:24:00,0.3391003028450541
2018-06-25 06:27:00,0.21512569797698688
2018-06-25 06:30:00,0.35569338836057796
2018-06-25 06:33:00,0.2609860786664058
2018-06-25 06:36:00,0.3098842531891819
2018-06-25 06:39:00,0.29493065452140854
2018-06-25 06:42:00,0.22088677158365044
2018-06-25 06:45:00,0.2738201376575944
2018-06-25 06:48:00,0.21959653478268137
2018-06-25 06:51:00,0.28175067705478796
2018-06-25 06:54:00,0.29141989357788134
2018-06-25 06:57:00,0.34583114537264237
2018-06-25 07:00:00,0.30232005067858836
2018-06-25 07:03:00,0.24865281794404837
2018-06-25 07:06:00,0.27549185566090273
2018-06-25 07:09:00,0.29592973531453026
2018-06-25 07:12:00,0.32473160369852394
2018-06-25 07:15:00,0.35185667185209013
2018-06-25 07:18:00,0.3020813562966964
2018-06-25 07:21:00,0.31128404786716146
2018-06-25 07:24:00,0.1965790506991425
2018-06-25 07:27:00,0.27104483150520764
2018-06-25 07:30:00,0.29992526964304034
2018-06-25 07:33:00,0.23314916106414785
2018-06-25 07:36:00,0.285923418238724
2018-06-25 07:39:00,0.17430929903400738
2018-06-25 07:42:00,0.2004863765250775
2018-06-25 07:45:00,0.20960235744689726
2018-06-25 07:48:00,0.13666899780207586
2018-06-25 07:51:00,0.24727287659328567
2018-06-25 07:54:00,0.27049106377279486
2018-06-25 07:57:00,0.16606597426772396
2018-06-25 08:00:00,0.18670107756730658
2018-06-25 08:03:00,0.15243356154076082
2018-06-25 08:06:00,0.19706323606959586
2018-06-25 08:09:00,0.14524132083067798
2018-06-25 08:12:00,0.25785794950706986
2018-06-25 08:15:00,0.21983308152368863
2018-06-25 08:18:00,0.17955655726876785
2018-06-25 08:21:00,0.21637067838429402
2018-06-25 08:24:00,0.15646852947395473
2018-06-25 08:27:00,0.17467970496585394
2018-06-25 08:30:00,0.16333684959903394
2018-06-25 08:33:00,0.12230001952508474
2018-06-25 08:36:00,0.11904321082539582
2018-06-25 08:39:00,0.12659554948425011
2018-06-25 08:42:00,0.0752785248607779
2018-06-25 08:45:00,0.028199018453733515
2018-06-25 08:48:00,0.09171158892877429
2018-06-25 08:51:00,0.05655535859381189
2018-06-25 08:54:00,0.0064004124546386265
2018-06-25 08:57:00,0.06287118403275826
2018-06-25 09:00:00,0.01954083139452223
2018-06-25 09:03:00,-0.0016286112120269536
2018-06-25 09:06:00,0.04106597824562641
2018-06-25 09:09:00,-0.06393055146020288
2018-06-25 09:12:00,-0.0818481584684605
2018-06-25 09:15:00,-0.13624802167913685
2018-06-25 09:18:00,-0.06756939042145405
2018-06-25 09:21:00,-0.1739799991070754
2018-06-25 09:24:00,-0.14880695241032527
2018-06-25 09:27:00,-0.13607669893798402
2018-06-25 09:30:00,-0.06820749375856394
2018-06-25 09:33:00,-0.12364684981656637
2018-06-25 09:36:00,-0.09786509217838102
2018-06-25 09:39:00,-0.1612995938874633
2018-06-25 09:42:00,-0.21720938321396943
2018-06-25 09:45:00,-0.158668386539091
2018-06-25 09:48:00,-0.1812619040074992
2018-06-25 09:51:00,-0.18946756699074285
2018-06-25 09:54:00,-0.13882508437615115
2018-06-25 09:57:00,-0.15084498967019044
2018-06-25 10:00:00,-0.17292098422205981
2018-06-25 10:03:00,-0.13588223268601496
2018-06-25 10:06:00,-0.19225860585174814
2018-06-25 10:09:00,-0.301041901322435
2018-06-25 10:12:00,-0.2980896892066198
2018-06-25 10:15:00,-0.20444486731355482
2018-06-25 10:18:00,-0.11545564790588969
2018-06-25 10:21:00,-0.1573623905541126
2018-06-25 10:24:00,-0.08528349694086046
2018-06-25 10:27:00,-0.1887062480392956
2018-06-25 10:30:00,-0.22193438015818856
2018-06-25 10:33:00,-0.2152332084194768
2018-06-25 10:36:00,-0.18427919502647683
2018-06-25 10:39:00,-0.12172397273178603
2018-06-25 10:42:00,-0.0729780531344204
2018-06-25 10:45:00,-0.14962228551286216
2018-06-25 10:48:00,-0.13208366035723884
2018-06-25 10:51:00,-0.08264348564199508
2018-06-25 10:54:00,-0.11354124990219816
2018-06-25 10:57:00,-0.24787179189024755
2018-06-25 11:00:00,-0.25646278544712686
2018-06-25 11:03:00,-0.26144511219831656
2018-06-25 11:06:00,-0.1986547192043986
2018-06-25 11:09:00,-0.2448957641683478
2018-06-25 11:12:00,-0.22302627375717066
2018-06-25 11:15:00,-0.21898544155800437
2018-06-25 11:18:00,-0.31940922706957053
2018-06-25 11:21:00,-0.2944758672938974
2018-06-25 11:24:00,-0.2633781323629023
2018-06-25 11:27:00,-0.41644352038014176
2018-06-25 11:30:00,-0.32253365541419043
2018-06-25 11:33:00,-0.35833440651572346
2018-06-25 11:36:00,-0.29852449221982624
2018-06-25 11:39:00,-0.19576088811061254
2018-06-25 11:42:00,-0.29203547418364906
2018-06-25 11:45:00,-0.30340173968994577
2018-06-25 11:48:00,-0.3288408936085716
2018-06-25 11:51:00,-0.1509216361577046
2018-06-25 11:54:00,-0.25433024437182894
2018-06-25 11:57:00,-0.3770486488865572
2018-06-25 12:00:00,-0.39931211479802187
2018-06-25 12:03:00,-0.20652161239286215
2018-06-25 12:06:00,-0.2900979543243807
2018-06-25 12:09:00,-0.38836640172826264
2018-06-25 12:12:00,-0.2956874581233251
2018-06-25 12:15:00,-0.3736995393321081
2018-06-25 12:18:00,-0.28602197260579487
2018-06-25 12:21:00,-0.36287752284601993
2018-06-25 12:24:00,-0.29559955446740105
2018-06-25 12:27:00,-0.3854607243721375
2018-06-25 12:30:00,-0.4143318308528592
2018-06-25 12:33:00,-0.432184047237854
2018-06-25 12:36:00,-0.4999798516254259
2018-06-25 12:39:00,-0.48699710603017365
2018-06-25 12:42:00,-0.5516696501788942
2018-06-25 12:45:00,-0.46157796369038806
2018-06-25 12:48:00,-0.40969606531587033
2018-06-25 12:51:00,-0.5036601664460818
2018-06-25 12:54:00,-0.4604807917323228
2018-06-25 12:57:00,-0.4780998144548789
2018-06-25 13:00:00,-0.2784958360970222
2018-06-25 13:03:00,-0.4452638779694098
2018-06-25 13:06:00,-0.4315090813386746
2018-06-25 13:09:00,-0.37123987042934914
2018-06-25 13:12:00,-0.4113266105986213
2018-06-25 13:15:00,-0.4802573361124587
2018-06-25 13:18:00,-0.49275123325014647
2018-06-25 13:21:00,-0.5001047042673576
2018-06-25 13:24:00,-0.43972040155500736
2018-06-25 13:27:00,-0.42947408300091183
2018-06-25 13:30:00,-0.5396121306361579
2018-06-25 13:33:00,-0.5415378323395998
2018-06-25 13:36:00,-0.5090283448212176
2018-06-25 13:39:00,-0.5801336737796419
2018-06-25 13:42:00,-0.473519496944391
2018-06-25 13:45:00,-0.5023233844310653
2018-06-25 13:48:00,-0.5476673469930802
2018-06-25 13:51:00,-0.5872048259725489
2018-06-25 13:54:00,-0.5257425403460729
2018-06-25 13:57:00,-0.6189060442824257
2018-06-25 14:00:00,-0.6508346531862799
2018-06-25 14:03:00,-0.49660761995016856
2018-06-25 14:06:00,-0.5388954337270206
2018-06-25 14:09:00,-0.5728975788811113
2018-06-25 14:12:00,-0.5920313350672473
2018-06-25 14:15:00,-0.4978694237225909
2018-06-25 14:18:00,-0.5844302792071971
2018-06-25 14:21:00,-0.5807899285308054
2018-06-25 14:24:00,-0.5201438974119696
2018-06-25 14:27:00,-0.5562941090647655
2018-06-25 14:30:00,-0.5107422102574901
2018-06-25 14:33:00,-0.5583131007988982
2018-06-25 14:36:00,-0.589376512902561
2018-06-25 14:39:00,-0.522314008527303
2018-06-25 14:42:00,-0.583010233804373
2018-06-25 14:45:00,-0.632781881388496
2018-06-25 14:48:00,-0.5728340115875881
2018-06-25 14:51:00,-0.4752106766552515
2018-06-25 14:54:00,-0.560539948920507
2018-06-25 14:57:00,-0.5256198278601119
2018-06-25 15:00:00,-0.641660545996217
2018-06-25 15:03:00,-0.49634874317791855
2018-06-25 15:06:00,-0.5236485643725359
2018-06-25 15:09:00,-0.6056350000790189
2018-06-25 15:12:00,-0.4617289448824522
2018-06-25 15:15:00,-0.5976426269514832
2018-06-25 15:18:00,-0.5324744806291051
2018-06-25 15:21:00,-0.4968333387862458
2018-06-25 15:24:00,-0.6086244214542944
2018-06-25 15:27:00,-0.633529413652866
2018-06-25 15:30:00,-0.5208323082273978
2018-06-25 15:33:00,-0.5471297201099787
2018-06-25 15:36:00,-0.5791586091731347
2018-06-25 15:39:00,-0.5517815282727838
2018-06-25 15:42:00,-0.5681874616624896
2018-06-25 15:45:00,-0.610003009221316
2018-06-25 15:48:00,-0.4769290393094252
2018-06-25 15:51:00,-0.5458396484928016
2018-06-25 15:54:00,-0.6057480885469317
2018-06-25 15:57:00,-0.4761355548764641
2018-06-25 16:00:00,-0.5454175847851275
2018-06-25 16:03:00,-0.5554148168702682
2018-06-25 16:06:00,-0.5737633577969632
2018-06-25 16:09:00,-0.49789246000625553
2018-06-25 16:12:00,-0.6793768146174557
2018-06-25 16:15:00,-0.505387573116991
2018-06-25 16:18:00,-0.5379362803244021
2018-06-25 16:21:00,-0.4786013352625105
2018-06-25 16:24:00,-0.49927680253938433
2018-06-25 16:27:00,-0.4464753672590973
2018-06-25 16:30:00,-0.47371255102490295
2018-06-25 16:33:00,-0.4592931036681307
2018-06-25 16:36:00,-0.322454646379299
2018-06-25 16:39:00,-0.5620319653065167
2018-06-25 16:42:00,-0.5845060458682951
2018-06-25 16:45:00,-0.3778208563290377
2018-06-25 16:48:00,-0.41890987183847983
2018-06-25 16:51:00,-0.5593820280763566
2018-06-25 16:54:00,-0.47996685836523056
2018-06-25 16:57:00,-0.593956036841746
2018-06-25 17:00:00,-0.550483652057153
2018-06-25 17:03:00,-0.5648397306549668
2018-06-25 17:06:00,-0.45650107045827326
2018-06-25 17:09:00,-0.5403975099193872
2018-06-25 17:12:00,-0.4546782224303456
2018-06-25 17:15:00,-0.5602012955669124
2018-06-25 17:18:00,-0.4619229180347588
2018-06-25 17:21:00,-0.427805253231611
2018-06-25 17:24:00,-0.5210247306631004
2018-06-25 17:27:00,-0.46435705644336167
2018-06-25 17:30:00,-0.5939788523071456
2018-06-25 17:33:00,-0.46554014409787214
2018-06-25 17:36:00,-0.5702529863577297
2018-06-25 17:39:00,-0.5974474011954385
2018-06-25 17:42:00,-0.5466109586253083
2018-06-25 17:45:00,-0.6081632961478363
2018-06-25 17:48:00,-0.5033826493743163
2018-06-25 17:51:00,-0.5505544145304384
2018-06-25 17:54:00,-0.5395846714984032
2018-06-25 17:57:00,-0.40826177972331834
2018-06-25 18:00:00,-0.5061974575065733
2018-06-25 18:03:00,-0.49722716222368035
2018-06-25 18:06:00,-0.41926601860154733
2018-06-25 18:09:00,-0.289783689000501
2018-06-25 18:12:00,-0.3214064211846903
2018-06-25 18:15:00,-0.2910943076777244
2018-06-25 18:18:00,-0.44966237704903733
2018-06-25 18:21:00,-0.3035143560998108
2018-06-25 18:24:00,-0.2961187446148301
2018-06-25 18:27:00,-0.3824882588070295
2018-06-25 18:30:00,-0.33119023793744873
2018-06-25 18:33:00,-0.38052663738670844
2018-06-25 18:36:00,-0.39142425160508765
2018-06-25 18:39:00,-0.3378236060226527
2018-06-25 18:42:00,-0.342439637653456
2018-06-25 18:45:00,-0.3529477556287475
2018-06-25 18:48:00,-0.2626653160422734
2018-06-25 18:51:00,-0.20898091926511597
2018-06-25 18:54:00,
2018-06-25 18:57:00,
2018-06-25 19:00:00,
2018-06-25 19:03:00,-0.10718263330477384
2018-06-25 19:06:00,-0.1927304447909819
2018-06-25 19:09:00,-0.2147242233279485
2018-06-25 19:12:00,-0.1316674433454068
2018-06-25 19:15:00,-0.32132351916169455
2018-06-25 19:18:00,-0.1396440018386329
2018-06-25 19:21:00,-0.1499021180877662
2018-06-25 19:24:00,-0.14408604419440962
2018-06-25 19:27:00,-0.27716418199310056
2018-06-25 19:30:00,-0.16986412338741275
2018-06-25 19:33:00,-0.16386627045187652
2018-06-25 19:36:00,-0.2289410706976014
2018-06-25 19:39:00,-0.2746962949005365
2018-06-25 19:42:00,-0.1592338684155834
2018-06-25 19:45:00,-0.17781293041224444
2018-06-25 19:48:00,-0.19988257856630298
2018-06-25 19:51:00,-0.1232743147063502
2018-06-25 19:54:00,-0.19860101823769583
2018-06-25 19:57:00,-0.15395877439436845
2018-06-25 20:00:00,-0.10071559775497008
2018-06-25 20:03:00,-0.16182014710432213
2018-06-25 20:06:00,-0.19434245357984992
2018-06-25 20:09:00,-0.18405216798106494
2018-06-25 20:12:00,-0.1334020098290125
2018-06-25 20:15:00,-0.2765964854984304
2018-06-25 20:18:00,-0.15695291056039196
2018-06-25 20:21:00,-0.10330385388681407
2018-06-25 20:24:00,0.003258737887733787
2018-06-25 20:27:00,-0.10262393694159755
2018-06-25 20:30:00,0.043100425985869606
2018-06-25 20:33:00,-0.08321659408318283
2018-06-25 20:36:00,-0.08067035023236713
2018-06-25 20:39:00,-0.1068424746510459
2018-06-25 20:42:00,-0.10595227049469713
2018-06-25 20:45:00,-0.10250717858360758
2018-06-25 20:48:00,-0.2609571921848328
2018-06-25 20:51:00,-0.1790960226084053
2018-06-25 20:54:00,-0.1048167432765581
2018-06-25 20:57:00,-0.20400133944622212
2018-06-25 21:00:00,-0.15918827458108353
2018-06-25 21:03:00,-0.14619715916950327
2018-06-25 21:06:00,-0.1201357432996133
2018-06-25 21:09:00,-0.11014540246583238
2018-06-25 21:12:00,-0.038025410909142465
2018-06-25 21:15:00,-0.14733111161012857
2018-06-25 21:18:00,-0.09461251484282229
2018-06-25 21:21:00,-0.18025452817391852
2018-06-25 21:24:00,-0.04405037691793723
2018-06-25 21:27:00,-0.15184113757629802
2018-06-25 21:30:00,-0.10195916139491601
2018-06-25 21:33:00,-0.021050107426617615
2018-06-25 21:36:00,-0.037897697540017816
2018-06-25 21:39:00,-0.017304880020788005
2018-06-25 21:42:00,-0.1040538523233181
2018-06-25 21:45:00,-0.02487882262164476
2018-06-25 21:48:00,-0.049826079694867076
2018-06-25 21:51:00,0.04070948045819023
2018-06-25 21:54:00,-0.026160018990083245
2018-06-25 21:57:00,0.035899378892452205
2018-06-25 22:00:00,-0.03318827600202212
2018-06-25 22:03:00,-0.006766012574473734
2018-06-25 22:06:00,0.009213247711841177
2018-06-25 22:09:00,0.056607572505299686
2018-06-25 22:12:00,0.1448371754972868
2018-06-25 22:15:00,0.10264654856428024
2018-06-25 22:18:00,0.15491747304730552
2018-06-25 22:21:00,0.0855808500995181
2018-06-25 22:24:00,0.06151568251527806
2018-06-25 22:27:00,0.42876326769618345
2018-06-25 22:30:00,0.2639941871947258
2018-06-25 22:33:00,0.2687559737964307
2018-06-25 22:36:00,0.0996755306587147
2018-06-25 22:39:00,0.06702071039762814
2018-06-25 22:42:00,0.055835581919552624
2018-06-25 22:45:00,0.15344236743118245
2018-06-25 22:48:00,0.015962858302373206
2018-06-25 22:51:00,0.09591090509934475
2018-06-25 22:54:00,0.09091943082910348
2018-06-25 22:57:00,0.161331806207329
2018-06-25 23:00:00,0.2147298644725879
2018-06-25 23:03:00,0.28176593318306686
2018-06-25 23:06:00,0.1346532749358289
2018-06-25 23:09:00,0.2554652031677733
2018-06-25 23:12:00,0.22281663023210285
2018-06-25 23:15:00,0.23966940246918966
2018-06-25 23:18:00,0.20374333116831167
2018-06-25 23:21:00,0.20073534802264703
2018-06-25 23:24:00,0.13332013276692578
2018-06-25 23:27:00,0.05691693232495254
2018-06-25 23:30:00,0.15121994291359897
2018-06-25 23:33:00,0.1582945034181762
2018-06-25 23:36:00,0.13302381529666718
2018-06-25 23:39:00,0.1608246727222422
2018-06-25 23:42:00,0.08992897222134388
2018-06-25 23:45:00,0.1547471564845182
2018-06-25 23:48:00,0.13379636107453052
2018-06-25 23:51:00,0.2502331096179091
2018-06-25 23:54:00,0.12870782515290102
2018-06-25 23:57:00,0.211405338347447
2018-06-26 00:00:00,0.17429495046690135
2018-06-26 00:03:00,0.18045459594816293
2018-06-26 00:06:00,0.19499098515666446
2018-06-26 00:09:00,0.18376544765629887
2018-06-26 00:12:00,0.15516096638054933
2018-06-26 00:15:00,0.19145421615547775
2018-06-26 00:18:00,0.1355533195580847
2018-06-26 00:21:00,0.12117119726889314
2018-06-26 00:24:00,0.20468359208848597
2018-06-26 00:27:00,0.1548164332849069
2018-06-26 00:30:00,0.20892550029611812
2018-06-26 00:33:00,0.15179168764495898
2018-06-26 00:36:00,0.17346930525593507
2018-06-26 00:39:00,0.16869244036996633
2018-06-26 00:42:00,0.120870102356605
2018-06-26 00:45:00,0.28121108552051055
2018-06-26 00:48:00,0.20506451021947214
2018-06-26 00:51:00,0.19001438000202597
2018-06-26 00:54:00,0.31208826225105213
2018-06-26 00:57:00,0.3008832388053406
2018-06-26 01:00:00,0.2603893808794169
2018-06-26 01:03:00,0.3025777508092915
2018-06-26 01:06:00,0.25358183400646794
2018-06-26 01:09:00,0.26856473969803574
2018-06-26 01:12:00,0.3053882390565832
2018-06-26 01:15:00,0.21204314079750475
2018-06-26 01:18:00,0.17636199259493424
2018-06-26 01:21:00,0.2997455313771411
2018-06-26 01:24:00,0.2317096748194558
2018-06-26 01:27:00,0.25730243250444573
2018-06-26 01:30:00,0.2620283796193803
2018-06-26 01:33:00,0.2022221628965326
2018-06-26 01:36:00,0.24652244572291693
2018-06-26 01:39:00,0.30636296392594886
2018-06-26 01:42:00,0.32790689496602
2018-06-26 01:45:00,0.31629572230161784
2018-06-26 01:48:00,0.2485588863938233
2018-06-26 01:51:00,0.2927531935113734
2018-06-26 01:54:00,0.29139287052743157
2018-06-26 01:57:00,0.23890100242533663
2018-06-26 02:00:00,0.24060545477863116
2018-06-26 02:03:00,0.31363465017136605
2018-06-26 02:06:00,0.2696993309407958
2018-06-26 02:09:00,0.25023337156613934
2018-06-26 02:12:00,0.2307843464072903
2018-06-26 02:15:00,0.2619199062339703
2018-06-26 02:18:00,0.19277222306635622
2018-06-26 02:21:00,0.23145325330852984
2018-06-26 02:24:00,0.18722884443803878
2018-06-26 02:27:00,0.1424453539652859
2018-06-26 02:30:00,0.15782483777911693
2018-06-26 02:33:00,0.33636114157548036
2018-06-26 02:36:00,0.2198958895461942
2018-06-26 02:39:00,0.25929228385376746
2018-06-26 02:42:00,0.25948954106468136
2018-06-26 02:45:00,0.31427866233553914
2018-06-26 02:48:00,0.12134782584638515
2018-06-26 02:51:00,0.28834401607878135
2018-06-26 02:54:00,0.263509556039935
2018-06-26 02:57:00,0.328238965112007
2018-06-26 03:00:00,0.34485085574522145
2018-06-26 03:03:00,0.37232379861490017
2018-06-26 03:06:00,0.29772272021085655
2018-06-26 03:09:00,0.3900430322280499
2018-06-26 03:12:00,0.31160163206055813
2018-06-26 03:15:00,0.32040321118284965
2018-06-26 03:18:00,0.3072475702842894
2018-06-26 03:21:00,0.34776098198165073
2018-06-26 03:24:00,0.20030638192366723
2018-06-26 03:27:00,0.35443057506068953
2018-06-26 03:30:00,0.28243506774992966
2018-06-26 03:33:00,0.3602053500497391
2018-06-26 03:36:00,0.4148770272154252
2018-06-26 03:39:00,0.28991683396247936
2018-06-26 03:42:00,0.2524827458224763
2018-06-26 03:45:00,0.2589666236716539
2018-06-26 03:48:00,0.2613086560771194
2018-06-26 03:51:00,0.3192422867691107
2018-06-26 03:54:00,0.38372955016029664
2018-06-26 03:57:00,0.30292320250981675
2018-06-26 04:00:00,0.3239527259619308
2018-06-26 04:03:00,0.2866881288495051
2018-06-26 04:06:00,0.26955356993886426
2018-06-26 04:09:00,0.24970379063387327
2018-06-26 04:12:00,0.25075649332467265
2018-06-26 04:15:00,0.3156181001340883
2018-06-26 04:18:00,0.31925946421131357
2018-06-26 04:21:00,0.3536542126958011
2018-06-26 04:24:00,0.3430144525124774
2018-06-26 04:27:00,0.336104163038101
2018-06-26 04:30:00,0.29259169048805234
2018-06-26 04:33:00,0.3342843195528644
2018-06-26 04:36:00,0.3610320938880136
2018-06-26 04:39:00,0.2654545780087574
2018-06-26 04:42:00,0.2530606766138135
2018-06-26 04:45:00,0.4179319529675354
2018-06-26 04:48:00,0.33860761927417116
2018-06-26 04:51:00,0.36401887991843296
2018-06-26 04:54:00,0.44517030796879453
2018-06-26 04:57:00,0.3246549272342918
2018-06-26 05:00:00,0.3144802999736953
2018-06-26 05:03:00,0.3856290161555762
2018-06-26 05:06:00,0.3291004739140817
2018-06-26 05:09:00,0.34747947182711414
2018-06-26 05:12:00,0.3386473566311565
2018-06-26 05:15:00,0.45904147196881695
2018-06-26 05:18:00,0.36137464046561263
2018-06-26 05:21:00,0.37026849981435817
2018-06-26 05:24:00,0.36278408893753067
2018-06-26 05:27:00,0.27233041608013764
2018-06-26 05:30:00,0.34441135338045115
2018-06-26 05:33:00,0.3338586080616892
2018-06-26 05:36:00,0.35306857381505097
2018-06-26 05:39:00,0.28622291187701876
2018-06-26 05:42:00,0.3340883095633558
2018-06-26 05:45:00,0.23680090401484222
2018-06-26 05:48:00,0.2712009256732131
2018-06-26 05:51:00,0.36653080395984716
2018-06-26 05:54:00,0.29116926062562243
2018-06-26 05:57:00,0.28598149898959946
2018-06-26 06:00:00,0.3347902878107334
2018-06-26 06:03:00,0.2802777258955871
2018-06-26 06:06:00,0.30477381135170845
2018-06-26 06:09:00,0.36194129819386944
2018-06-26 06:12:00,0.39245284189911445
2018-06-26 06:15:00,0.25909795893124965
2018-06-26 06:18:00,0.4111024769330811
2018-06-26 06:21:00,0.3940509556555867
2018-06-26 06:24:00,0.27299745664930697
2018-06-26 06:27:00,0.24924755902486595
2018-06-26 06:30:00,0.3355650583890224
2018-06-26 06:33:00,0.2714030487321679
2018-06-26 06:36:00,0.30164428181672065
2018-06-26 06:39:00,0.26228189498527854
2018-06-26 06:42:00,0.3297974396230643
2018-06-26 06:45:00,0.3366141333133328
2018-06-26 06:48:00,0.30696070559230293
2018-06-26 06:51:00,0.36636568584043516
2018-06-26 06:54:00,0.2893050347855137
2018-06-26 06:57:00,0.43080089999961046
2018-06-26 07:00:00,0.3462921323796877
2018-06-26 07:03:00,0.3562842162251627
2018-06-26 07:06:00,0.35876249317692555
2018-06-26 07:09:00,0.2632460732170898
2018-06-26 07:12:00,0.28561110729367556
2018-06-26 07:15:00,0.36403464479263903
2018-06-26 07:18:00,0.40381115088172237
2018-06-26 07:21:00,0.26466378218663067
2018-06-26 07:24:00,0.287832781425152
2018-06-26 07:27:00,0.3443875903644198
2018-06-26 07:30:00,0.2313217784484891
2018-06-26 07:33:00,0.2499577302382363
2018-06-26 07:36:00,0.29557714155561143
2018-06-26 07:39:00,0.2315024430308199
2018-06-26 07:42:00,0.22509920261188654
2018-06-26 07:45:00,0.32915693987922623
2018-06-26 07:48:00,0.3052785759896892
2018-06-26 07:51:00,0.35022259571422865
2018-06-26 07:54:00,0.23598026390482119
2018-06-26 07:57:00,0.15797353437488937
2018-06-26 08:00:00,0.2389460508968
2018-06-26 08:03:00,0.15386738531401534
2018-06-26 08:06:00,0.2675082116350609
2018-06-26 08:09:00,0.19087749697445133
2018-06-26 08:12:00,0.2377352880852186
2018-06-26 08:15:00,0.19900130930108162
2018-06-26 08:18:00,0.341569913647902
2018-06-26 08:21:00,0.24998607414346452
2018-06-26 08:24:00,0.21313403269977016
2018-06-26 08:27:00,0.18030714329808006
2018-06-26 08:30:00,0.1996203117132609
2018-06-26 08:33:00,0.17376495764557376
2018-06-26 08:36:00,0.13467183847370734
2018-06-26 08:39:00,0.2094080755275627
2018-06-26 08:42:00,0.1520812482329461
2018-06-26 08:45:00,0.19788479325228536
2018-06-26 08:48:00,0.09349393066008815
2018-06-26 08:51:00,0.17620294620161303
2018-06-26 08:54:00,0.045968125238289304
2018-06-26 08:57:00,-0.03704473885665038
2018-06-26 09:00:00,0.033473092851295405
2018-06-26 09:03:00,0.008976938547903046
2018-06-26 09:06:00,0.01655069696062128
2018-06-26 09:09:00,0.017566689353543552
2018-06-26 09:12:00,0.010722525092376145
2018-06-26 09:15:00,0.040862185248784044
2018-06-26 09:18:00,-0.0731600456604724
2018-06-26 09:21:00,-0.004161596988694782
2018-06-26 09:24:00,0.002121625689312623
2018-06-26 09:27:00,-0.11494557594369326
2018-06-26 09:30:00,-0.026884481394745308
2018-06-26 09:33:00,-0.14361215260993276
2018-06-26 09:36:00,-0.035084218516090004
2018-06-26 09:39:00,-0.1627427550029097
2018-06-26 09:42:00,-0.09096368036671265
2018-06-26 09:45:00,-0.13991033189506652
2018-06-26 09:48:00,-0.09223515823134676
2018-06-26 09:51:00,-0.11412331054197011
2018-06-26 09:54:00,-0.12913612695524535
2018-06-26 09:57:00,-0.22895821121795734
2018-06-26 10:00:00,-0.17072202919820256
2018-06-26 10:03:00,-0.23934790415853513
2018-06-26 10:06:00,-0.22266665951900677
2018-06-26 10:09:00,-0.21014444233145468
2018-06-26 10:12:00,-0.1822589381617945
2018-06-26 10:15:00,-0.19268986213558037
2018-06-26 10:18:00,-0.22828490889446584
2018-06-26 10:21:00,-0.1960862471892142
2018-06-26 10:24:00,-0.3041310002639648
2018-06-26 10:27:00,-0.25765850746870456
2018-06-26 10:30:00,-0.2283680186154129
2018-06-26 10:33:00,-0.28236922672897435
2018-06-26 10:36:00,-0.317581200519669
2018-06-26 10:39:00,-0.26261471726496666
2018-06-26 10:42:00,-0.2826623254644005
2018-06-26 10:45:00,-0.27347714227579445
2018-06-26 10:48:00,-0.32794540890205326
2018-06-26 10:51:00,-0.23097305800195045
2018-06-26 10:54:00,-0.23832955919289134
2018-06-26 10:57:00,-0.33286586644032923
2018-06-26 11:00:00,-0.327294939181229
2018-06-26 11:03:00,-0.26252729792821583
2018-06-26 11:06:00,-0.13510873399974344
2018-06-26 11:09:00,-0.2677443775012307
2018-06-26 11:12:00,-0.28443041759555854
2018-06-26 11:15:00,-0.2925017303686559
2018-06-26 11:18:00,-0.2611563146937783
2018-06-26 11:21:00,-0.33333056237455594
2018-06-26 11:24:00,-0.24951028654265883
2018-06-26 11:27:00,-0.39362385372805875
2018-06-26 11:30:00,-0.36685478670659677
2018-06-26 11:33:00,-0.3026116311981468
2018-06-26 11:36:00,-0.20235599100544732
2018-06-26 11:39:00,-0.36149361456392626
2018-06-26 11:42:00,-0.33909698142946354
2018-06-26 11:45:00,-0.3679406444439337
2018-06-26 11:48:00,-0.22039008901498391
2018-06-26 11:51:00,-0.24186835738765922
2018-06-26 11:54:00,-0.18338249838342335
2018-06-26 11:57:00,-0.15641533686238063
2018-06-26 12:00:00,-0.26489526847529987
2018-06-26 12:03:00,-0.3149284786657631
2018-06-26 12:06:00,-0.4780630965692012
2018-06-26 12:09:00,-0.349775450971606
2018-06-26 12:12:00,-0.35230449231244165
2018-06-26 12:15:00,-0.33802660412641217
2018-06-26 12:18:00,-0.4391663714401375
2018-06-26 12:21:00,-0.43457395520022146
2018-06-26 12:24:00,-0.46234578297293183
2018-06-26 12:27:00,-0.46256168489094307
2018-06-26 12:30:00,-0.36771076338595776
2018-06-26 12:33:00,-0.3440959091679474
2018-06-26 12:36:00,-0.2436190258929969
2018-06-26 12:39:00,-0.28541475087035906
2018-06-26 12:42:00,-0.2786660446002429
2018-06-26 12:45:00,-0.18775621742224757
2018-06-26 12:48:00,-0.2378961174701999
2018-06-26 12:51:00,-0.27854836748213074
2018-06-26 12:54:00,-0.3296618870245993
2018-06-26 12:57:00,-0.3943568981987937
2018-06-26 13:00:00,-0.49459613527295687
2018-06-26 13:03:00,-0.3688421931213952
2018-06-26 13:06:00,-0.4476110070274899
2018-06-26 13:09:00,-0.334373248605516
2018-06-26 13:12:00,-0.3931656538242123
2018-06-26 13:15:00,-0.3437692149806253
2018-06-26 13:18:00,-0.3794900364706564
2018-06-26 13:21:00,-0.48815388120357284
2018-06-26 13:24:00,-0.5370386492924126
2018-06-26 13:27:00,-0.5197488918444719
2018-06-26 13:30:00,-0.5583112217673829
2018-06-26 13:33:00,-0.3621065179613083
2018-06-26 13:36:00,-0.29223011796420906
2018-06-26 13:39:00,-0.35111815489955234
2018-06-26 13:42:00,-0.3786510097490918
2018-06-26 13:45:00,-0.495373871610127
2018-06-26 13:48:00,-0.3545188205720251
2018-06-26 13:51:00,-0.25557729230700943
2018-06-26 13:54:00,-0.31270119088713955
2018-06-26 13:57:00,-0.2980623831255116
2018-06-26 14:00:00,-0.31114640763803436
2018-06-26 14:03:00,-0.1265422866453605
2018-06-26 14:06:00,-0.14869525117643434
2018-06-26 14:09:00,-0.3209331887456415
2018-06-26 14:12:00,-0.26593545870269963
2018-06-26 14:15:00,-0.329617959280597
2018-06-26 14:18:00,-0.3586601893610464
2018-06-26 14:21:00,-0.424311039449492
2018-06-26 14:24:00,-0.5327463909363814
2018-06-26 14:27:00,-0.517095379954867
2018-06-26 14:30:00,-0.31334576076983467
2018-06-26 14:33:00,-0.40126971597192096
2018-06-26 14:36:00,-0.3448950559555328
2018-06-26 14:39:00,-0.4612300904706217
2018-06-26 14:42:00,-0.5368340741032966
2018-06-26 14:45:00,-0.2720234023751118
2018-06-26 14:48:00,-0.6295848112802105
2018-06-26 14:51:00,-0.49822188608021634
2018-06-26 14:54:00,-0.5144818854464575
2018-06-26 14:57:00,-0.4633555435815424
2018-06-26 15:00:00,-0.2575555454104119
2018-06-26 15:03:00,-0.2957781129347268
2018-06-26 15:06:00,-0.3845036860645905
2018-06-26 15:09:00,-0.40755706110434176
2018-06-26 15:12:00,-0.334961475569969
2018-06-26 15:15:00,-0.4780140183200956
2018-06-26 15:18:00,-0.4244338479873022
2018-06-26 15:21:00,-0.3586329340520251
2018-06-26 15:24:00,-0.21247848891255217
2018-06-26 15:27:00,-0.19765519314591984
2018-06-26 15:30:00,-0.3307660103899934
2018-06-26 15:33:00,-0.40293375597161685
2018-06-26 15:36:00,-0.5263678390246582
2018-06-26 15:39:00,-0.3983988531311411
2018-06-26 15:42:00,-0.3289229873264503
2018-06-26 15:45:00,-0.4156306428226344
2018-06-26 15:48:00,-0.3910287121632905
2018-06-26 15:51:00,-0.294974296301973
2018-06-26 15:54:00,-0.15192016462924585
2018-06-26 15:57:00,-0.1279550538733929
2018-06-26 16:00:00,-0.13869686062957953
2018-06-26 16:03:00,-0.09919072210243485
2018-06-26 16:06:00,0.04169464407533496
2018-06-26 16:09:00,-0.02800882818826267
2018-06-26 16:12:00,-0.032434247914352454
2018-06-26 16:15:00,0.14874505812218786
2018-06-26 16:18:00,0.14482833291174302
2018-06-26 16:21:00,0.15327497712439708
2018-06-26 16:24:00,0.18632153024225317
2018-06-26 16:27:00,0.27750316232129535
2018-06-26 16:30:00,0.34592371551974566
2018-06-26 16:33:00,0.41173790522407216
2018-06-26 16:36:00,0.3917423204129591
2018-06-26 16:39:00,0.30155541832669996
2018-06-26 16:42:00,0.23467489982402867
2018-06-26 16:45:00,0.16077287613018143
2018-06-26 16:48:00,0.09661986248369203
2018-06-26 16:51:00,0.10520033430520925
2018-06-26 16:54:00,0.1328767468300498
2018-06-26 16:57:00,0.10192414485015888
2018-06-26 17:00:00,-0.04553349644811533
2018-06-26 17:03:00,0.10033133226346536
2018-06-26 17:06:00,0.11957441392104329
2018-06-26 17:09:00,0.14863068561612636
2018-06-26 17:12:00,0.19602364502884484
2018-06-26 17:15:00,0.30422903000192036
2018-06-26 17:18:00,0.3088870615271162
2018-06-26 17:21:00,0.23499787732509958
2018-06-26 17:24:00,0.011755335661575828
2018-06-26 17:27:00,0.036128699460732605
2018-06-26 17:30:00,0.12533904004135366
2018-06-26 17:33:00,0.04544123958487489
2018-06-26 17:36:00,0.2042143723617187
2018-06-26 17:39:00,0.10058195760666422
2018-06-26 17:42:00,0.16172040555522926
2018-06-26 17:45:00,0.09826755193120107
2018-06-26 17:48:00,0.056339979073413815
2018-06-26 17:51:00,0.0980473261739121
2018-06-26 17:54:00,0.1728504010064853
2018-06-26 17:57:00,0.1307825196810768
2018-06-26 18:00:00,0.1045053632269628
2018-06-26 18:03:00,0.15728937771069695
2018-06-26 18:06:00,0.26701703190570925
2018-06-26 18:09:00,0.15182625622145451
2018-06-26 18:12:00,0.16155093932616182
2018-06-26 18:15:00,0.18253081276372995
2018-06-26 18:18:00,0.13264120579049177
2018-06-26 18:21:00,0.17187919716599254
2018-06-26 18:24:00,0.1652149348856824
2018-06-26 18:27:00,0.1392854394674714
2018-06-26 18:30:00,0.06885647686755192
2018-06-26 18:33:00,0.19937786619476583
2018-06-26 18:36:00,0.15945106998952951
2018-06-26 18:39:00,0.16265036980632885
2018-06-26 18:42:00,0.23162694709083098
2018-06-26 18:45:00,0.1062543716357709
2018-06-26 18:48:00,0.1311273895454974
2018-06-26 18:51:00,0.07114458173009552
2018-06-26 18:54:00,
2018-06-26 18:57:00,
2018-06-26 19:00:00,
2018-06-26 19:03:00,0.07376527923020149
2018-06-26 19:06:00,0.08581358082409452
2018-06-26 19:09:00,0.13631279096455273
2018-06-26 19:12:00,0.18332415817525316
2018-06-26 19:15:00,0.2283583026015208
2018-06-26 19:18:00,0.20870508762368445
2018-06-26 19:21:00,0.17028349112746355
2018-06-26 19:24:00,0.17377163340239576
2018-06-26 19:27:00,0.19965297500459656
2018-06-26 19:30:00,0.13515155028545678
2018-06-26 19:33:00,0.1762814413938827
2018-06-26 19:36:00,0.09632908615242286
2018-06-26 19:39:00,0.2966046638775879
2018-06-26 19:42:00,0.14539465461905365
2018-06-26 19:45:00,0.17129222422403245
2018-06-26 19:48:00,0.12153258678944212
2018-06-26 19:51:00,0.14938844648878558
2018-06-26 19:54:00,0.23790427128028568
2018-06-26 19:57:00,0.09965823954809139
2018-06-26 20:00:00,0.16271163101839647
2018-06-26 20:03:00,0.19122939595911248
2018-06-26 20:06:00,0.22936031889895503
2018-06-26 20:09:00,0.17230728560770103
2018-06-26 20:12:00,0.23833927252167086
2018-06-26 20:15:00,0.20622940574844506
2018-06-26 20:18:00,0.2677108281631604
2018-06-26 20:21:00,0.25843814589541125
2018-06-26 20:24:00,0.1573975678653028
2018-06-26 20:27:00,0.0932529749987907
2018-06-26 20:30:00,0.23184133324735967
2018-06-26 20:33:00,0.21061526829288368
2018-06-26 20:36:00,0.16723857866674052
2018-06-26 20:39:00,0.18585337510785394
2018-06-26 20:42:00,0.1596023026749549
2018-06-26 20:45:00,0.12997982109624218
2018-06-26 20:48:00,0.23366791448052027
2018-06-26 20:51:00,0.3001357182999982
2018-06-26 20:54:00,0.20325703308014909
2018-06-26 20:57:00,0.17123993174294583
2018-06-26 21:00:00,0.23586949075490793
2018-06-26 21:03:00,0.2564474201000735
2018-06-26 21:06:00,0.25521280071569663
2018-06-26 21:09:00,0.2987951611019639
2018-06-26 21:12:00,0.16667989856210852
2018-06-26 21:15:00,0.324334495152641
2018-06-26 21:18:00,0.2695693881473744
2018-06-26 21:21:00,0.2976116889638547
2018-06-26 21:24:00,0.3329031706280148
2018-06-26 21:27:00,0.24629712102063195
2018-06-26 21:30:00,0.15958781323183757
2018-06-26 21:33:00,0.19260242523557736
2018-06-26 21:36:00,0.20557035101967358
2018-06-26 21:39:00,0.2623449266524176
2018-06-26 21:42:00,0.22884039805290968
2018-06-26 21:45:00,0.2179293288027111
2018-06-26 21:48:00,0.20297595972340332
2018-06-26 21:51:00,0.18510292723073007
2018-06-26 21:54:00,0.18760616279337228
2018-06-26 21:57:00,0.2789020014402581
2018-06-26 22:00:00,0.15589995038328652
2018-06-26 22:03:00,0.1127947191218368
2018-06-26 22:06:00,0.26721252730379774
2018-06-26 22:09:00,0.31882708449757047
2018-06-26 22:12:00,0.2720618162036885
2018-06-26 22:15:00,0.21550509342131363
2018-06-26 22:18:00,0.3184628662923501
2018-06-26 22:21:00,0.21802702462150592
2018-06-26 22:24:00,0.18703057169346948
2018-06-26 22:27:00,0.2749907858697611
2018-06-26 22:30:00,0.19922385555162236
2018-06-26 22:33:00,0.17624853910729144
2018-06-26 22:36:00,0.20242919430216944
2018-06-26 22:39:00,0.2170578724438883
2018-06-26 22:42:00,0.2209373764997622
2018-06-26 22:45:00,0.20044972441343134
2018-06-26 22:48:00,0.24900275103067315
2018-06-26 22:51:00,0.1766869732982741
2018-06-26 22:54:00,0.2436520563188651
2018-06-26 22:57:00,0.2746094379058377
2018-06-26 23:00:00,0.2917638129404736
2018-06-26 23:03:00,0.26600307719866123
2018-06-26 23:06:00,0.19261163340291887
2018-06-26 23:09:00,0.22164549551968094
2018-06-26 23:12:00,0.226523573179918
2018-06-26 23:15:00,0.26458707377395285
2018-06-26 23:18:00,0.20209117899764806
2018-06-26 23:21:00,0.2009400783696833
2018-06-26 23:24:00,0.2615042331001973
2018-06-26 23:27:00,0.16337565411930655
2018-06-26 23:30:00,0.30451818179795964
2018-06-26 23:33:00,0.16594673889341038
2018-06-26 23:36:00,0.2580533367575413
2018-06-26 23:39:00,0.215728628218244
2018-06-26 23:42:00,0.17657633859687394
2018-06-26 23:45:00,0.20547359171735025
2018-06-26 23:48:00,0.2525237288527933
2018-06-26 23:51:00,0.27609751911580815
2018-06-26 23:54:00,0.24826153444240617
2018-06-26 23:57:00,0.29833628427718395
2018-06-27 00:00:00,0.29898461196387416
2018-06-27 00:03:00,0.301678948568167
2018-06-27 00:06:00,0.2840895828351222
2018-06-27 00:09:00,0.20593343653411011
2018-06-27 00:12:00,0.2595366036844666
2018-06-27 00:15:00,0.14177902986961044
2018-06-27 00:18:00,0.21725349870263244
2018-06-27 00:21:00,0.31267136999838385
2018-06-27 00:24:00,0.2924488504239662
2018-06-27 00:27:00,0.2376691325498541
2018-06-27 00:30:00,0.24855972297388007
2018-06-27 00:33:00,0.23274935964280985
2018-06-27 00:36:00,0.25116259790502227
2018-06-27 00:39:00,0.24973785912180801
2018-06-27 00:42:00,0.2919303961976425
2018-06-27 00:45:00,0.2830602625321603
2018-06-27 00:48:00,0.29027744307796866
2018-06-27 00:51:00,0.22265103347262993
2018-06-27 00:54:00,0.30593220808628985
2018-06-27 00:57:00,0.23124289362033323
2018-06-27 01:00:00,0.3268700213585589
2018-06-27 01:03:00,0.3303700248171708
2018-06-27 01:06:00,0.247171148237328
2018-06-27 01:09:00,0.34075572924541575
2018-06-27 01:12:00,0.3065273114583533
2018-06-27 01:15:00,0.2545925612373594
2018-06-27 01:18:00,0.2520302713863316
2018-06-27 01:21:00,0.26419694939500005
2018-06-27 01:24:00,0.3104686963104655
2018-06-27 01:27:00,0.34396214636592504
2018-06-27 01:30:00,0.30324556299837013
2018-06-27 01:33:00,0.2939162524916128
2018-06-27 01:36:00,0.348194942708119
2018-06-27 01:39:00,0.34498546924328366
2018-06-27 01:42:00,0.28277834380412514
2018-06-27 01:45:00,0.3400281339770004
2018-06-27 01:48:00,0.321558819825043
2018-06-27 01:51:00,0.4021632348412254
2018-06-27 01:54:00,0.37537319207763176
2018-06-27 01:57:00,0.31068948419476783
2018-06-27 02:00:00,0.3324932568432928
2018-06-27 02:03:00,0.3522637936021056
2018-06-27 02:06:00,0.41720446577465964
2018-06-27 02:09:00,0.3123867941430376
2018-06-27 02:12:00,0.38290090867400295
2018-06-27 02:15:00,0.37016621420372076
2018-06-27 02:18:00,0.37170570595401387
2018-06-27 02:21:00,0.3695902214658986
2018-06-27 02:24:00,0.3935931761998859
2018-06-27 02:27:00,0.3336036350177096
2018-06-27 02:30:00,0.30107715358963105
2018-06-27 02:33:00,0.3309042053274993
2018-06-27 02:36:00,0.39012742507776466
2018-06-27 02:39:00,0.34994164596031396
2018-06-27 02:42:00,0.33205932826280105
2018-06-27 02:45:00,0.3542482926750381
2018-06-27 02:48:00,0.38250516329958373
2018-06-27 02:51:00,0.4131953851203889
2018-06-27 02:54:00,0.3538427932974173
2018-06-27 02:57:00,0.30512847708178015
2018-06-27 03:00:00,0.3684485277018439
2018-06-27 03:03:00,0.37156624761411194
2018-06-27 03:06:00,0.40370944276077125
2018-06-27 03:09:00,0.3173909152657757
2018-06-27 03:12:00,0.41306836180905293
2018-06-27 03:15:00,0.3992698926459184
2018-06-27 03:18:00,0.3280787001232284
2018-06-27 03:21:00,0.34403006030345296
2018-06-27 03:24:00,0.4063922129263915
2018-06-27 03:27:00,0.3509582708836092
2018-06-27 03:30:00,0.3604878625927199
2018-06-27 03:33:00,0.3488464865694141
2018-06-27 03:36:00,0.2789954875475473
2018-06-27 03:39:00,0.35928804620863275
2018-06-27 03:42:00,0.3911368481675481
2018-06-27 03:45:00,0.31022120900638583
2018-06-27 03:48:00,0.43428865543046413
2018-06-27 03:51:00,0.42295348170898706
2018-06-27 03:54:00,0.35254999293334777
2018-06-27 03:57:00,0.37641640080909156
2018-06-27 04:00:00,0.28420892597250713
2018-06-27 04:03:00,0.3085579065591446
2018-06-27 04:06:00,0.3239652902624357
2018-06-27 04:09:00,0.36332947662481274
2018-06-27 04:12:00,0.30534130036409124
2018-06-27 04:15:00,0.3183225485811363
2018-06-27 04:18:00,0.38907434569722454
2018-06-27 04:21:00,0.39168482875328436
2018-06-27 04:24:00,0.3196701274311522
2018-06-27 04:27:00,0.3377081080773223
2018-06-27 04:30:00,0.3193272697251359
2018-06-27 04:33:00,0.3757930036414905
2018-06-27 04:36:00,0.42163358841463605
2018-06-27 04:39:00,0.389254867441025
2018-06-27 04:42:00,0.3418009378094098
2018-06-27 04:45:00,0.47221172530026934
2018-06-27 04:48:00,0.3691666440549284
2018-06-27 04:51:00,0.42206699233224754
2018-06-27 04:54:00,0.47496067223875116
2018-06-27 04:57:00,0.46095324079482225
2018-06-27 05:00:00,0.4214125896379528
2018-06-27 05:03:00,0.433626321490749
2018-06-27 05:06:00,0.39459369565435054
2018-06-27 05:09:00,0.4926566046020753
2018-06-27 05:12:00,0.3718207366081856
2018-06-27 05:15:00,0.49013514620958176
2018-06-27 05:18:00,0.3764612791720765
2018-06-27 05:21:00,0.35757495960143615
2018-06-27 05:24:00,0.31029313149446125
2018-06-27 05:27:00,0.4597092753754737
2018-06-27 05:30:00,0.45735319310404066
2018-06-27 05:33:00,0.3295618801863611
2018-06-27 05:36:00,0.3640105875420545
2018-06-27 05:39:00,0.4084000577186657
2018-06-27 05:42:00,0.38456651165057565
2018-06-27 05:45:00,0.4266279435829574
2018-06-27 05:48:00,0.35273615695359695
2018-06-27 05:51:00,0.46598268965607303
2018-06-27 05:54:00,0.4551571868653923
2018-06-27 05:57:00,0.36969009887235416
2018-06-27 06:00:00,0.4018418768000629
2018-06-27 06:03:00,0.38492993520367236
2018-06-27 06:06:00,0.4573481345684627
2018-06-27 06:09:00,0.36860274118873804
2018-06-27 06:12:00,0.4226339738900151
2018-06-27 06:15:00,0.44414425422388604
2018-06-27 06:18:00,0.41103351366058405
2018-06-27 06:21:00,0.35455350897558446
2018-06-27 06:24:00,0.40362723977432324
2018-06-27 06:27:00,0.40794171005336466
2018-06-27 06:30:00,0.39868984486844283
2018-06-27 06:33:00,0.4236674754706655
2018-06-27 06:36:00,0.40621503961671124
2018-06-27 06:39:00,0.4528699293424552
2018-06-27 06:42:00,0.37462440081969817
2018-06-27 06:45:00,0.478614720575365
2018-06-27 06:48:00,0.42343287592336765
2018-06-27 06:51:00,0.36087988750102795
2018-06-27 06:54:00,0.3911656703178892
2018-06-27 06:57:00,0.529431051200504
2018-06-27 07:00:00,0.4674068936303115
2018-06-27 07:03:00,0.43394001678268523
2018-06-27 07:06:00,0.40962281275409396
2018-06-27 07:09:00,0.34415278100328806
2018-06-27 07:12:00,0.41391441668548623
2018-06-27 07:15:00,0.3617553617812632
2018-06-27 07:18:00,0.36407959597522677
2018-06-27 07:21:00,0.42557664819656793
2018-06-27 07:24:00,0.4867385212540398
2018-06-27 07:27:00,0.5088775392303546
2018-06-27 07:30:00,0.36212689466970005
2018-06-27 07:33:00,0.44455014949045335
2018-06-27 07:36:00,0.34192206603631803
2018-06-27 07:39:00,0.39364955738250273
2018-06-27 07:42:00,0.4462399388050926
2018-06-27 07:45:00,0.3699791487318862
2018-06-27 07:48:00,0.26873768338981563
2018-06-27 07:51:00,0.3551139996177426
2018-06-27 07:54:00,0.2800533453418552
2018-06-27 07:57:00,0.38627294198204254
2018-06-27 08:00:00,0.34190812539918625
2018-06-27 08:03:00,0.3456326431272032
2018-06-27 08:06:00,0.3976135220887045
2018-06-27 08:09:00,0.45016626202283305
2018-06-27 08:12:00,0.34097072315967125
2018-06-27 08:15:00,0.3884865174167089
2018-06-27 08:18:00,0.3900256630743115
2018-06-27 08:21:00,0.29625296834336723
2018-06-27 08:24:00,0.28645182510268796
2018-06-27 08:27:00,0.3023655412565063
2018-06-27 08:30:00,0.3436435748000122
2018-06-27 08:33:00,0.3162316688466831
2018-06-27 08:36:00,0.26589806214343525
2018-06-27 08:39:00,0.2998659162597619
2018-06-27 08:42:00,0.284272965742673
2018-06-27 08:45:00,0.23747012216455232
2018-06-27 08:48:00,0.22787772176712906
2018-06-27 08:51:00,0.2855516538541565
2018-06-27 08:54:00,0.26369960564124995
2018-06-27 08:57:00,0.26216067065189463
2018-06-27 09:00:00,0.2608032124694546
2018-06-27 09:03:00,0.16170050087953314
2018-06-27 09:06:00,0.1893573741393766
2018-06-27 09:09:00,0.21081252442246523
2018-06-27 09:12:00,0.1812372532479003
2018-06-27 09:15:00,0.16913310520635605
2018-06-27 09:18:00,0.15621510156682916
2018-06-27 09:21:00,0.16979733474153136
2018-06-27 09:24:00,0.16079084996914617
2018-06-27 09:27:00,0.08437642795115607
2018-06-27 09:30:00,0.10408780012738816
2018-06-27 09:33:00,0.125456163537649
2018-06-27 09:36:00,0.09330670503049987
2018-06-27 09:39:00,-0.013284913780069019
2018-06-27 09:42:00,0.038810742579698854
2018-06-27 09:45:00,0.019647766988271087
2018-06-27 09:48:00,0.010327947296559614
2018-06-27 09:51:00,-0.03759134695104649
2018-06-27 09:54:00,0.003314445700198121
2018-06-27 09:57:00,-0.08432199618698633
2018-06-27 10:00:00,0.05411837687273646
2018-06-27 10:03:00,-0.10602437730699421
2018-06-27 10:06:00,-0.048946739344387424
2018-06-27 10:09:00,-0.044302545590937825
2018-06-27 10:12:00,-0.11602049246175739
2018-06-27 10:15:00,-0.0405110705161178
2018-06-27 10:18:00,-0.018346265116406357
2018-06-27 10:21:00,-0.10419786740533254
2018-06-27 10:24:00,-0.14121780085150704
2018-06-27 10:27:00,-0.09181702018116766
2018-06-27 10:30:00,-0.1558481463013095
2018-06-27 10:33:00,-0.1747079262082707
2018-06-27 10:36:00,-0.22572796361066594
2018-06-27 10:39:00,-0.11317972512694041
2018-06-27 10:42:00,-0.1551897231976227
2018-06-27 10:45:00,-0.2403725429457495
2018-06-27 10:48:00,-0.27507617766167414
2018-06-27 10:51:00,-0.24666705472083095
2018-06-27 10:54:00,-0.20956952657809325
2018-06-27 10:57:00,-0.1903713862284917
2018-06-27 11:00:00,-0.2189265811525729
2018-06-27 11:03:00,-0.30740745782850354
2018-06-27 11:06:00,-0.2845748925918201
2018-06-27 11:09:00,-0.27887724792481094
2018-06-27 11:12:00,-0.2774292139058048
2018-06-27 11:15:00,-0.3163376213295237
2018-06-27 11:18:00,-0.2874797357725356
2018-06-27 11:21:00,-0.37084059752521625
2018-06-27 11:24:00,-0.317516132801984
2018-06-27 11:27:00,-0.3284353843743588
2018-06-27 11:30:00,-0.31527091503653537
2018-06-27 11:33:00,-0.31822497337054756
2018-06-27 11:36:00,-0.33475691690125586
2018-06-27 11:39:00,-0.3073177564194225
2018-06-27 11:42:00,-0.4775639558276339
2018-06-27 11:45:00,-0.39272763533358557
2018-06-27 11:48:00,-0.4013720779576033
2018-06-27 11:51:00,-0.38568795179236304
2018-06-27 11:54:00,-0.3718313659029491
2018-06-27 11:57:00,-0.3715690812780963
2018-06-27 12:00:00,-0.4211245464991862
2018-06-27 12:03:00,-0.475046688597331
2018-06-27 12:06:00,-0.4484306196599732
2018-06-27 12:09:00,-0.38860904172213395
2018-06-27 12:12:00,-0.3115415323438242
2018-06-27 12:15:00,-0.460660925576974
2018-06-27 12:18:00,-0.39200761415924035
2018-06-27 12:21:00,-0.4793852531407765
2018-06-27 12:24:00,-0.29586627100388796
2018-06-27 12:27:00,-0.3415460666560648
2018-06-27 12:30:00,-0.2971937887107856
2018-06-27 12:33:00,-0.2844403964095932
2018-06-27 12:36:00,-0.35938875422897354
2018-06-27 12:39:00,-0.429924670732305
2018-06-27 12:42:00,-0.45272314315161566
2018-06-27 12:45:00,-0.47146971203790145
2018-06-27 12:48:00,-0.44738937721757566
2018-06-27 12:51:00,-0.43710951988288116
2018-06-27 12:54:00,-0.40416695225604826
2018-06-27 12:57:00,-0.34148705865897
2018-06-27 13:00:00,-0.31801799526419927
2018-06-27 13:03:00,-0.2601658229305599
2018-06-27 13:06:00,-0.2209292790244035
2018-06-27 13:09:00,-0.21483941923833072
2018-06-27 13:12:00,-0.3514925073080235
2018-06-27 13:15:00,-0.18565927217667877
2018-06-27 13:18:00,-0.3167082325117576
2018-06-27 13:21:00,-0.21652208753931745
2018-06-27 13:24:00,-0.2206310323928733
2018-06-27 13:27:00,-0.08659010651689414
2018-06-27 13:30:00,-0.2154741465080292
2018-06-27 13:33:00,-0.15030577634024667
2018-06-27 13:36:00,-0.2393429523741588
2018-06-27 13:39:00,-0.24256593009675953
2018-06-27 13:42:00,-0.23189391089988476
2018-06-27 13:45:00,-0.1622494491664952
2018-06-27 13:48:00,-0.18682671207386647
2018-06-27 13:51:00,-0.22858639048939722
2018-06-27 13:54:00,-0.17989384079606907
2018-06-27 13:57:00,-0.157451922062819
2018-06-27 14:00:00,-0.16378655633718608
2018-06-27 14:03:00,-0.14165883621029707
2018-06-27 14:06:00,-0.16476333550008349
2018-06-27 14:09:00,-0.19965032776366343
2018-06-27 14:12:00,0.032607855667833974
2018-06-27 14:15:00,-0.10730616409290405
2018-06-27 14:18:00,-0.09195267376827587
2018-06-27 14:21:00,-0.10333548200281939
2018-06-27 14:24:00,-0.16789989880481926
2018-06-27 14:27:00,-0.2231387712134847
2018-06-27 14:30:00,-0.27817020915949797
2018-06-27 14:33:00,-0.20967963534815226
2018-06-27 14:36:00,-0.22262742873783736
2018-06-27 14:39:00,-0.2759900891909979
2018-06-27 14:42:00,-0.2722887272594221
2018-06-27 14:45:00,-0.32309178320178944
2018-06-27 14:48:00,-0.40834500554638
2018-06-27 14:51:00,-0.4095841902543498
2018-06-27 14:54:00,-0.41277455183353595
2018-06-27 14:57:00,-0.346566256375354
2018-06-27 15:00:00,-0.26418194981351917
2018-06-27 15:03:00,-0.1819972003667658
2018-06-27 15:06:00,-0.3244895488244879
2018-06-27 15:09:00,-0.20207590667473596
2018-06-27 15:12:00,-0.21804122491579392
2018-06-27 15:15:00,-0.23989522647025296
2018-06-27 15:18:00,-0.16672167786759928
2018-06-27 15:21:00,-0.18084604666410087
2018-06-27 15:24:00,-0.038076866636743034
2018-06-27 15:27:00,-0.049184155346779335
2018-06-27 15:30:00,-0.1655226477934093
2018-06-27 15:33:00,-0.011707258521880703
2018-06-27 15:36:00,-0.12581237583282245
2018-06-27 15:39:00,-0.21053075254843634
2018-06-27 15:42:00,-0.23512794723444586
2018-06-27 15:45:00,-0.29295490510929767
2018-06-27 15:48:00,-0.2733974793606535
2018-06-27 15:51:00,-0.03766273054816338
2018-06-27 15:54:00,-0.16214719843975445
2018-06-27 15:57:00,-0.27536551289927047
2018-06-27 16:00:00,-0.22321708440568955
2018-06-27 16:03:00,-0.2520293447723816
2018-06-27 16:06:00,-0.22510219270009202
2018-06-27 16:09:00,-0.2533219652071921
2018-06-27 16:12:00,-0.20937265657750004
2018-06-27 16:15:00,-0.36346193472854793
2018-06-27 16:18:00,-0.1563525537947612
2018-06-27 16:21:00,-0.33953975057579555
2018-06-27 16:24:00,-0.23003190750972635
2018-06-27 16:27:00,-0.22607501611554426
2018-06-27 16:30:00,-0.21923858126996265
2018-06-27 16:33:00,-0.13500802905838327
2018-06-27 16:36:00,-0.04726795135803741
2018-06-27 16:39:00,-0.1128604245481597
2018-06-27 16:42:00,0.0582181738408849
2018-06-27 16:45:00,-0.10484343957153897
2018-06-27 16:48:00,-0.07990988706711732
2018-06-27 16:51:00,-0.02386140471350018
2018-06-27 16:54:00,-0.027625047444985285
2018-06-27 16:57:00,-0.09282405942150262
2018-06-27 17:00:00,-0.06185486965472364
2018-06-27 17:03:00,-0.16570863006961645
2018-06-27 17:06:00,-0.05810378725482224
2018-06-27 17:09:00,-0.1075427832350897
2018-06-27 17:12:00,-0.1385581752196572
2018-06-27 17:15:00,-0.2077850610918972
2018-06-27 17:18:00,-0.09489179848446838
2018-06-27 17:21:00,-0.21647019814304258
2018-06-27 17:24:00,-0.20942976026577753
2018-06-27 17:27:00,-0.11034341781351031
2018-06-27 17:30:00,-0.22079392319835733
2018-06-27 17:33:00,-0.14241063057659176
2018-06-27 17:36:00,-0.10273432275243977
2018-06-27 17:39:00,-0.18810074290246348
2018-06-27 17:42:00,-0.02555742238462244
2018-06-27 17:45:00,-0.019592955805762813
2018-06-27 17:48:00,0.03342040225754772
2018-06-27 17:51:00,-0.03986180625184943
2018-06-27 17:54:00,-0.029684323091316855
2018-06-27 17:57:00,0.016599722454884613
2018-06-27 18:00:00,0.08258280228915282
2018-06-27 18:03:00,0.09323849137877005
2018-06-27 18:06:00,-0.01776555072831343
2018-06-27 18:09:00,-0.0330941197599941
2018-06-27 18:12:00,-0.044411420849428396
2018-06-27 18:15:00,0.11537987559398744
2018-06-27 18:18:00,0.13144447971563977
2018-06-27 18:21:00,0.102931666250754
2018-06-27 18:24:00,0.1316522552913284
2018-06-27 18:27:00,0.07251436680070356
2018-06-27 18:30:00,0.0033648884885906227
2018-06-27 18:33:00,0.07127193549462163
2018-06-27 18:36:00,0.16512718378027103
2018-06-27 18:39:00,0.2288062448537289
2018-06-27 18:42:00,0.1949742745517824
2018-06-27 18:45:00,0.39245693313847596
2018-06-27 18:48:00,0.5187179917000435
2018-06-27 18:51:00,0.4931430492603681
2018-06-27 18:54:00,
2018-06-27 18:57:00,
2018-06-27 19:00:00,
2018-06-27 19:03:00,0.3575463922571771
2018-06-27 19:06:00,0.23893003407738433
2018-06-27 19:09:00,0.06164624268672014
2018-06-27 19:12:00,0.24081224560814007
2018-06-27 19:15:00,0.10032089210960748
2018-06-27 19:18:00,0.1694443147151219
2018-06-27 19:21:00,0.1569067771281425
2018-06-27 19:24:00,0.15524278997526153
2018-06-27 19:27:00,0.06366688631425177
2018-06-27 19:30:00,0.15048939031908048
2018-06-27 19:33:00,0.1912633812422655
2018-06-27 19:36:00,0.14446519244324918
2018-06-27 19:39:00,0.14447142825349601
2018-06-27 19:42:00,0.135278922778582
2018-06-27 19:45:00,0.1712092356153221
2018-06-27 19:48:00,0.20007474061543462
2018-06-27 19:51:00,0.19012375554603977
2018-06-27 19:54:00,0.12075253087908777
2018-06-27 19:57:00,0.14312345799919513
2018-06-27 20:00:00,0.046659631182023986
2018-06-27 20:03:00,0.025647675625805277
2018-06-27 20:06:00,0.07136562884181785
2018-06-27 20:09:00,0.04120577362596123
2018-06-27 20:12:00,0.14935174421799502
2018-06-27 20:15:00,0.04746318814858341
2018-06-27 20:18:00,0.10871614777221339
2018-06-27 20:21:00,0.0739898596718831
2018-06-27 20:24:00,0.10217850983354992
2018-06-27 20:27:00,0.2851350794012433
2018-06-27 20:30:00,0.22161759930548897
2018-06-27 20:33:00,0.19999473971324733
2018-06-27 20:36:00,0.15191310989979456
2018-06-27 20:39:00,0.13479103842786344
2018-06-27 20:42:00,0.13884801319420603
2018-06-27 20:45:00,0.19067377923056483
2018-06-27 20:48:00,0.2998817522231434
2018-06-27 20:51:00,0.23845871053879364
2018-06-27 20:54:00,0.2780906449067402
2018-06-27 20:57:00,0.3279628780913981
2018-06-27 21:00:00,0.3937999934228742
2018-06-27 21:03:00,0.2814157860816522
2018-06-27 21:06:00,0.33245342393689725
2018-06-27 21:09:00,0.5997438956804331
2018-06-27 21:12:00,0.442991220459362
2018-06-27 21:15:00,0.4263007150105409
2018-06-27 21:18:00,0.4409864002143422
2018-06-27 21:21:00,0.5000248761978696
2018-06-27 21:24:00,0.6022703614248712
2018-06-27 21:27:00,0.4760006519646822
2018-06-27 21:30:00,0.40993963100061137
2018-06-27 21:33:00,0.3401319753012899
2018-06-27 21:36:00,0.4088292579093604
2018-06-27 21:39:00,0.3197627979577078
2018-06-27 21:42:00,0.2522325555344196
2018-06-27 21:45:00,0.41632048619499074
2018-06-27 21:48:00,0.3923516964549094
2018-06-27 21:51:00,0.3125467502294441
2018-06-27 21:54:00,0.3236716050097357
2018-06-27 21:57:00,0.3223260504812515
2018-06-27 22:00:00,0.3180023842560331
2018-06-27 22:03:00,0.2858102284819779
2018-06-27 22:06:00,0.3738544299625346
2018-06-27 22:09:00,0.341642409949543
2018-06-27 22:12:00,0.3163779494529422
2018-06-27 22:15:00,0.3897778868595765
2018-06-27 22:18:00,0.35127700730822653
2018-06-27 22:21:00,0.42768953680564437
2018-06-27 22:24:00,0.4655290558906131
2018-06-27 22:27:00,0.4799473465537858
2018-06-27 22:30:00,0.44665228719560446
2018-06-27 22:33:00,0.5010179995149429
2018-06-27 22:36:00,0.5609471200238545
2018-06-27 22:39:00,0.40793283806556246
2018-06-27 22:42:00,0.51621199810495
2018-06-27 22:45:00,0.518314490683565
2018-06-27 22:48:00,0.5237412547897975
2018-06-27 22:51:00,0.46964988200960534
2018-06-27 22:54:00,0.5271506500257601
2018-06-27 22:57:00,0.42246768368369203
2018-06-27 23:00:00,0.41692085601789586
2018-06-27 23:03:00,0.47907617060576513
2018-06-27 23:06:00,0.5091251685624911
2018-06-27 23:09:00,0.35531758533517177
2018-06-27 23:12:00,0.42426011921276086
2018-06-27 23:15:00,0.5338173133882833
2018-06-27 23:18:00,0.4722814193418685
2018-06-27 23:21:00,0.49964929028300276
2018-06-27 23:24:00,0.4692124230115837
2018-06-27 23:27:00,0.5063482792513128
2018-06-27 23:30:00,0.507818228312999
2018-06-27 23:33:00,0.5074889118546935
2018-06-27 23:36:00,0.5849294624921981
2018-06-27 23:39:00,0.48379358089704283
2018-06-27 23:42:00,0.4615065977410495
2018-06-27 23:45:00,0.515205275732967
2018-06-27 23:48:00,0.4052803261002964
2018-06-27 23:51:00,0.3994374012725075
2018-06-27 23:54:00,0.3789469597354582
2018-06-27 23:57:00,0.33258609668723693
2018-06-28 00:00:00,0.3357692239608241
2018-06-28 00:03:00,0.28339126580652874
2018-06-28 00:06:00,0.32891300584805094
2018-06-28 00:09:00,0.3352262573179132
2018-06-28 00:12:00,0.3116368642648695
2018-06-28 00:15:00,0.44102109070195183
2018-06-28 00:18:00,0.41695475532714
2018-06-28 00:21:00,0.5910928015653667
2018-06-28 00:24:00,0.6991385833609911
2018-06-28 00:27:00,0.6132432037096578
2018-06-28 00:30:00,0.6128153356474968
2018-06-28 00:33:00,0.485585434039308
2018-06-28 00:36:00,0.504148175114608
2018-06-28 00:39:00,0.6095033135665062
2018-06-28 00:42:00,0.600955896252799
2018-06-28 00:45:00,0.5130479057683601
2018-06-28 00:48:00,0.31472846051013903
2018-06-28 00:51:00,0.3582744569281431
2018-06-28 00:54:00,0.35416687554874215
2018-06-28 00:57:00,0.28988871262851035
2018-06-28 01:00:00,0.39236336143784456
2018-06-28 01:03:00,0.46102370554319805
2018-06-28 01:06:00,0.4458166468439231
2018-06-28 01:09:00,0.586421251307911
2018-06-28 01:12:00,0.5869187086869374
2018-06-28 01:15:00,0.48551887216331124
2018-06-28 01:18:00,0.6215160359613492
2018-06-28 01:21:00,0.5055780302307653
2018-06-28 01:24:00,0.40687681421542266
2018-06-28 01:27:00,0.3792292512829363
2018-06-28 01:30:00,0.3096685416375067
2018-06-28 01:33:00,0.29366526242523605
2018-06-28 01:36:00,0.35913876770746356
2018-06-28 01:39:00,0.3930045036010483
2018-06-28 01:42:00,0.3816778889282091
2018-06-28 01:45:00,0.44768452819437243
2018-06-28 01:48:00,0.31524274050815393
2018-06-28 01:51:00,0.36579122597333935
2018-06-28 01:54:00,0.26615964889492716
2018-06-28 01:57:00,0.22575822474180995
2018-06-28 02:00:00,0.17812900812236876
2018-06-28 02:03:00,0.3027166012581688
2018-06-28 02:06:00,0.26455096012847434
2018-06-28 02:09:00,0.27490899238250677
2018-06-28 02:12:00,0.3186613441151849
2018-06-28 02:15:00,0.3161822401773975
2018-06-28 02:18:00,0.29615989975764023
2018-06-28 02:21:00,0.3382194140421575
2018-06-28 02:24:00,0.228795416534183
2018-06-28 02:27:00,0.36717801295111485
2018-06-28 02:30:00,0.3722745068447466
2018-06-28 02:33:00,0.3583756399325466
2018-06-28 02:36:00,0.353747249495143
2018-06-28 02:39:00,0.24850207665298285
2018-06-28 02:42:00,0.317781994731547
2018-06-28 02:45:00,0.39523766763056756
2018-06-28 02:48:00,0.32468512372514624
2018-06-28 02:51:00,0.2591701443357124
2018-06-28 02:54:00,0.22134922843639515
2018-06-28 02:57:00,0.37180763759494084
2018-06-28 03:00:00,0.2985641822952516
2018-06-28 03:03:00,0.38275507228297556
2018-06-28 03:06:00,0.2687282996242857
2018-06-28 03:09:00,0.2542310139473898
2018-06-28 03:12:00,0.29853105922126133
2018-06-28 03:15:00,0.36945172180867303
2018-06-28 03:18:00,0.2417957270547504
2018-06-28 03:21:00,0.25581620326494203
2018-06-28 03:24:00,0.33856780833241373
2018-06-28 03:27:00,0.25736455505398226
2018-06-28 03:30:00,0.19803582591475788
2018-06-28 03:33:00,0.18905734244424366
2018-06-28 03:36:00,0.28779480286266335
2018-06-28 03:39:00,0.194517677974261
2018-06-28 03:42:00,0.2408658174645666
2018-06-28 03:45:00,0.2081431132335183
2018-06-28 03:48:00,0.32232075221151035
2018-06-28 03:51:00,0.3258104840622309
2018-06-28 03:54:00,0.2054648076289709
2018-06-28 03:57:00,0.23531322987491876
2018-06-28 04:00:00,0.30759525370302754
2018-06-28 04:03:00,0.29693642916925
2018-06-28 04:06:00,0.2902934395045236
2018-06-28 04:09:00,0.3507980656900713
2018-06-28 04:12:00,0.35868695663862127
2018-06-28 04:15:00,0.32924973443363115
2018-06-28 04:18:00,0.2810361936200252
2018-06-28 04:21:00,0.23283589249308534
2018-06-28 04:24:00,0.22247737601969675
2018-06-28 04:27:00,0.3151954953747236
2018-06-28 04:30:00,0.2607005410081342
2018-06-28 04:33:00,0.2741233452224492
2018-06-28 04:36:00,0.27751708738657044
2018-06-28 04:39:00,0.3210121619433153
2018-06-28 04:42:00,0.28255018809426247
2018-06-28 04:45:00,0.2352351293654351
2018-06-28 04:48:00,0.2707777756866676
2018-06-28 04:51:00,0.264440092708071
2018-06-28 04:54:00,0.2206515582157067
2018-06-28 04:57:00,0.2410546356076111
2018-06-28 05:00:00,0.2787706810572672
2018-06-28 05:03:00,0.40156937779397595
2018-06-28 05:06:00,0.30316681333920315
2018-06-28 05:09:00,0.3477260896249277
2018-06-28 05:12:00,0.33289178671452646
2018-06-28 05:15:00,0.43863067506163134
2018-06-28 05:18:00,0.39456220124827723
2018-06-28 05:21:00,0.39040306160444516
2018-06-28 05:24:00,0.3559521108728063
2018-06-28 05:27:00,0.34066508187044064
2018-06-28 05:30:00,0.24834294106733523
2018-06-28 05:33:00,0.25412712145481464
2018-06-28 05:36:00,0.26660079097268863
2018-06-28 05:39:00,0.2852028237301738
2018-06-28 05:42:00,0.3260744185076305
2018-06-28 05:45:00,0.2479973256355379
2018-06-28 05:48:00,0.2558681082832095
2018-06-28 05:51:00,0.31171983157861405
2018-06-28 05:54:00,0.29967777132236506
2018-06-28 05:57:00,0.24873909875020672
2018-06-28 06:00:00,0.32276692119023664
2018-06-28 06:03:00,0.2692968826970059
2018-06-28 06:06:00,0.3200109717238888
2018-06-28 06:09:00,0.2600998884751107
2018-06-28 06:12:00,0.2026066450163171
2018-06-28 06:15:00,0.2964870850287298
2018-06-28 06:18:00,0.21529524486561513
2018-06-28 06:21:00,0.35217230303800307
2018-06-28 06:24:00,0.2186161473185848
2018-06-28 06:27:00,0.3648454894361066
2018-06-28 06:30:00,0.22111713292781587
2018-06-28 06:33:00,0.29592296393099105
2018-06-28 06:36:00,0.31618094655004825
2018-06-28 06:39:00,0.32405067732338466
2018-06-28 06:42:00,0.4071603584256991
2018-06-28 06:45:00,0.28606505743323396
2018-06-28 06:48:00,0.37291272634507777
2018-06-28 06:51:00,0.3500947319676584
2018-06-28 06:54:00,0.27332848889358274
2018-06-28 06:57:00,0.23020922670576738
2018-06-28 07:00:00,0.38526064424473816
2018-06-28 07:03:00,0.24625053481327086
2018-06-28 07:06:00,0.28983674145774785
2018-06-28 07:09:00,0.26529697378612127
2018-06-28 07:12:00,0.2938763226099468
2018-06-28 07:15:00,0.34319548700176483
2018-06-28 07:18:00,0.34578355556914175
2018-06-28 07:21:00,0.31191741589202593
2018-06-28 07:24:00,0.24994187837546633
2018-06-28 07:27:00,0.3006427555119444
2018-06-28 07:30:00,0.37633417802209124
2018-06-28 07:33:00,0.3063833452074505
2018-06-28 07:36:00,0.31647834092058247
2018-06-28 07:39:00,0.35966073805423093
2018-06-28 07:42:00,0.19105879376502344
2018-06-28 07:45:00,0.26942343152745707
2018-06-28 07:48:00,0.3448506516522798
2018-06-28 07:51:00,0.21079493248669223
2018-06-28 07:54:00,0.23655944314054977
2018-06-28 07:57:00,0.2877343515014559
2018-06-28 08:00:00,0.2633864093064062
2018-06-28 08:03:00,0.2349253382935217
2018-06-28 08:06:00,0.22522463345671895
2018-06-28 08:09:00,0.28914391311309373
2018-06-28 08:12:00,0.3186991968829034
2018-06-28 08:15:00,0.27619929577673474
2018-06-28 08:18:00,0.22733940099533356
2018-06-28 08:21:00,0.2758031827058858
2018-06-28 08:24:00,0.30657939529334044
2018-06-28 08:27:00,0.16661556549564693
2018-06-28 08:30:00,0.11364920973147719
2018-06-28 08:33:00,0.2495890131877445
2018-06-28 08:36:00,0.1968445385381301
2018-06-28 08:39:00,0.24323371359406565
2018-06-28 08:42:00,0.27520802275682854
2018-06-28 08:45:00,0.15069573305493122
2018-06-28 08:48:00,0.2070460248843915
2018-06-28 08:51:00,0.31581594674008784
2018-06-28 08:54:00,0.1795946622829092
2018-06-28 08:57:00,0.18492557539565269
2018-06-28 09:00:00,0.22322628489393992
2018-06-28 09:03:00,0.17609976130921723
2018-06-28 09:06:00,0.10511072911015162
2018-06-28 09:09:00,0.1851146191584121
2018-06-28 09:12:00,0.18148285941123277
2018-06-28 09:15:00,0.06299151557351479
2018-06-28 09:18:00,0.153130919140267
2018-06-28 09:21:00,0.021113113195781352
2018-06-28 09:24:00,0.1884930784764265
2018-06-28 09:27:00,0.18428306776706904
2018-06-28 09:30:00,0.04513435431556445
2018-06-28 09:33:00,0.11521401125924058
2018-06-28 09:36:00,0.05491183914512021
2018-06-28 09:39:00,0.03467668420950076
2018-06-28 09:42:00,-0.008010031636956683
2018-06-28 09:45:00,0.0769621309749482
2018-06-28 09:48:00,0.03320013248583109
2018-06-28 09:51:00,-0.060450637044368705
2018-06-28 09:54:00,-0.029615655446491473
2018-06-28 09:57:00,-0.00013860509625374107
2018-06-28 10:00:00,0.03895205802274404
2018-06-28 10:03:00,0.0024910080551308056
2018-06-28 10:06:00,-0.13707210822360594
2018-06-28 10:09:00,-0.06866472473114982
2018-06-28 10:12:00,-0.09267008244535191
2018-06-28 10:15:00,-0.07395433406827578
2018-06-28 10:18:00,-0.06667714055384977
2018-06-28 10:21:00,-0.16942162026361984
2018-06-28 10:24:00,-0.17196985428972766
2018-06-28 10:27:00,-0.18967884944282787
2018-06-28 10:30:00,-0.17563409250976747
2018-06-28 10:33:00,-0.1544285474813023
2018-06-28 10:36:00,-0.1717369758461018
2018-06-28 10:39:00,-0.1369274397951017
2018-06-28 10:42:00,-0.16684482913944976
2018-06-28 10:45:00,-0.25053048499853503
2018-06-28 10:48:00,-0.22187054686503416
2018-06-28 10:51:00,-0.2130776365146403
2018-06-28 10:54:00,-0.20559249769496546
2018-06-28 10:57:00,-0.277716911880475
2018-06-28 11:00:00,-0.14201052892838106
2018-06-28 11:03:00,-0.24568542083255807
2018-06-28 11:06:00,-0.2384666139341789
2018-06-28 11:09:00,-0.184641284877614
2018-06-28 11:12:00,-0.12396669759442602
2018-06-28 11:15:00,-0.19486393785376777
2018-06-28 11:18:00,-0.27445819612921696
2018-06-28 11:21:00,-0.10674512519341306
2018-06-28 11:24:00,-0.15058357105345976
2018-06-28 11:27:00,-0.17678978351386831
2018-06-28 11:30:00,-0.1196521343765653
2018-06-28 11:33:00,-0.32148613796186964
2018-06-28 11:36:00,-0.4225334846744886
2018-06-28 11:39:00,-0.26768385357308944
2018-06-28 11:42:00,-0.2868186599405931
2018-06-28 11:45:00,-0.3240083138916816
2018-06-28 11:48:00,-0.3416678137451754
2018-06-28 11:51:00,-0.33019998156026986
2018-06-28 11:54:00,-0.3353324887005442
2018-06-28 11:57:00,-0.3276555816752875
2018-06-28 12:00:00,-0.25761147254434036
2018-06-28 12:03:00,-0.3511153282919963
2018-06-28 12:06:00,-0.3694690578965947
2018-06-28 12:09:00,-0.313171042320846
2018-06-28 12:12:00,-0.35597561603742633
2018-06-28 12:15:00,-0.28989028192256683
2018-06-28 12:18:00,-0.3116149528388519
2018-06-28 12:21:00,-0.19853090419024966
2018-06-28 12:24:00,-0.18274478826248242
2018-06-28 12:27:00,-0.1983988786784039
2018-06-28 12:30:00,-0.19411461245317696
2018-06-28 12:33:00,0.0346217398847557
2018-06-28 12:36:00,-0.04321752397504497
2018-06-28 12:39:00,-0.27078461121647024
2018-06-28 12:42:00,-0.3111594072098569
2018-06-28 12:45:00,-0.3307496575374671
2018-06-28 12:48:00,-0.3726965640338449
2018-06-28 12:51:00,-0.4947030381157447
2018-06-28 12:54:00,-0.4406813031094998
2018-06-28 12:57:00,-0.39435558614985666
2018-06-28 13:00:00,-0.26977898949110113
2018-06-28 13:03:00,0.02359346291973452
2018-06-28 13:06:00,-0.09188213321652938
2018-06-28 13:09:00,0.16482748732647678
2018-06-28 13:12:00,-0.2815982028072881
2018-06-28 13:15:00,-0.3580326402399123
2018-06-28 13:18:00,-0.16671523871309546
2018-06-28 13:21:00,-0.05708535770969547
2018-06-28 13:24:00,-0.12504631632526753
2018-06-28 13:27:00,-0.13685860532098104
2018-06-28 13:30:00,-0.40453061170529736
2018-06-28 13:33:00,-0.2997308093832203
2018-06-28 13:36:00,-0.10562528032994578
2018-06-28 13:39:00,0.04165967855010422
2018-06-28 13:42:00,0.17600987227729092
2018-06-28 13:45:00,-0.07179088576566528
2018-06-28 13:48:00,-0.25472377938228874
2018-06-28 13:51:00,-0.10337186177406466
2018-06-28 13:54:00,-0.1240381404894606
2018-06-28 13:57:00,0.05428309629382966
2018-06-28 14:00:00,0.019518513362640988
2018-06-28 14:03:00,0.028910657225935665
2018-06-28 14:06:00,0.070766987118418
2018-06-28 14:09:00,0.2749938705373438
2018-06-28 14:12:00,0.41122941368030297
2018-06-28 14:15:00,0.10996765583439583
2018-06-28 14:18:00,-0.044980140626080356
2018-06-28 14:21:00,-0.1991785933254846
2018-06-28 14:24:00,-0.25021539384181324
2018-06-28 14:27:00,-0.2506673488633737
2018-06-28 14:30:00,-0.1091442631545192
2018-06-28 14:33:00,0.01934431492833255
2018-06-28 14:36:00,0.03364868758552575
2018-06-28 14:39:00,-0.038604972208759136
2018-06-28 14:42:00,-0.025063352036738706
2018-06-28 14:45:00,0.018093018621243573
2018-06-28 14:48:00,-0.05599813557796551
2018-06-28 14:51:00,0.16965098978124615
2018-06-28 14:54:00,0.16240005088309317
2018-06-28 14:57:00,0.20630576194065497
2018-06-28 15:00:00,0.11118075476656486
2018-06-28 15:03:00,0.03967594145865405
2018-06-28 15:06:00,-0.06612397788768476
2018-06-28 15:09:00,-0.0188248985269297
2018-06-28 15:12:00,0.10468360666590115
2018-06-28 15:15:00,0.08037768792047473
2018-06-28 15:18:00,0.033191284059967074
2018-06-28 15:21:00,0.10747080512243201
2018-06-28 15:24:00,0.13918407832807134
2018-06-28 15:27:00,0.061843302160923486
2018-06-28 15:30:00,0.07183674234750015
2018-06-28 15:33:00,0.07554047670959108
2018-06-28 15:36:00,-0.001959479292963806
2018-06-28 15:39:00,0.007482096698254281
2018-06-28 15:42:00,0.1009373250308272
2018-06-28 15:45:00,0.11835830481584253
2018-06-28 15:48:00,0.06559326161311674
2018-06-28 15:51:00,0.0028240940682735527
2018-06-28 15:54:00,0.041051819188965055
2018-06-28 15:57:00,0.16794764470608925
2018-06-28 16:00:00,0.13805895464327023
2018-06-28 16:03:00,0.10440297350652372
2018-06-28 16:06:00,0.06489017432062383
2018-06-28 16:09:00,0.05526251436720031
2018-06-28 16:12:00,0.17858476961703218
2018-06-28 16:15:00,0.027305237426560325
2018-06-28 16:18:00,-0.011040790892252517
2018-06-28 16:21:00,0.11949064333521164
2018-06-28 16:24:00,0.02352837260070828
2018-06-28 16:27:00,0.026543185531238578
2018-06-28 16:30:00,0.12118413556243013
2018-06-28 16:33:00,0.10588392087998955
2018-06-28 16:36:00,0.11336421168982724
2018-06-28 16:39:00,0.1396674002663758
2018-06-28 16:42:00,0.0670667895352608
2018-06-28 16:45:00,0.10098513730736158
2018-06-28 16:48:00,0.10882518508367411
2018-06-28 16:51:00,0.12738931154348165
2018-06-28 16:54:00,0.17466113132354621
2018-06-28 16:57:00,0.05775340736721546
2018-06-28 17:00:00,0.04746340446638442
2018-06-28 17:03:00,-0.031028173318873087
2018-06-28 17:06:00,-0.04719508271068662
2018-06-28 17:09:00,-0.10534241218880425
2018-06-28 17:12:00,-0.0956624518572653
2018-06-28 17:15:00,0.12003588022605527
2018-06-28 17:18:00,0.11379482567548393
2018-06-28 17:21:00,0.24361519853675873
2018-06-28 17:24:00,0.046850651314116476
2018-06-28 17:27:00,0.03596501839791699
2018-06-28 17:30:00,-0.007917017215049782
2018-06-28 17:33:00,0.13996622998115527
2018-06-28 17:36:00,0.344015503013793
2018-06-28 17:39:00,0.3369790702338378
2018-06-28 17:42:00,0.4095074696860479
2018-06-28 17:45:00,0.2964235963795545
2018-06-28 17:48:00,0.18612006916333712
2018-06-28 17:51:00,0.12551272688722293
2018-06-28 17:54:00,0.020034571471853724
2018-06-28 17:57:00,0.1650140975422687
2018-06-28 18:00:00,0.014740287583379086
2018-06-28 18:03:00,0.02261976767027818
2018-06-28 18:06:00,0.10200617402585976
2018-06-28 18:09:00,0.11647731343157375
2018-06-28 18:12:00,0.2048168336264098
2018-06-28 18:15:00,0.13987014279547338
2018-06-28 18:18:00,0.3232798103380219
2018-06-28 18:21:00,0.08842313019698622
2018-06-28 18:24:00,0.12743550484896105
2018-06-28 18:27:00,0.1867442823319152
2018-06-28 18:30:00,0.1447312702903787
2018-06-28 18:33:00,0.07216636143056121
2018-06-28 18:36:00,0.08884285190356422
2018-06-28 18:39:00,0.19407272213351234
2018-06-28 18:42:00,0.028179761597129982
2018-06-28 18:45:00,0.08179411894548139
2018-06-28 18:48:00,0.18086472018433142
2018-06-28 18:51:00,0.16872693334869382
2018-06-28 18:54:00,
2018-06-28 18:57:00,
2018-06-28 19:00:00,
2018-06-28 19:03:00,0.03701305571263447
2018-06-28 19:06:00,-0.0014075130387141144
2018-06-28 19:09:00,0.0290625328964893
2018-06-28 19:12:00,0.07799195708685147
2018-06-28 19:15:00,0.1545940165459001
2018-06-28 19:18:00,0.04178096055318292
2018-06-28 19:21:00,0.1233745083775375
2018-06-28 19:24:00,0.038699509119169306
2018-06-28 19:27:00,0.05046290853192659
2018-06-28 19:30:00,-0.0029611213398084146
2018-06-28 19:33:00,0.07516792991106058
2018-06-28 19:36:00,0.04736482612844384
2018-06-28 19:39:00,0.12882946032891596
2018-06-28 19:42:00,0.059924190444178294
2018-06-28 19:45:00,0.1976872352273631
2018-06-28 19:48:00,0.06513119968718684
2018-06-28 19:51:00,0.08870320828907552
2018-06-28 19:54:00,0.07492214615990633
2018-06-28 19:57:00,0.1454921290717266
2018-06-28 20:00:00,0.09927388039875495
2018-06-28 20:03:00,0.11111763183942003
2018-06-28 20:06:00,0.12401501975625706
2018-06-28 20:09:00,0.07428198677803266
2018-06-28 20:12:00,0.16400041544432042
2018-06-28 20:15:00,0.14448206925681006
2018-06-28 20:18:00,0.10969814517898158
2018-06-28 20:21:00,0.12812949072224455
2018-06-28 20:24:00,0.14683311985299952
2018-06-28 20:27:00,0.08418324767467311
2018-06-28 20:30:00,0.08075934236484272
2018-06-28 20:33:00,0.049118390468265716
2018-06-28 20:36:00,0.0920748704440939
2018-06-28 20:39:00,0.015329272321366716
2018-06-28 20:42:00,0.09820778081689241
2018-06-28 20:45:00,0.14103109385803236
2018-06-28 20:48:00,0.042734572540837235
2018-06-28 20:51:00,0.08128041274989073
2018-06-28 20:54:00,0.10300107664107827
2018-06-28 20:57:00,0.11573744621443893
2018-06-28 21:00:00,0.22860171602360424
2018-06-28 21:03:00,0.12655207940792934
2018-06-28 21:06:00,0.13562381888573327
2018-06-28 21:09:00,0.16050928711308643
2018-06-28 21:12:00,0.11362162058719605
2018-06-28 21:15:00,0.16392227177442464
2018-06-28 21:18:00,0.16171152400511346
2018-06-28 21:21:00,0.1297884156060718
2018-06-28 21:24:00,0.07057863989200541
2018-06-28 21:27:00,0.0903203785666733
2018-06-28 21:30:00,0.0035418964598079583
2018-06-28 21:33:00,0.12333411323652399
2018-06-28 21:36:00,0.17245193606942166
2018-06-28 21:39:00,0.11577628138161344
2018-06-28 21:42:00,0.15380088217813181
2018-06-28 21:45:00,0.017460816287837133
2018-06-28 21:48:00,0.12518772188821004
2018-06-28 21:51:00,0.1918381422577795
2018-06-28 21:54:00,0.15736789901342263
2018-06-28 21:57:00,0.10363803142683992
2018-06-28 22:00:00,0.1302554378131049
2018-06-28 22:03:00,0.08679557114885483
2018-06-28 22:06:00,-0.0018395798958863452
2018-06-28 22:09:00,0.19029213474885864
2018-06-28 22:12:00,0.08511898284774588
2018-06-28 22:15:00,0.04647077376881725
2018-06-28 22:18:00,0.1406691636815367
2018-06-28 22:21:00,0.10987253161357557
2018-06-28 22:24:00,0.08185340333812974
2018-06-28 22:27:00,0.09457773657652524
2018-06-28 22:30:00,0.11397837297687374
2018-06-28 22:33:00,0.029246556233658794
2018-06-28 22:36:00,0.05900771017667239
2018-06-28 22:39:00,0.0579452409497776
2018-06-28 22:42:00,0.06228967574924127
2018-06-28 22:45:00,0.12814776953530327
2018-06-28 22:48:00,0.06929052298920624
2018-06-28 22:51:00,0.11006368683075607
2018-06-28 22:54:00,0.12324680087425577
2018-06-28 22:57:00,0.13966602131040418
2018-06-28 23:00:00,0.14243243381906723
2018-06-28 23:03:00,0.14363224869202895
2018-06-28 23:06:00,0.1597034679912781
2018-06-28 23:09:00,0.17375211654990608
2018-06-28 23:12:00,0.14703979024983482
2018-06-28 23:15:00,0.23750211866337168
2018-06-28 23:18:00,0.19830146563822382
2018-06-28 23:21:00,0.2866568064745252
2018-06-28 23:24:00,0.18746654887348768
2018-06-28 23:27:00,0.28586210117458677
2018-06-28 23:30:00,0.19053709100501237
2018-06-28 23:33:00,0.29209644872310037
2018-06-28 23:36:00,0.23922009896506324
2018-06-28 23:39:00,0.21635588404132022
2018-06-28 23:42:00,0.15536688369428475
2018-06-28 23:45:00,0.23973283268554724
2018-06-28 23:48:00,0.1977289749959823
2018-06-28 23:51:00,0.19306602770285508
2018-06-28 23:54:00,0.2932928396032821
2018-06-28 23:57:00,0.16339831060122378
2018-06-29 00:00:00,0.28114963256200554
2018-06-29 00:03:00,0.2565510791102952
2018-06-29 00:06:00,0.3521131169906653
2018-06-29 00:09:00,0.2536012047308418
2018-06-29 00:12:00,0.22499199021581262
2018-06-29 00:15:00,0.3065047828127945
2018-06-29 00:18:00,0.2490921920343112
2018-06-29 00:21:00,0.1918345848501417
2018-06-29 00:24:00,0.22911642348242367
2018-06-29 00:27:00,0.23865538005662756
2018-06-29 00:30:00,0.25824175778507197
2018-06-29 00:33:00,0.24997249506276376
2018-06-29 00:36:00,0.19570776352730945
2018-06-29 00:39:00,0.2875568015096519
2018-06-29 00:42:00,0.19974884258425618
2018-06-29 00:45:00,0.20476406059867713
2018-06-29 00:48:00,0.29360350852294914
2018-06-29 00:51:00,0.3442280418411201
2018-06-29 00:54:00,0.17513487576763964
2018-06-29 00:57:00,0.2743240662287576
2018-06-29 01:00:00,0.21613077796064317
2018-06-29 01:03:00,0.30993579955116957
2018-06-29 01:06:00,0.35991413743306566
2018-06-29 01:09:00,0.2767835519643427
2018-06-29 01:12:00,0.22735636372317458
2018-06-29 01:15:00,0.3402712360478404
2018-06-29 01:18:00,0.2897363785244238
2018-06-29 01:21:00,0.2406359077003799
2018-06-29 01:24:00,0.34381584882152083
2018-06-29 01:27:00,0.3807759322581319
2018-06-29 01:30:00,0.31902025534975564
2018-06-29 01:33:00,0.23127242613014687
2018-06-29 01:36:00,0.2080684982572052
2018-06-29 01:39:00,0.24881476799305347
2018-06-29 01:42:00,0.18284640161732568
2018-06-29 01:45:00,0.15001027842890835
2018-06-29 01:48:00,0.08443929849266851
2018-06-29 01:51:00,0.13345906830141985
2018-06-29 01:54:00,0.17527070737486383
2018-06-29 01:57:00,0.13286437773587068
2018-06-29 02:00:00,0.1568287584291852
2018-06-29 02:03:00,0.2758648622601072
2018-06-29 02:06:00,0.21660971524340766
2018-06-29 02:09:00,0.2093583795495988
2018-06-29 02:12:00,0.28823888433748834
2018-06-29 02:15:00,0.24986089326574756
2018-06-29 02:18:00,0.2782469896657176
2018-06-29 02:21:00,0.2632461762254934
2018-06-29 02:24:00,0.2433198557372407
2018-06-29 02:27:00,0.30280916568068506
2018-06-29 02:30:00,0.11456308436129348
2018-06-29 02:33:00,0.2878670730146382
2018-06-29 02:36:00,0.29848117286667275
2018-06-29 02:39:00,0.1996789859347814
2018-06-29 02:42:00,0.20004826984506963
2018-06-29 02:45:00,0.20312818796492138
2018-06-29 02:48:00,0.2718387450624391
2018-06-29 02:51:00,0.2383911120938933
2018-06-29 02:54:00,0.26821027157774324
2018-06-29 02:57:00,0.31962965951538536
2018-06-29 03:00:00,0.27903445134262483
2018-06-29 03:03:00,0.47128071217406386
2018-06-29 03:06:00,0.32254483505454346
2018-06-29 03:09:00,0.3469367227015141
2018-06-29 03:12:00,0.28655983780998895
2018-06-29 03:15:00,0.3263408012026048
2018-06-29 03:18:00,0.2454203606180272
2018-06-29 03:21:00,0.2680348251246869
2018-06-29 03:24:00,0.272758766768618
2018-06-29 03:27:00,0.2802069991965368
2018-06-29 03:30:00,0.37970588514957626
2018-06-29 03:33:00,0.25329855176306637
2018-06-29 03:36:00,0.2004270896374578
2018-06-29 03:39:00,0.19344001827209922
2018-06-29 03:42:00,0.19373316730536772
2018-06-29 03:45:00,0.14716175149396804
2018-06-29 03:48:00,0.2201836923129008
2018-06-29 03:51:00,0.15634534127985944
2018-06-29 03:54:00,0.24957797756491118
2018-06-29 03:57:00,0.14836645501304702
2018-06-29 04:00:00,0.19684603248293797
2018-06-29 04:03:00,0.1578968162144747
2018-06-29 04:06:00,0.21272006226649864
2018-06-29 04:09:00,0.33090007571621527
2018-06-29 04:12:00,0.2600146795831506
2018-06-29 04:15:00,0.3632814136295792
2018-06-29 04:18:00,0.2924347871898476
2018-06-29 04:21:00,0.2531534358197405
2018-06-29 04:24:00,0.24064732528978539
2018-06-29 04:27:00,0.26040578348664667
2018-06-29 04:30:00,0.29097557840566424
2018-06-29 04:33:00,0.3031455133000236
2018-06-29 04:36:00,0.28097033413251893
2018-06-29 04:39:00,0.32751678352548197
2018-06-29 04:42:00,0.2537164815459505
2018-06-29 04:45:00,0.2513521623183692
2018-06-29 04:48:00,0.28480933921667884
2018-06-29 04:51:00,0.27061995027651164
2018-06-29 04:54:00,0.26630502027563807
2018-06-29 04:57:00,0.3156171611420291
2018-06-29 05:00:00,0.3370049909647719
2018-06-29 05:03:00,0.3158494672406391
2018-06-29 05:06:00,0.2157437042839092
2018-06-29 05:09:00,0.18446667943715056
2018-06-29 05:12:00,0.22356608812140166
2018-06-29 05:15:00,0.2993517364127456
2018-06-29 05:18:00,0.3140674773883916
2018-06-29 05:21:00,0.33444867017124125
2018-06-29 05:24:00,0.32470642997793675
2018-06-29 05:27:00,0.2724278775056064
2018-06-29 05:30:00,0.3482729838092382
2018-06-29 05:33:00,0.3818723908798347
2018-06-29 05:36:00,0.3229374832027929
2018-06-29 05:39:00,0.2549737454190222
2018-06-29 05:42:00,0.2521169764917772
2018-06-29 05:45:00,0.25995900617533607
2018-06-29 05:48:00,0.25197091876174227
2018-06-29 05:51:00,0.21147722636663957
2018-06-29 05:54:00,0.24598691714589904
2018-06-29 05:57:00,0.24137738785918827
2018-06-29 06:00:00,0.28900630272431727
2018-06-29 06:03:00,0.23099741546212726
2018-06-29 06:06:00,0.27358447523334917
2018-06-29 06:09:00,0.281860578070507
2018-06-29 06:12:00,0.31501705103067934
2018-06-29 06:15:00,0.3007280158200274
2018-06-29 06:18:00,0.32370543176335786
2018-06-29 06:21:00,0.3060997377542094
2018-06-29 06:24:00,0.271885973222993
2018-06-29 06:27:00,0.21560652502029143
2018-06-29 06:30:00,0.22750442379015112
2018-06-29 06:33:00,0.2832936431962594
2018-06-29 06:36:00,0.1613603048235177
2018-06-29 06:39:00,0.24006795135522907
2018-06-29 06:42:00,0.2650097445289248
2018-06-29 06:45:00,0.320344867361257
2018-06-29 06:48:00,0.24244024333194147
2018-06-29 06:51:00,0.2788060396446781
2018-06-29 06:54:00,0.3696781214294447
2018-06-29 06:57:00,0.2648666219710094
2018-06-29 07:00:00,0.22568355439710786
2018-06-29 07:03:00,0.26748898009475397
2018-06-29 07:06:00,0.3484903568132154
2018-06-29 07:09:00,0.32188424308867525
2018-06-29 07:12:00,0.21506114096598594
2018-06-29 07:15:00,0.3147984206166825
2018-06-29 07:18:00,0.24257783849884618
2018-06-29 07:21:00,0.2678944121763607
2018-06-29 07:24:00,0.2226443945883716
2018-06-29 07:27:00,0.3221896373746631
2018-06-29 07:30:00,0.3961303205716149
2018-06-29 07:33:00,0.2754584155400721
2018-06-29 07:36:00,0.20814190426500545
2018-06-29 07:39:00,0.27612006668601907
2018-06-29 07:42:00,0.24553150633317955
2018-06-29 07:45:00,0.3081010438490921
2018-06-29 07:48:00,0.2885599029944501
2018-06-29 07:51:00,0.24086813372031202
2018-06-29 07:54:00,0.24876319153662507
2018-06-29 07:57:00,0.17912101049012108
2018-06-29 08:00:00,0.22629085229738166
2018-06-29 08:03:00,0.13096038382138886
2018-06-29 08:06:00,0.2353768318166658
2018-06-29 08:09:00,0.20133648737885323
2018-06-29 08:12:00,0.1856544751406659
2018-06-29 08:15:00,0.22182259278935135
2018-06-29 08:18:00,0.2655369659312896
2018-06-29 08:21:00,0.2840016606208451
2018-06-29 08:24:00,0.19497244875856268
2018-06-29 08:27:00,0.20675940524967018
2018-06-29 08:30:00,0.1250161858807246
2018-06-29 08:33:00,0.23354622481616616
2018-06-29 08:36:00,0.044191284494274896
2018-06-29 08:39:00,0.1528343660541509
2018-06-29 08:42:00,0.08044866646872606
2018-06-29 08:45:00,0.17949602429371225
2018-06-29 08:48:00,0.23435064470993439
2018-06-29 08:51:00,0.1713787258395314
2018-06-29 08:54:00,0.13929546308611407
2018-06-29 08:57:00,0.05299723590707117
2018-06-29 09:00:00,0.17051226893960347
2018-06-29 09:03:00,0.17486239068443865
2018-06-29 09:06:00,0.10217045612000675
2018-06-29 09:09:00,0.10464825706299052
2018-06-29 09:12:00,0.08527498988297566
2018-06-29 09:15:00,0.09013683669149941
2018-06-29 09:18:00,0.06463306747770048
2018-06-29 09:21:00,-0.05172166480241458
2018-06-29 09:24:00,-0.02829019015337053
2018-06-29 09:27:00,0.00027839057361234154
2018-06-29 09:30:00,-0.02025181331867998
2018-06-29 09:33:00,-0.023933783531674635
2018-06-29 09:36:00,0.052305271183627156
2018-06-29 09:39:00,0.010422374737970586
2018-06-29 09:42:00,0.04713854557360264
2018-06-29 09:45:00,0.010707885158524277
2018-06-29 09:48:00,0.10530917557139219
2018-06-29 09:51:00,0.055631904822973866
2018-06-29 09:54:00,-0.11246690812885163
2018-06-29 09:57:00,-0.08699916031798693
2018-06-29 10:00:00,-0.017980956261169467
2018-06-29 10:03:00,0.01575335044805115
2018-06-29 10:06:00,-0.08026277413608796
2018-06-29 10:09:00,-0.10036446535133337
2018-06-29 10:12:00,-0.029712550377325897
2018-06-29 10:15:00,-0.04335300144629173
2018-06-29 10:18:00,-0.021621249701695433
2018-06-29 10:21:00,-0.05041377965096672
2018-06-29 10:24:00,0.006657512340439098
2018-06-29 10:27:00,-0.04358251786015899
2018-06-29 10:30:00,0.07646864618385507
2018-06-29 10:33:00,-0.0316908618602838
2018-06-29 10:36:00,-0.00820728614047539
2018-06-29 10:39:00,-0.038763069750928025
2018-06-29 10:42:00,-0.07064793014882298
2018-06-29 10:45:00,-0.008313798180154208
2018-06-29 10:48:00,0.0549326774789165
2018-06-29 10:51:00,0.0276690890236182
2018-06-29 10:54:00,-0.006633842462008488
2018-06-29 10:57:00,-0.02640135850884917
2018-06-29 11:00:00,0.02389569544141068
2018-06-29 11:03:00,-0.0580267443421576
2018-06-29 11:06:00,-0.09898926926240392
2018-06-29 11:09:00,-0.12817041504325744
2018-06-29 11:12:00,-0.057467400980328875
2018-06-29 11:15:00,-0.03787486843583565
2018-06-29 11:18:00,-0.03359981229709774
2018-06-29 11:21:00,0.012990019738083447
2018-06-29 11:24:00,0.013675484822499584
2018-06-29 11:27:00,0.036078312371842
2018-06-29 11:30:00,-0.07316922687556371
2018-06-29 11:33:00,-0.11016181937065994
2018-06-29 11:36:00,-0.17650648505605204
2018-06-29 11:39:00,-0.1416141343800632
2018-06-29 11:42:00,-0.13591083511329316
2018-06-29 11:45:00,-0.12048533684600216
2018-06-29 11:48:00,-0.07077572320031322
2018-06-29 11:51:00,0.004987713357593293
2018-06-29 11:54:00,-0.05300287556372041
2018-06-29 11:57:00,0.07263211106976541
2018-06-29 12:00:00,0.12236387580992414
2018-06-29 12:03:00,0.07367726534369012
2018-06-29 12:06:00,-0.039176605702323286
2018-06-29 12:09:00,0.10366704746513733
2018-06-29 12:12:00,0.0918308291647918
2018-06-29 12:15:00,0.3149648294919416
2018-06-29 12:18:00,0.20839441805281922
2018-06-29 12:21:00,0.3236333376579523
2018-06-29 12:24:00,0.17794127908541668
2018-06-29 12:27:00,0.15212911673648932
2018-06-29 12:30:00,0.15201186915692233
2018-06-29 12:33:00,0.18315868193434426
2018-06-29 12:36:00,0.1328715043269426
2018-06-29 12:39:00,0.042374896406784046
2018-06-29 12:42:00,-0.1090610236866496
2018-06-29 12:45:00,0.036316956762334485
2018-06-29 12:48:00,0.17662211392735117
2018-06-29 12:51:00,0.09515460471504866
2018-06-29 12:54:00,-0.07988073669395135
2018-06-29 12:57:00,0.01663773724027351
2018-06-29 13:00:00,-0.19368838459627113
2018-06-29 13:03:00,-0.0717291826034625
2018-06-29 13:06:00,-0.0012317143230120564
2018-06-29 13:09:00,-0.022121825560816433
2018-06-29 13:12:00,-0.02714898896675777
2018-06-29 13:15:00,0.16717936968746017
2018-06-29 13:18:00,0.18025065103364568
2018-06-29 13:21:00,0.03069395029115185
2018-06-29 13:24:00,0.07342359779795515
2018-06-29 13:27:00,-0.014743152400114923
2018-06-29 13:30:00,-0.08451774230911724
2018-06-29 13:33:00,-0.023207144417597192
2018-06-29 13:36:00,-0.02244365903140988
2018-06-29 13:39:00,0.14768170220435195
2018-06-29 13:42:00,0.10245469757808223
2018-06-29 13:45:00,-0.034625065978104885
2018-06-29 13:48:00,0.09707222525690895
2018-06-29 13:51:00,0.11357976856987761
2018-06-29 13:54:00,0.028947797801833985
2018-06-29 13:57:00,0.16790995708748824
2018-06-29 14:00:00,0.134902763912919
2018-06-29 14:03:00,0.13971196027682709
2018-06-29 14:06:00,0.07065528001339771
2018-06-29 14:09:00,0.31434894160128124
2018-06-29 14:12:00,0.16407068390537916
2018-06-29 14:15:00,0.23038201184004947
2018-06-29 14:18:00,0.2172176135985069
2018-06-29 14:21:00,0.1502467435651056
2018-06-29 14:24:00,0.11301452524139677
2018-06-29 14:27:00,0.0807339546510093
2018-06-29 14:30:00,-0.020803693327081874
2018-06-29 14:33:00,0.01794163167909346
2018-06-29 14:36:00,-0.13644675209673096
2018-06-29 14:39:00,-0.15182435155736584
2018-06-29 14:42:00,-0.21551896899734402
2018-06-29 14:45:00,-0.22294000008514558
2018-06-29 14:48:00,-0.10485066100102358
2018-06-29 14:51:00,-0.11340589595943129
2018-06-29 14:54:00,-0.12389286786492448
2018-06-29 14:57:00,-0.08650625408392898
2018-06-29 15:00:00,-0.12154277226289878
2018-06-29 15:03:00,-0.12177058785636063
2018-06-29 15:06:00,-0.04223534563624298
2018-06-29 15:09:00,-0.021449543783717218
2018-06-29 15:12:00,-0.19619882744376582
2018-06-29 15:15:00,-0.29949775254743827
2018-06-29 15:18:00,-0.23203019031871008
2018-06-29 15:21:00,-0.08650125939658437
2018-06-29 15:24:00,-0.19176241429460106
2018-06-29 15:27:00,-0.2518642445053274
2018-06-29 15:30:00,-0.12074868478089229
2018-06-29 15:33:00,0.009822699294602444
2018-06-29 15:36:00,0.007232172915962565
2018-06-29 15:39:00,0.045166779161206705
2018-06-29 15:42:00,0.030150037925693596
2018-06-29 15:45:00,-0.0527222187529901
2018-06-29 15:48:00,-0.15201783394638824
2018-06-29 15:51:00,-0.3499979640531592
2018-06-29 15:54:00,-0.31345439724918833
2018-06-29 15:57:00,-0.2116658487902896
2018-06-29 16:00:00,-0.21048910034915025
2018-06-29 16:03:00,-0.30455543670620955
2018-06-29 16:06:00,-0.22722779423742168
2018-06-29 16:09:00,-0.26499102799721186
2018-06-29 16:12:00,-0.38018232046306366
2018-06-29 16:15:00,-0.15225872637057591
2018-06-29 16:18:00,-0.15499287138788986
2018-06-29 16:21:00,-0.07160509052158659
2018-06-29 16:24:00,0.07814000624114215
2018-06-29 16:27:00,-0.03094678087052216
2018-06-29 16:30:00,-0.1497338586073056
2018-06-29 16:33:00,-0.22082914457052993
2018-06-29 16:36:00,-0.24994564040048317
2018-06-29 16:39:00,-0.21060185248506968
2018-06-29 16:42:00,-0.15462334258512556
2018-06-29 16:45:00,-0.17680526068329527
2018-06-29 16:48:00,-0.12835981970874855
2018-06-29 16:51:00,-0.22572655213116377
2018-06-29 16:54:00,-0.28550197871317096
2018-06-29 16:57:00,-0.14372084080685
2018-06-29 17:00:00,-0.26245905013098536
2018-06-29 17:03:00,-0.1593103169122969
2018-06-29 17:06:00,-0.22859695746302577
2018-06-29 17:09:00,-0.19090022347467084
2018-06-29 17:12:00,-0.07187549778780067
2018-06-29 17:15:00,-0.02324376199908329
2018-06-29 17:18:00,-0.04518116753826007
2018-06-29 17:21:00,0.007959194340742215
2018-06-29 17:24:00,0.03941667543523408
2018-06-29 17:27:00,0.11458798998478414
2018-06-29 17:30:00,0.08775700248810381
2018-06-29 17:33:00,0.12468165926480879
2018-06-29 17:36:00,0.13245470034451046
2018-06-29 17:39:00,0.15324568132388094
2018-06-29 17:42:00,0.1539008393552308
2018-06-29 17:45:00,0.19555545826392517
2018-06-29 17:48:00,0.22897660214334792
2018-06-29 17:51:00,0.23093106456929036
2018-06-29 17:54:00,0.1741687173219475
2018-06-29 17:57:00,0.2900752865116374
2018-06-29 18:00:00,0.3827200707359566
2018-06-29 18:03:00,0.3911124455910908
2018-06-29 18:06:00,0.24264015627534263
2018-06-29 18:09:00,0.2998089960874495
2018-06-29 18:12:00,0.267700034588529
2018-06-29 18:15:00,0.37103126246177
2018-06-29 18:18:00,0.36610719611525155
2018-06-29 18:21:00,0.3875608745512409
2018-06-29 18:24:00,0.23017664375078084
2018-06-29 18:27:00,0.19946641239391738
2018-06-29 18:30:00,0.10216605928377476
2018-06-29 18:33:00,0.22957145969991188
2018-06-29 18:36:00,0.2128733368924145
2018-06-29 18:39:00,0.17378692775002946
2018-06-29 18:42:00,0.36476975265293277
2018-06-29 18:45:00,0.321441740149055
2018-06-29 18:48:00,0.33863022557056865
2018-06-29 18:51:00,0.32238975254739444
2018-06-29 18:54:00,0.2813756101205058
2018-06-29 18:57:00,
2018-06-29 19:00:00,
2018-06-29 19:03:00,0.2301259893915244
2018-06-29 19:06:00,0.23870594577783777
2018-06-29 19:09:00,0.2721079630749159
2018-06-29 19:12:00,0.2850446046052184
2018-06-29 19:15:00,0.3954084196851113
2018-06-29 19:18:00,0.3714063929821805
2018-06-29 19:21:00,0.40277244029454096
2018-06-29 19:24:00,0.37466197098149223
2018-06-29 19:27:00,0.3905688055933183
2018-06-29 19:30:00,0.2723761337420001
2018-06-29 19:33:00,0.24231639542392713
2018-06-29 19:36:00,0.0471588090506998
2018-06-29 19:39:00,0.1673286731636381
2018-06-29 19:42:00,0.19176056912834838
2018-06-29 19:45:00,0.16568998748789454
2018-06-29 19:48:00,0.15858801242404752
2018-06-29 19:51:00,0.2889021720410483
2018-06-29 19:54:00,0.21001934441500225
2018-06-29 19:57:00,0.33018340979958793
2018-06-29 20:00:00,0.32705017699203154
2018-06-29 20:03:00,0.32233135388599976
2018-06-29 20:06:00,0.22695922450134276
2018-06-29 20:09:00,0.3442854958308317
2018-06-29 20:12:00,0.29358882168327227
2018-06-29 20:15:00,0.21208663839496467
2018-06-29 20:18:00,0.2379836655403551
2018-06-29 20:21:00,0.177919424792492
2018-06-29 20:24:00,0.2581291504966998
2018-06-29 20:27:00,0.23380158061024758
2018-06-29 20:30:00,0.2712177622735794
2018-06-29 20:33:00,0.21822308592561512
2018-06-29 20:36:00,0.2999422807145038
2018-06-29 20:39:00,0.3225081128732086
2018-06-29 20:42:00,0.26879340801303897
2018-06-29 20:45:00,0.24802378247898105
2018-06-29 20:48:00,0.27177038115536334
2018-06-29 20:51:00,0.28427054162870036
2018-06-29 20:54:00,0.18667187176868083
2018-06-29 20:57:00,0.2835921130668453
2018-06-29 21:00:00,0.3448557254890261
2018-06-29 21:03:00,0.3614096445845689
2018-06-29 21:06:00,0.29314680919242164
2018-06-29 21:09:00,0.29648446972055353
2018-06-29 21:12:00,0.2847653046691221
2018-06-29 21:15:00,0.3630847508971442
2018-06-29 21:18:00,0.29487961137220964
2018-06-29 21:21:00,0.3048979146190618
2018-06-29 21:24:00,0.25569514029268703
2018-06-29 21:27:00,0.2667826823282553
2018-06-29 21:30:00,0.35399260023871193
2018-06-29 21:33:00,0.22076558088082265
2018-06-29 21:36:00,0.20105139452243748
2018-06-29 21:39:00,0.1794552886935321
2018-06-29 21:42:00,0.26442148685066513
2018-06-29 21:45:00,0.2811284060355774
2018-06-29 21:48:00,0.22772320304079585
2018-06-29 21:51:00,0.2531875522910241
2018-06-29 21:54:00,0.2673354001084931
2018-06-29 21:57:00,0.22541065327175147
2018-06-29 22:00:00,0.2740889908926647
2018-06-29 22:03:00,0.34935545967033477
2018-06-29 22:06:00,0.34438275021153686
2018-06-29 22:09:00,0.26653679707135325
2018-06-29 22:12:00,0.3581973107678209
2018-06-29 22:15:00,0.3097678112803237
2018-06-29 22:18:00,0.283799932455679
2018-06-29 22:21:00,0.18912518795207234
2018-06-29 22:24:00,0.24018127652703924
2018-06-29 22:27:00,0.2642357523974397
2018-06-29 22:30:00,0.3480245186447064
2018-06-29 22:33:00,0.29865078929640276
2018-06-29 22:36:00,0.27427670307770313
2018-06-29 22:39:00,0.31805533839292366
2018-06-29 22:42:00,0.31653531713953953
2018-06-29 22:45:00,0.2422933252443613
2018-06-29 22:48:00,0.2872433277591995
2018-06-29 22:51:00,0.2285681508557218
2018-06-29 22:54:00,0.2977553934987327
2018-06-29 22:57:00,0.34049071467751446
2018-06-29 23:00:00,0.25477356656102756
2018-06-29 23:03:00,0.24785138140987328
2018-06-29 23:06:00,0.2797976046562667
2018-06-29 23:09:00,0.2733892634554991
2018-06-29 23:12:00,0.2754292548782473
2018-06-29 23:15:00,0.262498465226372
2018-06-29 23:18:00,0.30327278537208713
2018-06-29 23:21:00,0.28823035862330926
2018-06-29 23:24:00,0.30759875793751235
2018-06-29 23:27:00,0.29896987051517954
2018-06-29 23:30:00,0.24677096360255746
2018-06-29 23:33:00,0.2839886630432602
2018-06-29 23:36:00,0.311570435944418
2018-06-29 23:39:00,0.3183757530084108
2018-06-29 23:42:00,0.4325571100279717
2018-06-29 23:45:00,0.29690740950979944
2018-06-29 23:48:00,0.34079686601779713
2018-06-29 23:51:00,0.28643122173235724
2018-06-29 23:54:00,0.34431246815694294
2018-06-29 23:57:00,0.2698363907531416
2018-06-30 00:00:00,0.3137595144256693
2018-06-30 00:03:00,0.2623151398322534
2018-06-30 00:06:00,0.29702817717196695
2018-06-30 00:09:00,0.3208023986115336
2018-06-30 00:12:00,0.34948163190671266
2018-06-30 00:15:00,0.2662352404575472
2018-06-30 00:18:00,0.2680382754918469
2018-06-30 00:21:00,0.31739940899007024
2018-06-30 00:24:00,0.3557980880568721
2018-06-30 00:27:00,0.33227035739253097
2018-06-30 00:30:00,0.2791453357586988
2018-06-30 00:33:00,0.29860429043549175
2018-06-30 00:36:00,0.339202989778812
2018-06-30 00:39:00,0.3004710109978532
2018-06-30 00:42:00,0.25606672694902954
2018-06-30 00:45:00,0.30846906107416316
2018-06-30 00:48:00,0.3392495046616091
2018-06-30 00:51:00,0.32521195166697225
2018-06-30 00:54:00,0.22695337528756454
2018-06-30 00:57:00,0.30702965204181965
2018-06-30 01:00:00,0.35144370886911247
2018-06-30 01:03:00,0.32729340111791316
2018-06-30 01:06:00,0.26730238829242126
2018-06-30 01:09:00,0.29275068033115303
2018-06-30 01:12:00,0.34489640626293294
2018-06-30 01:15:00,0.3121656848973089
2018-06-30 01:18:00,0.3396388260284766
2018-06-30 01:21:00,0.331521811691573
2018-06-30 01:24:00,0.2950920570389144
2018-06-30 01:27:00,0.2559970217093337
2018-06-30 01:30:00,0.20590916542732884
2018-06-30 01:33:00,0.18560075836171563
2018-06-30 01:36:00,0.3007372138434903
2018-06-30 01:39:00,0.2697719484088452
2018-06-30 01:42:00,0.2416921604680624
2018-06-30 01:45:00,0.24210302917720128
2018-06-30 01:48:00,0.2635373100768561
2018-06-30 01:51:00,0.25559533627819064
2018-06-30 01:54:00,0.2801024982039735
2018-06-30 01:57:00,0.3446567771524087
2018-06-30 02:00:00,0.3623511399555355
2018-06-30 02:03:00,0.3866967158227226
2018-06-30 02:06:00,0.2157935657084522
2018-06-30 02:09:00,0.34466362785201454
2018-06-30 02:12:00,0.3249024996762273
2018-06-30 02:15:00,0.36545291190191165
2018-06-30 02:18:00,0.23113495098471049
2018-06-30 02:21:00,0.29771590807860093
2018-06-30 02:24:00,0.31110419236739517
2018-06-30 02:27:00,0.3586205655535082
2018-06-30 02:30:00,0.3014083357163031
2018-06-30 02:33:00,0.3507971890157364
2018-06-30 02:36:00,0.3951329808105015
2018-06-30 02:39:00,0.28556144683602724
2018-06-30 02:42:00,0.2720457454874463
2018-06-30 02:45:00,0.331561508725315
2018-06-30 02:48:00,0.2924668956330265
2018-06-30 02:51:00,0.32147943582430116
2018-06-30 02:54:00,0.2762159616214035
2018-06-30 02:57:00,0.3856287943658572
2018-06-30 03:00:00,0.4485072421519476
2018-06-30 03:03:00,0.38683091125835745
2018-06-30 03:06:00,0.4098192946058816
2018-06-30 03:09:00,0.38179554568910135
2018-06-30 03:12:00,0.3770750991745899
2018-06-30 03:15:00,0.44912740610146784
2018-06-30 03:18:00,0.26337437094008465
2018-06-30 03:21:00,0.44343286641839086
2018-06-30 03:24:00,0.31521280465926793
2018-06-30 03:27:00,0.3667367804897026
2018-06-30 03:30:00,0.33775073446673787
2018-06-30 03:33:00,0.3470710015790246
2018-06-30 03:36:00,0.3753017838104711
2018-06-30 03:39:00,0.36824534566699185
2018-06-30 03:42:00,0.3878217974914264
2018-06-30 03:45:00,0.33970864894405395
2018-06-30 03:48:00,0.3094188379199636
2018-06-30 03:51:00,0.38935965895927893
2018-06-30 03:54:00,0.3356890775311854
2018-06-30 03:57:00,0.3791727170231525
2018-06-30 04:00:00,0.3981696879761216
2018-06-30 04:03:00,0.353764014832052
2018-06-30 04:06:00,0.3058400170529012
2018-06-30 04:09:00,0.3763587249417242
2018-06-30 04:12:00,0.3547633888828159
2018-06-30 04:15:00,0.28015749690450775
2018-06-30 04:18:00,0.3011546162903187
2018-06-30 04:21:00,0.3367527791086218
2018-06-30 04:24:00,0.3231164912721738
2018-06-30 04:27:00,0.3111923519819584
2018-06-30 04:30:00,0.3891794789070673
2018-06-30 04:33:00,0.34730656671030147
2018-06-30 04:36:00,0.3426114782720333
2018-06-30 04:39:00,0.2875987693721527
2018-06-30 04:42:00,0.280263192876248
2018-06-30 04:45:00,0.37424446305533365
2018-06-30 04:48:00,0.40716594518818283
2018-06-30 04:51:00,0.33425391294343854
2018-06-30 04:54:00,0.37958253773041406
2018-06-30 04:57:00,0.35364738246920524
2018-06-30 05:00:00,0.3468192548115212
2018-06-30 05:03:00,0.3452334283302321
2018-06-30 05:06:00,0.41411290196958817
2018-06-30 05:09:00,0.27047923037804367
2018-06-30 05:12:00,0.2881879394194584
2018-06-30 05:15:00,0.31693899171989415
2018-06-30 05:18:00,0.2652110526864817
2018-06-30 05:21:00,0.3740176013265568
2018-06-30 05:24:00,0.39627471309739803
2018-06-30 05:27:00,0.38303819358196733
2018-06-30 05:30:00,0.3796706973415098
2018-06-30 05:33:00,0.33657495974887297
2018-06-30 05:36:00,0.37554113978416126
2018-06-30 05:39:00,0.43114575167817293
2018-06-30 05:42:00,0.43733790711155507
2018-06-30 05:45:00,0.36766244927935077
2018-06-30 05:48:00,0.3971870368865211
2018-06-30 05:51:00,0.3317215990026625
2018-06-30 05:54:00,0.3295970997179438
2018-06-30 05:57:00,0.33745858309356436
2018-06-30 06:00:00,0.31071231141521594
2018-06-30 06:03:00,0.41169594451662306
2018-06-30 06:06:00,0.4561090739392739
2018-06-30 06:09:00,0.3909411813562542
2018-06-30 06:12:00,0.315621993598711
2018-06-30 06:15:00,0.37133835734323384
2018-06-30 06:18:00,0.4033796540150547
2018-06-30 06:21:00,0.3800927610730582
2018-06-30 06:24:00,0.48585804646569386
2018-06-30 06:27:00,0.3803386872102692
2018-06-30 06:30:00,0.46100602680701286
2018-06-30 06:33:00,0.38810459022926125
2018-06-30 06:36:00,0.33307752799339596
2018-06-30 06:39:00,0.3739042783990385
2018-06-30 06:42:00,0.26795512538456023
2018-06-30 06:45:00,0.4488353421160127
2018-06-30 06:48:00,0.40239279269400186
2018-06-30 06:51:00,0.47877811280659444
2018-06-30 06:54:00,0.3797478719515084
2018-06-30 06:57:00,0.3672648799208673
2018-06-30 07:00:00,0.455431224355209
2018-06-30 07:03:00,0.39333406778172275
2018-06-30 07:06:00,0.38393159773511343
2018-06-30 07:09:00,0.40762878474271247
2018-06-30 07:12:00,0.34022875954849496
2018-06-30 07:15:00,0.40354858320858966
2018-06-30 07:18:00,0.3440618519395571
2018-06-30 07:21:00,0.33433623747066576
2018-06-30 07:24:00,0.34162727314895847
2018-06-30 07:27:00,0.3694490813604716
2018-06-30 07:30:00,0.4040788954611685
2018-06-30 07:33:00,0.3730744312291563
2018-06-30 07:36:00,0.48336150833500824
2018-06-30 07:39:00,0.31936069883704477
2018-06-30 07:42:00,0.42763923479441246
2018-06-30 07:45:00,0.37712712309308927
2018-06-30 07:48:00,0.27147453874232497
2018-06-30 07:51:00,0.36885902112709346
2018-06-30 07:54:00,0.4246350982135141
2018-06-30 07:57:00,0.3649216962558057
2018-06-30 08:00:00,0.2640018197491827
2018-06-30 08:03:00,0.3172844745442376
2018-06-30 08:06:00,0.3081698180430976
2018-06-30 08:09:00,0.26943473027029086
2018-06-30 08:12:00,0.25623589525326906
2018-06-30 08:15:00,0.37563964042237785
2018-06-30 08:18:00,0.3536950823391294
2018-06-30 08:21:00,0.36945585861769814
2018-06-30 08:24:00,0.35563173565168427
2018-06-30 08:27:00,0.2568648519792873
2018-06-30 08:30:00,0.24014481173605873
2018-06-30 08:33:00,0.2372965752043683
2018-06-30 08:36:00,0.13992437793626777
2018-06-30 08:39:00,0.2290422665718097
2018-06-30 08:42:00,0.2642312160260758
2018-06-30 08:45:00,0.2156830511119665
2018-06-30 08:48:00,0.18873645331126454
2018-06-30 08:51:00,0.2032873676353688
2018-06-30 08:54:00,0.17484578791834338
2018-06-30 08:57:00,0.15861155363882062
2018-06-30 09:00:00,0.1040775370377105
2018-06-30 09:03:00,0.18187270715787918
2018-06-30 09:06:00,0.08396369967204009
2018-06-30 09:09:00,0.06647550660204615
2018-06-30 09:12:00,0.009126565793337704
2018-06-30 09:15:00,0.06139111667232555
2018-06-30 09:18:00,-0.033912895546848176
2018-06-30 09:21:00,0.06406587272499564
2018-06-30 09:24:00,0.02804627645105029
2018-06-30 09:27:00,-0.007492271709566012
2018-06-30 09:30:00,0.07437498818194399
2018-06-30 09:33:00,-0.0555146685658201
2018-06-30 09:36:00,-0.026764728332921095
2018-06-30 09:39:00,-0.00953724225081487
2018-06-30 09:42:00,0.07699604957622341
2018-06-30 09:45:00,0.0579409558831685
2018-06-30 09:48:00,0.07540562686040175
2018-06-30 09:51:00,-0.015802132855867512
2018-06-30 09:54:00,-0.06282791090342243
2018-06-30 09:57:00,-0.01575014288289367
2018-06-30 10:00:00,0.014381088069967518
2018-06-30 10:03:00,-0.052801649854757216
2018-06-30 10:06:00,-0.07997563491915116
2018-06-30 10:09:00,-0.07556437417775896
2018-06-30 10:12:00,-0.08004145518196992
2018-06-30 10:15:00,-0.06031401962570726
2018-06-30 10:18:00,-0.08040705079878308
2018-06-30 10:21:00,-0.10594968653498427
2018-06-30 10:24:00,-0.24718915422488408
2018-06-30 10:27:00,-0.11744509053147567
2018-06-30 10:30:00,-0.10435640240950761
2018-06-30 10:33:00,-0.2006402481891314
2018-06-30 10:36:00,-0.25236646048233524
2018-06-30 10:39:00,-0.2863718418946064
2018-06-30 10:42:00,-0.2402694663713305
2018-06-30 10:45:00,-0.2883737434081013
2018-06-30 10:48:00,-0.29684518770153545
2018-06-30 10:51:00,-0.27036367066392586
2018-06-30 10:54:00,-0.30133648380240174
2018-06-30 10:57:00,-0.30342458319347543
2018-06-30 11:00:00,-0.2426958648730988
2018-06-30 11:03:00,-0.32376078028659094
2018-06-30 11:06:00,-0.29202492945563563
2018-06-30 11:09:00,-0.30081149519696737
2018-06-30 11:12:00,-0.16675394136461819
2018-06-30 11:15:00,-0.23376024735512146
2018-06-30 11:18:00,-0.3123010382632856
2018-06-30 11:21:00,-0.2688092958618995
2018-06-30 11:24:00,-0.23947226688937917
2018-06-30 11:27:00,-0.26222408329704194
2018-06-30 11:30:00,-0.17535427300100537
2018-06-30 11:33:00,-0.086988525865479
2018-06-30 11:36:00,-0.23927204422386694
2018-06-30 11:39:00,-0.04515788156720646
2018-06-30 11:42:00,-0.17935694299421812
2018-06-30 11:45:00,-0.32967062325940333
2018-06-30 11:48:00,-0.18582866105953144
2018-06-30 11:51:00,-0.2750855341475926
2018-06-30 11:54:00,-0.22613158488007912
2018-06-30 11:57:00,-0.0908004076578095
2018-06-30 12:00:00,-0.19668928444804124
2018-06-30 12:03:00,-0.12158949994176282
2018-06-30 12:06:00,-0.15708344672032126
2018-06-30 12:09:00,-0.1818039010511825
2018-06-30 12:12:00,-0.21454230144291841
2018-06-30 12:15:00,-0.13574419689507522
2018-06-30 12:18:00,-0.12190728425497355
2018-06-30 12:21:00,-0.23285817323994706
2018-06-30 12:24:00,-0.15949215288151208
2018-06-30 12:27:00,-0.10374397566920379
2018-06-30 12:30:00,-0.06739985078121435
2018-06-30 12:33:00,-0.20416928902255904
2018-06-30 12:36:00,-0.17742712204648114
2018-06-30 12:39:00,-0.15642989070784097
2018-06-30 12:42:00,-0.10571414602367213
2018-06-30 12:45:00,-0.11085180137717998
2018-06-30 12:48:00,-0.2325076496924794
2018-06-30 12:51:00,-0.1877360051256005
2018-06-30 12:54:00,-0.10745443221480855
2018-06-30 12:57:00,-0.11870592933041735
2018-06-30 13:00:00,-0.08398348664047717
2018-06-30 13:03:00,-0.14036144204544598
2018-06-30 13:06:00,0.02289489304990866
2018-06-30 13:09:00,-0.1553983921843951
2018-06-30 13:12:00,-0.2940655346275207
2018-06-30 13:15:00,-0.08924578338763922
2018-06-30 13:18:00,-0.14303784578862633
2018-06-30 13:21:00,-0.10192045290750684
2018-06-30 13:24:00,-0.06475311067981693
2018-06-30 13:27:00,-0.1230344382348676
2018-06-30 13:30:00,-0.11883951556177408
2018-06-30 13:33:00,-0.17392614008440432
2018-06-30 13:36:00,-0.18788313791452538
2018-06-30 13:39:00,-0.14774967577034204
2018-06-30 13:42:00,-0.10442016835571621
2018-06-30 13:45:00,-0.06972851073226138
2018-06-30 13:48:00,-0.08642288437738443
2018-06-30 13:51:00,0.023485768377440763
2018-06-30 13:54:00,-0.09135652744271283
2018-06-30 13:57:00,0.05682083110207259
2018-06-30 14:00:00,-0.02924419674644696
2018-06-30 14:03:00,-0.03595719679941567
2018-06-30 14:06:00,-0.09599102885829325
2018-06-30 14:09:00,-0.07119099504632231
2018-06-30 14:12:00,-0.09957979978844378
2018-06-30 14:15:00,0.009580020291309665
2018-06-30 14:18:00,-0.15679139735760828
2018-06-30 14:21:00,0.006038407715948324
2018-06-30 14:24:00,-0.04041752991861358
2018-06-30 14:27:00,-0.11434741224235268
2018-06-30 14:30:00,-0.20071128568667973
2018-06-30 14:33:00,-0.1689161274452431
2018-06-30 14:36:00,-0.10814650417711391
2018-06-30 14:39:00,-0.0310077704317564
2018-06-30 14:42:00,-0.06285299046493265
2018-06-30 14:45:00,0.04798999657134573
2018-06-30 14:48:00,-0.06267874817541497
2018-06-30 14:51:00,0.018330923416499445
2018-06-30 14:54:00,-0.02579273449549646
2018-06-30 14:57:00,0.04362690428740734
2018-06-30 15:00:00,-0.09344124925814867
2018-06-30 15:03:00,-0.015434849158452835
2018-06-30 15:06:00,-0.0006736629926535898
2018-06-30 15:09:00,-0.08610226841472013
2018-06-30 15:12:00,-0.08264591933419752
2018-06-30 15:15:00,-0.06580504034235446
2018-06-30 15:18:00,-0.14274701304691462
2018-06-30 15:21:00,-0.11897456912674897
2018-06-30 15:24:00,-0.08726816383705227
2018-06-30 15:27:00,-0.04520455545258528
2018-06-30 15:30:00,-0.048259924176079494
2018-06-30 15:33:00,-0.03744732088182445
2018-06-30 15:36:00,-0.08009416685933957
2018-06-30 15:39:00,0.07025128430711902
2018-06-30 15:42:00,0.05171060930126714
2018-06-30 15:45:00,0.1473154673633985
2018-06-30 15:48:00,0.09068954777609406
2018-06-30 15:51:00,0.07445759180109235
2018-06-30 15:54:00,0.014017975789386128
2018-06-30 15:57:00,-0.11373064449060166
2018-06-30 16:00:00,0.03448560375568377
2018-06-30 16:03:00,0.13056790370609406
2018-06-30 16:06:00,0.0018122488071981024
2018-06-30 16:09:00,-0.015090750909678263
2018-06-30 16:12:00,0.24364798404843668
2018-06-30 16:15:00,0.23779471426882992
2018-06-30 16:18:00,0.1239780464156297
2018-06-30 16:21:00,0.18399701576720418
2018-06-30 16:24:00,-0.006340079674203025
2018-06-30 16:27:00,0.019709462500657082
2018-06-30 16:30:00,-0.07313167060362957
2018-06-30 16:33:00,-0.02554300863755543
2018-06-30 16:36:00,0.015265632354214631
2018-06-30 16:39:00,0.14518213259088952
2018-06-30 16:42:00,0.004158621982071509
2018-06-30 16:45:00,0.024301123819952863
2018-06-30 16:48:00,0.0640792888600572
2018-06-30 16:51:00,-0.016603283202641705
2018-06-30 16:54:00,-0.2221807545114416
2018-06-30 16:57:00,-0.05312650507426042
2018-06-30 17:00:00,-0.05753251278514426
2018-06-30 17:03:00,-0.029757326400726924
2018-06-30 17:06:00,0.001985488552577408
2018-06-30 17:09:00,0.050917529707305675
2018-06-30 17:12:00,-0.037413556219746624
2018-06-30 17:15:00,-0.07137995201304648
2018-06-30 17:18:00,0.0038129549251380013
2018-06-30 17:21:00,0.019677130037166535
2018-06-30 17:24:00,0.019771884970168685
2018-06-30 17:27:00,-0.03498971535231021
2018-06-30 17:30:00,-0.10062170665605663
2018-06-30 17:33:00,-0.024824273781973716
2018-06-30 17:36:00,-0.048001448333764074
2018-06-30 17:39:00,-0.0810633291144427
2018-06-30 17:42:00,-0.06373233625618013
2018-06-30 17:45:00,-0.10732713685177941
2018-06-30 17:48:00,-0.09366458313917292
2018-06-30 17:51:00,-0.08384296804990754
2018-06-30 17:54:00,-0.06406336602771034
2018-06-30 17:57:00,0.02350977013782085
2018-06-30 18:00:00,-0.10020307006499252
2018-06-30 18:03:00,0.010697011605032003
2018-06-30 18:06:00,-0.0043801568594972196
2018-06-30 18:09:00,0.0038160458281026877
2018-06-30 18:12:00,-0.08970141231907292
2018-06-30 18:15:00,0.016486832686894104
2018-06-30 18:18:00,-0.0018245179379619003
2018-06-30 18:21:00,-0.002902440012007901
2018-06-30 18:24:00,-0.00029963916216502184
2018-06-30 18:27:00,-0.041223767737221806
2018-06-30 18:30:00,-0.0027607564348386404
2018-06-30 18:33:00,-0.004403372035540087
2018-06-30 18:36:00,-0.05706636823771305
2018-06-30 18:39:00,-0.039753008817569935
2018-06-30 18:42:00,0.04941504349312709
2018-06-30 18:45:00,-0.014665671446550732
2018-06-30 18:48:00,-0.03236459450045004
2018-06-30 18:51:00,-0.003580092948368474
2018-06-30 18:54:00,0.06628028113260598
2018-06-30 18:57:00,0.009046010872793886
2018-06-30 19:00:00,0.06336815165053622
2018-06-30 19:03:00,-0.07447508875901576
2018-06-30 19:06:00,-0.010107645126424813
2018-06-30 19:09:00,0.021229265901297367
2018-06-30 19:12:00,0.11454921131127094
2018-06-30 19:15:00,0.02189578333195641
2018-06-30 19:18:00,0.0335135049634232
2018-06-30 19:21:00,0.044453424215646464
2018-06-30 19:24:00,-0.010053465380849502
2018-06-30 19:27:00,-0.005195522022233945
2018-06-30 19:30:00,-0.06273985811770899
2018-06-30 19:33:00,0.027221201852512422
2018-06-30 19:36:00,-0.05355225721177703
2018-06-30 19:39:00,-0.013410942616246757
2018-06-30 19:42:00,-0.014008808494907043
2018-06-30 19:45:00,-0.04082983954850761
2018-06-30 19:48:00,0.013198835583750679
2018-06-30 19:51:00,-0.0024332424007411646
2018-06-30 19:54:00,0.001672858490053386
2018-06-30 19:57:00,-0.0011419642124224083
2018-06-30 20:00:00,-0.05744162713267542
2018-06-30 20:03:00,0.05928949642674297
2018-06-30 20:06:00,0.054420356344678567
2018-06-30 20:09:00,0.05475271660412773
2018-06-30 20:12:00,0.1621602311434458
2018-06-30 20:15:00,-0.013141197815969008
2018-06-30 20:18:00,0.045598194857234375
2018-06-30 20:21:00,0.06062153346334753
2018-06-30 20:24:00,0.010747522539475085
2018-06-30 20:27:00,-0.02017259988576825
2018-06-30 20:30:00,-0.018992316796527575
2018-06-30 20:33:00,0.007395542536983157
2018-06-30 20:36:00,0.011974899907102099
2018-06-30 20:39:00,0.14624249607140882
2018-06-30 20:42:00,0.02409942638070106
2018-06-30 20:45:00,0.02103674927064958
2018-06-30 20:48:00,-0.003898631189485968
2018-06-30 20:51:00,0.06526723458904371
2018-06-30 20:54:00,0.0560938916855207
2018-06-30 20:57:00,0.0028922198691248013
2018-06-30 21:00:00,0.03672425170242377
2018-06-30 21:03:00,0.025095972738824912
2018-06-30 21:06:00,0.06851712747334204
2018-06-30 21:09:00,0.06371941813983995
2018-06-30 21:12:00,0.15680174152015525
2018-06-30 21:15:00,0.03372931396643253
2018-06-30 21:18:00,0.0208123920132266
2018-06-30 21:21:00,0.11701599446973887
2018-06-30 21:24:00,0.12418384583236275
2018-06-30 21:27:00,0.06118705506895594
2018-06-30 21:30:00,0.1734877708043996
2018-06-30 21:33:00,0.15265169045744642
2018-06-30 21:36:00,0.1682567029272377
2018-06-30 21:39:00,0.1445859227904407
2018-06-30 21:42:00,0.21322167548237303
2018-06-30 21:45:00,0.16728389571284197
2018-06-30 21:48:00,0.18378064801379423
2018-06-30 21:51:00,0.05440062490316677
2018-06-30 21:54:00,0.24212978951749164
2018-06-30 21:57:00,0.24234040108615318
2018-06-30 22:00:00,0.2045551566989161
2018-06-30 22:03:00,0.20793447899967532
2018-06-30 22:06:00,0.17777702407931883
2018-06-30 22:09:00,0.1277062962149671
2018-06-30 22:12:00,0.1970789081078692
2018-06-30 22:15:00,0.19800920569156233
2018-06-30 22:18:00,0.16803102608872678
2018-06-30 22:21:00,0.21727856403657597
2018-06-30 22:24:00,0.18621315195338184
2018-06-30 22:27:00,0.18228020696830072
2018-06-30 22:30:00,0.20201275609611002
2018-06-30 22:33:00,0.18806265729563165
2018-06-30 22:36:00,0.15545573231941034
2018-06-30 22:39:00,0.2807077912180489
2018-06-30 22:42:00,0.1504409661564523
2018-06-30 22:45:00,0.2402025411873865
2018-06-30 22:48:00,0.2253289560717917
2018-06-30 22:51:00,0.26038902453586843
2018-06-30 22:54:00,0.2063332580614201
2018-06-30 22:57:00,0.23365028056036863
2018-06-30 23:00:00,0.23699097554515447
2018-06-30 23:03:00,0.19876367413951357
2018-06-30 23:06:00,0.28752650339561114
2018-06-30 23:09:00,0.22263825643773316
2018-06-30 23:12:00,0.2780837952500974
2018-06-30 23:15:00,0.3005139133027228
2018-06-30 23:18:00,0.23212212551624134
2018-06-30 23:21:00,0.25453688501949046
2018-06-30 23:24:00,0.16330095901344066
2018-06-30 23:27:00,0.2358672005332778
2018-06-30 23:30:00,0.2887136388708882
2018-06-30 23:33:00,0.31719100651378085
2018-06-30 23:36:00,0.24297515683429083
2018-06-30 23:39:00,0.14684749678741582
2018-06-30 23:42:00,0.34792013292775437
2018-06-30 23:45:00,0.21120639199648394
2018-06-30 23:48:00,0.1605692093980906
2018-06-30 23:51:00,0.2576087360470183
2018-06-30 23:54:00,0.26131623147841765
2018-06-30 23:57:00,0.279518770441598
2018-07-01 00:00:00,0.24674155223067373
2018-07-01 00:03:00,0.22868967591864475
2018-07-01 00:06:00,0.19200696376537962
2018-07-01 00:09:00,0.24385045535859717
2018-07-01 00:12:00,0.21825666773469266
2018-07-01 00:15:00,0.2551836763878441
2018-07-01 00:18:00,0.21155927805324382
2018-07-01 00:21:00,0.2651228535236214
2018-07-01 00:24:00,0.2560896831426476
2018-07-01 00:27:00,0.16447451295994142
2018-07-01 00:30:00,0.21966089145979595
2018-07-01 00:33:00,0.3474314467552517
2018-07-01 00:36:00,0.19494131410169757
2018-07-01 00:39:00,0.21213763320935186
2018-07-01 00:42:00,0.2748903500519191
2018-07-01 00:45:00,0.24941381870263513
2018-07-01 00:48:00,0.21863028614984614
2018-07-01 00:51:00,0.29977094280508254
2018-07-01 00:54:00,0.2588376497996592
2018-07-01 00:57:00,0.21718473179259945
2018-07-01 01:00:00,0.2694787569902246
2018-07-01 01:03:00,0.35050025630891923
2018-07-01 01:06:00,0.3218680798157152
2018-07-01 01:09:00,0.3757675347213194
2018-07-01 01:12:00,0.2991883638154036
2018-07-01 01:15:00,0.34315434647464826
2018-07-01 01:18:00,0.33333585058323933
2018-07-01 01:21:00,0.2866301841442578
2018-07-01 01:24:00,0.3128226690751603
2018-07-01 01:27:00,0.2624474535581953
2018-07-01 01:30:00,0.2676022309315158
2018-07-01 01:33:00,0.32546605315229726
2018-07-01 01:36:00,0.2773502064262061
2018-07-01 01:39:00,0.29720842437666306
2018-07-01 01:42:00,0.31251695633091003
2018-07-01 01:45:00,0.31236804897440607
2018-07-01 01:48:00,0.3702690289870816
2018-07-01 01:51:00,0.30412116721527127
2018-07-01 01:54:00,0.25624822277427484
2018-07-01 01:57:00,0.35575696636851717
2018-07-01 02:00:00,0.2596166394308739
2018-07-01 02:03:00,0.39523138399943036
2018-07-01 02:06:00,0.3558687102550948
2018-07-01 02:09:00,0.35149977997861015
2018-07-01 02:12:00,0.25596473966146505
2018-07-01 02:15:00,0.2916741297532326
2018-07-01 02:18:00,0.2011013606139045
2018-07-01 02:21:00,0.26838203325581844
2018-07-01 02:24:00,0.28507025942889186
2018-07-01 02:27:00,0.2923416360206943
2018-07-01 02:30:00,0.23733136591829407
2018-07-01 02:33:00,0.3374791606998997
2018-07-01 02:36:00,0.33829699705125904
2018-07-01 02:39:00,0.4335718645966722
2018-07-01 02:42:00,0.35883385713140115
2018-07-01 02:45:00,0.3557632768213921
2018-07-01 02:48:00,0.33257570040160545
2018-07-01 02:51:00,0.3697802107650432
2018-07-01 02:54:00,0.4581347243621394
2018-07-01 02:57:00,0.3382223925705148
2018-07-01 03:00:00,0.4431638372618636
2018-07-01 03:03:00,0.40784822864003445
2018-07-01 03:06:00,0.3016095104050578
2018-07-01 03:09:00,0.35130957026757414
2018-07-01 03:12:00,0.3704378460244584
2018-07-01 03:15:00,0.31328354085212595
2018-07-01 03:18:00,0.40156050449070335
2018-07-01 03:21:00,0.4157605108198368
2018-07-01 03:24:00,0.3392546725400507
2018-07-01 03:27:00,0.3211517655596481
2018-07-01 03:30:00,0.3761232505431167
2018-07-01 03:33:00,0.4397352271593036
2018-07-01 03:36:00,0.3755386609343532
2018-07-01 03:39:00,0.4466522569552467
2018-07-01 03:42:00,0.3498676526541544
2018-07-01 03:45:00,0.38729799719561697
2018-07-01 03:48:00,0.345320118637062
2018-07-01 03:51:00,0.33602591024543926
2018-07-01 03:54:00,0.27769275906194935
2018-07-01 03:57:00,0.292931089685851
2018-07-01 04:00:00,0.264512564898439
2018-07-01 04:03:00,0.21757544268257334
2018-07-01 04:06:00,0.32301372026699937
2018-07-01 04:09:00,0.3030519960369702
2018-07-01 04:12:00,0.3110968974196453
2018-07-01 04:15:00,0.17969910649043186
2018-07-01 04:18:00,0.269081443852599
2018-07-01 04:21:00,0.20566970843071886
2018-07-01 04:24:00,0.3244059805310826
2018-07-01 04:27:00,0.26507220510330853
2018-07-01 04:30:00,0.3207922194335424
2018-07-01 04:33:00,0.30080882882424476
2018-07-01 04:36:00,0.33681609777357835
2018-07-01 04:39:00,0.26769085991594466
2018-07-01 04:42:00,0.33309701197663344
2018-07-01 04:45:00,0.3099037112733072
2018-07-01 04:48:00,0.2611833953243945
2018-07-01 04:51:00,0.18545497128945954
2018-07-01 04:54:00,0.25653987667203637
2018-07-01 04:57:00,0.37802096878272096
2018-07-01 05:00:00,0.28127408624482086
2018-07-01 05:03:00,0.3073708873650389
2018-07-01 05:06:00,0.26746584278492946
2018-07-01 05:09:00,0.32285236219746594
2018-07-01 05:12:00,0.3142387269574556
2018-07-01 05:15:00,0.29397594953877615
2018-07-01 05:18:00,0.33645296977368844
2018-07-01 05:21:00,0.2505215503504701
2018-07-01 05:24:00,0.3156639374917063
2018-07-01 05:27:00,0.377013032409252
2018-07-01 05:30:00,0.43999193131145375
2018-07-01 05:33:00,0.3821739509355666
2018-07-01 05:36:00,0.36339933679499836
2018-07-01 05:39:00,0.3678948032772382
2018-07-01 05:42:00,0.3589946162599631
2018-07-01 05:45:00,0.2823974209549647
2018-07-01 05:48:00,0.29587706062369534
2018-07-01 05:51:00,0.35289963705156424
2018-07-01 05:54:00,0.27310529366866376
2018-07-01 05:57:00,0.325626596514212
2018-07-01 06:00:00,0.26134745021835215
2018-07-01 06:03:00,0.24745474337493079
2018-07-01 06:06:00,0.3131441390199825
2018-07-01 06:09:00,0.2615511078852819
2018-07-01 06:12:00,0.30165864940681786
2018-07-01 06:15:00,0.27249881471459503
2018-07-01 06:18:00,0.2801459069133898
2018-07-01 06:21:00,0.24181991778215206
2018-07-01 06:24:00,0.31368301964806733
2018-07-01 06:27:00,0.3527612417051387
2018-07-01 06:30:00,0.2001262378624915
2018-07-01 06:33:00,0.30116268092677956
2018-07-01 06:36:00,0.26197191788418195
2018-07-01 06:39:00,0.3092218390988819
2018-07-01 06:42:00,0.2988274457487705
2018-07-01 06:45:00,0.29689781793706516
2018-07-01 06:48:00,0.35396489574924317
2018-07-01 06:51:00,0.3336958458125423
2018-07-01 06:54:00,0.33572827011244044
2018-07-01 06:57:00,0.21201228787202808
2018-07-01 07:00:00,0.3490081315344469
2018-07-01 07:03:00,0.33328117577127614
2018-07-01 07:06:00,0.26114655134171016
2018-07-01 07:09:00,0.47422715791771
2018-07-01 07:12:00,0.3233403595624509
2018-07-01 07:15:00,0.33077240477712166
2018-07-01 07:18:00,0.38281412985389807
2018-07-01 07:21:00,0.41654019120699104
2018-07-01 07:24:00,0.271222223911991
2018-07-01 07:27:00,0.3404409605122396
2018-07-01 07:30:00,0.3694807490680887
2018-07-01 07:33:00,0.35301097246735935
2018-07-01 07:36:00,0.37962728634909126
2018-07-01 07:39:00,0.28997177491083903
2018-07-01 07:42:00,0.36363672695767946
2018-07-01 07:45:00,0.4181487444155323
2018-07-01 07:48:00,0.26973409826962325
2018-07-01 07:51:00,0.36483513626347985
2018-07-01 07:54:00,0.34853161757649787
2018-07-01 07:57:00,0.4130117428584299
2018-07-01 08:00:00,0.5246258807566733
2018-07-01 08:03:00,0.39224824561790683
2018-07-01 08:06:00,0.3843888189076097
2018-07-01 08:09:00,0.38833339753421114
2018-07-01 08:12:00,0.36284067878483484
2018-07-01 08:15:00,0.27311239708393487
2018-07-01 08:18:00,0.3446654582447195
2018-07-01 08:21:00,0.37914015603070084
2018-07-01 08:24:00,0.3581898930901275
2018-07-01 08:27:00,0.41497730068806504
2018-07-01 08:30:00,0.28206899483177494
2018-07-01 08:33:00,0.2989430067341914
2018-07-01 08:36:00,0.21825802049966114
2018-07-01 08:39:00,0.29887010189429475
2018-07-01 08:42:00,0.3064853404396217
2018-07-01 08:45:00,0.2777543925079158
2018-07-01 08:48:00,0.35728004795504376
2018-07-01 08:51:00,0.242959794774265
2018-07-01 08:54:00,0.2241832574025011
2018-07-01 08:57:00,0.28820668843053454
2018-07-01 09:00:00,0.23674766530359648
2018-07-01 09:03:00,0.21401438821351348
2018-07-01 09:06:00,0.1825072924606843
2018-07-01 09:09:00,0.1994025620833213
2018-07-01 09:12:00,0.25163600125119956
2018-07-01 09:15:00,0.18453733477645073
2018-07-01 09:18:00,0.2552159085745984
2018-07-01 09:21:00,0.21710909883449858
2018-07-01 09:24:00,0.1037821506228056
2018-07-01 09:27:00,0.10507634818463885
2018-07-01 09:30:00,0.14580372128347108
2018-07-01 09:33:00,0.22169432907043074
2018-07-01 09:36:00,0.17838045259065893
2018-07-01 09:39:00,0.2130486773659186
2018-07-01 09:42:00,0.12561471024213233
2018-07-01 09:45:00,0.08855954258638121
2018-07-01 09:48:00,0.05413017375593654
2018-07-01 09:51:00,0.09997721582413988
2018-07-01 09:54:00,0.009270206158305427
2018-07-01 09:57:00,0.0332015189512731
2018-07-01 10:00:00,0.02160774589896164
2018-07-01 10:03:00,-0.03742056983969633
2018-07-01 10:06:00,-0.06968382456653899
2018-07-01 10:09:00,-0.12327781835807627
2018-07-01 10:12:00,-0.04693046493713382
2018-07-01 10:15:00,-0.08031321793157531
2018-07-01 10:18:00,-0.07992072384320181
2018-07-01 10:21:00,-0.07892909313284235
2018-07-01 10:24:00,-0.0645146548096136
2018-07-01 10:27:00,-0.11976197270377043
2018-07-01 10:30:00,-0.13239374030257522
2018-07-01 10:33:00,-0.1944934509207883
2018-07-01 10:36:00,-0.15599266577891058
2018-07-01 10:39:00,-0.03868537896687485
2018-07-01 10:42:00,-0.05610582289347121
2018-07-01 10:45:00,-0.1477016489577636
2018-07-01 10:48:00,-0.1451340291185943
2018-07-01 10:51:00,-0.14243062065156664
2018-07-01 10:54:00,-0.22696106286753093
2018-07-01 10:57:00,-0.1537495403604794
2018-07-01 11:00:00,-0.2550639543736679
2018-07-01 11:03:00,-0.30739278444292495
2018-07-01 11:06:00,-0.2834717675285674
2018-07-01 11:09:00,-0.25486896419215554
2018-07-01 11:12:00,-0.14468065498891747
2018-07-01 11:15:00,-0.3360120425686546
2018-07-01 11:18:00,-0.1442059625186971
2018-07-01 11:21:00,-0.1590279324576045
2018-07-01 11:24:00,-0.30568029084400905
2018-07-01 11:27:00,-0.23974902533507247
2018-07-01 11:30:00,-0.13626722720113094
2018-07-01 11:33:00,-0.28325467629997547
2018-07-01 11:36:00,-0.18016239881120555
2018-07-01 11:39:00,-0.20987577062140872
2018-07-01 11:42:00,-0.19243995324842444
2018-07-01 11:45:00,-0.2841310986373742
2018-07-01 11:48:00,-0.2626959949626553
2018-07-01 11:51:00,-0.25211641747381464
2018-07-01 11:54:00,-0.2546120689267468
2018-07-01 11:57:00,-0.2325692050781072
2018-07-01 12:00:00,-0.23443278323657069
2018-07-01 12:03:00,-0.22951617077961828
2018-07-01 12:06:00,-0.21223965431482839
2018-07-01 12:09:00,-0.20826861692552256
2018-07-01 12:12:00,-0.225417808061934
2018-07-01 12:15:00,-0.16667542314752382
2018-07-01 12:18:00,-0.20448429187644024
2018-07-01 12:21:00,-0.22289377109024144
2018-07-01 12:24:00,-0.1439467012020259
2018-07-01 12:27:00,-0.17787092753809475
2018-07-01 12:30:00,0.006851414664254207
2018-07-01 12:33:00,-0.015551723239241255
2018-07-01 12:36:00,-0.09698235016702483
2018-07-01 12:39:00,-0.22678587570590025
2018-07-01 12:42:00,-0.11654935668758526
2018-07-01 12:45:00,0.07695068049531528
2018-07-01 12:48:00,0.06816096501393076
2018-07-01 12:51:00,-0.035625248407598065
2018-07-01 12:54:00,-0.22431899933206978
2018-07-01 12:57:00,-0.20765904157019577
2018-07-01 13:00:00,-0.10935473463689505
2018-07-01 13:03:00,-0.26314429335667455
2018-07-01 13:06:00,-0.23690335339620106
2018-07-01 13:09:00,-0.3533891118232759
2018-07-01 13:12:00,-0.30378846881387744
2018-07-01 13:15:00,-0.4054519214013226
2018-07-01 13:18:00,-0.2907351955769286
2018-07-01 13:21:00,-0.33195541464692724
2018-07-01 13:24:00,-0.43547833014247317
2018-07-01 13:27:00,-0.29349020401019743
2018-07-01 13:30:00,-0.22529217333027418
2018-07-01 13:33:00,-0.256054088732526
2018-07-01 13:36:00,-0.36628447370617323
2018-07-01 13:39:00,-0.30778751479959965
2018-07-01 13:42:00,-0.43267113895205966
2018-07-01 13:45:00,-0.31806022512716936
2018-07-01 13:48:00,-0.33933344077337324
2018-07-01 13:51:00,-0.16391770161686736
2018-07-01 13:54:00,-0.14723185871258693
2018-07-01 13:57:00,-0.2735809688272184
2018-07-01 14:00:00,-0.15598149265593975
2018-07-01 14:03:00,-0.12678454557743635
2018-07-01 14:06:00,-0.24667126543596396
2018-07-01 14:09:00,-0.249939099461983
2018-07-01 14:12:00,-0.3267481391447973
2018-07-01 14:15:00,-0.34174819317655647
2018-07-01 14:18:00,-0.3054732437739176
2018-07-01 14:21:00,-0.13833457403694638
2018-07-01 14:24:00,-0.15344169926675022
2018-07-01 14:27:00,-0.1421236616967576
2018-07-01 14:30:00,-0.24518835169294562
2018-07-01 14:33:00,-0.16614045052983784
2018-07-01 14:36:00,-0.331684000827579
2018-07-01 14:39:00,-0.31597586081244344
2018-07-01 14:42:00,-0.4227243302230477
2018-07-01 14:45:00,-0.4033838277237578
2018-07-01 14:48:00,-0.2949991037205564
2018-07-01 14:51:00,-0.29466429722958765
2018-07-01 14:54:00,-0.37442535861197257
2018-07-01 14:57:00,-0.34422802662578533
2018-07-01 15:00:00,-0.43676740009038895
2018-07-01 15:03:00,-0.4271207431771131
2018-07-01 15:06:00,-0.3570629818821658
2018-07-01 15:09:00,-0.3659617610042005
2018-07-01 15:12:00,-0.38517595780575675
2018-07-01 15:15:00,-0.353747370660642
2018-07-01 15:18:00,-0.3266620748087803
2018-07-01 15:21:00,-0.34427548827727605
2018-07-01 15:24:00,-0.3825127438393565
2018-07-01 15:27:00,-0.2918201634540196
2018-07-01 15:30:00,-0.42627518194728964
2018-07-01 15:33:00,-0.5003764879042478
2018-07-01 15:36:00,-0.4311685277637025
2018-07-01 15:39:00,-0.42736377992071084
2018-07-01 15:42:00,-0.4268129525694917
2018-07-01 15:45:00,-0.48138864574480067
2018-07-01 15:48:00,-0.48299677880623904
2018-07-01 15:51:00,-0.4565438169925642
2018-07-01 15:54:00,-0.4011318700446509
2018-07-01 15:57:00,-0.3982902655078533
2018-07-01 16:00:00,-0.35192437366856666
2018-07-01 16:03:00,-0.3766364658452517
2018-07-01 16:06:00,-0.4049105302146927
2018-07-01 16:09:00,-0.34263368850309917
2018-07-01 16:12:00,-0.3545653453710429
2018-07-01 16:15:00,-0.3891587688962659
2018-07-01 16:18:00,-0.48227405048578476
2018-07-01 16:21:00,-0.37231627477507345
2018-07-01 16:24:00,-0.4275910537290315
2018-07-01 16:27:00,-0.4053042215008986
2018-07-01 16:30:00,-0.41805607751143725
2018-07-01 16:33:00,-0.3032207624072498
2018-07-01 16:36:00,-0.34796130935933434
2018-07-01 16:39:00,-0.1458661414074527
2018-07-01 16:42:00,-0.26164864790979436
2018-07-01 16:45:00,-0.3094158651504699
2018-07-01 16:48:00,-0.3441714594935661
2018-07-01 16:51:00,-0.33346808300234443
2018-07-01 16:54:00,-0.2926815569938981
2018-07-01 16:57:00,-0.3046982197490138
2018-07-01 17:00:00,-0.3103238949367437
2018-07-01 17:03:00,-0.38315286321227404
2018-07-01 17:06:00,-0.3243632689870992
2018-07-01 17:09:00,-0.35400833275116383
2018-07-01 17:12:00,-0.34953240799018204
2018-07-01 17:15:00,-0.347891792500036
2018-07-01 17:18:00,-0.33121379389552885
2018-07-01 17:21:00,-0.2990304988109074
2018-07-01 17:24:00,-0.2377467416329182
2018-07-01 17:27:00,-0.39927383216297585
2018-07-01 17:30:00,-0.2842355251099775
2018-07-01 17:33:00,-0.3834023334890162
2018-07-01 17:36:00,-0.32127512699662475
2018-07-01 17:39:00,-0.34301125744025285
2018-07-01 17:42:00,-0.20093656795484094
2018-07-01 17:45:00,-0.3083219639352137
2018-07-01 17:48:00,-0.3038917091064377
2018-07-01 17:51:00,-0.2929201987719239
2018-07-01 17:54:00,-0.2885037767851486
2018-07-01 17:57:00,-0.2665494634559309
2018-07-01 18:00:00,-0.2232550669876332
2018-07-01 18:03:00,-0.31464170966421534
2018-07-01 18:06:00,-0.284219981493095
2018-07-01 18:09:00,-0.28081045063521515
2018-07-01 18:12:00,-0.152453419232927
2018-07-01 18:15:00,-0.13749996330085423
2018-07-01 18:18:00,-0.17105888309998818
2018-07-01 18:21:00,-0.2143590126371464
2018-07-01 18:24:00,-0.1031344694193308
2018-07-01 18:27:00,-0.19905742897333312
2018-07-01 18:30:00,-0.13132948818702062
2018-07-01 18:33:00,-0.021258723149173875
2018-07-01 18:36:00,0.011793430213515421
2018-07-01 18:39:00,-0.08738733506930885
2018-07-01 18:42:00,-0.081177993083827
2018-07-01 18:45:00,-0.13469511678277968
2018-07-01 18:48:00,-0.011582216920146493
2018-07-01 18:51:00,-0.06510513627762293
2018-07-01 18:54:00,-0.0920097444021053
2018-07-01 18:57:00,-0.0661952519091642
2018-07-01 19:00:00,-0.024134143568971922
2018-07-01 19:03:00,0.001667699723611804
2018-07-01 19:06:00,-0.04089809323022564
2018-07-01 19:09:00,-0.04409447053689064
2018-07-01 19:12:00,-0.08058053422507783
2018-07-01 19:15:00,-0.13186357414059557
2018-07-01 19:18:00,-0.009908905992290329
2018-07-01 19:21:00,-0.13203037996339617
2018-07-01 19:24:00,-0.08233832409928254
2018-07-01 19:27:00,-0.08411668203200406
2018-07-01 19:30:00,-0.06733574520143293
2018-07-01 19:33:00,-0.11032165559635132
2018-07-01 19:36:00,-0.10594996596449846
2018-07-01 19:39:00,-0.006371364928725143
2018-07-01 19:42:00,-0.10638061528140952
2018-07-01 19:45:00,-0.01357546045539948
2018-07-01 19:48:00,-0.018311366344505586
2018-07-01 19:51:00,-0.04615735837523971
2018-07-01 19:54:00,-0.08366216269223514
2018-07-01 19:57:00,0.0617145389683742
2018-07-01 20:00:00,-0.01490272874002585
2018-07-01 20:03:00,-0.07556290121470965
2018-07-01 20:06:00,-0.08852887200151827
2018-07-01 20:09:00,-0.08127844044219046
2018-07-01 20:12:00,-0.04397160887828022
2018-07-01 20:15:00,-0.008094414703521124
2018-07-01 20:18:00,0.009025428057043428
2018-07-01 20:21:00,0.0021574654824121353
2018-07-01 20:24:00,0.03110294560423199
2018-07-01 20:27:00,0.06604564217997222
2018-07-01 20:30:00,0.036093592130157504
2018-07-01 20:33:00,-0.012014630357725764
2018-07-01 20:36:00,-0.13716873702810517
2018-07-01 20:39:00,0.014262960144947101
2018-07-01 20:42:00,-0.08811608311560803
2018-07-01 20:45:00,0.05855042076461814
2018-07-01 20:48:00,-0.05506842884949492
2018-07-01 20:51:00,0.05918357112960848
2018-07-01 20:54:00,0.07462484182138951
2018-07-01 20:57:00,0.11367797623273646
2018-07-01 21:00:00,-0.0012057232268034568
2018-07-01 21:03:00,-0.03928055666989394
2018-07-01 21:06:00,-0.07702470877745782
2018-07-01 21:09:00,0.039947229381880334
2018-07-01 21:12:00,0.026071117734602467
2018-07-01 21:15:00,0.05952625294543168
2018-07-01 21:18:00,0.08583206373697294
2018-07-01 21:21:00,0.020399009711184135
2018-07-01 21:24:00,-0.0015340118121116575
2018-07-01 21:27:00,0.031682372593365926
2018-07-01 21:30:00,0.12364684338376719
2018-07-01 21:33:00,0.11866396650270872
2018-07-01 21:36:00,0.1226754411653701
2018-07-01 21:39:00,0.04785126944688045
2018-07-01 21:42:00,0.0872434808932212
2018-07-01 21:45:00,0.010379370394502985
2018-07-01 21:48:00,0.047399848846737314
2018-07-01 21:51:00,0.057414344740379875
2018-07-01 21:54:00,0.09764889436979729
2018-07-01 21:57:00,0.14322472866780345
2018-07-01 22:00:00,0.11140839951701764
2018-07-01 22:03:00,0.07139176164156424
2018-07-01 22:06:00,0.07028028434626776
2018-07-01 22:09:00,0.12750210547255847
2018-07-01 22:12:00,0.11251380722580961
2018-07-01 22:15:00,0.08747431180978538
2018-07-01 22:18:00,0.12025632841260858
2018-07-01 22:21:00,0.12916160305434232
2018-07-01 22:24:00,0.11319548987819417
2018-07-01 22:27:00,0.18720649126271383
2018-07-01 22:30:00,0.11234426205516002
2018-07-01 22:33:00,0.08167685660913548
2018-07-01 22:36:00,0.10663189317716615
2018-07-01 22:39:00,0.10237173151438128
2018-07-01 22:42:00,0.14610101497413552
2018-07-01 22:45:00,0.058529491737658645
2018-07-01 22:48:00,0.18553238951318463
2018-07-01 22:51:00,0.14149548689391622
2018-07-01 22:54:00,0.15858251779116017
2018-07-01 22:57:00,0.21995050898237878
2018-07-01 23:00:00,0.2623117807941071
2018-07-01 23:03:00,0.20447824807416737
2018-07-01 23:06:00,0.23775906249716172
2018-07-01 23:09:00,0.5659515124449399
2018-07-01 23:12:00,0.6033274702212452
2018-07-01 23:15:00,0.48607157219737473
2018-07-01 23:18:00,0.2296216133507869
2018-07-01 23:21:00,0.2031245647091282
2018-07-01 23:24:00,0.1375630812045756
2018-07-01 23:27:00,0.13167254649908955
2018-07-01 23:30:00,0.1686063289133699
2018-07-01 23:33:00,0.19922165375959366
2018-07-01 23:36:00,0.3053950274685917
2018-07-01 23:39:00,0.09320328358865027
2018-07-01 23:42:00,0.2132171811497301
2018-07-01 23:45:00,0.22807034825115124
2018-07-01 23:48:00,0.2704179988806459
2018-07-01 23:51:00,0.23947449144594657
2018-07-01 23:54:00,0.36890024185203174
2018-07-01 23:57:00,0.3876515004228054
2018-07-02 00:00:00,0.4259830969857603
2018-07-02 00:03:00,0.4235303744646899
2018-07-02 00:06:00,0.42350722527237394
2018-07-02 00:09:00,0.45527066592586607
2018-07-02 00:12:00,0.36858624793154604
2018-07-02 00:15:00,0.3205308052378655
2018-07-02 00:18:00,0.3689702374799708
2018-07-02 00:21:00,0.43195883159864934
2018-07-02 00:24:00,0.46367131023640695
2018-07-02 00:27:00,0.32581923262677037
2018-07-02 00:30:00,0.3306115941681469
2018-07-02 00:33:00,0.35081566621363436
2018-07-02 00:36:00,0.39077684639295285
2018-07-02 00:39:00,0.3475068937603396
2018-07-02 00:42:00,0.43849358234888314
2018-07-02 00:45:00,0.44923583152342417
2018-07-02 00:48:00,0.58856324705215
2018-07-02 00:51:00,0.46567829344508027
2018-07-02 00:54:00,0.49503229619028843
2018-07-02 00:57:00,0.47620243109764715
2018-07-02 01:00:00,0.4785196138386709
2018-07-02 01:03:00,0.4304473056444067
2018-07-02 01:06:00,0.47669269559065697
2018-07-02 01:09:00,0.481800350674348
2018-07-02 01:12:00,0.4295285465479992
2018-07-02 01:15:00,0.4741670006118852
2018-07-02 01:18:00,0.6356895969519769
2018-07-02 01:21:00,0.5396614666814799
2018-07-02 01:24:00,0.5027633120040491
2018-07-02 01:27:00,0.4854576054333961
2018-07-02 01:30:00,0.5144227624930977
2018-07-02 01:33:00,0.3756097877598563
2018-07-02 01:36:00,0.5107911507907374
2018-07-02 01:39:00,0.46671582865894834
2018-07-02 01:42:00,0.549972171692616
2018-07-02 01:45:00,0.5550147743880416
2018-07-02 01:48:00,0.4724585532745209
2018-07-02 01:51:00,0.5282663995654389
2018-07-02 01:54:00,0.5090558289863338
2018-07-02 01:57:00,0.5155785343447405
2018-07-02 02:00:00,0.6157001791391394
2018-07-02 02:03:00,0.5921914384632032
2018-07-02 02:06:00,0.5657913307854301
2018-07-02 02:09:00,0.5802664883473767
2018-07-02 02:12:00,0.5370604637581664
2018-07-02 02:15:00,0.6069694773851211
2018-07-02 02:18:00,0.5162719301632706
2018-07-02 02:21:00,0.5371884719950799
2018-07-02 02:24:00,0.5631154061884445
2018-07-02 02:27:00,0.48359181494083714
2018-07-02 02:30:00,0.47179339188807035
2018-07-02 02:33:00,0.5420566069215056
2018-07-02 02:36:00,0.5163046680066827
2018-07-02 02:39:00,0.4628315467788866
2018-07-02 02:42:00,0.497079220078831
2018-07-02 02:45:00,0.4922884902808846
2018-07-02 02:48:00,0.4899659854297056
2018-07-02 02:51:00,0.4420939808666162
2018-07-02 02:54:00,0.3789606808518329
2018-07-02 02:57:00,0.36138830869913363
2018-07-02 03:00:00,0.3360174049893203
2018-07-02 03:03:00,0.3222435241246444
2018-07-02 03:06:00,0.27168023739045566
2018-07-02 03:09:00,0.31420857321592166
2018-07-02 03:12:00,0.33013528650820945
2018-07-02 03:15:00,0.38449552506870077
2018-07-02 03:18:00,0.37161633490069335
2018-07-02 03:21:00,0.33638032199041845
2018-07-02 03:24:00,0.4659738871250738
2018-07-02 03:27:00,0.3467925119607571
2018-07-02 03:30:00,0.46572897812779956
2018-07-02 03:33:00,0.32347986953624286
2018-07-02 03:36:00,0.38056042604893037
2018-07-02 03:39:00,0.35160323116701875
2018-07-02 03:42:00,0.3814488082199432
2018-07-02 03:45:00,0.24934128125602228
2018-07-02 03:48:00,0.21233827649780324
2018-07-02 03:51:00,0.28270861311204953
2018-07-02 03:54:00,0.3415278992465005
2018-07-02 03:57:00,0.4016491308142349
2018-07-02 04:00:00,0.33425125480277984
2018-07-02 04:03:00,0.3168261710533784
2018-07-02 04:06:00,0.3682196561837827
2018-07-02 04:09:00,0.3176728617076492
2018-07-02 04:12:00,0.2904598659208091
2018-07-02 04:15:00,0.2386521966425903
2018-07-02 04:18:00,0.3481742847541227
2018-07-02 04:21:00,0.3216021207426252
2018-07-02 04:24:00,0.303626852112302
2018-07-02 04:27:00,0.37907448319754167
2018-07-02 04:30:00,0.3427325308858258
2018-07-02 04:33:00,0.4345255272493205
2018-07-02 04:36:00,0.3730347888044889
2018-07-02 04:39:00,0.3516132522163957
2018-07-02 04:42:00,0.402325435143041
2018-07-02 04:45:00,0.352790541062177
2018-07-02 04:48:00,0.40284290139669565
2018-07-02 04:51:00,0.31163571314823457
2018-07-02 04:54:00,0.42102403310349246
2018-07-02 04:57:00,0.36665573578591193
2018-07-02 05:00:00,0.38037699239896483
2018-07-02 05:03:00,0.3749148722250766
2018-07-02 05:06:00,0.3739181332070416
2018-07-02 05:09:00,0.3511775821555716
2018-07-02 05:12:00,0.27020683100613496
2018-07-02 05:15:00,0.38540090940097116
2018-07-02 05:18:00,0.2745400802610902
2018-07-02 05:21:00,0.31700450019081927
2018-07-02 05:24:00,0.37928646332238714
2018-07-02 05:27:00,0.2926230455725545
2018-07-02 05:30:00,0.32836432060713605
2018-07-02 05:33:00,0.32361256951077166
2018-07-02 05:36:00,0.304532286482015
2018-07-02 05:39:00,0.34620480253136066
2018-07-02 05:42:00,0.3508090116047242
2018-07-02 05:45:00,0.3948736206902481
2018-07-02 05:48:00,0.39733792036281557
2018-07-02 05:51:00,0.35877762699334426
2018-07-02 05:54:00,0.3855532422397232
2018-07-02 05:57:00,0.3395038212144641
2018-07-02 06:00:00,0.4033684536868236
2018-07-02 06:03:00,0.36374095593134825
2018-07-02 06:06:00,0.3596576559528444
2018-07-02 06:09:00,0.41838525775182234
2018-07-02 06:12:00,0.3676978642365043
2018-07-02 06:15:00,0.47661573194994844
2018-07-02 06:18:00,0.4157070259919351
2018-07-02 06:21:00,0.5085128010225617
2018-07-02 06:24:00,0.41832652810325044
2018-07-02 06:27:00,0.4631102599800556
2018-07-02 06:30:00,0.396297354218234
2018-07-02 06:33:00,0.487244470787914
2018-07-02 06:36:00,0.4201579226942158
2018-07-02 06:39:00,0.463254257625465
2018-07-02 06:42:00,0.367100326350112
2018-07-02 06:45:00,0.4274336537889667
2018-07-02 06:48:00,0.4225598906365349
2018-07-02 06:51:00,0.36737865991358376
2018-07-02 06:54:00,0.34787339805978945
2018-07-02 06:57:00,0.4112960528012195
2018-07-02 07:00:00,0.32505057722687525
2018-07-02 07:03:00,0.2078653263480419
2018-07-02 07:06:00,0.3391399171995886
2018-07-02 07:09:00,0.3171017315325457
2018-07-02 07:12:00,0.38210229775472726
2018-07-02 07:15:00,0.2993661794032505
2018-07-02 07:18:00,0.37259576990481946
2018-07-02 07:21:00,0.28941718472458433
2018-07-02 07:24:00,0.32711612384792943
2018-07-02 07:27:00,0.4693104856046375
2018-07-02 07:30:00,0.42020442236355393
2018-07-02 07:33:00,0.39985916978753266
2018-07-02 07:36:00,0.30684641601635576
2018-07-02 07:39:00,0.4099784179995254
2018-07-02 07:42:00,0.3527570805936193
2018-07-02 07:45:00,0.37961931347138034
2018-07-02 07:48:00,0.2966410549563534
2018-07-02 07:51:00,0.354972575528393
2018-07-02 07:54:00,0.33212991155534155
2018-07-02 07:57:00,0.44731905950806095
2018-07-02 08:00:00,0.3738149415129328
2018-07-02 08:03:00,0.40554269130842613
2018-07-02 08:06:00,0.3114062474155048
2018-07-02 08:09:00,0.3007855112804805
2018-07-02 08:12:00,0.34072706536329633
2018-07-02 08:15:00,0.364376778321855
2018-07-02 08:18:00,0.3214524736054045
2018-07-02 08:21:00,0.2666915141799109
2018-07-02 08:24:00,0.3074631087895341
2018-07-02 08:27:00,0.22398838315029934
2018-07-02 08:30:00,0.25197438802376837
2018-07-02 08:33:00,0.23602322959277444
2018-07-02 08:36:00,0.24976486882701465
2018-07-02 08:39:00,0.293205564727657
2018-07-02 08:42:00,0.3512866739305309
2018-07-02 08:45:00,0.27999181905374826
2018-07-02 08:48:00,0.2555047043904892
2018-07-02 08:51:00,0.25407459947194866
2018-07-02 08:54:00,0.2353554415779513
2018-07-02 08:57:00,0.3045232067740926
2018-07-02 09:00:00,0.27000611561010146
2018-07-02 09:03:00,0.21943479665515042
2018-07-02 09:06:00,0.23469851484878745
2018-07-02 09:09:00,0.2559596839377605
2018-07-02 09:12:00,0.15606759565008588
2018-07-02 09:15:00,0.12446728909100102
2018-07-02 09:18:00,0.2587623412298967
2018-07-02 09:21:00,0.16491610481847374
2018-07-02 09:24:00,0.12994387490260806
2018-07-02 09:27:00,0.22874757519792865
2018-07-02 09:30:00,0.1254612742034169
2018-07-02 09:33:00,0.009742364948920113
2018-07-02 09:36:00,0.060957355209325215
2018-07-02 09:39:00,0.09729532886308334
2018-07-02 09:42:00,0.05690996272710436
2018-07-02 09:45:00,0.012441368797624364
2018-07-02 09:48:00,0.13893392180074216
2018-07-02 09:51:00,-0.04125579531137191
2018-07-02 09:54:00,-0.0026705142144010097
2018-07-02 09:57:00,-0.07390601637462169
2018-07-02 10:00:00,-0.016126674606084634
2018-07-02 10:03:00,0.057273617078863026
2018-07-02 10:06:00,0.10223727330111387
2018-07-02 10:09:00,0.2668366541463456
2018-07-02 10:12:00,0.36905407348820063
2018-07-02 10:15:00,0.4352918816932174
2018-07-02 10:18:00,0.4025828749907987
2018-07-02 10:21:00,0.25795667226708474
2018-07-02 10:24:00,0.11357533924871177
2018-07-02 10:27:00,0.11026903815889
2018-07-02 10:30:00,0.02717741473713886
2018-07-02 10:33:00,0.05474159820460045
2018-07-02 10:36:00,0.05177238611179291
2018-07-02 10:39:00,0.037797617052490295
2018-07-02 10:42:00,0.001700696234820498
2018-07-02 10:45:00,-0.006914230517168107
2018-07-02 10:48:00,0.0579894226833062
2018-07-02 10:51:00,0.06656839372186596
2018-07-02 10:54:00,0.05651627969837136
2018-07-02 10:57:00,0.1139089090198695
2018-07-02 11:00:00,0.018791645554756542
2018-07-02 11:03:00,0.10297832541942853
2018-07-02 11:06:00,0.10609067164023145
2018-07-02 11:09:00,0.10103310848973024
2018-07-02 11:12:00,0.032299291040942535
2018-07-02 11:15:00,0.07110264922243914
2018-07-02 11:18:00,-0.054687884726320135
2018-07-02 11:21:00,0.0525222425001175
2018-07-02 11:24:00,-0.061168013048074954
2018-07-02 11:27:00,-0.1643612442446738
2018-07-02 11:30:00,-0.060262577937351125
2018-07-02 11:33:00,-0.16635590304963443
2018-07-02 11:36:00,-0.02508479854526513
2018-07-02 11:39:00,-0.028911129106063527
2018-07-02 11:42:00,-0.13157290623433937
2018-07-02 11:45:00,-0.09956650580704718
2018-07-02 11:48:00,0.03206486878838177
2018-07-02 11:51:00,0.20299559435517267
2018-07-02 11:54:00,0.017908250958384997
2018-07-02 11:57:00,0.19592237149350922
2018-07-02 12:00:00,0.0871837237527302
2018-07-02 12:03:00,0.03212011051294894
2018-07-02 12:06:00,0.05389659184999118
2018-07-02 12:09:00,-0.02239178258520269
2018-07-02 12:12:00,-0.015094848040291708
2018-07-02 12:15:00,0.009137593267553257
2018-07-02 12:18:00,-0.04799695668242521
2018-07-02 12:21:00,-0.10245678321285823
2018-07-02 12:24:00,0.18427672864652322
2018-07-02 12:27:00,0.11035786955267213
2018-07-02 12:30:00,0.13347242232975987
2018-07-02 12:33:00,0.1266653740429433
2018-07-02 12:36:00,0.18091435891813035
2018-07-02 12:39:00,0.11743603123682078
2018-07-02 12:42:00,0.15373135281100758
2018-07-02 12:45:00,0.052920786426113864
2018-07-02 12:48:00,0.04979661649508671
2018-07-02 12:51:00,-0.11423049588188405
2018-07-02 12:54:00,0.06154851569311859
2018-07-02 12:57:00,0.0468217185651838
2018-07-02 13:00:00,-0.076674526643842
2018-07-02 13:03:00,0.009011765802256377
2018-07-02 13:06:00,-0.10335604214850491
2018-07-02 13:09:00,-0.11567015308020245
2018-07-02 13:12:00,-0.17985415397981797
2018-07-02 13:15:00,-0.2749491685869998
2018-07-02 13:18:00,-0.2625277912785009
2018-07-02 13:21:00,-0.1968836631244244
2018-07-02 13:24:00,-0.2539931169450824
2018-07-02 13:27:00,-0.08701422131639447
2018-07-02 13:30:00,0.0023199024356017617
2018-07-02 13:33:00,-0.1449411441208781
2018-07-02 13:36:00,-0.12429886251226208
2018-07-02 13:39:00,-0.21905434336736107
2018-07-02 13:42:00,-0.135847223764074
2018-07-02 13:45:00,-0.04729482627726611
2018-07-02 13:48:00,0.050255764517260104
2018-07-02 13:51:00,-0.061122319404830705
2018-07-02 13:54:00,-0.20005186105095163
2018-07-02 13:57:00,-0.20529843946331994
2018-07-02 14:00:00,-0.238154789959367
2018-07-02 14:03:00,-0.22261711724911493
2018-07-02 14:06:00,-0.26924595177075616
2018-07-02 14:09:00,-0.20979119264234214
2018-07-02 14:12:00,-0.1781744143211199
2018-07-02 14:15:00,-0.28683449722188925
2018-07-02 14:18:00,-0.20440149083844972
2018-07-02 14:21:00,-0.15008517707474311
2018-07-02 14:24:00,-0.09802871764617294
2018-07-02 14:27:00,-0.20847111085703318
2018-07-02 14:30:00,-0.09415154554108085
2018-07-02 14:33:00,-0.15615998208613746
2018-07-02 14:36:00,-0.1976048275487301
2018-07-02 14:39:00,-0.18219395763065904
2018-07-02 14:42:00,-0.2978324062847264
2018-07-02 14:45:00,-0.34179715907782793
2018-07-02 14:48:00,-0.3209816058963497
2018-07-02 14:51:00,-0.38527423026806673
2018-07-02 14:54:00,-0.25830018884636274
2018-07-02 14:57:00,-0.3168866121317251
2018-07-02 15:00:00,-0.23893769039307244
2018-07-02 15:03:00,-0.2884526987706977
2018-07-02 15:06:00,-0.27501119240855587
2018-07-02 15:09:00,-0.25269197576261604
2018-07-02 15:12:00,-0.239091589019381
2018-07-02 15:15:00,-0.33756525698839823
2018-07-02 15:18:00,-0.16343780442264233
2018-07-02 15:21:00,-0.1000341064574286
2018-07-02 15:24:00,-0.09230411437357589
2018-07-02 15:27:00,-0.0073867188189638
2018-07-02 15:30:00,0.061851647077617145
2018-07-02 15:33:00,0.037842922328991335
2018-07-02 15:36:00,-0.06597343560002855
2018-07-02 15:39:00,-0.05624212658125316
2018-07-02 15:42:00,-0.15142653439744436
2018-07-02 15:45:00,-0.2814995631283068
2018-07-02 15:48:00,-0.25279618099784784
2018-07-02 15:51:00,-0.2526528437769002
2018-07-02 15:54:00,-0.23710606477658303
2018-07-02 15:57:00,-0.2961190852980735
2018-07-02 16:00:00,-0.27202900400578756
2018-07-02 16:03:00,-0.28116062116197327
2018-07-02 16:06:00,-0.34290110253317607
2018-07-02 16:09:00,-0.26713058119077004
2018-07-02 16:12:00,-0.2801992576257817
2018-07-02 16:15:00,-0.3329520796814336
2018-07-02 16:18:00,-0.2818436385788914
2018-07-02 16:21:00,-0.2679144190330476
2018-07-02 16:24:00,-0.3048100139151302
2018-07-02 16:27:00,-0.3424246239317199
2018-07-02 16:30:00,-0.29224470998155994
2018-07-02 16:33:00,-0.2302325967838783
2018-07-02 16:36:00,-0.30867177197421825
2018-07-02 16:39:00,-0.19496409921617897
2018-07-02 16:42:00,-0.391444771502961
2018-07-02 16:45:00,-0.23449005510587995
2018-07-02 16:48:00,-0.12944195406498693
2018-07-02 16:51:00,-0.21696912496793175
2018-07-02 16:54:00,-0.25508645296747545
2018-07-02 16:57:00,-0.16787400393002372
2018-07-02 17:00:00,-0.18401371673400035
2018-07-02 17:03:00,-0.10079610255507987
2018-07-02 17:06:00,-0.16136092017814008
2018-07-02 17:09:00,-0.17994218170457543
2018-07-02 17:12:00,-0.3198581032519314
2018-07-02 17:15:00,-0.2958816867377436
2018-07-02 17:18:00,-0.16030700051749136
2018-07-02 17:21:00,-0.20267351378760168
2018-07-02 17:24:00,-0.12136944252881676
2018-07-02 17:27:00,-0.07741638288024433
2018-07-02 17:30:00,-0.12583970114218346
2018-07-02 17:33:00,-0.17288237950594976
2018-07-02 17:36:00,-0.03545350029611427
2018-07-02 17:39:00,-0.10275624225971569
2018-07-02 17:42:00,-0.05845002950684375
2018-07-02 17:45:00,-0.08592909545092198
2018-07-02 17:48:00,-0.1513315218454636
2018-07-02 17:51:00,-0.05345727141940415
2018-07-02 17:54:00,-0.12714081255415977
2018-07-02 17:57:00,-0.16655498270654334
2018-07-02 18:00:00,-0.16931324441202378
2018-07-02 18:03:00,-0.14470190535837446
2018-07-02 18:06:00,-0.15723210769215257
2018-07-02 18:09:00,-0.20250775895777906
2018-07-02 18:12:00,-0.17630951327060984
2018-07-02 18:15:00,-0.1950047311889307
2018-07-02 18:18:00,-0.09187175092370126
2018-07-02 18:21:00,-0.07563934303902897
2018-07-02 18:24:00,-0.17022423497513728
2018-07-02 18:27:00,-0.18662733184885383
2018-07-02 18:30:00,-0.07833081970903777
2018-07-02 18:33:00,-0.14355604124926913
2018-07-02 18:36:00,-0.10384299056858026
2018-07-02 18:39:00,-0.23260374593701272
2018-07-02 18:42:00,-0.22884192588435326
2018-07-02 18:45:00,-0.11300461304676901
2018-07-02 18:48:00,-0.18198161296049875
2018-07-02 18:51:00,-0.1013457252815897
2018-07-02 18:54:00,-0.12044764830693566
2018-07-02 18:57:00,-0.08857138529714348
2018-07-02 19:00:00,-0.2118157889617578
2018-07-02 19:03:00,-0.1974719314388267
2018-07-02 19:06:00,-0.2331120359381771
2018-07-02 19:09:00,-0.14059422690291967
2018-07-02 19:12:00,-0.14396766986578768
2018-07-02 19:15:00,-0.18363403082804552
2018-07-02 19:18:00,-0.23568904953293668
2018-07-02 19:21:00,-0.10996424101500679
2018-07-02 19:24:00,0.23727027108520815
2018-07-02 19:27:00,0.3439165964693416
2018-07-02 19:30:00,0.4912183387679079
2018-07-02 19:33:00,0.5429174689238039
2018-07-02 19:36:00,0.33480203069490244
2018-07-02 19:39:00,0.24699609553420032
2018-07-02 19:42:00,0.10512019091737557
2018-07-02 19:45:00,0.050618307353090586
2018-07-02 19:48:00,0.12523911248234754
2018-07-02 19:51:00,0.10298146996285595
2018-07-02 19:54:00,0.2188191758396556
2018-07-02 19:57:00,0.19076727878422162
2018-07-02 20:00:00,0.2582117140298692
2018-07-02 20:03:00,0.39056115530610214
2018-07-02 20:06:00,0.5210584250075385
2018-07-02 20:09:00,0.6262767394949833
2018-07-02 20:12:00,0.5439956732358269
2018-07-02 20:15:00,0.5336500472379839
2018-07-02 20:18:00,0.5806034618813669
2018-07-02 20:21:00,0.5053268343070272
2018-07-02 20:24:00,0.4475320374819489
2018-07-02 20:27:00,0.4356397553466991
2018-07-02 20:30:00,0.3813044948969946
2018-07-02 20:33:00,0.447459501780088
2018-07-02 20:36:00,0.34428658993181216
2018-07-02 20:39:00,0.4483690225549708
2018-07-02 20:42:00,0.3610073288990634
2018-07-02 20:45:00,0.37495666322905663
2018-07-02 20:48:00,0.3859076472812717
2018-07-02 20:51:00,0.3633201917336919
2018-07-02 20:54:00,0.422920860488432
2018-07-02 20:57:00,0.4905969302960784
2018-07-02 21:00:00,0.48709029664587433
2018-07-02 21:03:00,0.5012913048855125
2018-07-02 21:06:00,0.5507715594962974
2018-07-02 21:09:00,0.6652221610103197
2018-07-02 21:12:00,0.7161007312533911
2018-07-02 21:15:00,0.7089739403221529
2018-07-02 21:18:00,0.6949507576199494
2018-07-02 21:21:00,0.6102690378613147
2018-07-02 21:24:00,0.6277893527114315
2018-07-02 21:27:00,0.5863265696447115
2018-07-02 21:30:00,0.5304113254295544
2018-07-02 21:33:00,0.37084846703317
2018-07-02 21:36:00,0.3860594165196858
2018-07-02 21:39:00,0.32791862808642236
2018-07-02 21:42:00,0.2748615289938243
2018-07-02 21:45:00,0.32354181430577
2018-07-02 21:48:00,0.3051648421412665
2018-07-02 21:51:00,0.32116794832171536
2018-07-02 21:54:00,0.4859085508542762
2018-07-02 21:57:00,0.4685878187000867
2018-07-02 22:00:00,0.5739548520614335
2018-07-02 22:03:00,0.6040195811463605
2018-07-02 22:06:00,0.6001819468388021
2018-07-02 22:09:00,0.716459974758834
2018-07-02 22:12:00,0.6494079817968554
2018-07-02 22:15:00,0.4643258403024788
2018-07-02 22:18:00,0.4995317738436711
2018-07-02 22:21:00,0.5615461415292202
2018-07-02 22:24:00,0.5097613011362796
2018-07-02 22:27:00,0.5325673446690757
2018-07-02 22:30:00,0.520142401057285
2018-07-02 22:33:00,0.5895140840024169
2018-07-02 22:36:00,0.5520198107905685
2018-07-02 22:39:00,0.49950330907046236
2018-07-02 22:42:00,0.4501617693559865
2018-07-02 22:45:00,0.5530519473909976
2018-07-02 22:48:00,0.5416226794844192
2018-07-02 22:51:00,0.49688347134025435
2018-07-02 22:54:00,0.5023627728802467
2018-07-02 22:57:00,0.4827231558596168
2018-07-02 23:00:00,0.4880854575610556
2018-07-02 23:03:00,0.4281157407459659
2018-07-02 23:06:00,0.3905987184797368
2018-07-02 23:09:00,0.4605368854635117
2018-07-02 23:12:00,0.3688754985168998
2018-07-02 23:15:00,0.43712380828037567
2018-07-02 23:18:00,0.5261135388263369
2018-07-02 23:21:00,0.36393597648918785
2018-07-02 23:24:00,0.3606426135857532
2018-07-02 23:27:00,0.33544978606397535
2018-07-02 23:30:00,0.48440090113416545
2018-07-02 23:33:00,0.4687173302367569
2018-07-02 23:36:00,0.46200027790661125
2018-07-02 23:39:00,0.5123024669013603
2018-07-02 23:42:00,0.44235232395396906
2018-07-02 23:45:00,0.4490885057254559
2018-07-02 23:48:00,0.5342930334152811
2018-07-02 23:51:00,0.4985877768850173
2018-07-02 23:54:00,0.4585432947715731
2018-07-02 23:57:00,0.5732081423001887
2018-07-03 00:00:00,0.5331501855126817
2018-07-03 00:03:00,0.5451360918450519
2018-07-03 00:06:00,0.5437531260871538
2018-07-03 00:09:00,0.6640558197806286
2018-07-03 00:12:00,0.6074161967801501
2018-07-03 00:15:00,0.683091267491136
2018-07-03 00:18:00,0.6341423670310178
2018-07-03 00:21:00,0.6700619709836815
2018-07-03 00:24:00,0.7731363007434311
2018-07-03 00:27:00,0.7208334227478304
2018-07-03 00:30:00,0.7414393957120637
2018-07-03 00:33:00,0.8213579870008516
2018-07-03 00:36:00,0.7314221467886455
2018-07-03 00:39:00,0.6717834649031147
2018-07-03 00:42:00,0.6817295920774882
2018-07-03 00:45:00,0.6660376457314783
2018-07-03 00:48:00,0.6563685810128845
2018-07-03 00:51:00,0.6543636273270295
2018-07-03 00:54:00,0.7532471296415224
2018-07-03 00:57:00,0.7369824090515635
2018-07-03 01:00:00,0.6415754042997719
2018-07-03 01:03:00,0.6852756291126525
2018-07-03 01:06:00,0.75733458121897
2018-07-03 01:09:00,0.7032187059845114
2018-07-03 01:12:00,0.6884503051596198
2018-07-03 01:15:00,0.6723870296739278
2018-07-03 01:18:00,0.6908358569190796
2018-07-03 01:21:00,0.6634273991264763
2018-07-03 01:24:00,0.6835854264645604
2018-07-03 01:27:00,0.7001735529644861
2018-07-03 01:30:00,0.6149411273540295
2018-07-03 01:33:00,0.634053012726497
2018-07-03 01:36:00,0.6174155948839939
2018-07-03 01:39:00,0.6168202578666637
2018-07-03 01:42:00,0.6297508303909467
2018-07-03 01:45:00,0.6136107767032968
2018-07-03 01:48:00,0.5682595550198926
2018-07-03 01:51:00,0.5024250272325617
2018-07-03 01:54:00,0.5823713844056329
2018-07-03 01:57:00,0.6144186050793223
2018-07-03 02:00:00,0.6173366537723837
2018-07-03 02:03:00,0.5499574487161567
2018-07-03 02:06:00,0.5834351968139799
2018-07-03 02:09:00,0.6846084237291734
2018-07-03 02:12:00,0.6991743017580347
2018-07-03 02:15:00,0.7569167175996085
2018-07-03 02:18:00,0.6621768459952477
2018-07-03 02:21:00,0.7451786761891412
2018-07-03 02:24:00,0.7026664521000612
2018-07-03 02:27:00,0.712789469993595
2018-07-03 02:30:00,0.6994823835161128
2018-07-03 02:33:00,0.6318566511798167
2018-07-03 02:36:00,0.6471848120439745
2018-07-03 02:39:00,0.7246142780315381
2018-07-03 02:42:00,0.6226654811592311
2018-07-03 02:45:00,0.503931002393017
2018-07-03 02:48:00,0.5367421344204217
2018-07-03 02:51:00,0.47927891276020773
2018-07-03 02:54:00,0.5031079810531196
2018-07-03 02:57:00,0.5565608032317755
2018-07-03 03:00:00,0.47734824543243803
2018-07-03 03:03:00,0.4447830285627674
2018-07-03 03:06:00,0.4737311295386917
2018-07-03 03:09:00,0.4296429291179038
2018-07-03 03:12:00,0.4537154823242986
2018-07-03 03:15:00,0.5112987160564444
2018-07-03 03:18:00,0.4221563535851942
2018-07-03 03:21:00,0.42701972858071713
2018-07-03 03:24:00,0.5052155458528773
2018-07-03 03:27:00,0.4271098355463323
2018-07-03 03:30:00,0.4616076929833639
2018-07-03 03:33:00,0.45447455851297036
2018-07-03 03:36:00,0.3875933994427214
2018-07-03 03:39:00,0.46371813760430314
2018-07-03 03:42:00,0.43935465987709676
2018-07-03 03:45:00,0.39875134835790504
2018-07-03 03:48:00,0.40714191823064994
2018-07-03 03:51:00,0.4401841833429785
2018-07-03 03:54:00,0.2629439154914053
2018-07-03 03:57:00,0.4219146682967789
2018-07-03 04:00:00,0.39404739880342277
2018-07-03 04:03:00,0.43346718483144286
2018-07-03 04:06:00,0.4085156135407715
2018-07-03 04:09:00,0.4291452136039311
2018-07-03 04:12:00,0.3736235638764356
2018-07-03 04:15:00,0.3791791144284389
2018-07-03 04:18:00,0.47336251074369784
2018-07-03 04:21:00,0.5118572686758966
2018-07-03 04:24:00,0.4398517070915773
2018-07-03 04:27:00,0.4769901575846234
2018-07-03 04:30:00,0.4384108846618915
2018-07-03 04:33:00,0.41387425398022515
2018-07-03 04:36:00,0.4348102720480256
2018-07-03 04:39:00,0.5012201421543523
2018-07-03 04:42:00,0.42328314911566167
2018-07-03 04:45:00,0.46125330695429057
2018-07-03 04:48:00,0.4083952871574752
2018-07-03 04:51:00,0.4659053406564908
2018-07-03 04:54:00,0.51161195116606
2018-07-03 04:57:00,0.4659979174329578
2018-07-03 05:00:00,0.49249143158237985
2018-07-03 05:03:00,0.4347584430082634
2018-07-03 05:06:00,0.4883590176945063
2018-07-03 05:09:00,0.4329307636243698
2018-07-03 05:12:00,0.494647391192359
2018-07-03 05:15:00,0.4694197903079953
2018-07-03 05:18:00,0.4895509790893584
2018-07-03 05:21:00,0.4212703737797483
2018-07-03 05:24:00,0.4664123255589061
2018-07-03 05:27:00,0.4617226443629079
2018-07-03 05:30:00,0.41287370267855295
2018-07-03 05:33:00,0.5400893554589743
2018-07-03 05:36:00,0.536680501814601
2018-07-03 05:39:00,0.5794972113251902
2018-07-03 05:42:00,0.47041316269741174
2018-07-03 05:45:00,0.5225966593177418
2018-07-03 05:48:00,0.44595649277243865
2018-07-03 05:51:00,0.421905417671951
2018-07-03 05:54:00,0.45740238081168627
2018-07-03 05:57:00,0.511707291022276
2018-07-03 06:00:00,0.4973003805500298
2018-07-03 06:03:00,0.48588282089343693
2018-07-03 06:06:00,0.543347159082316
2018-07-03 06:09:00,0.5034715675788561
2018-07-03 06:12:00,0.5175366774338386
2018-07-03 06:15:00,0.5430883937911517
2018-07-03 06:18:00,0.4564209984180252
2018-07-03 06:21:00,0.44496928222224597
2018-07-03 06:24:00,0.3879489975569186
2018-07-03 06:27:00,0.5000765655585155
2018-07-03 06:30:00,0.5049730127229282
2018-07-03 06:33:00,0.5186455902253329
2018-07-03 06:36:00,0.4299647286824779
2018-07-03 06:39:00,0.4430103052473555
2018-07-03 06:42:00,0.39467194021011665
2018-07-03 06:45:00,0.417667229972551
2018-07-03 06:48:00,0.478040354014297
2018-07-03 06:51:00,0.5534412401250393
2018-07-03 06:54:00,0.5083558121284
2018-07-03 06:57:00,0.4499622774163754
2018-07-03 07:00:00,0.39354667201041593
2018-07-03 07:03:00,0.4956963257070015
2018-07-03 07:06:00,0.4982934600990916
2018-07-03 07:09:00,0.4004622330198231
2018-07-03 07:12:00,0.4197508352161776
2018-07-03 07:15:00,0.47521489012348184
2018-07-03 07:18:00,0.477772501175707
2018-07-03 07:21:00,0.4551945942354223
2018-07-03 07:24:00,0.3919853656694272
2018-07-03 07:27:00,0.5050396136515474
2018-07-03 07:30:00,0.49152611011049885
2018-07-03 07:33:00,0.4351994787564877
2018-07-03 07:36:00,0.5307598667591833
2018-07-03 07:39:00,0.4706713871110537
2018-07-03 07:42:00,0.44154434415202104
2018-07-03 07:45:00,0.43031851282461275
2018-07-03 07:48:00,0.4450311628976351
2018-07-03 07:51:00,0.4244565710271786
2018-07-03 07:54:00,0.38740764213918055
2018-07-03 07:57:00,0.5004171728955953
2018-07-03 08:00:00,0.494815844366542
2018-07-03 08:03:00,0.45874755980167947
2018-07-03 08:06:00,0.3449584889149264
2018-07-03 08:09:00,0.44535412296994537
2018-07-03 08:12:00,0.40834267526815893
2018-07-03 08:15:00,0.39815796149395055
2018-07-03 08:18:00,0.3097338276168671
2018-07-03 08:21:00,0.36474632601283474
2018-07-03 08:24:00,0.35041240652037686
2018-07-03 08:27:00,0.33780387585710514
2018-07-03 08:30:00,0.30811275154530904
2018-07-03 08:33:00,0.2882842328780839
2018-07-03 08:36:00,
2018-07-03 08:39:00,
2018-07-03 08:42:00,
2018-07-03 08:45:00,
2018-07-03 08:48:00,
2018-07-03 08:51:00,
2018-07-03 08:54:00,0.31534515196864277
2018-07-03 08:57:00,0.2161413502744267
2018-07-03 09:00:00,0.3520572966011173
2018-07-03 09:03:00,0.3234800644488587
2018-07-03 09:06:00,0.24704055004320935
2018-07-03 09:09:00,0.18065148715186297
2018-07-03 09:12:00,0.2564779766032075
2018-07-03 09:15:00,0.3140757055832637
2018-07-03 09:18:00,0.16383405626402237
2018-07-03 09:21:00,0.2704064300561413
2018-07-03 09:24:00,0.20182838840929662
2018-07-03 09:27:00,0.2510881353236414
2018-07-03 09:30:00,0.2564062781575558
2018-07-03 09:33:00,0.16951185873006125
2018-07-03 09:36:00,0.15893869662420457
2018-07-03 09:39:00,0.13376941154257338
2018-07-03 09:42:00,0.27992937587720235
2018-07-03 09:45:00,0.1549706992531128
2018-07-03 09:48:00,0.14736586362585058
2018-07-03 09:51:00,0.23009195976396768
2018-07-03 09:54:00,0.17652635368858682
2018-07-03 09:57:00,0.13803481593066635
2018-07-03 10:00:00,0.14381841521458227
2018-07-03 10:03:00,0.1782049196240223
2018-07-03 10:06:00,0.1490773881451446
2018-07-03 10:09:00,0.072974598644862
2018-07-03 10:12:00,0.11463315359810622
2018-07-03 10:15:00,0.054200516151581724
2018-07-03 10:18:00,0.19472762361465357
2018-07-03 10:21:00,0.10226721808783168
2018-07-03 10:24:00,0.0758206317854615
2018-07-03 10:27:00,0.11046681102118328
2018-07-03 10:30:00,0.21797959046278947
2018-07-03 10:33:00,0.12035879927236692
2018-07-03 10:36:00,0.15833239117802123
2018-07-03 10:39:00,0.15265663957870856
2018-07-03 10:42:00,0.059641849062586516
2018-07-03 10:45:00,0.1045718428051714
2018-07-03 10:48:00,0.04313987818812848
2018-07-03 10:51:00,0.09661963931881701
2018-07-03 10:54:00,0.09605985204308354
2018-07-03 10:57:00,-0.00913834897733068
2018-07-03 11:00:00,0.040913785209795606
2018-07-03 11:03:00,0.01217005605809618
2018-07-03 11:06:00,-0.042868658194322506
2018-07-03 11:09:00,-0.016352466480043404
2018-07-03 11:12:00,-0.11112861346407499
2018-07-03 11:15:00,-0.01604954058586827
2018-07-03 11:18:00,-0.04801522171732131
2018-07-03 11:21:00,-0.12429537553691716
2018-07-03 11:24:00,-0.09224463296908425
2018-07-03 11:27:00,-0.0597244243873547
2018-07-03 11:30:00,-0.08965140968172136
2018-07-03 11:33:00,-0.05150180950226968
2018-07-03 11:36:00,-0.08935914940587963
2018-07-03 11:39:00,-0.14859292611839692
2018-07-03 11:42:00,-0.09209378445444827
2018-07-03 11:45:00,-0.13482902114054696
2018-07-03 11:48:00,-0.04952123662332042
2018-07-03 11:51:00,-0.19722951491979757
2018-07-03 11:54:00,-0.2170003869938455
2018-07-03 11:57:00,-0.25849631511295
2018-07-03 12:00:00,-0.29289625625102644
2018-07-03 12:03:00,-0.2735603172541232
2018-07-03 12:06:00,-0.17169281610460985
2018-07-03 12:09:00,-0.204291715967031
2018-07-03 12:12:00,-0.18232069448504262
2018-07-03 12:15:00,-0.2331384292795633
2018-07-03 12:18:00,-0.2456228872518409
2018-07-03 12:21:00,-0.2218956841213071
2018-07-03 12:24:00,-0.21791583265599002
2018-07-03 12:27:00,-0.2623267102419504
2018-07-03 12:30:00,-0.1481016144387013
2018-07-03 12:33:00,-0.23409103584901914
2018-07-03 12:36:00,-0.3377572287617454
2018-07-03 12:39:00,-0.2600680052677262
2018-07-03 12:42:00,-0.32881853337920575
2018-07-03 12:45:00,-0.19857227398642863
2018-07-03 12:48:00,-0.3225727817971915
2018-07-03 12:51:00,-0.26567097555351893
2018-07-03 12:54:00,-0.3005286555397788
2018-07-03 12:57:00,-0.3365688338645896
2018-07-03 13:00:00,-0.25252148255685825
2018-07-03 13:03:00,-0.26149229335584323
2018-07-03 13:06:00,-0.3171893413237967
2018-07-03 13:09:00,-0.35936595399772386
2018-07-03 13:12:00,-0.33324749877135673
2018-07-03 13:15:00,-0.3301043981611542
2018-07-03 13:18:00,-0.4046895380611204
2018-07-03 13:21:00,-0.3195884363423147
2018-07-03 13:24:00,-0.31329907696027703
2018-07-03 13:27:00,-0.36865984804921936
2018-07-03 13:30:00,-0.35018745021244513
2018-07-03 13:33:00,-0.4432566012488337
2018-07-03 13:36:00,-0.171179224268883
2018-07-03 13:39:00,-0.22914258233811324
2018-07-03 13:42:00,-0.26812623460625673
2018-07-03 13:45:00,-0.46947789722901234
2018-07-03 13:48:00,-0.34518289950256076
2018-07-03 13:51:00,-0.3479480757772535
2018-07-03 13:54:00,-0.3934810840174805
2018-07-03 13:57:00,-0.3788492341935239
2018-07-03 14:00:00,-0.1551382872752356
2018-07-03 14:03:00,0.02080076424311983
2018-07-03 14:06:00,-0.005510114347430317
2018-07-03 14:09:00,-0.273912090499266
2018-07-03 14:12:00,-0.24580087590669564
2018-07-03 14:15:00,-0.2824914926563338
2018-07-03 14:18:00,-0.2392976400101361
2018-07-03 14:21:00,-0.2607331528932946
2018-07-03 14:24:00,-0.2570393361252741
2018-07-03 14:27:00,-0.2668037769668672
2018-07-03 14:30:00,-0.2943587474690048
2018-07-03 14:33:00,-0.29636163490829404
2018-07-03 14:36:00,-0.254159160794984
2018-07-03 14:39:00,-0.3101259211104548
2018-07-03 14:42:00,-0.3021658517900505
2018-07-03 14:45:00,-0.33248365689786397
2018-07-03 14:48:00,-0.24762644645795717
2018-07-03 14:51:00,-0.411265585418505
2018-07-03 14:54:00,-0.4794652195194544
2018-07-03 14:57:00,-0.3429278727921883
2018-07-03 15:00:00,-0.45911498274358564
2018-07-03 15:03:00,-0.37591658627258084
2018-07-03 15:06:00,-0.4036154870990458
2018-07-03 15:09:00,-0.42983104002797745
2018-07-03 15:12:00,-0.4022669655902291
2018-07-03 15:15:00,-0.3930655678979065
2018-07-03 15:18:00,-0.4487249144519865
2018-07-03 15:21:00,-0.4189148329562613
2018-07-03 15:24:00,-0.4665608869413518
2018-07-03 15:27:00,-0.3689656149647931
2018-07-03 15:30:00,-0.5137451658803798
2018-07-03 15:33:00,-0.412968081044653
2018-07-03 15:36:00,-0.38929420648076984
2018-07-03 15:39:00,-0.3429240797078137
2018-07-03 15:42:00,-0.4104591587301343
2018-07-03 15:45:00,-0.3135171768284408
2018-07-03 15:48:00,-0.3384565001924784
2018-07-03 15:51:00,-0.3429052800386785
2018-07-03 15:54:00,-0.36094706576432145
2018-07-03 15:57:00,-0.34278325156867595
2018-07-03 16:00:00,-0.29030519325328896
2018-07-03 16:03:00,-0.3766830723574799
2018-07-03 16:06:00,-0.3065403222816485
2018-07-03 16:09:00,-0.3109226722385756
2018-07-03 16:12:00,-0.38711752266692656
2018-07-03 16:15:00,-0.3846092710284097
2018-07-03 16:18:00,-0.2982701222070432
2018-07-03 16:21:00,-0.30517696875688216
2018-07-03 16:24:00,-0.3862111903453638
2018-07-03 16:27:00,-0.37168777992843616
2018-07-03 16:30:00,-0.3461849280561182
2018-07-03 16:33:00,-0.29485923850228346
2018-07-03 16:36:00,-0.2910013130208995
2018-07-03 16:39:00,-0.3851676405165563
2018-07-03 16:42:00,-0.4005168150028453
2018-07-03 16:45:00,-0.27222416603950705
2018-07-03 16:48:00,-0.33316756908516254
2018-07-03 16:51:00,-0.30223568488707997
2018-07-03 16:54:00,-0.36678279305186834
2018-07-03 16:57:00,-0.33076109829431743
2018-07-03 17:00:00,-0.31201485091168024
2018-07-03 17:03:00,-0.35271017465646537
2018-07-03 17:06:00,-0.3928895463276376
2018-07-03 17:09:00,-0.33445868430686687
2018-07-03 17:12:00,-0.364391042806119
2018-07-03 17:15:00,-0.4084743085917353
2018-07-03 17:18:00,-0.3788121745849935
2018-07-03 17:21:00,-0.3196655382931226
2018-07-03 17:24:00,-0.34105787030244983
2018-07-03 17:27:00,-0.2598332243324535
2018-07-03 17:30:00,-0.3240942167398657
2018-07-03 17:33:00,-0.29865419039231256
2018-07-03 17:36:00,-0.3015944552016663
2018-07-03 17:39:00,-0.2671164422336574
2018-07-03 17:42:00,-0.24239098511799284
2018-07-03 17:45:00,-0.31830739944075503
2018-07-03 17:48:00,-0.2939297891090291
2018-07-03 17:51:00,-0.2612580685654393
2018-07-03 17:54:00,-0.25189941120368076
2018-07-03 17:57:00,-0.26049072187748834
2018-07-03 18:00:00,-0.26221679483666094
2018-07-03 18:03:00,-0.23423998563475834
2018-07-03 18:06:00,-0.27364545294153686
2018-07-03 18:09:00,-0.20869305940925642
2018-07-03 18:12:00,-0.26990645671833136
2018-07-03 18:15:00,-0.28820531829995844
2018-07-03 18:18:00,-0.2112586366882283
2018-07-03 18:21:00,-0.15076605005475585
2018-07-03 18:24:00,-0.15621330144506373
2018-07-03 18:27:00,-0.11732114776589242
2018-07-03 18:30:00,-0.17247155298883854
2018-07-03 18:33:00,-0.14489288705584613
2018-07-03 18:36:00,-0.10627788641397728
2018-07-03 18:39:00,-0.16605852682357636
2018-07-03 18:42:00,-0.1687522286486569
2018-07-03 18:45:00,-0.12119604503078563
2018-07-03 18:48:00,-0.17233285029249146
2018-07-03 18:51:00,-0.21578840286514378
2018-07-03 18:54:00,
2018-07-03 18:57:00,
2018-07-03 19:00:00,
2018-07-03 19:03:00,-0.07037766152336644
2018-07-03 19:06:00,-0.12979367943120224
2018-07-03 19:09:00,-0.06853622314969243
2018-07-03 19:12:00,-0.08227386033200901
2018-07-03 19:15:00,-0.10281138616073804
2018-07-03 19:18:00,-0.02255840406309062
2018-07-03 19:21:00,-0.052720396001859626
2018-07-03 19:24:00,-0.05309996510243309
2018-07-03 19:27:00,-0.06971846970907336
2018-07-03 19:30:00,-0.10460491976112962
2018-07-03 19:33:00,-0.14802163514076483
2018-07-03 19:36:00,-0.09937507441532034
2018-07-03 19:39:00,-0.05602650821043653
2018-07-03 19:42:00,-0.06727658109804224
2018-07-03 19:45:00,-0.047578598076199796
2018-07-03 19:48:00,0.004304623972871013
2018-07-03 19:51:00,0.02092851497485526
2018-07-03 19:54:00,0.1152782615802721
2018-07-03 19:57:00,-0.008265127110746562
2018-07-03 20:00:00,-0.004125635670504835
2018-07-03 20:03:00,-0.05348429152360268
2018-07-03 20:06:00,0.03318748410930539
2018-07-03 20:09:00,-0.029064025448349184
2018-07-03 20:12:00,0.022097325219817776
2018-07-03 20:15:00,0.07144500750320049
2018-07-03 20:18:00,-0.05238212653455321
2018-07-03 20:21:00,0.031677621802373324
2018-07-03 20:24:00,-0.012868602062667378
2018-07-03 20:27:00,-0.007328728631819104
2018-07-03 20:30:00,0.072941500403374
2018-07-03 20:33:00,-0.0022529246670615066
2018-07-03 20:36:00,0.0783726638923099
2018-07-03 20:39:00,-0.0027665182573173297
2018-07-03 20:42:00,0.08603330820568544
2018-07-03 20:45:00,-0.031026979367538843
2018-07-03 20:48:00,0.11811788917447075
2018-07-03 20:51:00,0.1337961413131552
2018-07-03 20:54:00,0.09804386138677046
2018-07-03 20:57:00,0.08940761957080667
2018-07-03 21:00:00,0.01591809205484651
2018-07-03 21:03:00,0.07732366924494727
2018-07-03 21:06:00,0.08230250686659701
2018-07-03 21:09:00,0.04599318293378474
2018-07-03 21:12:00,0.12204340506139033
2018-07-03 21:15:00,0.1592306082307573
2018-07-03 21:18:00,0.17143402535162977
2018-07-03 21:21:00,0.10875643161261905
2018-07-03 21:24:00,0.0721594378974828
2018-07-03 21:27:00,0.1602628421765644
2018-07-03 21:30:00,0.11863572921083687
2018-07-03 21:33:00,0.08608242674540634
2018-07-03 21:36:00,0.1265459425685549
2018-07-03 21:39:00,0.1582711624992612
2018-07-03 21:42:00,0.17291249664924635
2018-07-03 21:45:00,0.138788892264472
2018-07-03 21:48:00,0.08202588096071395
2018-07-03 21:51:00,0.13746117932493007
2018-07-03 21:54:00,0.13148813730026632
2018-07-03 21:57:00,0.10034961415186672
2018-07-03 22:00:00,0.1816357787303673
2018-07-03 22:03:00,0.23160219454751996
2018-07-03 22:06:00,0.20448738005569567
2018-07-03 22:09:00,0.20592164978677374
2018-07-03 22:12:00,0.21887211026768227
2018-07-03 22:15:00,0.24196647884781441
2018-07-03 22:18:00,0.26470264475324257
2018-07-03 22:21:00,0.24299639582943655
2018-07-03 22:24:00,0.1455057182338919
2018-07-03 22:27:00,0.1252240745171207
2018-07-03 22:30:00,0.053848196632998224
2018-07-03 22:33:00,0.1425615725909779
2018-07-03 22:36:00,0.12476035988117928
2018-07-03 22:39:00,0.1548638999774994
2018-07-03 22:42:00,0.1391785666446026
2018-07-03 22:45:00,0.30928033866337046
2018-07-03 22:48:00,0.19025193598190526
2018-07-03 22:51:00,0.18690003989587467
2018-07-03 22:54:00,0.17194254028282785
2018-07-03 22:57:00,0.15781407679696713
2018-07-03 23:00:00,0.05178880235246197
2018-07-03 23:03:00,0.21662751871838282
2018-07-03 23:06:00,0.2252145694615706
2018-07-03 23:09:00,0.21342675648531895
2018-07-03 23:12:00,0.20547871730838096
2018-07-03 23:15:00,0.1960642444476548
2018-07-03 23:18:00,0.16052280293024523
2018-07-03 23:21:00,0.28205119419072844
2018-07-03 23:24:00,0.2477088588669858
2018-07-03 23:27:00,0.1948236389206386
2018-07-03 23:30:00,0.18540618127485686
2018-07-03 23:33:00,0.2632053407296553
2018-07-03 23:36:00,0.25852792022641324
2018-07-03 23:39:00,0.3609100429298451
2018-07-03 23:42:00,0.21251181546739417
2018-07-03 23:45:00,0.22196565767876564
2018-07-03 23:48:00,0.1576129636334258
2018-07-03 23:51:00,0.21638245086523966
2018-07-03 23:54:00,0.15589263677344434
2018-07-03 23:57:00,0.17105765883007962
2018-07-04 00:00:00,0.1679594631871737
2018-07-04 00:03:00,0.19953570031060508
2018-07-04 00:06:00,0.2771310953653483
2018-07-04 00:09:00,0.21201159682470916
2018-07-04 00:12:00,0.18489923872368763
2018-07-04 00:15:00,0.11052189605146623
2018-07-04 00:18:00,0.22000163919972238
2018-07-04 00:21:00,0.2538872973176467
2018-07-04 00:24:00,0.16270224849085935
2018-07-04 00:27:00,0.25534636332287164
2018-07-04 00:30:00,0.1887801591551579
2018-07-04 00:33:00,0.23146427368936884
2018-07-04 00:36:00,0.23529339759784307
2018-07-04 00:39:00,0.21354845954863322
2018-07-04 00:42:00,0.2398044013112326
2018-07-04 00:45:00,0.2107192622659113
2018-07-04 00:48:00,0.25917892249844954
2018-07-04 00:51:00,0.27501714154902857
2018-07-04 00:54:00,0.253070183851662
2018-07-04 00:57:00,0.23159887797766032
2018-07-04 01:00:00,0.26384737952867
2018-07-04 01:03:00,0.29972097398217556
2018-07-04 01:06:00,0.2818673606042239
2018-07-04 01:09:00,0.24159506234224182
2018-07-04 01:12:00,0.25808096304092487
2018-07-04 01:15:00,0.25813289266511674
2018-07-04 01:18:00,0.25834601134096147
2018-07-04 01:21:00,0.21624335287066287
2018-07-04 01:24:00,0.2947049628876357
2018-07-04 01:27:00,0.237831465130796
2018-07-04 01:30:00,0.3197275011609122
2018-07-04 01:33:00,0.2621880531048646
2018-07-04 01:36:00,0.31883582077961137
2018-07-04 01:39:00,0.24192442822754856
2018-07-04 01:42:00,0.23757965781601342
2018-07-04 01:45:00,0.1419359303935721
2018-07-04 01:48:00,0.2541829126207631
2018-07-04 01:51:00,0.32806246506629577
2018-07-04 01:54:00,0.24367210174199272
2018-07-04 01:57:00,0.3245084797261484
2018-07-04 02:00:00,0.41787955541343536
2018-07-04 02:03:00,0.31918365317869757
2018-07-04 02:06:00,0.33534612118529594
2018-07-04 02:09:00,0.30594769311193204
2018-07-04 02:12:00,0.22435215125551622
2018-07-04 02:15:00,0.2309531010585033
2018-07-04 02:18:00,0.40147108954766964
2018-07-04 02:21:00,0.29009669116277337
2018-07-04 02:24:00,0.28637537954324443
2018-07-04 02:27:00,0.1930212437184764
2018-07-04 02:30:00,0.21793012326509142
2018-07-04 02:33:00,0.2736090467160466
2018-07-04 02:36:00,0.266843343812468
2018-07-04 02:39:00,0.2015613221113881
2018-07-04 02:42:00,0.3017502221736095
2018-07-04 02:45:00,0.2291071967224525
2018-07-04 02:48:00,0.3072200894422963
2018-07-04 02:51:00,0.2972596993208185
2018-07-04 02:54:00,0.31007732716932424
2018-07-04 02:57:00,0.30808046385232046
2018-07-04 03:00:00,0.25688663809569334
2018-07-04 03:03:00,0.28696381429364237
2018-07-04 03:06:00,0.2933315223769455
2018-07-04 03:09:00,0.3525348147276759
2018-07-04 03:12:00,0.35949049068830163
2018-07-04 03:15:00,0.30724758858207224
2018-07-04 03:18:00,0.24382506418533012
2018-07-04 03:21:00,0.2883791459363465
2018-07-04 03:24:00,0.3176683393256212
2018-07-04 03:27:00,0.3878094333927038
2018-07-04 03:30:00,0.2794066415714269
2018-07-04 03:33:00,0.2826873307633946
2018-07-04 03:36:00,0.3244669985380142
2018-07-04 03:39:00,0.35726474927867
2018-07-04 03:42:00,0.34214825633006285
2018-07-04 03:45:00,0.31733715604565305
2018-07-04 03:48:00,0.2193982830673349
2018-07-04 03:51:00,0.19419915093590134
2018-07-04 03:54:00,0.2458086657600802
2018-07-04 03:57:00,0.2848264587239555
2018-07-04 04:00:00,0.24118244470429318
2018-07-04 04:03:00,0.2857009941548654
2018-07-04 04:06:00,0.2948187418264183
2018-07-04 04:09:00,0.3521134569280093
2018-07-04 04:12:00,0.3150527067672897
2018-07-04 04:15:00,0.3534373992914084
2018-07-04 04:18:00,0.24420782003727481
2018-07-04 04:21:00,0.34490833306648483
2018-07-04 04:24:00,0.22828732299512922
2018-07-04 04:27:00,0.28660845325185846
2018-07-04 04:30:00,0.25972025767282503
2018-07-04 04:33:00,0.33863701116058564
2018-07-04 04:36:00,0.2564901136443041
2018-07-04 04:39:00,0.38599940693694634
2018-07-04 04:42:00,0.23973656275762778
2018-07-04 04:45:00,0.22104572083668472
2018-07-04 04:48:00,0.30143686915118906
2018-07-04 04:51:00,0.25836987372616704
2018-07-04 04:54:00,0.2840262022426714
2018-07-04 04:57:00,0.3031777552889139
2018-07-04 05:00:00,0.2786192184827314
2018-07-04 05:03:00,0.2706727981498602
2018-07-04 05:06:00,0.32783656811676565
2018-07-04 05:09:00,0.38812574514167864
2018-07-04 05:12:00,0.4125136074488296
2018-07-04 05:15:00,0.4329200395310977
2018-07-04 05:18:00,0.3741390665521749
2018-07-04 05:21:00,0.3051145803523241
2018-07-04 05:24:00,0.33784679761794223
2018-07-04 05:27:00,0.2851480676335427
2018-07-04 05:30:00,0.3747540173754942
2018-07-04 05:33:00,0.32080433938926944
2018-07-04 05:36:00,0.33563597034577697
2018-07-04 05:39:00,0.3883950872809123
2018-07-04 05:42:00,0.39165307945091854
2018-07-04 05:45:00,0.3241107908345384
2018-07-04 05:48:00,0.5067990414614769
2018-07-04 05:51:00,0.38626885397707156
2018-07-04 05:54:00,0.3783880249649769
2018-07-04 05:57:00,0.4616732396103771
2018-07-04 06:00:00,0.4401666453720168
2018-07-04 06:03:00,0.3901284174834245
2018-07-04 06:06:00,0.4512346559636171
2018-07-04 06:09:00,0.37123159072979206
2018-07-04 06:12:00,0.29342167537487285
2018-07-04 06:15:00,0.3703186628424646
2018-07-04 06:18:00,0.3759280612643465
2018-07-04 06:21:00,0.3869012550282491
2018-07-04 06:24:00,0.44595816767957785
2018-07-04 06:27:00,0.424420007199501
2018-07-04 06:30:00,0.39664015559253585
2018-07-04 06:33:00,0.38512947507035733
2018-07-04 06:36:00,0.48898873866642134
2018-07-04 06:39:00,0.347280920419621
2018-07-04 06:42:00,0.4292923893361831
2018-07-04 06:45:00,0.42489211936293714
2018-07-04 06:48:00,0.43313330283967844
2018-07-04 06:51:00,0.4600580612018348
2018-07-04 06:54:00,0.4948202998143074
2018-07-04 06:57:00,0.364637575671793
2018-07-04 07:00:00,0.4730364928284416
2018-07-04 07:03:00,0.4042080909609922
2018-07-04 07:06:00,0.46960520076618195
2018-07-04 07:09:00,0.4076558296216035
2018-07-04 07:12:00,0.350301774679906
2018-07-04 07:15:00,0.41014674179160693
2018-07-04 07:18:00,0.3577953208576332
2018-07-04 07:21:00,0.38730480308942106
2018-07-04 07:24:00,0.33229860464643934
2018-07-04 07:27:00,0.33296937997999976
2018-07-04 07:30:00,0.38848423771787566
2018-07-04 07:33:00,0.4329389897830538
2018-07-04 07:36:00,0.2961610260699672
2018-07-04 07:39:00,0.3967628351297776
2018-07-04 07:42:00,0.3237030703082837
2018-07-04 07:45:00,0.3754343064875343
2018-07-04 07:48:00,0.33905098134664513
2018-07-04 07:51:00,0.2537746935975065
2018-07-04 07:54:00,0.25093328019153205
2018-07-04 07:57:00,0.4257603669315131
2018-07-04 08:00:00,0.3008739339072122
2018-07-04 08:03:00,0.2425897978707212
2018-07-04 08:06:00,0.22735750813387767
2018-07-04 08:09:00,0.1804679239867255
2018-07-04 08:12:00,0.32479576961713974
2018-07-04 08:15:00,0.26135678140684604
2018-07-04 08:18:00,0.22814010274868224
2018-07-04 08:21:00,0.23638312756207824
2018-07-04 08:24:00,0.2163335610213153
2018-07-04 08:27:00,0.23632326114267244
2018-07-04 08:30:00,0.25030159199656055
2018-07-04 08:33:00,0.3647178605334602
2018-07-04 08:36:00,0.21258018511144883
2018-07-04 08:39:00,0.14246491427581986
2018-07-04 08:42:00,0.1948114928310929
2018-07-04 08:45:00,0.26437346597083433
2018-07-04 08:48:00,0.19403107660178875
2018-07-04 08:51:00,0.15624414790738683
2018-07-04 08:54:00,0.1918561115954276
2018-07-04 08:57:00,0.11556862269162593
2018-07-04 09:00:00,0.12252450823507388
2018-07-04 09:03:00,0.09589423637692107
2018-07-04 09:06:00,0.16862198521363325
2018-07-04 09:09:00,0.02886800869345052
2018-07-04 09:12:00,0.06908563842063131
2018-07-04 09:15:00,0.025590667685889912
2018-07-04 09:18:00,0.010436460069797704
2018-07-04 09:21:00,0.08627609590706697
2018-07-04 09:24:00,0.039305404408480626
2018-07-04 09:27:00,0.04985076866569216
2018-07-04 09:30:00,-0.06268709523112648
2018-07-04 09:33:00,-0.061851496803853934
2018-07-04 09:36:00,-0.054606363615334885
2018-07-04 09:39:00,-0.04694418160431724
2018-07-04 09:42:00,-0.12662549124138422
2018-07-04 09:45:00,-0.1782183480915478
2018-07-04 09:48:00,-0.16911869487836384
2018-07-04 09:51:00,-0.08882389859024897
2018-07-04 09:54:00,-0.1620261393118767
2018-07-04 09:57:00,-0.10061458092081921
2018-07-04 10:00:00,-0.16866771855660545
2018-07-04 10:03:00,-0.14010426833465317
2018-07-04 10:06:00,-0.2263673867045668
2018-07-04 10:09:00,-0.12280246188907995
2018-07-04 10:12:00,-0.17400167165453695
2018-07-04 10:15:00,-0.31645841511982553
2018-07-04 10:18:00,-0.2233573557653017
2018-07-04 10:21:00,-0.13401816722841886
2018-07-04 10:24:00,-0.2742926775939054
2018-07-04 10:27:00,-0.24044092299300246
2018-07-04 10:30:00,-0.27646335029419333
2018-07-04 10:33:00,-0.34625073098447956
2018-07-04 10:36:00,-0.32697419136070494
2018-07-04 10:39:00,-0.308401694195652
2018-07-04 10:42:00,-0.383193142178925
2018-07-04 10:45:00,-0.27946747073184497
2018-07-04 10:48:00,-0.358021681286516
2018-07-04 10:51:00,-0.37673816060612353
2018-07-04 10:54:00,-0.4093995981646117
2018-07-04 10:57:00,-0.3014970905758787
2018-07-04 11:00:00,-0.2663102779159203
2018-07-04 11:03:00,-0.40264687361025153
2018-07-04 11:06:00,-0.309302669214901
2018-07-04 11:09:00,-0.3027286055552736
2018-07-04 11:12:00,-0.33513526380983194
2018-07-04 11:15:00,-0.38547418993186966
2018-07-04 11:18:00,-0.3426518159199077
2018-07-04 11:21:00,-0.33029932753765934
2018-07-04 11:24:00,-0.26211165370432354
2018-07-04 11:27:00,-0.25228235790564213
2018-07-04 11:30:00,-0.2681127563903942
2018-07-04 11:33:00,-0.3568953968980395
2018-07-04 11:36:00,-0.46289013272041757
2018-07-04 11:39:00,-0.3339446899931886
2018-07-04 11:42:00,-0.32140381097485715
2018-07-04 11:45:00,-0.3846203671668036
2018-07-04 11:48:00,-0.39963230965781804
2018-07-04 11:51:00,-0.45764500657924145
2018-07-04 11:54:00,-0.40497617311376644
2018-07-04 11:57:00,-0.4538333253178166
2018-07-04 12:00:00,-0.4035801570081503
2018-07-04 12:03:00,-0.2429024201995844
2018-07-04 12:06:00,-0.3617681981171472
2018-07-04 12:09:00,-0.425111975749644
2018-07-04 12:12:00,-0.4509809056601739
2018-07-04 12:15:00,-0.39891283246259945
2018-07-04 12:18:00,-0.4248318336104262
2018-07-04 12:21:00,-0.4864185695834067
2018-07-04 12:24:00,-0.3825482570120471
2018-07-04 12:27:00,-0.5576560995758655
2018-07-04 12:30:00,-0.39248631800950307
2018-07-04 12:33:00,-0.46885683107240084
2018-07-04 12:36:00,-0.5443806084363132
2018-07-04 12:39:00,-0.4727676763578188
2018-07-04 12:42:00,-0.5076794481050797
2018-07-04 12:45:00,-0.4089549981820255
2018-07-04 12:48:00,-0.4885270319699089
2018-07-04 12:51:00,-0.473782109571232
2018-07-04 12:54:00,-0.4181233776216686
2018-07-04 12:57:00,-0.46210286501337805
2018-07-04 13:00:00,-0.5537680399286273
2018-07-04 13:03:00,-0.5707987923776159
2018-07-04 13:06:00,-0.48288723005924794
2018-07-04 13:09:00,-0.6446185246493883
2018-07-04 13:12:00,-0.6004376745148079
2018-07-04 13:15:00,-0.5981605838306905
2018-07-04 13:18:00,-0.5261110774715121
2018-07-04 13:21:00,-0.5891117966669981
2018-07-04 13:24:00,-0.49782873537043315
2018-07-04 13:27:00,-0.4836231580613344
2018-07-04 13:30:00,-0.4878557845365208
2018-07-04 13:33:00,-0.458444612414155
2018-07-04 13:36:00,-0.5055892599882554
2018-07-04 13:39:00,-0.4571181568618954
2018-07-04 13:42:00,-0.5564329677087585
2018-07-04 13:45:00,-0.5121755263415935
2018-07-04 13:48:00,-0.5008068319500012
2018-07-04 13:51:00,-0.4757809904172632
2018-07-04 13:54:00,-0.43489864563298397
2018-07-04 13:57:00,-0.5159110474657496
2018-07-04 14:00:00,-0.49766955871388063
2018-07-04 14:03:00,-0.5176954958784563
2018-07-04 14:06:00,-0.5062628563789531
2018-07-04 14:09:00,-0.5231624024388566
2018-07-04 14:12:00,-0.5070629970893492
2018-07-04 14:15:00,-0.5460401451172743
2018-07-04 14:18:00,-0.557845818069552
2018-07-04 14:21:00,-0.5054263724202315
2018-07-04 14:24:00,-0.5168572221793966
2018-07-04 14:27:00,-0.6149876831548795
2018-07-04 14:30:00,-0.5035182998066716
2018-07-04 14:33:00,-0.36011815966480754
2018-07-04 14:36:00,-0.429465494585088
2018-07-04 14:39:00,-0.42538691028784115
2018-07-04 14:42:00,-0.576172040548613
2018-07-04 14:45:00,-0.6109800462150474
2018-07-04 14:48:00,-0.608009069436207
2018-07-04 14:51:00,-0.5991766323722914
2018-07-04 14:54:00,-0.5524346981515009
2018-07-04 14:57:00,-0.5487441660902164
2018-07-04 15:00:00,-0.5887596571214999
2018-07-04 15:03:00,-0.5293897483667251
2018-07-04 15:06:00,-0.5562964733966282
2018-07-04 15:09:00,-0.5506279091259785
2018-07-04 15:12:00,-0.633993634549654
2018-07-04 15:15:00,-0.5473401909059135
2018-07-04 15:18:00,-0.5667308577872632
2018-07-04 15:21:00,-0.5633410739145575
2018-07-04 15:24:00,-0.5573652006485759
2018-07-04 15:27:00,-0.5795448138591723
2018-07-04 15:30:00,-0.45308135241822356
2018-07-04 15:33:00,-0.5160753756110239
2018-07-04 15:36:00,-0.39131742973501105
2018-07-04 15:39:00,-0.6100009349281663
2018-07-04 15:42:00,-0.5255510428263506
2018-07-04 15:45:00,-0.5224115158112568
2018-07-04 15:48:00,-0.4647539344888969
2018-07-04 15:51:00,-0.6398394393287958
2018-07-04 15:54:00,-0.5888977798247197
2018-07-04 15:57:00,-0.540764662503932
2018-07-04 16:00:00,-0.46027702886340194
2018-07-04 16:03:00,-0.45606362676466006
2018-07-04 16:06:00,-0.47586410286498904
2018-07-04 16:09:00,-0.5469120054465861
2018-07-04 16:12:00,-0.49087297671832175
2018-07-04 16:15:00,-0.5391787922298477
2018-07-04 16:18:00,-0.4283260267142168
2018-07-04 16:21:00,-0.43805321445478285
2018-07-04 16:24:00,-0.5496996276820596
2018-07-04 16:27:00,-0.3985620354852131
2018-07-04 16:30:00,-0.46299805274719574
2018-07-04 16:33:00,-0.5578747358248393
2018-07-04 16:36:00,-0.5166144492083049
2018-07-04 16:39:00,-0.5836490666745249
2018-07-04 16:42:00,-0.4894454059601685
2018-07-04 16:45:00,-0.5168864036282343
2018-07-04 16:48:00,-0.5392169982409314
2018-07-04 16:51:00,-0.5034333632564199
2018-07-04 16:54:00,-0.4978530813104385
2018-07-04 16:57:00,-0.6037789258178918
2018-07-04 17:00:00,-0.525993054989101
2018-07-04 17:03:00,-0.523832178019461
2018-07-04 17:06:00,-0.503994540337203
2018-07-04 17:09:00,-0.4472492702109321
2018-07-04 17:12:00,-0.46646046956146847
2018-07-04 17:15:00,-0.449710117177915
2018-07-04 17:18:00,-0.4168410433470626
2018-07-04 17:21:00,-0.4421570282140692
2018-07-04 17:24:00,-0.42846513168080946
2018-07-04 17:27:00,-0.41706683911974096
2018-07-04 17:30:00,-0.40886789108060384
2018-07-04 17:33:00,-0.4056888860994263
2018-07-04 17:36:00,-0.4828328277434366
2018-07-04 17:39:00,-0.36760321708038646
2018-07-04 17:42:00,-0.3949247083666023
2018-07-04 17:45:00,-0.40562321761461817
2018-07-04 17:48:00,-0.3654402793086433
2018-07-04 17:51:00,-0.2712884872725567
2018-07-04 17:54:00,-0.25572485778775444
2018-07-04 17:57:00,-0.16728999065242078
2018-07-04 18:00:00,-0.2734165452415027
2018-07-04 18:03:00,-0.21230888642395485
2018-07-04 18:06:00,-0.2314895117831952
2018-07-04 18:09:00,-0.271301045742689
2018-07-04 18:12:00,-0.2331587267576083
2018-07-04 18:15:00,-0.2026756166358723
2018-07-04 18:18:00,-0.20534209969076755
2018-07-04 18:21:00,-0.17283688907480155
2018-07-04 18:24:00,-0.13086748227351563
2018-07-04 18:27:00,-0.21548838213709587
2018-07-04 18:30:00,-0.154750408983773
2018-07-04 18:33:00,-0.15332730812599493
2018-07-04 18:36:00,-0.1549652064261977
2018-07-04 18:39:00,-0.14883055441885062
2018-07-04 18:42:00,-0.17968686387774824
2018-07-04 18:45:00,-0.16125335073400038
2018-07-04 18:48:00,-0.20920284671154832
2018-07-04 18:51:00,-0.20814816917504686
2018-07-04 18:54:00,
2018-07-04 18:57:00,
2018-07-04 19:00:00,
2018-07-04 19:03:00,-0.12820900389692724
2018-07-04 19:06:00,-0.18505055609443843
2018-07-04 19:09:00,-0.24361688330264997
2018-07-04 19:12:00,-0.23392029519379776
2018-07-04 19:15:00,-0.15677730450056515
2018-07-04 19:18:00,-0.2231674157831094
2018-07-04 19:21:00,-0.05946717142978741
2018-07-04 19:24:00,-0.08842124011499664
2018-07-04 19:27:00,-0.09414977827572102
2018-07-04 19:30:00,-0.06399192925363195
2018-07-04 19:33:00,-0.10568471077715458
2018-07-04 19:36:00,-0.13483041693979203
2018-07-04 19:39:00,-0.11786729678010488
2018-07-04 19:42:00,-0.08094001450501764
2018-07-04 19:45:00,-0.06233419196297518
2018-07-04 19:48:00,-0.05614655620212261
2018-07-04 19:51:00,-0.0473671901677335
2018-07-04 19:54:00,-0.03527371249526823
2018-07-04 19:57:00,-0.1338435803535276
2018-07-04 20:00:00,-0.0538106190574581
2018-07-04 20:03:00,-0.13929260746328964
2018-07-04 20:06:00,-0.028563523412231007
2018-07-04 20:09:00,-0.01074536738462939
2018-07-04 20:12:00,0.0022386165913417244
2018-07-04 20:15:00,-0.008780167557745244
2018-07-04 20:18:00,-0.023867430714972215
2018-07-04 20:21:00,-0.05106684136563899
2018-07-04 20:24:00,-0.028721513086964023
2018-07-04 20:27:00,-0.02336810068277373
2018-07-04 20:30:00,0.024660026376693622
2018-07-04 20:33:00,-0.005013454387949423
2018-07-04 20:36:00,0.0306162724741057
2018-07-04 20:39:00,-0.044534732816543965
2018-07-04 20:42:00,0.009999066952047997
2018-07-04 20:45:00,0.005059173144104534
2018-07-04 20:48:00,0.0430326615520471
2018-07-04 20:51:00,0.08640813293578731
2018-07-04 20:54:00,0.05100828267995894
2018-07-04 20:57:00,0.11795283424811487
2018-07-04 21:00:00,0.008761481086480671
2018-07-04 21:03:00,-0.03694580784599566
2018-07-04 21:06:00,-0.018185261396467922
2018-07-04 21:09:00,0.003717942118953488
2018-07-04 21:12:00,0.013640513003792876
2018-07-04 21:15:00,0.04348395570406183
2018-07-04 21:18:00,0.027816155008736132
2018-07-04 21:21:00,0.004480147912488519
2018-07-04 21:24:00,-0.010989807300802568
2018-07-04 21:27:00,0.03901904168554893
2018-07-04 21:30:00,-0.10336646214506118
2018-07-04 21:33:00,0.03621030390888791
2018-07-04 21:36:00,-0.019656544325698633
2018-07-04 21:39:00,0.003473829069378098
2018-07-04 21:42:00,0.02112406441864323
2018-07-04 21:45:00,0.11101229036455607
2018-07-04 21:48:00,0.031799097784187325
2018-07-04 21:51:00,0.0374343142533462
2018-07-04 21:54:00,0.04496962992789122
2018-07-04 21:57:00,0.008436119183841129
2018-07-04 22:00:00,0.11056453516926013
2018-07-04 22:03:00,0.009038823609557767
2018-07-04 22:06:00,0.10384435056232633
2018-07-04 22:09:00,0.017250800573947345
2018-07-04 22:12:00,0.12781446756872583
2018-07-04 22:15:00,0.0593563381771105
2018-07-04 22:18:00,0.0829754415205457
2018-07-04 22:21:00,0.03852282833616982
2018-07-04 22:24:00,0.05017066893782385
2018-07-04 22:27:00,0.013364798667055311
2018-07-04 22:30:00,0.04758961281754637
2018-07-04 22:33:00,0.037104577027150754
2018-07-04 22:36:00,-0.022301511362911697
2018-07-04 22:39:00,0.08606549567878119
2018-07-04 22:42:00,-0.004083837225039133
2018-07-04 22:45:00,0.0787035211710645
2018-07-04 22:48:00,0.044321699749389154
2018-07-04 22:51:00,0.028361987231676267
2018-07-04 22:54:00,0.11350335064105366
2018-07-04 22:57:00,0.19944818772853523
2018-07-04 23:00:00,0.12231295907014328
2018-07-04 23:03:00,0.14223582270818724
2018-07-04 23:06:00,0.15571788898540717
2018-07-04 23:09:00,0.1079473886740061
2018-07-04 23:12:00,0.1290674042303408
2018-07-04 23:15:00,0.08630904774497594
2018-07-04 23:18:00,0.11929684813554786
2018-07-04 23:21:00,0.08912051625304684
2018-07-04 23:24:00,0.022383610328461145
2018-07-04 23:27:00,0.13659292818431368
2018-07-04 23:30:00,0.07387661435080872
2018-07-04 23:33:00,0.12622498777039937
2018-07-04 23:36:00,0.005981551727018086
2018-07-04 23:39:00,0.08117587915103286
2018-07-04 23:42:00,0.004731045822836677
2018-07-04 23:45:00,-0.03546029436046183
2018-07-04 23:48:00,0.0854289477151724
2018-07-04 23:51:00,-0.008865869202566046
2018-07-04 23:54:00,0.010306062651181946
2018-07-04 23:57:00,0.02295762746081209
2018-07-05 00:00:00,-0.02859425958143902
2018-07-05 00:03:00,-0.02843243409711249
2018-07-05 00:06:00,-0.07164878929427232
2018-07-05 00:09:00,-0.06328768198181933
2018-07-05 00:12:00,-0.04274691730336144
2018-07-05 00:15:00,-0.06032480357174563
2018-07-05 00:18:00,0.004780044820790863
2018-07-05 00:21:00,-0.17210794836819332
2018-07-05 00:24:00,0.02376254402003042
2018-07-05 00:27:00,-0.049299040276139294
2018-07-05 00:30:00,0.021420720396406523
2018-07-05 00:33:00,0.04745648596923502
2018-07-05 00:36:00,0.0780198969155208
2018-07-05 00:39:00,-0.028585481569393778
2018-07-05 00:42:00,0.005538362991899248
2018-07-05 00:45:00,0.1566553242564055
2018-07-05 00:48:00,0.044279060270923765
2018-07-05 00:51:00,0.031949870770290545
2018-07-05 00:54:00,0.13021818521161777
2018-07-05 00:57:00,0.0069932367894693925
2018-07-05 01:00:00,-0.038007156944331655
2018-07-05 01:03:00,-0.03238459758375711
2018-07-05 01:06:00,0.028270535488502446
2018-07-05 01:09:00,-0.02273523194412519
2018-07-05 01:12:00,0.04711180166196982
2018-07-05 01:15:00,0.14267106893856862
2018-07-05 01:18:00,-0.01562835610957336
2018-07-05 01:21:00,0.023488663054479275
2018-07-05 01:24:00,-0.09453319314127384
2018-07-05 01:27:00,0.024168728555821417
2018-07-05 01:30:00,-0.011385063331317724
2018-07-05 01:33:00,0.005188625911102918
2018-07-05 01:36:00,0.07096750970526955
2018-07-05 01:39:00,0.04981738783357059
2018-07-05 01:42:00,0.00021199323725795693
2018-07-05 01:45:00,0.09136174708504541
2018-07-05 01:48:00,0.02454031831894099
2018-07-05 01:51:00,0.04834560621912942
2018-07-05 01:54:00,0.08791547861710569
2018-07-05 01:57:00,0.10560516224319372
2018-07-05 02:00:00,0.0855931808368382
2018-07-05 02:03:00,0.0027913806509900496
2018-07-05 02:06:00,0.08363394152223691
2018-07-05 02:09:00,0.16848301538351507
2018-07-05 02:12:00,0.18233950801572973
2018-07-05 02:15:00,0.10559487721576488
2018-07-05 02:18:00,0.14461147514708728
2018-07-05 02:21:00,0.12877859694128801
2018-07-05 02:24:00,0.050847637091976594
2018-07-05 02:27:00,0.19667377213647796
2018-07-05 02:30:00,0.16115547288922016
2018-07-05 02:33:00,0.17150187799029482
2018-07-05 02:36:00,0.19995108859387756
2018-07-05 02:39:00,0.13772935149364685
2018-07-05 02:42:00,0.0937113063945958
2018-07-05 02:45:00,0.05636614510308391
2018-07-05 02:48:00,0.1297590165460747
2018-07-05 02:51:00,0.20266262693490944
2018-07-05 02:54:00,0.18777968488899432
2018-07-05 02:57:00,0.2094102010597112
2018-07-05 03:00:00,0.15465456850557757
2018-07-05 03:03:00,0.14902809350229518
2018-07-05 03:06:00,0.18580631048394025
2018-07-05 03:09:00,0.22157301207465707
2018-07-05 03:12:00,0.12456012718575948
2018-07-05 03:15:00,0.10635899529643211
2018-07-05 03:18:00,0.1864448896334352
2018-07-05 03:21:00,0.11448737756376204
2018-07-05 03:24:00,0.11788774065473717
2018-07-05 03:27:00,0.19687630601697492
2018-07-05 03:30:00,0.16756911455803447
2018-07-05 03:33:00,0.11805310341628683
2018-07-05 03:36:00,0.1979903054668739
2018-07-05 03:39:00,0.19888132663396618
2018-07-05 03:42:00,0.16594871412632983
2018-07-05 03:45:00,0.23823887270242494
2018-07-05 03:48:00,0.267504953851585
2018-07-05 03:51:00,0.21626447157632356
2018-07-05 03:54:00,0.20329424178441968
2018-07-05 03:57:00,0.20268276386366324
2018-07-05 04:00:00,0.15398461191284696
2018-07-05 04:03:00,0.1663783705107562
2018-07-05 04:06:00,0.19107523661278947
2018-07-05 04:09:00,0.21932135892910765
2018-07-05 04:12:00,0.23348475275702185
2018-07-05 04:15:00,0.2713956234189254
2018-07-05 04:18:00,0.24978851802973168
2018-07-05 04:21:00,0.3082263172733519
2018-07-05 04:24:00,0.32670598863080613
2018-07-05 04:27:00,0.2368645600284367
2018-07-05 04:30:00,0.32557922402111217
2018-07-05 04:33:00,0.28679750952699123
2018-07-05 04:36:00,0.3537176447938464
2018-07-05 04:39:00,0.3404442005760302
2018-07-05 04:42:00,0.3791108165031005
2018-07-05 04:45:00,0.3313754078763509
2018-07-05 04:48:00,0.3027029978803739
2018-07-05 04:51:00,0.45640863232773654
2018-07-05 04:54:00,0.3035072540523629
2018-07-05 04:57:00,0.32345363166763264
2018-07-05 05:00:00,0.3352698186490102
2018-07-05 05:03:00,0.26290141744976836
2018-07-05 05:06:00,0.25704409665019057
2018-07-05 05:09:00,0.2640707326743268
2018-07-05 05:12:00,0.3076478383110839
2018-07-05 05:15:00,0.235348246999024
2018-07-05 05:18:00,0.3465524681383272
2018-07-05 05:21:00,0.23865424384479184
2018-07-05 05:24:00,0.258395591135411
2018-07-05 05:27:00,0.3228396034747334
2018-07-05 05:30:00,0.30305747164067043
2018-07-05 05:33:00,0.2083626652083126
2018-07-05 05:36:00,0.3305803195992212
2018-07-05 05:39:00,0.2678140760228871
2018-07-05 05:42:00,0.28119344506717425
2018-07-05 05:45:00,0.28922055270845703
2018-07-05 05:48:00,0.3040940107887309
2018-07-05 05:51:00,0.3235055763286141
2018-07-05 05:54:00,0.2816769320528465
2018-07-05 05:57:00,0.3458383040730837
2018-07-05 06:00:00,0.3067549484925962
2018-07-05 06:03:00,0.27816413891287084
2018-07-05 06:06:00,0.3354982762112968
2018-07-05 06:09:00,0.30762698329675686
2018-07-05 06:12:00,0.3526308433475833
2018-07-05 06:15:00,0.26769015667957774
2018-07-05 06:18:00,0.21338426132336963
2018-07-05 06:21:00,0.27895446624353326
2018-07-05 06:24:00,0.3185928542986858
2018-07-05 06:27:00,0.31225677102759164
2018-07-05 06:30:00,0.30023214789247277
2018-07-05 06:33:00,0.2771192894082901
2018-07-05 06:36:00,0.21857780332908305
2018-07-05 06:39:00,0.4004266791241662
2018-07-05 06:42:00,0.3085731604819557
2018-07-05 06:45:00,0.3610896819058098
2018-07-05 06:48:00,0.25462807160130296
2018-07-05 06:51:00,0.26138561898380885
2018-07-05 06:54:00,0.32174364455312343
2018-07-05 06:57:00,0.34855866466585894
2018-07-05 07:00:00,0.287695862636383
2018-07-05 07:03:00,0.2252738973193118
2018-07-05 07:06:00,0.2719046877285223
2018-07-05 07:09:00,0.30559069648501236
2018-07-05 07:12:00,0.34169407813334374
2018-07-05 07:15:00,0.3284286296333221
2018-07-05 07:18:00,0.30298385375385806
2018-07-05 07:21:00,0.3728228697308964
2018-07-05 07:24:00,0.15159297764853363
2018-07-05 07:27:00,0.2967862366550662
2018-07-05 07:30:00,0.31221951216127763
2018-07-05 07:33:00,0.2841838835203703
2018-07-05 07:36:00,0.2341732115298214
2018-07-05 07:39:00,0.23671485237781553
2018-07-05 07:42:00,0.2729142545537684
2018-07-05 07:45:00,0.2627316365154684
2018-07-05 07:48:00,0.2828686715855042
2018-07-05 07:51:00,0.2865504804401553
2018-07-05 07:54:00,0.24567596874624087
2018-07-05 07:57:00,0.22420132179058783
2018-07-05 08:00:00,0.26896307886039494
2018-07-05 08:03:00,0.2825466196684374
2018-07-05 08:06:00,0.28877633773373645
2018-07-05 08:09:00,0.23958360572788706
2018-07-05 08:12:00,0.22513445041920477
2018-07-05 08:15:00,0.28862068969107213
2018-07-05 08:18:00,0.22700417459071787
2018-07-05 08:21:00,0.22488284876732223
2018-07-05 08:24:00,0.24750014498954442
2018-07-05 08:27:00,0.10358749663413391
2018-07-05 08:30:00,0.11475548339666375
2018-07-05 08:33:00,0.05423888678262756
2018-07-05 08:36:00,0.10765526687987403
2018-07-05 08:39:00,0.061655249576745064
2018-07-05 08:42:00,0.09492884316375694
2018-07-05 08:45:00,0.09834329511232909
2018-07-05 08:48:00,0.012066547215113133
2018-07-05 08:51:00,-0.038326325582431764
2018-07-05 08:54:00,0.025696305442295397
2018-07-05 08:57:00,0.005096429317518414
2018-07-05 09:00:00,0.04780958884003894
2018-07-05 09:03:00,0.055516877636136996
2018-07-05 09:06:00,0.09409113552192139
2018-07-05 09:09:00,-0.03481643491761588
2018-07-05 09:12:00,-0.004193368633139016
2018-07-05 09:15:00,0.011421791114457847
2018-07-05 09:18:00,-0.13660508123228965
2018-07-05 09:21:00,-0.14495143292299417
2018-07-05 09:24:00,-0.19302334249977093
2018-07-05 09:27:00,-0.037195096558662044
2018-07-05 09:30:00,-0.23575674896062537
2018-07-05 09:33:00,-0.2414888856837365
2018-07-05 09:36:00,-0.2604400518025045
2018-07-05 09:39:00,-0.29048316981157996
2018-07-05 09:42:00,-0.31581300603284035
2018-07-05 09:45:00,-0.345431489483758
2018-07-05 09:48:00,-0.2957508367496189
2018-07-05 09:51:00,-0.351964977507464
2018-07-05 09:54:00,-0.2878797528239829
2018-07-05 09:57:00,-0.33119162926260515
2018-07-05 10:00:00,-0.4613945551942038
2018-07-05 10:03:00,-0.29832508127168467
2018-07-05 10:06:00,-0.34746449800690016
2018-07-05 10:09:00,-0.4122671431161393
2018-07-05 10:12:00,-0.36186842120565643
2018-07-05 10:15:00,-0.18344065301840828
2018-07-05 10:18:00,-0.36763988856750984
2018-07-05 10:21:00,-0.24872132001553382
2018-07-05 10:24:00,-0.41896862226911935
2018-07-05 10:27:00,-0.3485721024623558
2018-07-05 10:30:00,-0.4168260968256732
2018-07-05 10:33:00,-0.4737419439063615
2018-07-05 10:36:00,-0.39825349757848016
2018-07-05 10:39:00,-0.2962340381383797
2018-07-05 10:42:00,-0.3621331019078866
2018-07-05 10:45:00,-0.3453317450059785
2018-07-05 10:48:00,-0.37544268994474805
2018-07-05 10:51:00,-0.4324276003867453
2018-07-05 10:54:00,-0.40011461196695564
2018-07-05 10:57:00,-0.4587996606269371
2018-07-05 11:00:00,-0.36697641382329493
2018-07-05 11:03:00,-0.36430696078411984
2018-07-05 11:06:00,-0.4113813024847559
2018-07-05 11:09:00,-0.44017071742752023
2018-07-05 11:12:00,-0.4020523334785935
2018-07-05 11:15:00,-0.4126656866958456
2018-07-05 11:18:00,-0.3793349235702408
2018-07-05 11:21:00,-0.47877977348679224
2018-07-05 11:24:00,-0.49082652200490884
2018-07-05 11:27:00,-0.4386737326362322
2018-07-05 11:30:00,-0.565582818627604
2018-07-05 11:33:00,-0.43948801852690167
2018-07-05 11:36:00,-0.5691674000580633
2018-07-05 11:39:00,-0.5068420526633304
2018-07-05 11:42:00,-0.4950373209580903
2018-07-05 11:45:00,-0.5273473445709556
2018-07-05 11:48:00,-0.5302440638103008
2018-07-05 11:51:00,-0.48163112793747587
2018-07-05 11:54:00,-0.4200468572985301
2018-07-05 11:57:00,-0.45944295821777814
2018-07-05 12:00:00,-0.38814527379821584
2018-07-05 12:03:00,-0.460884473255021
2018-07-05 12:06:00,-0.5636954079835732
2018-07-05 12:09:00,-0.36148293016123034
2018-07-05 12:12:00,-0.438500477499133
2018-07-05 12:15:00,-0.4495750724667573
2018-07-05 12:18:00,-0.4404888170204231
2018-07-05 12:21:00,-0.39981760829863333
2018-07-05 12:24:00,-0.3683911141941394
2018-07-05 12:27:00,-0.3896973860399271
2018-07-05 12:30:00,-0.31027782305943674
2018-07-05 12:33:00,-0.4402758512385958
2018-07-05 12:36:00,-0.2945588850937497
2018-07-05 12:39:00,-0.20135075557521986
2018-07-05 12:42:00,-0.10905522341982987
2018-07-05 12:45:00,-0.11727083257062532
2018-07-05 12:48:00,-0.019949282413847413
2018-07-05 12:51:00,0.1604963079627737
2018-07-05 12:54:00,0.13561447087823808
2018-07-05 12:57:00,0.0799746258745131
2018-07-05 13:00:00,0.21913548238569547
2018-07-05 13:03:00,0.2207601039807514
2018-07-05 13:06:00,0.09883670135593547
2018-07-05 13:09:00,0.17045060626816166
2018-07-05 13:12:00,-0.07691284077480987
2018-07-05 13:15:00,0.005052717689181918
2018-07-05 13:18:00,-0.1870800284199845
2018-07-05 13:21:00,-0.28892944851492075
2018-07-05 13:24:00,-0.27976619603191466
2018-07-05 13:27:00,-0.2767523576618487
2018-07-05 13:30:00,-0.10610293268155147
2018-07-05 13:33:00,-0.1065002802203594
2018-07-05 13:36:00,-0.16330310877663123
2018-07-05 13:39:00,-0.18142197508768731
2018-07-05 13:42:00,-0.20325529927174557
2018-07-05 13:45:00,-0.3116288750581475
2018-07-05 13:48:00,-0.26713304294486306
2018-07-05 13:51:00,-0.41641947713145555
2018-07-05 13:54:00,-0.5132179357057112
2018-07-05 13:57:00,-0.5618188903288228
2018-07-05 14:00:00,-0.5459986238638521
2018-07-05 14:03:00,-0.3811012262867166
2018-07-05 14:06:00,-0.35457426115283397
2018-07-05 14:09:00,-0.28897003148551903
2018-07-05 14:12:00,-0.22988357646329405
2018-07-05 14:15:00,-0.2250802495719313
2018-07-05 14:18:00,-0.3734635080237467
2018-07-05 14:21:00,-0.4693603967664899
2018-07-05 14:24:00,-0.48426729345885633
2018-07-05 14:27:00,-0.36229797831589394
2018-07-05 14:30:00,-0.328902504825237
2018-07-05 14:33:00,-0.3283981768971671
2018-07-05 14:36:00,-0.33423923231123354
2018-07-05 14:39:00,-0.5617743413251333
2018-07-05 14:42:00,-0.6864167121796072
2018-07-05 14:45:00,-0.5821938041560202
2018-07-05 14:48:00,-0.5972342933006303
2018-07-05 14:51:00,-0.6042856985465619
2018-07-05 14:54:00,-0.5991377665309869
2018-07-05 14:57:00,-0.5317054114353823
2018-07-05 15:00:00,-0.5879592071849515
2018-07-05 15:03:00,-0.6542169710120334
2018-07-05 15:06:00,-0.6732002543091085
2018-07-05 15:09:00,-0.6440437290167438
2018-07-05 15:12:00,-0.5657292621473289
2018-07-05 15:15:00,-0.5717215407888716
2018-07-05 15:18:00,-0.5850956226083781
2018-07-05 15:21:00,-0.4506725190479983
2018-07-05 15:24:00,-0.38439378040123984
2018-07-05 15:27:00,-0.6310089139014963
2018-07-05 15:30:00,-0.5472127973478109
2018-07-05 15:33:00,-0.5724118520197408
2018-07-05 15:36:00,-0.5274674782432385
2018-07-05 15:39:00,-0.5934788336257952
2018-07-05 15:42:00,-0.49515365612796813
2018-07-05 15:45:00,-0.41625438083372046
2018-07-05 15:48:00,-0.5361053696710201
2018-07-05 15:51:00,-0.6137095018921173
2018-07-05 15:54:00,-0.5775770715407589
2018-07-05 15:57:00,-0.5877971903130401
2018-07-05 16:00:00,-0.5102691447747247
2018-07-05 16:03:00,-0.6439344483712262
2018-07-05 16:06:00,-0.6057813363449895
2018-07-05 16:09:00,-0.574670035690815
2018-07-05 16:12:00,-0.5697874857418128
2018-07-05 16:15:00,-0.5206180095619288
2018-07-05 16:18:00,-0.6079193141208634
2018-07-05 16:21:00,-0.602179578179971
2018-07-05 16:24:00,-0.44130199602733455
2018-07-05 16:27:00,-0.6255575165708933
2018-07-05 16:30:00,-0.4873107041834146
2018-07-05 16:33:00,-0.5975788052883217
2018-07-05 16:36:00,-0.4914828809869505
2018-07-05 16:39:00,-0.6326609185138636
2018-07-05 16:42:00,-0.5823210310203422
2018-07-05 16:45:00,-0.5558412613502242
2018-07-05 16:48:00,-0.5555673127946079
2018-07-05 16:51:00,-0.5586041388503418
2018-07-05 16:54:00,-0.5658315248363692
2018-07-05 16:57:00,-0.47068439643237525
2018-07-05 17:00:00,-0.4973187894271973
2018-07-05 17:03:00,-0.5081111718263287
2018-07-05 17:06:00,-0.6102753916903225
2018-07-05 17:09:00,-0.5214484559693915
2018-07-05 17:12:00,-0.6043648804625263
2018-07-05 17:15:00,-0.5781643751373053
2018-07-05 17:18:00,-0.5461532456115492
2018-07-05 17:21:00,-0.5648439754232868
2018-07-05 17:24:00,-0.658398600448038
2018-07-05 17:27:00,-0.5977084620604955
2018-07-05 17:30:00,-0.4554169681481426
2018-07-05 17:33:00,-0.5041424847361782
2018-07-05 17:36:00,-0.5412590347325477
2018-07-05 17:39:00,-0.4575137449550084
2018-07-05 17:42:00,-0.4075147133302721
2018-07-05 17:45:00,-0.4945454466473507
2018-07-05 17:48:00,-0.4644994649780756
2018-07-05 17:51:00,-0.5443708578322344
2018-07-05 17:54:00,-0.4559024807633705
2018-07-05 17:57:00,-0.42690801422753566
2018-07-05 18:00:00,-0.406643605876468
2018-07-05 18:03:00,-0.44246768786445045
2018-07-05 18:06:00,-0.39016759386083777
2018-07-05 18:09:00,-0.49870765933110306
2018-07-05 18:12:00,-0.36160239441619524
2018-07-05 18:15:00,-0.3919230959091351
2018-07-05 18:18:00,-0.43131727583738666
2018-07-05 18:21:00,-0.5080060902610057
2018-07-05 18:24:00,-0.4023224774254004
2018-07-05 18:27:00,-0.39691053311247515
2018-07-05 18:30:00,-0.36876927710648033
2018-07-05 18:33:00,-0.3259100856435566
2018-07-05 18:36:00,-0.4264913452081487
2018-07-05 18:39:00,-0.43398599314070907
2018-07-05 18:42:00,-0.3967714570588896
2018-07-05 18:45:00,-0.4427076284830491
2018-07-05 18:48:00,-0.3467790983643795
2018-07-05 18:51:00,-0.3366819619694752
2018-07-05 18:54:00,
2018-07-05 18:57:00,
2018-07-05 19:00:00,
2018-07-05 19:03:00,-0.331846421119792
2018-07-05 19:06:00,-0.3907372075316857
2018-07-05 19:09:00,-0.38286842586796865
2018-07-05 19:12:00,-0.36933160188840475
2018-07-05 19:15:00,-0.390267485843367
2018-07-05 19:18:00,-0.3885640135480344
2018-07-05 19:21:00,-0.37260684106286135
2018-07-05 19:24:00,-0.35965901066640527
2018-07-05 19:27:00,-0.3511045154523913
2018-07-05 19:30:00,-0.3249948320176941
2018-07-05 19:33:00,-0.2722830518438286
2018-07-05 19:36:00,-0.34155588764195954
2018-07-05 19:39:00,-0.31387269874250023
2018-07-05 19:42:00,-0.27810754412149663
2018-07-05 19:45:00,-0.3101789474093266
2018-07-05 19:48:00,-0.28069506635404196
2018-07-05 19:51:00,-0.27040373456429734
2018-07-05 19:54:00,-0.26946150500958765
2018-07-05 19:57:00,-0.26692152442041106
2018-07-05 20:00:00,-0.31447822005122816
2018-07-05 20:03:00,-0.25705951584478726
2018-07-05 20:06:00,-0.11330323859976943
2018-07-05 20:09:00,-0.18579500001885663
2018-07-05 20:12:00,-0.24163453535760482
2018-07-05 20:15:00,-0.09787092609138881
2018-07-05 20:18:00,-0.2047628926538323
2018-07-05 20:21:00,-0.16014751647435332
2018-07-05 20:24:00,-0.17479105067894807
2018-07-05 20:27:00,-0.2360799428410587
2018-07-05 20:30:00,-0.1792496891833366
2018-07-05 20:33:00,-0.11768803564427799
2018-07-05 20:36:00,-0.14912307689206727
2018-07-05 20:39:00,-0.07783304944871361
2018-07-05 20:42:00,-0.1108437651270151
2018-07-05 20:45:00,-0.09592262194507839
2018-07-05 20:48:00,0.009643929541539364
2018-07-05 20:51:00,-0.09767998163283664
2018-07-05 20:54:00,-0.01897524565617914
2018-07-05 20:57:00,-0.035472127227194505
2018-07-05 21:00:00,-0.020141319439517247
2018-07-05 21:03:00,-0.059771471506280704
2018-07-05 21:06:00,-0.05210265731125219
2018-07-05 21:09:00,0.0019621207190425594
2018-07-05 21:12:00,-0.029517739822892963
2018-07-05 21:15:00,-0.056411527891555124
2018-07-05 21:18:00,-0.003985709676442184
2018-07-05 21:21:00,-0.026885600309924484
2018-07-05 21:24:00,-0.08663560219810051
2018-07-05 21:27:00,-0.09420677625763574
2018-07-05 21:30:00,0.011001798262839202
2018-07-05 21:33:00,-0.044122373687912386
2018-07-05 21:36:00,-0.03247673823477726
2018-07-05 21:39:00,-0.09665047948834626
2018-07-05 21:42:00,-0.03240226409502611
2018-07-05 21:45:00,-0.05094145950835127
2018-07-05 21:48:00,0.010096164908418359
2018-07-05 21:51:00,-0.008519427690259818
2018-07-05 21:54:00,-0.032570158470321076
2018-07-05 21:57:00,-0.08271743550614019
2018-07-05 22:00:00,-0.003642581524218258
2018-07-05 22:03:00,-0.04366893214881884
2018-07-05 22:06:00,-0.08666942399321442
2018-07-05 22:09:00,0.009517932737651336
2018-07-05 22:12:00,-0.04764191393354622
2018-07-05 22:15:00,0.011404246909705762
2018-07-05 22:18:00,0.0620116990556312
2018-07-05 22:21:00,0.012371646962662908
2018-07-05 22:24:00,0.0016396417787518658
2018-07-05 22:27:00,0.015550384378855142
2018-07-05 22:30:00,0.00988932881097071
2018-07-05 22:33:00,0.005403377621689742
2018-07-05 22:36:00,0.018472463152363616
2018-07-05 22:39:00,0.15074021173023766
2018-07-05 22:42:00,0.11187758496680544
2018-07-05 22:45:00,0.17898044760812581
2018-07-05 22:48:00,0.09792673237819827
2018-07-05 22:51:00,0.13223158984925476
2018-07-05 22:54:00,0.03576271087564464
2018-07-05 22:57:00,0.03687484649867656
2018-07-05 23:00:00,0.08418164020804397
2018-07-05 23:03:00,0.04830409931980739
2018-07-05 23:06:00,0.002362280254601501
2018-07-05 23:09:00,-0.028529218804578704
2018-07-05 23:12:00,-0.034881397355775334
2018-07-05 23:15:00,0.09491971395749488
2018-07-05 23:18:00,0.014397960601399973
2018-07-05 23:21:00,-0.06029035534737659
2018-07-05 23:24:00,0.040116445476144236
2018-07-05 23:27:00,0.040145833856911395
2018-07-05 23:30:00,0.05095666144148936
2018-07-05 23:33:00,-0.025843352248273277
2018-07-05 23:36:00,-0.020698222536509547
2018-07-05 23:39:00,0.014779006209153067
2018-07-05 23:42:00,-0.06132203248307633
2018-07-05 23:45:00,-0.0699801558694162
2018-07-05 23:48:00,-0.10205899218732384
2018-07-05 23:51:00,-0.014195247997406568
2018-07-05 23:54:00,0.0458703321052667
2018-07-05 23:57:00,-0.12396992449373556
2018-07-06 00:00:00,-0.0944583556181442
2018-07-06 00:03:00,-0.0763673186920073
2018-07-06 00:06:00,-0.03262817134628904
2018-07-06 00:09:00,0.04914717688535575
2018-07-06 00:12:00,-0.056894855766472574
2018-07-06 00:15:00,-0.08210078116871955
2018-07-06 00:18:00,0.018640327531556977
2018-07-06 00:21:00,0.05883827490799831
2018-07-06 00:24:00,-0.03634345118530291
2018-07-06 00:27:00,0.11095222083037015
2018-07-06 00:30:00,-0.007980081802941186
2018-07-06 00:33:00,0.09351783202180286
2018-07-06 00:36:00,0.08700504654876795
2018-07-06 00:39:00,-0.06650631852534161
2018-07-06 00:42:00,0.0019957433621016207
2018-07-06 00:45:00,-0.004150267470151903
2018-07-06 00:48:00,0.038428370359383734
2018-07-06 00:51:00,0.038117078827383466
2018-07-06 00:54:00,0.03517556699347324
2018-07-06 00:57:00,-0.007160933527813995
2018-07-06 01:00:00,0.017085187324596518
2018-07-06 01:03:00,-0.03399158438452332
2018-07-06 01:06:00,-0.03568554863551299
2018-07-06 01:09:00,0.02319389739136568
2018-07-06 01:12:00,0.03869272923634526
2018-07-06 01:15:00,0.02189687998293266
2018-07-06 01:18:00,0.06739603206767697
2018-07-06 01:21:00,0.028810715071358572
2018-07-06 01:24:00,0.12321835149151639
2018-07-06 01:27:00,0.05757675489127223
2018-07-06 01:30:00,0.08556479362147229
2018-07-06 01:33:00,-0.019694596957037902
2018-07-06 01:36:00,0.13019324155419554
2018-07-06 01:39:00,0.1980794266354451
2018-07-06 01:42:00,0.03143813089258174
2018-07-06 01:45:00,0.04384994105419082
2018-07-06 01:48:00,0.14322289566200652
2018-07-06 01:51:00,-0.034450432660264596
2018-07-06 01:54:00,0.09236962057201481
2018-07-06 01:57:00,0.10492062835811566
2018-07-06 02:00:00,0.07149707950009088
2018-07-06 02:03:00,0.04007075353382561
2018-07-06 02:06:00,0.09711539861910978
2018-07-06 02:09:00,0.15902391247448122
2018-07-06 02:12:00,0.06844509156803724
2018-07-06 02:15:00,0.04225942033326646
2018-07-06 02:18:00,0.11082047762118918
2018-07-06 02:21:00,0.17479918669914696
2018-07-06 02:24:00,0.11915176882155265
2018-07-06 02:27:00,0.07890319505276011
2018-07-06 02:30:00,0.09499104730014096
2018-07-06 02:33:00,0.17960801765610768
2018-07-06 02:36:00,0.07120234068844411
2018-07-06 02:39:00,0.2075363888916968
2018-07-06 02:42:00,0.14601197234571828
2018-07-06 02:45:00,0.20800365797344966
2018-07-06 02:48:00,0.15204331068326837
2018-07-06 02:51:00,0.13353806017448733
2018-07-06 02:54:00,0.1529967050029768
2018-07-06 02:57:00,0.11155508407370007
2018-07-06 03:00:00,0.17575862102029305
2018-07-06 03:03:00,0.2826858159798462
2018-07-06 03:06:00,0.16725275350029278
2018-07-06 03:09:00,0.16481903083854377
2018-07-06 03:12:00,0.18887126666334098
2018-07-06 03:15:00,0.1653303792501788
2018-07-06 03:18:00,0.18702556330828202
2018-07-06 03:21:00,0.09511234074659569
2018-07-06 03:24:00,0.11900931859179309
2018-07-06 03:27:00,0.22057540801597497
2018-07-06 03:30:00,0.12680378033854822
2018-07-06 03:33:00,0.12977199282840957
2018-07-06 03:36:00,0.20079229443172153
2018-07-06 03:39:00,0.2153130165369248
2018-07-06 03:42:00,0.22017658564266185
2018-07-06 03:45:00,0.13912008836058476
2018-07-06 03:48:00,0.16761059571615533
2018-07-06 03:51:00,0.28173774588975675
2018-07-06 03:54:00,0.1826408389727021
2018-07-06 03:57:00,0.1678880128792457
2018-07-06 04:00:00,0.15250976617926426
2018-07-06 04:03:00,0.22395998556510222
2018-07-06 04:06:00,0.17203517264698576
2018-07-06 04:09:00,0.16700603731459296
2018-07-06 04:12:00,0.1454988128602963
2018-07-06 04:15:00,0.1794344653844746
2018-07-06 04:18:00,0.17752764598805015
2018-07-06 04:21:00,0.14524586411914697
2018-07-06 04:24:00,0.18981152817525526
2018-07-06 04:27:00,0.13591052614185628
2018-07-06 04:30:00,0.1288822060304824
2018-07-06 04:33:00,0.1674786409324156
2018-07-06 04:36:00,0.14508245597011182
2018-07-06 04:39:00,0.19094978276262964
2018-07-06 04:42:00,0.22619786063506808
2018-07-06 04:45:00,0.24496910476727862
2018-07-06 04:48:00,0.18590201428162345
2018-07-06 04:51:00,0.1942850959051725
2018-07-06 04:54:00,0.20472949388050665
2018-07-06 04:57:00,0.12077398563218367
2018-07-06 05:00:00,0.2731083566864072
2018-07-06 05:03:00,0.11115709172065635
2018-07-06 05:06:00,0.2083175100682979
2018-07-06 05:09:00,0.0598084799210028
2018-07-06 05:12:00,0.17689295549064354
2018-07-06 05:15:00,0.15488741478094425
2018-07-06 05:18:00,0.20674212515206136
2018-07-06 05:21:00,0.14919853303615582
2018-07-06 05:24:00,0.18508862031598028
2018-07-06 05:27:00,0.29435359694224417
2018-07-06 05:30:00,0.23986521296586716
2018-07-06 05:33:00,0.2836489259154291
2018-07-06 05:36:00,0.24217382215317684
2018-07-06 05:39:00,0.23777181251011825
2018-07-06 05:42:00,0.26194256625723256
2018-07-06 05:45:00,0.27742186642228717
2018-07-06 05:48:00,0.20306195400053184
2018-07-06 05:51:00,0.2872546976459489
2018-07-06 05:54:00,0.25269626899762443
2018-07-06 05:57:00,0.3020667019630423
2018-07-06 06:00:00,0.14077944463485892
2018-07-06 06:03:00,0.23697960302450838
2018-07-06 06:06:00,0.2008297871232685
2018-07-06 06:09:00,0.2662974098972768
2018-07-06 06:12:00,0.14910920543326256
2018-07-06 06:15:00,0.17617781837486746
2018-07-06 06:18:00,0.18433757606260315
2018-07-06 06:21:00,0.2699991850806214
2018-07-06 06:24:00,0.15891911791385382
2018-07-06 06:27:00,0.2179667341018785
2018-07-06 06:30:00,0.23409927533566588
2018-07-06 06:33:00,0.23793919589923007
2018-07-06 06:36:00,0.2219948605467721
2018-07-06 06:39:00,0.2187101890717713
2018-07-06 06:42:00,0.23730447337857186
2018-07-06 06:45:00,0.2483840097963821
2018-07-06 06:48:00,0.32039888865540433
2018-07-06 06:51:00,0.322308654854055
2018-07-06 06:54:00,0.20101468106668108
2018-07-06 06:57:00,0.20246288413409275
2018-07-06 07:00:00,0.3277373187539183
2018-07-06 07:03:00,0.34885222490214574
2018-07-06 07:06:00,0.19701234825652136
2018-07-06 07:09:00,0.23305017167336928
2018-07-06 07:12:00,0.32609328197600007
2018-07-06 07:15:00,0.284178242869757
2018-07-06 07:18:00,0.27871680115322306
2018-07-06 07:21:00,0.2866887879464457
2018-07-06 07:24:00,0.338707114690294
2018-07-06 07:27:00,0.19150197130278457
2018-07-06 07:30:00,0.24536529978547605
2018-07-06 07:33:00,0.22857432004599332
2018-07-06 07:36:00,0.2735914961510275
2018-07-06 07:39:00,0.21162617809193307
2018-07-06 07:42:00,0.21990263566692647
2018-07-06 07:45:00,0.11469656019380636
2018-07-06 07:48:00,0.1255994109524181
2018-07-06 07:51:00,0.1806290945847877
2018-07-06 07:54:00,0.09194886046111606
2018-07-06 07:57:00,0.09184336061542808
2018-07-06 08:00:00,0.2032807719802463
2018-07-06 08:03:00,0.15369570690205592
2018-07-06 08:06:00,0.17781309717923932
2018-07-06 08:09:00,0.042415396238766334
2018-07-06 08:12:00,0.18222143567010107
2018-07-06 08:15:00,0.03213646398108949
2018-07-06 08:18:00,-0.02512404231816845
2018-07-06 08:21:00,0.07856737151763582
2018-07-06 08:24:00,0.022567874742549066
2018-07-06 08:27:00,0.09680997168402428
2018-07-06 08:30:00,0.03156174092805486
2018-07-06 08:33:00,0.0127540481221331
2018-07-06 08:36:00,0.04180903308093775
2018-07-06 08:39:00,-0.07635001860211332
2018-07-06 08:42:00,0.0506878564544877
2018-07-06 08:45:00,-0.05676820733634713
2018-07-06 08:48:00,0.026253137494393286
2018-07-06 08:51:00,-0.10901632924696969
2018-07-06 08:54:00,0.016366743852586296
2018-07-06 08:57:00,0.013047383810203428
2018-07-06 09:00:00,-0.05884193944348226
2018-07-06 09:03:00,-0.03942459163260992
2018-07-06 09:06:00,-0.134454845527614
2018-07-06 09:09:00,-0.10854342054409472
2018-07-06 09:12:00,-0.1859641682849542
2018-07-06 09:15:00,-0.1368175618917462
2018-07-06 09:18:00,-0.10532539749050329
2018-07-06 09:21:00,-0.23694899795452784
2018-07-06 09:24:00,-0.09833395381008359
2018-07-06 09:27:00,-0.20812289723448885
2018-07-06 09:30:00,-0.20402636934778684
2018-07-06 09:33:00,-0.13803355610707513
2018-07-06 09:36:00,-0.13316243231150793
2018-07-06 09:39:00,-0.2251781588133781
2018-07-06 09:42:00,-0.21749876028502513
2018-07-06 09:45:00,-0.2033804536919206
2018-07-06 09:48:00,-0.24478434207253486
2018-07-06 09:51:00,-0.126748381246216
2018-07-06 09:54:00,-0.24458529303910836
2018-07-06 09:57:00,-0.22782342325535865
2018-07-06 10:00:00,-0.2123067511972181
2018-07-06 10:03:00,-0.24630159080322755
2018-07-06 10:06:00,-0.1905657688614042
2018-07-06 10:09:00,-0.2519516145831062
2018-07-06 10:12:00,-0.15307928069353238
2018-07-06 10:15:00,-0.23214691642027674
2018-07-06 10:18:00,-0.2358592103847741
2018-07-06 10:21:00,-0.20614127918270242
2018-07-06 10:24:00,-0.29010212490737786
2018-07-06 10:27:00,-0.28392679437115476
2018-07-06 10:30:00,-0.2673111418258145
2018-07-06 10:33:00,-0.25733760043169696
2018-07-06 10:36:00,-0.2297718890660576
2018-07-06 10:39:00,-0.23122468736204382
2018-07-06 10:42:00,-0.16447222577778575
2018-07-06 10:45:00,-0.19644982715635706
2018-07-06 10:48:00,-0.2302527744816416
2018-07-06 10:51:00,-0.2963608648043987
2018-07-06 10:54:00,-0.3467860869589572
2018-07-06 10:57:00,-0.30209607231182645
2018-07-06 11:00:00,-0.29196919707817415
2018-07-06 11:03:00,-0.27477281033577583
2018-07-06 11:06:00,-0.3868776329240404
2018-07-06 11:09:00,-0.40586104246489185
2018-07-06 11:12:00,-0.3669397953237876
2018-07-06 11:15:00,-0.2259281803363251
2018-07-06 11:18:00,-0.31542482822982265
2018-07-06 11:21:00,-0.33002612256996144
2018-07-06 11:24:00,-0.329154130921836
2018-07-06 11:27:00,-0.34923635736134884
2018-07-06 11:30:00,-0.4231175343355176
2018-07-06 11:33:00,-0.3567575760450836
2018-07-06 11:36:00,-0.3593142140571217
2018-07-06 11:39:00,-0.4490470684201
2018-07-06 11:42:00,-0.3887018151837083
2018-07-06 11:45:00,-0.4239249119711417
2018-07-06 11:48:00,-0.4277827752667349
2018-07-06 11:51:00,-0.4473156623231489
2018-07-06 11:54:00,-0.4189976879491155
2018-07-06 11:57:00,-0.3654445910191271
2018-07-06 12:00:00,-0.44769271435973224
2018-07-06 12:03:00,-0.4022142727888536
2018-07-06 12:06:00,-0.3182747063962097
2018-07-06 12:09:00,-0.20905670690513034
2018-07-06 12:12:00,-0.3030602201403667
2018-07-06 12:15:00,-0.39626121766559663
2018-07-06 12:18:00,-0.4523745071304006
2018-07-06 12:21:00,-0.24272848895918742
2018-07-06 12:24:00,-0.40166775699657364
2018-07-06 12:27:00,-0.4175343770874065
2018-07-06 12:30:00,-0.48915162497218034
2018-07-06 12:33:00,-0.3124135595636517
2018-07-06 12:36:00,-0.3416357841718991
2018-07-06 12:39:00,-0.5040796551668905
2018-07-06 12:42:00,-0.4296283683300999
2018-07-06 12:45:00,-0.36182193168298227
2018-07-06 12:48:00,-0.38711703681104837
2018-07-06 12:51:00,-0.4021697803165125
2018-07-06 12:54:00,-0.27237158760783586
2018-07-06 12:57:00,-0.2751581449906553
2018-07-06 13:00:00,-0.22941715722834033
2018-07-06 13:03:00,-0.17105599073573785
2018-07-06 13:06:00,-0.2003105138802539
2018-07-06 13:09:00,-0.18649271337778828
2018-07-06 13:12:00,-0.2917918850739625
2018-07-06 13:15:00,-0.2617471006266783
2018-07-06 13:18:00,-0.26100028576610157
2018-07-06 13:21:00,-0.251124476915777
2018-07-06 13:24:00,-0.3823109552204187
2018-07-06 13:27:00,-0.3000901401142073
2018-07-06 13:30:00,-0.25921132428089777
2018-07-06 13:33:00,-0.26325736329209803
2018-07-06 13:36:00,-0.32094531834320605
2018-07-06 13:39:00,-0.24595910568700674
2018-07-06 13:42:00,-0.19210703047991728
2018-07-06 13:45:00,-0.1820021676001602
2018-07-06 13:48:00,-0.18723318425992375
2018-07-06 13:51:00,0.09067607218997864
2018-07-06 13:54:00,0.026126501332896623
2018-07-06 13:57:00,-0.23329536766692627
2018-07-06 14:00:00,-0.2077066020083862
2018-07-06 14:03:00,-0.317946225470223
2018-07-06 14:06:00,-0.17101650304658733
2018-07-06 14:09:00,-0.26776191225661705
2018-07-06 14:12:00,-0.21850944091352176
2018-07-06 14:15:00,-0.2165504999391601
2018-07-06 14:18:00,-0.2778475243063667
2018-07-06 14:21:00,-0.4139841541229998
2018-07-06 14:24:00,-0.41252760299772717
2018-07-06 14:27:00,-0.23939641769550235
2018-07-06 14:30:00,-0.4860343925809616
2018-07-06 14:33:00,-0.26318267039323473
2018-07-06 14:36:00,-0.3360943476205307
2018-07-06 14:39:00,-0.48968831915243527
2018-07-06 14:42:00,-0.425697624771999
2018-07-06 14:45:00,-0.5404603118803379
2018-07-06 14:48:00,-0.41615914573827695
2018-07-06 14:51:00,-0.5242876872355282
2018-07-06 14:54:00,-0.3658857116953982
2018-07-06 14:57:00,-0.41365330313595905
2018-07-06 15:00:00,-0.4096597140602398
2018-07-06 15:03:00,-0.3242573810687759
2018-07-06 15:06:00,-0.5150729349525136
2018-07-06 15:09:00,-0.47220104464696533
2018-07-06 15:12:00,-0.4638889495146259
2018-07-06 15:15:00,-0.42657587546733566
2018-07-06 15:18:00,-0.4578609477925397
2018-07-06 15:21:00,-0.4647286003345812
2018-07-06 15:24:00,-0.458701086229496
2018-07-06 15:27:00,-0.4487314465633858
2018-07-06 15:30:00,-0.3687254802583766
2018-07-06 15:33:00,-0.43066144597503353
2018-07-06 15:36:00,-0.3792231156744492
2018-07-06 15:39:00,-0.4524061286344363
2018-07-06 15:42:00,-0.46939619069019045
2018-07-06 15:45:00,-0.4959973443950503
2018-07-06 15:48:00,-0.5110792114699052
2018-07-06 15:51:00,-0.4105226093840315
2018-07-06 15:54:00,-0.34583257963646474
2018-07-06 15:57:00,-0.32001273294014254
2018-07-06 16:00:00,-0.39329800408751225
2018-07-06 16:03:00,-0.26995758006518145
2018-07-06 16:06:00,-0.25841804234244137
2018-07-06 16:09:00,-0.19679836668501594
2018-07-06 16:12:00,-0.17693187230412377
2018-07-06 16:15:00,-0.23405568131732934
2018-07-06 16:18:00,-0.21425637180584545
2018-07-06 16:21:00,-0.1831582559869389
2018-07-06 16:24:00,-0.22612745461310624
2018-07-06 16:27:00,-0.36207524078992037
2018-07-06 16:30:00,-0.2692630347317504
2018-07-06 16:33:00,-0.23176513441234192
2018-07-06 16:36:00,-0.2018699410596696
2018-07-06 16:39:00,-0.2299080937543181
2018-07-06 16:42:00,-0.1245049200106223
2018-07-06 16:45:00,-0.20307965896910218
2018-07-06 16:48:00,-0.09156501706127074
2018-07-06 16:51:00,-0.16318084401001443
2018-07-06 16:54:00,-0.15406185158252583
2018-07-06 16:57:00,-0.08362584062416545
2018-07-06 17:00:00,-0.11586968566587075
2018-07-06 17:03:00,-0.13150905935560786
2018-07-06 17:06:00,-0.12232515620758022
2018-07-06 17:09:00,-0.06958536382182956
2018-07-06 17:12:00,-0.24532545590199106
2018-07-06 17:15:00,-0.13524949361038807
2018-07-06 17:18:00,-0.27092966096898863
2018-07-06 17:21:00,-0.1502976327910801
2018-07-06 17:24:00,-0.18346537494841186
2018-07-06 17:27:00,-0.2064629034923655
2018-07-06 17:30:00,-0.14781222187991716
2018-07-06 17:33:00,-0.12016411792029658
2018-07-06 17:36:00,-0.04941297557957114
2018-07-06 17:39:00,-0.14021719285943846
2018-07-06 17:42:00,-0.1466966782705299
2018-07-06 17:45:00,-0.19290156643705814
2018-07-06 17:48:00,-0.15240350270158842
2018-07-06 17:51:00,-0.07715585732296404
2018-07-06 17:54:00,-0.07792257363354338
2018-07-06 17:57:00,-0.15848178894719922
2018-07-06 18:00:00,-0.052983433883809994
2018-07-06 18:03:00,-0.1433518323239582
2018-07-06 18:06:00,-0.14383823727422396
2018-07-06 18:09:00,-0.017609658912590476
2018-07-06 18:12:00,-0.024421890304495264
2018-07-06 18:15:00,-0.07257998169399116
2018-07-06 18:18:00,-0.05793459634173814
2018-07-06 18:21:00,-0.11569490420419015
2018-07-06 18:24:00,0.009743980568600819
2018-07-06 18:27:00,-0.09895908525152208
2018-07-06 18:30:00,-0.06963784042312682
2018-07-06 18:33:00,-0.06908758310487428
2018-07-06 18:36:00,0.0033917290616045648
2018-07-06 18:39:00,-0.1005636742374918
2018-07-06 18:42:00,-0.12626189500900864
2018-07-06 18:45:00,-0.08315160362775487
2018-07-06 18:48:00,-0.22237999880474035
2018-07-06 18:51:00,-0.12516582914014407
2018-07-06 18:54:00,
2018-07-06 18:57:00,
2018-07-06 19:00:00,
2018-07-06 19:03:00,-0.026975334400617612
2018-07-06 19:06:00,-0.10495705883533901
2018-07-06 19:09:00,0.11360238193014993
2018-07-06 19:12:00,0.0005969715964511124
2018-07-06 19:15:00,0.07659673954083246
2018-07-06 19:18:00,-0.017578755016700143
2018-07-06 19:21:00,-0.04597427120353359
2018-07-06 19:24:00,-0.0649016289431188
2018-07-06 19:27:00,-0.07648802814810551
2018-07-06 19:30:00,-0.019029884193628277
2018-07-06 19:33:00,0.0001664332830841886
2018-07-06 19:36:00,0.04672904147355439
2018-07-06 19:39:00,0.10100853375826091
2018-07-06 19:42:00,0.14533952828998054
2018-07-06 19:45:00,0.27963139676569426
2018-07-06 19:48:00,0.2527592941828516
2018-07-06 19:51:00,0.18792468213371194
2018-07-06 19:54:00,0.1319063051981857
2018-07-06 19:57:00,0.06491158047077761
2018-07-06 20:00:00,0.008237543549853399
2018-07-06 20:03:00,0.07064897650894864
2018-07-06 20:06:00,0.04204031241260964
2018-07-06 20:09:00,-0.04398249307644164
2018-07-06 20:12:00,-0.01696582317680395
2018-07-06 20:15:00,-0.046749528681516495
2018-07-06 20:18:00,-0.05261254335943022
2018-07-06 20:21:00,0.02628457250716565
2018-07-06 20:24:00,-0.013449458031914219
2018-07-06 20:27:00,-0.07439222050999206
2018-07-06 20:30:00,-0.03842296240674159
2018-07-06 20:33:00,-0.09722103162511075
2018-07-06 20:36:00,-0.09831476524601612
2018-07-06 20:39:00,-0.11049884649582964
2018-07-06 20:42:00,-0.09383154674924299
2018-07-06 20:45:00,-0.12535194741991518
2018-07-06 20:48:00,-0.0011757295220604647
2018-07-06 20:51:00,-0.05494440528053701
2018-07-06 20:54:00,-0.2025682724436706
2018-07-06 20:57:00,-0.09316455121995659
2018-07-06 21:00:00,-0.11378290187934681
2018-07-06 21:03:00,-0.13015135734690375
2018-07-06 21:06:00,-0.14620625045569113
2018-07-06 21:09:00,-0.12573394807373006
2018-07-06 21:12:00,-0.14837430539193974
2018-07-06 21:15:00,-0.05154464335640796
2018-07-06 21:18:00,-0.07416657590243858
2018-07-06 21:21:00,-0.08870515022988457
2018-07-06 21:24:00,-0.04699787028658875
2018-07-06 21:27:00,-0.02480650318568678
2018-07-06 21:30:00,0.01080870484827301
2018-07-06 21:33:00,-0.02759897812723011
2018-07-06 21:36:00,0.019985626786422017
2018-07-06 21:39:00,0.1057970963910293
2018-07-06 21:42:00,0.07573916127194025
2018-07-06 21:45:00,0.13500323250855217
2018-07-06 21:48:00,0.08513406490351372
2018-07-06 21:51:00,0.02486273124679883
2018-07-06 21:54:00,0.06751368134553104
2018-07-06 21:57:00,0.04945724782510297
2018-07-06 22:00:00,0.0881866669099054
2018-07-06 22:03:00,0.005386341533778705
2018-07-06 22:06:00,0.10350708895470007
2018-07-06 22:09:00,0.043988975470938385
2018-07-06 22:12:00,0.06569603505511168
2018-07-06 22:15:00,0.03634350453330626
2018-07-06 22:18:00,0.03407380381565872
2018-07-06 22:21:00,-0.034773309723959756
2018-07-06 22:24:00,-0.07878398056868718
2018-07-06 22:27:00,0.008981075875624356
2018-07-06 22:30:00,0.08714219170326487
2018-07-06 22:33:00,0.15122245026503833
2018-07-06 22:36:00,-0.00834805913547143
2018-07-06 22:39:00,0.009402417930118645
2018-07-06 22:42:00,0.03598763443159214
2018-07-06 22:45:00,0.13279010659465484
2018-07-06 22:48:00,0.06277400058360172
2018-07-06 22:51:00,0.02787582380949516
2018-07-06 22:54:00,0.11443845448962975
2018-07-06 22:57:00,0.08693466303310515
2018-07-06 23:00:00,0.12270527218271354
2018-07-06 23:03:00,0.07084142080793754
2018-07-06 23:06:00,0.08337996239464474
2018-07-06 23:09:00,0.1190254735188887
2018-07-06 23:12:00,0.09767768191403547
2018-07-06 23:15:00,0.11649443408640536
2018-07-06 23:18:00,0.05864847615521285
2018-07-06 23:21:00,0.056106938742004786
2018-07-06 23:24:00,0.06144644741158345
2018-07-06 23:27:00,-0.00097280364980179
2018-07-06 23:30:00,-0.005619528364206872
2018-07-06 23:33:00,0.003330867823308381
2018-07-06 23:36:00,0.008959171211586181
2018-07-06 23:39:00,0.10079764487267084
2018-07-06 23:42:00,0.033169767461686206
2018-07-06 23:45:00,0.0734999178807243
2018-07-06 23:48:00,0.047335245226292955
2018-07-06 23:51:00,0.1426872133686743
2018-07-06 23:54:00,0.09200462593668135
2018-07-06 23:57:00,0.05961504679947893
2018-07-07 00:00:00,-0.09898083499507493
2018-07-07 00:03:00,-0.025860520052219726
2018-07-07 00:06:00,-0.009367789937300586
2018-07-07 00:09:00,-0.020669730363465533
2018-07-07 00:12:00,-0.0590499007534504
2018-07-07 00:15:00,-0.03433760989076973
2018-07-07 00:18:00,-0.00886251937936322
2018-07-07 00:21:00,-0.07448064387841669
2018-07-07 00:24:00,-0.0740317098466221
2018-07-07 00:27:00,0.06825778932494586
2018-07-07 00:30:00,0.06593215878996261
2018-07-07 00:33:00,0.0637349805423355
2018-07-07 00:36:00,0.061450899508145085
2018-07-07 00:39:00,0.10967742697795302
2018-07-07 00:42:00,0.12417107173257591
2018-07-07 00:45:00,0.08491247032134197
2018-07-07 00:48:00,0.1117402733281665
2018-07-07 00:51:00,0.07644468027217499
2018-07-07 00:54:00,0.14547993222845435
2018-07-07 00:57:00,0.1568934568836653
2018-07-07 01:00:00,0.09358640520764538
2018-07-07 01:03:00,0.1559975989393365
2018-07-07 01:06:00,0.13289408593169583
2018-07-07 01:09:00,0.09276630358914417
2018-07-07 01:12:00,0.16485496454703252
2018-07-07 01:15:00,0.15609796886008098
2018-07-07 01:18:00,0.12084933692131017
2018-07-07 01:21:00,0.08833741326270683
2018-07-07 01:24:00,0.12605354269186364
2018-07-07 01:27:00,0.0731257476141991
2018-07-07 01:30:00,0.16158037580476048
2018-07-07 01:33:00,0.08017322990048115
2018-07-07 01:36:00,0.06430998568504265
2018-07-07 01:39:00,0.005155236336577218
2018-07-07 01:42:00,-0.014704686520133237
2018-07-07 01:45:00,0.08610899418550844
2018-07-07 01:48:00,0.02985534547582347
2018-07-07 01:51:00,0.04977953614479702
2018-07-07 01:54:00,0.1284468527139211
2018-07-07 01:57:00,0.1280537775850803
2018-07-07 02:00:00,0.1735478972530018
2018-07-07 02:03:00,0.19413974452436378
2018-07-07 02:06:00,0.03196161341446668
2018-07-07 02:09:00,0.11431209646752905
2018-07-07 02:12:00,0.17462267781263563
2018-07-07 02:15:00,0.20208070289839952
2018-07-07 02:18:00,0.13876449848919492
2018-07-07 02:21:00,0.09491634516865588
2018-07-07 02:24:00,0.1095123961370632
2018-07-07 02:27:00,0.05957989683173537
2018-07-07 02:30:00,0.13648123639489995
2018-07-07 02:33:00,0.05662467472745902
2018-07-07 02:36:00,0.09172815750963537
2018-07-07 02:39:00,0.11504631359832729
2018-07-07 02:42:00,0.15459053661066946
2018-07-07 02:45:00,0.12444427956114623
2018-07-07 02:48:00,0.10291298754503941
2018-07-07 02:51:00,0.16492021212474128
2018-07-07 02:54:00,0.11682263775463753
2018-07-07 02:57:00,0.1382383565701275
2018-07-07 03:00:00,0.09081054983454351
2018-07-07 03:03:00,0.07759734869432577
2018-07-07 03:06:00,0.19615791081150746
2018-07-07 03:09:00,0.09840160963392464
2018-07-07 03:12:00,0.10417138196419273
2018-07-07 03:15:00,0.1520887387480343
2018-07-07 03:18:00,0.2058593773686539
2018-07-07 03:21:00,0.06954194020732984
2018-07-07 03:24:00,0.10117896173954932
2018-07-07 03:27:00,0.096710821863212
2018-07-07 03:30:00,0.21972407567204755
2018-07-07 03:33:00,0.14861562098184322
2018-07-07 03:36:00,0.12949751912668717
2018-07-07 03:39:00,0.11674277818445944
2018-07-07 03:42:00,0.08775871650067302
2018-07-07 03:45:00,0.11709742576857707
2018-07-07 03:48:00,0.16240463073506817
2018-07-07 03:51:00,0.045477071277389314
2018-07-07 03:54:00,0.1237804767085322
2018-07-07 03:57:00,0.11762062537331985
2018-07-07 04:00:00,0.09957947477630569
2018-07-07 04:03:00,0.08679044508386369
2018-07-07 04:06:00,-0.025042688668122537
2018-07-07 04:09:00,0.08215412675514244
2018-07-07 04:12:00,0.04579032765155944
2018-07-07 04:15:00,0.1119551299914292
2018-07-07 04:18:00,0.1352856034237675
2018-07-07 04:21:00,0.07273257138564304
2018-07-07 04:24:00,0.12985213177523747
2018-07-07 04:27:00,0.10192446528935761
2018-07-07 04:30:00,0.07179827684922202
2018-07-07 04:33:00,0.14844976233933949
2018-07-07 04:36:00,0.13328331306666996
2018-07-07 04:39:00,0.18184075978973624
2018-07-07 04:42:00,0.13940236320070198
2018-07-07 04:45:00,0.19984141255525856
2018-07-07 04:48:00,0.17540147770546355
2018-07-07 04:51:00,0.1647041927661803
2018-07-07 04:54:00,0.1589510450901912
2018-07-07 04:57:00,0.18609539149144894
2018-07-07 05:00:00,0.16747065736439026
2018-07-07 05:03:00,0.17175572237852066
2018-07-07 05:06:00,0.12465540668415542
2018-07-07 05:09:00,0.19055259342269437
2018-07-07 05:12:00,0.27521814428229163
2018-07-07 05:15:00,0.1862801645972354
2018-07-07 05:18:00,0.13438868296941564
2018-07-07 05:21:00,0.21754606893705386
2018-07-07 05:24:00,0.24426845137185182
2018-07-07 05:27:00,0.25004486358238864
2018-07-07 05:30:00,0.141084071149578
2018-07-07 05:33:00,0.11880318046274851
2018-07-07 05:36:00,0.17211950532038145
2018-07-07 05:39:00,0.18613028267435539
2018-07-07 05:42:00,0.16576179645164757
2018-07-07 05:45:00,0.22814065199162314
2018-07-07 05:48:00,0.02476794458510767
2018-07-07 05:51:00,0.15923388045899856
2018-07-07 05:54:00,0.23777658354441655
2018-07-07 05:57:00,0.13200550466575578
2018-07-07 06:00:00,0.2221326728765689
2018-07-07 06:03:00,0.22318601749628897
2018-07-07 06:06:00,0.19331432753455147
2018-07-07 06:09:00,0.17564580161854337
2018-07-07 06:12:00,0.1956874697607418
2018-07-07 06:15:00,0.17322110651582534
2018-07-07 06:18:00,0.22427208581211744
2018-07-07 06:21:00,0.2077662349316256
2018-07-07 06:24:00,0.26174427925064947
2018-07-07 06:27:00,0.2898890470451079
2018-07-07 06:30:00,0.21207582998164298
2018-07-07 06:33:00,0.22600706613280863
2018-07-07 06:36:00,0.23597082381689916
2018-07-07 06:39:00,0.25443655928745557
2018-07-07 06:42:00,0.18250758009975243
2018-07-07 06:45:00,0.2526948746881317
2018-07-07 06:48:00,0.31484197492801513
2018-07-07 06:51:00,0.22051465212450694
2018-07-07 06:54:00,0.23376089692015967
2018-07-07 06:57:00,0.15166921726682858
2018-07-07 07:00:00,0.2691819800060671
2018-07-07 07:03:00,0.2613205198286437
2018-07-07 07:06:00,0.22610770821961523
2018-07-07 07:09:00,0.28314513613088366
2018-07-07 07:12:00,0.30124328514341414
2018-07-07 07:15:00,0.333165501587132
2018-07-07 07:18:00,0.21678812959623883
2018-07-07 07:21:00,0.32918117217968756
2018-07-07 07:24:00,0.2654106477651794
2018-07-07 07:27:00,0.225362528104597
2018-07-07 07:30:00,0.3194233517189673
2018-07-07 07:33:00,0.2955784746873178
2018-07-07 07:36:00,0.22505776372400987
2018-07-07 07:39:00,0.235596887247425
2018-07-07 07:42:00,0.26657351753192415
2018-07-07 07:45:00,0.32568389171945
2018-07-07 07:48:00,0.2524796596819101
2018-07-07 07:51:00,0.2575139674023035
2018-07-07 07:54:00,0.3375473575785577
2018-07-07 07:57:00,0.1930932485354333
2018-07-07 08:00:00,0.21055056721905885
2018-07-07 08:03:00,0.1845478729588308
2018-07-07 08:06:00,0.15951842345327805
2018-07-07 08:09:00,0.042259692573168195
2018-07-07 08:12:00,0.09848275445062882
2018-07-07 08:15:00,0.07119352976508253
2018-07-07 08:18:00,0.13939524366617206
2018-07-07 08:21:00,0.09024628934957946
2018-07-07 08:24:00,0.17979098340180144
2018-07-07 08:27:00,0.13058688789760708
2018-07-07 08:30:00,0.11169028267681824
2018-07-07 08:33:00,0.11216019274201017
2018-07-07 08:36:00,0.12727536990053068
2018-07-07 08:39:00,0.15944531783821958
2018-07-07 08:42:00,0.13230651391813808
2018-07-07 08:45:00,0.15702493412175045
2018-07-07 08:48:00,0.059048485056337086
2018-07-07 08:51:00,0.08837532608885112
2018-07-07 08:54:00,0.16768183139606663
2018-07-07 08:57:00,0.1783948559551618
2018-07-07 09:00:00,0.09069235823409372
2018-07-07 09:03:00,0.15551201285194338
2018-07-07 09:06:00,0.178383236451225
2018-07-07 09:09:00,0.1734203214559784
2018-07-07 09:12:00,0.13312238084762384
2018-07-07 09:15:00,0.14435925109768277
2018-07-07 09:18:00,0.07061718837064745
2018-07-07 09:21:00,0.0296375477207107
2018-07-07 09:24:00,0.08441556838994302
2018-07-07 09:27:00,0.14218653852498164
2018-07-07 09:30:00,0.08910659102423324
2018-07-07 09:33:00,0.12441867353510361
2018-07-07 09:36:00,0.03023829044661852
2018-07-07 09:39:00,0.09634557057455595
2018-07-07 09:42:00,-0.027163377041517833
2018-07-07 09:45:00,0.014192706936000832
2018-07-07 09:48:00,-0.007070040257929122
2018-07-07 09:51:00,0.08072884377492073
2018-07-07 09:54:00,-0.00307636235083919
2018-07-07 09:57:00,-0.10539334148052149
2018-07-07 10:00:00,0.047642811104424254
2018-07-07 10:03:00,-0.051004166155507846
2018-07-07 10:06:00,-0.0898416275167051
2018-07-07 10:09:00,-0.0826133699981142
2018-07-07 10:12:00,-0.14385681217777346
2018-07-07 10:15:00,-0.13441993743236935
2018-07-07 10:18:00,-0.21144962261814726
2018-07-07 10:21:00,-0.1459109533868741
2018-07-07 10:24:00,-0.13667328395894174
2018-07-07 10:27:00,-0.12274948803275265
2018-07-07 10:30:00,-0.2568037764210658
2018-07-07 10:33:00,-0.19686649952700463
2018-07-07 10:36:00,-0.0510194947012792
2018-07-07 10:39:00,-0.2732034385327893
2018-07-07 10:42:00,-0.25227438669980984
2018-07-07 10:45:00,-0.19959976095060483
2018-07-07 10:48:00,-0.22178272022222245
2018-07-07 10:51:00,-0.2914105500220785
2018-07-07 10:54:00,-0.21251472338383337
2018-07-07 10:57:00,-0.16282001676023583
2018-07-07 11:00:00,-0.1744719179631602
2018-07-07 11:03:00,-0.21776457172785513
2018-07-07 11:06:00,-0.22113483510520382
2018-07-07 11:09:00,-0.196137588479246
2018-07-07 11:12:00,-0.36846607336786974
2018-07-07 11:15:00,-0.31109211712123397
2018-07-07 11:18:00,-0.35274284423167046
2018-07-07 11:21:00,-0.29039743450636024
2018-07-07 11:24:00,-0.38110613365068957
2018-07-07 11:27:00,-0.3370104553065403
2018-07-07 11:30:00,-0.30162112227219495
2018-07-07 11:33:00,-0.3711006547038096
2018-07-07 11:36:00,-0.3174677345917871
2018-07-07 11:39:00,-0.3785877143070593
2018-07-07 11:42:00,-0.3402885270120919
2018-07-07 11:45:00,-0.42579883834895327
2018-07-07 11:48:00,-0.3367901878434054
2018-07-07 11:51:00,-0.36595123271717966
2018-07-07 11:54:00,-0.4276678457552521
2018-07-07 11:57:00,-0.45790266523169976
2018-07-07 12:00:00,-0.4458613627434147
2018-07-07 12:03:00,-0.3460732224287426
2018-07-07 12:06:00,-0.28275656641437763
2018-07-07 12:09:00,-0.35967074325071735
2018-07-07 12:12:00,-0.41903834592039857
2018-07-07 12:15:00,-0.45328560187948597
2018-07-07 12:18:00,-0.3404153325910215
2018-07-07 12:21:00,-0.40607334620790425
2018-07-07 12:24:00,-0.5440391372669069
2018-07-07 12:27:00,-0.49136993105577176
2018-07-07 12:30:00,-0.36187541129038436
2018-07-07 12:33:00,-0.41856178437569724
2018-07-07 12:36:00,-0.36830810545694703
2018-07-07 12:39:00,-0.3918528344712513
2018-07-07 12:42:00,-0.4022079322909917
2018-07-07 12:45:00,-0.32122556783536993
2018-07-07 12:48:00,-0.4116648618924046
2018-07-07 12:51:00,-0.39785989654660625
2018-07-07 12:54:00,-0.30041785136972976
2018-07-07 12:57:00,-0.2901090264067534
2018-07-07 13:00:00,-0.3817839073383311
2018-07-07 13:03:00,-0.34862538089737427
2018-07-07 13:06:00,-0.3516747582558537
2018-07-07 13:09:00,-0.148541332516686
2018-07-07 13:12:00,-0.07780357349167843
2018-07-07 13:15:00,-0.008042984354972305
2018-07-07 13:18:00,-0.016134003230490634
2018-07-07 13:21:00,-0.26915838858474217
2018-07-07 13:24:00,-0.3077807846063365
2018-07-07 13:27:00,-0.20800237349726558
2018-07-07 13:30:00,-0.2506970331980938
2018-07-07 13:33:00,-0.30942071489744194
2018-07-07 13:36:00,-0.24404433476416898
2018-07-07 13:39:00,-0.3833174666895047
2018-07-07 13:42:00,-0.33821184497054446
2018-07-07 13:45:00,-0.28917706823290246
2018-07-07 13:48:00,-0.1818113219752604
2018-07-07 13:51:00,-0.26791740735228586
2018-07-07 13:54:00,-0.30756028099307287
2018-07-07 13:57:00,-0.1983935973565849
2018-07-07 14:00:00,-0.0901575633236007
2018-07-07 14:03:00,-0.3211513722591235
2018-07-07 14:06:00,-0.23973108083242778
2018-07-07 14:09:00,-0.12148390066482762
2018-07-07 14:12:00,-0.11471049933692257
2018-07-07 14:15:00,0.005168412695752522
2018-07-07 14:18:00,-0.08157248032858888
2018-07-07 14:21:00,-0.09865023422736385
2018-07-07 14:24:00,-0.30916626081329923
2018-07-07 14:27:00,-0.4305547774962406
2018-07-07 14:30:00,-0.3421230709026304
2018-07-07 14:33:00,-0.3440464198438349
2018-07-07 14:36:00,-0.4257827677656678
2018-07-07 14:39:00,-0.3141545040785445
2018-07-07 14:42:00,-0.22450426845745142
2018-07-07 14:45:00,-0.3046230445546598
2018-07-07 14:48:00,-0.3379525614782324
2018-07-07 14:51:00,-0.447552434209058
2018-07-07 14:54:00,-0.46255655294260123
2018-07-07 14:57:00,-0.30153129670731005
2018-07-07 15:00:00,-0.19552249131794497
2018-07-07 15:03:00,-0.2343899555628468
2018-07-07 15:06:00,-0.4182397989048354
2018-07-07 15:09:00,-0.31515832225636586
2018-07-07 15:12:00,-0.5174992990112628
2018-07-07 15:15:00,-0.5111940384496165
2018-07-07 15:18:00,-0.5710820593929498
2018-07-07 15:21:00,-0.6453210196085024
2018-07-07 15:24:00,-0.4638204165377715
2018-07-07 15:27:00,-0.49724729571317994
2018-07-07 15:30:00,-0.4112630587769104
2018-07-07 15:33:00,-0.4529756882364495
2018-07-07 15:36:00,-0.48854426181600275
2018-07-07 15:39:00,-0.5266570939586472
2018-07-07 15:42:00,-0.4975402880223214
2018-07-07 15:45:00,-0.6451084209908231
2018-07-07 15:48:00,-0.5307001225324939
2018-07-07 15:51:00,-0.4013209188383371
2018-07-07 15:54:00,-0.4270435570824702
2018-07-07 15:57:00,-0.28791785644523316
2018-07-07 16:00:00,-0.4037417462959638
2018-07-07 16:03:00,-0.4393591256409195
2018-07-07 16:06:00,-0.4483662400293156
2018-07-07 16:09:00,-0.46299964730025067
2018-07-07 16:12:00,-0.34141804039251156
2018-07-07 16:15:00,-0.4046334872750208
2018-07-07 16:18:00,-0.4219791112290636
2018-07-07 16:21:00,-0.40247290716320094
2018-07-07 16:24:00,-0.5411205138127002
2018-07-07 16:27:00,-0.5054397954672254
2018-07-07 16:30:00,-0.4184906717071044
2018-07-07 16:33:00,-0.36123437505068523
2018-07-07 16:36:00,-0.485857691736328
2018-07-07 16:39:00,-0.21664489883232818
2018-07-07 16:42:00,-0.3622052320979492
2018-07-07 16:45:00,-0.3646764581204138
2018-07-07 16:48:00,-0.4611220965393841
2018-07-07 16:51:00,-0.3677446397230142
2018-07-07 16:54:00,-0.346249917685725
2018-07-07 16:57:00,-0.4259386352275101
2018-07-07 17:00:00,-0.3973703220668767
2018-07-07 17:03:00,-0.37382553321276646
2018-07-07 17:06:00,-0.36975493528257175
2018-07-07 17:09:00,-0.27732635620219526
2018-07-07 17:12:00,-0.42558629715585994
2018-07-07 17:15:00,-0.4084012418343832
2018-07-07 17:18:00,-0.4457475081119924
2018-07-07 17:21:00,-0.4742951470432786
2018-07-07 17:24:00,-0.4486450656198713
2018-07-07 17:27:00,-0.3977896951371349
2018-07-07 17:30:00,-0.34446942706955497
2018-07-07 17:33:00,-0.35814307424851677
2018-07-07 17:36:00,-0.39114688667223163
2018-07-07 17:39:00,-0.4011325059513524
2018-07-07 17:42:00,-0.36408250826684707
2018-07-07 17:45:00,-0.28805019712012836
2018-07-07 17:48:00,-0.3080488770075931
2018-07-07 17:51:00,-0.37908001077300923
2018-07-07 17:54:00,-0.35954025719809124
2018-07-07 17:57:00,-0.2541077746770384
2018-07-07 18:00:00,-0.2903778829578414
2018-07-07 18:03:00,-0.3008020441877193
2018-07-07 18:06:00,-0.3119741644857186
2018-07-07 18:09:00,-0.3151032614605924
2018-07-07 18:12:00,-0.28774793762937634
2018-07-07 18:15:00,-0.165937097262713
2018-07-07 18:18:00,-0.2652594578382832
2018-07-07 18:21:00,-0.2682399035654157
2018-07-07 18:24:00,-0.3097244601789271
2018-07-07 18:27:00,-0.264822562416839
2018-07-07 18:30:00,-0.31233852383667227
2018-07-07 18:33:00,-0.3548874076010975
2018-07-07 18:36:00,-0.2537488204733336
2018-07-07 18:39:00,-0.21499795128477217
2018-07-07 18:42:00,-0.30059689251851296
2018-07-07 18:45:00,-0.3301007592979772
2018-07-07 18:48:00,-0.26460109457434555
2018-07-07 18:51:00,-0.2702991587036081
2018-07-07 18:54:00,
2018-07-07 18:57:00,
2018-07-07 19:00:00,
2018-07-07 19:03:00,-0.2666232608847281
2018-07-07 19:06:00,-0.25762149882422136
2018-07-07 19:09:00,-0.28143819314641405
2018-07-07 19:12:00,-0.21952970866192345
2018-07-07 19:15:00,-0.3100568392746368
2018-07-07 19:18:00,-0.262889943908192
2018-07-07 19:21:00,-0.23071901573888454
2018-07-07 19:24:00,-0.24506538311254644
2018-07-07 19:27:00,-0.1720143194808088
2018-07-07 19:30:00,-0.25500007451563533
2018-07-07 19:33:00,-0.26520693217185
2018-07-07 19:36:00,-0.1813695714924961
2018-07-07 19:39:00,-0.2815616093431572
2018-07-07 19:42:00,-0.15387734522505525
2018-07-07 19:45:00,-0.23872946486363844
2018-07-07 19:48:00,-0.2238771512729727
2018-07-07 19:51:00,-0.16189575769368503
2018-07-07 19:54:00,-0.24877753209170805
2018-07-07 19:57:00,-0.18167845055484122
2018-07-07 20:00:00,-0.27436974518917623
2018-07-07 20:03:00,-0.1789338024755125
2018-07-07 20:06:00,-0.24333036926623208
2018-07-07 20:09:00,-0.18137627112707833
2018-07-07 20:12:00,-0.18453178974016282
2018-07-07 20:15:00,-0.14627416863100962
2018-07-07 20:18:00,-0.16779360419144496
2018-07-07 20:21:00,-0.1745059108580449
2018-07-07 20:24:00,-0.11907715038950073
2018-07-07 20:27:00,-0.1566530700828821
2018-07-07 20:30:00,-0.11631046225500086
2018-07-07 20:33:00,-0.1837925722332443
2018-07-07 20:36:00,-0.08538657560222873
2018-07-07 20:39:00,-0.03274670942522562
2018-07-07 20:42:00,-0.04628628222531006
2018-07-07 20:45:00,0.0027156650764936785
2018-07-07 20:48:00,-0.03253064546186124
2018-07-07 20:51:00,-0.06861839182801077
2018-07-07 20:54:00,-0.0523576114786124
2018-07-07 20:57:00,-0.06357955677475502
2018-07-07 21:00:00,-0.06787306546567606
2018-07-07 21:03:00,-0.04389205248577355
2018-07-07 21:06:00,-0.04287663471063752
2018-07-07 21:09:00,-0.09924428751429559
2018-07-07 21:12:00,-0.09814227928211494
2018-07-07 21:15:00,-0.06392263825108557
2018-07-07 21:18:00,-0.08906324623910677
2018-07-07 21:21:00,0.057927934753081445
2018-07-07 21:24:00,-0.03613145540066398
2018-07-07 21:27:00,-0.050699505187424165
2018-07-07 21:30:00,-0.027743680614435107
2018-07-07 21:33:00,0.008052696163133533
2018-07-07 21:36:00,-0.062633212233834
2018-07-07 21:39:00,-0.027015624366640623
2018-07-07 21:42:00,-0.057178866255412686
2018-07-07 21:45:00,-0.09316938604263214
2018-07-07 21:48:00,-0.09660886721837869
2018-07-07 21:51:00,-0.10169377511118682
2018-07-07 21:54:00,-0.07022130794564418
2018-07-07 21:57:00,-0.0764177100936081
2018-07-07 22:00:00,-0.017895506918421233
2018-07-07 22:03:00,-0.06855818941772895
2018-07-07 22:06:00,0.010748531813419504
2018-07-07 22:09:00,0.09194852788243679
2018-07-07 22:12:00,-0.0630473049760667
2018-07-07 22:15:00,-0.030344193927589913
2018-07-07 22:18:00,-0.023450488270611913
2018-07-07 22:21:00,0.04464869815393513
2018-07-07 22:24:00,-0.014020463835606733
2018-07-07 22:27:00,-0.07765655933638982
2018-07-07 22:30:00,0.004068635943326626
2018-07-07 22:33:00,0.0579799059264019
2018-07-07 22:36:00,-0.02538054819945046
2018-07-07 22:39:00,0.02701583229077187
2018-07-07 22:42:00,0.001108783096640309
2018-07-07 22:45:00,-0.014003460459662165
2018-07-07 22:48:00,-0.014883250645311819
2018-07-07 22:51:00,-0.052368333027231984
2018-07-07 22:54:00,0.03698459189553205
2018-07-07 22:57:00,0.036802834073284885
2018-07-07 23:00:00,-0.02658138932554266
2018-07-07 23:03:00,0.028834430266499567
2018-07-07 23:06:00,0.01258192110338996
2018-07-07 23:09:00,0.0023482967829977497
2018-07-07 23:12:00,0.023804807245824122
2018-07-07 23:15:00,-0.005755364968592858
2018-07-07 23:18:00,-0.008902780370760865
2018-07-07 23:21:00,-0.014402579951763528
2018-07-07 23:24:00,0.012579835035694487
2018-07-07 23:27:00,0.012425006054854748
2018-07-07 23:30:00,-0.015211115186843926
2018-07-07 23:33:00,0.06236748642589873
2018-07-07 23:36:00,-0.04196850311797107
2018-07-07 23:39:00,-0.016694514596508725
2018-07-07 23:42:00,0.015108574006944764
2018-07-07 23:45:00,0.08471925781657319
2018-07-07 23:48:00,0.04151566382228111
2018-07-07 23:51:00,0.054785251843270544
2018-07-07 23:54:00,0.03551537421657258
2018-07-07 23:57:00,0.009065770315430655
2018-07-08 00:00:00,0.1713657419405763
2018-07-08 00:03:00,-0.05296076921325721
2018-07-08 00:06:00,0.03937521512580133
2018-07-08 00:09:00,0.030903421806215192
2018-07-08 00:12:00,-0.013865272114969684
2018-07-08 00:15:00,0.0858607218148677
2018-07-08 00:18:00,-0.04223185249787775
2018-07-08 00:21:00,-0.027353646818426114
2018-07-08 00:24:00,0.011209954595244653
2018-07-08 00:27:00,0.01601387328224746
2018-07-08 00:30:00,-0.06603210246464641
2018-07-08 00:33:00,-0.07106672506364475
2018-07-08 00:36:00,-0.013341888442880645
2018-07-08 00:39:00,0.14037840058352913
2018-07-08 00:42:00,0.051996401082135435
2018-07-08 00:45:00,0.0306022688032499
2018-07-08 00:48:00,0.007247307602540332
2018-07-08 00:51:00,0.03041459253984158
2018-07-08 00:54:00,0.06016676339783089
2018-07-08 00:57:00,0.06332500920041184
2018-07-08 01:00:00,0.10909601357712972
2018-07-08 01:03:00,0.07936464338649785
2018-07-08 01:06:00,0.036690743645579005
2018-07-08 01:09:00,0.08812631471869281
2018-07-08 01:12:00,0.05332940981452339
2018-07-08 01:15:00,0.04251292387698413
2018-07-08 01:18:00,0.05655461604072798
2018-07-08 01:21:00,0.0318924038118098
2018-07-08 01:24:00,0.07501298724594108
2018-07-08 01:27:00,0.06979336808035441
2018-07-08 01:30:00,0.060724453636510134
2018-07-08 01:33:00,0.006038290065703222
2018-07-08 01:36:00,0.06672915150795689
2018-07-08 01:39:00,-0.004479816541845594
2018-07-08 01:42:00,0.022655045356088976
2018-07-08 01:45:00,0.016131074941995394
2018-07-08 01:48:00,0.13294969654157285
2018-07-08 01:51:00,0.11505958264706351
2018-07-08 01:54:00,-0.007956813527698614
2018-07-08 01:57:00,0.04168794063821224
2018-07-08 02:00:00,0.04077006549624684
2018-07-08 02:03:00,0.06245558220894054
2018-07-08 02:06:00,0.09854035507277104
2018-07-08 02:09:00,0.10696954755479737
2018-07-08 02:12:00,0.02594806374088421
2018-07-08 02:15:00,0.1372676446824812
2018-07-08 02:18:00,0.12748180471061232
2018-07-08 02:21:00,0.09367462191261211
2018-07-08 02:24:00,0.04547280253223107
2018-07-08 02:27:00,-0.005066757244264863
2018-07-08 02:30:00,0.03489601684862009
2018-07-08 02:33:00,0.1097270456329511
2018-07-08 02:36:00,0.13881847921373947
2018-07-08 02:39:00,0.1218253691426412
2018-07-08 02:42:00,0.1406177712938188
2018-07-08 02:45:00,0.01917109618767654
2018-07-08 02:48:00,0.13584703568045597
2018-07-08 02:51:00,0.07341815545146346
2018-07-08 02:54:00,0.12850831344712788
2018-07-08 02:57:00,0.05394461378682536
2018-07-08 03:00:00,-0.0004219706654566835
2018-07-08 03:03:00,0.13494683652561434
2018-07-08 03:06:00,0.1330489741992551
2018-07-08 03:09:00,0.06488771023998652
2018-07-08 03:12:00,0.1400247518550941
2018-07-08 03:15:00,0.056744876446089165
2018-07-08 03:18:00,0.07226753550770582
2018-07-08 03:21:00,0.048355023474528025
2018-07-08 03:24:00,0.1947146350258322
2018-07-08 03:27:00,0.10541169904917069
2018-07-08 03:30:00,0.19859087466949177
2018-07-08 03:33:00,0.11573015257192765
2018-07-08 03:36:00,0.0634796744365076
2018-07-08 03:39:00,0.13403367164630708
2018-07-08 03:42:00,0.10716610772487911
2018-07-08 03:45:00,0.1941323492827678
2018-07-08 03:48:00,0.16516991618664179
2018-07-08 03:51:00,0.2149076984576368
2018-07-08 03:54:00,0.13316039693319226
2018-07-08 03:57:00,0.18727538031873792
2018-07-08 04:00:00,0.15133235127086664
2018-07-08 04:03:00,0.25041334665405657
2018-07-08 04:06:00,0.2873847699609655
2018-07-08 04:09:00,0.25554921303728406
2018-07-08 04:12:00,0.16938839109320725
2018-07-08 04:15:00,0.17479337731634814
2018-07-08 04:18:00,0.2391597281354052
2018-07-08 04:21:00,0.30317883739917306
2018-07-08 04:24:00,0.2156489091657363
2018-07-08 04:27:00,0.23834228788877
2018-07-08 04:30:00,0.24073269415896448
2018-07-08 04:33:00,0.24417469434729355
2018-07-08 04:36:00,0.19217876721569382
2018-07-08 04:39:00,0.23422401434083895
2018-07-08 04:42:00,0.22103434600745686
2018-07-08 04:45:00,0.19265756604198714
2018-07-08 04:48:00,0.287480665187104
2018-07-08 04:51:00,0.16711354424256797
2018-07-08 04:54:00,0.26982008838547245
2018-07-08 04:57:00,0.17275179563364418
2018-07-08 05:00:00,0.20264917778001745
2018-07-08 05:03:00,0.25536617875468437
2018-07-08 05:06:00,0.11558882314972152
2018-07-08 05:09:00,0.23252638942983594
2018-07-08 05:12:00,0.17316468019447484
2018-07-08 05:15:00,0.2663564765654769
2018-07-08 05:18:00,0.25216856983229263
2018-07-08 05:21:00,0.21362446090205367
2018-07-08 05:24:00,0.16645746375718318
2018-07-08 05:27:00,0.21938922695795782
2018-07-08 05:30:00,0.18862632581277694
2018-07-08 05:33:00,0.18957413052140737
2018-07-08 05:36:00,0.1800578102558461
2018-07-08 05:39:00,0.18044165099280463
2018-07-08 05:42:00,0.16841749025422814
2018-07-08 05:45:00,0.1901241503410347
2018-07-08 05:48:00,0.1711221241741896
2018-07-08 05:51:00,0.20394074335564483
2018-07-08 05:54:00,0.12799299888916948
2018-07-08 05:57:00,0.2346166906938265
2018-07-08 06:00:00,0.16169501177228085
2018-07-08 06:03:00,0.17111325853102244
2018-07-08 06:06:00,0.25366039398875273
2018-07-08 06:09:00,0.19018772138963413
2018-07-08 06:12:00,0.23943272517976766
2018-07-08 06:15:00,0.17716428320477462
2018-07-08 06:18:00,0.19291253475341819
2018-07-08 06:21:00,0.14150322966787598
2018-07-08 06:24:00,0.2053857505935639
2018-07-08 06:27:00,0.14949497387146948
2018-07-08 06:30:00,0.08743675922011107
2018-07-08 06:33:00,0.18785311825234885
2018-07-08 06:36:00,0.1502885252658075
2018-07-08 06:39:00,0.19543877561090994
2018-07-08 06:42:00,0.08210595393819631
2018-07-08 06:45:00,0.19275855897672045
2018-07-08 06:48:00,0.2264348511762364
2018-07-08 06:51:00,0.1776405028134036
2018-07-08 06:54:00,0.08162466287205916
2018-07-08 06:57:00,0.13205610963109393
2018-07-08 07:00:00,0.17331722461443633
2018-07-08 07:03:00,0.1785307906876028
2018-07-08 07:06:00,0.1571463679675844
2018-07-08 07:09:00,0.1793619306769756
2018-07-08 07:12:00,0.14480892267704348
2018-07-08 07:15:00,0.2016698584282608
2018-07-08 07:18:00,0.259532671589227
2018-07-08 07:21:00,0.22425102863746815
2018-07-08 07:24:00,0.06705160963878143
2018-07-08 07:27:00,0.13974832605845222
2018-07-08 07:30:00,0.13367626028411905
2018-07-08 07:33:00,0.10432130505398618
2018-07-08 07:36:00,-0.002299124555236176
2018-07-08 07:39:00,0.16534368418376744
2018-07-08 07:42:00,0.1102531644909277
2018-07-08 07:45:00,0.08188271557025928
2018-07-08 07:48:00,0.06922033467611755
2018-07-08 07:51:00,0.01226874757060159
2018-07-08 07:54:00,0.10732995418220526
2018-07-08 07:57:00,0.02982193787545384
2018-07-08 08:00:00,0.016542434848872745
2018-07-08 08:03:00,0.056445739214495916
2018-07-08 08:06:00,-0.02657557085171902
2018-07-08 08:09:00,0.034141199781231535
2018-07-08 08:12:00,0.005547748820106335
2018-07-08 08:15:00,-0.05927319831522482
2018-07-08 08:18:00,-0.10668879615076321
2018-07-08 08:21:00,-0.00038637005508235234
2018-07-08 08:24:00,-0.13279422871903535
2018-07-08 08:27:00,-0.07833946114590162
2018-07-08 08:30:00,-0.058337428915137934
2018-07-08 08:33:00,-0.14551768187385505
2018-07-08 08:36:00,-0.11051251142038154
2018-07-08 08:39:00,-0.05967099943188714
2018-07-08 08:42:00,-0.1728045115733039
2018-07-08 08:45:00,-0.16790165497002363
2018-07-08 08:48:00,-0.06660241613155904
2018-07-08 08:51:00,-0.1386820145605725
2018-07-08 08:54:00,-0.14670723473199132
2018-07-08 08:57:00,-0.047960483130225384
2018-07-08 09:00:00,-0.07955839486209015
2018-07-08 09:03:00,-0.10754619123963494
2018-07-08 09:06:00,-0.03894720973306676
2018-07-08 09:09:00,-0.10591073190272482
2018-07-08 09:12:00,-0.1341705364476411
2018-07-08 09:15:00,-0.15226335090545717
2018-07-08 09:18:00,-0.1397999133462804
2018-07-08 09:21:00,-0.15037866964246405
2018-07-08 09:24:00,-0.09463628367660704
2018-07-08 09:27:00,-0.1658481723648606
2018-07-08 09:30:00,-0.04912722635839373
2018-07-08 09:33:00,-0.17392558224196364
2018-07-08 09:36:00,-0.06537394063730062
2018-07-08 09:39:00,-0.1359603080949796
2018-07-08 09:42:00,-0.25365828783941424
2018-07-08 09:45:00,-0.24121307650256085
2018-07-08 09:48:00,-0.22352695431351322
2018-07-08 09:51:00,-0.24397122673070726
2018-07-08 09:54:00,-0.18621655336283993
2018-07-08 09:57:00,-0.19130151699454245
2018-07-08 10:00:00,-0.18363415420236606
2018-07-08 10:03:00,-0.17896387708304928
2018-07-08 10:06:00,-0.1028272111011006
2018-07-08 10:09:00,-0.20347124257796168
2018-07-08 10:12:00,-0.21559194410002647
2018-07-08 10:15:00,-0.18432816118507844
2018-07-08 10:18:00,-0.19265848046035217
2018-07-08 10:21:00,-0.16471926995251351
2018-07-08 10:24:00,-0.262070372193989
2018-07-08 10:27:00,-0.23903515036528233
2018-07-08 10:30:00,-0.2495400360515987
2018-07-08 10:33:00,-0.2782237540516803
2018-07-08 10:36:00,-0.20059191191006676
2018-07-08 10:39:00,-0.18826758808472732
2018-07-08 10:42:00,-0.2883922887796757
2018-07-08 10:45:00,-0.27204690802636833
2018-07-08 10:48:00,-0.326071197750025
2018-07-08 10:51:00,-0.32391030561132084
2018-07-08 10:54:00,-0.2681320185395748
2018-07-08 10:57:00,-0.3023683521419116
2018-07-08 11:00:00,-0.2862485338396823
2018-07-08 11:03:00,-0.3455975903110584
2018-07-08 11:06:00,-0.3244562419912995
2018-07-08 11:09:00,-0.3390510822275701
2018-07-08 11:12:00,-0.39706179553229504
2018-07-08 11:15:00,-0.389543162764312
2018-07-08 11:18:00,-0.3429901729866174
2018-07-08 11:21:00,-0.2231623040137265
2018-07-08 11:24:00,-0.24661932451601842
2018-07-08 11:27:00,-0.3064573162906754
2018-07-08 11:30:00,-0.3339822168013029
2018-07-08 11:33:00,-0.3579286076081871
2018-07-08 11:36:00,-0.4260386620120471
2018-07-08 11:39:00,-0.4186806357932369
2018-07-08 11:42:00,-0.35241023992711007
2018-07-08 11:45:00,-0.28801414067328324
2018-07-08 11:48:00,-0.32682847148288374
2018-07-08 11:51:00,-0.37120117049272494
2018-07-08 11:54:00,-0.3089272042830089
2018-07-08 11:57:00,-0.3945202867587909
2018-07-08 12:00:00,-0.4078369950136107
2018-07-08 12:03:00,-0.3878357764975249
2018-07-08 12:06:00,-0.39112907077475256
2018-07-08 12:09:00,-0.32405418852073353
2018-07-08 12:12:00,-0.4070512089144813
2018-07-08 12:15:00,-0.48078109618938925
2018-07-08 12:18:00,-0.40336892190453
2018-07-08 12:21:00,-0.48058136047194466
2018-07-08 12:24:00,-0.4652556052843124
2018-07-08 12:27:00,-0.3400119237161334
2018-07-08 12:30:00,-0.4846629850571844
2018-07-08 12:33:00,-0.4627232320101484
2018-07-08 12:36:00,-0.3448837433180074
2018-07-08 12:39:00,-0.28623699638347944
2018-07-08 12:42:00,-0.5360991918553282
2018-07-08 12:45:00,-0.5253022276421575
2018-07-08 12:48:00,-0.44428800347395736
2018-07-08 12:51:00,-0.5714579780695317
2018-07-08 12:54:00,-0.5778447642708784
2018-07-08 12:57:00,-0.575692594635882
2018-07-08 13:00:00,-0.5449733907061045
2018-07-08 13:03:00,-0.4753370360536451
2018-07-08 13:06:00,-0.5310593399684649
2018-07-08 13:09:00,-0.6262734146532694
2018-07-08 13:12:00,-0.5242391069177188
2018-07-08 13:15:00,-0.5896270916908861
2018-07-08 13:18:00,-0.582220085811116
2018-07-08 13:21:00,-0.6167554027682627
2018-07-08 13:24:00,-0.4746186599365956
2018-07-08 13:27:00,-0.5069999617650183
2018-07-08 13:30:00,-0.4990337361485899
2018-07-08 13:33:00,-0.512490953893348
2018-07-08 13:36:00,-0.4875379115937335
2018-07-08 13:39:00,-0.6631527956549235
2018-07-08 13:42:00,-0.48065067272261786
2018-07-08 13:45:00,-0.4593195053622594
2018-07-08 13:48:00,-0.46716075270012425
2018-07-08 13:51:00,-0.31646266320888117
2018-07-08 13:54:00,-0.3848862415754297
2018-07-08 13:57:00,-0.4382138069587995
2018-07-08 14:00:00,-0.3943882174111195
2018-07-08 14:03:00,-0.48988428342465795
2018-07-08 14:06:00,-0.5736507176728765
2018-07-08 14:09:00,-0.4791226019825672
2018-07-08 14:12:00,-0.5552046215981363
2018-07-08 14:15:00,-0.5910743282586282
2018-07-08 14:18:00,-0.515089028425848
2018-07-08 14:21:00,-0.5867846671314965
2018-07-08 14:24:00,-0.47374388460514183
2018-07-08 14:27:00,-0.5665254844520291
2018-07-08 14:30:00,-0.5399371924930847
2018-07-08 14:33:00,-0.5148680063614961
2018-07-08 14:36:00,-0.5397638500001563
2018-07-08 14:39:00,-0.6063263437298474
2018-07-08 14:42:00,-0.5236422230748303
2018-07-08 14:45:00,-0.46121532911297436
2018-07-08 14:48:00,-0.5193078920183325
2018-07-08 14:51:00,-0.5881318254423604
2018-07-08 14:54:00,-0.5321408978962268
2018-07-08 14:57:00,-0.6417464603808867
2018-07-08 15:00:00,-0.48710917235013085
2018-07-08 15:03:00,-0.48981434556208114
2018-07-08 15:06:00,-0.5716569591012899
2018-07-08 15:09:00,-0.5589479380208786
2018-07-08 15:12:00,-0.5151732497377566
2018-07-08 15:15:00,-0.4629590548703959
2018-07-08 15:18:00,-0.4826894141578464
2018-07-08 15:21:00,-0.5165633314820184
2018-07-08 15:24:00,-0.5930298772190667
2018-07-08 15:27:00,-0.44931862251974053
2018-07-08 15:30:00,-0.5565733957418502
2018-07-08 15:33:00,-0.4846004734222902
2018-07-08 15:36:00,-0.5900702494657253
2018-07-08 15:39:00,-0.5934441966281838
2018-07-08 15:42:00,-0.5174523641107385
2018-07-08 15:45:00,-0.3958079757458677
2018-07-08 15:48:00,-0.5444130479953628
2018-07-08 15:51:00,-0.440212854038748
2018-07-08 15:54:00,-0.5678251718525189
2018-07-08 15:57:00,-0.5028666802659245
2018-07-08 16:00:00,-0.4932081196167246
2018-07-08 16:03:00,-0.5666806299080349
2018-07-08 16:06:00,-0.5884161647770725
2018-07-08 16:09:00,-0.5837699188447232
2018-07-08 16:12:00,-0.5516525482055954
2018-07-08 16:15:00,-0.521001362025288
2018-07-08 16:18:00,-0.5897485566890737
2018-07-08 16:21:00,-0.5105183321542768
2018-07-08 16:24:00,-0.5190591275849101
2018-07-08 16:27:00,-0.48878578732808364
2018-07-08 16:30:00,-0.5606598895122943
2018-07-08 16:33:00,-0.5599808509583113
2018-07-08 16:36:00,-0.5816067014199007
2018-07-08 16:39:00,-0.46595483194272447
2018-07-08 16:42:00,-0.6050599319788716
2018-07-08 16:45:00,-0.5010672103558136
2018-07-08 16:48:00,-0.5414414414652242
2018-07-08 16:51:00,-0.4550431092209237
2018-07-08 16:54:00,-0.5021790062800164
2018-07-08 16:57:00,-0.501789900314634
2018-07-08 17:00:00,-0.5334441526546243
2018-07-08 17:03:00,-0.497367986738368
2018-07-08 17:06:00,-0.557184467177251
2018-07-08 17:09:00,-0.47266102542261024
2018-07-08 17:12:00,-0.47566836361068
2018-07-08 17:15:00,-0.4146960463915548
2018-07-08 17:18:00,-0.4150520336910972
2018-07-08 17:21:00,-0.35305994040959376
2018-07-08 17:24:00,-0.44876349136018234
2018-07-08 17:27:00,-0.4866110182684906
2018-07-08 17:30:00,-0.3661430901002518
2018-07-08 17:33:00,-0.4651990689190484
2018-07-08 17:36:00,-0.39418448520035554
2018-07-08 17:39:00,-0.3319123709010796
2018-07-08 17:42:00,-0.3140368900398016
2018-07-08 17:45:00,-0.29141269613995746
2018-07-08 17:48:00,-0.33044376040902534
2018-07-08 17:51:00,-0.18956099973701157
2018-07-08 17:54:00,-0.33703601096260627
2018-07-08 17:57:00,-0.25281643132410636
2018-07-08 18:00:00,-0.2949433540687778
2018-07-08 18:03:00,-0.1763902440229117
2018-07-08 18:06:00,-0.16907096421539336
2018-07-08 18:09:00,-0.22700393957205733
2018-07-08 18:12:00,-0.221029617263639
2018-07-08 18:15:00,-0.1716622628013056
2018-07-08 18:18:00,-0.2550870245508463
2018-07-08 18:21:00,-0.17119507056702332
2018-07-08 18:24:00,-0.28719946972677235
2018-07-08 18:27:00,-0.2094033641575379
2018-07-08 18:30:00,-0.158553689969267
2018-07-08 18:33:00,-0.22751390913771274
2018-07-08 18:36:00,-0.19923638865560633
2018-07-08 18:39:00,-0.18553249550780038
2018-07-08 18:42:00,-0.15823342347590597
2018-07-08 18:45:00,-0.2635886821097415
2018-07-08 18:48:00,-0.2328391682747224
2018-07-08 18:51:00,-0.20334518614470198
2018-07-08 18:54:00,
2018-07-08 18:57:00,
2018-07-08 19:00:00,
2018-07-08 19:03:00,-0.1803045459345185
2018-07-08 19:06:00,-0.2107882655053004
2018-07-08 19:09:00,-0.14352304881674627
2018-07-08 19:12:00,-0.06371324606379858
2018-07-08 19:15:00,-0.06747477244283573
2018-07-08 19:18:00,-0.06042727324381758
2018-07-08 19:21:00,-0.16123497766574246
2018-07-08 19:24:00,-0.08049176124205815
2018-07-08 19:27:00,-0.02451069160838415
2018-07-08 19:30:00,0.053217191155681576
2018-07-08 19:33:00,0.008540797036630465
2018-07-08 19:36:00,-0.03446669172109296
2018-07-08 19:39:00,-0.035345284619950235
2018-07-08 19:42:00,-0.07073970844692212
2018-07-08 19:45:00,-0.10370034871704092
2018-07-08 19:48:00,-0.1093761007451235
2018-07-08 19:51:00,-0.06601958604250058
2018-07-08 19:54:00,0.008615340589699372
2018-07-08 19:57:00,-0.05864925654344688
2018-07-08 20:00:00,-0.038817325271907066
2018-07-08 20:03:00,-0.09714350568179952
2018-07-08 20:06:00,-0.07159821788371801
2018-07-08 20:09:00,-0.10798716987244461
2018-07-08 20:12:00,-0.09921537132424874
2018-07-08 20:15:00,-0.05739333937430047
2018-07-08 20:18:00,-0.03719346706162696
2018-07-08 20:21:00,-0.05446983121714766
2018-07-08 20:24:00,-0.03803441148255615
2018-07-08 20:27:00,-0.019275346780887048
2018-07-08 20:30:00,-0.028131708568650993
2018-07-08 20:33:00,-0.04770316590378343
2018-07-08 20:36:00,0.00504672866850342
2018-07-08 20:39:00,-0.004759315913986484
2018-07-08 20:42:00,0.029181331066183702
2018-07-08 20:45:00,-0.03982643842397238
2018-07-08 20:48:00,-0.07964174187299022
2018-07-08 20:51:00,-0.09300758455486857
2018-07-08 20:54:00,-4.731045930839173e-05
2018-07-08 20:57:00,0.026375204752753234
2018-07-08 21:00:00,0.0007681879088750065
2018-07-08 21:03:00,-0.005132234944028369
2018-07-08 21:06:00,0.00797404949275915
2018-07-08 21:09:00,-0.03974895835852976
2018-07-08 21:12:00,-0.0028166661836621643
2018-07-08 21:15:00,0.0012830620440240637
2018-07-08 21:18:00,-0.10198495750228176
2018-07-08 21:21:00,-0.0033077698549277557
2018-07-08 21:24:00,-0.01816198040251038
2018-07-08 21:27:00,-0.031239208144597796
2018-07-08 21:30:00,-0.014695773908613319
2018-07-08 21:33:00,-0.10192314076959974
2018-07-08 21:36:00,-0.04246254003868444
2018-07-08 21:39:00,0.0027972819617048117
2018-07-08 21:42:00,-0.17117036656054552
2018-07-08 21:45:00,-0.08997522895595012
2018-07-08 21:48:00,-0.05437017558233492
2018-07-08 21:51:00,-0.11669125255320978
2018-07-08 21:54:00,-0.09159701643812923
2018-07-08 21:57:00,-0.07087447411157655
2018-07-08 22:00:00,-0.08951224511889677
2018-07-08 22:03:00,-0.10509270277566429
2018-07-08 22:06:00,0.009348582089216961
2018-07-08 22:09:00,-0.09561031909316853
2018-07-08 22:12:00,0.020247404168856065
2018-07-08 22:15:00,-0.10224558629312241
2018-07-08 22:18:00,-0.05423848559286171
2018-07-08 22:21:00,-0.05844561050531638
2018-07-08 22:24:00,0.033189219279961435
2018-07-08 22:27:00,-0.023957940889317797
2018-07-08 22:30:00,-0.09020678259048509
2018-07-08 22:33:00,0.03486393545284727
2018-07-08 22:36:00,-0.021997659757005295
2018-07-08 22:39:00,-0.02718321745896901
2018-07-08 22:42:00,0.06398644543025966
2018-07-08 22:45:00,-0.001506191466717155
2018-07-08 22:48:00,-0.021368118631926336
2018-07-08 22:51:00,0.0415020140096658
2018-07-08 22:54:00,-0.012048936363157736
2018-07-08 22:57:00,-0.03360327194718593
2018-07-08 23:00:00,0.004640751185945646
2018-07-08 23:03:00,0.004880181013731999
2018-07-08 23:06:00,-0.03197525439088622
2018-07-08 23:09:00,-0.03854305104329114
2018-07-08 23:12:00,0.042870895133091835
2018-07-08 23:15:00,0.012903520370684873
2018-07-08 23:18:00,-0.04118525656150496
2018-07-08 23:21:00,-0.0012780400260794522
2018-07-08 23:24:00,0.011042721879960027
2018-07-08 23:27:00,0.14554139194854088
2018-07-08 23:30:00,0.004640476106942515
2018-07-08 23:33:00,-0.09069065704727564
2018-07-08 23:36:00,-0.028625455659494037
2018-07-08 23:39:00,-0.07706064102671917
2018-07-08 23:42:00,-0.1452437027924134
2018-07-08 23:45:00,-0.13855258572175444
2018-07-08 23:48:00,-0.1581640768740158
2018-07-08 23:51:00,-0.13696998242113523
2018-07-08 23:54:00,-0.17999461880134504
2018-07-08 23:57:00,-0.02395021488018756
2018-07-09 00:00:00,-0.046509823120572946
2018-07-09 00:03:00,-0.05961716383700377
2018-07-09 00:06:00,-0.03467518388373492
2018-07-09 00:09:00,-0.07766062661505657
2018-07-09 00:12:00,0.014643010465704265
2018-07-09 00:15:00,0.03058055983757413
2018-07-09 00:18:00,0.0009640867007760789
2018-07-09 00:21:00,-0.007213129961769482
2018-07-09 00:24:00,-0.035850050641897724
2018-07-09 00:27:00,-0.07865083019561325
2018-07-09 00:30:00,-0.04316213745772757
2018-07-09 00:33:00,0.03450719464728991
2018-07-09 00:36:00,0.016979531990898522
2018-07-09 00:39:00,-0.0832226456137164
2018-07-09 00:42:00,-0.0731681022492694
2018-07-09 00:45:00,-0.03151275499459416
2018-07-09 00:48:00,-0.06580569088453103
2018-07-09 00:51:00,0.0464580491839115
2018-07-09 00:54:00,0.013891342202271062
2018-07-09 00:57:00,0.07700718496437275
2018-07-09 01:00:00,0.08762570846420203
2018-07-09 01:03:00,0.09483830462625065
2018-07-09 01:06:00,-0.04580037229266054
2018-07-09 01:09:00,-0.05357963260303222
2018-07-09 01:12:00,0.010928884020700025
2018-07-09 01:15:00,0.06630142153329643
2018-07-09 01:18:00,0.08037133690061182
2018-07-09 01:21:00,0.0539888993695854
2018-07-09 01:24:00,0.02582363749900196
2018-07-09 01:27:00,-0.013337444315936864
2018-07-09 01:30:00,0.0029234874075427797
2018-07-09 01:33:00,0.08078766555718175
2018-07-09 01:36:00,0.07537236452071738
2018-07-09 01:39:00,0.1408450674599635
2018-07-09 01:42:00,0.14278069234200075
2018-07-09 01:45:00,0.088168234707382
2018-07-09 01:48:00,0.06714881856379407
2018-07-09 01:51:00,0.03186814742440447
2018-07-09 01:54:00,-0.012551438567982132
2018-07-09 01:57:00,-0.018277114885222545
2018-07-09 02:00:00,-0.02376109627459755
2018-07-09 02:03:00,-0.11780886977891214
2018-07-09 02:06:00,0.013839630597885844
2018-07-09 02:09:00,-0.06103437302090242
2018-07-09 02:12:00,0.019550662479275616
2018-07-09 02:15:00,-0.0011337403055335926
2018-07-09 02:18:00,-0.007580227764151459
2018-07-09 02:21:00,-0.10241691675395259
2018-07-09 02:24:00,-0.10695255649051205
2018-07-09 02:27:00,-0.05595781441888903
2018-07-09 02:30:00,-0.060172127905445905
2018-07-09 02:33:00,0.008219648576016425
2018-07-09 02:36:00,-0.026463277499090054
2018-07-09 02:39:00,-0.004126515957182164
2018-07-09 02:42:00,-0.08642912000635761
2018-07-09 02:45:00,-0.0902616525099802
2018-07-09 02:48:00,-0.10464666541884071
2018-07-09 02:51:00,-0.013603618468266632
2018-07-09 02:54:00,0.003479953435430616
2018-07-09 02:57:00,0.020854013628991197
2018-07-09 03:00:00,-0.048647201964399756
2018-07-09 03:03:00,0.0351127075556974
2018-07-09 03:06:00,0.002386754921587908
2018-07-09 03:09:00,0.027156453954034987
2018-07-09 03:12:00,0.07082328215517464
2018-07-09 03:15:00,0.0024822703596214524
2018-07-09 03:18:00,0.009579460183942956
2018-07-09 03:21:00,0.04985922736125303
2018-07-09 03:24:00,-0.03450108722688583
2018-07-09 03:27:00,-0.019169382028337623
2018-07-09 03:30:00,-0.06570014608576003
2018-07-09 03:33:00,-0.05264542164081831
2018-07-09 03:36:00,0.0513135021741391
2018-07-09 03:39:00,0.016428816963980353
2018-07-09 03:42:00,-0.01283748624217651
2018-07-09 03:45:00,-0.03031747279476349
2018-07-09 03:48:00,-0.10358666158452934
2018-07-09 03:51:00,-0.005239118502800011
2018-07-09 03:54:00,-0.04878962550134247
2018-07-09 03:57:00,0.006129092373441836
2018-07-09 04:00:00,0.0184895046459701
2018-07-09 04:03:00,-0.02799816896174434
2018-07-09 04:06:00,-0.02734313889874329
2018-07-09 04:09:00,-0.058609560570346275
2018-07-09 04:12:00,0.007203041854666026
2018-07-09 04:15:00,0.03570831591179058
2018-07-09 04:18:00,0.09329009285607981
2018-07-09 04:21:00,0.04058911447208402
2018-07-09 04:24:00,0.024352593169965076
2018-07-09 04:27:00,-0.004840722703249867
2018-07-09 04:30:00,0.1228858240210684
2018-07-09 04:33:00,0.03826834961319037
2018-07-09 04:36:00,0.11173979617075247
2018-07-09 04:39:00,0.07895520996640926
2018-07-09 04:42:00,0.09004386996764424
2018-07-09 04:45:00,0.08514272783378374
2018-07-09 04:48:00,0.08900016722242299
2018-07-09 04:51:00,0.12536853243528867
2018-07-09 04:54:00,0.06504257926553692
2018-07-09 04:57:00,0.0690122870526011
2018-07-09 05:00:00,0.10260738584315732
2018-07-09 05:03:00,0.049916205987244666
2018-07-09 05:06:00,0.09913393561907924
2018-07-09 05:09:00,0.05842756311596986
2018-07-09 05:12:00,0.058949567390925495
2018-07-09 05:15:00,0.04280387212821779
2018-07-09 05:18:00,0.14414258816708525
2018-07-09 05:21:00,0.08669575757164694
2018-07-09 05:24:00,0.10114440634970379
2018-07-09 05:27:00,0.17346376858688473
2018-07-09 05:30:00,0.06825006832161762
2018-07-09 05:33:00,0.13399180077499295
2018-07-09 05:36:00,0.1180559573043638
2018-07-09 05:39:00,0.13206120537722654
2018-07-09 05:42:00,0.05102890282557837
2018-07-09 05:45:00,0.04740645602754512
2018-07-09 05:48:00,0.08636803728199993
2018-07-09 05:51:00,0.026886625177951373
2018-07-09 05:54:00,0.10183071493435136
2018-07-09 05:57:00,0.06294669779993001
2018-07-09 06:00:00,0.12259018991306903
2018-07-09 06:03:00,0.21606808125790167
2018-07-09 06:06:00,0.11537331271318862
2018-07-09 06:09:00,0.12891078465560213
2018-07-09 06:12:00,0.1151778906634604
2018-07-09 06:15:00,0.15739649136446587
2018-07-09 06:18:00,0.07470650314149907
2018-07-09 06:21:00,0.05485750866586159
2018-07-09 06:24:00,0.11657859278801652
2018-07-09 06:27:00,0.1446850173464327
2018-07-09 06:30:00,0.1752027895527135
2018-07-09 06:33:00,0.07252095482164123
2018-07-09 06:36:00,0.11763759710436261
2018-07-09 06:39:00,0.18765995408523395
2018-07-09 06:42:00,0.2014516762196763
2018-07-09 06:45:00,0.04048353227716461
2018-07-09 06:48:00,0.12543612092434842
2018-07-09 06:51:00,0.14795190183610885
2018-07-09 06:54:00,0.2617824990044255
2018-07-09 06:57:00,0.1784593680447415
2018-07-09 07:00:00,0.1273339429275211
2018-07-09 07:03:00,0.12639196288807852
2018-07-09 07:06:00,0.11769963466736044
2018-07-09 07:09:00,0.1452730976914154
2018-07-09 07:12:00,0.16585782156772666
2018-07-09 07:15:00,0.06639810584988481
2018-07-09 07:18:00,0.1291535773883652
2018-07-09 07:21:00,0.15223632108961738
2018-07-09 07:24:00,0.2307246129878422
2018-07-09 07:27:00,0.18549702591070627
2018-07-09 07:30:00,0.20329282288935246
2018-07-09 07:33:00,0.22653027431999817
2018-07-09 07:36:00,0.20717950793022055
2018-07-09 07:39:00,0.11447670681843647
2018-07-09 07:42:00,0.06514928702728184
2018-07-09 07:45:00,0.1552821098921413
2018-07-09 07:48:00,0.14440801949876914
2018-07-09 07:51:00,0.12934484023941195
2018-07-09 07:54:00,0.03237360095602071
2018-07-09 07:57:00,0.1362277352691308
2018-07-09 08:00:00,0.057483202034632086
2018-07-09 08:03:00,0.07198285666009951
2018-07-09 08:06:00,0.036345903669428026
2018-07-09 08:09:00,0.04939101694890269
2018-07-09 08:12:00,0.07128667641768516
2018-07-09 08:15:00,0.03294024269524698
2018-07-09 08:18:00,0.051894122108421925
2018-07-09 08:21:00,0.026009768318033366
2018-07-09 08:24:00,-0.009416875631984567
2018-07-09 08:27:00,0.048874336363837756
2018-07-09 08:30:00,0.08898449804922848
2018-07-09 08:33:00,0.1428984910496638
2018-07-09 08:36:00,-0.005104558023617756
2018-07-09 08:39:00,-0.04707832142202051
2018-07-09 08:42:00,-0.01715796108851464
2018-07-09 08:45:00,0.10354074475975494
2018-07-09 08:48:00,0.022915559007003594
2018-07-09 08:51:00,-0.039124817211018126
2018-07-09 08:54:00,-0.0075445661602771
2018-07-09 08:57:00,-0.09375984597477327
2018-07-09 09:00:00,-0.024762480657614105
2018-07-09 09:03:00,-0.016173866880478727
2018-07-09 09:06:00,-0.021171099791899906
2018-07-09 09:09:00,-0.044399136295282915
2018-07-09 09:12:00,-0.08639229622411904
2018-07-09 09:15:00,-0.06175248787400278
2018-07-09 09:18:00,-0.1081353502111142
2018-07-09 09:21:00,-0.07438133424591342
2018-07-09 09:24:00,-0.08511370834031595
2018-07-09 09:27:00,-0.11144252414482025
2018-07-09 09:30:00,-0.1542784458439428
2018-07-09 09:33:00,-0.0956905436490274
2018-07-09 09:36:00,-0.09639033940408126
2018-07-09 09:39:00,-0.25683884426427994
2018-07-09 09:42:00,-0.19012589230334243
2018-07-09 09:45:00,-0.13084668632058083
2018-07-09 09:48:00,-0.19574567202761273
2018-07-09 09:51:00,-0.22206283481318678
2018-07-09 09:54:00,-0.13358135387869652
2018-07-09 09:57:00,-0.23550796819426978
2018-07-09 10:00:00,-0.22127620302052264
2018-07-09 10:03:00,-0.19206386934877173
2018-07-09 10:06:00,-0.1668850020199102
2018-07-09 10:09:00,-0.1923436285464959
2018-07-09 10:12:00,-0.2537607182505326
2018-07-09 10:15:00,-0.25960539701287644
2018-07-09 10:18:00,-0.2624305767520241
2018-07-09 10:21:00,-0.23286485548266
2018-07-09 10:24:00,-0.22992367417162995
2018-07-09 10:27:00,-0.16250895847184665
2018-07-09 10:30:00,-0.20923372522372574
2018-07-09 10:33:00,-0.27590685543833615
2018-07-09 10:36:00,-0.2934471021610534
2018-07-09 10:39:00,-0.3179580718302759
2018-07-09 10:42:00,-0.2626882125794623
2018-07-09 10:45:00,-0.3486978173629609
2018-07-09 10:48:00,-0.2614506621194437
2018-07-09 10:51:00,-0.3082334240118598
2018-07-09 10:54:00,-0.3659308198135136
2018-07-09 10:57:00,-0.37559570774965323
2018-07-09 11:00:00,-0.29150434814437176
2018-07-09 11:03:00,-0.3349769908734288
2018-07-09 11:06:00,-0.4997831417912266
2018-07-09 11:09:00,-0.33701836206222424
2018-07-09 11:12:00,-0.4665194343601229
2018-07-09 11:15:00,-0.38518251148724403
2018-07-09 11:18:00,-0.37998353825321374
2018-07-09 11:21:00,-0.39685577346477885
2018-07-09 11:24:00,-0.46306261281836214
2018-07-09 11:27:00,-0.45327648928173403
2018-07-09 11:30:00,-0.40886014391691106
2018-07-09 11:33:00,-0.4738587165289232
2018-07-09 11:36:00,-0.45715522216926274
2018-07-09 11:39:00,-0.49870959302802476
2018-07-09 11:42:00,-0.4606315325873993
2018-07-09 11:45:00,-0.5135685490791388
2018-07-09 11:48:00,-0.41260947236418133
2018-07-09 11:51:00,-0.4931101454066038
2018-07-09 11:54:00,-0.4378309692256721
2018-07-09 11:57:00,-0.45236172018064735
2018-07-09 12:00:00,-0.5629257070968947
2018-07-09 12:03:00,-0.4848882008552664
2018-07-09 12:06:00,-0.5268141448083838
2018-07-09 12:09:00,-0.5008603604694031
2018-07-09 12:12:00,-0.6660582631756711
2018-07-09 12:15:00,-0.5654854167112262
2018-07-09 12:18:00,-0.5603750894539985
2018-07-09 12:21:00,-0.5543813738099175
2018-07-09 12:24:00,-0.4749125873373714
2018-07-09 12:27:00,-0.6048387760895366
2018-07-09 12:30:00,-0.44108463610041326
2018-07-09 12:33:00,-0.5095146291062633
2018-07-09 12:36:00,-0.5390124429578691
2018-07-09 12:39:00,-0.6778608993187163
2018-07-09 12:42:00,-0.6415966121275005
2018-07-09 12:45:00,-0.7178631345201438
2018-07-09 12:48:00,-0.6759493926949176
2018-07-09 12:51:00,-0.667351870652908
2018-07-09 12:54:00,-0.6068706072182408
2018-07-09 12:57:00,-0.6692031238221716
2018-07-09 13:00:00,-0.5172928185757542
2018-07-09 13:03:00,-0.4725470095107198
2018-07-09 13:06:00,-0.4905031781035518
2018-07-09 13:09:00,-0.47392369152652236
2018-07-09 13:12:00,-0.2718496464288478
2018-07-09 13:15:00,-0.35945791306647834
2018-07-09 13:18:00,-0.34258040735943496
2018-07-09 13:21:00,-0.34307581023995226
2018-07-09 13:24:00,-0.2688784320390596
2018-07-09 13:27:00,-0.13063806796037625
2018-07-09 13:30:00,-0.029225374238592394
2018-07-09 13:33:00,-0.013815591727279752
2018-07-09 13:36:00,0.11024105357341796
2018-07-09 13:39:00,0.011103576963421347
2018-07-09 13:42:00,-0.04078636211755793
2018-07-09 13:45:00,0.10271616159116093
2018-07-09 13:48:00,0.059170548293934644
2018-07-09 13:51:00,0.07498305182355125
2018-07-09 13:54:00,-0.12611021154242508
2018-07-09 13:57:00,-0.2000163278142395
2018-07-09 14:00:00,-0.34961399726512354
2018-07-09 14:03:00,-0.37456708335849953
2018-07-09 14:06:00,-0.3208877211612844
2018-07-09 14:09:00,-0.3254377710168228
2018-07-09 14:12:00,-0.27480649175458893
2018-07-09 14:15:00,-0.36535545229668287
2018-07-09 14:18:00,-0.3206751496614402
2018-07-09 14:21:00,-0.4776870280907133
2018-07-09 14:24:00,-0.44601297469813517
2018-07-09 14:27:00,-0.3744077664082397
2018-07-09 14:30:00,-0.46256344851866515
2018-07-09 14:33:00,-0.40820560197289524
2018-07-09 14:36:00,-0.1305122257883795
2018-07-09 14:39:00,-0.189458459395496
2018-07-09 14:42:00,-0.4039698152885194
2018-07-09 14:45:00,-0.380391285079952
2018-07-09 14:48:00,-0.25678288483862843
2018-07-09 14:51:00,-0.3282167184113405
2018-07-09 14:54:00,-0.3822832816989603
2018-07-09 14:57:00,-0.4544611122178708
2018-07-09 15:00:00,-0.37585156946170173
2018-07-09 15:03:00,-0.41648199368898986
2018-07-09 15:06:00,-0.46104956007116016
2018-07-09 15:09:00,-0.45463465997556796
2018-07-09 15:12:00,-0.4647885038472168
2018-07-09 15:15:00,-0.45673071145876065
2018-07-09 15:18:00,-0.39515260410064457
2018-07-09 15:21:00,-0.48578485607151833
2018-07-09 15:24:00,-0.3972154986946066
2018-07-09 15:27:00,-0.4266347594776789
2018-07-09 15:30:00,-0.43115263332236964
2018-07-09 15:33:00,-0.30703972732561624
2018-07-09 15:36:00,-0.4516672654288527
2018-07-09 15:39:00,-0.33847149283718636
2018-07-09 15:42:00,-0.45538091837710226
2018-07-09 15:45:00,-0.3900329985571602
2018-07-09 15:48:00,-0.3923315455519969
2018-07-09 15:51:00,-0.5375656142658158
2018-07-09 15:54:00,-0.477285598076719
2018-07-09 15:57:00,-0.5545521875270651
2018-07-09 16:00:00,-0.5490662376127489
2018-07-09 16:03:00,-0.49132899699986865
2018-07-09 16:06:00,-0.4901166189148398
2018-07-09 16:09:00,-0.3339470405667271
2018-07-09 16:12:00,-0.5458138264904164
2018-07-09 16:15:00,-0.5122219786744608
2018-07-09 16:18:00,-0.4933115170178439
2018-07-09 16:21:00,-0.4573434311297433
2018-07-09 16:24:00,-0.5396307597965802
2018-07-09 16:27:00,-0.46922766975234254
2018-07-09 16:30:00,-0.4975561231501615
2018-07-09 16:33:00,-0.39640938824572913
2018-07-09 16:36:00,-0.5399722661015858
2018-07-09 16:39:00,-0.4290091875149642
2018-07-09 16:42:00,-0.4535077699375165
2018-07-09 16:45:00,-0.5504051029415109
2018-07-09 16:48:00,-0.5790473768319657
2018-07-09 16:51:00,-0.5478121468507311
2018-07-09 16:54:00,-0.6220500423097519
2018-07-09 16:57:00,-0.42064814750619917
2018-07-09 17:00:00,-0.4382217316918968
2018-07-09 17:03:00,-0.39778734853871356
2018-07-09 17:06:00,-0.29272582118193213
2018-07-09 17:09:00,-0.41573843349931394
2018-07-09 17:12:00,-0.4684159269789916
2018-07-09 17:15:00,-0.4504731970822604
2018-07-09 17:18:00,-0.4598783857831563
2018-07-09 17:21:00,-0.39070429075928814
2018-07-09 17:24:00,-0.40227318072658136
2018-07-09 17:27:00,-0.5136462597444051
2018-07-09 17:30:00,-0.38919616310249694
2018-07-09 17:33:00,-0.3822552426747734
2018-07-09 17:36:00,-0.3103847366960508
2018-07-09 17:39:00,-0.4515098531081776
2018-07-09 17:42:00,-0.5119558120256897
2018-07-09 17:45:00,-0.5152249148655983
2018-07-09 17:48:00,-0.5181952720291179
2018-07-09 17:51:00,-0.5140417704193965
2018-07-09 17:54:00,-0.4202406177616922
2018-07-09 17:57:00,-0.48388884459507153
2018-07-09 18:00:00,-0.5524633984393859
2018-07-09 18:03:00,-0.4213053936372262
2018-07-09 18:06:00,-0.3663698101145769
2018-07-09 18:09:00,-0.31300440348712755
2018-07-09 18:12:00,-0.4573699639651636
2018-07-09 18:15:00,-0.3889630842191991
2018-07-09 18:18:00,-0.38558875960637806
2018-07-09 18:21:00,-0.4125172443901306
2018-07-09 18:24:00,-0.4076667811784205
2018-07-09 18:27:00,-0.4552123846448808
2018-07-09 18:30:00,-0.36713136055595896
2018-07-09 18:33:00,-0.4373055043143381
2018-07-09 18:36:00,-0.44471784146492155
2018-07-09 18:39:00,-0.39879328635237243
2018-07-09 18:42:00,-0.42182991664668634
2018-07-09 18:45:00,-0.38842479419434994
2018-07-09 18:48:00,-0.3112807231052557
2018-07-09 18:51:00,-0.35987337358392324
2018-07-09 18:54:00,
2018-07-09 18:57:00,
2018-07-09 19:00:00,
2018-07-09 19:03:00,-0.27844238001523536
2018-07-09 19:06:00,-0.3901884602448149
2018-07-09 19:09:00,-0.35287585323237636
2018-07-09 19:12:00,-0.29736500528457555
2018-07-09 19:15:00,-0.3676705702746972
2018-07-09 19:18:00,-0.3948774419987444
2018-07-09 19:21:00,-0.43640407920560165
2018-07-09 19:24:00,-0.4256640245002359
2018-07-09 19:27:00,-0.31672741933533644
2018-07-09 19:30:00,-0.35206986344627467
2018-07-09 19:33:00,-0.2785302019998426
2018-07-09 19:36:00,-0.35022760230629046
2018-07-09 19:39:00,-0.37929148679251057
2018-07-09 19:42:00,-0.2953507641722126
2018-07-09 19:45:00,-0.40200438255857307
2018-07-09 19:48:00,-0.3552636476823068
2018-07-09 19:51:00,-0.30770908888030135
2018-07-09 19:54:00,-0.3835103646371749
2018-07-09 19:57:00,-0.251068170527617
2018-07-09 20:00:00,-0.2731482836060195
2018-07-09 20:03:00,-0.2941652669714472
2018-07-09 20:06:00,-0.28656817571300053
2018-07-09 20:09:00,-0.12779663211705383
2018-07-09 20:12:00,-0.23504351753882702
2018-07-09 20:15:00,-0.25745880892662854
2018-07-09 20:18:00,-0.33046562244987854
2018-07-09 20:21:00,-0.2523637418721023
2018-07-09 20:24:00,-0.30491879997566684
2018-07-09 20:27:00,-0.34768305858489157
2018-07-09 20:30:00,-0.2545149278228678
2018-07-09 20:33:00,-0.31416125911681547
2018-07-09 20:36:00,-0.26133427792251496
2018-07-09 20:39:00,-0.34031917260523414
2018-07-09 20:42:00,-0.272980938585647
2018-07-09 20:45:00,-0.28661919664659763
2018-07-09 20:48:00,-0.3023081091673703
2018-07-09 20:51:00,-0.29169095430819425
2018-07-09 20:54:00,-0.21292315319959698
2018-07-09 20:57:00,-0.3158314490165708
2018-07-09 21:00:00,-0.2006790929343083
2018-07-09 21:03:00,-0.2741318679258029
2018-07-09 21:06:00,-0.17768682289226945
2018-07-09 21:09:00,-0.2828835003911081
2018-07-09 21:12:00,-0.21740153176193644
2018-07-09 21:15:00,-0.24315781031339156
2018-07-09 21:18:00,-0.21400699277575086
2018-07-09 21:21:00,-0.15420795907459706
2018-07-09 21:24:00,-0.15661220649030838
2018-07-09 21:27:00,-0.13593827220023513
2018-07-09 21:30:00,-0.08291997667151918
2018-07-09 21:33:00,-0.04553427191950732
2018-07-09 21:36:00,-0.07367137697247017
2018-07-09 21:39:00,-0.04592580390368539
2018-07-09 21:42:00,-0.0038084092194026198
2018-07-09 21:45:00,-0.061319726785825424
2018-07-09 21:48:00,-0.11744529542397686
2018-07-09 21:51:00,-0.028685910063018127
2018-07-09 21:54:00,-0.07203888489090104
2018-07-09 21:57:00,-0.00980041119339603
2018-07-09 22:00:00,-0.05833747792325994
2018-07-09 22:03:00,-0.06298081690147228
2018-07-09 22:06:00,-0.010325948241302285
2018-07-09 22:09:00,-0.02965010007079627
2018-07-09 22:12:00,-0.054470646671063605
2018-07-09 22:15:00,0.004495206561500709
2018-07-09 22:18:00,0.025694481158780036
2018-07-09 22:21:00,-0.04151785475818315
2018-07-09 22:24:00,-0.1091335706670975
2018-07-09 22:27:00,-0.04340685051960236
2018-07-09 22:30:00,-0.03254077402846178
2018-07-09 22:33:00,-0.07804424849177849
2018-07-09 22:36:00,0.009010757903297417
2018-07-09 22:39:00,-0.04369317547116225
2018-07-09 22:42:00,-0.10567683184535781
2018-07-09 22:45:00,-0.04830500725574893
2018-07-09 22:48:00,-0.08495615055522876
2018-07-09 22:51:00,0.05490750968431257
2018-07-09 22:54:00,-0.02295884372773571
2018-07-09 22:57:00,-0.05176927568049905
2018-07-09 23:00:00,-0.05650135328039596
2018-07-09 23:03:00,-0.11988670115806599
2018-07-09 23:06:00,0.047219385356697785
2018-07-09 23:09:00,-0.12319554130937149
2018-07-09 23:12:00,-0.032337519744771726
2018-07-09 23:15:00,0.04779041565655007
2018-07-09 23:18:00,0.022969538461268257
2018-07-09 23:21:00,-0.07837976125875912
2018-07-09 23:24:00,-0.06277955640877053
2018-07-09 23:27:00,-0.029612741866060333
2018-07-09 23:30:00,0.042424290134988496
2018-07-09 23:33:00,0.03452858549655957
2018-07-09 23:36:00,0.037032248363857434
2018-07-09 23:39:00,-0.012734257415218053
2018-07-09 23:42:00,0.014585760035686235
2018-07-09 23:45:00,0.004303386174058232
2018-07-09 23:48:00,-0.04844900003035946
2018-07-09 23:51:00,-0.0811941446373794
2018-07-09 23:54:00,0.09398022880782264
2018-07-09 23:57:00,0.0037931026593014394
2018-07-10 00:00:00,-0.017761502478606417
2018-07-10 00:03:00,-0.004343190473377945
2018-07-10 00:06:00,0.09158494286435825
2018-07-10 00:09:00,0.021480429302357607
2018-07-10 00:12:00,-0.10969066574722319
2018-07-10 00:15:00,0.10122964641891485
2018-07-10 00:18:00,-0.03124015591714624
2018-07-10 00:21:00,-0.022353531157818907
2018-07-10 00:24:00,0.09516695295457112
2018-07-10 00:27:00,0.033707696257465614
2018-07-10 00:30:00,0.02203813683701128
2018-07-10 00:33:00,-0.032538818504008304
2018-07-10 00:36:00,-0.002644158432815402
2018-07-10 00:39:00,0.04599839028185215
2018-07-10 00:42:00,0.02807714814201745
2018-07-10 00:45:00,0.03355465260909796
2018-07-10 00:48:00,0.06484418284316007
2018-07-10 00:51:00,-0.009019543824365428
2018-07-10 00:54:00,0.0866185682421019
2018-07-10 00:57:00,0.12937659273313784
2018-07-10 01:00:00,0.07181810086041196
2018-07-10 01:03:00,0.018345149675838
2018-07-10 01:06:00,0.13516501773762002
2018-07-10 01:09:00,-0.010352425035705437
2018-07-10 01:12:00,0.058871770094299336
2018-07-10 01:15:00,0.09448155199095254
2018-07-10 01:18:00,0.06811441120891004
2018-07-10 01:21:00,0.0914949386265107
2018-07-10 01:24:00,0.16384340243160977
2018-07-10 01:27:00,0.15066795828784052
2018-07-10 01:30:00,0.1361155605300155
2018-07-10 01:33:00,0.08904816684867001
2018-07-10 01:36:00,0.17140924730807683
2018-07-10 01:39:00,0.16250027931255318
2018-07-10 01:42:00,0.14221455594235977
2018-07-10 01:45:00,0.22917566704416004
2018-07-10 01:48:00,0.19501865860678436
2018-07-10 01:51:00,0.15110667713508974
2018-07-10 01:54:00,0.13782345924676065
2018-07-10 01:57:00,0.13517388955580145
2018-07-10 02:00:00,0.09540442040560038
2018-07-10 02:03:00,0.16467528034826273
2018-07-10 02:06:00,0.1643990419573811
2018-07-10 02:09:00,0.10132837252132276
2018-07-10 02:12:00,0.2043515165256622
2018-07-10 02:15:00,0.12380227305794733
2018-07-10 02:18:00,0.09299259655267633
2018-07-10 02:21:00,0.17569938260220397
2018-07-10 02:24:00,0.22326831854479678
2018-07-10 02:27:00,0.21078911469538752
2018-07-10 02:30:00,0.15902455137688776
2018-07-10 02:33:00,0.15751953954975306
2018-07-10 02:36:00,0.18914771422504373
2018-07-10 02:39:00,0.20728346172569445
2018-07-10 02:42:00,0.17822576863079576
2018-07-10 02:45:00,0.2441453539286158
2018-07-10 02:48:00,0.20192023046962504
2018-07-10 02:51:00,0.256365834924452
2018-07-10 02:54:00,0.22231073674925028
2018-07-10 02:57:00,0.2743339023265321
2018-07-10 03:00:00,0.29164475457417893
2018-07-10 03:03:00,0.22212563698855092
2018-07-10 03:06:00,0.19860229872801938
2018-07-10 03:09:00,0.2488618903428801
2018-07-10 03:12:00,0.1656226262043674
2018-07-10 03:15:00,0.15410878383352156
2018-07-10 03:18:00,0.23660847755473924
2018-07-10 03:21:00,0.2514223468113528
2018-07-10 03:24:00,0.23042630105362605
2018-07-10 03:27:00,0.1761869134163021
2018-07-10 03:30:00,0.16439072992136516
2018-07-10 03:33:00,0.2200925566455112
2018-07-10 03:36:00,0.22416096957363152
2018-07-10 03:39:00,0.13871169605670275
2018-07-10 03:42:00,0.19225260886832984
2018-07-10 03:45:00,0.16990573098757977
2018-07-10 03:48:00,0.2131062993090609
2018-07-10 03:51:00,0.1843302867985699
2018-07-10 03:54:00,0.22632551758135833
2018-07-10 03:57:00,0.2164959859540545
2018-07-10 04:00:00,0.21070723478328546
2018-07-10 04:03:00,0.30213080925841496
2018-07-10 04:06:00,0.16497915969864607
2018-07-10 04:09:00,0.2306400863351996
2018-07-10 04:12:00,0.18429372037644498
2018-07-10 04:15:00,0.1698352555011411
2018-07-10 04:18:00,0.08151702379848302
2018-07-10 04:21:00,0.13380286388940021
2018-07-10 04:24:00,0.1597589336348051
2018-07-10 04:27:00,0.15822858663307215
2018-07-10 04:30:00,0.17636391003594554
2018-07-10 04:33:00,0.15599466917950622
2018-07-10 04:36:00,0.28071020703293925
2018-07-10 04:39:00,0.21646929979885954
2018-07-10 04:42:00,0.2989204646036683
2018-07-10 04:45:00,0.2787292405807307
2018-07-10 04:48:00,0.24452850106251844
2018-07-10 04:51:00,0.24790634178594928
2018-07-10 04:54:00,0.26649360486197793
2018-07-10 04:57:00,0.23334168059687954
2018-07-10 05:00:00,0.22869752740967897
2018-07-10 05:03:00,0.21237538274311873
2018-07-10 05:06:00,0.250809885942715
2018-07-10 05:09:00,0.175405749400511
2018-07-10 05:12:00,0.18795761517804976
2018-07-10 05:15:00,0.25907150535340406
2018-07-10 05:18:00,0.23537956355659162
2018-07-10 05:21:00,0.17389152579761458
2018-07-10 05:24:00,0.10209677000631245
2018-07-10 05:27:00,0.2341174599357032
2018-07-10 05:30:00,0.17084900343968457
2018-07-10 05:33:00,0.236621030118215
2018-07-10 05:36:00,0.13227715732000433
2018-07-10 05:39:00,0.30692946217948247
2018-07-10 05:42:00,0.21449895253851992
2018-07-10 05:45:00,0.2575843298761811
2018-07-10 05:48:00,0.2564984153288492
2018-07-10 05:51:00,0.22344101857635223
2018-07-10 05:54:00,0.1626308572216999
2018-07-10 05:57:00,0.2627768349881876
2018-07-10 06:00:00,0.305101008288716
2018-07-10 06:03:00,0.16515472171022338
2018-07-10 06:06:00,0.18457061370514793
2018-07-10 06:09:00,0.2623459809915403
2018-07-10 06:12:00,0.27227506540447166
2018-07-10 06:15:00,0.24236609419256183
2018-07-10 06:18:00,0.168887927452829
2018-07-10 06:21:00,0.20093497763258483
2018-07-10 06:24:00,0.26972433467960855
2018-07-10 06:27:00,0.22435789647079218
2018-07-10 06:30:00,0.222859975757558
2018-07-10 06:33:00,0.21191327852693576
2018-07-10 06:36:00,0.19643729302043766
2018-07-10 06:39:00,0.24176242579051177
2018-07-10 06:42:00,0.1915129245714411
2018-07-10 06:45:00,0.24642350900990095
2018-07-10 06:48:00,0.2121375052232679
2018-07-10 06:51:00,0.3123894674308758
2018-07-10 06:54:00,0.2991672025501657
2018-07-10 06:57:00,0.24672814506897112
2018-07-10 07:00:00,0.2398444349954616
2018-07-10 07:03:00,0.2549617270342992
2018-07-10 07:06:00,0.19716539408972267
2018-07-10 07:09:00,0.29640069132182134
2018-07-10 07:12:00,0.10971123019191964
2018-07-10 07:15:00,0.09166070525714076
2018-07-10 07:18:00,0.17633375454096267
2018-07-10 07:21:00,0.15505629331187265
2018-07-10 07:24:00,0.25220990799647325
2018-07-10 07:27:00,0.1403708782044646
2018-07-10 07:30:00,0.24104511961996877
2018-07-10 07:33:00,0.17017110909114308
2018-07-10 07:36:00,0.259565277097181
2018-07-10 07:39:00,0.13988733269036402
2018-07-10 07:42:00,0.19925071103858727
2018-07-10 07:45:00,0.21416092873528214
2018-07-10 07:48:00,0.14068282746490013
2018-07-10 07:51:00,0.12291655080844066
2018-07-10 07:54:00,0.15460221987223122
2018-07-10 07:57:00,0.1921908994549426
2018-07-10 08:00:00,0.060553089568998075
2018-07-10 08:03:00,0.1344663570249054
2018-07-10 08:06:00,0.21353837902762507
2018-07-10 08:09:00,0.16216860334213834
2018-07-10 08:12:00,0.17141679690774936
2018-07-10 08:15:00,0.12530787884008987
2018-07-10 08:18:00,0.10025798073229453
2018-07-10 08:21:00,0.013033886013658957
2018-07-10 08:24:00,0.038054740012569255
2018-07-10 08:27:00,0.02154628934340508
2018-07-10 08:30:00,0.07288511014064625
2018-07-10 08:33:00,-0.05306719159352724
2018-07-10 08:36:00,0.07554875663555549
2018-07-10 08:39:00,-0.002611258700937924
2018-07-10 08:42:00,-0.03249672764900424
2018-07-10 08:45:00,-0.15448009767919757
2018-07-10 08:48:00,-0.10777458114574756
2018-07-10 08:51:00,-0.04860232465887293
2018-07-10 08:54:00,-0.07816997699939066
2018-07-10 08:57:00,-0.029287979546211318
2018-07-10 09:00:00,-0.02585441450196413
2018-07-10 09:03:00,-0.08429380200874448
2018-07-10 09:06:00,-0.11473623933346744
2018-07-10 09:09:00,-0.184358847829742
2018-07-10 09:12:00,-0.2267230370802622
2018-07-10 09:15:00,-0.20981768979925164
2018-07-10 09:18:00,-0.075511828593676
2018-07-10 09:21:00,-0.24517756051130846
2018-07-10 09:24:00,-0.10912165019271924
2018-07-10 09:27:00,-0.20973217328076998
2018-07-10 09:30:00,-0.16029122163126885
2018-07-10 09:33:00,-0.19035434523658523
2018-07-10 09:36:00,-0.16278287461415175
2018-07-10 09:39:00,-0.13423538161299575
2018-07-10 09:42:00,-0.32066617686484733
2018-07-10 09:45:00,-0.20801723627596402
2018-07-10 09:48:00,-0.1940727725481679
2018-07-10 09:51:00,-0.12795199117545053
2018-07-10 09:54:00,-0.224321965668139
2018-07-10 09:57:00,-0.24721190940215365
2018-07-10 10:00:00,-0.2773582016050682
2018-07-10 10:03:00,-0.25957172501301784
2018-07-10 10:06:00,-0.379976045646913
2018-07-10 10:09:00,-0.25785619732346277
2018-07-10 10:12:00,-0.19549162925045493
2018-07-10 10:15:00,-0.3522949804466293
2018-07-10 10:18:00,-0.2874192664241946
2018-07-10 10:21:00,-0.2942005900690674
2018-07-10 10:24:00,-0.3011636179397783
2018-07-10 10:27:00,-0.27753688664842
2018-07-10 10:30:00,-0.31246832373585676
2018-07-10 10:33:00,-0.24496974651964365
2018-07-10 10:36:00,-0.36939523307853506
2018-07-10 10:39:00,-0.46135224597736624
2018-07-10 10:42:00,-0.4008600421643109
2018-07-10 10:45:00,-0.3830585281135086
2018-07-10 10:48:00,-0.3990107194202892
2018-07-10 10:51:00,-0.3007698748918983
2018-07-10 10:54:00,-0.34539211105288814
2018-07-10 10:57:00,-0.32617663797799423
2018-07-10 11:00:00,-0.2619616075081126
2018-07-10 11:03:00,-0.28046702602358664
2018-07-10 11:06:00,-0.345224026420226
2018-07-10 11:09:00,-0.3961858332631323
2018-07-10 11:12:00,-0.43021111588251415
2018-07-10 11:15:00,-0.4599797782216797
2018-07-10 11:18:00,-0.4120360473311848
2018-07-10 11:21:00,-0.3805971527868337
2018-07-10 11:24:00,-0.46765812874264157
2018-07-10 11:27:00,-0.45201314653490954
2018-07-10 11:30:00,-0.4248635634468201
2018-07-10 11:33:00,-0.4675974423245748
2018-07-10 11:36:00,-0.4478645099068217
2018-07-10 11:39:00,-0.30820689009482294
2018-07-10 11:42:00,-0.41532506751025267
2018-07-10 11:45:00,-0.3161219382665763
2018-07-10 11:48:00,-0.46274804084498555
2018-07-10 11:51:00,-0.45110437567535655
2018-07-10 11:54:00,-0.5326680389131297
2018-07-10 11:57:00,-0.3936080004868927
2018-07-10 12:00:00,-0.30511805068522335
2018-07-10 12:03:00,-0.40562905695787776
2018-07-10 12:06:00,-0.5050171879382788
2018-07-10 12:09:00,-0.36479217058382574
2018-07-10 12:12:00,-0.3789488752465786
2018-07-10 12:15:00,-0.5155667041412357
2018-07-10 12:18:00,-0.4844499208912225
2018-07-10 12:21:00,-0.41137395371777075
2018-07-10 12:24:00,-0.37686415701068654
2018-07-10 12:27:00,-0.4397025397892662
2018-07-10 12:30:00,-0.3801104852270214
2018-07-10 12:33:00,-0.3665669781248653
2018-07-10 12:36:00,-0.16743722602609523
2018-07-10 12:39:00,-0.11638882228828606
2018-07-10 12:42:00,-0.2471831982656454
2018-07-10 12:45:00,-0.32140416693306406
2018-07-10 12:48:00,-0.5658267550353457
2018-07-10 12:51:00,-0.4958906105848655
2018-07-10 12:54:00,-0.21529706110322877
2018-07-10 12:57:00,-0.2880414691445594
2018-07-10 13:00:00,-0.3436466229964026
2018-07-10 13:03:00,-0.27171585616918037
2018-07-10 13:06:00,-0.25065938665835574
2018-07-10 13:09:00,-0.44557697187110534
2018-07-10 13:12:00,-0.4913308279273565
2018-07-10 13:15:00,-0.5337198511136307
2018-07-10 13:18:00,-0.6551188820527045
2018-07-10 13:21:00,-0.42610807207427115
2018-07-10 13:24:00,-0.14235356998426596
2018-07-10 13:27:00,-0.00033867933603914935
2018-07-10 13:30:00,0.09167948946355864
2018-07-10 13:33:00,0.04763055980902209
2018-07-10 13:36:00,0.02883500164745101
2018-07-10 13:39:00,-0.022712628676515578
2018-07-10 13:42:00,-0.32999274917608545
2018-07-10 13:45:00,-0.3103965876539405
2018-07-10 13:48:00,-0.4367352416418271
2018-07-10 13:51:00,-0.4341140871943594
2018-07-10 13:54:00,-0.39522120669704464
2018-07-10 13:57:00,-0.4198571310909074
2018-07-10 14:00:00,-0.3321745332435171
2018-07-10 14:03:00,-0.27178251845032264
2018-07-10 14:06:00,-0.3690228966868858
2018-07-10 14:09:00,-0.22889468961153625
2018-07-10 14:12:00,-0.122594457936259
2018-07-10 14:15:00,-0.080276505848758
2018-07-10 14:18:00,-0.05084515130965883
2018-07-10 14:21:00,-0.022275322251971374
2018-07-10 14:24:00,0.016013813571248647
2018-07-10 14:27:00,-0.09285240266507344
2018-07-10 14:30:00,-0.016101761409061055
2018-07-10 14:33:00,-0.028627762017720215
2018-07-10 14:36:00,-0.05874426909809927
2018-07-10 14:39:00,-0.2075936688588058
2018-07-10 14:42:00,-0.37828499458476017
2018-07-10 14:45:00,-0.42426070063129373
2018-07-10 14:48:00,-0.5534874406325798
2018-07-10 14:51:00,-0.3821429810186032
2018-07-10 14:54:00,-0.19036686695943672
2018-07-10 14:57:00,-0.45903990067336053
2018-07-10 15:00:00,-0.3880918148594219
2018-07-10 15:03:00,-0.45241407655896637
2018-07-10 15:06:00,-0.2293842983294212
2018-07-10 15:09:00,-0.0666111847045272
2018-07-10 15:12:00,-0.15531435040827546
2018-07-10 15:15:00,-0.19652751743996077
2018-07-10 15:18:00,-0.1546042205559388
2018-07-10 15:21:00,-0.17704129304866
2018-07-10 15:24:00,-0.26021576279396186
2018-07-10 15:27:00,-0.35406524656684724
2018-07-10 15:30:00,-0.33551315624521294
2018-07-10 15:33:00,-0.3191097226282409
2018-07-10 15:36:00,-0.357848349697349
2018-07-10 15:39:00,-0.3207191246657999
2018-07-10 15:42:00,-0.3019901121626276
2018-07-10 15:45:00,-0.29385540595973225
2018-07-10 15:48:00,-0.23450039601266326
2018-07-10 15:51:00,-0.3807524005869709
2018-07-10 15:54:00,-0.3056973855041747
2018-07-10 15:57:00,-0.12384337188774452
2018-07-10 16:00:00,-0.2117898091858592
2018-07-10 16:03:00,-0.2751945463195966
2018-07-10 16:06:00,-0.35925785137254707
2018-07-10 16:09:00,-0.39613838820400815
2018-07-10 16:12:00,-0.4036951730135456
2018-07-10 16:15:00,-0.3156304443577369
2018-07-10 16:18:00,-0.3513059889834267
2018-07-10 16:21:00,-0.459532026913962
2018-07-10 16:24:00,-0.4297110405279341
2018-07-10 16:27:00,-0.34257459817092695
2018-07-10 16:30:00,-0.4478276272055268
2018-07-10 16:33:00,-0.31603257868823675
2018-07-10 16:36:00,-0.3000520810955436
2018-07-10 16:39:00,-0.359478747251444
2018-07-10 16:42:00,-0.41930245863659366
2018-07-10 16:45:00,-0.46551112587206944
2018-07-10 16:48:00,-0.4135357185016346
2018-07-10 16:51:00,-0.4142514897772571
2018-07-10 16:54:00,-0.40566153616089196
2018-07-10 16:57:00,-0.4419470997074768
2018-07-10 17:00:00,-0.4555854729720181
2018-07-10 17:03:00,-0.43091255266585904
2018-07-10 17:06:00,-0.4526776845407312
2018-07-10 17:09:00,-0.4378422674445801
2018-07-10 17:12:00,-0.34934451491847085
2018-07-10 17:15:00,-0.39059567191503675
2018-07-10 17:18:00,-0.3867648519510567
2018-07-10 17:21:00,-0.38008520919623834
2018-07-10 17:24:00,-0.2502060676204678
2018-07-10 17:27:00,-0.19151837065891186
2018-07-10 17:30:00,-0.23200104144274292
2018-07-10 17:33:00,-0.32331693654498395
2018-07-10 17:36:00,-0.22893170449958689
2018-07-10 17:39:00,-0.2676625912357622
2018-07-10 17:42:00,-0.28749565511469655
2018-07-10 17:45:00,-0.3247740107672712
2018-07-10 17:48:00,-0.38534687773875476
2018-07-10 17:51:00,-0.2687812479750846
2018-07-10 17:54:00,-0.3211254539266406
2018-07-10 17:57:00,-0.34445438627989233
2018-07-10 18:00:00,-0.3242851538549303
2018-07-10 18:03:00,-0.3851700580265742
2018-07-10 18:06:00,-0.3667869507603996
2018-07-10 18:09:00,-0.3884535547553014
2018-07-10 18:12:00,-0.4498256187027323
2018-07-10 18:15:00,-0.2693294944581339
2018-07-10 18:18:00,-0.36099425200296764
2018-07-10 18:21:00,-0.3009162793175051
2018-07-10 18:24:00,-0.27054261340384755
2018-07-10 18:27:00,-0.3409448289899615
2018-07-10 18:30:00,-0.20482863826720177
2018-07-10 18:33:00,-0.1854969168447269
2018-07-10 18:36:00,-0.26811770584509986
2018-07-10 18:39:00,-0.31674471024092554
2018-07-10 18:42:00,-0.2681518297320622
2018-07-10 18:45:00,-0.3288199758956125
2018-07-10 18:48:00,-0.33639052467191277
2018-07-10 18:51:00,-0.36944085712372043
2018-07-10 18:54:00,
2018-07-10 18:57:00,
2018-07-10 19:00:00,
2018-07-10 19:03:00,-0.22353130564738422
2018-07-10 19:06:00,-0.22977444816973502
2018-07-10 19:09:00,-0.3089062497712689
2018-07-10 19:12:00,-0.27371878267507554
2018-07-10 19:15:00,-0.2852751678701111
2018-07-10 19:18:00,-0.28050957575754865
2018-07-10 19:21:00,-0.30092271199066545
2018-07-10 19:24:00,-0.332038596898542
2018-07-10 19:27:00,-0.29166425815589037
2018-07-10 19:30:00,-0.31746714180246727
2018-07-10 19:33:00,-0.27330049603710904
2018-07-10 19:36:00,-0.34363532543568454
2018-07-10 19:39:00,-0.33224155880657236
2018-07-10 19:42:00,-0.2958491504967924
2018-07-10 19:45:00,-0.3487042607590638
2018-07-10 19:48:00,-0.36967563394625813
2018-07-10 19:51:00,-0.3144977694377076
2018-07-10 19:54:00,-0.2928772307840859
2018-07-10 19:57:00,-0.2602737612840542
2018-07-10 20:00:00,-0.27728019564887063
2018-07-10 20:03:00,-0.2972404346355688
2018-07-10 20:06:00,-0.23204352063618217
2018-07-10 20:09:00,-0.30798833897785016
2018-07-10 20:12:00,-0.22739285851230306
2018-07-10 20:15:00,-0.12646547753490722
2018-07-10 20:18:00,-0.2023698446466824
2018-07-10 20:21:00,-0.3006861421728786
2018-07-10 20:24:00,-0.3194301236609931
2018-07-10 20:27:00,-0.1992714262037225
2018-07-10 20:30:00,-0.23351585830982913
2018-07-10 20:33:00,-0.23960230719512765
2018-07-10 20:36:00,-0.193503389317641
2018-07-10 20:39:00,-0.20317688083900975
2018-07-10 20:42:00,-0.14228991336352692
2018-07-10 20:45:00,-0.09482846008268098
2018-07-10 20:48:00,-0.1413775490305511
2018-07-10 20:51:00,-0.2070462016678789
2018-07-10 20:54:00,-0.1722475003556383
2018-07-10 20:57:00,-0.1614382678721995
2018-07-10 21:00:00,-0.0930574474470518
2018-07-10 21:03:00,-0.17315308158725884
2018-07-10 21:06:00,-0.10552402354534252
2018-07-10 21:09:00,-0.1583763256098223
2018-07-10 21:12:00,-0.10240778440896747
2018-07-10 21:15:00,-0.16618953521168578
2018-07-10 21:18:00,-0.1489306570247777
2018-07-10 21:21:00,-0.10441183158718559
2018-07-10 21:24:00,-0.16703872258091224
2018-07-10 21:27:00,-0.019343209529608885
2018-07-10 21:30:00,-0.10729037980217981
2018-07-10 21:33:00,-0.120481981569867
2018-07-10 21:36:00,-0.10384677113336238
2018-07-10 21:39:00,-0.06188626432322053
2018-07-10 21:42:00,-0.028171322635785145
2018-07-10 21:45:00,-0.061235840601227665
2018-07-10 21:48:00,-0.10098273165857563
2018-07-10 21:51:00,-0.13514425500068228
2018-07-10 21:54:00,-0.02194241777243633
2018-07-10 21:57:00,-0.081799981083293
2018-07-10 22:00:00,-0.06328152601162174
2018-07-10 22:03:00,-0.116561858675027
2018-07-10 22:06:00,-0.10688287458373225
2018-07-10 22:09:00,-0.1764670183202952
2018-07-10 22:12:00,-0.10685895030820802
2018-07-10 22:15:00,-0.16304785717647974
2018-07-10 22:18:00,-0.14593479099812612
2018-07-10 22:21:00,-0.08222077913245585
2018-07-10 22:24:00,-0.12477220138424627
2018-07-10 22:27:00,-0.21765983398523758
2018-07-10 22:30:00,-0.08751458521714994
2018-07-10 22:33:00,-0.18691481387668318
2018-07-10 22:36:00,-0.15700827949535778
2018-07-10 22:39:00,-0.21569361521795827
2018-07-10 22:42:00,-0.167887515907978
2018-07-10 22:45:00,-0.21101632733683573
2018-07-10 22:48:00,-0.12474231373033717
2018-07-10 22:51:00,-0.08945914401118671
2018-07-10 22:54:00,-0.12974975493546026
2018-07-10 22:57:00,-0.2499586989196132
2018-07-10 23:00:00,-0.06275340982921307
2018-07-10 23:03:00,-0.15943188544281384
2018-07-10 23:06:00,-0.11741897932193979
2018-07-10 23:09:00,-0.15977012781081612
2018-07-10 23:12:00,-0.16999941797621432
2018-07-10 23:15:00,-0.14646231994362324
2018-07-10 23:18:00,-0.17611622818412798
2018-07-10 23:21:00,-0.19818705085094734
2018-07-10 23:24:00,-0.11054329457977019
2018-07-10 23:27:00,-0.13914413035985262
2018-07-10 23:30:00,-0.12789941212918166
2018-07-10 23:33:00,-0.15217024103168342
2018-07-10 23:36:00,-0.13198755129661777
2018-07-10 23:39:00,-0.2723233573147468
2018-07-10 23:42:00,-0.09443994981131709
2018-07-10 23:45:00,-0.16077917353686644
2018-07-10 23:48:00,-0.0684195671337875
2018-07-10 23:51:00,-0.24314526871961561
2018-07-10 23:54:00,-0.2715782584692761
2018-07-10 23:57:00,-0.24459549610872955
2018-07-11 00:00:00,-0.12958368193233127
2018-07-11 00:03:00,-0.1605560203987011
2018-07-11 00:06:00,-0.1871106240411109
2018-07-11 00:09:00,-0.22340579740409794
2018-07-11 00:12:00,-0.252302258689042
2018-07-11 00:15:00,-0.2067693560106818
2018-07-11 00:18:00,-0.10361542321248862
2018-07-11 00:21:00,-0.1629339586541505
2018-07-11 00:24:00,-0.14007957125170378
2018-07-11 00:27:00,-0.2683660694946184
2018-07-11 00:30:00,-0.14957622356513411
2018-07-11 00:33:00,-0.21956370355746913
2018-07-11 00:36:00,-0.15360277858258087
2018-07-11 00:39:00,-0.14189471764223072
2018-07-11 00:42:00,-0.09122470248371428
2018-07-11 00:45:00,0.006637623259393877
2018-07-11 00:48:00,-0.1826308923835427
2018-07-11 00:51:00,-0.08022073350934988
2018-07-11 00:54:00,-0.022154761557658276
2018-07-11 00:57:00,-0.016316621130670228
2018-07-11 01:00:00,-0.08141616952252662
2018-07-11 01:03:00,0.03522528074466891
2018-07-11 01:06:00,0.027722932998131
2018-07-11 01:09:00,-0.01611425686911616
2018-07-11 01:12:00,-0.01695166084499533
2018-07-11 01:15:00,-0.041457498517161184
2018-07-11 01:18:00,-0.019496218413337374
2018-07-11 01:21:00,0.04254459127781729
2018-07-11 01:24:00,0.0870525585788755
2018-07-11 01:27:00,0.00283004005609655
2018-07-11 01:30:00,0.021252619712640808
2018-07-11 01:33:00,0.02816200636823396
2018-07-11 01:36:00,0.01884881765283808
2018-07-11 01:39:00,0.022503043529638944
2018-07-11 01:42:00,0.08997410908159509
2018-07-11 01:45:00,0.04811794869522146
2018-07-11 01:48:00,0.0076208417519296745
2018-07-11 01:51:00,0.05750458263304381
2018-07-11 01:54:00,0.057901559725735297
2018-07-11 01:57:00,0.009298021268136836
2018-07-11 02:00:00,0.006898324301005232
2018-07-11 02:03:00,0.004101550031350598
2018-07-11 02:06:00,0.008254107076311357
2018-07-11 02:09:00,-0.009904637289139373
2018-07-11 02:12:00,0.0062556528928894295
2018-07-11 02:15:00,0.025010968939000122
2018-07-11 02:18:00,0.10815305582417523
2018-07-11 02:21:00,0.09605234629088955
2018-07-11 02:24:00,0.11864947422833438
2018-07-11 02:27:00,0.03496150401451814
2018-07-11 02:30:00,0.05964560182871992
2018-07-11 02:33:00,-0.001815175190301943
2018-07-11 02:36:00,-0.0043624947167018036
2018-07-11 02:39:00,0.021946741054193808
2018-07-11 02:42:00,0.0787143355806279
2018-07-11 02:45:00,0.019785686975978933
2018-07-11 02:48:00,0.12534021356094627
2018-07-11 02:51:00,-0.030605795851840867
2018-07-11 02:54:00,0.09740651726900751
2018-07-11 02:57:00,0.0008464589110417364
2018-07-11 03:00:00,0.04528897407163868
2018-07-11 03:03:00,0.034951364232654214
2018-07-11 03:06:00,-0.09776709715737297
2018-07-11 03:09:00,-0.008637872291217263
2018-07-11 03:12:00,0.0312291793006807
2018-07-11 03:15:00,0.058980990853626736
2018-07-11 03:18:00,0.016117172087831477
2018-07-11 03:21:00,0.008498020268973505
2018-07-11 03:24:00,0.040626749942930473
2018-07-11 03:27:00,0.08466178031937943
2018-07-11 03:30:00,0.05117602180166614
2018-07-11 03:33:00,0.03442082418774817
2018-07-11 03:36:00,0.13020383329643437
2018-07-11 03:39:00,0.11500535747507001
2018-07-11 03:42:00,0.03143663767394855
2018-07-11 03:45:00,0.10501923539959535
2018-07-11 03:48:00,0.06491518613012204
2018-07-11 03:51:00,0.08629211953882532
2018-07-11 03:54:00,0.03468986644145389
2018-07-11 03:57:00,0.013083486004745737
2018-07-11 04:00:00,0.08392652349385799
2018-07-11 04:03:00,0.19752012195630186
2018-07-11 04:06:00,0.0829618107898682
2018-07-11 04:09:00,0.09333836097226822
2018-07-11 04:12:00,0.1161871854442893
2018-07-11 04:15:00,0.0726143707790925
2018-07-11 04:18:00,0.08084305326036656
2018-07-11 04:21:00,0.14636257454094448
2018-07-11 04:24:00,0.1764415597561424
2018-07-11 04:27:00,0.1167784786048287
2018-07-11 04:30:00,0.14216626607230864
2018-07-11 04:33:00,0.10994171811137221
2018-07-11 04:36:00,0.11442527050735407
2018-07-11 04:39:00,0.17032103153644584
2018-07-11 04:42:00,0.058366292645246176
2018-07-11 04:45:00,0.10632011583481926
2018-07-11 04:48:00,0.2427214849169559
2018-07-11 04:51:00,0.21671686799930967
2018-07-11 04:54:00,0.18458578665911318
2018-07-11 04:57:00,0.23557928058534117
2018-07-11 05:00:00,0.20822354841618562
2018-07-11 05:03:00,0.14519836002665443
2018-07-11 05:06:00,0.1800329453270706
2018-07-11 05:09:00,0.27018391739738945
2018-07-11 05:12:00,0.23346179075525697
2018-07-11 05:15:00,0.283343726770795
2018-07-11 05:18:00,0.26145033663698314
2018-07-11 05:21:00,0.21012591470878306
2018-07-11 05:24:00,0.1728194519219528
2018-07-11 05:27:00,0.26615434571920105
2018-07-11 05:30:00,0.31706458690121053
2018-07-11 05:33:00,0.264138096821398
2018-07-11 05:36:00,0.097352802156081
2018-07-11 05:39:00,0.14638106766631154
2018-07-11 05:42:00,0.18844392939803356
2018-07-11 05:45:00,0.18359019822077016
2018-07-11 05:48:00,0.17451894905047993
2018-07-11 05:51:00,0.1623083672343455
2018-07-11 05:54:00,0.10374403653526088
2018-07-11 05:57:00,0.10364378600917235
2018-07-11 06:00:00,-0.011789592451179942
2018-07-11 06:03:00,0.015791779959329233
2018-07-11 06:06:00,0.07985329762749416
2018-07-11 06:09:00,0.1197410308653275
2018-07-11 06:12:00,0.13109859611466845
2018-07-11 06:15:00,0.09433474883974213
2018-07-11 06:18:00,0.06819628808938205
2018-07-11 06:21:00,0.20708233543257393
2018-07-11 06:24:00,0.16763630629623094
2018-07-11 06:27:00,0.1935172917261525
2018-07-11 06:30:00,0.14988567345159254
2018-07-11 06:33:00,0.22251140452459595
2018-07-11 06:36:00,0.21853149773096447
2018-07-11 06:39:00,0.2361449516233165
2018-07-11 06:42:00,0.28158397287165826
2018-07-11 06:45:00,0.3010203959441924
2018-07-11 06:48:00,0.23746960476057666
2018-07-11 06:51:00,0.2899439302312885
2018-07-11 06:54:00,0.2216092637950169
2018-07-11 06:57:00,0.2813197990049616
2018-07-11 07:00:00,0.2108712585522312
2018-07-11 07:03:00,0.1964200633673272
2018-07-11 07:06:00,0.09749158225139354
2018-07-11 07:09:00,0.16960779425511419
2018-07-11 07:12:00,0.21942390077009577
2018-07-11 07:15:00,0.1117821078693737
2018-07-11 07:18:00,0.1717539012794873
2018-07-11 07:21:00,0.17636089309746694
2018-07-11 07:24:00,0.18450318870173987
2018-07-11 07:27:00,0.17556806038703598
2018-07-11 07:30:00,0.23601590331639954
2018-07-11 07:33:00,0.22301641026564312
2018-07-11 07:36:00,0.18791081818130806
2018-07-11 07:39:00,0.23827649719004285
2018-07-11 07:42:00,0.10421334830289197
2018-07-11 07:45:00,0.2554050662028544
2018-07-11 07:48:00,0.2263343753895697
2018-07-11 07:51:00,0.25841924717593656
2018-07-11 07:54:00,0.31410958541863465
2018-07-11 07:57:00,0.35006346164385604
2018-07-11 08:00:00,0.22362253555297684
2018-07-11 08:03:00,0.18961004982583063
2018-07-11 08:06:00,0.24555901150904447
2018-07-11 08:09:00,0.21420696291289687
2018-07-11 08:12:00,0.2945755628320512
2018-07-11 08:15:00,0.1989047671771118
2018-07-11 08:18:00,0.178492270543245
2018-07-11 08:21:00,0.2311964086795797
2018-07-11 08:24:00,0.19407869053685545
2018-07-11 08:27:00,0.16586934900328743
2018-07-11 08:30:00,0.15144252650532053
2018-07-11 08:33:00,0.16670831723348556
2018-07-11 08:36:00,0.15478522918800763
2018-07-11 08:39:00,0.10066720524201855
2018-07-11 08:42:00,0.10057329059782205
2018-07-11 08:45:00,0.0853877845174793
2018-07-11 08:48:00,0.1365270072017779
2018-07-11 08:51:00,0.09197085461596544
2018-07-11 08:54:00,0.1004998967694064
2018-07-11 08:57:00,0.06734993428074176
2018-07-11 09:00:00,0.04409140110419685
2018-07-11 09:03:00,0.039871102863628494
2018-07-11 09:06:00,0.029039749623052558
2018-07-11 09:09:00,0.07272216883745841
2018-07-11 09:12:00,-0.041726668351884655
2018-07-11 09:15:00,0.03258845466461935
2018-07-11 09:18:00,0.02525593543634841
2018-07-11 09:21:00,0.060318690963242716
2018-07-11 09:24:00,0.061079466680553196
2018-07-11 09:27:00,-0.014830727399612442
2018-07-11 09:30:00,-0.03549682314286429
2018-07-11 09:33:00,-0.1347591615987085
2018-07-11 09:36:00,-0.02770659056096747
2018-07-11 09:39:00,0.03014749451745047
2018-07-11 09:42:00,-0.04267068617446057
2018-07-11 09:45:00,-0.052738889831005054
2018-07-11 09:48:00,-0.06422389256857741
2018-07-11 09:51:00,-0.08533318836822446
2018-07-11 09:54:00,-0.04232726822999666
2018-07-11 09:57:00,-0.17302048740594955
2018-07-11 10:00:00,-0.13834440683854154
2018-07-11 10:03:00,-0.1550201306680492
2018-07-11 10:06:00,-0.19614815946761155
2018-07-11 10:09:00,-0.22209910680834355
2018-07-11 10:12:00,-0.2067175871009681
2018-07-11 10:15:00,-0.18374881969361923
2018-07-11 10:18:00,-0.1507226637499457
2018-07-11 10:21:00,-0.1638643986437387
2018-07-11 10:24:00,-0.21359039851023454
2018-07-11 10:27:00,-0.22459974104970115
2018-07-11 10:30:00,-0.28834624812088805
2018-07-11 10:33:00,-0.3566580956287453
2018-07-11 10:36:00,-0.33133837576411906
2018-07-11 10:39:00,-0.36318400498515757
2018-07-11 10:42:00,-0.31788717325434845
2018-07-11 10:45:00,-0.38911978658637736
2018-07-11 10:48:00,-0.375083201346456
2018-07-11 10:51:00,-0.3285290847619535
2018-07-11 10:54:00,-0.2649647693179418
2018-07-11 10:57:00,-0.39205527688943675
2018-07-11 11:00:00,-0.17785636898787516
2018-07-11 11:03:00,-0.31936325546502076
2018-07-11 11:06:00,-0.35806702165052684
2018-07-11 11:09:00,-0.38727653427343967
2018-07-11 11:12:00,-0.35522485628712275
2018-07-11 11:15:00,-0.48191922283348276
2018-07-11 11:18:00,-0.40754235699620267
2018-07-11 11:21:00,-0.45463746928766113
2018-07-11 11:24:00,-0.42959377075317207
2018-07-11 11:27:00,-0.2195788377771919
2018-07-11 11:30:00,-0.31727480718103607
2018-07-11 11:33:00,-0.4561268661571489
2018-07-11 11:36:00,-0.4376704935011162
2018-07-11 11:39:00,-0.4280144695948138
2018-07-11 11:42:00,-0.4490590589007297
2018-07-11 11:45:00,-0.4623521016184782
2018-07-11 11:48:00,-0.488197626944725
2018-07-11 11:51:00,-0.4932632451415202
2018-07-11 11:54:00,-0.5057372410408334
2018-07-11 11:57:00,-0.5526814079404403
2018-07-11 12:00:00,-0.6039634661400441
2018-07-11 12:03:00,-0.5479341487796319
2018-07-11 12:06:00,-0.6232238226114646
2018-07-11 12:09:00,-0.5159934479542017
2018-07-11 12:12:00,-0.4520221501987294
2018-07-11 12:15:00,-0.3678266450285719
2018-07-11 12:18:00,-0.4516105838552562
2018-07-11 12:21:00,-0.5545398865166931
2018-07-11 12:24:00,-0.5139404412720978
2018-07-11 12:27:00,-0.45605513198182734
2018-07-11 12:30:00,-0.5272231126778024
2018-07-11 12:33:00,-0.5249923429999512
2018-07-11 12:36:00,-0.5769110912783049
2018-07-11 12:39:00,-0.4384067476074165
2018-07-11 12:42:00,-0.507162282357001
2018-07-11 12:45:00,-0.5402410576290322
2018-07-11 12:48:00,-0.56012550616407
2018-07-11 12:51:00,-0.5013914885000759
2018-07-11 12:54:00,-0.5038955148514788
2018-07-11 12:57:00,-0.5248560497905714
2018-07-11 13:00:00,-0.5707673114255272
2018-07-11 13:03:00,-0.5681187473702494
2018-07-11 13:06:00,-0.6422107898607123
2018-07-11 13:09:00,-0.5129916084055139
2018-07-11 13:12:00,-0.635508104327414
2018-07-11 13:15:00,-0.5876465747547854
2018-07-11 13:18:00,-0.5334950823983036
2018-07-11 13:21:00,-0.5907726689945889
2018-07-11 13:24:00,-0.5664805094231724
2018-07-11 13:27:00,-0.635127710163033
2018-07-11 13:30:00,-0.6199783941719943
2018-07-11 13:33:00,-0.546765990847689
2018-07-11 13:36:00,-0.5485280688005787
2018-07-11 13:39:00,-0.6832187903796694
2018-07-11 13:42:00,-0.5529115772102955
2018-07-11 13:45:00,-0.5407233584298297
2018-07-11 13:48:00,-0.4479624425551947
2018-07-11 13:51:00,-0.587163245710201
2018-07-11 13:54:00,-0.6287933596528319
2018-07-11 13:57:00,-0.6394739014855872
2018-07-11 14:00:00,-0.56940321536581
2018-07-11 14:03:00,-0.5597415809234008
2018-07-11 14:06:00,-0.5719047255571468
2018-07-11 14:09:00,-0.5794560208555026
2018-07-11 14:12:00,-0.6380845696406254
2018-07-11 14:15:00,-0.6515606517777428
2018-07-11 14:18:00,-0.5569568539011698
2018-07-11 14:21:00,-0.5741327050731684
2018-07-11 14:24:00,-0.5471740115000898
2018-07-11 14:27:00,-0.5963783352609084
2018-07-11 14:30:00,-0.5563517667357019
2018-07-11 14:33:00,-0.5496316258829097
2018-07-11 14:36:00,-0.611298203614524
2018-07-11 14:39:00,-0.5887834457016652
2018-07-11 14:42:00,-0.6521043370824486
2018-07-11 14:45:00,-0.6263534376558368
2018-07-11 14:48:00,-0.6523241354771017
2018-07-11 14:51:00,-0.6596486919338531
2018-07-11 14:54:00,-0.6204772580317695
2018-07-11 14:57:00,-0.6208620975914414
2018-07-11 15:00:00,-0.566205727190777
2018-07-11 15:03:00,-0.6243252198610776
2018-07-11 15:06:00,-0.5327463224571716
2018-07-11 15:09:00,-0.6055310743097948
2018-07-11 15:12:00,-0.5199349276614385
2018-07-11 15:15:00,-0.521567551862347
2018-07-11 15:18:00,-0.5046049400298784
2018-07-11 15:21:00,-0.5540342560012732
2018-07-11 15:24:00,-0.6549534468289266
2018-07-11 15:27:00,-0.5794396388466225
2018-07-11 15:30:00,-0.6125163556852158
2018-07-11 15:33:00,-0.5695718771139013
2018-07-11 15:36:00,-0.5278086051811783
2018-07-11 15:39:00,-0.6024921245540895
2018-07-11 15:42:00,-0.6296151309177276
2018-07-11 15:45:00,-0.6414362764244288
2018-07-11 15:48:00,-0.5713301257218291
2018-07-11 15:51:00,-0.5168862473053082
2018-07-11 15:54:00,-0.5710539326942126
2018-07-11 15:57:00,-0.516281279107659
2018-07-11 16:00:00,-0.5281733891994236
2018-07-11 16:03:00,-0.5354301578755098
2018-07-11 16:06:00,-0.572495349739313
2018-07-11 16:09:00,-0.5894870815339459
2018-07-11 16:12:00,-0.609950330355332
2018-07-11 16:15:00,-0.6155426749506887
2018-07-11 16:18:00,-0.5316973656447885
2018-07-11 16:21:00,-0.5275205092738702
2018-07-11 16:24:00,-0.6033213308134009
2018-07-11 16:27:00,-0.5373957387889732
2018-07-11 16:30:00,-0.6202017973588454
2018-07-11 16:33:00,-0.5843389286004594
2018-07-11 16:36:00,-0.5966372961315187
2018-07-11 16:39:00,-0.574155601530606
2018-07-11 16:42:00,-0.555700712148564
2018-07-11 16:45:00,-0.5315951228909057
2018-07-11 16:48:00,-0.4766654737480849
2018-07-11 16:51:00,-0.5306890336029824
2018-07-11 16:54:00,-0.5022252143072024
2018-07-11 16:57:00,-0.5453978181510593
2018-07-11 17:00:00,-0.5276404765588154
2018-07-11 17:03:00,-0.5790905456594828
2018-07-11 17:06:00,-0.5681401367361332
2018-07-11 17:09:00,-0.5489450984425162
2018-07-11 17:12:00,-0.5292261353348522
2018-07-11 17:15:00,-0.4995898339893188
2018-07-11 17:18:00,-0.4698124260841041
2018-07-11 17:21:00,-0.5452241773924129
2018-07-11 17:24:00,-0.553858056486888
2018-07-11 17:27:00,-0.5493385653534233
2018-07-11 17:30:00,-0.5518016919409092
2018-07-11 17:33:00,-0.5482248528403488
2018-07-11 17:36:00,-0.5114179358852198
2018-07-11 17:39:00,-0.5299546567692914
2018-07-11 17:42:00,-0.47747201830213726
2018-07-11 17:45:00,-0.53088891548947
2018-07-11 17:48:00,-0.5596635885195269
2018-07-11 17:51:00,-0.5188997457167943
2018-07-11 17:54:00,-0.5926806305938044
2018-07-11 17:57:00,-0.5400874142271164
2018-07-11 18:00:00,-0.44700413882048906
2018-07-11 18:03:00,-0.4626461387936729
2018-07-11 18:06:00,-0.46088315049297535
2018-07-11 18:09:00,-0.4120125196628237
2018-07-11 18:12:00,-0.3843835359321588
2018-07-11 18:15:00,-0.4370882217231724
2018-07-11 18:18:00,-0.43615472010930034
2018-07-11 18:21:00,-0.36482650193494237
2018-07-11 18:24:00,-0.36457064512632087
2018-07-11 18:27:00,-0.3281240828415548
2018-07-11 18:30:00,-0.28581949353002756
2018-07-11 18:33:00,-0.28586844164641434
2018-07-11 18:36:00,-0.3000622789800218
2018-07-11 18:39:00,-0.1931688761598025
2018-07-11 18:42:00,-0.1977077638530318
2018-07-11 18:45:00,-0.2094463102644113
2018-07-11 18:48:00,-0.1803930403120262
2018-07-11 18:51:00,-0.190650427142657
2018-07-11 18:54:00,
2018-07-11 18:57:00,
2018-07-11 19:00:00,
2018-07-11 19:03:00,-0.25864168037151103
2018-07-11 19:06:00,-0.3157167839773365
2018-07-11 19:09:00,-0.24795000264674627
2018-07-11 19:12:00,-0.2140033280424518
2018-07-11 19:15:00,-0.2517578190939389
2018-07-11 19:18:00,-0.16454469052820286
2018-07-11 19:21:00,-0.14960294889584702
2018-07-11 19:24:00,-0.04645193569189132
2018-07-11 19:27:00,-0.1832656274735882
2018-07-11 19:30:00,-0.11857089689675604
2018-07-11 19:33:00,-0.17346487329547244
2018-07-11 19:36:00,-0.16338512313797082
2018-07-11 19:39:00,-0.06043105553288797
2018-07-11 19:42:00,-0.08236228887932384
2018-07-11 19:45:00,-0.16766980757142846
2018-07-11 19:48:00,-0.06392866247682605
2018-07-11 19:51:00,-0.14318889569074145
2018-07-11 19:54:00,-0.0376249084699225
2018-07-11 19:57:00,-0.08134006883619804
2018-07-11 20:00:00,0.003646980135386002
2018-07-11 20:03:00,-0.026746564893358027
2018-07-11 20:06:00,-0.017104100290850965
2018-07-11 20:09:00,-0.050736245807286195
2018-07-11 20:12:00,0.009342966778774553
2018-07-11 20:15:00,-0.09827883220037847
2018-07-11 20:18:00,-0.025096498272318968
2018-07-11 20:21:00,0.016936102159945676
2018-07-11 20:24:00,0.0029653617142457733
2018-07-11 20:27:00,0.01562851297819634
2018-07-11 20:30:00,-0.013558180432937661
2018-07-11 20:33:00,-0.03543627773365188
2018-07-11 20:36:00,-0.02599583390343696
2018-07-11 20:39:00,-0.11629866728907245
2018-07-11 20:42:00,-0.07154211117381237
2018-07-11 20:45:00,-0.07764899555132843
2018-07-11 20:48:00,-0.06287117627761063
2018-07-11 20:51:00,-0.1357850223627679
2018-07-11 20:54:00,-0.0369424965895746
2018-07-11 20:57:00,-0.09844932060218525
2018-07-11 21:00:00,-0.02561563380993448
2018-07-11 21:03:00,-0.0387781252267132
2018-07-11 21:06:00,-0.139272696499404
2018-07-11 21:09:00,-0.026248981196602017
2018-07-11 21:12:00,-0.08640135575637942
2018-07-11 21:15:00,-0.04629133826216503
2018-07-11 21:18:00,0.05909713040631459
2018-07-11 21:21:00,0.06543090903539905
2018-07-11 21:24:00,0.07017164976906543
2018-07-11 21:27:00,0.060460315192869984
2018-07-11 21:30:00,0.032828070534321796
2018-07-11 21:33:00,-0.016405656188624107
2018-07-11 21:36:00,-0.031020582589576406
2018-07-11 21:39:00,0.05993953064933066
2018-07-11 21:42:00,0.025472778468213164
2018-07-11 21:45:00,-0.05252835055586047
2018-07-11 21:48:00,0.1246071579710133
2018-07-11 21:51:00,-0.03198345590271856
2018-07-11 21:54:00,-0.006840669135272037
2018-07-11 21:57:00,0.048156522189572115
2018-07-11 22:00:00,-0.030113100350604327
2018-07-11 22:03:00,-0.006670494298930407
2018-07-11 22:06:00,0.04203413059332206
2018-07-11 22:09:00,0.1212512136006012
2018-07-11 22:12:00,0.08775453559320567
2018-07-11 22:15:00,-0.005068715830702786
2018-07-11 22:18:00,-0.07381358242616898
2018-07-11 22:21:00,-0.04314856880370144
2018-07-11 22:24:00,-0.04495048263078161
2018-07-11 22:27:00,0.006978021525867462
2018-07-11 22:30:00,-0.07533761055304922
2018-07-11 22:33:00,0.051676641478024976
2018-07-11 22:36:00,-0.016336776522848595
2018-07-11 22:39:00,0.028822971787292317
2018-07-11 22:42:00,-0.04981647115914711
2018-07-11 22:45:00,-0.00457355530318182
2018-07-11 22:48:00,-0.04903524208617682
2018-07-11 22:51:00,0.09642029992880907
2018-07-11 22:54:00,0.021344926061772185
2018-07-11 22:57:00,-0.047175042557739744
2018-07-11 23:00:00,-0.05779265199686279
2018-07-11 23:03:00,-0.09631985073224314
2018-07-11 23:06:00,-0.038748527956499856
2018-07-11 23:09:00,-0.04547110058655335
2018-07-11 23:12:00,-0.1158985016634233
2018-07-11 23:15:00,-0.05410395955556169
2018-07-11 23:18:00,-0.05044246767329241
2018-07-11 23:21:00,-0.038432057744387293
2018-07-11 23:24:00,-0.07832669625872768
2018-07-11 23:27:00,-0.0017000352940499397
2018-07-11 23:30:00,-0.05667413510565211
2018-07-11 23:33:00,0.0086728835632357
2018-07-11 23:36:00,0.03482389136758002
2018-07-11 23:39:00,-0.09600589564746542
2018-07-11 23:42:00,-0.04796304704882459
2018-07-11 23:45:00,-0.045792391635302465
2018-07-11 23:48:00,0.03968618469434659
2018-07-11 23:51:00,0.01899580504465348
2018-07-11 23:54:00,0.07337147352313877
2018-07-11 23:57:00,0.04238242744628451
2018-07-12 00:00:00,-0.025284895856827916
2018-07-12 00:03:00,0.022175288759910927
2018-07-12 00:06:00,-0.01257989470747134
2018-07-12 00:09:00,0.029741428702379835
2018-07-12 00:12:00,0.13101291571570073
2018-07-12 00:15:00,0.18944659181676116
2018-07-12 00:18:00,0.1923694606018671
2018-07-12 00:21:00,0.14341028267546108
2018-07-12 00:24:00,0.15351280955951552
2018-07-12 00:27:00,0.09183927894594035
2018-07-12 00:30:00,0.22397452628308656
2018-07-12 00:33:00,0.24342668444216997
2018-07-12 00:36:00,0.24379411189931943
2018-07-12 00:39:00,0.2546884139462122
2018-07-12 00:42:00,0.3087816833088368
2018-07-12 00:45:00,0.2976332220203517
2018-07-12 00:48:00,0.3093831562136984
2018-07-12 00:51:00,0.307283780545788
2018-07-12 00:54:00,0.1749285089859427
2018-07-12 00:57:00,0.15084524224829465
2018-07-12 01:00:00,0.13711526867467683
2018-07-12 01:03:00,0.051751646028890264
2018-07-12 01:06:00,0.14546487198219893
2018-07-12 01:09:00,0.12730566993900538
2018-07-12 01:12:00,0.08935850086652408
2018-07-12 01:15:00,0.08546178446511021
2018-07-12 01:18:00,0.14234537312529483
2018-07-12 01:21:00,0.008269162472970493
2018-07-12 01:24:00,0.026683242916703875
2018-07-12 01:27:00,0.004125601379996624
2018-07-12 01:30:00,0.011815665990752677
2018-07-12 01:33:00,0.07504453160692037
2018-07-12 01:36:00,0.08360263635819365
2018-07-12 01:39:00,0.12887504684914575
2018-07-12 01:42:00,0.09946425532768899
2018-07-12 01:45:00,0.15749721511366488
2018-07-12 01:48:00,0.05821502029397152
2018-07-12 01:51:00,0.1277795250934446
2018-07-12 01:54:00,0.09970022438471915
2018-07-12 01:57:00,0.09905209909840096
2018-07-12 02:00:00,0.13232138731478926
2018-07-12 02:03:00,0.09014866850412773
2018-07-12 02:06:00,0.057101334097978906
2018-07-12 02:09:00,0.1830573979818837
2018-07-12 02:12:00,0.10825291161302175
2018-07-12 02:15:00,0.11394404096745347
2018-07-12 02:18:00,0.09918288415491361
2018-07-12 02:21:00,0.12418464557765674
2018-07-12 02:24:00,0.1916303885593038
2018-07-12 02:27:00,0.11890815046905345
2018-07-12 02:30:00,0.14305969932087237
2018-07-12 02:33:00,0.14515117897661867
2018-07-12 02:36:00,0.12018841273498992
2018-07-12 02:39:00,0.18853708924422108
2018-07-12 02:42:00,0.1741465157255675
2018-07-12 02:45:00,0.18455312253718148
2018-07-12 02:48:00,0.21645437275299173
2018-07-12 02:51:00,0.10950193960957222
2018-07-12 02:54:00,0.2320170862990949
2018-07-12 02:57:00,0.22568149946681615
2018-07-12 03:00:00,0.12327831090749442
2018-07-12 03:03:00,0.14709788522793588
2018-07-12 03:06:00,0.17604425036529392
2018-07-12 03:09:00,0.26139594627045426
2018-07-12 03:12:00,0.17040572589866088
2018-07-12 03:15:00,0.16937352295815344
2018-07-12 03:18:00,0.16531965472114507
2018-07-12 03:21:00,0.156915270532636
2018-07-12 03:24:00,0.19062003317242215
2018-07-12 03:27:00,0.08578180347723219
2018-07-12 03:30:00,0.030413745691646454
2018-07-12 03:33:00,0.1636336258966935
2018-07-12 03:36:00,0.1329174378769835
2018-07-12 03:39:00,0.15509597478484238
2018-07-12 03:42:00,0.1122755818212795
2018-07-12 03:45:00,0.18863807266137655
2018-07-12 03:48:00,0.24680164694876794
2018-07-12 03:51:00,0.22802354295532723
2018-07-12 03:54:00,0.25544932018260624
2018-07-12 03:57:00,0.1327825490648138
2018-07-12 04:00:00,0.22221475393291712
2018-07-12 04:03:00,0.24418639795430863
2018-07-12 04:06:00,0.22887322262181442
2018-07-12 04:09:00,0.2870979627039105
2018-07-12 04:12:00,0.26492195504278016
2018-07-12 04:15:00,0.2803384404176086
2018-07-12 04:18:00,0.23327204750563624
2018-07-12 04:21:00,0.15133372537587775
2018-07-12 04:24:00,0.1926616715566638
2018-07-12 04:27:00,0.1460326748313605
2018-07-12 04:30:00,0.11560002730459473
2018-07-12 04:33:00,0.15411591520421553
2018-07-12 04:36:00,0.15329233798513542
2018-07-12 04:39:00,0.19335209289857858
2018-07-12 04:42:00,0.2257290257472846
2018-07-12 04:45:00,0.29855902461451933
2018-07-12 04:48:00,0.2423074346595513
2018-07-12 04:51:00,0.19585162017079938
2018-07-12 04:54:00,0.21877887835427146
2018-07-12 04:57:00,0.23686314804723452
2018-07-12 05:00:00,0.2293680023413458
2018-07-12 05:03:00,0.21068772020009874
2018-07-12 05:06:00,0.19069781703962008
2018-07-12 05:09:00,0.27689485906461186
2018-07-12 05:12:00,0.18811925964206466
2018-07-12 05:15:00,0.21027795848129927
2018-07-12 05:18:00,0.2615519817941845
2018-07-12 05:21:00,0.13187709908834222
2018-07-12 05:24:00,0.16798457747626117
2018-07-12 05:27:00,0.22585115840729486
2018-07-12 05:30:00,0.09180468652141371
2018-07-12 05:33:00,0.19374469422444918
2018-07-12 05:36:00,0.1052742844722161
2018-07-12 05:39:00,0.10517369045197711
2018-07-12 05:42:00,0.1536713231739668
2018-07-12 05:45:00,0.12180485905355454
2018-07-12 05:48:00,0.14770376625551762
2018-07-12 05:51:00,0.18489818468549402
2018-07-12 05:54:00,0.11768686809790552
2018-07-12 05:57:00,0.11190196548210452
2018-07-12 06:00:00,0.15169296026073198
2018-07-12 06:03:00,0.16375572292690777
2018-07-12 06:06:00,9.013411772684776e-05
2018-07-12 06:09:00,0.1963171557073906
2018-07-12 06:12:00,0.06186127223310223
2018-07-12 06:15:00,0.14167438264456678
2018-07-12 06:18:00,0.16147050526365092
2018-07-12 06:21:00,0.14830053267678522
2018-07-12 06:24:00,0.22886738458373657
2018-07-12 06:27:00,0.20622812909732602
2018-07-12 06:30:00,0.18605038533956986
2018-07-12 06:33:00,0.25555941498765833
2018-07-12 06:36:00,0.25777967376069455
2018-07-12 06:39:00,0.22296990869881483
2018-07-12 06:42:00,0.24277912953749592
2018-07-12 06:45:00,0.0816033422398732
2018-07-12 06:48:00,0.10765319474228363
2018-07-12 06:51:00,0.05280610915286843
2018-07-12 06:54:00,0.1443645569647174
2018-07-12 06:57:00,0.07601828673750788
2018-07-12 07:00:00,0.18137160161762722
2018-07-12 07:03:00,0.09370398251803636
2018-07-12 07:06:00,0.09677279433356034
2018-07-12 07:09:00,0.11837575969076397
2018-07-12 07:12:00,0.01202927919166541
2018-07-12 07:15:00,0.03645535264223554
2018-07-12 07:18:00,0.04137634356675335
2018-07-12 07:21:00,-0.018905284514858067
2018-07-12 07:24:00,0.05069052320169476
2018-07-12 07:27:00,-0.04577917923745645
2018-07-12 07:30:00,0.09324075683599631
2018-07-12 07:33:00,0.06994590394469924
2018-07-12 07:36:00,0.034469536792983035
2018-07-12 07:39:00,0.010674081000559
2018-07-12 07:42:00,0.08666313094357747
2018-07-12 07:45:00,0.02532364148561328
2018-07-12 07:48:00,0.055411252972760394
2018-07-12 07:51:00,0.0121148180593309
2018-07-12 07:54:00,0.14073726590874003
2018-07-12 07:57:00,0.019230447189670485
2018-07-12 08:00:00,0.041574843971943665
2018-07-12 08:03:00,0.06481206871126233
2018-07-12 08:06:00,0.011895168063517758
2018-07-12 08:09:00,0.1691988716600008
2018-07-12 08:12:00,0.06542534561873481
2018-07-12 08:15:00,0.06317684032029547
2018-07-12 08:18:00,0.06113004346678963
2018-07-12 08:21:00,0.021516882459025055
2018-07-12 08:24:00,0.04182670818943279
2018-07-12 08:27:00,0.05467652112571386
2018-07-12 08:30:00,-0.02420810956425612
2018-07-12 08:33:00,0.03198455867550365
2018-07-12 08:36:00,0.011957450769614297
2018-07-12 08:39:00,-0.010110267534514605
2018-07-12 08:42:00,0.02994836507173204
2018-07-12 08:45:00,0.011776123704862584
2018-07-12 08:48:00,-0.04398348035226718
2018-07-12 08:51:00,-0.12919333868740068
2018-07-12 08:54:00,-0.1185340572664586
2018-07-12 08:57:00,-0.060519400023565595
2018-07-12 09:00:00,-0.04870029425779876
2018-07-12 09:03:00,-0.15801350864529695
2018-07-12 09:06:00,-0.0714558980615152
2018-07-12 09:09:00,-0.11968560282014096
2018-07-12 09:12:00,-0.13501357264806302
2018-07-12 09:15:00,0.008381767302353182
2018-07-12 09:18:00,-0.12060766825106839
2018-07-12 09:21:00,-0.22450266773296335
2018-07-12 09:24:00,-0.16698097577062754
2018-07-12 09:27:00,-0.12240602757077568
2018-07-12 09:30:00,-0.1526572121805998
2018-07-12 09:33:00,-0.21041559616969607
2018-07-12 09:36:00,-0.19870777173485976
2018-07-12 09:39:00,-0.17930830786366414
2018-07-12 09:42:00,-0.22867520034299105
2018-07-12 09:45:00,-0.27258883652939403
2018-07-12 09:48:00,-0.3228297695723654
2018-07-12 09:51:00,-0.2119959577982513
2018-07-12 09:54:00,-0.2824514684664905
2018-07-12 09:57:00,-0.28139513677751893
2018-07-12 10:00:00,-0.24168144689042492
2018-07-12 10:03:00,-0.2658990172070048
2018-07-12 10:06:00,-0.24413691377702662
2018-07-12 10:09:00,-0.3039818773088996
2018-07-12 10:12:00,-0.34591807974931044
2018-07-12 10:15:00,-0.2564314973388946
2018-07-12 10:18:00,-0.32724786517235316
2018-07-12 10:21:00,-0.34166459627840595
2018-07-12 10:24:00,-0.29646779948637914
2018-07-12 10:27:00,-0.3388686365068452
2018-07-12 10:30:00,-0.28774575414632864
2018-07-12 10:33:00,-0.2616953231249681
2018-07-12 10:36:00,-0.22586796127205844
2018-07-12 10:39:00,-0.30217590681320416
2018-07-12 10:42:00,-0.4266550821625401
2018-07-12 10:45:00,-0.3822478964165157
2018-07-12 10:48:00,-0.4357998867828883
2018-07-12 10:51:00,-0.41769467526296467
2018-07-12 10:54:00,-0.3459248665983523
2018-07-12 10:57:00,-0.407910919373478
2018-07-12 11:00:00,-0.34761814103893585
2018-07-12 11:03:00,-0.4672342645350227
2018-07-12 11:06:00,-0.2966811379737351
2018-07-12 11:09:00,-0.4101728334049426
2018-07-12 11:12:00,-0.36351508669002897
2018-07-12 11:15:00,-0.34782169141709574
2018-07-12 11:18:00,-0.40503386075994285
2018-07-12 11:21:00,-0.4278341631369358
2018-07-12 11:24:00,-0.4171001059407331
2018-07-12 11:27:00,-0.2932973478267513
2018-07-12 11:30:00,-0.4793423454465824
2018-07-12 11:33:00,-0.44691790500036177
2018-07-12 11:36:00,-0.40634581397983993
2018-07-12 11:39:00,-0.4493277318287596
2018-07-12 11:42:00,-0.34940807687507913
2018-07-12 11:45:00,-0.3676587638786941
2018-07-12 11:48:00,-0.3730168242496461
2018-07-12 11:51:00,-0.3974410631846581
2018-07-12 11:54:00,-0.5058951294221288
2018-07-12 11:57:00,-0.38656444945661406
2018-07-12 12:00:00,-0.3660619324669483
2018-07-12 12:03:00,-0.43128787931971146
2018-07-12 12:06:00,-0.41573780609763844
2018-07-12 12:09:00,-0.46911448479761475
2018-07-12 12:12:00,-0.42746975041779933
2018-07-12 12:15:00,-0.511096624847994
2018-07-12 12:18:00,-0.514463603060733
2018-07-12 12:21:00,-0.40595891001601103
2018-07-12 12:24:00,-0.38657978065799625
2018-07-12 12:27:00,-0.4654839067369494
2018-07-12 12:30:00,-0.4518339418790447
2018-07-12 12:33:00,-0.434354419341048
2018-07-12 12:36:00,-0.4359430900457255
2018-07-12 12:39:00,-0.48409024207586526
2018-07-12 12:42:00,-0.49900017407139785
2018-07-12 12:45:00,-0.48573438575800765
2018-07-12 12:48:00,-0.47038194079425466
2018-07-12 12:51:00,-0.4888787051722261
2018-07-12 12:54:00,-0.48080946765691124
2018-07-12 12:57:00,-0.31495892832396066
2018-07-12 13:00:00,-0.5391291288603384
2018-07-12 13:03:00,-0.5911652392139786
2018-07-12 13:06:00,-0.5319030819242698
2018-07-12 13:09:00,-0.43044668736888525
2018-07-12 13:12:00,-0.5755968930970994
2018-07-12 13:15:00,-0.4440981988807948
2018-07-12 13:18:00,-0.5862796534238441
2018-07-12 13:21:00,-0.5752367642704712
2018-07-12 13:24:00,-0.546845286165194
2018-07-12 13:27:00,-0.565820520140278
2018-07-12 13:30:00,-0.6517080994484559
2018-07-12 13:33:00,-0.5395136731281127
2018-07-12 13:36:00,-0.6351240127759752
2018-07-12 13:39:00,-0.5520956872505849
2018-07-12 13:42:00,-0.5780025704386276
2018-07-12 13:45:00,-0.5167972986926657
2018-07-12 13:48:00,-0.47503762281138506
2018-07-12 13:51:00,-0.6041596635088808
2018-07-12 13:54:00,-0.5057015780244569
2018-07-12 13:57:00,-0.5588277791773066
2018-07-12 14:00:00,-0.46845390426409494
2018-07-12 14:03:00,-0.498768036090496
2018-07-12 14:06:00,-0.5410530381193439
2018-07-12 14:09:00,-0.4775703668899496
2018-07-12 14:12:00,-0.4491528303424275
2018-07-12 14:15:00,-0.6153540585511905
2018-07-12 14:18:00,-0.563968029416742
2018-07-12 14:21:00,-0.5760096253070515
2018-07-12 14:24:00,-0.5766762658249149
2018-07-12 14:27:00,-0.4909061150491425
2018-07-12 14:30:00,-0.55659694925248
2018-07-12 14:33:00,-0.4902844913701756
2018-07-12 14:36:00,-0.5620567660347433
2018-07-12 14:39:00,-0.6131400633805697
2018-07-12 14:42:00,-0.4828166022925302
2018-07-12 14:45:00,-0.5170244350998132
2018-07-12 14:48:00,-0.4880634002217903
2018-07-12 14:51:00,-0.5924778826584998
2018-07-12 14:54:00,-0.5155959107664216
2018-07-12 14:57:00,-0.5924868025497858
2018-07-12 15:00:00,-0.642265874482689
2018-07-12 15:03:00,-0.5666518849875501
2018-07-12 15:06:00,-0.406364648626095
2018-07-12 15:09:00,-0.23485720402067045
2018-07-12 15:12:00,-0.1832287751224726
2018-07-12 15:15:00,-0.331360713109234
2018-07-12 15:18:00,-0.3961627806451702
2018-07-12 15:21:00,-0.551467756206705
2018-07-12 15:24:00,-0.599200618023076
2018-07-12 15:27:00,-0.5244842988914797
2018-07-12 15:30:00,-0.5498541947369517
2018-07-12 15:33:00,-0.392873163198999
2018-07-12 15:36:00,-0.567604365655825
2018-07-12 15:39:00,-0.5745668490570779
2018-07-12 15:42:00,-0.5892151509215751
2018-07-12 15:45:00,-0.5018120327420661
2018-07-12 15:48:00,-0.46112002090688975
2018-07-12 15:51:00,-0.49405701196019436
2018-07-12 15:54:00,-0.509883828422744
2018-07-12 15:57:00,-0.5611532684932286
2018-07-12 16:00:00,-0.5260058721965493
2018-07-12 16:03:00,-0.5455611914868541
2018-07-12 16:06:00,-0.5121762864730499
2018-07-12 16:09:00,-0.5970111212868119
2018-07-12 16:12:00,-0.5211182977615749
2018-07-12 16:15:00,-0.5085631300335081
2018-07-12 16:18:00,-0.5183146235127083
2018-07-12 16:21:00,-0.48928217433279997
2018-07-12 16:24:00,-0.5291699769318257
2018-07-12 16:27:00,-0.5668266539368005
2018-07-12 16:30:00,-0.6825266027492489
2018-07-12 16:33:00,-0.5840890847835567
2018-07-12 16:36:00,-0.569502880537982
2018-07-12 16:39:00,-0.4796953153966683
2018-07-12 16:42:00,-0.5364909483010365
2018-07-12 16:45:00,-0.5232789070417425
2018-07-12 16:48:00,-0.5071223374981741
2018-07-12 16:51:00,-0.46274920957608856
2018-07-12 16:54:00,-0.5231068105199483
2018-07-12 16:57:00,-0.48845005940501096
2018-07-12 17:00:00,-0.449033913398182
2018-07-12 17:03:00,-0.4962154942188022
2018-07-12 17:06:00,-0.49537193008575287
2018-07-12 17:09:00,-0.48417613192259523
2018-07-12 17:12:00,-0.47755555412652484
2018-07-12 17:15:00,-0.531083860694423
2018-07-12 17:18:00,-0.4195362340499855
2018-07-12 17:21:00,-0.4941760252344807
2018-07-12 17:24:00,-0.47159405433296797
2018-07-12 17:27:00,-0.41974921653712727
2018-07-12 17:30:00,-0.4393469549244742
2018-07-12 17:33:00,-0.5210917377088435
2018-07-12 17:36:00,-0.4843963474423276
2018-07-12 17:39:00,-0.5017646021262294
2018-07-12 17:42:00,-0.5270543696411778
2018-07-12 17:45:00,-0.4776090236277355
2018-07-12 17:48:00,-0.3846260033400313
2018-07-12 17:51:00,-0.4495337110787432
2018-07-12 17:54:00,-0.4926573825343894
2018-07-12 17:57:00,-0.5349478579873335
2018-07-12 18:00:00,-0.39405037253345654
2018-07-12 18:03:00,-0.46668925547857043
2018-07-12 18:06:00,-0.6226124890550864
2018-07-12 18:09:00,-0.4697593091383965
2018-07-12 18:12:00,-0.5346762928083422
2018-07-12 18:15:00,-0.4819881213225585
2018-07-12 18:18:00,-0.5339571454592829
2018-07-12 18:21:00,-0.39655209802782565
2018-07-12 18:24:00,-0.43628027440894357
2018-07-12 18:27:00,-0.4208428293003408
2018-07-12 18:30:00,-0.4382323189640829
2018-07-12 18:33:00,-0.4176885651465909
2018-07-12 18:36:00,-0.4850783937518486
2018-07-12 18:39:00,-0.40730778290361513
2018-07-12 18:42:00,-0.4488301542558588
2018-07-12 18:45:00,-0.3442580976072236
2018-07-12 18:48:00,-0.35233775378338805
2018-07-12 18:51:00,-0.3709970358680721
2018-07-12 18:54:00,
2018-07-12 18:57:00,
2018-07-12 19:00:00,
2018-07-12 19:03:00,-0.19007071198478798
2018-07-12 19:06:00,-0.2631008936027115
2018-07-12 19:09:00,-0.27106680663666793
2018-07-12 19:12:00,-0.2347823477825841
2018-07-12 19:15:00,-0.39142130655187657
2018-07-12 19:18:00,-0.20592912319477819
2018-07-12 19:21:00,-0.2554037412900243
2018-07-12 19:24:00,-0.24230621694806587
2018-07-12 19:27:00,-0.279796069909537
2018-07-12 19:30:00,-0.2399707071961643
2018-07-12 19:33:00,-0.22253931771939506
2018-07-12 19:36:00,-0.2552318004134122
2018-07-12 19:39:00,-0.1828984737920223
2018-07-12 19:42:00,-0.2852982239355697
2018-07-12 19:45:00,-0.27429680483976426
2018-07-12 19:48:00,-0.20217983168322462
2018-07-12 19:51:00,-0.1802776217229507
2018-07-12 19:54:00,-0.18660975409903813
2018-07-12 19:57:00,-0.25178380077022666
2018-07-12 20:00:00,-0.2375543355247487
2018-07-12 20:03:00,-0.15556245254862233
2018-07-12 20:06:00,-0.13382611350931484
2018-07-12 20:09:00,-0.14604289481133037
2018-07-12 20:12:00,-0.2170934343825479
2018-07-12 20:15:00,-0.24341973768065372
2018-07-12 20:18:00,-0.17856886381576942
2018-07-12 20:21:00,-0.19724450981163955
2018-07-12 20:24:00,-0.18422934568707205
2018-07-12 20:27:00,-0.17370052863350338
2018-07-12 20:30:00,-0.22832615738218465
2018-07-12 20:33:00,-0.26688140387210524
2018-07-12 20:36:00,-0.0732704100773276
2018-07-12 20:39:00,-0.07370557060767169
2018-07-12 20:42:00,-0.13944951614877255
2018-07-12 20:45:00,-0.13671698334036364
2018-07-12 20:48:00,-0.09752380521695159
2018-07-12 20:51:00,-0.20153447475308894
2018-07-12 20:54:00,-0.14239788695391553
2018-07-12 20:57:00,-0.133336868729657
2018-07-12 21:00:00,-0.13242668828223714
2018-07-12 21:03:00,-0.18174150500391306
2018-07-12 21:06:00,-0.18680827805025046
2018-07-12 21:09:00,-0.16253656419212348
2018-07-12 21:12:00,-0.15761720274485924
2018-07-12 21:15:00,-0.19230600765729378
2018-07-12 21:18:00,-0.12841421867506142
2018-07-12 21:21:00,-0.10344779607436294
2018-07-12 21:24:00,-0.10647844940018558
2018-07-12 21:27:00,-0.16338167290393812
2018-07-12 21:30:00,-0.2698772303083956
2018-07-12 21:33:00,-0.17873154878634523
2018-07-12 21:36:00,-0.07481596232292986
2018-07-12 21:39:00,-0.17568555574064249
2018-07-12 21:42:00,-0.13496379846100126
2018-07-12 21:45:00,-0.10623602008968192
2018-07-12 21:48:00,-0.16058494914767607
2018-07-12 21:51:00,-0.0991842695292462
2018-07-12 21:54:00,-0.019518602822302
2018-07-12 21:57:00,-0.06438177651733668
2018-07-12 22:00:00,0.0324890276369274
2018-07-12 22:03:00,-0.0002664671618504144
2018-07-12 22:06:00,-0.00818058653379694
2018-07-12 22:09:00,-0.044252984414072216
2018-07-12 22:12:00,-0.03882038095929374
2018-07-12 22:15:00,-0.026602545250682397
2018-07-12 22:18:00,-0.04444557383726533
2018-07-12 22:21:00,-0.08683457057009036
2018-07-12 22:24:00,-0.16834983481135168
2018-07-12 22:27:00,-0.08058985951925024
2018-07-12 22:30:00,-0.09029317479502197
2018-07-12 22:33:00,-0.020554475499636737
2018-07-12 22:36:00,-0.07967207807138266
2018-07-12 22:39:00,-0.07601725839208484
2018-07-12 22:42:00,0.0017211095549214406
2018-07-12 22:45:00,0.004111240116515091
2018-07-12 22:48:00,-0.0713121276277775
2018-07-12 22:51:00,-0.02803059851527223
2018-07-12 22:54:00,-0.07079684367647587
2018-07-12 22:57:00,-0.06606268666882897
2018-07-12 23:00:00,-0.09120446618783262
2018-07-12 23:03:00,-0.11373417391081375
2018-07-12 23:06:00,-0.12144724706962506
2018-07-12 23:09:00,-0.14983973929668082
2018-07-12 23:12:00,-0.05138160062386987
2018-07-12 23:15:00,-0.03068356699748165
2018-07-12 23:18:00,-0.065856896911896
2018-07-12 23:21:00,-0.10936447493367041
2018-07-12 23:24:00,-0.06886731304382465
2018-07-12 23:27:00,-0.06481303830133811
2018-07-12 23:30:00,-0.08706904382944458
2018-07-12 23:33:00,-0.015566200006901454
2018-07-12 23:36:00,-0.01323011834585941
2018-07-12 23:39:00,-0.021151807640592324
2018-07-12 23:42:00,0.06134072928364276
2018-07-12 23:45:00,-0.09862754974619747
2018-07-12 23:48:00,0.0047259297948016865
2018-07-12 23:51:00,-0.053207319139119136
2018-07-12 23:54:00,-0.10459250614087523
2018-07-12 23:57:00,-0.1439514815806433
2018-07-13 00:00:00,-0.025746834005644814
2018-07-13 00:03:00,-0.04618923607921488
2018-07-13 00:06:00,-0.08171250457615997
2018-07-13 00:09:00,-0.022744021195080677
2018-07-13 00:12:00,-0.08488210588132006
2018-07-13 00:15:00,-0.018010301150695796
2018-07-13 00:18:00,0.0019958920616431897
2018-07-13 00:21:00,-0.014092505467090177
2018-07-13 00:24:00,-0.04150306637416179
2018-07-13 00:27:00,-0.023909726851911728
2018-07-13 00:30:00,-0.04497183069605626
2018-07-13 00:33:00,-0.11710638632968084
2018-07-13 00:36:00,0.0036372178585111214
2018-07-13 00:39:00,-0.08759202960732182
2018-07-13 00:42:00,-0.03674566920210509
2018-07-13 00:45:00,0.024790892450027968
2018-07-13 00:48:00,-0.05869129334752188
2018-07-13 00:51:00,0.005701215581325414
2018-07-13 00:54:00,-0.02443057971856888
2018-07-13 00:57:00,-0.02390381069852765
2018-07-13 01:00:00,-0.0004180242369784537
2018-07-13 01:03:00,-0.044227205168681394
2018-07-13 01:06:00,-0.06681969467388171
2018-07-13 01:09:00,-0.004768761599564186
2018-07-13 01:12:00,0.04273834453726977
2018-07-13 01:15:00,0.01579318043627609
2018-07-13 01:18:00,-0.09518825637587724
2018-07-13 01:21:00,-0.004819158514351329
2018-07-13 01:24:00,-0.09109254712512893
2018-07-13 01:27:00,-0.09937557304147049
2018-07-13 01:30:00,-0.08229296295030508
2018-07-13 01:33:00,-0.010809558533935615
2018-07-13 01:36:00,-0.019959385118397677
2018-07-13 01:39:00,-0.0023885406986323687
2018-07-13 01:42:00,0.008988721440800873
2018-07-13 01:45:00,0.06239441422468417
2018-07-13 01:48:00,-0.007059785102683236
2018-07-13 01:51:00,0.023035769684952356
2018-07-13 01:54:00,-0.014285216520249833
2018-07-13 01:57:00,0.021929564014897096
2018-07-13 02:00:00,0.0837771969233927
2018-07-13 02:03:00,-0.06000219311613364
2018-07-13 02:06:00,0.03180321479214854
2018-07-13 02:09:00,0.026288229695069276
2018-07-13 02:12:00,-0.04567071997473704
2018-07-13 02:15:00,0.07460501370513839
2018-07-13 02:18:00,0.0558558491118788
2018-07-13 02:21:00,0.03892496222800901
2018-07-13 02:24:00,0.09846257077020937
2018-07-13 02:27:00,-0.014430170651507979
2018-07-13 02:30:00,0.004700605516916312
2018-07-13 02:33:00,0.02433459810407612
2018-07-13 02:36:00,0.0549989119869565
2018-07-13 02:39:00,0.059760577027361705
2018-07-13 02:42:00,0.14529918870044867
2018-07-13 02:45:00,0.1028035245439014
2018-07-13 02:48:00,0.11542031735757519
2018-07-13 02:51:00,0.04350479278554076
2018-07-13 02:54:00,0.0446539360443694
2018-07-13 02:57:00,0.10009199216244724
2018-07-13 03:00:00,0.11134630851915972
2018-07-13 03:03:00,0.08463932559010345
2018-07-13 03:06:00,0.16818609871052104
2018-07-13 03:09:00,0.0634186001354351
2018-07-13 03:12:00,0.050461456217192335
2018-07-13 03:15:00,0.1895691237018582
2018-07-13 03:18:00,0.21810769996318413
2018-07-13 03:21:00,0.11822110397207553
2018-07-13 03:24:00,0.1231820785416744
2018-07-13 03:27:00,0.12020888377804795
2018-07-13 03:30:00,0.18697965976093656
2018-07-13 03:33:00,0.07431757002797212
2018-07-13 03:36:00,0.19018247146806289
2018-07-13 03:39:00,0.08255371057487082
2018-07-13 03:42:00,0.14601431883659188
2018-07-13 03:45:00,0.057970160777529145
2018-07-13 03:48:00,0.11341108507701847
2018-07-13 03:51:00,0.15288935567940598
2018-07-13 03:54:00,0.18932731108696998
2018-07-13 03:57:00,0.14396409396050558
2018-07-13 04:00:00,0.18849442627072222
2018-07-13 04:03:00,0.07389172868403193
2018-07-13 04:06:00,0.053490821757350204
2018-07-13 04:09:00,0.0991053890134026
2018-07-13 04:12:00,0.21058418150056468
2018-07-13 04:15:00,0.09948003988836263
2018-07-13 04:18:00,0.17930798850994734
2018-07-13 04:21:00,0.17108539741911954
2018-07-13 04:24:00,0.1162733940044518
2018-07-13 04:27:00,0.1935921217219061
2018-07-13 04:30:00,0.18292649517815107
2018-07-13 04:33:00,0.15253181560410667
2018-07-13 04:36:00,0.09007433045195512
2018-07-13 04:39:00,0.15380718691056927
2018-07-13 04:42:00,0.036808445205565476
2018-07-13 04:45:00,0.05850878607117238
2018-07-13 04:48:00,0.17282681125965382
2018-07-13 04:51:00,0.09734741335267927
2018-07-13 04:54:00,0.026880013577795125
2018-07-13 04:57:00,0.204193774765713
2018-07-13 05:00:00,0.07126660540404828
2018-07-13 05:03:00,0.1493569217705044
2018-07-13 05:06:00,0.12575540077540381
2018-07-13 05:09:00,0.10299931470308366
2018-07-13 05:12:00,0.17967158175127906
2018-07-13 05:15:00,0.1912232296500065
2018-07-13 05:18:00,0.1003039742354872
2018-07-13 05:21:00,0.13257779267087244
2018-07-13 05:24:00,0.12506988797446184
2018-07-13 05:27:00,0.10965698591064665
2018-07-13 05:30:00,0.057842037076284214
2018-07-13 05:33:00,0.0260332210285128
2018-07-13 05:36:00,0.1161286107635533
2018-07-13 05:39:00,0.09185713116687566
2018-07-13 05:42:00,0.1484888843265253
2018-07-13 05:45:00,0.09907735711112764
2018-07-13 05:48:00,0.18950885213246238
2018-07-13 05:51:00,0.11486641733586112
2018-07-13 05:54:00,0.021541454019484263
2018-07-13 05:57:00,0.08456128402815466
2018-07-13 06:00:00,0.04677721854130823
2018-07-13 06:03:00,0.1354582243378104
2018-07-13 06:06:00,0.1720159272156252
2018-07-13 06:09:00,0.12974044058989875
2018-07-13 06:12:00,0.1438833976195042
2018-07-13 06:15:00,0.027601435505800964
2018-07-13 06:18:00,0.0677778265607003
2018-07-13 06:21:00,0.05421480817454949
2018-07-13 06:24:00,0.05876327842258888
2018-07-13 06:27:00,0.04581725810322723
2018-07-13 06:30:00,0.1440629378794256
2018-07-13 06:33:00,0.15102842199968336
2018-07-13 06:36:00,0.1957567698323146
2018-07-13 06:39:00,0.15221334408607845
2018-07-13 06:42:00,0.1288409034783058
2018-07-13 06:45:00,0.17788914898136454
2018-07-13 06:48:00,0.15171058701747597
2018-07-13 06:51:00,0.08730178742166572
2018-07-13 06:54:00,0.1307695456636111
2018-07-13 06:57:00,0.04130922769110157
2018-07-13 07:00:00,0.18158911442060344
2018-07-13 07:03:00,0.029758407183749114
2018-07-13 07:06:00,0.1096708523643315
2018-07-13 07:09:00,0.15471980134958585
2018-07-13 07:12:00,0.15476833404028412
2018-07-13 07:15:00,0.1919693117921497
2018-07-13 07:18:00,0.21258574712044265
2018-07-13 07:21:00,0.20756361088723452
2018-07-13 07:24:00,0.17552260520062646
2018-07-13 07:27:00,0.10011732994740896
2018-07-13 07:30:00,0.20367044535026935
2018-07-13 07:33:00,0.0858173100627937
2018-07-13 07:36:00,0.15223521807968154
2018-07-13 07:39:00,0.14140545216218925
2018-07-13 07:42:00,0.06823923969795942
2018-07-13 07:45:00,0.16490903803008905
2018-07-13 07:48:00,0.19600089527290265
2018-07-13 07:51:00,0.11355583279231496
2018-07-13 07:54:00,0.05219857937112238
2018-07-13 07:57:00,0.19007570698829568
2018-07-13 08:00:00,0.14098675350140866
2018-07-13 08:03:00,0.16238514610722632
2018-07-13 08:06:00,0.061618488051863096
2018-07-13 08:09:00,0.15360967389375446
2018-07-13 08:12:00,0.1856909871481207
2018-07-13 08:15:00,0.07599637971242146
2018-07-13 08:18:00,0.14539392982572963
2018-07-13 08:21:00,0.17157490567780087
2018-07-13 08:24:00,0.09176413435665154
2018-07-13 08:27:00,0.10766385135673318
2018-07-13 08:30:00,0.11024339781994286
2018-07-13 08:33:00,0.11517434607964105
2018-07-13 08:36:00,0.033001050897610185
2018-07-13 08:39:00,0.11123626643478701
2018-07-13 08:42:00,0.020428689955110713
2018-07-13 08:45:00,0.11333684987783954
2018-07-13 08:48:00,0.022201154978347404
2018-07-13 08:51:00,-0.12071140368249189
2018-07-13 08:54:00,0.020979305484559063
2018-07-13 08:57:00,0.06795279034554369
2018-07-13 09:00:00,0.04156538814288524
2018-07-13 09:03:00,-0.028133082635349638
2018-07-13 09:06:00,0.05243777242304759
2018-07-13 09:09:00,-0.10018508793120873
2018-07-13 09:12:00,-0.043610679567166244
2018-07-13 09:15:00,-0.10573999283559488
2018-07-13 09:18:00,-0.1418392487974529
2018-07-13 09:21:00,0.039463941022347626
2018-07-13 09:24:00,-0.08313691738891293
2018-07-13 09:27:00,-0.2084222078248672
2018-07-13 09:30:00,-0.12004668189945278
2018-07-13 09:33:00,-0.08589433036951277
2018-07-13 09:36:00,-0.13144875619815366
2018-07-13 09:39:00,-0.1901174465720601
2018-07-13 09:42:00,-0.27699899794288285
2018-07-13 09:45:00,-0.27232655224128166
2018-07-13 09:48:00,-0.2867482884810215
2018-07-13 09:51:00,-0.25898843329230203
2018-07-13 09:54:00,-0.2926979494139914
2018-07-13 09:57:00,-0.3561715522011468
2018-07-13 10:00:00,-0.3196187817420082
2018-07-13 10:03:00,-0.29652311532345266
2018-07-13 10:06:00,-0.30269922762198576
2018-07-13 10:09:00,-0.3582969653303394
2018-07-13 10:12:00,-0.31266677830296885
2018-07-13 10:15:00,-0.418162087762596
2018-07-13 10:18:00,-0.35995174887602843
2018-07-13 10:21:00,-0.21296853066888843
2018-07-13 10:24:00,-0.33425041168555936
2018-07-13 10:27:00,-0.30662852521788864
2018-07-13 10:30:00,-0.3723893192526475
2018-07-13 10:33:00,-0.3871425499053771
2018-07-13 10:36:00,-0.4126571944721604
2018-07-13 10:39:00,-0.3937408358944481
2018-07-13 10:42:00,-0.3982437095019691
2018-07-13 10:45:00,-0.40378358724279906
2018-07-13 10:48:00,-0.437151037376168
2018-07-13 10:51:00,-0.38500020105038857
2018-07-13 10:54:00,-0.44158205016651664
2018-07-13 10:57:00,-0.38790698595215645
2018-07-13 11:00:00,-0.3525435975420237
2018-07-13 11:03:00,-0.39883560648564753
2018-07-13 11:06:00,-0.3955295002259618
2018-07-13 11:09:00,-0.5062078265641503
2018-07-13 11:12:00,-0.30102290487491246
2018-07-13 11:15:00,-0.38556123838174017
2018-07-13 11:18:00,-0.45129028726825027
2018-07-13 11:21:00,-0.5047019898356666
2018-07-13 11:24:00,-0.45665342012091514
2018-07-13 11:27:00,-0.4563358425300521
2018-07-13 11:30:00,-0.39314110000185565
2018-07-13 11:33:00,-0.44868785007184897
2018-07-13 11:36:00,-0.40217582058943435
2018-07-13 11:39:00,-0.46345204319845834
2018-07-13 11:42:00,-0.5081622883091086
2018-07-13 11:45:00,-0.43906437899028106
2018-07-13 11:48:00,-0.5085366383905807
2018-07-13 11:51:00,-0.45462431397476166
2018-07-13 11:54:00,-0.5245759827366214
2018-07-13 11:57:00,-0.4146658229706759
2018-07-13 12:00:00,-0.2956552287459999
2018-07-13 12:03:00,-0.36792178530163255
2018-07-13 12:06:00,-0.5860111804453823
2018-07-13 12:09:00,-0.5659155974668124
2018-07-13 12:12:00,-0.6049308538705986
2018-07-13 12:15:00,-0.5937332182014075
2018-07-13 12:18:00,-0.5977333586496911
2018-07-13 12:21:00,-0.6198575253233685
2018-07-13 12:24:00,-0.5351096686394499
2018-07-13 12:27:00,-0.4991590768919991
2018-07-13 12:30:00,-0.5123410391998959
2018-07-13 12:33:00,-0.5444467840750349
2018-07-13 12:36:00,-0.6541615544954311
2018-07-13 12:39:00,-0.5805391154132735
2018-07-13 12:42:00,-0.6336436999712305
2018-07-13 12:45:00,-0.5315508047450521
2018-07-13 12:48:00,-0.5939772951049918
2018-07-13 12:51:00,-0.5917743809420699
2018-07-13 12:54:00,-0.5076105773511017
2018-07-13 12:57:00,-0.5514454776190973
2018-07-13 13:00:00,-0.5307716917462812
2018-07-13 13:03:00,-0.5497030243133736
2018-07-13 13:06:00,-0.648073983276447
2018-07-13 13:09:00,-0.6261629823106318
2018-07-13 13:12:00,-0.5852380875797394
2018-07-13 13:15:00,-0.6121755736207319
2018-07-13 13:18:00,-0.4792810739702986
2018-07-13 13:21:00,-0.5767779391414933
2018-07-13 13:24:00,-0.6234885377762112
2018-07-13 13:27:00,-0.5953460111315962
2018-07-13 13:30:00,-0.6781237640471431
2018-07-13 13:33:00,-0.6028551354558545
2018-07-13 13:36:00,-0.46851701940505563
2018-07-13 13:39:00,-0.6023500424437316
2018-07-13 13:42:00,-0.5140006197699449
2018-07-13 13:45:00,-0.5780476581809921
2018-07-13 13:48:00,-0.6104538873918273
2018-07-13 13:51:00,-0.6217336276970968
2018-07-13 13:54:00,-0.5905684834963267
2018-07-13 13:57:00,-0.5538190131480292
2018-07-13 14:00:00,-0.5607893962518915
2018-07-13 14:03:00,-0.5678263932164214
2018-07-13 14:06:00,-0.40365981013019336
2018-07-13 14:09:00,-0.4967437281823095
2018-07-13 14:12:00,-0.5496318644237022
2018-07-13 14:15:00,-0.5951142198971979
2018-07-13 14:18:00,-0.6560651186250084
2018-07-13 14:21:00,-0.45281192698018913
2018-07-13 14:24:00,-0.5392580318219871
2018-07-13 14:27:00,-0.5746074487927331
2018-07-13 14:30:00,-0.6376257218890942
2018-07-13 14:33:00,-0.6451813308913188
2018-07-13 14:36:00,-0.6178304959397565
2018-07-13 14:39:00,-0.6296277135532478
2018-07-13 14:42:00,-0.6508484495388984
2018-07-13 14:45:00,-0.6374419308618826
2018-07-13 14:48:00,-0.5639936787935653
2018-07-13 14:51:00,-0.6044037899055184
2018-07-13 14:54:00,-0.5412711378435233
2018-07-13 14:57:00,-0.586830163408024
2018-07-13 15:00:00,-0.4654083380295333
2018-07-13 15:03:00,-0.5530327040102634
2018-07-13 15:06:00,-0.5789783212869111
2018-07-13 15:09:00,-0.5670226832566527
2018-07-13 15:12:00,-0.710685435254959
2018-07-13 15:15:00,-0.6394605561208095
2018-07-13 15:18:00,-0.5782797529829509
2018-07-13 15:21:00,-0.6407503571900861
2018-07-13 15:24:00,-0.7065035651204425
2018-07-13 15:27:00,-0.6065132874659298
2018-07-13 15:30:00,-0.739715698664611
2018-07-13 15:33:00,-0.4922253488048227
2018-07-13 15:36:00,-0.6019111671282076
2018-07-13 15:39:00,-0.6147157584410365
2018-07-13 15:42:00,-0.6294707958536492
2018-07-13 15:45:00,-0.668711209189496
2018-07-13 15:48:00,-0.5608571940350089
2018-07-13 15:51:00,-0.5829758360520145
2018-07-13 15:54:00,-0.5933862128062515
2018-07-13 15:57:00,-0.6264859791384083
2018-07-13 16:00:00,-0.608602881350464
2018-07-13 16:03:00,-0.6695690669379246
2018-07-13 16:06:00,-0.594469088904134
2018-07-13 16:09:00,-0.7359844807423883
2018-07-13 16:12:00,-0.6199890979025326
2018-07-13 16:15:00,-0.7005740780833207
2018-07-13 16:18:00,-0.5885403043556607
2018-07-13 16:21:00,-0.5827622851318779
2018-07-13 16:24:00,-0.6156803186889874
2018-07-13 16:27:00,-0.6633384274333594
2018-07-13 16:30:00,-0.6882622435505823
2018-07-13 16:33:00,-0.5682341191404703
2018-07-13 16:36:00,-0.5554571905900048
2018-07-13 16:39:00,-0.5951845969903502
2018-07-13 16:42:00,-0.6453515080291936
2018-07-13 16:45:00,-0.529672224868591
2018-07-13 16:48:00,-0.5442274444196755
2018-07-13 16:51:00,-0.587830652042669
2018-07-13 16:54:00,-0.5476460967007597
2018-07-13 16:57:00,-0.6230206034707635
2018-07-13 17:00:00,-0.5688111488322534
2018-07-13 17:03:00,-0.6263955532292584
2018-07-13 17:06:00,-0.617297708505248
2018-07-13 17:09:00,-0.5785266592330345
2018-07-13 17:12:00,-0.5664675197126599
2018-07-13 17:15:00,-0.5493353498945908
2018-07-13 17:18:00,-0.6009675455414936
2018-07-13 17:21:00,-0.531332856962365
2018-07-13 17:24:00,-0.5868486819225041
2018-07-13 17:27:00,-0.5503704719490088
2018-07-13 17:30:00,-0.5946451841896305
2018-07-13 17:33:00,-0.44816793427014545
2018-07-13 17:36:00,-0.47232638772914015
2018-07-13 17:39:00,-0.5843638586021029
2018-07-13 17:42:00,-0.5940688587421619
2018-07-13 17:45:00,-0.4867787763639626
2018-07-13 17:48:00,-0.5093195686975491
2018-07-13 17:51:00,-0.39613088446168376
2018-07-13 17:54:00,-0.4632177493634799
2018-07-13 17:57:00,-0.6283783968476655
2018-07-13 18:00:00,-0.47203178902759646
2018-07-13 18:03:00,-0.5299743992772505
2018-07-13 18:06:00,-0.3839398244303993
2018-07-13 18:09:00,-0.4326595499138648
2018-07-13 18:12:00,-0.4029775438094134
2018-07-13 18:15:00,-0.3477315787523594
2018-07-13 18:18:00,-0.4103444615256535
2018-07-13 18:21:00,-0.37522921258306496
2018-07-13 18:24:00,-0.4232367395092069
2018-07-13 18:27:00,-0.29033263896030803
2018-07-13 18:30:00,-0.44818092073091975
2018-07-13 18:33:00,-0.44257703249451197
2018-07-13 18:36:00,-0.4620613678418408
2018-07-13 18:39:00,-0.3561406689869955
2018-07-13 18:42:00,-0.3616852467685021
2018-07-13 18:45:00,-0.4162191174160057
2018-07-13 18:48:00,-0.4183231901845943
2018-07-13 18:51:00,-0.48193471159294177
2018-07-13 18:54:00,-0.40668658050645945
2018-07-13 18:57:00,
2018-07-13 19:00:00,
2018-07-13 19:03:00,-0.388260871817522
2018-07-13 19:06:00,-0.3784564613122825
2018-07-13 19:09:00,-0.4442819824674302
2018-07-13 19:12:00,-0.38975706415556033
2018-07-13 19:15:00,-0.353073758144717
2018-07-13 19:18:00,-0.41031500850323255
2018-07-13 19:21:00,-0.3930670332551358
2018-07-13 19:24:00,-0.3734682111860934
2018-07-13 19:27:00,-0.39985071077302337
2018-07-13 19:30:00,-0.44620355725572836
2018-07-13 19:33:00,-0.28418189870671995
2018-07-13 19:36:00,-0.4521466464478294
2018-07-13 19:39:00,-0.33016885351935343
2018-07-13 19:42:00,-0.3211032244906278
2018-07-13 19:45:00,-0.353192732519517
2018-07-13 19:48:00,-0.39156116422265086
2018-07-13 19:51:00,-0.38063894368059437
2018-07-13 19:54:00,-0.40927421496854777
2018-07-13 19:57:00,-0.3778419473706549
2018-07-13 20:00:00,-0.3165936560066598
2018-07-13 20:03:00,-0.35482500578331155
2018-07-13 20:06:00,-0.31153673203459675
2018-07-13 20:09:00,-0.33559516410832657
2018-07-13 20:12:00,-0.18985853138008224
2018-07-13 20:15:00,-0.16923867801648385
2018-07-13 20:18:00,-0.24629014170596975
2018-07-13 20:21:00,-0.3038059456106339
2018-07-13 20:24:00,-0.3728941233105729
2018-07-13 20:27:00,-0.21819911062448227
2018-07-13 20:30:00,-0.2482040471850837
2018-07-13 20:33:00,-0.2921202027737877
2018-07-13 20:36:00,-0.15141404199567887
2018-07-13 20:39:00,-0.23142746451787843
2018-07-13 20:42:00,-0.23942517433079047
2018-07-13 20:45:00,-0.21426254822449664
2018-07-13 20:48:00,-0.1650986800964347
2018-07-13 20:51:00,-0.1630978063098496
2018-07-13 20:54:00,-0.22801122652742833
2018-07-13 20:57:00,-0.1493029919407718
2018-07-13 21:00:00,-0.13968290036359576
2018-07-13 21:03:00,-0.13574091465284255
2018-07-13 21:06:00,-0.08454946916401695
2018-07-13 21:09:00,-0.10253482956619564
2018-07-13 21:12:00,-0.04530503812719644
2018-07-13 21:15:00,0.009267460837747876
2018-07-13 21:18:00,0.006111622283583529
2018-07-13 21:21:00,-0.056825215039793875
2018-07-13 21:24:00,-0.03673833120387826
2018-07-13 21:27:00,-0.037203435555056785
2018-07-13 21:30:00,-0.07792356490494967
2018-07-13 21:33:00,-0.12133014601892
2018-07-13 21:36:00,-0.12200216189035018
2018-07-13 21:39:00,-0.07240798136382409
2018-07-13 21:42:00,-0.01912945835510982
2018-07-13 21:45:00,-0.12147617594052917
2018-07-13 21:48:00,-0.14555573062915528
2018-07-13 21:51:00,-0.1845885335883395
2018-07-13 21:54:00,-0.08833732968014374
2018-07-13 21:57:00,-0.10117098594764684
2018-07-13 22:00:00,-0.05062732897317801
2018-07-13 22:03:00,-0.08909244191909238
2018-07-13 22:06:00,0.02959473665555379
2018-07-13 22:09:00,-0.02497760307886665
2018-07-13 22:12:00,-0.05608924961086359
2018-07-13 22:15:00,0.008435080020319674
2018-07-13 22:18:00,-0.006859940900426409
2018-07-13 22:21:00,-0.10849828636429493
2018-07-13 22:24:00,-0.008131827110616996
2018-07-13 22:27:00,-0.023590219758546027
2018-07-13 22:30:00,0.0785369980680457
2018-07-13 22:33:00,-0.03748174216826783
2018-07-13 22:36:00,-0.08551482048073922
2018-07-13 22:39:00,-0.03248228675948894
2018-07-13 22:42:00,-0.08517250840787938
2018-07-13 22:45:00,-0.06686041736207926
2018-07-13 22:48:00,-0.05958191852761274
2018-07-13 22:51:00,-0.08599309700770164
2018-07-13 22:54:00,-0.023752138031966297
2018-07-13 22:57:00,-0.0686458660778726
2018-07-13 23:00:00,-0.010450234002803427
2018-07-13 23:03:00,-0.06384785107070456
2018-07-13 23:06:00,-0.003830009037585569
2018-07-13 23:09:00,0.04200389640442381
2018-07-13 23:12:00,0.027816791063685287
2018-07-13 23:15:00,-0.021104138341456746
2018-07-13 23:18:00,0.008120178604826833
2018-07-13 23:21:00,0.08831867349164213
2018-07-13 23:24:00,-0.08578897796365936
2018-07-13 23:27:00,-0.007918692129180727
2018-07-13 23:30:00,-0.09467541952551528
2018-07-13 23:33:00,0.017725000610937514
2018-07-13 23:36:00,-0.00013700183473019933
2018-07-13 23:39:00,-0.08249153058005732
2018-07-13 23:42:00,-0.12345701083063432
2018-07-13 23:45:00,-0.020845623539628377
2018-07-13 23:48:00,-0.06010491441162458
2018-07-13 23:51:00,-0.03283028031040658
2018-07-13 23:54:00,-0.07437941912968427
2018-07-13 23:57:00,-0.0003559141040341274
2018-07-14 00:00:00,-0.0422255870051913
2018-07-14 00:03:00,-0.017019490181212404
2018-07-14 00:06:00,-0.11008187354480015
2018-07-14 00:09:00,-0.06611701832065364
2018-07-14 00:12:00,-0.14307966699851704
2018-07-14 00:15:00,-0.17099660485399681
2018-07-14 00:18:00,-0.10872894742959716
2018-07-14 00:21:00,-0.04072562548805081
2018-07-14 00:24:00,-0.07884496798294549
2018-07-14 00:27:00,-0.1040163860864709
2018-07-14 00:30:00,-0.0652193506570029
2018-07-14 00:33:00,-0.038687432526614884
2018-07-14 00:36:00,-0.14038605165450235
2018-07-14 00:39:00,-0.13747355938193095
2018-07-14 00:42:00,-0.016767022339820414
2018-07-14 00:45:00,-0.053217728832862576
2018-07-14 00:48:00,-0.008341040535697175
2018-07-14 00:51:00,-0.004381079507083996
2018-07-14 00:54:00,-0.054660486504189976
2018-07-14 00:57:00,-0.06275511705172221
2018-07-14 01:00:00,0.03462763245175893
2018-07-14 01:03:00,-2.9546101529831503e-05
2018-07-14 01:06:00,-0.09624627220944149
2018-07-14 01:09:00,-0.14124676041183193
2018-07-14 01:12:00,-0.030327520163268673
2018-07-14 01:15:00,0.09318667230991196
2018-07-14 01:18:00,0.020261310894852613
2018-07-14 01:21:00,-0.09856643883318839
2018-07-14 01:24:00,0.07484498399156791
2018-07-14 01:27:00,0.08833554432334267
2018-07-14 01:30:00,0.007189491679923776
2018-07-14 01:33:00,0.12205033628396222
2018-07-14 01:36:00,0.09768316424703016
2018-07-14 01:39:00,0.04999429021137303
2018-07-14 01:42:00,0.01077884517962957
2018-07-14 01:45:00,0.04477631361692147
2018-07-14 01:48:00,0.026610844826223
2018-07-14 01:51:00,0.004641919638117997
2018-07-14 01:54:00,-0.016698657450149312
2018-07-14 01:57:00,-0.0632754596003906
2018-07-14 02:00:00,0.0014571629032502642
2018-07-14 02:03:00,0.039139115888929155
2018-07-14 02:06:00,0.000936226124906625
2018-07-14 02:09:00,-0.003968516057454963
2018-07-14 02:12:00,-0.03519826234537504
2018-07-14 02:15:00,0.005098963778266352
2018-07-14 02:18:00,0.05027988098862579
2018-07-14 02:21:00,0.010465104386810253
2018-07-14 02:24:00,-0.014506204348720075
2018-07-14 02:27:00,-0.007470495132793076
2018-07-14 02:30:00,-0.04432875004147263
2018-07-14 02:33:00,-0.040051468441618
2018-07-14 02:36:00,0.025135229707473172
2018-07-14 02:39:00,0.025588065009742422
2018-07-14 02:42:00,0.03754039212049065
2018-07-14 02:45:00,0.03169408423008235
2018-07-14 02:48:00,0.021741535796138578
2018-07-14 02:51:00,0.048337260558241724
2018-07-14 02:54:00,0.043407841011799064
2018-07-14 02:57:00,0.0387143453130534
2018-07-14 03:00:00,0.059309044523729426
2018-07-14 03:03:00,0.10857880284891053
2018-07-14 03:06:00,0.008817956523330395
2018-07-14 03:09:00,0.047225299450417424
2018-07-14 03:12:00,0.10077661932893989
2018-07-14 03:15:00,0.09746876046710895
2018-07-14 03:18:00,0.042423505168073916
2018-07-14 03:21:00,0.015372052250825163
2018-07-14 03:24:00,0.010100604838612526
2018-07-14 03:27:00,0.0400003077915585
2018-07-14 03:30:00,0.06465640252082494
2018-07-14 03:33:00,0.1328069544327377
2018-07-14 03:36:00,0.05664821855964419
2018-07-14 03:39:00,0.09182509182807053
2018-07-14 03:42:00,0.07538658513118435
2018-07-14 03:45:00,0.12051928698008396
2018-07-14 03:48:00,0.1974812745203849
2018-07-14 03:51:00,0.13163286143213782
2018-07-14 03:54:00,0.19382833279934175
2018-07-14 03:57:00,0.12376887783455004
2018-07-14 04:00:00,0.059985032874976696
2018-07-14 04:03:00,0.013524458280073759
2018-07-14 04:06:00,0.04476066296251702
2018-07-14 04:09:00,-0.08698030932254142
2018-07-14 04:12:00,0.013674548517599305
2018-07-14 04:15:00,0.06041084124643703
2018-07-14 04:18:00,0.12931213293842347
2018-07-14 04:21:00,0.14824953980621558
2018-07-14 04:24:00,-0.0258519516061142
2018-07-14 04:27:00,-0.032768908067851044
2018-07-14 04:30:00,-0.023938100663713158
2018-07-14 04:33:00,0.11379710138317023
2018-07-14 04:36:00,-0.008700190734828084
2018-07-14 04:39:00,0.11466731783571049
2018-07-14 04:42:00,0.042791609564915234
2018-07-14 04:45:00,0.1292774745816132
2018-07-14 04:48:00,0.12534808178776302
2018-07-14 04:51:00,0.0982944537001913
2018-07-14 04:54:00,0.08249297630993624
2018-07-14 04:57:00,0.08566189697432947
2018-07-14 05:00:00,0.08788007803542541
2018-07-14 05:03:00,0.11751647709064628
2018-07-14 05:06:00,0.0445183145150736
2018-07-14 05:09:00,0.10973108759498018
2018-07-14 05:12:00,0.08512548115828622
2018-07-14 05:15:00,0.14990634710107997
2018-07-14 05:18:00,0.06593835986359409
2018-07-14 05:21:00,0.19260844083527218
2018-07-14 05:24:00,0.21637716254235784
2018-07-14 05:27:00,0.15163503457995375
2018-07-14 05:30:00,0.09826534385769037
2018-07-14 05:33:00,0.11713425532786914
2018-07-14 05:36:00,0.131365749520171
2018-07-14 05:39:00,0.14801667219046521
2018-07-14 05:42:00,0.2159088215258862
2018-07-14 05:45:00,0.17753296623334336
2018-07-14 05:48:00,0.11054605652901728
2018-07-14 05:51:00,0.15913539084141348
2018-07-14 05:54:00,0.2415285227245363
2018-07-14 05:57:00,0.21243435623347295
2018-07-14 06:00:00,0.2601780045446276
2018-07-14 06:03:00,0.21817953701958004
2018-07-14 06:06:00,0.19399109050988272
2018-07-14 06:09:00,0.18917143211598386
2018-07-14 06:12:00,0.12595016480344157
2018-07-14 06:15:00,0.18059630845067431
2018-07-14 06:18:00,0.16269341990982866
2018-07-14 06:21:00,0.283507370216455
2018-07-14 06:24:00,0.16770618120932568
2018-07-14 06:27:00,0.3311186738766878
2018-07-14 06:30:00,0.2576947116205588
2018-07-14 06:33:00,0.21889014107267712
2018-07-14 06:36:00,0.2737171077189373
2018-07-14 06:39:00,0.26680355112256393
2018-07-14 06:42:00,0.291062608223001
2018-07-14 06:45:00,0.33827916627637933
2018-07-14 06:48:00,0.19767594069429606
2018-07-14 06:51:00,0.3131239671845947
2018-07-14 06:54:00,0.38433948646212457
2018-07-14 06:57:00,0.35792943480089434
2018-07-14 07:00:00,0.26034094745551783
2018-07-14 07:03:00,0.28493473292587623
2018-07-14 07:06:00,0.26083268012860117
2018-07-14 07:09:00,0.2808394618111265
2018-07-14 07:12:00,0.3424641629932239
2018-07-14 07:15:00,0.31183925335585627
2018-07-14 07:18:00,0.3134782910960894
2018-07-14 07:21:00,0.24840617968527567
2018-07-14 07:24:00,0.2703548942633347
2018-07-14 07:27:00,0.27479848034744236
2018-07-14 07:30:00,0.23877843169805146
2018-07-14 07:33:00,0.19542371587681373
2018-07-14 07:36:00,0.26280221985183516
2018-07-14 07:39:00,0.22768790857247723
2018-07-14 07:42:00,0.20020346610249362
2018-07-14 07:45:00,0.24806094416771884
2018-07-14 07:48:00,0.2813470059695078
2018-07-14 07:51:00,0.21262318311886474
2018-07-14 07:54:00,0.18688659007335673
2018-07-14 07:57:00,0.18121708366589928
2018-07-14 08:00:00,0.25331671972327285
2018-07-14 08:03:00,0.24210414640401723
2018-07-14 08:06:00,0.25086742943011586
2018-07-14 08:09:00,0.2965300959897377
2018-07-14 08:12:00,0.24306231495188513
2018-07-14 08:15:00,0.23482815529490608
2018-07-14 08:18:00,0.22449576116895287
2018-07-14 08:21:00,0.10046264517734471
2018-07-14 08:24:00,0.14719944222787262
2018-07-14 08:27:00,0.1844260710869321
2018-07-14 08:30:00,0.11687390316285473
2018-07-14 08:33:00,0.09689439733301697
2018-07-14 08:36:00,0.13427379696622666
2018-07-14 08:39:00,0.05008537137655367
2018-07-14 08:42:00,0.0060132225846132314
2018-07-14 08:45:00,0.06961955233089157
2018-07-14 08:48:00,0.011824116491482073
2018-07-14 08:51:00,0.06461670325666091
2018-07-14 08:54:00,0.06476071085967305
2018-07-14 08:57:00,0.049348300613928586
2018-07-14 09:00:00,0.024114554692346246
2018-07-14 09:03:00,-0.006269782583729011
2018-07-14 09:06:00,-0.005724801474855212
2018-07-14 09:09:00,-0.06057052702925603
2018-07-14 09:12:00,-0.014953283331863076
2018-07-14 09:15:00,0.05628586971590721
2018-07-14 09:18:00,-0.044380654997098645
2018-07-14 09:21:00,-0.060223521269506364
2018-07-14 09:24:00,-0.01839652452122209
2018-07-14 09:27:00,-0.1724364840282533
2018-07-14 09:30:00,-0.18560266982836993
2018-07-14 09:33:00,-0.1687766190569846
2018-07-14 09:36:00,-0.23060643564542715
2018-07-14 09:39:00,-0.2615683387832064
2018-07-14 09:42:00,-0.31165714295372027
2018-07-14 09:45:00,-0.3920103805095323
2018-07-14 09:48:00,-0.3397991693324798
2018-07-14 09:51:00,-0.29590056293324096
2018-07-14 09:54:00,-0.28191618133115526
2018-07-14 09:57:00,-0.39235520051397543
2018-07-14 10:00:00,-0.25389140890939643
2018-07-14 10:03:00,-0.41258945990614393
2018-07-14 10:06:00,-0.39024865096541816
2018-07-14 10:09:00,-0.33586883453347127
2018-07-14 10:12:00,-0.2931749818847038
2018-07-14 10:15:00,-0.36186998157990047
2018-07-14 10:18:00,-0.40560821303631656
2018-07-14 10:21:00,-0.36667180135037825
2018-07-14 10:24:00,-0.36787564911992376
2018-07-14 10:27:00,-0.31618694926680746
2018-07-14 10:30:00,-0.3743929378232451
2018-07-14 10:33:00,-0.3737780070846384
2018-07-14 10:36:00,-0.3064037275580631
2018-07-14 10:39:00,-0.42601338089707497
2018-07-14 10:42:00,-0.36415169299311856
2018-07-14 10:45:00,-0.4935433425364977
2018-07-14 10:48:00,-0.42787923006665096
2018-07-14 10:51:00,-0.5693057085156283
2018-07-14 10:54:00,-0.5583303057239277
2018-07-14 10:57:00,-0.4826635382273139
2018-07-14 11:00:00,-0.525399254370484
2018-07-14 11:03:00,-0.4111925126299525
2018-07-14 11:06:00,-0.4781743522631814
2018-07-14 11:09:00,-0.4981805219841249
2018-07-14 11:12:00,-0.45667175153619155
2018-07-14 11:15:00,-0.42127818239862336
2018-07-14 11:18:00,-0.5189153575976206
2018-07-14 11:21:00,-0.5235900926701333
2018-07-14 11:24:00,-0.40707487326307046
2018-07-14 11:27:00,-0.5413453722887311
2018-07-14 11:30:00,-0.5093292863249417
2018-07-14 11:33:00,-0.47788343756513996
2018-07-14 11:36:00,-0.4640980172484319
2018-07-14 11:39:00,-0.43322681324525547
2018-07-14 11:42:00,-0.4910579346247914
2018-07-14 11:45:00,-0.48330478152104206
2018-07-14 11:48:00,-0.4717598534323315
2018-07-14 11:51:00,-0.5316442289417864
2018-07-14 11:54:00,-0.45610437175884044
2018-07-14 11:57:00,-0.568745453943734
2018-07-14 12:00:00,-0.50044571322303
2018-07-14 12:03:00,-0.5969197530499173
2018-07-14 12:06:00,-0.45791300564189896
2018-07-14 12:09:00,-0.486892862324396
2018-07-14 12:12:00,-0.4854308570972421
2018-07-14 12:15:00,-0.5524457991484155
2018-07-14 12:18:00,-0.4844056493779476
2018-07-14 12:21:00,-0.5424184645012815
2018-07-14 12:24:00,-0.6079059323499223
2018-07-14 12:27:00,-0.43384051556932945
2018-07-14 12:30:00,-0.3985196126835717
2018-07-14 12:33:00,-0.4121641485392047
2018-07-14 12:36:00,-0.47337286181027594
2018-07-14 12:39:00,-0.5324295742321965
2018-07-14 12:42:00,-0.5049689907853576
2018-07-14 12:45:00,-0.555077695911109
2018-07-14 12:48:00,-0.5490800816567116
2018-07-14 12:51:00,-0.4875913412767545
2018-07-14 12:54:00,-0.40589071716755143
2018-07-14 12:57:00,-0.5055522618705481
2018-07-14 13:00:00,-0.5546577603386709
2018-07-14 13:03:00,-0.49996412277823765
2018-07-14 13:06:00,-0.3406491766093609
2018-07-14 13:09:00,-0.49077901378774413
2018-07-14 13:12:00,-0.5281836278859942
2018-07-14 13:15:00,-0.4232563123150612
2018-07-14 13:18:00,-0.45150460947343163
2018-07-14 13:21:00,-0.3742379839625869
2018-07-14 13:24:00,-0.3598213379810886
2018-07-14 13:27:00,-0.5756986239424577
2018-07-14 13:30:00,-0.5296416418318586
2018-07-14 13:33:00,-0.4244594458635902
2018-07-14 13:36:00,-0.5625179682355679
2018-07-14 13:39:00,-0.4774118217105183
2018-07-14 13:42:00,-0.3905521608514846
2018-07-14 13:45:00,-0.4190634302216836
2018-07-14 13:48:00,-0.37009130561784787
2018-07-14 13:51:00,-0.5058165093254274
2018-07-14 13:54:00,-0.5183557682768196
2018-07-14 13:57:00,-0.5656054074876238
2018-07-14 14:00:00,-0.5633045591180803
2018-07-14 14:03:00,-0.6062850611973545
2018-07-14 14:06:00,-0.4237256163520442
2018-07-14 14:09:00,-0.4889150542924767
2018-07-14 14:12:00,-0.42451283289136654
2018-07-14 14:15:00,-0.41241596965960525
2018-07-14 14:18:00,-0.5892719525381267
2018-07-14 14:21:00,-0.5961080093388773
2018-07-14 14:24:00,-0.5999597956388811
2018-07-14 14:27:00,-0.4971777710566698
2018-07-14 14:30:00,-0.536326336025752
2018-07-14 14:33:00,-0.5388593382549516
2018-07-14 14:36:00,-0.25284860274922494
2018-07-14 14:39:00,-0.4462917142724905
2018-07-14 14:42:00,-0.48514454846241506
2018-07-14 14:45:00,-0.5116688356986856
2018-07-14 14:48:00,-0.6939216563492323
2018-07-14 14:51:00,-0.6019723369159351
2018-07-14 14:54:00,-0.5856096416989658
2018-07-14 14:57:00,-0.5981401253212084
2018-07-14 15:00:00,-0.5886047637610545
2018-07-14 15:03:00,-0.6145681396862415
2018-07-14 15:06:00,-0.47197351654642716
2018-07-14 15:09:00,-0.5671655671096119
2018-07-14 15:12:00,-0.5559413976781116
2018-07-14 15:15:00,-0.5830536096755736
2018-07-14 15:18:00,-0.4775113508757727
2018-07-14 15:21:00,-0.49221764959901293
2018-07-14 15:24:00,-0.5905247715587052
2018-07-14 15:27:00,-0.5347980736123077
2018-07-14 15:30:00,-0.5207960626459567
2018-07-14 15:33:00,-0.5466241300837851
2018-07-14 15:36:00,-0.593703454915385
2018-07-14 15:39:00,-0.5768246643596058
2018-07-14 15:42:00,-0.6093550697437422
2018-07-14 15:45:00,-0.48296829285476406
2018-07-14 15:48:00,-0.5788288053475981
2018-07-14 15:51:00,-0.5637502860710697
2018-07-14 15:54:00,-0.6442292406462116
2018-07-14 15:57:00,-0.5416521783695316
2018-07-14 16:00:00,-0.5854881701947647
2018-07-14 16:03:00,-0.520741710911409
2018-07-14 16:06:00,-0.5393797982777073
2018-07-14 16:09:00,-0.5326408002064795
2018-07-14 16:12:00,-0.5277379623040588
2018-07-14 16:15:00,-0.5401799104803899
2018-07-14 16:18:00,-0.5230057197455267
2018-07-14 16:21:00,-0.5250706644133629
2018-07-14 16:24:00,-0.5054831422496022
2018-07-14 16:27:00,-0.5006952349693847
2018-07-14 16:30:00,-0.5037217041814301
2018-07-14 16:33:00,-0.5193601746760237
2018-07-14 16:36:00,-0.5946954901747858
2018-07-14 16:39:00,-0.6292707962655868
2018-07-14 16:42:00,-0.5194565027390468
2018-07-14 16:45:00,-0.5419277510648612
2018-07-14 16:48:00,-0.48763129387009485
2018-07-14 16:51:00,-0.5053849639639338
2018-07-14 16:54:00,-0.4117448760421212
2018-07-14 16:57:00,-0.5489407820294332
2018-07-14 17:00:00,-0.5548397486954286
2018-07-14 17:03:00,-0.5531236537946711
2018-07-14 17:06:00,-0.6038298598937786
2018-07-14 17:09:00,-0.5619909220415593
2018-07-14 17:12:00,-0.5619503385713074
2018-07-14 17:15:00,-0.4927622568208676
2018-07-14 17:18:00,-0.5116223515197476
2018-07-14 17:21:00,-0.5340331455149112
2018-07-14 17:24:00,-0.5661325573455542
2018-07-14 17:27:00,-0.4273188971536115
2018-07-14 17:30:00,-0.5057461019006269
2018-07-14 17:33:00,-0.48463214425595424
2018-07-14 17:36:00,-0.4966176559861424
2018-07-14 17:39:00,-0.4712602544212814
2018-07-14 17:42:00,-0.4700455228267515
2018-07-14 17:45:00,-0.559145962612547
2018-07-14 17:48:00,-0.5155615859094951
2018-07-14 17:51:00,-0.4513134910139911
2018-07-14 17:54:00,-0.48097146993859496
2018-07-14 17:57:00,-0.5728679455056636
2018-07-14 18:00:00,-0.536703842979648
2018-07-14 18:03:00,-0.5589012276166727
2018-07-14 18:06:00,-0.49094014917903905
2018-07-14 18:09:00,-0.4986296993055248
2018-07-14 18:12:00,-0.4449862194160801
2018-07-14 18:15:00,-0.48045807817817376
2018-07-14 18:18:00,-0.437648653564338
2018-07-14 18:21:00,-0.4077718610535612
2018-07-14 18:24:00,-0.49704233795404207
2018-07-14 18:27:00,-0.48568104566885495
2018-07-14 18:30:00,-0.40308307278655775
2018-07-14 18:33:00,-0.46600908094922033
2018-07-14 18:36:00,-0.33959083764011666
2018-07-14 18:39:00,-0.37604196219990627
2018-07-14 18:42:00,-0.43180310631817065
2018-07-14 18:45:00,-0.46935080302944243
2018-07-14 18:48:00,-0.37679270452764513
2018-07-14 18:51:00,-0.42214260677860693
2018-07-14 18:54:00,
2018-07-14 18:57:00,
2018-07-14 19:00:00,
2018-07-14 19:03:00,-0.3941117045472424
2018-07-14 19:06:00,-0.33183638479954425
2018-07-14 19:09:00,-0.3792598131922773
2018-07-14 19:12:00,-0.3791669727356748
2018-07-14 19:15:00,-0.3272171301435378
2018-07-14 19:18:00,-0.32141052944456305
2018-07-14 19:21:00,-0.3581247510569483
2018-07-14 19:24:00,-0.30325020395417823
2018-07-14 19:27:00,-0.20338716348493335
2018-07-14 19:30:00,-0.12038685128095494
2018-07-14 19:33:00,-0.2104107131198134
2018-07-14 19:36:00,-0.19596578028028944
2018-07-14 19:39:00,-0.2323346398034687
2018-07-14 19:42:00,-0.21780867412712723
2018-07-14 19:45:00,-0.12001063574962245
2018-07-14 19:48:00,-0.17838829520138688
2018-07-14 19:51:00,-0.1404735510193973
2018-07-14 19:54:00,-0.142718890463982
2018-07-14 19:57:00,-0.17587613630365695
2018-07-14 20:00:00,-0.12967352329746973
2018-07-14 20:03:00,-0.09016263934006474
2018-07-14 20:06:00,-0.1302051507935289
2018-07-14 20:09:00,-0.21787751527347154
2018-07-14 20:12:00,-0.10009496864586254
2018-07-14 20:15:00,-0.15425659578232853
2018-07-14 20:18:00,-0.21561591005934133
2018-07-14 20:21:00,-0.08613021398912224
2018-07-14 20:24:00,-0.15851053025130568
2018-07-14 20:27:00,-0.2212558529607236
2018-07-14 20:30:00,-0.15944795580867321
2018-07-14 20:33:00,-0.07528379743644109
2018-07-14 20:36:00,-0.18540691236182738
2018-07-14 20:39:00,-0.15604274630612736
2018-07-14 20:42:00,-0.1708715686993969
2018-07-14 20:45:00,-0.13428201010424345
2018-07-14 20:48:00,0.016570791758056203
2018-07-14 20:51:00,-0.07183214793025172
2018-07-14 20:54:00,-0.036109462077376975
2018-07-14 20:57:00,-0.01445499407537909
2018-07-14 21:00:00,-0.029864751764989705
2018-07-14 21:03:00,-0.006769976785108156
2018-07-14 21:06:00,0.010038970745256393
2018-07-14 21:09:00,-0.05971596138141422
2018-07-14 21:12:00,-0.026035810385565128
2018-07-14 21:15:00,-0.018916816619309884
2018-07-14 21:18:00,0.012522468636916528
2018-07-14 21:21:00,-0.11298981258210006
2018-07-14 21:24:00,-0.015509529761061458
2018-07-14 21:27:00,-0.043785082516819784
2018-07-14 21:30:00,-0.05592193636414322
2018-07-14 21:33:00,-0.1072418103587438
2018-07-14 21:36:00,-0.0526007575254539
2018-07-14 21:39:00,-0.0013006871198513181
2018-07-14 21:42:00,-0.033114809893049824
2018-07-14 21:45:00,-0.014081517546401301
2018-07-14 21:48:00,-0.02727062750773257
2018-07-14 21:51:00,0.09651326478621058
2018-07-14 21:54:00,0.017653148798387974
2018-07-14 21:57:00,0.006448588944351741
2018-07-14 22:00:00,-0.009620674865914225
2018-07-14 22:03:00,-0.042556948811864004
2018-07-14 22:06:00,0.020397129381706236
2018-07-14 22:09:00,0.014300208486361043
2018-07-14 22:12:00,-0.030504858655831413
2018-07-14 22:15:00,0.0304414432001181
2018-07-14 22:18:00,-0.003990122953496211
2018-07-14 22:21:00,-0.0601524297462106
2018-07-14 22:24:00,-0.046140167018222655
2018-07-14 22:27:00,-0.07253774592396667
2018-07-14 22:30:00,-0.08208123148517643
2018-07-14 22:33:00,-0.05576759769309092
2018-07-14 22:36:00,-0.07572166611203102
2018-07-14 22:39:00,-0.03301446499938265
2018-07-14 22:42:00,-0.10903589686625992
2018-07-14 22:45:00,-0.14897778416758456
2018-07-14 22:48:00,-0.11654206448906734
2018-07-14 22:51:00,-0.05295945456754225
2018-07-14 22:54:00,-0.07907966744517125
2018-07-14 22:57:00,-0.08166929418359814
2018-07-14 23:00:00,-0.04819175447624957
2018-07-14 23:03:00,-0.1124949123872625
2018-07-14 23:06:00,-0.036349261921373
2018-07-14 23:09:00,-0.07842769377333525
2018-07-14 23:12:00,-0.04353379840074467
2018-07-14 23:15:00,-0.08877344032299561
2018-07-14 23:18:00,-0.06751657116865317
2018-07-14 23:21:00,-0.010098073676772401
2018-07-14 23:24:00,-0.033606372420592834
2018-07-14 23:27:00,-0.04888707947685589
2018-07-14 23:30:00,-0.1615360277904756
2018-07-14 23:33:00,-0.047574156650227906
2018-07-14 23:36:00,-0.09460707806533719
2018-07-14 23:39:00,-0.028453669164093753
2018-07-14 23:42:00,-0.04821891015626534
2018-07-14 23:45:00,-0.07410523959822513
2018-07-14 23:48:00,-0.11639248730296003
2018-07-14 23:51:00,-0.07896972648723022
2018-07-14 23:54:00,-0.05306043623198775
2018-07-14 23:57:00,-0.1268955759952064
2018-07-15 00:00:00,-0.07323571650641725
2018-07-15 00:03:00,-0.1578249495964883
2018-07-15 00:06:00,-0.07722704015901627
2018-07-15 00:09:00,-0.09010791855240541
2018-07-15 00:12:00,-0.06786293082734574
2018-07-15 00:15:00,-0.012630631005947635
2018-07-15 00:18:00,-0.018894574639318762
2018-07-15 00:21:00,0.011303057168959185
2018-07-15 00:24:00,0.03769836954239736
2018-07-15 00:27:00,-0.109481950588588
2018-07-15 00:30:00,-0.02864834583266429
2018-07-15 00:33:00,-0.050993220520069826
2018-07-15 00:36:00,-0.09210565424473316
2018-07-15 00:39:00,-0.15526029193455315
2018-07-15 00:42:00,-0.14645990795298758
2018-07-15 00:45:00,-0.12657005045792857
2018-07-15 00:48:00,-0.10800953674163338
2018-07-15 00:51:00,0.011250814495610939
2018-07-15 00:54:00,-0.010067028076832685
2018-07-15 00:57:00,0.0432831863362253
2018-07-15 01:00:00,0.08321775341863713
2018-07-15 01:03:00,0.10226484040003925
2018-07-15 01:06:00,-0.0016134941842551598
2018-07-15 01:09:00,0.11183428991790834
2018-07-15 01:12:00,0.07285104701060163
2018-07-15 01:15:00,0.10510948764652994
2018-07-15 01:18:00,0.1247887553191731
2018-07-15 01:21:00,0.10894804851335493
2018-07-15 01:24:00,0.042450935020610814
2018-07-15 01:27:00,0.13351945525181463
2018-07-15 01:30:00,0.19827458079709004
2018-07-15 01:33:00,0.30030661509800893
2018-07-15 01:36:00,0.3287670151756288
2018-07-15 01:39:00,0.17679157079078323
2018-07-15 01:42:00,0.116572836874127
2018-07-15 01:45:00,0.24303543749664414
2018-07-15 01:48:00,0.2652275712577534
2018-07-15 01:51:00,0.23281047045878722
2018-07-15 01:54:00,0.16967407011520663
2018-07-15 01:57:00,0.08702276060222403
2018-07-15 02:00:00,0.09718099696078752
2018-07-15 02:03:00,0.015651958282319356
2018-07-15 02:06:00,-0.03388429206870569
2018-07-15 02:09:00,-0.10016922432112096
2018-07-15 02:12:00,-0.04142799907384642
2018-07-15 02:15:00,0.03277847715514781
2018-07-15 02:18:00,0.041195027121261774
2018-07-15 02:21:00,0.02092841075676688
2018-07-15 02:24:00,0.0332160059036255
2018-07-15 02:27:00,0.10110960494603205
2018-07-15 02:30:00,0.02395150779176447
2018-07-15 02:33:00,-0.02435207339402723
2018-07-15 02:36:00,0.08173972961429854
2018-07-15 02:39:00,0.17734791478903844
2018-07-15 02:42:00,0.03944030739677373
2018-07-15 02:45:00,0.03935523671930241
2018-07-15 02:48:00,0.10610547399244297
2018-07-15 02:51:00,0.2202966177678718
2018-07-15 02:54:00,0.2146259718135184
2018-07-15 02:57:00,0.2005348799389708
2018-07-15 03:00:00,0.2173684312793398
2018-07-15 03:03:00,0.18326822883602745
2018-07-15 03:06:00,0.14346309378038313
2018-07-15 03:09:00,0.18159384647572097
2018-07-15 03:12:00,0.09718268801339036
2018-07-15 03:15:00,0.09706369445382279
2018-07-15 03:18:00,0.12168864515246014
2018-07-15 03:21:00,0.1394369998035927
2018-07-15 03:24:00,0.13393010622132806
2018-07-15 03:27:00,0.14217302622091665
2018-07-15 03:30:00,0.13930566961971635
2018-07-15 03:33:00,0.16283289706075266
2018-07-15 03:36:00,0.19278868161023865
2018-07-15 03:39:00,0.2082845518148133
2018-07-15 03:42:00,0.13869007315639692
2018-07-15 03:45:00,0.12447026022221053
2018-07-15 03:48:00,0.06837862224563196
2018-07-15 03:51:00,0.08974533534325246
2018-07-15 03:54:00,0.217179280938808
2018-07-15 03:57:00,0.13424673284640676
2018-07-15 04:00:00,0.11313652423405074
2018-07-15 04:03:00,0.1369272734674496
2018-07-15 04:06:00,0.19652774966215247
2018-07-15 04:09:00,0.22745871274918272
2018-07-15 04:12:00,0.2538969967025082
2018-07-15 04:15:00,0.27314118504409635
2018-07-15 04:18:00,0.1887695331030841
2018-07-15 04:21:00,0.20385964917295496
2018-07-15 04:24:00,0.21838645823362413
2018-07-15 04:27:00,0.2127989034633515
2018-07-15 04:30:00,0.17808284963837195
2018-07-15 04:33:00,0.2644055923779547
2018-07-15 04:36:00,0.26538033908468606
2018-07-15 04:39:00,0.1915643246642844
2018-07-15 04:42:00,0.14426054987501402
2018-07-15 04:45:00,0.28376418029569095
2018-07-15 04:48:00,0.19587995844131
2018-07-15 04:51:00,0.16529527607713135
2018-07-15 04:54:00,0.24161876608900457
2018-07-15 04:57:00,0.19531979927575094
2018-07-15 05:00:00,0.13395176803760478
2018-07-15 05:03:00,0.17526017711395525
2018-07-15 05:06:00,0.22327159558807352
2018-07-15 05:09:00,0.16629197678878427
2018-07-15 05:12:00,0.17977338894348804
2018-07-15 05:15:00,0.18095339633953245
2018-07-15 05:18:00,0.18678983524119985
2018-07-15 05:21:00,0.10151168351688966
2018-07-15 05:24:00,0.18134076888372874
2018-07-15 05:27:00,0.12007925196604674
2018-07-15 05:30:00,0.1825176596722713
2018-07-15 05:33:00,0.1505573841445198
2018-07-15 05:36:00,0.08100354580011526
2018-07-15 05:39:00,0.07809140064074427
2018-07-15 05:42:00,0.19690231657142476
2018-07-15 05:45:00,0.16813057331779646
2018-07-15 05:48:00,0.11259069486908402
2018-07-15 05:51:00,0.1643051536684652
2018-07-15 05:54:00,0.15975006409018988
2018-07-15 05:57:00,0.11868453165436676
2018-07-15 06:00:00,0.20923646632888904
2018-07-15 06:03:00,0.17628929826690865
2018-07-15 06:06:00,0.11318109540269461
2018-07-15 06:09:00,0.19748346982379417
2018-07-15 06:12:00,0.15761615190547218
2018-07-15 06:15:00,0.22487329027512715
2018-07-15 06:18:00,0.2387930892129475
2018-07-15 06:21:00,0.24164779489979082
2018-07-15 06:24:00,0.25334347414604963
2018-07-15 06:27:00,0.27688633378437544
2018-07-15 06:30:00,0.3722072876565221
2018-07-15 06:33:00,0.2519162932592849
2018-07-15 06:36:00,0.294485441769325
2018-07-15 06:39:00,0.24033325192868915
2018-07-15 06:42:00,0.384903790117221
2018-07-15 06:45:00,0.23736724612740545
2018-07-15 06:48:00,0.2889711455578663
2018-07-15 06:51:00,0.22830981578715637
2018-07-15 06:54:00,0.2651474701810912
2018-07-15 06:57:00,0.2712819176088601
2018-07-15 07:00:00,0.2242655988755473
2018-07-15 07:03:00,0.2219727667704774
2018-07-15 07:06:00,0.25247769719499047
2018-07-15 07:09:00,0.2525061366267778
2018-07-15 07:12:00,0.2961697071040703
2018-07-15 07:15:00,0.3302213251348576
2018-07-15 07:18:00,0.2768184414702546
2018-07-15 07:21:00,0.2504055963261749
2018-07-15 07:24:00,0.22512343389223588
2018-07-15 07:27:00,0.2383690169827446
2018-07-15 07:30:00,0.22503095872673384
2018-07-15 07:33:00,0.22619428985484547
2018-07-15 07:36:00,0.18715662755545281
2018-07-15 07:39:00,0.25566919590716
2018-07-15 07:42:00,0.22065703763070132
2018-07-15 07:45:00,0.1802422310464067
2018-07-15 07:48:00,0.2208809321480203
2018-07-15 07:51:00,0.25087622520578634
2018-07-15 07:54:00,0.21426350738670408
2018-07-15 07:57:00,0.1662478158890508
2018-07-15 08:00:00,0.16449544893703205
2018-07-15 08:03:00,0.11345345826202902
2018-07-15 08:06:00,0.17072061732113752
2018-07-15 08:09:00,0.11845132537587233
2018-07-15 08:12:00,0.09591284463982674
2018-07-15 08:15:00,0.12403115317692937
2018-07-15 08:18:00,0.09149309965198427
2018-07-15 08:21:00,0.0934833424213366
2018-07-15 08:24:00,0.06237655621481508
2018-07-15 08:27:00,0.19587199269625444
2018-07-15 08:30:00,0.06533733654003981
2018-07-15 08:33:00,-0.017218294219674135
2018-07-15 08:36:00,-0.018030566986908525
2018-07-15 08:39:00,0.013169591480902909
2018-07-15 08:42:00,0.0009353136409799845
2018-07-15 08:45:00,-0.10839374729278006
2018-07-15 08:48:00,0.00018380194535438932
2018-07-15 08:51:00,-0.11444663079396378
2018-07-15 08:54:00,-0.028903649884796323
2018-07-15 08:57:00,-0.05887117896895688
2018-07-15 09:00:00,-0.13516387058945156
2018-07-15 09:03:00,-0.19188262481401352
2018-07-15 09:06:00,-0.04800283231764979
2018-07-15 09:09:00,-0.11408099515796266
2018-07-15 09:12:00,-0.07371178743386508
2018-07-15 09:15:00,-0.10907158817332174
2018-07-15 09:18:00,-0.16028668458869788
2018-07-15 09:21:00,-0.13864179642843055
2018-07-15 09:24:00,-0.1187164737299895
2018-07-15 09:27:00,-0.08490630268215682
2018-07-15 09:30:00,-0.19490745942812282
2018-07-15 09:33:00,-0.1714731452997853
2018-07-15 09:36:00,-0.1985085307759391
2018-07-15 09:39:00,-0.10018147747933881
2018-07-15 09:42:00,-0.024704031509315882
2018-07-15 09:45:00,-0.23545624320149727
2018-07-15 09:48:00,-0.16964097596314787
2018-07-15 09:51:00,-0.14446124119587012
2018-07-15 09:54:00,-0.16890275882173
2018-07-15 09:57:00,-0.1828138192726101
2018-07-15 10:00:00,-0.25587193283291754
2018-07-15 10:03:00,-0.26819504463821886
2018-07-15 10:06:00,-0.27616930498271586
2018-07-15 10:09:00,-0.25173339680105755
2018-07-15 10:12:00,-0.18149800510428804
2018-07-15 10:15:00,-0.21740000302349927
2018-07-15 10:18:00,-0.3045250227411884
2018-07-15 10:21:00,-0.1954118931357698
2018-07-15 10:24:00,-0.23368337203294232
2018-07-15 10:27:00,-0.2341311395131811
2018-07-15 10:30:00,-0.24769546538084342
2018-07-15 10:33:00,-0.2342494860118336
2018-07-15 10:36:00,-0.2308566247235717
2018-07-15 10:39:00,-0.35583135156446133
2018-07-15 10:42:00,-0.2883475028824023
2018-07-15 10:45:00,-0.23007117590253756
2018-07-15 10:48:00,-0.33514069773735855
2018-07-15 10:51:00,-0.09573490223465342
2018-07-15 10:54:00,-0.29568790118406696
2018-07-15 10:57:00,-0.26785199478825916
2018-07-15 11:00:00,-0.31530134717343117
2018-07-15 11:03:00,-0.3302624103213816
2018-07-15 11:06:00,-0.3329015204807888
2018-07-15 11:09:00,-0.38135918545663117
2018-07-15 11:12:00,-0.4619655706431445
2018-07-15 11:15:00,-0.36078066111235785
2018-07-15 11:18:00,-0.32584815204410233
2018-07-15 11:21:00,-0.4391546881719819
2018-07-15 11:24:00,-0.48500451529650945
2018-07-15 11:27:00,-0.4221215255076345
2018-07-15 11:30:00,-0.5221740022128074
2018-07-15 11:33:00,-0.4066642133453229
2018-07-15 11:36:00,-0.45636088908867123
2018-07-15 11:39:00,-0.4285498679034845
2018-07-15 11:42:00,-0.4338755007194095
2018-07-15 11:45:00,-0.5044719605186287
2018-07-15 11:48:00,-0.605665346382068
2018-07-15 11:51:00,-0.4634349559970019
2018-07-15 11:54:00,-0.4300372505364294
2018-07-15 11:57:00,-0.3941968925512924
2018-07-15 12:00:00,-0.6384136585898545
2018-07-15 12:03:00,-0.57495083600935
2018-07-15 12:06:00,-0.4345550800262572
2018-07-15 12:09:00,-0.42454898620195536
2018-07-15 12:12:00,-0.42533825362295374
2018-07-15 12:15:00,-0.5101467745997752
2018-07-15 12:18:00,-0.5649668346082422
2018-07-15 12:21:00,-0.4938067092279539
2018-07-15 12:24:00,-0.568219211668179
2018-07-15 12:27:00,-0.545665723904051
2018-07-15 12:30:00,-0.48026426320649307
2018-07-15 12:33:00,-0.5144893778986557
2018-07-15 12:36:00,-0.495462526170968
2018-07-15 12:39:00,-0.46724724836047926
2018-07-15 12:42:00,-0.391304627858176
2018-07-15 12:45:00,-0.5168868187436715
2018-07-15 12:48:00,-0.4443603653895707
2018-07-15 12:51:00,-0.5569718708536584
2018-07-15 12:54:00,-0.47667986826405695
2018-07-15 12:57:00,-0.48260078863648914
2018-07-15 13:00:00,-0.5273308051446861
2018-07-15 13:03:00,-0.5592640174857024
2018-07-15 13:06:00,-0.49800831566034276
2018-07-15 13:09:00,-0.4779656120794016
2018-07-15 13:12:00,-0.4310002904093153
2018-07-15 13:15:00,-0.5010211813025762
2018-07-15 13:18:00,-0.5042145209205842
2018-07-15 13:21:00,-0.4116163837040858
2018-07-15 13:24:00,-0.3453647306612311
2018-07-15 13:27:00,-0.1978535111011297
2018-07-15 13:30:00,-0.24057736128571605
2018-07-15 13:33:00,-0.3762866435540104
2018-07-15 13:36:00,-0.5284746290752764
2018-07-15 13:39:00,-0.5403088900658304
2018-07-15 13:42:00,-0.4694182306147354
2018-07-15 13:45:00,-0.3683006631446233
2018-07-15 13:48:00,-0.563011641536491
2018-07-15 13:51:00,-0.6062271429389057
2018-07-15 13:54:00,-0.4485050802761066
2018-07-15 13:57:00,-0.32063835718139444
2018-07-15 14:00:00,-0.5095103899670335
2018-07-15 14:03:00,-0.6328529380472219
2018-07-15 14:06:00,-0.596824474508935
2018-07-15 14:09:00,-0.5378920916751895
2018-07-15 14:12:00,-0.5756580577299815
2018-07-15 14:15:00,-0.5406763220731818
2018-07-15 14:18:00,-0.5639405464478955
2018-07-15 14:21:00,-0.5401799629667607
2018-07-15 14:24:00,-0.6277851800715553
2018-07-15 14:27:00,-0.6597190198378371
2018-07-15 14:30:00,-0.43027096838801526
2018-07-15 14:33:00,-0.2703809953284235
2018-07-15 14:36:00,-0.3439265940805285
2018-07-15 14:39:00,-0.6045785017421963
2018-07-15 14:42:00,-0.568467383353152
2018-07-15 14:45:00,-0.5563762663012426
2018-07-15 14:48:00,-0.6437300315840844
2018-07-15 14:51:00,-0.6329659548210316
2018-07-15 14:54:00,-0.680280168358081
2018-07-15 14:57:00,-0.582683364927675
2018-07-15 15:00:00,-0.5929735710448654
2018-07-15 15:03:00,-0.4544454180640969
2018-07-15 15:06:00,-0.31035153218078904
2018-07-15 15:09:00,-0.265189446299928
2018-07-15 15:12:00,-0.5047104614426416
2018-07-15 15:15:00,-0.3809847724495512
2018-07-15 15:18:00,-0.5790090499526173
2018-07-15 15:21:00,-0.568205134234347
2018-07-15 15:24:00,-0.6286711337574502
2018-07-15 15:27:00,-0.6884443905027524
2018-07-15 15:30:00,-0.5966900974549958
2018-07-15 15:33:00,-0.7334887628958882
2018-07-15 15:36:00,-0.6136377806564042
2018-07-15 15:39:00,-0.5711445584909143
2018-07-15 15:42:00,-0.6096450700770788
2018-07-15 15:45:00,-0.4919873455201582
2018-07-15 15:48:00,-0.5891111886757585
2018-07-15 15:51:00,-0.5742889639620898
2018-07-15 15:54:00,-0.6142514222856903
2018-07-15 15:57:00,-0.5647193024069566
2018-07-15 16:00:00,-0.5816196604804418
2018-07-15 16:03:00,-0.6189579933393361
2018-07-15 16:06:00,-0.5134794955915254
2018-07-15 16:09:00,-0.6853882399108784
2018-07-15 16:12:00,-0.5931454900473909
2018-07-15 16:15:00,-0.5609510516774208
2018-07-15 16:18:00,-0.5551652301340368
2018-07-15 16:21:00,-0.6008179709510841
2018-07-15 16:24:00,-0.5020315792317547
2018-07-15 16:27:00,-0.535846064182067
2018-07-15 16:30:00,-0.46311699837247033
2018-07-15 16:33:00,-0.5940409491248033
2018-07-15 16:36:00,-0.5525600192049183
2018-07-15 16:39:00,-0.5850982379113816
2018-07-15 16:42:00,-0.45417031310080347
2018-07-15 16:45:00,-0.5914644127315682
2018-07-15 16:48:00,-0.4601511003078258
2018-07-15 16:51:00,-0.5109616431205382
2018-07-15 16:54:00,-0.511706228461037
2018-07-15 16:57:00,-0.6037397709712309
2018-07-15 17:00:00,-0.528227793092924
2018-07-15 17:03:00,-0.5647087200012493
2018-07-15 17:06:00,-0.5938775724237075
2018-07-15 17:09:00,-0.5004636383142724
2018-07-15 17:12:00,-0.5668320244871552
2018-07-15 17:15:00,-0.46381710509729146
2018-07-15 17:18:00,-0.4909614540677012
2018-07-15 17:21:00,-0.512954425097746
2018-07-15 17:24:00,-0.5532584600745736
2018-07-15 17:27:00,-0.4318206220156071
2018-07-15 17:30:00,-0.5218195378469659
2018-07-15 17:33:00,-0.47147698031716345
2018-07-15 17:36:00,-0.48482341120990213
2018-07-15 17:39:00,-0.45515903683002534
2018-07-15 17:42:00,-0.4829751814851875
2018-07-15 17:45:00,-0.47494902797780014
2018-07-15 17:48:00,-0.40630663251175747
2018-07-15 17:51:00,-0.5067680305314184
2018-07-15 17:54:00,-0.39037363948466464
2018-07-15 17:57:00,-0.49228339208241323
2018-07-15 18:00:00,-0.41516667673744223
2018-07-15 18:03:00,-0.4529391184571523
2018-07-15 18:06:00,-0.482678203729904
2018-07-15 18:09:00,-0.4400785938381091
2018-07-15 18:12:00,-0.3378198953291758
2018-07-15 18:15:00,-0.4414643853077109
2018-07-15 18:18:00,-0.451750601901324
2018-07-15 18:21:00,-0.35693219665165543
2018-07-15 18:24:00,-0.4344353921231914
2018-07-15 18:27:00,-0.37373463236224325
2018-07-15 18:30:00,-0.3693051088666266
2018-07-15 18:33:00,-0.3368159440169052
2018-07-15 18:36:00,-0.3545244556274838
2018-07-15 18:39:00,-0.3387357198126324
2018-07-15 18:42:00,-0.2851770028368037
2018-07-15 18:45:00,-0.4500680995049038
2018-07-15 18:48:00,-0.4413420345202326
2018-07-15 18:51:00,-0.25343955343373636
2018-07-15 18:54:00,
2018-07-15 18:57:00,
2018-07-15 19:00:00,
2018-07-15 19:03:00,-0.2811758909273294
2018-07-15 19:06:00,-0.332320390215898
2018-07-15 19:09:00,-0.37494621178944953
2018-07-15 19:12:00,-0.24832419617740698
2018-07-15 19:15:00,-0.2902053393463575
2018-07-15 19:18:00,-0.22622015280018104
2018-07-15 19:21:00,-0.3203071459233229
2018-07-15 19:24:00,-0.30218359119118077
2018-07-15 19:27:00,-0.3352105063638646
2018-07-15 19:30:00,-0.37349635449430707
2018-07-15 19:33:00,-0.24002613188343958
2018-07-15 19:36:00,-0.2759070310646621
2018-07-15 19:39:00,-0.35860935823274076
2018-07-15 19:42:00,-0.29063475055806975
2018-07-15 19:45:00,-0.2342640893066914
2018-07-15 19:48:00,-0.3675531118769868
2018-07-15 19:51:00,-0.20253236022023202
2018-07-15 19:54:00,-0.3640114293297074
2018-07-15 19:57:00,-0.2467506480736006
2018-07-15 20:00:00,-0.3360975839759135
2018-07-15 20:03:00,-0.2994205230133957
2018-07-15 20:06:00,-0.22588146015908706
2018-07-15 20:09:00,-0.18647437800626676
2018-07-15 20:12:00,-0.1492576483771586
2018-07-15 20:15:00,-0.2060035702167511
2018-07-15 20:18:00,-0.16337957712755724
2018-07-15 20:21:00,-0.14657645290026267
2018-07-15 20:24:00,-0.2024055285073132
2018-07-15 20:27:00,-0.1452059088749138
2018-07-15 20:30:00,-0.2699355233580718
2018-07-15 20:33:00,-0.140848401581934
2018-07-15 20:36:00,-0.16296327762660212
2018-07-15 20:39:00,-0.10018593165040102
2018-07-15 20:42:00,-0.1142523383241496
2018-07-15 20:45:00,-0.04541801503648912
2018-07-15 20:48:00,-0.12254026504012927
2018-07-15 20:51:00,-0.21284784902627507
2018-07-15 20:54:00,-0.12335026234359248
2018-07-15 20:57:00,-0.02808595837939265
2018-07-15 21:00:00,-0.07432286640710117
2018-07-15 21:03:00,-0.13107718435719562
2018-07-15 21:06:00,-0.14834823325588786
2018-07-15 21:09:00,-0.07866535392628293
2018-07-15 21:12:00,-0.15506542064616724
2018-07-15 21:15:00,-0.18846037003913807
2018-07-15 21:18:00,-0.18933084243570875
2018-07-15 21:21:00,-0.11479047786752972
2018-07-15 21:24:00,-0.16258666061492022
2018-07-15 21:27:00,-0.10432999719364489
2018-07-15 21:30:00,-0.045395602152893844
2018-07-15 21:33:00,-0.03303072773161375
2018-07-15 21:36:00,-0.06614467360668641
2018-07-15 21:39:00,-0.09805786628476199
2018-07-15 21:42:00,-0.06526170527229169
2018-07-15 21:45:00,-0.06818634799145684
2018-07-15 21:48:00,-0.04022738443666185
2018-07-15 21:51:00,0.04319803994354743
2018-07-15 21:54:00,-0.07535420464796516
2018-07-15 21:57:00,-0.08763249300267262
2018-07-15 22:00:00,-0.07273822301704058
2018-07-15 22:03:00,-0.08433718928245071
2018-07-15 22:06:00,-0.03348957624370996
2018-07-15 22:09:00,-0.011074216434167283
2018-07-15 22:12:00,-0.032319467905551846
2018-07-15 22:15:00,0.03813876345719791
2018-07-15 22:18:00,-0.016921819068386412
2018-07-15 22:21:00,-0.06061074268762923
2018-07-15 22:24:00,-0.0958339694325332
2018-07-15 22:27:00,-0.08059476571821733
2018-07-15 22:30:00,0.051076677122182446
2018-07-15 22:33:00,-0.014074028433071817
2018-07-15 22:36:00,0.011411339487210626
2018-07-15 22:39:00,-0.08747477793463077
2018-07-15 22:42:00,-0.010543773623112429
2018-07-15 22:45:00,-0.002264184823445703
2018-07-15 22:48:00,0.009351937738131255
2018-07-15 22:51:00,-0.0886880088135058
2018-07-15 22:54:00,0.0009409840633338717
2018-07-15 22:57:00,0.05540735296938237
2018-07-15 23:00:00,0.049459718600814995
2018-07-15 23:03:00,-0.10517248947053304
2018-07-15 23:06:00,-0.13437622700649854
2018-07-15 23:09:00,-0.028349170634669463
2018-07-15 23:12:00,0.010072023203690605
2018-07-15 23:15:00,0.00962523138105098
2018-07-15 23:18:00,-0.043962502295812556
2018-07-15 23:21:00,-0.09879814134961862
2018-07-15 23:24:00,-0.11630323318632918
2018-07-15 23:27:00,-0.034106727768175915
2018-07-15 23:30:00,0.02167193770691256
2018-07-15 23:33:00,-0.07680589761059764
2018-07-15 23:36:00,-0.03202620091605013
2018-07-15 23:39:00,-0.10403984047599124
2018-07-15 23:42:00,-0.08337693107910127
2018-07-15 23:45:00,0.002937875080590402
2018-07-15 23:48:00,-0.08983071016996291
2018-07-15 23:51:00,-0.006470333596837463
2018-07-15 23:54:00,-0.05431492984786246
2018-07-15 23:57:00,0.009433332977607733
2018-07-16 00:00:00,0.013676696229310892
2018-07-16 00:03:00,0.0012309601381161883
2018-07-16 00:06:00,-0.07840796326979671
2018-07-16 00:09:00,-0.1281999488100496
2018-07-16 00:12:00,-0.08549180461915284
2018-07-16 00:15:00,-0.14774642297862783
2018-07-16 00:18:00,-0.06885242684489867
2018-07-16 00:21:00,-0.07305114198203455
2018-07-16 00:24:00,0.04105511441019871
2018-07-16 00:27:00,0.02466499024768609
2018-07-16 00:30:00,-0.08294924505509016
2018-07-16 00:33:00,-0.020344076292474256
2018-07-16 00:36:00,-0.029054605254771104
2018-07-16 00:39:00,0.030546696131807494
2018-07-16 00:42:00,-0.050634949895652426
2018-07-16 00:45:00,-0.06840049435641049
2018-07-16 00:48:00,-0.06158939466558877
2018-07-16 00:51:00,-0.1026489884694115
2018-07-16 00:54:00,-0.1228217262755038
2018-07-16 00:57:00,-0.14513158528785652
2018-07-16 01:00:00,-0.051101849705162294
2018-07-16 01:03:00,-0.1425843069974917
2018-07-16 01:06:00,-0.10379198269987455
2018-07-16 01:09:00,0.03178929967668864
2018-07-16 01:12:00,-0.06419488854538713
2018-07-16 01:15:00,-0.09890105226600099
2018-07-16 01:18:00,-0.09249514827297389
2018-07-16 01:21:00,-0.0875688807607844
2018-07-16 01:24:00,-0.09704171378172077
2018-07-16 01:27:00,-0.07167747195643415
2018-07-16 01:30:00,-0.008610443048382876
2018-07-16 01:33:00,-0.05469404567691072
2018-07-16 01:36:00,0.02032164909445555
2018-07-16 01:39:00,-0.027282432021877412
2018-07-16 01:42:00,-0.014446570779796275
2018-07-16 01:45:00,-0.0028443469791454845
2018-07-16 01:48:00,-0.0021029126697840184
2018-07-16 01:51:00,0.0496973151820157
2018-07-16 01:54:00,0.06802030805386039
2018-07-16 01:57:00,0.03317151150929476
2018-07-16 02:00:00,0.01174513706291691
2018-07-16 02:03:00,-0.0016285493225041137
2018-07-16 02:06:00,0.09062009603263732
2018-07-16 02:09:00,-0.08499154051571622
2018-07-16 02:12:00,0.09195776617713136
2018-07-16 02:15:00,0.12230888253731109
2018-07-16 02:18:00,0.084163788577996
2018-07-16 02:21:00,0.15466159612668662
2018-07-16 02:24:00,0.08739121020755647
2018-07-16 02:27:00,0.13992822358159174
2018-07-16 02:30:00,0.09342355423751769
2018-07-16 02:33:00,0.05368102351644666
2018-07-16 02:36:00,0.11375922802318428
2018-07-16 02:39:00,0.06398893929252836
2018-07-16 02:42:00,0.07340408552721556
2018-07-16 02:45:00,0.03003481935087393
2018-07-16 02:48:00,0.12035193103332631
2018-07-16 02:51:00,0.11764488599249034
2018-07-16 02:54:00,0.14823243874337777
2018-07-16 02:57:00,0.1618083976914022
2018-07-16 03:00:00,0.17662882860838636
2018-07-16 03:03:00,0.15137384484000904
2018-07-16 03:06:00,0.12878581749299656
2018-07-16 03:09:00,0.12028023963472378
2018-07-16 03:12:00,0.19899705109571642
2018-07-16 03:15:00,0.16168466474596244
2018-07-16 03:18:00,0.1315720139066343
2018-07-16 03:21:00,0.2063815390590662
2018-07-16 03:24:00,0.1181920768474356
2018-07-16 03:27:00,0.12937646071259223
2018-07-16 03:30:00,0.13019065448673928
2018-07-16 03:33:00,0.13596076230658127
2018-07-16 03:36:00,0.1526012198877993
2018-07-16 03:39:00,0.2106842396363504
2018-07-16 03:42:00,0.16842960749204394
2018-07-16 03:45:00,0.22648123708859202
2018-07-16 03:48:00,0.13361849228982692
2018-07-16 03:51:00,0.1331331709184269
2018-07-16 03:54:00,0.11411314859543609
2018-07-16 03:57:00,0.2000614954924913
2018-07-16 04:00:00,0.147683429480594
2018-07-16 04:03:00,0.1521062159021085
2018-07-16 04:06:00,0.20015228651112693
2018-07-16 04:09:00,0.2063866443468214
2018-07-16 04:12:00,0.23223764686099457
2018-07-16 04:15:00,0.163464412245105
2018-07-16 04:18:00,0.1727798041160895
2018-07-16 04:21:00,0.11832127771680234
2018-07-16 04:24:00,0.058051239631879525
2018-07-16 04:27:00,0.13863809333878407
2018-07-16 04:30:00,0.27610688685405194
2018-07-16 04:33:00,0.21050718530477752
2018-07-16 04:36:00,0.259686967691664
2018-07-16 04:39:00,0.24003801983764106
2018-07-16 04:42:00,0.18610676009217286
2018-07-16 04:45:00,0.14004439064945018
2018-07-16 04:48:00,0.17550354538633428
2018-07-16 04:51:00,0.21467005273024142
2018-07-16 04:54:00,0.2080570654060807
2018-07-16 04:57:00,0.21526496221332536
2018-07-16 05:00:00,0.2643426559477007
2018-07-16 05:03:00,0.3241648870128415
2018-07-16 05:06:00,0.33935974069260055
2018-07-16 05:09:00,0.2407871652586664
2018-07-16 05:12:00,0.2223244119819583
2018-07-16 05:15:00,0.13182244797883413
2018-07-16 05:18:00,0.21916962365213521
2018-07-16 05:21:00,0.20781230221996339
2018-07-16 05:24:00,0.24284953012949018
2018-07-16 05:27:00,0.1743374568943068
2018-07-16 05:30:00,0.22763781111120807
2018-07-16 05:33:00,0.22851134208264057
2018-07-16 05:36:00,0.25151414842730446
2018-07-16 05:39:00,0.24837613358624822
2018-07-16 05:42:00,0.2652585059258854
2018-07-16 05:45:00,0.2628204989432561
2018-07-16 05:48:00,0.19406660434145806
2018-07-16 05:51:00,0.1786666319254664
2018-07-16 05:54:00,0.3145579045404361
2018-07-16 05:57:00,0.1399168835743012
2018-07-16 06:00:00,0.11655911705844346
2018-07-16 06:03:00,0.2129360159353837
2018-07-16 06:06:00,0.1547946058436196
2018-07-16 06:09:00,0.23035280595189533
2018-07-16 06:12:00,0.2266122275126463
2018-07-16 06:15:00,0.21963714809118073
2018-07-16 06:18:00,0.2868566389190619
2018-07-16 06:21:00,0.22491242113125054
2018-07-16 06:24:00,0.2494679383220273
2018-07-16 06:27:00,0.2527853439430032
2018-07-16 06:30:00,0.3421044229954191
2018-07-16 06:33:00,0.25651439469658044
2018-07-16 06:36:00,0.2249664415951429
2018-07-16 06:39:00,0.32630492011116985
2018-07-16 06:42:00,0.28556013226881305
2018-07-16 06:45:00,0.15518259632204945
2018-07-16 06:48:00,0.2021871784301652
2018-07-16 06:51:00,0.3252908057588684
2018-07-16 06:54:00,0.21892764325616554
2018-07-16 06:57:00,0.32889675969158816
2018-07-16 07:00:00,0.2891764799600196
2018-07-16 07:03:00,0.2906025945134729
2018-07-16 07:06:00,0.259569622533661
2018-07-16 07:09:00,0.3372517677167366
2018-07-16 07:12:00,0.2768218079422695
2018-07-16 07:15:00,0.26627604354422374
2018-07-16 07:18:00,0.20818322700932868
2018-07-16 07:21:00,0.2783675963325436
2018-07-16 07:24:00,0.24123499313049024
2018-07-16 07:27:00,0.2212284660278101
2018-07-16 07:30:00,0.22025084488660696
2018-07-16 07:33:00,0.185332174990549
2018-07-16 07:36:00,0.24426038698931052
2018-07-16 07:39:00,0.12271250911749121
2018-07-16 07:42:00,0.20288968475807678
2018-07-16 07:45:00,0.20532999992434497
2018-07-16 07:48:00,0.1901686160891245
2018-07-16 07:51:00,0.21047404126119318
2018-07-16 07:54:00,0.16031485395933487
2018-07-16 07:57:00,0.16437259476708732
2018-07-16 08:00:00,0.12550016349126736
2018-07-16 08:03:00,0.08010435440417041
2018-07-16 08:06:00,0.10157552645569012
2018-07-16 08:09:00,0.07914402272825782
2018-07-16 08:12:00,0.05588728539544263
2018-07-16 08:15:00,0.15013084407087263
2018-07-16 08:18:00,0.10434251722443832
2018-07-16 08:21:00,0.020607549271801417
2018-07-16 08:24:00,0.06867032289920871
2018-07-16 08:27:00,0.11964573730205075
2018-07-16 08:30:00,0.05554913714581744
2018-07-16 08:33:00,0.06899843720344734
2018-07-16 08:36:00,-0.029421924469261285
2018-07-16 08:39:00,-0.017172967838291697
2018-07-16 08:42:00,0.08549679555750345
2018-07-16 08:45:00,0.01759970193211302
2018-07-16 08:48:00,-0.00010157869382965146
2018-07-16 08:51:00,-0.01100420734906038
2018-07-16 08:54:00,-0.10286290336938464
2018-07-16 08:57:00,-0.1604720077596653
2018-07-16 09:00:00,-0.1277331552424812
2018-07-16 09:03:00,-0.16897151751993533
2018-07-16 09:06:00,-0.22108705486027702
2018-07-16 09:09:00,-0.2686743011508952
2018-07-16 09:12:00,-0.18024444243332027
2018-07-16 09:15:00,-0.2884208981075176
2018-07-16 09:18:00,-0.2935152862222594
2018-07-16 09:21:00,-0.2412291250209364
2018-07-16 09:24:00,-0.3407795182424138
2018-07-16 09:27:00,-0.3068833486283893
2018-07-16 09:30:00,-0.34603059574095596
2018-07-16 09:33:00,-0.2916840394063911
2018-07-16 09:36:00,-0.33155588854310736
2018-07-16 09:39:00,-0.30296221275381185
2018-07-16 09:42:00,-0.36008008068813524
2018-07-16 09:45:00,-0.35327658908926196
2018-07-16 09:48:00,-0.41490188959437546
2018-07-16 09:51:00,-0.380257542661127
2018-07-16 09:54:00,-0.3527825905857753
2018-07-16 09:57:00,-0.360594856584612
2018-07-16 10:00:00,-0.3997710769527316
2018-07-16 10:03:00,-0.41688977377117453
2018-07-16 10:06:00,-0.4557265403226438
2018-07-16 10:09:00,-0.40296411191241077
2018-07-16 10:12:00,-0.4054661287033241
2018-07-16 10:15:00,-0.46083065479461993
2018-07-16 10:18:00,-0.4872341041214554
2018-07-16 10:21:00,-0.39837307596548044
2018-07-16 10:24:00,-0.44902917176148094
2018-07-16 10:27:00,-0.5314327039677664
2018-07-16 10:30:00,-0.46832272714078726
2018-07-16 10:33:00,-0.5082433312345529
2018-07-16 10:36:00,-0.5092159306870485
2018-07-16 10:39:00,-0.46569776173589617
2018-07-16 10:42:00,-0.4468264626806331
2018-07-16 10:45:00,-0.5718368056623149
2018-07-16 10:48:00,-0.4420726909000905
2018-07-16 10:51:00,-0.4665289204975238
2018-07-16 10:54:00,-0.4482577992732786
2018-07-16 10:57:00,-0.3453357407411204
2018-07-16 11:00:00,-0.42552676629492225
2018-07-16 11:03:00,-0.4152127699632615
2018-07-16 11:06:00,-0.4029454149760454
2018-07-16 11:09:00,-0.3240617635972285
2018-07-16 11:12:00,-0.44950386324410374
2018-07-16 11:15:00,-0.3381389647690298
2018-07-16 11:18:00,-0.3848124141281346
2018-07-16 11:21:00,-0.5128222030210736
2018-07-16 11:24:00,-0.46110189337986185
2018-07-16 11:27:00,-0.5429772305232632
2018-07-16 11:30:00,-0.6127129682233203
2018-07-16 11:33:00,-0.4959102243430493
2018-07-16 11:36:00,-0.621311322417057
2018-07-16 11:39:00,-0.5386488963432043
2018-07-16 11:42:00,-0.6120793244245988
2018-07-16 11:45:00,-0.5088056936185694
2018-07-16 11:48:00,-0.4457034829194413
2018-07-16 11:51:00,-0.5102881351431847
2018-07-16 11:54:00,-0.6678278047143635
2018-07-16 11:57:00,-0.5950913368287729
2018-07-16 12:00:00,-0.4312864683612929
2018-07-16 12:03:00,-0.6310666959918763
2018-07-16 12:06:00,-0.6643749269114778
2018-07-16 12:09:00,-0.5400170638035888
2018-07-16 12:12:00,-0.6524517660387232
2018-07-16 12:15:00,-0.6116293488123574
2018-07-16 12:18:00,-0.48565997591958876
2018-07-16 12:21:00,-0.6396123123903976
2018-07-16 12:24:00,-0.534182841639165
2018-07-16 12:27:00,-0.40018357249675773
2018-07-16 12:30:00,-0.4932228529266922
2018-07-16 12:33:00,-0.4338739290760145
2018-07-16 12:36:00,-0.5706770336413456
2018-07-16 12:39:00,-0.5438942398815811
2018-07-16 12:42:00,-0.5391300696176131
2018-07-16 12:45:00,-0.49211064287499084
2018-07-16 12:48:00,-0.6026207553539393
2018-07-16 12:51:00,-0.4376268980169584
2018-07-16 12:54:00,-0.6032872676880174
2018-07-16 12:57:00,-0.6107265207331807
2018-07-16 13:00:00,-0.6040521646481238
2018-07-16 13:03:00,-0.5857202382273954
2018-07-16 13:06:00,-0.5481202700265158
2018-07-16 13:09:00,-0.49793900863460294
2018-07-16 13:12:00,-0.470750180270727
2018-07-16 13:15:00,-0.5834422420549572
2018-07-16 13:18:00,-0.5785417847538383
2018-07-16 13:21:00,-0.45394070271390774
2018-07-16 13:24:00,-0.5591374307592218
2018-07-16 13:27:00,-0.5417177520992595
2018-07-16 13:30:00,-0.5476249451799049
2018-07-16 13:33:00,-0.6318807739135082
2018-07-16 13:36:00,-0.5625415616829059
2018-07-16 13:39:00,-0.5534833471331808
2018-07-16 13:42:00,-0.5496585011219395
2018-07-16 13:45:00,-0.6361894355325717
2018-07-16 13:48:00,-0.5608270513420166
2018-07-16 13:51:00,-0.4686601507792716
2018-07-16 13:54:00,-0.4510139630713752
2018-07-16 13:57:00,-0.5978830264227213
2018-07-16 14:00:00,-0.5064716893379568
2018-07-16 14:03:00,-0.5555411634545067
2018-07-16 14:06:00,-0.5213685093735876
2018-07-16 14:09:00,-0.5498045557641831
2018-07-16 14:12:00,-0.403689934246529
2018-07-16 14:15:00,-0.40519527157277935
2018-07-16 14:18:00,-0.5770277659161138
2018-07-16 14:21:00,-0.46481058930800145
2018-07-16 14:24:00,-0.509875142126134
2018-07-16 14:27:00,-0.506970276286097
2018-07-16 14:30:00,-0.6512824646597437
2018-07-16 14:33:00,-0.5296266141501746
2018-07-16 14:36:00,-0.41677358274210974
2018-07-16 14:39:00,-0.39414133651206384
2018-07-16 14:42:00,-0.5618023250542592
2018-07-16 14:45:00,-0.46037027995782864
2018-07-16 14:48:00,-0.6199501686263602
2018-07-16 14:51:00,-0.5896847867538213
2018-07-16 14:54:00,-0.5461170459196296
2018-07-16 14:57:00,-0.5682416644003752
2018-07-16 15:00:00,-0.5237663852958576
2018-07-16 15:03:00,-0.4302214753009821
2018-07-16 15:06:00,-0.5516954253198492
2018-07-16 15:09:00,-0.5242860623776551
2018-07-16 15:12:00,-0.6332755471603946
2018-07-16 15:15:00,-0.5819890733169473
2018-07-16 15:18:00,-0.6181286517025342
2018-07-16 15:21:00,-0.5071295559656619
2018-07-16 15:24:00,-0.6290829481790183
2018-07-16 15:27:00,-0.5478231652311933
2018-07-16 15:30:00,-0.567730452121566
2018-07-16 15:33:00,-0.6017714903050546
2018-07-16 15:36:00,-0.5056285663928293
2018-07-16 15:39:00,-0.4870024802924604
2018-07-16 15:42:00,-0.5686506509499054
2018-07-16 15:45:00,-0.5377531623959726
2018-07-16 15:48:00,-0.5885047310641198
2018-07-16 15:51:00,-0.5571958504416443
2018-07-16 15:54:00,-0.5335605738378604
2018-07-16 15:57:00,-0.6240194788898066
2018-07-16 16:00:00,-0.5725120295334136
2018-07-16 16:03:00,-0.5689533778252667
2018-07-16 16:06:00,-0.5543114729256331
2018-07-16 16:09:00,-0.6538746311658201
2018-07-16 16:12:00,-0.598347881465088
2018-07-16 16:15:00,-0.5256309287451586
2018-07-16 16:18:00,-0.540877451961137
2018-07-16 16:21:00,-0.49710427533301527
2018-07-16 16:24:00,-0.4724210935332849
2018-07-16 16:27:00,-0.5735922286642676
2018-07-16 16:30:00,-0.5166338954998082
2018-07-16 16:33:00,-0.5643548134250409
2018-07-16 16:36:00,-0.6230359109413826
2018-07-16 16:39:00,-0.5551089757622094
2018-07-16 16:42:00,-0.516357114096536
2018-07-16 16:45:00,-0.6292148998632001
2018-07-16 16:48:00,-0.5022839201286615
2018-07-16 16:51:00,-0.588091231140595
2018-07-16 16:54:00,-0.47447148614458
2018-07-16 16:57:00,-0.5937942783699555
2018-07-16 17:00:00,-0.4485724803782887
2018-07-16 17:03:00,-0.5346807910277676
2018-07-16 17:06:00,-0.5221901555478894
2018-07-16 17:09:00,-0.6141772900572846
2018-07-16 17:12:00,-0.6588217505662897
2018-07-16 17:15:00,-0.4369485758243741
2018-07-16 17:18:00,-0.5319386685834502
2018-07-16 17:21:00,-0.4936764283945081
2018-07-16 17:24:00,-0.5298616740885222
2018-07-16 17:27:00,-0.4920250167207314
2018-07-16 17:30:00,-0.5770687937452976
2018-07-16 17:33:00,-0.6436176295187579
2018-07-16 17:36:00,-0.5078525685399882
2018-07-16 17:39:00,-0.5033623616621412
2018-07-16 17:42:00,-0.4490284080998208
2018-07-16 17:45:00,-0.48731303908385826
2018-07-16 17:48:00,-0.44347836209396974
2018-07-16 17:51:00,-0.5121674323455636
2018-07-16 17:54:00,-0.5017280879064856
2018-07-16 17:57:00,-0.458577127869205
2018-07-16 18:00:00,-0.47082383515959236
2018-07-16 18:03:00,-0.5901530931412822
2018-07-16 18:06:00,-0.4333947353047165
2018-07-16 18:09:00,-0.43349238163955306
2018-07-16 18:12:00,-0.4288284886118845
2018-07-16 18:15:00,-0.45949980033503834
2018-07-16 18:18:00,-0.37958333223281215
2018-07-16 18:21:00,-0.40230111971874294
2018-07-16 18:24:00,-0.46331034658498993
2018-07-16 18:27:00,-0.3726976034671452
2018-07-16 18:30:00,-0.40489979132513554
2018-07-16 18:33:00,-0.4706816809809311
2018-07-16 18:36:00,-0.42750707672848876
2018-07-16 18:39:00,-0.4332265718409758
2018-07-16 18:42:00,-0.3446710258997996
2018-07-16 18:45:00,-0.4867932817253404
2018-07-16 18:48:00,-0.4001660599660113
2018-07-16 18:51:00,-0.4719598705527801
2018-07-16 18:54:00,
2018-07-16 18:57:00,
2018-07-16 19:00:00,
2018-07-16 19:03:00,-0.35459782533371254
2018-07-16 19:06:00,-0.44515852461250915
2018-07-16 19:09:00,-0.42394065562774585
2018-07-16 19:12:00,-0.44578792497082986
2018-07-16 19:15:00,-0.3944419577675262
2018-07-16 19:18:00,-0.5191300853854841
2018-07-16 19:21:00,-0.39711615263530575
2018-07-16 19:24:00,-0.4107399821072022
2018-07-16 19:27:00,-0.3661778726821012
2018-07-16 19:30:00,-0.37041208467377373
2018-07-16 19:33:00,-0.44137710010539877
2018-07-16 19:36:00,-0.37596673912560163
2018-07-16 19:39:00,-0.36499130756050135
2018-07-16 19:42:00,-0.35319030129591056
2018-07-16 19:45:00,-0.3192807261870598
2018-07-16 19:48:00,-0.32780037798465855
2018-07-16 19:51:00,-0.3824193148483914
2018-07-16 19:54:00,-0.24004175865951538
2018-07-16 19:57:00,-0.17770676958144804
2018-07-16 20:00:00,-0.19726141906767225
2018-07-16 20:03:00,-0.14847160708870888
2018-07-16 20:06:00,-0.04983202630398864
2018-07-16 20:09:00,-0.1508521335462092
2018-07-16 20:12:00,-0.15914434371683228
2018-07-16 20:15:00,-0.10912482732157969
2018-07-16 20:18:00,-0.07973246595986438
2018-07-16 20:21:00,-0.028718150291467737
2018-07-16 20:24:00,-0.011962775130200498
2018-07-16 20:27:00,0.0891662099985524
2018-07-16 20:30:00,-0.04589576376446303
2018-07-16 20:33:00,0.012452920370719767
2018-07-16 20:36:00,0.06998697762224992
2018-07-16 20:39:00,0.0026541411596667785
2018-07-16 20:42:00,-0.0345530358657129
2018-07-16 20:45:00,-0.03436251434351334
2018-07-16 20:48:00,0.03052986696474136
2018-07-16 20:51:00,0.05987483141512939
2018-07-16 20:54:00,-0.027106964401582445
2018-07-16 20:57:00,-0.048300677408406045
2018-07-16 21:00:00,-0.004922775484146769
2018-07-16 21:03:00,-0.04973224296372791
2018-07-16 21:06:00,-0.04926527132153069
2018-07-16 21:09:00,-0.07758372667888125
2018-07-16 21:12:00,-0.15383746143919552
2018-07-16 21:15:00,0.04945041392784333
2018-07-16 21:18:00,0.020973914151340978
2018-07-16 21:21:00,0.10642717632521226
2018-07-16 21:24:00,0.06520812939317011
2018-07-16 21:27:00,0.23988723977157633
2018-07-16 21:30:00,0.05604508600100644
2018-07-16 21:33:00,-0.08803981902440228
2018-07-16 21:36:00,0.10863271460925716
2018-07-16 21:39:00,0.1460632918198712
2018-07-16 21:42:00,0.3349314479682448
2018-07-16 21:45:00,0.0835356850564608
2018-07-16 21:48:00,-0.00491997706200209
2018-07-16 21:51:00,-0.01416404947377714
2018-07-16 21:54:00,0.24636155224550293
2018-07-16 21:57:00,0.29794360601209746
2018-07-16 22:00:00,0.17507365393225882
2018-07-16 22:03:00,0.22468417367520033
2018-07-16 22:06:00,-0.0658414000358789
2018-07-16 22:09:00,-0.007747670542187279
2018-07-16 22:12:00,-0.03504344468007048
2018-07-16 22:15:00,-0.016766158249254204
2018-07-16 22:18:00,-0.015877318418858977
2018-07-16 22:21:00,-0.11224763594719889
2018-07-16 22:24:00,-0.025289797393043045
2018-07-16 22:27:00,-0.08374828811065527
2018-07-16 22:30:00,-0.01041784767869558
2018-07-16 22:33:00,-0.049657791464994716
2018-07-16 22:36:00,0.1965873426608482
2018-07-16 22:39:00,0.1918042799086379
2018-07-16 22:42:00,0.10410736445123803
2018-07-16 22:45:00,-0.03208100281841553
2018-07-16 22:48:00,0.1446312688750595
2018-07-16 22:51:00,0.09357115574607633
2018-07-16 22:54:00,0.051636965266823154
2018-07-16 22:57:00,0.11480150871528849
2018-07-16 23:00:00,0.005767879378481666
2018-07-16 23:03:00,0.17091337832016507
2018-07-16 23:06:00,0.3108671660971254
2018-07-16 23:09:00,0.24294478729308366
2018-07-16 23:12:00,0.2688603336391111
2018-07-16 23:15:00,0.32378909556734925
2018-07-16 23:18:00,0.3401398353542504
2018-07-16 23:21:00,0.2320711565753868
2018-07-16 23:24:00,0.08618770451113278
2018-07-16 23:27:00,0.09202078259573909
2018-07-16 23:30:00,0.04911287458253355
2018-07-16 23:33:00,-0.030328298343306415
2018-07-16 23:36:00,-0.07210784948398441
2018-07-16 23:39:00,-0.013715564054280094
2018-07-16 23:42:00,0.010061408958392803
2018-07-16 23:45:00,0.059667656147382786
2018-07-16 23:48:00,0.09370430980055744
2018-07-16 23:51:00,0.162733214112734
2018-07-16 23:54:00,0.07098815096628641
2018-07-16 23:57:00,0.0742352788727203
2018-07-17 00:00:00,0.029184976600674872
2018-07-17 00:03:00,-0.046177918795820005
2018-07-17 00:06:00,0.13340783844756743
2018-07-17 00:09:00,0.08417081812677907
2018-07-17 00:12:00,-0.02374286514469759
2018-07-17 00:15:00,0.08633912156528822
2018-07-17 00:18:00,-0.04829222069849948
2018-07-17 00:21:00,0.05210831499715596
2018-07-17 00:24:00,-0.00927819837596644
2018-07-17 00:27:00,0.001711493059985969
2018-07-17 00:30:00,0.023618401933504174
2018-07-17 00:33:00,0.05809661928032028
2018-07-17 00:36:00,0.05344315079128137
2018-07-17 00:39:00,-0.0015979424843521883
2018-07-17 00:42:00,0.026506925528508418
2018-07-17 00:45:00,0.1392103026020095
2018-07-17 00:48:00,0.1097697430984681
2018-07-17 00:51:00,0.08634618970273777
2018-07-17 00:54:00,0.04004131699724667
2018-07-17 00:57:00,0.20431413177948343
2018-07-17 01:00:00,0.12013437342204725
2018-07-17 01:03:00,0.10587973913692394
2018-07-17 01:06:00,0.22128794031743837
2018-07-17 01:09:00,0.1410674253598927
2018-07-17 01:12:00,0.18584616117419728
2018-07-17 01:15:00,0.12945054223689567
2018-07-17 01:18:00,0.1294102721851118
2018-07-17 01:21:00,0.09923463015525158
2018-07-17 01:24:00,0.16642654222039255
2018-07-17 01:27:00,0.15116284000123414
2018-07-17 01:30:00,0.1535598670262175
2018-07-17 01:33:00,0.12976818806328083
2018-07-17 01:36:00,0.061202708776818326
2018-07-17 01:39:00,0.10281157345821157
2018-07-17 01:42:00,0.13341163618486007
2018-07-17 01:45:00,0.23896161464381294
2018-07-17 01:48:00,0.13157723475922012
2018-07-17 01:51:00,0.12978280495917716
2018-07-17 01:54:00,0.15808034374146018
2018-07-17 01:57:00,0.19535481829615264
2018-07-17 02:00:00,0.18944686452618953
2018-07-17 02:03:00,0.2224036815839554
2018-07-17 02:06:00,0.23149420391291642
2018-07-17 02:09:00,0.21961674957634614
2018-07-17 02:12:00,0.1396246514185009
2018-07-17 02:15:00,0.20191534401374156
2018-07-17 02:18:00,0.162312642335678
2018-07-17 02:21:00,0.2990749129481287
2018-07-17 02:24:00,0.21795554720017662
2018-07-17 02:27:00,0.21850427018648588
2018-07-17 02:30:00,0.2954474148239683
2018-07-17 02:33:00,0.23588411926459685
2018-07-17 02:36:00,0.25940300325584076
2018-07-17 02:39:00,0.27363425493916793
2018-07-17 02:42:00,0.230002971788565
2018-07-17 02:45:00,0.2377833323142795
2018-07-17 02:48:00,0.12755817969855343
2018-07-17 02:51:00,0.06309142672978396
2018-07-17 02:54:00,0.1356739112582659
2018-07-17 02:57:00,0.1508644350702184
2018-07-17 03:00:00,0.13325388911295022
2018-07-17 03:03:00,0.0728649822339662
2018-07-17 03:06:00,0.15998476251974125
2018-07-17 03:09:00,0.2184864484226523
2018-07-17 03:12:00,0.27804512134332526
2018-07-17 03:15:00,0.23555348743076365
2018-07-17 03:18:00,0.27119333322855255
2018-07-17 03:21:00,0.2073341985163779
2018-07-17 03:24:00,0.15033545701879802
2018-07-17 03:27:00,0.1953550240720574
2018-07-17 03:30:00,0.1707001893834672
2018-07-17 03:33:00,0.20849365741923975
2018-07-17 03:36:00,0.19414834208464526
2018-07-17 03:39:00,0.20221444313961
2018-07-17 03:42:00,0.1764217792165823
2018-07-17 03:45:00,0.24689550405850014
2018-07-17 03:48:00,0.15588259030693052
2018-07-17 03:51:00,0.18489363990090624
2018-07-17 03:54:00,0.11988694376947251
2018-07-17 03:57:00,0.23095897383376496
2018-07-17 04:00:00,0.13516934304959705
2018-07-17 04:03:00,0.22249570637842453
2018-07-17 04:06:00,0.15609239364329142
2018-07-17 04:09:00,0.2043282385906764
2018-07-17 04:12:00,0.2017303965043311
2018-07-17 04:15:00,0.22575904074801656
2018-07-17 04:18:00,0.2345294945774299
2018-07-17 04:21:00,0.2125713231415034
2018-07-17 04:24:00,0.27366887797637673
2018-07-17 04:27:00,0.17340234310870528
2018-07-17 04:30:00,0.149869515886337
2018-07-17 04:33:00,0.11505295969124063
2018-07-17 04:36:00,0.20916272523942325
2018-07-17 04:39:00,0.11148138607171632
2018-07-17 04:42:00,0.21619117503257712
2018-07-17 04:45:00,0.176221481136281
2018-07-17 04:48:00,0.25258402497291854
2018-07-17 04:51:00,0.1984774354896217
2018-07-17 04:54:00,0.19589022147835067
2018-07-17 04:57:00,0.19546860406285305
2018-07-17 05:00:00,0.1937875545771135
2018-07-17 05:03:00,0.19564254152214744
2018-07-17 05:06:00,0.15848178733483564
2018-07-17 05:09:00,0.2689035429868909
2018-07-17 05:12:00,0.2539045361241392
2018-07-17 05:15:00,0.21002695961578866
2018-07-17 05:18:00,0.2723256801100433
2018-07-17 05:21:00,0.21379443295688816
2018-07-17 05:24:00,0.2623847379328481
2018-07-17 05:27:00,0.27591798644954224
2018-07-17 05:30:00,0.23308881445512952
2018-07-17 05:33:00,0.27763852854650395
2018-07-17 05:36:00,0.3152165837780103
2018-07-17 05:39:00,0.17744028611923568
2018-07-17 05:42:00,0.26302282924052633
2018-07-17 05:45:00,0.2837282751974044
2018-07-17 05:48:00,0.2535502271264818
2018-07-17 05:51:00,0.28536962307873637
2018-07-17 05:54:00,0.2719586275202346
2018-07-17 05:57:00,0.25583642122444417
2018-07-17 06:00:00,0.2743959974646941
2018-07-17 06:03:00,0.2910775452874077
2018-07-17 06:06:00,0.32559909340147897
2018-07-17 06:09:00,0.13132821194699318
2018-07-17 06:12:00,0.23329040122160905
2018-07-17 06:15:00,0.28591948597767214
2018-07-17 06:18:00,0.2889482389027762
2018-07-17 06:21:00,0.19599391959519608
2018-07-17 06:24:00,0.40211665577618305
2018-07-17 06:27:00,0.35625717971930726
2018-07-17 06:30:00,0.24810502187142447
2018-07-17 06:33:00,0.2605863564184574
2018-07-17 06:36:00,0.23630180966489434
2018-07-17 06:39:00,0.21605765272965982
2018-07-17 06:42:00,0.28251223104177825
2018-07-17 06:45:00,0.2504885814220188
2018-07-17 06:48:00,0.12421644888371475
2018-07-17 06:51:00,0.3348975354446111
2018-07-17 06:54:00,0.28701654443358393
2018-07-17 06:57:00,0.28188104052071594
2018-07-17 07:00:00,0.2979152470235249
2018-07-17 07:03:00,0.3047633438861226
2018-07-17 07:06:00,0.36133927003464805
2018-07-17 07:09:00,0.31201070366336126
2018-07-17 07:12:00,0.26704023446723113
2018-07-17 07:15:00,0.2600753685299537
2018-07-17 07:18:00,0.2667058863644911
2018-07-17 07:21:00,0.30237322910232933
2018-07-17 07:24:00,0.3218600949376196
2018-07-17 07:27:00,0.29008857973326485
2018-07-17 07:30:00,0.28158689358497213
2018-07-17 07:33:00,0.28340451934167277
2018-07-17 07:36:00,0.14544760130564782
2018-07-17 07:39:00,0.22696120362383
2018-07-17 07:42:00,0.3193987298062666
2018-07-17 07:45:00,0.3607667085059916
2018-07-17 07:48:00,0.18582180519575786
2018-07-17 07:51:00,0.27551344692011526
2018-07-17 07:54:00,0.3788438257261646
2018-07-17 07:57:00,0.2544435022866196
2018-07-17 08:00:00,0.21191946060139344
2018-07-17 08:03:00,0.2982039945582642
2018-07-17 08:06:00,0.23112532151628784
2018-07-17 08:09:00,0.1917181461947166
2018-07-17 08:12:00,0.18794447111679347
2018-07-17 08:15:00,0.3066947580726378
2018-07-17 08:18:00,0.23944866118182517
2018-07-17 08:21:00,0.1866404221970015
2018-07-17 08:24:00,0.1945840212563894
2018-07-17 08:27:00,0.17450655366451429
2018-07-17 08:30:00,0.18940843777664895
2018-07-17 08:33:00,0.14932597226226108
2018-07-17 08:36:00,0.05069824824585112
2018-07-17 08:39:00,0.13681297999181652
2018-07-17 08:42:00,0.09575865907754633
2018-07-17 08:45:00,0.08720818600335178
2018-07-17 08:48:00,0.02775282162451731
2018-07-17 08:51:00,-0.056485816610518214
2018-07-17 08:54:00,-0.020226688418574668
2018-07-17 08:57:00,0.013223815083961199
2018-07-17 09:00:00,-0.007182777705054377
2018-07-17 09:03:00,-0.01005926123110612
2018-07-17 09:06:00,-0.0711657419520293
2018-07-17 09:09:00,0.05192126707436273
2018-07-17 09:12:00,-0.07159789921115589
2018-07-17 09:15:00,-0.1251161149838822
2018-07-17 09:18:00,-0.013981311122677198
2018-07-17 09:21:00,-0.16352673293096132
2018-07-17 09:24:00,-0.11251556650518069
2018-07-17 09:27:00,-0.09394106686033865
2018-07-17 09:30:00,-0.09128335866711268
2018-07-17 09:33:00,-0.13933230499344518
2018-07-17 09:36:00,-0.12661178655707772
2018-07-17 09:39:00,-0.253029879907956
2018-07-17 09:42:00,-0.20574192213041442
2018-07-17 09:45:00,-0.1484022433064638
2018-07-17 09:48:00,-0.22793325161751454
2018-07-17 09:51:00,-0.1689251521515871
2018-07-17 09:54:00,-0.21156533631528873
2018-07-17 09:57:00,-0.20530988855313126
2018-07-17 10:00:00,-0.21043196556701105
2018-07-17 10:03:00,-0.2469939555216456
2018-07-17 10:06:00,-0.26093186865540474
2018-07-17 10:09:00,-0.16122524319717968
2018-07-17 10:12:00,-0.2527887399097608
2018-07-17 10:15:00,-0.27252488229697747
2018-07-17 10:18:00,-0.23476594201184753
2018-07-17 10:21:00,-0.22193440110606844
2018-07-17 10:24:00,-0.27062606559621827
2018-07-17 10:27:00,-0.37328392972557367
2018-07-17 10:30:00,-0.37103430288073014
2018-07-17 10:33:00,-0.44928621143350256
2018-07-17 10:36:00,-0.385431354691832
2018-07-17 10:39:00,-0.4091729157145778
2018-07-17 10:42:00,-0.266734279989123
2018-07-17 10:45:00,-0.2922190190852234
2018-07-17 10:48:00,-0.29084105685723216
2018-07-17 10:51:00,-0.37105370677136307
2018-07-17 10:54:00,-0.3061455341966166
2018-07-17 10:57:00,-0.3599356879915945
2018-07-17 11:00:00,-0.3000891583628231
2018-07-17 11:03:00,-0.3713528214420876
2018-07-17 11:06:00,-0.3662886357008688
2018-07-17 11:09:00,-0.44383032578554094
2018-07-17 11:12:00,-0.4334862586003396
2018-07-17 11:15:00,-0.4208643011297113
2018-07-17 11:18:00,-0.50674835977361
2018-07-17 11:21:00,-0.37722919581324277
2018-07-17 11:24:00,-0.4322565381751815
2018-07-17 11:27:00,-0.43354282865203686
2018-07-17 11:30:00,-0.4209793465284406
2018-07-17 11:33:00,-0.4404122852077421
2018-07-17 11:36:00,-0.4045743883814339
2018-07-17 11:39:00,-0.49412998062484803
2018-07-17 11:42:00,-0.451249890937504
2018-07-17 11:45:00,-0.587599496267444
2018-07-17 11:48:00,-0.5124825344715305
2018-07-17 11:51:00,-0.4662577295987944
2018-07-17 11:54:00,-0.4554347396335743
2018-07-17 11:57:00,-0.3883824997712395
2018-07-17 12:00:00,-0.33676766572125416
2018-07-17 12:03:00,-0.47494970625723454
2018-07-17 12:06:00,-0.37490722887935135
2018-07-17 12:09:00,-0.22257072096556385
2018-07-17 12:12:00,-0.23163470018789667
2018-07-17 12:15:00,-0.14886822722570514
2018-07-17 12:18:00,-0.23312611342646505
2018-07-17 12:21:00,-0.3510565909647312
2018-07-17 12:24:00,-0.5210178539141452
2018-07-17 12:27:00,-0.4202183508514281
2018-07-17 12:30:00,-0.4276839569693607
2018-07-17 12:33:00,-0.5492315910157117
2018-07-17 12:36:00,-0.47307228478007346
2018-07-17 12:39:00,-0.5254696427172121
2018-07-17 12:42:00,-0.48318456122729003
2018-07-17 12:45:00,-0.6101989326847956
2018-07-17 12:48:00,-0.633930202608326
2018-07-17 12:51:00,-0.49157780063433165
2018-07-17 12:54:00,-0.4871313025706172
2018-07-17 12:57:00,-0.5726101609674856
2018-07-17 13:00:00,-0.49746905524767726
2018-07-17 13:03:00,-0.5170041971346677
2018-07-17 13:06:00,-0.6246122456784633
2018-07-17 13:09:00,-0.513761373431123
2018-07-17 13:12:00,-0.5819632680655218
2018-07-17 13:15:00,-0.5308407239505755
2018-07-17 13:18:00,-0.6289013970678639
2018-07-17 13:21:00,-0.5391309012222791
2018-07-17 13:24:00,-0.5301224160576794
2018-07-17 13:27:00,-0.6804866250044483
2018-07-17 13:30:00,-0.5694816850561892
2018-07-17 13:33:00,-0.5028986257117936
2018-07-17 13:36:00,-0.5700550035364813
2018-07-17 13:39:00,-0.4486225934299455
2018-07-17 13:42:00,-0.6270056365989376
2018-07-17 13:45:00,-0.5466459752661876
2018-07-17 13:48:00,-0.5312526890602953
2018-07-17 13:51:00,-0.548884840110361
2018-07-17 13:54:00,-0.5781290232762331
2018-07-17 13:57:00,-0.4934433409651433
2018-07-17 14:00:00,-0.5447179912550268
2018-07-17 14:03:00,-0.5562009722033849
2018-07-17 14:06:00,-0.47835825341542204
2018-07-17 14:09:00,-0.6154912158307866
2018-07-17 14:12:00,-0.5824041096727228
2018-07-17 14:15:00,-0.6505088287039484
2018-07-17 14:18:00,-0.5154709380330473
2018-07-17 14:21:00,-0.4348756275833239
2018-07-17 14:24:00,-0.5732827640883329
2018-07-17 14:27:00,-0.5356895061240721
2018-07-17 14:30:00,-0.5997896592743359
2018-07-17 14:33:00,-0.6089804446896778
2018-07-17 14:36:00,-0.5282709442036548
2018-07-17 14:39:00,-0.5333907107468576
2018-07-17 14:42:00,-0.4942281764032259
2018-07-17 14:45:00,-0.5254551246837877
2018-07-17 14:48:00,-0.6386335159086798
2018-07-17 14:51:00,-0.6177807803981636
2018-07-17 14:54:00,-0.6027138046447931
2018-07-17 14:57:00,-0.513164219676753
2018-07-17 15:00:00,-0.5573371508708647
2018-07-17 15:03:00,-0.6198971445253392
2018-07-17 15:06:00,-0.5726346119433856
2018-07-17 15:09:00,-0.5022762529598026
2018-07-17 15:12:00,-0.5660200773915562
2018-07-17 15:15:00,-0.5175708138625623
2018-07-17 15:18:00,-0.5517961521338748
2018-07-17 15:21:00,-0.6277375646365613
2018-07-17 15:24:00,-0.4685432124610429
2018-07-17 15:27:00,-0.5615748171115911
2018-07-17 15:30:00,-0.5112898224523406
2018-07-17 15:33:00,-0.5561694605034404
2018-07-17 15:36:00,-0.5483540147733379
2018-07-17 15:39:00,-0.46842971774441367
2018-07-17 15:42:00,-0.5690210424236284
2018-07-17 15:45:00,-0.5569877352884305
2018-07-17 15:48:00,-0.45126186289724046
2018-07-17 15:51:00,-0.4499127504581111
2018-07-17 15:54:00,-0.5252535614006888
2018-07-17 15:57:00,-0.5250746301746858
2018-07-17 16:00:00,-0.4772820127163868
2018-07-17 16:03:00,-0.4054613508446323
2018-07-17 16:06:00,-0.49863301448607444
2018-07-17 16:09:00,-0.5019221315396862
2018-07-17 16:12:00,-0.4500754382148102
2018-07-17 16:15:00,-0.47972611633269935
2018-07-17 16:18:00,-0.4121693942861384
2018-07-17 16:21:00,-0.5484404756192589
2018-07-17 16:24:00,-0.46711407420747264
2018-07-17 16:27:00,-0.4629160243931665
2018-07-17 16:30:00,-0.3801095787362101
2018-07-17 16:33:00,-0.3576144394857579
2018-07-17 16:36:00,-0.554974180562624
2018-07-17 16:39:00,-0.4197582096574024
2018-07-17 16:42:00,-0.24936980977861367
2018-07-17 16:45:00,-0.1745786777497642
2018-07-17 16:48:00,-0.3412373945504328
2018-07-17 16:51:00,-0.3943914768600507
2018-07-17 16:54:00,-0.5057296090087675
2018-07-17 16:57:00,-0.27385567648997267
2018-07-17 17:00:00,-0.16486232091932607
2018-07-17 17:03:00,-0.12121102111655091
2018-07-17 17:06:00,-0.15549078950061812
2018-07-17 17:09:00,-0.12083843797881855
2018-07-17 17:12:00,-0.21457829806030304
2018-07-17 17:15:00,-0.24384373473685628
2018-07-17 17:18:00,-0.3294768671064503
2018-07-17 17:21:00,-0.3699919076053675
2018-07-17 17:24:00,-0.3140915454717401
2018-07-17 17:27:00,-0.36910561164114597
2018-07-17 17:30:00,-0.4563754342470361
2018-07-17 17:33:00,-0.4774279809840891
2018-07-17 17:36:00,-0.45610983742051303
2018-07-17 17:39:00,-0.37377946644437543
2018-07-17 17:42:00,-0.3581025326372469
2018-07-17 17:45:00,-0.44040990027747284
2018-07-17 17:48:00,-0.5705515297782426
2018-07-17 17:51:00,-0.4510448690015778
2018-07-17 17:54:00,-0.44747962635938165
2018-07-17 17:57:00,-0.49088909629080035
2018-07-17 18:00:00,-0.24815433385634833
2018-07-17 18:03:00,-0.31864243882563414
2018-07-17 18:06:00,-0.3515000592311708
2018-07-17 18:09:00,-0.39576283334196205
2018-07-17 18:12:00,-0.37958455157854587
2018-07-17 18:15:00,-0.2950418627393674
2018-07-17 18:18:00,-0.3402682470965601
2018-07-17 18:21:00,-0.27016449679149446
2018-07-17 18:24:00,-0.1786501093915831
2018-07-17 18:27:00,-0.25504600302849667
2018-07-17 18:30:00,-0.23821890589459827
2018-07-17 18:33:00,-0.2555290428198873
2018-07-17 18:36:00,-0.2180789020420093
2018-07-17 18:39:00,-0.16976777660346443
2018-07-17 18:42:00,-0.1966024594092346
2018-07-17 18:45:00,0.013699637054060076
2018-07-17 18:48:00,-0.12806105224694875
2018-07-17 18:51:00,-0.29901449326598595
2018-07-17 18:54:00,
2018-07-17 18:57:00,
2018-07-17 19:00:00,
2018-07-17 19:03:00,-0.19075667725900303
2018-07-17 19:06:00,-0.11949192856314994
2018-07-17 19:09:00,-0.1824357209367804
2018-07-17 19:12:00,-0.2172378837349811
2018-07-17 19:15:00,-0.017046822471797896
2018-07-17 19:18:00,-0.12948822771022606
2018-07-17 19:21:00,-0.1450605035130934
2018-07-17 19:24:00,-0.09211600380473328
2018-07-17 19:27:00,-0.049329603161083924
2018-07-17 19:30:00,0.05858002305245691
2018-07-17 19:33:00,0.05023991629036573
2018-07-17 19:36:00,-0.042333906049123016
2018-07-17 19:39:00,-0.0455545352742206
2018-07-17 19:42:00,0.08245462689450278
2018-07-17 19:45:00,-0.03240462125643262
2018-07-17 19:48:00,0.026050496109519372
2018-07-17 19:51:00,-0.051823037744327394
2018-07-17 19:54:00,-0.06778455519997806
2018-07-17 19:57:00,0.09677811630075439
2018-07-17 20:00:00,0.038563208154073436
2018-07-17 20:03:00,0.010410814979934457
2018-07-17 20:06:00,0.09975821942788343
2018-07-17 20:09:00,0.10132034733339879
2018-07-17 20:12:00,0.14958453817814643
2018-07-17 20:15:00,0.1681412732808667
2018-07-17 20:18:00,0.12525554168928466
2018-07-17 20:21:00,0.15159743455348007
2018-07-17 20:24:00,0.1596712061142398
2018-07-17 20:27:00,0.17145475593127912
2018-07-17 20:30:00,0.119436757454082
2018-07-17 20:33:00,0.19787441593962285
2018-07-17 20:36:00,0.12664952159684617
2018-07-17 20:39:00,0.18564649971722247
2018-07-17 20:42:00,0.24086824527165618
2018-07-17 20:45:00,0.1601034160950121
2018-07-17 20:48:00,0.08709014679101301
2018-07-17 20:51:00,0.20927442251939965
2018-07-17 20:54:00,0.11803510294430453
2018-07-17 20:57:00,0.23845147027378744
2018-07-17 21:00:00,0.06881709562935612
2018-07-17 21:03:00,0.15556836782519667
2018-07-17 21:06:00,0.29073493670023254
2018-07-17 21:09:00,0.2082622504379401
2018-07-17 21:12:00,0.48450813037510443
2018-07-17 21:15:00,0.6284408240190373
2018-07-17 21:18:00,0.5553997960627726
2018-07-17 21:21:00,0.6661091955536449
2018-07-17 21:24:00,0.6772246165207889
2018-07-17 21:27:00,0.7300367849705367
2018-07-17 21:30:00,0.42606499118181773
2018-07-17 21:33:00,0.6040424393324884
2018-07-17 21:36:00,0.6692990915187238
2018-07-17 21:39:00,0.8723142905709551
2018-07-17 21:42:00,0.7578959453325069
2018-07-17 21:45:00,0.7756131483624813
2018-07-17 21:48:00,0.7786237399593006
2018-07-17 21:51:00,0.675730106834294
2018-07-17 21:54:00,0.7083417307275113
2018-07-17 21:57:00,0.5608977699011461
2018-07-17 22:00:00,0.5124120191457564
2018-07-17 22:03:00,0.46638913919758807
2018-07-17 22:06:00,0.455628679809422
2018-07-17 22:09:00,0.292276778284986
2018-07-17 22:12:00,0.24701600312755545
2018-07-17 22:15:00,0.20486165544053847
2018-07-17 22:18:00,0.20847604963722688
2018-07-17 22:21:00,0.15648516207113516
2018-07-17 22:24:00,0.16940953536783354
2018-07-17 22:27:00,0.0986686568019195
2018-07-17 22:30:00,0.23496832474768325
2018-07-17 22:33:00,0.2428542331169865
2018-07-17 22:36:00,0.24197989228764527
2018-07-17 22:39:00,0.4930156027757562
2018-07-17 22:42:00,0.20938878304218633
2018-07-17 22:45:00,0.09696136850294579
2018-07-17 22:48:00,0.1842770608333808
2018-07-17 22:51:00,0.12677693671520274
2018-07-17 22:54:00,0.2723682528099971
2018-07-17 22:57:00,0.29075858676372945
2018-07-17 23:00:00,0.27282709895030166
2018-07-17 23:03:00,0.2368381034492586
2018-07-17 23:06:00,0.15672407679193157
2018-07-17 23:09:00,0.23440618967634919
2018-07-17 23:12:00,0.12530620389190972
2018-07-17 23:15:00,0.28079512096610415
2018-07-17 23:18:00,0.21237323418597498
2018-07-17 23:21:00,0.24576004049612266
2018-07-17 23:24:00,0.3195446462985956
2018-07-17 23:27:00,0.27373340684664527
2018-07-17 23:30:00,0.296021932588701
2018-07-17 23:33:00,0.25268590895683474
2018-07-17 23:36:00,0.28909844954478103
2018-07-17 23:39:00,0.2922971312716527
2018-07-17 23:42:00,0.29477725276234423
2018-07-17 23:45:00,0.27759115978386717
2018-07-17 23:48:00,0.42808976632437634
2018-07-17 23:51:00,0.3502292774513762
2018-07-17 23:54:00,0.3147340085876067
2018-07-17 23:57:00,0.2911552199271341
2018-07-18 00:00:00,0.2990557598488408
2018-07-18 00:03:00,0.2663529849018005
2018-07-18 00:06:00,0.2913598654093903
2018-07-18 00:09:00,0.1988095917578221
2018-07-18 00:12:00,0.290358584554383
2018-07-18 00:15:00,0.2702769207678557
2018-07-18 00:18:00,0.25827456067730736
2018-07-18 00:21:00,0.2895925633413867
2018-07-18 00:24:00,0.3279038498241107
2018-07-18 00:27:00,0.24555786134499158
2018-07-18 00:30:00,0.23344162451826378
2018-07-18 00:33:00,0.15222980630045413
2018-07-18 00:36:00,0.20189454736390644
2018-07-18 00:39:00,0.22415795521561677
2018-07-18 00:42:00,0.2073152927957267
2018-07-18 00:45:00,0.3179088435416588
2018-07-18 00:48:00,0.14654835211632644
2018-07-18 00:51:00,0.2898189963549953
2018-07-18 00:54:00,0.22713306063110394
2018-07-18 00:57:00,0.26601657332525974
2018-07-18 01:00:00,0.281130935995634
2018-07-18 01:03:00,0.24918980795132484
2018-07-18 01:06:00,0.3223255985989226
2018-07-18 01:09:00,0.3465186260349924
2018-07-18 01:12:00,0.3126611860646449
2018-07-18 01:15:00,0.31633109963831885
2018-07-18 01:18:00,0.253245518373717
2018-07-18 01:21:00,0.29351937761640556
2018-07-18 01:24:00,0.32343473321691363
2018-07-18 01:27:00,0.2965153785028747
2018-07-18 01:30:00,0.3395415644436639
2018-07-18 01:33:00,0.27579173252001965
2018-07-18 01:36:00,0.3145848116769798
2018-07-18 01:39:00,0.4241406955046614
2018-07-18 01:42:00,0.24719977229142387
2018-07-18 01:45:00,0.3065756563747186
2018-07-18 01:48:00,0.27152219093261465
2018-07-18 01:51:00,0.34788608136238963
2018-07-18 01:54:00,0.2601685688536577
2018-07-18 01:57:00,0.33800098926548117
2018-07-18 02:00:00,0.2199785266253116
2018-07-18 02:03:00,0.2624997334732484
2018-07-18 02:06:00,0.34744708782699263
2018-07-18 02:09:00,0.28109436824632894
2018-07-18 02:12:00,0.35240967085195507
2018-07-18 02:15:00,0.3264089443521243
2018-07-18 02:18:00,0.24316054350595095
2018-07-18 02:21:00,0.21567620728518477
2018-07-18 02:24:00,0.25111785119054275
2018-07-18 02:27:00,0.3305908008921392
2018-07-18 02:30:00,0.35497887007636564
2018-07-18 02:33:00,0.30252235103051817
2018-07-18 02:36:00,0.2691868494953269
2018-07-18 02:39:00,0.28861521608473595
2018-07-18 02:42:00,0.32211612480790563
2018-07-18 02:45:00,0.3551850354875228
2018-07-18 02:48:00,0.41828037116709993
2018-07-18 02:51:00,0.32092032584762364
2018-07-18 02:54:00,0.36248363486066637
2018-07-18 02:57:00,0.3083646073553723
2018-07-18 03:00:00,0.31156369619901625
2018-07-18 03:03:00,0.3930664097106842
2018-07-18 03:06:00,0.28738789959709266
2018-07-18 03:09:00,0.30920527092860084
2018-07-18 03:12:00,0.3486583053024219
2018-07-18 03:15:00,0.3425356834949298
2018-07-18 03:18:00,0.31877018261735657
2018-07-18 03:21:00,0.34716621801413794
2018-07-18 03:24:00,0.30848868772034166
2018-07-18 03:27:00,0.3152042168019875
2018-07-18 03:30:00,0.2670941027109279
2018-07-18 03:33:00,0.2255228905524973
2018-07-18 03:36:00,0.3177448150931923
2018-07-18 03:39:00,0.36766958089134505
2018-07-18 03:42:00,0.3094854218289811
2018-07-18 03:45:00,0.3699450673641991
2018-07-18 03:48:00,0.3198822419569183
2018-07-18 03:51:00,0.24966472047532307
2018-07-18 03:54:00,0.28778945119978516
2018-07-18 03:57:00,0.35030009149789976
2018-07-18 04:00:00,0.3161377481433192
2018-07-18 04:03:00,0.3595927670464789
2018-07-18 04:06:00,0.33165119367140505
2018-07-18 04:09:00,0.29000565332557926
2018-07-18 04:12:00,0.27073398317128294
2018-07-18 04:15:00,0.3001490796769417
2018-07-18 04:18:00,0.30756360339347566
2018-07-18 04:21:00,0.3289802998735354
2018-07-18 04:24:00,0.29379981541893585
2018-07-18 04:27:00,0.3938083990947234
2018-07-18 04:30:00,0.35757147261563205
2018-07-18 04:33:00,0.4273515494969615
2018-07-18 04:36:00,0.3972128476736998
2018-07-18 04:39:00,0.30654582605785663
2018-07-18 04:42:00,0.39822945241576235
2018-07-18 04:45:00,0.41780473642114657
2018-07-18 04:48:00,0.3388826443370476
2018-07-18 04:51:00,0.281919691455073
2018-07-18 04:54:00,0.3715808877499285
2018-07-18 04:57:00,0.45423336573395545
2018-07-18 05:00:00,0.37088309824292764
2018-07-18 05:03:00,0.4611884931798613
2018-07-18 05:06:00,0.4362262662273224
2018-07-18 05:09:00,0.37405004672837094
2018-07-18 05:12:00,0.4237992214439146
2018-07-18 05:15:00,0.3784240537919459
2018-07-18 05:18:00,0.3633326696418635
2018-07-18 05:21:00,0.4160838065297412
2018-07-18 05:24:00,0.37134974475213767
2018-07-18 05:27:00,0.3092555737175644
2018-07-18 05:30:00,0.3703271538720969
2018-07-18 05:33:00,0.36390914813853215
2018-07-18 05:36:00,0.44536178957974926
2018-07-18 05:39:00,0.35628583106080214
2018-07-18 05:42:00,0.3443995888994209
2018-07-18 05:45:00,0.3812968818984359
2018-07-18 05:48:00,0.3334884660515627
2018-07-18 05:51:00,0.29511458336395435
2018-07-18 05:54:00,0.37909440808823547
2018-07-18 05:57:00,0.4357715242671816
2018-07-18 06:00:00,0.4509872700988353
2018-07-18 06:03:00,0.31562952375787745
2018-07-18 06:06:00,0.38211089893519556
2018-07-18 06:09:00,0.4054024111902095
2018-07-18 06:12:00,0.4115845869661712
2018-07-18 06:15:00,0.36161879921030504
2018-07-18 06:18:00,0.3443991706612337
2018-07-18 06:21:00,0.3647430625519519
2018-07-18 06:24:00,0.41552196868622104
2018-07-18 06:27:00,0.32324114811797244
2018-07-18 06:30:00,0.3200447976972214
2018-07-18 06:33:00,0.4603962791672984
2018-07-18 06:36:00,0.48736312655250913
2018-07-18 06:39:00,0.47283360630626703
2018-07-18 06:42:00,0.32774993338659897
2018-07-18 06:45:00,0.4025802919342709
2018-07-18 06:48:00,0.33981615413614463
2018-07-18 06:51:00,0.36991106867952794
2018-07-18 06:54:00,0.408446324915019
2018-07-18 06:57:00,0.38402670051272025
2018-07-18 07:00:00,0.43591009350393506
2018-07-18 07:03:00,0.40357426915744554
2018-07-18 07:06:00,0.4218696190978335
2018-07-18 07:09:00,0.4331393208645977
2018-07-18 07:12:00,0.34090898771955835
2018-07-18 07:15:00,0.3665875967830061
2018-07-18 07:18:00,0.46268717986470165
2018-07-18 07:21:00,0.34358584262014347
2018-07-18 07:24:00,0.3554259704102378
2018-07-18 07:27:00,0.3779712611965351
2018-07-18 07:30:00,0.4021342974415347
2018-07-18 07:33:00,0.3689489876697962
2018-07-18 07:36:00,0.35565687143252944
2018-07-18 07:39:00,0.31557356993357644
2018-07-18 07:42:00,0.38317667012188394
2018-07-18 07:45:00,0.3309397586059504
2018-07-18 07:48:00,0.31082304480963785
2018-07-18 07:51:00,0.3191564517168217
2018-07-18 07:54:00,0.3930515987757417
2018-07-18 07:57:00,0.35579010154765456
2018-07-18 08:00:00,0.32244832015669544
2018-07-18 08:03:00,0.32742596339130614
2018-07-18 08:06:00,0.284897478184746
2018-07-18 08:09:00,0.293919780371823
2018-07-18 08:12:00,0.29643432502876976
2018-07-18 08:15:00,0.261011720139777
2018-07-18 08:18:00,0.3316206889346631
2018-07-18 08:21:00,0.27095380475412867
2018-07-18 08:24:00,0.25490989942738906
2018-07-18 08:27:00,0.2074823804296102
2018-07-18 08:30:00,0.2333683483273603
2018-07-18 08:33:00,0.22238146812367177
2018-07-18 08:36:00,0.20526195882143838
2018-07-18 08:39:00,0.1815665389252672
2018-07-18 08:42:00,0.1268718469099781
2018-07-18 08:45:00,0.1655329187925645
2018-07-18 08:48:00,0.15535235458474972
2018-07-18 08:51:00,0.1179305504086301
2018-07-18 08:54:00,0.018448110371423354
2018-07-18 08:57:00,0.057835754856625954
2018-07-18 09:00:00,0.14708600351082168
2018-07-18 09:03:00,0.0538896481796769
2018-07-18 09:06:00,-0.007800127110670019
2018-07-18 09:09:00,-0.010226517456430884
2018-07-18 09:12:00,-0.04677038832767266
2018-07-18 09:15:00,-0.019088280741300423
2018-07-18 09:18:00,-0.04679315107603088
2018-07-18 09:21:00,-0.09057583493569155
2018-07-18 09:24:00,-0.07608743053310718
2018-07-18 09:27:00,-0.2422470863124886
2018-07-18 09:30:00,-0.23452892702033523
2018-07-18 09:33:00,-0.18890486663087813
2018-07-18 09:36:00,-0.28548250614625204
2018-07-18 09:39:00,-0.22193923690940665
2018-07-18 09:42:00,-0.24224363195816068
2018-07-18 09:45:00,-0.27054575079512233
2018-07-18 09:48:00,-0.29223014102734624
2018-07-18 09:51:00,-0.22402845856225895
2018-07-18 09:54:00,-0.19111913097009392
2018-07-18 09:57:00,-0.20829720795825324
2018-07-18 10:00:00,-0.2525749795829597
2018-07-18 10:03:00,-0.23890485218009871
2018-07-18 10:06:00,-0.33584981991657514
2018-07-18 10:09:00,-0.3181179894527304
2018-07-18 10:12:00,-0.319119595926054
2018-07-18 10:15:00,-0.31837681077257685
2018-07-18 10:18:00,-0.4381702217347083
2018-07-18 10:21:00,-0.41407213479971006
2018-07-18 10:24:00,-0.24616995617338944
2018-07-18 10:27:00,-0.3662525379730255
2018-07-18 10:30:00,-0.295470473090802
2018-07-18 10:33:00,-0.3232124963858496
2018-07-18 10:36:00,-0.3799924661686873
2018-07-18 10:39:00,-0.3549955534597302
2018-07-18 10:42:00,-0.3831948640474252
2018-07-18 10:45:00,-0.29308959825499414
2018-07-18 10:48:00,-0.3480246564830054
2018-07-18 10:51:00,-0.32986298242275325
2018-07-18 10:54:00,-0.2505251017622072
2018-07-18 10:57:00,-0.3763754003593931
2018-07-18 11:00:00,-0.35971845660060353
2018-07-18 11:03:00,-0.36522446908946904
2018-07-18 11:06:00,-0.30692633348468235
2018-07-18 11:09:00,-0.33664843957575386
2018-07-18 11:12:00,-0.3523782504766473
2018-07-18 11:15:00,-0.336210817677113
2018-07-18 11:18:00,-0.3278015231382483
2018-07-18 11:21:00,-0.2784630493437703
2018-07-18 11:24:00,-0.4283686624542611
2018-07-18 11:27:00,-0.404198468437869
2018-07-18 11:30:00,-0.41595597815023666
2018-07-18 11:33:00,-0.42999717312898156
2018-07-18 11:36:00,-0.3428112580260745
2018-07-18 11:39:00,-0.3616422815405258
2018-07-18 11:42:00,-0.4295097730342263
2018-07-18 11:45:00,-0.37661546580568483
2018-07-18 11:48:00,-0.21688935500674233
2018-07-18 11:51:00,-0.21171113813272768
2018-07-18 11:54:00,-0.3409378729265313
2018-07-18 11:57:00,-0.4388629992386086
2018-07-18 12:00:00,-0.3142543359246588
2018-07-18 12:03:00,-0.4412507841507818
2018-07-18 12:06:00,-0.3235468750455084
2018-07-18 12:09:00,-0.43140107210325596
2018-07-18 12:12:00,-0.3854395619849811
2018-07-18 12:15:00,-0.4795119376066168
2018-07-18 12:18:00,-0.36960166222917223
2018-07-18 12:21:00,-0.5413193527472799
2018-07-18 12:24:00,-0.3408794623637732
2018-07-18 12:27:00,-0.3802580040942871
2018-07-18 12:30:00,-0.5716330482532612
2018-07-18 12:33:00,-0.420876633247417
2018-07-18 12:36:00,-0.4024566812541366
2018-07-18 12:39:00,-0.4883964874381377
2018-07-18 12:42:00,-0.6449758013775408
2018-07-18 12:45:00,-0.5465542893266502
2018-07-18 12:48:00,-0.46799187229288464
2018-07-18 12:51:00,-0.4446155763689035
2018-07-18 12:54:00,-0.5445904279940805
2018-07-18 12:57:00,-0.42294462237589414
2018-07-18 13:00:00,-0.529126370839947
2018-07-18 13:03:00,-0.49447013034136944
2018-07-18 13:06:00,-0.4948184610919384
2018-07-18 13:09:00,-0.4472134801974903
2018-07-18 13:12:00,-0.6034983195816039
2018-07-18 13:15:00,-0.5341283974298676
2018-07-18 13:18:00,-0.4556987936485939
2018-07-18 13:21:00,-0.526959572812018
2018-07-18 13:24:00,-0.4840781247762038
2018-07-18 13:27:00,-0.5964834698308437
2018-07-18 13:30:00,-0.39961148532762536
2018-07-18 13:33:00,-0.5203669497422538
2018-07-18 13:36:00,-0.4701675344719547
2018-07-18 13:39:00,-0.459602451379169
2018-07-18 13:42:00,-0.5373307754585994
2018-07-18 13:45:00,-0.43665561125607155
2018-07-18 13:48:00,-0.5281123091832569
2018-07-18 13:51:00,-0.43741772740520446
2018-07-18 13:54:00,-0.4574262191623575
2018-07-18 13:57:00,-0.44328541213724293
2018-07-18 14:00:00,-0.4549809325320666
2018-07-18 14:03:00,-0.4794705271650628
2018-07-18 14:06:00,-0.38358088392084255
2018-07-18 14:09:00,-0.3406536121615318
2018-07-18 14:12:00,-0.26570522470927926
2018-07-18 14:15:00,-0.2660120038675018
2018-07-18 14:18:00,-0.42133264605047316
2018-07-18 14:21:00,-0.5177886737081394
2018-07-18 14:24:00,-0.5216080483943415
2018-07-18 14:27:00,-0.5424960983627329
2018-07-18 14:30:00,-0.5191650420429141
2018-07-18 14:33:00,-0.48710719019601356
2018-07-18 14:36:00,-0.49834322813666176
2018-07-18 14:39:00,-0.51704510835674
2018-07-18 14:42:00,-0.3733922093907722
2018-07-18 14:45:00,-0.5283799112228849
2018-07-18 14:48:00,-0.5102721082551511
2018-07-18 14:51:00,-0.49839287789455966
2018-07-18 14:54:00,-0.5876225281049301
2018-07-18 14:57:00,-0.4949750566733542
2018-07-18 15:00:00,-0.466351399022642
2018-07-18 15:03:00,-0.591322942462682
2018-07-18 15:06:00,-0.5621956324314397
2018-07-18 15:09:00,-0.41793696592611695
2018-07-18 15:12:00,-0.48267044704948603
2018-07-18 15:15:00,-0.4945705323589209
2018-07-18 15:18:00,-0.46717901015205143
2018-07-18 15:21:00,-0.5468674230187958
2018-07-18 15:24:00,-0.6359476341046957
2018-07-18 15:27:00,-0.5907872744289762
2018-07-18 15:30:00,-0.5640946865554497
2018-07-18 15:33:00,-0.49049133355049435
2018-07-18 15:36:00,-0.5187074287869109
2018-07-18 15:39:00,-0.5058499448160205
2018-07-18 15:42:00,-0.45470619969080417
2018-07-18 15:45:00,-0.3272771802468242
2018-07-18 15:48:00,-0.46517335119585823
2018-07-18 15:51:00,-0.5026668279983255
2018-07-18 15:54:00,-0.4718120814657709
2018-07-18 15:57:00,-0.45764663779340253
2018-07-18 16:00:00,-0.40638784687132556
2018-07-18 16:03:00,-0.4768930479733058
2018-07-18 16:06:00,-0.47747760783255444
2018-07-18 16:09:00,-0.47739921880184966
2018-07-18 16:12:00,-0.6425689991209538
2018-07-18 16:15:00,-0.5649287473402183
2018-07-18 16:18:00,-0.4859237412110815
2018-07-18 16:21:00,-0.4859739036664905
2018-07-18 16:24:00,-0.4695896827830097
2018-07-18 16:27:00,-0.5581412675209663
2018-07-18 16:30:00,-0.5461148512422938
2018-07-18 16:33:00,-0.49613353850770636
2018-07-18 16:36:00,-0.4852202246582351
2018-07-18 16:39:00,-0.39886015021698995
2018-07-18 16:42:00,-0.5246854773245673
2018-07-18 16:45:00,-0.3431878144673419
2018-07-18 16:48:00,-0.4020847346916412
2018-07-18 16:51:00,-0.3931583290722642
2018-07-18 16:54:00,-0.47532929785847955
2018-07-18 16:57:00,-0.4991915160508711
2018-07-18 17:00:00,-0.4324160133688224
2018-07-18 17:03:00,-0.33494190162895165
2018-07-18 17:06:00,-0.3807596566801976
2018-07-18 17:09:00,-0.4777495997824417
2018-07-18 17:12:00,-0.42963564729029713
2018-07-18 17:15:00,-0.3855904309788798
2018-07-18 17:18:00,-0.3792803783292129
2018-07-18 17:21:00,-0.29006871447450067
2018-07-18 17:24:00,-0.35394050074927463
2018-07-18 17:27:00,-0.40826962213589013
2018-07-18 17:30:00,-0.4239385094080603
2018-07-18 17:33:00,-0.3393839217075083
2018-07-18 17:36:00,-0.40614269208884934
2018-07-18 17:39:00,-0.2939609939388106
2018-07-18 17:42:00,-0.35744833784957564
2018-07-18 17:45:00,-0.3430541626294712
2018-07-18 17:48:00,-0.28750525041147057
2018-07-18 17:51:00,-0.32514650725880756
2018-07-18 17:54:00,-0.29932942857408307
2018-07-18 17:57:00,-0.3022883246931656
2018-07-18 18:00:00,-0.4025820192327956
2018-07-18 18:03:00,-0.4015405650869184
2018-07-18 18:06:00,-0.21742584419769173
2018-07-18 18:09:00,-0.22392564084032074
2018-07-18 18:12:00,-0.2730138886025202
2018-07-18 18:15:00,-0.18375615971928028
2018-07-18 18:18:00,-0.29746132423372273
2018-07-18 18:21:00,-0.23595632560954982
2018-07-18 18:24:00,-0.18108413899511788
2018-07-18 18:27:00,-0.2323430076449995
2018-07-18 18:30:00,-0.24723329423613905
2018-07-18 18:33:00,-0.23426208848110264
2018-07-18 18:36:00,-0.24788789023386926
2018-07-18 18:39:00,-0.2028941640074322
2018-07-18 18:42:00,-0.22795294996302573
2018-07-18 18:45:00,-0.20871235504097285
2018-07-18 18:48:00,-0.22924638836889244
2018-07-18 18:51:00,-0.27321214803350813
2018-07-18 18:54:00,
2018-07-18 18:57:00,
2018-07-18 19:00:00,
2018-07-18 19:03:00,-0.21698787367029126
2018-07-18 19:06:00,-0.27552536085158863
2018-07-18 19:09:00,-0.3401303716947268
2018-07-18 19:12:00,-0.25134683582581374
2018-07-18 19:15:00,-0.20173120425266688
2018-07-18 19:18:00,-0.26374374132973344
2018-07-18 19:21:00,-0.24902880473212008
2018-07-18 19:24:00,-0.16028388498040158
2018-07-18 19:27:00,-0.08480529966220729
2018-07-18 19:30:00,-0.12068744946640209
2018-07-18 19:33:00,-0.11412902593394847
2018-07-18 19:36:00,-0.17641070504964773
2018-07-18 19:39:00,-0.17399127760762667
2018-07-18 19:42:00,-0.15258653481060946
2018-07-18 19:45:00,-0.24451010857018218
2018-07-18 19:48:00,-0.14887800566270926
2018-07-18 19:51:00,-0.12175018552494521
2018-07-18 19:54:00,-0.08906374810567286
2018-07-18 19:57:00,-0.18411900543441106
2018-07-18 20:00:00,-0.20388283903787396
2018-07-18 20:03:00,-0.21090287623877657
2018-07-18 20:06:00,-0.15612991372682927
2018-07-18 20:09:00,-0.14269709793262564
2018-07-18 20:12:00,-0.12527825017610894
2018-07-18 20:15:00,-0.14079099293098807
2018-07-18 20:18:00,-0.07747916011084044
2018-07-18 20:21:00,-0.09234034130963664
2018-07-18 20:24:00,-0.10820731913349846
2018-07-18 20:27:00,-0.13813281449688475
2018-07-18 20:30:00,0.07095179447759392
2018-07-18 20:33:00,-0.04124579879999146
2018-07-18 20:36:00,-0.13592239605270606
2018-07-18 20:39:00,-0.00826119970218997
2018-07-18 20:42:00,-0.04901963086570049
2018-07-18 20:45:00,-0.1265820505096258
2018-07-18 20:48:00,-0.07110402769865232
2018-07-18 20:51:00,-0.13961294944073188
2018-07-18 20:54:00,-0.1450951450987077
2018-07-18 20:57:00,-0.09956032878943688
2018-07-18 21:00:00,-0.19502233382701206
2018-07-18 21:03:00,-0.11358354983696017
2018-07-18 21:06:00,-0.14548892370646627
2018-07-18 21:09:00,-0.07623765710877706
2018-07-18 21:12:00,-0.06812746720595442
2018-07-18 21:15:00,-0.16702403629710716
2018-07-18 21:18:00,-0.16667876164206064
2018-07-18 21:21:00,-0.07989197518384117
2018-07-18 21:24:00,-0.03231721981848068
2018-07-18 21:27:00,-0.0441059891606983
2018-07-18 21:30:00,-0.10735168458035105
2018-07-18 21:33:00,-0.06478410365480158
2018-07-18 21:36:00,-0.028280955726700086
2018-07-18 21:39:00,0.07029045976071302
2018-07-18 21:42:00,0.05473883964975812
2018-07-18 21:45:00,-0.015976226066925392
2018-07-18 21:48:00,0.09642130525611492
2018-07-18 21:51:00,-0.014554949494311131
2018-07-18 21:54:00,-0.023309642155538768
2018-07-18 21:57:00,0.09635421684384937
2018-07-18 22:00:00,0.23775445632793435
2018-07-18 22:03:00,0.1472583651184891
2018-07-18 22:06:00,0.16137069371939106
2018-07-18 22:09:00,0.13742713580086274
2018-07-18 22:12:00,0.18006156736942103
2018-07-18 22:15:00,0.09492137760923924
2018-07-18 22:18:00,0.09357261227501112
2018-07-18 22:21:00,0.1591125077181914
2018-07-18 22:24:00,0.4356818466894765
2018-07-18 22:27:00,0.33768067070826646
2018-07-18 22:30:00,0.2901569426012429
2018-07-18 22:33:00,0.16881646964884567
2018-07-18 22:36:00,0.4400379335219782
2018-07-18 22:39:00,0.42867266202142673
2018-07-18 22:42:00,0.4410809371822779
2018-07-18 22:45:00,0.4564529360206393
2018-07-18 22:48:00,0.05964445199037982
2018-07-18 22:51:00,0.14714893292307352
2018-07-18 22:54:00,0.14674042363822082
2018-07-18 22:57:00,0.29178416335230395
2018-07-18 23:00:00,0.14375037367267396
2018-07-18 23:03:00,0.045996748975483115
2018-07-18 23:06:00,0.0295861886881994
2018-07-18 23:09:00,0.11197322527380038
2018-07-18 23:12:00,0.16738525919487302
2018-07-18 23:15:00,0.10821150751735331
2018-07-18 23:18:00,0.0674007498487299
2018-07-18 23:21:00,0.052687907574807014
2018-07-18 23:24:00,0.11664038183079128
2018-07-18 23:27:00,0.16229275858887604
2018-07-18 23:30:00,0.06820533907347226
2018-07-18 23:33:00,0.17590182482985028
2018-07-18 23:36:00,0.08778135822336708
2018-07-18 23:39:00,0.06301257960916473
2018-07-18 23:42:00,0.09394485555185383
2018-07-18 23:45:00,0.09475693035102495
2018-07-18 23:48:00,0.17693954618397356
2018-07-18 23:51:00,0.14575722980049477
2018-07-18 23:54:00,0.13910597940292746
2018-07-18 23:57:00,0.12319129512110294
2018-07-19 00:00:00,0.20982614320524817
2018-07-19 00:03:00,0.14636662604669937
2018-07-19 00:06:00,0.08833813151818504
2018-07-19 00:09:00,0.04045692374995724
2018-07-19 00:12:00,0.12994896688923063
2018-07-19 00:15:00,0.20184445802044593
2018-07-19 00:18:00,0.17716806487055692
2018-07-19 00:21:00,0.1358995646273229
2018-07-19 00:24:00,0.06491402555269588
2018-07-19 00:27:00,-0.03135360257061848
2018-07-19 00:30:00,0.1160709918637508
2018-07-19 00:33:00,0.12142316381050478
2018-07-19 00:36:00,0.005868352302570656
2018-07-19 00:39:00,0.0670611831756105
2018-07-19 00:42:00,0.06430458719989929
2018-07-19 00:45:00,0.04114102008929876
2018-07-19 00:48:00,0.006005155622744951
2018-07-19 00:51:00,0.11038121141763213
2018-07-19 00:54:00,0.0885136302773617
2018-07-19 00:57:00,0.1996112104650365
2018-07-19 01:00:00,0.19512689984134113
2018-07-19 01:03:00,0.10548780754453446
2018-07-19 01:06:00,0.15852810718007504
2018-07-19 01:09:00,0.03406556182000031
2018-07-19 01:12:00,0.0296615786829193
2018-07-19 01:15:00,0.028767230824314538
2018-07-19 01:18:00,0.0789840382735747
2018-07-19 01:21:00,-0.009408899566722084
2018-07-19 01:24:00,0.16033118182610906
2018-07-19 01:27:00,0.08615135135971741
2018-07-19 01:30:00,0.1782846904995381
2018-07-19 01:33:00,0.0744768306332162
2018-07-19 01:36:00,0.11629098378449498
2018-07-19 01:39:00,0.08676110158870642
2018-07-19 01:42:00,0.0761117057923002
2018-07-19 01:45:00,0.08921420305273386
2018-07-19 01:48:00,0.10816281902805258
2018-07-19 01:51:00,0.01145717067277019
2018-07-19 01:54:00,0.027569865946304617
2018-07-19 01:57:00,0.02097730738523751
2018-07-19 02:00:00,0.06469837620034014
2018-07-19 02:03:00,0.06235849232450619
2018-07-19 02:06:00,-0.014897591595172344
2018-07-19 02:09:00,0.14573561513725508
2018-07-19 02:12:00,0.0812391356663511
2018-07-19 02:15:00,0.1126795278542545
2018-07-19 02:18:00,0.1437114447097656
2018-07-19 02:21:00,0.1486424127328405
2018-07-19 02:24:00,0.10931665421293246
2018-07-19 02:27:00,0.1658413635004763
2018-07-19 02:30:00,0.11111395606650376
2018-07-19 02:33:00,0.1077903831386493
2018-07-19 02:36:00,0.08910038374722262
2018-07-19 02:39:00,0.24417086730380788
2018-07-19 02:42:00,0.141637946049741
2018-07-19 02:45:00,0.12403406831560915
2018-07-19 02:48:00,0.13704179263720562
2018-07-19 02:51:00,0.18377528971649326
2018-07-19 02:54:00,0.1582461612479733
2018-07-19 02:57:00,0.2104916669587169
2018-07-19 03:00:00,0.25390722686125855
2018-07-19 03:03:00,0.14960733846538687
2018-07-19 03:06:00,0.19616133476529285
2018-07-19 03:09:00,0.1342741449407754
2018-07-19 03:12:00,0.18357063315556843
2018-07-19 03:15:00,0.2172126932774745
2018-07-19 03:18:00,0.23128553116544026
2018-07-19 03:21:00,0.23151830986921595
2018-07-19 03:24:00,0.25820207034797704
2018-07-19 03:27:00,0.2765076392579999
2018-07-19 03:30:00,0.1754064336800525
2018-07-19 03:33:00,0.20077854550009988
2018-07-19 03:36:00,0.1892736439269811
2018-07-19 03:39:00,0.19142672962760798
2018-07-19 03:42:00,0.2176339317418865
2018-07-19 03:45:00,0.18007374488541927
2018-07-19 03:48:00,0.16569435824516177
2018-07-19 03:51:00,0.2301024820241082
2018-07-19 03:54:00,0.21461721810783274
2018-07-19 03:57:00,0.14220288606634313
2018-07-19 04:00:00,0.18101441796324025
2018-07-19 04:03:00,0.13704013334006504
2018-07-19 04:06:00,0.20149429139803487
2018-07-19 04:09:00,0.14729681484971024
2018-07-19 04:12:00,0.22341305169913994
2018-07-19 04:15:00,0.22016226907436476
2018-07-19 04:18:00,0.21825259964123234
2018-07-19 04:21:00,0.1682572771973696
2018-07-19 04:24:00,0.2656549901673202
2018-07-19 04:27:00,0.1999816919929458
2018-07-19 04:30:00,0.18654073675349991
2018-07-19 04:33:00,0.19103603302420424
2018-07-19 04:36:00,0.26527170610825124
2018-07-19 04:39:00,0.22853674394588097
2018-07-19 04:42:00,0.1794086391963674
2018-07-19 04:45:00,0.2414646358876098
2018-07-19 04:48:00,0.2624873955169278
2018-07-19 04:51:00,0.21894040461978648
2018-07-19 04:54:00,0.21716857469357365
2018-07-19 04:57:00,0.20257273661354702
2018-07-19 05:00:00,0.28729555826146225
2018-07-19 05:03:00,0.2715796972967155
2018-07-19 05:06:00,0.27547605110862605
2018-07-19 05:09:00,0.18592610399269915
2018-07-19 05:12:00,0.2290507543132776
2018-07-19 05:15:00,0.24102986569425866
2018-07-19 05:18:00,0.26010223962038026
2018-07-19 05:21:00,0.290439501719959
2018-07-19 05:24:00,0.2687424389175135
2018-07-19 05:27:00,0.20794561133658362
2018-07-19 05:30:00,0.2857344013306147
2018-07-19 05:33:00,0.25052630552801247
2018-07-19 05:36:00,0.30284251635373494
2018-07-19 05:39:00,0.2585330627421172
2018-07-19 05:42:00,0.2707560537857603
2018-07-19 05:45:00,0.2415701053046746
2018-07-19 05:48:00,0.185962532213523
2018-07-19 05:51:00,0.30862042929805966
2018-07-19 05:54:00,0.23449314688656386
2018-07-19 05:57:00,0.22641564165081718
2018-07-19 06:00:00,0.304565405277458
2018-07-19 06:03:00,0.32614053394462417
2018-07-19 06:06:00,0.2800414493901826
2018-07-19 06:09:00,0.2293363836112121
2018-07-19 06:12:00,0.2769807917286471
2018-07-19 06:15:00,0.27015110465822545
2018-07-19 06:18:00,0.2692040855417872
2018-07-19 06:21:00,0.28451954515065836
2018-07-19 06:24:00,0.20112019282123583
2018-07-19 06:27:00,0.4163764638286125
2018-07-19 06:30:00,0.3537560575510952
2018-07-19 06:33:00,0.3404061687850799
2018-07-19 06:36:00,0.3337315144150921
2018-07-19 06:39:00,0.34951700885733317
2018-07-19 06:42:00,0.35355071138297944
2018-07-19 06:45:00,0.35707991351557666
2018-07-19 06:48:00,0.31980747452195146
2018-07-19 06:51:00,0.25199098077797544
2018-07-19 06:54:00,0.27102539831264494
2018-07-19 06:57:00,0.34679707231401835
2018-07-19 07:00:00,0.33318175394128957
2018-07-19 07:03:00,0.3635531944230479
2018-07-19 07:06:00,0.3048681251353855
2018-07-19 07:09:00,0.3259547692612159
2018-07-19 07:12:00,0.3220873431017708
2018-07-19 07:15:00,0.2693330945876369
2018-07-19 07:18:00,0.30452010401256757
2018-07-19 07:21:00,0.2916062107879043
2018-07-19 07:24:00,0.23329156377883464
2018-07-19 07:27:00,0.24048748242842066
2018-07-19 07:30:00,0.19218102192769493
2018-07-19 07:33:00,0.2026794159231713
2018-07-19 07:36:00,0.19543483883381896
2018-07-19 07:39:00,0.13231278881869457
2018-07-19 07:42:00,0.3908740713291081
2018-07-19 07:45:00,0.2789706443566047
2018-07-19 07:48:00,0.19873696019749332
2018-07-19 07:51:00,0.22530023840545255
2018-07-19 07:54:00,0.1926407780788395
2018-07-19 07:57:00,0.22859412006147295
2018-07-19 08:00:00,0.22661185469451084
2018-07-19 08:03:00,0.1741872777658955
2018-07-19 08:06:00,0.15095251903420603
2018-07-19 08:09:00,0.10505019052442321
2018-07-19 08:12:00,0.06964384520563272
2018-07-19 08:15:00,0.0765011992456266
2018-07-19 08:18:00,0.07032021974953295
2018-07-19 08:21:00,0.11587421017117094
2018-07-19 08:24:00,0.07727945662742286
2018-07-19 08:27:00,0.08584577017319361
2018-07-19 08:30:00,-0.028280876328039994
2018-07-19 08:33:00,0.1131256164272827
2018-07-19 08:36:00,-0.019641704160505924
2018-07-19 08:39:00,-0.02116440508575579
2018-07-19 08:42:00,-0.039419023445702805
2018-07-19 08:45:00,0.12108648877244832
2018-07-19 08:48:00,-0.05687264703317396
2018-07-19 08:51:00,-0.10471456819323066
2018-07-19 08:54:00,-0.08711539558532877
2018-07-19 08:57:00,-0.06765508622117977
2018-07-19 09:00:00,-0.05115885526134889
2018-07-19 09:03:00,-0.032184218094187145
2018-07-19 09:06:00,-0.12518542307793723
2018-07-19 09:09:00,-0.20572114990631007
2018-07-19 09:12:00,-0.1316094855129677
2018-07-19 09:15:00,-0.14942023996371745
2018-07-19 09:18:00,-0.19382977935367762
2018-07-19 09:21:00,-0.1568891646859356
2018-07-19 09:24:00,-0.12467789082535319
2018-07-19 09:27:00,-0.13763437461614103
2018-07-19 09:30:00,-0.18401365910511913
2018-07-19 09:33:00,-0.23240595644477935
2018-07-19 09:36:00,-0.16092325828282128
2018-07-19 09:39:00,-0.24942171085876907
2018-07-19 09:42:00,-0.1931165983801293
2018-07-19 09:45:00,-0.2997917692323995
2018-07-19 09:48:00,-0.2040098228957845
2018-07-19 09:51:00,-0.23159758087712135
2018-07-19 09:54:00,-0.20166887766509944
2018-07-19 09:57:00,-0.30276088700082937
2018-07-19 10:00:00,-0.29425557351152065
2018-07-19 10:03:00,-0.286820045440777
2018-07-19 10:06:00,-0.2898347419531433
2018-07-19 10:09:00,-0.24323272988192457
2018-07-19 10:12:00,-0.3001942338145227
2018-07-19 10:15:00,-0.2601867287668824
2018-07-19 10:18:00,-0.28508803351132883
2018-07-19 10:21:00,-0.44324316384512485
2018-07-19 10:24:00,-0.2989888215930705
2018-07-19 10:27:00,-0.2930976820105684
2018-07-19 10:30:00,-0.32428278555835277
2018-07-19 10:33:00,-0.26455024199617583
2018-07-19 10:36:00,-0.4241479698335411
2018-07-19 10:39:00,-0.34372090430889557
2018-07-19 10:42:00,-0.3434468050613759
2018-07-19 10:45:00,-0.3525129547745678
2018-07-19 10:48:00,-0.19456393729797128
2018-07-19 10:51:00,-0.2345197271000643
2018-07-19 10:54:00,-0.2672042471207874
2018-07-19 10:57:00,-0.32199722934871033
2018-07-19 11:00:00,-0.26680158215430083
2018-07-19 11:03:00,-0.12421554503015386
2018-07-19 11:06:00,-0.09786195358896066
2018-07-19 11:09:00,-0.17944911011147724
2018-07-19 11:12:00,-0.13544616631759254
2018-07-19 11:15:00,-0.36413386033575534
2018-07-19 11:18:00,-0.41561282353478646
2018-07-19 11:21:00,-0.33418274052047536
2018-07-19 11:24:00,-0.4682783822832448
2018-07-19 11:27:00,-0.3953930640853969
2018-07-19 11:30:00,-0.41370051299116994
2018-07-19 11:33:00,-0.26068884400217485
2018-07-19 11:36:00,-0.3820677980626215
2018-07-19 11:39:00,-0.45713772682495346
2018-07-19 11:42:00,-0.34842144662212604
2018-07-19 11:45:00,-0.4576603391266758
2018-07-19 11:48:00,-0.4163017552140218
2018-07-19 11:51:00,-0.5283834933932781
2018-07-19 11:54:00,-0.5994892230411324
2018-07-19 11:57:00,-0.4566530591854985
2018-07-19 12:00:00,-0.5218296480177287
2018-07-19 12:03:00,-0.49140317674874723
2018-07-19 12:06:00,-0.4013784189987746
2018-07-19 12:09:00,-0.36074704567892013
2018-07-19 12:12:00,-0.466998961805416
2018-07-19 12:15:00,-0.44676062396405314
2018-07-19 12:18:00,-0.4275214801707534
2018-07-19 12:21:00,-0.4739967892319896
2018-07-19 12:24:00,-0.45398913195333535
2018-07-19 12:27:00,-0.5216273186994158
2018-07-19 12:30:00,-0.5381020917146202
2018-07-19 12:33:00,-0.46009460055739737
2018-07-19 12:36:00,-0.42095725981266696
2018-07-19 12:39:00,-0.3599095229029672
2018-07-19 12:42:00,-0.5347478985547696
2018-07-19 12:45:00,-0.44699682537725494
2018-07-19 12:48:00,-0.4629756831641316
2018-07-19 12:51:00,-0.45990939611453996
2018-07-19 12:54:00,-0.5944014388849723
2018-07-19 12:57:00,-0.534659165012215
2018-07-19 13:00:00,-0.43272559674932154
2018-07-19 13:03:00,-0.5833656517879717
2018-07-19 13:06:00,-0.4666606889311993
2018-07-19 13:09:00,-0.3596816618821208
2018-07-19 13:12:00,-0.5158191857845509
2018-07-19 13:15:00,-0.3992471573901071
2018-07-19 13:18:00,-0.3477714549611619
2018-07-19 13:21:00,-0.25177586477349223
2018-07-19 13:24:00,-0.4027154372348605
2018-07-19 13:27:00,-0.442640968386911
2018-07-19 13:30:00,-0.39806508026913434
2018-07-19 13:33:00,-0.5253728093618406
2018-07-19 13:36:00,-0.49871009429813284
2018-07-19 13:39:00,-0.4863892948247326
2018-07-19 13:42:00,-0.5288328402156139
2018-07-19 13:45:00,-0.4570651400471206
2018-07-19 13:48:00,-0.37230936494643174
2018-07-19 13:51:00,-0.3839521902066849
2018-07-19 13:54:00,-0.46579957804726746
2018-07-19 13:57:00,-0.5218603224108165
2018-07-19 14:00:00,-0.5789432519140973
2018-07-19 14:03:00,-0.5975749885905657
2018-07-19 14:06:00,-0.5373194724757582
2018-07-19 14:09:00,-0.5001420900496782
2018-07-19 14:12:00,-0.6061058254039722
2018-07-19 14:15:00,-0.517889911172233
2018-07-19 14:18:00,-0.5246001141580905
2018-07-19 14:21:00,-0.6451405070225178
2018-07-19 14:24:00,-0.5978036515221561
2018-07-19 14:27:00,-0.6523954324117653
2018-07-19 14:30:00,-0.582810522655052
2018-07-19 14:33:00,-0.6046599187614561
2018-07-19 14:36:00,-0.4722570908676289
2018-07-19 14:39:00,-0.4667814767346954
2018-07-19 14:42:00,-0.5577968762779619
2018-07-19 14:45:00,-0.4761128509152286
2018-07-19 14:48:00,-0.5097084788804978
2018-07-19 14:51:00,-0.5916534595481266
2018-07-19 14:54:00,-0.43212843705686055
2018-07-19 14:57:00,-0.527608229622615
2018-07-19 15:00:00,-0.5923810477432312
2018-07-19 15:03:00,-0.6330006852970769
2018-07-19 15:06:00,-0.5330789589982601
2018-07-19 15:09:00,-0.6069764937404329
2018-07-19 15:12:00,-0.51483722866692
2018-07-19 15:15:00,-0.41509512227491996
2018-07-19 15:18:00,-0.449237002126722
2018-07-19 15:21:00,-0.44352776190618215
2018-07-19 15:24:00,-0.5145078668869587
2018-07-19 15:27:00,-0.5068523573748962
2018-07-19 15:30:00,-0.4554387619238014
2018-07-19 15:33:00,-0.5103055695265653
2018-07-19 15:36:00,-0.4716744640315369
2018-07-19 15:39:00,-0.45801513548224193
2018-07-19 15:42:00,-0.5841670878490959
2018-07-19 15:45:00,-0.459997999347479
2018-07-19 15:48:00,-0.5940599564909235
2018-07-19 15:51:00,-0.5488527817690851
2018-07-19 15:54:00,-0.42489158425769347
2018-07-19 15:57:00,-0.4452385263007841
2018-07-19 16:00:00,-0.47512064565995615
2018-07-19 16:03:00,-0.43775793257009354
2018-07-19 16:06:00,-0.5479723350350127
2018-07-19 16:09:00,-0.4769134194641538
2018-07-19 16:12:00,-0.5632370429429443
2018-07-19 16:15:00,-0.543802270100116
2018-07-19 16:18:00,-0.42822297255571584
2018-07-19 16:21:00,-0.5914275951563468
2018-07-19 16:24:00,-0.5318530690923922
2018-07-19 16:27:00,-0.6277604859407688
2018-07-19 16:30:00,-0.4928201369396561
2018-07-19 16:33:00,-0.6332103374673466
2018-07-19 16:36:00,-0.4900636700117502
2018-07-19 16:39:00,-0.4816696091834274
2018-07-19 16:42:00,-0.5819521594941648
2018-07-19 16:45:00,-0.5503434276462258
2018-07-19 16:48:00,-0.4996055411594398
2018-07-19 16:51:00,-0.5062109286974419
2018-07-19 16:54:00,-0.5858422159435008
2018-07-19 16:57:00,-0.495460894265932
2018-07-19 17:00:00,-0.6309654279886558
2018-07-19 17:03:00,-0.5453943637445491
2018-07-19 17:06:00,-0.5489819137214909
2018-07-19 17:09:00,-0.5980350522142999
2018-07-19 17:12:00,-0.4599202599869727
2018-07-19 17:15:00,-0.4663897809670061
2018-07-19 17:18:00,-0.5528272657651883
2018-07-19 17:21:00,-0.49606116558078384
2018-07-19 17:24:00,-0.5081354340822486
2018-07-19 17:27:00,-0.4878762657141351
2018-07-19 17:30:00,-0.4676661209650206
2018-07-19 17:33:00,-0.5024232833480369
2018-07-19 17:36:00,-0.5038607383269778
2018-07-19 17:39:00,-0.50160384244424
2018-07-19 17:42:00,-0.509149220877191
2018-07-19 17:45:00,-0.470132327655449
2018-07-19 17:48:00,-0.4312552597111221
2018-07-19 17:51:00,-0.3979595942777223
2018-07-19 17:54:00,-0.3932971100911118
2018-07-19 17:57:00,-0.26627612230299746
2018-07-19 18:00:00,-0.26031611647937325
2018-07-19 18:03:00,-0.3676828342468639
2018-07-19 18:06:00,-0.29535971591315047
2018-07-19 18:09:00,-0.2596783377417182
2018-07-19 18:12:00,-0.35464922032633694
2018-07-19 18:15:00,-0.2961850709199325
2018-07-19 18:18:00,-0.3367702147713203
2018-07-19 18:21:00,-0.3331542479611471
2018-07-19 18:24:00,-0.30122593923192653
2018-07-19 18:27:00,-0.3775710539524084
2018-07-19 18:30:00,-0.2533448883398819
2018-07-19 18:33:00,-0.2627468604862315
2018-07-19 18:36:00,-0.32068951949230495
2018-07-19 18:39:00,-0.18711052095289915
2018-07-19 18:42:00,-0.23358227069047643
2018-07-19 18:45:00,-0.1381110245497439
2018-07-19 18:48:00,-0.21365831325186946
2018-07-19 18:51:00,-0.07833746016029863
2018-07-19 18:54:00,
2018-07-19 18:57:00,
2018-07-19 19:00:00,
2018-07-19 19:03:00,-0.29561590001867444
2018-07-19 19:06:00,-0.2486077696785287
2018-07-19 19:09:00,-0.22653623570096215
2018-07-19 19:12:00,-0.1609309832340955
2018-07-19 19:15:00,-0.21612746439222974
2018-07-19 19:18:00,-0.20930420387475124
2018-07-19 19:21:00,-0.23936094187979506
2018-07-19 19:24:00,-0.15425105499377878
2018-07-19 19:27:00,-0.13287297424733424
2018-07-19 19:30:00,-0.06860876581612274
2018-07-19 19:33:00,0.017571601341899168
2018-07-19 19:36:00,-0.11161913949399604
2018-07-19 19:39:00,-0.03713542734215025
2018-07-19 19:42:00,-0.0312568625415679
2018-07-19 19:45:00,-0.033364012974629986
2018-07-19 19:48:00,-0.2130762274287008
2018-07-19 19:51:00,-0.11157220411888602
2018-07-19 19:54:00,0.08491011143127025
2018-07-19 19:57:00,-0.004447960861284628
2018-07-19 20:00:00,-0.025723370167440862
2018-07-19 20:03:00,-0.06826825363395983
2018-07-19 20:06:00,-0.01166948118958544
2018-07-19 20:09:00,-0.061658889763691604
2018-07-19 20:12:00,-0.06449339126197629
2018-07-19 20:15:00,-0.0770974372791784
2018-07-19 20:18:00,-0.1808434747077854
2018-07-19 20:21:00,-0.049410315068826094
2018-07-19 20:24:00,-0.12438750321115322
2018-07-19 20:27:00,0.02001952477087343
2018-07-19 20:30:00,0.005410730689504817
2018-07-19 20:33:00,-0.01815243262075228
2018-07-19 20:36:00,-0.07805377662634783
2018-07-19 20:39:00,-0.06098653269805254
2018-07-19 20:42:00,-0.06465900727806684
2018-07-19 20:45:00,0.05143425312439831
2018-07-19 20:48:00,-0.007647471904249414
2018-07-19 20:51:00,-0.08726203412811628
2018-07-19 20:54:00,0.004337483388724195
2018-07-19 20:57:00,-0.15117188995475317
2018-07-19 21:00:00,-0.08348206185871732
2018-07-19 21:03:00,-0.06977330241852542
2018-07-19 21:06:00,-0.15159713521615004
2018-07-19 21:09:00,-0.06874131768972802
2018-07-19 21:12:00,-0.17172239793421795
2018-07-19 21:15:00,-0.07696149311271938
2018-07-19 21:18:00,-0.07813053794376401
2018-07-19 21:21:00,-0.05424338920926175
2018-07-19 21:24:00,-0.08466588062981373
2018-07-19 21:27:00,-0.10104479150948009
2018-07-19 21:30:00,-0.08551571006705672
2018-07-19 21:33:00,-0.14824069793945682
2018-07-19 21:36:00,-0.09029222675286519
2018-07-19 21:39:00,-0.06066255033630341
2018-07-19 21:42:00,-0.041621596457332544
2018-07-19 21:45:00,-0.09639626894608
2018-07-19 21:48:00,-0.13121356584900923
2018-07-19 21:51:00,-0.04350170229037076
2018-07-19 21:54:00,-0.20988131370035035
2018-07-19 21:57:00,0.0008243006219004201
2018-07-19 22:00:00,-0.049303220785873236
2018-07-19 22:03:00,-0.044131374126664014
2018-07-19 22:06:00,-0.06395713572879913
2018-07-19 22:09:00,0.04773510093042432
2018-07-19 22:12:00,-0.006585324329591913
2018-07-19 22:15:00,-0.04194098595621654
2018-07-19 22:18:00,-0.1589132730100573
2018-07-19 22:21:00,-0.14735657954201997
2018-07-19 22:24:00,-0.10346287204095006
2018-07-19 22:27:00,-0.1566042458496213
2018-07-19 22:30:00,0.007816413770740382
2018-07-19 22:33:00,0.006790649936931459
2018-07-19 22:36:00,0.018977118725103992
2018-07-19 22:39:00,0.05327362319826534
2018-07-19 22:42:00,0.023118623996651877
2018-07-19 22:45:00,0.14862464461157288
2018-07-19 22:48:00,0.07219146855078407
2018-07-19 22:51:00,0.13579431202742853
2018-07-19 22:54:00,0.19176906174033093
2018-07-19 22:57:00,0.1735082598318627
2018-07-19 23:00:00,0.3054841717778345
2018-07-19 23:03:00,0.23955069082774116
2018-07-19 23:06:00,0.07322592534188743
2018-07-19 23:09:00,-0.08113513523039728
2018-07-19 23:12:00,0.0006845534637704986
2018-07-19 23:15:00,0.04237692429438766
2018-07-19 23:18:00,0.08469834074713845
2018-07-19 23:21:00,0.0802036094852383
2018-07-19 23:24:00,-0.02105208441156492
2018-07-19 23:27:00,0.08067709554262592
2018-07-19 23:30:00,0.21384352090103675
2018-07-19 23:33:00,0.1476852272928113
2018-07-19 23:36:00,0.0740716674594637
2018-07-19 23:39:00,0.21920970139041174
2018-07-19 23:42:00,0.13537762407486298
2018-07-19 23:45:00,0.15745876750696652
2018-07-19 23:48:00,0.14513838790207956
2018-07-19 23:51:00,0.07111345856361595
2018-07-19 23:54:00,0.11430250477963
2018-07-19 23:57:00,0.07518779676166787
2018-07-20 00:00:00,0.207701945046324
2018-07-20 00:03:00,0.2555597174925879
2018-07-20 00:06:00,0.07831800789313093
2018-07-20 00:09:00,0.11278252787411702
2018-07-20 00:12:00,0.0484586065948065
2018-07-20 00:15:00,0.0914051692058706
2018-07-20 00:18:00,0.05151570590982146
2018-07-20 00:21:00,0.09589155822067141
2018-07-20 00:24:00,0.11549448781386218
2018-07-20 00:27:00,0.005325151969600483
2018-07-20 00:30:00,0.07913683902313551
2018-07-20 00:33:00,-0.016971657974579557
2018-07-20 00:36:00,0.11120176886100808
2018-07-20 00:39:00,0.16013864712039094
2018-07-20 00:42:00,0.03125766733109003
2018-07-20 00:45:00,-0.023723870406058722
2018-07-20 00:48:00,0.04457186829205284
2018-07-20 00:51:00,0.060211285513958046
2018-07-20 00:54:00,0.06564273499355977
2018-07-20 00:57:00,0.0022184329274637093
2018-07-20 01:00:00,0.10034022159084088
2018-07-20 01:03:00,0.12030103530588576
2018-07-20 01:06:00,0.07726099191171443
2018-07-20 01:09:00,0.06214427436970027
2018-07-20 01:12:00,0.02212194350840946
2018-07-20 01:15:00,0.020696581516006063
2018-07-20 01:18:00,0.10747346052630746
2018-07-20 01:21:00,0.12718494224048982
2018-07-20 01:24:00,0.024449163708311517
2018-07-20 01:27:00,-0.01648577867996437
2018-07-20 01:30:00,-0.11993420551652889
2018-07-20 01:33:00,0.08017715226247901
2018-07-20 01:36:00,0.18833044499484686
2018-07-20 01:39:00,0.0892457413710872
2018-07-20 01:42:00,0.13925625892244398
2018-07-20 01:45:00,0.19634077420522544
2018-07-20 01:48:00,0.20028386703108936
2018-07-20 01:51:00,0.104618875658673
2018-07-20 01:54:00,0.27516869998959237
2018-07-20 01:57:00,0.1601245883481397
2018-07-20 02:00:00,0.21357586130500295
2018-07-20 02:03:00,0.21410648925990472
2018-07-20 02:06:00,0.1441821784681565
2018-07-20 02:09:00,0.1749412239004755
2018-07-20 02:12:00,0.1557853828753082
2018-07-20 02:15:00,0.1754742139931409
2018-07-20 02:18:00,0.16477114531789994
2018-07-20 02:21:00,0.18127219882751433
2018-07-20 02:24:00,0.2116192911709618
2018-07-20 02:27:00,0.20611946265995584
2018-07-20 02:30:00,0.2171979536103663
2018-07-20 02:33:00,0.1817535151670313
2018-07-20 02:36:00,0.1683609880003587
2018-07-20 02:39:00,0.250503842284445
2018-07-20 02:42:00,0.15102613228276596
2018-07-20 02:45:00,0.16410250116587122
2018-07-20 02:48:00,0.24559312036655
2018-07-20 02:51:00,0.148377191266718
2018-07-20 02:54:00,0.1584888171674379
2018-07-20 02:57:00,0.121284101942706
2018-07-20 03:00:00,0.23008078107341134
2018-07-20 03:03:00,0.1770473025804904
2018-07-20 03:06:00,0.2395527999810838
2018-07-20 03:09:00,0.28541161179362007
2018-07-20 03:12:00,0.2176492439588742
2018-07-20 03:15:00,0.24499210919606185
2018-07-20 03:18:00,0.22188693587543185
2018-07-20 03:21:00,0.2591940047224739
2018-07-20 03:24:00,0.28385338453944087
2018-07-20 03:27:00,0.18004195520927624
2018-07-20 03:30:00,0.1978957291861434
2018-07-20 03:33:00,0.33685411089379613
2018-07-20 03:36:00,0.21567315123996877
2018-07-20 03:39:00,0.22916181002688063
2018-07-20 03:42:00,0.20583488701112174
2018-07-20 03:45:00,0.25782626137913667
2018-07-20 03:48:00,0.26234718092001685
2018-07-20 03:51:00,0.29508235675444894
2018-07-20 03:54:00,0.255338692017574
2018-07-20 03:57:00,0.25621937151788643
2018-07-20 04:00:00,0.2638122086588055
2018-07-20 04:03:00,0.3325812519443616
2018-07-20 04:06:00,0.1232429063335303
2018-07-20 04:09:00,0.2520570946239218
2018-07-20 04:12:00,0.23917418471535257
2018-07-20 04:15:00,0.21854823920955369
2018-07-20 04:18:00,0.24035717162865922
2018-07-20 04:21:00,0.21509128798231814
2018-07-20 04:24:00,0.20426485473399225
2018-07-20 04:27:00,0.2722138744405811
2018-07-20 04:30:00,0.25794645411235706
2018-07-20 04:33:00,0.27659324601756907
2018-07-20 04:36:00,0.28227251746096726
2018-07-20 04:39:00,0.23693571304448824
2018-07-20 04:42:00,0.35963054281677387
2018-07-20 04:45:00,0.2675134745916239
2018-07-20 04:48:00,0.3164485097481702
2018-07-20 04:51:00,0.3529531012970324
2018-07-20 04:54:00,0.31611084555817115
2018-07-20 04:57:00,0.3079932815111306
2018-07-20 05:00:00,0.328890066366057
2018-07-20 05:03:00,0.20404795200551007
2018-07-20 05:06:00,0.29582904650999353
2018-07-20 05:09:00,0.22097750261855253
2018-07-20 05:12:00,0.26365352641687423
2018-07-20 05:15:00,0.2427921222418945
2018-07-20 05:18:00,0.2988820449594414
2018-07-20 05:21:00,0.3155903502682236
2018-07-20 05:24:00,0.22686358236234128
2018-07-20 05:27:00,0.36116958841489577
2018-07-20 05:30:00,0.289650566873604
2018-07-20 05:33:00,0.3136550279587027
2018-07-20 05:36:00,0.3111585581090708
2018-07-20 05:39:00,0.2565458408486734
2018-07-20 05:42:00,0.3217574845387503
2018-07-20 05:45:00,0.29566895055728537
2018-07-20 05:48:00,0.31092308491997755
2018-07-20 05:51:00,0.2838263203506699
2018-07-20 05:54:00,0.3547178082549749
2018-07-20 05:57:00,0.3865930964587392
2018-07-20 06:00:00,0.3209416754644394
2018-07-20 06:03:00,0.29019483558960246
2018-07-20 06:06:00,0.3135192099417168
2018-07-20 06:09:00,0.22609102184230778
2018-07-20 06:12:00,0.21526099002534238
2018-07-20 06:15:00,0.28174377903985715
2018-07-20 06:18:00,0.2959070430358679
2018-07-20 06:21:00,0.2660833716039406
2018-07-20 06:24:00,0.33546296938931164
2018-07-20 06:27:00,0.21508684722988392
2018-07-20 06:30:00,0.2266856037245475
2018-07-20 06:33:00,0.21963028962522912
2018-07-20 06:36:00,0.257428118516998
2018-07-20 06:39:00,0.30412944447448353
2018-07-20 06:42:00,0.24487969406379761
2018-07-20 06:45:00,0.2929135189097565
2018-07-20 06:48:00,0.276842247649256
2018-07-20 06:51:00,0.24376992773966322
2018-07-20 06:54:00,0.2253381205154028
2018-07-20 06:57:00,0.22404226036320551
2018-07-20 07:00:00,0.2390177641025275
2018-07-20 07:03:00,0.25029065516855553
2018-07-20 07:06:00,0.33401993509340855
2018-07-20 07:09:00,0.30308451384235013
2018-07-20 07:12:00,0.23638465226247263
2018-07-20 07:15:00,0.386136440429766
2018-07-20 07:18:00,0.2649561823452018
2018-07-20 07:21:00,0.41282967322263175
2018-07-20 07:24:00,0.277305981652205
2018-07-20 07:27:00,0.42913113572501516
2018-07-20 07:30:00,0.40009538256106225
2018-07-20 07:33:00,0.3863665964867664
2018-07-20 07:36:00,0.3555660033408685
2018-07-20 07:39:00,0.31170850992236865
2018-07-20 07:42:00,0.27000861565682044
2018-07-20 07:45:00,0.09370430921273964
2018-07-20 07:48:00,0.09997670652228408
2018-07-20 07:51:00,0.2534429880350899
2018-07-20 07:54:00,0.22116325332871156
2018-07-20 07:57:00,0.14454245973792013
2018-07-20 08:00:00,0.15943285052878764
2018-07-20 08:03:00,0.15408532411970555
2018-07-20 08:06:00,0.12321257605776736
2018-07-20 08:09:00,0.16570675386128642
2018-07-20 08:12:00,0.20327266376722264
2018-07-20 08:15:00,0.1075528978601028
2018-07-20 08:18:00,0.12992239996447097
2018-07-20 08:21:00,0.03884181439599388
2018-07-20 08:24:00,0.12598781404636838
2018-07-20 08:27:00,0.15490542191480472
2018-07-20 08:30:00,0.07868477984976607
2018-07-20 08:33:00,0.11410967298894548
2018-07-20 08:36:00,0.11968995945898087
2018-07-20 08:39:00,-0.026511797117166225
2018-07-20 08:42:00,0.05703875162441818
2018-07-20 08:45:00,0.05455176588333188
2018-07-20 08:48:00,0.02366703044589258
2018-07-20 08:51:00,-0.031113005612780853
2018-07-20 08:54:00,-0.014738892778836998
2018-07-20 08:57:00,-0.1719986373443021
2018-07-20 09:00:00,-0.07587140760244893
2018-07-20 09:03:00,-0.08093367679003904
2018-07-20 09:06:00,-0.104897431064785
2018-07-20 09:09:00,-0.14323345081169236
2018-07-20 09:12:00,-0.005442689261428768
2018-07-20 09:15:00,-0.13465382882168342
2018-07-20 09:18:00,-0.15813390828719776
2018-07-20 09:21:00,-0.1880372177249683
2018-07-20 09:24:00,-0.1537505490994704
2018-07-20 09:27:00,-0.2114553911923167
2018-07-20 09:30:00,-0.133367485548888
2018-07-20 09:33:00,-0.257174648837065
2018-07-20 09:36:00,-0.2015353773925881
2018-07-20 09:39:00,-0.21171083162226978
2018-07-20 09:42:00,-0.20094794985828912
2018-07-20 09:45:00,-0.21889494932429443
2018-07-20 09:48:00,-0.24380210575696992
2018-07-20 09:51:00,-0.18049722332307283
2018-07-20 09:54:00,-0.28699632840545064
2018-07-20 09:57:00,-0.2894703960957372
2018-07-20 10:00:00,-0.20754677471217065
2018-07-20 10:03:00,-0.20006879816151013
2018-07-20 10:06:00,-0.3806448187119713
2018-07-20 10:09:00,-0.30407048022766503
2018-07-20 10:12:00,-0.25544596498468763
2018-07-20 10:15:00,-0.2271012405802253
2018-07-20 10:18:00,-0.2874452026284757
2018-07-20 10:21:00,-0.3367447164050077
2018-07-20 10:24:00,-0.25620829217547225
2018-07-20 10:27:00,-0.3200341013758816
2018-07-20 10:30:00,-0.281777088567992
2018-07-20 10:33:00,-0.2858886172094799
2018-07-20 10:36:00,-0.35412380104816066
2018-07-20 10:39:00,-0.2124833843067222
2018-07-20 10:42:00,-0.29308839398129294
2018-07-20 10:45:00,-0.2948672359674447
2018-07-20 10:48:00,-0.29120589853596357
2018-07-20 10:51:00,-0.39646343843452314
2018-07-20 10:54:00,-0.29139885832807977
2018-07-20 10:57:00,-0.37936384913462007
2018-07-20 11:00:00,-0.33638916101841687
2018-07-20 11:03:00,-0.38680566269164274
2018-07-20 11:06:00,-0.3491203506648617
2018-07-20 11:09:00,-0.3574894896028127
2018-07-20 11:12:00,-0.3894174975789042
2018-07-20 11:15:00,-0.4996530672294739
2018-07-20 11:18:00,-0.38512435044793847
2018-07-20 11:21:00,-0.4837839750453554
2018-07-20 11:24:00,-0.41263076954390954
2018-07-20 11:27:00,-0.3757308162552704
2018-07-20 11:30:00,-0.4304959092009426
2018-07-20 11:33:00,-0.4042238837502623
2018-07-20 11:36:00,-0.4414087459250027
2018-07-20 11:39:00,-0.46874053305577945
2018-07-20 11:42:00,-0.49555186141310514
2018-07-20 11:45:00,-0.43702373224016355
2018-07-20 11:48:00,-0.45530780262453163
2018-07-20 11:51:00,-0.47587302561839806
2018-07-20 11:54:00,-0.3303928763134536
2018-07-20 11:57:00,-0.4431372211709004
2018-07-20 12:00:00,-0.5435076992181394
2018-07-20 12:03:00,-0.6002805706951335
2018-07-20 12:06:00,-0.48275771880940965
2018-07-20 12:09:00,-0.5453545483097741
2018-07-20 12:12:00,-0.5499677401346048
2018-07-20 12:15:00,-0.586236201436634
2018-07-20 12:18:00,-0.5767705920918615
2018-07-20 12:21:00,-0.5954114747332824
2018-07-20 12:24:00,-0.6500758339745971
2018-07-20 12:27:00,-0.6380187586340753
2018-07-20 12:30:00,-0.5585004413008505
2018-07-20 12:33:00,-0.539077246376678
2018-07-20 12:36:00,-0.6123147029515508
2018-07-20 12:39:00,-0.5474516260405835
2018-07-20 12:42:00,-0.5658498002900956
2018-07-20 12:45:00,-0.5341715978386787
2018-07-20 12:48:00,-0.5429155076643042
2018-07-20 12:51:00,-0.5395012331573525
2018-07-20 12:54:00,-0.6223268155943629
2018-07-20 12:57:00,-0.4409185305563028
2018-07-20 13:00:00,-0.5328806406150193
2018-07-20 13:03:00,-0.6664822265564112
2018-07-20 13:06:00,-0.6752855028969975
2018-07-20 13:09:00,-0.5315357969573142
2018-07-20 13:12:00,-0.6047774322803434
2018-07-20 13:15:00,-0.6005101572682179
2018-07-20 13:18:00,-0.617282800233454
2018-07-20 13:21:00,-0.5432838032243126
2018-07-20 13:24:00,-0.60824277395119
2018-07-20 13:27:00,-0.5960018592713823
2018-07-20 13:30:00,-0.5146018715495302
2018-07-20 13:33:00,-0.5753543990932712
2018-07-20 13:36:00,-0.7025854389844994
2018-07-20 13:39:00,-0.6235154507637048
2018-07-20 13:42:00,-0.623859290657208
2018-07-20 13:45:00,-0.5547114126805468
2018-07-20 13:48:00,-0.6735787692348367
2018-07-20 13:51:00,-0.48680392004075657
2018-07-20 13:54:00,-0.6831777118851505
2018-07-20 13:57:00,-0.6082219554139101
2018-07-20 14:00:00,-0.5294832493203785
2018-07-20 14:03:00,-0.64775632638856
2018-07-20 14:06:00,-0.5186039057964535
2018-07-20 14:09:00,-0.5704755737492064
2018-07-20 14:12:00,-0.5929851359819054
2018-07-20 14:15:00,-0.4978701628619433
2018-07-20 14:18:00,-0.6265324401504131
2018-07-20 14:21:00,-0.5296525629071311
2018-07-20 14:24:00,-0.6089241909431848
2018-07-20 14:27:00,-0.5191434110470254
2018-07-20 14:30:00,-0.41900503230266395
2018-07-20 14:33:00,-0.5254142119962921
2018-07-20 14:36:00,-0.6351995531402963
2018-07-20 14:39:00,-0.6242573647787708
2018-07-20 14:42:00,-0.7022799369130439
2018-07-20 14:45:00,-0.66617669577181
2018-07-20 14:48:00,-0.5521387005022689
2018-07-20 14:51:00,-0.6503660950800167
2018-07-20 14:54:00,-0.384752839021246
2018-07-20 14:57:00,-0.649525015335314
2018-07-20 15:00:00,-0.6046480716847782
2018-07-20 15:03:00,-0.572692291231192
2018-07-20 15:06:00,-0.6054697092025663
2018-07-20 15:09:00,-0.6427750379983763
2018-07-20 15:12:00,-0.6581885799748193
2018-07-20 15:15:00,-0.5470340756394876
2018-07-20 15:18:00,-0.5777483465232649
2018-07-20 15:21:00,-0.5910227930938845
2018-07-20 15:24:00,-0.6563474279845991
2018-07-20 15:27:00,-0.6076874653103914
2018-07-20 15:30:00,-0.6522138878332839
2018-07-20 15:33:00,-0.6447173196009999
2018-07-20 15:36:00,-0.6318029851477149
2018-07-20 15:39:00,-0.5537397771350925
2018-07-20 15:42:00,-0.6115103829937425
2018-07-20 15:45:00,-0.6931154696204089
2018-07-20 15:48:00,-0.6375287857291596
2018-07-20 15:51:00,-0.6367937695956698
2018-07-20 15:54:00,-0.5256881321053584
2018-07-20 15:57:00,-0.7005343566497118
2018-07-20 16:00:00,-0.5275272895628405
2018-07-20 16:03:00,-0.5968000484012919
2018-07-20 16:06:00,-0.6234945912109424
2018-07-20 16:09:00,-0.5586777420977
2018-07-20 16:12:00,-0.6712914724409416
2018-07-20 16:15:00,-0.6243944967167749
2018-07-20 16:18:00,-0.6555581879903798
2018-07-20 16:21:00,-0.6968709707588232
2018-07-20 16:24:00,-0.6536142345514122
2018-07-20 16:27:00,-0.6679886010485916
2018-07-20 16:30:00,-0.6468440765970627
2018-07-20 16:33:00,-0.46450981570148997
2018-07-20 16:36:00,-0.46250785270080996
2018-07-20 16:39:00,-0.5969144495887804
2018-07-20 16:42:00,-0.7308690000799629
2018-07-20 16:45:00,-0.6721139047390352
2018-07-20 16:48:00,-0.6053076492497098
2018-07-20 16:51:00,-0.49828124077640723
2018-07-20 16:54:00,-0.6366478193411353
2018-07-20 16:57:00,-0.5255549039601419
2018-07-20 17:00:00,-0.6603062860860405
2018-07-20 17:03:00,-0.6005995104493422
2018-07-20 17:06:00,-0.5829870917642097
2018-07-20 17:09:00,-0.5324518640805422
2018-07-20 17:12:00,-0.48897208383107227
2018-07-20 17:15:00,-0.5412569799531752
2018-07-20 17:18:00,-0.586381716262963
2018-07-20 17:21:00,-0.4563741425685066
2018-07-20 17:24:00,-0.5839515799422088
2018-07-20 17:27:00,-0.6295940831211624
2018-07-20 17:30:00,-0.5053583998405315
2018-07-20 17:33:00,-0.6105406916393008
2018-07-20 17:36:00,-0.5457637796917538
2018-07-20 17:39:00,-0.5591332929181476
2018-07-20 17:42:00,-0.5391493078736289
2018-07-20 17:45:00,-0.5448535082617809
2018-07-20 17:48:00,-0.4503889390592235
2018-07-20 17:51:00,-0.4787723228948835
2018-07-20 17:54:00,-0.41484266745823106
2018-07-20 17:57:00,-0.4721697316933273
2018-07-20 18:00:00,-0.41905616484763186
2018-07-20 18:03:00,-0.3767564621376778
2018-07-20 18:06:00,-0.31909405769994237
2018-07-20 18:09:00,-0.3468608463833789
2018-07-20 18:12:00,-0.32119038514576914
2018-07-20 18:15:00,-0.3620265757889456
2018-07-20 18:18:00,-0.3553527242068526
2018-07-20 18:21:00,-0.33366257475341854
2018-07-20 18:24:00,-0.21733718839021776
2018-07-20 18:27:00,-0.34854935303280854
2018-07-20 18:30:00,-0.31588124890271274
2018-07-20 18:33:00,-0.3519144669911043
2018-07-20 18:36:00,-0.34712203935890784
2018-07-20 18:39:00,-0.3450504381392534
2018-07-20 18:42:00,-0.39332154831942034
2018-07-20 18:45:00,-0.3062100978605713
2018-07-20 18:48:00,-0.27162622828330996
2018-07-20 18:51:00,-0.2671011561506589
2018-07-20 18:54:00,
2018-07-20 18:57:00,
2018-07-20 19:00:00,
2018-07-20 19:03:00,-0.22448071751335874
2018-07-20 19:06:00,-0.3103506526470028
2018-07-20 19:09:00,-0.2147844318314469
2018-07-20 19:12:00,-0.22137274497407589
2018-07-20 19:15:00,-0.3302738093863127
2018-07-20 19:18:00,-0.280519056619255
2018-07-20 19:21:00,-0.30414881069873445
2018-07-20 19:24:00,-0.33990463188268905
2018-07-20 19:27:00,-0.2728390131578067
2018-07-20 19:30:00,-0.39582973810087196
2018-07-20 19:33:00,-0.25500496698805364
2018-07-20 19:36:00,-0.2636285927335962
2018-07-20 19:39:00,-0.2777516161792164
2018-07-20 19:42:00,-0.282902774504862
2018-07-20 19:45:00,-0.26814131622512605
2018-07-20 19:48:00,-0.20418393253947897
2018-07-20 19:51:00,-0.2626105645655912
2018-07-20 19:54:00,-0.2658750777782757
2018-07-20 19:57:00,-0.2638644781217181
2018-07-20 20:00:00,-0.1890831320919233
2018-07-20 20:03:00,-0.21152435336796316
2018-07-20 20:06:00,-0.29388399731601567
2018-07-20 20:09:00,-0.1765055780912803
2018-07-20 20:12:00,-0.22528894965205382
2018-07-20 20:15:00,-0.11960054903761375
2018-07-20 20:18:00,-0.1536458906050484
2018-07-20 20:21:00,-0.16560941479656321
2018-07-20 20:24:00,-0.23579054978290515
2018-07-20 20:27:00,-0.21024330257336032
2018-07-20 20:30:00,-0.14691406434633336
2018-07-20 20:33:00,-0.12789265110370707
2018-07-20 20:36:00,-0.2401711394142012
2018-07-20 20:39:00,-0.06976287800898717
2018-07-20 20:42:00,-0.12926687650787017
2018-07-20 20:45:00,-0.18864787892869117
2018-07-20 20:48:00,-0.11842489367660392
2018-07-20 20:51:00,-0.07704143623112714
2018-07-20 20:54:00,-0.15132818249531965
2018-07-20 20:57:00,-0.13963262897385675
2018-07-20 21:00:00,-0.15843308986393367
2018-07-20 21:03:00,-0.1708491812485704
2018-07-20 21:06:00,-0.15245944402460054
2018-07-20 21:09:00,-0.12496295636822197
2018-07-20 21:12:00,-0.11395296080769413
2018-07-20 21:15:00,-0.06966107120348397
2018-07-20 21:18:00,-0.11594291507850585
2018-07-20 21:21:00,-0.09461224102955157
2018-07-20 21:24:00,-0.17203750529733952
2018-07-20 21:27:00,-0.11908076129964229
2018-07-20 21:30:00,-0.0946996961195623
2018-07-20 21:33:00,-0.12824673123503771
2018-07-20 21:36:00,-0.12390834890612723
2018-07-20 21:39:00,-0.010903311246295289
2018-07-20 21:42:00,-0.09526721520467163
2018-07-20 21:45:00,-0.09450815994136974
2018-07-20 21:48:00,-0.08991581888659539
2018-07-20 21:51:00,-0.07951286632123811
2018-07-20 21:54:00,-0.06524907629824384
2018-07-20 21:57:00,0.01515094746628165
2018-07-20 22:00:00,-0.04217264060741854
2018-07-20 22:03:00,0.03720421168964094
2018-07-20 22:06:00,0.016978137923388203
2018-07-20 22:09:00,-0.0009446026684827302
2018-07-20 22:12:00,-0.08339426212211265
2018-07-20 22:15:00,0.0022786715254028422
2018-07-20 22:18:00,0.06561234060785637
2018-07-20 22:21:00,0.12565199412557604
2018-07-20 22:24:00,-0.022279731214553067
2018-07-20 22:27:00,-0.11551356965458126
2018-07-20 22:30:00,0.05732895510061553
2018-07-20 22:33:00,0.01863730564582511
2018-07-20 22:36:00,0.17089573175621808
2018-07-20 22:39:00,0.2685833255344505
2018-07-20 22:42:00,0.028988850933671984
2018-07-20 22:45:00,0.04877381679119708
2018-07-20 22:48:00,-0.01690812740042702
2018-07-20 22:51:00,0.15749179670638114
2018-07-20 22:54:00,0.12757678857764176
2018-07-20 22:57:00,0.2749841340936996
2018-07-20 23:00:00,0.3202370121761646
2018-07-20 23:03:00,0.45303478666676256
2018-07-20 23:06:00,0.40867634829584176
2018-07-20 23:09:00,0.5469551504108381
2018-07-20 23:12:00,0.46852430406136136
2018-07-20 23:15:00,0.6180855809442392
2018-07-20 23:18:00,0.6032342149447913
2018-07-20 23:21:00,0.4795050861749246
2018-07-20 23:24:00,0.547153841165084
2018-07-20 23:27:00,0.6894677201503896
2018-07-20 23:30:00,0.6666598582191341
2018-07-20 23:33:00,0.5407498346202715
2018-07-20 23:36:00,0.33956787666915034
2018-07-20 23:39:00,0.33172552255962273
2018-07-20 23:42:00,0.3604237692350125
2018-07-20 23:45:00,0.3245157356925006
2018-07-20 23:48:00,0.2824964992464061
2018-07-20 23:51:00,0.12689583133459337
2018-07-20 23:54:00,0.15120960440538056
2018-07-20 23:57:00,0.17328517555705503
2018-07-21 00:00:00,0.11709242676556642
2018-07-21 00:03:00,0.048533237689639463
2018-07-21 00:06:00,0.10857065909863195
2018-07-21 00:09:00,0.13917393985423132
2018-07-21 00:12:00,0.18270461071119826
2018-07-21 00:15:00,0.22212287711766976
2018-07-21 00:18:00,0.15922280226340035
2018-07-21 00:21:00,0.16978825429902145
2018-07-21 00:24:00,0.18082798823252233
2018-07-21 00:27:00,0.08641790676159644
2018-07-21 00:30:00,0.043407271501507694
2018-07-21 00:33:00,0.037447148988633217
2018-07-21 00:36:00,0.021814902129904112
2018-07-21 00:39:00,-0.0036024822199465234
2018-07-21 00:42:00,0.16245317677135063
2018-07-21 00:45:00,0.10206214161809157
2018-07-21 00:48:00,0.12061307893060302
2018-07-21 00:51:00,0.010182924086905132
2018-07-21 00:54:00,0.13715967889163494
2018-07-21 00:57:00,0.20137182989867597
2018-07-21 01:00:00,0.27643488060033405
2018-07-21 01:03:00,0.14131398902975434
2018-07-21 01:06:00,0.3364490394407653
2018-07-21 01:09:00,0.22121842886184595
2018-07-21 01:12:00,0.29755543654334815
2018-07-21 01:15:00,0.21868540768298317
2018-07-21 01:18:00,0.18500402735008947
2018-07-21 01:21:00,0.2507363627942709
2018-07-21 01:24:00,0.20764302435060245
2018-07-21 01:27:00,0.18297644801390334
2018-07-21 01:30:00,0.2572678392750163
2018-07-21 01:33:00,0.22146660653953631
2018-07-21 01:36:00,0.2675990712198768
2018-07-21 01:39:00,0.26433135320854717
2018-07-21 01:42:00,0.2413632397967831
2018-07-21 01:45:00,0.20256608685224364
2018-07-21 01:48:00,0.22017585304320164
2018-07-21 01:51:00,0.20298660991130646
2018-07-21 01:54:00,0.10392438379818714
2018-07-21 01:57:00,0.27974371689794
2018-07-21 02:00:00,0.2908179995151272
2018-07-21 02:03:00,0.300466602137476
2018-07-21 02:06:00,0.26843414300458335
2018-07-21 02:09:00,0.20006958549299725
2018-07-21 02:12:00,0.2788365352899973
2018-07-21 02:15:00,0.15147992641789187
2018-07-21 02:18:00,0.2855558137114258
2018-07-21 02:21:00,0.2937384378499246
2018-07-21 02:24:00,0.24435989566507033
2018-07-21 02:27:00,0.28845098868987407
2018-07-21 02:30:00,0.315789185116671
2018-07-21 02:33:00,0.24818061452873508
2018-07-21 02:36:00,0.20968791250896857
2018-07-21 02:39:00,0.2695620436904278
2018-07-21 02:42:00,0.21530343062858037
2018-07-21 02:45:00,0.22605908218702098
2018-07-21 02:48:00,0.2768533393130497
2018-07-21 02:51:00,0.2348174962615417
2018-07-21 02:54:00,0.30969899253176436
2018-07-21 02:57:00,0.243764511981567
2018-07-21 03:00:00,0.21878800788942954
2018-07-21 03:03:00,0.3279034345732157
2018-07-21 03:06:00,0.2906333881841192
2018-07-21 03:09:00,0.2824161299542993
2018-07-21 03:12:00,0.26333247979789576
2018-07-21 03:15:00,0.3470244530760169
2018-07-21 03:18:00,0.29650303021020363
2018-07-21 03:21:00,0.2664783647555282
2018-07-21 03:24:00,0.27929845103892603
2018-07-21 03:27:00,0.2213854291782127
2018-07-21 03:30:00,0.30383929960140676
2018-07-21 03:33:00,0.3123558820240646
2018-07-21 03:36:00,0.19105508031105956
2018-07-21 03:39:00,0.266206131508568
2018-07-21 03:42:00,0.37672320983051577
2018-07-21 03:45:00,0.23739760163806523
2018-07-21 03:48:00,0.32028643801095313
2018-07-21 03:51:00,0.4002977882095138
2018-07-21 03:54:00,0.26927358222729936
2018-07-21 03:57:00,0.3538431078266626
2018-07-21 04:00:00,0.3187092910646925
2018-07-21 04:03:00,0.42118165317850753
2018-07-21 04:06:00,0.3043667541380728
2018-07-21 04:09:00,0.34634177385862586
2018-07-21 04:12:00,0.3509694587033323
2018-07-21 04:15:00,0.2306623738834901
2018-07-21 04:18:00,0.31190090477468857
2018-07-21 04:21:00,0.41226737604637265
2018-07-21 04:24:00,0.34914921172190816
2018-07-21 04:27:00,0.4107185779474207
2018-07-21 04:30:00,0.3336347560698414
2018-07-21 04:33:00,0.2853773635906123
2018-07-21 04:36:00,0.30609361938093116
2018-07-21 04:39:00,0.34214370753460344
2018-07-21 04:42:00,0.2829858464187396
2018-07-21 04:45:00,0.2766870268568482
2018-07-21 04:48:00,0.20592844671381272
2018-07-21 04:51:00,0.21901597219874702
2018-07-21 04:54:00,0.2372965364927495
2018-07-21 04:57:00,0.22942224588877025
2018-07-21 05:00:00,0.20826995561645845
2018-07-21 05:03:00,0.28398928911656185
2018-07-21 05:06:00,0.30483529539475285
2018-07-21 05:09:00,0.27243579808055074
2018-07-21 05:12:00,0.293440107826882
2018-07-21 05:15:00,0.2251491059049613
2018-07-21 05:18:00,0.3114806709969571
2018-07-21 05:21:00,0.2572897007831898
2018-07-21 05:24:00,0.19454797567487958
2018-07-21 05:27:00,0.31213782671528634
2018-07-21 05:30:00,0.30789629386993056
2018-07-21 05:33:00,0.24378281142611513
2018-07-21 05:36:00,0.30121547742186294
2018-07-21 05:39:00,0.19281461279263112
2018-07-21 05:42:00,0.2821299966960851
2018-07-21 05:45:00,0.3334695821615128
2018-07-21 05:48:00,0.21737163868789366
2018-07-21 05:51:00,0.31347455988412776
2018-07-21 05:54:00,0.31606791768342646
2018-07-21 05:57:00,0.2464659762941892
2018-07-21 06:00:00,0.30106879695864563
2018-07-21 06:03:00,0.3134885592258456
2018-07-21 06:06:00,0.2507957991920762
2018-07-21 06:09:00,0.2793698053950493
2018-07-21 06:12:00,0.2551764083523267
2018-07-21 06:15:00,0.3098185286022499
2018-07-21 06:18:00,0.21028528379122235
2018-07-21 06:21:00,0.34053604338419063
2018-07-21 06:24:00,0.33021345917677536
2018-07-21 06:27:00,0.3499813450267766
2018-07-21 06:30:00,0.32895744507897007
2018-07-21 06:33:00,0.2684343156237219
2018-07-21 06:36:00,0.24737356293661605
2018-07-21 06:39:00,0.29618996148684573
2018-07-21 06:42:00,0.2942599357623408
2018-07-21 06:45:00,0.29408423159867425
2018-07-21 06:48:00,0.27084273162847694
2018-07-21 06:51:00,0.3351069754068021
2018-07-21 06:54:00,0.3189566582111638
2018-07-21 06:57:00,0.4434306738466489
2018-07-21 07:00:00,0.5164285894974796
2018-07-21 07:03:00,0.5076592376588565
2018-07-21 07:06:00,0.4473900288947448
2018-07-21 07:09:00,0.425238571197724
2018-07-21 07:12:00,0.4670141999101247
2018-07-21 07:15:00,0.4629493213847127
2018-07-21 07:18:00,0.4312194237763265
2018-07-21 07:21:00,0.35781577875474113
2018-07-21 07:24:00,0.3874155969383537
2018-07-21 07:27:00,0.3683321438912799
2018-07-21 07:30:00,0.15886081335224844
2018-07-21 07:33:00,0.16464353265496356
2018-07-21 07:36:00,0.2630599642350262
2018-07-21 07:39:00,0.12603836933868706
2018-07-21 07:42:00,0.294488893949449
2018-07-21 07:45:00,0.26737918072308275
2018-07-21 07:48:00,0.2870830500137913
2018-07-21 07:51:00,0.3293896095125888
2018-07-21 07:54:00,0.34499526734146
2018-07-21 07:57:00,0.42534230586591093
2018-07-21 08:00:00,0.39327748331396606
2018-07-21 08:03:00,0.41926665796779616
2018-07-21 08:06:00,0.4331202756058019
2018-07-21 08:09:00,0.3868962742294002
2018-07-21 08:12:00,0.4720744156776391
2018-07-21 08:15:00,0.5579045205898296
2018-07-21 08:18:00,0.48038880277886165
2018-07-21 08:21:00,0.36295524101177534
2018-07-21 08:24:00,0.42788455130926195
2018-07-21 08:27:00,0.5052547818092421
2018-07-21 08:30:00,0.461721867723611
2018-07-21 08:33:00,0.3565198464585819
2018-07-21 08:36:00,0.3899434943951974
2018-07-21 08:39:00,0.3066423952924424
2018-07-21 08:42:00,0.3007536125353454
2018-07-21 08:45:00,0.18287086736978608
2018-07-21 08:48:00,0.24383447000411707
2018-07-21 08:51:00,0.31639128280784234
2018-07-21 08:54:00,0.2790669886017554
2018-07-21 08:57:00,0.277621458900569
2018-07-21 09:00:00,0.3213006927139759
2018-07-21 09:03:00,0.3174288357357682
2018-07-21 09:06:00,0.37122322593302215
2018-07-21 09:09:00,0.30662120979206975
2018-07-21 09:12:00,0.208558765223529
2018-07-21 09:15:00,0.2821780839045118
2018-07-21 09:18:00,0.26832016513401413
2018-07-21 09:21:00,0.2850498247280484
2018-07-21 09:24:00,0.2646726189086053
2018-07-21 09:27:00,0.22547657041002367
2018-07-21 09:30:00,0.3652710323904671
2018-07-21 09:33:00,0.3427556514579351
2018-07-21 09:36:00,0.24628198141027724
2018-07-21 09:39:00,0.33330698433394446
2018-07-21 09:42:00,0.26689395933078686
2018-07-21 09:45:00,0.24112704832850795
2018-07-21 09:48:00,0.2566621271280951
2018-07-21 09:51:00,0.30791886632641763
2018-07-21 09:54:00,0.2407411199458238
2018-07-21 09:57:00,0.20732376264334107
2018-07-21 10:00:00,0.20442936049374794
2018-07-21 10:03:00,0.14801379867452624
2018-07-21 10:06:00,0.19903842477776834
2018-07-21 10:09:00,0.16921833743936077
2018-07-21 10:12:00,0.17762287897414808
2018-07-21 10:15:00,0.24526674647586333
2018-07-21 10:18:00,0.18681256555555592
2018-07-21 10:21:00,0.16478912257122147
2018-07-21 10:24:00,0.10794211923376906
2018-07-21 10:27:00,0.028277284528826385
2018-07-21 10:30:00,0.05537746647627273
2018-07-21 10:33:00,0.06853740555840204
2018-07-21 10:36:00,0.13610284502533432
2018-07-21 10:39:00,-0.005052885330655954
2018-07-21 10:42:00,0.05877067443537953
2018-07-21 10:45:00,0.06490278220780965
2018-07-21 10:48:00,0.09799448404908162
2018-07-21 10:51:00,-0.0519124188364799
2018-07-21 10:54:00,0.14258032483161287
2018-07-21 10:57:00,-0.008997603534908194
2018-07-21 11:00:00,-0.05008752862079291
2018-07-21 11:03:00,0.0005760689774092498
2018-07-21 11:06:00,-0.03303548137859025
2018-07-21 11:09:00,-0.12868035581618642
2018-07-21 11:12:00,-0.10820828321732279
2018-07-21 11:15:00,-0.14012336395666125
2018-07-21 11:18:00,-0.1667626295119362
2018-07-21 11:21:00,-0.14299714446303824
2018-07-21 11:24:00,-0.1993598976038129
2018-07-21 11:27:00,-0.3076854433017502
2018-07-21 11:30:00,-0.15371803884141855
2018-07-21 11:33:00,-0.29108394312214614
2018-07-21 11:36:00,-0.2397112555757417
2018-07-21 11:39:00,-0.20628864731281737
2018-07-21 11:42:00,-0.19275436026794068
2018-07-21 11:45:00,-0.3233667987711897
2018-07-21 11:48:00,-0.1885527022717497
2018-07-21 11:51:00,-0.28552792128408555
2018-07-21 11:54:00,-0.19077718340133742
2018-07-21 11:57:00,-0.28766590678657167
2018-07-21 12:00:00,-0.3033470423574727
2018-07-21 12:03:00,-0.2853782380464054
2018-07-21 12:06:00,-0.26000123144473264
2018-07-21 12:09:00,-0.2499162942739872
2018-07-21 12:12:00,-0.24356115368755127
2018-07-21 12:15:00,-0.3401320595505126
2018-07-21 12:18:00,-0.29791110685192734
2018-07-21 12:21:00,-0.24062016671075526
2018-07-21 12:24:00,-0.33456246839000414
2018-07-21 12:27:00,-0.2487524326633661
2018-07-21 12:30:00,-0.224816429152213
2018-07-21 12:33:00,-0.2931804747244655
2018-07-21 12:36:00,-0.3376514025405868
2018-07-21 12:39:00,-0.34798820608847336
2018-07-21 12:42:00,-0.3325720595688608
2018-07-21 12:45:00,-0.2940659774973824
2018-07-21 12:48:00,-0.31869477313773587
2018-07-21 12:51:00,-0.2888815950331036
2018-07-21 12:54:00,-0.32799595311092844
2018-07-21 12:57:00,-0.4270343802090224
2018-07-21 13:00:00,-0.25669404426133724
2018-07-21 13:03:00,-0.33065347608953743
2018-07-21 13:06:00,-0.27699290503767315
2018-07-21 13:09:00,-0.23072820458696697
2018-07-21 13:12:00,-0.23593565013425177
2018-07-21 13:15:00,-0.2209913554255536
2018-07-21 13:18:00,-0.29222610254811343
2018-07-21 13:21:00,-0.2517685664145688
2018-07-21 13:24:00,-0.33200067467618055
2018-07-21 13:27:00,-0.20963866871352366
2018-07-21 13:30:00,-0.1016078849643236
2018-07-21 13:33:00,-0.11301174442780848
2018-07-21 13:36:00,-0.261154871247129
2018-07-21 13:39:00,-0.13707562704740894
2018-07-21 13:42:00,-0.18500025831508538
2018-07-21 13:45:00,-0.17151587201055918
2018-07-21 13:48:00,-0.06248690415799274
2018-07-21 13:51:00,0.026015460450707906
2018-07-21 13:54:00,-0.03329790261039989
2018-07-21 13:57:00,-0.10761182707034322
2018-07-21 14:00:00,-0.16335380039549818
2018-07-21 14:03:00,-0.2183056972845634
2018-07-21 14:06:00,-0.34140619328468347
2018-07-21 14:09:00,-0.3113386820587607
2018-07-21 14:12:00,-0.32425726134903243
2018-07-21 14:15:00,-0.4046792847659617
2018-07-21 14:18:00,-0.2545384366708845
2018-07-21 14:21:00,-0.2943170325537494
2018-07-21 14:24:00,-0.14101092642175672
2018-07-21 14:27:00,-0.3231087243499928
2018-07-21 14:30:00,-0.33508991031709456
2018-07-21 14:33:00,-0.367940930471093
2018-07-21 14:36:00,-0.28822255956197296
2018-07-21 14:39:00,-0.24297494207507953
2018-07-21 14:42:00,-0.11276407398054289
2018-07-21 14:45:00,-0.1935343723584424
2018-07-21 14:48:00,-0.21504497071697415
2018-07-21 14:51:00,-0.19626353510511763
2018-07-21 14:54:00,-0.20771357565013204
2018-07-21 14:57:00,-0.280032134386488
2018-07-21 15:00:00,-0.25889493106478767
2018-07-21 15:03:00,-0.3719868340282346
2018-07-21 15:06:00,-0.30665779783566904
2018-07-21 15:09:00,-0.18678241368451154
2018-07-21 15:12:00,-0.289030968860402
2018-07-21 15:15:00,-0.2617147388608032
2018-07-21 15:18:00,-0.17493177586572983
2018-07-21 15:21:00,-0.16516844540308284
2018-07-21 15:24:00,-0.16129258008930947
2018-07-21 15:27:00,-0.22220349933587613
2018-07-21 15:30:00,-0.21721978860887248
2018-07-21 15:33:00,-0.3508392943195986
2018-07-21 15:36:00,-0.2900221503662692
2018-07-21 15:39:00,-0.32172122366239364
2018-07-21 15:42:00,-0.31795565214753196
2018-07-21 15:45:00,-0.2932636989505113
2018-07-21 15:48:00,-0.3289085296451617
2018-07-21 15:51:00,-0.23739670135699953
2018-07-21 15:54:00,-0.19011509725891074
2018-07-21 15:57:00,-0.1361517845919593
2018-07-21 16:00:00,-0.08658103064391298
2018-07-21 16:03:00,-0.1386359868425302
2018-07-21 16:06:00,-0.14528482538531762
2018-07-21 16:09:00,-0.2566480541265719
2018-07-21 16:12:00,-0.14596714491102603
2018-07-21 16:15:00,-0.18330863394129437
2018-07-21 16:18:00,-0.2740416114533559
2018-07-21 16:21:00,-0.18169851629380673
2018-07-21 16:24:00,-0.1317642148080722
2018-07-21 16:27:00,-0.2020193065247895
2018-07-21 16:30:00,-0.1676198326652525
2018-07-21 16:33:00,-0.2072147010723029
2018-07-21 16:36:00,-0.1039549819230956
2018-07-21 16:39:00,-0.16354646770554382
2018-07-21 16:42:00,-0.13531569538139365
2018-07-21 16:45:00,-0.12223808064749164
2018-07-21 16:48:00,-0.19004621764867125
2018-07-21 16:51:00,-0.3039718035246324
2018-07-21 16:54:00,-0.14732108760864548
2018-07-21 16:57:00,-0.1389460502809925
2018-07-21 17:00:00,-0.23151728156085483
2018-07-21 17:03:00,-0.24469228931673115
2018-07-21 17:06:00,-0.2418301164090053
2018-07-21 17:09:00,-0.09739086238431582
2018-07-21 17:12:00,-0.1425490907704443
2018-07-21 17:15:00,-0.2346137954937717
2018-07-21 17:18:00,-0.20565098320093966
2018-07-21 17:21:00,-0.0816337099267912
2018-07-21 17:24:00,-0.20583742390033422
2018-07-21 17:27:00,-0.16963834585880022
2018-07-21 17:30:00,-0.17524522310634438
2018-07-21 17:33:00,-0.2018003192608262
2018-07-21 17:36:00,-0.12724508748959806
2018-07-21 17:39:00,-0.180051559985543
2018-07-21 17:42:00,-0.21566694632315375
2018-07-21 17:45:00,-0.12451553523612802
2018-07-21 17:48:00,-0.01579344296612817
2018-07-21 17:51:00,-0.11421895148401973
2018-07-21 17:54:00,-0.07236564403234524
2018-07-21 17:57:00,-0.030086552375962583
2018-07-21 18:00:00,0.0011403549913779898
2018-07-21 18:03:00,-0.06905246097028339
2018-07-21 18:06:00,-0.008420629556496806
2018-07-21 18:09:00,-0.16787937856702229
2018-07-21 18:12:00,-0.08180287610036885
2018-07-21 18:15:00,-0.061254603352324466
2018-07-21 18:18:00,0.014596342676270524
2018-07-21 18:21:00,-0.07615015200838116
2018-07-21 18:24:00,-0.12856399022649612
2018-07-21 18:27:00,-0.17815297942399866
2018-07-21 18:30:00,-0.19748425301781936
2018-07-21 18:33:00,-0.17701577015299108
2018-07-21 18:36:00,-0.13922750476552892
2018-07-21 18:39:00,-0.16689929056593655
2018-07-21 18:42:00,-0.1479502442769558
2018-07-21 18:45:00,-0.13844487630905178
2018-07-21 18:48:00,-0.13915686407659678
2018-07-21 18:51:00,-0.03624280960525539
2018-07-21 18:54:00,
2018-07-21 18:57:00,
2018-07-21 19:00:00,
2018-07-21 19:03:00,-0.11532497546585319
2018-07-21 19:06:00,-0.1527479783437684
2018-07-21 19:09:00,-0.18455649914966443
2018-07-21 19:12:00,-0.02421335594374341
2018-07-21 19:15:00,-0.0962964060657896
2018-07-21 19:18:00,-0.09768057754030224
2018-07-21 19:21:00,-0.036388379147695105
2018-07-21 19:24:00,-0.10366442227291373
2018-07-21 19:27:00,-0.03838167648922308
2018-07-21 19:30:00,-0.050545746651096124
2018-07-21 19:33:00,-0.09270240229034243
2018-07-21 19:36:00,-0.08634170922096018
2018-07-21 19:39:00,-0.07971499540531113
2018-07-21 19:42:00,-0.05235353558521183
2018-07-21 19:45:00,-0.045155950589219174
2018-07-21 19:48:00,-0.06807442783480155
2018-07-21 19:51:00,-0.07295008246859425
2018-07-21 19:54:00,0.010225617821959077
2018-07-21 19:57:00,-0.10169476559690338
2018-07-21 20:00:00,-0.022297096406646233
2018-07-21 20:03:00,0.08284479056572991
2018-07-21 20:06:00,-0.12228960796869615
2018-07-21 20:09:00,0.05509736843077917
2018-07-21 20:12:00,-0.014526827292968392
2018-07-21 20:15:00,-0.10903482943569998
2018-07-21 20:18:00,-0.01508875307854396
2018-07-21 20:21:00,-0.012654842488359463
2018-07-21 20:24:00,-0.06685398489310046
2018-07-21 20:27:00,-0.0010568354206839103
2018-07-21 20:30:00,0.03581438075116239
2018-07-21 20:33:00,-0.014533716321864176
2018-07-21 20:36:00,-0.04688985054156092
2018-07-21 20:39:00,-0.04647829140583326
2018-07-21 20:42:00,-0.11733461996635697
2018-07-21 20:45:00,-0.1061796020456427
2018-07-21 20:48:00,-0.125291398528816
2018-07-21 20:51:00,-0.1354055852139595
2018-07-21 20:54:00,-0.06370363677308433
2018-07-21 20:57:00,-0.12736008493919826
2018-07-21 21:00:00,-0.1270751832733481
2018-07-21 21:03:00,0.019042428294255842
2018-07-21 21:06:00,-0.196224810973888
2018-07-21 21:09:00,-0.17842958487335636
2018-07-21 21:12:00,-0.07770638296580046
2018-07-21 21:15:00,-0.06308185862377513
2018-07-21 21:18:00,-0.09348006968303935
2018-07-21 21:21:00,-0.12876703315509985
2018-07-21 21:24:00,-0.09569242938619027
2018-07-21 21:27:00,0.03675741874928917
2018-07-21 21:30:00,-0.1416679819226374
2018-07-21 21:33:00,0.006102278698904229
2018-07-21 21:36:00,-0.041399210618749294
2018-07-21 21:39:00,0.01214118717717838
2018-07-21 21:42:00,0.05664728424375198
2018-07-21 21:45:00,-0.1068107224014625
2018-07-21 21:48:00,0.02011845492751263
2018-07-21 21:51:00,0.0349694801658984
2018-07-21 21:54:00,-0.0010171361242896637
2018-07-21 21:57:00,0.06510881587422546
2018-07-21 22:00:00,0.004423034593230568
2018-07-21 22:03:00,-0.10685932331944059
2018-07-21 22:06:00,0.013432303155127556
2018-07-21 22:09:00,-0.03383891511418824
2018-07-21 22:12:00,-0.09826474012209019
2018-07-21 22:15:00,0.015920570479806884
2018-07-21 22:18:00,-0.07655648694867523
2018-07-21 22:21:00,0.11008261232461791
2018-07-21 22:24:00,-0.028532326914614714
2018-07-21 22:27:00,-0.034726245894205476
2018-07-21 22:30:00,-0.09727700200716072
2018-07-21 22:33:00,-0.003207087499390582
2018-07-21 22:36:00,0.05130256809081857
2018-07-21 22:39:00,-0.019776008042413196
2018-07-21 22:42:00,-0.053489219221432904
2018-07-21 22:45:00,-0.04896507229943836
2018-07-21 22:48:00,0.07036716884886118
2018-07-21 22:51:00,-0.0056132975780656125
2018-07-21 22:54:00,-0.01048058417819675
2018-07-21 22:57:00,0.014593572038677394
2018-07-21 23:00:00,0.02322303092284983
2018-07-21 23:03:00,-0.0014173443695426613
2018-07-21 23:06:00,-0.01570127538906263
2018-07-21 23:09:00,0.07854696153469831
2018-07-21 23:12:00,-0.02968009671155869
2018-07-21 23:15:00,-0.08228756350035837
2018-07-21 23:18:00,-0.05140167807093121
2018-07-21 23:21:00,-0.11063400784485111
2018-07-21 23:24:00,0.06125042947627435
2018-07-21 23:27:00,-0.06058027710088254
2018-07-21 23:30:00,-0.01859029565275705
2018-07-21 23:33:00,0.0029828615607812026
2018-07-21 23:36:00,0.018935132696412893
2018-07-21 23:39:00,0.011685541033898517
2018-07-21 23:42:00,0.04687741211091634
2018-07-21 23:45:00,-0.01933052931963175
2018-07-21 23:48:00,-0.08690321337780915
2018-07-21 23:51:00,0.0008720896082081708
2018-07-21 23:54:00,0.006684833474480456
2018-07-21 23:57:00,0.044950538060049894
2018-07-22 00:00:00,0.05240090024557276
2018-07-22 00:03:00,0.009452014158284783
2018-07-22 00:06:00,-0.020305692726878988
2018-07-22 00:09:00,-0.029515013062109574
2018-07-22 00:12:00,0.047140202472007786
2018-07-22 00:15:00,0.08275241452162163
2018-07-22 00:18:00,-0.028206871734482775
2018-07-22 00:21:00,-0.018106004925243724
2018-07-22 00:24:00,0.0727830526524258
2018-07-22 00:27:00,-0.008423350502880567
2018-07-22 00:30:00,-0.05198731574489557
2018-07-22 00:33:00,-0.06106436889933775
2018-07-22 00:36:00,0.025593302749825853
2018-07-22 00:39:00,-0.1489515703310076
2018-07-22 00:42:00,-0.019166085716051384
2018-07-22 00:45:00,0.060499765579152154
2018-07-22 00:48:00,0.0004235046391158903
2018-07-22 00:51:00,-0.023259003703230974
2018-07-22 00:54:00,0.03969557378235322
2018-07-22 00:57:00,0.01605208360939514
2018-07-22 01:00:00,0.0073423602086108986
2018-07-22 01:03:00,0.11262862673225982
2018-07-22 01:06:00,0.08712051580232583
2018-07-22 01:09:00,-0.05524449600392245
2018-07-22 01:12:00,-0.0049072016691980025
2018-07-22 01:15:00,0.049626001915271445
2018-07-22 01:18:00,0.15166315206397485
2018-07-22 01:21:00,-0.010509024929831412
2018-07-22 01:24:00,0.04779965067945113
2018-07-22 01:27:00,0.033363968262165145
2018-07-22 01:30:00,0.020077262419306408
2018-07-22 01:33:00,0.05831693935607518
2018-07-22 01:36:00,0.14435248853766325
2018-07-22 01:39:00,0.1320893619964636
2018-07-22 01:42:00,0.15687544622841187
2018-07-22 01:45:00,0.18176252540428095
2018-07-22 01:48:00,0.220226573327011
2018-07-22 01:51:00,0.19400752328408544
2018-07-22 01:54:00,0.25697575517716587
2018-07-22 01:57:00,0.2786045643414923
2018-07-22 02:00:00,0.264595113831092
2018-07-22 02:03:00,0.18363918723167671
2018-07-22 02:06:00,0.17307970403578565
2018-07-22 02:09:00,0.05734867676318345
2018-07-22 02:12:00,0.17455012443372198
2018-07-22 02:15:00,0.24427533686747438
2018-07-22 02:18:00,0.32520397456482897
2018-07-22 02:21:00,0.10655888249414147
2018-07-22 02:24:00,0.17409030192874297
2018-07-22 02:27:00,0.08989970340888931
2018-07-22 02:30:00,0.17626619780145347
2018-07-22 02:33:00,0.11934162254141256
2018-07-22 02:36:00,0.0506566475883119
2018-07-22 02:39:00,0.08274725417214768
2018-07-22 02:42:00,0.01586807705945148
2018-07-22 02:45:00,0.07199611744442791
2018-07-22 02:48:00,0.039949746542049525
2018-07-22 02:51:00,0.13291653048366925
2018-07-22 02:54:00,0.09522726319045205
2018-07-22 02:57:00,0.14308805391618762
2018-07-22 03:00:00,0.1347929397899179
2018-07-22 03:03:00,0.15934715073166217
2018-07-22 03:06:00,0.24937921969222998
2018-07-22 03:09:00,0.18176294737173748
2018-07-22 03:12:00,0.21286064678810135
2018-07-22 03:15:00,0.26306687448919774
2018-07-22 03:18:00,0.2338985622659493
2018-07-22 03:21:00,0.22328352422778153
2018-07-22 03:24:00,0.24911927088544417
2018-07-22 03:27:00,0.2680836226973611
2018-07-22 03:30:00,0.26768160057497425
2018-07-22 03:33:00,0.25919754347910384
2018-07-22 03:36:00,0.2560484902253961
2018-07-22 03:39:00,0.43451552391422865
2018-07-22 03:42:00,0.3767951022029479
2018-07-22 03:45:00,0.2575872632837104
2018-07-22 03:48:00,0.36626052632379924
2018-07-22 03:51:00,0.35095151418033765
2018-07-22 03:54:00,0.3791177596918942
2018-07-22 03:57:00,0.3255982954993897
2018-07-22 04:00:00,0.3250641703171482
2018-07-22 04:03:00,0.27415347611884044
2018-07-22 04:06:00,0.29297966000893894
2018-07-22 04:09:00,0.261134873876415
2018-07-22 04:12:00,0.3283473805034305
2018-07-22 04:15:00,0.31499537056703275
2018-07-22 04:18:00,0.280268224064514
2018-07-22 04:21:00,0.2762700325576475
2018-07-22 04:24:00,0.27467396418433054
2018-07-22 04:27:00,0.26629738761732824
2018-07-22 04:30:00,0.30079506323221494
2018-07-22 04:33:00,0.3190555817300833
2018-07-22 04:36:00,0.295243686637491
2018-07-22 04:39:00,0.22166579858509294
2018-07-22 04:42:00,0.32615095105745695
2018-07-22 04:45:00,0.31953468164209653
2018-07-22 04:48:00,0.25848725555187
2018-07-22 04:51:00,0.33495669364458536
2018-07-22 04:54:00,0.24960529551242416
2018-07-22 04:57:00,0.353178941236024
2018-07-22 05:00:00,0.3308038585483928
2018-07-22 05:03:00,0.3946622215800062
2018-07-22 05:06:00,0.3288281078595219
2018-07-22 05:09:00,0.29127199909225965
2018-07-22 05:12:00,0.33234631849842344
2018-07-22 05:15:00,0.3027040514975283
2018-07-22 05:18:00,0.34563460003136015
2018-07-22 05:21:00,0.30119597211194105
2018-07-22 05:24:00,0.37610068456740464
2018-07-22 05:27:00,0.3252535406086281
2018-07-22 05:30:00,0.31397467744153573
2018-07-22 05:33:00,0.3715516096178817
2018-07-22 05:36:00,0.3003107237377094
2018-07-22 05:39:00,0.2820995575774532
2018-07-22 05:42:00,0.30972457368596906
2018-07-22 05:45:00,0.34491785475614734
2018-07-22 05:48:00,0.37162459144587956
2018-07-22 05:51:00,0.34820170639773096
2018-07-22 05:54:00,0.2966081079325136
2018-07-22 05:57:00,0.3407925400967997
2018-07-22 06:00:00,0.3827641621497264
2018-07-22 06:03:00,0.4240206641804889
2018-07-22 06:06:00,0.3029254685363867
2018-07-22 06:09:00,0.3425888495501681
2018-07-22 06:12:00,0.3518043190203457
2018-07-22 06:15:00,0.34785158778169034
2018-07-22 06:18:00,0.3277308210817864
2018-07-22 06:21:00,0.36337091259406407
2018-07-22 06:24:00,0.3473803307529124
2018-07-22 06:27:00,0.31124127983798644
2018-07-22 06:30:00,0.39515918346774015
2018-07-22 06:33:00,0.3115307771632274
2018-07-22 06:36:00,0.41399945307466623
2018-07-22 06:39:00,0.37642135155027745
2018-07-22 06:42:00,0.40956941651586476
2018-07-22 06:45:00,0.44407681646032415
2018-07-22 06:48:00,0.37207583242508235
2018-07-22 06:51:00,0.3348018748424124
2018-07-22 06:54:00,0.30939727741940715
2018-07-22 06:57:00,0.372173069528003
2018-07-22 07:00:00,0.38215567492557057
2018-07-22 07:03:00,0.37944728321537013
2018-07-22 07:06:00,0.3109849068375752
2018-07-22 07:09:00,0.34954714522774566
2018-07-22 07:12:00,0.3956693825973616
2018-07-22 07:15:00,0.32865472225347503
2018-07-22 07:18:00,0.30772863663969474
2018-07-22 07:21:00,0.3573161765974646
2018-07-22 07:24:00,0.33450388433738
2018-07-22 07:27:00,0.40621207588833386
2018-07-22 07:30:00,0.43064612389099466
2018-07-22 07:33:00,0.3514643751317976
2018-07-22 07:36:00,0.31993001104387986
2018-07-22 07:39:00,0.3813401405910213
2018-07-22 07:42:00,0.32416711097835105
2018-07-22 07:45:00,0.3690735893916326
2018-07-22 07:48:00,0.31863870719359966
2018-07-22 07:51:00,0.36130678864816446
2018-07-22 07:54:00,0.34130856969727574
2018-07-22 07:57:00,0.30808334111964086
2018-07-22 08:00:00,0.301541440446897
2018-07-22 08:03:00,0.33843912193822234
2018-07-22 08:06:00,0.3282901619244285
2018-07-22 08:09:00,0.28961169889146277
2018-07-22 08:12:00,0.32104218193831
2018-07-22 08:15:00,0.3112562408707049
2018-07-22 08:18:00,0.23850394397885566
2018-07-22 08:21:00,0.23600054637796575
2018-07-22 08:24:00,0.22397601010067092
2018-07-22 08:27:00,0.3128191810657768
2018-07-22 08:30:00,0.19167634935428168
2018-07-22 08:33:00,0.3053093177931032
2018-07-22 08:36:00,0.15172940974122184
2018-07-22 08:39:00,0.22304599933340796
2018-07-22 08:42:00,0.17978669822917936
2018-07-22 08:45:00,0.290713503189977
2018-07-22 08:48:00,0.22205055192074497
2018-07-22 08:51:00,0.2685412842763526
2018-07-22 08:54:00,0.25674912597003186
2018-07-22 08:57:00,0.2920748478935593
2018-07-22 09:00:00,0.1491732906690686
2018-07-22 09:03:00,0.1915537487980714
2018-07-22 09:06:00,0.07949814987779291
2018-07-22 09:09:00,0.1420769841511742
2018-07-22 09:12:00,0.12954285051284842
2018-07-22 09:15:00,0.09436910375774232
2018-07-22 09:18:00,0.11695024817669264
2018-07-22 09:21:00,0.07146458469435402
2018-07-22 09:24:00,0.20280024047036704
2018-07-22 09:27:00,0.08968254035983136
2018-07-22 09:30:00,0.04735819090103632
2018-07-22 09:33:00,0.051385874992092795
2018-07-22 09:36:00,0.030895529043448278
2018-07-22 09:39:00,0.05139835577568874
2018-07-22 09:42:00,0.033773280778405024
2018-07-22 09:45:00,-0.12779968538245612
2018-07-22 09:48:00,-0.017983684638522845
2018-07-22 09:51:00,-0.04798630038533247
2018-07-22 09:54:00,-0.057080508433671184
2018-07-22 09:57:00,-0.10315245317872268
2018-07-22 10:00:00,-0.029508569189317768
2018-07-22 10:03:00,-0.1562766627261567
2018-07-22 10:06:00,-0.22156355616561996
2018-07-22 10:09:00,-0.18818850954045274
2018-07-22 10:12:00,-0.1789520492515635
2018-07-22 10:15:00,-0.18647038081854816
2018-07-22 10:18:00,-0.2727395161492723
2018-07-22 10:21:00,-0.2421606687364033
2018-07-22 10:24:00,-0.211844182262098
2018-07-22 10:27:00,-0.2985465574981845
2018-07-22 10:30:00,-0.33117855316874056
2018-07-22 10:33:00,-0.2399986892349375
2018-07-22 10:36:00,-0.3949021508596502
2018-07-22 10:39:00,-0.36700943077238435
2018-07-22 10:42:00,-0.4130912736858363
2018-07-22 10:45:00,-0.396347497688339
2018-07-22 10:48:00,-0.3769781960951377
2018-07-22 10:51:00,-0.4075656193642203
2018-07-22 10:54:00,-0.4360336478927138
2018-07-22 10:57:00,-0.283542196054384
2018-07-22 11:00:00,-0.402444629183492
2018-07-22 11:03:00,-0.4132051115674926
2018-07-22 11:06:00,-0.41186929348396006
2018-07-22 11:09:00,-0.28867662759802215
2018-07-22 11:12:00,-0.3155071552509412
2018-07-22 11:15:00,-0.3664923070644477
2018-07-22 11:18:00,-0.37681219618895057
2018-07-22 11:21:00,-0.38273799389855867
2018-07-22 11:24:00,-0.48918067343277016
2018-07-22 11:27:00,-0.4667547132696086
2018-07-22 11:30:00,-0.4735347442882585
2018-07-22 11:33:00,-0.3415658444196765
2018-07-22 11:36:00,-0.4872403939307901
2018-07-22 11:39:00,-0.4575873515248645
2018-07-22 11:42:00,-0.4397721776373942
2018-07-22 11:45:00,-0.48871929672219494
2018-07-22 11:48:00,-0.5567588488174238
2018-07-22 11:51:00,-0.5269765177882846
2018-07-22 11:54:00,-0.553061340514887
2018-07-22 11:57:00,-0.563438942600726
2018-07-22 12:00:00,-0.4235453544980601
2018-07-22 12:03:00,-0.4910110138273467
2018-07-22 12:06:00,-0.5532118127912895
2018-07-22 12:09:00,-0.5185519223270489
2018-07-22 12:12:00,-0.5822656842902347
2018-07-22 12:15:00,-0.5615145295981279
2018-07-22 12:18:00,-0.5155288905681914
2018-07-22 12:21:00,-0.562605686436882
2018-07-22 12:24:00,-0.5648426639292552
2018-07-22 12:27:00,-0.5389123253898447
2018-07-22 12:30:00,-0.5076459112625571
2018-07-22 12:33:00,-0.5367191996252814
2018-07-22 12:36:00,-0.6268287738433855
2018-07-22 12:39:00,-0.5346470207326206
2018-07-22 12:42:00,-0.46895197478920636
2018-07-22 12:45:00,-0.5787823622819701
2018-07-22 12:48:00,-0.6094926315328735
2018-07-22 12:51:00,-0.6068027225068136
2018-07-22 12:54:00,-0.5338187108952752
2018-07-22 12:57:00,-0.6073838877617277
2018-07-22 13:00:00,-0.6308426350782383
2018-07-22 13:03:00,-0.6081097480475819
2018-07-22 13:06:00,-0.5930111149151003
2018-07-22 13:09:00,-0.7165759795058193
2018-07-22 13:12:00,-0.646996649485061
2018-07-22 13:15:00,-0.5855289320371071
2018-07-22 13:18:00,-0.5264244635737896
2018-07-22 13:21:00,-0.6006777884962844
2018-07-22 13:24:00,-0.5773992139039024
2018-07-22 13:27:00,-0.5706386188889496
2018-07-22 13:30:00,-0.6564063969399854
2018-07-22 13:33:00,-0.536366330820556
2018-07-22 13:36:00,-0.611206856023216
2018-07-22 13:39:00,-0.6062958869639488
2018-07-22 13:42:00,-0.6008108789889661
2018-07-22 13:45:00,-0.5559298251172322
2018-07-22 13:48:00,-0.5405931359673559
2018-07-22 13:51:00,-0.6228530328958186
2018-07-22 13:54:00,-0.5855028482443458
2018-07-22 13:57:00,-0.6175232979154544
2018-07-22 14:00:00,-0.5427026214906618
2018-07-22 14:03:00,-0.49969383574358517
2018-07-22 14:06:00,-0.564474086224152
2018-07-22 14:09:00,-0.5116793700271387
2018-07-22 14:12:00,-0.5738406665936395
2018-07-22 14:15:00,-0.4961336868216222
2018-07-22 14:18:00,-0.4833642711095081
2018-07-22 14:21:00,-0.541174794530491
2018-07-22 14:24:00,-0.4967679901231463
2018-07-22 14:27:00,-0.625409806878622
2018-07-22 14:30:00,-0.6685810255521005
2018-07-22 14:33:00,-0.6809173871769758
2018-07-22 14:36:00,-0.5593053176071408
2018-07-22 14:39:00,-0.646432721365386
2018-07-22 14:42:00,-0.7378392325239815
2018-07-22 14:45:00,-0.53897328368339
2018-07-22 14:48:00,-0.5210323127085985
2018-07-22 14:51:00,-0.6287475917220604
2018-07-22 14:54:00,-0.5433863726228196
2018-07-22 14:57:00,-0.6405647943228132
2018-07-22 15:00:00,-0.6196198618487756
2018-07-22 15:03:00,-0.5569005713990691
2018-07-22 15:06:00,-0.6065877197976306
2018-07-22 15:09:00,-0.5884023718638218
2018-07-22 15:12:00,-0.5504979145747484
2018-07-22 15:15:00,-0.614486783820837
2018-07-22 15:18:00,-0.5798106199962945
2018-07-22 15:21:00,-0.6667603773720998
2018-07-22 15:24:00,-0.6117409928768893
2018-07-22 15:27:00,-0.6276863646510833
2018-07-22 15:30:00,-0.5717573860522407
2018-07-22 15:33:00,-0.6190228160167521
2018-07-22 15:36:00,-0.5693771165338717
2018-07-22 15:39:00,-0.6216257679205341
2018-07-22 15:42:00,-0.6745938063613721
2018-07-22 15:45:00,-0.586402346155694
2018-07-22 15:48:00,-0.7393107739245011
2018-07-22 15:51:00,-0.6360517627056765
2018-07-22 15:54:00,-0.6025151244252811
2018-07-22 15:57:00,-0.6726798745771703
2018-07-22 16:00:00,-0.6207137935639366
2018-07-22 16:03:00,-0.5520712822333849
2018-07-22 16:06:00,-0.6119938086393972
2018-07-22 16:09:00,-0.589083992092867
2018-07-22 16:12:00,-0.6266720416880958
2018-07-22 16:15:00,-0.5610245910229992
2018-07-22 16:18:00,-0.4804600676475843
2018-07-22 16:21:00,-0.5076078951304339
2018-07-22 16:24:00,-0.5815951484715356
2018-07-22 16:27:00,-0.5386726546171872
2018-07-22 16:30:00,-0.5652829575623173
2018-07-22 16:33:00,-0.5856765295305308
2018-07-22 16:36:00,-0.5147165483386971
2018-07-22 16:39:00,-0.6509666499387663
2018-07-22 16:42:00,-0.5165118035745877
2018-07-22 16:45:00,-0.5419247497968058
2018-07-22 16:48:00,-0.5381469559630432
2018-07-22 16:51:00,-0.533893152612734
2018-07-22 16:54:00,-0.5507571534724889
2018-07-22 16:57:00,-0.5597307746919
2018-07-22 17:00:00,-0.5713661780669099
2018-07-22 17:03:00,-0.5300750542300534
2018-07-22 17:06:00,-0.4483153819604695
2018-07-22 17:09:00,-0.5157586143296271
2018-07-22 17:12:00,-0.5383167099083721
2018-07-22 17:15:00,-0.5308644632338542
2018-07-22 17:18:00,-0.5450649697612562
2018-07-22 17:21:00,-0.5412621830812441
2018-07-22 17:24:00,-0.5052735838190756
2018-07-22 17:27:00,-0.5427735533871783
2018-07-22 17:30:00,-0.4545670220221609
2018-07-22 17:33:00,-0.5224848166975562
2018-07-22 17:36:00,-0.543018182468586
2018-07-22 17:39:00,-0.5620974141465354
2018-07-22 17:42:00,-0.5665124038316094
2018-07-22 17:45:00,-0.5558499310070601
2018-07-22 17:48:00,-0.543536536001568
2018-07-22 17:51:00,-0.3850474180275114
2018-07-22 17:54:00,-0.4874997794712499
2018-07-22 17:57:00,-0.4980083552596284
2018-07-22 18:00:00,-0.45416800488021636
2018-07-22 18:03:00,-0.49801334659969143
2018-07-22 18:06:00,-0.4320011817571867
2018-07-22 18:09:00,-0.45770535661347367
2018-07-22 18:12:00,-0.42783993938149933
2018-07-22 18:15:00,-0.43680088509836423
2018-07-22 18:18:00,-0.4681158616842822
2018-07-22 18:21:00,-0.38703516292457607
2018-07-22 18:24:00,-0.4196141905027275
2018-07-22 18:27:00,-0.36836188779523127
2018-07-22 18:30:00,-0.35309131655634474
2018-07-22 18:33:00,-0.37777021610230577
2018-07-22 18:36:00,-0.27160931005556677
2018-07-22 18:39:00,-0.3544686446680885
2018-07-22 18:42:00,-0.3247602581619162
2018-07-22 18:45:00,-0.28982701447978343
2018-07-22 18:48:00,-0.33567187064289783
2018-07-22 18:51:00,-0.3015946805094245
2018-07-22 18:54:00,
2018-07-22 18:57:00,
2018-07-22 19:00:00,
2018-07-22 19:03:00,-0.2770250974269288
2018-07-22 19:06:00,-0.3232777498071755
2018-07-22 19:09:00,-0.2402591887701533
2018-07-22 19:12:00,-0.3326222538674415
2018-07-22 19:15:00,-0.24097895049573026
2018-07-22 19:18:00,-0.42104361462605766
2018-07-22 19:21:00,-0.26204256811979576
2018-07-22 19:24:00,-0.274561148438238
2018-07-22 19:27:00,-0.2614700168294348
2018-07-22 19:30:00,-0.2554737792885362
2018-07-22 19:33:00,-0.23366612133753506
2018-07-22 19:36:00,-0.22205812581466944
2018-07-22 19:39:00,-0.2998291788479719
2018-07-22 19:42:00,-0.16527948253337854
2018-07-22 19:45:00,-0.2553529949032054
2018-07-22 19:48:00,-0.24424998603012682
2018-07-22 19:51:00,-0.2063903054309435
2018-07-22 19:54:00,-0.23303222597553486
2018-07-22 19:57:00,-0.17367140135979753
2018-07-22 20:00:00,-0.22583949429531458
2018-07-22 20:03:00,-0.2787433288408465
2018-07-22 20:06:00,-0.2671508601517303
2018-07-22 20:09:00,-0.3394486687926701
2018-07-22 20:12:00,-0.27321654975304455
2018-07-22 20:15:00,-0.21682538046667332
2018-07-22 20:18:00,-0.16695826687714543
2018-07-22 20:21:00,-0.1579052380562871
2018-07-22 20:24:00,-0.17100059830966075
2018-07-22 20:27:00,-0.16650750743445997
2018-07-22 20:30:00,-0.23294047160669606
2018-07-22 20:33:00,-0.14820851803705182
2018-07-22 20:36:00,-0.17005210983103325
2018-07-22 20:39:00,-0.12216380096685953
2018-07-22 20:42:00,-0.13344189411031948
2018-07-22 20:45:00,-0.15289541503034343
2018-07-22 20:48:00,-0.18904433490564543
2018-07-22 20:51:00,-0.024989984770911633
2018-07-22 20:54:00,-0.16461121335260032
2018-07-22 20:57:00,-0.1423207138797693
2018-07-22 21:00:00,-0.13483974332115167
2018-07-22 21:03:00,-0.07643703517908307
2018-07-22 21:06:00,-0.026256479813298483
2018-07-22 21:09:00,-0.17511516137750505
2018-07-22 21:12:00,-0.1600132057944279
2018-07-22 21:15:00,-0.2060817405630928
2018-07-22 21:18:00,0.06610676184300246
2018-07-22 21:21:00,-0.023987684959877242
2018-07-22 21:24:00,-0.04786748020427467
2018-07-22 21:27:00,0.05632710085490089
2018-07-22 21:30:00,-0.12025113082631833
2018-07-22 21:33:00,-0.14108825912575185
2018-07-22 21:36:00,-0.004055487563789484
2018-07-22 21:39:00,-0.012244596782011286
2018-07-22 21:42:00,-0.0605053107477147
2018-07-22 21:45:00,-0.025451453380526345
2018-07-22 21:48:00,-0.0224362461998453
2018-07-22 21:51:00,-0.0006270345471648398
2018-07-22 21:54:00,-0.011892923840377989
2018-07-22 21:57:00,-0.09592758416533798
2018-07-22 22:00:00,-0.09871089951769818
2018-07-22 22:03:00,-0.060666847266759305
2018-07-22 22:06:00,-0.06940694416277893
2018-07-22 22:09:00,-0.08746757824644646
2018-07-22 22:12:00,-0.12381179402984799
2018-07-22 22:15:00,-0.03303708570149411
2018-07-22 22:18:00,-0.12517375953768806
2018-07-22 22:21:00,-0.11796323420458066
2018-07-22 22:24:00,-0.18447582461459433
2018-07-22 22:27:00,-0.11148160717488054
2018-07-22 22:30:00,-0.054514858439176805
2018-07-22 22:33:00,-0.19462772449026033
2018-07-22 22:36:00,-0.11565275822118792
2018-07-22 22:39:00,-0.14212880081305457
2018-07-22 22:42:00,-0.18867580819147634
2018-07-22 22:45:00,-0.03774395806334496
2018-07-22 22:48:00,-0.02522090402038657
2018-07-22 22:51:00,-0.0698217827660983
2018-07-22 22:54:00,-0.00628071230067917
2018-07-22 22:57:00,0.015986780862590422
2018-07-22 23:00:00,0.016366171695892717
2018-07-22 23:03:00,-0.005945899427160839
2018-07-22 23:06:00,0.006328638385070917
2018-07-22 23:09:00,0.022886124901049243
2018-07-22 23:12:00,-0.016100023694036736
2018-07-22 23:15:00,-0.04640681817306813
2018-07-22 23:18:00,-0.0905906133276062
2018-07-22 23:21:00,-0.10792050065271042
2018-07-22 23:24:00,-0.17689686076755606
2018-07-22 23:27:00,0.06619960728369279
2018-07-22 23:30:00,-0.042415890803624734
2018-07-22 23:33:00,-0.0545781623496282
2018-07-22 23:36:00,-0.0701851488067291
2018-07-22 23:39:00,-0.029392006005309668
2018-07-22 23:42:00,-0.05448038965886326
2018-07-22 23:45:00,-0.04934858120145691
2018-07-22 23:48:00,-0.13516397526473156
2018-07-22 23:51:00,-0.10879850556119663
2018-07-22 23:54:00,-0.10019451138998647
2018-07-22 23:57:00,0.03118414122224067
2018-07-23 00:00:00,0.028405254032918492
2018-07-23 00:03:00,-0.07352628541650574
2018-07-23 00:06:00,-0.03713719794319559
2018-07-23 00:09:00,-0.07456200006191693
2018-07-23 00:12:00,0.04718344310418843
2018-07-23 00:15:00,-0.029439413553518534
2018-07-23 00:18:00,0.05233003818415227
2018-07-23 00:21:00,0.0024310175175514814
2018-07-23 00:24:00,0.013283800881708885
2018-07-23 00:27:00,0.02492595914048934
2018-07-23 00:30:00,-0.012647634611198555
2018-07-23 00:33:00,0.04718523628281446
2018-07-23 00:36:00,-0.03687106988280675
2018-07-23 00:39:00,0.027267096766820487
2018-07-23 00:42:00,-0.0369700099818715
2018-07-23 00:45:00,0.014485982951157439
2018-07-23 00:48:00,-0.049650618970815685
2018-07-23 00:51:00,-0.05113558664044149
2018-07-23 00:54:00,0.028945357164388952
2018-07-23 00:57:00,0.05731399792830416
2018-07-23 01:00:00,0.10011868321902284
2018-07-23 01:03:00,-0.01866791006108315
2018-07-23 01:06:00,0.01918025392973277
2018-07-23 01:09:00,-0.01662595277247192
2018-07-23 01:12:00,-0.024281193017316127
2018-07-23 01:15:00,0.05440475015689117
2018-07-23 01:18:00,0.040751009582152165
2018-07-23 01:21:00,0.0197046769727649
2018-07-23 01:24:00,0.05611541734532466
2018-07-23 01:27:00,-0.00787808336940543
2018-07-23 01:30:00,0.08690043069452713
2018-07-23 01:33:00,0.02702359186554304
2018-07-23 01:36:00,0.0542923449207251
2018-07-23 01:39:00,0.03815578813629372
2018-07-23 01:42:00,0.02806354206757078
2018-07-23 01:45:00,-0.019567694683814807
2018-07-23 01:48:00,-4.2102092095319676e-05
2018-07-23 01:51:00,-0.008478785885870366
2018-07-23 01:54:00,0.04419247036565821
2018-07-23 01:57:00,-0.07384318156033487
2018-07-23 02:00:00,0.09828735028412439
2018-07-23 02:03:00,0.02054703645188738
2018-07-23 02:06:00,0.13231172836850646
2018-07-23 02:09:00,0.2094293434743122
2018-07-23 02:12:00,0.10686218621572152
2018-07-23 02:15:00,0.1515639784674363
2018-07-23 02:18:00,0.1638586587636155
2018-07-23 02:21:00,0.22800806159210651
2018-07-23 02:24:00,0.1734852791225876
2018-07-23 02:27:00,0.19294017324364177
2018-07-23 02:30:00,0.1367130971461279
2018-07-23 02:33:00,0.16839893124972605
2018-07-23 02:36:00,0.08633337480694081
2018-07-23 02:39:00,0.061024796899971534
2018-07-23 02:42:00,0.17432048021379387
2018-07-23 02:45:00,0.13778387754956611
2018-07-23 02:48:00,0.08398209856443373
2018-07-23 02:51:00,0.046157089723635636
2018-07-23 02:54:00,0.12206117539648176
2018-07-23 02:57:00,0.13464064216492488
2018-07-23 03:00:00,0.09999449876517019
2018-07-23 03:03:00,0.11243428288963742
2018-07-23 03:06:00,0.10779763725975045
2018-07-23 03:09:00,0.10175306516777027
2018-07-23 03:12:00,0.2173528265430491
2018-07-23 03:15:00,0.19203232379015844
2018-07-23 03:18:00,0.05887802772173245
2018-07-23 03:21:00,0.2123839420185618
2018-07-23 03:24:00,0.22835861487635611
2018-07-23 03:27:00,0.25913279575246406
2018-07-23 03:30:00,0.15260815234768188
2018-07-23 03:33:00,0.14392408321958783
2018-07-23 03:36:00,0.16775476616857077
2018-07-23 03:39:00,0.09927088016968355
2018-07-23 03:42:00,0.12239270352029052
2018-07-23 03:45:00,0.12524088139093692
2018-07-23 03:48:00,0.1458964559729452
2018-07-23 03:51:00,0.1520219323487595
2018-07-23 03:54:00,0.21780587861042022
2018-07-23 03:57:00,0.1969520485600924
2018-07-23 04:00:00,0.17918035520108333
2018-07-23 04:03:00,0.20569053105208468
2018-07-23 04:06:00,0.24931880135164874
2018-07-23 04:09:00,0.19089290663805514
2018-07-23 04:12:00,0.23949073102636476
2018-07-23 04:15:00,0.2076854244132278
2018-07-23 04:18:00,0.23328865048750913
2018-07-23 04:21:00,0.2825855337108578
2018-07-23 04:24:00,0.23414622222793469
2018-07-23 04:27:00,0.22537248159216006
2018-07-23 04:30:00,0.23830696610946234
2018-07-23 04:33:00,0.13155074382535759
2018-07-23 04:36:00,0.19488650060924328
2018-07-23 04:39:00,0.20442854404399213
2018-07-23 04:42:00,0.18676444335710585
2018-07-23 04:45:00,0.13075802678361015
2018-07-23 04:48:00,0.2160851250404221
2018-07-23 04:51:00,0.07518713122061627
2018-07-23 04:54:00,0.24027397308100262
2018-07-23 04:57:00,0.1375319145348044
2018-07-23 05:00:00,0.22891459028897998
2018-07-23 05:03:00,0.07672879260428545
2018-07-23 05:06:00,0.2229534969362703
2018-07-23 05:09:00,0.22757911342802117
2018-07-23 05:12:00,0.18707464511851413
2018-07-23 05:15:00,0.24358353365704488
2018-07-23 05:18:00,0.1862885962862606
2018-07-23 05:21:00,0.22958481899740946
2018-07-23 05:24:00,0.29739436611055226
2018-07-23 05:27:00,0.23851861524246942
2018-07-23 05:30:00,0.2892369402027839
2018-07-23 05:33:00,0.2748460612646113
2018-07-23 05:36:00,0.29320580240761274
2018-07-23 05:39:00,0.2506794478940719
2018-07-23 05:42:00,0.31113272892315536
2018-07-23 05:45:00,0.2860068919877108
2018-07-23 05:48:00,0.32195248684342914
2018-07-23 05:51:00,0.31461573309172763
2018-07-23 05:54:00,0.4547159290949594
2018-07-23 05:57:00,0.40659826020828405
2018-07-23 06:00:00,0.38495048335022375
2018-07-23 06:03:00,0.3093110211334533
2018-07-23 06:06:00,0.16970815584539878
2018-07-23 06:09:00,0.2729727907419601
2018-07-23 06:12:00,0.19704909460432418
2018-07-23 06:15:00,0.24951669154160072
2018-07-23 06:18:00,0.2050040002990272
2018-07-23 06:21:00,0.2053451683525509
2018-07-23 06:24:00,0.22886121135525173
2018-07-23 06:27:00,0.2661706029942934
2018-07-23 06:30:00,0.145845172578845
2018-07-23 06:33:00,0.27507607721651084
2018-07-23 06:36:00,0.32411314324940577
2018-07-23 06:39:00,0.29938870760315694
2018-07-23 06:42:00,0.26482996569944817
2018-07-23 06:45:00,0.21272603353122577
2018-07-23 06:48:00,0.3093866294893246
2018-07-23 06:51:00,0.2713853384464642
2018-07-23 06:54:00,0.22581169479423124
2018-07-23 06:57:00,0.22424376042528138
2018-07-23 07:00:00,0.23876455663571505
2018-07-23 07:03:00,0.18282405563888915
2018-07-23 07:06:00,0.29108742019076317
2018-07-23 07:09:00,0.24057081651710632
2018-07-23 07:12:00,0.20929338491765748
2018-07-23 07:15:00,0.23852771963504438
2018-07-23 07:18:00,0.2966754190655365
2018-07-23 07:21:00,0.2521598841102559
2018-07-23 07:24:00,0.2345536440034266
2018-07-23 07:27:00,0.27791944481640485
2018-07-23 07:30:00,0.2888261874215914
2018-07-23 07:33:00,0.15987642279526426
2018-07-23 07:36:00,0.19599987368610527
2018-07-23 07:39:00,0.16439359175558366
2018-07-23 07:42:00,0.28522910887107855
2018-07-23 07:45:00,0.1466761233554621
2018-07-23 07:48:00,0.1683836013531277
2018-07-23 07:51:00,0.11025312143874544
2018-07-23 07:54:00,0.22808505867510576
2018-07-23 07:57:00,0.23347758841595123
2018-07-23 08:00:00,0.18966799317496452
2018-07-23 08:03:00,0.1591842693786134
2018-07-23 08:06:00,0.20095202749740793
2018-07-23 08:09:00,0.1869453473249223
2018-07-23 08:12:00,0.15177178895118004
2018-07-23 08:15:00,0.2768783407353226
2018-07-23 08:18:00,0.2788903205146198
2018-07-23 08:21:00,0.13885467925484818
2018-07-23 08:24:00,0.21328546506833845
2018-07-23 08:27:00,0.09345276382441625
2018-07-23 08:30:00,0.17147744631586193
2018-07-23 08:33:00,0.27654275140224627
2018-07-23 08:36:00,0.17572077476739878
2018-07-23 08:39:00,0.10868136463631117
2018-07-23 08:42:00,0.05537038373762471
2018-07-23 08:45:00,0.15541665001529736
2018-07-23 08:48:00,0.1164893781082128
2018-07-23 08:51:00,0.2171926413740266
2018-07-23 08:54:00,0.12730479490414837
2018-07-23 08:57:00,0.08428461374199969
2018-07-23 09:00:00,0.10666972444948897
2018-07-23 09:03:00,0.11608435978138232
2018-07-23 09:06:00,-0.009331058139423476
2018-07-23 09:09:00,0.12329003026673035
2018-07-23 09:12:00,0.2696275050062127
2018-07-23 09:15:00,0.19251935371505624
2018-07-23 09:18:00,0.2147765838181499
2018-07-23 09:21:00,0.1628736834966844
2018-07-23 09:24:00,0.1396946001028141
2018-07-23 09:27:00,0.11633324847935
2018-07-23 09:30:00,0.08047341256349227
2018-07-23 09:33:00,0.04527507341236969
2018-07-23 09:36:00,0.011772092198498285
2018-07-23 09:39:00,0.06229553446274849
2018-07-23 09:42:00,-0.2960831267963613
2018-07-23 09:45:00,-0.14071792039351294
2018-07-23 09:48:00,-0.029537875271955727
2018-07-23 09:51:00,-0.01787976343086939
2018-07-23 09:54:00,-0.09308523666749124
2018-07-23 09:57:00,-0.13295738960312065
2018-07-23 10:00:00,-0.030213593771748037
2018-07-23 10:03:00,0.020947385266822494
2018-07-23 10:06:00,-0.11766271296914965
2018-07-23 10:09:00,-0.19018454933200246
2018-07-23 10:12:00,-0.15609816527808107
2018-07-23 10:15:00,-0.1466048256872341
2018-07-23 10:18:00,-0.13937578858764255
2018-07-23 10:21:00,-0.05136513910491658
2018-07-23 10:24:00,-0.08592408374425986
2018-07-23 10:27:00,-0.21132566661134433
2018-07-23 10:30:00,-0.16237489336901945
2018-07-23 10:33:00,-0.17556052650058973
2018-07-23 10:36:00,-0.18710296304834628
2018-07-23 10:39:00,-0.19596981395102375
2018-07-23 10:42:00,-0.25097056463937406
2018-07-23 10:45:00,-0.29952880271446247
2018-07-23 10:48:00,-0.25619188329801545
2018-07-23 10:51:00,-0.07878227576253494
2018-07-23 10:54:00,-0.04456768171269232
2018-07-23 10:57:00,-0.05475533887073425
2018-07-23 11:00:00,0.0748337442829552
2018-07-23 11:03:00,0.05714091443826419
2018-07-23 11:06:00,0.009965356571512984
2018-07-23 11:09:00,-0.11480051352504006
2018-07-23 11:12:00,-0.14548577325655287
2018-07-23 11:15:00,-0.06597104540765031
2018-07-23 11:18:00,-0.08655184125859705
2018-07-23 11:21:00,-0.09534409003532573
2018-07-23 11:24:00,-0.07182176223852821
2018-07-23 11:27:00,-0.1503910368494985
2018-07-23 11:30:00,-0.11777335092142494
2018-07-23 11:33:00,-0.1819423920258032
2018-07-23 11:36:00,-0.09579257981283718
2018-07-23 11:39:00,-0.17629996783915658
2018-07-23 11:42:00,-0.10439341628182319
2018-07-23 11:45:00,-0.13909601301617158
2018-07-23 11:48:00,-0.10471705218753868
2018-07-23 11:51:00,-0.12082803208005544
2018-07-23 11:54:00,-0.12637655175996088
2018-07-23 11:57:00,-0.08933608370165302
2018-07-23 12:00:00,-0.13173236753641504
2018-07-23 12:03:00,-0.09667630140137362
2018-07-23 12:06:00,-0.1007910132865959
2018-07-23 12:09:00,-0.07997236613095993
2018-07-23 12:12:00,-0.07437242304183656
2018-07-23 12:15:00,-0.11852261057322266
2018-07-23 12:18:00,-0.1269707846614665
2018-07-23 12:21:00,-0.14075674004476468
2018-07-23 12:24:00,-0.16870533620044625
2018-07-23 12:27:00,-0.1001950238209588
2018-07-23 12:30:00,-0.11298231881750098
2018-07-23 12:33:00,-0.03639225722793071
2018-07-23 12:36:00,-0.12904192271400916
2018-07-23 12:39:00,-0.0456591237992825
2018-07-23 12:42:00,-0.17247285675358626
2018-07-23 12:45:00,-0.20989541601818473
2018-07-23 12:48:00,-0.09866124712488045
2018-07-23 12:51:00,-0.2607470875543072
2018-07-23 12:54:00,-0.28668530209904475
2018-07-23 12:57:00,-0.2474832052917577
2018-07-23 13:00:00,-0.21168921632261117
2018-07-23 13:03:00,-0.18629857648278403
2018-07-23 13:06:00,-0.2785039477499254
2018-07-23 13:09:00,-0.20171814323123272
2018-07-23 13:12:00,-0.24661286035728835
2018-07-23 13:15:00,-0.16550294316306235
2018-07-23 13:18:00,-0.2190344547095151
2018-07-23 13:21:00,-0.16873367958538665
2018-07-23 13:24:00,-0.21591151621180416
2018-07-23 13:27:00,-0.168012704828584
2018-07-23 13:30:00,-0.10373642601183519
2018-07-23 13:33:00,-0.16401302686068675
2018-07-23 13:36:00,-0.13393472617502766
2018-07-23 13:39:00,-0.26596538494948163
2018-07-23 13:42:00,-0.21318212749224585
2018-07-23 13:45:00,-0.2812370239203119
2018-07-23 13:48:00,-0.32441539163443167
2018-07-23 13:51:00,-0.43227706431002844
2018-07-23 13:54:00,-0.4085593961502809
2018-07-23 13:57:00,-0.4574854444894072
2018-07-23 14:00:00,-0.37580802888822973
2018-07-23 14:03:00,-0.40969274514566223
2018-07-23 14:06:00,-0.29839648945858244
2018-07-23 14:09:00,-0.3354281742289231
2018-07-23 14:12:00,-0.27968138792329
2018-07-23 14:15:00,-0.3188451632059355
2018-07-23 14:18:00,-0.4504457647930735
2018-07-23 14:21:00,-0.4314444562693893
2018-07-23 14:24:00,-0.48030295977531523
2018-07-23 14:27:00,-0.44356530549725903
2018-07-23 14:30:00,-0.4253046200138897
2018-07-23 14:33:00,-0.3888499788345712
2018-07-23 14:36:00,-0.4443406085236461
2018-07-23 14:39:00,-0.3648768983379682
2018-07-23 14:42:00,-0.4358340197755979
2018-07-23 14:45:00,-0.4649197864463872
2018-07-23 14:48:00,-0.48548306706658195
2018-07-23 14:51:00,-0.5429532484124024
2018-07-23 14:54:00,-0.47752417592340635
2018-07-23 14:57:00,-0.3459034831414556
2018-07-23 15:00:00,-0.39176207384417694
2018-07-23 15:03:00,-0.3477189213084557
2018-07-23 15:06:00,-0.35262558798461896
2018-07-23 15:09:00,-0.3427782627089755
2018-07-23 15:12:00,-0.3842540400161738
2018-07-23 15:15:00,-0.4098026358886955
2018-07-23 15:18:00,-0.3994748357565072
2018-07-23 15:21:00,-0.45210080394264196
2018-07-23 15:24:00,-0.38024015743758355
2018-07-23 15:27:00,-0.37561144837582106
2018-07-23 15:30:00,-0.347640606970117
2018-07-23 15:33:00,-0.4306943310397173
2018-07-23 15:36:00,-0.3561771834913543
2018-07-23 15:39:00,-0.3738915806250134
2018-07-23 15:42:00,-0.4740902715301445
2018-07-23 15:45:00,-0.48611546103956016
2018-07-23 15:48:00,-0.49318170936186334
2018-07-23 15:51:00,-0.3344880612468728
2018-07-23 15:54:00,-0.38813221858066527
2018-07-23 15:57:00,-0.42962011480778983
2018-07-23 16:00:00,-0.4147743715454908
2018-07-23 16:03:00,-0.48907678356164297
2018-07-23 16:06:00,-0.42229109753361627
2018-07-23 16:09:00,-0.4403036897425636
2018-07-23 16:12:00,-0.4821977708780878
2018-07-23 16:15:00,-0.43093732077409186
2018-07-23 16:18:00,-0.39954663179560157
2018-07-23 16:21:00,-0.3852454843354849
2018-07-23 16:24:00,-0.30303803367826276
2018-07-23 16:27:00,-0.36113619002873065
2018-07-23 16:30:00,-0.3793834908630629
2018-07-23 16:33:00,-0.3541663358921028
2018-07-23 16:36:00,-0.24809601064271192
2018-07-23 16:39:00,-0.3090873980330002
2018-07-23 16:42:00,-0.3195153570501361
2018-07-23 16:45:00,-0.2268211831921576
2018-07-23 16:48:00,-0.2669719204989178
2018-07-23 16:51:00,-0.2730544458582358
2018-07-23 16:54:00,-0.31027721611974357
2018-07-23 16:57:00,-0.2541125859381168
2018-07-23 17:00:00,-0.20707036590590633
2018-07-23 17:03:00,-0.2146733910078069
2018-07-23 17:06:00,-0.1340611056886587
2018-07-23 17:09:00,-0.05691295597574708
2018-07-23 17:12:00,-0.1809431214484789
2018-07-23 17:15:00,-0.19720876417574118
2018-07-23 17:18:00,-0.16472896594922304
2018-07-23 17:21:00,-0.10417513040243875
2018-07-23 17:24:00,-0.26457311974775166
2018-07-23 17:27:00,-0.17708520108368475
2018-07-23 17:30:00,-0.19268903505218304
2018-07-23 17:33:00,-0.1951419089890578
2018-07-23 17:36:00,0.0012698905431420826
2018-07-23 17:39:00,-0.22835329814068928
2018-07-23 17:42:00,-0.2089675693852655
2018-07-23 17:45:00,-0.042780925604404274
2018-07-23 17:48:00,-0.10040361161816236
2018-07-23 17:51:00,-0.118985270408416
2018-07-23 17:54:00,-0.08961502793027876
2018-07-23 17:57:00,-0.062384260096905564
2018-07-23 18:00:00,-0.1588078575689451
2018-07-23 18:03:00,-0.16526477751727953
2018-07-23 18:06:00,-0.08871906394949747
2018-07-23 18:09:00,-0.02250711149304152
2018-07-23 18:12:00,0.003762422562829215
2018-07-23 18:15:00,-0.09934776820296065
2018-07-23 18:18:00,-0.06228352589914721
2018-07-23 18:21:00,0.007747641625542201
2018-07-23 18:24:00,-0.0671870629318505
2018-07-23 18:27:00,-0.02147021330750931
2018-07-23 18:30:00,-0.038040337103609545
2018-07-23 18:33:00,-0.16415683570602368
2018-07-23 18:36:00,-0.11456894859963995
2018-07-23 18:39:00,-0.08941886908996821
2018-07-23 18:42:00,-0.07641149952200976
2018-07-23 18:45:00,-0.0435835325911853
2018-07-23 18:48:00,-0.14534601807594072
2018-07-23 18:51:00,-0.07160621800665012
2018-07-23 18:54:00,
2018-07-23 18:57:00,
2018-07-23 19:00:00,
2018-07-23 19:03:00,-0.13142876728556985
2018-07-23 19:06:00,-0.07414430070565459
2018-07-23 19:09:00,-0.038576480011670355
2018-07-23 19:12:00,-0.04136293923687617
2018-07-23 19:15:00,-0.04849148620996857
2018-07-23 19:18:00,-0.11649079184672928
2018-07-23 19:21:00,-0.07528615167734642
2018-07-23 19:24:00,-0.013062824344842738
2018-07-23 19:27:00,0.05013864005843516
2018-07-23 19:30:00,-0.004061570660553571
2018-07-23 19:33:00,-0.0028716168081928117
2018-07-23 19:36:00,-0.14235280455079646
2018-07-23 19:39:00,-0.07665540373130852
2018-07-23 19:42:00,-0.023532621981132706
2018-07-23 19:45:00,-0.07090581824991204
2018-07-23 19:48:00,-0.12164211889734133
2018-07-23 19:51:00,-0.06612055247006765
2018-07-23 19:54:00,-0.10357021895362095
2018-07-23 19:57:00,-0.06413854835977872
2018-07-23 20:00:00,-0.06334865698448766
2018-07-23 20:03:00,-0.0009779774376852401
2018-07-23 20:06:00,-0.0011625042113792006
2018-07-23 20:09:00,-0.012143142573506793
2018-07-23 20:12:00,-0.04745123932252682
2018-07-23 20:15:00,-0.028882770601683205
2018-07-23 20:18:00,-0.08894541718223081
2018-07-23 20:21:00,-0.08201326266043907
2018-07-23 20:24:00,-0.04524149217542117
2018-07-23 20:27:00,-0.048502060554881155
2018-07-23 20:30:00,-0.10233665676003056
2018-07-23 20:33:00,-0.09477364749955086
2018-07-23 20:36:00,-0.01765637104659845
2018-07-23 20:39:00,-0.02692893047196776
2018-07-23 20:42:00,-0.046347840745113444
2018-07-23 20:45:00,0.029785849483232596
2018-07-23 20:48:00,0.09452875951279793
2018-07-23 20:51:00,-0.1469301188474219
2018-07-23 20:54:00,0.031411833506012954
2018-07-23 20:57:00,0.041684610051959226
2018-07-23 21:00:00,-0.010800058999393514
2018-07-23 21:03:00,-0.047482863777815965
2018-07-23 21:06:00,0.09046453154223855
2018-07-23 21:09:00,0.04344951750653081
2018-07-23 21:12:00,0.05057710255522352
2018-07-23 21:15:00,0.0673767962924785
2018-07-23 21:18:00,0.05688229472383455
2018-07-23 21:21:00,-0.007161889612859795
2018-07-23 21:24:00,0.07967720241265397
2018-07-23 21:27:00,-0.02848294923416006
2018-07-23 21:30:00,0.0026674680647147397
2018-07-23 21:33:00,0.10128292205712341
2018-07-23 21:36:00,0.03218111318443562
2018-07-23 21:39:00,-0.02702619581896215
2018-07-23 21:42:00,-0.050497742263871714
2018-07-23 21:45:00,0.0261184208540044
2018-07-23 21:48:00,-0.004800164570326615
2018-07-23 21:51:00,0.04289927974679131
2018-07-23 21:54:00,-0.013127791419663026
2018-07-23 21:57:00,0.0020445051208071163
2018-07-23 22:00:00,0.07792864316149917
2018-07-23 22:03:00,0.1423388855974963
2018-07-23 22:06:00,0.08887723833601058
2018-07-23 22:09:00,0.14957090994425926
2018-07-23 22:12:00,-0.05693392488029758
2018-07-23 22:15:00,0.035680416480829535
2018-07-23 22:18:00,-0.006838900406251014
2018-07-23 22:21:00,-0.015302689642680889
2018-07-23 22:24:00,-0.036240133100250205
2018-07-23 22:27:00,-0.06563640841432061
2018-07-23 22:30:00,-0.06860576002821972
2018-07-23 22:33:00,-0.015771081185448566
2018-07-23 22:36:00,0.06615114748075257
2018-07-23 22:39:00,0.09378149402004965
2018-07-23 22:42:00,0.049527138015889705
2018-07-23 22:45:00,0.05035661965712279
2018-07-23 22:48:00,0.09799367677800319
2018-07-23 22:51:00,0.1292872246926322
2018-07-23 22:54:00,0.06986977606879918
2018-07-23 22:57:00,0.04459094068658942
2018-07-23 23:00:00,-0.01711335865087449
2018-07-23 23:03:00,-0.027174643107230168
2018-07-23 23:06:00,0.06825911384163419
2018-07-23 23:09:00,0.0833185429261789
2018-07-23 23:12:00,0.016993815874855045
2018-07-23 23:15:00,0.15233454051309536
2018-07-23 23:18:00,0.0549057518059044
2018-07-23 23:21:00,0.007983072376873679
2018-07-23 23:24:00,0.13686855868229486
2018-07-23 23:27:00,-0.03437235857899168
2018-07-23 23:30:00,0.04592705377137918
2018-07-23 23:33:00,0.053006126012348886
2018-07-23 23:36:00,0.08052447820432462
2018-07-23 23:39:00,0.04450471132963685
2018-07-23 23:42:00,-0.050342023599228014
2018-07-23 23:45:00,0.06792678503575189
2018-07-23 23:48:00,0.08742250518986339
2018-07-23 23:51:00,-0.041966367459622234
2018-07-23 23:54:00,0.03163258825838966
2018-07-23 23:57:00,0.1274053647450728
2018-07-24 00:00:00,0.02675583377293833
2018-07-24 00:03:00,0.04790388035576143
2018-07-24 00:06:00,0.05797003964198666
2018-07-24 00:09:00,0.06615705232366054
2018-07-24 00:12:00,0.09653281298295724
2018-07-24 00:15:00,0.0811913022703834
2018-07-24 00:18:00,0.005157515227438125
2018-07-24 00:21:00,-0.019342496728825154
2018-07-24 00:24:00,-0.07688355998817542
2018-07-24 00:27:00,0.12175396044807485
2018-07-24 00:30:00,0.10095656724888613
2018-07-24 00:33:00,0.043942442250454405
2018-07-24 00:36:00,0.01560337428998082
2018-07-24 00:39:00,0.08612234305962829
2018-07-24 00:42:00,0.04828236735380642
2018-07-24 00:45:00,0.035929550747425765
2018-07-24 00:48:00,0.12681412344045384
2018-07-24 00:51:00,0.017793364367491904
2018-07-24 00:54:00,0.12217326180842747
2018-07-24 00:57:00,0.1098482581833764
2018-07-24 01:00:00,0.06795523314502816
2018-07-24 01:03:00,0.08249889150596346
2018-07-24 01:06:00,0.015227864788016632
2018-07-24 01:09:00,0.036180636508106545
2018-07-24 01:12:00,0.158923000366201
2018-07-24 01:15:00,0.12810503915062554
2018-07-24 01:18:00,0.13170082286558227
2018-07-24 01:21:00,0.07540660006094413
2018-07-24 01:24:00,0.027049758142823066
2018-07-24 01:27:00,0.014850250792221686
2018-07-24 01:30:00,0.13643187450566074
2018-07-24 01:33:00,0.29284177576147385
2018-07-24 01:36:00,0.21895292011026868
2018-07-24 01:39:00,0.24783333113305162
2018-07-24 01:42:00,0.29337422179349915
2018-07-24 01:45:00,0.35676576470223154
2018-07-24 01:48:00,0.29683975396739015
2018-07-24 01:51:00,0.32538619077638486
2018-07-24 01:54:00,0.3450003591508448
2018-07-24 01:57:00,0.32184644056076195
2018-07-24 02:00:00,0.385781691597856
2018-07-24 02:03:00,0.37339083154478203
2018-07-24 02:06:00,0.3909954111209686
2018-07-24 02:09:00,0.43908555695094265
2018-07-24 02:12:00,0.5211641501315398
2018-07-24 02:15:00,0.44778209429381377
2018-07-24 02:18:00,0.46581723454806934
2018-07-24 02:21:00,0.5339419632096565
2018-07-24 02:24:00,0.4187255945249717
2018-07-24 02:27:00,0.43185311972052887
2018-07-24 02:30:00,0.31515322321200756
2018-07-24 02:33:00,0.3906702396478181
2018-07-24 02:36:00,0.4421900179019076
2018-07-24 02:39:00,0.4592872277054312
2018-07-24 02:42:00,0.4097463320121051
2018-07-24 02:45:00,0.3869916637130473
2018-07-24 02:48:00,0.4868023578850966
2018-07-24 02:51:00,0.4283620105400132
2018-07-24 02:54:00,0.39696768711075947
2018-07-24 02:57:00,0.3472552898590493
2018-07-24 03:00:00,0.2535146828013808
2018-07-24 03:03:00,0.3307321405650896
2018-07-24 03:06:00,0.28727625145796765
2018-07-24 03:09:00,0.28094892326748777
2018-07-24 03:12:00,0.29679135587326755
2018-07-24 03:15:00,0.30222008559525193
2018-07-24 03:18:00,0.32002668811099966
2018-07-24 03:21:00,0.4390972629597627
2018-07-24 03:24:00,0.3084407713049018
2018-07-24 03:27:00,0.37477789821213037
2018-07-24 03:30:00,0.4691820288439885
2018-07-24 03:33:00,0.5017844400139779
2018-07-24 03:36:00,0.46763107752587985
2018-07-24 03:39:00,0.48949291152342767
2018-07-24 03:42:00,0.46947672577925914
2018-07-24 03:45:00,0.4255153312954576
2018-07-24 03:48:00,0.32626977647328204
2018-07-24 03:51:00,0.3253699317701262
2018-07-24 03:54:00,0.274836802559264
2018-07-24 03:57:00,0.2876614249189515
2018-07-24 04:00:00,0.24413483138346237
2018-07-24 04:03:00,0.31567715568849053
2018-07-24 04:06:00,0.24995461928182294
2018-07-24 04:09:00,0.2376998641143473
2018-07-24 04:12:00,0.35749801424668703
2018-07-24 04:15:00,0.3796998412183825
2018-07-24 04:18:00,0.34808354575733347
2018-07-24 04:21:00,0.37221474288554646
2018-07-24 04:24:00,0.3106451845229117
2018-07-24 04:27:00,0.254047409809516
2018-07-24 04:30:00,0.3749026469797059
2018-07-24 04:33:00,0.34968382597287473
2018-07-24 04:36:00,0.31948167260992477
2018-07-24 04:39:00,0.27965775436490503
2018-07-24 04:42:00,0.35670853132705815
2018-07-24 04:45:00,0.349898079335901
2018-07-24 04:48:00,0.41578231382339936
2018-07-24 04:51:00,0.2448417378578256
2018-07-24 04:54:00,0.4368142677229798
2018-07-24 04:57:00,0.3011827699715468
2018-07-24 05:00:00,0.2490242304734238
2018-07-24 05:03:00,0.25274145884003474
2018-07-24 05:06:00,0.31877136608699175
2018-07-24 05:09:00,0.34344955156109336
2018-07-24 05:12:00,0.3491487213922255
2018-07-24 05:15:00,0.3720990605114025
2018-07-24 05:18:00,0.23329616932397812
2018-07-24 05:21:00,0.33411352000257466
2018-07-24 05:24:00,0.3808679273354869
2018-07-24 05:27:00,0.2933459328800154
2018-07-24 05:30:00,0.3217348781808482
2018-07-24 05:33:00,0.23169716822690134
2018-07-24 05:36:00,0.3178089107660753
2018-07-24 05:39:00,0.2295038614459486
2018-07-24 05:42:00,0.3766204000535822
2018-07-24 05:45:00,0.31398508734667985
2018-07-24 05:48:00,0.2996365777618166
2018-07-24 05:51:00,0.3010447822005631
2018-07-24 05:54:00,0.30142488693610403
2018-07-24 05:57:00,0.3340117351927461
2018-07-24 06:00:00,0.2858659413292912
2018-07-24 06:03:00,0.33276388246474653
2018-07-24 06:06:00,0.2300398327890889
2018-07-24 06:09:00,0.30852993278750773
2018-07-24 06:12:00,0.3150914936231288
2018-07-24 06:15:00,0.23105965755507896
2018-07-24 06:18:00,0.28242434629800073
2018-07-24 06:21:00,0.19435645360567833
2018-07-24 06:24:00,0.284003505202179
2018-07-24 06:27:00,0.30039425592917723
2018-07-24 06:30:00,0.26820863089460545
2018-07-24 06:33:00,0.3151194247495823
2018-07-24 06:36:00,0.24962344345573229
2018-07-24 06:39:00,0.21654963442858843
2018-07-24 06:42:00,0.2908594084752849
2018-07-24 06:45:00,0.23332566139873734
2018-07-24 06:48:00,0.23149220626532951
2018-07-24 06:51:00,0.31097604364993003
2018-07-24 06:54:00,0.2724692064466012
2018-07-24 06:57:00,0.3173888952441075
2018-07-24 07:00:00,0.21571300881726074
2018-07-24 07:03:00,0.22545716200073684
2018-07-24 07:06:00,0.2605264626391772
2018-07-24 07:09:00,0.18893899332317687
2018-07-24 07:12:00,0.28431278427262896
2018-07-24 07:15:00,0.11420021226371091
2018-07-24 07:18:00,0.25468781357625403
2018-07-24 07:21:00,0.2145990126711581
2018-07-24 07:24:00,0.24648373590963502
2018-07-24 07:27:00,0.32383053969596176
2018-07-24 07:30:00,0.31682104043756
2018-07-24 07:33:00,0.3189966360955623
2018-07-24 07:36:00,0.25972849632040607
2018-07-24 07:39:00,0.21436424051097447
2018-07-24 07:42:00,0.24501400331359946
2018-07-24 07:45:00,0.14976517423781388
2018-07-24 07:48:00,0.21145898901932014
2018-07-24 07:51:00,0.22827706131960213
2018-07-24 07:54:00,0.22040766729469397
2018-07-24 07:57:00,0.18742861755112017
2018-07-24 08:00:00,0.259304105378078
2018-07-24 08:03:00,0.19514132312389165
2018-07-24 08:06:00,0.2766806817464271
2018-07-24 08:09:00,0.20106606919205205
2018-07-24 08:12:00,0.21117077008204888
2018-07-24 08:15:00,0.18118012878011314
2018-07-24 08:18:00,0.2310523748371338
2018-07-24 08:21:00,0.1294832633977876
2018-07-24 08:24:00,0.17947191778938532
2018-07-24 08:27:00,0.16073171150782173
2018-07-24 08:30:00,0.1813392123366384
2018-07-24 08:33:00,0.1488364827115447
2018-07-24 08:36:00,0.20652876408888687
2018-07-24 08:39:00,0.11523321629817929
2018-07-24 08:42:00,0.15196403086184773
2018-07-24 08:45:00,0.17314328976800653
2018-07-24 08:48:00,0.14114584534235064
2018-07-24 08:51:00,0.10509043912327343
2018-07-24 08:54:00,0.10620892253780312
2018-07-24 08:57:00,0.07450515107223055
2018-07-24 09:00:00,0.08473739072991293
2018-07-24 09:03:00,0.11269085310419769
2018-07-24 09:06:00,0.03262584056056994
2018-07-24 09:09:00,0.11470480234868319
2018-07-24 09:12:00,-0.017236618512242785
2018-07-24 09:15:00,0.1380499062284457
2018-07-24 09:18:00,0.09591007072168622
2018-07-24 09:21:00,-0.023944012635865874
2018-07-24 09:24:00,0.01710825675218075
2018-07-24 09:27:00,-0.057642978200362904
2018-07-24 09:30:00,0.06191654338738317
2018-07-24 09:33:00,-0.0070139154469188725
2018-07-24 09:36:00,-0.12436811979222284
2018-07-24 09:39:00,-0.072562328793083
2018-07-24 09:42:00,-0.056241539931022544
2018-07-24 09:45:00,-0.04896128715540726
2018-07-24 09:48:00,-0.06872225803579113
2018-07-24 09:51:00,-0.08380945428496034
2018-07-24 09:54:00,-0.14019811219463918
2018-07-24 09:57:00,-0.08142124922477478
2018-07-24 10:00:00,-0.11287209503291251
2018-07-24 10:03:00,-0.010888071389160814
2018-07-24 10:06:00,-0.10327574475695656
2018-07-24 10:09:00,-0.07402081942439054
2018-07-24 10:12:00,-0.13190473087337296
2018-07-24 10:15:00,-0.0694752664197722
2018-07-24 10:18:00,-0.12995269954308242
2018-07-24 10:21:00,-0.1699742534455595
2018-07-24 10:24:00,-0.12349533801983625
2018-07-24 10:27:00,-0.11914515793966984
2018-07-24 10:30:00,-0.16384886980557667
2018-07-24 10:33:00,-0.11052755992199081
2018-07-24 10:36:00,-0.15065927129217016
2018-07-24 10:39:00,-0.21026013997806103
2018-07-24 10:42:00,-0.11408277529562838
2018-07-24 10:45:00,-0.23139359722188146
2018-07-24 10:48:00,-0.14963229748792628
2018-07-24 10:51:00,-0.16481982339337264
2018-07-24 10:54:00,-0.1826594045109573
2018-07-24 10:57:00,-0.13816654072996926
2018-07-24 11:00:00,-0.1936560902375959
2018-07-24 11:03:00,-0.18278536567771653
2018-07-24 11:06:00,-0.2146972193697252
2018-07-24 11:09:00,-0.24298854061891006
2018-07-24 11:12:00,-0.3545053833482825
2018-07-24 11:15:00,-0.26203942639517663
2018-07-24 11:18:00,-0.2383312342009276
2018-07-24 11:21:00,-0.251455122886
2018-07-24 11:24:00,-0.09971041240538625
2018-07-24 11:27:00,-0.18545682036904054
2018-07-24 11:30:00,-0.30190105001435086
2018-07-24 11:33:00,-0.2625733254577085
2018-07-24 11:36:00,-0.2895287553936896
2018-07-24 11:39:00,-0.3246779780496354
2018-07-24 11:42:00,-0.16645136201674404
2018-07-24 11:45:00,-0.3090204457331538
2018-07-24 11:48:00,-0.24841036727383425
2018-07-24 11:51:00,-0.34870418638422507
2018-07-24 11:54:00,-0.34804014836913666
2018-07-24 11:57:00,-0.2888056993635928
2018-07-24 12:00:00,-0.27927923126236465
2018-07-24 12:03:00,-0.35351446432883904
2018-07-24 12:06:00,-0.3265808189572681
2018-07-24 12:09:00,-0.29270754195795234
2018-07-24 12:12:00,-0.3358816200205865
2018-07-24 12:15:00,-0.36400032522664105
2018-07-24 12:18:00,-0.4365696096135707
2018-07-24 12:21:00,-0.17651376153071396
2018-07-24 12:24:00,-0.20139615991809023
2018-07-24 12:27:00,-0.21232680531028336
2018-07-24 12:30:00,-0.18924177309963852
2018-07-24 12:33:00,-0.14240154851671605
2018-07-24 12:36:00,-0.16910250355061862
2018-07-24 12:39:00,-0.2513384533637577
2018-07-24 12:42:00,-0.20829350067555197
2018-07-24 12:45:00,-0.27772856464702045
2018-07-24 12:48:00,-0.21838468951801815
2018-07-24 12:51:00,-0.26451064125473067
2018-07-24 12:54:00,-0.1930253783953617
2018-07-24 12:57:00,-0.2506132640696137
2018-07-24 13:00:00,-0.2624646723420483
2018-07-24 13:03:00,-0.41559653718138634
2018-07-24 13:06:00,-0.2097120761255269
2018-07-24 13:09:00,-0.34896896050219084
2018-07-24 13:12:00,-0.37804733598630946
2018-07-24 13:15:00,-0.348403144877409
2018-07-24 13:18:00,-0.2812766090959258
2018-07-24 13:21:00,-0.29676545481993344
2018-07-24 13:24:00,-0.32376786428756077
2018-07-24 13:27:00,-0.07741196384284876
2018-07-24 13:30:00,-0.31964139400588465
2018-07-24 13:33:00,-0.24902927257068086
2018-07-24 13:36:00,-0.22963026089763616
2018-07-24 13:39:00,-0.25957304897758604
2018-07-24 13:42:00,-0.34877697773424643
2018-07-24 13:45:00,-0.3609438830630438
2018-07-24 13:48:00,-0.37695405522197234
2018-07-24 13:51:00,-0.43964099587020655
2018-07-24 13:54:00,-0.34920620941312563
2018-07-24 13:57:00,-0.40762938546600935
2018-07-24 14:00:00,-0.32789386903920104
2018-07-24 14:03:00,-0.15053135529535666
2018-07-24 14:06:00,-0.3447237219792214
2018-07-24 14:09:00,-0.34194854406865716
2018-07-24 14:12:00,-0.343521202986949
2018-07-24 14:15:00,-0.4024090121440622
2018-07-24 14:18:00,-0.2912843304511057
2018-07-24 14:21:00,-0.19062388175342448
2018-07-24 14:24:00,-0.3198788640920611
2018-07-24 14:27:00,-0.32542925637568487
2018-07-24 14:30:00,-0.3794350337413448
2018-07-24 14:33:00,-0.32035042460915975
2018-07-24 14:36:00,-0.3067726518573295
2018-07-24 14:39:00,-0.4164326498659534
2018-07-24 14:42:00,-0.49671403824112303
2018-07-24 14:45:00,-0.4602745332894642
2018-07-24 14:48:00,-0.46460716182389206
2018-07-24 14:51:00,-0.37617110978595747
2018-07-24 14:54:00,-0.39854268104465973
2018-07-24 14:57:00,-0.4800060417627492
2018-07-24 15:00:00,-0.3542213531428615
2018-07-24 15:03:00,-0.3212018591019046
2018-07-24 15:06:00,-0.416521487293096
2018-07-24 15:09:00,-0.22062965607119622
2018-07-24 15:12:00,-0.4557268442698046
2018-07-24 15:15:00,-0.28904088314260434
2018-07-24 15:18:00,-0.30912729505485004
2018-07-24 15:21:00,-0.4410836680457919
2018-07-24 15:24:00,-0.3055841265688741
2018-07-24 15:27:00,-0.3131010854579017
2018-07-24 15:30:00,-0.20564024617851828
2018-07-24 15:33:00,-0.2513482494174468
2018-07-24 15:36:00,-0.05538206351837971
2018-07-24 15:39:00,0.0751452464922977
2018-07-24 15:42:00,0.02167316830997379
2018-07-24 15:45:00,0.017877227315352684
2018-07-24 15:48:00,-0.06431272690173273
2018-07-24 15:51:00,-0.19999740461128113
2018-07-24 15:54:00,-0.26281062433696434
2018-07-24 15:57:00,-0.3090208436806279
2018-07-24 16:00:00,-0.23499158126895736
2018-07-24 16:03:00,-0.27927899467101724
2018-07-24 16:06:00,-0.20089162230118518
2018-07-24 16:09:00,-0.1852443351028228
2018-07-24 16:12:00,-0.2323978626404255
2018-07-24 16:15:00,-0.13756316851157635
2018-07-24 16:18:00,-0.24478686721022314
2018-07-24 16:21:00,-0.08187704989967415
2018-07-24 16:24:00,-0.11213636612973232
2018-07-24 16:27:00,-0.09887037580546121
2018-07-24 16:30:00,-0.14258245470040265
2018-07-24 16:33:00,-0.2848131919442949
2018-07-24 16:36:00,-0.1458041463039308
2018-07-24 16:39:00,-0.2058816375680408
2018-07-24 16:42:00,-0.04031345326626479
2018-07-24 16:45:00,-0.2414557356662499
2018-07-24 16:48:00,-0.18499477978656387
2018-07-24 16:51:00,-0.2715885087097263
2018-07-24 16:54:00,-0.27657921453982226
2018-07-24 16:57:00,-0.27859306187571065
2018-07-24 17:00:00,-0.2391064745964968
2018-07-24 17:03:00,-0.20847984058406155
2018-07-24 17:06:00,-0.2799619744562847
2018-07-24 17:09:00,-0.2540886407892913
2018-07-24 17:12:00,-0.28606977590601446
2018-07-24 17:15:00,-0.12109626465377232
2018-07-24 17:18:00,0.14760105420361924
2018-07-24 17:21:00,0.2196002740554377
2018-07-24 17:24:00,0.24743259449007837
2018-07-24 17:27:00,0.22899236484585117
2018-07-24 17:30:00,0.12049380832655743
2018-07-24 17:33:00,0.2744161610026481
2018-07-24 17:36:00,0.1871902391741287
2018-07-24 17:39:00,-0.06504821424647389
2018-07-24 17:42:00,-0.03293592040870408
2018-07-24 17:45:00,-0.10243869321374177
2018-07-24 17:48:00,-0.2232557481868298
2018-07-24 17:51:00,-0.26545762464962763
2018-07-24 17:54:00,-0.18936446109574945
2018-07-24 17:57:00,-0.09881353255570957
2018-07-24 18:00:00,-0.15745633631280498
2018-07-24 18:03:00,-0.11708804100368297
2018-07-24 18:06:00,-0.17889095313364578
2018-07-24 18:09:00,-0.15470818479730042
2018-07-24 18:12:00,-0.193111908898004
2018-07-24 18:15:00,-0.17406923299057553
2018-07-24 18:18:00,-0.19425497588173357
2018-07-24 18:21:00,-0.18096510213149486
2018-07-24 18:24:00,-0.22291790948645485
2018-07-24 18:27:00,-0.17924847778914454
2018-07-24 18:30:00,-0.12615597005418522
2018-07-24 18:33:00,-0.08241888796652574
2018-07-24 18:36:00,0.019895012254153244
2018-07-24 18:39:00,0.10948757865872949
2018-07-24 18:42:00,0.27194513875554094
2018-07-24 18:45:00,-0.06059181293289839
2018-07-24 18:48:00,0.025435876484493747
2018-07-24 18:51:00,0.07851450813137717
2018-07-24 18:54:00,
2018-07-24 18:57:00,
2018-07-24 19:00:00,
2018-07-24 19:03:00,-0.11672174717438111
2018-07-24 19:06:00,-0.06866035322667585
2018-07-24 19:09:00,0.02094061430432248
2018-07-24 19:12:00,0.002125718738454907
2018-07-24 19:15:00,-0.07534992316942635
2018-07-24 19:18:00,-0.025307557019971227
2018-07-24 19:21:00,-0.01822322113645214
2018-07-24 19:24:00,-0.03104797131078385
2018-07-24 19:27:00,0.029735910938313737
2018-07-24 19:30:00,-0.008734176077780376
2018-07-24 19:33:00,-0.06862532087694717
2018-07-24 19:36:00,-0.012546690339036104
2018-07-24 19:39:00,-0.05342501250663645
2018-07-24 19:42:00,-0.031746373831424535
2018-07-24 19:45:00,-0.047759275498549414
2018-07-24 19:48:00,0.011455581687641825
2018-07-24 19:51:00,-0.11132724053931042
2018-07-24 19:54:00,-0.064926597978058
2018-07-24 19:57:00,-0.08753778187912076
2018-07-24 20:00:00,-0.102581326694974
2018-07-24 20:03:00,-0.07396945954201328
2018-07-24 20:06:00,-0.09179528754594912
2018-07-24 20:09:00,-0.08481623300696128
2018-07-24 20:12:00,-0.1230912792202048
2018-07-24 20:15:00,-0.01569725994113469
2018-07-24 20:18:00,0.04001399647188464
2018-07-24 20:21:00,0.07556654086101844
2018-07-24 20:24:00,0.13503612352820937
2018-07-24 20:27:00,0.01240566526701059
2018-07-24 20:30:00,0.03574442975951797
2018-07-24 20:33:00,0.05142833356541132
2018-07-24 20:36:00,0.0030718622486460845
2018-07-24 20:39:00,0.08199807990479258
2018-07-24 20:42:00,0.04131253487872755
2018-07-24 20:45:00,0.08276389451054911
2018-07-24 20:48:00,0.10229124051244298
2018-07-24 20:51:00,0.11085300732662517
2018-07-24 20:54:00,0.0756275013993104
2018-07-24 20:57:00,0.10016577193709963
2018-07-24 21:00:00,0.04263491244154238
2018-07-24 21:03:00,-0.04197442741400437
2018-07-24 21:06:00,-0.03713814840750729
2018-07-24 21:09:00,-0.008618324196618232
2018-07-24 21:12:00,-0.034368698729736025
2018-07-24 21:15:00,-0.02964606188805874
2018-07-24 21:18:00,-0.0066824141475194665
2018-07-24 21:21:00,0.07048270823844405
2018-07-24 21:24:00,-0.06378192258335957
2018-07-24 21:27:00,-0.07684161348817042
2018-07-24 21:30:00,-0.020896089020880027
2018-07-24 21:33:00,-0.016727444154525983
2018-07-24 21:36:00,0.022837796680903466
2018-07-24 21:39:00,0.05191444773970488
2018-07-24 21:42:00,0.03985025280246646
2018-07-24 21:45:00,0.043610594373546974
2018-07-24 21:48:00,-0.003801155760356778
2018-07-24 21:51:00,0.05282020805589127
2018-07-24 21:54:00,0.05001523568108723
2018-07-24 21:57:00,0.03973472387417587
2018-07-24 22:00:00,0.07178632415519814
2018-07-24 22:03:00,0.10849958569951923
2018-07-24 22:06:00,-0.02012381153537035
2018-07-24 22:09:00,0.08041181241156892
2018-07-24 22:12:00,0.08271194469853071
2018-07-24 22:15:00,-0.02088068613966243
2018-07-24 22:18:00,0.08144653717681649
2018-07-24 22:21:00,0.05829021595639006
2018-07-24 22:24:00,0.09166145607991893
2018-07-24 22:27:00,0.05667109715727747
2018-07-24 22:30:00,0.07440954889665363
2018-07-24 22:33:00,0.06877799511664762
2018-07-24 22:36:00,0.08396403314890222
2018-07-24 22:39:00,0.06339075606268807
2018-07-24 22:42:00,0.053977969641778145
2018-07-24 22:45:00,0.10068131493329702
2018-07-24 22:48:00,0.10771680308971554
2018-07-24 22:51:00,0.048996853024391385
2018-07-24 22:54:00,0.16829039906895105
2018-07-24 22:57:00,0.13489450125393887
2018-07-24 23:00:00,0.1074012807858935
2018-07-24 23:03:00,0.16193239908830037
2018-07-24 23:06:00,0.1501314806593541
2018-07-24 23:09:00,0.12924187359891448
2018-07-24 23:12:00,0.042707466280148765
2018-07-24 23:15:00,0.007462625793323241
2018-07-24 23:18:00,0.1441927029203498
2018-07-24 23:21:00,0.024347975677471823
2018-07-24 23:24:00,0.09564857458286724
2018-07-24 23:27:00,0.0752535365953122
2018-07-24 23:30:00,0.07105793835637542
2018-07-24 23:33:00,0.09003978602913776
2018-07-24 23:36:00,0.10593793736092039
2018-07-24 23:39:00,0.14848832248611643
2018-07-24 23:42:00,0.05103210149258075
2018-07-24 23:45:00,0.114531187382795
2018-07-24 23:48:00,0.14761746093597594
2018-07-24 23:51:00,0.1195971121577486
2018-07-24 23:54:00,0.1853865326549453
2018-07-24 23:57:00,0.07918947318688652
2018-07-25 00:00:00,0.20385324335120458
2018-07-25 00:03:00,0.2189528165430943
2018-07-25 00:06:00,0.1978755105184291
2018-07-25 00:09:00,0.12335058972138313
2018-07-25 00:12:00,0.1649405624929159
2018-07-25 00:15:00,0.3062068221845493
2018-07-25 00:18:00,0.18184572592292625
2018-07-25 00:21:00,0.15131633304099523
2018-07-25 00:24:00,0.18544713487324316
2018-07-25 00:27:00,0.1746786122081403
2018-07-25 00:30:00,0.21146066454411994
2018-07-25 00:33:00,0.09366202000740032
2018-07-25 00:36:00,0.09242869502577378
2018-07-25 00:39:00,0.18510542448564138
2018-07-25 00:42:00,0.16438636371731263
2018-07-25 00:45:00,0.19954751366407208
2018-07-25 00:48:00,0.11019911620201128
2018-07-25 00:51:00,0.11304444549665504
2018-07-25 00:54:00,0.18682141423636267
2018-07-25 00:57:00,0.15928447210575314
2018-07-25 01:00:00,0.13819938100351692
2018-07-25 01:03:00,0.14091265805149078
2018-07-25 01:06:00,0.08994645874201979
2018-07-25 01:09:00,0.16715871518567837
2018-07-25 01:12:00,0.18113163594040316
2018-07-25 01:15:00,0.19905596377606116
2018-07-25 01:18:00,0.22062050731966565
2018-07-25 01:21:00,0.17972135067844874
2018-07-25 01:24:00,0.18072410008062434
2018-07-25 01:27:00,0.19978791798041584
2018-07-25 01:30:00,0.15855200354218368
2018-07-25 01:33:00,0.18394704070755097
2018-07-25 01:36:00,0.23572044079952548
2018-07-25 01:39:00,0.15611839331842248
2018-07-25 01:42:00,0.3096186071764464
2018-07-25 01:45:00,0.1623158010254997
2018-07-25 01:48:00,0.21025722980999717
2018-07-25 01:51:00,0.2701884142983886
2018-07-25 01:54:00,0.2605529393570123
2018-07-25 01:57:00,0.256099961790369
2018-07-25 02:00:00,0.2665585416092995
2018-07-25 02:03:00,0.21704636823398005
2018-07-25 02:06:00,0.22984093096977176
2018-07-25 02:09:00,0.23766969680002603
2018-07-25 02:12:00,0.18834518313298076
2018-07-25 02:15:00,0.23331694705842665
2018-07-25 02:18:00,0.24520072763760936
2018-07-25 02:21:00,0.2328424235323041
2018-07-25 02:24:00,0.30029701675937304
2018-07-25 02:27:00,0.2403396929455539
2018-07-25 02:30:00,0.15870971599542827
2018-07-25 02:33:00,0.28608751634800456
2018-07-25 02:36:00,0.22084872543484835
2018-07-25 02:39:00,0.2655290714534999
2018-07-25 02:42:00,0.3038092853824992
2018-07-25 02:45:00,0.2994232099253509
2018-07-25 02:48:00,0.3314245293210547
2018-07-25 02:51:00,0.3130203863953511
2018-07-25 02:54:00,0.28336391478984524
2018-07-25 02:57:00,0.26034037335517723
2018-07-25 03:00:00,0.2585064433168327
2018-07-25 03:03:00,0.18477004147717935
2018-07-25 03:06:00,0.2022741828864696
2018-07-25 03:09:00,0.10143103886650806
2018-07-25 03:12:00,0.14121780617398372
2018-07-25 03:15:00,0.23194380983761675
2018-07-25 03:18:00,0.15870755380183255
2018-07-25 03:21:00,0.1472934551109688
2018-07-25 03:24:00,0.14009633159082568
2018-07-25 03:27:00,0.10577645098436506
2018-07-25 03:30:00,0.09366468517873727
2018-07-25 03:33:00,0.13003653562691397
2018-07-25 03:36:00,0.14553048832885906
2018-07-25 03:39:00,0.16493103070962434
2018-07-25 03:42:00,0.19561886477572443
2018-07-25 03:45:00,0.2221110994652804
2018-07-25 03:48:00,0.12513757428962435
2018-07-25 03:51:00,0.20488404940311966
2018-07-25 03:54:00,0.28413185995498225
2018-07-25 03:57:00,0.30539000127390636
2018-07-25 04:00:00,0.15644283111782897
2018-07-25 04:03:00,0.19635563174546178
2018-07-25 04:06:00,0.26457136908385337
2018-07-25 04:09:00,0.23402275436922082
2018-07-25 04:12:00,0.30366148146976
2018-07-25 04:15:00,0.20354784340696597
2018-07-25 04:18:00,0.25154348260292636
2018-07-25 04:21:00,0.25172584561585154
2018-07-25 04:24:00,0.12656708105168946
2018-07-25 04:27:00,0.2594703498144213
2018-07-25 04:30:00,0.21038306646840965
2018-07-25 04:33:00,0.2714944269040416
2018-07-25 04:36:00,0.26307341204164914
2018-07-25 04:39:00,0.26217991484600134
2018-07-25 04:42:00,0.2461022891278617
2018-07-25 04:45:00,0.2393705168930751
2018-07-25 04:48:00,0.3466535732435432
2018-07-25 04:51:00,0.3108029956954397
2018-07-25 04:54:00,0.31021862169330916
2018-07-25 04:57:00,0.3400002800769357
2018-07-25 05:00:00,0.36283728893732814
2018-07-25 05:03:00,0.3186631525411485
2018-07-25 05:06:00,0.3154257133940064
2018-07-25 05:09:00,0.29885774466703197
2018-07-25 05:12:00,0.3756210583129018
2018-07-25 05:15:00,0.32806635857497213
2018-07-25 05:18:00,0.3093907414370278
2018-07-25 05:21:00,0.319506136346547
2018-07-25 05:24:00,0.28096371091277206
2018-07-25 05:27:00,0.28222439656036613
2018-07-25 05:30:00,0.3195893217737762
2018-07-25 05:33:00,0.3625526058120272
2018-07-25 05:36:00,0.33115898885768047
2018-07-25 05:39:00,0.42202835047652343
2018-07-25 05:42:00,0.35291629127453916
2018-07-25 05:45:00,0.33968826627000226
2018-07-25 05:48:00,0.32203993249862606
2018-07-25 05:51:00,0.32978496775899657
2018-07-25 05:54:00,0.33161710345729034
2018-07-25 05:57:00,0.36089718091119494
2018-07-25 06:00:00,0.3700491412182032
2018-07-25 06:03:00,0.40338737228739774
2018-07-25 06:06:00,0.4181189239543528
2018-07-25 06:09:00,0.4104696903673357
2018-07-25 06:12:00,0.352385514344121
2018-07-25 06:15:00,0.45500924783618757
2018-07-25 06:18:00,0.48595244388877745
2018-07-25 06:21:00,0.4206223203840409
2018-07-25 06:24:00,0.36558553737620514
2018-07-25 06:27:00,0.3836864710468717
2018-07-25 06:30:00,0.4481722816827869
2018-07-25 06:33:00,0.3527691370172761
2018-07-25 06:36:00,0.3727559347508418
2018-07-25 06:39:00,0.28546685697864405
2018-07-25 06:42:00,0.3303979598690603
2018-07-25 06:45:00,0.31712865151928327
2018-07-25 06:48:00,0.2699518087384263
2018-07-25 06:51:00,0.43151074607283135
2018-07-25 06:54:00,0.3087490364684413
2018-07-25 06:57:00,0.22594989795533138
2018-07-25 07:00:00,0.3672605937446747
2018-07-25 07:03:00,0.3018401093942771
2018-07-25 07:06:00,0.30248381302499183
2018-07-25 07:09:00,0.28078379958350297
2018-07-25 07:12:00,0.35838341136889085
2018-07-25 07:15:00,0.35356873076602824
2018-07-25 07:18:00,0.3398793317381319
2018-07-25 07:21:00,0.30689008850288246
2018-07-25 07:24:00,0.30104294625522243
2018-07-25 07:27:00,0.21653982587400833
2018-07-25 07:30:00,0.321950030111509
2018-07-25 07:33:00,0.3128507675776291
2018-07-25 07:36:00,0.24898043977430007
2018-07-25 07:39:00,0.14953224186382386
2018-07-25 07:42:00,0.22208586531922947
2018-07-25 07:45:00,0.18861949860081495
2018-07-25 07:48:00,0.06320629338136996
2018-07-25 07:51:00,0.06847917694875605
2018-07-25 07:54:00,0.06239240280785907
2018-07-25 07:57:00,0.1032756539701154
2018-07-25 08:00:00,0.04426784433951525
2018-07-25 08:03:00,0.006671329037374107
2018-07-25 08:06:00,0.17776115691827954
2018-07-25 08:09:00,0.009862880272294205
2018-07-25 08:12:00,0.14511970132957686
2018-07-25 08:15:00,0.06422713960290594
2018-07-25 08:18:00,0.10031383008788453
2018-07-25 08:21:00,0.10372909756307536
2018-07-25 08:24:00,0.04756276984005581
2018-07-25 08:27:00,0.11538102557585717
2018-07-25 08:30:00,0.11082109358773096
2018-07-25 08:33:00,0.19160948850532122
2018-07-25 08:36:00,0.035172675176966095
2018-07-25 08:39:00,0.10957197626368043
2018-07-25 08:42:00,0.08011759859221002
2018-07-25 08:45:00,0.018362600126806683
2018-07-25 08:48:00,0.1334657795295584
2018-07-25 08:51:00,0.047472643878847975
2018-07-25 08:54:00,0.11109438898893131
2018-07-25 08:57:00,0.055061250345261215
2018-07-25 09:00:00,0.07161862518995576
2018-07-25 09:03:00,0.07414502663817757
2018-07-25 09:06:00,0.10314147788790251
2018-07-25 09:09:00,0.07123226133683147
2018-07-25 09:12:00,0.016686950624659858
2018-07-25 09:15:00,0.10627283531374587
2018-07-25 09:18:00,0.06999809407966495
2018-07-25 09:21:00,0.1441083215273693
2018-07-25 09:24:00,0.03586030517379868
2018-07-25 09:27:00,-0.027838846569807174
2018-07-25 09:30:00,0.06719019848219432
2018-07-25 09:33:00,0.19600381592840677
2018-07-25 09:36:00,0.04814107019279845
2018-07-25 09:39:00,-0.03165581768615766
2018-07-25 09:42:00,0.074608725933615
2018-07-25 09:45:00,0.014860915156759802
2018-07-25 09:48:00,0.04865297139525637
2018-07-25 09:51:00,-0.10712491285499937
2018-07-25 09:54:00,-0.05921067633272514
2018-07-25 09:57:00,-0.12988204600691233
2018-07-25 10:00:00,0.052536960481688766
2018-07-25 10:03:00,0.004839281092301917
2018-07-25 10:06:00,-0.05594491273126323
2018-07-25 10:09:00,-0.04117531057619317
2018-07-25 10:12:00,-0.09720816596222903
2018-07-25 10:15:00,-0.07788762979635067
2018-07-25 10:18:00,-0.15143235722018744
2018-07-25 10:21:00,-0.04196267270407361
2018-07-25 10:24:00,-0.1508927337877708
2018-07-25 10:27:00,-0.17386070615719973
2018-07-25 10:30:00,-0.08978026231307012
2018-07-25 10:33:00,-0.06591975271715
2018-07-25 10:36:00,-0.02400208933823933
2018-07-25 10:39:00,-0.18600909423150824
2018-07-25 10:42:00,-0.1138056538027854
2018-07-25 10:45:00,-0.13651630710540985
2018-07-25 10:48:00,-0.11324268084388223
2018-07-25 10:51:00,-0.0612294903082784
2018-07-25 10:54:00,0.024542833592761326
2018-07-25 10:57:00,-0.10052527447214743
2018-07-25 11:00:00,-0.1991875954561806
2018-07-25 11:03:00,-0.147849581016942
2018-07-25 11:06:00,-0.17518056115039826
2018-07-25 11:09:00,-0.19753646842059425
2018-07-25 11:12:00,-0.07585850521621751
2018-07-25 11:15:00,-0.1903582343232415
2018-07-25 11:18:00,-0.17099306786008128
2018-07-25 11:21:00,-0.24974405390946686
2018-07-25 11:24:00,-0.1502186390641782
2018-07-25 11:27:00,-0.18755363987008877
2018-07-25 11:30:00,-0.22632161140688822
2018-07-25 11:33:00,-0.3065855065840424
2018-07-25 11:36:00,-0.29192810703460736
2018-07-25 11:39:00,-0.12906709327302224
2018-07-25 11:42:00,-0.20095913119416764
2018-07-25 11:45:00,-0.2288886023663963
2018-07-25 11:48:00,-0.32366220592854233
2018-07-25 11:51:00,-0.2035868659274911
2018-07-25 11:54:00,-0.31477795783968077
2018-07-25 11:57:00,-0.26871567225430226
2018-07-25 12:00:00,-0.1715762647239103
2018-07-25 12:03:00,-0.25592059418744384
2018-07-25 12:06:00,-0.3353981820366698
2018-07-25 12:09:00,-0.3024259785025265
2018-07-25 12:12:00,-0.3646248176183917
2018-07-25 12:15:00,-0.22260949798203455
2018-07-25 12:18:00,-0.332180868250191
2018-07-25 12:21:00,-0.40398306462384426
2018-07-25 12:24:00,-0.3270576910633167
2018-07-25 12:27:00,-0.3121786124458481
2018-07-25 12:30:00,-0.2594637045797299
2018-07-25 12:33:00,-0.391387024752305
2018-07-25 12:36:00,-0.3125334435027298
2018-07-25 12:39:00,-0.41084126607756843
2018-07-25 12:42:00,-0.3217546611022044
2018-07-25 12:45:00,-0.3209612814678735
2018-07-25 12:48:00,-0.4616706977836884
2018-07-25 12:51:00,-0.4068189743377957
2018-07-25 12:54:00,-0.39205901248516284
2018-07-25 12:57:00,-0.3731810082278457
2018-07-25 13:00:00,-0.32272019704168997
2018-07-25 13:03:00,-0.34438152151375334
2018-07-25 13:06:00,-0.374047521472221
2018-07-25 13:09:00,-0.3605018767576098
2018-07-25 13:12:00,-0.5106017415717474
2018-07-25 13:15:00,-0.46078304883241117
2018-07-25 13:18:00,-0.45489489595689747
2018-07-25 13:21:00,-0.4997958224209924
2018-07-25 13:24:00,-0.5392794842398985
2018-07-25 13:27:00,-0.4850877342687454
2018-07-25 13:30:00,-0.27911770536042013
2018-07-25 13:33:00,-0.5325927427127795
2018-07-25 13:36:00,-0.38281508886899474
2018-07-25 13:39:00,-0.4425104751812796
2018-07-25 13:42:00,-0.4871571011202036
2018-07-25 13:45:00,-0.5136798318591218
2018-07-25 13:48:00,-0.4447471233926308
2018-07-25 13:51:00,-0.4392901376845657
2018-07-25 13:54:00,-0.49249827920732514
2018-07-25 13:57:00,-0.5339032241071209
2018-07-25 14:00:00,-0.47441302888699965
2018-07-25 14:03:00,-0.5988972989093782
2018-07-25 14:06:00,-0.46009383578950747
2018-07-25 14:09:00,-0.4738474655803202
2018-07-25 14:12:00,-0.429988894841415
2018-07-25 14:15:00,-0.5636687578469832
2018-07-25 14:18:00,-0.5707590216348422
2018-07-25 14:21:00,-0.5709111651393073
2018-07-25 14:24:00,-0.5000663440117705
2018-07-25 14:27:00,-0.5117684260499686
2018-07-25 14:30:00,-0.5313648857434714
2018-07-25 14:33:00,-0.5495469409125917
2018-07-25 14:36:00,-0.4719164108645373
2018-07-25 14:39:00,-0.48466863261216986
2018-07-25 14:42:00,-0.5462753087820147
2018-07-25 14:45:00,-0.6074822789261702
2018-07-25 14:48:00,-0.6795824333782434
2018-07-25 14:51:00,-0.6484635870980924
2018-07-25 14:54:00,-0.5336914696072768
2018-07-25 14:57:00,-0.6091984314428487
2018-07-25 15:00:00,-0.6299279853280382
2018-07-25 15:03:00,-0.4185666217030075
2018-07-25 15:06:00,-0.45819128594183667
2018-07-25 15:09:00,-0.45741821861128074
2018-07-25 15:12:00,-0.6642165007042422
2018-07-25 15:15:00,-0.62422438680818
2018-07-25 15:18:00,-0.5743087956647059
2018-07-25 15:21:00,-0.6467397893552516
2018-07-25 15:24:00,-0.5127707985682264
2018-07-25 15:27:00,-0.5671438784535212
2018-07-25 15:30:00,-0.5559472947622908
2018-07-25 15:33:00,-0.6107164550015227
2018-07-25 15:36:00,-0.4835476293395118
2018-07-25 15:39:00,-0.47350290910833337
2018-07-25 15:42:00,-0.586487938825087
2018-07-25 15:45:00,-0.6059318270572476
2018-07-25 15:48:00,-0.5628578536327495
2018-07-25 15:51:00,-0.5794945469473305
2018-07-25 15:54:00,-0.5736140525247606
2018-07-25 15:57:00,-0.5056037571321212
2018-07-25 16:00:00,-0.5613555951114222
2018-07-25 16:03:00,-0.5693552000361137
2018-07-25 16:06:00,-0.5736559314644296
2018-07-25 16:09:00,-0.5315954372501324
2018-07-25 16:12:00,-0.4959507781751995
2018-07-25 16:15:00,-0.574770376855497
2018-07-25 16:18:00,-0.6021531253135777
2018-07-25 16:21:00,-0.42871030097677476
2018-07-25 16:24:00,-0.5324115714541904
2018-07-25 16:27:00,-0.5980841117180375
2018-07-25 16:30:00,-0.5462406380437415
2018-07-25 16:33:00,-0.6489574606405313
2018-07-25 16:36:00,-0.5842266745908091
2018-07-25 16:39:00,-0.5779192588062187
2018-07-25 16:42:00,-0.6354804219041625
2018-07-25 16:45:00,-0.5591921020259178
2018-07-25 16:48:00,-0.5762668600446545
2018-07-25 16:51:00,-0.43061584655345087
2018-07-25 16:54:00,-0.4644407308565519
2018-07-25 16:57:00,-0.46923225754744635
2018-07-25 17:00:00,-0.4777964203863121
2018-07-25 17:03:00,-0.43060668886550957
2018-07-25 17:06:00,-0.5914131976909403
2018-07-25 17:09:00,-0.5189711708669051
2018-07-25 17:12:00,-0.47332549561548376
2018-07-25 17:15:00,-0.44510922314645995
2018-07-25 17:18:00,-0.42399189143327476
2018-07-25 17:21:00,-0.46879427982787547
2018-07-25 17:24:00,-0.4593986335133877
2018-07-25 17:27:00,-0.49524787338572196
2018-07-25 17:30:00,-0.4952263493368605
2018-07-25 17:33:00,-0.4763923193675623
2018-07-25 17:36:00,-0.4382843222861652
2018-07-25 17:39:00,-0.4542499278231844
2018-07-25 17:42:00,-0.40878730239683136
2018-07-25 17:45:00,-0.39547721467243946
2018-07-25 17:48:00,-0.3205431498350322
2018-07-25 17:51:00,-0.4060482654791713
2018-07-25 17:54:00,-0.3615828707040123
2018-07-25 17:57:00,-0.3807652539320543
2018-07-25 18:00:00,-0.3019946320196709
2018-07-25 18:03:00,-0.28067675602494546
2018-07-25 18:06:00,-0.3639413342566513
2018-07-25 18:09:00,-0.3232300841100937
2018-07-25 18:12:00,-0.2951483364075216
2018-07-25 18:15:00,-0.3013079294444765
2018-07-25 18:18:00,-0.30058839579822916
2018-07-25 18:21:00,-0.24079973512772312
2018-07-25 18:24:00,-0.2160143864941233
2018-07-25 18:27:00,-0.30047722761503337
2018-07-25 18:30:00,-0.3267433690276107
2018-07-25 18:33:00,-0.3487937314153555
2018-07-25 18:36:00,-0.31052497408654745
2018-07-25 18:39:00,-0.21483593153817537
2018-07-25 18:42:00,-0.29098560496089476
2018-07-25 18:45:00,-0.2504493405515973
2018-07-25 18:48:00,-0.25140374683672917
2018-07-25 18:51:00,-0.1989230120314005
2018-07-25 18:54:00,
2018-07-25 18:57:00,
2018-07-25 19:00:00,
2018-07-25 19:03:00,-0.22354110721948928
2018-07-25 19:06:00,-0.3055709861067726
2018-07-25 19:09:00,-0.28016612202020497
2018-07-25 19:12:00,-0.3097385086003328
2018-07-25 19:15:00,-0.2850457370678896
2018-07-25 19:18:00,-0.24619068900085495
2018-07-25 19:21:00,-0.23866960616010147
2018-07-25 19:24:00,-0.31548973491999277
2018-07-25 19:27:00,-0.28498183460453674
2018-07-25 19:30:00,-0.38305058652679236
2018-07-25 19:33:00,-0.24694442052816612
2018-07-25 19:36:00,-0.19532944032522437
2018-07-25 19:39:00,-0.37981938190375786
2018-07-25 19:42:00,-0.20404802722651993
2018-07-25 19:45:00,-0.2954422422878338
2018-07-25 19:48:00,-0.3380264580941912
2018-07-25 19:51:00,-0.4166253675517737
2018-07-25 19:54:00,-0.23581441395373304
2018-07-25 19:57:00,-0.33712542731325357
2018-07-25 20:00:00,-0.28126710489749485
2018-07-25 20:03:00,-0.2909502186467421
2018-07-25 20:06:00,-0.2643193970294533
2018-07-25 20:09:00,-0.31546998291895534
2018-07-25 20:12:00,-0.27927369507699495
2018-07-25 20:15:00,-0.18327780820271755
2018-07-25 20:18:00,-0.11164188945610931
2018-07-25 20:21:00,-0.17164360891075603
2018-07-25 20:24:00,-0.20639450201002774
2018-07-25 20:27:00,-0.21234147793859393
2018-07-25 20:30:00,-0.11045033526909265
2018-07-25 20:33:00,-0.12755108167937124
2018-07-25 20:36:00,-0.063596660742121
2018-07-25 20:39:00,-0.10703574126870308
2018-07-25 20:42:00,-0.13019093961679573
2018-07-25 20:45:00,-0.05604904705080571
2018-07-25 20:48:00,0.06180094727727692
2018-07-25 20:51:00,-0.007111347436591586
2018-07-25 20:54:00,0.02391868683747589
2018-07-25 20:57:00,-0.1009463488043707
2018-07-25 21:00:00,-0.10514412294901376
2018-07-25 21:03:00,0.023403299140170475
2018-07-25 21:06:00,-0.022973857340275572
2018-07-25 21:09:00,-0.04510229271016897
2018-07-25 21:12:00,0.0026469289798001228
2018-07-25 21:15:00,-0.06158804239652227
2018-07-25 21:18:00,-0.08215331841773832
2018-07-25 21:21:00,-0.008750730287601982
2018-07-25 21:24:00,0.004481769658184476
2018-07-25 21:27:00,-0.0962900914759075
2018-07-25 21:30:00,-0.023913011352760805
2018-07-25 21:33:00,-0.06639905573439364
2018-07-25 21:36:00,-0.18262290807888348
2018-07-25 21:39:00,-0.09794797136180478
2018-07-25 21:42:00,-0.07850622804465957
2018-07-25 21:45:00,-0.07384353714843428
2018-07-25 21:48:00,-0.09182453142943814
2018-07-25 21:51:00,-0.0757545057328457
2018-07-25 21:54:00,-0.08030202146932197
2018-07-25 21:57:00,0.0036398313218910516
2018-07-25 22:00:00,-0.008648451539613689
2018-07-25 22:03:00,-0.012598335378527281
2018-07-25 22:06:00,-0.05293644969697198
2018-07-25 22:09:00,-0.07915927890587682
2018-07-25 22:12:00,-0.07169858643999305
2018-07-25 22:15:00,-0.08483249984442409
2018-07-25 22:18:00,-0.028206101032196784
2018-07-25 22:21:00,-0.04348218560988926
2018-07-25 22:24:00,0.0008304394844458329
2018-07-25 22:27:00,-0.05564696483298803
2018-07-25 22:30:00,-0.03956944238490223
2018-07-25 22:33:00,-0.05409789725047176
2018-07-25 22:36:00,-0.06704453633278717
2018-07-25 22:39:00,-0.06539655471289052
2018-07-25 22:42:00,-0.013537072146220908
2018-07-25 22:45:00,-0.039855315257284474
2018-07-25 22:48:00,-0.061253066184519867
2018-07-25 22:51:00,-0.07365220855405141
2018-07-25 22:54:00,-0.042062205916522544
2018-07-25 22:57:00,-0.11536959783029488
2018-07-25 23:00:00,-0.1140735472980623
2018-07-25 23:03:00,-0.13757981354746107
2018-07-25 23:06:00,-0.018823632510873267
2018-07-25 23:09:00,-0.0480223875529191
2018-07-25 23:12:00,-0.08503754128093988
2018-07-25 23:15:00,0.01474866444698364
2018-07-25 23:18:00,-0.06841112278726769
2018-07-25 23:21:00,-0.057281042054682985
2018-07-25 23:24:00,0.01674111122792965
2018-07-25 23:27:00,-0.10294640731444815
2018-07-25 23:30:00,0.0796659852776429
2018-07-25 23:33:00,-0.06318601558643877
2018-07-25 23:36:00,-0.06643902493567566
2018-07-25 23:39:00,0.016875794383679477
2018-07-25 23:42:00,-0.047007661779161936
2018-07-25 23:45:00,0.0036190692528066393
2018-07-25 23:48:00,-0.09901149075011517
2018-07-25 23:51:00,0.03609719814824075
2018-07-25 23:54:00,0.028320025547031946
2018-07-25 23:57:00,-0.036079970764774316
2018-07-26 00:00:00,-0.07681191207416305
2018-07-26 00:03:00,-0.08783840234281115
2018-07-26 00:06:00,-0.030250644849218133
2018-07-26 00:09:00,-0.0818717587275728
2018-07-26 00:12:00,-0.1041357731051562
2018-07-26 00:15:00,-0.11101995813243093
2018-07-26 00:18:00,-0.07577299762141365
2018-07-26 00:21:00,-0.04834737174729753
2018-07-26 00:24:00,-0.12120620722492959
2018-07-26 00:27:00,-0.1400188930455215
2018-07-26 00:30:00,-0.12161736410041613
2018-07-26 00:33:00,-0.035762565459492635
2018-07-26 00:36:00,-0.023819291658924158
2018-07-26 00:39:00,-0.03700024521265277
2018-07-26 00:42:00,-0.028116962684464397
2018-07-26 00:45:00,-0.004362238463841095
2018-07-26 00:48:00,0.017861278886016407
2018-07-26 00:51:00,0.053623386736887824
2018-07-26 00:54:00,-0.023664754744515903
2018-07-26 00:57:00,0.0003837826838548608
2018-07-26 01:00:00,0.04491415043827374
2018-07-26 01:03:00,0.02551463443450075
2018-07-26 01:06:00,0.01716007766663097
2018-07-26 01:09:00,0.11849644484436794
2018-07-26 01:12:00,-0.0565709445338598
2018-07-26 01:15:00,-0.09199180647578942
2018-07-26 01:18:00,-0.09929208647110954
2018-07-26 01:21:00,0.07301223346416919
2018-07-26 01:24:00,-0.04327033048070916
2018-07-26 01:27:00,0.01714465211279048
2018-07-26 01:30:00,-0.021365904115839385
2018-07-26 01:33:00,0.010596815053759201
2018-07-26 01:36:00,-0.011151153519961099
2018-07-26 01:39:00,-0.0024812731167571656
2018-07-26 01:42:00,-0.09049631857288887
2018-07-26 01:45:00,0.036667220472679674
2018-07-26 01:48:00,-0.1021971750686248
2018-07-26 01:51:00,-0.012080945446768965
2018-07-26 01:54:00,-0.03202353577324857
2018-07-26 01:57:00,0.018318710308903974
2018-07-26 02:00:00,-0.007790031809918219
2018-07-26 02:03:00,-0.05224181815333395
2018-07-26 02:06:00,0.017185507959311508
2018-07-26 02:09:00,0.08315377463674167
2018-07-26 02:12:00,-0.05786312639480684
2018-07-26 02:15:00,0.026004708379844033
2018-07-26 02:18:00,0.03858943314531871
2018-07-26 02:21:00,0.007830764800814904
2018-07-26 02:24:00,-0.01428488518723725
2018-07-26 02:27:00,0.10065774507279457
2018-07-26 02:30:00,0.033343177230392484
2018-07-26 02:33:00,0.03423764926139938
2018-07-26 02:36:00,0.11093863483284849
2018-07-26 02:39:00,0.10055354324248356
2018-07-26 02:42:00,0.043742310510651805
2018-07-26 02:45:00,0.019605170497925428
2018-07-26 02:48:00,0.10589256107948586
2018-07-26 02:51:00,0.10357798365538429
2018-07-26 02:54:00,0.05570409391549447
2018-07-26 02:57:00,0.03707446825762872
2018-07-26 03:00:00,0.09534431673631616
2018-07-26 03:03:00,0.05119002417734464
2018-07-26 03:06:00,0.14026122808655828
2018-07-26 03:09:00,0.03242728022723895
2018-07-26 03:12:00,-0.02570339785631859
2018-07-26 03:15:00,0.07899308373657732
2018-07-26 03:18:00,0.12127085509706603
2018-07-26 03:21:00,0.1423226230924115
2018-07-26 03:24:00,0.05270846957989761
2018-07-26 03:27:00,0.1556178773355441
2018-07-26 03:30:00,0.12671222129671378
2018-07-26 03:33:00,0.1747035057558719
2018-07-26 03:36:00,0.15797782592727572
2018-07-26 03:39:00,0.032881964465218516
2018-07-26 03:42:00,0.09138561006358259
2018-07-26 03:45:00,0.10623421986315407
2018-07-26 03:48:00,0.14688533888028132
2018-07-26 03:51:00,0.10431052434046251
2018-07-26 03:54:00,0.11961174106386352
2018-07-26 03:57:00,0.17959829415542572
2018-07-26 04:00:00,0.02359309106333285
2018-07-26 04:03:00,0.01837737413711693
2018-07-26 04:06:00,0.05477322037080512
2018-07-26 04:09:00,0.0942259624529811
2018-07-26 04:12:00,0.003899458791181587
2018-07-26 04:15:00,0.0756005693718862
2018-07-26 04:18:00,0.04394743827589309
2018-07-26 04:21:00,0.19300666025640112
2018-07-26 04:24:00,0.10321054881802638
2018-07-26 04:27:00,0.05063105674958024
2018-07-26 04:30:00,0.03203179474940043
2018-07-26 04:33:00,0.026531250151037966
2018-07-26 04:36:00,0.004133474872389797
2018-07-26 04:39:00,0.0441092320683083
2018-07-26 04:42:00,0.09813980569720115
2018-07-26 04:45:00,0.04794004062557633
2018-07-26 04:48:00,-0.027925514792912054
2018-07-26 04:51:00,-0.016653152949061223
2018-07-26 04:54:00,-0.032866282677218805
2018-07-26 04:57:00,0.06332544371730364
2018-07-26 05:00:00,-0.03509202818480617
2018-07-26 05:03:00,0.03148456257821408
2018-07-26 05:06:00,0.03223095833578782
2018-07-26 05:09:00,-0.041077837741056555
2018-07-26 05:12:00,-0.03304892872046139
2018-07-26 05:15:00,0.09492920053833132
2018-07-26 05:18:00,0.03126028051178764
2018-07-26 05:21:00,0.07357391193198737
2018-07-26 05:24:00,0.05505224177545642
2018-07-26 05:27:00,0.08863263197190463
2018-07-26 05:30:00,0.09103997522475993
2018-07-26 05:33:00,0.0821246957840458
2018-07-26 05:36:00,0.08874390508736951
2018-07-26 05:39:00,0.0772801535670169
2018-07-26 05:42:00,-0.004403703959496852
2018-07-26 05:45:00,0.056658501030199204
2018-07-26 05:48:00,0.09115604090374063
2018-07-26 05:51:00,0.02942549608246736
2018-07-26 05:54:00,0.13037121401958984
2018-07-26 05:57:00,0.11071948344516613
2018-07-26 06:00:00,0.1536369426430042
2018-07-26 06:03:00,0.1682117563800034
2018-07-26 06:06:00,0.13965565107122302
2018-07-26 06:09:00,0.1190307556110497
2018-07-26 06:12:00,0.16803056850250186
2018-07-26 06:15:00,0.12686659024251412
2018-07-26 06:18:00,0.17745445129332893
2018-07-26 06:21:00,0.25062685615955616
2018-07-26 06:24:00,0.13690438983712738
2018-07-26 06:27:00,0.20889028199445647
2018-07-26 06:30:00,0.16533046559067088
2018-07-26 06:33:00,0.15402061522354416
2018-07-26 06:36:00,0.162641572274822
2018-07-26 06:39:00,0.19692873748533657
2018-07-26 06:42:00,0.18731880212845908
2018-07-26 06:45:00,0.30787657407267943
2018-07-26 06:48:00,0.1822466033221417
2018-07-26 06:51:00,0.1837904961899426
2018-07-26 06:54:00,0.26014714923201154
2018-07-26 06:57:00,0.18158119598604117
2018-07-26 07:00:00,0.23001983308154195
2018-07-26 07:03:00,0.2830236721540018
2018-07-26 07:06:00,0.22554271934018288
2018-07-26 07:09:00,0.21140729980140804
2018-07-26 07:12:00,0.25648687325542596
2018-07-26 07:15:00,0.1988804512766933
2018-07-26 07:18:00,0.20179816588949961
2018-07-26 07:21:00,0.15300844691614657
2018-07-26 07:24:00,0.1665647831259207
2018-07-26 07:27:00,0.09931983945546108
2018-07-26 07:30:00,0.23468446436567092
2018-07-26 07:33:00,0.1837784616504905
2018-07-26 07:36:00,0.21695527385270452
2018-07-26 07:39:00,0.19420739639804196
2018-07-26 07:42:00,0.1591051757156947
2018-07-26 07:45:00,0.20338092321907197
2018-07-26 07:48:00,0.02955284607747899
2018-07-26 07:51:00,0.2135306364104963
2018-07-26 07:54:00,0.2547103446487995
2018-07-26 07:57:00,0.13683585408654153
2018-07-26 08:00:00,0.1455839816692901
2018-07-26 08:03:00,0.12275699980079935
2018-07-26 08:06:00,0.19250367229483345
2018-07-26 08:09:00,0.14112752775253057
2018-07-26 08:12:00,0.17121196455360632
2018-07-26 08:15:00,0.13802353350774865
2018-07-26 08:18:00,0.10254731814325169
2018-07-26 08:21:00,0.09725961186336463
2018-07-26 08:24:00,0.1399201122291629
2018-07-26 08:27:00,0.12130769562810428
2018-07-26 08:30:00,0.11346990667408363
2018-07-26 08:33:00,0.1260113131760363
2018-07-26 08:36:00,0.05138030390048698
2018-07-26 08:39:00,0.040675438048026535
2018-07-26 08:42:00,0.07955828220218564
2018-07-26 08:45:00,0.053768040512125026
2018-07-26 08:48:00,0.0466251275224181
2018-07-26 08:51:00,-0.13098536079951373
2018-07-26 08:54:00,0.003229317955742772
2018-07-26 08:57:00,0.12857496041152672
2018-07-26 09:00:00,0.055958118346779884
2018-07-26 09:03:00,-0.023692987413312494
2018-07-26 09:06:00,-0.00861722803443854
2018-07-26 09:09:00,-0.031562173532165616
2018-07-26 09:12:00,-0.13442371049427493
2018-07-26 09:15:00,-0.13527907523757676
2018-07-26 09:18:00,-0.051798561946725385
2018-07-26 09:21:00,0.030122695934551302
2018-07-26 09:24:00,-0.08472033133853074
2018-07-26 09:27:00,-0.11162468263671599
2018-07-26 09:30:00,-0.12214603437689675
2018-07-26 09:33:00,-0.1746700787747386
2018-07-26 09:36:00,-0.07562853528145297
2018-07-26 09:39:00,-0.10703344515405888
2018-07-26 09:42:00,-0.10932768488680722
2018-07-26 09:45:00,-0.05804723779993992
2018-07-26 09:48:00,-0.18046175251356544
2018-07-26 09:51:00,-0.1361348884007043
2018-07-26 09:54:00,-0.12637699220323384
2018-07-26 09:57:00,-0.19359108694538918
2018-07-26 10:00:00,-0.11569570577779587
2018-07-26 10:03:00,-0.21984762237644873
2018-07-26 10:06:00,-0.19099189955545626
2018-07-26 10:09:00,-0.32364741009689624
2018-07-26 10:12:00,-0.14775779232121522
2018-07-26 10:15:00,-0.23041121148003185
2018-07-26 10:18:00,-0.2434127756662292
2018-07-26 10:21:00,-0.21185514995238464
2018-07-26 10:24:00,-0.07219019535608595
2018-07-26 10:27:00,-0.16879235218937083
2018-07-26 10:30:00,-0.24296986508528562
2018-07-26 10:33:00,-0.2613833919733679
2018-07-26 10:36:00,-0.2140562621290769
2018-07-26 10:39:00,-0.344614841417922
2018-07-26 10:42:00,-0.21901493952526607
2018-07-26 10:45:00,-0.2686392318603339
2018-07-26 10:48:00,-0.3042617763771318
2018-07-26 10:51:00,-0.24561574709991874
2018-07-26 10:54:00,-0.25361699572516727
2018-07-26 10:57:00,-0.21335064597354858
2018-07-26 11:00:00,-0.3447862676426894
2018-07-26 11:03:00,-0.22923828760821152
2018-07-26 11:06:00,-0.18259564461180844
2018-07-26 11:09:00,-0.3422840651703041
2018-07-26 11:12:00,-0.30655566252499966
2018-07-26 11:15:00,-0.34976375080623257
2018-07-26 11:18:00,-0.3055204520067605
2018-07-26 11:21:00,-0.28167980559862826
2018-07-26 11:24:00,-0.284159552311678
2018-07-26 11:27:00,-0.34057941058398455
2018-07-26 11:30:00,-0.21645737964416867
2018-07-26 11:33:00,-0.25264185285465146
2018-07-26 11:36:00,-0.21636788251805683
2018-07-26 11:39:00,-0.0818563916575954
2018-07-26 11:42:00,-0.26792543577641936
2018-07-26 11:45:00,-0.24620043948732473
2018-07-26 11:48:00,0.02709358449692445
2018-07-26 11:51:00,-0.03538747496037331
2018-07-26 11:54:00,-0.13684812754303266
2018-07-26 11:57:00,-0.030526340696781062
2018-07-26 12:00:00,0.10468819943628205
2018-07-26 12:03:00,0.07971960715684645
2018-07-26 12:06:00,0.07928908620522179
2018-07-26 12:09:00,0.12657799124531266
2018-07-26 12:12:00,0.12141837074671002
2018-07-26 12:15:00,-0.009820997056749547
2018-07-26 12:18:00,-0.19765143801885188
2018-07-26 12:21:00,-0.25298757896257484
2018-07-26 12:24:00,-0.32575335584232334
2018-07-26 12:27:00,-0.42373838161313415
2018-07-26 12:30:00,-0.3317197156708289
2018-07-26 12:33:00,-0.2454247786966448
2018-07-26 12:36:00,-0.25784116975245297
2018-07-26 12:39:00,-0.1485457054204744
2018-07-26 12:42:00,0.0354111683907945
2018-07-26 12:45:00,-0.06809579183362757
2018-07-26 12:48:00,-0.2771938706977721
2018-07-26 12:51:00,-0.1614004016372519
2018-07-26 12:54:00,0.10354430673197612
2018-07-26 12:57:00,0.08890846886134796
2018-07-26 13:00:00,0.15596015824695542
2018-07-26 13:03:00,-0.19497672927622034
2018-07-26 13:06:00,0.07206271532021447
2018-07-26 13:09:00,0.00941321899773584
2018-07-26 13:12:00,0.2281510233459585
2018-07-26 13:15:00,0.3257108419783208
2018-07-26 13:18:00,0.3827962549804056
2018-07-26 13:21:00,0.3913305025956788
2018-07-26 13:24:00,0.5337757156169118
2018-07-26 13:27:00,0.5958932033533415
2018-07-26 13:30:00,0.6158340676922762
2018-07-26 13:33:00,0.5046173910365042
2018-07-26 13:36:00,0.46802921875996617
2018-07-26 13:39:00,0.38913955026742997
2018-07-26 13:42:00,0.14326602261007793
2018-07-26 13:45:00,0.08382083619477498
2018-07-26 13:48:00,0.24622305992193105
2018-07-26 13:51:00,0.37123644700994873
2018-07-26 13:54:00,0.6467957407946869
2018-07-26 13:57:00,0.4690254897244017
2018-07-26 14:00:00,0.3312891047797848
2018-07-26 14:03:00,0.2360776587578357
2018-07-26 14:06:00,0.5886471558041535
2018-07-26 14:09:00,0.25942740827719035
2018-07-26 14:12:00,0.3093417079923597
2018-07-26 14:15:00,0.4986609017910837
2018-07-26 14:18:00,0.40975781879518536
2018-07-26 14:21:00,0.2555437765744841
2018-07-26 14:24:00,0.30668628524978203
2018-07-26 14:27:00,0.2270767084748968
2018-07-26 14:30:00,0.19001119868875094
2018-07-26 14:33:00,0.21122432031296512
2018-07-26 14:36:00,0.45792349950136213
2018-07-26 14:39:00,0.2616078287387609
2018-07-26 14:42:00,0.06367625787038378
2018-07-26 14:45:00,0.03206110854631561
2018-07-26 14:48:00,0.31377530700734724
2018-07-26 14:51:00,0.2533484065643279
2018-07-26 14:54:00,0.5219725943357503
2018-07-26 14:57:00,0.47709850699027356
2018-07-26 15:00:00,0.35242100898727813
2018-07-26 15:03:00,0.22210161878257395
2018-07-26 15:06:00,0.5480679561824218
2018-07-26 15:09:00,0.30639020525836713
2018-07-26 15:12:00,0.144774366473996
2018-07-26 15:15:00,0.04535949972085973
2018-07-26 15:18:00,0.09661760853515489
2018-07-26 15:21:00,0.05985494425294746
2018-07-26 15:24:00,0.1035203539674967
2018-07-26 15:27:00,0.05043798109022646
2018-07-26 15:30:00,0.05526350307343364
2018-07-26 15:33:00,0.1378482358115889
2018-07-26 15:36:00,0.4099965227908342
2018-07-26 15:39:00,0.41786382965182156
2018-07-26 15:42:00,0.4612562159634308
2018-07-26 15:45:00,0.36779109738660054
2018-07-26 15:48:00,0.2122882232241068
2018-07-26 15:51:00,0.13134759875646296
2018-07-26 15:54:00,0.13543003052916447
2018-07-26 15:57:00,0.5873577985325369
2018-07-26 16:00:00,0.3273812170183419
2018-07-26 16:03:00,0.25143764267670576
2018-07-26 16:06:00,0.30356047424675126
2018-07-26 16:09:00,0.09105007493690209
2018-07-26 16:12:00,0.16459322517329156
2018-07-26 16:15:00,0.09862914681860957
2018-07-26 16:18:00,0.057697166817774814
2018-07-26 16:21:00,0.12643698302917983
2018-07-26 16:24:00,0.17074543098357253
2018-07-26 16:27:00,0.22799852126308906
2018-07-26 16:30:00,0.08411064426974235
2018-07-26 16:33:00,0.16263510080392507
2018-07-26 16:36:00,0.09411617189778099
2018-07-26 16:39:00,0.21572831208061416
2018-07-26 16:42:00,0.09809859610584226
2018-07-26 16:45:00,0.10069918113583753
2018-07-26 16:48:00,0.162851270051533
2018-07-26 16:51:00,0.08180707301272605
2018-07-26 16:54:00,0.04626217531341581
2018-07-26 16:57:00,-0.03585247870000785
2018-07-26 17:00:00,0.045302553308999904
2018-07-26 17:03:00,0.05559968185252728
2018-07-26 17:06:00,0.0582977366991031
2018-07-26 17:09:00,0.09969481044561235
2018-07-26 17:12:00,-0.007525946280225071
2018-07-26 17:15:00,0.03536945827653426
2018-07-26 17:18:00,0.07518265229964527
2018-07-26 17:21:00,0.3401738630286104
2018-07-26 17:24:00,0.23018672498182013
2018-07-26 17:27:00,0.1847568547838705
2018-07-26 17:30:00,0.2374811913728081
2018-07-26 17:33:00,0.3396522547278664
2018-07-26 17:36:00,0.37041476403470597
2018-07-26 17:39:00,0.25156871953589643
2018-07-26 17:42:00,0.33995860891394614
2018-07-26 17:45:00,0.40016437832986185
2018-07-26 17:48:00,0.25975454417653054
2018-07-26 17:51:00,0.581176280762179
2018-07-26 17:54:00,0.503212276820932
2018-07-26 17:57:00,0.3986414651952259
2018-07-26 18:00:00,0.5213517947607329
2018-07-26 18:03:00,0.5029972439710946
2018-07-26 18:06:00,0.3902977872166389
2018-07-26 18:09:00,0.528925946801678
2018-07-26 18:12:00,0.3925670903425953
2018-07-26 18:15:00,0.4649830539690356
2018-07-26 18:18:00,0.4444766124896091
2018-07-26 18:21:00,0.5821729385825734
2018-07-26 18:24:00,0.5850496127459905
2018-07-26 18:27:00,0.4954397583004493
2018-07-26 18:30:00,0.6155072713991103
2018-07-26 18:33:00,0.5659541882567964
2018-07-26 18:36:00,0.7203809487786543
2018-07-26 18:39:00,0.7877644301583473
2018-07-26 18:42:00,0.6228129913917542
2018-07-26 18:45:00,0.4585100262476658
2018-07-26 18:48:00,0.4626094583211966
2018-07-26 18:51:00,0.5042469754267245
2018-07-26 18:54:00,
2018-07-26 18:57:00,
2018-07-26 19:00:00,
2018-07-26 19:03:00,0.18789258474259896
2018-07-26 19:06:00,0.17116436805940793
2018-07-26 19:09:00,0.18490789393473506
2018-07-26 19:12:00,0.15840005845285532
2018-07-26 19:15:00,0.14929182194043733
2018-07-26 19:18:00,0.12655421754533336
2018-07-26 19:21:00,0.08131672405568224
2018-07-26 19:24:00,0.13917692419192917
2018-07-26 19:27:00,0.10429635536092974
2018-07-26 19:30:00,0.04646641422880293
2018-07-26 19:33:00,0.21509471902379573
2018-07-26 19:36:00,0.3544563223970272
2018-07-26 19:39:00,0.19644345489967918
2018-07-26 19:42:00,0.26487536035159565
2018-07-26 19:45:00,0.26298937500422426
2018-07-26 19:48:00,0.2971838344224693
2018-07-26 19:51:00,0.3489839142186497
2018-07-26 19:54:00,0.3184178217217095
2018-07-26 19:57:00,0.3113975632290362
2018-07-26 20:00:00,0.39709177188694866
2018-07-26 20:03:00,0.4418545118782049
2018-07-26 20:06:00,0.237579532057282
2018-07-26 20:09:00,0.24529384823773626
2018-07-26 20:12:00,0.17973420200581813
2018-07-26 20:15:00,0.3278121889901513
2018-07-26 20:18:00,0.16316907282305237
2018-07-26 20:21:00,0.281106634909122
2018-07-26 20:24:00,0.35926790613012827
2018-07-26 20:27:00,0.44611437208436655
2018-07-26 20:30:00,0.39098090465529367
2018-07-26 20:33:00,0.35666856714982487
2018-07-26 20:36:00,0.3833174412515632
2018-07-26 20:39:00,0.38107690599326816
2018-07-26 20:42:00,0.34628191257309027
2018-07-26 20:45:00,0.3586148430952676
2018-07-26 20:48:00,0.3037903983862975
2018-07-26 20:51:00,0.3920685854064345
2018-07-26 20:54:00,0.45117167477246767
2018-07-26 20:57:00,0.5803843322307785
2018-07-26 21:00:00,0.3594755313177984
2018-07-26 21:03:00,0.3115663888601148
2018-07-26 21:06:00,0.3299908507527789
2018-07-26 21:09:00,0.19207193954713375
2018-07-26 21:12:00,0.32880808773381887
2018-07-26 21:15:00,0.25909930105387957
2018-07-26 21:18:00,0.12954960337651755
2018-07-26 21:21:00,0.18095817664590186
2018-07-26 21:24:00,0.18478984661595632
2018-07-26 21:27:00,0.19441711760492808
2018-07-26 21:30:00,0.18503314847521324
2018-07-26 21:33:00,0.14942594143553833
2018-07-26 21:36:00,0.1859786216360817
2018-07-26 21:39:00,0.2206063885802223
2018-07-26 21:42:00,0.07567343963484063
2018-07-26 21:45:00,0.17833589863528232
2018-07-26 21:48:00,0.14970919152432316
2018-07-26 21:51:00,0.18488808752323393
2018-07-26 21:54:00,0.24802203165404535
2018-07-26 21:57:00,0.284104848796801
2018-07-26 22:00:00,0.28418023747286725
2018-07-26 22:03:00,0.21031832378889703
2018-07-26 22:06:00,0.193631347949065
2018-07-26 22:09:00,0.18962734942198267
2018-07-26 22:12:00,0.24846988943892256
2018-07-26 22:15:00,0.2169628593673565
2018-07-26 22:18:00,0.25454042890612527
2018-07-26 22:21:00,0.14116082605420388
2018-07-26 22:24:00,0.24422655514297276
2018-07-26 22:27:00,0.2567558273534587
2018-07-26 22:30:00,0.1447525156637539
2018-07-26 22:33:00,0.17989350373363777
2018-07-26 22:36:00,0.2524942760957174
2018-07-26 22:39:00,0.28867973553235515
2018-07-26 22:42:00,0.3146594244371954
2018-07-26 22:45:00,0.200921574210156
2018-07-26 22:48:00,0.1733937985647458
2018-07-26 22:51:00,0.23464947624631805
2018-07-26 22:54:00,0.17931613959052584
2018-07-26 22:57:00,0.12499436570402622
2018-07-26 23:00:00,0.18122115620553814
2018-07-26 23:03:00,0.1626849940622037
2018-07-26 23:06:00,0.20772960767936866
2018-07-26 23:09:00,0.15158300326561402
2018-07-26 23:12:00,0.23554489323583994
2018-07-26 23:15:00,0.4306272994218716
2018-07-26 23:18:00,0.4597352645139381
2018-07-26 23:21:00,0.4919388790530661
2018-07-26 23:24:00,0.5604059930167864
2018-07-26 23:27:00,0.4704637175198627
2018-07-26 23:30:00,0.5595405781607496
2018-07-26 23:33:00,0.49104621603635223
2018-07-26 23:36:00,0.39612945142926037
2018-07-26 23:39:00,0.4557078400877117
2018-07-26 23:42:00,0.3180220584768563
2018-07-26 23:45:00,0.34767592730185015
2018-07-26 23:48:00,0.3272086701859962
2018-07-26 23:51:00,0.314688351854727
2018-07-26 23:54:00,0.2635708708451716
2018-07-26 23:57:00,0.2301320170252552
2018-07-27 00:00:00,0.2632352089099754
2018-07-27 00:03:00,0.28998105079460856
2018-07-27 00:06:00,0.21336009811079748
2018-07-27 00:09:00,0.23543627319327243
2018-07-27 00:12:00,0.2189673308721467
2018-07-27 00:15:00,0.24737730936192293
2018-07-27 00:18:00,0.2543278250847152
2018-07-27 00:21:00,0.31270909017149506
2018-07-27 00:24:00,0.29279021577997355
2018-07-27 00:27:00,0.330980479559571
2018-07-27 00:30:00,0.3258560854638972
2018-07-27 00:33:00,0.31537847393786933
2018-07-27 00:36:00,0.41271062328638664
2018-07-27 00:39:00,0.26313962446687356
2018-07-27 00:42:00,0.2147257518074639
2018-07-27 00:45:00,0.2645994675351062
2018-07-27 00:48:00,0.35315601031351207
2018-07-27 00:51:00,0.35099795562302916
2018-07-27 00:54:00,0.18596483305219635
2018-07-27 00:57:00,0.2549418055494357
2018-07-27 01:00:00,0.2773314422891531
2018-07-27 01:03:00,0.2770511062402079
2018-07-27 01:06:00,0.24778733067734038
2018-07-27 01:09:00,0.29487858664492705
2018-07-27 01:12:00,0.2181798592848736
2018-07-27 01:15:00,0.3411609409272387
2018-07-27 01:18:00,0.27390243753040977
2018-07-27 01:21:00,0.30759932184099625
2018-07-27 01:24:00,0.24982515911034398
2018-07-27 01:27:00,0.3454785985892386
2018-07-27 01:30:00,0.2870914722469138
2018-07-27 01:33:00,0.38286576199527644
2018-07-27 01:36:00,0.3800567377952575
2018-07-27 01:39:00,0.35485087706717877
2018-07-27 01:42:00,0.2873442523724634
2018-07-27 01:45:00,0.23625309299762876
2018-07-27 01:48:00,0.2564259418324468
2018-07-27 01:51:00,0.34920295821001446
2018-07-27 01:54:00,0.318750860112857
2018-07-27 01:57:00,0.27297301092175985
2018-07-27 02:00:00,0.21507889847885053
2018-07-27 02:03:00,0.28697364842213346
2018-07-27 02:06:00,0.28638286092626686
2018-07-27 02:09:00,0.2490368129819558
2018-07-27 02:12:00,0.3031024174977688
2018-07-27 02:15:00,0.23973227605432612
2018-07-27 02:18:00,0.23793130647379712
2018-07-27 02:21:00,0.24272185764522192
2018-07-27 02:24:00,0.2527312433241491
2018-07-27 02:27:00,0.17438261363486163
2018-07-27 02:30:00,0.1761496690543254
2018-07-27 02:33:00,0.25404707267693993
2018-07-27 02:36:00,0.2850484512612752
2018-07-27 02:39:00,0.39643338706241593
2018-07-27 02:42:00,0.2581028650594135
2018-07-27 02:45:00,0.2655561493302798
2018-07-27 02:48:00,0.34154042657235095
2018-07-27 02:51:00,0.20799574390184716
2018-07-27 02:54:00,0.22891083617997765
2018-07-27 02:57:00,0.16786146689810266
2018-07-27 03:00:00,0.19508770734319114
2018-07-27 03:03:00,0.18966718129252058
2018-07-27 03:06:00,0.28713518719973763
2018-07-27 03:09:00,0.45395794652648647
2018-07-27 03:12:00,0.4561866421314562
2018-07-27 03:15:00,0.4639199469738742
2018-07-27 03:18:00,0.4628148871360054
2018-07-27 03:21:00,0.4177210122097108
2018-07-27 03:24:00,0.44756820544080256
2018-07-27 03:27:00,0.4315754857716456
2018-07-27 03:30:00,0.4265117868338848
2018-07-27 03:33:00,0.4455774363979117
2018-07-27 03:36:00,0.529608056388895
2018-07-27 03:39:00,0.4397474494014091
2018-07-27 03:42:00,0.30911718965256796
2018-07-27 03:45:00,0.4038498920783127
2018-07-27 03:48:00,0.2923719332306973
2018-07-27 03:51:00,0.4425131840177414
2018-07-27 03:54:00,0.49707344009090093
2018-07-27 03:57:00,0.5349250087502924
2018-07-27 04:00:00,0.5743288873398456
2018-07-27 04:03:00,0.48329473642684206
2018-07-27 04:06:00,0.43440646793703763
2018-07-27 04:09:00,0.4405325548532346
2018-07-27 04:12:00,0.2527123187305733
2018-07-27 04:15:00,0.23948487525552764
2018-07-27 04:18:00,0.27120427677004955
2018-07-27 04:21:00,0.17537427452850807
2018-07-27 04:24:00,0.25009625747622977
2018-07-27 04:27:00,0.21729471520848165
2018-07-27 04:30:00,0.3016325451074522
2018-07-27 04:33:00,0.21947936636894383
2018-07-27 04:36:00,0.2320477859943253
2018-07-27 04:39:00,0.20895420558599653
2018-07-27 04:42:00,0.3069213234156791
2018-07-27 04:45:00,0.26348339108795926
2018-07-27 04:48:00,0.3267811267470506
2018-07-27 04:51:00,0.23215478220868135
2018-07-27 04:54:00,0.24554411122727515
2018-07-27 04:57:00,0.2589500527195696
2018-07-27 05:00:00,0.27171581014835056
2018-07-27 05:03:00,0.2587618078600258
2018-07-27 05:06:00,0.21436116975439745
2018-07-27 05:09:00,0.20814858468793318
2018-07-27 05:12:00,0.25912929933474516
2018-07-27 05:15:00,0.21976144172896284
2018-07-27 05:18:00,0.2690080261546086
2018-07-27 05:21:00,0.19616482790308964
2018-07-27 05:24:00,0.2613308142116466
2018-07-27 05:27:00,0.15158234077443922
2018-07-27 05:30:00,0.24820990052950265
2018-07-27 05:33:00,0.2706945093970603
2018-07-27 05:36:00,0.24458859857588777
2018-07-27 05:39:00,0.2816453618380592
2018-07-27 05:42:00,0.30816474539079763
2018-07-27 05:45:00,0.23091113693817533
2018-07-27 05:48:00,0.27246479006498703
2018-07-27 05:51:00,0.30287942456999417
2018-07-27 05:54:00,0.23999160555530352
2018-07-27 05:57:00,0.2732728052195057
2018-07-27 06:00:00,0.34666733273616046
2018-07-27 06:03:00,0.28162191223356103
2018-07-27 06:06:00,0.26271507701403607
2018-07-27 06:09:00,0.2885141538833409
2018-07-27 06:12:00,0.13009646263208197
2018-07-27 06:15:00,0.27173423366531324
2018-07-27 06:18:00,0.30576802538445236
2018-07-27 06:21:00,0.2764269719381218
2018-07-27 06:24:00,0.35376860451049197
2018-07-27 06:27:00,0.28165561739530176
2018-07-27 06:30:00,0.21864667307187347
2018-07-27 06:33:00,0.3206438592329732
2018-07-27 06:36:00,0.26150565818943505
2018-07-27 06:39:00,0.3635082275766308
2018-07-27 06:42:00,0.3210017948055679
2018-07-27 06:45:00,0.3609884276668254
2018-07-27 06:48:00,0.35346192048672265
2018-07-27 06:51:00,0.3206524021188102
2018-07-27 06:54:00,0.3049528974744362
2018-07-27 06:57:00,0.3357161146904559
2018-07-27 07:00:00,0.3937914569938812
2018-07-27 07:03:00,0.3321510759371904
2018-07-27 07:06:00,0.31888894024791625
2018-07-27 07:09:00,0.40694163657764193
2018-07-27 07:12:00,0.3993144111329343
2018-07-27 07:15:00,0.3027399292158748
2018-07-27 07:18:00,0.34277148364219556
2018-07-27 07:21:00,0.31487752436487426
2018-07-27 07:24:00,0.3851186267287403
2018-07-27 07:27:00,0.2650485506979976
2018-07-27 07:30:00,0.3818561027279088
2018-07-27 07:33:00,0.3436317378331637
2018-07-27 07:36:00,0.25109849849189914
2018-07-27 07:39:00,0.22221769489391363
2018-07-27 07:42:00,0.3219289671619663
2018-07-27 07:45:00,0.30476305089746347
2018-07-27 07:48:00,0.3522447962619708
2018-07-27 07:51:00,0.351417227257798
2018-07-27 07:54:00,0.2487553356259582
2018-07-27 07:57:00,0.30712802135781203
2018-07-27 08:00:00,0.2876076740176359
2018-07-27 08:03:00,0.28006991561306904
2018-07-27 08:06:00,0.21637523963391914
2018-07-27 08:09:00,0.16291063653306992
2018-07-27 08:12:00,0.21516901837497926
2018-07-27 08:15:00,0.22355687710955863
2018-07-27 08:18:00,0.18850390235098757
2018-07-27 08:21:00,0.1807835293249127
2018-07-27 08:24:00,0.16804126197689584
2018-07-27 08:27:00,0.21746348936443383
2018-07-27 08:30:00,0.1922305468345371
2018-07-27 08:33:00,0.11623743622601523
2018-07-27 08:36:00,0.21408692578404498
2018-07-27 08:39:00,0.13178422930849365
2018-07-27 08:42:00,0.1559391629824063
2018-07-27 08:45:00,0.16900146441423658
2018-07-27 08:48:00,0.15081059094603688
2018-07-27 08:51:00,0.07277323809790914
2018-07-27 08:54:00,0.11389245545979065
2018-07-27 08:57:00,0.11144321322666428
2018-07-27 09:00:00,0.15735258952560116
2018-07-27 09:03:00,0.18022424636251344
2018-07-27 09:06:00,0.12468764625538142
2018-07-27 09:09:00,0.04540316414448853
2018-07-27 09:12:00,0.187539851384372
2018-07-27 09:15:00,0.15339444094496457
2018-07-27 09:18:00,0.17752796227875933
2018-07-27 09:21:00,0.05150896536906657
2018-07-27 09:24:00,0.16741385490394123
2018-07-27 09:27:00,0.07101101232655083
2018-07-27 09:30:00,0.15339242341485715
2018-07-27 09:33:00,0.11154858197016893
2018-07-27 09:36:00,0.06385490442602304
2018-07-27 09:39:00,0.09293640384976243
2018-07-27 09:42:00,0.09978957622098505
2018-07-27 09:45:00,0.08205851840352807
2018-07-27 09:48:00,0.12154239002524037
2018-07-27 09:51:00,0.10804904668520976
2018-07-27 09:54:00,0.09429346818410522
2018-07-27 09:57:00,-0.01658232389479508
2018-07-27 10:00:00,0.04945225566473255
2018-07-27 10:03:00,0.11179271965937687
2018-07-27 10:06:00,0.03997601183328925
2018-07-27 10:09:00,0.023760089539564433
2018-07-27 10:12:00,0.04822522199611967
2018-07-27 10:15:00,0.08945518582231671
2018-07-27 10:18:00,0.1240549214468274
2018-07-27 10:21:00,0.12922553086417565
2018-07-27 10:24:00,0.11958944523183845
2018-07-27 10:27:00,0.14407708480399606
2018-07-27 10:30:00,0.1499057637427086
2018-07-27 10:33:00,0.10587049532165338
2018-07-27 10:36:00,0.15315163746384997
2018-07-27 10:39:00,0.03915649709409763
2018-07-27 10:42:00,-0.020619062467687854
2018-07-27 10:45:00,0.09449709891481461
2018-07-27 10:48:00,0.07977893160108351
2018-07-27 10:51:00,-0.008067576865244064
2018-07-27 10:54:00,-0.044620886461586906
2018-07-27 10:57:00,0.00869031657953201
2018-07-27 11:00:00,-0.022267680811239643
2018-07-27 11:03:00,0.06256471627654037
2018-07-27 11:06:00,-0.015713426065872227
2018-07-27 11:09:00,-0.011194214233853472
2018-07-27 11:12:00,-0.08894939375250033
2018-07-27 11:15:00,-0.025838961938177363
2018-07-27 11:18:00,-0.07034188336587022
2018-07-27 11:21:00,-0.15687580572148363
2018-07-27 11:24:00,-0.1948996914247232
2018-07-27 11:27:00,-0.14599521315261654
2018-07-27 11:30:00,-0.13558300056701
2018-07-27 11:33:00,-0.08564046398043956
2018-07-27 11:36:00,-0.16179108019736077
2018-07-27 11:39:00,-0.26622925356014093
2018-07-27 11:42:00,-0.31176053618804644
2018-07-27 11:45:00,-0.2912283182337774
2018-07-27 11:48:00,-0.19597673702264728
2018-07-27 11:51:00,-0.21508268505931483
2018-07-27 11:54:00,-0.33609354275768055
2018-07-27 11:57:00,-0.3134579321260844
2018-07-27 12:00:00,-0.17147206209170918
2018-07-27 12:03:00,-0.2754530137858069
2018-07-27 12:06:00,-0.10760236218743557
2018-07-27 12:09:00,-0.06240235707264219
2018-07-27 12:12:00,-0.02671171404205097
2018-07-27 12:15:00,-0.26467674193338553
2018-07-27 12:18:00,-0.0590389690200368
2018-07-27 12:21:00,-0.11943277904487104
2018-07-27 12:24:00,-0.05196907984253585
2018-07-27 12:27:00,-0.020050794450980902
2018-07-27 12:30:00,-0.055803261402957105
2018-07-27 12:33:00,-0.09610812512715938
2018-07-27 12:36:00,0.02704620253109624
2018-07-27 12:39:00,-0.04312304337315709
2018-07-27 12:42:00,-0.010718027879136116
2018-07-27 12:45:00,-0.167774979986973
2018-07-27 12:48:00,-0.19828527155715392
2018-07-27 12:51:00,-0.10512804414793209
2018-07-27 12:54:00,0.03595353150711844
2018-07-27 12:57:00,-0.09810447664710864
2018-07-27 13:00:00,0.06474235499405268
2018-07-27 13:03:00,0.17334015196695418
2018-07-27 13:06:00,0.09174810473450634
2018-07-27 13:09:00,-0.07323795077400064
2018-07-27 13:12:00,0.1427434142723314
2018-07-27 13:15:00,-0.014190648187820898
2018-07-27 13:18:00,-0.30775280019275897
2018-07-27 13:21:00,-0.08535054940273312
2018-07-27 13:24:00,-0.14993528531323363
2018-07-27 13:27:00,-0.11838195063336343
2018-07-27 13:30:00,-0.027101872965715756
2018-07-27 13:33:00,0.13114738927924918
2018-07-27 13:36:00,-0.20388234009163853
2018-07-27 13:39:00,-0.1604607047530635
2018-07-27 13:42:00,-0.0435412391558998
2018-07-27 13:45:00,-0.20082609714086175
2018-07-27 13:48:00,-0.10148537064054608
2018-07-27 13:51:00,-0.12422904786069466
2018-07-27 13:54:00,-0.18793935506636217
2018-07-27 13:57:00,-0.11015509085325448
2018-07-27 14:00:00,-0.06798523150615665
2018-07-27 14:03:00,-0.12460196857693973
2018-07-27 14:06:00,-0.2593772894616677
2018-07-27 14:09:00,-0.13063019545808174
2018-07-27 14:12:00,-0.10503613925374111
2018-07-27 14:15:00,0.08357072605218718
2018-07-27 14:18:00,0.1244825923205326
2018-07-27 14:21:00,-0.00048063986179158746
2018-07-27 14:24:00,-0.07451761226394638
2018-07-27 14:27:00,-0.12842657993769535
2018-07-27 14:30:00,-0.14453490028222404
2018-07-27 14:33:00,-0.19701984453269006
2018-07-27 14:36:00,-0.18283645818110017
2018-07-27 14:39:00,-0.13371093585010385
2018-07-27 14:42:00,-0.2637990980186373
2018-07-27 14:45:00,-0.1758035970269134
2018-07-27 14:48:00,-0.16047752457262732
2018-07-27 14:51:00,-0.08975456774885515
2018-07-27 14:54:00,-0.04524381362597296
2018-07-27 14:57:00,-0.06606971472785972
2018-07-27 15:00:00,0.030987313591651855
2018-07-27 15:03:00,-0.12895696815871815
2018-07-27 15:06:00,0.08622779043707851
2018-07-27 15:09:00,0.1621512341636162
2018-07-27 15:12:00,0.13708928385307217
2018-07-27 15:15:00,0.01126898552735156
2018-07-27 15:18:00,0.0172293375091499
2018-07-27 15:21:00,-0.11307284192355382
2018-07-27 15:24:00,0.1337771043233147
2018-07-27 15:27:00,0.19323450893415384
2018-07-27 15:30:00,0.007869147515009445
2018-07-27 15:33:00,0.09187029764319732
2018-07-27 15:36:00,0.12252640449486307
2018-07-27 15:39:00,0.19061896759740193
2018-07-27 15:42:00,0.22412851473558248
2018-07-27 15:45:00,0.04390837529604141
2018-07-27 15:48:00,0.07883914712726892
2018-07-27 15:51:00,0.04220471441595919
2018-07-27 15:54:00,0.03907212693894735
2018-07-27 15:57:00,0.2235366269004544
2018-07-27 16:00:00,0.17710456314455314
2018-07-27 16:03:00,0.26963615889621906
2018-07-27 16:06:00,0.3958095525410954
2018-07-27 16:09:00,0.3714609521056218
2018-07-27 16:12:00,0.36620093561231215
2018-07-27 16:15:00,0.3273279524415784
2018-07-27 16:18:00,0.24200659924048296
2018-07-27 16:21:00,0.17640304734368328
2018-07-27 16:24:00,0.16787100209251093
2018-07-27 16:27:00,0.08792735454966305
2018-07-27 16:30:00,0.1382799377408901
2018-07-27 16:33:00,0.1353708297291405
2018-07-27 16:36:00,0.02212864476990717
2018-07-27 16:39:00,-0.08548043091730051
2018-07-27 16:42:00,0.24826207562551872
2018-07-27 16:45:00,0.24333751259081282
2018-07-27 16:48:00,0.1885902692222885
2018-07-27 16:51:00,0.280222326200942
2018-07-27 16:54:00,0.2913008633201457
2018-07-27 16:57:00,0.3559434513142037
2018-07-27 17:00:00,0.28252178090423286
2018-07-27 17:03:00,0.10828256563451077
2018-07-27 17:06:00,0.04661048114854793
2018-07-27 17:09:00,-0.08849593771594755
2018-07-27 17:12:00,-0.10383122927777322
2018-07-27 17:15:00,-0.02923167319431741
2018-07-27 17:18:00,-0.014959442053566363
2018-07-27 17:21:00,0.01699683674399921
2018-07-27 17:24:00,0.20477736417666392
2018-07-27 17:27:00,0.42347713840507595
2018-07-27 17:30:00,0.26769069710059057
2018-07-27 17:33:00,0.17151117307292907
2018-07-27 17:36:00,0.23398059740139843
2018-07-27 17:39:00,0.25089135609840696
2018-07-27 17:42:00,0.08518548694502215
2018-07-27 17:45:00,0.09191867943286525
2018-07-27 17:48:00,0.17987928305660716
2018-07-27 17:51:00,0.16203060179657314
2018-07-27 17:54:00,0.19590462759725824
2018-07-27 17:57:00,0.219263580030713
2018-07-27 18:00:00,0.14252211874674003
2018-07-27 18:03:00,0.20828381909041127
2018-07-27 18:06:00,0.5496229068094749
2018-07-27 18:09:00,0.6244720133111628
2018-07-27 18:12:00,0.4974234794161134
2018-07-27 18:15:00,0.5157043582719325
2018-07-27 18:18:00,0.539869107761092
2018-07-27 18:21:00,0.5104739035286912
2018-07-27 18:24:00,0.2054190056068137
2018-07-27 18:27:00,0.016514359561426772
2018-07-27 18:30:00,0.06559794811306574
2018-07-27 18:33:00,0.16591478115793734
2018-07-27 18:36:00,0.17751474743278095
2018-07-27 18:39:00,0.2744648968970296
2018-07-27 18:42:00,0.16848366393526248
2018-07-27 18:45:00,0.14823253400714975
2018-07-27 18:48:00,0.15614703502041039
2018-07-27 18:51:00,0.13679017481302935
2018-07-27 18:54:00,
2018-07-27 18:57:00,
2018-07-27 19:00:00,
2018-07-27 19:03:00,0.11179859684347093
2018-07-27 19:06:00,0.07323085474450863
2018-07-27 19:09:00,0.03705153736115108
2018-07-27 19:12:00,0.05203155726383102
2018-07-27 19:15:00,0.10648148648340339
2018-07-27 19:18:00,0.031420548083588073
2018-07-27 19:21:00,0.04927413609027553
2018-07-27 19:24:00,0.05248489515537358
2018-07-27 19:27:00,0.0666265942512041
2018-07-27 19:30:00,0.13041515363926237
2018-07-27 19:33:00,0.03426981962877562
2018-07-27 19:36:00,0.020624516747602684
2018-07-27 19:39:00,0.045104891720995965
2018-07-27 19:42:00,0.17468224516954933
2018-07-27 19:45:00,0.1267106296851921
2018-07-27 19:48:00,0.14632871178451978
2018-07-27 19:51:00,0.10955505534985832
2018-07-27 19:54:00,0.16890774228738792
2018-07-27 19:57:00,0.2000475009919569
2018-07-27 20:00:00,0.10289720838909489
2018-07-27 20:03:00,0.11989026370855527
2018-07-27 20:06:00,0.20932947767727228
2018-07-27 20:09:00,0.1435246877228451
2018-07-27 20:12:00,0.21739798135456567
2018-07-27 20:15:00,0.041141052206910445
2018-07-27 20:18:00,0.15228468058751332
2018-07-27 20:21:00,0.08581482262439977
2018-07-27 20:24:00,0.030653688771508314
2018-07-27 20:27:00,0.03762277239962941
2018-07-27 20:30:00,0.03189319214425268
2018-07-27 20:33:00,-0.006771990310028286
2018-07-27 20:36:00,-0.0061161437562304855
2018-07-27 20:39:00,-0.030795212925454507
2018-07-27 20:42:00,0.03211591273952763
2018-07-27 20:45:00,0.0984518447205005
2018-07-27 20:48:00,0.1521618834411811
2018-07-27 20:51:00,0.0073939686348580835
2018-07-27 20:54:00,-0.018350033705473834
2018-07-27 20:57:00,0.14058011661091996
2018-07-27 21:00:00,0.011570597303773411
2018-07-27 21:03:00,0.024437814279451686
2018-07-27 21:06:00,0.037246374259893855
2018-07-27 21:09:00,0.0713949394410065
2018-07-27 21:12:00,0.006794339236648739
2018-07-27 21:15:00,0.046485183234608485
2018-07-27 21:18:00,0.10294520983057964
2018-07-27 21:21:00,0.18036525668964032
2018-07-27 21:24:00,0.07534414598012518
2018-07-27 21:27:00,0.15903774562633544
2018-07-27 21:30:00,0.14516937269138452
2018-07-27 21:33:00,0.08782724049382296
2018-07-27 21:36:00,0.22964768969097804
2018-07-27 21:39:00,0.07757085836664146
2018-07-27 21:42:00,0.1365157231616081
2018-07-27 21:45:00,0.22313111859239143
2018-07-27 21:48:00,0.26530612935670206
2018-07-27 21:51:00,0.13228012796787425
2018-07-27 21:54:00,0.09620230051581302
2018-07-27 21:57:00,0.1762774790001913
2018-07-27 22:00:00,0.08194450513713036
2018-07-27 22:03:00,0.09226952619843587
2018-07-27 22:06:00,0.010660166698698958
2018-07-27 22:09:00,0.024702561744675222
2018-07-27 22:12:00,0.04489000748208127
2018-07-27 22:15:00,0.010103113034631406
2018-07-27 22:18:00,0.1048655426097298
2018-07-27 22:21:00,0.06554165327423789
2018-07-27 22:24:00,0.06549135801520833
2018-07-27 22:27:00,0.053651026108639144
2018-07-27 22:30:00,0.18436175061350468
2018-07-27 22:33:00,0.13371727237768027
2018-07-27 22:36:00,0.09693082310104728
2018-07-27 22:39:00,0.11744095665397936
2018-07-27 22:42:00,0.12211486232547486
2018-07-27 22:45:00,0.19041040287771693
2018-07-27 22:48:00,0.20369807606954282
2018-07-27 22:51:00,0.162619588785617
2018-07-27 22:54:00,0.4296737941793367
2018-07-27 22:57:00,0.6782661723862589
2018-07-27 23:00:00,0.6417119138823182
2018-07-27 23:03:00,0.6091743989021552
2018-07-27 23:06:00,0.5903889593979557
2018-07-27 23:09:00,0.4701191177238684
2018-07-27 23:12:00,0.5385315456493913
2018-07-27 23:15:00,0.4906684285342635
2018-07-27 23:18:00,0.46244391008815455
2018-07-27 23:21:00,0.4158215383083075
2018-07-27 23:24:00,0.3999417757565311
2018-07-27 23:27:00,0.4265188977269645
2018-07-27 23:30:00,0.42911658247294326
2018-07-27 23:33:00,0.4208353891235106
2018-07-27 23:36:00,0.37428982155768153
2018-07-27 23:39:00,0.3674700754634159
2018-07-27 23:42:00,0.41418138002967453
2018-07-27 23:45:00,0.4347590969847488
2018-07-27 23:48:00,0.38665228390175344
2018-07-27 23:51:00,0.4479037793749967
2018-07-27 23:54:00,0.4239674159417177
2018-07-27 23:57:00,0.47220931800762855
2018-07-28 00:00:00,0.4607794758101704
2018-07-28 00:03:00,0.4603792530837154
2018-07-28 00:06:00,0.43635794137730954
2018-07-28 00:09:00,0.46611128081281095
2018-07-28 00:12:00,0.5118574403688285
2018-07-28 00:15:00,0.5962813571114225
2018-07-28 00:18:00,0.6271679204281213
2018-07-28 00:21:00,0.5458076734469728
2018-07-28 00:24:00,0.5250723728071875
2018-07-28 00:27:00,0.5680178533791036
2018-07-28 00:30:00,0.38964695018103157
2018-07-28 00:33:00,0.2728704241324067
2018-07-28 00:36:00,0.34137900361508855
2018-07-28 00:39:00,0.3770940556457276
2018-07-28 00:42:00,0.2907432237474836
2018-07-28 00:45:00,0.29848941772888793
2018-07-28 00:48:00,0.32698889193551395
2018-07-28 00:51:00,0.2870112341902882
2018-07-28 00:54:00,0.3860515470838095
2018-07-28 00:57:00,0.5040265317571198
2018-07-28 01:00:00,0.6193777077938307
2018-07-28 01:03:00,0.5971894896813978
2018-07-28 01:06:00,0.5172351556307717
2018-07-28 01:09:00,0.5243119958624902
2018-07-28 01:12:00,0.7366731393944974
2018-07-28 01:15:00,0.6369751877043655
2018-07-28 01:18:00,0.573754572304324
2018-07-28 01:21:00,0.5182941877968688
2018-07-28 01:24:00,0.4850964265850166
2018-07-28 01:27:00,0.48625933701026725
2018-07-28 01:30:00,0.3943216960970517
2018-07-28 01:33:00,0.5057073716123455
2018-07-28 01:36:00,0.5358058115643871
2018-07-28 01:39:00,0.44934276663491346
2018-07-28 01:42:00,0.4599606119496116
2018-07-28 01:45:00,0.41719943219607103
2018-07-28 01:48:00,0.44810278040228013
2018-07-28 01:51:00,0.5351065765383396
2018-07-28 01:54:00,0.40487257187561454
2018-07-28 01:57:00,0.3760794497056281
2018-07-28 02:00:00,0.3749692234833901
2018-07-28 02:03:00,0.5178069945881703
2018-07-28 02:06:00,0.5492044717325939
2018-07-28 02:09:00,0.4922295381513777
2018-07-28 02:12:00,0.513061018110534
2018-07-28 02:15:00,0.45176375090011334
2018-07-28 02:18:00,0.5320207009186788
2018-07-28 02:21:00,0.548129731428844
2018-07-28 02:24:00,0.6000306489688683
2018-07-28 02:27:00,0.5543856017840767
2018-07-28 02:30:00,0.6911368361547261
2018-07-28 02:33:00,0.678080088266654
2018-07-28 02:36:00,0.6011882112586591
2018-07-28 02:39:00,0.6559258391745857
2018-07-28 02:42:00,0.5600282143155937
2018-07-28 02:45:00,0.5951733557250805
2018-07-28 02:48:00,0.5488621098953104
2018-07-28 02:51:00,0.4632392225447006
2018-07-28 02:54:00,0.37424886237954524
2018-07-28 02:57:00,0.4476072472070882
2018-07-28 03:00:00,0.4398608437114717
2018-07-28 03:03:00,0.5500472205942515
2018-07-28 03:06:00,0.41247035804804
2018-07-28 03:09:00,0.4755274866695345
2018-07-28 03:12:00,0.4298349522264857
2018-07-28 03:15:00,0.5192942334125519
2018-07-28 03:18:00,0.47645283256963467
2018-07-28 03:21:00,0.4106385062302138
2018-07-28 03:24:00,0.46158022900584683
2018-07-28 03:27:00,0.3941366211235504
2018-07-28 03:30:00,0.4451975188624715
2018-07-28 03:33:00,0.4614323943571321
2018-07-28 03:36:00,0.3564518749547574
2018-07-28 03:39:00,0.508021768104129
2018-07-28 03:42:00,0.40328651570234797
2018-07-28 03:45:00,0.43417121714804807
2018-07-28 03:48:00,0.46598572547947015
2018-07-28 03:51:00,0.3547839295511608
2018-07-28 03:54:00,0.4493701267563779
2018-07-28 03:57:00,0.33004550232936936
2018-07-28 04:00:00,0.41355835795218354
2018-07-28 04:03:00,0.294536423554689
2018-07-28 04:06:00,0.36124045557966156
2018-07-28 04:09:00,0.3898530673411642
2018-07-28 04:12:00,0.30271519299617466
2018-07-28 04:15:00,0.4039705908936071
2018-07-28 04:18:00,0.3641146193290865
2018-07-28 04:21:00,0.3249220817384071
2018-07-28 04:24:00,0.3843400023771437
2018-07-28 04:27:00,0.35036855282925217
2018-07-28 04:30:00,0.4080191817574814
2018-07-28 04:33:00,0.4148966442430151
2018-07-28 04:36:00,0.38374313954670924
2018-07-28 04:39:00,0.4741001667948126
2018-07-28 04:42:00,0.4090401785599056
2018-07-28 04:45:00,0.3866320290095473
2018-07-28 04:48:00,0.36790276591671045
2018-07-28 04:51:00,0.38062732650570297
2018-07-28 04:54:00,0.3419975161403386
2018-07-28 04:57:00,0.4278768001029789
2018-07-28 05:00:00,0.4250175092927293
2018-07-28 05:03:00,0.428525843203829
2018-07-28 05:06:00,0.386251781851513
2018-07-28 05:09:00,0.4754519132836208
2018-07-28 05:12:00,0.31420463056895187
2018-07-28 05:15:00,0.3767801630154963
2018-07-28 05:18:00,0.4613189572424403
2018-07-28 05:21:00,0.3692240688004631
2018-07-28 05:24:00,0.4126749988799361
2018-07-28 05:27:00,0.4114573472826919
2018-07-28 05:30:00,0.43585684991393236
2018-07-28 05:33:00,0.44034982468099315
2018-07-28 05:36:00,0.45548161247307917
2018-07-28 05:39:00,0.4398915495758047
2018-07-28 05:42:00,0.44182272726084193
2018-07-28 05:45:00,0.4129674821086269
2018-07-28 05:48:00,0.4186997207337413
2018-07-28 05:51:00,0.40903012173623665
2018-07-28 05:54:00,0.38943856372236496
2018-07-28 05:57:00,0.4487956803320685
2018-07-28 06:00:00,0.3434784145040908
2018-07-28 06:03:00,0.35197484373685484
2018-07-28 06:06:00,0.37537592203074155
2018-07-28 06:09:00,0.44956162806801103
2018-07-28 06:12:00,0.3455181793616475
2018-07-28 06:15:00,0.4007393682638849
2018-07-28 06:18:00,0.42233507445052965
2018-07-28 06:21:00,0.42086841959155663
2018-07-28 06:24:00,0.34005513151350897
2018-07-28 06:27:00,0.3940661111737995
2018-07-28 06:30:00,0.37873650175521334
2018-07-28 06:33:00,0.37655218542511193
2018-07-28 06:36:00,0.3556610632844581
2018-07-28 06:39:00,0.31254893010844853
2018-07-28 06:42:00,0.3917779645151427
2018-07-28 06:45:00,0.4526859188508183
2018-07-28 06:48:00,0.4443353797228724
2018-07-28 06:51:00,0.3779238763823969
2018-07-28 06:54:00,0.487102049672103
2018-07-28 06:57:00,0.3894755246694217
2018-07-28 07:00:00,0.4245739297217028
2018-07-28 07:03:00,0.3673783456067099
2018-07-28 07:06:00,0.4293907579308893
2018-07-28 07:09:00,0.4362837265074404
2018-07-28 07:12:00,0.4022546979684307
2018-07-28 07:15:00,0.46894398780631263
2018-07-28 07:18:00,0.38278411493729436
2018-07-28 07:21:00,0.3931258868489067
2018-07-28 07:24:00,0.4373271205326432
2018-07-28 07:27:00,0.42477778811922917
2018-07-28 07:30:00,0.4522147676361783
2018-07-28 07:33:00,0.39524728531716846
2018-07-28 07:36:00,0.3338427857432862
2018-07-28 07:39:00,0.37308342170859987
2018-07-28 07:42:00,0.3832041137272313
2018-07-28 07:45:00,0.3746677229260058
2018-07-28 07:48:00,0.44246817297118923
2018-07-28 07:51:00,0.3621496505677442
2018-07-28 07:54:00,0.39439520038644105
2018-07-28 07:57:00,0.3132748614264642
2018-07-28 08:00:00,0.33918834970393164
2018-07-28 08:03:00,0.32841589853194364
2018-07-28 08:06:00,0.3534447452847189
2018-07-28 08:09:00,0.3322354096786171
2018-07-28 08:12:00,0.36287177398514814
2018-07-28 08:15:00,0.43835749724792095
2018-07-28 08:18:00,0.3983633046104842
2018-07-28 08:21:00,0.3556419752746933
2018-07-28 08:24:00,0.4173328651996826
2018-07-28 08:27:00,0.35781334427434786
2018-07-28 08:30:00,0.4316779890393718
2018-07-28 08:33:00,0.44359683648951886
2018-07-28 08:36:00,0.36085377115239226
2018-07-28 08:39:00,0.321102822819455
2018-07-28 08:42:00,0.4162892787501846
2018-07-28 08:45:00,0.3673500569166208
2018-07-28 08:48:00,0.32336478065968777
2018-07-28 08:51:00,0.3728124322438475
2018-07-28 08:54:00,0.39650494157513094
2018-07-28 08:57:00,0.29868188683661856
2018-07-28 09:00:00,0.21685505451449671
2018-07-28 09:03:00,0.2171013411440299
2018-07-28 09:06:00,0.33716894509137774
2018-07-28 09:09:00,0.1376358983427508
2018-07-28 09:12:00,0.35932540699241144
2018-07-28 09:15:00,0.3238146699134177
2018-07-28 09:18:00,0.21332327265020012
2018-07-28 09:21:00,0.13513426192054112
2018-07-28 09:24:00,0.2416584456212263
2018-07-28 09:27:00,0.325836540194814
2018-07-28 09:30:00,0.21139267890424662
2018-07-28 09:33:00,0.2474870522664787
2018-07-28 09:36:00,0.16533876023652283
2018-07-28 09:39:00,0.24878185278731735
2018-07-28 09:42:00,0.2049663141134488
2018-07-28 09:45:00,0.12481137936833875
2018-07-28 09:48:00,0.20806977771803759
2018-07-28 09:51:00,0.16674115704751102
2018-07-28 09:54:00,0.24642249987681453
2018-07-28 09:57:00,0.11596511261996056
2018-07-28 10:00:00,0.20310200062323247
2018-07-28 10:03:00,0.14161559344989882
2018-07-28 10:06:00,0.05740990000504098
2018-07-28 10:09:00,0.04601470170416633
2018-07-28 10:12:00,0.029239068067624885
2018-07-28 10:15:00,0.0396931659048505
2018-07-28 10:18:00,0.04386539400638867
2018-07-28 10:21:00,0.056023959465278494
2018-07-28 10:24:00,0.045336874069846544
2018-07-28 10:27:00,0.023046554102904793
2018-07-28 10:30:00,-0.069232459606269
2018-07-28 10:33:00,-0.006758639773750019
2018-07-28 10:36:00,-0.08517880454053284
2018-07-28 10:39:00,-0.018680403151336122
2018-07-28 10:42:00,-0.12573965913861684
2018-07-28 10:45:00,-0.06554653262617194
2018-07-28 10:48:00,-0.06275421222426303
2018-07-28 10:51:00,-0.18481916093736572
2018-07-28 10:54:00,-0.164178986684135
2018-07-28 10:57:00,-0.07574412414902554
2018-07-28 11:00:00,-0.16007405653209617
2018-07-28 11:03:00,-0.21319208991178584
2018-07-28 11:06:00,-0.16220641428003546
2018-07-28 11:09:00,-0.1841698189112435
2018-07-28 11:12:00,-0.06400636863116915
2018-07-28 11:15:00,-0.10142232274955632
2018-07-28 11:18:00,-0.10904047032880726
2018-07-28 11:21:00,-0.1377664527097977
2018-07-28 11:24:00,-0.11120650475390903
2018-07-28 11:27:00,-0.10312102614841478
2018-07-28 11:30:00,-0.11529841099581972
2018-07-28 11:33:00,-0.14100800492161625
2018-07-28 11:36:00,-0.09226260704122069
2018-07-28 11:39:00,-0.15944597319440845
2018-07-28 11:42:00,-0.1859733510748356
2018-07-28 11:45:00,-0.25667065648872267
2018-07-28 11:48:00,-0.13834403501300585
2018-07-28 11:51:00,-0.21110190955710095
2018-07-28 11:54:00,-0.1858382989137226
2018-07-28 11:57:00,-0.1592381391510571
2018-07-28 12:00:00,-0.09419686175948527
2018-07-28 12:03:00,-0.10623297976246704
2018-07-28 12:06:00,-0.25519394641878534
2018-07-28 12:09:00,-0.109299231785144
2018-07-28 12:12:00,-0.1754075189845139
2018-07-28 12:15:00,-0.16821882981889758
2018-07-28 12:18:00,-0.372832099735831
2018-07-28 12:21:00,-0.35388195953333934
2018-07-28 12:24:00,-0.2604661006919855
2018-07-28 12:27:00,-0.19741213216053666
2018-07-28 12:30:00,-0.1994272564000994
2018-07-28 12:33:00,-0.2658800623617026
2018-07-28 12:36:00,-0.20712388139918403
2018-07-28 12:39:00,-0.20660307019909396
2018-07-28 12:42:00,-0.1262468653299038
2018-07-28 12:45:00,-0.18272378287326774
2018-07-28 12:48:00,-0.2602899295294492
2018-07-28 12:51:00,-0.270341088551902
2018-07-28 12:54:00,-0.16310332931584526
2018-07-28 12:57:00,-0.21572963711190596
2018-07-28 13:00:00,-0.24031883197670822
2018-07-28 13:03:00,-0.3432576457987011
2018-07-28 13:06:00,-0.24155065348378457
2018-07-28 13:09:00,-0.2311830152825678
2018-07-28 13:12:00,-0.26848114152477365
2018-07-28 13:15:00,-0.19390213888999597
2018-07-28 13:18:00,-0.20571701814907328
2018-07-28 13:21:00,-0.3206028968381247
2018-07-28 13:24:00,-0.3167073497756405
2018-07-28 13:27:00,-0.34281324246074973
2018-07-28 13:30:00,-0.21513268938787178
2018-07-28 13:33:00,-0.3012095915975692
2018-07-28 13:36:00,-0.35318981259030124
2018-07-28 13:39:00,-0.3218752929323614
2018-07-28 13:42:00,-0.3455236117633831
2018-07-28 13:45:00,-0.42126921958174535
2018-07-28 13:48:00,-0.3006144321226998
2018-07-28 13:51:00,-0.38731466000274395
2018-07-28 13:54:00,-0.30662328996925226
2018-07-28 13:57:00,-0.2418466924822269
2018-07-28 14:00:00,-0.3411683821854581
2018-07-28 14:03:00,-0.5025863732262223
2018-07-28 14:06:00,-0.308401435710266
2018-07-28 14:09:00,-0.4584182104635488
2018-07-28 14:12:00,-0.3330109876599181
2018-07-28 14:15:00,-0.512969995203548
2018-07-28 14:18:00,-0.367056718147694
2018-07-28 14:21:00,-0.4009748988274282
2018-07-28 14:24:00,-0.5058515722923289
2018-07-28 14:27:00,-0.3840432519788237
2018-07-28 14:30:00,-0.3806103104421936
2018-07-28 14:33:00,-0.44224787679530664
2018-07-28 14:36:00,-0.37597670155997776
2018-07-28 14:39:00,-0.3586979658165319
2018-07-28 14:42:00,-0.328996345020073
2018-07-28 14:45:00,-0.39248042710164555
2018-07-28 14:48:00,-0.4388037670399285
2018-07-28 14:51:00,-0.5692618937825387
2018-07-28 14:54:00,-0.4168721571841161
2018-07-28 14:57:00,-0.39189587496133527
2018-07-28 15:00:00,-0.4858676932533399
2018-07-28 15:03:00,-0.415976463455479
2018-07-28 15:06:00,-0.5101894492571546
2018-07-28 15:09:00,-0.3480298948104519
2018-07-28 15:12:00,-0.4332149183441061
2018-07-28 15:15:00,-0.4506222973004128
2018-07-28 15:18:00,-0.4173800273817392
2018-07-28 15:21:00,-0.49821547664970467
2018-07-28 15:24:00,-0.4515923803053852
2018-07-28 15:27:00,-0.48091643583563837
2018-07-28 15:30:00,-0.48474034401351673
2018-07-28 15:33:00,-0.4742602399489897
2018-07-28 15:36:00,-0.3708197949475789
2018-07-28 15:39:00,-0.48832579572848545
2018-07-28 15:42:00,-0.44103842771727386
2018-07-28 15:45:00,-0.3701920257794882
2018-07-28 15:48:00,-0.4217115000123499
2018-07-28 15:51:00,-0.3640799382984028
2018-07-28 15:54:00,-0.41637915720940555
2018-07-28 15:57:00,-0.37731980469584414
2018-07-28 16:00:00,-0.3798366350820288
2018-07-28 16:03:00,-0.38529890560101876
2018-07-28 16:06:00,-0.4002370794337935
2018-07-28 16:09:00,-0.41733405206974794
2018-07-28 16:12:00,-0.3504900701893803
2018-07-28 16:15:00,-0.4453086905436976
2018-07-28 16:18:00,-0.3718299717689888
2018-07-28 16:21:00,-0.3793192684548785
2018-07-28 16:24:00,-0.37851817925962905
2018-07-28 16:27:00,-0.3305833344822986
2018-07-28 16:30:00,-0.33088669419743155
2018-07-28 16:33:00,-0.2905702127179097
2018-07-28 16:36:00,-0.3474628591061446
2018-07-28 16:39:00,-0.3595275981941768
2018-07-28 16:42:00,-0.32493549978067904
2018-07-28 16:45:00,-0.28909318222207503
2018-07-28 16:48:00,-0.3691840377510971
2018-07-28 16:51:00,-0.20729336115869046
2018-07-28 16:54:00,-0.2987498774351707
2018-07-28 16:57:00,-0.31844830327941054
2018-07-28 17:00:00,-0.33348073747930584
2018-07-28 17:03:00,-0.29811446850135326
2018-07-28 17:06:00,-0.3016181406896976
2018-07-28 17:09:00,-0.2664628526800925
2018-07-28 17:12:00,-0.27827679763953483
2018-07-28 17:15:00,-0.23676806669936923
2018-07-28 17:18:00,-0.2532621801568098
2018-07-28 17:21:00,-0.3126825060605256
2018-07-28 17:24:00,-0.3483181520686003
2018-07-28 17:27:00,-0.37511937313678345
2018-07-28 17:30:00,-0.3685119416795146
2018-07-28 17:33:00,-0.26675870351886033
2018-07-28 17:36:00,-0.1966089981003165
2018-07-28 17:39:00,-0.26055038835573896
2018-07-28 17:42:00,-0.33745768112169117
2018-07-28 17:45:00,-0.2297851684773491
2018-07-28 17:48:00,-0.27611814860898676
2018-07-28 17:51:00,-0.24825680378290826
2018-07-28 17:54:00,-0.3153425129947891
2018-07-28 17:57:00,-0.24515185162482567
2018-07-28 18:00:00,-0.22324891828083082
2018-07-28 18:03:00,-0.2776557849620076
2018-07-28 18:06:00,-0.28637890727151216
2018-07-28 18:09:00,-0.24266609973938102
2018-07-28 18:12:00,-0.20264687501901335
2018-07-28 18:15:00,-0.20147548231284418
2018-07-28 18:18:00,-0.21930189366685227
2018-07-28 18:21:00,-0.15555193589398186
2018-07-28 18:24:00,-0.17203159400236245
2018-07-28 18:27:00,-0.2206937830871425
2018-07-28 18:30:00,-0.22348845819459484
2018-07-28 18:33:00,-0.14155522142596055
2018-07-28 18:36:00,-0.31285694165501354
2018-07-28 18:39:00,-0.2980115031173227
2018-07-28 18:42:00,-0.1803064184701384
2018-07-28 18:45:00,-0.26388855294896985
2018-07-28 18:48:00,-0.2004359526810049
2018-07-28 18:51:00,-0.189636796133982
2018-07-28 18:54:00,-0.13270782278618753
2018-07-28 18:57:00,
2018-07-28 19:00:00,
2018-07-28 19:03:00,-0.16778270240689608
2018-07-28 19:06:00,-0.2060552631517112
2018-07-28 19:09:00,-0.13413471871905358
2018-07-28 19:12:00,-0.09497465182744236
2018-07-28 19:15:00,-0.16998288377556037
2018-07-28 19:18:00,-0.05916521699310806
2018-07-28 19:21:00,-0.06011357110799054
2018-07-28 19:24:00,-0.06197959544903142
2018-07-28 19:27:00,-0.13138960318366344
2018-07-28 19:30:00,-0.0271405923104453
2018-07-28 19:33:00,-0.03783771156753346
2018-07-28 19:36:00,-0.008613362516655343
2018-07-28 19:39:00,-0.01731770011116396
2018-07-28 19:42:00,-0.028511865332859543
2018-07-28 19:45:00,-0.019249642022032276
2018-07-28 19:48:00,-0.10189013558675697
2018-07-28 19:51:00,0.007527680961572969
2018-07-28 19:54:00,0.04135237553816751
2018-07-28 19:57:00,-0.06592705482194106
2018-07-28 20:00:00,-0.03584370437681628
2018-07-28 20:03:00,-0.01792265649072533
2018-07-28 20:06:00,-0.11673551080394873
2018-07-28 20:09:00,-0.10398483102898126
2018-07-28 20:12:00,-0.005205542421435894
2018-07-28 20:15:00,-0.11719868409045375
2018-07-28 20:18:00,-0.04029288925238461
2018-07-28 20:21:00,-0.038540542104442466
2018-07-28 20:24:00,-0.10419323278131287
2018-07-28 20:27:00,-0.05168038284506338
2018-07-28 20:30:00,-0.06397460150412826
2018-07-28 20:33:00,-0.011971394241982125
2018-07-28 20:36:00,-0.12114416069141498
2018-07-28 20:39:00,-0.11496060311077372
2018-07-28 20:42:00,-0.009783941240016247
2018-07-28 20:45:00,0.060281476821558044
2018-07-28 20:48:00,0.03255055247365135
2018-07-28 20:51:00,0.010848032509841232
2018-07-28 20:54:00,0.11328257706816203
2018-07-28 20:57:00,0.05817941829093343
2018-07-28 21:00:00,0.08458861865398148
2018-07-28 21:03:00,0.15497867536936383
2018-07-28 21:06:00,0.05456582411579802
2018-07-28 21:09:00,0.03774322199899416
2018-07-28 21:12:00,0.0773193488185484
2018-07-28 21:15:00,0.01942925358463299
2018-07-28 21:18:00,0.11762656280137662
2018-07-28 21:21:00,-0.04518082446077187
2018-07-28 21:24:00,0.027723410846988372
2018-07-28 21:27:00,0.1050338345290811
2018-07-28 21:30:00,0.13478873949679837
2018-07-28 21:33:00,0.11145585362675092
2018-07-28 21:36:00,0.1554338594076512
2018-07-28 21:39:00,0.14266282747593095
2018-07-28 21:42:00,0.12744060792442724
2018-07-28 21:45:00,0.11152314205213543
2018-07-28 21:48:00,0.15203945825794563
2018-07-28 21:51:00,0.1525512123754993
2018-07-28 21:54:00,0.057678153203085
2018-07-28 21:57:00,0.08384923892418783
2018-07-28 22:00:00,0.12024288280042583
2018-07-28 22:03:00,0.00734092894015248
2018-07-28 22:06:00,0.16041349825945872
2018-07-28 22:09:00,0.01907485164343825
2018-07-28 22:12:00,0.1464476697833561
2018-07-28 22:15:00,0.10439811784073072
2018-07-28 22:18:00,0.05544858329750468
2018-07-28 22:21:00,0.03938240867427112
2018-07-28 22:24:00,0.12850196017780036
2018-07-28 22:27:00,0.0568076024723041
2018-07-28 22:30:00,0.13582967579310434
2018-07-28 22:33:00,0.08015765452489632
2018-07-28 22:36:00,0.05185838893572736
2018-07-28 22:39:00,0.13384649400006765
2018-07-28 22:42:00,0.076580297180044
2018-07-28 22:45:00,0.062323986362571304
2018-07-28 22:48:00,0.08404765924296953
2018-07-28 22:51:00,0.03839819755074814
2018-07-28 22:54:00,-0.017955012454592634
2018-07-28 22:57:00,0.00016830525089517323
2018-07-28 23:00:00,0.09981404150863682
2018-07-28 23:03:00,0.07212098286032642
2018-07-28 23:06:00,0.05375652133204767
2018-07-28 23:09:00,-0.013357343423479051
2018-07-28 23:12:00,0.0226582844363179
2018-07-28 23:15:00,-0.07630744284074353
2018-07-28 23:18:00,0.02779815661176599
2018-07-28 23:21:00,0.0022245865409900034
2018-07-28 23:24:00,-0.028249419746657622
2018-07-28 23:27:00,-0.016522840940979222
2018-07-28 23:30:00,0.08014384635015404
2018-07-28 23:33:00,-0.03754088216095397
2018-07-28 23:36:00,0.03395192285125859
2018-07-28 23:39:00,0.07247299223382697
2018-07-28 23:42:00,0.06514209528864967
2018-07-28 23:45:00,-0.030040703848328576
2018-07-28 23:48:00,-0.04831929997106954
2018-07-28 23:51:00,0.055556272709623045
2018-07-28 23:54:00,0.06751102146284893
2018-07-28 23:57:00,0.10669014232291829
2018-07-29 00:00:00,0.028501963972018984
2018-07-29 00:03:00,0.08699412871857248
2018-07-29 00:06:00,-0.011964462626224304
2018-07-29 00:09:00,0.048558336275448255
2018-07-29 00:12:00,0.03768506725367615
2018-07-29 00:15:00,0.11837267078482228
2018-07-29 00:18:00,0.07984876404339047
2018-07-29 00:21:00,0.0059496910151892735
2018-07-29 00:24:00,0.09104307573363712
2018-07-29 00:27:00,0.0951777356727348
2018-07-29 00:30:00,0.023217240053725163
2018-07-29 00:33:00,-0.06657943134564448
2018-07-29 00:36:00,0.12166367879893869
2018-07-29 00:39:00,0.12165746443685066
2018-07-29 00:42:00,0.10062134688689639
2018-07-29 00:45:00,0.10195797530326445
2018-07-29 00:48:00,0.0878418360104547
2018-07-29 00:51:00,0.0376537869758522
2018-07-29 00:54:00,0.012900045290280104
2018-07-29 00:57:00,0.0068292262076283805
2018-07-29 01:00:00,0.0304653510390267
2018-07-29 01:03:00,-0.11626558638261031
2018-07-29 01:06:00,0.0034371524128573583
2018-07-29 01:09:00,-0.021774332382449302
2018-07-29 01:12:00,0.024466380806870802
2018-07-29 01:15:00,0.12758042558112948
2018-07-29 01:18:00,0.03921347938404551
2018-07-29 01:21:00,0.0010327248958788005
2018-07-29 01:24:00,0.003756219365925517
2018-07-29 01:27:00,0.06686431274744109
2018-07-29 01:30:00,0.00442427994079253
2018-07-29 01:33:00,0.18452587105059592
2018-07-29 01:36:00,-0.00599770228120633
2018-07-29 01:39:00,0.04301805628836064
2018-07-29 01:42:00,0.021880737509775372
2018-07-29 01:45:00,0.12566506404283473
2018-07-29 01:48:00,0.02929452114204878
2018-07-29 01:51:00,0.0782881422226751
2018-07-29 01:54:00,0.06545252175266114
2018-07-29 01:57:00,0.07846107486329856
2018-07-29 02:00:00,0.11861791580003
2018-07-29 02:03:00,0.25093763730086494
2018-07-29 02:06:00,0.1444782172522423
2018-07-29 02:09:00,0.24868862683337056
2018-07-29 02:12:00,0.19441701139902534
2018-07-29 02:15:00,0.23649467397979151
2018-07-29 02:18:00,0.25201528117196403
2018-07-29 02:21:00,0.24509074754024596
2018-07-29 02:24:00,0.216773344072692
2018-07-29 02:27:00,0.17395761151936995
2018-07-29 02:30:00,0.1035931502992753
2018-07-29 02:33:00,0.12124975481521005
2018-07-29 02:36:00,0.05388613009574783
2018-07-29 02:39:00,0.06560795619543569
2018-07-29 02:42:00,0.1612502119892838
2018-07-29 02:45:00,0.10099477816544322
2018-07-29 02:48:00,0.16105899847730143
2018-07-29 02:51:00,0.12171982314254137
2018-07-29 02:54:00,0.1470787331026031
2018-07-29 02:57:00,0.17430569660666606
2018-07-29 03:00:00,0.16882122992319637
2018-07-29 03:03:00,0.21788493869769354
2018-07-29 03:06:00,0.14620123124359452
2018-07-29 03:09:00,0.20516186009484727
2018-07-29 03:12:00,0.14961228104402835
2018-07-29 03:15:00,0.1140715177065772
2018-07-29 03:18:00,0.10394517825801586
2018-07-29 03:21:00,0.1577913580406971
2018-07-29 03:24:00,-0.02523145229253032
2018-07-29 03:27:00,0.13435151912926813
2018-07-29 03:30:00,0.14952167798253413
2018-07-29 03:33:00,0.1986364969219494
2018-07-29 03:36:00,0.09038431674622416
2018-07-29 03:39:00,0.12901226801420762
2018-07-29 03:42:00,0.1874960425603831
2018-07-29 03:45:00,0.23454751469859048
2018-07-29 03:48:00,0.19759643189200915
2018-07-29 03:51:00,0.1134899190378178
2018-07-29 03:54:00,0.15582033508928816
2018-07-29 03:57:00,0.16957186416613013
2018-07-29 04:00:00,0.12774511712473213
2018-07-29 04:03:00,0.2005367175007109
2018-07-29 04:06:00,0.13280692488314116
2018-07-29 04:09:00,0.050871284234290215
2018-07-29 04:12:00,0.11766142682580494
2018-07-29 04:15:00,0.14353480523783446
2018-07-29 04:18:00,0.2036765864430663
2018-07-29 04:21:00,0.11786000946790409
2018-07-29 04:24:00,0.33350014226039093
2018-07-29 04:27:00,0.2820752091733425
2018-07-29 04:30:00,0.2850347567640483
2018-07-29 04:33:00,0.25117142400739567
2018-07-29 04:36:00,0.25971770434455266
2018-07-29 04:39:00,0.26926957025676757
2018-07-29 04:42:00,0.22053766219102044
2018-07-29 04:45:00,0.23713094337261964
2018-07-29 04:48:00,0.29358074669681855
2018-07-29 04:51:00,0.22486274603875245
2018-07-29 04:54:00,0.2864718990055053
2018-07-29 04:57:00,0.247703065674159
2018-07-29 05:00:00,0.1708854993335649
2018-07-29 05:03:00,0.23950520102260953
2018-07-29 05:06:00,0.20239596978842656
2018-07-29 05:09:00,0.2554580335831247
2018-07-29 05:12:00,0.26460217691123944
2018-07-29 05:15:00,0.17094816387981382
2018-07-29 05:18:00,0.17197678874742905
2018-07-29 05:21:00,0.12962674274444907
2018-07-29 05:24:00,0.20213459828300984
2018-07-29 05:27:00,0.09841443943957984
2018-07-29 05:30:00,0.11523168424082542
2018-07-29 05:33:00,0.18036524944960775
2018-07-29 05:36:00,0.18706218142671105
2018-07-29 05:39:00,0.13356640050835722
2018-07-29 05:42:00,0.12596487473115303
2018-07-29 05:45:00,0.11366184467675566
2018-07-29 05:48:00,0.10847405286261846
2018-07-29 05:51:00,0.13654718035655833
2018-07-29 05:54:00,0.13282415017380345
2018-07-29 05:57:00,0.15596755421898933
2018-07-29 06:00:00,0.1404703627509889
2018-07-29 06:03:00,0.23966259550388713
2018-07-29 06:06:00,0.11794578482829365
2018-07-29 06:09:00,0.11647723372288965
2018-07-29 06:12:00,0.1538673816058349
2018-07-29 06:15:00,0.1632316637573581
2018-07-29 06:18:00,0.11797556175673662
2018-07-29 06:21:00,0.1770867274117336
2018-07-29 06:24:00,0.23987813053076934
2018-07-29 06:27:00,0.15961049639730618
2018-07-29 06:30:00,0.23908961137550477
2018-07-29 06:33:00,0.20692069206580754
2018-07-29 06:36:00,0.2009354630901612
2018-07-29 06:39:00,0.11801516103844278
2018-07-29 06:42:00,0.19221009463484506
2018-07-29 06:45:00,0.25312501937241905
2018-07-29 06:48:00,0.19121132504199068
2018-07-29 06:51:00,0.1941095745425514
2018-07-29 06:54:00,0.1811890446617781
2018-07-29 06:57:00,0.18476861326911376
2018-07-29 07:00:00,0.17975437107787684
2018-07-29 07:03:00,0.2051318681347425
2018-07-29 07:06:00,0.15795749201953413
2018-07-29 07:09:00,0.22675319004264338
2018-07-29 07:12:00,0.21364849775716266
2018-07-29 07:15:00,0.31489188563364223
2018-07-29 07:18:00,0.27459018148425685
2018-07-29 07:21:00,0.12054622592387432
2018-07-29 07:24:00,0.2752152886654926
2018-07-29 07:27:00,0.26091031298005873
2018-07-29 07:30:00,0.23853187596529324
2018-07-29 07:33:00,0.2503683313060492
2018-07-29 07:36:00,0.2240024321638998
2018-07-29 07:39:00,0.18689611072301204
2018-07-29 07:42:00,0.27361891178674114
2018-07-29 07:45:00,0.17532702570520087
2018-07-29 07:48:00,0.18729491932583642
2018-07-29 07:51:00,0.2098555564687672
2018-07-29 07:54:00,0.2163566002582229
2018-07-29 07:57:00,0.18119943045712716
2018-07-29 08:00:00,0.205610991246715
2018-07-29 08:03:00,0.13809704019155333
2018-07-29 08:06:00,0.15904582855915805
2018-07-29 08:09:00,0.18076143145526657
2018-07-29 08:12:00,0.18823258612906102
2018-07-29 08:15:00,0.16899984405876012
2018-07-29 08:18:00,0.17394748473356003
2018-07-29 08:21:00,0.20333082286589388
2018-07-29 08:24:00,0.15236806524023905
2018-07-29 08:27:00,0.18383485049645287
2018-07-29 08:30:00,0.15688041110325912
2018-07-29 08:33:00,0.22927378421201183
2018-07-29 08:36:00,0.12040135050187928
2018-07-29 08:39:00,0.24303725489767203
2018-07-29 08:42:00,0.14522016966270712
2018-07-29 08:45:00,0.14870650406265895
2018-07-29 08:48:00,0.15489179815955367
2018-07-29 08:51:00,0.16780122357977234
2018-07-29 08:54:00,0.10484467570540801
2018-07-29 08:57:00,0.053860200933741
2018-07-29 09:00:00,0.019687007894390263
2018-07-29 09:03:00,0.0815621278807157
2018-07-29 09:06:00,-0.05627915097306868
2018-07-29 09:09:00,-0.030852900359661817
2018-07-29 09:12:00,0.014326978430801773
2018-07-29 09:15:00,-0.002783702646695474
2018-07-29 09:18:00,0.032395280182242914
2018-07-29 09:21:00,0.030193220724299863
2018-07-29 09:24:00,0.061648555926012705
2018-07-29 09:27:00,0.04791894140532804
2018-07-29 09:30:00,-0.0049303095659070095
2018-07-29 09:33:00,0.11642896198873132
2018-07-29 09:36:00,0.07943386604881653
2018-07-29 09:39:00,0.1005311603755672
2018-07-29 09:42:00,-0.02442195740002262
2018-07-29 09:45:00,-0.003777557980754409
2018-07-29 09:48:00,-0.04717778959468433
2018-07-29 09:51:00,-0.029555372324750806
2018-07-29 09:54:00,-0.050698967167591036
2018-07-29 09:57:00,-0.03783659099798342
2018-07-29 10:00:00,0.034178582640493005
2018-07-29 10:03:00,-0.08713060657203187
2018-07-29 10:06:00,-0.1015925876787378
2018-07-29 10:09:00,0.0024499542240050687
2018-07-29 10:12:00,-0.0234062042837877
2018-07-29 10:15:00,-0.06489006878427972
2018-07-29 10:18:00,-0.2092469675995403
2018-07-29 10:21:00,-0.12035066304457587
2018-07-29 10:24:00,-0.06952252547301896
2018-07-29 10:27:00,-0.19625584549152109
2018-07-29 10:30:00,-0.23072650779141668
2018-07-29 10:33:00,-0.23612127515690418
2018-07-29 10:36:00,-0.12017567759431813
2018-07-29 10:39:00,-0.16519437572247853
2018-07-29 10:42:00,-0.15829760629196699
2018-07-29 10:45:00,-0.2325406965825323
2018-07-29 10:48:00,-0.13687191766928208
2018-07-29 10:51:00,-0.14188011600066375
2018-07-29 10:54:00,-0.10967887986691949
2018-07-29 10:57:00,-0.21071856506233644
2018-07-29 11:00:00,-0.12239251816930619
2018-07-29 11:03:00,-0.14650425678888723
2018-07-29 11:06:00,-0.17491040630221732
2018-07-29 11:09:00,-0.19897354366997888
2018-07-29 11:12:00,-0.06455201169995917
2018-07-29 11:15:00,-0.12855968381404637
2018-07-29 11:18:00,-0.2684383551513747
2018-07-29 11:21:00,-0.2807703070471348
2018-07-29 11:24:00,-0.1443555257332605
2018-07-29 11:27:00,-0.29100378885783584
2018-07-29 11:30:00,-0.20331170545108534
2018-07-29 11:33:00,-0.2573520814682979
2018-07-29 11:36:00,-0.2598933342156897
2018-07-29 11:39:00,-0.2026948344426387
2018-07-29 11:42:00,-0.35602268163739836
2018-07-29 11:45:00,-0.24880031839614958
2018-07-29 11:48:00,-0.2661511565692649
2018-07-29 11:51:00,-0.2730855210689356
2018-07-29 11:54:00,-0.17238986701329395
2018-07-29 11:57:00,-0.27017590968472405
2018-07-29 12:00:00,-0.23540943190170083
2018-07-29 12:03:00,-0.2593588646526541
2018-07-29 12:06:00,-0.20366546707464295
2018-07-29 12:09:00,-0.11174159823775653
2018-07-29 12:12:00,-0.23169744793307245
2018-07-29 12:15:00,-0.30775907796646607
2018-07-29 12:18:00,-0.26923357570501594
2018-07-29 12:21:00,-0.2363165996990233
2018-07-29 12:24:00,-0.2374671743002068
2018-07-29 12:27:00,-0.16003751212463158
2018-07-29 12:30:00,-0.3127169561767005
2018-07-29 12:33:00,-0.2596985181404534
2018-07-29 12:36:00,-0.30483680192566
2018-07-29 12:39:00,-0.2627025764609243
2018-07-29 12:42:00,-0.3385895255432274
2018-07-29 12:45:00,-0.2282143368303764
2018-07-29 12:48:00,-0.258309821710327
2018-07-29 12:51:00,-0.3431398020039751
2018-07-29 12:54:00,-0.3412400213937872
2018-07-29 12:57:00,-0.3402704919436701
2018-07-29 13:00:00,-0.23998876578298223
2018-07-29 13:03:00,-0.15449024533103284
2018-07-29 13:06:00,-0.29938106173415235
2018-07-29 13:09:00,-0.22244551776617527
2018-07-29 13:12:00,-0.4110394764779244
2018-07-29 13:15:00,-0.4758197146543921
2018-07-29 13:18:00,-0.43906597326929386
2018-07-29 13:21:00,-0.42777241290218626
2018-07-29 13:24:00,-0.39719549665358045
2018-07-29 13:27:00,-0.3832705171943189
2018-07-29 13:30:00,-0.39509481909311717
2018-07-29 13:33:00,-0.39671750277545925
2018-07-29 13:36:00,-0.5302084499844
2018-07-29 13:39:00,-0.5060941326169655
2018-07-29 13:42:00,-0.4779538795773419
2018-07-29 13:45:00,-0.3308583009815038
2018-07-29 13:48:00,-0.38189910681012407
2018-07-29 13:51:00,-0.17246064653335225
2018-07-29 13:54:00,-0.4254528380582201
2018-07-29 13:57:00,-0.45051621018478727
2018-07-29 14:00:00,-0.4399210859695586
2018-07-29 14:03:00,-0.4726640958753592
2018-07-29 14:06:00,-0.5491428220307739
2018-07-29 14:09:00,-0.5138422529173567
2018-07-29 14:12:00,-0.48295624265074366
2018-07-29 14:15:00,-0.5300962707778467
2018-07-29 14:18:00,-0.5987889808676528
2018-07-29 14:21:00,-0.6184213722607979
2018-07-29 14:24:00,-0.4653025699953446
2018-07-29 14:27:00,-0.5054270892226214
2018-07-29 14:30:00,-0.42708576114245034
2018-07-29 14:33:00,-0.3757365123240106
2018-07-29 14:36:00,-0.3844506443580258
2018-07-29 14:39:00,-0.30600752149973687
2018-07-29 14:42:00,-0.4001501872260178
2018-07-29 14:45:00,-0.4123404056330173
2018-07-29 14:48:00,-0.4739572743529834
2018-07-29 14:51:00,-0.4551356228067789
2018-07-29 14:54:00,-0.49016175539270535
2018-07-29 14:57:00,-0.4566026642784209
2018-07-29 15:00:00,-0.43276922292125164
2018-07-29 15:03:00,-0.4939244120527633
2018-07-29 15:06:00,-0.47684072726235627
2018-07-29 15:09:00,-0.5618790471632451
2018-07-29 15:12:00,-0.5915577917128871
2018-07-29 15:15:00,-0.37271415463459334
2018-07-29 15:18:00,-0.43593990278321826
2018-07-29 15:21:00,-0.387048603139192
2018-07-29 15:24:00,-0.5025198352887514
2018-07-29 15:27:00,-0.39145208793303254
2018-07-29 15:30:00,-0.33971424651605275
2018-07-29 15:33:00,-0.3685989104544092
2018-07-29 15:36:00,-0.41166303419220185
2018-07-29 15:39:00,-0.41796692552156856
2018-07-29 15:42:00,-0.20879735362910878
2018-07-29 15:45:00,-0.09748737009869046
2018-07-29 15:48:00,-0.2801938791077987
2018-07-29 15:51:00,-0.3663362113469475
2018-07-29 15:54:00,0.04181016611528321
2018-07-29 15:57:00,0.23092805258846738
2018-07-29 16:00:00,0.21927271572695872
2018-07-29 16:03:00,0.28855664150103166
2018-07-29 16:06:00,-0.07698092763445175
2018-07-29 16:09:00,-0.39893347372247945
2018-07-29 16:12:00,-0.5379939214773231
2018-07-29 16:15:00,-0.5397803764416267
2018-07-29 16:18:00,-0.3949156280670536
2018-07-29 16:21:00,-0.23208444882430967
2018-07-29 16:24:00,-0.0898018494868893
2018-07-29 16:27:00,-0.16905444385918145
2018-07-29 16:30:00,-0.2503407101452808
2018-07-29 16:33:00,-0.23947086243163085
2018-07-29 16:36:00,-0.167946977884867
2018-07-29 16:39:00,-0.10754927123099378
2018-07-29 16:42:00,-0.12702197139304872
2018-07-29 16:45:00,-0.1011446576926005
2018-07-29 16:48:00,-0.14879623904789696
2018-07-29 16:51:00,-0.12000108502849116
2018-07-29 16:54:00,-0.10999540298490729
2018-07-29 16:57:00,-0.12299093898809588
2018-07-29 17:00:00,-0.16212444503315737
2018-07-29 17:03:00,-0.09967095127763059
2018-07-29 17:06:00,-0.07252928787926294
2018-07-29 17:09:00,-0.06492574951977303
2018-07-29 17:12:00,-0.03862002769312767
2018-07-29 17:15:00,0.006582715488775648
2018-07-29 17:18:00,-0.017403857969725323
2018-07-29 17:21:00,-0.00822612387338495
2018-07-29 17:24:00,-0.08131591893294399
2018-07-29 17:27:00,-0.02215418054862539
2018-07-29 17:30:00,-0.09042018990476208
2018-07-29 17:33:00,-0.06844294222781855
2018-07-29 17:36:00,-0.10493902719548487
2018-07-29 17:39:00,-0.1443806609739795
2018-07-29 17:42:00,-0.08007097601984015
2018-07-29 17:45:00,-0.09347364382438172
2018-07-29 17:48:00,-0.12249325058178329
2018-07-29 17:51:00,-0.0949666106283189
2018-07-29 17:54:00,-0.12457628485964278
2018-07-29 17:57:00,-0.06550200274358531
2018-07-29 18:00:00,-0.047064143717705065
2018-07-29 18:03:00,-0.05511087263897707
2018-07-29 18:06:00,0.014800062630854427
2018-07-29 18:09:00,-0.131892519792018
2018-07-29 18:12:00,-0.04349002593937712
2018-07-29 18:15:00,-0.14247092809381456
2018-07-29 18:18:00,-0.11208047160340584
2018-07-29 18:21:00,-0.07542559527911408
2018-07-29 18:24:00,-0.07489530548855328
2018-07-29 18:27:00,0.15951945505827325
2018-07-29 18:30:00,0.06402583920356619
2018-07-29 18:33:00,0.18223710622640965
2018-07-29 18:36:00,-0.04306882955324909
2018-07-29 18:39:00,0.06489802915695009
2018-07-29 18:42:00,-0.04894255268970937
2018-07-29 18:45:00,0.04914223922349947
2018-07-29 18:48:00,0.07568576818272277
2018-07-29 18:51:00,0.05651806506136836
2018-07-29 18:54:00,0.15727897993082252
2018-07-29 18:57:00,
2018-07-29 19:00:00,
2018-07-29 19:03:00,0.16497725232602534
2018-07-29 19:06:00,0.37197660237109176
2018-07-29 19:09:00,0.19472336159378756
2018-07-29 19:12:00,0.16548699700501857
2018-07-29 19:15:00,0.09763433300929591
2018-07-29 19:18:00,0.11270182820464925
2018-07-29 19:21:00,0.1282209372438956
2018-07-29 19:24:00,0.061567527726538174
2018-07-29 19:27:00,0.17980518932313316
2018-07-29 19:30:00,0.18271160958249766
2018-07-29 19:33:00,0.018716771912238528
2018-07-29 19:36:00,0.13549574825503896
2018-07-29 19:39:00,0.10740524720557687
2018-07-29 19:42:00,0.14232315645364224
2018-07-29 19:45:00,0.23568145474888524
2018-07-29 19:48:00,0.10073757467898758
2018-07-29 19:51:00,0.1324088693268095
2018-07-29 19:54:00,0.06775514777962144
2018-07-29 19:57:00,-0.08101451106193736
2018-07-29 20:00:00,-0.06581875508072699
2018-07-29 20:03:00,0.04311939866505554
2018-07-29 20:06:00,-0.013092965085775177
2018-07-29 20:09:00,0.006338117454561143
2018-07-29 20:12:00,-0.006696068967073643
2018-07-29 20:15:00,-0.03223805248660483
2018-07-29 20:18:00,-0.04074453016727375
2018-07-29 20:21:00,-0.06178838907470663
2018-07-29 20:24:00,0.12803695421308703
2018-07-29 20:27:00,0.08356572169947185
2018-07-29 20:30:00,0.009599998468502235
2018-07-29 20:33:00,0.08423822911908019
2018-07-29 20:36:00,0.057187956766313164
2018-07-29 20:39:00,0.035969789224736815
2018-07-29 20:42:00,0.11997625827916636
2018-07-29 20:45:00,0.11998423300474315
2018-07-29 20:48:00,0.1471036033931341
2018-07-29 20:51:00,0.11280591354250191
2018-07-29 20:54:00,0.08996152884367348
2018-07-29 20:57:00,0.11805988107380472
2018-07-29 21:00:00,0.12038975149926046
2018-07-29 21:03:00,0.1129901501420818
2018-07-29 21:06:00,0.0363708827835012
2018-07-29 21:09:00,0.06371635148553878
2018-07-29 21:12:00,0.1905840758499835
2018-07-29 21:15:00,0.03711297268642966
2018-07-29 21:18:00,0.08958807654482825
2018-07-29 21:21:00,0.07240662779076956
2018-07-29 21:24:00,0.12458554549118617
2018-07-29 21:27:00,0.18482346753899037
2018-07-29 21:30:00,0.17118202504047986
2018-07-29 21:33:00,0.10554225267554784
2018-07-29 21:36:00,0.19209502794757327
2018-07-29 21:39:00,0.0782155138661551
2018-07-29 21:42:00,0.05612971270318212
2018-07-29 21:45:00,0.04098103446301593
2018-07-29 21:48:00,0.042303296525062706
2018-07-29 21:51:00,0.10977637658828598
2018-07-29 21:54:00,0.09262459239300824
2018-07-29 21:57:00,0.07652994174253536
2018-07-29 22:00:00,0.12200176423999665
2018-07-29 22:03:00,0.09001108058936325
2018-07-29 22:06:00,0.10255769899379175
2018-07-29 22:09:00,0.1171327952580441
2018-07-29 22:12:00,0.1111679536994643
2018-07-29 22:15:00,0.13999277163287616
2018-07-29 22:18:00,0.1754776444929007
2018-07-29 22:21:00,0.036697516706965416
2018-07-29 22:24:00,0.13991815384349593
2018-07-29 22:27:00,0.14225034421116334
2018-07-29 22:30:00,0.17423481879831115
2018-07-29 22:33:00,0.1024305221652071
2018-07-29 22:36:00,0.08991058489408488
2018-07-29 22:39:00,0.22095545076803091
2018-07-29 22:42:00,0.2372852262590186
2018-07-29 22:45:00,0.20363346076652533
2018-07-29 22:48:00,0.24583042774179376
2018-07-29 22:51:00,0.2508913407809814
2018-07-29 22:54:00,0.17875366979546925
2018-07-29 22:57:00,0.3131097915567125
2018-07-29 23:00:00,0.23968210108637322
2018-07-29 23:03:00,0.32894030086310977
2018-07-29 23:06:00,0.2857500244446669
2018-07-29 23:09:00,0.19184192485079166
2018-07-29 23:12:00,0.25653426464856466
2018-07-29 23:15:00,0.18195680784697288
2018-07-29 23:18:00,0.20259000375574487
2018-07-29 23:21:00,0.26606432724571505
2018-07-29 23:24:00,0.11463287024349711
2018-07-29 23:27:00,0.23864516273022218
2018-07-29 23:30:00,0.22772941887996012
2018-07-29 23:33:00,0.18336470087575663
2018-07-29 23:36:00,0.21928779564444767
2018-07-29 23:39:00,0.2283938590236403
2018-07-29 23:42:00,0.2145315666176657
2018-07-29 23:45:00,0.1986660857384095
2018-07-29 23:48:00,0.10926758283272875
2018-07-29 23:51:00,0.13953112395091694
2018-07-29 23:54:00,0.18742380211443788
2018-07-29 23:57:00,0.20906125805879583
2018-07-30 00:00:00,0.2649789893820298
2018-07-30 00:03:00,0.21729603190317448
2018-07-30 00:06:00,0.12513687902736592
2018-07-30 00:09:00,0.26963559610373977
2018-07-30 00:12:00,0.21002842957813073
2018-07-30 00:15:00,0.17346027051399915
2018-07-30 00:18:00,0.26052065391479573
2018-07-30 00:21:00,0.34521704249624463
2018-07-30 00:24:00,0.27878781502761285
2018-07-30 00:27:00,0.21552150019039118
2018-07-30 00:30:00,0.18315391464142294
2018-07-30 00:33:00,0.29563800764947246
2018-07-30 00:36:00,0.3134572086181038
2018-07-30 00:39:00,0.24931577331517474
2018-07-30 00:42:00,0.34797729687386436
2018-07-30 00:45:00,0.28983010620942196
2018-07-30 00:48:00,0.24037346510539237
2018-07-30 00:51:00,0.211388795329583
2018-07-30 00:54:00,0.215696849147605
2018-07-30 00:57:00,0.2536518500383522
2018-07-30 01:00:00,0.2110592058594989
2018-07-30 01:03:00,0.2739072129404576
2018-07-30 01:06:00,0.259665656878326
2018-07-30 01:09:00,0.29705523140927426
2018-07-30 01:12:00,0.2840102016562014
2018-07-30 01:15:00,0.34041505620763246
2018-07-30 01:18:00,0.2956499608783929
2018-07-30 01:21:00,0.29754424826694503
2018-07-30 01:24:00,0.33947461280791913
2018-07-30 01:27:00,0.24411002288616146
2018-07-30 01:30:00,0.30930280980697944
2018-07-30 01:33:00,0.2783954801049049
2018-07-30 01:36:00,0.2677870108041702
2018-07-30 01:39:00,0.20998693992549988
2018-07-30 01:42:00,0.27962649193574407
2018-07-30 01:45:00,0.19597914516702986
2018-07-30 01:48:00,0.2119834465695476
2018-07-30 01:51:00,0.3118779523016997
2018-07-30 01:54:00,0.2981677084275134
2018-07-30 01:57:00,0.1861033102435954
2018-07-30 02:00:00,0.21197186424410575
2018-07-30 02:03:00,0.3902135122831396
2018-07-30 02:06:00,0.2623695673283919
2018-07-30 02:09:00,0.27468461882824613
2018-07-30 02:12:00,0.31649436395144903
2018-07-30 02:15:00,0.3516257476131841
2018-07-30 02:18:00,0.2438103933425282
2018-07-30 02:21:00,0.2797028620179276
2018-07-30 02:24:00,0.20830385750423375
2018-07-30 02:27:00,0.40166268583243436
2018-07-30 02:30:00,0.3404458768779932
2018-07-30 02:33:00,0.33749081459575336
2018-07-30 02:36:00,0.28413968168490555
2018-07-30 02:39:00,0.22188948840869216
2018-07-30 02:42:00,0.2605764268711823
2018-07-30 02:45:00,0.3232764935913224
2018-07-30 02:48:00,0.29254127398922947
2018-07-30 02:51:00,0.2712004887495141
2018-07-30 02:54:00,0.2894619362340336
2018-07-30 02:57:00,0.19886481153793056
2018-07-30 03:00:00,0.2868044482140135
2018-07-30 03:03:00,0.2856363141224847
2018-07-30 03:06:00,0.25403539462564595
2018-07-30 03:09:00,0.22997488522366893
2018-07-30 03:12:00,0.2543810240820221
2018-07-30 03:15:00,0.22072911867735456
2018-07-30 03:18:00,0.2828838559372002
2018-07-30 03:21:00,0.28546252282149
2018-07-30 03:24:00,0.34814139652269205
2018-07-30 03:27:00,0.28434876105472995
2018-07-30 03:30:00,0.3581175484296182
2018-07-30 03:33:00,0.3307246312336929
2018-07-30 03:36:00,0.2639386703830269
2018-07-30 03:39:00,0.3129527802796588
2018-07-30 03:42:00,0.26801804695003284
2018-07-30 03:45:00,0.2998909036783175
2018-07-30 03:48:00,0.3540978559196333
2018-07-30 03:51:00,0.22847723155058475
2018-07-30 03:54:00,0.3043364855037112
2018-07-30 03:57:00,0.16441080413193276
2018-07-30 04:00:00,0.30746315707961
2018-07-30 04:03:00,0.3234440773401275
2018-07-30 04:06:00,0.13334063800891727
2018-07-30 04:09:00,0.30709753382831195
2018-07-30 04:12:00,0.2270713736532457
2018-07-30 04:15:00,0.21054190847075915
2018-07-30 04:18:00,0.30136091975145973
2018-07-30 04:21:00,0.17115160165468524
2018-07-30 04:24:00,0.3018584182804034
2018-07-30 04:27:00,0.24477805618960247
2018-07-30 04:30:00,0.2522427183711784
2018-07-30 04:33:00,0.2339543459134461
2018-07-30 04:36:00,0.27405374059395626
2018-07-30 04:39:00,0.2824608600367924
2018-07-30 04:42:00,0.22975595904978263
2018-07-30 04:45:00,0.19019756202948201
2018-07-30 04:48:00,0.3197670747930488
2018-07-30 04:51:00,0.2871176111169689
2018-07-30 04:54:00,0.24707458671088034
2018-07-30 04:57:00,0.296157685744447
2018-07-30 05:00:00,0.2674416045345538
2018-07-30 05:03:00,0.25354523046956956
2018-07-30 05:06:00,0.30927776448754685
2018-07-30 05:09:00,0.29292906707303246
2018-07-30 05:12:00,0.26029905323912317
2018-07-30 05:15:00,0.2599456916607892
2018-07-30 05:18:00,0.19747567316994719
2018-07-30 05:21:00,0.35593807946474953
2018-07-30 05:24:00,0.3299832433569918
2018-07-30 05:27:00,0.35317784725629053
2018-07-30 05:30:00,0.356790074488913
2018-07-30 05:33:00,0.32361172208652533
2018-07-30 05:36:00,0.30737079964927716
2018-07-30 05:39:00,0.3221312025228258
2018-07-30 05:42:00,0.310169046177748
2018-07-30 05:45:00,0.3692456854971624
2018-07-30 05:48:00,0.2807673951476204
2018-07-30 05:51:00,0.24584677312600434
2018-07-30 05:54:00,0.3803864384734652
2018-07-30 05:57:00,0.2882630656004608
2018-07-30 06:00:00,0.3677470235207352
2018-07-30 06:03:00,0.3249502609930346
2018-07-30 06:06:00,0.36944961448148206
2018-07-30 06:09:00,0.33156518077191777
2018-07-30 06:12:00,0.4176846023001417
2018-07-30 06:15:00,0.30481080045279896
2018-07-30 06:18:00,0.3452924781047386
2018-07-30 06:21:00,0.34115036417949796
2018-07-30 06:24:00,0.2857533690534524
2018-07-30 06:27:00,0.3287891242366072
2018-07-30 06:30:00,0.25840057969463714
2018-07-30 06:33:00,0.31763857332612133
2018-07-30 06:36:00,0.2702396184884037
2018-07-30 06:39:00,0.28565328619117736
2018-07-30 06:42:00,0.21814570827916668
2018-07-30 06:45:00,0.1739821784697142
2018-07-30 06:48:00,0.38257595633547226
2018-07-30 06:51:00,0.2764986527196811
2018-07-30 06:54:00,0.332263432591958
2018-07-30 06:57:00,0.3390214763447261
2018-07-30 07:00:00,0.2977560338131866
2018-07-30 07:03:00,0.29355868952603714
2018-07-30 07:06:00,0.3859299486952068
2018-07-30 07:09:00,0.27734576351957685
2018-07-30 07:12:00,0.3591522801709175
2018-07-30 07:15:00,0.3759575494241858
2018-07-30 07:18:00,0.20088265636132974
2018-07-30 07:21:00,0.2929108696761773
2018-07-30 07:24:00,0.33147177420482876
2018-07-30 07:27:00,0.3126987264812442
2018-07-30 07:30:00,0.3380570025964289
2018-07-30 07:33:00,0.23258037567984502
2018-07-30 07:36:00,0.17974388317645662
2018-07-30 07:39:00,0.269336654119968
2018-07-30 07:42:00,0.18385926228501148
2018-07-30 07:45:00,0.239623635384703
2018-07-30 07:48:00,0.2718471778563867
2018-07-30 07:51:00,0.13316093732879608
2018-07-30 07:54:00,0.14038264076128826
2018-07-30 07:57:00,0.24997569126907138
2018-07-30 08:00:00,0.13903014509696732
2018-07-30 08:03:00,0.16606444941623977
2018-07-30 08:06:00,0.1366786408082703
2018-07-30 08:09:00,0.20684758104431467
2018-07-30 08:12:00,0.21583285683425402
2018-07-30 08:15:00,0.08436243761832429
2018-07-30 08:18:00,0.03768998438732751
2018-07-30 08:21:00,0.1997240401363456
2018-07-30 08:24:00,0.14027396626579502
2018-07-30 08:27:00,0.09132175618270821
2018-07-30 08:30:00,0.040740878980670914
2018-07-30 08:33:00,0.15963208308630783
2018-07-30 08:36:00,0.0748792672017089
2018-07-30 08:39:00,0.04430071907961519
2018-07-30 08:42:00,0.021644836226641928
2018-07-30 08:45:00,-0.011800927762067204
2018-07-30 08:48:00,-0.02572730292632741
2018-07-30 08:51:00,-0.030938532918696637
2018-07-30 08:54:00,-0.06438098344619902
2018-07-30 08:57:00,0.029774948478063834
2018-07-30 09:00:00,-0.05511588309087756
2018-07-30 09:03:00,0.035966969693845385
2018-07-30 09:06:00,-0.017249378711710506
2018-07-30 09:09:00,-0.09711302746092088
2018-07-30 09:12:00,-0.06416225087571092
2018-07-30 09:15:00,0.05772132650832873
2018-07-30 09:18:00,-0.05279862437356542
2018-07-30 09:21:00,-0.04647538618604585
2018-07-30 09:24:00,0.03054389745267372
2018-07-30 09:27:00,0.10863897062819206
2018-07-30 09:30:00,0.010276537634638316
2018-07-30 09:33:00,-0.07447121499922105
2018-07-30 09:36:00,0.13312890776023778
2018-07-30 09:39:00,-0.02327887935251738
2018-07-30 09:42:00,-0.040928953282445946
2018-07-30 09:45:00,0.01739541522744048
2018-07-30 09:48:00,-0.013589788263857372
2018-07-30 09:51:00,0.057502358191584335
2018-07-30 09:54:00,-0.005647544723956344
2018-07-30 09:57:00,-0.015927422283084525
2018-07-30 10:00:00,-0.06809907732656484
2018-07-30 10:03:00,-0.08892357278944019
2018-07-30 10:06:00,-0.05162683210079422
2018-07-30 10:09:00,-0.10295599904719666
2018-07-30 10:12:00,-0.04217607762188891
2018-07-30 10:15:00,-0.06970071540365552
2018-07-30 10:18:00,-0.17740098328806653
2018-07-30 10:21:00,-0.10385777890883219
2018-07-30 10:24:00,-0.1657034458620501
2018-07-30 10:27:00,-0.1402722733354267
2018-07-30 10:30:00,0.0017947302974334889
2018-07-30 10:33:00,-0.08556787918570308
2018-07-30 10:36:00,-0.07984053529690982
2018-07-30 10:39:00,0.014785663027964802
2018-07-30 10:42:00,-0.04612629811668967
2018-07-30 10:45:00,-0.03319370289557355
2018-07-30 10:48:00,-0.013966756917170642
2018-07-30 10:51:00,0.00033175461271639506
2018-07-30 10:54:00,0.018474333266851772
2018-07-30 10:57:00,0.020890661407690914
2018-07-30 11:00:00,-0.06525771279854098
2018-07-30 11:03:00,-0.013330981131275621
2018-07-30 11:06:00,-0.08488484163143539
2018-07-30 11:09:00,-0.05137126248638424
2018-07-30 11:12:00,0.04430900423426465
2018-07-30 11:15:00,-0.07146857486242197
2018-07-30 11:18:00,-0.09608994333223109
2018-07-30 11:21:00,0.008326597019163273
2018-07-30 11:24:00,0.02376008830617593
2018-07-30 11:27:00,0.015201005285177871
2018-07-30 11:30:00,0.08988076476094875
2018-07-30 11:33:00,0.11558560557494957
2018-07-30 11:36:00,-0.01044848485565808
2018-07-30 11:39:00,-0.08959732217692817
2018-07-30 11:42:00,-0.003018077400383845
2018-07-30 11:45:00,-0.03635216101866945
2018-07-30 11:48:00,0.19759973287159482
2018-07-30 11:51:00,0.3097593905845315
2018-07-30 11:54:00,-0.07498583804317605
2018-07-30 11:57:00,-0.0990370411642516
2018-07-30 12:00:00,-0.08113560484207483
2018-07-30 12:03:00,-0.12850839289393434
2018-07-30 12:06:00,-0.08669588479858703
2018-07-30 12:09:00,-0.15236011520045167
2018-07-30 12:12:00,-0.10485389444471593
2018-07-30 12:15:00,-0.087757551848199
2018-07-30 12:18:00,0.14182224940731203
2018-07-30 12:21:00,-0.06263252913993256
2018-07-30 12:24:00,-0.0222173433372177
2018-07-30 12:27:00,0.11350974663736224
2018-07-30 12:30:00,0.1838479827627566
2018-07-30 12:33:00,0.5143017401354655
2018-07-30 12:36:00,0.5755813214937575
2018-07-30 12:39:00,0.5693649629624247
2018-07-30 12:42:00,0.45926961485048423
2018-07-30 12:45:00,0.10337766950658533
2018-07-30 12:48:00,0.10870360268273771
2018-07-30 12:51:00,0.23072485716534175
2018-07-30 12:54:00,0.39545486728468404
2018-07-30 12:57:00,0.26717927958799237
2018-07-30 13:00:00,0.1535993484719711
2018-07-30 13:03:00,0.2100286385031609
2018-07-30 13:06:00,0.14490673029592926
2018-07-30 13:09:00,0.22787290690564532
2018-07-30 13:12:00,0.2068289972248749
2018-07-30 13:15:00,0.14936275169890223
2018-07-30 13:18:00,0.33558160904209444
2018-07-30 13:21:00,0.5231105319950302
2018-07-30 13:24:00,0.7256023697009937
2018-07-30 13:27:00,0.5974377859833453
2018-07-30 13:30:00,0.5272926462837404
2018-07-30 13:33:00,0.3399935045778193
2018-07-30 13:36:00,0.382079103680951
2018-07-30 13:39:00,0.22553549775932424
2018-07-30 13:42:00,0.12508217372561603
2018-07-30 13:45:00,0.2841941768983247
2018-07-30 13:48:00,0.36118400562759234
2018-07-30 13:51:00,0.30095469454630575
2018-07-30 13:54:00,0.33255998256936437
2018-07-30 13:57:00,0.40100204992091903
2018-07-30 14:00:00,0.16200082116466774
2018-07-30 14:03:00,0.038751405718244314
2018-07-30 14:06:00,0.34448064455898475
2018-07-30 14:09:00,0.4733228514930943
2018-07-30 14:12:00,0.6099454753867235
2018-07-30 14:15:00,0.272451907146376
2018-07-30 14:18:00,0.39911278851457155
2018-07-30 14:21:00,0.12741514897879824
2018-07-30 14:24:00,0.17765150617282188
2018-07-30 14:27:00,0.09959997977165358
2018-07-30 14:30:00,-0.03832143970794277
2018-07-30 14:33:00,0.08817332521272192
2018-07-30 14:36:00,0.19729027512340735
2018-07-30 14:39:00,0.2075866282871175
2018-07-30 14:42:00,0.20931760004356192
2018-07-30 14:45:00,0.13317570430984915
2018-07-30 14:48:00,0.3617837748694228
2018-07-30 14:51:00,0.281811698514673
2018-07-30 14:54:00,0.39890875217798794
2018-07-30 14:57:00,0.24975475924208013
2018-07-30 15:00:00,0.2079301141330916
2018-07-30 15:03:00,0.17149348764451133
2018-07-30 15:06:00,0.20480688846663497
2018-07-30 15:09:00,0.3043757753073919
2018-07-30 15:12:00,0.34132101649669266
2018-07-30 15:15:00,0.5593532790917948
2018-07-30 15:18:00,0.3309422009766081
2018-07-30 15:21:00,0.36498264603932284
2018-07-30 15:24:00,0.1912467451057296
2018-07-30 15:27:00,0.27433102348578586
2018-07-30 15:30:00,0.5057239278914949
2018-07-30 15:33:00,0.2593365807066448
2018-07-30 15:36:00,0.1546575101782537
2018-07-30 15:39:00,0.16776508908378673
2018-07-30 15:42:00,0.19524813457405799
2018-07-30 15:45:00,0.2542445191918432
2018-07-30 15:48:00,0.16340433174451618
2018-07-30 15:51:00,0.17007720992540953
2018-07-30 15:54:00,0.1423537673492774
2018-07-30 15:57:00,0.11109382250981525
2018-07-30 16:00:00,0.11783797616004676
2018-07-30 16:03:00,0.15700743464270772
2018-07-30 16:06:00,0.06361819769909971
2018-07-30 16:09:00,0.08361230675711795
2018-07-30 16:12:00,0.19191179472278463
2018-07-30 16:15:00,0.0790063709326887
2018-07-30 16:18:00,0.12051436366647295
2018-07-30 16:21:00,0.12545460239238082
2018-07-30 16:24:00,0.06635632194274876
2018-07-30 16:27:00,0.10262986037281507
2018-07-30 16:30:00,0.13192346526722076
2018-07-30 16:33:00,0.17402673307793748
2018-07-30 16:36:00,0.02351873676178684
2018-07-30 16:39:00,0.2078473120916442
2018-07-30 16:42:00,0.08628001369095273
2018-07-30 16:45:00,0.06821518906554047
2018-07-30 16:48:00,0.10995871483066821
2018-07-30 16:51:00,0.030757840977742035
2018-07-30 16:54:00,0.0682829018816733
2018-07-30 16:57:00,0.12658296727119023
2018-07-30 17:00:00,0.03662355796296879
2018-07-30 17:03:00,0.019544619371515637
2018-07-30 17:06:00,0.013884069629909845
2018-07-30 17:09:00,0.040665672039835954
2018-07-30 17:12:00,0.10688963470107637
2018-07-30 17:15:00,0.08974075688479388
2018-07-30 17:18:00,0.13733737573380722
2018-07-30 17:21:00,0.022511659453584798
2018-07-30 17:24:00,0.04435711709351153
2018-07-30 17:27:00,0.09698765695645761
2018-07-30 17:30:00,0.12614630763869172
2018-07-30 17:33:00,0.11514086894146658
2018-07-30 17:36:00,-0.028783899877453223
2018-07-30 17:39:00,0.05688039870585726
2018-07-30 17:42:00,0.07954591072990524
2018-07-30 17:45:00,0.04291322409017084
2018-07-30 17:48:00,0.1530962291857918
2018-07-30 17:51:00,0.13169973483149988
2018-07-30 17:54:00,0.0112139983972952
2018-07-30 17:57:00,0.10343985913658571
2018-07-30 18:00:00,0.02019464651590397
2018-07-30 18:03:00,0.027533152219291424
2018-07-30 18:06:00,0.20480300232361515
2018-07-30 18:09:00,0.19808453123869185
2018-07-30 18:12:00,0.07453884265453325
2018-07-30 18:15:00,-0.032238591140014705
2018-07-30 18:18:00,0.0011873038117187207
2018-07-30 18:21:00,0.046592717824637475
2018-07-30 18:24:00,0.08992261636274179
2018-07-30 18:27:00,0.021548444657355503
2018-07-30 18:30:00,0.08187326109032256
2018-07-30 18:33:00,0.004067562583088602
2018-07-30 18:36:00,-0.07707348782662393
2018-07-30 18:39:00,0.017505134206544426
2018-07-30 18:42:00,-0.04414684640511268
2018-07-30 18:45:00,0.1232211651616808
2018-07-30 18:48:00,0.022397176313972977
2018-07-30 18:51:00,0.05114997272812616
2018-07-30 18:54:00,0.06693792045302871
2018-07-30 18:57:00,
2018-07-30 19:00:00,
2018-07-30 19:03:00,0.018914203318217915
2018-07-30 19:06:00,0.06799214502837003
2018-07-30 19:09:00,0.08430470174249649
2018-07-30 19:12:00,0.02324166056331478
2018-07-30 19:15:00,0.1022504197753733
2018-07-30 19:18:00,0.038691602182609586
2018-07-30 19:21:00,0.2699545432240029
2018-07-30 19:24:00,0.16408143386826168
2018-07-30 19:27:00,0.10523145695310632
2018-07-30 19:30:00,0.07945770608745306
2018-07-30 19:33:00,0.14553038773743765
2018-07-30 19:36:00,0.16323383717883644
2018-07-30 19:39:00,0.15777338842400468
2018-07-30 19:42:00,0.13715279962622162
2018-07-30 19:45:00,0.08813873203371259
2018-07-30 19:48:00,0.04105780416415428
2018-07-30 19:51:00,0.08042546075569135
2018-07-30 19:54:00,0.058690123778831094
2018-07-30 19:57:00,0.04090597235563109
2018-07-30 20:00:00,0.020054773351091626
2018-07-30 20:03:00,0.13090298117913335
2018-07-30 20:06:00,0.1588160226460218
2018-07-30 20:09:00,0.24180516605957791
2018-07-30 20:12:00,0.32519168823893096
2018-07-30 20:15:00,0.3400161657860963
2018-07-30 20:18:00,0.3181630714489643
2018-07-30 20:21:00,0.3375583721873454
2018-07-30 20:24:00,0.3043861350246857
2018-07-30 20:27:00,0.2933813976901547
2018-07-30 20:30:00,0.14050002415172003
2018-07-30 20:33:00,0.10437425731714711
2018-07-30 20:36:00,0.10893353441753106
2018-07-30 20:39:00,0.07331396754346997
2018-07-30 20:42:00,0.18454280626002628
2018-07-30 20:45:00,0.11244949740705579
2018-07-30 20:48:00,0.10345228299104292
2018-07-30 20:51:00,0.07452787097122382
2018-07-30 20:54:00,0.06609500548415781
2018-07-30 20:57:00,0.026471801919512927
2018-07-30 21:00:00,0.11988246338796671
2018-07-30 21:03:00,0.1353451283377467
2018-07-30 21:06:00,0.10657567274807889
2018-07-30 21:09:00,0.03152142999823582
2018-07-30 21:12:00,0.023118191997355098
2018-07-30 21:15:00,0.1425607836088716
2018-07-30 21:18:00,0.10299389734291253
2018-07-30 21:21:00,0.06147326389793761
2018-07-30 21:24:00,0.1868097462205469
2018-07-30 21:27:00,0.1448119210916161
2018-07-30 21:30:00,0.1257463332015618
2018-07-30 21:33:00,0.18075651411425042
2018-07-30 21:36:00,0.12978127624234048
2018-07-30 21:39:00,0.09542338848018517
2018-07-30 21:42:00,0.2214001925058824
2018-07-30 21:45:00,0.15788805781642168
2018-07-30 21:48:00,0.14957417309028642
2018-07-30 21:51:00,0.17205198816816392
2018-07-30 21:54:00,0.11135470164373373
2018-07-30 21:57:00,0.2166856929609935
2018-07-30 22:00:00,0.1740195900349022
2018-07-30 22:03:00,0.16998451616018428
2018-07-30 22:06:00,0.17544195540699548
2018-07-30 22:09:00,0.19588775668211156
2018-07-30 22:12:00,0.16633383563981852
2018-07-30 22:15:00,0.2699430431869132
2018-07-30 22:18:00,0.13252618030281837
2018-07-30 22:21:00,0.20940267929034917
2018-07-30 22:24:00,0.20151336968262967
2018-07-30 22:27:00,0.1384739231095864
2018-07-30 22:30:00,0.1296022274433426
2018-07-30 22:33:00,0.13775994473360242
2018-07-30 22:36:00,0.227159262714963
2018-07-30 22:39:00,0.293413804808381
2018-07-30 22:42:00,0.19564045770130178
2018-07-30 22:45:00,0.3030438089217
2018-07-30 22:48:00,0.323646717132533
2018-07-30 22:51:00,0.3837053244619142
2018-07-30 22:54:00,0.27683665609538366
2018-07-30 22:57:00,0.32587218422128217
2018-07-30 23:00:00,0.3400876823124577
2018-07-30 23:03:00,0.36683848760822
2018-07-30 23:06:00,0.3276630196110659
2018-07-30 23:09:00,0.21791734308749255
2018-07-30 23:12:00,0.12214992213370124
2018-07-30 23:15:00,0.27466802571046856
2018-07-30 23:18:00,0.30125441673106934
2018-07-30 23:21:00,0.2206186084004571
2018-07-30 23:24:00,0.3638037258502891
2018-07-30 23:27:00,0.2637783520337962
2018-07-30 23:30:00,0.2582197052424249
2018-07-30 23:33:00,0.3201487869557127
2018-07-30 23:36:00,0.25331562250352135
2018-07-30 23:39:00,0.3034063792345023
2018-07-30 23:42:00,0.3876121204227161
2018-07-30 23:45:00,0.26301197795618236
2018-07-30 23:48:00,0.22841560609714406
2018-07-30 23:51:00,0.27091347912346464
2018-07-30 23:54:00,0.3154038586249044
2018-07-30 23:57:00,0.29112579200369737
2018-07-31 00:00:00,0.25527206105419964
2018-07-31 00:03:00,0.24991913444387137
2018-07-31 00:06:00,0.2250911619909175
2018-07-31 00:09:00,0.31059714731526356
2018-07-31 00:12:00,0.18405624506794993
2018-07-31 00:15:00,0.3012591811548191
2018-07-31 00:18:00,0.20270914335225143
2018-07-31 00:21:00,0.27366336032332583
2018-07-31 00:24:00,0.2640069713149842
2018-07-31 00:27:00,0.2078568341821665
2018-07-31 00:30:00,0.20902545547232876
2018-07-31 00:33:00,0.17193388288609412
2018-07-31 00:36:00,0.24279235993225257
2018-07-31 00:39:00,0.3479574750785446
2018-07-31 00:42:00,0.20285374293609948
2018-07-31 00:45:00,0.31507110678637673
2018-07-31 00:48:00,0.2620641917640114
2018-07-31 00:51:00,0.3466048442441547
2018-07-31 00:54:00,0.296574684228915
2018-07-31 00:57:00,0.27348070724349327
2018-07-31 01:00:00,0.18930089493699143
2018-07-31 01:03:00,0.20786382936779546
2018-07-31 01:06:00,0.1725896278150003
2018-07-31 01:09:00,0.28199000821558684
2018-07-31 01:12:00,0.22301974111246636
2018-07-31 01:15:00,0.24284152804142423
2018-07-31 01:18:00,0.28124707190016807
2018-07-31 01:21:00,0.16398650237300672
2018-07-31 01:24:00,0.2661729754941575
2018-07-31 01:27:00,0.29776218195320325
2018-07-31 01:30:00,0.329294501021252
2018-07-31 01:33:00,0.3008207670329739
2018-07-31 01:36:00,0.3885458613332844
2018-07-31 01:39:00,0.34268211338184074
2018-07-31 01:42:00,0.1884314319743794
2018-07-31 01:45:00,0.24011715519685595
2018-07-31 01:48:00,0.23691893879367854
2018-07-31 01:51:00,0.27433124054522295
2018-07-31 01:54:00,0.4142855197304698
2018-07-31 01:57:00,0.39303348940643446
2018-07-31 02:00:00,0.4767433931955338
2018-07-31 02:03:00,0.5249502677739883
2018-07-31 02:06:00,0.47170256071905214
2018-07-31 02:09:00,0.4645691906754905
2018-07-31 02:12:00,0.562454443248896
2018-07-31 02:15:00,0.5306116906949683
2018-07-31 02:18:00,0.46095655573498107
2018-07-31 02:21:00,0.4735195563832235
2018-07-31 02:24:00,0.538376866582837
2018-07-31 02:27:00,0.4896563681422208
2018-07-31 02:30:00,0.48032429307119173
2018-07-31 02:33:00,0.2973158446553157
2018-07-31 02:36:00,0.3503427256356417
2018-07-31 02:39:00,0.2660784614854492
2018-07-31 02:42:00,0.30368711727419395
2018-07-31 02:45:00,0.23214164403998439
2018-07-31 02:48:00,0.20144988624412008
2018-07-31 02:51:00,0.1953466353538147
2018-07-31 02:54:00,0.25185780399789337
2018-07-31 02:57:00,0.24745690455011982
2018-07-31 03:00:00,0.2511065536163528
2018-07-31 03:03:00,0.23465457131112544
2018-07-31 03:06:00,0.2141742981855259
2018-07-31 03:09:00,0.26216856095771846
2018-07-31 03:12:00,0.42211471700363745
2018-07-31 03:15:00,0.3376192287886397
2018-07-31 03:18:00,0.25922412463415867
2018-07-31 03:21:00,0.25223294204755575
2018-07-31 03:24:00,0.3184575435111583
2018-07-31 03:27:00,0.30754955594011335
2018-07-31 03:30:00,0.3294917590980617
2018-07-31 03:33:00,0.3069903045904425
2018-07-31 03:36:00,0.3181182518906098
2018-07-31 03:39:00,0.2788537071845667
2018-07-31 03:42:00,0.4127943144861206
2018-07-31 03:45:00,0.3327108369334155
2018-07-31 03:48:00,0.5650215514756951
2018-07-31 03:51:00,0.563574879158125
2018-07-31 03:54:00,0.6034446986858484
2018-07-31 03:57:00,0.46569518757473816
2018-07-31 04:00:00,0.4775562309135921
2018-07-31 04:03:00,0.3746090027431137
2018-07-31 04:06:00,0.2796719791900273
2018-07-31 04:09:00,0.2092362170691331
2018-07-31 04:12:00,0.27996470012595864
2018-07-31 04:15:00,0.2742356025966046
2018-07-31 04:18:00,0.18092796097744213
2018-07-31 04:21:00,0.15686285269697464
2018-07-31 04:24:00,0.32319182567886173
2018-07-31 04:27:00,0.16515277607447842
2018-07-31 04:30:00,0.21267811641411072
2018-07-31 04:33:00,0.18337137851767693
2018-07-31 04:36:00,0.2289109357091661
2018-07-31 04:39:00,0.27268387193345234
2018-07-31 04:42:00,0.31090781304214943
2018-07-31 04:45:00,0.28678048043900617
2018-07-31 04:48:00,0.28512740079651167
2018-07-31 04:51:00,0.2778127038007483
2018-07-31 04:54:00,0.2849265701074728
2018-07-31 04:57:00,0.25314021524798136
2018-07-31 05:00:00,0.21954334702553524
2018-07-31 05:03:00,0.2602497139475304
2018-07-31 05:06:00,0.3555707629028575
2018-07-31 05:09:00,0.3294975270371765
2018-07-31 05:12:00,0.24930197614293093
2018-07-31 05:15:00,0.20389576486235228
2018-07-31 05:18:00,0.2627144975833744
2018-07-31 05:21:00,0.30232429988717513
2018-07-31 05:24:00,0.30046784359541334
2018-07-31 05:27:00,0.25603243753317884
2018-07-31 05:30:00,0.3628944496642248
2018-07-31 05:33:00,0.18887061332083022
2018-07-31 05:36:00,0.296892098517219
2018-07-31 05:39:00,0.279769379717834
2018-07-31 05:42:00,0.4089275639892094
2018-07-31 05:45:00,0.342900058188377
2018-07-31 05:48:00,0.34643768514098383
2018-07-31 05:51:00,0.35158809853265893
2018-07-31 05:54:00,0.3309210321066871
2018-07-31 05:57:00,0.32543029457815464
2018-07-31 06:00:00,0.3566610363565701
2018-07-31 06:03:00,0.4233951953310111
2018-07-31 06:06:00,0.41772957341657957
2018-07-31 06:09:00,0.3071281338653762
2018-07-31 06:12:00,0.38845929333939466
2018-07-31 06:15:00,0.33763577823646074
2018-07-31 06:18:00,0.3595278058596705
2018-07-31 06:21:00,0.40158928273172023
2018-07-31 06:24:00,0.3594273481429582
2018-07-31 06:27:00,0.2541506977701147
2018-07-31 06:30:00,0.2838834542980635
2018-07-31 06:33:00,0.37173557264179635
2018-07-31 06:36:00,0.26085793018472714
2018-07-31 06:39:00,0.33439957861793346
2018-07-31 06:42:00,0.24548784485415354
2018-07-31 06:45:00,0.3071926983900539
2018-07-31 06:48:00,0.2930574507625465
2018-07-31 06:51:00,0.38603970526537523
2018-07-31 06:54:00,0.35302733731657554
2018-07-31 06:57:00,0.31241897477497105
2018-07-31 07:00:00,0.299770508428594
2018-07-31 07:03:00,0.2817772066495081
2018-07-31 07:06:00,0.42097124175717227
2018-07-31 07:09:00,0.29275638418624794
2018-07-31 07:12:00,0.37816880621198834
2018-07-31 07:15:00,0.3968804594225048
2018-07-31 07:18:00,0.3080289496490991
2018-07-31 07:21:00,0.342961711800001
2018-07-31 07:24:00,0.25453013065686036
2018-07-31 07:27:00,0.25473761172503373
2018-07-31 07:30:00,0.19569767919449532
2018-07-31 07:33:00,0.24980205358912144
2018-07-31 07:36:00,0.25595572028089464
2018-07-31 07:39:00,0.23963869012106898
2018-07-31 07:42:00,0.18672158875455125
2018-07-31 07:45:00,0.2734586377648611
2018-07-31 07:48:00,0.2149305651088298
2018-07-31 07:51:00,0.1846086921742085
2018-07-31 07:54:00,0.3583630027774234
2018-07-31 07:57:00,0.3130210425416635
2018-07-31 08:00:00,0.2555617778432975
2018-07-31 08:03:00,0.3436040197842658
2018-07-31 08:06:00,0.2843268721106256
2018-07-31 08:09:00,0.2451650130459484
2018-07-31 08:12:00,0.22933028088016272
2018-07-31 08:15:00,0.29626796513491627
2018-07-31 08:18:00,0.3087950556993633
2018-07-31 08:21:00,0.28088580691024845
2018-07-31 08:24:00,0.19896420391813763
2018-07-31 08:27:00,0.17053833087510384
2018-07-31 08:30:00,0.10087979073779252
2018-07-31 08:33:00,0.2618030220093033
2018-07-31 08:36:00,0.22391147513553733
2018-07-31 08:39:00,0.2624472052429496
2018-07-31 08:42:00,0.21661532308291953
2018-07-31 08:45:00,0.2655812013202308
2018-07-31 08:48:00,0.30288102676655626
2018-07-31 08:51:00,0.19904022660028886
2018-07-31 08:54:00,0.27810384262733123
2018-07-31 08:57:00,0.15226045541879785
2018-07-31 09:00:00,0.2525389183080051
2018-07-31 09:03:00,0.21137747231347248
2018-07-31 09:06:00,0.18442105484956528
2018-07-31 09:09:00,0.13721376137254992
2018-07-31 09:12:00,0.2125117160438208
2018-07-31 09:15:00,0.17474638526221042
2018-07-31 09:18:00,0.1715328770216047
2018-07-31 09:21:00,0.09811122497615088
2018-07-31 09:24:00,0.048599902331091016
2018-07-31 09:27:00,0.13895782902750398
2018-07-31 09:30:00,0.04445105490469814
2018-07-31 09:33:00,0.13694590723906686
2018-07-31 09:36:00,0.1294394743350722
2018-07-31 09:39:00,0.07130900825040953
2018-07-31 09:42:00,0.0879388843160882
2018-07-31 09:45:00,-0.03633552245395322
2018-07-31 09:48:00,-0.03746576424993009
2018-07-31 09:51:00,0.015574095106842378
2018-07-31 09:54:00,0.05407159959082719
2018-07-31 09:57:00,0.026947613935760728
2018-07-31 10:00:00,-0.008348389668356049
2018-07-31 10:03:00,0.010865125044858814
2018-07-31 10:06:00,0.12652000167128108
2018-07-31 10:09:00,0.13179951398711864
2018-07-31 10:12:00,0.0666875501133859
2018-07-31 10:15:00,-0.00062417179555041
2018-07-31 10:18:00,-0.037796182924921595
2018-07-31 10:21:00,-0.0751104900283508
2018-07-31 10:24:00,-0.05067266047632302
2018-07-31 10:27:00,-0.002739360714144823
2018-07-31 10:30:00,-0.012571855634291751
2018-07-31 10:33:00,0.015006578065992926
2018-07-31 10:36:00,-0.011543858691823061
2018-07-31 10:39:00,-0.14433521646617464
2018-07-31 10:42:00,0.04247316271494128
2018-07-31 10:45:00,0.09976584222778229
2018-07-31 10:48:00,0.0846083804416935
2018-07-31 10:51:00,0.20409955582499606
2018-07-31 10:54:00,0.27417996811442436
2018-07-31 10:57:00,0.09531954443394852
2018-07-31 11:00:00,0.030058472850043927
2018-07-31 11:03:00,0.004497766098950251
2018-07-31 11:06:00,0.0435898005054014
2018-07-31 11:09:00,-0.05158427119943099
2018-07-31 11:12:00,-0.012743849797232087
2018-07-31 11:15:00,-0.02688703785929647
2018-07-31 11:18:00,0.028603376866840335
2018-07-31 11:21:00,0.13980171040140021
2018-07-31 11:24:00,0.09531752858782738
2018-07-31 11:27:00,0.1768772005067376
2018-07-31 11:30:00,0.2851869838083303
2018-07-31 11:33:00,0.11405266969308059
2018-07-31 11:36:00,0.14751359183259183
2018-07-31 11:39:00,0.19297395225117953
2018-07-31 11:42:00,0.23160381899742788
2018-07-31 11:45:00,0.24244405207798536
2018-07-31 11:48:00,0.3944146052386941
2018-07-31 11:51:00,0.411846736733537
2018-07-31 11:54:00,0.14376530991279424
2018-07-31 11:57:00,0.0597712846844729
2018-07-31 12:00:00,0.17276829730622012
2018-07-31 12:03:00,0.10371249903721491
2018-07-31 12:06:00,0.11444601589460035
2018-07-31 12:09:00,0.11044238815230756
2018-07-31 12:12:00,-0.013438384741277787
2018-07-31 12:15:00,0.08518912187724936
2018-07-31 12:18:00,0.07815031731269073
2018-07-31 12:21:00,0.010733205443614224
2018-07-31 12:24:00,0.0001646787903268887
2018-07-31 12:27:00,-0.0792228682203131
2018-07-31 12:30:00,-0.0380270184431879
2018-07-31 12:33:00,0.09231301621753119
2018-07-31 12:36:00,0.01814133349370195
2018-07-31 12:39:00,0.1632494531262978
2018-07-31 12:42:00,0.009692926878756225
2018-07-31 12:45:00,0.05309263347714932
2018-07-31 12:48:00,0.02977207258419412
2018-07-31 12:51:00,-0.025576719525417957
2018-07-31 12:54:00,0.06851932559823126
2018-07-31 12:57:00,0.02995615387038697
2018-07-31 13:00:00,0.05989564008763182
2018-07-31 13:03:00,0.1752675232297065
2018-07-31 13:06:00,0.33869923602856034
2018-07-31 13:09:00,0.33160115667817536
2018-07-31 13:12:00,0.3216360579736488
2018-07-31 13:15:00,0.44685113142827504
2018-07-31 13:18:00,0.5354466383391809
2018-07-31 13:21:00,0.4963072841617304
2018-07-31 13:24:00,0.406137603295349
2018-07-31 13:27:00,0.44226111346898733
2018-07-31 13:30:00,0.4746467006578996
2018-07-31 13:33:00,0.3484681502658873
2018-07-31 13:36:00,0.36778934815458797
2018-07-31 13:39:00,0.2745673328331577
2018-07-31 13:42:00,0.1519472997585467
2018-07-31 13:45:00,0.040704428657818426
2018-07-31 13:48:00,0.15992735618073084
2018-07-31 13:51:00,0.15564516657320837
2018-07-31 13:54:00,0.22102066313578916
2018-07-31 13:57:00,0.3883878753689487
2018-07-31 14:00:00,0.3865409204698267
2018-07-31 14:03:00,0.3524051695661683
2018-07-31 14:06:00,0.27828390067304554
2018-07-31 14:09:00,0.4066321891332336
2018-07-31 14:12:00,0.45798726873312035
2018-07-31 14:15:00,0.4222096939141693
2018-07-31 14:18:00,0.4258892330386175
2018-07-31 14:21:00,0.336887592623043
2018-07-31 14:24:00,0.33129884628522177
2018-07-31 14:27:00,0.4354535287944259
2018-07-31 14:30:00,0.501335627857884
2018-07-31 14:33:00,0.4474869635660639
2018-07-31 14:36:00,0.2620597992525404
2018-07-31 14:39:00,0.2861538481666912
2018-07-31 14:42:00,0.3480181310325179
2018-07-31 14:45:00,0.142924134199518
2018-07-31 14:48:00,0.3068585028085522
2018-07-31 14:51:00,0.23517895958553936
2018-07-31 14:54:00,0.1668488678183735
2018-07-31 14:57:00,0.21368829796290356
2018-07-31 15:00:00,0.2188403574166955
2018-07-31 15:03:00,0.09424516534505756
2018-07-31 15:06:00,0.09303155790667006
2018-07-31 15:09:00,0.08611991096449856
2018-07-31 15:12:00,0.20924733701042442
2018-07-31 15:15:00,0.11631403500473425
2018-07-31 15:18:00,-0.0019235851773373724
2018-07-31 15:21:00,0.5448271733757224
2018-07-31 15:24:00,0.460990852640748
2018-07-31 15:27:00,0.7377936974355066
2018-07-31 15:30:00,0.48414729821013225
2018-07-31 15:33:00,0.312634919041443
2018-07-31 15:36:00,0.2319980096015115
2018-07-31 15:39:00,0.20109659274567093
2018-07-31 15:42:00,0.06538897885150163
2018-07-31 15:45:00,0.07199996748295234
2018-07-31 15:48:00,0.04991398156920468
2018-07-31 15:51:00,0.026077139517497017
2018-07-31 15:54:00,0.11518252611995194
2018-07-31 15:57:00,0.08488564772096652
2018-07-31 16:00:00,0.2056040333520741
2018-07-31 16:03:00,0.4352367831908168
2018-07-31 16:06:00,0.5401491830394889
2018-07-31 16:09:00,0.4311047402788972
2018-07-31 16:12:00,0.23370759993213142
2018-07-31 16:15:00,0.44511873345771846
2018-07-31 16:18:00,0.5378234306174932
2018-07-31 16:21:00,0.27792353093764177
2018-07-31 16:24:00,0.19436355359374602
2018-07-31 16:27:00,0.07282051694215852
2018-07-31 16:30:00,0.06415609921805299
2018-07-31 16:33:00,-0.10730174559455463
2018-07-31 16:36:00,0.03066049836752427
2018-07-31 16:39:00,-0.007708402731452679
2018-07-31 16:42:00,0.03951864667931204
2018-07-31 16:45:00,0.031002539281871577
2018-07-31 16:48:00,0.023377685504954115
2018-07-31 16:51:00,0.025078308139313776
2018-07-31 16:54:00,0.007579711651658272
2018-07-31 16:57:00,0.06856640126244429
2018-07-31 17:00:00,0.008855673605239645
2018-07-31 17:03:00,-0.07749479603836562
2018-07-31 17:06:00,0.02996400015740619
2018-07-31 17:09:00,-0.026167514040992046
2018-07-31 17:12:00,-0.008784506258507463
2018-07-31 17:15:00,-0.05369250564228878
2018-07-31 17:18:00,-0.1138884502752262
2018-07-31 17:21:00,-0.088895824921849
2018-07-31 17:24:00,-0.052699206945192145
2018-07-31 17:27:00,0.01790361162039744
2018-07-31 17:30:00,-0.02032011682860002
2018-07-31 17:33:00,-0.08411115942675451
2018-07-31 17:36:00,-0.043355966345757224
2018-07-31 17:39:00,0.16991778739844676
2018-07-31 17:42:00,0.026081090612819935
2018-07-31 17:45:00,-0.04752934968138334
2018-07-31 17:48:00,0.04250570140260379
2018-07-31 17:51:00,-0.034713350728736714
2018-07-31 17:54:00,0.09460638175846725
2018-07-31 17:57:00,0.11853142482323165
2018-07-31 18:00:00,0.06387651271671757
2018-07-31 18:03:00,0.04594976781879723
2018-07-31 18:06:00,0.03619087825268252
2018-07-31 18:09:00,0.11395058475523001
2018-07-31 18:12:00,0.08231575397172719
2018-07-31 18:15:00,0.036826896800960185
2018-07-31 18:18:00,-0.0037962482811622067
2018-07-31 18:21:00,0.08698297128358945
2018-07-31 18:24:00,0.06168338685540675
2018-07-31 18:27:00,0.08661777011451477
2018-07-31 18:30:00,0.07397354200980999
2018-07-31 18:33:00,0.06917347636004934
2018-07-31 18:36:00,-0.018057682904611738
2018-07-31 18:39:00,-0.06903362030374183
2018-07-31 18:42:00,-0.0018832198830978086
2018-07-31 18:45:00,0.035598785711783876
2018-07-31 18:48:00,0.04876556380850161
2018-07-31 18:51:00,0.14539281592561792
2018-07-31 18:54:00,
2018-07-31 18:57:00,
2018-07-31 19:00:00,
2018-07-31 19:03:00,0.13390673019586075
2018-07-31 19:06:00,0.08220716749315216
2018-07-31 19:09:00,0.1215402947051416
2018-07-31 19:12:00,0.03309818113473284
2018-07-31 19:15:00,0.08857722604693663
2018-07-31 19:18:00,0.04722032530304432
2018-07-31 19:21:00,0.019232497563336892
2018-07-31 19:24:00,0.13779554312986875
2018-07-31 19:27:00,0.055306040882953766
2018-07-31 19:30:00,0.16304985374796388
2018-07-31 19:33:00,0.18001830628247717
2018-07-31 19:36:00,0.13035443128666202
2018-07-31 19:39:00,0.014016524533701613
2018-07-31 19:42:00,0.17134706691672363
2018-07-31 19:45:00,0.06179496532797657
2018-07-31 19:48:00,0.21500108567698817
2018-07-31 19:51:00,0.1155736027602643
2018-07-31 19:54:00,0.12476961949272436
2018-07-31 19:57:00,0.1446664804547595
2018-07-31 20:00:00,0.10274931584007163
2018-07-31 20:03:00,0.17428254245936614
2018-07-31 20:06:00,0.05531372942226653
2018-07-31 20:09:00,0.17562741302589302
2018-07-31 20:12:00,0.13309779912162867
2018-07-31 20:15:00,0.050818325348018334
2018-07-31 20:18:00,0.13668582633749793
2018-07-31 20:21:00,0.10091675362480146
2018-07-31 20:24:00,0.13686944410943624
2018-07-31 20:27:00,0.17916953027810223
2018-07-31 20:30:00,0.15110717859516853
2018-07-31 20:33:00,0.12419423960977838
2018-07-31 20:36:00,0.15001276517472206
2018-07-31 20:39:00,0.12896216400997673
2018-07-31 20:42:00,0.08922283169454204
2018-07-31 20:45:00,0.13631830389840616
2018-07-31 20:48:00,0.22007801902856272
2018-07-31 20:51:00,0.14052263097323703
2018-07-31 20:54:00,0.16959398885563814
2018-07-31 20:57:00,0.22547205141466975
2018-07-31 21:00:00,0.17673908891975998
2018-07-31 21:03:00,0.14441431742335453
2018-07-31 21:06:00,0.20252932889422937
2018-07-31 21:09:00,0.19638740974096436
2018-07-31 21:12:00,0.24223846262088955
2018-07-31 21:15:00,0.16452872683566966
2018-07-31 21:18:00,0.17923745377493105
2018-07-31 21:21:00,0.1541448986325804
2018-07-31 21:24:00,0.1972173843283258
2018-07-31 21:27:00,0.19245202669497985
2018-07-31 21:30:00,0.2783344454153962
2018-07-31 21:33:00,0.20857178878947025
2018-07-31 21:36:00,0.23604028526676757
2018-07-31 21:39:00,0.28938157607666426
2018-07-31 21:42:00,0.29577362418552866
2018-07-31 21:45:00,0.2562957930213088
2018-07-31 21:48:00,0.319829157885124
2018-07-31 21:51:00,0.26505282480610504
2018-07-31 21:54:00,0.21570335031572085
2018-07-31 21:57:00,0.26656559653565637
2018-07-31 22:00:00,0.19340981611844654
2018-07-31 22:03:00,0.16629733592196771
2018-07-31 22:06:00,0.16169534102004945
2018-07-31 22:09:00,0.0943130665664853
2018-07-31 22:12:00,0.2127111539811608
2018-07-31 22:15:00,0.23908416917038267
2018-07-31 22:18:00,0.23424267849128455
2018-07-31 22:21:00,0.2343873787189068
2018-07-31 22:24:00,0.13104341055930036
2018-07-31 22:27:00,0.10433756764206237
2018-07-31 22:30:00,0.11514503460762171
2018-07-31 22:33:00,0.1875202906583695
2018-07-31 22:36:00,0.1542424863986298
2018-07-31 22:39:00,0.15528769157629085
2018-07-31 22:42:00,0.23287705448331053
2018-07-31 22:45:00,0.15635470500774318
2018-07-31 22:48:00,0.25585603806621293
2018-07-31 22:51:00,0.13899833462812694
2018-07-31 22:54:00,0.24757197146971066
2018-07-31 22:57:00,0.23915106877080916
2018-07-31 23:00:00,0.24780748972250422
2018-07-31 23:03:00,0.24708984011545
2018-07-31 23:06:00,0.22768794567713257
2018-07-31 23:09:00,0.3284901334771462
2018-07-31 23:12:00,0.19167471222209542
2018-07-31 23:15:00,0.16733965177007804
2018-07-31 23:18:00,0.23918910485662082
2018-07-31 23:21:00,0.21411193841601062
2018-07-31 23:24:00,0.17955076396020786
2018-07-31 23:27:00,0.21263313075439783
2018-07-31 23:30:00,0.19273123352087396
2018-07-31 23:33:00,0.2273720906449057
2018-07-31 23:36:00,0.24402272678480585
2018-07-31 23:39:00,0.17848607669884586
2018-07-31 23:42:00,0.24021288672389574
2018-07-31 23:45:00,0.2594327959752718
2018-07-31 23:48:00,0.2646768758378357
2018-07-31 23:51:00,0.35509883136234066
2018-07-31 23:54:00,0.2658613313614069
2018-07-31 23:57:00,0.2941723180023814
2018-08-01 00:00:00,0.35818670570142785
2018-08-01 00:03:00,0.2993518083089839
2018-08-01 00:06:00,0.3387014796094263
2018-08-01 00:09:00,0.3428703205518673
2018-08-01 00:12:00,0.31534850652343493
2018-08-01 00:15:00,0.3129341772929024
2018-08-01 00:18:00,0.37020813605789726
2018-08-01 00:21:00,0.18056937410500495
2018-08-01 00:24:00,0.38494105187874084
2018-08-01 00:27:00,0.3771432819849565
2018-08-01 00:30:00,0.3353718814254876
2018-08-01 00:33:00,0.33535591567556366
2018-08-01 00:36:00,0.3038396667945449
2018-08-01 00:39:00,0.3251914066764243
2018-08-01 00:42:00,0.2376526968320718
2018-08-01 00:45:00,0.32595074261303125
2018-08-01 00:48:00,0.31667721269815274
2018-08-01 00:51:00,0.3778568504493478
2018-08-01 00:54:00,0.32279095625756327
2018-08-01 00:57:00,0.3573239931564558
2018-08-01 01:00:00,0.2691998729071656
2018-08-01 01:03:00,0.28279755017240404
2018-08-01 01:06:00,0.2580163081959199
2018-08-01 01:09:00,0.33044181652979887
2018-08-01 01:12:00,0.3300606564243367
2018-08-01 01:15:00,0.22814802876939666
2018-08-01 01:18:00,0.2975021733098515
2018-08-01 01:21:00,0.3314361945688802
2018-08-01 01:24:00,0.31806269550992283
2018-08-01 01:27:00,0.31792879015165454
2018-08-01 01:30:00,0.22423310799803176
2018-08-01 01:33:00,0.3013865845696273
2018-08-01 01:36:00,0.3086493875497922
2018-08-01 01:39:00,0.3473278888125151
2018-08-01 01:42:00,0.304768308754376
2018-08-01 01:45:00,0.2893295828606597
2018-08-01 01:48:00,0.29352006851837587
2018-08-01 01:51:00,0.3436644482661677
2018-08-01 01:54:00,0.3635533228933241
2018-08-01 01:57:00,0.3961427500493073
2018-08-01 02:00:00,0.3021470428589055
2018-08-01 02:03:00,0.33722701344908046
2018-08-01 02:06:00,0.2982419606089479
2018-08-01 02:09:00,0.4267771354548131
2018-08-01 02:12:00,0.334851057196488
2018-08-01 02:15:00,0.2690128847264077
2018-08-01 02:18:00,0.34141326542669503
2018-08-01 02:21:00,0.21512551132911995
2018-08-01 02:24:00,0.3718734907238286
2018-08-01 02:27:00,0.3096718552671973
2018-08-01 02:30:00,0.35078559882731497
2018-08-01 02:33:00,0.41586423453441057
2018-08-01 02:36:00,0.3638825053565711
2018-08-01 02:39:00,0.3742418037911648
2018-08-01 02:42:00,0.37291753740026934
2018-08-01 02:45:00,0.4408968823175883
2018-08-01 02:48:00,0.29063369014244245
2018-08-01 02:51:00,0.2748101993700516
2018-08-01 02:54:00,0.3077121297963572
2018-08-01 02:57:00,0.3154712901338712
2018-08-01 03:00:00,0.2485906128060833
2018-08-01 03:03:00,0.3026829165503955
2018-08-01 03:06:00,0.2929475637198493
2018-08-01 03:09:00,0.32990129833115134
2018-08-01 03:12:00,0.3312747183959459
2018-08-01 03:15:00,0.3797628553755885
2018-08-01 03:18:00,0.3285946729037619
2018-08-01 03:21:00,0.22872672217818035
2018-08-01 03:24:00,0.27599145589863383
2018-08-01 03:27:00,0.32779752348182
2018-08-01 03:30:00,0.21160718583411153
2018-08-01 03:33:00,0.2559196527708991
2018-08-01 03:36:00,0.3081155842461385
2018-08-01 03:39:00,0.2806347928832338
2018-08-01 03:42:00,0.30855450128564144
2018-08-01 03:45:00,0.3354064727242303
2018-08-01 03:48:00,0.19050135614247665
2018-08-01 03:51:00,0.21816726633215922
2018-08-01 03:54:00,0.38467751140620976
2018-08-01 03:57:00,0.28285018688853825
2018-08-01 04:00:00,0.2630945800404447
2018-08-01 04:03:00,0.2513161320039785
2018-08-01 04:06:00,0.32158313634766955
2018-08-01 04:09:00,0.3058595499584271
2018-08-01 04:12:00,0.29614348618974873
2018-08-01 04:15:00,0.2940429838561158
2018-08-01 04:18:00,0.3142025774499757
2018-08-01 04:21:00,0.3991760653558458
2018-08-01 04:24:00,0.3884537118806861
2018-08-01 04:27:00,0.3711034916323115
2018-08-01 04:30:00,0.3895216882369823
2018-08-01 04:33:00,0.4117076509299977
2018-08-01 04:36:00,0.3310281392263619
2018-08-01 04:39:00,0.39319147878916283
2018-08-01 04:42:00,0.3358085511814579
2018-08-01 04:45:00,0.2967207431629504
2018-08-01 04:48:00,0.30136666581699956
2018-08-01 04:51:00,0.21550663918446844
2018-08-01 04:54:00,0.33059483553171276
2018-08-01 04:57:00,0.35704638205851325
2018-08-01 05:00:00,0.32906859470756444
2018-08-01 05:03:00,0.19522875113437976
2018-08-01 05:06:00,0.26955091317699953
2018-08-01 05:09:00,0.27104375586077367
2018-08-01 05:12:00,0.3006208816678395
2018-08-01 05:15:00,0.3165093651593338
2018-08-01 05:18:00,0.37370783230028337
2018-08-01 05:21:00,0.35538796645761295
2018-08-01 05:24:00,0.47442466328647015
2018-08-01 05:27:00,0.33275602534843074
2018-08-01 05:30:00,0.35935743317736524
2018-08-01 05:33:00,0.35572192214192455
2018-08-01 05:36:00,0.38180794454189027
2018-08-01 05:39:00,0.39228644485024233
2018-08-01 05:42:00,0.2807697398504274
2018-08-01 05:45:00,0.3154001162407667
2018-08-01 05:48:00,0.327332385707507
2018-08-01 05:51:00,0.37584620840146954
2018-08-01 05:54:00,0.3597439991368674
2018-08-01 05:57:00,0.3590897429641018
2018-08-01 06:00:00,0.2970301330209395
2018-08-01 06:03:00,0.3731794485914861
2018-08-01 06:06:00,0.31715995024069343
2018-08-01 06:09:00,0.37110160566464856
2018-08-01 06:12:00,0.2729672085840775
2018-08-01 06:15:00,0.244041818902474
2018-08-01 06:18:00,0.3274695001632608
2018-08-01 06:21:00,0.2555690135840223
2018-08-01 06:24:00,0.2512018683470387
2018-08-01 06:27:00,0.3197397323502287
2018-08-01 06:30:00,0.26691165579990184
2018-08-01 06:33:00,0.32110234764252255
2018-08-01 06:36:00,0.3150875142666223
2018-08-01 06:39:00,0.2787435480719296
2018-08-01 06:42:00,0.2708938954064024
2018-08-01 06:45:00,0.283854575433395
2018-08-01 06:48:00,0.30734157851958344
2018-08-01 06:51:00,0.3017124701528928
2018-08-01 06:54:00,0.35499023363905735
2018-08-01 06:57:00,0.30892440199357907
2018-08-01 07:00:00,0.3759493028983911
2018-08-01 07:03:00,0.2859612207570308
2018-08-01 07:06:00,0.20719009747142536
2018-08-01 07:09:00,0.28045518832107064
2018-08-01 07:12:00,0.18913971908398253
2018-08-01 07:15:00,0.2495566262927582
2018-08-01 07:18:00,0.2077172558021516
2018-08-01 07:21:00,0.25337792776394963
2018-08-01 07:24:00,0.3080018552980732
2018-08-01 07:27:00,0.18320729871089725
2018-08-01 07:30:00,0.2825540022450923
2018-08-01 07:33:00,0.2011771132422382
2018-08-01 07:36:00,0.27229791301601836
2018-08-01 07:39:00,0.26058591665531594
2018-08-01 07:42:00,0.21673686872662756
2018-08-01 07:45:00,0.21516543903061347
2018-08-01 07:48:00,0.19309595126156864
2018-08-01 07:51:00,0.26247689180951284
2018-08-01 07:54:00,0.2649296493036104
2018-08-01 07:57:00,0.17852520539372563
2018-08-01 08:00:00,0.18357918456860034
2018-08-01 08:03:00,0.18286937651498647
2018-08-01 08:06:00,0.28173433679916116
2018-08-01 08:09:00,0.23568382114478936
2018-08-01 08:12:00,0.13566684218545788
2018-08-01 08:15:00,0.08136450433312348
2018-08-01 08:18:00,0.15328645719017686
2018-08-01 08:21:00,0.24787914187237448
2018-08-01 08:24:00,0.12178006597474678
2018-08-01 08:27:00,0.14108518513450008
2018-08-01 08:30:00,0.1691549002285342
2018-08-01 08:33:00,0.1093670638151707
2018-08-01 08:36:00,0.0895455996804344
2018-08-01 08:39:00,0.14740161655407746
2018-08-01 08:42:00,0.10454774855730875
2018-08-01 08:45:00,0.06406583205114202
2018-08-01 08:48:00,0.06384253634115566
2018-08-01 08:51:00,0.04900503518564392
2018-08-01 08:54:00,0.12878571704339947
2018-08-01 08:57:00,0.08066511647228936
2018-08-01 09:00:00,0.052608252161746805
2018-08-01 09:03:00,-0.051056190130452705
2018-08-01 09:06:00,0.06114451965316903
2018-08-01 09:09:00,0.03200427594140365
2018-08-01 09:12:00,-0.056961457456964126
2018-08-01 09:15:00,0.0185727219935643
2018-08-01 09:18:00,-0.06877460981786498
2018-08-01 09:21:00,-0.03417411164997475
2018-08-01 09:24:00,-0.13012885366225646
2018-08-01 09:27:00,-0.07985277469475704
2018-08-01 09:30:00,-0.15886447870974507
2018-08-01 09:33:00,-0.05276073860500219
2018-08-01 09:36:00,-0.04043330643804666
2018-08-01 09:39:00,-0.11692534612564032
2018-08-01 09:42:00,-0.1605874990839311
2018-08-01 09:45:00,-0.05615333825022617
2018-08-01 09:48:00,-0.117316983672481
2018-08-01 09:51:00,-0.19949056304801616
2018-08-01 09:54:00,-0.13992748207863315
2018-08-01 09:57:00,-0.14403196680410701
2018-08-01 10:00:00,-0.1397677900213239
2018-08-01 10:03:00,-0.1797638398452932
2018-08-01 10:06:00,-0.2749482482478811
2018-08-01 10:09:00,-0.26252342198773704
2018-08-01 10:12:00,-0.25472257205922233
2018-08-01 10:15:00,-0.23176244674448299
2018-08-01 10:18:00,-0.200788783737039
2018-08-01 10:21:00,-0.2348671049129507
2018-08-01 10:24:00,-0.19430364965069202
2018-08-01 10:27:00,-0.28066072022670596
2018-08-01 10:30:00,-0.25939059293483524
2018-08-01 10:33:00,-0.31333021487012047
2018-08-01 10:36:00,-0.2050317978381031
2018-08-01 10:39:00,-0.2649936556089756
2018-08-01 10:42:00,-0.295362234127424
2018-08-01 10:45:00,-0.2851468310171299
2018-08-01 10:48:00,-0.18749066695141892
2018-08-01 10:51:00,-0.3097598384383673
2018-08-01 10:54:00,-0.21998661608239445
2018-08-01 10:57:00,-0.3137253360326895
2018-08-01 11:00:00,-0.2925172650041077
2018-08-01 11:03:00,-0.3239208867593675
2018-08-01 11:06:00,-0.2670543837945729
2018-08-01 11:09:00,-0.25897645268378255
2018-08-01 11:12:00,-0.38879925218645894
2018-08-01 11:15:00,-0.3030022514370785
2018-08-01 11:18:00,-0.2443720538777825
2018-08-01 11:21:00,-0.3146074078902643
2018-08-01 11:24:00,-0.367441904846487
2018-08-01 11:27:00,-0.3369364133092745
2018-08-01 11:30:00,-0.3377579063595135
2018-08-01 11:33:00,-0.35146195538004577
2018-08-01 11:36:00,-0.4055788725423213
2018-08-01 11:39:00,-0.17088197865354005
2018-08-01 11:42:00,-0.25999247805322057
2018-08-01 11:45:00,-0.26868990171186624
2018-08-01 11:48:00,-0.21608155477792934
2018-08-01 11:51:00,-0.34845431022205275
2018-08-01 11:54:00,-0.32228619640159195
2018-08-01 11:57:00,-0.28965676074597013
2018-08-01 12:00:00,-0.25794189070535367
2018-08-01 12:03:00,-0.3708903533971011
2018-08-01 12:06:00,-0.35224455278751066
2018-08-01 12:09:00,-0.3191667307918351
2018-08-01 12:12:00,-0.3506862562061315
2018-08-01 12:15:00,-0.3399676242640908
2018-08-01 12:18:00,-0.2210025978499175
2018-08-01 12:21:00,-0.2996261390331938
2018-08-01 12:24:00,-0.3232109548236508
2018-08-01 12:27:00,-0.26050559943882945
2018-08-01 12:30:00,-0.30672625175691337
2018-08-01 12:33:00,-0.2558426707703916
2018-08-01 12:36:00,-0.5141741454505109
2018-08-01 12:39:00,-0.38373280650398556
2018-08-01 12:42:00,-0.22503130847400143
2018-08-01 12:45:00,-0.30943226534060386
2018-08-01 12:48:00,-0.2507776792429013
2018-08-01 12:51:00,-0.2691641102036897
2018-08-01 12:54:00,-0.3332481727761092
2018-08-01 12:57:00,-0.35113924880715786
2018-08-01 13:00:00,-0.25821297890837513
2018-08-01 13:03:00,-0.3266172949768702
2018-08-01 13:06:00,-0.2930648496593449
2018-08-01 13:09:00,-0.44716742867484527
2018-08-01 13:12:00,-0.48138682564353985
2018-08-01 13:15:00,-0.5996764688733833
2018-08-01 13:18:00,-0.5163113411367704
2018-08-01 13:21:00,-0.534787412144567
2018-08-01 13:24:00,-0.4882880543422061
2018-08-01 13:27:00,-0.4427243356651047
2018-08-01 13:30:00,-0.3217652331787235
2018-08-01 13:33:00,-0.3928137583267244
2018-08-01 13:36:00,-0.3812643989436424
2018-08-01 13:39:00,-0.3115250493191297
2018-08-01 13:42:00,-0.2456088302380408
2018-08-01 13:45:00,-0.13484065604171747
2018-08-01 13:48:00,-0.1775236565825935
2018-08-01 13:51:00,-0.13501798643818574
2018-08-01 13:54:00,-0.15411687902957283
2018-08-01 13:57:00,-0.3345152802444886
2018-08-01 14:00:00,-0.3925099401743637
2018-08-01 14:03:00,-0.453941035919911
2018-08-01 14:06:00,-0.40669730260680126
2018-08-01 14:09:00,-0.24010456309230221
2018-08-01 14:12:00,-0.20337490536286396
2018-08-01 14:15:00,-0.17971149332316827
2018-08-01 14:18:00,-0.29352669348054405
2018-08-01 14:21:00,-0.4117887681183561
2018-08-01 14:24:00,-0.29293233684069264
2018-08-01 14:27:00,-0.6107833494222064
2018-08-01 14:30:00,-0.5860371575351451
2018-08-01 14:33:00,-0.4567724751020137
2018-08-01 14:36:00,-0.5086139201284823
2018-08-01 14:39:00,-0.4259829041725425
2018-08-01 14:42:00,-0.35167636977155325
2018-08-01 14:45:00,-0.37920461061440847
2018-08-01 14:48:00,-0.2814653245386012
2018-08-01 14:51:00,-0.16727709973179117
2018-08-01 14:54:00,-0.062453260504582886
2018-08-01 14:57:00,-0.2939592242437925
2018-08-01 15:00:00,-0.4321254201557849
2018-08-01 15:03:00,-0.40826834077978447
2018-08-01 15:06:00,-0.18816696534901212
2018-08-01 15:09:00,-0.1872267681884523
2018-08-01 15:12:00,-0.36131403761424963
2018-08-01 15:15:00,-0.2394121454509559
2018-08-01 15:18:00,-0.08571619068624159
2018-08-01 15:21:00,0.02142562169001394
2018-08-01 15:24:00,-0.09887811403001479
2018-08-01 15:27:00,-0.1413799687371693
2018-08-01 15:30:00,-0.12335632180344192
2018-08-01 15:33:00,-0.0898955109659596
2018-08-01 15:36:00,0.07594464355003083
2018-08-01 15:39:00,0.051356528729684214
2018-08-01 15:42:00,-0.11171276908055461
2018-08-01 15:45:00,-0.07748675268209126
2018-08-01 15:48:00,-0.0016293925907575613
2018-08-01 15:51:00,-0.060173297369658485
2018-08-01 15:54:00,-0.12430235701913261
2018-08-01 15:57:00,0.008193496100545872
2018-08-01 16:00:00,0.04725379154456277
2018-08-01 16:03:00,-0.060123141551969184
2018-08-01 16:06:00,0.004150836184521722
2018-08-01 16:09:00,-0.34813754787325024
2018-08-01 16:12:00,-0.42752695925793205
2018-08-01 16:15:00,-0.3554523484651213
2018-08-01 16:18:00,-0.0769743539611909
2018-08-01 16:21:00,-0.13721822019795127
2018-08-01 16:24:00,-0.027142343487184917
2018-08-01 16:27:00,-0.16104071799992425
2018-08-01 16:30:00,-0.20062832359667482
2018-08-01 16:33:00,-0.25394858212717963
2018-08-01 16:36:00,-0.2720611819396481
2018-08-01 16:39:00,-0.26589379456652296
2018-08-01 16:42:00,-0.28036483790356215
2018-08-01 16:45:00,-0.30091898634054814
2018-08-01 16:48:00,-0.19283827992506986
2018-08-01 16:51:00,-0.17068411799795058
2018-08-01 16:54:00,-0.025130900877172735
2018-08-01 16:57:00,-0.005227078901953064
2018-08-01 17:00:00,-0.040595934441626014
2018-08-01 17:03:00,-0.20563074081843524
2018-08-01 17:06:00,-0.195243107270187
2018-08-01 17:09:00,0.011642905266683101
2018-08-01 17:12:00,-0.16354758954935278
2018-08-01 17:15:00,-0.2540760591208482
2018-08-01 17:18:00,-0.17286323292842098
2018-08-01 17:21:00,-0.04154819309570712
2018-08-01 17:24:00,-0.23164746215354626
2018-08-01 17:27:00,-0.2209177394774997
2018-08-01 17:30:00,-0.22530903322575568
2018-08-01 17:33:00,-0.2647441470589911
2018-08-01 17:36:00,-0.2592650435540236
2018-08-01 17:39:00,-0.15174515018338752
2018-08-01 17:42:00,0.14026083405155987
2018-08-01 17:45:00,0.26891501855283195
2018-08-01 17:48:00,0.015983326409411802
2018-08-01 17:51:00,-0.15539975589592814
2018-08-01 17:54:00,-0.15080478103823225
2018-08-01 17:57:00,-0.2910843847608362
2018-08-01 18:00:00,-0.13091152794817162
2018-08-01 18:03:00,-0.11187235114800842
2018-08-01 18:06:00,-0.12547430217256306
2018-08-01 18:09:00,-0.16917339293695477
2018-08-01 18:12:00,-0.09177759333164204
2018-08-01 18:15:00,-0.0339802178476134
2018-08-01 18:18:00,-0.054903017330332204
2018-08-01 18:21:00,0.03688046032965531
2018-08-01 18:24:00,0.022499860206494304
2018-08-01 18:27:00,-0.08196027923662541
2018-08-01 18:30:00,-0.09032657185576909
2018-08-01 18:33:00,-0.1611786345317796
2018-08-01 18:36:00,-0.07979169679316556
2018-08-01 18:39:00,0.0329752077525427
2018-08-01 18:42:00,-0.019073089482049
2018-08-01 18:45:00,-0.13898427252337342
2018-08-01 18:48:00,-0.04181938960306297
2018-08-01 18:51:00,-0.07495230423143084
2018-08-01 18:54:00,
2018-08-01 18:57:00,
2018-08-01 19:00:00,
2018-08-01 19:03:00,-0.0892728063727759
2018-08-01 19:06:00,0.008553008579610832
2018-08-01 19:09:00,-0.04612964877736658
2018-08-01 19:12:00,-0.02265977108407924
2018-08-01 19:15:00,-0.037424355130838194
2018-08-01 19:18:00,-0.019278615943051136
2018-08-01 19:21:00,-0.11441650910904855
2018-08-01 19:24:00,0.04532909244392158
2018-08-01 19:27:00,0.05023959021883684
2018-08-01 19:30:00,-0.03159498211641676
2018-08-01 19:33:00,0.013549320326490033
2018-08-01 19:36:00,0.0845810095061097
2018-08-01 19:39:00,-0.0005718773850844627
2018-08-01 19:42:00,0.06812001702888892
2018-08-01 19:45:00,0.0699260991411279
2018-08-01 19:48:00,0.02088011246229371
2018-08-01 19:51:00,0.10390000911297648
2018-08-01 19:54:00,0.027000905014574528
2018-08-01 19:57:00,0.11375327770900867
2018-08-01 20:00:00,0.20290396121066578
2018-08-01 20:03:00,0.256166811858634
2018-08-01 20:06:00,0.26242499656012797
2018-08-01 20:09:00,0.07482326704496245
2018-08-01 20:12:00,-0.025269742857176425
2018-08-01 20:15:00,-0.043778375063823205
2018-08-01 20:18:00,-0.16980067432223223
2018-08-01 20:21:00,-0.03752604298216511
2018-08-01 20:24:00,0.0036468280772510298
2018-08-01 20:27:00,-0.033000844187654366
2018-08-01 20:30:00,-0.0813874592009256
2018-08-01 20:33:00,-0.04177935964332846
2018-08-01 20:36:00,-0.013625258631179804
2018-08-01 20:39:00,0.05779251922723461
2018-08-01 20:42:00,-0.078376994675466
2018-08-01 20:45:00,0.008889554690199475
2018-08-01 20:48:00,-0.06595913305648082
2018-08-01 20:51:00,0.033486510480202014
2018-08-01 20:54:00,-0.014868952133156199
2018-08-01 20:57:00,-0.018166801871984717
2018-08-01 21:00:00,-0.0062624596731666315
2018-08-01 21:03:00,0.038247374951197344
2018-08-01 21:06:00,0.015610967473094206
2018-08-01 21:09:00,0.00021182154557664035
2018-08-01 21:12:00,-0.003971828949659084
2018-08-01 21:15:00,0.05985357720300044
2018-08-01 21:18:00,0.10064865662940292
2018-08-01 21:21:00,0.09118885212188843
2018-08-01 21:24:00,0.05657099137158639
2018-08-01 21:27:00,0.09859974693932827
2018-08-01 21:30:00,0.03091451549556723
2018-08-01 21:33:00,0.0772061964651698
2018-08-01 21:36:00,0.1564160012678144
2018-08-01 21:39:00,0.03032644798304318
2018-08-01 21:42:00,0.04656778065748313
2018-08-01 21:45:00,0.12475989679893473
2018-08-01 21:48:00,0.08237283501375714
2018-08-01 21:51:00,0.0056607184573636005
2018-08-01 21:54:00,0.017601881091877658
2018-08-01 21:57:00,0.06846064531833917
2018-08-01 22:00:00,0.12081584519677335
2018-08-01 22:03:00,0.09390114937514227
2018-08-01 22:06:00,0.08748826852678349
2018-08-01 22:09:00,0.05156505328187677
2018-08-01 22:12:00,0.1687547479388627
2018-08-01 22:15:00,0.09230477398619996
2018-08-01 22:18:00,0.14565187676322466
2018-08-01 22:21:00,0.09892446112752395
2018-08-01 22:24:00,0.17377295637004408
2018-08-01 22:27:00,0.10268784451756119
2018-08-01 22:30:00,0.14575666279131383
2018-08-01 22:33:00,0.1227456996177807
2018-08-01 22:36:00,0.026053628979980203
2018-08-01 22:39:00,0.07612176904325452
2018-08-01 22:42:00,0.08749807075452054
2018-08-01 22:45:00,0.10490860802661928
2018-08-01 22:48:00,0.06262976991240521
2018-08-01 22:51:00,0.05926857014702591
2018-08-01 22:54:00,0.12248931481059344
2018-08-01 22:57:00,0.03348708846851878
2018-08-01 23:00:00,0.09795713979366383
2018-08-01 23:03:00,0.17587981057903335
2018-08-01 23:06:00,0.10891474922914313
2018-08-01 23:09:00,0.09141248691980763
2018-08-01 23:12:00,0.07117217297678735
2018-08-01 23:15:00,0.020655908925562017
2018-08-01 23:18:00,0.05934792811774514
2018-08-01 23:21:00,0.006397121334543954
2018-08-01 23:24:00,0.05452851184327301
2018-08-01 23:27:00,0.08236197308741566
2018-08-01 23:30:00,0.021825222759105145
2018-08-01 23:33:00,0.10175252146132152
2018-08-01 23:36:00,0.01110992393239485
2018-08-01 23:39:00,0.07573457682485696
2018-08-01 23:42:00,0.11958147223793958
2018-08-01 23:45:00,0.083013421857288
2018-08-01 23:48:00,0.06947324711154579
2018-08-01 23:51:00,0.09211327876994346
2018-08-01 23:54:00,0.09269351089602651
2018-08-01 23:57:00,0.10105301717612747
2018-08-02 00:00:00,0.10625017158992023
2018-08-02 00:03:00,0.1614516236986674
2018-08-02 00:06:00,0.14768856586306356
2018-08-02 00:09:00,0.16274201546690392
2018-08-02 00:12:00,0.11695757511051852
2018-08-02 00:15:00,0.1569789511579529
2018-08-02 00:18:00,0.2117979628893636
2018-08-02 00:21:00,0.21157910992428697
2018-08-02 00:24:00,0.19844694673867025
2018-08-02 00:27:00,0.2163141395499224
2018-08-02 00:30:00,0.2597624924457591
2018-08-02 00:33:00,0.2531949977937984
2018-08-02 00:36:00,0.13104447635618044
2018-08-02 00:39:00,0.19145186337129871
2018-08-02 00:42:00,0.256970249439064
2018-08-02 00:45:00,0.2804515782162298
2018-08-02 00:48:00,0.32002039127144144
2018-08-02 00:51:00,0.3093438922106202
2018-08-02 00:54:00,0.20513504337594668
2018-08-02 00:57:00,0.2983980041114478
2018-08-02 01:00:00,0.2390231992239933
2018-08-02 01:03:00,0.256426639312906
2018-08-02 01:06:00,0.4053718762744438
2018-08-02 01:09:00,0.3711670761805408
2018-08-02 01:12:00,0.2477092149854343
2018-08-02 01:15:00,0.31802869517611043
2018-08-02 01:18:00,0.22134259112277732
2018-08-02 01:21:00,0.2648472839388205
2018-08-02 01:24:00,0.26999850377393386
2018-08-02 01:27:00,0.21252374425353082
2018-08-02 01:30:00,0.26330545636704983
2018-08-02 01:33:00,0.19359318090226907
2018-08-02 01:36:00,0.2668782343801581
2018-08-02 01:39:00,0.2109513841488706
2018-08-02 01:42:00,0.20556674781283846
2018-08-02 01:45:00,0.2109838435534357
2018-08-02 01:48:00,0.26594159353834357
2018-08-02 01:51:00,0.22891318281222084
2018-08-02 01:54:00,0.169103276454166
2018-08-02 01:57:00,0.18827199237364312
2018-08-02 02:00:00,0.17061983853665197
2018-08-02 02:03:00,0.16946646925794084
2018-08-02 02:06:00,0.25735773569726916
2018-08-02 02:09:00,0.13735199774322382
2018-08-02 02:12:00,0.22590116909526614
2018-08-02 02:15:00,0.15904418342398685
2018-08-02 02:18:00,0.2159025684342737
2018-08-02 02:21:00,0.18578488573007235
2018-08-02 02:24:00,0.09773776859407235
2018-08-02 02:27:00,0.12361388814116481
2018-08-02 02:30:00,0.14146616921431132
2018-08-02 02:33:00,0.12147125048960561
2018-08-02 02:36:00,0.08903419996869388
2018-08-02 02:39:00,0.169807495933469
2018-08-02 02:42:00,0.11355921531145441
2018-08-02 02:45:00,0.11513821992144813
2018-08-02 02:48:00,0.03248842827599674
2018-08-02 02:51:00,0.13770843110722808
2018-08-02 02:54:00,0.08249591273619217
2018-08-02 02:57:00,0.1377341460224102
2018-08-02 03:00:00,0.1299766207440598
2018-08-02 03:03:00,0.07752379471327231
2018-08-02 03:06:00,0.1592989124597466
2018-08-02 03:09:00,0.14968705849582875
2018-08-02 03:12:00,0.17259943627141183
2018-08-02 03:15:00,0.15734253779305618
2018-08-02 03:18:00,0.17332069500412217
2018-08-02 03:21:00,0.1271290679198387
2018-08-02 03:24:00,0.11096955317458423
2018-08-02 03:27:00,0.14159183172705525
2018-08-02 03:30:00,0.2705458270625627
2018-08-02 03:33:00,0.08654285047322219
2018-08-02 03:36:00,0.12657935003073817
2018-08-02 03:39:00,0.19089162082701705
2018-08-02 03:42:00,0.10729532813860487
2018-08-02 03:45:00,0.1923846765036501
2018-08-02 03:48:00,0.1964621108207325
2018-08-02 03:51:00,0.1419565808333232
2018-08-02 03:54:00,0.16747007226257438
2018-08-02 03:57:00,0.15111579305607847
2018-08-02 04:00:00,0.21644940782675803
2018-08-02 04:03:00,0.26274676605680725
2018-08-02 04:06:00,0.24539075600995375
2018-08-02 04:09:00,0.19240531390158822
2018-08-02 04:12:00,0.2596677709001938
2018-08-02 04:15:00,0.2375450517517379
2018-08-02 04:18:00,0.20296473443085006
2018-08-02 04:21:00,0.23776343240547249
2018-08-02 04:24:00,0.2516332350177777
2018-08-02 04:27:00,0.29609999688329935
2018-08-02 04:30:00,0.2060768686462211
2018-08-02 04:33:00,0.27143856629766105
2018-08-02 04:36:00,0.3086784604667514
2018-08-02 04:39:00,0.23970240508242568
2018-08-02 04:42:00,0.3534092855181825
2018-08-02 04:45:00,0.32421127777104175
2018-08-02 04:48:00,0.3227534960162757
2018-08-02 04:51:00,0.30816254980510394
2018-08-02 04:54:00,0.23379813624973167
2018-08-02 04:57:00,0.31318651519637797
2018-08-02 05:00:00,0.3143726942126932
2018-08-02 05:03:00,0.2625364097273746
2018-08-02 05:06:00,0.3245243715240349
2018-08-02 05:09:00,0.2401038554857564
2018-08-02 05:12:00,0.2714341867935559
2018-08-02 05:15:00,0.29595264778885166
2018-08-02 05:18:00,0.32169327860918884
2018-08-02 05:21:00,0.30470490905963743
2018-08-02 05:24:00,0.22485592953376
2018-08-02 05:27:00,0.2864229494298911
2018-08-02 05:30:00,0.36539982241987445
2018-08-02 05:33:00,0.277863933886465
2018-08-02 05:36:00,0.2759942101079673
2018-08-02 05:39:00,0.30129513938857144
2018-08-02 05:42:00,0.25979714432429546
2018-08-02 05:45:00,0.24096141196235976
2018-08-02 05:48:00,0.3461848442611313
2018-08-02 05:51:00,0.3056116667438573
2018-08-02 05:54:00,0.2691986383758831
2018-08-02 05:57:00,0.30638133226352693
2018-08-02 06:00:00,0.24121557083270773
2018-08-02 06:03:00,0.2050168697217032
2018-08-02 06:06:00,0.26778769434775995
2018-08-02 06:09:00,0.30420079877592343
2018-08-02 06:12:00,0.30748916293089223
2018-08-02 06:15:00,0.27793996580874136
2018-08-02 06:18:00,0.31016589598095834
2018-08-02 06:21:00,0.31595915400873764
2018-08-02 06:24:00,0.29502574531926484
2018-08-02 06:27:00,0.32358898714193174
2018-08-02 06:30:00,0.4010803626226789
2018-08-02 06:33:00,0.36195290985762085
2018-08-02 06:36:00,0.3589292295597488
2018-08-02 06:39:00,0.3037866051673177
2018-08-02 06:42:00,0.2849766377584615
2018-08-02 06:45:00,0.2795288289962059
2018-08-02 06:48:00,0.2610321594269749
2018-08-02 06:51:00,0.3260823215485402
2018-08-02 06:54:00,0.2820225110935439
2018-08-02 06:57:00,0.21990599591367754
2018-08-02 07:00:00,0.1779008498232315
2018-08-02 07:03:00,0.3222998439986213
2018-08-02 07:06:00,0.24820893905791763
2018-08-02 07:09:00,0.2629283714102826
2018-08-02 07:12:00,0.3000783606655659
2018-08-02 07:15:00,0.3106500520117379
2018-08-02 07:18:00,0.2662938385246889
2018-08-02 07:21:00,0.2431605200995932
2018-08-02 07:24:00,0.32524218681697903
2018-08-02 07:27:00,0.21365316026793835
2018-08-02 07:30:00,0.23625640145581883
2018-08-02 07:33:00,0.1500091732184501
2018-08-02 07:36:00,0.22127020858181368
2018-08-02 07:39:00,0.033551087924536205
2018-08-02 07:42:00,0.21248258437941558
2018-08-02 07:45:00,0.31497564606235073
2018-08-02 07:48:00,0.15927399686182753
2018-08-02 07:51:00,0.16465076349521723
2018-08-02 07:54:00,0.1804182245617767
2018-08-02 07:57:00,0.25123523920888147
2018-08-02 08:00:00,0.13967071791051922
2018-08-02 08:03:00,0.15040713196628985
2018-08-02 08:06:00,0.15452442395485377
2018-08-02 08:09:00,0.12425689733902345
2018-08-02 08:12:00,0.19001412350706914
2018-08-02 08:15:00,0.19999570872153072
2018-08-02 08:18:00,0.25295311868472936
2018-08-02 08:21:00,0.13883017862491442
2018-08-02 08:24:00,0.18866766418784664
2018-08-02 08:27:00,0.12355547993678329
2018-08-02 08:30:00,0.07110354541526931
2018-08-02 08:33:00,0.03955351967255183
2018-08-02 08:36:00,0.13300236792940723
2018-08-02 08:39:00,0.1712365598354495
2018-08-02 08:42:00,0.0945637833009414
2018-08-02 08:45:00,0.10754975268412181
2018-08-02 08:48:00,0.07699828286558841
2018-08-02 08:51:00,0.04179318615251759
2018-08-02 08:54:00,0.09010933807172705
2018-08-02 08:57:00,0.11723771871686495
2018-08-02 09:00:00,0.07696950023711224
2018-08-02 09:03:00,0.06151974484293987
2018-08-02 09:06:00,0.11760515788239445
2018-08-02 09:09:00,0.08816745073596621
2018-08-02 09:12:00,0.12338619359110226
2018-08-02 09:15:00,0.020713533112996174
2018-08-02 09:18:00,0.07292909521129332
2018-08-02 09:21:00,-0.0653686843446053
2018-08-02 09:24:00,0.04311727538032528
2018-08-02 09:27:00,-0.08446749019913113
2018-08-02 09:30:00,-0.10015992388878203
2018-08-02 09:33:00,-0.02606930499138116
2018-08-02 09:36:00,-0.09315268343755179
2018-08-02 09:39:00,-0.1132352299156878
2018-08-02 09:42:00,-0.060834475644185204
2018-08-02 09:45:00,-0.15555570400209717
2018-08-02 09:48:00,-0.18098021931456287
2018-08-02 09:51:00,-0.20153111508147958
2018-08-02 09:54:00,-0.20545694856821228
2018-08-02 09:57:00,-0.19083475318950605
2018-08-02 10:00:00,-0.19325078547416297
2018-08-02 10:03:00,-0.15402904181433996
2018-08-02 10:06:00,-0.1214140869884659
2018-08-02 10:09:00,-0.14250039357239075
2018-08-02 10:12:00,-0.14348220365752695
2018-08-02 10:15:00,-0.2525051666951299
2018-08-02 10:18:00,-0.28765671746015187
2018-08-02 10:21:00,-0.27645160082988696
2018-08-02 10:24:00,-0.27325705186314053
2018-08-02 10:27:00,-0.2487953464817565
2018-08-02 10:30:00,-0.33112435208630586
2018-08-02 10:33:00,-0.3081104839650948
2018-08-02 10:36:00,-0.2632485607812214
2018-08-02 10:39:00,-0.3390968999796655
2018-08-02 10:42:00,-0.3305311626539833
2018-08-02 10:45:00,-0.30459190163492167
2018-08-02 10:48:00,-0.2739187114299284
2018-08-02 10:51:00,-0.3780675547165515
2018-08-02 10:54:00,-0.3159068213651608
2018-08-02 10:57:00,-0.3501060804870235
2018-08-02 11:00:00,-0.14836976307344685
2018-08-02 11:03:00,-0.3533658421284258
2018-08-02 11:06:00,-0.24266079932999673
2018-08-02 11:09:00,-0.32982947633894355
2018-08-02 11:12:00,-0.36789933719052215
2018-08-02 11:15:00,-0.3707379472647858
2018-08-02 11:18:00,-0.39400090268537724
2018-08-02 11:21:00,-0.2254524023235831
2018-08-02 11:24:00,-0.2913724783284124
2018-08-02 11:27:00,-0.29780956209009446
2018-08-02 11:30:00,-0.2788189131318859
2018-08-02 11:33:00,-0.27530537125636556
2018-08-02 11:36:00,-0.2610638328582695
2018-08-02 11:39:00,-0.30181587576367974
2018-08-02 11:42:00,-0.23166456210697106
2018-08-02 11:45:00,-0.2526031796161874
2018-08-02 11:48:00,-0.13708466565702793
2018-08-02 11:51:00,-0.1938797361761999
2018-08-02 11:54:00,-0.15794214903394277
2018-08-02 11:57:00,0.13385581712282146
2018-08-02 12:00:00,-0.08136487823418292
2018-08-02 12:03:00,-0.13394833236793602
2018-08-02 12:06:00,-0.04689707512363839
2018-08-02 12:09:00,-0.03133621119576446
2018-08-02 12:12:00,-0.029686413636113684
2018-08-02 12:15:00,-0.2051614469637002
2018-08-02 12:18:00,-0.15247681008395375
2018-08-02 12:21:00,-0.040681310430727535
2018-08-02 12:24:00,-0.0661538103215662
2018-08-02 12:27:00,-0.25679036038923186
2018-08-02 12:30:00,-0.254945085537031
2018-08-02 12:33:00,-0.28549641130786085
2018-08-02 12:36:00,-0.3178447715711741
2018-08-02 12:39:00,-0.2966925809820964
2018-08-02 12:42:00,-0.20314972435812706
2018-08-02 12:45:00,-0.24495488784174313
2018-08-02 12:48:00,-0.19918974181780413
2018-08-02 12:51:00,-0.42013720674628985
2018-08-02 12:54:00,-0.3567137637997462
2018-08-02 12:57:00,-0.3624138262217116
2018-08-02 13:00:00,-0.1801017762131778
2018-08-02 13:03:00,-0.07461879051669484
2018-08-02 13:06:00,-0.20270348945581418
2018-08-02 13:09:00,-0.25564961235625105
2018-08-02 13:12:00,-0.2873436198364061
2018-08-02 13:15:00,-0.22096932174588346
2018-08-02 13:18:00,-0.36327588363616314
2018-08-02 13:21:00,-0.31668467101940223
2018-08-02 13:24:00,-0.2552221572702251
2018-08-02 13:27:00,-0.23565133088339962
2018-08-02 13:30:00,-0.3909639553786519
2018-08-02 13:33:00,-0.3871596052834434
2018-08-02 13:36:00,-0.1839835243044945
2018-08-02 13:39:00,-0.19987106957620426
2018-08-02 13:42:00,-0.24556257130069525
2018-08-02 13:45:00,-0.19422547745443808
2018-08-02 13:48:00,-0.3183927958368713
2018-08-02 13:51:00,-0.3437913819458345
2018-08-02 13:54:00,-0.5018305601881821
2018-08-02 13:57:00,-0.3892707789825067
2018-08-02 14:00:00,-0.3739286418845609
2018-08-02 14:03:00,-0.3573870596962365
2018-08-02 14:06:00,-0.382811136773455
2018-08-02 14:09:00,-0.39593995502065127
2018-08-02 14:12:00,-0.26216430916986155
2018-08-02 14:15:00,-0.27604839001287473
2018-08-02 14:18:00,-0.34565503540807185
2018-08-02 14:21:00,-0.4621378297981664
2018-08-02 14:24:00,-0.407452371656575
2018-08-02 14:27:00,-0.3162981375157301
2018-08-02 14:30:00,-0.19398409501542346
2018-08-02 14:33:00,-0.21594738942121694
2018-08-02 14:36:00,-0.2320230849988434
2018-08-02 14:39:00,-0.2525439329573942
2018-08-02 14:42:00,-0.10698379930391866
2018-08-02 14:45:00,-0.17317369638413993
2018-08-02 14:48:00,-0.21432211883313812
2018-08-02 14:51:00,-0.543981140622634
2018-08-02 14:54:00,-0.5177236198765627
2018-08-02 14:57:00,-0.5302252119917625
2018-08-02 15:00:00,-0.4607288517580628
2018-08-02 15:03:00,-0.44728908002883827
2018-08-02 15:06:00,-0.35730049987461143
2018-08-02 15:09:00,-0.3949307057818032
2018-08-02 15:12:00,-0.3594232149137042
2018-08-02 15:15:00,-0.20564357421085333
2018-08-02 15:18:00,-0.19592840028644787
2018-08-02 15:21:00,-0.24345587349239395
2018-08-02 15:24:00,-0.3382585655242565
2018-08-02 15:27:00,-0.33968665500714224
2018-08-02 15:30:00,-0.29695701660665463
2018-08-02 15:33:00,-0.15217434454211798
2018-08-02 15:36:00,-0.260141287470276
2018-08-02 15:39:00,-0.312883592984349
2018-08-02 15:42:00,-0.14884202898480225
2018-08-02 15:45:00,-0.2013480931315712
2018-08-02 15:48:00,-0.11664223761840731
2018-08-02 15:51:00,-0.007121617308655459
2018-08-02 15:54:00,-0.09887223874767415
2018-08-02 15:57:00,0.03964838464685272
2018-08-02 16:00:00,-0.11167556409429835
2018-08-02 16:03:00,-0.3623833072138609
2018-08-02 16:06:00,-0.5740608692757405
2018-08-02 16:09:00,-0.5040207724813968
2018-08-02 16:12:00,-0.5184501952898017
2018-08-02 16:15:00,-0.498313846059375
2018-08-02 16:18:00,-0.4588124956671322
2018-08-02 16:21:00,-0.5091025283213639
2018-08-02 16:24:00,-0.5432350048060357
2018-08-02 16:27:00,-0.49018549420298996
2018-08-02 16:30:00,-0.5072286992843829
2018-08-02 16:33:00,-0.5611106177945544
2018-08-02 16:36:00,-0.5024022365669225
2018-08-02 16:39:00,-0.41870815675690665
2018-08-02 16:42:00,-0.4631319140323171
2018-08-02 16:45:00,-0.47979739140015454
2018-08-02 16:48:00,-0.505561795779272
2018-08-02 16:51:00,-0.4805492941619036
2018-08-02 16:54:00,-0.49672555834371224
2018-08-02 16:57:00,-0.39931868494909395
2018-08-02 17:00:00,-0.4440077697466336
2018-08-02 17:03:00,-0.42577772508343514
2018-08-02 17:06:00,-0.43465878277453385
2018-08-02 17:09:00,-0.39733341394571653
2018-08-02 17:12:00,-0.48181607065453136
2018-08-02 17:15:00,-0.45591335406459166
2018-08-02 17:18:00,-0.5976474336072215
2018-08-02 17:21:00,-0.4911873640278941
2018-08-02 17:24:00,-0.45247064811417204
2018-08-02 17:27:00,-0.5113842551880907
2018-08-02 17:30:00,-0.42210184310704335
2018-08-02 17:33:00,-0.4004297382702475
2018-08-02 17:36:00,-0.4440780312477841
2018-08-02 17:39:00,-0.488016492248903
2018-08-02 17:42:00,-0.4307504783669174
2018-08-02 17:45:00,-0.41696523113614603
2018-08-02 17:48:00,-0.41840497761359075
2018-08-02 17:51:00,-0.24582253401194976
2018-08-02 17:54:00,-0.3242536777975147
2018-08-02 17:57:00,-0.27549833518378364
2018-08-02 18:00:00,-0.38244078533443826
2018-08-02 18:03:00,-0.34196891605137125
2018-08-02 18:06:00,-0.28915888390690725
2018-08-02 18:09:00,-0.34969255499601104
2018-08-02 18:12:00,-0.31451313991397
2018-08-02 18:15:00,-0.3723645410369727
2018-08-02 18:18:00,-0.3818926305565924
2018-08-02 18:21:00,-0.2707031508039677
2018-08-02 18:24:00,-0.33031139707117063
2018-08-02 18:27:00,-0.32475329420185517
2018-08-02 18:30:00,-0.306236730817659
2018-08-02 18:33:00,-0.3539719383579154
2018-08-02 18:36:00,-0.38549710549335714
2018-08-02 18:39:00,-0.3937314217378116
2018-08-02 18:42:00,-0.28712252937890526
2018-08-02 18:45:00,-0.29383370721848223
2018-08-02 18:48:00,-0.2913896716798945
2018-08-02 18:51:00,-0.28984930811259346
2018-08-02 18:54:00,
2018-08-02 18:57:00,
2018-08-02 19:00:00,
2018-08-02 19:03:00,-0.19276698703708917
2018-08-02 19:06:00,-0.22877029850297959
2018-08-02 19:09:00,-0.25345003041229575
2018-08-02 19:12:00,-0.16456757100291952
2018-08-02 19:15:00,-0.2561836700448339
2018-08-02 19:18:00,-0.14288964393841752
2018-08-02 19:21:00,-0.15148724875069774
2018-08-02 19:24:00,-0.17189554343337932
2018-08-02 19:27:00,-0.1396655830516238
2018-08-02 19:30:00,-0.11895566763223542
2018-08-02 19:33:00,-0.15421586263602194
2018-08-02 19:36:00,-0.08275054969158191
2018-08-02 19:39:00,-0.07486546644605596
2018-08-02 19:42:00,-0.12775214466910256
2018-08-02 19:45:00,-0.15868082642856507
2018-08-02 19:48:00,-0.14521918858059735
2018-08-02 19:51:00,-0.08310874590739559
2018-08-02 19:54:00,-0.015484746312267816
2018-08-02 19:57:00,-0.12179998094035227
2018-08-02 20:00:00,-0.05811126339085604
2018-08-02 20:03:00,-0.07546978336455368
2018-08-02 20:06:00,-0.08525050531562783
2018-08-02 20:09:00,-0.0979691988434297
2018-08-02 20:12:00,-0.1056081925679564
2018-08-02 20:15:00,-0.10511350488775406
2018-08-02 20:18:00,-0.055866252746909595
2018-08-02 20:21:00,0.01837882563779658
2018-08-02 20:24:00,-0.025622054412906436
2018-08-02 20:27:00,-0.15256651081733708
2018-08-02 20:30:00,-0.05265085083726717
2018-08-02 20:33:00,-0.06425250542594085
2018-08-02 20:36:00,0.014175124084772506
2018-08-02 20:39:00,-0.08930672542606999
2018-08-02 20:42:00,-0.0020727278849221875
2018-08-02 20:45:00,-0.028540603463625303
2018-08-02 20:48:00,-0.07812150369738902
2018-08-02 20:51:00,-0.06510308776881857
2018-08-02 20:54:00,0.0528121791966214
2018-08-02 20:57:00,-0.011865626498433812
2018-08-02 21:00:00,0.01237343680423919
2018-08-02 21:03:00,0.01021264853318371
2018-08-02 21:06:00,-0.006123748014260855
2018-08-02 21:09:00,-0.061213017562124605
2018-08-02 21:12:00,0.04962799829758069
2018-08-02 21:15:00,0.022514706719050537
2018-08-02 21:18:00,-0.03973221309053088
2018-08-02 21:21:00,-0.04267561143569765
2018-08-02 21:24:00,-0.057292710555373105
2018-08-02 21:27:00,0.01588640326292534
2018-08-02 21:30:00,0.05121956929423277
2018-08-02 21:33:00,-0.041647251442498145
2018-08-02 21:36:00,0.014741684781427011
2018-08-02 21:39:00,0.07158285041339241
2018-08-02 21:42:00,-0.013368055299167736
2018-08-02 21:45:00,0.024198228089687746
2018-08-02 21:48:00,0.037665724960334046
2018-08-02 21:51:00,-0.002442328338304378
2018-08-02 21:54:00,-0.0037335936655154
2018-08-02 21:57:00,-0.017364511076493727
2018-08-02 22:00:00,0.053188752719108834
2018-08-02 22:03:00,0.07013920780974559
2018-08-02 22:06:00,-0.01924789080243272
2018-08-02 22:09:00,0.014352322273509799
2018-08-02 22:12:00,-0.07369675906312523
2018-08-02 22:15:00,0.0016560262261577918
2018-08-02 22:18:00,0.014696457518482475
2018-08-02 22:21:00,-0.018059746095616447
2018-08-02 22:24:00,-0.05398653836596168
2018-08-02 22:27:00,-0.028614096573846837
2018-08-02 22:30:00,0.012525487161269666
2018-08-02 22:33:00,-0.03668879586263074
2018-08-02 22:36:00,0.1322648412717058
2018-08-02 22:39:00,0.10213015262183944
2018-08-02 22:42:00,0.04890150527398873
2018-08-02 22:45:00,0.0062492143700296765
2018-08-02 22:48:00,0.06610971201189386
2018-08-02 22:51:00,0.029627501515506083
2018-08-02 22:54:00,0.016987945022151507
2018-08-02 22:57:00,-0.025634335616473436
2018-08-02 23:00:00,0.005264897357562859
2018-08-02 23:03:00,-0.05856300825269045
2018-08-02 23:06:00,0.09453277447886421
2018-08-02 23:09:00,0.05235941367033092
2018-08-02 23:12:00,0.11725381433774373
2018-08-02 23:15:00,0.15269088028873057
2018-08-02 23:18:00,0.11588733567492682
2018-08-02 23:21:00,0.10602782295978841
2018-08-02 23:24:00,0.1470696641933955
2018-08-02 23:27:00,0.06172820230636944
2018-08-02 23:30:00,0.01375710577292466
2018-08-02 23:33:00,0.05146938433978221
2018-08-02 23:36:00,0.1438985306313043
2018-08-02 23:39:00,0.08016038797245528
2018-08-02 23:42:00,0.14503916942157957
2018-08-02 23:45:00,0.05252850931543662
2018-08-02 23:48:00,0.10158886631126052
2018-08-02 23:51:00,0.1075131241908025
2018-08-02 23:54:00,0.09748270584174179
2018-08-02 23:57:00,0.0421875405187393
2018-08-03 00:00:00,0.09261332172701486
2018-08-03 00:03:00,-0.03352921745391768
2018-08-03 00:06:00,0.09649246988215054
2018-08-03 00:09:00,0.1317513176206262
2018-08-03 00:12:00,0.12723875100437
2018-08-03 00:15:00,0.12531307653307522
2018-08-03 00:18:00,0.11479689503642021
2018-08-03 00:21:00,0.14665638299436523
2018-08-03 00:24:00,0.10346722166042355
2018-08-03 00:27:00,0.17867905622341596
2018-08-03 00:30:00,0.08218205103059972
2018-08-03 00:33:00,0.10170742661284748
2018-08-03 00:36:00,0.07832924848258926
2018-08-03 00:39:00,0.13192426933221668
2018-08-03 00:42:00,0.056031907826081806
2018-08-03 00:45:00,0.15428271740358923
2018-08-03 00:48:00,0.11225772298575976
2018-08-03 00:51:00,0.14374109773183363
2018-08-03 00:54:00,0.13680064318265295
2018-08-03 00:57:00,0.03514075219499091
2018-08-03 01:00:00,0.15165662257123813
2018-08-03 01:03:00,0.158033733230468
2018-08-03 01:06:00,0.21330822429274576
2018-08-03 01:09:00,0.13658957608879518
2018-08-03 01:12:00,0.11281489937510969
2018-08-03 01:15:00,0.18285161298365438
2018-08-03 01:18:00,0.1590364252008385
2018-08-03 01:21:00,0.18444602561845613
2018-08-03 01:24:00,0.08819329505831774
2018-08-03 01:27:00,0.10111133132329542
2018-08-03 01:30:00,0.02827348873529445
2018-08-03 01:33:00,0.1647608183056377
2018-08-03 01:36:00,0.11090129099028445
2018-08-03 01:39:00,0.09259648967696421
2018-08-03 01:42:00,0.08710794777221054
2018-08-03 01:45:00,0.07488606953762655
2018-08-03 01:48:00,0.0904538311477836
2018-08-03 01:51:00,0.04106229635732461
2018-08-03 01:54:00,0.14564301632350407
2018-08-03 01:57:00,0.10050767701073937
2018-08-03 02:00:00,0.0359027401188996
2018-08-03 02:03:00,0.04639513369266979
2018-08-03 02:06:00,0.12856082795730117
2018-08-03 02:09:00,0.16705118901546712
2018-08-03 02:12:00,0.09316373385263432
2018-08-03 02:15:00,0.16458211712938464
2018-08-03 02:18:00,0.227349490579968
2018-08-03 02:21:00,0.1067931812436882
2018-08-03 02:24:00,0.19278487751051898
2018-08-03 02:27:00,0.25473886021313774
2018-08-03 02:30:00,0.25338492980063165
2018-08-03 02:33:00,0.24919522101890834
2018-08-03 02:36:00,0.3370526997090906
2018-08-03 02:39:00,0.26558866464347375
2018-08-03 02:42:00,0.3027391956152883
2018-08-03 02:45:00,0.3113757904818044
2018-08-03 02:48:00,0.3193467059153363
2018-08-03 02:51:00,0.42875838838699565
2018-08-03 02:54:00,0.3909945708510918
2018-08-03 02:57:00,0.4417826533121456
2018-08-03 03:00:00,0.32286677631975635
2018-08-03 03:03:00,0.49581562254593337
2018-08-03 03:06:00,0.39278861163109013
2018-08-03 03:09:00,0.3818147914872725
2018-08-03 03:12:00,0.32516848009680643
2018-08-03 03:15:00,0.3390008963140758
2018-08-03 03:18:00,0.43299355277940776
2018-08-03 03:21:00,0.37170329841609373
2018-08-03 03:24:00,0.34212290520986244
2018-08-03 03:27:00,0.3789051359823361
2018-08-03 03:30:00,0.3093925336426082
2018-08-03 03:33:00,0.38815192288569733
2018-08-03 03:36:00,0.3857437673926256
2018-08-03 03:39:00,0.35051729581653035
2018-08-03 03:42:00,0.30661874997389305
2018-08-03 03:45:00,0.4109097768089782
2018-08-03 03:48:00,0.36402977197298014
2018-08-03 03:51:00,0.38164429378451814
2018-08-03 03:54:00,0.3862051623478351
2018-08-03 03:57:00,0.3552097881458849
2018-08-03 04:00:00,0.3567825135185103
2018-08-03 04:03:00,0.323714122220224
2018-08-03 04:06:00,0.19848314019992586
2018-08-03 04:09:00,0.332968443303173
2018-08-03 04:12:00,0.31627017337683583
2018-08-03 04:15:00,0.31986645400417046
2018-08-03 04:18:00,0.2011790359001111
2018-08-03 04:21:00,0.21849490899512602
2018-08-03 04:24:00,0.31262361100510816
2018-08-03 04:27:00,0.3445003113127427
2018-08-03 04:30:00,0.36842743820449186
2018-08-03 04:33:00,0.26131603159905126
2018-08-03 04:36:00,0.42212014851321555
2018-08-03 04:39:00,0.376110447153053
2018-08-03 04:42:00,0.39675578100150233
2018-08-03 04:45:00,0.4341000654475806
2018-08-03 04:48:00,0.44341411825553223
2018-08-03 04:51:00,0.3207377428131508
2018-08-03 04:54:00,0.4289847117850627
2018-08-03 04:57:00,0.35685291134859654
2018-08-03 05:00:00,0.38256114069093883
2018-08-03 05:03:00,0.466958560417595
2018-08-03 05:06:00,0.4060863312528227
2018-08-03 05:09:00,0.4661621061433152
2018-08-03 05:12:00,0.5656692453106871
2018-08-03 05:15:00,0.5020989268134031
2018-08-03 05:18:00,0.5029520910488827
2018-08-03 05:21:00,0.49945895054753464
2018-08-03 05:24:00,0.4480253613193099
2018-08-03 05:27:00,0.4801869710102551
2018-08-03 05:30:00,0.4723028433035097
2018-08-03 05:33:00,0.4918332819416378
2018-08-03 05:36:00,0.5642608857535265
2018-08-03 05:39:00,0.4121527339738691
2018-08-03 05:42:00,0.422225074984226
2018-08-03 05:45:00,0.3762279291058235
2018-08-03 05:48:00,0.4498672968693427
2018-08-03 05:51:00,0.4078183713882595
2018-08-03 05:54:00,0.4086263537080299
2018-08-03 05:57:00,0.4525205184141896
2018-08-03 06:00:00,0.37184227691489014
2018-08-03 06:03:00,0.39896600400254556
2018-08-03 06:06:00,0.34770014197249566
2018-08-03 06:09:00,0.337340482380057
2018-08-03 06:12:00,0.3465486246519731
2018-08-03 06:15:00,0.3319919689278663
2018-08-03 06:18:00,0.3408141659168109
2018-08-03 06:21:00,0.3386308283747894
2018-08-03 06:24:00,0.28814681004649856
2018-08-03 06:27:00,0.2793962681034259
2018-08-03 06:30:00,0.29522106567901574
2018-08-03 06:33:00,0.3650950922084917
2018-08-03 06:36:00,0.3828103910400955
2018-08-03 06:39:00,0.3773582001583691
2018-08-03 06:42:00,0.40642520545105754
2018-08-03 06:45:00,0.4260495269286366
2018-08-03 06:48:00,0.4077915132177736
2018-08-03 06:51:00,0.3636997261151578
2018-08-03 06:54:00,0.38267038588537616
2018-08-03 06:57:00,0.4331927276338092
2018-08-03 07:00:00,0.44248543865910506
2018-08-03 07:03:00,0.44482122922806866
2018-08-03 07:06:00,0.415287180105679
2018-08-03 07:09:00,0.348903010155027
2018-08-03 07:12:00,0.41144622187459845
2018-08-03 07:15:00,0.38704505279025625
2018-08-03 07:18:00,0.5150195304934755
2018-08-03 07:21:00,0.38290181960348946
2018-08-03 07:24:00,0.4906807266780788
2018-08-03 07:27:00,0.4692107009277038
2018-08-03 07:30:00,0.5608275435257042
2018-08-03 07:33:00,0.48080686717759136
2018-08-03 07:36:00,0.5352171498051916
2018-08-03 07:39:00,0.4595131704824098
2018-08-03 07:42:00,0.5196947617198475
2018-08-03 07:45:00,0.5759880219340516
2018-08-03 07:48:00,0.4828793109027174
2018-08-03 07:51:00,0.48027352560905
2018-08-03 07:54:00,0.5092253848401356
2018-08-03 07:57:00,0.46002074469589616
2018-08-03 08:00:00,0.4448521793330542
2018-08-03 08:03:00,0.4187362599694211
2018-08-03 08:06:00,0.4235159667670132
2018-08-03 08:09:00,0.4317716994519287
2018-08-03 08:12:00,0.5737974161094144
2018-08-03 08:15:00,0.47564327052822364
2018-08-03 08:18:00,0.4721606989878069
2018-08-03 08:21:00,0.46635952270463576
2018-08-03 08:24:00,0.42644976404989166
2018-08-03 08:27:00,0.461309585109575
2018-08-03 08:30:00,0.47984353905627586
2018-08-03 08:33:00,0.44304723795602285
2018-08-03 08:36:00,0.47746520889080557
2018-08-03 08:39:00,0.4211674171801292
2018-08-03 08:42:00,0.4346433819158051
2018-08-03 08:45:00,0.37015694558152745
2018-08-03 08:48:00,0.4206837422548233
2018-08-03 08:51:00,0.47239506835433076
2018-08-03 08:54:00,0.42199836190474116
2018-08-03 08:57:00,0.45061420633987836
2018-08-03 09:00:00,0.3930694695436614
2018-08-03 09:03:00,0.41637574901585594
2018-08-03 09:06:00,0.47535477347423694
2018-08-03 09:09:00,0.3278882971181929
2018-08-03 09:12:00,0.5077535561009654
2018-08-03 09:15:00,0.3672393024601206
2018-08-03 09:18:00,0.3054741068681892
2018-08-03 09:21:00,0.33595164795434584
2018-08-03 09:24:00,0.38099045690699995
2018-08-03 09:27:00,0.29570029383023666
2018-08-03 09:30:00,0.35556015810340114
2018-08-03 09:33:00,0.32336776851570903
2018-08-03 09:36:00,0.26374989245658753
2018-08-03 09:39:00,0.29551520130837616
2018-08-03 09:42:00,0.336052249507361
2018-08-03 09:45:00,0.2559795298022891
2018-08-03 09:48:00,0.21013910950824766
2018-08-03 09:51:00,0.26262506279300624
2018-08-03 09:54:00,0.25784144295533906
2018-08-03 09:57:00,0.21117221549843634
2018-08-03 10:00:00,0.2539980495641885
2018-08-03 10:03:00,0.19297931347341546
2018-08-03 10:06:00,0.2646199442259558
2018-08-03 10:09:00,0.15256604259201367
2018-08-03 10:12:00,0.2281767995097539
2018-08-03 10:15:00,0.10655010703163725
2018-08-03 10:18:00,0.10539795297120236
2018-08-03 10:21:00,0.046763928768484675
2018-08-03 10:24:00,0.07150135258558521
2018-08-03 10:27:00,0.17856509256523623
2018-08-03 10:30:00,0.1252163042491361
2018-08-03 10:33:00,0.11106205081767939
2018-08-03 10:36:00,0.11927473177081538
2018-08-03 10:39:00,0.15003295059040056
2018-08-03 10:42:00,0.16427032021209698
2018-08-03 10:45:00,0.07895019344800858
2018-08-03 10:48:00,0.10791762923184933
2018-08-03 10:51:00,0.07329936278335936
2018-08-03 10:54:00,-0.024905652971767722
2018-08-03 10:57:00,0.19974288000651086
2018-08-03 11:00:00,0.1090090347800583
2018-08-03 11:03:00,0.17345755838516652
2018-08-03 11:06:00,0.1511604101561943
2018-08-03 11:09:00,0.0875887331255285
2018-08-03 11:12:00,0.20129167658882352
2018-08-03 11:15:00,-0.01755502299596401
2018-08-03 11:18:00,-0.02435555402752243
2018-08-03 11:21:00,-0.036830719415661406
2018-08-03 11:24:00,-0.0039435758372974306
2018-08-03 11:27:00,0.005988838435882826
2018-08-03 11:30:00,-0.10278970800419529
2018-08-03 11:33:00,-0.1262111836248323
2018-08-03 11:36:00,-0.09932827689448231
2018-08-03 11:39:00,-0.03950231374795976
2018-08-03 11:42:00,-0.03701600243846315
2018-08-03 11:45:00,-0.28223596327438827
2018-08-03 11:48:00,-0.18277446145259546
2018-08-03 11:51:00,-0.1478571775716091
2018-08-03 11:54:00,-0.26438344757787036
2018-08-03 11:57:00,-0.1766465825928094
2018-08-03 12:00:00,-0.2225925496709351
2018-08-03 12:03:00,-0.13037917548820133
2018-08-03 12:06:00,-0.17056251281604773
2018-08-03 12:09:00,-0.38433221186352284
2018-08-03 12:12:00,-0.24172558338563022
2018-08-03 12:15:00,-0.22462702366289022
2018-08-03 12:18:00,-0.19520604482971748
2018-08-03 12:21:00,-0.27616688988558735
2018-08-03 12:24:00,-0.21536863402872086
2018-08-03 12:27:00,-0.24655526456513144
2018-08-03 12:30:00,-0.2061089783125567
2018-08-03 12:33:00,-0.3363892465940239
2018-08-03 12:36:00,-0.26990416421745067
2018-08-03 12:39:00,-0.4006254896731889
2018-08-03 12:42:00,-0.21382754750294453
2018-08-03 12:45:00,-0.26244554570467926
2018-08-03 12:48:00,-0.3804354739107225
2018-08-03 12:51:00,-0.3294473368815716
2018-08-03 12:54:00,-0.3182438433985908
2018-08-03 12:57:00,-0.2953062396215387
2018-08-03 13:00:00,-0.47653528709986404
2018-08-03 13:03:00,-0.3646935477254942
2018-08-03 13:06:00,-0.36897391010359115
2018-08-03 13:09:00,-0.33652987527688083
2018-08-03 13:12:00,-0.42139254819272765
2018-08-03 13:15:00,-0.32617501736405075
2018-08-03 13:18:00,-0.30455781708445784
2018-08-03 13:21:00,-0.26654270787383894
2018-08-03 13:24:00,-0.2957498354003292
2018-08-03 13:27:00,-0.3920709112981058
2018-08-03 13:30:00,-0.46499877587552874
2018-08-03 13:33:00,-0.36585655310398124
2018-08-03 13:36:00,-0.3851143013627052
2018-08-03 13:39:00,-0.3355986510445632
2018-08-03 13:42:00,-0.4825439428732352
2018-08-03 13:45:00,-0.3463085688904357
2018-08-03 13:48:00,-0.4507251530541794
2018-08-03 13:51:00,-0.4796322151046297
2018-08-03 13:54:00,-0.47458636427410283
2018-08-03 13:57:00,-0.38237277077553244
2018-08-03 14:00:00,-0.475351429853788
2018-08-03 14:03:00,-0.45744710147658907
2018-08-03 14:06:00,-0.42958951784686406
2018-08-03 14:09:00,-0.439729376541095
2018-08-03 14:12:00,-0.4161115186793154
2018-08-03 14:15:00,-0.43764375613721995
2018-08-03 14:18:00,-0.5026986888530018
2018-08-03 14:21:00,-0.37851999093726363
2018-08-03 14:24:00,-0.4050536840193786
2018-08-03 14:27:00,-0.43497748541801684
2018-08-03 14:30:00,-0.49791621942813435
2018-08-03 14:33:00,-0.4280412048321409
2018-08-03 14:36:00,-0.37424622350386016
2018-08-03 14:39:00,-0.37228377367563326
2018-08-03 14:42:00,-0.397871879019533
2018-08-03 14:45:00,-0.49092662178145474
2018-08-03 14:48:00,-0.3980461718388142
2018-08-03 14:51:00,-0.40934593177121315
2018-08-03 14:54:00,-0.4573455901539205
2018-08-03 14:57:00,-0.387976423377836
2018-08-03 15:00:00,-0.4349011638054776
2018-08-03 15:03:00,-0.33638074219044256
2018-08-03 15:06:00,-0.38930598105127956
2018-08-03 15:09:00,-0.601954799021712
2018-08-03 15:12:00,-0.5143194136096554
2018-08-03 15:15:00,-0.47659736085074655
2018-08-03 15:18:00,-0.4088267406979753
2018-08-03 15:21:00,-0.4918761503643623
2018-08-03 15:24:00,-0.4198723363661543
2018-08-03 15:27:00,-0.4248184286842047
2018-08-03 15:30:00,-0.6063795722026271
2018-08-03 15:33:00,-0.35144147380759705
2018-08-03 15:36:00,-0.4492180067871345
2018-08-03 15:39:00,-0.46563038754027275
2018-08-03 15:42:00,-0.5634096967290816
2018-08-03 15:45:00,-0.46397215728268293
2018-08-03 15:48:00,-0.44753805283829706
2018-08-03 15:51:00,-0.3857816130877154
2018-08-03 15:54:00,-0.4432539424530546
2018-08-03 15:57:00,-0.3956039757091503
2018-08-03 16:00:00,-0.44344596963048843
2018-08-03 16:03:00,-0.39205581695415503
2018-08-03 16:06:00,-0.3883582186323338
2018-08-03 16:09:00,-0.3123363509307069
2018-08-03 16:12:00,-0.2786166646178003
2018-08-03 16:15:00,-0.35952583483083345
2018-08-03 16:18:00,-0.30550689893391336
2018-08-03 16:21:00,-0.2851198148262597
2018-08-03 16:24:00,-0.14372358352869696
2018-08-03 16:27:00,0.0975443231287727
2018-08-03 16:30:00,-0.06622852507558719
2018-08-03 16:33:00,0.037929509225932634
2018-08-03 16:36:00,-0.04500898973117273
2018-08-03 16:39:00,-0.3252087659398626
2018-08-03 16:42:00,-0.35028082109960224
2018-08-03 16:45:00,-0.27707845130356645
2018-08-03 16:48:00,-0.27286960919184367
2018-08-03 16:51:00,-0.292258009957834
2018-08-03 16:54:00,-0.19145634309364823
2018-08-03 16:57:00,-0.2337773047387941
2018-08-03 17:00:00,-0.18110696707339002
2018-08-03 17:03:00,-0.36688017165835163
2018-08-03 17:06:00,-0.21264960373855502
2018-08-03 17:09:00,-0.24676608470093697
2018-08-03 17:12:00,-0.21210199090779724
2018-08-03 17:15:00,-0.28725797503591366
2018-08-03 17:18:00,-0.2167815005489615
2018-08-03 17:21:00,-0.16548155977187662
2018-08-03 17:24:00,-0.15857076831099448
2018-08-03 17:27:00,-0.18070555328563387
2018-08-03 17:30:00,-0.2003350893275524
2018-08-03 17:33:00,-0.12827726224963953
2018-08-03 17:36:00,-0.21982252219623888
2018-08-03 17:39:00,-0.0905673953815267
2018-08-03 17:42:00,-0.17357879036217128
2018-08-03 17:45:00,-0.23423831348753765
2018-08-03 17:48:00,0.043502132268656624
2018-08-03 17:51:00,0.02049656461736049
2018-08-03 17:54:00,0.10557401727680826
2018-08-03 17:57:00,0.3473243199788385
2018-08-03 18:00:00,0.3257912124646509
2018-08-03 18:03:00,0.18334237477267834
2018-08-03 18:06:00,0.28430121355319216
2018-08-03 18:09:00,0.15775137188512645
2018-08-03 18:12:00,0.14129369382590085
2018-08-03 18:15:00,0.0780984917402634
2018-08-03 18:18:00,0.12368021440892107
2018-08-03 18:21:00,0.1467273154091231
2018-08-03 18:24:00,0.02649195905792112
2018-08-03 18:27:00,0.042680585808227534
2018-08-03 18:30:00,0.06752905990157387
2018-08-03 18:33:00,0.07056700029164631
2018-08-03 18:36:00,0.035436241753359354
2018-08-03 18:39:00,-0.07646138615876907
2018-08-03 18:42:00,0.07322598152035198
2018-08-03 18:45:00,0.1874903146645579
2018-08-03 18:48:00,0.2258433595668521
2018-08-03 18:51:00,0.34260702752914085
2018-08-03 18:54:00,
2018-08-03 18:57:00,
2018-08-03 19:00:00,
2018-08-03 19:03:00,0.3167094220796116
2018-08-03 19:06:00,0.2832454857982043
2018-08-03 19:09:00,0.2441849992636662
2018-08-03 19:12:00,0.11113006659309121
2018-08-03 19:15:00,0.004206140923486146
2018-08-03 19:18:00,0.061265906128255665
2018-08-03 19:21:00,-0.007239935226323269
2018-08-03 19:24:00,0.047745788744464335
2018-08-03 19:27:00,0.05511532171954059
2018-08-03 19:30:00,-0.021085704040274322
2018-08-03 19:33:00,-0.002055497727326383
2018-08-03 19:36:00,0.014529353797911426
2018-08-03 19:39:00,0.05276000253570601
2018-08-03 19:42:00,0.2193760382833716
2018-08-03 19:45:00,0.10149162279770962
2018-08-03 19:48:00,0.05012273150003921
2018-08-03 19:51:00,0.10653117447344584
2018-08-03 19:54:00,0.18662626777842206
2018-08-03 19:57:00,0.22984671308398674
2018-08-03 20:00:00,0.22492634359758767
2018-08-03 20:03:00,0.2932542689405295
2018-08-03 20:06:00,0.33343244150728424
2018-08-03 20:09:00,0.31361212439009023
2018-08-03 20:12:00,0.42991585349295747
2018-08-03 20:15:00,0.38061832306198085
2018-08-03 20:18:00,0.4750020410099296
2018-08-03 20:21:00,0.3082977285803281
2018-08-03 20:24:00,0.27681889816147986
2018-08-03 20:27:00,0.24894974784410806
2018-08-03 20:30:00,0.2978313615551542
2018-08-03 20:33:00,0.21890011196057912
2018-08-03 20:36:00,0.29661124197474464
2018-08-03 20:39:00,0.34028000870563346
2018-08-03 20:42:00,0.46041434466087594
2018-08-03 20:45:00,0.4804223228440492
2018-08-03 20:48:00,0.5546044297003618
2018-08-03 20:51:00,0.4476372054667763
2018-08-03 20:54:00,0.6295899516659347
2018-08-03 20:57:00,0.6013277822496548
2018-08-03 21:00:00,0.6455611160267836
2018-08-03 21:03:00,0.7496931749295754
2018-08-03 21:06:00,0.710660769520814
2018-08-03 21:09:00,0.6898050005817709
2018-08-03 21:12:00,0.5424230925411848
2018-08-03 21:15:00,0.4462004931683623
2018-08-03 21:18:00,0.3764010772462143
2018-08-03 21:21:00,0.3150936705357026
2018-08-03 21:24:00,0.35387273204753456
2018-08-03 21:27:00,0.26591821958362516
2018-08-03 21:30:00,0.2832755308873516
2018-08-03 21:33:00,0.38856175142535676
2018-08-03 21:36:00,0.36121730741825786
2018-08-03 21:39:00,0.38097197789369375
2018-08-03 21:42:00,0.3891088262359972
2018-08-03 21:45:00,0.5813788207877906
2018-08-03 21:48:00,0.44624478749085483
2018-08-03 21:51:00,0.4253072913206779
2018-08-03 21:54:00,0.447699008620873
2018-08-03 21:57:00,0.4139254405691304
2018-08-03 22:00:00,0.3849793726858479
2018-08-03 22:03:00,0.3348573673864621
2018-08-03 22:06:00,0.47889186770225933
2018-08-03 22:09:00,0.38638760841547537
2018-08-03 22:12:00,0.4027862542824323
2018-08-03 22:15:00,0.4951461290680754
2018-08-03 22:18:00,0.43166027868477386
2018-08-03 22:21:00,0.3578328016334922
2018-08-03 22:24:00,0.41309759273212876
2018-08-03 22:27:00,0.2623699499552572
2018-08-03 22:30:00,0.363890075880704
2018-08-03 22:33:00,0.37206173095620443
2018-08-03 22:36:00,0.37586293246420155
2018-08-03 22:39:00,0.438801561342018
2018-08-03 22:42:00,0.29446175830224774
2018-08-03 22:45:00,0.3920917202214582
2018-08-03 22:48:00,0.3793115025621887
2018-08-03 22:51:00,0.4203422883364851
2018-08-03 22:54:00,0.43172908435104773
2018-08-03 22:57:00,0.38006737308330685
2018-08-03 23:00:00,0.37842400525784115
2018-08-03 23:03:00,0.30127565560536596
2018-08-03 23:06:00,0.45407986196943284
2018-08-03 23:09:00,0.4481771523889506
2018-08-03 23:12:00,0.5587841182091324
2018-08-03 23:15:00,0.5359384690371485
2018-08-03 23:18:00,0.44394880919327306
2018-08-03 23:21:00,0.48728464312114284
2018-08-03 23:24:00,0.524825263151854
2018-08-03 23:27:00,0.5070371880809716
2018-08-03 23:30:00,0.3687212980006507
2018-08-03 23:33:00,0.5193037204422808
2018-08-03 23:36:00,0.4772990200444269
2018-08-03 23:39:00,0.5039544697780798
2018-08-03 23:42:00,0.4148415123366931
2018-08-03 23:45:00,0.4139617483097595
2018-08-03 23:48:00,0.4747944488867688
2018-08-03 23:51:00,0.44321944953827597
2018-08-03 23:54:00,0.4373825742538884
2018-08-03 23:57:00,0.3610881506195369
2018-08-04 00:00:00,0.4918451481336774
2018-08-04 00:03:00,0.39870688014252664
2018-08-04 00:06:00,0.4537383768737868
2018-08-04 00:09:00,0.579009130857969
2018-08-04 00:12:00,0.7186673402882207
2018-08-04 00:15:00,0.5768349938135771
2018-08-04 00:18:00,0.49879364102309864
2018-08-04 00:21:00,0.40275614002291604
2018-08-04 00:24:00,0.4378818445937327
2018-08-04 00:27:00,0.36717369098704467
2018-08-04 00:30:00,0.3546064498831356
2018-08-04 00:33:00,0.35923659547319176
2018-08-04 00:36:00,0.4473455180967676
2018-08-04 00:39:00,0.36433344906447473
2018-08-04 00:42:00,0.36604002314720674
2018-08-04 00:45:00,0.3702420886339155
2018-08-04 00:48:00,0.2718513250281376
2018-08-04 00:51:00,0.3512320870468102
2018-08-04 00:54:00,0.40500808635607655
2018-08-04 00:57:00,0.38996546616567684
2018-08-04 01:00:00,0.40652947156519303
2018-08-04 01:03:00,0.3958172469904184
2018-08-04 01:06:00,0.4320007896222364
2018-08-04 01:09:00,0.3992105182296086
2018-08-04 01:12:00,0.4149482088484433
2018-08-04 01:15:00,0.43940117580177684
2018-08-04 01:18:00,0.4842323304387719
2018-08-04 01:21:00,0.44561580996287375
2018-08-04 01:24:00,0.4199837927228032
2018-08-04 01:27:00,0.44569360467664865
2018-08-04 01:30:00,0.5091920025776631
2018-08-04 01:33:00,0.4608979253679877
2018-08-04 01:36:00,0.41299744694953233
2018-08-04 01:39:00,0.4956240777272569
2018-08-04 01:42:00,0.4539866490185318
2018-08-04 01:45:00,0.42573066096417733
2018-08-04 01:48:00,0.40302121474223895
2018-08-04 01:51:00,0.39028842411244113
2018-08-04 01:54:00,0.45333268854369635
2018-08-04 01:57:00,0.46444389865325775
2018-08-04 02:00:00,0.42763059177860896
2018-08-04 02:03:00,0.4115528676265967
2018-08-04 02:06:00,0.4902416173861184
2018-08-04 02:09:00,0.7368914480080662
2018-08-04 02:12:00,0.8479257657080552
2018-08-04 02:15:00,0.7781159827343345
2018-08-04 02:18:00,0.6731792681302409
2018-08-04 02:21:00,0.5161600286673433
2018-08-04 02:24:00,0.644607019456771
2018-08-04 02:27:00,0.7155504612168215
2018-08-04 02:30:00,0.5819386616181532
2018-08-04 02:33:00,0.45458475212240046
2018-08-04 02:36:00,0.4543359853605011
2018-08-04 02:39:00,0.6500257187007037
2018-08-04 02:42:00,0.5238049812122654
2018-08-04 02:45:00,0.517856738519697
2018-08-04 02:48:00,0.5056707069933282
2018-08-04 02:51:00,0.6072900910675116
2018-08-04 02:54:00,0.5602156662650941
2018-08-04 02:57:00,0.7077531749649211
2018-08-04 03:00:00,0.591628258217554
2018-08-04 03:03:00,0.5672914109260887
2018-08-04 03:06:00,0.4876119154786238
2018-08-04 03:09:00,0.5308124609295533
2018-08-04 03:12:00,0.4796388203304218
2018-08-04 03:15:00,0.487108971204691
2018-08-04 03:18:00,0.4542048309584743
2018-08-04 03:21:00,0.46675456798169535
2018-08-04 03:24:00,0.4727445410662199
2018-08-04 03:27:00,0.6492031087944952
2018-08-04 03:30:00,0.5718324032277451
2018-08-04 03:33:00,0.5638353342695837
2018-08-04 03:36:00,0.5127573503389158
2018-08-04 03:39:00,0.5506053636579509
2018-08-04 03:42:00,0.4627125661311311
2018-08-04 03:45:00,0.43527807666828267
2018-08-04 03:48:00,0.5605965674012623
2018-08-04 03:51:00,0.40085457838239336
2018-08-04 03:54:00,0.5119789491794222
2018-08-04 03:57:00,0.5975696661300844
2018-08-04 04:00:00,0.6043553690157069
2018-08-04 04:03:00,0.5322746621708347
2018-08-04 04:06:00,0.5338013558516082
2018-08-04 04:09:00,0.5980016680096014
2018-08-04 04:12:00,0.5949062961916525
2018-08-04 04:15:00,0.6822032554209727
2018-08-04 04:18:00,0.7192443211071122
2018-08-04 04:21:00,0.6820839768620885
2018-08-04 04:24:00,0.5472201001606436
2018-08-04 04:27:00,0.5148665918961228
2018-08-04 04:30:00,0.554197029376553
2018-08-04 04:33:00,0.6038671968726135
2018-08-04 04:36:00,0.5503894174319157
2018-08-04 04:39:00,0.6506273800078475
2018-08-04 04:42:00,0.5535685942684836
2018-08-04 04:45:00,0.5141146064561894
2018-08-04 04:48:00,0.5487072943107592
2018-08-04 04:51:00,0.5679344269469766
2018-08-04 04:54:00,0.517861498850209
2018-08-04 04:57:00,0.4590945200258716
2018-08-04 05:00:00,0.4020233926005403
2018-08-04 05:03:00,0.3791904757326847
2018-08-04 05:06:00,0.468040214990765
2018-08-04 05:09:00,0.5609059288005938
2018-08-04 05:12:00,0.5576957679285215
2018-08-04 05:15:00,0.5705359378266621
2018-08-04 05:18:00,0.5471035541438596
2018-08-04 05:21:00,0.586611367548528
2018-08-04 05:24:00,0.5245041699976696
2018-08-04 05:27:00,0.5519597180506253
2018-08-04 05:30:00,0.4941623727819433
2018-08-04 05:33:00,0.4771540631238622
2018-08-04 05:36:00,0.4489001671634014
2018-08-04 05:39:00,0.42745673600745704
2018-08-04 05:42:00,0.4068852687771596
2018-08-04 05:45:00,0.41339110856193884
2018-08-04 05:48:00,0.40055640509376644
2018-08-04 05:51:00,0.33725215455547186
2018-08-04 05:54:00,0.45044393685702744
2018-08-04 05:57:00,0.3556875049237078
2018-08-04 06:00:00,0.3480820458976268
2018-08-04 06:03:00,0.3605394598383782
2018-08-04 06:06:00,0.37824348329166924
2018-08-04 06:09:00,0.46545684654921615
2018-08-04 06:12:00,0.33242753443585116
2018-08-04 06:15:00,0.2766629390116577
2018-08-04 06:18:00,0.35342926256447527
2018-08-04 06:21:00,0.337962257362733
2018-08-04 06:24:00,0.37004310253956874
2018-08-04 06:27:00,0.3776793424541438
2018-08-04 06:30:00,0.3892998763450919
2018-08-04 06:33:00,0.3785458259731058
2018-08-04 06:36:00,0.3547665911657987
2018-08-04 06:39:00,0.3110132356815143
2018-08-04 06:42:00,0.42263872826600846
2018-08-04 06:45:00,0.31972193752585554
2018-08-04 06:48:00,0.17883592054920427
2018-08-04 06:51:00,0.3265277720662425
2018-08-04 06:54:00,0.3479637782198779
2018-08-04 06:57:00,0.30704754657125477
2018-08-04 07:00:00,0.33847369188799803
2018-08-04 07:03:00,0.33343514859114975
2018-08-04 07:06:00,0.3480747931649262
2018-08-04 07:09:00,0.30413551483326273
2018-08-04 07:12:00,0.28804544746316196
2018-08-04 07:15:00,0.3457012957850907
2018-08-04 07:18:00,0.3674668116522639
2018-08-04 07:21:00,0.33474284661684806
2018-08-04 07:24:00,0.2533391094171975
2018-08-04 07:27:00,0.3790030305302139
2018-08-04 07:30:00,0.4948794759833959
2018-08-04 07:33:00,0.38153148791059266
2018-08-04 07:36:00,0.45873274294484645
2018-08-04 07:39:00,0.34946968524576505
2018-08-04 07:42:00,0.36757063757136166
2018-08-04 07:45:00,0.33652115740034105
2018-08-04 07:48:00,0.29844691811786106
2018-08-04 07:51:00,0.3162729605294885
2018-08-04 07:54:00,0.3628954365622121
2018-08-04 07:57:00,0.257892853205135
2018-08-04 08:00:00,0.2736000300566843
2018-08-04 08:03:00,0.2566819391521449
2018-08-04 08:06:00,0.3374333358391368
2018-08-04 08:09:00,0.26192334923410954
2018-08-04 08:12:00,0.25948697718939684
2018-08-04 08:15:00,0.23466344263908923
2018-08-04 08:18:00,0.21677597133714244
2018-08-04 08:21:00,0.16569287522361265
2018-08-04 08:24:00,0.20678547968111616
2018-08-04 08:27:00,0.23602186700696848
2018-08-04 08:30:00,0.2711804166265779
2018-08-04 08:33:00,0.2443501119684015
2018-08-04 08:36:00,0.07932851102947325
2018-08-04 08:39:00,0.20611556823610044
2018-08-04 08:42:00,0.16739602454350688
2018-08-04 08:45:00,0.15151920498897198
2018-08-04 08:48:00,0.0921093079767843
2018-08-04 08:51:00,0.15310902622229605
2018-08-04 08:54:00,0.26396367416469957
2018-08-04 08:57:00,0.1958662690360029
2018-08-04 09:00:00,0.20066914419385284
2018-08-04 09:03:00,0.21319879560439858
2018-08-04 09:06:00,0.1340195705450924
2018-08-04 09:09:00,0.09499530608889017
2018-08-04 09:12:00,0.17415948953924953
2018-08-04 09:15:00,0.025362478248325715
2018-08-04 09:18:00,0.12101774167382473
2018-08-04 09:21:00,0.09339514034797958
2018-08-04 09:24:00,0.07050194151969436
2018-08-04 09:27:00,0.12625215327335582
2018-08-04 09:30:00,0.0847473536614416
2018-08-04 09:33:00,0.004310829709027075
2018-08-04 09:36:00,-0.002784166356377682
2018-08-04 09:39:00,-0.04458085053238392
2018-08-04 09:42:00,-0.06353744609066325
2018-08-04 09:45:00,-0.053055455064907164
2018-08-04 09:48:00,-0.05720266759448123
2018-08-04 09:51:00,-0.013057033035465793
2018-08-04 09:54:00,-0.03024731262075875
2018-08-04 09:57:00,-0.05154617158672181
2018-08-04 10:00:00,0.010448414085090008
2018-08-04 10:03:00,0.01752810051158349
2018-08-04 10:06:00,-0.0028879849705276683
2018-08-04 10:09:00,-0.05978839584992102
2018-08-04 10:12:00,-0.11458225445312564
2018-08-04 10:15:00,-0.025504669517033562
2018-08-04 10:18:00,-0.05232154779366738
2018-08-04 10:21:00,-0.1323946544389969
2018-08-04 10:24:00,-0.04272132291811204
2018-08-04 10:27:00,-0.029485800543341156
2018-08-04 10:30:00,-0.10189032487238592
2018-08-04 10:33:00,-0.02841587097896081
2018-08-04 10:36:00,-0.13783444880414208
2018-08-04 10:39:00,-0.16745263191978665
2018-08-04 10:42:00,-0.20027941499819235
2018-08-04 10:45:00,-0.21458775520164863
2018-08-04 10:48:00,-0.0848603696155692
2018-08-04 10:51:00,-0.10777585108917265
2018-08-04 10:54:00,-0.012436619012760275
2018-08-04 10:57:00,-0.06395904499891003
2018-08-04 11:00:00,-0.20488628018620147
2018-08-04 11:03:00,-0.08528631814004939
2018-08-04 11:06:00,-0.09122376956219114
2018-08-04 11:09:00,-0.07182666186730557
2018-08-04 11:12:00,-0.10145403638432526
2018-08-04 11:15:00,-0.19346529371097176
2018-08-04 11:18:00,-0.1630290546964943
2018-08-04 11:21:00,-0.09175257816633575
2018-08-04 11:24:00,-0.08626064520359478
2018-08-04 11:27:00,-0.18917662323428885
2018-08-04 11:30:00,-0.16056853281014583
2018-08-04 11:33:00,-0.0975708523690173
2018-08-04 11:36:00,-0.11813714210154558
2018-08-04 11:39:00,-0.10955164609339363
2018-08-04 11:42:00,-0.1428890270709644
2018-08-04 11:45:00,-0.02394339267380019
2018-08-04 11:48:00,-0.1173392548463994
2018-08-04 11:51:00,-0.055919042921402706
2018-08-04 11:54:00,-0.1512612878743198
2018-08-04 11:57:00,-0.16454445026602116
2018-08-04 12:00:00,-0.15785351641488887
2018-08-04 12:03:00,-0.0744611773521342
2018-08-04 12:06:00,-0.15811341331925632
2018-08-04 12:09:00,-0.2690010473049256
2018-08-04 12:12:00,-0.14489262362229738
2018-08-04 12:15:00,-0.1575964432296928
2018-08-04 12:18:00,-0.048839313091491476
2018-08-04 12:21:00,-0.17050277630323762
2018-08-04 12:24:00,-0.0930156845757324
2018-08-04 12:27:00,-0.21713436643460682
2018-08-04 12:30:00,-0.19224309304814824
2018-08-04 12:33:00,-0.19255089655320035
2018-08-04 12:36:00,-0.20757188517347913
2018-08-04 12:39:00,-0.19199910778468166
2018-08-04 12:42:00,-0.23992530450266258
2018-08-04 12:45:00,-0.34795799086907664
2018-08-04 12:48:00,-0.15985436738543513
2018-08-04 12:51:00,-0.27683056481697577
2018-08-04 12:54:00,-0.1531741932298587
2018-08-04 12:57:00,-0.1023410878311779
2018-08-04 13:00:00,-0.12732905584454102
2018-08-04 13:03:00,-0.09970780544011859
2018-08-04 13:06:00,-0.09783672391154141
2018-08-04 13:09:00,0.020289238724103598
2018-08-04 13:12:00,-0.11600121727269652
2018-08-04 13:15:00,-0.21471739999554984
2018-08-04 13:18:00,-0.2307476015517409
2018-08-04 13:21:00,-0.2847000233782069
2018-08-04 13:24:00,-0.16449733377862685
2018-08-04 13:27:00,-0.100569847311192
2018-08-04 13:30:00,-0.223649453933092
2018-08-04 13:33:00,-0.1532311380163378
2018-08-04 13:36:00,-0.18002345918660012
2018-08-04 13:39:00,-0.23140270323108325
2018-08-04 13:42:00,-0.1964054711843346
2018-08-04 13:45:00,-0.11978740992708481
2018-08-04 13:48:00,-0.20514006576274824
2018-08-04 13:51:00,-0.32373049419084055
2018-08-04 13:54:00,-0.15043686678859558
2018-08-04 13:57:00,-0.008950995190502908
2018-08-04 14:00:00,-0.07682876677614559
2018-08-04 14:03:00,-0.15116614837097586
2018-08-04 14:06:00,-0.18870851222663987
2018-08-04 14:09:00,-0.2705461922527661
2018-08-04 14:12:00,-0.19809219664551847
2018-08-04 14:15:00,-0.15158169546788258
2018-08-04 14:18:00,-0.2560443677517128
2018-08-04 14:21:00,-0.22500305341009152
2018-08-04 14:24:00,-0.19027278971515216
2018-08-04 14:27:00,-0.07331920077308496
2018-08-04 14:30:00,-0.12727782335730353
2018-08-04 14:33:00,-0.03213308753026922
2018-08-04 14:36:00,0.023942495098992822
2018-08-04 14:39:00,0.01929736484487421
2018-08-04 14:42:00,0.006167811269676804
2018-08-04 14:45:00,-0.003605835563405435
2018-08-04 14:48:00,0.1023152637735052
2018-08-04 14:51:00,0.03511127244740919
2018-08-04 14:54:00,-0.13969074298682926
2018-08-04 14:57:00,-0.0513862792869304
2018-08-04 15:00:00,-0.0516670229572469
2018-08-04 15:03:00,-0.021765675048015964
2018-08-04 15:06:00,-0.09763171378011748
2018-08-04 15:09:00,-0.08608480099104554
2018-08-04 15:12:00,-0.07247807475056334
2018-08-04 15:15:00,-0.12169134671853499
2018-08-04 15:18:00,-0.24901045300231317
2018-08-04 15:21:00,-0.20771642601260965
2018-08-04 15:24:00,-0.17652633822842745
2018-08-04 15:27:00,-0.16033408021900186
2018-08-04 15:30:00,-0.16841327350778101
2018-08-04 15:33:00,-0.22718886211390554
2018-08-04 15:36:00,-0.20355343733780273
2018-08-04 15:39:00,-0.1611806997526628
2018-08-04 15:42:00,-0.23993838658520872
2018-08-04 15:45:00,-0.12825801725136898
2018-08-04 15:48:00,-0.20020022742977517
2018-08-04 15:51:00,-0.2209474001418812
2018-08-04 15:54:00,-0.16957971003631656
2018-08-04 15:57:00,-0.20325265058994546
2018-08-04 16:00:00,-0.2746771366686289
2018-08-04 16:03:00,-0.18202506279459385
2018-08-04 16:06:00,-0.11268459095668959
2018-08-04 16:09:00,-0.21135551297334132
2018-08-04 16:12:00,-0.13600727050453543
2018-08-04 16:15:00,-0.06471109199657121
2018-08-04 16:18:00,-0.2151729715723718
2018-08-04 16:21:00,-0.2275634762333425
2018-08-04 16:24:00,-0.2798918352458486
2018-08-04 16:27:00,-0.20277740977007852
2018-08-04 16:30:00,-0.10885295950714635
2018-08-04 16:33:00,-0.1526905138251209
2018-08-04 16:36:00,-0.09579957071559875
2018-08-04 16:39:00,-0.19475998202210576
2018-08-04 16:42:00,-0.27917541201600216
2018-08-04 16:45:00,-0.21847912814376969
2018-08-04 16:48:00,-0.14384996282979046
2018-08-04 16:51:00,-0.1321383733244943
2018-08-04 16:54:00,-0.3065541702979999
2018-08-04 16:57:00,-0.24223499080972033
2018-08-04 17:00:00,-0.1381386720596538
2018-08-04 17:03:00,-0.10882659092214908
2018-08-04 17:06:00,-0.10289499740713381
2018-08-04 17:09:00,-0.16125905521846562
2018-08-04 17:12:00,-0.19458565705178898
2018-08-04 17:15:00,-0.1252699264190369
2018-08-04 17:18:00,-0.10078135382678965
2018-08-04 17:21:00,-0.11335807600897851
2018-08-04 17:24:00,-0.03410210456507912
2018-08-04 17:27:00,-0.16767345283011537
2018-08-04 17:30:00,-0.060770873241381196
2018-08-04 17:33:00,-0.11955607326558493
2018-08-04 17:36:00,-0.13868220153585753
2018-08-04 17:39:00,-0.0952019219728868
2018-08-04 17:42:00,-0.027190166873140242
2018-08-04 17:45:00,-0.03295376718551779
2018-08-04 17:48:00,-0.0873252773936315
2018-08-04 17:51:00,-0.06936653058482989
2018-08-04 17:54:00,-0.028305732219621405
2018-08-04 17:57:00,-0.06564051303541873
2018-08-04 18:00:00,-0.027662106740592662
2018-08-04 18:03:00,-0.06457704481613291
2018-08-04 18:06:00,-0.16048801563880488
2018-08-04 18:09:00,-0.0580039506560297
2018-08-04 18:12:00,-0.017511125669841476
2018-08-04 18:15:00,-0.044411496710608844
2018-08-04 18:18:00,-0.08088846880770006
2018-08-04 18:21:00,-0.11031150800044998
2018-08-04 18:24:00,-0.054037999971967565
2018-08-04 18:27:00,-0.03300295780820761
2018-08-04 18:30:00,-0.032579453262428615
2018-08-04 18:33:00,-0.09596448969887206
2018-08-04 18:36:00,-0.032774876915254936
2018-08-04 18:39:00,-0.09013329554937854
2018-08-04 18:42:00,-0.10943812674184983
2018-08-04 18:45:00,-0.06733174336045522
2018-08-04 18:48:00,-0.04283682165339542
2018-08-04 18:51:00,-0.13962573886993823
2018-08-04 18:54:00,
2018-08-04 18:57:00,
2018-08-04 19:00:00,
2018-08-04 19:03:00,0.006823655585947108
2018-08-04 19:06:00,0.011305187691448282
2018-08-04 19:09:00,-0.03365417736989684
2018-08-04 19:12:00,0.02946470344784302
2018-08-04 19:15:00,-0.01402486313963891
2018-08-04 19:18:00,-0.07806194965417035
2018-08-04 19:21:00,-0.0010848316679243908
2018-08-04 19:24:00,-0.017239772892651217
2018-08-04 19:27:00,0.016870578004386516
2018-08-04 19:30:00,0.02623168788119301
2018-08-04 19:33:00,-0.0032014160685776005
2018-08-04 19:36:00,0.05061063110974828
2018-08-04 19:39:00,0.011176900382906751
2018-08-04 19:42:00,0.01652603944137354
2018-08-04 19:45:00,0.07579023448880662
2018-08-04 19:48:00,-0.055953284710710705
2018-08-04 19:51:00,0.13655624636385255
2018-08-04 19:54:00,-0.12062214954352157
2018-08-04 19:57:00,-0.02219796707890964
2018-08-04 20:00:00,0.08690294601376536
2018-08-04 20:03:00,0.11372475038615448
2018-08-04 20:06:00,0.11575487950636898
2018-08-04 20:09:00,0.034320685183502064
2018-08-04 20:12:00,0.008768899335279912
2018-08-04 20:15:00,-0.007072552789793463
2018-08-04 20:18:00,0.061360431690445694
2018-08-04 20:21:00,0.09521387380254964
2018-08-04 20:24:00,0.031215334086596158
2018-08-04 20:27:00,0.02576436434463858
2018-08-04 20:30:00,0.008008029753909796
2018-08-04 20:33:00,0.059228067572178134
2018-08-04 20:36:00,0.05463053940809459
2018-08-04 20:39:00,-0.03036482830452769
2018-08-04 20:42:00,0.007155902242800494
2018-08-04 20:45:00,0.025819774772287474
2018-08-04 20:48:00,0.05915685023012429
2018-08-04 20:51:00,0.022221827285534346
2018-08-04 20:54:00,0.059964948559183995
2018-08-04 20:57:00,0.08150263193033425
2018-08-04 21:00:00,0.13172915179723077
2018-08-04 21:03:00,0.04335277022573791
2018-08-04 21:06:00,0.07525595345873626
2018-08-04 21:09:00,0.07704366424627551
2018-08-04 21:12:00,-0.05140901823722288
2018-08-04 21:15:00,0.04194825184617912
2018-08-04 21:18:00,0.08060557894066278
2018-08-04 21:21:00,0.014522989521879026
2018-08-04 21:24:00,0.023982394608026425
2018-08-04 21:27:00,0.03160227339810717
2018-08-04 21:30:00,0.054539684415999545
2018-08-04 21:33:00,0.03414315737899187
2018-08-04 21:36:00,-0.02549604865919264
2018-08-04 21:39:00,-0.06860600079744472
2018-08-04 21:42:00,0.047339285023952016
2018-08-04 21:45:00,0.12676740284570087
2018-08-04 21:48:00,0.1953232662432356
2018-08-04 21:51:00,0.07381016754072789
2018-08-04 21:54:00,0.16737062502630806
2018-08-04 21:57:00,0.11968532839426871
2018-08-04 22:00:00,0.06641334448744374
2018-08-04 22:03:00,0.10231630307919204
2018-08-04 22:06:00,0.040235134761530844
2018-08-04 22:09:00,0.05130707490781106
2018-08-04 22:12:00,0.11638239049176491
2018-08-04 22:15:00,0.12998693643334036
2018-08-04 22:18:00,0.19844008739704577
2018-08-04 22:21:00,0.08785786500544646
2018-08-04 22:24:00,0.22703024263500993
2018-08-04 22:27:00,0.3348671648514596
2018-08-04 22:30:00,0.3641855103608691
2018-08-04 22:33:00,0.24333673957181645
2018-08-04 22:36:00,0.19393525536696643
2018-08-04 22:39:00,0.13388214400873721
2018-08-04 22:42:00,0.0913841614096782
2018-08-04 22:45:00,0.04831544379999286
2018-08-04 22:48:00,0.1619335500012653
2018-08-04 22:51:00,0.13972362219027445
2018-08-04 22:54:00,0.04594263188630521
2018-08-04 22:57:00,0.07628776800402193
2018-08-04 23:00:00,0.11986697458945628
2018-08-04 23:03:00,0.12908329557410525
2018-08-04 23:06:00,0.11714612493079812
2018-08-04 23:09:00,0.04052152618345417
2018-08-04 23:12:00,-0.037355288155367816
2018-08-04 23:15:00,0.12387241735063981
2018-08-04 23:18:00,0.08938662762807326
2018-08-04 23:21:00,0.08669493521790628
2018-08-04 23:24:00,0.023884335889590602
2018-08-04 23:27:00,0.18350486004061395
2018-08-04 23:30:00,0.14716636452232024
2018-08-04 23:33:00,0.18804018329825567
2018-08-04 23:36:00,0.23014830932629593
2018-08-04 23:39:00,0.22723578129961197
2018-08-04 23:42:00,0.26374088779760996
2018-08-04 23:45:00,0.22375989100760307
2018-08-04 23:48:00,0.2678372082373812
2018-08-04 23:51:00,0.22341364249649587
2018-08-04 23:54:00,0.11156236577653544
2018-08-04 23:57:00,0.14344979088423315
2018-08-05 00:00:00,0.11395872144061059
2018-08-05 00:03:00,0.24607952893745733
2018-08-05 00:06:00,0.13618909267665913
2018-08-05 00:09:00,0.07848888391879427
2018-08-05 00:12:00,0.1562462145674317
2018-08-05 00:15:00,0.14083623636361153
2018-08-05 00:18:00,0.07191915225973844
2018-08-05 00:21:00,0.1828715187052694
2018-08-05 00:24:00,0.1118547688542435
2018-08-05 00:27:00,0.11852153527644305
2018-08-05 00:30:00,0.13542087458216656
2018-08-05 00:33:00,0.057290298842474385
2018-08-05 00:36:00,0.16322227096264896
2018-08-05 00:39:00,0.13119841160568058
2018-08-05 00:42:00,0.1551265434936795
2018-08-05 00:45:00,0.06865387623219021
2018-08-05 00:48:00,0.1120051952705694
2018-08-05 00:51:00,0.13654306431050145
2018-08-05 00:54:00,0.15004733478644994
2018-08-05 00:57:00,0.09458509226004708
2018-08-05 01:00:00,0.12722559606788764
2018-08-05 01:03:00,0.17236067790520337
2018-08-05 01:06:00,0.13101964283930556
2018-08-05 01:09:00,0.2588142231589359
2018-08-05 01:12:00,0.18008104584356488
2018-08-05 01:15:00,0.20060902205534603
2018-08-05 01:18:00,0.2548992751752053
2018-08-05 01:21:00,0.2051562666649147
2018-08-05 01:24:00,0.21506910713338812
2018-08-05 01:27:00,0.13671973316053254
2018-08-05 01:30:00,0.23045419661326605
2018-08-05 01:33:00,0.2086079264524301
2018-08-05 01:36:00,0.20816446603987515
2018-08-05 01:39:00,0.2860255638327658
2018-08-05 01:42:00,0.3229218119388406
2018-08-05 01:45:00,0.396930644467659
2018-08-05 01:48:00,0.6116111815244949
2018-08-05 01:51:00,0.6219145086274693
2018-08-05 01:54:00,0.6494033055378736
2018-08-05 01:57:00,0.7194951093802615
2018-08-05 02:00:00,0.6667444468284316
2018-08-05 02:03:00,0.790932822979471
2018-08-05 02:06:00,0.8132324013525363
2018-08-05 02:09:00,0.7571245948670366
2018-08-05 02:12:00,0.6085723078559226
2018-08-05 02:15:00,0.46511863252641206
2018-08-05 02:18:00,0.3879958183137546
2018-08-05 02:21:00,0.25274102720391056
2018-08-05 02:24:00,0.24454092872264255
2018-08-05 02:27:00,0.2661085037545945
2018-08-05 02:30:00,0.24991962591258243
2018-08-05 02:33:00,0.21571545016263372
2018-08-05 02:36:00,0.2107754701290787
2018-08-05 02:39:00,0.23321633018093735
2018-08-05 02:42:00,0.19737093575071185
2018-08-05 02:45:00,0.20062620037754186
2018-08-05 02:48:00,0.12348034220934778
2018-08-05 02:51:00,0.3618139741127493
2018-08-05 02:54:00,0.5211322550396744
2018-08-05 02:57:00,0.7045300362681814
2018-08-05 03:00:00,0.6114738348171613
2018-08-05 03:03:00,0.5942292935629894
2018-08-05 03:06:00,0.732733583977506
2018-08-05 03:09:00,0.6527956700557525
2018-08-05 03:12:00,0.4995503437937714
2018-08-05 03:15:00,0.2832115323485027
2018-08-05 03:18:00,0.26696683375467956
2018-08-05 03:21:00,0.2852515312352466
2018-08-05 03:24:00,0.23529963159109002
2018-08-05 03:27:00,0.3023735573578392
2018-08-05 03:30:00,0.23768688601580834
2018-08-05 03:33:00,0.24372506305741126
2018-08-05 03:36:00,0.19275974362045645
2018-08-05 03:39:00,0.2855186632397704
2018-08-05 03:42:00,0.3080198280585478
2018-08-05 03:45:00,0.21995758935315735
2018-08-05 03:48:00,0.20876803315496772
2018-08-05 03:51:00,0.2794409770138486
2018-08-05 03:54:00,0.26634148447169537
2018-08-05 03:57:00,0.14993460267197634
2018-08-05 04:00:00,0.1412319698400779
2018-08-05 04:03:00,0.10735767526119844
2018-08-05 04:06:00,0.431772930099271
2018-08-05 04:09:00,0.6776532379428204
2018-08-05 04:12:00,0.4810383844525745
2018-08-05 04:15:00,0.5554539269321594
2018-08-05 04:18:00,0.48295794062272535
2018-08-05 04:21:00,0.3948213069850226
2018-08-05 04:24:00,0.4189536958403437
2018-08-05 04:27:00,0.4057516725419532
2018-08-05 04:30:00,0.3071809279648505
2018-08-05 04:33:00,0.24771397221456937
2018-08-05 04:36:00,0.17005395175573312
2018-08-05 04:39:00,0.22344016564704816
2018-08-05 04:42:00,0.22023039916638254
2018-08-05 04:45:00,0.19339769959259456
2018-08-05 04:48:00,0.23346313231883187
2018-08-05 04:51:00,0.13396162217281926
2018-08-05 04:54:00,0.21173374061243067
2018-08-05 04:57:00,0.1346058314139782
2018-08-05 05:00:00,0.15501192201611502
2018-08-05 05:03:00,0.13297932454128158
2018-08-05 05:06:00,0.1677627582054697
2018-08-05 05:09:00,0.0674006475310307
2018-08-05 05:12:00,0.15964179544448598
2018-08-05 05:15:00,0.19145277150710172
2018-08-05 05:18:00,0.16470633097139853
2018-08-05 05:21:00,0.1756965900740397
2018-08-05 05:24:00,0.16224824106234337
2018-08-05 05:27:00,0.20935141183576889
2018-08-05 05:30:00,0.19929970851666212
2018-08-05 05:33:00,0.23968352234822987
2018-08-05 05:36:00,0.21579360163093497
2018-08-05 05:39:00,0.1356872269619771
2018-08-05 05:42:00,0.17316716395691856
2018-08-05 05:45:00,0.08049243535623418
2018-08-05 05:48:00,0.1449818092872306
2018-08-05 05:51:00,0.10326617505216973
2018-08-05 05:54:00,0.2719020269014436
2018-08-05 05:57:00,0.15533549178235262
2018-08-05 06:00:00,0.28112122996725475
2018-08-05 06:03:00,0.21813822430721075
2018-08-05 06:06:00,0.1818218937456777
2018-08-05 06:09:00,0.17362417172330424
2018-08-05 06:12:00,0.1836670810977239
2018-08-05 06:15:00,0.2353901660851534
2018-08-05 06:18:00,0.24724630962521132
2018-08-05 06:21:00,0.13715283509361598
2018-08-05 06:24:00,0.15350137676233544
2018-08-05 06:27:00,0.2348668999484289
2018-08-05 06:30:00,0.25981922593314266
2018-08-05 06:33:00,0.19775870085481984
2018-08-05 06:36:00,0.24232959392628572
2018-08-05 06:39:00,0.29700890156198057
2018-08-05 06:42:00,0.2481312331672143
2018-08-05 06:45:00,0.17122773725526486
2018-08-05 06:48:00,0.20269807753084024
2018-08-05 06:51:00,0.2771441569782951
2018-08-05 06:54:00,0.3533025468260007
2018-08-05 06:57:00,0.16945227685476993
2018-08-05 07:00:00,0.3142850566907214
2018-08-05 07:03:00,0.3172357886134023
2018-08-05 07:06:00,0.3415128950358053
2018-08-05 07:09:00,0.28445926964514
2018-08-05 07:12:00,0.3113623184178209
2018-08-05 07:15:00,0.28889263133419263
2018-08-05 07:18:00,0.32271200946263434
2018-08-05 07:21:00,0.29092542786020203
2018-08-05 07:24:00,0.2419676882656745
2018-08-05 07:27:00,0.3538009490911236
2018-08-05 07:30:00,0.347365910673318
2018-08-05 07:33:00,0.2951846827003237
2018-08-05 07:36:00,0.30607249349588983
2018-08-05 07:39:00,0.3901198612165331
2018-08-05 07:42:00,0.32300408549616577
2018-08-05 07:45:00,0.3709804099023586
2018-08-05 07:48:00,0.2915990503617536
2018-08-05 07:51:00,0.35136149155658813
2018-08-05 07:54:00,0.32949976048530516
2018-08-05 07:57:00,0.32570601527839926
2018-08-05 08:00:00,0.33056353628882107
2018-08-05 08:03:00,0.4435625389367033
2018-08-05 08:06:00,0.320860695271449
2018-08-05 08:09:00,0.380209232702839
2018-08-05 08:12:00,0.3872909163623035
2018-08-05 08:15:00,0.3291681303544465
2018-08-05 08:18:00,0.3481533187188006
2018-08-05 08:21:00,0.31684937701902527
2018-08-05 08:24:00,0.39946075107474144
2018-08-05 08:27:00,0.36996173630041085
2018-08-05 08:30:00,0.3036766655707197
2018-08-05 08:33:00,0.3926638747365132
2018-08-05 08:36:00,0.305617986417019
2018-08-05 08:39:00,0.4381191567526912
2018-08-05 08:42:00,0.4118143961283067
2018-08-05 08:45:00,0.3313757976293914
2018-08-05 08:48:00,0.3690386983641929
2018-08-05 08:51:00,0.3154858217338301
2018-08-05 08:54:00,0.4234856189605125
2018-08-05 08:57:00,0.41907645157800744
2018-08-05 09:00:00,0.42336165462660347
2018-08-05 09:03:00,0.4769243445685447
2018-08-05 09:06:00,0.5041160064325823
2018-08-05 09:09:00,0.3695820017329652
2018-08-05 09:12:00,0.4594309428991892
2018-08-05 09:15:00,0.44663294609205195
2018-08-05 09:18:00,0.432298310079716
2018-08-05 09:21:00,0.4642240294425619
2018-08-05 09:24:00,0.39530496018198846
2018-08-05 09:27:00,0.4255182634320249
2018-08-05 09:30:00,0.3236344344890085
2018-08-05 09:33:00,0.3951504510321229
2018-08-05 09:36:00,0.3801153060828142
2018-08-05 09:39:00,0.39334349344238717
2018-08-05 09:42:00,0.490204806081465
2018-08-05 09:45:00,0.4297945235778684
2018-08-05 09:48:00,0.42495290062930735
2018-08-05 09:51:00,0.4466885869554176
2018-08-05 09:54:00,0.37143838289358655
2018-08-05 09:57:00,0.3645724147298779
2018-08-05 10:00:00,0.38055571039768665
2018-08-05 10:03:00,0.3374041347855723
2018-08-05 10:06:00,0.37612088680748457
2018-08-05 10:09:00,0.40016703956570154
2018-08-05 10:12:00,0.3117228075635694
2018-08-05 10:15:00,0.34499175260788206
2018-08-05 10:18:00,0.3600590469361009
2018-08-05 10:21:00,0.3538570198646198
2018-08-05 10:24:00,0.3227940973511636
2018-08-05 10:27:00,0.3252380659523624
2018-08-05 10:30:00,0.3711195339013784
2018-08-05 10:33:00,0.4082835628266821
2018-08-05 10:36:00,0.3540444383859267
2018-08-05 10:39:00,0.4451215556048851
2018-08-05 10:42:00,0.4522368897476099
2018-08-05 10:45:00,0.29521723174082126
2018-08-05 10:48:00,0.43996244200536694
2018-08-05 10:51:00,0.4168699987529294
2018-08-05 10:54:00,0.2981873559264727
2018-08-05 10:57:00,0.35947764535387705
2018-08-05 11:00:00,0.3601019854243077
2018-08-05 11:03:00,0.3607694451107477
2018-08-05 11:06:00,0.5162593499441073
2018-08-05 11:09:00,0.40984305745729444
2018-08-05 11:12:00,0.41134214236285516
2018-08-05 11:15:00,0.4645894072904184
2018-08-05 11:18:00,0.43211858953588944
2018-08-05 11:21:00,0.3929462809005031
2018-08-05 11:24:00,0.3750378230063802
2018-08-05 11:27:00,0.31179246872517297
2018-08-05 11:30:00,0.33841085086953626
2018-08-05 11:33:00,0.3306807529548337
2018-08-05 11:36:00,0.22094933323205623
2018-08-05 11:39:00,0.26555948670937823
2018-08-05 11:42:00,0.3807931548921033
2018-08-05 11:45:00,0.32750910551521883
2018-08-05 11:48:00,0.36603231174973416
2018-08-05 11:51:00,0.2302995641277903
2018-08-05 11:54:00,0.23344570670781195
2018-08-05 11:57:00,0.29834719551018907
2018-08-05 12:00:00,0.2695556897963911
2018-08-05 12:03:00,0.27525998201724633
2018-08-05 12:06:00,0.20783158665676638
2018-08-05 12:09:00,0.1662694528260431
2018-08-05 12:12:00,0.23556582067351428
2018-08-05 12:15:00,0.22269843581625537
2018-08-05 12:18:00,0.17716605418615927
2018-08-05 12:21:00,0.11401941026355189
2018-08-05 12:24:00,0.20268071125457254
2018-08-05 12:27:00,0.1966741450146401
2018-08-05 12:30:00,0.2156881733648106
2018-08-05 12:33:00,0.053780445386507836
2018-08-05 12:36:00,0.1740783265423147
2018-08-05 12:39:00,0.14343335514604405
2018-08-05 12:42:00,0.12068523943707987
2018-08-05 12:45:00,0.1544269576629631
2018-08-05 12:48:00,0.12461575681396653
2018-08-05 12:51:00,0.11533210372010672
2018-08-05 12:54:00,0.12376697231462686
2018-08-05 12:57:00,0.19945055476819107
2018-08-05 13:00:00,0.1781244917717686
2018-08-05 13:03:00,0.15899025313615311
2018-08-05 13:06:00,0.1983506401915065
2018-08-05 13:09:00,0.17846798796711028
2018-08-05 13:12:00,0.24413894801136848
2018-08-05 13:15:00,0.2681480626166035
2018-08-05 13:18:00,0.20934343325387772
2018-08-05 13:21:00,0.20850409875731657
2018-08-05 13:24:00,0.23640818435836763
2018-08-05 13:27:00,0.16521496199106878
2018-08-05 13:30:00,0.21695939300190048
2018-08-05 13:33:00,0.13876560705841712
2018-08-05 13:36:00,0.21525194233566936
2018-08-05 13:39:00,0.19383787638474814
2018-08-05 13:42:00,0.2689424908690512
2018-08-05 13:45:00,0.26781170626821904
2018-08-05 13:48:00,0.29254632311096884
2018-08-05 13:51:00,0.1417397959895652
2018-08-05 13:54:00,0.17337388706971524
2018-08-05 13:57:00,0.18744826761968625
2018-08-05 14:00:00,0.08834072806945414
2018-08-05 14:03:00,0.12382845815710652
2018-08-05 14:06:00,0.2138657071929515
2018-08-05 14:09:00,0.2767692184264092
2018-08-05 14:12:00,0.2720056164434368
2018-08-05 14:15:00,0.21964551945200128
2018-08-05 14:18:00,0.16095896499643914
2018-08-05 14:21:00,0.27801025778273925
2018-08-05 14:24:00,0.21173985925548777
2018-08-05 14:27:00,0.16674826233071371
2018-08-05 14:30:00,0.12317002524162035
2018-08-05 14:33:00,0.16770273487389886
2018-08-05 14:36:00,0.19909722193278867
2018-08-05 14:39:00,0.16683733678411272
2018-08-05 14:42:00,0.2135798108309359
2018-08-05 14:45:00,0.20189394505638347
2018-08-05 14:48:00,0.24444087781012058
2018-08-05 14:51:00,0.14288267367726348
2018-08-05 14:54:00,0.2267924717649521
2018-08-05 14:57:00,0.17383667348366316
2018-08-05 15:00:00,0.1549711737034727
2018-08-05 15:03:00,0.1312426422992985
2018-08-05 15:06:00,0.09666708764945042
2018-08-05 15:09:00,0.2017681094274053
2018-08-05 15:12:00,0.17176041256226426
2018-08-05 15:15:00,0.1384428293145561
2018-08-05 15:18:00,0.21150577278388027
2018-08-05 15:21:00,0.2350939575841835
2018-08-05 15:24:00,0.21613942558343524
2018-08-05 15:27:00,0.20631936545987628
2018-08-05 15:30:00,0.14549544246392543
2018-08-05 15:33:00,0.18512594175979302
2018-08-05 15:36:00,0.09678741223189036
2018-08-05 15:39:00,0.17576900075346202
2018-08-05 15:42:00,0.26632070564789956
2018-08-05 15:45:00,0.15950987396922756
2018-08-05 15:48:00,0.2397513265036082
2018-08-05 15:51:00,0.17184382461005043
2018-08-05 15:54:00,0.18871548604334976
2018-08-05 15:57:00,0.22943788775057783
2018-08-05 16:00:00,0.22412703630078568
2018-08-05 16:03:00,0.18768390224710174
2018-08-05 16:06:00,0.2625043471233539
2018-08-05 16:09:00,0.22393613757139974
2018-08-05 16:12:00,0.11473952758478845
2018-08-05 16:15:00,0.1863832629548483
2018-08-05 16:18:00,0.17300351190448282
2018-08-05 16:21:00,0.20555376232101708
2018-08-05 16:24:00,0.2556038075701963
2018-08-05 16:27:00,0.22295575958997915
2018-08-05 16:30:00,0.1647809441277559
2018-08-05 16:33:00,0.16069901749727933
2018-08-05 16:36:00,0.22928858335131963
2018-08-05 16:39:00,0.14495947435869994
2018-08-05 16:42:00,0.10826611126265107
2018-08-05 16:45:00,0.14929368179133462
2018-08-05 16:48:00,0.24087108955217218
2018-08-05 16:51:00,0.19209404140434572
2018-08-05 16:54:00,0.13421785368382189
2018-08-05 16:57:00,0.09331483356942272
2018-08-05 17:00:00,0.1674993469159176
2018-08-05 17:03:00,0.11999821067712446
2018-08-05 17:06:00,0.19924860632892205
2018-08-05 17:09:00,0.12310871098918597
2018-08-05 17:12:00,0.14444969015653442
2018-08-05 17:15:00,0.14047081384433113
2018-08-05 17:18:00,0.07712322988709275
2018-08-05 17:21:00,0.12080964361223323
2018-08-05 17:24:00,0.18867821606710322
2018-08-05 17:27:00,0.1323699176070363
2018-08-05 17:30:00,0.0915872747785329
2018-08-05 17:33:00,0.15117126535119496
2018-08-05 17:36:00,0.11623438977568412
2018-08-05 17:39:00,0.11058900683491402
2018-08-05 17:42:00,0.14176773907445295
2018-08-05 17:45:00,0.14701236945649043
2018-08-05 17:48:00,0.10985441167900944
2018-08-05 17:51:00,0.13747058196116768
2018-08-05 17:54:00,0.17542962363847892
2018-08-05 17:57:00,0.1107652033690556
2018-08-05 18:00:00,0.2035135869421083
2018-08-05 18:03:00,0.09666763845086734
2018-08-05 18:06:00,0.17192811619656823
2018-08-05 18:09:00,0.09115371671475714
2018-08-05 18:12:00,0.16091757155857067
2018-08-05 18:15:00,0.15154873019014303
2018-08-05 18:18:00,0.14197584566522892
2018-08-05 18:21:00,0.03898259816594418
2018-08-05 18:24:00,0.1154317263603275
2018-08-05 18:27:00,0.07891307634588429
2018-08-05 18:30:00,0.11059528096819804
2018-08-05 18:33:00,0.02266323051338759
2018-08-05 18:36:00,0.15468446461431995
2018-08-05 18:39:00,0.14335245584993572
2018-08-05 18:42:00,0.14656782576383875
2018-08-05 18:45:00,0.1626252531430623
2018-08-05 18:48:00,0.19515735326461936
2018-08-05 18:51:00,0.17615720585229155
2018-08-05 18:54:00,0.17801181380394837
2018-08-05 18:57:00,
2018-08-05 19:00:00,
2018-08-05 19:03:00,0.19955408775484784
2018-08-05 19:06:00,0.16498395667576915
2018-08-05 19:09:00,0.14163187377636177
2018-08-05 19:12:00,0.17617482506130955
2018-08-05 19:15:00,0.1868691379359575
2018-08-05 19:18:00,0.13444519572846048
2018-08-05 19:21:00,0.1554823201141744
2018-08-05 19:24:00,0.27434052070657344
2018-08-05 19:27:00,0.27266383035464514
2018-08-05 19:30:00,0.22186715522627765
2018-08-05 19:33:00,0.22919898150848894
2018-08-05 19:36:00,0.24754013973938527
2018-08-05 19:39:00,0.22689315651422248
2018-08-05 19:42:00,0.20264503400653666
2018-08-05 19:45:00,0.33669189404201916
2018-08-05 19:48:00,0.2224155755194488
2018-08-05 19:51:00,0.2378291232400329
2018-08-05 19:54:00,0.25530299125961164
2018-08-05 19:57:00,0.3289929361544637
2018-08-05 20:00:00,0.25943057295444305
2018-08-05 20:03:00,0.3912123245370367
2018-08-05 20:06:00,0.26884951806852087
2018-08-05 20:09:00,0.282643014097232
2018-08-05 20:12:00,0.19829287700935083
2018-08-05 20:15:00,0.2398142095903495
2018-08-05 20:18:00,0.25416750146229106
2018-08-05 20:21:00,0.25803180462816044
2018-08-05 20:24:00,0.28387594382826364
2018-08-05 20:27:00,0.27795233608151193
2018-08-05 20:30:00,0.2199462927494551
2018-08-05 20:33:00,0.3323034415809616
2018-08-05 20:36:00,0.2722085756885235
2018-08-05 20:39:00,0.32817861018241956
2018-08-05 20:42:00,0.24405454983497066
2018-08-05 20:45:00,0.32242003469542624
2018-08-05 20:48:00,0.3031014428288472
2018-08-05 20:51:00,0.2513411132435408
2018-08-05 20:54:00,0.31011778405621726
2018-08-05 20:57:00,0.3368790945045248
2018-08-05 21:00:00,0.321619528327858
2018-08-05 21:03:00,0.2831543670865244
2018-08-05 21:06:00,0.2780383830122446
2018-08-05 21:09:00,0.3430541317860616
2018-08-05 21:12:00,0.2876259203027871
2018-08-05 21:15:00,0.31765319843373163
2018-08-05 21:18:00,0.3317409192877676
2018-08-05 21:21:00,0.34557883590724714
2018-08-05 21:24:00,0.39287183701333106
2018-08-05 21:27:00,0.33569065248195784
2018-08-05 21:30:00,0.3364797455330404
2018-08-05 21:33:00,0.31588747249571725
2018-08-05 21:36:00,0.3615553592180163
2018-08-05 21:39:00,0.34257434697008193
2018-08-05 21:42:00,0.3104777620146706
2018-08-05 21:45:00,0.2940297296736958
2018-08-05 21:48:00,0.3807394637009338
2018-08-05 21:51:00,0.3351826621942564
2018-08-05 21:54:00,0.3972502317474209
2018-08-05 21:57:00,0.33949410557664805
2018-08-05 22:00:00,0.41616710988068917
2018-08-05 22:03:00,0.38573861501834017
2018-08-05 22:06:00,0.3733943177510355
2018-08-05 22:09:00,0.42886757089843286
2018-08-05 22:12:00,0.4275798147720593
2018-08-05 22:15:00,0.4315287149156575
2018-08-05 22:18:00,0.4552783659350439
2018-08-05 22:21:00,0.339836171763352
2018-08-05 22:24:00,0.4308877285234871
2018-08-05 22:27:00,0.34696949158006873
2018-08-05 22:30:00,0.48093227930428384
2018-08-05 22:33:00,0.5282890209222728
2018-08-05 22:36:00,0.42746210536205353
2018-08-05 22:39:00,0.3874709142439201
2018-08-05 22:42:00,0.44812803133180523
2018-08-05 22:45:00,0.46857002832996386
2018-08-05 22:48:00,0.47133196268788424
2018-08-05 22:51:00,0.5002584457461126
2018-08-05 22:54:00,0.405648908103899
2018-08-05 22:57:00,0.5220071272059954
2018-08-05 23:00:00,0.5667475807315441
2018-08-05 23:03:00,0.5599523484634688
2018-08-05 23:06:00,0.500062243123466
2018-08-05 23:09:00,0.491963693421269
2018-08-05 23:12:00,0.5227534030449874
2018-08-05 23:15:00,0.5323307423617507
2018-08-05 23:18:00,0.5065062055397789
2018-08-05 23:21:00,0.520621048245971
2018-08-05 23:24:00,0.5597528728974908
2018-08-05 23:27:00,0.5096043113338169
2018-08-05 23:30:00,0.5993897664218366
2018-08-05 23:33:00,0.487955316967998
2018-08-05 23:36:00,0.5846428988877506
2018-08-05 23:39:00,0.6413014413845417
2018-08-05 23:42:00,0.6231945277966133
2018-08-05 23:45:00,0.547262691702258
2018-08-05 23:48:00,0.6862042616099302
2018-08-05 23:51:00,0.6039647824617305
2018-08-05 23:54:00,0.5788639711188921
2018-08-05 23:57:00,0.6023469660896126
2018-08-06 00:00:00,0.6533389461660022
2018-08-06 00:03:00,0.6864162771925066
2018-08-06 00:06:00,0.7340347360614032
2018-08-06 00:09:00,0.5698462689110215
2018-08-06 00:12:00,0.5973397508984704
2018-08-06 00:15:00,0.6468344885689703
2018-08-06 00:18:00,0.6283206316547876
2018-08-06 00:21:00,0.662513184522993
2018-08-06 00:24:00,0.6272098555947991
2018-08-06 00:27:00,0.6145326340242718
2018-08-06 00:30:00,0.7286086470433588
2018-08-06 00:33:00,0.6307006717045169
2018-08-06 00:36:00,0.6402085457531257
2018-08-06 00:39:00,0.5651796260767128
2018-08-06 00:42:00,0.608712584584282
2018-08-06 00:45:00,0.699502943456082
2018-08-06 00:48:00,0.7184698614034914
2018-08-06 00:51:00,0.6561101219209604
2018-08-06 00:54:00,0.6983495802140851
2018-08-06 00:57:00,0.652479221796284
2018-08-06 01:00:00,0.6344917587870782
2018-08-06 01:03:00,0.6838323512493503
2018-08-06 01:06:00,0.7137400090219899
2018-08-06 01:09:00,0.6297962389480176
2018-08-06 01:12:00,0.6468215193162337
2018-08-06 01:15:00,0.6748751207779833
2018-08-06 01:18:00,0.732374065936142
2018-08-06 01:21:00,0.7241009813604933
2018-08-06 01:24:00,0.7400573314882877
2018-08-06 01:27:00,0.7370166120762178
2018-08-06 01:30:00,0.7008334343861407
2018-08-06 01:33:00,0.7115298745427481
2018-08-06 01:36:00,0.6826051037543266
2018-08-06 01:39:00,0.7478197287442185
2018-08-06 01:42:00,0.6893704928501734
2018-08-06 01:45:00,0.7578724199136104
2018-08-06 01:48:00,0.7466671230631619
2018-08-06 01:51:00,0.6581694992510165
2018-08-06 01:54:00,0.7289185987687006
2018-08-06 01:57:00,0.6880505876263214
2018-08-06 02:00:00,0.774936918906576
2018-08-06 02:03:00,0.6823453887212168
2018-08-06 02:06:00,0.6642339258501124
2018-08-06 02:09:00,0.7089601877730161
2018-08-06 02:12:00,0.7888769512185263
2018-08-06 02:15:00,0.723440328776519
2018-08-06 02:18:00,0.6705640260033761
2018-08-06 02:21:00,0.6735495199297361
2018-08-06 02:24:00,0.7416511269967145
2018-08-06 02:27:00,0.6892786058509159
2018-08-06 02:30:00,0.6777331464843428
2018-08-06 02:33:00,0.759783617148571
2018-08-06 02:36:00,0.7228067067609345
2018-08-06 02:39:00,0.7590509080854417
2018-08-06 02:42:00,0.8155684683347886
2018-08-06 02:45:00,0.704895679628919
2018-08-06 02:48:00,0.7625281321109583
2018-08-06 02:51:00,0.8029967226947292
2018-08-06 02:54:00,0.7439246001027868
2018-08-06 02:57:00,0.7478632932713936
2018-08-06 03:00:00,0.6679431674776879
2018-08-06 03:03:00,0.7381871609529185
2018-08-06 03:06:00,0.6760442360217667
2018-08-06 03:09:00,0.7493745892757033
2018-08-06 03:12:00,0.8117110866951975
2018-08-06 03:15:00,0.7024912642650634
2018-08-06 03:18:00,0.7867624596572682
2018-08-06 03:21:00,0.6917739437398609
2018-08-06 03:24:00,0.8059001120396942
2018-08-06 03:27:00,0.8365569924111469
2018-08-06 03:30:00,0.8442498686235922
2018-08-06 03:33:00,0.7370865116125174
2018-08-06 03:36:00,0.8745093283359324
2018-08-06 03:39:00,0.8459951910901964
2018-08-06 03:42:00,0.8272612633144831
2018-08-06 03:45:00,0.7460381201026962
2018-08-06 03:48:00,0.7594026786844665
2018-08-06 03:51:00,0.6863599825043138
2018-08-06 03:54:00,0.8228337793285618
2018-08-06 03:57:00,0.708528076761354
2018-08-06 04:00:00,0.8200800099671142
2018-08-06 04:03:00,0.7900064331655585
2018-08-06 04:06:00,0.738227052775585
2018-08-06 04:09:00,0.7525936193489429
2018-08-06 04:12:00,0.86484240412085
2018-08-06 04:15:00,0.7995133908152638
2018-08-06 04:18:00,0.8149957063282613
2018-08-06 04:21:00,0.731186829207843
2018-08-06 04:24:00,0.7313626060778802
2018-08-06 04:27:00,0.8160005518764706
2018-08-06 04:30:00,0.7792024567434055
2018-08-06 04:33:00,0.7871650774263799
2018-08-06 04:36:00,0.8198353933521503
2018-08-06 04:39:00,0.7868967473584689
2018-08-06 04:42:00,0.7664762704293935
2018-08-06 04:45:00,0.7293752713018762
2018-08-06 04:48:00,0.7998885924687897
2018-08-06 04:51:00,0.8303919970755942
2018-08-06 04:54:00,0.8066205056675244
2018-08-06 04:57:00,0.8014222999137814
2018-08-06 05:00:00,0.7739327974317121
2018-08-06 05:03:00,0.7543686228065098
2018-08-06 05:06:00,0.7437155692646229
2018-08-06 05:09:00,0.8482943510143173
2018-08-06 05:12:00,0.7626810797548842
2018-08-06 05:15:00,0.7612820126033739
2018-08-06 05:18:00,0.8040862462752898
2018-08-06 05:21:00,0.73290456256575
2018-08-06 05:24:00,0.8125356547242859
2018-08-06 05:27:00,0.7930190991170889
2018-08-06 05:30:00,0.7402610480975795
2018-08-06 05:33:00,0.7414092346564303
2018-08-06 05:36:00,0.8066385720844096
2018-08-06 05:39:00,0.7412701242013782
2018-08-06 05:42:00,0.8108829212910109
2018-08-06 05:45:00,0.7611934874506687
2018-08-06 05:48:00,0.7260897966833113
2018-08-06 05:51:00,0.7454641055028333
2018-08-06 05:54:00,0.7751879456527035
2018-08-06 05:57:00,0.7984157892138342
2018-08-06 06:00:00,0.748118794209006
2018-08-06 06:03:00,0.807513356342497
2018-08-06 06:06:00,0.84234551222238
2018-08-06 06:09:00,0.7550590650705544
2018-08-06 06:12:00,0.8426744879618013
2018-08-06 06:15:00,0.7996906649261746
2018-08-06 06:18:00,0.7733582955768838
2018-08-06 06:21:00,0.695372037059883
2018-08-06 06:24:00,0.7548980081408558
2018-08-06 06:27:00,0.7301912830468495
2018-08-06 06:30:00,0.7497834780555195
2018-08-06 06:33:00,0.7638179842940076
2018-08-06 06:36:00,0.7244039819006503
2018-08-06 06:39:00,0.7190270497047209
2018-08-06 06:42:00,0.7875570296428123
2018-08-06 06:45:00,0.829876141171269
2018-08-06 06:48:00,0.7918415373595167
2018-08-06 06:51:00,0.8060773873649509
2018-08-06 06:54:00,0.691762977883684
2018-08-06 06:57:00,0.7885598094629813
2018-08-06 07:00:00,0.7350090117204786
2018-08-06 07:03:00,0.7945832337373986
2018-08-06 07:06:00,0.6419235046432163
2018-08-06 07:09:00,0.6495226451489771
2018-08-06 07:12:00,0.6789778761524872
2018-08-06 07:15:00,0.6776357490072655
2018-08-06 07:18:00,0.6442462868558323
2018-08-06 07:21:00,0.6735058617629761
2018-08-06 07:24:00,0.7836453392769158
2018-08-06 07:27:00,0.6793813507924824
2018-08-06 07:30:00,0.6929338568440926
2018-08-06 07:33:00,0.6983483060001276
2018-08-06 07:36:00,0.7123446328931777
2018-08-06 07:39:00,0.7201345421392489
2018-08-06 07:42:00,0.6846269434158216
2018-08-06 07:45:00,0.716939621340714
2018-08-06 07:48:00,0.622022753436795
2018-08-06 07:51:00,0.63846935661212
2018-08-06 07:54:00,0.6371086402727997
2018-08-06 07:57:00,0.5817538985010628
2018-08-06 08:00:00,0.6832505212868227
2018-08-06 08:03:00,0.5943809407384606
2018-08-06 08:06:00,0.5551704404413726
2018-08-06 08:09:00,0.591627971583307
2018-08-06 08:12:00,0.5195387536492717
2018-08-06 08:15:00,0.5654828867756692
2018-08-06 08:18:00,0.5908336699700953
2018-08-06 08:21:00,0.4852598997297264
2018-08-06 08:24:00,0.5684923847171603
2018-08-06 08:27:00,0.5275268386133689
2018-08-06 08:30:00,0.48545663852246435
2018-08-06 08:33:00,0.4882735287666833
2018-08-06 08:36:00,0.4954382516422129
2018-08-06 08:39:00,0.3953904464466973
2018-08-06 08:42:00,0.4162424255743531
2018-08-06 08:45:00,0.4686027983167378
2018-08-06 08:48:00,0.4111824108794053
2018-08-06 08:51:00,0.4301291944983632
2018-08-06 08:54:00,0.44431224797062896
2018-08-06 08:57:00,0.3620297052460728
2018-08-06 09:00:00,0.36519785629701573
2018-08-06 09:03:00,0.3256374486952609
2018-08-06 09:06:00,0.3664308386071866
2018-08-06 09:09:00,0.29489501893613124
2018-08-06 09:12:00,0.24416906733614496
2018-08-06 09:15:00,0.2957298710524583
2018-08-06 09:18:00,0.2318817370967281
2018-08-06 09:21:00,0.23851824433785396
2018-08-06 09:24:00,0.21403266078408478
2018-08-06 09:27:00,0.19683892012091064
2018-08-06 09:30:00,0.15097938292882418
2018-08-06 09:33:00,0.1842849337632515
2018-08-06 09:36:00,0.09689097417657422
2018-08-06 09:39:00,0.1813828469750547
2018-08-06 09:42:00,0.05386124899035849
2018-08-06 09:45:00,0.0736082469289272
2018-08-06 09:48:00,0.041075699317616454
2018-08-06 09:51:00,0.05991706392052265
2018-08-06 09:54:00,0.05902702283435701
2018-08-06 09:57:00,-0.02864216044031309
2018-08-06 10:00:00,-0.04536200311315497
2018-08-06 10:03:00,-0.13052978724203967
2018-08-06 10:06:00,-0.05020020673697445
2018-08-06 10:09:00,-0.09120668291751599
2018-08-06 10:12:00,-0.07901459502619446
2018-08-06 10:15:00,-0.07096993929314976
2018-08-06 10:18:00,-0.08843753337527005
2018-08-06 10:21:00,-0.1464529760219193
2018-08-06 10:24:00,-0.11438981147222194
2018-08-06 10:27:00,-0.12249196171063659
2018-08-06 10:30:00,-0.15193666104102022
2018-08-06 10:33:00,-0.19047281703137742
2018-08-06 10:36:00,-0.23054254266895668
2018-08-06 10:39:00,-0.15676791721978134
2018-08-06 10:42:00,-0.2742028454571823
2018-08-06 10:45:00,-0.25810945318846734
2018-08-06 10:48:00,-0.22504458447292564
2018-08-06 10:51:00,-0.2947259788531369
2018-08-06 10:54:00,-0.23266907054005515
2018-08-06 10:57:00,-0.35719447222180634
2018-08-06 11:00:00,-0.27649461347897386
2018-08-06 11:03:00,-0.25634452822089315
2018-08-06 11:06:00,-0.3386002298536823
2018-08-06 11:09:00,-0.32770923706073063
2018-08-06 11:12:00,-0.29376749295573745
2018-08-06 11:15:00,-0.3334694930976525
2018-08-06 11:18:00,-0.35578287458253044
2018-08-06 11:21:00,-0.4592451027111224
2018-08-06 11:24:00,-0.31654068517661926
2018-08-06 11:27:00,-0.4100904646039112
2018-08-06 11:30:00,-0.3513083198438949
2018-08-06 11:33:00,-0.3688361365830133
2018-08-06 11:36:00,-0.4362297684417058
2018-08-06 11:39:00,-0.4109234869401348
2018-08-06 11:42:00,-0.49428958860545436
2018-08-06 11:45:00,-0.4957270865703549
2018-08-06 11:48:00,-0.4817117727639584
2018-08-06 11:51:00,-0.48166042054549507
2018-08-06 11:54:00,-0.4978019004911971
2018-08-06 11:57:00,-0.4106860020116869
2018-08-06 12:00:00,-0.46526361110028347
2018-08-06 12:03:00,-0.5435001873440797
2018-08-06 12:06:00,-0.3801858951125041
2018-08-06 12:09:00,-0.57003864784906
2018-08-06 12:12:00,-0.4387962752835506
2018-08-06 12:15:00,-0.3732273871135021
2018-08-06 12:18:00,-0.47067878823776255
2018-08-06 12:21:00,-0.4637468963106244
2018-08-06 12:24:00,-0.5360743035171254
2018-08-06 12:27:00,-0.5280547889940408
2018-08-06 12:30:00,-0.3693359710244408
2018-08-06 12:33:00,-0.5339057963587379
2018-08-06 12:36:00,-0.44332465346678873
2018-08-06 12:39:00,-0.46002035982576217
2018-08-06 12:42:00,-0.46793627695626583
2018-08-06 12:45:00,-0.43853727275046595
2018-08-06 12:48:00,-0.4167341751332856
2018-08-06 12:51:00,-0.4559306578167934
2018-08-06 12:54:00,-0.49185835781509013
2018-08-06 12:57:00,-0.4921498482229367
2018-08-06 13:00:00,-0.49309714053401876
2018-08-06 13:03:00,-0.4153542155232799
2018-08-06 13:06:00,-0.529483408311421
2018-08-06 13:09:00,-0.37779708827156355
2018-08-06 13:12:00,-0.40793425704214314
2018-08-06 13:15:00,-0.3816097237013878
2018-08-06 13:18:00,-0.44128078095434375
2018-08-06 13:21:00,-0.5888545386208648
2018-08-06 13:24:00,-0.5815997831202822
2018-08-06 13:27:00,-0.5586290266016363
2018-08-06 13:30:00,-0.5554293438295872
2018-08-06 13:33:00,-0.6272965040919303
2018-08-06 13:36:00,-0.49377198808309686
2018-08-06 13:39:00,-0.5350076008305109
2018-08-06 13:42:00,-0.6042899282725216
2018-08-06 13:45:00,-0.5577084937531822
2018-08-06 13:48:00,-0.5317770422132071
2018-08-06 13:51:00,-0.5467153202642407
2018-08-06 13:54:00,-0.49303788394291814
2018-08-06 13:57:00,-0.5499701152072589
2018-08-06 14:00:00,-0.48108315355915465
2018-08-06 14:03:00,-0.6428415325084416
2018-08-06 14:06:00,-0.6148538505144643
2018-08-06 14:09:00,-0.5589239065476477
2018-08-06 14:12:00,-0.7143241384073349
2018-08-06 14:15:00,-0.5711081316582636
2018-08-06 14:18:00,-0.5583192793857847
2018-08-06 14:21:00,-0.36283817942228325
2018-08-06 14:24:00,-0.3305153368173137
2018-08-06 14:27:00,-0.4396517839388139
2018-08-06 14:30:00,-0.45384423087182313
2018-08-06 14:33:00,-0.4208333473648622
2018-08-06 14:36:00,-0.321287975969085
2018-08-06 14:39:00,-0.23825234495677705
2018-08-06 14:42:00,-0.3141258346556697
2018-08-06 14:45:00,-0.10016200155831712
2018-08-06 14:48:00,-0.18073243184369403
2018-08-06 14:51:00,-0.017129961274804373
2018-08-06 14:54:00,-0.0348665388468703
2018-08-06 14:57:00,-0.09249211526673662
2018-08-06 15:00:00,-0.20396269648176713
2018-08-06 15:03:00,-0.13614725272054784
2018-08-06 15:06:00,-0.17701130416349997
2018-08-06 15:09:00,-0.22322075909096384
2018-08-06 15:12:00,-0.15387799881619912
2018-08-06 15:15:00,-0.18060904705299663
2018-08-06 15:18:00,-0.25115313420070606
2018-08-06 15:21:00,-0.36911739030699664
2018-08-06 15:24:00,-0.39050502307168244
2018-08-06 15:27:00,-0.39575889886350524
2018-08-06 15:30:00,-0.4824428553811231
2018-08-06 15:33:00,-0.6516087363610268
2018-08-06 15:36:00,-0.4909261606206883
2018-08-06 15:39:00,-0.5419951403196137
2018-08-06 15:42:00,-0.4758251600899257
2018-08-06 15:45:00,-0.6006241278679454
2018-08-06 15:48:00,-0.545152532799932
2018-08-06 15:51:00,-0.6597688362556369
2018-08-06 15:54:00,-0.603564925890339
2018-08-06 15:57:00,-0.4336311850060497
2018-08-06 16:00:00,-0.4362755600665764
2018-08-06 16:03:00,-0.5388775371877728
2018-08-06 16:06:00,-0.4616686423526062
2018-08-06 16:09:00,-0.4456996135509712
2018-08-06 16:12:00,-0.45789143373156094
2018-08-06 16:15:00,-0.4644335637364634
2018-08-06 16:18:00,-0.42827283770975555
2018-08-06 16:21:00,-0.42822522408351915
2018-08-06 16:24:00,-0.3905733976219494
2018-08-06 16:27:00,-0.37364024931559925
2018-08-06 16:30:00,-0.4597866330649367
2018-08-06 16:33:00,-0.3895674176069406
2018-08-06 16:36:00,-0.35780161594044557
2018-08-06 16:39:00,-0.42996598638859496
2018-08-06 16:42:00,-0.4440148947311968
2018-08-06 16:45:00,-0.38918114288208017
2018-08-06 16:48:00,-0.4809655676881448
2018-08-06 16:51:00,-0.3760350553799299
2018-08-06 16:54:00,-0.4196228416500958
2018-08-06 16:57:00,-0.39256898875908064
2018-08-06 17:00:00,-0.33598424300669194
2018-08-06 17:03:00,-0.4480108149655848
2018-08-06 17:06:00,-0.3596299417178557
2018-08-06 17:09:00,-0.2376131479774699
2018-08-06 17:12:00,-0.44243905980329146
2018-08-06 17:15:00,-0.3072662952330347
2018-08-06 17:18:00,-0.39653458128799457
2018-08-06 17:21:00,-0.4165830848766632
2018-08-06 17:24:00,-0.35170209937632535
2018-08-06 17:27:00,-0.3732484062714434
2018-08-06 17:30:00,-0.4458774778277643
2018-08-06 17:33:00,-0.38920461472878287
2018-08-06 17:36:00,-0.40203812350176804
2018-08-06 17:39:00,-0.36664566659140974
2018-08-06 17:42:00,-0.3891380257260266
2018-08-06 17:45:00,-0.4411399953057753
2018-08-06 17:48:00,-0.4116768779625204
2018-08-06 17:51:00,-0.3602755890893832
2018-08-06 17:54:00,-0.35072014028173726
2018-08-06 17:57:00,-0.30958851134533916
2018-08-06 18:00:00,-0.3420365695679948
2018-08-06 18:03:00,-0.17288266206196568
2018-08-06 18:06:00,-0.3986175013120601
2018-08-06 18:09:00,-0.41787458814951606
2018-08-06 18:12:00,-0.4272746450286604
2018-08-06 18:15:00,-0.4603831410104249
2018-08-06 18:18:00,-0.3717726324219939
2018-08-06 18:21:00,-0.35088163559959185
2018-08-06 18:24:00,-0.3251543748139625
2018-08-06 18:27:00,-0.3012940186921469
2018-08-06 18:30:00,-0.3055727273423372
2018-08-06 18:33:00,-0.33063205422809006
2018-08-06 18:36:00,-0.2789948011603087
2018-08-06 18:39:00,-0.2439459314238661
2018-08-06 18:42:00,-0.29054710936321726
2018-08-06 18:45:00,-0.34068223403318143
2018-08-06 18:48:00,-0.25285279844302977
2018-08-06 18:51:00,-0.22246398274717194
2018-08-06 18:54:00,
2018-08-06 18:57:00,
2018-08-06 19:00:00,
2018-08-06 19:03:00,-0.29355742118582384
2018-08-06 19:06:00,-0.23906263690815877
2018-08-06 19:09:00,-0.2751928581056404
2018-08-06 19:12:00,-0.22514455307560866
2018-08-06 19:15:00,-0.25942631225666446
2018-08-06 19:18:00,-0.297493879836054
2018-08-06 19:21:00,-0.20985181105476158
2018-08-06 19:24:00,-0.1904671946806502
2018-08-06 19:27:00,-0.21079891742687096
2018-08-06 19:30:00,-0.2251102074185951
2018-08-06 19:33:00,-0.13206171866528393
2018-08-06 19:36:00,-0.22411101767318087
2018-08-06 19:39:00,-0.18406738105881004
2018-08-06 19:42:00,-0.21887517046297944
2018-08-06 19:45:00,-0.16285831958782637
2018-08-06 19:48:00,-0.2664904461395281
2018-08-06 19:51:00,-0.07846899424311005
2018-08-06 19:54:00,-0.11980212804854773
2018-08-06 19:57:00,-0.08616878003840611
2018-08-06 20:00:00,-0.1078849728085629
2018-08-06 20:03:00,-0.07047091056386989
2018-08-06 20:06:00,-0.04332753301946468
2018-08-06 20:09:00,-0.075878318785783
2018-08-06 20:12:00,0.019242470405515633
2018-08-06 20:15:00,-0.040362283935053256
2018-08-06 20:18:00,-0.10122578183086262
2018-08-06 20:21:00,-0.06213244758055225
2018-08-06 20:24:00,-0.16921717450810547
2018-08-06 20:27:00,-0.01838592061676536
2018-08-06 20:30:00,-0.0383236400871283
2018-08-06 20:33:00,-0.038625483620705836
2018-08-06 20:36:00,-0.040492415413780236
2018-08-06 20:39:00,-0.044878148293321374
2018-08-06 20:42:00,-0.04603817676570543
2018-08-06 20:45:00,-0.03983461598846816
2018-08-06 20:48:00,-0.1634023291144331
2018-08-06 20:51:00,-0.08305330020220936
2018-08-06 20:54:00,-0.08890868408724373
2018-08-06 20:57:00,-0.17195019147646917
2018-08-06 21:00:00,-0.13783103062172586
2018-08-06 21:03:00,-0.12594764416019189
2018-08-06 21:06:00,-0.04910632076052934
2018-08-06 21:09:00,-0.04057645291635481
2018-08-06 21:12:00,-0.05237169045437895
2018-08-06 21:15:00,-0.1398133023872674
2018-08-06 21:18:00,-0.08497249513789029
2018-08-06 21:21:00,-0.14030001926437308
2018-08-06 21:24:00,-0.1334979096365032
2018-08-06 21:27:00,0.009405919494781756
2018-08-06 21:30:00,-0.15302440860415345
2018-08-06 21:33:00,-0.04886415035355185
2018-08-06 21:36:00,-0.10998334008996835
2018-08-06 21:39:00,-0.08400460733395221
2018-08-06 21:42:00,-0.054562424796699815
2018-08-06 21:45:00,-0.018535797823403755
2018-08-06 21:48:00,-0.017319639721222302
2018-08-06 21:51:00,-0.036575616974687364
2018-08-06 21:54:00,0.018453502375280095
2018-08-06 21:57:00,0.039861561134614476
2018-08-06 22:00:00,0.0381410944027607
2018-08-06 22:03:00,0.03866588720444497
2018-08-06 22:06:00,-0.0006287304185548237
2018-08-06 22:09:00,-0.03809524967948619
2018-08-06 22:12:00,0.0731011634617289
2018-08-06 22:15:00,0.10822037688160435
2018-08-06 22:18:00,-0.003248505616681996
2018-08-06 22:21:00,-0.011436481655550779
2018-08-06 22:24:00,-0.024937958097325463
2018-08-06 22:27:00,0.06048268583913341
2018-08-06 22:30:00,-0.008030093808258698
2018-08-06 22:33:00,-0.04449116577336554
2018-08-06 22:36:00,0.04054024327234629
2018-08-06 22:39:00,0.04240386915523686
2018-08-06 22:42:00,-0.03862056106311229
2018-08-06 22:45:00,0.00303145081375078
2018-08-06 22:48:00,-0.005501423603391231
2018-08-06 22:51:00,0.022826212576092075
2018-08-06 22:54:00,-0.028803978562280008
2018-08-06 22:57:00,-0.10198742134463146
2018-08-06 23:00:00,-0.05351630933336082
2018-08-06 23:03:00,-0.01662261992180447
2018-08-06 23:06:00,-0.0513037077208196
2018-08-06 23:09:00,0.030084294844925807
2018-08-06 23:12:00,-0.04194640207470002
2018-08-06 23:15:00,0.08492269449214973
2018-08-06 23:18:00,-0.05406394884408883
2018-08-06 23:21:00,0.029554794532032247
2018-08-06 23:24:00,-0.018730449616043643
2018-08-06 23:27:00,-0.06459483948339084
2018-08-06 23:30:00,0.008173278061690326
2018-08-06 23:33:00,0.026705728016850117
2018-08-06 23:36:00,0.015355833113915196
2018-08-06 23:39:00,0.023146838106015366
2018-08-06 23:42:00,-0.027277510227406765
2018-08-06 23:45:00,-0.038942957042081616
2018-08-06 23:48:00,0.026494011906549986
2018-08-06 23:51:00,0.028519840756530357
2018-08-06 23:54:00,0.11863500865513288
2018-08-06 23:57:00,0.04826462244596996
2018-08-07 00:00:00,0.037192156024161704
2018-08-07 00:03:00,0.04917045160971156
2018-08-07 00:06:00,0.004924595754459915
2018-08-07 00:09:00,0.09873382434125233
2018-08-07 00:12:00,0.07581318963701733
2018-08-07 00:15:00,0.026336175057963374
2018-08-07 00:18:00,0.04207614712032637
2018-08-07 00:21:00,0.19954386154302028
2018-08-07 00:24:00,0.101171217301669
2018-08-07 00:27:00,0.13928135062559477
2018-08-07 00:30:00,0.055541509000534006
2018-08-07 00:33:00,0.15351685370325185
2018-08-07 00:36:00,0.19713023007886932
2018-08-07 00:39:00,0.14882506894360858
2018-08-07 00:42:00,0.19657104005216297
2018-08-07 00:45:00,0.14999852088493526
2018-08-07 00:48:00,0.1078713088513723
2018-08-07 00:51:00,0.1974152222516068
2018-08-07 00:54:00,0.2815593800246461
2018-08-07 00:57:00,0.21883068376291703
2018-08-07 01:00:00,0.19175224608136432
2018-08-07 01:03:00,0.24170418310887953
2018-08-07 01:06:00,0.26316320510585456
2018-08-07 01:09:00,0.2463802628888061
2018-08-07 01:12:00,0.1529251526897042
2018-08-07 01:15:00,0.22408960036892722
2018-08-07 01:18:00,0.2256034679665504
2018-08-07 01:21:00,0.24822062671609046
2018-08-07 01:24:00,0.31148789884753114
2018-08-07 01:27:00,0.2501666915557621
2018-08-07 01:30:00,0.2801647822491873
2018-08-07 01:33:00,0.3208987977064339
2018-08-07 01:36:00,0.2530202701938151
2018-08-07 01:39:00,0.2132093541833342
2018-08-07 01:42:00,0.3105389957849525
2018-08-07 01:45:00,0.294005206422014
2018-08-07 01:48:00,0.29250396355780595
2018-08-07 01:51:00,0.272435815100323
2018-08-07 01:54:00,0.31831442927813214
2018-08-07 01:57:00,0.27783245489325736
2018-08-07 02:00:00,0.36591138488631714
2018-08-07 02:03:00,0.26338704467423213
2018-08-07 02:06:00,0.3043590332388817
2018-08-07 02:09:00,0.4347959611410488
2018-08-07 02:12:00,0.3218803994440691
2018-08-07 02:15:00,0.2885215697356216
2018-08-07 02:18:00,0.31340009098835253
2018-08-07 02:21:00,0.3452488833162306
2018-08-07 02:24:00,0.369203894035536
2018-08-07 02:27:00,0.4525189031547825
2018-08-07 02:30:00,0.3059793503292667
2018-08-07 02:33:00,0.35024216589152957
2018-08-07 02:36:00,0.2964258705371776
2018-08-07 02:39:00,0.39834040013380445
2018-08-07 02:42:00,0.44209391799631703
2018-08-07 02:45:00,0.38113215516608534
2018-08-07 02:48:00,0.5011625675085156
2018-08-07 02:51:00,0.43218774823998274
2018-08-07 02:54:00,0.3533331471917336
2018-08-07 02:57:00,0.4531016520252251
2018-08-07 03:00:00,0.48932987977752873
2018-08-07 03:03:00,0.42759997770065183
2018-08-07 03:06:00,0.42926471573639446
2018-08-07 03:09:00,0.46395079391504623
2018-08-07 03:12:00,0.4650820349161222
2018-08-07 03:15:00,0.3915552985557156
2018-08-07 03:18:00,0.4198815559569198
2018-08-07 03:21:00,0.45312079710470243
2018-08-07 03:24:00,0.45163055007139974
2018-08-07 03:27:00,0.4770985357038171
2018-08-07 03:30:00,0.42887076819880576
2018-08-07 03:33:00,0.46218208956258877
2018-08-07 03:36:00,0.44094510985365787
2018-08-07 03:39:00,0.45653994111933116
2018-08-07 03:42:00,0.4736863050948159
2018-08-07 03:45:00,0.41367085854437846
2018-08-07 03:48:00,0.4146897657275872
2018-08-07 03:51:00,0.5208804859425413
2018-08-07 03:54:00,0.42576316649041246
2018-08-07 03:57:00,0.42872457786177165
2018-08-07 04:00:00,0.49130068439285424
2018-08-07 04:03:00,0.4445918645102438
2018-08-07 04:06:00,0.31361290763339866
2018-08-07 04:09:00,0.4175478381364428
2018-08-07 04:12:00,0.5941878495412425
2018-08-07 04:15:00,0.4580543638131189
2018-08-07 04:18:00,0.3417207242998188
2018-08-07 04:21:00,0.3258135201654113
2018-08-07 04:24:00,0.4561347395300004
2018-08-07 04:27:00,0.4843327884095743
2018-08-07 04:30:00,0.4592442767679472
2018-08-07 04:33:00,0.4392442295785486
2018-08-07 04:36:00,0.4703818382675422
2018-08-07 04:39:00,0.5225143067997919
2018-08-07 04:42:00,0.419092451988206
2018-08-07 04:45:00,0.5515694463742307
2018-08-07 04:48:00,0.4499627781925142
2018-08-07 04:51:00,0.4714026447707056
2018-08-07 04:54:00,0.4632300106965772
2018-08-07 04:57:00,0.40139127592891555
2018-08-07 05:00:00,0.4322293973931437
2018-08-07 05:03:00,0.42911822630298957
2018-08-07 05:06:00,0.40154760093514597
2018-08-07 05:09:00,0.3898009649330447
2018-08-07 05:12:00,0.4529964311583399
2018-08-07 05:15:00,0.5103748012847404
2018-08-07 05:18:00,0.4644694254825481
2018-08-07 05:21:00,0.47589426794957035
2018-08-07 05:24:00,0.4922102838775686
2018-08-07 05:27:00,0.5305527182691208
2018-08-07 05:30:00,0.5625657897330143
2018-08-07 05:33:00,0.4352190706629244
2018-08-07 05:36:00,0.4665281824095473
2018-08-07 05:39:00,0.5041502235965254
2018-08-07 05:42:00,0.44283789159942444
2018-08-07 05:45:00,0.5236445763059123
2018-08-07 05:48:00,0.4463770337503661
2018-08-07 05:51:00,0.5980597957676537
2018-08-07 05:54:00,0.5705853413940645
2018-08-07 05:57:00,0.46335786185255756
2018-08-07 06:00:00,0.5406522757329526
2018-08-07 06:03:00,0.45218958057597547
2018-08-07 06:06:00,0.5668003586708892
2018-08-07 06:09:00,0.5279419177122122
2018-08-07 06:12:00,0.4837940434981647
2018-08-07 06:15:00,0.507759230111958
2018-08-07 06:18:00,0.48665313974453284
2018-08-07 06:21:00,0.48685779988647937
2018-08-07 06:24:00,0.4292745791128709
2018-08-07 06:27:00,0.46968054971551965
2018-08-07 06:30:00,0.3892813415695855
2018-08-07 06:33:00,0.4583878245682058
2018-08-07 06:36:00,0.45622102987937296
2018-08-07 06:39:00,0.5654973639393575
2018-08-07 06:42:00,0.47398105801426027
2018-08-07 06:45:00,0.49352825323256866
2018-08-07 06:48:00,0.5016240053496972
2018-08-07 06:51:00,0.5539612325743519
2018-08-07 06:54:00,0.4835616005228758
2018-08-07 06:57:00,0.5175857740919696
2018-08-07 07:00:00,0.43611402760149076
2018-08-07 07:03:00,0.4724857215836664
2018-08-07 07:06:00,0.4402697073005015
2018-08-07 07:09:00,0.43865537982418346
2018-08-07 07:12:00,0.44539094264001733
2018-08-07 07:15:00,0.4139630128968861
2018-08-07 07:18:00,0.3570289773521722
2018-08-07 07:21:00,0.45217024975084996
2018-08-07 07:24:00,0.4190314213694819
2018-08-07 07:27:00,0.3832030781746312
2018-08-07 07:30:00,0.42796636829336876
2018-08-07 07:33:00,0.4471397018761536
2018-08-07 07:36:00,0.32921912815493215
2018-08-07 07:39:00,0.3539030501756315
2018-08-07 07:42:00,0.41650008143335526
2018-08-07 07:45:00,0.4328392778515422
2018-08-07 07:48:00,0.27424402151717686
2018-08-07 07:51:00,0.38070229885198614
2018-08-07 07:54:00,0.3922793526605233
2018-08-07 07:57:00,0.4160687728841026
2018-08-07 08:00:00,0.3135839022697837
2018-08-07 08:03:00,0.3872822232838189
2018-08-07 08:06:00,0.266679330393913
2018-08-07 08:09:00,0.3031155784561861
2018-08-07 08:12:00,0.3618788349636475
2018-08-07 08:15:00,0.2676961908479143
2018-08-07 08:18:00,0.26404197670643725
2018-08-07 08:21:00,0.19498096245149554
2018-08-07 08:24:00,0.2788554574091222
2018-08-07 08:27:00,0.2769575077977038
2018-08-07 08:30:00,0.23863309972836078
2018-08-07 08:33:00,0.1694621207349769
2018-08-07 08:36:00,0.14771274798215472
2018-08-07 08:39:00,0.1724513777184029
2018-08-07 08:42:00,0.02555313304685569
2018-08-07 08:45:00,0.12231311788201538
2018-08-07 08:48:00,0.05743803666086933
2018-08-07 08:51:00,0.09903387066015057
2018-08-07 08:54:00,0.0587938881383252
2018-08-07 08:57:00,-0.012339545191878187
2018-08-07 09:00:00,-0.013220821522565984
2018-08-07 09:03:00,0.09189885211981164
2018-08-07 09:06:00,0.02128473761837313
2018-08-07 09:09:00,-0.0011002273442386468
2018-08-07 09:12:00,-0.09564863118038147
2018-08-07 09:15:00,-0.08635225405765823
2018-08-07 09:18:00,-0.009624791629619267
2018-08-07 09:21:00,-0.08273184954282442
2018-08-07 09:24:00,-0.12211317409935418
2018-08-07 09:27:00,-0.131754794267124
2018-08-07 09:30:00,-0.13999658116807723
2018-08-07 09:33:00,-0.14294967352736876
2018-08-07 09:36:00,-0.1844708253124736
2018-08-07 09:39:00,-0.1334987283208875
2018-08-07 09:42:00,-0.15787239201131342
2018-08-07 09:45:00,-0.1878501426634216
2018-08-07 09:48:00,-0.33734089793881594
2018-08-07 09:51:00,-0.21472084170954986
2018-08-07 09:54:00,-0.2644622350700274
2018-08-07 09:57:00,-0.22497173309966456
2018-08-07 10:00:00,-0.14872280245737102
2018-08-07 10:03:00,-0.28065080214747695
2018-08-07 10:06:00,-0.2685099268065869
2018-08-07 10:09:00,-0.2731396813928768
2018-08-07 10:12:00,-0.20230522448116517
2018-08-07 10:15:00,-0.09413820578464538
2018-08-07 10:18:00,-0.20529818219165463
2018-08-07 10:21:00,-0.2695140785288004
2018-08-07 10:24:00,-0.27908466269002474
2018-08-07 10:27:00,-0.28247627026934197
2018-08-07 10:30:00,-0.25519331036758786
2018-08-07 10:33:00,-0.30935152760662277
2018-08-07 10:36:00,-0.2635561716524535
2018-08-07 10:39:00,-0.28117748536647014
2018-08-07 10:42:00,-0.3647905396810529
2018-08-07 10:45:00,-0.30621072858139087
2018-08-07 10:48:00,-0.1312656723184773
2018-08-07 10:51:00,-0.2556537554665965
2018-08-07 10:54:00,-0.2922272086231601
2018-08-07 10:57:00,-0.3368884434657957
2018-08-07 11:00:00,-0.42777642688940887
2018-08-07 11:03:00,-0.42286372645634174
2018-08-07 11:06:00,-0.438361948323859
2018-08-07 11:09:00,-0.37459697740439424
2018-08-07 11:12:00,-0.4732137021184144
2018-08-07 11:15:00,-0.3982950425737499
2018-08-07 11:18:00,-0.40142084700562464
2018-08-07 11:21:00,-0.40139494093239136
2018-08-07 11:24:00,-0.3715646987346872
2018-08-07 11:27:00,-0.47554808424769135
2018-08-07 11:30:00,-0.5609244885527005
2018-08-07 11:33:00,-0.4343371583503881
2018-08-07 11:36:00,-0.4785814391203189
2018-08-07 11:39:00,-0.4515083978342318
2018-08-07 11:42:00,-0.46093249269358694
2018-08-07 11:45:00,-0.4320577485888748
2018-08-07 11:48:00,-0.4427583696385682
2018-08-07 11:51:00,-0.3929633049258996
2018-08-07 11:54:00,-0.46333162715285425
2018-08-07 11:57:00,-0.4396274049288422
2018-08-07 12:00:00,-0.400525902116442
2018-08-07 12:03:00,-0.4720548151349817
2018-08-07 12:06:00,-0.39824285886521693
2018-08-07 12:09:00,-0.4800276546177997
2018-08-07 12:12:00,-0.5320988891698448
2018-08-07 12:15:00,-0.4604840288093328
2018-08-07 12:18:00,-0.5201826403909422
2018-08-07 12:21:00,-0.5653866555184663
2018-08-07 12:24:00,-0.45969352212182457
2018-08-07 12:27:00,-0.465127921516455
2018-08-07 12:30:00,-0.41205717552617216
2018-08-07 12:33:00,-0.3514126585795907
2018-08-07 12:36:00,-0.4655671811325419
2018-08-07 12:39:00,-0.49152412392339784
2018-08-07 12:42:00,-0.4298904091436384
2018-08-07 12:45:00,-0.4415619921208531
2018-08-07 12:48:00,-0.4560583253459072
2018-08-07 12:51:00,-0.3605102880975437
2018-08-07 12:54:00,-0.380851214487393
2018-08-07 12:57:00,-0.4484380179885079
2018-08-07 13:00:00,-0.47733891558169717
2018-08-07 13:03:00,-0.5543987730220579
2018-08-07 13:06:00,-0.48244759133336856
2018-08-07 13:09:00,-0.44868381531449586
2018-08-07 13:12:00,-0.42627741229938465
2018-08-07 13:15:00,-0.4223867537150454
2018-08-07 13:18:00,-0.532015429980504
2018-08-07 13:21:00,-0.48408790267529866
2018-08-07 13:24:00,-0.5119568251348028
2018-08-07 13:27:00,-0.5949794837853233
2018-08-07 13:30:00,-0.5354022610465563
2018-08-07 13:33:00,-0.5157574278194943
2018-08-07 13:36:00,-0.5165527185701535
2018-08-07 13:39:00,-0.4996384562269327
2018-08-07 13:42:00,-0.5150056557096718
2018-08-07 13:45:00,-0.51794957530376
2018-08-07 13:48:00,-0.41043988726875114
2018-08-07 13:51:00,-0.5372388049601682
2018-08-07 13:54:00,-0.51277881863939
2018-08-07 13:57:00,-0.45396844258920055
2018-08-07 14:00:00,-0.5503161838224742
2018-08-07 14:03:00,-0.5030577301802737
2018-08-07 14:06:00,-0.44092760379675155
2018-08-07 14:09:00,-0.4876081979633682
2018-08-07 14:12:00,-0.5874039499652213
2018-08-07 14:15:00,-0.464122423567801
2018-08-07 14:18:00,-0.5383128527026884
2018-08-07 14:21:00,-0.5078007467052998
2018-08-07 14:24:00,-0.4536561790446285
2018-08-07 14:27:00,-0.5441694459236714
2018-08-07 14:30:00,-0.5488670343748936
2018-08-07 14:33:00,-0.46105346184151585
2018-08-07 14:36:00,-0.5005841556304063
2018-08-07 14:39:00,-0.5825676512923792
2018-08-07 14:42:00,-0.5396366705440414
2018-08-07 14:45:00,-0.4292495695054299
2018-08-07 14:48:00,-0.6148430820140334
2018-08-07 14:51:00,-0.5177659881384784
2018-08-07 14:54:00,-0.6043591066865588
2018-08-07 14:57:00,-0.6074165591444398
2018-08-07 15:00:00,-0.5654986983429922
2018-08-07 15:03:00,-0.5214497098145898
2018-08-07 15:06:00,-0.5948006578909713
2018-08-07 15:09:00,-0.5737429809889818
2018-08-07 15:12:00,-0.6213423379143705
2018-08-07 15:15:00,-0.6502107325296151
2018-08-07 15:18:00,-0.6068346972840004
2018-08-07 15:21:00,-0.6682307547890787
2018-08-07 15:24:00,-0.5301856819127124
2018-08-07 15:27:00,-0.5782790617521982
2018-08-07 15:30:00,-0.5797737387811139
2018-08-07 15:33:00,-0.6298742727311719
2018-08-07 15:36:00,-0.6688401046881154
2018-08-07 15:39:00,-0.5840281944688286
2018-08-07 15:42:00,-0.7325202959303851
2018-08-07 15:45:00,-0.5533016232230921
2018-08-07 15:48:00,-0.6261635855595955
2018-08-07 15:51:00,-0.5830251237189827
2018-08-07 15:54:00,-0.5698620331618827
2018-08-07 15:57:00,-0.6029820372808103
2018-08-07 16:00:00,-0.5918637124779025
2018-08-07 16:03:00,-0.5479847197406684
2018-08-07 16:06:00,-0.5262286230635027
2018-08-07 16:09:00,-0.5792469831405924
2018-08-07 16:12:00,-0.4758771339901955
2018-08-07 16:15:00,-0.5805659457034267
2018-08-07 16:18:00,-0.566077336718763
2018-08-07 16:21:00,-0.6521425576132174
2018-08-07 16:24:00,-0.6961455366039786
2018-08-07 16:27:00,-0.6944231536105576
2018-08-07 16:30:00,-0.6335369809244185
2018-08-07 16:33:00,-0.5937459508767802
2018-08-07 16:36:00,-0.5630482345002861
2018-08-07 16:39:00,-0.5168314809771459
2018-08-07 16:42:00,-0.6154640041354469
2018-08-07 16:45:00,-0.5511086810163306
2018-08-07 16:48:00,-0.5441998223692508
2018-08-07 16:51:00,-0.5476648020572839
2018-08-07 16:54:00,-0.5287034798184891
2018-08-07 16:57:00,-0.5340895829555166
2018-08-07 17:00:00,-0.553869507862828
2018-08-07 17:03:00,-0.5119697944009545
2018-08-07 17:06:00,-0.4819675054558843
2018-08-07 17:09:00,-0.49003101015307493
2018-08-07 17:12:00,-0.5364865809159483
2018-08-07 17:15:00,-0.508906953523649
2018-08-07 17:18:00,-0.5565839260707435
2018-08-07 17:21:00,-0.4884472997977696
2018-08-07 17:24:00,-0.5577105944058758
2018-08-07 17:27:00,-0.5001436207067513
2018-08-07 17:30:00,-0.4822416547458488
2018-08-07 17:33:00,-0.4572059355191982
2018-08-07 17:36:00,-0.3957351491416716
2018-08-07 17:39:00,-0.4289106828878744
2018-08-07 17:42:00,-0.472685406136236
2018-08-07 17:45:00,-0.40265441663035517
2018-08-07 17:48:00,-0.40862049315950344
2018-08-07 17:51:00,-0.2874754472428549
2018-08-07 17:54:00,-0.39532284850082533
2018-08-07 17:57:00,-0.43156396858296375
2018-08-07 18:00:00,-0.42084347902795116
2018-08-07 18:03:00,-0.3855523445486142
2018-08-07 18:06:00,-0.32173305044040035
2018-08-07 18:09:00,-0.2966937347089811
2018-08-07 18:12:00,-0.36237712958427437
2018-08-07 18:15:00,-0.36589658023234506
2018-08-07 18:18:00,-0.3397834266498876
2018-08-07 18:21:00,-0.3870644820340772
2018-08-07 18:24:00,-0.34754226939304544
2018-08-07 18:27:00,-0.30891835640750287
2018-08-07 18:30:00,-0.4122831752540037
2018-08-07 18:33:00,-0.31482089979107286
2018-08-07 18:36:00,-0.273946592233699
2018-08-07 18:39:00,-0.3625769306954112
2018-08-07 18:42:00,-0.3201530152757073
2018-08-07 18:45:00,-0.3708975251945503
2018-08-07 18:48:00,-0.32495653759065135
2018-08-07 18:51:00,-0.3396353897465474
2018-08-07 18:54:00,
2018-08-07 18:57:00,
2018-08-07 19:00:00,
2018-08-07 19:03:00,-0.36389729550512584
2018-08-07 19:06:00,-0.31886266921986817
2018-08-07 19:09:00,-0.3506804823501284
2018-08-07 19:12:00,-0.33696785446085187
2018-08-07 19:15:00,-0.2678458319563788
2018-08-07 19:18:00,-0.326812012976859
2018-08-07 19:21:00,-0.3198007134711247
2018-08-07 19:24:00,-0.3119364567821208
2018-08-07 19:27:00,-0.25686816904141097
2018-08-07 19:30:00,-0.25623981488286063
2018-08-07 19:33:00,-0.2717881473611783
2018-08-07 19:36:00,-0.23714059626553308
2018-08-07 19:39:00,-0.2619848154336637
2018-08-07 19:42:00,-0.2296830751993184
2018-08-07 19:45:00,-0.2921349668923199
2018-08-07 19:48:00,-0.2218019238491138
2018-08-07 19:51:00,-0.24950801265839573
2018-08-07 19:54:00,-0.17293640315347147
2018-08-07 19:57:00,-0.17575610517883433
2018-08-07 20:00:00,-0.1667244756770856
2018-08-07 20:03:00,-0.15733385944332667
2018-08-07 20:06:00,-0.24138858765019222
2018-08-07 20:09:00,-0.21429793635871874
2018-08-07 20:12:00,-0.1992222704424762
2018-08-07 20:15:00,-0.24377444317224217
2018-08-07 20:18:00,-0.22524599787408306
2018-08-07 20:21:00,-0.14222627487225736
2018-08-07 20:24:00,-0.23636154108015717
2018-08-07 20:27:00,-0.3202557095402767
2018-08-07 20:30:00,-0.1442041348139469
2018-08-07 20:33:00,-0.18592141321835243
2018-08-07 20:36:00,-0.21738779874772263
2018-08-07 20:39:00,-0.15791886979422998
2018-08-07 20:42:00,-0.09728451032367502
2018-08-07 20:45:00,-0.13215472231746617
2018-08-07 20:48:00,-0.21758273589574628
2018-08-07 20:51:00,-0.09016677115846505
2018-08-07 20:54:00,-0.21063736441141145
2018-08-07 20:57:00,-0.2220368351071329
2018-08-07 21:00:00,-0.15088365775153534
2018-08-07 21:03:00,-0.19952955255064353
2018-08-07 21:06:00,-0.1670264532427268
2018-08-07 21:09:00,-0.1447080064798456
2018-08-07 21:12:00,-0.03453596295025818
2018-08-07 21:15:00,-0.14116365711737444
2018-08-07 21:18:00,-0.05043252546641952
2018-08-07 21:21:00,-0.060743840184954934
2018-08-07 21:24:00,-0.09595375654532745
2018-08-07 21:27:00,-0.056836622640673795
2018-08-07 21:30:00,-0.1593577151230079
2018-08-07 21:33:00,-0.16617337373736518
2018-08-07 21:36:00,-0.07876536132988576
2018-08-07 21:39:00,-0.16232535592013164
2018-08-07 21:42:00,-0.21195148733090718
2018-08-07 21:45:00,-0.1583958884961021
2018-08-07 21:48:00,-0.11882988240591885
2018-08-07 21:51:00,-0.07991883698326774
2018-08-07 21:54:00,-0.06011604644209001
2018-08-07 21:57:00,-0.13582138537151422
2018-08-07 22:00:00,-0.17761634652174507
2018-08-07 22:03:00,-0.19225410305904234
2018-08-07 22:06:00,-0.10612274809892597
2018-08-07 22:09:00,-0.21773170968782551
2018-08-07 22:12:00,-0.13092833300260054
2018-08-07 22:15:00,-0.21132067159425105
2018-08-07 22:18:00,-0.15963552004905068
2018-08-07 22:21:00,-0.1820905448580561
2018-08-07 22:24:00,-0.09100420531575537
2018-08-07 22:27:00,-0.12390302153545463
2018-08-07 22:30:00,-0.14179867294677706
2018-08-07 22:33:00,0.013045078668994847
2018-08-07 22:36:00,-0.14866394968777286
2018-08-07 22:39:00,-0.16048602981533122
2018-08-07 22:42:00,-0.16064253445489385
2018-08-07 22:45:00,-0.15223497454104518
2018-08-07 22:48:00,-0.08023049011802641
2018-08-07 22:51:00,-0.09891121121671631
2018-08-07 22:54:00,-0.051384212618700076
2018-08-07 22:57:00,-0.04372851489279128
2018-08-07 23:00:00,-0.03891395863007574
2018-08-07 23:03:00,-0.07298570044264352
2018-08-07 23:06:00,-0.03531675407282364
2018-08-07 23:09:00,0.04735480233364342
2018-08-07 23:12:00,-0.006699671156241038
2018-08-07 23:15:00,-0.011167902286160825
2018-08-07 23:18:00,0.09626636278443357
2018-08-07 23:21:00,0.051098652086466245
2018-08-07 23:24:00,0.0494629499494863
2018-08-07 23:27:00,0.01113435959018716
2018-08-07 23:30:00,0.04343097710767552
2018-08-07 23:33:00,0.06026711968888776
2018-08-07 23:36:00,0.09159371502363456
2018-08-07 23:39:00,0.00808717471500131
2018-08-07 23:42:00,0.06720693468645322
2018-08-07 23:45:00,0.04665184249597587
2018-08-07 23:48:00,-0.009834763799176471
2018-08-07 23:51:00,0.11457342236639079
2018-08-07 23:54:00,0.004021240953591132
2018-08-07 23:57:00,0.08057038766997948
2018-08-08 00:00:00,0.09136035461477832
2018-08-08 00:03:00,0.05497547563436456
2018-08-08 00:06:00,0.1404824845005237
2018-08-08 00:09:00,0.12046813053052574
2018-08-08 00:12:00,-0.015690899593153063
2018-08-08 00:15:00,0.1287677814775634
2018-08-08 00:18:00,0.0206777543621115
2018-08-08 00:21:00,0.14737695895883007
2018-08-08 00:24:00,0.14479537152629973
2018-08-08 00:27:00,0.0813906649663636
2018-08-08 00:30:00,0.14140589258329328
2018-08-08 00:33:00,0.07927669431961704
2018-08-08 00:36:00,0.13395057581902847
2018-08-08 00:39:00,0.1346129111138339
2018-08-08 00:42:00,0.1312946204839136
2018-08-08 00:45:00,0.16545196729617828
2018-08-08 00:48:00,0.2701397729469477
2018-08-08 00:51:00,0.21462993278998965
2018-08-08 00:54:00,0.15407540694923227
2018-08-08 00:57:00,0.12488430671550077
2018-08-08 01:00:00,0.2410224787394668
2018-08-08 01:03:00,0.21905870539580974
2018-08-08 01:06:00,0.19739560907601117
2018-08-08 01:09:00,0.21560132218360195
2018-08-08 01:12:00,0.2726352408413959
2018-08-08 01:15:00,0.23292293764973238
2018-08-08 01:18:00,0.2607344343557543
2018-08-08 01:21:00,0.27314889285025856
2018-08-08 01:24:00,0.1490709722710335
2018-08-08 01:27:00,0.19521129107732804
2018-08-08 01:30:00,0.1752746862598542
2018-08-08 01:33:00,0.25260363729580604
2018-08-08 01:36:00,0.2890451493076398
2018-08-08 01:39:00,0.28845498312500695
2018-08-08 01:42:00,0.20654036424406286
2018-08-08 01:45:00,0.2973041480372558
2018-08-08 01:48:00,0.1918761205828332
2018-08-08 01:51:00,0.2736289925732649
2018-08-08 01:54:00,0.2536900359932588
2018-08-08 01:57:00,0.26056007415490967
2018-08-08 02:00:00,0.24903369205287618
2018-08-08 02:03:00,0.2360326605640921
2018-08-08 02:06:00,0.19056586302008327
2018-08-08 02:09:00,0.3169190020418
2018-08-08 02:12:00,0.16677647980282018
2018-08-08 02:15:00,0.323208780540881
2018-08-08 02:18:00,0.26628331539654937
2018-08-08 02:21:00,0.26842966283959413
2018-08-08 02:24:00,0.2720050603375057
2018-08-08 02:27:00,0.2664855384343241
2018-08-08 02:30:00,0.32479042331470964
2018-08-08 02:33:00,0.2933729226437549
2018-08-08 02:36:00,0.28803967330640035
2018-08-08 02:39:00,0.3230924309954162
2018-08-08 02:42:00,0.26948915426424946
2018-08-08 02:45:00,0.3690307406307056
2018-08-08 02:48:00,0.2958524913936458
2018-08-08 02:51:00,0.32671325434859
2018-08-08 02:54:00,0.24261680460051593
2018-08-08 02:57:00,0.32874502248267845
2018-08-08 03:00:00,0.33649234358580316
2018-08-08 03:03:00,0.3818206685661494
2018-08-08 03:06:00,0.2978207546328804
2018-08-08 03:09:00,0.4324460487673605
2018-08-08 03:12:00,0.40343613719983296
2018-08-08 03:15:00,0.4016807105375051
2018-08-08 03:18:00,0.3723102379163379
2018-08-08 03:21:00,0.34454125028048566
2018-08-08 03:24:00,0.3128357789835263
2018-08-08 03:27:00,0.2987663484610721
2018-08-08 03:30:00,0.4411636163703747
2018-08-08 03:33:00,0.43379381747473644
2018-08-08 03:36:00,0.4257298575283244
2018-08-08 03:39:00,0.3555292908475849
2018-08-08 03:42:00,0.42380152527567816
2018-08-08 03:45:00,0.4271155719105195
2018-08-08 03:48:00,0.3438646214331129
2018-08-08 03:51:00,0.4427756867754624
2018-08-08 03:54:00,0.40299564654964115
2018-08-08 03:57:00,0.35220053471994106
2018-08-08 04:00:00,0.4396983561421166
2018-08-08 04:03:00,0.38989537869588275
2018-08-08 04:06:00,0.3958909481963815
2018-08-08 04:09:00,0.3826860410966333
2018-08-08 04:12:00,0.3509769425280638
2018-08-08 04:15:00,0.2948444811990498
2018-08-08 04:18:00,0.3450418114097715
2018-08-08 04:21:00,0.3543406976244796
2018-08-08 04:24:00,0.3698988687874589
2018-08-08 04:27:00,0.3548185623154154
2018-08-08 04:30:00,0.40150068805399997
2018-08-08 04:33:00,0.35630272323811596
2018-08-08 04:36:00,0.3050669409939246
2018-08-08 04:39:00,0.3489439478469194
2018-08-08 04:42:00,0.41270524956883037
2018-08-08 04:45:00,0.3769325820938434
2018-08-08 04:48:00,0.32984103015860455
2018-08-08 04:51:00,0.3416187777179971
2018-08-08 04:54:00,0.3881755214239888
2018-08-08 04:57:00,0.3478258410597732
2018-08-08 05:00:00,0.3744921173157536
2018-08-08 05:03:00,0.4006822575299225
2018-08-08 05:06:00,0.47780407140311354
2018-08-08 05:09:00,0.3967631812919308
2018-08-08 05:12:00,0.4601258746575354
2018-08-08 05:15:00,0.45474454859817115
2018-08-08 05:18:00,0.4185178766797435
2018-08-08 05:21:00,0.48219093280005154
2018-08-08 05:24:00,0.46981695927001965
2018-08-08 05:27:00,0.4837628612903586
2018-08-08 05:30:00,0.4322989882925299
2018-08-08 05:33:00,0.40114803487057316
2018-08-08 05:36:00,0.4978150945980815
2018-08-08 05:39:00,0.4987385354590401
2018-08-08 05:42:00,0.491195652373392
2018-08-08 05:45:00,0.48646605294783285
2018-08-08 05:48:00,0.5392105672796106
2018-08-08 05:51:00,0.4536496384014299
2018-08-08 05:54:00,0.48107808546620845
2018-08-08 05:57:00,0.5334104280104839
2018-08-08 06:00:00,0.5146305364141881
2018-08-08 06:03:00,0.5263169308388456
2018-08-08 06:06:00,0.44786574149753733
2018-08-08 06:09:00,0.5225785923193484
2018-08-08 06:12:00,0.5688485346155403
2018-08-08 06:15:00,0.48245957449546495
2018-08-08 06:18:00,0.4707939111921746
2018-08-08 06:21:00,0.4814916845418793
2018-08-08 06:24:00,0.5239038181657065
2018-08-08 06:27:00,0.5319417981992842
2018-08-08 06:30:00,0.5414950594688435
2018-08-08 06:33:00,0.5672561364962121
2018-08-08 06:36:00,0.5130503306800733
2018-08-08 06:39:00,0.46570819059229507
2018-08-08 06:42:00,0.5541145045846747
2018-08-08 06:45:00,0.5951456678520799
2018-08-08 06:48:00,0.565057091746155
2018-08-08 06:51:00,0.47952549336491757
2018-08-08 06:54:00,0.4842583213795706
2018-08-08 06:57:00,0.5337488132585122
2018-08-08 07:00:00,0.5657914049377268
2018-08-08 07:03:00,0.5082739026165086
2018-08-08 07:06:00,0.5389147542447859
2018-08-08 07:09:00,0.4855387309736443
2018-08-08 07:12:00,0.4758662550581789
2018-08-08 07:15:00,0.561408336877605
2018-08-08 07:18:00,0.4306228964981642
2018-08-08 07:21:00,0.507032512298224
2018-08-08 07:24:00,0.44761586373897444
2018-08-08 07:27:00,0.467934743664955
2018-08-08 07:30:00,0.5050746778038047
2018-08-08 07:33:00,0.4128060372269715
2018-08-08 07:36:00,0.4961980308623879
2018-08-08 07:39:00,0.43607228283218546
2018-08-08 07:42:00,0.4081043929779753
2018-08-08 07:45:00,0.48545506208625966
2018-08-08 07:48:00,0.48507304980051913
2018-08-08 07:51:00,0.34221277090068725
2018-08-08 07:54:00,0.3844912471417956
2018-08-08 07:57:00,0.42327596448336635
2018-08-08 08:00:00,0.36832691063449374
2018-08-08 08:03:00,0.30331363852428694
2018-08-08 08:06:00,0.3876685165928393
2018-08-08 08:09:00,0.3295307367583291
2018-08-08 08:12:00,0.41233263132266984
2018-08-08 08:15:00,0.3477736554106059
2018-08-08 08:18:00,0.31247542630273983
2018-08-08 08:21:00,0.261932249512995
2018-08-08 08:24:00,0.23549845037689465
2018-08-08 08:27:00,0.19940297818811814
2018-08-08 08:30:00,0.16699651549242844
2018-08-08 08:33:00,0.14335764818844154
2018-08-08 08:36:00,0.23134651819844976
2018-08-08 08:39:00,0.1131437574004508
2018-08-08 08:42:00,0.07828717479020497
2018-08-08 08:45:00,0.05441224761051444
2018-08-08 08:48:00,0.04765504337734683
2018-08-08 08:51:00,0.02977868197586986
2018-08-08 08:54:00,0.0006808649345657614
2018-08-08 08:57:00,-0.011204056849464905
2018-08-08 09:00:00,-0.03861428301598835
2018-08-08 09:03:00,0.017080051762832227
2018-08-08 09:06:00,-0.046265945572088185
2018-08-08 09:09:00,-0.11257590485854507
2018-08-08 09:12:00,-0.0943707614893583
2018-08-08 09:15:00,-0.12920872236230707
2018-08-08 09:18:00,-0.15781761084406298
2018-08-08 09:21:00,-0.10696550142773731
2018-08-08 09:24:00,-0.13388427506708922
2018-08-08 09:27:00,-0.178505557369931
2018-08-08 09:30:00,-0.17636532521470372
2018-08-08 09:33:00,-0.21453241210463148
2018-08-08 09:36:00,-0.18119014048761528
2018-08-08 09:39:00,-0.2986650964829778
2018-08-08 09:42:00,-0.2114618782125035
2018-08-08 09:45:00,-0.2318201559377826
2018-08-08 09:48:00,-0.22403286674062883
2018-08-08 09:51:00,-0.23416165489066998
2018-08-08 09:54:00,-0.2868838734035535
2018-08-08 09:57:00,-0.41073682531316535
2018-08-08 10:00:00,-0.3513003853835812
2018-08-08 10:03:00,-0.2451132966494356
2018-08-08 10:06:00,-0.3346431326870061
2018-08-08 10:09:00,-0.31876251687117474
2018-08-08 10:12:00,-0.35344071533342003
2018-08-08 10:15:00,-0.2101744469069331
2018-08-08 10:18:00,-0.2602011474148185
2018-08-08 10:21:00,-0.4211079217044471
2018-08-08 10:24:00,-0.3397109250513495
2018-08-08 10:27:00,-0.389618818485701
2018-08-08 10:30:00,-0.3274086388616979
2018-08-08 10:33:00,-0.42103206599904297
2018-08-08 10:36:00,-0.47537393744266865
2018-08-08 10:39:00,-0.4361498180055605
2018-08-08 10:42:00,-0.48706000505524116
2018-08-08 10:45:00,-0.4986315471867897
2018-08-08 10:48:00,-0.49000829707216553
2018-08-08 10:51:00,-0.5683817295080758
2018-08-08 10:54:00,-0.48906935820934905
2018-08-08 10:57:00,-0.4917616477227398
2018-08-08 11:00:00,-0.4541569345408334
2018-08-08 11:03:00,-0.5328694452867921
2018-08-08 11:06:00,-0.6034738222276133
2018-08-08 11:09:00,-0.4710876684747518
2018-08-08 11:12:00,-0.43284276904699936
2018-08-08 11:15:00,-0.4829231562738414
2018-08-08 11:18:00,-0.524581667416669
2018-08-08 11:21:00,-0.48968811421212877
2018-08-08 11:24:00,-0.5592243275917781
2018-08-08 11:27:00,-0.41368314621900026
2018-08-08 11:30:00,-0.5219248333556266
2018-08-08 11:33:00,-0.48157281909203675
2018-08-08 11:36:00,-0.42510765998645184
2018-08-08 11:39:00,-0.4668495042761265
2018-08-08 11:42:00,-0.5978204419886879
2018-08-08 11:45:00,-0.6387120529442427
2018-08-08 11:48:00,-0.5463623067475396
2018-08-08 11:51:00,-0.46671395855133824
2018-08-08 11:54:00,-0.4898238203475671
2018-08-08 11:57:00,-0.5120754751756635
2018-08-08 12:00:00,-0.48355714235179903
2018-08-08 12:03:00,-0.5136312052503627
2018-08-08 12:06:00,-0.4610128623437504
2018-08-08 12:09:00,-0.4689538413260266
2018-08-08 12:12:00,-0.5314899955761234
2018-08-08 12:15:00,-0.487243591125889
2018-08-08 12:18:00,-0.5173398594746459
2018-08-08 12:21:00,-0.4459948663626392
2018-08-08 12:24:00,-0.4825225374275419
2018-08-08 12:27:00,-0.49284101984977724
2018-08-08 12:30:00,-0.5262042251688399
2018-08-08 12:33:00,-0.5189030172426783
2018-08-08 12:36:00,-0.576937141241217
2018-08-08 12:39:00,-0.442280381240721
2018-08-08 12:42:00,-0.6311470913800008
2018-08-08 12:45:00,-0.5304732439275881
2018-08-08 12:48:00,-0.6462265459844048
2018-08-08 12:51:00,-0.5887903530119729
2018-08-08 12:54:00,-0.6462284977840795
2018-08-08 12:57:00,-0.5150483750989565
2018-08-08 13:00:00,-0.5438576063928053
2018-08-08 13:03:00,-0.5679631337952742
2018-08-08 13:06:00,-0.4147918807017845
2018-08-08 13:09:00,-0.570793407987253
2018-08-08 13:12:00,-0.5312657132828917
2018-08-08 13:15:00,-0.5659830993842547
2018-08-08 13:18:00,-0.48597776964686545
2018-08-08 13:21:00,-0.5609523127388911
2018-08-08 13:24:00,-0.45089299228624213
2018-08-08 13:27:00,-0.5761996885345297
2018-08-08 13:30:00,-0.5324489400788366
2018-08-08 13:33:00,-0.6104741948956303
2018-08-08 13:36:00,-0.5363632506911244
2018-08-08 13:39:00,-0.6043252346853478
2018-08-08 13:42:00,-0.5147334153267025
2018-08-08 13:45:00,-0.5338353962508791
2018-08-08 13:48:00,-0.5097023327802503
2018-08-08 13:51:00,-0.45633875913853217
2018-08-08 13:54:00,-0.5892577380539592
2018-08-08 13:57:00,-0.5516977918401267
2018-08-08 14:00:00,-0.6122766885712849
2018-08-08 14:03:00,-0.5414287403605726
2018-08-08 14:06:00,-0.5613819706624099
2018-08-08 14:09:00,-0.5509778634932445
2018-08-08 14:12:00,-0.5109349791009663
2018-08-08 14:15:00,-0.5583547290235629
2018-08-08 14:18:00,-0.505923556762923
2018-08-08 14:21:00,-0.49442214564578535
2018-08-08 14:24:00,-0.5474658565374284
2018-08-08 14:27:00,-0.5951218437884904
2018-08-08 14:30:00,-0.5608358268692655
2018-08-08 14:33:00,-0.5041451565468833
2018-08-08 14:36:00,-0.6016786049203233
2018-08-08 14:39:00,-0.5840975069577894
2018-08-08 14:42:00,-0.49696135247978646
2018-08-08 14:45:00,-0.6085429454080327
2018-08-08 14:48:00,-0.5845419849700875
2018-08-08 14:51:00,-0.5597655421330501
2018-08-08 14:54:00,-0.5226221395738548
2018-08-08 14:57:00,-0.4263569844725339
2018-08-08 15:00:00,-0.43787043992301733
2018-08-08 15:03:00,-0.4112663679105708
2018-08-08 15:06:00,-0.5980670526661243
2018-08-08 15:09:00,-0.5967057455397935
2018-08-08 15:12:00,-0.5425997560874407
2018-08-08 15:15:00,-0.5830720897101855
2018-08-08 15:18:00,-0.4841030668892472
2018-08-08 15:21:00,-0.5495349966049616
2018-08-08 15:24:00,-0.5171253933703497
2018-08-08 15:27:00,-0.5595391158489633
2018-08-08 15:30:00,-0.4313048321295696
2018-08-08 15:33:00,-0.5582278501143492
2018-08-08 15:36:00,-0.5605213820419408
2018-08-08 15:39:00,-0.5721815425512204
2018-08-08 15:42:00,-0.6047764736280783
2018-08-08 15:45:00,-0.4953911273316862
2018-08-08 15:48:00,-0.4758978426837075
2018-08-08 15:51:00,-0.6055252196384799
2018-08-08 15:54:00,-0.48350423487806893
2018-08-08 15:57:00,-0.42520279744269374
2018-08-08 16:00:00,-0.5362598896051054
2018-08-08 16:03:00,-0.5441323242956173
2018-08-08 16:06:00,-0.4718978321035934
2018-08-08 16:09:00,-0.5037343831455701
2018-08-08 16:12:00,-0.43230907082880776
2018-08-08 16:15:00,-0.520159296742122
2018-08-08 16:18:00,-0.4928202359711804
2018-08-08 16:21:00,-0.44714788548424167
2018-08-08 16:24:00,-0.5359885597513312
2018-08-08 16:27:00,-0.6348795888502536
2018-08-08 16:30:00,-0.6149705607330134
2018-08-08 16:33:00,-0.5100908949164022
2018-08-08 16:36:00,-0.5264243872284737
2018-08-08 16:39:00,-0.4610971685866616
2018-08-08 16:42:00,-0.5159314698997264
2018-08-08 16:45:00,-0.5512630890785886
2018-08-08 16:48:00,-0.5630872517677972
2018-08-08 16:51:00,-0.5646714744569294
2018-08-08 16:54:00,-0.49518955245542884
2018-08-08 16:57:00,-0.4331213002015488
2018-08-08 17:00:00,-0.5433455566931684
2018-08-08 17:03:00,-0.48380804616562045
2018-08-08 17:06:00,-0.6047131069863099
2018-08-08 17:09:00,-0.4572120298881259
2018-08-08 17:12:00,-0.4999836937069517
2018-08-08 17:15:00,-0.4904607357394184
2018-08-08 17:18:00,-0.44844600552767133
2018-08-08 17:21:00,-0.5436217829573593
2018-08-08 17:24:00,-0.4681958391722105
2018-08-08 17:27:00,-0.5331181578877704
2018-08-08 17:30:00,-0.46632192683659923
2018-08-08 17:33:00,-0.4664417156545255
2018-08-08 17:36:00,-0.49054979111843977
2018-08-08 17:39:00,-0.5493775301679875
2018-08-08 17:42:00,-0.4380856556047661
2018-08-08 17:45:00,-0.4211141532089755
2018-08-08 17:48:00,-0.6055339040413514
2018-08-08 17:51:00,-0.5420035075272835
2018-08-08 17:54:00,-0.5739207038722611
2018-08-08 17:57:00,-0.511767142408246
2018-08-08 18:00:00,-0.5520926936611659
2018-08-08 18:03:00,-0.43326144441522274
2018-08-08 18:06:00,-0.5087539287852678
2018-08-08 18:09:00,-0.5474370971970757
2018-08-08 18:12:00,-0.5707245986041016
2018-08-08 18:15:00,-0.5434131209518114
2018-08-08 18:18:00,-0.4988186657992628
2018-08-08 18:21:00,-0.4842881558500949
2018-08-08 18:24:00,-0.5565772103756217
2018-08-08 18:27:00,-0.47739910116143847
2018-08-08 18:30:00,-0.5201633961940502
2018-08-08 18:33:00,-0.4373131413607325
2018-08-08 18:36:00,-0.43964871768491776
2018-08-08 18:39:00,-0.37180841518437546
2018-08-08 18:42:00,-0.34947975374785756
2018-08-08 18:45:00,-0.45095518024487546
2018-08-08 18:48:00,-0.40039312492268664
2018-08-08 18:51:00,-0.3658898928501344
2018-08-08 18:54:00,
2018-08-08 18:57:00,
2018-08-08 19:00:00,
2018-08-08 19:03:00,-0.3605609521041515
2018-08-08 19:06:00,-0.38528364108452706
2018-08-08 19:09:00,-0.36098333278829386
2018-08-08 19:12:00,-0.4143489674610805
2018-08-08 19:15:00,-0.40665257871393123
2018-08-08 19:18:00,-0.4863726967973889
2018-08-08 19:21:00,-0.35332858654641086
2018-08-08 19:24:00,-0.36974843744980035
2018-08-08 19:27:00,-0.3786738847254014
2018-08-08 19:30:00,-0.3443765219187753
2018-08-08 19:33:00,-0.4479497047418022
2018-08-08 19:36:00,-0.3639072079736252
2018-08-08 19:39:00,-0.3527603431649027
2018-08-08 19:42:00,-0.3125384075527222
2018-08-08 19:45:00,-0.3104338478402724
2018-08-08 19:48:00,-0.26042128722252755
2018-08-08 19:51:00,-0.26339964986686937
2018-08-08 19:54:00,-0.22567692993709443
2018-08-08 19:57:00,-0.17723807477437958
2018-08-08 20:00:00,-0.3222231791915533
2018-08-08 20:03:00,-0.24109136799870612
2018-08-08 20:06:00,-0.22286234752709788
2018-08-08 20:09:00,-0.2709248451507733
2018-08-08 20:12:00,-0.3274031277759377
2018-08-08 20:15:00,-0.11861634155678757
2018-08-08 20:18:00,-0.289347854054256
2018-08-08 20:21:00,-0.316432167072378
2018-08-08 20:24:00,-0.17500001232218665
2018-08-08 20:27:00,-0.4242075850629021
2018-08-08 20:30:00,-0.22755050953543332
2018-08-08 20:33:00,-0.2558164561102103
2018-08-08 20:36:00,-0.22727563913127824
2018-08-08 20:39:00,-0.22219849039049677
2018-08-08 20:42:00,-0.19256214038244934
2018-08-08 20:45:00,-0.23124572934989374
2018-08-08 20:48:00,-0.17928335129221296
2018-08-08 20:51:00,-0.21283066645213466
2018-08-08 20:54:00,-0.3101501085470204
2018-08-08 20:57:00,-0.2937737111047909
2018-08-08 21:00:00,-0.30551141106292334
2018-08-08 21:03:00,-0.25472040615818514
2018-08-08 21:06:00,-0.28102570931895343
2018-08-08 21:09:00,-0.2763547949891745
2018-08-08 21:12:00,-0.1888830907130341
2018-08-08 21:15:00,-0.3112904647526875
2018-08-08 21:18:00,-0.33944271295837325
2018-08-08 21:21:00,-0.1665627075956877
2018-08-08 21:24:00,-0.18584797337433656
2018-08-08 21:27:00,-0.22171334369073747
2018-08-08 21:30:00,-0.18699548443555614
2018-08-08 21:33:00,-0.24698468164905307
2018-08-08 21:36:00,-0.19480891572004566
2018-08-08 21:39:00,-0.23708719127927225
2018-08-08 21:42:00,-0.23965330361187398
2018-08-08 21:45:00,-0.34364254138165506
2018-08-08 21:48:00,-0.26620156521028093
2018-08-08 21:51:00,-0.2357072315659252
2018-08-08 21:54:00,-0.20604878066598076
2018-08-08 21:57:00,-0.26164043246063784
2018-08-08 22:00:00,-0.2131730385232231
2018-08-08 22:03:00,-0.21059064700688168
2018-08-08 22:06:00,-0.2098818022064961
2018-08-08 22:09:00,-0.23852798403333964
2018-08-08 22:12:00,-0.28642090700674316
2018-08-08 22:15:00,-0.2746581750304813
2018-08-08 22:18:00,-0.2636666081567114
2018-08-08 22:21:00,-0.1669378561555277
2018-08-08 22:24:00,-0.2580074875240257
2018-08-08 22:27:00,-0.2666994340101496
2018-08-08 22:30:00,-0.2640061294463294
2018-08-08 22:33:00,-0.20184588079320065
2018-08-08 22:36:00,-0.16094372952312597
2018-08-08 22:39:00,-0.20711657261779237
2018-08-08 22:42:00,-0.2502831036833868
2018-08-08 22:45:00,-0.19261051982169874
2018-08-08 22:48:00,-0.22888286411114223
2018-08-08 22:51:00,-0.1739361480369439
2018-08-08 22:54:00,-0.1859890273341307
2018-08-08 22:57:00,-0.15489492285774986
2018-08-08 23:00:00,-0.22113471501756976
2018-08-08 23:03:00,-0.11639139925267727
2018-08-08 23:06:00,-0.1599514270083091
2018-08-08 23:09:00,-0.17421190641260864
2018-08-08 23:12:00,-0.14691870946961672
2018-08-08 23:15:00,-0.1266575710400275
2018-08-08 23:18:00,-0.24804401581735647
2018-08-08 23:21:00,-0.1602824851768787
2018-08-08 23:24:00,-0.11624566527694924
2018-08-08 23:27:00,-0.1433912051973607
2018-08-08 23:30:00,-0.09421209789377372
2018-08-08 23:33:00,-0.26915952083135153
2018-08-08 23:36:00,-0.19039623340643175
2018-08-08 23:39:00,-0.31692312315226445
2018-08-08 23:42:00,-0.19291988190144593
2018-08-08 23:45:00,-0.22889117421738092
2018-08-08 23:48:00,-0.2830874520241764
2018-08-08 23:51:00,-0.30283485747662553
2018-08-08 23:54:00,-0.25674318332613666
2018-08-08 23:57:00,-0.1396526417190671
2018-08-09 00:00:00,-0.0719976345798159
2018-08-09 00:03:00,-0.13048366712240522
2018-08-09 00:06:00,-0.17461999089044866
2018-08-09 00:09:00,-0.2090430220926578
2018-08-09 00:12:00,-0.010906561766546474
2018-08-09 00:15:00,-0.09581186760891569
2018-08-09 00:18:00,-0.05629831237081362
2018-08-09 00:21:00,-0.19719393909906557
2018-08-09 00:24:00,-0.033556682884125166
2018-08-09 00:27:00,-0.09740408176520532
2018-08-09 00:30:00,-0.12538143935057633
2018-08-09 00:33:00,-0.05603050844348445
2018-08-09 00:36:00,-0.048788746628474655
2018-08-09 00:39:00,-0.10740469595231161
2018-08-09 00:42:00,-0.11290028314863321
2018-08-09 00:45:00,-0.10362478358723592
2018-08-09 00:48:00,-0.023298703703858337
2018-08-09 00:51:00,-0.09299489797814431
2018-08-09 00:54:00,-0.033113254793818214
2018-08-09 00:57:00,-0.1631245195445672
2018-08-09 01:00:00,-0.12249662081109136
2018-08-09 01:03:00,-0.09977167678266596
2018-08-09 01:06:00,-0.13071578591598154
2018-08-09 01:09:00,-0.001463776890545887
2018-08-09 01:12:00,0.05641153311404423
2018-08-09 01:15:00,-0.057076035941065584
2018-08-09 01:18:00,0.01819756398725758
2018-08-09 01:21:00,0.03838499644359672
2018-08-09 01:24:00,0.0023275723045230734
2018-08-09 01:27:00,0.0161247847767072
2018-08-09 01:30:00,0.11908954558197138
2018-08-09 01:33:00,0.006286477714127159
2018-08-09 01:36:00,0.09658924834741356
2018-08-09 01:39:00,0.07111025431026974
2018-08-09 01:42:00,0.08984279441477838
2018-08-09 01:45:00,0.047313166108949645
2018-08-09 01:48:00,0.06828474246890437
2018-08-09 01:51:00,0.056878828595870345
2018-08-09 01:54:00,0.13870332843447386
2018-08-09 01:57:00,0.10607969598760292
2018-08-09 02:00:00,0.03874164908410194
2018-08-09 02:03:00,0.019300483872086716
2018-08-09 02:06:00,0.06666839030856408
2018-08-09 02:09:00,0.1257772845676186
2018-08-09 02:12:00,0.11251271563548926
2018-08-09 02:15:00,0.1257757462342397
2018-08-09 02:18:00,0.11902533458703601
2018-08-09 02:21:00,0.09036454741669786
2018-08-09 02:24:00,0.05033827423665116
2018-08-09 02:27:00,0.06473989711685135
2018-08-09 02:30:00,0.10927787852648407
2018-08-09 02:33:00,0.05820279734740552
2018-08-09 02:36:00,0.050394249977273375
2018-08-09 02:39:00,0.03825538133662576
2018-08-09 02:42:00,0.09724029590847749
2018-08-09 02:45:00,0.03437517486844399
2018-08-09 02:48:00,0.07424422757429738
2018-08-09 02:51:00,0.1493760385673113
2018-08-09 02:54:00,0.09349436787607601
2018-08-09 02:57:00,-0.037747331688876784
2018-08-09 03:00:00,0.09079891212508073
2018-08-09 03:03:00,0.1444870830617333
2018-08-09 03:06:00,0.13732430391945627
2018-08-09 03:09:00,0.14262112738276755
2018-08-09 03:12:00,0.1271129902209509
2018-08-09 03:15:00,0.030171631099165097
2018-08-09 03:18:00,0.046697374393488644
2018-08-09 03:21:00,0.047748270954912186
2018-08-09 03:24:00,0.053581904341285735
2018-08-09 03:27:00,0.15760299634325747
2018-08-09 03:30:00,0.07023127329796353
2018-08-09 03:33:00,0.039903127233799296
2018-08-09 03:36:00,0.04114632081183345
2018-08-09 03:39:00,0.09265079057968251
2018-08-09 03:42:00,0.1241551273479331
2018-08-09 03:45:00,0.10814589923984386
2018-08-09 03:48:00,0.05411648799145041
2018-08-09 03:51:00,0.12434083582809308
2018-08-09 03:54:00,0.16254156526576935
2018-08-09 03:57:00,0.10091417528428792
2018-08-09 04:00:00,0.10667175285504982
2018-08-09 04:03:00,0.04715686372469463
2018-08-09 04:06:00,0.0052766026162771595
2018-08-09 04:09:00,0.05371204742186819
2018-08-09 04:12:00,0.047086711364215716
2018-08-09 04:15:00,0.006087503882497458
2018-08-09 04:18:00,0.0702080050716063
2018-08-09 04:21:00,0.1361506673375743
2018-08-09 04:24:00,0.12346067336602573
2018-08-09 04:27:00,0.10741591755680702
2018-08-09 04:30:00,0.14693199692419512
2018-08-09 04:33:00,0.02284716829478839
2018-08-09 04:36:00,0.029038039131080495
2018-08-09 04:39:00,0.06219026158004226
2018-08-09 04:42:00,-0.016908804513207087
2018-08-09 04:45:00,0.028567008146808348
2018-08-09 04:48:00,-0.005189451963474312
2018-08-09 04:51:00,0.009974569430994507
2018-08-09 04:54:00,0.009946712849114192
2018-08-09 04:57:00,-0.003659156157596044
2018-08-09 05:00:00,0.01862865269077929
2018-08-09 05:03:00,-0.003721638460376653
2018-08-09 05:06:00,0.04016706958452687
2018-08-09 05:09:00,-0.017558219464547165
2018-08-09 05:12:00,0.04314121989830255
2018-08-09 05:15:00,-0.013336076019754728
2018-08-09 05:18:00,0.037487965797993184
2018-08-09 05:21:00,0.08690364651403115
2018-08-09 05:24:00,-0.0007152240428354162
2018-08-09 05:27:00,0.03213603765522066
2018-08-09 05:30:00,-0.004785318981248565
2018-08-09 05:33:00,0.08168477669573804
2018-08-09 05:36:00,0.0500296352607279
2018-08-09 05:39:00,0.003326623965449471
2018-08-09 05:42:00,0.03827335219273209
2018-08-09 05:45:00,0.1367392355743391
2018-08-09 05:48:00,0.07011153172396689
2018-08-09 05:51:00,-0.006409679626472098
2018-08-09 05:54:00,-0.0188856367259973
2018-08-09 05:57:00,0.09916406421007196
2018-08-09 06:00:00,-0.04181707348521968
2018-08-09 06:03:00,0.03466590163048977
2018-08-09 06:06:00,-0.11816004572619931
2018-08-09 06:09:00,0.0397810825995748
2018-08-09 06:12:00,0.04040104305846626
2018-08-09 06:15:00,-0.043964491052690846
2018-08-09 06:18:00,0.0220844659628483
2018-08-09 06:21:00,0.04629687889581646
2018-08-09 06:24:00,0.007326341610564668
2018-08-09 06:27:00,0.035815657768296205
2018-08-09 06:30:00,0.035288522821645074
2018-08-09 06:33:00,0.02442937678756607
2018-08-09 06:36:00,-0.012655982271724042
2018-08-09 06:39:00,0.031421140276506776
2018-08-09 06:42:00,0.016327013021111725
2018-08-09 06:45:00,-0.02674072999263899
2018-08-09 06:48:00,0.0476296611754492
2018-08-09 06:51:00,0.05366408597711825
2018-08-09 06:54:00,0.06571568571450825
2018-08-09 06:57:00,0.012148164730831468
2018-08-09 07:00:00,0.02093331406035759
2018-08-09 07:03:00,0.016929109287787014
2018-08-09 07:06:00,0.021505552132282446
2018-08-09 07:09:00,0.003755800738929338
2018-08-09 07:12:00,0.041712119057422115
2018-08-09 07:15:00,0.017029193756513905
2018-08-09 07:18:00,0.013240265188869671
2018-08-09 07:21:00,0.05412432609392681
2018-08-09 07:24:00,0.010620591362737741
2018-08-09 07:27:00,-0.08225888491824662
2018-08-09 07:30:00,-0.1053420067269144
2018-08-09 07:33:00,0.01417556184787827
2018-08-09 07:36:00,-0.039038991705183435
2018-08-09 07:39:00,-0.031095942900833506
2018-08-09 07:42:00,-0.046306824581279216
2018-08-09 07:45:00,-0.12942823724858954
2018-08-09 07:48:00,-0.0866025848456502
2018-08-09 07:51:00,-0.0263746553610531
2018-08-09 07:54:00,-0.07600181184363919
2018-08-09 07:57:00,-0.028752753852074875
2018-08-09 08:00:00,0.026668672062555743
2018-08-09 08:03:00,-0.10013906426092944
2018-08-09 08:06:00,-0.08996039307072579
2018-08-09 08:09:00,-0.13760708712447922
2018-08-09 08:12:00,-0.10031724506688988
2018-08-09 08:15:00,-0.09979716817395001
2018-08-09 08:18:00,-0.09093295966692949
2018-08-09 08:21:00,-0.12244308489749756
2018-08-09 08:24:00,-0.12891569919298718
2018-08-09 08:27:00,-0.1775856138927452
2018-08-09 08:30:00,-0.1679733718659122
2018-08-09 08:33:00,-0.10389733279561142
2018-08-09 08:36:00,-0.1824623346734029
2018-08-09 08:39:00,-0.19854200666139832
2018-08-09 08:42:00,-0.19295549715150173
2018-08-09 08:45:00,-0.3134583524736172
2018-08-09 08:48:00,-0.2035493704636906
2018-08-09 08:51:00,-0.22213031569992836
2018-08-09 08:54:00,-0.1865080326783186
2018-08-09 08:57:00,-0.2192788839890909
2018-08-09 09:00:00,-0.2372770326159639
2018-08-09 09:03:00,-0.3621398666825826
2018-08-09 09:06:00,-0.3199408523341276
2018-08-09 09:09:00,-0.2942984006161282
2018-08-09 09:12:00,-0.3076319462168726
2018-08-09 09:15:00,-0.3104279351726973
2018-08-09 09:18:00,-0.3613946732766067
2018-08-09 09:21:00,-0.29041248695546074
2018-08-09 09:24:00,-0.37619481282303013
2018-08-09 09:27:00,-0.31973672284567556
2018-08-09 09:30:00,-0.3261308912244658
2018-08-09 09:33:00,-0.2505434228897343
2018-08-09 09:36:00,-0.3257353058657486
2018-08-09 09:39:00,-0.33084256815448043
2018-08-09 09:42:00,-0.32346061705050033
2018-08-09 09:45:00,-0.31489390618980906
2018-08-09 09:48:00,-0.33172348986511224
2018-08-09 09:51:00,-0.3065488743954461
2018-08-09 09:54:00,-0.34371804599595634
2018-08-09 09:57:00,-0.3736876018975863
2018-08-09 10:00:00,-0.39465421793022415
2018-08-09 10:03:00,-0.36935283804717756
2018-08-09 10:06:00,-0.34528541222022113
2018-08-09 10:09:00,-0.3832675734303166
2018-08-09 10:12:00,-0.4676582475984219
2018-08-09 10:15:00,-0.42190438357954463
2018-08-09 10:18:00,-0.3177405940614335
2018-08-09 10:21:00,-0.5013985572479669
2018-08-09 10:24:00,-0.3656867219671085
2018-08-09 10:27:00,-0.46549821622329546
2018-08-09 10:30:00,-0.31160146457193605
2018-08-09 10:33:00,-0.4599082108631478
2018-08-09 10:36:00,-0.4421473817222932
2018-08-09 10:39:00,-0.5080458925566518
2018-08-09 10:42:00,-0.43990723033869017
2018-08-09 10:45:00,-0.46823466671730785
2018-08-09 10:48:00,-0.4943699728556794
2018-08-09 10:51:00,-0.5473394406047873
2018-08-09 10:54:00,-0.46194707129342305
2018-08-09 10:57:00,-0.5026385271629579
2018-08-09 11:00:00,-0.675168866176648
2018-08-09 11:03:00,-0.6207694938482291
2018-08-09 11:06:00,-0.4471016343076144
2018-08-09 11:09:00,-0.4431412343989223
2018-08-09 11:12:00,-0.36917457236216933
2018-08-09 11:15:00,-0.3993916497755663
2018-08-09 11:18:00,-0.41807670380416084
2018-08-09 11:21:00,-0.4302290275660994
2018-08-09 11:24:00,-0.45362790978458634
2018-08-09 11:27:00,-0.5319754648917865
2018-08-09 11:30:00,-0.3666993721025733
2018-08-09 11:33:00,-0.43190541598028176
2018-08-09 11:36:00,-0.5783883942098669
2018-08-09 11:39:00,-0.6536008641718922
2018-08-09 11:42:00,-0.5704899833813784
2018-08-09 11:45:00,-0.5057901005885697
2018-08-09 11:48:00,-0.49566777915367766
2018-08-09 11:51:00,-0.553648394628226
2018-08-09 11:54:00,-0.5572482356403725
2018-08-09 11:57:00,-0.5005718009568909
2018-08-09 12:00:00,-0.48567173080658677
2018-08-09 12:03:00,-0.5077649574300267
2018-08-09 12:06:00,-0.43594762912653096
2018-08-09 12:09:00,-0.5183433257469687
2018-08-09 12:12:00,-0.4933647925708442
2018-08-09 12:15:00,-0.4492355566516153
2018-08-09 12:18:00,-0.5463942417069916
2018-08-09 12:21:00,-0.6338392345020907
2018-08-09 12:24:00,-0.7045906236890005
2018-08-09 12:27:00,-0.5558458517284066
2018-08-09 12:30:00,-0.5709897828543262
2018-08-09 12:33:00,-0.5074587776757653
2018-08-09 12:36:00,-0.4494333642431343
2018-08-09 12:39:00,-0.5528596989977927
2018-08-09 12:42:00,-0.6333183433047793
2018-08-09 12:45:00,-0.5260343699046075
2018-08-09 12:48:00,-0.5339536800519795
2018-08-09 12:51:00,-0.6473258135856668
2018-08-09 12:54:00,-0.5939916546672066
2018-08-09 12:57:00,-0.6228291337623659
2018-08-09 13:00:00,-0.6230669517497063
2018-08-09 13:03:00,-0.5695299678670835
2018-08-09 13:06:00,-0.4897230950625726
2018-08-09 13:09:00,-0.49375805458595323
2018-08-09 13:12:00,-0.5911906306502033
2018-08-09 13:15:00,-0.5643159771192927
2018-08-09 13:18:00,-0.6082972217646443
2018-08-09 13:21:00,-0.5258693376843553
2018-08-09 13:24:00,-0.5781661890029
2018-08-09 13:27:00,-0.62513787382386
2018-08-09 13:30:00,-0.5728504729553947
2018-08-09 13:33:00,-0.6125383024481721
2018-08-09 13:36:00,-0.5234393299061821
2018-08-09 13:39:00,-0.5057881426408244
2018-08-09 13:42:00,-0.5432328668509285
2018-08-09 13:45:00,-0.5355761320984129
2018-08-09 13:48:00,-0.6575877029616208
2018-08-09 13:51:00,-0.6538993689813424
2018-08-09 13:54:00,-0.5312615675108532
2018-08-09 13:57:00,-0.5180419854610818
2018-08-09 14:00:00,-0.6098950334148299
2018-08-09 14:03:00,-0.4812429343915028
2018-08-09 14:06:00,-0.5420102735758974
2018-08-09 14:09:00,-0.6134405566589294
2018-08-09 14:12:00,-0.5505461808850782
2018-08-09 14:15:00,-0.5583754746714931
2018-08-09 14:18:00,-0.6204803675814787
2018-08-09 14:21:00,-0.581514270466414
2018-08-09 14:24:00,-0.5951605663647683
2018-08-09 14:27:00,-0.5719967962378405
2018-08-09 14:30:00,-0.5369654754163662
2018-08-09 14:33:00,-0.41647842498753107
2018-08-09 14:36:00,-0.6065313490669837
2018-08-09 14:39:00,-0.5494327495090374
2018-08-09 14:42:00,-0.6070133248824163
2018-08-09 14:45:00,-0.42162605559383337
2018-08-09 14:48:00,-0.4285093162634439
2018-08-09 14:51:00,-0.430516667583845
2018-08-09 14:54:00,-0.5250932230687795
2018-08-09 14:57:00,-0.4689754530814412
2018-08-09 15:00:00,-0.19525378520188497
2018-08-09 15:03:00,-0.4728113022355842
2018-08-09 15:06:00,-0.5614952768831927
2018-08-09 15:09:00,-0.4625427442866794
2018-08-09 15:12:00,-0.720682522432071
2018-08-09 15:15:00,-0.5844175749132887
2018-08-09 15:18:00,-0.6528538082026216
2018-08-09 15:21:00,-0.604099895295235
2018-08-09 15:24:00,-0.6045579780503658
2018-08-09 15:27:00,-0.5891261330573343
2018-08-09 15:30:00,-0.6422182789513045
2018-08-09 15:33:00,-0.5278602779532093
2018-08-09 15:36:00,-0.5797244278516587
2018-08-09 15:39:00,-0.6046816703006357
2018-08-09 15:42:00,-0.7096654360244656
2018-08-09 15:45:00,-0.6626794109315028
2018-08-09 15:48:00,-0.5100024938599859
2018-08-09 15:51:00,-0.6051400981925781
2018-08-09 15:54:00,-0.5508177139872714
2018-08-09 15:57:00,-0.47686730236091535
2018-08-09 16:00:00,-0.4626280139650589
2018-08-09 16:03:00,-0.47977926227645185
2018-08-09 16:06:00,-0.46117012408700475
2018-08-09 16:09:00,-0.4734972290835344
2018-08-09 16:12:00,-0.4260620281042975
2018-08-09 16:15:00,-0.5961209534049203
2018-08-09 16:18:00,-0.5192485290400555
2018-08-09 16:21:00,-0.4547138908149577
2018-08-09 16:24:00,-0.528659726623232
2018-08-09 16:27:00,-0.4469633796607013
2018-08-09 16:30:00,-0.5128240908484827
2018-08-09 16:33:00,-0.5114862071953894
2018-08-09 16:36:00,-0.5126895457471505
2018-08-09 16:39:00,-0.4925384175500085
2018-08-09 16:42:00,-0.4802978661369366
2018-08-09 16:45:00,-0.4733505937731479
2018-08-09 16:48:00,-0.3986161716204606
2018-08-09 16:51:00,-0.39151311319011484
2018-08-09 16:54:00,-0.5079467601194665
2018-08-09 16:57:00,-0.45892740939501664
2018-08-09 17:00:00,-0.35748537391356194
2018-08-09 17:03:00,-0.45178813745371826
2018-08-09 17:06:00,-0.4789915381597325
2018-08-09 17:09:00,-0.4438548281802923
2018-08-09 17:12:00,-0.42679783992531384
2018-08-09 17:15:00,-0.35011899327514584
2018-08-09 17:18:00,-0.4261623640634866
2018-08-09 17:21:00,-0.31006505575049914
2018-08-09 17:24:00,-0.33727838435305557
2018-08-09 17:27:00,-0.42495213592519576
2018-08-09 17:30:00,-0.2516459258449686
2018-08-09 17:33:00,-0.3575291660729363
2018-08-09 17:36:00,-0.3929173900099272
2018-08-09 17:39:00,-0.34449427022047985
2018-08-09 17:42:00,-0.42218796640901246
2018-08-09 17:45:00,-0.3528602604104094
2018-08-09 17:48:00,-0.36481184343676887
2018-08-09 17:51:00,-0.3397330038511086
2018-08-09 17:54:00,-0.36244940707479145
2018-08-09 17:57:00,-0.33166955740711046
2018-08-09 18:00:00,-0.2903796289636489
2018-08-09 18:03:00,-0.43232543601538964
2018-08-09 18:06:00,-0.42834133097966287
2018-08-09 18:09:00,-0.414362223380067
2018-08-09 18:12:00,-0.4113948831363814
2018-08-09 18:15:00,-0.4193893206258963
2018-08-09 18:18:00,-0.49642080779511844
2018-08-09 18:21:00,-0.3642855072989164
2018-08-09 18:24:00,-0.39626517976097375
2018-08-09 18:27:00,-0.2824912338765557
2018-08-09 18:30:00,-0.42919404189376564
2018-08-09 18:33:00,-0.4032362466452355
2018-08-09 18:36:00,-0.4574892956917438
2018-08-09 18:39:00,-0.4651034693916358
2018-08-09 18:42:00,-0.36575871030487406
2018-08-09 18:45:00,-0.2993186184894512
2018-08-09 18:48:00,-0.3576078047265696
2018-08-09 18:51:00,-0.3321048655383265
2018-08-09 18:54:00,-0.251278913268834
2018-08-09 18:57:00,
2018-08-09 19:00:00,
2018-08-09 19:03:00,-0.2456385329094246
2018-08-09 19:06:00,-0.2687748944180157
2018-08-09 19:09:00,-0.26463106610606246
2018-08-09 19:12:00,-0.3071626602854849
2018-08-09 19:15:00,-0.2758176850108498
2018-08-09 19:18:00,-0.27579650717922277
2018-08-09 19:21:00,-0.265038708883651
2018-08-09 19:24:00,-0.12939209601188395
2018-08-09 19:27:00,-0.25700553008789484
2018-08-09 19:30:00,-0.2310448700550296
2018-08-09 19:33:00,-0.21937114991033013
2018-08-09 19:36:00,-0.15497384803404657
2018-08-09 19:39:00,-0.1629118085682535
2018-08-09 19:42:00,-0.15388604212597556
2018-08-09 19:45:00,-0.2144919498361446
2018-08-09 19:48:00,-0.27688002685874835
2018-08-09 19:51:00,-0.31428857470251614
2018-08-09 19:54:00,-0.2484778003847623
2018-08-09 19:57:00,-0.4407184927936214
2018-08-09 20:00:00,-0.3109224958213872
2018-08-09 20:03:00,-0.38085277484344715
2018-08-09 20:06:00,-0.3262915743164285
2018-08-09 20:09:00,-0.36030621676775354
2018-08-09 20:12:00,-0.2804356871445748
2018-08-09 20:15:00,-0.2891361093145406
2018-08-09 20:18:00,-0.2770718412847941
2018-08-09 20:21:00,-0.24922223658819576
2018-08-09 20:24:00,-0.26815533166308114
2018-08-09 20:27:00,-0.32497259236032505
2018-08-09 20:30:00,-0.2996555119075879
2018-08-09 20:33:00,-0.30625260003404264
2018-08-09 20:36:00,-0.17541217455550395
2018-08-09 20:39:00,-0.11800987787898976
2018-08-09 20:42:00,-0.22196765159412735
2018-08-09 20:45:00,-0.2705874241733568
2018-08-09 20:48:00,-0.1948896505296034
2018-08-09 20:51:00,-0.256833727074536
2018-08-09 20:54:00,-0.2285649593591188
2018-08-09 20:57:00,-0.32544714971328403
2018-08-09 21:00:00,-0.2830999254416042
2018-08-09 21:03:00,-0.27591545506453485
2018-08-09 21:06:00,-0.2779160934981064
2018-08-09 21:09:00,-0.2066054906835575
2018-08-09 21:12:00,-0.2885972099832088
2018-08-09 21:15:00,-0.27366428046371993
2018-08-09 21:18:00,-0.28986628187004726
2018-08-09 21:21:00,-0.3629039703652097
2018-08-09 21:24:00,-0.3106123094478903
2018-08-09 21:27:00,-0.29926670434605285
2018-08-09 21:30:00,-0.24698811490316075
2018-08-09 21:33:00,-0.2927343086505516
2018-08-09 21:36:00,-0.15685977477721735
2018-08-09 21:39:00,-0.25227364358119075
2018-08-09 21:42:00,-0.16369024047702396
2018-08-09 21:45:00,-0.228401282490438
2018-08-09 21:48:00,-0.3137074939077138
2018-08-09 21:51:00,-0.2112945887257638
2018-08-09 21:54:00,-0.17785287231117763
2018-08-09 21:57:00,-0.20259590158730134
2018-08-09 22:00:00,-0.25050584538797693
2018-08-09 22:03:00,-0.2591385856430293
2018-08-09 22:06:00,-0.20891338943528126
2018-08-09 22:09:00,-0.15953510746635402
2018-08-09 22:12:00,-0.1279257887890708
2018-08-09 22:15:00,-0.1718786981507492
2018-08-09 22:18:00,-0.22820091949625976
2018-08-09 22:21:00,-0.21168741850209472
2018-08-09 22:24:00,-0.158219122093044
2018-08-09 22:27:00,-0.17252270508703305
2018-08-09 22:30:00,-0.15630453908232766
2018-08-09 22:33:00,-0.1440555076899841
2018-08-09 22:36:00,-0.19601506385265566
2018-08-09 22:39:00,-0.3453355828240774
2018-08-09 22:42:00,-0.2031823520687226
2018-08-09 22:45:00,-0.1199860691240815
2018-08-09 22:48:00,-0.17265073124275432
2018-08-09 22:51:00,-0.07322064825223151
2018-08-09 22:54:00,-0.19556877730559563
2018-08-09 22:57:00,-0.082178219265586
2018-08-09 23:00:00,-0.04909468088197855
2018-08-09 23:03:00,-0.01579251940273707
2018-08-09 23:06:00,-0.13088634846263858
2018-08-09 23:09:00,-0.1436357446374359
2018-08-09 23:12:00,-0.16467116008726634
2018-08-09 23:15:00,-0.14264922273378033
2018-08-09 23:18:00,-0.1683778140821346
2018-08-09 23:21:00,-0.11720564682974555
2018-08-09 23:24:00,-0.10410442673236275
2018-08-09 23:27:00,-0.18950321441121787
2018-08-09 23:30:00,-0.10609437848080461
2018-08-09 23:33:00,-0.15393448620341132
2018-08-09 23:36:00,-0.1919894681821006
2018-08-09 23:39:00,-0.2421537499484998
2018-08-09 23:42:00,-0.06896170297318349
2018-08-09 23:45:00,-0.14540887550498383
2018-08-09 23:48:00,-0.09402557098485431
2018-08-09 23:51:00,-0.14575635778550122
2018-08-09 23:54:00,-0.12402389889894039
2018-08-09 23:57:00,-0.013515872020946063
2018-08-10 00:00:00,-0.17773973944360932
2018-08-10 00:03:00,-0.15463679260386698
2018-08-10 00:06:00,-0.14813658331780744
2018-08-10 00:09:00,-0.1743764674510544
2018-08-10 00:12:00,-0.16891662183292055
2018-08-10 00:15:00,-0.12458815982290616
2018-08-10 00:18:00,-0.19984102902975565
2018-08-10 00:21:00,-0.18602453990445156
2018-08-10 00:24:00,-0.1222005411358964
2018-08-10 00:27:00,-0.110665887829839
2018-08-10 00:30:00,-0.15961087551823994
2018-08-10 00:33:00,-0.15386398708204752
2018-08-10 00:36:00,-0.014989927070587328
2018-08-10 00:39:00,-0.1063076855995746
2018-08-10 00:42:00,-0.011165055428079995
2018-08-10 00:45:00,-0.13726156018810798
2018-08-10 00:48:00,-0.0116517376613956
2018-08-10 00:51:00,-0.08886710831910705
2018-08-10 00:54:00,-0.03716488690247388
2018-08-10 00:57:00,-0.0615284543758321
2018-08-10 01:00:00,-0.09990653656001314
2018-08-10 01:03:00,-0.010708352834740253
2018-08-10 01:06:00,-0.10509742257573862
2018-08-10 01:09:00,-0.08425809903218351
2018-08-10 01:12:00,-0.0757288704442658
2018-08-10 01:15:00,-0.07756476694027015
2018-08-10 01:18:00,-0.1328229340240341
2018-08-10 01:21:00,-0.019575247982800192
2018-08-10 01:24:00,-0.029158988061965374
2018-08-10 01:27:00,-0.08647455472299725
2018-08-10 01:30:00,-0.06145340749105799
2018-08-10 01:33:00,-0.10856227823825293
2018-08-10 01:36:00,0.054455799758329704
2018-08-10 01:39:00,-0.07271772726033987
2018-08-10 01:42:00,-0.005793178401006571
2018-08-10 01:45:00,-0.021517613851244732
2018-08-10 01:48:00,0.05160571444633888
2018-08-10 01:51:00,-0.11416568744698452
2018-08-10 01:54:00,-0.03367796701883208
2018-08-10 01:57:00,-0.020281078718085155
2018-08-10 02:00:00,0.05779620997753909
2018-08-10 02:03:00,0.09614876832961272
2018-08-10 02:06:00,0.020900959767061522
2018-08-10 02:09:00,0.029463079699496575
2018-08-10 02:12:00,0.08002296858671798
2018-08-10 02:15:00,0.01892554788094003
2018-08-10 02:18:00,-0.04660925319467424
2018-08-10 02:21:00,0.0699034314602045
2018-08-10 02:24:00,0.10958136637771076
2018-08-10 02:27:00,0.06424995972537317
2018-08-10 02:30:00,0.05145893788107969
2018-08-10 02:33:00,0.0739859210767122
2018-08-10 02:36:00,0.14403946224678066
2018-08-10 02:39:00,0.12287377252715714
2018-08-10 02:42:00,0.0207372672581414
2018-08-10 02:45:00,0.12362874135811808
2018-08-10 02:48:00,0.08842800894984748
2018-08-10 02:51:00,0.10212856913710766
2018-08-10 02:54:00,0.05217647519293678
2018-08-10 02:57:00,0.07626001266794447
2018-08-10 03:00:00,0.1108651438686934
2018-08-10 03:03:00,0.08155078261808058
2018-08-10 03:06:00,0.020811500953698214
2018-08-10 03:09:00,-0.0016165551471658546
2018-08-10 03:12:00,0.0034970875255453393
2018-08-10 03:15:00,0.07447594090803022
2018-08-10 03:18:00,0.05215891978258469
2018-08-10 03:21:00,0.02951802861628039
2018-08-10 03:24:00,0.030205801370073004
2018-08-10 03:27:00,0.08348871512004052
2018-08-10 03:30:00,0.19973160516440203
2018-08-10 03:33:00,0.21321426836726687
2018-08-10 03:36:00,0.07967573737875
2018-08-10 03:39:00,0.10676121449421316
2018-08-10 03:42:00,0.08224622025522876
2018-08-10 03:45:00,0.15410262511130668
2018-08-10 03:48:00,0.11586925601545772
2018-08-10 03:51:00,0.14132744334841618
2018-08-10 03:54:00,0.11451785571875917
2018-08-10 03:57:00,0.06947040350081579
2018-08-10 04:00:00,0.08034634574795518
2018-08-10 04:03:00,0.12206859628440725
2018-08-10 04:06:00,0.13061773716503922
2018-08-10 04:09:00,0.10560372045972599
2018-08-10 04:12:00,0.19713276765872934
2018-08-10 04:15:00,0.19859953011956577
2018-08-10 04:18:00,0.15521382420655527
2018-08-10 04:21:00,0.1288578581502975
2018-08-10 04:24:00,0.1697358961494615
2018-08-10 04:27:00,0.137066711838429
2018-08-10 04:30:00,0.15696229189040878
2018-08-10 04:33:00,0.19844445849395242
2018-08-10 04:36:00,0.18373588408587693
2018-08-10 04:39:00,0.19839627163855766
2018-08-10 04:42:00,0.21306274452774687
2018-08-10 04:45:00,0.2898056232639874
2018-08-10 04:48:00,0.22871925586821362
2018-08-10 04:51:00,0.1683795527607117
2018-08-10 04:54:00,0.1701128771106255
2018-08-10 04:57:00,0.342513626321022
2018-08-10 05:00:00,0.17182441292266049
2018-08-10 05:03:00,0.16397797702046546
2018-08-10 05:06:00,0.2306861930438231
2018-08-10 05:09:00,0.15683115449814977
2018-08-10 05:12:00,0.20268836455005612
2018-08-10 05:15:00,0.25125276095491245
2018-08-10 05:18:00,0.26042258118155814
2018-08-10 05:21:00,0.31729955447571
2018-08-10 05:24:00,0.1952818742441309
2018-08-10 05:27:00,0.3063119273178927
2018-08-10 05:30:00,0.14699805595915905
2018-08-10 05:33:00,0.18116424786342122
2018-08-10 05:36:00,0.16548909438148485
2018-08-10 05:39:00,0.17980472669688652
2018-08-10 05:42:00,0.2142995910997456
2018-08-10 05:45:00,0.2949747092544044
2018-08-10 05:48:00,0.2103700705967526
2018-08-10 05:51:00,0.2593948752626716
2018-08-10 05:54:00,0.2992181544542518
2018-08-10 05:57:00,0.287305560443599
2018-08-10 06:00:00,0.34671801926771195
2018-08-10 06:03:00,0.2556089617804673
2018-08-10 06:06:00,0.263142130521544
2018-08-10 06:09:00,0.33223375955356005
2018-08-10 06:12:00,0.2685820156941645
2018-08-10 06:15:00,0.2493894953814788
2018-08-10 06:18:00,0.35100566607854944
2018-08-10 06:21:00,0.3354200156704792
2018-08-10 06:24:00,0.20014298379447837
2018-08-10 06:27:00,0.18261071128631556
2018-08-10 06:30:00,0.2825888690024385
2018-08-10 06:33:00,0.32309546154732516
2018-08-10 06:36:00,0.4022419244927846
2018-08-10 06:39:00,0.30752515110373224
2018-08-10 06:42:00,0.26541119002394
2018-08-10 06:45:00,0.28210139536730594
2018-08-10 06:48:00,0.25247988620367323
2018-08-10 06:51:00,0.301922679323809
2018-08-10 06:54:00,0.32026812780571845
2018-08-10 06:57:00,0.3836435511569789
2018-08-10 07:00:00,0.32011060148852266
2018-08-10 07:03:00,0.24106373819643068
2018-08-10 07:06:00,0.25823853365812965
2018-08-10 07:09:00,0.34803237591398783
2018-08-10 07:12:00,0.283787601083759
2018-08-10 07:15:00,0.25119868673681367
2018-08-10 07:18:00,0.19561970338821766
2018-08-10 07:21:00,0.2512789983102266
2018-08-10 07:24:00,0.20837733889862875
2018-08-10 07:27:00,0.22768339363824452
2018-08-10 07:30:00,0.2637609494133244
2018-08-10 07:33:00,0.22823797821757807
2018-08-10 07:36:00,0.1890600857885829
2018-08-10 07:39:00,0.2653484011438536
2018-08-10 07:42:00,0.19814863827951967
2018-08-10 07:45:00,0.25374335132403303
2018-08-10 07:48:00,0.2051709058250708
2018-08-10 07:51:00,0.1278728148924415
2018-08-10 07:54:00,0.00151670057755382
2018-08-10 07:57:00,0.12399628939863305
2018-08-10 08:00:00,0.2032079980248227
2018-08-10 08:03:00,0.024692612204262332
2018-08-10 08:06:00,0.042474859255548836
2018-08-10 08:09:00,-0.048267636358048094
2018-08-10 08:12:00,0.07349282734281815
2018-08-10 08:15:00,0.04989307753112371
2018-08-10 08:18:00,0.016499714183282777
2018-08-10 08:21:00,0.04247663830687998
2018-08-10 08:24:00,-0.00012070669703234671
2018-08-10 08:27:00,0.01060688221093642
2018-08-10 08:30:00,-0.105667002313794
2018-08-10 08:33:00,-0.04712326813529444
2018-08-10 08:36:00,-0.16724048977926032
2018-08-10 08:39:00,-0.28163547352812657
2018-08-10 08:42:00,-0.18345508922254794
2018-08-10 08:45:00,-0.19365788943810003
2018-08-10 08:48:00,-0.08124261881403072
2018-08-10 08:51:00,-0.18363630721751178
2018-08-10 08:54:00,-0.21451556811746286
2018-08-10 08:57:00,-0.23463780399873713
2018-08-10 09:00:00,-0.2269755136218805
2018-08-10 09:03:00,-0.2497377027243033
2018-08-10 09:06:00,-0.22472458520564942
2018-08-10 09:09:00,-0.18977866675459154
2018-08-10 09:12:00,-0.25130589505027956
2018-08-10 09:15:00,-0.23869814494929642
2018-08-10 09:18:00,-0.14425861379112348
2018-08-10 09:21:00,-0.21172299164584274
2018-08-10 09:24:00,-0.26409231548069556
2018-08-10 09:27:00,-0.23477634286200555
2018-08-10 09:30:00,-0.23826500775965087
2018-08-10 09:33:00,-0.22984717686409795
2018-08-10 09:36:00,-0.28780562571802193
2018-08-10 09:39:00,-0.3800655906421184
2018-08-10 09:42:00,-0.3268087713371983
2018-08-10 09:45:00,-0.31592627698182696
2018-08-10 09:48:00,-0.38558380867181086
2018-08-10 09:51:00,-0.20176954394605673
2018-08-10 09:54:00,-0.40586739599604016
2018-08-10 09:57:00,-0.3859668519528441
2018-08-10 10:00:00,-0.2680481122616811
2018-08-10 10:03:00,-0.3715067279619575
2018-08-10 10:06:00,-0.2932035719989017
2018-08-10 10:09:00,-0.31606488995538484
2018-08-10 10:12:00,-0.3269880570731516
2018-08-10 10:15:00,-0.3147072786292142
2018-08-10 10:18:00,-0.2907494121311629
2018-08-10 10:21:00,-0.3610910908919891
2018-08-10 10:24:00,-0.3775846158092122
2018-08-10 10:27:00,-0.3964242273518721
2018-08-10 10:30:00,-0.4023639852687779
2018-08-10 10:33:00,-0.5540191668767989
2018-08-10 10:36:00,-0.528867287261221
2018-08-10 10:39:00,-0.47996354865307467
2018-08-10 10:42:00,-0.45706313102471086
2018-08-10 10:45:00,-0.42748606190735927
2018-08-10 10:48:00,-0.501879463009061
2018-08-10 10:51:00,-0.4992859003584158
2018-08-10 10:54:00,-0.4254163425147226
2018-08-10 10:57:00,-0.49567808724890483
2018-08-10 11:00:00,-0.5538190154359199
2018-08-10 11:03:00,-0.48199314067699106
2018-08-10 11:06:00,-0.518277566810184
2018-08-10 11:09:00,-0.5804348681782017
2018-08-10 11:12:00,-0.4484650310473626
2018-08-10 11:15:00,-0.5229818331061438
2018-08-10 11:18:00,-0.509552100109488
2018-08-10 11:21:00,-0.5323531386129616
2018-08-10 11:24:00,-0.5624028949725357
2018-08-10 11:27:00,-0.47710011625355264
2018-08-10 11:30:00,-0.49757134087792565
2018-08-10 11:33:00,-0.5737794024107643
2018-08-10 11:36:00,-0.495616681003753
2018-08-10 11:39:00,-0.5391646382943236
2018-08-10 11:42:00,-0.5476880133887789
2018-08-10 11:45:00,-0.5363065455876495
2018-08-10 11:48:00,-0.5125350185693378
2018-08-10 11:51:00,-0.489307131703697
2018-08-10 11:54:00,-0.5038301530332205
2018-08-10 11:57:00,-0.41511454373664947
2018-08-10 12:00:00,-0.4256989164659899
2018-08-10 12:03:00,-0.4619967816724966
2018-08-10 12:06:00,-0.42149922935305995
2018-08-10 12:09:00,-0.47626991632711224
2018-08-10 12:12:00,-0.5881434155750185
2018-08-10 12:15:00,-0.4081148957584446
2018-08-10 12:18:00,-0.501093785880812
2018-08-10 12:21:00,-0.4894836437268282
2018-08-10 12:24:00,-0.37100670164221583
2018-08-10 12:27:00,-0.431948831385057
2018-08-10 12:30:00,-0.5207021504105
2018-08-10 12:33:00,-0.5083264788614201
2018-08-10 12:36:00,-0.437337413144121
2018-08-10 12:39:00,-0.46809861974617206
2018-08-10 12:42:00,-0.4002527788687189
2018-08-10 12:45:00,-0.3810918355096078
2018-08-10 12:48:00,-0.4820373597137859
2018-08-10 12:51:00,-0.46167203835864257
2018-08-10 12:54:00,-0.35849334492348817
2018-08-10 12:57:00,-0.48352977785248186
2018-08-10 13:00:00,-0.5085053388440883
2018-08-10 13:03:00,-0.45037473354199165
2018-08-10 13:06:00,-0.44866124259323215
2018-08-10 13:09:00,-0.4296341341638481
2018-08-10 13:12:00,-0.4312405564014057
2018-08-10 13:15:00,-0.5401123317965926
2018-08-10 13:18:00,-0.5194886533565182
2018-08-10 13:21:00,-0.548426246178451
2018-08-10 13:24:00,-0.5142548015326724
2018-08-10 13:27:00,-0.4503136711284128
2018-08-10 13:30:00,-0.5159599593684447
2018-08-10 13:33:00,-0.5301548175444282
2018-08-10 13:36:00,-0.45972357959550436
2018-08-10 13:39:00,-0.391268462274752
2018-08-10 13:42:00,-0.4807113071397566
2018-08-10 13:45:00,-0.5827513071524208
2018-08-10 13:48:00,-0.5523071625417515
2018-08-10 13:51:00,-0.47730330141786226
2018-08-10 13:54:00,-0.5523236151545916
2018-08-10 13:57:00,-0.3970548152908009
2018-08-10 14:00:00,-0.4735326288668489
2018-08-10 14:03:00,-0.4352402782008653
2018-08-10 14:06:00,-0.4999172943452095
2018-08-10 14:09:00,-0.4615239435519811
2018-08-10 14:12:00,-0.5134723885345238
2018-08-10 14:15:00,-0.4931723279179323
2018-08-10 14:18:00,-0.3675276794859883
2018-08-10 14:21:00,-0.2920080391356237
2018-08-10 14:24:00,-0.4625641837484409
2018-08-10 14:27:00,-0.5112733200620596
2018-08-10 14:30:00,-0.4593768693710558
2018-08-10 14:33:00,-0.4513446341296117
2018-08-10 14:36:00,-0.49462401388262833
2018-08-10 14:39:00,-0.4588252684408758
2018-08-10 14:42:00,-0.46090125074857724
2018-08-10 14:45:00,-0.37268147687916553
2018-08-10 14:48:00,-0.4940370701986012
2018-08-10 14:51:00,-0.46711982447612854
2018-08-10 14:54:00,-0.4783987999911119
2018-08-10 14:57:00,-0.44463512908771463
2018-08-10 15:00:00,-0.47980211581977983
2018-08-10 15:03:00,-0.4468459943601033
2018-08-10 15:06:00,-0.38659241478677586
2018-08-10 15:09:00,-0.4767474561614904
2018-08-10 15:12:00,-0.4284252383607736
2018-08-10 15:15:00,-0.48675761678265417
2018-08-10 15:18:00,-0.33391640297639924
2018-08-10 15:21:00,-0.4900835940986781
2018-08-10 15:24:00,-0.47515897524556294
2018-08-10 15:27:00,-0.4442329302227108
2018-08-10 15:30:00,-0.421124299236169
2018-08-10 15:33:00,-0.4557309417207307
2018-08-10 15:36:00,-0.42110557342937227
2018-08-10 15:39:00,-0.5502017071585215
2018-08-10 15:42:00,-0.43099145704491093
2018-08-10 15:45:00,-0.4449952574933036
2018-08-10 15:48:00,-0.601134638169242
2018-08-10 15:51:00,-0.4329251092868276
2018-08-10 15:54:00,-0.424450280916119
2018-08-10 15:57:00,-0.5366186542255491
2018-08-10 16:00:00,-0.4483528598060502
2018-08-10 16:03:00,-0.34232574383230485
2018-08-10 16:06:00,-0.46544758158961486
2018-08-10 16:09:00,-0.4605426179500114
2018-08-10 16:12:00,-0.5237071787792047
2018-08-10 16:15:00,-0.5096893794565744
2018-08-10 16:18:00,-0.4975732520042584
2018-08-10 16:21:00,-0.5158235098727459
2018-08-10 16:24:00,-0.4968842268818321
2018-08-10 16:27:00,-0.48160565113045095
2018-08-10 16:30:00,-0.48363171245296144
2018-08-10 16:33:00,-0.455443452216457
2018-08-10 16:36:00,-0.5117111816825854
2018-08-10 16:39:00,-0.3994989752864626
2018-08-10 16:42:00,-0.48907785998989084
2018-08-10 16:45:00,-0.5909029634821081
2018-08-10 16:48:00,-0.5047770447749258
2018-08-10 16:51:00,-0.4968879202933181
2018-08-10 16:54:00,-0.5068891407071874
2018-08-10 16:57:00,-0.49416280713353444
2018-08-10 17:00:00,-0.5110115656528365
2018-08-10 17:03:00,-0.422299962926445
2018-08-10 17:06:00,-0.411421056136021
2018-08-10 17:09:00,-0.4643234691718021
2018-08-10 17:12:00,-0.42468118936659494
2018-08-10 17:15:00,-0.38742276466723524
2018-08-10 17:18:00,-0.4246698051566682
2018-08-10 17:21:00,-0.422287111338278
2018-08-10 17:24:00,-0.510206407121018
2018-08-10 17:27:00,-0.38612976134567134
2018-08-10 17:30:00,-0.40128627802727124
2018-08-10 17:33:00,-0.4442867024865791
2018-08-10 17:36:00,-0.4712730359830175
2018-08-10 17:39:00,-0.43654226627410253
2018-08-10 17:42:00,-0.4720878455224238
2018-08-10 17:45:00,-0.4643061585270516
2018-08-10 17:48:00,-0.5315621108025539
2018-08-10 17:51:00,-0.48186153139079124
2018-08-10 17:54:00,-0.38266660728032775
2018-08-10 17:57:00,-0.3701755086677849
2018-08-10 18:00:00,-0.45711533454345954
2018-08-10 18:03:00,-0.41084529084179167
2018-08-10 18:06:00,-0.3150286186669291
2018-08-10 18:09:00,-0.3434704618468345
2018-08-10 18:12:00,-0.4076925777555971
2018-08-10 18:15:00,-0.39190176155824474
2018-08-10 18:18:00,-0.4015387547632372
2018-08-10 18:21:00,-0.35682353842861403
2018-08-10 18:24:00,-0.353545201950908
2018-08-10 18:27:00,-0.4145763596108054
2018-08-10 18:30:00,-0.3937568223055905
2018-08-10 18:33:00,-0.41321722550333106
2018-08-10 18:36:00,-0.35589009335632227
2018-08-10 18:39:00,-0.4115177491768236
2018-08-10 18:42:00,-0.34838682899385276
2018-08-10 18:45:00,-0.4356302589216625
2018-08-10 18:48:00,-0.37458044815764424
2018-08-10 18:51:00,-0.3213327542698039
2018-08-10 18:54:00,
2018-08-10 18:57:00,
2018-08-10 19:00:00,
2018-08-10 19:03:00,-0.2407626562140308
2018-08-10 19:06:00,-0.27832213074304946
2018-08-10 19:09:00,-0.29485331833211603
2018-08-10 19:12:00,-0.17881145663466214
2018-08-10 19:15:00,-0.35048875284178393
2018-08-10 19:18:00,-0.18004012088488253
2018-08-10 19:21:00,-0.19479612067084418
2018-08-10 19:24:00,-0.1492475206376298
2018-08-10 19:27:00,-0.16619404789236114
2018-08-10 19:30:00,-0.21945736090270884
2018-08-10 19:33:00,-0.18002834195584683
2018-08-10 19:36:00,-0.15784726044950048
2018-08-10 19:39:00,-0.26899490048447205
2018-08-10 19:42:00,-0.15084173753558616
2018-08-10 19:45:00,-0.1658611116718589
2018-08-10 19:48:00,-0.1561328100785886
2018-08-10 19:51:00,-0.23585530202041127
2018-08-10 19:54:00,-0.20664510120440127
2018-08-10 19:57:00,-0.1854049108817435
2018-08-10 20:00:00,-0.08883721677011636
2018-08-10 20:03:00,-0.22750220555082024
2018-08-10 20:06:00,-0.0979970032529991
2018-08-10 20:09:00,-0.18825230871567555
2018-08-10 20:12:00,-0.21316034998511668
2018-08-10 20:15:00,-0.25764529131453173
2018-08-10 20:18:00,-0.20437240166404536
2018-08-10 20:21:00,-0.1656202478185378
2018-08-10 20:24:00,-0.11278476396637416
2018-08-10 20:27:00,-0.13599523698610483
2018-08-10 20:30:00,-0.10521953191084776
2018-08-10 20:33:00,-0.12988491863279705
2018-08-10 20:36:00,-0.14331290028559351
2018-08-10 20:39:00,-0.07926589974204035
2018-08-10 20:42:00,-0.12698930503819383
2018-08-10 20:45:00,-0.09370125033177601
2018-08-10 20:48:00,-0.09629940416522231
2018-08-10 20:51:00,-0.10308034231599095
2018-08-10 20:54:00,-0.1465887293184096
2018-08-10 20:57:00,-0.16611402143627174
2018-08-10 21:00:00,0.0070963484392336795
2018-08-10 21:03:00,-0.13077035306667995
2018-08-10 21:06:00,-0.11568730807260863
2018-08-10 21:09:00,-0.19671647184304675
2018-08-10 21:12:00,-0.10005525630754164
2018-08-10 21:15:00,-0.12299155982799448
2018-08-10 21:18:00,-0.16642905518227735
2018-08-10 21:21:00,-0.10010258687901796
2018-08-10 21:24:00,-0.14530029222447638
2018-08-10 21:27:00,-0.12794287067862342
2018-08-10 21:30:00,-0.1042440421192623
2018-08-10 21:33:00,-0.10627902679766521
2018-08-10 21:36:00,-0.1318814675358908
2018-08-10 21:39:00,-0.14660533325098868
2018-08-10 21:42:00,-0.03907382010584115
2018-08-10 21:45:00,-0.12273065171382314
2018-08-10 21:48:00,-0.0672968241642593
2018-08-10 21:51:00,-0.1171685261890616
2018-08-10 21:54:00,-0.12551546127838265
2018-08-10 21:57:00,-0.13560599127669093
2018-08-10 22:00:00,-0.027187634911854275
2018-08-10 22:03:00,-0.12132131744505159
2018-08-10 22:06:00,-0.03263756247076799
2018-08-10 22:09:00,-0.004738696326398895
2018-08-10 22:12:00,-0.11704228478231471
2018-08-10 22:15:00,-0.09087654189187333
2018-08-10 22:18:00,-0.010309819805286224
2018-08-10 22:21:00,-0.08869862510800886
2018-08-10 22:24:00,-0.05266612140923144
2018-08-10 22:27:00,-0.15176478173606256
2018-08-10 22:30:00,-0.11549950397750308
2018-08-10 22:33:00,-0.0328613354221261
2018-08-10 22:36:00,-0.0953013523867412
2018-08-10 22:39:00,-0.09248300754143202
2018-08-10 22:42:00,-0.13628530127078875
2018-08-10 22:45:00,-0.11199817970947379
2018-08-10 22:48:00,-0.12813859315355103
2018-08-10 22:51:00,-0.12507208993150698
2018-08-10 22:54:00,-0.08370360575372615
2018-08-10 22:57:00,-0.18687024065354763
2018-08-10 23:00:00,-0.113155433744339
2018-08-10 23:03:00,-0.10930087470586614
2018-08-10 23:06:00,-0.10826698612146402
2018-08-10 23:09:00,-0.05241557480917436
2018-08-10 23:12:00,-0.13648987109968402
2018-08-10 23:15:00,-0.06970023759299693
2018-08-10 23:18:00,-0.099001017930334
2018-08-10 23:21:00,-0.07855600623906867
2018-08-10 23:24:00,-0.055282030309001584
2018-08-10 23:27:00,-0.02829693754864593
2018-08-10 23:30:00,-0.1399592361425448
2018-08-10 23:33:00,-0.08518582691647225
2018-08-10 23:36:00,-0.029785839455996665
2018-08-10 23:39:00,-0.06570236924437722
2018-08-10 23:42:00,-0.13838442322361288
2018-08-10 23:45:00,-0.12688136076411638
2018-08-10 23:48:00,-0.06248670536052714
2018-08-10 23:51:00,-0.007273079446349584
2018-08-10 23:54:00,-0.0561300211106186
2018-08-10 23:57:00,0.08539297749604202
2018-08-11 00:00:00,-0.025447637125580513
2018-08-11 00:03:00,-0.053901206085186004
2018-08-11 00:06:00,-0.12238561949897075
2018-08-11 00:09:00,-0.024733641717318733
2018-08-11 00:12:00,-0.05253909568432391
2018-08-11 00:15:00,-0.015400578797652997
2018-08-11 00:18:00,-0.028448183171462915
2018-08-11 00:21:00,0.07685454514154344
2018-08-11 00:24:00,-0.0668859508120363
2018-08-11 00:27:00,-0.07878204614689821
2018-08-11 00:30:00,-0.07351672564124101
2018-08-11 00:33:00,-0.05605686671191279
2018-08-11 00:36:00,-0.07733342434516999
2018-08-11 00:39:00,-0.021393937093876048
2018-08-11 00:42:00,-0.024007710886507994
2018-08-11 00:45:00,0.024697281600992937
2018-08-11 00:48:00,0.021201704654913556
2018-08-11 00:51:00,-0.022852384209784304
2018-08-11 00:54:00,-0.06741487536453405
2018-08-11 00:57:00,0.0936030189259327
2018-08-11 01:00:00,0.07037045139020393
2018-08-11 01:03:00,-0.00865943400441438
2018-08-11 01:06:00,-0.02611973861723982
2018-08-11 01:09:00,-0.06965473736562444
2018-08-11 01:12:00,-0.05877400108784059
2018-08-11 01:15:00,0.042422510411142866
2018-08-11 01:18:00,0.05252947097216065
2018-08-11 01:21:00,-0.07193240257754496
2018-08-11 01:24:00,-0.08342211538712263
2018-08-11 01:27:00,0.08114975971102467
2018-08-11 01:30:00,0.0491846852834783
2018-08-11 01:33:00,-0.025585150732354123
2018-08-11 01:36:00,0.017274363153433114
2018-08-11 01:39:00,-0.004368354192195056
2018-08-11 01:42:00,0.06621370576453955
2018-08-11 01:45:00,0.005752024902335506
2018-08-11 01:48:00,0.05892576785026904
2018-08-11 01:51:00,0.04827074801744402
2018-08-11 01:54:00,0.09531519796883003
2018-08-11 01:57:00,0.05953704457976983
2018-08-11 02:00:00,0.11971161792905605
2018-08-11 02:03:00,0.12126456165879063
2018-08-11 02:06:00,0.0803204037284786
2018-08-11 02:09:00,0.16612692726721434
2018-08-11 02:12:00,0.07960291537960984
2018-08-11 02:15:00,0.05280032314652772
2018-08-11 02:18:00,0.1390466903880565
2018-08-11 02:21:00,0.19798643155525042
2018-08-11 02:24:00,0.12338808987618677
2018-08-11 02:27:00,0.17130928439246418
2018-08-11 02:30:00,0.24204242342233329
2018-08-11 02:33:00,0.17865132594647548
2018-08-11 02:36:00,0.26480883545366396
2018-08-11 02:39:00,0.18459031845537766
2018-08-11 02:42:00,0.18500004725456165
2018-08-11 02:45:00,0.2666425987094385
2018-08-11 02:48:00,0.2125306316397655
2018-08-11 02:51:00,0.1884254461338628
2018-08-11 02:54:00,0.22667510958899584
2018-08-11 02:57:00,0.21004781075896517
2018-08-11 03:00:00,0.18369012368356152
2018-08-11 03:03:00,0.214954798695544
2018-08-11 03:06:00,0.20685733005115026
2018-08-11 03:09:00,0.2852913161839865
2018-08-11 03:12:00,0.2372500309330121
2018-08-11 03:15:00,0.2502939075627637
2018-08-11 03:18:00,0.2460835604418321
2018-08-11 03:21:00,0.31065061180260045
2018-08-11 03:24:00,0.0652393904638302
2018-08-11 03:27:00,0.2530054784866138
2018-08-11 03:30:00,0.24481881934315197
2018-08-11 03:33:00,0.21626144408031678
2018-08-11 03:36:00,0.26272295665791034
2018-08-11 03:39:00,0.256739090854353
2018-08-11 03:42:00,0.14378847830113273
2018-08-11 03:45:00,0.22948298304680748
2018-08-11 03:48:00,0.1525063822159609
2018-08-11 03:51:00,0.23567871730836032
2018-08-11 03:54:00,0.26271330991261266
2018-08-11 03:57:00,0.19610292488124514
2018-08-11 04:00:00,0.2146576068377044
2018-08-11 04:03:00,0.20799799250619344
2018-08-11 04:06:00,0.23403608033828505
2018-08-11 04:09:00,0.17790842540154017
2018-08-11 04:12:00,0.2221533015124919
2018-08-11 04:15:00,0.19614640372265058
2018-08-11 04:18:00,0.24882294324027043
2018-08-11 04:21:00,0.22711585845326
2018-08-11 04:24:00,0.185481664734084
2018-08-11 04:27:00,0.2651292183752503
2018-08-11 04:30:00,0.20455865253552474
2018-08-11 04:33:00,0.21599244093454217
2018-08-11 04:36:00,0.2807343370694184
2018-08-11 04:39:00,0.21261600374452883
2018-08-11 04:42:00,0.33413997826966124
2018-08-11 04:45:00,0.281918250589797
2018-08-11 04:48:00,0.43271930049013463
2018-08-11 04:51:00,0.32092289788420203
2018-08-11 04:54:00,0.33130115146633443
2018-08-11 04:57:00,0.3286690167976758
2018-08-11 05:00:00,0.1291832468876919
2018-08-11 05:03:00,0.28908428732245284
2018-08-11 05:06:00,0.19315040710205267
2018-08-11 05:09:00,0.3069210648451417
2018-08-11 05:12:00,0.32356572778382997
2018-08-11 05:15:00,0.28071775428901447
2018-08-11 05:18:00,0.3260830462858735
2018-08-11 05:21:00,0.3372244977741161
2018-08-11 05:24:00,0.24311020617182066
2018-08-11 05:27:00,0.2967494316833381
2018-08-11 05:30:00,0.2608607259172686
2018-08-11 05:33:00,0.3092039881024107
2018-08-11 05:36:00,0.227162356773988
2018-08-11 05:39:00,0.28324869184098134
2018-08-11 05:42:00,0.3148818624330829
2018-08-11 05:45:00,0.2579081658872724
2018-08-11 05:48:00,0.22249084798113472
2018-08-11 05:51:00,0.3024244343131386
2018-08-11 05:54:00,0.2979689390401177
2018-08-11 05:57:00,0.33166528871987566
2018-08-11 06:00:00,0.36212910130268483
2018-08-11 06:03:00,0.38012519357414476
2018-08-11 06:06:00,0.41148005705468904
2018-08-11 06:09:00,0.4308836825677531
2018-08-11 06:12:00,0.4073014124604697
2018-08-11 06:15:00,0.3369964029790822
2018-08-11 06:18:00,0.3634559315246406
2018-08-11 06:21:00,0.4559707840717806
2018-08-11 06:24:00,0.3489326192685098
2018-08-11 06:27:00,0.3472167999391331
2018-08-11 06:30:00,0.4428423942021027
2018-08-11 06:33:00,0.38179210465892766
2018-08-11 06:36:00,0.3456320939637294
2018-08-11 06:39:00,0.42559854783837636
2018-08-11 06:42:00,0.29523902288104864
2018-08-11 06:45:00,0.4249293153332019
2018-08-11 06:48:00,0.45907768919494174
2018-08-11 06:51:00,0.41462260956865293
2018-08-11 06:54:00,0.44286592570028915
2018-08-11 06:57:00,0.4194718785112741
2018-08-11 07:00:00,0.2759576755070725
2018-08-11 07:03:00,0.3634938810886297
2018-08-11 07:06:00,0.3879394276136736
2018-08-11 07:09:00,0.37938729415645867
2018-08-11 07:12:00,0.2989578569718674
2018-08-11 07:15:00,0.35625271366865263
2018-08-11 07:18:00,0.40392221256621497
2018-08-11 07:21:00,0.33458399037129993
2018-08-11 07:24:00,0.3709917276358965
2018-08-11 07:27:00,0.392466967961866
2018-08-11 07:30:00,0.3204884178462635
2018-08-11 07:33:00,0.30345547222208324
2018-08-11 07:36:00,0.21141273967936058
2018-08-11 07:39:00,0.2815212993982641
2018-08-11 07:42:00,0.2408106792873923
2018-08-11 07:45:00,0.24526691025891978
2018-08-11 07:48:00,0.346503286929817
2018-08-11 07:51:00,0.2780788409568231
2018-08-11 07:54:00,0.2996419200460423
2018-08-11 07:57:00,0.21225484385439586
2018-08-11 08:00:00,0.2591451177144677
2018-08-11 08:03:00,0.1499698790495927
2018-08-11 08:06:00,0.27283213254207794
2018-08-11 08:09:00,0.16150756935439858
2018-08-11 08:12:00,0.1810268369347341
2018-08-11 08:15:00,0.17127527651757646
2018-08-11 08:18:00,0.24832922303460236
2018-08-11 08:21:00,0.18650485333245115
2018-08-11 08:24:00,0.07959567254863487
2018-08-11 08:27:00,0.14989587638325474
2018-08-11 08:30:00,0.13057934220688594
2018-08-11 08:33:00,-0.020488000932232353
2018-08-11 08:36:00,0.023038875973668382
2018-08-11 08:39:00,0.10090787098738474
2018-08-11 08:42:00,0.01081709372010664
2018-08-11 08:45:00,-0.040411413913659544
2018-08-11 08:48:00,-0.029696839512155293
2018-08-11 08:51:00,-0.1137165746492883
2018-08-11 08:54:00,-0.103203673328494
2018-08-11 08:57:00,-0.13131979677450545
2018-08-11 09:00:00,-0.11315038404615052
2018-08-11 09:03:00,-0.05265499271479257
2018-08-11 09:06:00,-0.1553435202063156
2018-08-11 09:09:00,-0.18855470217346237
2018-08-11 09:12:00,-0.1830116824746142
2018-08-11 09:15:00,-0.16414284178119942
2018-08-11 09:18:00,-0.16458339272202238
2018-08-11 09:21:00,-0.21081603052584796
2018-08-11 09:24:00,-0.14910428168280987
2018-08-11 09:27:00,-0.3070836019264789
2018-08-11 09:30:00,-0.2508494359271367
2018-08-11 09:33:00,-0.1927392432452848
2018-08-11 09:36:00,-0.22144085199539632
2018-08-11 09:39:00,-0.3017034256903912
2018-08-11 09:42:00,-0.2928634499382383
2018-08-11 09:45:00,-0.253308313661762
2018-08-11 09:48:00,-0.27815533542138837
2018-08-11 09:51:00,-0.31032245850724394
2018-08-11 09:54:00,-0.319867918223224
2018-08-11 09:57:00,-0.3248299823225693
2018-08-11 10:00:00,-0.3283345858707776
2018-08-11 10:03:00,-0.3934630321339796
2018-08-11 10:06:00,-0.33932747707001454
2018-08-11 10:09:00,-0.4359211136156773
2018-08-11 10:12:00,-0.2672015117371984
2018-08-11 10:15:00,-0.4051686064295268
2018-08-11 10:18:00,-0.3535411310958807
2018-08-11 10:21:00,-0.44472890124643527
2018-08-11 10:24:00,-0.49939264377604786
2018-08-11 10:27:00,-0.42699382743643355
2018-08-11 10:30:00,-0.3727166365832204
2018-08-11 10:33:00,-0.41497797474340814
2018-08-11 10:36:00,-0.3971988368016355
2018-08-11 10:39:00,-0.5537116659019148
2018-08-11 10:42:00,-0.47515518007537594
2018-08-11 10:45:00,-0.45211090356212935
2018-08-11 10:48:00,-0.3990873398571466
2018-08-11 10:51:00,-0.3731896029053132
2018-08-11 10:54:00,-0.4286056437287584
2018-08-11 10:57:00,-0.35381999116054885
2018-08-11 11:00:00,-0.4211953455466073
2018-08-11 11:03:00,-0.519211101655003
2018-08-11 11:06:00,-0.42728810017797514
2018-08-11 11:09:00,-0.40211841065831777
2018-08-11 11:12:00,-0.5221856714225623
2018-08-11 11:15:00,-0.41767635161050976
2018-08-11 11:18:00,-0.47442482565463706
2018-08-11 11:21:00,-0.5338342850501476
2018-08-11 11:24:00,-0.34736941314844216
2018-08-11 11:27:00,-0.42740863767585324
2018-08-11 11:30:00,-0.4680139812663242
2018-08-11 11:33:00,-0.3529811414686037
2018-08-11 11:36:00,-0.47166419735259524
2018-08-11 11:39:00,-0.41524341935763687
2018-08-11 11:42:00,-0.4006662691484735
2018-08-11 11:45:00,-0.3649071228754224
2018-08-11 11:48:00,-0.48200113392704225
2018-08-11 11:51:00,-0.41303217443868334
2018-08-11 11:54:00,-0.33474997740421486
2018-08-11 11:57:00,-0.3712869673494197
2018-08-11 12:00:00,-0.4431769482171717
2018-08-11 12:03:00,-0.41659095035356586
2018-08-11 12:06:00,-0.4298905951754932
2018-08-11 12:09:00,-0.3860467777167287
2018-08-11 12:12:00,-0.4403792135486242
2018-08-11 12:15:00,-0.42169302292870725
2018-08-11 12:18:00,-0.3332456494620146
2018-08-11 12:21:00,-0.37376454112001056
2018-08-11 12:24:00,-0.33666332704592605
2018-08-11 12:27:00,-0.40299932894117774
2018-08-11 12:30:00,-0.3331858803446721
2018-08-11 12:33:00,-0.4038308002729991
2018-08-11 12:36:00,-0.32167374411159244
2018-08-11 12:39:00,-0.38396829948624145
2018-08-11 12:42:00,-0.42336824462665845
2018-08-11 12:45:00,-0.3404305535263461
2018-08-11 12:48:00,-0.45280321116825917
2018-08-11 12:51:00,-0.3811605590012732
2018-08-11 12:54:00,-0.3707297931385938
2018-08-11 12:57:00,-0.47827833003202613
2018-08-11 13:00:00,-0.47839327382240526
2018-08-11 13:03:00,-0.49158197870434606
2018-08-11 13:06:00,-0.44267741681801454
2018-08-11 13:09:00,-0.37521520483301174
2018-08-11 13:12:00,-0.4725421312081153
2018-08-11 13:15:00,-0.486881750400471
2018-08-11 13:18:00,-0.3700145859265831
2018-08-11 13:21:00,-0.39158130861312657
2018-08-11 13:24:00,-0.45784335173783575
2018-08-11 13:27:00,-0.447406308474001
2018-08-11 13:30:00,-0.375239502607144
2018-08-11 13:33:00,-0.33498255401633514
2018-08-11 13:36:00,-0.4044379288047253
2018-08-11 13:39:00,-0.430180141577182
2018-08-11 13:42:00,-0.4664470596955539
2018-08-11 13:45:00,-0.3509726726835538
2018-08-11 13:48:00,-0.45727267300424046
2018-08-11 13:51:00,-0.4628539507220921
2018-08-11 13:54:00,-0.31452815942321877
2018-08-11 13:57:00,-0.48424957473758923
2018-08-11 14:00:00,-0.3769862707014795
2018-08-11 14:03:00,-0.48084697686851996
2018-08-11 14:06:00,-0.6063104935594197
2018-08-11 14:09:00,-0.3842019548762323
2018-08-11 14:12:00,-0.419406191554458
2018-08-11 14:15:00,-0.5174436767917996
2018-08-11 14:18:00,-0.4665128667061822
2018-08-11 14:21:00,-0.5295053825923901
2018-08-11 14:24:00,-0.371719147169415
2018-08-11 14:27:00,-0.4829286625827649
2018-08-11 14:30:00,-0.4743394564500818
2018-08-11 14:33:00,-0.4793918879199168
2018-08-11 14:36:00,-0.4070075965091746
2018-08-11 14:39:00,-0.42307872326978213
2018-08-11 14:42:00,-0.47741929355430557
2018-08-11 14:45:00,-0.5171582572333477
2018-08-11 14:48:00,-0.46902219440681847
2018-08-11 14:51:00,-0.5166667108572369
2018-08-11 14:54:00,-0.5286625085033734
2018-08-11 14:57:00,-0.4562929383836831
2018-08-11 15:00:00,-0.5297510753350707
2018-08-11 15:03:00,-0.44542985251700884
2018-08-11 15:06:00,-0.46492427540380277
2018-08-11 15:09:00,-0.508313757268354
2018-08-11 15:12:00,-0.47658818043464635
2018-08-11 15:15:00,-0.47536891233414735
2018-08-11 15:18:00,-0.5010499311276817
2018-08-11 15:21:00,-0.45938366305426825
2018-08-11 15:24:00,-0.45090386822801065
2018-08-11 15:27:00,-0.44630640563173074
2018-08-11 15:30:00,-0.565827862939102
2018-08-11 15:33:00,-0.42605011104757295
2018-08-11 15:36:00,-0.5030405419126964
2018-08-11 15:39:00,-0.545116655825268
2018-08-11 15:42:00,-0.43267173336300857
2018-08-11 15:45:00,-0.514369220400738
2018-08-11 15:48:00,-0.5302882607510924
2018-08-11 15:51:00,-0.4710066229347376
2018-08-11 15:54:00,-0.515780225839876
2018-08-11 15:57:00,-0.5459147175174053
2018-08-11 16:00:00,-0.404382144649162
2018-08-11 16:03:00,-0.512181534879744
2018-08-11 16:06:00,-0.5189266285717054
2018-08-11 16:09:00,-0.563728233388531
2018-08-11 16:12:00,-0.4310443574285614
2018-08-11 16:15:00,-0.3954330968537647
2018-08-11 16:18:00,-0.4412607591070241
2018-08-11 16:21:00,-0.5035496314948773
2018-08-11 16:24:00,-0.4420481106142802
2018-08-11 16:27:00,-0.4000196263744442
2018-08-11 16:30:00,-0.530677729692286
2018-08-11 16:33:00,-0.5396723221537059
2018-08-11 16:36:00,-0.4962315317233106
2018-08-11 16:39:00,-0.483056311228097
2018-08-11 16:42:00,-0.5658620117611122
2018-08-11 16:45:00,-0.4517541063592603
2018-08-11 16:48:00,-0.43836694485395356
2018-08-11 16:51:00,-0.47883984956808945
2018-08-11 16:54:00,-0.4743075404979322
2018-08-11 16:57:00,-0.4873823561742938
2018-08-11 17:00:00,-0.5003313594649512
2018-08-11 17:03:00,-0.4781053722610977
2018-08-11 17:06:00,-0.5367869206497176
2018-08-11 17:09:00,-0.4731053624665833
2018-08-11 17:12:00,-0.4790472592808328
2018-08-11 17:15:00,-0.437684244634454
2018-08-11 17:18:00,-0.5484571292739702
2018-08-11 17:21:00,-0.41251293296636504
2018-08-11 17:24:00,-0.49193574180594624
2018-08-11 17:27:00,-0.49513391756516967
2018-08-11 17:30:00,-0.4826507922865062
2018-08-11 17:33:00,-0.4707680354735544
2018-08-11 17:36:00,-0.42233510489410264
2018-08-11 17:39:00,-0.4233500310022009
2018-08-11 17:42:00,-0.4415416072033622
2018-08-11 17:45:00,-0.42520960842034583
2018-08-11 17:48:00,-0.49534532288009814
2018-08-11 17:51:00,-0.507730808497854
2018-08-11 17:54:00,-0.41805581516513257
2018-08-11 17:57:00,-0.4312811979278308
2018-08-11 18:00:00,-0.39542194375724193
2018-08-11 18:03:00,-0.37157250668752795
2018-08-11 18:06:00,-0.3386736013048903
2018-08-11 18:09:00,-0.4644427896653269
2018-08-11 18:12:00,-0.36169278515382075
2018-08-11 18:15:00,-0.39305105476870494
2018-08-11 18:18:00,-0.467343316561994
2018-08-11 18:21:00,-0.3545421674974705
2018-08-11 18:24:00,-0.3822499823389194
2018-08-11 18:27:00,-0.40684271179918596
2018-08-11 18:30:00,-0.4480309071286115
2018-08-11 18:33:00,-0.3296412323732625
2018-08-11 18:36:00,-0.3290709857008096
2018-08-11 18:39:00,-0.2960414981720305
2018-08-11 18:42:00,-0.3669528861760796
2018-08-11 18:45:00,-0.30351514466929075
2018-08-11 18:48:00,-0.30052322542360344
2018-08-11 18:51:00,-0.32060062959868674
2018-08-11 18:54:00,
2018-08-11 18:57:00,
2018-08-11 19:00:00,
2018-08-11 19:03:00,-0.3147260233212137
2018-08-11 19:06:00,-0.35446060953813685
2018-08-11 19:09:00,-0.4398818545403742
2018-08-11 19:12:00,-0.3771811267794192
2018-08-11 19:15:00,-0.3145111520182695
2018-08-11 19:18:00,-0.44754013266015136
2018-08-11 19:21:00,-0.4173167885882094
2018-08-11 19:24:00,-0.3501546185244706
2018-08-11 19:27:00,-0.39433991221250153
2018-08-11 19:30:00,-0.45603761445147484
2018-08-11 19:33:00,-0.49996398091053607
2018-08-11 19:36:00,-0.2814075295738121
2018-08-11 19:39:00,-0.30936533510032405
2018-08-11 19:42:00,-0.2323549129730509
2018-08-11 19:45:00,-0.30516607023582765
2018-08-11 19:48:00,-0.3359955667478971
2018-08-11 19:51:00,-0.28945487424044813
2018-08-11 19:54:00,-0.2754235714252786
2018-08-11 19:57:00,-0.2845529050762252
2018-08-11 20:00:00,-0.37877224389404773
2018-08-11 20:03:00,-0.40150381088255926
2018-08-11 20:06:00,-0.3358662410382749
2018-08-11 20:09:00,-0.28027252977733497
2018-08-11 20:12:00,-0.24081575076621675
2018-08-11 20:15:00,-0.36442287652357663
2018-08-11 20:18:00,-0.3365688478493212
2018-08-11 20:21:00,-0.33915342687936345
2018-08-11 20:24:00,-0.3726680258604915
2018-08-11 20:27:00,-0.21737548078857571
2018-08-11 20:30:00,-0.17742256767036224
2018-08-11 20:33:00,-0.22546496183184672
2018-08-11 20:36:00,-0.23465649868825267
2018-08-11 20:39:00,-0.23430592290503682
2018-08-11 20:42:00,-0.13362605718731402
2018-08-11 20:45:00,-0.20483633941989865
2018-08-11 20:48:00,-0.20959687315678366
2018-08-11 20:51:00,-0.1161549656624743
2018-08-11 20:54:00,-0.020108488653193035
2018-08-11 20:57:00,-0.1604410913109291
2018-08-11 21:00:00,-0.04414331609166311
2018-08-11 21:03:00,-0.057151572482439406
2018-08-11 21:06:00,-0.013376446971562928
2018-08-11 21:09:00,-0.06228671023700372
2018-08-11 21:12:00,-0.06906706581878552
2018-08-11 21:15:00,-0.0687789658520046
2018-08-11 21:18:00,-0.043059384598734596
2018-08-11 21:21:00,-0.0584764133705562
2018-08-11 21:24:00,-0.04180857276685401
2018-08-11 21:27:00,-0.011927429094384934
2018-08-11 21:30:00,0.0012356079546975707
2018-08-11 21:33:00,0.04919394075773198
2018-08-11 21:36:00,0.05961325821351693
2018-08-11 21:39:00,-0.06976058572155353
2018-08-11 21:42:00,-0.10876038230509266
2018-08-11 21:45:00,-0.0379661768018309
2018-08-11 21:48:00,-0.1623134599799414
2018-08-11 21:51:00,-0.03733503397114646
2018-08-11 21:54:00,-0.09662203236598543
2018-08-11 21:57:00,-0.06549613614640748
2018-08-11 22:00:00,-0.15333963272701112
2018-08-11 22:03:00,-0.045455357678633845
2018-08-11 22:06:00,-0.11450362886898802
2018-08-11 22:09:00,-0.043495433690679874
2018-08-11 22:12:00,-0.11313218646620271
2018-08-11 22:15:00,-0.06639560733759708
2018-08-11 22:18:00,-0.21084112162719748
2018-08-11 22:21:00,-0.05991391424970516
2018-08-11 22:24:00,-0.06227431939652206
2018-08-11 22:27:00,-0.12349675087796186
2018-08-11 22:30:00,-0.1790833285585336
2018-08-11 22:33:00,-0.09882651590800151
2018-08-11 22:36:00,-0.057537960219690376
2018-08-11 22:39:00,-0.11390511785839408
2018-08-11 22:42:00,-0.20702878495706045
2018-08-11 22:45:00,-0.06254561938487768
2018-08-11 22:48:00,-0.0733767362251001
2018-08-11 22:51:00,-0.04895778684584684
2018-08-11 22:54:00,-0.10896161420373573
2018-08-11 22:57:00,-0.12010864672572552
2018-08-11 23:00:00,-0.1686040983935868
2018-08-11 23:03:00,-0.06040290637065482
2018-08-11 23:06:00,-0.1933782525229617
2018-08-11 23:09:00,-0.11190997205318354
2018-08-11 23:12:00,-0.08667428118002363
2018-08-11 23:15:00,-0.11817548780481957
2018-08-11 23:18:00,-0.0779758103730046
2018-08-11 23:21:00,-0.1299153071632304
2018-08-11 23:24:00,-0.11005872896743085
2018-08-11 23:27:00,-0.18955834508085445
2018-08-11 23:30:00,-0.0617076805917236
2018-08-11 23:33:00,-0.038455780033473275
2018-08-11 23:36:00,-0.11932900220568854
2018-08-11 23:39:00,-0.15440224258935586
2018-08-11 23:42:00,-0.056671530197945685
2018-08-11 23:45:00,-0.09299112649750896
2018-08-11 23:48:00,-0.10380976993849345
2018-08-11 23:51:00,0.009552302089218756
2018-08-11 23:54:00,-0.0794860347000963
2018-08-11 23:57:00,-0.07051065173948246
2018-08-12 00:00:00,-0.04803972268103962
2018-08-12 00:03:00,-0.02256729403114832
2018-08-12 00:06:00,-0.09786774903852802
2018-08-12 00:09:00,-0.012471559340951899
2018-08-12 00:12:00,-0.09760680190044013
2018-08-12 00:15:00,-0.14465083891741415
2018-08-12 00:18:00,-0.10730470411766646
2018-08-12 00:21:00,-0.20756053981642708
2018-08-12 00:24:00,-0.22287841050939505
2018-08-12 00:27:00,-0.14342275424337458
2018-08-12 00:30:00,-0.12518407744073556
2018-08-12 00:33:00,-0.16975989479624332
2018-08-12 00:36:00,-0.18934916709361005
2018-08-12 00:39:00,-0.14403203250162733
2018-08-12 00:42:00,-0.09977790130204767
2018-08-12 00:45:00,-0.11354434886209219
2018-08-12 00:48:00,-0.1391844646754521
2018-08-12 00:51:00,-0.1371178576543457
2018-08-12 00:54:00,0.004782665334573721
2018-08-12 00:57:00,-0.16239609945796474
2018-08-12 01:00:00,-0.08213197591447852
2018-08-12 01:03:00,-0.08505989187159457
2018-08-12 01:06:00,-0.19091345004159166
2018-08-12 01:09:00,-0.10462461776313603
2018-08-12 01:12:00,-0.1585426396351295
2018-08-12 01:15:00,-0.07104302170790788
2018-08-12 01:18:00,-0.10081418225524885
2018-08-12 01:21:00,-0.09866387579080538
2018-08-12 01:24:00,-0.04860195668254619
2018-08-12 01:27:00,-0.16731007524310826
2018-08-12 01:30:00,-0.0073931323995566345
2018-08-12 01:33:00,0.046149757456532825
2018-08-12 01:36:00,-0.08294235537886152
2018-08-12 01:39:00,-0.09833194572360071
2018-08-12 01:42:00,-0.1447168962246792
2018-08-12 01:45:00,-0.14965532998570552
2018-08-12 01:48:00,-0.23628121405130287
2018-08-12 01:51:00,-0.1311023582903772
2018-08-12 01:54:00,-0.02468371453863938
2018-08-12 01:57:00,-0.11353491779777869
2018-08-12 02:00:00,0.0020104706289885144
2018-08-12 02:03:00,-0.04660888950053277
2018-08-12 02:06:00,-0.1909283592030988
2018-08-12 02:09:00,0.0065471238643795004
2018-08-12 02:12:00,-0.056094226022253224
2018-08-12 02:15:00,-0.005906154231070104
2018-08-12 02:18:00,-0.03135198089438518
2018-08-12 02:21:00,-0.0503359987959584
2018-08-12 02:24:00,-0.06289585891499883
2018-08-12 02:27:00,0.04730510101597929
2018-08-12 02:30:00,0.03623867681773163
2018-08-12 02:33:00,0.034517878742121866
2018-08-12 02:36:00,0.057740605046660676
2018-08-12 02:39:00,-0.00010101812199536653
2018-08-12 02:42:00,0.08567049567420781
2018-08-12 02:45:00,0.05478765720602041
2018-08-12 02:48:00,0.032554009872796996
2018-08-12 02:51:00,0.02955641857607816
2018-08-12 02:54:00,-0.03431011873880152
2018-08-12 02:57:00,-0.028944303962987306
2018-08-12 03:00:00,-0.05194331737044422
2018-08-12 03:03:00,-0.029594759854830954
2018-08-12 03:06:00,0.006785849991786108
2018-08-12 03:09:00,-0.06341802365619742
2018-08-12 03:12:00,-0.02605302038341506
2018-08-12 03:15:00,-0.03511212628512794
2018-08-12 03:18:00,-0.0933651479533637
2018-08-12 03:21:00,-0.07278736895540305
2018-08-12 03:24:00,0.03418842563235103
2018-08-12 03:27:00,0.010919399417673503
2018-08-12 03:30:00,-0.07763210317864377
2018-08-12 03:33:00,-0.052044912768224094
2018-08-12 03:36:00,-0.030105203606183295
2018-08-12 03:39:00,-0.11643925687826595
2018-08-12 03:42:00,-0.08326941200607507
2018-08-12 03:45:00,-0.09493852183175022
2018-08-12 03:48:00,-0.0662775522702077
2018-08-12 03:51:00,0.06283607310001571
2018-08-12 03:54:00,-0.0010850380600686549
2018-08-12 03:57:00,0.0706510155366118
2018-08-12 04:00:00,0.01175677706771694
2018-08-12 04:03:00,0.04853357814715764
2018-08-12 04:06:00,-0.05499885794893089
2018-08-12 04:09:00,-0.029811147016971518
2018-08-12 04:12:00,-0.08032647428825612
2018-08-12 04:15:00,-0.02006080994323156
2018-08-12 04:18:00,0.01277535937566654
2018-08-12 04:21:00,0.034982905096512695
2018-08-12 04:24:00,-0.07070364374771998
2018-08-12 04:27:00,-0.10306825771414196
2018-08-12 04:30:00,-0.018131490020607544
2018-08-12 04:33:00,0.04832625713294192
2018-08-12 04:36:00,0.04639946428949315
2018-08-12 04:39:00,-0.0036036452002008446
2018-08-12 04:42:00,0.021589587945527455
2018-08-12 04:45:00,0.0031862561295383784
2018-08-12 04:48:00,0.02485201020118666
2018-08-12 04:51:00,0.10846125651386274
2018-08-12 04:54:00,0.037372200469917516
2018-08-12 04:57:00,-0.041092138115232046
2018-08-12 05:00:00,-0.009515060190267377
2018-08-12 05:03:00,0.055418184447830754
2018-08-12 05:06:00,-0.06938450971199472
2018-08-12 05:09:00,-0.0007329083923650614
2018-08-12 05:12:00,-0.055919112768492596
2018-08-12 05:15:00,-0.0044329963002951445
2018-08-12 05:18:00,0.001609138132607768
2018-08-12 05:21:00,-0.0661044643642299
2018-08-12 05:24:00,0.0061305004205678415
2018-08-12 05:27:00,0.06018141058331139
2018-08-12 05:30:00,-0.011138801123820485
2018-08-12 05:33:00,0.04123830272419582
2018-08-12 05:36:00,0.07723632702101213
2018-08-12 05:39:00,0.04797909253443322
2018-08-12 05:42:00,0.1475949626919828
2018-08-12 05:45:00,0.047509855392547706
2018-08-12 05:48:00,0.0187427039263639
2018-08-12 05:51:00,0.04890862136278429
2018-08-12 05:54:00,0.11803453402393416
2018-08-12 05:57:00,0.052124041043441594
2018-08-12 06:00:00,0.06609404142886888
2018-08-12 06:03:00,0.17889234166364076
2018-08-12 06:06:00,0.156377514040571
2018-08-12 06:09:00,0.11023995464790914
2018-08-12 06:12:00,0.09868549542602523
2018-08-12 06:15:00,0.17950295633897895
2018-08-12 06:18:00,0.16048404040208197
2018-08-12 06:21:00,0.15953435351997314
2018-08-12 06:24:00,0.14955000023013554
2018-08-12 06:27:00,0.13069039203020338
2018-08-12 06:30:00,0.16706269985638755
2018-08-12 06:33:00,0.16890049570633892
2018-08-12 06:36:00,0.19180865328615937
2018-08-12 06:39:00,0.16255727046871016
2018-08-12 06:42:00,0.2370708446767935
2018-08-12 06:45:00,0.14959503608776004
2018-08-12 06:48:00,0.12108299773444742
2018-08-12 06:51:00,0.1940441956502923
2018-08-12 06:54:00,0.1401905528448424
2018-08-12 06:57:00,0.17237755682367606
2018-08-12 07:00:00,0.17496221882976215
2018-08-12 07:03:00,0.20461313067227138
2018-08-12 07:06:00,0.12579277765951247
2018-08-12 07:09:00,0.2503400571753218
2018-08-12 07:12:00,0.16001772652970203
2018-08-12 07:15:00,-0.014238026080931832
2018-08-12 07:18:00,0.1525054884317001
2018-08-12 07:21:00,0.1347009555470322
2018-08-12 07:24:00,0.11221063749928817
2018-08-12 07:27:00,0.020088690796967512
2018-08-12 07:30:00,0.08700796200309924
2018-08-12 07:33:00,0.11728565033109817
2018-08-12 07:36:00,0.10585113579605832
2018-08-12 07:39:00,0.05964403441885224
2018-08-12 07:42:00,0.05715754800610284
2018-08-12 07:45:00,0.0639835168664149
2018-08-12 07:48:00,0.05891712758494805
2018-08-12 07:51:00,0.043041881422084316
2018-08-12 07:54:00,0.02754285644874699
2018-08-12 07:57:00,-0.019452567522250774
2018-08-12 08:00:00,0.03996963347441351
2018-08-12 08:03:00,-0.09608296490017665
2018-08-12 08:06:00,0.006418085377049465
2018-08-12 08:09:00,-0.0030494130143665643
2018-08-12 08:12:00,0.007367220154662846
2018-08-12 08:15:00,0.027505107759566272
2018-08-12 08:18:00,-0.05272104031109848
2018-08-12 08:21:00,0.0185696365089143
2018-08-12 08:24:00,-0.017151294639688786
2018-08-12 08:27:00,-0.0777976101302329
2018-08-12 08:30:00,-0.04633682663751415
2018-08-12 08:33:00,-0.04365345471711635
2018-08-12 08:36:00,0.04589946211712004
2018-08-12 08:39:00,-0.1066257053421964
2018-08-12 08:42:00,-0.10352864202627643
2018-08-12 08:45:00,-0.03498376251360469
2018-08-12 08:48:00,-0.029671009129913273
2018-08-12 08:51:00,-0.1045611380735636
2018-08-12 08:54:00,-0.24033379977652203
2018-08-12 08:57:00,-0.19072618917044792
2018-08-12 09:00:00,-0.14160902039873235
2018-08-12 09:03:00,-0.10490189501172154
2018-08-12 09:06:00,-0.1293138175449826
2018-08-12 09:09:00,-0.1914003228157526
2018-08-12 09:12:00,-0.1740038309454235
2018-08-12 09:15:00,-0.20346452939810433
2018-08-12 09:18:00,-0.29949231225646145
2018-08-12 09:21:00,-0.2483489976506803
2018-08-12 09:24:00,-0.2214919015446526
2018-08-12 09:27:00,-0.2307578959889156
2018-08-12 09:30:00,-0.2577891648055015
2018-08-12 09:33:00,-0.269616650528576
2018-08-12 09:36:00,-0.31913636775874465
2018-08-12 09:39:00,-0.1793441751348155
2018-08-12 09:42:00,-0.2687128752327226
2018-08-12 09:45:00,-0.3348940260150357
2018-08-12 09:48:00,-0.18227153656891915
2018-08-12 09:51:00,-0.24163883137691755
2018-08-12 09:54:00,-0.37439129823826534
2018-08-12 09:57:00,-0.3438130564684343
2018-08-12 10:00:00,-0.43313158490047954
2018-08-12 10:03:00,-0.36625343403886745
2018-08-12 10:06:00,-0.32262818677384075
2018-08-12 10:09:00,-0.3256072570984543
2018-08-12 10:12:00,-0.28524978603803675
2018-08-12 10:15:00,-0.33689805214771695
2018-08-12 10:18:00,-0.38345531146529765
2018-08-12 10:21:00,-0.33169789494610313
2018-08-12 10:24:00,-0.34814684670072893
2018-08-12 10:27:00,-0.3970230054102899
2018-08-12 10:30:00,-0.30822918708355473
2018-08-12 10:33:00,-0.4303631597562685
2018-08-12 10:36:00,-0.39123735855395125
2018-08-12 10:39:00,-0.37935356552941357
2018-08-12 10:42:00,-0.40800096947634756
2018-08-12 10:45:00,-0.40070721055360536
2018-08-12 10:48:00,-0.4620631664034818
2018-08-12 10:51:00,-0.40149068746887906
2018-08-12 10:54:00,-0.3621183609218974
2018-08-12 10:57:00,-0.3300976928890691
2018-08-12 11:00:00,-0.3409549506522467
2018-08-12 11:03:00,-0.4159450113970138
2018-08-12 11:06:00,-0.4467616503242198
2018-08-12 11:09:00,-0.39680501980700456
2018-08-12 11:12:00,-0.46630993487428896
2018-08-12 11:15:00,-0.4010017807916597
2018-08-12 11:18:00,-0.4329656836033564
2018-08-12 11:21:00,-0.34896460948687036
2018-08-12 11:24:00,-0.39955238025885365
2018-08-12 11:27:00,-0.4736737424863122
2018-08-12 11:30:00,-0.5389276918766654
2018-08-12 11:33:00,-0.5481839266223574
2018-08-12 11:36:00,-0.5213275288840578
2018-08-12 11:39:00,-0.5299349885571587
2018-08-12 11:42:00,-0.44777896998925826
2018-08-12 11:45:00,-0.4936857800880716
2018-08-12 11:48:00,-0.5354922520832588
2018-08-12 11:51:00,-0.5613942174049953
2018-08-12 11:54:00,-0.4844041978914788
2018-08-12 11:57:00,-0.5268289988744073
2018-08-12 12:00:00,-0.4624499277185805
2018-08-12 12:03:00,-0.3527237755665169
2018-08-12 12:06:00,-0.5271887534821644
2018-08-12 12:09:00,-0.4613698409324911
2018-08-12 12:12:00,-0.5080423339339291
2018-08-12 12:15:00,-0.5834131212244529
2018-08-12 12:18:00,-0.4191442474578366
2018-08-12 12:21:00,-0.5008970275590627
2018-08-12 12:24:00,-0.3691319457189479
2018-08-12 12:27:00,-0.5905361299585934
2018-08-12 12:30:00,-0.5650192642205525
2018-08-12 12:33:00,-0.5418344966732889
2018-08-12 12:36:00,-0.6019879808500832
2018-08-12 12:39:00,-0.5405423982389834
2018-08-12 12:42:00,-0.47425095465854383
2018-08-12 12:45:00,-0.5580083897843906
2018-08-12 12:48:00,-0.5824948096644107
2018-08-12 12:51:00,-0.5309096040573422
2018-08-12 12:54:00,-0.5348307628739803
2018-08-12 12:57:00,-0.5555259478826997
2018-08-12 13:00:00,-0.5343317636244933
2018-08-12 13:03:00,-0.44389961084561946
2018-08-12 13:06:00,-0.5779832241501595
2018-08-12 13:09:00,-0.4812775309131325
2018-08-12 13:12:00,-0.5180891511083132
2018-08-12 13:15:00,-0.5457088803810279
2018-08-12 13:18:00,-0.4680072693701618
2018-08-12 13:21:00,-0.4068345340627957
2018-08-12 13:24:00,-0.5570246814747861
2018-08-12 13:27:00,-0.6307097856506516
2018-08-12 13:30:00,-0.5099406766244101
2018-08-12 13:33:00,-0.48630750835172876
2018-08-12 13:36:00,-0.5403210110465011
2018-08-12 13:39:00,-0.6094015577260734
2018-08-12 13:42:00,-0.515711351701384
2018-08-12 13:45:00,-0.41512347609511835
2018-08-12 13:48:00,-0.6577594257189503
2018-08-12 13:51:00,-0.5756239440543709
2018-08-12 13:54:00,-0.5222591835908474
2018-08-12 13:57:00,-0.5365756681302969
2018-08-12 14:00:00,-0.5444623447862114
2018-08-12 14:03:00,-0.5889940625161216
2018-08-12 14:06:00,-0.6193595438928128
2018-08-12 14:09:00,-0.5648012337053387
2018-08-12 14:12:00,-0.600289233071237
2018-08-12 14:15:00,-0.6565187464177029
2018-08-12 14:18:00,-0.5486425243506119
2018-08-12 14:21:00,-0.5140208609917067
2018-08-12 14:24:00,-0.5455951667760814
2018-08-12 14:27:00,-0.6549518371504064
2018-08-12 14:30:00,-0.6039395041366902
2018-08-12 14:33:00,-0.4852946005604508
2018-08-12 14:36:00,-0.399331539699574
2018-08-12 14:39:00,-0.35089958909702545
2018-08-12 14:42:00,-0.3014218642244373
2018-08-12 14:45:00,-0.3307908489082365
2018-08-12 14:48:00,-0.4405336951342633
2018-08-12 14:51:00,-0.47734931470080255
2018-08-12 14:54:00,-0.5945708074489744
2018-08-12 14:57:00,-0.6149528891294835
2018-08-12 15:00:00,-0.46526094213743363
2018-08-12 15:03:00,-0.5415531670781775
2018-08-12 15:06:00,-0.4893275852591046
2018-08-12 15:09:00,-0.6641879017639098
2018-08-12 15:12:00,-0.41787799484376364
2018-08-12 15:15:00,-0.44128857408452404
2018-08-12 15:18:00,-0.5540880306699592
2018-08-12 15:21:00,-0.4752233713739997
2018-08-12 15:24:00,-0.6577055426527068
2018-08-12 15:27:00,-0.6132888598884279
2018-08-12 15:30:00,-0.5035225203788514
2018-08-12 15:33:00,-0.522745124775156
2018-08-12 15:36:00,-0.48338137548427085
2018-08-12 15:39:00,-0.45474000629315015
2018-08-12 15:42:00,-0.5297788153749252
2018-08-12 15:45:00,-0.5861560735991702
2018-08-12 15:48:00,-0.5246033362215599
2018-08-12 15:51:00,-0.5627415001863483
2018-08-12 15:54:00,-0.5292939819480011
2018-08-12 15:57:00,-0.45755247882726735
2018-08-12 16:00:00,-0.4670503172096119
2018-08-12 16:03:00,-0.6173624168243919
2018-08-12 16:06:00,-0.5768444964991772
2018-08-12 16:09:00,-0.5790728791475317
2018-08-12 16:12:00,-0.5454015804381243
2018-08-12 16:15:00,-0.5117971050626693
2018-08-12 16:18:00,-0.48115899402750983
2018-08-12 16:21:00,-0.5153765808894377
2018-08-12 16:24:00,-0.4840609264284126
2018-08-12 16:27:00,-0.5974653252915232
2018-08-12 16:30:00,-0.6195062424587832
2018-08-12 16:33:00,-0.6685100731226612
2018-08-12 16:36:00,-0.5879579972788065
2018-08-12 16:39:00,-0.5392667874048129
2018-08-12 16:42:00,-0.5689868887674265
2018-08-12 16:45:00,-0.6295225651857095
2018-08-12 16:48:00,-0.5235255534787484
2018-08-12 16:51:00,-0.5198843528867201
2018-08-12 16:54:00,-0.4706109664700193
2018-08-12 16:57:00,-0.6149386846315679
2018-08-12 17:00:00,-0.5724730835952982
2018-08-12 17:03:00,-0.49839651010563557
2018-08-12 17:06:00,-0.49523873084649495
2018-08-12 17:09:00,-0.47126798251491664
2018-08-12 17:12:00,-0.463491048865194
2018-08-12 17:15:00,-0.45212359564783355
2018-08-12 17:18:00,-0.4476193173352385
2018-08-12 17:21:00,-0.4778312597770764
2018-08-12 17:24:00,-0.46553557960737635
2018-08-12 17:27:00,-0.4426582159812824
2018-08-12 17:30:00,-0.43831580353588606
2018-08-12 17:33:00,-0.47387277597425737
2018-08-12 17:36:00,-0.47627167293251205
2018-08-12 17:39:00,-0.4790093545872196
2018-08-12 17:42:00,-0.4434110216540148
2018-08-12 17:45:00,-0.5604447392688598
2018-08-12 17:48:00,-0.555271821910992
2018-08-12 17:51:00,-0.43680445345802354
2018-08-12 17:54:00,-0.4646985672106325
2018-08-12 17:57:00,-0.43225509659498584
2018-08-12 18:00:00,-0.4790923468491428
2018-08-12 18:03:00,-0.363032318743592
2018-08-12 18:06:00,-0.37621000305335883
2018-08-12 18:09:00,-0.30802721763751606
2018-08-12 18:12:00,-0.3916696793651795
2018-08-12 18:15:00,-0.27417159683079717
2018-08-12 18:18:00,-0.336900527344028
2018-08-12 18:21:00,-0.39428353527739546
2018-08-12 18:24:00,-0.28427991023795585
2018-08-12 18:27:00,-0.25495404941648303
2018-08-12 18:30:00,-0.24166756844272186
2018-08-12 18:33:00,-0.25752940681792325
2018-08-12 18:36:00,-0.27835259391764566
2018-08-12 18:39:00,-0.36680690530221227
2018-08-12 18:42:00,-0.34841764195653013
2018-08-12 18:45:00,-0.26687547229988695
2018-08-12 18:48:00,-0.3697897940365351
2018-08-12 18:51:00,-0.25926249768190246
2018-08-12 18:54:00,
2018-08-12 18:57:00,
2018-08-12 19:00:00,
2018-08-12 19:03:00,-0.43830807974899244
2018-08-12 19:06:00,-0.3596343457936655
2018-08-12 19:09:00,-0.41501612725022596
2018-08-12 19:12:00,-0.41605040995835907
2018-08-12 19:15:00,-0.3610959429635159
2018-08-12 19:18:00,-0.2921091122147459
2018-08-12 19:21:00,-0.3405584383117457
2018-08-12 19:24:00,-0.34259848795090875
2018-08-12 19:27:00,-0.34852634122393056
2018-08-12 19:30:00,-0.3312636561653335
2018-08-12 19:33:00,-0.5043228943175109
2018-08-12 19:36:00,-0.3042536694495652
2018-08-12 19:39:00,-0.4324222114815939
2018-08-12 19:42:00,-0.2501136166839615
2018-08-12 19:45:00,-0.2139402321425905
2018-08-12 19:48:00,-0.21295803802473756
2018-08-12 19:51:00,-0.20608824568205364
2018-08-12 19:54:00,-0.1892980284142709
2018-08-12 19:57:00,-0.24546115369309973
2018-08-12 20:00:00,-0.2769498070705936
2018-08-12 20:03:00,-0.25827969372437565
2018-08-12 20:06:00,-0.17319636664035443
2018-08-12 20:09:00,-0.13544251571221366
2018-08-12 20:12:00,-0.22197152305113832
2018-08-12 20:15:00,-0.021359569082676444
2018-08-12 20:18:00,-0.09483358450211199
2018-08-12 20:21:00,-0.18093594031387283
2018-08-12 20:24:00,-0.09371868436812747
2018-08-12 20:27:00,-0.10904824633752241
2018-08-12 20:30:00,-0.07567618220815575
2018-08-12 20:33:00,-0.03670098156584345
2018-08-12 20:36:00,-0.10010075169276433
2018-08-12 20:39:00,-0.04105250769515578
2018-08-12 20:42:00,-0.1997271002397838
2018-08-12 20:45:00,-0.10859165741339893
2018-08-12 20:48:00,-0.11957290930678255
2018-08-12 20:51:00,-0.12551048204977633
2018-08-12 20:54:00,-0.06728605284445166
2018-08-12 20:57:00,-0.14869855542286814
2018-08-12 21:00:00,-0.12487690797183859
2018-08-12 21:03:00,-0.19381389918663672
2018-08-12 21:06:00,-0.13273422141605806
2018-08-12 21:09:00,-0.11856095913850595
2018-08-12 21:12:00,-0.08629500176601823
2018-08-12 21:15:00,-0.10114438080728405
2018-08-12 21:18:00,-0.07493450971298898
2018-08-12 21:21:00,-0.07416840240421152
2018-08-12 21:24:00,-0.04364078724728415
2018-08-12 21:27:00,-0.11559333662398785
2018-08-12 21:30:00,-0.02099492837470507
2018-08-12 21:33:00,-0.09850950672694125
2018-08-12 21:36:00,-0.00014824685865733045
2018-08-12 21:39:00,0.008784566754002299
2018-08-12 21:42:00,0.05058229294348848
2018-08-12 21:45:00,0.0022606944311291954
2018-08-12 21:48:00,-0.01496627842163889
2018-08-12 21:51:00,-0.02608654157086221
2018-08-12 21:54:00,-0.0869707375921962
2018-08-12 21:57:00,-0.1257891359043697
2018-08-12 22:00:00,-0.011817819649024841
2018-08-12 22:03:00,-0.08036889714816198
2018-08-12 22:06:00,-0.0753518116356986
2018-08-12 22:09:00,-0.07536030530894777
2018-08-12 22:12:00,-0.11130719736809169
2018-08-12 22:15:00,-0.16783493159221052
2018-08-12 22:18:00,-0.03697843785118948
2018-08-12 22:21:00,-0.125943153161586
2018-08-12 22:24:00,-0.07555912730538239
2018-08-12 22:27:00,-0.003672437080979307
2018-08-12 22:30:00,-0.022556125818709916
2018-08-12 22:33:00,-0.0737983467590766
2018-08-12 22:36:00,-0.031869766657337095
2018-08-12 22:39:00,-0.08306820902942036
2018-08-12 22:42:00,-0.039193294732513095
2018-08-12 22:45:00,-0.03650052569270201
2018-08-12 22:48:00,-0.08767814036531263
2018-08-12 22:51:00,-0.05757634133379952
2018-08-12 22:54:00,-0.11232273988025554
2018-08-12 22:57:00,-0.08350258845717917
2018-08-12 23:00:00,-0.12124478204088973
2018-08-12 23:03:00,-0.1625014468057202
2018-08-12 23:06:00,-0.07401238391611287
2018-08-12 23:09:00,-0.11232089604970952
2018-08-12 23:12:00,-0.11034308102694013
2018-08-12 23:15:00,-0.027594200369662758
2018-08-12 23:18:00,-0.15411227830600183
2018-08-12 23:21:00,-0.03584273848196062
2018-08-12 23:24:00,0.03239973371995575
2018-08-12 23:27:00,-0.04725546563417993
2018-08-12 23:30:00,0.017904782011214593
2018-08-12 23:33:00,0.05829231975235416
2018-08-12 23:36:00,-0.020201715793632502
2018-08-12 23:39:00,0.07982567532388885
2018-08-12 23:42:00,0.07461567496818589
2018-08-12 23:45:00,0.020779365807698014
2018-08-12 23:48:00,0.08257228502111502
2018-08-12 23:51:00,0.13724792305794153
2018-08-12 23:54:00,0.12787585146037372
2018-08-12 23:57:00,0.13382008854347305
2018-08-13 00:00:00,0.11775728442046329
2018-08-13 00:03:00,0.10261636357455473
2018-08-13 00:06:00,0.16412858464019564
2018-08-13 00:09:00,0.15456360336332864
2018-08-13 00:12:00,0.07788753066404297
2018-08-13 00:15:00,0.030230511299350837
2018-08-13 00:18:00,0.015038976416917649
2018-08-13 00:21:00,-0.0014933181724927636
2018-08-13 00:24:00,-0.02238356452073731
2018-08-13 00:27:00,-0.004335722594078106
2018-08-13 00:30:00,0.006572855573608649
2018-08-13 00:33:00,0.06589963600271176
2018-08-13 00:36:00,-0.033885950373871765
2018-08-13 00:39:00,0.029535621582226668
2018-08-13 00:42:00,0.06309325708343749
2018-08-13 00:45:00,0.16939336580327335
2018-08-13 00:48:00,0.17756732346981607
2018-08-13 00:51:00,0.08493196244523915
2018-08-13 00:54:00,0.08780489199034491
2018-08-13 00:57:00,0.0007287742577091194
2018-08-13 01:00:00,0.10758420272031799
2018-08-13 01:03:00,0.0211635698786381
2018-08-13 01:06:00,0.08222891138348132
2018-08-13 01:09:00,0.021563213145554982
2018-08-13 01:12:00,0.10802118693959528
2018-08-13 01:15:00,0.1273984166909372
2018-08-13 01:18:00,0.1433989408745333
2018-08-13 01:21:00,0.14427881787366914
2018-08-13 01:24:00,0.09167016979648679
2018-08-13 01:27:00,0.11816503131666423
2018-08-13 01:30:00,0.09586073142298801
2018-08-13 01:33:00,0.06861757172310945
2018-08-13 01:36:00,0.06791908261959634
2018-08-13 01:39:00,0.016243457318864785
2018-08-13 01:42:00,0.0466466105212362
2018-08-13 01:45:00,0.06497765384426657
2018-08-13 01:48:00,0.06217962875302874
2018-08-13 01:51:00,0.13658044912705236
2018-08-13 01:54:00,0.14929424840880756
2018-08-13 01:57:00,0.09479423722569891
2018-08-13 02:00:00,0.10236745701092786
2018-08-13 02:03:00,0.07379036659062876
2018-08-13 02:06:00,0.11429955220609145
2018-08-13 02:09:00,0.1779468047402588
2018-08-13 02:12:00,0.26656378286224935
2018-08-13 02:15:00,0.11060979829454709
2018-08-13 02:18:00,0.11842251139415794
2018-08-13 02:21:00,0.09726082437043715
2018-08-13 02:24:00,0.11760898913018991
2018-08-13 02:27:00,0.11090971947544404
2018-08-13 02:30:00,0.002108090196657031
2018-08-13 02:33:00,0.061255616635889965
2018-08-13 02:36:00,0.06554798760544145
2018-08-13 02:39:00,0.2013679053161468
2018-08-13 02:42:00,0.059199889985393384
2018-08-13 02:45:00,0.18113049767686107
2018-08-13 02:48:00,0.11780969536579278
2018-08-13 02:51:00,0.14270135636161285
2018-08-13 02:54:00,0.1343663842712317
2018-08-13 02:57:00,0.12581567398547122
2018-08-13 03:00:00,0.11517345120165601
2018-08-13 03:03:00,0.229288109080926
2018-08-13 03:06:00,0.06599362800335484
2018-08-13 03:09:00,0.14157347525133446
2018-08-13 03:12:00,0.1286626541638043
2018-08-13 03:15:00,0.1505874301282688
2018-08-13 03:18:00,0.18524591177748562
2018-08-13 03:21:00,0.04034966501535564
2018-08-13 03:24:00,0.16754480191525545
2018-08-13 03:27:00,0.14480867799773023
2018-08-13 03:30:00,0.21925706718934634
2018-08-13 03:33:00,0.26794533805457377
2018-08-13 03:36:00,0.14170565371188104
2018-08-13 03:39:00,0.11586521328456456
2018-08-13 03:42:00,0.07370816392784718
2018-08-13 03:45:00,0.08657502577938203
2018-08-13 03:48:00,0.18976070934451172
2018-08-13 03:51:00,0.17119162454991965
2018-08-13 03:54:00,0.12450974203312626
2018-08-13 03:57:00,0.13656679616519796
2018-08-13 04:00:00,0.1512106451017985
2018-08-13 04:03:00,0.2200076957147985
2018-08-13 04:06:00,0.17308555335728215
2018-08-13 04:09:00,0.06713254047565442
2018-08-13 04:12:00,0.18375824235289429
2018-08-13 04:15:00,0.13859744584448208
2018-08-13 04:18:00,0.12379236363011614
2018-08-13 04:21:00,0.18719652263092712
2018-08-13 04:24:00,0.10730879478643374
2018-08-13 04:27:00,0.20963576844616227
2018-08-13 04:30:00,0.1816376328749243
2018-08-13 04:33:00,0.21228527034787703
2018-08-13 04:36:00,0.23020683630034
2018-08-13 04:39:00,0.12386722828819074
2018-08-13 04:42:00,0.13524657304509446
2018-08-13 04:45:00,0.1759233282360242
2018-08-13 04:48:00,0.18262520757929224
2018-08-13 04:51:00,0.23845491721658618
2018-08-13 04:54:00,0.2431646322795018
2018-08-13 04:57:00,0.2810933661383501
2018-08-13 05:00:00,0.15407945068176332
2018-08-13 05:03:00,0.25271782601527093
2018-08-13 05:06:00,0.2260864327512877
2018-08-13 05:09:00,0.24802930925289957
2018-08-13 05:12:00,0.2715724075164303
2018-08-13 05:15:00,0.2851213187460644
2018-08-13 05:18:00,0.18242940332027047
2018-08-13 05:21:00,0.21552872071538332
2018-08-13 05:24:00,0.17416840138724865
2018-08-13 05:27:00,0.18075625572350873
2018-08-13 05:30:00,0.26813762720775003
2018-08-13 05:33:00,0.12302151309540932
2018-08-13 05:36:00,0.15730802731144422
2018-08-13 05:39:00,0.15517497332103858
2018-08-13 05:42:00,0.2027667943196434
2018-08-13 05:45:00,0.08233720536787814
2018-08-13 05:48:00,0.1573543883219486
2018-08-13 05:51:00,0.2608276800842759
2018-08-13 05:54:00,0.18954097349148924
2018-08-13 05:57:00,0.16188577501145573
2018-08-13 06:00:00,0.2736766113700355
2018-08-13 06:03:00,0.14652026986544797
2018-08-13 06:06:00,0.08803888444060703
2018-08-13 06:09:00,0.10460067843644083
2018-08-13 06:12:00,0.1401427157529156
2018-08-13 06:15:00,0.1667590857029495
2018-08-13 06:18:00,0.18391365866096976
2018-08-13 06:21:00,0.12090905320366119
2018-08-13 06:24:00,0.08382600481587588
2018-08-13 06:27:00,0.11710222886296151
2018-08-13 06:30:00,0.08960644215852653
2018-08-13 06:33:00,0.17840481319717583
2018-08-13 06:36:00,0.07815184183596102
2018-08-13 06:39:00,0.1459702546284234
2018-08-13 06:42:00,0.09869329193526255
2018-08-13 06:45:00,0.1610339738550124
2018-08-13 06:48:00,0.14320555200822582
2018-08-13 06:51:00,0.08545559353115095
2018-08-13 06:54:00,0.13730027407683565
2018-08-13 06:57:00,0.16551148030669083
2018-08-13 07:00:00,0.11803548291305788
2018-08-13 07:03:00,0.10369410100855703
2018-08-13 07:06:00,0.11919604468420175
2018-08-13 07:09:00,0.04887848243549797
2018-08-13 07:12:00,0.1342220331088697
2018-08-13 07:15:00,0.10702711461647141
2018-08-13 07:18:00,0.13904582260653342
2018-08-13 07:21:00,0.05151947493015996
2018-08-13 07:24:00,0.05259140972077603
2018-08-13 07:27:00,0.07682425542822102
2018-08-13 07:30:00,0.07476084740409306
2018-08-13 07:33:00,0.009970901760084416
2018-08-13 07:36:00,0.06918054192323098
2018-08-13 07:39:00,-0.02653261337763979
2018-08-13 07:42:00,-0.12426024636641841
2018-08-13 07:45:00,-0.033341937680347655
2018-08-13 07:48:00,0.03125811471329598
2018-08-13 07:51:00,0.025196510132275307
2018-08-13 07:54:00,0.05932825926981877
2018-08-13 07:57:00,0.021269542567779354
2018-08-13 08:00:00,-0.05049168081575317
2018-08-13 08:03:00,-0.17531898796562473
2018-08-13 08:06:00,-0.1460946537918062
2018-08-13 08:09:00,-0.11078768631898583
2018-08-13 08:12:00,-0.06058511665861488
2018-08-13 08:15:00,-0.09238403941475326
2018-08-13 08:18:00,-0.07973809146938038
2018-08-13 08:21:00,-0.15069250631199793
2018-08-13 08:24:00,-0.09230041861195559
2018-08-13 08:27:00,-0.062024910847299
2018-08-13 08:30:00,-0.0880276528836248
2018-08-13 08:33:00,-0.08372235780052506
2018-08-13 08:36:00,-0.04992521069721079
2018-08-13 08:39:00,-0.14585670288539632
2018-08-13 08:42:00,-0.18127148510393454
2018-08-13 08:45:00,-0.07829166910249796
2018-08-13 08:48:00,-0.11858165303266333
2018-08-13 08:51:00,-0.12625502261107613
2018-08-13 08:54:00,-0.09883857596986445
2018-08-13 08:57:00,-0.18477225535173147
2018-08-13 09:00:00,-0.21200919992628542
2018-08-13 09:03:00,-0.2254263629750426
2018-08-13 09:06:00,-0.16391241128309275
2018-08-13 09:09:00,-0.17024900324764758
2018-08-13 09:12:00,-0.18462553623317035
2018-08-13 09:15:00,-0.16170436803486155
2018-08-13 09:18:00,-0.2613732774748314
2018-08-13 09:21:00,-0.18579051597293983
2018-08-13 09:24:00,-0.2643989546343164
2018-08-13 09:27:00,-0.3000171803457192
2018-08-13 09:30:00,-0.22905549664488944
2018-08-13 09:33:00,-0.3268910576628059
2018-08-13 09:36:00,-0.22748610807911973
2018-08-13 09:39:00,-0.21015291533632308
2018-08-13 09:42:00,-0.2552435282927945
2018-08-13 09:45:00,-0.29515644552702724
2018-08-13 09:48:00,-0.27473209809181753
2018-08-13 09:51:00,-0.3119102532405691
2018-08-13 09:54:00,-0.3551799436287979
2018-08-13 09:57:00,-0.27878647242783927
2018-08-13 10:00:00,-0.2905793349549981
2018-08-13 10:03:00,-0.3492682882506415
2018-08-13 10:06:00,-0.36024236734095894
2018-08-13 10:09:00,-0.46423497854272
2018-08-13 10:12:00,-0.3858823304505563
2018-08-13 10:15:00,-0.3345504702605808
2018-08-13 10:18:00,-0.39496610742946814
2018-08-13 10:21:00,-0.46494217004959637
2018-08-13 10:24:00,-0.40253348187854954
2018-08-13 10:27:00,-0.4091115183754255
2018-08-13 10:30:00,-0.3675752775507135
2018-08-13 10:33:00,-0.44843251000975215
2018-08-13 10:36:00,-0.45013345202369237
2018-08-13 10:39:00,-0.47352253782861453
2018-08-13 10:42:00,-0.5059015610062261
2018-08-13 10:45:00,-0.3877441884602604
2018-08-13 10:48:00,-0.34099529969478226
2018-08-13 10:51:00,-0.3837396694103745
2018-08-13 10:54:00,-0.4885897844424676
2018-08-13 10:57:00,-0.44814315286294004
2018-08-13 11:00:00,-0.3929070301550155
2018-08-13 11:03:00,-0.3018709490394258
2018-08-13 11:06:00,-0.39431272286122976
2018-08-13 11:09:00,-0.1911294556709322
2018-08-13 11:12:00,-0.47659198165496264
2018-08-13 11:15:00,-0.4154166486441113
2018-08-13 11:18:00,-0.4995754362963112
2018-08-13 11:21:00,-0.3134211994142788
2018-08-13 11:24:00,-0.48011286131276165
2018-08-13 11:27:00,-0.4496508836408566
2018-08-13 11:30:00,-0.43846168965387733
2018-08-13 11:33:00,-0.39315339638153546
2018-08-13 11:36:00,-0.49197045722280563
2018-08-13 11:39:00,-0.5177178023492388
2018-08-13 11:42:00,-0.4588834905237036
2018-08-13 11:45:00,-0.5086250110319952
2018-08-13 11:48:00,-0.49738198530207
2018-08-13 11:51:00,-0.4247574700133896
2018-08-13 11:54:00,-0.43919821829911143
2018-08-13 11:57:00,-0.5309922446215865
2018-08-13 12:00:00,-0.5081536513031892
2018-08-13 12:03:00,-0.530865828398305
2018-08-13 12:06:00,-0.6254824709517948
2018-08-13 12:09:00,-0.4005891015426073
2018-08-13 12:12:00,-0.609929789144644
2018-08-13 12:15:00,-0.44488964848790147
2018-08-13 12:18:00,-0.6420148986917411
2018-08-13 12:21:00,-0.5834204069466864
2018-08-13 12:24:00,-0.5994274175836267
2018-08-13 12:27:00,-0.5106261939463934
2018-08-13 12:30:00,-0.6185300593823513
2018-08-13 12:33:00,-0.6613295057109667
2018-08-13 12:36:00,-0.5252993106385588
2018-08-13 12:39:00,-0.5892846414880637
2018-08-13 12:42:00,-0.28212255226014804
2018-08-13 12:45:00,-0.3821945221751548
2018-08-13 12:48:00,-0.49548198896110307
2018-08-13 12:51:00,-0.6206677471679996
2018-08-13 12:54:00,-0.6318604454971251
2018-08-13 12:57:00,-0.6076742596529243
2018-08-13 13:00:00,-0.4524576750350775
2018-08-13 13:03:00,-0.14781991279625117
2018-08-13 13:06:00,-0.3865766942628852
2018-08-13 13:09:00,-0.5839433737508557
2018-08-13 13:12:00,-0.39973479479345997
2018-08-13 13:15:00,-0.4329443508277677
2018-08-13 13:18:00,-0.27745043314030227
2018-08-13 13:21:00,-0.45986149365080564
2018-08-13 13:24:00,-0.613076543463194
2018-08-13 13:27:00,-0.6334675845106403
2018-08-13 13:30:00,-0.6357254339295082
2018-08-13 13:33:00,-0.561372056305629
2018-08-13 13:36:00,-0.4665718623343764
2018-08-13 13:39:00,-0.4743901860434221
2018-08-13 13:42:00,-0.381600900431863
2018-08-13 13:45:00,-0.48373996956632936
2018-08-13 13:48:00,-0.5538200964900852
2018-08-13 13:51:00,-0.5575866914605854
2018-08-13 13:54:00,-0.349693393312009
2018-08-13 13:57:00,-0.21568766069799494
2018-08-13 14:00:00,-0.12340825798941069
2018-08-13 14:03:00,-0.2446671586403113
2018-08-13 14:06:00,-0.4625007444819289
2018-08-13 14:09:00,-0.3847587319718855
2018-08-13 14:12:00,-0.5036138879767122
2018-08-13 14:15:00,-0.4297552796965647
2018-08-13 14:18:00,-0.43090686169006176
2018-08-13 14:21:00,-0.189954867168467
2018-08-13 14:24:00,-0.30404310198372286
2018-08-13 14:27:00,-0.5474994244469258
2018-08-13 14:30:00,-0.42429632689174923
2018-08-13 14:33:00,-0.26866153476782983
2018-08-13 14:36:00,-0.45524378886949535
2018-08-13 14:39:00,-0.5477303924275816
2018-08-13 14:42:00,-0.6282493147675154
2018-08-13 14:45:00,-0.6037543174244888
2018-08-13 14:48:00,-0.495188272581629
2018-08-13 14:51:00,-0.6344482608218982
2018-08-13 14:54:00,-0.5707421905462979
2018-08-13 14:57:00,-0.5553941250411185
2018-08-13 15:00:00,-0.5572478721550738
2018-08-13 15:03:00,-0.5252518915959286
2018-08-13 15:06:00,-0.545525221209914
2018-08-13 15:09:00,-0.6616864829968563
2018-08-13 15:12:00,-0.5589148343852344
2018-08-13 15:15:00,-0.5667001207515909
2018-08-13 15:18:00,-0.647949836462999
2018-08-13 15:21:00,-0.5164454770799694
2018-08-13 15:24:00,-0.5008583359980321
2018-08-13 15:27:00,-0.5818539504268756
2018-08-13 15:30:00,-0.547414360582934
2018-08-13 15:33:00,-0.562853337187903
2018-08-13 15:36:00,-0.7119355523117861
2018-08-13 15:39:00,-0.5474443663061379
2018-08-13 15:42:00,-0.5962363483936883
2018-08-13 15:45:00,-0.621856264577616
2018-08-13 15:48:00,-0.598299450526099
2018-08-13 15:51:00,-0.6210413502353731
2018-08-13 15:54:00,-0.689831852157738
2018-08-13 15:57:00,-0.6118301233440206
2018-08-13 16:00:00,-0.6824512201411039
2018-08-13 16:03:00,-0.6716318396809129
2018-08-13 16:06:00,-0.583434064266612
2018-08-13 16:09:00,-0.5686018308730354
2018-08-13 16:12:00,-0.49258859256201504
2018-08-13 16:15:00,-0.6709435775387078
2018-08-13 16:18:00,-0.5889761428664997
2018-08-13 16:21:00,-0.6914274546759884
2018-08-13 16:24:00,-0.6015411056050084
2018-08-13 16:27:00,-0.6963104242784652
2018-08-13 16:30:00,-0.6288358127234233
2018-08-13 16:33:00,-0.5450162471180988
2018-08-13 16:36:00,-0.5023260037167461
2018-08-13 16:39:00,-0.58549305852614
2018-08-13 16:42:00,-0.6172980959353254
2018-08-13 16:45:00,-0.5636876720487294
2018-08-13 16:48:00,-0.6976456580710533
2018-08-13 16:51:00,-0.5587483686112478
2018-08-13 16:54:00,-0.4564454524276016
2018-08-13 16:57:00,-0.42879635707606667
2018-08-13 17:00:00,-0.5991902250449925
2018-08-13 17:03:00,-0.34881214937843197
2018-08-13 17:06:00,-0.6250611860993445
2018-08-13 17:09:00,-0.5028121268438781
2018-08-13 17:12:00,-0.4551088308909357
2018-08-13 17:15:00,-0.4707128563499623
2018-08-13 17:18:00,-0.4263773710832197
2018-08-13 17:21:00,-0.40682547192454876
2018-08-13 17:24:00,-0.3540208464356738
2018-08-13 17:27:00,-0.3168963585172264
2018-08-13 17:30:00,-0.3935005096954569
2018-08-13 17:33:00,-0.3702868365531913
2018-08-13 17:36:00,-0.30253253935592284
2018-08-13 17:39:00,-0.30193740768339694
2018-08-13 17:42:00,-0.3099923173044772
2018-08-13 17:45:00,-0.307738296962782
2018-08-13 17:48:00,-0.3756010782085468
2018-08-13 17:51:00,-0.4009534434723605
2018-08-13 17:54:00,-0.31628272277112046
2018-08-13 17:57:00,-0.28446669659922463
2018-08-13 18:00:00,-0.28518379900384616
2018-08-13 18:03:00,-0.13798426553296395
2018-08-13 18:06:00,-0.17481209622462757
2018-08-13 18:09:00,-0.3052994990836737
2018-08-13 18:12:00,-0.19029862370666706
2018-08-13 18:15:00,-0.13941346531521503
2018-08-13 18:18:00,-0.24747680081048884
2018-08-13 18:21:00,-0.2140988809721307
2018-08-13 18:24:00,0.013747118995866003
2018-08-13 18:27:00,0.03324951428817258
2018-08-13 18:30:00,-0.10047724199625918
2018-08-13 18:33:00,0.039146181047101436
2018-08-13 18:36:00,0.1062124120424528
2018-08-13 18:39:00,-0.09328796732819455
2018-08-13 18:42:00,-0.19198519550946003
2018-08-13 18:45:00,-0.17103228845371632
2018-08-13 18:48:00,-0.238241663338556
2018-08-13 18:51:00,-0.24896856212649254
2018-08-13 18:54:00,
2018-08-13 18:57:00,
2018-08-13 19:00:00,
2018-08-13 19:03:00,-0.31385482925537644
2018-08-13 19:06:00,-0.25531796136215235
2018-08-13 19:09:00,-0.26905428739922854
2018-08-13 19:12:00,-0.29924156082790887
2018-08-13 19:15:00,-0.29413156495462545
2018-08-13 19:18:00,-0.2962686663471459
2018-08-13 19:21:00,-0.29829271299473703
2018-08-13 19:24:00,-0.19703450549405943
2018-08-13 19:27:00,-0.2232041559634581
2018-08-13 19:30:00,-0.19264611073987226
2018-08-13 19:33:00,-0.22676590738029745
2018-08-13 19:36:00,-0.20435432769733097
2018-08-13 19:39:00,-0.1876490326471867
2018-08-13 19:42:00,-0.14291397643034998
2018-08-13 19:45:00,-0.07394536300199661
2018-08-13 19:48:00,-0.15112143883612816
2018-08-13 19:51:00,-0.06326191807153236
2018-08-13 19:54:00,-0.14330455555528943
2018-08-13 19:57:00,-0.060470003705802355
2018-08-13 20:00:00,-0.04909328324549733
2018-08-13 20:03:00,-0.029233132256820227
2018-08-13 20:06:00,-0.1292225298045082
2018-08-13 20:09:00,-0.03424810085186891
2018-08-13 20:12:00,-0.12526578383932474
2018-08-13 20:15:00,-0.2185994426214961
2018-08-13 20:18:00,-0.12846915606490938
2018-08-13 20:21:00,-0.17999510747176828
2018-08-13 20:24:00,-0.08442117366291768
2018-08-13 20:27:00,-0.09958209926094241
2018-08-13 20:30:00,-0.04888860214549595
2018-08-13 20:33:00,-0.07101622035878563
2018-08-13 20:36:00,0.059093498501056274
2018-08-13 20:39:00,0.002969481594334411
2018-08-13 20:42:00,0.06172005090661514
2018-08-13 20:45:00,0.02326457192958742
2018-08-13 20:48:00,-0.06418624647704974
2018-08-13 20:51:00,0.0999976808068368
2018-08-13 20:54:00,0.024395707135738576
2018-08-13 20:57:00,0.03774049533711832
2018-08-13 21:00:00,-0.11154140424713432
2018-08-13 21:03:00,-0.14771885920595196
2018-08-13 21:06:00,-0.07332997738035374
2018-08-13 21:09:00,-0.04849908027597394
2018-08-13 21:12:00,-0.05090073163529496
2018-08-13 21:15:00,-0.06850008281872988
2018-08-13 21:18:00,-1.652138354302224e-05
2018-08-13 21:21:00,-0.037706100686762056
2018-08-13 21:24:00,-0.007130638321882543
2018-08-13 21:27:00,-0.11688426882574277
2018-08-13 21:30:00,-0.011479134067258201
2018-08-13 21:33:00,-0.03311844991083035
2018-08-13 21:36:00,-0.07229108747964119
2018-08-13 21:39:00,-0.049013635109702136
2018-08-13 21:42:00,-0.03479583770757699
2018-08-13 21:45:00,-0.006551337637120014
2018-08-13 21:48:00,-0.005595239184970069
2018-08-13 21:51:00,0.021389301005569905
2018-08-13 21:54:00,-0.02405918282931907
2018-08-13 21:57:00,-0.02378435466658857
2018-08-13 22:00:00,-0.03722281968180141
2018-08-13 22:03:00,-0.03142750677409367
2018-08-13 22:06:00,0.019796204254475924
2018-08-13 22:09:00,0.02438426876676658
2018-08-13 22:12:00,0.0724106816618928
2018-08-13 22:15:00,0.021934122522452526
2018-08-13 22:18:00,0.15950025934427003
2018-08-13 22:21:00,0.09661616605592371
2018-08-13 22:24:00,0.10259123981143148
2018-08-13 22:27:00,0.1781253893348662
2018-08-13 22:30:00,0.18615999081902146
2018-08-13 22:33:00,0.23551372775773416
2018-08-13 22:36:00,0.20231586196729268
2018-08-13 22:39:00,0.15602551972637002
2018-08-13 22:42:00,0.21282809425201776
2018-08-13 22:45:00,0.27760432171368166
2018-08-13 22:48:00,0.2804381332074968
2018-08-13 22:51:00,0.19955303937183544
2018-08-13 22:54:00,0.26247635730948105
2018-08-13 22:57:00,0.36434882257788104
2018-08-13 23:00:00,0.4667103934187935
2018-08-13 23:03:00,0.3871701373988685
2018-08-13 23:06:00,0.37231735137004307
2018-08-13 23:09:00,0.2818087537735323
2018-08-13 23:12:00,0.3549238963823882
2018-08-13 23:15:00,0.5048176846553929
2018-08-13 23:18:00,0.38772339210248674
2018-08-13 23:21:00,0.4834861248671132
2018-08-13 23:24:00,0.43137637958687947
2018-08-13 23:27:00,0.4659493156755161
2018-08-13 23:30:00,0.44075889210262176
2018-08-13 23:33:00,0.605673717527111
2018-08-13 23:36:00,0.4483294230421393
2018-08-13 23:39:00,0.44033526998356365
2018-08-13 23:42:00,0.5949130896291877
2018-08-13 23:45:00,0.45903775274393865
2018-08-13 23:48:00,0.47270901501235585
2018-08-13 23:51:00,0.424556684500601
2018-08-13 23:54:00,0.43984903183820734
2018-08-13 23:57:00,0.36731102607944877
2018-08-14 00:00:00,0.4431554966604949
2018-08-14 00:03:00,0.36039780089174656
2018-08-14 00:06:00,0.3055463553990876
2018-08-14 00:09:00,0.2829211998287633
2018-08-14 00:12:00,0.34133154001750654
2018-08-14 00:15:00,0.26948328902369667
2018-08-14 00:18:00,0.3425189982839356
2018-08-14 00:21:00,0.3596739114613001
2018-08-14 00:24:00,0.2909456099586123
2018-08-14 00:27:00,0.33404258663375686
2018-08-14 00:30:00,0.42686388730299996
2018-08-14 00:33:00,0.3338703751671801
2018-08-14 00:36:00,0.4123618294194671
2018-08-14 00:39:00,0.39919255556213784
2018-08-14 00:42:00,0.429512756447366
2018-08-14 00:45:00,0.5250010848551483
2018-08-14 00:48:00,0.4804942697692809
2018-08-14 00:51:00,0.5016626254260359
2018-08-14 00:54:00,0.48568390929813177
2018-08-14 00:57:00,0.4939579036370674
2018-08-14 01:00:00,0.38544990756133757
2018-08-14 01:03:00,0.4809758969701079
2018-08-14 01:06:00,0.44463507313531636
2018-08-14 01:09:00,0.44374505221941263
2018-08-14 01:12:00,0.39967280691240603
2018-08-14 01:15:00,0.5029067907142348
2018-08-14 01:18:00,0.5208035663456485
2018-08-14 01:21:00,0.4493629151137952
2018-08-14 01:24:00,0.41335326169604514
2018-08-14 01:27:00,0.39326445561289347
2018-08-14 01:30:00,0.4501708337217565
2018-08-14 01:33:00,0.45009464733738014
2018-08-14 01:36:00,0.47328866998998365
2018-08-14 01:39:00,0.4358551985735062
2018-08-14 01:42:00,0.5077451529632526
2018-08-14 01:45:00,0.5673224466725628
2018-08-14 01:48:00,0.5334794976899957
2018-08-14 01:51:00,0.4942271698720333
2018-08-14 01:54:00,0.5240141874860456
2018-08-14 01:57:00,0.44635070134035004
2018-08-14 02:00:00,0.41919683492471904
2018-08-14 02:03:00,0.406372179104892
2018-08-14 02:06:00,0.3471957873168776
2018-08-14 02:09:00,0.4104378546149974
2018-08-14 02:12:00,0.4200253084608221
2018-08-14 02:15:00,0.3375348577814634
2018-08-14 02:18:00,0.40143754573676915
2018-08-14 02:21:00,0.38439384163859813
2018-08-14 02:24:00,0.37699091758548775
2018-08-14 02:27:00,0.45628260198930093
2018-08-14 02:30:00,0.4455570820008461
2018-08-14 02:33:00,0.49067233330873705
2018-08-14 02:36:00,0.2932586059188793
2018-08-14 02:39:00,0.32352947161734846
2018-08-14 02:42:00,0.33217654022882925
2018-08-14 02:45:00,0.4442651548690719
2018-08-14 02:48:00,0.389736762637483
2018-08-14 02:51:00,0.40088708756735514
2018-08-14 02:54:00,0.409768436107413
2018-08-14 02:57:00,0.3365748572468874
2018-08-14 03:00:00,0.33108146776885405
2018-08-14 03:03:00,0.3262453923887847
2018-08-14 03:06:00,0.3375508344080913
2018-08-14 03:09:00,0.4403267637013073
2018-08-14 03:12:00,0.43657864881237174
2018-08-14 03:15:00,0.3836451584124916
2018-08-14 03:18:00,0.4931466839110499
2018-08-14 03:21:00,0.46132470706572803
2018-08-14 03:24:00,0.43271412680064714
2018-08-14 03:27:00,0.4078956416767028
2018-08-14 03:30:00,0.2736616799400622
2018-08-14 03:33:00,0.47435045481637417
2018-08-14 03:36:00,0.4257860726048648
2018-08-14 03:39:00,0.39155603272939743
2018-08-14 03:42:00,0.40740379162610907
2018-08-14 03:45:00,0.42474104470829843
2018-08-14 03:48:00,0.2756387997690126
2018-08-14 03:51:00,0.38092508824223614
2018-08-14 03:54:00,0.5009122612559622
2018-08-14 03:57:00,0.3150924896171432
2018-08-14 04:00:00,0.3810002726380617
2018-08-14 04:03:00,0.31677820864388195
2018-08-14 04:06:00,0.391434830356161
2018-08-14 04:09:00,0.26495951113179217
2018-08-14 04:12:00,0.3230230463925068
2018-08-14 04:15:00,0.3123017365328451
2018-08-14 04:18:00,0.3517001914980824
2018-08-14 04:21:00,0.26902456683978926
2018-08-14 04:24:00,0.31042680011137236
2018-08-14 04:27:00,0.28441456035631063
2018-08-14 04:30:00,0.35286820772586225
2018-08-14 04:33:00,0.3477468635365426
2018-08-14 04:36:00,0.3918915783448824
2018-08-14 04:39:00,0.30676724353406826
2018-08-14 04:42:00,0.3698330592969796
2018-08-14 04:45:00,0.34110440894772864
2018-08-14 04:48:00,0.38477874644985377
2018-08-14 04:51:00,0.36472893669946416
2018-08-14 04:54:00,0.38810081121118856
2018-08-14 04:57:00,0.36141887269121753
2018-08-14 05:00:00,0.250971650302688
2018-08-14 05:03:00,0.2648212049547283
2018-08-14 05:06:00,0.3170635328603453
2018-08-14 05:09:00,0.27987397339592235
2018-08-14 05:12:00,0.27767083660745584
2018-08-14 05:15:00,0.39557065394274105
2018-08-14 05:18:00,0.26961170068125284
2018-08-14 05:21:00,0.33975563858609803
2018-08-14 05:24:00,0.29197075105133763
2018-08-14 05:27:00,0.3176059053598692
2018-08-14 05:30:00,0.27546314755056756
2018-08-14 05:33:00,0.2646035606214241
2018-08-14 05:36:00,0.3305586349811165
2018-08-14 05:39:00,0.21817589782176583
2018-08-14 05:42:00,0.29182838403886535
2018-08-14 05:45:00,0.3480682127258774
2018-08-14 05:48:00,0.302540774014858
2018-08-14 05:51:00,0.262821087760301
2018-08-14 05:54:00,0.2680789886612729
2018-08-14 05:57:00,0.3280287657581198
2018-08-14 06:00:00,0.34998759442237315
2018-08-14 06:03:00,0.3072729279700752
2018-08-14 06:06:00,0.25769437143043206
2018-08-14 06:09:00,0.3306399389976491
2018-08-14 06:12:00,0.27728835111645367
2018-08-14 06:15:00,0.318424455308957
2018-08-14 06:18:00,0.32355347527226286
2018-08-14 06:21:00,0.30158672636116535
2018-08-14 06:24:00,0.2574504155517161
2018-08-14 06:27:00,0.17666324237563913
2018-08-14 06:30:00,0.2890629389740411
2018-08-14 06:33:00,0.3417516911094367
2018-08-14 06:36:00,0.2796464979144275
2018-08-14 06:39:00,0.23260470424008872
2018-08-14 06:42:00,0.2809854132581222
2018-08-14 06:45:00,0.382323495799028
2018-08-14 06:48:00,0.3211574211323409
2018-08-14 06:51:00,0.33305658445931385
2018-08-14 06:54:00,0.31588499533904724
2018-08-14 06:57:00,0.28413021033452424
2018-08-14 07:00:00,0.2673352436680716
2018-08-14 07:03:00,0.33220595206319103
2018-08-14 07:06:00,0.29561249110309973
2018-08-14 07:09:00,0.30968030715285977
2018-08-14 07:12:00,0.3213594276614913
2018-08-14 07:15:00,0.3441479227101354
2018-08-14 07:18:00,0.25541954260216926
2018-08-14 07:21:00,0.30603619366269186
2018-08-14 07:24:00,0.25987441610118367
2018-08-14 07:27:00,0.3132837028255153
2018-08-14 07:30:00,0.219613750014787
2018-08-14 07:33:00,0.2568096918295737
2018-08-14 07:36:00,0.30171662104646657
2018-08-14 07:39:00,0.27667868604129353
2018-08-14 07:42:00,0.33358752132602376
2018-08-14 07:45:00,0.22908392091767382
2018-08-14 07:48:00,0.32447117041431284
2018-08-14 07:51:00,0.247454471208016
2018-08-14 07:54:00,0.3322205025606877
2018-08-14 07:57:00,0.2747574574483451
2018-08-14 08:00:00,0.3239575314490821
2018-08-14 08:03:00,0.3348062139018566
2018-08-14 08:06:00,0.2594238945616212
2018-08-14 08:09:00,0.24514657565583775
2018-08-14 08:12:00,0.32947795875020347
2018-08-14 08:15:00,0.3477306244831766
2018-08-14 08:18:00,0.15483637262099137
2018-08-14 08:21:00,0.17703997085152423
2018-08-14 08:24:00,0.27175855315226727
2018-08-14 08:27:00,0.22284788409689327
2018-08-14 08:30:00,0.34668137052426573
2018-08-14 08:33:00,0.31724064827187703
2018-08-14 08:36:00,0.3613972185106036
2018-08-14 08:39:00,0.3111575682089551
2018-08-14 08:42:00,0.3272716852866324
2018-08-14 08:45:00,0.34316837661305044
2018-08-14 08:48:00,0.27912427351685665
2018-08-14 08:51:00,0.29498766855863323
2018-08-14 08:54:00,0.24159497134706953
2018-08-14 08:57:00,0.23612245390432918
2018-08-14 09:00:00,0.1765042166529156
2018-08-14 09:03:00,0.20043587558330955
2018-08-14 09:06:00,0.2128338598162145
2018-08-14 09:09:00,0.13744676825047009
2018-08-14 09:12:00,0.27617547094644124
2018-08-14 09:15:00,0.2029806963489591
2018-08-14 09:18:00,0.16868115192414734
2018-08-14 09:21:00,0.2371487738654423
2018-08-14 09:24:00,0.1484885404281613
2018-08-14 09:27:00,0.04250583402387065
2018-08-14 09:30:00,0.1507235888131504
2018-08-14 09:33:00,0.1552141582548643
2018-08-14 09:36:00,0.07104335620113034
2018-08-14 09:39:00,0.09448069776465218
2018-08-14 09:42:00,0.11995841261892792
2018-08-14 09:45:00,0.03352267043334223
2018-08-14 09:48:00,0.1800240166900835
2018-08-14 09:51:00,0.15996832298947083
2018-08-14 09:54:00,0.09232024028244723
2018-08-14 09:57:00,0.08356030934015735
2018-08-14 10:00:00,0.02811032714407702
2018-08-14 10:03:00,0.22511324887915407
2018-08-14 10:06:00,0.07943954239794948
2018-08-14 10:09:00,0.052292897825452656
2018-08-14 10:12:00,0.06641661346418459
2018-08-14 10:15:00,0.04933516988864994
2018-08-14 10:18:00,0.04579871907662891
2018-08-14 10:21:00,0.10318025562901312
2018-08-14 10:24:00,0.0424890234522195
2018-08-14 10:27:00,0.17678389849885434
2018-08-14 10:30:00,0.22461171124416524
2018-08-14 10:33:00,0.17100963853846451
2018-08-14 10:36:00,0.09873554280994767
2018-08-14 10:39:00,0.12773791677147983
2018-08-14 10:42:00,0.09530044352175082
2018-08-14 10:45:00,0.03871790480104664
2018-08-14 10:48:00,0.07721760220283613
2018-08-14 10:51:00,0.019952761459364865
2018-08-14 10:54:00,0.21137032002860678
2018-08-14 10:57:00,0.11044105022779149
2018-08-14 11:00:00,0.12589709344746325
2018-08-14 11:03:00,0.15817068408370005
2018-08-14 11:06:00,0.15056072023139677
2018-08-14 11:09:00,0.1896417076334842
2018-08-14 11:12:00,0.24478393734858628
2018-08-14 11:15:00,0.13737676825962808
2018-08-14 11:18:00,0.13664208806352462
2018-08-14 11:21:00,0.2319700885627185
2018-08-14 11:24:00,0.4184141319155401
2018-08-14 11:27:00,0.5348070863336147
2018-08-14 11:30:00,0.5847035478234943
2018-08-14 11:33:00,0.6872481854464354
2018-08-14 11:36:00,0.6553215734190303
2018-08-14 11:39:00,0.5802412329468325
2018-08-14 11:42:00,0.6039253306080923
2018-08-14 11:45:00,0.4800582192991669
2018-08-14 11:48:00,0.4562644119856145
2018-08-14 11:51:00,0.18391692681427685
2018-08-14 11:54:00,0.18353803472018626
2018-08-14 11:57:00,0.26611746987970264
2018-08-14 12:00:00,0.2879097513586544
2018-08-14 12:03:00,0.28522865976827916
2018-08-14 12:06:00,0.24293715989301745
2018-08-14 12:09:00,0.3431872289733633
2018-08-14 12:12:00,0.33645153193731403
2018-08-14 12:15:00,0.5636049637442397
2018-08-14 12:18:00,0.7901290761004134
2018-08-14 12:21:00,0.8983291281111292
2018-08-14 12:24:00,0.8377495505062029
2018-08-14 12:27:00,0.7450291944414857
2018-08-14 12:30:00,0.7450665474879088
2018-08-14 12:33:00,0.5149817054294203
2018-08-14 12:36:00,0.4996694507881898
2018-08-14 12:39:00,0.4638288744457668
2018-08-14 12:42:00,0.30058458410479716
2018-08-14 12:45:00,0.2864935547107166
2018-08-14 12:48:00,0.22335551951817934
2018-08-14 12:51:00,0.28116511536035205
2018-08-14 12:54:00,0.22650729093413702
2018-08-14 12:57:00,0.242350218524507
2018-08-14 13:00:00,0.292706747285024
2018-08-14 13:03:00,0.27676943771729157
2018-08-14 13:06:00,0.33363848422624187
2018-08-14 13:09:00,0.3723081616726631
2018-08-14 13:12:00,0.3538609543196003
2018-08-14 13:15:00,0.44935473773404055
2018-08-14 13:18:00,0.3499402184676228
2018-08-14 13:21:00,0.24151283636092558
2018-08-14 13:24:00,0.28958200845323745
2018-08-14 13:27:00,0.2482864304308805
2018-08-14 13:30:00,0.3791747029658268
2018-08-14 13:33:00,0.29452233529690375
2018-08-14 13:36:00,0.2950638743670311
2018-08-14 13:39:00,0.28566061155856914
2018-08-14 13:42:00,0.2898241060480018
2018-08-14 13:45:00,0.2183779764859537
2018-08-14 13:48:00,0.2653343829416599
2018-08-14 13:51:00,0.2878907259831749
2018-08-14 13:54:00,0.3453015319285555
2018-08-14 13:57:00,0.23055753222922704
2018-08-14 14:00:00,0.3145837456526124
2018-08-14 14:03:00,0.29360198131115567
2018-08-14 14:06:00,0.2250125903268554
2018-08-14 14:09:00,0.14322786417847055
2018-08-14 14:12:00,0.21112369250266738
2018-08-14 14:15:00,0.27151084628707167
2018-08-14 14:18:00,0.2324562435182429
2018-08-14 14:21:00,0.05557280077175619
2018-08-14 14:24:00,0.19835771934481272
2018-08-14 14:27:00,0.061852290285855815
2018-08-14 14:30:00,0.04522142612290736
2018-08-14 14:33:00,0.1298227457818939
2018-08-14 14:36:00,0.1622498917876669
2018-08-14 14:39:00,-0.004435691285834764
2018-08-14 14:42:00,0.006742784670052515
2018-08-14 14:45:00,-0.052368062238372204
2018-08-14 14:48:00,0.08043593054526355
2018-08-14 14:51:00,0.10724680899323857
2018-08-14 14:54:00,0.033022270862602454
2018-08-14 14:57:00,0.08925659880821968
2018-08-14 15:00:00,0.14377352757458084
2018-08-14 15:03:00,0.0299494791493089
2018-08-14 15:06:00,-0.0018959294546334604
2018-08-14 15:09:00,0.0198587016711258
2018-08-14 15:12:00,-0.07476639324448797
2018-08-14 15:15:00,-0.0809639328498406
2018-08-14 15:18:00,-0.01995670735038857
2018-08-14 15:21:00,-0.09844501909049086
2018-08-14 15:24:00,-0.0136442487727777
2018-08-14 15:27:00,0.03907259650515016
2018-08-14 15:30:00,-0.09021978388614116
2018-08-14 15:33:00,-0.06546760695198373
2018-08-14 15:36:00,0.053496124434445846
2018-08-14 15:39:00,-0.11029314855863959
2018-08-14 15:42:00,-0.005825202637538496
2018-08-14 15:45:00,-0.012284437829805483
2018-08-14 15:48:00,0.023234492298456644
2018-08-14 15:51:00,0.04810187287392864
2018-08-14 15:54:00,-0.08027025411024624
2018-08-14 15:57:00,0.05678775980561568
2018-08-14 16:00:00,0.02101838287183
2018-08-14 16:03:00,-0.0021718080851087507
2018-08-14 16:06:00,-0.023342922538347466
2018-08-14 16:09:00,-0.026118401785822698
2018-08-14 16:12:00,0.007536902742344864
2018-08-14 16:15:00,-0.010284359311583557
2018-08-14 16:18:00,0.045113267744909535
2018-08-14 16:21:00,0.18025422551238535
2018-08-14 16:24:00,0.15714152415813487
2018-08-14 16:27:00,0.0953621018954891
2018-08-14 16:30:00,0.13918679772001497
2018-08-14 16:33:00,0.26125514705677233
2018-08-14 16:36:00,0.31144705433638364
2018-08-14 16:39:00,0.4271676566417568
2018-08-14 16:42:00,0.43210331199759366
2018-08-14 16:45:00,0.5163247007474752
2018-08-14 16:48:00,0.458530558121538
2018-08-14 16:51:00,0.34771916298194583
2018-08-14 16:54:00,0.3477506949838016
2018-08-14 16:57:00,0.21832857966688834
2018-08-14 17:00:00,0.5412505449146465
2018-08-14 17:03:00,0.4585194770679095
2018-08-14 17:06:00,0.5384663109816756
2018-08-14 17:09:00,0.4943233348058129
2018-08-14 17:12:00,0.5010357495232824
2018-08-14 17:15:00,0.5300996058355167
2018-08-14 17:18:00,0.5623880827966445
2018-08-14 17:21:00,0.4251634318061406
2018-08-14 17:24:00,0.34292159156768776
2018-08-14 17:27:00,0.434216496650663
2018-08-14 17:30:00,0.3816162390128284
2018-08-14 17:33:00,0.2818413294535844
2018-08-14 17:36:00,0.25548601576849705
2018-08-14 17:39:00,0.3350043735956092
2018-08-14 17:42:00,0.318274643943937
2018-08-14 17:45:00,0.42001852615550206
2018-08-14 17:48:00,0.3684531956079127
2018-08-14 17:51:00,0.3482296012697361
2018-08-14 17:54:00,0.4627366093981209
2018-08-14 17:57:00,0.4903559445757537
2018-08-14 18:00:00,0.4210063616134221
2018-08-14 18:03:00,0.42437461633272733
2018-08-14 18:06:00,0.4767064940723458
2018-08-14 18:09:00,0.4803932021424657
2018-08-14 18:12:00,0.4304791017706293
2018-08-14 18:15:00,0.4960484808387946
2018-08-14 18:18:00,0.4691190203649853
2018-08-14 18:21:00,0.4509158121804262
2018-08-14 18:24:00,0.4542660469739985
2018-08-14 18:27:00,0.5949348910804133
2018-08-14 18:30:00,0.489145028488565
2018-08-14 18:33:00,0.5047918109394232
2018-08-14 18:36:00,0.4633023659332025
2018-08-14 18:39:00,0.43589267817066
2018-08-14 18:42:00,0.5276418583895861
2018-08-14 18:45:00,0.5055283519562863
2018-08-14 18:48:00,0.5002879907806914
2018-08-14 18:51:00,0.44340646654012517
2018-08-14 18:54:00,0.3048942462757509
2018-08-14 18:57:00,
2018-08-14 19:00:00,
2018-08-14 19:03:00,0.28118302702569054
2018-08-14 19:06:00,0.27403514527713924
2018-08-14 19:09:00,0.3019421309137442
2018-08-14 19:12:00,0.35563922209280463
2018-08-14 19:15:00,0.3675701499498132
2018-08-14 19:18:00,0.3588909616297542
2018-08-14 19:21:00,0.38686674392016585
2018-08-14 19:24:00,0.4700034115023186
2018-08-14 19:27:00,0.38870417877211594
2018-08-14 19:30:00,0.3839265013166937
2018-08-14 19:33:00,0.37564884612856986
2018-08-14 19:36:00,0.4157159286498313
2018-08-14 19:39:00,0.39396550412533315
2018-08-14 19:42:00,0.36837234855426004
2018-08-14 19:45:00,0.3730019081415321
2018-08-14 19:48:00,0.46051832908153756
2018-08-14 19:51:00,0.3852907256498952
2018-08-14 19:54:00,0.33083779077992403
2018-08-14 19:57:00,0.4703230701757093
2018-08-14 20:00:00,0.33419790933680815
2018-08-14 20:03:00,0.3584637082057611
2018-08-14 20:06:00,0.3704580434770719
2018-08-14 20:09:00,0.33223983172700855
2018-08-14 20:12:00,0.35615285885364756
2018-08-14 20:15:00,0.4185077195657527
2018-08-14 20:18:00,0.39745155803109355
2018-08-14 20:21:00,0.3676260799636566
2018-08-14 20:24:00,0.3264386606942935
2018-08-14 20:27:00,0.39766618122092723
2018-08-14 20:30:00,0.3665021113027933
2018-08-14 20:33:00,0.26991794583898354
2018-08-14 20:36:00,0.303130218967965
2018-08-14 20:39:00,0.30716484112207354
2018-08-14 20:42:00,0.26881331253702
2018-08-14 20:45:00,0.27818555656517674
2018-08-14 20:48:00,0.34373920449530715
2018-08-14 20:51:00,0.2959589266226317
2018-08-14 20:54:00,0.3422788400526997
2018-08-14 20:57:00,0.3124710874807306
2018-08-14 21:00:00,0.2432891669546393
2018-08-14 21:03:00,0.2842841941272809
2018-08-14 21:06:00,0.2473392173353659
2018-08-14 21:09:00,0.35083946881951533
2018-08-14 21:12:00,0.28144516468029224
2018-08-14 21:15:00,0.2668128249563324
2018-08-14 21:18:00,0.3588563267539939
2018-08-14 21:21:00,0.2855322289145761
2018-08-14 21:24:00,0.40128486731390467
2018-08-14 21:27:00,0.40578894843980606
2018-08-14 21:30:00,0.4346020720755064
2018-08-14 21:33:00,0.31876542336715374
2018-08-14 21:36:00,0.3286804393118814
2018-08-14 21:39:00,0.3146871437783716
2018-08-14 21:42:00,0.32063298476447244
2018-08-14 21:45:00,0.3654245256956301
2018-08-14 21:48:00,0.2997479447961382
2018-08-14 21:51:00,0.31062279995944664
2018-08-14 21:54:00,0.3783207270181492
2018-08-14 21:57:00,0.29342583022042845
2018-08-14 22:00:00,0.3630805191869513
2018-08-14 22:03:00,0.34249135793572805
2018-08-14 22:06:00,0.25519996510683995
2018-08-14 22:09:00,0.2815358321102508
2018-08-14 22:12:00,0.2547942560476031
2018-08-14 22:15:00,0.2837067751573841
2018-08-14 22:18:00,0.3694347650119312
2018-08-14 22:21:00,0.3007872631914097
2018-08-14 22:24:00,0.25891039604164234
2018-08-14 22:27:00,0.23066094584112307
2018-08-14 22:30:00,0.2395249771589647
2018-08-14 22:33:00,0.2741043082979786
2018-08-14 22:36:00,0.2946603851088412
2018-08-14 22:39:00,0.28717280314009486
2018-08-14 22:42:00,0.30195960700012847
2018-08-14 22:45:00,0.32442573693543864
2018-08-14 22:48:00,0.3254559861370012
2018-08-14 22:51:00,0.3071079524084439
2018-08-14 22:54:00,0.3479251022187668
2018-08-14 22:57:00,0.36967858919598484
2018-08-14 23:00:00,0.28280688200698023
2018-08-14 23:03:00,0.323904744251422
2018-08-14 23:06:00,0.3279317536774329
2018-08-14 23:09:00,0.3824318548283827
2018-08-14 23:12:00,0.3371463036222053
2018-08-14 23:15:00,0.3238929685276162
2018-08-14 23:18:00,0.3514599771097551
2018-08-14 23:21:00,0.3706500532904897
2018-08-14 23:24:00,0.34067582889218784
2018-08-14 23:27:00,0.36381217042418257
2018-08-14 23:30:00,0.35441142157799277
2018-08-14 23:33:00,0.4004864802181487
2018-08-14 23:36:00,0.40907184346360737
2018-08-14 23:39:00,0.4094134790587418
2018-08-14 23:42:00,0.4087911845679173
2018-08-14 23:45:00,0.36147076907167275
2018-08-14 23:48:00,0.3707616353120784
2018-08-14 23:51:00,0.34831186893762833
2018-08-14 23:54:00,0.395579461286502
2018-08-14 23:57:00,0.30767531643408574
2018-08-15 00:00:00,0.3988778443562069
2018-08-15 00:03:00,0.2832254558529712
2018-08-15 00:06:00,0.38945285927547957
2018-08-15 00:09:00,0.38377152242657075
2018-08-15 00:12:00,0.31891518398936114
2018-08-15 00:15:00,0.3775857635427542
2018-08-15 00:18:00,0.398945690000005
2018-08-15 00:21:00,0.3293834686647301
2018-08-15 00:24:00,0.35017559100185736
2018-08-15 00:27:00,0.3822515928752068
2018-08-15 00:30:00,0.4605654867988278
2018-08-15 00:33:00,0.3462805780274607
2018-08-15 00:36:00,0.4570278002058785
2018-08-15 00:39:00,0.45106182421994845
2018-08-15 00:42:00,0.38511734524354324
2018-08-15 00:45:00,0.41371964993260235
2018-08-15 00:48:00,0.41818845414195494
2018-08-15 00:51:00,0.45177053894803976
2018-08-15 00:54:00,0.4353662248531691
2018-08-15 00:57:00,0.39835404016218945
2018-08-15 01:00:00,0.3938961488128143
2018-08-15 01:03:00,0.40498943006770105
2018-08-15 01:06:00,0.44363107397174417
2018-08-15 01:09:00,0.4411461047427565
2018-08-15 01:12:00,0.4699070611310958
2018-08-15 01:15:00,0.450153523868039
2018-08-15 01:18:00,0.3855810761356224
2018-08-15 01:21:00,0.45973453269209585
2018-08-15 01:24:00,0.4388221036423374
2018-08-15 01:27:00,0.40995026266659806
2018-08-15 01:30:00,0.47957039464580475
2018-08-15 01:33:00,0.4424298612526627
2018-08-15 01:36:00,0.3626280589620592
2018-08-15 01:39:00,0.44679575520262915
2018-08-15 01:42:00,0.44428314391359436
2018-08-15 01:45:00,0.3988927859688829
2018-08-15 01:48:00,0.4401300833795858
2018-08-15 01:51:00,0.42100456715189694
2018-08-15 01:54:00,0.3864686532742212
2018-08-15 01:57:00,0.3982525625018525
2018-08-15 02:00:00,0.4531587219644848
2018-08-15 02:03:00,0.393643945723511
2018-08-15 02:06:00,0.46199257593576704
2018-08-15 02:09:00,0.36521215375864813
2018-08-15 02:12:00,0.5229487868408
2018-08-15 02:15:00,0.36334996007093423
2018-08-15 02:18:00,0.3897164647929685
2018-08-15 02:21:00,0.46821900970240904
2018-08-15 02:24:00,0.3071026660225016
2018-08-15 02:27:00,0.41812098254166585
2018-08-15 02:30:00,0.3619358001466253
2018-08-15 02:33:00,0.4627000801023087
2018-08-15 02:36:00,0.3875762263300544
2018-08-15 02:39:00,0.4685178121934541
2018-08-15 02:42:00,0.4693192143404872
2018-08-15 02:45:00,0.4298468769089254
2018-08-15 02:48:00,0.46263621108562347
2018-08-15 02:51:00,0.44782648811997205
2018-08-15 02:54:00,0.37044876894879053
2018-08-15 02:57:00,0.3875012969234035
2018-08-15 03:00:00,0.346026082042556
2018-08-15 03:03:00,0.5158336008557853
2018-08-15 03:06:00,0.4700460690925752
2018-08-15 03:09:00,0.38927570009684587
2018-08-15 03:12:00,0.48588942486424
2018-08-15 03:15:00,0.398286796168577
2018-08-15 03:18:00,0.45952419908644515
2018-08-15 03:21:00,0.3777049314373926
2018-08-15 03:24:00,0.33459735498468035
2018-08-15 03:27:00,0.36966190295765955
2018-08-15 03:30:00,0.4183171360510869
2018-08-15 03:33:00,0.46038635099063185
2018-08-15 03:36:00,0.36717005013753123
2018-08-15 03:39:00,0.4186736263540638
2018-08-15 03:42:00,0.4092789839992861
2018-08-15 03:45:00,0.3667951329152288
2018-08-15 03:48:00,0.37036835501464793
2018-08-15 03:51:00,0.3730950654858134
2018-08-15 03:54:00,0.3902019785897437
2018-08-15 03:57:00,0.4306343629193634
2018-08-15 04:00:00,0.34832261745134474
2018-08-15 04:03:00,0.3968708806943937
2018-08-15 04:06:00,0.3494154224613908
2018-08-15 04:09:00,0.36920222298442695
2018-08-15 04:12:00,0.36392459231598195
2018-08-15 04:15:00,0.3978825336495788
2018-08-15 04:18:00,0.3636523105392939
2018-08-15 04:21:00,0.3793777853251754
2018-08-15 04:24:00,0.3805991143881897
2018-08-15 04:27:00,0.2899586907529965
2018-08-15 04:30:00,0.3374886116091602
2018-08-15 04:33:00,0.43942293112110065
2018-08-15 04:36:00,0.4569140240187721
2018-08-15 04:39:00,0.37151177417018744
2018-08-15 04:42:00,0.5056216965332396
2018-08-15 04:45:00,0.42012170020495887
2018-08-15 04:48:00,0.38105789553566183
2018-08-15 04:51:00,0.47079812491887196
2018-08-15 04:54:00,0.41932415913026944
2018-08-15 04:57:00,0.4731174620358729
2018-08-15 05:00:00,0.4128670528759244
2018-08-15 05:03:00,0.44527414716998237
2018-08-15 05:06:00,0.5073177429538873
2018-08-15 05:09:00,0.43300562253375574
2018-08-15 05:12:00,0.3466026324146583
2018-08-15 05:15:00,0.4294969493969347
2018-08-15 05:18:00,0.5247010069463727
2018-08-15 05:21:00,0.3793022026136441
2018-08-15 05:24:00,0.3969979143909086
2018-08-15 05:27:00,0.3814470567970716
2018-08-15 05:30:00,0.43807351939756245
2018-08-15 05:33:00,0.3861245505623856
2018-08-15 05:36:00,0.35624796559517335
2018-08-15 05:39:00,0.3976588607199574
2018-08-15 05:42:00,0.41540944937645463
2018-08-15 05:45:00,0.35367132340110174
2018-08-15 05:48:00,0.3400470380141769
2018-08-15 05:51:00,0.4530447330650418
2018-08-15 05:54:00,0.32901292149421124
2018-08-15 05:57:00,0.3982647673080919
2018-08-15 06:00:00,0.3588003926139436
2018-08-15 06:03:00,0.36510330218573017
2018-08-15 06:06:00,0.4098128541171491
2018-08-15 06:09:00,0.3700638306099222
2018-08-15 06:12:00,0.3504449484346992
2018-08-15 06:15:00,0.36276629850641484
2018-08-15 06:18:00,0.31619147502539136
2018-08-15 06:21:00,0.38389115904874416
2018-08-15 06:24:00,0.3555927051637582
2018-08-15 06:27:00,0.4095208688698335
2018-08-15 06:30:00,0.45583930033961906
2018-08-15 06:33:00,0.4263234228180295
2018-08-15 06:36:00,0.42672694237734277
2018-08-15 06:39:00,0.4371911065762788
2018-08-15 06:42:00,0.3890494786039653
2018-08-15 06:45:00,0.39610782044064763
2018-08-15 06:48:00,0.4503808981936004
2018-08-15 06:51:00,0.437273758177696
2018-08-15 06:54:00,0.39420569632039815
2018-08-15 06:57:00,0.4425259180442822
2018-08-15 07:00:00,0.36413742841602925
2018-08-15 07:03:00,0.3900443184622304
2018-08-15 07:06:00,0.4085188735735983
2018-08-15 07:09:00,0.489893511172113
2018-08-15 07:12:00,0.2808930909173455
2018-08-15 07:15:00,0.4453262930585993
2018-08-15 07:18:00,0.438563249627407
2018-08-15 07:21:00,0.41106445535461944
2018-08-15 07:24:00,0.5190210615916158
2018-08-15 07:27:00,0.4201512128945524
2018-08-15 07:30:00,0.49985896533382856
2018-08-15 07:33:00,0.40994141231624326
2018-08-15 07:36:00,0.4458543324381026
2018-08-15 07:39:00,0.47929768466121914
2018-08-15 07:42:00,0.4688700030132509
2018-08-15 07:45:00,0.4783388458105833
2018-08-15 07:48:00,0.42117241355720125
2018-08-15 07:51:00,0.3350173106783245
2018-08-15 07:54:00,0.436720423184795
2018-08-15 07:57:00,0.39405546639619615
2018-08-15 08:00:00,0.39838924557864175
2018-08-15 08:03:00,0.3508809154178607
2018-08-15 08:06:00,0.44498546334813227
2018-08-15 08:09:00,0.38046057791177645
2018-08-15 08:12:00,0.3453834622645786
2018-08-15 08:15:00,0.34488882877786864
2018-08-15 08:18:00,0.36052302014621773
2018-08-15 08:21:00,0.37454603149274135
2018-08-15 08:24:00,0.33067047803223204
2018-08-15 08:27:00,0.38164379417304417
2018-08-15 08:30:00,0.37189030472126205
2018-08-15 08:33:00,0.3192182830748038
2018-08-15 08:36:00,0.32519497469752423
2018-08-15 08:39:00,0.2658282133530747
2018-08-15 08:42:00,0.2955654139465196
2018-08-15 08:45:00,0.3674975933157043
2018-08-15 08:48:00,0.24414445442329225
2018-08-15 08:51:00,0.2250185635524531
2018-08-15 08:54:00,0.20730201154464112
2018-08-15 08:57:00,0.35271032879950326
2018-08-15 09:00:00,0.2894497565887377
2018-08-15 09:03:00,0.22658941825818602
2018-08-15 09:06:00,0.04856332012798248
2018-08-15 09:09:00,0.20698300569353023
2018-08-15 09:12:00,0.181956854826808
2018-08-15 09:15:00,0.15497404433017437
2018-08-15 09:18:00,0.16814424414241103
2018-08-15 09:21:00,0.19952016726654165
2018-08-15 09:24:00,0.09883716586347191
2018-08-15 09:27:00,0.09207047654052758
2018-08-15 09:30:00,0.1351444714046579
2018-08-15 09:33:00,0.1824070801589528
2018-08-15 09:36:00,0.14511993767985132
2018-08-15 09:39:00,0.17105932206857233
2018-08-15 09:42:00,0.10306768190940829
2018-08-15 09:45:00,0.13216350079693484
2018-08-15 09:48:00,0.06927915153710273
2018-08-15 09:51:00,0.14864778349300423
2018-08-15 09:54:00,0.1319799384728526
2018-08-15 09:57:00,0.12536629866923477
2018-08-15 10:00:00,0.13533238326067476
2018-08-15 10:03:00,0.014301225195197276
2018-08-15 10:06:00,0.06844666974421898
2018-08-15 10:09:00,0.04376032208409697
2018-08-15 10:12:00,0.14579426914156102
2018-08-15 10:15:00,0.11841942577103737
2018-08-15 10:18:00,0.11742522927482923
2018-08-15 10:21:00,0.13033933389328922
2018-08-15 10:24:00,-0.030201584320138863
2018-08-15 10:27:00,0.12086286186416828
2018-08-15 10:30:00,0.09408113577552513
2018-08-15 10:33:00,0.039779072230089696
2018-08-15 10:36:00,0.06954000246435044
2018-08-15 10:39:00,0.19842046013462777
2018-08-15 10:42:00,0.10662715165449299
2018-08-15 10:45:00,0.04836230784485451
2018-08-15 10:48:00,0.016002880057442326
2018-08-15 10:51:00,-0.006272599727026318
2018-08-15 10:54:00,-0.055513904479255416
2018-08-15 10:57:00,0.012166630513320342
2018-08-15 11:00:00,0.0007437590388690296
2018-08-15 11:03:00,0.052053161720721164
2018-08-15 11:06:00,-0.029914783145670754
2018-08-15 11:09:00,0.04816685902585505
2018-08-15 11:12:00,0.10471054383185674
2018-08-15 11:15:00,0.016478386501319164
2018-08-15 11:18:00,-0.12315065017367033
2018-08-15 11:21:00,0.09414756515940326
2018-08-15 11:24:00,0.07889600765014393
2018-08-15 11:27:00,0.10276859415409945
2018-08-15 11:30:00,0.09955342092371211
2018-08-15 11:33:00,-0.01246498889815939
2018-08-15 11:36:00,-0.14070428302187565
2018-08-15 11:39:00,-0.020838836998677834
2018-08-15 11:42:00,0.1026382157954231
2018-08-15 11:45:00,0.019815549918575925
2018-08-15 11:48:00,-0.025814367675820904
2018-08-15 11:51:00,-0.17336946395334962
2018-08-15 11:54:00,-0.14947447523962865
2018-08-15 11:57:00,-0.27511497633958015
2018-08-15 12:00:00,-0.20926058918507806
2018-08-15 12:03:00,-0.1753933208045737
2018-08-15 12:06:00,-0.29202469471670156
2018-08-15 12:09:00,-0.2230378379210265
2018-08-15 12:12:00,-0.33650495468140207
2018-08-15 12:15:00,-0.33437101613395726
2018-08-15 12:18:00,-0.30424739511539656
2018-08-15 12:21:00,-0.24931609400596244
2018-08-15 12:24:00,-0.31539648932948694
2018-08-15 12:27:00,-0.2402070394602447
2018-08-15 12:30:00,-0.32824416531013867
2018-08-15 12:33:00,-0.2466877423189544
2018-08-15 12:36:00,-0.27751728976687673
2018-08-15 12:39:00,-0.23899147049013436
2018-08-15 12:42:00,-0.24034928799449062
2018-08-15 12:45:00,-0.4030221004325085
2018-08-15 12:48:00,-0.2386226058230818
2018-08-15 12:51:00,-0.24510893354823793
2018-08-15 12:54:00,-0.32660300287500377
2018-08-15 12:57:00,-0.20805208920756968
2018-08-15 13:00:00,-0.2829671201459405
2018-08-15 13:03:00,-0.3754099912926563
2018-08-15 13:06:00,-0.3872422791414465
2018-08-15 13:09:00,-0.4412937921021012
2018-08-15 13:12:00,-0.4314719047419544
2018-08-15 13:15:00,-0.36755047610500924
2018-08-15 13:18:00,-0.30001718343021366
2018-08-15 13:21:00,-0.29425962855276566
2018-08-15 13:24:00,-0.3247445200672132
2018-08-15 13:27:00,-0.2404807449056534
2018-08-15 13:30:00,-0.16301970694235024
2018-08-15 13:33:00,-0.326373151310122
2018-08-15 13:36:00,-0.23984800621667546
2018-08-15 13:39:00,-0.19726560820123495
2018-08-15 13:42:00,-0.28316306686508597
2018-08-15 13:45:00,-0.333747406823818
2018-08-15 13:48:00,-0.42441118946800316
2018-08-15 13:51:00,-0.28597628021833543
2018-08-15 13:54:00,-0.28084629854419063
2018-08-15 13:57:00,-0.2515835964500184
2018-08-15 14:00:00,-0.3447540295583167
2018-08-15 14:03:00,-0.35921101264136723
2018-08-15 14:06:00,-0.27989115513270235
2018-08-15 14:09:00,-0.223697448502719
2018-08-15 14:12:00,-0.2815549695321238
2018-08-15 14:15:00,-0.29676207868510573
2018-08-15 14:18:00,-0.3037573108018705
2018-08-15 14:21:00,-0.304998872794215
2018-08-15 14:24:00,-0.4592030847975366
2018-08-15 14:27:00,-0.28583086534291624
2018-08-15 14:30:00,-0.300095654807933
2018-08-15 14:33:00,-0.35801663476564727
2018-08-15 14:36:00,-0.3690844251079852
2018-08-15 14:39:00,-0.4851310608876247
2018-08-15 14:42:00,-0.34732255785132793
2018-08-15 14:45:00,-0.3612656161753307
2018-08-15 14:48:00,-0.4528187950591587
2018-08-15 14:51:00,-0.4779910276557189
2018-08-15 14:54:00,-0.4419233351624712
2018-08-15 14:57:00,-0.45022967195268393
2018-08-15 15:00:00,-0.5041173922750204
2018-08-15 15:03:00,-0.5155173082176248
2018-08-15 15:06:00,-0.4773329750478297
2018-08-15 15:09:00,-0.48039950272550414
2018-08-15 15:12:00,-0.4797009161326855
2018-08-15 15:15:00,-0.5165678180689497
2018-08-15 15:18:00,-0.5067630026020424
2018-08-15 15:21:00,-0.47054811475499037
2018-08-15 15:24:00,-0.5520010372412685
2018-08-15 15:27:00,-0.42567611719442766
2018-08-15 15:30:00,-0.5194187402742045
2018-08-15 15:33:00,-0.4834716566747943
2018-08-15 15:36:00,-0.5545584583301206
2018-08-15 15:39:00,-0.5439024695297121
2018-08-15 15:42:00,-0.4647201269550578
2018-08-15 15:45:00,-0.43407300686749295
2018-08-15 15:48:00,-0.4559740341943552
2018-08-15 15:51:00,-0.5141127525078559
2018-08-15 15:54:00,-0.5099947607837407
2018-08-15 15:57:00,-0.5086857411503729
2018-08-15 16:00:00,-0.43594563158575284
2018-08-15 16:03:00,-0.4652887429845123
2018-08-15 16:06:00,-0.4399935145094105
2018-08-15 16:09:00,-0.35099059438385893
2018-08-15 16:12:00,-0.5438478250461571
2018-08-15 16:15:00,-0.5763692737114638
2018-08-15 16:18:00,-0.44112121425450823
2018-08-15 16:21:00,-0.48282468527776246
2018-08-15 16:24:00,-0.42073723522139517
2018-08-15 16:27:00,-0.4823314956329341
2018-08-15 16:30:00,-0.40047765530368906
2018-08-15 16:33:00,-0.38110277323539776
2018-08-15 16:36:00,-0.4349828788741661
2018-08-15 16:39:00,-0.5557069050032624
2018-08-15 16:42:00,-0.5229362656476724
2018-08-15 16:45:00,-0.4668473519514009
2018-08-15 16:48:00,-0.4845297813035927
2018-08-15 16:51:00,-0.4987957454355296
2018-08-15 16:54:00,-0.4554447790713425
2018-08-15 16:57:00,-0.36366870967196974
2018-08-15 17:00:00,-0.5398783930688182
2018-08-15 17:03:00,-0.46453478557765493
2018-08-15 17:06:00,-0.3492334945983657
2018-08-15 17:09:00,-0.41569933338445253
2018-08-15 17:12:00,-0.35359792301738935
2018-08-15 17:15:00,-0.35586212630232694
2018-08-15 17:18:00,-0.48235965433929096
2018-08-15 17:21:00,-0.42380210717652744
2018-08-15 17:24:00,-0.35081251363561705
2018-08-15 17:27:00,-0.3566914630958422
2018-08-15 17:30:00,-0.43857194986077275
2018-08-15 17:33:00,-0.32462325204693343
2018-08-15 17:36:00,-0.30176599631738554
2018-08-15 17:39:00,-0.352871432556924
2018-08-15 17:42:00,-0.34745349873486475
2018-08-15 17:45:00,-0.4517060812048612
2018-08-15 17:48:00,-0.43155602827863504
2018-08-15 17:51:00,-0.37509815119739187
2018-08-15 17:54:00,-0.33473744258895977
2018-08-15 17:57:00,-0.24721030420977286
2018-08-15 18:00:00,-0.28097603357002754
2018-08-15 18:03:00,-0.1907573384743273
2018-08-15 18:06:00,-0.2918912692153981
2018-08-15 18:09:00,-0.25336423729299895
2018-08-15 18:12:00,-0.2440943050982014
2018-08-15 18:15:00,-0.16658253188518302
2018-08-15 18:18:00,-0.23880881461843728
2018-08-15 18:21:00,-0.13954049389207057
2018-08-15 18:24:00,-0.1818382677092245
2018-08-15 18:27:00,-0.16804798572110258
2018-08-15 18:30:00,-0.15003547471985712
2018-08-15 18:33:00,-0.17548670791143195
2018-08-15 18:36:00,-0.18583958676282464
2018-08-15 18:39:00,-0.1454849293916709
2018-08-15 18:42:00,-0.19605468990573627
2018-08-15 18:45:00,-0.10300031630174544
2018-08-15 18:48:00,-0.14612257690191655
2018-08-15 18:51:00,-0.0656303979719155
2018-08-15 18:54:00,
2018-08-15 18:57:00,
2018-08-15 19:00:00,
2018-08-15 19:03:00,-0.02985317699153711
2018-08-15 19:06:00,-0.18010212075921572
2018-08-15 19:09:00,-0.1558777129849318
2018-08-15 19:12:00,-0.1389331321527152
2018-08-15 19:15:00,-0.19568558593317675
2018-08-15 19:18:00,-0.17739186691255782
2018-08-15 19:21:00,-0.08059468658188962
2018-08-15 19:24:00,-0.1441569226875572
2018-08-15 19:27:00,-0.12362325552243192
2018-08-15 19:30:00,-0.1050994269533021
2018-08-15 19:33:00,-0.06107882391717112
2018-08-15 19:36:00,-0.14257282076289357
2018-08-15 19:39:00,-0.10583348559748629
2018-08-15 19:42:00,-0.07538322817424614
2018-08-15 19:45:00,-0.05627162991407886
2018-08-15 19:48:00,0.03121236205004152
2018-08-15 19:51:00,-0.05178977184056066
2018-08-15 19:54:00,-0.028593039270219833
2018-08-15 19:57:00,-0.007990778448231595
2018-08-15 20:00:00,-0.0041469972415484335
2018-08-15 20:03:00,-0.007496978362212303
2018-08-15 20:06:00,0.03572054104313338
2018-08-15 20:09:00,0.08721421890902548
2018-08-15 20:12:00,0.05878485940661449
2018-08-15 20:15:00,-0.031156041375425048
2018-08-15 20:18:00,0.032952013446333694
2018-08-15 20:21:00,0.11219593657028781
2018-08-15 20:24:00,0.10095743016745473
2018-08-15 20:27:00,0.14326491451845413
2018-08-15 20:30:00,0.05648741654431433
2018-08-15 20:33:00,0.13556026740502602
2018-08-15 20:36:00,0.2163108959980491
2018-08-15 20:39:00,0.08112362758930658
2018-08-15 20:42:00,0.05335495341762453
2018-08-15 20:45:00,0.0699206195398574
2018-08-15 20:48:00,0.01759043561622775
2018-08-15 20:51:00,0.08925866844379016
2018-08-15 20:54:00,0.1520452904704257
2018-08-15 20:57:00,0.08624315261010906
2018-08-15 21:00:00,0.08614797206098501
2018-08-15 21:03:00,0.14736525751231966
2018-08-15 21:06:00,0.20946666040782702
2018-08-15 21:09:00,0.06009279722741212
2018-08-15 21:12:00,0.1467600727747822
2018-08-15 21:15:00,0.10996817465917275
2018-08-15 21:18:00,0.06615708357031735
2018-08-15 21:21:00,0.1184759067093637
2018-08-15 21:24:00,0.13546399299252698
2018-08-15 21:27:00,0.019117138945489387
2018-08-15 21:30:00,0.1245013619681572
2018-08-15 21:33:00,0.08404455906190833
2018-08-15 21:36:00,0.0864694496762013
2018-08-15 21:39:00,0.13614222900963568
2018-08-15 21:42:00,0.11847609454616759
2018-08-15 21:45:00,0.1710651168774575
2018-08-15 21:48:00,0.1372872159874987
2018-08-15 21:51:00,0.21949547818582005
2018-08-15 21:54:00,0.11769613045061078
2018-08-15 21:57:00,0.13760771996663834
2018-08-15 22:00:00,0.13181261377860665
2018-08-15 22:03:00,0.32032602192026616
2018-08-15 22:06:00,0.23694430561749869
2018-08-15 22:09:00,0.13925594617785464
2018-08-15 22:12:00,0.27626275225162544
2018-08-15 22:15:00,0.37176593696085547
2018-08-15 22:18:00,0.25932269678241937
2018-08-15 22:21:00,0.19928159038391868
2018-08-15 22:24:00,0.2661234756811268
2018-08-15 22:27:00,0.2553708012429752
2018-08-15 22:30:00,0.25653245524858903
2018-08-15 22:33:00,0.20601082416050076
2018-08-15 22:36:00,0.28225138976091557
2018-08-15 22:39:00,0.2279899667228733
2018-08-15 22:42:00,0.14822151134768546
2018-08-15 22:45:00,0.24133929018273648
2018-08-15 22:48:00,0.193027921801729
2018-08-15 22:51:00,0.2719784056268395
2018-08-15 22:54:00,0.21578732722940686
2018-08-15 22:57:00,0.2062898230931296
2018-08-15 23:00:00,0.2819812723597579
2018-08-15 23:03:00,0.2797500355421221
2018-08-15 23:06:00,0.30236618862835485
2018-08-15 23:09:00,0.2838624519519044
2018-08-15 23:12:00,0.2549936006062694
2018-08-15 23:15:00,0.23169576061042108
2018-08-15 23:18:00,0.2821287761528879
2018-08-15 23:21:00,0.25429150590088057
2018-08-15 23:24:00,0.24646397012907073
2018-08-15 23:27:00,0.23353347862649798
2018-08-15 23:30:00,0.2045321339506927
2018-08-15 23:33:00,0.21202344528717276
2018-08-15 23:36:00,0.2032401447267489
2018-08-15 23:39:00,0.1609116460591622
2018-08-15 23:42:00,0.2041004626233871
2018-08-15 23:45:00,0.22121180077846248
2018-08-15 23:48:00,0.2120542322362553
2018-08-15 23:51:00,0.1384984746868554
2018-08-15 23:54:00,0.18474546478410048
2018-08-15 23:57:00,0.08688122905294904
2018-08-16 00:00:00,0.1126286846391622
2018-08-16 00:03:00,0.1544593560507792
2018-08-16 00:06:00,0.17381350842578058
2018-08-16 00:09:00,0.23803400055481916
2018-08-16 00:12:00,0.12507641791427204
2018-08-16 00:15:00,0.18300379905730324
2018-08-16 00:18:00,0.24418775855247077
2018-08-16 00:21:00,0.1718165711203028
2018-08-16 00:24:00,0.1502118290500789
2018-08-16 00:27:00,0.20714349081936234
2018-08-16 00:30:00,0.17412153251899554
2018-08-16 00:33:00,0.19501177107594003
2018-08-16 00:36:00,0.25539258379438934
2018-08-16 00:39:00,0.114867724628823
2018-08-16 00:42:00,0.25053327692035054
2018-08-16 00:45:00,0.22396455905516177
2018-08-16 00:48:00,0.2081470483552721
2018-08-16 00:51:00,0.29075975882790317
2018-08-16 00:54:00,0.2360802179239272
2018-08-16 00:57:00,0.27221396164628686
2018-08-16 01:00:00,0.21082786745438398
2018-08-16 01:03:00,0.22289292305219988
2018-08-16 01:06:00,0.23616550490839927
2018-08-16 01:09:00,0.3156896478416229
2018-08-16 01:12:00,0.20920512986413087
2018-08-16 01:15:00,0.23816311913151367
2018-08-16 01:18:00,0.1475347187808893
2018-08-16 01:21:00,0.2139455746359431
2018-08-16 01:24:00,0.3317971629536487
2018-08-16 01:27:00,0.19479484296351757
2018-08-16 01:30:00,0.2029435590938533
2018-08-16 01:33:00,0.301299779001738
2018-08-16 01:36:00,0.23521610527848225
2018-08-16 01:39:00,0.3197169147465502
2018-08-16 01:42:00,0.2814279601721523
2018-08-16 01:45:00,0.2540905650690206
2018-08-16 01:48:00,0.3248543448678447
2018-08-16 01:51:00,0.32677482693515003
2018-08-16 01:54:00,0.2648976200589459
2018-08-16 01:57:00,0.3565909459377963
2018-08-16 02:00:00,0.3045144563591293
2018-08-16 02:03:00,0.37748422184330366
2018-08-16 02:06:00,0.3627134429116836
2018-08-16 02:09:00,0.3446624226248787
2018-08-16 02:12:00,0.3178418387666966
2018-08-16 02:15:00,0.19763917761258654
2018-08-16 02:18:00,0.37388777534789597
2018-08-16 02:21:00,0.3213639144861986
2018-08-16 02:24:00,0.35858387240830325
2018-08-16 02:27:00,0.29493966624414725
2018-08-16 02:30:00,0.29886533804597093
2018-08-16 02:33:00,0.2710327848614611
2018-08-16 02:36:00,0.3583313375437456
2018-08-16 02:39:00,0.24470848994468497
2018-08-16 02:42:00,0.3191601089802134
2018-08-16 02:45:00,0.253640492992929
2018-08-16 02:48:00,0.36675672717802854
2018-08-16 02:51:00,0.3470492052870213
2018-08-16 02:54:00,0.2823351785419277
2018-08-16 02:57:00,0.2578412605815288
2018-08-16 03:00:00,0.3431068157616437
2018-08-16 03:03:00,0.43827671424759274
2018-08-16 03:06:00,0.284179990649875
2018-08-16 03:09:00,0.3240062851515404
2018-08-16 03:12:00,0.3385863583225728
2018-08-16 03:15:00,0.3889626923036644
2018-08-16 03:18:00,0.47773149037055873
2018-08-16 03:21:00,0.27292587486203956
2018-08-16 03:24:00,0.34829610282048407
2018-08-16 03:27:00,0.4216215723338337
2018-08-16 03:30:00,0.36422802260659637
2018-08-16 03:33:00,0.40008387613266905
2018-08-16 03:36:00,0.28249913133447535
2018-08-16 03:39:00,0.4168702044239012
2018-08-16 03:42:00,0.3269774444414679
2018-08-16 03:45:00,0.3004298192738588
2018-08-16 03:48:00,0.4270731635353968
2018-08-16 03:51:00,0.3826839581810759
2018-08-16 03:54:00,0.39616382254308746
2018-08-16 03:57:00,0.47356653414669836
2018-08-16 04:00:00,0.4212373239307112
2018-08-16 04:03:00,0.391224295506845
2018-08-16 04:06:00,0.422719267688592
2018-08-16 04:09:00,0.37077110845672223
2018-08-16 04:12:00,0.287499537379972
2018-08-16 04:15:00,0.4004316103295764
2018-08-16 04:18:00,0.42695224394304887
2018-08-16 04:21:00,0.47933767802368266
2018-08-16 04:24:00,0.38717261316469376
2018-08-16 04:27:00,0.39224359609443127
2018-08-16 04:30:00,0.4201174482907959
2018-08-16 04:33:00,0.4371850794577199
2018-08-16 04:36:00,0.3835171611771102
2018-08-16 04:39:00,0.476451800607947
2018-08-16 04:42:00,0.4671906183172041
2018-08-16 04:45:00,0.4718336208037499
2018-08-16 04:48:00,0.4587574642411596
2018-08-16 04:51:00,0.4212612086541867
2018-08-16 04:54:00,0.4719949547330202
2018-08-16 04:57:00,0.5113729260507967
2018-08-16 05:00:00,0.4393320801356708
2018-08-16 05:03:00,0.5037255429611491
2018-08-16 05:06:00,0.4419607117079636
2018-08-16 05:09:00,0.46027179393064444
2018-08-16 05:12:00,0.4509268955746961
2018-08-16 05:15:00,0.5797808496744778
2018-08-16 05:18:00,0.44444014637485907
2018-08-16 05:21:00,0.4898643723447549
2018-08-16 05:24:00,0.359622117201468
2018-08-16 05:27:00,0.4298465575864725
2018-08-16 05:30:00,0.4625188774932667
2018-08-16 05:33:00,0.5025295307272017
2018-08-16 05:36:00,0.4779069226162278
2018-08-16 05:39:00,0.41762136064096467
2018-08-16 05:42:00,0.42812744066822006
2018-08-16 05:45:00,0.5642822719578362
2018-08-16 05:48:00,0.5536574986526261
2018-08-16 05:51:00,0.4639790150338854
2018-08-16 05:54:00,0.5772428132383993
2018-08-16 05:57:00,0.4988329800523843
2018-08-16 06:00:00,0.49497269947289624
2018-08-16 06:03:00,0.49697891839429076
2018-08-16 06:06:00,0.49991209347234644
2018-08-16 06:09:00,0.528583443802404
2018-08-16 06:12:00,0.5050901075437082
2018-08-16 06:15:00,0.49992319085436066
2018-08-16 06:18:00,0.5349566166058253
2018-08-16 06:21:00,0.507880861110948
2018-08-16 06:24:00,0.5261885661543602
2018-08-16 06:27:00,0.6004439475666459
2018-08-16 06:30:00,0.4540124962916252
2018-08-16 06:33:00,0.517785846470133
2018-08-16 06:36:00,0.5736374231341301
2018-08-16 06:39:00,0.48412635064011056
2018-08-16 06:42:00,0.4213656580394627
2018-08-16 06:45:00,0.560878435019788
2018-08-16 06:48:00,0.47777080673870387
2018-08-16 06:51:00,0.5055784248814348
2018-08-16 06:54:00,0.44028242094765346
2018-08-16 06:57:00,0.48678320461527846
2018-08-16 07:00:00,0.5258868318516647
2018-08-16 07:03:00,0.5616424829520952
2018-08-16 07:06:00,0.4779967807479011
2018-08-16 07:09:00,0.5252903336914869
2018-08-16 07:12:00,0.5052119104678354
2018-08-16 07:15:00,0.5148846153742852
2018-08-16 07:18:00,0.5185514361772903
2018-08-16 07:21:00,0.4029816214919606
2018-08-16 07:24:00,0.47082860033043517
2018-08-16 07:27:00,0.43686276149657033
2018-08-16 07:30:00,0.4439310708663129
2018-08-16 07:33:00,0.43784181065007033
2018-08-16 07:36:00,0.4345068176205018
2018-08-16 07:39:00,0.36960247956432113
2018-08-16 07:42:00,0.36023331821138527
2018-08-16 07:45:00,0.3313030206278995
2018-08-16 07:48:00,0.37752797250743697
2018-08-16 07:51:00,0.3843541433597011
2018-08-16 07:54:00,0.441310959551231
2018-08-16 07:57:00,0.3706118523521127
2018-08-16 08:00:00,0.3344423685065294
2018-08-16 08:03:00,0.42788344866488615
2018-08-16 08:06:00,0.33305712753048056
2018-08-16 08:09:00,0.2600657803156423
2018-08-16 08:12:00,0.33151380355269566
2018-08-16 08:15:00,0.2918415854712748
2018-08-16 08:18:00,0.2755451639950479
2018-08-16 08:21:00,0.3073868460995186
2018-08-16 08:24:00,0.12830045966592252
2018-08-16 08:27:00,0.06703098614974579
2018-08-16 08:30:00,0.15791808165192833
2018-08-16 08:33:00,0.132119530884097
2018-08-16 08:36:00,0.10220475465007439
2018-08-16 08:39:00,0.07750569778221461
2018-08-16 08:42:00,0.10917889350974974
2018-08-16 08:45:00,0.08349477479214329
2018-08-16 08:48:00,0.025476421783139358
2018-08-16 08:51:00,0.009070994364833496
2018-08-16 08:54:00,0.059880120382274526
2018-08-16 08:57:00,0.01071349143057887
2018-08-16 09:00:00,0.05106944586054851
2018-08-16 09:03:00,0.06659345738933098
2018-08-16 09:06:00,-0.005098093892172528
2018-08-16 09:09:00,-0.004069771836782365
2018-08-16 09:12:00,0.07149765074194647
2018-08-16 09:15:00,-0.031007971448616445
2018-08-16 09:18:00,-0.027260431332933877
2018-08-16 09:21:00,-0.07689999993800711
2018-08-16 09:24:00,-0.020401147705854328
2018-08-16 09:27:00,-0.048983771696271106
2018-08-16 09:30:00,-0.07233177527143653
2018-08-16 09:33:00,-0.054647274187288986
2018-08-16 09:36:00,-0.08724367944432743
2018-08-16 09:39:00,-0.17657503721801504
2018-08-16 09:42:00,-0.06418279113290737
2018-08-16 09:45:00,-0.14675422944037564
2018-08-16 09:48:00,-0.10747867221590468
2018-08-16 09:51:00,-0.14316071990009505
2018-08-16 09:54:00,-0.2001624320459996
2018-08-16 09:57:00,-0.24091992800816797
2018-08-16 10:00:00,-0.23926389003827353
2018-08-16 10:03:00,-0.16791325200745177
2018-08-16 10:06:00,-0.09429455189842884
2018-08-16 10:09:00,-0.16596457836590162
2018-08-16 10:12:00,-0.2537043364087026
2018-08-16 10:15:00,-0.22471787265220655
2018-08-16 10:18:00,-0.26650768131725044
2018-08-16 10:21:00,-0.20187003452434737
2018-08-16 10:24:00,-0.19059024899769383
2018-08-16 10:27:00,-0.16532336300878114
2018-08-16 10:30:00,-0.14712623782332912
2018-08-16 10:33:00,-0.37760748961466106
2018-08-16 10:36:00,-0.16364814250891868
2018-08-16 10:39:00,-0.20745520951589924
2018-08-16 10:42:00,-0.3241625561533965
2018-08-16 10:45:00,-0.2154937537384285
2018-08-16 10:48:00,-0.3083648542440187
2018-08-16 10:51:00,-0.24239779590322996
2018-08-16 10:54:00,-0.33829623183567037
2018-08-16 10:57:00,-0.3130200162176493
2018-08-16 11:00:00,-0.3391793503130316
2018-08-16 11:03:00,-0.372606723431943
2018-08-16 11:06:00,-0.3061999946124274
2018-08-16 11:09:00,-0.3498715341666525
2018-08-16 11:12:00,-0.3852660936186112
2018-08-16 11:15:00,-0.3564843388425629
2018-08-16 11:18:00,-0.3509929179683695
2018-08-16 11:21:00,-0.3672549127552429
2018-08-16 11:24:00,-0.40269995452013063
2018-08-16 11:27:00,-0.36619820863091945
2018-08-16 11:30:00,-0.31542456130995333
2018-08-16 11:33:00,-0.33608205952651815
2018-08-16 11:36:00,-0.43867088170208035
2018-08-16 11:39:00,-0.4614811649453259
2018-08-16 11:42:00,-0.11119093018731974
2018-08-16 11:45:00,-0.4823818167395757
2018-08-16 11:48:00,-0.4180725141087578
2018-08-16 11:51:00,-0.37976944736971063
2018-08-16 11:54:00,-0.37047529322643413
2018-08-16 11:57:00,-0.49687976800800016
2018-08-16 12:00:00,-0.48591526881136815
2018-08-16 12:03:00,-0.35165823304134847
2018-08-16 12:06:00,-0.39265067877823867
2018-08-16 12:09:00,-0.27135872932967686
2018-08-16 12:12:00,-0.4205300548760533
2018-08-16 12:15:00,-0.43596195092061407
2018-08-16 12:18:00,-0.4660660623794115
2018-08-16 12:21:00,-0.5100342232389607
2018-08-16 12:24:00,-0.5011780376933643
2018-08-16 12:27:00,-0.4154468536336253
2018-08-16 12:30:00,-0.36268961606253924
2018-08-16 12:33:00,-0.46543856210524837
2018-08-16 12:36:00,-0.40684763085761233
2018-08-16 12:39:00,-0.3664826461551911
2018-08-16 12:42:00,-0.3921409678918053
2018-08-16 12:45:00,-0.37453097709396843
2018-08-16 12:48:00,-0.3668804252369
2018-08-16 12:51:00,-0.4344778265891023
2018-08-16 12:54:00,-0.3733564020650988
2018-08-16 12:57:00,-0.3946653824643249
2018-08-16 13:00:00,-0.3876740336262401
2018-08-16 13:03:00,-0.48031865867454826
2018-08-16 13:06:00,-0.45744580877607177
2018-08-16 13:09:00,-0.3953710487890021
2018-08-16 13:12:00,-0.523396802276352
2018-08-16 13:15:00,-0.46042823903189856
2018-08-16 13:18:00,-0.4084852827836585
2018-08-16 13:21:00,-0.5606265621802322
2018-08-16 13:24:00,-0.3634960168293446
2018-08-16 13:27:00,-0.4571160485766086
2018-08-16 13:30:00,-0.47317116115789304
2018-08-16 13:33:00,-0.48388377312721786
2018-08-16 13:36:00,-0.405270932529902
2018-08-16 13:39:00,-0.4400106802866617
2018-08-16 13:42:00,-0.5255245520702942
2018-08-16 13:45:00,-0.4261200647231931
2018-08-16 13:48:00,-0.5179956571368507
2018-08-16 13:51:00,-0.3958198167588307
2018-08-16 13:54:00,-0.528227767674025
2018-08-16 13:57:00,-0.3557114107006214
2018-08-16 14:00:00,-0.4547039439675018
2018-08-16 14:03:00,-0.4901205560713038
2018-08-16 14:06:00,-0.45871051718427225
2018-08-16 14:09:00,-0.3841637999209411
2018-08-16 14:12:00,-0.44285264264379975
2018-08-16 14:15:00,-0.41493968262858516
2018-08-16 14:18:00,-0.5488176945057148
2018-08-16 14:21:00,-0.558824666004341
2018-08-16 14:24:00,-0.46248473708590154
2018-08-16 14:27:00,-0.5116677927899786
2018-08-16 14:30:00,-0.5118358075868628
2018-08-16 14:33:00,-0.47090149486564314
2018-08-16 14:36:00,-0.45238763282304717
2018-08-16 14:39:00,-0.47970193807685746
2018-08-16 14:42:00,-0.36176762518999794
2018-08-16 14:45:00,-0.43298363919581107
2018-08-16 14:48:00,-0.48133151230888416
2018-08-16 14:51:00,-0.47922921481233516
2018-08-16 14:54:00,-0.4914253060407532
2018-08-16 14:57:00,-0.4196479963708839
2018-08-16 15:00:00,-0.5211153770211467
2018-08-16 15:03:00,-0.5141933407650185
2018-08-16 15:06:00,-0.48247843477616925
2018-08-16 15:09:00,-0.44136571407733527
2018-08-16 15:12:00,-0.49774227346682665
2018-08-16 15:15:00,-0.3952099124434767
2018-08-16 15:18:00,-0.40585363503134886
2018-08-16 15:21:00,-0.3928634355626741
2018-08-16 15:24:00,-0.4184763041575934
2018-08-16 15:27:00,-0.4246051181528969
2018-08-16 15:30:00,-0.3631608304592078
2018-08-16 15:33:00,-0.4209283820420069
2018-08-16 15:36:00,-0.4306918035310332
2018-08-16 15:39:00,-0.45802989580118947
2018-08-16 15:42:00,-0.4816944475799687
2018-08-16 15:45:00,-0.39606501541965144
2018-08-16 15:48:00,-0.5437928502965974
2018-08-16 15:51:00,-0.4595712490559549
2018-08-16 15:54:00,-0.3742315941667016
2018-08-16 15:57:00,-0.39177620139975033
2018-08-16 16:00:00,-0.40731704182314843
2018-08-16 16:03:00,-0.3982808857424516
2018-08-16 16:06:00,-0.3725493578885448
2018-08-16 16:09:00,-0.44614192974330535
2018-08-16 16:12:00,-0.3743593114841701
2018-08-16 16:15:00,-0.4427376238800207
2018-08-16 16:18:00,-0.4122187285776704
2018-08-16 16:21:00,-0.5663821933696909
2018-08-16 16:24:00,-0.43696983811605605
2018-08-16 16:27:00,-0.4694398226196199
2018-08-16 16:30:00,-0.42043622925280033
2018-08-16 16:33:00,-0.4613117017435684
2018-08-16 16:36:00,-0.4982053307400065
2018-08-16 16:39:00,-0.49300120598525154
2018-08-16 16:42:00,-0.5353419572488747
2018-08-16 16:45:00,-0.33517773305078435
2018-08-16 16:48:00,-0.4882812807350092
2018-08-16 16:51:00,-0.47809037674397814
2018-08-16 16:54:00,-0.39849752761364243
2018-08-16 16:57:00,-0.3979910130419171
2018-08-16 17:00:00,-0.45571588023540244
2018-08-16 17:03:00,-0.5131229428882875
2018-08-16 17:06:00,-0.4180267984285706
2018-08-16 17:09:00,-0.4868913652064748
2018-08-16 17:12:00,-0.5100487123218045
2018-08-16 17:15:00,-0.3548435098538789
2018-08-16 17:18:00,-0.32613565346497353
2018-08-16 17:21:00,-0.446096980218897
2018-08-16 17:24:00,-0.32486517441861906
2018-08-16 17:27:00,-0.49757413293679065
2018-08-16 17:30:00,-0.4528113586878817
2018-08-16 17:33:00,-0.4180639561062094
2018-08-16 17:36:00,-0.3413682341391109
2018-08-16 17:39:00,-0.4836802211370923
2018-08-16 17:42:00,-0.49051407507562317
2018-08-16 17:45:00,-0.46135170292637895
2018-08-16 17:48:00,-0.4039199534149702
2018-08-16 17:51:00,-0.3446904654988998
2018-08-16 17:54:00,-0.4138502257850405
2018-08-16 17:57:00,-0.3859888132267315
2018-08-16 18:00:00,-0.5369307335282656
2018-08-16 18:03:00,-0.46820138877524187
2018-08-16 18:06:00,-0.4934687213814186
2018-08-16 18:09:00,-0.5646389939461756
2018-08-16 18:12:00,-0.4674193495609984
2018-08-16 18:15:00,-0.4556264584848009
2018-08-16 18:18:00,-0.5421123908582786
2018-08-16 18:21:00,-0.3807328898725473
2018-08-16 18:24:00,-0.5257036446748202
2018-08-16 18:27:00,-0.42823443697596986
2018-08-16 18:30:00,-0.47675650707520845
2018-08-16 18:33:00,-0.481431416543046
2018-08-16 18:36:00,-0.47242005144414634
2018-08-16 18:39:00,-0.474061415499591
2018-08-16 18:42:00,-0.48285243893604957
2018-08-16 18:45:00,-0.48735731888348255
2018-08-16 18:48:00,-0.4454482757100777
2018-08-16 18:51:00,-0.43464947584277525
2018-08-16 18:54:00,
2018-08-16 18:57:00,
2018-08-16 19:00:00,
2018-08-16 19:03:00,-0.44181373378154376
2018-08-16 19:06:00,-0.38083676696192015
2018-08-16 19:09:00,-0.40632378861550933
2018-08-16 19:12:00,-0.4811447941237361
2018-08-16 19:15:00,-0.4563906698786582
2018-08-16 19:18:00,-0.3281281818125308
2018-08-16 19:21:00,-0.418867011007535
2018-08-16 19:24:00,-0.35808896003641166
2018-08-16 19:27:00,-0.29600252655473014
2018-08-16 19:30:00,-0.3117419015525229
2018-08-16 19:33:00,-0.3104527454713093
2018-08-16 19:36:00,-0.26830643440581525
2018-08-16 19:39:00,-0.27738273521759993
2018-08-16 19:42:00,-0.21754783414718304
2018-08-16 19:45:00,-0.2752272988165032
2018-08-16 19:48:00,-0.23601427588408797
2018-08-16 19:51:00,-0.19230670394773597
2018-08-16 19:54:00,-0.1399604622860693
2018-08-16 19:57:00,-0.20322870763953915
2018-08-16 20:00:00,-0.19614137335508985
2018-08-16 20:03:00,-0.2601430145255108
2018-08-16 20:06:00,-0.2379747888635393
2018-08-16 20:09:00,-0.2356034415066688
2018-08-16 20:12:00,-0.24476850172231934
2018-08-16 20:15:00,-0.18238687915970786
2018-08-16 20:18:00,-0.2723992209473636
2018-08-16 20:21:00,-0.3060544700871901
2018-08-16 20:24:00,-0.21200463114405466
2018-08-16 20:27:00,-0.10463095576841397
2018-08-16 20:30:00,-0.15718988275028778
2018-08-16 20:33:00,-0.10093253806405755
2018-08-16 20:36:00,-0.08225313762596898
2018-08-16 20:39:00,-0.09395755625945412
2018-08-16 20:42:00,-0.035026827358535684
2018-08-16 20:45:00,-0.20910855912734405
2018-08-16 20:48:00,-0.13374143403240168
2018-08-16 20:51:00,-0.07382311545643461
2018-08-16 20:54:00,-0.12640465220516717
2018-08-16 20:57:00,-0.09354623844239995
2018-08-16 21:00:00,-0.04302582929364007
2018-08-16 21:03:00,-0.02299094012647629
2018-08-16 21:06:00,-0.08252626883319181
2018-08-16 21:09:00,-0.07356212668901208
2018-08-16 21:12:00,-0.09168492689065033
2018-08-16 21:15:00,-0.006201606616571098
2018-08-16 21:18:00,-0.07513585348755214
2018-08-16 21:21:00,0.11503247195412314
2018-08-16 21:24:00,-0.01257245819323316
2018-08-16 21:27:00,-0.11190374033583339
2018-08-16 21:30:00,-0.06675864523356267
2018-08-16 21:33:00,0.019714961804993436
2018-08-16 21:36:00,-0.030151896966060576
2018-08-16 21:39:00,0.026415985989103774
2018-08-16 21:42:00,0.02328781408238001
2018-08-16 21:45:00,-0.005450180249283676
2018-08-16 21:48:00,-0.017503008360506556
2018-08-16 21:51:00,-0.020040024340744367
2018-08-16 21:54:00,0.045272628557086136
2018-08-16 21:57:00,-0.041126054887797636
2018-08-16 22:00:00,0.016536039337950115
2018-08-16 22:03:00,-0.07496841149912825
2018-08-16 22:06:00,0.05727034727061664
2018-08-16 22:09:00,0.024188141442607503
2018-08-16 22:12:00,-0.017446566088381132
2018-08-16 22:15:00,-0.03733155354819928
2018-08-16 22:18:00,0.03377575716120873
2018-08-16 22:21:00,0.08729968634850138
2018-08-16 22:24:00,0.06646718077917058
2018-08-16 22:27:00,0.009983207432640029
2018-08-16 22:30:00,0.02006610563734057
2018-08-16 22:33:00,-0.006343743469358287
2018-08-16 22:36:00,0.0373703852288827
2018-08-16 22:39:00,0.07274867596214563
2018-08-16 22:42:00,0.026236834685619215
2018-08-16 22:45:00,0.11406001847336711
2018-08-16 22:48:00,-0.05677009981809533
2018-08-16 22:51:00,0.09564091918525719
2018-08-16 22:54:00,0.10381083228702437
2018-08-16 22:57:00,0.07429467366574727
2018-08-16 23:00:00,0.025734245694309266
2018-08-16 23:03:00,0.07050853560485848
2018-08-16 23:06:00,0.08044792977858606
2018-08-16 23:09:00,0.037473894774848304
2018-08-16 23:12:00,0.12793333295718412
2018-08-16 23:15:00,0.01834349391754131
2018-08-16 23:18:00,0.05654428131572331
2018-08-16 23:21:00,0.02520559485742524
2018-08-16 23:24:00,0.09346819840970966
2018-08-16 23:27:00,0.0931860136337832
2018-08-16 23:30:00,0.05756759570886061
2018-08-16 23:33:00,0.08551637625254216
2018-08-16 23:36:00,0.04515714062694087
2018-08-16 23:39:00,0.06286252963946026
2018-08-16 23:42:00,-0.04955148343475457
2018-08-16 23:45:00,0.06138131830874727
2018-08-16 23:48:00,0.05908020266605263
2018-08-16 23:51:00,0.026164636542887365
2018-08-16 23:54:00,0.0375275855168411
2018-08-16 23:57:00,0.0396183604927387
2018-08-17 00:00:00,0.09162295127714515
2018-08-17 00:03:00,0.058468637588248384
2018-08-17 00:06:00,0.08225770577530511
2018-08-17 00:09:00,0.07480541394937745
2018-08-17 00:12:00,0.07518236893145058
2018-08-17 00:15:00,0.07022644109923704
2018-08-17 00:18:00,0.09811462429570383
2018-08-17 00:21:00,0.08545202458600443
2018-08-17 00:24:00,0.1126065259564939
2018-08-17 00:27:00,0.12514702518353715
2018-08-17 00:30:00,0.09796776968579479
2018-08-17 00:33:00,0.09141315496492552
2018-08-17 00:36:00,0.1453946684508196
2018-08-17 00:39:00,0.11603613455696404
2018-08-17 00:42:00,0.16939330096960248
2018-08-17 00:45:00,0.1874680717769479
2018-08-17 00:48:00,0.24025708466763263
2018-08-17 00:51:00,0.16384972767474437
2018-08-17 00:54:00,0.16142453767372444
2018-08-17 00:57:00,0.17479930092190443
2018-08-17 01:00:00,0.13107210091317256
2018-08-17 01:03:00,0.17828597707051586
2018-08-17 01:06:00,0.17439674735231847
2018-08-17 01:09:00,0.1422942542632768
2018-08-17 01:12:00,0.13305462142955093
2018-08-17 01:15:00,0.057217049982909884
2018-08-17 01:18:00,0.06364709171884897
2018-08-17 01:21:00,0.16894840511969278
2018-08-17 01:24:00,0.14234777228466555
2018-08-17 01:27:00,0.18413119513661513
2018-08-17 01:30:00,0.16270339607450524
2018-08-17 01:33:00,0.16152598296946508
2018-08-17 01:36:00,0.1884436429064067
2018-08-17 01:39:00,0.20434787193340753
2018-08-17 01:42:00,0.19115775818210068
2018-08-17 01:45:00,0.155662088448139
2018-08-17 01:48:00,0.1682573790891979
2018-08-17 01:51:00,0.21735293685065926
2018-08-17 01:54:00,0.23241376249740142
2018-08-17 01:57:00,0.23179664836209213
2018-08-17 02:00:00,0.09115849484288674
2018-08-17 02:03:00,0.11467387406469243
2018-08-17 02:06:00,0.1377598299067131
2018-08-17 02:09:00,0.17899009877879735
2018-08-17 02:12:00,0.2426747006165897
2018-08-17 02:15:00,0.15424392809325127
2018-08-17 02:18:00,0.2271393259259753
2018-08-17 02:21:00,0.2322687498545406
2018-08-17 02:24:00,0.14702850743196905
2018-08-17 02:27:00,0.14557115419472666
2018-08-17 02:30:00,0.22472967495758667
2018-08-17 02:33:00,0.17643979185737635
2018-08-17 02:36:00,0.2404368942584938
2018-08-17 02:39:00,0.2604036477274576
2018-08-17 02:42:00,0.2546535096112734
2018-08-17 02:45:00,0.13746980394302
2018-08-17 02:48:00,0.15475182160417944
2018-08-17 02:51:00,0.1964743374343243
2018-08-17 02:54:00,0.18413022732545414
2018-08-17 02:57:00,0.2257351071989433
2018-08-17 03:00:00,0.1847477158796096
2018-08-17 03:03:00,0.28038216527039594
2018-08-17 03:06:00,0.19003188855089093
2018-08-17 03:09:00,0.19375958067621468
2018-08-17 03:12:00,0.15638328065739415
2018-08-17 03:15:00,0.2056023724567808
2018-08-17 03:18:00,0.1822688450826604
2018-08-17 03:21:00,0.23408630129551966
2018-08-17 03:24:00,0.261588237859371
2018-08-17 03:27:00,0.21270986394961255
2018-08-17 03:30:00,0.24530130504439285
2018-08-17 03:33:00,0.1968658104952965
2018-08-17 03:36:00,0.2728515790139454
2018-08-17 03:39:00,0.2090174095128532
2018-08-17 03:42:00,0.23066402417612153
2018-08-17 03:45:00,0.19424001869145968
2018-08-17 03:48:00,0.14894134730042197
2018-08-17 03:51:00,0.2868738611207391
2018-08-17 03:54:00,0.26240502653962494
2018-08-17 03:57:00,0.23029905961737995
2018-08-17 04:00:00,0.0977795031743085
2018-08-17 04:03:00,0.21198824972799457
2018-08-17 04:06:00,0.2736810730385173
2018-08-17 04:09:00,0.21303856265836885
2018-08-17 04:12:00,0.2372539573084964
2018-08-17 04:15:00,0.2572804579536978
2018-08-17 04:18:00,0.20885838008331348
2018-08-17 04:21:00,0.2645083741181793
2018-08-17 04:24:00,0.25231041544122945
2018-08-17 04:27:00,0.21926550433465763
2018-08-17 04:30:00,0.15731121487215205
2018-08-17 04:33:00,0.19325011767313072
2018-08-17 04:36:00,0.1403296714736939
2018-08-17 04:39:00,0.17036714872898528
2018-08-17 04:42:00,0.2861859227170953
2018-08-17 04:45:00,0.1773846712858358
2018-08-17 04:48:00,0.23252277573578795
2018-08-17 04:51:00,0.20163215135454493
2018-08-17 04:54:00,0.20612618435410468
2018-08-17 04:57:00,0.24846352658374826
2018-08-17 05:00:00,0.18112392716869863
2018-08-17 05:03:00,0.1914476000994796
2018-08-17 05:06:00,0.23002078163682427
2018-08-17 05:09:00,0.16712126433634467
2018-08-17 05:12:00,0.23493615258013278
2018-08-17 05:15:00,0.1449997470630251
2018-08-17 05:18:00,0.1891136762167207
2018-08-17 05:21:00,0.30419094374940414
2018-08-17 05:24:00,0.19782839094364135
2018-08-17 05:27:00,0.16426841954267957
2018-08-17 05:30:00,0.2405993589501918
2018-08-17 05:33:00,0.22789113955928997
2018-08-17 05:36:00,0.29360292320484405
2018-08-17 05:39:00,0.221411508076244
2018-08-17 05:42:00,0.30827456982399326
2018-08-17 05:45:00,0.24828328954760082
2018-08-17 05:48:00,0.17171761597029445
2018-08-17 05:51:00,0.21856136589036623
2018-08-17 05:54:00,0.25334766908980555
2018-08-17 05:57:00,0.2735120190258158
2018-08-17 06:00:00,0.21063903411879892
2018-08-17 06:03:00,0.2341700032932863
2018-08-17 06:06:00,0.20812301190380822
2018-08-17 06:09:00,0.23341818657695512
2018-08-17 06:12:00,0.1733674940144283
2018-08-17 06:15:00,0.2020673696264339
2018-08-17 06:18:00,0.28867031684376343
2018-08-17 06:21:00,0.22476133633347217
2018-08-17 06:24:00,0.24601121819097216
2018-08-17 06:27:00,0.22286152428102923
2018-08-17 06:30:00,0.30972618131579566
2018-08-17 06:33:00,0.21148297778631786
2018-08-17 06:36:00,0.25971404389235886
2018-08-17 06:39:00,0.2606764355900282
2018-08-17 06:42:00,0.2517083435622567
2018-08-17 06:45:00,0.2522752387673677
2018-08-17 06:48:00,0.1529792676814168
2018-08-17 06:51:00,0.19665516953671158
2018-08-17 06:54:00,0.18579762686437107
2018-08-17 06:57:00,0.25511494876917595
2018-08-17 07:00:00,0.2718526624092874
2018-08-17 07:03:00,0.23463686947917495
2018-08-17 07:06:00,0.2746370806881373
2018-08-17 07:09:00,0.27928521899178804
2018-08-17 07:12:00,0.24817978510856165
2018-08-17 07:15:00,0.19813234833594606
2018-08-17 07:18:00,0.20874645021507376
2018-08-17 07:21:00,0.24243112297574498
2018-08-17 07:24:00,0.24403204662974076
2018-08-17 07:27:00,0.17070757793311486
2018-08-17 07:30:00,0.23838388740426808
2018-08-17 07:33:00,0.1550328170057469
2018-08-17 07:36:00,0.13856501016391576
2018-08-17 07:39:00,0.13873763135768513
2018-08-17 07:42:00,0.11165004102161902
2018-08-17 07:45:00,0.1898813084918629
2018-08-17 07:48:00,0.12126048808494261
2018-08-17 07:51:00,0.1375608102255228
2018-08-17 07:54:00,0.08923647250048816
2018-08-17 07:57:00,0.11878192553331246
2018-08-17 08:00:00,0.08021532420394806
2018-08-17 08:03:00,0.08848051718700845
2018-08-17 08:06:00,0.07159534425341008
2018-08-17 08:09:00,0.10707703288721859
2018-08-17 08:12:00,0.15178622248333795
2018-08-17 08:15:00,0.05887769916472507
2018-08-17 08:18:00,0.12436285411519066
2018-08-17 08:21:00,0.07502361777653732
2018-08-17 08:24:00,0.053356523296713476
2018-08-17 08:27:00,0.051597344499271
2018-08-17 08:30:00,0.03261225121434563
2018-08-17 08:33:00,-0.050812802913412725
2018-08-17 08:36:00,-0.004796460897296129
2018-08-17 08:39:00,-0.13547102682184686
2018-08-17 08:42:00,-0.09798335769085043
2018-08-17 08:45:00,-0.13101023377822685
2018-08-17 08:48:00,-0.08203476779027596
2018-08-17 08:51:00,-0.22874812011252743
2018-08-17 08:54:00,-0.1759134988010942
2018-08-17 08:57:00,-0.07382223003492072
2018-08-17 09:00:00,-0.20113313470392313
2018-08-17 09:03:00,-0.14404531548575505
2018-08-17 09:06:00,-0.10882524922214998
2018-08-17 09:09:00,-0.10046046297259181
2018-08-17 09:12:00,-0.034602262242572124
2018-08-17 09:15:00,-0.16262401879947674
2018-08-17 09:18:00,-0.12178994570615487
2018-08-17 09:21:00,-0.1822305621635678
2018-08-17 09:24:00,-0.1728089492165168
2018-08-17 09:27:00,-0.11428347582432252
2018-08-17 09:30:00,-0.12312062345375807
2018-08-17 09:33:00,-0.03697546227493831
2018-08-17 09:36:00,-0.060983809467415995
2018-08-17 09:39:00,-0.04390654997882848
2018-08-17 09:42:00,-0.026072165880918874
2018-08-17 09:45:00,0.04346801788165067
2018-08-17 09:48:00,-0.03617639286227359
2018-08-17 09:51:00,-0.1591701177280811
2018-08-17 09:54:00,-0.28072446482866553
2018-08-17 09:57:00,-0.19781188991157705
2018-08-17 10:00:00,-0.206242665592697
2018-08-17 10:03:00,-0.12014226798021355
2018-08-17 10:06:00,-0.10679176584005745
2018-08-17 10:09:00,-0.13729233488902537
2018-08-17 10:12:00,-0.058743424354531726
2018-08-17 10:15:00,-0.026396904903720042
2018-08-17 10:18:00,-0.11794459168800131
2018-08-17 10:21:00,-0.17201117586552073
2018-08-17 10:24:00,-0.13984518045197092
2018-08-17 10:27:00,-0.26523784246683135
2018-08-17 10:30:00,-0.3440754601897993
2018-08-17 10:33:00,-0.26024867405141094
2018-08-17 10:36:00,-0.11391965768285672
2018-08-17 10:39:00,-0.22205769521031016
2018-08-17 10:42:00,-0.23915991051927676
2018-08-17 10:45:00,-0.26847879139216957
2018-08-17 10:48:00,-0.3304943127620845
2018-08-17 10:51:00,-0.25492091070805145
2018-08-17 10:54:00,-0.27694668629544594
2018-08-17 10:57:00,-0.30880971164395987
2018-08-17 11:00:00,-0.2579023387897337
2018-08-17 11:03:00,-0.31065980512767055
2018-08-17 11:06:00,-0.3481910303322593
2018-08-17 11:09:00,-0.3706505047249493
2018-08-17 11:12:00,-0.37421720124285685
2018-08-17 11:15:00,-0.2734796810619855
2018-08-17 11:18:00,-0.32409003747278575
2018-08-17 11:21:00,-0.33177775011847643
2018-08-17 11:24:00,-0.29329548829059604
2018-08-17 11:27:00,-0.26151913279022665
2018-08-17 11:30:00,-0.3847771723738447
2018-08-17 11:33:00,-0.2447705664671389
2018-08-17 11:36:00,-0.34274072406157075
2018-08-17 11:39:00,-0.39608679874839936
2018-08-17 11:42:00,-0.4356100738916098
2018-08-17 11:45:00,-0.3988054058453372
2018-08-17 11:48:00,-0.468743862694339
2018-08-17 11:51:00,-0.3162756578428798
2018-08-17 11:54:00,-0.552546474538758
2018-08-17 11:57:00,-0.3798887349493043
2018-08-17 12:00:00,-0.3578561467702457
2018-08-17 12:03:00,-0.4023248820127492
2018-08-17 12:06:00,-0.39967747484075744
2018-08-17 12:09:00,-0.4195309294497065
2018-08-17 12:12:00,-0.4381719236803292
2018-08-17 12:15:00,-0.4736232070897586
2018-08-17 12:18:00,-0.4341468016166914
2018-08-17 12:21:00,-0.4173324838140502
2018-08-17 12:24:00,-0.37306301305801526
2018-08-17 12:27:00,-0.40336606755693083
2018-08-17 12:30:00,-0.4123901094746998
2018-08-17 12:33:00,-0.404790498574755
2018-08-17 12:36:00,-0.5102741546190259
2018-08-17 12:39:00,-0.5487252498201656
2018-08-17 12:42:00,-0.4376132352425657
2018-08-17 12:45:00,-0.6074682992655767
2018-08-17 12:48:00,-0.5390393165190517
2018-08-17 12:51:00,-0.46468521003089336
2018-08-17 12:54:00,-0.565474639074921
2018-08-17 12:57:00,-0.5609316847951504
2018-08-17 13:00:00,-0.6108490440457217
2018-08-17 13:03:00,-0.6439073145991188
2018-08-17 13:06:00,-0.6172380446611783
2018-08-17 13:09:00,-0.5884957975433736
2018-08-17 13:12:00,-0.5455110757034731
2018-08-17 13:15:00,-0.6001667356138682
2018-08-17 13:18:00,-0.4494167993435667
2018-08-17 13:21:00,-0.41739920893923
2018-08-17 13:24:00,-0.5115163988558606
2018-08-17 13:27:00,-0.626068127514884
2018-08-17 13:30:00,-0.678671030890655
2018-08-17 13:33:00,-0.7081139165495074
2018-08-17 13:36:00,-0.5715160161224162
2018-08-17 13:39:00,-0.5728973595280991
2018-08-17 13:42:00,-0.522979329349937
2018-08-17 13:45:00,-0.5159661344030724
2018-08-17 13:48:00,-0.575748482987251
2018-08-17 13:51:00,-0.6002367002305391
2018-08-17 13:54:00,-0.5140485106283563
2018-08-17 13:57:00,-0.6155693099207156
2018-08-17 14:00:00,-0.5728408910057965
2018-08-17 14:03:00,-0.5064228481736563
2018-08-17 14:06:00,-0.5694905083570916
2018-08-17 14:09:00,-0.5329663156007314
2018-08-17 14:12:00,-0.5657696802222176
2018-08-17 14:15:00,-0.5669001750073903
2018-08-17 14:18:00,-0.668920947285585
2018-08-17 14:21:00,-0.5972094974424635
2018-08-17 14:24:00,-0.5666125068418069
2018-08-17 14:27:00,-0.5085215554573779
2018-08-17 14:30:00,-0.6261114806549131
2018-08-17 14:33:00,-0.6024090414684906
2018-08-17 14:36:00,-0.5701822718930885
2018-08-17 14:39:00,-0.4806616096774974
2018-08-17 14:42:00,-0.3766548584549696
2018-08-17 14:45:00,-0.5240588307680696
2018-08-17 14:48:00,-0.6346034943701397
2018-08-17 14:51:00,-0.6492812850027576
2018-08-17 14:54:00,-0.5782077850633982
2018-08-17 14:57:00,-0.5761925228176779
2018-08-17 15:00:00,-0.6332592779785955
2018-08-17 15:03:00,-0.6426723875879929
2018-08-17 15:06:00,-0.6139502555643617
2018-08-17 15:09:00,-0.5774637554886795
2018-08-17 15:12:00,-0.6552253333419458
2018-08-17 15:15:00,-0.7127083681286308
2018-08-17 15:18:00,-0.6244521922980653
2018-08-17 15:21:00,-0.57694387928683
2018-08-17 15:24:00,-0.6585917513389177
2018-08-17 15:27:00,-0.564123435613169
2018-08-17 15:30:00,-0.5887829644348699
2018-08-17 15:33:00,-0.6091175952367394
2018-08-17 15:36:00,-0.6139388456423376
2018-08-17 15:39:00,-0.6063598027512285
2018-08-17 15:42:00,-0.5396598239045147
2018-08-17 15:45:00,-0.6984390490098349
2018-08-17 15:48:00,-0.4699175366405939
2018-08-17 15:51:00,-0.3996230076813845
2018-08-17 15:54:00,-0.4708450988939603
2018-08-17 15:57:00,-0.4436952509344678
2018-08-17 16:00:00,-0.5574111049753583
2018-08-17 16:03:00,-0.42492662488911037
2018-08-17 16:06:00,-0.5069229013340646
2018-08-17 16:09:00,-0.5022899677131818
2018-08-17 16:12:00,-0.537151333524946
2018-08-17 16:15:00,-0.5221005543074284
2018-08-17 16:18:00,-0.5359890748288194
2018-08-17 16:21:00,-0.5815182650074462
2018-08-17 16:24:00,-0.46305172450587406
2018-08-17 16:27:00,-0.43089964934671343
2018-08-17 16:30:00,-0.6089147473823573
2018-08-17 16:33:00,-0.5751070907206781
2018-08-17 16:36:00,-0.5043414673841085
2018-08-17 16:39:00,-0.5389421878579697
2018-08-17 16:42:00,-0.5929639876139845
2018-08-17 16:45:00,-0.4897364162325175
2018-08-17 16:48:00,-0.5228496168896868
2018-08-17 16:51:00,-0.5209804864751959
2018-08-17 16:54:00,-0.5471956647372735
2018-08-17 16:57:00,-0.5781590525551792
2018-08-17 17:00:00,-0.5609816463581865
2018-08-17 17:03:00,-0.4774156272962955
2018-08-17 17:06:00,-0.5910844554233563
2018-08-17 17:09:00,-0.5434726062215987
2018-08-17 17:12:00,-0.5304454572813029
2018-08-17 17:15:00,-0.5355643471730218
2018-08-17 17:18:00,-0.5510679702379093
2018-08-17 17:21:00,-0.48255084323267283
2018-08-17 17:24:00,-0.48727132966689624
2018-08-17 17:27:00,-0.5391731767170995
2018-08-17 17:30:00,-0.5122479879336765
2018-08-17 17:33:00,-0.5739515084059121
2018-08-17 17:36:00,-0.3804930641784381
2018-08-17 17:39:00,-0.5965793873588723
2018-08-17 17:42:00,-0.5679909161434011
2018-08-17 17:45:00,-0.5666163395632111
2018-08-17 17:48:00,-0.408127485050386
2018-08-17 17:51:00,-0.41671422709310946
2018-08-17 17:54:00,-0.5214860544022599
2018-08-17 17:57:00,-0.4709455959954312
2018-08-17 18:00:00,-0.48927981104361606
2018-08-17 18:03:00,-0.4619166230796736
2018-08-17 18:06:00,-0.4296888162551795
2018-08-17 18:09:00,-0.6023024986022847
2018-08-17 18:12:00,-0.44495585286142614
2018-08-17 18:15:00,-0.3575759187698395
2018-08-17 18:18:00,-0.5131455946229835
2018-08-17 18:21:00,-0.5280511250768996
2018-08-17 18:24:00,-0.44824483875936494
2018-08-17 18:27:00,-0.4214974148027295
2018-08-17 18:30:00,-0.3447136422144581
2018-08-17 18:33:00,-0.3343547443842567
2018-08-17 18:36:00,-0.34452639126379836
2018-08-17 18:39:00,-0.42646754406649734
2018-08-17 18:42:00,-0.3732848208266546
2018-08-17 18:45:00,-0.3365205357208083
2018-08-17 18:48:00,-0.41120220534065766
2018-08-17 18:51:00,-0.3325465519930617
2018-08-17 18:54:00,
2018-08-17 18:57:00,
2018-08-17 19:00:00,
2018-08-17 19:03:00,-0.30426922680197777
2018-08-17 19:06:00,-0.3547790005890761
2018-08-17 19:09:00,-0.24646104901790977
2018-08-17 19:12:00,-0.4278692243034925
2018-08-17 19:15:00,-0.31980056996411577
2018-08-17 19:18:00,-0.30553680476930367
2018-08-17 19:21:00,-0.2959375335474874
2018-08-17 19:24:00,-0.3407777161854142
2018-08-17 19:27:00,-0.3222977061858501
2018-08-17 19:30:00,-0.4104698142424468
2018-08-17 19:33:00,-0.3192375585088598
2018-08-17 19:36:00,-0.38213041103335854
2018-08-17 19:39:00,-0.2623278336608337
2018-08-17 19:42:00,-0.26658751737602415
2018-08-17 19:45:00,-0.2534703153240798
2018-08-17 19:48:00,-0.3377437742660163
2018-08-17 19:51:00,-0.23809229754516537
2018-08-17 19:54:00,-0.24991578160654626
2018-08-17 19:57:00,-0.2575919133365687
2018-08-17 20:00:00,-0.2422848432992737
2018-08-17 20:03:00,-0.3367829201695258
2018-08-17 20:06:00,-0.3047121244915161
2018-08-17 20:09:00,-0.24853498303070864
2018-08-17 20:12:00,-0.2716761908642411
2018-08-17 20:15:00,-0.2674838267054156
2018-08-17 20:18:00,-0.298204413750625
2018-08-17 20:21:00,-0.25367287589034504
2018-08-17 20:24:00,-0.26498305760202356
2018-08-17 20:27:00,-0.18756798023702004
2018-08-17 20:30:00,-0.22166392208686148
2018-08-17 20:33:00,-0.23594835648538037
2018-08-17 20:36:00,-0.22041634852058678
2018-08-17 20:39:00,-0.27742331986780755
2018-08-17 20:42:00,-0.21628848466758654
2018-08-17 20:45:00,-0.19573409561263588
2018-08-17 20:48:00,-0.15759915137300595
2018-08-17 20:51:00,-0.1852885481309272
2018-08-17 20:54:00,-0.11901344171616302
2018-08-17 20:57:00,-0.09700585576672438
2018-08-17 21:00:00,-0.032961911247809894
2018-08-17 21:03:00,-0.11058310148155215
2018-08-17 21:06:00,-0.12561495626556507
2018-08-17 21:09:00,-0.0547297597212264
2018-08-17 21:12:00,-0.1417833926004164
2018-08-17 21:15:00,-0.06863538247517909
2018-08-17 21:18:00,-0.10637837323594113
2018-08-17 21:21:00,-0.062475789193854325
2018-08-17 21:24:00,-0.042675922324463045
2018-08-17 21:27:00,-0.11405409873020744
2018-08-17 21:30:00,-0.04503483786970719
2018-08-17 21:33:00,-0.10338258598767425
2018-08-17 21:36:00,-0.03821299589304772
2018-08-17 21:39:00,-0.09320091492662641
2018-08-17 21:42:00,-0.15621112107044155
2018-08-17 21:45:00,-0.14994591992495998
2018-08-17 21:48:00,-0.08071244126125521
2018-08-17 21:51:00,-0.13563510043593396
2018-08-17 21:54:00,-0.12676339726044716
2018-08-17 21:57:00,-0.20340849980925668
2018-08-17 22:00:00,-0.05348308107693356
2018-08-17 22:03:00,-0.13377192886900957
2018-08-17 22:06:00,-0.03445474280806593
2018-08-17 22:09:00,-0.08496902065752465
2018-08-17 22:12:00,-0.08536956407857588
2018-08-17 22:15:00,-0.08333992072033425
2018-08-17 22:18:00,-0.027872743357931995
2018-08-17 22:21:00,-0.09565107810277595
2018-08-17 22:24:00,-0.12017028960241305
2018-08-17 22:27:00,-0.0762979933844008
2018-08-17 22:30:00,-0.09065025179160102
2018-08-17 22:33:00,-0.12282253952321298
2018-08-17 22:36:00,-0.11556854664104321
2018-08-17 22:39:00,-0.044753987429544395
2018-08-17 22:42:00,-0.07020398162364927
2018-08-17 22:45:00,-0.1718884456346359
2018-08-17 22:48:00,-0.06003918444611145
2018-08-17 22:51:00,-0.13961251574659173
2018-08-17 22:54:00,-0.025045163376830715
2018-08-17 22:57:00,-0.050245212258971605
2018-08-17 23:00:00,-0.09262325069209965
2018-08-17 23:03:00,-0.07243630535293732
2018-08-17 23:06:00,-0.1584912616881411
2018-08-17 23:09:00,-0.026642498398473435
2018-08-17 23:12:00,-0.1701024451219837
2018-08-17 23:15:00,-0.12200528738196681
2018-08-17 23:18:00,-0.13550839347834653
2018-08-17 23:21:00,-0.07495534222607603
2018-08-17 23:24:00,-0.14227324065842595
2018-08-17 23:27:00,-0.04784949302415953
2018-08-17 23:30:00,-0.08720778312016364
2018-08-17 23:33:00,-0.05248935251273679
2018-08-17 23:36:00,-0.005034132681771553
2018-08-17 23:39:00,0.029898691924813647
2018-08-17 23:42:00,-0.002984206230792097
2018-08-17 23:45:00,-0.05729384951638394
2018-08-17 23:48:00,-0.04759289704179537
2018-08-17 23:51:00,-0.028421535220559235
2018-08-17 23:54:00,0.005488280143481461
2018-08-17 23:57:00,-0.07682083955808139
2018-08-18 00:00:00,-0.020731853450683957
2018-08-18 00:03:00,0.01947467113689072
2018-08-18 00:06:00,-0.0022072051994541653
2018-08-18 00:09:00,-0.09046249278776486
2018-08-18 00:12:00,0.01437187602442691
2018-08-18 00:15:00,-0.04403245191571159
2018-08-18 00:18:00,-0.035962931283677335
2018-08-18 00:21:00,0.025129002477569884
2018-08-18 00:24:00,0.022240263370122193
2018-08-18 00:27:00,-0.03438154426299889
2018-08-18 00:30:00,-0.035464981218240155
2018-08-18 00:33:00,-0.0081117939830051
2018-08-18 00:36:00,0.017928989274935248
2018-08-18 00:39:00,0.03172615562465353
2018-08-18 00:42:00,-0.030813457204033057
2018-08-18 00:45:00,-0.008545986856518084
2018-08-18 00:48:00,0.004930023032898134
2018-08-18 00:51:00,-0.06191923411324751
2018-08-18 00:54:00,-0.04772354190919259
2018-08-18 00:57:00,-0.06680213250837141
2018-08-18 01:00:00,0.0013790226572609754
2018-08-18 01:03:00,-0.030841703331077497
2018-08-18 01:06:00,0.043681407496023894
2018-08-18 01:09:00,0.09066819153343886
2018-08-18 01:12:00,0.041677761592097795
2018-08-18 01:15:00,-0.025532270729684114
2018-08-18 01:18:00,0.13717532393087595
2018-08-18 01:21:00,0.14405015780198482
2018-08-18 01:24:00,0.01357481760697965
2018-08-18 01:27:00,0.052452878923816115
2018-08-18 01:30:00,-0.029405147140096233
2018-08-18 01:33:00,-0.07115523543080826
2018-08-18 01:36:00,-0.019281056282636655
2018-08-18 01:39:00,0.02482872707577144
2018-08-18 01:42:00,-0.017191957752174858
2018-08-18 01:45:00,-0.03619304051466088
2018-08-18 01:48:00,-0.06344530015735472
2018-08-18 01:51:00,-0.06192818829794078
2018-08-18 01:54:00,0.004734493981459309
2018-08-18 01:57:00,-0.030965085420234573
2018-08-18 02:00:00,-0.04033778865368731
2018-08-18 02:03:00,0.08139479642005654
2018-08-18 02:06:00,0.06961077361961543
2018-08-18 02:09:00,-0.06442971347883031
2018-08-18 02:12:00,0.02439236802507594
2018-08-18 02:15:00,0.07618713455320858
2018-08-18 02:18:00,0.11209266002873619
2018-08-18 02:21:00,0.029575216623868528
2018-08-18 02:24:00,0.24985726389769525
2018-08-18 02:27:00,0.23336765746159926
2018-08-18 02:30:00,0.22833098737970658
2018-08-18 02:33:00,0.17011152051225054
2018-08-18 02:36:00,0.1036577924854214
2018-08-18 02:39:00,0.09095731706531751
2018-08-18 02:42:00,-0.009500269900968306
2018-08-18 02:45:00,0.0357708017535856
2018-08-18 02:48:00,-0.03770863761894816
2018-08-18 02:51:00,0.047495703227639297
2018-08-18 02:54:00,0.05909798548373146
2018-08-18 02:57:00,-0.06748168774805663
2018-08-18 03:00:00,-0.00499680107424183
2018-08-18 03:03:00,-0.010645035498839661
2018-08-18 03:06:00,-0.10257794090904326
2018-08-18 03:09:00,-0.0030889307489587736
2018-08-18 03:12:00,0.09342486919024395
2018-08-18 03:15:00,-0.0006272948795640332
2018-08-18 03:18:00,0.0030385489549189515
2018-08-18 03:21:00,0.04105880596256384
2018-08-18 03:24:00,-0.008467937071429787
2018-08-18 03:27:00,-0.001426486806565208
2018-08-18 03:30:00,0.09062615561242637
2018-08-18 03:33:00,0.031333414125697345
2018-08-18 03:36:00,0.11437971156436788
2018-08-18 03:39:00,-0.015411122661078025
2018-08-18 03:42:00,0.015581609968535304
2018-08-18 03:45:00,-0.04384032968386009
2018-08-18 03:48:00,-0.03507159099774526
2018-08-18 03:51:00,-0.0061468026468674
2018-08-18 03:54:00,-0.11875604017910746
2018-08-18 03:57:00,-0.028633096903945443
2018-08-18 04:00:00,-0.04094636559744913
2018-08-18 04:03:00,-0.002371534425833488
2018-08-18 04:06:00,-0.06483950698401486
2018-08-18 04:09:00,0.036942826083702585
2018-08-18 04:12:00,-0.0395083164049197
2018-08-18 04:15:00,-0.014208280798925443
2018-08-18 04:18:00,0.05575385754286799
2018-08-18 04:21:00,0.024343007544132433
2018-08-18 04:24:00,-0.04614362270837091
2018-08-18 04:27:00,0.0622681682093571
2018-08-18 04:30:00,0.005230117283133495
2018-08-18 04:33:00,-0.04129311493983323
2018-08-18 04:36:00,0.024583058354949117
2018-08-18 04:39:00,0.011889983215553457
2018-08-18 04:42:00,0.10820802931112894
2018-08-18 04:45:00,0.03458407821995024
2018-08-18 04:48:00,0.122736629068811
2018-08-18 04:51:00,0.21839362915363836
2018-08-18 04:54:00,0.046342434367886653
2018-08-18 04:57:00,0.16127910847660587
2018-08-18 05:00:00,0.06874800297441652
2018-08-18 05:03:00,0.1706329724095781
2018-08-18 05:06:00,0.15807915154698549
2018-08-18 05:09:00,0.10888589496590839
2018-08-18 05:12:00,0.10653548223297094
2018-08-18 05:15:00,0.08178594571847952
2018-08-18 05:18:00,0.15209220728326045
2018-08-18 05:21:00,0.20798025979610202
2018-08-18 05:24:00,0.231737204194701
2018-08-18 05:27:00,0.17976671133772015
2018-08-18 05:30:00,0.2270455074068991
2018-08-18 05:33:00,0.22179724272564272
2018-08-18 05:36:00,0.20099495681529334
2018-08-18 05:39:00,0.1680751737518449
2018-08-18 05:42:00,0.14098364027063326
2018-08-18 05:45:00,0.17702982745657891
2018-08-18 05:48:00,0.1734135539513204
2018-08-18 05:51:00,0.2533653289777362
2018-08-18 05:54:00,0.09706332388702776
2018-08-18 05:57:00,0.204491794742637
2018-08-18 06:00:00,0.20060928778900688
2018-08-18 06:03:00,0.12968565460715809
2018-08-18 06:06:00,0.09476950990449495
2018-08-18 06:09:00,0.05215842854534003
2018-08-18 06:12:00,0.1938647174893049
2018-08-18 06:15:00,0.09954108584372534
2018-08-18 06:18:00,0.1442957103008098
2018-08-18 06:21:00,0.14321543441269569
2018-08-18 06:24:00,0.16553582579933845
2018-08-18 06:27:00,0.07336366562697094
2018-08-18 06:30:00,-0.01795353016103718
2018-08-18 06:33:00,0.1220149606282348
2018-08-18 06:36:00,0.11895304656957251
2018-08-18 06:39:00,0.1332571957541404
2018-08-18 06:42:00,0.20869707317109487
2018-08-18 06:45:00,0.20233600677295271
2018-08-18 06:48:00,0.2497612731289678
2018-08-18 06:51:00,0.19617569037052363
2018-08-18 06:54:00,0.24161946291781078
2018-08-18 06:57:00,0.2786258505039996
2018-08-18 07:00:00,0.3093548146796934
2018-08-18 07:03:00,0.22312368587398623
2018-08-18 07:06:00,0.24705424687255118
2018-08-18 07:09:00,0.33773169348347665
2018-08-18 07:12:00,0.20212795581181808
2018-08-18 07:15:00,0.18861064766633717
2018-08-18 07:18:00,0.2784238207572116
2018-08-18 07:21:00,0.1605767589358038
2018-08-18 07:24:00,0.19712218722060015
2018-08-18 07:27:00,0.106929699413854
2018-08-18 07:30:00,0.218660948077968
2018-08-18 07:33:00,0.2396779933691846
2018-08-18 07:36:00,0.16625767624123
2018-08-18 07:39:00,0.18994128364545304
2018-08-18 07:42:00,0.1289813830970843
2018-08-18 07:45:00,0.15037936927762985
2018-08-18 07:48:00,0.07770558427398555
2018-08-18 07:51:00,0.07545090702967627
2018-08-18 07:54:00,0.04777183990108824
2018-08-18 07:57:00,0.06922177102882188
2018-08-18 08:00:00,0.0030280548047016964
2018-08-18 08:03:00,0.06377357574808684
2018-08-18 08:06:00,-0.002309339108421682
2018-08-18 08:09:00,0.06501071082539056
2018-08-18 08:12:00,-0.04193388432372558
2018-08-18 08:15:00,0.003925878184645626
2018-08-18 08:18:00,0.14255028814068282
2018-08-18 08:21:00,0.05369268317042497
2018-08-18 08:24:00,0.015314885415591561
2018-08-18 08:27:00,0.046581770987756954
2018-08-18 08:30:00,0.03299061552047533
2018-08-18 08:33:00,0.09591518315227177
2018-08-18 08:36:00,0.054509956575884644
2018-08-18 08:39:00,0.11336617637311974
2018-08-18 08:42:00,-0.008968259799758016
2018-08-18 08:45:00,-0.07535234640846511
2018-08-18 08:48:00,0.05057413788119902
2018-08-18 08:51:00,0.08646108686127718
2018-08-18 08:54:00,0.1272190411064571
2018-08-18 08:57:00,-0.003443906605241409
2018-08-18 09:00:00,0.03231450885078857
2018-08-18 09:03:00,-0.0050261327091902785
2018-08-18 09:06:00,-0.1001542381411582
2018-08-18 09:09:00,-0.0701659828939114
2018-08-18 09:12:00,-0.07097597787702625
2018-08-18 09:15:00,-0.09985297960110984
2018-08-18 09:18:00,0.026574598854949727
2018-08-18 09:21:00,-0.06243182360753963
2018-08-18 09:24:00,-0.1267827180522545
2018-08-18 09:27:00,-0.04820369055056517
2018-08-18 09:30:00,-0.07814786036340138
2018-08-18 09:33:00,-0.13124305701808225
2018-08-18 09:36:00,-0.16409817583416952
2018-08-18 09:39:00,-0.1742284318838756
2018-08-18 09:42:00,-0.2671009285635364
2018-08-18 09:45:00,-0.23796589513187882
2018-08-18 09:48:00,-0.28280303275181495
2018-08-18 09:51:00,-0.22198094215798392
2018-08-18 09:54:00,-0.20228494353665383
2018-08-18 09:57:00,-0.21388898203883855
2018-08-18 10:00:00,-0.06696362166246672
2018-08-18 10:03:00,-0.21028877127702117
2018-08-18 10:06:00,-0.22785726916180238
2018-08-18 10:09:00,-0.1867051063562144
2018-08-18 10:12:00,-0.15112074437354295
2018-08-18 10:15:00,-0.2183029162266621
2018-08-18 10:18:00,-0.22689794881978287
2018-08-18 10:21:00,-0.373825276428704
2018-08-18 10:24:00,-0.22769710939411425
2018-08-18 10:27:00,-0.3248003428066113
2018-08-18 10:30:00,-0.25831308560776733
2018-08-18 10:33:00,-0.3226391902670116
2018-08-18 10:36:00,-0.34849200168139305
2018-08-18 10:39:00,-0.3340404714877536
2018-08-18 10:42:00,-0.2826489039195508
2018-08-18 10:45:00,-0.2755352079895488
2018-08-18 10:48:00,-0.3105354241387204
2018-08-18 10:51:00,-0.3611228678375369
2018-08-18 10:54:00,-0.32543465782367775
2018-08-18 10:57:00,-0.31925691626804564
2018-08-18 11:00:00,-0.20227858655687214
2018-08-18 11:03:00,-0.27177597962941036
2018-08-18 11:06:00,-0.3365923819389991
2018-08-18 11:09:00,-0.3209003979412728
2018-08-18 11:12:00,-0.3801362465816851
2018-08-18 11:15:00,-0.35695837990670043
2018-08-18 11:18:00,-0.30983622366693453
2018-08-18 11:21:00,-0.2430558964518923
2018-08-18 11:24:00,-0.09146807533289802
2018-08-18 11:27:00,-0.18497804355718017
2018-08-18 11:30:00,-0.19036282896701096
2018-08-18 11:33:00,-0.27207772103179195
2018-08-18 11:36:00,-0.24452348511147193
2018-08-18 11:39:00,-0.15682663653637974
2018-08-18 11:42:00,-0.3038930265661861
2018-08-18 11:45:00,-0.17052724865652635
2018-08-18 11:48:00,-0.2990611955835334
2018-08-18 11:51:00,-0.18950846303675917
2018-08-18 11:54:00,-0.2671302969517342
2018-08-18 11:57:00,-0.1816884325121464
2018-08-18 12:00:00,-0.25645115211511893
2018-08-18 12:03:00,-0.22166711975086173
2018-08-18 12:06:00,-0.23245541751725796
2018-08-18 12:09:00,-0.2807556769837447
2018-08-18 12:12:00,-0.22029691173412402
2018-08-18 12:15:00,-0.2619047762685227
2018-08-18 12:18:00,-0.2911870493632591
2018-08-18 12:21:00,-0.23825486122461825
2018-08-18 12:24:00,-0.19439011546018037
2018-08-18 12:27:00,-0.2767113947271014
2018-08-18 12:30:00,-0.1905191978761991
2018-08-18 12:33:00,-0.2905287294350387
2018-08-18 12:36:00,-0.27544524100989065
2018-08-18 12:39:00,-0.23274025084094774
2018-08-18 12:42:00,-0.31401409585492956
2018-08-18 12:45:00,-0.15881428092905026
2018-08-18 12:48:00,-0.251390332713072
2018-08-18 12:51:00,-0.36542917365039784
2018-08-18 12:54:00,-0.15347767307508775
2018-08-18 12:57:00,-0.19889700657364529
2018-08-18 13:00:00,-0.25755952528493253
2018-08-18 13:03:00,-0.2636059752453548
2018-08-18 13:06:00,-0.35513475875785616
2018-08-18 13:09:00,-0.33912348450951413
2018-08-18 13:12:00,-0.22952307564662533
2018-08-18 13:15:00,-0.21392948666874645
2018-08-18 13:18:00,-0.40362116467838405
2018-08-18 13:21:00,-0.3159126468467548
2018-08-18 13:24:00,-0.4138236289400652
2018-08-18 13:27:00,-0.29961980208810246
2018-08-18 13:30:00,-0.2336393273223507
2018-08-18 13:33:00,-0.3043638953344612
2018-08-18 13:36:00,-0.4369854281682706
2018-08-18 13:39:00,-0.4797259002286296
2018-08-18 13:42:00,-0.5857970447655703
2018-08-18 13:45:00,-0.4992371984752708
2018-08-18 13:48:00,-0.5427712183673066
2018-08-18 13:51:00,-0.49755904250491767
2018-08-18 13:54:00,-0.5025398909023693
2018-08-18 13:57:00,-0.47290810019848095
2018-08-18 14:00:00,-0.4726877162298706
2018-08-18 14:03:00,-0.52284475242908
2018-08-18 14:06:00,-0.5785811032731658
2018-08-18 14:09:00,-0.4061432140543957
2018-08-18 14:12:00,-0.44956056095463737
2018-08-18 14:15:00,-0.5321892073818617
2018-08-18 14:18:00,-0.563129889914876
2018-08-18 14:21:00,-0.41321739628602927
2018-08-18 14:24:00,-0.4763702472445175
2018-08-18 14:27:00,-0.4951631433514194
2018-08-18 14:30:00,-0.2882886755847949
2018-08-18 14:33:00,-0.3604415650116266
2018-08-18 14:36:00,-0.32510914620951326
2018-08-18 14:39:00,-0.32903651528908995
2018-08-18 14:42:00,-0.22968060637828103
2018-08-18 14:45:00,-0.541613765774116
2018-08-18 14:48:00,-0.5709262934697676
2018-08-18 14:51:00,-0.5959755500178403
2018-08-18 14:54:00,-0.47777826903740106
2018-08-18 14:57:00,-0.4457113347004906
2018-08-18 15:00:00,-0.4735937866877862
2018-08-18 15:03:00,-0.43402619987665503
2018-08-18 15:06:00,-0.44238659541207426
2018-08-18 15:09:00,-0.3878328457208795
2018-08-18 15:12:00,-0.433387957610023
2018-08-18 15:15:00,-0.4840695767944112
2018-08-18 15:18:00,-0.5472969401952241
2018-08-18 15:21:00,-0.449506782414403
2018-08-18 15:24:00,-0.6090324384483097
2018-08-18 15:27:00,-0.5839721572493204
2018-08-18 15:30:00,-0.5971406534122252
2018-08-18 15:33:00,-0.6105538548413847
2018-08-18 15:36:00,-0.48528429293298814
2018-08-18 15:39:00,-0.40886636455780945
2018-08-18 15:42:00,-0.474391745809271
2018-08-18 15:45:00,-0.4842289977989367
2018-08-18 15:48:00,-0.4851957302416281
2018-08-18 15:51:00,-0.4067960905128416
2018-08-18 15:54:00,-0.5918166475631779
2018-08-18 15:57:00,-0.6021611889853489
2018-08-18 16:00:00,-0.5633593998608148
2018-08-18 16:03:00,-0.5448789004548189
2018-08-18 16:06:00,-0.5857248791025427
2018-08-18 16:09:00,-0.5749333605569404
2018-08-18 16:12:00,-0.4938815867907351
2018-08-18 16:15:00,-0.5474368436163672
2018-08-18 16:18:00,-0.5984246507093189
2018-08-18 16:21:00,-0.56448543393617
2018-08-18 16:24:00,-0.49072597763688464
2018-08-18 16:27:00,-0.47309210764001364
2018-08-18 16:30:00,-0.6170062948927466
2018-08-18 16:33:00,-0.44791363957722297
2018-08-18 16:36:00,-0.47930288982200864
2018-08-18 16:39:00,-0.5503906994900944
2018-08-18 16:42:00,-0.48525785194374293
2018-08-18 16:45:00,-0.4015811941222296
2018-08-18 16:48:00,-0.41072678739698176
2018-08-18 16:51:00,-0.4983970553379322
2018-08-18 16:54:00,-0.44144083853257143
2018-08-18 16:57:00,-0.33901046258239376
2018-08-18 17:00:00,-0.3516201289965011
2018-08-18 17:03:00,-0.36186907576933436
2018-08-18 17:06:00,-0.18733879027240619
2018-08-18 17:09:00,-0.0006895995424542889
2018-08-18 17:12:00,-0.18664781720241308
2018-08-18 17:15:00,-0.083053217733152
2018-08-18 17:18:00,-0.1367448223043084
2018-08-18 17:21:00,-0.23976204087705355
2018-08-18 17:24:00,-0.057367382470431494
2018-08-18 17:27:00,-0.04492564316961989
2018-08-18 17:30:00,-0.28340340159422794
2018-08-18 17:33:00,-0.44312383116397314
2018-08-18 17:36:00,-0.3188636545253303
2018-08-18 17:39:00,-0.4722283445872222
2018-08-18 17:42:00,-0.34313766818621616
2018-08-18 17:45:00,-0.23552932015832084
2018-08-18 17:48:00,-0.39312945871500915
2018-08-18 17:51:00,-0.3171091807602693
2018-08-18 17:54:00,-0.30830888714319826
2018-08-18 17:57:00,-0.45372544791712244
2018-08-18 18:00:00,-0.35111120589994016
2018-08-18 18:03:00,-0.3986948545347673
2018-08-18 18:06:00,-0.33621967205323244
2018-08-18 18:09:00,-0.4586515520699095
2018-08-18 18:12:00,-0.2754505420916189
2018-08-18 18:15:00,-0.3218838794913381
2018-08-18 18:18:00,-0.2594492467209193
2018-08-18 18:21:00,-0.324728568274395
2018-08-18 18:24:00,-0.20419358995320636
2018-08-18 18:27:00,-0.2671669179858327
2018-08-18 18:30:00,-0.3240179862580135
2018-08-18 18:33:00,-0.31073398775350825
2018-08-18 18:36:00,-0.18683103791903477
2018-08-18 18:39:00,-0.2042951956642014
2018-08-18 18:42:00,-0.22135564666143637
2018-08-18 18:45:00,-0.2802854273817843
2018-08-18 18:48:00,-0.22185618139468488
2018-08-18 18:51:00,-0.2756933702611377
2018-08-18 18:54:00,
2018-08-18 18:57:00,
2018-08-18 19:00:00,
2018-08-18 19:03:00,-0.1982197985204266
2018-08-18 19:06:00,-0.16525264367214731
2018-08-18 19:09:00,-0.25372061363930243
2018-08-18 19:12:00,-0.19332033365282086
2018-08-18 19:15:00,-0.19154636890289112
2018-08-18 19:18:00,-0.16336215698817114
2018-08-18 19:21:00,-0.1848101392300805
2018-08-18 19:24:00,-0.239903307720283
2018-08-18 19:27:00,-0.14133053168643528
2018-08-18 19:30:00,-0.12691584849534365
2018-08-18 19:33:00,-0.236139242886793
2018-08-18 19:36:00,-0.18053019316067775
2018-08-18 19:39:00,-0.1621418285441223
2018-08-18 19:42:00,-0.07844775858444564
2018-08-18 19:45:00,-0.13629424579255556
2018-08-18 19:48:00,-0.21395830041910813
2018-08-18 19:51:00,-0.08051886949004938
2018-08-18 19:54:00,-0.07270920407734138
2018-08-18 19:57:00,-0.09033376297873019
2018-08-18 20:00:00,-0.09258739732081267
2018-08-18 20:03:00,-0.03512705954926787
2018-08-18 20:06:00,-0.10768709456471015
2018-08-18 20:09:00,-0.20844826667303096
2018-08-18 20:12:00,-0.15384367385127007
2018-08-18 20:15:00,-0.024148548032940198
2018-08-18 20:18:00,-0.041207330492682104
2018-08-18 20:21:00,-0.1488346040067654
2018-08-18 20:24:00,-0.12345329637054192
2018-08-18 20:27:00,-0.2278987831792847
2018-08-18 20:30:00,-0.31850624719322695
2018-08-18 20:33:00,-0.23926955760026658
2018-08-18 20:36:00,-0.07976103862910122
2018-08-18 20:39:00,-0.07966427211226801
2018-08-18 20:42:00,-0.12740831807246877
2018-08-18 20:45:00,-0.0657146220456184
2018-08-18 20:48:00,-0.11593795923425887
2018-08-18 20:51:00,-0.140043233479048
2018-08-18 20:54:00,0.0438593192846497
2018-08-18 20:57:00,-0.05616813253368491
2018-08-18 21:00:00,0.04429545228629195
2018-08-18 21:03:00,-0.00192644830849531
2018-08-18 21:06:00,0.00898829812126678
2018-08-18 21:09:00,-0.05264160464167844
2018-08-18 21:12:00,0.018945730647146775
2018-08-18 21:15:00,-0.013275663196338883
2018-08-18 21:18:00,-0.0483672130069408
2018-08-18 21:21:00,0.03939586757411462
2018-08-18 21:24:00,0.04234343594322354
2018-08-18 21:27:00,0.06475344544048767
2018-08-18 21:30:00,-0.0023236743093093537
2018-08-18 21:33:00,0.011845566106728711
2018-08-18 21:36:00,0.08330088015355841
2018-08-18 21:39:00,0.2146549782269176
2018-08-18 21:42:00,0.045942661655544725
2018-08-18 21:45:00,0.23865654548268367
2018-08-18 21:48:00,0.30857639179311036
2018-08-18 21:51:00,0.1347506508784022
2018-08-18 21:54:00,0.048405446144272446
2018-08-18 21:57:00,0.05521327222993477
2018-08-18 22:00:00,0.09332971755594599
2018-08-18 22:03:00,0.014721504548049325
2018-08-18 22:06:00,-0.0792634684265181
2018-08-18 22:09:00,0.01540414168107418
2018-08-18 22:12:00,-0.01431554389540679
2018-08-18 22:15:00,-0.12985413796656076
2018-08-18 22:18:00,0.06369748523917451
2018-08-18 22:21:00,0.0533881462462773
2018-08-18 22:24:00,0.14652795373319805
2018-08-18 22:27:00,0.0014044838899280876
2018-08-18 22:30:00,0.044107520158718216
2018-08-18 22:33:00,0.11575319187267041
2018-08-18 22:36:00,0.04679174976286049
2018-08-18 22:39:00,0.10302448124787134
2018-08-18 22:42:00,-0.0014409768727432493
2018-08-18 22:45:00,0.004062421502567304
2018-08-18 22:48:00,0.04979502764842891
2018-08-18 22:51:00,-0.013186374035342396
2018-08-18 22:54:00,0.08486854114050857
2018-08-18 22:57:00,0.04695381360022566
2018-08-18 23:00:00,0.06258964111566456
2018-08-18 23:03:00,0.07955915050837348
2018-08-18 23:06:00,0.0527001743351434
2018-08-18 23:09:00,0.03967159210850468
2018-08-18 23:12:00,0.022904159378697386
2018-08-18 23:15:00,0.06709800548520661
2018-08-18 23:18:00,-0.016668728402294164
2018-08-18 23:21:00,-0.011388381519168433
2018-08-18 23:24:00,0.023141228523286372
2018-08-18 23:27:00,0.023833319154618948
2018-08-18 23:30:00,0.009094248876294841
2018-08-18 23:33:00,0.046929699089844235
2018-08-18 23:36:00,0.09618933397251794
2018-08-18 23:39:00,0.17069897030518177
2018-08-18 23:42:00,0.16302489337510906
2018-08-18 23:45:00,0.19672465231190017
2018-08-18 23:48:00,0.26831778886651136
2018-08-18 23:51:00,0.1769517739709272
2018-08-18 23:54:00,0.14708400710395608
2018-08-18 23:57:00,0.04924981104835524
2018-08-19 00:00:00,0.10895567256784489
2018-08-19 00:03:00,0.034251012621382415
2018-08-19 00:06:00,0.1665611165776113
2018-08-19 00:09:00,0.08187340599147319
2018-08-19 00:12:00,0.06086020735324382
2018-08-19 00:15:00,0.09202908784175179
2018-08-19 00:18:00,0.057973512629757806
2018-08-19 00:21:00,0.14043484041599186
2018-08-19 00:24:00,0.13991737895901224
2018-08-19 00:27:00,0.07326338110993902
2018-08-19 00:30:00,-0.04225538913698301
2018-08-19 00:33:00,0.04453164631399886
2018-08-19 00:36:00,0.07245816268141425
2018-08-19 00:39:00,0.11568368995250466
2018-08-19 00:42:00,-0.050852068506344494
2018-08-19 00:45:00,0.05694191089884271
2018-08-19 00:48:00,0.10297724032739097
2018-08-19 00:51:00,0.0864996981481454
2018-08-19 00:54:00,0.1516851195756317
2018-08-19 00:57:00,-8.009494956695562e-05
2018-08-19 01:00:00,0.13621460003281527
2018-08-19 01:03:00,0.25479163899296964
2018-08-19 01:06:00,0.15191247310838207
2018-08-19 01:09:00,0.2627941991119087
2018-08-19 01:12:00,0.31836890399682716
2018-08-19 01:15:00,0.18713694620754495
2018-08-19 01:18:00,0.19522412411350842
2018-08-19 01:21:00,0.0815754699513036
2018-08-19 01:24:00,0.18237593925090323
2018-08-19 01:27:00,0.19915528490736278
2018-08-19 01:30:00,0.313104168284724
2018-08-19 01:33:00,0.29848906789402463
2018-08-19 01:36:00,0.30227787738988354
2018-08-19 01:39:00,0.3115045361981288
2018-08-19 01:42:00,0.3337639673713966
2018-08-19 01:45:00,0.2719832134486069
2018-08-19 01:48:00,0.33338309533041866
2018-08-19 01:51:00,0.27691032007936656
2018-08-19 01:54:00,0.3595416684757424
2018-08-19 01:57:00,0.2868169191617085
2018-08-19 02:00:00,0.17768480337389292
2018-08-19 02:03:00,0.23317557992083948
2018-08-19 02:06:00,0.1353180763089199
2018-08-19 02:09:00,0.09737867226073149
2018-08-19 02:12:00,0.13456706581405342
2018-08-19 02:15:00,0.14792687808551364
2018-08-19 02:18:00,0.12266864290836565
2018-08-19 02:21:00,0.13506256485732138
2018-08-19 02:24:00,0.2348030297602577
2018-08-19 02:27:00,0.22408208125017381
2018-08-19 02:30:00,0.21347110523430501
2018-08-19 02:33:00,0.2442681031299685
2018-08-19 02:36:00,0.19014454338122277
2018-08-19 02:39:00,0.23647304492766352
2018-08-19 02:42:00,0.21007674746567773
2018-08-19 02:45:00,0.15087052336468787
2018-08-19 02:48:00,0.17124908076840484
2018-08-19 02:51:00,0.17065121992862942
2018-08-19 02:54:00,0.19915175252583595
2018-08-19 02:57:00,0.23061715678437622
2018-08-19 03:00:00,0.17754349791511004
2018-08-19 03:03:00,0.13020909706204975
2018-08-19 03:06:00,0.06296266924209704
2018-08-19 03:09:00,0.17013952588314396
2018-08-19 03:12:00,0.22712730548380478
2018-08-19 03:15:00,0.3518618077134761
2018-08-19 03:18:00,0.3782040919757037
2018-08-19 03:21:00,0.4946758129817681
2018-08-19 03:24:00,0.5926513151693484
2018-08-19 03:27:00,0.49280342803217536
2018-08-19 03:30:00,0.4397044608357419
2018-08-19 03:33:00,0.35686908003941653
2018-08-19 03:36:00,0.33451596044909593
2018-08-19 03:39:00,0.28959121725580417
2018-08-19 03:42:00,0.19329959124388552
2018-08-19 03:45:00,0.3040909811527399
2018-08-19 03:48:00,0.2581995497762364
2018-08-19 03:51:00,0.3126168480203546
2018-08-19 03:54:00,0.25014547015791777
2018-08-19 03:57:00,0.2522480381455239
2018-08-19 04:00:00,0.24127560024476224
2018-08-19 04:03:00,0.30395257640515183
2018-08-19 04:06:00,0.30891642566552946
2018-08-19 04:09:00,0.26453942081815285
2018-08-19 04:12:00,0.23150189360677587
2018-08-19 04:15:00,0.26855398447020207
2018-08-19 04:18:00,0.28289833299567135
2018-08-19 04:21:00,0.32187035610030534
2018-08-19 04:24:00,0.31842034028130684
2018-08-19 04:27:00,0.32750030250446116
2018-08-19 04:30:00,0.3065048309825329
2018-08-19 04:33:00,0.2515074258388381
2018-08-19 04:36:00,0.2683968631850462
2018-08-19 04:39:00,0.30331049232569285
2018-08-19 04:42:00,0.25420975260010437
2018-08-19 04:45:00,0.2834242377526266
2018-08-19 04:48:00,0.2412028939861557
2018-08-19 04:51:00,0.20477833823179026
2018-08-19 04:54:00,0.34245819820091583
2018-08-19 04:57:00,0.2750050709144034
2018-08-19 05:00:00,0.2636835386057328
2018-08-19 05:03:00,0.27639342375022125
2018-08-19 05:06:00,0.2943024372781906
2018-08-19 05:09:00,0.22641461044662492
2018-08-19 05:12:00,0.36786553879625217
2018-08-19 05:15:00,0.23517256456267432
2018-08-19 05:18:00,0.3063782627987166
2018-08-19 05:21:00,0.2570967000847304
2018-08-19 05:24:00,0.223143441458717
2018-08-19 05:27:00,0.24819571564256648
2018-08-19 05:30:00,0.3253033532412246
2018-08-19 05:33:00,0.25491882316958936
2018-08-19 05:36:00,0.26226012433812684
2018-08-19 05:39:00,0.26922022324237105
2018-08-19 05:42:00,0.2652466016785411
2018-08-19 05:45:00,0.35892619831292905
2018-08-19 05:48:00,0.346633564337651
2018-08-19 05:51:00,0.36101987917487577
2018-08-19 05:54:00,0.29776063026952215
2018-08-19 05:57:00,0.3131526159399982
2018-08-19 06:00:00,0.3303865114167479
2018-08-19 06:03:00,0.3073716988095043
2018-08-19 06:06:00,0.3153890217735693
2018-08-19 06:09:00,0.24456036701201356
2018-08-19 06:12:00,0.2755179302483839
2018-08-19 06:15:00,0.3239473198967744
2018-08-19 06:18:00,0.29788516060153825
2018-08-19 06:21:00,0.32005134934632906
2018-08-19 06:24:00,0.3138612427905514
2018-08-19 06:27:00,0.22101515702911456
2018-08-19 06:30:00,0.3657795929120198
2018-08-19 06:33:00,0.25935878253721967
2018-08-19 06:36:00,0.31608345597663856
2018-08-19 06:39:00,0.31310593857529057
2018-08-19 06:42:00,0.3683239775200491
2018-08-19 06:45:00,0.3524997255731819
2018-08-19 06:48:00,0.30156628716713385
2018-08-19 06:51:00,0.2709510350107962
2018-08-19 06:54:00,0.35316695338735826
2018-08-19 06:57:00,0.40974457767390504
2018-08-19 07:00:00,0.3813758031391785
2018-08-19 07:03:00,0.39588056213779055
2018-08-19 07:06:00,0.38157137429590193
2018-08-19 07:09:00,0.4441311923181388
2018-08-19 07:12:00,0.31171339065372194
2018-08-19 07:15:00,0.3412424814792985
2018-08-19 07:18:00,0.27504550864057364
2018-08-19 07:21:00,0.39210274807595624
2018-08-19 07:24:00,0.3693745956574048
2018-08-19 07:27:00,0.3592345476581045
2018-08-19 07:30:00,0.3334096905774686
2018-08-19 07:33:00,0.32209094343681954
2018-08-19 07:36:00,0.27278193714596455
2018-08-19 07:39:00,0.3211774552697193
2018-08-19 07:42:00,0.23152696071286982
2018-08-19 07:45:00,0.3495050003522806
2018-08-19 07:48:00,0.32990137224345517
2018-08-19 07:51:00,0.28777016193885174
2018-08-19 07:54:00,0.15531114369400711
2018-08-19 07:57:00,0.23304278788623378
2018-08-19 08:00:00,0.29782259965247704
2018-08-19 08:03:00,0.3149771384224209
2018-08-19 08:06:00,0.2672571935221981
2018-08-19 08:09:00,0.36383513117004895
2018-08-19 08:12:00,0.3575586244599549
2018-08-19 08:15:00,0.2713622365569677
2018-08-19 08:18:00,0.2963318359535947
2018-08-19 08:21:00,0.16693970461784602
2018-08-19 08:24:00,0.2590958165399684
2018-08-19 08:27:00,0.26052205955159025
2018-08-19 08:30:00,0.2561259784932304
2018-08-19 08:33:00,0.17817439683773273
2018-08-19 08:36:00,0.18248038658799715
2018-08-19 08:39:00,0.24446917188714679
2018-08-19 08:42:00,0.1764046764500904
2018-08-19 08:45:00,0.19991013109910227
2018-08-19 08:48:00,0.1740702151247433
2018-08-19 08:51:00,0.21284268315531563
2018-08-19 08:54:00,0.03851264261805909
2018-08-19 08:57:00,0.032565523159178156
2018-08-19 09:00:00,0.08137616386818536
2018-08-19 09:03:00,0.05733501680055042
2018-08-19 09:06:00,-0.018726499401566343
2018-08-19 09:09:00,0.05346329947610684
2018-08-19 09:12:00,0.009932900384853838
2018-08-19 09:15:00,-0.04185658784069801
2018-08-19 09:18:00,-0.025254072706502484
2018-08-19 09:21:00,-0.0461566229738537
2018-08-19 09:24:00,-0.14346745601375233
2018-08-19 09:27:00,-0.061356492692993925
2018-08-19 09:30:00,-0.07634281940556775
2018-08-19 09:33:00,-0.16152654175323278
2018-08-19 09:36:00,-0.19234746985398488
2018-08-19 09:39:00,-0.18854448564258064
2018-08-19 09:42:00,-0.041211112212522494
2018-08-19 09:45:00,-0.13623454186659956
2018-08-19 09:48:00,-0.0659767440770338
2018-08-19 09:51:00,-0.18377405871996189
2018-08-19 09:54:00,-0.10715823805497848
2018-08-19 09:57:00,-0.2644207696021681
2018-08-19 10:00:00,-0.16518495111995435
2018-08-19 10:03:00,-0.2046395426041272
2018-08-19 10:06:00,-0.14283673448051104
2018-08-19 10:09:00,-0.06945004746904715
2018-08-19 10:12:00,-0.16825530827378543
2018-08-19 10:15:00,-0.09560216230090646
2018-08-19 10:18:00,-0.03813211434714958
2018-08-19 10:21:00,-0.05989822782220244
2018-08-19 10:24:00,-0.14337771879650063
2018-08-19 10:27:00,-0.05538579735843996
2018-08-19 10:30:00,-0.02727448090604412
2018-08-19 10:33:00,-0.047435029263226625
2018-08-19 10:36:00,0.07978634736201684
2018-08-19 10:39:00,-0.04978348693532553
2018-08-19 10:42:00,-0.02357973970265448
2018-08-19 10:45:00,0.13734054799925843
2018-08-19 10:48:00,0.1915211563818957
2018-08-19 10:51:00,-0.06984581636925213
2018-08-19 10:54:00,-0.0537152253724571
2018-08-19 10:57:00,-0.24306075689196405
2018-08-19 11:00:00,-0.11511260782094723
2018-08-19 11:03:00,-0.20181417621392939
2018-08-19 11:06:00,-0.10437212459618195
2018-08-19 11:09:00,-0.15573470977659554
2018-08-19 11:12:00,-0.0895717776654692
2018-08-19 11:15:00,-0.10878142184412809
2018-08-19 11:18:00,-0.10528606471689272
2018-08-19 11:21:00,-0.19924680255928706
2018-08-19 11:24:00,-0.3422482358415664
2018-08-19 11:27:00,-0.279981386761051
2018-08-19 11:30:00,-0.3587961141668643
2018-08-19 11:33:00,-0.38577982976289604
2018-08-19 11:36:00,-0.35731814759174085
2018-08-19 11:39:00,-0.41019893910470273
2018-08-19 11:42:00,-0.2938647335340647
2018-08-19 11:45:00,-0.4869555998891997
2018-08-19 11:48:00,-0.36173931936986037
2018-08-19 11:51:00,-0.2178533443033075
2018-08-19 11:54:00,-0.19480393281327224
2018-08-19 11:57:00,-0.15934869289202425
2018-08-19 12:00:00,-0.02942845187766352
2018-08-19 12:03:00,-0.13451245860136396
2018-08-19 12:06:00,-0.06999570329156768
2018-08-19 12:09:00,-0.028776818527546766
2018-08-19 12:12:00,0.14997599458894229
2018-08-19 12:15:00,0.0813152969679436
2018-08-19 12:18:00,0.16490267565870909
2018-08-19 12:21:00,0.0916899808692051
2018-08-19 12:24:00,0.04477703151104606
2018-08-19 12:27:00,-0.04023662826665486
2018-08-19 12:30:00,-0.20295289759854995
2018-08-19 12:33:00,-0.15360164247101693
2018-08-19 12:36:00,-0.23690108055859582
2018-08-19 12:39:00,-0.36073480490426846
2018-08-19 12:42:00,-0.33405881392627634
2018-08-19 12:45:00,-0.3619362791121148
2018-08-19 12:48:00,-0.2532197312543758
2018-08-19 12:51:00,-0.21038675969089127
2018-08-19 12:54:00,-0.2628800536454037
2018-08-19 12:57:00,-0.10713592110079162
2018-08-19 13:00:00,-0.1919943493579126
2018-08-19 13:03:00,-0.13812911532068028
2018-08-19 13:06:00,-0.15421808208861876
2018-08-19 13:09:00,0.1283249744340651
2018-08-19 13:12:00,-0.013918985284703922
2018-08-19 13:15:00,-0.24561295475319866
2018-08-19 13:18:00,-0.21469276410846305
2018-08-19 13:21:00,-0.011461878832392358
2018-08-19 13:24:00,0.00889074211585239
2018-08-19 13:27:00,-0.25777573106211094
2018-08-19 13:30:00,-0.31616765022221216
2018-08-19 13:33:00,-0.3407406617513402
2018-08-19 13:36:00,-0.43818203786236154
2018-08-19 13:39:00,-0.4473158499787928
2018-08-19 13:42:00,-0.3633417347699037
2018-08-19 13:45:00,-0.4362858671216827
2018-08-19 13:48:00,-0.39073306009680664
2018-08-19 13:51:00,-0.3896881730013888
2018-08-19 13:54:00,-0.22705361905309474
2018-08-19 13:57:00,-0.399236478965463
2018-08-19 14:00:00,-0.4511916785586436
2018-08-19 14:03:00,-0.5421376674378848
2018-08-19 14:06:00,-0.4815103840763868
2018-08-19 14:09:00,-0.4254185834908526
2018-08-19 14:12:00,-0.48156322876576496
2018-08-19 14:15:00,-0.5377492346945019
2018-08-19 14:18:00,-0.36640851371248573
2018-08-19 14:21:00,-0.3117370541118021
2018-08-19 14:24:00,-0.387810603352591
2018-08-19 14:27:00,-0.24464119246857763
2018-08-19 14:30:00,-0.3166873218189039
2018-08-19 14:33:00,-0.5008467828943708
2018-08-19 14:36:00,-0.4027070102779362
2018-08-19 14:39:00,-0.43062295384169147
2018-08-19 14:42:00,-0.2788304524185605
2018-08-19 14:45:00,-0.2822574712049004
2018-08-19 14:48:00,-0.36414730262896455
2018-08-19 14:51:00,-0.4616945469868483
2018-08-19 14:54:00,-0.5252938859656524
2018-08-19 14:57:00,-0.42603037124246157
2018-08-19 15:00:00,-0.6064148889403782
2018-08-19 15:03:00,-0.5233622290341486
2018-08-19 15:06:00,-0.47714893202396524
2018-08-19 15:09:00,-0.5000534365549356
2018-08-19 15:12:00,-0.5481659246859181
2018-08-19 15:15:00,-0.5967841059713805
2018-08-19 15:18:00,-0.46201428536863887
2018-08-19 15:21:00,-0.5797753366077814
2018-08-19 15:24:00,-0.4848355888130982
2018-08-19 15:27:00,-0.593971744656983
2018-08-19 15:30:00,-0.5260206750853627
2018-08-19 15:33:00,-0.5387891205593291
2018-08-19 15:36:00,-0.5240352686993219
2018-08-19 15:39:00,-0.4727262419107774
2018-08-19 15:42:00,-0.5428750652666849
2018-08-19 15:45:00,-0.6823937456401268
2018-08-19 15:48:00,-0.6824215800158413
2018-08-19 15:51:00,-0.5760333360947243
2018-08-19 15:54:00,-0.6843855160845465
2018-08-19 15:57:00,-0.5429999287133569
2018-08-19 16:00:00,-0.6001244620591706
2018-08-19 16:03:00,-0.6456653040917786
2018-08-19 16:06:00,-0.5786807002372711
2018-08-19 16:09:00,-0.5655460933065797
2018-08-19 16:12:00,-0.4683434102965407
2018-08-19 16:15:00,-0.5684349310655534
2018-08-19 16:18:00,-0.582794123972235
2018-08-19 16:21:00,-0.5405422362857735
2018-08-19 16:24:00,-0.6098510950789091
2018-08-19 16:27:00,-0.5043321090660697
2018-08-19 16:30:00,-0.5199289899481983
2018-08-19 16:33:00,-0.5265972466101516
2018-08-19 16:36:00,-0.48786457461932287
2018-08-19 16:39:00,-0.6342777022168775
2018-08-19 16:42:00,-0.48226573900853964
2018-08-19 16:45:00,-0.6288623470200037
2018-08-19 16:48:00,-0.6033204199402462
2018-08-19 16:51:00,-0.569843639380224
2018-08-19 16:54:00,-0.3731693346248903
2018-08-19 16:57:00,-0.5529278594512448
2018-08-19 17:00:00,-0.4255605250361896
2018-08-19 17:03:00,-0.4123134678856104
2018-08-19 17:06:00,-0.5286972714208105
2018-08-19 17:09:00,-0.5576235296854861
2018-08-19 17:12:00,-0.5748925248632304
2018-08-19 17:15:00,-0.5441060620982512
2018-08-19 17:18:00,-0.6363729400835041
2018-08-19 17:21:00,-0.5655975904568891
2018-08-19 17:24:00,-0.6174394441832192
2018-08-19 17:27:00,-0.46109501472784586
2018-08-19 17:30:00,-0.5117821877197457
2018-08-19 17:33:00,-0.49824784836789604
2018-08-19 17:36:00,-0.5710777518755776
2018-08-19 17:39:00,-0.5107145858477224
2018-08-19 17:42:00,-0.4582240232069239
2018-08-19 17:45:00,-0.5481134238323762
2018-08-19 17:48:00,-0.4619671505450924
2018-08-19 17:51:00,-0.5567076196326752
2018-08-19 17:54:00,-0.45997493548810553
2018-08-19 17:57:00,-0.41288017714924763
2018-08-19 18:00:00,-0.4119905195839806
2018-08-19 18:03:00,-0.4499863148140548
2018-08-19 18:06:00,-0.47875677293575336
2018-08-19 18:09:00,-0.5194929589354729
2018-08-19 18:12:00,-0.4782732189113972
2018-08-19 18:15:00,-0.3305024428790375
2018-08-19 18:18:00,-0.37790268872322486
2018-08-19 18:21:00,-0.4326327517897539
2018-08-19 18:24:00,-0.38064822078081306
2018-08-19 18:27:00,-0.3715885249589519
2018-08-19 18:30:00,-0.36158786493541584
2018-08-19 18:33:00,-0.39309374875455205
2018-08-19 18:36:00,-0.43755249346338587
2018-08-19 18:39:00,-0.4653033970226943
2018-08-19 18:42:00,-0.48429637372015577
2018-08-19 18:45:00,-0.383230978043116
2018-08-19 18:48:00,-0.4988581190947343
2018-08-19 18:51:00,-0.3452810867531184
2018-08-19 18:54:00,-0.44944245631756985
2018-08-19 18:57:00,
2018-08-19 19:00:00,
2018-08-19 19:03:00,-0.32115578804382494
2018-08-19 19:06:00,-0.49356688124635184
2018-08-19 19:09:00,-0.43822554548683
2018-08-19 19:12:00,-0.35913021129124445
2018-08-19 19:15:00,-0.3169882675736062
2018-08-19 19:18:00,-0.3574071072656011
2018-08-19 19:21:00,-0.2868575588763065
2018-08-19 19:24:00,-0.3753856546954353
2018-08-19 19:27:00,-0.302182294845295
2018-08-19 19:30:00,-0.33833820303044604
2018-08-19 19:33:00,-0.37167250811074837
2018-08-19 19:36:00,-0.3713886644345621
2018-08-19 19:39:00,-0.4210983120335072
2018-08-19 19:42:00,-0.3362277303935457
2018-08-19 19:45:00,-0.3475743538754159
2018-08-19 19:48:00,-0.16547223018335444
2018-08-19 19:51:00,-0.26252845952728876
2018-08-19 19:54:00,-0.21094743706930785
2018-08-19 19:57:00,-0.22639639171757153
2018-08-19 20:00:00,-0.09630841689062208
2018-08-19 20:03:00,-0.2512427061719791
2018-08-19 20:06:00,-0.13760380014844031
2018-08-19 20:09:00,-0.13969494170396501
2018-08-19 20:12:00,-0.22577129583004307
2018-08-19 20:15:00,-0.19546303503847184
2018-08-19 20:18:00,-0.13126391472718524
2018-08-19 20:21:00,-0.14854625476311867
2018-08-19 20:24:00,-0.16639830570568392
2018-08-19 20:27:00,-0.1081480581532901
2018-08-19 20:30:00,-0.07207769733133773
2018-08-19 20:33:00,-0.1882040928704214
2018-08-19 20:36:00,-0.1303613248360307
2018-08-19 20:39:00,-0.2552027728248163
2018-08-19 20:42:00,-0.2042418832036219
2018-08-19 20:45:00,-0.09655632919850632
2018-08-19 20:48:00,-0.08320590944816786
2018-08-19 20:51:00,-0.24150635630627448
2018-08-19 20:54:00,-0.09641270291871251
2018-08-19 20:57:00,-0.17195119251454116
2018-08-19 21:00:00,-0.10794995220675219
2018-08-19 21:03:00,-0.038443573592417124
2018-08-19 21:06:00,-0.13385629242975483
2018-08-19 21:09:00,-0.104755556662667
2018-08-19 21:12:00,-0.07986218770616915
2018-08-19 21:15:00,-0.09053742923833852
2018-08-19 21:18:00,-0.08532867963555191
2018-08-19 21:21:00,-0.09888578585326968
2018-08-19 21:24:00,-0.06290824981743981
2018-08-19 21:27:00,-0.04268720823733929
2018-08-19 21:30:00,0.04428997844780724
2018-08-19 21:33:00,-0.08898065473420047
2018-08-19 21:36:00,-0.057456573967101576
2018-08-19 21:39:00,-0.04005207748423345
2018-08-19 21:42:00,-0.09233650213923283
2018-08-19 21:45:00,-0.12805787569027416
2018-08-19 21:48:00,0.002723618128072758
2018-08-19 21:51:00,-0.07547925242488418
2018-08-19 21:54:00,-0.04003238145594423
2018-08-19 21:57:00,-0.008079460838757768
2018-08-19 22:00:00,0.04397196075831289
2018-08-19 22:03:00,-0.041251981057143894
2018-08-19 22:06:00,-0.03192012492831964
2018-08-19 22:09:00,0.05586968683900295
2018-08-19 22:12:00,-0.09062936421526047
2018-08-19 22:15:00,0.023498717244422096
2018-08-19 22:18:00,0.04886766273000376
2018-08-19 22:21:00,0.04255377032177421
2018-08-19 22:24:00,-0.0031675219715339153
2018-08-19 22:27:00,-0.05551383477438776
2018-08-19 22:30:00,-0.09967993783982365
2018-08-19 22:33:00,-0.03387862508117223
2018-08-19 22:36:00,-0.11668870339815385
2018-08-19 22:39:00,-0.16145396897354658
2018-08-19 22:42:00,-0.10345813365955792
2018-08-19 22:45:00,-0.08293168410187945
2018-08-19 22:48:00,-0.03868914135262003
2018-08-19 22:51:00,-0.028236862182041023
2018-08-19 22:54:00,-0.10594448939014
2018-08-19 22:57:00,0.06492991346738108
2018-08-19 23:00:00,-0.030411785794228763
2018-08-19 23:03:00,0.030901796040780027
2018-08-19 23:06:00,-0.0047165583076775874
2018-08-19 23:09:00,0.0031871426226075528
2018-08-19 23:12:00,0.01900940756621594
2018-08-19 23:15:00,-0.028278357545104882
2018-08-19 23:18:00,-0.03089293110588187
2018-08-19 23:21:00,-0.03822130991676431
2018-08-19 23:24:00,-0.0032246947834551065
2018-08-19 23:27:00,-0.08351707014412568
2018-08-19 23:30:00,0.05079732235469692
2018-08-19 23:33:00,0.10774263530367989
2018-08-19 23:36:00,0.09295016617619467
2018-08-19 23:39:00,0.025476898347335464
2018-08-19 23:42:00,0.04996929335391087
2018-08-19 23:45:00,0.07399559406621847
2018-08-19 23:48:00,0.01731622602733296
2018-08-19 23:51:00,-0.06452748180242907
2018-08-19 23:54:00,-0.0303335245801577
2018-08-19 23:57:00,0.02715506625349917
2018-08-20 00:00:00,-0.07059037145995717
2018-08-20 00:03:00,0.039546363850945454
2018-08-20 00:06:00,-0.021300004877389256
2018-08-20 00:09:00,-0.06820563110841249
2018-08-20 00:12:00,0.02037317866029298
2018-08-20 00:15:00,-0.07670266301022366
2018-08-20 00:18:00,-0.07565707497718677
2018-08-20 00:21:00,-0.007965189615504187
2018-08-20 00:24:00,-0.11961009828701208
2018-08-20 00:27:00,-0.054561863868968885
2018-08-20 00:30:00,-0.1104534132470576
2018-08-20 00:33:00,-0.06911905686541786
2018-08-20 00:36:00,-0.06640905243108364
2018-08-20 00:39:00,-0.01112039834049483
2018-08-20 00:42:00,-0.033856888833952326
2018-08-20 00:45:00,-0.01931109758618277
2018-08-20 00:48:00,-0.02160642035210003
2018-08-20 00:51:00,0.040780137573051434
2018-08-20 00:54:00,0.07119905168843843
2018-08-20 00:57:00,0.025871307997817894
2018-08-20 01:00:00,0.1310161685569824
2018-08-20 01:03:00,0.14625393133042053
2018-08-20 01:06:00,0.18577549262550974
2018-08-20 01:09:00,0.3049059515331578
2018-08-20 01:12:00,0.17393347474541088
2018-08-20 01:15:00,0.24545340664735704
2018-08-20 01:18:00,0.1826522806929347
2018-08-20 01:21:00,0.21573648882770158
2018-08-20 01:24:00,0.2989241911152476
2018-08-20 01:27:00,0.24271356214262596
2018-08-20 01:30:00,0.06170610222596906
2018-08-20 01:33:00,-0.00016002991071673023
2018-08-20 01:36:00,0.06904714936018763
2018-08-20 01:39:00,0.08512985818407515
2018-08-20 01:42:00,0.1417409648435637
2018-08-20 01:45:00,0.19812822454355228
2018-08-20 01:48:00,0.18788273880028328
2018-08-20 01:51:00,0.06677361208795674
2018-08-20 01:54:00,0.12183257721767404
2018-08-20 01:57:00,0.12088246122067403
2018-08-20 02:00:00,0.0879168123880163
2018-08-20 02:03:00,0.1095677589921138
2018-08-20 02:06:00,0.08598454837658664
2018-08-20 02:09:00,0.04340053291599588
2018-08-20 02:12:00,0.04631360558886399
2018-08-20 02:15:00,0.052680516469649774
2018-08-20 02:18:00,0.07777154803630992
2018-08-20 02:21:00,0.11047958997102114
2018-08-20 02:24:00,-0.02481746918670069
2018-08-20 02:27:00,0.08367526312525797
2018-08-20 02:30:00,0.10383257855409056
2018-08-20 02:33:00,0.16421983787125782
2018-08-20 02:36:00,0.1271878473189645
2018-08-20 02:39:00,0.03845775363475923
2018-08-20 02:42:00,0.1394105460319679
2018-08-20 02:45:00,0.13692877458720432
2018-08-20 02:48:00,0.2253920207261899
2018-08-20 02:51:00,0.1456633445095008
2018-08-20 02:54:00,0.03161062056136643
2018-08-20 02:57:00,0.09098646314072312
2018-08-20 03:00:00,0.0911348709700519
2018-08-20 03:03:00,0.09074375360927434
2018-08-20 03:06:00,0.04781530849493265
2018-08-20 03:09:00,-0.04297604154601231
2018-08-20 03:12:00,-0.03125438006651393
2018-08-20 03:15:00,-0.03251566768005887
2018-08-20 03:18:00,0.010709424216202024
2018-08-20 03:21:00,0.011564584736959205
2018-08-20 03:24:00,0.10382902563668495
2018-08-20 03:27:00,0.041421060781317465
2018-08-20 03:30:00,0.20347627289896764
2018-08-20 03:33:00,0.21226817517066365
2018-08-20 03:36:00,0.15109642083245944
2018-08-20 03:39:00,0.22031343810198223
2018-08-20 03:42:00,0.1379852127314507
2018-08-20 03:45:00,0.20367318412286295
2018-08-20 03:48:00,0.1605503323427797
2018-08-20 03:51:00,0.20357287381648348
2018-08-20 03:54:00,0.20252621972690577
2018-08-20 03:57:00,0.13661498461493693
2018-08-20 04:00:00,0.16296055459298486
2018-08-20 04:03:00,0.1973820626034808
2018-08-20 04:06:00,0.21578633438116412
2018-08-20 04:09:00,0.22149303808032528
2018-08-20 04:12:00,0.24434939163290892
2018-08-20 04:15:00,0.2472983914182123
2018-08-20 04:18:00,0.2403643721561366
2018-08-20 04:21:00,0.23423132034128002
2018-08-20 04:24:00,0.27319574404668856
2018-08-20 04:27:00,0.3806007045170645
2018-08-20 04:30:00,0.2682998308048923
2018-08-20 04:33:00,0.3168656972650865
2018-08-20 04:36:00,0.31018613435998077
2018-08-20 04:39:00,0.318766501428172
2018-08-20 04:42:00,0.2831041434021131
2018-08-20 04:45:00,0.3432685682756187
2018-08-20 04:48:00,0.2479010303893574
2018-08-20 04:51:00,0.26657583064348955
2018-08-20 04:54:00,0.27441546472181244
2018-08-20 04:57:00,0.2854770815448546
2018-08-20 05:00:00,0.26962048270695504
2018-08-20 05:03:00,0.27032720741505045
2018-08-20 05:06:00,0.2650314653888586
2018-08-20 05:09:00,0.23829596537524367
2018-08-20 05:12:00,0.29343047097069075
2018-08-20 05:15:00,0.2599662347900562
2018-08-20 05:18:00,0.23842659932307697
2018-08-20 05:21:00,0.1818009053829428
2018-08-20 05:24:00,0.2810703241279384
2018-08-20 05:27:00,0.2480924362835708
2018-08-20 05:30:00,0.3529924035904628
2018-08-20 05:33:00,0.24267296306089747
2018-08-20 05:36:00,0.24981648928485356
2018-08-20 05:39:00,0.30187949623092436
2018-08-20 05:42:00,0.27661753524836286
2018-08-20 05:45:00,0.29198207458762226
2018-08-20 05:48:00,0.33567334291325324
2018-08-20 05:51:00,0.18591205901634567
2018-08-20 05:54:00,0.2854732604325818
2018-08-20 05:57:00,0.3573694214590546
2018-08-20 06:00:00,0.22771355157732387
2018-08-20 06:03:00,0.21275184593923768
2018-08-20 06:06:00,0.30431609487135347
2018-08-20 06:09:00,0.34573880774252075
2018-08-20 06:12:00,0.3226680768424899
2018-08-20 06:15:00,0.39136511863597434
2018-08-20 06:18:00,0.43571232148656236
2018-08-20 06:21:00,0.3132358826516679
2018-08-20 06:24:00,0.3483545800307297
2018-08-20 06:27:00,0.32253734235246156
2018-08-20 06:30:00,0.33164756563479614
2018-08-20 06:33:00,0.3768221947426582
2018-08-20 06:36:00,0.30745009721925953
2018-08-20 06:39:00,0.3680340305228924
2018-08-20 06:42:00,0.2616041253559729
2018-08-20 06:45:00,0.2830158356999277
2018-08-20 06:48:00,0.30420081419606504
2018-08-20 06:51:00,0.3388232296426281
2018-08-20 06:54:00,0.2839453525531326
2018-08-20 06:57:00,0.234043780803745
2018-08-20 07:00:00,0.2638330353587435
2018-08-20 07:03:00,0.29678205128442414
2018-08-20 07:06:00,0.2816018586661926
2018-08-20 07:09:00,0.2623054142764545
2018-08-20 07:12:00,0.2810281279216156
2018-08-20 07:15:00,0.10731658151706824
2018-08-20 07:18:00,0.2996533402582031
2018-08-20 07:21:00,0.19480854022566518
2018-08-20 07:24:00,0.19508297043967104
2018-08-20 07:27:00,0.14338324120018342
2018-08-20 07:30:00,0.14356552861926275
2018-08-20 07:33:00,0.07468877345763758
2018-08-20 07:36:00,0.06404614790648111
2018-08-20 07:39:00,0.06752795895647523
2018-08-20 07:42:00,-0.06841118622168096
2018-08-20 07:45:00,0.034524126846008585
2018-08-20 07:48:00,0.11625458962663515
2018-08-20 07:51:00,0.012637715661583115
2018-08-20 07:54:00,-0.06589501998166725
2018-08-20 07:57:00,-0.011429427437406048
2018-08-20 08:00:00,-0.03157434929647707
2018-08-20 08:03:00,-0.008015083579095972
2018-08-20 08:06:00,-0.079440026341274
2018-08-20 08:09:00,-0.19659957497924552
2018-08-20 08:12:00,-0.0016189595093010212
2018-08-20 08:15:00,-0.02053671637474963
2018-08-20 08:18:00,0.010717976453406663
2018-08-20 08:21:00,-0.00025236975955067464
2018-08-20 08:24:00,0.02705067767305991
2018-08-20 08:27:00,-0.032665265040463964
2018-08-20 08:30:00,0.0847241975441193
2018-08-20 08:33:00,-0.04751922871997749
2018-08-20 08:36:00,-0.017259193710572163
2018-08-20 08:39:00,0.0009780314954355163
2018-08-20 08:42:00,-0.10142016729679426
2018-08-20 08:45:00,-0.1673614515526083
2018-08-20 08:48:00,-0.1441882775172303
2018-08-20 08:51:00,-0.17474712787213775
2018-08-20 08:54:00,-0.06236251529941228
2018-08-20 08:57:00,-0.1306670890269288
2018-08-20 09:00:00,-0.17346636386560021
2018-08-20 09:03:00,-0.15747814606191923
2018-08-20 09:06:00,-0.1786550863594698
2018-08-20 09:09:00,-0.2835580366468662
2018-08-20 09:12:00,-0.13061253989167199
2018-08-20 09:15:00,-0.2636422953910369
2018-08-20 09:18:00,-0.3341003822831681
2018-08-20 09:21:00,-0.21472281276203375
2018-08-20 09:24:00,-0.154213738797921
2018-08-20 09:27:00,-0.18140302775861983
2018-08-20 09:30:00,-0.15924672147548335
2018-08-20 09:33:00,-0.23374694735235835
2018-08-20 09:36:00,-0.2677688126018438
2018-08-20 09:39:00,-0.22877420910583623
2018-08-20 09:42:00,-0.23871373122977957
2018-08-20 09:45:00,-0.2912617024530846
2018-08-20 09:48:00,-0.19136991755061672
2018-08-20 09:51:00,-0.16978331704285665
2018-08-20 09:54:00,-0.33196945840342096
2018-08-20 09:57:00,-0.21188933665661125
2018-08-20 10:00:00,-0.28738924012799316
2018-08-20 10:03:00,-0.3441359105338506
2018-08-20 10:06:00,-0.4379356895409501
2018-08-20 10:09:00,-0.31579010398945684
2018-08-20 10:12:00,-0.21485414806807057
2018-08-20 10:15:00,-0.27373565985351433
2018-08-20 10:18:00,-0.32444733826946504
2018-08-20 10:21:00,-0.4109034330994632
2018-08-20 10:24:00,-0.3243516710450649
2018-08-20 10:27:00,-0.4627226788535381
2018-08-20 10:30:00,-0.3445648748313488
2018-08-20 10:33:00,-0.39576394757091293
2018-08-20 10:36:00,-0.3611675892084918
2018-08-20 10:39:00,-0.40889582721757733
2018-08-20 10:42:00,-0.5026370066966592
2018-08-20 10:45:00,-0.4389598315064518
2018-08-20 10:48:00,-0.3730163122824024
2018-08-20 10:51:00,-0.4278478655903655
2018-08-20 10:54:00,-0.35879374161117994
2018-08-20 10:57:00,-0.4246836094429227
2018-08-20 11:00:00,-0.43035430091043736
2018-08-20 11:03:00,-0.4083639277166071
2018-08-20 11:06:00,-0.3834789167689223
2018-08-20 11:09:00,-0.4755893086015135
2018-08-20 11:12:00,-0.4615644050913943
2018-08-20 11:15:00,-0.4560652233493556
2018-08-20 11:18:00,-0.47958897878015705
2018-08-20 11:21:00,-0.42385806592676545
2018-08-20 11:24:00,-0.34360385046636566
2018-08-20 11:27:00,-0.4386733283344597
2018-08-20 11:30:00,-0.5209409569046102
2018-08-20 11:33:00,-0.3836685065944607
2018-08-20 11:36:00,-0.4275765175942752
2018-08-20 11:39:00,-0.391567054952759
2018-08-20 11:42:00,-0.4619664560253227
2018-08-20 11:45:00,-0.6944823518186354
2018-08-20 11:48:00,-0.45521474174955756
2018-08-20 11:51:00,-0.4618849080616201
2018-08-20 11:54:00,-0.5420867379831975
2018-08-20 11:57:00,-0.44079316503069776
2018-08-20 12:00:00,-0.4631432203495933
2018-08-20 12:03:00,-0.5287814058956428
2018-08-20 12:06:00,-0.3432877844968516
2018-08-20 12:09:00,-0.506966315970999
2018-08-20 12:12:00,-0.5334432449021733
2018-08-20 12:15:00,-0.45091103204867977
2018-08-20 12:18:00,-0.4245274964354735
2018-08-20 12:21:00,-0.4468828371595919
2018-08-20 12:24:00,-0.45536902205310525
2018-08-20 12:27:00,-0.5292385474913317
2018-08-20 12:30:00,-0.4536291164014301
2018-08-20 12:33:00,-0.4143458341370092
2018-08-20 12:36:00,-0.422618429349086
2018-08-20 12:39:00,-0.5349712392016386
2018-08-20 12:42:00,-0.45986751316837626
2018-08-20 12:45:00,-0.5063607028459955
2018-08-20 12:48:00,-0.45419921239596306
2018-08-20 12:51:00,-0.5101830641594347
2018-08-20 12:54:00,-0.3985668502334647
2018-08-20 12:57:00,-0.5300573363956573
2018-08-20 13:00:00,-0.5398115711428204
2018-08-20 13:03:00,-0.5579180592019952
2018-08-20 13:06:00,-0.5255545183909476
2018-08-20 13:09:00,-0.4887396463255982
2018-08-20 13:12:00,-0.5482064138429337
2018-08-20 13:15:00,-0.4267021492363483
2018-08-20 13:18:00,-0.4757912677462741
2018-08-20 13:21:00,-0.4690175977356148
2018-08-20 13:24:00,-0.3689470930964376
2018-08-20 13:27:00,-0.4986771365611844
2018-08-20 13:30:00,-0.5067823701241423
2018-08-20 13:33:00,-0.4670740029941385
2018-08-20 13:36:00,-0.45954878701996904
2018-08-20 13:39:00,-0.4992395365166544
2018-08-20 13:42:00,-0.4339673741826573
2018-08-20 13:45:00,-0.5765810609727282
2018-08-20 13:48:00,-0.5235883620760546
2018-08-20 13:51:00,-0.6097343932445938
2018-08-20 13:54:00,-0.5542483778847327
2018-08-20 13:57:00,-0.39251222149999876
2018-08-20 14:00:00,-0.5563860749484775
2018-08-20 14:03:00,-0.48045899775740963
2018-08-20 14:06:00,-0.4736421903591008
2018-08-20 14:09:00,-0.5313963900907765
2018-08-20 14:12:00,-0.5681381901220561
2018-08-20 14:15:00,-0.5681290557264447
2018-08-20 14:18:00,-0.4822663556877842
2018-08-20 14:21:00,-0.43957186718603225
2018-08-20 14:24:00,-0.44342691606192375
2018-08-20 14:27:00,-0.478042900200478
2018-08-20 14:30:00,-0.5647878742036028
2018-08-20 14:33:00,-0.4910443773778752
2018-08-20 14:36:00,-0.48532462417648503
2018-08-20 14:39:00,-0.571093069165272
2018-08-20 14:42:00,-0.4259246519991393
2018-08-20 14:45:00,-0.5755984545124875
2018-08-20 14:48:00,-0.540767534317979
2018-08-20 14:51:00,-0.4507237563499302
2018-08-20 14:54:00,-0.4814197956818589
2018-08-20 14:57:00,-0.5685840986817539
2018-08-20 15:00:00,-0.56355780987343
2018-08-20 15:03:00,-0.5181415437600094
2018-08-20 15:06:00,-0.5604616877053559
2018-08-20 15:09:00,-0.5166550661193128
2018-08-20 15:12:00,-0.5234354508378374
2018-08-20 15:15:00,-0.6204017746727004
2018-08-20 15:18:00,-0.5919899788381144
2018-08-20 15:21:00,-0.4837678336706972
2018-08-20 15:24:00,-0.5240204537368527
2018-08-20 15:27:00,-0.31889966250298585
2018-08-20 15:30:00,-0.4649384576266584
2018-08-20 15:33:00,-0.5562377706654047
2018-08-20 15:36:00,-0.48559535278513977
2018-08-20 15:39:00,-0.5148267141669294
2018-08-20 15:42:00,-0.5290600003933719
2018-08-20 15:45:00,-0.4866650969240709
2018-08-20 15:48:00,-0.548889117559213
2018-08-20 15:51:00,-0.49779099510521974
2018-08-20 15:54:00,-0.5462981178874315
2018-08-20 15:57:00,-0.4385262646144952
2018-08-20 16:00:00,-0.4721138824445461
2018-08-20 16:03:00,-0.472738361285451
2018-08-20 16:06:00,-0.49904047636613313
2018-08-20 16:09:00,-0.4360748902949467
2018-08-20 16:12:00,-0.4823700635382693
2018-08-20 16:15:00,-0.5696912949761668
2018-08-20 16:18:00,-0.4423049524784233
2018-08-20 16:21:00,-0.5716941394268815
2018-08-20 16:24:00,-0.49948686008264076
2018-08-20 16:27:00,-0.4959190372711646
2018-08-20 16:30:00,-0.5533245913293854
2018-08-20 16:33:00,-0.4984840882698336
2018-08-20 16:36:00,-0.48090892703498866
2018-08-20 16:39:00,-0.49917325334808993
2018-08-20 16:42:00,-0.4717109142212621
2018-08-20 16:45:00,-0.5741576212654422
2018-08-20 16:48:00,-0.44044217751689985
2018-08-20 16:51:00,-0.5015464432391354
2018-08-20 16:54:00,-0.5208162096595288
2018-08-20 16:57:00,-0.5167780081551427
2018-08-20 17:00:00,-0.5200802919358125
2018-08-20 17:03:00,-0.45233256362558905
2018-08-20 17:06:00,-0.36423016461731095
2018-08-20 17:09:00,-0.5098511950865827
2018-08-20 17:12:00,-0.5798990833453104
2018-08-20 17:15:00,-0.49954750308137363
2018-08-20 17:18:00,-0.4103466640038391
2018-08-20 17:21:00,-0.47288900248474874
2018-08-20 17:24:00,-0.4957480348505783
2018-08-20 17:27:00,-0.4069043258567717
2018-08-20 17:30:00,-0.39429397540118316
2018-08-20 17:33:00,-0.4560554879419101
2018-08-20 17:36:00,-0.4181101843285546
2018-08-20 17:39:00,-0.5198066333176712
2018-08-20 17:42:00,-0.505146855435612
2018-08-20 17:45:00,-0.39933740522633343
2018-08-20 17:48:00,-0.4283697424922366
2018-08-20 17:51:00,-0.48339197660016
2018-08-20 17:54:00,-0.5703737295249312
2018-08-20 17:57:00,-0.46512835509525985
2018-08-20 18:00:00,-0.5366179837814116
2018-08-20 18:03:00,-0.46488849587126424
2018-08-20 18:06:00,-0.5371055458355727
2018-08-20 18:09:00,-0.5555036884861693
2018-08-20 18:12:00,-0.4902908158750847
2018-08-20 18:15:00,-0.5123624781550689
2018-08-20 18:18:00,-0.4859377914546599
2018-08-20 18:21:00,-0.4872687513491769
2018-08-20 18:24:00,-0.5089318771006788
2018-08-20 18:27:00,-0.5320313591361128
2018-08-20 18:30:00,-0.4581318496651079
2018-08-20 18:33:00,-0.32924774716582306
2018-08-20 18:36:00,-0.2988643691341508
2018-08-20 18:39:00,-0.3821905899914668
2018-08-20 18:42:00,-0.32726619533826806
2018-08-20 18:45:00,-0.39245952848830257
2018-08-20 18:48:00,-0.3280357593236545
2018-08-20 18:51:00,-0.3778752411532764
2018-08-20 18:54:00,
2018-08-20 18:57:00,
2018-08-20 19:00:00,
2018-08-20 19:03:00,-0.28395108389440793
2018-08-20 19:06:00,-0.22609492499168482
2018-08-20 19:09:00,-0.377482265632068
2018-08-20 19:12:00,-0.22213612640786096
2018-08-20 19:15:00,-0.3140789398760262
2018-08-20 19:18:00,-0.30027999286556906
2018-08-20 19:21:00,-0.274482269204384
2018-08-20 19:24:00,-0.2800637164813793
2018-08-20 19:27:00,-0.22716375305213887
2018-08-20 19:30:00,-0.263195836313173
2018-08-20 19:33:00,-0.22969708000647415
2018-08-20 19:36:00,-0.35403222753512864
2018-08-20 19:39:00,-0.24667932240060964
2018-08-20 19:42:00,-0.2363748645931878
2018-08-20 19:45:00,-0.25839247743743954
2018-08-20 19:48:00,-0.2047863587952179
2018-08-20 19:51:00,-0.2070247781927037
2018-08-20 19:54:00,-0.2655649581320745
2018-08-20 19:57:00,-0.23074125424398062
2018-08-20 20:00:00,-0.21634222316464502
2018-08-20 20:03:00,-0.2885611309891374
2018-08-20 20:06:00,-0.34069534773573196
2018-08-20 20:09:00,-0.17378558455737902
2018-08-20 20:12:00,-0.2510070198084122
2018-08-20 20:15:00,-0.18307964243211927
2018-08-20 20:18:00,-0.13450403603366112
2018-08-20 20:21:00,-0.17961169733843008
2018-08-20 20:24:00,-0.22094192972298288
2018-08-20 20:27:00,-0.23122169695614048
2018-08-20 20:30:00,-0.18410403181991342
2018-08-20 20:33:00,-0.1591380808977192
2018-08-20 20:36:00,-0.21934290439736515
2018-08-20 20:39:00,-0.08891469528816742
2018-08-20 20:42:00,-0.1884762105688651
2018-08-20 20:45:00,-0.1336127436597394
2018-08-20 20:48:00,-0.03202616776735567
2018-08-20 20:51:00,-0.12111713179814387
2018-08-20 20:54:00,-0.06223420793423884
2018-08-20 20:57:00,-0.027670547793320566
2018-08-20 21:00:00,-0.061164166528101305
2018-08-20 21:03:00,-0.016092319414212852
2018-08-20 21:06:00,-0.0650618067953701
2018-08-20 21:09:00,0.019914735476334045
2018-08-20 21:12:00,0.005757579005319258
2018-08-20 21:15:00,0.05959789404272442
2018-08-20 21:18:00,-0.05342604393399597
2018-08-20 21:21:00,0.014571619620198817
2018-08-20 21:24:00,0.07756683170822498
2018-08-20 21:27:00,0.04046227222983134
2018-08-20 21:30:00,-0.009662521841448779
2018-08-20 21:33:00,-0.07045986648620328
2018-08-20 21:36:00,-0.05748389768410789
2018-08-20 21:39:00,0.00241897082213427
2018-08-20 21:42:00,-0.1138808467615604
2018-08-20 21:45:00,-0.11346710190514386
2018-08-20 21:48:00,0.02905752542000073
2018-08-20 21:51:00,-0.04827942446678435
2018-08-20 21:54:00,-0.08228631767855177
2018-08-20 21:57:00,-0.009376155609231773
2018-08-20 22:00:00,-0.03353915628190407
2018-08-20 22:03:00,-0.021899917206496866
2018-08-20 22:06:00,-0.017635690245867863
2018-08-20 22:09:00,-0.11786064727493795
2018-08-20 22:12:00,-0.055141753370151037
2018-08-20 22:15:00,-0.15370952313725184
2018-08-20 22:18:00,-0.1194233559958775
2018-08-20 22:21:00,-0.09080753430737332
2018-08-20 22:24:00,-0.05153696965817289
2018-08-20 22:27:00,-0.23043420302400364
2018-08-20 22:30:00,-0.13390644914727545
2018-08-20 22:33:00,-0.001104988950828556
2018-08-20 22:36:00,-0.10447120967944556
2018-08-20 22:39:00,-0.08416057403286459
2018-08-20 22:42:00,-0.14526955489441207
2018-08-20 22:45:00,-0.09461411266454434
2018-08-20 22:48:00,-0.08034115879473802
2018-08-20 22:51:00,0.03354224012116447
2018-08-20 22:54:00,-0.0798824886982743
2018-08-20 22:57:00,-0.15457065641322743
2018-08-20 23:00:00,0.02027608048149432
2018-08-20 23:03:00,-0.12921856757111527
2018-08-20 23:06:00,-0.10371032112863077
2018-08-20 23:09:00,-0.07010025826508581
2018-08-20 23:12:00,-0.0886324158369689
2018-08-20 23:15:00,-0.0771377000281177
2018-08-20 23:18:00,-0.1266778035231937
2018-08-20 23:21:00,-0.03085740097975531
2018-08-20 23:24:00,-0.18232685818378513
2018-08-20 23:27:00,-0.12335850648901214
2018-08-20 23:30:00,-0.08913292087231639
2018-08-20 23:33:00,-0.10532850074639555
2018-08-20 23:36:00,-0.08926794449962472
2018-08-20 23:39:00,0.06247254817958492
2018-08-20 23:42:00,-0.0630656224148538
2018-08-20 23:45:00,0.07755887168048048
2018-08-20 23:48:00,0.030503857435405735
2018-08-20 23:51:00,0.0009769744323762097
2018-08-20 23:54:00,-0.0320725787987044
2018-08-20 23:57:00,-0.09549780589884449
2018-08-21 00:00:00,-0.05535124581820128
2018-08-21 00:03:00,-0.0345078908323444
2018-08-21 00:06:00,0.07180891754279628
2018-08-21 00:09:00,0.05798064077703202
2018-08-21 00:12:00,0.029032415908091025
2018-08-21 00:15:00,0.03941262800321965
2018-08-21 00:18:00,0.07327477070566601
2018-08-21 00:21:00,-0.05149266843324085
2018-08-21 00:24:00,0.06200459238931444
2018-08-21 00:27:00,-0.027346756475026268
2018-08-21 00:30:00,0.010516796826038899
2018-08-21 00:33:00,-0.02128297767882259
2018-08-21 00:36:00,-0.09954076770969777
2018-08-21 00:39:00,0.07278004202532884
2018-08-21 00:42:00,0.0804441388299324
2018-08-21 00:45:00,0.08957813064074571
2018-08-21 00:48:00,0.006909612985964486
2018-08-21 00:51:00,0.05934610024706899
2018-08-21 00:54:00,-0.04819028835680683
2018-08-21 00:57:00,0.06394456819816696
2018-08-21 01:00:00,0.03712597086035885
2018-08-21 01:03:00,0.08918932466991691
2018-08-21 01:06:00,-0.1806982541534694
2018-08-21 01:09:00,0.0313945040982162
2018-08-21 01:12:00,-0.04189190722877356
2018-08-21 01:15:00,-0.0034755770618630777
2018-08-21 01:18:00,-0.06452545367750417
2018-08-21 01:21:00,-0.030079505563776365
2018-08-21 01:24:00,-0.11061896563649043
2018-08-21 01:27:00,-0.009024545276417939
2018-08-21 01:30:00,-0.012876914838329867
2018-08-21 01:33:00,0.026668565068916905
2018-08-21 01:36:00,-0.011646537037051985
2018-08-21 01:39:00,0.017015112806518573
2018-08-21 01:42:00,-0.04871270076074552
2018-08-21 01:45:00,-0.027767331124380235
2018-08-21 01:48:00,0.11170082469828913
2018-08-21 01:51:00,0.1119066067506651
2018-08-21 01:54:00,0.03195319483666026
2018-08-21 01:57:00,0.060463261748168406
2018-08-21 02:00:00,0.04932331293025527
2018-08-21 02:03:00,0.037223836769101126
2018-08-21 02:06:00,-0.013064297273785996
2018-08-21 02:09:00,-0.006568938356792842
2018-08-21 02:12:00,-0.02719987238918975
2018-08-21 02:15:00,0.030860862973781877
2018-08-21 02:18:00,-0.004913305900061005
2018-08-21 02:21:00,0.016391335146295205
2018-08-21 02:24:00,0.017438506682140087
2018-08-21 02:27:00,0.10230607711190487
2018-08-21 02:30:00,0.09818636359142374
2018-08-21 02:33:00,-0.059070077373519325
2018-08-21 02:36:00,0.0040723171123318025
2018-08-21 02:39:00,0.007453608190246541
2018-08-21 02:42:00,-0.05839185170282235
2018-08-21 02:45:00,0.033795710052345385
2018-08-21 02:48:00,0.08511411836889238
2018-08-21 02:51:00,0.09317739232841404
2018-08-21 02:54:00,0.08899723090110001
2018-08-21 02:57:00,0.03151750665261943
2018-08-21 03:00:00,0.06342235371784
2018-08-21 03:03:00,-0.008989699159144493
2018-08-21 03:06:00,0.08526002610523165
2018-08-21 03:09:00,0.058766018978360535
2018-08-21 03:12:00,0.04744461222719565
2018-08-21 03:15:00,0.019832086985957176
2018-08-21 03:18:00,-0.01337485459475829
2018-08-21 03:21:00,0.017424711859860054
2018-08-21 03:24:00,-0.00935230368025941
2018-08-21 03:27:00,-0.08215662303604176
2018-08-21 03:30:00,0.03545198997932175
2018-08-21 03:33:00,0.008011169242934102
2018-08-21 03:36:00,0.009126915367005495
2018-08-21 03:39:00,0.023107031868562444
2018-08-21 03:42:00,-0.011908328729418827
2018-08-21 03:45:00,-0.016128225289833154
2018-08-21 03:48:00,0.007752695296460388
2018-08-21 03:51:00,0.10581133644399188
2018-08-21 03:54:00,0.08001910051939376
2018-08-21 03:57:00,0.03967261803239808
2018-08-21 04:00:00,-0.008634628029255964
2018-08-21 04:03:00,0.011049239096280417
2018-08-21 04:06:00,0.026617336496087773
2018-08-21 04:09:00,0.06530498717762612
2018-08-21 04:12:00,0.14391638398495843
2018-08-21 04:15:00,0.13727378236632148
2018-08-21 04:18:00,0.09654980837325411
2018-08-21 04:21:00,0.08401011721065288
2018-08-21 04:24:00,0.07631317983504005
2018-08-21 04:27:00,0.11106822656881832
2018-08-21 04:30:00,0.09408161512970992
2018-08-21 04:33:00,0.09353735324401669
2018-08-21 04:36:00,0.09191481717090255
2018-08-21 04:39:00,0.11911050526259714
2018-08-21 04:42:00,0.09091207041814187
2018-08-21 04:45:00,0.11761434107853574
2018-08-21 04:48:00,0.17281178464412505
2018-08-21 04:51:00,0.07764815635732703
2018-08-21 04:54:00,0.08911708505411298
2018-08-21 04:57:00,0.044829274082758275
2018-08-21 05:00:00,0.10860974121976597
2018-08-21 05:03:00,0.14684092221000355
2018-08-21 05:06:00,0.0197657838477312
2018-08-21 05:09:00,-0.008325504047036247
2018-08-21 05:12:00,0.11098650318314185
2018-08-21 05:15:00,0.1088760951872132
2018-08-21 05:18:00,0.0541984563880078
2018-08-21 05:21:00,0.14204720608228172
2018-08-21 05:24:00,0.11240489910983342
2018-08-21 05:27:00,0.08567617605331179
2018-08-21 05:30:00,0.06230686946202013
2018-08-21 05:33:00,0.033618564468326895
2018-08-21 05:36:00,0.1475123919983048
2018-08-21 05:39:00,0.1623273982852993
2018-08-21 05:42:00,-0.011146814735923272
2018-08-21 05:45:00,-0.0412472569130955
2018-08-21 05:48:00,0.08877136579457101
2018-08-21 05:51:00,-0.0013403112132550632
2018-08-21 05:54:00,-0.0037342767326435933
2018-08-21 05:57:00,0.08496651414145617
2018-08-21 06:00:00,-0.0024434531246129154
2018-08-21 06:03:00,-0.039054869977405815
2018-08-21 06:06:00,-0.12090984922497228
2018-08-21 06:09:00,-0.1532438783433463
2018-08-21 06:12:00,-0.05645595995747499
2018-08-21 06:15:00,0.02047037631712101
2018-08-21 06:18:00,0.018247080708363228
2018-08-21 06:21:00,0.04796083465328138
2018-08-21 06:24:00,0.01287387765165704
2018-08-21 06:27:00,0.007323314927361935
2018-08-21 06:30:00,-0.01800571993021549
2018-08-21 06:33:00,0.0004203141317020709
2018-08-21 06:36:00,0.05063055958123641
2018-08-21 06:39:00,-0.0831400409708749
2018-08-21 06:42:00,0.02037031446519677
2018-08-21 06:45:00,-0.1107994341466565
2018-08-21 06:48:00,-0.05883873556177832
2018-08-21 06:51:00,-0.08506984525166672
2018-08-21 06:54:00,-0.0887196083509707
2018-08-21 06:57:00,-0.07704877119800813
2018-08-21 07:00:00,0.10626947674609255
2018-08-21 07:03:00,-0.059873074987422115
2018-08-21 07:06:00,0.04060871318881709
2018-08-21 07:09:00,-0.03547253839997211
2018-08-21 07:12:00,-0.13195977590447683
2018-08-21 07:15:00,0.0008140996988572624
2018-08-21 07:18:00,0.044607896371246625
2018-08-21 07:21:00,-0.0780127086839002
2018-08-21 07:24:00,0.03501121480189795
2018-08-21 07:27:00,-0.009439326468395848
2018-08-21 07:30:00,0.029133824093321437
2018-08-21 07:33:00,0.0283783454297577
2018-08-21 07:36:00,-0.016199366018213368
2018-08-21 07:39:00,0.008798886091142322
2018-08-21 07:42:00,-0.04250080918114918
2018-08-21 07:45:00,-0.11340943611259036
2018-08-21 07:48:00,-0.15305917136879543
2018-08-21 07:51:00,-0.23686057510445835
2018-08-21 07:54:00,-0.15695366619235074
2018-08-21 07:57:00,-0.0895420451266773
2018-08-21 08:00:00,-0.0694960145577852
2018-08-21 08:03:00,-0.024292282479052574
2018-08-21 08:06:00,-0.13094323689233534
2018-08-21 08:09:00,-0.13052126742019254
2018-08-21 08:12:00,-0.17347689746497963
2018-08-21 08:15:00,-0.18338580901530577
2018-08-21 08:18:00,-0.04416580414653026
2018-08-21 08:21:00,-0.1597802270781017
2018-08-21 08:24:00,-0.15972613277716619
2018-08-21 08:27:00,-0.18841460109291575
2018-08-21 08:30:00,-0.12281133435681113
2018-08-21 08:33:00,-0.14128807949276734
2018-08-21 08:36:00,-0.16939212706643048
2018-08-21 08:39:00,-0.2045289274010429
2018-08-21 08:42:00,-0.18435729919428923
2018-08-21 08:45:00,-0.126937410872074
2018-08-21 08:48:00,-0.21004914992641943
2018-08-21 08:51:00,-0.21470096654343251
2018-08-21 08:54:00,-0.15363680765631216
2018-08-21 08:57:00,0.006512492968454353
2018-08-21 09:00:00,-0.18084553345704535
2018-08-21 09:03:00,-0.016860588035115143
2018-08-21 09:06:00,-0.21588073526856988
2018-08-21 09:09:00,-0.20079667109592947
2018-08-21 09:12:00,-0.14938122523494712
2018-08-21 09:15:00,-0.12357097546487239
2018-08-21 09:18:00,-0.1873689155000875
2018-08-21 09:21:00,-0.15213414331640251
2018-08-21 09:24:00,-0.14260498552926038
2018-08-21 09:27:00,-0.16833970735098092
2018-08-21 09:30:00,-0.2310564498066583
2018-08-21 09:33:00,-0.24895031364940223
2018-08-21 09:36:00,-0.0529415142009384
2018-08-21 09:39:00,-0.1713452316500934
2018-08-21 09:42:00,-0.2415951501961331
2018-08-21 09:45:00,-0.1346486921351584
2018-08-21 09:48:00,-0.31535563154761803
2018-08-21 09:51:00,-0.25768630005711657
2018-08-21 09:54:00,-0.18441558966657112
2018-08-21 09:57:00,-0.24729504008507774
2018-08-21 10:00:00,-0.10995929356744227
2018-08-21 10:03:00,-0.25610698193236203
2018-08-21 10:06:00,-0.26986163525526763
2018-08-21 10:09:00,-0.3491729443454119
2018-08-21 10:12:00,-0.41499250921191333
2018-08-21 10:15:00,-0.3022866668870279
2018-08-21 10:18:00,-0.36804312780355986
2018-08-21 10:21:00,-0.2326898687438188
2018-08-21 10:24:00,-0.28720563370097807
2018-08-21 10:27:00,-0.3478235805267218
2018-08-21 10:30:00,-0.3362650528821973
2018-08-21 10:33:00,-0.3144898988606428
2018-08-21 10:36:00,-0.30107000582444243
2018-08-21 10:39:00,-0.3800821237285277
2018-08-21 10:42:00,-0.329451803247764
2018-08-21 10:45:00,-0.441993644690001
2018-08-21 10:48:00,-0.3270734683226806
2018-08-21 10:51:00,-0.3468389328934336
2018-08-21 10:54:00,-0.3898991950064783
2018-08-21 10:57:00,-0.190676597302172
2018-08-21 11:00:00,-0.402411951355532
2018-08-21 11:03:00,-0.33386800620127133
2018-08-21 11:06:00,-0.4359557916508834
2018-08-21 11:09:00,-0.3647987983649159
2018-08-21 11:12:00,-0.3966815606452201
2018-08-21 11:15:00,-0.32221394870032327
2018-08-21 11:18:00,-0.4088483529926066
2018-08-21 11:21:00,-0.42717265897385914
2018-08-21 11:24:00,-0.37639476541892236
2018-08-21 11:27:00,-0.40541617545648023
2018-08-21 11:30:00,-0.4101663530379369
2018-08-21 11:33:00,-0.5189272364793283
2018-08-21 11:36:00,-0.3861138729537288
2018-08-21 11:39:00,-0.4764526897784549
2018-08-21 11:42:00,-0.5037981071465651
2018-08-21 11:45:00,-0.43009093482316985
2018-08-21 11:48:00,-0.4736265583674708
2018-08-21 11:51:00,-0.5331104750411555
2018-08-21 11:54:00,-0.46547036351518045
2018-08-21 11:57:00,-0.46292297140178107
2018-08-21 12:00:00,-0.454780151615239
2018-08-21 12:03:00,-0.42820201754437903
2018-08-21 12:06:00,-0.46789501033003944
2018-08-21 12:09:00,-0.42713781259089956
2018-08-21 12:12:00,-0.44945921016534385
2018-08-21 12:15:00,-0.37804341581767176
2018-08-21 12:18:00,-0.3803954101985596
2018-08-21 12:21:00,-0.5123050363778248
2018-08-21 12:24:00,-0.48152378467517565
2018-08-21 12:27:00,-0.38132369726093884
2018-08-21 12:30:00,-0.23742646119825395
2018-08-21 12:33:00,-0.28719667484477895
2018-08-21 12:36:00,-0.4551739497701419
2018-08-21 12:39:00,-0.4283881345219811
2018-08-21 12:42:00,-0.40172593825303693
2018-08-21 12:45:00,-0.5539475865800227
2018-08-21 12:48:00,-0.41704766538805416
2018-08-21 12:51:00,-0.41248384069297117
2018-08-21 12:54:00,-0.28787151094451247
2018-08-21 12:57:00,-0.3098738724997929
2018-08-21 13:00:00,-0.4658142485563417
2018-08-21 13:03:00,-0.5114574559661378
2018-08-21 13:06:00,-0.5236795613478762
2018-08-21 13:09:00,-0.5985207119124993
2018-08-21 13:12:00,-0.6986908188153507
2018-08-21 13:15:00,-0.5684057486723759
2018-08-21 13:18:00,-0.6736336817253914
2018-08-21 13:21:00,-0.5020759437098263
2018-08-21 13:24:00,-0.5419965551316182
2018-08-21 13:27:00,-0.5553546813951584
2018-08-21 13:30:00,-0.36421357111066754
2018-08-21 13:33:00,-0.4356279299471453
2018-08-21 13:36:00,-0.5119478677575557
2018-08-21 13:39:00,-0.6196116303114536
2018-08-21 13:42:00,-0.4655403468614736
2018-08-21 13:45:00,-0.3537478748583567
2018-08-21 13:48:00,-0.5048196384656762
2018-08-21 13:51:00,-0.4435206663002873
2018-08-21 13:54:00,-0.5560546826098971
2018-08-21 13:57:00,-0.5618640997914213
2018-08-21 14:00:00,-0.572446854284351
2018-08-21 14:03:00,-0.5045133052570918
2018-08-21 14:06:00,-0.5515471418696052
2018-08-21 14:09:00,-0.5661901542187024
2018-08-21 14:12:00,-0.3749450039305202
2018-08-21 14:15:00,-0.2831021948859984
2018-08-21 14:18:00,-0.3769128584697228
2018-08-21 14:21:00,-0.597127607659047
2018-08-21 14:24:00,-0.5820340936069215
2018-08-21 14:27:00,-0.3945360174230359
2018-08-21 14:30:00,-0.215586454802974
2018-08-21 14:33:00,-0.3849829714500288
2018-08-21 14:36:00,-0.37463934244527763
2018-08-21 14:39:00,-0.47322104125970554
2018-08-21 14:42:00,-0.586229293556471
2018-08-21 14:45:00,-0.6299746154955415
2018-08-21 14:48:00,-0.5406550470617049
2018-08-21 14:51:00,-0.5574491253233305
2018-08-21 14:54:00,-0.535299083775044
2018-08-21 14:57:00,-0.5156575781851416
2018-08-21 15:00:00,-0.3501670997036399
2018-08-21 15:03:00,-0.3266069345967253
2018-08-21 15:06:00,-0.26703438181192496
2018-08-21 15:09:00,-0.012698437584845124
2018-08-21 15:12:00,-0.0105391707443232
2018-08-21 15:15:00,-0.19864700505240762
2018-08-21 15:18:00,-0.258149057418791
2018-08-21 15:21:00,-0.44400194597062637
2018-08-21 15:24:00,-0.5432371623682002
2018-08-21 15:27:00,-0.5148597206902537
2018-08-21 15:30:00,-0.603218236194607
2018-08-21 15:33:00,-0.6242333401864357
2018-08-21 15:36:00,-0.6581980071965177
2018-08-21 15:39:00,-0.622210989107657
2018-08-21 15:42:00,-0.6028641345098436
2018-08-21 15:45:00,-0.6437540680009306
2018-08-21 15:48:00,-0.47417568039128355
2018-08-21 15:51:00,-0.41091841434376875
2018-08-21 15:54:00,-0.37545747391635587
2018-08-21 15:57:00,-0.3293634119887088
2018-08-21 16:00:00,-0.45556589585243046
2018-08-21 16:03:00,-0.45599850496313366
2018-08-21 16:06:00,-0.5880364143143311
2018-08-21 16:09:00,-0.3962327050386989
2018-08-21 16:12:00,-0.30207418994507407
2018-08-21 16:15:00,-0.5611172104388515
2018-08-21 16:18:00,-0.5122854821861438
2018-08-21 16:21:00,-0.5458324548300766
2018-08-21 16:24:00,-0.6873314819686129
2018-08-21 16:27:00,-0.6243013445347856
2018-08-21 16:30:00,-0.6186982231579918
2018-08-21 16:33:00,-0.6491989650280061
2018-08-21 16:36:00,-0.5599377936715655
2018-08-21 16:39:00,-0.6242461811981457
2018-08-21 16:42:00,-0.5720168987165266
2018-08-21 16:45:00,-0.537353267959304
2018-08-21 16:48:00,-0.6609455634508095
2018-08-21 16:51:00,-0.5083280943849218
2018-08-21 16:54:00,-0.49757634740149115
2018-08-21 16:57:00,-0.5603717709209945
2018-08-21 17:00:00,-0.4213274002338494
2018-08-21 17:03:00,-0.5707322562083164
2018-08-21 17:06:00,-0.5095238363697945
2018-08-21 17:09:00,-0.5342447295070087
2018-08-21 17:12:00,-0.5638471491107566
2018-08-21 17:15:00,-0.6412874882577739
2018-08-21 17:18:00,-0.5394839637306177
2018-08-21 17:21:00,-0.5462392825482993
2018-08-21 17:24:00,-0.5889966591132065
2018-08-21 17:27:00,-0.589832828130227
2018-08-21 17:30:00,-0.5485236561307829
2018-08-21 17:33:00,-0.5127069071108394
2018-08-21 17:36:00,-0.5580019864098631
2018-08-21 17:39:00,-0.47287180210503266
2018-08-21 17:42:00,-0.5997723445246947
2018-08-21 17:45:00,-0.5752878307710603
2018-08-21 17:48:00,-0.49787532441479243
2018-08-21 17:51:00,-0.574471965571604
2018-08-21 17:54:00,-0.4538174439431373
2018-08-21 17:57:00,-0.5097080443669029
2018-08-21 18:00:00,-0.5527689184202131
2018-08-21 18:03:00,-0.46274022515581237
2018-08-21 18:06:00,-0.5453010377488567
2018-08-21 18:09:00,-0.47822720912745353
2018-08-21 18:12:00,-0.4615640350334047
2018-08-21 18:15:00,-0.5083955426030684
2018-08-21 18:18:00,-0.5312218455568996
2018-08-21 18:21:00,-0.5373090584554916
2018-08-21 18:24:00,-0.44703844850857877
2018-08-21 18:27:00,-0.4240940767601842
2018-08-21 18:30:00,-0.552336744419506
2018-08-21 18:33:00,-0.45774783336952396
2018-08-21 18:36:00,-0.4403317454588773
2018-08-21 18:39:00,-0.48421975950651586
2018-08-21 18:42:00,-0.4705152089235298
2018-08-21 18:45:00,-0.40491882990431805
2018-08-21 18:48:00,-0.4701765826840756
2018-08-21 18:51:00,-0.4294078543831006
2018-08-21 18:54:00,
2018-08-21 18:57:00,
2018-08-21 19:00:00,
2018-08-21 19:03:00,-0.39641500260506746
2018-08-21 19:06:00,-0.42486380518141686
2018-08-21 19:09:00,-0.3243910594745216
2018-08-21 19:12:00,-0.4069865318589905
2018-08-21 19:15:00,-0.34889258474066764
2018-08-21 19:18:00,-0.3166547050465738
2018-08-21 19:21:00,-0.34818116697988444
2018-08-21 19:24:00,-0.32229627889205403
2018-08-21 19:27:00,-0.4018220843088329
2018-08-21 19:30:00,-0.32110133934463647
2018-08-21 19:33:00,-0.35522183969976595
2018-08-21 19:36:00,-0.31523930474116924
2018-08-21 19:39:00,-0.39310343559293415
2018-08-21 19:42:00,-0.3056366023254782
2018-08-21 19:45:00,-0.2216383817727774
2018-08-21 19:48:00,-0.3199250328235621
2018-08-21 19:51:00,-0.4141623407858219
2018-08-21 19:54:00,-0.36180564049880104
2018-08-21 19:57:00,-0.2584382330646804
2018-08-21 20:00:00,-0.3307179737293495
2018-08-21 20:03:00,-0.2921814932553275
2018-08-21 20:06:00,-0.35207431295674496
2018-08-21 20:09:00,-0.2017686847103164
2018-08-21 20:12:00,-0.3260992182704854
2018-08-21 20:15:00,-0.32653256606192826
2018-08-21 20:18:00,-0.24648487600677527
2018-08-21 20:21:00,-0.2596105236895596
2018-08-21 20:24:00,-0.24397669074755868
2018-08-21 20:27:00,-0.21642307703251618
2018-08-21 20:30:00,-0.1978876803969456
2018-08-21 20:33:00,-0.05687064952627452
2018-08-21 20:36:00,-0.21271255049401816
2018-08-21 20:39:00,-0.2552840979128632
2018-08-21 20:42:00,-0.24669976982221442
2018-08-21 20:45:00,-0.2503704511047431
2018-08-21 20:48:00,-0.212362728639107
2018-08-21 20:51:00,-0.3000508318922357
2018-08-21 20:54:00,-0.2972034782404762
2018-08-21 20:57:00,-0.28944252089900147
2018-08-21 21:00:00,-0.27139660937467625
2018-08-21 21:03:00,-0.16580577499365745
2018-08-21 21:06:00,-0.17434023932406717
2018-08-21 21:09:00,-0.17535827489768963
2018-08-21 21:12:00,-0.2733923474852986
2018-08-21 21:15:00,-0.2777805311304178
2018-08-21 21:18:00,-0.242355375414661
2018-08-21 21:21:00,-0.19618155539041027
2018-08-21 21:24:00,-0.2640706759088971
2018-08-21 21:27:00,-0.24677532951932335
2018-08-21 21:30:00,-0.10161118735999253
2018-08-21 21:33:00,-0.07333394716351904
2018-08-21 21:36:00,-0.2660166209187764
2018-08-21 21:39:00,-0.15101379920764657
2018-08-21 21:42:00,-0.2787777123151045
2018-08-21 21:45:00,-0.18892673283153272
2018-08-21 21:48:00,-0.05422485011553135
2018-08-21 21:51:00,-0.2412856166063193
2018-08-21 21:54:00,-0.13453678239153533
2018-08-21 21:57:00,-0.11561354952874581
2018-08-21 22:00:00,-0.18062346887825242
2018-08-21 22:03:00,-0.1887725065370205
2018-08-21 22:06:00,-0.23810346872261334
2018-08-21 22:09:00,-0.22257750469441362
2018-08-21 22:12:00,-0.23947614376487536
2018-08-21 22:15:00,-0.16047407000951353
2018-08-21 22:18:00,-0.22817810415716622
2018-08-21 22:21:00,-0.22982780803363312
2018-08-21 22:24:00,-0.1747186924452535
2018-08-21 22:27:00,-0.07010403626384232
2018-08-21 22:30:00,-0.11477595642332972
2018-08-21 22:33:00,-0.10116847750794022
2018-08-21 22:36:00,-0.11512861538500374
2018-08-21 22:39:00,-0.12345364949794657
2018-08-21 22:42:00,-0.03813111364024735
2018-08-21 22:45:00,-0.13022317888299995
2018-08-21 22:48:00,-0.015414458844190904
2018-08-21 22:51:00,-0.0792497431413608
2018-08-21 22:54:00,-0.07621224352061517
2018-08-21 22:57:00,-0.10761992402126452
2018-08-21 23:00:00,-0.1174305713616377
2018-08-21 23:03:00,-0.10482297368628224
2018-08-21 23:06:00,-0.061040109754685545
2018-08-21 23:09:00,-0.04140096059217058
2018-08-21 23:12:00,-0.003990910480069942
2018-08-21 23:15:00,-0.03695761054746072
2018-08-21 23:18:00,-0.051311125329732477
2018-08-21 23:21:00,-0.015946299538029507
2018-08-21 23:24:00,-0.006861180122427868
2018-08-21 23:27:00,-0.14510205727168568
2018-08-21 23:30:00,-0.10045091605616108
2018-08-21 23:33:00,-0.06408805455617994
2018-08-21 23:36:00,-0.08061871446960822
2018-08-21 23:39:00,-0.11253392374362647
2018-08-21 23:42:00,-0.008546399144449879
2018-08-21 23:45:00,-0.1073391195392901
2018-08-21 23:48:00,-0.12167459894851618
2018-08-21 23:51:00,-0.028465658851018816
2018-08-21 23:54:00,-0.09157789992769949
2018-08-21 23:57:00,-0.10477172577134297
2018-08-22 00:00:00,-0.0698848777564649
2018-08-22 00:03:00,-0.15329013011103143
2018-08-22 00:06:00,-0.058077781384497484
2018-08-22 00:09:00,-0.19544447736831216
2018-08-22 00:12:00,-0.08335869697208409
2018-08-22 00:15:00,-0.09512969113399095
2018-08-22 00:18:00,-0.03393728243827354
2018-08-22 00:21:00,0.014861227708195202
2018-08-22 00:24:00,-0.014389691484950617
2018-08-22 00:27:00,-0.06717005242347796
2018-08-22 00:30:00,-0.10231192361021613
2018-08-22 00:33:00,-0.02963866557087158
2018-08-22 00:36:00,0.057898169254997356
2018-08-22 00:39:00,-0.05795748939084433
2018-08-22 00:42:00,-0.05076501508546016
2018-08-22 00:45:00,-0.018226639582906046
2018-08-22 00:48:00,-0.07239370807917567
2018-08-22 00:51:00,-0.052562957854718206
2018-08-22 00:54:00,-0.10911037379128175
2018-08-22 00:57:00,-0.03585350537247223
2018-08-22 01:00:00,-0.03492615184228498
2018-08-22 01:03:00,-0.07969561912983636
2018-08-22 01:06:00,-0.09757837468566777
2018-08-22 01:09:00,-0.09912427179858696
2018-08-22 01:12:00,-0.05619272939526354
2018-08-22 01:15:00,-0.10502887619048806
2018-08-22 01:18:00,-0.05875881124785565
2018-08-22 01:21:00,-0.19468420213030413
2018-08-22 01:24:00,-0.11320625000638529
2018-08-22 01:27:00,-0.04778088376957612
2018-08-22 01:30:00,-0.026846577441972386
2018-08-22 01:33:00,0.002705391967765536
2018-08-22 01:36:00,-0.023938910102344835
2018-08-22 01:39:00,-0.06814208878131467
2018-08-22 01:42:00,0.03904379063749275
2018-08-22 01:45:00,-0.048351412183649245
2018-08-22 01:48:00,0.058589494804664355
2018-08-22 01:51:00,-0.05936051448679791
2018-08-22 01:54:00,-0.04605931816803377
2018-08-22 01:57:00,-0.024843246826719678
2018-08-22 02:00:00,-0.09531633595275935
2018-08-22 02:03:00,0.046940545848940474
2018-08-22 02:06:00,-0.08749280264731851
2018-08-22 02:09:00,-0.003222461670532084
2018-08-22 02:12:00,-0.05414600100715461
2018-08-22 02:15:00,-0.07781373859023688
2018-08-22 02:18:00,-0.0017706491689750692
2018-08-22 02:21:00,-0.1103144516824841
2018-08-22 02:24:00,-0.1525244930321037
2018-08-22 02:27:00,-0.08334835154056464
2018-08-22 02:30:00,-0.06741784938725459
2018-08-22 02:33:00,-0.01961271480462301
2018-08-22 02:36:00,0.03360720638346493
2018-08-22 02:39:00,-0.015009045753686223
2018-08-22 02:42:00,-0.06311807575042394
2018-08-22 02:45:00,-0.0870358291545017
2018-08-22 02:48:00,-0.07864588617110257
2018-08-22 02:51:00,-0.06740264879840652
2018-08-22 02:54:00,0.011240065419258372
2018-08-22 02:57:00,-0.08446474717180763
2018-08-22 03:00:00,-0.12283956736501978
2018-08-22 03:03:00,-0.16699125420905148
2018-08-22 03:06:00,-0.14387573079665117
2018-08-22 03:09:00,-0.08142392392386455
2018-08-22 03:12:00,-0.06307385011945144
2018-08-22 03:15:00,-0.1290586584175344
2018-08-22 03:18:00,-0.045163458327408534
2018-08-22 03:21:00,0.0009086021056532445
2018-08-22 03:24:00,0.01861573886952783
2018-08-22 03:27:00,0.07928620272258513
2018-08-22 03:30:00,-0.030969088411040957
2018-08-22 03:33:00,-0.045805492516421964
2018-08-22 03:36:00,-0.08896994918097789
2018-08-22 03:39:00,0.06672458714967888
2018-08-22 03:42:00,0.04021360585045386
2018-08-22 03:45:00,-0.027443528088269886
2018-08-22 03:48:00,-0.05244921381682843
2018-08-22 03:51:00,0.03898418521180247
2018-08-22 03:54:00,0.01686192947397558
2018-08-22 03:57:00,-0.03161166209042676
2018-08-22 04:00:00,0.027038531571577096
2018-08-22 04:03:00,-0.02321738624760883
2018-08-22 04:06:00,0.10501497372069934
2018-08-22 04:09:00,-0.07305338252854199
2018-08-22 04:12:00,-0.027862906964799095
2018-08-22 04:15:00,-0.0044761352410773725
2018-08-22 04:18:00,0.01801267101848225
2018-08-22 04:21:00,0.10378277491832932
2018-08-22 04:24:00,0.07775502926540412
2018-08-22 04:27:00,0.05446183053368259
2018-08-22 04:30:00,0.1676370847741282
2018-08-22 04:33:00,0.027912956807540468
2018-08-22 04:36:00,0.02498788191616086
2018-08-22 04:39:00,0.09893422896607262
2018-08-22 04:42:00,0.06080346254373126
2018-08-22 04:45:00,0.0032198257839013422
2018-08-22 04:48:00,0.043138419654269455
2018-08-22 04:51:00,0.07268153716955794
2018-08-22 04:54:00,0.15529872633970854
2018-08-22 04:57:00,-0.023767362612090892
2018-08-22 05:00:00,0.06400040849706556
2018-08-22 05:03:00,0.18122228014794928
2018-08-22 05:06:00,0.07828437449637704
2018-08-22 05:09:00,0.0596108387538834
2018-08-22 05:12:00,0.09210931522983401
2018-08-22 05:15:00,0.14092664095755936
2018-08-22 05:18:00,0.2069741072317015
2018-08-22 05:21:00,-0.03996260984814626
2018-08-22 05:24:00,0.24097373865555483
2018-08-22 05:27:00,0.08968074161481354
2018-08-22 05:30:00,0.14572591904413912
2018-08-22 05:33:00,0.1492490480471247
2018-08-22 05:36:00,0.11699498009323861
2018-08-22 05:39:00,0.13035052617414067
2018-08-22 05:42:00,0.02071686831112629
2018-08-22 05:45:00,0.09583907478150877
2018-08-22 05:48:00,0.11208577163267819
2018-08-22 05:51:00,0.0769574110912572
2018-08-22 05:54:00,0.09980700459328773
2018-08-22 05:57:00,0.04172989991019449
2018-08-22 06:00:00,-0.02605164713384056
2018-08-22 06:03:00,0.04741184527659925
2018-08-22 06:06:00,0.0767747137048218
2018-08-22 06:09:00,0.021904624372893977
2018-08-22 06:12:00,0.003561011900046651
2018-08-22 06:15:00,0.00345893168287148
2018-08-22 06:18:00,-0.022255071237680113
2018-08-22 06:21:00,-0.04793404616401631
2018-08-22 06:24:00,-0.008981339434285474
2018-08-22 06:27:00,-0.012096187680583625
2018-08-22 06:30:00,-0.030348305248480756
2018-08-22 06:33:00,-0.0036350008492149755
2018-08-22 06:36:00,-0.0028894329731770085
2018-08-22 06:39:00,-0.05104000967082811
2018-08-22 06:42:00,-0.05049847826768428
2018-08-22 06:45:00,-0.010328124637169367
2018-08-22 06:48:00,-0.04634964254080387
2018-08-22 06:51:00,-0.08947615212923665
2018-08-22 06:54:00,-0.047261860008006806
2018-08-22 06:57:00,-0.12358332496137336
2018-08-22 07:00:00,-0.08073897037058941
2018-08-22 07:03:00,-0.06645222539151519
2018-08-22 07:06:00,-0.10380671495425986
2018-08-22 07:09:00,-0.06129451266758679
2018-08-22 07:12:00,0.024268874228710047
2018-08-22 07:15:00,-0.15206285073020354
2018-08-22 07:18:00,-0.005652961348857843
2018-08-22 07:21:00,-0.09659585310987495
2018-08-22 07:24:00,-0.10526659974624408
2018-08-22 07:27:00,-0.1114234788207682
2018-08-22 07:30:00,0.001675864962066953
2018-08-22 07:33:00,-0.1003444698937983
2018-08-22 07:36:00,0.0060748300688260315
2018-08-22 07:39:00,-0.06052317364907367
2018-08-22 07:42:00,0.00826150327952746
2018-08-22 07:45:00,-0.05419319108256104
2018-08-22 07:48:00,-0.03398486276910262
2018-08-22 07:51:00,-0.026117329374130804
2018-08-22 07:54:00,-0.11589386653747624
2018-08-22 07:57:00,-0.12973563113359887
2018-08-22 08:00:00,-0.062047879625936275
2018-08-22 08:03:00,0.033602904988867976
2018-08-22 08:06:00,-0.05079218872413094
2018-08-22 08:09:00,-0.13897538011730148
2018-08-22 08:12:00,-0.06414234674019781
2018-08-22 08:15:00,-0.07875452719872555
2018-08-22 08:18:00,-0.16541203750506384
2018-08-22 08:21:00,-0.1567407403755965
2018-08-22 08:24:00,-0.09017316196889169
2018-08-22 08:27:00,-0.037480583010392365
2018-08-22 08:30:00,-0.21685665522272757
2018-08-22 08:33:00,-0.1256628568665974
2018-08-22 08:36:00,-0.2593286815003921
2018-08-22 08:39:00,-0.20189240266938668
2018-08-22 08:42:00,-0.2285497175187743
2018-08-22 08:45:00,-0.27037820095102916
2018-08-22 08:48:00,-0.28276069868718423
2018-08-22 08:51:00,-0.24469257804787503
2018-08-22 08:54:00,-0.24035894924952572
2018-08-22 08:57:00,-0.43098447198070744
2018-08-22 09:00:00,-0.25978248696708306
2018-08-22 09:03:00,-0.2591174271700538
2018-08-22 09:06:00,-0.3300686975088638
2018-08-22 09:09:00,-0.23598615631385655
2018-08-22 09:12:00,-0.2868835338421718
2018-08-22 09:15:00,-0.265723750662346
2018-08-22 09:18:00,-0.26557004361939107
2018-08-22 09:21:00,-0.2361995296591317
2018-08-22 09:24:00,-0.36370509349524127
2018-08-22 09:27:00,-0.359118563060008
2018-08-22 09:30:00,-0.2641233601364661
2018-08-22 09:33:00,-0.3469678721456262
2018-08-22 09:36:00,-0.38787042555009066
2018-08-22 09:39:00,-0.49399591155196276
2018-08-22 09:42:00,-0.3963289492313038
2018-08-22 09:45:00,-0.3827074846981873
2018-08-22 09:48:00,-0.389464980314699
2018-08-22 09:51:00,-0.5255632181950887
2018-08-22 09:54:00,-0.42469689277834277
2018-08-22 09:57:00,-0.39380460016394636
2018-08-22 10:00:00,-0.28000713979406555
2018-08-22 10:03:00,-0.4181228277398077
2018-08-22 10:06:00,-0.4511162643204898
2018-08-22 10:09:00,-0.4863751371661351
2018-08-22 10:12:00,-0.46123566737207966
2018-08-22 10:15:00,-0.5301536909192919
2018-08-22 10:18:00,-0.5007957162598018
2018-08-22 10:21:00,-0.4942138595861252
2018-08-22 10:24:00,-0.4275942045732677
2018-08-22 10:27:00,-0.44015969262022736
2018-08-22 10:30:00,-0.49250837124191094
2018-08-22 10:33:00,-0.3804672355486787
2018-08-22 10:36:00,-0.35765402768231525
2018-08-22 10:39:00,-0.47482474264444363
2018-08-22 10:42:00,-0.3699722609488276
2018-08-22 10:45:00,-0.464708152299977
2018-08-22 10:48:00,-0.4759365451208737
2018-08-22 10:51:00,-0.496994893562146
2018-08-22 10:54:00,-0.45746309830224163
2018-08-22 10:57:00,-0.3635111762531551
2018-08-22 11:00:00,-0.47534737440327035
2018-08-22 11:03:00,-0.42495476612111815
2018-08-22 11:06:00,-0.3870642932474766
2018-08-22 11:09:00,-0.32827653902501197
2018-08-22 11:12:00,-0.3710579129360667
2018-08-22 11:15:00,-0.41291680034834144
2018-08-22 11:18:00,-0.4128721314524455
2018-08-22 11:21:00,-0.5200971497144451
2018-08-22 11:24:00,-0.5499761353082135
2018-08-22 11:27:00,-0.5691931344130126
2018-08-22 11:30:00,-0.4991782402619833
2018-08-22 11:33:00,-0.5155312018189875
2018-08-22 11:36:00,-0.6042729281266475
2018-08-22 11:39:00,-0.6912231656256154
2018-08-22 11:42:00,-0.698520960932342
2018-08-22 11:45:00,-0.5762325678526281
2018-08-22 11:48:00,-0.640689953398919
2018-08-22 11:51:00,-0.6291334672789617
2018-08-22 11:54:00,-0.6078681345990162
2018-08-22 11:57:00,-0.6078019494987643
2018-08-22 12:00:00,-0.650798485502321
2018-08-22 12:03:00,-0.5480017860693351
2018-08-22 12:06:00,-0.616489454528903
2018-08-22 12:09:00,-0.5938274862797925
2018-08-22 12:12:00,-0.7313779160296576
2018-08-22 12:15:00,-0.6079646578184565
2018-08-22 12:18:00,-0.6424925088354598
2018-08-22 12:21:00,-0.6001935860583671
2018-08-22 12:24:00,-0.6371678815083328
2018-08-22 12:27:00,-0.6124925913805441
2018-08-22 12:30:00,-0.5879844252202133
2018-08-22 12:33:00,-0.7195897581372037
2018-08-22 12:36:00,-0.5897176481058182
2018-08-22 12:39:00,-0.6097591571729026
2018-08-22 12:42:00,-0.6648720189875803
2018-08-22 12:45:00,-0.4822068686394232
2018-08-22 12:48:00,-0.5989340329779793
2018-08-22 12:51:00,-0.5447744468081055
2018-08-22 12:54:00,-0.5617572558388702
2018-08-22 12:57:00,-0.5163325110849541
2018-08-22 13:00:00,-0.5336177870069037
2018-08-22 13:03:00,-0.6117125637800882
2018-08-22 13:06:00,-0.6291324715767246
2018-08-22 13:09:00,-0.4795853823667926
2018-08-22 13:12:00,-0.4057617423408715
2018-08-22 13:15:00,-0.4158140822795531
2018-08-22 13:18:00,-0.29770717794258417
2018-08-22 13:21:00,-0.36507770525878414
2018-08-22 13:24:00,-0.44342645056707397
2018-08-22 13:27:00,-0.30179451333413
2018-08-22 13:30:00,-0.2686813322890771
2018-08-22 13:33:00,-0.37717628727745023
2018-08-22 13:36:00,-0.4357885409642108
2018-08-22 13:39:00,-0.5259599347707535
2018-08-22 13:42:00,-0.5465008248630738
2018-08-22 13:45:00,-0.5379774863957323
2018-08-22 13:48:00,-0.5988648304400499
2018-08-22 13:51:00,-0.5861608324485132
2018-08-22 13:54:00,-0.6903037063785291
2018-08-22 13:57:00,-0.6201672757728147
2018-08-22 14:00:00,-0.5473679267992111
2018-08-22 14:03:00,-0.48691334649089413
2018-08-22 14:06:00,-0.5131544677433908
2018-08-22 14:09:00,-0.5241596351825137
2018-08-22 14:12:00,-0.5225996614917108
2018-08-22 14:15:00,-0.587985031292817
2018-08-22 14:18:00,-0.6587470206231956
2018-08-22 14:21:00,-0.5620806539107548
2018-08-22 14:24:00,-0.6033358089869125
2018-08-22 14:27:00,-0.5336084301935102
2018-08-22 14:30:00,-0.5198704315944269
2018-08-22 14:33:00,-0.5839053285463933
2018-08-22 14:36:00,-0.5466913155729003
2018-08-22 14:39:00,-0.6084399336430124
2018-08-22 14:42:00,-0.5155652145958811
2018-08-22 14:45:00,-0.564709435891757
2018-08-22 14:48:00,-0.5454179324614756
2018-08-22 14:51:00,-0.5356169167049529
2018-08-22 14:54:00,-0.5425283358571278
2018-08-22 14:57:00,-0.44509827577689975
2018-08-22 15:00:00,-0.6149621964443668
2018-08-22 15:03:00,-0.5217303785181571
2018-08-22 15:06:00,-0.571233068706249
2018-08-22 15:09:00,-0.48065448264298993
2018-08-22 15:12:00,-0.5326494033049016
2018-08-22 15:15:00,-0.6089315982228527
2018-08-22 15:18:00,-0.5889120317800121
2018-08-22 15:21:00,-0.5999410386210684
2018-08-22 15:24:00,-0.5726300548384415
2018-08-22 15:27:00,-0.6651664828823414
2018-08-22 15:30:00,-0.6684001339777979
2018-08-22 15:33:00,-0.5370434218745572
2018-08-22 15:36:00,-0.5716008702415252
2018-08-22 15:39:00,-0.6203086475745181
2018-08-22 15:42:00,-0.7580108970411743
2018-08-22 15:45:00,-0.6520526935918269
2018-08-22 15:48:00,-0.7285819744629976
2018-08-22 15:51:00,-0.6924092779225361
2018-08-22 15:54:00,-0.6609743295376234
2018-08-22 15:57:00,-0.6259377614676396
2018-08-22 16:00:00,-0.6891642063737322
2018-08-22 16:03:00,-0.6226590554039717
2018-08-22 16:06:00,-0.6140205028894457
2018-08-22 16:09:00,-0.6317328099457882
2018-08-22 16:12:00,-0.594121812741264
2018-08-22 16:15:00,-0.637966037284798
2018-08-22 16:18:00,-0.6194308770548673
2018-08-22 16:21:00,-0.5805632133603922
2018-08-22 16:24:00,-0.6203043944001365
2018-08-22 16:27:00,-0.6334240605963259
2018-08-22 16:30:00,-0.5487990166540158
2018-08-22 16:33:00,-0.699869435835808
2018-08-22 16:36:00,-0.6058108451207431
2018-08-22 16:39:00,-0.6721626390525444
2018-08-22 16:42:00,-0.6289608563963043
2018-08-22 16:45:00,-0.6602392615251915
2018-08-22 16:48:00,-0.659306124216414
2018-08-22 16:51:00,-0.6109226960339811
2018-08-22 16:54:00,-0.5078438890398047
2018-08-22 16:57:00,-0.6590541146178452
2018-08-22 17:00:00,-0.6858307058868718
2018-08-22 17:03:00,-0.5456338665928797
2018-08-22 17:06:00,-0.6380181923279338
2018-08-22 17:09:00,-0.638863036622638
2018-08-22 17:12:00,-0.621396304035386
2018-08-22 17:15:00,-0.5972042976797525
2018-08-22 17:18:00,-0.5528527957836218
2018-08-22 17:21:00,-0.5757196122958703
2018-08-22 17:24:00,-0.5896873667244336
2018-08-22 17:27:00,-0.5987751045474283
2018-08-22 17:30:00,-0.596617710863427
2018-08-22 17:33:00,-0.6495222201255615
2018-08-22 17:36:00,-0.576310350528729
2018-08-22 17:39:00,-0.4302955572708811
2018-08-22 17:42:00,-0.5656904039147435
2018-08-22 17:45:00,-0.4812971787573588
2018-08-22 17:48:00,-0.5452186942193862
2018-08-22 17:51:00,-0.4601435779682106
2018-08-22 17:54:00,-0.48096137460169075
2018-08-22 17:57:00,-0.5284093847721465
2018-08-22 18:00:00,-0.48577910819125236
2018-08-22 18:03:00,-0.5174203976794729
2018-08-22 18:06:00,-0.46683050597874853
2018-08-22 18:09:00,-0.5044316821864641
2018-08-22 18:12:00,-0.4975694051718733
2018-08-22 18:15:00,-0.44049842496895053
2018-08-22 18:18:00,-0.4331407507342533
2018-08-22 18:21:00,-0.5290753149762963
2018-08-22 18:24:00,-0.5021547505979242
2018-08-22 18:27:00,-0.47288782727946455
2018-08-22 18:30:00,-0.3143716958454661
2018-08-22 18:33:00,-0.419808534094841
2018-08-22 18:36:00,-0.378985327224882
2018-08-22 18:39:00,-0.3766694560675887
2018-08-22 18:42:00,-0.3869253459847073
2018-08-22 18:45:00,-0.46549359844010496
2018-08-22 18:48:00,-0.5170345755078074
2018-08-22 18:51:00,-0.45424368992502195
2018-08-22 18:54:00,-0.5149602672817082
2018-08-22 18:57:00,-0.43893905163918134
2018-08-22 19:00:00,-0.46954776653808494
2018-08-22 19:03:00,-0.42596840914859513
2018-08-22 19:06:00,-0.5145807479052564
2018-08-22 19:09:00,-0.4614926657180831
2018-08-22 19:12:00,-0.40144340380771837
2018-08-22 19:15:00,-0.3967501729661649
2018-08-22 19:18:00,-0.5319283455888808
2018-08-22 19:21:00,-0.4281041507385339
2018-08-22 19:24:00,-0.43765023367313916
2018-08-22 19:27:00,-0.3949318597519209
2018-08-22 19:30:00,-0.4417950272033977
2018-08-22 19:33:00,-0.4085570183135019
2018-08-22 19:36:00,-0.40174455916928764
2018-08-22 19:39:00,-0.35580383357682877
2018-08-22 19:42:00,-0.41720587709056645
2018-08-22 19:45:00,-0.39899634518650373
2018-08-22 19:48:00,-0.3431149234693862
2018-08-22 19:51:00,-0.32873226138997325
2018-08-22 19:54:00,-0.3590767877017811
2018-08-22 19:57:00,-0.36452308478538953
2018-08-22 20:00:00,-0.3137282217451798
2018-08-22 20:03:00,-0.3441627277296675
2018-08-22 20:06:00,-0.30312323941194563
2018-08-22 20:09:00,-0.2945633511472465
2018-08-22 20:12:00,-0.3283084648704744
2018-08-22 20:15:00,-0.33415482714110567
2018-08-22 20:18:00,-0.3365952256838227
2018-08-22 20:21:00,-0.2931115975983971
2018-08-22 20:24:00,-0.3161417879074975
2018-08-22 20:27:00,-0.3655277908926564
2018-08-22 20:30:00,-0.2735166761596588
2018-08-22 20:33:00,-0.3526787143002821
2018-08-22 20:36:00,-0.27822034344114854
2018-08-22 20:39:00,-0.27826852397453194
2018-08-22 20:42:00,-0.21775147570400577
2018-08-22 20:45:00,-0.2535740620054412
2018-08-22 20:48:00,-0.2605313816006287
2018-08-22 20:51:00,-0.2603497810953286
2018-08-22 20:54:00,-0.1965739277763987
2018-08-22 20:57:00,-0.1713506759988377
2018-08-22 21:00:00,-0.09726844597696527
2018-08-22 21:03:00,-0.13930300617005287
2018-08-22 21:06:00,-0.2668962405078332
2018-08-22 21:09:00,-0.09242411311885235
2018-08-22 21:12:00,-0.1259858266036531
2018-08-22 21:15:00,-0.1849971501499681
2018-08-22 21:18:00,-0.15065868343452848
2018-08-22 21:21:00,-0.22387832615538628
2018-08-22 21:24:00,-0.10663119448815905
2018-08-22 21:27:00,-0.10231761623327884
2018-08-22 21:30:00,-0.0966144743570112
2018-08-22 21:33:00,-0.07353603295086941
2018-08-22 21:36:00,-0.1309611457588744
2018-08-22 21:39:00,-0.15878796564163622
2018-08-22 21:42:00,-0.06168023930626987
2018-08-22 21:45:00,-0.09586314885592628
2018-08-22 21:48:00,-0.14442761636183832
2018-08-22 21:51:00,-0.09418118835043288
2018-08-22 21:54:00,-0.07865158395338767
2018-08-22 21:57:00,-0.03355015471350953
2018-08-22 22:00:00,-0.10413386797580415
2018-08-22 22:03:00,-0.04969168165564497
2018-08-22 22:06:00,-0.1463487479081209
2018-08-22 22:09:00,-0.15697275539639577
2018-08-22 22:12:00,-0.15566219097127032
2018-08-22 22:15:00,-0.11317414696566175
2018-08-22 22:18:00,-0.12648560446677948
2018-08-22 22:21:00,-0.26166444254158705
2018-08-22 22:24:00,-0.16053669551524763
2018-08-22 22:27:00,-0.2255487949946655
2018-08-22 22:30:00,-0.10981333502490997
2018-08-22 22:33:00,-0.12135291871669551
2018-08-22 22:36:00,-0.15435031718163827
2018-08-22 22:39:00,-0.17033610585502856
2018-08-22 22:42:00,-0.23200849406265434
2018-08-22 22:45:00,-0.26815566612549446
2018-08-22 22:48:00,-0.16372365881619544
2018-08-22 22:51:00,-0.15495348205894288
2018-08-22 22:54:00,-0.13925831891151574
2018-08-22 22:57:00,-0.18101388788102213
2018-08-22 23:00:00,0.030773561986279674
2018-08-22 23:03:00,-0.10611731703664873
2018-08-22 23:06:00,-0.0434959128419905
2018-08-22 23:09:00,-0.0037346607149970623
2018-08-22 23:12:00,0.007284895124428203
2018-08-22 23:15:00,-0.015612027870020029
2018-08-22 23:18:00,-0.1631290006524182
2018-08-22 23:21:00,-0.0949090334140692
2018-08-22 23:24:00,-0.010618092400818568
2018-08-22 23:27:00,-0.09381433989290144
2018-08-22 23:30:00,-0.09835737232180009
2018-08-22 23:33:00,-0.02042598612922575
2018-08-22 23:36:00,-0.0573198417431513
2018-08-22 23:39:00,-0.045486322111116806
2018-08-22 23:42:00,-0.11421996643457533
2018-08-22 23:45:00,-0.05825732778305337
2018-08-22 23:48:00,-0.10783991556161254
2018-08-22 23:51:00,-0.015147556323370281
2018-08-22 23:54:00,-0.034046756545251355
2018-08-22 23:57:00,-0.07334384411831252
2018-08-23 00:00:00,-0.08431052134341144
2018-08-23 00:03:00,-0.016328460998010996
2018-08-23 00:06:00,-0.15931939738976553
2018-08-23 00:09:00,-0.008716490482015615
2018-08-23 00:12:00,-0.055974613638113624
2018-08-23 00:15:00,-0.04395310763101179
2018-08-23 00:18:00,0.0023953462854251484
2018-08-23 00:21:00,-0.033928829983437936
2018-08-23 00:24:00,-0.10587450780263907
2018-08-23 00:27:00,-0.06541927958880933
2018-08-23 00:30:00,-0.09627586389234466
2018-08-23 00:33:00,-0.14940430745775757
2018-08-23 00:36:00,0.01803778260807576
2018-08-23 00:39:00,-0.060411878732168134
2018-08-23 00:42:00,0.050729135362757916
2018-08-23 00:45:00,0.10819453642625376
2018-08-23 00:48:00,0.0017759139984718786
2018-08-23 00:51:00,0.013119593723388334
2018-08-23 00:54:00,0.08268382377309536
2018-08-23 00:57:00,0.029436425574090208
2018-08-23 01:00:00,0.00021009533730875773
2018-08-23 01:03:00,-0.014243813553207474
2018-08-23 01:06:00,0.036162373143895366
2018-08-23 01:09:00,0.070128572541023
2018-08-23 01:12:00,-0.023085386616685355
2018-08-23 01:15:00,-0.019112221919101557
2018-08-23 01:18:00,-0.08842400807236572
2018-08-23 01:21:00,-0.06755819960574172
2018-08-23 01:24:00,-0.020019437220071268
2018-08-23 01:27:00,-0.003013149300556961
2018-08-23 01:30:00,0.010368420747113305
2018-08-23 01:33:00,0.014562009064491122
2018-08-23 01:36:00,-0.015417399895341077
2018-08-23 01:39:00,-0.0026979738274235388
2018-08-23 01:42:00,-0.0379431706898572
2018-08-23 01:45:00,0.04195471559955877
2018-08-23 01:48:00,0.04779916604411483
2018-08-23 01:51:00,-0.09938494510970486
2018-08-23 01:54:00,0.023885772488426937
2018-08-23 01:57:00,0.01573994203431539
2018-08-23 02:00:00,-0.020927457480183875
2018-08-23 02:03:00,0.010472515162575746
2018-08-23 02:06:00,0.021298562708977897
2018-08-23 02:09:00,0.0447754135571472
2018-08-23 02:12:00,-0.04315551731292544
2018-08-23 02:15:00,-0.011449566962198787
2018-08-23 02:18:00,0.09257549324422598
2018-08-23 02:21:00,0.030874804567531555
2018-08-23 02:24:00,0.1114408575489847
2018-08-23 02:27:00,0.12040600760866482
2018-08-23 02:30:00,0.008973570248372198
2018-08-23 02:33:00,0.11053654625374065
2018-08-23 02:36:00,0.0837719160266488
2018-08-23 02:39:00,-0.009959985181012598
2018-08-23 02:42:00,0.003300782478390829
2018-08-23 02:45:00,-0.010556763111878809
2018-08-23 02:48:00,-0.02041984491927451
2018-08-23 02:51:00,-0.022573981047230518
2018-08-23 02:54:00,0.019363817487885626
2018-08-23 02:57:00,0.07032424525067427
2018-08-23 03:00:00,-0.0141705126181364
2018-08-23 03:03:00,-0.04656733323054141
2018-08-23 03:06:00,-0.04486383131046523
2018-08-23 03:09:00,0.043338470291359954
2018-08-23 03:12:00,-0.06306296862936733
2018-08-23 03:15:00,0.020897008274516793
2018-08-23 03:18:00,-0.06201405030014939
2018-08-23 03:21:00,-0.05474146621196496
2018-08-23 03:24:00,-0.06146300027768348
2018-08-23 03:27:00,0.016702911722518365
2018-08-23 03:30:00,0.020972645851941252
2018-08-23 03:33:00,0.022532695587472062
2018-08-23 03:36:00,0.14784558819656013
2018-08-23 03:39:00,0.031134052712786797
2018-08-23 03:42:00,-0.044247225980029725
2018-08-23 03:45:00,0.03409380947067575
2018-08-23 03:48:00,0.07789086531522571
2018-08-23 03:51:00,0.04245720923188401
2018-08-23 03:54:00,0.03891747772945564
2018-08-23 03:57:00,0.0924713878208081
2018-08-23 04:00:00,0.07390131315020199
2018-08-23 04:03:00,0.12205931243164514
2018-08-23 04:06:00,0.12906855359022984
2018-08-23 04:09:00,0.15539309087154152
2018-08-23 04:12:00,0.1161244990294108
2018-08-23 04:15:00,0.0712824183876819
2018-08-23 04:18:00,0.07802622440345885
2018-08-23 04:21:00,0.14429693340315453
2018-08-23 04:24:00,0.13364628616915297
2018-08-23 04:27:00,0.1902478925275659
2018-08-23 04:30:00,0.15925349582795434
2018-08-23 04:33:00,0.1765841184954411
2018-08-23 04:36:00,0.17779525608875701
2018-08-23 04:39:00,0.15408879081337545
2018-08-23 04:42:00,0.13803209423912222
2018-08-23 04:45:00,0.11645893545886565
2018-08-23 04:48:00,0.15844507348373327
2018-08-23 04:51:00,0.15940314100799924
2018-08-23 04:54:00,0.18481053125685776
2018-08-23 04:57:00,0.12540923589801878
2018-08-23 05:00:00,0.13488278414092747
2018-08-23 05:03:00,0.14419324412358492
2018-08-23 05:06:00,0.04504575591272442
2018-08-23 05:09:00,0.07678754713487024
2018-08-23 05:12:00,0.10009453515078803
2018-08-23 05:15:00,0.14355552237475422
2018-08-23 05:18:00,0.24327027145199054
2018-08-23 05:21:00,0.18250183559604238
2018-08-23 05:24:00,0.17499317138714332
2018-08-23 05:27:00,0.19450724173293565
2018-08-23 05:30:00,0.17819278186459542
2018-08-23 05:33:00,0.11179195438398892
2018-08-23 05:36:00,0.22156155251053633
2018-08-23 05:39:00,0.23996521906690305
2018-08-23 05:42:00,0.21941954635934735
2018-08-23 05:45:00,0.14964761817401495
2018-08-23 05:48:00,0.20447045203070502
2018-08-23 05:51:00,0.20395658544453
2018-08-23 05:54:00,0.2520450890407915
2018-08-23 05:57:00,0.2656505782452996
2018-08-23 06:00:00,0.24188843892682144
2018-08-23 06:03:00,0.2507498396061578
2018-08-23 06:06:00,0.15977590610492598
2018-08-23 06:09:00,0.1950318602825405
2018-08-23 06:12:00,0.25919903122297683
2018-08-23 06:15:00,0.15773616820848702
2018-08-23 06:18:00,0.20986821971172276
2018-08-23 06:21:00,0.25068939079773145
2018-08-23 06:24:00,0.28545364440918775
2018-08-23 06:27:00,0.32954262262063594
2018-08-23 06:30:00,0.32118810670334597
2018-08-23 06:33:00,0.20982437269049115
2018-08-23 06:36:00,0.2943971315259546
2018-08-23 06:39:00,0.3134876304459908
2018-08-23 06:42:00,0.33551687636742145
2018-08-23 06:45:00,0.27426166588287515
2018-08-23 06:48:00,0.33837062227138404
2018-08-23 06:51:00,0.11760306783077112
2018-08-23 06:54:00,0.330259090620757
2018-08-23 06:57:00,0.2992411839040301
2018-08-23 07:00:00,0.2670579239301105
2018-08-23 07:03:00,0.30994652405922807
2018-08-23 07:06:00,0.2756601125369116
2018-08-23 07:09:00,0.29697743006249766
2018-08-23 07:12:00,0.3486106310839432
2018-08-23 07:15:00,0.3454058767929382
2018-08-23 07:18:00,0.262496240071016
2018-08-23 07:21:00,0.2075559633705666
2018-08-23 07:24:00,0.3008260397074878
2018-08-23 07:27:00,0.229808432544246
2018-08-23 07:30:00,0.25296555033548884
2018-08-23 07:33:00,0.316920125306126
2018-08-23 07:36:00,0.30528977392623347
2018-08-23 07:39:00,0.24966820916421284
2018-08-23 07:42:00,0.08809263720542049
2018-08-23 07:45:00,0.22756560145774074
2018-08-23 07:48:00,0.30541597166046586
2018-08-23 07:51:00,0.2969396613843287
2018-08-23 07:54:00,0.2635202294280816
2018-08-23 07:57:00,0.29203831946239234
2018-08-23 08:00:00,0.20473661587249126
2018-08-23 08:03:00,0.16801525787695937
2018-08-23 08:06:00,0.21214056448889096
2018-08-23 08:09:00,0.14032958258331973
2018-08-23 08:12:00,0.10382375456487125
2018-08-23 08:15:00,0.2847953720525993
2018-08-23 08:18:00,0.11321642126267761
2018-08-23 08:21:00,0.1303483713977016
2018-08-23 08:24:00,0.23259616343034395
2018-08-23 08:27:00,0.14068858488082014
2018-08-23 08:30:00,0.06429677686833202
2018-08-23 08:33:00,0.07054535012468932
2018-08-23 08:36:00,0.10613465554467894
2018-08-23 08:39:00,0.0654965074249958
2018-08-23 08:42:00,0.04043806945793449
2018-08-23 08:45:00,0.125763028413985
2018-08-23 08:48:00,0.12505150100713536
2018-08-23 08:51:00,-0.009308008466518913
2018-08-23 08:54:00,-0.04678154716765448
2018-08-23 08:57:00,-0.09634943451999334
2018-08-23 09:00:00,-0.11393139615944392
2018-08-23 09:03:00,-0.04826963131864659
2018-08-23 09:06:00,-0.03478358258553271
2018-08-23 09:09:00,-0.13108364819345297
2018-08-23 09:12:00,-0.18281001622909798
2018-08-23 09:15:00,-0.2689211625462349
2018-08-23 09:18:00,-0.1207122005095016
2018-08-23 09:21:00,-0.2570022865384658
2018-08-23 09:24:00,-0.17419180265989098
2018-08-23 09:27:00,-0.2101169898455737
2018-08-23 09:30:00,-0.22976444847580524
2018-08-23 09:33:00,-0.23567519867913234
2018-08-23 09:36:00,-0.3613271316472151
2018-08-23 09:39:00,-0.27696608853830185
2018-08-23 09:42:00,-0.3277035507534265
2018-08-23 09:45:00,-0.42038143528634464
2018-08-23 09:48:00,-0.3374385532510473
2018-08-23 09:51:00,-0.20344600162610504
2018-08-23 09:54:00,-0.305480894339496
2018-08-23 09:57:00,-0.30492857745042556
2018-08-23 10:00:00,-0.32566545658988844
2018-08-23 10:03:00,-0.35008083759868214
2018-08-23 10:06:00,-0.3544410261114308
2018-08-23 10:09:00,-0.4794913016939404
2018-08-23 10:12:00,-0.3838916502180041
2018-08-23 10:15:00,-0.4709745466945492
2018-08-23 10:18:00,-0.394311953927172
2018-08-23 10:21:00,-0.36935761103029563
2018-08-23 10:24:00,-0.4081554376938925
2018-08-23 10:27:00,-0.32603428630619646
2018-08-23 10:30:00,-0.4329247587981513
2018-08-23 10:33:00,-0.3264806082665359
2018-08-23 10:36:00,-0.4191077659901339
2018-08-23 10:39:00,-0.41898803129680573
2018-08-23 10:42:00,-0.3673393813946859
2018-08-23 10:45:00,-0.40615901086857775
2018-08-23 10:48:00,-0.5161072471250918
2018-08-23 10:51:00,-0.4535201811775096
2018-08-23 10:54:00,-0.4730224473015596
2018-08-23 10:57:00,-0.2996976309955244
2018-08-23 11:00:00,-0.45845179510547496
2018-08-23 11:03:00,-0.4404028548502197
2018-08-23 11:06:00,-0.4702759466389921
2018-08-23 11:09:00,-0.46577739760118675
2018-08-23 11:12:00,-0.4569157755218498
2018-08-23 11:15:00,-0.5389798368158836
2018-08-23 11:18:00,-0.4304206975368743
2018-08-23 11:21:00,-0.4812461049709782
2018-08-23 11:24:00,-0.5561636622931019
2018-08-23 11:27:00,-0.5998209757107702
2018-08-23 11:30:00,-0.6044692958935798
2018-08-23 11:33:00,-0.4618630221002036
2018-08-23 11:36:00,-0.5478499479248171
2018-08-23 11:39:00,-0.5153386158881403
2018-08-23 11:42:00,-0.41978315985539894
2018-08-23 11:45:00,-0.5432581077363352
2018-08-23 11:48:00,-0.5273154802118825
2018-08-23 11:51:00,-0.5422618834269883
2018-08-23 11:54:00,-0.6061735416365082
2018-08-23 11:57:00,-0.6197351711519445
2018-08-23 12:00:00,-0.5964403553591637
2018-08-23 12:03:00,-0.593871557249372
2018-08-23 12:06:00,-0.6263787145874176
2018-08-23 12:09:00,-0.5743698522794602
2018-08-23 12:12:00,-0.5401068047349895
2018-08-23 12:15:00,-0.682084816516749
2018-08-23 12:18:00,-0.5751889245975121
2018-08-23 12:21:00,-0.6244568520111784
2018-08-23 12:24:00,-0.5516992265521026
2018-08-23 12:27:00,-0.5349034093457021
2018-08-23 12:30:00,-0.5694668946002821
2018-08-23 12:33:00,-0.534016495169908
2018-08-23 12:36:00,-0.521783157585503
2018-08-23 12:39:00,-0.6814771321745638
2018-08-23 12:42:00,-0.6340235051339391
2018-08-23 12:45:00,-0.6103341347339892
2018-08-23 12:48:00,-0.5328996024759363
2018-08-23 12:51:00,-0.6442703710505953
2018-08-23 12:54:00,-0.6381122773522634
2018-08-23 12:57:00,-0.5472376465944535
2018-08-23 13:00:00,-0.6226234675664273
2018-08-23 13:03:00,-0.586709884827485
2018-08-23 13:06:00,-0.6713218291747012
2018-08-23 13:09:00,-0.6872163107958045
2018-08-23 13:12:00,-0.5668238726380537
2018-08-23 13:15:00,-0.48595760392475995
2018-08-23 13:18:00,-0.5823414911069449
2018-08-23 13:21:00,-0.6444867795873392
2018-08-23 13:24:00,-0.5587993225407217
2018-08-23 13:27:00,-0.6011393973708437
2018-08-23 13:30:00,-0.5380719272092733
2018-08-23 13:33:00,-0.6733157565875558
2018-08-23 13:36:00,-0.6430243628051358
2018-08-23 13:39:00,-0.6586262412954511
2018-08-23 13:42:00,-0.6455313190007814
2018-08-23 13:45:00,-0.6746262775255332
2018-08-23 13:48:00,-0.648022401856224
2018-08-23 13:51:00,-0.6014069509192268
2018-08-23 13:54:00,-0.6531039260229932
2018-08-23 13:57:00,-0.6978565061578479
2018-08-23 14:00:00,-0.5913790370053675
2018-08-23 14:03:00,-0.5722392276688879
2018-08-23 14:06:00,-0.7936581750745404
2018-08-23 14:09:00,-0.620708806501284
2018-08-23 14:12:00,-0.5639415247995316
2018-08-23 14:15:00,-0.4427726784102788
2018-08-23 14:18:00,-0.5271091358653734
2018-08-23 14:21:00,-0.4686168845320253
2018-08-23 14:24:00,-0.3660037695080973
2018-08-23 14:27:00,-0.3918748664362397
2018-08-23 14:30:00,-0.44177169932208926
2018-08-23 14:33:00,-0.5363006000090422
2018-08-23 14:36:00,-0.5376033928455399
2018-08-23 14:39:00,-0.596243360726362
2018-08-23 14:42:00,-0.4915234321891262
2018-08-23 14:45:00,-0.36327534314148124
2018-08-23 14:48:00,-0.45818298854356954
2018-08-23 14:51:00,-0.27754938178918565
2018-08-23 14:54:00,-0.1774942809914819
2018-08-23 14:57:00,-0.512904601033938
2018-08-23 15:00:00,-0.524558198996715
2018-08-23 15:03:00,-0.3672731154235862
2018-08-23 15:06:00,-0.3826067448118806
2018-08-23 15:09:00,-0.5362558573621641
2018-08-23 15:12:00,-0.6870169909734045
2018-08-23 15:15:00,-0.6741821724558577
2018-08-23 15:18:00,-0.6466828214368547
2018-08-23 15:21:00,-0.6654298424376179
2018-08-23 15:24:00,-0.6209747854671264
2018-08-23 15:27:00,-0.5208931341201719
2018-08-23 15:30:00,-0.6819498412233429
2018-08-23 15:33:00,-0.4713974817613007
2018-08-23 15:36:00,-0.5294267820907521
2018-08-23 15:39:00,-0.5176176150355332
2018-08-23 15:42:00,-0.45118321249327664
2018-08-23 15:45:00,-0.5820829780766417
2018-08-23 15:48:00,-0.6012394492116186
2018-08-23 15:51:00,-0.5273555662860758
2018-08-23 15:54:00,-0.5953279009794983
2018-08-23 15:57:00,-0.744154627188891
2018-08-23 16:00:00,-0.6115437516846782
2018-08-23 16:03:00,-0.5325996534027695
2018-08-23 16:06:00,-0.5467329262708631
2018-08-23 16:09:00,-0.6024981287093851
2018-08-23 16:12:00,
2018-08-23 16:15:00,-0.5712739134706908
2018-08-23 16:18:00,-0.6475745990092037
2018-08-23 16:21:00,-0.6321614026260249
2018-08-23 16:24:00,-0.5322195882862957
2018-08-23 16:27:00,-0.5729190378477256
2018-08-23 16:30:00,-0.6223539042825905
2018-08-23 16:33:00,-0.6522916029420571
2018-08-23 16:36:00,-0.688991435280002
2018-08-23 16:39:00,-0.7032276515083709
2018-08-23 16:42:00,-0.7141808716011724
2018-08-23 16:45:00,-0.6644844417171498
2018-08-23 16:48:00,-0.5996506867404037
2018-08-23 16:51:00,-0.6470222379946335
2018-08-23 16:54:00,-0.7105507213931332
2018-08-23 16:57:00,-0.6027531776456385
2018-08-23 17:00:00,-0.6540394676585493
2018-08-23 17:03:00,-0.5367782782568042
2018-08-23 17:06:00,-0.48902400408098856
2018-08-23 17:09:00,-0.5530533489632035
2018-08-23 17:12:00,-0.4672317938173478
2018-08-23 17:15:00,-0.5613801029228398
2018-08-23 17:18:00,-0.5383486154856314
2018-08-23 17:21:00,-0.560131750874973
2018-08-23 17:24:00,-0.5923113907256266
2018-08-23 17:27:00,-0.46262964283261
2018-08-23 17:30:00,-0.4904856672038136
2018-08-23 17:33:00,-0.4947490746060339
2018-08-23 17:36:00,-0.5753168017485564
2018-08-23 17:39:00,-0.3908854013194514
2018-08-23 17:42:00,-0.5186330884022254
2018-08-23 17:45:00,-0.4418477590836005
2018-08-23 17:48:00,-0.48188569873525466
2018-08-23 17:51:00,-0.4301512028431489
2018-08-23 17:54:00,-0.3915909710790402
2018-08-23 17:57:00,-0.3682476148744058
2018-08-23 18:00:00,-0.3629127956780849
2018-08-23 18:03:00,-0.3065813906115977
2018-08-23 18:06:00,-0.412558928383703
2018-08-23 18:09:00,-0.38217040255966594
2018-08-23 18:12:00,-0.3341228778539289
2018-08-23 18:15:00,-0.34830947832585935
2018-08-23 18:18:00,-0.39148277349482896
2018-08-23 18:21:00,-0.23964952226208425
2018-08-23 18:24:00,-0.3589849578067401
2018-08-23 18:27:00,-0.3139794768557067
2018-08-23 18:30:00,-0.22245042867103848
2018-08-23 18:33:00,-0.27438290780702346
2018-08-23 18:36:00,-0.2598154843931866
2018-08-23 18:39:00,-0.2669001617817912
2018-08-23 18:42:00,-0.22464477691090678
2018-08-23 18:45:00,-0.17734812922265064
2018-08-23 18:48:00,-0.12789489694370104
2018-08-23 18:51:00,-0.15663040181158294
2018-08-23 18:54:00,-0.2285002311461426
2018-08-23 18:57:00,
2018-08-23 19:00:00,
2018-08-23 19:03:00,-0.17556332095398375
2018-08-23 19:06:00,-0.28309827060746784
2018-08-23 19:09:00,-0.22229774796028323
2018-08-23 19:12:00,-0.13190478825583796
2018-08-23 19:15:00,-0.17456648925440277
2018-08-23 19:18:00,-0.15742217604952202
2018-08-23 19:21:00,-0.1453642783178566
2018-08-23 19:24:00,-0.08672565099629992
2018-08-23 19:27:00,-0.21975557640894294
2018-08-23 19:30:00,-0.1103049862101102
2018-08-23 19:33:00,-0.15599189645041633
2018-08-23 19:36:00,-0.1034842831782612
2018-08-23 19:39:00,-0.12529745021896588
2018-08-23 19:42:00,-0.08750279730998045
2018-08-23 19:45:00,-0.12449857577752255
2018-08-23 19:48:00,-0.08508094969243984
2018-08-23 19:51:00,-0.04932268379343441
2018-08-23 19:54:00,-0.16635590995042548
2018-08-23 19:57:00,-0.09305931576005833
2018-08-23 20:00:00,-0.23879087636026952
2018-08-23 20:03:00,-0.07726746591026767
2018-08-23 20:06:00,-0.10271779120546398
2018-08-23 20:09:00,-0.1396886360280405
2018-08-23 20:12:00,-0.18893848395651958
2018-08-23 20:15:00,-0.18411741374052326
2018-08-23 20:18:00,-0.08468212015327481
2018-08-23 20:21:00,-0.06070278449857369
2018-08-23 20:24:00,-0.04841446826731044
2018-08-23 20:27:00,-0.12158122294738405
2018-08-23 20:30:00,-0.1926688619852257
2018-08-23 20:33:00,-0.08958299833005867
2018-08-23 20:36:00,-0.11217385668140878
2018-08-23 20:39:00,-0.08533234438078807
2018-08-23 20:42:00,-0.08998517601861522
2018-08-23 20:45:00,-0.054299943820012686
2018-08-23 20:48:00,-0.04671492123554799
2018-08-23 20:51:00,-0.12377610821573626
2018-08-23 20:54:00,-0.10306159379280189
2018-08-23 20:57:00,-0.11938611890457196
2018-08-23 21:00:00,-0.07033329589711457
2018-08-23 21:03:00,-0.08447745911126958
2018-08-23 21:06:00,-0.1103193812725749
2018-08-23 21:09:00,-0.06438478575171303
2018-08-23 21:12:00,-0.11250162202935599
2018-08-23 21:15:00,0.04956679534512887
2018-08-23 21:18:00,-0.07715948995621602
2018-08-23 21:21:00,0.025889390018392078
2018-08-23 21:24:00,0.02337881435806821
2018-08-23 21:27:00,0.03780112338705521
2018-08-23 21:30:00,-0.006654594318490581
2018-08-23 21:33:00,-0.012919542618362811
2018-08-23 21:36:00,0.06005929412430078
2018-08-23 21:39:00,-0.015080338998188836
2018-08-23 21:42:00,-0.007705820262344787
2018-08-23 21:45:00,-0.1238450081452811
2018-08-23 21:48:00,-0.1434101361149942
2018-08-23 21:51:00,-0.04099616871917533
2018-08-23 21:54:00,-0.09295644407609416
2018-08-23 21:57:00,-0.10151946996421657
2018-08-23 22:00:00,-0.14627855634137177
2018-08-23 22:03:00,0.0025588427379830136
2018-08-23 22:06:00,-0.13109304787968767
2018-08-23 22:09:00,-0.09216474704328448
2018-08-23 22:12:00,-0.11186669766254909
2018-08-23 22:15:00,-0.013484894169323525
2018-08-23 22:18:00,-0.0674326394529885
2018-08-23 22:21:00,-0.08355851105176271
2018-08-23 22:24:00,-0.008167516949526998
2018-08-23 22:27:00,-0.051637161486382865
2018-08-23 22:30:00,-0.05773833746280843
2018-08-23 22:33:00,-0.06903978403732935
2018-08-23 22:36:00,-0.03805899911623101
2018-08-23 22:39:00,-0.03081341149305672
2018-08-23 22:42:00,0.029580046229000345
2018-08-23 22:45:00,0.11792621210543075
2018-08-23 22:48:00,0.1940114024503714
2018-08-23 22:51:00,0.23448617114434
2018-08-23 22:54:00,0.39914661600516865
2018-08-23 22:57:00,0.3084176600978026
2018-08-23 23:00:00,0.15674364084361514
2018-08-23 23:03:00,0.1418582205905068
2018-08-23 23:06:00,0.04880469793613429
2018-08-23 23:09:00,0.05164000651319611
2018-08-23 23:12:00,0.1435558765978726
2018-08-23 23:15:00,0.13565981676822503
2018-08-23 23:18:00,0.03765880853876524
2018-08-23 23:21:00,0.1657185093050657
2018-08-23 23:24:00,0.25323527961580794
2018-08-23 23:27:00,0.3001228817498145
2018-08-23 23:30:00,0.3671733998236846
2018-08-23 23:33:00,0.3980117532028089
2018-08-23 23:36:00,0.3684477204857899
2018-08-23 23:39:00,0.40770855647389226
2018-08-23 23:42:00,0.4731636138633917
2018-08-23 23:45:00,0.39207322822693413
2018-08-23 23:48:00,0.31557282171189627
2018-08-23 23:51:00,0.284326243399903
2018-08-23 23:54:00,0.33458201154724065
2018-08-23 23:57:00,0.2919993935142884
2018-08-24 00:00:00,0.2084756861725623
2018-08-24 00:03:00,0.18340446632851126
2018-08-24 00:06:00,0.213564900770848
2018-08-24 00:09:00,0.19965240019820385
2018-08-24 00:12:00,0.23945366281355973
2018-08-24 00:15:00,0.20601391367443966
2018-08-24 00:18:00,0.11540563103704926
2018-08-24 00:21:00,0.21649672107383822
2018-08-24 00:24:00,0.2845385723206846
2018-08-24 00:27:00,0.21961246054974026
2018-08-24 00:30:00,0.17462484494564023
2018-08-24 00:33:00,0.23034903932415318
2018-08-24 00:36:00,0.12506818012332133
2018-08-24 00:39:00,0.33080836233500577
2018-08-24 00:42:00,0.20832303675558705
2018-08-24 00:45:00,0.21126386107818007
2018-08-24 00:48:00,0.17334402758393708
2018-08-24 00:51:00,0.21923030903286644
2018-08-24 00:54:00,0.16407672092003622
2018-08-24 00:57:00,0.3155142038855274
2018-08-24 01:00:00,0.21131649621406723
2018-08-24 01:03:00,0.12533032514511433
2018-08-24 01:06:00,0.16270407423701272
2018-08-24 01:09:00,0.188321266313892
2018-08-24 01:12:00,0.20311214107636033
2018-08-24 01:15:00,0.15703464932704492
2018-08-24 01:18:00,0.23925262740414155
2018-08-24 01:21:00,0.137781406014426
2018-08-24 01:24:00,0.2506987452244971
2018-08-24 01:27:00,0.2743859775818578
2018-08-24 01:30:00,0.22718873441175447
2018-08-24 01:33:00,0.1521628950033005
2018-08-24 01:36:00,0.13706004312786035
2018-08-24 01:39:00,0.12447919749882885
2018-08-24 01:42:00,0.23139719665925895
2018-08-24 01:45:00,0.1844625151960031
2018-08-24 01:48:00,0.15128417072452294
2018-08-24 01:51:00,0.1705233111878215
2018-08-24 01:54:00,0.23069071490084525
2018-08-24 01:57:00,0.19611986082730937
2018-08-24 02:00:00,0.1062176678382798
2018-08-24 02:03:00,0.142888089574285
2018-08-24 02:06:00,0.11948670118175642
2018-08-24 02:09:00,0.18250041490466629
2018-08-24 02:12:00,0.30046064256924865
2018-08-24 02:15:00,0.26054537580989745
2018-08-24 02:18:00,0.4073543827069557
2018-08-24 02:21:00,0.2710080779444297
2018-08-24 02:24:00,0.2713989970074522
2018-08-24 02:27:00,0.33219386559744635
2018-08-24 02:30:00,0.2761294758620352
2018-08-24 02:33:00,0.2998090695754172
2018-08-24 02:36:00,0.28916363062108985
2018-08-24 02:39:00,0.4362236709167746
2018-08-24 02:42:00,0.3726564440904099
2018-08-24 02:45:00,0.3034000835625079
2018-08-24 02:48:00,0.3135704457058637
2018-08-24 02:51:00,0.30282544831504765
2018-08-24 02:54:00,0.28873794432900013
2018-08-24 02:57:00,0.28059054046639176
2018-08-24 03:00:00,0.25778179176029425
2018-08-24 03:03:00,0.2526231979552449
2018-08-24 03:06:00,0.2477663426586787
2018-08-24 03:09:00,0.2317728608280163
2018-08-24 03:12:00,0.2358787112190157
2018-08-24 03:15:00,0.27208649567626253
2018-08-24 03:18:00,0.2356950484133904
2018-08-24 03:21:00,0.2029129301777175
2018-08-24 03:24:00,0.1689243454836742
2018-08-24 03:27:00,0.22391655162931556
2018-08-24 03:30:00,0.2344988609519305
2018-08-24 03:33:00,0.2438305002339689
2018-08-24 03:36:00,0.2645677732664353
2018-08-24 03:39:00,0.2622240267348843
2018-08-24 03:42:00,0.2541660660661478
2018-08-24 03:45:00,0.21761692795041654
2018-08-24 03:48:00,0.39788497705399095
2018-08-24 03:51:00,0.2776492061384488
2018-08-24 03:54:00,0.29796064192191807
2018-08-24 03:57:00,0.29532352173959
2018-08-24 04:00:00,0.35579826194481257
2018-08-24 04:03:00,0.42537967565522194
2018-08-24 04:06:00,0.33464172653856394
2018-08-24 04:09:00,0.3225971871848401
2018-08-24 04:12:00,0.3834850460128223
2018-08-24 04:15:00,0.4225774209398878
2018-08-24 04:18:00,0.2846232303736542
2018-08-24 04:21:00,0.25754846306432455
2018-08-24 04:24:00,0.33259305407932516
2018-08-24 04:27:00,0.21620062568814546
2018-08-24 04:30:00,0.22766712457234917
2018-08-24 04:33:00,0.2559250272078657
2018-08-24 04:36:00,0.29823237274098346
2018-08-24 04:39:00,0.2026252254519818
2018-08-24 04:42:00,0.19987817814796927
2018-08-24 04:45:00,0.22701632890010615
2018-08-24 04:48:00,0.27140400353545147
2018-08-24 04:51:00,0.25333840117417594
2018-08-24 04:54:00,0.28939898875694325
2018-08-24 04:57:00,0.3493851077736281
2018-08-24 05:00:00,0.37513444079615965
2018-08-24 05:03:00,0.3953911586106642
2018-08-24 05:06:00,0.30168002067421185
2018-08-24 05:09:00,0.30050673338240586
2018-08-24 05:12:00,0.36119638373907037
2018-08-24 05:15:00,0.3932626668124044
2018-08-24 05:18:00,0.3399157559261994
2018-08-24 05:21:00,0.3231839362267124
2018-08-24 05:24:00,0.3338809433071219
2018-08-24 05:27:00,0.3127457301679897
2018-08-24 05:30:00,0.4028243009166772
2018-08-24 05:33:00,0.3290085689949933
2018-08-24 05:36:00,0.369444561095122
2018-08-24 05:39:00,0.3670767672259103
2018-08-24 05:42:00,0.3592163612504464
2018-08-24 05:45:00,0.2523405332298694
2018-08-24 05:48:00,0.30977699649923807
2018-08-24 05:51:00,0.30906929526980775
2018-08-24 05:54:00,0.34120228297319954
2018-08-24 05:57:00,0.2773037732951593
2018-08-24 06:00:00,0.3134413334144597
2018-08-24 06:03:00,0.4553867164498797
2018-08-24 06:06:00,0.4617352101277561
2018-08-24 06:09:00,0.3359692310492619
2018-08-24 06:12:00,0.3938982465950289
2018-08-24 06:15:00,0.3731159690570962
2018-08-24 06:18:00,0.48483332012835945
2018-08-24 06:21:00,0.4296762854944518
2018-08-24 06:24:00,0.5180533504679374
2018-08-24 06:27:00,0.4699543016201915
2018-08-24 06:30:00,0.4015502741664818
2018-08-24 06:33:00,0.3564744056715199
2018-08-24 06:36:00,0.37973930680755075
2018-08-24 06:39:00,0.4571763575085015
2018-08-24 06:42:00,0.40828622041141216
2018-08-24 06:45:00,0.5238268965935617
2018-08-24 06:48:00,0.47536510995951176
2018-08-24 06:51:00,0.4636535640674424
2018-08-24 06:54:00,0.4283426996849471
2018-08-24 06:57:00,0.45026834134273486
2018-08-24 07:00:00,0.441539491065555
2018-08-24 07:03:00,0.42272999157688673
2018-08-24 07:06:00,0.5044488168919088
2018-08-24 07:09:00,0.4581214112102998
2018-08-24 07:12:00,0.4311892319597632
2018-08-24 07:15:00,0.5315808192490294
2018-08-24 07:18:00,0.39153253269773813
2018-08-24 07:21:00,0.45237007862340306
2018-08-24 07:24:00,0.45495335946026216
2018-08-24 07:27:00,0.548174189970382
2018-08-24 07:30:00,0.4628980043299862
2018-08-24 07:33:00,0.5374540253107511
2018-08-24 07:36:00,0.5081442300771641
2018-08-24 07:39:00,0.5158841494256308
2018-08-24 07:42:00,0.44382288349584087
2018-08-24 07:45:00,0.5041017207132086
2018-08-24 07:48:00,0.380804464388973
2018-08-24 07:51:00,0.44606856849497944
2018-08-24 07:54:00,0.4732161019115324
2018-08-24 07:57:00,0.3907231184381885
2018-08-24 08:00:00,0.3996177526108795
2018-08-24 08:03:00,0.4790289383740287
2018-08-24 08:06:00,0.42122565210632956
2018-08-24 08:09:00,0.43585408282399385
2018-08-24 08:12:00,0.4096018650838005
2018-08-24 08:15:00,0.3593656605683577
2018-08-24 08:18:00,0.3300716048408958
2018-08-24 08:21:00,0.3793679449234446
2018-08-24 08:24:00,0.3563144217977765
2018-08-24 08:27:00,0.27146586618141555
2018-08-24 08:30:00,0.35490611998505983
2018-08-24 08:33:00,0.3128517550189258
2018-08-24 08:36:00,0.3856013903763369
2018-08-24 08:39:00,0.4286969118676893
2018-08-24 08:42:00,0.3509383165979898
2018-08-24 08:45:00,0.36806971193556137
2018-08-24 08:48:00,0.34459359243970766
2018-08-24 08:51:00,0.24455738066109234
2018-08-24 08:54:00,0.331121845065411
2018-08-24 08:57:00,0.39187430340120954
2018-08-24 09:00:00,0.2915621691952879
2018-08-24 09:03:00,0.20196331446220483
2018-08-24 09:06:00,0.27946465526889597
2018-08-24 09:09:00,0.2784537105407594
2018-08-24 09:12:00,0.23545759108270659
2018-08-24 09:15:00,0.2579191260184075
2018-08-24 09:18:00,0.2982530822891363
2018-08-24 09:21:00,0.24028416098519756
2018-08-24 09:24:00,0.2486116970071066
2018-08-24 09:27:00,0.33810227474134535
2018-08-24 09:30:00,0.16966956632205665
2018-08-24 09:33:00,0.21914943236345152
2018-08-24 09:36:00,0.18602461990548136
2018-08-24 09:39:00,0.09932590162611632
2018-08-24 09:42:00,0.1450085778394623
2018-08-24 09:45:00,0.2854750142420812
2018-08-24 09:48:00,0.126404487097318
2018-08-24 09:51:00,0.0912873045679703
2018-08-24 09:54:00,0.08281184754224569
2018-08-24 09:57:00,0.128920616596929
2018-08-24 10:00:00,0.13722424745327544
2018-08-24 10:03:00,0.17172698074926984
2018-08-24 10:06:00,0.07300937442357736
2018-08-24 10:09:00,0.21218738455337416
2018-08-24 10:12:00,0.07125397303605041
2018-08-24 10:15:00,0.021986847224241046
2018-08-24 10:18:00,0.03487693206534459
2018-08-24 10:21:00,0.08061162409438793
2018-08-24 10:24:00,0.08762061179635339
2018-08-24 10:27:00,0.08623872446361247
2018-08-24 10:30:00,0.0390550753061234
2018-08-24 10:33:00,-0.013533070079517984
2018-08-24 10:36:00,-0.0246900492169857
2018-08-24 10:39:00,0.05244649478140673
2018-08-24 10:42:00,-0.08998762600310783
2018-08-24 10:45:00,-0.033491376657877936
2018-08-24 10:48:00,-0.12564589180720986
2018-08-24 10:51:00,-0.016592235396217347
2018-08-24 10:54:00,-0.11217428504926374
2018-08-24 10:57:00,-0.1497466339693574
2018-08-24 11:00:00,-0.13123512681232796
2018-08-24 11:03:00,-0.16248479413008
2018-08-24 11:06:00,-0.19968889669490864
2018-08-24 11:09:00,-0.23461308239603795
2018-08-24 11:12:00,-0.15988888573258464
2018-08-24 11:15:00,-0.22649707126936391
2018-08-24 11:18:00,-0.22072705481696175
2018-08-24 11:21:00,-0.3205837015927955
2018-08-24 11:24:00,-0.3344105047237349
2018-08-24 11:27:00,-0.3616165642883402
2018-08-24 11:30:00,-0.4270999074253723
2018-08-24 11:33:00,-0.36708620620510146
2018-08-24 11:36:00,-0.31546505475472486
2018-08-24 11:39:00,-0.3967025148622838
2018-08-24 11:42:00,-0.4085107704823372
2018-08-24 11:45:00,-0.28428484567541545
2018-08-24 11:48:00,-0.48826540734177115
2018-08-24 11:51:00,-0.44306457589073034
2018-08-24 11:54:00,-0.39631184243114603
2018-08-24 11:57:00,-0.42854975221564473
2018-08-24 12:00:00,-0.6092990753206209
2018-08-24 12:03:00,-0.3585015223790151
2018-08-24 12:06:00,-0.4573896953218082
2018-08-24 12:09:00,-0.49391069767756335
2018-08-24 12:12:00,-0.5383161672007759
2018-08-24 12:15:00,-0.4885551767898164
2018-08-24 12:18:00,-0.4517817235824282
2018-08-24 12:21:00,-0.4258313768675066
2018-08-24 12:24:00,-0.4194262098833974
2018-08-24 12:27:00,-0.42064084724961504
2018-08-24 12:30:00,-0.5044327003531066
2018-08-24 12:33:00,-0.51518245728181
2018-08-24 12:36:00,-0.5369866224844486
2018-08-24 12:39:00,-0.5105619252795464
2018-08-24 12:42:00,-0.4764269757858983
2018-08-24 12:45:00,-0.5352361588821282
2018-08-24 12:48:00,-0.4715106775985305
2018-08-24 12:51:00,-0.49442746946897387
2018-08-24 12:54:00,-0.5239081923666618
2018-08-24 12:57:00,-0.5255023815254845
2018-08-24 13:00:00,-0.5549929040528809
2018-08-24 13:03:00,-0.5123586297557381
2018-08-24 13:06:00,-0.4959189370387094
2018-08-24 13:09:00,-0.522921691257693
2018-08-24 13:12:00,-0.5213088749660528
2018-08-24 13:15:00,-0.5207544282794743
2018-08-24 13:18:00,-0.43969097027655835
2018-08-24 13:21:00,-0.5225194424024835
2018-08-24 13:24:00,-0.5950180951995776
2018-08-24 13:27:00,-0.4907785082492069
2018-08-24 13:30:00,-0.5481873963434509
2018-08-24 13:33:00,-0.5267042299671516
2018-08-24 13:36:00,-0.5490549314765758
2018-08-24 13:39:00,-0.5526121855875772
2018-08-24 13:42:00,-0.5286860007979044
2018-08-24 13:45:00,-0.525014477399111
2018-08-24 13:48:00,-0.6264415563920238
2018-08-24 13:51:00,-0.627260905249102
2018-08-24 13:54:00,-0.5762745265890317
2018-08-24 13:57:00,-0.7371619191998775
2018-08-24 14:00:00,-0.6561657090354629
2018-08-24 14:03:00,-0.6113805004712844
2018-08-24 14:06:00,-0.6771778367736943
2018-08-24 14:09:00,-0.4712637982640331
2018-08-24 14:12:00,-0.5798302810753739
2018-08-24 14:15:00,-0.49932407178016547
2018-08-24 14:18:00,-0.49851665405367385
2018-08-24 14:21:00,-0.5535770550508232
2018-08-24 14:24:00,-0.4977144032523597
2018-08-24 14:27:00,-0.587670880177086
2018-08-24 14:30:00,-0.5926099340941846
2018-08-24 14:33:00,-0.5114143296448219
2018-08-24 14:36:00,-0.6325768167895376
2018-08-24 14:39:00,-0.5107174121427533
2018-08-24 14:42:00,-0.4748587848379202
2018-08-24 14:45:00,-0.561685756475697
2018-08-24 14:48:00,-0.5213296109757266
2018-08-24 14:51:00,-0.5474520475770532
2018-08-24 14:54:00,-0.47327614935937845
2018-08-24 14:57:00,-0.4146613406218762
2018-08-24 15:00:00,-0.5171225673992126
2018-08-24 15:03:00,-0.43968462213354087
2018-08-24 15:06:00,-0.46558364235971794
2018-08-24 15:09:00,-0.44782096820057404
2018-08-24 15:12:00,-0.5586185781736503
2018-08-24 15:15:00,-0.4596966621378442
2018-08-24 15:18:00,-0.5172137084134079
2018-08-24 15:21:00,-0.5751196523189606
2018-08-24 15:24:00,-0.43381649125529975
2018-08-24 15:27:00,-0.41511479073903956
2018-08-24 15:30:00,-0.5017112109928803
2018-08-24 15:33:00,-0.5198883283450186
2018-08-24 15:36:00,-0.5363165715912714
2018-08-24 15:39:00,-0.6202844236520946
2018-08-24 15:42:00,-0.5067486531995087
2018-08-24 15:45:00,-0.5659569321415461
2018-08-24 15:48:00,-0.48655690970218757
2018-08-24 15:51:00,-0.5480118906071993
2018-08-24 15:54:00,-0.4384893697529719
2018-08-24 15:57:00,-0.4584146599961514
2018-08-24 16:00:00,-0.45960156460819235
2018-08-24 16:03:00,-0.4958241006613662
2018-08-24 16:06:00,-0.5448338292463859
2018-08-24 16:09:00,-0.49486669086644497
2018-08-24 16:12:00,-0.5001794322743081
2018-08-24 16:15:00,-0.46367764204120476
2018-08-24 16:18:00,-0.6181703841001536
2018-08-24 16:21:00,-0.3904354502449223
2018-08-24 16:24:00,-0.4759643322049101
2018-08-24 16:27:00,-0.5151336359448919
2018-08-24 16:30:00,-0.4252982944595942
2018-08-24 16:33:00,-0.47972739153146904
2018-08-24 16:36:00,-0.48210558299473405
2018-08-24 16:39:00,-0.4812721826875759
2018-08-24 16:42:00,-0.5018616104015337
2018-08-24 16:45:00,-0.4620040424504168
2018-08-24 16:48:00,-0.4731964945223126
2018-08-24 16:51:00,-0.4500698058384387
2018-08-24 16:54:00,-0.4839957113202331
2018-08-24 16:57:00,-0.5211925266577282
2018-08-24 17:00:00,-0.5529829709092837
2018-08-24 17:03:00,-0.5385897648173454
2018-08-24 17:06:00,-0.5003592261622316
2018-08-24 17:09:00,-0.45097000595791314
2018-08-24 17:12:00,-0.5392502945020397
2018-08-24 17:15:00,-0.5646020580611548
2018-08-24 17:18:00,-0.42434637762204375
2018-08-24 17:21:00,-0.5802104058374766
2018-08-24 17:24:00,-0.5480586692818292
2018-08-24 17:27:00,-0.5326882448011929
2018-08-24 17:30:00,-0.4787550893603907
2018-08-24 17:33:00,-0.42527128210258525
2018-08-24 17:36:00,-0.517866108859721
2018-08-24 17:39:00,-0.5421210114445785
2018-08-24 17:42:00,-0.5900973364456945
2018-08-24 17:45:00,-0.4798487565944356
2018-08-24 17:48:00,-0.4265463123759332
2018-08-24 17:51:00,-0.3714370457273617
2018-08-24 17:54:00,-0.4639013646835224
2018-08-24 17:57:00,-0.5014729944545593
2018-08-24 18:00:00,-0.37956901651676844
2018-08-24 18:03:00,-0.41701623519475106
2018-08-24 18:06:00,-0.5444244216984657
2018-08-24 18:09:00,-0.4891003540707288
2018-08-24 18:12:00,-0.3586084826068259
2018-08-24 18:15:00,-0.4327623035056831
2018-08-24 18:18:00,-0.42140107995390963
2018-08-24 18:21:00,-0.4079602203671584
2018-08-24 18:24:00,-0.31189703600222174
2018-08-24 18:27:00,-0.3593164446753576
2018-08-24 18:30:00,-0.30330732976341324
2018-08-24 18:33:00,-0.30652194125349297
2018-08-24 18:36:00,-0.3386944302614552
2018-08-24 18:39:00,-0.3738116862871266
2018-08-24 18:42:00,-0.3537553057074092
2018-08-24 18:45:00,-0.31163045150634616
2018-08-24 18:48:00,-0.28596890445271583
2018-08-24 18:51:00,-0.39765034381576925
2018-08-24 18:54:00,
2018-08-24 18:57:00,
2018-08-24 19:00:00,
2018-08-24 19:03:00,-0.27111581381694805
2018-08-24 19:06:00,-0.31941353367767533
2018-08-24 19:09:00,-0.3626479488297605
2018-08-24 19:12:00,-0.2787432270600334
2018-08-24 19:15:00,-0.3184554360398124
2018-08-24 19:18:00,-0.24064207755679945
2018-08-24 19:21:00,-0.25015721890571285
2018-08-24 19:24:00,-0.4051484170179265
2018-08-24 19:27:00,-0.2531817763997424
2018-08-24 19:30:00,-0.22536506825309743
2018-08-24 19:33:00,-0.23514881177874258
2018-08-24 19:36:00,-0.11221764891990915
2018-08-24 19:39:00,-0.11294102946419571
2018-08-24 19:42:00,-0.07771528934688376
2018-08-24 19:45:00,-0.14863574862079076
2018-08-24 19:48:00,-0.12580008596137304
2018-08-24 19:51:00,-0.15185612030717266
2018-08-24 19:54:00,-0.194341388986345
2018-08-24 19:57:00,-0.06983513443083211
2018-08-24 20:00:00,-0.12271316580978464
2018-08-24 20:03:00,-0.06214271858101483
2018-08-24 20:06:00,-0.10067696588191666
2018-08-24 20:09:00,-0.07247924328413546
2018-08-24 20:12:00,-0.13458153179300325
2018-08-24 20:15:00,-0.10386256245175218
2018-08-24 20:18:00,-0.10614283808291702
2018-08-24 20:21:00,-0.13271814092763634
2018-08-24 20:24:00,-0.16742423540824802
2018-08-24 20:27:00,-0.031824106397266405
2018-08-24 20:30:00,-0.009362482513779469
2018-08-24 20:33:00,-0.03364489727562159
2018-08-24 20:36:00,-0.020018881984867676
2018-08-24 20:39:00,-0.06209303886396356
2018-08-24 20:42:00,-0.0025657091055677483
2018-08-24 20:45:00,0.007346079844353426
2018-08-24 20:48:00,-0.07702948418483402
2018-08-24 20:51:00,0.012445518767151498
2018-08-24 20:54:00,-0.06525898147776843
2018-08-24 20:57:00,-0.01897351708186079
2018-08-24 21:00:00,0.0005977411179856063
2018-08-24 21:03:00,0.0673015834674402
2018-08-24 21:06:00,-0.004192066714040266
2018-08-24 21:09:00,0.003717690717849109
2018-08-24 21:12:00,0.019149610728106836
2018-08-24 21:15:00,0.05158457868913047
2018-08-24 21:18:00,-0.016353884086981907
2018-08-24 21:21:00,-0.0016469308364435165
2018-08-24 21:24:00,-0.042163675687163504
2018-08-24 21:27:00,0.020863391227180728
2018-08-24 21:30:00,-0.031200604262437537
2018-08-24 21:33:00,0.15356959007795012
2018-08-24 21:36:00,0.024503061847440222
2018-08-24 21:39:00,0.15465508195080702
2018-08-24 21:42:00,0.02368016594977007
2018-08-24 21:45:00,0.05748489163050863
2018-08-24 21:48:00,0.08613328061926495
2018-08-24 21:51:00,0.05614528260036877
2018-08-24 21:54:00,-0.02313624627021227
2018-08-24 21:57:00,-0.009974908041328945
2018-08-24 22:00:00,-0.024480706862220813
2018-08-24 22:03:00,-0.012690332900319845
2018-08-24 22:06:00,0.1010047112717416
2018-08-24 22:09:00,0.030083837694405702
2018-08-24 22:12:00,0.08750381320049883
2018-08-24 22:15:00,0.10112802402841226
2018-08-24 22:18:00,0.07069112030848146
2018-08-24 22:21:00,0.060834627535712116
2018-08-24 22:24:00,-0.009236419159606157
2018-08-24 22:27:00,-0.024530941382408855
2018-08-24 22:30:00,0.1286511416070084
2018-08-24 22:33:00,-0.04728060909684473
2018-08-24 22:36:00,-0.025468771675889457
2018-08-24 22:39:00,-0.013028785048845748
2018-08-24 22:42:00,-0.014574174571009735
2018-08-24 22:45:00,-0.053300786422653346
2018-08-24 22:48:00,-0.03539206684149576
2018-08-24 22:51:00,-0.04376984149786267
2018-08-24 22:54:00,-0.07671989951791147
2018-08-24 22:57:00,-0.16376680518163766
2018-08-24 23:00:00,-0.008410890855827802
2018-08-24 23:03:00,-0.11669887732210782
2018-08-24 23:06:00,0.052214458493892835
2018-08-24 23:09:00,-0.12803606667591794
2018-08-24 23:12:00,0.015086160412806748
2018-08-24 23:15:00,-0.024625679373116327
2018-08-24 23:18:00,0.05639197716260469
2018-08-24 23:21:00,-0.010016320513614119
2018-08-24 23:24:00,-0.07491500647915927
2018-08-24 23:27:00,0.0652028455655227
2018-08-24 23:30:00,0.06143189754754985
2018-08-24 23:33:00,-0.020340654025744698
2018-08-24 23:36:00,-0.02569735789660399
2018-08-24 23:39:00,0.0001978815247980492
2018-08-24 23:42:00,0.09969479299746808
2018-08-24 23:45:00,0.09853807487945687
2018-08-24 23:48:00,0.0605546574163327
2018-08-24 23:51:00,-0.007091157680463311
2018-08-24 23:54:00,-0.014596133986799487
2018-08-24 23:57:00,-0.005599887142068383
2018-08-25 00:00:00,0.03435522019884729
2018-08-25 00:03:00,-0.05725998748476968
2018-08-25 00:06:00,0.0037448512190394467
2018-08-25 00:09:00,-0.03429204618913673
2018-08-25 00:12:00,0.009780783041946961
2018-08-25 00:15:00,-0.020179584471179624
2018-08-25 00:18:00,0.06733183120786634
2018-08-25 00:21:00,-0.04626782794093742
2018-08-25 00:24:00,-0.006562823243029925
2018-08-25 00:27:00,-0.04114787289273636
2018-08-25 00:30:00,-0.04322688075683345
2018-08-25 00:33:00,0.002918202023181493
2018-08-25 00:36:00,0.04480578723303097
2018-08-25 00:39:00,0.054966840755014346
2018-08-25 00:42:00,0.008703339052203773
2018-08-25 00:45:00,0.006295474541673229
2018-08-25 00:48:00,0.021501274110278246
2018-08-25 00:51:00,0.03961208888540568
2018-08-25 00:54:00,0.04634357531040223
2018-08-25 00:57:00,0.058063654139118626
2018-08-25 01:00:00,0.12038652909046732
2018-08-25 01:03:00,0.004136069491494254
2018-08-25 01:06:00,0.05362172659715725
2018-08-25 01:09:00,0.044745630896784405
2018-08-25 01:12:00,0.018771265563543693
2018-08-25 01:15:00,0.03507531678201303
2018-08-25 01:18:00,-0.0066058505859700745
2018-08-25 01:21:00,0.0486630596654436
2018-08-25 01:24:00,-0.025990528670092772
2018-08-25 01:27:00,0.061413476413633816
2018-08-25 01:30:00,0.05331406417076323
2018-08-25 01:33:00,0.11317982930842163
2018-08-25 01:36:00,0.00566738325744609
2018-08-25 01:39:00,0.09957641362990444
2018-08-25 01:42:00,0.09490002628325556
2018-08-25 01:45:00,0.06769365290040241
2018-08-25 01:48:00,0.11177980451134317
2018-08-25 01:51:00,0.09434536754963574
2018-08-25 01:54:00,0.035595883767541636
2018-08-25 01:57:00,0.011614753121648391
2018-08-25 02:00:00,0.09883583235063043
2018-08-25 02:03:00,-0.000668523596743853
2018-08-25 02:06:00,0.1041196243510285
2018-08-25 02:09:00,0.11463721456806297
2018-08-25 02:12:00,0.15913400781283826
2018-08-25 02:15:00,0.14666728151831876
2018-08-25 02:18:00,0.15462476253514978
2018-08-25 02:21:00,0.13821254636081903
2018-08-25 02:24:00,0.06850564917107249
2018-08-25 02:27:00,0.15215601960744607
2018-08-25 02:30:00,0.18924662409222037
2018-08-25 02:33:00,0.1721473773445723
2018-08-25 02:36:00,0.0978311649372472
2018-08-25 02:39:00,0.18730620131344722
2018-08-25 02:42:00,0.16758328112200616
2018-08-25 02:45:00,0.20755523860054836
2018-08-25 02:48:00,0.2576999808923688
2018-08-25 02:51:00,0.12541636554595925
2018-08-25 02:54:00,0.10706901577964345
2018-08-25 02:57:00,0.1835596637575918
2018-08-25 03:00:00,0.1592924782453906
2018-08-25 03:03:00,0.20842164058706203
2018-08-25 03:06:00,0.2333830162968411
2018-08-25 03:09:00,0.14267802395198714
2018-08-25 03:12:00,0.2044404164187199
2018-08-25 03:15:00,0.06948247780258043
2018-08-25 03:18:00,0.17808232401733903
2018-08-25 03:21:00,0.09272870558908153
2018-08-25 03:24:00,0.12675647842428361
2018-08-25 03:27:00,0.13786366550016282
2018-08-25 03:30:00,0.17385662875727803
2018-08-25 03:33:00,0.1523102952007207
2018-08-25 03:36:00,0.2923636431404475
2018-08-25 03:39:00,0.1552855848561876
2018-08-25 03:42:00,0.15306805943515656
2018-08-25 03:45:00,0.15066638587802572
2018-08-25 03:48:00,0.07827517123087091
2018-08-25 03:51:00,0.06858012819196802
2018-08-25 03:54:00,0.18010847804879404
2018-08-25 03:57:00,0.16518718741565408
2018-08-25 04:00:00,0.22426085551893493
2018-08-25 04:03:00,0.22583544231900987
2018-08-25 04:06:00,0.1003061601841182
2018-08-25 04:09:00,0.11775517538268332
2018-08-25 04:12:00,0.12549031748500283
2018-08-25 04:15:00,0.11596274213371771
2018-08-25 04:18:00,0.11448306624095039
2018-08-25 04:21:00,0.045879597000350714
2018-08-25 04:24:00,0.15171988233504408
2018-08-25 04:27:00,0.13576512035785981
2018-08-25 04:30:00,0.18758908155621157
2018-08-25 04:33:00,0.08333969940355246
2018-08-25 04:36:00,0.10862628511569028
2018-08-25 04:39:00,0.06222235998217229
2018-08-25 04:42:00,0.14155510009476302
2018-08-25 04:45:00,0.14978345367035217
2018-08-25 04:48:00,0.01643435615568478
2018-08-25 04:51:00,0.10431653302248378
2018-08-25 04:54:00,0.021354879441275898
2018-08-25 04:57:00,0.03890402460416453
2018-08-25 05:00:00,0.026698773333635017
2018-08-25 05:03:00,0.06198765188696598
2018-08-25 05:06:00,0.07674599680581196
2018-08-25 05:09:00,0.15483333553288503
2018-08-25 05:12:00,0.15847926213467645
2018-08-25 05:15:00,0.12540179129308626
2018-08-25 05:18:00,0.09704682729142178
2018-08-25 05:21:00,0.1678605775010169
2018-08-25 05:24:00,0.08513467603410163
2018-08-25 05:27:00,0.1297531772821685
2018-08-25 05:30:00,0.08610227720060948
2018-08-25 05:33:00,0.16935408077148395
2018-08-25 05:36:00,0.13367176686608673
2018-08-25 05:39:00,0.14760891209516558
2018-08-25 05:42:00,0.18299588819036217
2018-08-25 05:45:00,0.09921349971381233
2018-08-25 05:48:00,0.14308647719155942
2018-08-25 05:51:00,0.41324290385682616
2018-08-25 05:54:00,0.3183670024213825
2018-08-25 05:57:00,0.28028640023114804
2018-08-25 06:00:00,0.2076832510418285
2018-08-25 06:03:00,0.23229206610625397
2018-08-25 06:06:00,0.17732071269421112
2018-08-25 06:09:00,0.16553190125688388
2018-08-25 06:12:00,0.14530312922835265
2018-08-25 06:15:00,0.21071005523998565
2018-08-25 06:18:00,0.1378226948411907
2018-08-25 06:21:00,0.13776730716057273
2018-08-25 06:24:00,0.1724586395438905
2018-08-25 06:27:00,0.24501956778044587
2018-08-25 06:30:00,0.18331340713194777
2018-08-25 06:33:00,0.21107738146542943
2018-08-25 06:36:00,0.19904813296562907
2018-08-25 06:39:00,0.18703102820308004
2018-08-25 06:42:00,0.25243709309182805
2018-08-25 06:45:00,0.2529093077391167
2018-08-25 06:48:00,0.29296845127117876
2018-08-25 06:51:00,0.26328538939065993
2018-08-25 06:54:00,0.21605439422654626
2018-08-25 06:57:00,0.1898508452210308
2018-08-25 07:00:00,0.3025903674534902
2018-08-25 07:03:00,0.2708383268884518
2018-08-25 07:06:00,0.3407238133684132
2018-08-25 07:09:00,0.41013432548442097
2018-08-25 07:12:00,0.1560854638698288
2018-08-25 07:15:00,0.20658247141039965
2018-08-25 07:18:00,0.2834850613829758
2018-08-25 07:21:00,0.20985334454121585
2018-08-25 07:24:00,0.1569850426855055
2018-08-25 07:27:00,0.22847990305035637
2018-08-25 07:30:00,0.12225693908635549
2018-08-25 07:33:00,0.20781513342848257
2018-08-25 07:36:00,0.10006293287585777
2018-08-25 07:39:00,0.12524840403767712
2018-08-25 07:42:00,0.12880690629970104
2018-08-25 07:45:00,0.21020084340210587
2018-08-25 07:48:00,0.1733263378207539
2018-08-25 07:51:00,0.1786360097342481
2018-08-25 07:54:00,0.2444941883602496
2018-08-25 07:57:00,0.10234441459977006
2018-08-25 08:00:00,0.15089390320360963
2018-08-25 08:03:00,0.15946899240168477
2018-08-25 08:06:00,0.14555395140092742
2018-08-25 08:09:00,0.09316034689862818
2018-08-25 08:12:00,0.09091603282934102
2018-08-25 08:15:00,0.12862608099851514
2018-08-25 08:18:00,0.15247131965543304
2018-08-25 08:21:00,0.10190364175736022
2018-08-25 08:24:00,0.0765561844686431
2018-08-25 08:27:00,0.1139599776457203
2018-08-25 08:30:00,-0.08146100668500367
2018-08-25 08:33:00,-0.025221936746618212
2018-08-25 08:36:00,-0.010427069228967412
2018-08-25 08:39:00,0.038728609706083716
2018-08-25 08:42:00,0.06699901090524918
2018-08-25 08:45:00,-0.05194921811153108
2018-08-25 08:48:00,0.01699716909547533
2018-08-25 08:51:00,-0.08540148190957098
2018-08-25 08:54:00,-0.047151778375962294
2018-08-25 08:57:00,-0.03738143450073039
2018-08-25 09:00:00,-0.028601637367955846
2018-08-25 09:03:00,-0.1274727713183097
2018-08-25 09:06:00,-0.07058373121026307
2018-08-25 09:09:00,-0.018026728846280093
2018-08-25 09:12:00,-0.11822785961186355
2018-08-25 09:15:00,-0.3048997060504348
2018-08-25 09:18:00,-0.1644862729782517
2018-08-25 09:21:00,-0.11713872390191682
2018-08-25 09:24:00,-0.13685024887934105
2018-08-25 09:27:00,-0.17511423729212083
2018-08-25 09:30:00,-0.20511829082300892
2018-08-25 09:33:00,-0.131303379637302
2018-08-25 09:36:00,-0.3212911416513293
2018-08-25 09:39:00,-0.18750884730297912
2018-08-25 09:42:00,-0.2846060795495191
2018-08-25 09:45:00,-0.21324557564406632
2018-08-25 09:48:00,-0.24246523810478493
2018-08-25 09:51:00,-0.368306804620147
2018-08-25 09:54:00,-0.23000327707961787
2018-08-25 09:57:00,-0.250067994243409
2018-08-25 10:00:00,-0.18780812566990335
2018-08-25 10:03:00,-0.245206256372569
2018-08-25 10:06:00,-0.25113896601385477
2018-08-25 10:09:00,-0.22548077697365443
2018-08-25 10:12:00,-0.276131351573099
2018-08-25 10:15:00,-0.3378540728360804
2018-08-25 10:18:00,-0.22364248775983242
2018-08-25 10:21:00,-0.2988168590480882
2018-08-25 10:24:00,-0.2831556833872355
2018-08-25 10:27:00,-0.43988132489880627
2018-08-25 10:30:00,-0.384743946834476
2018-08-25 10:33:00,-0.408288012907974
2018-08-25 10:36:00,-0.36162768071199025
2018-08-25 10:39:00,-0.4169274395952698
2018-08-25 10:42:00,-0.34124776456928885
2018-08-25 10:45:00,-0.40159594820738675
2018-08-25 10:48:00,-0.3163444714095931
2018-08-25 10:51:00,-0.31696656451418903
2018-08-25 10:54:00,-0.3571593846822907
2018-08-25 10:57:00,-0.4286293755810675
2018-08-25 11:00:00,-0.41555559609622605
2018-08-25 11:03:00,-0.4074388847541286
2018-08-25 11:06:00,-0.40105753093803287
2018-08-25 11:09:00,-0.3968794323717475
2018-08-25 11:12:00,-0.3469668462793152
2018-08-25 11:15:00,-0.37026498400950913
2018-08-25 11:18:00,-0.3288212479783965
2018-08-25 11:21:00,-0.4604441481371282
2018-08-25 11:24:00,-0.40290188366475377
2018-08-25 11:27:00,-0.436678891623842
2018-08-25 11:30:00,-0.48936744535456
2018-08-25 11:33:00,-0.5151390374621201
2018-08-25 11:36:00,-0.4423457138134381
2018-08-25 11:39:00,-0.4345107355144364
2018-08-25 11:42:00,-0.47173804877058956
2018-08-25 11:45:00,-0.46522044540864727
2018-08-25 11:48:00,-0.4847576802318372
2018-08-25 11:51:00,-0.4895599540757303
2018-08-25 11:54:00,-0.4777535408374547
2018-08-25 11:57:00,-0.42373132192761886
2018-08-25 12:00:00,-0.41608723392994307
2018-08-25 12:03:00,-0.5678771155742197
2018-08-25 12:06:00,-0.5699549896885969
2018-08-25 12:09:00,-0.5170072989349705
2018-08-25 12:12:00,-0.4987470670074572
2018-08-25 12:15:00,-0.5690306796718119
2018-08-25 12:18:00,-0.5749950141209865
2018-08-25 12:21:00,-0.7335558791021413
2018-08-25 12:24:00,-0.552770374270267
2018-08-25 12:27:00,-0.5329127981881925
2018-08-25 12:30:00,-0.48031010402610264
2018-08-25 12:33:00,-0.4086510938430479
2018-08-25 12:36:00,-0.3863002872322454
2018-08-25 12:39:00,-0.5609874451138239
2018-08-25 12:42:00,-0.5363996094841923
2018-08-25 12:45:00,-0.6994473611866283
2018-08-25 12:48:00,-0.5348658312003636
2018-08-25 12:51:00,-0.48213625220120093
2018-08-25 12:54:00,-0.5544775124437251
2018-08-25 12:57:00,-0.5748749880630157
2018-08-25 13:00:00,-0.6224740218189595
2018-08-25 13:03:00,-0.6730737599895065
2018-08-25 13:06:00,-0.5190393242752975
2018-08-25 13:09:00,-0.578697804042406
2018-08-25 13:12:00,-0.5848627141958787
2018-08-25 13:15:00,-0.651771526109485
2018-08-25 13:18:00,-0.5398058579887106
2018-08-25 13:21:00,-0.6100290007022977
2018-08-25 13:24:00,-0.5986543846172481
2018-08-25 13:27:00,-0.5953316185134554
2018-08-25 13:30:00,-0.620675004053453
2018-08-25 13:33:00,-0.5958634846268751
2018-08-25 13:36:00,-0.6502830671620927
2018-08-25 13:39:00,-0.5982845447091449
2018-08-25 13:42:00,-0.6746096891703246
2018-08-25 13:45:00,-0.5338063475427361
2018-08-25 13:48:00,-0.6198446457291311
2018-08-25 13:51:00,-0.5811385305955241
2018-08-25 13:54:00,-0.5403302927891787
2018-08-25 13:57:00,-0.6529144704595069
2018-08-25 14:00:00,-0.6025330334208547
2018-08-25 14:03:00,-0.6286345832772895
2018-08-25 14:06:00,-0.6763584405949246
2018-08-25 14:09:00,-0.6541534331101388
2018-08-25 14:12:00,-0.7262891026148282
2018-08-25 14:15:00,-0.6392748078100112
2018-08-25 14:18:00,-0.671393162577715
2018-08-25 14:21:00,-0.6320505409624388
2018-08-25 14:24:00,-0.6637411904839041
2018-08-25 14:27:00,-0.622008352803789
2018-08-25 14:30:00,-0.5765231812015941
2018-08-25 14:33:00,-0.6540220807968922
2018-08-25 14:36:00,-0.583226330393245
2018-08-25 14:39:00,-0.6849309036517752
2018-08-25 14:42:00,-0.6513971844210573
2018-08-25 14:45:00,-0.5944227289481319
2018-08-25 14:48:00,-0.6777320142399503
2018-08-25 14:51:00,-0.5869037242739523
2018-08-25 14:54:00,-0.6347998964220665
2018-08-25 14:57:00,-0.565497825860291
2018-08-25 15:00:00,-0.6341620126167413
2018-08-25 15:03:00,-0.6096563172119431
2018-08-25 15:06:00,-0.40115335367732996
2018-08-25 15:09:00,-0.3861665206262046
2018-08-25 15:12:00,-0.32935762934880586
2018-08-25 15:15:00,-0.5547892239419525
2018-08-25 15:18:00,-0.3738283156883426
2018-08-25 15:21:00,-0.46961561914082495
2018-08-25 15:24:00,-0.47092773197317683
2018-08-25 15:27:00,-0.5418951770286071
2018-08-25 15:30:00,-0.4490881857616955
2018-08-25 15:33:00,-0.47258411782536314
2018-08-25 15:36:00,-0.542145399716901
2018-08-25 15:39:00,-0.43521322548662056
2018-08-25 15:42:00,-0.5597506695351058
2018-08-25 15:45:00,-0.6206338008671537
2018-08-25 15:48:00,-0.544625258765393
2018-08-25 15:51:00,-0.5674654753589721
2018-08-25 15:54:00,-0.5368241179810411
2018-08-25 15:57:00,-0.5068477910939464
2018-08-25 16:00:00,-0.6601106700003356
2018-08-25 16:03:00,-0.5284230050878591
2018-08-25 16:06:00,-0.5025187984454647
2018-08-25 16:09:00,-0.5561082063422305
2018-08-25 16:12:00,-0.587849046601832
2018-08-25 16:15:00,-0.5640425511472813
2018-08-25 16:18:00,-0.5664813008685314
2018-08-25 16:21:00,-0.5826765776601519
2018-08-25 16:24:00,-0.4860116490727364
2018-08-25 16:27:00,-0.5783712596943928
2018-08-25 16:30:00,-0.6047962099108872
2018-08-25 16:33:00,-0.5251614913512981
2018-08-25 16:36:00,-0.5302447557990035
2018-08-25 16:39:00,-0.5897132727141638
2018-08-25 16:42:00,-0.5760855389059429
2018-08-25 16:45:00,-0.6233553842861284
2018-08-25 16:48:00,-0.5663637894714952
2018-08-25 16:51:00,-0.5558117293736018
2018-08-25 16:54:00,-0.6160118113911608
2018-08-25 16:57:00,-0.49830353358964885
2018-08-25 17:00:00,-0.6109692694773798
2018-08-25 17:03:00,-0.5897177725002507
2018-08-25 17:06:00,-0.5965152495858774
2018-08-25 17:09:00,-0.5842142621199287
2018-08-25 17:12:00,-0.519890611929668
2018-08-25 17:15:00,-0.472156032802161
2018-08-25 17:18:00,-0.49773695548969954
2018-08-25 17:21:00,-0.5327116190858874
2018-08-25 17:24:00,-0.5885399978981809
2018-08-25 17:27:00,-0.6213689344738782
2018-08-25 17:30:00,-0.721704447577622
2018-08-25 17:33:00,-0.5902072806173351
2018-08-25 17:36:00,-0.5786370402077523
2018-08-25 17:39:00,-0.6381944457376676
2018-08-25 17:42:00,-0.47383482099274943
2018-08-25 17:45:00,-0.4693042554562794
2018-08-25 17:48:00,-0.4719422574273153
2018-08-25 17:51:00,-0.41366431697582584
2018-08-25 17:54:00,-0.3810906086868613
2018-08-25 17:57:00,-0.5524637091519935
2018-08-25 18:00:00,-0.5385746851542876
2018-08-25 18:03:00,-0.38481200410961947
2018-08-25 18:06:00,-0.4115154453399441
2018-08-25 18:09:00,-0.40853874180459115
2018-08-25 18:12:00,-0.3517606924221468
2018-08-25 18:15:00,-0.39700991885081294
2018-08-25 18:18:00,-0.3975022395882206
2018-08-25 18:21:00,-0.4038178572273523
2018-08-25 18:24:00,-0.50166609464668
2018-08-25 18:27:00,-0.376147972375918
2018-08-25 18:30:00,-0.38552346843067653
2018-08-25 18:33:00,-0.40443898759610875
2018-08-25 18:36:00,-0.46063326187129405
2018-08-25 18:39:00,-0.2962495358917181
2018-08-25 18:42:00,-0.3565839047123518
2018-08-25 18:45:00,-0.3505968452417392
2018-08-25 18:48:00,-0.4079899905970592
2018-08-25 18:51:00,-0.2654188692496291
2018-08-25 18:54:00,
2018-08-25 18:57:00,
2018-08-25 19:00:00,
2018-08-25 19:03:00,-0.2599871172560029
2018-08-25 19:06:00,-0.28878988662319216
2018-08-25 19:09:00,-0.3027533134352325
2018-08-25 19:12:00,-0.31661676158279306
2018-08-25 19:15:00,-0.3187198289427329
2018-08-25 19:18:00,-0.25823019707303274
2018-08-25 19:21:00,-0.297919688684658
2018-08-25 19:24:00,-0.29705435149810455
2018-08-25 19:27:00,-0.30689801868766153
2018-08-25 19:30:00,-0.357033958933755
2018-08-25 19:33:00,-0.37614458714375587
2018-08-25 19:36:00,-0.33959312239767314
2018-08-25 19:39:00,-0.2896120820751662
2018-08-25 19:42:00,-0.21007842959130585
2018-08-25 19:45:00,-0.15874657455543684
2018-08-25 19:48:00,-0.11998569704951478
2018-08-25 19:51:00,-0.27286220357297
2018-08-25 19:54:00,-0.19420460904041192
2018-08-25 19:57:00,-0.27459096005583206
2018-08-25 20:00:00,-0.2429295349638778
2018-08-25 20:03:00,-0.26032380084922124
2018-08-25 20:06:00,-0.1470299173971057
2018-08-25 20:09:00,-0.2819483988680531
2018-08-25 20:12:00,-0.374623459894849
2018-08-25 20:15:00,-0.24028731329917719
2018-08-25 20:18:00,-0.2055777718839522
2018-08-25 20:21:00,-0.2180958855950621
2018-08-25 20:24:00,-0.17583236122396784
2018-08-25 20:27:00,-0.21633884663225444
2018-08-25 20:30:00,-0.1434587129434135
2018-08-25 20:33:00,-0.20134276380957772
2018-08-25 20:36:00,-0.19272832074182134
2018-08-25 20:39:00,-0.218250993452898
2018-08-25 20:42:00,-0.1392343955344586
2018-08-25 20:45:00,-0.24035371306854358
2018-08-25 20:48:00,-0.165321569599314
2018-08-25 20:51:00,-0.11032564177463655
2018-08-25 20:54:00,-0.1837192354713011
2018-08-25 20:57:00,-0.20764584552227916
2018-08-25 21:00:00,-0.14040812833030714
2018-08-25 21:03:00,-0.22362796733932555
2018-08-25 21:06:00,-0.20791150207486453
2018-08-25 21:09:00,-0.1462161512503144
2018-08-25 21:12:00,-0.2489761951995888
2018-08-25 21:15:00,-0.22810140138881252
2018-08-25 21:18:00,-0.08357032351568705
2018-08-25 21:21:00,-0.150180726861322
2018-08-25 21:24:00,-0.16684355959154118
2018-08-25 21:27:00,-0.25868187221004746
2018-08-25 21:30:00,-0.05138463025195961
2018-08-25 21:33:00,-0.21595240001653337
2018-08-25 21:36:00,-0.2158244751286702
2018-08-25 21:39:00,-0.1553866341560024
2018-08-25 21:42:00,-0.17769357334401548
2018-08-25 21:45:00,-0.2397192679035811
2018-08-25 21:48:00,-0.24268498605579225
2018-08-25 21:51:00,-0.12827675161292973
2018-08-25 21:54:00,-0.18376831416981076
2018-08-25 21:57:00,-0.18210554611943053
2018-08-25 22:00:00,-0.30857047565552875
2018-08-25 22:03:00,-0.15024241632102076
2018-08-25 22:06:00,-0.11703577421621958
2018-08-25 22:09:00,-0.22597057576882662
2018-08-25 22:12:00,-0.23987875391730995
2018-08-25 22:15:00,-0.09844222793196877
2018-08-25 22:18:00,-0.13427329828857637
2018-08-25 22:21:00,0.03477611643160117
2018-08-25 22:24:00,0.041209082398040664
2018-08-25 22:27:00,0.03149513180642316
2018-08-25 22:30:00,-0.05664845281586395
2018-08-25 22:33:00,-0.1353570017024026
2018-08-25 22:36:00,-0.0981792605738292
2018-08-25 22:39:00,-0.1562160435606188
2018-08-25 22:42:00,-0.15390774581862843
2018-08-25 22:45:00,-0.09439620324309317
2018-08-25 22:48:00,-0.07129949275667968
2018-08-25 22:51:00,-0.1338217879327317
2018-08-25 22:54:00,-0.06936617878858442
2018-08-25 22:57:00,-0.06523069328113706
2018-08-25 23:00:00,-0.034691260477188735
2018-08-25 23:03:00,-0.1294927946653388
2018-08-25 23:06:00,-0.10839550911799734
2018-08-25 23:09:00,-0.16746418877227143
2018-08-25 23:12:00,-0.2676097612431363
2018-08-25 23:15:00,-0.20383514327937746
2018-08-25 23:18:00,-0.16334233773358164
2018-08-25 23:21:00,-0.13468555969268436
2018-08-25 23:24:00,-0.0758389372776378
2018-08-25 23:27:00,0.08101137852139573
2018-08-25 23:30:00,-0.07049564659394036
2018-08-25 23:33:00,-0.0853733843918576
2018-08-25 23:36:00,-0.027440767287146173
2018-08-25 23:39:00,-0.051043863773315934
2018-08-25 23:42:00,-0.07957542358911951
2018-08-25 23:45:00,-0.09648484412241487
2018-08-25 23:48:00,-0.08498301834680433
2018-08-25 23:51:00,-0.07369321091852044
2018-08-25 23:54:00,-0.18807990382862272
2018-08-25 23:57:00,-0.1979743414655104
2018-08-26 00:00:00,-0.21246005556849923
2018-08-26 00:03:00,-0.1386600236988329
2018-08-26 00:06:00,-0.13691951401068536
2018-08-26 00:09:00,-0.09328028306879332
2018-08-26 00:12:00,0.01704470690066273
2018-08-26 00:15:00,-0.027952562364532696
2018-08-26 00:18:00,0.0379990414270992
2018-08-26 00:21:00,0.0125316281929031
2018-08-26 00:24:00,0.09738892715250813
2018-08-26 00:27:00,0.07936177311529491
2018-08-26 00:30:00,-0.05314803519519273
2018-08-26 00:33:00,0.06564016779896065
2018-08-26 00:36:00,-0.004216636556748199
2018-08-26 00:39:00,0.007051402248407612
2018-08-26 00:42:00,0.08938187568344347
2018-08-26 00:45:00,0.10634159850962988
2018-08-26 00:48:00,0.2051911941800313
2018-08-26 00:51:00,0.27558502445799604
2018-08-26 00:54:00,0.3036565346810107
2018-08-26 00:57:00,0.31996215796402794
2018-08-26 01:00:00,0.2995124570649068
2018-08-26 01:03:00,0.33901990068892474
2018-08-26 01:06:00,0.31145777772127303
2018-08-26 01:09:00,0.32762847733528133
2018-08-26 01:12:00,0.2871782841292543
2018-08-26 01:15:00,0.2282239632140204
2018-08-26 01:18:00,0.2046952665617141
2018-08-26 01:21:00,0.2716485099149395
2018-08-26 01:24:00,0.26500812418919395
2018-08-26 01:27:00,0.24938024478882426
2018-08-26 01:30:00,0.2543667490192547
2018-08-26 01:33:00,0.09340861550896307
2018-08-26 01:36:00,0.1562236377961881
2018-08-26 01:39:00,0.33766099225755397
2018-08-26 01:42:00,0.13978245660121047
2018-08-26 01:45:00,0.14511220846281958
2018-08-26 01:48:00,0.19077271832622955
2018-08-26 01:51:00,0.09953257990406428
2018-08-26 01:54:00,0.19317410164012472
2018-08-26 01:57:00,0.16601421685362538
2018-08-26 02:00:00,0.10124580316119136
2018-08-26 02:03:00,0.17853069012363676
2018-08-26 02:06:00,0.1398157327500371
2018-08-26 02:09:00,0.21488389064256808
2018-08-26 02:12:00,0.14187762540444737
2018-08-26 02:15:00,0.10012459286332387
2018-08-26 02:18:00,0.04152308325893728
2018-08-26 02:21:00,0.045910914659145874
2018-08-26 02:24:00,0.13336147758587913
2018-08-26 02:27:00,0.06988498338762383
2018-08-26 02:30:00,0.03970667365928193
2018-08-26 02:33:00,0.03653110730874687
2018-08-26 02:36:00,0.060981558501907784
2018-08-26 02:39:00,0.17773887226434226
2018-08-26 02:42:00,0.1488691147179111
2018-08-26 02:45:00,0.21637804170507025
2018-08-26 02:48:00,0.2622097740859317
2018-08-26 02:51:00,0.40117537210647924
2018-08-26 02:54:00,0.4911152071603624
2018-08-26 02:57:00,0.42729908940577843
2018-08-26 03:00:00,0.44501303177901264
2018-08-26 03:03:00,0.4694706403930127
2018-08-26 03:06:00,0.38244120648857916
2018-08-26 03:09:00,0.37342881856562826
2018-08-26 03:12:00,0.25351476445234766
2018-08-26 03:15:00,0.22283388890940614
2018-08-26 03:18:00,0.28280866688913875
2018-08-26 03:21:00,0.4722864296234661
2018-08-26 03:24:00,0.38565936959622604
2018-08-26 03:27:00,0.3412263113950189
2018-08-26 03:30:00,0.2957817556388136
2018-08-26 03:33:00,0.29194814517978784
2018-08-26 03:36:00,0.34943548683520476
2018-08-26 03:39:00,0.440675612238806
2018-08-26 03:42:00,0.3750405485865258
2018-08-26 03:45:00,0.40246389566920016
2018-08-26 03:48:00,0.3689746784622798
2018-08-26 03:51:00,0.24241876479942448
2018-08-26 03:54:00,0.2380268193424513
2018-08-26 03:57:00,0.27219934822994674
2018-08-26 04:00:00,0.2245031081732236
2018-08-26 04:03:00,0.22644793790300355
2018-08-26 04:06:00,0.2701496775372334
2018-08-26 04:09:00,0.2840181554541914
2018-08-26 04:12:00,0.32051658143564055
2018-08-26 04:15:00,0.19070943406069318
2018-08-26 04:18:00,0.22201651458010474
2018-08-26 04:21:00,0.18944005936720032
2018-08-26 04:24:00,0.2854805595832204
2018-08-26 04:27:00,0.275545607162087
2018-08-26 04:30:00,0.24385982464025346
2018-08-26 04:33:00,0.25380094203120507
2018-08-26 04:36:00,0.2811214621235649
2018-08-26 04:39:00,0.18568084340085989
2018-08-26 04:42:00,0.2562552199832453
2018-08-26 04:45:00,0.2546271271756382
2018-08-26 04:48:00,0.2747594939726241
2018-08-26 04:51:00,0.3492841613251585
2018-08-26 04:54:00,0.2450193519925392
2018-08-26 04:57:00,0.2564393461513532
2018-08-26 05:00:00,0.3064956264865941
2018-08-26 05:03:00,0.2647611840873765
2018-08-26 05:06:00,0.28224427861812273
2018-08-26 05:09:00,0.35552216088586874
2018-08-26 05:12:00,0.31711121033180234
2018-08-26 05:15:00,0.3776810950428171
2018-08-26 05:18:00,0.3098132613600342
2018-08-26 05:21:00,0.3948382325322086
2018-08-26 05:24:00,0.3937658174742751
2018-08-26 05:27:00,0.34537208093718164
2018-08-26 05:30:00,0.35809884890500143
2018-08-26 05:33:00,0.32251516342728337
2018-08-26 05:36:00,0.3662520648310874
2018-08-26 05:39:00,0.32523352827962526
2018-08-26 05:42:00,0.289347356114547
2018-08-26 05:45:00,0.2584549163323686
2018-08-26 05:48:00,0.41165365596810943
2018-08-26 05:51:00,0.37835980159655946
2018-08-26 05:54:00,0.34244865209598174
2018-08-26 05:57:00,0.26871235807726634
2018-08-26 06:00:00,0.40029646663208496
2018-08-26 06:03:00,0.3882873519814325
2018-08-26 06:06:00,0.3439080736171718
2018-08-26 06:09:00,0.4081776033394249
2018-08-26 06:12:00,0.3806880971374653
2018-08-26 06:15:00,0.37127130687406407
2018-08-26 06:18:00,0.4250636176025182
2018-08-26 06:21:00,0.4006339295285102
2018-08-26 06:24:00,0.3826850897105487
2018-08-26 06:27:00,0.3606158362919132
2018-08-26 06:30:00,0.3417365392711531
2018-08-26 06:33:00,0.40319253672151945
2018-08-26 06:36:00,0.36361113597132544
2018-08-26 06:39:00,0.32373130491083657
2018-08-26 06:42:00,0.40684142267951984
2018-08-26 06:45:00,0.43289831644705146
2018-08-26 06:48:00,0.3663973976973125
2018-08-26 06:51:00,0.420603488805682
2018-08-26 06:54:00,0.3842619529864919
2018-08-26 06:57:00,0.4259704219935543
2018-08-26 07:00:00,0.4284616582685885
2018-08-26 07:03:00,0.46672008553929345
2018-08-26 07:06:00,0.37713138348738084
2018-08-26 07:09:00,0.4906002141660224
2018-08-26 07:12:00,0.38652481734163757
2018-08-26 07:15:00,0.4069679065537457
2018-08-26 07:18:00,0.36825936161437767
2018-08-26 07:21:00,0.4245400506098349
2018-08-26 07:24:00,0.3891797254322569
2018-08-26 07:27:00,0.3951058265471943
2018-08-26 07:30:00,0.32961002236072545
2018-08-26 07:33:00,0.39747263592221316
2018-08-26 07:36:00,0.4253097277186271
2018-08-26 07:39:00,0.3832731849270772
2018-08-26 07:42:00,0.33513007615590595
2018-08-26 07:45:00,0.3601005073889496
2018-08-26 07:48:00,0.3617671427463165
2018-08-26 07:51:00,0.37793977909723253
2018-08-26 07:54:00,0.2901489977918459
2018-08-26 07:57:00,0.39088278670925547
2018-08-26 08:00:00,0.35189578063665294
2018-08-26 08:03:00,0.2893912087238846
2018-08-26 08:06:00,0.3381511599160376
2018-08-26 08:09:00,0.30987779314591535
2018-08-26 08:12:00,0.27058345126431504
2018-08-26 08:15:00,0.2969603789706525
2018-08-26 08:18:00,0.25711577722296397
2018-08-26 08:21:00,0.29070451910240536
2018-08-26 08:24:00,0.33084366625797657
2018-08-26 08:27:00,0.30218769959367364
2018-08-26 08:30:00,0.24847765278747147
2018-08-26 08:33:00,0.2552283958176531
2018-08-26 08:36:00,0.21057180087098004
2018-08-26 08:39:00,0.23163565771602634
2018-08-26 08:42:00,0.2722754006177297
2018-08-26 08:45:00,0.31473663813738995
2018-08-26 08:48:00,0.29391427297252903
2018-08-26 08:51:00,0.26201178837192174
2018-08-26 08:54:00,0.2994587142762839
2018-08-26 08:57:00,0.321008059781434
2018-08-26 09:00:00,0.22971131982626503
2018-08-26 09:03:00,0.21066413257346994
2018-08-26 09:06:00,0.12495121269557785
2018-08-26 09:09:00,0.12074765249388975
2018-08-26 09:12:00,0.16573755176528948
2018-08-26 09:15:00,0.13525509879741549
2018-08-26 09:18:00,0.08336491507310484
2018-08-26 09:21:00,0.12545331704609453
2018-08-26 09:24:00,0.11576234503178284
2018-08-26 09:27:00,0.16638669801000106
2018-08-26 09:30:00,0.10592944332080378
2018-08-26 09:33:00,0.13310817169735856
2018-08-26 09:36:00,0.05812826162741658
2018-08-26 09:39:00,0.0865892690299006
2018-08-26 09:42:00,0.06634875454011535
2018-08-26 09:45:00,0.03312836201217806
2018-08-26 09:48:00,-0.06785212169501165
2018-08-26 09:51:00,0.024236089495047963
2018-08-26 09:54:00,-0.0613520425578713
2018-08-26 09:57:00,0.010208185436113126
2018-08-26 10:00:00,-0.1027740167844513
2018-08-26 10:03:00,-0.14780051013696038
2018-08-26 10:06:00,0.022336236732314774
2018-08-26 10:09:00,-0.11906495736963052
2018-08-26 10:12:00,-0.1848770265572739
2018-08-26 10:15:00,-0.1668204801499087
2018-08-26 10:18:00,-0.3325147672694584
2018-08-26 10:21:00,-0.17980829534144505
2018-08-26 10:24:00,-0.23332057030557962
2018-08-26 10:27:00,-0.17253207665470427
2018-08-26 10:30:00,-0.226085259585318
2018-08-26 10:33:00,-0.2693303371335105
2018-08-26 10:36:00,-0.18663047134793942
2018-08-26 10:39:00,-0.29771465833408683
2018-08-26 10:42:00,-0.26521338716065657
2018-08-26 10:45:00,-0.20611037325272719
2018-08-26 10:48:00,-0.29733943040872646
2018-08-26 10:51:00,-0.287403659915185
2018-08-26 10:54:00,-0.2606577864312385
2018-08-26 10:57:00,-0.20949657717835635
2018-08-26 11:00:00,-0.3324446442879889
2018-08-26 11:03:00,-0.1775155288047472
2018-08-26 11:06:00,-0.2695328494167484
2018-08-26 11:09:00,-0.34498995237015606
2018-08-26 11:12:00,-0.29853459162177387
2018-08-26 11:15:00,-0.26338873172386457
2018-08-26 11:18:00,-0.4015189430414239
2018-08-26 11:21:00,-0.31942372441716316
2018-08-26 11:24:00,-0.3824101221255205
2018-08-26 11:27:00,-0.3387032945292958
2018-08-26 11:30:00,-0.3674272242654979
2018-08-26 11:33:00,-0.4124655697319213
2018-08-26 11:36:00,-0.45941233596016673
2018-08-26 11:39:00,-0.31179484972199134
2018-08-26 11:42:00,-0.36470085786527306
2018-08-26 11:45:00,-0.27097368542740696
2018-08-26 11:48:00,-0.3167828453853758
2018-08-26 11:51:00,-0.3386838716319289
2018-08-26 11:54:00,-0.3388632699533787
2018-08-26 11:57:00,-0.42373583648100066
2018-08-26 12:00:00,-0.3070743668860132
2018-08-26 12:03:00,-0.4178727067563841
2018-08-26 12:06:00,-0.4854050512161052
2018-08-26 12:09:00,-0.3604779748874307
2018-08-26 12:12:00,-0.42218808831410115
2018-08-26 12:15:00,-0.35664315026650684
2018-08-26 12:18:00,-0.4271242683162768
2018-08-26 12:21:00,-0.3246350339243804
2018-08-26 12:24:00,-0.3952164734074586
2018-08-26 12:27:00,-0.4442468983837671
2018-08-26 12:30:00,-0.44863698573340116
2018-08-26 12:33:00,-0.390994483516522
2018-08-26 12:36:00,-0.3135038566709909
2018-08-26 12:39:00,-0.5513738049089056
2018-08-26 12:42:00,-0.42581534008206745
2018-08-26 12:45:00,-0.37658008902553775
2018-08-26 12:48:00,-0.4263024502967028
2018-08-26 12:51:00,-0.41011271157577767
2018-08-26 12:54:00,-0.38850136826334847
2018-08-26 12:57:00,-0.3206221529941331
2018-08-26 13:00:00,-0.26409013867998965
2018-08-26 13:03:00,-0.24788175512480848
2018-08-26 13:06:00,-0.35559945622247824
2018-08-26 13:09:00,-0.23969065667063205
2018-08-26 13:12:00,-0.21995177678979871
2018-08-26 13:15:00,-0.330341401587134
2018-08-26 13:18:00,-0.3220883673562298
2018-08-26 13:21:00,-0.38296762999732437
2018-08-26 13:24:00,-0.3599435121454917
2018-08-26 13:27:00,-0.3678282075731545
2018-08-26 13:30:00,-0.30568589020253967
2018-08-26 13:33:00,-0.30459188125138326
2018-08-26 13:36:00,-0.3099483296927019
2018-08-26 13:39:00,-0.3233495343628192
2018-08-26 13:42:00,-0.32347994061188956
2018-08-26 13:45:00,-0.4390421366131818
2018-08-26 13:48:00,-0.5955282374899298
2018-08-26 13:51:00,-0.2706875184923092
2018-08-26 13:54:00,-0.331929566808185
2018-08-26 13:57:00,-0.5083648918799781
2018-08-26 14:00:00,-0.4388517145337687
2018-08-26 14:03:00,-0.4035940962969562
2018-08-26 14:06:00,-0.4414402868926004
2018-08-26 14:09:00,-0.3089436255380633
2018-08-26 14:12:00,-0.4634917669472429
2018-08-26 14:15:00,-0.4180287866616368
2018-08-26 14:18:00,-0.4194790647615605
2018-08-26 14:21:00,-0.36412213202947896
2018-08-26 14:24:00,-0.4153274738343953
2018-08-26 14:27:00,-0.38931379185834203
2018-08-26 14:30:00,-0.47289014858625933
2018-08-26 14:33:00,-0.5666909870441259
2018-08-26 14:36:00,-0.5204681192912517
2018-08-26 14:39:00,-0.5717552785820885
2018-08-26 14:42:00,-0.4702780362661656
2018-08-26 14:45:00,-0.6906046266323074
2018-08-26 14:48:00,-0.5013443048807744
2018-08-26 14:51:00,-0.6530565733628464
2018-08-26 14:54:00,-0.6404006130111952
2018-08-26 14:57:00,-0.5333059073246886
2018-08-26 15:00:00,-0.523874328032889
2018-08-26 15:03:00,-0.630069498256546
2018-08-26 15:06:00,-0.4997040733833842
2018-08-26 15:09:00,-0.45705186655692387
2018-08-26 15:12:00,-0.6629025865846074
2018-08-26 15:15:00,-0.6090546170505604
2018-08-26 15:18:00,-0.5510379426590362
2018-08-26 15:21:00,-0.5173331635379554
2018-08-26 15:24:00,-0.5005111571996395
2018-08-26 15:27:00,-0.515432354749521
2018-08-26 15:30:00,-0.4328817052120826
2018-08-26 15:33:00,-0.4636093352275452
2018-08-26 15:36:00,-0.4447726928737552
2018-08-26 15:39:00,-0.5583143498249683
2018-08-26 15:42:00,-0.5887438077250522
2018-08-26 15:45:00,-0.5850734820547245
2018-08-26 15:48:00,-0.570623497250665
2018-08-26 15:51:00,-0.5136108618474964
2018-08-26 15:54:00,-0.5813983427503331
2018-08-26 15:57:00,-0.5487810181463715
2018-08-26 16:00:00,-0.542334455603168
2018-08-26 16:03:00,-0.48526356400469695
2018-08-26 16:06:00,-0.49187011644232825
2018-08-26 16:09:00,-0.5509966994796969
2018-08-26 16:12:00,-0.5179287074760737
2018-08-26 16:15:00,-0.6180650496059457
2018-08-26 16:18:00,-0.4822043129522626
2018-08-26 16:21:00,-0.49264139507624805
2018-08-26 16:24:00,-0.4394139451162573
2018-08-26 16:27:00,-0.36867998642424027
2018-08-26 16:30:00,-0.45601636192293427
2018-08-26 16:33:00,-0.42296072517535777
2018-08-26 16:36:00,-0.6166062009194775
2018-08-26 16:39:00,-0.6550083790361327
2018-08-26 16:42:00,-0.6006991943534672
2018-08-26 16:45:00,-0.511577006191942
2018-08-26 16:48:00,-0.5492806084332642
2018-08-26 16:51:00,-0.5519014698486444
2018-08-26 16:54:00,-0.4268401579036549
2018-08-26 16:57:00,-0.6387014618029525
2018-08-26 17:00:00,-0.5706797668439663
2018-08-26 17:03:00,-0.5870499138679861
2018-08-26 17:06:00,-0.546954596494345
2018-08-26 17:09:00,-0.4846550672651233
2018-08-26 17:12:00,-0.5053618540084699
2018-08-26 17:15:00,-0.4723649651718915
2018-08-26 17:18:00,-0.5390092690216761
2018-08-26 17:21:00,-0.40315475895152986
2018-08-26 17:24:00,-0.48179949706718617
2018-08-26 17:27:00,-0.4438799000706126
2018-08-26 17:30:00,-0.31922753555750205
2018-08-26 17:33:00,-0.45088199279308583
2018-08-26 17:36:00,-0.421942769968382
2018-08-26 17:39:00,-0.38683164077770016
2018-08-26 17:42:00,-0.3698251383002571
2018-08-26 17:45:00,-0.42323131246291723
2018-08-26 17:48:00,-0.40286367745113694
2018-08-26 17:51:00,-0.41523373570549893
2018-08-26 17:54:00,-0.3712332683278987
2018-08-26 17:57:00,-0.3068016638534914
2018-08-26 18:00:00,-0.29421452514839075
2018-08-26 18:03:00,-0.3798581729037096
2018-08-26 18:06:00,-0.28798265212691376
2018-08-26 18:09:00,-0.3952914971351902
2018-08-26 18:12:00,-0.39564030360634206
2018-08-26 18:15:00,-0.45143689505886186
2018-08-26 18:18:00,-0.30745553461196096
2018-08-26 18:21:00,-0.3544676959540993
2018-08-26 18:24:00,-0.37414397765678586
2018-08-26 18:27:00,-0.2742032566536068
2018-08-26 18:30:00,-0.39488571677816253
2018-08-26 18:33:00,-0.32150327280982083
2018-08-26 18:36:00,-0.3468336864302728
2018-08-26 18:39:00,-0.352711917639283
2018-08-26 18:42:00,-0.3388195027278016
2018-08-26 18:45:00,-0.30380348232699816
2018-08-26 18:48:00,-0.42130767110757006
2018-08-26 18:51:00,-0.34803154008591264
2018-08-26 18:54:00,
2018-08-26 18:57:00,
2018-08-26 19:00:00,
2018-08-26 19:03:00,-0.3493043104664366
2018-08-26 19:06:00,-0.3541362181853174
2018-08-26 19:09:00,-0.42621612509356055
2018-08-26 19:12:00,-0.3211243576454308
2018-08-26 19:15:00,-0.3468712914346952
2018-08-26 19:18:00,-0.34944198654443426
2018-08-26 19:21:00,-0.3536548895280589
2018-08-26 19:24:00,-0.30820261748556277
2018-08-26 19:27:00,-0.3231421143104285
2018-08-26 19:30:00,-0.3497143410036756
2018-08-26 19:33:00,-0.2451876888947595
2018-08-26 19:36:00,-0.23884844323299603
2018-08-26 19:39:00,-0.22728845565745814
2018-08-26 19:42:00,-0.35440232399963634
2018-08-26 19:45:00,-0.32363319715682337
2018-08-26 19:48:00,-0.2204550868042361
2018-08-26 19:51:00,-0.24014254531329016
2018-08-26 19:54:00,-0.2237166537249209
2018-08-26 19:57:00,-0.20591218616857532
2018-08-26 20:00:00,-0.23537650901079132
2018-08-26 20:03:00,-0.18536965267804817
2018-08-26 20:06:00,-0.21624803832975203
2018-08-26 20:09:00,-0.21643107316731403
2018-08-26 20:12:00,-0.2231196657264718
2018-08-26 20:15:00,-0.18900650475598013
2018-08-26 20:18:00,-0.2091325786456082
2018-08-26 20:21:00,-0.1284869475628625
2018-08-26 20:24:00,-0.08571120000328847
2018-08-26 20:27:00,-0.07360045472620413
2018-08-26 20:30:00,-0.014184240638428491
2018-08-26 20:33:00,-0.15550297509713573
2018-08-26 20:36:00,-0.06540397079419336
2018-08-26 20:39:00,-0.1195112165048613
2018-08-26 20:42:00,-0.010298097617805979
2018-08-26 20:45:00,-0.09270655717284626
2018-08-26 20:48:00,-0.0175284612086557
2018-08-26 20:51:00,-0.08735253080743632
2018-08-26 20:54:00,-0.10713614743758626
2018-08-26 20:57:00,-0.15041246115544027
2018-08-26 21:00:00,-0.03599381972651372
2018-08-26 21:03:00,-0.11241184801724557
2018-08-26 21:06:00,-0.10277507915549222
2018-08-26 21:09:00,-0.17766200300928858
2018-08-26 21:12:00,-0.03735893317087857
2018-08-26 21:15:00,-0.12192749748658116
2018-08-26 21:18:00,-0.07495284251041312
2018-08-26 21:21:00,-0.08256240122813097
2018-08-26 21:24:00,-0.14027835823372925
2018-08-26 21:27:00,-0.04984743869619024
2018-08-26 21:30:00,-0.1123618955443817
2018-08-26 21:33:00,-0.032871573353986605
2018-08-26 21:36:00,-0.09618769312407949
2018-08-26 21:39:00,-0.017315794502849258
2018-08-26 21:42:00,0.04667797122368711
2018-08-26 21:45:00,-0.08711511413423523
2018-08-26 21:48:00,-0.07474496905456363
2018-08-26 21:51:00,0.01186919933337549
2018-08-26 21:54:00,-0.061441676999720585
2018-08-26 21:57:00,-0.09850573204511193
2018-08-26 22:00:00,-0.14969160610917243
2018-08-26 22:03:00,-0.08699862568636263
2018-08-26 22:06:00,-0.12946330361864966
2018-08-26 22:09:00,-0.030859463337378656
2018-08-26 22:12:00,-0.1453591763129225
2018-08-26 22:15:00,-0.13061917120177213
2018-08-26 22:18:00,-0.14465149679568867
2018-08-26 22:21:00,-0.10220940326217942
2018-08-26 22:24:00,-0.05212499678231097
2018-08-26 22:27:00,-0.06942212392431202
2018-08-26 22:30:00,-0.06939252518151307
2018-08-26 22:33:00,-0.13925163165168897
2018-08-26 22:36:00,-0.005997264653956336
2018-08-26 22:39:00,-0.03198227434847922
2018-08-26 22:42:00,-0.031357785198963484
2018-08-26 22:45:00,0.0036426090316581394
2018-08-26 22:48:00,0.03683210804558712
2018-08-26 22:51:00,-0.08026566880454311
2018-08-26 22:54:00,-0.10487279878452682
2018-08-26 22:57:00,0.0056019161948484
2018-08-26 23:00:00,-0.10314382467180394
2018-08-26 23:03:00,-0.07537760036478858
2018-08-26 23:06:00,-0.08808205999707752
2018-08-26 23:09:00,0.0034862289114698797
2018-08-26 23:12:00,0.023376453826983834
2018-08-26 23:15:00,0.21775013318375613
2018-08-26 23:18:00,-0.11992981952465698
2018-08-26 23:21:00,-0.022362425075129977
2018-08-26 23:24:00,-0.013542710566184724
2018-08-26 23:27:00,0.031703369633476086
2018-08-26 23:30:00,0.06991807811181161
2018-08-26 23:33:00,0.10472754748064972
2018-08-26 23:36:00,0.12300118135937055
2018-08-26 23:39:00,0.10869050035256578
2018-08-26 23:42:00,0.16616524622105544
2018-08-26 23:45:00,0.1336604975355158
2018-08-26 23:48:00,0.14366984230980506
2018-08-26 23:51:00,0.173419169537965
2018-08-26 23:54:00,0.1265485394155803
2018-08-26 23:57:00,0.2782057123279742
2018-08-27 00:00:00,0.20829131745534823
2018-08-27 00:03:00,0.2457250900228587
2018-08-27 00:06:00,0.2242093326510144
2018-08-27 00:09:00,0.3058266269424621
2018-08-27 00:12:00,0.33173389737731895
2018-08-27 00:15:00,0.36970255353708126
2018-08-27 00:18:00,0.346250672415124
2018-08-27 00:21:00,0.3448843744997703
2018-08-27 00:24:00,0.3366085015693443
2018-08-27 00:27:00,0.3138148244797776
2018-08-27 00:30:00,0.3135583938905029
2018-08-27 00:33:00,0.3689407980800752
2018-08-27 00:36:00,0.33015408336405017
2018-08-27 00:39:00,0.30662455818799117
2018-08-27 00:42:00,0.27376477675500155
2018-08-27 00:45:00,0.273196279695469
2018-08-27 00:48:00,0.29110654780851064
2018-08-27 00:51:00,0.29068232978892183
2018-08-27 00:54:00,0.3359613589894366
2018-08-27 00:57:00,0.3287910045711442
2018-08-27 01:00:00,0.3516576338603272
2018-08-27 01:03:00,0.4324577032854222
2018-08-27 01:06:00,0.41758311514951174
2018-08-27 01:09:00,0.414461334269447
2018-08-27 01:12:00,0.47621976834346924
2018-08-27 01:15:00,0.4289753705214139
2018-08-27 01:18:00,0.4019605771552506
2018-08-27 01:21:00,0.4822106033574869
2018-08-27 01:24:00,0.39366714017666027
2018-08-27 01:27:00,0.3920910059682683
2018-08-27 01:30:00,0.4226570245635912
2018-08-27 01:33:00,0.34435979350973867
2018-08-27 01:36:00,0.31306603917806797
2018-08-27 01:39:00,0.28436049298289845
2018-08-27 01:42:00,0.30804499976989064
2018-08-27 01:45:00,0.2544771997208386
2018-08-27 01:48:00,0.23290851852368633
2018-08-27 01:51:00,0.2480112636380909
2018-08-27 01:54:00,0.3403711965974594
2018-08-27 01:57:00,0.3098504299008482
2018-08-27 02:00:00,0.27852201254313513
2018-08-27 02:03:00,0.344506331783748
2018-08-27 02:06:00,0.34180754970077487
2018-08-27 02:09:00,0.2773651558303527
2018-08-27 02:12:00,0.22851420048039017
2018-08-27 02:15:00,0.3900958783545434
2018-08-27 02:18:00,0.3557072551964211
2018-08-27 02:21:00,0.3480491596160391
2018-08-27 02:24:00,0.2998306504017023
2018-08-27 02:27:00,0.2770746453716697
2018-08-27 02:30:00,0.2981168475301388
2018-08-27 02:33:00,0.3381738009340438
2018-08-27 02:36:00,0.33370762003278287
2018-08-27 02:39:00,0.2669824973428945
2018-08-27 02:42:00,0.2957481438210152
2018-08-27 02:45:00,0.36431321667646444
2018-08-27 02:48:00,0.25052970677955955
2018-08-27 02:51:00,0.41549673701314305
2018-08-27 02:54:00,0.32443855582238257
2018-08-27 02:57:00,0.36187845594145074
2018-08-27 03:00:00,0.397963589887695
2018-08-27 03:03:00,0.40268467211791403
2018-08-27 03:06:00,0.36762581597542976
2018-08-27 03:09:00,0.37435735880563925
2018-08-27 03:12:00,0.5032403805410013
2018-08-27 03:15:00,0.46693695280060865
2018-08-27 03:18:00,0.4309825404475873
2018-08-27 03:21:00,0.41517437616403186
2018-08-27 03:24:00,0.32758880838474624
2018-08-27 03:27:00,0.3918544385329028
2018-08-27 03:30:00,0.4661061223573597
2018-08-27 03:33:00,0.4605872180698043
2018-08-27 03:36:00,0.4619041280566307
2018-08-27 03:39:00,0.4110383443102137
2018-08-27 03:42:00,0.45253911389232826
2018-08-27 03:45:00,0.4554290436581141
2018-08-27 03:48:00,0.4084395863138184
2018-08-27 03:51:00,0.3936588267139882
2018-08-27 03:54:00,0.3495731000618889
2018-08-27 03:57:00,0.3315155586051901
2018-08-27 04:00:00,0.2610901406746393
2018-08-27 04:03:00,0.37426376635738734
2018-08-27 04:06:00,0.448309453474792
2018-08-27 04:09:00,0.4632028523634517
2018-08-27 04:12:00,0.3932061793521484
2018-08-27 04:15:00,0.41192240309419503
2018-08-27 04:18:00,0.4641725199759321
2018-08-27 04:21:00,0.42050591806611237
2018-08-27 04:24:00,0.38261054847311016
2018-08-27 04:27:00,0.467157748967054
2018-08-27 04:30:00,0.5156533139983139
2018-08-27 04:33:00,0.5370718244442969
2018-08-27 04:36:00,0.522504609984594
2018-08-27 04:39:00,0.4761344368803293
2018-08-27 04:42:00,0.5776350500242984
2018-08-27 04:45:00,0.5405829903840527
2018-08-27 04:48:00,0.49715008306202435
2018-08-27 04:51:00,0.5724927753917655
2018-08-27 04:54:00,0.5245186043434842
2018-08-27 04:57:00,0.48260774061770917
2018-08-27 05:00:00,0.6085284759111573
2018-08-27 05:03:00,0.5747208583852057
2018-08-27 05:06:00,0.5651237487942922
2018-08-27 05:09:00,0.5708018751309396
2018-08-27 05:12:00,0.5767177281705358
2018-08-27 05:15:00,0.46515683222781945
2018-08-27 05:18:00,0.5728960309702984
2018-08-27 05:21:00,0.5240766029825181
2018-08-27 05:24:00,0.5287504487918682
2018-08-27 05:27:00,0.6092494725514257
2018-08-27 05:30:00,0.5906445883258584
2018-08-27 05:33:00,0.5102031387463626
2018-08-27 05:36:00,0.618485123911455
2018-08-27 05:39:00,0.5806366732800257
2018-08-27 05:42:00,0.5994553747852365
2018-08-27 05:45:00,0.4768214471025658
2018-08-27 05:48:00,0.4786188642524962
2018-08-27 05:51:00,0.5612428166210748
2018-08-27 05:54:00,0.4143804275067282
2018-08-27 05:57:00,0.44863874432888906
2018-08-27 06:00:00,0.47848006902370344
2018-08-27 06:03:00,0.48553505037426703
2018-08-27 06:06:00,0.4575986648939079
2018-08-27 06:09:00,0.46750498767192994
2018-08-27 06:12:00,0.4605868821514605
2018-08-27 06:15:00,0.46362051480531363
2018-08-27 06:18:00,0.5647296386483163
2018-08-27 06:21:00,0.4851847671041014
2018-08-27 06:24:00,0.43905306975716485
2018-08-27 06:27:00,0.49947159948715125
2018-08-27 06:30:00,0.49428333649143497
2018-08-27 06:33:00,0.5003839301940616
2018-08-27 06:36:00,0.355114949956544
2018-08-27 06:39:00,0.5056075205775414
2018-08-27 06:42:00,0.5074723099708649
2018-08-27 06:45:00,0.4091451650085105
2018-08-27 06:48:00,0.4295502695869686
2018-08-27 06:51:00,0.5351506288678252
2018-08-27 06:54:00,0.4820274805808822
2018-08-27 06:57:00,0.5622955458929937
2018-08-27 07:00:00,0.4815754880390841
2018-08-27 07:03:00,0.399964999398037
2018-08-27 07:06:00,0.4699705112386141
2018-08-27 07:09:00,0.35685784376971696
2018-08-27 07:12:00,0.4646845626973004
2018-08-27 07:15:00,0.47781410436533633
2018-08-27 07:18:00,0.4883726268580517
2018-08-27 07:21:00,0.5032387252618378
2018-08-27 07:24:00,0.4488663596664537
2018-08-27 07:27:00,0.43050447545130055
2018-08-27 07:30:00,0.46227876287508707
2018-08-27 07:33:00,0.3654757499710968
2018-08-27 07:36:00,0.4599863769400372
2018-08-27 07:39:00,0.4350219881297903
2018-08-27 07:42:00,0.4493285885460523
2018-08-27 07:45:00,0.4306442365163434
2018-08-27 07:48:00,0.4285932579700784
2018-08-27 07:51:00,0.42089326891573364
2018-08-27 07:54:00,0.43141682110200463
2018-08-27 07:57:00,0.5195499099185099
2018-08-27 08:00:00,0.443104350925978
2018-08-27 08:03:00,0.3111004776261552
2018-08-27 08:06:00,0.40018037094154124
2018-08-27 08:09:00,0.4021425324538086
2018-08-27 08:12:00,0.4246490209316107
2018-08-27 08:15:00,0.3021963609785985
2018-08-27 08:18:00,0.45781176850692873
2018-08-27 08:21:00,0.3715244971724587
2018-08-27 08:24:00,0.3756194934586574
2018-08-27 08:27:00,0.3517320229859138
2018-08-27 08:30:00,0.3959560292985884
2018-08-27 08:33:00,0.3477009413405767
2018-08-27 08:36:00,0.33611350227022285
2018-08-27 08:39:00,0.3336118348157697
2018-08-27 08:42:00,0.37043929016448374
2018-08-27 08:45:00,0.31168591529603873
2018-08-27 08:48:00,0.3203257057077167
2018-08-27 08:51:00,0.29814681233006013
2018-08-27 08:54:00,0.32023203103648257
2018-08-27 08:57:00,0.3889999153291228
2018-08-27 09:00:00,0.3730035999725487
2018-08-27 09:03:00,0.3580899470683221
2018-08-27 09:06:00,0.2862306012128215
2018-08-27 09:09:00,0.29490505916135135
2018-08-27 09:12:00,0.3219822010287885
2018-08-27 09:15:00,0.38659094619720236
2018-08-27 09:18:00,0.24576736748406347
2018-08-27 09:21:00,0.20415015034751605
2018-08-27 09:24:00,0.3331730323793636
2018-08-27 09:27:00,0.3473597471144103
2018-08-27 09:30:00,0.33415075551283735
2018-08-27 09:33:00,0.311202067244551
2018-08-27 09:36:00,0.2929119124776207
2018-08-27 09:39:00,0.40444945717990777
2018-08-27 09:42:00,0.3616939007259248
2018-08-27 09:45:00,0.2936675567504494
2018-08-27 09:48:00,0.2966470569469948
2018-08-27 09:51:00,0.38630213144080017
2018-08-27 09:54:00,0.2503145408195451
2018-08-27 09:57:00,0.29893112274100986
2018-08-27 10:00:00,0.23050981042536023
2018-08-27 10:03:00,0.21628485868922098
2018-08-27 10:06:00,0.2670251550262037
2018-08-27 10:09:00,0.24811277827001277
2018-08-27 10:12:00,0.2497034461777048
2018-08-27 10:15:00,0.028834466793853153
2018-08-27 10:18:00,0.10806731708106554
2018-08-27 10:21:00,0.13628221701452503
2018-08-27 10:24:00,0.051750729307229903
2018-08-27 10:27:00,0.10058808723215407
2018-08-27 10:30:00,0.10669666276402268
2018-08-27 10:33:00,0.0015132275296423359
2018-08-27 10:36:00,0.07084615057851806
2018-08-27 10:39:00,0.018545662791552786
2018-08-27 10:42:00,0.03818432387828352
2018-08-27 10:45:00,0.012706680325720754
2018-08-27 10:48:00,-0.07487898064448473
2018-08-27 10:51:00,-0.0074045555016937215
2018-08-27 10:54:00,-0.16195855760071254
2018-08-27 10:57:00,-0.07226127693496665
2018-08-27 11:00:00,-0.0883882948946848
2018-08-27 11:03:00,-0.24656706109828974
2018-08-27 11:06:00,-0.06627831659250205
2018-08-27 11:09:00,-0.11847174855375897
2018-08-27 11:12:00,-0.24489075834378582
2018-08-27 11:15:00,-0.21296943371606858
2018-08-27 11:18:00,-0.20553101822389408
2018-08-27 11:21:00,-0.2581827052940753
2018-08-27 11:24:00,-0.2672388583183647
2018-08-27 11:27:00,-0.3130290390926689
2018-08-27 11:30:00,-0.23316069695431452
2018-08-27 11:33:00,-0.3197039147628402
2018-08-27 11:36:00,-0.37537859948622554
2018-08-27 11:39:00,-0.4028173770675494
2018-08-27 11:42:00,-0.3748956687812779
2018-08-27 11:45:00,-0.31432173970415533
2018-08-27 11:48:00,-0.36399343304151444
2018-08-27 11:51:00,-0.47818561690110073
2018-08-27 11:54:00,-0.3932202512965546
2018-08-27 11:57:00,-0.40167762736888335
2018-08-27 12:00:00,-0.3911076610814348
2018-08-27 12:03:00,-0.388262154266954
2018-08-27 12:06:00,-0.33245203829977754
2018-08-27 12:09:00,-0.4010237112084951
2018-08-27 12:12:00,-0.4026850868099814
2018-08-27 12:15:00,-0.3550176964629941
2018-08-27 12:18:00,-0.3758615964518981
2018-08-27 12:21:00,-0.3403354187332184
2018-08-27 12:24:00,-0.3059179509388059
2018-08-27 12:27:00,-0.2958271884200485
2018-08-27 12:30:00,-0.2941273153417683
2018-08-27 12:33:00,-0.3566291205272023
2018-08-27 12:36:00,-0.4550683227051877
2018-08-27 12:39:00,-0.290720127874863
2018-08-27 12:42:00,-0.19297708434362448
2018-08-27 12:45:00,-0.15950376386979315
2018-08-27 12:48:00,-0.32104963983977086
2018-08-27 12:51:00,-0.26842479816127707
2018-08-27 12:54:00,-0.1627387733947785
2018-08-27 12:57:00,-0.1565396821166587
2018-08-27 13:00:00,-0.3718601700848012
2018-08-27 13:03:00,-0.43738875271537836
2018-08-27 13:06:00,-0.2895745185812757
2018-08-27 13:09:00,-0.41867289107608485
2018-08-27 13:12:00,-0.5148738123982639
2018-08-27 13:15:00,-0.3798761606950052
2018-08-27 13:18:00,-0.3239774749205253
2018-08-27 13:21:00,-0.1894867686863222
2018-08-27 13:24:00,-0.15922482852141684
2018-08-27 13:27:00,-0.2742698786843789
2018-08-27 13:30:00,-0.5229353194254713
2018-08-27 13:33:00,-0.5346121144214067
2018-08-27 13:36:00,-0.5564685517409202
2018-08-27 13:39:00,-0.45091403333111657
2018-08-27 13:42:00,-0.4187854425430828
2018-08-27 13:45:00,-0.37401717554001834
2018-08-27 13:48:00,-0.2834779974128878
2018-08-27 13:51:00,-0.2830864974482665
2018-08-27 13:54:00,-0.6714540402600164
2018-08-27 13:57:00,-0.5573930081013145
2018-08-27 14:00:00,-0.5815170038108022
2018-08-27 14:03:00,-0.5902192021233077
2018-08-27 14:06:00,-0.5941080552743188
2018-08-27 14:09:00,-0.5745774860881738
2018-08-27 14:12:00,-0.5545794038008012
2018-08-27 14:15:00,-0.514097547772792
2018-08-27 14:18:00,-0.384822707560204
2018-08-27 14:21:00,-0.501057000149217
2018-08-27 14:24:00,-0.3218779713878348
2018-08-27 14:27:00,-0.2903446004077068
2018-08-27 14:30:00,-0.43686474264399067
2018-08-27 14:33:00,-0.6223142484631126
2018-08-27 14:36:00,-0.4475934261602674
2018-08-27 14:39:00,-0.5857002693268214
2018-08-27 14:42:00,-0.5499039758928461
2018-08-27 14:45:00,-0.5190589360441322
2018-08-27 14:48:00,-0.5650118870272536
2018-08-27 14:51:00,-0.588345466982787
2018-08-27 14:54:00,-0.5599771475845046
2018-08-27 14:57:00,-0.46471375332123444
2018-08-27 15:00:00,-0.5240938049204829
2018-08-27 15:03:00,-0.5107896591525787
2018-08-27 15:06:00,-0.5035107284271021
2018-08-27 15:09:00,-0.4834174923975638
2018-08-27 15:12:00,-0.4763237798896398
2018-08-27 15:15:00,-0.48924736268463676
2018-08-27 15:18:00,-0.5658902682218354
2018-08-27 15:21:00,-0.35765549776579064
2018-08-27 15:24:00,-0.49756758311764315
2018-08-27 15:27:00,-0.5222447952096445
2018-08-27 15:30:00,-0.5686876676300017
2018-08-27 15:33:00,-0.47243327796525136
2018-08-27 15:36:00,-0.4585300359792086
2018-08-27 15:39:00,-0.508400223365868
2018-08-27 15:42:00,-0.43413296487932485
2018-08-27 15:45:00,-0.4311042365424669
2018-08-27 15:48:00,-0.5026580770293663
2018-08-27 15:51:00,-0.41100501011726465
2018-08-27 15:54:00,-0.49955278540028303
2018-08-27 15:57:00,-0.5553066469468604
2018-08-27 16:00:00,-0.5434529845585985
2018-08-27 16:03:00,-0.5183706452301635
2018-08-27 16:06:00,-0.4881968467476554
2018-08-27 16:09:00,-0.4738704181564799
2018-08-27 16:12:00,-0.4659975789192572
2018-08-27 16:15:00,-0.47256677380858036
2018-08-27 16:18:00,-0.5032383361748316
2018-08-27 16:21:00,-0.4996562627442245
2018-08-27 16:24:00,-0.4885565789131192
2018-08-27 16:27:00,-0.5634729910936471
2018-08-27 16:30:00,-0.49212830248922046
2018-08-27 16:33:00,-0.4551900599797136
2018-08-27 16:36:00,-0.49500025148495297
2018-08-27 16:39:00,-0.4806953769455049
2018-08-27 16:42:00,-0.47873488137912545
2018-08-27 16:45:00,-0.5293583065795247
2018-08-27 16:48:00,-0.5654207101361521
2018-08-27 16:51:00,-0.43836188992423786
2018-08-27 16:54:00,-0.3761808261540409
2018-08-27 16:57:00,-0.4377240454430762
2018-08-27 17:00:00,-0.48525947438008643
2018-08-27 17:03:00,-0.5054399299249894
2018-08-27 17:06:00,-0.4263157854096562
2018-08-27 17:09:00,-0.3806507251889002
2018-08-27 17:12:00,-0.5092929032178404
2018-08-27 17:15:00,-0.5289693040672887
2018-08-27 17:18:00,-0.5422730667966107
2018-08-27 17:21:00,-0.4221236145814373
2018-08-27 17:24:00,-0.4508638939828984
2018-08-27 17:27:00,-0.4525916193397279
2018-08-27 17:30:00,-0.37718642140492875
2018-08-27 17:33:00,-0.5332895728463427
2018-08-27 17:36:00,-0.4545404526248831
2018-08-27 17:39:00,-0.49121689534098323
2018-08-27 17:42:00,-0.3909056281844414
2018-08-27 17:45:00,-0.45634389804723696
2018-08-27 17:48:00,-0.4346467296767287
2018-08-27 17:51:00,-0.5216848442199762
2018-08-27 17:54:00,-0.4035750781848719
2018-08-27 17:57:00,-0.3884706702026506
2018-08-27 18:00:00,-0.4678857478037912
2018-08-27 18:03:00,-0.4169281394189852
2018-08-27 18:06:00,-0.4113625478213976
2018-08-27 18:09:00,-0.33363074682864635
2018-08-27 18:12:00,-0.35763651572989374
2018-08-27 18:15:00,-0.3172476357898404
2018-08-27 18:18:00,-0.37467904981576794
2018-08-27 18:21:00,-0.3136145530508543
2018-08-27 18:24:00,-0.2798447177436856
2018-08-27 18:27:00,-0.2238728036168709
2018-08-27 18:30:00,-0.1577709766726798
2018-08-27 18:33:00,-0.1517562519101716
2018-08-27 18:36:00,-0.1693287384684936
2018-08-27 18:39:00,-0.17785275831857916
2018-08-27 18:42:00,-0.15966140186617395
2018-08-27 18:45:00,-0.09839779729594511
2018-08-27 18:48:00,-0.049366310823756976
2018-08-27 18:51:00,-0.08449840124228558
2018-08-27 18:54:00,
2018-08-27 18:57:00,
2018-08-27 19:00:00,
2018-08-27 19:03:00,-0.03628504829873691
2018-08-27 19:06:00,-0.0435220856031151
2018-08-27 19:09:00,-0.09775809124624857
2018-08-27 19:12:00,-0.12122532202158709
2018-08-27 19:15:00,-0.026540651473737853
2018-08-27 19:18:00,-0.0199158056262263
2018-08-27 19:21:00,-0.11497444271634549
2018-08-27 19:24:00,-0.0840850271285376
2018-08-27 19:27:00,-0.09392068983203217
2018-08-27 19:30:00,-0.032515540846702606
2018-08-27 19:33:00,-0.028065112419028537
2018-08-27 19:36:00,-0.007795299418035029
2018-08-27 19:39:00,0.0017465577948883038
2018-08-27 19:42:00,-0.01985776084296731
2018-08-27 19:45:00,0.047624207057026524
2018-08-27 19:48:00,-0.09108116357089102
2018-08-27 19:51:00,0.04184612279919975
2018-08-27 19:54:00,0.01803989721781818
2018-08-27 19:57:00,-0.00216021979309744
2018-08-27 20:00:00,0.05246532120560232
2018-08-27 20:03:00,0.03053307642994696
2018-08-27 20:06:00,0.08323275490573678
2018-08-27 20:09:00,0.01104354634480842
2018-08-27 20:12:00,0.07911504720448193
2018-08-27 20:15:00,0.187375216650139
2018-08-27 20:18:00,0.04359299203036926
2018-08-27 20:21:00,0.05426042229629502
2018-08-27 20:24:00,0.25087728031763845
2018-08-27 20:27:00,0.1227552655728914
2018-08-27 20:30:00,0.14241926914758096
2018-08-27 20:33:00,0.19204147338132316
2018-08-27 20:36:00,0.20271108852500674
2018-08-27 20:39:00,0.10108947436845028
2018-08-27 20:42:00,0.11827806332627233
2018-08-27 20:45:00,0.1853301419704394
2018-08-27 20:48:00,0.14196733144757445
2018-08-27 20:51:00,0.04929930091969936
2018-08-27 20:54:00,0.11629994664764354
2018-08-27 20:57:00,0.1505375420832138
2018-08-27 21:00:00,0.15343959736884472
2018-08-27 21:03:00,0.2141302037966284
2018-08-27 21:06:00,0.1532297636657063
2018-08-27 21:09:00,0.23948861928607812
2018-08-27 21:12:00,0.22086534935283453
2018-08-27 21:15:00,0.16235077539982967
2018-08-27 21:18:00,0.2031303631228525
2018-08-27 21:21:00,0.13849302717972023
2018-08-27 21:24:00,0.1958503236799629
2018-08-27 21:27:00,0.09644732540431278
2018-08-27 21:30:00,0.09394973223862735
2018-08-27 21:33:00,0.1992936884468577
2018-08-27 21:36:00,0.034725973989168324
2018-08-27 21:39:00,0.08322778446722623
2018-08-27 21:42:00,0.07357768847367652
2018-08-27 21:45:00,0.07761285220544778
2018-08-27 21:48:00,0.028635425480786125
2018-08-27 21:51:00,0.12520004173194366
2018-08-27 21:54:00,0.14734975357038138
2018-08-27 21:57:00,0.08186082880598633
2018-08-27 22:00:00,0.0644454067231095
2018-08-27 22:03:00,0.042386831698138394
2018-08-27 22:06:00,0.12373094759254855
2018-08-27 22:09:00,0.15508733492902138
2018-08-27 22:12:00,0.1577896579450453
2018-08-27 22:15:00,0.1271169322235437
2018-08-27 22:18:00,0.1009331586556641
2018-08-27 22:21:00,0.1671761374721541
2018-08-27 22:24:00,0.09265071035969186
2018-08-27 22:27:00,0.2318554442691152
2018-08-27 22:30:00,0.16435881526973617
2018-08-27 22:33:00,0.20657084715435303
2018-08-27 22:36:00,0.14247632804216437
2018-08-27 22:39:00,0.14124375788566113
2018-08-27 22:42:00,0.17514853347529424
2018-08-27 22:45:00,0.1725394169466199
2018-08-27 22:48:00,0.21579322205747076
2018-08-27 22:51:00,0.2056703212354023
2018-08-27 22:54:00,0.19077931218447475
2018-08-27 22:57:00,0.12821179096283686
2018-08-27 23:00:00,0.16534609225999475
2018-08-27 23:03:00,0.18629787493358663
2018-08-27 23:06:00,0.21194744424866485
2018-08-27 23:09:00,0.2510668256695112
2018-08-27 23:12:00,0.21412527661306058
2018-08-27 23:15:00,0.24078016070330932
2018-08-27 23:18:00,0.20331943637972927
2018-08-27 23:21:00,0.2237839865301794
2018-08-27 23:24:00,0.11038212486710108
2018-08-27 23:27:00,0.2418867184261444
2018-08-27 23:30:00,0.07797786528567485
2018-08-27 23:33:00,0.17433293909101621
2018-08-27 23:36:00,0.23682007658334214
2018-08-27 23:39:00,0.11940255590877769
2018-08-27 23:42:00,0.106022305785757
2018-08-27 23:45:00,0.2058911646858519
2018-08-27 23:48:00,0.17017801437799562
2018-08-27 23:51:00,0.22547498037317837
2018-08-27 23:54:00,0.2485384473025647
2018-08-27 23:57:00,0.21991914442145344
2018-08-28 00:00:00,0.24335757081490783
2018-08-28 00:03:00,0.1895215185670054
2018-08-28 00:06:00,0.30798725966815255
2018-08-28 00:09:00,0.20454061700456805
2018-08-28 00:12:00,0.24524907268983043
2018-08-28 00:15:00,0.3598783361882738
2018-08-28 00:18:00,0.35246735594972733
2018-08-28 00:21:00,0.27154632315182425
2018-08-28 00:24:00,0.28896091247241884
2018-08-28 00:27:00,0.1935562231214476
2018-08-28 00:30:00,0.2714490948182515
2018-08-28 00:33:00,0.27112736770129686
2018-08-28 00:36:00,0.21837589882113662
2018-08-28 00:39:00,0.19725425450462808
2018-08-28 00:42:00,0.2084015890889077
2018-08-28 00:45:00,0.18977938657150162
2018-08-28 00:48:00,0.2762811652479513
2018-08-28 00:51:00,0.2588032680116612
2018-08-28 00:54:00,0.2583283177912108
2018-08-28 00:57:00,0.33062782578292627
2018-08-28 01:00:00,0.28319753641289935
2018-08-28 01:03:00,0.3533751776615759
2018-08-28 01:06:00,0.4080953226389852
2018-08-28 01:09:00,0.3504893239525586
2018-08-28 01:12:00,0.32202423171747796
2018-08-28 01:15:00,0.37693968473740824
2018-08-28 01:18:00,0.29221425522689515
2018-08-28 01:21:00,0.4019904657898792
2018-08-28 01:24:00,0.3437879959545853
2018-08-28 01:27:00,0.24550607841348437
2018-08-28 01:30:00,0.3729884219261521
2018-08-28 01:33:00,0.42252228099522426
2018-08-28 01:36:00,0.2929046420862278
2018-08-28 01:39:00,0.33757374100304105
2018-08-28 01:42:00,0.2951677747215058
2018-08-28 01:45:00,0.283533736179038
2018-08-28 01:48:00,0.3310837238498152
2018-08-28 01:51:00,0.2867563689425765
2018-08-28 01:54:00,0.2170575078681054
2018-08-28 01:57:00,0.3079045785219705
2018-08-28 02:00:00,0.2664685423603146
2018-08-28 02:03:00,0.17552332526759074
2018-08-28 02:06:00,0.25393779961729024
2018-08-28 02:09:00,0.30039651954064084
2018-08-28 02:12:00,0.18440032289953479
2018-08-28 02:15:00,0.31355290754754606
2018-08-28 02:18:00,0.37334007407974923
2018-08-28 02:21:00,0.26455281514165563
2018-08-28 02:24:00,0.3467472951127206
2018-08-28 02:27:00,0.3237834244291662
2018-08-28 02:30:00,0.24382825764649851
2018-08-28 02:33:00,0.34005066353353186
2018-08-28 02:36:00,0.26282206593612045
2018-08-28 02:39:00,0.31904672637296017
2018-08-28 02:42:00,0.25599428202377794
2018-08-28 02:45:00,0.3324138349603345
2018-08-28 02:48:00,0.39022971417659846
2018-08-28 02:51:00,0.2693613224166711
2018-08-28 02:54:00,0.3333165774830036
2018-08-28 02:57:00,0.2659327029444398
2018-08-28 03:00:00,0.3629159809639759
2018-08-28 03:03:00,0.3302700771762943
2018-08-28 03:06:00,0.34554003053006
2018-08-28 03:09:00,0.28246532226546606
2018-08-28 03:12:00,0.30195080658450024
2018-08-28 03:15:00,0.35040868717544527
2018-08-28 03:18:00,0.3381186732244714
2018-08-28 03:21:00,0.3462430155519769
2018-08-28 03:24:00,0.2380937728418644
2018-08-28 03:27:00,0.39350673706417183
2018-08-28 03:30:00,0.17126597685063416
2018-08-28 03:33:00,0.2621373983025137
2018-08-28 03:36:00,0.33878749708748046
2018-08-28 03:39:00,0.32378577111938966
2018-08-28 03:42:00,0.34830242658472343
2018-08-28 03:45:00,0.41917565074857066
2018-08-28 03:48:00,0.33075078980670014
2018-08-28 03:51:00,0.3147826869920891
2018-08-28 03:54:00,0.3284485185966446
2018-08-28 03:57:00,0.4308582719088463
2018-08-28 04:00:00,0.4022263334218792
2018-08-28 04:03:00,0.4196987233792697
2018-08-28 04:06:00,0.3766471838728762
2018-08-28 04:09:00,0.4238108023822065
2018-08-28 04:12:00,0.5000802280041512
2018-08-28 04:15:00,0.4085350139906154
2018-08-28 04:18:00,0.35642461346571963
2018-08-28 04:21:00,0.37129799549944664
2018-08-28 04:24:00,0.36430962413328416
2018-08-28 04:27:00,0.4111130713101261
2018-08-28 04:30:00,0.38619485489022054
2018-08-28 04:33:00,0.429027875627753
2018-08-28 04:36:00,0.36812662521259654
2018-08-28 04:39:00,0.37253551519035
2018-08-28 04:42:00,0.4013943486174867
2018-08-28 04:45:00,0.47897647194719184
2018-08-28 04:48:00,0.3792612978884904
2018-08-28 04:51:00,0.33737850364497035
2018-08-28 04:54:00,0.47075293088533954
2018-08-28 04:57:00,0.42907889509979213
2018-08-28 05:00:00,0.5150934555313142
2018-08-28 05:03:00,0.2963611329042237
2018-08-28 05:06:00,0.3930052781971085
2018-08-28 05:09:00,0.42449092027686675
2018-08-28 05:12:00,0.440519968954618
2018-08-28 05:15:00,0.3281113356123342
2018-08-28 05:18:00,0.4182586474096297
2018-08-28 05:21:00,0.41869100552639793
2018-08-28 05:24:00,0.44031209468442967
2018-08-28 05:27:00,0.35512349608546856
2018-08-28 05:30:00,0.3725251893246764
2018-08-28 05:33:00,0.4850904672853744
2018-08-28 05:36:00,0.32546354939279354
2018-08-28 05:39:00,0.4530742859479915
2018-08-28 05:42:00,0.45573889832343184
2018-08-28 05:45:00,0.4779013445851774
2018-08-28 05:48:00,0.4430238255372956
2018-08-28 05:51:00,0.4197750224784613
2018-08-28 05:54:00,0.4296627278338292
2018-08-28 05:57:00,0.4708734511755779
2018-08-28 06:00:00,0.5058050332301036
2018-08-28 06:03:00,0.4047541100576382
2018-08-28 06:06:00,0.4303921536617281
2018-08-28 06:09:00,0.416035566909045
2018-08-28 06:12:00,0.5423623703084104
2018-08-28 06:15:00,0.3419763624335701
2018-08-28 06:18:00,0.48025386195399733
2018-08-28 06:21:00,0.4499325004725847
2018-08-28 06:24:00,0.4091995371772441
2018-08-28 06:27:00,0.44665905199269673
2018-08-28 06:30:00,0.5670087369919088
2018-08-28 06:33:00,0.4553952400548269
2018-08-28 06:36:00,0.47790977529655265
2018-08-28 06:39:00,0.5535668584305995
2018-08-28 06:42:00,0.4919468338513866
2018-08-28 06:45:00,0.38106919529184324
2018-08-28 06:48:00,0.3996853554994573
2018-08-28 06:51:00,0.4441873676680643
2018-08-28 06:54:00,0.4178248706606382
2018-08-28 06:57:00,0.44884396067573107
2018-08-28 07:00:00,0.45166023460649285
2018-08-28 07:03:00,0.4545225021900592
2018-08-28 07:06:00,0.4682284880324801
2018-08-28 07:09:00,0.5229727475547179
2018-08-28 07:12:00,0.4806051308491419
2018-08-28 07:15:00,0.5072480912214701
2018-08-28 07:18:00,0.4499366694010405
2018-08-28 07:21:00,0.46332318244736825
2018-08-28 07:24:00,0.42082302664397275
2018-08-28 07:27:00,0.3992620448689763
2018-08-28 07:30:00,0.38909172595617747
2018-08-28 07:33:00,0.462929254441633
2018-08-28 07:36:00,0.4126005532770023
2018-08-28 07:39:00,0.4301127280132846
2018-08-28 07:42:00,0.38472718002162765
2018-08-28 07:45:00,0.4638712059129375
2018-08-28 07:48:00,0.43326640924931326
2018-08-28 07:51:00,0.43609120443846905
2018-08-28 07:54:00,0.4409161027484174
2018-08-28 07:57:00,0.4662800273053449
2018-08-28 08:00:00,0.35297049209606257
2018-08-28 08:03:00,0.41995174144932435
2018-08-28 08:06:00,0.41109074556504765
2018-08-28 08:09:00,0.4635676024952886
2018-08-28 08:12:00,0.37030870573312313
2018-08-28 08:15:00,0.3365698042382519
2018-08-28 08:18:00,0.2579985966552272
2018-08-28 08:21:00,0.3752395906635684
2018-08-28 08:24:00,0.2358457583713971
2018-08-28 08:27:00,0.27692805337318305
2018-08-28 08:30:00,0.32888830318216833
2018-08-28 08:33:00,0.23149975047539328
2018-08-28 08:36:00,0.23640469745220116
2018-08-28 08:39:00,0.35840729425808604
2018-08-28 08:42:00,0.2292262333011763
2018-08-28 08:45:00,0.17822806144585002
2018-08-28 08:48:00,0.17541213601856498
2018-08-28 08:51:00,0.20023765663017912
2018-08-28 08:54:00,0.08415962839217173
2018-08-28 08:57:00,0.09775482699973281
2018-08-28 09:00:00,0.0991497625533384
2018-08-28 09:03:00,0.08922591504159527
2018-08-28 09:06:00,-0.058449597372487005
2018-08-28 09:09:00,0.054057704731178546
2018-08-28 09:12:00,-0.06577132868164881
2018-08-28 09:15:00,-0.00924652072109211
2018-08-28 09:18:00,-0.12996705474631653
2018-08-28 09:21:00,-0.07399496164447328
2018-08-28 09:24:00,-0.06509339908052425
2018-08-28 09:27:00,-0.018965873989202464
2018-08-28 09:30:00,-0.3139170014935644
2018-08-28 09:33:00,-0.21785737791049087
2018-08-28 09:36:00,-0.17336555081465121
2018-08-28 09:39:00,-0.19618894407528842
2018-08-28 09:42:00,-0.16597423784571674
2018-08-28 09:45:00,-0.18518936531086183
2018-08-28 09:48:00,-0.30358050452241514
2018-08-28 09:51:00,-0.19286281375917724
2018-08-28 09:54:00,-0.22244835898578685
2018-08-28 09:57:00,-0.2017607432886166
2018-08-28 10:00:00,-0.23919146723142148
2018-08-28 10:03:00,-0.13045325997154578
2018-08-28 10:06:00,-0.3488391358637841
2018-08-28 10:09:00,-0.19267684615863345
2018-08-28 10:12:00,-0.30090801951752155
2018-08-28 10:15:00,-0.11102295254511318
2018-08-28 10:18:00,-0.2870817689293972
2018-08-28 10:21:00,-0.3349360926309828
2018-08-28 10:24:00,-0.3368760623320668
2018-08-28 10:27:00,-0.36676859750565427
2018-08-28 10:30:00,-0.26452628804520373
2018-08-28 10:33:00,-0.20389815593597405
2018-08-28 10:36:00,-0.3946160635568958
2018-08-28 10:39:00,-0.40676014155127405
2018-08-28 10:42:00,-0.26053412629391914
2018-08-28 10:45:00,-0.3952505237080004
2018-08-28 10:48:00,-0.3290941731356156
2018-08-28 10:51:00,-0.4305288526505251
2018-08-28 10:54:00,-0.3956664492548043
2018-08-28 10:57:00,-0.4290697419722278
2018-08-28 11:00:00,-0.39183931643299275
2018-08-28 11:03:00,-0.3740079610253133
2018-08-28 11:06:00,-0.3964609092175806
2018-08-28 11:09:00,-0.39685945424815827
2018-08-28 11:12:00,-0.4143683198592498
2018-08-28 11:15:00,-0.45970485706931186
2018-08-28 11:18:00,-0.3738190115580551
2018-08-28 11:21:00,-0.3615281744328058
2018-08-28 11:24:00,-0.32185960229486454
2018-08-28 11:27:00,-0.4021881188665475
2018-08-28 11:30:00,-0.3531369198765333
2018-08-28 11:33:00,-0.4955920126633373
2018-08-28 11:36:00,-0.2999030376474252
2018-08-28 11:39:00,-0.23496046994694098
2018-08-28 11:42:00,-0.46847324245720756
2018-08-28 11:45:00,-0.3990294780073782
2018-08-28 11:48:00,-0.508069479295898
2018-08-28 11:51:00,-0.3620880518627132
2018-08-28 11:54:00,-0.2505232756831788
2018-08-28 11:57:00,-0.48322200203750754
2018-08-28 12:00:00,-0.5959806278021915
2018-08-28 12:03:00,-0.5520839575398213
2018-08-28 12:06:00,-0.569502556678458
2018-08-28 12:09:00,-0.5553420858543063
2018-08-28 12:12:00,-0.5058843888778597
2018-08-28 12:15:00,-0.4625330761704731
2018-08-28 12:18:00,-0.4615055184310677
2018-08-28 12:21:00,-0.4435940385221784
2018-08-28 12:24:00,-0.46900366200520693
2018-08-28 12:27:00,-0.5035358507477667
2018-08-28 12:30:00,-0.5908970938572793
2018-08-28 12:33:00,-0.7213455261604054
2018-08-28 12:36:00,-0.6525486450351536
2018-08-28 12:39:00,-0.507815372979735
2018-08-28 12:42:00,-0.5871133936950628
2018-08-28 12:45:00,-0.498265945759897
2018-08-28 12:48:00,-0.5343430265220945
2018-08-28 12:51:00,-0.4945823382838057
2018-08-28 12:54:00,-0.4542956392845099
2018-08-28 12:57:00,-0.48997081472367654
2018-08-28 13:00:00,-0.5764050459441137
2018-08-28 13:03:00,-0.48243326573270906
2018-08-28 13:06:00,-0.4905707007696378
2018-08-28 13:09:00,-0.5475906294528841
2018-08-28 13:12:00,-0.5094231247662719
2018-08-28 13:15:00,-0.5261982199230602
2018-08-28 13:18:00,-0.6073578955472385
2018-08-28 13:21:00,-0.6817029264772145
2018-08-28 13:24:00,-0.5304126106686908
2018-08-28 13:27:00,-0.5901025104815858
2018-08-28 13:30:00,-0.5854028641027753
2018-08-28 13:33:00,-0.5405878920830105
2018-08-28 13:36:00,-0.719445867162392
2018-08-28 13:39:00,-0.5885267483234315
2018-08-28 13:42:00,-0.5732042937343067
2018-08-28 13:45:00,-0.6338953798712623
2018-08-28 13:48:00,-0.5383965729579359
2018-08-28 13:51:00,-0.6027826282741557
2018-08-28 13:54:00,-0.584189777109259
2018-08-28 13:57:00,-0.4858996383712224
2018-08-28 14:00:00,-0.5552019073031147
2018-08-28 14:03:00,-0.5571272070709483
2018-08-28 14:06:00,-0.568585883184312
2018-08-28 14:09:00,-0.49961897839818903
2018-08-28 14:12:00,-0.493061876774334
2018-08-28 14:15:00,-0.5079729045369277
2018-08-28 14:18:00,-0.558761034143572
2018-08-28 14:21:00,-0.5039396442074349
2018-08-28 14:24:00,-0.4937471037472392
2018-08-28 14:27:00,-0.5397805595752629
2018-08-28 14:30:00,-0.5295738843829554
2018-08-28 14:33:00,-0.6119176652928218
2018-08-28 14:36:00,-0.6398960685382349
2018-08-28 14:39:00,-0.5377670175346339
2018-08-28 14:42:00,-0.6023441198382216
2018-08-28 14:45:00,-0.4877934282945944
2018-08-28 14:48:00,-0.5335642553676507
2018-08-28 14:51:00,-0.4900676615043267
2018-08-28 14:54:00,-0.5627993033954795
2018-08-28 14:57:00,-0.5180097957463659
2018-08-28 15:00:00,-0.5190281258693403
2018-08-28 15:03:00,-0.5901208451966227
2018-08-28 15:06:00,-0.558713998442272
2018-08-28 15:09:00,-0.6170674771378231
2018-08-28 15:12:00,-0.5687748223272706
2018-08-28 15:15:00,-0.6196072434931921
2018-08-28 15:18:00,-0.5515517100809006
2018-08-28 15:21:00,-0.666973963667715
2018-08-28 15:24:00,-0.5642002670433044
2018-08-28 15:27:00,-0.603561840781424
2018-08-28 15:30:00,-0.5855131149828026
2018-08-28 15:33:00,-0.677154748750354
2018-08-28 15:36:00,-0.5691607736735591
2018-08-28 15:39:00,-0.5394704454701014
2018-08-28 15:42:00,-0.5716611870561792
2018-08-28 15:45:00,-0.6647443905737873
2018-08-28 15:48:00,-0.611143347156542
2018-08-28 15:51:00,-0.5854357322916144
2018-08-28 15:54:00,-0.6174828665463679
2018-08-28 15:57:00,-0.6021731715946999
2018-08-28 16:00:00,-0.5841396567834067
2018-08-28 16:03:00,-0.5160501686659131
2018-08-28 16:06:00,-0.5380525239306166
2018-08-28 16:09:00,-0.6006238553280809
2018-08-28 16:12:00,-0.6474256763235076
2018-08-28 16:15:00,-0.6188589596023917
2018-08-28 16:18:00,-0.7050782123360477
2018-08-28 16:21:00,-0.6032510173503169
2018-08-28 16:24:00,-0.41412618359447606
2018-08-28 16:27:00,-0.6114650645780557
2018-08-28 16:30:00,-0.5648319030696598
2018-08-28 16:33:00,-0.7088074367033528
2018-08-28 16:36:00,-0.6520375498776048
2018-08-28 16:39:00,-0.627139960975228
2018-08-28 16:42:00,-0.6420563627688125
2018-08-28 16:45:00,-0.6562226085820839
2018-08-28 16:48:00,-0.6591330806351152
2018-08-28 16:51:00,-0.49256758916880017
2018-08-28 16:54:00,-0.7056523741135834
2018-08-28 16:57:00,-0.6768811901895333
2018-08-28 17:00:00,-0.5928858408369138
2018-08-28 17:03:00,-0.7055316616029472
2018-08-28 17:06:00,-0.6493505978316989
2018-08-28 17:09:00,-0.6287273587748246
2018-08-28 17:12:00,-0.6838573272134454
2018-08-28 17:15:00,-0.6152751107230756
2018-08-28 17:18:00,-0.5858509040571107
2018-08-28 17:21:00,-0.5237354023839771
2018-08-28 17:24:00,-0.6101456421068292
2018-08-28 17:27:00,-0.5293718955938971
2018-08-28 17:30:00,-0.5653578605612211
2018-08-28 17:33:00,-0.5749693245468848
2018-08-28 17:36:00,-0.5795879437413873
2018-08-28 17:39:00,-0.5173594871873206
2018-08-28 17:42:00,-0.5300051724648256
2018-08-28 17:45:00,-0.5473244779738025
2018-08-28 17:48:00,-0.5703348048963903
2018-08-28 17:51:00,-0.448968921751316
2018-08-28 17:54:00,-0.50425374095704
2018-08-28 17:57:00,-0.39404614691943607
2018-08-28 18:00:00,-0.43904036718925
2018-08-28 18:03:00,-0.43631279339501816
2018-08-28 18:06:00,-0.3639705187654272
2018-08-28 18:09:00,-0.3913676425746644
2018-08-28 18:12:00,-0.3413178695993224
2018-08-28 18:15:00,-0.38190941470662665
2018-08-28 18:18:00,-0.3913281710566139
2018-08-28 18:21:00,-0.4353811187511383
2018-08-28 18:24:00,-0.37846118444861077
2018-08-28 18:27:00,-0.4042837848334102
2018-08-28 18:30:00,-0.3598668754773371
2018-08-28 18:33:00,-0.13035441000425863
2018-08-28 18:36:00,-0.13636839663837463
2018-08-28 18:39:00,-0.1582064393560927
2018-08-28 18:42:00,-0.14312293078484117
2018-08-28 18:45:00,-0.1162058408895632
2018-08-28 18:48:00,-0.16508916167867937
2018-08-28 18:51:00,-0.21609176217742743
2018-08-28 18:54:00,
2018-08-28 18:57:00,
2018-08-28 19:00:00,
2018-08-28 19:03:00,
2018-08-28 19:06:00,-0.2516245757548745
2018-08-28 19:09:00,-0.2432161259170016
2018-08-28 19:12:00,-0.29420146953702897
2018-08-28 19:15:00,-0.16178629640199915
2018-08-28 19:18:00,-0.27693083999065493
2018-08-28 19:21:00,-0.2858330189745857
2018-08-28 19:24:00,-0.29112974784021617
2018-08-28 19:27:00,-0.2498275743486147
2018-08-28 19:30:00,-0.2943463269759832
2018-08-28 19:33:00,-0.30061281369728476
2018-08-28 19:36:00,-0.2865907445757898
2018-08-28 19:39:00,-0.29066153137409856
2018-08-28 19:42:00,-0.272958026003721
2018-08-28 19:45:00,-0.2695816237643953
2018-08-28 19:48:00,-0.18243817817824493
2018-08-28 19:51:00,-0.250606492702218
2018-08-28 19:54:00,-0.15987301907625806
2018-08-28 19:57:00,-0.13145310036844648
2018-08-28 20:00:00,-0.17449507712115064
2018-08-28 20:03:00,-0.1831671801991206
2018-08-28 20:06:00,-0.1354234005264061
2018-08-28 20:09:00,-0.27169722019789333
2018-08-28 20:12:00,-0.192353192582857
2018-08-28 20:15:00,-0.1603003297415171
2018-08-28 20:18:00,-0.20223753618847695
2018-08-28 20:21:00,-0.07796885956190636
2018-08-28 20:24:00,-0.16121040771867
2018-08-28 20:27:00,-0.15212172965891568
2018-08-28 20:30:00,-0.03791146958440095
2018-08-28 20:33:00,-0.1613990764158757
2018-08-28 20:36:00,-0.016056064129315928
2018-08-28 20:39:00,-0.1087358537482146
2018-08-28 20:42:00,-0.16003920472672917
2018-08-28 20:45:00,-0.1530630869664833
2018-08-28 20:48:00,-0.1323196522380954
2018-08-28 20:51:00,-0.16299637120442867
2018-08-28 20:54:00,-0.1362053593787209
2018-08-28 20:57:00,-0.11625678074051393
2018-08-28 21:00:00,-0.08193495139420293
2018-08-28 21:03:00,-0.040758307569376484
2018-08-28 21:06:00,-0.1528687118857306
2018-08-28 21:09:00,-0.026899825249472542
2018-08-28 21:12:00,-0.15380538788116382
2018-08-28 21:15:00,-0.06412984265222121
2018-08-28 21:18:00,-0.08652074329228299
2018-08-28 21:21:00,-0.0771683953662432
2018-08-28 21:24:00,-0.05583002800307213
2018-08-28 21:27:00,-0.02990909860557167
2018-08-28 21:30:00,-0.010145077108006717
2018-08-28 21:33:00,-0.07782053309631465
2018-08-28 21:36:00,-0.04522409249602788
2018-08-28 21:39:00,-0.021783948887730276
2018-08-28 21:42:00,-0.1561787906393306
2018-08-28 21:45:00,-0.17638512346536572
2018-08-28 21:48:00,-0.1257631637864165
2018-08-28 21:51:00,-0.03661500232732351
2018-08-28 21:54:00,-0.0886868267640466
2018-08-28 21:57:00,-0.0539476291269807
2018-08-28 22:00:00,0.007768563994488886
2018-08-28 22:03:00,0.06755850563143895
2018-08-28 22:06:00,0.05198947430722001
2018-08-28 22:09:00,0.05724189778334221
2018-08-28 22:12:00,0.10033407871111422
2018-08-28 22:15:00,0.023476054602326712
2018-08-28 22:18:00,0.05626323984989767
2018-08-28 22:21:00,0.07389896165324217
2018-08-28 22:24:00,0.08659143283273352
2018-08-28 22:27:00,-0.03330942986832497
2018-08-28 22:30:00,0.006110939893517298
2018-08-28 22:33:00,0.06124422134126917
2018-08-28 22:36:00,0.02793555100663525
2018-08-28 22:39:00,0.04733861378502979
2018-08-28 22:42:00,-0.06725175536217876
2018-08-28 22:45:00,-0.032293039356375175
2018-08-28 22:48:00,-0.07906363508658387
2018-08-28 22:51:00,-0.08230055466827935
2018-08-28 22:54:00,-0.030357192553310597
2018-08-28 22:57:00,-0.08881088591084563
2018-08-28 23:00:00,0.03875617720751734
2018-08-28 23:03:00,-0.02972498270429469
2018-08-28 23:06:00,-0.013343309358958777
2018-08-28 23:09:00,-0.07248727639938579
2018-08-28 23:12:00,-0.08613604177844536
2018-08-28 23:15:00,-0.042917141739337694
2018-08-28 23:18:00,0.02638828671359761
2018-08-28 23:21:00,0.06179061400490582
2018-08-28 23:24:00,0.04749273271590937
2018-08-28 23:27:00,0.08263797178852883
2018-08-28 23:30:00,0.009391035852672758
2018-08-28 23:33:00,0.056128133450783935
2018-08-28 23:36:00,-0.05820319506767646
2018-08-28 23:39:00,-0.027682133071266435
2018-08-28 23:42:00,-0.003065984205932182
2018-08-28 23:45:00,-0.006739978180064554
2018-08-28 23:48:00,-0.02443728512122334
2018-08-28 23:51:00,0.03588557185236141
2018-08-28 23:54:00,-0.0772009402439835
2018-08-28 23:57:00,-0.06283406449227869
2018-08-29 00:00:00,0.04130670682241089
2018-08-29 00:03:00,0.018009091660360355
2018-08-29 00:06:00,-0.03442109259106019
2018-08-29 00:09:00,0.06699228893410236
2018-08-29 00:12:00,-0.021913500858886437
2018-08-29 00:15:00,0.059910637727455196
2018-08-29 00:18:00,0.1354718274101856
2018-08-29 00:21:00,0.10145186922574112
2018-08-29 00:24:00,0.0723997439777122
2018-08-29 00:27:00,0.11873116766474823
2018-08-29 00:30:00,0.20191256411317227
2018-08-29 00:33:00,0.1814732084632169
2018-08-29 00:36:00,0.09972166468702426
2018-08-29 00:39:00,0.07008925342722705
2018-08-29 00:42:00,0.0550031720480888
2018-08-29 00:45:00,-0.00808418499320851
2018-08-29 00:48:00,0.09096893644164084
2018-08-29 00:51:00,0.10249989474488075
2018-08-29 00:54:00,0.0008053139123376241
2018-08-29 00:57:00,0.027344951821589802
2018-08-29 01:00:00,-0.017708649076041638
2018-08-29 01:03:00,0.1630669035836263
2018-08-29 01:06:00,0.06902255310131977
2018-08-29 01:09:00,0.062385569087552994
2018-08-29 01:12:00,0.15142717235517011
2018-08-29 01:15:00,0.1685032414112584
2018-08-29 01:18:00,0.04063094442238935
2018-08-29 01:21:00,0.05602736666281771
2018-08-29 01:24:00,0.091271963240672
2018-08-29 01:27:00,0.04262072640352699
2018-08-29 01:30:00,0.19888851350134473
2018-08-29 01:33:00,-0.0005308221595896612
2018-08-29 01:36:00,0.042151084371255365
2018-08-29 01:39:00,0.020013372265168528
2018-08-29 01:42:00,0.08092255669595261
2018-08-29 01:45:00,0.018262989786137496
2018-08-29 01:48:00,-0.027813819829475506
2018-08-29 01:51:00,0.05283450405715939
2018-08-29 01:54:00,0.053415300853146164
2018-08-29 01:57:00,0.05648612808130338
2018-08-29 02:00:00,-0.004384325770104169
2018-08-29 02:03:00,-0.010007862764609854
2018-08-29 02:06:00,-0.02539127131251462
2018-08-29 02:09:00,0.03440873920243348
2018-08-29 02:12:00,0.05294090734003021
2018-08-29 02:15:00,0.036507481235389605
2018-08-29 02:18:00,-0.020953233323723452
2018-08-29 02:21:00,-0.04603889830514163
2018-08-29 02:24:00,-0.03197719983108982
2018-08-29 02:27:00,0.0690103552071264
2018-08-29 02:30:00,0.0422155795870367
2018-08-29 02:33:00,0.1293449604579564
2018-08-29 02:36:00,0.015258284049480153
2018-08-29 02:39:00,0.08696893605372225
2018-08-29 02:42:00,-0.011388121342974955
2018-08-29 02:45:00,0.11409968042039509
2018-08-29 02:48:00,0.07277022422766777
2018-08-29 02:51:00,0.0763843689177861
2018-08-29 02:54:00,0.07464698233013678
2018-08-29 02:57:00,0.04311497133056719
2018-08-29 03:00:00,0.035990360218306705
2018-08-29 03:03:00,0.0054082631669416514
2018-08-29 03:06:00,0.05048982705721983
2018-08-29 03:09:00,0.07459810787128163
2018-08-29 03:12:00,0.11068032305206543
2018-08-29 03:15:00,0.12736320646251897
2018-08-29 03:18:00,0.054667680690158704
2018-08-29 03:21:00,0.008569759249041908
2018-08-29 03:24:00,-0.04741229380005052
2018-08-29 03:27:00,0.029804367633119
2018-08-29 03:30:00,0.021917664032571338
2018-08-29 03:33:00,0.10141339124493243
2018-08-29 03:36:00,0.06439096757736706
2018-08-29 03:39:00,0.10754226258256949
2018-08-29 03:42:00,0.12720124505676722
2018-08-29 03:45:00,0.1296625995728391
2018-08-29 03:48:00,0.11036669291547696
2018-08-29 03:51:00,0.19678924524839658
2018-08-29 03:54:00,0.12297743537300221
2018-08-29 03:57:00,0.22181453358456338
2018-08-29 04:00:00,0.1561575104154258
2018-08-29 04:03:00,0.14762759729939035
2018-08-29 04:06:00,0.19948417585351308
2018-08-29 04:09:00,0.1730938229221124
2018-08-29 04:12:00,0.17672556529709027
2018-08-29 04:15:00,0.13664808838132103
2018-08-29 04:18:00,0.18359213003282093
2018-08-29 04:21:00,0.2061061704663416
2018-08-29 04:24:00,0.18854227401055823
2018-08-29 04:27:00,0.05542487984450872
2018-08-29 04:30:00,0.11620379041249862
2018-08-29 04:33:00,0.1981404420764079
2018-08-29 04:36:00,0.17974431352860165
2018-08-29 04:39:00,0.16085344698541348
2018-08-29 04:42:00,0.1402856794184686
2018-08-29 04:45:00,0.09908358137408868
2018-08-29 04:48:00,0.23016523064751482
2018-08-29 04:51:00,0.11234106960620238
2018-08-29 04:54:00,0.09796321771312932
2018-08-29 04:57:00,0.2621506848000763
2018-08-29 05:00:00,0.2369788025825983
2018-08-29 05:03:00,0.14687042105742876
2018-08-29 05:06:00,0.23332005943103695
2018-08-29 05:09:00,0.1505404551128322
2018-08-29 05:12:00,0.1388816217489648
2018-08-29 05:15:00,0.21916729685682412
2018-08-29 05:18:00,0.26416601401712114
2018-08-29 05:21:00,0.1935958824348063
2018-08-29 05:24:00,0.1857124745828287
2018-08-29 05:27:00,0.24494445290758904
2018-08-29 05:30:00,0.2746937140302066
2018-08-29 05:33:00,0.15556806218427255
2018-08-29 05:36:00,0.1846009928247554
2018-08-29 05:39:00,0.29954934955628687
2018-08-29 05:42:00,0.23497239160695926
2018-08-29 05:45:00,0.2429302210658193
2018-08-29 05:48:00,0.22612211686816863
2018-08-29 05:51:00,0.25035294183362566
2018-08-29 05:54:00,0.37670449604013356
2018-08-29 05:57:00,0.15914935989951573
2018-08-29 06:00:00,0.20782803399094973
2018-08-29 06:03:00,0.2386177278343098
2018-08-29 06:06:00,0.2789405154607607
2018-08-29 06:09:00,0.23354215125499422
2018-08-29 06:12:00,0.3364929183436516
2018-08-29 06:15:00,0.3202562466833001
2018-08-29 06:18:00,0.2866528613091077
2018-08-29 06:21:00,0.4500621210676172
2018-08-29 06:24:00,0.28431060774818206
2018-08-29 06:27:00,0.2709745297575523
2018-08-29 06:30:00,0.22071995765202246
2018-08-29 06:33:00,0.22337678106219983
2018-08-29 06:36:00,0.24694425317414925
2018-08-29 06:39:00,0.26593400316403404
2018-08-29 06:42:00,0.27748811680902463
2018-08-29 06:45:00,0.3396874395333498
2018-08-29 06:48:00,0.22813771386250892
2018-08-29 06:51:00,0.16782639634089946
2018-08-29 06:54:00,0.23857660838052652
2018-08-29 06:57:00,0.30084465764241486
2018-08-29 07:00:00,0.16008982839343844
2018-08-29 07:03:00,0.23502155400723268
2018-08-29 07:06:00,0.2483956953369102
2018-08-29 07:09:00,0.21062328968127986
2018-08-29 07:12:00,0.2232544488602457
2018-08-29 07:15:00,0.23822369389540654
2018-08-29 07:18:00,0.2617037395743296
2018-08-29 07:21:00,0.1463452503847975
2018-08-29 07:24:00,0.28051768406044175
2018-08-29 07:27:00,0.26569439789096805
2018-08-29 07:30:00,0.2568616211185031
2018-08-29 07:33:00,0.2389218476865267
2018-08-29 07:36:00,0.26692535772144765
2018-08-29 07:39:00,0.20736909106466328
2018-08-29 07:42:00,0.30946427216002803
2018-08-29 07:45:00,0.2929791023837538
2018-08-29 07:48:00,0.2543813001000217
2018-08-29 07:51:00,0.3140467492200969
2018-08-29 07:54:00,0.2858976403268798
2018-08-29 07:57:00,0.28096735982313703
2018-08-29 08:00:00,0.20716763490008816
2018-08-29 08:03:00,0.23795100026165983
2018-08-29 08:06:00,0.21811366374106456
2018-08-29 08:09:00,0.20522940544339008
2018-08-29 08:12:00,0.2925744895051139
2018-08-29 08:15:00,0.2256823864717603
2018-08-29 08:18:00,0.26967953331376293
2018-08-29 08:21:00,0.20939470814954575
2018-08-29 08:24:00,0.2301910592606191
2018-08-29 08:27:00,0.22041922881095388
2018-08-29 08:30:00,0.198279429624165
2018-08-29 08:33:00,0.21327312190368275
2018-08-29 08:36:00,0.16420964378022518
2018-08-29 08:39:00,0.13663568255770997
2018-08-29 08:42:00,0.22584357938467292
2018-08-29 08:45:00,0.19569865639664386
2018-08-29 08:48:00,0.14611184172701996
2018-08-29 08:51:00,0.20054357457911465
2018-08-29 08:54:00,0.1724616823960332
2018-08-29 08:57:00,0.1968761289267036
2018-08-29 09:00:00,0.15877290434690394
2018-08-29 09:03:00,-0.015413346678599282
2018-08-29 09:06:00,0.16594027636057262
2018-08-29 09:09:00,0.14378154790392728
2018-08-29 09:12:00,0.06497322282143614
2018-08-29 09:15:00,0.12330762070234869
2018-08-29 09:18:00,0.02264438952238379
2018-08-29 09:21:00,0.01536565204287399
2018-08-29 09:24:00,-0.07061787964772748
2018-08-29 09:27:00,0.04793434092425741
2018-08-29 09:30:00,0.04641085711608639
2018-08-29 09:33:00,0.07480795026197029
2018-08-29 09:36:00,0.061261700593945534
2018-08-29 09:39:00,0.038032246786428914
2018-08-29 09:42:00,-0.08751408339850286
2018-08-29 09:45:00,-0.07442842363843738
2018-08-29 09:48:00,0.02398045109322311
2018-08-29 09:51:00,0.02379929315611662
2018-08-29 09:54:00,-0.11073294298643077
2018-08-29 09:57:00,-0.11055103967072455
2018-08-29 10:00:00,-0.10068383814757453
2018-08-29 10:03:00,-0.17110898547940678
2018-08-29 10:06:00,-0.04498869466584665
2018-08-29 10:09:00,-0.11986683391074848
2018-08-29 10:12:00,-0.20907973988846607
2018-08-29 10:15:00,-0.14599531749303196
2018-08-29 10:18:00,-0.1273751597836963
2018-08-29 10:21:00,-0.14670878820641065
2018-08-29 10:24:00,-0.09591063919640419
2018-08-29 10:27:00,-0.22714585283097222
2018-08-29 10:30:00,-0.2256871417573052
2018-08-29 10:33:00,-0.2787171000196622
2018-08-29 10:36:00,-0.2092022588106488
2018-08-29 10:39:00,-0.19349551649179375
2018-08-29 10:42:00,-0.35244985650058425
2018-08-29 10:45:00,-0.2565736017074869
2018-08-29 10:48:00,-0.33664888314933705
2018-08-29 10:51:00,-0.3444152046394038
2018-08-29 10:54:00,-0.32619071413728307
2018-08-29 10:57:00,-0.13893788848946542
2018-08-29 11:00:00,-0.14450570135005592
2018-08-29 11:03:00,-0.22318487982437318
2018-08-29 11:06:00,-0.2626567352206166
2018-08-29 11:09:00,-0.22358052175678722
2018-08-29 11:12:00,-0.3847434669683025
2018-08-29 11:15:00,-0.37140233889988394
2018-08-29 11:18:00,-0.43093076520983686
2018-08-29 11:21:00,-0.27593933411662874
2018-08-29 11:24:00,-0.29678517286077977
2018-08-29 11:27:00,-0.2455639807337775
2018-08-29 11:30:00,-0.4109578687371709
2018-08-29 11:33:00,-0.3582650372139824
2018-08-29 11:36:00,-0.4121800278999217
2018-08-29 11:39:00,-0.24331618858576576
2018-08-29 11:42:00,-0.07635968815742444
2018-08-29 11:45:00,-0.2990187012429715
2018-08-29 11:48:00,-0.26238767169769517
2018-08-29 11:51:00,-0.37804694553875606
2018-08-29 11:54:00,-0.5141912699426143
2018-08-29 11:57:00,-0.21735573707843514
2018-08-29 12:00:00,-0.19076453824544615
2018-08-29 12:03:00,-0.4435068860174738
2018-08-29 12:06:00,-0.3108271493118764
2018-08-29 12:09:00,-0.2644391692344925
2018-08-29 12:12:00,-0.159613167008672
2018-08-29 12:15:00,-0.2270448878794582
2018-08-29 12:18:00,-0.1392149965146814
2018-08-29 12:21:00,0.026298902781434208
2018-08-29 12:24:00,-0.016607300258328905
2018-08-29 12:27:00,-0.17200615295996613
2018-08-29 12:30:00,-0.305787781320646
2018-08-29 12:33:00,-0.22822444045129942
2018-08-29 12:36:00,-0.06184581730548189
2018-08-29 12:39:00,-0.16766414707171862
2018-08-29 12:42:00,-0.17983312149442554
2018-08-29 12:45:00,-0.20219487661159974
2018-08-29 12:48:00,-0.2662671480701988
2018-08-29 12:51:00,-0.24333838735924473
2018-08-29 12:54:00,-0.17341446757762924
2018-08-29 12:57:00,-0.32520182443289514
2018-08-29 13:00:00,-0.18800207409071845
2018-08-29 13:03:00,-0.07002880866417627
2018-08-29 13:06:00,-0.10739737359284618
2018-08-29 13:09:00,-0.12613483003303827
2018-08-29 13:12:00,-0.08904571300172393
2018-08-29 13:15:00,-0.17208958970974209
2018-08-29 13:18:00,-0.09431051095731391
2018-08-29 13:21:00,-0.3362103301736852
2018-08-29 13:24:00,-0.35862874770367625
2018-08-29 13:27:00,-0.31346354965302226
2018-08-29 13:30:00,-0.372537032468756
2018-08-29 13:33:00,-0.2597894117347437
2018-08-29 13:36:00,-0.4790900273704892
2018-08-29 13:39:00,-0.5123543154131198
2018-08-29 13:42:00,-0.358603136436102
2018-08-29 13:45:00,-0.3500297246526429
2018-08-29 13:48:00,-0.374110647053044
2018-08-29 13:51:00,-0.3115517577325022
2018-08-29 13:54:00,-0.4495930882783341
2018-08-29 13:57:00,-0.4109995519281142
2018-08-29 14:00:00,-0.49255404761441923
2018-08-29 14:03:00,-0.23289094796410836
2018-08-29 14:06:00,-0.4265118592927024
2018-08-29 14:09:00,-0.5656332792842136
2018-08-29 14:12:00,-0.5555769095294067
2018-08-29 14:15:00,-0.3201342194307699
2018-08-29 14:18:00,-0.6111303808677917
2018-08-29 14:21:00,-0.5028956002821587
2018-08-29 14:24:00,-0.42212563886761245
2018-08-29 14:27:00,-0.3048942848956244
2018-08-29 14:30:00,-0.45172841892099314
2018-08-29 14:33:00,-0.5135142010284426
2018-08-29 14:36:00,-0.6123156392313831
2018-08-29 14:39:00,-0.46275230142509827
2018-08-29 14:42:00,-0.6014619202884433
2018-08-29 14:45:00,-0.7261212030166462
2018-08-29 14:48:00,-0.6193044541436734
2018-08-29 14:51:00,-0.5841709548834046
2018-08-29 14:54:00,-0.6554560959222613
2018-08-29 14:57:00,-0.746870105336825
2018-08-29 15:00:00,-0.6971037991698381
2018-08-29 15:03:00,-0.6455425561033508
2018-08-29 15:06:00,-0.5663619420388954
2018-08-29 15:09:00,-0.700215721057873
2018-08-29 15:12:00,-0.6199706446809614
2018-08-29 15:15:00,-0.6103473366260914
2018-08-29 15:18:00,-0.5408944237726132
2018-08-29 15:21:00,-0.678108464024092
2018-08-29 15:24:00,-0.6422668744123712
2018-08-29 15:27:00,-0.7174133574347366
2018-08-29 15:30:00,-0.651611923834821
2018-08-29 15:33:00,-0.6869137899237785
2018-08-29 15:36:00,-0.5081976015661667
2018-08-29 15:39:00,-0.5574055806886236
2018-08-29 15:42:00,-0.47489837954123004
2018-08-29 15:45:00,-0.6183326998067287
2018-08-29 15:48:00,-0.6050413575949278
2018-08-29 15:51:00,-0.6520752713176421
2018-08-29 15:54:00,-0.5641471593025926
2018-08-29 15:57:00,-0.620990195188142
2018-08-29 16:00:00,-0.5798243054304066
2018-08-29 16:03:00,-0.4227823911308519
2018-08-29 16:06:00,-0.43908607914858067
2018-08-29 16:09:00,-0.41531264012860447
2018-08-29 16:12:00,-0.46968799629860314
2018-08-29 16:15:00,-0.5879255127862848
2018-08-29 16:18:00,-0.5243811118453436
2018-08-29 16:21:00,-0.44682196957165843
2018-08-29 16:24:00,-0.41759043215984093
2018-08-29 16:27:00,-0.5630232922895289
2018-08-29 16:30:00,-0.5080560245965557
2018-08-29 16:33:00,-0.4092850485149597
2018-08-29 16:36:00,-0.4200224478165069
2018-08-29 16:39:00,-0.4715758100030598
2018-08-29 16:42:00,-0.411649874081661
2018-08-29 16:45:00,-0.4635326432039051
2018-08-29 16:48:00,-0.48177492246310294
2018-08-29 16:51:00,-0.3552473243266263
2018-08-29 16:54:00,-0.5000837823697566
2018-08-29 16:57:00,-0.4767539469063422
2018-08-29 17:00:00,-0.4060420676351555
2018-08-29 17:03:00,-0.37958143701683866
2018-08-29 17:06:00,-0.31822465019058654
2018-08-29 17:09:00,-0.3542536330580788
2018-08-29 17:12:00,-0.39539819133904075
2018-08-29 17:15:00,-0.3306623847640253
2018-08-29 17:18:00,-0.4057924248508016
2018-08-29 17:21:00,-0.33470952173775004
2018-08-29 17:24:00,-0.44330266029737686
2018-08-29 17:27:00,-0.42076604877667023
2018-08-29 17:30:00,-0.41415996884279593
2018-08-29 17:33:00,-0.4084953383882066
2018-08-29 17:36:00,-0.41090716854421316
2018-08-29 17:39:00,-0.3063131352611208
2018-08-29 17:42:00,-0.3937170324399517
2018-08-29 17:45:00,-0.4228028232574843
2018-08-29 17:48:00,-0.3807324655595039
2018-08-29 17:51:00,-0.32292511304063964
2018-08-29 17:54:00,-0.2916563339013578
2018-08-29 17:57:00,-0.31954645764250245
2018-08-29 18:00:00,-0.41811784850068534
2018-08-29 18:03:00,-0.31357274950067904
2018-08-29 18:06:00,-0.3158553586612811
2018-08-29 18:09:00,-0.24308143601155052
2018-08-29 18:12:00,-0.26535281764233787
2018-08-29 18:15:00,-0.23364605422716522
2018-08-29 18:18:00,-0.30319954479369926
2018-08-29 18:21:00,-0.21034428408842132
2018-08-29 18:24:00,-0.27042902765396093
2018-08-29 18:27:00,-0.18886616877421147
2018-08-29 18:30:00,-0.21579572808263947
2018-08-29 18:33:00,-0.17643563146270935
2018-08-29 18:36:00,-0.23487233666674
2018-08-29 18:39:00,-0.20899925547354314
2018-08-29 18:42:00,-0.12732994629823224
2018-08-29 18:45:00,-0.18892038120907273
2018-08-29 18:48:00,-0.23170483851288282
2018-08-29 18:51:00,
2018-08-29 18:54:00,
2018-08-29 18:57:00,
2018-08-29 19:00:00,
2018-08-29 19:03:00,-0.23261874239676672
2018-08-29 19:06:00,-0.13731241615579393
2018-08-29 19:09:00,-0.19541288790316003
2018-08-29 19:12:00,-0.2650959142043803
2018-08-29 19:15:00,-0.23328433527200332
2018-08-29 19:18:00,-0.13812454664474672
2018-08-29 19:21:00,-0.0590482572593487
2018-08-29 19:24:00,-0.08074400128577963
2018-08-29 19:27:00,-0.19823764730688254
2018-08-29 19:30:00,-0.11587877585719752
2018-08-29 19:33:00,-0.18911265642481112
2018-08-29 19:36:00,-0.23551958284110697
2018-08-29 19:39:00,-0.29887373017533037
2018-08-29 19:42:00,-0.22947259738725734
2018-08-29 19:45:00,-0.2638814922804613
2018-08-29 19:48:00,-0.12528277733622417
2018-08-29 19:51:00,-0.1195319652354101
2018-08-29 19:54:00,-0.18536168763506566
2018-08-29 19:57:00,-0.20543972316318104
2018-08-29 20:00:00,-0.15127033217049757
2018-08-29 20:03:00,-0.13348472118599375
2018-08-29 20:06:00,-0.0008903773010615623
2018-08-29 20:09:00,-0.05215541998569506
2018-08-29 20:12:00,-0.08204196433280231
2018-08-29 20:15:00,-0.013898737474619338
2018-08-29 20:18:00,-0.019547933522289895
2018-08-29 20:21:00,-0.12306100495095507
2018-08-29 20:24:00,0.010293080011706479
2018-08-29 20:27:00,-0.035707752016207905
2018-08-29 20:30:00,-0.04251866439932428
2018-08-29 20:33:00,-0.02359601979674153
2018-08-29 20:36:00,-0.1297117253518536
2018-08-29 20:39:00,-0.07408550646249523
2018-08-29 20:42:00,-0.13881451207208784
2018-08-29 20:45:00,-0.14965341954911082
2018-08-29 20:48:00,-0.10483240368364477
2018-08-29 20:51:00,-0.05950398541716595
2018-08-29 20:54:00,-0.0003475510914654478
2018-08-29 20:57:00,-0.10141051951620739
2018-08-29 21:00:00,-0.13945123969585893
2018-08-29 21:03:00,-0.12784209619007925
2018-08-29 21:06:00,-0.009255377088095429
2018-08-29 21:09:00,-0.1597090055126955
2018-08-29 21:12:00,-0.04143867787195177
2018-08-29 21:15:00,-0.014424789941415384
2018-08-29 21:18:00,0.00046268149822026317
2018-08-29 21:21:00,-0.04836124906984196
2018-08-29 21:24:00,-0.10460924766067592
2018-08-29 21:27:00,0.020526097371373453
2018-08-29 21:30:00,-0.061006378663989835
2018-08-29 21:33:00,-0.13654530003941545
2018-08-29 21:36:00,-0.11666133418424351
2018-08-29 21:39:00,-0.06066437714719086
2018-08-29 21:42:00,-0.06795184377079977
2018-08-29 21:45:00,-0.05893236002816593
2018-08-29 21:48:00,-0.12960792900128126
2018-08-29 21:51:00,-0.09791593802822263
2018-08-29 21:54:00,0.0027418800656846543
2018-08-29 21:57:00,-0.06938055460915393
2018-08-29 22:00:00,-0.07085054584399586
2018-08-29 22:03:00,-0.14295385298879637
2018-08-29 22:06:00,-0.08378305762323635
2018-08-29 22:09:00,-0.05054715540484267
2018-08-29 22:12:00,-0.09153833995333116
2018-08-29 22:15:00,-0.11038190787218127
2018-08-29 22:18:00,-0.07023725983947315
2018-08-29 22:21:00,-0.027312317793757757
2018-08-29 22:24:00,-0.11655951335660575
2018-08-29 22:27:00,-0.0019058540259493384
2018-08-29 22:30:00,-0.07662805778056736
2018-08-29 22:33:00,-0.1348693865070345
2018-08-29 22:36:00,-0.09928853218821132
2018-08-29 22:39:00,-0.03170465910261555
2018-08-29 22:42:00,0.04977080962078162
2018-08-29 22:45:00,0.23088983867756951
2018-08-29 22:48:00,0.30355624960827754
2018-08-29 22:51:00,0.29526699905602527
2018-08-29 22:54:00,0.12636882904473623
2018-08-29 22:57:00,0.045784020116968804
2018-08-29 23:00:00,0.07691407350449708
2018-08-29 23:03:00,-0.05420286844059774
2018-08-29 23:06:00,0.004604689970619802
2018-08-29 23:09:00,0.08314449675572178
2018-08-29 23:12:00,-0.039250163020881246
2018-08-29 23:15:00,0.09819325648368249
2018-08-29 23:18:00,0.05159425718284183
2018-08-29 23:21:00,-0.02783882635566215
2018-08-29 23:24:00,0.031114069759667018
2018-08-29 23:27:00,0.0767798673608695
2018-08-29 23:30:00,-0.05721671351807345
2018-08-29 23:33:00,-0.06645182938331118
2018-08-29 23:36:00,0.02075410075332229
2018-08-29 23:39:00,0.012976057850721645
2018-08-29 23:42:00,-0.06620459590334349
2018-08-29 23:45:00,-0.13847608409383838
2018-08-29 23:48:00,-0.08791945512166421
2018-08-29 23:51:00,0.01079805355186636
2018-08-29 23:54:00,0.0456022917893506
2018-08-29 23:57:00,0.033684579590271824
2018-08-30 00:00:00,0.048078783986397866
2018-08-30 00:03:00,0.0632538509933056
2018-08-30 00:06:00,0.05192232822287224
2018-08-30 00:09:00,0.03510003423537
2018-08-30 00:12:00,-0.029189607988996613
2018-08-30 00:15:00,0.10768580071328415
2018-08-30 00:18:00,0.023401706052197824
2018-08-30 00:21:00,0.17577497489281768
2018-08-30 00:24:00,0.1080967843970484
2018-08-30 00:27:00,0.018574586090267076
2018-08-30 00:30:00,0.05753076728535689
2018-08-30 00:33:00,0.08442066880184029
2018-08-30 00:36:00,0.18840353210305238
2018-08-30 00:39:00,0.08106036283999174
2018-08-30 00:42:00,0.1520067218907002
2018-08-30 00:45:00,0.02659042556518898
2018-08-30 00:48:00,0.042672654534442245
2018-08-30 00:51:00,0.04121407399782129
2018-08-30 00:54:00,0.06375987237510117
2018-08-30 00:57:00,0.06955762738402882
2018-08-30 01:00:00,0.08777673291319843
2018-08-30 01:03:00,0.09605334949804956
2018-08-30 01:06:00,-0.009633281330820864
2018-08-30 01:09:00,0.01966356884815923
2018-08-30 01:12:00,0.17256747058030442
2018-08-30 01:15:00,0.05778579987162402
2018-08-30 01:18:00,0.11923908342237155
2018-08-30 01:21:00,0.09909113071097408
2018-08-30 01:24:00,0.034506675631917005
2018-08-30 01:27:00,0.038765676368541335
2018-08-30 01:30:00,0.10830854022782432
2018-08-30 01:33:00,0.05902302558314432
2018-08-30 01:36:00,0.10189782598831698
2018-08-30 01:39:00,0.03825110220145689
2018-08-30 01:42:00,0.04289183854996281
2018-08-30 01:45:00,0.046453587898611204
2018-08-30 01:48:00,0.10657284415776758
2018-08-30 01:51:00,0.17409707515827222
2018-08-30 01:54:00,0.15801762139523134
2018-08-30 01:57:00,0.0944993102002627
2018-08-30 02:00:00,0.03038530870850309
2018-08-30 02:03:00,0.1431318808948845
2018-08-30 02:06:00,0.10754795042311116
2018-08-30 02:09:00,0.09804606718597597
2018-08-30 02:12:00,0.15102520918060236
2018-08-30 02:15:00,0.18561489996164937
2018-08-30 02:18:00,0.13767214185810417
2018-08-30 02:21:00,0.15691102902121656
2018-08-30 02:24:00,0.172283858331582
2018-08-30 02:27:00,0.25290453613791897
2018-08-30 02:30:00,0.2728058957357007
2018-08-30 02:33:00,0.32362000368488
2018-08-30 02:36:00,0.298617935327286
2018-08-30 02:39:00,0.22962567149323831
2018-08-30 02:42:00,0.26194542275732147
2018-08-30 02:45:00,0.42314188979861456
2018-08-30 02:48:00,0.46551808114639925
2018-08-30 02:51:00,0.4401190137331241
2018-08-30 02:54:00,0.4039070633021993
2018-08-30 02:57:00,0.3896607069488027
2018-08-30 03:00:00,0.36254955368974606
2018-08-30 03:03:00,0.22039976266228223
2018-08-30 03:06:00,0.29776081185508474
2018-08-30 03:09:00,0.20598435668637194
2018-08-30 03:12:00,0.2891919693973364
2018-08-30 03:15:00,0.2842480477626168
2018-08-30 03:18:00,0.3135795170076108
2018-08-30 03:21:00,0.25531916279896905
2018-08-30 03:24:00,0.3052590930991528
2018-08-30 03:27:00,0.22296601245324155
2018-08-30 03:30:00,0.21960728043228528
2018-08-30 03:33:00,0.31432032318201664
2018-08-30 03:36:00,0.17290460282151798
2018-08-30 03:39:00,0.2161304769139747
2018-08-30 03:42:00,0.22563369047537662
2018-08-30 03:45:00,0.32762549650851724
2018-08-30 03:48:00,0.26457369880819215
2018-08-30 03:51:00,0.2866461413379966
2018-08-30 03:54:00,0.28829561051207975
2018-08-30 03:57:00,0.365192904693572
2018-08-30 04:00:00,0.373243542757109
2018-08-30 04:03:00,0.2861233896044837
2018-08-30 04:06:00,0.27386904999292483
2018-08-30 04:09:00,0.2450585411739894
2018-08-30 04:12:00,0.26165904487641
2018-08-30 04:15:00,0.2828809478539256
2018-08-30 04:18:00,0.23239618294041975
2018-08-30 04:21:00,0.2815290554971739
2018-08-30 04:24:00,0.296832031553663
2018-08-30 04:27:00,0.26827518367093717
2018-08-30 04:30:00,0.332807222138058
2018-08-30 04:33:00,0.44646097975646626
2018-08-30 04:36:00,0.39085501330657735
2018-08-30 04:39:00,0.4772154149508765
2018-08-30 04:42:00,0.35744155590407445
2018-08-30 04:45:00,0.3427343212285905
2018-08-30 04:48:00,0.2826825562324302
2018-08-30 04:51:00,0.25986073958739553
2018-08-30 04:54:00,0.2438494214043203
2018-08-30 04:57:00,0.1906085413601204
2018-08-30 05:00:00,0.17126392663539036
2018-08-30 05:03:00,0.2241922619520551
2018-08-30 05:06:00,0.3132131470501349
2018-08-30 05:09:00,0.24114890874926687
2018-08-30 05:12:00,0.20711679446651488
2018-08-30 05:15:00,0.139121637766209
2018-08-30 05:18:00,0.2265397598626464
2018-08-30 05:21:00,0.18846013033493136
2018-08-30 05:24:00,0.2723458407008934
2018-08-30 05:27:00,0.24161404210872206
2018-08-30 05:30:00,0.23096900495090722
2018-08-30 05:33:00,0.18460490564604015
2018-08-30 05:36:00,0.23287507792269935
2018-08-30 05:39:00,0.25704264590768844
2018-08-30 05:42:00,0.3456955181849253
2018-08-30 05:45:00,0.20686482231838
2018-08-30 05:48:00,0.31772441769578563
2018-08-30 05:51:00,0.26651141113842414
2018-08-30 05:54:00,0.34419525569632015
2018-08-30 05:57:00,0.2843446849063298
2018-08-30 06:00:00,0.27807114348280493
2018-08-30 06:03:00,0.3180716191848205
2018-08-30 06:06:00,0.3174476537044484
2018-08-30 06:09:00,0.3404637232506502
2018-08-30 06:12:00,0.345826912865391
2018-08-30 06:15:00,0.2741790899466423
2018-08-30 06:18:00,0.35150243302996387
2018-08-30 06:21:00,0.33257237863290356
2018-08-30 06:24:00,0.2892448567647534
2018-08-30 06:27:00,0.29574986404702486
2018-08-30 06:30:00,0.329848409377405
2018-08-30 06:33:00,0.2396019387601882
2018-08-30 06:36:00,0.289043651181089
2018-08-30 06:39:00,0.301714729667367
2018-08-30 06:42:00,0.3712467882139663
2018-08-30 06:45:00,0.3380230493128238
2018-08-30 06:48:00,0.3086264884654497
2018-08-30 06:51:00,0.3696321361080095
2018-08-30 06:54:00,0.3485367375010924
2018-08-30 06:57:00,0.3960389685694281
2018-08-30 07:00:00,0.29827116425866507
2018-08-30 07:03:00,0.2976052707775807
2018-08-30 07:06:00,0.2672349570720485
2018-08-30 07:09:00,0.3782571070501035
2018-08-30 07:12:00,0.19251849122565545
2018-08-30 07:15:00,0.2918370988733727
2018-08-30 07:18:00,0.39516539666800554
2018-08-30 07:21:00,0.3168096229265984
2018-08-30 07:24:00,0.2370306155382309
2018-08-30 07:27:00,0.24494950194952025
2018-08-30 07:30:00,0.3289687810531632
2018-08-30 07:33:00,0.21886575885224602
2018-08-30 07:36:00,0.2542781647379684
2018-08-30 07:39:00,0.19308246036240462
2018-08-30 07:42:00,0.17857202638606395
2018-08-30 07:45:00,0.186114614723067
2018-08-30 07:48:00,0.2881329224549063
2018-08-30 07:51:00,0.2650060739029527
2018-08-30 07:54:00,0.2806874435766531
2018-08-30 07:57:00,0.17425017271943943
2018-08-30 08:00:00,0.2002490685824796
2018-08-30 08:03:00,0.24823716225284898
2018-08-30 08:06:00,0.27516034754933116
2018-08-30 08:09:00,0.3438314428879039
2018-08-30 08:12:00,0.21300194658272176
2018-08-30 08:15:00,0.24639570285893342
2018-08-30 08:18:00,0.1954934135271742
2018-08-30 08:21:00,0.13014258054829497
2018-08-30 08:24:00,0.17873556472056862
2018-08-30 08:27:00,0.1502840468540967
2018-08-30 08:30:00,0.07594656077827722
2018-08-30 08:33:00,0.13802098711209965
2018-08-30 08:36:00,0.06310834934413379
2018-08-30 08:39:00,0.1565416867338172
2018-08-30 08:42:00,0.0473215503863571
2018-08-30 08:45:00,0.20913814905645722
2018-08-30 08:48:00,0.18155860450218597
2018-08-30 08:51:00,0.12634238994365887
2018-08-30 08:54:00,0.09923813734650366
2018-08-30 08:57:00,0.14631700885746568
2018-08-30 09:00:00,0.11334935400009272
2018-08-30 09:03:00,0.0783126737903217
2018-08-30 09:06:00,0.09130892985626815
2018-08-30 09:09:00,0.05472406503548655
2018-08-30 09:12:00,0.1345586374337131
2018-08-30 09:15:00,0.12346690522110748
2018-08-30 09:18:00,0.04134149251649433
2018-08-30 09:21:00,-0.020290740373866356
2018-08-30 09:24:00,0.0427216293477386
2018-08-30 09:27:00,0.03109541697375562
2018-08-30 09:30:00,-0.024815535209768314
2018-08-30 09:33:00,-0.07718808607245364
2018-08-30 09:36:00,-0.09028735689639689
2018-08-30 09:39:00,-0.12678484310009708
2018-08-30 09:42:00,-0.041958545140118986
2018-08-30 09:45:00,-0.23888632868278137
2018-08-30 09:48:00,-0.2031190497137345
2018-08-30 09:51:00,-0.09314903399740615
2018-08-30 09:54:00,-0.133913962296333
2018-08-30 09:57:00,-0.18009475898873006
2018-08-30 10:00:00,-0.15111453844042444
2018-08-30 10:03:00,-0.25662286732193706
2018-08-30 10:06:00,-0.26285527605614334
2018-08-30 10:09:00,-0.2662792379174448
2018-08-30 10:12:00,-0.25455161433643525
2018-08-30 10:15:00,-0.09105557777206741
2018-08-30 10:18:00,-0.14928934729061893
2018-08-30 10:21:00,-0.18597111378124964
2018-08-30 10:24:00,-0.2541790284091121
2018-08-30 10:27:00,-0.24347186733206172
2018-08-30 10:30:00,-0.2727076117608931
2018-08-30 10:33:00,-0.29315683002096193
2018-08-30 10:36:00,-0.30394865490211487
2018-08-30 10:39:00,-0.35556903783259486
2018-08-30 10:42:00,-0.32279865745948655
2018-08-30 10:45:00,-0.24274442549466357
2018-08-30 10:48:00,-0.2774935132007954
2018-08-30 10:51:00,-0.41933101537898665
2018-08-30 10:54:00,-0.3312197554291174
2018-08-30 10:57:00,-0.36117010587099685
2018-08-30 11:00:00,-0.3277406824979039
2018-08-30 11:03:00,-0.36809685302131356
2018-08-30 11:06:00,-0.43530851205849785
2018-08-30 11:09:00,-0.3513461554217088
2018-08-30 11:12:00,-0.3964510136818262
2018-08-30 11:15:00,-0.4529478456516358
2018-08-30 11:18:00,-0.4316105134183772
2018-08-30 11:21:00,-0.48442657846612747
2018-08-30 11:24:00,-0.44674637239614867
2018-08-30 11:27:00,-0.3496433131065828
2018-08-30 11:30:00,-0.4214329895991682
2018-08-30 11:33:00,-0.3873166746360539
2018-08-30 11:36:00,-0.35049102267515764
2018-08-30 11:39:00,-0.45017620453631935
2018-08-30 11:42:00,-0.4886420796766515
2018-08-30 11:45:00,-0.45066290783341856
2018-08-30 11:48:00,-0.4831434186044703
2018-08-30 11:51:00,-0.43322497523445236
2018-08-30 11:54:00,-0.43897394291155933
2018-08-30 11:57:00,-0.4552388111594041
2018-08-30 12:00:00,-0.36868886598631434
2018-08-30 12:03:00,-0.44462849563126383
2018-08-30 12:06:00,-0.4417217433080509
2018-08-30 12:09:00,-0.3877945704838339
2018-08-30 12:12:00,-0.3115462799990496
2018-08-30 12:15:00,-0.13338477102809065
2018-08-30 12:18:00,-0.285336998462526
2018-08-30 12:21:00,-0.32541721954748937
2018-08-30 12:24:00,-0.33154408180143946
2018-08-30 12:27:00,-0.24008000261915186
2018-08-30 12:30:00,-0.1518882908619048
2018-08-30 12:33:00,-0.316771287506981
2018-08-30 12:36:00,-0.1737798700419262
2018-08-30 12:39:00,-0.3160224044700044
2018-08-30 12:42:00,-0.31190121392467063
2018-08-30 12:45:00,-0.3765744301718996
2018-08-30 12:48:00,-0.304229157624718
2018-08-30 12:51:00,-0.09978450531173166
2018-08-30 12:54:00,0.011697107821987629
2018-08-30 12:57:00,0.11742962002045942
2018-08-30 13:00:00,0.09111161973220305
2018-08-30 13:03:00,0.10826302337562765
2018-08-30 13:06:00,-0.04257405298261574
2018-08-30 13:09:00,-0.05772125897152591
2018-08-30 13:12:00,-0.03346478959986143
2018-08-30 13:15:00,0.06780079274136597
2018-08-30 13:18:00,0.026501632165889077
2018-08-30 13:21:00,0.05666000409581784
2018-08-30 13:24:00,-0.0069640433350173225
2018-08-30 13:27:00,0.10712518741303256
2018-08-30 13:30:00,0.06182000527689979
2018-08-30 13:33:00,0.07240811618208909
2018-08-30 13:36:00,0.017217346415634438
2018-08-30 13:39:00,0.11565783294969378
2018-08-30 13:42:00,0.2982662555806428
2018-08-30 13:45:00,0.24307575053109076
2018-08-30 13:48:00,0.18941853376156814
2018-08-30 13:51:00,-0.06733034986581288
2018-08-30 13:54:00,-0.0590355148262347
2018-08-30 13:57:00,-0.13967152072240197
2018-08-30 14:00:00,-0.17995400513871118
2018-08-30 14:03:00,-0.08518288863581347
2018-08-30 14:06:00,-0.08275915494994024
2018-08-30 14:09:00,0.042401667024250855
2018-08-30 14:12:00,0.08313274957760086
2018-08-30 14:15:00,0.13341151086672198
2018-08-30 14:18:00,-0.0240102401409672
2018-08-30 14:21:00,-0.21153577587477912
2018-08-30 14:24:00,-0.043748386664447025
2018-08-30 14:27:00,-0.10693423706663907
2018-08-30 14:30:00,-0.21726976482511873
2018-08-30 14:33:00,-0.29633430529645466
2018-08-30 14:36:00,-0.2756102420914317
2018-08-30 14:39:00,-0.4060868368833894
2018-08-30 14:42:00,-0.22140959460961085
2018-08-30 14:45:00,-0.2516876479261896
2018-08-30 14:48:00,-0.3910519793286653
2018-08-30 14:51:00,-0.36251077447764146
2018-08-30 14:54:00,-0.24895710755214395
2018-08-30 14:57:00,-0.3200186976984014
2018-08-30 15:00:00,-0.4001672436968988
2018-08-30 15:03:00,-0.3394947236301391
2018-08-30 15:06:00,-0.3879742457950215
2018-08-30 15:09:00,-0.41673533577591115
2018-08-30 15:12:00,-0.27647946891778474
2018-08-30 15:15:00,-0.4219053612808352
2018-08-30 15:18:00,-0.3839215758714545
2018-08-30 15:21:00,-0.49995445512587366
2018-08-30 15:24:00,-0.3700253454849758
2018-08-30 15:27:00,-0.4552347009191635
2018-08-30 15:30:00,-0.35537053618418213
2018-08-30 15:33:00,-0.2952441555449923
2018-08-30 15:36:00,-0.37526135289903095
2018-08-30 15:39:00,-0.3087250274650728
2018-08-30 15:42:00,-0.27198838244879653
2018-08-30 15:45:00,-0.2937569101251256
2018-08-30 15:48:00,-0.23109967606569626
2018-08-30 15:51:00,-0.25779046870474076
2018-08-30 15:54:00,-0.3435699017524598
2018-08-30 15:57:00,-0.30079641726513273
2018-08-30 16:00:00,-0.37007733476673366
2018-08-30 16:03:00,-0.31736185426916563
2018-08-30 16:06:00,-0.3092682049710902
2018-08-30 16:09:00,-0.33580950999817105
2018-08-30 16:12:00,-0.3727497316365884
2018-08-30 16:15:00,-0.31510165678707835
2018-08-30 16:18:00,-0.24423831725914624
2018-08-30 16:21:00,-0.1258242595723118
2018-08-30 16:24:00,-0.1447575992672796
2018-08-30 16:27:00,-0.1741255859192279
2018-08-30 16:30:00,-0.15543579094747884
2018-08-30 16:33:00,-0.21086459986042883
2018-08-30 16:36:00,-0.17636667746853618
2018-08-30 16:39:00,-0.16070121789061886
2018-08-30 16:42:00,-0.42051340709122087
2018-08-30 16:45:00,-0.34004281434238237
2018-08-30 16:48:00,-0.3202281263229452
2018-08-30 16:51:00,-0.2804888464941655
2018-08-30 16:54:00,-0.15244555193839915
2018-08-30 16:57:00,-0.013572473191231893
2018-08-30 17:00:00,-0.01728050781781576
2018-08-30 17:03:00,0.10052860568998767
2018-08-30 17:06:00,0.08032779035619342
2018-08-30 17:09:00,-0.09902941759315809
2018-08-30 17:12:00,-0.1303097326625675
2018-08-30 17:15:00,-0.09795183614534153
2018-08-30 17:18:00,-0.1416617920337444
2018-08-30 17:21:00,-0.11528004635641764
2018-08-30 17:24:00,-0.103033673219727
2018-08-30 17:27:00,-0.2605985896810239
2018-08-30 17:30:00,-0.22193884751089854
2018-08-30 17:33:00,-0.20047035212149922
2018-08-30 17:36:00,-0.12365899573711658
2018-08-30 17:39:00,-0.16797981117974814
2018-08-30 17:42:00,-0.16978825778551254
2018-08-30 17:45:00,-0.16452224235041513
2018-08-30 17:48:00,-0.11839734390810008
2018-08-30 17:51:00,-0.04127390910298345
2018-08-30 17:54:00,0.0019283025126810571
2018-08-30 17:57:00,-0.09137703094484095
2018-08-30 18:00:00,0.08801193817720332
2018-08-30 18:03:00,-0.06306634873396888
2018-08-30 18:06:00,-0.05900890378813983
2018-08-30 18:09:00,-0.03167146298108037
2018-08-30 18:12:00,-0.15250846556722308
2018-08-30 18:15:00,-0.08081171309470392
2018-08-30 18:18:00,-0.1755333795254046
2018-08-30 18:21:00,-0.26239227087233985
2018-08-30 18:24:00,-0.13493653825111096
2018-08-30 18:27:00,-0.15634006210916596
2018-08-30 18:30:00,-0.10663386849068957
2018-08-30 18:33:00,-0.04017634616707255
2018-08-30 18:36:00,-0.014285121708837778
2018-08-30 18:39:00,-0.049068166115489475
2018-08-30 18:42:00,-0.0315647853643668
2018-08-30 18:45:00,0.01566629877044079
2018-08-30 18:48:00,-0.09623740290675187
2018-08-30 18:51:00,-0.13743007891378056
2018-08-30 18:54:00,
2018-08-30 18:57:00,
2018-08-30 19:00:00,
2018-08-30 19:03:00,-0.07662535816376703
2018-08-30 19:06:00,-0.15459873630044285
2018-08-30 19:09:00,-0.1778025344560774
2018-08-30 19:12:00,-0.07130242943929943
2018-08-30 19:15:00,-0.1190463515994793
2018-08-30 19:18:00,-0.02224354481717228
2018-08-30 19:21:00,-0.06919697265152536
2018-08-30 19:24:00,-0.07799953421630335
2018-08-30 19:27:00,-0.16552700386472452
2018-08-30 19:30:00,-0.1651898788607582
2018-08-30 19:33:00,-0.08159736865457035
2018-08-30 19:36:00,-0.03956165663686306
2018-08-30 19:39:00,-0.08810744904553758
2018-08-30 19:42:00,-0.03417190806811732
2018-08-30 19:45:00,-0.058982287344861106
2018-08-30 19:48:00,-0.13397706910751594
2018-08-30 19:51:00,-0.08311952076604712
2018-08-30 19:54:00,-0.0648392153293571
2018-08-30 19:57:00,-0.15568830041041792
2018-08-30 20:00:00,0.007922389614520853
2018-08-30 20:03:00,-0.13956435862269245
2018-08-30 20:06:00,-0.14138005732417014
2018-08-30 20:09:00,-0.1386011228123607
2018-08-30 20:12:00,-0.02477320473525424
2018-08-30 20:15:00,-0.12289051595320188
2018-08-30 20:18:00,0.008779645854531282
2018-08-30 20:21:00,-0.052084931158276504
2018-08-30 20:24:00,-0.10941948478233599
2018-08-30 20:27:00,-0.026377359935736422
2018-08-30 20:30:00,-0.12031042084072396
2018-08-30 20:33:00,-0.032190178091696
2018-08-30 20:36:00,-0.06775134399077842
2018-08-30 20:39:00,0.017257077559804657
2018-08-30 20:42:00,-0.134344571642373
2018-08-30 20:45:00,0.005174108283597434
2018-08-30 20:48:00,0.02628607717065279
2018-08-30 20:51:00,0.03474060156645464
2018-08-30 20:54:00,0.05474516766759052
2018-08-30 20:57:00,0.08121287782051922
2018-08-30 21:00:00,0.019316546262132306
2018-08-30 21:03:00,-0.025349228042159666
2018-08-30 21:06:00,0.0012826545449797777
2018-08-30 21:09:00,0.04871072995172199
2018-08-30 21:12:00,0.000809450492738506
2018-08-30 21:15:00,0.06539761062384741
2018-08-30 21:18:00,0.028560828277306882
2018-08-30 21:21:00,0.04606394984818962
2018-08-30 21:24:00,0.2068310434601699
2018-08-30 21:27:00,0.11839371765154283
2018-08-30 21:30:00,0.08615973643389907
2018-08-30 21:33:00,0.1233531547130724
2018-08-30 21:36:00,0.15166697717108946
2018-08-30 21:39:00,0.0674676567895176
2018-08-30 21:42:00,0.07770566919430166
2018-08-30 21:45:00,0.04256852130242805
2018-08-30 21:48:00,0.01088047411315074
2018-08-30 21:51:00,-0.0156952954469034
2018-08-30 21:54:00,0.0005508952885975305
2018-08-30 21:57:00,0.06441762536866236
2018-08-30 22:00:00,0.015471289309232361
2018-08-30 22:03:00,0.03311900710878035
2018-08-30 22:06:00,-0.07119129807739455
2018-08-30 22:09:00,-0.026568233693410548
2018-08-30 22:12:00,0.024850046693359218
2018-08-30 22:15:00,-0.13492185557367975
2018-08-30 22:18:00,0.030640616721143488
2018-08-30 22:21:00,0.09952922611796566
2018-08-30 22:24:00,0.034995333425285935
2018-08-30 22:27:00,-0.08135805030059373
2018-08-30 22:30:00,0.08238744902143935
2018-08-30 22:33:00,0.032662684437866574
2018-08-30 22:36:00,0.09216966851681718
2018-08-30 22:39:00,0.019746528984398992
2018-08-30 22:42:00,0.01871315379378302
2018-08-30 22:45:00,0.07133054700375396
2018-08-30 22:48:00,0.02889627890203883
2018-08-30 22:51:00,-0.017114627817193195
2018-08-30 22:54:00,-0.06383210188391786
2018-08-30 22:57:00,-0.033023670142370065
2018-08-30 23:00:00,0.009034357817995442
2018-08-30 23:03:00,-0.005487809087298956
2018-08-30 23:06:00,0.0017344601760100886
2018-08-30 23:09:00,0.01867217252311093
2018-08-30 23:12:00,-0.027169145891889457
2018-08-30 23:15:00,0.02765497784650961
2018-08-30 23:18:00,-0.060400731821459885
2018-08-30 23:21:00,-0.010943123112099329
2018-08-30 23:24:00,0.051050910942535666
2018-08-30 23:27:00,0.06061021657058063
2018-08-30 23:30:00,0.06542721419071995
2018-08-30 23:33:00,-0.00020655042163753023
2018-08-30 23:36:00,0.026128854713817873
2018-08-30 23:39:00,0.0260452896200718
2018-08-30 23:42:00,0.07770268742774533
2018-08-30 23:45:00,-0.010421105825344057
2018-08-30 23:48:00,0.06373813961738506
2018-08-30 23:51:00,0.08443329366480157
2018-08-30 23:54:00,0.0838518200226872
2018-08-30 23:57:00,0.08750227935536259
2018-08-31 00:00:00,0.16318347095341323
2018-08-31 00:03:00,0.15526355600792385
2018-08-31 00:06:00,0.14662872961355333
2018-08-31 00:09:00,0.07743190782304055
2018-08-31 00:12:00,0.1289560126149354
2018-08-31 00:15:00,0.058528533808726024
2018-08-31 00:18:00,0.08101361291903686
2018-08-31 00:21:00,-0.003977216296732422
2018-08-31 00:24:00,0.10412030766275393
2018-08-31 00:27:00,0.07526188468074224
2018-08-31 00:30:00,0.19387225339659153
2018-08-31 00:33:00,0.07797606644709276
2018-08-31 00:36:00,-0.026772643591016276
2018-08-31 00:39:00,0.053224055595990194
2018-08-31 00:42:00,0.04593956343052241
2018-08-31 00:45:00,-0.0523366068755422
2018-08-31 00:48:00,-0.05175323578066582
2018-08-31 00:51:00,-0.030460897974023737
2018-08-31 00:54:00,0.07018150362517872
2018-08-31 00:57:00,0.13828379370721677
2018-08-31 01:00:00,0.22155824546388203
2018-08-31 01:03:00,0.14138144630459237
2018-08-31 01:06:00,0.25137565341617574
2018-08-31 01:09:00,0.24668627036561475
2018-08-31 01:12:00,0.29598062956068816
2018-08-31 01:15:00,0.23202444014850698
2018-08-31 01:18:00,0.3001696013712376
2018-08-31 01:21:00,0.181002671123224
2018-08-31 01:24:00,0.1695038632848309
2018-08-31 01:27:00,0.2954678392803203
2018-08-31 01:30:00,0.2330850845585246
2018-08-31 01:33:00,0.20144979137995733
2018-08-31 01:36:00,0.1412278354122236
2018-08-31 01:39:00,0.18755501903615368
2018-08-31 01:42:00,0.1643531855626179
2018-08-31 01:45:00,0.21419167882078227
2018-08-31 01:48:00,0.144565976947149
2018-08-31 01:51:00,0.08141618859571054
2018-08-31 01:54:00,0.17544964639188265
2018-08-31 01:57:00,0.16566014083565506
2018-08-31 02:00:00,0.21775835142869937
2018-08-31 02:03:00,0.2284334128979708
2018-08-31 02:06:00,0.2740965024606794
2018-08-31 02:09:00,0.27458456023600775
2018-08-31 02:12:00,0.32267069779931035
2018-08-31 02:15:00,0.40842299903130197
2018-08-31 02:18:00,0.4607568568816873
2018-08-31 02:21:00,0.44865313785760463
2018-08-31 02:24:00,0.43347556952915056
2018-08-31 02:27:00,0.44608381337531
2018-08-31 02:30:00,0.5430891786766097
2018-08-31 02:33:00,0.4832566684160611
2018-08-31 02:36:00,0.4746824264008751
2018-08-31 02:39:00,0.325479942952029
2018-08-31 02:42:00,0.3178036303892213
2018-08-31 02:45:00,0.1869344504071364
2018-08-31 02:48:00,0.15612719659162622
2018-08-31 02:51:00,0.13685188692159045
2018-08-31 02:54:00,0.2108688036605031
2018-08-31 02:57:00,0.24445301683908838
2018-08-31 03:00:00,0.2215183878716971
2018-08-31 03:03:00,0.16922912826942138
2018-08-31 03:06:00,0.10564378981547407
2018-08-31 03:09:00,0.11323200992899274
2018-08-31 03:12:00,0.20917327882284553
2018-08-31 03:15:00,0.1342411418933125
2018-08-31 03:18:00,0.1981983075073117
2018-08-31 03:21:00,0.12136066269812318
2018-08-31 03:24:00,0.12763513483673705
2018-08-31 03:27:00,0.11712177682892388
2018-08-31 03:30:00,0.15585927643166997
2018-08-31 03:33:00,0.03377985878967138
2018-08-31 03:36:00,0.1529464363857187
2018-08-31 03:39:00,0.13052228543233468
2018-08-31 03:42:00,0.14665407153859178
2018-08-31 03:45:00,0.16223894240408754
2018-08-31 03:48:00,0.1539033364546185
2018-08-31 03:51:00,0.19478075721565347
2018-08-31 03:54:00,0.1626682681973648
2018-08-31 03:57:00,0.16653603832025965
2018-08-31 04:00:00,0.2263183646614948
2018-08-31 04:03:00,0.19041597576921276
2018-08-31 04:06:00,0.20663467409769964
2018-08-31 04:09:00,0.1443147564388596
2018-08-31 04:12:00,0.18038154881418222
2018-08-31 04:15:00,0.12119662910191664
2018-08-31 04:18:00,0.17027105758137395
2018-08-31 04:21:00,0.169749236581481
2018-08-31 04:24:00,0.1295298379421297
2018-08-31 04:27:00,0.16985752537834742
2018-08-31 04:30:00,0.15383334259956882
2018-08-31 04:33:00,0.19237109658041618
2018-08-31 04:36:00,0.2058449790148984
2018-08-31 04:39:00,0.1338273044720495
2018-08-31 04:42:00,0.2122266220014808
2018-08-31 04:45:00,0.23186756179779877
2018-08-31 04:48:00,0.18281279378118143
2018-08-31 04:51:00,0.2715547720497966
2018-08-31 04:54:00,0.14156369935102475
2018-08-31 04:57:00,0.1314914076327227
2018-08-31 05:00:00,0.20518936851897251
2018-08-31 05:03:00,0.26270619377794446
2018-08-31 05:06:00,0.2544897609719783
2018-08-31 05:09:00,0.23960768007822253
2018-08-31 05:12:00,0.24812189595326117
2018-08-31 05:15:00,0.24536429421812045
2018-08-31 05:18:00,0.2523716007285657
2018-08-31 05:21:00,0.2120222350559402
2018-08-31 05:24:00,0.2631893261068967
2018-08-31 05:27:00,0.17994334369666376
2018-08-31 05:30:00,0.2711939069494065
2018-08-31 05:33:00,0.19556428526527725
2018-08-31 05:36:00,0.21022969829220983
2018-08-31 05:39:00,0.19929366130503468
2018-08-31 05:42:00,0.19560955945416936
2018-08-31 05:45:00,0.166854949414585
2018-08-31 05:48:00,0.23911905303526737
2018-08-31 05:51:00,0.1115286551664667
2018-08-31 05:54:00,0.27679373910535787
2018-08-31 05:57:00,0.22779864118035675
2018-08-31 06:00:00,0.23370554272548816
2018-08-31 06:03:00,0.21102843610572108
2018-08-31 06:06:00,0.16353132733655684
2018-08-31 06:09:00,0.24062316420520347
2018-08-31 06:12:00,0.26439975562016116
2018-08-31 06:15:00,0.25088582580292496
2018-08-31 06:18:00,0.27895866628887234
2018-08-31 06:21:00,0.1940594458507121
2018-08-31 06:24:00,0.2836611874259347
2018-08-31 06:27:00,0.19076821204197358
2018-08-31 06:30:00,0.3092924849236738
2018-08-31 06:33:00,0.26371308173594343
2018-08-31 06:36:00,0.22453308048443432
2018-08-31 06:39:00,0.2377977618307341
2018-08-31 06:42:00,0.27999709818305973
2018-08-31 06:45:00,0.17866692315459431
2018-08-31 06:48:00,0.23033412926059782
2018-08-31 06:51:00,0.3033473232297865
2018-08-31 06:54:00,0.2095276866145923
2018-08-31 06:57:00,0.24214349381855982
2018-08-31 07:00:00,0.20829615821173775
2018-08-31 07:03:00,0.20555912065645998
2018-08-31 07:06:00,0.22150638105006237
2018-08-31 07:09:00,0.2733573962850073
2018-08-31 07:12:00,0.3257180836284874
2018-08-31 07:15:00,0.25676400880945494
2018-08-31 07:18:00,0.24187111080379964
2018-08-31 07:21:00,0.23152848489917233
2018-08-31 07:24:00,0.1739663422514468
2018-08-31 07:27:00,0.1987237102605377
2018-08-31 07:30:00,0.21447860882904024
2018-08-31 07:33:00,0.33382919460001403
2018-08-31 07:36:00,0.2999023191090373
2018-08-31 07:39:00,0.2147263777178523
2018-08-31 07:42:00,0.14296625944336938
2018-08-31 07:45:00,0.2510941263023483
2018-08-31 07:48:00,0.1605559004775614
2018-08-31 07:51:00,0.17754420734257792
2018-08-31 07:54:00,0.15659871166917583
2018-08-31 07:57:00,0.1753025077837833
2018-08-31 08:00:00,0.18145954083695415
2018-08-31 08:03:00,0.2120534580450908
2018-08-31 08:06:00,0.146314011069137
2018-08-31 08:09:00,0.08808829241735339
2018-08-31 08:12:00,0.1871533837281163
2018-08-31 08:15:00,0.20884263400461123
2018-08-31 08:18:00,0.15005386779478158
2018-08-31 08:21:00,0.16066571403797525
2018-08-31 08:24:00,0.1514856086245686
2018-08-31 08:27:00,0.06583047152145127
2018-08-31 08:30:00,0.12840905086466137
2018-08-31 08:33:00,0.09484785899724102
2018-08-31 08:36:00,0.06769366988953607
2018-08-31 08:39:00,0.11019957069169095
2018-08-31 08:42:00,0.14102198431282886
2018-08-31 08:45:00,-0.01922338548956759
2018-08-31 08:48:00,0.10899001010790244
2018-08-31 08:51:00,0.03221897357184389
2018-08-31 08:54:00,0.01445868767916636
2018-08-31 08:57:00,0.07996208651917414
2018-08-31 09:00:00,-0.0037124235919350212
2018-08-31 09:03:00,-0.025785482859419062
2018-08-31 09:06:00,0.11248958180993895
2018-08-31 09:09:00,-0.06614588551042289
2018-08-31 09:12:00,0.017083263957715644
2018-08-31 09:15:00,-0.07302316285273491
2018-08-31 09:18:00,-0.137544113306717
2018-08-31 09:21:00,-0.12393497513335205
2018-08-31 09:24:00,-0.0687334417369243
2018-08-31 09:27:00,-0.06200385291430166
2018-08-31 09:30:00,-0.2540790111320348
2018-08-31 09:33:00,-0.21288492615667565
2018-08-31 09:36:00,-0.16232342752107343
2018-08-31 09:39:00,-0.2502862873876097
2018-08-31 09:42:00,-0.23557504052268996
2018-08-31 09:45:00,-0.23806522809678654
2018-08-31 09:48:00,-0.2310907254789072
2018-08-31 09:51:00,-0.15368955047995314
2018-08-31 09:54:00,-0.3127992306000351
2018-08-31 09:57:00,-0.27235865635469736
2018-08-31 10:00:00,-0.2351410714341
2018-08-31 10:03:00,-0.2270302369381625
2018-08-31 10:06:00,-0.3484835926813048
2018-08-31 10:09:00,-0.28561625200745766
2018-08-31 10:12:00,-0.31253476778863387
2018-08-31 10:15:00,-0.35234045844208595
2018-08-31 10:18:00,-0.2982808886720818
2018-08-31 10:21:00,-0.4408717616687454
2018-08-31 10:24:00,-0.2701075833408595
2018-08-31 10:27:00,-0.3476711529945078
2018-08-31 10:30:00,-0.45854723495921235
2018-08-31 10:33:00,-0.38124058867657595
2018-08-31 10:36:00,-0.3848703171203738
2018-08-31 10:39:00,-0.44919156940790117
2018-08-31 10:42:00,-0.436623056908104
2018-08-31 10:45:00,-0.3886187529261633
2018-08-31 10:48:00,-0.4260807886863063
2018-08-31 10:51:00,-0.4229029655073191
2018-08-31 10:54:00,-0.4458145201004413
2018-08-31 10:57:00,-0.2303902854217199
2018-08-31 11:00:00,-0.5699740854086599
2018-08-31 11:03:00,-0.4679398661677965
2018-08-31 11:06:00,-0.6220268951406638
2018-08-31 11:09:00,-0.4988244320206263
2018-08-31 11:12:00,-0.3278434959120773
2018-08-31 11:15:00,-0.4007643867306001
2018-08-31 11:18:00,-0.4637892202760554
2018-08-31 11:21:00,-0.518005793427676
2018-08-31 11:24:00,-0.3544471838507661
2018-08-31 11:27:00,-0.3097861551680694
2018-08-31 11:30:00,-0.38299190069670885
2018-08-31 11:33:00,-0.45063593437532745
2018-08-31 11:36:00,-0.3581209373415959
2018-08-31 11:39:00,-0.26843319530252074
2018-08-31 11:42:00,-0.3550646407343834
2018-08-31 11:45:00,-0.40646275577074675
2018-08-31 11:48:00,-0.4041365933941279
2018-08-31 11:51:00,-0.5131434780364543
2018-08-31 11:54:00,-0.5352563461787554
2018-08-31 11:57:00,-0.41697254092099456
2018-08-31 12:00:00,-0.3003308603755954
2018-08-31 12:03:00,-0.29975574248669545
2018-08-31 12:06:00,-0.4826170449333631
2018-08-31 12:09:00,-0.5277871421593545
2018-08-31 12:12:00,-0.4310010280965457
2018-08-31 12:15:00,-0.43671245383416135
2018-08-31 12:18:00,-0.3720274008278466
2018-08-31 12:21:00,-0.5231396538970898
2018-08-31 12:24:00,-0.5519443087762284
2018-08-31 12:27:00,-0.5285947526832047
2018-08-31 12:30:00,-0.4586905503275034
2018-08-31 12:33:00,-0.48099074838927436
2018-08-31 12:36:00,-0.5819922888488236
2018-08-31 12:39:00,-0.5090744555384958
2018-08-31 12:42:00,-0.5689806590513058
2018-08-31 12:45:00,-0.43595363567277445
2018-08-31 12:48:00,-0.5499937786945566
2018-08-31 12:51:00,-0.5363173842933975
2018-08-31 12:54:00,-0.4704408397045654
2018-08-31 12:57:00,-0.5476091404783574
2018-08-31 13:00:00,-0.6149934120194871
2018-08-31 13:03:00,-0.5323409734318147
2018-08-31 13:06:00,-0.4658820959318746
2018-08-31 13:09:00,-0.6236325053127416
2018-08-31 13:12:00,-0.7102442136828131
2018-08-31 13:15:00,-0.8053610129965705
2018-08-31 13:18:00,-0.6581135718329847
2018-08-31 13:21:00,-0.27225582417838723
2018-08-31 13:24:00,-0.5437959261804508
2018-08-31 13:27:00,-0.6703077478210275
2018-08-31 13:30:00,-0.6411969714254155
2018-08-31 13:33:00,-0.5912343446323689
2018-08-31 13:36:00,-0.5941934769269324
2018-08-31 13:39:00,-0.5824075467606349
2018-08-31 13:42:00,-0.4707540849168481
2018-08-31 13:45:00,-0.6626155303623591
2018-08-31 13:48:00,-0.626312684066022
2018-08-31 13:51:00,-0.42777338029543444
2018-08-31 13:54:00,-0.5128859124853875
2018-08-31 13:57:00,-0.4967562488758972
2018-08-31 14:00:00,-0.6806867599453881
2018-08-31 14:03:00,-0.6014483114389577
2018-08-31 14:06:00,-0.5632974160117215
2018-08-31 14:09:00,-0.5651964216015131
2018-08-31 14:12:00,-0.5596653916254581
2018-08-31 14:15:00,-0.6268723541736563
2018-08-31 14:18:00,-0.5770543309657228
2018-08-31 14:21:00,-0.6724404455965214
2018-08-31 14:24:00,-0.5156173337792325
2018-08-31 14:27:00,-0.6106288853771389
2018-08-31 14:30:00,-0.6189373557076578
2018-08-31 14:33:00,-0.4966633359455841
2018-08-31 14:36:00,-0.6104194915236576
2018-08-31 14:39:00,-0.5299328182953786
2018-08-31 14:42:00,-0.49157998996315655
2018-08-31 14:45:00,-0.5714786392725273
2018-08-31 14:48:00,-0.38056093488233955
2018-08-31 14:51:00,-0.5601047246897224
2018-08-31 14:54:00,-0.5316498191445476
2018-08-31 14:57:00,-0.36321514870024885
2018-08-31 15:00:00,-0.4269925270497765
2018-08-31 15:03:00,-0.32023752248392157
2018-08-31 15:06:00,-0.57818183049244
2018-08-31 15:09:00,-0.5631587809475036
2018-08-31 15:12:00,-0.5595369080921841
2018-08-31 15:15:00,-0.5276833364316644
2018-08-31 15:18:00,-0.5720194073491598
2018-08-31 15:21:00,-0.5728187869503358
2018-08-31 15:24:00,-0.548622138542612
2018-08-31 15:27:00,-0.608710375229407
2018-08-31 15:30:00,-0.5085851792759968
2018-08-31 15:33:00,-0.5151662731283295
2018-08-31 15:36:00,-0.5175746700789432
2018-08-31 15:39:00,-0.6497888701004513
2018-08-31 15:42:00,-0.5001455724957395
2018-08-31 15:45:00,-0.5522048206927934
2018-08-31 15:48:00,-0.5072538601739325
2018-08-31 15:51:00,-0.38497991683948385
2018-08-31 15:54:00,-0.39127805325949794
2018-08-31 15:57:00,-0.3406286186611851
2018-08-31 16:00:00,-0.17810292703546793
2018-08-31 16:03:00,-0.2310678731564053
2018-08-31 16:06:00,-0.1579224874927263
2018-08-31 16:09:00,-0.21829777764554592
2018-08-31 16:12:00,-0.06225850196886995
2018-08-31 16:15:00,0.0021176790802996948
2018-08-31 16:18:00,-0.16325951073218903
2018-08-31 16:21:00,-0.3047743325114425
2018-08-31 16:24:00,-0.3944171498901028
2018-08-31 16:27:00,-0.42590681107105866
2018-08-31 16:30:00,-0.35017648946825375
2018-08-31 16:33:00,-0.2745380918601654
2018-08-31 16:36:00,-0.31547576616577544
2018-08-31 16:39:00,-0.4176639653812799
2018-08-31 16:42:00,-0.39901615821020187
2018-08-31 16:45:00,-0.4697315890323921
2018-08-31 16:48:00,-0.5241291616147805
2018-08-31 16:51:00,-0.5280257969417335
2018-08-31 16:54:00,-0.4175745535924875
2018-08-31 16:57:00,-0.3877054034263665
2018-08-31 17:00:00,-0.4430322054541307
2018-08-31 17:03:00,-0.3717864129010877
2018-08-31 17:06:00,-0.4287797169499754
2018-08-31 17:09:00,-0.3843162497344679
2018-08-31 17:12:00,-0.5096307251633903
2018-08-31 17:15:00,-0.4400693838841221
2018-08-31 17:18:00,-0.4423333238161149
2018-08-31 17:21:00,-0.46361382801688933
2018-08-31 17:24:00,-0.36769275036959925
2018-08-31 17:27:00,-0.36758340039335735
2018-08-31 17:30:00,-0.4513171033696608
2018-08-31 17:33:00,-0.41479613054161746
2018-08-31 17:36:00,-0.349363826130741
2018-08-31 17:39:00,-0.3899990409419729
2018-08-31 17:42:00,-0.37665690687617825
2018-08-31 17:45:00,-0.4066447656726382
2018-08-31 17:48:00,-0.38298390269926585
2018-08-31 17:51:00,-0.3408347591881693
2018-08-31 17:54:00,-0.36510119028690724
2018-08-31 17:57:00,-0.34935958792101474
2018-08-31 18:00:00,-0.31617953022742995
2018-08-31 18:03:00,-0.36347828840717966
2018-08-31 18:06:00,-0.3567415937093301
2018-08-31 18:09:00,-0.3934331365398407
2018-08-31 18:12:00,-0.3936332831250411
2018-08-31 18:15:00,-0.34691930068993315
2018-08-31 18:18:00,-0.25716079984272255
2018-08-31 18:21:00,-0.2947831943573078
2018-08-31 18:24:00,-0.39009754596156654
2018-08-31 18:27:00,-0.373984325886056
2018-08-31 18:30:00,-0.44323061439223466
2018-08-31 18:33:00,-0.3203326143139975
2018-08-31 18:36:00,-0.41553501280480987
2018-08-31 18:39:00,-0.32994042579730376
2018-08-31 18:42:00,-0.4145954072631639
2018-08-31 18:45:00,-0.28176034336848943
2018-08-31 18:48:00,-0.2431067571362746
2018-08-31 18:51:00,-0.1687325688525334
2018-08-31 18:54:00,
2018-08-31 18:57:00,
2018-08-31 19:00:00,
2018-08-31 19:03:00,-0.15946809484518099
2018-08-31 19:06:00,-0.18301790130857398
2018-08-31 19:09:00,-0.21425950060864807
2018-08-31 19:12:00,-0.11756167284357844
2018-08-31 19:15:00,-0.18118170550087598
2018-08-31 19:18:00,-0.13489128891910696
2018-08-31 19:21:00,-0.18610458268312868
2018-08-31 19:24:00,-0.17214739811134905
2018-08-31 19:27:00,-0.1802535839190682
2018-08-31 19:30:00,-0.15349537154116888
2018-08-31 19:33:00,-0.2564035800324973
2018-08-31 19:36:00,-0.13859847326830277
2018-08-31 19:39:00,-0.18381272711496877
2018-08-31 19:42:00,-0.2408036634222981
2018-08-31 19:45:00,-0.10535405205047255
2018-08-31 19:48:00,-0.12507577646681511
2018-08-31 19:51:00,-0.14113654679755427
2018-08-31 19:54:00,-0.22359152773867663
2018-08-31 19:57:00,-0.12691520090805852
2018-08-31 20:00:00,-0.12714696242210266
2018-08-31 20:03:00,-0.08316262709558941
2018-08-31 20:06:00,-0.1592066392802849
2018-08-31 20:09:00,-0.17175100031107604
2018-08-31 20:12:00,-0.10596214406263016
2018-08-31 20:15:00,-0.12743266429828282
2018-08-31 20:18:00,-0.06529635520274724
2018-08-31 20:21:00,-0.07241916518916014
2018-08-31 20:24:00,-0.0790689924717185
2018-08-31 20:27:00,-0.041702788412408154
2018-08-31 20:30:00,-0.08162509933094952
2018-08-31 20:33:00,0.004665681444521397
2018-08-31 20:36:00,-0.05716664794294957
2018-08-31 20:39:00,-0.09591008214141539
2018-08-31 20:42:00,-0.0746249215370085
2018-08-31 20:45:00,-0.09422358981976231
2018-08-31 20:48:00,-0.11500794672633674
2018-08-31 20:51:00,-0.09043243254183153
2018-08-31 20:54:00,-0.04509499774485448
2018-08-31 20:57:00,-0.08435589811892896
2018-08-31 21:00:00,-0.060348719276476004
2018-08-31 21:03:00,-0.08436537131848354
2018-08-31 21:06:00,-0.059416766210347305
2018-08-31 21:09:00,-0.10329107030304385
2018-08-31 21:12:00,-0.12480978199653237
2018-08-31 21:15:00,-0.051403679200745955
2018-08-31 21:18:00,-0.06109070351618584
2018-08-31 21:21:00,-0.06589541659104725
2018-08-31 21:24:00,-0.0037027716583111214
2018-08-31 21:27:00,0.022946620493030423
2018-08-31 21:30:00,0.048905552741587144
2018-08-31 21:33:00,0.05011566276078838
2018-08-31 21:36:00,0.002704781455918237
2018-08-31 21:39:00,-0.031116315083920654
2018-08-31 21:42:00,-0.07797500485827413
2018-08-31 21:45:00,-0.18665103315606757
2018-08-31 21:48:00,-0.0674102766759006
2018-08-31 21:51:00,-0.030085961361123736
2018-08-31 21:54:00,0.07712061678370219
2018-08-31 21:57:00,0.002999244882801122
2018-08-31 22:00:00,-0.0038354272821834456
2018-08-31 22:03:00,0.05965799468816613
2018-08-31 22:06:00,-0.008665081430422106
2018-08-31 22:09:00,0.029880984213377815
2018-08-31 22:12:00,-0.06809149571876105
2018-08-31 22:15:00,0.0268547600015836
2018-08-31 22:18:00,0.05020208249703728
2018-08-31 22:21:00,0.05977799097030356
2018-08-31 22:24:00,-0.0032866900834278567
2018-08-31 22:27:00,-0.011609539505911926
2018-08-31 22:30:00,-0.06766072795790024
2018-08-31 22:33:00,-0.10986663672457553
2018-08-31 22:36:00,-0.01786918139566751
2018-08-31 22:39:00,-0.008324668228397059
2018-08-31 22:42:00,-0.06683304401440182
2018-08-31 22:45:00,0.04249020446235363
2018-08-31 22:48:00,-0.01354877860188708
2018-08-31 22:51:00,-0.002119726224975693
2018-08-31 22:54:00,0.04352754361497091
2018-08-31 22:57:00,0.0016402198109517485
2018-08-31 23:00:00,-0.009537217822867206
2018-08-31 23:03:00,0.040338541671644634
2018-08-31 23:06:00,-0.0026367429001652454
2018-08-31 23:09:00,0.11133142096952042
2018-08-31 23:12:00,0.038365105240131925
2018-08-31 23:15:00,-0.0013830005835302472
2018-08-31 23:18:00,0.025421647926805235
2018-08-31 23:21:00,0.09115398536550856
2018-08-31 23:24:00,0.01091968727882886
2018-08-31 23:27:00,-0.09859975863895443
2018-08-31 23:30:00,0.06796085673278185
2018-08-31 23:33:00,0.014456581983324668
2018-08-31 23:36:00,0.03410821086043825
2018-08-31 23:39:00,-0.021174184493247594
2018-08-31 23:42:00,-0.052040570217116056
2018-08-31 23:45:00,-0.08890973793143075
2018-08-31 23:48:00,-0.03523584494433862
2018-08-31 23:51:00,-0.057378035868111965
2018-08-31 23:54:00,-0.020539341032417724
2018-08-31 23:57:00,0.04431613117338884
2018-09-01 00:00:00,-0.0010771718949058595
2018-09-01 00:03:00,0.03254244906139547
2018-09-01 00:06:00,0.02524645957771554
2018-09-01 00:09:00,0.01829648302680198
2018-09-01 00:12:00,0.08963582134390435
2018-09-01 00:15:00,0.005573453274507756
2018-09-01 00:18:00,0.002163071138397754
2018-09-01 00:21:00,0.10839885282325668
2018-09-01 00:24:00,0.04279596221431348
2018-09-01 00:27:00,0.05285325861672163
2018-09-01 00:30:00,0.07261365719369905
2018-09-01 00:33:00,0.13074488095276138
2018-09-01 00:36:00,0.09272095925905433
2018-09-01 00:39:00,0.12981226991593076
2018-09-01 00:42:00,0.05644417307871663
2018-09-01 00:45:00,0.15167909448001637
2018-09-01 00:48:00,0.1750805850487609
2018-09-01 00:51:00,0.16308621045305927
2018-09-01 00:54:00,0.05561225344627019
2018-09-01 00:57:00,0.08566120605729566
2018-09-01 01:00:00,0.11391238614652366
2018-09-01 01:03:00,0.13847591492975653
2018-09-01 01:06:00,0.037270176832805646
2018-09-01 01:09:00,0.09201839635119313
2018-09-01 01:12:00,0.1254056117188611
2018-09-01 01:15:00,0.14831404305340357
2018-09-01 01:18:00,0.13785657107672478
2018-09-01 01:21:00,0.10723709416794236
2018-09-01 01:24:00,0.10175820681723735
2018-09-01 01:27:00,0.16357012239086544
2018-09-01 01:30:00,0.12625062737572534
2018-09-01 01:33:00,0.15302747840536313
2018-09-01 01:36:00,0.22186900998758574
2018-09-01 01:39:00,0.18480016609669292
2018-09-01 01:42:00,0.0978949140609302
2018-09-01 01:45:00,0.184543200055316
2018-09-01 01:48:00,0.1875344531273413
2018-09-01 01:51:00,0.0434809351887111
2018-09-01 01:54:00,0.11513727712838318
2018-09-01 01:57:00,0.11283261237281295
2018-09-01 02:00:00,0.15352462559144442
2018-09-01 02:03:00,0.1500431845358321
2018-09-01 02:06:00,0.1399247022532677
2018-09-01 02:09:00,0.11345011046353193
2018-09-01 02:12:00,0.14169786928397343
2018-09-01 02:15:00,0.17465604941935453
2018-09-01 02:18:00,0.07212695722250828
2018-09-01 02:21:00,0.15616513109665675
2018-09-01 02:24:00,0.21077996053315928
2018-09-01 02:27:00,0.24802885138677766
2018-09-01 02:30:00,0.30312934333295516
2018-09-01 02:33:00,0.34095851552393697
2018-09-01 02:36:00,0.21883604852257577
2018-09-01 02:39:00,0.19245155880349785
2018-09-01 02:42:00,0.20363144458883653
2018-09-01 02:45:00,0.23359042378814365
2018-09-01 02:48:00,0.1985407255804148
2018-09-01 02:51:00,0.15985313537720458
2018-09-01 02:54:00,0.18959157752459532
2018-09-01 02:57:00,0.14885753306657534
2018-09-01 03:00:00,0.12981172106924532
2018-09-01 03:03:00,0.10129072705160524
2018-09-01 03:06:00,0.1426033791140071
2018-09-01 03:09:00,0.044395719348301554
2018-09-01 03:12:00,0.11401413780936309
2018-09-01 03:15:00,0.14298564143683734
2018-09-01 03:18:00,0.17302200387024413
2018-09-01 03:21:00,0.061439284417872386
2018-09-01 03:24:00,0.15717722654676436
2018-09-01 03:27:00,0.1900291078875398
2018-09-01 03:30:00,0.05506791502205033
2018-09-01 03:33:00,0.08508758878622302
2018-09-01 03:36:00,0.14583468690040036
2018-09-01 03:39:00,0.08519345237124298
2018-09-01 03:42:00,0.04025701126442982
2018-09-01 03:45:00,0.006892547626705436
2018-09-01 03:48:00,0.015190657621928949
2018-09-01 03:51:00,-0.029364991823001674
2018-09-01 03:54:00,-0.008796261995826171
2018-09-01 03:57:00,-0.13681205191937806
2018-09-01 04:00:00,-0.14449567652826545
2018-09-01 04:03:00,0.005803473174125884
2018-09-01 04:06:00,0.0016017826214351771
2018-09-01 04:09:00,0.08473787688257062
2018-09-01 04:12:00,0.011350314357173374
2018-09-01 04:15:00,0.15103772530301285
2018-09-01 04:18:00,0.0323038958386519
2018-09-01 04:21:00,0.06727479336001352
2018-09-01 04:24:00,0.12893238204281943
2018-09-01 04:27:00,0.07402799099753565
2018-09-01 04:30:00,0.11806918831700841
2018-09-01 04:33:00,0.21599774029499486
2018-09-01 04:36:00,0.13666729694404012
2018-09-01 04:39:00,0.18972213303425178
2018-09-01 04:42:00,0.1803305270167357
2018-09-01 04:45:00,0.12303437150313812
2018-09-01 04:48:00,0.20076639321513312
2018-09-01 04:51:00,0.12633067934149267
2018-09-01 04:54:00,0.12566287073434523
2018-09-01 04:57:00,0.10083836384768574
2018-09-01 05:00:00,0.15691751383303654
2018-09-01 05:03:00,0.10933379912631835
2018-09-01 05:06:00,0.15766486157235704
2018-09-01 05:09:00,0.17978159910342129
2018-09-01 05:12:00,0.04754744983489445
2018-09-01 05:15:00,0.12149527422388928
2018-09-01 05:18:00,0.1128648450652463
2018-09-01 05:21:00,0.1330940015366764
2018-09-01 05:24:00,0.03176647990227366
2018-09-01 05:27:00,0.03240362621835402
2018-09-01 05:30:00,0.10294923392643796
2018-09-01 05:33:00,0.07180388678546024
2018-09-01 05:36:00,0.12262348814130064
2018-09-01 05:39:00,0.11052862441044908
2018-09-01 05:42:00,0.16430131469138587
2018-09-01 05:45:00,0.11098793407035146
2018-09-01 05:48:00,0.12299841388966115
2018-09-01 05:51:00,0.18372766546815456
2018-09-01 05:54:00,0.11039828735482615
2018-09-01 05:57:00,0.172522233108225
2018-09-01 06:00:00,0.18737260919442633
2018-09-01 06:03:00,0.18838910516052465
2018-09-01 06:06:00,0.16780252134134344
2018-09-01 06:09:00,0.2553776089882831
2018-09-01 06:12:00,0.1993981944211214
2018-09-01 06:15:00,0.22988684472682053
2018-09-01 06:18:00,0.23776383622589492
2018-09-01 06:21:00,0.21150524027405027
2018-09-01 06:24:00,0.2637094239867679
2018-09-01 06:27:00,0.20597044593392866
2018-09-01 06:30:00,0.26339120328424315
2018-09-01 06:33:00,0.22877081093855622
2018-09-01 06:36:00,0.12945295014026215
2018-09-01 06:39:00,0.2351706943093177
2018-09-01 06:42:00,0.19252317994806845
2018-09-01 06:45:00,0.16529090345539998
2018-09-01 06:48:00,0.21438019799495578
2018-09-01 06:51:00,0.1987359587929518
2018-09-01 06:54:00,0.15889947848188513
2018-09-01 06:57:00,0.1390047236773171
2018-09-01 07:00:00,0.07115807702717802
2018-09-01 07:03:00,0.06219076507278487
2018-09-01 07:06:00,0.09549695571735128
2018-09-01 07:09:00,0.14616969857382855
2018-09-01 07:12:00,0.10326216926563347
2018-09-01 07:15:00,0.14998689627464046
2018-09-01 07:18:00,0.18422758129656813
2018-09-01 07:21:00,0.16905913826809638
2018-09-01 07:24:00,0.203306606926958
2018-09-01 07:27:00,0.2455006251668692
2018-09-01 07:30:00,0.25995466700680936
2018-09-01 07:33:00,0.19386989181174386
2018-09-01 07:36:00,0.1590164755023693
2018-09-01 07:39:00,0.1576934459221775
2018-09-01 07:42:00,0.2557338980402619
2018-09-01 07:45:00,0.1251633298468846
2018-09-01 07:48:00,0.23188127720970897
2018-09-01 07:51:00,0.17348094222086274
2018-09-01 07:54:00,0.21571205544330496
2018-09-01 07:57:00,0.03640090403314389
2018-09-01 08:00:00,0.147951358940702
2018-09-01 08:03:00,0.1498825518179956
2018-09-01 08:06:00,0.08729136433123585
2018-09-01 08:09:00,0.13376458283033799
2018-09-01 08:12:00,0.0944483090288486
2018-09-01 08:15:00,0.08173250361159035
2018-09-01 08:18:00,0.0682153483551815
2018-09-01 08:21:00,0.02252130687799081
2018-09-01 08:24:00,0.09997843169139742
2018-09-01 08:27:00,0.05889339075889666
2018-09-01 08:30:00,-0.01000518240044812
2018-09-01 08:33:00,-0.009850956222066998
2018-09-01 08:36:00,-0.06992112683946061
2018-09-01 08:39:00,-0.0837874305607329
2018-09-01 08:42:00,-0.041098061976981626
2018-09-01 08:45:00,-0.0005589004568378186
2018-09-01 08:48:00,-0.041832692619777845
2018-09-01 08:51:00,-0.00714915284925155
2018-09-01 08:54:00,-0.07198256056022956
2018-09-01 08:57:00,-0.15128135610757454
2018-09-01 09:00:00,-0.1514604328144742
2018-09-01 09:03:00,-0.07379856531468931
2018-09-01 09:06:00,-0.053776969148714215
2018-09-01 09:09:00,-0.07034288997829208
2018-09-01 09:12:00,-0.04863391877773893
2018-09-01 09:15:00,-0.08691667417213012
2018-09-01 09:18:00,-0.0061090124979159555
2018-09-01 09:21:00,-0.1205677047886411
2018-09-01 09:24:00,-0.09244061664549008
2018-09-01 09:27:00,-0.081792571544554
2018-09-01 09:30:00,-0.06819032020013083
2018-09-01 09:33:00,-0.06354368762845297
2018-09-01 09:36:00,-0.06802084646813
2018-09-01 09:39:00,-0.0747860364822941
2018-09-01 09:42:00,-0.11150198885877671
2018-09-01 09:45:00,-0.18324774710634983
2018-09-01 09:48:00,-0.16109616785166736
2018-09-01 09:51:00,-0.22093199336694624
2018-09-01 09:54:00,-0.16987007825730416
2018-09-01 09:57:00,-0.15475308182493563
2018-09-01 10:00:00,-0.19825963331049934
2018-09-01 10:03:00,-0.19942120709629307
2018-09-01 10:06:00,-0.15783221431087213
2018-09-01 10:09:00,-0.18374545312610735
2018-09-01 10:12:00,-0.25490095421633896
2018-09-01 10:15:00,-0.19832795054873031
2018-09-01 10:18:00,-0.12136351920065636
2018-09-01 10:21:00,-0.2245002963471734
2018-09-01 10:24:00,-0.2876042856964318
2018-09-01 10:27:00,-0.2744791062324339
2018-09-01 10:30:00,-0.30410498726865853
2018-09-01 10:33:00,-0.344794692136702
2018-09-01 10:36:00,-0.2832241066564052
2018-09-01 10:39:00,-0.22080245351708072
2018-09-01 10:42:00,-0.2809067990403946
2018-09-01 10:45:00,-0.3164434282821844
2018-09-01 10:48:00,-0.25133193588328595
2018-09-01 10:51:00,-0.19872901414612443
2018-09-01 10:54:00,-0.27160997624122274
2018-09-01 10:57:00,-0.2744926961488545
2018-09-01 11:00:00,-0.23722151509832656
2018-09-01 11:03:00,-0.2265126285855672
2018-09-01 11:06:00,-0.2783376579124024
2018-09-01 11:09:00,-0.25681478131878066
2018-09-01 11:12:00,-0.3077566705950403
2018-09-01 11:15:00,-0.2774967105538053
2018-09-01 11:18:00,-0.30108505568597366
2018-09-01 11:21:00,-0.2920383397650994
2018-09-01 11:24:00,-0.25098613309887696
2018-09-01 11:27:00,-0.25032152805960095
2018-09-01 11:30:00,-0.31374588173781603
2018-09-01 11:33:00,-0.30655901028853805
2018-09-01 11:36:00,-0.3056429929068827
2018-09-01 11:39:00,-0.3151486443674685
2018-09-01 11:42:00,-0.25553247445407123
2018-09-01 11:45:00,-0.41207087113099305
2018-09-01 11:48:00,-0.42163232927021
2018-09-01 11:51:00,-0.4089292282666861
2018-09-01 11:54:00,-0.2359724839991486
2018-09-01 11:57:00,-0.3135525726808055
2018-09-01 12:00:00,0.134989824611921
2018-09-01 12:03:00,0.1808097369610664
2018-09-01 12:06:00,0.12331984617259195
2018-09-01 12:09:00,-0.24295969933501738
2018-09-01 12:12:00,-0.2804395854611812
2018-09-01 12:15:00,-0.4329889116314689
2018-09-01 12:18:00,-0.46782513194165176
2018-09-01 12:21:00,-0.4542862635646543
2018-09-01 12:24:00,-0.41612167451148707
2018-09-01 12:27:00,-0.34924299171160555
2018-09-01 12:30:00,-0.420510680034738
2018-09-01 12:33:00,-0.48845402155649253
2018-09-01 12:36:00,-0.4226069248147155
2018-09-01 12:39:00,-0.3485890032504244
2018-09-01 12:42:00,-0.45499252351027053
2018-09-01 12:45:00,-0.5516092110303248
2018-09-01 12:48:00,-0.4929305114951603
2018-09-01 12:51:00,-0.4188543555883939
2018-09-01 12:54:00,-0.5918527712812534
2018-09-01 12:57:00,-0.4297971756815855
2018-09-01 13:00:00,-0.5031101980760582
2018-09-01 13:03:00,-0.6719052059127648
2018-09-01 13:06:00,-0.4172746057151926
2018-09-01 13:09:00,-0.49063989824520604
2018-09-01 13:12:00,-0.5841200105599
2018-09-01 13:15:00,-0.512030226464276
2018-09-01 13:18:00,-0.46421110014722444
2018-09-01 13:21:00,-0.4039810675167814
2018-09-01 13:24:00,-0.4721805070717551
2018-09-01 13:27:00,-0.3634465025793929
2018-09-01 13:30:00,-0.395060145470552
2018-09-01 13:33:00,-0.5709408030001555
2018-09-01 13:36:00,-0.5287025258807603
2018-09-01 13:39:00,-0.5631269814843449
2018-09-01 13:42:00,-0.5808532013115268
2018-09-01 13:45:00,-0.5510246420135445
2018-09-01 13:48:00,-0.6034030370620371
2018-09-01 13:51:00,-0.5823788562763639
2018-09-01 13:54:00,-0.430910967109412
2018-09-01 13:57:00,-0.4772681995165726
2018-09-01 14:00:00,-0.3714970011767491
2018-09-01 14:03:00,-0.29625970061260887
2018-09-01 14:06:00,-0.3711101879466696
2018-09-01 14:09:00,-0.4663226208355695
2018-09-01 14:12:00,-0.3530299936704182
2018-09-01 14:15:00,-0.41498493300645123
2018-09-01 14:18:00,-0.33008390779610863
2018-09-01 14:21:00,-0.41366855288157467
2018-09-01 14:24:00,-0.4311052580383148
2018-09-01 14:27:00,-0.3663302891716853
2018-09-01 14:30:00,-0.45595059724200837
2018-09-01 14:33:00,-0.44823752769838165
2018-09-01 14:36:00,-0.3335409167931971
2018-09-01 14:39:00,-0.5047106380780519
2018-09-01 14:42:00,-0.44775938700524875
2018-09-01 14:45:00,-0.4289104499592895
2018-09-01 14:48:00,-0.497577011476551
2018-09-01 14:51:00,-0.46910495345019854
2018-09-01 14:54:00,-0.4451900933300408
2018-09-01 14:57:00,-0.4119513249995066
2018-09-01 15:00:00,-0.4399425154242067
2018-09-01 15:03:00,-0.3825552488931976
2018-09-01 15:06:00,-0.25176448653695616
2018-09-01 15:09:00,-0.26335049691869017
2018-09-01 15:12:00,-0.3618607899105655
2018-09-01 15:15:00,-0.354408613514579
2018-09-01 15:18:00,-0.3480378728910978
2018-09-01 15:21:00,-0.27254482908762157
2018-09-01 15:24:00,-0.21562867518673556
2018-09-01 15:27:00,-0.2517264557091039
2018-09-01 15:30:00,-0.2810772281186473
2018-09-01 15:33:00,-0.19403890650465883
2018-09-01 15:36:00,-0.2672439763391026
2018-09-01 15:39:00,-0.28312729395219094
2018-09-01 15:42:00,-0.25286319677780966
2018-09-01 15:45:00,-0.375646905996291
2018-09-01 15:48:00,-0.41216406447989584
2018-09-01 15:51:00,-0.42819376285928
2018-09-01 15:54:00,-0.39189728443636795
2018-09-01 15:57:00,-0.41191226170207074
2018-09-01 16:00:00,-0.4039622083162726
2018-09-01 16:03:00,-0.5852164226432706
2018-09-01 16:06:00,-0.4567217073134202
2018-09-01 16:09:00,-0.4331348821747838
2018-09-01 16:12:00,-0.47962313978842985
2018-09-01 16:15:00,-0.48921347658131253
2018-09-01 16:18:00,-0.39337544817647085
2018-09-01 16:21:00,-0.4282449793344085
2018-09-01 16:24:00,-0.480654340819342
2018-09-01 16:27:00,-0.5183998545100508
2018-09-01 16:30:00,-0.42425844932427026
2018-09-01 16:33:00,-0.41580096491549057
2018-09-01 16:36:00,-0.4726776423751744
2018-09-01 16:39:00,-0.3844230607880945
2018-09-01 16:42:00,-0.4934301166643422
2018-09-01 16:45:00,-0.42632166002431404
2018-09-01 16:48:00,-0.4999344541507753
2018-09-01 16:51:00,-0.4041901811033881
2018-09-01 16:54:00,-0.35039250881504813
2018-09-01 16:57:00,-0.44590201395755
2018-09-01 17:00:00,-0.4712853637176977
2018-09-01 17:03:00,-0.47877481782802533
2018-09-01 17:06:00,-0.42404591285344395
2018-09-01 17:09:00,-0.4332521595441676
2018-09-01 17:12:00,-0.3944345445269164
2018-09-01 17:15:00,-0.3674238445738638
2018-09-01 17:18:00,-0.32199843528951533
2018-09-01 17:21:00,-0.405029753537292
2018-09-01 17:24:00,-0.3882379837240819
2018-09-01 17:27:00,-0.3056609422756651
2018-09-01 17:30:00,-0.3027926756140005
2018-09-01 17:33:00,-0.42136608550947585
2018-09-01 17:36:00,-0.37541820688363714
2018-09-01 17:39:00,-0.40599494866484065
2018-09-01 17:42:00,-0.3628185226817209
2018-09-01 17:45:00,-0.2692959015306542
2018-09-01 17:48:00,-0.2884304888634688
2018-09-01 17:51:00,-0.2723706667023862
2018-09-01 17:54:00,-0.3279734549223008
2018-09-01 17:57:00,-0.33209015490353977
2018-09-01 18:00:00,-0.1981671678286716
2018-09-01 18:03:00,-0.2553087350764258
2018-09-01 18:06:00,-0.2898236508802938
2018-09-01 18:09:00,-0.24545327715946996
2018-09-01 18:12:00,-0.23789559986551012
2018-09-01 18:15:00,-0.2264847816394422
2018-09-01 18:18:00,-0.14593797523230023
2018-09-01 18:21:00,-0.23832305364419426
2018-09-01 18:24:00,-0.09757694672720163
2018-09-01 18:27:00,-0.2291790712462216
2018-09-01 18:30:00,-0.06382530751972126
2018-09-01 18:33:00,-0.24235414071421246
2018-09-01 18:36:00,-0.09136823771530089
2018-09-01 18:39:00,-0.10679880233021777
2018-09-01 18:42:00,-0.12663178949748044
2018-09-01 18:45:00,-0.12797793947117952
2018-09-01 18:48:00,-0.09397575335162855
2018-09-01 18:51:00,-0.14685039821858936
2018-09-01 18:54:00,
2018-09-01 18:57:00,
2018-09-01 19:00:00,
2018-09-01 19:03:00,-0.05906816654754721
2018-09-01 19:06:00,-0.032971205881665355
2018-09-01 19:09:00,-0.040909172777901404
2018-09-01 19:12:00,-0.06548602511452373
2018-09-01 19:15:00,-0.04310276120571643
2018-09-01 19:18:00,-0.07426655157200912
2018-09-01 19:21:00,-0.07700600042238648
2018-09-01 19:24:00,-0.03501966905298559
2018-09-01 19:27:00,-0.13905821926567796
2018-09-01 19:30:00,-0.038947058454539274
2018-09-01 19:33:00,-0.08561024182165511
2018-09-01 19:36:00,-0.007423185360721618
2018-09-01 19:39:00,-0.1409586438073802
2018-09-01 19:42:00,-0.08775388209852508
2018-09-01 19:45:00,-0.01429626015476515
2018-09-01 19:48:00,-0.02472563846038156
2018-09-01 19:51:00,0.05385785207977278
2018-09-01 19:54:00,-0.05001965088524685
2018-09-01 19:57:00,-0.013002030160578215
2018-09-01 20:00:00,0.007793703931440632
2018-09-01 20:03:00,-0.013633388472840124
2018-09-01 20:06:00,0.055542384596890315
2018-09-01 20:09:00,0.05603853060063102
2018-09-01 20:12:00,0.023575218209657578
2018-09-01 20:15:00,-0.07602353100816117
2018-09-01 20:18:00,0.022468785615501474
2018-09-01 20:21:00,-0.04220282047100454
2018-09-01 20:24:00,0.07660863331102519
2018-09-01 20:27:00,0.00590695843186495
2018-09-01 20:30:00,0.06548767843963788
2018-09-01 20:33:00,0.016355830079703537
2018-09-01 20:36:00,0.05640214044552749
2018-09-01 20:39:00,-0.05232966000033912
2018-09-01 20:42:00,0.03431050678130987
2018-09-01 20:45:00,-0.011344200406369964
2018-09-01 20:48:00,0.11030228948521881
2018-09-01 20:51:00,0.0703103783645247
2018-09-01 20:54:00,0.04359051179022799
2018-09-01 20:57:00,-0.06332779533636312
2018-09-01 21:00:00,-0.03478952996761109
2018-09-01 21:03:00,0.035860641250394565
2018-09-01 21:06:00,0.012668582699632225
2018-09-01 21:09:00,0.0030655667330279357
2018-09-01 21:12:00,0.07138887132953187
2018-09-01 21:15:00,-0.018027011291451345
2018-09-01 21:18:00,0.0304347686015376
2018-09-01 21:21:00,0.04122101416260193
2018-09-01 21:24:00,0.004386200519149952
2018-09-01 21:27:00,-0.040194261407350496
2018-09-01 21:30:00,0.08973780594504888
2018-09-01 21:33:00,-0.053386422901496644
2018-09-01 21:36:00,-0.025161913217345955
2018-09-01 21:39:00,-0.03502164339818137
2018-09-01 21:42:00,0.0540333700902238
2018-09-01 21:45:00,-0.012691075830844056
2018-09-01 21:48:00,0.09584738210372734
2018-09-01 21:51:00,0.06687839375234716
2018-09-01 21:54:00,0.06907430269041015
2018-09-01 21:57:00,0.020176782736200494
2018-09-01 22:00:00,0.027709335158817794
2018-09-01 22:03:00,0.057086122118278126
2018-09-01 22:06:00,-0.0008790653515120539
2018-09-01 22:09:00,0.03069399045443788
2018-09-01 22:12:00,0.03523651230949554
2018-09-01 22:15:00,0.058722620739217746
2018-09-01 22:18:00,0.07396396448677933
2018-09-01 22:21:00,0.15076482242807288
2018-09-01 22:24:00,0.13185237524510285
2018-09-01 22:27:00,0.10749074599664254
2018-09-01 22:30:00,0.10762332365618477
2018-09-01 22:33:00,0.07383255619743068
2018-09-01 22:36:00,0.10182401735437452
2018-09-01 22:39:00,0.10436624109888726
2018-09-01 22:42:00,0.10489660336924089
2018-09-01 22:45:00,0.048895539790009934
2018-09-01 22:48:00,0.06477888321103364
2018-09-01 22:51:00,0.03552271672594998
2018-09-01 22:54:00,0.06401749390460054
2018-09-01 22:57:00,-0.01620994265437048
2018-09-01 23:00:00,0.09914873988691397
2018-09-01 23:03:00,0.031100075834217478
2018-09-01 23:06:00,0.15701910338066227
2018-09-01 23:09:00,0.16833653167725515
2018-09-01 23:12:00,0.10321397860417392
2018-09-01 23:15:00,0.24110422436962153
2018-09-01 23:18:00,0.12803714454344117
2018-09-01 23:21:00,0.17986033213060182
2018-09-01 23:24:00,0.14167552909458436
2018-09-01 23:27:00,0.08679863434269919
2018-09-01 23:30:00,0.08740657729811119
2018-09-01 23:33:00,0.1309804210582115
2018-09-01 23:36:00,0.05298250760017709
2018-09-01 23:39:00,0.12850572865590948
2018-09-01 23:42:00,0.13889140389682098
2018-09-01 23:45:00,0.04932371420045456
2018-09-01 23:48:00,0.0684022635031738
2018-09-01 23:51:00,0.03550605580738875
2018-09-01 23:54:00,0.03642743475580801
2018-09-01 23:57:00,0.07817001589211259
2018-09-02 00:00:00,0.10968965381721318
2018-09-02 00:03:00,0.17229920494531825
2018-09-02 00:06:00,0.06883522889569349
2018-09-02 00:09:00,0.05576811161381556
2018-09-02 00:12:00,0.032965692012624004
2018-09-02 00:15:00,-0.00036674819494919575
2018-09-02 00:18:00,0.09585098595277941
2018-09-02 00:21:00,0.08827004591773857
2018-09-02 00:24:00,0.00875184393771633
2018-09-02 00:27:00,0.0691218911517808
2018-09-02 00:30:00,0.09929677081566979
2018-09-02 00:33:00,0.1699622099725957
2018-09-02 00:36:00,0.1457710514800965
2018-09-02 00:39:00,0.05314541185470034
2018-09-02 00:42:00,0.0866798245539826
2018-09-02 00:45:00,0.1396358881607398
2018-09-02 00:48:00,0.12964428392734817
2018-09-02 00:51:00,0.11660634793429381
2018-09-02 00:54:00,0.022515223866889755
2018-09-02 00:57:00,0.030055745661456967
2018-09-02 01:00:00,0.06567836261666571
2018-09-02 01:03:00,0.0844149228422566
2018-09-02 01:06:00,0.23141717716475796
2018-09-02 01:09:00,0.07518486830326765
2018-09-02 01:12:00,0.0997118588393846
2018-09-02 01:15:00,0.12275399317206848
2018-09-02 01:18:00,0.1570400074674012
2018-09-02 01:21:00,0.09121723613952781
2018-09-02 01:24:00,0.03280989038313464
2018-09-02 01:27:00,0.13899240700936843
2018-09-02 01:30:00,0.0645306548709641
2018-09-02 01:33:00,0.044601808005836574
2018-09-02 01:36:00,0.1590802145486805
2018-09-02 01:39:00,0.08353945565801268
2018-09-02 01:42:00,0.09108153862609925
2018-09-02 01:45:00,0.10954194466097533
2018-09-02 01:48:00,0.056105159135199756
2018-09-02 01:51:00,-0.0029505537428917705
2018-09-02 01:54:00,0.01998403893486511
2018-09-02 01:57:00,0.053065769501074556
2018-09-02 02:00:00,0.05958529491300624
2018-09-02 02:03:00,0.05618493272032765
2018-09-02 02:06:00,0.08272240780632956
2018-09-02 02:09:00,0.14762407954896162
2018-09-02 02:12:00,0.1999376564659201
2018-09-02 02:15:00,0.13122003472324195
2018-09-02 02:18:00,0.11639802485359496
2018-09-02 02:21:00,0.04108127423342012
2018-09-02 02:24:00,0.21728341961051
2018-09-02 02:27:00,0.04574694537063806
2018-09-02 02:30:00,0.14772362971172015
2018-09-02 02:33:00,0.2077453766786448
2018-09-02 02:36:00,0.23738416526464334
2018-09-02 02:39:00,0.1829363686751435
2018-09-02 02:42:00,0.12525212422514187
2018-09-02 02:45:00,0.12613488181278854
2018-09-02 02:48:00,0.0345322765073206
2018-09-02 02:51:00,0.007684518799237594
2018-09-02 02:54:00,-0.016335060114101907
2018-09-02 02:57:00,0.08678762424955266
2018-09-02 03:00:00,0.0701136317155715
2018-09-02 03:03:00,0.06669952043455396
2018-09-02 03:06:00,-0.021061077604485945
2018-09-02 03:09:00,0.04408442601175011
2018-09-02 03:12:00,0.046289819572905344
2018-09-02 03:15:00,0.07442562975296596
2018-09-02 03:18:00,-0.021381355360517773
2018-09-02 03:21:00,0.07521503514101369
2018-09-02 03:24:00,0.06021781878712318
2018-09-02 03:27:00,0.09199912803012467
2018-09-02 03:30:00,0.06319215419802049
2018-09-02 03:33:00,0.074866429474298
2018-09-02 03:36:00,0.14533225857735488
2018-09-02 03:39:00,0.18854382366987466
2018-09-02 03:42:00,0.08978628131404776
2018-09-02 03:45:00,0.10189150749312148
2018-09-02 03:48:00,0.11225589272322622
2018-09-02 03:51:00,0.07073316521859851
2018-09-02 03:54:00,0.09869697772035124
2018-09-02 03:57:00,0.10988561573446987
2018-09-02 04:00:00,0.057126251370448244
2018-09-02 04:03:00,0.05437154616083717
2018-09-02 04:06:00,0.19789464323986294
2018-09-02 04:09:00,0.05505091804394624
2018-09-02 04:12:00,0.14203548612391614
2018-09-02 04:15:00,0.219438399469027
2018-09-02 04:18:00,0.1847012200419158
2018-09-02 04:21:00,0.17660019102549995
2018-09-02 04:24:00,0.15165805819350453
2018-09-02 04:27:00,0.18270345972052837
2018-09-02 04:30:00,0.1541947544472464
2018-09-02 04:33:00,0.14062811817143483
2018-09-02 04:36:00,0.12251103356379645
2018-09-02 04:39:00,0.09128188495992617
2018-09-02 04:42:00,0.14306346318642227
2018-09-02 04:45:00,0.08640075798206226
2018-09-02 04:48:00,0.14874298304852118
2018-09-02 04:51:00,0.23336324593157087
2018-09-02 04:54:00,0.19793072483378182
2018-09-02 04:57:00,0.24628934127781577
2018-09-02 05:00:00,0.17859307281179326
2018-09-02 05:03:00,0.17347076757943114
2018-09-02 05:06:00,0.13337843925506832
2018-09-02 05:09:00,0.15756421912436736
2018-09-02 05:12:00,0.2307802706307598
2018-09-02 05:15:00,0.14404640051628803
2018-09-02 05:18:00,0.17756304373159537
2018-09-02 05:21:00,0.24505801764132684
2018-09-02 05:24:00,0.15525235665683113
2018-09-02 05:27:00,0.15356327972767758
2018-09-02 05:30:00,0.22335583493850208
2018-09-02 05:33:00,0.22843299377615267
2018-09-02 05:36:00,0.20728427188925025
2018-09-02 05:39:00,0.2581207275900965
2018-09-02 05:42:00,0.2582485172939073
2018-09-02 05:45:00,0.16050746212351896
2018-09-02 05:48:00,0.16126958757854482
2018-09-02 05:51:00,0.18402931231736375
2018-09-02 05:54:00,0.2450803528832921
2018-09-02 05:57:00,0.2320820202194227
2018-09-02 06:00:00,0.1311326097624601
2018-09-02 06:03:00,0.18445711780077545
2018-09-02 06:06:00,0.28978488006731595
2018-09-02 06:09:00,0.1812127540271149
2018-09-02 06:12:00,0.303835368490752
2018-09-02 06:15:00,0.19939156508650058
2018-09-02 06:18:00,0.1990106098086244
2018-09-02 06:21:00,0.2892442704404061
2018-09-02 06:24:00,0.29716375182505317
2018-09-02 06:27:00,0.2911581627689088
2018-09-02 06:30:00,0.2832668259164848
2018-09-02 06:33:00,0.32439504821957144
2018-09-02 06:36:00,0.33592981013021017
2018-09-02 06:39:00,0.32106076310213894
2018-09-02 06:42:00,0.3550354483512024
2018-09-02 06:45:00,0.3124864950717665
2018-09-02 06:48:00,0.30148932572342346
2018-09-02 06:51:00,0.32918518270054165
2018-09-02 06:54:00,0.3781056545744832
2018-09-02 06:57:00,0.3068701471291888
2018-09-02 07:00:00,0.3491909902651287
2018-09-02 07:03:00,0.385352631761009
2018-09-02 07:06:00,0.23548517526319301
2018-09-02 07:09:00,0.27518973704803784
2018-09-02 07:12:00,0.3060541577092408
2018-09-02 07:15:00,0.20009632414195266
2018-09-02 07:18:00,0.304370245303744
2018-09-02 07:21:00,0.3052423790709895
2018-09-02 07:24:00,0.3077910150481671
2018-09-02 07:27:00,0.2525418729562716
2018-09-02 07:30:00,0.2751016673759068
2018-09-02 07:33:00,0.2777846218013451
2018-09-02 07:36:00,0.31028298482760874
2018-09-02 07:39:00,0.3124082322934214
2018-09-02 07:42:00,0.22856489084506393
2018-09-02 07:45:00,0.2345986593041971
2018-09-02 07:48:00,0.19058536102886592
2018-09-02 07:51:00,0.19894843113280558
2018-09-02 07:54:00,0.22146861014539354
2018-09-02 07:57:00,0.1241894938135033
2018-09-02 08:00:00,0.23331260758095596
2018-09-02 08:03:00,0.1722007929031406
2018-09-02 08:06:00,0.08539735261064152
2018-09-02 08:09:00,0.2688077300126679
2018-09-02 08:12:00,0.10187908637107057
2018-09-02 08:15:00,0.1283146398872077
2018-09-02 08:18:00,0.07269028585886872
2018-09-02 08:21:00,0.10056205187680689
2018-09-02 08:24:00,0.11798734743405248
2018-09-02 08:27:00,0.095944237121671
2018-09-02 08:30:00,0.10572059602327499
2018-09-02 08:33:00,0.1312446071232216
2018-09-02 08:36:00,0.05930172930590061
2018-09-02 08:39:00,0.05398570210229536
2018-09-02 08:42:00,0.020816577771995526
2018-09-02 08:45:00,0.06123608821582138
2018-09-02 08:48:00,0.10070058164728835
2018-09-02 08:51:00,0.07602387528982035
2018-09-02 08:54:00,0.13005674909373965
2018-09-02 08:57:00,0.0724051022398271
2018-09-02 09:00:00,0.05936433145285491
2018-09-02 09:03:00,0.08105567339600839
2018-09-02 09:06:00,-0.022979947694750535
2018-09-02 09:09:00,0.0053438218506585144
2018-09-02 09:12:00,-0.0305504852506715
2018-09-02 09:15:00,-0.050789331727060016
2018-09-02 09:18:00,-0.13877119965292195
2018-09-02 09:21:00,-0.023854960319340535
2018-09-02 09:24:00,-0.0967618194761144
2018-09-02 09:27:00,-0.11377388273780298
2018-09-02 09:30:00,-0.10430136471944706
2018-09-02 09:33:00,-0.09504797963882083
2018-09-02 09:36:00,-0.12730004924321747
2018-09-02 09:39:00,-0.10587559597274776
2018-09-02 09:42:00,-0.10515947451324337
2018-09-02 09:45:00,-0.14593045591493592
2018-09-02 09:48:00,-0.18224286615031815
2018-09-02 09:51:00,-0.26957821580458585
2018-09-02 09:54:00,-0.19350639877200138
2018-09-02 09:57:00,-0.1896859969315301
2018-09-02 10:00:00,-0.2558976648660405
2018-09-02 10:03:00,-0.21971711575054087
2018-09-02 10:06:00,-0.24034878829553463
2018-09-02 10:09:00,-0.3296368821877991
2018-09-02 10:12:00,-0.1777659666260547
2018-09-02 10:15:00,-0.21720758686183217
2018-09-02 10:18:00,-0.2620925831102454
2018-09-02 10:21:00,-0.2994495209334218
2018-09-02 10:24:00,-0.1700970472776362
2018-09-02 10:27:00,-0.18223035064102078
2018-09-02 10:30:00,-0.15548024759357304
2018-09-02 10:33:00,-0.20224048414223716
2018-09-02 10:36:00,-0.284399008366222
2018-09-02 10:39:00,-0.19635479138196388
2018-09-02 10:42:00,-0.26218775765306646
2018-09-02 10:45:00,-0.3499737564440011
2018-09-02 10:48:00,-0.2696400594988404
2018-09-02 10:51:00,-0.2702112416018849
2018-09-02 10:54:00,-0.3311485509894396
2018-09-02 10:57:00,-0.30018355390672014
2018-09-02 11:00:00,-0.29466946342569145
2018-09-02 11:03:00,-0.3820776471222871
2018-09-02 11:06:00,-0.38684781737663343
2018-09-02 11:09:00,-0.35421722659333454
2018-09-02 11:12:00,-0.3741830024245587
2018-09-02 11:15:00,-0.2737199893931006
2018-09-02 11:18:00,-0.3594654553502892
2018-09-02 11:21:00,-0.3563787108318479
2018-09-02 11:24:00,-0.45104055185930747
2018-09-02 11:27:00,-0.42387519165168897
2018-09-02 11:30:00,-0.3615462430861385
2018-09-02 11:33:00,-0.30968470539579585
2018-09-02 11:36:00,-0.4015714991567165
2018-09-02 11:39:00,-0.43201202209615985
2018-09-02 11:42:00,-0.4158626537209784
2018-09-02 11:45:00,-0.5738901707897526
2018-09-02 11:48:00,-0.5393152904413228
2018-09-02 11:51:00,-0.3451045049936283
2018-09-02 11:54:00,0.014320797673349261
2018-09-02 11:57:00,0.018615219831929153
2018-09-02 12:00:00,0.06273425819989598
2018-09-02 12:03:00,-0.37308980688328575
2018-09-02 12:06:00,-0.2217356453352295
2018-09-02 12:09:00,-0.538710960967137
2018-09-02 12:12:00,-0.4943873980776061
2018-09-02 12:15:00,-0.44085284980661754
2018-09-02 12:18:00,-0.45850384669751065
2018-09-02 12:21:00,-0.4407373601170548
2018-09-02 12:24:00,-0.4304160446118317
2018-09-02 12:27:00,-0.3952518305303556
2018-09-02 12:30:00,-0.49537821279886884
2018-09-02 12:33:00,-0.5312742798601562
2018-09-02 12:36:00,-0.4703095085702671
2018-09-02 12:39:00,-0.39324405453396594
2018-09-02 12:42:00,-0.47777610352125066
2018-09-02 12:45:00,-0.43504588062967287
2018-09-02 12:48:00,-0.32775593644987566
2018-09-02 12:51:00,-0.19354985554315363
2018-09-02 12:54:00,-0.09212296848005508
2018-09-02 12:57:00,-0.21149489821635825
2018-09-02 13:00:00,-0.20382114493162362
2018-09-02 13:03:00,-0.2001408575628716
2018-09-02 13:06:00,-0.2516887576682052
2018-09-02 13:09:00,-0.18201557967461213
2018-09-02 13:12:00,-0.12266888909277895
2018-09-02 13:15:00,0.019642858058091406
2018-09-02 13:18:00,-0.05497571357267361
2018-09-02 13:21:00,-0.1670564958502041
2018-09-02 13:24:00,-0.2455579229629734
2018-09-02 13:27:00,-0.4247807220716595
2018-09-02 13:30:00,-0.5427580710789357
2018-09-02 13:33:00,-0.5448752306463689
2018-09-02 13:36:00,-0.49944011152200574
2018-09-02 13:39:00,-0.5288785192825571
2018-09-02 13:42:00,-0.574139319246683
2018-09-02 13:45:00,-0.5318343491924793
2018-09-02 13:48:00,-0.5270943672246062
2018-09-02 13:51:00,-0.5395037116433059
2018-09-02 13:54:00,-0.46793184186782355
2018-09-02 13:57:00,-0.4181806077153851
2018-09-02 14:00:00,-0.4743336413687871
2018-09-02 14:03:00,-0.4920006012100657
2018-09-02 14:06:00,-0.4319824795740601
2018-09-02 14:09:00,-0.4318170569039239
2018-09-02 14:12:00,-0.5384157300373431
2018-09-02 14:15:00,-0.5391296388525006
2018-09-02 14:18:00,-0.5465583192030294
2018-09-02 14:21:00,-0.3710505102731645
2018-09-02 14:24:00,-0.4503969408530679
2018-09-02 14:27:00,-0.4451061716717959
2018-09-02 14:30:00,-0.3974564345173235
2018-09-02 14:33:00,-0.38692168274138794
2018-09-02 14:36:00,-0.4379267743481705
2018-09-02 14:39:00,-0.3977606152228077
2018-09-02 14:42:00,-0.35511850041831394
2018-09-02 14:45:00,-0.40265971751102825
2018-09-02 14:48:00,-0.43027960164118895
2018-09-02 14:51:00,-0.39432097372491626
2018-09-02 14:54:00,-0.3534318772369147
2018-09-02 14:57:00,-0.4235095376405411
2018-09-02 15:00:00,-0.35784869153104637
2018-09-02 15:03:00,-0.36959583761745307
2018-09-02 15:06:00,-0.3877425891344046
2018-09-02 15:09:00,-0.3754499291153479
2018-09-02 15:12:00,-0.39772923599070964
2018-09-02 15:15:00,-0.409088719586407
2018-09-02 15:18:00,-0.20909184302644235
2018-09-02 15:21:00,-0.2837026339431077
2018-09-02 15:24:00,-0.4026317211838659
2018-09-02 15:27:00,-0.39001189875472164
2018-09-02 15:30:00,-0.31188573664996966
2018-09-02 15:33:00,-0.4212620152978843
2018-09-02 15:36:00,-0.40784513478183726
2018-09-02 15:39:00,-0.3663049079662528
2018-09-02 15:42:00,-0.45175388721031595
2018-09-02 15:45:00,-0.4061362732001612
2018-09-02 15:48:00,-0.38798205429583277
2018-09-02 15:51:00,-0.318796302107728
2018-09-02 15:54:00,-0.3022832827905404
2018-09-02 15:57:00,-0.4047913909914769
2018-09-02 16:00:00,-0.3022017532273935
2018-09-02 16:03:00,-0.35468026107099604
2018-09-02 16:06:00,-0.3507108358210189
2018-09-02 16:09:00,-0.29778437662804436
2018-09-02 16:12:00,-0.3099962033729753
2018-09-02 16:15:00,-0.4676762537793593
2018-09-02 16:18:00,-0.3470778587308132
2018-09-02 16:21:00,-0.40297591705962077
2018-09-02 16:24:00,-0.47501775213282826
2018-09-02 16:27:00,-0.285365805120648
2018-09-02 16:30:00,-0.3661294371347026
2018-09-02 16:33:00,-0.3118641642947182
2018-09-02 16:36:00,-0.3644422986715199
2018-09-02 16:39:00,-0.2822559463274956
2018-09-02 16:42:00,-0.2738486283074053
2018-09-02 16:45:00,-0.2768172716653794
2018-09-02 16:48:00,-0.33568570898921735
2018-09-02 16:51:00,-0.33413969112575614
2018-09-02 16:54:00,-0.28481732595253106
2018-09-02 16:57:00,-0.32527370186818416
2018-09-02 17:00:00,-0.26126640164795845
2018-09-02 17:03:00,-0.2618843059408391
2018-09-02 17:06:00,-0.27878039414935074
2018-09-02 17:09:00,-0.37102101859414915
2018-09-02 17:12:00,-0.2825138487825143
2018-09-02 17:15:00,-0.34327291262690096
2018-09-02 17:18:00,-0.26133209670058477
2018-09-02 17:21:00,-0.2673975636116097
2018-09-02 17:24:00,-0.3444016588572367
2018-09-02 17:27:00,-0.23256333303316978
2018-09-02 17:30:00,-0.264440827497765
2018-09-02 17:33:00,-0.2775130393756058
2018-09-02 17:36:00,-0.2190627644555434
2018-09-02 17:39:00,-0.25691819252892856
2018-09-02 17:42:00,-0.2281025006963091
2018-09-02 17:45:00,-0.1984069882328754
2018-09-02 17:48:00,-0.1755239805850124
2018-09-02 17:51:00,-0.19173189454534167
2018-09-02 17:54:00,-0.20880237315918748
2018-09-02 17:57:00,-0.22258321068363784
2018-09-02 18:00:00,-0.19830951341350556
2018-09-02 18:03:00,-0.2154865323250874
2018-09-02 18:06:00,-0.21619849701943394
2018-09-02 18:09:00,-0.21071188762675774
2018-09-02 18:12:00,-0.1805888366151862
2018-09-02 18:15:00,-0.11065824495261722
2018-09-02 18:18:00,-0.1373826729436587
2018-09-02 18:21:00,-0.22661738387034802
2018-09-02 18:24:00,-0.10353298943363143
2018-09-02 18:27:00,-0.20734154045896958
2018-09-02 18:30:00,-0.17303460209143395
2018-09-02 18:33:00,-0.21127980119666745
2018-09-02 18:36:00,-0.16715923215480188
2018-09-02 18:39:00,-0.13315906414180745
2018-09-02 18:42:00,-0.10367087813403941
2018-09-02 18:45:00,-0.16494251475796773
2018-09-02 18:48:00,-0.18882116404859062
2018-09-02 18:51:00,-0.10161041069568455
2018-09-02 18:54:00,
2018-09-02 18:57:00,
2018-09-02 19:00:00,
2018-09-02 19:03:00,-0.2665149479121851
2018-09-02 19:06:00,-0.17302553144213562
2018-09-02 19:09:00,-0.09770302786046159
2018-09-02 19:12:00,-0.14255487766263286
2018-09-02 19:15:00,-0.08816032126384243
2018-09-02 19:18:00,-0.09145001510114525
2018-09-02 19:21:00,-0.09254402036725651
2018-09-02 19:24:00,-0.13925990447813774
2018-09-02 19:27:00,-0.0821119813133464
2018-09-02 19:30:00,-0.19113552087708285
2018-09-02 19:33:00,-0.1266446720744625
2018-09-02 19:36:00,-0.10384659339172231
2018-09-02 19:39:00,-0.08483964425533941
2018-09-02 19:42:00,-0.12152697785256805
2018-09-02 19:45:00,-0.10372978531444232
2018-09-02 19:48:00,-0.1412517115591072
2018-09-02 19:51:00,-0.07808946708684061
2018-09-02 19:54:00,-0.10006308196676628
2018-09-02 19:57:00,-0.11484406491422305
2018-09-02 20:00:00,-0.10698944281807599
2018-09-02 20:03:00,-0.12437564025265146
2018-09-02 20:06:00,-0.07752328043227408
2018-09-02 20:09:00,-0.060776173171575465
2018-09-02 20:12:00,-0.07751607547953654
2018-09-02 20:15:00,-0.08724733046142319
2018-09-02 20:18:00,-0.10033812862690183
2018-09-02 20:21:00,-0.09114769180212079
2018-09-02 20:24:00,-0.06724817276511885
2018-09-02 20:27:00,-0.015365239109485174
2018-09-02 20:30:00,-0.0856933820634822
2018-09-02 20:33:00,-0.11371570725975744
2018-09-02 20:36:00,-0.07473943354301582
2018-09-02 20:39:00,0.05029935360124682
2018-09-02 20:42:00,0.04634614105208357
2018-09-02 20:45:00,-0.10843162586587596
2018-09-02 20:48:00,-0.09393892861885433
2018-09-02 20:51:00,-0.02576571537935024
2018-09-02 20:54:00,0.016682458630043584
2018-09-02 20:57:00,-0.006712426034994223
2018-09-02 21:00:00,-0.005203291245493347
2018-09-02 21:03:00,-0.02536083878652562
2018-09-02 21:06:00,-0.03983351399728008
2018-09-02 21:09:00,0.00678275699868891
2018-09-02 21:12:00,0.20632582218973994
2018-09-02 21:15:00,0.2908853302090506
2018-09-02 21:18:00,0.19173741932502253
2018-09-02 21:21:00,0.1634585069692207
2018-09-02 21:24:00,0.17258600342285035
2018-09-02 21:27:00,0.23466810532926274
2018-09-02 21:30:00,0.20574547568634216
2018-09-02 21:33:00,0.1011191726921652
2018-09-02 21:36:00,-0.07693561178302843
2018-09-02 21:39:00,-0.005665394662969447
2018-09-02 21:42:00,0.2839381439653721
2018-09-02 21:45:00,0.272446820398045
2018-09-02 21:48:00,0.2797982197517399
2018-09-02 21:51:00,0.1770275207966847
2018-09-02 21:54:00,0.07439244906794329
2018-09-02 21:57:00,0.0572877229329265
2018-09-02 22:00:00,0.03524191727279913
2018-09-02 22:03:00,0.13425742446179356
2018-09-02 22:06:00,0.09595877652105855
2018-09-02 22:09:00,0.07989431094569
2018-09-02 22:12:00,0.04689128395534681
2018-09-02 22:15:00,-0.07245496378925509
2018-09-02 22:18:00,-0.013634865953292774
2018-09-02 22:21:00,0.11071894164155083
2018-09-02 22:24:00,-0.04545795247543083
2018-09-02 22:27:00,0.06691829902501922
2018-09-02 22:30:00,0.023302945069247016
2018-09-02 22:33:00,-0.0074068740570396585
2018-09-02 22:36:00,-0.018539033331876453
2018-09-02 22:39:00,0.0574439469949084
2018-09-02 22:42:00,0.11066297492862986
2018-09-02 22:45:00,0.26874808468210176
2018-09-02 22:48:00,0.2102906238739024
2018-09-02 22:51:00,0.2117468918759755
2018-09-02 22:54:00,0.4271894461222132
2018-09-02 22:57:00,0.4288534777485893
2018-09-02 23:00:00,0.19090377118021706
2018-09-02 23:03:00,0.0893106886024384
2018-09-02 23:06:00,0.1710236613666325
2018-09-02 23:09:00,0.10220123680920778
2018-09-02 23:12:00,-0.027626265819947093
2018-09-02 23:15:00,-0.007040112822721767
2018-09-02 23:18:00,0.0502290097039122
2018-09-02 23:21:00,-0.060066925852027
2018-09-02 23:24:00,-0.09562250854776266
2018-09-02 23:27:00,-0.13527872999821966
2018-09-02 23:30:00,-0.12580130321327943
2018-09-02 23:33:00,-0.1355158685523179
2018-09-02 23:36:00,-0.07063714182226022
2018-09-02 23:39:00,-0.13869244418407334
2018-09-02 23:42:00,0.050667710924642506
2018-09-02 23:45:00,-0.1309228083545122
2018-09-02 23:48:00,-0.13961583865813054
2018-09-02 23:51:00,-0.17007399818550084
2018-09-02 23:54:00,-0.09939179391693642
2018-09-02 23:57:00,-0.028860193786442778
2018-09-03 00:00:00,-0.10469223246224146
2018-09-03 00:03:00,-0.035594163045857385
2018-09-03 00:06:00,-0.2202333070217719
2018-09-03 00:09:00,-0.06584664590070588
2018-09-03 00:12:00,-0.09556362666688756
2018-09-03 00:15:00,-0.05646303194112079
2018-09-03 00:18:00,-0.025392698042139727
2018-09-03 00:21:00,0.022705806942894924
2018-09-03 00:24:00,0.044095126071056256
2018-09-03 00:27:00,0.02790611612039129
2018-09-03 00:30:00,-0.006819593616228303
2018-09-03 00:33:00,0.04927963731529417
2018-09-03 00:36:00,0.059680671825901754
2018-09-03 00:39:00,0.13565165831698778
2018-09-03 00:42:00,0.05902199076359693
2018-09-03 00:45:00,0.1204249588993207
2018-09-03 00:48:00,0.01744663868475982
2018-09-03 00:51:00,0.07091369387893565
2018-09-03 00:54:00,0.028778811272957228
2018-09-03 00:57:00,0.023798911958976987
2018-09-03 01:00:00,0.03177541930665484
2018-09-03 01:03:00,0.015591700768823102
2018-09-03 01:06:00,0.04585323082466175
2018-09-03 01:09:00,-0.004199678061468148
2018-09-03 01:12:00,0.03419366858872763
2018-09-03 01:15:00,0.021963183380705686
2018-09-03 01:18:00,0.1177328790004708
2018-09-03 01:21:00,0.05038569834169948
2018-09-03 01:24:00,-0.011251594213717908
2018-09-03 01:27:00,0.07353478546752967
2018-09-03 01:30:00,0.13958634840241757
2018-09-03 01:33:00,0.06559561732245811
2018-09-03 01:36:00,0.14972744549044137
2018-09-03 01:39:00,0.0787534089130304
2018-09-03 01:42:00,-0.008869811388365179
2018-09-03 01:45:00,0.1577873617902128
2018-09-03 01:48:00,0.20395593288253622
2018-09-03 01:51:00,0.09416264845083333
2018-09-03 01:54:00,0.16979325615301377
2018-09-03 01:57:00,0.105820783017748
2018-09-03 02:00:00,0.16572211539244108
2018-09-03 02:03:00,0.05364856099009785
2018-09-03 02:06:00,0.21033407267407256
2018-09-03 02:09:00,0.16963980695265946
2018-09-03 02:12:00,0.18788388814544987
2018-09-03 02:15:00,0.11772814807846999
2018-09-03 02:18:00,0.14635896270868898
2018-09-03 02:21:00,0.1723356389417745
2018-09-03 02:24:00,0.13994752941482602
2018-09-03 02:27:00,0.1510353192673506
2018-09-03 02:30:00,0.19986529822296006
2018-09-03 02:33:00,0.1283371399320572
2018-09-03 02:36:00,0.129705846704951
2018-09-03 02:39:00,0.10794939290303773
2018-09-03 02:42:00,0.07802609560940255
2018-09-03 02:45:00,0.06841040961535327
2018-09-03 02:48:00,0.18541639367168727
2018-09-03 02:51:00,0.11333459330012374
2018-09-03 02:54:00,0.12530546772052276
2018-09-03 02:57:00,0.23673929042649888
2018-09-03 03:00:00,0.10965640966009005
2018-09-03 03:03:00,0.05602420463225144
2018-09-03 03:06:00,0.07283781346978913
2018-09-03 03:09:00,0.14668486394714364
2018-09-03 03:12:00,0.13132802193740645
2018-09-03 03:15:00,0.12938282847721894
2018-09-03 03:18:00,0.14722793013640967
2018-09-03 03:21:00,0.12112014855694042
2018-09-03 03:24:00,0.16760471949078237
2018-09-03 03:27:00,0.07504457237808992
2018-09-03 03:30:00,0.21448569414650365
2018-09-03 03:33:00,0.16381943351814243
2018-09-03 03:36:00,0.15140462605444327
2018-09-03 03:39:00,0.19814061133331506
2018-09-03 03:42:00,0.23441311996566583
2018-09-03 03:45:00,0.1415100490098098
2018-09-03 03:48:00,0.1566311528736719
2018-09-03 03:51:00,0.13277590331665579
2018-09-03 03:54:00,0.01170671463734152
2018-09-03 03:57:00,0.0800399314924789
2018-09-03 04:00:00,0.034288887826392056
2018-09-03 04:03:00,0.048211906671440374
2018-09-03 04:06:00,0.04368273502649345
2018-09-03 04:09:00,0.0023927195165924786
2018-09-03 04:12:00,0.05929581138116191
2018-09-03 04:15:00,0.0474789702968792
2018-09-03 04:18:00,0.13066227694980626
2018-09-03 04:21:00,0.10806484337842903
2018-09-03 04:24:00,0.10967035384618384
2018-09-03 04:27:00,0.23774315991192907
2018-09-03 04:30:00,0.08649069533379361
2018-09-03 04:33:00,0.2698122229003843
2018-09-03 04:36:00,0.20259243278195527
2018-09-03 04:39:00,0.1811871982186517
2018-09-03 04:42:00,0.17367120945539227
2018-09-03 04:45:00,0.2497321562850061
2018-09-03 04:48:00,0.2356520312366115
2018-09-03 04:51:00,0.25213332484514694
2018-09-03 04:54:00,0.17599104808505217
2018-09-03 04:57:00,0.2617367222260327
2018-09-03 05:00:00,0.1915415393850708
2018-09-03 05:03:00,0.16040231305117914
2018-09-03 05:06:00,0.08779586504795134
2018-09-03 05:09:00,0.20875873529132605
2018-09-03 05:12:00,0.1186042679691468
2018-09-03 05:15:00,0.16340512407947472
2018-09-03 05:18:00,0.15094527059670781
2018-09-03 05:21:00,0.13203684091672585
2018-09-03 05:24:00,0.20742086871223364
2018-09-03 05:27:00,0.14767720279814966
2018-09-03 05:30:00,0.1406203241441517
2018-09-03 05:33:00,0.12726898731682468
2018-09-03 05:36:00,0.10251031894563312
2018-09-03 05:39:00,0.16826987118366787
2018-09-03 05:42:00,0.13294655085132945
2018-09-03 05:45:00,0.13901306851647632
2018-09-03 05:48:00,0.1264659299330333
2018-09-03 05:51:00,0.03086422617087692
2018-09-03 05:54:00,0.1431537841982049
2018-09-03 05:57:00,0.08787186937843217
2018-09-03 06:00:00,0.16067171915051404
2018-09-03 06:03:00,0.13601626314692794
2018-09-03 06:06:00,0.12067141300440198
2018-09-03 06:09:00,-0.011765570122804547
2018-09-03 06:12:00,0.12023911525142239
2018-09-03 06:15:00,0.23582072734961912
2018-09-03 06:18:00,0.08096166648874714
2018-09-03 06:21:00,0.14845577469117188
2018-09-03 06:24:00,0.16849683418070072
2018-09-03 06:27:00,0.14945384454091482
2018-09-03 06:30:00,0.2039764842979821
2018-09-03 06:33:00,0.16955111789553712
2018-09-03 06:36:00,0.180335081181056
2018-09-03 06:39:00,0.11781459191280419
2018-09-03 06:42:00,0.15653889942910837
2018-09-03 06:45:00,0.15372699756755992
2018-09-03 06:48:00,0.1585923524886539
2018-09-03 06:51:00,0.15759578604172475
2018-09-03 06:54:00,0.17934306955646662
2018-09-03 06:57:00,0.14451536472182624
2018-09-03 07:00:00,0.12688563853703272
2018-09-03 07:03:00,0.11610416744639451
2018-09-03 07:06:00,0.10812942481493337
2018-09-03 07:09:00,0.19949588685136632
2018-09-03 07:12:00,0.09690314946539047
2018-09-03 07:15:00,0.07928418758564248
2018-09-03 07:18:00,0.12237051871693438
2018-09-03 07:21:00,0.14800434796552508
2018-09-03 07:24:00,0.06352043695181919
2018-09-03 07:27:00,0.05523722651105345
2018-09-03 07:30:00,0.04342743799600157
2018-09-03 07:33:00,0.08613434439712364
2018-09-03 07:36:00,0.12036967296603507
2018-09-03 07:39:00,0.09092172243202867
2018-09-03 07:42:00,0.009169290616284798
2018-09-03 07:45:00,0.023408641186279056
2018-09-03 07:48:00,0.028014342811673032
2018-09-03 07:51:00,0.03954599235430578
2018-09-03 07:54:00,0.06594114393374184
2018-09-03 07:57:00,0.034879692814797636
2018-09-03 08:00:00,-0.007625930716244511
2018-09-03 08:03:00,0.10701175915050953
2018-09-03 08:06:00,-0.08588582091306307
2018-09-03 08:09:00,0.0008026592002465804
2018-09-03 08:12:00,-0.07604432482486345
2018-09-03 08:15:00,-0.08260839711454082
2018-09-03 08:18:00,-0.10311556022651303
2018-09-03 08:21:00,-0.11064823513436295
2018-09-03 08:24:00,-0.16236202517069387
2018-09-03 08:27:00,-0.14586927273609263
2018-09-03 08:30:00,-0.1676725082031112
2018-09-03 08:33:00,-0.0870982534490281
2018-09-03 08:36:00,-0.1180078428922684
2018-09-03 08:39:00,-0.10012836465921282
2018-09-03 08:42:00,-0.18251197067286284
2018-09-03 08:45:00,-0.1734528056899194
2018-09-03 08:48:00,-0.1849860431182151
2018-09-03 08:51:00,-0.13148553658987794
2018-09-03 08:54:00,-0.22018533331254275
2018-09-03 08:57:00,-0.11564806076876266
2018-09-03 09:00:00,-0.18812756393828067
2018-09-03 09:03:00,-0.19481638320888806
2018-09-03 09:06:00,-0.17438116502597723
2018-09-03 09:09:00,-0.2488765001920683
2018-09-03 09:12:00,-0.07201505066052505
2018-09-03 09:15:00,-0.2861533190103387
2018-09-03 09:18:00,-0.23901123163983584
2018-09-03 09:21:00,-0.2139525823902204
2018-09-03 09:24:00,-0.3465945539101085
2018-09-03 09:27:00,-0.21377945662072761
2018-09-03 09:30:00,-0.15870870788000957
2018-09-03 09:33:00,-0.2859802918787864
2018-09-03 09:36:00,-0.36654862312667547
2018-09-03 09:39:00,-0.20977791207593555
2018-09-03 09:42:00,-0.31599484110830645
2018-09-03 09:45:00,-0.3075104409126652
2018-09-03 09:48:00,-0.333921197225834
2018-09-03 09:51:00,-0.2586900214338357
2018-09-03 09:54:00,-0.33548687060635984
2018-09-03 09:57:00,-0.2907319388274914
2018-09-03 10:00:00,-0.20914400389204957
2018-09-03 10:03:00,-0.34879754583010936
2018-09-03 10:06:00,-0.18511988072708618
2018-09-03 10:09:00,-0.2449005566547271
2018-09-03 10:12:00,-0.30842792376415673
2018-09-03 10:15:00,-0.32829539354122517
2018-09-03 10:18:00,-0.33362023601358715
2018-09-03 10:21:00,-0.2877026571758847
2018-09-03 10:24:00,-0.34769500788405594
2018-09-03 10:27:00,-0.3329936619320506
2018-09-03 10:30:00,-0.5424073151803555
2018-09-03 10:33:00,-0.47332673797001235
2018-09-03 10:36:00,-0.46771426948492945
2018-09-03 10:39:00,-0.35573102366964804
2018-09-03 10:42:00,-0.35563324921798767
2018-09-03 10:45:00,-0.3224920421581601
2018-09-03 10:48:00,-0.41857651668414064
2018-09-03 10:51:00,-0.4519439655059614
2018-09-03 10:54:00,-0.45856571532044654
2018-09-03 10:57:00,-0.46338932078697326
2018-09-03 11:00:00,-0.44837078416992426
2018-09-03 11:03:00,-0.4290361833520251
2018-09-03 11:06:00,-0.5031968692540545
2018-09-03 11:09:00,-0.39910182789344617
2018-09-03 11:12:00,-0.29056368048298964
2018-09-03 11:15:00,-0.4010340975533495
2018-09-03 11:18:00,-0.4272644072016192
2018-09-03 11:21:00,-0.5518060695996496
2018-09-03 11:24:00,-0.4617521771646125
2018-09-03 11:27:00,-0.39682706475781515
2018-09-03 11:30:00,-0.4844630689731275
2018-09-03 11:33:00,-0.5597920608832396
2018-09-03 11:36:00,-0.4973025076121189
2018-09-03 11:39:00,-0.514872374085769
2018-09-03 11:42:00,-0.5211638016019151
2018-09-03 11:45:00,-0.577987460258214
2018-09-03 11:48:00,-0.49378477807346144
2018-09-03 11:51:00,-0.22962973004746345
2018-09-03 11:54:00,-0.5845390181028165
2018-09-03 11:57:00,-0.07132184277634224
2018-09-03 12:00:00,-0.3708060846692547
2018-09-03 12:03:00,-0.5196130006264639
2018-09-03 12:06:00,-0.439793576295358
2018-09-03 12:09:00,-0.45589278445049786
2018-09-03 12:12:00,-0.6084199110874806
2018-09-03 12:15:00,-0.7783414145577012
2018-09-03 12:18:00,-0.19128569727990907
2018-09-03 12:21:00,-0.5558037326011345
2018-09-03 12:24:00,-0.5091613490810687
2018-09-03 12:27:00,-0.5388707526328744
2018-09-03 12:30:00,-0.646872906200656
2018-09-03 12:33:00,-0.4595699101752757
2018-09-03 12:36:00,-0.549945709323822
2018-09-03 12:39:00,-0.5462388189659464
2018-09-03 12:42:00,-0.5964272266510875
2018-09-03 12:45:00,-0.4782804808466494
2018-09-03 12:48:00,-0.5935915857252212
2018-09-03 12:51:00,-0.5826015401996187
2018-09-03 12:54:00,-0.5153590443553071
2018-09-03 12:57:00,-0.49535251901676247
2018-09-03 13:00:00,-0.4700646707323699
2018-09-03 13:03:00,-0.5538296654717669
2018-09-03 13:06:00,-0.5959535503280335
2018-09-03 13:09:00,-0.5728345019135759
2018-09-03 13:12:00,-0.3004167520467149
2018-09-03 13:15:00,-0.42477202444916884
2018-09-03 13:18:00,-0.38601670949299205
2018-09-03 13:21:00,-0.3875026908113455
2018-09-03 13:24:00,-0.5304923354508446
2018-09-03 13:27:00,-0.6843175268282948
2018-09-03 13:30:00,-0.6883654627770284
2018-09-03 13:33:00,-0.5643559495205182
2018-09-03 13:36:00,-0.4377677329151197
2018-09-03 13:39:00,-0.5640263160191807
2018-09-03 13:42:00,-0.5811318465846398
2018-09-03 13:45:00,-0.7267163154427863
2018-09-03 13:48:00,-0.5330297091521174
2018-09-03 13:51:00,-0.4170584880529873
2018-09-03 13:54:00,-0.4253677700310732
2018-09-03 13:57:00,-0.36678656564197354
2018-09-03 14:00:00,-0.16536873490923654
2018-09-03 14:03:00,-0.3070125264849821
2018-09-03 14:06:00,-0.20411248270329452
2018-09-03 14:09:00,-0.02647496020045992
2018-09-03 14:12:00,-0.052286874201513456
2018-09-03 14:15:00,-0.011626403153798037
2018-09-03 14:18:00,-0.07492573826544913
2018-09-03 14:21:00,-0.1302631532690839
2018-09-03 14:24:00,-0.12231932042925564
2018-09-03 14:27:00,0.03676815554700852
2018-09-03 14:30:00,0.25861402782282994
2018-09-03 14:33:00,0.4535054908643019
2018-09-03 14:36:00,0.3435087200385283
2018-09-03 14:39:00,0.39585038357108715
2018-09-03 14:42:00,0.37295028881447934
2018-09-03 14:45:00,0.6763877231932724
2018-09-03 14:48:00,0.602921918730658
2018-09-03 14:51:00,0.47404491474458155
2018-09-03 14:54:00,0.43439907751104556
2018-09-03 14:57:00,0.25685869599391253
2018-09-03 15:00:00,0.42005247074291674
2018-09-03 15:03:00,0.35828012345092475
2018-09-03 15:06:00,0.40849489909214753
2018-09-03 15:09:00,0.5805549164947479
2018-09-03 15:12:00,0.6296665410570768
2018-09-03 15:15:00,0.562463224472026
2018-09-03 15:18:00,0.4981329062533746
2018-09-03 15:21:00,0.5064480341079047
2018-09-03 15:24:00,0.3606726801484683
2018-09-03 15:27:00,0.19401621556039572
2018-09-03 15:30:00,0.03665294688084941
2018-09-03 15:33:00,-0.05509031932632524
2018-09-03 15:36:00,-0.017966417487684794
2018-09-03 15:39:00,0.010298108012136709
2018-09-03 15:42:00,0.08765859383942143
2018-09-03 15:45:00,0.13968199006109216
2018-09-03 15:48:00,0.2074545247326114
2018-09-03 15:51:00,0.20023024279379342
2018-09-03 15:54:00,0.23361347161920776
2018-09-03 15:57:00,0.16828376612596685
2018-09-03 16:00:00,0.22426345038957152
2018-09-03 16:03:00,0.17198523465629023
2018-09-03 16:06:00,0.054890766841424465
2018-09-03 16:09:00,0.2053406272739835
2018-09-03 16:12:00,0.15043905900716936
2018-09-03 16:15:00,0.17939806623155619
2018-09-03 16:18:00,0.1388127266620245
2018-09-03 16:21:00,0.19816404007326582
2018-09-03 16:24:00,0.13331991000160315
2018-09-03 16:27:00,0.12001575613925297
2018-09-03 16:30:00,-0.006237011275231907
2018-09-03 16:33:00,0.06979484302780747
2018-09-03 16:36:00,0.11398787666536236
2018-09-03 16:39:00,0.0088615037457771
2018-09-03 16:42:00,0.09880192922560127
2018-09-03 16:45:00,0.08988122140226551
2018-09-03 16:48:00,0.08484259887092094
2018-09-03 16:51:00,0.04027668463078271
2018-09-03 16:54:00,0.09715447053628168
2018-09-03 16:57:00,0.10637000035131905
2018-09-03 17:00:00,0.0527112315464251
2018-09-03 17:03:00,0.04614370173254656
2018-09-03 17:06:00,0.048135816171338774
2018-09-03 17:09:00,0.014805761277500551
2018-09-03 17:12:00,-0.01631470628075249
2018-09-03 17:15:00,0.016498248734649223
2018-09-03 17:18:00,0.08355874129136964
2018-09-03 17:21:00,0.04828479306326017
2018-09-03 17:24:00,0.09404098072235456
2018-09-03 17:27:00,0.08490367275595645
2018-09-03 17:30:00,0.13076014943828795
2018-09-03 17:33:00,0.19693989733809758
2018-09-03 17:36:00,0.09415222681769819
2018-09-03 17:39:00,0.13356144101828704
2018-09-03 17:42:00,0.19006806042278868
2018-09-03 17:45:00,0.0744865917826587
2018-09-03 17:48:00,0.07613661131080107
2018-09-03 17:51:00,0.12356464176696136
2018-09-03 17:54:00,0.042675530910230464
2018-09-03 17:57:00,0.053308633613994516
2018-09-03 18:00:00,-0.00820690014865022
2018-09-03 18:03:00,0.08275808802426354
2018-09-03 18:06:00,0.016219424250039083
2018-09-03 18:09:00,0.05116968711723757
2018-09-03 18:12:00,0.08777734425439121
2018-09-03 18:15:00,0.08090084576991785
2018-09-03 18:18:00,0.0469875840245777
2018-09-03 18:21:00,-0.008145759599074154
2018-09-03 18:24:00,0.11098957337401316
2018-09-03 18:27:00,0.0018861795330167297
2018-09-03 18:30:00,0.03405752632380654
2018-09-03 18:33:00,0.14617267841475723
2018-09-03 18:36:00,-0.004700193916846729
2018-09-03 18:39:00,0.03379363870516272
2018-09-03 18:42:00,0.0386342512016995
2018-09-03 18:45:00,0.027045748584441753
2018-09-03 18:48:00,0.03054564430294704
2018-09-03 18:51:00,0.07762167943786835
2018-09-03 18:54:00,
2018-09-03 18:57:00,
2018-09-03 19:00:00,
2018-09-03 19:03:00,0.034775766339635084
2018-09-03 19:06:00,0.05935822431302995
2018-09-03 19:09:00,-0.016318473757849006
2018-09-03 19:12:00,-0.033910001840297355
2018-09-03 19:15:00,-0.01891614914256934
2018-09-03 19:18:00,-0.012608706127991809
2018-09-03 19:21:00,0.06846194022807595
2018-09-03 19:24:00,0.04572090011731689
2018-09-03 19:27:00,0.04351653882537221
2018-09-03 19:30:00,0.07106394221136725
2018-09-03 19:33:00,0.010251179383487852
2018-09-03 19:36:00,0.04599897963043986
2018-09-03 19:39:00,0.05672251223569447
2018-09-03 19:42:00,0.15223972561898336
2018-09-03 19:45:00,0.04275962284896195
2018-09-03 19:48:00,0.061795611056027155
2018-09-03 19:51:00,0.05448428258887361
2018-09-03 19:54:00,0.03424515177897547
2018-09-03 19:57:00,0.012053987046556358
2018-09-03 20:00:00,0.06291113974555174
2018-09-03 20:03:00,0.06473051537756191
2018-09-03 20:06:00,0.01905663216865605
2018-09-03 20:09:00,0.022976678476823054
2018-09-03 20:12:00,-0.04323503438774878
2018-09-03 20:15:00,0.05875174065772626
2018-09-03 20:18:00,0.07248976220438408
2018-09-03 20:21:00,0.04506570424825895
2018-09-03 20:24:00,0.08078652478036474
2018-09-03 20:27:00,0.09205143604515342
2018-09-03 20:30:00,0.16979951095146362
2018-09-03 20:33:00,0.03644213770149918
2018-09-03 20:36:00,0.06276955939620166
2018-09-03 20:39:00,-0.04125056674052985
2018-09-03 20:42:00,0.02441116486284045
2018-09-03 20:45:00,0.001932208877406083
2018-09-03 20:48:00,0.023873282225736148
2018-09-03 20:51:00,0.08650950807543722
2018-09-03 20:54:00,0.03523148189839276
2018-09-03 20:57:00,0.1726888126617041
2018-09-03 21:00:00,0.09562565018171654
2018-09-03 21:03:00,0.038092708470855996
2018-09-03 21:06:00,0.09720846777071301
2018-09-03 21:09:00,0.16750664484999334
2018-09-03 21:12:00,0.037232470535286666
2018-09-03 21:15:00,0.15430365592851558
2018-09-03 21:18:00,0.09970018891652899
2018-09-03 21:21:00,0.15671017427985134
2018-09-03 21:24:00,-0.031232835688854266
2018-09-03 21:27:00,0.1594630002026065
2018-09-03 21:30:00,0.19559902812744667
2018-09-03 21:33:00,0.14079809387487785
2018-09-03 21:36:00,0.1640438713095591
2018-09-03 21:39:00,0.14866101083873673
2018-09-03 21:42:00,0.06659618524776079
2018-09-03 21:45:00,0.1323908817719257
2018-09-03 21:48:00,0.01791194406729346
2018-09-03 21:51:00,0.11709975550024865
2018-09-03 21:54:00,0.041513355973165744
2018-09-03 21:57:00,-0.023531002988534055
2018-09-03 22:00:00,0.12402367923630209
2018-09-03 22:03:00,0.07620563603137498
2018-09-03 22:06:00,0.030265207192940125
2018-09-03 22:09:00,-0.010167481245900944
2018-09-03 22:12:00,0.09826299465152033
2018-09-03 22:15:00,0.07101249550157718
2018-09-03 22:18:00,0.10253292291486105
2018-09-03 22:21:00,0.10224208808142521
2018-09-03 22:24:00,0.19322589221133057
2018-09-03 22:27:00,0.08581774063765124
2018-09-03 22:30:00,0.07827632320885414
2018-09-03 22:33:00,0.12717419017315024
2018-09-03 22:36:00,0.12860951598207748
2018-09-03 22:39:00,0.0407091431671347
2018-09-03 22:42:00,0.057526685027767144
2018-09-03 22:45:00,0.024092325014464677
2018-09-03 22:48:00,0.15206970890096727
2018-09-03 22:51:00,0.11178238603588397
2018-09-03 22:54:00,0.07032685870990463
2018-09-03 22:57:00,0.014478409822686444
2018-09-03 23:00:00,0.03683573460563139
2018-09-03 23:03:00,0.13239581232869568
2018-09-03 23:06:00,0.0634117528991851
2018-09-03 23:09:00,0.10302115261339395
2018-09-03 23:12:00,0.20127760412469797
2018-09-03 23:15:00,0.06982041078458678
2018-09-03 23:18:00,0.0606939019330639
2018-09-03 23:21:00,-0.02254954348660476
2018-09-03 23:24:00,0.012478856488144174
2018-09-03 23:27:00,0.020630699463652036
2018-09-03 23:30:00,0.09925108887983924
2018-09-03 23:33:00,0.14339234147860225
2018-09-03 23:36:00,0.11288717930437997
2018-09-03 23:39:00,0.12446712463582799
2018-09-03 23:42:00,0.05158422104437932
2018-09-03 23:45:00,0.01347187435288788
2018-09-03 23:48:00,-0.01660325177709865
2018-09-03 23:51:00,0.04930787760383737
2018-09-03 23:54:00,0.0804429339917192
2018-09-03 23:57:00,0.05121075118421459
2018-09-04 00:00:00,0.15202004884702092
2018-09-04 00:03:00,0.09526555241046708
2018-09-04 00:06:00,0.2779533172267179
2018-09-04 00:09:00,0.28157306452527564
2018-09-04 00:12:00,0.28253250115778883
2018-09-04 00:15:00,0.2199492560949352
2018-09-04 00:18:00,0.2162520624276567
2018-09-04 00:21:00,0.22445562017298926
2018-09-04 00:24:00,0.15376201657636557
2018-09-04 00:27:00,0.16412205518480505
2018-09-04 00:30:00,0.24019595874136712
2018-09-04 00:33:00,0.15740382832768773
2018-09-04 00:36:00,0.19170087119329082
2018-09-04 00:39:00,0.2827479242583877
2018-09-04 00:42:00,0.26809182870107406
2018-09-04 00:45:00,0.24323123229999055
2018-09-04 00:48:00,0.30345887388068604
2018-09-04 00:51:00,0.2424749474483292
2018-09-04 00:54:00,0.2348104994229061
2018-09-04 00:57:00,0.20628919868022422
2018-09-04 01:00:00,0.17537638076936446
2018-09-04 01:03:00,0.2034694081033308
2018-09-04 01:06:00,0.29961773713597495
2018-09-04 01:09:00,0.21456063996231478
2018-09-04 01:12:00,0.24230159707036591
2018-09-04 01:15:00,0.2049580649239715
2018-09-04 01:18:00,0.1833718001665261
2018-09-04 01:21:00,0.14830140459525865
2018-09-04 01:24:00,0.2252210055191881
2018-09-04 01:27:00,0.23923851624772396
2018-09-04 01:30:00,0.25542343467526507
2018-09-04 01:33:00,0.2589671330970873
2018-09-04 01:36:00,0.285656112297886
2018-09-04 01:39:00,0.25089905285693703
2018-09-04 01:42:00,0.22551024959562938
2018-09-04 01:45:00,0.31350477329760906
2018-09-04 01:48:00,0.29058332054165703
2018-09-04 01:51:00,0.29495114160590674
2018-09-04 01:54:00,0.2239034785210947
2018-09-04 01:57:00,0.37311065696115975
2018-09-04 02:00:00,0.25704384425876015
2018-09-04 02:03:00,0.3250023699599751
2018-09-04 02:06:00,0.2802456794005366
2018-09-04 02:09:00,0.269191851275707
2018-09-04 02:12:00,0.25908664255752
2018-09-04 02:15:00,0.3283867482629148
2018-09-04 02:18:00,0.2907504961987115
2018-09-04 02:21:00,0.29563015335406817
2018-09-04 02:24:00,0.2926548071004049
2018-09-04 02:27:00,0.3363249069754488
2018-09-04 02:30:00,0.3431184558565974
2018-09-04 02:33:00,0.3300593123021258
2018-09-04 02:36:00,0.3728243281743744
2018-09-04 02:39:00,0.45202869981739013
2018-09-04 02:42:00,0.30376950122143853
2018-09-04 02:45:00,0.3847927045176789
2018-09-04 02:48:00,0.4798404736946509
2018-09-04 02:51:00,0.49482579577534125
2018-09-04 02:54:00,0.5013159525753963
2018-09-04 02:57:00,0.6021092185654311
2018-09-04 03:00:00,0.6757949673859116
2018-09-04 03:03:00,0.5926103986054727
2018-09-04 03:06:00,0.6984767308582036
2018-09-04 03:09:00,0.6598622512379393
2018-09-04 03:12:00,0.5509734247322058
2018-09-04 03:15:00,0.6719390127039446
2018-09-04 03:18:00,0.6340114144740596
2018-09-04 03:21:00,0.5835282972245182
2018-09-04 03:24:00,0.5810599898535429
2018-09-04 03:27:00,0.20963360240307338
2018-09-04 03:30:00,
2018-09-04 03:33:00,0.8356923947030168
2018-09-04 03:36:00,0.599405337505516
2018-09-04 03:39:00,0.546448988488919
2018-09-04 03:42:00,0.5022568011286808
2018-09-04 03:45:00,0.4414496067179243
2018-09-04 03:48:00,0.44623120988609344
2018-09-04 03:51:00,0.51152508888066
2018-09-04 03:54:00,0.4423027256457317
2018-09-04 03:57:00,0.43362104017450065
2018-09-04 04:00:00,0.42548543422043394
2018-09-04 04:03:00,0.48614523963095735
2018-09-04 04:06:00,0.49697521694565694
2018-09-04 04:09:00,0.5141427068834332
2018-09-04 04:12:00,0.4817354700281271
2018-09-04 04:15:00,0.4641004088334171
2018-09-04 04:18:00,0.42804503572170916
2018-09-04 04:21:00,0.48675738511292366
2018-09-04 04:24:00,0.4191019424274032
2018-09-04 04:27:00,0.3507847929303125
2018-09-04 04:30:00,0.40797710517193764
2018-09-04 04:33:00,0.37205849934076696
2018-09-04 04:36:00,0.39513977057987404
2018-09-04 04:39:00,0.3607621871757374
2018-09-04 04:42:00,0.39423296959699883
2018-09-04 04:45:00,0.4599068011233385
2018-09-04 04:48:00,0.44690162122958554
2018-09-04 04:51:00,0.36764604866010586
2018-09-04 04:54:00,0.3327225779008245
2018-09-04 04:57:00,0.35176366987519714
2018-09-04 05:00:00,0.2573244255677878
2018-09-04 05:03:00,0.3399847065939525
2018-09-04 05:06:00,0.3360948050133743
2018-09-04 05:09:00,0.4008743494433702
2018-09-04 05:12:00,0.23637122599740223
2018-09-04 05:15:00,0.3390877840363373
2018-09-04 05:18:00,0.4754370408996351
2018-09-04 05:21:00,0.47874079736180875
2018-09-04 05:24:00,0.41882324199343657
2018-09-04 05:27:00,0.47552561865632015
2018-09-04 05:30:00,0.4191770954665799
2018-09-04 05:33:00,0.47625155726825597
2018-09-04 05:36:00,0.5011723145698852
2018-09-04 05:39:00,0.38215903509637883
2018-09-04 05:42:00,0.46449451091854144
2018-09-04 05:45:00,0.3797084309115917
2018-09-04 05:48:00,0.5274174648679946
2018-09-04 05:51:00,0.49395072054164757
2018-09-04 05:54:00,0.47502219815550006
2018-09-04 05:57:00,0.5615419839578522
2018-09-04 06:00:00,0.4846021848264854
2018-09-04 06:03:00,0.48609882085975187
2018-09-04 06:06:00,0.4582638543280382
2018-09-04 06:09:00,0.4881739386023014
2018-09-04 06:12:00,0.4771554296843874
2018-09-04 06:15:00,0.4090185762780152
2018-09-04 06:18:00,0.4306583479967685
2018-09-04 06:21:00,0.4650804454612967
2018-09-04 06:24:00,0.44213315501457373
2018-09-04 06:27:00,0.45136892063351297
2018-09-04 06:30:00,0.433810008711248
2018-09-04 06:33:00,0.532004275718009
2018-09-04 06:36:00,0.4768576389011514
2018-09-04 06:39:00,0.36224836051223974
2018-09-04 06:42:00,0.5526486436573919
2018-09-04 06:45:00,0.5568762857236607
2018-09-04 06:48:00,0.4239573341836831
2018-09-04 06:51:00,0.5072785395235542
2018-09-04 06:54:00,0.5029130054736584
2018-09-04 06:57:00,0.45409556672069584
2018-09-04 07:00:00,0.4990513966498611
2018-09-04 07:03:00,0.5373970353390405
2018-09-04 07:06:00,0.43757762979407744
2018-09-04 07:09:00,0.5166196394448548
2018-09-04 07:12:00,0.44270475388583463
2018-09-04 07:15:00,0.44676255037194323
2018-09-04 07:18:00,0.3992260661271416
2018-09-04 07:21:00,0.39589118972276083
2018-09-04 07:24:00,0.5247694360334663
2018-09-04 07:27:00,0.4509052801302573
2018-09-04 07:30:00,0.5053745327203956
2018-09-04 07:33:00,0.4316037505211625
2018-09-04 07:36:00,0.5070684235388967
2018-09-04 07:39:00,0.43334967993411055
2018-09-04 07:42:00,0.4657563768562909
2018-09-04 07:45:00,0.5894437058180415
2018-09-04 07:48:00,0.5885771280072163
2018-09-04 07:51:00,0.50766574717926
2018-09-04 07:54:00,0.44409660615269786
2018-09-04 07:57:00,0.390800140973397
2018-09-04 08:00:00,0.4430052342131603
2018-09-04 08:03:00,0.5041212165725142
2018-09-04 08:06:00,0.4538034648666667
2018-09-04 08:09:00,0.3389646510727289
2018-09-04 08:12:00,0.40398465328786415
2018-09-04 08:15:00,0.4576295510577211
2018-09-04 08:18:00,0.4511787095087243
2018-09-04 08:21:00,0.37440514441482264
2018-09-04 08:24:00,0.47599685996158314
2018-09-04 08:27:00,0.42459859095720276
2018-09-04 08:30:00,0.37379923620176214
2018-09-04 08:33:00,0.3385775294760265
2018-09-04 08:36:00,0.3316699916121024
2018-09-04 08:39:00,0.35642010221755527
2018-09-04 08:42:00,0.4419439040736961
2018-09-04 08:45:00,0.315193748357558
2018-09-04 08:48:00,0.337251299073273
2018-09-04 08:51:00,0.36288681515407006
2018-09-04 08:54:00,0.3054032418369843
2018-09-04 08:57:00,0.23462218391352962
2018-09-04 09:00:00,0.31397867600861673
2018-09-04 09:03:00,0.2792537224040643
2018-09-04 09:06:00,0.264670490818844
2018-09-04 09:09:00,0.2647497455558323
2018-09-04 09:12:00,0.30133486658633046
2018-09-04 09:15:00,0.27410568817128933
2018-09-04 09:18:00,0.22636627429892542
2018-09-04 09:21:00,0.2622201505826638
2018-09-04 09:24:00,0.2654065914046555
2018-09-04 09:27:00,0.2263315390993057
2018-09-04 09:30:00,0.3487107028346941
2018-09-04 09:33:00,0.2637727146060911
2018-09-04 09:36:00,0.25980409530183124
2018-09-04 09:39:00,0.2652354566411077
2018-09-04 09:42:00,0.23155645107624423
2018-09-04 09:45:00,0.23511834198711767
2018-09-04 09:48:00,0.28435260266689966
2018-09-04 09:51:00,0.21677894146057497
2018-09-04 09:54:00,0.2205934588239984
2018-09-04 09:57:00,0.2278634778963351
2018-09-04 10:00:00,0.29832857379466304
2018-09-04 10:03:00,0.17266935891564117
2018-09-04 10:06:00,0.07259739607906113
2018-09-04 10:09:00,0.16874479656758012
2018-09-04 10:12:00,0.09243677352026225
2018-09-04 10:15:00,0.19293138280164612
2018-09-04 10:18:00,0.16876554732283466
2018-09-04 10:21:00,0.1073300006777913
2018-09-04 10:24:00,0.01511229693204541
2018-09-04 10:27:00,0.017636638428598417
2018-09-04 10:30:00,0.06309163449151356
2018-09-04 10:33:00,0.08074404578218264
2018-09-04 10:36:00,0.0462129923247403
2018-09-04 10:39:00,-0.01829153527046401
2018-09-04 10:42:00,-0.024914137346456755
2018-09-04 10:45:00,-0.08379394310827593
2018-09-04 10:48:00,0.03228926006545407
2018-09-04 10:51:00,-0.0218451805769746
2018-09-04 10:54:00,-0.04629071093268067
2018-09-04 10:57:00,-0.09426816495289358
2018-09-04 11:00:00,-0.1947685827120722
2018-09-04 11:03:00,-0.17887682769878666
2018-09-04 11:06:00,-0.08626618095155436
2018-09-04 11:09:00,-0.2460612981873851
2018-09-04 11:12:00,-0.2392926934558659
2018-09-04 11:15:00,-0.23978472118778882
2018-09-04 11:18:00,-0.16883713806100786
2018-09-04 11:21:00,-0.28211315742066745
2018-09-04 11:24:00,-0.10103708220043472
2018-09-04 11:27:00,-0.14281706557761709
2018-09-04 11:30:00,-0.20751265110504846
2018-09-04 11:33:00,-0.28833037933634387
2018-09-04 11:36:00,-0.2071491485005481
2018-09-04 11:39:00,-0.2053759524740144
2018-09-04 11:42:00,-0.3604745125326758
2018-09-04 11:45:00,-0.3152739487372287
2018-09-04 11:48:00,-0.2536976821879193
2018-09-04 11:51:00,-0.08322959953932241
2018-09-04 11:54:00,-0.014359644295780072
2018-09-04 11:57:00,0.0209797902919604
2018-09-04 12:00:00,0.01538407586770063
2018-09-04 12:03:00,-0.04318357998772626
2018-09-04 12:06:00,-0.07183712905265338
2018-09-04 12:09:00,-0.07056319516084386
2018-09-04 12:12:00,0.0009307129421927129
2018-09-04 12:15:00,0.062391444200500246
2018-09-04 12:18:00,0.08047889139044173
2018-09-04 12:21:00,0.16808409393428292
2018-09-04 12:24:00,0.3207343547765049
2018-09-04 12:27:00,0.3458111043331087
2018-09-04 12:30:00,0.34823059924252675
2018-09-04 12:33:00,0.28801549796861536
2018-09-04 12:36:00,0.34551229914700343
2018-09-04 12:39:00,0.4914551425652576
2018-09-04 12:42:00,0.4272175870143542
2018-09-04 12:45:00,0.39009387104493953
2018-09-04 12:48:00,0.2663315436659559
2018-09-04 12:51:00,0.13066383867891318
2018-09-04 12:54:00,0.113825819959402
2018-09-04 12:57:00,0.23802860841652773
2018-09-04 13:00:00,0.385118669512849
2018-09-04 13:03:00,0.2965729295034407
2018-09-04 13:06:00,0.40605766891712847
2018-09-04 13:09:00,0.2567979518809693
2018-09-04 13:12:00,0.25691105693761074
2018-09-04 13:15:00,0.2601238076081245
2018-09-04 13:18:00,0.15579037637860438
2018-09-04 13:21:00,0.10137247011056161
2018-09-04 13:24:00,0.11251052000420714
2018-09-04 13:27:00,0.01525839487351277
2018-09-04 13:30:00,0.06751484753885961
2018-09-04 13:33:00,-0.10110130454449973
2018-09-04 13:36:00,-0.09181277711809344
2018-09-04 13:39:00,-0.10734184520322287
2018-09-04 13:42:00,-0.05732664404393972
2018-09-04 13:45:00,-0.12407853849157391
2018-09-04 13:48:00,-0.020398484066504352
2018-09-04 13:51:00,-0.016293627684319745
2018-09-04 13:54:00,0.13147490352952218
2018-09-04 13:57:00,0.12336252596969643
2018-09-04 14:00:00,0.05245955524594592
2018-09-04 14:03:00,0.18599185973738486
2018-09-04 14:06:00,0.1950635058689727
2018-09-04 14:09:00,0.13957651400147597
2018-09-04 14:12:00,0.08111404153748936
2018-09-04 14:15:00,0.0824438933067313
2018-09-04 14:18:00,0.005506037509576345
2018-09-04 14:21:00,0.2690195951651049
2018-09-04 14:24:00,0.3098195107676247
2018-09-04 14:27:00,0.28557980001966143
2018-09-04 14:30:00,0.16717259186901856
2018-09-04 14:33:00,0.39943527142276025
2018-09-04 14:36:00,0.20534000209329406
2018-09-04 14:39:00,0.18568829974680057
2018-09-04 14:42:00,0.22913431977053733
2018-09-04 14:45:00,0.22126234725573113
2018-09-04 14:48:00,0.32020046760072773
2018-09-04 14:51:00,0.3492495777568365
2018-09-04 14:54:00,0.29855327315675595
2018-09-04 14:57:00,0.3441689877709564
2018-09-04 15:00:00,0.23565331728133287
2018-09-04 15:03:00,0.2746219738635318
2018-09-04 15:06:00,0.227741051109831
2018-09-04 15:09:00,0.3298501622829235
2018-09-04 15:12:00,0.24840141290746942
2018-09-04 15:15:00,0.24616136980648662
2018-09-04 15:18:00,0.20285581487883064
2018-09-04 15:21:00,0.18620984447767341
2018-09-04 15:24:00,0.27042490285873555
2018-09-04 15:27:00,0.23877344651197063
2018-09-04 15:30:00,0.2379701437625954
2018-09-04 15:33:00,0.16207123278201152
2018-09-04 15:36:00,0.2829109278358146
2018-09-04 15:39:00,0.1066631596521006
2018-09-04 15:42:00,0.22860246009832963
2018-09-04 15:45:00,0.19073039535203407
2018-09-04 15:48:00,0.08248651549666874
2018-09-04 15:51:00,0.16128913915889598
2018-09-04 15:54:00,0.13252217354749973
2018-09-04 15:57:00,0.10474989797540957
2018-09-04 16:00:00,0.11106620377040599
2018-09-04 16:03:00,0.027516018952212562
2018-09-04 16:06:00,0.12371987654694294
2018-09-04 16:09:00,0.16416887870542496
2018-09-04 16:12:00,0.10076913610504334
2018-09-04 16:15:00,0.04592362752981671
2018-09-04 16:18:00,0.15215322972011336
2018-09-04 16:21:00,0.15021508353805757
2018-09-04 16:24:00,0.18148415823361574
2018-09-04 16:27:00,0.18860840292848025
2018-09-04 16:30:00,0.14360886658118943
2018-09-04 16:33:00,0.19756729392639727
2018-09-04 16:36:00,0.126085732899071
2018-09-04 16:39:00,0.10312132750942737
2018-09-04 16:42:00,0.15474270875193952
2018-09-04 16:45:00,0.05887285476734405
2018-09-04 16:48:00,0.1071168819102013
2018-09-04 16:51:00,0.06434255200792904
2018-09-04 16:54:00,0.18829338184832523
2018-09-04 16:57:00,0.13559489651908052
2018-09-04 17:00:00,0.19734794410521772
2018-09-04 17:03:00,0.10336257420647144
2018-09-04 17:06:00,0.19298167910716302
2018-09-04 17:09:00,0.09490966522241706
2018-09-04 17:12:00,0.17786901957390455
2018-09-04 17:15:00,0.11087136056676172
2018-09-04 17:18:00,0.15441267455418028
2018-09-04 17:21:00,0.11857621373047778
2018-09-04 17:24:00,0.19326559721878311
2018-09-04 17:27:00,0.16209452216190812
2018-09-04 17:30:00,0.1407704569986663
2018-09-04 17:33:00,0.09967376126439831
2018-09-04 17:36:00,0.06773776839594348
2018-09-04 17:39:00,0.14821895265151852
2018-09-04 17:42:00,0.0644587637711993
2018-09-04 17:45:00,0.05090343279903209
2018-09-04 17:48:00,0.16635320487705485
2018-09-04 17:51:00,0.15112232683429738
2018-09-04 17:54:00,0.18419062689173415
2018-09-04 17:57:00,0.16812959763745994
2018-09-04 18:00:00,0.18258778877867599
2018-09-04 18:03:00,0.09032262454047668
2018-09-04 18:06:00,0.13275996255231348
2018-09-04 18:09:00,0.13500575058765207
2018-09-04 18:12:00,0.10990987641923766
2018-09-04 18:15:00,0.04799853656294317
2018-09-04 18:18:00,0.06509041738780752
2018-09-04 18:21:00,0.04561588721003318
2018-09-04 18:24:00,0.02197995667648911
2018-09-04 18:27:00,0.1345718718271769
2018-09-04 18:30:00,0.15505687056548823
2018-09-04 18:33:00,0.05461514413451596
2018-09-04 18:36:00,0.09441994256741282
2018-09-04 18:39:00,0.1504833612059997
2018-09-04 18:42:00,0.207546013814067
2018-09-04 18:45:00,0.18762336765314558
2018-09-04 18:48:00,0.18584927109048976
2018-09-04 18:51:00,0.3016095873202289
2018-09-04 18:54:00,
2018-09-04 18:57:00,
2018-09-04 19:00:00,
2018-09-04 19:03:00,0.13831397314061178
2018-09-04 19:06:00,0.11740641747235259
2018-09-04 19:09:00,0.15151396604721867
2018-09-04 19:12:00,0.11532399648507408
2018-09-04 19:15:00,0.13606862421056576
2018-09-04 19:18:00,0.13933665259673944
2018-09-04 19:21:00,0.11516108225094968
2018-09-04 19:24:00,0.16201850131716355
2018-09-04 19:27:00,0.17391189298535892
2018-09-04 19:30:00,0.17935893519631918
2018-09-04 19:33:00,0.11529151343376043
2018-09-04 19:36:00,0.20055988498955912
2018-09-04 19:39:00,0.32424973688489445
2018-09-04 19:42:00,0.32881584553950916
2018-09-04 19:45:00,0.40152107404577464
2018-09-04 19:48:00,0.4147389140112523
2018-09-04 19:51:00,0.47828217140579454
2018-09-04 19:54:00,0.30979525834806054
2018-09-04 19:57:00,0.30806108496079787
2018-09-04 20:00:00,0.3316918157053692
2018-09-04 20:03:00,0.3255275257833432
2018-09-04 20:06:00,0.14588864955203462
2018-09-04 20:09:00,0.18264133603054233
2018-09-04 20:12:00,0.15206095446620793
2018-09-04 20:15:00,0.21658367191804473
2018-09-04 20:18:00,0.2308360387447692
2018-09-04 20:21:00,0.25240291538841575
2018-09-04 20:24:00,0.16473423464788084
2018-09-04 20:27:00,0.11439260554794828
2018-09-04 20:30:00,0.26510831295757953
2018-09-04 20:33:00,0.16406113010026502
2018-09-04 20:36:00,0.1748437648276422
2018-09-04 20:39:00,0.2324049221633686
2018-09-04 20:42:00,0.12090166937076674
2018-09-04 20:45:00,0.10606339300824175
2018-09-04 20:48:00,0.17466042918294988
2018-09-04 20:51:00,0.21767542757339697
2018-09-04 20:54:00,0.1647163949634205
2018-09-04 20:57:00,0.23367698538316972
2018-09-04 21:00:00,0.1283798109980694
2018-09-04 21:03:00,0.1089289285928885
2018-09-04 21:06:00,0.18435570345423002
2018-09-04 21:09:00,0.18131995168386084
2018-09-04 21:12:00,0.12083260862203815
2018-09-04 21:15:00,0.1848257356244858
2018-09-04 21:18:00,0.12385225199517436
2018-09-04 21:21:00,0.09287437931726572
2018-09-04 21:24:00,0.19081072098606455
2018-09-04 21:27:00,0.11976703945833833
2018-09-04 21:30:00,0.20520351921095425
2018-09-04 21:33:00,0.1292712514467098
2018-09-04 21:36:00,0.1315359175272306
2018-09-04 21:39:00,0.06964422394020175
2018-09-04 21:42:00,0.1355054992420719
2018-09-04 21:45:00,0.1526394406005238
2018-09-04 21:48:00,0.11205089676974467
2018-09-04 21:51:00,0.17349265339578324
2018-09-04 21:54:00,0.2168239333646511
2018-09-04 21:57:00,0.1388229895042059
2018-09-04 22:00:00,0.10051789565500258
2018-09-04 22:03:00,0.11430376756794658
2018-09-04 22:06:00,0.12471435491306693
2018-09-04 22:09:00,0.16127127455030177
2018-09-04 22:12:00,0.089677156505104
2018-09-04 22:15:00,0.1959598800796698
2018-09-04 22:18:00,0.16538277970818172
2018-09-04 22:21:00,0.12384636379215408
2018-09-04 22:24:00,0.16722061243177677
2018-09-04 22:27:00,0.19389161732897264
2018-09-04 22:30:00,0.20605037667013448
2018-09-04 22:33:00,0.2043857407045948
2018-09-04 22:36:00,0.208227184054806
2018-09-04 22:39:00,0.28449243671877866
2018-09-04 22:42:00,0.2845319415267795
2018-09-04 22:45:00,0.289813491327493
2018-09-04 22:48:00,0.340140907697446
2018-09-04 22:51:00,0.3020280597093574
2018-09-04 22:54:00,0.2645349280937239
2018-09-04 22:57:00,0.34758624283119843
2018-09-04 23:00:00,0.15516343642917718
2018-09-04 23:03:00,0.31913619459135134
2018-09-04 23:06:00,0.21514175991597995
2018-09-04 23:09:00,0.2823977335530685
2018-09-04 23:12:00,0.22708554732241737
2018-09-04 23:15:00,0.32009373117767836
2018-09-04 23:18:00,0.2383875525174517
2018-09-04 23:21:00,0.18314979693843725
2018-09-04 23:24:00,0.2675619723164573
2018-09-04 23:27:00,0.14050803118811928
2018-09-04 23:30:00,0.2351806089349111
2018-09-04 23:33:00,0.2610997514070732
2018-09-04 23:36:00,0.14710945253614227
2018-09-04 23:39:00,0.2707029411049575
2018-09-04 23:42:00,0.3203985877054265
2018-09-04 23:45:00,0.23195557266529931
2018-09-04 23:48:00,0.19898186241567828
2018-09-04 23:51:00,0.24088846890782634
2018-09-04 23:54:00,0.1893724559404859
2018-09-04 23:57:00,0.26454365147640146
2018-09-05 00:00:00,0.32734299270009615
2018-09-05 00:03:00,0.18504988801964828
2018-09-05 00:06:00,0.26009958832594293
2018-09-05 00:09:00,0.25805295113895
2018-09-05 00:12:00,0.24270631403209109
2018-09-05 00:15:00,0.1678926605104607
2018-09-05 00:18:00,0.27668846534015756
2018-09-05 00:21:00,0.3302001797061962
2018-09-05 00:24:00,0.3945240054002852
2018-09-05 00:27:00,0.16895506527515636
2018-09-05 00:30:00,0.34018943208212704
2018-09-05 00:33:00,0.33366329200845257
2018-09-05 00:36:00,0.38723180552926806
2018-09-05 00:39:00,0.3462199440838276
2018-09-05 00:42:00,0.3259089156832715
2018-09-05 00:45:00,0.27525655828890194
2018-09-05 00:48:00,0.3052657233774312
2018-09-05 00:51:00,0.3095738931656342
2018-09-05 00:54:00,0.2932792681443743
2018-09-05 00:57:00,0.3341975909998496
2018-09-05 01:00:00,0.35337358730049573
2018-09-05 01:03:00,0.2497889611203732
2018-09-05 01:06:00,0.21168724579149512
2018-09-05 01:09:00,0.38522036982180907
2018-09-05 01:12:00,0.24309967404064992
2018-09-05 01:15:00,0.2580544691990099
2018-09-05 01:18:00,0.2856232977358104
2018-09-05 01:21:00,0.32540047024582464
2018-09-05 01:24:00,0.3471555697466897
2018-09-05 01:27:00,0.303704937467387
2018-09-05 01:30:00,0.3776695420384044
2018-09-05 01:33:00,0.30975050221178435
2018-09-05 01:36:00,0.27187615247981967
2018-09-05 01:39:00,0.2970443242958254
2018-09-05 01:42:00,0.29842754674433536
2018-09-05 01:45:00,0.2132215867017635
2018-09-05 01:48:00,0.26815123190368695
2018-09-05 01:51:00,0.3201337241823694
2018-09-05 01:54:00,0.2579683235402399
2018-09-05 01:57:00,0.2538572847048499
2018-09-05 02:00:00,0.33884971791911767
2018-09-05 02:03:00,0.3225417565966495
2018-09-05 02:06:00,0.25114467538060126
2018-09-05 02:09:00,0.2926044883538452
2018-09-05 02:12:00,0.3398307434686103
2018-09-05 02:15:00,0.37476129891479104
2018-09-05 02:18:00,0.34190773707882727
2018-09-05 02:21:00,0.3434677933291823
2018-09-05 02:24:00,0.2860283703195705
2018-09-05 02:27:00,0.3421999535667055
2018-09-05 02:30:00,0.36717240378379756
2018-09-05 02:33:00,0.3530824860031885
2018-09-05 02:36:00,0.3050625505330231
2018-09-05 02:39:00,0.39129401301244116
2018-09-05 02:42:00,0.256025207532673
2018-09-05 02:45:00,0.2768512770098255
2018-09-05 02:48:00,0.31626110875771474
2018-09-05 02:51:00,0.243148358411986
2018-09-05 02:54:00,0.363904529470517
2018-09-05 02:57:00,0.31296493947621684
2018-09-05 03:00:00,0.23301304180881743
2018-09-05 03:03:00,0.29297786041354357
2018-09-05 03:06:00,0.32190197394089637
2018-09-05 03:09:00,0.3622719356517905
2018-09-05 03:12:00,0.2990733726983308
2018-09-05 03:15:00,0.3279509304625208
2018-09-05 03:18:00,0.34684983624964616
2018-09-05 03:21:00,0.23404596498278352
2018-09-05 03:24:00,0.3504241403428523
2018-09-05 03:27:00,0.3292928748911663
2018-09-05 03:30:00,0.29840011504046515
2018-09-05 03:33:00,0.24432628981895732
2018-09-05 03:36:00,0.3133602077624005
2018-09-05 03:39:00,0.3309353249142646
2018-09-05 03:42:00,0.3839026526259772
2018-09-05 03:45:00,0.37411119008748983
2018-09-05 03:48:00,0.2951741363262954
2018-09-05 03:51:00,0.3564941035717766
2018-09-05 03:54:00,0.31337582482973403
2018-09-05 03:57:00,0.3103782673781552
2018-09-05 04:00:00,0.3643312889570325
2018-09-05 04:03:00,0.3202332434887012
2018-09-05 04:06:00,0.41315526588687135
2018-09-05 04:09:00,0.3820343234228858
2018-09-05 04:12:00,0.3728078681844522
2018-09-05 04:15:00,0.3413089697741043
2018-09-05 04:18:00,0.30718225627725815
2018-09-05 04:21:00,0.2801888299109123
2018-09-05 04:24:00,0.4235450905806033
2018-09-05 04:27:00,0.33895234535708596
2018-09-05 04:30:00,0.3447759515963753
2018-09-05 04:33:00,0.3861572129413844
2018-09-05 04:36:00,0.3918844007379789
2018-09-05 04:39:00,0.24535463061425844
2018-09-05 04:42:00,0.3114386509560063
2018-09-05 04:45:00,0.36583707157416256
2018-09-05 04:48:00,0.36115009137336074
2018-09-05 04:51:00,0.37186815849497634
2018-09-05 04:54:00,0.2805461915084493
2018-09-05 04:57:00,0.24649936703696085
2018-09-05 05:00:00,0.28414983195256127
2018-09-05 05:03:00,0.3451115183514162
2018-09-05 05:06:00,0.3264561519345648
2018-09-05 05:09:00,0.3502561397082218
2018-09-05 05:12:00,0.2720279592480779
2018-09-05 05:15:00,0.2823387579373957
2018-09-05 05:18:00,0.2827306859513783
2018-09-05 05:21:00,0.2964957433014206
2018-09-05 05:24:00,0.2928991855894765
2018-09-05 05:27:00,0.255964529224741
2018-09-05 05:30:00,0.19434784675297578
2018-09-05 05:33:00,0.327922933123034
2018-09-05 05:36:00,0.3219667253853231
2018-09-05 05:39:00,0.3323311149471806
2018-09-05 05:42:00,0.22238450379319374
2018-09-05 05:45:00,0.32677297808248795
2018-09-05 05:48:00,0.2873897087113164
2018-09-05 05:51:00,0.3244574268039173
2018-09-05 05:54:00,0.25915420726607863
2018-09-05 05:57:00,0.23910591909611867
2018-09-05 06:00:00,0.3466313947274102
2018-09-05 06:03:00,0.3547908386843801
2018-09-05 06:06:00,0.29332792482318837
2018-09-05 06:09:00,0.2398590175425852
2018-09-05 06:12:00,0.3267648628356028
2018-09-05 06:15:00,0.21552004126806423
2018-09-05 06:18:00,0.3361840473968982
2018-09-05 06:21:00,0.3298993013104905
2018-09-05 06:24:00,0.4310115574954807
2018-09-05 06:27:00,0.2992783423577521
2018-09-05 06:30:00,0.29408436419851114
2018-09-05 06:33:00,0.3378944963710637
2018-09-05 06:36:00,0.2446213192258142
2018-09-05 06:39:00,0.23391219458949308
2018-09-05 06:42:00,0.2709221984203509
2018-09-05 06:45:00,0.25655754854244606
2018-09-05 06:48:00,0.1673401104520167
2018-09-05 06:51:00,0.22939606296262127
2018-09-05 06:54:00,0.18579110509614338
2018-09-05 06:57:00,0.23686850028815343
2018-09-05 07:00:00,0.23444392802599623
2018-09-05 07:03:00,0.29876997828375806
2018-09-05 07:06:00,0.20280790440432384
2018-09-05 07:09:00,0.26108873543159916
2018-09-05 07:12:00,0.15477639226600104
2018-09-05 07:15:00,0.2568663266978888
2018-09-05 07:18:00,0.22984326088078433
2018-09-05 07:21:00,0.2123553772163973
2018-09-05 07:24:00,0.21910260957128003
2018-09-05 07:27:00,0.20883924927983344
2018-09-05 07:30:00,0.2795813496023811
2018-09-05 07:33:00,0.16628813400080844
2018-09-05 07:36:00,0.2976498009178954
2018-09-05 07:39:00,0.12573479876726879
2018-09-05 07:42:00,0.10793477245488248
2018-09-05 07:45:00,0.2716304566014287
2018-09-05 07:48:00,0.14411700379912418
2018-09-05 07:51:00,0.1942286568815348
2018-09-05 07:54:00,0.2174934734422891
2018-09-05 07:57:00,0.3468412203056914
2018-09-05 08:00:00,0.26435193242667765
2018-09-05 08:03:00,0.22573430902463087
2018-09-05 08:06:00,0.1430755842210374
2018-09-05 08:09:00,0.1805945315321651
2018-09-05 08:12:00,0.15869445169232677
2018-09-05 08:15:00,0.1663899997283238
2018-09-05 08:18:00,0.11179400652537197
2018-09-05 08:21:00,0.15398373044348546
2018-09-05 08:24:00,0.1534982088128345
2018-09-05 08:27:00,0.1194548532152453
2018-09-05 08:30:00,0.16864585545920363
2018-09-05 08:33:00,0.11972373327466812
2018-09-05 08:36:00,0.1502194390511704
2018-09-05 08:39:00,0.13609352411822329
2018-09-05 08:42:00,0.1181286474289891
2018-09-05 08:45:00,0.10478771516596908
2018-09-05 08:48:00,0.08922444297712673
2018-09-05 08:51:00,0.09338205964922963
2018-09-05 08:54:00,0.1211221618011109
2018-09-05 08:57:00,0.09159239433330413
2018-09-05 09:00:00,0.02653807684578169
2018-09-05 09:03:00,0.15722356269253623
2018-09-05 09:06:00,0.04859945629021922
2018-09-05 09:09:00,-0.10272617829645014
2018-09-05 09:12:00,-0.11219216894079409
2018-09-05 09:15:00,0.029396535695525472
2018-09-05 09:18:00,-0.012658035398203538
2018-09-05 09:21:00,0.11346033123811594
2018-09-05 09:24:00,0.06560902519748879
2018-09-05 09:27:00,-0.056343591923507574
2018-09-05 09:30:00,0.06008478296786279
2018-09-05 09:33:00,-0.10565744442692449
2018-09-05 09:36:00,-0.018587387350180506
2018-09-05 09:39:00,-0.03502790962625113
2018-09-05 09:42:00,-0.042135446165104895
2018-09-05 09:45:00,-0.018714313495365786
2018-09-05 09:48:00,0.04045254622053562
2018-09-05 09:51:00,0.09461726007401694
2018-09-05 09:54:00,0.10024324221495817
2018-09-05 09:57:00,0.09720950616542723
2018-09-05 10:00:00,-0.04760881735074918
2018-09-05 10:03:00,0.028357697997080322
2018-09-05 10:06:00,-0.004006786110267058
2018-09-05 10:09:00,-0.13431637747498826
2018-09-05 10:12:00,-0.006557199102303457
2018-09-05 10:15:00,-0.05214032548371961
2018-09-05 10:18:00,0.024885881104353302
2018-09-05 10:21:00,0.09263827656548074
2018-09-05 10:24:00,-0.06796514821542132
2018-09-05 10:27:00,-0.029142144961213035
2018-09-05 10:30:00,-0.03986379257412409
2018-09-05 10:33:00,-0.06280580757839971
2018-09-05 10:36:00,-0.019344134493167076
2018-09-05 10:39:00,-0.08587143578472478
2018-09-05 10:42:00,-0.03420044451746662
2018-09-05 10:45:00,-0.031046144220113092
2018-09-05 10:48:00,-0.06079088757883255
2018-09-05 10:51:00,0.03283227186540216
2018-09-05 10:54:00,-0.007802928807279841
2018-09-05 10:57:00,0.033602159277052124
2018-09-05 11:00:00,0.0938257767074333
2018-09-05 11:03:00,0.12414902448705334
2018-09-05 11:06:00,0.17228510442907918
2018-09-05 11:09:00,0.1521824683159707
2018-09-05 11:12:00,0.11872758739929168
2018-09-05 11:15:00,0.08770440389832856
2018-09-05 11:18:00,0.12330827137321876
2018-09-05 11:21:00,0.06576676620051103
2018-09-05 11:24:00,0.09115641046707879
2018-09-05 11:27:00,0.07078668187983794
2018-09-05 11:30:00,0.039838579218894665
2018-09-05 11:33:00,-0.055447018914605906
2018-09-05 11:36:00,-0.06423666182814713
2018-09-05 11:39:00,-0.21003164235310123
2018-09-05 11:42:00,-0.08157878464015766
2018-09-05 11:45:00,-0.06785141563744901
2018-09-05 11:48:00,0.0497128043759858
2018-09-05 11:51:00,0.028219998469410257
2018-09-05 11:54:00,0.0923144725213092
2018-09-05 11:57:00,0.14219530607090292
2018-09-05 12:00:00,0.1790855005106664
2018-09-05 12:03:00,0.13185041537241204
2018-09-05 12:06:00,0.13416750435982294
2018-09-05 12:09:00,0.23691648082240135
2018-09-05 12:12:00,0.20079650787687342
2018-09-05 12:15:00,0.1794297614517859
2018-09-05 12:18:00,-0.006984670269332582
2018-09-05 12:21:00,-0.04910262690628997
2018-09-05 12:24:00,-0.06518102030031514
2018-09-05 12:27:00,-0.0734618858772933
2018-09-05 12:30:00,-0.1092194714501602
2018-09-05 12:33:00,-0.2213687278008365
2018-09-05 12:36:00,-0.19748663447785475
2018-09-05 12:39:00,-0.2331196889413718
2018-09-05 12:42:00,-0.18183320040384388
2018-09-05 12:45:00,-0.33504199455046546
2018-09-05 12:48:00,-0.1887768905388043
2018-09-05 12:51:00,-0.19143931755985477
2018-09-05 12:54:00,-0.1494037438168334
2018-09-05 12:57:00,-0.17302496908411058
2018-09-05 13:00:00,-0.06860954653654971
2018-09-05 13:03:00,-0.11183262661535309
2018-09-05 13:06:00,-0.05812458289398137
2018-09-05 13:09:00,0.15547329410583188
2018-09-05 13:12:00,0.3130649833299799
2018-09-05 13:15:00,0.3166437296899858
2018-09-05 13:18:00,0.11705233840871188
2018-09-05 13:21:00,0.165973851691831
2018-09-05 13:24:00,0.08854710904580543
2018-09-05 13:27:00,0.18418191312446197
2018-09-05 13:30:00,0.17683653515382503
2018-09-05 13:33:00,0.2624317010105415
2018-09-05 13:36:00,0.21433904369763468
2018-09-05 13:39:00,0.44478825948056055
2018-09-05 13:42:00,0.5273757274990771
2018-09-05 13:45:00,0.5641002964542849
2018-09-05 13:48:00,0.7130100176592009
2018-09-05 13:51:00,0.7701100978953832
2018-09-05 13:54:00,0.7811284646443255
2018-09-05 13:57:00,0.6988225117495404
2018-09-05 14:00:00,0.4716474846628671
2018-09-05 14:03:00,0.4630688536408911
2018-09-05 14:06:00,0.424792422096516
2018-09-05 14:09:00,0.3560609428610064
2018-09-05 14:12:00,0.36521482971659225
2018-09-05 14:15:00,0.2945615493500213
2018-09-05 14:18:00,0.2813659678161571
2018-09-05 14:21:00,0.32030729163869864
2018-09-05 14:24:00,0.342094346195438
2018-09-05 14:27:00,0.3103461992375287
2018-09-05 14:30:00,0.33145938612847203
2018-09-05 14:33:00,0.5298785377566446
2018-09-05 14:36:00,0.5505753068056833
2018-09-05 14:39:00,0.46306350743094526
2018-09-05 14:42:00,0.4322484621579292
2018-09-05 14:45:00,0.33704243145984947
2018-09-05 14:48:00,0.3945791380499486
2018-09-05 14:51:00,0.38025535139712474
2018-09-05 14:54:00,0.4163299750828173
2018-09-05 14:57:00,0.4329931437379173
2018-09-05 15:00:00,0.38469810966608975
2018-09-05 15:03:00,0.3635264646226233
2018-09-05 15:06:00,0.29854907952432086
2018-09-05 15:09:00,0.271653065509895
2018-09-05 15:12:00,0.2651252340735937
2018-09-05 15:15:00,0.24594057414100234
2018-09-05 15:18:00,0.2483187848784496
2018-09-05 15:21:00,0.1899007350014017
2018-09-05 15:24:00,0.15237762405172361
2018-09-05 15:27:00,0.25973911883619394
2018-09-05 15:30:00,0.26583419453635315
2018-09-05 15:33:00,0.336974557782014
2018-09-05 15:36:00,0.19853303017720236
2018-09-05 15:39:00,0.18256513808074715
2018-09-05 15:42:00,0.17042743527389348
2018-09-05 15:45:00,0.1413268623608701
2018-09-05 15:48:00,0.16285354923934392
2018-09-05 15:51:00,0.1601077863407454
2018-09-05 15:54:00,0.21575397035513788
2018-09-05 15:57:00,0.17433370839086137
2018-09-05 16:00:00,0.2319520746161743
2018-09-05 16:03:00,0.22919983517584797
2018-09-05 16:06:00,0.21633489236273817
2018-09-05 16:09:00,0.20084554776912
2018-09-05 16:12:00,0.22373589993406995
2018-09-05 16:15:00,0.23072817963708303
2018-09-05 16:18:00,0.26328032770203436
2018-09-05 16:21:00,0.23358684121933493
2018-09-05 16:24:00,0.21015055511600167
2018-09-05 16:27:00,0.22390162164191452
2018-09-05 16:30:00,0.1605154351751139
2018-09-05 16:33:00,0.12433245786667158
2018-09-05 16:36:00,0.04530731730579873
2018-09-05 16:39:00,0.11759534072348288
2018-09-05 16:42:00,0.10019741032994034
2018-09-05 16:45:00,0.145737702738586
2018-09-05 16:48:00,0.14398794041881047
2018-09-05 16:51:00,0.13288506457456606
2018-09-05 16:54:00,0.14789138035229143
2018-09-05 16:57:00,0.2938021865421092
2018-09-05 17:00:00,0.2569785396904649
2018-09-05 17:03:00,0.2920802447755477
2018-09-05 17:06:00,0.22181667315112463
2018-09-05 17:09:00,0.20249788780017752
2018-09-05 17:12:00,0.18289608621824982
2018-09-05 17:15:00,0.10679655645321873
2018-09-05 17:18:00,0.22379990812589767
2018-09-05 17:21:00,0.2566424251056105
2018-09-05 17:24:00,0.07963570373544826
2018-09-05 17:27:00,0.10412787687369018
2018-09-05 17:30:00,0.14354719856328302
2018-09-05 17:33:00,0.030136472729793695
2018-09-05 17:36:00,0.08859433987271359
2018-09-05 17:39:00,0.050943716064182354
2018-09-05 17:42:00,-0.025579493540476506
2018-09-05 17:45:00,0.1131591887502168
2018-09-05 17:48:00,0.40528708477569353
2018-09-05 17:51:00,0.47489768484666683
2018-09-05 17:54:00,0.6426125161823393
2018-09-05 17:57:00,0.6137424549886532
2018-09-05 18:00:00,0.3964368362936739
2018-09-05 18:03:00,0.20165652132527612
2018-09-05 18:06:00,0.13594265074954137
2018-09-05 18:09:00,0.05515593474359548
2018-09-05 18:12:00,0.10215527069789232
2018-09-05 18:15:00,0.0431087832998287
2018-09-05 18:18:00,0.052027227953431066
2018-09-05 18:21:00,0.19182603529384323
2018-09-05 18:24:00,0.37344499328446545
2018-09-05 18:27:00,0.46573713020899277
2018-09-05 18:30:00,0.29351900667006703
2018-09-05 18:33:00,0.35625164823585465
2018-09-05 18:36:00,0.28403821104922145
2018-09-05 18:39:00,0.21133427918658754
2018-09-05 18:42:00,0.2688446348129787
2018-09-05 18:45:00,0.3626399998294687
2018-09-05 18:48:00,0.25030838174484416
2018-09-05 18:51:00,0.2099406454951236
2018-09-05 18:54:00,0.24197720569958392
2018-09-05 18:57:00,
2018-09-05 19:00:00,
2018-09-05 19:03:00,0.2480887120279931
2018-09-05 19:06:00,0.35752826711006946
2018-09-05 19:09:00,0.4260114280612015
2018-09-05 19:12:00,0.6501805950474591
2018-09-05 19:15:00,0.6287964217736999
2018-09-05 19:18:00,0.7735545489099422
2018-09-05 19:21:00,0.5731450025043046
2018-09-05 19:24:00,0.17827114879781902
2018-09-05 19:27:00,0.20315758784158788
2018-09-05 19:30:00,0.2570084968576225
2018-09-05 19:33:00,0.32107780687613285
2018-09-05 19:36:00,0.25779114715737705
2018-09-05 19:39:00,0.38205834290477014
2018-09-05 19:42:00,0.39284961043972544
2018-09-05 19:45:00,0.5252474882916545
2018-09-05 19:48:00,0.9027764134671656
2018-09-05 19:51:00,1.0017387887074847
2018-09-05 19:54:00,0.8475583047651298
2018-09-05 19:57:00,0.9177963492605841
2018-09-05 20:00:00,0.8317179542847271
2018-09-05 20:03:00,0.795228723882758
2018-09-05 20:06:00,0.7993820426509046
2018-09-05 20:09:00,0.6334557687668507
2018-09-05 20:12:00,0.6363232082383661
2018-09-05 20:15:00,0.5742691867460508
2018-09-05 20:18:00,0.5539607751771882
2018-09-05 20:21:00,0.5484130059708718
2018-09-05 20:24:00,0.538608167973166
2018-09-05 20:27:00,0.48429793053372805
2018-09-05 20:30:00,0.34849135043066326
2018-09-05 20:33:00,0.46923420091872003
2018-09-05 20:36:00,0.45823290691305374
2018-09-05 20:39:00,0.3993453846813395
2018-09-05 20:42:00,0.26401855136379027
2018-09-05 20:45:00,0.38877727778788085
2018-09-05 20:48:00,0.42058898409464973
2018-09-05 20:51:00,0.44883758724245126
2018-09-05 20:54:00,0.25047123529896
2018-09-05 20:57:00,0.3439872505534254
2018-09-05 21:00:00,0.32833106239252174
2018-09-05 21:03:00,0.27146770829625666
2018-09-05 21:06:00,0.32505781781668475
2018-09-05 21:09:00,0.30770078837957726
2018-09-05 21:12:00,0.26139655075257906
2018-09-05 21:15:00,0.26805833576293026
2018-09-05 21:18:00,0.3071028116998491
2018-09-05 21:21:00,0.2800666074030005
2018-09-05 21:24:00,0.28329296965995354
2018-09-05 21:27:00,0.255667103835151
2018-09-05 21:30:00,0.20230858195452583
2018-09-05 21:33:00,0.32138355748679714
2018-09-05 21:36:00,0.25944588934959256
2018-09-05 21:39:00,0.18853146976465496
2018-09-05 21:42:00,0.32428130515751263
2018-09-05 21:45:00,0.3634965388132514
2018-09-05 21:48:00,0.2810088079235129
2018-09-05 21:51:00,0.22505862885935812
2018-09-05 21:54:00,0.31016821121460225
2018-09-05 21:57:00,0.2716230007681588
2018-09-05 22:00:00,0.23708645615715795
2018-09-05 22:03:00,0.2979378954398726
2018-09-05 22:06:00,0.2810458774656013
2018-09-05 22:09:00,0.37601307568553466
2018-09-05 22:12:00,0.3138266976409909
2018-09-05 22:15:00,0.3515060829152503
2018-09-05 22:18:00,0.23597459396989962
2018-09-05 22:21:00,0.32401375397228094
2018-09-05 22:24:00,0.24476721279398816
2018-09-05 22:27:00,0.23486215249164388
2018-09-05 22:30:00,0.34716910950947977
2018-09-05 22:33:00,0.36762527401128864
2018-09-05 22:36:00,0.425543521459133
2018-09-05 22:39:00,0.49108518394820067
2018-09-05 22:42:00,0.5813411771276833
2018-09-05 22:45:00,0.458037325961584
2018-09-05 22:48:00,0.5042367648369463
2018-09-05 22:51:00,0.4921893968522113
2018-09-05 22:54:00,0.5787995707433993
2018-09-05 22:57:00,0.524441698448527
2018-09-05 23:00:00,0.5169821427940633
2018-09-05 23:03:00,0.557703508523332
2018-09-05 23:06:00,0.48886055678468665
2018-09-05 23:09:00,0.43669657435418685
2018-09-05 23:12:00,0.47813114255819755
2018-09-05 23:15:00,0.4893723577945934
2018-09-05 23:18:00,0.4992990740101959
2018-09-05 23:21:00,0.5159825488028105
2018-09-05 23:24:00,0.5290139181233826
2018-09-05 23:27:00,0.45667684667091635
2018-09-05 23:30:00,0.4791603229949146
2018-09-05 23:33:00,0.4494816251367979
2018-09-05 23:36:00,0.4401520070207994
2018-09-05 23:39:00,0.5006217565767201
2018-09-05 23:42:00,0.450564865802221
2018-09-05 23:45:00,0.3843297218322732
2018-09-05 23:48:00,0.457539567587105
2018-09-05 23:51:00,0.47343675453112155
2018-09-05 23:54:00,0.43157091713169393
2018-09-05 23:57:00,0.4090355927245355
2018-09-06 00:00:00,0.48323748348099116
2018-09-06 00:03:00,0.44481608926110994
2018-09-06 00:06:00,0.4190554123435959
2018-09-06 00:09:00,0.41550223485228344
2018-09-06 00:12:00,0.4981893392501888
2018-09-06 00:15:00,0.45518765122352534
2018-09-06 00:18:00,0.3884837930378353
2018-09-06 00:21:00,0.3792730309934882
2018-09-06 00:24:00,0.4256873032406929
2018-09-06 00:27:00,0.32628257668073957
2018-09-06 00:30:00,0.23163291210505577
2018-09-06 00:33:00,0.4028542392819645
2018-09-06 00:36:00,0.46608899710594187
2018-09-06 00:39:00,0.516321606742622
2018-09-06 00:42:00,0.5416626944367522
2018-09-06 00:45:00,0.5199217157702947
2018-09-06 00:48:00,0.49523545858113494
2018-09-06 00:51:00,0.5531018876201301
2018-09-06 00:54:00,0.5850508711633893
2018-09-06 00:57:00,0.519992158707737
2018-09-06 01:00:00,0.6121215532369888
2018-09-06 01:03:00,0.6071686374257297
2018-09-06 01:06:00,0.5579064569229786
2018-09-06 01:09:00,0.5112209397674974
2018-09-06 01:12:00,0.46861415552166363
2018-09-06 01:15:00,0.5132154788442449
2018-09-06 01:18:00,0.4611343711090399
2018-09-06 01:21:00,0.5568373954215531
2018-09-06 01:24:00,0.4671296189558234
2018-09-06 01:27:00,0.4788379732098065
2018-09-06 01:30:00,0.532251053229686
2018-09-06 01:33:00,0.464641301300901
2018-09-06 01:36:00,0.41195610689635487
2018-09-06 01:39:00,0.42266336735889354
2018-09-06 01:42:00,0.460656588905465
2018-09-06 01:45:00,0.4993507030962405
2018-09-06 01:48:00,0.489439956352669
2018-09-06 01:51:00,0.4484543464467947
2018-09-06 01:54:00,0.39698018440509486
2018-09-06 01:57:00,0.3375161526263355
2018-09-06 02:00:00,0.30583311919826883
2018-09-06 02:03:00,0.3619334689213929
2018-09-06 02:06:00,0.43024660552771365
2018-09-06 02:09:00,0.3871701373656151
2018-09-06 02:12:00,0.3347264047191061
2018-09-06 02:15:00,0.24447017167886997
2018-09-06 02:18:00,0.25347504217467076
2018-09-06 02:21:00,0.20625908730499987
2018-09-06 02:24:00,0.30311233359890366
2018-09-06 02:27:00,0.3612190530964199
2018-09-06 02:30:00,0.5301367113148672
2018-09-06 02:33:00,0.591179150065841
2018-09-06 02:36:00,0.6400224526234979
2018-09-06 02:39:00,0.7230574871309727
2018-09-06 02:42:00,0.747551493624826
2018-09-06 02:45:00,0.5755647872134659
2018-09-06 02:48:00,0.5384221912581779
2018-09-06 02:51:00,0.5248919826071301
2018-09-06 02:54:00,0.4081042360374454
2018-09-06 02:57:00,0.36965241726215936
2018-09-06 03:00:00,0.3811173119287332
2018-09-06 03:03:00,0.3387933811662833
2018-09-06 03:06:00,0.4496152622420482
2018-09-06 03:09:00,0.4452304035904149
2018-09-06 03:12:00,0.4284897426662724
2018-09-06 03:15:00,0.49240788653503387
2018-09-06 03:18:00,0.3877205021407235
2018-09-06 03:21:00,0.42874431850776773
2018-09-06 03:24:00,0.3152630570183419
2018-09-06 03:27:00,0.245701287155498
2018-09-06 03:30:00,0.353301368102791
2018-09-06 03:33:00,0.34774963366538714
2018-09-06 03:36:00,0.4341071424735219
2018-09-06 03:39:00,0.33396133752142987
2018-09-06 03:42:00,0.37690834907186854
2018-09-06 03:45:00,0.3605218749560777
2018-09-06 03:48:00,0.3537809596776924
2018-09-06 03:51:00,0.30624354477191673
2018-09-06 03:54:00,0.3600007454075467
2018-09-06 03:57:00,0.4186678543450171
2018-09-06 04:00:00,0.2938807883733716
2018-09-06 04:03:00,0.2335058631859397
2018-09-06 04:06:00,0.29137416490323176
2018-09-06 04:09:00,0.29447618906806383
2018-09-06 04:12:00,0.22151300818939035
2018-09-06 04:15:00,0.2421340229897737
2018-09-06 04:18:00,0.40192785049680424
2018-09-06 04:21:00,0.3179417509753648
2018-09-06 04:24:00,0.28822000666923486
2018-09-06 04:27:00,0.28358271993027984
2018-09-06 04:30:00,0.23279755203930108
2018-09-06 04:33:00,0.3039408428251136
2018-09-06 04:36:00,0.30303072535093634
2018-09-06 04:39:00,0.324312893812305
2018-09-06 04:42:00,0.30804740408274256
2018-09-06 04:45:00,0.33673117015217713
2018-09-06 04:48:00,0.2429693123800689
2018-09-06 04:51:00,0.348881028611288
2018-09-06 04:54:00,0.3347226093144968
2018-09-06 04:57:00,0.3633001871511965
2018-09-06 05:00:00,0.2506919629558979
2018-09-06 05:03:00,0.34069924728584056
2018-09-06 05:06:00,0.33995192577845046
2018-09-06 05:09:00,0.33659459469095054
2018-09-06 05:12:00,0.31180521121285665
2018-09-06 05:15:00,0.36773194287928845
2018-09-06 05:18:00,0.18717431290548348
2018-09-06 05:21:00,0.30438903526425065
2018-09-06 05:24:00,0.2749089764537871
2018-09-06 05:27:00,0.3071788029293998
2018-09-06 05:30:00,0.42421917470664994
2018-09-06 05:33:00,0.4066454366928838
2018-09-06 05:36:00,0.32199024568456025
2018-09-06 05:39:00,0.42240065837933116
2018-09-06 05:42:00,0.31564577587141684
2018-09-06 05:45:00,0.35605295508270274
2018-09-06 05:48:00,0.3560960080653217
2018-09-06 05:51:00,0.3721911673616205
2018-09-06 05:54:00,0.27197532626490784
2018-09-06 05:57:00,0.381885219480921
2018-09-06 06:00:00,0.37924812283921483
2018-09-06 06:03:00,0.3933816376429604
2018-09-06 06:06:00,0.41879665276098876
2018-09-06 06:09:00,0.38234460893062305
2018-09-06 06:12:00,0.352452401166488
2018-09-06 06:15:00,0.39195346601241
2018-09-06 06:18:00,0.3129961078749375
2018-09-06 06:21:00,0.3355002452074132
2018-09-06 06:24:00,0.33876606449172186
2018-09-06 06:27:00,0.35989144294705966
2018-09-06 06:30:00,0.34740054050041635
2018-09-06 06:33:00,0.30568912423001393
2018-09-06 06:36:00,0.4159054633069559
2018-09-06 06:39:00,0.4661333844209139
2018-09-06 06:42:00,0.42040579411121826
2018-09-06 06:45:00,0.4068001806379584
2018-09-06 06:48:00,0.4184588617914642
2018-09-06 06:51:00,0.39239586121095726
2018-09-06 06:54:00,0.37616291182911255
2018-09-06 06:57:00,0.3318554462962311
2018-09-06 07:00:00,0.3931337906999488
2018-09-06 07:03:00,0.40758589352725494
2018-09-06 07:06:00,0.3264813034067515
2018-09-06 07:09:00,0.31462739651720995
2018-09-06 07:12:00,0.32923675646162565
2018-09-06 07:15:00,0.4209216082683156
2018-09-06 07:18:00,0.36970837593958095
2018-09-06 07:21:00,0.37217773891421757
2018-09-06 07:24:00,0.3495996351607005
2018-09-06 07:27:00,0.25832257432807637
2018-09-06 07:30:00,0.43096899796034904
2018-09-06 07:33:00,0.4161163378757351
2018-09-06 07:36:00,0.3511399687610606
2018-09-06 07:39:00,0.3358479044817386
2018-09-06 07:42:00,0.3957621781693774
2018-09-06 07:45:00,0.3264043795357452
2018-09-06 07:48:00,0.3565165753319093
2018-09-06 07:51:00,0.3922861543207432
2018-09-06 07:54:00,0.30649170966324846
2018-09-06 07:57:00,0.29865039007154337
2018-09-06 08:00:00,0.3383405308069882
2018-09-06 08:03:00,0.2958634685287507
2018-09-06 08:06:00,0.3489256935379217
2018-09-06 08:09:00,0.34692938252021577
2018-09-06 08:12:00,0.3248798907466153
2018-09-06 08:15:00,0.3047581886144144
2018-09-06 08:18:00,0.39757324498935986
2018-09-06 08:21:00,0.24966943637411987
2018-09-06 08:24:00,0.345398614090243
2018-09-06 08:27:00,0.2460441576055814
2018-09-06 08:30:00,0.30276983718295014
2018-09-06 08:33:00,0.27907574448948935
2018-09-06 08:36:00,0.24525978326647646
2018-09-06 08:39:00,0.3208019240790918
2018-09-06 08:42:00,0.3282221176889948
2018-09-06 08:45:00,0.1939831926344482
2018-09-06 08:48:00,0.18775969146156513
2018-09-06 08:51:00,0.23833261155778018
2018-09-06 08:54:00,0.2321380077886488
2018-09-06 08:57:00,0.06745857966416224
2018-09-06 09:00:00,0.21629275652674096
2018-09-06 09:03:00,0.20313101636429565
2018-09-06 09:06:00,0.20115944582727252
2018-09-06 09:09:00,0.18298128675286307
2018-09-06 09:12:00,0.1842160028654689
2018-09-06 09:15:00,0.1380609957959109
2018-09-06 09:18:00,0.15591093007856216
2018-09-06 09:21:00,0.1612485986626666
2018-09-06 09:24:00,0.20831737261130456
2018-09-06 09:27:00,0.17196734420775783
2018-09-06 09:30:00,0.21989215334070877
2018-09-06 09:33:00,0.04899605675421981
2018-09-06 09:36:00,0.09642237602929526
2018-09-06 09:39:00,-0.017008831028874738
2018-09-06 09:42:00,0.036704631702150436
2018-09-06 09:45:00,0.08351635674245017
2018-09-06 09:48:00,0.11096653565050474
2018-09-06 09:51:00,0.09036339167141705
2018-09-06 09:54:00,0.04346297317601966
2018-09-06 09:57:00,-0.06171378321977272
2018-09-06 10:00:00,0.10939669024719478
2018-09-06 10:03:00,0.023140921166941553
2018-09-06 10:06:00,0.11502757171740541
2018-09-06 10:09:00,0.04430957701970328
2018-09-06 10:12:00,-0.000594806378217072
2018-09-06 10:15:00,-0.12718160771709108
2018-09-06 10:18:00,-0.04907964305510859
2018-09-06 10:21:00,-0.06417889462539961
2018-09-06 10:24:00,-0.03218613909666601
2018-09-06 10:27:00,-0.061676319233583854
2018-09-06 10:30:00,-0.13362557576584777
2018-09-06 10:33:00,-0.10385341732774123
2018-09-06 10:36:00,-0.18813387499108103
2018-09-06 10:39:00,-0.16109972337966383
2018-09-06 10:42:00,-0.13165636896860633
2018-09-06 10:45:00,-0.1716446195588901
2018-09-06 10:48:00,-0.14344756747385645
2018-09-06 10:51:00,-0.10517179706920388
2018-09-06 10:54:00,-0.11653999826455674
2018-09-06 10:57:00,-0.1553498161968605
2018-09-06 11:00:00,-0.1241094223885284
2018-09-06 11:03:00,-0.11290548152163637
2018-09-06 11:06:00,-0.2034615939233504
2018-09-06 11:09:00,-0.13434660475337523
2018-09-06 11:12:00,-0.1481963902822372
2018-09-06 11:15:00,-0.14812971548298037
2018-09-06 11:18:00,-0.21633626342946854
2018-09-06 11:21:00,-0.24839744399992014
2018-09-06 11:24:00,-0.12272109039065526
2018-09-06 11:27:00,-0.17670597055018789
2018-09-06 11:30:00,-0.14994406644859737
2018-09-06 11:33:00,-0.11818964281980016
2018-09-06 11:36:00,-0.10837467373733034
2018-09-06 11:39:00,-0.15960998887476308
2018-09-06 11:42:00,-0.06918852404277231
2018-09-06 11:45:00,-0.14268115002198556
2018-09-06 11:48:00,0.3680511568327347
2018-09-06 11:51:00,0.3721959273767652
2018-09-06 11:54:00,0.28044551822182484
2018-09-06 11:57:00,0.12045072848718519
2018-09-06 12:00:00,0.15461044834495397
2018-09-06 12:03:00,0.29337572658471345
2018-09-06 12:06:00,0.07900398061713076
2018-09-06 12:09:00,-0.10799028297537916
2018-09-06 12:12:00,-0.12679914700487416
2018-09-06 12:15:00,-0.2468986306092802
2018-09-06 12:18:00,-0.21378930261073492
2018-09-06 12:21:00,-0.2504126832245106
2018-09-06 12:24:00,-0.2930510546241294
2018-09-06 12:27:00,-0.28053727385639604
2018-09-06 12:30:00,-0.3316048126745841
2018-09-06 12:33:00,-0.332619467478537
2018-09-06 12:36:00,-0.32626713328579626
2018-09-06 12:39:00,-0.2885072677600533
2018-09-06 12:42:00,-0.36413521514504055
2018-09-06 12:45:00,-0.23094064006897952
2018-09-06 12:48:00,-0.2604189313296956
2018-09-06 12:51:00,-0.3084918410324349
2018-09-06 12:54:00,-0.2548757508330368
2018-09-06 12:57:00,-0.2293043341048815
2018-09-06 13:00:00,-0.2526971860070262
2018-09-06 13:03:00,-0.2838627536724516
2018-09-06 13:06:00,-0.18068730736280258
2018-09-06 13:09:00,-0.20950225642815212
2018-09-06 13:12:00,-0.07527922975327783
2018-09-06 13:15:00,-0.09976875700340315
2018-09-06 13:18:00,-0.04846218274309422
2018-09-06 13:21:00,0.022512684338096278
2018-09-06 13:24:00,-0.0510984173732254
2018-09-06 13:27:00,-0.17612923177875928
2018-09-06 13:30:00,-0.09092684832199893
2018-09-06 13:33:00,-0.15220193651543923
2018-09-06 13:36:00,-0.16490927513041242
2018-09-06 13:39:00,-0.12580233070775648
2018-09-06 13:42:00,-0.05582984435847038
2018-09-06 13:45:00,-0.10205851623771878
2018-09-06 13:48:00,0.00552541967505249
2018-09-06 13:51:00,-0.06869324856899084
2018-09-06 13:54:00,-0.16137698379282028
2018-09-06 13:57:00,-0.21455627983220893
2018-09-06 14:00:00,-0.12324004490756124
2018-09-06 14:03:00,-0.19317489860333126
2018-09-06 14:06:00,-0.14611326726560492
2018-09-06 14:09:00,-0.1386228106272256
2018-09-06 14:12:00,-0.012617648033142359
2018-09-06 14:15:00,-0.05946479881015421
2018-09-06 14:18:00,0.020138494187108336
2018-09-06 14:21:00,-0.03733468826601438
2018-09-06 14:24:00,-0.02004362961372408
2018-09-06 14:27:00,-0.07213673584601565
2018-09-06 14:30:00,-0.0028590029654083082
2018-09-06 14:33:00,-0.007307295029193028
2018-09-06 14:36:00,-0.0053690486983555274
2018-09-06 14:39:00,0.1431510455049647
2018-09-06 14:42:00,-0.029985969335996288
2018-09-06 14:45:00,0.07683675815377455
2018-09-06 14:48:00,-0.011134165645216854
2018-09-06 14:51:00,0.06761966113913331
2018-09-06 14:54:00,0.1435134540822105
2018-09-06 14:57:00,0.2640714214007289
2018-09-06 15:00:00,0.18833735987311684
2018-09-06 15:03:00,0.22076860352632366
2018-09-06 15:06:00,0.24397438288161766
2018-09-06 15:09:00,-0.054006335480551115
2018-09-06 15:12:00,-0.04609490573449193
2018-09-06 15:15:00,-0.18884164419813487
2018-09-06 15:18:00,-0.22354407482987426
2018-09-06 15:21:00,-0.17883332908127159
2018-09-06 15:24:00,-0.15692829140874665
2018-09-06 15:27:00,-0.2942868801073928
2018-09-06 15:30:00,-0.3242459430942972
2018-09-06 15:33:00,-0.25771574117379714
2018-09-06 15:36:00,-0.2178626778331818
2018-09-06 15:39:00,-0.3249388527582937
2018-09-06 15:42:00,-0.24002577265633818
2018-09-06 15:45:00,-0.3351257117151363
2018-09-06 15:48:00,-0.3455050894149281
2018-09-06 15:51:00,-0.30556699626970385
2018-09-06 15:54:00,-0.27037557120149813
2018-09-06 15:57:00,-0.274954115770754
2018-09-06 16:00:00,-0.31110234496287603
2018-09-06 16:03:00,-0.28684440711003845
2018-09-06 16:06:00,-0.2916283363456955
2018-09-06 16:09:00,-0.39978994885302654
2018-09-06 16:12:00,-0.3458772312187648
2018-09-06 16:15:00,-0.36247274172478683
2018-09-06 16:18:00,-0.3323696263245779
2018-09-06 16:21:00,-0.44947454158443634
2018-09-06 16:24:00,-0.3895339146883998
2018-09-06 16:27:00,-0.39406844478594394
2018-09-06 16:30:00,-0.28764759610237434
2018-09-06 16:33:00,-0.33614663244435405
2018-09-06 16:36:00,-0.27244354962283523
2018-09-06 16:39:00,-0.2972781938542539
2018-09-06 16:42:00,-0.2171374616264643
2018-09-06 16:45:00,-0.24836080070821254
2018-09-06 16:48:00,-0.19284229232340522
2018-09-06 16:51:00,-0.31546275656734224
2018-09-06 16:54:00,-0.27774943052639856
2018-09-06 16:57:00,-0.27268589737025195
2018-09-06 17:00:00,-0.320010416134096
2018-09-06 17:03:00,-0.3426979952583906
2018-09-06 17:06:00,-0.3431550707045403
2018-09-06 17:09:00,-0.2013450939188033
2018-09-06 17:12:00,-0.33811290091176716
2018-09-06 17:15:00,-0.2257366962131755
2018-09-06 17:18:00,-0.16302105107877196
2018-09-06 17:21:00,-0.25666145251040007
2018-09-06 17:24:00,-0.2092141469119042
2018-09-06 17:27:00,-0.27520017494333615
2018-09-06 17:30:00,-0.2713803309604259
2018-09-06 17:33:00,-0.25854226193979457
2018-09-06 17:36:00,-0.2341326586012542
2018-09-06 17:39:00,-0.21369485127729604
2018-09-06 17:42:00,-0.1825316146934597
2018-09-06 17:45:00,-0.1411969489138869
2018-09-06 17:48:00,-0.11840282083505826
2018-09-06 17:51:00,-0.25338500672705777
2018-09-06 17:54:00,-0.07117594070535915
2018-09-06 17:57:00,-0.13901912266072713
2018-09-06 18:00:00,-0.10841236589675418
2018-09-06 18:03:00,-0.17988830315249515
2018-09-06 18:06:00,-0.20655021283710084
2018-09-06 18:09:00,-0.160793205609707
2018-09-06 18:12:00,-0.14704674787930117
2018-09-06 18:15:00,-0.0850214894684882
2018-09-06 18:18:00,-0.1018727746878767
2018-09-06 18:21:00,-0.07924543433358622
2018-09-06 18:24:00,-0.07808147815944722
2018-09-06 18:27:00,-0.11280301114442182
2018-09-06 18:30:00,-0.03736750803955147
2018-09-06 18:33:00,-0.12033579364452862
2018-09-06 18:36:00,-0.10274708790672094
2018-09-06 18:39:00,-0.16180532862887276
2018-09-06 18:42:00,-0.12937287805158348
2018-09-06 18:45:00,-0.14599892837532025
2018-09-06 18:48:00,-0.12779296586529654
2018-09-06 18:51:00,-0.10184133955306152
2018-09-06 18:54:00,
2018-09-06 18:57:00,
2018-09-06 19:00:00,
2018-09-06 19:03:00,-0.06071657720053736
2018-09-06 19:06:00,-0.14574423481974463
2018-09-06 19:09:00,-0.03716810666509218
2018-09-06 19:12:00,-0.05738180702127238
2018-09-06 19:15:00,-0.00810847266654946
2018-09-06 19:18:00,0.0234639399337766
2018-09-06 19:21:00,-0.06507396977900726
2018-09-06 19:24:00,-0.050991036900711606
2018-09-06 19:27:00,-0.06916180980948639
2018-09-06 19:30:00,0.057813735885190454
2018-09-06 19:33:00,-0.011228272101050152
2018-09-06 19:36:00,-0.15727424660678935
2018-09-06 19:39:00,-0.06200151962110567
2018-09-06 19:42:00,0.006850564576495799
2018-09-06 19:45:00,-0.043999891505848154
2018-09-06 19:48:00,-0.08604563139221
2018-09-06 19:51:00,0.008514049981101834
2018-09-06 19:54:00,0.05936538952931869
2018-09-06 19:57:00,0.02860150199785494
2018-09-06 20:00:00,0.10187820390245861
2018-09-06 20:03:00,0.18081893217834022
2018-09-06 20:06:00,0.2535694043499461
2018-09-06 20:09:00,0.2709701029259577
2018-09-06 20:12:00,0.32409861829080455
2018-09-06 20:15:00,0.248132803479848
2018-09-06 20:18:00,0.21850599876773913
2018-09-06 20:21:00,0.23622690103388777
2018-09-06 20:24:00,0.08557676276370785
2018-09-06 20:27:00,0.28386333940363784
2018-09-06 20:30:00,0.4171664492801028
2018-09-06 20:33:00,0.36763264460461187
2018-09-06 20:36:00,0.28944489371707505
2018-09-06 20:39:00,0.1762316235868866
2018-09-06 20:42:00,0.1832838770727676
2018-09-06 20:45:00,0.14746476641505524
2018-09-06 20:48:00,0.04997047971073698
2018-09-06 20:51:00,0.07788738283528573
2018-09-06 20:54:00,0.006004491841224535
2018-09-06 20:57:00,0.01520258553983922
2018-09-06 21:00:00,0.021487220697110843
2018-09-06 21:03:00,0.030329939680427742
2018-09-06 21:06:00,0.02995908525838331
2018-09-06 21:09:00,0.02176780242859877
2018-09-06 21:12:00,0.1051365654119536
2018-09-06 21:15:00,0.0880831088648506
2018-09-06 21:18:00,0.09339294122969477
2018-09-06 21:21:00,0.11545576242554034
2018-09-06 21:24:00,0.0873137317090027
2018-09-06 21:27:00,0.12487676882312826
2018-09-06 21:30:00,0.15326686402255518
2018-09-06 21:33:00,0.09343459311071456
2018-09-06 21:36:00,0.2006672501127582
2018-09-06 21:39:00,0.07116345174983962
2018-09-06 21:42:00,0.25350938512144694
2018-09-06 21:45:00,0.10532834597131568
2018-09-06 21:48:00,0.1671586737854227
2018-09-06 21:51:00,0.18819511065538563
2018-09-06 21:54:00,0.16201741098763023
2018-09-06 21:57:00,0.17889294601866368
2018-09-06 22:00:00,0.1810418223882948
2018-09-06 22:03:00,0.1825392413974214
2018-09-06 22:06:00,0.2028545734864906
2018-09-06 22:09:00,0.2611781848073633
2018-09-06 22:12:00,0.1411408733472399
2018-09-06 22:15:00,0.15420283108818467
2018-09-06 22:18:00,0.2201756914811881
2018-09-06 22:21:00,0.15028616220695312
2018-09-06 22:24:00,0.16509388116475066
2018-09-06 22:27:00,0.14661148548071878
2018-09-06 22:30:00,0.15949009478094922
2018-09-06 22:33:00,0.21882743498929358
2018-09-06 22:36:00,0.18192953645052512
2018-09-06 22:39:00,0.27477630918531304
2018-09-06 22:42:00,0.2882510768707789
2018-09-06 22:45:00,0.14989842025960343
2018-09-06 22:48:00,0.17590322302305594
2018-09-06 22:51:00,0.21818298013442927
2018-09-06 22:54:00,0.10531806247206532
2018-09-06 22:57:00,0.074068868991219
2018-09-06 23:00:00,0.260440690399264
2018-09-06 23:03:00,0.20520520775875184
2018-09-06 23:06:00,0.17635788853891654
2018-09-06 23:09:00,0.2633572513913123
2018-09-06 23:12:00,0.15329535163351693
2018-09-06 23:15:00,0.25946404554258606
2018-09-06 23:18:00,0.23067227701614001
2018-09-06 23:21:00,0.25655928433110375
2018-09-06 23:24:00,0.35965465362050963
2018-09-06 23:27:00,0.272957965702858
2018-09-06 23:30:00,0.40036064696744234
2018-09-06 23:33:00,0.4493361087171479
2018-09-06 23:36:00,0.38112598964471545
2018-09-06 23:39:00,0.33775305258734534
2018-09-06 23:42:00,0.333658895818985
2018-09-06 23:45:00,0.3051894056777087
2018-09-06 23:48:00,0.28403182548544237
2018-09-06 23:51:00,0.20780927808351635
2018-09-06 23:54:00,0.1780110813592728
2018-09-06 23:57:00,0.16088569735489955
2018-09-07 00:00:00,0.12037798660088583
2018-09-07 00:03:00,0.1476761369480073
2018-09-07 00:06:00,0.2118551479575217
2018-09-07 00:09:00,0.6080733305440731
2018-09-07 00:12:00,0.5698795889991288
2018-09-07 00:15:00,0.41049530949902646
2018-09-07 00:18:00,0.2713561464705663
2018-09-07 00:21:00,0.10171828624055479
2018-09-07 00:24:00,0.20730529431870082
2018-09-07 00:27:00,0.14577156943988712
2018-09-07 00:30:00,0.17145451403655443
2018-09-07 00:33:00,0.19974223459286122
2018-09-07 00:36:00,0.18823801098994863
2018-09-07 00:39:00,0.1669921646283683
2018-09-07 00:42:00,0.23156787579881666
2018-09-07 00:45:00,0.15993102022366656
2018-09-07 00:48:00,0.14181199367345698
2018-09-07 00:51:00,0.09776901061138688
2018-09-07 00:54:00,0.22758956646367778
2018-09-07 00:57:00,0.17814444844702848
2018-09-07 01:00:00,0.21710785953217737
2018-09-07 01:03:00,0.3098302007035727
2018-09-07 01:06:00,0.24562726463022955
2018-09-07 01:09:00,0.2632961022779341
2018-09-07 01:12:00,0.2886252245331775
2018-09-07 01:15:00,0.24164478554916968
2018-09-07 01:18:00,0.40327348432475674
2018-09-07 01:21:00,0.36509521583042215
2018-09-07 01:24:00,0.3820711039769549
2018-09-07 01:27:00,0.3809140004677829
2018-09-07 01:30:00,0.4381157640689253
2018-09-07 01:33:00,0.46858539619080375
2018-09-07 01:36:00,0.43360019551118967
2018-09-07 01:39:00,0.3246438719244793
2018-09-07 01:42:00,0.37128725325152345
2018-09-07 01:45:00,0.39750943380943227
2018-09-07 01:48:00,0.39196236539845586
2018-09-07 01:51:00,0.37999197814639274
2018-09-07 01:54:00,0.2690177341576714
2018-09-07 01:57:00,0.4010708364687048
2018-09-07 02:00:00,0.40322805910034276
2018-09-07 02:03:00,0.40918111327857787
2018-09-07 02:06:00,0.3853613302800909
2018-09-07 02:09:00,0.39135028199683575
2018-09-07 02:12:00,0.3711902296192875
2018-09-07 02:15:00,0.4027745829892524
2018-09-07 02:18:00,0.37844467920302804
2018-09-07 02:21:00,0.40666955152426
2018-09-07 02:24:00,0.3662027531933063
2018-09-07 02:27:00,0.38108873716788594
2018-09-07 02:30:00,0.44135234499060516
2018-09-07 02:33:00,0.37449151675957637
2018-09-07 02:36:00,0.4152228785991383
2018-09-07 02:39:00,0.41875042511327365
2018-09-07 02:42:00,0.34804926306702555
2018-09-07 02:45:00,0.32579583106416976
2018-09-07 02:48:00,0.32508595854847044
2018-09-07 02:51:00,0.3255869174551549
2018-09-07 02:54:00,0.41734687686238203
2018-09-07 02:57:00,0.28839694101731084
2018-09-07 03:00:00,0.31000112906531285
2018-09-07 03:03:00,0.27232208470837804
2018-09-07 03:06:00,0.3428459479493995
2018-09-07 03:09:00,0.2286032024828728
2018-09-07 03:12:00,0.3070800571688892
2018-09-07 03:15:00,0.26800548630478715
2018-09-07 03:18:00,0.3381570853654807
2018-09-07 03:21:00,0.29490929331723237
2018-09-07 03:24:00,0.255995659653081
2018-09-07 03:27:00,0.31274649106904917
2018-09-07 03:30:00,0.17369560724347366
2018-09-07 03:33:00,0.3483236120117681
2018-09-07 03:36:00,0.29920221297214766
2018-09-07 03:39:00,0.3670093768125753
2018-09-07 03:42:00,0.28816305162109757
2018-09-07 03:45:00,0.38840581699446375
2018-09-07 03:48:00,0.40783133887231315
2018-09-07 03:51:00,0.37917518737333467
2018-09-07 03:54:00,0.32562961912532273
2018-09-07 03:57:00,0.3976312898286096
2018-09-07 04:00:00,0.4660649397471275
2018-09-07 04:03:00,0.40767732478764174
2018-09-07 04:06:00,0.3869813171981491
2018-09-07 04:09:00,0.41742241149034953
2018-09-07 04:12:00,0.4260770820949915
2018-09-07 04:15:00,0.46849834243033683
2018-09-07 04:18:00,0.5014880370746368
2018-09-07 04:21:00,0.3938748764006732
2018-09-07 04:24:00,0.44890247325264454
2018-09-07 04:27:00,0.45819149123377656
2018-09-07 04:30:00,0.4328509807352816
2018-09-07 04:33:00,0.4294093473619114
2018-09-07 04:36:00,0.4012092093502133
2018-09-07 04:39:00,0.47119308538196947
2018-09-07 04:42:00,0.428902150489364
2018-09-07 04:45:00,0.5700017739143277
2018-09-07 04:48:00,0.5010903986353696
2018-09-07 04:51:00,0.5126919473740372
2018-09-07 04:54:00,0.5309665928980394
2018-09-07 04:57:00,0.5351617632350099
2018-09-07 05:00:00,0.5695525022302945
2018-09-07 05:03:00,0.6285204244483111
2018-09-07 05:06:00,0.5895866988461194
2018-09-07 05:09:00,0.5268989056942814
2018-09-07 05:12:00,0.38889943789280323
2018-09-07 05:15:00,0.4370432635431598
2018-09-07 05:18:00,0.46219310840496064
2018-09-07 05:21:00,0.4322970182854533
2018-09-07 05:24:00,0.4885829885021735
2018-09-07 05:27:00,0.48230351062028376
2018-09-07 05:30:00,0.40124328239159013
2018-09-07 05:33:00,0.30096336872588836
2018-09-07 05:36:00,0.33809133725782203
2018-09-07 05:39:00,0.34398780426624853
2018-09-07 05:42:00,0.3544492656090483
2018-09-07 05:45:00,0.36538260371008846
2018-09-07 05:48:00,0.2979135503914563
2018-09-07 05:51:00,0.333030426155176
2018-09-07 05:54:00,0.34392938413196816
2018-09-07 05:57:00,0.39873902431105535
2018-09-07 06:00:00,0.3781307261458551
2018-09-07 06:03:00,0.320720400616608
2018-09-07 06:06:00,0.3832896606443228
2018-09-07 06:09:00,0.33098196445081385
2018-09-07 06:12:00,0.42308444743406426
2018-09-07 06:15:00,0.4361631537831272
2018-09-07 06:18:00,0.3267419812105459
2018-09-07 06:21:00,0.3316911098722244
2018-09-07 06:24:00,0.4674878468688348
2018-09-07 06:27:00,0.38873994569871684
2018-09-07 06:30:00,0.3573021246720032
2018-09-07 06:33:00,0.36212732845331175
2018-09-07 06:36:00,0.3252629473951174
2018-09-07 06:39:00,0.2745691748690433
2018-09-07 06:42:00,0.4084873020857458
2018-09-07 06:45:00,0.3157066174010197
2018-09-07 06:48:00,0.34146838305048277
2018-09-07 06:51:00,0.3180051067375871
2018-09-07 06:54:00,0.32226599982772086
2018-09-07 06:57:00,0.3067590959858535
2018-09-07 07:00:00,0.31487684666711857
2018-09-07 07:03:00,0.3470848676252558
2018-09-07 07:06:00,0.24201831975204868
2018-09-07 07:09:00,0.3389118263272053
2018-09-07 07:12:00,0.3588004225599093
2018-09-07 07:15:00,0.24271691041622034
2018-09-07 07:18:00,0.29363062378001814
2018-09-07 07:21:00,0.28704571620033903
2018-09-07 07:24:00,0.30982649410611884
2018-09-07 07:27:00,0.22359201836923148
2018-09-07 07:30:00,0.28451245686267157
2018-09-07 07:33:00,0.2992663467778698
2018-09-07 07:36:00,0.2767045048861405
2018-09-07 07:39:00,0.31164880920744054
2018-09-07 07:42:00,0.22985440984280103
2018-09-07 07:45:00,0.38760321753267135
2018-09-07 07:48:00,0.3146234929864704
2018-09-07 07:51:00,0.1917933270441381
2018-09-07 07:54:00,0.2669375626248893
2018-09-07 07:57:00,0.2825695309807088
2018-09-07 08:00:00,0.24365976397473332
2018-09-07 08:03:00,0.37838249321919193
2018-09-07 08:06:00,0.23728572379394564
2018-09-07 08:09:00,0.25719157169368145
2018-09-07 08:12:00,0.36059314838416867
2018-09-07 08:15:00,0.24626340609972885
2018-09-07 08:18:00,0.22739401428475503
2018-09-07 08:21:00,0.20841405042608585
2018-09-07 08:24:00,0.17123334985257088
2018-09-07 08:27:00,0.2573200284813879
2018-09-07 08:30:00,0.2116495786460746
2018-09-07 08:33:00,0.1461537933620889
2018-09-07 08:36:00,0.1685591118289267
2018-09-07 08:39:00,0.16283196602478256
2018-09-07 08:42:00,0.24411298451184393
2018-09-07 08:45:00,0.25663849468111266
2018-09-07 08:48:00,0.25095714141866665
2018-09-07 08:51:00,0.22298592055921063
2018-09-07 08:54:00,0.24854833373905194
2018-09-07 08:57:00,0.17776199336157106
2018-09-07 09:00:00,0.15947067821440442
2018-09-07 09:03:00,0.16321313764336765
2018-09-07 09:06:00,0.16469347685284674
2018-09-07 09:09:00,0.22448598221563998
2018-09-07 09:12:00,0.07284750335924173
2018-09-07 09:15:00,0.12882402122050962
2018-09-07 09:18:00,0.1649866776986073
2018-09-07 09:21:00,0.17309723244062525
2018-09-07 09:24:00,0.12597270039611885
2018-09-07 09:27:00,0.05472802642475472
2018-09-07 09:30:00,0.12452603014821761
2018-09-07 09:33:00,0.062429138652703386
2018-09-07 09:36:00,0.030892558184461905
2018-09-07 09:39:00,0.06983812454325289
2018-09-07 09:42:00,0.010957369305174325
2018-09-07 09:45:00,0.0195399831609393
2018-09-07 09:48:00,0.03626405396073551
2018-09-07 09:51:00,0.0911276850217746
2018-09-07 09:54:00,0.028953062083701298
2018-09-07 09:57:00,0.013243410445511472
2018-09-07 10:00:00,0.02044460324566444
2018-09-07 10:03:00,-0.0553967050447568
2018-09-07 10:06:00,0.10553775158490453
2018-09-07 10:09:00,-0.024948983505566957
2018-09-07 10:12:00,-0.05159841171655444
2018-09-07 10:15:00,-0.04007640438845783
2018-09-07 10:18:00,0.04807359411836387
2018-09-07 10:21:00,-0.02344032263670215
2018-09-07 10:24:00,-0.04173738068226385
2018-09-07 10:27:00,0.009025950421744255
2018-09-07 10:30:00,-0.02793179420842762
2018-09-07 10:33:00,-0.1262520251747219
2018-09-07 10:36:00,-0.04370867680876245
2018-09-07 10:39:00,-0.01924288947441255
2018-09-07 10:42:00,-0.1100709612820765
2018-09-07 10:45:00,-0.04952320283854306
2018-09-07 10:48:00,-0.05446280241574186
2018-09-07 10:51:00,-0.1297358431067437
2018-09-07 10:54:00,-0.22311536936967968
2018-09-07 10:57:00,-0.10992560866509393
2018-09-07 11:00:00,-0.1656687988856902
2018-09-07 11:03:00,-0.11489278741817088
2018-09-07 11:06:00,0.07692433326980108
2018-09-07 11:09:00,-0.07445949112604922
2018-09-07 11:12:00,-0.0971286964871183
2018-09-07 11:15:00,-0.06734265917310722
2018-09-07 11:18:00,-0.20199753465198
2018-09-07 11:21:00,-0.11710097038945833
2018-09-07 11:24:00,-0.16286190799741007
2018-09-07 11:27:00,-0.10713751772880187
2018-09-07 11:30:00,-0.04608648408020599
2018-09-07 11:33:00,-0.13271688114406288
2018-09-07 11:36:00,-0.1936330864769502
2018-09-07 11:39:00,-0.18969414689451014
2018-09-07 11:42:00,-0.240119441632487
2018-09-07 11:45:00,-0.07545070796601294
2018-09-07 11:48:00,0.0924342207177915
2018-09-07 11:51:00,0.07466296116092508
2018-09-07 11:54:00,-0.12554954484335212
2018-09-07 11:57:00,0.16579280613285619
2018-09-07 12:00:00,0.21941020042169157
2018-09-07 12:03:00,0.18778990212581448
2018-09-07 12:06:00,0.1856562000363624
2018-09-07 12:09:00,0.23764743569074653
2018-09-07 12:12:00,0.15813076479071242
2018-09-07 12:15:00,0.034700828041025034
2018-09-07 12:18:00,0.0553901812568256
2018-09-07 12:21:00,0.13167356962600252
2018-09-07 12:24:00,0.016677738298369604
2018-09-07 12:27:00,0.07124988865496107
2018-09-07 12:30:00,-0.10118675173140446
2018-09-07 12:33:00,-0.11252317255508615
2018-09-07 12:36:00,-0.005268102409104358
2018-09-07 12:39:00,0.02387570889499102
2018-09-07 12:42:00,0.06826637657525225
2018-09-07 12:45:00,0.0034536375274569764
2018-09-07 12:48:00,-0.15393290304746188
2018-09-07 12:51:00,-0.045656245461543676
2018-09-07 12:54:00,-0.0634111257411405
2018-09-07 12:57:00,-0.06706526769789889
2018-09-07 13:00:00,0.0886931360030303
2018-09-07 13:03:00,-0.06658095727243563
2018-09-07 13:06:00,0.07913945065951111
2018-09-07 13:09:00,0.07055103331208556
2018-09-07 13:12:00,-0.02703096350848
2018-09-07 13:15:00,0.19565041982576759
2018-09-07 13:18:00,0.0934887023408919
2018-09-07 13:21:00,0.05432522977014287
2018-09-07 13:24:00,0.08734278365608361
2018-09-07 13:27:00,-0.0052178964766653735
2018-09-07 13:30:00,0.11123087859215275
2018-09-07 13:33:00,0.046368169196284725
2018-09-07 13:36:00,0.12586102767795637
2018-09-07 13:39:00,0.03820509180297904
2018-09-07 13:42:00,0.15026791180997634
2018-09-07 13:45:00,0.07949270686629006
2018-09-07 13:48:00,0.024870146428384032
2018-09-07 13:51:00,0.05775272207733906
2018-09-07 13:54:00,-0.021927347361440752
2018-09-07 13:57:00,0.09545772001348496
2018-09-07 14:00:00,0.12009239693861673
2018-09-07 14:03:00,0.11146334570548788
2018-09-07 14:06:00,0.018618914441447032
2018-09-07 14:09:00,0.050725207058917476
2018-09-07 14:12:00,0.16734677247450236
2018-09-07 14:15:00,0.23955919542510173
2018-09-07 14:18:00,0.442662533066823
2018-09-07 14:21:00,0.5759491891230368
2018-09-07 14:24:00,0.43454594865357876
2018-09-07 14:27:00,0.4744969356607385
2018-09-07 14:30:00,0.29905745310941256
2018-09-07 14:33:00,0.23619389060280582
2018-09-07 14:36:00,0.17743088695561937
2018-09-07 14:39:00,0.035725478630354246
2018-09-07 14:42:00,-0.024258153722939824
2018-09-07 14:45:00,-0.15370336150374442
2018-09-07 14:48:00,-0.17474579848186522
2018-09-07 14:51:00,-0.1426260868289546
2018-09-07 14:54:00,-0.16106439847322918
2018-09-07 14:57:00,-0.1550508967981159
2018-09-07 15:00:00,-0.2242029621600068
2018-09-07 15:03:00,-0.12242654022929855
2018-09-07 15:06:00,-0.2087305801382513
2018-09-07 15:09:00,-0.17815718215564402
2018-09-07 15:12:00,-0.2157795479761262
2018-09-07 15:15:00,-0.2537183717900007
2018-09-07 15:18:00,-0.24344275216492406
2018-09-07 15:21:00,-0.12904404571139594
2018-09-07 15:24:00,-0.10579434173519076
2018-09-07 15:27:00,-0.02964181789900522
2018-09-07 15:30:00,-0.058884053708197825
2018-09-07 15:33:00,0.014769503676859586
2018-09-07 15:36:00,0.03390546709664477
2018-09-07 15:39:00,0.3000705738514853
2018-09-07 15:42:00,0.25114177335967725
2018-09-07 15:45:00,0.25442425835927907
2018-09-07 15:48:00,0.3970670432488532
2018-09-07 15:51:00,0.3927210962215213
2018-09-07 15:54:00,0.45910940001829204
2018-09-07 15:57:00,0.29143797786440473
2018-09-07 16:00:00,0.10831400690074133
2018-09-07 16:03:00,0.07841019929486492
2018-09-07 16:06:00,0.12592152127615464
2018-09-07 16:09:00,0.0862108157995749
2018-09-07 16:12:00,0.011207731515298747
2018-09-07 16:15:00,0.09259485864970429
2018-09-07 16:18:00,0.08969660854529593
2018-09-07 16:21:00,0.03884140899901922
2018-09-07 16:24:00,-0.04168320846503093
2018-09-07 16:27:00,0.001535734058336402
2018-09-07 16:30:00,-0.039776979604482676
2018-09-07 16:33:00,-0.06424947546156545
2018-09-07 16:36:00,-0.03698134855932267
2018-09-07 16:39:00,-0.031789271081777315
2018-09-07 16:42:00,-0.12280513041906715
2018-09-07 16:45:00,-0.027253258495534283
2018-09-07 16:48:00,0.013107466530868805
2018-09-07 16:51:00,0.06509802342691273
2018-09-07 16:54:00,0.16730767610562225
2018-09-07 16:57:00,0.291839016741676
2018-09-07 17:00:00,0.33963873921840104
2018-09-07 17:03:00,0.20574901921196442
2018-09-07 17:06:00,0.13544104081455544
2018-09-07 17:09:00,-0.08380432271565041
2018-09-07 17:12:00,-0.06340717638795468
2018-09-07 17:15:00,0.033760522789293645
2018-09-07 17:18:00,0.10742465136758028
2018-09-07 17:21:00,0.09522781773404176
2018-09-07 17:24:00,0.09277583246341692
2018-09-07 17:27:00,0.16840260813444274
2018-09-07 17:30:00,0.22720316195994883
2018-09-07 17:33:00,0.26220153304052474
2018-09-07 17:36:00,0.3566021397994632
2018-09-07 17:39:00,0.39756160407495145
2018-09-07 17:42:00,0.2390004816377882
2018-09-07 17:45:00,0.21499119442694337
2018-09-07 17:48:00,0.3992723730220291
2018-09-07 17:51:00,0.38765393747416965
2018-09-07 17:54:00,0.39001898522991496
2018-09-07 17:57:00,0.3441494847688773
2018-09-07 18:00:00,0.23060728643520179
2018-09-07 18:03:00,0.12601866063732814
2018-09-07 18:06:00,0.31539221781468996
2018-09-07 18:09:00,0.2099443441181279
2018-09-07 18:12:00,0.07905074878192409
2018-09-07 18:15:00,0.10715266761513931
2018-09-07 18:18:00,-0.009899458548318307
2018-09-07 18:21:00,-0.06900451011125597
2018-09-07 18:24:00,-0.09177001301873133
2018-09-07 18:27:00,-0.04486848049270975
2018-09-07 18:30:00,-0.052384111545279666
2018-09-07 18:33:00,-0.1450238087407456
2018-09-07 18:36:00,0.058270578061978995
2018-09-07 18:39:00,-0.12337099044560773
2018-09-07 18:42:00,-0.05248459385359183
2018-09-07 18:45:00,-0.07892147858666476
2018-09-07 18:48:00,-0.06458084576900092
2018-09-07 18:51:00,-0.09881182984753423
2018-09-07 18:54:00,
2018-09-07 18:57:00,
2018-09-07 19:00:00,
2018-09-07 19:03:00,0.09252636949673843
2018-09-07 19:06:00,-0.02551978590361159
2018-09-07 19:09:00,-0.005339009593853916
2018-09-07 19:12:00,-0.06535776014612793
2018-09-07 19:15:00,-0.14268421296725364
2018-09-07 19:18:00,-0.03973230625342694
2018-09-07 19:21:00,-0.09128602205896641
2018-09-07 19:24:00,0.006423830125299901
2018-09-07 19:27:00,0.02601954189361777
2018-09-07 19:30:00,0.15582967184246854
2018-09-07 19:33:00,0.029604690080191176
2018-09-07 19:36:00,0.0875116059399943
2018-09-07 19:39:00,0.07730897304162454
2018-09-07 19:42:00,0.07048021201114807
2018-09-07 19:45:00,0.03459888027373381
2018-09-07 19:48:00,-0.12680320524742683
2018-09-07 19:51:00,-0.03256251813598965
2018-09-07 19:54:00,-0.008280906485993
2018-09-07 19:57:00,0.0742297037301114
2018-09-07 20:00:00,0.20067698899191555
2018-09-07 20:03:00,0.3457975237906794
2018-09-07 20:06:00,0.4084298097251349
2018-09-07 20:09:00,0.3144867193873324
2018-09-07 20:12:00,0.19054791141456917
2018-09-07 20:15:00,0.2354192178289054
2018-09-07 20:18:00,0.27441311148288605
2018-09-07 20:21:00,0.3346835669885877
2018-09-07 20:24:00,0.15924137803756366
2018-09-07 20:27:00,0.097407352237326
2018-09-07 20:30:00,0.14510806209960947
2018-09-07 20:33:00,0.19078634560526098
2018-09-07 20:36:00,0.1407122667996532
2018-09-07 20:39:00,0.15963779636393838
2018-09-07 20:42:00,0.16918629001372665
2018-09-07 20:45:00,0.21698581880554002
2018-09-07 20:48:00,0.21207490652204797
2018-09-07 20:51:00,0.08717149572896687
2018-09-07 20:54:00,0.1429486694244133
2018-09-07 20:57:00,0.07061446944328509
2018-09-07 21:00:00,0.14774823225684486
2018-09-07 21:03:00,0.32839727339660385
2018-09-07 21:06:00,0.15356777451137305
2018-09-07 21:09:00,0.18592428729294852
2018-09-07 21:12:00,0.17979017429001942
2018-09-07 21:15:00,0.17028585247237515
2018-09-07 21:18:00,0.24213429913368145
2018-09-07 21:21:00,0.33437328705878144
2018-09-07 21:24:00,0.48454324620587386
2018-09-07 21:27:00,0.6769617081287151
2018-09-07 21:30:00,0.5998621570446403
2018-09-07 21:33:00,0.6362473267541873
2018-09-07 21:36:00,0.7669411542483431
2018-09-07 21:39:00,0.7505493189414665
2018-09-07 21:42:00,0.743039641278358
2018-09-07 21:45:00,0.3845426666358662
2018-09-07 21:48:00,0.13954933937719716
2018-09-07 21:51:00,0.20309727580269055
2018-09-07 21:54:00,0.316522645180612
2018-09-07 21:57:00,0.22884681049401934
2018-09-07 22:00:00,0.364899086378216
2018-09-07 22:03:00,0.37357424951761686
2018-09-07 22:06:00,0.4035867924143872
2018-09-07 22:09:00,0.36631692817462636
2018-09-07 22:12:00,0.3032447389068693
2018-09-07 22:15:00,0.3237339008761069
2018-09-07 22:18:00,0.4341184818729289
2018-09-07 22:21:00,0.4511193255852959
2018-09-07 22:24:00,0.44672001445439946
2018-09-07 22:27:00,0.478301779394144
2018-09-07 22:30:00,0.6276101852058673
2018-09-07 22:33:00,0.48280185957150934
2018-09-07 22:36:00,0.5807138171974771
2018-09-07 22:39:00,0.5266597061274183
2018-09-07 22:42:00,0.6044173143361036
2018-09-07 22:45:00,0.7059866614140446
2018-09-07 22:48:00,0.7313419473457543
2018-09-07 22:51:00,0.6978570142798617
2018-09-07 22:54:00,0.43476496907072715
2018-09-07 22:57:00,0.44998065317560076
2018-09-07 23:00:00,0.35771414993746475
2018-09-07 23:03:00,0.4854990242384929
2018-09-07 23:06:00,0.32851954131217553
2018-09-07 23:09:00,0.3056401983571959
2018-09-07 23:12:00,0.2742631440172545
2018-09-07 23:15:00,0.23758181035884718
2018-09-07 23:18:00,0.3255147524985773
2018-09-07 23:21:00,0.3504305689008902
2018-09-07 23:24:00,0.3156754363227492
2018-09-07 23:27:00,0.25886960969245365
2018-09-07 23:30:00,0.22127746833189121
2018-09-07 23:33:00,0.2744304252267966
2018-09-07 23:36:00,0.24628126324034838
2018-09-07 23:39:00,0.20826548887799845
2018-09-07 23:42:00,0.181247551888589
2018-09-07 23:45:00,0.27095498741078927
2018-09-07 23:48:00,0.2867977372684436
2018-09-07 23:51:00,0.3229334973538016
2018-09-07 23:54:00,0.35042860272767484
2018-09-07 23:57:00,0.24637923086470437
2018-09-08 00:00:00,0.2912980918877679
2018-09-08 00:03:00,0.30929668265150667
2018-09-08 00:06:00,0.3762944239201147
2018-09-08 00:09:00,0.3039191581418663
2018-09-08 00:12:00,0.2464608569723623
2018-09-08 00:15:00,0.2915150660090262
2018-09-08 00:18:00,0.3344807301676269
2018-09-08 00:21:00,0.32705886669964457
2018-09-08 00:24:00,0.34671584220296836
2018-09-08 00:27:00,0.3828616509879339
2018-09-08 00:30:00,0.26119993578834055
2018-09-08 00:33:00,0.2795399109418213
2018-09-08 00:36:00,0.2641956980677378
2018-09-08 00:39:00,0.3147181780998949
2018-09-08 00:42:00,0.5054276644935953
2018-09-08 00:45:00,0.38225980795044734
2018-09-08 00:48:00,0.38891917503860896
2018-09-08 00:51:00,0.6337198773013597
2018-09-08 00:54:00,0.4616008825419158
2018-09-08 00:57:00,0.549139241075352
2018-09-08 01:00:00,0.5343946892191411
2018-09-08 01:03:00,0.4845731747946047
2018-09-08 01:06:00,0.46212096523902346
2018-09-08 01:09:00,0.5388288434949118
2018-09-08 01:12:00,0.47220531058417237
2018-09-08 01:15:00,0.49928493174121513
2018-09-08 01:18:00,0.574635441421151
2018-09-08 01:21:00,0.5140699715553296
2018-09-08 01:24:00,0.5449284759308171
2018-09-08 01:27:00,0.4276585789788214
2018-09-08 01:30:00,0.37386887979192807
2018-09-08 01:33:00,0.5240271543135577
2018-09-08 01:36:00,0.4612167723585685
2018-09-08 01:39:00,0.5010622234349853
2018-09-08 01:42:00,0.44773448115506653
2018-09-08 01:45:00,0.4791277606162794
2018-09-08 01:48:00,0.3905132636505755
2018-09-08 01:51:00,0.42507538969147163
2018-09-08 01:54:00,0.42443556637323354
2018-09-08 01:57:00,0.4553234160949273
2018-09-08 02:00:00,0.40210348887222835
2018-09-08 02:03:00,0.4215730139267748
2018-09-08 02:06:00,0.531849870035046
2018-09-08 02:09:00,0.6796629803851033
2018-09-08 02:12:00,0.6657333366929379
2018-09-08 02:15:00,0.5061037648213755
2018-09-08 02:18:00,0.5256271170326272
2018-09-08 02:21:00,0.5504526526193558
2018-09-08 02:24:00,0.5892716701107474
2018-09-08 02:27:00,0.49807371679213475
2018-09-08 02:30:00,0.4248507803129655
2018-09-08 02:33:00,0.4429561409894518
2018-09-08 02:36:00,0.4756620380118193
2018-09-08 02:39:00,0.43537049025621855
2018-09-08 02:42:00,0.38361355095923955
2018-09-08 02:45:00,0.36913244435146453
2018-09-08 02:48:00,0.4273929628404858
2018-09-08 02:51:00,0.34246214075159287
2018-09-08 02:54:00,0.49285248707877827
2018-09-08 02:57:00,0.45820852864113704
2018-09-08 03:00:00,0.5657490027676317
2018-09-08 03:03:00,0.6619456061795859
2018-09-08 03:06:00,0.76643138156021
2018-09-08 03:09:00,0.4488569565360194
2018-09-08 03:12:00,0.42078536264705235
2018-09-08 03:15:00,0.45727588335512337
2018-09-08 03:18:00,0.3407232652206176
2018-09-08 03:21:00,0.2987036212617227
2018-09-08 03:24:00,0.2994523145719086
2018-09-08 03:27:00,0.3681226005509757
2018-09-08 03:30:00,0.3553049449186574
2018-09-08 03:33:00,0.4443473212532467
2018-09-08 03:36:00,0.3397070564315072
2018-09-08 03:39:00,0.3570602502578595
2018-09-08 03:42:00,0.33177310441647023
2018-09-08 03:45:00,0.38947120441338257
2018-09-08 03:48:00,0.3284920036924177
2018-09-08 03:51:00,0.4226989881006489
2018-09-08 03:54:00,0.5258059168246518
2018-09-08 03:57:00,0.4414738645287457
2018-09-08 04:00:00,0.47446852636301173
2018-09-08 04:03:00,0.49273489086181144
2018-09-08 04:06:00,0.3541361448367297
2018-09-08 04:09:00,0.37407063372859284
2018-09-08 04:12:00,0.42632391770422373
2018-09-08 04:15:00,0.39884092445021224
2018-09-08 04:18:00,0.40442777024344423
2018-09-08 04:21:00,0.3689162343852104
2018-09-08 04:24:00,0.32926974199375536
2018-09-08 04:27:00,0.38191112764445734
2018-09-08 04:30:00,0.29617822442196484
2018-09-08 04:33:00,0.3807078335605638
2018-09-08 04:36:00,0.34425880493705563
2018-09-08 04:39:00,0.411427205377322
2018-09-08 04:42:00,0.32249508199419097
2018-09-08 04:45:00,0.2349393603061003
2018-09-08 04:48:00,0.3255414308804916
2018-09-08 04:51:00,0.3695921009168046
2018-09-08 04:54:00,0.2742202734291368
2018-09-08 04:57:00,0.34367421646521734
2018-09-08 05:00:00,0.3108867122646757
2018-09-08 05:03:00,0.37245738685237484
2018-09-08 05:06:00,0.323080859544973
2018-09-08 05:09:00,0.3233491354411626
2018-09-08 05:12:00,0.32584252542034164
2018-09-08 05:15:00,0.3480774648968463
2018-09-08 05:18:00,0.3983582039673479
2018-09-08 05:21:00,0.28576809539970327
2018-09-08 05:24:00,0.3884358631518694
2018-09-08 05:27:00,0.30687183072728885
2018-09-08 05:30:00,0.3893303177387679
2018-09-08 05:33:00,0.28488925602152904
2018-09-08 05:36:00,0.2879951505248073
2018-09-08 05:39:00,0.23765711243754595
2018-09-08 05:42:00,0.2665608861075839
2018-09-08 05:45:00,0.3076326464296244
2018-09-08 05:48:00,0.23822996045794298
2018-09-08 05:51:00,0.3559188101183395
2018-09-08 05:54:00,0.310801424587396
2018-09-08 05:57:00,0.3756211475081841
2018-09-08 06:00:00,0.2972949416088113
2018-09-08 06:03:00,0.4149055433065314
2018-09-08 06:06:00,0.27040114695205375
2018-09-08 06:09:00,0.4148535266396607
2018-09-08 06:12:00,0.3293776571241551
2018-09-08 06:15:00,0.4032559228724608
2018-09-08 06:18:00,0.4428949207848518
2018-09-08 06:21:00,0.4605402156502123
2018-09-08 06:24:00,0.4640070162612915
2018-09-08 06:27:00,0.5180264487706836
2018-09-08 06:30:00,0.5273966215611381
2018-09-08 06:33:00,0.41159673461100965
2018-09-08 06:36:00,0.5825467119552172
2018-09-08 06:39:00,0.5545559361235064
2018-09-08 06:42:00,0.47674509883393057
2018-09-08 06:45:00,0.37206748809012424
2018-09-08 06:48:00,0.44813976757114915
2018-09-08 06:51:00,0.44875880188277506
2018-09-08 06:54:00,0.41053234099484825
2018-09-08 06:57:00,0.37818198323282104
2018-09-08 07:00:00,0.3194885072857119
2018-09-08 07:03:00,0.2896037334379571
2018-09-08 07:06:00,0.40543746901738587
2018-09-08 07:09:00,0.28865352104492104
2018-09-08 07:12:00,0.3652022272907516
2018-09-08 07:15:00,0.2300869586587737
2018-09-08 07:18:00,0.2938881348543987
2018-09-08 07:21:00,0.3053521138771771
2018-09-08 07:24:00,0.33339516801055424
2018-09-08 07:27:00,0.3168068164196143
2018-09-08 07:30:00,0.2390287805658886
2018-09-08 07:33:00,0.21865977294447703
2018-09-08 07:36:00,0.39728230168140044
2018-09-08 07:39:00,0.3398513872394915
2018-09-08 07:42:00,0.2837040146389427
2018-09-08 07:45:00,0.3436463162713608
2018-09-08 07:48:00,0.3298601476784597
2018-09-08 07:51:00,0.4030233201324904
2018-09-08 07:54:00,0.3244360598918661
2018-09-08 07:57:00,0.2510315158992853
2018-09-08 08:00:00,0.38440737333763764
2018-09-08 08:03:00,0.2682198085238383
2018-09-08 08:06:00,0.3374078748848319
2018-09-08 08:09:00,0.4291498108064502
2018-09-08 08:12:00,0.24274205276856264
2018-09-08 08:15:00,0.28086981205342454
2018-09-08 08:18:00,0.15798972962187463
2018-09-08 08:21:00,0.20854595957450783
2018-09-08 08:24:00,0.22489767267398975
2018-09-08 08:27:00,0.10905249018532004
2018-09-08 08:30:00,0.1944024730751721
2018-09-08 08:33:00,0.21304405700516327
2018-09-08 08:36:00,0.2957778022263824
2018-09-08 08:39:00,0.25751001121619765
2018-09-08 08:42:00,0.1548563620195864
2018-09-08 08:45:00,0.2091649677388432
2018-09-08 08:48:00,0.22864555973609413
2018-09-08 08:51:00,0.22236997194778496
2018-09-08 08:54:00,0.13698399894002478
2018-09-08 08:57:00,0.20770833409602574
2018-09-08 09:00:00,0.14136791383111813
2018-09-08 09:03:00,0.06892726637101987
2018-09-08 09:06:00,0.14239861152464073
2018-09-08 09:09:00,0.1844499015825818
2018-09-08 09:12:00,0.052472078317634896
2018-09-08 09:15:00,0.13439757154918652
2018-09-08 09:18:00,0.0439111131609593
2018-09-08 09:21:00,0.14804217341486492
2018-09-08 09:24:00,0.07608272422925211
2018-09-08 09:27:00,0.1635015200347425
2018-09-08 09:30:00,0.19129051628192428
2018-09-08 09:33:00,-0.06131713314175613
2018-09-08 09:36:00,0.1193148867521927
2018-09-08 09:39:00,0.09830411866465738
2018-09-08 09:42:00,0.09276421901364529
2018-09-08 09:45:00,0.0968880806518655
2018-09-08 09:48:00,0.10155078613667001
2018-09-08 09:51:00,0.09422220500385947
2018-09-08 09:54:00,0.08493539495299274
2018-09-08 09:57:00,0.09828473330679799
2018-09-08 10:00:00,0.020171084492176306
2018-09-08 10:03:00,0.02667978524038972
2018-09-08 10:06:00,-0.07819203634807081
2018-09-08 10:09:00,0.006264131965679098
2018-09-08 10:12:00,0.014997282818740132
2018-09-08 10:15:00,0.04486795262550913
2018-09-08 10:18:00,0.10208800273710494
2018-09-08 10:21:00,-0.06302638142943806
2018-09-08 10:24:00,0.1014348989778
2018-09-08 10:27:00,-0.008834545940544558
2018-09-08 10:30:00,0.07681959236128932
2018-09-08 10:33:00,-0.028933730686901526
2018-09-08 10:36:00,0.006256783841877223
2018-09-08 10:39:00,0.021362058348984192
2018-09-08 10:42:00,-0.030867700714679813
2018-09-08 10:45:00,-0.0338480395034253
2018-09-08 10:48:00,-0.07521057202785641
2018-09-08 10:51:00,-0.12282840148446894
2018-09-08 10:54:00,-0.13264953782856992
2018-09-08 10:57:00,-0.12738661985304134
2018-09-08 11:00:00,-0.06648651656774973
2018-09-08 11:03:00,0.06099824625181327
2018-09-08 11:06:00,-0.10537335088372402
2018-09-08 11:09:00,0.014839240814467303
2018-09-08 11:12:00,-0.16052125217532875
2018-09-08 11:15:00,-0.2683762836087453
2018-09-08 11:18:00,-0.11594885786075793
2018-09-08 11:21:00,-0.1329290904827758
2018-09-08 11:24:00,-0.14270103043759264
2018-09-08 11:27:00,-0.12724035191098437
2018-09-08 11:30:00,-0.19241573697519243
2018-09-08 11:33:00,-0.19636188279753242
2018-09-08 11:36:00,-0.24085139017557822
2018-09-08 11:39:00,-0.29268960308536407
2018-09-08 11:42:00,-0.2396320855381191
2018-09-08 11:45:00,-0.19383829266769226
2018-09-08 11:48:00,0.048536768589485746
2018-09-08 11:51:00,0.05588877980193274
2018-09-08 11:54:00,-0.033639941463718515
2018-09-08 11:57:00,0.2635082671976079
2018-09-08 12:00:00,0.28232324772824313
2018-09-08 12:03:00,-0.2391558089674959
2018-09-08 12:06:00,-0.3737074546413055
2018-09-08 12:09:00,-0.351624816828064
2018-09-08 12:12:00,-0.27551592796294244
2018-09-08 12:15:00,-0.29562593118538416
2018-09-08 12:18:00,-0.2322378105574785
2018-09-08 12:21:00,-0.3813434787206802
2018-09-08 12:24:00,-0.33322191260953105
2018-09-08 12:27:00,-0.3453301158182285
2018-09-08 12:30:00,-0.33570149797662907
2018-09-08 12:33:00,-0.36182672756535794
2018-09-08 12:36:00,-0.41923799356254676
2018-09-08 12:39:00,-0.2863944044588038
2018-09-08 12:42:00,-0.29567070352572955
2018-09-08 12:45:00,-0.3380235647360905
2018-09-08 12:48:00,-0.39340435650882455
2018-09-08 12:51:00,-0.4535130161426082
2018-09-08 12:54:00,-0.401655073587051
2018-09-08 12:57:00,-0.40355957813528676
2018-09-08 13:00:00,-0.457281875618321
2018-09-08 13:03:00,-0.4304604819555493
2018-09-08 13:06:00,-0.2991597292565302
2018-09-08 13:09:00,-0.17790733703947126
2018-09-08 13:12:00,-0.1863957105114764
2018-09-08 13:15:00,-0.2669352266040619
2018-09-08 13:18:00,-0.21356961088980597
2018-09-08 13:21:00,-0.31183860670398644
2018-09-08 13:24:00,-0.33508616943851166
2018-09-08 13:27:00,-0.2590863456427428
2018-09-08 13:30:00,-0.2647778306250075
2018-09-08 13:33:00,-0.306062398085146
2018-09-08 13:36:00,-0.39000394420918383
2018-09-08 13:39:00,-0.3049632594474474
2018-09-08 13:42:00,-0.36370431145849125
2018-09-08 13:45:00,-0.22902590543719725
2018-09-08 13:48:00,-0.1388197694687392
2018-09-08 13:51:00,-0.11002539750882079
2018-09-08 13:54:00,-0.19787522819694914
2018-09-08 13:57:00,-0.09859547563627302
2018-09-08 14:00:00,-0.10423702015532399
2018-09-08 14:03:00,-0.3620524701730119
2018-09-08 14:06:00,-0.3327567829254008
2018-09-08 14:09:00,-0.4811231493914079
2018-09-08 14:12:00,-0.50304768019231
2018-09-08 14:15:00,-0.3959487138989175
2018-09-08 14:18:00,-0.49852316415393716
2018-09-08 14:21:00,-0.4075931408870588
2018-09-08 14:24:00,-0.44910429434514754
2018-09-08 14:27:00,-0.48465215923101823
2018-09-08 14:30:00,-0.3833169890837098
2018-09-08 14:33:00,-0.3760489241372511
2018-09-08 14:36:00,-0.3845130960217489
2018-09-08 14:39:00,-0.3389717664483669
2018-09-08 14:42:00,-0.32942252348971124
2018-09-08 14:45:00,-0.42665271025794027
2018-09-08 14:48:00,-0.4695792485650827
2018-09-08 14:51:00,-0.4058361743962564
2018-09-08 14:54:00,-0.35251735738967227
2018-09-08 14:57:00,-0.3978952297431988
2018-09-08 15:00:00,-0.40835563508488804
2018-09-08 15:03:00,-0.36991600621900034
2018-09-08 15:06:00,-0.3164955241936127
2018-09-08 15:09:00,-0.37696247993306997
2018-09-08 15:12:00,-0.4246589414729556
2018-09-08 15:15:00,-0.3437257787843464
2018-09-08 15:18:00,-0.3809364510413502
2018-09-08 15:21:00,-0.39245910068200374
2018-09-08 15:24:00,-0.3425876371469485
2018-09-08 15:27:00,-0.43690087653851606
2018-09-08 15:30:00,-0.41697448679400395
2018-09-08 15:33:00,-0.46066236386792525
2018-09-08 15:36:00,-0.45392238954923414
2018-09-08 15:39:00,-0.45946774132852397
2018-09-08 15:42:00,-0.42704283390293085
2018-09-08 15:45:00,-0.5700758081634376
2018-09-08 15:48:00,-0.57084848679159
2018-09-08 15:51:00,-0.46431773133747356
2018-09-08 15:54:00,-0.5060112015957543
2018-09-08 15:57:00,-0.6105052530677995
2018-09-08 16:00:00,-0.6582485527224549
2018-09-08 16:03:00,-0.6546525277186106
2018-09-08 16:06:00,-0.5965612374481566
2018-09-08 16:09:00,-0.5036809607001373
2018-09-08 16:12:00,-0.5832141014811896
2018-09-08 16:15:00,-0.5293454651000502
2018-09-08 16:18:00,-0.5260861220982065
2018-09-08 16:21:00,-0.6257891162647411
2018-09-08 16:24:00,-0.5468027661221981
2018-09-08 16:27:00,-0.592705813078851
2018-09-08 16:30:00,-0.53081460173496
2018-09-08 16:33:00,-0.4483736760093393
2018-09-08 16:36:00,-0.5117255606025424
2018-09-08 16:39:00,-0.5524892142495332
2018-09-08 16:42:00,-0.5586489769029868
2018-09-08 16:45:00,-0.44227573967083345
2018-09-08 16:48:00,-0.43594233342406596
2018-09-08 16:51:00,-0.5412073771133237
2018-09-08 16:54:00,-0.44598585777890776
2018-09-08 16:57:00,-0.5591060135666908
2018-09-08 17:00:00,-0.5353622492733621
2018-09-08 17:03:00,-0.4816662678402963
2018-09-08 17:06:00,-0.5870651034032335
2018-09-08 17:09:00,-0.5345040171519599
2018-09-08 17:12:00,-0.49077790784099307
2018-09-08 17:15:00,-0.5394796701110067
2018-09-08 17:18:00,-0.5723255070674327
2018-09-08 17:21:00,-0.4848545375672302
2018-09-08 17:24:00,-0.4861055078598042
2018-09-08 17:27:00,-0.4934350784993171
2018-09-08 17:30:00,-0.4696410998382703
2018-09-08 17:33:00,-0.49090046446008273
2018-09-08 17:36:00,-0.5186124037514332
2018-09-08 17:39:00,-0.47381237704962587
2018-09-08 17:42:00,-0.5395923260572317
2018-09-08 17:45:00,-0.4480649350188628
2018-09-08 17:48:00,-0.4513832946597631
2018-09-08 17:51:00,-0.4131012422091658
2018-09-08 17:54:00,-0.3054139101291753
2018-09-08 17:57:00,-0.4070618127972807
2018-09-08 18:00:00,-0.3427814651194012
2018-09-08 18:03:00,-0.34477889486026925
2018-09-08 18:06:00,-0.2728826778919142
2018-09-08 18:09:00,-0.2293174361721526
2018-09-08 18:12:00,-0.18322764630551092
2018-09-08 18:15:00,-0.2794064795077702
2018-09-08 18:18:00,-0.20275936891431456
2018-09-08 18:21:00,-0.234130479906014
2018-09-08 18:24:00,-0.2038230146451383
2018-09-08 18:27:00,-0.19625147550971178
2018-09-08 18:30:00,-0.19841189594342268
2018-09-08 18:33:00,-0.1825188317899915
2018-09-08 18:36:00,-0.16303555450235763
2018-09-08 18:39:00,-0.2116164706304744
2018-09-08 18:42:00,-0.14102583720426765
2018-09-08 18:45:00,-0.20252658686570157
2018-09-08 18:48:00,-0.17498263763002342
2018-09-08 18:51:00,-0.20401351077305208
2018-09-08 18:54:00,
2018-09-08 18:57:00,
2018-09-08 19:00:00,
2018-09-08 19:03:00,-0.11892239349634792
2018-09-08 19:06:00,-0.2562365226455654
2018-09-08 19:09:00,-0.21129491878832596
2018-09-08 19:12:00,-0.20007393786391958
2018-09-08 19:15:00,-0.212398688542919
2018-09-08 19:18:00,-0.15741119999154307
2018-09-08 19:21:00,-0.08171849263572994
2018-09-08 19:24:00,-0.17954515987776176
2018-09-08 19:27:00,-0.1107340210423331
2018-09-08 19:30:00,-0.12424182056497557
2018-09-08 19:33:00,-0.06641093213869453
2018-09-08 19:36:00,-0.15567309234205595
2018-09-08 19:39:00,-0.0640475289945357
2018-09-08 19:42:00,-0.06944631416200764
2018-09-08 19:45:00,0.0006218395608357241
2018-09-08 19:48:00,-0.04733991900059209
2018-09-08 19:51:00,-0.07003433057843722
2018-09-08 19:54:00,-0.09860040474410425
2018-09-08 19:57:00,-0.003967532095145998
2018-09-08 20:00:00,-0.059253389400112155
2018-09-08 20:03:00,-0.039639389169337846
2018-09-08 20:06:00,-0.042895879139393855
2018-09-08 20:09:00,-0.07144494077010677
2018-09-08 20:12:00,0.008907274586533731
2018-09-08 20:15:00,-0.03895002173192097
2018-09-08 20:18:00,-0.0035067060945834783
2018-09-08 20:21:00,-0.1484156508309411
2018-09-08 20:24:00,-0.07616642740362067
2018-09-08 20:27:00,-0.07471607120464796
2018-09-08 20:30:00,-0.005434342795297198
2018-09-08 20:33:00,-0.0545195128938758
2018-09-08 20:36:00,0.09114602485192336
2018-09-08 20:39:00,0.044030054410995945
2018-09-08 20:42:00,0.008506304538286713
2018-09-08 20:45:00,-0.05155282810113704
2018-09-08 20:48:00,0.06123853551531511
2018-09-08 20:51:00,-0.020200816214980932
2018-09-08 20:54:00,-0.1851479815343282
2018-09-08 20:57:00,0.01544833147221425
2018-09-08 21:00:00,-0.011640164007076237
2018-09-08 21:03:00,0.09769737298648806
2018-09-08 21:06:00,0.02485785965643572
2018-09-08 21:09:00,0.07778218578374663
2018-09-08 21:12:00,0.09817147270598525
2018-09-08 21:15:00,0.006755082263907752
2018-09-08 21:18:00,0.02100971100537663
2018-09-08 21:21:00,0.00948496919960462
2018-09-08 21:24:00,0.05917196331864716
2018-09-08 21:27:00,0.02346588449529463
2018-09-08 21:30:00,-0.017429052753982432
2018-09-08 21:33:00,0.007080365899810204
2018-09-08 21:36:00,0.11823878520044673
2018-09-08 21:39:00,0.05688704735638339
2018-09-08 21:42:00,-0.03896813069871996
2018-09-08 21:45:00,0.0010599265162909433
2018-09-08 21:48:00,-0.10292467114146575
2018-09-08 21:51:00,-0.0013968745723786924
2018-09-08 21:54:00,0.003722997866816513
2018-09-08 21:57:00,0.03352246074359755
2018-09-08 22:00:00,-0.03571960197172075
2018-09-08 22:03:00,-0.019275005567749304
2018-09-08 22:06:00,0.00161678635942053
2018-09-08 22:09:00,0.051205247383109054
2018-09-08 22:12:00,0.11588315413706596
2018-09-08 22:15:00,-0.019539141284042216
2018-09-08 22:18:00,0.01710354227662947
2018-09-08 22:21:00,0.05125483777499085
2018-09-08 22:24:00,0.07888089010754129
2018-09-08 22:27:00,0.02095097588517092
2018-09-08 22:30:00,0.05262728891995039
2018-09-08 22:33:00,-0.003985210093446767
2018-09-08 22:36:00,0.071152404235022
2018-09-08 22:39:00,-0.03208286968987295
2018-09-08 22:42:00,0.03243687687245256
2018-09-08 22:45:00,-0.02842253703067854
2018-09-08 22:48:00,0.021931675465111766
2018-09-08 22:51:00,-0.0928232735157053
2018-09-08 22:54:00,-0.025947148503234985
2018-09-08 22:57:00,-0.0018459934174188675
2018-09-08 23:00:00,-0.030775210887838966
2018-09-08 23:03:00,0.019627097127681736
2018-09-08 23:06:00,-0.025900581760936348
2018-09-08 23:09:00,0.0051323408475241195
2018-09-08 23:12:00,-0.03636649007313508
2018-09-08 23:15:00,0.00440538303411131
2018-09-08 23:18:00,-0.0010333723370763437
2018-09-08 23:21:00,-0.04159800155730409
2018-09-08 23:24:00,0.047860560613173675
2018-09-08 23:27:00,0.06493565865110895
2018-09-08 23:30:00,0.05946639101807705
2018-09-08 23:33:00,0.04183240287568424
2018-09-08 23:36:00,-0.03337063723472511
2018-09-08 23:39:00,-0.01361255465155864
2018-09-08 23:42:00,0.019231333639595505
2018-09-08 23:45:00,-0.015739657210474434
2018-09-08 23:48:00,-0.010065057898145824
2018-09-08 23:51:00,0.11284186785042039
2018-09-08 23:54:00,-0.040816760215193426
2018-09-08 23:57:00,-0.00031925810952770917
2018-09-09 00:00:00,0.023540537860640143
2018-09-09 00:03:00,-0.004612943360200461
2018-09-09 00:06:00,0.005677556480179646
2018-09-09 00:09:00,-0.002100437568003599
2018-09-09 00:12:00,0.09101041277756394
2018-09-09 00:15:00,0.03244781010874931
2018-09-09 00:18:00,-0.08987651889913195
2018-09-09 00:21:00,-0.005432103721489057
2018-09-09 00:24:00,-0.01652735805038219
2018-09-09 00:27:00,0.050960134538797774
2018-09-09 00:30:00,0.010953939930914203
2018-09-09 00:33:00,0.011822614218374383
2018-09-09 00:36:00,0.03527651667269538
2018-09-09 00:39:00,0.12293285951614052
2018-09-09 00:42:00,0.048509960534602214
2018-09-09 00:45:00,0.07763173122975786
2018-09-09 00:48:00,0.03864659978705731
2018-09-09 00:51:00,0.004136546408403774
2018-09-09 00:54:00,-0.012017657474814314
2018-09-09 00:57:00,0.0424984941921025
2018-09-09 01:00:00,0.17269232806285117
2018-09-09 01:03:00,-0.005315524154525519
2018-09-09 01:06:00,-0.007898775698436111
2018-09-09 01:09:00,0.13054200848711162
2018-09-09 01:12:00,0.06350243689070112
2018-09-09 01:15:00,0.0440057723471341
2018-09-09 01:18:00,-0.034262248417121555
2018-09-09 01:21:00,0.06564416259402606
2018-09-09 01:24:00,0.03737372353441515
2018-09-09 01:27:00,-0.01709474337735628
2018-09-09 01:30:00,0.09773737460295706
2018-09-09 01:33:00,0.048871199085567696
2018-09-09 01:36:00,0.0879332025176609
2018-09-09 01:39:00,0.12235343739530435
2018-09-09 01:42:00,0.08353574298865851
2018-09-09 01:45:00,0.15155007551970812
2018-09-09 01:48:00,0.1407865935520931
2018-09-09 01:51:00,0.07344035320039666
2018-09-09 01:54:00,0.17166886318130992
2018-09-09 01:57:00,0.13922167398925467
2018-09-09 02:00:00,0.10849436171582738
2018-09-09 02:03:00,0.15245786775034276
2018-09-09 02:06:00,0.13532206062279784
2018-09-09 02:09:00,0.1676455030916486
2018-09-09 02:12:00,0.13789385199942217
2018-09-09 02:15:00,0.13699391219944346
2018-09-09 02:18:00,0.060183518772191746
2018-09-09 02:21:00,0.13730674946748422
2018-09-09 02:24:00,0.23216092006498457
2018-09-09 02:27:00,0.12117794098526247
2018-09-09 02:30:00,0.1273117984474652
2018-09-09 02:33:00,0.1484241346109343
2018-09-09 02:36:00,0.2468937802764799
2018-09-09 02:39:00,0.11491738702721932
2018-09-09 02:42:00,0.19259226251165273
2018-09-09 02:45:00,0.10738401973674172
2018-09-09 02:48:00,0.1988288142134138
2018-09-09 02:51:00,0.2575321547618614
2018-09-09 02:54:00,0.19802372832998572
2018-09-09 02:57:00,0.25335424289443154
2018-09-09 03:00:00,0.22263392643901625
2018-09-09 03:03:00,0.20431374365142574
2018-09-09 03:06:00,0.2205642331477975
2018-09-09 03:09:00,0.2099425976400653
2018-09-09 03:12:00,0.29165959382373785
2018-09-09 03:15:00,0.20906103317702218
2018-09-09 03:18:00,0.26977716128129714
2018-09-09 03:21:00,0.2211980680935426
2018-09-09 03:24:00,0.25007794616624324
2018-09-09 03:27:00,0.25405864943292045
2018-09-09 03:30:00,0.2697483186776708
2018-09-09 03:33:00,0.23375432753465475
2018-09-09 03:36:00,0.1806052087703165
2018-09-09 03:39:00,0.24345869151568422
2018-09-09 03:42:00,0.25942763601398156
2018-09-09 03:45:00,0.25820192206458614
2018-09-09 03:48:00,0.32087111408856117
2018-09-09 03:51:00,0.31825860917217597
2018-09-09 03:54:00,0.2895189443807453
2018-09-09 03:57:00,0.25742108476288195
2018-09-09 04:00:00,0.29865352002099144
2018-09-09 04:03:00,0.18900262339997198
2018-09-09 04:06:00,0.2345791980747549
2018-09-09 04:09:00,0.25668730048818134
2018-09-09 04:12:00,0.2941304381021155
2018-09-09 04:15:00,0.21479027192754074
2018-09-09 04:18:00,0.24454503046217724
2018-09-09 04:21:00,0.2514604225174253
2018-09-09 04:24:00,0.34666491629644725
2018-09-09 04:27:00,0.23246059253926887
2018-09-09 04:30:00,0.2967902757634988
2018-09-09 04:33:00,0.3094054442058223
2018-09-09 04:36:00,0.2568982408618581
2018-09-09 04:39:00,0.364345567095711
2018-09-09 04:42:00,0.1857537328597232
2018-09-09 04:45:00,0.32827898998988303
2018-09-09 04:48:00,0.21462362717221595
2018-09-09 04:51:00,0.2660704119709294
2018-09-09 04:54:00,0.27321473707252153
2018-09-09 04:57:00,0.1779615136320558
2018-09-09 05:00:00,0.24222803521365677
2018-09-09 05:03:00,0.13473105754047765
2018-09-09 05:06:00,0.1208763130031798
2018-09-09 05:09:00,0.1590292557785915
2018-09-09 05:12:00,0.19214428071978773
2018-09-09 05:15:00,0.1369865244853372
2018-09-09 05:18:00,0.32990377130130355
2018-09-09 05:21:00,0.19002717431101246
2018-09-09 05:24:00,0.16818807490591325
2018-09-09 05:27:00,0.1960140233109655
2018-09-09 05:30:00,0.2544529950513379
2018-09-09 05:33:00,0.1665396008632456
2018-09-09 05:36:00,0.11967197961416787
2018-09-09 05:39:00,0.2359236886957774
2018-09-09 05:42:00,0.15674377600669231
2018-09-09 05:45:00,0.18305954293413151
2018-09-09 05:48:00,0.17220074183967427
2018-09-09 05:51:00,0.184524229885767
2018-09-09 05:54:00,0.1822760963756309
2018-09-09 05:57:00,0.27927989646394735
2018-09-09 06:00:00,0.24227679998637086
2018-09-09 06:03:00,0.21757226082502257
2018-09-09 06:06:00,0.2756449268382539
2018-09-09 06:09:00,0.24924089091661017
2018-09-09 06:12:00,0.18824091605483773
2018-09-09 06:15:00,0.2408040018713109
2018-09-09 06:18:00,0.22179325432472297
2018-09-09 06:21:00,0.24302268386423975
2018-09-09 06:24:00,0.23154840030798596
2018-09-09 06:27:00,0.24217689865679404
2018-09-09 06:30:00,0.2832488950302263
2018-09-09 06:33:00,0.23781770004029568
2018-09-09 06:36:00,0.29317308015515664
2018-09-09 06:39:00,0.3055891667928563
2018-09-09 06:42:00,0.3840994856554971
2018-09-09 06:45:00,0.2801772882066871
2018-09-09 06:48:00,0.17273327470337563
2018-09-09 06:51:00,0.160198082422653
2018-09-09 06:54:00,0.25104780093283807
2018-09-09 06:57:00,0.27085677091878324
2018-09-09 07:00:00,0.23645527253279397
2018-09-09 07:03:00,0.2111694702292084
2018-09-09 07:06:00,0.2075274885838212
2018-09-09 07:09:00,0.19803652674988825
2018-09-09 07:12:00,0.12552564539583955
2018-09-09 07:15:00,0.19647997195880862
2018-09-09 07:18:00,0.12830577644166397
2018-09-09 07:21:00,0.10117350153194593
2018-09-09 07:24:00,0.10999676144768955
2018-09-09 07:27:00,0.1365391516355885
2018-09-09 07:30:00,0.0825372518300469
2018-09-09 07:33:00,0.20232225449251473
2018-09-09 07:36:00,0.10626214118536836
2018-09-09 07:39:00,0.20619174887087865
2018-09-09 07:42:00,0.12481874329932907
2018-09-09 07:45:00,0.17683763593618096
2018-09-09 07:48:00,0.13439440428550142
2018-09-09 07:51:00,0.1923120557009952
2018-09-09 07:54:00,0.21275245707107615
2018-09-09 07:57:00,0.2094682405437993
2018-09-09 08:00:00,0.12932005163622762
2018-09-09 08:03:00,0.1912351361546598
2018-09-09 08:06:00,0.14336098069242098
2018-09-09 08:09:00,0.1292956619398069
2018-09-09 08:12:00,0.05826370079046228
2018-09-09 08:15:00,0.16490166153198516
2018-09-09 08:18:00,0.09119099754320814
2018-09-09 08:21:00,0.04989907804235827
2018-09-09 08:24:00,0.07620935643922166
2018-09-09 08:27:00,0.11265261847131569
2018-09-09 08:30:00,0.11289947642802645
2018-09-09 08:33:00,0.17328476875684373
2018-09-09 08:36:00,0.17145649635978089
2018-09-09 08:39:00,0.09134594479655789
2018-09-09 08:42:00,0.11455967167881909
2018-09-09 08:45:00,0.05644759296308166
2018-09-09 08:48:00,0.10761852428794327
2018-09-09 08:51:00,0.03253590105771309
2018-09-09 08:54:00,0.13897010014886746
2018-09-09 08:57:00,0.09724934038661104
2018-09-09 09:00:00,0.04449728190604674
2018-09-09 09:03:00,0.08322090233104973
2018-09-09 09:06:00,0.06807314172357337
2018-09-09 09:09:00,0.0764921370220577
2018-09-09 09:12:00,0.02731361448786629
2018-09-09 09:15:00,-0.022252848889138477
2018-09-09 09:18:00,0.013510799059247347
2018-09-09 09:21:00,0.04151246506393136
2018-09-09 09:24:00,0.04327909489478543
2018-09-09 09:27:00,0.08150839342221161
2018-09-09 09:30:00,-0.011079754796810448
2018-09-09 09:33:00,0.060063871727436435
2018-09-09 09:36:00,0.08615837345104183
2018-09-09 09:39:00,0.015894451557812772
2018-09-09 09:42:00,0.026233437043572394
2018-09-09 09:45:00,0.02658098699561151
2018-09-09 09:48:00,0.10327732956460522
2018-09-09 09:51:00,-0.03254102233790945
2018-09-09 09:54:00,-0.045574217704484
2018-09-09 09:57:00,-0.006796381836693399
2018-09-09 10:00:00,-0.07000712180564506
2018-09-09 10:03:00,-0.04152546927889489
2018-09-09 10:06:00,-0.09723754112394545
2018-09-09 10:09:00,-0.047279352248779105
2018-09-09 10:12:00,-0.1705369168559514
2018-09-09 10:15:00,-0.13063134121978237
2018-09-09 10:18:00,-0.1317795970689417
2018-09-09 10:21:00,-0.206024037321356
2018-09-09 10:24:00,-0.22600750580278373
2018-09-09 10:27:00,-0.09118108924440094
2018-09-09 10:30:00,-0.1964475565218322
2018-09-09 10:33:00,-0.04319852925317491
2018-09-09 10:36:00,-0.30967525119132233
2018-09-09 10:39:00,-0.3324707429862883
2018-09-09 10:42:00,-0.22630466204651611
2018-09-09 10:45:00,-0.3028823725734924
2018-09-09 10:48:00,-0.23751980248374593
2018-09-09 10:51:00,-0.30142508613789687
2018-09-09 10:54:00,-0.2117374000343375
2018-09-09 10:57:00,-0.3471684535088002
2018-09-09 11:00:00,-0.4127132904490054
2018-09-09 11:03:00,-0.3974047428829408
2018-09-09 11:06:00,-0.34165136629280823
2018-09-09 11:09:00,-0.33569214732909813
2018-09-09 11:12:00,-0.2987879411027734
2018-09-09 11:15:00,-0.409042873145097
2018-09-09 11:18:00,-0.27171851359827315
2018-09-09 11:21:00,-0.2960804305217266
2018-09-09 11:24:00,-0.3324343280244193
2018-09-09 11:27:00,-0.37626818637482984
2018-09-09 11:30:00,-0.39192544859406553
2018-09-09 11:33:00,-0.30741215220308504
2018-09-09 11:36:00,-0.3147184512046124
2018-09-09 11:39:00,-0.412076335943766
2018-09-09 11:42:00,-0.38866834154987373
2018-09-09 11:45:00,-0.4630494932428064
2018-09-09 11:48:00,-0.3117192747134254
2018-09-09 11:51:00,-0.4072362977399848
2018-09-09 11:54:00,-0.37158163448816595
2018-09-09 11:57:00,-0.3361602464935345
2018-09-09 12:00:00,-0.5013799042840219
2018-09-09 12:03:00,-0.3561467898775845
2018-09-09 12:06:00,-0.4572066999908202
2018-09-09 12:09:00,-0.3598410588498382
2018-09-09 12:12:00,-0.3252488159718041
2018-09-09 12:15:00,-0.3478223857360945
2018-09-09 12:18:00,-0.25668175928433357
2018-09-09 12:21:00,-0.2514051457464461
2018-09-09 12:24:00,-0.4359255510725575
2018-09-09 12:27:00,-0.42792850731621
2018-09-09 12:30:00,-0.37372232045009923
2018-09-09 12:33:00,-0.43062494484877334
2018-09-09 12:36:00,-0.47611237796735395
2018-09-09 12:39:00,-0.32490845269001056
2018-09-09 12:42:00,-0.44661792070644424
2018-09-09 12:45:00,-0.39300026273826916
2018-09-09 12:48:00,-0.41816380446061885
2018-09-09 12:51:00,-0.5138398718100348
2018-09-09 12:54:00,-0.28623918329611797
2018-09-09 12:57:00,-0.44517830962843163
2018-09-09 13:00:00,-0.4215976230889851
2018-09-09 13:03:00,-0.42262886327119986
2018-09-09 13:06:00,-0.4699671961162153
2018-09-09 13:09:00,-0.5561295727294464
2018-09-09 13:12:00,-0.36564043763348764
2018-09-09 13:15:00,-0.29123858297015204
2018-09-09 13:18:00,-0.1867533906777794
2018-09-09 13:21:00,-0.2640286472872049
2018-09-09 13:24:00,-0.1660310485058858
2018-09-09 13:27:00,-0.363944155591696
2018-09-09 13:30:00,-0.3975688120885934
2018-09-09 13:33:00,-0.4549404092407485
2018-09-09 13:36:00,-0.4366368965249876
2018-09-09 13:39:00,-0.42459264492799775
2018-09-09 13:42:00,-0.4194373394184936
2018-09-09 13:45:00,-0.36147847754330087
2018-09-09 13:48:00,-0.2963240259730924
2018-09-09 13:51:00,-0.30118862964275195
2018-09-09 13:54:00,-0.21049630090743676
2018-09-09 13:57:00,-0.4685595132535809
2018-09-09 14:00:00,-0.5210274768097065
2018-09-09 14:03:00,-0.6274164392351054
2018-09-09 14:06:00,-0.47945485076462546
2018-09-09 14:09:00,-0.4173087456067037
2018-09-09 14:12:00,-0.32698985147993653
2018-09-09 14:15:00,-0.1701072098466625
2018-09-09 14:18:00,-0.1044703202483106
2018-09-09 14:21:00,-0.31943623718075287
2018-09-09 14:24:00,-0.30200812524407183
2018-09-09 14:27:00,-0.2692175703679709
2018-09-09 14:30:00,-0.3646446598870057
2018-09-09 14:33:00,-0.5708747273654922
2018-09-09 14:36:00,-0.4796074943143367
2018-09-09 14:39:00,-0.4478749688280459
2018-09-09 14:42:00,-0.4632438653012514
2018-09-09 14:45:00,-0.40230486971870505
2018-09-09 14:48:00,-0.4251172106151557
2018-09-09 14:51:00,-0.42631239989430014
2018-09-09 14:54:00,-0.40339295357557603
2018-09-09 14:57:00,-0.433256770762398
2018-09-09 15:00:00,-0.48015914436564344
2018-09-09 15:03:00,-0.4558896443384697
2018-09-09 15:06:00,-0.36175645402602186
2018-09-09 15:09:00,-0.44107452492812627
2018-09-09 15:12:00,-0.4941932133166347
2018-09-09 15:15:00,-0.49026242957489785
2018-09-09 15:18:00,-0.48711049909792337
2018-09-09 15:21:00,-0.3957696735672016
2018-09-09 15:24:00,-0.4060572605164907
2018-09-09 15:27:00,-0.49078572505629836
2018-09-09 15:30:00,-0.42219966828736233
2018-09-09 15:33:00,-0.423467417756342
2018-09-09 15:36:00,-0.47433166437855334
2018-09-09 15:39:00,-0.40712963531518653
2018-09-09 15:42:00,-0.32949674520057215
2018-09-09 15:45:00,-0.34830833637539627
2018-09-09 15:48:00,-0.35710208575972047
2018-09-09 15:51:00,-0.41211720438246857
2018-09-09 15:54:00,-0.3372805052483727
2018-09-09 15:57:00,-0.39861571134554197
2018-09-09 16:00:00,-0.5421929086704154
2018-09-09 16:03:00,-0.400182323886213
2018-09-09 16:06:00,-0.3795307948696518
2018-09-09 16:09:00,-0.3557574553022391
2018-09-09 16:12:00,-0.43013821983453226
2018-09-09 16:15:00,-0.3819491908918735
2018-09-09 16:18:00,-0.4246750525501284
2018-09-09 16:21:00,-0.37566650052536943
2018-09-09 16:24:00,-0.4139033296735306
2018-09-09 16:27:00,-0.42102057455622344
2018-09-09 16:30:00,-0.3727019514020071
2018-09-09 16:33:00,-0.4248593411243178
2018-09-09 16:36:00,-0.37779745812326837
2018-09-09 16:39:00,-0.3675563891605407
2018-09-09 16:42:00,-0.36189945808354196
2018-09-09 16:45:00,-0.4726958220699089
2018-09-09 16:48:00,-0.38055005055133506
2018-09-09 16:51:00,-0.4617317504481093
2018-09-09 16:54:00,-0.3411186970423046
2018-09-09 16:57:00,-0.4453349809942324
2018-09-09 17:00:00,-0.38591945788499515
2018-09-09 17:03:00,-0.3481349992746914
2018-09-09 17:06:00,-0.34048999273289837
2018-09-09 17:09:00,-0.3531557228361635
2018-09-09 17:12:00,-0.36521434046073864
2018-09-09 17:15:00,-0.3528233955524911
2018-09-09 17:18:00,-0.2954580452920368
2018-09-09 17:21:00,-0.3436101480389766
2018-09-09 17:24:00,-0.2530090310831383
2018-09-09 17:27:00,-0.2811415339017458
2018-09-09 17:30:00,-0.3292217832253641
2018-09-09 17:33:00,-0.17782167418232575
2018-09-09 17:36:00,-0.29360293518169556
2018-09-09 17:39:00,-0.20682611796360106
2018-09-09 17:42:00,-0.2861303202920453
2018-09-09 17:45:00,-0.23208086754726764
2018-09-09 17:48:00,-0.2353061325188719
2018-09-09 17:51:00,-0.05047489471070321
2018-09-09 17:54:00,-0.1387675616552997
2018-09-09 17:57:00,-0.16796036180056717
2018-09-09 18:00:00,-0.07187863886480272
2018-09-09 18:03:00,-0.10878502602429307
2018-09-09 18:06:00,-0.23738228471853517
2018-09-09 18:09:00,0.05458067959585833
2018-09-09 18:12:00,0.0632506096183647
2018-09-09 18:15:00,-0.028909614264875927
2018-09-09 18:18:00,0.07551912727996068
2018-09-09 18:21:00,0.1131550551136229
2018-09-09 18:24:00,0.02252560521714031
2018-09-09 18:27:00,-0.022685003377603152
2018-09-09 18:30:00,0.06025995579972232
2018-09-09 18:33:00,-0.0025520713280684504
2018-09-09 18:36:00,0.05029458724959568
2018-09-09 18:39:00,0.04173130956547766
2018-09-09 18:42:00,-0.0469441327778668
2018-09-09 18:45:00,-0.0954224385934026
2018-09-09 18:48:00,-0.04174373372831042
2018-09-09 18:51:00,-0.10871290930504074
2018-09-09 18:54:00,
2018-09-09 18:57:00,
2018-09-09 19:00:00,
2018-09-09 19:03:00,0.06452033615613573
2018-09-09 19:06:00,0.007113348806910835
2018-09-09 19:09:00,0.009959746513175105
2018-09-09 19:12:00,-0.02875580801560318
2018-09-09 19:15:00,-0.03138838504753494
2018-09-09 19:18:00,-0.04241317530699007
2018-09-09 19:21:00,-0.04499823533456038
2018-09-09 19:24:00,-0.09248811170937188
2018-09-09 19:27:00,0.08845836366884896
2018-09-09 19:30:00,-0.013552702716992826
2018-09-09 19:33:00,-0.013080277313008537
2018-09-09 19:36:00,-0.023570191228202475
2018-09-09 19:39:00,0.0661995242715534
2018-09-09 19:42:00,0.027680730695294642
2018-09-09 19:45:00,0.037230975096633756
2018-09-09 19:48:00,0.0046377192215913965
2018-09-09 19:51:00,-0.006296780553384451
2018-09-09 19:54:00,-0.02140881742872125
2018-09-09 19:57:00,0.050133655250590436
2018-09-09 20:00:00,0.091800180482835
2018-09-09 20:03:00,-0.04928164313122352
2018-09-09 20:06:00,0.058861561820492625
2018-09-09 20:09:00,0.016918567347033786
2018-09-09 20:12:00,0.046334689789205186
2018-09-09 20:15:00,0.12062183696519924
2018-09-09 20:18:00,0.05929742265590221
2018-09-09 20:21:00,-0.0027491516912618863
2018-09-09 20:24:00,0.10323433873617205
2018-09-09 20:27:00,0.12214364252218957
2018-09-09 20:30:00,0.09772297020731457
2018-09-09 20:33:00,0.10505554561041208
2018-09-09 20:36:00,0.13589572433721742
2018-09-09 20:39:00,0.0978719289502692
2018-09-09 20:42:00,0.08907335590464527
2018-09-09 20:45:00,0.19865786729201318
2018-09-09 20:48:00,0.18191546632846212
2018-09-09 20:51:00,0.15598106776366194
2018-09-09 20:54:00,0.028895709522998914
2018-09-09 20:57:00,-0.08979957982654696
2018-09-09 21:00:00,0.03464948625435227
2018-09-09 21:03:00,-0.119714996017251
2018-09-09 21:06:00,0.014996452463549304
2018-09-09 21:09:00,0.06914413519388063
2018-09-09 21:12:00,-0.10390576002026819
2018-09-09 21:15:00,0.04591839328770675
2018-09-09 21:18:00,0.15737770183363864
2018-09-09 21:21:00,-0.005955283047171633
2018-09-09 21:24:00,-0.01908358979494551
2018-09-09 21:27:00,-0.029845871598922713
2018-09-09 21:30:00,-0.006653382484273607
2018-09-09 21:33:00,-0.09302530865323888
2018-09-09 21:36:00,-0.04123422430467372
2018-09-09 21:39:00,-0.10856874584288789
2018-09-09 21:42:00,0.042474841739249314
2018-09-09 21:45:00,-0.0872591756515817
2018-09-09 21:48:00,-0.0446630582821399
2018-09-09 21:51:00,-0.046818801861718384
2018-09-09 21:54:00,-0.0268058190681586
2018-09-09 21:57:00,-0.0539804234570056
2018-09-09 22:00:00,0.031127349730923015
2018-09-09 22:03:00,0.004648186618055661
2018-09-09 22:06:00,0.08673051956895961
2018-09-09 22:09:00,-0.04039028026346614
2018-09-09 22:12:00,-0.03226590756952419
2018-09-09 22:15:00,-0.04092281173137735
2018-09-09 22:18:00,-0.037753516429688716
2018-09-09 22:21:00,-0.016845368556460016
2018-09-09 22:24:00,-0.025556608710701312
2018-09-09 22:27:00,-0.008013751766725363
2018-09-09 22:30:00,-0.01104991127726862
2018-09-09 22:33:00,-0.09370192422318269
2018-09-09 22:36:00,0.01415356774225529
2018-09-09 22:39:00,0.06502777579896701
2018-09-09 22:42:00,0.11485134710278544
2018-09-09 22:45:00,0.009689565523558485
2018-09-09 22:48:00,0.02173016443242659
2018-09-09 22:51:00,0.08148895584827187
2018-09-09 22:54:00,-0.07201313547346899
2018-09-09 22:57:00,0.06300103587972217
2018-09-09 23:00:00,8.957694018363327e-05
2018-09-09 23:03:00,-0.04779412474010769
2018-09-09 23:06:00,0.04440536568944253
2018-09-09 23:09:00,0.042597227931480575
2018-09-09 23:12:00,0.050043159296649264
2018-09-09 23:15:00,-0.008319101892880099
2018-09-09 23:18:00,0.01613414529089141
2018-09-09 23:21:00,-0.0065822627894362995
2018-09-09 23:24:00,-0.004031008736490094
2018-09-09 23:27:00,-0.03489145966017304
2018-09-09 23:30:00,0.016164594446593128
2018-09-09 23:33:00,0.02988228793020653
2018-09-09 23:36:00,-0.006131108256909101
2018-09-09 23:39:00,0.026563883990206705
2018-09-09 23:42:00,0.09926276270363132
2018-09-09 23:45:00,0.0653601624011344
2018-09-09 23:48:00,0.018044892588193306
2018-09-09 23:51:00,0.08994262912068507
2018-09-09 23:54:00,0.03651985686428816
2018-09-09 23:57:00,0.08682337241663163
2018-09-10 00:00:00,-0.021747676583288467
2018-09-10 00:03:00,0.04362785691512272
2018-09-10 00:06:00,0.01876467051442887
2018-09-10 00:09:00,0.024778137052010152
2018-09-10 00:12:00,-0.03198147203090684
2018-09-10 00:15:00,-0.00032220994768294986
2018-09-10 00:18:00,-0.04757774747469057
2018-09-10 00:21:00,-0.016155479009285045
2018-09-10 00:24:00,-0.011168041558164532
2018-09-10 00:27:00,-0.041775901724747655
2018-09-10 00:30:00,0.002278467320309119
2018-09-10 00:33:00,0.07166035188055275
2018-09-10 00:36:00,0.06340571539374196
2018-09-10 00:39:00,0.08687463277703955
2018-09-10 00:42:00,0.02911754807263378
2018-09-10 00:45:00,0.02420595090518418
2018-09-10 00:48:00,0.002477349426726505
2018-09-10 00:51:00,0.08568449984494464
2018-09-10 00:54:00,0.10852097835771701
2018-09-10 00:57:00,0.08765574647986796
2018-09-10 01:00:00,0.04821493444774205
2018-09-10 01:03:00,0.11511469702315935
2018-09-10 01:06:00,-0.0026398321552960624
2018-09-10 01:09:00,0.05186230134506786
2018-09-10 01:12:00,0.056651755721190966
2018-09-10 01:15:00,0.050682451504712844
2018-09-10 01:18:00,0.10768290461544439
2018-09-10 01:21:00,0.2009473434060851
2018-09-10 01:24:00,0.07684005539471173
2018-09-10 01:27:00,0.045586110479860054
2018-09-10 01:30:00,0.07998875085928603
2018-09-10 01:33:00,0.07951173015129598
2018-09-10 01:36:00,0.10609765022229567
2018-09-10 01:39:00,0.1494293953147121
2018-09-10 01:42:00,0.19776158511626818
2018-09-10 01:45:00,0.18324140133267974
2018-09-10 01:48:00,0.1974759726218167
2018-09-10 01:51:00,0.2063870759794213
2018-09-10 01:54:00,0.17889167279275853
2018-09-10 01:57:00,0.1377253061688748
2018-09-10 02:00:00,0.16119379229991182
2018-09-10 02:03:00,0.061210592790985174
2018-09-10 02:06:00,0.17343781475761944
2018-09-10 02:09:00,0.08087635222307199
2018-09-10 02:12:00,0.1086164517795396
2018-09-10 02:15:00,0.14196795463220724
2018-09-10 02:18:00,0.03633159996826407
2018-09-10 02:21:00,0.21014774629674093
2018-09-10 02:24:00,0.08607501206904544
2018-09-10 02:27:00,0.05762301407190762
2018-09-10 02:30:00,0.1756972070264169
2018-09-10 02:33:00,0.05776526724332598
2018-09-10 02:36:00,0.09146827812128322
2018-09-10 02:39:00,0.12804574154256443
2018-09-10 02:42:00,0.18219708784374689
2018-09-10 02:45:00,0.11459613032474181
2018-09-10 02:48:00,0.09257362781562506
2018-09-10 02:51:00,0.13207428538214572
2018-09-10 02:54:00,0.16088836414343177
2018-09-10 02:57:00,0.1953910584221603
2018-09-10 03:00:00,0.22033082739028487
2018-09-10 03:03:00,0.14097096795910602
2018-09-10 03:06:00,0.1554276622806583
2018-09-10 03:09:00,0.08065107340462419
2018-09-10 03:12:00,0.1821855565492001
2018-09-10 03:15:00,0.150203779099229
2018-09-10 03:18:00,0.17522151650086926
2018-09-10 03:21:00,0.14405288315901998
2018-09-10 03:24:00,0.14510300573255108
2018-09-10 03:27:00,0.15446834016086086
2018-09-10 03:30:00,0.07318817406303424
2018-09-10 03:33:00,0.10113985468814235
2018-09-10 03:36:00,0.06318711004354327
2018-09-10 03:39:00,0.17362800587568472
2018-09-10 03:42:00,0.10256225890475434
2018-09-10 03:45:00,0.2065504070596944
2018-09-10 03:48:00,0.19781886037236518
2018-09-10 03:51:00,0.2073358412041557
2018-09-10 03:54:00,0.2136295727314632
2018-09-10 03:57:00,0.19549406313274176
2018-09-10 04:00:00,0.196818257684356
2018-09-10 04:03:00,0.09091784346776421
2018-09-10 04:06:00,0.10183557039812285
2018-09-10 04:09:00,0.1095057152556933
2018-09-10 04:12:00,0.1681199020511599
2018-09-10 04:15:00,0.15603803219426027
2018-09-10 04:18:00,0.14025697616921207
2018-09-10 04:21:00,0.13442623321878955
2018-09-10 04:24:00,0.18382774633829513
2018-09-10 04:27:00,0.20874649543907253
2018-09-10 04:30:00,0.09297477240733087
2018-09-10 04:33:00,0.09341419755463676
2018-09-10 04:36:00,0.14442317450243536
2018-09-10 04:39:00,0.13386496069637133
2018-09-10 04:42:00,0.12975461446325198
2018-09-10 04:45:00,0.11770034294841025
2018-09-10 04:48:00,0.14752124688772028
2018-09-10 04:51:00,0.19153013199047564
2018-09-10 04:54:00,0.1800923079414929
2018-09-10 04:57:00,0.13573278651824694
2018-09-10 05:00:00,0.06242643440816664
2018-09-10 05:03:00,0.14187041785663723
2018-09-10 05:06:00,0.2048914983071768
2018-09-10 05:09:00,0.1819221332910388
2018-09-10 05:12:00,0.18146112174036944
2018-09-10 05:15:00,0.2370438204998777
2018-09-10 05:18:00,0.09926289674996269
2018-09-10 05:21:00,0.14498984878542842
2018-09-10 05:24:00,0.14617919729874984
2018-09-10 05:27:00,0.11071664711062112
2018-09-10 05:30:00,0.12705677626786382
2018-09-10 05:33:00,0.1531298500824505
2018-09-10 05:36:00,0.0703461748030918
2018-09-10 05:39:00,0.12215109314649908
2018-09-10 05:42:00,0.10105632390082064
2018-09-10 05:45:00,0.08950085225330895
2018-09-10 05:48:00,0.1589056280693626
2018-09-10 05:51:00,0.12686211104204403
2018-09-10 05:54:00,0.21063283698333635
2018-09-10 05:57:00,0.16363844238065894
2018-09-10 06:00:00,0.08669399253409438
2018-09-10 06:03:00,0.057949397509730716
2018-09-10 06:06:00,0.1056636447586925
2018-09-10 06:09:00,0.11418294595569023
2018-09-10 06:12:00,0.19155948598881878
2018-09-10 06:15:00,0.16071743863460597
2018-09-10 06:18:00,0.21437588382923423
2018-09-10 06:21:00,0.10235617682354814
2018-09-10 06:24:00,0.08967727615936383
2018-09-10 06:27:00,0.1830059867907039
2018-09-10 06:30:00,0.19547918826941668
2018-09-10 06:33:00,0.18655257591672125
2018-09-10 06:36:00,0.1776214333193593
2018-09-10 06:39:00,0.19007935442664348
2018-09-10 06:42:00,0.16004909426652603
2018-09-10 06:45:00,0.13422751698152524
2018-09-10 06:48:00,0.1623217818811895
2018-09-10 06:51:00,0.08011120526862214
2018-09-10 06:54:00,0.17914927071029751
2018-09-10 06:57:00,0.12869398355445583
2018-09-10 07:00:00,0.03570390936988588
2018-09-10 07:03:00,0.08378482968606704
2018-09-10 07:06:00,0.022245746811677236
2018-09-10 07:09:00,0.0645006451009067
2018-09-10 07:12:00,0.11654397658236348
2018-09-10 07:15:00,0.07522470764831723
2018-09-10 07:18:00,0.12041149767651405
2018-09-10 07:21:00,0.10559337329220853
2018-09-10 07:24:00,0.1072182869424978
2018-09-10 07:27:00,0.08989369145933779
2018-09-10 07:30:00,0.059158333996265355
2018-09-10 07:33:00,0.10500865653170877
2018-09-10 07:36:00,0.04991055545781364
2018-09-10 07:39:00,0.0770754671331133
2018-09-10 07:42:00,0.08489217876410748
2018-09-10 07:45:00,0.10158724049904322
2018-09-10 07:48:00,-0.023182334677983363
2018-09-10 07:51:00,0.053504590779880346
2018-09-10 07:54:00,-0.03517340820718573
2018-09-10 07:57:00,0.03171650703473006
2018-09-10 08:00:00,-0.03347308129349358
2018-09-10 08:03:00,-0.06110925417328872
2018-09-10 08:06:00,0.10359662672135528
2018-09-10 08:09:00,0.061654278802109275
2018-09-10 08:12:00,0.051518689283852837
2018-09-10 08:15:00,0.009480886512676534
2018-09-10 08:18:00,0.04561949482501859
2018-09-10 08:21:00,0.040322647395328204
2018-09-10 08:24:00,0.06951328262482548
2018-09-10 08:27:00,0.10063572574955515
2018-09-10 08:30:00,0.07298259929490314
2018-09-10 08:33:00,0.019742243762834732
2018-09-10 08:36:00,0.06436685770353279
2018-09-10 08:39:00,-0.00988390154350327
2018-09-10 08:42:00,0.006356420353483827
2018-09-10 08:45:00,-0.026713061484997525
2018-09-10 08:48:00,0.014892906551665419
2018-09-10 08:51:00,-0.03553011164279951
2018-09-10 08:54:00,-0.05572903354169512
2018-09-10 08:57:00,-0.11227338010542098
2018-09-10 09:00:00,-0.13538452493133946
2018-09-10 09:03:00,-0.025732358911284337
2018-09-10 09:06:00,-0.06146520990779436
2018-09-10 09:09:00,0.01968482667086846
2018-09-10 09:12:00,-0.12095413845293024
2018-09-10 09:15:00,-0.09170652052165451
2018-09-10 09:18:00,-0.08692550319625525
2018-09-10 09:21:00,-0.231728871768496
2018-09-10 09:24:00,-0.1273921115572989
2018-09-10 09:27:00,-0.1338001582768129
2018-09-10 09:30:00,-0.17796412240988957
2018-09-10 09:33:00,-0.10418778034801335
2018-09-10 09:36:00,-0.15882305017044018
2018-09-10 09:39:00,-0.09570815664767451
2018-09-10 09:42:00,-0.1466976068673489
2018-09-10 09:45:00,-0.17361772764564876
2018-09-10 09:48:00,-0.23012667096872974
2018-09-10 09:51:00,-0.23752276047110854
2018-09-10 09:54:00,-0.23267515356639024
2018-09-10 09:57:00,-0.2488673906113945
2018-09-10 10:00:00,-0.16955861173278208
2018-09-10 10:03:00,-0.28058932385454227
2018-09-10 10:06:00,-0.3170069813471059
2018-09-10 10:09:00,-0.30189646947553683
2018-09-10 10:12:00,-0.2532249851232109
2018-09-10 10:15:00,-0.27173579934407144
2018-09-10 10:18:00,-0.26533652509266403
2018-09-10 10:21:00,-0.17501963522084907
2018-09-10 10:24:00,-0.27674226551550873
2018-09-10 10:27:00,-0.23556615266460312
2018-09-10 10:30:00,-0.19726292635800746
2018-09-10 10:33:00,-0.2254565273712501
2018-09-10 10:36:00,-0.2318716489511985
2018-09-10 10:39:00,-0.27443468626580625
2018-09-10 10:42:00,-0.26735723627228936
2018-09-10 10:45:00,-0.29898572313129534
2018-09-10 10:48:00,-0.2909783759451443
2018-09-10 10:51:00,-0.2809580028273331
2018-09-10 10:54:00,-0.2164654710543914
2018-09-10 10:57:00,-0.2760514790833781
2018-09-10 11:00:00,-0.35289548913567614
2018-09-10 11:03:00,-0.4048471294852902
2018-09-10 11:06:00,-0.4106480443785472
2018-09-10 11:09:00,-0.30662265368289354
2018-09-10 11:12:00,-0.3410247703622531
2018-09-10 11:15:00,-0.36684105929083444
2018-09-10 11:18:00,-0.33312001618753584
2018-09-10 11:21:00,-0.3247538004994226
2018-09-10 11:24:00,-0.42110422152552474
2018-09-10 11:27:00,-0.4619945137694117
2018-09-10 11:30:00,-0.3643302011939227
2018-09-10 11:33:00,-0.5187234795953941
2018-09-10 11:36:00,-0.37137017224057445
2018-09-10 11:39:00,-0.385568291961647
2018-09-10 11:42:00,-0.4418651739672441
2018-09-10 11:45:00,-0.3051728509630607
2018-09-10 11:48:00,0.08039099018014895
2018-09-10 11:51:00,-0.13318672953681698
2018-09-10 11:54:00,0.037980275649090345
2018-09-10 11:57:00,0.12226107532779906
2018-09-10 12:00:00,0.19643784120671626
2018-09-10 12:03:00,-0.24040322463145003
2018-09-10 12:06:00,-0.44140107229856085
2018-09-10 12:09:00,-0.5431809833452803
2018-09-10 12:12:00,-0.4764339552974093
2018-09-10 12:15:00,-0.35718249667291957
2018-09-10 12:18:00,-0.27045018200726645
2018-09-10 12:21:00,-0.22831519399653644
2018-09-10 12:24:00,-0.39551581664176183
2018-09-10 12:27:00,-0.32693523404026337
2018-09-10 12:30:00,-0.24988147144830464
2018-09-10 12:33:00,-0.2975558576862909
2018-09-10 12:36:00,-0.18265573040372374
2018-09-10 12:39:00,-0.2992471187979504
2018-09-10 12:42:00,-0.32651079369867375
2018-09-10 12:45:00,-0.0871497163004733
2018-09-10 12:48:00,-0.05063650451324975
2018-09-10 12:51:00,0.010141674313842941
2018-09-10 12:54:00,-0.08292482978129101
2018-09-10 12:57:00,-0.33055121827169387
2018-09-10 13:00:00,-0.2876494637694691
2018-09-10 13:03:00,-0.38896845557587767
2018-09-10 13:06:00,-0.3397853868648326
2018-09-10 13:09:00,-0.5142918985786196
2018-09-10 13:12:00,-0.5837048873946742
2018-09-10 13:15:00,-0.4499738569506917
2018-09-10 13:18:00,-0.46415556234313726
2018-09-10 13:21:00,-0.486504451246617
2018-09-10 13:24:00,-0.49911025471772064
2018-09-10 13:27:00,-0.46807383402335745
2018-09-10 13:30:00,-0.42350164278064995
2018-09-10 13:33:00,-0.5675403624385922
2018-09-10 13:36:00,-0.49313856386299904
2018-09-10 13:39:00,-0.4756366726988972
2018-09-10 13:42:00,-0.49382557029008467
2018-09-10 13:45:00,-0.2901765230579372
2018-09-10 13:48:00,-0.3535384177703804
2018-09-10 13:51:00,-0.39279946470685445
2018-09-10 13:54:00,-0.2749782080767318
2018-09-10 13:57:00,-0.3966786006408256
2018-09-10 14:00:00,-0.2777401176643366
2018-09-10 14:03:00,-0.20456698282185926
2018-09-10 14:06:00,-0.24309310207166845
2018-09-10 14:09:00,-0.2826659363927888
2018-09-10 14:12:00,-0.44947225665731594
2018-09-10 14:15:00,-0.4307552096205427
2018-09-10 14:18:00,-0.3188595588848102
2018-09-10 14:21:00,-0.3889471091343921
2018-09-10 14:24:00,-0.472344290257638
2018-09-10 14:27:00,-0.3928653320926969
2018-09-10 14:30:00,-0.2048491964166601
2018-09-10 14:33:00,-0.3003895104982348
2018-09-10 14:36:00,-0.3249998039130446
2018-09-10 14:39:00,-0.193775747882853
2018-09-10 14:42:00,-0.21429658444367305
2018-09-10 14:45:00,-0.14940792567381322
2018-09-10 14:48:00,-0.255994549350703
2018-09-10 14:51:00,-0.37427967122420114
2018-09-10 14:54:00,-0.3816296551431151
2018-09-10 14:57:00,-0.4327242434005143
2018-09-10 15:00:00,-0.4403571162214348
2018-09-10 15:03:00,-0.31327500777257455
2018-09-10 15:06:00,-0.5868786767532015
2018-09-10 15:09:00,-0.5921599020876442
2018-09-10 15:12:00,-0.5478631137890488
2018-09-10 15:15:00,-0.5309203033945664
2018-09-10 15:18:00,-0.6079440873282351
2018-09-10 15:21:00,-0.4935888112563589
2018-09-10 15:24:00,-0.5585124266357298
2018-09-10 15:27:00,-0.6187205258481754
2018-09-10 15:30:00,-0.6389122524407185
2018-09-10 15:33:00,-0.5336372633359474
2018-09-10 15:36:00,-0.6933176070700711
2018-09-10 15:39:00,-0.6158371370821101
2018-09-10 15:42:00,-0.5716246695299105
2018-09-10 15:45:00,-0.4784186252892937
2018-09-10 15:48:00,-0.5813814950004712
2018-09-10 15:51:00,-0.5826730963943305
2018-09-10 15:54:00,-0.5200697261685718
2018-09-10 15:57:00,-0.5326249471412439
2018-09-10 16:00:00,-0.6023505127490125
2018-09-10 16:03:00,-0.5670482595118074
2018-09-10 16:06:00,-0.5262973759029137
2018-09-10 16:09:00,-0.6380993472827754
2018-09-10 16:12:00,-0.5870813842933558
2018-09-10 16:15:00,-0.4770041962643745
2018-09-10 16:18:00,-0.5318891911513788
2018-09-10 16:21:00,-0.4895851427077105
2018-09-10 16:24:00,-0.53103050651373
2018-09-10 16:27:00,-0.5858369567657178
2018-09-10 16:30:00,-0.5611707416803711
2018-09-10 16:33:00,-0.49984493636014804
2018-09-10 16:36:00,-0.4537222358532631
2018-09-10 16:39:00,-0.5052330641671574
2018-09-10 16:42:00,-0.6288290149569207
2018-09-10 16:45:00,-0.5386843909239474
2018-09-10 16:48:00,-0.496102438662092
2018-09-10 16:51:00,-0.44937420395018535
2018-09-10 16:54:00,-0.5813306296651035
2018-09-10 16:57:00,-0.4160951627659415
2018-09-10 17:00:00,-0.36926105299880874
2018-09-10 17:03:00,-0.35349017299142815
2018-09-10 17:06:00,-0.46359346764012344
2018-09-10 17:09:00,-0.411379935355626
2018-09-10 17:12:00,-0.4735312903175668
2018-09-10 17:15:00,-0.4413206573841535
2018-09-10 17:18:00,-0.42077373449643574
2018-09-10 17:21:00,-0.33933156308910384
2018-09-10 17:24:00,-0.3109320158597484
2018-09-10 17:27:00,-0.352585636463175
2018-09-10 17:30:00,-0.3154323539870916
2018-09-10 17:33:00,-0.3055308711558382
2018-09-10 17:36:00,-0.4136966808259217
2018-09-10 17:39:00,-0.41189704742828326
2018-09-10 17:42:00,-0.31911681168850237
2018-09-10 17:45:00,-0.2728516526090061
2018-09-10 17:48:00,-0.3239197355334795
2018-09-10 17:51:00,-0.30196874055633316
2018-09-10 17:54:00,-0.17484197008906222
2018-09-10 17:57:00,-0.31709555216104945
2018-09-10 18:00:00,-0.26680926946380623
2018-09-10 18:03:00,-0.3144261266092485
2018-09-10 18:06:00,-0.2209671684922796
2018-09-10 18:09:00,-0.2718806421829072
2018-09-10 18:12:00,-0.2801976448927235
2018-09-10 18:15:00,-0.2784588668826018
2018-09-10 18:18:00,-0.24982962604553904
2018-09-10 18:21:00,-0.17550399971526076
2018-09-10 18:24:00,-0.22094928425593707
2018-09-10 18:27:00,-0.22337917598258628
2018-09-10 18:30:00,-0.20510234249832138
2018-09-10 18:33:00,-0.1871289560403966
2018-09-10 18:36:00,-0.14767945273143823
2018-09-10 18:39:00,-0.13829029300586626
2018-09-10 18:42:00,-0.2025471747013512
2018-09-10 18:45:00,-0.12377660641277544
2018-09-10 18:48:00,-0.03108115258720545
2018-09-10 18:51:00,-0.3019803049131724
2018-09-10 18:54:00,
2018-09-10 18:57:00,
2018-09-10 19:00:00,
2018-09-10 19:03:00,-0.07411501345399074
2018-09-10 19:06:00,-0.10083792823348858
2018-09-10 19:09:00,-0.09483590508074258
2018-09-10 19:12:00,-0.21009915878693164
2018-09-10 19:15:00,-0.1054922011538224
2018-09-10 19:18:00,-0.16362140682736026
2018-09-10 19:21:00,-0.10286086326522081
2018-09-10 19:24:00,-0.04710721904973525
2018-09-10 19:27:00,0.07250744485611449
2018-09-10 19:30:00,0.027390722324696526
2018-09-10 19:33:00,0.014659240912408222
2018-09-10 19:36:00,-0.05277708371073686
2018-09-10 19:39:00,-0.05985934006980642
2018-09-10 19:42:00,-0.010759923319767495
2018-09-10 19:45:00,-0.023727883850085618
2018-09-10 19:48:00,0.02037489715968377
2018-09-10 19:51:00,-0.0607142328033774
2018-09-10 19:54:00,0.04462352481948528
2018-09-10 19:57:00,0.005768760130706596
2018-09-10 20:00:00,-0.024878424641769925
2018-09-10 20:03:00,0.04946960758405794
2018-09-10 20:06:00,-0.04206884351566487
2018-09-10 20:09:00,-0.05940176349730564
2018-09-10 20:12:00,0.06627379731003202
2018-09-10 20:15:00,-0.03184171127418267
2018-09-10 20:18:00,0.012114175504279956
2018-09-10 20:21:00,0.027920611570266374
2018-09-10 20:24:00,-0.05224507804030054
2018-09-10 20:27:00,-0.0073676377430160755
2018-09-10 20:30:00,0.075298037925279
2018-09-10 20:33:00,-0.06268540035409842
2018-09-10 20:36:00,0.025756932370995855
2018-09-10 20:39:00,0.044198757409901646
2018-09-10 20:42:00,0.16505079815755153
2018-09-10 20:45:00,0.020339130491208834
2018-09-10 20:48:00,0.05077994080534154
2018-09-10 20:51:00,0.09260450634621975
2018-09-10 20:54:00,0.01927819586012447
2018-09-10 20:57:00,0.20440272886156663
2018-09-10 21:00:00,0.10174274765165592
2018-09-10 21:03:00,0.0660567749964116
2018-09-10 21:06:00,0.08970901949606969
2018-09-10 21:09:00,0.0636986150186658
2018-09-10 21:12:00,0.03353278968137374
2018-09-10 21:15:00,0.06347012844383926
2018-09-10 21:18:00,-0.0048447688963051405
2018-09-10 21:21:00,0.014761218119986097
2018-09-10 21:24:00,0.05084932415718413
2018-09-10 21:27:00,0.05766376726768385
2018-09-10 21:30:00,0.033539587673942606
2018-09-10 21:33:00,0.04996512194503566
2018-09-10 21:36:00,0.034814228115976675
2018-09-10 21:39:00,0.033838210998965224
2018-09-10 21:42:00,0.1107239855174953
2018-09-10 21:45:00,0.046089767339651644
2018-09-10 21:48:00,0.08955270619753719
2018-09-10 21:51:00,0.06195498533082855
2018-09-10 21:54:00,0.10102282081322755
2018-09-10 21:57:00,0.036923308416305645
2018-09-10 22:00:00,0.18302323487267813
2018-09-10 22:03:00,0.06751844144827146
2018-09-10 22:06:00,0.14318631602435516
2018-09-10 22:09:00,0.06254774513064376
2018-09-10 22:12:00,0.08691521220521281
2018-09-10 22:15:00,0.06359942077392589
2018-09-10 22:18:00,0.05711232663929877
2018-09-10 22:21:00,0.0607823868862738
2018-09-10 22:24:00,0.06922394934520071
2018-09-10 22:27:00,0.15729527224783624
2018-09-10 22:30:00,0.1296758148483832
2018-09-10 22:33:00,0.0646355286941116
2018-09-10 22:36:00,0.1316404142081069
2018-09-10 22:39:00,0.1496368815951996
2018-09-10 22:42:00,0.11590218200842628
2018-09-10 22:45:00,0.22062430738264993
2018-09-10 22:48:00,0.15369173121291624
2018-09-10 22:51:00,0.2536552692155851
2018-09-10 22:54:00,0.23199771037263872
2018-09-10 22:57:00,0.2278339392765929
2018-09-10 23:00:00,0.12947468265718953
2018-09-10 23:03:00,0.08567041666941577
2018-09-10 23:06:00,-0.02834151716933775
2018-09-10 23:09:00,0.08103482882717117
2018-09-10 23:12:00,0.038467392027939695
2018-09-10 23:15:00,0.01841446320901241
2018-09-10 23:18:00,0.03155858912293752
2018-09-10 23:21:00,0.06725629204981942
2018-09-10 23:24:00,0.03524506235703484
2018-09-10 23:27:00,-0.029066826760015374
2018-09-10 23:30:00,0.040207675577619284
2018-09-10 23:33:00,0.0620007720943363
2018-09-10 23:36:00,0.07449964871648262
2018-09-10 23:39:00,-0.07975185929348072
2018-09-10 23:42:00,-0.08413458665813778
2018-09-10 23:45:00,-0.06868704090965139
2018-09-10 23:48:00,-0.012982970449627373
2018-09-10 23:51:00,-0.02483903468976223
2018-09-10 23:54:00,0.044686463342316074
2018-09-10 23:57:00,-0.0537869319492188
2018-09-11 00:00:00,-0.008645267664689982
2018-09-11 00:03:00,-0.030058031177759403
2018-09-11 00:06:00,-0.013390266197291112
2018-09-11 00:09:00,-0.07044755693243587
2018-09-11 00:12:00,-0.02745137429224087
2018-09-11 00:15:00,-0.053164516608148915
2018-09-11 00:18:00,-0.019063035602016498
2018-09-11 00:21:00,0.05011668498309518
2018-09-11 00:24:00,0.022100680311950782
2018-09-11 00:27:00,0.023199668445215593
2018-09-11 00:30:00,0.08246662119643133
2018-09-11 00:33:00,0.0206529878373658
2018-09-11 00:36:00,0.06887298509002449
2018-09-11 00:39:00,0.07084372744850498
2018-09-11 00:42:00,0.07977869967197648
2018-09-11 00:45:00,0.12365849580675103
2018-09-11 00:48:00,0.022924944230737765
2018-09-11 00:51:00,0.0792815748491762
2018-09-11 00:54:00,0.029810037563834157
2018-09-11 00:57:00,0.02969278272109932
2018-09-11 01:00:00,0.038735627358846614
2018-09-11 01:03:00,-0.04178611333452409
2018-09-11 01:06:00,0.04071597193632215
2018-09-11 01:09:00,-0.12930474954242754
2018-09-11 01:12:00,-0.03602225867217612
2018-09-11 01:15:00,0.1054344383524608
2018-09-11 01:18:00,0.11430946971728417
2018-09-11 01:21:00,0.17916646499742228
2018-09-11 01:24:00,0.18435428436458778
2018-09-11 01:27:00,0.13343612011811956
2018-09-11 01:30:00,0.18078063180035997
2018-09-11 01:33:00,0.21228249065205773
2018-09-11 01:36:00,0.05009700718454724
2018-09-11 01:39:00,0.11292188507366063
2018-09-11 01:42:00,0.16608060814257897
2018-09-11 01:45:00,0.04144462245926661
2018-09-11 01:48:00,0.054546447162806544
2018-09-11 01:51:00,0.25009158253561736
2018-09-11 01:54:00,0.06956896995444595
2018-09-11 01:57:00,0.17953649969666685
2018-09-11 02:00:00,0.13959416395101698
2018-09-11 02:03:00,0.10850706483455497
2018-09-11 02:06:00,0.13342609044877918
2018-09-11 02:09:00,0.008893214934118987
2018-09-11 02:12:00,0.049208144367185014
2018-09-11 02:15:00,0.1275595090461934
2018-09-11 02:18:00,0.09171496757107889
2018-09-11 02:21:00,0.12930325948224208
2018-09-11 02:24:00,0.04782403900856025
2018-09-11 02:27:00,0.06691176138355104
2018-09-11 02:30:00,0.15341843010321554
2018-09-11 02:33:00,0.1327388219265231
2018-09-11 02:36:00,0.17390273222815722
2018-09-11 02:39:00,0.11400247172514355
2018-09-11 02:42:00,0.18296331096115637
2018-09-11 02:45:00,0.04038620795057568
2018-09-11 02:48:00,0.1290594130182967
2018-09-11 02:51:00,0.09971755117271641
2018-09-11 02:54:00,0.19090570734351786
2018-09-11 02:57:00,0.14840196828481567
2018-09-11 03:00:00,0.09758299680396476
2018-09-11 03:03:00,0.1495539032255806
2018-09-11 03:06:00,0.12141764114818443
2018-09-11 03:09:00,0.19467561772961517
2018-09-11 03:12:00,0.07025603807568359
2018-09-11 03:15:00,0.06385323982590307
2018-09-11 03:18:00,0.03961084621789723
2018-09-11 03:21:00,0.09805886867081881
2018-09-11 03:24:00,0.12815561517032847
2018-09-11 03:27:00,0.10424445594628651
2018-09-11 03:30:00,0.15310333991374137
2018-09-11 03:33:00,0.189176713321217
2018-09-11 03:36:00,0.15528279021629032
2018-09-11 03:39:00,0.20934183912623894
2018-09-11 03:42:00,0.2133450161581436
2018-09-11 03:45:00,0.12573845712734055
2018-09-11 03:48:00,0.16756573404853725
2018-09-11 03:51:00,0.06646053975373434
2018-09-11 03:54:00,0.2398073414086639
2018-09-11 03:57:00,0.19678958070528552
2018-09-11 04:00:00,0.03277521443169462
2018-09-11 04:03:00,0.1629576146287377
2018-09-11 04:06:00,0.19140474863564805
2018-09-11 04:09:00,0.22846777723407286
2018-09-11 04:12:00,0.13816933427239064
2018-09-11 04:15:00,0.3071297790693279
2018-09-11 04:18:00,0.2199715917620324
2018-09-11 04:21:00,0.25036468576007564
2018-09-11 04:24:00,0.31534185905763934
2018-09-11 04:27:00,0.22238507878745395
2018-09-11 04:30:00,0.25381235983087436
2018-09-11 04:33:00,0.25093539023373523
2018-09-11 04:36:00,0.21128252577915418
2018-09-11 04:39:00,0.308593105894829
2018-09-11 04:42:00,0.2003807205972521
2018-09-11 04:45:00,0.18038234769261408
2018-09-11 04:48:00,0.11399404339630337
2018-09-11 04:51:00,0.10559593781943022
2018-09-11 04:54:00,0.16690117649534386
2018-09-11 04:57:00,0.2600895302845174
2018-09-11 05:00:00,0.1793268114402622
2018-09-11 05:03:00,0.1941842823740103
2018-09-11 05:06:00,0.24280140616031076
2018-09-11 05:09:00,0.2784631659712886
2018-09-11 05:12:00,0.2124822757474476
2018-09-11 05:15:00,0.19679248593109833
2018-09-11 05:18:00,0.2347913317973962
2018-09-11 05:21:00,0.18300152390224866
2018-09-11 05:24:00,0.2438130860207366
2018-09-11 05:27:00,0.20347476421795818
2018-09-11 05:30:00,0.27297113717855837
2018-09-11 05:33:00,0.3051760874805609
2018-09-11 05:36:00,0.25818601839137045
2018-09-11 05:39:00,0.20303483246016185
2018-09-11 05:42:00,0.2131675367927528
2018-09-11 05:45:00,0.31636855404730113
2018-09-11 05:48:00,0.4263376335946987
2018-09-11 05:51:00,0.37143075378855883
2018-09-11 05:54:00,0.42644534150235813
2018-09-11 05:57:00,0.3656353202075593
2018-09-11 06:00:00,0.4085535344765958
2018-09-11 06:03:00,0.3428243161810087
2018-09-11 06:06:00,0.28139197744440025
2018-09-11 06:09:00,0.3227207247687147
2018-09-11 06:12:00,0.18863476513814703
2018-09-11 06:15:00,0.22334809514427434
2018-09-11 06:18:00,0.2671189834737788
2018-09-11 06:21:00,0.2586408075202371
2018-09-11 06:24:00,0.19844443655597388
2018-09-11 06:27:00,0.1079852673115056
2018-09-11 06:30:00,0.18770688469726338
2018-09-11 06:33:00,0.14264413959506328
2018-09-11 06:36:00,0.13702864748347565
2018-09-11 06:39:00,0.25376677309890283
2018-09-11 06:42:00,0.23296684458432537
2018-09-11 06:45:00,0.2779677023740419
2018-09-11 06:48:00,0.23791106214508773
2018-09-11 06:51:00,0.172016129278461
2018-09-11 06:54:00,0.138137384842139
2018-09-11 06:57:00,0.21548502705383044
2018-09-11 07:00:00,0.12511397158112914
2018-09-11 07:03:00,0.00021021384696950918
2018-09-11 07:06:00,0.1085449540640866
2018-09-11 07:09:00,0.09143726621056203
2018-09-11 07:12:00,0.05087161593166911
2018-09-11 07:15:00,0.02500920294636444
2018-09-11 07:18:00,-0.04146997489118576
2018-09-11 07:21:00,0.15427567524170627
2018-09-11 07:24:00,0.07236240745311306
2018-09-11 07:27:00,0.0966190604235635
2018-09-11 07:30:00,0.151156365178565
2018-09-11 07:33:00,0.2320554153901071
2018-09-11 07:36:00,0.07563037907419812
2018-09-11 07:39:00,0.1307604529058608
2018-09-11 07:42:00,0.11152983062737576
2018-09-11 07:45:00,0.15292272262325923
2018-09-11 07:48:00,0.10729253327076549
2018-09-11 07:51:00,0.18322660920193812
2018-09-11 07:54:00,0.10690504109572885
2018-09-11 07:57:00,0.0967862532726258
2018-09-11 08:00:00,0.06595346557253379
2018-09-11 08:03:00,0.12670324905678854
2018-09-11 08:06:00,0.19638843024904418
2018-09-11 08:09:00,0.0892793216534642
2018-09-11 08:12:00,0.07053149949200588
2018-09-11 08:15:00,0.06120958098210849
2018-09-11 08:18:00,0.10375945250592622
2018-09-11 08:21:00,0.09454975511613384
2018-09-11 08:24:00,0.0983593831788312
2018-09-11 08:27:00,0.08199176611594794
2018-09-11 08:30:00,0.06663156322071018
2018-09-11 08:33:00,0.07067898599950695
2018-09-11 08:36:00,0.05725840296361184
2018-09-11 08:39:00,0.05962461689051679
2018-09-11 08:42:00,0.14737280240615291
2018-09-11 08:45:00,0.041566260817887724
2018-09-11 08:48:00,0.05616610203236405
2018-09-11 08:51:00,0.07821507771387815
2018-09-11 08:54:00,-0.07161740415926943
2018-09-11 08:57:00,0.02869745778343713
2018-09-11 09:00:00,-0.019792613124025138
2018-09-11 09:03:00,-0.03922302882284612
2018-09-11 09:06:00,-0.11490474262217276
2018-09-11 09:09:00,-0.13855004202503096
2018-09-11 09:12:00,0.025660122433862398
2018-09-11 09:15:00,-0.008308786017948933
2018-09-11 09:18:00,0.050662541202882494
2018-09-11 09:21:00,-0.10149765979781478
2018-09-11 09:24:00,-0.1316953470881117
2018-09-11 09:27:00,-0.07710453062634315
2018-09-11 09:30:00,-0.10619585462188752
2018-09-11 09:33:00,-0.04982501540177964
2018-09-11 09:36:00,-0.15241757317062365
2018-09-11 09:39:00,-0.14310659913383006
2018-09-11 09:42:00,-0.08679670543619977
2018-09-11 09:45:00,-0.12100846075696836
2018-09-11 09:48:00,-0.1187715740725821
2018-09-11 09:51:00,-0.12073171307986286
2018-09-11 09:54:00,-0.0710855400195669
2018-09-11 09:57:00,-0.11926799954142098
2018-09-11 10:00:00,-0.07662893610245192
2018-09-11 10:03:00,-0.19261317338140316
2018-09-11 10:06:00,-0.33815406683322635
2018-09-11 10:09:00,-0.20515238112733414
2018-09-11 10:12:00,-0.1715620035558345
2018-09-11 10:15:00,-0.2343479913840838
2018-09-11 10:18:00,-0.19091136411236675
2018-09-11 10:21:00,-0.3078050880660044
2018-09-11 10:24:00,-0.20697155865184413
2018-09-11 10:27:00,-0.17173008109779175
2018-09-11 10:30:00,-0.25315889894665133
2018-09-11 10:33:00,-0.25017520501330637
2018-09-11 10:36:00,-0.22601505557082646
2018-09-11 10:39:00,-0.2497046920983621
2018-09-11 10:42:00,-0.22727930604639823
2018-09-11 10:45:00,-0.2536270250650432
2018-09-11 10:48:00,-0.43851597107237694
2018-09-11 10:51:00,-0.2768045135898092
2018-09-11 10:54:00,-0.2884781388080455
2018-09-11 10:57:00,-0.3215373343975898
2018-09-11 11:00:00,-0.29410868133140866
2018-09-11 11:03:00,-0.26568933620887947
2018-09-11 11:06:00,-0.3628449506445577
2018-09-11 11:09:00,-0.28697160631401175
2018-09-11 11:12:00,-0.29852509629978385
2018-09-11 11:15:00,-0.2567029440061219
2018-09-11 11:18:00,-0.38908157797919785
2018-09-11 11:21:00,-0.34246377029512587
2018-09-11 11:24:00,-0.2623291468482307
2018-09-11 11:27:00,-0.259653157569403
2018-09-11 11:30:00,-0.27578704995210046
2018-09-11 11:33:00,-0.3607076780283478
2018-09-11 11:36:00,-0.2995885815798829
2018-09-11 11:39:00,-0.34180120754473364
2018-09-11 11:42:00,-0.2849890836694158
2018-09-11 11:45:00,-0.33324895133949894
2018-09-11 11:48:00,-0.2432306606989414
2018-09-11 11:51:00,-0.3173256929642889
2018-09-11 11:54:00,-0.4246009943984177
2018-09-11 11:57:00,-0.2781989858270322
2018-09-11 12:00:00,-0.32611257163000573
2018-09-11 12:03:00,-0.36036228271933624
2018-09-11 12:06:00,-0.28442416173567153
2018-09-11 12:09:00,-0.40739881148488166
2018-09-11 12:12:00,-0.3039386378146105
2018-09-11 12:15:00,-0.3909755421847194
2018-09-11 12:18:00,-0.2199592129940129
2018-09-11 12:21:00,-0.3224888614514043
2018-09-11 12:24:00,-0.24169838258626442
2018-09-11 12:27:00,-0.3679243928511937
2018-09-11 12:30:00,-0.24013053308328836
2018-09-11 12:33:00,-0.21417305198360737
2018-09-11 12:36:00,-0.24591776857687364
2018-09-11 12:39:00,-0.23665725355203904
2018-09-11 12:42:00,-0.3411776569709559
2018-09-11 12:45:00,-0.29305783316834777
2018-09-11 12:48:00,-0.2248107915812625
2018-09-11 12:51:00,-0.3744394605488992
2018-09-11 12:54:00,-0.18960389454235838
2018-09-11 12:57:00,-0.3120079757380836
2018-09-11 13:00:00,-0.3314857377231988
2018-09-11 13:03:00,-0.3825710492883445
2018-09-11 13:06:00,-0.37648677499470296
2018-09-11 13:09:00,-0.29421221479867654
2018-09-11 13:12:00,-0.22092841797609708
2018-09-11 13:15:00,-0.1806015958100602
2018-09-11 13:18:00,-0.29617758310314457
2018-09-11 13:21:00,-0.3424770136901998
2018-09-11 13:24:00,-0.36734587036693256
2018-09-11 13:27:00,-0.3615537017550423
2018-09-11 13:30:00,-0.32437308731311987
2018-09-11 13:33:00,-0.3748020885969936
2018-09-11 13:36:00,-0.45395853617799276
2018-09-11 13:39:00,-0.3803261151830952
2018-09-11 13:42:00,-0.5408801743449203
2018-09-11 13:45:00,-0.3399853862651412
2018-09-11 13:48:00,-0.3369641319878838
2018-09-11 13:51:00,-0.39592572080789523
2018-09-11 13:54:00,-0.3126921722258089
2018-09-11 13:57:00,-0.44322758385078487
2018-09-11 14:00:00,-0.470069290979211
2018-09-11 14:03:00,-0.4666802747194083
2018-09-11 14:06:00,-0.32572537721148365
2018-09-11 14:09:00,-0.3739865839417007
2018-09-11 14:12:00,-0.38907935505062596
2018-09-11 14:15:00,-0.36345304243161536
2018-09-11 14:18:00,-0.29795855375687097
2018-09-11 14:21:00,-0.355892865180067
2018-09-11 14:24:00,-0.3473421451200238
2018-09-11 14:27:00,-0.42786577210023324
2018-09-11 14:30:00,-0.38738663533104045
2018-09-11 14:33:00,-0.4667312785785498
2018-09-11 14:36:00,-0.487761491782976
2018-09-11 14:39:00,-0.47376548390474227
2018-09-11 14:42:00,-0.45015911805433007
2018-09-11 14:45:00,-0.44960415119498975
2018-09-11 14:48:00,-0.41432741672952034
2018-09-11 14:51:00,-0.3873987359817761
2018-09-11 14:54:00,-0.3259470726782183
2018-09-11 14:57:00,-0.3406272306978053
2018-09-11 15:00:00,-0.4128406939728393
2018-09-11 15:03:00,-0.22903398231864003
2018-09-11 15:06:00,-0.3136849296372475
2018-09-11 15:09:00,-0.29700449208195323
2018-09-11 15:12:00,-0.2377128074843995
2018-09-11 15:15:00,-0.24869783956978608
2018-09-11 15:18:00,-0.24333314983095988
2018-09-11 15:21:00,-0.2565044036942936
2018-09-11 15:24:00,-0.32775132917038263
2018-09-11 15:27:00,-0.3613471476282939
2018-09-11 15:30:00,-0.26384532022302665
2018-09-11 15:33:00,-0.26946087889564296
2018-09-11 15:36:00,-0.30865160240534806
2018-09-11 15:39:00,-0.34538403986442745
2018-09-11 15:42:00,-0.32308210980102103
2018-09-11 15:45:00,-0.34822331509093374
2018-09-11 15:48:00,-0.3940031436237632
2018-09-11 15:51:00,-0.3539276589346514
2018-09-11 15:54:00,-0.20122362764811896
2018-09-11 15:57:00,-0.23831470951205347
2018-09-11 16:00:00,-0.23233891906102144
2018-09-11 16:03:00,-0.20755778615483678
2018-09-11 16:06:00,-0.1451256221339463
2018-09-11 16:09:00,-0.29457808786679607
2018-09-11 16:12:00,-0.3605442779033865
2018-09-11 16:15:00,-0.4077384374487565
2018-09-11 16:18:00,-0.3071702053849208
2018-09-11 16:21:00,-0.28858740148064044
2018-09-11 16:24:00,-0.36927780372064944
2018-09-11 16:27:00,-0.30421481234856174
2018-09-11 16:30:00,-0.3362511458417998
2018-09-11 16:33:00,-0.20353177406394707
2018-09-11 16:36:00,-0.3788078480107515
2018-09-11 16:39:00,-0.3569449388389785
2018-09-11 16:42:00,-0.3641036564248452
2018-09-11 16:45:00,-0.3792387011990854
2018-09-11 16:48:00,-0.5113311530540727
2018-09-11 16:51:00,-0.37607283081916876
2018-09-11 16:54:00,-0.45319218953272866
2018-09-11 16:57:00,-0.39910056415067174
2018-09-11 17:00:00,-0.5060493981389413
2018-09-11 17:03:00,-0.4549466152157038
2018-09-11 17:06:00,-0.41820827794549587
2018-09-11 17:09:00,-0.43565746180962606
2018-09-11 17:12:00,-0.41093729537823265
2018-09-11 17:15:00,-0.5504381128843647
2018-09-11 17:18:00,-0.46187201231151676
2018-09-11 17:21:00,-0.32051511757850903
2018-09-11 17:24:00,-0.42165190614156245
2018-09-11 17:27:00,-0.36180512184006375
2018-09-11 17:30:00,-0.38511432909922405
2018-09-11 17:33:00,-0.400941377523111
2018-09-11 17:36:00,-0.5221699612473003
2018-09-11 17:39:00,-0.379928305215401
2018-09-11 17:42:00,-0.3925398040267396
2018-09-11 17:45:00,-0.34764314710787403
2018-09-11 17:48:00,-0.27420094564217834
2018-09-11 17:51:00,-0.3463126832374428
2018-09-11 17:54:00,-0.2160616021474766
2018-09-11 17:57:00,-0.2905719673777867
2018-09-11 18:00:00,-0.2695894799838925
2018-09-11 18:03:00,-0.16491414038523544
2018-09-11 18:06:00,-0.17038388188524323
2018-09-11 18:09:00,-0.2353967607331242
2018-09-11 18:12:00,-0.22215376756162186
2018-09-11 18:15:00,-0.24829524691352844
2018-09-11 18:18:00,-0.1442332569000655
2018-09-11 18:21:00,-0.11610193739988972
2018-09-11 18:24:00,-0.08380407902723164
2018-09-11 18:27:00,-0.1284002766835215
2018-09-11 18:30:00,-0.06983364397643754
2018-09-11 18:33:00,-0.22552872609992392
2018-09-11 18:36:00,-0.16207983289280037
2018-09-11 18:39:00,-0.13373098007554063
2018-09-11 18:42:00,-0.11597788073964921
2018-09-11 18:45:00,-0.08806768667341203
2018-09-11 18:48:00,-0.08599667157818658
2018-09-11 18:51:00,-0.06479716406465741
2018-09-11 18:54:00,
2018-09-11 18:57:00,
2018-09-11 19:00:00,
2018-09-11 19:03:00,-0.009459929408478729
2018-09-11 19:06:00,-0.024738252330564592
2018-09-11 19:09:00,0.12203192388545858
2018-09-11 19:12:00,-0.06017362486431921
2018-09-11 19:15:00,0.1521670229369647
2018-09-11 19:18:00,0.024331627402148115
2018-09-11 19:21:00,0.025134296000260292
2018-09-11 19:24:00,0.007574936074092875
2018-09-11 19:27:00,-0.036507509029604535
2018-09-11 19:30:00,-0.03180030981042137
2018-09-11 19:33:00,-0.12135114691102444
2018-09-11 19:36:00,-0.1326562549177197
2018-09-11 19:39:00,0.007564941680413995
2018-09-11 19:42:00,-0.1660278394354009
2018-09-11 19:45:00,-0.10857496291674806
2018-09-11 19:48:00,-0.08033131490003598
2018-09-11 19:51:00,-0.055974536310827716
2018-09-11 19:54:00,-0.12751716748346098
2018-09-11 19:57:00,-0.07835777234498664
2018-09-11 20:00:00,-0.1337205677455131
2018-09-11 20:03:00,-0.061925282734137
2018-09-11 20:06:00,-0.019500910727401788
2018-09-11 20:09:00,-0.09118354524599681
2018-09-11 20:12:00,-0.038102569343720916
2018-09-11 20:15:00,-0.10786577073969283
2018-09-11 20:18:00,0.0105355560742737
2018-09-11 20:21:00,0.007077018725794915
2018-09-11 20:24:00,-0.0028776343365848334
2018-09-11 20:27:00,-0.10468252790241195
2018-09-11 20:30:00,-0.11775879727804295
2018-09-11 20:33:00,0.11265953185380795
2018-09-11 20:36:00,0.04478895530388627
2018-09-11 20:39:00,-0.025609609642117448
2018-09-11 20:42:00,-0.0221063269420938
2018-09-11 20:45:00,-0.05557870168053114
2018-09-11 20:48:00,0.018726040975593605
2018-09-11 20:51:00,-0.06415991862240844
2018-09-11 20:54:00,0.005570961310979783
2018-09-11 20:57:00,-0.02292973805009524
2018-09-11 21:00:00,-0.015434207336681993
2018-09-11 21:03:00,0.019844780379116855
2018-09-11 21:06:00,-0.05922197046425026
2018-09-11 21:09:00,-0.04787851513418673
2018-09-11 21:12:00,0.015999509792834488
2018-09-11 21:15:00,0.03374401178257358
2018-09-11 21:18:00,-0.055204973142338076
2018-09-11 21:21:00,-0.0872029765811817
2018-09-11 21:24:00,-0.02596225526571061
2018-09-11 21:27:00,-0.062439938975046516
2018-09-11 21:30:00,0.015896781790331715
2018-09-11 21:33:00,0.00023636824380446342
2018-09-11 21:36:00,0.03104926694061305
2018-09-11 21:39:00,0.00821395272907921
2018-09-11 21:42:00,-0.007535956037656888
2018-09-11 21:45:00,-0.1164829423700553
2018-09-11 21:48:00,-0.1438640749396427
2018-09-11 21:51:00,-0.10068286382613678
2018-09-11 21:54:00,0.012475655520574946
2018-09-11 21:57:00,0.07096776383633596
2018-09-11 22:00:00,0.046022662397888325
2018-09-11 22:03:00,-0.0651922167118073
2018-09-11 22:06:00,0.002320816596068198
2018-09-11 22:09:00,0.07848039548298402
2018-09-11 22:12:00,-0.09826819819517141
2018-09-11 22:15:00,-0.03312054121698793
2018-09-11 22:18:00,-0.03135678135498665
2018-09-11 22:21:00,-0.06511775514400142
2018-09-11 22:24:00,0.05939208187845679
2018-09-11 22:27:00,-0.028224800841826436
2018-09-11 22:30:00,-0.0801804961483299
2018-09-11 22:33:00,-0.15103079255379726
2018-09-11 22:36:00,-0.06565372577671269
2018-09-11 22:39:00,-0.07899281358834287
2018-09-11 22:42:00,-0.03220645555597912
2018-09-11 22:45:00,-0.09011039199225479
2018-09-11 22:48:00,0.016394636691416054
2018-09-11 22:51:00,0.025778224297766883
2018-09-11 22:54:00,-0.023996475961894248
2018-09-11 22:57:00,0.03871795663604871
2018-09-11 23:00:00,-0.04274062976304549
2018-09-11 23:03:00,-0.0975895693755433
2018-09-11 23:06:00,-0.016303524523152646
2018-09-11 23:09:00,0.02195726705394918
2018-09-11 23:12:00,0.05222992707376761
2018-09-11 23:15:00,0.012757770018879455
2018-09-11 23:18:00,0.028570117772460435
2018-09-11 23:21:00,0.050334344387295005
2018-09-11 23:24:00,0.09145070865247362
2018-09-11 23:27:00,0.024137016817689982
2018-09-11 23:30:00,0.010519792613422396
2018-09-11 23:33:00,0.01304684913844767
2018-09-11 23:36:00,0.03775769583796773
2018-09-11 23:39:00,-0.007872032377804317
2018-09-11 23:42:00,0.07680660329515376
2018-09-11 23:45:00,0.009436917694188196
2018-09-11 23:48:00,0.08361603434860854
2018-09-11 23:51:00,-0.03246692522105832
2018-09-11 23:54:00,0.05834654314787713
2018-09-11 23:57:00,0.16553061056748675
2018-09-12 00:00:00,0.05946901082978684
2018-09-12 00:03:00,0.08768705027438273
2018-09-12 00:06:00,0.06157034210701795
2018-09-12 00:09:00,0.1349093020617147
2018-09-12 00:12:00,0.1496988925732694
2018-09-12 00:15:00,0.1394729564234467
2018-09-12 00:18:00,0.14830899522155505
2018-09-12 00:21:00,0.1905444425292444
2018-09-12 00:24:00,0.21100189530488933
2018-09-12 00:27:00,0.1954981735751744
2018-09-12 00:30:00,0.1896969441680767
2018-09-12 00:33:00,0.14439505466253877
2018-09-12 00:36:00,0.22164231705460224
2018-09-12 00:39:00,0.21624464611221583
2018-09-12 00:42:00,0.18376759428520018
2018-09-12 00:45:00,0.14753034561562117
2018-09-12 00:48:00,0.26928413236652204
2018-09-12 00:51:00,0.18594806041238598
2018-09-12 00:54:00,0.195362537567064
2018-09-12 00:57:00,0.22978435504387562
2018-09-12 01:00:00,0.25340913230394335
2018-09-12 01:03:00,0.05576456443225197
2018-09-12 01:06:00,0.0920122308889404
2018-09-12 01:09:00,0.1038296317992149
2018-09-12 01:12:00,0.15403050495064008
2018-09-12 01:15:00,0.1258245944127907
2018-09-12 01:18:00,0.19877286987468779
2018-09-12 01:21:00,0.14104033951014117
2018-09-12 01:24:00,0.03868683056583677
2018-09-12 01:27:00,0.036788709024222044
2018-09-12 01:30:00,0.11590848530630637
2018-09-12 01:33:00,0.06743906412822298
2018-09-12 01:36:00,0.02055433617141489
2018-09-12 01:39:00,0.05014753252726223
2018-09-12 01:42:00,0.0162715240048783
2018-09-12 01:45:00,0.1546466469940242
2018-09-12 01:48:00,0.12937480476563223
2018-09-12 01:51:00,0.07328545884308824
2018-09-12 01:54:00,0.038727121878253
2018-09-12 01:57:00,0.08908324289683378
2018-09-12 02:00:00,0.08428395781442077
2018-09-12 02:03:00,0.06376459436330606
2018-09-12 02:06:00,0.08190911900197761
2018-09-12 02:09:00,0.20424795204957036
2018-09-12 02:12:00,0.10012598364176029
2018-09-12 02:15:00,0.2714349580579096
2018-09-12 02:18:00,0.284583167569906
2018-09-12 02:21:00,0.23467663100461778
2018-09-12 02:24:00,0.3114036040685164
2018-09-12 02:27:00,0.30282348478920085
2018-09-12 02:30:00,0.3434960478189737
2018-09-12 02:33:00,0.571084160035241
2018-09-12 02:36:00,0.5764245618992732
2018-09-12 02:39:00,0.6111063576203151
2018-09-12 02:42:00,0.4957383097590764
2018-09-12 02:45:00,0.42967852238376736
2018-09-12 02:48:00,0.3840026036730251
2018-09-12 02:51:00,0.267256908541583
2018-09-12 02:54:00,0.16993769534980174
2018-09-12 02:57:00,0.13670283291298801
2018-09-12 03:00:00,0.16077639449679282
2018-09-12 03:03:00,0.10697285222943265
2018-09-12 03:06:00,0.18047652190170993
2018-09-12 03:09:00,0.11507111642873724
2018-09-12 03:12:00,0.03641746250610822
2018-09-12 03:15:00,0.15541544800936435
2018-09-12 03:18:00,0.07110278136849502
2018-09-12 03:21:00,0.13211918816404022
2018-09-12 03:24:00,0.12318835624859048
2018-09-12 03:27:00,0.08325214241006051
2018-09-12 03:30:00,0.07495723723479841
2018-09-12 03:33:00,0.09308635262124199
2018-09-12 03:36:00,0.18993922983298717
2018-09-12 03:39:00,0.10724777403265762
2018-09-12 03:42:00,0.19497511096477638
2018-09-12 03:45:00,0.20368741600259455
2018-09-12 03:48:00,0.1506967128790393
2018-09-12 03:51:00,0.16561153492637004
2018-09-12 03:54:00,0.022273492068109135
2018-09-12 03:57:00,0.17959379696736733
2018-09-12 04:00:00,0.14018934501513058
2018-09-12 04:03:00,0.11672439713430549
2018-09-12 04:06:00,0.22126083825116893
2018-09-12 04:09:00,0.1633192734630029
2018-09-12 04:12:00,0.21801765357429304
2018-09-12 04:15:00,0.20352113300845076
2018-09-12 04:18:00,0.26094770245106247
2018-09-12 04:21:00,0.30479697485088764
2018-09-12 04:24:00,0.29778848514445144
2018-09-12 04:27:00,0.358593174012924
2018-09-12 04:30:00,0.3257777540368352
2018-09-12 04:33:00,0.29968238544256565
2018-09-12 04:36:00,0.3021583227261999
2018-09-12 04:39:00,0.228693149724279
2018-09-12 04:42:00,0.22699529734950374
2018-09-12 04:45:00,0.2548328456773561
2018-09-12 04:48:00,0.09076122480519189
2018-09-12 04:51:00,0.11397873152691318
2018-09-12 04:54:00,0.13304380320653308
2018-09-12 04:57:00,0.17082904299155643
2018-09-12 05:00:00,0.20665468971321843
2018-09-12 05:03:00,0.0906373414819086
2018-09-12 05:06:00,0.2675001069793552
2018-09-12 05:09:00,0.10835155574670807
2018-09-12 05:12:00,0.28824471718615996
2018-09-12 05:15:00,0.08381939524548443
2018-09-12 05:18:00,0.18370940369493383
2018-09-12 05:21:00,0.08116935662712876
2018-09-12 05:24:00,0.15111231476595322
2018-09-12 05:27:00,0.13745433518249683
2018-09-12 05:30:00,0.1466506991594656
2018-09-12 05:33:00,0.15654203299743585
2018-09-12 05:36:00,0.24182283343583322
2018-09-12 05:39:00,0.3483493901919701
2018-09-12 05:42:00,0.4055306693992975
2018-09-12 05:45:00,0.48116858717997957
2018-09-12 05:48:00,0.5557315246670669
2018-09-12 05:51:00,0.5236976812981311
2018-09-12 05:54:00,0.3570928261233348
2018-09-12 05:57:00,0.42257509954305306
2018-09-12 06:00:00,0.6473284161193078
2018-09-12 06:03:00,0.499162927212069
2018-09-12 06:06:00,0.35931223299570547
2018-09-12 06:09:00,0.37298327352078786
2018-09-12 06:12:00,0.3186900926307885
2018-09-12 06:15:00,0.1747179145880864
2018-09-12 06:18:00,0.29031739345151664
2018-09-12 06:21:00,0.2587074060445502
2018-09-12 06:24:00,0.39898159333154126
2018-09-12 06:27:00,0.5122692400554456
2018-09-12 06:30:00,0.5877970956195213
2018-09-12 06:33:00,0.4372706913564457
2018-09-12 06:36:00,0.4123683160140672
2018-09-12 06:39:00,0.3671959766873556
2018-09-12 06:42:00,0.24293540436667627
2018-09-12 06:45:00,0.4229436770370967
2018-09-12 06:48:00,0.32304189558828966
2018-09-12 06:51:00,0.38834233789867767
2018-09-12 06:54:00,0.4183383818393054
2018-09-12 06:57:00,0.3081311872578567
2018-09-12 07:00:00,0.3713354799201056
2018-09-12 07:03:00,0.2289398690983262
2018-09-12 07:06:00,0.28347523662557705
2018-09-12 07:09:00,0.1860359994112173
2018-09-12 07:12:00,0.17033175513563492
2018-09-12 07:15:00,0.1996322386146403
2018-09-12 07:18:00,0.315807246298732
2018-09-12 07:21:00,0.18925918497131988
2018-09-12 07:24:00,0.2703877276493927
2018-09-12 07:27:00,0.18768590844996424
2018-09-12 07:30:00,0.21199680457681325
2018-09-12 07:33:00,0.2686117473112404
2018-09-12 07:36:00,0.18437925842215463
2018-09-12 07:39:00,0.35040661810432994
2018-09-12 07:42:00,0.3463351213068222
2018-09-12 07:45:00,0.415805954280529
2018-09-12 07:48:00,0.6494476869951882
2018-09-12 07:51:00,0.6267724978730485
2018-09-12 07:54:00,0.47764907588589267
2018-09-12 07:57:00,0.5695248156708317
2018-09-12 08:00:00,0.5890917832687137
2018-09-12 08:03:00,0.5727971171456829
2018-09-12 08:06:00,0.4747276348514333
2018-09-12 08:09:00,0.5567671434840236
2018-09-12 08:12:00,0.42062007131431756
2018-09-12 08:15:00,0.47582612219298426
2018-09-12 08:18:00,0.490208506127658
2018-09-12 08:21:00,0.5323616916247147
2018-09-12 08:24:00,0.4600439681386206
2018-09-12 08:27:00,0.4940052433485107
2018-09-12 08:30:00,0.4861008369924775
2018-09-12 08:33:00,0.3422136256368731
2018-09-12 08:36:00,0.5001995048160097
2018-09-12 08:39:00,0.43015129631919535
2018-09-12 08:42:00,0.1850083695268836
2018-09-12 08:45:00,0.1841557627087127
2018-09-12 08:48:00,0.17409518865650853
2018-09-12 08:51:00,0.31444448101206035
2018-09-12 08:54:00,0.24547881498006063
2018-09-12 08:57:00,0.2837644517977651
2018-09-12 09:00:00,0.5527810746726232
2018-09-12 09:03:00,0.8577182392138525
2018-09-12 09:06:00,0.6242856034306783
2018-09-12 09:09:00,0.2811738946715536
2018-09-12 09:12:00,0.37180819384724373
2018-09-12 09:15:00,0.3159652559045867
2018-09-12 09:18:00,0.2673570070443816
2018-09-12 09:21:00,0.21649270765470874
2018-09-12 09:24:00,0.2811471546473854
2018-09-12 09:27:00,0.26530624548826154
2018-09-12 09:30:00,0.256006672036051
2018-09-12 09:33:00,0.3314707711929259
2018-09-12 09:36:00,0.3200583430456163
2018-09-12 09:39:00,0.2080715604556076
2018-09-12 09:42:00,0.1520223421265996
2018-09-12 09:45:00,0.2708386327160497
2018-09-12 09:48:00,0.3090300669380781
2018-09-12 09:51:00,0.5358919909043607
2018-09-12 09:54:00,0.5414097091659187
2018-09-12 09:57:00,0.29938475624430794
2018-09-12 10:00:00,0.4554175098728024
2018-09-12 10:03:00,0.41935484643391874
2018-09-12 10:06:00,0.46795825746318087
2018-09-12 10:09:00,0.3411582909460549
2018-09-12 10:12:00,0.3982691287525313
2018-09-12 10:15:00,0.5148360402943126
2018-09-12 10:18:00,0.5386918663490405
2018-09-12 10:21:00,0.4694008041990969
2018-09-12 10:24:00,0.43513211919429295
2018-09-12 10:27:00,0.29377853010856825
2018-09-12 10:30:00,0.2385115471817585
2018-09-12 10:33:00,0.263617480477194
2018-09-12 10:36:00,0.23256605400678154
2018-09-12 10:39:00,0.17574956087349847
2018-09-12 10:42:00,0.17805829169702747
2018-09-12 10:45:00,0.21728552072096363
2018-09-12 10:48:00,0.17096758057988382
2018-09-12 10:51:00,0.05643483583838815
2018-09-12 10:54:00,0.1829808760845708
2018-09-12 10:57:00,0.16812114250092236
2018-09-12 11:00:00,0.04258571191246574
2018-09-12 11:03:00,0.10097934521388652
2018-09-12 11:06:00,0.12590612923753497
2018-09-12 11:09:00,0.10772094029289292
2018-09-12 11:12:00,0.006489652411971747
2018-09-12 11:15:00,0.10154549520802902
2018-09-12 11:18:00,0.09514066504891616
2018-09-12 11:21:00,0.09979512447370098
2018-09-12 11:24:00,0.10809887816833452
2018-09-12 11:27:00,0.08150404976692016
2018-09-12 11:30:00,0.10666135875374039
2018-09-12 11:33:00,0.0064533353010460814
2018-09-12 11:36:00,-0.05817612945270412
2018-09-12 11:39:00,0.0894883650163365
2018-09-12 11:42:00,0.09285208174799209
2018-09-12 11:45:00,-0.04427402231465294
2018-09-12 11:48:00,0.11630286842404303
2018-09-12 11:51:00,0.4175637068869378
2018-09-12 11:54:00,0.3427329444205043
2018-09-12 11:57:00,0.12272802686885598
2018-09-12 12:00:00,0.013064000630663486
2018-09-12 12:03:00,-0.1825935525361615
2018-09-12 12:06:00,-0.06066148000923022
2018-09-12 12:09:00,-0.026673608705834795
2018-09-12 12:12:00,-0.25639362632000484
2018-09-12 12:15:00,-0.21286861981059246
2018-09-12 12:18:00,-0.15460763018688795
2018-09-12 12:21:00,-0.1752261497681502
2018-09-12 12:24:00,-0.24299163716045769
2018-09-12 12:27:00,-0.1960073509425797
2018-09-12 12:30:00,-0.19983071802022323
2018-09-12 12:33:00,-0.10858242640858862
2018-09-12 12:36:00,0.060479320609204024
2018-09-12 12:39:00,-0.07421594058268965
2018-09-12 12:42:00,-0.08127785659729625
2018-09-12 12:45:00,-0.051714351539772
2018-09-12 12:48:00,-0.03988463428476052
2018-09-12 12:51:00,-0.05399257898932319
2018-09-12 12:54:00,-0.008095492710083363
2018-09-12 12:57:00,-0.10260101859819315
2018-09-12 13:00:00,-0.11941087853551835
2018-09-12 13:03:00,-0.08064498639316753
2018-09-12 13:06:00,-0.19336427562018343
2018-09-12 13:09:00,-0.13574566964501855
2018-09-12 13:12:00,-0.1951243152724942
2018-09-12 13:15:00,-0.1669929468710052
2018-09-12 13:18:00,-0.13369028509850978
2018-09-12 13:21:00,-0.12899015589351848
2018-09-12 13:24:00,-0.18313459827169254
2018-09-12 13:27:00,-0.11034947913134374
2018-09-12 13:30:00,-0.10004257513725179
2018-09-12 13:33:00,-0.11024234290312052
2018-09-12 13:36:00,-0.10269797331227437
2018-09-12 13:39:00,-0.14801106588942048
2018-09-12 13:42:00,-0.1541958981828202
2018-09-12 13:45:00,-0.16330211347127488
2018-09-12 13:48:00,-0.23994869657389017
2018-09-12 13:51:00,-0.23211894069362415
2018-09-12 13:54:00,-0.3960874238612746
2018-09-12 13:57:00,-0.23837440729761283
2018-09-12 14:00:00,-0.19879567154697497
2018-09-12 14:03:00,-0.2055072682853165
2018-09-12 14:06:00,0.011540956933686175
2018-09-12 14:09:00,-0.02660541944464967
2018-09-12 14:12:00,-0.01005876205772438
2018-09-12 14:15:00,0.15768166927819038
2018-09-12 14:18:00,0.12609092002441002
2018-09-12 14:21:00,0.1304711563177534
2018-09-12 14:24:00,0.17464719134289908
2018-09-12 14:27:00,0.318543413192117
2018-09-12 14:30:00,0.29474645378741116
2018-09-12 14:33:00,0.26436485694233625
2018-09-12 14:36:00,0.1803754916421667
2018-09-12 14:39:00,0.02289561895463521
2018-09-12 14:42:00,0.09925287709711483
2018-09-12 14:45:00,0.16124412396732168
2018-09-12 14:48:00,-0.05754005642739912
2018-09-12 14:51:00,-0.04911574221165438
2018-09-12 14:54:00,0.04177548071612591
2018-09-12 14:57:00,-0.07379998633473406
2018-09-12 15:00:00,-0.013507090660880294
2018-09-12 15:03:00,0.008601708121204865
2018-09-12 15:06:00,-0.05010033941607617
2018-09-12 15:09:00,-0.06276991294902245
2018-09-12 15:12:00,0.0009476971155208957
2018-09-12 15:15:00,0.01719345381070525
2018-09-12 15:18:00,-0.18606706243139115
2018-09-12 15:21:00,-0.1933026448516557
2018-09-12 15:24:00,-0.3017460978065287
2018-09-12 15:27:00,-0.13277557362215475
2018-09-12 15:30:00,-0.13526101426231207
2018-09-12 15:33:00,-0.14821114572384886
2018-09-12 15:36:00,-0.21928762909669786
2018-09-12 15:39:00,-0.15363377884727925
2018-09-12 15:42:00,-0.15738084529266416
2018-09-12 15:45:00,-0.10410748611860754
2018-09-12 15:48:00,-0.12496325585669865
2018-09-12 15:51:00,-0.04432721632872472
2018-09-12 15:54:00,-0.10955440621785328
2018-09-12 15:57:00,-0.04727102670221939
2018-09-12 16:00:00,-0.13861182708814113
2018-09-12 16:03:00,-0.08703222621102213
2018-09-12 16:06:00,0.006765527415950601
2018-09-12 16:09:00,-0.14390107902403315
2018-09-12 16:12:00,-0.0776835558322091
2018-09-12 16:15:00,-0.039765351275036664
2018-09-12 16:18:00,-0.09088576131597392
2018-09-12 16:21:00,-0.1268169675761328
2018-09-12 16:24:00,-0.13933757041377248
2018-09-12 16:27:00,-0.09041772984159024
2018-09-12 16:30:00,-0.03959641453849372
2018-09-12 16:33:00,-0.019284469570266083
2018-09-12 16:36:00,-0.09588206007799727
2018-09-12 16:39:00,-0.03632984763993363
2018-09-12 16:42:00,-0.13610365730050944
2018-09-12 16:45:00,-0.153506675457038
2018-09-12 16:48:00,-0.14951809611812905
2018-09-12 16:51:00,-0.10736873433756955
2018-09-12 16:54:00,-0.14529044817231807
2018-09-12 16:57:00,-0.1758742927791559
2018-09-12 17:00:00,-0.20234531208387807
2018-09-12 17:03:00,-0.16968972324417564
2018-09-12 17:06:00,-0.16274640874394208
2018-09-12 17:09:00,-0.09655260175196645
2018-09-12 17:12:00,-0.2354195362827909
2018-09-12 17:15:00,-0.16700001833720535
2018-09-12 17:18:00,-0.07532000948310724
2018-09-12 17:21:00,-0.12298437072246315
2018-09-12 17:24:00,-0.10650851934815364
2018-09-12 17:27:00,-0.10679985487610111
2018-09-12 17:30:00,-0.13246644031761434
2018-09-12 17:33:00,-0.05718223288397439
2018-09-12 17:36:00,-0.09066339433729809
2018-09-12 17:39:00,-0.012678012674030015
2018-09-12 17:42:00,0.041531680398918525
2018-09-12 17:45:00,-0.08557856692198129
2018-09-12 17:48:00,-0.05240569442571541
2018-09-12 17:51:00,-0.05832531693914689
2018-09-12 17:54:00,-0.05715613535664943
2018-09-12 17:57:00,0.032190675792605816
2018-09-12 18:00:00,0.024154206705361503
2018-09-12 18:03:00,0.017337377114472474
2018-09-12 18:06:00,-0.048337383094178676
2018-09-12 18:09:00,0.05379072156063103
2018-09-12 18:12:00,0.07831883837047826
2018-09-12 18:15:00,0.08043403359829426
2018-09-12 18:18:00,0.0666401160319765
2018-09-12 18:21:00,-0.03847766582333634
2018-09-12 18:24:00,0.17703864965693583
2018-09-12 18:27:00,0.09049986912714303
2018-09-12 18:30:00,0.1648499757695845
2018-09-12 18:33:00,0.4610147057545646
2018-09-12 18:36:00,0.34596851642186266
2018-09-12 18:39:00,0.16116193075339424
2018-09-12 18:42:00,0.23328274309739072
2018-09-12 18:45:00,0.06694475894374818
2018-09-12 18:48:00,0.04305817359710318
2018-09-12 18:51:00,0.04194761983586659
2018-09-12 18:54:00,
2018-09-12 18:57:00,
2018-09-12 19:00:00,
2018-09-12 19:03:00,0.1916241648336836
2018-09-12 19:06:00,0.14638326902934296
2018-09-12 19:09:00,0.28060349079004254
2018-09-12 19:12:00,0.3258320970981572
2018-09-12 19:15:00,0.2336468146851871
2018-09-12 19:18:00,0.3598598844703247
2018-09-12 19:21:00,0.46885663408568234
2018-09-12 19:24:00,0.6321966712811786
2018-09-12 19:27:00,0.6654039733077184
2018-09-12 19:30:00,0.5790980444670595
2018-09-12 19:33:00,0.48004241539138093
2018-09-12 19:36:00,0.3906796566273556
2018-09-12 19:39:00,0.30686737641508444
2018-09-12 19:42:00,0.3597777446278201
2018-09-12 19:45:00,0.2439538718865606
2018-09-12 19:48:00,0.25766684822377783
2018-09-12 19:51:00,0.3761522304682785
2018-09-12 19:54:00,0.437082251479751
2018-09-12 19:57:00,0.4199455482286112
2018-09-12 20:00:00,0.6053874799098935
2018-09-12 20:03:00,0.43352576592980085
2018-09-12 20:06:00,0.6533968718998153
2018-09-12 20:09:00,0.5345459249053306
2018-09-12 20:12:00,0.4353685113133565
2018-09-12 20:15:00,0.6633701584051437
2018-09-12 20:18:00,0.48014527022343145
2018-09-12 20:21:00,0.2883827106471699
2018-09-12 20:24:00,0.2623718961884265
2018-09-12 20:27:00,0.33304797586401946
2018-09-12 20:30:00,0.3698326339913365
2018-09-12 20:33:00,0.21089155466904685
2018-09-12 20:36:00,0.19743865218464407
2018-09-12 20:39:00,0.14502084196641363
2018-09-12 20:42:00,0.17605477820711712
2018-09-12 20:45:00,0.14528606974823788
2018-09-12 20:48:00,0.18434662473663366
2018-09-12 20:51:00,0.20753330252364321
2018-09-12 20:54:00,0.2044225732471432
2018-09-12 20:57:00,0.10298861119690628
2018-09-12 21:00:00,0.0505685520755037
2018-09-12 21:03:00,0.17168491975195366
2018-09-12 21:06:00,0.2815426507453367
2018-09-12 21:09:00,0.1719492822671782
2018-09-12 21:12:00,0.10870072703608002
2018-09-12 21:15:00,0.0400177985742971
2018-09-12 21:18:00,0.10897956304461331
2018-09-12 21:21:00,0.12112392367868097
2018-09-12 21:24:00,0.1518344666180269
2018-09-12 21:27:00,0.17843014114521338
2018-09-12 21:30:00,0.1056927597475692
2018-09-12 21:33:00,0.1534820243630861
2018-09-12 21:36:00,0.16142855631625252
2018-09-12 21:39:00,0.16399756969804002
2018-09-12 21:42:00,0.16414998668068392
2018-09-12 21:45:00,0.08678959032977218
2018-09-12 21:48:00,0.12930375898730517
2018-09-12 21:51:00,0.08403952038651141
2018-09-12 21:54:00,0.07838534595799729
2018-09-12 21:57:00,0.11848609141588895
2018-09-12 22:00:00,0.050737004058873936
2018-09-12 22:03:00,0.07214112308088261
2018-09-12 22:06:00,0.06555409937516288
2018-09-12 22:09:00,0.13144005417370863
2018-09-12 22:12:00,0.14896720356625792
2018-09-12 22:15:00,0.05106465587579123
2018-09-12 22:18:00,0.052752008597224176
2018-09-12 22:21:00,0.1815079872962997
2018-09-12 22:24:00,0.08778827808293954
2018-09-12 22:27:00,0.05356560203404115
2018-09-12 22:30:00,0.10443654726196883
2018-09-12 22:33:00,0.13182511199767077
2018-09-12 22:36:00,0.06583873039130594
2018-09-12 22:39:00,0.10504726899171146
2018-09-12 22:42:00,0.09609776655543101
2018-09-12 22:45:00,0.17528238085492376
2018-09-12 22:48:00,0.1261688510680301
2018-09-12 22:51:00,0.12217498626984025
2018-09-12 22:54:00,0.1076856763410774
2018-09-12 22:57:00,0.0973068549365621
2018-09-12 23:00:00,0.1259380794504068
2018-09-12 23:03:00,0.15651569625907769
2018-09-12 23:06:00,0.0426297139010785
2018-09-12 23:09:00,0.05543060457159754
2018-09-12 23:12:00,0.191250690708614
2018-09-12 23:15:00,0.11916855388000158
2018-09-12 23:18:00,0.11246198778900407
2018-09-12 23:21:00,0.11048999142775529
2018-09-12 23:24:00,0.1695690648421646
2018-09-12 23:27:00,0.15650232992942392
2018-09-12 23:30:00,0.14786089398637614
2018-09-12 23:33:00,0.14126977422495202
2018-09-12 23:36:00,0.04900330265638786
2018-09-12 23:39:00,0.11988769034780944
2018-09-12 23:42:00,0.062393931236044864
2018-09-12 23:45:00,-0.003935140689350192
2018-09-12 23:48:00,0.17232829442571074
2018-09-12 23:51:00,0.04621936977645191
2018-09-12 23:54:00,0.10360748425750899
2018-09-12 23:57:00,0.09448592799475364
2018-09-13 00:00:00,0.0449582184471069
2018-09-13 00:03:00,0.11924675412677743
2018-09-13 00:06:00,0.17842581547728287
2018-09-13 00:09:00,0.0930915596298405
2018-09-13 00:12:00,0.11056387577264104
2018-09-13 00:15:00,0.19990491780390585
2018-09-13 00:18:00,0.2602953904565197
2018-09-13 00:21:00,0.23331653151797127
2018-09-13 00:24:00,0.331622342623632
2018-09-13 00:27:00,0.3190632417091024
2018-09-13 00:30:00,0.3652462585460512
2018-09-13 00:33:00,0.22023856675383513
2018-09-13 00:36:00,0.16324166482706914
2018-09-13 00:39:00,0.1299057033308486
2018-09-13 00:42:00,0.16178506341992716
2018-09-13 00:45:00,0.09970687565419212
2018-09-13 00:48:00,0.10756716706754332
2018-09-13 00:51:00,-0.02339575329364152
2018-09-13 00:54:00,0.15746725302625464
2018-09-13 00:57:00,0.09237740154941321
2018-09-13 01:00:00,0.11562223496991919
2018-09-13 01:03:00,0.1459220165255033
2018-09-13 01:06:00,0.13821458193791614
2018-09-13 01:09:00,0.19624672986486758
2018-09-13 01:12:00,0.17123576051272948
2018-09-13 01:15:00,0.1439091728862536
2018-09-13 01:18:00,0.2594459171297103
2018-09-13 01:21:00,0.23047127405504853
2018-09-13 01:24:00,0.30580628375184915
2018-09-13 01:27:00,0.2807889867722224
2018-09-13 01:30:00,0.19768516281567372
2018-09-13 01:33:00,0.25092765943566064
2018-09-13 01:36:00,0.24255805684646248
2018-09-13 01:39:00,0.24015811843520396
2018-09-13 01:42:00,0.24370757703735535
2018-09-13 01:45:00,0.2353541300679467
2018-09-13 01:48:00,0.17774393552070933
2018-09-13 01:51:00,0.16201700855555146
2018-09-13 01:54:00,0.19271168677198602
2018-09-13 01:57:00,0.233334716080833
2018-09-13 02:00:00,0.19964957098534342
2018-09-13 02:03:00,0.1379868271117175
2018-09-13 02:06:00,0.23474962350775286
2018-09-13 02:09:00,0.23392107983693222
2018-09-13 02:12:00,0.1588509224782797
2018-09-13 02:15:00,0.25353886096866063
2018-09-13 02:18:00,0.21092801785380288
2018-09-13 02:21:00,0.28224391820202754
2018-09-13 02:24:00,0.3253905450885668
2018-09-13 02:27:00,0.2191610241007993
2018-09-13 02:30:00,0.2660142858874792
2018-09-13 02:33:00,0.264122433409284
2018-09-13 02:36:00,0.22534813159182931
2018-09-13 02:39:00,0.2545043452946061
2018-09-13 02:42:00,0.14373014070889667
2018-09-13 02:45:00,0.15993798067086118
2018-09-13 02:48:00,0.20850603958905367
2018-09-13 02:51:00,0.23422070813126084
2018-09-13 02:54:00,0.1452020632218023
2018-09-13 02:57:00,0.2881015233113544
2018-09-13 03:00:00,0.3097102765058821
2018-09-13 03:03:00,0.28425696938961664
2018-09-13 03:06:00,0.34891016136197095
2018-09-13 03:09:00,0.28219904360514647
2018-09-13 03:12:00,0.24873994346927475
2018-09-13 03:15:00,0.3104484642911416
2018-09-13 03:18:00,0.3085834884257679
2018-09-13 03:21:00,0.3078543759290824
2018-09-13 03:24:00,0.3071178864593094
2018-09-13 03:27:00,0.23714225522581955
2018-09-13 03:30:00,0.28823868530400887
2018-09-13 03:33:00,0.36728797885189124
2018-09-13 03:36:00,0.33651966504459097
2018-09-13 03:39:00,0.32977662445040323
2018-09-13 03:42:00,0.3913432433591879
2018-09-13 03:45:00,0.2753589359304556
2018-09-13 03:48:00,0.33008483174847925
2018-09-13 03:51:00,0.2874828727452723
2018-09-13 03:54:00,0.35934960762739365
2018-09-13 03:57:00,0.2559049292057125
2018-09-13 04:00:00,0.2763937214660359
2018-09-13 04:03:00,0.167398335224334
2018-09-13 04:06:00,0.1959776550963852
2018-09-13 04:09:00,0.2287427021378221
2018-09-13 04:12:00,0.24345856528640297
2018-09-13 04:15:00,0.22711194493325593
2018-09-13 04:18:00,0.28568257478480064
2018-09-13 04:21:00,0.22677419371422047
2018-09-13 04:24:00,0.3584990289679695
2018-09-13 04:27:00,0.37961209426873666
2018-09-13 04:30:00,0.24058336277732906
2018-09-13 04:33:00,0.199432392981862
2018-09-13 04:36:00,0.2848045802952015
2018-09-13 04:39:00,0.19562757980492052
2018-09-13 04:42:00,0.2091326174223127
2018-09-13 04:45:00,0.2667379787031905
2018-09-13 04:48:00,0.26898687611111427
2018-09-13 04:51:00,0.25459833329512094
2018-09-13 04:54:00,0.3450776542509857
2018-09-13 04:57:00,0.22318372687470855
2018-09-13 05:00:00,0.3051152833498918
2018-09-13 05:03:00,0.3357146223979157
2018-09-13 05:06:00,0.2658873169606295
2018-09-13 05:09:00,0.2447914608913493
2018-09-13 05:12:00,0.3660055298757925
2018-09-13 05:15:00,0.21647253712933434
2018-09-13 05:18:00,0.2620315944903382
2018-09-13 05:21:00,0.2784511411086328
2018-09-13 05:24:00,0.2746582124713086
2018-09-13 05:27:00,0.29432010859517277
2018-09-13 05:30:00,0.23186296315674326
2018-09-13 05:33:00,0.14890078939458817
2018-09-13 05:36:00,0.29280558404877866
2018-09-13 05:39:00,0.306093337875609
2018-09-13 05:42:00,0.3622801299558205
2018-09-13 05:45:00,0.3083820128335901
2018-09-13 05:48:00,0.3448993894432988
2018-09-13 05:51:00,0.2777748732647751
2018-09-13 05:54:00,0.3410896709315807
2018-09-13 05:57:00,0.41189711705999343
2018-09-13 06:00:00,0.33393349266526684
2018-09-13 06:03:00,0.27293566449623086
2018-09-13 06:06:00,0.3888416801989365
2018-09-13 06:09:00,0.3642081685379708
2018-09-13 06:12:00,0.35961813840464174
2018-09-13 06:15:00,0.3663791106282588
2018-09-13 06:18:00,0.30454544319201204
2018-09-13 06:21:00,0.33775955812325265
2018-09-13 06:24:00,0.25147430847346186
2018-09-13 06:27:00,0.3555045999726758
2018-09-13 06:30:00,0.3113483542923632
2018-09-13 06:33:00,0.2697191606080196
2018-09-13 06:36:00,0.18261713169738414
2018-09-13 06:39:00,0.3561597366847309
2018-09-13 06:42:00,0.28881474402544427
2018-09-13 06:45:00,0.3084969029405329
2018-09-13 06:48:00,0.2734929168292979
2018-09-13 06:51:00,0.3142066440673261
2018-09-13 06:54:00,0.26488887800542216
2018-09-13 06:57:00,0.2839423724551011
2018-09-13 07:00:00,0.3315945265180744
2018-09-13 07:03:00,0.23600593887380228
2018-09-13 07:06:00,0.29468200901322916
2018-09-13 07:09:00,0.20079734789635495
2018-09-13 07:12:00,0.31963582811363267
2018-09-13 07:15:00,0.21036530877250925
2018-09-13 07:18:00,0.19258448922204252
2018-09-13 07:21:00,0.213157262786126
2018-09-13 07:24:00,0.27065302256363566
2018-09-13 07:27:00,0.25873091846392526
2018-09-13 07:30:00,0.28559180331149037
2018-09-13 07:33:00,0.2662094385140108
2018-09-13 07:36:00,0.11548090556755142
2018-09-13 07:39:00,0.25825728996670705
2018-09-13 07:42:00,0.21157968718119946
2018-09-13 07:45:00,0.23118132269479474
2018-09-13 07:48:00,0.23608200413690383
2018-09-13 07:51:00,0.22231041422656972
2018-09-13 07:54:00,0.252661813146176
2018-09-13 07:57:00,0.25191112147160766
2018-09-13 08:00:00,0.15672261923720043
2018-09-13 08:03:00,0.1923153467995462
2018-09-13 08:06:00,0.25041254631724996
2018-09-13 08:09:00,0.25106424334586563
2018-09-13 08:12:00,0.13756019414108778
2018-09-13 08:15:00,0.11604419440277525
2018-09-13 08:18:00,0.1849400307943938
2018-09-13 08:21:00,0.13146005791560356
2018-09-13 08:24:00,0.17995242311945958
2018-09-13 08:27:00,0.20978731132487383
2018-09-13 08:30:00,0.09729997300507875
2018-09-13 08:33:00,0.17134516391342913
2018-09-13 08:36:00,0.069164662203832
2018-09-13 08:39:00,0.10055060638535451
2018-09-13 08:42:00,0.15818380459279524
2018-09-13 08:45:00,0.04238025980856719
2018-09-13 08:48:00,0.08276829953990728
2018-09-13 08:51:00,0.27123009163864253
2018-09-13 08:54:00,0.0804951061538759
2018-09-13 08:57:00,0.021387731179345337
2018-09-13 09:00:00,0.049949748821632056
2018-09-13 09:03:00,0.0920704295127166
2018-09-13 09:06:00,0.08565079575913614
2018-09-13 09:09:00,0.03465523127152892
2018-09-13 09:12:00,0.08899992501744691
2018-09-13 09:15:00,0.10950069754738934
2018-09-13 09:18:00,0.025264410768272683
2018-09-13 09:21:00,0.05622374240527961
2018-09-13 09:24:00,0.031438832578658094
2018-09-13 09:27:00,0.1661717428785323
2018-09-13 09:30:00,0.12085802632213927
2018-09-13 09:33:00,0.09281764348963861
2018-09-13 09:36:00,0.11240123945731284
2018-09-13 09:39:00,0.13670330265097164
2018-09-13 09:42:00,0.023476598088166156
2018-09-13 09:45:00,0.13154462179630855
2018-09-13 09:48:00,0.11304917034550499
2018-09-13 09:51:00,0.15040633866306052
2018-09-13 09:54:00,0.12729419246414864
2018-09-13 09:57:00,0.03934366729129124
2018-09-13 10:00:00,0.07579904390593128
2018-09-13 10:03:00,-0.011071527852550389
2018-09-13 10:06:00,0.022815063641928646
2018-09-13 10:09:00,0.10857121466619901
2018-09-13 10:12:00,0.06196787220136457
2018-09-13 10:15:00,0.07736498503936673
2018-09-13 10:18:00,0.14503054013738392
2018-09-13 10:21:00,0.09653908418425772
2018-09-13 10:24:00,0.20991752210090908
2018-09-13 10:27:00,0.2048639726671695
2018-09-13 10:30:00,0.1734309395699256
2018-09-13 10:33:00,0.1621320789451488
2018-09-13 10:36:00,0.057839108770679104
2018-09-13 10:39:00,0.4505019244690516
2018-09-13 10:42:00,0.2250633764227814
2018-09-13 10:45:00,0.3864059284131258
2018-09-13 10:48:00,0.2033901151614259
2018-09-13 10:51:00,0.04452842327691542
2018-09-13 10:54:00,-0.07788412571539993
2018-09-13 10:57:00,0.03535286533474391
2018-09-13 11:00:00,-0.20423189973058697
2018-09-13 11:03:00,-0.1187759593083797
2018-09-13 11:06:00,-0.07268289668184025
2018-09-13 11:09:00,-0.005185338884700741
2018-09-13 11:12:00,-0.08084057582243531
2018-09-13 11:15:00,-0.006408391755826415
2018-09-13 11:18:00,-0.04251804325969033
2018-09-13 11:21:00,0.02514114150437763
2018-09-13 11:24:00,-0.02431510410883675
2018-09-13 11:27:00,0.09275921658490915
2018-09-13 11:30:00,0.10525261409929954
2018-09-13 11:33:00,0.27305190389597556
2018-09-13 11:36:00,0.1399070162815974
2018-09-13 11:39:00,0.12791800751216442
2018-09-13 11:42:00,0.04164998647581797
2018-09-13 11:45:00,0.11635297685313617
2018-09-13 11:48:00,0.1149889872554013
2018-09-13 11:51:00,0.03375620191178541
2018-09-13 11:54:00,-0.039383733705506074
2018-09-13 11:57:00,-0.0868627935249151
2018-09-13 12:00:00,-0.0917513926584661
2018-09-13 12:03:00,0.016240995689656756
2018-09-13 12:06:00,0.019771963820176097
2018-09-13 12:09:00,0.035233774743801405
2018-09-13 12:12:00,0.14671122644483603
2018-09-13 12:15:00,0.05336386944321703
2018-09-13 12:18:00,-0.1287840693038902
2018-09-13 12:21:00,-0.006625308778325234
2018-09-13 12:24:00,-0.018238441657217663
2018-09-13 12:27:00,-0.04138906817905763
2018-09-13 12:30:00,-0.054930312084763955
2018-09-13 12:33:00,0.06813363081670332
2018-09-13 12:36:00,0.1892142353758004
2018-09-13 12:39:00,0.2626662120765104
2018-09-13 12:42:00,0.24423121231916411
2018-09-13 12:45:00,0.3475035454138151
2018-09-13 12:48:00,0.4053895472212048
2018-09-13 12:51:00,0.5524262574119234
2018-09-13 12:54:00,0.4868542575971446
2018-09-13 12:57:00,0.49852629517118885
2018-09-13 13:00:00,0.45608011322491393
2018-09-13 13:03:00,0.3647969561600348
2018-09-13 13:06:00,0.2979129880304754
2018-09-13 13:09:00,0.30293267007294844
2018-09-13 13:12:00,0.3242983466874989
2018-09-13 13:15:00,0.2543965369158059
2018-09-13 13:18:00,0.32965104788308963
2018-09-13 13:21:00,0.23698654745913927
2018-09-13 13:24:00,0.2541792186436851
2018-09-13 13:27:00,0.19522092648963962
2018-09-13 13:30:00,0.1287379888671012
2018-09-13 13:33:00,0.2121786284976679
2018-09-13 13:36:00,0.18706655266981898
2018-09-13 13:39:00,0.2536270458312515
2018-09-13 13:42:00,0.34489953445199717
2018-09-13 13:45:00,0.25437839360245107
2018-09-13 13:48:00,0.25096398012084364
2018-09-13 13:51:00,0.4149628969265109
2018-09-13 13:54:00,0.42213688671137106
2018-09-13 13:57:00,0.4672851193336669
2018-09-13 14:00:00,0.42091067192296805
2018-09-13 14:03:00,0.4116399404790059
2018-09-13 14:06:00,0.3879993694448558
2018-09-13 14:09:00,0.3588208514658504
2018-09-13 14:12:00,0.3875901101549175
2018-09-13 14:15:00,0.3585820671074771
2018-09-13 14:18:00,0.36900107730019727
2018-09-13 14:21:00,0.4170085412811204
2018-09-13 14:24:00,0.38354355304988985
2018-09-13 14:27:00,0.3132670741055108
2018-09-13 14:30:00,0.30830738178144657
2018-09-13 14:33:00,0.27833454520759915
2018-09-13 14:36:00,0.17718305302770432
2018-09-13 14:39:00,0.24523341079105876
2018-09-13 14:42:00,0.25997878009042097
2018-09-13 14:45:00,0.30630737527548035
2018-09-13 14:48:00,0.2891359589692115
2018-09-13 14:51:00,0.3506271313272009
2018-09-13 14:54:00,0.3555910359149266
2018-09-13 14:57:00,0.403643667838935
2018-09-13 15:00:00,0.3774768085717142
2018-09-13 15:03:00,0.39184382970154275
2018-09-13 15:06:00,0.4105212742693993
2018-09-13 15:09:00,0.5519397322584609
2018-09-13 15:12:00,0.5784312571599344
2018-09-13 15:15:00,0.48759106239845096
2018-09-13 15:18:00,0.44561346323200723
2018-09-13 15:21:00,0.4003167696305354
2018-09-13 15:24:00,0.48789097294542216
2018-09-13 15:27:00,0.42468010068262174
2018-09-13 15:30:00,0.41978734939283413
2018-09-13 15:33:00,0.3884244542227293
2018-09-13 15:36:00,0.33520124781239247
2018-09-13 15:39:00,0.24515825052225182
2018-09-13 15:42:00,0.3484511551052947
2018-09-13 15:45:00,0.3007564518242134
2018-09-13 15:48:00,0.3381448578523987
2018-09-13 15:51:00,0.2804690487276389
2018-09-13 15:54:00,0.27165736727005196
2018-09-13 15:57:00,0.3338797711714392
2018-09-13 16:00:00,0.2857103606195892
2018-09-13 16:03:00,0.2937253960694193
2018-09-13 16:06:00,0.2787385619087672
2018-09-13 16:09:00,0.3505937284378433
2018-09-13 16:12:00,0.3219543624705352
2018-09-13 16:15:00,0.2112908809574492
2018-09-13 16:18:00,0.2511416080760114
2018-09-13 16:21:00,0.18712526161067444
2018-09-13 16:24:00,0.15208344610937274
2018-09-13 16:27:00,0.17443360667692787
2018-09-13 16:30:00,0.1685003600458117
2018-09-13 16:33:00,0.18577137141818412
2018-09-13 16:36:00,0.09836005948261572
2018-09-13 16:39:00,0.17181246886917734
2018-09-13 16:42:00,0.1930010097942727
2018-09-13 16:45:00,0.08909539676875511
2018-09-13 16:48:00,0.09871129691146052
2018-09-13 16:51:00,0.10718884727651812
2018-09-13 16:54:00,0.1279882720057799
2018-09-13 16:57:00,0.18241489514258546
2018-09-13 17:00:00,0.18912760662573191
2018-09-13 17:03:00,0.24294694447360143
2018-09-13 17:06:00,0.16008983079086647
2018-09-13 17:09:00,0.12966401548430895
2018-09-13 17:12:00,0.15252120884014175
2018-09-13 17:15:00,0.19299895342550144
2018-09-13 17:18:00,0.11532281421222024
2018-09-13 17:21:00,0.23193075326230428
2018-09-13 17:24:00,0.09804832668851304
2018-09-13 17:27:00,0.17563368184625006
2018-09-13 17:30:00,0.1686930350271041
2018-09-13 17:33:00,0.1998934745165002
2018-09-13 17:36:00,0.0501771569059315
2018-09-13 17:39:00,0.09962658104461752
2018-09-13 17:42:00,0.01172204101845864
2018-09-13 17:45:00,0.025643567547263046
2018-09-13 17:48:00,0.12071525932026361
2018-09-13 17:51:00,0.08439086494172443
2018-09-13 17:54:00,0.06174727176539818
2018-09-13 17:57:00,0.0658970408778714
2018-09-13 18:00:00,0.09079127718905511
2018-09-13 18:03:00,0.05972704413983365
2018-09-13 18:06:00,0.08041803195550301
2018-09-13 18:09:00,0.13447116269031767
2018-09-13 18:12:00,0.01997353801493773
2018-09-13 18:15:00,0.057170820917690435
2018-09-13 18:18:00,0.0291060317741767
2018-09-13 18:21:00,0.041829552132924164
2018-09-13 18:24:00,0.07245025611553046
2018-09-13 18:27:00,0.0678714915829346
2018-09-13 18:30:00,0.052346806151149394
2018-09-13 18:33:00,0.09322104681797327
2018-09-13 18:36:00,0.07916584820446815
2018-09-13 18:39:00,0.08515986710273182
2018-09-13 18:42:00,-0.001009866828894701
2018-09-13 18:45:00,0.01714226382949846
2018-09-13 18:48:00,-0.011750364732904472
2018-09-13 18:51:00,0.08060187603331315
2018-09-13 18:54:00,
2018-09-13 18:57:00,
2018-09-13 19:00:00,
2018-09-13 19:03:00,0.07816897671830247
2018-09-13 19:06:00,0.06920973834706956
2018-09-13 19:09:00,0.05925112221939344
2018-09-13 19:12:00,0.024453375571738434
2018-09-13 19:15:00,0.052650567225839495
2018-09-13 19:18:00,0.07106694729174023
2018-09-13 19:21:00,0.15072979897155392
2018-09-13 19:24:00,0.12945519793777294
2018-09-13 19:27:00,0.09061228948365851
2018-09-13 19:30:00,0.11134946325881856
2018-09-13 19:33:00,0.12152746711961981
2018-09-13 19:36:00,0.014076387792840706
2018-09-13 19:39:00,0.018547621017773963
2018-09-13 19:42:00,0.05902346747672027
2018-09-13 19:45:00,0.14422172226858265
2018-09-13 19:48:00,0.1269911717468517
2018-09-13 19:51:00,0.11571190308063706
2018-09-13 19:54:00,0.19182841166013986
2018-09-13 19:57:00,0.11030302299070627
2018-09-13 20:00:00,0.10857781403245781
2018-09-13 20:03:00,0.08545068328925254
2018-09-13 20:06:00,0.09849734463006143
2018-09-13 20:09:00,0.10818699352751082
2018-09-13 20:12:00,0.1950605804891552
2018-09-13 20:15:00,0.13936088384105005
2018-09-13 20:18:00,0.05226258033854947
2018-09-13 20:21:00,0.1154067716784084
2018-09-13 20:24:00,0.021296231523649567
2018-09-13 20:27:00,0.1301793500716144
2018-09-13 20:30:00,0.1066324127617122
2018-09-13 20:33:00,0.04038395375971504
2018-09-13 20:36:00,0.09421241620225373
2018-09-13 20:39:00,0.07899748029529974
2018-09-13 20:42:00,0.039552332606035634
2018-09-13 20:45:00,0.03984115200694305
2018-09-13 20:48:00,0.009544461700272677
2018-09-13 20:51:00,0.05845191214666556
2018-09-13 20:54:00,0.1591466213076842
2018-09-13 20:57:00,0.07472925755786264
2018-09-13 21:00:00,0.039488859135985876
2018-09-13 21:03:00,0.030940764832791956
2018-09-13 21:06:00,0.059433612797192836
2018-09-13 21:09:00,0.0957394391713251
2018-09-13 21:12:00,0.1421558635381075
2018-09-13 21:15:00,0.03483875273440162
2018-09-13 21:18:00,0.07445929752458369
2018-09-13 21:21:00,0.13461335675708597
2018-09-13 21:24:00,0.054926548135256326
2018-09-13 21:27:00,0.18065219056927617
2018-09-13 21:30:00,0.04907147836399872
2018-09-13 21:33:00,0.011249753809920549
2018-09-13 21:36:00,0.04231235092026964
2018-09-13 21:39:00,0.1373850313795515
2018-09-13 21:42:00,0.1417950437569857
2018-09-13 21:45:00,0.08510844635895864
2018-09-13 21:48:00,0.12907273738403546
2018-09-13 21:51:00,0.1552736322171313
2018-09-13 21:54:00,0.08816354081216105
2018-09-13 21:57:00,0.13250104956375708
2018-09-13 22:00:00,0.07582900857158847
2018-09-13 22:03:00,0.17194232197510928
2018-09-13 22:06:00,0.07621465139453676
2018-09-13 22:09:00,0.1701084680508984
2018-09-13 22:12:00,0.17148285892000104
2018-09-13 22:15:00,0.15322530831281256
2018-09-13 22:18:00,0.10834656816558663
2018-09-13 22:21:00,0.13358844360203648
2018-09-13 22:24:00,0.17812786091900534
2018-09-13 22:27:00,0.10979548300809938
2018-09-13 22:30:00,0.1846835347921001
2018-09-13 22:33:00,0.058617528412128195
2018-09-13 22:36:00,0.13593442802408617
2018-09-13 22:39:00,0.2426182867035891
2018-09-13 22:42:00,0.18928119640611385
2018-09-13 22:45:00,0.19095015064266363
2018-09-13 22:48:00,0.08499643012919478
2018-09-13 22:51:00,0.1453141027703282
2018-09-13 22:54:00,0.13822695123235462
2018-09-13 22:57:00,0.16613718722629756
2018-09-13 23:00:00,0.14945745830522128
2018-09-13 23:03:00,0.24463908885303454
2018-09-13 23:06:00,0.19842076986685697
2018-09-13 23:09:00,0.14130444585856594
2018-09-13 23:12:00,0.13912354569521312
2018-09-13 23:15:00,0.219615960118972
2018-09-13 23:18:00,0.17369406251890496
2018-09-13 23:21:00,0.13679837517321403
2018-09-13 23:24:00,0.09213488253266178
2018-09-13 23:27:00,0.2855127031132838
2018-09-13 23:30:00,0.24438150939346315
2018-09-13 23:33:00,0.15612516374318375
2018-09-13 23:36:00,0.14490772885483238
2018-09-13 23:39:00,0.22443850391101705
2018-09-13 23:42:00,0.17144585628125242
2018-09-13 23:45:00,0.12202972635026299
2018-09-13 23:48:00,0.15892694666126772
2018-09-13 23:51:00,0.17061923406788537
2018-09-13 23:54:00,0.13068753741265482
2018-09-13 23:57:00,0.1577105821872351
2018-09-14 00:00:00,0.20859620699070547
2018-09-14 00:03:00,0.14915887849889486
2018-09-14 00:06:00,0.1965578713976015
2018-09-14 00:09:00,0.13489436558216994
2018-09-14 00:12:00,0.0642865668964987
2018-09-14 00:15:00,0.09591622105494935
2018-09-14 00:18:00,0.05723967394533247
2018-09-14 00:21:00,0.07610231045134697
2018-09-14 00:24:00,0.17233851806088296
2018-09-14 00:27:00,0.02307075741890685
2018-09-14 00:30:00,0.22381995020430168
2018-09-14 00:33:00,0.1330997340331237
2018-09-14 00:36:00,0.20533482898025568
2018-09-14 00:39:00,0.17001568508925402
2018-09-14 00:42:00,0.13342416665472
2018-09-14 00:45:00,0.10869556697770122
2018-09-14 00:48:00,0.18074720762399465
2018-09-14 00:51:00,0.13791642298372153
2018-09-14 00:54:00,0.19768071490187822
2018-09-14 00:57:00,0.1389794987262576
2018-09-14 01:00:00,0.18943384807272423
2018-09-14 01:03:00,0.11641499863651461
2018-09-14 01:06:00,0.15317988248909842
2018-09-14 01:09:00,0.07885837610615454
2018-09-14 01:12:00,0.09424969213461054
2018-09-14 01:15:00,0.2134181527731016
2018-09-14 01:18:00,0.14912485897946226
2018-09-14 01:21:00,0.07347487660803154
2018-09-14 01:24:00,0.2571774077233613
2018-09-14 01:27:00,0.1528363896068754
2018-09-14 01:30:00,0.10187675334424284
2018-09-14 01:33:00,0.10035390759503571
2018-09-14 01:36:00,0.15722242422697263
2018-09-14 01:39:00,0.07090614722574173
2018-09-14 01:42:00,0.18737825007872289
2018-09-14 01:45:00,0.24022357815420037
2018-09-14 01:48:00,0.1892041888582412
2018-09-14 01:51:00,0.21042387570599885
2018-09-14 01:54:00,0.22134217333973538
2018-09-14 01:57:00,0.23634349244946407
2018-09-14 02:00:00,0.22705836237986432
2018-09-14 02:03:00,0.18649177316075338
2018-09-14 02:06:00,0.24692623019086568
2018-09-14 02:09:00,0.12333544510914862
2018-09-14 02:12:00,0.12654381188821162
2018-09-14 02:15:00,0.1937496313197471
2018-09-14 02:18:00,0.2221396975943435
2018-09-14 02:21:00,0.18041065730784567
2018-09-14 02:24:00,0.18464696282831028
2018-09-14 02:27:00,0.1849671042335217
2018-09-14 02:30:00,0.187270896532425
2018-09-14 02:33:00,0.2253802831103826
2018-09-14 02:36:00,0.15957221332945437
2018-09-14 02:39:00,0.1610463598753995
2018-09-14 02:42:00,0.23448305605467112
2018-09-14 02:45:00,0.13918396469364325
2018-09-14 02:48:00,0.20027094930316025
2018-09-14 02:51:00,0.18748655072226939
2018-09-14 02:54:00,0.21312787262525035
2018-09-14 02:57:00,0.17022159006518223
2018-09-14 03:00:00,0.20088795254361003
2018-09-14 03:03:00,0.1822247798428407
2018-09-14 03:06:00,0.08371465144142576
2018-09-14 03:09:00,0.21174553908906546
2018-09-14 03:12:00,0.24939217690530313
2018-09-14 03:15:00,0.15062697122414193
2018-09-14 03:18:00,0.1966707819583462
2018-09-14 03:21:00,0.12181348032925143
2018-09-14 03:24:00,0.1603989079590633
2018-09-14 03:27:00,0.11517671033834631
2018-09-14 03:30:00,0.21024604493618426
2018-09-14 03:33:00,0.17043381832928617
2018-09-14 03:36:00,0.22751957720390692
2018-09-14 03:39:00,0.20930361608986914
2018-09-14 03:42:00,0.16827486589465934
2018-09-14 03:45:00,0.21370517962373015
2018-09-14 03:48:00,0.26281848510581085
2018-09-14 03:51:00,0.20259220166440173
2018-09-14 03:54:00,0.09582433343086905
2018-09-14 03:57:00,0.13537795135539454
2018-09-14 04:00:00,0.18980313794918402
2018-09-14 04:03:00,0.1531068694980604
2018-09-14 04:06:00,0.1146828570698517
2018-09-14 04:09:00,0.18202563232574676
2018-09-14 04:12:00,0.11683052304596231
2018-09-14 04:15:00,0.04136234564737151
2018-09-14 04:18:00,0.18482262650036319
2018-09-14 04:21:00,0.20266988341791148
2018-09-14 04:24:00,0.14424328063296343
2018-09-14 04:27:00,0.21362307058655006
2018-09-14 04:30:00,0.05580312422756606
2018-09-14 04:33:00,0.1493750375391869
2018-09-14 04:36:00,0.1883667300028833
2018-09-14 04:39:00,0.20507635892624876
2018-09-14 04:42:00,0.13446294847949503
2018-09-14 04:45:00,0.21171302473516107
2018-09-14 04:48:00,0.19074301025585783
2018-09-14 04:51:00,0.2540183437143355
2018-09-14 04:54:00,0.24664511201541472
2018-09-14 04:57:00,0.26367304028957506
2018-09-14 05:00:00,0.3531359933021463
2018-09-14 05:03:00,0.14882305781355853
2018-09-14 05:06:00,0.29859714863107456
2018-09-14 05:09:00,0.18481325800752302
2018-09-14 05:12:00,0.26848673766005504
2018-09-14 05:15:00,0.24772421356800578
2018-09-14 05:18:00,0.23715183720685218
2018-09-14 05:21:00,0.19988663234568094
2018-09-14 05:24:00,0.28929574195007035
2018-09-14 05:27:00,0.23485831047617012
2018-09-14 05:30:00,0.2264262771169001
2018-09-14 05:33:00,0.24972768295879177
2018-09-14 05:36:00,0.22975849646178403
2018-09-14 05:39:00,0.25972685525914585
2018-09-14 05:42:00,0.2800100976007798
2018-09-14 05:45:00,0.24929801622181458
2018-09-14 05:48:00,0.16820882122664216
2018-09-14 05:51:00,0.21395748544625803
2018-09-14 05:54:00,0.25110459182798195
2018-09-14 05:57:00,0.23879448962179595
2018-09-14 06:00:00,0.23608041414718173
2018-09-14 06:03:00,0.28056732054881195
2018-09-14 06:06:00,0.24719843352380622
2018-09-14 06:09:00,0.23705408637943037
2018-09-14 06:12:00,0.25032935772475184
2018-09-14 06:15:00,0.24858971162944954
2018-09-14 06:18:00,0.20769629994236993
2018-09-14 06:21:00,0.19035769834817984
2018-09-14 06:24:00,0.266194700629967
2018-09-14 06:27:00,0.15191127864449072
2018-09-14 06:30:00,0.24318717473289553
2018-09-14 06:33:00,0.29692479625128954
2018-09-14 06:36:00,0.34281016695956623
2018-09-14 06:39:00,0.2595741698457914
2018-09-14 06:42:00,0.24625729821991627
2018-09-14 06:45:00,0.2078736227674085
2018-09-14 06:48:00,0.35758870245285834
2018-09-14 06:51:00,0.3345373513666914
2018-09-14 06:54:00,0.27644996533177846
2018-09-14 06:57:00,0.3156517588590759
2018-09-14 07:00:00,0.3455519622712586
2018-09-14 07:03:00,0.2744951447238577
2018-09-14 07:06:00,0.2726578764091414
2018-09-14 07:09:00,0.26860924841065525
2018-09-14 07:12:00,0.2662256461891275
2018-09-14 07:15:00,0.2994467047570879
2018-09-14 07:18:00,0.3090990568254597
2018-09-14 07:21:00,0.27983821939176323
2018-09-14 07:24:00,0.22981027598285664
2018-09-14 07:27:00,0.2691135819697479
2018-09-14 07:30:00,0.2538889611590207
2018-09-14 07:33:00,0.379942384357264
2018-09-14 07:36:00,0.30283175413313757
2018-09-14 07:39:00,0.27392720492139233
2018-09-14 07:42:00,0.3569967006351362
2018-09-14 07:45:00,0.3145370127895717
2018-09-14 07:48:00,0.18992079687899377
2018-09-14 07:51:00,0.2535008231543543
2018-09-14 07:54:00,0.2924346231203572
2018-09-14 07:57:00,0.3141903222615383
2018-09-14 08:00:00,0.22984474137871302
2018-09-14 08:03:00,0.2694384245664878
2018-09-14 08:06:00,0.24754045220527132
2018-09-14 08:09:00,0.2810270957278931
2018-09-14 08:12:00,0.2497915386202294
2018-09-14 08:15:00,0.21887370773168868
2018-09-14 08:18:00,0.26054695060349786
2018-09-14 08:21:00,0.17267485226199142
2018-09-14 08:24:00,0.2017949369791836
2018-09-14 08:27:00,0.16090302545876511
2018-09-14 08:30:00,0.1629430601295212
2018-09-14 08:33:00,0.2476228468333943
2018-09-14 08:36:00,0.19946369537137798
2018-09-14 08:39:00,0.15078252184406438
2018-09-14 08:42:00,0.1884051477062485
2018-09-14 08:45:00,0.15431026787564406
2018-09-14 08:48:00,0.1987060235405238
2018-09-14 08:51:00,0.1113585065523921
2018-09-14 08:54:00,0.13017931376424485
2018-09-14 08:57:00,0.08730842653852733
2018-09-14 09:00:00,0.20459073355448254
2018-09-14 09:03:00,0.14897429767012227
2018-09-14 09:06:00,0.18262252012925728
2018-09-14 09:09:00,0.11637676851927381
2018-09-14 09:12:00,0.09495537378245444
2018-09-14 09:15:00,0.16573874266509847
2018-09-14 09:18:00,0.092948798562702
2018-09-14 09:21:00,0.13535847755304076
2018-09-14 09:24:00,0.10801260806073287
2018-09-14 09:27:00,0.04994640766079783
2018-09-14 09:30:00,0.0393353530486138
2018-09-14 09:33:00,0.06113781853150613
2018-09-14 09:36:00,0.12826295115860376
2018-09-14 09:39:00,0.05269858924128812
2018-09-14 09:42:00,0.1128417675809601
2018-09-14 09:45:00,0.12516554825486992
2018-09-14 09:48:00,0.011381356109893659
2018-09-14 09:51:00,0.06087703521671983
2018-09-14 09:54:00,0.1128909406825187
2018-09-14 09:57:00,0.10702900238351276
2018-09-14 10:00:00,-0.014589058468061467
2018-09-14 10:03:00,0.06988171901923579
2018-09-14 10:06:00,0.06564081447726267
2018-09-14 10:09:00,0.003891604728380571
2018-09-14 10:12:00,0.11528928082367429
2018-09-14 10:15:00,0.04432811049173324
2018-09-14 10:18:00,-0.053035352990775664
2018-09-14 10:21:00,-0.007927020184524736
2018-09-14 10:24:00,-0.04737056945236873
2018-09-14 10:27:00,0.032066331303440165
2018-09-14 10:30:00,-0.04833973045759876
2018-09-14 10:33:00,0.013739170215330887
2018-09-14 10:36:00,0.028987541311096265
2018-09-14 10:39:00,0.00782608794497719
2018-09-14 10:42:00,0.08697943477079662
2018-09-14 10:45:00,-0.05012162952004928
2018-09-14 10:48:00,-0.05408880936585092
2018-09-14 10:51:00,-0.0065695251516331155
2018-09-14 10:54:00,0.019351675337873075
2018-09-14 10:57:00,-0.03584720958076559
2018-09-14 11:00:00,-0.015088989053140267
2018-09-14 11:03:00,-0.019937632926371407
2018-09-14 11:06:00,0.09542111064376968
2018-09-14 11:09:00,-0.009849816871053463
2018-09-14 11:12:00,0.028953503472450848
2018-09-14 11:15:00,-0.007572281066870801
2018-09-14 11:18:00,-0.1545384190766299
2018-09-14 11:21:00,-0.009153282339752877
2018-09-14 11:24:00,0.03635349502945928
2018-09-14 11:27:00,-0.0013933014840290525
2018-09-14 11:30:00,0.06387896528968895
2018-09-14 11:33:00,-0.06386356619617573
2018-09-14 11:36:00,-0.1190350991570881
2018-09-14 11:39:00,0.06409274529153208
2018-09-14 11:42:00,-0.08266234318875831
2018-09-14 11:45:00,-0.01702355124677979
2018-09-14 11:48:00,-0.008464356617082558
2018-09-14 11:51:00,0.030641556205523557
2018-09-14 11:54:00,0.042100907500071116
2018-09-14 11:57:00,0.07110392369128249
2018-09-14 12:00:00,-0.025384402581153154
2018-09-14 12:03:00,-0.08153602682511973
2018-09-14 12:06:00,-0.06180133996741688
2018-09-14 12:09:00,0.020948295001630868
2018-09-14 12:12:00,-0.04079506086088713
2018-09-14 12:15:00,-0.048694837859272866
2018-09-14 12:18:00,-0.05344307544663707
2018-09-14 12:21:00,-0.04142862744447484
2018-09-14 12:24:00,-0.07225354008244267
2018-09-14 12:27:00,-0.05650425950614135
2018-09-14 12:30:00,0.015190572935580349
2018-09-14 12:33:00,-0.11808309637859793
2018-09-14 12:36:00,-0.07378504325595259
2018-09-14 12:39:00,-0.04215857425344893
2018-09-14 12:42:00,-0.060085866231759155
2018-09-14 12:45:00,-0.0811998394808029
2018-09-14 12:48:00,-0.18627495561514706
2018-09-14 12:51:00,-0.16879990584544657
2018-09-14 12:54:00,-0.08953922791147306
2018-09-14 12:57:00,-0.04459287219270891
2018-09-14 13:00:00,-0.11263886768040265
2018-09-14 13:03:00,-0.05748695455304187
2018-09-14 13:06:00,-0.20709184541016157
2018-09-14 13:09:00,-0.14442508511211827
2018-09-14 13:12:00,-0.2549850691009965
2018-09-14 13:15:00,-0.170785956395207
2018-09-14 13:18:00,-0.2221794634424441
2018-09-14 13:21:00,-0.24686235119116873
2018-09-14 13:24:00,-0.24549597192583406
2018-09-14 13:27:00,-0.34615850653057123
2018-09-14 13:30:00,-0.306343938585826
2018-09-14 13:33:00,-0.2566046708491285
2018-09-14 13:36:00,-0.26411218623974264
2018-09-14 13:39:00,-0.21745325262423876
2018-09-14 13:42:00,-0.20125952327856567
2018-09-14 13:45:00,-0.14300426958487833
2018-09-14 13:48:00,-0.3419549118098075
2018-09-14 13:51:00,-0.2989756365293488
2018-09-14 13:54:00,-0.2868371073869298
2018-09-14 13:57:00,-0.4044499555507741
2018-09-14 14:00:00,-0.2456842492485407
2018-09-14 14:03:00,-0.3969786676345848
2018-09-14 14:06:00,-0.239606465830434
2018-09-14 14:09:00,-0.32904990433945613
2018-09-14 14:12:00,-0.31855808191369306
2018-09-14 14:15:00,-0.30628829173753047
2018-09-14 14:18:00,-0.2567491731189193
2018-09-14 14:21:00,-0.39881227939594055
2018-09-14 14:24:00,-0.31744945073097597
2018-09-14 14:27:00,-0.1442015534008192
2018-09-14 14:30:00,-0.29103434521385907
2018-09-14 14:33:00,-0.24248300466496175
2018-09-14 14:36:00,-0.2167606563729123
2018-09-14 14:39:00,-0.23497631506944572
2018-09-14 14:42:00,-0.3082806692576696
2018-09-14 14:45:00,-0.3275746384643412
2018-09-14 14:48:00,-0.20105781311872306
2018-09-14 14:51:00,-0.18507228841514234
2018-09-14 14:54:00,-0.1011238290162737
2018-09-14 14:57:00,-0.2884296646202529
2018-09-14 15:00:00,-0.1845737343689393
2018-09-14 15:03:00,-0.16719350409050548
2018-09-14 15:06:00,-0.17156855780859814
2018-09-14 15:09:00,-0.1773886392928148
2018-09-14 15:12:00,-0.23509629223696038
2018-09-14 15:15:00,-0.20071868416198413
2018-09-14 15:18:00,-0.25686574916244354
2018-09-14 15:21:00,-0.28933959563778444
2018-09-14 15:24:00,-0.28903365178609874
2018-09-14 15:27:00,-0.31993309781285006
2018-09-14 15:30:00,-0.3079784570638253
2018-09-14 15:33:00,-0.37529079207001814
2018-09-14 15:36:00,-0.3092314346492344
2018-09-14 15:39:00,-0.37838955277828745
2018-09-14 15:42:00,-0.26008593904816735
2018-09-14 15:45:00,-0.35451155130715506
2018-09-14 15:48:00,-0.28373448514429356
2018-09-14 15:51:00,-0.3427040218688262
2018-09-14 15:54:00,-0.4303388788770235
2018-09-14 15:57:00,-0.28402160961599066
2018-09-14 16:00:00,-0.3778464360946714
2018-09-14 16:03:00,-0.3161023546151682
2018-09-14 16:06:00,-0.2972189966954488
2018-09-14 16:09:00,-0.3956204371448848
2018-09-14 16:12:00,-0.30283566786266647
2018-09-14 16:15:00,-0.36566020555278556
2018-09-14 16:18:00,-0.3205757100284359
2018-09-14 16:21:00,-0.2845171728099558
2018-09-14 16:24:00,-0.24556986120944657
2018-09-14 16:27:00,-0.15882118014445723
2018-09-14 16:30:00,-0.34022398434871093
2018-09-14 16:33:00,-0.23559034530273948
2018-09-14 16:36:00,-0.20752518771217865
2018-09-14 16:39:00,-0.2533565770375503
2018-09-14 16:42:00,-0.17216639912822984
2018-09-14 16:45:00,-0.24469036857630044
2018-09-14 16:48:00,-0.19579210357784405
2018-09-14 16:51:00,-0.2897183752167507
2018-09-14 16:54:00,-0.2647349663951104
2018-09-14 16:57:00,-0.2373317488731459
2018-09-14 17:00:00,-0.26213863967865336
2018-09-14 17:03:00,-0.22110462279988496
2018-09-14 17:06:00,-0.20616296112865484
2018-09-14 17:09:00,-0.21267226956246077
2018-09-14 17:12:00,-0.24740147084310138
2018-09-14 17:15:00,-0.2997077146939091
2018-09-14 17:18:00,-0.20134723342380312
2018-09-14 17:21:00,-0.210383460662797
2018-09-14 17:24:00,-0.14654705299329862
2018-09-14 17:27:00,-0.1461814066357192
2018-09-14 17:30:00,-0.07795535969842149
2018-09-14 17:33:00,-0.1528948062975246
2018-09-14 17:36:00,-0.1465070157492505
2018-09-14 17:39:00,-0.20951942007303614
2018-09-14 17:42:00,-0.11347665757000414
2018-09-14 17:45:00,-0.08729936548206751
2018-09-14 17:48:00,-0.17510885026086953
2018-09-14 17:51:00,-0.10299685222270227
2018-09-14 17:54:00,-0.15085847890327386
2018-09-14 17:57:00,-0.08965218416352627
2018-09-14 18:00:00,-0.15579578039529451
2018-09-14 18:03:00,-0.07704755699018051
2018-09-14 18:06:00,-0.01859086424508405
2018-09-14 18:09:00,-0.12338298828291272
2018-09-14 18:12:00,-0.04144378573755603
2018-09-14 18:15:00,-0.009471027578229041
2018-09-14 18:18:00,-0.0312699382556616
2018-09-14 18:21:00,0.01148212440421048
2018-09-14 18:24:00,0.024786162190878258
2018-09-14 18:27:00,0.00565726923201737
2018-09-14 18:30:00,0.0632250871280462
2018-09-14 18:33:00,0.02683081953483679
2018-09-14 18:36:00,-0.03664181476761996
2018-09-14 18:39:00,0.11096183321313902
2018-09-14 18:42:00,0.021308518375633412
2018-09-14 18:45:00,-0.019952610853067654
2018-09-14 18:48:00,0.09273648499134879
2018-09-14 18:51:00,0.05199154358473379
2018-09-14 18:54:00,
2018-09-14 18:57:00,
2018-09-14 19:00:00,
2018-09-14 19:03:00,0.1199059530216573
2018-09-14 19:06:00,0.08937319701732349
2018-09-14 19:09:00,0.04166672580680597
2018-09-14 19:12:00,0.08426219695144255
2018-09-14 19:15:00,0.11589817197256025
2018-09-14 19:18:00,0.013324368383791807
2018-09-14 19:21:00,0.12916135896534797
2018-09-14 19:24:00,0.12380111388921478
2018-09-14 19:27:00,0.07767529678778828
2018-09-14 19:30:00,0.0869488679359165
2018-09-14 19:33:00,0.13728144352126037
2018-09-14 19:36:00,0.05272011388376541
2018-09-14 19:39:00,0.15720109980429697
2018-09-14 19:42:00,0.28931708182068405
2018-09-14 19:45:00,0.22131456399625904
2018-09-14 19:48:00,0.3800977942756276
2018-09-14 19:51:00,0.28336721329134207
2018-09-14 19:54:00,0.2771277289987779
2018-09-14 19:57:00,0.3861059214846705
2018-09-14 20:00:00,0.288346310675081
2018-09-14 20:03:00,0.27420349304378533
2018-09-14 20:06:00,0.26460943072135024
2018-09-14 20:09:00,0.31668149221104613
2018-09-14 20:12:00,0.2838179059244226
2018-09-14 20:15:00,0.2048465898473637
2018-09-14 20:18:00,0.29158486044195797
2018-09-14 20:21:00,0.15831322075865728
2018-09-14 20:24:00,0.34093136421847703
2018-09-14 20:27:00,0.3680232322919892
2018-09-14 20:30:00,0.3766297050248113
2018-09-14 20:33:00,0.4182889672824217
2018-09-14 20:36:00,0.5391839772517528
2018-09-14 20:39:00,0.5069727697483017
2018-09-14 20:42:00,0.6103029177598387
2018-09-14 20:45:00,0.6767735496568434
2018-09-14 20:48:00,0.6810096452019252
2018-09-14 20:51:00,0.6274269225656326
2018-09-14 20:54:00,0.5921896000110678
2018-09-14 20:57:00,0.44353649772688186
2018-09-14 21:00:00,0.2331060339010378
2018-09-14 21:03:00,0.2895633303809859
2018-09-14 21:06:00,0.20600970372322536
2018-09-14 21:09:00,0.1831182122454038
2018-09-14 21:12:00,0.10642515330278002
2018-09-14 21:15:00,0.06760760820174028
2018-09-14 21:18:00,0.1368688034904153
2018-09-14 21:21:00,0.015943809842667633
2018-09-14 21:24:00,0.12427950939166976
2018-09-14 21:27:00,0.0533503741869481
2018-09-14 21:30:00,0.08869285785368675
2018-09-14 21:33:00,0.11942729884492564
2018-09-14 21:36:00,0.1443983941666147
2018-09-14 21:39:00,0.14884959246091967
2018-09-14 21:42:00,0.11065047226736624
2018-09-14 21:45:00,0.22288365849254888
2018-09-14 21:48:00,0.19762099232082164
2018-09-14 21:51:00,0.18038334219050967
2018-09-14 21:54:00,0.21486591663176569
2018-09-14 21:57:00,0.24816864492817103
2018-09-14 22:00:00,0.2561390044324412
2018-09-14 22:03:00,0.17374722085031635
2018-09-14 22:06:00,0.12876436047332618
2018-09-14 22:09:00,0.09135839006495416
2018-09-14 22:12:00,0.0952968340005782
2018-09-14 22:15:00,0.12631617778379223
2018-09-14 22:18:00,0.12973374786298564
2018-09-14 22:21:00,0.018594238979346756
2018-09-14 22:24:00,0.12827896741947598
2018-09-14 22:27:00,0.16370345454544122
2018-09-14 22:30:00,0.21966420103296969
2018-09-14 22:33:00,0.07405338503969006
2018-09-14 22:36:00,0.18367399749041624
2018-09-14 22:39:00,0.10800194596373558
2018-09-14 22:42:00,0.13042209159954155
2018-09-14 22:45:00,0.12118198759986853
2018-09-14 22:48:00,0.12974240307232776
2018-09-14 22:51:00,0.1247875453137226
2018-09-14 22:54:00,0.19215281754770785
2018-09-14 22:57:00,0.26921540568218916
2018-09-14 23:00:00,0.24572991059278593
2018-09-14 23:03:00,0.10898425804180079
2018-09-14 23:06:00,0.16044992416101422
2018-09-14 23:09:00,0.15454220813757047
2018-09-14 23:12:00,0.1759362983704591
2018-09-14 23:15:00,0.09436312969228311
2018-09-14 23:18:00,0.15653341990059744
2018-09-14 23:21:00,0.1219010303173036
2018-09-14 23:24:00,0.11641873998127039
2018-09-14 23:27:00,0.18304289242092864
2018-09-14 23:30:00,0.06449140793938568
2018-09-14 23:33:00,0.23121467068040147
2018-09-14 23:36:00,0.1623867235761054
2018-09-14 23:39:00,0.43740320022754986
2018-09-14 23:42:00,0.5603772824126168
2018-09-14 23:45:00,0.4105766455446087
2018-09-14 23:48:00,0.4311979446902683
2018-09-14 23:51:00,0.3441101923549468
2018-09-14 23:54:00,0.39592763276186815
2018-09-14 23:57:00,0.46989430687358436
2018-09-15 00:00:00,0.4743094647780026
2018-09-15 00:03:00,0.48128727173735797
2018-09-15 00:06:00,0.40209952279627714
2018-09-15 00:09:00,0.34132381425496305
2018-09-15 00:12:00,0.27968123107200427
2018-09-15 00:15:00,0.34420827436127865
2018-09-15 00:18:00,0.3599102021846079
2018-09-15 00:21:00,0.2954382011965322
2018-09-15 00:24:00,0.2525736741834521
2018-09-15 00:27:00,0.47355408210808037
2018-09-15 00:30:00,0.4009651304266981
2018-09-15 00:33:00,0.2896824863133247
2018-09-15 00:36:00,0.28572919901807836
2018-09-15 00:39:00,0.21856259441523207
2018-09-15 00:42:00,0.3211529104236206
2018-09-15 00:45:00,0.23224054552605367
2018-09-15 00:48:00,0.3029734330997371
2018-09-15 00:51:00,0.2916161189295394
2018-09-15 00:54:00,0.4621398088141291
2018-09-15 00:57:00,0.6344574265188498
2018-09-15 01:00:00,0.7043394540675081
2018-09-15 01:03:00,0.6837627593068873
2018-09-15 01:06:00,0.5387410444418492
2018-09-15 01:09:00,0.4131912267870348
2018-09-15 01:12:00,0.39685522075501467
2018-09-15 01:15:00,0.34646435045846147
2018-09-15 01:18:00,0.28417405492893977
2018-09-15 01:21:00,0.22456039250704407
2018-09-15 01:24:00,0.2128381166682516
2018-09-15 01:27:00,0.2493692183002736
2018-09-15 01:30:00,0.3231340782479606
2018-09-15 01:33:00,0.35707214308405355
2018-09-15 01:36:00,0.34476063076147057
2018-09-15 01:39:00,0.29607473239502724
2018-09-15 01:42:00,0.3558644565859481
2018-09-15 01:45:00,0.4379452944060631
2018-09-15 01:48:00,0.23813902134753562
2018-09-15 01:51:00,0.3480014811758565
2018-09-15 01:54:00,0.3261358300009647
2018-09-15 01:57:00,0.3724984216081566
2018-09-15 02:00:00,0.35658975973490215
2018-09-15 02:03:00,0.3706378811197055
2018-09-15 02:06:00,0.4571433830747651
2018-09-15 02:09:00,0.37083121419345844
2018-09-15 02:12:00,0.360599686589012
2018-09-15 02:15:00,0.4176827789498816
2018-09-15 02:18:00,0.4829627771384253
2018-09-15 02:21:00,0.49674965485655775
2018-09-15 02:24:00,0.5401117173038301
2018-09-15 02:27:00,0.49875955368270297
2018-09-15 02:30:00,0.47275364458755575
2018-09-15 02:33:00,0.5097977057941421
2018-09-15 02:36:00,0.5972530331569601
2018-09-15 02:39:00,0.5927377368830093
2018-09-15 02:42:00,0.5341903114161255
2018-09-15 02:45:00,0.5383054019620204
2018-09-15 02:48:00,0.5730750614096678
2018-09-15 02:51:00,0.607522695168143
2018-09-15 02:54:00,0.4760376749622992
2018-09-15 02:57:00,0.5042032605704776
2018-09-15 03:00:00,0.453731044058884
2018-09-15 03:03:00,0.41421250784367203
2018-09-15 03:06:00,0.3476855817874025
2018-09-15 03:09:00,0.40492130822798345
2018-09-15 03:12:00,0.4385214530493613
2018-09-15 03:15:00,0.4154228393587118
2018-09-15 03:18:00,0.3883004077948158
2018-09-15 03:21:00,0.3205332652923971
2018-09-15 03:24:00,0.36174990951127484
2018-09-15 03:27:00,0.3048088925052639
2018-09-15 03:30:00,0.28303734245162104
2018-09-15 03:33:00,0.35949269291069186
2018-09-15 03:36:00,0.32509279426875537
2018-09-15 03:39:00,0.36331812165104793
2018-09-15 03:42:00,0.3730227303483389
2018-09-15 03:45:00,0.3785996610703819
2018-09-15 03:48:00,0.4480548754153233
2018-09-15 03:51:00,0.4539126044666091
2018-09-15 03:54:00,0.41757160248243963
2018-09-15 03:57:00,0.3313393664108162
2018-09-15 04:00:00,0.3459699496113444
2018-09-15 04:03:00,0.42768737849706895
2018-09-15 04:06:00,0.3476488224166019
2018-09-15 04:09:00,0.32485101132880345
2018-09-15 04:12:00,0.3686196271921176
2018-09-15 04:15:00,0.40443667985158527
2018-09-15 04:18:00,0.3432077078309135
2018-09-15 04:21:00,0.2938237613565775
2018-09-15 04:24:00,0.3881044928891697
2018-09-15 04:27:00,0.3276282532149821
2018-09-15 04:30:00,0.4227254199355457
2018-09-15 04:33:00,0.3242143589236548
2018-09-15 04:36:00,0.359084439730907
2018-09-15 04:39:00,0.30813353409018873
2018-09-15 04:42:00,0.28114705270365903
2018-09-15 04:45:00,0.4123272182753226
2018-09-15 04:48:00,0.3909487720883362
2018-09-15 04:51:00,0.41176089773341573
2018-09-15 04:54:00,0.3942146287860737
2018-09-15 04:57:00,0.4269465437570261
2018-09-15 05:00:00,0.3747870656653731
2018-09-15 05:03:00,0.31875057737164525
2018-09-15 05:06:00,0.303010565611487
2018-09-15 05:09:00,0.2752682624860654
2018-09-15 05:12:00,0.31807895732941915
2018-09-15 05:15:00,0.3366027426853293
2018-09-15 05:18:00,0.3133992471922511
2018-09-15 05:21:00,0.3611955798707527
2018-09-15 05:24:00,0.3537164317590964
2018-09-15 05:27:00,0.3312174605387668
2018-09-15 05:30:00,0.3457148913870469
2018-09-15 05:33:00,0.3676404727404474
2018-09-15 05:36:00,0.3530801088404587
2018-09-15 05:39:00,0.280898915953685
2018-09-15 05:42:00,0.38355239392512885
2018-09-15 05:45:00,0.344062954165679
2018-09-15 05:48:00,0.27470453591382693
2018-09-15 05:51:00,0.19501171158339048
2018-09-15 05:54:00,0.31885898473268526
2018-09-15 05:57:00,0.3366737912942881
2018-09-15 06:00:00,0.3362951547356374
2018-09-15 06:03:00,0.2832798623171584
2018-09-15 06:06:00,0.24045795037267226
2018-09-15 06:09:00,0.3226675433733135
2018-09-15 06:12:00,0.22639640351326307
2018-09-15 06:15:00,0.3551126465071093
2018-09-15 06:18:00,0.30243465504469214
2018-09-15 06:21:00,0.29198526159200355
2018-09-15 06:24:00,0.30007095384604554
2018-09-15 06:27:00,0.21236755240465754
2018-09-15 06:30:00,0.35885971646877124
2018-09-15 06:33:00,0.36705833273248345
2018-09-15 06:36:00,0.248472875027403
2018-09-15 06:39:00,0.29302261902824966
2018-09-15 06:42:00,0.29581553015975715
2018-09-15 06:45:00,0.3743076838641173
2018-09-15 06:48:00,0.3507873700074242
2018-09-15 06:51:00,0.3586370564335084
2018-09-15 06:54:00,0.35802889511268177
2018-09-15 06:57:00,0.3218070277150673
2018-09-15 07:00:00,0.3206951429049809
2018-09-15 07:03:00,0.27065451360795123
2018-09-15 07:06:00,0.3355447466831265
2018-09-15 07:09:00,0.2904638134585298
2018-09-15 07:12:00,0.3918777434869867
2018-09-15 07:15:00,0.42127181117081136
2018-09-15 07:18:00,0.3971177122018048
2018-09-15 07:21:00,0.4323004842949558
2018-09-15 07:24:00,0.34361823583680007
2018-09-15 07:27:00,0.41751248494472293
2018-09-15 07:30:00,0.35506099407325564
2018-09-15 07:33:00,0.43292771522465046
2018-09-15 07:36:00,0.4180826487607874
2018-09-15 07:39:00,0.3816389429298397
2018-09-15 07:42:00,0.43086835606419527
2018-09-15 07:45:00,0.46692700417776223
2018-09-15 07:48:00,0.3979455450482874
2018-09-15 07:51:00,0.355757773312007
2018-09-15 07:54:00,0.4541896468714981
2018-09-15 07:57:00,0.32513500074293233
2018-09-15 08:00:00,0.4829851567565697
2018-09-15 08:03:00,0.3834014967335406
2018-09-15 08:06:00,0.33548512624173554
2018-09-15 08:09:00,0.41428764569394616
2018-09-15 08:12:00,0.3777515268055254
2018-09-15 08:15:00,0.31074247016948675
2018-09-15 08:18:00,0.2973771571145676
2018-09-15 08:21:00,0.3209950364364431
2018-09-15 08:24:00,0.2763561601799438
2018-09-15 08:27:00,0.19168246123530253
2018-09-15 08:30:00,0.2517008669611869
2018-09-15 08:33:00,0.2839252932091654
2018-09-15 08:36:00,0.213170407077655
2018-09-15 08:39:00,0.15572924343717887
2018-09-15 08:42:00,0.21866674526808083
2018-09-15 08:45:00,0.20593826627543876
2018-09-15 08:48:00,0.2574121981466533
2018-09-15 08:51:00,0.18978241851669964
2018-09-15 08:54:00,0.16876119142381185
2018-09-15 08:57:00,0.16554057644412978
2018-09-15 09:00:00,0.1322144541927628
2018-09-15 09:03:00,0.18709697136534942
2018-09-15 09:06:00,0.10229547851980669
2018-09-15 09:09:00,0.07434566529735775
2018-09-15 09:12:00,0.07150157565814652
2018-09-15 09:15:00,0.010611996553848257
2018-09-15 09:18:00,0.07171878085461003
2018-09-15 09:21:00,0.06284246003264116
2018-09-15 09:24:00,0.0913062397416411
2018-09-15 09:27:00,0.11255138025097722
2018-09-15 09:30:00,0.0912989595202589
2018-09-15 09:33:00,0.037805931757986855
2018-09-15 09:36:00,-0.029888039434410985
2018-09-15 09:39:00,-0.09261828153000806
2018-09-15 09:42:00,0.008717873698856238
2018-09-15 09:45:00,0.05541767762719019
2018-09-15 09:48:00,-0.031825203318078366
2018-09-15 09:51:00,-0.01794300619792466
2018-09-15 09:54:00,-0.02363132379042554
2018-09-15 09:57:00,0.11119554231459006
2018-09-15 10:00:00,0.13303150133998543
2018-09-15 10:03:00,0.12309767843009922
2018-09-15 10:06:00,0.17881923348267037
2018-09-15 10:09:00,0.1696132255314069
2018-09-15 10:12:00,0.1267521170937016
2018-09-15 10:15:00,0.2295759479978301
2018-09-15 10:18:00,0.1920837570469871
2018-09-15 10:21:00,0.2605858838690551
2018-09-15 10:24:00,0.17606374093315935
2018-09-15 10:27:00,0.06256312042972922
2018-09-15 10:30:00,0.11300917469611704
2018-09-15 10:33:00,0.00068038761560274
2018-09-15 10:36:00,-0.02895390778184037
2018-09-15 10:39:00,0.06837900320158496
2018-09-15 10:42:00,-0.08781548708833498
2018-09-15 10:45:00,-0.15780923067006825
2018-09-15 10:48:00,-0.19488550242306246
2018-09-15 10:51:00,-0.23183071385471976
2018-09-15 10:54:00,-0.16238670810298572
2018-09-15 10:57:00,-0.19464826497505783
2018-09-15 11:00:00,-0.253310042949181
2018-09-15 11:03:00,-0.09448051466364404
2018-09-15 11:06:00,-0.05621102542062317
2018-09-15 11:09:00,-0.046904295791989625
2018-09-15 11:12:00,-0.17346025003371324
2018-09-15 11:15:00,-0.03653725960572274
2018-09-15 11:18:00,-0.06673942245430453
2018-09-15 11:21:00,-0.05958084951208775
2018-09-15 11:24:00,-0.11648309017630254
2018-09-15 11:27:00,0.1080438344220056
2018-09-15 11:30:00,0.09629641919889309
2018-09-15 11:33:00,0.11586659007070921
2018-09-15 11:36:00,0.13158857830580928
2018-09-15 11:39:00,0.10186870786719737
2018-09-15 11:42:00,0.06502780567399213
2018-09-15 11:45:00,0.13474493958977973
2018-09-15 11:48:00,0.13911378262122298
2018-09-15 11:51:00,0.15932603902149367
2018-09-15 11:54:00,0.20099542889130362
2018-09-15 11:57:00,0.1872713258408112
2018-09-15 12:00:00,0.27090868310648375
2018-09-15 12:03:00,0.12321678768603306
2018-09-15 12:06:00,-0.005232968780092051
2018-09-15 12:09:00,-0.008214572699614564
2018-09-15 12:12:00,-0.0479565362466019
2018-09-15 12:15:00,-0.023977202483479232
2018-09-15 12:18:00,-0.11765356264970706
2018-09-15 12:21:00,-0.07330023066981539
2018-09-15 12:24:00,-0.1670289974034631
2018-09-15 12:27:00,-0.1275982870720327
2018-09-15 12:30:00,-0.1506007875591422
2018-09-15 12:33:00,0.09348505893819947
2018-09-15 12:36:00,0.1835405379129611
2018-09-15 12:39:00,0.16852668280870375
2018-09-15 12:42:00,0.117917109727955
2018-09-15 12:45:00,0.1699605148626233
2018-09-15 12:48:00,-0.01867812301640015
2018-09-15 12:51:00,-0.011944037326713897
2018-09-15 12:54:00,-0.06732972545080429
2018-09-15 12:57:00,-0.06988728916365972
2018-09-15 13:00:00,-0.023193444550940967
2018-09-15 13:03:00,0.10101749185037079
2018-09-15 13:06:00,0.09807605435861433
2018-09-15 13:09:00,0.17392935252905772
2018-09-15 13:12:00,0.17380572310253228
2018-09-15 13:15:00,0.28212727766833723
2018-09-15 13:18:00,0.32767464736804186
2018-09-15 13:21:00,0.269694708414022
2018-09-15 13:24:00,0.4046215143964673
2018-09-15 13:27:00,0.2564096226038828
2018-09-15 13:30:00,0.3154348338190971
2018-09-15 13:33:00,0.3270077502057802
2018-09-15 13:36:00,0.3312111375130371
2018-09-15 13:39:00,0.37178823063248956
2018-09-15 13:42:00,0.3163567948260493
2018-09-15 13:45:00,0.3147467143156746
2018-09-15 13:48:00,0.3913727135427507
2018-09-15 13:51:00,0.41055960223962984
2018-09-15 13:54:00,0.33237575821470955
2018-09-15 13:57:00,0.38665095310443576
2018-09-15 14:00:00,0.4254913626486996
2018-09-15 14:03:00,0.4397020430481007
2018-09-15 14:06:00,0.3922418837784676
2018-09-15 14:09:00,0.35353676673423706
2018-09-15 14:12:00,0.3435025321869034
2018-09-15 14:15:00,0.23785786146976307
2018-09-15 14:18:00,0.16111949155543925
2018-09-15 14:21:00,0.2112660211434445
2018-09-15 14:24:00,0.2024944025580453
2018-09-15 14:27:00,0.19576178760104312
2018-09-15 14:30:00,0.18777258782358786
2018-09-15 14:33:00,0.19153386493661628
2018-09-15 14:36:00,0.2392708111714228
2018-09-15 14:39:00,0.23773348966716412
2018-09-15 14:42:00,0.27128041635160116
2018-09-15 14:45:00,0.2432412135221398
2018-09-15 14:48:00,0.3029425970630655
2018-09-15 14:51:00,0.29217455789148516
2018-09-15 14:54:00,0.2828419069571737
2018-09-15 14:57:00,0.2884758405642742
2018-09-15 15:00:00,0.2922550583783732
2018-09-15 15:03:00,0.41647145869103497
2018-09-15 15:06:00,0.2657740020163146
2018-09-15 15:09:00,0.30786331333172257
2018-09-15 15:12:00,0.32816805465324705
2018-09-15 15:15:00,0.3209474995410915
2018-09-15 15:18:00,0.23013808844450523
2018-09-15 15:21:00,0.321765913060176
2018-09-15 15:24:00,0.2844268022448091
2018-09-15 15:27:00,0.406987626182854
2018-09-15 15:30:00,0.2166777901281307
2018-09-15 15:33:00,0.3083394638715049
2018-09-15 15:36:00,0.1614020422337603
2018-09-15 15:39:00,0.14655035651776416
2018-09-15 15:42:00,0.21787300567081047
2018-09-15 15:45:00,0.2400417209219654
2018-09-15 15:48:00,0.1272364919028064
2018-09-15 15:51:00,0.1891579433487891
2018-09-15 15:54:00,0.2288475516149333
2018-09-15 15:57:00,0.20287187614263757
2018-09-15 16:00:00,0.26338959651036475
2018-09-15 16:03:00,0.23261580247884694
2018-09-15 16:06:00,0.20855604038575848
2018-09-15 16:09:00,0.1287500257704437
2018-09-15 16:12:00,0.21948218553143306
2018-09-15 16:15:00,0.18723888686122336
2018-09-15 16:18:00,0.1440848647081907
2018-09-15 16:21:00,0.10085326036869446
2018-09-15 16:24:00,0.09889368768773465
2018-09-15 16:27:00,0.16390557323973098
2018-09-15 16:30:00,0.09206330721684708
2018-09-15 16:33:00,0.14975952409167803
2018-09-15 16:36:00,0.027173887894548443
2018-09-15 16:39:00,0.15516652657242958
2018-09-15 16:42:00,0.1295612695591899
2018-09-15 16:45:00,0.13744470368715156
2018-09-15 16:48:00,0.14348768688205382
2018-09-15 16:51:00,0.06366704614839591
2018-09-15 16:54:00,0.1477997900838659
2018-09-15 16:57:00,0.05763906174223621
2018-09-15 17:00:00,0.11559825370636645
2018-09-15 17:03:00,0.16010679774615255
2018-09-15 17:06:00,0.10200067039352234
2018-09-15 17:09:00,0.09543315748999248
2018-09-15 17:12:00,0.12290559761879649
2018-09-15 17:15:00,0.10118678209414611
2018-09-15 17:18:00,0.12507294239117073
2018-09-15 17:21:00,0.08500145697394146
2018-09-15 17:24:00,0.11497116226428261
2018-09-15 17:27:00,0.15094635356558683
2018-09-15 17:30:00,0.11392093079285814
2018-09-15 17:33:00,0.22022258248011894
2018-09-15 17:36:00,0.15195851067147714
2018-09-15 17:39:00,0.04356555458133471
2018-09-15 17:42:00,0.12024480452447506
2018-09-15 17:45:00,0.14736554845995897
2018-09-15 17:48:00,0.16281308847680975
2018-09-15 17:51:00,0.14508264000284044
2018-09-15 17:54:00,0.12122843737620315
2018-09-15 17:57:00,0.19456540157801783
2018-09-15 18:00:00,0.0013724399793204611
2018-09-15 18:03:00,-0.006718622704738664
2018-09-15 18:06:00,0.016791840950816095
2018-09-15 18:09:00,-0.05358539356609526
2018-09-15 18:12:00,0.016504928639335503
2018-09-15 18:15:00,-0.05808472288987332
2018-09-15 18:18:00,0.059425004676256776
2018-09-15 18:21:00,0.15441985414088322
2018-09-15 18:24:00,0.151890708560245
2018-09-15 18:27:00,0.10368148294617185
2018-09-15 18:30:00,0.18844682232855803
2018-09-15 18:33:00,0.12864694979163005
2018-09-15 18:36:00,0.15526328115674914
2018-09-15 18:39:00,0.11097580185645484
2018-09-15 18:42:00,0.06831295676272475
2018-09-15 18:45:00,0.09629062583485393
2018-09-15 18:48:00,0.06712543964505358
2018-09-15 18:51:00,0.04929066547572347
2018-09-15 18:54:00,
2018-09-15 18:57:00,
2018-09-15 19:00:00,
2018-09-15 19:03:00,0.25314294277177396
2018-09-15 19:06:00,0.26802116069535487
2018-09-15 19:09:00,0.3576847619973478
2018-09-15 19:12:00,0.39015853172298876
2018-09-15 19:15:00,0.4481078802683669
2018-09-15 19:18:00,0.5049016680398495
2018-09-15 19:21:00,0.5366363838840584
2018-09-15 19:24:00,0.5564145494465151
2018-09-15 19:27:00,0.4628032888135749
2018-09-15 19:30:00,0.5953247693181538
2018-09-15 19:33:00,0.45135192479250463
2018-09-15 19:36:00,0.43025369010285885
2018-09-15 19:39:00,0.43836793836396737
2018-09-15 19:42:00,0.4165014434059344
2018-09-15 19:45:00,0.39781283510569665
2018-09-15 19:48:00,0.49871932293160626
2018-09-15 19:51:00,0.48498656105874716
2018-09-15 19:54:00,0.4954843308722161
2018-09-15 19:57:00,0.48192272383766976
2018-09-15 20:00:00,0.44407497765695325
2018-09-15 20:03:00,0.4236286486338372
2018-09-15 20:06:00,0.4225116171888885
2018-09-15 20:09:00,0.4680104568413981
2018-09-15 20:12:00,0.41550666705256845
2018-09-15 20:15:00,0.5191224189454715
2018-09-15 20:18:00,0.42809089989111726
2018-09-15 20:21:00,0.4781235277350788
2018-09-15 20:24:00,0.4183329619660867
2018-09-15 20:27:00,0.5241392088548764
2018-09-15 20:30:00,0.4670452023876237
2018-09-15 20:33:00,0.5355412004336131
2018-09-15 20:36:00,0.47580561025318957
2018-09-15 20:39:00,0.5376499181688814
2018-09-15 20:42:00,0.5640487437138404
2018-09-15 20:45:00,0.529866809841053
2018-09-15 20:48:00,0.5332660540246934
2018-09-15 20:51:00,0.6585462598142158
2018-09-15 20:54:00,0.5082306932645793
2018-09-15 20:57:00,0.5615292608314917
2018-09-15 21:00:00,0.37904387147602847
2018-09-15 21:03:00,0.490736563040457
2018-09-15 21:06:00,0.43249463645503283
2018-09-15 21:09:00,0.4851179268458736
2018-09-15 21:12:00,0.366387682726554
2018-09-15 21:15:00,0.33003737813686485
2018-09-15 21:18:00,0.307363215377336
2018-09-15 21:21:00,0.3469713103654044
2018-09-15 21:24:00,0.33370350300975815
2018-09-15 21:27:00,0.4148685254915563
2018-09-15 21:30:00,0.3466485289412162
2018-09-15 21:33:00,0.3486731126325253
2018-09-15 21:36:00,0.34641791078797723
2018-09-15 21:39:00,0.30775939484607306
2018-09-15 21:42:00,0.38597921218359943
2018-09-15 21:45:00,0.35824040076960273
2018-09-15 21:48:00,0.386767142476117
2018-09-15 21:51:00,0.4619856426919
2018-09-15 21:54:00,0.41602192697069995
2018-09-15 21:57:00,0.43778515133385554
2018-09-15 22:00:00,0.36311617816630815
2018-09-15 22:03:00,0.423284919415039
2018-09-15 22:06:00,0.40534918850670465
2018-09-15 22:09:00,0.38128706578885385
2018-09-15 22:12:00,0.41101609136876505
2018-09-15 22:15:00,0.344909607105933
2018-09-15 22:18:00,0.29009416658510645
2018-09-15 22:21:00,0.3992406101320398
2018-09-15 22:24:00,0.35910791071967196
2018-09-15 22:27:00,0.34452589176919446
2018-09-15 22:30:00,0.3600329076964499
2018-09-15 22:33:00,0.46013926792358006
2018-09-15 22:36:00,0.4917609155448872
2018-09-15 22:39:00,0.4638425077131956
2018-09-15 22:42:00,0.5713950995046844
2018-09-15 22:45:00,0.43365955080997765
2018-09-15 22:48:00,0.41980382497814617
2018-09-15 22:51:00,0.4056403112973044
2018-09-15 22:54:00,0.4235154444820637
2018-09-15 22:57:00,0.41873280995707773
2018-09-15 23:00:00,0.46801611523505926
2018-09-15 23:03:00,0.5538588151342196
2018-09-15 23:06:00,0.45080467067657537
2018-09-15 23:09:00,0.4405520524722988
2018-09-15 23:12:00,0.518192863465913
2018-09-15 23:15:00,0.44360534938834917
2018-09-15 23:18:00,0.444772874996886
2018-09-15 23:21:00,0.4410281320889453
2018-09-15 23:24:00,0.528796590619379
2018-09-15 23:27:00,0.42469603289941915
2018-09-15 23:30:00,0.42825689800940836
2018-09-15 23:33:00,0.5425118875005523
2018-09-15 23:36:00,0.43628969661995143
2018-09-15 23:39:00,0.4841568861725136
2018-09-15 23:42:00,0.5327767980968474
2018-09-15 23:45:00,0.500565226359015
2018-09-15 23:48:00,0.4949599106211622
2018-09-15 23:51:00,0.581884872549324
2018-09-15 23:54:00,0.4980873598465223
2018-09-15 23:57:00,0.49770317132458786
2018-09-16 00:00:00,0.3906714776720719
2018-09-16 00:03:00,0.40973634010333626
2018-09-16 00:06:00,0.40647898246470504
2018-09-16 00:09:00,0.413232225414049
2018-09-16 00:12:00,0.40097905673900414
2018-09-16 00:15:00,0.4002420796483648
2018-09-16 00:18:00,0.3861383684882185
2018-09-16 00:21:00,0.298937985466182
2018-09-16 00:24:00,0.35175954493820427
2018-09-16 00:27:00,0.3480069908407586
2018-09-16 00:30:00,0.2532720530520578
2018-09-16 00:33:00,0.3378707973582209
2018-09-16 00:36:00,0.4040880745745312
2018-09-16 00:39:00,0.2911807309665164
2018-09-16 00:42:00,0.4127558205176456
2018-09-16 00:45:00,0.35390139234715434
2018-09-16 00:48:00,0.4749115630559686
2018-09-16 00:51:00,0.388209553588581
2018-09-16 00:54:00,0.34891447923735086
2018-09-16 00:57:00,0.3908274266830176
2018-09-16 01:00:00,0.3259924606223876
2018-09-16 01:03:00,0.36707599597497165
2018-09-16 01:06:00,0.2514167022418974
2018-09-16 01:09:00,0.2994982531432129
2018-09-16 01:12:00,0.32992034325388886
2018-09-16 01:15:00,0.34798148349653957
2018-09-16 01:18:00,0.35857987462293295
2018-09-16 01:21:00,0.19549551471465065
2018-09-16 01:24:00,0.3288843418271199
2018-09-16 01:27:00,0.4141281213089769
2018-09-16 01:30:00,0.4318819317380189
2018-09-16 01:33:00,0.3852849904867526
2018-09-16 01:36:00,0.3398557989826827
2018-09-16 01:39:00,0.35060673231583905
2018-09-16 01:42:00,0.3461968498182273
2018-09-16 01:45:00,0.4020027614985793
2018-09-16 01:48:00,0.2868590499672905
2018-09-16 01:51:00,0.37214213713292565
2018-09-16 01:54:00,0.38488745515275014
2018-09-16 01:57:00,0.3727998087730384
2018-09-16 02:00:00,0.43416068384874507
2018-09-16 02:03:00,0.46079023508684713
2018-09-16 02:06:00,0.371320524722762
2018-09-16 02:09:00,0.4205267569025182
2018-09-16 02:12:00,0.3621442697712496
2018-09-16 02:15:00,0.3879056625629005
2018-09-16 02:18:00,0.3804184777471278
2018-09-16 02:21:00,0.4050238732578464
2018-09-16 02:24:00,0.4174381346925884
2018-09-16 02:27:00,0.38126711072089847
2018-09-16 02:30:00,0.4197496029555623
2018-09-16 02:33:00,0.3436865668303426
2018-09-16 02:36:00,0.3701646954472153
2018-09-16 02:39:00,0.37775128439295713
2018-09-16 02:42:00,0.3402053930564648
2018-09-16 02:45:00,0.40086800493065766
2018-09-16 02:48:00,0.38725489513279854
2018-09-16 02:51:00,0.4341265889780175
2018-09-16 02:54:00,0.3575890888261597
2018-09-16 02:57:00,0.4350609802256713
2018-09-16 03:00:00,0.4102014149236197
2018-09-16 03:03:00,0.42053318084686
2018-09-16 03:06:00,0.43011643782193687
2018-09-16 03:09:00,0.4574383859192608
2018-09-16 03:12:00,0.4591018026259803
2018-09-16 03:15:00,0.46477168317164796
2018-09-16 03:18:00,0.41720956322939173
2018-09-16 03:21:00,0.4087028452769914
2018-09-16 03:24:00,0.3984305292871113
2018-09-16 03:27:00,0.4438995644755437
2018-09-16 03:30:00,0.3639373970063957
2018-09-16 03:33:00,0.5583668883053292
2018-09-16 03:36:00,0.48851697100349156
2018-09-16 03:39:00,0.44757538572696376
2018-09-16 03:42:00,0.4394578177078756
2018-09-16 03:45:00,0.43312036597711767
2018-09-16 03:48:00,0.44774696556203253
2018-09-16 03:51:00,0.47598622046524497
2018-09-16 03:54:00,0.49118665215479496
2018-09-16 03:57:00,0.49348217457600185
2018-09-16 04:00:00,0.510428861745595
2018-09-16 04:03:00,0.4801027144573595
2018-09-16 04:06:00,0.4567516389054731
2018-09-16 04:09:00,0.3834907705411865
2018-09-16 04:12:00,0.49999697428859236
2018-09-16 04:15:00,0.4165607184390865
2018-09-16 04:18:00,0.4322378027859486
2018-09-16 04:21:00,0.33356712095144303
2018-09-16 04:24:00,0.43290213364275587
2018-09-16 04:27:00,0.3994219111365851
2018-09-16 04:30:00,0.5076500054605617
2018-09-16 04:33:00,0.5134324870273304
2018-09-16 04:36:00,0.4706567757274911
2018-09-16 04:39:00,0.44631547514973136
2018-09-16 04:42:00,0.4418165390344484
2018-09-16 04:45:00,0.4334219913911852
2018-09-16 04:48:00,0.4569395799701397
2018-09-16 04:51:00,0.46246627995805056
2018-09-16 04:54:00,0.5395589728401546
2018-09-16 04:57:00,0.4083986194575573
2018-09-16 05:00:00,0.40877929981536454
2018-09-16 05:03:00,0.33283529037430526
2018-09-16 05:06:00,0.41275320375677893
2018-09-16 05:09:00,0.47734088426756216
2018-09-16 05:12:00,0.4257896740335809
2018-09-16 05:15:00,0.451992768560217
2018-09-16 05:18:00,0.4772802249883057
2018-09-16 05:21:00,0.3704201914810028
2018-09-16 05:24:00,0.4887116127089257
2018-09-16 05:27:00,0.4876199843365612
2018-09-16 05:30:00,0.47310294646172224
2018-09-16 05:33:00,0.4173548583908655
2018-09-16 05:36:00,0.45867756665825254
2018-09-16 05:39:00,0.5076260344089292
2018-09-16 05:42:00,0.4976553339170664
2018-09-16 05:45:00,0.40903493744076513
2018-09-16 05:48:00,0.5435003959963751
2018-09-16 05:51:00,0.4602131050828575
2018-09-16 05:54:00,0.45048067431764593
2018-09-16 05:57:00,0.5135184026062234
2018-09-16 06:00:00,0.41717447841017474
2018-09-16 06:03:00,0.5424101782218713
2018-09-16 06:06:00,0.5328578588121786
2018-09-16 06:09:00,0.4577506106939495
2018-09-16 06:12:00,0.5240552091556765
2018-09-16 06:15:00,0.4331046954287672
2018-09-16 06:18:00,0.4721846317270888
2018-09-16 06:21:00,0.4675846238651502
2018-09-16 06:24:00,0.475408312800198
2018-09-16 06:27:00,0.48070545487627214
2018-09-16 06:30:00,0.4481920722197401
2018-09-16 06:33:00,0.45423007587442044
2018-09-16 06:36:00,0.4956479412380759
2018-09-16 06:39:00,0.4516423898435846
2018-09-16 06:42:00,0.4405073044682126
2018-09-16 06:45:00,0.4142488629686909
2018-09-16 06:48:00,0.444921736118431
2018-09-16 06:51:00,0.46952392969876655
2018-09-16 06:54:00,0.4026366583716481
2018-09-16 06:57:00,0.4445545362301573
2018-09-16 07:00:00,0.5198542791355862
2018-09-16 07:03:00,0.4806369826076775
2018-09-16 07:06:00,0.47386193157802836
2018-09-16 07:09:00,0.5094388141064883
2018-09-16 07:12:00,0.4054327477559809
2018-09-16 07:15:00,0.5705841222800245
2018-09-16 07:18:00,0.4874344498149412
2018-09-16 07:21:00,0.4403903854245641
2018-09-16 07:24:00,0.4640020931806248
2018-09-16 07:27:00,0.3895852000585478
2018-09-16 07:30:00,0.4673077590039725
2018-09-16 07:33:00,0.5262062323281498
2018-09-16 07:36:00,0.49902561419486346
2018-09-16 07:39:00,0.4000768342747847
2018-09-16 07:42:00,0.4058310210551781
2018-09-16 07:45:00,0.5017740817446565
2018-09-16 07:48:00,0.40985526985093657
2018-09-16 07:51:00,0.43952157589728813
2018-09-16 07:54:00,0.4021904411710011
2018-09-16 07:57:00,0.46552667054362473
2018-09-16 08:00:00,0.3713354034125018
2018-09-16 08:03:00,0.3310445026045272
2018-09-16 08:06:00,0.3813404184688238
2018-09-16 08:09:00,0.4626219394864961
2018-09-16 08:12:00,0.41418716101634345
2018-09-16 08:15:00,0.4518339454664897
2018-09-16 08:18:00,0.5126336128975026
2018-09-16 08:21:00,0.4230680712800563
2018-09-16 08:24:00,0.44343941977325585
2018-09-16 08:27:00,0.42726373548219954
2018-09-16 08:30:00,0.4385743357678962
2018-09-16 08:33:00,0.41852303870223295
2018-09-16 08:36:00,0.47839679369394617
2018-09-16 08:39:00,0.5035085156382593
2018-09-16 08:42:00,0.3749701618677932
2018-09-16 08:45:00,0.44662286473442236
2018-09-16 08:48:00,0.4366992750255463
2018-09-16 08:51:00,0.424827098808521
2018-09-16 08:54:00,0.45082595532289815
2018-09-16 08:57:00,0.34210770378916777
2018-09-16 09:00:00,0.3478975523307213
2018-09-16 09:03:00,0.4480344991608831
2018-09-16 09:06:00,0.33825496250500464
2018-09-16 09:09:00,0.3044474785003217
2018-09-16 09:12:00,0.29972889052930896
2018-09-16 09:15:00,0.3021962962084217
2018-09-16 09:18:00,0.2979410533130249
2018-09-16 09:21:00,0.2673257115795309
2018-09-16 09:24:00,0.3227569690815244
2018-09-16 09:27:00,0.28315291961416733
2018-09-16 09:30:00,0.34065377347747017
2018-09-16 09:33:00,0.2609607183767366
2018-09-16 09:36:00,0.15599810533728942
2018-09-16 09:39:00,0.2972015242275461
2018-09-16 09:42:00,0.29631835855957434
2018-09-16 09:45:00,0.2904364190608817
2018-09-16 09:48:00,0.22350395548869528
2018-09-16 09:51:00,0.20503991021433876
2018-09-16 09:54:00,0.2152796954516134
2018-09-16 09:57:00,0.11550815378632251
2018-09-16 10:00:00,0.1495546359355444
2018-09-16 10:03:00,0.1649887395882388
2018-09-16 10:06:00,0.09664906411893526
2018-09-16 10:09:00,0.1378568960619191
2018-09-16 10:12:00,0.14689876285774517
2018-09-16 10:15:00,0.0979582195481612
2018-09-16 10:18:00,0.09490208559293478
2018-09-16 10:21:00,0.15754606133765492
2018-09-16 10:24:00,0.10541196081345561
2018-09-16 10:27:00,0.06560929822677508
2018-09-16 10:30:00,0.027163505014755174
2018-09-16 10:33:00,0.06072644549982442
2018-09-16 10:36:00,0.04657775508684381
2018-09-16 10:39:00,0.10982157696344075
2018-09-16 10:42:00,0.08155476680906304
2018-09-16 10:45:00,0.11317956960840547
2018-09-16 10:48:00,-0.00036789071953080565
2018-09-16 10:51:00,0.12286406396708571
2018-09-16 10:54:00,0.0726863825400983
2018-09-16 10:57:00,0.12792400545407645
2018-09-16 11:00:00,0.09834269986833988
2018-09-16 11:03:00,0.1324077928267684
2018-09-16 11:06:00,0.08475723419280712
2018-09-16 11:09:00,0.08065871961844095
2018-09-16 11:12:00,0.058162582813167774
2018-09-16 11:15:00,0.14357978923447945
2018-09-16 11:18:00,0.05021617196899797
2018-09-16 11:21:00,0.12440284727796325
2018-09-16 11:24:00,0.11484777542887059
2018-09-16 11:27:00,-0.0033543625231118313
2018-09-16 11:30:00,0.07874377259440735
2018-09-16 11:33:00,0.18096062986376182
2018-09-16 11:36:00,0.06188117197319798
2018-09-16 11:39:00,0.10897799195879543
2018-09-16 11:42:00,0.1204029932166577
2018-09-16 11:45:00,0.1315908530654042
2018-09-16 11:48:00,0.08331269905818317
2018-09-16 11:51:00,0.026469590011970467
2018-09-16 11:54:00,0.06481228794348226
2018-09-16 11:57:00,0.09587144597264796
2018-09-16 12:00:00,0.09095814943748337
2018-09-16 12:03:00,-0.04433657038913452
2018-09-16 12:06:00,0.011969485861357043
2018-09-16 12:09:00,0.07518459969469404
2018-09-16 12:12:00,0.014063218724572835
2018-09-16 12:15:00,0.032945489600081146
2018-09-16 12:18:00,-0.0493838927262118
2018-09-16 12:21:00,-0.05520422522511126
2018-09-16 12:24:00,-0.04818628965847438
2018-09-16 12:27:00,-0.13024886036424732
2018-09-16 12:30:00,-0.12674818901479057
2018-09-16 12:33:00,-0.12350601493261593
2018-09-16 12:36:00,-0.19648783599211583
2018-09-16 12:39:00,-0.16121004809127726
2018-09-16 12:42:00,-0.15169533038948657
2018-09-16 12:45:00,-0.16836642983690808
2018-09-16 12:48:00,-0.17561008783781062
2018-09-16 12:51:00,-0.043428457498578155
2018-09-16 12:54:00,-0.0194189400480127
2018-09-16 12:57:00,0.03733551110860844
2018-09-16 13:00:00,0.056000256814513705
2018-09-16 13:03:00,0.25863653623866867
2018-09-16 13:06:00,0.2447496128390867
2018-09-16 13:09:00,0.1875953357639446
2018-09-16 13:12:00,0.15283953724855337
2018-09-16 13:15:00,0.1031276397552574
2018-09-16 13:18:00,0.07406336547734327
2018-09-16 13:21:00,0.12628553817467036
2018-09-16 13:24:00,-0.11968323646442514
2018-09-16 13:27:00,-0.11673164483909204
2018-09-16 13:30:00,-0.08177706900886506
2018-09-16 13:33:00,0.12239848725346292
2018-09-16 13:36:00,0.2141836512191162
2018-09-16 13:39:00,0.24766670292501658
2018-09-16 13:42:00,-0.044626215658922774
2018-09-16 13:45:00,0.061762488396709614
2018-09-16 13:48:00,0.19556236527841975
2018-09-16 13:51:00,0.18018693256033202
2018-09-16 13:54:00,0.07108003093378557
2018-09-16 13:57:00,0.22441541173191126
2018-09-16 14:00:00,0.2520172144690491
2018-09-16 14:03:00,0.2742843064481235
2018-09-16 14:06:00,0.24331135741027765
2018-09-16 14:09:00,0.19744098775271368
2018-09-16 14:12:00,0.22693947553909766
2018-09-16 14:15:00,0.2838839158352471
2018-09-16 14:18:00,0.3554455288486338
2018-09-16 14:21:00,0.3613625659516515
2018-09-16 14:24:00,0.3792124561853143
2018-09-16 14:27:00,0.3338923967473306
2018-09-16 14:30:00,0.22423761985544388
2018-09-16 14:33:00,0.16572694363111395
2018-09-16 14:36:00,-0.043041543006552274
2018-09-16 14:39:00,0.12319413716380723
2018-09-16 14:42:00,0.07185035363380621
2018-09-16 14:45:00,0.14832593647111025
2018-09-16 14:48:00,0.1562714583699858
2018-09-16 14:51:00,0.11502958562596177
2018-09-16 14:54:00,0.10949118867733887
2018-09-16 14:57:00,0.30450811045170667
2018-09-16 15:00:00,0.43213591972050835
2018-09-16 15:03:00,0.3281332908106833
2018-09-16 15:06:00,0.26958918449332714
2018-09-16 15:09:00,0.36563172131212696
2018-09-16 15:12:00,0.4557865452613328
2018-09-16 15:15:00,0.3180144026285916
2018-09-16 15:18:00,0.343577943841467
2018-09-16 15:21:00,0.33869949024852986
2018-09-16 15:24:00,0.1535697417900792
2018-09-16 15:27:00,0.16978872474999207
2018-09-16 15:30:00,0.13621274699710284
2018-09-16 15:33:00,0.17075132348128363
2018-09-16 15:36:00,0.13070842062853671
2018-09-16 15:39:00,0.16993004455349592
2018-09-16 15:42:00,0.1916882098500423
2018-09-16 15:45:00,0.1681056761550508
2018-09-16 15:48:00,0.22716180193867785
2018-09-16 15:51:00,0.15565158502425902
2018-09-16 15:54:00,0.1678068576268288
2018-09-16 15:57:00,0.13045116517503175
2018-09-16 16:00:00,0.14300256139756584
2018-09-16 16:03:00,0.18522930390338388
2018-09-16 16:06:00,0.16240738763701756
2018-09-16 16:09:00,0.1770024890997206
2018-09-16 16:12:00,0.21222955870757687
2018-09-16 16:15:00,0.12748273221586714
2018-09-16 16:18:00,0.12795158247536165
2018-09-16 16:21:00,0.19086340116575684
2018-09-16 16:24:00,0.08480442176261249
2018-09-16 16:27:00,0.21896980618066664
2018-09-16 16:30:00,0.12192198416619249
2018-09-16 16:33:00,0.17705431488542445
2018-09-16 16:36:00,0.15303168886407548
2018-09-16 16:39:00,0.11065651497335693
2018-09-16 16:42:00,0.2559872675807924
2018-09-16 16:45:00,0.1384503867367357
2018-09-16 16:48:00,0.046640933675178076
2018-09-16 16:51:00,0.09566300453815302
2018-09-16 16:54:00,0.1671237582862659
2018-09-16 16:57:00,0.1676979259102609
2018-09-16 17:00:00,0.1756027397499338
2018-09-16 17:03:00,0.1614089777716572
2018-09-16 17:06:00,0.19070990216999917
2018-09-16 17:09:00,0.1491290923812585
2018-09-16 17:12:00,0.054734990033864506
2018-09-16 17:15:00,0.1456324113414098
2018-09-16 17:18:00,0.13725506907900353
2018-09-16 17:21:00,0.09950591234996864
2018-09-16 17:24:00,0.13290812331899815
2018-09-16 17:27:00,0.083950980648126
2018-09-16 17:30:00,0.15661621993075414
2018-09-16 17:33:00,0.1615749991509574
2018-09-16 17:36:00,0.13693162978046303
2018-09-16 17:39:00,0.20408304583651216
2018-09-16 17:42:00,0.15602370656085895
2018-09-16 17:45:00,0.1814303945598681
2018-09-16 17:48:00,0.21433089488465384
2018-09-16 17:51:00,0.21579070627296915
2018-09-16 17:54:00,0.1558975704230079
2018-09-16 17:57:00,0.11830463585795314
2018-09-16 18:00:00,0.10727227307904741
2018-09-16 18:03:00,0.07896182792336504
2018-09-16 18:06:00,0.06209041804811477
2018-09-16 18:09:00,0.047432102290258626
2018-09-16 18:12:00,0.16624597405251507
2018-09-16 18:15:00,0.1874404024846399
2018-09-16 18:18:00,0.12316071761210878
2018-09-16 18:21:00,0.07999599728071871
2018-09-16 18:24:00,0.22693085081272102
2018-09-16 18:27:00,0.10108887747611561
2018-09-16 18:30:00,0.024867683116781336
2018-09-16 18:33:00,0.06002110418353368
2018-09-16 18:36:00,0.11973709499187635
2018-09-16 18:39:00,0.06562091744535792
2018-09-16 18:42:00,0.08744219837740275
2018-09-16 18:45:00,0.11600778284332591
2018-09-16 18:48:00,0.1030251846885335
2018-09-16 18:51:00,0.0996040921144754
2018-09-16 18:54:00,
2018-09-16 18:57:00,
2018-09-16 19:00:00,
2018-09-16 19:03:00,
2018-09-16 19:06:00,0.0675870669527967
2018-09-16 19:09:00,0.06302790834035932
2018-09-16 19:12:00,0.18092368995860397
2018-09-16 19:15:00,0.19507803020297843
2018-09-16 19:18:00,0.15108480373430666
2018-09-16 19:21:00,0.09490096403186499
2018-09-16 19:24:00,0.08397642094524826
2018-09-16 19:27:00,0.22915293954321214
2018-09-16 19:30:00,0.14363263309365948
2018-09-16 19:33:00,0.16877723766953068
2018-09-16 19:36:00,0.2218554935911925
2018-09-16 19:39:00,0.2420774977993574
2018-09-16 19:42:00,0.21683220240697665
2018-09-16 19:45:00,0.13973692992419728
2018-09-16 19:48:00,0.15487194911014512
2018-09-16 19:51:00,0.20184433662620904
2018-09-16 19:54:00,0.1829596398527542
2018-09-16 19:57:00,0.1869668889593754
2018-09-16 20:00:00,0.1222099150405711
2018-09-16 20:03:00,0.09146190685720512
2018-09-16 20:06:00,0.12547013804089602
2018-09-16 20:09:00,0.13296290913143594
2018-09-16 20:12:00,0.2111439879917043
2018-09-16 20:15:00,0.07646149303081984
2018-09-16 20:18:00,0.12478147032624065
2018-09-16 20:21:00,0.163889928171443
2018-09-16 20:24:00,0.09724427248767142
2018-09-16 20:27:00,0.09275431986156946
2018-09-16 20:30:00,0.16771747448370888
2018-09-16 20:33:00,0.1641250124305884
2018-09-16 20:36:00,0.0989848914398408
2018-09-16 20:39:00,0.13059133158884606
2018-09-16 20:42:00,0.17262687377262864
2018-09-16 20:45:00,0.12376614650548845
2018-09-16 20:48:00,0.14609505801223577
2018-09-16 20:51:00,0.1353349724402051
2018-09-16 20:54:00,0.2026453299104105
2018-09-16 20:57:00,0.24208854711292815
2018-09-16 21:00:00,0.186157009333499
2018-09-16 21:03:00,0.2391890589649961
2018-09-16 21:06:00,0.14368961693730853
2018-09-16 21:09:00,0.19274001849811384
2018-09-16 21:12:00,0.2236527718354182
2018-09-16 21:15:00,0.0836568371957469
2018-09-16 21:18:00,0.2341899893015693
2018-09-16 21:21:00,0.19036715503261803
2018-09-16 21:24:00,0.19692836927242752
2018-09-16 21:27:00,0.2584788747093967
2018-09-16 21:30:00,0.15194781075729225
2018-09-16 21:33:00,0.19517072168247296
2018-09-16 21:36:00,0.22903720983060794
2018-09-16 21:39:00,0.24491884673170716
2018-09-16 21:42:00,0.24136808816302846
2018-09-16 21:45:00,0.1729961288033337
2018-09-16 21:48:00,0.27064667354238736
2018-09-16 21:51:00,0.22219467551514072
2018-09-16 21:54:00,0.32729913634466357
2018-09-16 21:57:00,0.28535673011839435
2018-09-16 22:00:00,0.3113536718144019
2018-09-16 22:03:00,0.3097918221345708
2018-09-16 22:06:00,0.3568108591320538
2018-09-16 22:09:00,0.27246939968961215
2018-09-16 22:12:00,0.28057380079917493
2018-09-16 22:15:00,0.22029217554921843
2018-09-16 22:18:00,0.31891717250050533
2018-09-16 22:21:00,0.3300405449462005
2018-09-16 22:24:00,0.2504130944643066
2018-09-16 22:27:00,0.22767616568972926
2018-09-16 22:30:00,0.3589524546619032
2018-09-16 22:33:00,0.16078009021640582
2018-09-16 22:36:00,0.25791981349453863
2018-09-16 22:39:00,0.23724176080821735
2018-09-16 22:42:00,0.3148258784360678
2018-09-16 22:45:00,0.258197205725196
2018-09-16 22:48:00,0.3558813241214125
2018-09-16 22:51:00,0.3250851791900118
2018-09-16 22:54:00,0.30996930782521304
2018-09-16 22:57:00,0.3726463812137695
2018-09-16 23:00:00,0.37726182154403887
2018-09-16 23:03:00,0.3500207049164601
2018-09-16 23:06:00,0.28585425748224225
2018-09-16 23:09:00,0.3394407614118222
2018-09-16 23:12:00,0.33046732431830605
2018-09-16 23:15:00,0.2876190823083107
2018-09-16 23:18:00,0.43587341071196306
2018-09-16 23:21:00,0.2922239283916497
2018-09-16 23:24:00,0.36740771438604725
2018-09-16 23:27:00,0.22702326918931703
2018-09-16 23:30:00,0.3155755039223891
2018-09-16 23:33:00,0.2916933704843814
2018-09-16 23:36:00,0.3258753318173717
2018-09-16 23:39:00,0.34616680786803045
2018-09-16 23:42:00,0.40173843234566675
2018-09-16 23:45:00,0.3598573698376981
2018-09-16 23:48:00,0.28855771605674363
2018-09-16 23:51:00,0.3078354475698575
2018-09-16 23:54:00,0.3916330220513373
2018-09-16 23:57:00,0.3862086450722586
2018-09-17 00:00:00,0.39414622227724294
2018-09-17 00:03:00,0.3007069980079109
2018-09-17 00:06:00,0.5039677575645669
2018-09-17 00:09:00,0.3813698454240466
2018-09-17 00:12:00,0.38950873225326177
2018-09-17 00:15:00,0.41217369674063775
2018-09-17 00:18:00,0.3987587238486867
2018-09-17 00:21:00,0.3664188227723457
2018-09-17 00:24:00,0.4136229310192334
2018-09-17 00:27:00,0.3719430025226984
2018-09-17 00:30:00,0.32975351297585576
2018-09-17 00:33:00,0.3573881473679421
2018-09-17 00:36:00,0.42343783971585935
2018-09-17 00:39:00,0.42328838157652626
2018-09-17 00:42:00,0.4434422854471336
2018-09-17 00:45:00,0.403078452306886
2018-09-17 00:48:00,0.3898386313404103
2018-09-17 00:51:00,0.5281464748971416
2018-09-17 00:54:00,0.38869130316794553
2018-09-17 00:57:00,0.41636885391102396
2018-09-17 01:00:00,0.4230686063750113
2018-09-17 01:03:00,0.4524502085134259
2018-09-17 01:06:00,0.4607766533876543
2018-09-17 01:09:00,0.38396965840388475
2018-09-17 01:12:00,0.47593342431798646
2018-09-17 01:15:00,0.4558666026309197
2018-09-17 01:18:00,0.5541568078472778
2018-09-17 01:21:00,0.4805729254626385
2018-09-17 01:24:00,0.45562982891874526
2018-09-17 01:27:00,0.41359425056197097
2018-09-17 01:30:00,0.3342024460127391
2018-09-17 01:33:00,0.41300385113248694
2018-09-17 01:36:00,0.40563992725975595
2018-09-17 01:39:00,0.3722852365856397
2018-09-17 01:42:00,0.39478444295156123
2018-09-17 01:45:00,0.4155141766108841
2018-09-17 01:48:00,0.5180489664190873
2018-09-17 01:51:00,0.4967020382586611
2018-09-17 01:54:00,0.49166706951626793
2018-09-17 01:57:00,0.4083366873078944
2018-09-17 02:00:00,0.44985995504947596
2018-09-17 02:03:00,0.48630957715494105
2018-09-17 02:06:00,0.49956757725624357
2018-09-17 02:09:00,0.42671122364367875
2018-09-17 02:12:00,0.47310355171470064
2018-09-17 02:15:00,0.5387318676921495
2018-09-17 02:18:00,0.5193626702059646
2018-09-17 02:21:00,0.3969065592639254
2018-09-17 02:24:00,0.5422872869314688
2018-09-17 02:27:00,0.47509358154496795
2018-09-17 02:30:00,0.5079823304384377
2018-09-17 02:33:00,0.46997606756173127
2018-09-17 02:36:00,0.4923099435213203
2018-09-17 02:39:00,0.4656320957998332
2018-09-17 02:42:00,0.46641531229175826
2018-09-17 02:45:00,0.4809754987059591
2018-09-17 02:48:00,0.5142851071997825
2018-09-17 02:51:00,0.46063698680961807
2018-09-17 02:54:00,0.5570864323649971
2018-09-17 02:57:00,0.5078175828405733
2018-09-17 03:00:00,0.5671112312055016
2018-09-17 03:03:00,0.4289722872117636
2018-09-17 03:06:00,0.4813926039376497
2018-09-17 03:09:00,0.480724218164994
2018-09-17 03:12:00,0.5109979203598982
2018-09-17 03:15:00,0.49998641501264274
2018-09-17 03:18:00,0.5508955029346794
2018-09-17 03:21:00,0.5513898342183552
2018-09-17 03:24:00,0.6377911677622023
2018-09-17 03:27:00,0.5611299528183054
2018-09-17 03:30:00,0.5957565311235271
2018-09-17 03:33:00,0.5659299780614901
2018-09-17 03:36:00,0.5620523569959914
2018-09-17 03:39:00,0.5968120980322738
2018-09-17 03:42:00,0.6200318015733046
2018-09-17 03:45:00,0.6097684545458719
2018-09-17 03:48:00,0.5856478389696349
2018-09-17 03:51:00,0.5971988874832164
2018-09-17 03:54:00,0.5809198328683465
2018-09-17 03:57:00,0.6110368097361061
2018-09-17 04:00:00,0.6717147968603854
2018-09-17 04:03:00,0.5370691839264055
2018-09-17 04:06:00,0.5325488141651817
2018-09-17 04:09:00,0.5862419077714662
2018-09-17 04:12:00,0.6171043270322798
2018-09-17 04:15:00,0.5527454187342755
2018-09-17 04:18:00,0.6655419879948568
2018-09-17 04:21:00,0.5867577984666923
2018-09-17 04:24:00,0.5563916872211507
2018-09-17 04:27:00,0.47986447602716
2018-09-17 04:30:00,0.5450269715273635
2018-09-17 04:33:00,0.5244291581792027
2018-09-17 04:36:00,0.486376426905224
2018-09-17 04:39:00,0.5160777782639343
2018-09-17 04:42:00,0.44888456212510164
2018-09-17 04:45:00,0.51791385273782
2018-09-17 04:48:00,0.5821873214416087
2018-09-17 04:51:00,0.4349281640441518
2018-09-17 04:54:00,0.5124725166938902
2018-09-17 04:57:00,0.5070754679005063
2018-09-17 05:00:00,0.5151569365576165
2018-09-17 05:03:00,0.5460368682061585
2018-09-17 05:06:00,0.474873809291978
2018-09-17 05:09:00,0.515929363734017
2018-09-17 05:12:00,0.41534868675989856
2018-09-17 05:15:00,0.5386142349445322
2018-09-17 05:18:00,0.5689982748882016
2018-09-17 05:21:00,0.6336970951693388
2018-09-17 05:24:00,0.5278867540654915
2018-09-17 05:27:00,0.5284743030305208
2018-09-17 05:30:00,0.5388198217727904
2018-09-17 05:33:00,0.5311385061157807
2018-09-17 05:36:00,0.5411437337702978
2018-09-17 05:39:00,0.554964209746629
2018-09-17 05:42:00,0.5213657099314446
2018-09-17 05:45:00,0.4604700551371934
2018-09-17 05:48:00,0.5404270709892671
2018-09-17 05:51:00,0.6046640433011135
2018-09-17 05:54:00,0.49149704592173293
2018-09-17 05:57:00,0.451007532906317
2018-09-17 06:00:00,0.5747360780684971
2018-09-17 06:03:00,0.5798039521367286
2018-09-17 06:06:00,0.7038095011994869
2018-09-17 06:09:00,0.5403116226709699
2018-09-17 06:12:00,0.462046807008619
2018-09-17 06:15:00,0.5425031127278999
2018-09-17 06:18:00,0.588145048246929
2018-09-17 06:21:00,0.5377339249790225
2018-09-17 06:24:00,0.5221988546148282
2018-09-17 06:27:00,0.5701949811409577
2018-09-17 06:30:00,0.6161749152086031
2018-09-17 06:33:00,0.6316510115794927
2018-09-17 06:36:00,0.5977615852120834
2018-09-17 06:39:00,0.602077224806294
2018-09-17 06:42:00,0.584301848483733
2018-09-17 06:45:00,0.5540350529715852
2018-09-17 06:48:00,0.5456724773695782
2018-09-17 06:51:00,0.6268907682107283
2018-09-17 06:54:00,0.5949226842809026
2018-09-17 06:57:00,0.641046283498099
2018-09-17 07:00:00,0.64612470232845
2018-09-17 07:03:00,0.6531085395342302
2018-09-17 07:06:00,0.5597264227602636
2018-09-17 07:09:00,0.6774804715287246
2018-09-17 07:12:00,0.6244526888521591
2018-09-17 07:15:00,0.6572301964535541
2018-09-17 07:18:00,0.5440638184912245
2018-09-17 07:21:00,0.674839817531165
2018-09-17 07:24:00,0.7142615086091837
2018-09-17 07:27:00,0.6168087948803986
2018-09-17 07:30:00,0.6340144385064832
2018-09-17 07:33:00,0.6570978799115323
2018-09-17 07:36:00,0.5860687987418487
2018-09-17 07:39:00,0.5606537154129683
2018-09-17 07:42:00,0.5943564952733027
2018-09-17 07:45:00,0.5447914100921025
2018-09-17 07:48:00,0.6161964075018886
2018-09-17 07:51:00,0.563784538931543
2018-09-17 07:54:00,0.6004687738309826
2018-09-17 07:57:00,0.5360919129355466
2018-09-17 08:00:00,0.5796827753957245
2018-09-17 08:03:00,0.5143874173615473
2018-09-17 08:06:00,0.6037632332982525
2018-09-17 08:09:00,0.5649903164821808
2018-09-17 08:12:00,0.48030297346980433
2018-09-17 08:15:00,0.5152766108336664
2018-09-17 08:18:00,0.48175166527471447
2018-09-17 08:21:00,0.4339088560792561
2018-09-17 08:24:00,0.5629020589907441
2018-09-17 08:27:00,0.5274102545345727
2018-09-17 08:30:00,0.47632813289095566
2018-09-17 08:33:00,0.48534040377529664
2018-09-17 08:36:00,0.4295160542861254
2018-09-17 08:39:00,0.40686650509519495
2018-09-17 08:42:00,0.5288940206312418
2018-09-17 08:45:00,0.4075148559215336
2018-09-17 08:48:00,0.4637505279833931
2018-09-17 08:51:00,0.4293817903257491
2018-09-17 08:54:00,0.47980623332381356
2018-09-17 08:57:00,0.40326419881273523
2018-09-17 09:00:00,0.3956481453471383
2018-09-17 09:03:00,0.33951087533523605
2018-09-17 09:06:00,0.3254914799803714
2018-09-17 09:09:00,0.29543403631140563
2018-09-17 09:12:00,0.16896245595734172
2018-09-17 09:15:00,0.25117721892468126
2018-09-17 09:18:00,0.3964006791121051
2018-09-17 09:21:00,0.13351897802863277
2018-09-17 09:24:00,0.22831627263275323
2018-09-17 09:27:00,0.25638113921650074
2018-09-17 09:30:00,0.1667815644618713
2018-09-17 09:33:00,0.1684397796518624
2018-09-17 09:36:00,0.21138534189071834
2018-09-17 09:39:00,0.17832282111561426
2018-09-17 09:42:00,0.1453069817504229
2018-09-17 09:45:00,0.1376622658199267
2018-09-17 09:48:00,0.07910249882371545
2018-09-17 09:51:00,0.0839720085870681
2018-09-17 09:54:00,0.03671297331106871
2018-09-17 09:57:00,-0.0024144105808545646
2018-09-17 10:00:00,0.06191591411220543
2018-09-17 10:03:00,-0.012735798270739451
2018-09-17 10:06:00,-0.0676076866819244
2018-09-17 10:09:00,0.03391910827565425
2018-09-17 10:12:00,-0.08744512359015744
2018-09-17 10:15:00,-0.0747919630119327
2018-09-17 10:18:00,-0.15321189460763662
2018-09-17 10:21:00,-0.059210095652019845
2018-09-17 10:24:00,-0.012823597131557563
2018-09-17 10:27:00,-0.1615511093667692
2018-09-17 10:30:00,-0.15456758556990735
2018-09-17 10:33:00,-0.2476134983629663
2018-09-17 10:36:00,-0.18732210731724308
2018-09-17 10:39:00,-0.17003709106717224
2018-09-17 10:42:00,-0.2458500698302828
2018-09-17 10:45:00,-0.2157369521510759
2018-09-17 10:48:00,-0.229753772399647
2018-09-17 10:51:00,-0.24196382562894314
2018-09-17 10:54:00,-0.2769260610091351
2018-09-17 10:57:00,-0.2943485943637256
2018-09-17 11:00:00,-0.3170477125324851
2018-09-17 11:03:00,-0.17663636769168534
2018-09-17 11:06:00,-0.25941974862621464
2018-09-17 11:09:00,-0.30343315449727015
2018-09-17 11:12:00,-0.2933362453791801
2018-09-17 11:15:00,-0.2842292158138662
2018-09-17 11:18:00,-0.19560487345802358
2018-09-17 11:21:00,-0.20971679111067942
2018-09-17 11:24:00,-0.2406057201819749
2018-09-17 11:27:00,-0.3378266680534807
2018-09-17 11:30:00,-0.3337160577598297
2018-09-17 11:33:00,-0.20008755061468264
2018-09-17 11:36:00,-0.24233234930335357
2018-09-17 11:39:00,-0.38998849449114914
2018-09-17 11:42:00,-0.2673415626063047
2018-09-17 11:45:00,-0.3987954779435654
2018-09-17 11:48:00,-0.31894395919835006
2018-09-17 11:51:00,-0.21611196894440354
2018-09-17 11:54:00,-0.35403500802408416
2018-09-17 11:57:00,-0.3432606124316635
2018-09-17 12:00:00,-0.3800427296341695
2018-09-17 12:03:00,-0.3639263192577573
2018-09-17 12:06:00,-0.344792957694267
2018-09-17 12:09:00,-0.43703669919324284
2018-09-17 12:12:00,-0.42299821022811557
2018-09-17 12:15:00,-0.31935558996354985
2018-09-17 12:18:00,-0.36580275216221025
2018-09-17 12:21:00,-0.45249840722954104
2018-09-17 12:24:00,-0.32850349601972084
2018-09-17 12:27:00,-0.37365649332764406
2018-09-17 12:30:00,-0.3344756297166782
2018-09-17 12:33:00,-0.3309097790012743
2018-09-17 12:36:00,-0.40643801685178005
2018-09-17 12:39:00,-0.3702512251783787
2018-09-17 12:42:00,-0.41570601886712666
2018-09-17 12:45:00,-0.3909013339673493
2018-09-17 12:48:00,-0.5412379168707844
2018-09-17 12:51:00,-0.2806820141244657
2018-09-17 12:54:00,-0.3866817389038033
2018-09-17 12:57:00,-0.3564937719651766
2018-09-17 13:00:00,-0.5490446094680124
2018-09-17 13:03:00,-0.1535156856967319
2018-09-17 13:06:00,-0.14529602292014943
2018-09-17 13:09:00,-0.14200900640281588
2018-09-17 13:12:00,-0.3706653691476163
2018-09-17 13:15:00,-0.4814898271159791
2018-09-17 13:18:00,-0.3948938022045354
2018-09-17 13:21:00,-0.3633974081910196
2018-09-17 13:24:00,-0.40270306905699726
2018-09-17 13:27:00,-0.4232604405182201
2018-09-17 13:30:00,-0.3808708831496119
2018-09-17 13:33:00,-0.36603344538110605
2018-09-17 13:36:00,-0.280625464600746
2018-09-17 13:39:00,-0.255182543899366
2018-09-17 13:42:00,-0.1724513099314322
2018-09-17 13:45:00,-0.17635828807090093
2018-09-17 13:48:00,-0.20579808578770553
2018-09-17 13:51:00,-0.1709955599433215
2018-09-17 13:54:00,-0.2626447103672831
2018-09-17 13:57:00,-0.34720509463841154
2018-09-17 14:00:00,-0.31281048097253006
2018-09-17 14:03:00,-0.42279158400583583
2018-09-17 14:06:00,-0.2603234654720836
2018-09-17 14:09:00,-0.4364801763609307
2018-09-17 14:12:00,-0.42807719207263517
2018-09-17 14:15:00,-0.5005336635576327
2018-09-17 14:18:00,-0.42834052015757607
2018-09-17 14:21:00,-0.4155461235722555
2018-09-17 14:24:00,-0.34943963888616736
2018-09-17 14:27:00,-0.41260617746212347
2018-09-17 14:30:00,-0.34523864752679856
2018-09-17 14:33:00,-0.36115291252917814
2018-09-17 14:36:00,-0.32136968221607276
2018-09-17 14:39:00,-0.38047243617404547
2018-09-17 14:42:00,-0.3586090822583401
2018-09-17 14:45:00,-0.37489520359764583
2018-09-17 14:48:00,-0.4102803653768774
2018-09-17 14:51:00,-0.41595487293301403
2018-09-17 14:54:00,-0.3108656188472878
2018-09-17 14:57:00,-0.4770901152418787
2018-09-17 15:00:00,-0.377297270678298
2018-09-17 15:03:00,-0.38975079028182336
2018-09-17 15:06:00,-0.32108568909313817
2018-09-17 15:09:00,-0.32624450833583296
2018-09-17 15:12:00,-0.22242674369630322
2018-09-17 15:15:00,-0.2908028323106464
2018-09-17 15:18:00,-0.32200536413165537
2018-09-17 15:21:00,-0.27884281258877763
2018-09-17 15:24:00,-0.28618702051750233
2018-09-17 15:27:00,-0.30320133142305394
2018-09-17 15:30:00,-0.34399400839481586
2018-09-17 15:33:00,-0.3720694793767052
2018-09-17 15:36:00,-0.2858193316680513
2018-09-17 15:39:00,-0.32140608600332143
2018-09-17 15:42:00,-0.3825994378863129
2018-09-17 15:45:00,-0.2671617695565942
2018-09-17 15:48:00,-0.10044190838544864
2018-09-17 15:51:00,-0.07355934929375962
2018-09-17 15:54:00,-0.1257572735487429
2018-09-17 15:57:00,0.07228286734675748
2018-09-17 16:00:00,0.10957740008740302
2018-09-17 16:03:00,0.058526261524662004
2018-09-17 16:06:00,0.11030052445215688
2018-09-17 16:09:00,0.10291598348351272
2018-09-17 16:12:00,0.1357006107697316
2018-09-17 16:15:00,0.16198142333053056
2018-09-17 16:18:00,0.12910364566437238
2018-09-17 16:21:00,0.09315505397648849
2018-09-17 16:24:00,0.11709558511245177
2018-09-17 16:27:00,-0.038467844652473104
2018-09-17 16:30:00,-0.07514582406923864
2018-09-17 16:33:00,-0.23349982730678676
2018-09-17 16:36:00,-0.201097077077236
2018-09-17 16:39:00,-0.27326806148289506
2018-09-17 16:42:00,-0.216607672816167
2018-09-17 16:45:00,-0.25471335076377954
2018-09-17 16:48:00,-0.32062911846998077
2018-09-17 16:51:00,-0.35510665942609876
2018-09-17 16:54:00,-0.25158259268732763
2018-09-17 16:57:00,-0.27707743517385097
2018-09-17 17:00:00,-0.22980274475440865
2018-09-17 17:03:00,-0.3071761692713153
2018-09-17 17:06:00,-0.3085706486323261
2018-09-17 17:09:00,-0.24835870008359962
2018-09-17 17:12:00,-0.24911432868043448
2018-09-17 17:15:00,-0.29085478994409186
2018-09-17 17:18:00,-0.27324447459682233
2018-09-17 17:21:00,-0.13941766479689477
2018-09-17 17:24:00,-0.1364532609516118
2018-09-17 17:27:00,0.007938258803108056
2018-09-17 17:30:00,-0.08062209897087769
2018-09-17 17:33:00,-0.10780387629205279
2018-09-17 17:36:00,-0.10667919347571342
2018-09-17 17:39:00,-0.10941152069466398
2018-09-17 17:42:00,-0.1703758748594737
2018-09-17 17:45:00,
2018-09-17 17:48:00,
2018-09-17 17:51:00,
2018-09-17 17:54:00,
2018-09-17 17:57:00,
2018-09-17 18:00:00,
2018-09-17 18:03:00,
2018-09-17 18:06:00,
2018-09-17 18:09:00,
2018-09-17 18:12:00,
2018-09-17 18:15:00,
2018-09-17 18:18:00,
2018-09-17 18:21:00,0.2381341183432255
2018-09-17 18:24:00,0.024166774050968343
2018-09-17 18:27:00,-0.054155903482069334
2018-09-17 18:30:00,0.02281227006079689
2018-09-17 18:33:00,-0.0035459770330135143
2018-09-17 18:36:00,0.010554284336194542
2018-09-17 18:39:00,0.01878914159658507
2018-09-17 18:42:00,-0.057423679557985
2018-09-17 18:45:00,0.0627035031625951
2018-09-17 18:48:00,-0.05676190975140116
2018-09-17 18:51:00,0.06370397110214299
2018-09-17 18:54:00,
2018-09-17 18:57:00,
2018-09-17 19:00:00,
2018-09-17 19:03:00,-0.022772993580758794
2018-09-17 19:06:00,0.03184673540812355
2018-09-17 19:09:00,0.08569986741071034
2018-09-17 19:12:00,0.0024274257233969365
2018-09-17 19:15:00,-0.059179826416936976
2018-09-17 19:18:00,0.01728419728925701
2018-09-17 19:21:00,-0.004459613632263881
2018-09-17 19:24:00,-0.007287089498902333
2018-09-17 19:27:00,0.03854088687000967
2018-09-17 19:30:00,0.01852974128553342
2018-09-17 19:33:00,0.06203501058922711
2018-09-17 19:36:00,0.06392604671538038
2018-09-17 19:39:00,0.06434718154918073
2018-09-17 19:42:00,0.08106993723447431
2018-09-17 19:45:00,0.09833887627672766
2018-09-17 19:48:00,0.14200341724978216
2018-09-17 19:51:00,0.19869129346938053
2018-09-17 19:54:00,0.16941985568519158
2018-09-17 19:57:00,0.1639870925484388
2018-09-17 20:00:00,0.16072452764979062
2018-09-17 20:03:00,0.039933460182339786
2018-09-17 20:06:00,0.07453453836131985
2018-09-17 20:09:00,0.07238195004356385
2018-09-17 20:12:00,0.09070380618322815
2018-09-17 20:15:00,0.047754951750107466
2018-09-17 20:18:00,0.11961739249346692
2018-09-17 20:21:00,0.15459922171288554
2018-09-17 20:24:00,0.0393793784461991
2018-09-17 20:27:00,0.10576741851929228
2018-09-17 20:30:00,0.059944184486482754
2018-09-17 20:33:00,0.13410010050057508
2018-09-17 20:36:00,0.1189782577881715
2018-09-17 20:39:00,0.06755133519254741
2018-09-17 20:42:00,0.1257289851247947
2018-09-17 20:45:00,0.10510614855564882
2018-09-17 20:48:00,0.21536763508260037
2018-09-17 20:51:00,0.12182461717452497
2018-09-17 20:54:00,0.2089083287143012
2018-09-17 20:57:00,0.08202406906747228
2018-09-17 21:00:00,0.014984900199635831
2018-09-17 21:03:00,0.14205990004239766
2018-09-17 21:06:00,0.14818028040440367
2018-09-17 21:09:00,0.11211336555038542
2018-09-17 21:12:00,0.14690165862384674
2018-09-17 21:15:00,0.12023836479551164
2018-09-17 21:18:00,0.0913832024259591
2018-09-17 21:21:00,0.04999055992556123
2018-09-17 21:24:00,0.11708620815119275
2018-09-17 21:27:00,0.02689304375979873
2018-09-17 21:30:00,0.07484568116205992
2018-09-17 21:33:00,0.1251411943614471
2018-09-17 21:36:00,0.10928738233434387
2018-09-17 21:39:00,0.09403905693466186
2018-09-17 21:42:00,0.05610038340972778
2018-09-17 21:45:00,0.05703395486455065
2018-09-17 21:48:00,0.17118507864404364
2018-09-17 21:51:00,0.16447144710048178
2018-09-17 21:54:00,0.05537498914350181
2018-09-17 21:57:00,0.10986874958581438
2018-09-17 22:00:00,0.08296375763387687
2018-09-17 22:03:00,0.17836395246132497
2018-09-17 22:06:00,0.08802351100399619
2018-09-17 22:09:00,0.18582083025449947
2018-09-17 22:12:00,0.10870759225554139
2018-09-17 22:15:00,0.1185513419152926
2018-09-17 22:18:00,0.14200861379680418
2018-09-17 22:21:00,0.12831774522538808
2018-09-17 22:24:00,0.17043980411955317
2018-09-17 22:27:00,0.1839390435739574
2018-09-17 22:30:00,0.1476691282237539
2018-09-17 22:33:00,0.1414345283836269
2018-09-17 22:36:00,0.07720433056806542
2018-09-17 22:39:00,0.11315115232292783
2018-09-17 22:42:00,0.09701852129393274
2018-09-17 22:45:00,0.15772799436103924
2018-09-17 22:48:00,0.23532630719159897
2018-09-17 22:51:00,0.17890966333749247
2018-09-17 22:54:00,0.17865331706195775
2018-09-17 22:57:00,0.2556515953641565
2018-09-17 23:00:00,0.15185399169899938
2018-09-17 23:03:00,0.2009856453747716
2018-09-17 23:06:00,0.28189188225809403
2018-09-17 23:09:00,0.2674715076405505
2018-09-17 23:12:00,0.19992840015970614
2018-09-17 23:15:00,0.2625647968126259
2018-09-17 23:18:00,0.1483942686049886
2018-09-17 23:21:00,0.2621699782489486
2018-09-17 23:24:00,0.23962811468868495
2018-09-17 23:27:00,0.21332181166349073
2018-09-17 23:30:00,0.11316046752892817
2018-09-17 23:33:00,0.11469769260833118
2018-09-17 23:36:00,0.1477287247946606
2018-09-17 23:39:00,0.17617208839783416
2018-09-17 23:42:00,0.1666374790506211
2018-09-17 23:45:00,0.1132993862519811
2018-09-17 23:48:00,0.0706150718791605
2018-09-17 23:51:00,0.1461321864522347
2018-09-17 23:54:00,0.2655568881610293
2018-09-17 23:57:00,0.15032688341756284
2018-09-18 00:00:00,0.16336142939627507
2018-09-18 00:03:00,0.1813902647624559
2018-09-18 00:06:00,0.21939699302777171
2018-09-18 00:09:00,0.22697032273498507
2018-09-18 00:12:00,0.217951558579216
2018-09-18 00:15:00,0.2943378258713665
2018-09-18 00:18:00,0.19176761092927563
2018-09-18 00:21:00,0.23038773033187
2018-09-18 00:24:00,0.09378185917614701
2018-09-18 00:27:00,0.24582394777485206
2018-09-18 00:30:00,0.2371943961090892
2018-09-18 00:33:00,0.2751733213668217
2018-09-18 00:36:00,0.2449848306300737
2018-09-18 00:39:00,0.2177332841737325
2018-09-18 00:42:00,0.2042320569442495
2018-09-18 00:45:00,0.2897220207340183
2018-09-18 00:48:00,0.3013135602950001
2018-09-18 00:51:00,0.31487497310257595
2018-09-18 00:54:00,0.28669717814807427
2018-09-18 00:57:00,0.3127791335670054
2018-09-18 01:00:00,0.20505344569113504
2018-09-18 01:03:00,0.3339354004303914
2018-09-18 01:06:00,0.2207544408959734
2018-09-18 01:09:00,0.255580826305561
2018-09-18 01:12:00,0.31738051413856283
2018-09-18 01:15:00,0.25448040589139964
2018-09-18 01:18:00,0.32004805393466995
2018-09-18 01:21:00,0.304157469798497
2018-09-18 01:24:00,0.32952725157940677
2018-09-18 01:27:00,0.3337734615578256
2018-09-18 01:30:00,0.16126205740692967
2018-09-18 01:33:00,0.3046451373475634
2018-09-18 01:36:00,0.31727555389164763
2018-09-18 01:39:00,0.3394158223607633
2018-09-18 01:42:00,0.3509054908043936
2018-09-18 01:45:00,0.3351684444701277
2018-09-18 01:48:00,0.2669451441177557
2018-09-18 01:51:00,0.2315200553730392
2018-09-18 01:54:00,0.2944153595536818
2018-09-18 01:57:00,0.25575401882207416
2018-09-18 02:00:00,0.378343721522981
2018-09-18 02:03:00,0.340437226032293
2018-09-18 02:06:00,0.33275278495472094
2018-09-18 02:09:00,0.30721661118218435
2018-09-18 02:12:00,0.2753377550706091
2018-09-18 02:15:00,0.3182873006976479
2018-09-18 02:18:00,0.28295387239199954
2018-09-18 02:21:00,0.2891508248634409
2018-09-18 02:24:00,0.3004859676350975
2018-09-18 02:27:00,0.29331139808164153
2018-09-18 02:30:00,0.32087531317478124
2018-09-18 02:33:00,0.35722781234562717
2018-09-18 02:36:00,0.26433215837488433
2018-09-18 02:39:00,0.2654211106220714
2018-09-18 02:42:00,0.40290592603486175
2018-09-18 02:45:00,0.3364394096490173
2018-09-18 02:48:00,0.3283945576923202
2018-09-18 02:51:00,0.32620041504640085
2018-09-18 02:54:00,0.33039931211624207
2018-09-18 02:57:00,0.24495478965206985
2018-09-18 03:00:00,0.21950411533896386
2018-09-18 03:03:00,0.3021699878813138
2018-09-18 03:06:00,0.30667844460987226
2018-09-18 03:09:00,0.2934256582909711
2018-09-18 03:12:00,0.3567297234590683
2018-09-18 03:15:00,0.36184109731954095
2018-09-18 03:18:00,0.3154517664727905
2018-09-18 03:21:00,0.3528578849978885
2018-09-18 03:24:00,0.3638392276904483
2018-09-18 03:27:00,0.3488624190144378
2018-09-18 03:30:00,0.3981811893875715
2018-09-18 03:33:00,0.3814618267093124
2018-09-18 03:36:00,0.26260807546071874
2018-09-18 03:39:00,0.21762329788140278
2018-09-18 03:42:00,0.29493725889739153
2018-09-18 03:45:00,0.280731471999502
2018-09-18 03:48:00,0.22895940047237673
2018-09-18 03:51:00,0.40348828933508685
2018-09-18 03:54:00,0.3170852317093704
2018-09-18 03:57:00,0.34233255085007386
2018-09-18 04:00:00,0.3487357486690712
2018-09-18 04:03:00,0.35512497717422775
2018-09-18 04:06:00,0.4279005663266844
2018-09-18 04:09:00,0.3341708313844265
2018-09-18 04:12:00,0.3157807540444537
2018-09-18 04:15:00,0.3276645441493997
2018-09-18 04:18:00,0.30843790995635345
2018-09-18 04:21:00,0.360563837757752
2018-09-18 04:24:00,0.33895196296168706
2018-09-18 04:27:00,0.26875935752303803
2018-09-18 04:30:00,0.29117672537722683
2018-09-18 04:33:00,0.34118555666037764
2018-09-18 04:36:00,0.32707986398906996
2018-09-18 04:39:00,0.2893530784995164
2018-09-18 04:42:00,0.2684059997561121
2018-09-18 04:45:00,0.22310975011868095
2018-09-18 04:48:00,0.30165287298962085
2018-09-18 04:51:00,0.31268091829230116
2018-09-18 04:54:00,0.35440054273254873
2018-09-18 04:57:00,0.29401586958579173
2018-09-18 05:00:00,0.26675122759507985
2018-09-18 05:03:00,0.28662075404463394
2018-09-18 05:06:00,0.29015442375305156
2018-09-18 05:09:00,0.30359920477621927
2018-09-18 05:12:00,0.360382894634256
2018-09-18 05:15:00,0.38065801094694507
2018-09-18 05:18:00,0.31019246217078944
2018-09-18 05:21:00,0.24737959568477663
2018-09-18 05:24:00,0.2911830092270975
2018-09-18 05:27:00,0.3495515096736881
2018-09-18 05:30:00,0.2804087684415322
2018-09-18 05:33:00,0.2560325310930125
2018-09-18 05:36:00,0.27362271016522755
2018-09-18 05:39:00,0.3132098665002445
2018-09-18 05:42:00,0.32264453892423717
2018-09-18 05:45:00,0.3480917187618502
2018-09-18 05:48:00,0.3607150339348095
2018-09-18 05:51:00,0.39522578144476483
2018-09-18 05:54:00,0.26780158813693333
2018-09-18 05:57:00,0.29226246495858277
2018-09-18 06:00:00,0.3600124266943112
2018-09-18 06:03:00,0.40318475247926244
2018-09-18 06:06:00,0.3487851353608562
2018-09-18 06:09:00,0.3742157585534187
2018-09-18 06:12:00,0.32163716138643395
2018-09-18 06:15:00,0.3565916878686153
2018-09-18 06:18:00,0.3810755321601391
2018-09-18 06:21:00,0.42226962319585937
2018-09-18 06:24:00,0.3517879253038245
2018-09-18 06:27:00,0.3855254000074524
2018-09-18 06:30:00,0.4411198468388875
2018-09-18 06:33:00,0.32790145919443603
2018-09-18 06:36:00,0.41259708888878777
2018-09-18 06:39:00,0.4321119398974247
2018-09-18 06:42:00,0.45107973931067136
2018-09-18 06:45:00,0.4062658997156632
2018-09-18 06:48:00,0.36705972553738775
2018-09-18 06:51:00,0.45512057899185265
2018-09-18 06:54:00,0.4272885265694413
2018-09-18 06:57:00,0.4482104423346982
2018-09-18 07:00:00,0.4111400933277878
2018-09-18 07:03:00,0.4255638819779506
2018-09-18 07:06:00,0.32798077969044925
2018-09-18 07:09:00,0.418517456056577
2018-09-18 07:12:00,0.23616817773586263
2018-09-18 07:15:00,0.3274419877223522
2018-09-18 07:18:00,0.33599888112541976
2018-09-18 07:21:00,0.36325559244249916
2018-09-18 07:24:00,0.30729299161748713
2018-09-18 07:27:00,0.3978421000804815
2018-09-18 07:30:00,0.3924048468455794
2018-09-18 07:33:00,0.3111680092214897
2018-09-18 07:36:00,0.2611788104456423
2018-09-18 07:39:00,0.3329452781716782
2018-09-18 07:42:00,0.30375793085931946
2018-09-18 07:45:00,0.2991203897282162
2018-09-18 07:48:00,0.2613928771542078
2018-09-18 07:51:00,0.27628558227269195
2018-09-18 07:54:00,0.290421386253513
2018-09-18 07:57:00,0.32695415735270217
2018-09-18 08:00:00,0.28610210899944377
2018-09-18 08:03:00,0.3289101708238036
2018-09-18 08:06:00,0.34158661219134956
2018-09-18 08:09:00,0.34626103626982285
2018-09-18 08:12:00,0.23932961378108075
2018-09-18 08:15:00,0.22978526246140518
2018-09-18 08:18:00,0.1469494702274119
2018-09-18 08:21:00,0.2102198480844777
2018-09-18 08:24:00,0.2554192395261907
2018-09-18 08:27:00,0.1973219317077337
2018-09-18 08:30:00,0.18951066815765216
2018-09-18 08:33:00,0.31246822633295324
2018-09-18 08:36:00,0.2032613189589938
2018-09-18 08:39:00,0.2382842795320812
2018-09-18 08:42:00,0.15102300437712302
2018-09-18 08:45:00,0.23301689972481654
2018-09-18 08:48:00,0.20102807331340955
2018-09-18 08:51:00,0.11951527882797564
2018-09-18 08:54:00,0.18053701261521837
2018-09-18 08:57:00,0.12650110983389595
2018-09-18 09:00:00,0.0779065340969396
2018-09-18 09:03:00,0.21375963896235817
2018-09-18 09:06:00,0.12223994144756034
2018-09-18 09:09:00,0.17313539648017695
2018-09-18 09:12:00,0.15441138067586735
2018-09-18 09:15:00,0.14995791808507875
2018-09-18 09:18:00,0.20490705893399763
2018-09-18 09:21:00,0.07571300754511867
2018-09-18 09:24:00,0.06076589686932721
2018-09-18 09:27:00,0.016990781899153262
2018-09-18 09:30:00,0.12016110612762532
2018-09-18 09:33:00,0.10220494071279518
2018-09-18 09:36:00,0.032992968222117725
2018-09-18 09:39:00,-0.011917260020197773
2018-09-18 09:42:00,-0.008834703891011486
2018-09-18 09:45:00,0.043738819540351415
2018-09-18 09:48:00,-0.07375509579208028
2018-09-18 09:51:00,-0.06051452570886795
2018-09-18 09:54:00,-0.036546815580095426
2018-09-18 09:57:00,-0.12526770587510327
2018-09-18 10:00:00,-0.057108882450847887
2018-09-18 10:03:00,-0.0980716252562388
2018-09-18 10:06:00,-0.06391886054251472
2018-09-18 10:09:00,-0.040093297671148775
2018-09-18 10:12:00,-0.137135355757664
2018-09-18 10:15:00,-0.018456626551085265
2018-09-18 10:18:00,0.04699641083266215
2018-09-18 10:21:00,-0.12340764514755165
2018-09-18 10:24:00,-0.043543992154752686
2018-09-18 10:27:00,-0.1464502937479324
2018-09-18 10:30:00,-0.20182389014894397
2018-09-18 10:33:00,-0.12875262407885657
2018-09-18 10:36:00,-0.24846674507915623
2018-09-18 10:39:00,-0.19367848793575604
2018-09-18 10:42:00,-0.09844694314074331
2018-09-18 10:45:00,-0.23767949393521803
2018-09-18 10:48:00,-0.180110261957509
2018-09-18 10:51:00,-0.14951354550760243
2018-09-18 10:54:00,-0.17088636630558085
2018-09-18 10:57:00,-0.29225468526038867
2018-09-18 11:00:00,-0.18390087328663185
2018-09-18 11:03:00,-0.20861608142752175
2018-09-18 11:06:00,-0.274841362853806
2018-09-18 11:09:00,-0.25387684353376017
2018-09-18 11:12:00,-0.38538635739666915
2018-09-18 11:15:00,-0.23263814768904467
2018-09-18 11:18:00,-0.2094610064408471
2018-09-18 11:21:00,-0.27023399139847015
2018-09-18 11:24:00,-0.2468508459990062
2018-09-18 11:27:00,-0.35593111310856784
2018-09-18 11:30:00,-0.31336998247508063
2018-09-18 11:33:00,-0.2853623532848246
2018-09-18 11:36:00,-0.30446525428919813
2018-09-18 11:39:00,-0.2789946980527702
2018-09-18 11:42:00,-0.2150552700921935
2018-09-18 11:45:00,-0.2804226617379868
2018-09-18 11:48:00,-0.39262371796701245
2018-09-18 11:51:00,-0.37843718272785054
2018-09-18 11:54:00,-0.3439517115448325
2018-09-18 11:57:00,-0.4348702621770144
2018-09-18 12:00:00,-0.47619675206368584
2018-09-18 12:03:00,-0.4551883003840089
2018-09-18 12:06:00,-0.3881996740989848
2018-09-18 12:09:00,-0.3886028337337848
2018-09-18 12:12:00,-0.4372752550090695
2018-09-18 12:15:00,-0.4917182033985341
2018-09-18 12:18:00,-0.2574253849342085
2018-09-18 12:21:00,-0.3228635798231494
2018-09-18 12:24:00,-0.2953582053547734
2018-09-18 12:27:00,-0.24698816008685753
2018-09-18 12:30:00,-0.2815990374785997
2018-09-18 12:33:00,-0.29819199492663984
2018-09-18 12:36:00,-0.27821636446162756
2018-09-18 12:39:00,-0.2086642361603026
2018-09-18 12:42:00,-0.23727753359577264
2018-09-18 12:45:00,-0.14600813778531574
2018-09-18 12:48:00,-0.2820383831714821
2018-09-18 12:51:00,-0.21487021680297858
2018-09-18 12:54:00,-0.3605571469862525
2018-09-18 12:57:00,-0.4100505137771506
2018-09-18 13:00:00,-0.42980919038473075
2018-09-18 13:03:00,-0.3573870238486734
2018-09-18 13:06:00,-0.46243423556802554
2018-09-18 13:09:00,-0.3860204915515624
2018-09-18 13:12:00,-0.4120573697393297
2018-09-18 13:15:00,-0.516937936700856
2018-09-18 13:18:00,-0.504909295202026
2018-09-18 13:21:00,-0.5967606396435485
2018-09-18 13:24:00,-0.4516159068584784
2018-09-18 13:27:00,-0.44466130131718273
2018-09-18 13:30:00,-0.4992240215794368
2018-09-18 13:33:00,-0.5612504405221443
2018-09-18 13:36:00,-0.538561023844693
2018-09-18 13:39:00,-0.3977532253276195
2018-09-18 13:42:00,-0.4116511582178646
2018-09-18 13:45:00,-0.6064960269962398
2018-09-18 13:48:00,-0.6515246720798018
2018-09-18 13:51:00,-0.5537563567824577
2018-09-18 13:54:00,-0.5772036753691623
2018-09-18 13:57:00,-0.4667171248477189
2018-09-18 14:00:00,-0.5297636492384754
2018-09-18 14:03:00,-0.42495222264955146
2018-09-18 14:06:00,-0.5834562354164632
2018-09-18 14:09:00,-0.4475582211542246
2018-09-18 14:12:00,-0.45112420950448495
2018-09-18 14:15:00,-0.4333905907103599
2018-09-18 14:18:00,-0.5404882816343388
2018-09-18 14:21:00,-0.5564459500462817
2018-09-18 14:24:00,-0.5782460689058553
2018-09-18 14:27:00,-0.6194406612867738
2018-09-18 14:30:00,-0.5447506634440629
2018-09-18 14:33:00,-0.5327771942895652
2018-09-18 14:36:00,-0.6016064060832491
2018-09-18 14:39:00,-0.5590903196748513
2018-09-18 14:42:00,-0.591889073930929
2018-09-18 14:45:00,-0.564012143835555
2018-09-18 14:48:00,-0.5214158040205348
2018-09-18 14:51:00,-0.536741827248818
2018-09-18 14:54:00,-0.6463294325349693
2018-09-18 14:57:00,-0.5645716328645562
2018-09-18 15:00:00,-0.5777644703159694
2018-09-18 15:03:00,-0.375208552485617
2018-09-18 15:06:00,-0.3528608114943381
2018-09-18 15:09:00,-0.24509731468697282
2018-09-18 15:12:00,-0.33335560517332397
2018-09-18 15:15:00,-0.3243715554633013
2018-09-18 15:18:00,-0.5926131740739038
2018-09-18 15:21:00,-0.5355835908786162
2018-09-18 15:24:00,-0.4805728583186806
2018-09-18 15:27:00,-0.4806158667054774
2018-09-18 15:30:00,-0.40388335978337864
2018-09-18 15:33:00,-0.41780918477508067
2018-09-18 15:36:00,-0.48277596628076935
2018-09-18 15:39:00,-0.40795910395843293
2018-09-18 15:42:00,-0.47297069750169385
2018-09-18 15:45:00,-0.3957661311496281
2018-09-18 15:48:00,-0.26439681935835324
2018-09-18 15:51:00,-0.3734718358268765
2018-09-18 15:54:00,-0.4158070720919227
2018-09-18 15:57:00,-0.38324824344471153
2018-09-18 16:00:00,-0.5149827754603393
2018-09-18 16:03:00,-0.5457774702222196
2018-09-18 16:06:00,-0.3399119429515167
2018-09-18 16:09:00,-0.44439832914656563
2018-09-18 16:12:00,-0.4389118838734021
2018-09-18 16:15:00,-0.4354833689053521
2018-09-18 16:18:00,-0.4007825993587062
2018-09-18 16:21:00,-0.5502671360733302
2018-09-18 16:24:00,-0.4578189147405851
2018-09-18 16:27:00,-0.4272715293634519
2018-09-18 16:30:00,-0.4897137016948818
2018-09-18 16:33:00,-0.3883050144622757
2018-09-18 16:36:00,-0.42489037108703087
2018-09-18 16:39:00,-0.46060292148877124
2018-09-18 16:42:00,-0.33515325441709365
2018-09-18 16:45:00,-0.36749732731902895
2018-09-18 16:48:00,-0.3688604638767856
2018-09-18 16:51:00,-0.3579179669522432
2018-09-18 16:54:00,-0.29828112710447385
2018-09-18 16:57:00,-0.34036720831960565
2018-09-18 17:00:00,-0.42121354389456656
2018-09-18 17:03:00,-0.38646903808330535
2018-09-18 17:06:00,-0.40914356179661127
2018-09-18 17:09:00,-0.39544580298240817
2018-09-18 17:12:00,-0.3153561732797243
2018-09-18 17:15:00,-0.3687136884041706
2018-09-18 17:18:00,-0.39634124202700605
2018-09-18 17:21:00,-0.3855757672828304
2018-09-18 17:24:00,-0.24531730861764345
2018-09-18 17:27:00,-0.25560718975287955
2018-09-18 17:30:00,-0.2830440520774573
2018-09-18 17:33:00,-0.22778270764774788
2018-09-18 17:36:00,-0.12032927987456787
2018-09-18 17:39:00,-0.21704482853198215
2018-09-18 17:42:00,-0.18822221841816145
2018-09-18 17:45:00,-0.051815866456081494
2018-09-18 17:48:00,-0.007744984161263346
2018-09-18 17:51:00,-0.11543310929533845
2018-09-18 17:54:00,-0.15122954405723021
2018-09-18 17:57:00,-0.20618125534838327
2018-09-18 18:00:00,-0.18903031955323968
2018-09-18 18:03:00,-0.2706674411306267
2018-09-18 18:06:00,-0.199852304375554
2018-09-18 18:09:00,-0.11133794769381211
2018-09-18 18:12:00,-0.038984272563141076
2018-09-18 18:15:00,-0.19858306084455535
2018-09-18 18:18:00,-0.17415524926019543
2018-09-18 18:21:00,-0.22025899904116386
2018-09-18 18:24:00,0.03465892536377169
2018-09-18 18:27:00,-0.03792226996199588
2018-09-18 18:30:00,0.3258080353641617
2018-09-18 18:33:00,0.2848729951859923
2018-09-18 18:36:00,0.09601656679978987
2018-09-18 18:39:00,0.024338760823525263
2018-09-18 18:42:00,0.08632554384286095
2018-09-18 18:45:00,0.1456494498204961
2018-09-18 18:48:00,0.2764721020375305
2018-09-18 18:51:00,0.2935033565145204
2018-09-18 18:54:00,
2018-09-18 18:57:00,
2018-09-18 19:00:00,
2018-09-18 19:03:00,0.06669368683088805
2018-09-18 19:06:00,-0.02817208866247256
2018-09-18 19:09:00,0.058640020289374206
2018-09-18 19:12:00,0.28111217272720523
2018-09-18 19:15:00,0.2670340493462504
2018-09-18 19:18:00,0.21426979443060645
2018-09-18 19:21:00,0.19580877362255933
2018-09-18 19:24:00,0.2992168560662094
2018-09-18 19:27:00,0.6953503661111426
2018-09-18 19:30:00,0.4348256442949605
2018-09-18 19:33:00,0.24722150735954074
2018-09-18 19:36:00,0.19248426096578442
2018-09-18 19:39:00,0.26795967679669275
2018-09-18 19:42:00,0.17318574951400478
2018-09-18 19:45:00,0.16876308627900016
2018-09-18 19:48:00,0.11882818843844234
2018-09-18 19:51:00,0.10568391152889944
2018-09-18 19:54:00,0.11494917738309596
2018-09-18 19:57:00,0.14249413463687688
2018-09-18 20:00:00,0.23546765767321176
2018-09-18 20:03:00,0.24933328456256731
2018-09-18 20:06:00,0.3469979719593539
2018-09-18 20:09:00,0.3716105979367512
2018-09-18 20:12:00,0.4362713972094525
2018-09-18 20:15:00,0.40204326472854746
2018-09-18 20:18:00,0.3448594452366933
2018-09-18 20:21:00,0.25830903311054954
2018-09-18 20:24:00,0.24726168426366257
2018-09-18 20:27:00,0.2927353246073494
2018-09-18 20:30:00,0.3571094760466167
2018-09-18 20:33:00,0.26354871113329637
2018-09-18 20:36:00,0.3331665171760392
2018-09-18 20:39:00,0.3096201561452858
2018-09-18 20:42:00,0.25273722263796117
2018-09-18 20:45:00,0.30481835823695747
2018-09-18 20:48:00,0.23470877207103058
2018-09-18 20:51:00,0.2789286090814471
2018-09-18 20:54:00,0.261559676753393
2018-09-18 20:57:00,0.24794808030009108
2018-09-18 21:00:00,0.2683067067606544
2018-09-18 21:03:00,0.23834702728373713
2018-09-18 21:06:00,0.3653508472550584
2018-09-18 21:09:00,0.23381314570679024
2018-09-18 21:12:00,0.1901365529784016
2018-09-18 21:15:00,0.22625333843336648
2018-09-18 21:18:00,0.23387310584672605
2018-09-18 21:21:00,0.2776297318276306
2018-09-18 21:24:00,0.3224226786482518
2018-09-18 21:27:00,0.25356251799848906
2018-09-18 21:30:00,0.2948746161067106
2018-09-18 21:33:00,0.22640017699370674
2018-09-18 21:36:00,0.23286359097039622
2018-09-18 21:39:00,0.24127106823704025
2018-09-18 21:42:00,0.25415897801809706
2018-09-18 21:45:00,0.2017019029461835
2018-09-18 21:48:00,0.31428111301164563
2018-09-18 21:51:00,0.2774964246842728
2018-09-18 21:54:00,0.3112466472513802
2018-09-18 21:57:00,0.2715800268694579
2018-09-18 22:00:00,0.2688223153191984
2018-09-18 22:03:00,0.2948217151082986
2018-09-18 22:06:00,0.21766660041748764
2018-09-18 22:09:00,0.17555378901585073
2018-09-18 22:12:00,0.2692980699955001
2018-09-18 22:15:00,0.2671915347158347
2018-09-18 22:18:00,0.2968198688748771
2018-09-18 22:21:00,0.28875344991479324
2018-09-18 22:24:00,0.2351245751954707
2018-09-18 22:27:00,0.2642871678110623
2018-09-18 22:30:00,0.24863404581873283
2018-09-18 22:33:00,0.26432584401754866
2018-09-18 22:36:00,0.29608494097675475
2018-09-18 22:39:00,0.3125244195941832
2018-09-18 22:42:00,0.36650900547266474
2018-09-18 22:45:00,0.3812650249244598
2018-09-18 22:48:00,0.25578078634958956
2018-09-18 22:51:00,0.43954072335372985
2018-09-18 22:54:00,0.6977349410072406
2018-09-18 22:57:00,0.6320453290038586
2018-09-18 23:00:00,0.6586209077500484
2018-09-18 23:03:00,0.6730747173039617
2018-09-18 23:06:00,0.5421071206277475
2018-09-18 23:09:00,0.48380130678913247
2018-09-18 23:12:00,0.6186227068047288
2018-09-18 23:15:00,0.5497704819385376
2018-09-18 23:18:00,0.5550441152647068
2018-09-18 23:21:00,0.5596621020912949
2018-09-18 23:24:00,0.6272558495448948
2018-09-18 23:27:00,0.6870615969912137
2018-09-18 23:30:00,0.6321776852405492
2018-09-18 23:33:00,0.5641165530784633
2018-09-18 23:36:00,0.43188712532486306
2018-09-18 23:39:00,0.44409588477469697
2018-09-18 23:42:00,0.3862836754763066
2018-09-18 23:45:00,0.2962803096730795
2018-09-18 23:48:00,0.42164449992583286
2018-09-18 23:51:00,0.3540271409176512
2018-09-18 23:54:00,0.4612920804433429
2018-09-18 23:57:00,0.41724694279508867
2018-09-19 00:00:00,0.4567586009677598
2018-09-19 00:03:00,0.4381488342381772
2018-09-19 00:06:00,0.44442143612212703
2018-09-19 00:09:00,0.4603915911397394
2018-09-19 00:12:00,0.6075131194102141
2018-09-19 00:15:00,0.5951737307451594
2018-09-19 00:18:00,0.5532911114866579
2018-09-19 00:21:00,0.4344362338349015
2018-09-19 00:24:00,0.4661373988254809
2018-09-19 00:27:00,0.5265341157029297
2018-09-19 00:30:00,0.5437611364578743
2018-09-19 00:33:00,0.5565685534971863
2018-09-19 00:36:00,0.5487062390109259
2018-09-19 00:39:00,0.5825284121399932
2018-09-19 00:42:00,0.5548284464964013
2018-09-19 00:45:00,0.5234207410460954
2018-09-19 00:48:00,0.5226715879175572
2018-09-19 00:51:00,0.5764841015053435
2018-09-19 00:54:00,0.5793086197946877
2018-09-19 00:57:00,0.5479052800781119
2018-09-19 01:00:00,0.6271662871434955
2018-09-19 01:03:00,0.6111128984274501
2018-09-19 01:06:00,0.6113099534439357
2018-09-19 01:09:00,0.44032757843609716
2018-09-19 01:12:00,0.4779219362751519
2018-09-19 01:15:00,0.4137127342004874
2018-09-19 01:18:00,0.4051293767201969
2018-09-19 01:21:00,0.4129623047869586
2018-09-19 01:24:00,0.44692528915720686
2018-09-19 01:27:00,0.5792519364844111
2018-09-19 01:30:00,0.48350029404315364
2018-09-19 01:33:00,0.5030599277413899
2018-09-19 01:36:00,0.5409312822901029
2018-09-19 01:39:00,0.5896644423347652
2018-09-19 01:42:00,0.6332432689887924
2018-09-19 01:45:00,0.6770398925007157
2018-09-19 01:48:00,0.5928604290018598
2018-09-19 01:51:00,0.45530960842620516
2018-09-19 01:54:00,0.4364744254231141
2018-09-19 01:57:00,0.5477246696548832
2018-09-19 02:00:00,0.5195047543519422
2018-09-19 02:03:00,0.5282109206380596
2018-09-19 02:06:00,0.5371943849911531
2018-09-19 02:09:00,0.45610135225723525
2018-09-19 02:12:00,0.5835443521097545
2018-09-19 02:15:00,0.42801738574740966
2018-09-19 02:18:00,0.5352111646964204
2018-09-19 02:21:00,0.48004379733004043
2018-09-19 02:24:00,0.4817137015383537
2018-09-19 02:27:00,0.4248191004028854
2018-09-19 02:30:00,0.4826623351959256
2018-09-19 02:33:00,0.4879432138725974
2018-09-19 02:36:00,0.45014259873534
2018-09-19 02:39:00,0.4152382061042772
2018-09-19 02:42:00,0.42491824040320125
2018-09-19 02:45:00,0.39182483799169177
2018-09-19 02:48:00,0.39110288435381335
2018-09-19 02:51:00,0.420947415759656
2018-09-19 02:54:00,0.3821165231828445
2018-09-19 02:57:00,0.4049419980660218
2018-09-19 03:00:00,0.4703590011616825
2018-09-19 03:03:00,0.3878296838861388
2018-09-19 03:06:00,0.3737130134143172
2018-09-19 03:09:00,0.3970763713870724
2018-09-19 03:12:00,0.4471796242024766
2018-09-19 03:15:00,0.45506165645025476
2018-09-19 03:18:00,0.442860719582427
2018-09-19 03:21:00,0.33622628889935413
2018-09-19 03:24:00,0.4935088326863024
2018-09-19 03:27:00,0.5036589278057022
2018-09-19 03:30:00,0.37997315328823333
2018-09-19 03:33:00,0.44873708751219965
2018-09-19 03:36:00,0.4378281322361204
2018-09-19 03:39:00,0.4462614895247725
2018-09-19 03:42:00,0.48080182208417455
2018-09-19 03:45:00,0.4318917144240686
2018-09-19 03:48:00,0.5002207870572875
2018-09-19 03:51:00,0.5047341137150738
2018-09-19 03:54:00,0.45927880652192243
2018-09-19 03:57:00,0.41799747194346537
2018-09-19 04:00:00,0.4747543456701919
2018-09-19 04:03:00,0.419302636753514
2018-09-19 04:06:00,0.48997274906122357
2018-09-19 04:09:00,0.49991673130887193
2018-09-19 04:12:00,0.509591329420573
2018-09-19 04:15:00,0.46260528297869996
2018-09-19 04:18:00,0.4453548981906579
2018-09-19 04:21:00,0.47602163094637717
2018-09-19 04:24:00,0.4830114161334791
2018-09-19 04:27:00,0.4465600463889814
2018-09-19 04:30:00,0.5129591429003426
2018-09-19 04:33:00,0.43923484243561006
2018-09-19 04:36:00,0.5070255795549201
2018-09-19 04:39:00,0.43953227078065993
2018-09-19 04:42:00,0.41861373190818085
2018-09-19 04:45:00,0.43259614184114525
2018-09-19 04:48:00,0.37765414967185507
2018-09-19 04:51:00,0.4557414063430656
2018-09-19 04:54:00,0.33152318740195597
2018-09-19 04:57:00,0.37718884726200486
2018-09-19 05:00:00,0.3845022777682061
2018-09-19 05:03:00,0.5129670223658991
2018-09-19 05:06:00,0.3918349165214181
2018-09-19 05:09:00,0.4744281456220847
2018-09-19 05:12:00,0.4082662178511782
2018-09-19 05:15:00,0.3948026485792866
2018-09-19 05:18:00,0.39347484945449196
2018-09-19 05:21:00,0.42750555850187766
2018-09-19 05:24:00,0.5425321680017987
2018-09-19 05:27:00,0.4634443892372815
2018-09-19 05:30:00,0.5052621930537384
2018-09-19 05:33:00,0.5114912519647987
2018-09-19 05:36:00,0.4244385519539833
2018-09-19 05:39:00,0.5429030593808761
2018-09-19 05:42:00,0.5029249949723749
2018-09-19 05:45:00,0.5749880871429696
2018-09-19 05:48:00,0.5364558192264894
2018-09-19 05:51:00,0.5780855319976581
2018-09-19 05:54:00,0.6623066655167236
2018-09-19 05:57:00,0.46782347889808307
2018-09-19 06:00:00,0.6676938445983183
2018-09-19 06:03:00,0.5685441258852961
2018-09-19 06:06:00,0.6529239784136394
2018-09-19 06:09:00,0.5530151263944276
2018-09-19 06:12:00,0.5539887453463734
2018-09-19 06:15:00,0.5715343861082829
2018-09-19 06:18:00,0.5535231195681831
2018-09-19 06:21:00,0.5307332773019766
2018-09-19 06:24:00,0.5656994544348208
2018-09-19 06:27:00,0.46079934463153904
2018-09-19 06:30:00,0.46508749025150564
2018-09-19 06:33:00,0.4886027346551032
2018-09-19 06:36:00,0.5606921393298308
2018-09-19 06:39:00,0.5463190430654095
2018-09-19 06:42:00,0.4796839100233683
2018-09-19 06:45:00,0.5078689527693427
2018-09-19 06:48:00,0.5504941490850683
2018-09-19 06:51:00,0.48137659867182947
2018-09-19 06:54:00,0.5286896742521776
2018-09-19 06:57:00,0.5251968500993485
2018-09-19 07:00:00,0.5157008952267006
2018-09-19 07:03:00,0.5558967945901827
2018-09-19 07:06:00,0.5164782862422044
2018-09-19 07:09:00,0.5264785090498663
2018-09-19 07:12:00,0.45330413043330964
2018-09-19 07:15:00,0.5319795982329083
2018-09-19 07:18:00,0.5223328763190693
2018-09-19 07:21:00,0.5913269071998002
2018-09-19 07:24:00,0.47750386236890563
2018-09-19 07:27:00,0.6228828832757358
2018-09-19 07:30:00,0.5249257452907159
2018-09-19 07:33:00,0.4511010627062433
2018-09-19 07:36:00,0.5095781193301718
2018-09-19 07:39:00,0.506190121324039
2018-09-19 07:42:00,0.43260219744092865
2018-09-19 07:45:00,0.46229739551898774
2018-09-19 07:48:00,0.4621860389818835
2018-09-19 07:51:00,0.42526663540911613
2018-09-19 07:54:00,0.4415514326707921
2018-09-19 07:57:00,0.37222890359691974
2018-09-19 08:00:00,0.4236342678693745
2018-09-19 08:03:00,0.4243322691876301
2018-09-19 08:06:00,0.37247908456265577
2018-09-19 08:09:00,0.315736762844665
2018-09-19 08:12:00,0.3229379425436605
2018-09-19 08:15:00,0.42428854158214335
2018-09-19 08:18:00,0.4346080582299692
2018-09-19 08:21:00,0.3812363655623585
2018-09-19 08:24:00,0.387583419306452
2018-09-19 08:27:00,0.4172267760990849
2018-09-19 08:30:00,0.4212993744083633
2018-09-19 08:33:00,0.3910754284759719
2018-09-19 08:36:00,0.39029758626816147
2018-09-19 08:39:00,0.36523879442307816
2018-09-19 08:42:00,0.3744566504017257
2018-09-19 08:45:00,0.3917240104523785
2018-09-19 08:48:00,0.3680602857736517
2018-09-19 08:51:00,0.36070896985347645
2018-09-19 08:54:00,0.36996096450690175
2018-09-19 08:57:00,0.27191518458050723
2018-09-19 09:00:00,0.20836152215292714
2018-09-19 09:03:00,0.279047946581386
2018-09-19 09:06:00,0.2694946443361914
2018-09-19 09:09:00,0.2650068544265878
2018-09-19 09:12:00,0.2899091498409234
2018-09-19 09:15:00,0.25951720879271534
2018-09-19 09:18:00,0.21325070931368373
2018-09-19 09:21:00,0.2752095119651585
2018-09-19 09:24:00,0.12219007092204492
2018-09-19 09:27:00,0.21891546171747223
2018-09-19 09:30:00,0.12352339913513788
2018-09-19 09:33:00,0.20040097661120626
2018-09-19 09:36:00,0.08281134726496475
2018-09-19 09:39:00,0.10244485735660191
2018-09-19 09:42:00,0.04234408914811638
2018-09-19 09:45:00,0.1200408541766933
2018-09-19 09:48:00,0.015131261437545618
2018-09-19 09:51:00,0.08049611867818385
2018-09-19 09:54:00,0.04097947148250114
2018-09-19 09:57:00,0.026065294906743475
2018-09-19 10:00:00,-0.03242596782297369
2018-09-19 10:03:00,-0.10860603048871553
2018-09-19 10:06:00,-0.14444348710185295
2018-09-19 10:09:00,-0.05881429611457634
2018-09-19 10:12:00,-0.15203936213498537
2018-09-19 10:15:00,-0.18437078045758426
2018-09-19 10:18:00,-0.06487314375402775
2018-09-19 10:21:00,-0.03958849192014213
2018-09-19 10:24:00,-0.10745740519018909
2018-09-19 10:27:00,-0.1185275193962525
2018-09-19 10:30:00,-0.11232162768703802
2018-09-19 10:33:00,-0.01916181604258327
2018-09-19 10:36:00,-0.15122575230145685
2018-09-19 10:39:00,-0.06129875319061284
2018-09-19 10:42:00,-0.11418443516299703
2018-09-19 10:45:00,-0.16155437504636438
2018-09-19 10:48:00,-0.04287711749469736
2018-09-19 10:51:00,-0.08931328251304649
2018-09-19 10:54:00,-0.10384798471955037
2018-09-19 10:57:00,-0.1102118076531724
2018-09-19 11:00:00,-0.19713030609807447
2018-09-19 11:03:00,-0.15225447426661276
2018-09-19 11:06:00,-0.18397223740646496
2018-09-19 11:09:00,-0.12882181229400658
2018-09-19 11:12:00,-0.30755227950231756
2018-09-19 11:15:00,-0.20602199421006162
2018-09-19 11:18:00,-0.24434943349803007
2018-09-19 11:21:00,-0.20720440993511602
2018-09-19 11:24:00,-0.24916801533356647
2018-09-19 11:27:00,-0.22069203020072337
2018-09-19 11:30:00,-0.2553100684619949
2018-09-19 11:33:00,-0.3205804831811747
2018-09-19 11:36:00,-0.17497805163344538
2018-09-19 11:39:00,-0.29515907481282966
2018-09-19 11:42:00,-0.26155493664191454
2018-09-19 11:45:00,-0.403704537358351
2018-09-19 11:48:00,-0.4038528558882035
2018-09-19 11:51:00,-0.321369414894491
2018-09-19 11:54:00,-0.377217425813285
2018-09-19 11:57:00,-0.351173059050609
2018-09-19 12:00:00,-0.3494373600416907
2018-09-19 12:03:00,-0.32915545960372583
2018-09-19 12:06:00,-0.37701685444585564
2018-09-19 12:09:00,-0.4259870279663005
2018-09-19 12:12:00,-0.37968764031199953
2018-09-19 12:15:00,-0.3533578612344286
2018-09-19 12:18:00,-0.4151006990412043
2018-09-19 12:21:00,-0.423362296614755
2018-09-19 12:24:00,-0.4456146471641773
2018-09-19 12:27:00,-0.49548547605132853
2018-09-19 12:30:00,-0.44256103521473733
2018-09-19 12:33:00,-0.4626269864739925
2018-09-19 12:36:00,-0.3713441047864876
2018-09-19 12:39:00,-0.4915420734092777
2018-09-19 12:42:00,-0.4374759245238238
2018-09-19 12:45:00,-0.4577552410186172
2018-09-19 12:48:00,-0.47795543806768137
2018-09-19 12:51:00,-0.4956790473661954
2018-09-19 12:54:00,-0.5644459421175725
2018-09-19 12:57:00,-0.5370141392367032
2018-09-19 13:00:00,-0.5851372254491025
2018-09-19 13:03:00,-0.5024929643815881
2018-09-19 13:06:00,-0.5050723289687653
2018-09-19 13:09:00,-0.5703491011449273
2018-09-19 13:12:00,-0.25757586118834297
2018-09-19 13:15:00,-0.36623695300284
2018-09-19 13:18:00,-0.4778023202679833
2018-09-19 13:21:00,-0.48290950475893624
2018-09-19 13:24:00,-0.4762518943434202
2018-09-19 13:27:00,-0.35445717943207455
2018-09-19 13:30:00,-0.5356506849572042
2018-09-19 13:33:00,-0.3984919192309917
2018-09-19 13:36:00,-0.5240746568103418
2018-09-19 13:39:00,-0.5104158745438099
2018-09-19 13:42:00,-0.46862027545745377
2018-09-19 13:45:00,-0.4528391839398864
2018-09-19 13:48:00,-0.547837626657838
2018-09-19 13:51:00,-0.5103483781733757
2018-09-19 13:54:00,-0.5055019797425757
2018-09-19 13:57:00,-0.4252150180108174
2018-09-19 14:00:00,-0.42879792240614734
2018-09-19 14:03:00,-0.4736217226788426
2018-09-19 14:06:00,-0.4794822919743069
2018-09-19 14:09:00,-0.5885420596715107
2018-09-19 14:12:00,-0.5549874912211976
2018-09-19 14:15:00,-0.5942576425292145
2018-09-19 14:18:00,-0.5474971681442753
2018-09-19 14:21:00,-0.6131936395341882
2018-09-19 14:24:00,-0.560949274825191
2018-09-19 14:27:00,-0.6259645217617162
2018-09-19 14:30:00,-0.504628018790072
2018-09-19 14:33:00,-0.609831137826859
2018-09-19 14:36:00,-0.601621897500138
2018-09-19 14:39:00,-0.5413900478810092
2018-09-19 14:42:00,-0.5819636491447113
2018-09-19 14:45:00,-0.4761003415678715
2018-09-19 14:48:00,-0.5401778987344414
2018-09-19 14:51:00,-0.48786290576765623
2018-09-19 14:54:00,-0.4928343164000921
2018-09-19 14:57:00,-0.49132286330888064
2018-09-19 15:00:00,-0.5300177281645801
2018-09-19 15:03:00,-0.44191555053657794
2018-09-19 15:06:00,-0.5449323581443082
2018-09-19 15:09:00,-0.5218911949088465
2018-09-19 15:12:00,-0.4981952894348751
2018-09-19 15:15:00,-0.564931159878995
2018-09-19 15:18:00,-0.5218042417947117
2018-09-19 15:21:00,-0.3330909885582969
2018-09-19 15:24:00,-0.22209662032139477
2018-09-19 15:27:00,-0.32707707779087514
2018-09-19 15:30:00,-0.27529751054487406
2018-09-19 15:33:00,-0.3575334148407592
2018-09-19 15:36:00,-0.475094688179297
2018-09-19 15:39:00,-0.4920356679601241
2018-09-19 15:42:00,-0.5373697584577712
2018-09-19 15:45:00,-0.46844265691390774
2018-09-19 15:48:00,-0.47619481117538953
2018-09-19 15:51:00,-0.5452334958780511
2018-09-19 15:54:00,-0.4891088012676619
2018-09-19 15:57:00,-0.5558247303108601
2018-09-19 16:00:00,-0.45265018485855535
2018-09-19 16:03:00,-0.51630495738641
2018-09-19 16:06:00,-0.4968367039084569
2018-09-19 16:09:00,-0.5339929579058094
2018-09-19 16:12:00,-0.5004625808754213
2018-09-19 16:15:00,-0.5255421898834243
2018-09-19 16:18:00,-0.5089292109443022
2018-09-19 16:21:00,-0.48366011701727984
2018-09-19 16:24:00,-0.4932209199634485
2018-09-19 16:27:00,-0.5272505880771519
2018-09-19 16:30:00,-0.44717561533360595
2018-09-19 16:33:00,-0.41873222769072527
2018-09-19 16:36:00,-0.42486770292651954
2018-09-19 16:39:00,-0.4103438200723417
2018-09-19 16:42:00,-0.5274976783843499
2018-09-19 16:45:00,-0.5072267579387244
2018-09-19 16:48:00,-0.41808143219719796
2018-09-19 16:51:00,-0.47189930860128015
2018-09-19 16:54:00,-0.38088950960820966
2018-09-19 16:57:00,-0.4304474703938581
2018-09-19 17:00:00,-0.28277512387421666
2018-09-19 17:03:00,-0.4046077085750426
2018-09-19 17:06:00,-0.37565564370993343
2018-09-19 17:09:00,-0.5197453992543046
2018-09-19 17:12:00,-0.47713288998602366
2018-09-19 17:15:00,-0.3673188499043931
2018-09-19 17:18:00,-0.5300076894848758
2018-09-19 17:21:00,-0.534915732978618
2018-09-19 17:24:00,-0.4444034645102306
2018-09-19 17:27:00,-0.4614171512404255
2018-09-19 17:30:00,-0.5718700543548039
2018-09-19 17:33:00,-0.5776681588766337
2018-09-19 17:36:00,-0.45063152400655326
2018-09-19 17:39:00,-0.5348870070056364
2018-09-19 17:42:00,-0.4206039961759984
2018-09-19 17:45:00,-0.3967889488754395
2018-09-19 17:48:00,-0.481416385375951
2018-09-19 17:51:00,-0.4873907506938622
2018-09-19 17:54:00,-0.375160767764271
2018-09-19 17:57:00,-0.5457339092484972
2018-09-19 18:00:00,-0.5504889838281315
2018-09-19 18:03:00,-0.5697554832705123
2018-09-19 18:06:00,-0.5044022385443441
2018-09-19 18:09:00,-0.4828090853139315
2018-09-19 18:12:00,-0.3680702366867763
2018-09-19 18:15:00,-0.2791472231208445
2018-09-19 18:18:00,-0.3181309374008947
2018-09-19 18:21:00,-0.4423993846972962
2018-09-19 18:24:00,-0.39686754802858104
2018-09-19 18:27:00,-0.3888608032921752
2018-09-19 18:30:00,-0.3461386173276537
2018-09-19 18:33:00,-0.34576620434233973
2018-09-19 18:36:00,-0.3958585794264309
2018-09-19 18:39:00,-0.3469647183205211
2018-09-19 18:42:00,-0.3759069109767097
2018-09-19 18:45:00,-0.33653067813168036
2018-09-19 18:48:00,-0.27858593184453184
2018-09-19 18:51:00,-0.3222009591611936
2018-09-19 18:54:00,
2018-09-19 18:57:00,
2018-09-19 19:00:00,
2018-09-19 19:03:00,-0.3839758138172442
2018-09-19 19:06:00,-0.38662993358576614
2018-09-19 19:09:00,-0.30423871088612486
2018-09-19 19:12:00,-0.3376738508344488
2018-09-19 19:15:00,-0.27601794499582866
2018-09-19 19:18:00,-0.2947356264072596
2018-09-19 19:21:00,-0.25644729265155775
2018-09-19 19:24:00,-0.2669928140705906
2018-09-19 19:27:00,-0.2419151976744729
2018-09-19 19:30:00,-0.29144606974563203
2018-09-19 19:33:00,-0.25369687175469835
2018-09-19 19:36:00,-0.2046048036427237
2018-09-19 19:39:00,-0.2127108239660629
2018-09-19 19:42:00,-0.19766082905101712
2018-09-19 19:45:00,-0.2658177984023382
2018-09-19 19:48:00,-0.10678544207792129
2018-09-19 19:51:00,-0.24471891208872876
2018-09-19 19:54:00,-0.11571293378648306
2018-09-19 19:57:00,-0.1214158463569106
2018-09-19 20:00:00,-0.1870876244223041
2018-09-19 20:03:00,-0.10290205618855452
2018-09-19 20:06:00,-0.1586876210342325
2018-09-19 20:09:00,-0.09552056712959711
2018-09-19 20:12:00,-0.10312175439958082
2018-09-19 20:15:00,-0.08888897818212627
2018-09-19 20:18:00,-0.1364456718028464
2018-09-19 20:21:00,-0.14159792710711372
2018-09-19 20:24:00,-0.154624441134672
2018-09-19 20:27:00,-0.20889463372066075
2018-09-19 20:30:00,-0.136079288188796
2018-09-19 20:33:00,-0.1319987056040759
2018-09-19 20:36:00,-0.1549081190725019
2018-09-19 20:39:00,-0.08058218222544156
2018-09-19 20:42:00,-0.11020364462513044
2018-09-19 20:45:00,-0.055341048436503115
2018-09-19 20:48:00,0.02716956551887506
2018-09-19 20:51:00,-0.06776744130092993
2018-09-19 20:54:00,-0.009145908232255806
2018-09-19 20:57:00,0.04060133770650509
2018-09-19 21:00:00,-0.01995014627010505
2018-09-19 21:03:00,-0.052049285312591564
2018-09-19 21:06:00,0.045897975166383276
2018-09-19 21:09:00,-0.054453610522614326
2018-09-19 21:12:00,-0.031054318487463206
2018-09-19 21:15:00,-0.05527916886097728
2018-09-19 21:18:00,-0.006903016242688409
2018-09-19 21:21:00,0.010095899011162146
2018-09-19 21:24:00,0.006816497440922831
2018-09-19 21:27:00,-0.06516958199210876
2018-09-19 21:30:00,0.0499207330695981
2018-09-19 21:33:00,-0.014693761355090373
2018-09-19 21:36:00,0.04354280504918506
2018-09-19 21:39:00,0.017486318467717865
2018-09-19 21:42:00,0.06701360893191577
2018-09-19 21:45:00,0.002219065258145747
2018-09-19 21:48:00,-0.003722245496078358
2018-09-19 21:51:00,-0.0014335345080098705
2018-09-19 21:54:00,0.005961668909492346
2018-09-19 21:57:00,-0.04942560668666829
2018-09-19 22:00:00,0.00312775943956467
2018-09-19 22:03:00,0.024558598804446774
2018-09-19 22:06:00,0.03612390398041043
2018-09-19 22:09:00,-0.07401806418943124
2018-09-19 22:12:00,-0.03490589633207719
2018-09-19 22:15:00,-0.026360689654836733
2018-09-19 22:18:00,-0.08664343054448409
2018-09-19 22:21:00,-0.0232552572805389
2018-09-19 22:24:00,-0.04450174250644068
2018-09-19 22:27:00,0.038128500518155306
2018-09-19 22:30:00,0.038058649851109294
2018-09-19 22:33:00,-0.013255286526543841
2018-09-19 22:36:00,-0.015702134683635904
2018-09-19 22:39:00,-0.05258146795540597
2018-09-19 22:42:00,0.08369168098687396
2018-09-19 22:45:00,0.006601255611428769
2018-09-19 22:48:00,0.0013592959338097899
2018-09-19 22:51:00,0.004558704750536435
2018-09-19 22:54:00,0.0565049384109102
2018-09-19 22:57:00,0.06539211783922383
2018-09-19 23:00:00,-0.0007670667886259253
2018-09-19 23:03:00,0.11189483634041153
2018-09-19 23:06:00,0.07583701845186397
2018-09-19 23:09:00,0.07773452167555206
2018-09-19 23:12:00,-0.03033343373340358
2018-09-19 23:15:00,0.08962564332557577
2018-09-19 23:18:00,0.09856108100598249
2018-09-19 23:21:00,-0.03935408452895217
2018-09-19 23:24:00,0.1063804756001332
2018-09-19 23:27:00,-0.010918622233077713
2018-09-19 23:30:00,0.006259110165160564
2018-09-19 23:33:00,0.06425399636384554
2018-09-19 23:36:00,0.04916089980281413
2018-09-19 23:39:00,0.10792896784391814
2018-09-19 23:42:00,0.07907322343919532
2018-09-19 23:45:00,0.06571031151520401
2018-09-19 23:48:00,-0.03637195012532857
2018-09-19 23:51:00,0.08097484830818757
2018-09-19 23:54:00,0.15297177563047626
2018-09-19 23:57:00,0.1447083762867578
2018-09-20 00:00:00,0.1952794431843472
2018-09-20 00:03:00,0.2543436579751983
2018-09-20 00:06:00,0.17127702247415755
2018-09-20 00:09:00,0.17358324315682694
2018-09-20 00:12:00,0.15224396674483387
2018-09-20 00:15:00,0.211542670993083
2018-09-20 00:18:00,0.147891396109344
2018-09-20 00:21:00,0.10219173861213449
2018-09-20 00:24:00,0.10478092192977329
2018-09-20 00:27:00,0.16652559337364892
2018-09-20 00:30:00,0.2147326394584752
2018-09-20 00:33:00,0.18856245224253598
2018-09-20 00:36:00,0.1790017865127993
2018-09-20 00:39:00,0.1898108230584512
2018-09-20 00:42:00,0.22494349782698464
2018-09-20 00:45:00,0.1868652478038939
2018-09-20 00:48:00,0.283677538877555
2018-09-20 00:51:00,0.2194527337219938
2018-09-20 00:54:00,0.2550435570227023
2018-09-20 00:57:00,0.18528301121483537
2018-09-20 01:00:00,0.2742021513674331
2018-09-20 01:03:00,0.3208116015712221
2018-09-20 01:06:00,0.2829447153098954
2018-09-20 01:09:00,0.31963512062816335
2018-09-20 01:12:00,0.3019644812759452
2018-09-20 01:15:00,0.17223271656422412
2018-09-20 01:18:00,0.2055294856889418
2018-09-20 01:21:00,0.1030131172888673
2018-09-20 01:24:00,0.21919224262109083
2018-09-20 01:27:00,0.24670758879210553
2018-09-20 01:30:00,0.2589228014073228
2018-09-20 01:33:00,0.18516188313304838
2018-09-20 01:36:00,0.21336559213085593
2018-09-20 01:39:00,0.16151305495407087
2018-09-20 01:42:00,0.22315326705620464
2018-09-20 01:45:00,0.2708856607479788
2018-09-20 01:48:00,0.2922057324738603
2018-09-20 01:51:00,0.2008907998841778
2018-09-20 01:54:00,0.26771682023445464
2018-09-20 01:57:00,0.13453401373351426
2018-09-20 02:00:00,0.1314141597773073
2018-09-20 02:03:00,0.17591373784131292
2018-09-20 02:06:00,0.14502539176265827
2018-09-20 02:09:00,0.06241307234807891
2018-09-20 02:12:00,-0.01841291677794743
2018-09-20 02:15:00,0.1300999178960751
2018-09-20 02:18:00,0.13489471336237102
2018-09-20 02:21:00,0.11039008389371929
2018-09-20 02:24:00,0.16019746384131395
2018-09-20 02:27:00,0.23529011063266125
2018-09-20 02:30:00,0.33186560654206687
2018-09-20 02:33:00,0.24918665707019727
2018-09-20 02:36:00,0.26984964857513205
2018-09-20 02:39:00,0.23259266880847917
2018-09-20 02:42:00,0.22268959496216212
2018-09-20 02:45:00,0.1615875599218839
2018-09-20 02:48:00,0.1703387760655346
2018-09-20 02:51:00,0.2367861162817917
2018-09-20 02:54:00,0.17679667159512746
2018-09-20 02:57:00,0.20905737035826633
2018-09-20 03:00:00,0.10824067880389521
2018-09-20 03:03:00,0.15669365476804842
2018-09-20 03:06:00,0.1377694382835557
2018-09-20 03:09:00,0.10113349665351734
2018-09-20 03:12:00,0.2563060821057661
2018-09-20 03:15:00,0.20323134172048185
2018-09-20 03:18:00,0.11665138219598248
2018-09-20 03:21:00,0.21058667043382684
2018-09-20 03:24:00,0.16850849703450876
2018-09-20 03:27:00,0.13200833277932134
2018-09-20 03:30:00,0.08603315266708478
2018-09-20 03:33:00,0.15423704117966963
2018-09-20 03:36:00,0.13443595184423884
2018-09-20 03:39:00,0.13355293863986617
2018-09-20 03:42:00,0.057457589828572964
2018-09-20 03:45:00,0.06772597390477131
2018-09-20 03:48:00,0.15802769793765492
2018-09-20 03:51:00,0.1642427976615295
2018-09-20 03:54:00,0.13096377432003692
2018-09-20 03:57:00,0.28958759735485273
2018-09-20 04:00:00,0.17397521492938495
2018-09-20 04:03:00,0.17978649382592948
2018-09-20 04:06:00,0.2032861842713487
2018-09-20 04:09:00,0.3063852712617745
2018-09-20 04:12:00,0.14560606082073946
2018-09-20 04:15:00,0.23430218817878767
2018-09-20 04:18:00,0.04144866016929427
2018-09-20 04:21:00,0.21256798008425903
2018-09-20 04:24:00,0.23021720929421008
2018-09-20 04:27:00,0.2605130842492258
2018-09-20 04:30:00,0.20782650911525025
2018-09-20 04:33:00,0.20628817702970537
2018-09-20 04:36:00,0.1739739811509935
2018-09-20 04:39:00,0.3105930970367581
2018-09-20 04:42:00,0.3066930397338865
2018-09-20 04:45:00,0.4059647097403172
2018-09-20 04:48:00,0.5447873671345178
2018-09-20 04:51:00,0.5450884936929583
2018-09-20 04:54:00,0.4082768288026273
2018-09-20 04:57:00,0.382080523680429
2018-09-20 05:00:00,0.38962180802292323
2018-09-20 05:03:00,0.285909477506209
2018-09-20 05:06:00,0.25469739333482266
2018-09-20 05:09:00,0.2860091398853797
2018-09-20 05:12:00,0.18119775930171045
2018-09-20 05:15:00,0.17631000523152807
2018-09-20 05:18:00,0.23954841074953492
2018-09-20 05:21:00,0.2906574733218008
2018-09-20 05:24:00,0.28107146213926626
2018-09-20 05:27:00,0.2431434096578755
2018-09-20 05:30:00,0.24409943820688795
2018-09-20 05:33:00,0.36902191246355187
2018-09-20 05:36:00,0.23904605360911546
2018-09-20 05:39:00,0.23804384564238035
2018-09-20 05:42:00,0.3370088153668007
2018-09-20 05:45:00,0.299728775280812
2018-09-20 05:48:00,0.29014370552948776
2018-09-20 05:51:00,0.3744537394906047
2018-09-20 05:54:00,0.3477720000982458
2018-09-20 05:57:00,0.33183750159952297
2018-09-20 06:00:00,0.2557265577247563
2018-09-20 06:03:00,0.3326957202363019
2018-09-20 06:06:00,0.3694481094163393
2018-09-20 06:09:00,0.31853938076091026
2018-09-20 06:12:00,0.24757596752630207
2018-09-20 06:15:00,0.31270450272660355
2018-09-20 06:18:00,0.38773465816609587
2018-09-20 06:21:00,0.3375625761204901
2018-09-20 06:24:00,0.37033038642812244
2018-09-20 06:27:00,0.4051916903504207
2018-09-20 06:30:00,0.3652523264692604
2018-09-20 06:33:00,0.434415240287251
2018-09-20 06:36:00,0.33840918085820704
2018-09-20 06:39:00,0.4358183000799727
2018-09-20 06:42:00,0.4022317504766306
2018-09-20 06:45:00,0.48478324774504244
2018-09-20 06:48:00,0.4371791114926964
2018-09-20 06:51:00,0.3543879990622827
2018-09-20 06:54:00,0.39942861098160165
2018-09-20 06:57:00,0.3296355960509345
2018-09-20 07:00:00,0.34896547035538106
2018-09-20 07:03:00,0.40391628644368893
2018-09-20 07:06:00,0.3439186897619493
2018-09-20 07:09:00,0.3953693347021954
2018-09-20 07:12:00,0.3857409984439073
2018-09-20 07:15:00,0.47035129227396055
2018-09-20 07:18:00,0.44808348666174425
2018-09-20 07:21:00,0.42819693899457434
2018-09-20 07:24:00,0.4311534646225823
2018-09-20 07:27:00,0.39603557595057737
2018-09-20 07:30:00,0.4368573724424323
2018-09-20 07:33:00,0.4688071421946347
2018-09-20 07:36:00,0.3970305428312031
2018-09-20 07:39:00,0.44388674192720146
2018-09-20 07:42:00,0.4261084264874171
2018-09-20 07:45:00,0.4403420269593994
2018-09-20 07:48:00,0.38920957644984355
2018-09-20 07:51:00,0.42759407676510364
2018-09-20 07:54:00,0.32062475468137563
2018-09-20 07:57:00,0.3260185078558493
2018-09-20 08:00:00,0.31500654954635365
2018-09-20 08:03:00,0.36139597566415205
2018-09-20 08:06:00,0.288167854548135
2018-09-20 08:09:00,0.43091473862051544
2018-09-20 08:12:00,0.36008233952082946
2018-09-20 08:15:00,0.3618462262846265
2018-09-20 08:18:00,0.3277317708746068
2018-09-20 08:21:00,0.259508743612912
2018-09-20 08:24:00,0.24146455266424027
2018-09-20 08:27:00,0.3746939086802854
2018-09-20 08:30:00,0.30595832321910166
2018-09-20 08:33:00,0.3219758032035429
2018-09-20 08:36:00,0.38846151345006774
2018-09-20 08:39:00,0.2107369313947629
2018-09-20 08:42:00,0.2549815841483678
2018-09-20 08:45:00,0.2945121877792758
2018-09-20 08:48:00,0.25094749731266575
2018-09-20 08:51:00,0.1690202480023686
2018-09-20 08:54:00,0.2706897154572516
2018-09-20 08:57:00,0.19864148012027272
2018-09-20 09:00:00,0.08990046629406834
2018-09-20 09:03:00,0.11740334093087768
2018-09-20 09:06:00,0.17246555912601025
2018-09-20 09:09:00,0.22952219951343977
2018-09-20 09:12:00,0.19090173551444423
2018-09-20 09:15:00,0.08958709642098484
2018-09-20 09:18:00,0.17288027989366128
2018-09-20 09:21:00,0.0416862818577215
2018-09-20 09:24:00,0.06016087106860368
2018-09-20 09:27:00,0.051048719978098234
2018-09-20 09:30:00,-0.016543329308092325
2018-09-20 09:33:00,0.02351105009620369
2018-09-20 09:36:00,-0.0694188067471373
2018-09-20 09:39:00,-0.14828086973278687
2018-09-20 09:42:00,-0.07801839630423046
2018-09-20 09:45:00,-0.13816034088989682
2018-09-20 09:48:00,-0.13207892337663907
2018-09-20 09:51:00,-0.19538854297275066
2018-09-20 09:54:00,-0.23139399261856397
2018-09-20 09:57:00,-0.3317309852664607
2018-09-20 10:00:00,-0.2562411720072646
2018-09-20 10:03:00,-0.1918223907334209
2018-09-20 10:06:00,-0.2714716018230092
2018-09-20 10:09:00,-0.1422657309107649
2018-09-20 10:12:00,-0.22316280641064168
2018-09-20 10:15:00,-0.27616011824966336
2018-09-20 10:18:00,-0.24596653858520767
2018-09-20 10:21:00,-0.3600058327653528
2018-09-20 10:24:00,-0.28950435295382704
2018-09-20 10:27:00,-0.2678438236613374
2018-09-20 10:30:00,-0.15420139702746383
2018-09-20 10:33:00,-0.3632831091832145
2018-09-20 10:36:00,-0.3284474521418588
2018-09-20 10:39:00,-0.3161475299103813
2018-09-20 10:42:00,-0.365013477809498
2018-09-20 10:45:00,-0.20427098253401255
2018-09-20 10:48:00,-0.3100853842356628
2018-09-20 10:51:00,-0.2208851492824806
2018-09-20 10:54:00,-0.3496837357653817
2018-09-20 10:57:00,-0.22818953433085198
2018-09-20 11:00:00,-0.38452329574693067
2018-09-20 11:03:00,-0.3574922836716041
2018-09-20 11:06:00,-0.5183947705788228
2018-09-20 11:09:00,-0.4113725886548423
2018-09-20 11:12:00,-0.44986210480641375
2018-09-20 11:15:00,-0.41911643405939003
2018-09-20 11:18:00,-0.40467495489468774
2018-09-20 11:21:00,-0.49613286254003697
2018-09-20 11:24:00,-0.4428823691111461
2018-09-20 11:27:00,-0.6155557750798266
2018-09-20 11:30:00,-0.40293084235395327
2018-09-20 11:33:00,-0.39630110921910955
2018-09-20 11:36:00,-0.45067364341849725
2018-09-20 11:39:00,-0.433467128524228
2018-09-20 11:42:00,-0.4388294837509079
2018-09-20 11:45:00,-0.3593847058251072
2018-09-20 11:48:00,-0.45105291404826175
2018-09-20 11:51:00,-0.49503436201041495
2018-09-20 11:54:00,-0.5110354064847229
2018-09-20 11:57:00,-0.5220851984805677
2018-09-20 12:00:00,-0.49137339661393753
2018-09-20 12:03:00,-0.49676705310042735
2018-09-20 12:06:00,-0.5671080292182182
2018-09-20 12:09:00,-0.4036704086640839
2018-09-20 12:12:00,-0.5061482997422786
2018-09-20 12:15:00,-0.40867854558160843
2018-09-20 12:18:00,-0.5297876594190711
2018-09-20 12:21:00,-0.3428559171903771
2018-09-20 12:24:00,-0.47519202483044864
2018-09-20 12:27:00,-0.48253756309503615
2018-09-20 12:30:00,-0.4978150451933061
2018-09-20 12:33:00,-0.4768647905910939
2018-09-20 12:36:00,-0.48665686477164627
2018-09-20 12:39:00,-0.41150654676704335
2018-09-20 12:42:00,-0.5079056648332312
2018-09-20 12:45:00,-0.4914552535030907
2018-09-20 12:48:00,-0.5254085112243274
2018-09-20 12:51:00,-0.4686934247001773
2018-09-20 12:54:00,-0.5295603562665292
2018-09-20 12:57:00,-0.44438737834565245
2018-09-20 13:00:00,-0.50263925351436
2018-09-20 13:03:00,-0.4852500016992849
2018-09-20 13:06:00,-0.5337669594264298
2018-09-20 13:09:00,-0.5070370638244981
2018-09-20 13:12:00,-0.45466728542777446
2018-09-20 13:15:00,-0.5099522492151323
2018-09-20 13:18:00,-0.5548626466982114
2018-09-20 13:21:00,-0.5428077616168707
2018-09-20 13:24:00,-0.4595028258973457
2018-09-20 13:27:00,-0.4707941102914788
2018-09-20 13:30:00,-0.5243413011322104
2018-09-20 13:33:00,-0.4103819710431367
2018-09-20 13:36:00,-0.4337239730523379
2018-09-20 13:39:00,-0.48166135929164966
2018-09-20 13:42:00,-0.47854910527348693
2018-09-20 13:45:00,-0.3965821396752176
2018-09-20 13:48:00,-0.43815624645372964
2018-09-20 13:51:00,-0.3749123542461916
2018-09-20 13:54:00,-0.37497766171617286
2018-09-20 13:57:00,-0.4731624714676741
2018-09-20 14:00:00,-0.45526131546097304
2018-09-20 14:03:00,-0.40701899916001594
2018-09-20 14:06:00,-0.42394927029192786
2018-09-20 14:09:00,-0.3814742647533649
2018-09-20 14:12:00,-0.40391541533278996
2018-09-20 14:15:00,-0.4220977712058698
2018-09-20 14:18:00,-0.48234610409508605
2018-09-20 14:21:00,-0.4445419621887936
2018-09-20 14:24:00,-0.4770085942284936
2018-09-20 14:27:00,-0.5304156082634677
2018-09-20 14:30:00,-0.44512437528362625
2018-09-20 14:33:00,-0.43897482778328367
2018-09-20 14:36:00,-0.47365207412940435
2018-09-20 14:39:00,-0.4129858859353135
2018-09-20 14:42:00,-0.4900563761983108
2018-09-20 14:45:00,-0.4665024691523172
2018-09-20 14:48:00,-0.5257624946336819
2018-09-20 14:51:00,-0.44903089202387036
2018-09-20 14:54:00,-0.5099770531110153
2018-09-20 14:57:00,-0.5390600555856508
2018-09-20 15:00:00,-0.5060273497895764
2018-09-20 15:03:00,-0.4958496109541102
2018-09-20 15:06:00,-0.5696885181320113
2018-09-20 15:09:00,-0.47043060527994385
2018-09-20 15:12:00,-0.5111623318847478
2018-09-20 15:15:00,-0.39569246643452516
2018-09-20 15:18:00,-0.46847846136284943
2018-09-20 15:21:00,-0.5460114974661678
2018-09-20 15:24:00,-0.48133868064098806
2018-09-20 15:27:00,-0.47704203789425037
2018-09-20 15:30:00,-0.4997887377294319
2018-09-20 15:33:00,-0.4324142048776025
2018-09-20 15:36:00,-0.43779378141948655
2018-09-20 15:39:00,-0.4977912063733356
2018-09-20 15:42:00,-0.45175689261196794
2018-09-20 15:45:00,-0.4457920402934974
2018-09-20 15:48:00,-0.44228729824038737
2018-09-20 15:51:00,-0.38232245704932666
2018-09-20 15:54:00,-0.4631972444049097
2018-09-20 15:57:00,-0.4344289896261557
2018-09-20 16:00:00,-0.4088630668001656
2018-09-20 16:03:00,-0.5119670515002213
2018-09-20 16:06:00,-0.4136347189462981
2018-09-20 16:09:00,-0.5167650605912968
2018-09-20 16:12:00,-0.4760139622518409
2018-09-20 16:15:00,-0.4511468038597286
2018-09-20 16:18:00,-0.4666404578658785
2018-09-20 16:21:00,-0.4164378242193152
2018-09-20 16:24:00,-0.46227261833433886
2018-09-20 16:27:00,-0.48252255173622416
2018-09-20 16:30:00,-0.4627769194529492
2018-09-20 16:33:00,-0.48884534336417573
2018-09-20 16:36:00,-0.4595714713228176
2018-09-20 16:39:00,-0.5360232508528497
2018-09-20 16:42:00,-0.4499876493489978
2018-09-20 16:45:00,-0.4035215615134575
2018-09-20 16:48:00,-0.37020398650025754
2018-09-20 16:51:00,-0.40735737457788446
2018-09-20 16:54:00,-0.5648312846055887
2018-09-20 16:57:00,-0.4205681773800052
2018-09-20 17:00:00,-0.420834515490526
2018-09-20 17:03:00,-0.3637204959925384
2018-09-20 17:06:00,-0.5035134342549554
2018-09-20 17:09:00,-0.3768607118832392
2018-09-20 17:12:00,-0.3637145972413123
2018-09-20 17:15:00,-0.4184625313985748
2018-09-20 17:18:00,-0.36770046752621965
2018-09-20 17:21:00,-0.33423886040139905
2018-09-20 17:24:00,-0.36217176783014793
2018-09-20 17:27:00,-0.36655492975211246
2018-09-20 17:30:00,-0.3722327445693736
2018-09-20 17:33:00,-0.38517990632419696
2018-09-20 17:36:00,-0.3815250999894033
2018-09-20 17:39:00,-0.27898348833468845
2018-09-20 17:42:00,-0.4258699141155944
2018-09-20 17:45:00,-0.2825671674203818
2018-09-20 17:48:00,-0.4134382549623865
2018-09-20 17:51:00,-0.29743239085280493
2018-09-20 17:54:00,-0.35056103173110387
2018-09-20 17:57:00,-0.3270652146984503
2018-09-20 18:00:00,-0.17832365136132466
2018-09-20 18:03:00,-0.26571202927232207
2018-09-20 18:06:00,-0.3391604719231509
2018-09-20 18:09:00,-0.2031934860432898
2018-09-20 18:12:00,-0.32602426489034997
2018-09-20 18:15:00,-0.2708718836726689
2018-09-20 18:18:00,-0.20844188012370068
2018-09-20 18:21:00,-0.19318427307672437
2018-09-20 18:24:00,-0.24304842574565555
2018-09-20 18:27:00,-0.1406135986205186
2018-09-20 18:30:00,-0.20576195415145548
2018-09-20 18:33:00,-0.24597763141110818
2018-09-20 18:36:00,-0.1804981084117685
2018-09-20 18:39:00,-0.21548316608704
2018-09-20 18:42:00,-0.26687510385636415
2018-09-20 18:45:00,-0.2454262208402156
2018-09-20 18:48:00,-0.19009675579371788
2018-09-20 18:51:00,-0.22238929290489295
2018-09-20 18:54:00,
2018-09-20 18:57:00,
2018-09-20 19:00:00,
2018-09-20 19:03:00,-0.09024312425293601
2018-09-20 19:06:00,-0.1892104276519717
2018-09-20 19:09:00,-0.16125722109666185
2018-09-20 19:12:00,-0.16043927941780112
2018-09-20 19:15:00,-0.1323353376279215
2018-09-20 19:18:00,-0.22378737320229902
2018-09-20 19:21:00,-0.16224822940688455
2018-09-20 19:24:00,-0.2017728278527784
2018-09-20 19:27:00,-0.14952905443055897
2018-09-20 19:30:00,-0.07046825719436356
2018-09-20 19:33:00,-0.1572982039555768
2018-09-20 19:36:00,-0.0900632308286049
2018-09-20 19:39:00,-0.09981871727211455
2018-09-20 19:42:00,-0.053064873136463575
2018-09-20 19:45:00,0.02042857977028234
2018-09-20 19:48:00,0.025297663661319802
2018-09-20 19:51:00,-0.003959022154560898
2018-09-20 19:54:00,-0.13309269043531913
2018-09-20 19:57:00,-0.05284008092695558
2018-09-20 20:00:00,-0.07403156346066453
2018-09-20 20:03:00,0.000755413473086719
2018-09-20 20:06:00,0.03201178866004284
2018-09-20 20:09:00,0.014351333810623146
2018-09-20 20:12:00,0.058638140132302397
2018-09-20 20:15:00,0.06075113964044476
2018-09-20 20:18:00,0.03964115106754207
2018-09-20 20:21:00,0.022850070137394596
2018-09-20 20:24:00,0.08081253332255756
2018-09-20 20:27:00,0.03617679239624749
2018-09-20 20:30:00,0.02259125726845923
2018-09-20 20:33:00,0.002710648048832809
2018-09-20 20:36:00,0.06369459718155213
2018-09-20 20:39:00,0.06211825900851409
2018-09-20 20:42:00,0.09663793138122401
2018-09-20 20:45:00,0.04042503823870902
2018-09-20 20:48:00,0.03801123009793628
2018-09-20 20:51:00,0.002885993728568792
2018-09-20 20:54:00,0.08531005484599063
2018-09-20 20:57:00,0.01642874174802955
2018-09-20 21:00:00,0.053442197603658315
2018-09-20 21:03:00,0.11275382068401996
2018-09-20 21:06:00,0.1257804395291373
2018-09-20 21:09:00,0.04862697256874071
2018-09-20 21:12:00,0.13101048179265717
2018-09-20 21:15:00,0.014237814229488777
2018-09-20 21:18:00,0.07934368417107862
2018-09-20 21:21:00,0.0635288877810467
2018-09-20 21:24:00,0.13437117314799707
2018-09-20 21:27:00,-0.008664184123290397
2018-09-20 21:30:00,0.02927656705253412
2018-09-20 21:33:00,0.009942591384856314
2018-09-20 21:36:00,0.1700682012679522
2018-09-20 21:39:00,0.043633930632552165
2018-09-20 21:42:00,-0.025417632044650418
2018-09-20 21:45:00,0.06544659010120313
2018-09-20 21:48:00,-0.05588167207184824
2018-09-20 21:51:00,-0.03594327147192189
2018-09-20 21:54:00,0.08749524609174841
2018-09-20 21:57:00,0.0509922771381639
2018-09-20 22:00:00,-0.022168409006098955
2018-09-20 22:03:00,0.11255913806894569
2018-09-20 22:06:00,0.11106793590920461
2018-09-20 22:09:00,-0.04365564193619775
2018-09-20 22:12:00,-0.10849282074934763
2018-09-20 22:15:00,0.06927971181488601
2018-09-20 22:18:00,-0.0219228876097759
2018-09-20 22:21:00,0.04929363854347457
2018-09-20 22:24:00,0.05463925304741224
2018-09-20 22:27:00,-0.06293905125886567
2018-09-20 22:30:00,0.05349907343816085
2018-09-20 22:33:00,0.11788571812286364
2018-09-20 22:36:00,-0.006317906922504335
2018-09-20 22:39:00,0.019707911979878645
2018-09-20 22:42:00,-0.06419841708725471
2018-09-20 22:45:00,0.04203739306780108
2018-09-20 22:48:00,0.024022244847969887
2018-09-20 22:51:00,-0.044298383924285645
2018-09-20 22:54:00,0.017667773417144872
2018-09-20 22:57:00,0.0054339245652386126
2018-09-20 23:00:00,0.0028801895755350415
2018-09-20 23:03:00,0.06673866684457153
2018-09-20 23:06:00,0.05266363718556022
2018-09-20 23:09:00,-0.0737673795857745
2018-09-20 23:12:00,0.07412633674255176
2018-09-20 23:15:00,0.014588981009524105
2018-09-20 23:18:00,0.034630703859420464
2018-09-20 23:21:00,0.06761388887537123
2018-09-20 23:24:00,-0.03552094776472359
2018-09-20 23:27:00,-0.03962140478688525
2018-09-20 23:30:00,-0.0041720233386968175
2018-09-20 23:33:00,-0.0600311783265397
2018-09-20 23:36:00,0.06161562443304547
2018-09-20 23:39:00,0.009776836516039111
2018-09-20 23:42:00,-0.10846608596369833
2018-09-20 23:45:00,-0.03784031495490581
2018-09-20 23:48:00,0.03533898378645972
2018-09-20 23:51:00,0.06393143819451552
2018-09-20 23:54:00,0.07193040978057752
2018-09-20 23:57:00,0.09414434731445454
2018-09-21 00:00:00,0.011722663026432656
2018-09-21 00:03:00,0.11064422817514696
2018-09-21 00:06:00,0.06523786464327941
2018-09-21 00:09:00,-0.014943885149023117
2018-09-21 00:12:00,0.0743146153506018
2018-09-21 00:15:00,-0.018345988140822556
2018-09-21 00:18:00,0.004967336881179563
2018-09-21 00:21:00,0.02622688931489847
2018-09-21 00:24:00,0.07386124225917001
2018-09-21 00:27:00,0.02283536760279503
2018-09-21 00:30:00,0.07542810572181224
2018-09-21 00:33:00,0.10066343042888093
2018-09-21 00:36:00,0.1409797659109131
2018-09-21 00:39:00,0.05598369047226015
2018-09-21 00:42:00,0.08373346381597457
2018-09-21 00:45:00,0.014281069477931396
2018-09-21 00:48:00,0.08556045664346357
2018-09-21 00:51:00,0.03207001395162479
2018-09-21 00:54:00,0.0669026301166582
2018-09-21 00:57:00,0.07701181461112583
2018-09-21 01:00:00,0.04576126831904048
2018-09-21 01:03:00,0.09077699225963443
2018-09-21 01:06:00,0.05848978213555256
2018-09-21 01:09:00,0.005071150351113829
2018-09-21 01:12:00,0.05626697714518514
2018-09-21 01:15:00,0.07535563058553407
2018-09-21 01:18:00,0.05166641769949365
2018-09-21 01:21:00,0.0826204753135471
2018-09-21 01:24:00,0.0755367116600496
2018-09-21 01:27:00,0.14649211905486936
2018-09-21 01:30:00,0.16583792775361417
2018-09-21 01:33:00,0.008373770009541204
2018-09-21 01:36:00,0.017969122582314867
2018-09-21 01:39:00,-0.016074201578078373
2018-09-21 01:42:00,0.11480796970329266
2018-09-21 01:45:00,0.11733239420834707
2018-09-21 01:48:00,0.1046809730047471
2018-09-21 01:51:00,0.10648814961569997
2018-09-21 01:54:00,0.029256327305063223
2018-09-21 01:57:00,-0.031184958707001442
2018-09-21 02:00:00,0.035831263539307656
2018-09-21 02:03:00,-0.04524176984813266
2018-09-21 02:06:00,-0.05029282355599207
2018-09-21 02:09:00,0.008497237483993558
2018-09-21 02:12:00,0.013218033922498762
2018-09-21 02:15:00,0.019243265782449726
2018-09-21 02:18:00,0.040405075147702973
2018-09-21 02:21:00,0.07566350484347595
2018-09-21 02:24:00,0.1350125496285841
2018-09-21 02:27:00,0.10372213328548696
2018-09-21 02:30:00,-0.010874605648780289
2018-09-21 02:33:00,0.12918580148937053
2018-09-21 02:36:00,0.15360637004124555
2018-09-21 02:39:00,0.0568300033057767
2018-09-21 02:42:00,0.06871845479105332
2018-09-21 02:45:00,0.03796225286214394
2018-09-21 02:48:00,0.11091537528653816
2018-09-21 02:51:00,0.10985941776203845
2018-09-21 02:54:00,0.1066914030673729
2018-09-21 02:57:00,0.08232295786672239
2018-09-21 03:00:00,0.17651443862973792
2018-09-21 03:03:00,0.07871108050721887
2018-09-21 03:06:00,0.14078028696252431
2018-09-21 03:09:00,0.14863628117035432
2018-09-21 03:12:00,0.12594598366354148
2018-09-21 03:15:00,0.15427027574816066
2018-09-21 03:18:00,0.18992866904665107
2018-09-21 03:21:00,0.14137047973639483
2018-09-21 03:24:00,0.16229065133916265
2018-09-21 03:27:00,0.2603570553124541
2018-09-21 03:30:00,0.22386654634965453
2018-09-21 03:33:00,0.22788012348172515
2018-09-21 03:36:00,0.31475672771546215
2018-09-21 03:39:00,0.1228212392658179
2018-09-21 03:42:00,0.13673086907425613
2018-09-21 03:45:00,0.07269608381579928
2018-09-21 03:48:00,0.13405654030407277
2018-09-21 03:51:00,0.16628112108526238
2018-09-21 03:54:00,0.15187378311708244
2018-09-21 03:57:00,0.13303006754358648
2018-09-21 04:00:00,0.1638887480298763
2018-09-21 04:03:00,0.09849500388088472
2018-09-21 04:06:00,0.07001982197385814
2018-09-21 04:09:00,0.12378559165057368
2018-09-21 04:12:00,0.13563504715943964
2018-09-21 04:15:00,0.14377340552522355
2018-09-21 04:18:00,0.09737257906328978
2018-09-21 04:21:00,0.2288393792555894
2018-09-21 04:24:00,0.15505469806799965
2018-09-21 04:27:00,0.03930186252046042
2018-09-21 04:30:00,0.1628317795092471
2018-09-21 04:33:00,0.14653776922176576
2018-09-21 04:36:00,0.1246159065857455
2018-09-21 04:39:00,0.10026681250138836
2018-09-21 04:42:00,0.1135006527821929
2018-09-21 04:45:00,0.08051182142355628
2018-09-21 04:48:00,0.13887975822746057
2018-09-21 04:51:00,0.13278361456917764
2018-09-21 04:54:00,0.1690636408947057
2018-09-21 04:57:00,0.1982455452508134
2018-09-21 05:00:00,0.09733595381027271
2018-09-21 05:03:00,0.06895242025581183
2018-09-21 05:06:00,0.20451284447938178
2018-09-21 05:09:00,0.16119597202589375
2018-09-21 05:12:00,0.156058180099933
2018-09-21 05:15:00,0.19845144264581904
2018-09-21 05:18:00,0.2485682871627546
2018-09-21 05:21:00,0.10100936824346718
2018-09-21 05:24:00,0.26277123201418817
2018-09-21 05:27:00,0.2046947035116773
2018-09-21 05:30:00,0.2184920417434455
2018-09-21 05:33:00,0.3018610537009181
2018-09-21 05:36:00,0.15235063057735942
2018-09-21 05:39:00,0.2001804238228715
2018-09-21 05:42:00,0.22493890431735508
2018-09-21 05:45:00,0.18948995546264769
2018-09-21 05:48:00,0.23890120828821182
2018-09-21 05:51:00,0.2603094429368866
2018-09-21 05:54:00,0.23270315570709954
2018-09-21 05:57:00,0.2742373232284194
2018-09-21 06:00:00,0.2769490298493906
2018-09-21 06:03:00,0.270420233789082
2018-09-21 06:06:00,0.2501890207522024
2018-09-21 06:09:00,0.20599604894482582
2018-09-21 06:12:00,0.19692066598247493
2018-09-21 06:15:00,0.2900260483499437
2018-09-21 06:18:00,0.35297980391015926
2018-09-21 06:21:00,0.2243820074804148
2018-09-21 06:24:00,0.25150851084913484
2018-09-21 06:27:00,0.2000778580226097
2018-09-21 06:30:00,0.18582285779285712
2018-09-21 06:33:00,0.26209989781989407
2018-09-21 06:36:00,0.1905030319759362
2018-09-21 06:39:00,0.2810152196950071
2018-09-21 06:42:00,0.2175192168791682
2018-09-21 06:45:00,0.17177022912488837
2018-09-21 06:48:00,0.20875942862704733
2018-09-21 06:51:00,0.3165641660725669
2018-09-21 06:54:00,0.15781987858241564
2018-09-21 06:57:00,0.2819795524532651
2018-09-21 07:00:00,0.24585140450477638
2018-09-21 07:03:00,0.2779871471109914
2018-09-21 07:06:00,0.23434078104128275
2018-09-21 07:09:00,0.24987036985135092
2018-09-21 07:12:00,0.30875834948130887
2018-09-21 07:15:00,0.19301746489753668
2018-09-21 07:18:00,0.1828933742313552
2018-09-21 07:21:00,0.1629045746952329
2018-09-21 07:24:00,0.06578363000232912
2018-09-21 07:27:00,0.06164128642910782
2018-09-21 07:30:00,0.23905376443406112
2018-09-21 07:33:00,0.08701860196424605
2018-09-21 07:36:00,0.14044213535538574
2018-09-21 07:39:00,0.18252315559237786
2018-09-21 07:42:00,0.15343358643917782
2018-09-21 07:45:00,0.10735380780096193
2018-09-21 07:48:00,0.0048577135898426604
2018-09-21 07:51:00,0.16097445101343055
2018-09-21 07:54:00,0.12413321145385225
2018-09-21 07:57:00,0.008961153472057504
2018-09-21 08:00:00,0.1375214652670138
2018-09-21 08:03:00,0.13268713038308988
2018-09-21 08:06:00,0.09278413722847745
2018-09-21 08:09:00,0.054938593737063
2018-09-21 08:12:00,0.05345619429056114
2018-09-21 08:15:00,0.031205847217847804
2018-09-21 08:18:00,0.1083410850620794
2018-09-21 08:21:00,0.10613078538227683
2018-09-21 08:24:00,0.06111630980518612
2018-09-21 08:27:00,0.035081668113434716
2018-09-21 08:30:00,0.08081217308614441
2018-09-21 08:33:00,0.07432103741558649
2018-09-21 08:36:00,0.11096089910051887
2018-09-21 08:39:00,-0.017645969922511995
2018-09-21 08:42:00,-0.14010876455051857
2018-09-21 08:45:00,-0.07529583700693365
2018-09-21 08:48:00,-0.07557986136606587
2018-09-21 08:51:00,0.06249795778921907
2018-09-21 08:54:00,-0.010124540826097927
2018-09-21 08:57:00,-0.1255672641054275
2018-09-21 09:00:00,-0.05729578706649363
2018-09-21 09:03:00,-0.05134194282953786
2018-09-21 09:06:00,-0.027514436745491366
2018-09-21 09:09:00,-0.12055819781102173
2018-09-21 09:12:00,-0.0790040780695449
2018-09-21 09:15:00,-0.0782284950176404
2018-09-21 09:18:00,-0.08814232200751349
2018-09-21 09:21:00,-0.07722217106476137
2018-09-21 09:24:00,-0.1814491677602632
2018-09-21 09:27:00,-0.09074933438796506
2018-09-21 09:30:00,-0.15537488310815206
2018-09-21 09:33:00,-0.14673634143554182
2018-09-21 09:36:00,-0.16575468532704463
2018-09-21 09:39:00,-0.26898759784535287
2018-09-21 09:42:00,-0.1312413326107844
2018-09-21 09:45:00,-0.20397253247841718
2018-09-21 09:48:00,-0.16630132441872547
2018-09-21 09:51:00,-0.20207772069920793
2018-09-21 09:54:00,-0.1932777370268468
2018-09-21 09:57:00,-0.28013319230188927
2018-09-21 10:00:00,-0.21349675350052166
2018-09-21 10:03:00,-0.16388831038290164
2018-09-21 10:06:00,-0.29302909152301027
2018-09-21 10:09:00,-0.307946310304942
2018-09-21 10:12:00,-0.267233535566902
2018-09-21 10:15:00,-0.28754079956848955
2018-09-21 10:18:00,-0.31409275822903737
2018-09-21 10:21:00,-0.27022398303546424
2018-09-21 10:24:00,-0.37133569901368446
2018-09-21 10:27:00,-0.23086884751188563
2018-09-21 10:30:00,-0.3304816270040192
2018-09-21 10:33:00,-0.3649511204131386
2018-09-21 10:36:00,-0.24788188723573512
2018-09-21 10:39:00,-0.16263919225650625
2018-09-21 10:42:00,-0.3699592047871647
2018-09-21 10:45:00,-0.23841675246501381
2018-09-21 10:48:00,-0.269795208433834
2018-09-21 10:51:00,-0.25023254088279145
2018-09-21 10:54:00,-0.2187440991965559
2018-09-21 10:57:00,-0.24459273070272047
2018-09-21 11:00:00,-0.22527017080267342
2018-09-21 11:03:00,-0.2699523938033508
2018-09-21 11:06:00,-0.3017772026126977
2018-09-21 11:09:00,-0.2497692212820084
2018-09-21 11:12:00,-0.17478333559029124
2018-09-21 11:15:00,-0.37766938101418646
2018-09-21 11:18:00,-0.3241077377728061
2018-09-21 11:21:00,-0.23966339381968282
2018-09-21 11:24:00,-0.21567056058222533
2018-09-21 11:27:00,-0.3579134785071574
2018-09-21 11:30:00,-0.23524474630920622
2018-09-21 11:33:00,-0.35078501539140916
2018-09-21 11:36:00,-0.40820664151982555
2018-09-21 11:39:00,-0.404611185836643
2018-09-21 11:42:00,-0.3372209720511705
2018-09-21 11:45:00,-0.410354755989772
2018-09-21 11:48:00,-0.33045763429663566
2018-09-21 11:51:00,-0.447658821983282
2018-09-21 11:54:00,-0.34629364469577695
2018-09-21 11:57:00,-0.3063410509874416
2018-09-21 12:00:00,-0.3551241239323417
2018-09-21 12:03:00,-0.4365980299695025
2018-09-21 12:06:00,-0.4130256964019168
2018-09-21 12:09:00,-0.4232908814543066
2018-09-21 12:12:00,-0.4833641972247733
2018-09-21 12:15:00,-0.43353005821484203
2018-09-21 12:18:00,-0.3826930012854177
2018-09-21 12:21:00,-0.5014997021140175
2018-09-21 12:24:00,-0.4275800708430211
2018-09-21 12:27:00,-0.3371045946184381
2018-09-21 12:30:00,-0.4115523146281248
2018-09-21 12:33:00,-0.4042524634105007
2018-09-21 12:36:00,-0.4659362392009143
2018-09-21 12:39:00,-0.4732068355894512
2018-09-21 12:42:00,-0.4276710823062331
2018-09-21 12:45:00,-0.4987673367493244
2018-09-21 12:48:00,-0.4932376968549761
2018-09-21 12:51:00,-0.6161512001860387
2018-09-21 12:54:00,-0.4161089513289653
2018-09-21 12:57:00,-0.35143730828599473
2018-09-21 13:00:00,-0.542577386288599
2018-09-21 13:03:00,-0.5890958808877258
2018-09-21 13:06:00,-0.4141874643665915
2018-09-21 13:09:00,-0.47250332776724235
2018-09-21 13:12:00,-0.45526459682560017
2018-09-21 13:15:00,-0.443111498658709
2018-09-21 13:18:00,-0.4708466131112914
2018-09-21 13:21:00,-0.4645520180338849
2018-09-21 13:24:00,-0.3827561869327951
2018-09-21 13:27:00,-0.3991142216262915
2018-09-21 13:30:00,-0.46433671488165373
2018-09-21 13:33:00,-0.47852987962232874
2018-09-21 13:36:00,-0.30550347024723123
2018-09-21 13:39:00,-0.4407145496293765
2018-09-21 13:42:00,-0.525564522446075
2018-09-21 13:45:00,-0.51778177917123
2018-09-21 13:48:00,-0.42545037789346907
2018-09-21 13:51:00,-0.39234121989358073
2018-09-21 13:54:00,-0.5222501946282136
2018-09-21 13:57:00,-0.5022892588489185
2018-09-21 14:00:00,-0.49492570809172776
2018-09-21 14:03:00,-0.4356837937665432
2018-09-21 14:06:00,-0.5025664837314139
2018-09-21 14:09:00,-0.3751127463409034
2018-09-21 14:12:00,-0.40983613242076444
2018-09-21 14:15:00,-0.4465289342220444
2018-09-21 14:18:00,-0.35330631590960593
2018-09-21 14:21:00,-0.4690151807239431
2018-09-21 14:24:00,-0.51778327068007
2018-09-21 14:27:00,-0.38483125758057213
2018-09-21 14:30:00,-0.4321352991536287
2018-09-21 14:33:00,-0.4414348107410433
2018-09-21 14:36:00,-0.5270842391684596
2018-09-21 14:39:00,-0.34085249596176936
2018-09-21 14:42:00,-0.5001530490914092
2018-09-21 14:45:00,-0.4396197188880251
2018-09-21 14:48:00,-0.5381608581807882
2018-09-21 14:51:00,-0.3444673265238407
2018-09-21 14:54:00,-0.3778352855771345
2018-09-21 14:57:00,-0.4620062929800497
2018-09-21 15:00:00,-0.48326509934378237
2018-09-21 15:03:00,-0.5168680775783514
2018-09-21 15:06:00,-0.5122392976562651
2018-09-21 15:09:00,-0.49623410855775774
2018-09-21 15:12:00,-0.5394213292397012
2018-09-21 15:15:00,-0.5028565200500452
2018-09-21 15:18:00,-0.45861489762268093
2018-09-21 15:21:00,-0.4931977652553883
2018-09-21 15:24:00,-0.48845254221447476
2018-09-21 15:27:00,-0.4956216636771842
2018-09-21 15:30:00,-0.48832395768761216
2018-09-21 15:33:00,-0.45893648095204753
2018-09-21 15:36:00,-0.6015691552704538
2018-09-21 15:39:00,-0.45886782988731056
2018-09-21 15:42:00,-0.516533385360674
2018-09-21 15:45:00,-0.5631783030401039
2018-09-21 15:48:00,-0.5119244030497612
2018-09-21 15:51:00,-0.45993370053440685
2018-09-21 15:54:00,-0.4543686840885357
2018-09-21 15:57:00,-0.4353304801281297
2018-09-21 16:00:00,-0.4791565330273784
2018-09-21 16:03:00,-0.4085754961831185
2018-09-21 16:06:00,-0.4619567969305649
2018-09-21 16:09:00,-0.3737563827912709
2018-09-21 16:12:00,-0.42991417811788324
2018-09-21 16:15:00,-0.4596778782843103
2018-09-21 16:18:00,-0.3561593631403639
2018-09-21 16:21:00,-0.3846943371951852
2018-09-21 16:24:00,-0.45453756999796724
2018-09-21 16:27:00,-0.4006656057283067
2018-09-21 16:30:00,-0.3905670211865413
2018-09-21 16:33:00,-0.4917043510781127
2018-09-21 16:36:00,-0.5255233090916249
2018-09-21 16:39:00,-0.43122330012693055
2018-09-21 16:42:00,-0.4543643286202723
2018-09-21 16:45:00,-0.38371936790815653
2018-09-21 16:48:00,-0.4410267067456175
2018-09-21 16:51:00,-0.4714813135553868
2018-09-21 16:54:00,-0.5766875771063269
2018-09-21 16:57:00,-0.40591501579086753
2018-09-21 17:00:00,-0.42652575847552043
2018-09-21 17:03:00,-0.4141653990344025
2018-09-21 17:06:00,-0.2935203189079516
2018-09-21 17:09:00,-0.41937208133759896
2018-09-21 17:12:00,-0.3724294396269556
2018-09-21 17:15:00,-0.3717130414425469
2018-09-21 17:18:00,-0.3837671927455517
2018-09-21 17:21:00,-0.40335257071058095
2018-09-21 17:24:00,-0.41441184248469654
2018-09-21 17:27:00,-0.36052396725381186
2018-09-21 17:30:00,-0.4254107328040959
2018-09-21 17:33:00,-0.34599014348322044
2018-09-21 17:36:00,-0.45973946337903726
2018-09-21 17:39:00,-0.39894626561800806
2018-09-21 17:42:00,-0.2729645359369215
2018-09-21 17:45:00,-0.3450104685000497
2018-09-21 17:48:00,-0.4402801327918269
2018-09-21 17:51:00,-0.3717976128107807
2018-09-21 17:54:00,-0.25674873705304435
2018-09-21 17:57:00,-0.23095699749296728
2018-09-21 18:00:00,-0.24590769827239
2018-09-21 18:03:00,-0.19252122750594935
2018-09-21 18:06:00,-0.26430083955506234
2018-09-21 18:09:00,-0.18918992276809377
2018-09-21 18:12:00,-0.213060585691494
2018-09-21 18:15:00,-0.17660419214325884
2018-09-21 18:18:00,-0.21511809032654128
2018-09-21 18:21:00,-0.16415839561994972
2018-09-21 18:24:00,-0.22793061931145076
2018-09-21 18:27:00,-0.1659535522531428
2018-09-21 18:30:00,-0.15419829390145878
2018-09-21 18:33:00,-0.20768539728317137
2018-09-21 18:36:00,-0.20226586529349788
2018-09-21 18:39:00,-0.10034819018716234
2018-09-21 18:42:00,-0.09313420633611713
2018-09-21 18:45:00,-0.06662564585349173
2018-09-21 18:48:00,-0.1140274923922675
2018-09-21 18:51:00,-0.16264329975251712
2018-09-21 18:54:00,
2018-09-21 18:57:00,
2018-09-21 19:00:00,
2018-09-21 19:03:00,0.009079845008329812
2018-09-21 19:06:00,-0.14810572696563895
2018-09-21 19:09:00,-0.10336298448811476
2018-09-21 19:12:00,-0.12827442266871003
2018-09-21 19:15:00,-0.08626411504252474
2018-09-21 19:18:00,-0.05447891687299489
2018-09-21 19:21:00,-0.04270481774807422
2018-09-21 19:24:00,-0.06723422521906741
2018-09-21 19:27:00,-0.11517831838517623
2018-09-21 19:30:00,0.005180225693436569
2018-09-21 19:33:00,-0.037490683546479886
2018-09-21 19:36:00,-0.1592169668368797
2018-09-21 19:39:00,-0.07811329186921512
2018-09-21 19:42:00,-0.08299826340612526
2018-09-21 19:45:00,0.007746463034777662
2018-09-21 19:48:00,-0.09209782379406306
2018-09-21 19:51:00,-0.10364702715435214
2018-09-21 19:54:00,-0.09872700248388355
2018-09-21 19:57:00,0.001686368209277589
2018-09-21 20:00:00,-0.09565986687846362
2018-09-21 20:03:00,-0.03822650264243066
2018-09-21 20:06:00,-0.053265455280666174
2018-09-21 20:09:00,-0.007857666827248977
2018-09-21 20:12:00,-0.018231783856549555
2018-09-21 20:15:00,-0.038031494521703735
2018-09-21 20:18:00,0.026284803268310952
2018-09-21 20:21:00,0.019772765969776174
2018-09-21 20:24:00,0.03207101241906685
2018-09-21 20:27:00,-0.010410727540431708
2018-09-21 20:30:00,0.01892338800178095
2018-09-21 20:33:00,0.031341478931608435
2018-09-21 20:36:00,0.01810917808228396
2018-09-21 20:39:00,-0.10570364196695436
2018-09-21 20:42:00,0.01676521049830626
2018-09-21 20:45:00,-0.0706532428324067
2018-09-21 20:48:00,-0.050128593626538986
2018-09-21 20:51:00,-0.037590521813456235
2018-09-21 20:54:00,-0.0352670924515337
2018-09-21 20:57:00,-0.023647085332243023
2018-09-21 21:00:00,-0.12339988619089581
2018-09-21 21:03:00,-0.05583835393889558
2018-09-21 21:06:00,0.0064770436937351406
2018-09-21 21:09:00,0.019766678378971392
2018-09-21 21:12:00,-0.10865897578679551
2018-09-21 21:15:00,0.09722256707902943
2018-09-21 21:18:00,0.0650986284176156
2018-09-21 21:21:00,-0.03592752237273089
2018-09-21 21:24:00,-0.10307416351918164
2018-09-21 21:27:00,-0.13687354776129723
2018-09-21 21:30:00,-0.06633524463461526
2018-09-21 21:33:00,-0.04703966017939365
2018-09-21 21:36:00,-0.04396515160863146
2018-09-21 21:39:00,-0.09102857567944511
2018-09-21 21:42:00,-0.048241679400859994
2018-09-21 21:45:00,-0.03293223233606568
2018-09-21 21:48:00,-0.00816702249159107
2018-09-21 21:51:00,-0.09245766284243473
2018-09-21 21:54:00,-0.12495261514953881
2018-09-21 21:57:00,-0.06698744438762105
2018-09-21 22:00:00,-0.06304987718203847
2018-09-21 22:03:00,-0.14940470688367213
2018-09-21 22:06:00,0.01555794607105554
2018-09-21 22:09:00,-0.0632083980100333
2018-09-21 22:12:00,-0.11309492632216234
2018-09-21 22:15:00,0.13036982470237035
2018-09-21 22:18:00,-0.05284799850147692
2018-09-21 22:21:00,0.14763000219039668
2018-09-21 22:24:00,0.40255033960875153
2018-09-21 22:27:00,0.3689847729884832
2018-09-21 22:30:00,0.20184796301401775
2018-09-21 22:33:00,0.31210017165017234
2018-09-21 22:36:00,0.332563610880527
2018-09-21 22:39:00,0.10907479911969631
2018-09-21 22:42:00,0.06419127060775054
2018-09-21 22:45:00,-0.13685402096189137
2018-09-21 22:48:00,0.058381244117185815
2018-09-21 22:51:00,-0.012554309643576289
2018-09-21 22:54:00,-0.01053352142315589
2018-09-21 22:57:00,-0.04492674190998969
2018-09-21 23:00:00,-0.08821054422986663
2018-09-21 23:03:00,-0.014013366264009619
2018-09-21 23:06:00,0.013299484050833144
2018-09-21 23:09:00,0.015139738672303338
2018-09-21 23:12:00,0.04917955784458172
2018-09-21 23:15:00,-0.10607580734233579
2018-09-21 23:18:00,-0.04026336908225403
2018-09-21 23:21:00,-0.059465557922294465
2018-09-21 23:24:00,-0.06429727798666818
2018-09-21 23:27:00,-0.0916998600054626
2018-09-21 23:30:00,-0.09673911149258174
2018-09-21 23:33:00,-0.06086809022497164
2018-09-21 23:36:00,-0.00451459467069526
2018-09-21 23:39:00,-0.033327217761723205
2018-09-21 23:42:00,0.055667144946255576
2018-09-21 23:45:00,-0.013571782841097502
2018-09-21 23:48:00,-0.11120423103545818
2018-09-21 23:51:00,-0.06715964543150221
2018-09-21 23:54:00,-0.05580938054140461
2018-09-21 23:57:00,-0.12467005523200214
2018-09-22 00:00:00,-0.10325023563052582
2018-09-22 00:03:00,-0.10789806263966284
2018-09-22 00:06:00,-0.09400302043673037
2018-09-22 00:09:00,-0.13260286011785638
2018-09-22 00:12:00,-0.10386173271450616
2018-09-22 00:15:00,-0.07537013548363802
2018-09-22 00:18:00,-0.11661410534549077
2018-09-22 00:21:00,-0.10006438109252258
2018-09-22 00:24:00,-0.014959752516745084
2018-09-22 00:27:00,-0.16393168749726783
2018-09-22 00:30:00,-0.03527608008630523
2018-09-22 00:33:00,-0.02119145505457709
2018-09-22 00:36:00,-0.007425874633554486
2018-09-22 00:39:00,-0.013601634276540153
2018-09-22 00:42:00,0.016190262547979728
2018-09-22 00:45:00,0.1632324070921527
2018-09-22 00:48:00,0.22477104770797496
2018-09-22 00:51:00,0.19348641836865
2018-09-22 00:54:00,0.0788887340081601
2018-09-22 00:57:00,0.046065668118842495
2018-09-22 01:00:00,0.01791550309297918
2018-09-22 01:03:00,0.058824185841388044
2018-09-22 01:06:00,0.1521941350501379
2018-09-22 01:09:00,0.18251718458088817
2018-09-22 01:12:00,0.1283075115976544
2018-09-22 01:15:00,0.17901559217062868
2018-09-22 01:18:00,0.273564017838396
2018-09-22 01:21:00,0.20122407699989253
2018-09-22 01:24:00,0.12012819003837194
2018-09-22 01:27:00,0.15433105861774266
2018-09-22 01:30:00,0.10323606143521147
2018-09-22 01:33:00,0.21868667945830111
2018-09-22 01:36:00,0.08645413946101144
2018-09-22 01:39:00,0.06978934168921569
2018-09-22 01:42:00,0.11993096091242705
2018-09-22 01:45:00,0.030519940752128605
2018-09-22 01:48:00,0.11684008070392338
2018-09-22 01:51:00,0.11261556502358872
2018-09-22 01:54:00,0.116516027300122
2018-09-22 01:57:00,0.1588778591242317
2018-09-22 02:00:00,0.1697128282509084
2018-09-22 02:03:00,0.16659541078354323
2018-09-22 02:06:00,0.17537092427943435
2018-09-22 02:09:00,0.15989763749956865
2018-09-22 02:12:00,0.16645086365895168
2018-09-22 02:15:00,0.12834152557439893
2018-09-22 02:18:00,0.12972905843793114
2018-09-22 02:21:00,0.12877638078305154
2018-09-22 02:24:00,0.15544643185671703
2018-09-22 02:27:00,0.1662637612747062
2018-09-22 02:30:00,0.16740357081260981
2018-09-22 02:33:00,0.1436073432662397
2018-09-22 02:36:00,0.26201814835843606
2018-09-22 02:39:00,0.3247643666579165
2018-09-22 02:42:00,0.22291019943361334
2018-09-22 02:45:00,0.37402845963765685
2018-09-22 02:48:00,0.2809906424063797
2018-09-22 02:51:00,0.37142491943791356
2018-09-22 02:54:00,0.3236888667697144
2018-09-22 02:57:00,0.30586672573758733
2018-09-22 03:00:00,0.29805138425848554
2018-09-22 03:03:00,0.2750929995638103
2018-09-22 03:06:00,0.2814496355569531
2018-09-22 03:09:00,0.24366119962854782
2018-09-22 03:12:00,0.25840715196045494
2018-09-22 03:15:00,0.20964478077570448
2018-09-22 03:18:00,0.21384376364682112
2018-09-22 03:21:00,0.2565588880616474
2018-09-22 03:24:00,0.20428137597116347
2018-09-22 03:27:00,0.23696362629465284
2018-09-22 03:30:00,0.25279750533962897
2018-09-22 03:33:00,0.27338120559909385
2018-09-22 03:36:00,0.3172685438348708
2018-09-22 03:39:00,0.3772286913026619
2018-09-22 03:42:00,0.3381650124076714
2018-09-22 03:45:00,0.335278270314177
2018-09-22 03:48:00,0.25304182363350947
2018-09-22 03:51:00,0.32543152014329735
2018-09-22 03:54:00,0.37018039253177903
2018-09-22 03:57:00,0.38781354829097836
2018-09-22 04:00:00,0.3223114272805674
2018-09-22 04:03:00,0.3353658648362625
2018-09-22 04:06:00,0.2477261444965393
2018-09-22 04:09:00,0.24531924866744248
2018-09-22 04:12:00,0.21473068606138668
2018-09-22 04:15:00,0.1528107714046314
2018-09-22 04:18:00,0.22490978427561004
2018-09-22 04:21:00,0.25127496423766615
2018-09-22 04:24:00,0.24769349551559117
2018-09-22 04:27:00,0.2904989037330097
2018-09-22 04:30:00,0.384159870992562
2018-09-22 04:33:00,0.23562413558693152
2018-09-22 04:36:00,0.35819324837410704
2018-09-22 04:39:00,0.33393949219242813
2018-09-22 04:42:00,0.2670162340706952
2018-09-22 04:45:00,0.296017704546955
2018-09-22 04:48:00,0.3835929999872292
2018-09-22 04:51:00,0.3722281652043762
2018-09-22 04:54:00,0.3975877488057904
2018-09-22 04:57:00,0.44461854259941447
2018-09-22 05:00:00,0.44514948460346204
2018-09-22 05:03:00,0.3515494803993988
2018-09-22 05:06:00,0.48918917636461856
2018-09-22 05:09:00,0.3799992589778185
2018-09-22 05:12:00,0.4039683869187911
2018-09-22 05:15:00,0.3809698310599856
2018-09-22 05:18:00,0.39959639319863527
2018-09-22 05:21:00,0.37670429306422193
2018-09-22 05:24:00,0.37623462565392174
2018-09-22 05:27:00,0.3954050620481553
2018-09-22 05:30:00,0.4039273011881619
2018-09-22 05:33:00,0.4112687648604947
2018-09-22 05:36:00,0.40865323083954763
2018-09-22 05:39:00,0.3782438620160633
2018-09-22 05:42:00,0.34991378255074324
2018-09-22 05:45:00,0.37658556219724915
2018-09-22 05:48:00,0.34236831712127014
2018-09-22 05:51:00,0.30123436232133827
2018-09-22 05:54:00,0.2396827727692994
2018-09-22 05:57:00,0.22985824304572589
2018-09-22 06:00:00,0.20554095140744266
2018-09-22 06:03:00,0.26382770636649866
2018-09-22 06:06:00,0.26900088864971394
2018-09-22 06:09:00,0.3099784969024313
2018-09-22 06:12:00,0.2399327447323003
2018-09-22 06:15:00,0.40556459901495145
2018-09-22 06:18:00,0.36578786007061126
2018-09-22 06:21:00,0.3260931292115856
2018-09-22 06:24:00,0.29492722350323675
2018-09-22 06:27:00,0.33274799717355563
2018-09-22 06:30:00,0.28732866217774244
2018-09-22 06:33:00,0.21894969602988112
2018-09-22 06:36:00,0.18175933120454602
2018-09-22 06:39:00,0.21132161849391196
2018-09-22 06:42:00,0.1316305073233366
2018-09-22 06:45:00,0.17440498761629897
2018-09-22 06:48:00,0.17583441749530948
2018-09-22 06:51:00,0.2760444329710481
2018-09-22 06:54:00,0.23327068778792182
2018-09-22 06:57:00,0.17689028391663442
2018-09-22 07:00:00,0.2168839378150551
2018-09-22 07:03:00,0.1674355724015868
2018-09-22 07:06:00,0.23054450129797033
2018-09-22 07:09:00,0.20552161423836424
2018-09-22 07:12:00,0.3029758008508452
2018-09-22 07:15:00,0.281140937706823
2018-09-22 07:18:00,0.32946843052377517
2018-09-22 07:21:00,0.30866300288039383
2018-09-22 07:24:00,0.3576225219155731
2018-09-22 07:27:00,0.4009262843460988
2018-09-22 07:30:00,0.32816429906921485
2018-09-22 07:33:00,0.35232207707531416
2018-09-22 07:36:00,0.32837501578728734
2018-09-22 07:39:00,0.317560562689323
2018-09-22 07:42:00,0.30572390260374505
2018-09-22 07:45:00,0.32956939777875505
2018-09-22 07:48:00,0.31893866412309535
2018-09-22 07:51:00,0.3140987388745202
2018-09-22 07:54:00,0.29839539217039146
2018-09-22 07:57:00,0.37039152792510777
2018-09-22 08:00:00,0.32623552335496697
2018-09-22 08:03:00,0.4590608685420534
2018-09-22 08:06:00,0.36800912551836973
2018-09-22 08:09:00,0.4130952834675554
2018-09-22 08:12:00,0.5401385856697516
2018-09-22 08:15:00,0.46007273895008893
2018-09-22 08:18:00,0.5114655993897372
2018-09-22 08:21:00,0.5478337322234097
2018-09-22 08:24:00,0.5314896748833462
2018-09-22 08:27:00,0.49202080990102104
2018-09-22 08:30:00,0.5256600652526231
2018-09-22 08:33:00,0.5490000870193512
2018-09-22 08:36:00,0.5213023579329388
2018-09-22 08:39:00,0.5280660955174881
2018-09-22 08:42:00,0.4564278165172482
2018-09-22 08:45:00,0.4322767657383224
2018-09-22 08:48:00,0.5184105932181637
2018-09-22 08:51:00,0.42881378441109064
2018-09-22 08:54:00,0.44763501253351023
2018-09-22 08:57:00,0.37445950947073925
2018-09-22 09:00:00,0.5129347816762788
2018-09-22 09:03:00,0.4613924916697556
2018-09-22 09:06:00,0.3732282030112515
2018-09-22 09:09:00,0.4655208575339884
2018-09-22 09:12:00,0.3933178197241318
2018-09-22 09:15:00,0.351279950929154
2018-09-22 09:18:00,0.2678427763775062
2018-09-22 09:21:00,0.30149040878558253
2018-09-22 09:24:00,0.34287791505408904
2018-09-22 09:27:00,0.3009362787835812
2018-09-22 09:30:00,0.32899530258981713
2018-09-22 09:33:00,0.2634883696625252
2018-09-22 09:36:00,0.25994636024893225
2018-09-22 09:39:00,0.19959134843219317
2018-09-22 09:42:00,0.2749288940054839
2018-09-22 09:45:00,0.31316993365749113
2018-09-22 09:48:00,0.19858369712915191
2018-09-22 09:51:00,0.2824874759027125
2018-09-22 09:54:00,0.15058674349779722
2018-09-22 09:57:00,0.18292939829137822
2018-09-22 10:00:00,0.22300282552777162
2018-09-22 10:03:00,0.253520083662238
2018-09-22 10:06:00,0.15361341912341686
2018-09-22 10:09:00,0.15072218010584493
2018-09-22 10:12:00,0.14522641003588888
2018-09-22 10:15:00,0.11604370171238543
2018-09-22 10:18:00,0.1490186445597601
2018-09-22 10:21:00,0.13681791322176196
2018-09-22 10:24:00,0.19187092867775846
2018-09-22 10:27:00,0.1954591693065595
2018-09-22 10:30:00,0.049449495362580365
2018-09-22 10:33:00,0.17077218441914965
2018-09-22 10:36:00,0.14436652194632416
2018-09-22 10:39:00,0.05796267707779634
2018-09-22 10:42:00,0.06211266934445803
2018-09-22 10:45:00,0.04262815023633948
2018-09-22 10:48:00,0.05648580889283039
2018-09-22 10:51:00,-0.04865264815549608
2018-09-22 10:54:00,-0.011546501468274073
2018-09-22 10:57:00,0.07728915196793196
2018-09-22 11:00:00,-0.0639113817395014
2018-09-22 11:03:00,0.008739284050648166
2018-09-22 11:06:00,0.16863779840122106
2018-09-22 11:09:00,0.01900516229443383
2018-09-22 11:12:00,0.02811025230477071
2018-09-22 11:15:00,-0.060761719931122116
2018-09-22 11:18:00,-0.04203483159801635
2018-09-22 11:21:00,0.014708327543075939
2018-09-22 11:24:00,-0.08107908423011168
2018-09-22 11:27:00,-0.1717679580837057
2018-09-22 11:30:00,-0.14994058814215805
2018-09-22 11:33:00,-0.20386755897101239
2018-09-22 11:36:00,-0.12502259535818894
2018-09-22 11:39:00,-0.1230895022742402
2018-09-22 11:42:00,-0.20850040296397765
2018-09-22 11:45:00,-0.18222506119514037
2018-09-22 11:48:00,-0.24399660798775358
2018-09-22 11:51:00,-0.2920302723304644
2018-09-22 11:54:00,-0.2329812384795673
2018-09-22 11:57:00,-0.16222532400701084
2018-09-22 12:00:00,-0.23770343184082776
2018-09-22 12:03:00,-0.27181970103936237
2018-09-22 12:06:00,-0.20167120005174866
2018-09-22 12:09:00,-0.34559165407500814
2018-09-22 12:12:00,-0.1893291440119924
2018-09-22 12:15:00,-0.2993868094474692
2018-09-22 12:18:00,-0.12878838425325512
2018-09-22 12:21:00,-0.25454218821363384
2018-09-22 12:24:00,-0.21931986563754435
2018-09-22 12:27:00,-0.31415194725423135
2018-09-22 12:30:00,-0.22614284944785368
2018-09-22 12:33:00,-0.2697543483980098
2018-09-22 12:36:00,-0.24713819283687144
2018-09-22 12:39:00,-0.2126955298640496
2018-09-22 12:42:00,-0.2852330147107409
2018-09-22 12:45:00,-0.2774853885135826
2018-09-22 12:48:00,-0.3276419573168141
2018-09-22 12:51:00,-0.34133895722925445
2018-09-22 12:54:00,-0.23538759252306818
2018-09-22 12:57:00,-0.2632850276503973
2018-09-22 13:00:00,-0.31516317899320256
2018-09-22 13:03:00,-0.2732080755304196
2018-09-22 13:06:00,-0.29480604104668373
2018-09-22 13:09:00,-0.3468604491624774
2018-09-22 13:12:00,-0.3292997602165997
2018-09-22 13:15:00,-0.2950702903685283
2018-09-22 13:18:00,-0.29863774075380434
2018-09-22 13:21:00,-0.37966972190895376
2018-09-22 13:24:00,-0.34107540151995863
2018-09-22 13:27:00,-0.35138176452090875
2018-09-22 13:30:00,-0.43521978533402716
2018-09-22 13:33:00,-0.2728725701857684
2018-09-22 13:36:00,-0.29421446284692365
2018-09-22 13:39:00,-0.3645110750354661
2018-09-22 13:42:00,-0.4397209057884197
2018-09-22 13:45:00,-0.42249307517727175
2018-09-22 13:48:00,-0.3774371127155405
2018-09-22 13:51:00,-0.4153280409167337
2018-09-22 13:54:00,-0.5090453927729754
2018-09-22 13:57:00,-0.32512166416989885
2018-09-22 14:00:00,-0.3829474879114514
2018-09-22 14:03:00,-0.3630735910261933
2018-09-22 14:06:00,-0.4625119836084082
2018-09-22 14:09:00,-0.48543279876537326
2018-09-22 14:12:00,-0.5143723994666516
2018-09-22 14:15:00,-0.5022139581299712
2018-09-22 14:18:00,-0.5101365207389108
2018-09-22 14:21:00,-0.4455620663479749
2018-09-22 14:24:00,-0.3881159064213193
2018-09-22 14:27:00,-0.39867113371730056
2018-09-22 14:30:00,-0.3782600338450379
2018-09-22 14:33:00,-0.29241188946070906
2018-09-22 14:36:00,-0.336699144305328
2018-09-22 14:39:00,-0.35472171725092494
2018-09-22 14:42:00,-0.4849891545532614
2018-09-22 14:45:00,-0.40193105092498627
2018-09-22 14:48:00,-0.30708447129234173
2018-09-22 14:51:00,-0.43088932406038793
2018-09-22 14:54:00,-0.45222041544440117
2018-09-22 14:57:00,-0.471602420195552
2018-09-22 15:00:00,-0.4708824787125536
2018-09-22 15:03:00,-0.3664725403615421
2018-09-22 15:06:00,-0.5097546733351805
2018-09-22 15:09:00,-0.45922638800675486
2018-09-22 15:12:00,-0.4269147417950876
2018-09-22 15:15:00,-0.39111804153816365
2018-09-22 15:18:00,-0.5136366103161549
2018-09-22 15:21:00,-0.4902944261473863
2018-09-22 15:24:00,-0.4764747194838037
2018-09-22 15:27:00,-0.3503555880533895
2018-09-22 15:30:00,-0.4641208567580861
2018-09-22 15:33:00,-0.482833197986281
2018-09-22 15:36:00,-0.4527945404552156
2018-09-22 15:39:00,-0.5577966246417532
2018-09-22 15:42:00,-0.5509988147128411
2018-09-22 15:45:00,-0.4964264891875132
2018-09-22 15:48:00,-0.5124027916555178
2018-09-22 15:51:00,-0.42243009664292686
2018-09-22 15:54:00,-0.26613035920456696
2018-09-22 15:57:00,-0.33167971955521125
2018-09-22 16:00:00,-0.35227053685900955
2018-09-22 16:03:00,-0.4112016213493348
2018-09-22 16:06:00,-0.4316429425745696
2018-09-22 16:09:00,-0.3328910564035823
2018-09-22 16:12:00,-0.37657791681135677
2018-09-22 16:15:00,-0.4010243106201301
2018-09-22 16:18:00,-0.35880735281142506
2018-09-22 16:21:00,-0.47194406281346346
2018-09-22 16:24:00,-0.39146896425080513
2018-09-22 16:27:00,-0.3606073222400141
2018-09-22 16:30:00,-0.29986009808231984
2018-09-22 16:33:00,-0.347342329149285
2018-09-22 16:36:00,-0.3999894177630381
2018-09-22 16:39:00,-0.43607741561623925
2018-09-22 16:42:00,-0.3239184021103938
2018-09-22 16:45:00,-0.30755314268390066
2018-09-22 16:48:00,-0.28762321976677185
2018-09-22 16:51:00,-0.26879228062750826
2018-09-22 16:54:00,-0.22502607536932828
2018-09-22 16:57:00,-0.2576326873792141
2018-09-22 17:00:00,-0.23752082278298303
2018-09-22 17:03:00,-0.29052367849357097
2018-09-22 17:06:00,-0.2638002226191247
2018-09-22 17:09:00,-0.23222371348049364
2018-09-22 17:12:00,-0.23983822904119734
2018-09-22 17:15:00,-0.18768360938349815
2018-09-22 17:18:00,-0.2170717570829197
2018-09-22 17:21:00,-0.2878839016107122
2018-09-22 17:24:00,-0.09395179448983981
2018-09-22 17:27:00,-0.24407298260518928
2018-09-22 17:30:00,-0.19117579944543195
2018-09-22 17:33:00,-0.21950255335764268
2018-09-22 17:36:00,-0.18537553543836793
2018-09-22 17:39:00,-0.21236809676156554
2018-09-22 17:42:00,-0.1849492618977706
2018-09-22 17:45:00,-0.16006848258319906
2018-09-22 17:48:00,-0.14463649829201586
2018-09-22 17:51:00,-0.14202541324169715
2018-09-22 17:54:00,-0.15409569979652815
2018-09-22 17:57:00,-0.03501198630794988
2018-09-22 18:00:00,-0.15997443973066083
2018-09-22 18:03:00,-0.12025222820216186
2018-09-22 18:06:00,-0.10208640723936924
2018-09-22 18:09:00,-0.06419618543350225
2018-09-22 18:12:00,-0.03372025857754579
2018-09-22 18:15:00,-0.07765447095243871
2018-09-22 18:18:00,-0.02435463724731335
2018-09-22 18:21:00,-0.006403644342469761
2018-09-22 18:24:00,-0.012404007761119829
2018-09-22 18:27:00,-0.052793494074308
2018-09-22 18:30:00,-0.0019941186189385007
2018-09-22 18:33:00,0.07018065405850393
2018-09-22 18:36:00,-0.06132124326535404
2018-09-22 18:39:00,0.028368406429763127
2018-09-22 18:42:00,0.05643563700891718
2018-09-22 18:45:00,0.04374514512829819
2018-09-22 18:48:00,0.006240686035539511
2018-09-22 18:51:00,0.002395257733098788
2018-09-22 18:54:00,
2018-09-22 18:57:00,
2018-09-22 19:00:00,
2018-09-22 19:03:00,0.06014055456711276
2018-09-22 19:06:00,-0.04233077964306631
2018-09-22 19:09:00,-0.05955357572156572
2018-09-22 19:12:00,0.04543735339268551
2018-09-22 19:15:00,-0.04589369553082179
2018-09-22 19:18:00,-0.10688945278559459
2018-09-22 19:21:00,0.015575561355888112
2018-09-22 19:24:00,-0.12451622764933745
2018-09-22 19:27:00,-0.02354778287258341
2018-09-22 19:30:00,0.03929590099909319
2018-09-22 19:33:00,-0.04049604877599222
2018-09-22 19:36:00,-0.056359099353699094
2018-09-22 19:39:00,-0.0022157376434961407
2018-09-22 19:42:00,0.05526252800046905
2018-09-22 19:45:00,-0.005132437497479714
2018-09-22 19:48:00,-0.07863867962754512
2018-09-22 19:51:00,-0.07327675073338469
2018-09-22 19:54:00,-0.10916289268851642
2018-09-22 19:57:00,-0.06630911225852287
2018-09-22 20:00:00,0.0594154956624493
2018-09-22 20:03:00,-0.016572741405184388
2018-09-22 20:06:00,-0.0447033509681205
2018-09-22 20:09:00,-0.0446200885747885
2018-09-22 20:12:00,0.011772586036784105
2018-09-22 20:15:00,0.07569423970545586
2018-09-22 20:18:00,0.046062869738250356
2018-09-22 20:21:00,0.015803543757726857
2018-09-22 20:24:00,0.05260627992043965
2018-09-22 20:27:00,0.03655761466615104
2018-09-22 20:30:00,0.004734352945433784
2018-09-22 20:33:00,0.09005136037234251
2018-09-22 20:36:00,0.08494500784024694
2018-09-22 20:39:00,-0.03881960184827449
2018-09-22 20:42:00,0.029802029458267043
2018-09-22 20:45:00,0.056722002468916344
2018-09-22 20:48:00,0.01712249757315476
2018-09-22 20:51:00,-0.039350467589486016
2018-09-22 20:54:00,-0.012872860951631537
2018-09-22 20:57:00,-0.0004563903114558343
2018-09-22 21:00:00,-0.009996350916821939
2018-09-22 21:03:00,0.05176332386628246
2018-09-22 21:06:00,0.04010590458307206
2018-09-22 21:09:00,-0.03381536516144479
2018-09-22 21:12:00,0.08343090394953379
2018-09-22 21:15:00,0.031246602508304022
2018-09-22 21:18:00,0.024186960140923475
2018-09-22 21:21:00,-0.03197795685997562
2018-09-22 21:24:00,0.1057024240277542
2018-09-22 21:27:00,-0.009646150083199245
2018-09-22 21:30:00,0.010833435422284765
2018-09-22 21:33:00,0.1007421844155374
2018-09-22 21:36:00,0.0735645564892593
2018-09-22 21:39:00,0.13363927323712232
2018-09-22 21:42:00,-0.030328973502832923
2018-09-22 21:45:00,0.08401220394870279
2018-09-22 21:48:00,0.06855481125154483
2018-09-22 21:51:00,0.09948372691496843
2018-09-22 21:54:00,0.11924337252031592
2018-09-22 21:57:00,0.09062840560278573
2018-09-22 22:00:00,-0.003053269648262358
2018-09-22 22:03:00,0.1465131930498842
2018-09-22 22:06:00,0.10374295226671393
2018-09-22 22:09:00,0.1271746439601884
2018-09-22 22:12:00,0.13149298137813048
2018-09-22 22:15:00,0.13987018911450377
2018-09-22 22:18:00,0.09984628563756814
2018-09-22 22:21:00,0.05461617915619854
2018-09-22 22:24:00,0.0620823027547317
2018-09-22 22:27:00,0.17123124572015058
2018-09-22 22:30:00,0.07117153699618939
2018-09-22 22:33:00,0.14574028240349435
2018-09-22 22:36:00,0.11420721139876377
2018-09-22 22:39:00,0.14691122611071705
2018-09-22 22:42:00,0.1453544613357849
2018-09-22 22:45:00,0.12210944401800816
2018-09-22 22:48:00,0.038957675253641355
2018-09-22 22:51:00,0.23010588542331334
2018-09-22 22:54:00,0.07742962332656589
2018-09-22 22:57:00,0.08227062647671346
2018-09-22 23:00:00,0.05661303180477262
2018-09-22 23:03:00,0.16359804449911053
2018-09-22 23:06:00,0.08532407595629365
2018-09-22 23:09:00,0.04798933266863514
2018-09-22 23:12:00,0.1314268509007661
2018-09-22 23:15:00,0.06897986997091721
2018-09-22 23:18:00,0.06554101346728203
2018-09-22 23:21:00,0.15352359095413703
2018-09-22 23:24:00,0.19454703283719255
2018-09-22 23:27:00,0.11506688331945725
2018-09-22 23:30:00,0.1273685022636073
2018-09-22 23:33:00,0.17960782758962068
2018-09-22 23:36:00,0.031710870441600036
2018-09-22 23:39:00,0.1435029727563233
2018-09-22 23:42:00,0.03711780508240281
2018-09-22 23:45:00,0.15113229267456063
2018-09-22 23:48:00,0.1689561004893676
2018-09-22 23:51:00,0.16719911744587534
2018-09-22 23:54:00,0.1510598492036479
2018-09-22 23:57:00,0.08185978994646348
2018-09-23 00:00:00,0.17179543791286278
2018-09-23 00:03:00,0.19164209584715763
2018-09-23 00:06:00,0.1347627861259184
2018-09-23 00:09:00,0.2830915844469928
2018-09-23 00:12:00,0.29741114159986637
2018-09-23 00:15:00,0.08413464715533792
2018-09-23 00:18:00,0.08421311837946632
2018-09-23 00:21:00,0.11304497516022138
2018-09-23 00:24:00,0.04927752538293362
2018-09-23 00:27:00,0.2030950274070733
2018-09-23 00:30:00,0.12667638068052156
2018-09-23 00:33:00,0.12035892285183536
2018-09-23 00:36:00,0.13551972800598833
2018-09-23 00:39:00,0.18174134489328253
2018-09-23 00:42:00,0.09518262517991616
2018-09-23 00:45:00,0.11750715983106375
2018-09-23 00:48:00,0.1360335446722729
2018-09-23 00:51:00,0.15664501443558265
2018-09-23 00:54:00,0.1589819815840201
2018-09-23 00:57:00,0.20213587595907256
2018-09-23 01:00:00,0.13466144084850384
2018-09-23 01:03:00,0.12903751064402513
2018-09-23 01:06:00,0.16336423150966084
2018-09-23 01:09:00,0.226869526780888
2018-09-23 01:12:00,0.19114746001474714
2018-09-23 01:15:00,0.1394459174970848
2018-09-23 01:18:00,0.1150962433258087
2018-09-23 01:21:00,0.15016729257672523
2018-09-23 01:24:00,0.2481164775319371
2018-09-23 01:27:00,0.16370800004045805
2018-09-23 01:30:00,0.14102850499040187
2018-09-23 01:33:00,0.2814159301585164
2018-09-23 01:36:00,0.1841065758133027
2018-09-23 01:39:00,0.07750441750289383
2018-09-23 01:42:00,0.12891890892746005
2018-09-23 01:45:00,0.08939310615551221
2018-09-23 01:48:00,0.13865301178191203
2018-09-23 01:51:00,0.10721678600668838
2018-09-23 01:54:00,0.1707324471297511
2018-09-23 01:57:00,0.09069147260277077
2018-09-23 02:00:00,0.08360475285911662
2018-09-23 02:03:00,0.0678531502092028
2018-09-23 02:06:00,0.14308747096708885
2018-09-23 02:09:00,0.26268387657876247
2018-09-23 02:12:00,0.2990417722360803
2018-09-23 02:15:00,0.2021269262181704
2018-09-23 02:18:00,0.26728497090169867
2018-09-23 02:21:00,0.24058930819393254
2018-09-23 02:24:00,0.25759885676183103
2018-09-23 02:27:00,0.22498733222960254
2018-09-23 02:30:00,0.22859433426975784
2018-09-23 02:33:00,0.23020268119489629
2018-09-23 02:36:00,0.11126956006677347
2018-09-23 02:39:00,0.24248934858269422
2018-09-23 02:42:00,0.29236714573653444
2018-09-23 02:45:00,0.25707852420555355
2018-09-23 02:48:00,0.26337124171089954
2018-09-23 02:51:00,0.16385061755232755
2018-09-23 02:54:00,0.31307082496465455
2018-09-23 02:57:00,0.33361002872561585
2018-09-23 03:00:00,0.16516980101766876
2018-09-23 03:03:00,0.2238206003513028
2018-09-23 03:06:00,0.2565375265986063
2018-09-23 03:09:00,0.3209420834590446
2018-09-23 03:12:00,0.2535323495444004
2018-09-23 03:15:00,0.2512346658965612
2018-09-23 03:18:00,0.3014069367005163
2018-09-23 03:21:00,0.24547380255864937
2018-09-23 03:24:00,0.26599772867024285
2018-09-23 03:27:00,0.27624362460778684
2018-09-23 03:30:00,0.32890762622002967
2018-09-23 03:33:00,0.3226305762808579
2018-09-23 03:36:00,0.3283175158437075
2018-09-23 03:39:00,0.32513719198828994
2018-09-23 03:42:00,0.29452143206293613
2018-09-23 03:45:00,0.4174672705035505
2018-09-23 03:48:00,0.3501178940122145
2018-09-23 03:51:00,0.27741693191029526
2018-09-23 03:54:00,0.2987322614549157
2018-09-23 03:57:00,0.35175421774880533
2018-09-23 04:00:00,0.3385079309979915
2018-09-23 04:03:00,0.32381362741426756
2018-09-23 04:06:00,0.26532858965202877
2018-09-23 04:09:00,0.24082795789814782
2018-09-23 04:12:00,0.3171353651230788
2018-09-23 04:15:00,0.4030351638019738
2018-09-23 04:18:00,0.3504201962062439
2018-09-23 04:21:00,0.3133273804239707
2018-09-23 04:24:00,0.3809913438421404
2018-09-23 04:27:00,0.2687724243736511
2018-09-23 04:30:00,0.2785362406688705
2018-09-23 04:33:00,0.3415418261465675
2018-09-23 04:36:00,0.34625940243017794
2018-09-23 04:39:00,0.3233461578143988
2018-09-23 04:42:00,0.3457977301958408
2018-09-23 04:45:00,0.24406150038328178
2018-09-23 04:48:00,0.2637658173208024
2018-09-23 04:51:00,0.3117044597100289
2018-09-23 04:54:00,0.32989290238214153
2018-09-23 04:57:00,0.3690631424946105
2018-09-23 05:00:00,0.3204744075382564
2018-09-23 05:03:00,0.3952851326985751
2018-09-23 05:06:00,0.23822134858005484
2018-09-23 05:09:00,0.336478977298043
2018-09-23 05:12:00,0.32305936371392363
2018-09-23 05:15:00,0.31196208086493016
2018-09-23 05:18:00,0.1620685380250393
2018-09-23 05:21:00,0.3328073660238715
2018-09-23 05:24:00,0.40133824948190977
2018-09-23 05:27:00,0.3237571788866944
2018-09-23 05:30:00,0.2597498593349883
2018-09-23 05:33:00,0.2262808265620606
2018-09-23 05:36:00,0.21518024859523166
2018-09-23 05:39:00,0.3054474577791666
2018-09-23 05:42:00,0.2635587084288886
2018-09-23 05:45:00,0.2779790174203072
2018-09-23 05:48:00,0.21600916876502652
2018-09-23 05:51:00,0.22268572726108005
2018-09-23 05:54:00,0.2721511607278444
2018-09-23 05:57:00,0.32992574545806974
2018-09-23 06:00:00,0.32931790436623487
2018-09-23 06:03:00,0.3423967344352832
2018-09-23 06:06:00,0.31770782880761317
2018-09-23 06:09:00,0.26415794500229595
2018-09-23 06:12:00,0.29146184644253026
2018-09-23 06:15:00,0.32210570343823974
2018-09-23 06:18:00,0.3374007034441888
2018-09-23 06:21:00,0.3199734707507105
2018-09-23 06:24:00,0.3920168050000825
2018-09-23 06:27:00,0.40415778419406934
2018-09-23 06:30:00,0.3179452638943303
2018-09-23 06:33:00,0.2934980513085179
2018-09-23 06:36:00,0.32788794193669446
2018-09-23 06:39:00,0.31133794486072475
2018-09-23 06:42:00,0.2960914878447056
2018-09-23 06:45:00,0.24736463746211257
2018-09-23 06:48:00,0.28982750516593114
2018-09-23 06:51:00,0.31128344018657117
2018-09-23 06:54:00,0.2745452194503173
2018-09-23 06:57:00,0.2510531450649296
2018-09-23 07:00:00,0.31297438880136497
2018-09-23 07:03:00,0.3679936651760727
2018-09-23 07:06:00,0.3014466893353074
2018-09-23 07:09:00,0.35053319237800906
2018-09-23 07:12:00,0.2932984524383073
2018-09-23 07:15:00,0.33486567079222596
2018-09-23 07:18:00,0.28587684626762666
2018-09-23 07:21:00,0.28901041927889537
2018-09-23 07:24:00,0.2764379278083311
2018-09-23 07:27:00,0.23161150753008997
2018-09-23 07:30:00,0.2565398094697571
2018-09-23 07:33:00,0.30452806731938153
2018-09-23 07:36:00,0.18839279344877014
2018-09-23 07:39:00,0.34348549398242767
2018-09-23 07:42:00,0.24568544861705277
2018-09-23 07:45:00,0.26876606193695807
2018-09-23 07:48:00,0.3287833356998817
2018-09-23 07:51:00,0.2715761605176681
2018-09-23 07:54:00,0.23607516074758905
2018-09-23 07:57:00,0.15516330427573166
2018-09-23 08:00:00,0.2862315153415125
2018-09-23 08:03:00,0.23468421185953048
2018-09-23 08:06:00,0.1964303473448581
2018-09-23 08:09:00,0.1699570518803739
2018-09-23 08:12:00,0.24883339423979578
2018-09-23 08:15:00,0.22472795148320301
2018-09-23 08:18:00,0.14031415759109223
2018-09-23 08:21:00,0.15028667001138274
2018-09-23 08:24:00,0.11828695016106394
2018-09-23 08:27:00,0.0946252807326573
2018-09-23 08:30:00,0.07852843387871644
2018-09-23 08:33:00,0.016128091194616445
2018-09-23 08:36:00,0.013353346207225059
2018-09-23 08:39:00,-0.02831356297934917
2018-09-23 08:42:00,-0.046369321813926945
2018-09-23 08:45:00,0.035741793967929425
2018-09-23 08:48:00,-0.06679795460007654
2018-09-23 08:51:00,-0.03897241094745141
2018-09-23 08:54:00,0.050868237459610555
2018-09-23 08:57:00,-0.014082687588938825
2018-09-23 09:00:00,0.03978154577737314
2018-09-23 09:03:00,-0.02110834193433675
2018-09-23 09:06:00,-0.0015770713432061712
2018-09-23 09:09:00,0.031778353090601286
2018-09-23 09:12:00,-0.09077352380239745
2018-09-23 09:15:00,-0.13221143349369413
2018-09-23 09:18:00,-0.17201302902367388
2018-09-23 09:21:00,-0.13781898346314847
2018-09-23 09:24:00,-0.16428280931864947
2018-09-23 09:27:00,-0.2919216392803037
2018-09-23 09:30:00,-0.14091143658134797
2018-09-23 09:33:00,-0.2862314399025081
2018-09-23 09:36:00,-0.19735296126663116
2018-09-23 09:39:00,-0.1951129453521503
2018-09-23 09:42:00,-0.2716573392677901
2018-09-23 09:45:00,-0.2550241860390656
2018-09-23 09:48:00,-0.23643851212960953
2018-09-23 09:51:00,-0.23644598635218017
2018-09-23 09:54:00,-0.2680389331479205
2018-09-23 09:57:00,-0.2845981861872815
2018-09-23 10:00:00,-0.3094482149362534
2018-09-23 10:03:00,-0.2768377043951773
2018-09-23 10:06:00,-0.3482379742915782
2018-09-23 10:09:00,-0.17638943798868922
2018-09-23 10:12:00,-0.27839721189496913
2018-09-23 10:15:00,-0.27698186193117635
2018-09-23 10:18:00,-0.3357892844601338
2018-09-23 10:21:00,-0.26394367262986407
2018-09-23 10:24:00,-0.34937755394281567
2018-09-23 10:27:00,-0.22575001508272408
2018-09-23 10:30:00,-0.17458008020940952
2018-09-23 10:33:00,-0.2576344046004806
2018-09-23 10:36:00,-0.17819012988394434
2018-09-23 10:39:00,-0.16817209069449746
2018-09-23 10:42:00,-0.1807078690986259
2018-09-23 10:45:00,-0.27394560308033533
2018-09-23 10:48:00,-0.22963373950187815
2018-09-23 10:51:00,-0.19436017701440278
2018-09-23 10:54:00,-0.23294184520267436
2018-09-23 10:57:00,-0.24818915002543918
2018-09-23 11:00:00,-0.13471646691226624
2018-09-23 11:03:00,-0.3237896618020386
2018-09-23 11:06:00,-0.370901053456862
2018-09-23 11:09:00,-0.3689417021559507
2018-09-23 11:12:00,-0.3164926232910261
2018-09-23 11:15:00,-0.32815055372236657
2018-09-23 11:18:00,-0.48902561628955254
2018-09-23 11:21:00,-0.4025130039605642
2018-09-23 11:24:00,-0.44255991176925136
2018-09-23 11:27:00,-0.3583646958343252
2018-09-23 11:30:00,-0.40807170853713615
2018-09-23 11:33:00,-0.33546893191282834
2018-09-23 11:36:00,-0.48677952551736325
2018-09-23 11:39:00,-0.40139966825057627
2018-09-23 11:42:00,-0.4698973073802222
2018-09-23 11:45:00,-0.34534612502460504
2018-09-23 11:48:00,-0.36930643380736683
2018-09-23 11:51:00,-0.44188996572648875
2018-09-23 11:54:00,-0.37584571172595815
2018-09-23 11:57:00,-0.47383320459545075
2018-09-23 12:00:00,-0.5088161384716727
2018-09-23 12:03:00,-0.5538376863745498
2018-09-23 12:06:00,-0.5733179715438155
2018-09-23 12:09:00,-0.49716873990564636
2018-09-23 12:12:00,-0.43789356820957437
2018-09-23 12:15:00,-0.5451652363258859
2018-09-23 12:18:00,-0.5352688573693172
2018-09-23 12:21:00,-0.5648836571359652
2018-09-23 12:24:00,-0.3600084645167385
2018-09-23 12:27:00,-0.616780780937404
2018-09-23 12:30:00,-0.4827453641137822
2018-09-23 12:33:00,-0.46764545049620665
2018-09-23 12:36:00,-0.5554565959999991
2018-09-23 12:39:00,-0.4624782087423114
2018-09-23 12:42:00,-0.42042918730049905
2018-09-23 12:45:00,-0.5659835429248119
2018-09-23 12:48:00,-0.4731681619088022
2018-09-23 12:51:00,-0.4339420219038743
2018-09-23 12:54:00,-0.5132450605927943
2018-09-23 12:57:00,-0.6195893035215363
2018-09-23 13:00:00,-0.5213946634288504
2018-09-23 13:03:00,-0.5612781521657553
2018-09-23 13:06:00,-0.5585196361095086
2018-09-23 13:09:00,-0.6316120905839853
2018-09-23 13:12:00,-0.5893448478011578
2018-09-23 13:15:00,-0.6045796562271448
2018-09-23 13:18:00,-0.5988413473639298
2018-09-23 13:21:00,-0.581293795165891
2018-09-23 13:24:00,-0.5177253988283042
2018-09-23 13:27:00,-0.5701102083864384
2018-09-23 13:30:00,-0.5583380149446953
2018-09-23 13:33:00,-0.6100952500834183
2018-09-23 13:36:00,-0.6287017716367131
2018-09-23 13:39:00,-0.6684495648889879
2018-09-23 13:42:00,-0.48240325439451226
2018-09-23 13:45:00,-0.43597600790468505
2018-09-23 13:48:00,-0.5597732020019066
2018-09-23 13:51:00,-0.43793869116791484
2018-09-23 13:54:00,-0.4069513987962523
2018-09-23 13:57:00,-0.46167496970139155
2018-09-23 14:00:00,-0.5166564216322058
2018-09-23 14:03:00,-0.5815470041690105
2018-09-23 14:06:00,-0.5430055937529801
2018-09-23 14:09:00,-0.6852827104388552
2018-09-23 14:12:00,-0.6297109438970097
2018-09-23 14:15:00,-0.670123183681369
2018-09-23 14:18:00,-0.5779698857479616
2018-09-23 14:21:00,-0.6401893259190388
2018-09-23 14:24:00,-0.6070308671060047
2018-09-23 14:27:00,-0.5290248726000755
2018-09-23 14:30:00,-0.5422960942055965
2018-09-23 14:33:00,-0.4086974597648805
2018-09-23 14:36:00,-0.33411888741011353
2018-09-23 14:39:00,-0.5534227401948897
2018-09-23 14:42:00,-0.4989577748231113
2018-09-23 14:45:00,-0.6175924892997386
2018-09-23 14:48:00,-0.5248466209143317
2018-09-23 14:51:00,-0.5306353921711207
2018-09-23 14:54:00,-0.56763134167403
2018-09-23 14:57:00,-0.5035375804491196
2018-09-23 15:00:00,-0.43989459994384106
2018-09-23 15:03:00,-0.5764714908887072
2018-09-23 15:06:00,-0.6314684030464264
2018-09-23 15:09:00,-0.6077344032295287
2018-09-23 15:12:00,-0.5380267642816534
2018-09-23 15:15:00,-0.5597570658163136
2018-09-23 15:18:00,-0.5957457490854381
2018-09-23 15:21:00,-0.5545119640381699
2018-09-23 15:24:00,-0.6622361086608066
2018-09-23 15:27:00,-0.4221645740228155
2018-09-23 15:30:00,-0.5880230324088416
2018-09-23 15:33:00,-0.5980579757635951
2018-09-23 15:36:00,-0.6170658472835839
2018-09-23 15:39:00,-0.5387398364126739
2018-09-23 15:42:00,-0.5235210704748283
2018-09-23 15:45:00,-0.5647946308636733
2018-09-23 15:48:00,-0.4865483733927931
2018-09-23 15:51:00,-0.5720343681896338
2018-09-23 15:54:00,-0.5094311206204338
2018-09-23 15:57:00,-0.45217455004171825
2018-09-23 16:00:00,-0.53601674885698
2018-09-23 16:03:00,-0.45064042449155295
2018-09-23 16:06:00,-0.53661369161415
2018-09-23 16:09:00,-0.6620731753557152
2018-09-23 16:12:00,-0.5980108320695194
2018-09-23 16:15:00,-0.5759929507152606
2018-09-23 16:18:00,-0.5487908093118108
2018-09-23 16:21:00,-0.5501870105140938
2018-09-23 16:24:00,-0.46195361892756637
2018-09-23 16:27:00,-0.564141655425658
2018-09-23 16:30:00,-0.49761713548787156
2018-09-23 16:33:00,-0.6244389650740345
2018-09-23 16:36:00,-0.5619666256566802
2018-09-23 16:39:00,-0.5367116700908809
2018-09-23 16:42:00,-0.40526557689713627
2018-09-23 16:45:00,-0.45918874035135104
2018-09-23 16:48:00,-0.4711231571932899
2018-09-23 16:51:00,-0.47749334037945346
2018-09-23 16:54:00,-0.5002928660515522
2018-09-23 16:57:00,-0.5105119060097536
2018-09-23 17:00:00,-0.4676018192120637
2018-09-23 17:03:00,-0.44325002044166695
2018-09-23 17:06:00,-0.4457293806797793
2018-09-23 17:09:00,-0.36654724184825227
2018-09-23 17:12:00,-0.4295966735746788
2018-09-23 17:15:00,-0.4612601113689152
2018-09-23 17:18:00,-0.4010572926218856
2018-09-23 17:21:00,-0.4331459904183248
2018-09-23 17:24:00,-0.4407779269450316
2018-09-23 17:27:00,-0.4341271769298487
2018-09-23 17:30:00,-0.38662576310969143
2018-09-23 17:33:00,-0.5140141421549629
2018-09-23 17:36:00,-0.3945219763779164
2018-09-23 17:39:00,-0.35035127389278387
2018-09-23 17:42:00,-0.47559399347409226
2018-09-23 17:45:00,-0.4109874446303934
2018-09-23 17:48:00,-0.4582384376530513
2018-09-23 17:51:00,-0.42938950241119755
2018-09-23 17:54:00,-0.4262505854463825
2018-09-23 17:57:00,-0.3206777540214034
2018-09-23 18:00:00,-0.35483253212157706
2018-09-23 18:03:00,-0.32240853603815367
2018-09-23 18:06:00,-0.319502788848979
2018-09-23 18:09:00,-0.2785062856329432
2018-09-23 18:12:00,-0.3128801589711543
2018-09-23 18:15:00,-0.2387745121306466
2018-09-23 18:18:00,-0.35066438131804034
2018-09-23 18:21:00,-0.3692893251397322
2018-09-23 18:24:00,-0.31692089237810706
2018-09-23 18:27:00,-0.31862983296997527
2018-09-23 18:30:00,-0.2638893890147642
2018-09-23 18:33:00,-0.2356556026350063
2018-09-23 18:36:00,-0.34013568402014016
2018-09-23 18:39:00,-0.2444149874291952
2018-09-23 18:42:00,-0.26998430361788905
2018-09-23 18:45:00,-0.24699788027629666
2018-09-23 18:48:00,-0.24294451583182308
2018-09-23 18:51:00,-0.282615505901731
2018-09-23 18:54:00,
2018-09-23 18:57:00,
2018-09-23 19:00:00,
2018-09-23 19:03:00,-0.23732540277563885
2018-09-23 19:06:00,-0.2919711602855841
2018-09-23 19:09:00,-0.25326778353894497
2018-09-23 19:12:00,-0.24265462381282532
2018-09-23 19:15:00,-0.13624037549811874
2018-09-23 19:18:00,-0.22074024388717817
2018-09-23 19:21:00,-0.24422046057401303
2018-09-23 19:24:00,-0.29486879600733573
2018-09-23 19:27:00,-0.1735979464364732
2018-09-23 19:30:00,-0.23616420085841128
2018-09-23 19:33:00,-0.2664765941827909
2018-09-23 19:36:00,-0.24423192811826766
2018-09-23 19:39:00,-0.1858687498432232
2018-09-23 19:42:00,-0.23751972382365238
2018-09-23 19:45:00,-0.1300052838641932
2018-09-23 19:48:00,-0.12697663161225137
2018-09-23 19:51:00,-0.1781358890257252
2018-09-23 19:54:00,-0.18148868309447153
2018-09-23 19:57:00,-0.11862092385399592
2018-09-23 20:00:00,-0.1607655837081552
2018-09-23 20:03:00,-0.11208598762794963
2018-09-23 20:06:00,-0.15936874099071474
2018-09-23 20:09:00,-0.1943705193640426
2018-09-23 20:12:00,-0.10159684721014628
2018-09-23 20:15:00,-0.06924627645116743
2018-09-23 20:18:00,-0.07597632519133413
2018-09-23 20:21:00,-0.11794884775673609
2018-09-23 20:24:00,-0.06008852791205754
2018-09-23 20:27:00,-0.13055144432962607
2018-09-23 20:30:00,-0.04470754741350902
2018-09-23 20:33:00,-0.09828409349336198
2018-09-23 20:36:00,-0.06947898170415101
2018-09-23 20:39:00,0.05752575202330945
2018-09-23 20:42:00,0.030129170451459686
2018-09-23 20:45:00,-0.14861891741549016
2018-09-23 20:48:00,-0.007280080935970545
2018-09-23 20:51:00,-0.0597574646733392
2018-09-23 20:54:00,-0.05974670582247654
2018-09-23 20:57:00,-0.08082780824821612
2018-09-23 21:00:00,-0.15163382578043638
2018-09-23 21:03:00,-0.06300727693468389
2018-09-23 21:06:00,-0.15533494507525347
2018-09-23 21:09:00,-0.005876787399472505
2018-09-23 21:12:00,-0.13688930336780913
2018-09-23 21:15:00,-0.12759444177817159
2018-09-23 21:18:00,-0.0357237031648765
2018-09-23 21:21:00,-0.10182595075451673
2018-09-23 21:24:00,-0.12010502848232818
2018-09-23 21:27:00,-0.1090631211956179
2018-09-23 21:30:00,-0.04386562901669322
2018-09-23 21:33:00,-0.11400678235725081
2018-09-23 21:36:00,-0.017678068867780894
2018-09-23 21:39:00,-0.03669397708137012
2018-09-23 21:42:00,-0.019768881461232013
2018-09-23 21:45:00,-0.05584618325815427
2018-09-23 21:48:00,0.012814652453528197
2018-09-23 21:51:00,-0.0059961681000118006
2018-09-23 21:54:00,-0.058523061007463184
2018-09-23 21:57:00,0.09156596109068005
2018-09-23 22:00:00,-0.15555637281829604
2018-09-23 22:03:00,0.04720363366999436
2018-09-23 22:06:00,-0.009320185448302709
2018-09-23 22:09:00,0.051909856270128785
2018-09-23 22:12:00,0.0068953551219124165
2018-09-23 22:15:00,0.03915603010483437
2018-09-23 22:18:00,0.016168739312661273
2018-09-23 22:21:00,-0.023406390717752856
2018-09-23 22:24:00,-0.058005608147141174
2018-09-23 22:27:00,-0.09740556494671182
2018-09-23 22:30:00,0.047495796102793975
2018-09-23 22:33:00,-0.018464647177324878
2018-09-23 22:36:00,0.036278617188372664
2018-09-23 22:39:00,0.047220120554925415
2018-09-23 22:42:00,0.10245147151886158
2018-09-23 22:45:00,-0.08597853965687818
2018-09-23 22:48:00,0.05111379526977089
2018-09-23 22:51:00,-0.015695572976198946
2018-09-23 22:54:00,0.036326784828474956
2018-09-23 22:57:00,-0.1116301741409984
2018-09-23 23:00:00,-0.050238265023210715
2018-09-23 23:03:00,-0.06788817788361712
2018-09-23 23:06:00,-0.10035731275490889
2018-09-23 23:09:00,-0.06892993578964024
2018-09-23 23:12:00,-0.0786555471262318
2018-09-23 23:15:00,-0.11679737984144367
2018-09-23 23:18:00,0.08145529992856382
2018-09-23 23:21:00,-0.02133040174129519
2018-09-23 23:24:00,-0.03194368969542438
2018-09-23 23:27:00,-0.005303591012989273
2018-09-23 23:30:00,-0.13597355941993783
2018-09-23 23:33:00,-0.024300836258191794
2018-09-23 23:36:00,0.023186110251288028
2018-09-23 23:39:00,-0.06775967560940899
2018-09-23 23:42:00,0.07086111007055251
2018-09-23 23:45:00,0.06597120535440126
2018-09-23 23:48:00,0.025900677535446448
2018-09-23 23:51:00,0.024158310632003577
2018-09-23 23:54:00,0.001633580867519413
2018-09-23 23:57:00,-0.12621341794135787
2018-09-24 00:00:00,-0.01995304878010984
2018-09-24 00:03:00,-0.012579645022583463
2018-09-24 00:06:00,0.043331541211500735
2018-09-24 00:09:00,0.0178799450883389
2018-09-24 00:12:00,-0.019805861926840862
2018-09-24 00:15:00,0.014820793759042772
2018-09-24 00:18:00,-0.02631680102615519
2018-09-24 00:21:00,-0.005866855681802008
2018-09-24 00:24:00,-0.038406274819976716
2018-09-24 00:27:00,-0.01257172370810622
2018-09-24 00:30:00,0.008938774987655052
2018-09-24 00:33:00,-0.02490475621459609
2018-09-24 00:36:00,-0.00180719660363593
2018-09-24 00:39:00,-0.0789267713623758
2018-09-24 00:42:00,-0.025741810884710503
2018-09-24 00:45:00,-0.07004655666503368
2018-09-24 00:48:00,-0.07514045869999109
2018-09-24 00:51:00,0.01661585685525324
2018-09-24 00:54:00,-0.04498182789245675
2018-09-24 00:57:00,-0.02891307078760974
2018-09-24 01:00:00,0.030444921103480738
2018-09-24 01:03:00,0.03310777086471717
2018-09-24 01:06:00,0.043864480206593726
2018-09-24 01:09:00,0.040610847984225984
2018-09-24 01:12:00,0.013766477278920775
2018-09-24 01:15:00,0.09172177252787606
2018-09-24 01:18:00,-0.021906536765584406
2018-09-24 01:21:00,0.005382956598452893
2018-09-24 01:24:00,-0.025714294108865943
2018-09-24 01:27:00,0.04543479502876835
2018-09-24 01:30:00,-0.021414239822775016
2018-09-24 01:33:00,0.036190286759961054
2018-09-24 01:36:00,0.061061545635709535
2018-09-24 01:39:00,-0.006312938674227553
2018-09-24 01:42:00,-0.021208637082338555
2018-09-24 01:45:00,0.05273751745818345
2018-09-24 01:48:00,0.09558201933197097
2018-09-24 01:51:00,0.07626583213590266
2018-09-24 01:54:00,-0.01954600227992387
2018-09-24 01:57:00,0.04209532623127643
2018-09-24 02:00:00,-0.006648972001414677
2018-09-24 02:03:00,0.02444972926440414
2018-09-24 02:06:00,0.05122088606566422
2018-09-24 02:09:00,0.05594145730015043
2018-09-24 02:12:00,0.07364148486931299
2018-09-24 02:15:00,0.10788433125088659
2018-09-24 02:18:00,0.07953377503775982
2018-09-24 02:21:00,0.09175754612130049
2018-09-24 02:24:00,0.05376832492277117
2018-09-24 02:27:00,0.20811674675525182
2018-09-24 02:30:00,0.073004118892527
2018-09-24 02:33:00,0.11262589012744684
2018-09-24 02:36:00,0.07066253051704052
2018-09-24 02:39:00,0.099706660627362
2018-09-24 02:42:00,0.10024723097160404
2018-09-24 02:45:00,0.04823082639813947
2018-09-24 02:48:00,0.13946098587962297
2018-09-24 02:51:00,0.17503792096636062
2018-09-24 02:54:00,0.18476007365183023
2018-09-24 02:57:00,0.10732508551319597
2018-09-24 03:00:00,0.08585362104435035
2018-09-24 03:03:00,0.09083985087283963
2018-09-24 03:06:00,0.14889259588625237
2018-09-24 03:09:00,0.09302292641876875
2018-09-24 03:12:00,0.2088160895192459
2018-09-24 03:15:00,0.1617543243779096
2018-09-24 03:18:00,0.18095788717187133
2018-09-24 03:21:00,0.16356959215522693
2018-09-24 03:24:00,0.21426222827170704
2018-09-24 03:27:00,0.0695410956046203
2018-09-24 03:30:00,0.17292687448434663
2018-09-24 03:33:00,0.09744050134037252
2018-09-24 03:36:00,0.07260849993087959
2018-09-24 03:39:00,0.05494876449125741
2018-09-24 03:42:00,0.14250906668462449
2018-09-24 03:45:00,0.1619149638268027
2018-09-24 03:48:00,0.2417925531195806
2018-09-24 03:51:00,0.04264022901395492
2018-09-24 03:54:00,0.11327569621363409
2018-09-24 03:57:00,0.19203864560449802
2018-09-24 04:00:00,0.1438799618883877
2018-09-24 04:03:00,0.1569991581454815
2018-09-24 04:06:00,0.10015200535906388
2018-09-24 04:09:00,0.25081405176700855
2018-09-24 04:12:00,0.1008146179779601
2018-09-24 04:15:00,0.1868855910096272
2018-09-24 04:18:00,0.1869595971529634
2018-09-24 04:21:00,0.1632137292264133
2018-09-24 04:24:00,0.17951684110448696
2018-09-24 04:27:00,0.22416618233097552
2018-09-24 04:30:00,0.21356452178281415
2018-09-24 04:33:00,0.22266434443486105
2018-09-24 04:36:00,0.16811669919411543
2018-09-24 04:39:00,0.17849508135509495
2018-09-24 04:42:00,0.2810857290324975
2018-09-24 04:45:00,0.22424124631845643
2018-09-24 04:48:00,0.2640462167591977
2018-09-24 04:51:00,0.23830878219848728
2018-09-24 04:54:00,0.1856913962502631
2018-09-24 04:57:00,0.23120936919178803
2018-09-24 05:00:00,0.2731613869170815
2018-09-24 05:03:00,0.22190105851581166
2018-09-24 05:06:00,0.15308329957878186
2018-09-24 05:09:00,0.18118011294342296
2018-09-24 05:12:00,0.2563093104967038
2018-09-24 05:15:00,0.15608717676542483
2018-09-24 05:18:00,0.23656639740073615
2018-09-24 05:21:00,0.20361489513925335
2018-09-24 05:24:00,0.20136754677190538
2018-09-24 05:27:00,0.1417210158321609
2018-09-24 05:30:00,0.13783782705172598
2018-09-24 05:33:00,0.19539199120305284
2018-09-24 05:36:00,0.21506477516936684
2018-09-24 05:39:00,0.2662859677988081
2018-09-24 05:42:00,0.2202857236244995
2018-09-24 05:45:00,0.2813523268988547
2018-09-24 05:48:00,0.2667941512188463
2018-09-24 05:51:00,0.22824938014736063
2018-09-24 05:54:00,0.2138691312213723
2018-09-24 05:57:00,0.22618093301804265
2018-09-24 06:00:00,0.29160444932489327
2018-09-24 06:03:00,0.17791210605145125
2018-09-24 06:06:00,0.24158692972940798
2018-09-24 06:09:00,0.17604985069783652
2018-09-24 06:12:00,0.1970659868335929
2018-09-24 06:15:00,0.1193441076104591
2018-09-24 06:18:00,0.09631645138603062
2018-09-24 06:21:00,0.12871732316460793
2018-09-24 06:24:00,0.20766086384111304
2018-09-24 06:27:00,0.14184731930680528
2018-09-24 06:30:00,0.09686041888346608
2018-09-24 06:33:00,0.07299507490142787
2018-09-24 06:36:00,0.1212616352397049
2018-09-24 06:39:00,0.15070043110466713
2018-09-24 06:42:00,0.162702954635904
2018-09-24 06:45:00,0.0969433873564185
2018-09-24 06:48:00,0.15027968397004088
2018-09-24 06:51:00,0.13297622774126694
2018-09-24 06:54:00,0.17921610675011834
2018-09-24 06:57:00,0.09755777040282965
2018-09-24 07:00:00,0.1903218380416547
2018-09-24 07:03:00,0.11526058665083383
2018-09-24 07:06:00,0.08063285735119052
2018-09-24 07:09:00,0.1164461424901333
2018-09-24 07:12:00,0.1976748422283663
2018-09-24 07:15:00,0.2641495532222393
2018-09-24 07:18:00,0.12703532644462712
2018-09-24 07:21:00,0.1739025125334024
2018-09-24 07:24:00,0.16428376947226297
2018-09-24 07:27:00,0.18691170860938655
2018-09-24 07:30:00,0.1527220806364653
2018-09-24 07:33:00,0.12214965922106558
2018-09-24 07:36:00,0.15737665937683687
2018-09-24 07:39:00,0.17520266917676963
2018-09-24 07:42:00,0.17568617180745605
2018-09-24 07:45:00,0.13448798584568067
2018-09-24 07:48:00,0.18247907406293962
2018-09-24 07:51:00,0.209235027651971
2018-09-24 07:54:00,0.1298331498098264
2018-09-24 07:57:00,0.09745608094755198
2018-09-24 08:00:00,0.20637718958050755
2018-09-24 08:03:00,0.09514757184348355
2018-09-24 08:06:00,0.16506714216569662
2018-09-24 08:09:00,0.18050707674194655
2018-09-24 08:12:00,0.11844554682517128
2018-09-24 08:15:00,0.15850113700730617
2018-09-24 08:18:00,0.15578267080024943
2018-09-24 08:21:00,0.09481218009619852
2018-09-24 08:24:00,0.04935217797179803
2018-09-24 08:27:00,0.08777920088954261
2018-09-24 08:30:00,0.11232350585180484
2018-09-24 08:33:00,0.17737974632592568
2018-09-24 08:36:00,0.059190469337295326
2018-09-24 08:39:00,0.1224740961577595
2018-09-24 08:42:00,0.08412807029088754
2018-09-24 08:45:00,0.11071994770378524
2018-09-24 08:48:00,0.0015392103198337281
2018-09-24 08:51:00,-0.058410679705048096
2018-09-24 08:54:00,0.05344495937828242
2018-09-24 08:57:00,0.1345958481310845
2018-09-24 09:00:00,0.026663867653439866
2018-09-24 09:03:00,0.06605681617133996
2018-09-24 09:06:00,0.028715144076784327
2018-09-24 09:09:00,-0.05939268213080595
2018-09-24 09:12:00,0.09816516343767034
2018-09-24 09:15:00,0.06778846470660937
2018-09-24 09:18:00,0.010167311033285387
2018-09-24 09:21:00,0.1789683818277581
2018-09-24 09:24:00,0.026401818321744486
2018-09-24 09:27:00,0.0921256188715347
2018-09-24 09:30:00,0.04711542880266961
2018-09-24 09:33:00,0.037886219808569876
2018-09-24 09:36:00,0.07740613675531449
2018-09-24 09:39:00,-0.03443491980215185
2018-09-24 09:42:00,0.0032041709409895702
2018-09-24 09:45:00,0.03421790830645932
2018-09-24 09:48:00,-0.02831056677740662
2018-09-24 09:51:00,-0.041913108704420665
2018-09-24 09:54:00,0.03822501219997321
2018-09-24 09:57:00,-0.1943679168074368
2018-09-24 10:00:00,-0.09968445478170906
2018-09-24 10:03:00,-0.0380402146751635
2018-09-24 10:06:00,-0.06098586404925754
2018-09-24 10:09:00,-0.09971850929076709
2018-09-24 10:12:00,-0.039887334383649886
2018-09-24 10:15:00,-0.13925220809323946
2018-09-24 10:18:00,-0.06433023809586302
2018-09-24 10:21:00,-0.09512049650834342
2018-09-24 10:24:00,-0.17922732034134015
2018-09-24 10:27:00,-0.11641055685817037
2018-09-24 10:30:00,-0.26482296102159353
2018-09-24 10:33:00,-0.1335172645564171
2018-09-24 10:36:00,-0.10484947832583202
2018-09-24 10:39:00,-0.18812719044882442
2018-09-24 10:42:00,-0.10889651788249921
2018-09-24 10:45:00,-0.18666070049380323
2018-09-24 10:48:00,-0.27817892409012757
2018-09-24 10:51:00,-0.2087735971350071
2018-09-24 10:54:00,-0.21381096077925577
2018-09-24 10:57:00,-0.21541809646822685
2018-09-24 11:00:00,-0.2880868701405461
2018-09-24 11:03:00,-0.2174336106672854
2018-09-24 11:06:00,-0.2121404988854465
2018-09-24 11:09:00,-0.23363790307837462
2018-09-24 11:12:00,-0.28422647811606794
2018-09-24 11:15:00,-0.31510495444359776
2018-09-24 11:18:00,-0.290005057469898
2018-09-24 11:21:00,-0.1926081090712728
2018-09-24 11:24:00,-0.3227537535487386
2018-09-24 11:27:00,-0.33234352341912654
2018-09-24 11:30:00,-0.23530458135405752
2018-09-24 11:33:00,-0.23843515460356457
2018-09-24 11:36:00,-0.20676648828873567
2018-09-24 11:39:00,-0.2885789649756134
2018-09-24 11:42:00,-0.29301300391784935
2018-09-24 11:45:00,-0.31207081122471436
2018-09-24 11:48:00,-0.29488109194426215
2018-09-24 11:51:00,-0.30334315009559987
2018-09-24 11:54:00,-0.44982075054161896
2018-09-24 11:57:00,-0.3411195917253167
2018-09-24 12:00:00,-0.3693391646530131
2018-09-24 12:03:00,-0.36466458963974446
2018-09-24 12:06:00,-0.3457153104994859
2018-09-24 12:09:00,-0.30676410742023563
2018-09-24 12:12:00,-0.32410576489735377
2018-09-24 12:15:00,-0.3305046794473583
2018-09-24 12:18:00,-0.2969073122458781
2018-09-24 12:21:00,-0.23122290476607077
2018-09-24 12:24:00,-0.2116352857423749
2018-09-24 12:27:00,-0.2505400699425877
2018-09-24 12:30:00,-0.32950020510332934
2018-09-24 12:33:00,-0.3224692235615976
2018-09-24 12:36:00,-0.40816632117611107
2018-09-24 12:39:00,-0.33845491441758213
2018-09-24 12:42:00,-0.3951476379215819
2018-09-24 12:45:00,-0.43629456848407244
2018-09-24 12:48:00,-0.36805881053322764
2018-09-24 12:51:00,-0.5595913396784908
2018-09-24 12:54:00,-0.4614444967298823
2018-09-24 12:57:00,-0.4756959242142784
2018-09-24 13:00:00,-0.3521247092901376
2018-09-24 13:03:00,-0.2379661960473527
2018-09-24 13:06:00,-0.15119687513561075
2018-09-24 13:09:00,-0.25559941869647673
2018-09-24 13:12:00,-0.3715662931731458
2018-09-24 13:15:00,-0.39762200117365865
2018-09-24 13:18:00,-0.38836229721601967
2018-09-24 13:21:00,-0.3164468459511909
2018-09-24 13:24:00,-0.24677511139861963
2018-09-24 13:27:00,-0.3312321740240236
2018-09-24 13:30:00,-0.20854897679816986
2018-09-24 13:33:00,-0.28623788706784126
2018-09-24 13:36:00,-0.22357647560573923
2018-09-24 13:39:00,-0.21274343286160047
2018-09-24 13:42:00,-0.21938918572112698
2018-09-24 13:45:00,-0.16380987430358118
2018-09-24 13:48:00,-0.2746697867583521
2018-09-24 13:51:00,-0.2657944728570101
2018-09-24 13:54:00,-0.15453779308302273
2018-09-24 13:57:00,-0.24964105050560192
2018-09-24 14:00:00,-0.22719412111450765
2018-09-24 14:03:00,-0.3351282102432833
2018-09-24 14:06:00,-0.40245016639522646
2018-09-24 14:09:00,-0.5155424262971451
2018-09-24 14:12:00,-0.4189566173751018
2018-09-24 14:15:00,-0.4688373466102007
2018-09-24 14:18:00,-0.530180423234242
2018-09-24 14:21:00,-0.5088526362479797
2018-09-24 14:24:00,-0.49900076915855607
2018-09-24 14:27:00,-0.4673965613376936
2018-09-24 14:30:00,-0.5438442430126429
2018-09-24 14:33:00,-0.47345499619609654
2018-09-24 14:36:00,-0.5258698704644758
2018-09-24 14:39:00,-0.5265129724719486
2018-09-24 14:42:00,-0.616441891513773
2018-09-24 14:45:00,-0.4724092777702822
2018-09-24 14:48:00,-0.5502970590694645
2018-09-24 14:51:00,-0.5986286254895958
2018-09-24 14:54:00,-0.5917950002188377
2018-09-24 14:57:00,-0.5261723412249921
2018-09-24 15:00:00,-0.426857522571197
2018-09-24 15:03:00,-0.5832503417676094
2018-09-24 15:06:00,-0.5079227908602206
2018-09-24 15:09:00,-0.5317470311370016
2018-09-24 15:12:00,-0.5291153694224704
2018-09-24 15:15:00,-0.528675337101788
2018-09-24 15:18:00,-0.48874288176557457
2018-09-24 15:21:00,-0.5141654831930964
2018-09-24 15:24:00,-0.5999287076374458
2018-09-24 15:27:00,-0.46629744009538854
2018-09-24 15:30:00,-0.5100575341098192
2018-09-24 15:33:00,-0.5615794795771194
2018-09-24 15:36:00,-0.5897863001757742
2018-09-24 15:39:00,-0.49983474696654184
2018-09-24 15:42:00,-0.5282059934436347
2018-09-24 15:45:00,-0.7165764697447798
2018-09-24 15:48:00,-0.6306636672723585
2018-09-24 15:51:00,-0.6503541316430983
2018-09-24 15:54:00,-0.5774762900756514
2018-09-24 15:57:00,-0.6157803571484806
2018-09-24 16:00:00,-0.6184998973430424
2018-09-24 16:03:00,-0.5892553211883182
2018-09-24 16:06:00,-0.5395016883331891
2018-09-24 16:09:00,-0.45638129406592043
2018-09-24 16:12:00,-0.6200153475890602
2018-09-24 16:15:00,-0.5566221031847931
2018-09-24 16:18:00,-0.45983168122199913
2018-09-24 16:21:00,-0.5595646609856431
2018-09-24 16:24:00,-0.5079391425579161
2018-09-24 16:27:00,-0.49935019981654705
2018-09-24 16:30:00,-0.4627730419375098
2018-09-24 16:33:00,-0.5751038666047066
2018-09-24 16:36:00,-0.5210257936549283
2018-09-24 16:39:00,-0.5588202138084739
2018-09-24 16:42:00,-0.5052994507293533
2018-09-24 16:45:00,-0.3777402880318732
2018-09-24 16:48:00,-0.5009454503905886
2018-09-24 16:51:00,-0.515482799055178
2018-09-24 16:54:00,-0.5207875933613195
2018-09-24 16:57:00,-0.4527633616011144
2018-09-24 17:00:00,-0.525063145951151
2018-09-24 17:03:00,-0.5490444050341807
2018-09-24 17:06:00,-0.48703048186553133
2018-09-24 17:09:00,-0.47412133213066454
2018-09-24 17:12:00,-0.39775311890923604
2018-09-24 17:15:00,-0.43813055779980914
2018-09-24 17:18:00,-0.4361249082405152
2018-09-24 17:21:00,-0.4561744249933781
2018-09-24 17:24:00,-0.4861013195700252
2018-09-24 17:27:00,-0.4932840888211558
2018-09-24 17:30:00,-0.3950416336250555
2018-09-24 17:33:00,-0.4720395467386993
2018-09-24 17:36:00,-0.48991631824975457
2018-09-24 17:39:00,-0.34240870669168544
2018-09-24 17:42:00,-0.37918297680533897
2018-09-24 17:45:00,-0.4564253352797891
2018-09-24 17:48:00,-0.3500594059225932
2018-09-24 17:51:00,-0.3967353051954774
2018-09-24 17:54:00,-0.4444644141069034
2018-09-24 17:57:00,-0.4256174386334237
2018-09-24 18:00:00,-0.4028395803181297
2018-09-24 18:03:00,-0.3883367908800892
2018-09-24 18:06:00,-0.35232848308692155
2018-09-24 18:09:00,-0.35200706159918127
2018-09-24 18:12:00,-0.23353899712930115
2018-09-24 18:15:00,-0.40041069824076203
2018-09-24 18:18:00,-0.3694554868659452
2018-09-24 18:21:00,-0.38726154754760955
2018-09-24 18:24:00,-0.3494564347074629
2018-09-24 18:27:00,-0.3745749303568573
2018-09-24 18:30:00,-0.26209929896452877
2018-09-24 18:33:00,-0.35225921233291047
2018-09-24 18:36:00,-0.3749053683926604
2018-09-24 18:39:00,-0.2627176402139071
2018-09-24 18:42:00,-0.34309723990298835
2018-09-24 18:45:00,-0.40555444059106094
2018-09-24 18:48:00,-0.4681617089590304
2018-09-24 18:51:00,-0.34008139817740357
2018-09-24 18:54:00,
2018-09-24 18:57:00,
2018-09-24 19:00:00,
2018-09-24 19:03:00,-0.34090237143112745
2018-09-24 19:06:00,-0.4122541985220778
2018-09-24 19:09:00,-0.3727310959905594
2018-09-24 19:12:00,-0.3468662942277092
2018-09-24 19:15:00,-0.2276771197356311
2018-09-24 19:18:00,-0.2874350082553292
2018-09-24 19:21:00,-0.22244751373074223
2018-09-24 19:24:00,-0.323200429042231
2018-09-24 19:27:00,-0.16770341855999504
2018-09-24 19:30:00,-0.25054909085235977
2018-09-24 19:33:00,-0.1919028059617176
2018-09-24 19:36:00,-0.19187293299171415
2018-09-24 19:39:00,-0.2012179708470967
2018-09-24 19:42:00,-0.1057638577661919
2018-09-24 19:45:00,-0.18677393845075585
2018-09-24 19:48:00,-0.22599699915343763
2018-09-24 19:51:00,-0.12766429889524034
2018-09-24 19:54:00,-0.28421295716350414
2018-09-24 19:57:00,-0.21517885910122914
2018-09-24 20:00:00,-0.19759162202541347
2018-09-24 20:03:00,-0.04514053283202202
2018-09-24 20:06:00,-0.08778366083970468
2018-09-24 20:09:00,-0.08657242791781528
2018-09-24 20:12:00,-0.14311738531847595
2018-09-24 20:15:00,-0.09505812243099854
2018-09-24 20:18:00,-0.1703111217868809
2018-09-24 20:21:00,-0.08885490937677787
2018-09-24 20:24:00,-0.13717204192283816
2018-09-24 20:27:00,0.034595967867858235
2018-09-24 20:30:00,-0.0486600005021387
2018-09-24 20:33:00,-0.07928734236736545
2018-09-24 20:36:00,-0.04770838568714453
2018-09-24 20:39:00,-0.04479851070101404
2018-09-24 20:42:00,0.03979182886791932
2018-09-24 20:45:00,-0.0072631500541433525
2018-09-24 20:48:00,0.00911560130896305
2018-09-24 20:51:00,-0.001823830157491102
2018-09-24 20:54:00,0.05468949669909762
2018-09-24 20:57:00,0.03566124366199119
2018-09-24 21:00:00,0.040972411161249056
2018-09-24 21:03:00,-0.03932683520685032
2018-09-24 21:06:00,0.02794189884792786
2018-09-24 21:09:00,0.1163234583921735
2018-09-24 21:12:00,0.025987632890860368
2018-09-24 21:15:00,0.16639030231073093
2018-09-24 21:18:00,0.09702691142166486
2018-09-24 21:21:00,0.07280565992948596
2018-09-24 21:24:00,0.1432136690575021
2018-09-24 21:27:00,0.20389409665273206
2018-09-24 21:30:00,0.14731084129766714
2018-09-24 21:33:00,0.1575985267222677
2018-09-24 21:36:00,0.17648399896722822
2018-09-24 21:39:00,0.13708782392467356
2018-09-24 21:42:00,0.2180705937224161
2018-09-24 21:45:00,0.1182592595826577
2018-09-24 21:48:00,0.04278524684985996
2018-09-24 21:51:00,0.08470887501920288
2018-09-24 21:54:00,0.08325858739578962
2018-09-24 21:57:00,0.17230409739624974
2018-09-24 22:00:00,0.04949249538611866
2018-09-24 22:03:00,0.07904584627391387
2018-09-24 22:06:00,0.1646324838613964
2018-09-24 22:09:00,0.20677410006283026
2018-09-24 22:12:00,0.07562071946790638
2018-09-24 22:15:00,0.18419705013280918
2018-09-24 22:18:00,0.06312360379638449
2018-09-24 22:21:00,0.09464862543137542
2018-09-24 22:24:00,0.05890487091500063
2018-09-24 22:27:00,0.18595681424653776
2018-09-24 22:30:00,0.08415362053204944
2018-09-24 22:33:00,0.14539611482592818
2018-09-24 22:36:00,0.046522546995618086
2018-09-24 22:39:00,0.1180227240178624
2018-09-24 22:42:00,0.2127231851796978
2018-09-24 22:45:00,0.09746205580472633
2018-09-24 22:48:00,0.1259180170264358
2018-09-24 22:51:00,0.18566525326218652
2018-09-24 22:54:00,0.009291424869957154
2018-09-24 22:57:00,0.016821545003153915
2018-09-24 23:00:00,0.1978925897442423
2018-09-24 23:03:00,0.18423226148956928
2018-09-24 23:06:00,0.10851711750922277
2018-09-24 23:09:00,0.1355533449695372
2018-09-24 23:12:00,0.09813418022076803
2018-09-24 23:15:00,0.17379546883057628
2018-09-24 23:18:00,0.1235450127832678
2018-09-24 23:21:00,0.08478247229072622
2018-09-24 23:24:00,0.1083461262074934
2018-09-24 23:27:00,0.27877106953661723
2018-09-24 23:30:00,0.17986253049406287
2018-09-24 23:33:00,0.17776300219378527
2018-09-24 23:36:00,0.13260811461549338
2018-09-24 23:39:00,0.21724941419188326
2018-09-24 23:42:00,0.19357923535795862
2018-09-24 23:45:00,0.18521913255870004
2018-09-24 23:48:00,0.14139912176977987
2018-09-24 23:51:00,0.14172143164216777
2018-09-24 23:54:00,0.17146843526921884
2018-09-24 23:57:00,0.1511466141650999
2018-09-25 00:00:00,0.11515573876039298
2018-09-25 00:03:00,0.05968769219242631
2018-09-25 00:06:00,0.12639448998493208
2018-09-25 00:09:00,0.14421184422639044
2018-09-25 00:12:00,0.14754591946643814
2018-09-25 00:15:00,0.1700243030687716
2018-09-25 00:18:00,0.22109087676642503
2018-09-25 00:21:00,0.19748897098173757
2018-09-25 00:24:00,0.27190677534002816
2018-09-25 00:27:00,0.1995981614531388
2018-09-25 00:30:00,0.18219340578616539
2018-09-25 00:33:00,0.15321865216031938
2018-09-25 00:36:00,0.17888805250248652
2018-09-25 00:39:00,0.2711894473761163
2018-09-25 00:42:00,0.16193103976570455
2018-09-25 00:45:00,0.24457157345477754
2018-09-25 00:48:00,0.2084112929126718
2018-09-25 00:51:00,0.2298331605511521
2018-09-25 00:54:00,0.287401066263385
2018-09-25 00:57:00,0.31317630225305493
2018-09-25 01:00:00,0.2503602799970963
2018-09-25 01:03:00,0.21337103627411125
2018-09-25 01:06:00,0.29348215701486424
2018-09-25 01:09:00,0.28812351806533343
2018-09-25 01:12:00,0.28096936126581795
2018-09-25 01:15:00,0.18613053140916236
2018-09-25 01:18:00,0.1874145405728882
2018-09-25 01:21:00,0.18443127151323324
2018-09-25 01:24:00,0.262356847526803
2018-09-25 01:27:00,0.24556206611794096
2018-09-25 01:30:00,0.21721226148048345
2018-09-25 01:33:00,0.25151500869708343
2018-09-25 01:36:00,0.19820304160225533
2018-09-25 01:39:00,0.27004077541567995
2018-09-25 01:42:00,0.23939042625187312
2018-09-25 01:45:00,0.23366057368554038
2018-09-25 01:48:00,0.21284327266027958
2018-09-25 01:51:00,0.28299515271288556
2018-09-25 01:54:00,0.24284905004253687
2018-09-25 01:57:00,0.34223293360247453
2018-09-25 02:00:00,0.3351634389095466
2018-09-25 02:03:00,0.22663677896406398
2018-09-25 02:06:00,0.22375322505280337
2018-09-25 02:09:00,0.26243817221848076
2018-09-25 02:12:00,0.27604140732330507
2018-09-25 02:15:00,0.2604371639794749
2018-09-25 02:18:00,0.2921954515336438
2018-09-25 02:21:00,0.2191993245667163
2018-09-25 02:24:00,0.3179967068085148
2018-09-25 02:27:00,0.30637653099881845
2018-09-25 02:30:00,0.23514371796676414
2018-09-25 02:33:00,0.20720537890792912
2018-09-25 02:36:00,0.31947692910165415
2018-09-25 02:39:00,0.3248035618032077
2018-09-25 02:42:00,0.32785600503893875
2018-09-25 02:45:00,0.2808231022982568
2018-09-25 02:48:00,0.2530797516049006
2018-09-25 02:51:00,0.3490049877564161
2018-09-25 02:54:00,0.2966861820748363
2018-09-25 02:57:00,0.2420574677279319
2018-09-25 03:00:00,0.3264786584427952
2018-09-25 03:03:00,0.3065852163486511
2018-09-25 03:06:00,0.2796967454553396
2018-09-25 03:09:00,0.24844138785442738
2018-09-25 03:12:00,0.28550673244131985
2018-09-25 03:15:00,0.23342747768134586
2018-09-25 03:18:00,0.28138892534622073
2018-09-25 03:21:00,0.2652176891579643
2018-09-25 03:24:00,0.29085267984595475
2018-09-25 03:27:00,0.32998257284447163
2018-09-25 03:30:00,0.26093954663394925
2018-09-25 03:33:00,0.24026387726320309
2018-09-25 03:36:00,0.1991975288186154
2018-09-25 03:39:00,0.2756955033503914
2018-09-25 03:42:00,0.3261766463998583
2018-09-25 03:45:00,0.30588434452664615
2018-09-25 03:48:00,0.330549285609095
2018-09-25 03:51:00,0.27837026950652444
2018-09-25 03:54:00,0.28953227840747786
2018-09-25 03:57:00,0.27159197613309516
2018-09-25 04:00:00,0.2654558109072127
2018-09-25 04:03:00,0.196495059301526
2018-09-25 04:06:00,0.33730617756879155
2018-09-25 04:09:00,0.2477078248830935
2018-09-25 04:12:00,0.30058229506641965
2018-09-25 04:15:00,0.3014354625226474
2018-09-25 04:18:00,0.2623283287685467
2018-09-25 04:21:00,0.25824559396551194
2018-09-25 04:24:00,0.2836187250618991
2018-09-25 04:27:00,0.22476048659757453
2018-09-25 04:30:00,0.24002159995274042
2018-09-25 04:33:00,0.39391212787182894
2018-09-25 04:36:00,0.300514663977026
2018-09-25 04:39:00,0.44676074336746296
2018-09-25 04:42:00,0.3578192518552896
2018-09-25 04:45:00,0.3687767425315087
2018-09-25 04:48:00,0.3858423792651138
2018-09-25 04:51:00,0.38632426353871097
2018-09-25 04:54:00,0.32807141041763543
2018-09-25 04:57:00,0.3935341739448859
2018-09-25 05:00:00,0.45953717107312286
2018-09-25 05:03:00,0.43934124505193495
2018-09-25 05:06:00,0.25660057434078
2018-09-25 05:09:00,0.29211799300890107
2018-09-25 05:12:00,0.38591113641081165
2018-09-25 05:15:00,0.28982535060271175
2018-09-25 05:18:00,0.3988344860763391
2018-09-25 05:21:00,0.2890126864434137
2018-09-25 05:24:00,0.38997497438668915
2018-09-25 05:27:00,0.36122447745702857
2018-09-25 05:30:00,0.29367007417488367
2018-09-25 05:33:00,0.35067801309332935
2018-09-25 05:36:00,0.459467169149093
2018-09-25 05:39:00,0.3946348660661556
2018-09-25 05:42:00,0.37597727525485425
2018-09-25 05:45:00,0.33229762192024737
2018-09-25 05:48:00,0.3462333643423108
2018-09-25 05:51:00,0.4092413379048594
2018-09-25 05:54:00,0.3441268260636434
2018-09-25 05:57:00,0.37150831961730546
2018-09-25 06:00:00,0.37415906934324994
2018-09-25 06:03:00,0.28715467520731863
2018-09-25 06:06:00,0.3855195396384943
2018-09-25 06:09:00,0.28275999531535945
2018-09-25 06:12:00,0.32049519442239216
2018-09-25 06:15:00,0.25530230843401114
2018-09-25 06:18:00,0.34910117447145694
2018-09-25 06:21:00,0.4371721729035585
2018-09-25 06:24:00,0.35642625496046776
2018-09-25 06:27:00,0.4152910601912936
2018-09-25 06:30:00,0.3874227159208772
2018-09-25 06:33:00,0.3728746631716717
2018-09-25 06:36:00,0.3405788937533316
2018-09-25 06:39:00,0.35317820330561744
2018-09-25 06:42:00,0.31168152996184517
2018-09-25 06:45:00,0.3135688014634752
2018-09-25 06:48:00,0.3683541708467146
2018-09-25 06:51:00,0.372747163042618
2018-09-25 06:54:00,0.40795049897099034
2018-09-25 06:57:00,0.4027861387125995
2018-09-25 07:00:00,0.3236406115640875
2018-09-25 07:03:00,0.4127256242192061
2018-09-25 07:06:00,0.4089200641814159
2018-09-25 07:09:00,0.4422471074659029
2018-09-25 07:12:00,0.36836772111371374
2018-09-25 07:15:00,0.3060837675390644
2018-09-25 07:18:00,0.2843106571987164
2018-09-25 07:21:00,0.3568024410165549
2018-09-25 07:24:00,0.24010228115832888
2018-09-25 07:27:00,0.20181293001348877
2018-09-25 07:30:00,0.32114970284646915
2018-09-25 07:33:00,0.3206314657135749
2018-09-25 07:36:00,0.2733986545608218
2018-09-25 07:39:00,0.29217705558994567
2018-09-25 07:42:00,0.20416739063949763
2018-09-25 07:45:00,0.3123629390615861
2018-09-25 07:48:00,0.20304810029495002
2018-09-25 07:51:00,0.20236828244077287
2018-09-25 07:54:00,0.16810040948581673
2018-09-25 07:57:00,0.15083472945337917
2018-09-25 08:00:00,0.0893049301434985
2018-09-25 08:03:00,0.1794382252216451
2018-09-25 08:06:00,0.12759061101803582
2018-09-25 08:09:00,0.06144311022222837
2018-09-25 08:12:00,0.16067336322129222
2018-09-25 08:15:00,0.26856682640595864
2018-09-25 08:18:00,0.10514671863984404
2018-09-25 08:21:00,0.15609862613672476
2018-09-25 08:24:00,0.17977999516233467
2018-09-25 08:27:00,0.1265363623785447
2018-09-25 08:30:00,0.12718367947758225
2018-09-25 08:33:00,0.16449851522389736
2018-09-25 08:36:00,0.18910689281477744
2018-09-25 08:39:00,0.12778882947282
2018-09-25 08:42:00,0.14207818278015338
2018-09-25 08:45:00,0.03528425383001377
2018-09-25 08:48:00,0.04076983829179426
2018-09-25 08:51:00,0.1629568755256514
2018-09-25 08:54:00,0.1426618451892523
2018-09-25 08:57:00,0.0642711827167659
2018-09-25 09:00:00,0.10676621534037167
2018-09-25 09:03:00,-0.022555163100037134
2018-09-25 09:06:00,0.022470574710723668
2018-09-25 09:09:00,-0.015378984737026258
2018-09-25 09:12:00,0.02361368978927203
2018-09-25 09:15:00,-0.004036434610839024
2018-09-25 09:18:00,0.012848011555661287
2018-09-25 09:21:00,-0.05194695569986152
2018-09-25 09:24:00,-0.07410855521942494
2018-09-25 09:27:00,-0.023173590275632705
2018-09-25 09:30:00,-0.04935595786258773
2018-09-25 09:33:00,0.004819016783017105
2018-09-25 09:36:00,0.004878142844290778
2018-09-25 09:39:00,-0.048143340973865634
2018-09-25 09:42:00,-0.008180852740679256
2018-09-25 09:45:00,-0.03140242491224399
2018-09-25 09:48:00,-0.0846374116476909
2018-09-25 09:51:00,-0.021211468999979388
2018-09-25 09:54:00,-0.1197156105873205
2018-09-25 09:57:00,-0.16004257243054099
2018-09-25 10:00:00,-0.1094780907037034
2018-09-25 10:03:00,-0.08667276148207748
2018-09-25 10:06:00,-0.09086125112384025
2018-09-25 10:09:00,-0.1862021749737437
2018-09-25 10:12:00,-0.20488814031892844
2018-09-25 10:15:00,-0.0961874542333021
2018-09-25 10:18:00,-0.2234159238570328
2018-09-25 10:21:00,-0.2030618383859064
2018-09-25 10:24:00,-0.1898955215758633
2018-09-25 10:27:00,-0.19683516579493698
2018-09-25 10:30:00,-0.28954562453310473
2018-09-25 10:33:00,-0.2303581821229841
2018-09-25 10:36:00,-0.3246341128744916
2018-09-25 10:39:00,-0.27715713790286145
2018-09-25 10:42:00,-0.28100272789225755
2018-09-25 10:45:00,-0.2442688797793835
2018-09-25 10:48:00,-0.36563398348818055
2018-09-25 10:51:00,-0.30330667936038935
2018-09-25 10:54:00,-0.3501724188056414
2018-09-25 10:57:00,-0.4015750519338326
2018-09-25 11:00:00,-0.3305574127404043
2018-09-25 11:03:00,-0.27921529585927374
2018-09-25 11:06:00,-0.39428541519868077
2018-09-25 11:09:00,-0.45626507584927367
2018-09-25 11:12:00,-0.3930898099044384
2018-09-25 11:15:00,-0.3938190288738497
2018-09-25 11:18:00,-0.3310566285034042
2018-09-25 11:21:00,-0.47501583727375873
2018-09-25 11:24:00,-0.45630628286960473
2018-09-25 11:27:00,-0.49201520107737906
2018-09-25 11:30:00,-0.5059305191203975
2018-09-25 11:33:00,-0.4625851371175713
2018-09-25 11:36:00,-0.3827204467062302
2018-09-25 11:39:00,-0.5214685862089254
2018-09-25 11:42:00,-0.6293122827720481
2018-09-25 11:45:00,-0.5745979981824121
2018-09-25 11:48:00,-0.5616138466411371
2018-09-25 11:51:00,-0.6003788101108398
2018-09-25 11:54:00,-0.4939122074963507
2018-09-25 11:57:00,-0.4231501376339679
2018-09-25 12:00:00,-0.4959327384668768
2018-09-25 12:03:00,-0.5012918819089123
2018-09-25 12:06:00,-0.5537429747643046
2018-09-25 12:09:00,-0.57950537524232
2018-09-25 12:12:00,-0.4595663094452789
2018-09-25 12:15:00,-0.47498362339126743
2018-09-25 12:18:00,-0.5540960401672805
2018-09-25 12:21:00,-0.5425638259407606
2018-09-25 12:24:00,-0.5339860334798914
2018-09-25 12:27:00,-0.5443065872154307
2018-09-25 12:30:00,-0.6329164003419123
2018-09-25 12:33:00,-0.4564141352744855
2018-09-25 12:36:00,-0.5797163529100544
2018-09-25 12:39:00,-0.55465842825555
2018-09-25 12:42:00,-0.5368902200121397
2018-09-25 12:45:00,-0.5559262483579914
2018-09-25 12:48:00,-0.5957535175879798
2018-09-25 12:51:00,-0.5053965816085224
2018-09-25 12:54:00,-0.474628056891504
2018-09-25 12:57:00,-0.6132734599347032
2018-09-25 13:00:00,-0.4690060893531154
2018-09-25 13:03:00,-0.5787435130112044
2018-09-25 13:06:00,-0.596820059559036
2018-09-25 13:09:00,-0.5142168791606423
2018-09-25 13:12:00,-0.5378166505622062
2018-09-25 13:15:00,-0.5398894163876093
2018-09-25 13:18:00,-0.5352255619575885
2018-09-25 13:21:00,-0.6185207722992914
2018-09-25 13:24:00,-0.5922673575100816
2018-09-25 13:27:00,-0.6309720783523289
2018-09-25 13:30:00,-0.5581189419291945
2018-09-25 13:33:00,-0.5568783106735964
2018-09-25 13:36:00,-0.6143895919036595
2018-09-25 13:39:00,-0.4701683449988536
2018-09-25 13:42:00,-0.5530067714448137
2018-09-25 13:45:00,-0.5558818709532147
2018-09-25 13:48:00,-0.5254800280559948
2018-09-25 13:51:00,-0.5584984855839821
2018-09-25 13:54:00,-0.5893110756989586
2018-09-25 13:57:00,-0.5017402408971066
2018-09-25 14:00:00,-0.6122955397627834
2018-09-25 14:03:00,-0.4911575433691837
2018-09-25 14:06:00,-0.5809442992261893
2018-09-25 14:09:00,-0.47373143892707503
2018-09-25 14:12:00,-0.5532490778873012
2018-09-25 14:15:00,-0.5498204718352326
2018-09-25 14:18:00,-0.5165097058207948
2018-09-25 14:21:00,-0.43498297182378565
2018-09-25 14:24:00,-0.46854918325669814
2018-09-25 14:27:00,-0.43113976473233606
2018-09-25 14:30:00,-0.44018877033221315
2018-09-25 14:33:00,-0.49941895642103873
2018-09-25 14:36:00,-0.5490917037178633
2018-09-25 14:39:00,-0.5252932099186296
2018-09-25 14:42:00,-0.47028258808552437
2018-09-25 14:45:00,-0.5140945019685432
2018-09-25 14:48:00,-0.4904014118251325
2018-09-25 14:51:00,-0.5236443593030344
2018-09-25 14:54:00,-0.432737068232143
2018-09-25 14:57:00,-0.5712863615369201
2018-09-25 15:00:00,-0.5117488886329511
2018-09-25 15:03:00,-0.6109932955157547
2018-09-25 15:06:00,-0.5210657774227911
2018-09-25 15:09:00,-0.5551626045623834
2018-09-25 15:12:00,-0.4915296169406247
2018-09-25 15:15:00,-0.6667595333404392
2018-09-25 15:18:00,-0.5295942336784947
2018-09-25 15:21:00,-0.5133080340513629
2018-09-25 15:24:00,-0.5992852708428131
2018-09-25 15:27:00,-0.5892635007188574
2018-09-25 15:30:00,-0.4804038987797412
2018-09-25 15:33:00,-0.5263136284794996
2018-09-25 15:36:00,-0.5150008689037122
2018-09-25 15:39:00,-0.49505500227883203
2018-09-25 15:42:00,-0.5416820086115877
2018-09-25 15:45:00,-0.4673031645568244
2018-09-25 15:48:00,-0.42705951038220746
2018-09-25 15:51:00,-0.4283612762824305
2018-09-25 15:54:00,-0.39286766987896726
2018-09-25 15:57:00,-0.480651680791766
2018-09-25 16:00:00,-0.4229439723304722
2018-09-25 16:03:00,-0.4092783494259038
2018-09-25 16:06:00,-0.4067049726150458
2018-09-25 16:09:00,-0.5817208723339604
2018-09-25 16:12:00,-0.4583685495238683
2018-09-25 16:15:00,-0.5533311037510202
2018-09-25 16:18:00,-0.43658814868354057
2018-09-25 16:21:00,-0.5577838183291988
2018-09-25 16:24:00,-0.559469656705005
2018-09-25 16:27:00,-0.47664620289992854
2018-09-25 16:30:00,-0.5394455133219367
2018-09-25 16:33:00,-0.5588735035663035
2018-09-25 16:36:00,-0.5378964483141431
2018-09-25 16:39:00,-0.47557137611346434
2018-09-25 16:42:00,-0.5101246038062186
2018-09-25 16:45:00,-0.6288383600914358
2018-09-25 16:48:00,-0.48413624284074785
2018-09-25 16:51:00,-0.5991429621083739
2018-09-25 16:54:00,-0.6240849790535208
2018-09-25 16:57:00,-0.4710934967354774
2018-09-25 17:00:00,-0.4645355479482305
2018-09-25 17:03:00,-0.5698824040482577
2018-09-25 17:06:00,-0.5565432011957796
2018-09-25 17:09:00,-0.5505381442609405
2018-09-25 17:12:00,-0.4200847647919659
2018-09-25 17:15:00,-0.3797294831911131
2018-09-25 17:18:00,-0.3769706926409526
2018-09-25 17:21:00,-0.3266816803374013
2018-09-25 17:24:00,-0.38057001038407634
2018-09-25 17:27:00,-0.5032082807092024
2018-09-25 17:30:00,-0.48191623867796807
2018-09-25 17:33:00,-0.5648020381598258
2018-09-25 17:36:00,-0.47121591772184956
2018-09-25 17:39:00,-0.41719875036193343
2018-09-25 17:42:00,-0.4818960463954909
2018-09-25 17:45:00,-0.42895216089112864
2018-09-25 17:48:00,-0.4773382503787502
2018-09-25 17:51:00,-0.48285608404444247
2018-09-25 17:54:00,-0.36528997818055586
2018-09-25 17:57:00,-0.4438976887409467
2018-09-25 18:00:00,-0.4653135835820308
2018-09-25 18:03:00,-0.4525912521670534
2018-09-25 18:06:00,-0.4716883937304033
2018-09-25 18:09:00,-0.5112251403249957
2018-09-25 18:12:00,-0.4140929275008034
2018-09-25 18:15:00,-0.40901157838277413
2018-09-25 18:18:00,-0.46884989630785867
2018-09-25 18:21:00,-0.43026875227974415
2018-09-25 18:24:00,-0.551093942050727
2018-09-25 18:27:00,-0.39956573135265216
2018-09-25 18:30:00,-0.5772218861152396
2018-09-25 18:33:00,-0.36665703979275577
2018-09-25 18:36:00,-0.4314540809324967
2018-09-25 18:39:00,-0.30507205616243027
2018-09-25 18:42:00,-0.32469089366799153
2018-09-25 18:45:00,-0.3522699841781787
2018-09-25 18:48:00,-0.35044279001948553
2018-09-25 18:51:00,-0.37125889225802666
2018-09-25 18:54:00,
2018-09-25 18:57:00,
2018-09-25 19:00:00,
2018-09-25 19:03:00,-0.2314172034446642
2018-09-25 19:06:00,-0.22037435327268895
2018-09-25 19:09:00,-0.29796861529405305
2018-09-25 19:12:00,-0.2514486716734723
2018-09-25 19:15:00,-0.3720213364154006
2018-09-25 19:18:00,-0.25974520073401663
2018-09-25 19:21:00,-0.24956553001788961
2018-09-25 19:24:00,-0.20349228988430923
2018-09-25 19:27:00,-0.23535406608942822
2018-09-25 19:30:00,-0.19383985035494788
2018-09-25 19:33:00,-0.27285272582014386
2018-09-25 19:36:00,-0.33308566550198293
2018-09-25 19:39:00,-0.23329423772491964
2018-09-25 19:42:00,-0.18604496804067594
2018-09-25 19:45:00,-0.23656973541829984
2018-09-25 19:48:00,-0.1650204593233866
2018-09-25 19:51:00,-0.24951420084664733
2018-09-25 19:54:00,-0.19229093061602498
2018-09-25 19:57:00,-0.20396790674647036
2018-09-25 20:00:00,-0.22504100699268292
2018-09-25 20:03:00,-0.23682538813159226
2018-09-25 20:06:00,-0.19645972075534246
2018-09-25 20:09:00,-0.15495582250287043
2018-09-25 20:12:00,-0.17116322767395786
2018-09-25 20:15:00,-0.11099923251737209
2018-09-25 20:18:00,-0.152322429272715
2018-09-25 20:21:00,-0.14801394527944467
2018-09-25 20:24:00,-0.20401086282925007
2018-09-25 20:27:00,-0.024334960535497885
2018-09-25 20:30:00,-0.18480148758135329
2018-09-25 20:33:00,-0.1367131096089338
2018-09-25 20:36:00,-0.06890902010309219
2018-09-25 20:39:00,-0.10926786392377608
2018-09-25 20:42:00,-0.0980744305928738
2018-09-25 20:45:00,0.0540980716220929
2018-09-25 20:48:00,-0.11610228121060118
2018-09-25 20:51:00,0.019913748437716094
2018-09-25 20:54:00,-0.08893819006402737
2018-09-25 20:57:00,0.005485131017337608
2018-09-25 21:00:00,-0.05759686558025123
2018-09-25 21:03:00,0.17099106475012604
2018-09-25 21:06:00,-0.03353373673837723
2018-09-25 21:09:00,0.03853124756398074
2018-09-25 21:12:00,-0.030272774544187087
2018-09-25 21:15:00,-0.07345908183799565
2018-09-25 21:18:00,-0.04491428439229139
2018-09-25 21:21:00,0.06093224640403605
2018-09-25 21:24:00,-0.01536266413671683
2018-09-25 21:27:00,-0.0707102906981163
2018-09-25 21:30:00,-0.031537242543038246
2018-09-25 21:33:00,-0.005558054112100308
2018-09-25 21:36:00,0.012042835745887714
2018-09-25 21:39:00,-0.13499893001687724
2018-09-25 21:42:00,-0.16758849925548702
2018-09-25 21:45:00,0.03340380307139412
2018-09-25 21:48:00,-0.04773461033988724
2018-09-25 21:51:00,0.003168955530270523
2018-09-25 21:54:00,-0.05951712163130196
2018-09-25 21:57:00,-0.004985801483542218
2018-09-25 22:00:00,-0.07465895442879855
2018-09-25 22:03:00,0.07416302062887326
2018-09-25 22:06:00,-0.008945715332288273
2018-09-25 22:09:00,-0.04094245639464589
2018-09-25 22:12:00,-0.1345667556433341
2018-09-25 22:15:00,-0.0689544756018563
2018-09-25 22:18:00,-0.054039521469860574
2018-09-25 22:21:00,-0.06457460929783565
2018-09-25 22:24:00,-0.07086397582349946
2018-09-25 22:27:00,-0.017617053093999857
2018-09-25 22:30:00,-0.00398562092237853
2018-09-25 22:33:00,-0.0495574035613231
2018-09-25 22:36:00,-0.06389295988020649
2018-09-25 22:39:00,-0.010815770978638284
2018-09-25 22:42:00,-0.0588989679551446
2018-09-25 22:45:00,-0.10852173784212482
2018-09-25 22:48:00,-0.1012243485783415
2018-09-25 22:51:00,-0.0926878498928545
2018-09-25 22:54:00,-0.08760387113989054
2018-09-25 22:57:00,0.013831689594042018
2018-09-25 23:00:00,-0.017061101461536055
2018-09-25 23:03:00,0.015289755060450716
2018-09-25 23:06:00,-0.05838494841930242
2018-09-25 23:09:00,-0.015229923718209193
2018-09-25 23:12:00,-0.04237793018586444
2018-09-25 23:15:00,-0.10363362741162518
2018-09-25 23:18:00,0.08168219469115456
2018-09-25 23:21:00,0.03711258039317045
2018-09-25 23:24:00,-0.004155337190809405
2018-09-25 23:27:00,0.02124328480829263
2018-09-25 23:30:00,0.12377782422868222
2018-09-25 23:33:00,0.18970760952095134
2018-09-25 23:36:00,0.12471943561325816
2018-09-25 23:39:00,0.07678563943596828
2018-09-25 23:42:00,-0.047964494899247256
2018-09-25 23:45:00,0.07238863482575653
2018-09-25 23:48:00,0.08840412112277818
2018-09-25 23:51:00,0.08043115990795968
2018-09-25 23:54:00,0.10799078079304536
2018-09-25 23:57:00,0.13088854193216548
2018-09-26 00:00:00,0.15444394169605857
2018-09-26 00:03:00,0.06544782578311015
2018-09-26 00:06:00,0.06172271191508116
2018-09-26 00:09:00,0.11308741448465298
2018-09-26 00:12:00,0.06531178450535435
2018-09-26 00:15:00,0.13300616487236994
2018-09-26 00:18:00,0.07951857218529312
2018-09-26 00:21:00,-0.012687431446693154
2018-09-26 00:24:00,0.03458004053635477
2018-09-26 00:27:00,0.11478964413629456
2018-09-26 00:30:00,0.0781100866195743
2018-09-26 00:33:00,0.19029748501685617
2018-09-26 00:36:00,0.13492269789031752
2018-09-26 00:39:00,0.1642876091668768
2018-09-26 00:42:00,0.13064881403983009
2018-09-26 00:45:00,0.13065603513251745
2018-09-26 00:48:00,0.13843698334670762
2018-09-26 00:51:00,0.026490855316808393
2018-09-26 00:54:00,0.13332573766808764
2018-09-26 00:57:00,0.12362755623411203
2018-09-26 01:00:00,0.09439565720475684
2018-09-26 01:03:00,0.10260185097132535
2018-09-26 01:06:00,0.14023089605882433
2018-09-26 01:09:00,0.18903048972816805
2018-09-26 01:12:00,0.03701306145887884
2018-09-26 01:15:00,0.12539882594694518
2018-09-26 01:18:00,0.16027504908589663
2018-09-26 01:21:00,0.24547434570257565
2018-09-26 01:24:00,0.20512671870039867
2018-09-26 01:27:00,0.18206098931005954
2018-09-26 01:30:00,0.16543807754942463
2018-09-26 01:33:00,0.1688652254168801
2018-09-26 01:36:00,0.13657236186497812
2018-09-26 01:39:00,0.1668640481123589
2018-09-26 01:42:00,0.2847760013818288
2018-09-26 01:45:00,0.1932184385822211
2018-09-26 01:48:00,0.22774334962753073
2018-09-26 01:51:00,0.21114405045494777
2018-09-26 01:54:00,0.18590749806878648
2018-09-26 01:57:00,0.12771655204920762
2018-09-26 02:00:00,0.24780555284183947
2018-09-26 02:03:00,0.21906907088509797
2018-09-26 02:06:00,0.2698298013609701
2018-09-26 02:09:00,0.13585108829249748
2018-09-26 02:12:00,0.20784238023333046
2018-09-26 02:15:00,0.27506598570209917
2018-09-26 02:18:00,0.2266997793817609
2018-09-26 02:21:00,0.17609899558260622
2018-09-26 02:24:00,0.28520943708173263
2018-09-26 02:27:00,0.21742199265486306
2018-09-26 02:30:00,0.19515121068002372
2018-09-26 02:33:00,0.18434204507116192
2018-09-26 02:36:00,0.1819618312156308
2018-09-26 02:39:00,0.20624538139696824
2018-09-26 02:42:00,0.23388777987281628
2018-09-26 02:45:00,0.23837452259255087
2018-09-26 02:48:00,0.17366521444984073
2018-09-26 02:51:00,0.19060471260348777
2018-09-26 02:54:00,0.08326571555051032
2018-09-26 02:57:00,0.22497484889839825
2018-09-26 03:00:00,0.27414768364354813
2018-09-26 03:03:00,0.09152785805406438
2018-09-26 03:06:00,0.11456070654372752
2018-09-26 03:09:00,0.22452145649202748
2018-09-26 03:12:00,0.19202025046121207
2018-09-26 03:15:00,0.148641283765528
2018-09-26 03:18:00,0.21908674139979212
2018-09-26 03:21:00,0.15423979387566078
2018-09-26 03:24:00,0.27347293740120904
2018-09-26 03:27:00,0.18584955626363353
2018-09-26 03:30:00,0.19613811273427473
2018-09-26 03:33:00,0.1760625839553427
2018-09-26 03:36:00,0.15574161533322695
2018-09-26 03:39:00,0.19503437675268742
2018-09-26 03:42:00,0.17572258032652144
2018-09-26 03:45:00,0.13489440391771268
2018-09-26 03:48:00,0.23349081170999852
2018-09-26 03:51:00,0.2831946668930527
2018-09-26 03:54:00,0.2848375768476217
2018-09-26 03:57:00,0.30819137014321996
2018-09-26 04:00:00,0.37708404256250105
2018-09-26 04:03:00,0.2506862544060482
2018-09-26 04:06:00,0.25382490856816275
2018-09-26 04:09:00,0.24123215795646047
2018-09-26 04:12:00,0.29193247343209805
2018-09-26 04:15:00,0.2735489242721769
2018-09-26 04:18:00,0.2738647155290437
2018-09-26 04:21:00,0.2640547845488186
2018-09-26 04:24:00,0.33219544932177314
2018-09-26 04:27:00,0.26450739557714087
2018-09-26 04:30:00,0.28682617858521553
2018-09-26 04:33:00,0.2872995721201619
2018-09-26 04:36:00,0.27976861850248724
2018-09-26 04:39:00,0.1907467009513084
2018-09-26 04:42:00,0.20501802842568395
2018-09-26 04:45:00,0.2662567983262534
2018-09-26 04:48:00,0.31173758039545874
2018-09-26 04:51:00,0.3279952388610923
2018-09-26 04:54:00,0.20406936847359702
2018-09-26 04:57:00,0.27102137037684315
2018-09-26 05:00:00,0.21060928239995746
2018-09-26 05:03:00,0.17724167065284746
2018-09-26 05:06:00,0.2671942910213829
2018-09-26 05:09:00,0.28273779602784543
2018-09-26 05:12:00,0.32654605322187535
2018-09-26 05:15:00,0.2601096774170628
2018-09-26 05:18:00,0.19196613593197753
2018-09-26 05:21:00,0.30446436408851696
2018-09-26 05:24:00,0.2443058789936572
2018-09-26 05:27:00,0.25212140934786476
2018-09-26 05:30:00,0.17721080446284532
2018-09-26 05:33:00,0.1825957606524753
2018-09-26 05:36:00,0.2770568633299604
2018-09-26 05:39:00,0.2693696813086035
2018-09-26 05:42:00,0.24797179836849637
2018-09-26 05:45:00,0.18953023885796938
2018-09-26 05:48:00,0.22292808239586748
2018-09-26 05:51:00,0.1974772247390888
2018-09-26 05:54:00,0.2551547972461776
2018-09-26 05:57:00,0.3083642084555436
2018-09-26 06:00:00,0.29707476138679567
2018-09-26 06:03:00,0.2487693711158272
2018-09-26 06:06:00,0.3703902188905204
2018-09-26 06:09:00,0.31205653728284233
2018-09-26 06:12:00,0.2312914204670733
2018-09-26 06:15:00,0.2714590645630892
2018-09-26 06:18:00,0.3082401052752175
2018-09-26 06:21:00,0.1734531647423978
2018-09-26 06:24:00,0.22493548463558
2018-09-26 06:27:00,0.25493800991313265
2018-09-26 06:30:00,0.23756408792195316
2018-09-26 06:33:00,0.26212360262451284
2018-09-26 06:36:00,0.17923894541928576
2018-09-26 06:39:00,0.2452769938439019
2018-09-26 06:42:00,0.18240483675714358
2018-09-26 06:45:00,0.2502533045923201
2018-09-26 06:48:00,0.2832251796266405
2018-09-26 06:51:00,0.24460783062636438
2018-09-26 06:54:00,0.21626068291539013
2018-09-26 06:57:00,0.38384679220649787
2018-09-26 07:00:00,0.2597473857670707
2018-09-26 07:03:00,0.23318384702821504
2018-09-26 07:06:00,0.30303873956688676
2018-09-26 07:09:00,0.19325720934631363
2018-09-26 07:12:00,0.2580707329172469
2018-09-26 07:15:00,0.3002285175812176
2018-09-26 07:18:00,0.2376993943160528
2018-09-26 07:21:00,0.266030942613952
2018-09-26 07:24:00,0.274482222168956
2018-09-26 07:27:00,0.18200224929103115
2018-09-26 07:30:00,0.20123397973378587
2018-09-26 07:33:00,0.22132208554853605
2018-09-26 07:36:00,0.1587154815716758
2018-09-26 07:39:00,0.19501448347233463
2018-09-26 07:42:00,0.13542227608479607
2018-09-26 07:45:00,0.21189750736220958
2018-09-26 07:48:00,0.1619323922171816
2018-09-26 07:51:00,0.15190490661785816
2018-09-26 07:54:00,0.11616193983843459
2018-09-26 07:57:00,0.07578532154315099
2018-09-26 08:00:00,0.06012838875659554
2018-09-26 08:03:00,0.11638564619937597
2018-09-26 08:06:00,0.03018409377335729
2018-09-26 08:09:00,0.10953724213618443
2018-09-26 08:12:00,0.04423345020330771
2018-09-26 08:15:00,0.04804339002350844
2018-09-26 08:18:00,-0.015397557957896879
2018-09-26 08:21:00,0.09645397800289857
2018-09-26 08:24:00,-0.04621957651147568
2018-09-26 08:27:00,-0.012430981868476465
2018-09-26 08:30:00,-0.09480782838113555
2018-09-26 08:33:00,-0.10557461355722353
2018-09-26 08:36:00,-0.1741986773276949
2018-09-26 08:39:00,-0.12212156153088927
2018-09-26 08:42:00,-0.12617188693218395
2018-09-26 08:45:00,-0.09316864852638673
2018-09-26 08:48:00,-0.10807861920613959
2018-09-26 08:51:00,-0.07323800517593781
2018-09-26 08:54:00,-0.13578592316338245
2018-09-26 08:57:00,-0.18638942340083986
2018-09-26 09:00:00,-0.005562702521956453
2018-09-26 09:03:00,-0.09367816329267953
2018-09-26 09:06:00,-0.10639106775732898
2018-09-26 09:09:00,-0.14838921237543445
2018-09-26 09:12:00,-0.19748526940128386
2018-09-26 09:15:00,-0.06312640233466027
2018-09-26 09:18:00,-0.1662241962975486
2018-09-26 09:21:00,-0.09911497974002259
2018-09-26 09:24:00,-0.2949339419364492
2018-09-26 09:27:00,-0.20044549731460393
2018-09-26 09:30:00,-0.2056303121096903
2018-09-26 09:33:00,-0.2192137315985292
2018-09-26 09:36:00,-0.11714043556457909
2018-09-26 09:39:00,-0.21047944193793455
2018-09-26 09:42:00,-0.27004995428194434
2018-09-26 09:45:00,-0.2247948293374975
2018-09-26 09:48:00,-0.19421548523791898
2018-09-26 09:51:00,-0.260929318852277
2018-09-26 09:54:00,-0.298556312038329
2018-09-26 09:57:00,-0.25500668794296644
2018-09-26 10:00:00,-0.24023091583478617
2018-09-26 10:03:00,-0.21604884135877
2018-09-26 10:06:00,-0.37504313456707905
2018-09-26 10:09:00,-0.19365195474227903
2018-09-26 10:12:00,-0.34488388758120436
2018-09-26 10:15:00,-0.2991172038853165
2018-09-26 10:18:00,-0.2809399072024803
2018-09-26 10:21:00,-0.15446913375427584
2018-09-26 10:24:00,-0.13194196317510887
2018-09-26 10:27:00,-0.27491996675775
2018-09-26 10:30:00,-0.28840199678859335
2018-09-26 10:33:00,-0.32655467249321646
2018-09-26 10:36:00,-0.3135489466606032
2018-09-26 10:39:00,-0.35862013594783093
2018-09-26 10:42:00,-0.26935198079320344
2018-09-26 10:45:00,-0.2833049563769805
2018-09-26 10:48:00,-0.29593265260331236
2018-09-26 10:51:00,-0.3255445524023344
2018-09-26 10:54:00,-0.2429715906316119
2018-09-26 10:57:00,-0.30949435002946757
2018-09-26 11:00:00,-0.32178217596907643
2018-09-26 11:03:00,-0.3824421175397674
2018-09-26 11:06:00,-0.38294951313741876
2018-09-26 11:09:00,-0.37755344720363837
2018-09-26 11:12:00,-0.34721118142448404
2018-09-26 11:15:00,-0.33731825526757575
2018-09-26 11:18:00,-0.3966281638042233
2018-09-26 11:21:00,-0.37460740793147806
2018-09-26 11:24:00,-0.30464368198857983
2018-09-26 11:27:00,-0.39847561720722524
2018-09-26 11:30:00,-0.2661824301932256
2018-09-26 11:33:00,-0.38249299218352917
2018-09-26 11:36:00,-0.38813303511574304
2018-09-26 11:39:00,-0.39725451636172693
2018-09-26 11:42:00,-0.42341201492178016
2018-09-26 11:45:00,-0.38892323967957054
2018-09-26 11:48:00,-0.5263918951191044
2018-09-26 11:51:00,-0.38593114776966786
2018-09-26 11:54:00,-0.47846828877749203
2018-09-26 11:57:00,-0.47756877097168626
2018-09-26 12:00:00,-0.39181139934885323
2018-09-26 12:03:00,-0.5327269058668094
2018-09-26 12:06:00,-0.3724571622817052
2018-09-26 12:09:00,-0.39307842411989213
2018-09-26 12:12:00,-0.5021928494292069
2018-09-26 12:15:00,-0.41348820424036603
2018-09-26 12:18:00,-0.35139533392452904
2018-09-26 12:21:00,-0.39475351743715237
2018-09-26 12:24:00,-0.4041086802909035
2018-09-26 12:27:00,-0.5209940412177616
2018-09-26 12:30:00,-0.44390906870296476
2018-09-26 12:33:00,-0.5632203683715602
2018-09-26 12:36:00,-0.32248077566333677
2018-09-26 12:39:00,-0.3408154793807512
2018-09-26 12:42:00,-0.4625009823830055
2018-09-26 12:45:00,-0.40715290968500994
2018-09-26 12:48:00,-0.4765793340476421
2018-09-26 12:51:00,-0.46279381655676843
2018-09-26 12:54:00,-0.441302800011556
2018-09-26 12:57:00,-0.475485685003207
2018-09-26 13:00:00,-0.54373789507423
2018-09-26 13:03:00,-0.48150235885498205
2018-09-26 13:06:00,-0.5227669733311018
2018-09-26 13:09:00,-0.5590328398516817
2018-09-26 13:12:00,-0.49180318238342124
2018-09-26 13:15:00,-0.5978140155029905
2018-09-26 13:18:00,-0.38082535028877373
2018-09-26 13:21:00,-0.4326327092293809
2018-09-26 13:24:00,-0.4039477914948293
2018-09-26 13:27:00,-0.43495987023959515
2018-09-26 13:30:00,-0.5592760696538903
2018-09-26 13:33:00,-0.44731731852601797
2018-09-26 13:36:00,-0.5205845340546489
2018-09-26 13:39:00,-0.4487540099644889
2018-09-26 13:42:00,-0.6157358324812776
2018-09-26 13:45:00,-0.5047357800945065
2018-09-26 13:48:00,-0.5673213950811942
2018-09-26 13:51:00,-0.4360317613924849
2018-09-26 13:54:00,-0.4552824484663347
2018-09-26 13:57:00,-0.5360981203449455
2018-09-26 14:00:00,-0.4260421234125715
2018-09-26 14:03:00,-0.5350416630859058
2018-09-26 14:06:00,-0.48239228525079625
2018-09-26 14:09:00,-0.5709716466953978
2018-09-26 14:12:00,-0.4646515093271546
2018-09-26 14:15:00,-0.5178403842703574
2018-09-26 14:18:00,-0.4720523427704961
2018-09-26 14:21:00,-0.46220964629338823
2018-09-26 14:24:00,-0.46605029101675655
2018-09-26 14:27:00,-0.42343233007841263
2018-09-26 14:30:00,-0.5625479323721834
2018-09-26 14:33:00,-0.5793898269376427
2018-09-26 14:36:00,-0.5304453149407209
2018-09-26 14:39:00,-0.5239083582305284
2018-09-26 14:42:00,-0.43141217654829234
2018-09-26 14:45:00,-0.43460177996632865
2018-09-26 14:48:00,-0.4704415021568593
2018-09-26 14:51:00,-0.48141166744301245
2018-09-26 14:54:00,-0.4243293800848278
2018-09-26 14:57:00,-0.4500609727381857
2018-09-26 15:00:00,-0.45560382801772903
2018-09-26 15:03:00,-0.4347805528222466
2018-09-26 15:06:00,-0.2877631119019384
2018-09-26 15:09:00,-0.43983146152527297
2018-09-26 15:12:00,-0.40425953316298546
2018-09-26 15:15:00,-0.39187442312180565
2018-09-26 15:18:00,-0.37104944350306823
2018-09-26 15:21:00,-0.3835105631243323
2018-09-26 15:24:00,-0.3385838086518902
2018-09-26 15:27:00,-0.3640767462196095
2018-09-26 15:30:00,-0.45544757966683846
2018-09-26 15:33:00,-0.3847712128563785
2018-09-26 15:36:00,-0.3125596780669184
2018-09-26 15:39:00,-0.4215254089192513
2018-09-26 15:42:00,-0.268203320503801
2018-09-26 15:45:00,-0.3931223964327728
2018-09-26 15:48:00,-0.36640055890188705
2018-09-26 15:51:00,-0.3926655920030271
2018-09-26 15:54:00,-0.3128315860263342
2018-09-26 15:57:00,-0.36915151501676746
2018-09-26 16:00:00,-0.4109899990326653
2018-09-26 16:03:00,-0.34245404513012545
2018-09-26 16:06:00,-0.3603213975673043
2018-09-26 16:09:00,-0.4142984943100032
2018-09-26 16:12:00,-0.405687476343644
2018-09-26 16:15:00,-0.2680263824709641
2018-09-26 16:18:00,-0.29806896843814457
2018-09-26 16:21:00,-0.4063788288319188
2018-09-26 16:24:00,-0.3993540195828018
2018-09-26 16:27:00,-0.3465050150476827
2018-09-26 16:30:00,-0.345670348166891
2018-09-26 16:33:00,-0.43652817043414416
2018-09-26 16:36:00,-0.4407115356403324
2018-09-26 16:39:00,-0.3968898051465999
2018-09-26 16:42:00,-0.42869048461352577
2018-09-26 16:45:00,-0.43996899490139185
2018-09-26 16:48:00,-0.46565868123957443
2018-09-26 16:51:00,-0.3845716778857877
2018-09-26 16:54:00,-0.41162258828796894
2018-09-26 16:57:00,-0.5508117842423417
2018-09-26 17:00:00,-0.4191813444737704
2018-09-26 17:03:00,-0.5137376523050534
2018-09-26 17:06:00,-0.3505535002339002
2018-09-26 17:09:00,-0.4642221304625309
2018-09-26 17:12:00,-0.387499352701866
2018-09-26 17:15:00,-0.4354045137107505
2018-09-26 17:18:00,-0.43128289294020306
2018-09-26 17:21:00,-0.44812601729688595
2018-09-26 17:24:00,-0.4313509657951613
2018-09-26 17:27:00,-0.5246018258014828
2018-09-26 17:30:00,-0.4082624882209416
2018-09-26 17:33:00,-0.3864112151985637
2018-09-26 17:36:00,-0.3164220833168656
2018-09-26 17:39:00,-0.3569625714619633
2018-09-26 17:42:00,-0.24356603837901503
2018-09-26 17:45:00,-0.27144459471452365
2018-09-26 17:48:00,-0.23867204061605207
2018-09-26 17:51:00,-0.2105772745850345
2018-09-26 17:54:00,-0.24693335437933683
2018-09-26 17:57:00,-0.2048086193964309
2018-09-26 18:00:00,-0.2557784964222378
2018-09-26 18:03:00,-0.4022936097912293
2018-09-26 18:06:00,-0.2883163979545884
2018-09-26 18:09:00,-0.43240388232999294
2018-09-26 18:12:00,-0.32370656491190175
2018-09-26 18:15:00,-0.1856110115688807
2018-09-26 18:18:00,-0.3075166371939986
2018-09-26 18:21:00,-0.24264073666620334
2018-09-26 18:24:00,-0.32832764988717145
2018-09-26 18:27:00,-0.2436441640259659
2018-09-26 18:30:00,-0.25993496316505116
2018-09-26 18:33:00,-0.33504281406760583
2018-09-26 18:36:00,-0.314494864606786
2018-09-26 18:39:00,-0.2996357156305294
2018-09-26 18:42:00,-0.2490950232150908
2018-09-26 18:45:00,-0.2619708931624132
2018-09-26 18:48:00,-0.16998093755438504
2018-09-26 18:51:00,-0.1682758612025168
2018-09-26 18:54:00,-0.2900417727150284
2018-09-26 18:57:00,
2018-09-26 19:00:00,
2018-09-26 19:03:00,-0.2615621357752502
2018-09-26 19:06:00,-0.20296997607169942
2018-09-26 19:09:00,-0.2028826461919948
2018-09-26 19:12:00,-0.17670906743154546
2018-09-26 19:15:00,-0.11737352824974323
2018-09-26 19:18:00,-0.24775628012002926
2018-09-26 19:21:00,-0.12297682245701935
2018-09-26 19:24:00,-0.15726111869236092
2018-09-26 19:27:00,-0.1170027097135744
2018-09-26 19:30:00,-0.1581801310886135
2018-09-26 19:33:00,-0.11344522238067611
2018-09-26 19:36:00,-0.1557613191149585
2018-09-26 19:39:00,-0.1060979774746329
2018-09-26 19:42:00,-0.22587646233324676
2018-09-26 19:45:00,-0.16092439364371103
2018-09-26 19:48:00,-0.2509010597419774
2018-09-26 19:51:00,-0.19226569888780887
2018-09-26 19:54:00,-0.16292826966787288
2018-09-26 19:57:00,-0.07528483074958103
2018-09-26 20:00:00,-0.12950121592081132
2018-09-26 20:03:00,-0.11020507589148565
2018-09-26 20:06:00,-0.044866819265621416
2018-09-26 20:09:00,-0.15819266555490685
2018-09-26 20:12:00,-0.03674012951609029
2018-09-26 20:15:00,-0.03160390149372461
2018-09-26 20:18:00,-0.06278687087683466
2018-09-26 20:21:00,-0.103253550026011
2018-09-26 20:24:00,-0.037660385460412726
2018-09-26 20:27:00,-0.10312553479457165
2018-09-26 20:30:00,-0.10313690961015709
2018-09-26 20:33:00,-0.09916354047339837
2018-09-26 20:36:00,-0.059683810583578634
2018-09-26 20:39:00,-0.08945988443224451
2018-09-26 20:42:00,-0.14415913519741252
2018-09-26 20:45:00,-0.11611350235267537
2018-09-26 20:48:00,-0.15933254990051182
2018-09-26 20:51:00,-0.1252482086042619
2018-09-26 20:54:00,-0.08946126296183365
2018-09-26 20:57:00,-0.08652459494084042
2018-09-26 21:00:00,-0.06973452307761363
2018-09-26 21:03:00,-0.09490399717310538
2018-09-26 21:06:00,-0.022110142804194766
2018-09-26 21:09:00,-0.009116117076246155
2018-09-26 21:12:00,-0.018188878653802476
2018-09-26 21:15:00,-0.005032463296174683
2018-09-26 21:18:00,-0.0589357107103865
2018-09-26 21:21:00,0.02367800478435811
2018-09-26 21:24:00,0.03413185612964753
2018-09-26 21:27:00,-0.03524452492126784
2018-09-26 21:30:00,0.044602673049780606
2018-09-26 21:33:00,0.14346325451168696
2018-09-26 21:36:00,0.16443965937230587
2018-09-26 21:39:00,0.17998048709682735
2018-09-26 21:42:00,0.16190079712276884
2018-09-26 21:45:00,-0.07529751748990066
2018-09-26 21:48:00,-0.14558740035289475
2018-09-26 21:51:00,-0.050953491705058696
2018-09-26 21:54:00,-0.01120580212909772
2018-09-26 21:57:00,-0.011855619020082031
2018-09-26 22:00:00,-0.11424015675510191
2018-09-26 22:03:00,-0.14249400672326828
2018-09-26 22:06:00,-0.057924591913717904
2018-09-26 22:09:00,0.012210511290390968
2018-09-26 22:12:00,0.04838293465576271
2018-09-26 22:15:00,0.19153826398780893
2018-09-26 22:18:00,0.09768902519351741
2018-09-26 22:21:00,0.006592828711973198
2018-09-26 22:24:00,-0.09342478168997559
2018-09-26 22:27:00,0.06563674151141186
2018-09-26 22:30:00,0.06855184653989
2018-09-26 22:33:00,0.3277095498854692
2018-09-26 22:36:00,0.6312154511939525
2018-09-26 22:39:00,0.7498440614386368
2018-09-26 22:42:00,0.692031876089743
2018-09-26 22:45:00,0.7942410341253776
2018-09-26 22:48:00,0.7134167989022444
2018-09-26 22:51:00,0.6886693690927927
2018-09-26 22:54:00,0.6567769678583772
2018-09-26 22:57:00,0.6495951876981962
2018-09-26 23:00:00,0.6765866293479235
2018-09-26 23:03:00,0.6875238624581925
2018-09-26 23:06:00,0.7160069152230903
2018-09-26 23:09:00,0.6638512675876882
2018-09-26 23:12:00,0.5782831109120821
2018-09-26 23:15:00,0.6357883378232714
2018-09-26 23:18:00,0.7003430352829128
2018-09-26 23:21:00,0.629867881935354
2018-09-26 23:24:00,0.6284550137866063
2018-09-26 23:27:00,0.6737306060717856
2018-09-26 23:30:00,0.5864727716622156
2018-09-26 23:33:00,0.5645143464313946
2018-09-26 23:36:00,0.6157485741600226
2018-09-26 23:39:00,0.6305051734372569
2018-09-26 23:42:00,0.6460072738223062
2018-09-26 23:45:00,0.6340306648202159
2018-09-26 23:48:00,0.6584931832696839
2018-09-26 23:51:00,0.5493135418804513
2018-09-26 23:54:00,0.4448459874997752
2018-09-26 23:57:00,0.3227130889479213
2018-09-27 00:00:00,0.28417769875233034
2018-09-27 00:03:00,0.26448200034070624
2018-09-27 00:06:00,0.2876911403695317
2018-09-27 00:09:00,0.18766907526190835
2018-09-27 00:12:00,0.1898801558085097
2018-09-27 00:15:00,0.2731998898134407
2018-09-27 00:18:00,0.2018090322316084
2018-09-27 00:21:00,0.20997107472561538
2018-09-27 00:24:00,0.0965377195441306
2018-09-27 00:27:00,0.11792220667331321
2018-09-27 00:30:00,0.130988272800721
2018-09-27 00:33:00,0.23731788697216416
2018-09-27 00:36:00,0.2620563295453735
2018-09-27 00:39:00,0.17515797230635144
2018-09-27 00:42:00,0.12297489250539684
2018-09-27 00:45:00,0.22759783810516865
2018-09-27 00:48:00,0.20484874172808532
2018-09-27 00:51:00,0.15277366760665245
2018-09-27 00:54:00,0.31146055642136616
2018-09-27 00:57:00,0.33543703517415224
2018-09-27 01:00:00,0.2761011038679726
2018-09-27 01:03:00,0.24270302840329805
2018-09-27 01:06:00,0.22189457151444003
2018-09-27 01:09:00,0.20312343854084247
2018-09-27 01:12:00,0.272727095931657
2018-09-27 01:15:00,0.38867380872750346
2018-09-27 01:18:00,0.354625707155094
2018-09-27 01:21:00,0.42020227345471994
2018-09-27 01:24:00,0.3765430173038453
2018-09-27 01:27:00,0.4373189913965234
2018-09-27 01:30:00,0.3454464134406976
2018-09-27 01:33:00,0.3175219706130292
2018-09-27 01:36:00,0.3036918125779948
2018-09-27 01:39:00,0.3385430776203293
2018-09-27 01:42:00,0.2965374023454501
2018-09-27 01:45:00,0.38918495974809275
2018-09-27 01:48:00,0.42758456121191557
2018-09-27 01:51:00,0.2803453953617918
2018-09-27 01:54:00,0.2648346305664404
2018-09-27 01:57:00,0.3124795012846562
2018-09-27 02:00:00,0.37980773963198544
2018-09-27 02:03:00,0.4353998508393033
2018-09-27 02:06:00,0.46478023448884187
2018-09-27 02:09:00,0.5828909839369771
2018-09-27 02:12:00,0.49780166490745614
2018-09-27 02:15:00,0.530850872575229
2018-09-27 02:18:00,0.5244717595524548
2018-09-27 02:21:00,0.43507234426584773
2018-09-27 02:24:00,0.5030600990282323
2018-09-27 02:27:00,0.6060035123664989
2018-09-27 02:30:00,0.5342922753131916
2018-09-27 02:33:00,0.6494853977732191
2018-09-27 02:36:00,0.5781174499518329
2018-09-27 02:39:00,0.4152915067097638
2018-09-27 02:42:00,0.31849737970742353
2018-09-27 02:45:00,0.29236447428252177
2018-09-27 02:48:00,0.2766093654279871
2018-09-27 02:51:00,0.30213211979253174
2018-09-27 02:54:00,0.3413525931107415
2018-09-27 02:57:00,0.3730000205898705
2018-09-27 03:00:00,0.30595586297152977
2018-09-27 03:03:00,0.31675157811577037
2018-09-27 03:06:00,0.34305482436860757
2018-09-27 03:09:00,0.3440760421375444
2018-09-27 03:12:00,0.5029459495665947
2018-09-27 03:15:00,0.435969115647481
2018-09-27 03:18:00,0.5001024865890145
2018-09-27 03:21:00,0.4985585807789903
2018-09-27 03:24:00,0.5101147518389553
2018-09-27 03:27:00,0.5187507731783398
2018-09-27 03:30:00,0.6627873732649618
2018-09-27 03:33:00,0.659725784238617
2018-09-27 03:36:00,0.7143320242334994
2018-09-27 03:39:00,0.6602860370803683
2018-09-27 03:42:00,0.5773893999171378
2018-09-27 03:45:00,0.5608616898590526
2018-09-27 03:48:00,0.6127347399713017
2018-09-27 03:51:00,0.6470802803737001
2018-09-27 03:54:00,0.6212796115829065
2018-09-27 03:57:00,0.6414167887355688
2018-09-27 04:00:00,0.4897642668182698
2018-09-27 04:03:00,0.6444307101834852
2018-09-27 04:06:00,0.5809392122009172
2018-09-27 04:09:00,0.6153305279576671
2018-09-27 04:12:00,0.5596285062495667
2018-09-27 04:15:00,0.5808436975042355
2018-09-27 04:18:00,0.5525950467035159
2018-09-27 04:21:00,0.564290994567898
2018-09-27 04:24:00,0.6253127531350628
2018-09-27 04:27:00,0.44855709392481913
2018-09-27 04:30:00,0.44551602657799094
2018-09-27 04:33:00,0.5029732926457768
2018-09-27 04:36:00,0.43160652995595683
2018-09-27 04:39:00,0.4818747486536381
2018-09-27 04:42:00,0.4227464963514649
2018-09-27 04:45:00,0.36747154513506075
2018-09-27 04:48:00,0.3573819068428179
2018-09-27 04:51:00,0.3686577161134892
2018-09-27 04:54:00,0.31247617482063106
2018-09-27 04:57:00,0.3073564745872659
2018-09-27 05:00:00,0.28811720504558025
2018-09-27 05:03:00,0.2882851047160102
2018-09-27 05:06:00,0.2476917959895104
2018-09-27 05:09:00,0.2687328178757866
2018-09-27 05:12:00,0.348492710368248
2018-09-27 05:15:00,0.2256853243121668
2018-09-27 05:18:00,0.3342561300810303
2018-09-27 05:21:00,0.3868642004037497
2018-09-27 05:24:00,0.38871323525398793
2018-09-27 05:27:00,0.3875466711816671
2018-09-27 05:30:00,0.36759457380117055
2018-09-27 05:33:00,0.4019307632530058
2018-09-27 05:36:00,0.2769355438972525
2018-09-27 05:39:00,0.35550323951287055
2018-09-27 05:42:00,0.3583249172284013
2018-09-27 05:45:00,0.37072064263463744
2018-09-27 05:48:00,0.3680413293091078
2018-09-27 05:51:00,0.4272023804383025
2018-09-27 05:54:00,0.3545976378921978
2018-09-27 05:57:00,0.3517455326766026
2018-09-27 06:00:00,0.44134634090966074
2018-09-27 06:03:00,0.2955211705345846
2018-09-27 06:06:00,0.40333288177248505
2018-09-27 06:09:00,0.2912229972827731
2018-09-27 06:12:00,0.29826532379377113
2018-09-27 06:15:00,0.24059090613013723
2018-09-27 06:18:00,0.3369486825217791
2018-09-27 06:21:00,0.3607843825138275
2018-09-27 06:24:00,0.28387801192349116
2018-09-27 06:27:00,0.35406215672395547
2018-09-27 06:30:00,0.34901587333240514
2018-09-27 06:33:00,0.39990945130875843
2018-09-27 06:36:00,0.35116230107661295
2018-09-27 06:39:00,0.38001033399331163
2018-09-27 06:42:00,0.35152855878874334
2018-09-27 06:45:00,0.3552303913226069
2018-09-27 06:48:00,0.3470721801093646
2018-09-27 06:51:00,0.35632869163811165
2018-09-27 06:54:00,0.40066820606949705
2018-09-27 06:57:00,0.326974305430781
2018-09-27 07:00:00,0.3953792883112328
2018-09-27 07:03:00,0.4280102520526725
2018-09-27 07:06:00,0.3991375011592595
2018-09-27 07:09:00,0.3678583060045071
2018-09-27 07:12:00,0.3783946251353427
2018-09-27 07:15:00,0.3503625037524216
2018-09-27 07:18:00,0.3958971578901469
2018-09-27 07:21:00,0.3836595712357962
2018-09-27 07:24:00,0.36632398039631653
2018-09-27 07:27:00,0.3829007270807665
2018-09-27 07:30:00,0.38437849213624986
2018-09-27 07:33:00,0.4364612927879534
2018-09-27 07:36:00,0.43181419406863597
2018-09-27 07:39:00,0.31091404493542996
2018-09-27 07:42:00,0.33308332563836984
2018-09-27 07:45:00,0.42600671105554966
2018-09-27 07:48:00,0.35714022022210656
2018-09-27 07:51:00,0.3871469051276222
2018-09-27 07:54:00,0.3325583894059605
2018-09-27 07:57:00,0.4335224831747837
2018-09-27 08:00:00,0.40411207082553346
2018-09-27 08:03:00,0.3893945780694139
2018-09-27 08:06:00,0.4344495092677789
2018-09-27 08:09:00,0.3455200055373666
2018-09-27 08:12:00,0.27907598908086584
2018-09-27 08:15:00,0.42701155063917895
2018-09-27 08:18:00,0.3873972560908783
2018-09-27 08:21:00,0.3351286338991031
2018-09-27 08:24:00,0.3953050418090811
2018-09-27 08:27:00,0.3250740949750366
2018-09-27 08:30:00,0.2547887896339489
2018-09-27 08:33:00,0.31164751351337827
2018-09-27 08:36:00,0.3445780156204705
2018-09-27 08:39:00,0.3057638933843805
2018-09-27 08:42:00,0.2825826296214018
2018-09-27 08:45:00,0.34124154482805125
2018-09-27 08:48:00,0.26158068887798436
2018-09-27 08:51:00,0.30643683274627165
2018-09-27 08:54:00,0.30464246035586484
2018-09-27 08:57:00,0.3605641106539679
2018-09-27 09:00:00,0.2762205421622639
2018-09-27 09:03:00,0.20261811587891998
2018-09-27 09:06:00,0.2747481444578739
2018-09-27 09:09:00,0.20640690621905833
2018-09-27 09:12:00,0.22914578565149668
2018-09-27 09:15:00,0.31357803660745276
2018-09-27 09:18:00,0.11430756555989774
2018-09-27 09:21:00,0.08185229780059444
2018-09-27 09:24:00,0.24308155066592008
2018-09-27 09:27:00,0.09390932669953145
2018-09-27 09:30:00,0.1511104152219218
2018-09-27 09:33:00,0.25331332416925534
2018-09-27 09:36:00,0.1274862894032367
2018-09-27 09:39:00,0.12492629501787178
2018-09-27 09:42:00,0.11105446494536864
2018-09-27 09:45:00,0.001481636534322206
2018-09-27 09:48:00,0.11179774973652457
2018-09-27 09:51:00,-0.03145074226898714
2018-09-27 09:54:00,0.08198151943952325
2018-09-27 09:57:00,0.06977258283592391
2018-09-27 10:00:00,0.09274771778007107
2018-09-27 10:03:00,0.0029529432317190185
2018-09-27 10:06:00,-0.04985801248960797
2018-09-27 10:09:00,0.013963608978599495
2018-09-27 10:12:00,-0.024309180070815728
2018-09-27 10:15:00,-0.012490041881392244
2018-09-27 10:18:00,-0.10696435013989003
2018-09-27 10:21:00,-0.07523943375321096
2018-09-27 10:24:00,-0.11116583852850681
2018-09-27 10:27:00,-0.15152394688919912
2018-09-27 10:30:00,-0.09668689016956478
2018-09-27 10:33:00,-0.07219109358709375
2018-09-27 10:36:00,-0.03952614786715003
2018-09-27 10:39:00,-0.07834773977111809
2018-09-27 10:42:00,-0.03698366394968389
2018-09-27 10:45:00,-0.17925160263001771
2018-09-27 10:48:00,-0.021240933025922004
2018-09-27 10:51:00,0.02154864359079056
2018-09-27 10:54:00,0.017038233650623624
2018-09-27 10:57:00,-0.059246449087936526
2018-09-27 11:00:00,-0.15204780174781263
2018-09-27 11:03:00,-0.13522204910606206
2018-09-27 11:06:00,-0.16484110012754627
2018-09-27 11:09:00,-0.12427001240979507
2018-09-27 11:12:00,-0.09939082931163057
2018-09-27 11:15:00,-0.08196774108029103
2018-09-27 11:18:00,-0.14726968116036687
2018-09-27 11:21:00,-0.1849145145712896
2018-09-27 11:24:00,-0.1462014970292671
2018-09-27 11:27:00,-0.0939565074961024
2018-09-27 11:30:00,-0.10527869599860651
2018-09-27 11:33:00,-0.22988174594712518
2018-09-27 11:36:00,-0.1459255786058975
2018-09-27 11:39:00,-0.09567731308300154
2018-09-27 11:42:00,-0.09431648511196045
2018-09-27 11:45:00,-0.13312796382268743
2018-09-27 11:48:00,-0.14772554221474365
2018-09-27 11:51:00,-0.03676722734348914
2018-09-27 11:54:00,0.009754994634306513
2018-09-27 11:57:00,-0.062083041693483665
2018-09-27 12:00:00,-0.07767061828906208
2018-09-27 12:03:00,-0.0391495785259508
2018-09-27 12:06:00,0.003705477503615384
2018-09-27 12:09:00,-0.06849190975242436
2018-09-27 12:12:00,-0.09058308064902576
2018-09-27 12:15:00,-0.14803194067047798
2018-09-27 12:18:00,-0.3047737875691041
2018-09-27 12:21:00,-0.25811151576141356
2018-09-27 12:24:00,-0.06602749392669693
2018-09-27 12:27:00,-0.07058796443561732
2018-09-27 12:30:00,-0.0027624898965541433
2018-09-27 12:33:00,0.04699106441302092
2018-09-27 12:36:00,0.14661493214020993
2018-09-27 12:39:00,0.21955333066910043
2018-09-27 12:42:00,0.1367590016543545
2018-09-27 12:45:00,-0.040566800891838284
2018-09-27 12:48:00,0.10011824584285023
2018-09-27 12:51:00,-0.05820412768719052
2018-09-27 12:54:00,-0.130452918402284
2018-09-27 12:57:00,-0.15959105963838738
2018-09-27 13:00:00,-0.12093763569208704
2018-09-27 13:03:00,0.009894863714123403
2018-09-27 13:06:00,0.05415152966293135
2018-09-27 13:09:00,0.33816026793698484
2018-09-27 13:12:00,0.3999247025925001
2018-09-27 13:15:00,0.33187643869723615
2018-09-27 13:18:00,0.05083899994144758
2018-09-27 13:21:00,0.12954749668676868
2018-09-27 13:24:00,0.16812185343400188
2018-09-27 13:27:00,0.08416813374799403
2018-09-27 13:30:00,0.11789291323952966
2018-09-27 13:33:00,0.11031202702326937
2018-09-27 13:36:00,0.1958686829870544
2018-09-27 13:39:00,0.21456869781678733
2018-09-27 13:42:00,0.17447413363697706
2018-09-27 13:45:00,0.33613827284585795
2018-09-27 13:48:00,0.44644498814744793
2018-09-27 13:51:00,0.5721094688457242
2018-09-27 13:54:00,0.5941352044300174
2018-09-27 13:57:00,0.30595013720693487
2018-09-27 14:00:00,0.14107970599792452
2018-09-27 14:03:00,0.11764470147176098
2018-09-27 14:06:00,0.26578604546000406
2018-09-27 14:09:00,0.2299261046859442
2018-09-27 14:12:00,0.19645279791274106
2018-09-27 14:15:00,0.13285547068744563
2018-09-27 14:18:00,0.002194570237691096
2018-09-27 14:21:00,-0.047483320106096016
2018-09-27 14:24:00,-0.12022775114257911
2018-09-27 14:27:00,-0.13174285106669004
2018-09-27 14:30:00,-0.17606432952067053
2018-09-27 14:33:00,-0.2088732147865926
2018-09-27 14:36:00,-0.18433373542040954
2018-09-27 14:39:00,-0.13933969778184974
2018-09-27 14:42:00,-0.17285484551581476
2018-09-27 14:45:00,-0.04787512606293376
2018-09-27 14:48:00,-0.13987977497680504
2018-09-27 14:51:00,-0.23298544104829944
2018-09-27 14:54:00,-0.05218713026158639
2018-09-27 14:57:00,-0.14222372133065164
2018-09-27 15:00:00,-0.10989437544566272
2018-09-27 15:03:00,-0.07150280764221861
2018-09-27 15:06:00,0.011108110871816734
2018-09-27 15:09:00,0.16204368407085212
2018-09-27 15:12:00,0.10065963478700723
2018-09-27 15:15:00,0.09569818107263472
2018-09-27 15:18:00,0.10309046370059605
2018-09-27 15:21:00,0.12660232251494108
2018-09-27 15:24:00,0.12941049603415422
2018-09-27 15:27:00,0.14047318303386191
2018-09-27 15:30:00,-0.06766673496110798
2018-09-27 15:33:00,0.011802489725937448
2018-09-27 15:36:00,0.23235824761655977
2018-09-27 15:39:00,0.27733191875631746
2018-09-27 15:42:00,0.34879868852641494
2018-09-27 15:45:00,0.4122739633399988
2018-09-27 15:48:00,0.22211860301234765
2018-09-27 15:51:00,-0.12859734316361937
2018-09-27 15:54:00,0.030133067598171692
2018-09-27 15:57:00,-0.056508255142034614
2018-09-27 16:00:00,-0.3530355023208358
2018-09-27 16:03:00,-0.19578593691994683
2018-09-27 16:06:00,-0.28659555702836315
2018-09-27 16:09:00,-0.32997008436638
2018-09-27 16:12:00,-0.3471947598118277
2018-09-27 16:15:00,-0.18474102699661898
2018-09-27 16:18:00,-0.056174470640939944
2018-09-27 16:21:00,-0.08103135236001435
2018-09-27 16:24:00,-0.13791984489313336
2018-09-27 16:27:00,0.04697271027015404
2018-09-27 16:30:00,0.1302846893812557
2018-09-27 16:33:00,0.2384578454266375
2018-09-27 16:36:00,0.11769357776734068
2018-09-27 16:39:00,0.25173148973601656
2018-09-27 16:42:00,0.3814223718489984
2018-09-27 16:45:00,0.39023995381364784
2018-09-27 16:48:00,0.3218164973798139
2018-09-27 16:51:00,0.40499885809026637
2018-09-27 16:54:00,0.8332471486122586
2018-09-27 16:57:00,0.7522088456217944
2018-09-27 17:00:00,0.7504412504646325
2018-09-27 17:03:00,0.8132415763783456
2018-09-27 17:06:00,0.9389059566409514
2018-09-27 17:09:00,0.8987239635858941
2018-09-27 17:12:00,0.7983286342409883
2018-09-27 17:15:00,0.7806114559462571
2018-09-27 17:18:00,0.7180898187666003
2018-09-27 17:21:00,0.7544919730148081
2018-09-27 17:24:00,0.7608301325545312
2018-09-27 17:27:00,0.5570398061529431
2018-09-27 17:30:00,0.46728222483659465
2018-09-27 17:33:00,0.3928353625531713
2018-09-27 17:36:00,0.3551981883064741
2018-09-27 17:39:00,0.4686004018273593
2018-09-27 17:42:00,0.3440607571592409
2018-09-27 17:45:00,0.36086383932274657
2018-09-27 17:48:00,0.4277392991556326
2018-09-27 17:51:00,0.41188891414071804
2018-09-27 17:54:00,0.49611449042402
2018-09-27 17:57:00,0.4618242570295479
2018-09-27 18:00:00,0.4000093606546784
2018-09-27 18:03:00,0.4037495720149309
2018-09-27 18:06:00,0.4176241527057414
2018-09-27 18:09:00,0.2652215701202181
2018-09-27 18:12:00,0.14189720977969955
2018-09-27 18:15:00,0.3345104029477852
2018-09-27 18:18:00,0.3755059910134264
2018-09-27 18:21:00,0.506553987891948
2018-09-27 18:24:00,0.4905724883041671
2018-09-27 18:27:00,0.5433136185125704
2018-09-27 18:30:00,0.429795409501196
2018-09-27 18:33:00,0.4668143257562747
2018-09-27 18:36:00,0.4310755175840768
2018-09-27 18:39:00,0.4765584436037784
2018-09-27 18:42:00,0.4880032835122847
2018-09-27 18:45:00,0.48449748270377313
2018-09-27 18:48:00,0.4918415308266617
2018-09-27 18:51:00,0.5331848906167238
2018-09-27 18:54:00,
2018-09-27 18:57:00,
2018-09-27 19:00:00,
2018-09-27 19:03:00,0.49427759973173124
2018-09-27 19:06:00,0.44042555304901043
2018-09-27 19:09:00,0.49452454491887465
2018-09-27 19:12:00,0.4710077516295996
2018-09-27 19:15:00,0.5328868549304957
2018-09-27 19:18:00,0.5277848359353356
2018-09-27 19:21:00,0.5340094170867928
2018-09-27 19:24:00,0.4942151964139043
2018-09-27 19:27:00,0.5642339289628353
2018-09-27 19:30:00,0.5788048685641911
2018-09-27 19:33:00,0.4540050603642385
2018-09-27 19:36:00,0.4854236943050978
2018-09-27 19:39:00,0.46905139147816044
2018-09-27 19:42:00,0.46990645637117723
2018-09-27 19:45:00,0.38428850762318234
2018-09-27 19:48:00,0.3700426490992186
2018-09-27 19:51:00,0.4716123367764453
2018-09-27 19:54:00,0.4189312754748471
2018-09-27 19:57:00,0.35898719026693016
2018-09-27 20:00:00,0.38604787982274047
2018-09-27 20:03:00,0.3531726467376757
2018-09-27 20:06:00,0.3839167333725868
2018-09-27 20:09:00,0.3659952208502091
2018-09-27 20:12:00,0.43565681010557
2018-09-27 20:15:00,0.35359337072941344
2018-09-27 20:18:00,0.3123058475391076
2018-09-27 20:21:00,0.46285473656581644
2018-09-27 20:24:00,0.43902521661181027
2018-09-27 20:27:00,0.22526218271241305
2018-09-27 20:30:00,0.33540854140312604
2018-09-27 20:33:00,0.385180273128924
2018-09-27 20:36:00,0.37966489093940936
2018-09-27 20:39:00,0.46074569105212504
2018-09-27 20:42:00,0.36512664379955595
2018-09-27 20:45:00,0.32633160075658907
2018-09-27 20:48:00,0.42334395612869
2018-09-27 20:51:00,0.3408401149137603
2018-09-27 20:54:00,0.4612495462702668
2018-09-27 20:57:00,0.43412722271403936
2018-09-27 21:00:00,0.3434389436291667
2018-09-27 21:03:00,0.43345508197370464
2018-09-27 21:06:00,0.4531756738489321
2018-09-27 21:09:00,0.4423747723060387
2018-09-27 21:12:00,0.4142332462588456
2018-09-27 21:15:00,0.3784726491049355
2018-09-27 21:18:00,0.4724706988591265
2018-09-27 21:21:00,0.39057380362567073
2018-09-27 21:24:00,0.36153872771058104
2018-09-27 21:27:00,0.375479288846293
2018-09-27 21:30:00,0.3482783126138429
2018-09-27 21:33:00,0.3475174766652458
2018-09-27 21:36:00,0.42541316451433886
2018-09-27 21:39:00,0.39140218691619566
2018-09-27 21:42:00,0.4174997838039758
2018-09-27 21:45:00,0.36451761768296365
2018-09-27 21:48:00,0.38934596592690696
2018-09-27 21:51:00,0.39673912432436964
2018-09-27 21:54:00,0.30899579931565313
2018-09-27 21:57:00,0.3311429357112843
2018-09-27 22:00:00,0.33928362297479
2018-09-27 22:03:00,0.37767057552935057
2018-09-27 22:06:00,0.2422816894467701
2018-09-27 22:09:00,0.4000904346035554
2018-09-27 22:12:00,0.43863462869717296
2018-09-27 22:15:00,0.3747913933740392
2018-09-27 22:18:00,0.3989576820097227
2018-09-27 22:21:00,0.33827463786150247
2018-09-27 22:24:00,0.36545843122127053
2018-09-27 22:27:00,0.3453735376984355
2018-09-27 22:30:00,0.34875490319296887
2018-09-27 22:33:00,0.3558370452082613
2018-09-27 22:36:00,0.41995872284906
2018-09-27 22:39:00,0.35683393339172653
2018-09-27 22:42:00,0.3524487495005246
2018-09-27 22:45:00,0.44478260195575103
2018-09-27 22:48:00,0.36688659064873264
2018-09-27 22:51:00,0.4481517249263334
2018-09-27 22:54:00,0.4617882086487839
2018-09-27 22:57:00,0.40835088559225596
2018-09-27 23:00:00,0.3981119582157362
2018-09-27 23:03:00,0.47867986940991614
2018-09-27 23:06:00,0.3696035485468201
2018-09-27 23:09:00,0.3727770410260973
2018-09-27 23:12:00,0.4314456336349508
2018-09-27 23:15:00,0.3215082845649704
2018-09-27 23:18:00,0.36236277209229684
2018-09-27 23:21:00,0.44795860591648307
2018-09-27 23:24:00,0.35202599795138667
2018-09-27 23:27:00,0.4127566065993733
2018-09-27 23:30:00,0.38694022788359916
2018-09-27 23:33:00,0.3553665626872089
2018-09-27 23:36:00,0.3580069673886328
2018-09-27 23:39:00,0.46081977281795616
2018-09-27 23:42:00,0.40336157010131046
2018-09-27 23:45:00,0.471000419235736
2018-09-27 23:48:00,0.41597077459533693
2018-09-27 23:51:00,0.4474330598404208
2018-09-27 23:54:00,0.41829438692349186
2018-09-27 23:57:00,0.4800609423177775
2018-09-28 00:00:00,0.3970745588852651
2018-09-28 00:03:00,0.3569973234399981
2018-09-28 00:06:00,0.36235455000928596
2018-09-28 00:09:00,0.4076103593753828
2018-09-28 00:12:00,0.44310106613755806
2018-09-28 00:15:00,0.38854479175222423
2018-09-28 00:18:00,0.349954163003531
2018-09-28 00:21:00,0.41739580096583495
2018-09-28 00:24:00,0.3958038421297374
2018-09-28 00:27:00,0.4355145877739801
2018-09-28 00:30:00,0.4459966467868526
2018-09-28 00:33:00,0.4499319833826121
2018-09-28 00:36:00,0.41912834569421875
2018-09-28 00:39:00,0.39240818030316404
2018-09-28 00:42:00,0.3944769160079318
2018-09-28 00:45:00,0.45193943306929896
2018-09-28 00:48:00,0.4682509868230227
2018-09-28 00:51:00,0.37719546403650384
2018-09-28 00:54:00,0.45128488606491146
2018-09-28 00:57:00,0.440039430565605
2018-09-28 01:00:00,0.46074570324947217
2018-09-28 01:03:00,0.4170196349235198
2018-09-28 01:06:00,0.4609125248883288
2018-09-28 01:09:00,0.3928588796247823
2018-09-28 01:12:00,0.41596513220321185
2018-09-28 01:15:00,0.39791933516841027
2018-09-28 01:18:00,0.4779739337176352
2018-09-28 01:21:00,0.42571071210335276
2018-09-28 01:24:00,0.4264874000742793
2018-09-28 01:27:00,0.44491586712439357
2018-09-28 01:30:00,0.40412460199337374
2018-09-28 01:33:00,0.42023890008988474
2018-09-28 01:36:00,0.3828851443877852
2018-09-28 01:39:00,0.449005561589388
2018-09-28 01:42:00,0.40733876193269225
2018-09-28 01:45:00,0.3633390254624942
2018-09-28 01:48:00,0.4669460747223866
2018-09-28 01:51:00,0.3971205613217421
2018-09-28 01:54:00,0.38268091073462074
2018-09-28 01:57:00,0.3555060369608327
2018-09-28 02:00:00,0.34673086130089814
2018-09-28 02:03:00,0.3856115551386665
2018-09-28 02:06:00,0.39615067797802794
2018-09-28 02:09:00,0.34136022718388404
2018-09-28 02:12:00,0.37801699130585575
2018-09-28 02:15:00,0.36587855349347365
2018-09-28 02:18:00,0.33287990262920175
2018-09-28 02:21:00,0.40002403718642654
2018-09-28 02:24:00,0.39879476689037574
2018-09-28 02:27:00,0.43936883595046083
2018-09-28 02:30:00,0.409242426680521
2018-09-28 02:33:00,0.4984593645176574
2018-09-28 02:36:00,0.3315088587078776
2018-09-28 02:39:00,0.414599801558154
2018-09-28 02:42:00,0.4383309735957255
2018-09-28 02:45:00,0.45593300428834027
2018-09-28 02:48:00,0.402668577489635
2018-09-28 02:51:00,0.4244163298275794
2018-09-28 02:54:00,0.41020916369780025
2018-09-28 02:57:00,0.3523588218073428
2018-09-28 03:00:00,0.44740172631151154
2018-09-28 03:03:00,0.4599440886495927
2018-09-28 03:06:00,0.48092416636359303
2018-09-28 03:09:00,0.42995113676073515
2018-09-28 03:12:00,0.41813762234272644
2018-09-28 03:15:00,0.38586408129958727
2018-09-28 03:18:00,0.3862506178081162
2018-09-28 03:21:00,0.35965421720936774
2018-09-28 03:24:00,0.3114386268663907
2018-09-28 03:27:00,0.3178709370196202
2018-09-28 03:30:00,0.4080249747923972
2018-09-28 03:33:00,0.40867759945609805
2018-09-28 03:36:00,0.4071648158279686
2018-09-28 03:39:00,0.4050385028952519
2018-09-28 03:42:00,0.4229790006796179
2018-09-28 03:45:00,0.3604300558133673
2018-09-28 03:48:00,0.32775612560425316
2018-09-28 03:51:00,0.348105327116059
2018-09-28 03:54:00,0.4452479589855898
2018-09-28 03:57:00,0.3855854075110301
2018-09-28 04:00:00,0.5131451129968809
2018-09-28 04:03:00,0.404112407092839
2018-09-28 04:06:00,0.4682601292240065
2018-09-28 04:09:00,0.46899610978920236
2018-09-28 04:12:00,0.3334896241121328
2018-09-28 04:15:00,0.38577044709910524
2018-09-28 04:18:00,0.43394886035224545
2018-09-28 04:21:00,0.37943269586145334
2018-09-28 04:24:00,0.4450834403523345
2018-09-28 04:27:00,0.43969280298586
2018-09-28 04:30:00,0.4008636517969535
2018-09-28 04:33:00,0.3456874094068212
2018-09-28 04:36:00,0.393716209753336
2018-09-28 04:39:00,0.40364519700125356
2018-09-28 04:42:00,0.4467509713755362
2018-09-28 04:45:00,0.43911945733697166
2018-09-28 04:48:00,0.394520000121247
2018-09-28 04:51:00,0.43952723646151526
2018-09-28 04:54:00,0.36092067549458307
2018-09-28 04:57:00,0.3983894776422403
2018-09-28 05:00:00,0.45063163326216227
2018-09-28 05:03:00,0.44288531325184977
2018-09-28 05:06:00,0.3978951390526504
2018-09-28 05:09:00,0.30941437031538044
2018-09-28 05:12:00,0.4823856308048562
2018-09-28 05:15:00,0.4248222697492565
2018-09-28 05:18:00,0.41073033903239775
2018-09-28 05:21:00,0.410855838614566
2018-09-28 05:24:00,0.29320732696601226
2018-09-28 05:27:00,0.38039801676649176
2018-09-28 05:30:00,0.4488516220711176
2018-09-28 05:33:00,0.4301119913748721
2018-09-28 05:36:00,0.425692506446012
2018-09-28 05:39:00,0.3121511094227003
2018-09-28 05:42:00,0.3901826955151364
2018-09-28 05:45:00,0.3649830571799839
2018-09-28 05:48:00,0.34605756259497866
2018-09-28 05:51:00,0.32272838721377184
2018-09-28 05:54:00,0.4198365334656273
2018-09-28 05:57:00,0.3928923163468312
2018-09-28 06:00:00,0.40119202910176455
2018-09-28 06:03:00,0.3973886787323977
2018-09-28 06:06:00,0.3664479483607579
2018-09-28 06:09:00,0.4139749286383676
2018-09-28 06:12:00,0.37956551300669616
2018-09-28 06:15:00,0.3796882766633871
2018-09-28 06:18:00,0.2865649051095147
2018-09-28 06:21:00,0.3341962902046589
2018-09-28 06:24:00,0.2965050961920497
2018-09-28 06:27:00,0.31297865934431
2018-09-28 06:30:00,0.35470032414457364
2018-09-28 06:33:00,0.4187615261859037
2018-09-28 06:36:00,0.3968252402141843
2018-09-28 06:39:00,0.41805522530671624
2018-09-28 06:42:00,0.34558950222128715
2018-09-28 06:45:00,0.3936684243611239
2018-09-28 06:48:00,0.29499465611780806
2018-09-28 06:51:00,0.36682346541289235
2018-09-28 06:54:00,0.3538511419791348
2018-09-28 06:57:00,0.26370717955876444
2018-09-28 07:00:00,0.27798363469315746
2018-09-28 07:03:00,0.2791585589048964
2018-09-28 07:06:00,0.43813962772981085
2018-09-28 07:09:00,0.32751065303267524
2018-09-28 07:12:00,0.3119145838076065
2018-09-28 07:15:00,0.36097191837609444
2018-09-28 07:18:00,0.43253354962922685
2018-09-28 07:21:00,0.27293443021147823
2018-09-28 07:24:00,0.31041516568478755
2018-09-28 07:27:00,0.38767289039674324
2018-09-28 07:30:00,0.39614312109512184
2018-09-28 07:33:00,0.2982726133256506
2018-09-28 07:36:00,0.32297269004277496
2018-09-28 07:39:00,0.32007727625358484
2018-09-28 07:42:00,0.3346868357747894
2018-09-28 07:45:00,0.4220843425483167
2018-09-28 07:48:00,0.4235141088856267
2018-09-28 07:51:00,0.29720868757942753
2018-09-28 07:54:00,0.34726277011463935
2018-09-28 07:57:00,0.3411432549017377
2018-09-28 08:00:00,0.29720022339392926
2018-09-28 08:03:00,0.36924275802886086
2018-09-28 08:06:00,0.31899285852227877
2018-09-28 08:09:00,0.35379751171979024
2018-09-28 08:12:00,0.32878099543478356
2018-09-28 08:15:00,0.40439421147169696
2018-09-28 08:18:00,0.27369069910844246
2018-09-28 08:21:00,0.3316735269504534
2018-09-28 08:24:00,0.3903543045682909
2018-09-28 08:27:00,0.45496999705221697
2018-09-28 08:30:00,0.3404128044215895
2018-09-28 08:33:00,0.24399852090448348
2018-09-28 08:36:00,0.21536147249980786
2018-09-28 08:39:00,0.2381563364827457
2018-09-28 08:42:00,0.3437291986682567
2018-09-28 08:45:00,0.23062593403824394
2018-09-28 08:48:00,0.2807720113482901
2018-09-28 08:51:00,0.336907026200322
2018-09-28 08:54:00,0.2367766685931656
2018-09-28 08:57:00,0.2349279114229148
2018-09-28 09:00:00,0.3935182665101138
2018-09-28 09:03:00,0.18163572393012828
2018-09-28 09:06:00,0.27800073363454203
2018-09-28 09:09:00,0.21325215895382144
2018-09-28 09:12:00,0.3384711696381828
2018-09-28 09:15:00,0.2550558918163688
2018-09-28 09:18:00,0.3410649384399562
2018-09-28 09:21:00,0.3350017480083807
2018-09-28 09:24:00,0.23784454251654097
2018-09-28 09:27:00,0.27885313190705574
2018-09-28 09:30:00,0.27289694759031136
2018-09-28 09:33:00,0.18185450382532053
2018-09-28 09:36:00,0.1705796937981745
2018-09-28 09:39:00,0.2298776607509012
2018-09-28 09:42:00,0.25887227289325665
2018-09-28 09:45:00,0.20191610623231782
2018-09-28 09:48:00,0.16017928472405174
2018-09-28 09:51:00,0.12650080635330596
2018-09-28 09:54:00,0.1926133989014147
2018-09-28 09:57:00,0.12090609303413657
2018-09-28 10:00:00,0.09133632443951001
2018-09-28 10:03:00,0.157711358634117
2018-09-28 10:06:00,0.24159252404552944
2018-09-28 10:09:00,0.19371329349604594
2018-09-28 10:12:00,0.08085592825455024
2018-09-28 10:15:00,0.15044644487051073
2018-09-28 10:18:00,0.08429118267889635
2018-09-28 10:21:00,0.07314985259716877
2018-09-28 10:24:00,0.04333164949093771
2018-09-28 10:27:00,0.04081140285461515
2018-09-28 10:30:00,0.019493721166043088
2018-09-28 10:33:00,0.00029647724085180016
2018-09-28 10:36:00,-0.05416820033639169
2018-09-28 10:39:00,-0.036961134891441816
2018-09-28 10:42:00,-0.02882692863028069
2018-09-28 10:45:00,0.02211526549933751
2018-09-28 10:48:00,-0.09260982468896373
2018-09-28 10:51:00,-0.08749609217704801
2018-09-28 10:54:00,-0.16707801527621768
2018-09-28 10:57:00,-0.034986835806705585
2018-09-28 11:00:00,-0.13553205617341746
2018-09-28 11:03:00,-0.12038462118817961
2018-09-28 11:06:00,-0.1946899273958138
2018-09-28 11:09:00,-0.27122227145906663
2018-09-28 11:12:00,-0.2534270018696816
2018-09-28 11:15:00,-0.2247100609782251
2018-09-28 11:18:00,-0.1659857317542901
2018-09-28 11:21:00,-0.20697714575294412
2018-09-28 11:24:00,-0.26315827865215624
2018-09-28 11:27:00,-0.27728521103341564
2018-09-28 11:30:00,-0.27535969863788523
2018-09-28 11:33:00,-0.32174152310972204
2018-09-28 11:36:00,-0.26032475025141366
2018-09-28 11:39:00,-0.22999182553451192
2018-09-28 11:42:00,-0.27058826681650316
2018-09-28 11:45:00,-0.23216206215909096
2018-09-28 11:48:00,-0.22440205844577576
2018-09-28 11:51:00,-0.2846191395063329
2018-09-28 11:54:00,-0.21007241983556924
2018-09-28 11:57:00,-0.25472021604014117
2018-09-28 12:00:00,-0.3273037871762199
2018-09-28 12:03:00,-0.3181159836473739
2018-09-28 12:06:00,-0.3170109442717717
2018-09-28 12:09:00,-0.2749133978622922
2018-09-28 12:12:00,-0.31427590338068967
2018-09-28 12:15:00,-0.2982552309852622
2018-09-28 12:18:00,-0.33366792333174544
2018-09-28 12:21:00,-0.2784197135737827
2018-09-28 12:24:00,-0.27054644476271505
2018-09-28 12:27:00,-0.37579401258165035
2018-09-28 12:30:00,-0.34485877564168277
2018-09-28 12:33:00,-0.44227760317517095
2018-09-28 12:36:00,-0.40207751916915413
2018-09-28 12:39:00,-0.41753149543609425
2018-09-28 12:42:00,-0.28339627531926226
2018-09-28 12:45:00,-0.35344207930467064
2018-09-28 12:48:00,-0.36840189629748465
2018-09-28 12:51:00,-0.45705874049286876
2018-09-28 12:54:00,-0.3736160500977803
2018-09-28 12:57:00,-0.44138509143982674
2018-09-28 13:00:00,-0.27183166053083596
2018-09-28 13:03:00,-0.42528135997582694
2018-09-28 13:06:00,-0.4568216465382875
2018-09-28 13:09:00,-0.5100707433349498
2018-09-28 13:12:00,-0.41774766786943474
2018-09-28 13:15:00,-0.4093494767557786
2018-09-28 13:18:00,-0.2708233376046678
2018-09-28 13:21:00,-0.25894512540094183
2018-09-28 13:24:00,-0.3522398800424753
2018-09-28 13:27:00,-0.294631914503384
2018-09-28 13:30:00,-0.4701588202937046
2018-09-28 13:33:00,-0.35205370456111496
2018-09-28 13:36:00,-0.45836265368751583
2018-09-28 13:39:00,-0.40277050675445025
2018-09-28 13:42:00,-0.3314640251626315
2018-09-28 13:45:00,-0.2777050771252334
2018-09-28 13:48:00,-0.2686322918240194
2018-09-28 13:51:00,-0.22755521769164488
2018-09-28 13:54:00,-0.3786033605155126
2018-09-28 13:57:00,-0.36959177880282823
2018-09-28 14:00:00,-0.49258776243260627
2018-09-28 14:03:00,-0.3723728600207892
2018-09-28 14:06:00,-0.4995655638398375
2018-09-28 14:09:00,-0.4228927362425452
2018-09-28 14:12:00,-0.28515970586227013
2018-09-28 14:15:00,-0.35472748088352546
2018-09-28 14:18:00,-0.3364671269397377
2018-09-28 14:21:00,-0.3231844095411134
2018-09-28 14:24:00,-0.3139567464710922
2018-09-28 14:27:00,-0.3153187723449946
2018-09-28 14:30:00,-0.30500433253985193
2018-09-28 14:33:00,-0.2747970189867033
2018-09-28 14:36:00,-0.2191628847797915
2018-09-28 14:39:00,-0.148457314951429
2018-09-28 14:42:00,-0.25402247375632214
2018-09-28 14:45:00,-0.24016679725730228
2018-09-28 14:48:00,-0.22855756148646833
2018-09-28 14:51:00,-0.028081847873295374
2018-09-28 14:54:00,-0.15152145234765158
2018-09-28 14:57:00,-0.16730206619916999
2018-09-28 15:00:00,-0.20062482098103374
2018-09-28 15:03:00,-0.286169648556438
2018-09-28 15:06:00,-0.27717459515537257
2018-09-28 15:09:00,-0.3267569446104517
2018-09-28 15:12:00,-0.3734026149624583
2018-09-28 15:15:00,-0.40334714165192054
2018-09-28 15:18:00,-0.32113273982747614
2018-09-28 15:21:00,-0.15320769771903997
2018-09-28 15:24:00,-0.20712251152247063
2018-09-28 15:27:00,-0.20669087364842653
2018-09-28 15:30:00,-0.25430607507991
2018-09-28 15:33:00,-0.1722389256000838
2018-09-28 15:36:00,-0.1949184921164715
2018-09-28 15:39:00,-0.05059752679642315
2018-09-28 15:42:00,-0.08867398966270912
2018-09-28 15:45:00,-0.041633159410366716
2018-09-28 15:48:00,0.011244044187208146
2018-09-28 15:51:00,0.08635075312980689
2018-09-28 15:54:00,0.05249139414246429
2018-09-28 15:57:00,0.00409195171829424
2018-09-28 16:00:00,0.14236632920813008
2018-09-28 16:03:00,0.036200627586879364
2018-09-28 16:06:00,0.16459166296397143
2018-09-28 16:09:00,0.03907999837872467
2018-09-28 16:12:00,0.31322503972688764
2018-09-28 16:15:00,0.27519143959472103
2018-09-28 16:18:00,0.1933259353872927
2018-09-28 16:21:00,0.15420838554098282
2018-09-28 16:24:00,0.055579812861083155
2018-09-28 16:27:00,0.09507853272799593
2018-09-28 16:30:00,0.14038834200295014
2018-09-28 16:33:00,0.24460605763636067
2018-09-28 16:36:00,0.15210317349703928
2018-09-28 16:39:00,0.07280410716771257
2018-09-28 16:42:00,-0.03274785974394945
2018-09-28 16:45:00,0.050245463208170804
2018-09-28 16:48:00,0.1270634451859678
2018-09-28 16:51:00,-0.020526421719807786
2018-09-28 16:54:00,-0.015699927501714228
2018-09-28 16:57:00,0.017821397423517737
2018-09-28 17:00:00,0.0505771980012355
2018-09-28 17:03:00,0.004887600311803908
2018-09-28 17:06:00,0.14181334688248626
2018-09-28 17:09:00,0.12994833098986192
2018-09-28 17:12:00,0.1250754296336254
2018-09-28 17:15:00,0.0010244422555274468
2018-09-28 17:18:00,-0.04560012149840986
2018-09-28 17:21:00,0.051785704314283976
2018-09-28 17:24:00,0.09307793272489562
2018-09-28 17:27:00,0.09272915423866834
2018-09-28 17:30:00,0.12500063198206135
2018-09-28 17:33:00,0.08521687705712111
2018-09-28 17:36:00,0.08303165664005974
2018-09-28 17:39:00,0.14785566920443216
2018-09-28 17:42:00,0.13265859722764617
2018-09-28 17:45:00,0.18279477817702627
2018-09-28 17:48:00,0.17065149418505143
2018-09-28 17:51:00,0.19649953746176152
2018-09-28 17:54:00,0.22125251173116567
2018-09-28 17:57:00,0.1390549016211935
2018-09-28 18:00:00,0.22566969170662787
2018-09-28 18:03:00,0.18875656406817143
2018-09-28 18:06:00,0.06428090158487976
2018-09-28 18:09:00,0.03145815841020294
2018-09-28 18:12:00,0.098549662526068
2018-09-28 18:15:00,0.03554627986841297
2018-09-28 18:18:00,0.025285582066771894
2018-09-28 18:21:00,0.05608205554977985
2018-09-28 18:24:00,0.057080836553438985
2018-09-28 18:27:00,0.03126667516590942
2018-09-28 18:30:00,0.10188450581119923
2018-09-28 18:33:00,0.05321351278075781
2018-09-28 18:36:00,0.022959130142453432
2018-09-28 18:39:00,0.028320877446901704
2018-09-28 18:42:00,0.11342627760944879
2018-09-28 18:45:00,0.05251193701633383
2018-09-28 18:48:00,0.15312098864751533
2018-09-28 18:51:00,0.040918818956129144
2018-09-28 18:54:00,
2018-09-28 18:57:00,
2018-09-28 19:00:00,
2018-09-28 19:03:00,0.22786131152696498
2018-09-28 19:06:00,0.049555140153188404
2018-09-28 19:09:00,0.14792840352703251
2018-09-28 19:12:00,0.07822606001622034
2018-09-28 19:15:00,0.04418586094152488
2018-09-28 19:18:00,0.07030625266133939
2018-09-28 19:21:00,0.14324623692164096
2018-09-28 19:24:00,0.15450828078684253
2018-09-28 19:27:00,0.09142602367268182
2018-09-28 19:30:00,0.0710421246579358
2018-09-28 19:33:00,-0.009141361120271085
2018-09-28 19:36:00,0.07103196179690485
2018-09-28 19:39:00,0.12976499366931193
2018-09-28 19:42:00,0.09204671182288848
2018-09-28 19:45:00,0.07800715020579219
2018-09-28 19:48:00,0.08585449018448799
2018-09-28 19:51:00,0.18531361581432293
2018-09-28 19:54:00,0.12135215326401294
2018-09-28 19:57:00,0.10713445936841026
2018-09-28 20:00:00,0.1425304184544416
2018-09-28 20:03:00,0.06914147427357875
2018-09-28 20:06:00,0.010366230087583972
2018-09-28 20:09:00,0.03667486119360319
2018-09-28 20:12:00,0.1179102690283571
2018-09-28 20:15:00,0.04378990115117176
2018-09-28 20:18:00,0.08173534059574195
2018-09-28 20:21:00,0.10900699805932845
2018-09-28 20:24:00,0.16137926276678627
2018-09-28 20:27:00,0.10089273077198868
2018-09-28 20:30:00,0.1316576732368162
2018-09-28 20:33:00,0.09463288531992475
2018-09-28 20:36:00,0.18081348211609338
2018-09-28 20:39:00,0.09918983297023942
2018-09-28 20:42:00,0.21860455449865412
2018-09-28 20:45:00,0.08927159638108151
2018-09-28 20:48:00,0.16756498335388414
2018-09-28 20:51:00,0.20175291208681756
2018-09-28 20:54:00,0.2938229130185164
2018-09-28 20:57:00,0.2660961909410844
2018-09-28 21:00:00,0.2374337648901701
2018-09-28 21:03:00,0.1348837968013754
2018-09-28 21:06:00,0.14491401514288782
2018-09-28 21:09:00,0.21505875846708022
2018-09-28 21:12:00,0.19801485227560534
2018-09-28 21:15:00,0.24354645134900466
2018-09-28 21:18:00,0.41708397917824414
2018-09-28 21:21:00,0.3824064037628432
2018-09-28 21:24:00,0.342910690031772
2018-09-28 21:27:00,0.36709419309431723
2018-09-28 21:30:00,0.34038313878079407
2018-09-28 21:33:00,0.36791812301828486
2018-09-28 21:36:00,0.3703795339328053
2018-09-28 21:39:00,0.28511019457988596
2018-09-28 21:42:00,0.29035038218069076
2018-09-28 21:45:00,0.21012772499921084
2018-09-28 21:48:00,0.16115605368992192
2018-09-28 21:51:00,0.1394338207688861
2018-09-28 21:54:00,0.2476001749927832
2018-09-28 21:57:00,0.349157123888574
2018-09-28 22:00:00,0.35048817540575783
2018-09-28 22:03:00,0.2714912887807941
2018-09-28 22:06:00,0.251222880392163
2018-09-28 22:09:00,0.317686877923677
2018-09-28 22:12:00,0.28344354995698495
2018-09-28 22:15:00,0.313842456863199
2018-09-28 22:18:00,0.2879237341319367
2018-09-28 22:21:00,0.2596064959824389
2018-09-28 22:24:00,0.27545268607002527
2018-09-28 22:27:00,0.2528626558312794
2018-09-28 22:30:00,0.26319651353315976
2018-09-28 22:33:00,0.2541681169769845
2018-09-28 22:36:00,0.18125131328861244
2018-09-28 22:39:00,0.1564174407075143
2018-09-28 22:42:00,0.23457776370270267
2018-09-28 22:45:00,0.16450571083004206
2018-09-28 22:48:00,0.2664228243508546
2018-09-28 22:51:00,0.25189565623628596
2018-09-28 22:54:00,0.29793478019212216
2018-09-28 22:57:00,0.30098935743859556
2018-09-28 23:00:00,0.2931151445205842
2018-09-28 23:03:00,0.28049466957884306
2018-09-28 23:06:00,0.2606434294671658
2018-09-28 23:09:00,0.2517970950913764
2018-09-28 23:12:00,0.2532164649057336
2018-09-28 23:15:00,0.22765860658608972
2018-09-28 23:18:00,0.2152731696210708
2018-09-28 23:21:00,0.3596400576539054
2018-09-28 23:24:00,0.3602640525672882
2018-09-28 23:27:00,0.32191582818700226
2018-09-28 23:30:00,0.34738272913790524
2018-09-28 23:33:00,0.30517864817363716
2018-09-28 23:36:00,0.31542920658267803
2018-09-28 23:39:00,0.3667583533044194
2018-09-28 23:42:00,0.324057423203044
2018-09-28 23:45:00,0.33536992862184434
2018-09-28 23:48:00,0.3456162246219492
2018-09-28 23:51:00,0.39840832532036075
2018-09-28 23:54:00,0.35021802700157423
2018-09-28 23:57:00,0.34569292156385245
2018-09-29 00:00:00,0.3751932115603722
2018-09-29 00:03:00,0.4145330494754944
2018-09-29 00:06:00,0.332916857289149
2018-09-29 00:09:00,0.2752824127813369
2018-09-29 00:12:00,0.24968270554632
2018-09-29 00:15:00,0.2887761971234113
2018-09-29 00:18:00,0.3088889130396524
2018-09-29 00:21:00,0.3215270540268307
2018-09-29 00:24:00,0.20255004181245795
2018-09-29 00:27:00,0.39407450733034466
2018-09-29 00:30:00,0.26175891347776314
2018-09-29 00:33:00,0.39587800645171
2018-09-29 00:36:00,0.3175242068354578
2018-09-29 00:39:00,0.35907150137302324
2018-09-29 00:42:00,0.41456616875240115
2018-09-29 00:45:00,0.36216397642522224
2018-09-29 00:48:00,0.3644515487090416
2018-09-29 00:51:00,0.48625285256014195
2018-09-29 00:54:00,0.3895861319109599
2018-09-29 00:57:00,0.4469874255283912
2018-09-29 01:00:00,0.5567545795566957
2018-09-29 01:03:00,0.39239955082291544
2018-09-29 01:06:00,0.43913494630129435
2018-09-29 01:09:00,0.4458332950538306
2018-09-29 01:12:00,0.42979644736993805
2018-09-29 01:15:00,0.4270460276762833
2018-09-29 01:18:00,0.32636369442451496
2018-09-29 01:21:00,0.3205861612273111
2018-09-29 01:24:00,0.4068298776049346
2018-09-29 01:27:00,0.3283792102103007
2018-09-29 01:30:00,0.31146035702533936
2018-09-29 01:33:00,0.30829793206197564
2018-09-29 01:36:00,0.3169731570271779
2018-09-29 01:39:00,0.30770498069512087
2018-09-29 01:42:00,0.2071160277602644
2018-09-29 01:45:00,0.31265301814249824
2018-09-29 01:48:00,0.28379286934858783
2018-09-29 01:51:00,0.3433014492491111
2018-09-29 01:54:00,0.37445253995718986
2018-09-29 01:57:00,0.3026184189944843
2018-09-29 02:00:00,0.3300238477979178
2018-09-29 02:03:00,0.34562439125966193
2018-09-29 02:06:00,0.41977261571173585
2018-09-29 02:09:00,0.3596592955343567
2018-09-29 02:12:00,0.45653938405240524
2018-09-29 02:15:00,0.3691003722185542
2018-09-29 02:18:00,0.3629349712188059
2018-09-29 02:21:00,0.3518655169504541
2018-09-29 02:24:00,0.3470838318181677
2018-09-29 02:27:00,0.4317342772437769
2018-09-29 02:30:00,0.3798704145212355
2018-09-29 02:33:00,0.5205133220492826
2018-09-29 02:36:00,0.43891231805156394
2018-09-29 02:39:00,0.46756986476623297
2018-09-29 02:42:00,0.4594493863252751
2018-09-29 02:45:00,0.5200812769288063
2018-09-29 02:48:00,0.5455198389187217
2018-09-29 02:51:00,0.5569226223950636
2018-09-29 02:54:00,0.5301316538740366
2018-09-29 02:57:00,0.48398694360201944
2018-09-29 03:00:00,0.503550543244387
2018-09-29 03:03:00,0.3521061797123366
2018-09-29 03:06:00,0.39736484184965093
2018-09-29 03:09:00,0.4373571170459627
2018-09-29 03:12:00,0.4061614423121682
2018-09-29 03:15:00,0.43351134153942894
2018-09-29 03:18:00,0.42807646969214375
2018-09-29 03:21:00,0.40717019066710236
2018-09-29 03:24:00,0.42598470751221384
2018-09-29 03:27:00,0.4113557973703337
2018-09-29 03:30:00,0.4139927881776657
2018-09-29 03:33:00,0.3209442280496546
2018-09-29 03:36:00,0.3567906422806004
2018-09-29 03:39:00,0.33465838930760583
2018-09-29 03:42:00,0.4011445303254959
2018-09-29 03:45:00,0.4680508685848963
2018-09-29 03:48:00,0.3965538138132274
2018-09-29 03:51:00,0.39167979860081914
2018-09-29 03:54:00,0.3895062558961513
2018-09-29 03:57:00,0.4200347089727643
2018-09-29 04:00:00,0.3927095690611395
2018-09-29 04:03:00,0.36468243766483965
2018-09-29 04:06:00,0.4145738552879834
2018-09-29 04:09:00,0.45031937519104304
2018-09-29 04:12:00,0.4369107077874901
2018-09-29 04:15:00,0.4113207593517245
2018-09-29 04:18:00,0.382559013539435
2018-09-29 04:21:00,0.538806232276329
2018-09-29 04:24:00,0.46796435413671134
2018-09-29 04:27:00,0.4741039698648706
2018-09-29 04:30:00,0.48966077345238546
2018-09-29 04:33:00,0.4657316408539032
2018-09-29 04:36:00,0.4054630331853559
2018-09-29 04:39:00,0.3606235222299574
2018-09-29 04:42:00,0.2786646343308803
2018-09-29 04:45:00,0.38126075774221135
2018-09-29 04:48:00,0.3075018827319127
2018-09-29 04:51:00,0.4217762753897887
2018-09-29 04:54:00,0.3209956549035269
2018-09-29 04:57:00,0.39032941111372566
2018-09-29 05:00:00,0.3520849199063605
2018-09-29 05:03:00,0.348063236614621
2018-09-29 05:06:00,0.3726392493721278
2018-09-29 05:09:00,0.41080195276748555
2018-09-29 05:12:00,0.4065978130115582
2018-09-29 05:15:00,0.4495353974294858
2018-09-29 05:18:00,0.4280946665912211
2018-09-29 05:21:00,0.43856455121567706
2018-09-29 05:24:00,0.36321816317314415
2018-09-29 05:27:00,0.43952581257491374
2018-09-29 05:30:00,0.4963223178280032
2018-09-29 05:33:00,0.46048176234205584
2018-09-29 05:36:00,0.3977585236845016
2018-09-29 05:39:00,0.36585210804133794
2018-09-29 05:42:00,0.40809830075647824
2018-09-29 05:45:00,0.43333589071534107
2018-09-29 05:48:00,0.4486155801624818
2018-09-29 05:51:00,0.44942565983990335
2018-09-29 05:54:00,0.43562550537097877
2018-09-29 05:57:00,0.4229317678669986
2018-09-29 06:00:00,0.42397021915684263
2018-09-29 06:03:00,0.3617638940843335
2018-09-29 06:06:00,0.41419003550868183
2018-09-29 06:09:00,0.49321366876074535
2018-09-29 06:12:00,0.5248775567006305
2018-09-29 06:15:00,0.49144586153170167
2018-09-29 06:18:00,0.5375378392372454
2018-09-29 06:21:00,0.558607383455751
2018-09-29 06:24:00,0.4917511048043366
2018-09-29 06:27:00,0.5011621671944795
2018-09-29 06:30:00,0.5592794079659029
2018-09-29 06:33:00,0.520285920134711
2018-09-29 06:36:00,0.5072536043930995
2018-09-29 06:39:00,0.5507267628287877
2018-09-29 06:42:00,0.5420255607171498
2018-09-29 06:45:00,0.5774884073620115
2018-09-29 06:48:00,0.516197569423241
2018-09-29 06:51:00,0.4845654752066366
2018-09-29 06:54:00,0.5670537828428337
2018-09-29 06:57:00,0.5774082690710998
2018-09-29 07:00:00,0.5029855632735121
2018-09-29 07:03:00,0.5059618856633961
2018-09-29 07:06:00,0.587101761933468
2018-09-29 07:09:00,0.5279555383334582
2018-09-29 07:12:00,0.5503426996701251
2018-09-29 07:15:00,0.5883181254683336
2018-09-29 07:18:00,0.6384761721949417
2018-09-29 07:21:00,0.5491603577291357
2018-09-29 07:24:00,0.4198661345174628
2018-09-29 07:27:00,0.5025748261149943
2018-09-29 07:30:00,0.5409247993422355
2018-09-29 07:33:00,0.5309474277630102
2018-09-29 07:36:00,0.5494604060738766
2018-09-29 07:39:00,0.49785413032117276
2018-09-29 07:42:00,0.5844242732713383
2018-09-29 07:45:00,0.5942459923301726
2018-09-29 07:48:00,0.5722753877489026
2018-09-29 07:51:00,0.5899107386058517
2018-09-29 07:54:00,0.5867177449612768
2018-09-29 07:57:00,0.58367981909646
2018-09-29 08:00:00,0.615641753869852
2018-09-29 08:03:00,0.6384977610439933
2018-09-29 08:06:00,0.5667084497122232
2018-09-29 08:09:00,0.5697447793338597
2018-09-29 08:12:00,0.5326461678811825
2018-09-29 08:15:00,0.5576415919979354
2018-09-29 08:18:00,0.5798863864914665
2018-09-29 08:21:00,0.6692041920599081
2018-09-29 08:24:00,0.5862444765890586
2018-09-29 08:27:00,0.5544232048870867
2018-09-29 08:30:00,0.6108008003040482
2018-09-29 08:33:00,0.5849167119074536
2018-09-29 08:36:00,0.5355977862906229
2018-09-29 08:39:00,0.4139048403882839
2018-09-29 08:42:00,0.5772107951239036
2018-09-29 08:45:00,0.5081625689733187
2018-09-29 08:48:00,0.4526326346673386
2018-09-29 08:51:00,0.4657802621377414
2018-09-29 08:54:00,0.5537175990114065
2018-09-29 08:57:00,0.433059589272375
2018-09-29 09:00:00,0.5252275610278616
2018-09-29 09:03:00,0.3899288780505117
2018-09-29 09:06:00,0.4155555882584281
2018-09-29 09:09:00,0.4351604370988298
2018-09-29 09:12:00,0.4269625444289886
2018-09-29 09:15:00,0.3681537365906138
2018-09-29 09:18:00,0.3506520873210093
2018-09-29 09:21:00,0.35591601132250617
2018-09-29 09:24:00,0.33708482304956533
2018-09-29 09:27:00,0.29685273449598526
2018-09-29 09:30:00,0.32359354599401513
2018-09-29 09:33:00,0.40120188677991564
2018-09-29 09:36:00,0.3963199514543021
2018-09-29 09:39:00,0.25437020032018154
2018-09-29 09:42:00,0.25588537105994646
2018-09-29 09:45:00,0.22913010011569668
2018-09-29 09:48:00,0.2828267213235449
2018-09-29 09:51:00,0.24972675394747057
2018-09-29 09:54:00,0.39831529209618566
2018-09-29 09:57:00,0.27059920222006895
2018-09-29 10:00:00,0.2887375665221157
2018-09-29 10:03:00,0.26016480504227957
2018-09-29 10:06:00,0.3380302452496835
2018-09-29 10:09:00,0.21082662438743682
2018-09-29 10:12:00,0.30123747191424854
2018-09-29 10:15:00,0.18606915582256534
2018-09-29 10:18:00,0.16294836562633463
2018-09-29 10:21:00,0.20460172915534258
2018-09-29 10:24:00,0.10299026299190928
2018-09-29 10:27:00,0.13060083079932383
2018-09-29 10:30:00,0.13122940029012398
2018-09-29 10:33:00,0.11359393236119786
2018-09-29 10:36:00,0.05598930071732866
2018-09-29 10:39:00,0.03980096530165156
2018-09-29 10:42:00,0.028016824857900247
2018-09-29 10:45:00,0.054130177235265364
2018-09-29 10:48:00,0.01924699590307455
2018-09-29 10:51:00,0.11028516072792627
2018-09-29 10:54:00,-0.029963854440040905
2018-09-29 10:57:00,-0.1391020198731212
2018-09-29 11:00:00,-0.1361824621208143
2018-09-29 11:03:00,-0.005562618383692097
2018-09-29 11:06:00,-0.06799866056121573
2018-09-29 11:09:00,-0.09703659865562031
2018-09-29 11:12:00,-0.15480637385917362
2018-09-29 11:15:00,-0.11508273457138785
2018-09-29 11:18:00,-0.08922814013135394
2018-09-29 11:21:00,-0.04377922291081404
2018-09-29 11:24:00,-0.15120362211700922
2018-09-29 11:27:00,-0.16845168866700533
2018-09-29 11:30:00,-0.15678802285361826
2018-09-29 11:33:00,-0.19059170427425443
2018-09-29 11:36:00,-0.18486738599580121
2018-09-29 11:39:00,-0.22489283596331688
2018-09-29 11:42:00,-0.20525290357602444
2018-09-29 11:45:00,-0.24051031478569485
2018-09-29 11:48:00,-0.2834458277702083
2018-09-29 11:51:00,-0.18340777068624448
2018-09-29 11:54:00,-0.18564682236996077
2018-09-29 11:57:00,-0.21568206819569014
2018-09-29 12:00:00,-0.2061553557035154
2018-09-29 12:03:00,-0.23191108251239712
2018-09-29 12:06:00,-0.22246891011900516
2018-09-29 12:09:00,-0.3139539576118864
2018-09-29 12:12:00,-0.22837370553543224
2018-09-29 12:15:00,-0.2583188332925488
2018-09-29 12:18:00,-0.23102220929268924
2018-09-29 12:21:00,-0.11004106586608486
2018-09-29 12:24:00,-0.24683055620846517
2018-09-29 12:27:00,-0.108446882442081
2018-09-29 12:30:00,-0.003090912592483619
2018-09-29 12:33:00,-0.12443369269408322
2018-09-29 12:36:00,-0.24618329087195434
2018-09-29 12:39:00,-0.09268552439249333
2018-09-29 12:42:00,-0.27801651147592565
2018-09-29 12:45:00,-0.1679861960254243
2018-09-29 12:48:00,-0.3055041880481326
2018-09-29 12:51:00,-0.3695194525065517
2018-09-29 12:54:00,-0.3619294281221528
2018-09-29 12:57:00,-0.45824206312977367
2018-09-29 13:00:00,-0.3424865038962821
2018-09-29 13:03:00,-0.24401651696632598
2018-09-29 13:06:00,0.045276255972567014
2018-09-29 13:09:00,0.11987797770689212
2018-09-29 13:12:00,0.16488971919346795
2018-09-29 13:15:00,0.10010102580002922
2018-09-29 13:18:00,0.09290901796640583
2018-09-29 13:21:00,-0.059987364808819166
2018-09-29 13:24:00,-0.12555690973800893
2018-09-29 13:27:00,-0.0545482054533295
2018-09-29 13:30:00,0.07472458754722311
2018-09-29 13:33:00,-0.015728031064668357
2018-09-29 13:36:00,-0.007465374399941993
2018-09-29 13:39:00,-0.1752813702663616
2018-09-29 13:42:00,-0.19627440114146566
2018-09-29 13:45:00,-0.06561342911231804
2018-09-29 13:48:00,-0.034076575273502385
2018-09-29 13:51:00,0.018418692738180198
2018-09-29 13:54:00,0.0044436273304313545
2018-09-29 13:57:00,-0.015744277836517995
2018-09-29 14:00:00,0.09255441905503403
2018-09-29 14:03:00,0.15661835858202267
2018-09-29 14:06:00,0.15688462332184372
2018-09-29 14:09:00,0.10692557361096533
2018-09-29 14:12:00,0.1137346139767601
2018-09-29 14:15:00,0.2244800621498939
2018-09-29 14:18:00,0.14671309239838592
2018-09-29 14:21:00,0.1762791534703183
2018-09-29 14:24:00,0.05554452082816397
2018-09-29 14:27:00,0.03972140940919644
2018-09-29 14:30:00,0.009734178515088843
2018-09-29 14:33:00,0.09141901563003785
2018-09-29 14:36:00,-0.003220155383303336
2018-09-29 14:39:00,0.08151067099174725
2018-09-29 14:42:00,0.03418009835587554
2018-09-29 14:45:00,0.03259561522486365
2018-09-29 14:48:00,0.03314677982160674
2018-09-29 14:51:00,-0.02441577902283143
2018-09-29 14:54:00,0.08241916289824758
2018-09-29 14:57:00,-0.09074611990541825
2018-09-29 15:00:00,-0.14565279971469636
2018-09-29 15:03:00,-0.1227326406381053
2018-09-29 15:06:00,-0.05313761239301584
2018-09-29 15:09:00,-0.10113781713812386
2018-09-29 15:12:00,-0.023047474668430823
2018-09-29 15:15:00,0.04677374504370846
2018-09-29 15:18:00,0.020694836868244693
2018-09-29 15:21:00,-0.04818006474260983
2018-09-29 15:24:00,-0.014366035282478151
2018-09-29 15:27:00,0.07447405590784228
2018-09-29 15:30:00,0.05197188285933407
2018-09-29 15:33:00,0.12560582084751104
2018-09-29 15:36:00,0.050016749257508764
2018-09-29 15:39:00,-0.042179195843402795
2018-09-29 15:42:00,0.0879713399585853
2018-09-29 15:45:00,0.008354041905533904
2018-09-29 15:48:00,0.08267274722771845
2018-09-29 15:51:00,-0.010649357784927815
2018-09-29 15:54:00,-0.045060435334846716
2018-09-29 15:57:00,0.04940969694945352
2018-09-29 16:00:00,0.06864855743305043
2018-09-29 16:03:00,0.0011570466502348609
2018-09-29 16:06:00,0.022571631245796198
2018-09-29 16:09:00,0.06406273869856705
2018-09-29 16:12:00,-0.05620350140810615
2018-09-29 16:15:00,-0.06108290494432822
2018-09-29 16:18:00,-0.1481848225124054
2018-09-29 16:21:00,-0.12643623017254413
2018-09-29 16:24:00,0.0267565002445167
2018-09-29 16:27:00,-0.028519912404931347
2018-09-29 16:30:00,0.09458050660515482
2018-09-29 16:33:00,0.11044142210641894
2018-09-29 16:36:00,0.05797393835985076
2018-09-29 16:39:00,0.08333756495528633
2018-09-29 16:42:00,0.050219833426695004
2018-09-29 16:45:00,0.04561877929296543
2018-09-29 16:48:00,0.00979956079152089
2018-09-29 16:51:00,-0.020991747203822797
2018-09-29 16:54:00,0.008798339663144361
2018-09-29 16:57:00,-0.09283894919565228
2018-09-29 17:00:00,-0.17617159504032998
2018-09-29 17:03:00,-0.0030642047275932782
2018-09-29 17:06:00,-0.038245524046658375
2018-09-29 17:09:00,-0.1112694669621419
2018-09-29 17:12:00,-0.028245825725832674
2018-09-29 17:15:00,-0.025700921272914456
2018-09-29 17:18:00,-0.0222525909638307
2018-09-29 17:21:00,-0.09229677091332178
2018-09-29 17:24:00,-0.0007903722668061164
2018-09-29 17:27:00,-0.06705923528397761
2018-09-29 17:30:00,-0.06908215330076928
2018-09-29 17:33:00,0.0027624982025145073
2018-09-29 17:36:00,-0.11166326531275672
2018-09-29 17:39:00,-0.059495312596254735
2018-09-29 17:42:00,-0.13395014376953895
2018-09-29 17:45:00,-0.09603705756586578
2018-09-29 17:48:00,-0.08462824595198981
2018-09-29 17:51:00,-0.082622282811883
2018-09-29 17:54:00,-0.023384271121358324
2018-09-29 17:57:00,0.008549736704139832
2018-09-29 18:00:00,-0.0568596661448737
2018-09-29 18:03:00,-0.17600054621533445
2018-09-29 18:06:00,-0.0031221163661712126
2018-09-29 18:09:00,-0.11228260160686432
2018-09-29 18:12:00,-0.17255860723435035
2018-09-29 18:15:00,-0.1629672260486359
2018-09-29 18:18:00,0.0018455515478876805
2018-09-29 18:21:00,-0.15843005734114968
2018-09-29 18:24:00,-0.020740943518319455
2018-09-29 18:27:00,-0.014297095643655666
2018-09-29 18:30:00,-0.06956886610919355
2018-09-29 18:33:00,-0.09315205549734173
2018-09-29 18:36:00,-0.06126803486171184
2018-09-29 18:39:00,-0.20341151902727006
2018-09-29 18:42:00,-0.21158906737952066
2018-09-29 18:45:00,-0.07489735033925626
2018-09-29 18:48:00,-0.07475018552514712
2018-09-29 18:51:00,-0.11647940084594666
2018-09-29 18:54:00,
2018-09-29 18:57:00,
2018-09-29 19:00:00,
2018-09-29 19:03:00,-0.01839302651978869
2018-09-29 19:06:00,-0.1697347612631006
2018-09-29 19:09:00,-0.0898121020555891
2018-09-29 19:12:00,0.026680411797656234
2018-09-29 19:15:00,-0.014773221771747558
2018-09-29 19:18:00,-0.06941808261626647
2018-09-29 19:21:00,0.008458229108384785
2018-09-29 19:24:00,0.05012439920574252
2018-09-29 19:27:00,-0.002023806814349882
2018-09-29 19:30:00,0.09603217425717503
2018-09-29 19:33:00,0.1419035239043751
2018-09-29 19:36:00,0.0016855494037031349
2018-09-29 19:39:00,-0.01645097605819501
2018-09-29 19:42:00,0.049384128569784025
2018-09-29 19:45:00,0.06700748624734842
2018-09-29 19:48:00,0.05173572022221151
2018-09-29 19:51:00,0.06740930074744256
2018-09-29 19:54:00,0.025433310601727044
2018-09-29 19:57:00,0.003246474424315693
2018-09-29 20:00:00,0.0627569366824332
2018-09-29 20:03:00,0.08939350641895771
2018-09-29 20:06:00,0.11162017968302962
2018-09-29 20:09:00,0.04686231466581603
2018-09-29 20:12:00,0.04891364640786833
2018-09-29 20:15:00,0.03474310398826219
2018-09-29 20:18:00,0.13632327926791277
2018-09-29 20:21:00,0.06552233469818702
2018-09-29 20:24:00,0.02883988996552489
2018-09-29 20:27:00,0.08739692495743157
2018-09-29 20:30:00,0.07442056328852686
2018-09-29 20:33:00,0.09758554642166928
2018-09-29 20:36:00,0.12675437255649058
2018-09-29 20:39:00,0.09249412859151107
2018-09-29 20:42:00,0.028745388443894626
2018-09-29 20:45:00,0.16454857319661187
2018-09-29 20:48:00,0.19240165008352506
2018-09-29 20:51:00,0.12280127597773571
2018-09-29 20:54:00,0.14580163647457312
2018-09-29 20:57:00,0.08566268575293634
2018-09-29 21:00:00,0.18340524566582417
2018-09-29 21:03:00,0.07924291608162548
2018-09-29 21:06:00,0.0920978816772049
2018-09-29 21:09:00,0.02966427637278457
2018-09-29 21:12:00,0.11039343664145918
2018-09-29 21:15:00,0.08709853935346246
2018-09-29 21:18:00,0.09874710035325052
2018-09-29 21:21:00,0.14864432503713942
2018-09-29 21:24:00,0.10083808930340865
2018-09-29 21:27:00,0.009303231484466323
2018-09-29 21:30:00,0.11241904023768257
2018-09-29 21:33:00,0.06958033890026627
2018-09-29 21:36:00,0.08306077252439081
2018-09-29 21:39:00,0.15829103938301614
2018-09-29 21:42:00,0.12429652113002021
2018-09-29 21:45:00,0.046452394280549925
2018-09-29 21:48:00,0.18317610315540378
2018-09-29 21:51:00,0.1521119938036577
2018-09-29 21:54:00,0.1566525545989066
2018-09-29 21:57:00,0.28563813325973797
2018-09-29 22:00:00,0.05526193126667067
2018-09-29 22:03:00,0.04157182038841256
2018-09-29 22:06:00,0.17838070333942824
2018-09-29 22:09:00,0.04741943237030455
2018-09-29 22:12:00,0.05653221605780345
2018-09-29 22:15:00,0.14789226877803685
2018-09-29 22:18:00,0.0824659371929215
2018-09-29 22:21:00,0.24137760914425144
2018-09-29 22:24:00,0.032673293935488346
2018-09-29 22:27:00,0.14788722861004544
2018-09-29 22:30:00,0.15255570705420496
2018-09-29 22:33:00,0.11561714428864889
2018-09-29 22:36:00,0.16147334836603022
2018-09-29 22:39:00,0.16840323195810925
2018-09-29 22:42:00,0.06592232446922708
2018-09-29 22:45:00,0.1723785429588247
2018-09-29 22:48:00,0.10552953609033011
2018-09-29 22:51:00,0.14288642873117396
2018-09-29 22:54:00,0.17130548958488134
2018-09-29 22:57:00,0.2005013637118509
2018-09-29 23:00:00,0.21880221988010362
2018-09-29 23:03:00,0.17231487419178393
2018-09-29 23:06:00,0.046488743442296254
2018-09-29 23:09:00,0.17208650585723717
2018-09-29 23:12:00,0.12403050661669113
2018-09-29 23:15:00,0.21219437891841153
2018-09-29 23:18:00,0.1753630953458014
2018-09-29 23:21:00,0.27078249381429487
2018-09-29 23:24:00,0.1942390574084243
2018-09-29 23:27:00,0.2803398855331807
2018-09-29 23:30:00,0.34042281534516405
2018-09-29 23:33:00,0.3494362509514417
2018-09-29 23:36:00,0.3266339325959393
2018-09-29 23:39:00,0.3120583770482881
2018-09-29 23:42:00,0.3600033057866767
2018-09-29 23:45:00,0.4407657389333508
2018-09-29 23:48:00,0.3633039428032703
2018-09-29 23:51:00,0.32887327828024127
2018-09-29 23:54:00,0.32704286471692967
2018-09-29 23:57:00,0.32561092311999573
2018-09-30 00:00:00,0.36851975207582655
2018-09-30 00:03:00,0.427249038876937
2018-09-30 00:06:00,0.35170476753381763
2018-09-30 00:09:00,0.4002182021150702
2018-09-30 00:12:00,0.4062682557676567
2018-09-30 00:15:00,0.37614869434588627
2018-09-30 00:18:00,0.40097125681137413
2018-09-30 00:21:00,0.37976980770963564
2018-09-30 00:24:00,0.5034449166703325
2018-09-30 00:27:00,0.4832058826249295
2018-09-30 00:30:00,0.4113340428679635
2018-09-30 00:33:00,0.4772002662039654
2018-09-30 00:36:00,0.41939255707012535
2018-09-30 00:39:00,0.5088344825639979
2018-09-30 00:42:00,0.44508267757487374
2018-09-30 00:45:00,0.554228394025813
2018-09-30 00:48:00,0.4861924599966869
2018-09-30 00:51:00,0.43159819241975583
2018-09-30 00:54:00,0.4266154604711119
2018-09-30 00:57:00,0.42145357408833206
2018-09-30 01:00:00,0.4791455825315438
2018-09-30 01:03:00,0.529876921361847
2018-09-30 01:06:00,0.49225621425563304
2018-09-30 01:09:00,0.49440352193221315
2018-09-30 01:12:00,0.5101724115527873
2018-09-30 01:15:00,0.42706593335145726
2018-09-30 01:18:00,0.4252375244686277
2018-09-30 01:21:00,0.3590234181863252
2018-09-30 01:24:00,0.3357163700665069
2018-09-30 01:27:00,0.35982078760298464
2018-09-30 01:30:00,0.4556430029406897
2018-09-30 01:33:00,0.4838395487645357
2018-09-30 01:36:00,0.3814575208101587
2018-09-30 01:39:00,0.33339932665722927
2018-09-30 01:42:00,0.4820738252174124
2018-09-30 01:45:00,0.4830314529290263
2018-09-30 01:48:00,0.43370006310937015
2018-09-30 01:51:00,0.5438217037585105
2018-09-30 01:54:00,0.49625855853662415
2018-09-30 01:57:00,0.4456344817490958
2018-09-30 02:00:00,0.4222925100499424
2018-09-30 02:03:00,0.4040967232148205
2018-09-30 02:06:00,0.3250636781016851
2018-09-30 02:09:00,0.3943028718898631
2018-09-30 02:12:00,0.4115939832919935
2018-09-30 02:15:00,0.49732728590583974
2018-09-30 02:18:00,0.3581274467023263
2018-09-30 02:21:00,0.445815419254302
2018-09-30 02:24:00,0.44490728917384104
2018-09-30 02:27:00,0.424736265214392
2018-09-30 02:30:00,0.33730767895821145
2018-09-30 02:33:00,0.419734954770945
2018-09-30 02:36:00,0.4113691217700648
2018-09-30 02:39:00,0.43233975122223
2018-09-30 02:42:00,0.3658606326430913
2018-09-30 02:45:00,0.3098946075301683
2018-09-30 02:48:00,0.3430237139583596
2018-09-30 02:51:00,0.38911249781494917
2018-09-30 02:54:00,0.3319094969145908
2018-09-30 02:57:00,0.4537548865964709
2018-09-30 03:00:00,0.4458628025598159
2018-09-30 03:03:00,0.39253520554245824
2018-09-30 03:06:00,0.36232815706432575
2018-09-30 03:09:00,0.35560921955629965
2018-09-30 03:12:00,0.4016442341781499
2018-09-30 03:15:00,0.28257034565302774
2018-09-30 03:18:00,0.4178444412450517
2018-09-30 03:21:00,0.3874546107836636
2018-09-30 03:24:00,0.362666051947258
2018-09-30 03:27:00,0.2678017136177573
2018-09-30 03:30:00,0.37148223306957107
2018-09-30 03:33:00,0.43214080189824244
2018-09-30 03:36:00,0.48985116394254646
2018-09-30 03:39:00,0.50513963109114
2018-09-30 03:42:00,0.47888199054813185
2018-09-30 03:45:00,0.45876937415732755
2018-09-30 03:48:00,0.4565469864869556
2018-09-30 03:51:00,0.5119257176571637
2018-09-30 03:54:00,0.4373460515412262
2018-09-30 03:57:00,0.35928185785030564
2018-09-30 04:00:00,0.3190776530860262
2018-09-30 04:03:00,0.414157708604705
2018-09-30 04:06:00,0.35074701948275333
2018-09-30 04:09:00,0.3195568497833392
2018-09-30 04:12:00,0.39319931164482114
2018-09-30 04:15:00,0.4315502299220384
2018-09-30 04:18:00,0.3325706760819571
2018-09-30 04:21:00,0.3342221615787935
2018-09-30 04:24:00,0.35401263452666853
2018-09-30 04:27:00,0.34359484894849857
2018-09-30 04:30:00,0.36388926424660895
2018-09-30 04:33:00,0.3935501437248945
2018-09-30 04:36:00,0.3482009974561038
2018-09-30 04:39:00,0.4015779780838784
2018-09-30 04:42:00,0.3563627606646378
2018-09-30 04:45:00,0.4275310615915373
2018-09-30 04:48:00,0.40885200812698486
2018-09-30 04:51:00,0.4203756905621958
2018-09-30 04:54:00,0.37723671402301306
2018-09-30 04:57:00,0.43803389471401033
2018-09-30 05:00:00,0.41860251185653397
2018-09-30 05:03:00,0.3742296132905949
2018-09-30 05:06:00,0.31478911541506704
2018-09-30 05:09:00,0.39077286005277756
2018-09-30 05:12:00,0.43538354378114263
2018-09-30 05:15:00,0.34209942981215136
2018-09-30 05:18:00,0.46473495927904196
2018-09-30 05:21:00,0.4247148076635199
2018-09-30 05:24:00,0.433889100338547
2018-09-30 05:27:00,0.5456830733711513
2018-09-30 05:30:00,0.39958693588181404
2018-09-30 05:33:00,0.45823077416048363
2018-09-30 05:36:00,0.3549169012413813
2018-09-30 05:39:00,0.4643360563037504
2018-09-30 05:42:00,0.35570421914650296
2018-09-30 05:45:00,0.4708569651373864
2018-09-30 05:48:00,0.42504336124216024
2018-09-30 05:51:00,0.38702183277240465
2018-09-30 05:54:00,0.4773525324164325
2018-09-30 05:57:00,0.39545864124380614
2018-09-30 06:00:00,0.42990199670020957
2018-09-30 06:03:00,0.36555857372161427
2018-09-30 06:06:00,0.3780572927843764
2018-09-30 06:09:00,0.46734958923514114
2018-09-30 06:12:00,0.5306043092436425
2018-09-30 06:15:00,0.48652410676407953
2018-09-30 06:18:00,0.49933054687585354
2018-09-30 06:21:00,0.5220284498216756
2018-09-30 06:24:00,0.600646988316555
2018-09-30 06:27:00,0.6628520310648582
2018-09-30 06:30:00,0.6124727477147758
2018-09-30 06:33:00,0.6851546178842227
2018-09-30 06:36:00,0.516718464615451
2018-09-30 06:39:00,0.5337009788505611
2018-09-30 06:42:00,0.45647272024706353
2018-09-30 06:45:00,0.37079402468322087
2018-09-30 06:48:00,0.42038058079225493
2018-09-30 06:51:00,0.42989974054052027
2018-09-30 06:54:00,0.3958876401055704
2018-09-30 06:57:00,0.3639800948492393
2018-09-30 07:00:00,0.3856840078728965
2018-09-30 07:03:00,0.4301471833682058
2018-09-30 07:06:00,0.37061515465921957
2018-09-30 07:09:00,0.3662169541866547
2018-09-30 07:12:00,0.5183390508917682
2018-09-30 07:15:00,0.4636606448632392
2018-09-30 07:18:00,0.531425605433185
2018-09-30 07:21:00,0.4098459296090482
2018-09-30 07:24:00,0.5119675549535145
2018-09-30 07:27:00,0.5847043920713872
2018-09-30 07:30:00,0.48702228031766026
2018-09-30 07:33:00,0.4575343124893152
2018-09-30 07:36:00,0.3270661323568902
2018-09-30 07:39:00,0.3710955523866346
2018-09-30 07:42:00,0.41437392068525014
2018-09-30 07:45:00,0.41383798322129906
2018-09-30 07:48:00,0.30755159254715636
2018-09-30 07:51:00,0.38410778759600817
2018-09-30 07:54:00,0.34017800728526026
2018-09-30 07:57:00,0.3588599714340148
2018-09-30 08:00:00,0.3745606356844746
2018-09-30 08:03:00,0.36686478672334033
2018-09-30 08:06:00,0.3763013789196066
2018-09-30 08:09:00,0.41521925636908463
2018-09-30 08:12:00,0.41042270857872154
2018-09-30 08:15:00,0.43815316410132255
2018-09-30 08:18:00,0.4872894675431212
2018-09-30 08:21:00,0.549071833753203
2018-09-30 08:24:00,0.45394020958246983
2018-09-30 08:27:00,0.46527298837895614
2018-09-30 08:30:00,0.43517655015227774
2018-09-30 08:33:00,0.4968271819267329
2018-09-30 08:36:00,0.3898490123933698
2018-09-30 08:39:00,0.392556454818191
2018-09-30 08:42:00,0.5196400428473567
2018-09-30 08:45:00,0.5437288882501434
2018-09-30 08:48:00,0.4749068095718485
2018-09-30 08:51:00,0.47746357899364966
2018-09-30 08:54:00,0.47797044672063294
2018-09-30 08:57:00,0.3695502284878671
2018-09-30 09:00:00,0.3221521013259121
2018-09-30 09:03:00,0.3148923242895876
2018-09-30 09:06:00,0.3247736082207098
2018-09-30 09:09:00,0.3408189060384643
2018-09-30 09:12:00,0.24448156297256673
2018-09-30 09:15:00,0.2977375511622995
2018-09-30 09:18:00,0.2746805090968678
2018-09-30 09:21:00,0.24809078225820258
2018-09-30 09:24:00,0.2849050434722926
2018-09-30 09:27:00,0.2727298568219112
2018-09-30 09:30:00,0.19318547956748944
2018-09-30 09:33:00,0.1778575340625821
2018-09-30 09:36:00,0.11173416504033185
2018-09-30 09:39:00,0.24502577964608463
2018-09-30 09:42:00,0.18710866202172838
2018-09-30 09:45:00,0.1899647227535297
2018-09-30 09:48:00,0.15745914219661472
2018-09-30 09:51:00,0.21861377968582474
2018-09-30 09:54:00,0.22312305766052987
2018-09-30 09:57:00,0.21324476670093873
2018-09-30 10:00:00,0.11664461159818984
2018-09-30 10:03:00,0.20415671543969438
2018-09-30 10:06:00,0.1890911525958927
2018-09-30 10:09:00,0.11374778004011432
2018-09-30 10:12:00,-0.009524258698775157
2018-09-30 10:15:00,0.0721558392086763
2018-09-30 10:18:00,0.050628817908147994
2018-09-30 10:21:00,0.11866623910702856
2018-09-30 10:24:00,-0.014547818187907069
2018-09-30 10:27:00,0.0008881388062604856
2018-09-30 10:30:00,0.07725882921545235
2018-09-30 10:33:00,0.042981872750601724
2018-09-30 10:36:00,0.05152758123733747
2018-09-30 10:39:00,0.043169681365327506
2018-09-30 10:42:00,-0.006744658214302035
2018-09-30 10:45:00,-0.08292102033158244
2018-09-30 10:48:00,-0.033171204232360196
2018-09-30 10:51:00,-0.0794639409713227
2018-09-30 10:54:00,0.08432725149162934
2018-09-30 10:57:00,0.05064228168828322
2018-09-30 11:00:00,0.0006977621956139046
2018-09-30 11:03:00,-0.05446594645741243
2018-09-30 11:06:00,-0.008259052349501417
2018-09-30 11:09:00,-0.06382911904154298
2018-09-30 11:12:00,-0.015653702197823804
2018-09-30 11:15:00,-0.022300684195272424
2018-09-30 11:18:00,-0.009577509597761491
2018-09-30 11:21:00,-0.012455036536664466
2018-09-30 11:24:00,-0.04403832194947199
2018-09-30 11:27:00,-0.025242568211695016
2018-09-30 11:30:00,-0.04687682528884807
2018-09-30 11:33:00,-0.09716047033020914
2018-09-30 11:36:00,-0.06342774822775255
2018-09-30 11:39:00,-0.004102933526326069
2018-09-30 11:42:00,-0.019056977157617894
2018-09-30 11:45:00,0.03518646736762321
2018-09-30 11:48:00,-0.07537685267374172
2018-09-30 11:51:00,-0.13314815511699862
2018-09-30 11:54:00,-0.10988101567107833
2018-09-30 11:57:00,-0.055765066352364556
2018-09-30 12:00:00,-0.17151788318932404
2018-09-30 12:03:00,-0.10635271980498828
2018-09-30 12:06:00,-0.15362315021576478
2018-09-30 12:09:00,-0.11338239799749772
2018-09-30 12:12:00,0.027072817997975562
2018-09-30 12:15:00,-0.0678890196703037
2018-09-30 12:18:00,-0.05441650318743996
2018-09-30 12:21:00,-0.08087292477063102
2018-09-30 12:24:00,-0.1388263748094687
2018-09-30 12:27:00,-0.12133444176464536
2018-09-30 12:30:00,-0.1614401296145047
2018-09-30 12:33:00,-0.10648257933496552
2018-09-30 12:36:00,-0.11150638318667916
2018-09-30 12:39:00,-0.10549850116086645
2018-09-30 12:42:00,-0.14497473548391326
2018-09-30 12:45:00,-0.21596972612996979
2018-09-30 12:48:00,-0.2279730088573615
2018-09-30 12:51:00,-0.20256315233325495
2018-09-30 12:54:00,-0.28024987690969283
2018-09-30 12:57:00,-0.06931720462739577
2018-09-30 13:00:00,-0.12994152048355545
2018-09-30 13:03:00,-0.2398131290402148
2018-09-30 13:06:00,-0.23040125640579845
2018-09-30 13:09:00,-0.23239423041792406
2018-09-30 13:12:00,-0.2921985787119752
2018-09-30 13:15:00,-0.2476657514124554
2018-09-30 13:18:00,-0.30912800741009505
2018-09-30 13:21:00,-0.28100190483360166
2018-09-30 13:24:00,-0.40742675441481424
2018-09-30 13:27:00,-0.2876577468117034
2018-09-30 13:30:00,-0.2673629151943828
2018-09-30 13:33:00,-0.31713374984667553
2018-09-30 13:36:00,-0.35506550158032724
2018-09-30 13:39:00,-0.2726680708560707
2018-09-30 13:42:00,-0.17836471908731255
2018-09-30 13:45:00,-0.12144919187721825
2018-09-30 13:48:00,-0.15266384948313316
2018-09-30 13:51:00,-0.22339769785384078
2018-09-30 13:54:00,-0.14919027390232031
2018-09-30 13:57:00,-0.1667375532637152
2018-09-30 14:00:00,-0.22045962436146738
2018-09-30 14:03:00,-0.21415920665248223
2018-09-30 14:06:00,-0.22441705363326037
2018-09-30 14:09:00,-0.30697042724960966
2018-09-30 14:12:00,-0.2114439440664455
2018-09-30 14:15:00,-0.28277221603565295
2018-09-30 14:18:00,-0.249560354439609
2018-09-30 14:21:00,-0.21389103731110026
2018-09-30 14:24:00,-0.25110849084410347
2018-09-30 14:27:00,-0.2911043388984922
2018-09-30 14:30:00,-0.24856062706453486
2018-09-30 14:33:00,-0.27367074014222226
2018-09-30 14:36:00,-0.3193548113812881
2018-09-30 14:39:00,-0.35004831208198084
2018-09-30 14:42:00,-0.4016828119100637
2018-09-30 14:45:00,-0.32991549284787425
2018-09-30 14:48:00,-0.35731000356071263
2018-09-30 14:51:00,-0.41393285319907136
2018-09-30 14:54:00,-0.21294966434896878
2018-09-30 14:57:00,-0.22716722643048115
2018-09-30 15:00:00,-0.3299944976530469
2018-09-30 15:03:00,-0.3681901846776441
2018-09-30 15:06:00,-0.2969472486757354
2018-09-30 15:09:00,-0.3982707012293645
2018-09-30 15:12:00,-0.3963930281344119
2018-09-30 15:15:00,-0.4234846774676839
2018-09-30 15:18:00,-0.4570065086330146
2018-09-30 15:21:00,-0.33229056166925375
2018-09-30 15:24:00,-0.39694762706284337
2018-09-30 15:27:00,-0.4355384916668754
2018-09-30 15:30:00,-0.37117600041693777
2018-09-30 15:33:00,-0.42518201431533953
2018-09-30 15:36:00,-0.44584632059468277
2018-09-30 15:39:00,-0.4207409541296556
2018-09-30 15:42:00,-0.4777029471134142
2018-09-30 15:45:00,-0.4042543998010615
2018-09-30 15:48:00,-0.3997725369486034
2018-09-30 15:51:00,-0.5381052292303821
2018-09-30 15:54:00,-0.5009697671759454
2018-09-30 15:57:00,-0.45008977798272554
2018-09-30 16:00:00,-0.5139493655543106
2018-09-30 16:03:00,-0.4846795072471082
2018-09-30 16:06:00,-0.4528234461609486
2018-09-30 16:09:00,-0.5230838879331259
2018-09-30 16:12:00,-0.4025714604495647
2018-09-30 16:15:00,-0.4335924974865861
2018-09-30 16:18:00,-0.5263341985156558
2018-09-30 16:21:00,-0.4829113669446201
2018-09-30 16:24:00,-0.44826944803094193
2018-09-30 16:27:00,-0.374308553034723
2018-09-30 16:30:00,-0.4772365014541151
2018-09-30 16:33:00,-0.448796999244621
2018-09-30 16:36:00,-0.44363231436011574
2018-09-30 16:39:00,-0.40576337961408626
2018-09-30 16:42:00,-0.4312833703514798
2018-09-30 16:45:00,-0.40301794641987954
2018-09-30 16:48:00,-0.4441945668204994
2018-09-30 16:51:00,-0.4496126290516145
2018-09-30 16:54:00,-0.360197369805519
2018-09-30 16:57:00,-0.37028338132051886
2018-09-30 17:00:00,-0.4085906549368019
2018-09-30 17:03:00,-0.37941315945937504
2018-09-30 17:06:00,-0.4255202437069556
2018-09-30 17:09:00,-0.3878760234398442
2018-09-30 17:12:00,-0.333614624703614
2018-09-30 17:15:00,-0.3506252606331941
2018-09-30 17:18:00,-0.2360043827258096
2018-09-30 17:21:00,-0.3316140440662707
2018-09-30 17:24:00,-0.32521979235798426
2018-09-30 17:27:00,-0.2863470668671084
2018-09-30 17:30:00,-0.2866542368841465
2018-09-30 17:33:00,-0.3252836092693201
2018-09-30 17:36:00,-0.21205679768519303
2018-09-30 17:39:00,-0.20882216276305599
2018-09-30 17:42:00,-0.24489755582987982
2018-09-30 17:45:00,-0.20985300441685695
2018-09-30 17:48:00,-0.22152274340737677
2018-09-30 17:51:00,-0.28907673774693876
2018-09-30 17:54:00,-0.3460861063808238
2018-09-30 17:57:00,-0.26420936084139157
2018-09-30 18:00:00,-0.2771927394769591
2018-09-30 18:03:00,-0.23441550044816495
2018-09-30 18:06:00,-0.29666935766778124
2018-09-30 18:09:00,-0.2355369476279634
2018-09-30 18:12:00,-0.1830272111984641
2018-09-30 18:15:00,-0.2927329096303879
2018-09-30 18:18:00,-0.17431399477032983
2018-09-30 18:21:00,-0.1789966639424847
2018-09-30 18:24:00,-0.20794946449251484
2018-09-30 18:27:00,-0.1419751559100746
2018-09-30 18:30:00,-0.14153548859934517
2018-09-30 18:33:00,-0.18153050775254087
2018-09-30 18:36:00,-0.20505401138456136
2018-09-30 18:39:00,-0.2710144319425467
2018-09-30 18:42:00,-0.15431252478822444
2018-09-30 18:45:00,-0.1133188091985744
2018-09-30 18:48:00,-0.13305778221581477
2018-09-30 18:51:00,-0.11256844526150189
2018-09-30 18:54:00,
2018-09-30 18:57:00,
2018-09-30 19:00:00,
2018-09-30 19:03:00,-0.14136404095393118
2018-09-30 19:06:00,-0.15068034229705063
2018-09-30 19:09:00,-0.038554254816745015
2018-09-30 19:12:00,-0.026202555582074183
2018-09-30 19:15:00,-0.03496852164266784
2018-09-30 19:18:00,-0.058865032474784584
2018-09-30 19:21:00,-0.009407830780673976
2018-09-30 19:24:00,-0.05310002864393937
2018-09-30 19:27:00,-0.018448889723629236
2018-09-30 19:30:00,-0.024704497562538563
2018-09-30 19:33:00,0.017565647603532852
2018-09-30 19:36:00,-0.04175383440281166
2018-09-30 19:39:00,0.027242972918031683
2018-09-30 19:42:00,-0.08200734550615607
2018-09-30 19:45:00,-0.03140737062477683
2018-09-30 19:48:00,-0.015950363292461134
2018-09-30 19:51:00,0.00347788829003548
2018-09-30 19:54:00,-0.049538562355110116
2018-09-30 19:57:00,-0.046503558895153674
2018-09-30 20:00:00,0.0025318773922435867
2018-09-30 20:03:00,-0.07292487801038305
2018-09-30 20:06:00,-0.07571292578558086
2018-09-30 20:09:00,0.029107099206100884
2018-09-30 20:12:00,0.06482542470388353
2018-09-30 20:15:00,-0.002918991775231916
2018-09-30 20:18:00,-0.12226440523716064
2018-09-30 20:21:00,-0.05563879065141464
2018-09-30 20:24:00,0.0030751813174560994
2018-09-30 20:27:00,-0.04407148499399227
2018-09-30 20:30:00,-0.1036917993969837
2018-09-30 20:33:00,0.027378729698739335
2018-09-30 20:36:00,0.044875618527555616
2018-09-30 20:39:00,-1.771510017078981e-05
2018-09-30 20:42:00,0.08314133359903053
2018-09-30 20:45:00,0.0446230097611533
2018-09-30 20:48:00,0.09136655347822398
2018-09-30 20:51:00,0.10557616562726935
2018-09-30 20:54:00,0.11957707312143384
2018-09-30 20:57:00,0.07819378686934897
2018-09-30 21:00:00,0.09558127977948061
2018-09-30 21:03:00,0.12637927011388683
2018-09-30 21:06:00,0.044626752423312155
2018-09-30 21:09:00,-0.02383237289865292
2018-09-30 21:12:00,0.012514799774919538
2018-09-30 21:15:00,-0.02910386171254231
2018-09-30 21:18:00,-0.03920176122164776
2018-09-30 21:21:00,-0.0036125429467688264
2018-09-30 21:24:00,0.09241168832937774
2018-09-30 21:27:00,0.031346897303762944
2018-09-30 21:30:00,0.006512015118403269
2018-09-30 21:33:00,0.06331517294734113
2018-09-30 21:36:00,-0.013585417189460713
2018-09-30 21:39:00,-0.02590987328102301
2018-09-30 21:42:00,0.08118084773644796
2018-09-30 21:45:00,0.06063905865568131
2018-09-30 21:48:00,0.06779760687931002
2018-09-30 21:51:00,-0.0781812798069268
2018-09-30 21:54:00,-0.01241160140239117
2018-09-30 21:57:00,-0.008371405263858378
2018-09-30 22:00:00,-0.003185853556146867
2018-09-30 22:03:00,0.004654017420648415
2018-09-30 22:06:00,0.059298834568323855
2018-09-30 22:09:00,0.026678458494302504
2018-09-30 22:12:00,0.04093233232327975
2018-09-30 22:15:00,0.09752495766338143
2018-09-30 22:18:00,0.015757575715838357
2018-09-30 22:21:00,0.053952148304801995
2018-09-30 22:24:00,0.1472439476056593
2018-09-30 22:27:00,0.10571269302954533
2018-09-30 22:30:00,0.08096766321045834
2018-09-30 22:33:00,0.1023487819521165
2018-09-30 22:36:00,0.12679733894776746
2018-09-30 22:39:00,0.015135822595311765
2018-09-30 22:42:00,0.09056141443926435
2018-09-30 22:45:00,0.1774921379021066
2018-09-30 22:48:00,0.11587459763006791
2018-09-30 22:51:00,0.1941128534933796
2018-09-30 22:54:00,0.0688150405177339
2018-09-30 22:57:00,0.05644052908769481
2018-09-30 23:00:00,-0.06276694612444089
2018-09-30 23:03:00,0.030457345712420647
2018-09-30 23:06:00,0.03635153393656765
2018-09-30 23:09:00,0.011811673928889377
2018-09-30 23:12:00,0.03050860510182929
2018-09-30 23:15:00,0.12888227961275334
2018-09-30 23:18:00,0.0987125943177034
2018-09-30 23:21:00,0.11199809159808183
2018-09-30 23:24:00,0.169104381691227
2018-09-30 23:27:00,0.1432360152987826
2018-09-30 23:30:00,0.1657886225214611
2018-09-30 23:33:00,0.19103737249491815
2018-09-30 23:36:00,0.12989947892793907
2018-09-30 23:39:00,0.2920521493549586
2018-09-30 23:42:00,0.22310084390045404
2018-09-30 23:45:00,0.1679590428765323
2018-09-30 23:48:00,0.24635365391213782
2018-09-30 23:51:00,0.19022965143852844
2018-09-30 23:54:00,0.2038195983479909
2018-09-30 23:57:00,0.1288784358043813
2018-10-01 00:00:00,0.00857335037028406
2018-10-01 00:03:00,0.07924931934525148
2018-10-01 00:06:00,0.228253922014801
2018-10-01 00:09:00,0.2606016788575971
2018-10-01 00:12:00,0.17877451208102002
2018-10-01 00:15:00,0.1893804810185884
2018-10-01 00:18:00,0.31261550121115533
2018-10-01 00:21:00,0.27918951536628356
2018-10-01 00:24:00,0.49859174079585955
2018-10-01 00:27:00,0.32039032555883296
2018-10-01 00:30:00,0.30882446827968124
2018-10-01 00:33:00,0.18774809940566684
2018-10-01 00:36:00,0.3046722078145194
2018-10-01 00:39:00,0.37507721466732846
2018-10-01 00:42:00,0.36943322928561884
2018-10-01 00:45:00,0.3388297986448947
2018-10-01 00:48:00,0.38977404556897
2018-10-01 00:51:00,0.4825370572970087
2018-10-01 00:54:00,0.5503811996083527
2018-10-01 00:57:00,0.4031634919708722
2018-10-01 01:00:00,0.2432137087209867
2018-10-01 01:03:00,0.1937100139950303
2018-10-01 01:06:00,0.1802288639248104
2018-10-01 01:09:00,0.11655540391075192
2018-10-01 01:12:00,0.15173273826644618
2018-10-01 01:15:00,0.1608963636305134
2018-10-01 01:18:00,0.14931437004941017
2018-10-01 01:21:00,0.20359987196837892
2018-10-01 01:24:00,0.20646575939787226
2018-10-01 01:27:00,0.26528582270776724
2018-10-01 01:30:00,0.20793035593413833
2018-10-01 01:33:00,0.2639093653058353
2018-10-01 01:36:00,0.28211459488824175
2018-10-01 01:39:00,0.21983478747296203
2018-10-01 01:42:00,0.19758966842726977
2018-10-01 01:45:00,0.2375449477869438
2018-10-01 01:48:00,0.2471216296285661
2018-10-01 01:51:00,0.20181471004320883
2018-10-01 01:54:00,0.24046372062611
2018-10-01 01:57:00,0.3075124973697143
2018-10-01 02:00:00,0.2532792379681723
2018-10-01 02:03:00,0.26627337872133694
2018-10-01 02:06:00,0.1972140155689317
2018-10-01 02:09:00,0.2637019878603155
2018-10-01 02:12:00,0.2935722092763058
2018-10-01 02:15:00,0.2149258111863901
2018-10-01 02:18:00,0.23635542314184477
2018-10-01 02:21:00,0.23635799329525753
2018-10-01 02:24:00,0.1670335943404666
2018-10-01 02:27:00,0.28367437119044325
2018-10-01 02:30:00,0.21633014369928105
2018-10-01 02:33:00,0.18934611489163444
2018-10-01 02:36:00,0.3001865278870923
2018-10-01 02:39:00,0.2816939412224997
2018-10-01 02:42:00,0.26325352263432933
2018-10-01 02:45:00,0.29418914397950857
2018-10-01 02:48:00,0.3120831240274242
2018-10-01 02:51:00,0.3296226781449718
2018-10-01 02:54:00,0.3516723658745491
2018-10-01 02:57:00,0.5264398549457496
2018-10-01 03:00:00,0.4087533927859681
2018-10-01 03:03:00,0.3218694669661204
2018-10-01 03:06:00,0.09155460988932873
2018-10-01 03:09:00,0.13590074468453395
2018-10-01 03:12:00,0.22631439059301783
2018-10-01 03:15:00,0.36460871978982823
2018-10-01 03:18:00,0.4402346537184485
2018-10-01 03:21:00,0.438174256267132
2018-10-01 03:24:00,0.585575987149582
2018-10-01 03:27:00,0.6792835893210167
2018-10-01 03:30:00,0.6980056807645951
2018-10-01 03:33:00,0.78015795970299
2018-10-01 03:36:00,0.6944820749182554
2018-10-01 03:39:00,0.7254171500050006
2018-10-01 03:42:00,0.7966374773562848
2018-10-01 03:45:00,0.8636713140516576
2018-10-01 03:48:00,0.8756111697910001
2018-10-01 03:51:00,0.5644983011520139
2018-10-01 03:54:00,0.4799875734323109
2018-10-01 03:57:00,0.5128942084276673
2018-10-01 04:00:00,0.5181211373389942
2018-10-01 04:03:00,0.5521756854836326
2018-10-01 04:06:00,0.5987615116094958
2018-10-01 04:09:00,0.5752356608390983
2018-10-01 04:12:00,0.5919338379271721
2018-10-01 04:15:00,0.5913186895536455
2018-10-01 04:18:00,0.5402366118970576
2018-10-01 04:21:00,0.5694364420903071
2018-10-01 04:24:00,0.6480245889090384
2018-10-01 04:27:00,0.6387428885480517
2018-10-01 04:30:00,0.6512726972567293
2018-10-01 04:33:00,0.6219841825374033
2018-10-01 04:36:00,0.5435440570635706
2018-10-01 04:39:00,0.3941521483505994
2018-10-01 04:42:00,0.4728428286512667
2018-10-01 04:45:00,0.4467496318847566
2018-10-01 04:48:00,0.35447454716364746
2018-10-01 04:51:00,0.48503055615856283
2018-10-01 04:54:00,0.47495797416155483
2018-10-01 04:57:00,0.5405898469816179
2018-10-01 05:00:00,0.46511292836521534
2018-10-01 05:03:00,0.5562501939354547
2018-10-01 05:06:00,0.5330006304674839
2018-10-01 05:09:00,0.5439843642688516
2018-10-01 05:12:00,0.5504031144095052
2018-10-01 05:15:00,0.5177266742631446
2018-10-01 05:18:00,0.428916713726494
2018-10-01 05:21:00,0.5231977596820911
2018-10-01 05:24:00,0.417635884808476
2018-10-01 05:27:00,0.39651760124587554
2018-10-01 05:30:00,0.44685550268667384
2018-10-01 05:33:00,0.45079209302269874
2018-10-01 05:36:00,0.41870655943375823
2018-10-01 05:39:00,0.3912997075457838
2018-10-01 05:42:00,0.44777198362135096
2018-10-01 05:45:00,0.5655097067906922
2018-10-01 05:48:00,0.4828516392312281
2018-10-01 05:51:00,0.41255106322864776
2018-10-01 05:54:00,0.488408898585476
2018-10-01 05:57:00,0.40961666540619035
2018-10-01 06:00:00,0.4485939961938925
2018-10-01 06:03:00,0.4445633793196748
2018-10-01 06:06:00,0.47346122610616703
2018-10-01 06:09:00,0.4330791932790703
2018-10-01 06:12:00,0.4349542771450956
2018-10-01 06:15:00,0.4810870534922742
2018-10-01 06:18:00,0.42850472421366703
2018-10-01 06:21:00,0.35774761798495547
2018-10-01 06:24:00,0.4331532128530853
2018-10-01 06:27:00,0.44655273969311793
2018-10-01 06:30:00,0.41768124856793065
2018-10-01 06:33:00,0.5190728738912185
2018-10-01 06:36:00,0.5377460900792244
2018-10-01 06:39:00,0.4816589122079904
2018-10-01 06:42:00,0.5069500233168469
2018-10-01 06:45:00,0.5303013268073755
2018-10-01 06:48:00,0.37040481408564574
2018-10-01 06:51:00,0.3941868517313196
2018-10-01 06:54:00,0.46788186697153833
2018-10-01 06:57:00,0.4898556098309541
2018-10-01 07:00:00,0.4838936860801937
2018-10-01 07:03:00,0.49453744774416464
2018-10-01 07:06:00,0.4900603749417769
2018-10-01 07:09:00,0.6101760469807118
2018-10-01 07:12:00,0.4619412474024216
2018-10-01 07:15:00,0.43562707902856346
2018-10-01 07:18:00,0.46082705175632555
2018-10-01 07:21:00,0.39407291104458864
2018-10-01 07:24:00,0.44209184012061087
2018-10-01 07:27:00,0.41963595174718193
2018-10-01 07:30:00,0.4446644305874088
2018-10-01 07:33:00,0.4480324904480426
2018-10-01 07:36:00,0.4043183788079432
2018-10-01 07:39:00,0.40827229060960235
2018-10-01 07:42:00,0.4401746617210165
2018-10-01 07:45:00,0.30561445639318663
2018-10-01 07:48:00,0.36163594102970364
2018-10-01 07:51:00,0.3725332450550809
2018-10-01 07:54:00,0.2980947726165937
2018-10-01 07:57:00,0.30285664207661966
2018-10-01 08:00:00,0.30088616117063793
2018-10-01 08:03:00,0.34098755359582356
2018-10-01 08:06:00,0.29620253328158697
2018-10-01 08:09:00,0.2892868853972459
2018-10-01 08:12:00,0.18041089436184166
2018-10-01 08:15:00,0.32916663157169523
2018-10-01 08:18:00,0.330683292240451
2018-10-01 08:21:00,0.1981110253401539
2018-10-01 08:24:00,0.2549285092251239
2018-10-01 08:27:00,0.18281126888348354
2018-10-01 08:30:00,0.16482806789127835
2018-10-01 08:33:00,0.24285491161867867
2018-10-01 08:36:00,0.3581039289409773
2018-10-01 08:39:00,0.26028834432042913
2018-10-01 08:42:00,0.17082483663409676
2018-10-01 08:45:00,0.09598953482270645
2018-10-01 08:48:00,0.19751546242270024
2018-10-01 08:51:00,0.10605091524490717
2018-10-01 08:54:00,0.1555321813503383
2018-10-01 08:57:00,0.19409735373238846
2018-10-01 09:00:00,0.22675754705755935
2018-10-01 09:03:00,0.0820768351065908
2018-10-01 09:06:00,0.11723034116192821
2018-10-01 09:09:00,0.1663876853709212
2018-10-01 09:12:00,0.18603545345285966
2018-10-01 09:15:00,0.066633149606389
2018-10-01 09:18:00,0.11827160878044651
2018-10-01 09:21:00,0.07143212744273342
2018-10-01 09:24:00,0.08929595548539737
2018-10-01 09:27:00,0.09286588714815025
2018-10-01 09:30:00,0.055896102129793235
2018-10-01 09:33:00,0.07958444971933432
2018-10-01 09:36:00,0.1111765412663317
2018-10-01 09:39:00,-0.002826485403488732
2018-10-01 09:42:00,-0.003665578253901458
2018-10-01 09:45:00,-0.031105799810632107
2018-10-01 09:48:00,0.07766655990764093
2018-10-01 09:51:00,-0.007666380625551028
2018-10-01 09:54:00,-0.02059180856844023
2018-10-01 09:57:00,-0.0372487181782617
2018-10-01 10:00:00,-0.03504308090930408
2018-10-01 10:03:00,-0.09059006425644611
2018-10-01 10:06:00,-0.06671922182357548
2018-10-01 10:09:00,-0.04744690375207483
2018-10-01 10:12:00,-0.15725371253608955
2018-10-01 10:15:00,-0.07726381214894218
2018-10-01 10:18:00,-0.07062651953390287
2018-10-01 10:21:00,-0.22116042765719612
2018-10-01 10:24:00,-0.030475972611952784
2018-10-01 10:27:00,-0.12173936266526653
2018-10-01 10:30:00,-0.11619269015540112
2018-10-01 10:33:00,-0.10142322159072137
2018-10-01 10:36:00,-0.12727411411538014
2018-10-01 10:39:00,-0.08348283806833479
2018-10-01 10:42:00,-0.16610513439331953
2018-10-01 10:45:00,-0.17956125292357683
2018-10-01 10:48:00,-0.07524277624924025
2018-10-01 10:51:00,-0.07555999557803261
2018-10-01 10:54:00,-0.09427256853797417
2018-10-01 10:57:00,-0.1859171648631559
2018-10-01 11:00:00,-0.13212350571899378
2018-10-01 11:03:00,-0.16761921948756253
2018-10-01 11:06:00,-0.1614953251905149
2018-10-01 11:09:00,-0.18951094611276176
2018-10-01 11:12:00,-0.19248193301700667
2018-10-01 11:15:00,-0.17455833421860234
2018-10-01 11:18:00,-0.25833561875049327
2018-10-01 11:21:00,-0.23761185279101937
2018-10-01 11:24:00,-0.22920730053283478
2018-10-01 11:27:00,-0.15751926685209128
2018-10-01 11:30:00,-0.2814694388560497
2018-10-01 11:33:00,-0.23091246110323027
2018-10-01 11:36:00,-0.2444723006342997
2018-10-01 11:39:00,-0.2570624753860784
2018-10-01 11:42:00,-0.2508764238735921
2018-10-01 11:45:00,-0.158063515729566
2018-10-01 11:48:00,-0.1538107775150479
2018-10-01 11:51:00,-0.18940837065702
2018-10-01 11:54:00,-0.17733193522730062
2018-10-01 11:57:00,-0.1975801782751887
2018-10-01 12:00:00,-0.2506006021986309
2018-10-01 12:03:00,-0.2344672447437688
2018-10-01 12:06:00,-0.21039500481072082
2018-10-01 12:09:00,-0.21046221997829662
2018-10-01 12:12:00,-0.1077965421767999
2018-10-01 12:15:00,-0.14944331953853407
2018-10-01 12:18:00,-0.17275415465178412
2018-10-01 12:21:00,-0.21817075465014568
2018-10-01 12:24:00,-0.210899889047937
2018-10-01 12:27:00,-0.1901894013525407
2018-10-01 12:30:00,-0.13702618230928465
2018-10-01 12:33:00,-0.22888824254340534
2018-10-01 12:36:00,-0.3334643917026483
2018-10-01 12:39:00,-0.34126332804299864
2018-10-01 12:42:00,-0.20993066339212874
2018-10-01 12:45:00,-0.1266310185623638
2018-10-01 12:48:00,-0.17747107869814727
2018-10-01 12:51:00,-0.27300847080687163
2018-10-01 12:54:00,-0.2071740804176443
2018-10-01 12:57:00,-0.15169331394639585
2018-10-01 13:00:00,-0.27140615716234606
2018-10-01 13:03:00,-0.3050790227767948
2018-10-01 13:06:00,-0.19001691713941682
2018-10-01 13:09:00,-0.17895546883312363
2018-10-01 13:12:00,-0.16882443194350572
2018-10-01 13:15:00,-0.22399262401904707
2018-10-01 13:18:00,-0.23105692583158088
2018-10-01 13:21:00,-0.28457425846687556
2018-10-01 13:24:00,-0.2545269300364339
2018-10-01 13:27:00,-0.2655524001937124
2018-10-01 13:30:00,-0.2591928039584559
2018-10-01 13:33:00,-0.3310251736701275
2018-10-01 13:36:00,-0.41551745298664855
2018-10-01 13:39:00,-0.26647237046529426
2018-10-01 13:42:00,-0.2347391451996259
2018-10-01 13:45:00,-0.3498320591963875
2018-10-01 13:48:00,-0.3009116390954887
2018-10-01 13:51:00,-0.23478163004114094
2018-10-01 13:54:00,-0.29850920683514914
2018-10-01 13:57:00,-0.21276221241203075
2018-10-01 14:00:00,-0.2383426077581703
2018-10-01 14:03:00,-0.30738908825316
2018-10-01 14:06:00,-0.30957204115497916
2018-10-01 14:09:00,-0.2514518763808269
2018-10-01 14:12:00,-0.3357045597600177
2018-10-01 14:15:00,-0.36765366544278777
2018-10-01 14:18:00,-0.34372550500086163
2018-10-01 14:21:00,-0.2899409914791704
2018-10-01 14:24:00,-0.2816503239001804
2018-10-01 14:27:00,-0.29319003853476033
2018-10-01 14:30:00,-0.40364073868698824
2018-10-01 14:33:00,-0.41275047033917645
2018-10-01 14:36:00,-0.40885291325633943
2018-10-01 14:39:00,-0.2998198813694444
2018-10-01 14:42:00,-0.40334097176020123
2018-10-01 14:45:00,-0.4123370103239381
2018-10-01 14:48:00,-0.3629813150353698
2018-10-01 14:51:00,-0.33223170873594654
2018-10-01 14:54:00,-0.3339204119997703
2018-10-01 14:57:00,-0.2881425979448409
2018-10-01 15:00:00,-0.29635066284294
2018-10-01 15:03:00,-0.23356059380824945
2018-10-01 15:06:00,-0.37408694159415745
2018-10-01 15:09:00,-0.3819289661863081
2018-10-01 15:12:00,-0.33285286821615045
2018-10-01 15:15:00,-0.2749077088968761
2018-10-01 15:18:00,-0.33768535016946544
2018-10-01 15:21:00,-0.3177017934060018
2018-10-01 15:24:00,-0.40531146965878406
2018-10-01 15:27:00,-0.32122877478212786
2018-10-01 15:30:00,-0.4668200824503401
2018-10-01 15:33:00,-0.40130313773386206
2018-10-01 15:36:00,-0.5791087064922635
2018-10-01 15:39:00,-0.2941470787592948
2018-10-01 15:42:00,-0.4698204619374451
2018-10-01 15:45:00,-0.5494730760973994
2018-10-01 15:48:00,-0.4238902045674422
2018-10-01 15:51:00,-0.4611403746516771
2018-10-01 15:54:00,-0.41141132977509187
2018-10-01 15:57:00,-0.49012492654151174
2018-10-01 16:00:00,-0.4385400278122802
2018-10-01 16:03:00,-0.429510542028936
2018-10-01 16:06:00,-0.4847518771808268
2018-10-01 16:09:00,-0.4276873921196511
2018-10-01 16:12:00,-0.5054329488484655
2018-10-01 16:15:00,-0.46248141930664133
2018-10-01 16:18:00,-0.4645206914624964
2018-10-01 16:21:00,-0.36072223871337883
2018-10-01 16:24:00,-0.26647490981878263
2018-10-01 16:27:00,-0.31541960633603594
2018-10-01 16:30:00,-0.2744467528657424
2018-10-01 16:33:00,-0.2937289351708614
2018-10-01 16:36:00,-0.21295398158792977
2018-10-01 16:39:00,-0.32652711097398424
2018-10-01 16:42:00,-0.3812771453806363
2018-10-01 16:45:00,-0.2959566990459166
2018-10-01 16:48:00,-0.2662013281635609
2018-10-01 16:51:00,-0.32625014557385157
2018-10-01 16:54:00,-0.25137793245443163
2018-10-01 16:57:00,-0.21427173542110722
2018-10-01 17:00:00,-0.18587055056019608
2018-10-01 17:03:00,-0.1351944901187494
2018-10-01 17:06:00,-0.1943211261483384
2018-10-01 17:09:00,-0.2598350038722401
2018-10-01 17:12:00,-0.12868579807553715
2018-10-01 17:15:00,-0.21869763169758016
2018-10-01 17:18:00,-0.17341723529847286
2018-10-01 17:21:00,-0.16538152339586532
2018-10-01 17:24:00,-0.2256196705631055
2018-10-01 17:27:00,-0.17051617343980752
2018-10-01 17:30:00,-0.20181416738853386
2018-10-01 17:33:00,-0.27062543535527084
2018-10-01 17:36:00,-0.26336341503684935
2018-10-01 17:39:00,-0.19377163372649875
2018-10-01 17:42:00,-0.2683765268487832
2018-10-01 17:45:00,-0.1965115257389698
2018-10-01 17:48:00,-0.08991999418225305
2018-10-01 17:51:00,-0.10247828113762125
2018-10-01 17:54:00,-0.19772179989837468
2018-10-01 17:57:00,-0.15847282766645776
2018-10-01 18:00:00,-0.10232025392122068
2018-10-01 18:03:00,-0.06946539666182616
2018-10-01 18:06:00,-0.08409348691850482
2018-10-01 18:09:00,-0.15449481428692025
2018-10-01 18:12:00,-0.12546881179349612
2018-10-01 18:15:00,-0.2081786847485887
2018-10-01 18:18:00,-0.1466992451548208
2018-10-01 18:21:00,-0.18961799727856032
2018-10-01 18:24:00,-0.16889816796356172
2018-10-01 18:27:00,-0.1484219410484684
2018-10-01 18:30:00,-0.16152505187807265
2018-10-01 18:33:00,-0.12855442894704083
2018-10-01 18:36:00,-0.22841102001501667
2018-10-01 18:39:00,-0.10712296917535014
2018-10-01 18:42:00,-0.09413929591397618
2018-10-01 18:45:00,-0.07458955307748738
2018-10-01 18:48:00,0.009423002997664298
2018-10-01 18:51:00,-0.12593315458741472
2018-10-01 18:54:00,
2018-10-01 18:57:00,
2018-10-01 19:00:00,
2018-10-01 19:03:00,-0.08843147456303768
2018-10-01 19:06:00,-0.11958497385978717
2018-10-01 19:09:00,-0.07820228667191031
2018-10-01 19:12:00,-0.008506153385155812
2018-10-01 19:15:00,-0.08169611293737944
2018-10-01 19:18:00,-0.08367057442319492
2018-10-01 19:21:00,-0.020199407351810805
2018-10-01 19:24:00,-0.08017636594769328
2018-10-01 19:27:00,-0.05681456205684299
2018-10-01 19:30:00,-0.04398235276482865
2018-10-01 19:33:00,-0.1297817379332855
2018-10-01 19:36:00,-0.04837306788601836
2018-10-01 19:39:00,-0.13859389671222289
2018-10-01 19:42:00,0.003048487044338799
2018-10-01 19:45:00,-0.006051525717396089
2018-10-01 19:48:00,-0.08800796823607016
2018-10-01 19:51:00,0.03407834585385672
2018-10-01 19:54:00,-0.040616400506053196
2018-10-01 19:57:00,0.00882982953373812
2018-10-01 20:00:00,-0.0262071978160634
2018-10-01 20:03:00,0.0979700506293284
2018-10-01 20:06:00,0.1030496632440645
2018-10-01 20:09:00,0.2774753047605145
2018-10-01 20:12:00,0.19611771171241799
2018-10-01 20:15:00,0.20591404325125495
2018-10-01 20:18:00,0.2608836126080405
2018-10-01 20:21:00,0.26094076716435666
2018-10-01 20:24:00,0.22131269303542922
2018-10-01 20:27:00,0.18964669687795777
2018-10-01 20:30:00,0.3253474954245803
2018-10-01 20:33:00,0.14003885570787133
2018-10-01 20:36:00,-0.01620610442114412
2018-10-01 20:39:00,0.14322196355925598
2018-10-01 20:42:00,0.11871837411848674
2018-10-01 20:45:00,0.018713451397786685
2018-10-01 20:48:00,0.11032100575027926
2018-10-01 20:51:00,0.0475773264213899
2018-10-01 20:54:00,0.04715748085141058
2018-10-01 20:57:00,0.0450694343453506
2018-10-01 21:00:00,-0.006758852802136062
2018-10-01 21:03:00,0.07381674109007008
2018-10-01 21:06:00,0.1213743885251688
2018-10-01 21:09:00,0.011656811141449452
2018-10-01 21:12:00,0.00602955035259356
2018-10-01 21:15:00,0.029728475965612233
2018-10-01 21:18:00,0.04591577839727279
2018-10-01 21:21:00,0.05178559187191922
2018-10-01 21:24:00,0.09486018127427087
2018-10-01 21:27:00,0.20251793112231553
2018-10-01 21:30:00,0.16605565188041282
2018-10-01 21:33:00,0.3237150394149353
2018-10-01 21:36:00,0.4153402806898612
2018-10-01 21:39:00,0.36558834281430563
2018-10-01 21:42:00,0.33394760541017376
2018-10-01 21:45:00,0.343651617179205
2018-10-01 21:48:00,0.4268145572812614
2018-10-01 21:51:00,0.4966925294675093
2018-10-01 21:54:00,0.3961635378064443
2018-10-01 21:57:00,0.35424408839281796
2018-10-01 22:00:00,0.47476206614078365
2018-10-01 22:03:00,0.43262945021319865
2018-10-01 22:06:00,0.3595182330930129
2018-10-01 22:09:00,0.24231516525770758
2018-10-01 22:12:00,0.0736685470642442
2018-10-01 22:15:00,0.07187557276455436
2018-10-01 22:18:00,0.14062841582170904
2018-10-01 22:21:00,0.14832039543858855
2018-10-01 22:24:00,0.12007433964885195
2018-10-01 22:27:00,0.10399201582708884
2018-10-01 22:30:00,0.1694348530330103
2018-10-01 22:33:00,0.18654308412834553
2018-10-01 22:36:00,0.18057169831831743
2018-10-01 22:39:00,0.1761017158110576
2018-10-01 22:42:00,0.13732384672033504
2018-10-01 22:45:00,0.11431987940898125
2018-10-01 22:48:00,0.2267041819115434
2018-10-01 22:51:00,0.2178223233601102
2018-10-01 22:54:00,0.3354629105986646
2018-10-01 22:57:00,0.21071317084994234
2018-10-01 23:00:00,0.16991032726201638
2018-10-01 23:03:00,0.2112876078303998
2018-10-01 23:06:00,0.1926403118746407
2018-10-01 23:09:00,0.17395968770370018
2018-10-01 23:12:00,0.2600169936627026
2018-10-01 23:15:00,0.24662923805004766
2018-10-01 23:18:00,0.1896213891629941
2018-10-01 23:21:00,0.20565319999388976
2018-10-01 23:24:00,0.38860166940753516
2018-10-01 23:27:00,0.2146526356443701
2018-10-01 23:30:00,0.2959663719807395
2018-10-01 23:33:00,0.3839385721084909
2018-10-01 23:36:00,0.35158862702735405
2018-10-01 23:39:00,0.2380259394872155
2018-10-01 23:42:00,0.1899588399326717
2018-10-01 23:45:00,0.07958310600861296
2018-10-01 23:48:00,0.16317689718516704
2018-10-01 23:51:00,0.29272386691155816
2018-10-01 23:54:00,0.35132533856744885
2018-10-01 23:57:00,0.3687898207572857
2018-10-02 00:00:00,0.3058594091252189
2018-10-02 00:03:00,0.24997419188258618
2018-10-02 00:06:00,0.4414214214183403
2018-10-02 00:09:00,0.2669976179743685
2018-10-02 00:12:00,0.3414187165478779
2018-10-02 00:15:00,0.30931083550473204
2018-10-02 00:18:00,0.2907785257006026
2018-10-02 00:21:00,0.2601857724383194
2018-10-02 00:24:00,0.2971769799045205
2018-10-02 00:27:00,0.2820159653392693
2018-10-02 00:30:00,0.40697800105488113
2018-10-02 00:33:00,0.32915544649995354
2018-10-02 00:36:00,0.33512109833640125
2018-10-02 00:39:00,0.26345542148237655
2018-10-02 00:42:00,0.35481933613402816
2018-10-02 00:45:00,0.35393077670289586
2018-10-02 00:48:00,0.3546082244997706
2018-10-02 00:51:00,0.32579968971646167
2018-10-02 00:54:00,0.3487229437889141
2018-10-02 00:57:00,0.32346261331076676
2018-10-02 01:00:00,0.2535262105186007
2018-10-02 01:03:00,0.28388355217674643
2018-10-02 01:06:00,0.29778410550022727
2018-10-02 01:09:00,0.34783934095963787
2018-10-02 01:12:00,0.2707363146147941
2018-10-02 01:15:00,0.3241212534324518
2018-10-02 01:18:00,0.306076125809966
2018-10-02 01:21:00,0.3354265504990508
2018-10-02 01:24:00,0.36249158313620455
2018-10-02 01:27:00,0.28246218347032936
2018-10-02 01:30:00,0.27281623915411046
2018-10-02 01:33:00,0.28852546707639704
2018-10-02 01:36:00,0.3061841592999599
2018-10-02 01:39:00,0.2697599144352125
2018-10-02 01:42:00,0.32280375201804645
2018-10-02 01:45:00,0.3396673290983472
2018-10-02 01:48:00,0.39163604998060464
2018-10-02 01:51:00,0.35259057865732757
2018-10-02 01:54:00,0.41449336519821145
2018-10-02 01:57:00,0.37856046726045633
2018-10-02 02:00:00,0.3806103359431745
2018-10-02 02:03:00,0.30224018575574974
2018-10-02 02:06:00,0.35882866190422646
2018-10-02 02:09:00,0.3218986001170947
2018-10-02 02:12:00,0.2756500720890358
2018-10-02 02:15:00,0.3236851744056253
2018-10-02 02:18:00,0.39548679276606435
2018-10-02 02:21:00,0.3577621618448461
2018-10-02 02:24:00,0.38682166057986933
2018-10-02 02:27:00,0.2701438428749725
2018-10-02 02:30:00,0.29418993842455166
2018-10-02 02:33:00,0.3195161385459073
2018-10-02 02:36:00,0.3531970884038742
2018-10-02 02:39:00,0.3616392716294854
2018-10-02 02:42:00,0.31981615418305864
2018-10-02 02:45:00,0.40233131567879354
2018-10-02 02:48:00,0.22527810525326686
2018-10-02 02:51:00,0.3710770274880133
2018-10-02 02:54:00,0.3723405028471234
2018-10-02 02:57:00,0.5182527148476765
2018-10-02 03:00:00,0.5209918589332574
2018-10-02 03:03:00,0.3717593265071173
2018-10-02 03:06:00,0.43533411666885513
2018-10-02 03:09:00,0.6586130262847973
2018-10-02 03:12:00,0.6561470185257008
2018-10-02 03:15:00,0.7136770635390235
2018-10-02 03:18:00,0.7312375249280763
2018-10-02 03:21:00,0.8651804696034446
2018-10-02 03:24:00,0.8299312630335294
2018-10-02 03:27:00,0.6982245998490839
2018-10-02 03:30:00,0.7206663899481214
2018-10-02 03:33:00,0.6316202307918957
2018-10-02 03:36:00,0.483116366804893
2018-10-02 03:39:00,0.5250537335567174
2018-10-02 03:42:00,0.39677999993608637
2018-10-02 03:45:00,0.3458314560004965
2018-10-02 03:48:00,0.30888177127667404
2018-10-02 03:51:00,0.3946589174657902
2018-10-02 03:54:00,0.39453532270721325
2018-10-02 03:57:00,0.2964116796383678
2018-10-02 04:00:00,0.5004058770734332
2018-10-02 04:03:00,0.427376484877243
2018-10-02 04:06:00,0.41178713469474815
2018-10-02 04:09:00,0.4365533924712395
2018-10-02 04:12:00,0.35382572496604325
2018-10-02 04:15:00,0.24474859061263032
2018-10-02 04:18:00,0.36704013686772896
2018-10-02 04:21:00,0.3487906389303248
2018-10-02 04:24:00,0.428958038795372
2018-10-02 04:27:00,0.34418062001429917
2018-10-02 04:30:00,0.4477296548891445
2018-10-02 04:33:00,0.35112478995023366
2018-10-02 04:36:00,0.38289240487443976
2018-10-02 04:39:00,0.3402407994623218
2018-10-02 04:42:00,0.31469899782825905
2018-10-02 04:45:00,0.37375019552257527
2018-10-02 04:48:00,0.3386670022510998
2018-10-02 04:51:00,0.3344668618580613
2018-10-02 04:54:00,0.41796237122531466
2018-10-02 04:57:00,0.40239182811063756
2018-10-02 05:00:00,0.35728624560607614
2018-10-02 05:03:00,0.35287527005738184
2018-10-02 05:06:00,0.41384186433725745
2018-10-02 05:09:00,0.3463739517529234
2018-10-02 05:12:00,0.3576840429490744
2018-10-02 05:15:00,0.30488282004415623
2018-10-02 05:18:00,0.34727934857232867
2018-10-02 05:21:00,0.2449595161950242
2018-10-02 05:24:00,0.3703193233147317
2018-10-02 05:27:00,0.35255990301482143
2018-10-02 05:30:00,0.37462360550375706
2018-10-02 05:33:00,0.2890698038659707
2018-10-02 05:36:00,0.34719803872508237
2018-10-02 05:39:00,0.3384301619220196
2018-10-02 05:42:00,0.38092122147105556
2018-10-02 05:45:00,0.3048248965252469
2018-10-02 05:48:00,0.28802756091010906
2018-10-02 05:51:00,0.2910240800501924
2018-10-02 05:54:00,0.3723810365777922
2018-10-02 05:57:00,0.3649368763773282
2018-10-02 06:00:00,0.4147095038169937
2018-10-02 06:03:00,0.4387433151150617
2018-10-02 06:06:00,0.3322480187829342
2018-10-02 06:09:00,0.35302922651015933
2018-10-02 06:12:00,0.3708099259775395
2018-10-02 06:15:00,0.23996171378325926
2018-10-02 06:18:00,0.31457991325396506
2018-10-02 06:21:00,0.2704483970617275
2018-10-02 06:24:00,0.1925184826233135
2018-10-02 06:27:00,0.2881993391708306
2018-10-02 06:30:00,0.27121325673869023
2018-10-02 06:33:00,0.23866380351762473
2018-10-02 06:36:00,0.4218214203326056
2018-10-02 06:39:00,0.33259481797546186
2018-10-02 06:42:00,0.38201157973469435
2018-10-02 06:45:00,0.36577445755244753
2018-10-02 06:48:00,0.45988057956088824
2018-10-02 06:51:00,0.32597706330051324
2018-10-02 06:54:00,0.456616099436701
2018-10-02 06:57:00,0.41560245358749626
2018-10-02 07:00:00,0.35613575387463925
2018-10-02 07:03:00,0.30910884966988306
2018-10-02 07:06:00,0.29510223960977555
2018-10-02 07:09:00,0.26576398495524245
2018-10-02 07:12:00,0.302026738115444
2018-10-02 07:15:00,0.21572531873158596
2018-10-02 07:18:00,0.2617998654708913
2018-10-02 07:21:00,0.2579076211600295
2018-10-02 07:24:00,0.23720412868493668
2018-10-02 07:27:00,0.2846660944167638
2018-10-02 07:30:00,0.31301741143062145
2018-10-02 07:33:00,0.32112436291225777
2018-10-02 07:36:00,0.32374210037954754
2018-10-02 07:39:00,0.2565727486400533
2018-10-02 07:42:00,0.25841742057377814
2018-10-02 07:45:00,0.3584807322218353
2018-10-02 07:48:00,0.42847484342200914
2018-10-02 07:51:00,0.35373324363547454
2018-10-02 07:54:00,0.3829780303748862
2018-10-02 07:57:00,0.3147990916093022
2018-10-02 08:00:00,0.2686699428311954
2018-10-02 08:03:00,0.33764416832843835
2018-10-02 08:06:00,0.27509393433172136
2018-10-02 08:09:00,0.3047690672232761
2018-10-02 08:12:00,0.2688780873539258
2018-10-02 08:15:00,0.3436022858134038
2018-10-02 08:18:00,0.30851155707472344
2018-10-02 08:21:00,0.3503517848147908
2018-10-02 08:24:00,0.35906208836070164
2018-10-02 08:27:00,0.37903552535243534
2018-10-02 08:30:00,0.360313338978699
2018-10-02 08:33:00,0.3404928568496075
2018-10-02 08:36:00,0.3445564743842624
2018-10-02 08:39:00,0.2957080775200893
2018-10-02 08:42:00,0.32771872717358974
2018-10-02 08:45:00,0.3479993753692838
2018-10-02 08:48:00,0.35468912059729973
2018-10-02 08:51:00,0.3680305479858248
2018-10-02 08:54:00,0.25207001731115497
2018-10-02 08:57:00,0.262302273827288
2018-10-02 09:00:00,0.21391163160819815
2018-10-02 09:03:00,0.3067141785430749
2018-10-02 09:06:00,0.2834765533127097
2018-10-02 09:09:00,0.2835052587909672
2018-10-02 09:12:00,0.21505152580857612
2018-10-02 09:15:00,0.2706222123930502
2018-10-02 09:18:00,0.2918787916304382
2018-10-02 09:21:00,0.29362701559074367
2018-10-02 09:24:00,0.2401589316532977
2018-10-02 09:27:00,0.20846869150165048
2018-10-02 09:30:00,0.339858632299638
2018-10-02 09:33:00,0.31238018410732593
2018-10-02 09:36:00,0.28255877499697135
2018-10-02 09:39:00,0.3006168729183969
2018-10-02 09:42:00,0.3602233905441494
2018-10-02 09:45:00,0.28233749346992454
2018-10-02 09:48:00,0.294586128445701
2018-10-02 09:51:00,0.26703788866348077
2018-10-02 09:54:00,0.25198472297961416
2018-10-02 09:57:00,0.26931936243380505
2018-10-02 10:00:00,0.28927775698554115
2018-10-02 10:03:00,0.2101145944513405
2018-10-02 10:06:00,0.2907203749203404
2018-10-02 10:09:00,0.2554842605538852
2018-10-02 10:12:00,0.2852002759964307
2018-10-02 10:15:00,0.24550654260474403
2018-10-02 10:18:00,0.3188278333896619
2018-10-02 10:21:00,0.31088956744781626
2018-10-02 10:24:00,0.21549951456051986
2018-10-02 10:27:00,0.264843116045256
2018-10-02 10:30:00,0.25780695783720375
2018-10-02 10:33:00,0.235071693144846
2018-10-02 10:36:00,0.25255000500862934
2018-10-02 10:39:00,0.2743299765557481
2018-10-02 10:42:00,0.23671155696922597
2018-10-02 10:45:00,0.16674072813202656
2018-10-02 10:48:00,0.2296760571661025
2018-10-02 10:51:00,0.2303334381144282
2018-10-02 10:54:00,0.18708404417975544
2018-10-02 10:57:00,0.27948311720746233
2018-10-02 11:00:00,0.1647685035625841
2018-10-02 11:03:00,0.1633657899913601
2018-10-02 11:06:00,0.15365904449180334
2018-10-02 11:09:00,0.17945430809271556
2018-10-02 11:12:00,0.10953066792615118
2018-10-02 11:15:00,0.10407669195456037
2018-10-02 11:18:00,0.15419549387638654
2018-10-02 11:21:00,-0.053175718397881155
2018-10-02 11:24:00,0.07221240422438768
2018-10-02 11:27:00,0.09302314233917741
2018-10-02 11:30:00,0.060233263778059154
2018-10-02 11:33:00,0.1001836893671566
2018-10-02 11:36:00,0.08825851547999264
2018-10-02 11:39:00,-0.02521941393160887
2018-10-02 11:42:00,0.0402298907703198
2018-10-02 11:45:00,-0.05288425020819432
2018-10-02 11:48:00,0.05881136499283457
2018-10-02 11:51:00,-0.0065931151990525905
2018-10-02 11:54:00,-0.03385981300596086
2018-10-02 11:57:00,0.0021744099877878398
2018-10-02 12:00:00,0.05053970639318095
2018-10-02 12:03:00,-0.009868677528800163
2018-10-02 12:06:00,-0.0671903202439239
2018-10-02 12:09:00,-0.15737219328900665
2018-10-02 12:12:00,-0.261423778357198
2018-10-02 12:15:00,-0.17135630792199663
2018-10-02 12:18:00,-0.1798005900385533
2018-10-02 12:21:00,-0.1409383987775641
2018-10-02 12:24:00,-0.04599725419035394
2018-10-02 12:27:00,-0.1836541196250323
2018-10-02 12:30:00,-0.14781992554247836
2018-10-02 12:33:00,-0.14602618115952737
2018-10-02 12:36:00,-0.11582867610007952
2018-10-02 12:39:00,-0.12646943763871832
2018-10-02 12:42:00,-0.04504020184936053
2018-10-02 12:45:00,-0.286925723416914
2018-10-02 12:48:00,-0.1225807008907509
2018-10-02 12:51:00,-0.12237171360851562
2018-10-02 12:54:00,-0.1634058751914722
2018-10-02 12:57:00,-0.19876907456944082
2018-10-02 13:00:00,-0.08557893916400872
2018-10-02 13:03:00,-0.3129953366141649
2018-10-02 13:06:00,-0.325743596099926
2018-10-02 13:09:00,-0.33415669384424973
2018-10-02 13:12:00,-0.3291869111269534
2018-10-02 13:15:00,-0.29700654055113773
2018-10-02 13:18:00,-0.31089805779129165
2018-10-02 13:21:00,-0.3493022268932009
2018-10-02 13:24:00,-0.333075749774423
2018-10-02 13:27:00,-0.41952900896376377
2018-10-02 13:30:00,-0.37922577731160345
2018-10-02 13:33:00,-0.27939992873507435
2018-10-02 13:36:00,-0.2563581968433368
2018-10-02 13:39:00,-0.2764375974108475
2018-10-02 13:42:00,-0.3441808387347578
2018-10-02 13:45:00,-0.45426796769885414
2018-10-02 13:48:00,-0.44874414520830896
2018-10-02 13:51:00,-0.4477183463512233
2018-10-02 13:54:00,-0.4343721857325704
2018-10-02 13:57:00,-0.5124272056198151
2018-10-02 14:00:00,-0.5066480802644833
2018-10-02 14:03:00,-0.5180791672132727
2018-10-02 14:06:00,-0.40685745298623033
2018-10-02 14:09:00,-0.3688815056207204
2018-10-02 14:12:00,-0.3238055646910425
2018-10-02 14:15:00,-0.40933297320907513
2018-10-02 14:18:00,-0.3974076034879772
2018-10-02 14:21:00,-0.41271344191903836
2018-10-02 14:24:00,-0.38739027721976527
2018-10-02 14:27:00,-0.41880277561932644
2018-10-02 14:30:00,-0.33362255057011225
2018-10-02 14:33:00,-0.3794091982308032
2018-10-02 14:36:00,-0.3785313497112952
2018-10-02 14:39:00,-0.26707297774606786
2018-10-02 14:42:00,-0.4305300338185134
2018-10-02 14:45:00,-0.2706627015134586
2018-10-02 14:48:00,-0.17982156092369905
2018-10-02 14:51:00,-0.34988932865968536
2018-10-02 14:54:00,-0.27774131588557793
2018-10-02 14:57:00,-0.24732631703301422
2018-10-02 15:00:00,-0.1434350232288466
2018-10-02 15:03:00,-0.052971970490148124
2018-10-02 15:06:00,-0.047304985284029044
2018-10-02 15:09:00,-0.08761464166519772
2018-10-02 15:12:00,-0.02037929820454565
2018-10-02 15:15:00,-0.14395794080087398
2018-10-02 15:18:00,-0.13636939905399004
2018-10-02 15:21:00,-0.3646423816441029
2018-10-02 15:24:00,-0.290578154553657
2018-10-02 15:27:00,-0.20804600169338983
2018-10-02 15:30:00,-0.27095620062465287
2018-10-02 15:33:00,-0.17916554646711802
2018-10-02 15:36:00,-0.2691676557919891
2018-10-02 15:39:00,-0.1899587014358417
2018-10-02 15:42:00,-0.30582898477831577
2018-10-02 15:45:00,-0.2608206679342402
2018-10-02 15:48:00,-0.2878203832988788
2018-10-02 15:51:00,-0.26240178876236087
2018-10-02 15:54:00,-0.30005293844527614
2018-10-02 15:57:00,-0.2527483030573876
2018-10-02 16:00:00,-0.23292988804246306
2018-10-02 16:03:00,-0.18641516312573003
2018-10-02 16:06:00,-0.22083133895949913
2018-10-02 16:09:00,-0.1095405046555129
2018-10-02 16:12:00,-0.04183655976487444
2018-10-02 16:15:00,-0.08213356820573381
2018-10-02 16:18:00,0.016829338359457324
2018-10-02 16:21:00,-0.08978604636445198
2018-10-02 16:24:00,-0.07413000749920684
2018-10-02 16:27:00,-0.003806173878331265
2018-10-02 16:30:00,-0.030310725479012035
2018-10-02 16:33:00,-0.010157356011973206
2018-10-02 16:36:00,-0.004385861858338558
2018-10-02 16:39:00,-0.07274426005687928
2018-10-02 16:42:00,-0.019180746205165633
2018-10-02 16:45:00,-0.08525164394563944
2018-10-02 16:48:00,-0.0012005379616653045
2018-10-02 16:51:00,-0.10484277367186223
2018-10-02 16:54:00,-0.07809744463003199
2018-10-02 16:57:00,-0.17678129043059698
2018-10-02 17:00:00,-0.03497210309376442
2018-10-02 17:03:00,-0.055100520923303975
2018-10-02 17:06:00,0.029455542210655494
2018-10-02 17:09:00,0.018366559938442606
2018-10-02 17:12:00,0.026385214536901458
2018-10-02 17:15:00,-0.042922173736769764
2018-10-02 17:18:00,-0.04190956093907516
2018-10-02 17:21:00,-0.08828768170781132
2018-10-02 17:24:00,-0.10656466133525555
2018-10-02 17:27:00,-0.1699625471731565
2018-10-02 17:30:00,-0.12926141888681286
2018-10-02 17:33:00,-0.28257307817619903
2018-10-02 17:36:00,-0.12890856459779343
2018-10-02 17:39:00,-0.18094291590170997
2018-10-02 17:42:00,-0.209120033315628
2018-10-02 17:45:00,-0.2863636112645054
2018-10-02 17:48:00,-0.21190791732630032
2018-10-02 17:51:00,-0.1438132647434145
2018-10-02 17:54:00,-0.14939160545793584
2018-10-02 17:57:00,-0.09821339563063702
2018-10-02 18:00:00,-0.146638121520823
2018-10-02 18:03:00,-0.05014150135508544
2018-10-02 18:06:00,-0.1465237507219399
2018-10-02 18:09:00,-0.18118941413899847
2018-10-02 18:12:00,-0.014145262306044515
2018-10-02 18:15:00,-0.005970427816862411
2018-10-02 18:18:00,-0.05712699060643445
2018-10-02 18:21:00,0.008970322120205765
2018-10-02 18:24:00,-0.10115909617377383
2018-10-02 18:27:00,-0.037250311733373564
2018-10-02 18:30:00,0.006986929591278113
2018-10-02 18:33:00,-0.033589762134113244
2018-10-02 18:36:00,0.06383777693270076
2018-10-02 18:39:00,0.01543191729155069
2018-10-02 18:42:00,0.013134178266739127
2018-10-02 18:45:00,0.005871529407215803
2018-10-02 18:48:00,0.03587874506428079
2018-10-02 18:51:00,0.012548511758609493
2018-10-02 18:54:00,
2018-10-02 18:57:00,
2018-10-02 19:00:00,
2018-10-02 19:03:00,0.17379826404499
2018-10-02 19:06:00,0.016293723363844492
2018-10-02 19:09:00,0.020827904456382385
2018-10-02 19:12:00,0.018133081219957603
2018-10-02 19:15:00,0.08538625726379223
2018-10-02 19:18:00,0.055192137171104605
2018-10-02 19:21:00,0.06662300091591078
2018-10-02 19:24:00,0.003247499358053574
2018-10-02 19:27:00,0.06711534697836896
2018-10-02 19:30:00,-0.016664721503161672
2018-10-02 19:33:00,0.03376968321072127
2018-10-02 19:36:00,-0.003135931609108411
2018-10-02 19:39:00,0.035267664273987975
2018-10-02 19:42:00,-0.025563884055259223
2018-10-02 19:45:00,0.15312332055447087
2018-10-02 19:48:00,0.018570412468420727
2018-10-02 19:51:00,0.12132882254553579
2018-10-02 19:54:00,0.11372524550091612
2018-10-02 19:57:00,0.017602861095838307
2018-10-02 20:00:00,0.05181161867511719
2018-10-02 20:03:00,0.05574654898600784
2018-10-02 20:06:00,0.09661832581855379
2018-10-02 20:09:00,0.05757137230614262
2018-10-02 20:12:00,0.08938636959135238
2018-10-02 20:15:00,0.0383909431320717
2018-10-02 20:18:00,0.12158888988733452
2018-10-02 20:21:00,0.15779143515021588
2018-10-02 20:24:00,0.016273340444456608
2018-10-02 20:27:00,0.159197477407929
2018-10-02 20:30:00,0.08822807872996918
2018-10-02 20:33:00,0.10652123118870804
2018-10-02 20:36:00,0.06505743773914219
2018-10-02 20:39:00,0.11578043404728078
2018-10-02 20:42:00,0.02138347203754165
2018-10-02 20:45:00,0.03933767386786258
2018-10-02 20:48:00,0.056073264557539915
2018-10-02 20:51:00,0.06913028523854337
2018-10-02 20:54:00,0.05892986287074109
2018-10-02 20:57:00,0.0021054149209476236
2018-10-02 21:00:00,0.09046014140312764
2018-10-02 21:03:00,0.11987278231225673
2018-10-02 21:06:00,0.06727915092795911
2018-10-02 21:09:00,0.09271211779821442
2018-10-02 21:12:00,0.11540230983928268
2018-10-02 21:15:00,0.08269523542577417
2018-10-02 21:18:00,0.12252893392940223
2018-10-02 21:21:00,0.15555203137773788
2018-10-02 21:24:00,0.09562381107724605
2018-10-02 21:27:00,0.11173791893287444
2018-10-02 21:30:00,0.07230833200071629
2018-10-02 21:33:00,0.12963572202329487
2018-10-02 21:36:00,0.14368061981298297
2018-10-02 21:39:00,0.10585396573515027
2018-10-02 21:42:00,0.09012905842280361
2018-10-02 21:45:00,0.10230558856557082
2018-10-02 21:48:00,0.22269967401126678
2018-10-02 21:51:00,0.022631264319500133
2018-10-02 21:54:00,0.09848663335441188
2018-10-02 21:57:00,0.06523702599889702
2018-10-02 22:00:00,0.11257992906627123
2018-10-02 22:03:00,0.032427436561192735
2018-10-02 22:06:00,0.06088822655442527
2018-10-02 22:09:00,0.1950830421735077
2018-10-02 22:12:00,0.10489570365587042
2018-10-02 22:15:00,0.15690074227381956
2018-10-02 22:18:00,0.16694327774297335
2018-10-02 22:21:00,0.027367110607144696
2018-10-02 22:24:00,0.15066865177880118
2018-10-02 22:27:00,0.10115207309388552
2018-10-02 22:30:00,0.07882049173230143
2018-10-02 22:33:00,0.17436509485327178
2018-10-02 22:36:00,0.10844750742126053
2018-10-02 22:39:00,0.19853445162249272
2018-10-02 22:42:00,0.14597406455010287
2018-10-02 22:45:00,0.17444499840422623
2018-10-02 22:48:00,0.10830995353148865
2018-10-02 22:51:00,0.22248679289953088
2018-10-02 22:54:00,0.18001569140767515
2018-10-02 22:57:00,0.16932279238392312
2018-10-02 23:00:00,0.20237537366443803
2018-10-02 23:03:00,0.21399517913243926
2018-10-02 23:06:00,0.1781120894183914
2018-10-02 23:09:00,0.0863229309290432
2018-10-02 23:12:00,0.1545995696408795
2018-10-02 23:15:00,0.2418017520328135
2018-10-02 23:18:00,0.15130409111475274
2018-10-02 23:21:00,0.15742118865887278
2018-10-02 23:24:00,0.22171382159717723
2018-10-02 23:27:00,0.2607590918853475
2018-10-02 23:30:00,0.18972312019644733
2018-10-02 23:33:00,0.2415707285591111
2018-10-02 23:36:00,0.24534130934091536
2018-10-02 23:39:00,0.18571076329072866
2018-10-02 23:42:00,0.16194310610711682
2018-10-02 23:45:00,0.1524213711332436
2018-10-02 23:48:00,0.2673685367092844
2018-10-02 23:51:00,0.16031844785618432
2018-10-02 23:54:00,0.21687951421972684
2018-10-02 23:57:00,0.2234796359271627
2018-10-03 00:00:00,0.26463204203128043
2018-10-03 00:03:00,0.2185101433333898
2018-10-03 00:06:00,0.22322368478069166
2018-10-03 00:09:00,0.25869461213159184
2018-10-03 00:12:00,0.20460525807925478
2018-10-03 00:15:00,0.1270682032784407
2018-10-03 00:18:00,0.19393117018307748
2018-10-03 00:21:00,0.1806203235457815
2018-10-03 00:24:00,0.2016355757661472
2018-10-03 00:27:00,0.34046016898861353
2018-10-03 00:30:00,0.18226130721785694
2018-10-03 00:33:00,0.14452969382051606
2018-10-03 00:36:00,0.17025860529986403
2018-10-03 00:39:00,0.24597859018626878
2018-10-03 00:42:00,0.24959597183158166
2018-10-03 00:45:00,0.19401780797164747
2018-10-03 00:48:00,0.1910132419322963
2018-10-03 00:51:00,0.23138132216428176
2018-10-03 00:54:00,0.21381167016824065
2018-10-03 00:57:00,0.17392541353194702
2018-10-03 01:00:00,0.17394596061205903
2018-10-03 01:03:00,0.3526106080967111
2018-10-03 01:06:00,0.2664076381374798
2018-10-03 01:09:00,0.25947129424042714
2018-10-03 01:12:00,0.18252328830573106
2018-10-03 01:15:00,0.17666745993483346
2018-10-03 01:18:00,0.21249389153587117
2018-10-03 01:21:00,0.18085545025513738
2018-10-03 01:24:00,0.24898615870137064
2018-10-03 01:27:00,0.1763489030747678
2018-10-03 01:30:00,0.2641337407806077
2018-10-03 01:33:00,0.1998816282775806
2018-10-03 01:36:00,0.18018278741323002
2018-10-03 01:39:00,0.24810302462651634
2018-10-03 01:42:00,0.21829931333712693
2018-10-03 01:45:00,0.21341400563585466
2018-10-03 01:48:00,0.2946867603478722
2018-10-03 01:51:00,0.2385141825819801
2018-10-03 01:54:00,0.3063548880630833
2018-10-03 01:57:00,0.2591125069855593
2018-10-03 02:00:00,0.3261207404788138
2018-10-03 02:03:00,0.39042344817607955
2018-10-03 02:06:00,0.28834844161241335
2018-10-03 02:09:00,0.4191350643787928
2018-10-03 02:12:00,0.33617891562369095
2018-10-03 02:15:00,0.207176568174134
2018-10-03 02:18:00,0.30167075079100414
2018-10-03 02:21:00,0.3039327630979187
2018-10-03 02:24:00,0.35440869365567096
2018-10-03 02:27:00,0.25565105500874097
2018-10-03 02:30:00,0.3074528452241907
2018-10-03 02:33:00,0.28444061317912883
2018-10-03 02:36:00,0.24130201022234132
2018-10-03 02:39:00,0.2548209175664624
2018-10-03 02:42:00,0.27796376555863844
2018-10-03 02:45:00,0.31829855394198603
2018-10-03 02:48:00,0.28006605753762415
2018-10-03 02:51:00,0.23714705751615384
2018-10-03 02:54:00,0.24777704206644557
2018-10-03 02:57:00,0.34146450499827097
2018-10-03 03:00:00,0.3316865928558741
2018-10-03 03:03:00,0.31932138812567246
2018-10-03 03:06:00,0.3245956526910163
2018-10-03 03:09:00,0.43325088781460863
2018-10-03 03:12:00,0.3136241743748087
2018-10-03 03:15:00,0.3862699948843442
2018-10-03 03:18:00,0.37562654460992917
2018-10-03 03:21:00,0.3060393749182708
2018-10-03 03:24:00,0.364868118911545
2018-10-03 03:27:00,0.36170865090878124
2018-10-03 03:30:00,0.29855331943036845
2018-10-03 03:33:00,0.24908378884089188
2018-10-03 03:36:00,0.24248205930376798
2018-10-03 03:39:00,0.298825727929227
2018-10-03 03:42:00,0.36852812269717106
2018-10-03 03:45:00,0.3212473838906931
2018-10-03 03:48:00,0.2348139482529632
2018-10-03 03:51:00,0.34166231570134187
2018-10-03 03:54:00,0.3115227128111542
2018-10-03 03:57:00,0.3607213163012375
2018-10-03 04:00:00,0.33448238660923835
2018-10-03 04:03:00,0.297010130778915
2018-10-03 04:06:00,0.4041673507991277
2018-10-03 04:09:00,0.2983205614643225
2018-10-03 04:12:00,0.4029564559514256
2018-10-03 04:15:00,0.335849333035128
2018-10-03 04:18:00,0.34178400479015636
2018-10-03 04:21:00,0.3643011597438317
2018-10-03 04:24:00,0.3734008692974271
2018-10-03 04:27:00,0.2879184803595649
2018-10-03 04:30:00,0.3073056356010966
2018-10-03 04:33:00,0.3402700402322125
2018-10-03 04:36:00,0.32739186250000785
2018-10-03 04:39:00,0.37626525357546825
2018-10-03 04:42:00,0.29387742386808213
2018-10-03 04:45:00,0.44718257985744003
2018-10-03 04:48:00,0.24055635030975964
2018-10-03 04:51:00,0.30682582831570926
2018-10-03 04:54:00,0.38941588987790965
2018-10-03 04:57:00,0.3367126907475608
2018-10-03 05:00:00,0.4255073399173739
2018-10-03 05:03:00,0.3050987237289746
2018-10-03 05:06:00,0.36434854260494376
2018-10-03 05:09:00,0.32516925342940795
2018-10-03 05:12:00,0.4196130865527721
2018-10-03 05:15:00,0.3539872905038237
2018-10-03 05:18:00,0.29407539863160537
2018-10-03 05:21:00,0.3788275399915051
2018-10-03 05:24:00,0.29878068685923154
2018-10-03 05:27:00,0.2814107037514759
2018-10-03 05:30:00,0.30283320243000844
2018-10-03 05:33:00,0.27386647019079646
2018-10-03 05:36:00,0.3285208629466183
2018-10-03 05:39:00,0.3866447802546986
2018-10-03 05:42:00,0.3940893951412363
2018-10-03 05:45:00,0.3392806030192901
2018-10-03 05:48:00,0.3417895536393871
2018-10-03 05:51:00,0.4275453746849962
2018-10-03 05:54:00,0.3429887277211492
2018-10-03 05:57:00,0.4085137042891347
2018-10-03 06:00:00,0.3289052869509419
2018-10-03 06:03:00,0.36163078748205635
2018-10-03 06:06:00,0.34380319353851974
2018-10-03 06:09:00,0.33561551646761245
2018-10-03 06:12:00,0.4135633784534889
2018-10-03 06:15:00,0.3195904561035263
2018-10-03 06:18:00,0.37181527410120907
2018-10-03 06:21:00,0.3687674621972974
2018-10-03 06:24:00,0.39643604666360943
2018-10-03 06:27:00,0.36315579261071207
2018-10-03 06:30:00,0.37862195385122277
2018-10-03 06:33:00,0.3005836153484438
2018-10-03 06:36:00,0.38288952150105615
2018-10-03 06:39:00,0.41048374091383266
2018-10-03 06:42:00,0.3984917789735505
2018-10-03 06:45:00,0.4481295928803206
2018-10-03 06:48:00,0.37145083509977894
2018-10-03 06:51:00,0.3825939344095559
2018-10-03 06:54:00,0.32231563608746683
2018-10-03 06:57:00,0.3800004232701326
2018-10-03 07:00:00,0.37134286033858643
2018-10-03 07:03:00,0.42892263720369783
2018-10-03 07:06:00,0.3254963884687072
2018-10-03 07:09:00,0.3758452066525706
2018-10-03 07:12:00,0.3056714144462944
2018-10-03 07:15:00,0.35503854674857394
2018-10-03 07:18:00,0.27442509941386106
2018-10-03 07:21:00,0.3568605413479986
2018-10-03 07:24:00,0.40895538355295
2018-10-03 07:27:00,0.3969349786334533
2018-10-03 07:30:00,0.3672388368796078
2018-10-03 07:33:00,0.3531755482184735
2018-10-03 07:36:00,0.2802554408526703
2018-10-03 07:39:00,0.30391297598288247
2018-10-03 07:42:00,0.36669019273296044
2018-10-03 07:45:00,0.30631614311641897
2018-10-03 07:48:00,0.3065771243117865
2018-10-03 07:51:00,0.3471577471851788
2018-10-03 07:54:00,0.2640832823907431
2018-10-03 07:57:00,0.23050305727389286
2018-10-03 08:00:00,0.30613803542246387
2018-10-03 08:03:00,0.2080742731206442
2018-10-03 08:06:00,0.28666611109423457
2018-10-03 08:09:00,0.32087563612748227
2018-10-03 08:12:00,0.24986619273607857
2018-10-03 08:15:00,0.3134127835533036
2018-10-03 08:18:00,0.3575546521338424
2018-10-03 08:21:00,0.2281274022841444
2018-10-03 08:24:00,0.1810082024807116
2018-10-03 08:27:00,0.18481857468566432
2018-10-03 08:30:00,0.22037632057987366
2018-10-03 08:33:00,0.11133466127779457
2018-10-03 08:36:00,0.22605441393693582
2018-10-03 08:39:00,0.15986461342947678
2018-10-03 08:42:00,0.09917864371726637
2018-10-03 08:45:00,0.08561053539517616
2018-10-03 08:48:00,0.11322311265570306
2018-10-03 08:51:00,0.1539091971881703
2018-10-03 08:54:00,0.14084292088881512
2018-10-03 08:57:00,0.17396414574233177
2018-10-03 09:00:00,-0.025301670590408776
2018-10-03 09:03:00,-0.00709963061876806
2018-10-03 09:06:00,0.009425591218871432
2018-10-03 09:09:00,0.05300203856944563
2018-10-03 09:12:00,0.042014979820578446
2018-10-03 09:15:00,0.07597727371728524
2018-10-03 09:18:00,0.16634282681343393
2018-10-03 09:21:00,0.12678066041422653
2018-10-03 09:24:00,0.0893402103941412
2018-10-03 09:27:00,0.028488607776580466
2018-10-03 09:30:00,0.1378513383625659
2018-10-03 09:33:00,0.01129450391329101
2018-10-03 09:36:00,-0.02765105144840163
2018-10-03 09:39:00,0.05923165538729336
2018-10-03 09:42:00,-0.0037926755750845587
2018-10-03 09:45:00,-0.01566990428563031
2018-10-03 09:48:00,-0.10653253358839265
2018-10-03 09:51:00,0.02879264962768957
2018-10-03 09:54:00,-0.10111660695429237
2018-10-03 09:57:00,-0.08747502652909134
2018-10-03 10:00:00,-0.04683120392229512
2018-10-03 10:03:00,-0.0109132263361289
2018-10-03 10:06:00,-0.04718938551525298
2018-10-03 10:09:00,-0.024628846998211884
2018-10-03 10:12:00,-0.20597102823171554
2018-10-03 10:15:00,-0.11637155762377915
2018-10-03 10:18:00,-0.14380910596264584
2018-10-03 10:21:00,-0.05851251720690698
2018-10-03 10:24:00,-0.10290622349441492
2018-10-03 10:27:00,-0.12887005379946004
2018-10-03 10:30:00,-0.1889727048004488
2018-10-03 10:33:00,-0.0811315784409885
2018-10-03 10:36:00,-0.14695989691836076
2018-10-03 10:39:00,-0.13154635253465585
2018-10-03 10:42:00,-0.14727393996599858
2018-10-03 10:45:00,-0.19019863547356408
2018-10-03 10:48:00,-0.2243560141528178
2018-10-03 10:51:00,-0.2525179104525819
2018-10-03 10:54:00,-0.10800078521708656
2018-10-03 10:57:00,-0.29525948230269705
2018-10-03 11:00:00,-0.22930440947880015
2018-10-03 11:03:00,-0.2456431870563165
2018-10-03 11:06:00,-0.15979069757094067
2018-10-03 11:09:00,-0.23151921123928787
2018-10-03 11:12:00,-0.19306553533283477
2018-10-03 11:15:00,-0.2907051364736617
2018-10-03 11:18:00,-0.31159185982676263
2018-10-03 11:21:00,-0.384022247992732
2018-10-03 11:24:00,-0.250104149909248
2018-10-03 11:27:00,-0.27647807964103777
2018-10-03 11:30:00,-0.17953901018404395
2018-10-03 11:33:00,-0.1029323131750175
2018-10-03 11:36:00,-0.24272105911433073
2018-10-03 11:39:00,-0.18025019764098715
2018-10-03 11:42:00,-0.16045924547671575
2018-10-03 11:45:00,-0.2593979659476986
2018-10-03 11:48:00,-0.23087852981740298
2018-10-03 11:51:00,-0.15642249160714528
2018-10-03 11:54:00,-0.18973490066201748
2018-10-03 11:57:00,-0.15993431621433274
2018-10-03 12:00:00,-0.1930484621453843
2018-10-03 12:03:00,-0.02035153264893097
2018-10-03 12:06:00,-0.00019893545959348558
2018-10-03 12:09:00,-0.04936662869192787
2018-10-03 12:12:00,0.034965565912386865
2018-10-03 12:15:00,0.15631418652066031
2018-10-03 12:18:00,-0.11242186209699412
2018-10-03 12:21:00,-0.1320040554053321
2018-10-03 12:24:00,-0.0662982518531976
2018-10-03 12:27:00,0.09032854712711469
2018-10-03 12:30:00,-0.006684888724464599
2018-10-03 12:33:00,0.09047666592823589
2018-10-03 12:36:00,0.09161547165399497
2018-10-03 12:39:00,0.13332673796304562
2018-10-03 12:42:00,0.0687806158806552
2018-10-03 12:45:00,0.14298644230046875
2018-10-03 12:48:00,0.0142025011373903
2018-10-03 12:51:00,0.034174118449129764
2018-10-03 12:54:00,-0.06160390940124216
2018-10-03 12:57:00,0.0993535914540189
2018-10-03 13:00:00,0.09555938281062026
2018-10-03 13:03:00,0.04542477825845026
2018-10-03 13:06:00,0.04704229229434986
2018-10-03 13:09:00,0.045591359989487046
2018-10-03 13:12:00,0.06713615381835325
2018-10-03 13:15:00,-0.12807519033589188
2018-10-03 13:18:00,-0.2706375091368045
2018-10-03 13:21:00,-0.10070119598532301
2018-10-03 13:24:00,-0.1340319031215813
2018-10-03 13:27:00,-0.1894260155044094
2018-10-03 13:30:00,-0.07690779511290202
2018-10-03 13:33:00,-0.1359704466011067
2018-10-03 13:36:00,-0.2061136386486737
2018-10-03 13:39:00,-0.17388416217767144
2018-10-03 13:42:00,0.11080175324804031
2018-10-03 13:45:00,0.15732605588306114
2018-10-03 13:48:00,0.3464600216373128
2018-10-03 13:51:00,0.38313255314506023
2018-10-03 13:54:00,0.5566568267267371
2018-10-03 13:57:00,0.7117064434279428
2018-10-03 14:00:00,0.7470868869939977
2018-10-03 14:03:00,0.9358351217516088
2018-10-03 14:06:00,0.6385658902169098
2018-10-03 14:09:00,0.7259149474140258
2018-10-03 14:12:00,0.6316209851389658
2018-10-03 14:15:00,0.7138325432946999
2018-10-03 14:18:00,0.6856913927931032
2018-10-03 14:21:00,0.492340572367425
2018-10-03 14:24:00,0.4905424491298618
2018-10-03 14:27:00,0.4629342547220858
2018-10-03 14:30:00,0.5069182006911319
2018-10-03 14:33:00,0.7355186920008805
2018-10-03 14:36:00,0.656467109013704
2018-10-03 14:39:00,0.7063130122413668
2018-10-03 14:42:00,0.7440737071980266
2018-10-03 14:45:00,0.5986368997311615
2018-10-03 14:48:00,0.5728521038204804
2018-10-03 14:51:00,0.4482757197151841
2018-10-03 14:54:00,0.24807371761011154
2018-10-03 14:57:00,0.36240885024722047
2018-10-03 15:00:00,0.2893851077602676
2018-10-03 15:03:00,0.2038477771112639
2018-10-03 15:06:00,0.2551259503892993
2018-10-03 15:09:00,0.26305203513430797
2018-10-03 15:12:00,0.20228675026311294
2018-10-03 15:15:00,0.3552626760437647
2018-10-03 15:18:00,0.42115985649701315
2018-10-03 15:21:00,0.43506362379054053
2018-10-03 15:24:00,0.4926343980947081
2018-10-03 15:27:00,0.49553415843485027
2018-10-03 15:30:00,0.5917938089610288
2018-10-03 15:33:00,0.44327058530365093
2018-10-03 15:36:00,0.6231107585863356
2018-10-03 15:39:00,0.6135054992258233
2018-10-03 15:42:00,0.6050907645676489
2018-10-03 15:45:00,0.5611957594738328
2018-10-03 15:48:00,0.5004004841390497
2018-10-03 15:51:00,0.5077623679385965
2018-10-03 15:54:00,0.4998676971509326
2018-10-03 15:57:00,0.5687622655334508
2018-10-03 16:00:00,0.5657158380774945
2018-10-03 16:03:00,0.5890707561275121
2018-10-03 16:06:00,0.5489005180609752
2018-10-03 16:09:00,0.5691454863455192
2018-10-03 16:12:00,0.5861140229379203
2018-10-03 16:15:00,0.38360051327077826
2018-10-03 16:18:00,0.36732680333454937
2018-10-03 16:21:00,0.4088257908936157
2018-10-03 16:24:00,0.30858279922847487
2018-10-03 16:27:00,0.28824168529894223
2018-10-03 16:30:00,0.3153958780956714
2018-10-03 16:33:00,0.39908876905735724
2018-10-03 16:36:00,0.46706713766803887
2018-10-03 16:39:00,0.3920421495463984
2018-10-03 16:42:00,0.40972619101080454
2018-10-03 16:45:00,0.4461025655572257
2018-10-03 16:48:00,0.45790441116326974
2018-10-03 16:51:00,0.41058380427097063
2018-10-03 16:54:00,0.4530074648940854
2018-10-03 16:57:00,0.4695743514806736
2018-10-03 17:00:00,0.3939400662798107
2018-10-03 17:03:00,0.4542206052723827
2018-10-03 17:06:00,0.48097946977242145
2018-10-03 17:09:00,0.41704008873233533
2018-10-03 17:12:00,0.5448208757615021
2018-10-03 17:15:00,0.46459415396276427
2018-10-03 17:18:00,0.4274863609734325
2018-10-03 17:21:00,0.4919793380995543
2018-10-03 17:24:00,0.44025339115501083
2018-10-03 17:27:00,0.49313714880247517
2018-10-03 17:30:00,0.38726901532618285
2018-10-03 17:33:00,0.5300547112664162
2018-10-03 17:36:00,0.4164000677834565
2018-10-03 17:39:00,0.47001425007556463
2018-10-03 17:42:00,0.34708615435448564
2018-10-03 17:45:00,0.44541288865150364
2018-10-03 17:48:00,0.490622761405632
2018-10-03 17:51:00,0.4596040686070637
2018-10-03 17:54:00,0.4016003765349865
2018-10-03 17:57:00,0.4452888418373959
2018-10-03 18:00:00,0.44800815339556266
2018-10-03 18:03:00,0.5462532853804873
2018-10-03 18:06:00,0.44248312619782837
2018-10-03 18:09:00,0.42642904277232674
2018-10-03 18:12:00,0.39184648057204186
2018-10-03 18:15:00,0.3567011025662623
2018-10-03 18:18:00,0.4014426525761223
2018-10-03 18:21:00,0.4733246367194397
2018-10-03 18:24:00,0.41722574716754934
2018-10-03 18:27:00,0.4585342788135449
2018-10-03 18:30:00,0.3391569504041172
2018-10-03 18:33:00,0.4284127593569451
2018-10-03 18:36:00,0.3930152125782911
2018-10-03 18:39:00,0.4081394290118965
2018-10-03 18:42:00,0.48679197849730826
2018-10-03 18:45:00,0.4623944614384641
2018-10-03 18:48:00,0.41609491694816825
2018-10-03 18:51:00,0.41828814527355007
2018-10-03 18:54:00,
2018-10-03 18:57:00,
2018-10-03 19:00:00,
2018-10-03 19:03:00,0.41977156715893216
2018-10-03 19:06:00,0.3497168883931181
2018-10-03 19:09:00,0.36129061898617465
2018-10-03 19:12:00,0.4329494780126879
2018-10-03 19:15:00,0.4094324451803004
2018-10-03 19:18:00,0.3553839859055188
2018-10-03 19:21:00,0.41699369707254164
2018-10-03 19:24:00,0.3841684913937229
2018-10-03 19:27:00,0.4969814790616738
2018-10-03 19:30:00,0.2762436287037531
2018-10-03 19:33:00,0.3977619660047367
2018-10-03 19:36:00,0.41797632987305633
2018-10-03 19:39:00,0.3754232467551901
2018-10-03 19:42:00,0.3949705519428903
2018-10-03 19:45:00,0.29412202615441174
2018-10-03 19:48:00,0.37245047264468667
2018-10-03 19:51:00,0.42858251605656505
2018-10-03 19:54:00,0.4033018908520489
2018-10-03 19:57:00,0.37328316533654515
2018-10-03 20:00:00,0.4004300965930838
2018-10-03 20:03:00,0.4295357076371147
2018-10-03 20:06:00,0.38767723848962987
2018-10-03 20:09:00,0.3546543564038984
2018-10-03 20:12:00,0.40460678950711326
2018-10-03 20:15:00,0.4924784213248472
2018-10-03 20:18:00,0.4719611659850216
2018-10-03 20:21:00,0.34504610233750554
2018-10-03 20:24:00,0.26485338144993875
2018-10-03 20:27:00,0.3552474132989687
2018-10-03 20:30:00,0.36171051545562705
2018-10-03 20:33:00,0.3388320167462666
2018-10-03 20:36:00,0.3721411907845322
2018-10-03 20:39:00,0.3675341548949973
2018-10-03 20:42:00,0.29836154825460426
2018-10-03 20:45:00,0.3435949992475571
2018-10-03 20:48:00,0.3631867822426784
2018-10-03 20:51:00,0.3454109316206768
2018-10-03 20:54:00,0.32718774470646395
2018-10-03 20:57:00,0.31851918337912366
2018-10-03 21:00:00,0.2691865246706584
2018-10-03 21:03:00,0.3664990851904122
2018-10-03 21:06:00,0.30317338379916237
2018-10-03 21:09:00,0.30584789837854487
2018-10-03 21:12:00,0.2859586820810591
2018-10-03 21:15:00,0.3083998308819105
2018-10-03 21:18:00,0.29910492786859777
2018-10-03 21:21:00,0.29981661874137444
2018-10-03 21:24:00,0.32189368714131206
2018-10-03 21:27:00,0.26920371624498785
2018-10-03 21:30:00,0.26430176968000296
2018-10-03 21:33:00,0.27292148924129833
2018-10-03 21:36:00,0.32534644494944587
2018-10-03 21:39:00,0.31786010847139323
2018-10-03 21:42:00,0.2592085502496957
2018-10-03 21:45:00,0.340275280785022
2018-10-03 21:48:00,0.2510406269753389
2018-10-03 21:51:00,0.3314373792521792
2018-10-03 21:54:00,0.38409750645399754
2018-10-03 21:57:00,0.424675172221896
2018-10-03 22:00:00,0.47926078343988365
2018-10-03 22:03:00,0.27192291476188757
2018-10-03 22:06:00,0.35604543253992915
2018-10-03 22:09:00,0.402341705535207
2018-10-03 22:12:00,0.4218282856192559
2018-10-03 22:15:00,0.4322786119005855
2018-10-03 22:18:00,0.343836146855665
2018-10-03 22:21:00,0.33766387659704833
2018-10-03 22:24:00,0.3846532414825674
2018-10-03 22:27:00,0.39668613640122885
2018-10-03 22:30:00,0.38447479743200574
2018-10-03 22:33:00,0.3498622359142587
2018-10-03 22:36:00,0.3794614546570756
2018-10-03 22:39:00,0.39743965119942004
2018-10-03 22:42:00,0.472285233501907
2018-10-03 22:45:00,0.4563221342921224
2018-10-03 22:48:00,0.4177813304946767
2018-10-03 22:51:00,0.466533342989635
2018-10-03 22:54:00,0.453136925664694
2018-10-03 22:57:00,0.3297443054474911
2018-10-03 23:00:00,0.40472291319275655
2018-10-03 23:03:00,0.3749694297171686
2018-10-03 23:06:00,0.40465327007552787
2018-10-03 23:09:00,0.3642740697412705
2018-10-03 23:12:00,0.3834821109156792
2018-10-03 23:15:00,0.45089960330284384
2018-10-03 23:18:00,0.31668830544407456
2018-10-03 23:21:00,0.2987676922212472
2018-10-03 23:24:00,0.4514774298270936
2018-10-03 23:27:00,0.385213617292095
2018-10-03 23:30:00,0.4008251733978909
2018-10-03 23:33:00,0.26989391133975005
2018-10-03 23:36:00,0.35001368528992316
2018-10-03 23:39:00,0.31633573235501444
2018-10-03 23:42:00,0.32445085648151917
2018-10-03 23:45:00,0.31308931155865594
2018-10-03 23:48:00,0.33535001678416165
2018-10-03 23:51:00,0.2644594375011593
2018-10-03 23:54:00,0.318252818662188
2018-10-03 23:57:00,0.31438736224623653
2018-10-04 00:00:00,0.2812138307892269
2018-10-04 00:03:00,0.3574973104016408
2018-10-04 00:06:00,0.36470867604282375
2018-10-04 00:09:00,0.3552422942347562
2018-10-04 00:12:00,0.3525331739045896
2018-10-04 00:15:00,0.3848936998809336
2018-10-04 00:18:00,0.29005519411379055
2018-10-04 00:21:00,0.3254844924074405
2018-10-04 00:24:00,0.32997859522373574
2018-10-04 00:27:00,0.34652847144587895
2018-10-04 00:30:00,0.36468747813927394
2018-10-04 00:33:00,0.35744529468775
2018-10-04 00:36:00,0.33801375716268467
2018-10-04 00:39:00,0.4268909268597554
2018-10-04 00:42:00,0.3248336296119305
2018-10-04 00:45:00,0.3454996077445571
2018-10-04 00:48:00,0.3597276477050855
2018-10-04 00:51:00,0.3820880709638459
2018-10-04 00:54:00,0.3387534089731048
2018-10-04 00:57:00,0.3491935494143945
2018-10-04 01:00:00,0.4323275312523265
2018-10-04 01:03:00,0.40973168241652047
2018-10-04 01:06:00,0.30347974401399824
2018-10-04 01:09:00,0.34542963288214423
2018-10-04 01:12:00,0.4129620307481332
2018-10-04 01:15:00,0.36414018432930106
2018-10-04 01:18:00,0.3748674561732628
2018-10-04 01:21:00,0.34302337175830644
2018-10-04 01:24:00,0.3156608285986522
2018-10-04 01:27:00,0.42247539879093665
2018-10-04 01:30:00,0.34481616669671666
2018-10-04 01:33:00,0.3518935706997013
2018-10-04 01:36:00,0.35686634062051326
2018-10-04 01:39:00,0.4463845550412202
2018-10-04 01:42:00,0.3920634492721433
2018-10-04 01:45:00,0.3361127738400569
2018-10-04 01:48:00,0.3633695003179014
2018-10-04 01:51:00,0.374534311510331
2018-10-04 01:54:00,0.4605950198061919
2018-10-04 01:57:00,0.3815443453926832
2018-10-04 02:00:00,0.399762004692775
2018-10-04 02:03:00,0.36971312271947454
2018-10-04 02:06:00,0.38125603217218895
2018-10-04 02:09:00,0.38737143466607904
2018-10-04 02:12:00,0.44151989283034254
2018-10-04 02:15:00,0.3787899342288483
2018-10-04 02:18:00,0.35177125851339497
2018-10-04 02:21:00,0.33559031858374055
2018-10-04 02:24:00,0.365660114331547
2018-10-04 02:27:00,0.409189669786997
2018-10-04 02:30:00,0.3805319565126979
2018-10-04 02:33:00,0.34976932377401226
2018-10-04 02:36:00,0.44131736995956317
2018-10-04 02:39:00,0.3952539703450384
2018-10-04 02:42:00,0.4076969092632794
2018-10-04 02:45:00,0.38624620669224896
2018-10-04 02:48:00,0.32754186404383745
2018-10-04 02:51:00,0.3776436750287644
2018-10-04 02:54:00,0.3442436353938092
2018-10-04 02:57:00,0.37715003217056164
2018-10-04 03:00:00,0.3855469048300506
2018-10-04 03:03:00,0.302030644557135
2018-10-04 03:06:00,0.38952781347171594
2018-10-04 03:09:00,0.37303066679078256
2018-10-04 03:12:00,0.3152579551269241
2018-10-04 03:15:00,0.46514050090701176
2018-10-04 03:18:00,0.37071613784468127
2018-10-04 03:21:00,0.3782823546836198
2018-10-04 03:24:00,0.5533927481569663
2018-10-04 03:27:00,0.340917562837717
2018-10-04 03:30:00,0.35632519045179833
2018-10-04 03:33:00,0.3759429879505092
2018-10-04 03:36:00,0.3552486899702103
2018-10-04 03:39:00,0.38731816403623043
2018-10-04 03:42:00,0.37425090565034225
2018-10-04 03:45:00,0.44589729167267933
2018-10-04 03:48:00,0.4023897572151327
2018-10-04 03:51:00,0.33930109786984985
2018-10-04 03:54:00,0.44932345924934225
2018-10-04 03:57:00,0.4194477061403177
2018-10-04 04:00:00,0.3260852064020128
2018-10-04 04:03:00,0.4152119621786028
2018-10-04 04:06:00,0.4508369327356263
2018-10-04 04:09:00,0.3660838234519588
2018-10-04 04:12:00,0.40285661259827066
2018-10-04 04:15:00,0.45031444568985535
2018-10-04 04:18:00,0.46359780730210787
2018-10-04 04:21:00,0.39675418178177324
2018-10-04 04:24:00,0.44236793596462576
2018-10-04 04:27:00,0.37785846453499516
2018-10-04 04:30:00,0.37057049638821127
2018-10-04 04:33:00,0.3722891328198443
2018-10-04 04:36:00,0.4257823668949072
2018-10-04 04:39:00,0.4445237700434177
2018-10-04 04:42:00,0.4695930968044877
2018-10-04 04:45:00,0.4455938740070451
2018-10-04 04:48:00,0.41908975774884993
2018-10-04 04:51:00,0.41527156901622675
2018-10-04 04:54:00,0.46223445852831446
2018-10-04 04:57:00,0.4709203055388116
2018-10-04 05:00:00,0.4411961624247738
2018-10-04 05:03:00,0.2935486809107033
2018-10-04 05:06:00,0.3431412881482174
2018-10-04 05:09:00,0.38708528879510595
2018-10-04 05:12:00,0.39831362137897486
2018-10-04 05:15:00,0.49224689468553606
2018-10-04 05:18:00,0.4696348483764723
2018-10-04 05:21:00,0.41857111741188646
2018-10-04 05:24:00,0.27714756454349754
2018-10-04 05:27:00,0.4031798395816395
2018-10-04 05:30:00,0.36664289468421885
2018-10-04 05:33:00,0.37414960637443073
2018-10-04 05:36:00,0.3903071581760287
2018-10-04 05:39:00,0.37583573829323313
2018-10-04 05:42:00,0.45079201510384337
2018-10-04 05:45:00,0.42855493990890636
2018-10-04 05:48:00,0.4482821550925564
2018-10-04 05:51:00,0.38483319625282775
2018-10-04 05:54:00,0.37477731447432916
2018-10-04 05:57:00,0.32196922526088656
2018-10-04 06:00:00,0.41408716177841143
2018-10-04 06:03:00,0.4275151859928883
2018-10-04 06:06:00,0.3448667877583489
2018-10-04 06:09:00,0.4280713627269961
2018-10-04 06:12:00,0.4862862133190333
2018-10-04 06:15:00,0.500252949148944
2018-10-04 06:18:00,0.34739592753766146
2018-10-04 06:21:00,0.4096784096499846
2018-10-04 06:24:00,0.4137805059000357
2018-10-04 06:27:00,0.47862355520163646
2018-10-04 06:30:00,0.4302562304768003
2018-10-04 06:33:00,0.43114107450895744
2018-10-04 06:36:00,0.46535413401420556
2018-10-04 06:39:00,0.41451821767043384
2018-10-04 06:42:00,0.4950137279816431
2018-10-04 06:45:00,0.42085717413056045
2018-10-04 06:48:00,0.3733114728955229
2018-10-04 06:51:00,0.3995884489388004
2018-10-04 06:54:00,0.48375890266646593
2018-10-04 06:57:00,0.43943506996799897
2018-10-04 07:00:00,0.374894463932435
2018-10-04 07:03:00,0.5388410324947586
2018-10-04 07:06:00,0.5001686603480948
2018-10-04 07:09:00,0.4555206971225516
2018-10-04 07:12:00,0.4855112180279093
2018-10-04 07:15:00,0.4982335082852387
2018-10-04 07:18:00,0.4460638255619074
2018-10-04 07:21:00,0.5564778336618588
2018-10-04 07:24:00,0.5210727964383182
2018-10-04 07:27:00,0.46804519912916476
2018-10-04 07:30:00,0.551737748877315
2018-10-04 07:33:00,0.4648129487082997
2018-10-04 07:36:00,0.3975672146654574
2018-10-04 07:39:00,0.4694899981387266
2018-10-04 07:42:00,0.4663563136688822
2018-10-04 07:45:00,0.47871793437764154
2018-10-04 07:48:00,0.38330602387230783
2018-10-04 07:51:00,0.4825902257049961
2018-10-04 07:54:00,0.5728913290448645
2018-10-04 07:57:00,0.5434491380719919
2018-10-04 08:00:00,0.48703281857075353
2018-10-04 08:03:00,0.47400103014183514
2018-10-04 08:06:00,0.44988169199734784
2018-10-04 08:09:00,0.3562941139468876
2018-10-04 08:12:00,0.4658337406190185
2018-10-04 08:15:00,0.410229871517231
2018-10-04 08:18:00,0.518206746091721
2018-10-04 08:21:00,0.49913080522946984
2018-10-04 08:24:00,0.4027571170493047
2018-10-04 08:27:00,0.3995843930584897
2018-10-04 08:30:00,0.3915907934650136
2018-10-04 08:33:00,0.46492758428985326
2018-10-04 08:36:00,0.3911494797885666
2018-10-04 08:39:00,0.47227953607290374
2018-10-04 08:42:00,0.3819475073231047
2018-10-04 08:45:00,0.4366081546348255
2018-10-04 08:48:00,0.5385680672437729
2018-10-04 08:51:00,0.42313499503518415
2018-10-04 08:54:00,0.4425355790147023
2018-10-04 08:57:00,0.4213733378773554
2018-10-04 09:00:00,0.4287784248495541
2018-10-04 09:03:00,0.37398311560548336
2018-10-04 09:06:00,0.4484552171512064
2018-10-04 09:09:00,0.4638424862822603
2018-10-04 09:12:00,0.45106190552922953
2018-10-04 09:15:00,0.4723475188407633
2018-10-04 09:18:00,0.31860353339232006
2018-10-04 09:21:00,0.3335917670721642
2018-10-04 09:24:00,0.4522037422303242
2018-10-04 09:27:00,0.35091178492558583
2018-10-04 09:30:00,0.3639630425204814
2018-10-04 09:33:00,0.3307347233388782
2018-10-04 09:36:00,0.3546243752311966
2018-10-04 09:39:00,0.4888020516889924
2018-10-04 09:42:00,0.3565743519532134
2018-10-04 09:45:00,0.38553761799505537
2018-10-04 09:48:00,0.27964969216697
2018-10-04 09:51:00,0.38068314467801656
2018-10-04 09:54:00,0.26081217619486097
2018-10-04 09:57:00,0.23971392122791713
2018-10-04 10:00:00,0.2740496719161456
2018-10-04 10:03:00,0.3516920196788078
2018-10-04 10:06:00,0.17511927677463746
2018-10-04 10:09:00,0.2048072421858933
2018-10-04 10:12:00,0.21151556781569525
2018-10-04 10:15:00,0.16464156116495587
2018-10-04 10:18:00,0.17114041599450047
2018-10-04 10:21:00,0.1258350950245699
2018-10-04 10:24:00,0.1787061620987629
2018-10-04 10:27:00,0.18542268552619134
2018-10-04 10:30:00,0.07009318107486706
2018-10-04 10:33:00,0.08587172441713165
2018-10-04 10:36:00,0.04868356398588958
2018-10-04 10:39:00,0.06903718278050519
2018-10-04 10:42:00,0.10444628959919555
2018-10-04 10:45:00,0.0005937526105981306
2018-10-04 10:48:00,0.009436009321177607
2018-10-04 10:51:00,0.20544749485077318
2018-10-04 10:54:00,-0.051557365386031506
2018-10-04 10:57:00,0.029496558184291644
2018-10-04 11:00:00,-0.13738647688830952
2018-10-04 11:03:00,-0.025220401814237903
2018-10-04 11:06:00,-0.02391387627625363
2018-10-04 11:09:00,0.017699423489489163
2018-10-04 11:12:00,0.03351531379297512
2018-10-04 11:15:00,-0.06608365128317928
2018-10-04 11:18:00,-0.04531408980028573
2018-10-04 11:21:00,-0.044242225589187
2018-10-04 11:24:00,-0.003359032595597
2018-10-04 11:27:00,-0.0012056699775371271
2018-10-04 11:30:00,-0.029601206862594154
2018-10-04 11:33:00,-0.08447556199246264
2018-10-04 11:36:00,-0.01373551859313693
2018-10-04 11:39:00,-0.17771321634717197
2018-10-04 11:42:00,0.011331549592455303
2018-10-04 11:45:00,-0.17169223535097444
2018-10-04 11:48:00,-0.01697135055241006
2018-10-04 11:51:00,-0.09990864553282108
2018-10-04 11:54:00,-0.07799934825044375
2018-10-04 11:57:00,-0.1638077350722824
2018-10-04 12:00:00,-0.050318571068885376
2018-10-04 12:03:00,-0.07893244903158347
2018-10-04 12:06:00,-0.13803738479009553
2018-10-04 12:09:00,-0.08326198958212672
2018-10-04 12:12:00,-0.22396016752873038
2018-10-04 12:15:00,-0.14635306128582215
2018-10-04 12:18:00,-0.20675501519218642
2018-10-04 12:21:00,-0.11598590387330887
2018-10-04 12:24:00,-0.20576191327631932
2018-10-04 12:27:00,-0.21105808409572546
2018-10-04 12:30:00,-0.26304971536785615
2018-10-04 12:33:00,-0.1726670312737042
2018-10-04 12:36:00,-0.3038903793856207
2018-10-04 12:39:00,-0.2300698958092653
2018-10-04 12:42:00,-0.2873863324357444
2018-10-04 12:45:00,-0.3282908518812633
2018-10-04 12:48:00,-0.29890379208086415
2018-10-04 12:51:00,-0.2744194689125834
2018-10-04 12:54:00,-0.2764682346972336
2018-10-04 12:57:00,-0.3125542038411595
2018-10-04 13:00:00,-0.2921457216908152
2018-10-04 13:03:00,-0.3611807093904531
2018-10-04 13:06:00,-0.3587671972401836
2018-10-04 13:09:00,-0.3926052491722203
2018-10-04 13:12:00,-0.3246604758399485
2018-10-04 13:15:00,-0.2562672057568989
2018-10-04 13:18:00,-0.4350373449915992
2018-10-04 13:21:00,-0.3003695383966942
2018-10-04 13:24:00,-0.32477798040662265
2018-10-04 13:27:00,-0.31973258984925224
2018-10-04 13:30:00,-0.3855887507966713
2018-10-04 13:33:00,-0.38363444428887306
2018-10-04 13:36:00,-0.38496691292425567
2018-10-04 13:39:00,-0.34277203176282
2018-10-04 13:42:00,-0.32088207127884516
2018-10-04 13:45:00,-0.42416929079223564
2018-10-04 13:48:00,-0.46507554041556887
2018-10-04 13:51:00,-0.35518718493034385
2018-10-04 13:54:00,-0.346247287431936
2018-10-04 13:57:00,-0.3529883525982882
2018-10-04 14:00:00,-0.4090514947147881
2018-10-04 14:03:00,-0.351930568160185
2018-10-04 14:06:00,-0.41540004371944406
2018-10-04 14:09:00,-0.4720680657305252
2018-10-04 14:12:00,-0.38876097847668234
2018-10-04 14:15:00,-0.4122868641796913
2018-10-04 14:18:00,-0.3853206309258326
2018-10-04 14:21:00,-0.48571369271218146
2018-10-04 14:24:00,-0.46040454429646616
2018-10-04 14:27:00,-0.3874600276862452
2018-10-04 14:30:00,-0.42587919529796636
2018-10-04 14:33:00,-0.47764594947693695
2018-10-04 14:36:00,-0.3182724428081656
2018-10-04 14:39:00,-0.44706577820028315
2018-10-04 14:42:00,-0.3969769661028977
2018-10-04 14:45:00,-0.3679634072944964
2018-10-04 14:48:00,-0.4425776022846435
2018-10-04 14:51:00,-0.41020897987363014
2018-10-04 14:54:00,-0.34165182999515764
2018-10-04 14:57:00,-0.42182090945613027
2018-10-04 15:00:00,-0.3406634937847457
2018-10-04 15:03:00,-0.3425465546230839
2018-10-04 15:06:00,-0.29946244186589865
2018-10-04 15:09:00,-0.3105659078177041
2018-10-04 15:12:00,-0.3879579311583825
2018-10-04 15:15:00,-0.5395064067036515
2018-10-04 15:18:00,-0.4480927842115534
2018-10-04 15:21:00,-0.3084411639206337
2018-10-04 15:24:00,-0.3706158290232793
2018-10-04 15:27:00,-0.43269049076423016
2018-10-04 15:30:00,-0.3464491544536372
2018-10-04 15:33:00,-0.20894739255663808
2018-10-04 15:36:00,-0.31721460872751095
2018-10-04 15:39:00,-0.3379663263481234
2018-10-04 15:42:00,-0.3417282869090741
2018-10-04 15:45:00,-0.32407928369468664
2018-10-04 15:48:00,-0.1573081945777517
2018-10-04 15:51:00,-0.1989954315728255
2018-10-04 15:54:00,-0.21645445515889605
2018-10-04 15:57:00,-0.08743920910893621
2018-10-04 16:00:00,-0.19415126915203018
2018-10-04 16:03:00,-0.29093617894113777
2018-10-04 16:06:00,-0.3081488785682609
2018-10-04 16:09:00,-0.45473277989111693
2018-10-04 16:12:00,-0.3272389487581222
2018-10-04 16:15:00,-0.2154992742673585
2018-10-04 16:18:00,-0.09166968783199536
2018-10-04 16:21:00,-0.1554943871539649
2018-10-04 16:24:00,-0.14244315546943653
2018-10-04 16:27:00,-0.25857796468540073
2018-10-04 16:30:00,-0.1491531620082469
2018-10-04 16:33:00,-0.11341967787132035
2018-10-04 16:36:00,-0.008418500706397936
2018-10-04 16:39:00,-0.0684803465073287
2018-10-04 16:42:00,-0.15352021135583982
2018-10-04 16:45:00,-0.011820022014944698
2018-10-04 16:48:00,-0.042880704379399504
2018-10-04 16:51:00,-0.3372626507316454
2018-10-04 16:54:00,-0.17584318174732516
2018-10-04 16:57:00,-0.1501933421716899
2018-10-04 17:00:00,-0.16186609687991904
2018-10-04 17:03:00,-0.03285263325722099
2018-10-04 17:06:00,-0.10443384621532914
2018-10-04 17:09:00,-0.143210983247684
2018-10-04 17:12:00,-0.057991187554648604
2018-10-04 17:15:00,-0.046875505086973135
2018-10-04 17:18:00,-0.02829825318275425
2018-10-04 17:21:00,0.20850982075222646
2018-10-04 17:24:00,0.4768747714192614
2018-10-04 17:27:00,0.42973603795752524
2018-10-04 17:30:00,0.41656175107840454
2018-10-04 17:33:00,0.322943711846051
2018-10-04 17:36:00,0.2311619587826499
2018-10-04 17:39:00,0.13142975533577328
2018-10-04 17:42:00,0.03349167549077947
2018-10-04 17:45:00,-0.05160829333635775
2018-10-04 17:48:00,0.02062442045365742
2018-10-04 17:51:00,0.14206142777226205
2018-10-04 17:54:00,0.2556867288012086
2018-10-04 17:57:00,0.18235988101218936
2018-10-04 18:00:00,0.20300778680638132
2018-10-04 18:03:00,0.21696796664878093
2018-10-04 18:06:00,0.3031857619261018
2018-10-04 18:09:00,0.25118578633123434
2018-10-04 18:12:00,0.03600378195801568
2018-10-04 18:15:00,0.10517148085540384
2018-10-04 18:18:00,0.07597751577270628
2018-10-04 18:21:00,0.04055162074928376
2018-10-04 18:24:00,-0.01077937620306102
2018-10-04 18:27:00,0.1508781648867057
2018-10-04 18:30:00,0.04791848239483443
2018-10-04 18:33:00,0.2025046785900031
2018-10-04 18:36:00,0.18222579582447906
2018-10-04 18:39:00,0.2252666842907729
2018-10-04 18:42:00,0.1588369716773741
2018-10-04 18:45:00,0.21392456549079952
2018-10-04 18:48:00,0.3395045758323363
2018-10-04 18:51:00,0.47207266595199826
2018-10-04 18:54:00,
2018-10-04 18:57:00,
2018-10-04 19:00:00,
2018-10-04 19:03:00,0.5674582771751489
2018-10-04 19:06:00,0.576971578573648
2018-10-04 19:09:00,0.6237753842887628
2018-10-04 19:12:00,0.5664352255952849
2018-10-04 19:15:00,0.5804405712777339
2018-10-04 19:18:00,0.569361764916323
2018-10-04 19:21:00,0.6550040791674405
2018-10-04 19:24:00,0.7538168731965129
2018-10-04 19:27:00,0.7585360255270075
2018-10-04 19:30:00,0.7511631323886832
2018-10-04 19:33:00,0.7730621396451625
2018-10-04 19:36:00,0.7561544555146043
2018-10-04 19:39:00,0.6780205132865262
2018-10-04 19:42:00,0.6240092612409853
2018-10-04 19:45:00,0.6803503938698441
2018-10-04 19:48:00,0.622201664459908
2018-10-04 19:51:00,0.6521920403104673
2018-10-04 19:54:00,0.5554761137154856
2018-10-04 19:57:00,0.5116675083761493
2018-10-04 20:00:00,0.5067006389057838
2018-10-04 20:03:00,0.47578317379094415
2018-10-04 20:06:00,0.39106933142949174
2018-10-04 20:09:00,0.38954691971912325
2018-10-04 20:12:00,0.4141743173168493
2018-10-04 20:15:00,0.3569349540001667
2018-10-04 20:18:00,0.38135888350490177
2018-10-04 20:21:00,0.4441743606296882
2018-10-04 20:24:00,0.4968428717627944
2018-10-04 20:27:00,0.3567278242515499
2018-10-04 20:30:00,0.4644367321442928
2018-10-04 20:33:00,0.3455179762038938
2018-10-04 20:36:00,0.27552835117967334
2018-10-04 20:39:00,0.3349385528876496
2018-10-04 20:42:00,0.34022421199728115
2018-10-04 20:45:00,0.4211183278540034
2018-10-04 20:48:00,0.3411820503341687
2018-10-04 20:51:00,0.4802617057645193
2018-10-04 20:54:00,0.401153518638921
2018-10-04 20:57:00,0.41144653162831446
2018-10-04 21:00:00,0.4078546088846906
2018-10-04 21:03:00,0.3679051666122177
2018-10-04 21:06:00,0.5526994678349979
2018-10-04 21:09:00,0.5807842950811164
2018-10-04 21:12:00,0.5982868474466727
2018-10-04 21:15:00,0.609039630028235
2018-10-04 21:18:00,0.6427337784044767
2018-10-04 21:21:00,0.7914290411955562
2018-10-04 21:24:00,0.6792518085499069
2018-10-04 21:27:00,0.5690602700782961
2018-10-04 21:30:00,0.5303742007638448
2018-10-04 21:33:00,0.5435315349738516
2018-10-04 21:36:00,0.4437047582990772
2018-10-04 21:39:00,0.5549433015933118
2018-10-04 21:42:00,0.495162169621608
2018-10-04 21:45:00,0.5688105020416288
2018-10-04 21:48:00,0.5349680281848919
2018-10-04 21:51:00,0.5469195462474659
2018-10-04 21:54:00,0.552252129491535
2018-10-04 21:57:00,0.46985771703009505
2018-10-04 22:00:00,0.43770390025315464
2018-10-04 22:03:00,0.49743588533391403
2018-10-04 22:06:00,0.5090388800516052
2018-10-04 22:09:00,0.524068432570175
2018-10-04 22:12:00,0.5427440184608372
2018-10-04 22:15:00,0.5824686399105303
2018-10-04 22:18:00,0.5449363684482478
2018-10-04 22:21:00,0.6311815339601594
2018-10-04 22:24:00,0.589790653389116
2018-10-04 22:27:00,0.6123559803771172
2018-10-04 22:30:00,0.6832105631597187
2018-10-04 22:33:00,0.6220729682114552
2018-10-04 22:36:00,0.6572186411553957
2018-10-04 22:39:00,0.5972882038885245
2018-10-04 22:42:00,0.6084329704411857
2018-10-04 22:45:00,0.522240439266227
2018-10-04 22:48:00,0.4842978563531801
2018-10-04 22:51:00,0.47085158621490564
2018-10-04 22:54:00,0.5307167223688793
2018-10-04 22:57:00,0.5400392754430641
2018-10-04 23:00:00,0.46920310018163036
2018-10-04 23:03:00,0.5365203347596434
2018-10-04 23:06:00,0.5103817581892258
2018-10-04 23:09:00,0.4692246835292053
2018-10-04 23:12:00,0.4189592881422186
2018-10-04 23:15:00,0.44169282350463845
2018-10-04 23:18:00,0.4287008009461033
2018-10-04 23:21:00,0.423445737147631
2018-10-04 23:24:00,0.4290095786744814
2018-10-04 23:27:00,0.41497989174780514
2018-10-04 23:30:00,0.39461295716051836
2018-10-04 23:33:00,0.29437033997652406
2018-10-04 23:36:00,0.38366023240985214
2018-10-04 23:39:00,0.35908181607652523
2018-10-04 23:42:00,0.362373170266892
2018-10-04 23:45:00,0.363862718038547
2018-10-04 23:48:00,0.3367071046314436
2018-10-04 23:51:00,0.3528335871833974
2018-10-04 23:54:00,0.35571287237814886
2018-10-04 23:57:00,0.4356833834991676
2018-10-05 00:00:00,0.5375244798307222
2018-10-05 00:03:00,0.5655652854387654
2018-10-05 00:06:00,0.4981850711740208
2018-10-05 00:09:00,0.5264264951463247
2018-10-05 00:12:00,0.5105531588247345
2018-10-05 00:15:00,0.4930584113123473
2018-10-05 00:18:00,0.47593474194513874
2018-10-05 00:21:00,0.48496369974651543
2018-10-05 00:24:00,0.44894105137740326
2018-10-05 00:27:00,0.4760774224283182
2018-10-05 00:30:00,0.4203141873380787
2018-10-05 00:33:00,0.48775066120867905
2018-10-05 00:36:00,0.46543124833266347
2018-10-05 00:39:00,0.4350413364532528
2018-10-05 00:42:00,0.4284987255877013
2018-10-05 00:45:00,0.3033309026699271
2018-10-05 00:48:00,0.3818517979052558
2018-10-05 00:51:00,0.31204168961471623
2018-10-05 00:54:00,0.26331987006904
2018-10-05 00:57:00,0.2919725553780381
2018-10-05 01:00:00,0.30476399046841607
2018-10-05 01:03:00,0.37423040074833125
2018-10-05 01:06:00,0.40654774837872765
2018-10-05 01:09:00,0.4024046094687037
2018-10-05 01:12:00,0.5153806716505756
2018-10-05 01:15:00,0.4811168058409976
2018-10-05 01:18:00,0.4501130950288257
2018-10-05 01:21:00,0.5104088417696744
2018-10-05 01:24:00,0.4394876162927517
2018-10-05 01:27:00,0.4872069085051294
2018-10-05 01:30:00,0.5743273855090365
2018-10-05 01:33:00,0.5491300767621965
2018-10-05 01:36:00,0.5653428937757212
2018-10-05 01:39:00,0.5439170508207667
2018-10-05 01:42:00,0.5381458194005972
2018-10-05 01:45:00,0.5102944099283491
2018-10-05 01:48:00,0.4841579860470233
2018-10-05 01:51:00,0.5369539367115976
2018-10-05 01:54:00,0.4064216766861364
2018-10-05 01:57:00,0.3933330462409117
2018-10-05 02:00:00,0.44943908719739056
2018-10-05 02:03:00,0.47660524353926803
2018-10-05 02:06:00,0.40116232256713147
2018-10-05 02:09:00,0.49209345321844467
2018-10-05 02:12:00,0.419727090048184
2018-10-05 02:15:00,0.3817715654078029
2018-10-05 02:18:00,0.40775953544067534
2018-10-05 02:21:00,0.5038320832554746
2018-10-05 02:24:00,0.3606630811623859
2018-10-05 02:27:00,0.3892880016140339
2018-10-05 02:30:00,0.3220185631093955
2018-10-05 02:33:00,0.3303435600669218
2018-10-05 02:36:00,0.41357128430820467
2018-10-05 02:39:00,0.33888483034212413
2018-10-05 02:42:00,0.37065652604110255
2018-10-05 02:45:00,0.3644831281145571
2018-10-05 02:48:00,0.31402919199183543
2018-10-05 02:51:00,0.294495141670609
2018-10-05 02:54:00,0.32609921796790786
2018-10-05 02:57:00,0.49197789334289155
2018-10-05 03:00:00,0.38867137898137116
2018-10-05 03:03:00,0.45059461474284035
2018-10-05 03:06:00,0.41716875068323134
2018-10-05 03:09:00,0.4820274320321687
2018-10-05 03:12:00,0.44141923150806406
2018-10-05 03:15:00,0.4964781580870863
2018-10-05 03:18:00,0.444768215944805
2018-10-05 03:21:00,0.4924944383226375
2018-10-05 03:24:00,0.4326310405922982
2018-10-05 03:27:00,0.501715051802023
2018-10-05 03:30:00,0.4579598930968132
2018-10-05 03:33:00,0.46189202422635844
2018-10-05 03:36:00,0.4851407529351377
2018-10-05 03:39:00,0.4500572884492158
2018-10-05 03:42:00,0.5426689131198827
2018-10-05 03:45:00,0.5834313960359623
2018-10-05 03:48:00,0.5953055536620582
2018-10-05 03:51:00,0.5749000864137201
2018-10-05 03:54:00,0.5938854960488129
2018-10-05 03:57:00,0.5323924834702325
2018-10-05 04:00:00,0.5077633757005628
2018-10-05 04:03:00,0.3804876392982237
2018-10-05 04:06:00,0.27373742222511055
2018-10-05 04:09:00,0.31476312132463136
2018-10-05 04:12:00,0.2963056870448213
2018-10-05 04:15:00,0.43230756330177655
2018-10-05 04:18:00,0.37046696353621655
2018-10-05 04:21:00,0.331281060998208
2018-10-05 04:24:00,0.39771593989928533
2018-10-05 04:27:00,0.33995272797466214
2018-10-05 04:30:00,0.32302744030096164
2018-10-05 04:33:00,0.18913784201100725
2018-10-05 04:36:00,0.221543451160926
2018-10-05 04:39:00,0.26828743390615273
2018-10-05 04:42:00,0.30382426191533796
2018-10-05 04:45:00,0.35851413543434774
2018-10-05 04:48:00,0.318363667117751
2018-10-05 04:51:00,0.3064977692397406
2018-10-05 04:54:00,0.19145625565266755
2018-10-05 04:57:00,0.3185693232712197
2018-10-05 05:00:00,0.29386921823027023
2018-10-05 05:03:00,0.48169134977501926
2018-10-05 05:06:00,0.4109501403803506
2018-10-05 05:09:00,0.4518706269523136
2018-10-05 05:12:00,0.4682608463271549
2018-10-05 05:15:00,0.44169588954537176
2018-10-05 05:18:00,0.3896482711380145
2018-10-05 05:21:00,0.361824302738853
2018-10-05 05:24:00,0.3278802058392216
2018-10-05 05:27:00,0.32818428752119644
2018-10-05 05:30:00,0.4039027047903119
2018-10-05 05:33:00,0.33359928331009314
2018-10-05 05:36:00,0.4434650247281411
2018-10-05 05:39:00,0.4675295559392225
2018-10-05 05:42:00,0.5507870043541061
2018-10-05 05:45:00,0.5161894175181487
2018-10-05 05:48:00,0.4754683333936214
2018-10-05 05:51:00,0.4944231176722269
2018-10-05 05:54:00,0.5120446250646751
2018-10-05 05:57:00,0.5348380319277339
2018-10-05 06:00:00,0.6178026003470336
2018-10-05 06:03:00,0.5747592077512422
2018-10-05 06:06:00,0.5925032853365906
2018-10-05 06:09:00,0.4413539532439472
2018-10-05 06:12:00,0.5133171518850759
2018-10-05 06:15:00,0.5240259178601718
2018-10-05 06:18:00,0.545780155520049
2018-10-05 06:21:00,0.520959629352717
2018-10-05 06:24:00,0.5263495251013524
2018-10-05 06:27:00,0.49731774995245814
2018-10-05 06:30:00,0.5352750340629768
2018-10-05 06:33:00,0.5855676891750363
2018-10-05 06:36:00,0.5638993648468045
2018-10-05 06:39:00,0.6269749676224023
2018-10-05 06:42:00,0.5271063768361159
2018-10-05 06:45:00,0.5540012029543959
2018-10-05 06:48:00,0.5454531673141787
2018-10-05 06:51:00,0.520617107002181
2018-10-05 06:54:00,0.4424918930601507
2018-10-05 06:57:00,0.3885202831780248
2018-10-05 07:00:00,0.4211730435045524
2018-10-05 07:03:00,0.5246033050357255
2018-10-05 07:06:00,0.42600075792881853
2018-10-05 07:09:00,0.4776942613827373
2018-10-05 07:12:00,0.5954541793739736
2018-10-05 07:15:00,0.5361245934543035
2018-10-05 07:18:00,0.3882550414896855
2018-10-05 07:21:00,0.4454155583563306
2018-10-05 07:24:00,0.44229642308522443
2018-10-05 07:27:00,0.4473474833030764
2018-10-05 07:30:00,0.4494190033461791
2018-10-05 07:33:00,0.4878628957066553
2018-10-05 07:36:00,0.5368997447687889
2018-10-05 07:39:00,0.5001035459918057
2018-10-05 07:42:00,0.48275103741224257
2018-10-05 07:45:00,0.5232798911840177
2018-10-05 07:48:00,0.4525944779288693
2018-10-05 07:51:00,0.4916421993994504
2018-10-05 07:54:00,0.4289903762417566
2018-10-05 07:57:00,0.4505538115762988
2018-10-05 08:00:00,0.38656302066567605
2018-10-05 08:03:00,0.30817538876419803
2018-10-05 08:06:00,0.42706009245614496
2018-10-05 08:09:00,0.405383006278214
2018-10-05 08:12:00,0.4446401555148327
2018-10-05 08:15:00,0.48252868671556826
2018-10-05 08:18:00,0.37025922181800297
2018-10-05 08:21:00,0.43013058147801075
2018-10-05 08:24:00,0.40577467329313777
2018-10-05 08:27:00,0.39013722809892215
2018-10-05 08:30:00,0.3248489747666099
2018-10-05 08:33:00,0.37859554997140776
2018-10-05 08:36:00,0.30174671476106596
2018-10-05 08:39:00,0.31940061527217267
2018-10-05 08:42:00,0.3696032922874224
2018-10-05 08:45:00,0.406640420464214
2018-10-05 08:48:00,0.3432107434840077
2018-10-05 08:51:00,0.3691394956020986
2018-10-05 08:54:00,0.3332228582042376
2018-10-05 08:57:00,0.41409255246020393
2018-10-05 09:00:00,0.2364516134514929
2018-10-05 09:03:00,0.2415015110811396
2018-10-05 09:06:00,0.34735108573340767
2018-10-05 09:09:00,0.35992615625229973
2018-10-05 09:12:00,0.24224899187640858
2018-10-05 09:15:00,0.2525310166236636
2018-10-05 09:18:00,0.31733037749916093
2018-10-05 09:21:00,0.3153621913439224
2018-10-05 09:24:00,0.3236899636906969
2018-10-05 09:27:00,0.268102660591353
2018-10-05 09:30:00,0.1878295661730931
2018-10-05 09:33:00,0.1532126481166074
2018-10-05 09:36:00,0.2078224342990893
2018-10-05 09:39:00,0.1672906766910387
2018-10-05 09:42:00,0.2134886374145708
2018-10-05 09:45:00,0.18716217835799398
2018-10-05 09:48:00,0.19783839604900777
2018-10-05 09:51:00,0.18268612540595086
2018-10-05 09:54:00,0.12032389767460927
2018-10-05 09:57:00,0.13938824722436038
2018-10-05 10:00:00,0.09924601411853473
2018-10-05 10:03:00,0.12380435545014734
2018-10-05 10:06:00,0.12144073420068935
2018-10-05 10:09:00,0.13744603560917312
2018-10-05 10:12:00,0.04154675279511366
2018-10-05 10:15:00,0.07435842985574936
2018-10-05 10:18:00,0.16020312400519288
2018-10-05 10:21:00,0.1053151045345544
2018-10-05 10:24:00,0.032760113446727246
2018-10-05 10:27:00,0.012752935571370472
2018-10-05 10:30:00,0.13450562839142322
2018-10-05 10:33:00,-0.03367517939784648
2018-10-05 10:36:00,-0.05374277527261029
2018-10-05 10:39:00,-0.004033346431583595
2018-10-05 10:42:00,-0.003555283159528244
2018-10-05 10:45:00,0.02631359878512285
2018-10-05 10:48:00,-0.11134922597926789
2018-10-05 10:51:00,-0.03230788949946373
2018-10-05 10:54:00,-0.06645677060174648
2018-10-05 10:57:00,-0.04835527123833572
2018-10-05 11:00:00,-0.06789107620858204
2018-10-05 11:03:00,-0.0827259943351919
2018-10-05 11:06:00,-0.0030211435883416016
2018-10-05 11:09:00,-0.1273029469888911
2018-10-05 11:12:00,-0.0654177600392245
2018-10-05 11:15:00,-0.08191442878660382
2018-10-05 11:18:00,-0.12052577880206172
2018-10-05 11:21:00,-0.05850875487880103
2018-10-05 11:24:00,-0.1376044715823923
2018-10-05 11:27:00,-0.032100334663255126
2018-10-05 11:30:00,-0.1581415457783919
2018-10-05 11:33:00,-0.31841173162621317
2018-10-05 11:36:00,-0.1529861322698025
2018-10-05 11:39:00,-0.20032422009376205
2018-10-05 11:42:00,-0.1676222682828552
2018-10-05 11:45:00,-0.16434073754322753
2018-10-05 11:48:00,-0.22859304623926846
2018-10-05 11:51:00,-0.09805119507774407
2018-10-05 11:54:00,-0.13553846302670536
2018-10-05 11:57:00,-0.09856947673983996
2018-10-05 12:00:00,-0.05675318468053092
2018-10-05 12:03:00,-0.029810373662030543
2018-10-05 12:06:00,-0.0535176635961534
2018-10-05 12:09:00,-0.05055901136773855
2018-10-05 12:12:00,0.027189624196466866
2018-10-05 12:15:00,0.1209121953779686
2018-10-05 12:18:00,0.15173143483013973
2018-10-05 12:21:00,0.2550298506461104
2018-10-05 12:24:00,0.20887562636363555
2018-10-05 12:27:00,0.06886234821286052
2018-10-05 12:30:00,0.14082259638928463
2018-10-05 12:33:00,0.06088786555466186
2018-10-05 12:36:00,0.1371092963237288
2018-10-05 12:39:00,0.11702827059315268
2018-10-05 12:42:00,0.11855001054925651
2018-10-05 12:45:00,0.0351502707170539
2018-10-05 12:48:00,0.00948873794749261
2018-10-05 12:51:00,0.015473454133086761
2018-10-05 12:54:00,-0.052066795845632896
2018-10-05 12:57:00,-0.1622030157901122
2018-10-05 13:00:00,0.05286231501736438
2018-10-05 13:03:00,-0.11265049594027232
2018-10-05 13:06:00,-0.15931340967097185
2018-10-05 13:09:00,0.02019136120463827
2018-10-05 13:12:00,-0.13124121981553571
2018-10-05 13:15:00,-0.08023901701835712
2018-10-05 13:18:00,-0.07184856505824655
2018-10-05 13:21:00,-0.10798813390289297
2018-10-05 13:24:00,-0.028641785581442036
2018-10-05 13:27:00,0.020395745113091834
2018-10-05 13:30:00,0.011346281824785365
2018-10-05 13:33:00,-0.02674097859056701
2018-10-05 13:36:00,-0.015410442582037831
2018-10-05 13:39:00,-0.1687788781057975
2018-10-05 13:42:00,-0.0613969217374688
2018-10-05 13:45:00,-0.024355111636168658
2018-10-05 13:48:00,-0.1546901068364832
2018-10-05 13:51:00,-0.046689677338576985
2018-10-05 13:54:00,-0.08955389902251909
2018-10-05 13:57:00,-0.13581488826389432
2018-10-05 14:00:00,-0.09857890831176519
2018-10-05 14:03:00,-0.18756464826310548
2018-10-05 14:06:00,-0.1000310322553446
2018-10-05 14:09:00,-0.07125260569938519
2018-10-05 14:12:00,-0.10155627899757746
2018-10-05 14:15:00,-0.1905309924929952
2018-10-05 14:18:00,-0.0306963681034631
2018-10-05 14:21:00,-0.1597884142724979
2018-10-05 14:24:00,-0.17712019787222744
2018-10-05 14:27:00,-0.34208835570774454
2018-10-05 14:30:00,-0.2460630037246574
2018-10-05 14:33:00,-0.2247671984150088
2018-10-05 14:36:00,-0.24272191657797748
2018-10-05 14:39:00,-0.10145549949982069
2018-10-05 14:42:00,-0.15779665168832935
2018-10-05 14:45:00,-0.10866353861865718
2018-10-05 14:48:00,-0.03586163034248102
2018-10-05 14:51:00,-0.0772846074366953
2018-10-05 14:54:00,0.07652911515788219
2018-10-05 14:57:00,0.07433192976770897
2018-10-05 15:00:00,0.03359724061294855
2018-10-05 15:03:00,-0.039275448914281696
2018-10-05 15:06:00,-0.00010714445977555442
2018-10-05 15:09:00,-0.0905488460197148
2018-10-05 15:12:00,-0.11983094163929309
2018-10-05 15:15:00,-0.13970917623447576
2018-10-05 15:18:00,-0.17833440504460896
2018-10-05 15:21:00,-0.22931820488628318
2018-10-05 15:24:00,-0.2954732488429386
2018-10-05 15:27:00,-0.24786712166519465
2018-10-05 15:30:00,-0.3342885946013894
2018-10-05 15:33:00,-0.3719826045648915
2018-10-05 15:36:00,-0.29244195316221067
2018-10-05 15:39:00,-0.2837873811721465
2018-10-05 15:42:00,-0.2811237689874133
2018-10-05 15:45:00,-0.2901455806852482
2018-10-05 15:48:00,-0.2344054690317421
2018-10-05 15:51:00,-0.20654795558175465
2018-10-05 15:54:00,-0.25170771529985814
2018-10-05 15:57:00,-0.24221126723870157
2018-10-05 16:00:00,-0.2384836558426855
2018-10-05 16:03:00,-0.2842583978640505
2018-10-05 16:06:00,-0.19590261119623165
2018-10-05 16:09:00,-0.2131433873838091
2018-10-05 16:12:00,-0.22760899069754714
2018-10-05 16:15:00,-0.18917318897285895
2018-10-05 16:18:00,-0.2249756335857569
2018-10-05 16:21:00,-0.21438334992143382
2018-10-05 16:24:00,-0.08719610078622964
2018-10-05 16:27:00,0.04620502623805578
2018-10-05 16:30:00,0.02545903098734925
2018-10-05 16:33:00,-0.040818409647897624
2018-10-05 16:36:00,0.011123198024563408
2018-10-05 16:39:00,0.04203570035087978
2018-10-05 16:42:00,0.12628670802286024
2018-10-05 16:45:00,0.04767821841744535
2018-10-05 16:48:00,-0.004905970099628121
2018-10-05 16:51:00,-0.02935877948181087
2018-10-05 16:54:00,-0.06961529371181996
2018-10-05 16:57:00,-0.0966118834597296
2018-10-05 17:00:00,-0.12491008433511297
2018-10-05 17:03:00,-0.011469659078613859
2018-10-05 17:06:00,-0.19405960517542553
2018-10-05 17:09:00,-0.1452834244732344
2018-10-05 17:12:00,-0.15719936781289334
2018-10-05 17:15:00,-0.18372935895496312
2018-10-05 17:18:00,-0.10290362690926713
2018-10-05 17:21:00,-0.22120096543704904
2018-10-05 17:24:00,-0.2050250697844831
2018-10-05 17:27:00,-0.1553041459521296
2018-10-05 17:30:00,-0.20867998597407222
2018-10-05 17:33:00,-0.22773754812004654
2018-10-05 17:36:00,-0.1263798831053009
2018-10-05 17:39:00,-0.1360451621106904
2018-10-05 17:42:00,-0.11693223522354401
2018-10-05 17:45:00,-0.1864086097366453
2018-10-05 17:48:00,-0.08407242756175037
2018-10-05 17:51:00,-0.17259860951600103
2018-10-05 17:54:00,-0.030762831243805522
2018-10-05 17:57:00,0.03242425139677607
2018-10-05 18:00:00,0.05303647721979132
2018-10-05 18:03:00,0.23239431924326936
2018-10-05 18:06:00,0.20207465697893667
2018-10-05 18:09:00,0.13924084961752214
2018-10-05 18:12:00,0.02383149644532523
2018-10-05 18:15:00,0.10761976711216903
2018-10-05 18:18:00,0.05339913056826617
2018-10-05 18:21:00,0.020176497395596016
2018-10-05 18:24:00,0.06362043554526053
2018-10-05 18:27:00,-0.028883221406488246
2018-10-05 18:30:00,0.0016664936180177392
2018-10-05 18:33:00,0.0510877969012995
2018-10-05 18:36:00,0.039972493487709926
2018-10-05 18:39:00,0.04921303809175015
2018-10-05 18:42:00,0.05273249130908653
2018-10-05 18:45:00,0.00946096905295235
2018-10-05 18:48:00,0.026254275688074813
2018-10-05 18:51:00,0.0695540244777817
2018-10-05 18:54:00,
2018-10-05 18:57:00,
2018-10-05 19:00:00,
2018-10-05 19:03:00,-0.0025758669279980495
2018-10-05 19:06:00,0.0037661992579387515
2018-10-05 19:09:00,0.15326723290382915
2018-10-05 19:12:00,0.1375258713277958
2018-10-05 19:15:00,0.2746456684149621
2018-10-05 19:18:00,0.141461361048016
2018-10-05 19:21:00,0.21604923430106737
2018-10-05 19:24:00,0.10646040168643367
2018-10-05 19:27:00,0.2738390285866785
2018-10-05 19:30:00,0.20312378361643368
2018-10-05 19:33:00,0.16634097740728748
2018-10-05 19:36:00,0.11328033962632844
2018-10-05 19:39:00,0.07238210730849914
2018-10-05 19:42:00,0.12707957657153202
2018-10-05 19:45:00,0.060045902763931736
2018-10-05 19:48:00,0.4492539389565309
2018-10-05 19:51:00,0.4595109389683216
2018-10-05 19:54:00,0.6602356633445083
2018-10-05 19:57:00,0.650514074815419
2018-10-05 20:00:00,0.5534354025912194
2018-10-05 20:03:00,0.600404051031262
2018-10-05 20:06:00,0.541267288287429
2018-10-05 20:09:00,0.48228315735315164
2018-10-05 20:12:00,0.43085506441769894
2018-10-05 20:15:00,0.13793743526372282
2018-10-05 20:18:00,0.2387733486441448
2018-10-05 20:21:00,0.13714966334777046
2018-10-05 20:24:00,0.11179385239114481
2018-10-05 20:27:00,0.07908267986306328
2018-10-05 20:30:00,0.029386580481912006
2018-10-05 20:33:00,0.13369569772743262
2018-10-05 20:36:00,0.15625226701280326
2018-10-05 20:39:00,0.13453401635712225
2018-10-05 20:42:00,0.048714013867481754
2018-10-05 20:45:00,0.05607130252371917
2018-10-05 20:48:00,0.16508804430810642
2018-10-05 20:51:00,0.16613697026593854
2018-10-05 20:54:00,0.2385363743779294
2018-10-05 20:57:00,0.11497070653803121
2018-10-05 21:00:00,0.23670979638922063
2018-10-05 21:03:00,0.1037596910123284
2018-10-05 21:06:00,0.19024830915537905
2018-10-05 21:09:00,0.13269900296097603
2018-10-05 21:12:00,0.1610848103096032
2018-10-05 21:15:00,0.12112434098025915
2018-10-05 21:18:00,0.21100231224869503
2018-10-05 21:21:00,0.1622103151311194
2018-10-05 21:24:00,0.1327338661437807
2018-10-05 21:27:00,0.26152116925078417
2018-10-05 21:30:00,0.11675497883794606
2018-10-05 21:33:00,0.17377694512356356
2018-10-05 21:36:00,0.250561634200551
2018-10-05 21:39:00,0.2296943245518719
2018-10-05 21:42:00,0.27012015541657775
2018-10-05 21:45:00,0.19236564208290474
2018-10-05 21:48:00,0.3159271749176469
2018-10-05 21:51:00,0.26619278158830184
2018-10-05 21:54:00,0.23968043630566171
2018-10-05 21:57:00,0.2622263661938291
2018-10-05 22:00:00,0.35621727625323274
2018-10-05 22:03:00,0.22734842990575999
2018-10-05 22:06:00,0.21449633918939526
2018-10-05 22:09:00,0.27949114546271403
2018-10-05 22:12:00,0.292504010842606
2018-10-05 22:15:00,0.13278248266738046
2018-10-05 22:18:00,0.2456959477077021
2018-10-05 22:21:00,0.19296840827342976
2018-10-05 22:24:00,0.19521229633573967
2018-10-05 22:27:00,0.28383342978588644
2018-10-05 22:30:00,0.08445862558721728
2018-10-05 22:33:00,0.12536768704057977
2018-10-05 22:36:00,0.13026256546407922
2018-10-05 22:39:00,0.11452200379773103
2018-10-05 22:42:00,0.15739851531577642
2018-10-05 22:45:00,0.11551246401540993
2018-10-05 22:48:00,0.12092316095038314
2018-10-05 22:51:00,0.07362739886036707
2018-10-05 22:54:00,0.2720230742481249
2018-10-05 22:57:00,0.3267005242739742
2018-10-05 23:00:00,0.2208289891171944
2018-10-05 23:03:00,0.19943483572723153
2018-10-05 23:06:00,0.20923055775722332
2018-10-05 23:09:00,0.17411663956846724
2018-10-05 23:12:00,0.19947148406970427
2018-10-05 23:15:00,0.1611195929614837
2018-10-05 23:18:00,0.17673752154081512
2018-10-05 23:21:00,0.12800559525192057
2018-10-05 23:24:00,0.22506394873323643
2018-10-05 23:27:00,0.19769702931967004
2018-10-05 23:30:00,0.09426708824327079
2018-10-05 23:33:00,0.15100550302605598
2018-10-05 23:36:00,0.10117431664230025
2018-10-05 23:39:00,0.2788869943412351
2018-10-05 23:42:00,0.2447228819134466
2018-10-05 23:45:00,0.27145669121102856
2018-10-05 23:48:00,0.281337114724181
2018-10-05 23:51:00,0.30142556045535684
2018-10-05 23:54:00,0.2683779662413599
2018-10-05 23:57:00,0.2708806141579885
2018-10-06 00:00:00,0.26027333140973496
2018-10-06 00:03:00,0.30310355901502817
2018-10-06 00:06:00,0.2495834060055131
2018-10-06 00:09:00,0.24957486644751725
2018-10-06 00:12:00,0.2897610654371192
2018-10-06 00:15:00,0.31510000094380075
2018-10-06 00:18:00,0.32036101903850067
2018-10-06 00:21:00,0.3307655116714159
2018-10-06 00:24:00,0.2838323115577168
2018-10-06 00:27:00,0.26746364634169595
2018-10-06 00:30:00,0.33448487964199103
2018-10-06 00:33:00,0.37209610465453125
2018-10-06 00:36:00,0.3573310405442953
2018-10-06 00:39:00,0.3002156784316412
2018-10-06 00:42:00,0.40801894032506425
2018-10-06 00:45:00,0.22304419459925384
2018-10-06 00:48:00,0.35125087478405703
2018-10-06 00:51:00,0.3299918557799515
2018-10-06 00:54:00,0.26268652808352044
2018-10-06 00:57:00,0.20998167198899864
2018-10-06 01:00:00,0.2956852812978923
2018-10-06 01:03:00,0.2684264660552458
2018-10-06 01:06:00,0.2576359823539178
2018-10-06 01:09:00,0.30143354024880864
2018-10-06 01:12:00,0.3263110692971054
2018-10-06 01:15:00,0.2200990199397097
2018-10-06 01:18:00,0.2752405131805631
2018-10-06 01:21:00,0.22522356496330076
2018-10-06 01:24:00,0.35841526438122173
2018-10-06 01:27:00,0.2623768058994642
2018-10-06 01:30:00,0.27267621586207724
2018-10-06 01:33:00,0.3183972449928092
2018-10-06 01:36:00,0.34955873128916437
2018-10-06 01:39:00,0.3450613754043843
2018-10-06 01:42:00,0.3142278790597288
2018-10-06 01:45:00,0.32219500348384145
2018-10-06 01:48:00,0.2308968298816012
2018-10-06 01:51:00,0.3189633940962153
2018-10-06 01:54:00,0.45740218344354844
2018-10-06 01:57:00,0.5036241070698111
2018-10-06 02:00:00,0.32122632020121955
2018-10-06 02:03:00,0.28819416061406855
2018-10-06 02:06:00,0.31208829617537504
2018-10-06 02:09:00,0.37509714585246456
2018-10-06 02:12:00,0.24724433431674697
2018-10-06 02:15:00,0.40648917905753024
2018-10-06 02:18:00,0.4482925305995309
2018-10-06 02:21:00,0.5272946046883362
2018-10-06 02:24:00,0.6337563655472422
2018-10-06 02:27:00,0.508036646714686
2018-10-06 02:30:00,0.575289255969551
2018-10-06 02:33:00,0.44089815775947727
2018-10-06 02:36:00,0.3952247901240753
2018-10-06 02:39:00,0.3867297073456939
2018-10-06 02:42:00,0.4497348889190107
2018-10-06 02:45:00,0.3773544360138885
2018-10-06 02:48:00,0.36474818052761293
2018-10-06 02:51:00,0.2718582611161082
2018-10-06 02:54:00,0.29643245606143864
2018-10-06 02:57:00,0.33148221253253496
2018-10-06 03:00:00,0.39675605929545554
2018-10-06 03:03:00,0.45820645507063773
2018-10-06 03:06:00,0.35354514321443276
2018-10-06 03:09:00,0.3722437043953164
2018-10-06 03:12:00,0.4232317453447081
2018-10-06 03:15:00,0.4810222595725122
2018-10-06 03:18:00,0.502080836105506
2018-10-06 03:21:00,0.5430424508276133
2018-10-06 03:24:00,0.493744329427102
2018-10-06 03:27:00,0.48696928843065734
2018-10-06 03:30:00,0.4003542304467942
2018-10-06 03:33:00,0.4087614319516888
2018-10-06 03:36:00,0.396234080470947
2018-10-06 03:39:00,0.4107401734141831
2018-10-06 03:42:00,0.4860602177391229
2018-10-06 03:45:00,0.4451613108100787
2018-10-06 03:48:00,0.28162830719122667
2018-10-06 03:51:00,0.28113640302223075
2018-10-06 03:54:00,0.33620329473882293
2018-10-06 03:57:00,0.19005888911550528
2018-10-06 04:00:00,0.27191659805646395
2018-10-06 04:03:00,0.463362091066017
2018-10-06 04:06:00,0.5687938077675767
2018-10-06 04:09:00,0.7067675331398391
2018-10-06 04:12:00,0.7107556849202297
2018-10-06 04:15:00,0.4871289655667965
2018-10-06 04:18:00,0.3581648213337303
2018-10-06 04:21:00,0.33507785911558585
2018-10-06 04:24:00,0.291014476607927
2018-10-06 04:27:00,0.26271284011392027
2018-10-06 04:30:00,0.3647703028469209
2018-10-06 04:33:00,0.3531024173951778
2018-10-06 04:36:00,0.37284003379687647
2018-10-06 04:39:00,0.34263361632548595
2018-10-06 04:42:00,0.420422736470357
2018-10-06 04:45:00,0.3281757836184056
2018-10-06 04:48:00,0.3624691810406375
2018-10-06 04:51:00,0.5032139575984047
2018-10-06 04:54:00,0.35643535146272143
2018-10-06 04:57:00,0.4454253624581952
2018-10-06 05:00:00,0.45946644147130655
2018-10-06 05:03:00,0.3942370649733675
2018-10-06 05:06:00,0.46020197024876097
2018-10-06 05:09:00,0.5412200756163656
2018-10-06 05:12:00,0.46949484253298124
2018-10-06 05:15:00,0.48386394140362654
2018-10-06 05:18:00,0.39952924706881277
2018-10-06 05:21:00,0.5065601009798684
2018-10-06 05:24:00,0.4963335962497126
2018-10-06 05:27:00,0.5248412772644429
2018-10-06 05:30:00,0.458889317483397
2018-10-06 05:33:00,0.5537439532938606
2018-10-06 05:36:00,0.48212756986202976
2018-10-06 05:39:00,0.5397525987297627
2018-10-06 05:42:00,0.41941589911363053
2018-10-06 05:45:00,0.47159333175727625
2018-10-06 05:48:00,0.5967600926229011
2018-10-06 05:51:00,0.49363992672004997
2018-10-06 05:54:00,0.44967265128929057
2018-10-06 05:57:00,0.5101460782161098
2018-10-06 06:00:00,0.6017400263589252
2018-10-06 06:03:00,0.5429889574602385
2018-10-06 06:06:00,0.5416466175492474
2018-10-06 06:09:00,0.538762078962634
2018-10-06 06:12:00,0.5864249859817505
2018-10-06 06:15:00,0.5014538472918844
2018-10-06 06:18:00,0.6724066321548889
2018-10-06 06:21:00,0.6217957883912391
2018-10-06 06:24:00,0.5779312012285232
2018-10-06 06:27:00,0.5750895298480714
2018-10-06 06:30:00,0.5798358837884052
2018-10-06 06:33:00,0.6249025665134695
2018-10-06 06:36:00,0.7613027102635215
2018-10-06 06:39:00,0.7392699033516124
2018-10-06 06:42:00,0.6797192717836538
2018-10-06 06:45:00,0.6813595268996551
2018-10-06 06:48:00,0.6332004917955487
2018-10-06 06:51:00,0.6921955017488699
2018-10-06 06:54:00,0.7286765296952353
2018-10-06 06:57:00,0.6388416862714053
2018-10-06 07:00:00,0.5663621699987971
2018-10-06 07:03:00,0.6284622048739834
2018-10-06 07:06:00,0.7175465458216763
2018-10-06 07:09:00,0.572976379063789
2018-10-06 07:12:00,0.6902016691934705
2018-10-06 07:15:00,0.6751582229076121
2018-10-06 07:18:00,0.7130103684344249
2018-10-06 07:21:00,0.6206182926513861
2018-10-06 07:24:00,0.619856527380648
2018-10-06 07:27:00,0.6862542429109908
2018-10-06 07:30:00,0.5532685768674241
2018-10-06 07:33:00,0.629701922803747
2018-10-06 07:36:00,0.5920295442938937
2018-10-06 07:39:00,0.6101899651936833
2018-10-06 07:42:00,0.7550212369047244
2018-10-06 07:45:00,0.7384266888098523
2018-10-06 07:48:00,0.5843686662697678
2018-10-06 07:51:00,0.5940544654438327
2018-10-06 07:54:00,0.5536767161527223
2018-10-06 07:57:00,0.5407175993842088
2018-10-06 08:00:00,0.5520152888580583
2018-10-06 08:03:00,0.6271656531550889
2018-10-06 08:06:00,0.5059634988060111
2018-10-06 08:09:00,0.5074235637350171
2018-10-06 08:12:00,0.49502839429175083
2018-10-06 08:15:00,0.5634998953508443
2018-10-06 08:18:00,0.5695312376398078
2018-10-06 08:21:00,0.6242881983071129
2018-10-06 08:24:00,0.5931513416374514
2018-10-06 08:27:00,0.684186574115131
2018-10-06 08:30:00,0.679420854148475
2018-10-06 08:33:00,0.6321941065011174
2018-10-06 08:36:00,0.632711159510734
2018-10-06 08:39:00,0.580698669723688
2018-10-06 08:42:00,0.5268706524701656
2018-10-06 08:45:00,0.6090864819686885
2018-10-06 08:48:00,0.575266389182616
2018-10-06 08:51:00,0.5283439027957115
2018-10-06 08:54:00,0.5535757459808224
2018-10-06 08:57:00,0.6220339117176081
2018-10-06 09:00:00,0.5698778428487685
2018-10-06 09:03:00,0.48639479940521824
2018-10-06 09:06:00,0.49869274842137656
2018-10-06 09:09:00,0.5595462125429549
2018-10-06 09:12:00,0.43820550535326674
2018-10-06 09:15:00,0.5514169677805398
2018-10-06 09:18:00,0.42544319836190425
2018-10-06 09:21:00,0.579114423654346
2018-10-06 09:24:00,0.3639849250387215
2018-10-06 09:27:00,0.42795129628069617
2018-10-06 09:30:00,0.4017612230590544
2018-10-06 09:33:00,0.35262860155950193
2018-10-06 09:36:00,0.3585048348419946
2018-10-06 09:39:00,0.37970355638259434
2018-10-06 09:42:00,0.29308756773201594
2018-10-06 09:45:00,0.35217478399243873
2018-10-06 09:48:00,0.4172720931323397
2018-10-06 09:51:00,0.41838778463744575
2018-10-06 09:54:00,0.3686535818174548
2018-10-06 09:57:00,0.49171158928913883
2018-10-06 10:00:00,0.37387870082562813
2018-10-06 10:03:00,0.4210407974954933
2018-10-06 10:06:00,0.437303788625627
2018-10-06 10:09:00,0.4028765102267471
2018-10-06 10:12:00,0.4605766441303558
2018-10-06 10:15:00,0.31480620993943376
2018-10-06 10:18:00,0.40701246717787853
2018-10-06 10:21:00,0.21328513721095987
2018-10-06 10:24:00,0.452756556225836
2018-10-06 10:27:00,0.2833333239660192
2018-10-06 10:30:00,0.2933529082337145
2018-10-06 10:33:00,0.28774289762071703
2018-10-06 10:36:00,0.3021615396669972
2018-10-06 10:39:00,0.2971136455612964
2018-10-06 10:42:00,0.30886844521222656
2018-10-06 10:45:00,0.31079576650506624
2018-10-06 10:48:00,0.24511657325768965
2018-10-06 10:51:00,0.28037200004280294
2018-10-06 10:54:00,0.2914255151940779
2018-10-06 10:57:00,0.33628112589934744
2018-10-06 11:00:00,0.2744378536467025
2018-10-06 11:03:00,0.19501376972635853
2018-10-06 11:06:00,0.22993829216852646
2018-10-06 11:09:00,0.31840835071216134
2018-10-06 11:12:00,0.25826201616882827
2018-10-06 11:15:00,0.29991414748820944
2018-10-06 11:18:00,0.20437996103322575
2018-10-06 11:21:00,0.25814116592664504
2018-10-06 11:24:00,0.17236857811246864
2018-10-06 11:27:00,0.20972274891727238
2018-10-06 11:30:00,0.24887402868409936
2018-10-06 11:33:00,0.2092186917931258
2018-10-06 11:36:00,0.15992751083427947
2018-10-06 11:39:00,0.097800955393609
2018-10-06 11:42:00,0.08258595672919
2018-10-06 11:45:00,0.17502449397863984
2018-10-06 11:48:00,0.2339310566742938
2018-10-06 11:51:00,0.04144805078703939
2018-10-06 11:54:00,0.05575465714798611
2018-10-06 11:57:00,0.07857470004603329
2018-10-06 12:00:00,0.14498704130119222
2018-10-06 12:03:00,0.14689922238193276
2018-10-06 12:06:00,0.021542888844237496
2018-10-06 12:09:00,-0.020408055687369142
2018-10-06 12:12:00,0.020028917459967488
2018-10-06 12:15:00,0.003769613770430169
2018-10-06 12:18:00,0.06342967833825242
2018-10-06 12:21:00,0.1638578688026655
2018-10-06 12:24:00,0.04311753809435004
2018-10-06 12:27:00,0.12136347378202572
2018-10-06 12:30:00,0.08096921084012365
2018-10-06 12:33:00,0.06328081113622375
2018-10-06 12:36:00,0.09457450343336404
2018-10-06 12:39:00,0.03463436665560948
2018-10-06 12:42:00,0.04892788735139675
2018-10-06 12:45:00,0.07962743780416304
2018-10-06 12:48:00,0.03990306122017273
2018-10-06 12:51:00,0.09635280738825713
2018-10-06 12:54:00,0.09325594140324256
2018-10-06 12:57:00,0.1179671851321018
2018-10-06 13:00:00,0.11885284399954799
2018-10-06 13:03:00,0.018147862671128223
2018-10-06 13:06:00,0.10846746357344728
2018-10-06 13:09:00,0.031179743614984545
2018-10-06 13:12:00,0.006581262871293347
2018-10-06 13:15:00,-0.05047217495575751
2018-10-06 13:18:00,-0.04686865116144645
2018-10-06 13:21:00,-0.045623442711871576
2018-10-06 13:24:00,-0.02583876007827257
2018-10-06 13:27:00,-0.049421018251337046
2018-10-06 13:30:00,-0.08613188540431338
2018-10-06 13:33:00,-0.03409872522098567
2018-10-06 13:36:00,-0.026304933534561314
2018-10-06 13:39:00,-0.021290568406072907
2018-10-06 13:42:00,-0.12646930342106089
2018-10-06 13:45:00,-0.13935013350294412
2018-10-06 13:48:00,-0.11566945753020264
2018-10-06 13:51:00,-0.20550007063974363
2018-10-06 13:54:00,-0.09544191144351544
2018-10-06 13:57:00,-0.09368960783109515
2018-10-06 14:00:00,-0.13629510286773439
2018-10-06 14:03:00,-0.1945131521318899
2018-10-06 14:06:00,-0.1962339969562663
2018-10-06 14:09:00,-0.14115946437169669
2018-10-06 14:12:00,-0.15329403089799598
2018-10-06 14:15:00,-0.1298661837849977
2018-10-06 14:18:00,-0.18784327008387436
2018-10-06 14:21:00,-0.20675524315311122
2018-10-06 14:24:00,-0.3015752037819084
2018-10-06 14:27:00,-0.23453997673317417
2018-10-06 14:30:00,-0.1840561971841339
2018-10-06 14:33:00,-0.20483224807975375
2018-10-06 14:36:00,-0.21031568132076472
2018-10-06 14:39:00,-0.24562218144603776
2018-10-06 14:42:00,-0.20158566750728824
2018-10-06 14:45:00,-0.19005338248121006
2018-10-06 14:48:00,-0.13349087817164218
2018-10-06 14:51:00,-0.2434682943273856
2018-10-06 14:54:00,-0.31551644255085876
2018-10-06 14:57:00,-0.2847455288992933
2018-10-06 15:00:00,-0.2045195168756777
2018-10-06 15:03:00,-0.27056467462836054
2018-10-06 15:06:00,-0.2459860078180327
2018-10-06 15:09:00,-0.23245567311403192
2018-10-06 15:12:00,-0.275738445084869
2018-10-06 15:15:00,-0.2946487307318648
2018-10-06 15:18:00,-0.26271884169062787
2018-10-06 15:21:00,-0.22082100328253773
2018-10-06 15:24:00,-0.28041996786441814
2018-10-06 15:27:00,-0.24513200554531522
2018-10-06 15:30:00,-0.26424225355560793
2018-10-06 15:33:00,-0.29397379078955055
2018-10-06 15:36:00,-0.42672588304202463
2018-10-06 15:39:00,-0.34939399428225215
2018-10-06 15:42:00,-0.29077705682504984
2018-10-06 15:45:00,-0.22586163984914265
2018-10-06 15:48:00,-0.3387891071944864
2018-10-06 15:51:00,-0.24767338224097557
2018-10-06 15:54:00,-0.3742574750876315
2018-10-06 15:57:00,-0.3669804485359123
2018-10-06 16:00:00,-0.28723345947855705
2018-10-06 16:03:00,-0.389272518362759
2018-10-06 16:06:00,-0.46656149444294215
2018-10-06 16:09:00,-0.35340972034515516
2018-10-06 16:12:00,-0.4221175091208238
2018-10-06 16:15:00,-0.4043036674707423
2018-10-06 16:18:00,-0.377941587150076
2018-10-06 16:21:00,-0.3403862641607702
2018-10-06 16:24:00,-0.47887477581042504
2018-10-06 16:27:00,-0.30565736515490016
2018-10-06 16:30:00,-0.3486164607073192
2018-10-06 16:33:00,-0.2587120740722071
2018-10-06 16:36:00,-0.35230627065084263
2018-10-06 16:39:00,-0.33244588451537993
2018-10-06 16:42:00,-0.4021361364245877
2018-10-06 16:45:00,-0.32992027856170125
2018-10-06 16:48:00,-0.4386845894148337
2018-10-06 16:51:00,-0.460342239852082
2018-10-06 16:54:00,-0.41552693757103043
2018-10-06 16:57:00,-0.3682837499211473
2018-10-06 17:00:00,-0.4010703889830438
2018-10-06 17:03:00,-0.41088458710311215
2018-10-06 17:06:00,-0.3584515993692321
2018-10-06 17:09:00,-0.32012100077622563
2018-10-06 17:12:00,-0.36473110661933106
2018-10-06 17:15:00,-0.303816954320439
2018-10-06 17:18:00,-0.21904250226390332
2018-10-06 17:21:00,-0.30501137063288297
2018-10-06 17:24:00,-0.29654012641316285
2018-10-06 17:27:00,-0.3034398357851842
2018-10-06 17:30:00,-0.22404862644486911
2018-10-06 17:33:00,-0.28345589947156213
2018-10-06 17:36:00,-0.24032948903624174
2018-10-06 17:39:00,-0.280862370401735
2018-10-06 17:42:00,-0.27291540877234866
2018-10-06 17:45:00,-0.2456461683040061
2018-10-06 17:48:00,-0.23410779803685955
2018-10-06 17:51:00,-0.23278460360648978
2018-10-06 17:54:00,-0.19002696974882838
2018-10-06 17:57:00,-0.19731004263672958
2018-10-06 18:00:00,-0.19748654245063335
2018-10-06 18:03:00,-0.26650490897748114
2018-10-06 18:06:00,-0.24342865176072337
2018-10-06 18:09:00,-0.25388254128972676
2018-10-06 18:12:00,-0.1974868348753489
2018-10-06 18:15:00,-0.1455888233364817
2018-10-06 18:18:00,-0.17900352010639153
2018-10-06 18:21:00,-0.1932860956630975
2018-10-06 18:24:00,-0.12136840420623685
2018-10-06 18:27:00,-0.12927633946588912
2018-10-06 18:30:00,-0.03510291249244801
2018-10-06 18:33:00,-0.04952529864652888
2018-10-06 18:36:00,0.020565755307643485
2018-10-06 18:39:00,-0.014810098590601228
2018-10-06 18:42:00,0.03650726510318236
2018-10-06 18:45:00,-0.0030411828015530773
2018-10-06 18:48:00,0.08450648866346455
2018-10-06 18:51:00,0.09988254948700614
2018-10-06 18:54:00,
2018-10-06 18:57:00,
2018-10-06 19:00:00,
2018-10-06 19:03:00,0.1683346176060354
2018-10-06 19:06:00,0.20457409171513063
2018-10-06 19:09:00,0.06108459057696791
2018-10-06 19:12:00,0.18252779206227387
2018-10-06 19:15:00,0.2637819093185385
2018-10-06 19:18:00,0.1825211535959852
2018-10-06 19:21:00,0.18328939539117073
2018-10-06 19:24:00,0.32131886358200745
2018-10-06 19:27:00,0.22510635607096674
2018-10-06 19:30:00,0.25662367365293903
2018-10-06 19:33:00,0.3269151345006662
2018-10-06 19:36:00,0.33537817580554474
2018-10-06 19:39:00,0.341313555890963
2018-10-06 19:42:00,0.3110739548343986
2018-10-06 19:45:00,0.1923926695984619
2018-10-06 19:48:00,0.2883693827984075
2018-10-06 19:51:00,0.31341484277527343
2018-10-06 19:54:00,0.5108300002689248
2018-10-06 19:57:00,0.7144211875037172
2018-10-06 20:00:00,0.666243588711211
2018-10-06 20:03:00,0.4936010671569875
2018-10-06 20:06:00,0.5374945091476775
2018-10-06 20:09:00,0.5027811631027816
2018-10-06 20:12:00,0.4320100318130926
2018-10-06 20:15:00,0.5441825250084094
2018-10-06 20:18:00,0.625891176182563
2018-10-06 20:21:00,0.5789142324805994
2018-10-06 20:24:00,0.5170714841360677
2018-10-06 20:27:00,0.47570450746809456
2018-10-06 20:30:00,0.4877116725413657
2018-10-06 20:33:00,0.502055557035817
2018-10-06 20:36:00,0.5685036288372203
2018-10-06 20:39:00,0.3765594183910821
2018-10-06 20:42:00,0.3765181743088988
2018-10-06 20:45:00,0.4600753854863342
2018-10-06 20:48:00,0.4369705950168168
2018-10-06 20:51:00,0.516766406543752
2018-10-06 20:54:00,0.5848452358231953
2018-10-06 20:57:00,0.4481060610821146
2018-10-06 21:00:00,0.3415510944254265
2018-10-06 21:03:00,0.3154743781333309
2018-10-06 21:06:00,0.18440072484656866
2018-10-06 21:09:00,0.24513613637174103
2018-10-06 21:12:00,0.24424039058334301
2018-10-06 21:15:00,0.18869897018879556
2018-10-06 21:18:00,0.2495525758233157
2018-10-06 21:21:00,0.1466703680586079
2018-10-06 21:24:00,0.23139684909847347
2018-10-06 21:27:00,0.32578691640782154
2018-10-06 21:30:00,0.20600000761942283
2018-10-06 21:33:00,0.20445152906847852
2018-10-06 21:36:00,0.1748691119832415
2018-10-06 21:39:00,0.2235727419736122
2018-10-06 21:42:00,0.21162839101788222
2018-10-06 21:45:00,0.3265508367882717
2018-10-06 21:48:00,0.21396575267402795
2018-10-06 21:51:00,0.16558087256396448
2018-10-06 21:54:00,0.271047789862223
2018-10-06 21:57:00,0.29537942942636164
2018-10-06 22:00:00,0.2959533983992628
2018-10-06 22:03:00,0.2656168869596627
2018-10-06 22:06:00,0.2546445203120129
2018-10-06 22:09:00,0.25096271478929566
2018-10-06 22:12:00,0.1570228030768135
2018-10-06 22:15:00,0.32620831819832574
2018-10-06 22:18:00,0.25507285601906915
2018-10-06 22:21:00,0.23762637699911693
2018-10-06 22:24:00,0.1697984551254308
2018-10-06 22:27:00,0.27573405533280493
2018-10-06 22:30:00,0.26063470826335333
2018-10-06 22:33:00,0.27386896292699703
2018-10-06 22:36:00,0.19291403118802464
2018-10-06 22:39:00,0.25982489746076
2018-10-06 22:42:00,0.24302718002155643
2018-10-06 22:45:00,0.17521883318357823
2018-10-06 22:48:00,0.27592951560490064
2018-10-06 22:51:00,0.2246570852639138
2018-10-06 22:54:00,0.2749762062185255
2018-10-06 22:57:00,0.27122882352193756
2018-10-06 23:00:00,0.2508759734014916
2018-10-06 23:03:00,0.25622670399053504
2018-10-06 23:06:00,0.1889837057901218
2018-10-06 23:09:00,0.2365628170217633
2018-10-06 23:12:00,0.31193115717837827
2018-10-06 23:15:00,0.19904418102453292
2018-10-06 23:18:00,0.2675756805945184
2018-10-06 23:21:00,0.2578350136939207
2018-10-06 23:24:00,0.3986245127718462
2018-10-06 23:27:00,0.3286282905804683
2018-10-06 23:30:00,0.3198074861914506
2018-10-06 23:33:00,0.46742205751303345
2018-10-06 23:36:00,0.45270845770522783
2018-10-06 23:39:00,0.45923544664526617
2018-10-06 23:42:00,0.34187838957069516
2018-10-06 23:45:00,0.39514209139167633
2018-10-06 23:48:00,0.3434883037733698
2018-10-06 23:51:00,0.47360569211662096
2018-10-06 23:54:00,0.4132378039966511
2018-10-06 23:57:00,0.4484220381639261
2018-10-07 00:00:00,0.5359809843810126
2018-10-07 00:03:00,0.4208221406328221
2018-10-07 00:06:00,0.5327590021821038
2018-10-07 00:09:00,0.5681434617027321
2018-10-07 00:12:00,0.4505745334104745
2018-10-07 00:15:00,0.5174660350466525
2018-10-07 00:18:00,0.5605832682834375
2018-10-07 00:21:00,0.5209952277243701
2018-10-07 00:24:00,0.6124057070300069
2018-10-07 00:27:00,0.702812855212926
2018-10-07 00:30:00,0.7711652632431196
2018-10-07 00:33:00,0.8103008830502745
2018-10-07 00:36:00,0.8277190723651415
2018-10-07 00:39:00,0.7648490551154055
2018-10-07 00:42:00,0.5924053873150683
2018-10-07 00:45:00,0.5080169383227826
2018-10-07 00:48:00,0.3844433333566144
2018-10-07 00:51:00,0.30236166568477074
2018-10-07 00:54:00,0.4353865888031123
2018-10-07 00:57:00,0.3076848641171068
2018-10-07 01:00:00,0.4126567215153045
2018-10-07 01:03:00,0.3892511750404992
2018-10-07 01:06:00,0.42091813499058617
2018-10-07 01:09:00,0.35323762508079426
2018-10-07 01:12:00,0.47854956587269726
2018-10-07 01:15:00,0.4930311024087928
2018-10-07 01:18:00,0.5495462605470607
2018-10-07 01:21:00,0.5414322208170574
2018-10-07 01:24:00,0.6012997549164538
2018-10-07 01:27:00,0.515897166777961
2018-10-07 01:30:00,0.5203798591620625
2018-10-07 01:33:00,0.4007320751177872
2018-10-07 01:36:00,0.35732930646742034
2018-10-07 01:39:00,0.3928165169818385
2018-10-07 01:42:00,0.379564414980166
2018-10-07 01:45:00,0.34833128511667155
2018-10-07 01:48:00,0.2890549551697177
2018-10-07 01:51:00,0.32994164464736286
2018-10-07 01:54:00,0.37234457446180613
2018-10-07 01:57:00,0.4178140287447718
2018-10-07 02:00:00,0.33207254518612217
2018-10-07 02:03:00,0.33541022524457276
2018-10-07 02:06:00,0.4061594276580536
2018-10-07 02:09:00,0.39118093862759906
2018-10-07 02:12:00,0.4408662492234612
2018-10-07 02:15:00,0.4788152116247488
2018-10-07 02:18:00,0.4172850641931518
2018-10-07 02:21:00,0.3593366386892285
2018-10-07 02:24:00,0.41583208086626655
2018-10-07 02:27:00,0.36726373299501347
2018-10-07 02:30:00,0.4445031632461678
2018-10-07 02:33:00,0.41040341143326486
2018-10-07 02:36:00,0.3865186923544002
2018-10-07 02:39:00,0.3142892098483685
2018-10-07 02:42:00,0.47498190267685914
2018-10-07 02:45:00,0.4421843358840647
2018-10-07 02:48:00,0.5593320281006982
2018-10-07 02:51:00,0.46930786174181094
2018-10-07 02:54:00,0.45433197919794566
2018-10-07 02:57:00,0.47462630259974503
2018-10-07 03:00:00,0.4359018586508796
2018-10-07 03:03:00,0.41183626736363976
2018-10-07 03:06:00,0.3456344073660489
2018-10-07 03:09:00,0.49896760313635014
2018-10-07 03:12:00,0.42914624414328273
2018-10-07 03:15:00,0.4259129699480013
2018-10-07 03:18:00,0.4255820298182016
2018-10-07 03:21:00,0.4228872448947527
2018-10-07 03:24:00,0.4289536388397437
2018-10-07 03:27:00,0.3739284431463261
2018-10-07 03:30:00,0.4675628418428346
2018-10-07 03:33:00,0.38768266819653263
2018-10-07 03:36:00,0.4679343477432667
2018-10-07 03:39:00,0.4037029129757457
2018-10-07 03:42:00,0.4986692060819564
2018-10-07 03:45:00,0.4226067450073856
2018-10-07 03:48:00,0.44079577886310517
2018-10-07 03:51:00,0.49058589666628905
2018-10-07 03:54:00,0.4489125676170147
2018-10-07 03:57:00,0.4828871315684182
2018-10-07 04:00:00,0.4203508939639846
2018-10-07 04:03:00,0.5569048029071837
2018-10-07 04:06:00,0.45332634450090836
2018-10-07 04:09:00,0.3940067428545717
2018-10-07 04:12:00,0.41995539455382414
2018-10-07 04:15:00,0.422528336916173
2018-10-07 04:18:00,0.45722658744011824
2018-10-07 04:21:00,0.395510576938193
2018-10-07 04:24:00,0.3312591484315135
2018-10-07 04:27:00,0.43210287920277324
2018-10-07 04:30:00,0.374352303535602
2018-10-07 04:33:00,0.47987463874733294
2018-10-07 04:36:00,0.37106555154986154
2018-10-07 04:39:00,0.37505150968075895
2018-10-07 04:42:00,0.4072591723198684
2018-10-07 04:45:00,0.3348532423351571
2018-10-07 04:48:00,0.3735591208288156
2018-10-07 04:51:00,0.349722207797754
2018-10-07 04:54:00,0.4253931280044867
2018-10-07 04:57:00,0.3663103931752971
2018-10-07 05:00:00,0.46178276795978945
2018-10-07 05:03:00,0.3816819197183463
2018-10-07 05:06:00,0.36577235225843197
2018-10-07 05:09:00,0.4157667542708623
2018-10-07 05:12:00,0.4116188782561494
2018-10-07 05:15:00,0.38743142022377697
2018-10-07 05:18:00,0.38250561421904195
2018-10-07 05:21:00,0.3282379127986701
2018-10-07 05:24:00,0.36080945681584353
2018-10-07 05:27:00,0.36282833765204714
2018-10-07 05:30:00,0.3437381765943428
2018-10-07 05:33:00,0.4103230126177664
2018-10-07 05:36:00,0.3541408007368432
2018-10-07 05:39:00,0.3792814242210625
2018-10-07 05:42:00,0.3829162626777247
2018-10-07 05:45:00,0.3899467393789564
2018-10-07 05:48:00,0.364311565802268
2018-10-07 05:51:00,0.35326702065611926
2018-10-07 05:54:00,0.42431474747485254
2018-10-07 05:57:00,0.3768499350304637
2018-10-07 06:00:00,0.40207321057204126
2018-10-07 06:03:00,0.3573305330886569
2018-10-07 06:06:00,0.3766745471351669
2018-10-07 06:09:00,0.3842926534289859
2018-10-07 06:12:00,0.41596277162119577
2018-10-07 06:15:00,0.4078691866137092
2018-10-07 06:18:00,0.3550210926576369
2018-10-07 06:21:00,0.3686715793889448
2018-10-07 06:24:00,0.32103229184065185
2018-10-07 06:27:00,0.3466600765015073
2018-10-07 06:30:00,0.3132002881882272
2018-10-07 06:33:00,0.3457165423567403
2018-10-07 06:36:00,0.27234421575985834
2018-10-07 06:39:00,0.43616286380751035
2018-10-07 06:42:00,0.35697865916404226
2018-10-07 06:45:00,0.3459273706973818
2018-10-07 06:48:00,0.2966938306929592
2018-10-07 06:51:00,0.3870673958999191
2018-10-07 06:54:00,0.3255358287296417
2018-10-07 06:57:00,0.2642629519893376
2018-10-07 07:00:00,0.3843254128513536
2018-10-07 07:03:00,0.2437950371619877
2018-10-07 07:06:00,0.36822629355083336
2018-10-07 07:09:00,0.3377945234987578
2018-10-07 07:12:00,0.2850871095384946
2018-10-07 07:15:00,0.34824053613033357
2018-10-07 07:18:00,0.3689483550762134
2018-10-07 07:21:00,0.2694375888216314
2018-10-07 07:24:00,0.31060771753220706
2018-10-07 07:27:00,0.3426464040066435
2018-10-07 07:30:00,0.3065000989049622
2018-10-07 07:33:00,0.3505921410952624
2018-10-07 07:36:00,0.17852912924195152
2018-10-07 07:39:00,0.32386235679496167
2018-10-07 07:42:00,0.3007215251261641
2018-10-07 07:45:00,0.27890972783154666
2018-10-07 07:48:00,0.32500194189390186
2018-10-07 07:51:00,0.3014942771019946
2018-10-07 07:54:00,0.25118360340349
2018-10-07 07:57:00,0.23891536226011567
2018-10-07 08:00:00,0.31377836858939645
2018-10-07 08:03:00,0.25819364134724765
2018-10-07 08:06:00,0.2744264297428458
2018-10-07 08:09:00,0.3193231320906875
2018-10-07 08:12:00,0.1611264315531571
2018-10-07 08:15:00,0.27346970908439516
2018-10-07 08:18:00,0.25298891444799665
2018-10-07 08:21:00,0.23174412185437632
2018-10-07 08:24:00,0.29310420965225603
2018-10-07 08:27:00,0.2736861228019052
2018-10-07 08:30:00,0.3482686533168362
2018-10-07 08:33:00,0.23075099901734575
2018-10-07 08:36:00,0.20774725753267376
2018-10-07 08:39:00,0.26651305415612114
2018-10-07 08:42:00,0.2356875384871273
2018-10-07 08:45:00,0.23691029844815148
2018-10-07 08:48:00,0.2671092494976506
2018-10-07 08:51:00,0.1708956879994048
2018-10-07 08:54:00,0.2027951535301895
2018-10-07 08:57:00,0.20047286925222352
2018-10-07 09:00:00,0.15518856832568417
2018-10-07 09:03:00,0.301041560589681
2018-10-07 09:06:00,0.2866269823458083
2018-10-07 09:09:00,0.2532343331623679
2018-10-07 09:12:00,0.2656676822225563
2018-10-07 09:15:00,0.2205135298045775
2018-10-07 09:18:00,0.14128670398332588
2018-10-07 09:21:00,0.09333972287396364
2018-10-07 09:24:00,0.10933826153984683
2018-10-07 09:27:00,0.18417050681125602
2018-10-07 09:30:00,0.1780287639717244
2018-10-07 09:33:00,0.13902607684434543
2018-10-07 09:36:00,0.14353851350961122
2018-10-07 09:39:00,0.07767831328868624
2018-10-07 09:42:00,-0.0043297795592138755
2018-10-07 09:45:00,0.09512493442355208
2018-10-07 09:48:00,0.09834903664437888
2018-10-07 09:51:00,0.0917059209702984
2018-10-07 09:54:00,0.09102713074196345
2018-10-07 09:57:00,0.048850108635861034
2018-10-07 10:00:00,0.04448105584424411
2018-10-07 10:03:00,0.007177065047187625
2018-10-07 10:06:00,0.06624381834870974
2018-10-07 10:09:00,-0.022388684849943274
2018-10-07 10:12:00,-0.009131500479668375
2018-10-07 10:15:00,0.08828244937427598
2018-10-07 10:18:00,-0.023354604820667646
2018-10-07 10:21:00,0.05511683041584092
2018-10-07 10:24:00,-0.17644244069549586
2018-10-07 10:27:00,-0.04524563000069293
2018-10-07 10:30:00,-0.08431876884208123
2018-10-07 10:33:00,-0.15075114982403193
2018-10-07 10:36:00,0.016894533550669166
2018-10-07 10:39:00,-0.05714235804327927
2018-10-07 10:42:00,-0.1618874586835659
2018-10-07 10:45:00,-0.08600302621630362
2018-10-07 10:48:00,-0.03498379669053975
2018-10-07 10:51:00,-0.13590403789561378
2018-10-07 10:54:00,-0.02609799342712904
2018-10-07 10:57:00,-0.22571581362927873
2018-10-07 11:00:00,-0.11499776922397587
2018-10-07 11:03:00,-0.15044116368972027
2018-10-07 11:06:00,-0.19406031363098464
2018-10-07 11:09:00,-0.20228289004535327
2018-10-07 11:12:00,-0.2142925108887539
2018-10-07 11:15:00,-0.13266536546217367
2018-10-07 11:18:00,-0.24323484822519958
2018-10-07 11:21:00,-0.2787719736589338
2018-10-07 11:24:00,-0.22538691593638305
2018-10-07 11:27:00,-0.3034190476490153
2018-10-07 11:30:00,-0.19449065076008765
2018-10-07 11:33:00,-0.2535252063269695
2018-10-07 11:36:00,-0.22198192726369825
2018-10-07 11:39:00,-0.3015103611030554
2018-10-07 11:42:00,-0.30287127135397895
2018-10-07 11:45:00,-0.24452197971965006
2018-10-07 11:48:00,-0.2681133405620244
2018-10-07 11:51:00,-0.31999655284920436
2018-10-07 11:54:00,-0.3267908488725766
2018-10-07 11:57:00,-0.3772731635648938
2018-10-07 12:00:00,-0.33872863763872374
2018-10-07 12:03:00,-0.431461519018967
2018-10-07 12:06:00,-0.5004021020952223
2018-10-07 12:09:00,-0.3420350655470088
2018-10-07 12:12:00,-0.35611741758577864
2018-10-07 12:15:00,-0.2638275110855943
2018-10-07 12:18:00,-0.5028897394487899
2018-10-07 12:21:00,-0.3019227480220934
2018-10-07 12:24:00,-0.40241549110874075
2018-10-07 12:27:00,-0.3634554715350191
2018-10-07 12:30:00,-0.33654000119759075
2018-10-07 12:33:00,-0.32403646047362145
2018-10-07 12:36:00,-0.2928696855680073
2018-10-07 12:39:00,-0.3317630629114774
2018-10-07 12:42:00,-0.32446224785769573
2018-10-07 12:45:00,-0.34280911450304075
2018-10-07 12:48:00,-0.34625885964885583
2018-10-07 12:51:00,-0.3295536996118358
2018-10-07 12:54:00,-0.28003571474357614
2018-10-07 12:57:00,-0.31834697313445304
2018-10-07 13:00:00,-0.25590211552355413
2018-10-07 13:03:00,-0.3280590256336495
2018-10-07 13:06:00,-0.33892064514100184
2018-10-07 13:09:00,-0.3358489445087116
2018-10-07 13:12:00,-0.18893479865226936
2018-10-07 13:15:00,-0.1483346275752524
2018-10-07 13:18:00,-0.20645286466009338
2018-10-07 13:21:00,-0.2756922698408175
2018-10-07 13:24:00,-0.22689908694900396
2018-10-07 13:27:00,-0.048326594612149165
2018-10-07 13:30:00,-0.06253052735593201
2018-10-07 13:33:00,-0.15160532689060346
2018-10-07 13:36:00,-0.2819142081004884
2018-10-07 13:39:00,-0.2714138751005635
2018-10-07 13:42:00,-0.3173793566067502
2018-10-07 13:45:00,-0.32027184424504185
2018-10-07 13:48:00,-0.061775345922455926
2018-10-07 13:51:00,0.04416810839779828
2018-10-07 13:54:00,0.16666734487739632
2018-10-07 13:57:00,0.009363591289115902
2018-10-07 14:00:00,-0.18243825909797806
2018-10-07 14:03:00,-0.26801844260251073
2018-10-07 14:06:00,-0.2962681680820083
2018-10-07 14:09:00,-0.16476722348363637
2018-10-07 14:12:00,-0.19969969889706363
2018-10-07 14:15:00,-0.11259534837506635
2018-10-07 14:18:00,-0.0487503246733354
2018-10-07 14:21:00,-0.023640460984950096
2018-10-07 14:24:00,-0.06452434083308844
2018-10-07 14:27:00,-0.20460455489683227
2018-10-07 14:30:00,-0.15088337264626261
2018-10-07 14:33:00,-0.02161094877845926
2018-10-07 14:36:00,-0.0013667927777873956
2018-10-07 14:39:00,-0.125695542875917
2018-10-07 14:42:00,0.0306786832771877
2018-10-07 14:45:00,-0.10847702533141046
2018-10-07 14:48:00,-0.1366258379743499
2018-10-07 14:51:00,-0.23577219242912406
2018-10-07 14:54:00,-0.16652577599973029
2018-10-07 14:57:00,-0.0702795864637551
2018-10-07 15:00:00,-0.1546500599609999
2018-10-07 15:03:00,-0.1240137911132706
2018-10-07 15:06:00,-0.05105184631844395
2018-10-07 15:09:00,-0.07877391925313759
2018-10-07 15:12:00,-0.14043554978508155
2018-10-07 15:15:00,-0.13588748212117707
2018-10-07 15:18:00,-0.06813410665881747
2018-10-07 15:21:00,-0.05887319539158398
2018-10-07 15:24:00,-0.03520750304301146
2018-10-07 15:27:00,0.004731485089052967
2018-10-07 15:30:00,-0.03817291640490339
2018-10-07 15:33:00,0.006584844297151449
2018-10-07 15:36:00,0.06963174455569288
2018-10-07 15:39:00,0.21215239755616722
2018-10-07 15:42:00,0.26657280200976174
2018-10-07 15:45:00,0.16980302788232393
2018-10-07 15:48:00,0.012723125059665108
2018-10-07 15:51:00,0.14495249910896746
2018-10-07 15:54:00,0.1485555150962341
2018-10-07 15:57:00,0.21843535737940556
2018-10-07 16:00:00,0.04777109360520626
2018-10-07 16:03:00,0.15123853578194257
2018-10-07 16:06:00,0.15933202455852324
2018-10-07 16:09:00,0.11516669544960223
2018-10-07 16:12:00,0.1485506679679247
2018-10-07 16:15:00,0.14715270613049825
2018-10-07 16:18:00,0.10557216060067276
2018-10-07 16:21:00,0.044979553712096276
2018-10-07 16:24:00,0.021861767821462763
2018-10-07 16:27:00,0.008982864464485374
2018-10-07 16:30:00,0.19021001509952384
2018-10-07 16:33:00,0.1897882523369958
2018-10-07 16:36:00,0.16344635536148644
2018-10-07 16:39:00,0.1322812668315123
2018-10-07 16:42:00,0.1418423654805565
2018-10-07 16:45:00,0.17738331226001947
2018-10-07 16:48:00,0.17795007428344434
2018-10-07 16:51:00,0.28663350139493105
2018-10-07 16:54:00,0.24898338682118037
2018-10-07 16:57:00,0.29615963260175704
2018-10-07 17:00:00,0.2915883082255277
2018-10-07 17:03:00,0.4127677767017417
2018-10-07 17:06:00,0.37249771352475136
2018-10-07 17:09:00,0.2740050788424355
2018-10-07 17:12:00,0.24169817519020853
2018-10-07 17:15:00,0.26009894579294723
2018-10-07 17:18:00,0.11322264761736278
2018-10-07 17:21:00,0.17409679575763448
2018-10-07 17:24:00,0.019813068151904645
2018-10-07 17:27:00,0.08118814154892107
2018-10-07 17:30:00,0.06282472669607841
2018-10-07 17:33:00,0.025027043705790675
2018-10-07 17:36:00,-0.06067946326305673
2018-10-07 17:39:00,-0.11915626565303228
2018-10-07 17:42:00,0.049065344647431175
2018-10-07 17:45:00,-0.005010316114237412
2018-10-07 17:48:00,-0.002376879662108422
2018-10-07 17:51:00,0.06527191328927984
2018-10-07 17:54:00,0.05532867345982595
2018-10-07 17:57:00,0.036117855476391014
2018-10-07 18:00:00,0.024761726674057627
2018-10-07 18:03:00,0.007647570453059416
2018-10-07 18:06:00,-0.039007835453048756
2018-10-07 18:09:00,-0.0481479003841514
2018-10-07 18:12:00,-0.031620127397957276
2018-10-07 18:15:00,-0.025249162933562275
2018-10-07 18:18:00,0.07850021561449694
2018-10-07 18:21:00,0.03198248140205351
2018-10-07 18:24:00,-0.05903252614837129
2018-10-07 18:27:00,-0.02326604870245319
2018-10-07 18:30:00,0.07350214390169185
2018-10-07 18:33:00,-0.06471820953828455
2018-10-07 18:36:00,-0.027900051027927475
2018-10-07 18:39:00,-0.043342638570038616
2018-10-07 18:42:00,-0.028879340058495018
2018-10-07 18:45:00,-0.0053689822723299585
2018-10-07 18:48:00,0.0037674739515409783
2018-10-07 18:51:00,0.15522653074305026
2018-10-07 18:54:00,
2018-10-07 18:57:00,
2018-10-07 19:00:00,
2018-10-07 19:03:00,0.04450561873915149
2018-10-07 19:06:00,0.05984536439967769
2018-10-07 19:09:00,-0.0009808031744569234
2018-10-07 19:12:00,0.06724511165765534
2018-10-07 19:15:00,0.030205015103831556
2018-10-07 19:18:00,0.06737813288691541
2018-10-07 19:21:00,0.015065858941056831
2018-10-07 19:24:00,0.05410840972785991
2018-10-07 19:27:00,0.010800368072921174
2018-10-07 19:30:00,0.1124543013316952
2018-10-07 19:33:00,0.10806556882550922
2018-10-07 19:36:00,0.00021927740129967788
2018-10-07 19:39:00,0.01964682856350919
2018-10-07 19:42:00,0.10541764592181835
2018-10-07 19:45:00,0.018374568563046978
2018-10-07 19:48:00,0.05867857466262194
2018-10-07 19:51:00,0.09921342547079348
2018-10-07 19:54:00,0.021343837444078417
2018-10-07 19:57:00,0.030293428077754925
2018-10-07 20:00:00,0.08338126268705537
2018-10-07 20:03:00,0.24168471634578736
2018-10-07 20:06:00,0.16956142243060413
2018-10-07 20:09:00,0.11542880762385721
2018-10-07 20:12:00,0.14221282662259682
2018-10-07 20:15:00,0.08790575826208169
2018-10-07 20:18:00,0.1333665691060446
2018-10-07 20:21:00,0.053295174764855346
2018-10-07 20:24:00,0.16415000841050187
2018-10-07 20:27:00,0.14115128319139103
2018-10-07 20:30:00,0.040321433909014104
2018-10-07 20:33:00,0.1330940797026301
2018-10-07 20:36:00,0.05854294790572112
2018-10-07 20:39:00,0.06724475843282107
2018-10-07 20:42:00,0.21384640828063084
2018-10-07 20:45:00,0.19364895733622234
2018-10-07 20:48:00,0.17051568945714735
2018-10-07 20:51:00,0.1585551330186945
2018-10-07 20:54:00,0.1172654410238465
2018-10-07 20:57:00,0.15926837335143773
2018-10-07 21:00:00,0.16883698463459496
2018-10-07 21:03:00,0.12825202778560651
2018-10-07 21:06:00,0.1650127230191174
2018-10-07 21:09:00,0.21634310037836713
2018-10-07 21:12:00,0.1361630922343693
2018-10-07 21:15:00,0.10214534050811608
2018-10-07 21:18:00,0.1222989080423531
2018-10-07 21:21:00,0.20349609424289383
2018-10-07 21:24:00,0.16787961750725344
2018-10-07 21:27:00,0.11294163521421297
2018-10-07 21:30:00,0.15528763323061412
2018-10-07 21:33:00,0.18271934214430985
2018-10-07 21:36:00,0.15167247387029192
2018-10-07 21:39:00,0.19299121636976224
2018-10-07 21:42:00,0.24177595400999508
2018-10-07 21:45:00,0.1525011621668
2018-10-07 21:48:00,0.27599086972406894
2018-10-07 21:51:00,0.1989608555145992
2018-10-07 21:54:00,0.1678681977370502
2018-10-07 21:57:00,0.2401872026654246
2018-10-07 22:00:00,0.29159754623316303
2018-10-07 22:03:00,0.21763246408698933
2018-10-07 22:06:00,0.40152819346758406
2018-10-07 22:09:00,0.4681986594143268
2018-10-07 22:12:00,0.5543349329233251
2018-10-07 22:15:00,0.4083796148780152
2018-10-07 22:18:00,0.317458513919064
2018-10-07 22:21:00,0.28105296642070243
2018-10-07 22:24:00,0.28211882237155805
2018-10-07 22:27:00,0.43433416867799224
2018-10-07 22:30:00,0.41039986443797716
2018-10-07 22:33:00,0.5305663010954049
2018-10-07 22:36:00,0.424437827688962
2018-10-07 22:39:00,0.42256119549358573
2018-10-07 22:42:00,0.24650361396260223
2018-10-07 22:45:00,0.26302775478433205
2018-10-07 22:48:00,0.24755744754219222
2018-10-07 22:51:00,0.19137541728844099
2018-10-07 22:54:00,0.2304629382267649
2018-10-07 22:57:00,0.21813924836396836
2018-10-07 23:00:00,0.21188142340452032
2018-10-07 23:03:00,0.23996567192796192
2018-10-07 23:06:00,0.19225072702801072
2018-10-07 23:09:00,0.33422360000673734
2018-10-07 23:12:00,0.24656873083569053
2018-10-07 23:15:00,0.14642187599611134
2018-10-07 23:18:00,0.20978299498858632
2018-10-07 23:21:00,0.37649932048219625
2018-10-07 23:24:00,0.5749670571358934
2018-10-07 23:27:00,0.6315229162347578
2018-10-07 23:30:00,0.7019811030153278
2018-10-07 23:33:00,0.38502274620918797
2018-10-07 23:36:00,0.3506735321200267
2018-10-07 23:39:00,0.29805563865056683
2018-10-07 23:42:00,0.2784302118935784
2018-10-07 23:45:00,0.2554629948785987
2018-10-07 23:48:00,0.39420096048218056
2018-10-07 23:51:00,0.3851281515185292
2018-10-07 23:54:00,0.3456322207476319
2018-10-07 23:57:00,0.46284978836314394
2018-10-08 00:00:00,0.40128474721308294
2018-10-08 00:03:00,0.40015900909781976
2018-10-08 00:06:00,0.41939691698286197
2018-10-08 00:09:00,0.4405937303448013
2018-10-08 00:12:00,0.3866000810670016
2018-10-08 00:15:00,0.2820376676298224
2018-10-08 00:18:00,0.15668751695761785
2018-10-08 00:21:00,0.1810815654224598
2018-10-08 00:24:00,0.18357932409293198
2018-10-08 00:27:00,0.15373933761577518
2018-10-08 00:30:00,0.2658671430731374
2018-10-08 00:33:00,0.19366328042696068
2018-10-08 00:36:00,0.28171073119347056
2018-10-08 00:39:00,0.2501124980419718
2018-10-08 00:42:00,0.1808783004412362
2018-10-08 00:45:00,0.17804296770185601
2018-10-08 00:48:00,0.10171268782829657
2018-10-08 00:51:00,0.18389232843406944
2018-10-08 00:54:00,0.2560724248307338
2018-10-08 00:57:00,0.31626647372195293
2018-10-08 01:00:00,0.26780530047551565
2018-10-08 01:03:00,0.19385854145701842
2018-10-08 01:06:00,0.14498645916103214
2018-10-08 01:09:00,0.13030217749565054
2018-10-08 01:12:00,0.19517316765831083
2018-10-08 01:15:00,0.14855613604328255
2018-10-08 01:18:00,0.10391354371654415
2018-10-08 01:21:00,0.18461629387167022
2018-10-08 01:24:00,0.14091268429382353
2018-10-08 01:27:00,0.12513820567073708
2018-10-08 01:30:00,0.17155822615018224
2018-10-08 01:33:00,0.1762178447490328
2018-10-08 01:36:00,0.21116877183470706
2018-10-08 01:39:00,0.19827943205444853
2018-10-08 01:42:00,0.10760563540594603
2018-10-08 01:45:00,0.13612983883240304
2018-10-08 01:48:00,0.19206984415416173
2018-10-08 01:51:00,0.15551115107530222
2018-10-08 01:54:00,0.18647990700998207
2018-10-08 01:57:00,0.19481551337651126
2018-10-08 02:00:00,0.10992998922188235
2018-10-08 02:03:00,0.13234379996623602
2018-10-08 02:06:00,0.14534751936201928
2018-10-08 02:09:00,0.18185154514594615
2018-10-08 02:12:00,0.11742542581538373
2018-10-08 02:15:00,0.21467476061042134
2018-10-08 02:18:00,0.2723811303072807
2018-10-08 02:21:00,0.31350289572588963
2018-10-08 02:24:00,0.21698216852706764
2018-10-08 02:27:00,0.2986624961064308
2018-10-08 02:30:00,0.28029327851180597
2018-10-08 02:33:00,0.42820785915358783
2018-10-08 02:36:00,0.3859010867881807
2018-10-08 02:39:00,0.31917441633493127
2018-10-08 02:42:00,0.3149958304003917
2018-10-08 02:45:00,0.1869720575731435
2018-10-08 02:48:00,0.33967760172731687
2018-10-08 02:51:00,0.1813116276048845
2018-10-08 02:54:00,0.24505098500543454
2018-10-08 02:57:00,0.20895827581318827
2018-10-08 03:00:00,0.17371848443599447
2018-10-08 03:03:00,0.2033283123982983
2018-10-08 03:06:00,0.18344321809598796
2018-10-08 03:09:00,0.23413426937014492
2018-10-08 03:12:00,0.25919341523234607
2018-10-08 03:15:00,0.222335122567074
2018-10-08 03:18:00,0.16564460904106681
2018-10-08 03:21:00,0.27040968598589643
2018-10-08 03:24:00,0.12426282042270032
2018-10-08 03:27:00,0.18860246020318527
2018-10-08 03:30:00,0.22780119375630647
2018-10-08 03:33:00,0.11649038877720841
2018-10-08 03:36:00,0.1323240436394144
2018-10-08 03:39:00,0.23649238715108822
2018-10-08 03:42:00,0.10319564073728316
2018-10-08 03:45:00,0.10907532427444266
2018-10-08 03:48:00,0.19008107064087199
2018-10-08 03:51:00,0.2606426812075142
2018-10-08 03:54:00,0.16520774811726824
2018-10-08 03:57:00,0.2131936482201695
2018-10-08 04:00:00,0.2216188481592667
2018-10-08 04:03:00,0.17344029913346048
2018-10-08 04:06:00,0.2066312842380853
2018-10-08 04:09:00,0.22091512848180628
2018-10-08 04:12:00,0.22101301056227385
2018-10-08 04:15:00,0.2610500374861431
2018-10-08 04:18:00,0.1130936340655353
2018-10-08 04:21:00,0.2535384627736903
2018-10-08 04:24:00,0.20575154135656248
2018-10-08 04:27:00,0.34161999168645707
2018-10-08 04:30:00,0.1351914111128849
2018-10-08 04:33:00,0.1347578533877254
2018-10-08 04:36:00,0.09542568454770617
2018-10-08 04:39:00,0.19998189082696172
2018-10-08 04:42:00,0.26698771802102783
2018-10-08 04:45:00,0.1992798663778217
2018-10-08 04:48:00,0.3409684531363837
2018-10-08 04:51:00,0.26600785156983875
2018-10-08 04:54:00,0.26760594105354585
2018-10-08 04:57:00,0.24542036157578195
2018-10-08 05:00:00,0.20458173743975294
2018-10-08 05:03:00,0.2645754123427082
2018-10-08 05:06:00,0.21308901820754045
2018-10-08 05:09:00,0.26509098274704
2018-10-08 05:12:00,0.3053308844055209
2018-10-08 05:15:00,0.1703621432132536
2018-10-08 05:18:00,0.09317320496029424
2018-10-08 05:21:00,0.24939302281705977
2018-10-08 05:24:00,0.1474359346546521
2018-10-08 05:27:00,0.21167097474335606
2018-10-08 05:30:00,0.20890494243434432
2018-10-08 05:33:00,0.2803444386719889
2018-10-08 05:36:00,0.17685492574088357
2018-10-08 05:39:00,0.1569796627778146
2018-10-08 05:42:00,0.20811316717026784
2018-10-08 05:45:00,0.16841105472792606
2018-10-08 05:48:00,0.21883133905106433
2018-10-08 05:51:00,0.2691093814076453
2018-10-08 05:54:00,0.05945922380328739
2018-10-08 05:57:00,0.21164918900154817
2018-10-08 06:00:00,0.19352586810373396
2018-10-08 06:03:00,0.2447670788958476
2018-10-08 06:06:00,0.1435625869365822
2018-10-08 06:09:00,0.27457216457844424
2018-10-08 06:12:00,0.17344279221890702
2018-10-08 06:15:00,0.23978540203290777
2018-10-08 06:18:00,0.1979516391770062
2018-10-08 06:21:00,0.21132050852310158
2018-10-08 06:24:00,0.295138442761413
2018-10-08 06:27:00,0.2578845437183759
2018-10-08 06:30:00,0.19029551211849594
2018-10-08 06:33:00,0.33802703170238146
2018-10-08 06:36:00,0.25986982099544775
2018-10-08 06:39:00,0.277993102761684
2018-10-08 06:42:00,0.27278505894508953
2018-10-08 06:45:00,0.2305910099082098
2018-10-08 06:48:00,0.21651796469944884
2018-10-08 06:51:00,0.19343277754745714
2018-10-08 06:54:00,0.21460652355415277
2018-10-08 06:57:00,0.29861152354396836
2018-10-08 07:00:00,0.22723786110742594
2018-10-08 07:03:00,0.21955233559782528
2018-10-08 07:06:00,0.22479089587670842
2018-10-08 07:09:00,0.20215814874723037
2018-10-08 07:12:00,0.30182261523941634
2018-10-08 07:15:00,0.19921914734504753
2018-10-08 07:18:00,0.25471926245444365
2018-10-08 07:21:00,0.12892082273538108
2018-10-08 07:24:00,0.21784590795516579
2018-10-08 07:27:00,0.20533734852523366
2018-10-08 07:30:00,0.25086446149748554
2018-10-08 07:33:00,0.15000689217305307
2018-10-08 07:36:00,0.12183153441549166
2018-10-08 07:39:00,0.12783165824151865
2018-10-08 07:42:00,0.23768656570479152
2018-10-08 07:45:00,0.10093913736903914
2018-10-08 07:48:00,0.12671206192720774
2018-10-08 07:51:00,0.10232582014509717
2018-10-08 07:54:00,0.13191581266778485
2018-10-08 07:57:00,0.11444580788258918
2018-10-08 08:00:00,0.13044343918204504
2018-10-08 08:03:00,0.22638987651657771
2018-10-08 08:06:00,0.10878640121211447
2018-10-08 08:09:00,0.0947189140597402
2018-10-08 08:12:00,0.14861510410798928
2018-10-08 08:15:00,0.11896967394807234
2018-10-08 08:18:00,0.045942004610651566
2018-10-08 08:21:00,0.18237533123033245
2018-10-08 08:24:00,0.026786674395623322
2018-10-08 08:27:00,0.055345628446843875
2018-10-08 08:30:00,0.08598368845883897
2018-10-08 08:33:00,0.102883886138045
2018-10-08 08:36:00,0.11080928204290785
2018-10-08 08:39:00,0.036746659130812986
2018-10-08 08:42:00,0.05012606208441639
2018-10-08 08:45:00,0.07677162902785994
2018-10-08 08:48:00,0.05917548127416694
2018-10-08 08:51:00,0.06735533437250751
2018-10-08 08:54:00,0.10650706787578201
2018-10-08 08:57:00,0.10936803889541125
2018-10-08 09:00:00,0.12499620258989808
2018-10-08 09:03:00,0.16335005522256552
2018-10-08 09:06:00,0.14959897656854082
2018-10-08 09:09:00,0.08902772297176398
2018-10-08 09:12:00,0.05346760879695012
2018-10-08 09:15:00,-0.004705236719587447
2018-10-08 09:18:00,0.01722559788026956
2018-10-08 09:21:00,-0.025961454718810728
2018-10-08 09:24:00,0.007993720905062673
2018-10-08 09:27:00,-0.03170561354033907
2018-10-08 09:30:00,-0.03038791768091187
2018-10-08 09:33:00,0.04639758801550897
2018-10-08 09:36:00,-0.15115979776311406
2018-10-08 09:39:00,-0.16202404755762245
2018-10-08 09:42:00,-0.11777930063942676
2018-10-08 09:45:00,0.008853508045376657
2018-10-08 09:48:00,-0.09215412708738313
2018-10-08 09:51:00,-0.03352755777052607
2018-10-08 09:54:00,-0.07936224316472362
2018-10-08 09:57:00,-0.14867247682684592
2018-10-08 10:00:00,-0.04371688694430986
2018-10-08 10:03:00,-0.12022566876697738
2018-10-08 10:06:00,-0.14501104174763668
2018-10-08 10:09:00,-0.12011302392625112
2018-10-08 10:12:00,-0.1655086359170923
2018-10-08 10:15:00,-0.11387663393361436
2018-10-08 10:18:00,-0.07084158602032176
2018-10-08 10:21:00,-0.06883020296578479
2018-10-08 10:24:00,-0.09023456497277493
2018-10-08 10:27:00,-0.031978797373994894
2018-10-08 10:30:00,-0.1687447008804952
2018-10-08 10:33:00,-0.13684763031409375
2018-10-08 10:36:00,-0.06783876038417702
2018-10-08 10:39:00,-0.1660001940216489
2018-10-08 10:42:00,-0.18767243555862478
2018-10-08 10:45:00,-0.1858472223411809
2018-10-08 10:48:00,-0.22418912732251783
2018-10-08 10:51:00,-0.2559567369067963
2018-10-08 10:54:00,-0.034078106056426805
2018-10-08 10:57:00,-0.08833293993302505
2018-10-08 11:00:00,-0.17461188342031164
2018-10-08 11:03:00,-0.21815624162474023
2018-10-08 11:06:00,-0.1707562504259954
2018-10-08 11:09:00,-0.12498823654414082
2018-10-08 11:12:00,-0.6959893341139036
2018-10-08 11:15:00,-0.24178188325288374
2018-10-08 11:18:00,-0.2881879717685365
2018-10-08 11:21:00,-0.3827627037080674
2018-10-08 11:24:00,-0.2319760637930699
2018-10-08 11:27:00,-0.32918094507573414
2018-10-08 11:30:00,-0.22373301716464766
2018-10-08 11:33:00,-0.3644901914565253
2018-10-08 11:36:00,-0.24977531417079035
2018-10-08 11:39:00,-0.38206386142843485
2018-10-08 11:42:00,-0.34120824603058963
2018-10-08 11:45:00,-0.3195209228820204
2018-10-08 11:48:00,-0.3099699877914759
2018-10-08 11:51:00,-0.3236743930157786
2018-10-08 11:54:00,-0.3172038715340477
2018-10-08 11:57:00,-0.4031280554647765
2018-10-08 12:00:00,-0.2797811927354701
2018-10-08 12:03:00,-0.2475114158438032
2018-10-08 12:06:00,-0.4237679383276145
2018-10-08 12:09:00,-0.3145809811770732
2018-10-08 12:12:00,-0.351676711745597
2018-10-08 12:15:00,-0.40965187282034776
2018-10-08 12:18:00,-0.387998182424667
2018-10-08 12:21:00,-0.26525164539174284
2018-10-08 12:24:00,-0.25081878799448987
2018-10-08 12:27:00,-0.2549371918311749
2018-10-08 12:30:00,-0.18300327894957036
2018-10-08 12:33:00,-0.15054879557379763
2018-10-08 12:36:00,-0.08868078322115025
2018-10-08 12:39:00,-0.16019050316521088
2018-10-08 12:42:00,-0.16093169356634007
2018-10-08 12:45:00,-0.19485397473511057
2018-10-08 12:48:00,-0.2228354662493075
2018-10-08 12:51:00,-0.2616262104827456
2018-10-08 12:54:00,-0.26042467834690797
2018-10-08 12:57:00,-0.22550418760107505
2018-10-08 13:00:00,-0.20573238233095026
2018-10-08 13:03:00,-0.22732859227147628
2018-10-08 13:06:00,-0.26410974250558183
2018-10-08 13:09:00,-0.3244192038866913
2018-10-08 13:12:00,-0.3346962802156668
2018-10-08 13:15:00,-0.3784796684951175
2018-10-08 13:18:00,-0.4798946190743436
2018-10-08 13:21:00,-0.3058618678714424
2018-10-08 13:24:00,-0.3841722054431216
2018-10-08 13:27:00,-0.3542184930423673
2018-10-08 13:30:00,-0.24063497527754407
2018-10-08 13:33:00,-0.36775288867090694
2018-10-08 13:36:00,-0.34516554061190163
2018-10-08 13:39:00,-0.407915005504492
2018-10-08 13:42:00,-0.42995313407601543
2018-10-08 13:45:00,-0.3288135230538387
2018-10-08 13:48:00,-0.20785507254157665
2018-10-08 13:51:00,-0.11556120890173815
2018-10-08 13:54:00,-0.22130523418843495
2018-10-08 13:57:00,-0.185285818918544
2018-10-08 14:00:00,-0.2137248977545596
2018-10-08 14:03:00,-0.08244133297176859
2018-10-08 14:06:00,-0.1622019507383925
2018-10-08 14:09:00,-0.13383365101788058
2018-10-08 14:12:00,-0.21222785738336825
2018-10-08 14:15:00,-0.20183851826476484
2018-10-08 14:18:00,-0.20436061739599154
2018-10-08 14:21:00,-0.2187851998623387
2018-10-08 14:24:00,-0.1945116186051905
2018-10-08 14:27:00,-0.3043717936666894
2018-10-08 14:30:00,-0.2524039249942689
2018-10-08 14:33:00,-0.3189663635809552
2018-10-08 14:36:00,-0.2878457274350126
2018-10-08 14:39:00,-0.385437003853383
2018-10-08 14:42:00,-0.369105585968839
2018-10-08 14:45:00,-0.3314541190187583
2018-10-08 14:48:00,-0.29228631956840445
2018-10-08 14:51:00,-0.28154524035102213
2018-10-08 14:54:00,-0.3195661885972072
2018-10-08 14:57:00,-0.4112358717592315
2018-10-08 15:00:00,-0.30309211896280885
2018-10-08 15:03:00,-0.36036711744532113
2018-10-08 15:06:00,-0.3132042649754112
2018-10-08 15:09:00,-0.2816740495774752
2018-10-08 15:12:00,-0.17192348169271554
2018-10-08 15:15:00,-0.19726247030706645
2018-10-08 15:18:00,-0.017214002437981435
2018-10-08 15:21:00,0.044869839785349086
2018-10-08 15:24:00,-0.0077381554033877364
2018-10-08 15:27:00,0.02264401705878072
2018-10-08 15:30:00,-0.08391990890811485
2018-10-08 15:33:00,-0.11180279016195982
2018-10-08 15:36:00,-0.0638229778876962
2018-10-08 15:39:00,-0.015359948527361666
2018-10-08 15:42:00,-0.047321503686248434
2018-10-08 15:45:00,-0.07776298370038148
2018-10-08 15:48:00,-0.07483133200850034
2018-10-08 15:51:00,-0.09248948484383845
2018-10-08 15:54:00,-0.031103079146589607
2018-10-08 15:57:00,-0.01824921976196947
2018-10-08 16:00:00,0.04746452660833711
2018-10-08 16:03:00,-0.022706141462379037
2018-10-08 16:06:00,0.08099147822792929
2018-10-08 16:09:00,0.0890339219448606
2018-10-08 16:12:00,-0.05797877754361025
2018-10-08 16:15:00,-0.07734250444525514
2018-10-08 16:18:00,-0.056322557301541565
2018-10-08 16:21:00,-0.2063492730367784
2018-10-08 16:24:00,-0.057394341023325524
2018-10-08 16:27:00,-0.06808315926593878
2018-10-08 16:30:00,0.11651549733545608
2018-10-08 16:33:00,0.09145620382986408
2018-10-08 16:36:00,0.20305732401817522
2018-10-08 16:39:00,0.0550302118179502
2018-10-08 16:42:00,0.08403263172982633
2018-10-08 16:45:00,0.10581846226870084
2018-10-08 16:48:00,0.18548141060182388
2018-10-08 16:51:00,0.04721887645757761
2018-10-08 16:54:00,0.07612935338732996
2018-10-08 16:57:00,0.1264457199554272
2018-10-08 17:00:00,0.04281055479600582
2018-10-08 17:03:00,0.14913079062824863
2018-10-08 17:06:00,0.16610620376854968
2018-10-08 17:09:00,0.12402020230422295
2018-10-08 17:12:00,0.20360291660432495
2018-10-08 17:15:00,0.25460922816836273
2018-10-08 17:18:00,0.2920778571142364
2018-10-08 17:21:00,0.2650452208086449
2018-10-08 17:24:00,0.1684330230211799
2018-10-08 17:27:00,0.2572342263372889
2018-10-08 17:30:00,0.17780479864399013
2018-10-08 17:33:00,0.21556671286214169
2018-10-08 17:36:00,0.22004450384423535
2018-10-08 17:39:00,0.3034945232276982
2018-10-08 17:42:00,0.29318070518206696
2018-10-08 17:45:00,0.36067867070732973
2018-10-08 17:48:00,0.16658060220231619
2018-10-08 17:51:00,0.3102389835123063
2018-10-08 17:54:00,0.262670073320578
2018-10-08 17:57:00,0.35054281562401
2018-10-08 18:00:00,0.3528705816416391
2018-10-08 18:03:00,0.2839686104755401
2018-10-08 18:06:00,0.15953124443058186
2018-10-08 18:09:00,0.1917825402457538
2018-10-08 18:12:00,0.14149140326361476
2018-10-08 18:15:00,0.16831213323661132
2018-10-08 18:18:00,0.13812996812833944
2018-10-08 18:21:00,0.18019500275204337
2018-10-08 18:24:00,0.15058837306139594
2018-10-08 18:27:00,0.2792637407041525
2018-10-08 18:30:00,0.2081310165690411
2018-10-08 18:33:00,0.15730076228595635
2018-10-08 18:36:00,0.22252232952655504
2018-10-08 18:39:00,0.2289881676961727
2018-10-08 18:42:00,0.2582438809843097
2018-10-08 18:45:00,0.2300866580458205
2018-10-08 18:48:00,0.22798239567242717
2018-10-08 18:51:00,0.22582676531749257
2018-10-08 18:54:00,
2018-10-08 18:57:00,
2018-10-08 19:00:00,
2018-10-08 19:03:00,0.16489571355361932
2018-10-08 19:06:00,0.10457688806911847
2018-10-08 19:09:00,0.16976505637649097
2018-10-08 19:12:00,0.09701274316915942
2018-10-08 19:15:00,0.10697593859623566
2018-10-08 19:18:00,0.13406587286533522
2018-10-08 19:21:00,0.050374425296695335
2018-10-08 19:24:00,0.07413442062903641
2018-10-08 19:27:00,0.16898389227071675
2018-10-08 19:30:00,0.12842386038079212
2018-10-08 19:33:00,0.0974556627278389
2018-10-08 19:36:00,0.09374544136079521
2018-10-08 19:39:00,0.1396500121844042
2018-10-08 19:42:00,0.20816432672131668
2018-10-08 19:45:00,0.15405143871430482
2018-10-08 19:48:00,0.1801650056698918
2018-10-08 19:51:00,0.19977179033566017
2018-10-08 19:54:00,0.21733823776372674
2018-10-08 19:57:00,0.29165558890576904
2018-10-08 20:00:00,0.23817585963865895
2018-10-08 20:03:00,0.1962220291311496
2018-10-08 20:06:00,0.2652373906199159
2018-10-08 20:09:00,0.2368596885727925
2018-10-08 20:12:00,0.17347324380460805
2018-10-08 20:15:00,0.13812382387743583
2018-10-08 20:18:00,0.11565261002851912
2018-10-08 20:21:00,0.0916411193053932
2018-10-08 20:24:00,0.17011364033857035
2018-10-08 20:27:00,0.2226872863794256
2018-10-08 20:30:00,0.17515301299943076
2018-10-08 20:33:00,0.15161411013735915
2018-10-08 20:36:00,0.1261968459166951
2018-10-08 20:39:00,0.2626670745472097
2018-10-08 20:42:00,0.19314421899559875
2018-10-08 20:45:00,0.23727802132628995
2018-10-08 20:48:00,0.17505249778992038
2018-10-08 20:51:00,0.16044227066879557
2018-10-08 20:54:00,0.19826877210016391
2018-10-08 20:57:00,0.20204618870957347
2018-10-08 21:00:00,0.15210750656063965
2018-10-08 21:03:00,0.13072351164242946
2018-10-08 21:06:00,0.2029630071452857
2018-10-08 21:09:00,0.2339221742429345
2018-10-08 21:12:00,0.3123589785407148
2018-10-08 21:15:00,0.28552931155701344
2018-10-08 21:18:00,0.2800194968303913
2018-10-08 21:21:00,0.12577206366347582
2018-10-08 21:24:00,0.21855984746321155
2018-10-08 21:27:00,0.10187896466419488
2018-10-08 21:30:00,0.11098349979977229
2018-10-08 21:33:00,0.1856776374376068
2018-10-08 21:36:00,0.15683632461951902
2018-10-08 21:39:00,0.16769322154971178
2018-10-08 21:42:00,0.1997012415300219
2018-10-08 21:45:00,0.18888022741077748
2018-10-08 21:48:00,0.1946791225612401
2018-10-08 21:51:00,0.19357372740000756
2018-10-08 21:54:00,0.17475702254239422
2018-10-08 21:57:00,0.2481379881716066
2018-10-08 22:00:00,0.09615190129710527
2018-10-08 22:03:00,0.21355727797566715
2018-10-08 22:06:00,0.22982756626413448
2018-10-08 22:09:00,0.2856537654867566
2018-10-08 22:12:00,0.3441259846497928
2018-10-08 22:15:00,0.2185259983632477
2018-10-08 22:18:00,0.18820639961330698
2018-10-08 22:21:00,0.19605101728723184
2018-10-08 22:24:00,0.16168741735549474
2018-10-08 22:27:00,0.24718027405498333
2018-10-08 22:30:00,0.16682072240581647
2018-10-08 22:33:00,0.2383645952521647
2018-10-08 22:36:00,0.1839353531556185
2018-10-08 22:39:00,0.15360352073327022
2018-10-08 22:42:00,0.17914142833768665
2018-10-08 22:45:00,0.2637785136333832
2018-10-08 22:48:00,0.14438453316893174
2018-10-08 22:51:00,0.28786265501463504
2018-10-08 22:54:00,0.3200350737772055
2018-10-08 22:57:00,0.2356097852870107
2018-10-08 23:00:00,0.21667567599314452
2018-10-08 23:03:00,0.25960419785326394
2018-10-08 23:06:00,0.2985436031921722
2018-10-08 23:09:00,0.2588553365375219
2018-10-08 23:12:00,0.2353251273854653
2018-10-08 23:15:00,0.2406923979815474
2018-10-08 23:18:00,0.2218419371948812
2018-10-08 23:21:00,0.127430821692883
2018-10-08 23:24:00,0.2989830757705363
2018-10-08 23:27:00,0.279735415496873
2018-10-08 23:30:00,0.19840804373745868
2018-10-08 23:33:00,0.22209732272000338
2018-10-08 23:36:00,0.29521737650219393
2018-10-08 23:39:00,0.26573027392339554
2018-10-08 23:42:00,0.12426567813133715
2018-10-08 23:45:00,0.20900555210607763
2018-10-08 23:48:00,0.3021456226005057
2018-10-08 23:51:00,0.31473135318844925
2018-10-08 23:54:00,0.2156576246181885
2018-10-08 23:57:00,0.27057795165723064
2018-10-09 00:00:00,0.2801268756753075
2018-10-09 00:03:00,0.227202891765387
2018-10-09 00:06:00,0.2529885884944747
2018-10-09 00:09:00,0.29855025529775503
2018-10-09 00:12:00,0.3117214036327596
2018-10-09 00:15:00,0.26292952341975706
2018-10-09 00:18:00,0.24150089499983096
2018-10-09 00:21:00,0.3019722574373418
2018-10-09 00:24:00,0.2035979675168278
2018-10-09 00:27:00,0.25180979361027767
2018-10-09 00:30:00,0.29062584809497594
2018-10-09 00:33:00,0.2332894641057237
2018-10-09 00:36:00,0.26620310655192725
2018-10-09 00:39:00,0.3791448014473531
2018-10-09 00:42:00,0.2064487539544757
2018-10-09 00:45:00,0.2391295108830036
2018-10-09 00:48:00,0.26042448364415804
2018-10-09 00:51:00,0.18843162804819258
2018-10-09 00:54:00,0.3439056212375249
2018-10-09 00:57:00,0.10348947556542498
2018-10-09 01:00:00,0.2944178462386162
2018-10-09 01:03:00,0.2128866144088306
2018-10-09 01:06:00,0.2637071562159008
2018-10-09 01:09:00,0.15314904243524552
2018-10-09 01:12:00,0.24385930250889487
2018-10-09 01:15:00,0.27963111719111566
2018-10-09 01:18:00,0.2646363341376059
2018-10-09 01:21:00,0.2603109894315594
2018-10-09 01:24:00,0.1922262784441955
2018-10-09 01:27:00,0.25212620080759507
2018-10-09 01:30:00,0.29007156636021136
2018-10-09 01:33:00,0.21727425813645596
2018-10-09 01:36:00,0.26678723152343764
2018-10-09 01:39:00,0.22107208838758652
2018-10-09 01:42:00,0.24458010252192253
2018-10-09 01:45:00,0.2227008821473646
2018-10-09 01:48:00,0.1868451780985083
2018-10-09 01:51:00,0.2465842352247023
2018-10-09 01:54:00,0.19278884708745636
2018-10-09 01:57:00,0.250258945363953
2018-10-09 02:00:00,0.25739462973132277
2018-10-09 02:03:00,0.22462557736827193
2018-10-09 02:06:00,0.2792848776434198
2018-10-09 02:09:00,0.23400085061285836
2018-10-09 02:12:00,0.2158789178034226
2018-10-09 02:15:00,0.2427843425419951
2018-10-09 02:18:00,0.35161001393981905
2018-10-09 02:21:00,0.34632935047812907
2018-10-09 02:24:00,0.25129489157353646
2018-10-09 02:27:00,0.2898618362276011
2018-10-09 02:30:00,0.29720228015349903
2018-10-09 02:33:00,0.3457413901531936
2018-10-09 02:36:00,0.3195447584032536
2018-10-09 02:39:00,0.28311524727934057
2018-10-09 02:42:00,0.3249984208858905
2018-10-09 02:45:00,0.33127685411506036
2018-10-09 02:48:00,0.22929018034210458
2018-10-09 02:51:00,0.264830347534712
2018-10-09 02:54:00,0.2683632587718989
2018-10-09 02:57:00,0.34209425358324097
2018-10-09 03:00:00,0.34449442388478246
2018-10-09 03:03:00,0.27428524004699284
2018-10-09 03:06:00,0.262638496348643
2018-10-09 03:09:00,0.3301047143987148
2018-10-09 03:12:00,0.3354517429695534
2018-10-09 03:15:00,0.33322850811237004
2018-10-09 03:18:00,0.19691222643757555
2018-10-09 03:21:00,0.1867705386997045
2018-10-09 03:24:00,0.24802258872369976
2018-10-09 03:27:00,0.3007153702997698
2018-10-09 03:30:00,0.2754697093009213
2018-10-09 03:33:00,0.26280196812928125
2018-10-09 03:36:00,0.2987763806218595
2018-10-09 03:39:00,0.22616462915948432
2018-10-09 03:42:00,0.26577691144370874
2018-10-09 03:45:00,0.3466451314051824
2018-10-09 03:48:00,0.30259679677823215
2018-10-09 03:51:00,0.2097779572810623
2018-10-09 03:54:00,0.34140629361110086
2018-10-09 03:57:00,0.28578044514495105
2018-10-09 04:00:00,0.29817020213658907
2018-10-09 04:03:00,0.23720891895521845
2018-10-09 04:06:00,0.27994268686376245
2018-10-09 04:09:00,0.2904939340786541
2018-10-09 04:12:00,0.3754096907604776
2018-10-09 04:15:00,0.2917944909107746
2018-10-09 04:18:00,0.24557371393609628
2018-10-09 04:21:00,0.3677126470457779
2018-10-09 04:24:00,0.3280290861523554
2018-10-09 04:27:00,0.3444707863272356
2018-10-09 04:30:00,0.26508390095568757
2018-10-09 04:33:00,0.29885149758194984
2018-10-09 04:36:00,0.3029137134325879
2018-10-09 04:39:00,0.35485441717219146
2018-10-09 04:42:00,0.2672043850173509
2018-10-09 04:45:00,0.2835081342966532
2018-10-09 04:48:00,0.24876675373360513
2018-10-09 04:51:00,0.33856358542811904
2018-10-09 04:54:00,0.30448759078882404
2018-10-09 04:57:00,0.3056884821075414
2018-10-09 05:00:00,0.2575475968321257
2018-10-09 05:03:00,0.3492578307802887
2018-10-09 05:06:00,0.23553313952385224
2018-10-09 05:09:00,0.23231714100398904
2018-10-09 05:12:00,0.28748131603180127
2018-10-09 05:15:00,0.23313446748943534
2018-10-09 05:18:00,0.3678110802227934
2018-10-09 05:21:00,0.3211964554184874
2018-10-09 05:24:00,0.23091340557402873
2018-10-09 05:27:00,0.309235941175416
2018-10-09 05:30:00,0.28890614025419836
2018-10-09 05:33:00,0.2728613726132494
2018-10-09 05:36:00,0.3560919803406932
2018-10-09 05:39:00,0.3217318307700907
2018-10-09 05:42:00,0.26224676168646965
2018-10-09 05:45:00,0.29133863424721085
2018-10-09 05:48:00,0.22299947564130207
2018-10-09 05:51:00,0.22953427458861597
2018-10-09 05:54:00,0.28579611323004883
2018-10-09 05:57:00,0.3317983247383154
2018-10-09 06:00:00,0.3277023404497754
2018-10-09 06:03:00,0.29005645508732414
2018-10-09 06:06:00,0.2587153567949372
2018-10-09 06:09:00,0.27221175098645745
2018-10-09 06:12:00,0.28375864182737587
2018-10-09 06:15:00,0.26870895760686153
2018-10-09 06:18:00,0.3039057686281694
2018-10-09 06:21:00,0.1919616583230095
2018-10-09 06:24:00,0.3459996531712477
2018-10-09 06:27:00,0.3134291912341496
2018-10-09 06:30:00,0.20180528837079237
2018-10-09 06:33:00,0.30018093269717383
2018-10-09 06:36:00,0.26109176052671046
2018-10-09 06:39:00,0.2602579282359443
2018-10-09 06:42:00,0.2963421299505171
2018-10-09 06:45:00,0.2242931543476061
2018-10-09 06:48:00,0.2556949564318529
2018-10-09 06:51:00,0.27567457605869095
2018-10-09 06:54:00,0.23200116285062222
2018-10-09 06:57:00,0.1913429615248674
2018-10-09 07:00:00,0.19147934202447914
2018-10-09 07:03:00,0.23539726716097675
2018-10-09 07:06:00,0.21127058701256374
2018-10-09 07:09:00,0.24218556856857276
2018-10-09 07:12:00,0.20083075908763703
2018-10-09 07:15:00,0.25512764898974183
2018-10-09 07:18:00,0.17096656972728397
2018-10-09 07:21:00,0.2151575696189525
2018-10-09 07:24:00,0.2354736540538056
2018-10-09 07:27:00,0.21759130035644603
2018-10-09 07:30:00,0.21457799074232753
2018-10-09 07:33:00,0.2376381974082733
2018-10-09 07:36:00,0.25300889029341533
2018-10-09 07:39:00,0.20657639736805322
2018-10-09 07:42:00,0.2587771456811083
2018-10-09 07:45:00,0.2871618380955283
2018-10-09 07:48:00,0.24915974973743005
2018-10-09 07:51:00,0.2587594035463212
2018-10-09 07:54:00,0.09629744337502189
2018-10-09 07:57:00,0.30726992150982824
2018-10-09 08:00:00,0.31648505449692266
2018-10-09 08:03:00,0.3078069293520116
2018-10-09 08:06:00,0.23121440572901975
2018-10-09 08:09:00,0.21289619012435423
2018-10-09 08:12:00,0.22436646573112284
2018-10-09 08:15:00,0.17548350056034678
2018-10-09 08:18:00,0.11852744250177238
2018-10-09 08:21:00,0.1788888117072247
2018-10-09 08:24:00,0.15223188404581833
2018-10-09 08:27:00,0.1680208785778632
2018-10-09 08:30:00,0.16005667034988846
2018-10-09 08:33:00,0.2793229234883938
2018-10-09 08:36:00,0.14567022063579316
2018-10-09 08:39:00,0.204493997889017
2018-10-09 08:42:00,0.20976952610226363
2018-10-09 08:45:00,0.10902043675832829
2018-10-09 08:48:00,0.10005318220720483
2018-10-09 08:51:00,0.1685792126077672
2018-10-09 08:54:00,0.13034793860174432
2018-10-09 08:57:00,0.15517564604004974
2018-10-09 09:00:00,0.16352097821004463
2018-10-09 09:03:00,0.14916920246361087
2018-10-09 09:06:00,0.11123929299895963
2018-10-09 09:09:00,-0.004483943420950709
2018-10-09 09:12:00,0.08523810274959942
2018-10-09 09:15:00,0.08546763147336378
2018-10-09 09:18:00,0.10617705652032328
2018-10-09 09:21:00,0.15859275767877534
2018-10-09 09:24:00,0.23650112221145037
2018-10-09 09:27:00,0.13387814949294352
2018-10-09 09:30:00,0.12110453630515394
2018-10-09 09:33:00,0.23840228634003324
2018-10-09 09:36:00,0.2588014817800399
2018-10-09 09:39:00,0.34114345702175797
2018-10-09 09:42:00,0.23994675663618636
2018-10-09 09:45:00,0.28015495960022463
2018-10-09 09:48:00,0.11862570509777015
2018-10-09 09:51:00,0.08619873360345309
2018-10-09 09:54:00,0.1873739837346875
2018-10-09 09:57:00,0.1658326007921005
2018-10-09 10:00:00,0.23531268275024786
2018-10-09 10:03:00,0.17465254441037814
2018-10-09 10:06:00,0.11098854830510163
2018-10-09 10:09:00,0.1941061456633406
2018-10-09 10:12:00,0.04635646553839479
2018-10-09 10:15:00,0.14607812337266068
2018-10-09 10:18:00,0.12517162883159472
2018-10-09 10:21:00,0.1052673376916573
2018-10-09 10:24:00,0.06349236770603284
2018-10-09 10:27:00,0.09441166261564149
2018-10-09 10:30:00,0.13148881767665443
2018-10-09 10:33:00,0.13892815219548993
2018-10-09 10:36:00,0.2018618800016725
2018-10-09 10:39:00,0.2320830706522088
2018-10-09 10:42:00,0.19997394865293927
2018-10-09 10:45:00,0.1616707189899671
2018-10-09 10:48:00,0.17092683533252284
2018-10-09 10:51:00,0.2276731388845974
2018-10-09 10:54:00,0.18068036765077977
2018-10-09 10:57:00,0.23782278634286058
2018-10-09 11:00:00,0.06187227235847104
2018-10-09 11:03:00,0.19195111763997375
2018-10-09 11:06:00,0.12147136936027891
2018-10-09 11:09:00,0.20150542203782607
2018-10-09 11:12:00,0.1361202433879498
2018-10-09 11:15:00,0.2449900042258264
2018-10-09 11:18:00,0.3504048943255498
2018-10-09 11:21:00,0.3907045928718844
2018-10-09 11:24:00,0.334581546923971
2018-10-09 11:27:00,0.35998882993220604
2018-10-09 11:30:00,0.3599159373215457
2018-10-09 11:33:00,0.23126423410121788
2018-10-09 11:36:00,0.2247522816247738
2018-10-09 11:39:00,0.3206929190427559
2018-10-09 11:42:00,0.24735907825413506
2018-10-09 11:45:00,0.2739591043382461
2018-10-09 11:48:00,0.12691245768678527
2018-10-09 11:51:00,0.13144198519103156
2018-10-09 11:54:00,0.16014546496649018
2018-10-09 11:57:00,0.16864915543180814
2018-10-09 12:00:00,0.2521423434968142
2018-10-09 12:03:00,0.32159987613647445
2018-10-09 12:06:00,0.29126185246678915
2018-10-09 12:09:00,0.307392558262336
2018-10-09 12:12:00,0.36154705492805306
2018-10-09 12:15:00,0.24764293627572442
2018-10-09 12:18:00,0.25428587673161474
2018-10-09 12:21:00,0.28164349713847514
2018-10-09 12:24:00,0.1375663520639705
2018-10-09 12:27:00,0.20705967057494945
2018-10-09 12:30:00,0.12207687237531673
2018-10-09 12:33:00,0.17256168025829766
2018-10-09 12:36:00,0.17235809811029412
2018-10-09 12:39:00,0.20607285923586005
2018-10-09 12:42:00,0.17278361503417727
2018-10-09 12:45:00,0.20042955277006058
2018-10-09 12:48:00,0.09843261509098511
2018-10-09 12:51:00,0.11014724156473221
2018-10-09 12:54:00,0.08761534896660805
2018-10-09 12:57:00,0.11619039160586908
2018-10-09 13:00:00,0.11111269233879284
2018-10-09 13:03:00,0.2736125112422201
2018-10-09 13:06:00,0.27782737022113224
2018-10-09 13:09:00,0.24134378366693454
2018-10-09 13:12:00,0.2224459536208201
2018-10-09 13:15:00,0.20673965267519634
2018-10-09 13:18:00,0.22211241327966036
2018-10-09 13:21:00,0.23023283834061203
2018-10-09 13:24:00,0.14335262667390225
2018-10-09 13:27:00,0.13905640290909105
2018-10-09 13:30:00,0.1018786948876027
2018-10-09 13:33:00,0.1515212421392107
2018-10-09 13:36:00,0.12949498299678908
2018-10-09 13:39:00,0.20891817365753695
2018-10-09 13:42:00,0.303102795155894
2018-10-09 13:45:00,0.2954783441406903
2018-10-09 13:48:00,0.2750776500249117
2018-10-09 13:51:00,0.28227813364668464
2018-10-09 13:54:00,0.24283327972676716
2018-10-09 13:57:00,0.24133046270787872
2018-10-09 14:00:00,0.3652882650677043
2018-10-09 14:03:00,0.3281803688257696
2018-10-09 14:06:00,0.28648586543556576
2018-10-09 14:09:00,0.08662031110696944
2018-10-09 14:12:00,0.1827473728120026
2018-10-09 14:15:00,0.2662115049995464
2018-10-09 14:18:00,0.2809481224693968
2018-10-09 14:21:00,0.1394474041157423
2018-10-09 14:24:00,0.18359747049129282
2018-10-09 14:27:00,0.08990366031321173
2018-10-09 14:30:00,0.15904090397094706
2018-10-09 14:33:00,0.1466789660796053
2018-10-09 14:36:00,0.125375049051911
2018-10-09 14:39:00,0.19033029938663049
2018-10-09 14:42:00,0.1582921813474627
2018-10-09 14:45:00,0.11308529931733347
2018-10-09 14:48:00,0.17983465939869347
2018-10-09 14:51:00,0.22290952546495646
2018-10-09 14:54:00,0.23857073791464245
2018-10-09 14:57:00,0.2747631905858725
2018-10-09 15:00:00,0.3364773569746262
2018-10-09 15:03:00,0.36393892898774993
2018-10-09 15:06:00,0.3612438586688427
2018-10-09 15:09:00,0.30860142498028154
2018-10-09 15:12:00,0.41014675076598905
2018-10-09 15:15:00,0.44244441116364897
2018-10-09 15:18:00,0.44553669429944875
2018-10-09 15:21:00,0.43833398452147776
2018-10-09 15:24:00,0.5218491455266303
2018-10-09 15:27:00,0.4661623736373599
2018-10-09 15:30:00,0.4254166061701312
2018-10-09 15:33:00,0.3512082530916132
2018-10-09 15:36:00,0.4531474406264806
2018-10-09 15:39:00,0.37396152005476324
2018-10-09 15:42:00,0.36227681411872936
2018-10-09 15:45:00,0.37911414486228523
2018-10-09 15:48:00,0.2585419601409171
2018-10-09 15:51:00,0.22898221282531495
2018-10-09 15:54:00,0.3462927139497083
2018-10-09 15:57:00,0.35411547180603975
2018-10-09 16:00:00,0.34778576116048043
2018-10-09 16:03:00,0.4114037195078595
2018-10-09 16:06:00,0.3914914260448654
2018-10-09 16:09:00,0.4150158255539509
2018-10-09 16:12:00,0.3198097355380014
2018-10-09 16:15:00,0.3356164581388157
2018-10-09 16:18:00,0.33929878347919384
2018-10-09 16:21:00,0.3990343901308506
2018-10-09 16:24:00,0.37472749132763283
2018-10-09 16:27:00,0.4210202978065922
2018-10-09 16:30:00,0.4891600567037244
2018-10-09 16:33:00,0.4933849373793464
2018-10-09 16:36:00,0.44855969677905705
2018-10-09 16:39:00,0.38386315933956894
2018-10-09 16:42:00,0.47869970087924685
2018-10-09 16:45:00,0.46327888748578516
2018-10-09 16:48:00,0.4257024576103845
2018-10-09 16:51:00,0.4323705191026761
2018-10-09 16:54:00,0.4813247648089032
2018-10-09 16:57:00,0.4651425521001329
2018-10-09 17:00:00,0.4804758121674695
2018-10-09 17:03:00,0.44495568777892913
2018-10-09 17:06:00,0.5181607786443578
2018-10-09 17:09:00,0.48050811891226886
2018-10-09 17:12:00,0.5560628025138499
2018-10-09 17:15:00,0.45462447738697165
2018-10-09 17:18:00,0.5076622806107594
2018-10-09 17:21:00,0.4092603562991144
2018-10-09 17:24:00,0.3999707211016812
2018-10-09 17:27:00,0.35322921120598494
2018-10-09 17:30:00,0.3392603986520726
2018-10-09 17:33:00,0.3584164197226869
2018-10-09 17:36:00,0.3358123833412492
2018-10-09 17:39:00,0.3470503165490868
2018-10-09 17:42:00,0.38067755504283696
2018-10-09 17:45:00,0.3572353963812702
2018-10-09 17:48:00,0.3334754855646338
2018-10-09 17:51:00,0.3485932798545832
2018-10-09 17:54:00,0.34443866705544224
2018-10-09 17:57:00,0.31389716840658366
2018-10-09 18:00:00,0.40434240553304335
2018-10-09 18:03:00,0.3409252813176522
2018-10-09 18:06:00,0.3974996866105016
2018-10-09 18:09:00,0.3920217184575563
2018-10-09 18:12:00,0.37859789676753053
2018-10-09 18:15:00,0.4278888899028175
2018-10-09 18:18:00,0.34849621966839095
2018-10-09 18:21:00,0.30364034357364744
2018-10-09 18:24:00,0.2612310298664511
2018-10-09 18:27:00,0.32333490882416527
2018-10-09 18:30:00,0.27156121000314215
2018-10-09 18:33:00,0.26960912723154706
2018-10-09 18:36:00,0.273944491199984
2018-10-09 18:39:00,0.22675199015418457
2018-10-09 18:42:00,0.2751348304137764
2018-10-09 18:45:00,0.3928084983595568
2018-10-09 18:48:00,0.3575278720804249
2018-10-09 18:51:00,0.3157592840746588
2018-10-09 18:54:00,
2018-10-09 18:57:00,
2018-10-09 19:00:00,
2018-10-09 19:03:00,0.29468982464351257
2018-10-09 19:06:00,0.29339078271027574
2018-10-09 19:09:00,0.22906058265198226
2018-10-09 19:12:00,0.283836442480208
2018-10-09 19:15:00,0.2688940590091988
2018-10-09 19:18:00,0.31561218333581564
2018-10-09 19:21:00,0.35597126499459364
2018-10-09 19:24:00,0.47400189544077875
2018-10-09 19:27:00,0.4522221622792131
2018-10-09 19:30:00,0.36236856554893393
2018-10-09 19:33:00,0.370764187684415
2018-10-09 19:36:00,0.4045392815411901
2018-10-09 19:39:00,0.39459082942011037
2018-10-09 19:42:00,0.45187084744503636
2018-10-09 19:45:00,0.3358130065620344
2018-10-09 19:48:00,0.3996086448722167
2018-10-09 19:51:00,0.4402404081686768
2018-10-09 19:54:00,0.4408027731725497
2018-10-09 19:57:00,0.38618988493880124
2018-10-09 20:00:00,0.43728033224135743
2018-10-09 20:03:00,0.5544143401539827
2018-10-09 20:06:00,0.3760928619278161
2018-10-09 20:09:00,0.3490386931590592
2018-10-09 20:12:00,0.445420618335163
2018-10-09 20:15:00,0.43105453419525475
2018-10-09 20:18:00,0.38916941223783397
2018-10-09 20:21:00,0.40057129549035153
2018-10-09 20:24:00,0.38938660157936056
2018-10-09 20:27:00,0.4100797689083606
2018-10-09 20:30:00,0.3226094877203991
2018-10-09 20:33:00,0.38597860418474284
2018-10-09 20:36:00,0.38718187013000716
2018-10-09 20:39:00,0.3954003508602
2018-10-09 20:42:00,0.30581214433783543
2018-10-09 20:45:00,0.2903141795005695
2018-10-09 20:48:00,0.3276703387714974
2018-10-09 20:51:00,0.3347547735675107
2018-10-09 20:54:00,0.29865826225136516
2018-10-09 20:57:00,0.2888127988873066
2018-10-09 21:00:00,0.28767633829795614
2018-10-09 21:03:00,0.30008571293683417
2018-10-09 21:06:00,0.2921931792168948
2018-10-09 21:09:00,0.3051267641175741
2018-10-09 21:12:00,0.2871981443445293
2018-10-09 21:15:00,0.36462250848040867
2018-10-09 21:18:00,0.3439458996431881
2018-10-09 21:21:00,0.3719108499302024
2018-10-09 21:24:00,0.41672860109167686
2018-10-09 21:27:00,0.41947565502727
2018-10-09 21:30:00,0.40682592719861077
2018-10-09 21:33:00,0.3858062344169184
2018-10-09 21:36:00,0.4442722582011811
2018-10-09 21:39:00,0.40184488701544296
2018-10-09 21:42:00,0.3769683466137508
2018-10-09 21:45:00,0.393499858928692
2018-10-09 21:48:00,0.29362097695366174
2018-10-09 21:51:00,0.30552345111863133
2018-10-09 21:54:00,0.4129536923757655
2018-10-09 21:57:00,0.32316857154154377
2018-10-09 22:00:00,0.36091025939225574
2018-10-09 22:03:00,0.22925901535791127
2018-10-09 22:06:00,0.267067591117609
2018-10-09 22:09:00,0.2751093368427746
2018-10-09 22:12:00,0.3241732016373362
2018-10-09 22:15:00,0.2957416940727171
2018-10-09 22:18:00,0.249301579468181
2018-10-09 22:21:00,0.3129083959944978
2018-10-09 22:24:00,0.3472979050535514
2018-10-09 22:27:00,0.31350415052338576
2018-10-09 22:30:00,0.3058733390539601
2018-10-09 22:33:00,0.34355073272615755
2018-10-09 22:36:00,0.36503482051472247
2018-10-09 22:39:00,0.21087430123185413
2018-10-09 22:42:00,0.3020838269289925
2018-10-09 22:45:00,0.3305983025595083
2018-10-09 22:48:00,0.3530164136094527
2018-10-09 22:51:00,0.25686521169802745
2018-10-09 22:54:00,0.32169276842432737
2018-10-09 22:57:00,0.32763240705810404
2018-10-09 23:00:00,0.3277561461609366
2018-10-09 23:03:00,0.33960282455069546
2018-10-09 23:06:00,0.2656163809097052
2018-10-09 23:09:00,0.26062062812928843
2018-10-09 23:12:00,0.36111202320324765
2018-10-09 23:15:00,0.32102510033041654
2018-10-09 23:18:00,0.4452059071536496
2018-10-09 23:21:00,0.3630268739252642
2018-10-09 23:24:00,0.40444306296342347
2018-10-09 23:27:00,0.3398945038670149
2018-10-09 23:30:00,0.3007484768365316
2018-10-09 23:33:00,0.4241533423689816
2018-10-09 23:36:00,0.3789050755923995
2018-10-09 23:39:00,0.3884684624336501
2018-10-09 23:42:00,0.36812026721855773
2018-10-09 23:45:00,0.3768805051094546
2018-10-09 23:48:00,0.4033901825508224
2018-10-09 23:51:00,0.4023573168677217
2018-10-09 23:54:00,0.39753451151619856
2018-10-09 23:57:00,0.3704503697024393
2018-10-10 00:00:00,0.346469603036212
2018-10-10 00:03:00,0.2949693331668186
2018-10-10 00:06:00,0.2801917408954182
2018-10-10 00:09:00,0.327869584809207
2018-10-10 00:12:00,0.32388956518627765
2018-10-10 00:15:00,0.3195167822719327
2018-10-10 00:18:00,0.42404923204634315
2018-10-10 00:21:00,0.4934594051436534
2018-10-10 00:24:00,0.39685456228892235
2018-10-10 00:27:00,0.3928314905729735
2018-10-10 00:30:00,0.40254145471539005
2018-10-10 00:33:00,0.4269376300803742
2018-10-10 00:36:00,0.4197982791506547
2018-10-10 00:39:00,0.4179951631924723
2018-10-10 00:42:00,0.38412852737116054
2018-10-10 00:45:00,0.3014192158884157
2018-10-10 00:48:00,0.35716851606025557
2018-10-10 00:51:00,0.3891747128554357
2018-10-10 00:54:00,0.2828485737576898
2018-10-10 00:57:00,0.3998929992011995
2018-10-10 01:00:00,0.3005312037741419
2018-10-10 01:03:00,0.37253362371268395
2018-10-10 01:06:00,0.31225583151359615
2018-10-10 01:09:00,0.3529832966939921
2018-10-10 01:12:00,0.3611650818032217
2018-10-10 01:15:00,0.33218206250904814
2018-10-10 01:18:00,0.3600732840445744
2018-10-10 01:21:00,0.41847494814589936
2018-10-10 01:24:00,0.3592521738274854
2018-10-10 01:27:00,0.3484500443340721
2018-10-10 01:30:00,0.4444895887410212
2018-10-10 01:33:00,0.37933778581259503
2018-10-10 01:36:00,0.44604737149245466
2018-10-10 01:39:00,0.40024995748359515
2018-10-10 01:42:00,0.3725817008668173
2018-10-10 01:45:00,0.44991118934746055
2018-10-10 01:48:00,0.43882954148142517
2018-10-10 01:51:00,0.3364873095693497
2018-10-10 01:54:00,0.4007753759661341
2018-10-10 01:57:00,0.44655035461960324
2018-10-10 02:00:00,0.4934076105309373
2018-10-10 02:03:00,0.4581014048119414
2018-10-10 02:06:00,0.3857895241767437
2018-10-10 02:09:00,0.3593151046915182
2018-10-10 02:12:00,0.3471222669360827
2018-10-10 02:15:00,0.314596116955272
2018-10-10 02:18:00,0.37275934705712643
2018-10-10 02:21:00,0.39564407166614046
2018-10-10 02:24:00,0.36241655871356215
2018-10-10 02:27:00,0.37228357705623694
2018-10-10 02:30:00,0.39644052398267604
2018-10-10 02:33:00,0.25032633674209137
2018-10-10 02:36:00,0.2848880116031296
2018-10-10 02:39:00,0.3418773700025781
2018-10-10 02:42:00,0.42682179454163816
2018-10-10 02:45:00,0.44283436284467825
2018-10-10 02:48:00,0.44471525112862764
2018-10-10 02:51:00,0.4244595874461652
2018-10-10 02:54:00,0.3344205518990293
2018-10-10 02:57:00,0.40521509186964977
2018-10-10 03:00:00,0.2829205020790937
2018-10-10 03:03:00,0.37383769144656753
2018-10-10 03:06:00,0.3887476688444167
2018-10-10 03:09:00,0.3476131996456502
2018-10-10 03:12:00,0.4917315045414057
2018-10-10 03:15:00,0.3526658339787332
2018-10-10 03:18:00,0.3778522344103976
2018-10-10 03:21:00,0.42469831591932916
2018-10-10 03:24:00,0.27481993581716324
2018-10-10 03:27:00,0.36293247970104403
2018-10-10 03:30:00,0.36390880180891827
2018-10-10 03:33:00,0.3002508209031589
2018-10-10 03:36:00,0.36482656519774537
2018-10-10 03:39:00,0.3645543145815964
2018-10-10 03:42:00,0.3503221537109198
2018-10-10 03:45:00,0.4530810620541388
2018-10-10 03:48:00,0.38698642500389724
2018-10-10 03:51:00,0.3732533946694616
2018-10-10 03:54:00,0.2893876589815818
2018-10-10 03:57:00,0.5771092616118381
2018-10-10 04:00:00,0.4099350647168194
2018-10-10 04:03:00,0.42329219595956147
2018-10-10 04:06:00,0.44418704531858566
2018-10-10 04:09:00,0.37983056266290305
2018-10-10 04:12:00,0.38979280195616184
2018-10-10 04:15:00,0.34865441604819125
2018-10-10 04:18:00,0.34079254097804323
2018-10-10 04:21:00,0.3822195345391606
2018-10-10 04:24:00,0.38389505590151884
2018-10-10 04:27:00,0.34707923376214467
2018-10-10 04:30:00,0.37726937764125523
2018-10-10 04:33:00,0.434453464472881
2018-10-10 04:36:00,0.3680896262400779
2018-10-10 04:39:00,0.30621130858457946
2018-10-10 04:42:00,0.33331975202992226
2018-10-10 04:45:00,0.3552480774670812
2018-10-10 04:48:00,0.27584301175170367
2018-10-10 04:51:00,0.4324283809648932
2018-10-10 04:54:00,0.355064452127408
2018-10-10 04:57:00,0.4049701661977565
2018-10-10 05:00:00,0.4222045935957226
2018-10-10 05:03:00,0.37260428597369355
2018-10-10 05:06:00,0.3051014936995671
2018-10-10 05:09:00,0.3483571814072661
2018-10-10 05:12:00,0.23272282158529833
2018-10-10 05:15:00,0.3612209310828689
2018-10-10 05:18:00,0.40788679442869125
2018-10-10 05:21:00,0.41483219895792445
2018-10-10 05:24:00,0.3963707440681219
2018-10-10 05:27:00,0.36049530887095216
2018-10-10 05:30:00,0.3637967413224601
2018-10-10 05:33:00,0.3516690738069883
2018-10-10 05:36:00,0.44118461459709124
2018-10-10 05:39:00,0.2877349013512003
2018-10-10 05:42:00,0.42981121639718367
2018-10-10 05:45:00,0.32771811213706314
2018-10-10 05:48:00,0.4187165632593519
2018-10-10 05:51:00,0.3561647692496308
2018-10-10 05:54:00,0.3813194880659694
2018-10-10 05:57:00,0.42234579365560876
2018-10-10 06:00:00,0.39210368160161124
2018-10-10 06:03:00,0.44852812093000693
2018-10-10 06:06:00,0.48371315485951527
2018-10-10 06:09:00,0.37858377272624466
2018-10-10 06:12:00,0.4391639237008462
2018-10-10 06:15:00,0.3944301694807564
2018-10-10 06:18:00,0.38528290282255284
2018-10-10 06:21:00,0.3226226438064259
2018-10-10 06:24:00,0.4409501610869597
2018-10-10 06:27:00,0.45206386509158847
2018-10-10 06:30:00,0.39627063245029603
2018-10-10 06:33:00,0.4439375029691064
2018-10-10 06:36:00,0.4626747491245169
2018-10-10 06:39:00,0.4458694813338866
2018-10-10 06:42:00,0.42414837684464146
2018-10-10 06:45:00,0.42578096063397197
2018-10-10 06:48:00,0.5313948708927683
2018-10-10 06:51:00,0.477699439548644
2018-10-10 06:54:00,0.5328214566289375
2018-10-10 06:57:00,0.5440182805966174
2018-10-10 07:00:00,0.5292788502727603
2018-10-10 07:03:00,0.4654877653710514
2018-10-10 07:06:00,0.4432285264609277
2018-10-10 07:09:00,0.44325056370684024
2018-10-10 07:12:00,0.3585499870773674
2018-10-10 07:15:00,0.48651283189377637
2018-10-10 07:18:00,0.34078405429585246
2018-10-10 07:21:00,0.4871005639120085
2018-10-10 07:24:00,0.44359904767179614
2018-10-10 07:27:00,0.4245627472133151
2018-10-10 07:30:00,0.36132781229036937
2018-10-10 07:33:00,0.4328065825080216
2018-10-10 07:36:00,0.3759404365944192
2018-10-10 07:39:00,0.4146391240241769
2018-10-10 07:42:00,0.31790717849207795
2018-10-10 07:45:00,0.3383909844799291
2018-10-10 07:48:00,0.3803267908411385
2018-10-10 07:51:00,0.31194236310545875
2018-10-10 07:54:00,0.3135433200740181
2018-10-10 07:57:00,0.26218399148910976
2018-10-10 08:00:00,0.3161643644452852
2018-10-10 08:03:00,0.30693040181597553
2018-10-10 08:06:00,0.31025607553044665
2018-10-10 08:09:00,0.2659261309468093
2018-10-10 08:12:00,0.31612364324502096
2018-10-10 08:15:00,0.25162919602411193
2018-10-10 08:18:00,0.2608413403179384
2018-10-10 08:21:00,0.22167539811692905
2018-10-10 08:24:00,0.26521987284962734
2018-10-10 08:27:00,0.3135616110605497
2018-10-10 08:30:00,0.3203248080185972
2018-10-10 08:33:00,0.3284144502281947
2018-10-10 08:36:00,0.3072197025710466
2018-10-10 08:39:00,0.3530131067712432
2018-10-10 08:42:00,0.3553722982933323
2018-10-10 08:45:00,0.26896534253626214
2018-10-10 08:48:00,0.22911040688194362
2018-10-10 08:51:00,0.31059930526441804
2018-10-10 08:54:00,0.2625601283135097
2018-10-10 08:57:00,0.29928952174770984
2018-10-10 09:00:00,0.31923432019783604
2018-10-10 09:03:00,0.24399962915850892
2018-10-10 09:06:00,0.28901492178880517
2018-10-10 09:09:00,0.2940678316721801
2018-10-10 09:12:00,0.26955000998486867
2018-10-10 09:15:00,0.24810164146845182
2018-10-10 09:18:00,0.3141133993440235
2018-10-10 09:21:00,0.2765311038965592
2018-10-10 09:24:00,0.25521729623926603
2018-10-10 09:27:00,0.24475107435557675
2018-10-10 09:30:00,0.30530176473672554
2018-10-10 09:33:00,0.19449646574031476
2018-10-10 09:36:00,0.3263884940973867
2018-10-10 09:39:00,0.22062390158004064
2018-10-10 09:42:00,0.21767133628770807
2018-10-10 09:45:00,0.16780101043951845
2018-10-10 09:48:00,0.23494547920620334
2018-10-10 09:51:00,0.23215330116545374
2018-10-10 09:54:00,0.2530077211789603
2018-10-10 09:57:00,0.20604507248543769
2018-10-10 10:00:00,0.2137690514666133
2018-10-10 10:03:00,0.24903840854994996
2018-10-10 10:06:00,0.17781693038904223
2018-10-10 10:09:00,0.18139789547041119
2018-10-10 10:12:00,0.12013432049411676
2018-10-10 10:15:00,0.09321573542194983
2018-10-10 10:18:00,0.05362120573659013
2018-10-10 10:21:00,0.18267592721537085
2018-10-10 10:24:00,0.1648908617793836
2018-10-10 10:27:00,0.16339641390896986
2018-10-10 10:30:00,0.05657432408850127
2018-10-10 10:33:00,0.08072885580668299
2018-10-10 10:36:00,0.11126873717836361
2018-10-10 10:39:00,0.17973131764244954
2018-10-10 10:42:00,0.14751061582342118
2018-10-10 10:45:00,0.2591110981932161
2018-10-10 10:48:00,0.1568938205955419
2018-10-10 10:51:00,0.1725721885508733
2018-10-10 10:54:00,0.17645801851870146
2018-10-10 10:57:00,0.11242324761269629
2018-10-10 11:00:00,0.2225908315068068
2018-10-10 11:03:00,0.13473232646759925
2018-10-10 11:06:00,0.20424029153190304
2018-10-10 11:09:00,0.14449119463358784
2018-10-10 11:12:00,0.14712595877165313
2018-10-10 11:15:00,0.08726116825789632
2018-10-10 11:18:00,0.04991284816554753
2018-10-10 11:21:00,0.0028813252693566938
2018-10-10 11:24:00,0.11942943802893069
2018-10-10 11:27:00,0.0881917277790194
2018-10-10 11:30:00,0.005617684059757266
2018-10-10 11:33:00,0.1220284515738399
2018-10-10 11:36:00,0.0894791537908759
2018-10-10 11:39:00,0.061279745914305295
2018-10-10 11:42:00,0.018110409720691223
2018-10-10 11:45:00,0.08448647884279126
2018-10-10 11:48:00,0.15357690116724143
2018-10-10 11:51:00,0.11110775551981078
2018-10-10 11:54:00,0.1363029329525034
2018-10-10 11:57:00,0.07012399600915842
2018-10-10 12:00:00,-0.05481698707069427
2018-10-10 12:03:00,0.09962653505294838
2018-10-10 12:06:00,-0.13956675681862407
2018-10-10 12:09:00,-0.07496285345922615
2018-10-10 12:12:00,-0.10126214556362356
2018-10-10 12:15:00,-0.05038958423068607
2018-10-10 12:18:00,-0.05127802041465657
2018-10-10 12:21:00,-0.1352158291399519
2018-10-10 12:24:00,-0.0758707923226325
2018-10-10 12:27:00,-0.17940061479350788
2018-10-10 12:30:00,-0.2584047974521013
2018-10-10 12:33:00,-0.305633354569693
2018-10-10 12:36:00,-0.18927284689266344
2018-10-10 12:39:00,-0.20846700023747644
2018-10-10 12:42:00,-0.20044356873222569
2018-10-10 12:45:00,-0.259438557511146
2018-10-10 12:48:00,-0.11914771965172122
2018-10-10 12:51:00,-0.26163898031995814
2018-10-10 12:54:00,-0.17023828333520896
2018-10-10 12:57:00,-0.17316012666788083
2018-10-10 13:00:00,-0.056048129737291674
2018-10-10 13:03:00,0.00972175323505553
2018-10-10 13:06:00,-0.002943195434397694
2018-10-10 13:09:00,-0.11343958828439327
2018-10-10 13:12:00,-0.10059488397200766
2018-10-10 13:15:00,0.019740605244351173
2018-10-10 13:18:00,0.11783185224692261
2018-10-10 13:21:00,0.04136190335282208
2018-10-10 13:24:00,-0.10686932517273817
2018-10-10 13:27:00,-0.03400855657861257
2018-10-10 13:30:00,-0.012487383228631188
2018-10-10 13:33:00,-0.049082210291601314
2018-10-10 13:36:00,0.024903851047042735
2018-10-10 13:39:00,0.002171476246076054
2018-10-10 13:42:00,-0.04494732835621562
2018-10-10 13:45:00,-0.035276562358546926
2018-10-10 13:48:00,-0.08703862470713375
2018-10-10 13:51:00,-0.06999957052096306
2018-10-10 13:54:00,-0.13748138858863967
2018-10-10 13:57:00,-0.1720978211316151
2018-10-10 14:00:00,-0.0634679454777256
2018-10-10 14:03:00,-0.04642626424811169
2018-10-10 14:06:00,0.03566527946679798
2018-10-10 14:09:00,0.11016282638485109
2018-10-10 14:12:00,0.024408017788687175
2018-10-10 14:15:00,0.06571347815145145
2018-10-10 14:18:00,0.07459501498414056
2018-10-10 14:21:00,0.03658513904446181
2018-10-10 14:24:00,0.07484578520984542
2018-10-10 14:27:00,0.10679012251966924
2018-10-10 14:30:00,0.07238676481426864
2018-10-10 14:33:00,0.0736042591602768
2018-10-10 14:36:00,-0.008710771812729945
2018-10-10 14:39:00,0.11575132970847335
2018-10-10 14:42:00,0.046830901660769086
2018-10-10 14:45:00,0.07805017672643544
2018-10-10 14:48:00,0.023589703057041334
2018-10-10 14:51:00,0.11344087025520366
2018-10-10 14:54:00,0.19714071807499067
2018-10-10 14:57:00,0.013569808067131817
2018-10-10 15:00:00,0.001284459921691905
2018-10-10 15:03:00,0.04985533198049552
2018-10-10 15:06:00,0.10607301668892433
2018-10-10 15:09:00,0.18774527490376158
2018-10-10 15:12:00,0.07937198810816426
2018-10-10 15:15:00,0.19124539797815032
2018-10-10 15:18:00,0.21421137533894807
2018-10-10 15:21:00,0.15971304725673008
2018-10-10 15:24:00,0.13688614904549468
2018-10-10 15:27:00,0.02463434384952734
2018-10-10 15:30:00,0.019099885679736417
2018-10-10 15:33:00,0.04841891812969834
2018-10-10 15:36:00,0.048817466549337496
2018-10-10 15:39:00,-0.0075790543500602325
2018-10-10 15:42:00,0.018409922499245113
2018-10-10 15:45:00,-0.03376123842576817
2018-10-10 15:48:00,0.042893308387135676
2018-10-10 15:51:00,0.00842351570804567
2018-10-10 15:54:00,-0.021072175683741534
2018-10-10 15:57:00,-0.026143611791894728
2018-10-10 16:00:00,0.02967975328618877
2018-10-10 16:03:00,-0.04476860287729778
2018-10-10 16:06:00,0.08386958813480305
2018-10-10 16:09:00,0.22096993953522315
2018-10-10 16:12:00,0.331909991295845
2018-10-10 16:15:00,0.3062334166342566
2018-10-10 16:18:00,0.2699286449271199
2018-10-10 16:21:00,0.15410397173855017
2018-10-10 16:24:00,0.29684984203800013
2018-10-10 16:27:00,0.33994914757784045
2018-10-10 16:30:00,0.3800808797838613
2018-10-10 16:33:00,0.3608449902325219
2018-10-10 16:36:00,0.4273539239360389
2018-10-10 16:39:00,0.4058529807521154
2018-10-10 16:42:00,0.3741171270925747
2018-10-10 16:45:00,0.27487521010806404
2018-10-10 16:48:00,0.2873372811845911
2018-10-10 16:51:00,0.33171907784935684
2018-10-10 16:54:00,0.245044991960242
2018-10-10 16:57:00,0.19537631440664427
2018-10-10 17:00:00,0.1559466748456657
2018-10-10 17:03:00,0.20757526388246106
2018-10-10 17:06:00,0.23036304315257894
2018-10-10 17:09:00,0.2439535608129404
2018-10-10 17:12:00,0.19473529992615113
2018-10-10 17:15:00,0.1224098307774284
2018-10-10 17:18:00,0.17581085522823514
2018-10-10 17:21:00,0.1306081065096123
2018-10-10 17:24:00,0.14067473260735142
2018-10-10 17:27:00,0.09072889762541081
2018-10-10 17:30:00,0.16697219738261992
2018-10-10 17:33:00,0.17896992345509943
2018-10-10 17:36:00,0.11404662803204246
2018-10-10 17:39:00,0.09072098286264918
2018-10-10 17:42:00,0.09498556861473162
2018-10-10 17:45:00,0.27785305370417746
2018-10-10 17:48:00,0.17368653337570095
2018-10-10 17:51:00,0.2022787953395664
2018-10-10 17:54:00,0.09586524503163218
2018-10-10 17:57:00,0.11923916046532668
2018-10-10 18:00:00,0.17079710731121622
2018-10-10 18:03:00,0.13817146759612342
2018-10-10 18:06:00,0.07925112172978288
2018-10-10 18:09:00,0.11103306757348719
2018-10-10 18:12:00,0.11981176605962673
2018-10-10 18:15:00,0.15771927483439185
2018-10-10 18:18:00,0.19684757476454706
2018-10-10 18:21:00,0.19526718281417743
2018-10-10 18:24:00,0.2149173677916565
2018-10-10 18:27:00,0.25500829823306503
2018-10-10 18:30:00,0.24307862390105583
2018-10-10 18:33:00,0.262695735033617
2018-10-10 18:36:00,0.10157683642592019
2018-10-10 18:39:00,0.19005660758045906
2018-10-10 18:42:00,0.26495781343430735
2018-10-10 18:45:00,0.22132390205882757
2018-10-10 18:48:00,0.2817242027575162
2018-10-10 18:51:00,0.30204664754444366
2018-10-10 18:54:00,
2018-10-10 18:57:00,
2018-10-10 19:00:00,
2018-10-10 19:03:00,0.14165534299297633
2018-10-10 19:06:00,0.20976792996060567
2018-10-10 19:09:00,0.35060871364845525
2018-10-10 19:12:00,0.49420262910950896
2018-10-10 19:15:00,0.4390156463181256
2018-10-10 19:18:00,0.36137257747850526
2018-10-10 19:21:00,0.385970070453709
2018-10-10 19:24:00,0.3785007585805147
2018-10-10 19:27:00,0.3543581829497384
2018-10-10 19:30:00,0.3383660015450687
2018-10-10 19:33:00,0.3186429348687625
2018-10-10 19:36:00,0.2741012166500809
2018-10-10 19:39:00,0.3322687805767828
2018-10-10 19:42:00,0.3982750115985709
2018-10-10 19:45:00,0.49460009341112254
2018-10-10 19:48:00,0.5038951035789978
2018-10-10 19:51:00,0.38168544071714905
2018-10-10 19:54:00,0.3788341336390886
2018-10-10 19:57:00,0.37761284604022194
2018-10-10 20:00:00,0.4141978941773914
2018-10-10 20:03:00,0.391125128218448
2018-10-10 20:06:00,0.43448291917900406
2018-10-10 20:09:00,0.29226487950046476
2018-10-10 20:12:00,0.35231174631854856
2018-10-10 20:15:00,0.35215772691583425
2018-10-10 20:18:00,0.39968490139762025
2018-10-10 20:21:00,0.38499320330720366
2018-10-10 20:24:00,0.3456111563885429
2018-10-10 20:27:00,0.24374323066274428
2018-10-10 20:30:00,0.30433841808309126
2018-10-10 20:33:00,0.35918427941709297
2018-10-10 20:36:00,0.3258470530282125
2018-10-10 20:39:00,0.27874703547178115
2018-10-10 20:42:00,0.2993346598387916
2018-10-10 20:45:00,0.3784039193490685
2018-10-10 20:48:00,0.3691557274537445
2018-10-10 20:51:00,0.3479702644373788
2018-10-10 20:54:00,0.3388030975718834
2018-10-10 20:57:00,0.3371148929449532
2018-10-10 21:00:00,0.3518891250983529
2018-10-10 21:03:00,0.45843901656979824
2018-10-10 21:06:00,0.40909848962536444
2018-10-10 21:09:00,0.5478041095864796
2018-10-10 21:12:00,0.5132922374039026
2018-10-10 21:15:00,0.3644566463286196
2018-10-10 21:18:00,0.35547341565109036
2018-10-10 21:21:00,0.30214710475604534
2018-10-10 21:24:00,0.3513176544317389
2018-10-10 21:27:00,0.35330639668245567
2018-10-10 21:30:00,0.34432802925749684
2018-10-10 21:33:00,0.31364150024802484
2018-10-10 21:36:00,0.42261429632947056
2018-10-10 21:39:00,0.46474993346242854
2018-10-10 21:42:00,0.37171026420844555
2018-10-10 21:45:00,0.44141844929981744
2018-10-10 21:48:00,0.3613631752050992
2018-10-10 21:51:00,0.4443591027414868
2018-10-10 21:54:00,0.4584894452154913
2018-10-10 21:57:00,0.5387548365990824
2018-10-10 22:00:00,0.4884861493983408
2018-10-10 22:03:00,0.4214818561692937
2018-10-10 22:06:00,0.3801760813477131
2018-10-10 22:09:00,0.3542335241146475
2018-10-10 22:12:00,0.31271251042994663
2018-10-10 22:15:00,0.2828073224425225
2018-10-10 22:18:00,0.3699071548440429
2018-10-10 22:21:00,0.3369905903255699
2018-10-10 22:24:00,0.3550672764361025
2018-10-10 22:27:00,0.29514186475188353
2018-10-10 22:30:00,0.3021208555098269
2018-10-10 22:33:00,0.4204334045591622
2018-10-10 22:36:00,0.34355809596183917
2018-10-10 22:39:00,0.36553023629488735
2018-10-10 22:42:00,0.31722739353415363
2018-10-10 22:45:00,0.3259009891742153
2018-10-10 22:48:00,0.3837936974362606
2018-10-10 22:51:00,0.3952588870514546
2018-10-10 22:54:00,0.3865338533444742
2018-10-10 22:57:00,0.3182416513500925
2018-10-10 23:00:00,0.33930072515551046
2018-10-10 23:03:00,0.48181064636264637
2018-10-10 23:06:00,0.47851632370253583
2018-10-10 23:09:00,0.37076396937345635
2018-10-10 23:12:00,0.3614851119294826
2018-10-10 23:15:00,0.5094028377683912
2018-10-10 23:18:00,0.4817441764326986
2018-10-10 23:21:00,0.5791734994076023
2018-10-10 23:24:00,0.5629198130502004
2018-10-10 23:27:00,0.5588782275702897
2018-10-10 23:30:00,0.43809597812776246
2018-10-10 23:33:00,0.5501755841750651
2018-10-10 23:36:00,0.5316563642076062
2018-10-10 23:39:00,0.5283022917982976
2018-10-10 23:42:00,0.5241713316995629
2018-10-10 23:45:00,0.40816854490054766
2018-10-10 23:48:00,0.5473396894241773
2018-10-10 23:51:00,0.5816810505046988
2018-10-10 23:54:00,0.48750525558097024
2018-10-10 23:57:00,0.5866110351950624
2018-10-11 00:00:00,0.4837867533311737
2018-10-11 00:03:00,0.49474028147375293
2018-10-11 00:06:00,0.5761855877204312
2018-10-11 00:09:00,0.35541022504673947
2018-10-11 00:12:00,0.4118662260964925
2018-10-11 00:15:00,0.4419126517990435
2018-10-11 00:18:00,0.5265886095306769
2018-10-11 00:21:00,0.4057752759397317
2018-10-11 00:24:00,0.45324587231823443
2018-10-11 00:27:00,0.47611894479757666
2018-10-11 00:30:00,0.4202743922947434
2018-10-11 00:33:00,0.40588549735946344
2018-10-11 00:36:00,0.40306490573476594
2018-10-11 00:39:00,0.36635848812846916
2018-10-11 00:42:00,0.3686546719952162
2018-10-11 00:45:00,0.4444335062221967
2018-10-11 00:48:00,0.4621737657666358
2018-10-11 00:51:00,0.4539345102388097
2018-10-11 00:54:00,0.4802457166818499
2018-10-11 00:57:00,0.47759813784870175
2018-10-11 01:00:00,0.5300994632864331
2018-10-11 01:03:00,0.4355676293322972
2018-10-11 01:06:00,0.4716999890993634
2018-10-11 01:09:00,0.4725328047616699
2018-10-11 01:12:00,0.4240558807221646
2018-10-11 01:15:00,0.4542056959692218
2018-10-11 01:18:00,0.49375231302917655
2018-10-11 01:21:00,0.5195624919280135
2018-10-11 01:24:00,0.409669868252422
2018-10-11 01:27:00,0.3886391120886401
2018-10-11 01:30:00,0.29560993186839823
2018-10-11 01:33:00,0.3730061662645312
2018-10-11 01:36:00,0.41722713325486893
2018-10-11 01:39:00,0.3152757468268419
2018-10-11 01:42:00,0.3966368237894926
2018-10-11 01:45:00,0.299489395089779
2018-10-11 01:48:00,0.373346573567062
2018-10-11 01:51:00,0.4438212320344519
2018-10-11 01:54:00,0.468872584034159
2018-10-11 01:57:00,0.5040610628390709
2018-10-11 02:00:00,0.49585891872436605
2018-10-11 02:03:00,0.43484328598896127
2018-10-11 02:06:00,0.4669563050952661
2018-10-11 02:09:00,0.4860311688794354
2018-10-11 02:12:00,0.4567460478108387
2018-10-11 02:15:00,0.4750367021933357
2018-10-11 02:18:00,0.4414857914701429
2018-10-11 02:21:00,0.5828329411384061
2018-10-11 02:24:00,0.6103761090869853
2018-10-11 02:27:00,0.49285576099129
2018-10-11 02:30:00,0.5523815292711447
2018-10-11 02:33:00,0.619858483075518
2018-10-11 02:36:00,0.5368509813668538
2018-10-11 02:39:00,0.47571380649588946
2018-10-11 02:42:00,0.3280658773674645
2018-10-11 02:45:00,0.459369274227754
2018-10-11 02:48:00,0.44554703307369437
2018-10-11 02:51:00,0.479590806440342
2018-10-11 02:54:00,0.4355939314435773
2018-10-11 02:57:00,0.3862502073922087
2018-10-11 03:00:00,0.3491522804192755
2018-10-11 03:03:00,0.30597147307639716
2018-10-11 03:06:00,0.3152457090063763
2018-10-11 03:09:00,0.4672784816066837
2018-10-11 03:12:00,0.4004109419491897
2018-10-11 03:15:00,0.5281061296502116
2018-10-11 03:18:00,0.5770977431960773
2018-10-11 03:21:00,0.6212503965532505
2018-10-11 03:24:00,0.6790742140648831
2018-10-11 03:27:00,0.6236734353577162
2018-10-11 03:30:00,0.6619026273186819
2018-10-11 03:33:00,0.6069513747842734
2018-10-11 03:36:00,0.6421133432037323
2018-10-11 03:39:00,0.7231966977952311
2018-10-11 03:42:00,0.784991203972595
2018-10-11 03:45:00,0.7495746631406064
2018-10-11 03:48:00,0.7523113243479997
2018-10-11 03:51:00,0.7833881955393167
2018-10-11 03:54:00,0.6666165474844092
2018-10-11 03:57:00,0.6434298171174078
2018-10-11 04:00:00,0.7214246033983045
2018-10-11 04:03:00,0.6444648919674592
2018-10-11 04:06:00,0.6614864049551556
2018-10-11 04:09:00,0.5650469037805692
2018-10-11 04:12:00,0.5095304048098797
2018-10-11 04:15:00,0.5102189260260275
2018-10-11 04:18:00,0.5219593097641564
2018-10-11 04:21:00,0.5537526916495494
2018-10-11 04:24:00,0.4979708609014324
2018-10-11 04:27:00,0.5243935829242901
2018-10-11 04:30:00,0.5177253317459645
2018-10-11 04:33:00,0.34484678913258904
2018-10-11 04:36:00,0.5757292220426393
2018-10-11 04:39:00,0.44235117152680914
2018-10-11 04:42:00,0.48928734823164177
2018-10-11 04:45:00,0.47123567496049645
2018-10-11 04:48:00,0.5547256372229867
2018-10-11 04:51:00,0.45711466905231646
2018-10-11 04:54:00,0.5276002849569181
2018-10-11 04:57:00,0.5133649408793985
2018-10-11 05:00:00,0.5418698000098061
2018-10-11 05:03:00,0.4875681022191998
2018-10-11 05:06:00,0.47162485777823804
2018-10-11 05:09:00,0.4373514685273676
2018-10-11 05:12:00,0.4299115067144612
2018-10-11 05:15:00,0.41656719762204375
2018-10-11 05:18:00,0.47077989287049604
2018-10-11 05:21:00,0.4210286244874055
2018-10-11 05:24:00,0.33930270097658877
2018-10-11 05:27:00,0.3867834028094421
2018-10-11 05:30:00,0.4474649498587837
2018-10-11 05:33:00,0.45650661045613106
2018-10-11 05:36:00,0.37515402499980155
2018-10-11 05:39:00,0.3388012806376537
2018-10-11 05:42:00,0.3217847822198223
2018-10-11 05:45:00,0.41734679553570686
2018-10-11 05:48:00,0.3667322758369096
2018-10-11 05:51:00,0.43034440196146306
2018-10-11 05:54:00,0.44465439080386204
2018-10-11 05:57:00,0.46154492586185825
2018-10-11 06:00:00,0.4418835338830718
2018-10-11 06:03:00,0.4017991648375414
2018-10-11 06:06:00,0.41541442359783787
2018-10-11 06:09:00,0.4285472347697237
2018-10-11 06:12:00,0.4662060046565557
2018-10-11 06:15:00,0.5116485602735565
2018-10-11 06:18:00,0.4601593289412449
2018-10-11 06:21:00,0.5091800840229439
2018-10-11 06:24:00,0.4529855721756917
2018-10-11 06:27:00,0.4277347606763442
2018-10-11 06:30:00,0.3753068361432952
2018-10-11 06:33:00,0.3669658591169309
2018-10-11 06:36:00,0.35493709333150036
2018-10-11 06:39:00,0.4627780343500376
2018-10-11 06:42:00,0.3482664335551817
2018-10-11 06:45:00,0.4274541140794099
2018-10-11 06:48:00,0.3834185152739451
2018-10-11 06:51:00,0.39869293218060875
2018-10-11 06:54:00,0.43862093908933275
2018-10-11 06:57:00,0.39020887686893957
2018-10-11 07:00:00,0.4069211007622471
2018-10-11 07:03:00,0.36846707971199066
2018-10-11 07:06:00,0.40044604396518935
2018-10-11 07:09:00,0.3294780413372109
2018-10-11 07:12:00,0.3336748055275507
2018-10-11 07:15:00,0.4136411989123303
2018-10-11 07:18:00,0.4659206045802762
2018-10-11 07:21:00,0.3644790427197222
2018-10-11 07:24:00,0.3684717659480157
2018-10-11 07:27:00,0.46616659452217846
2018-10-11 07:30:00,0.4275972161175332
2018-10-11 07:33:00,0.362805236023803
2018-10-11 07:36:00,0.28203806192419734
2018-10-11 07:39:00,0.41995273902017516
2018-10-11 07:42:00,0.31391251540435405
2018-10-11 07:45:00,0.340273576497907
2018-10-11 07:48:00,0.3411896652887094
2018-10-11 07:51:00,0.28554662085065274
2018-10-11 07:54:00,0.2391047797165129
2018-10-11 07:57:00,0.28939908708684925
2018-10-11 08:00:00,0.3949199449818366
2018-10-11 08:03:00,0.2963187113513186
2018-10-11 08:06:00,0.2772545937486939
2018-10-11 08:09:00,0.36771071286887036
2018-10-11 08:12:00,0.34050715597146564
2018-10-11 08:15:00,0.36966183867644986
2018-10-11 08:18:00,0.33220409218938585
2018-10-11 08:21:00,0.26759034490004296
2018-10-11 08:24:00,0.3632737441129166
2018-10-11 08:27:00,0.38098349699345135
2018-10-11 08:30:00,0.29608859031145585
2018-10-11 08:33:00,0.3088302149811284
2018-10-11 08:36:00,0.24775803278890862
2018-10-11 08:39:00,0.3883026810654542
2018-10-11 08:42:00,0.41863840035728117
2018-10-11 08:45:00,0.35710711680945906
2018-10-11 08:48:00,0.4146805058844052
2018-10-11 08:51:00,0.33477331556480294
2018-10-11 08:54:00,0.4841963096044424
2018-10-11 08:57:00,0.3643391368165112
2018-10-11 09:00:00,0.377823117267269
2018-10-11 09:03:00,0.23427489318584094
2018-10-11 09:06:00,0.27840282417258777
2018-10-11 09:09:00,0.2916246729580507
2018-10-11 09:12:00,0.17654339015433607
2018-10-11 09:15:00,0.2754453631919773
2018-10-11 09:18:00,0.21205571094003517
2018-10-11 09:21:00,0.18885405722011228
2018-10-11 09:24:00,0.22656821972537955
2018-10-11 09:27:00,0.1866617159603834
2018-10-11 09:30:00,0.18509621131011045
2018-10-11 09:33:00,0.16454181797956835
2018-10-11 09:36:00,0.1335851089191351
2018-10-11 09:39:00,0.14831471522916218
2018-10-11 09:42:00,0.10446837186213997
2018-10-11 09:45:00,0.15122360190605377
2018-10-11 09:48:00,0.14053199633127633
2018-10-11 09:51:00,0.19374147780416706
2018-10-11 09:54:00,0.14204302730706786
2018-10-11 09:57:00,0.24197639456264142
2018-10-11 10:00:00,0.17682136340374655
2018-10-11 10:03:00,0.1122819098995933
2018-10-11 10:06:00,0.17058514926355883
2018-10-11 10:09:00,0.16512843258840348
2018-10-11 10:12:00,0.0626791164204974
2018-10-11 10:15:00,0.09547309708585772
2018-10-11 10:18:00,-0.0641680408590446
2018-10-11 10:21:00,0.12073262663284368
2018-10-11 10:24:00,0.12249100798106838
2018-10-11 10:27:00,-0.009987617221156597
2018-10-11 10:30:00,0.10306880046698552
2018-10-11 10:33:00,0.064336311014074
2018-10-11 10:36:00,0.08938792415403896
2018-10-11 10:39:00,0.004058077628087631
2018-10-11 10:42:00,0.12138936056527427
2018-10-11 10:45:00,0.18367472061214585
2018-10-11 10:48:00,0.03176268330219045
2018-10-11 10:51:00,-0.013809153571799015
2018-10-11 10:54:00,0.10059765698122192
2018-10-11 10:57:00,0.014534176453821601
2018-10-11 11:00:00,-0.06248825606320452
2018-10-11 11:03:00,0.05479707169041603
2018-10-11 11:06:00,-0.007793027760840232
2018-10-11 11:09:00,-0.021756091720192217
2018-10-11 11:12:00,-0.038285188680674764
2018-10-11 11:15:00,-0.11489909736496884
2018-10-11 11:18:00,-0.02516663656911078
2018-10-11 11:21:00,-0.11819676789355071
2018-10-11 11:24:00,0.017522667315915896
2018-10-11 11:27:00,-0.16374645168002644
2018-10-11 11:30:00,-0.12051093007812597
2018-10-11 11:33:00,-0.06525147758139838
2018-10-11 11:36:00,-0.09912206341925867
2018-10-11 11:39:00,-0.15443526203165447
2018-10-11 11:42:00,-0.1865192204150503
2018-10-11 11:45:00,-0.1542510278183613
2018-10-11 11:48:00,-0.00877822365390557
2018-10-11 11:51:00,-0.04283865248578422
2018-10-11 11:54:00,-0.18597040070767434
2018-10-11 11:57:00,-0.15447385513897416
2018-10-11 12:00:00,-0.15425366652669936
2018-10-11 12:03:00,-0.2311723458774395
2018-10-11 12:06:00,-0.2392671342118433
2018-10-11 12:09:00,-0.27883218049271363
2018-10-11 12:12:00,-0.22763498247445568
2018-10-11 12:15:00,-0.13301388382183177
2018-10-11 12:18:00,0.020962060415968153
2018-10-11 12:21:00,-0.13269890591163858
2018-10-11 12:24:00,-0.1766914415828751
2018-10-11 12:27:00,-0.16022742046834537
2018-10-11 12:30:00,-0.27277419670178915
2018-10-11 12:33:00,-0.25563554468863003
2018-10-11 12:36:00,-0.27930876627254975
2018-10-11 12:39:00,-0.3497721778660434
2018-10-11 12:42:00,-0.14470219534047146
2018-10-11 12:45:00,-0.11924934119224417
2018-10-11 12:48:00,-0.22457519990780384
2018-10-11 12:51:00,-0.1817485046198044
2018-10-11 12:54:00,-0.19062885479138458
2018-10-11 12:57:00,-0.010488704612100719
2018-10-11 13:00:00,-0.04253027794618447
2018-10-11 13:03:00,-0.0033346960836979633
2018-10-11 13:06:00,-0.021099659983178753
2018-10-11 13:09:00,0.019493699436623046
2018-10-11 13:12:00,-0.08482329821629264
2018-10-11 13:15:00,-0.062051713934124564
2018-10-11 13:18:00,-0.04158562622825457
2018-10-11 13:21:00,-0.11279302220191312
2018-10-11 13:24:00,-0.15952458857873353
2018-10-11 13:27:00,0.08477559638401999
2018-10-11 13:30:00,0.009427335690872951
2018-10-11 13:33:00,0.012331433255724278
2018-10-11 13:36:00,-0.10067907328283354
2018-10-11 13:39:00,-0.13092767516820913
2018-10-11 13:42:00,-0.06329617066347737
2018-10-11 13:45:00,-0.1398553202286621
2018-10-11 13:48:00,-0.12613308301598636
2018-10-11 13:51:00,-0.23193588893411743
2018-10-11 13:54:00,-0.19668665741812674
2018-10-11 13:57:00,-0.27964081615414216
2018-10-11 14:00:00,-0.2290843342443054
2018-10-11 14:03:00,-0.23398967845452034
2018-10-11 14:06:00,-0.17880242226414111
2018-10-11 14:09:00,-0.07130499532638623
2018-10-11 14:12:00,-0.08132883930602475
2018-10-11 14:15:00,-0.0577764808737129
2018-10-11 14:18:00,-0.1515448777967663
2018-10-11 14:21:00,0.021637940468338
2018-10-11 14:24:00,-0.21291808347160668
2018-10-11 14:27:00,-0.20444027027224365
2018-10-11 14:30:00,-0.22173157956581235
2018-10-11 14:33:00,-0.1885327224981097
2018-10-11 14:36:00,-0.3216163029582617
2018-10-11 14:39:00,-0.306154475645144
2018-10-11 14:42:00,-0.3240870921671899
2018-10-11 14:45:00,-0.37480613739006685
2018-10-11 14:48:00,-0.37860762149017546
2018-10-11 14:51:00,-0.2995528686900002
2018-10-11 14:54:00,-0.27007792169422373
2018-10-11 14:57:00,-0.19882202823185935
2018-10-11 15:00:00,-0.1823186407953017
2018-10-11 15:03:00,-0.26599781839030356
2018-10-11 15:06:00,-0.2344639371959829
2018-10-11 15:09:00,-0.2748270968350539
2018-10-11 15:12:00,-0.2025031080070221
2018-10-11 15:15:00,-0.1862433365324705
2018-10-11 15:18:00,-0.25865935144793184
2018-10-11 15:21:00,-0.1943586088700613
2018-10-11 15:24:00,-0.23271015193921585
2018-10-11 15:27:00,-0.27004376190154744
2018-10-11 15:30:00,-0.146229265019997
2018-10-11 15:33:00,-0.10762046164921912
2018-10-11 15:36:00,-0.07152822375047663
2018-10-11 15:39:00,-0.09237645488610724
2018-10-11 15:42:00,-0.026915877000931232
2018-10-11 15:45:00,-0.04534530107332557
2018-10-11 15:48:00,0.03738611944373815
2018-10-11 15:51:00,-0.030948137638915796
2018-10-11 15:54:00,-0.01934587985709868
2018-10-11 15:57:00,-0.04219528095984515
2018-10-11 16:00:00,-0.07021466906923024
2018-10-11 16:03:00,-0.09942726491459553
2018-10-11 16:06:00,-0.06549993921169062
2018-10-11 16:09:00,-0.10911361496010841
2018-10-11 16:12:00,-0.1428040465031586
2018-10-11 16:15:00,-0.08106926581785956
2018-10-11 16:18:00,-0.09569736709784138
2018-10-11 16:21:00,0.0034576140903936903
2018-10-11 16:24:00,0.17563990413714237
2018-10-11 16:27:00,0.12618943391282755
2018-10-11 16:30:00,0.005894264511937308
2018-10-11 16:33:00,0.13088219191070039
2018-10-11 16:36:00,0.2935373971691888
2018-10-11 16:39:00,0.11948903257427901
2018-10-11 16:42:00,0.0021137015141334814
2018-10-11 16:45:00,-0.09683572588664902
2018-10-11 16:48:00,0.02959638058365499
2018-10-11 16:51:00,-0.07060809236821797
2018-10-11 16:54:00,-0.1417957446710716
2018-10-11 16:57:00,-0.13809316881781797
2018-10-11 17:00:00,-0.09844037200531375
2018-10-11 17:03:00,-0.14336938305427793
2018-10-11 17:06:00,-0.09672612405194059
2018-10-11 17:09:00,-0.10842792152573111
2018-10-11 17:12:00,0.010184600328443594
2018-10-11 17:15:00,-0.015111234271898866
2018-10-11 17:18:00,-0.03736272756117387
2018-10-11 17:21:00,-0.16606485563869455
2018-10-11 17:24:00,-0.10997012336787293
2018-10-11 17:27:00,-0.07281775861599726
2018-10-11 17:30:00,0.0013545539746928625
2018-10-11 17:33:00,-0.10289655055123603
2018-10-11 17:36:00,-0.07974298972101224
2018-10-11 17:39:00,-0.15673185538611278
2018-10-11 17:42:00,-0.0006688328198265481
2018-10-11 17:45:00,-0.03669252740559159
2018-10-11 17:48:00,-0.08419928757922435
2018-10-11 17:51:00,-0.014553523751203556
2018-10-11 17:54:00,-0.03904287115818761
2018-10-11 17:57:00,-0.017950873004679124
2018-10-11 18:00:00,-0.006143916781468306
2018-10-11 18:03:00,-0.02022115131899227
2018-10-11 18:06:00,0.00535534544934535
2018-10-11 18:09:00,-0.00028687027247542574
2018-10-11 18:12:00,-0.01438950790736726
2018-10-11 18:15:00,0.04199849015384416
2018-10-11 18:18:00,0.05824742223637713
2018-10-11 18:21:00,0.15910577471487386
2018-10-11 18:24:00,0.15357044605349301
2018-10-11 18:27:00,0.21543001740275258
2018-10-11 18:30:00,0.17451198656686984
2018-10-11 18:33:00,0.1565610221238103
2018-10-11 18:36:00,0.23509753636932373
2018-10-11 18:39:00,0.2850839219016166
2018-10-11 18:42:00,0.2771540549443898
2018-10-11 18:45:00,0.06869145794291853
2018-10-11 18:48:00,0.11175023392132744
2018-10-11 18:51:00,0.18337984303224175
2018-10-11 18:54:00,
2018-10-11 18:57:00,
2018-10-11 19:00:00,
2018-10-11 19:03:00,0.03977192516680361
2018-10-11 19:06:00,0.008253162470339248
2018-10-11 19:09:00,0.013164914527351357
2018-10-11 19:12:00,0.055531849379178766
2018-10-11 19:15:00,0.13757137526255292
2018-10-11 19:18:00,-0.028158964452245527
2018-10-11 19:21:00,0.07644357204134167
2018-10-11 19:24:00,0.09443970646316302
2018-10-11 19:27:00,0.04591444898761665
2018-10-11 19:30:00,0.07636860015117009
2018-10-11 19:33:00,0.1016151563120502
2018-10-11 19:36:00,0.033113152579915095
2018-10-11 19:39:00,0.04704634754551762
2018-10-11 19:42:00,0.15374024780129503
2018-10-11 19:45:00,0.050410372769931655
2018-10-11 19:48:00,0.12031142448012133
2018-10-11 19:51:00,0.12663795549707402
2018-10-11 19:54:00,0.11861718206631622
2018-10-11 19:57:00,0.17653539553640485
2018-10-11 20:00:00,0.2125234839097061
2018-10-11 20:03:00,0.04298253510063432
2018-10-11 20:06:00,0.05243155643768205
2018-10-11 20:09:00,0.08086257654542806
2018-10-11 20:12:00,0.1384548941656476
2018-10-11 20:15:00,0.08330035581968787
2018-10-11 20:18:00,0.05460392181083762
2018-10-11 20:21:00,0.07329136111718526
2018-10-11 20:24:00,-0.007648926704518999
2018-10-11 20:27:00,0.09633737872002257
2018-10-11 20:30:00,0.09607444818954036
2018-10-11 20:33:00,0.05690913602563796
2018-10-11 20:36:00,0.030255027079647334
2018-10-11 20:39:00,0.04909480076321415
2018-10-11 20:42:00,0.1664893214194194
2018-10-11 20:45:00,0.12110100242296085
2018-10-11 20:48:00,-0.018305283436006903
2018-10-11 20:51:00,0.07694103023766274
2018-10-11 20:54:00,0.07522585797983083
2018-10-11 20:57:00,0.15774545979752475
2018-10-11 21:00:00,0.08816906289558801
2018-10-11 21:03:00,0.13148347613656597
2018-10-11 21:06:00,0.20799648320894448
2018-10-11 21:09:00,0.10092028230059213
2018-10-11 21:12:00,0.13343235350339455
2018-10-11 21:15:00,0.08288207153890426
2018-10-11 21:18:00,-0.00029407114112700583
2018-10-11 21:21:00,0.1022337613329114
2018-10-11 21:24:00,0.05276584635396375
2018-10-11 21:27:00,0.07997340458166491
2018-10-11 21:30:00,0.0866787319201876
2018-10-11 21:33:00,0.17185711638904877
2018-10-11 21:36:00,0.1579196299207979
2018-10-11 21:39:00,0.09718451710563158
2018-10-11 21:42:00,0.07960899422613466
2018-10-11 21:45:00,0.11859114357872613
2018-10-11 21:48:00,0.12125846629248827
2018-10-11 21:51:00,0.1259266238301393
2018-10-11 21:54:00,0.08243436024827133
2018-10-11 21:57:00,0.11169358777164007
2018-10-11 22:00:00,0.05684300973422296
2018-10-11 22:03:00,0.10771397401140348
2018-10-11 22:06:00,0.1831454559192025
2018-10-11 22:09:00,0.12344563240588968
2018-10-11 22:12:00,0.17130195982150553
2018-10-11 22:15:00,0.15431447903495155
2018-10-11 22:18:00,0.1598485318381222
2018-10-11 22:21:00,0.11369480470557392
2018-10-11 22:24:00,0.08033779879559688
2018-10-11 22:27:00,0.16707757304197912
2018-10-11 22:30:00,0.17239765849177502
2018-10-11 22:33:00,0.18870335733680577
2018-10-11 22:36:00,0.16198926926341528
2018-10-11 22:39:00,0.0559744496954977
2018-10-11 22:42:00,0.09642386305415585
2018-10-11 22:45:00,0.13131328817797794
2018-10-11 22:48:00,0.11575034508922499
2018-10-11 22:51:00,0.1511311917526541
2018-10-11 22:54:00,0.1667318766890844
2018-10-11 22:57:00,0.11892020494451572
2018-10-11 23:00:00,0.14293306442510811
2018-10-11 23:03:00,0.16684788862386313
2018-10-11 23:06:00,0.14879759368614032
2018-10-11 23:09:00,0.051624429499781854
2018-10-11 23:12:00,0.12297890562695102
2018-10-11 23:15:00,0.1852774757059592
2018-10-11 23:18:00,0.2074242035421321
2018-10-11 23:21:00,0.21666237343828243
2018-10-11 23:24:00,0.14360191830263602
2018-10-11 23:27:00,0.1721397514843943
2018-10-11 23:30:00,0.15746848065242602
2018-10-11 23:33:00,0.18230073206649422
2018-10-11 23:36:00,0.22790202779452784
2018-10-11 23:39:00,0.20201416490459678
2018-10-11 23:42:00,0.26033630071759717
2018-10-11 23:45:00,0.2818865596236151
2018-10-11 23:48:00,0.20419047990151284
2018-10-11 23:51:00,0.25136383514177396
2018-10-11 23:54:00,0.25330574475276535
2018-10-11 23:57:00,0.25472295406331114
2018-10-12 00:00:00,0.15700715010035537
2018-10-12 00:03:00,0.2775033773083351
2018-10-12 00:06:00,0.24057364563071815
2018-10-12 00:09:00,0.13967877406940943
2018-10-12 00:12:00,0.21121420902886712
2018-10-12 00:15:00,0.1621961905971716
2018-10-12 00:18:00,0.21338559711239213
2018-10-12 00:21:00,0.24579022326167888
2018-10-12 00:24:00,0.24924300494723184
2018-10-12 00:27:00,0.12712561844824677
2018-10-12 00:30:00,0.1495177697115082
2018-10-12 00:33:00,0.29199118582442907
2018-10-12 00:36:00,0.22484303839394215
2018-10-12 00:39:00,0.14788612334382378
2018-10-12 00:42:00,0.2568482214217056
2018-10-12 00:45:00,0.20799054323151722
2018-10-12 00:48:00,0.25765565110100397
2018-10-12 00:51:00,0.32221964615791876
2018-10-12 00:54:00,0.40356926876779653
2018-10-12 00:57:00,0.27757009795459453
2018-10-12 01:00:00,0.3052755520312189
2018-10-12 01:03:00,0.28555956209919486
2018-10-12 01:06:00,0.3460769628625826
2018-10-12 01:09:00,0.3174654736952789
2018-10-12 01:12:00,0.2825700901963728
2018-10-12 01:15:00,0.5213927993933112
2018-10-12 01:18:00,0.36550888522288005
2018-10-12 01:21:00,0.4646149220531015
2018-10-12 01:24:00,0.4742198378373246
2018-10-12 01:27:00,0.4611071490160157
2018-10-12 01:30:00,0.49300478248636637
2018-10-12 01:33:00,0.47561144435621827
2018-10-12 01:36:00,0.4370528020104416
2018-10-12 01:39:00,0.39937164348913257
2018-10-12 01:42:00,0.49929857938684563
2018-10-12 01:45:00,0.37511784706475737
2018-10-12 01:48:00,0.4391823495122935
2018-10-12 01:51:00,0.3735729676621986
2018-10-12 01:54:00,0.4241560675367282
2018-10-12 01:57:00,0.4037489607617317
2018-10-12 02:00:00,0.4450967644327761
2018-10-12 02:03:00,0.5494436358518442
2018-10-12 02:06:00,0.48979962030125535
2018-10-12 02:09:00,0.4206908442974395
2018-10-12 02:12:00,0.5781151559172599
2018-10-12 02:15:00,0.5407326616592059
2018-10-12 02:18:00,0.49343250529852867
2018-10-12 02:21:00,0.5334269027703726
2018-10-12 02:24:00,0.46252830078657325
2018-10-12 02:27:00,0.5220259507635205
2018-10-12 02:30:00,0.5018732760009357
2018-10-12 02:33:00,0.4863822169140235
2018-10-12 02:36:00,0.5231618819815935
2018-10-12 02:39:00,0.4518013302699728
2018-10-12 02:42:00,0.48872320901540434
2018-10-12 02:45:00,0.44964664277614474
2018-10-12 02:48:00,0.42278580254122744
2018-10-12 02:51:00,0.30971476782190166
2018-10-12 02:54:00,0.34943676512142474
2018-10-12 02:57:00,0.3360630348691416
2018-10-12 03:00:00,0.46025584479525605
2018-10-12 03:03:00,0.3758083594122468
2018-10-12 03:06:00,0.4104555211932279
2018-10-12 03:09:00,0.4304694040953905
2018-10-12 03:12:00,0.4693569134610698
2018-10-12 03:15:00,0.41983293786131526
2018-10-12 03:18:00,0.39266934227953243
2018-10-12 03:21:00,0.4211061933694964
2018-10-12 03:24:00,0.4677236348042584
2018-10-12 03:27:00,0.36093030905414025
2018-10-12 03:30:00,0.33501780052790764
2018-10-12 03:33:00,0.3930956713958267
2018-10-12 03:36:00,0.4259034047295245
2018-10-12 03:39:00,0.4221972204000508
2018-10-12 03:42:00,0.37455752397215747
2018-10-12 03:45:00,0.3912911324652555
2018-10-12 03:48:00,0.43961458801061326
2018-10-12 03:51:00,0.3547834827789984
2018-10-12 03:54:00,0.4208217270140153
2018-10-12 03:57:00,0.43995728840508264
2018-10-12 04:00:00,0.43710970718206
2018-10-12 04:03:00,0.40691871703751303
2018-10-12 04:06:00,0.39569820271202616
2018-10-12 04:09:00,0.41953039192054575
2018-10-12 04:12:00,0.3834948981329944
2018-10-12 04:15:00,0.4503205381192288
2018-10-12 04:18:00,0.42785902180850144
2018-10-12 04:21:00,0.36895170892626084
2018-10-12 04:24:00,0.37162257500057194
2018-10-12 04:27:00,0.3791192712432121
2018-10-12 04:30:00,0.4229992691352322
2018-10-12 04:33:00,0.3489721129222403
2018-10-12 04:36:00,0.42489516780415215
2018-10-12 04:39:00,0.4608539483679692
2018-10-12 04:42:00,0.4088456578801356
2018-10-12 04:45:00,0.37067054526534093
2018-10-12 04:48:00,0.3521241963646844
2018-10-12 04:51:00,0.3621537129263288
2018-10-12 04:54:00,0.3978458793588402
2018-10-12 04:57:00,0.40929045844495704
2018-10-12 05:00:00,0.46244652401179565
2018-10-12 05:03:00,0.3930578311135946
2018-10-12 05:06:00,0.34498980067081675
2018-10-12 05:09:00,0.3278968939453648
2018-10-12 05:12:00,0.41998857704555803
2018-10-12 05:15:00,0.4091057852953668
2018-10-12 05:18:00,0.2529489133861489
2018-10-12 05:21:00,0.3872024004051582
2018-10-12 05:24:00,0.32930564926545003
2018-10-12 05:27:00,0.378827982384621
2018-10-12 05:30:00,0.3025569309876346
2018-10-12 05:33:00,0.3643220442589836
2018-10-12 05:36:00,0.36385071095151034
2018-10-12 05:39:00,0.3760858461263865
2018-10-12 05:42:00,0.3088908174058247
2018-10-12 05:45:00,0.31458981484223614
2018-10-12 05:48:00,0.3273781512974665
2018-10-12 05:51:00,0.4721194110328497
2018-10-12 05:54:00,0.3488129490671099
2018-10-12 05:57:00,0.3712375853245362
2018-10-12 06:00:00,0.3766026756403562
2018-10-12 06:03:00,0.26913508101966954
2018-10-12 06:06:00,0.31326796891488584
2018-10-12 06:09:00,0.29786961093543596
2018-10-12 06:12:00,0.34609829171029105
2018-10-12 06:15:00,0.3683652324646687
2018-10-12 06:18:00,0.4888428350073468
2018-10-12 06:21:00,0.3949806937914673
2018-10-12 06:24:00,0.380490960563975
2018-10-12 06:27:00,0.3439716496812366
2018-10-12 06:30:00,0.39492842380457205
2018-10-12 06:33:00,0.37409717899748784
2018-10-12 06:36:00,0.3617285912932857
2018-10-12 06:39:00,0.4413079090909946
2018-10-12 06:42:00,0.3316859624036397
2018-10-12 06:45:00,0.26833072285074877
2018-10-12 06:48:00,0.3773841300582035
2018-10-12 06:51:00,0.300544174996503
2018-10-12 06:54:00,0.2799172059303032
2018-10-12 06:57:00,0.2701215526799956
2018-10-12 07:00:00,0.2709396054396507
2018-10-12 07:03:00,0.34452984323053215
2018-10-12 07:06:00,0.2869923278718147
2018-10-12 07:09:00,0.34957912708858885
2018-10-12 07:12:00,0.3209154173919728
2018-10-12 07:15:00,0.3293643609620176
2018-10-12 07:18:00,0.27477912416742356
2018-10-12 07:21:00,0.26038512646516665
2018-10-12 07:24:00,0.15846942956318344
2018-10-12 07:27:00,0.24976658757788073
2018-10-12 07:30:00,0.2550417322852354
2018-10-12 07:33:00,0.18545428370185846
2018-10-12 07:36:00,0.22024492466294987
2018-10-12 07:39:00,0.27148406574491446
2018-10-12 07:42:00,0.2595223941849554
2018-10-12 07:45:00,0.32453398531009725
2018-10-12 07:48:00,0.27866186910569013
2018-10-12 07:51:00,0.12871441517341964
2018-10-12 07:54:00,0.22133963735825546
2018-10-12 07:57:00,0.19830677730840307
2018-10-12 08:00:00,0.26472353301522844
2018-10-12 08:03:00,0.22750456404043007
2018-10-12 08:06:00,0.30489448265365127
2018-10-12 08:09:00,0.30432556372716135
2018-10-12 08:12:00,0.2074686964350576
2018-10-12 08:15:00,0.3617643607386185
2018-10-12 08:18:00,0.15775099814777604
2018-10-12 08:21:00,0.20638281993910823
2018-10-12 08:24:00,0.2810826362480725
2018-10-12 08:27:00,0.08445577306872565
2018-10-12 08:30:00,0.24721390152075173
2018-10-12 08:33:00,0.20440904387186265
2018-10-12 08:36:00,0.16072528410813902
2018-10-12 08:39:00,0.13570732650617856
2018-10-12 08:42:00,0.23298460823571077
2018-10-12 08:45:00,0.2033253207719099
2018-10-12 08:48:00,0.1882173949449566
2018-10-12 08:51:00,0.14506143302037344
2018-10-12 08:54:00,0.08132336310183064
2018-10-12 08:57:00,0.23051304783137994
2018-10-12 09:00:00,0.026327157995638117
2018-10-12 09:03:00,0.16282847317324922
2018-10-12 09:06:00,0.17921731554099551
2018-10-12 09:09:00,0.17428719830428463
2018-10-12 09:12:00,0.20073152185710796
2018-10-12 09:15:00,0.10958244435045117
2018-10-12 09:18:00,0.10988861035974651
2018-10-12 09:21:00,0.064957632478297
2018-10-12 09:24:00,0.062455467723793845
2018-10-12 09:27:00,-0.031677747455717054
2018-10-12 09:30:00,0.15555880039255499
2018-10-12 09:33:00,0.07216305693941649
2018-10-12 09:36:00,0.03693786887066608
2018-10-12 09:39:00,0.05537209852752767
2018-10-12 09:42:00,0.12354830151173246
2018-10-12 09:45:00,0.1288272425574064
2018-10-12 09:48:00,0.09482595870400701
2018-10-12 09:51:00,0.044964767821170426
2018-10-12 09:54:00,0.1108482478972519
2018-10-12 09:57:00,0.03702875496367142
2018-10-12 10:00:00,0.12734038152564153
2018-10-12 10:03:00,0.09846583012415522
2018-10-12 10:06:00,0.1677858011544231
2018-10-12 10:09:00,0.006418908054456551
2018-10-12 10:12:00,0.026634236672350653
2018-10-12 10:15:00,0.021496585076647534
2018-10-12 10:18:00,0.02062265364781979
2018-10-12 10:21:00,0.03413810820393337
2018-10-12 10:24:00,0.05773644095251029
2018-10-12 10:27:00,0.10501594619785237
2018-10-12 10:30:00,0.05118387732989049
2018-10-12 10:33:00,-0.06850005575745399
2018-10-12 10:36:00,-0.0018809375808359619
2018-10-12 10:39:00,0.0960728202310861
2018-10-12 10:42:00,0.007856614723777966
2018-10-12 10:45:00,0.12707195539411487
2018-10-12 10:48:00,0.14580583754224108
2018-10-12 10:51:00,0.19525022804140235
2018-10-12 10:54:00,0.14631305961353291
2018-10-12 10:57:00,0.09930133657917395
2018-10-12 11:00:00,0.16082621822215515
2018-10-12 11:03:00,0.07751357837838668
2018-10-12 11:06:00,0.12176810152823236
2018-10-12 11:09:00,0.09391170390938441
2018-10-12 11:12:00,0.043586838263706795
2018-10-12 11:15:00,-0.03389602555984084
2018-10-12 11:18:00,-0.028994555754877638
2018-10-12 11:21:00,0.060166635730581675
2018-10-12 11:24:00,0.049397293987055946
2018-10-12 11:27:00,-0.028092306087614816
2018-10-12 11:30:00,0.10289119546820302
2018-10-12 11:33:00,-0.017012042232011026
2018-10-12 11:36:00,-0.041583173895105574
2018-10-12 11:39:00,0.013945838827396528
2018-10-12 11:42:00,0.004370991561188475
2018-10-12 11:45:00,-0.05483673160915714
2018-10-12 11:48:00,-0.025255584016179
2018-10-12 11:51:00,0.06424286749580688
2018-10-12 11:54:00,0.06503519811229808
2018-10-12 11:57:00,-0.00016160708241841348
2018-10-12 12:00:00,0.0004185568204206902
2018-10-12 12:03:00,-0.07320136651122766
2018-10-12 12:06:00,0.018992194586701316
2018-10-12 12:09:00,0.18904218641381476
2018-10-12 12:12:00,0.14289999262155106
2018-10-12 12:15:00,0.11458190386446176
2018-10-12 12:18:00,-0.010569988448310141
2018-10-12 12:21:00,0.22126611860079493
2018-10-12 12:24:00,0.2908457470657595
2018-10-12 12:27:00,0.18130719465227685
2018-10-12 12:30:00,0.11723130355375133
2018-10-12 12:33:00,0.07769961190700769
2018-10-12 12:36:00,-0.03293713017541222
2018-10-12 12:39:00,-0.03998367852733509
2018-10-12 12:42:00,-0.041369168120695576
2018-10-12 12:45:00,-0.03052722348854786
2018-10-12 12:48:00,-0.11804080477605794
2018-10-12 12:51:00,-0.2584605205913135
2018-10-12 12:54:00,-0.0866834303681685
2018-10-12 12:57:00,-0.0036893316119517294
2018-10-12 13:00:00,-0.025657918424030868
2018-10-12 13:03:00,0.03937735326655911
2018-10-12 13:06:00,0.09163187917113191
2018-10-12 13:09:00,0.11980381453196287
2018-10-12 13:12:00,-0.012438605438546801
2018-10-12 13:15:00,0.04781868444729298
2018-10-12 13:18:00,-0.10188320233220338
2018-10-12 13:21:00,-0.08753901549795273
2018-10-12 13:24:00,0.016476292361403466
2018-10-12 13:27:00,0.13084799376400724
2018-10-12 13:30:00,-0.05466156129210731
2018-10-12 13:33:00,0.017776260700941293
2018-10-12 13:36:00,-0.05868771774959214
2018-10-12 13:39:00,-0.09108990692169527
2018-10-12 13:42:00,-0.05074607385154195
2018-10-12 13:45:00,-0.11640366220331089
2018-10-12 13:48:00,-0.11862707386438842
2018-10-12 13:51:00,-0.10161692263602617
2018-10-12 13:54:00,-0.039864180000222404
2018-10-12 13:57:00,-0.0660277590008036
2018-10-12 14:00:00,-0.19745330860689592
2018-10-12 14:03:00,-0.02794178624498045
2018-10-12 14:06:00,0.03682210460448232
2018-10-12 14:09:00,0.04160781510358902
2018-10-12 14:12:00,-0.024099179372683466
2018-10-12 14:15:00,0.012592136193234182
2018-10-12 14:18:00,-0.044989019637284855
2018-10-12 14:21:00,-0.08411266206712753
2018-10-12 14:24:00,-0.1150020099281619
2018-10-12 14:27:00,-0.2436234782380211
2018-10-12 14:30:00,-0.30498559498016675
2018-10-12 14:33:00,-0.2570232103445278
2018-10-12 14:36:00,-0.23612040966992254
2018-10-12 14:39:00,-0.29184689443366096
2018-10-12 14:42:00,-0.24237115166511103
2018-10-12 14:45:00,-0.24937715253184933
2018-10-12 14:48:00,-0.26490241985561624
2018-10-12 14:51:00,-0.3406052972799216
2018-10-12 14:54:00,-0.3447861794478513
2018-10-12 14:57:00,-0.2111004708988844
2018-10-12 15:00:00,-0.2512132313416373
2018-10-12 15:03:00,-0.15557458336269292
2018-10-12 15:06:00,-0.2809390073682039
2018-10-12 15:09:00,-0.2390069370231913
2018-10-12 15:12:00,-0.2006083442433919
2018-10-12 15:15:00,-0.1452036739393634
2018-10-12 15:18:00,-0.13677381114467835
2018-10-12 15:21:00,-0.16332950424913406
2018-10-12 15:24:00,-0.15729020123569626
2018-10-12 15:27:00,-0.19344118765991425
2018-10-12 15:30:00,-0.21697397992676315
2018-10-12 15:33:00,-0.11511934249722344
2018-10-12 15:36:00,-0.17420610306442086
2018-10-12 15:39:00,-0.06598418859641697
2018-10-12 15:42:00,0.011095398178099458
2018-10-12 15:45:00,-0.1617490438599134
2018-10-12 15:48:00,-0.0707495937300564
2018-10-12 15:51:00,-0.1487625981754377
2018-10-12 15:54:00,-0.20098954989413187
2018-10-12 15:57:00,-0.24129977162311889
2018-10-12 16:00:00,-0.21274631073771388
2018-10-12 16:03:00,-0.22237508821478968
2018-10-12 16:06:00,-0.27869896370958713
2018-10-12 16:09:00,-0.2178952315585434
2018-10-12 16:12:00,-0.13739403587055676
2018-10-12 16:15:00,-0.16139806017679348
2018-10-12 16:18:00,-0.14105113006496595
2018-10-12 16:21:00,-0.1489087741200592
2018-10-12 16:24:00,-0.23394824352271826
2018-10-12 16:27:00,-0.1691236931530966
2018-10-12 16:30:00,-0.2473931719389384
2018-10-12 16:33:00,-0.28451253648637476
2018-10-12 16:36:00,-0.15618246789870227
2018-10-12 16:39:00,-0.10039367216228356
2018-10-12 16:42:00,-0.1682068191852295
2018-10-12 16:45:00,-0.23552083758909248
2018-10-12 16:48:00,-0.13609583993269325
2018-10-12 16:51:00,-0.1257650627703697
2018-10-12 16:54:00,-0.13253844483188004
2018-10-12 16:57:00,-0.0424203463872459
2018-10-12 17:00:00,-0.1424229562560413
2018-10-12 17:03:00,-0.10625622271595603
2018-10-12 17:06:00,-0.09683098280549984
2018-10-12 17:09:00,-0.11390688236048163
2018-10-12 17:12:00,-0.12201023199952488
2018-10-12 17:15:00,-0.1139649367689799
2018-10-12 17:18:00,-0.09091657445992496
2018-10-12 17:21:00,-0.08950091327443488
2018-10-12 17:24:00,-0.16649034883255354
2018-10-12 17:27:00,-0.19969811385152525
2018-10-12 17:30:00,-0.21337840266244257
2018-10-12 17:33:00,-0.20499609311235645
2018-10-12 17:36:00,-0.21706086080428122
2018-10-12 17:39:00,-0.21716833442422967
2018-10-12 17:42:00,-0.20793924368211947
2018-10-12 17:45:00,-0.15061151593801014
2018-10-12 17:48:00,-0.21279472180384573
2018-10-12 17:51:00,-0.21237962432405766
2018-10-12 17:54:00,-0.18656128054675492
2018-10-12 17:57:00,-0.19960813179926618
2018-10-12 18:00:00,-0.16589504529127908
2018-10-12 18:03:00,-0.12841017922454512
2018-10-12 18:06:00,-0.13717274081710684
2018-10-12 18:09:00,-0.030524052574094185
2018-10-12 18:12:00,0.013174239517070419
2018-10-12 18:15:00,0.030659644608590497
2018-10-12 18:18:00,-0.05655371693859479
2018-10-12 18:21:00,-0.07216313144925834
2018-10-12 18:24:00,-0.14050376087408267
2018-10-12 18:27:00,-0.10608917829887332
2018-10-12 18:30:00,-0.08359109413510168
2018-10-12 18:33:00,-0.1087625342987053
2018-10-12 18:36:00,-0.0493281811488373
2018-10-12 18:39:00,-0.021138800603011987
2018-10-12 18:42:00,-0.025930636351233716
2018-10-12 18:45:00,-0.03982223246970307
2018-10-12 18:48:00,-0.04142517059136708
2018-10-12 18:51:00,0.03531874885396746
2018-10-12 18:54:00,0.05815082390148518
2018-10-12 18:57:00,-0.03750749223922867
2018-10-12 19:00:00,0.08226719375727498
2018-10-12 19:03:00,0.004576619029080575
2018-10-12 19:06:00,0.09633689797561829
2018-10-12 19:09:00,0.09686236922533453
2018-10-12 19:12:00,0.03747932037560986
2018-10-12 19:15:00,0.04572573687869408
2018-10-12 19:18:00,0.05156413089895295
2018-10-12 19:21:00,0.13830018260762245
2018-10-12 19:24:00,0.03257205881590153
2018-10-12 19:27:00,0.07462089493640178
2018-10-12 19:30:00,0.11686463770877253
2018-10-12 19:33:00,0.17885975202648297
2018-10-12 19:36:00,0.19672634916213383
2018-10-12 19:39:00,0.17068099245005897
2018-10-12 19:42:00,0.14168887972465427
2018-10-12 19:45:00,0.13434369163661586
2018-10-12 19:48:00,0.23091209182518924
2018-10-12 19:51:00,0.14616344121304792
2018-10-12 19:54:00,0.08645561251273648
2018-10-12 19:57:00,0.12582394324391544
2018-10-12 20:00:00,0.2110041366903488
2018-10-12 20:03:00,0.20675850081892122
2018-10-12 20:06:00,0.16469038048859375
2018-10-12 20:09:00,0.1320674411109053
2018-10-12 20:12:00,0.12387607768420139
2018-10-12 20:15:00,0.15566998748261085
2018-10-12 20:18:00,0.1758273043005829
2018-10-12 20:21:00,0.08451790591794861
2018-10-12 20:24:00,0.2273729830653224
2018-10-12 20:27:00,0.21507598706244835
2018-10-12 20:30:00,0.24325754036038916
2018-10-12 20:33:00,0.19777382905249397
2018-10-12 20:36:00,0.13195488217684215
2018-10-12 20:39:00,0.2839694668393804
2018-10-12 20:42:00,0.2330527403316296
2018-10-12 20:45:00,0.23391193325744553
2018-10-12 20:48:00,0.07363600614780808
2018-10-12 20:51:00,0.17827416080450575
2018-10-12 20:54:00,0.166020391901327
2018-10-12 20:57:00,0.22700017988717036
2018-10-12 21:00:00,0.1675409879144354
2018-10-12 21:03:00,0.24270545527366494
2018-10-12 21:06:00,0.2406779122786702
2018-10-12 21:09:00,0.3322866552077812
2018-10-12 21:12:00,0.2877701466086364
2018-10-12 21:15:00,0.2866877432768433
2018-10-12 21:18:00,0.243704036584802
2018-10-12 21:21:00,0.1812147829176638
2018-10-12 21:24:00,0.24122821381553194
2018-10-12 21:27:00,0.08538190441726101
2018-10-12 21:30:00,0.15360378923344342
2018-10-12 21:33:00,0.0777576577059449
2018-10-12 21:36:00,0.25726091236367665
2018-10-12 21:39:00,0.18387755528164007
2018-10-12 21:42:00,0.23823651865052398
2018-10-12 21:45:00,0.15459816269969906
2018-10-12 21:48:00,0.2272438656868303
2018-10-12 21:51:00,0.1806795302877049
2018-10-12 21:54:00,0.17649588364707824
2018-10-12 21:57:00,0.1471031192039618
2018-10-12 22:00:00,0.1616508673644148
2018-10-12 22:03:00,0.18626846272888997
2018-10-12 22:06:00,0.25062021442539617
2018-10-12 22:09:00,0.23203459451281105
2018-10-12 22:12:00,0.291418777820013
2018-10-12 22:15:00,0.25278178641076465
2018-10-12 22:18:00,0.21637073660110673
2018-10-12 22:21:00,0.21765340575535674
2018-10-12 22:24:00,0.19142916945514798
2018-10-12 22:27:00,0.20530026880874175
2018-10-12 22:30:00,0.18074357390418072
2018-10-12 22:33:00,0.19043474979031316
2018-10-12 22:36:00,0.17716999117806154
2018-10-12 22:39:00,0.18871289645346678
2018-10-12 22:42:00,0.1916475670701061
2018-10-12 22:45:00,0.18052592049491523
2018-10-12 22:48:00,0.175550367908329
2018-10-12 22:51:00,0.17754011592637653
2018-10-12 22:54:00,0.2323531580966005
2018-10-12 22:57:00,0.2079946875060159
2018-10-12 23:00:00,0.16905327666898984
2018-10-12 23:03:00,0.18557325521629764
2018-10-12 23:06:00,0.18297028489780587
2018-10-12 23:09:00,0.18907256474625456
2018-10-12 23:12:00,0.1871635034812016
2018-10-12 23:15:00,0.17000104685695305
2018-10-12 23:18:00,0.18635932569111446
2018-10-12 23:21:00,0.08870586504980338
2018-10-12 23:24:00,0.15935838351288112
2018-10-12 23:27:00,0.2790091593024613
2018-10-12 23:30:00,0.24820947406266214
2018-10-12 23:33:00,0.27202931734899494
2018-10-12 23:36:00,0.11763258944358768
2018-10-12 23:39:00,0.22923149786703334
2018-10-12 23:42:00,0.19260377880010537
2018-10-12 23:45:00,0.1991557090239553
2018-10-12 23:48:00,0.3034381889267479
2018-10-12 23:51:00,0.256796392991987
2018-10-12 23:54:00,0.28336385929407015
2018-10-12 23:57:00,0.20697502972427628
2018-10-13 00:00:00,0.2698233613994603
2018-10-13 00:03:00,0.2776730240111078
2018-10-13 00:06:00,0.26104442230268887
2018-10-13 00:09:00,0.27702938300899405
2018-10-13 00:12:00,0.3181371738486405
2018-10-13 00:15:00,0.19516393000418475
2018-10-13 00:18:00,0.2393334390948212
2018-10-13 00:21:00,0.265326990211463
2018-10-13 00:24:00,0.30138131924428535
2018-10-13 00:27:00,0.26105992322641214
2018-10-13 00:30:00,0.21402504532289868
2018-10-13 00:33:00,0.32009571740218234
2018-10-13 00:36:00,0.11268710545510885
2018-10-13 00:39:00,0.28358655183785686
2018-10-13 00:42:00,0.2494933979490952
2018-10-13 00:45:00,0.21087817817993937
2018-10-13 00:48:00,0.23538357993635373
2018-10-13 00:51:00,0.32943326879865253
2018-10-13 00:54:00,0.22136259406761383
2018-10-13 00:57:00,0.28373981486731736
2018-10-13 01:00:00,0.20999764724558645
2018-10-13 01:03:00,0.2426765224553833
2018-10-13 01:06:00,0.3043133911588711
2018-10-13 01:09:00,0.1988548511388899
2018-10-13 01:12:00,0.25714284014185296
2018-10-13 01:15:00,0.2057981305067642
2018-10-13 01:18:00,0.2447366142578744
2018-10-13 01:21:00,0.28266821863297764
2018-10-13 01:24:00,0.3276523519738248
2018-10-13 01:27:00,0.27323370645439127
2018-10-13 01:30:00,0.3006654450153974
2018-10-13 01:33:00,0.29918327418965873
2018-10-13 01:36:00,0.30747102498355616
2018-10-13 01:39:00,0.2800392976214994
2018-10-13 01:42:00,0.24551027357256316
2018-10-13 01:45:00,0.35582904453855235
2018-10-13 01:48:00,0.28419515207320956
2018-10-13 01:51:00,0.28087840026063304
2018-10-13 01:54:00,0.27972198505727874
2018-10-13 01:57:00,0.31708063965226074
2018-10-13 02:00:00,0.2916267939543786
2018-10-13 02:03:00,0.2998725955466739
2018-10-13 02:06:00,0.28050166173244406
2018-10-13 02:09:00,0.3380519403319795
2018-10-13 02:12:00,0.33742210730605393
2018-10-13 02:15:00,0.2373716014123488
2018-10-13 02:18:00,0.31595198990271456
2018-10-13 02:21:00,0.3017584354412861
2018-10-13 02:24:00,0.18155485282778727
2018-10-13 02:27:00,0.3508044987054859
2018-10-13 02:30:00,0.2738935479868019
2018-10-13 02:33:00,0.29219503192558705
2018-10-13 02:36:00,0.2728626873640678
2018-10-13 02:39:00,0.38520804408068443
2018-10-13 02:42:00,0.2834867882904746
2018-10-13 02:45:00,0.2736815356389002
2018-10-13 02:48:00,0.36486387908121287
2018-10-13 02:51:00,0.21908106805636862
2018-10-13 02:54:00,0.20907340758435566
2018-10-13 02:57:00,0.24978289870159642
2018-10-13 03:00:00,0.263850859090212
2018-10-13 03:03:00,0.2734809434628005
2018-10-13 03:06:00,0.31403680173252724
2018-10-13 03:09:00,0.25167767911813144
2018-10-13 03:12:00,0.21805178333721642
2018-10-13 03:15:00,0.21820610183925737
2018-10-13 03:18:00,0.2811368652605779
2018-10-13 03:21:00,0.22332801632410337
2018-10-13 03:24:00,0.2945812387022215
2018-10-13 03:27:00,0.3416323399362682
2018-10-13 03:30:00,0.26126699782292917
2018-10-13 03:33:00,0.25649503121547923
2018-10-13 03:36:00,0.217417981711435
2018-10-13 03:39:00,0.22183337935285863
2018-10-13 03:42:00,0.1914288263157573
2018-10-13 03:45:00,0.17721297926482293
2018-10-13 03:48:00,0.21213920223715377
2018-10-13 03:51:00,0.3207888636341636
2018-10-13 03:54:00,0.27318280463430256
2018-10-13 03:57:00,0.3534798061900233
2018-10-13 04:00:00,0.24700934653031936
2018-10-13 04:03:00,0.30283458071943414
2018-10-13 04:06:00,0.23181623113481464
2018-10-13 04:09:00,0.3104794885390447
2018-10-13 04:12:00,0.3346439028130703
2018-10-13 04:15:00,0.24883939557167878
2018-10-13 04:18:00,0.19942556460176775
2018-10-13 04:21:00,0.28011754599208416
2018-10-13 04:24:00,0.2785082042348108
2018-10-13 04:27:00,0.39580223182474583
2018-10-13 04:30:00,0.3153378919196257
2018-10-13 04:33:00,0.23996750954592017
2018-10-13 04:36:00,0.326592918088636
2018-10-13 04:39:00,0.30152422177746985
2018-10-13 04:42:00,0.2313498587402023
2018-10-13 04:45:00,0.31023798183400686
2018-10-13 04:48:00,0.4429683077344748
2018-10-13 04:51:00,0.29041158493606645
2018-10-13 04:54:00,0.34038606214102174
2018-10-13 04:57:00,0.40029170175006357
2018-10-13 05:00:00,0.4188100116858209
2018-10-13 05:03:00,0.43104779436731633
2018-10-13 05:06:00,0.38745876219041975
2018-10-13 05:09:00,0.3807883049560701
2018-10-13 05:12:00,0.3060354571100561
2018-10-13 05:15:00,0.3214982360685781
2018-10-13 05:18:00,0.1787081160586581
2018-10-13 05:21:00,0.21161886513510808
2018-10-13 05:24:00,0.32068914097749257
2018-10-13 05:27:00,0.27819989310097526
2018-10-13 05:30:00,0.2301676145274314
2018-10-13 05:33:00,0.17616142047137373
2018-10-13 05:36:00,0.239799571198148
2018-10-13 05:39:00,0.25006265052712706
2018-10-13 05:42:00,0.26569705846674196
2018-10-13 05:45:00,0.21531092507740368
2018-10-13 05:48:00,0.23788828260762784
2018-10-13 05:51:00,0.15860098898156139
2018-10-13 05:54:00,0.31211036262567404
2018-10-13 05:57:00,0.2573332147657652
2018-10-13 06:00:00,0.2734294863338391
2018-10-13 06:03:00,0.2810106013690188
2018-10-13 06:06:00,0.34395182871350016
2018-10-13 06:09:00,0.26828367298588773
2018-10-13 06:12:00,0.23285663899758902
2018-10-13 06:15:00,0.17092512064130005
2018-10-13 06:18:00,0.3225615115010214
2018-10-13 06:21:00,0.21971224494319586
2018-10-13 06:24:00,0.3361796563536359
2018-10-13 06:27:00,0.2617687800227486
2018-10-13 06:30:00,0.2611405555267652
2018-10-13 06:33:00,0.325037824624701
2018-10-13 06:36:00,0.30952465506902627
2018-10-13 06:39:00,0.22609356874596642
2018-10-13 06:42:00,0.21909288140506078
2018-10-13 06:45:00,0.23613802264094375
2018-10-13 06:48:00,0.2694735576218932
2018-10-13 06:51:00,0.29255618402635264
2018-10-13 06:54:00,0.34336512875654535
2018-10-13 06:57:00,0.24247116373868494
2018-10-13 07:00:00,0.282900273442408
2018-10-13 07:03:00,0.35104214090836194
2018-10-13 07:06:00,0.31104761772570555
2018-10-13 07:09:00,0.30704343912060494
2018-10-13 07:12:00,0.3197517498732054
2018-10-13 07:15:00,0.35257261503437576
2018-10-13 07:18:00,0.2574971046556698
2018-10-13 07:21:00,0.2472015912750294
2018-10-13 07:24:00,0.274017808579913
2018-10-13 07:27:00,0.29555277698972304
2018-10-13 07:30:00,0.3379404047212802
2018-10-13 07:33:00,0.4183507373318207
2018-10-13 07:36:00,0.3691664936606003
2018-10-13 07:39:00,0.30163399283361514
2018-10-13 07:42:00,0.25651737684955833
2018-10-13 07:45:00,0.28457073402427113
2018-10-13 07:48:00,0.1991565679497853
2018-10-13 07:51:00,0.14589828182101883
2018-10-13 07:54:00,0.25912695115437145
2018-10-13 07:57:00,0.25041710988580235
2018-10-13 08:00:00,0.2727191630647212
2018-10-13 08:03:00,0.24029328197383393
2018-10-13 08:06:00,0.24082208549515371
2018-10-13 08:09:00,0.12735497847671695
2018-10-13 08:12:00,0.20960904912749356
2018-10-13 08:15:00,0.19258902734537742
2018-10-13 08:18:00,0.21693742868023946
2018-10-13 08:21:00,0.22590380838676083
2018-10-13 08:24:00,0.17505400263092952
2018-10-13 08:27:00,0.18660295674942518
2018-10-13 08:30:00,0.23632426492298464
2018-10-13 08:33:00,0.15527424695625314
2018-10-13 08:36:00,0.16137971578183397
2018-10-13 08:39:00,0.16717152830574378
2018-10-13 08:42:00,0.05155007293194558
2018-10-13 08:45:00,0.18078618691004067
2018-10-13 08:48:00,0.07669117418140559
2018-10-13 08:51:00,0.1552997344761593
2018-10-13 08:54:00,0.19082553626083154
2018-10-13 08:57:00,0.08633313871291648
2018-10-13 09:00:00,-0.0031827808307980376
2018-10-13 09:03:00,0.0570429322876862
2018-10-13 09:06:00,0.1283750701693407
2018-10-13 09:09:00,0.11594428210690921
2018-10-13 09:12:00,0.09113392737714321
2018-10-13 09:15:00,0.04970639181158276
2018-10-13 09:18:00,-0.0074279138240740394
2018-10-13 09:21:00,0.02367366722302222
2018-10-13 09:24:00,-0.012208295159837235
2018-10-13 09:27:00,0.04485718279318007
2018-10-13 09:30:00,-0.0004266679724196365
2018-10-13 09:33:00,0.02115244151451634
2018-10-13 09:36:00,0.013011241320782574
2018-10-13 09:39:00,0.06720862552850804
2018-10-13 09:42:00,-0.03409341949293321
2018-10-13 09:45:00,-0.04287692958411071
2018-10-13 09:48:00,0.02486807874521446
2018-10-13 09:51:00,-0.011902069491156908
2018-10-13 09:54:00,-0.0009498984009042033
2018-10-13 09:57:00,0.055758774133551015
2018-10-13 10:00:00,-0.0465016758170691
2018-10-13 10:03:00,0.023554283165310608
2018-10-13 10:06:00,-0.007231316048603276
2018-10-13 10:09:00,-0.05721852837325514
2018-10-13 10:12:00,-0.08550165842854085
2018-10-13 10:15:00,-0.139807171644577
2018-10-13 10:18:00,-0.026189880167407864
2018-10-13 10:21:00,-0.06056951662918664
2018-10-13 10:24:00,-0.06376394164675503
2018-10-13 10:27:00,0.018816984234263145
2018-10-13 10:30:00,0.009561296882509396
2018-10-13 10:33:00,-0.08455253752413228
2018-10-13 10:36:00,0.024232504548422185
2018-10-13 10:39:00,-0.12552472753986876
2018-10-13 10:42:00,-0.1299497013442874
2018-10-13 10:45:00,-0.030765113515201392
2018-10-13 10:48:00,-0.11404907074836501
2018-10-13 10:51:00,-0.13152186150767875
2018-10-13 10:54:00,-0.10538730064064339
2018-10-13 10:57:00,-0.14517028171331958
2018-10-13 11:00:00,-0.09190776567663761
2018-10-13 11:03:00,-0.1369489012606664
2018-10-13 11:06:00,-0.1757931955394838
2018-10-13 11:09:00,-0.12943390914267638
2018-10-13 11:12:00,-0.12279836373357966
2018-10-13 11:15:00,-0.21525353664293334
2018-10-13 11:18:00,-0.13357202314386996
2018-10-13 11:21:00,-0.177106601562798
2018-10-13 11:24:00,-0.09181964906417761
2018-10-13 11:27:00,-0.16973720785154
2018-10-13 11:30:00,-0.13727627315927293
2018-10-13 11:33:00,-0.24140624363474217
2018-10-13 11:36:00,-0.14201503378382085
2018-10-13 11:39:00,-0.025135694458356284
2018-10-13 11:42:00,-0.18836834105093203
2018-10-13 11:45:00,-0.21132998976366935
2018-10-13 11:48:00,-0.21058869280136605
2018-10-13 11:51:00,-0.19558536053818898
2018-10-13 11:54:00,-0.13010593435183182
2018-10-13 11:57:00,-0.15273749382441792
2018-10-13 12:00:00,-0.2502041309103902
2018-10-13 12:03:00,-0.3134351093602845
2018-10-13 12:06:00,-0.21260635867145083
2018-10-13 12:09:00,-0.26176195486033293
2018-10-13 12:12:00,-0.21504142411964722
2018-10-13 12:15:00,-0.24748013962982895
2018-10-13 12:18:00,-0.2518697232041518
2018-10-13 12:21:00,-0.2571773800760866
2018-10-13 12:24:00,-0.3386366046134981
2018-10-13 12:27:00,-0.28290486281019867
2018-10-13 12:30:00,-0.36151253955279117
2018-10-13 12:33:00,-0.2319342294723583
2018-10-13 12:36:00,-0.2602220345947899
2018-10-13 12:39:00,-0.274060276040359
2018-10-13 12:42:00,-0.2432342301996755
2018-10-13 12:45:00,-0.31946380751861625
2018-10-13 12:48:00,-0.2338596638617787
2018-10-13 12:51:00,-0.2468614646062406
2018-10-13 12:54:00,-0.28162904880412043
2018-10-13 12:57:00,-0.36789704286150027
2018-10-13 13:00:00,-0.3183213344949536
2018-10-13 13:03:00,-0.3009911514247392
2018-10-13 13:06:00,-0.26589034476597817
2018-10-13 13:09:00,-0.3067672044577989
2018-10-13 13:12:00,-0.3081512282201402
2018-10-13 13:15:00,-0.19485383621508845
2018-10-13 13:18:00,-0.12843229442546544
2018-10-13 13:21:00,-0.18349124717155973
2018-10-13 13:24:00,-0.25018832065507013
2018-10-13 13:27:00,-0.2496937366418024
2018-10-13 13:30:00,-0.23487389788635937
2018-10-13 13:33:00,-0.2778150800721164
2018-10-13 13:36:00,-0.1955302336598379
2018-10-13 13:39:00,-0.14966732264940674
2018-10-13 13:42:00,-0.14937993715972198
2018-10-13 13:45:00,-0.16860912841815434
2018-10-13 13:48:00,-0.24031767357757872
2018-10-13 13:51:00,-0.1554775248137048
2018-10-13 13:54:00,-0.19018694524584134
2018-10-13 13:57:00,-0.20204522344909037
2018-10-13 14:00:00,-0.24073052193807598
2018-10-13 14:03:00,-0.38410582145229455
2018-10-13 14:06:00,-0.3494860224986951
2018-10-13 14:09:00,-0.2505646524542726
2018-10-13 14:12:00,-0.22665134065732673
2018-10-13 14:15:00,-0.1684271834567994
2018-10-13 14:18:00,-0.1803068336915885
2018-10-13 14:21:00,-0.2321305638853346
2018-10-13 14:24:00,-0.3773422792243082
2018-10-13 14:27:00,-0.2681856954286559
2018-10-13 14:30:00,-0.29430801211856306
2018-10-13 14:33:00,-0.3552776804204427
2018-10-13 14:36:00,-0.29020391871017637
2018-10-13 14:39:00,-0.3154322940997645
2018-10-13 14:42:00,-0.32248366596400047
2018-10-13 14:45:00,-0.35266071918636044
2018-10-13 14:48:00,-0.3740077479696424
2018-10-13 14:51:00,-0.3359228394629099
2018-10-13 14:54:00,-0.2986999594631925
2018-10-13 14:57:00,-0.29469816580746055
2018-10-13 15:00:00,-0.30802876002292123
2018-10-13 15:03:00,-0.2090673212064189
2018-10-13 15:06:00,-0.30986540711126054
2018-10-13 15:09:00,-0.17014460529475173
2018-10-13 15:12:00,-0.24738438650035732
2018-10-13 15:15:00,-0.20089337608953883
2018-10-13 15:18:00,-0.2234809641218476
2018-10-13 15:21:00,-0.12800295867992872
2018-10-13 15:24:00,-0.23727459054811106
2018-10-13 15:27:00,-0.32993283997546996
2018-10-13 15:30:00,-0.26368303873130117
2018-10-13 15:33:00,-0.19685620507334534
2018-10-13 15:36:00,-0.32167810419070975
2018-10-13 15:39:00,-0.380602118808099
2018-10-13 15:42:00,-0.26218456542602553
2018-10-13 15:45:00,-0.3449630158664263
2018-10-13 15:48:00,-0.35288876760682797
2018-10-13 15:51:00,-0.3211417184066363
2018-10-13 15:54:00,-0.3773994151311513
2018-10-13 15:57:00,-0.3416016364902248
2018-10-13 16:00:00,-0.31977943279679266
2018-10-13 16:03:00,-0.41610158196584734
2018-10-13 16:06:00,-0.3828594613303835
2018-10-13 16:09:00,-0.4161670798952173
2018-10-13 16:12:00,-0.37417156008655184
2018-10-13 16:15:00,-0.35233679941688933
2018-10-13 16:18:00,-0.23846291667399555
2018-10-13 16:21:00,-0.29402770477719287
2018-10-13 16:24:00,-0.13227766343129588
2018-10-13 16:27:00,-0.2017018240749735
2018-10-13 16:30:00,-0.2156220764874206
2018-10-13 16:33:00,-0.08908085908228713
2018-10-13 16:36:00,-0.102528588346388
2018-10-13 16:39:00,-0.21908076685872402
2018-10-13 16:42:00,-0.21784587990316595
2018-10-13 16:45:00,-0.14735196225842628
2018-10-13 16:48:00,-0.1677313580615305
2018-10-13 16:51:00,-0.14709442066822476
2018-10-13 16:54:00,-0.08270625549761235
2018-10-13 16:57:00,-0.03319682840901805
2018-10-13 17:00:00,-0.10385462080023444
2018-10-13 17:03:00,-0.04878732709494216
2018-10-13 17:06:00,-0.08683001347344543
2018-10-13 17:09:00,-0.05637257060880074
2018-10-13 17:12:00,-0.05043505237483714
2018-10-13 17:15:00,-0.06445659666803749
2018-10-13 17:18:00,-0.10812088136225384
2018-10-13 17:21:00,-0.02513868871756131
2018-10-13 17:24:00,-0.02504422680067364
2018-10-13 17:27:00,-0.06163388812598214
2018-10-13 17:30:00,-0.08064977325932432
2018-10-13 17:33:00,0.03350318304853772
2018-10-13 17:36:00,-0.08572189547595599
2018-10-13 17:39:00,0.0025227885585650256
2018-10-13 17:42:00,0.07678997809426846
2018-10-13 17:45:00,0.025624589600283798
2018-10-13 17:48:00,0.01806829455352954
2018-10-13 17:51:00,-0.024852397106258195
2018-10-13 17:54:00,0.09171779950554537
2018-10-13 17:57:00,-0.09100493686008804
2018-10-13 18:00:00,-0.03126524784141793
2018-10-13 18:03:00,-0.017007468712392892
2018-10-13 18:06:00,0.009513213191894465
2018-10-13 18:09:00,0.048189594764266985
2018-10-13 18:12:00,0.058046905749279176
2018-10-13 18:15:00,0.01165743818125975
2018-10-13 18:18:00,-0.03396132878043545
2018-10-13 18:21:00,-0.03866502295488772
2018-10-13 18:24:00,-0.005286475320133377
2018-10-13 18:27:00,-0.042876389654622926
2018-10-13 18:30:00,0.0258778464479974
2018-10-13 18:33:00,-0.0322657889349216
2018-10-13 18:36:00,0.09137227228978873
2018-10-13 18:39:00,-0.015363012810496457
2018-10-13 18:42:00,-0.03912070947774282
2018-10-13 18:45:00,0.02896552973584221
2018-10-13 18:48:00,0.06679330147574092
2018-10-13 18:51:00,0.058098403532426346
2018-10-13 18:54:00,0.1319530768319055
2018-10-13 18:57:00,0.2002994613066562
2018-10-13 19:00:00,0.184853262879642
2018-10-13 19:03:00,0.132861433574476
2018-10-13 19:06:00,0.11996659972106727
2018-10-13 19:09:00,0.09432144332805592
2018-10-13 19:12:00,0.03330021969742347
2018-10-13 19:15:00,0.054185095240825376
2018-10-13 19:18:00,0.12806298142038486
2018-10-13 19:21:00,0.13345884782188477
2018-10-13 19:24:00,-0.056869716228504785
2018-10-13 19:27:00,0.16843240290052108
2018-10-13 19:30:00,0.20344809769602534
2018-10-13 19:33:00,0.1946242589145868
2018-10-13 19:36:00,0.23071384689592378
2018-10-13 19:39:00,0.23624166921217693
2018-10-13 19:42:00,0.3179600023989906
2018-10-13 19:45:00,0.10569711228583856
2018-10-13 19:48:00,0.2191320896997695
2018-10-13 19:51:00,0.22006817284454883
2018-10-13 19:54:00,0.2568385314869488
2018-10-13 19:57:00,0.2699530841108526
2018-10-13 20:00:00,0.20976067253945985
2018-10-13 20:03:00,0.1571836236822719
2018-10-13 20:06:00,0.2575422503576874
2018-10-13 20:09:00,0.3676248221439664
2018-10-13 20:12:00,0.42903053996013796
2018-10-13 20:15:00,0.36457584927063635
2018-10-13 20:18:00,0.34138653760487614
2018-10-13 20:21:00,0.2541554691175065
2018-10-13 20:24:00,0.2002506165256932
2018-10-13 20:27:00,0.35308348572368686
2018-10-13 20:30:00,0.3715735068663548
2018-10-13 20:33:00,0.46955036016083795
2018-10-13 20:36:00,0.3869472452201421
2018-10-13 20:39:00,0.34931329100214725
2018-10-13 20:42:00,0.25157208464435143
2018-10-13 20:45:00,0.37058769688036364
2018-10-13 20:48:00,0.287240720382556
2018-10-13 20:51:00,0.2240823506561469
2018-10-13 20:54:00,0.4121037901883824
2018-10-13 20:57:00,0.24142292460055614
2018-10-13 21:00:00,0.17685275421604274
2018-10-13 21:03:00,0.11494685251437886
2018-10-13 21:06:00,0.1224453556693561
2018-10-13 21:09:00,0.10040530078146048
2018-10-13 21:12:00,0.16440471425306669
2018-10-13 21:15:00,0.222124372488679
2018-10-13 21:18:00,0.1585488232354919
2018-10-13 21:21:00,0.2671219060135286
2018-10-13 21:24:00,0.21211582023420306
2018-10-13 21:27:00,0.19056868806296734
2018-10-13 21:30:00,0.2564350796880035
2018-10-13 21:33:00,0.27153861115220934
2018-10-13 21:36:00,0.16025143547216203
2018-10-13 21:39:00,0.08966687136825158
2018-10-13 21:42:00,0.19468236344147272
2018-10-13 21:45:00,0.26359974344751436
2018-10-13 21:48:00,0.2071866805558784
2018-10-13 21:51:00,0.20217460744356686
2018-10-13 21:54:00,0.24539167394624428
2018-10-13 21:57:00,0.27915598892565185
2018-10-13 22:00:00,0.21818954770378696
2018-10-13 22:03:00,0.20318955027971697
2018-10-13 22:06:00,0.24703305141019882
2018-10-13 22:09:00,0.18138930758271954
2018-10-13 22:12:00,0.24361793688956368
2018-10-13 22:15:00,0.23109578687046906
2018-10-13 22:18:00,0.31230822335788844
2018-10-13 22:21:00,0.2222643777954545
2018-10-13 22:24:00,0.24894789083907654
2018-10-13 22:27:00,0.35866099702337806
2018-10-13 22:30:00,0.29831898453915073
2018-10-13 22:33:00,0.2257441207752322
2018-10-13 22:36:00,0.26447665871154413
2018-10-13 22:39:00,0.26735554512583803
2018-10-13 22:42:00,0.25703860306060733
2018-10-13 22:45:00,0.2823577282772476
2018-10-13 22:48:00,0.3035780487317652
2018-10-13 22:51:00,0.3076882122874167
2018-10-13 22:54:00,0.2869201442228473
2018-10-13 22:57:00,0.35835392393101984
2018-10-13 23:00:00,0.3584063016876371
2018-10-13 23:03:00,0.3205693659862163
2018-10-13 23:06:00,0.3485482441786871
2018-10-13 23:09:00,0.31639460837607203
2018-10-13 23:12:00,0.35419971239866754
2018-10-13 23:15:00,0.3638338113398163
2018-10-13 23:18:00,0.4504821865983786
2018-10-13 23:21:00,0.3693607204540399
2018-10-13 23:24:00,0.3632656841379003
2018-10-13 23:27:00,0.3113566866989004
2018-10-13 23:30:00,0.48205619429205626
2018-10-13 23:33:00,0.3817977719394321
2018-10-13 23:36:00,0.31194807206424
2018-10-13 23:39:00,0.4448324297086401
2018-10-13 23:42:00,0.4201661526415137
2018-10-13 23:45:00,0.28508899710129754
2018-10-13 23:48:00,0.278962326684848
2018-10-13 23:51:00,0.39023074526625123
2018-10-13 23:54:00,0.34967563002948054
2018-10-13 23:57:00,0.3460536451773919
2018-10-14 00:00:00,0.33951484742908633
2018-10-14 00:03:00,0.35575805199709976
2018-10-14 00:06:00,0.44757417299473445
2018-10-14 00:09:00,0.43908078187729416
2018-10-14 00:12:00,0.40705472715637825
2018-10-14 00:15:00,0.3468496702402035
2018-10-14 00:18:00,0.43378699911272633
2018-10-14 00:21:00,0.4272676798175894
2018-10-14 00:24:00,0.4572279219449342
2018-10-14 00:27:00,0.5638759524151169
2018-10-14 00:30:00,0.412703288899138
2018-10-14 00:33:00,0.46576907539218837
2018-10-14 00:36:00,0.4928549456736846
2018-10-14 00:39:00,0.38287501202245267
2018-10-14 00:42:00,0.34485155000959367
2018-10-14 00:45:00,0.40719992219385404
2018-10-14 00:48:00,0.3627566985592239
2018-10-14 00:51:00,0.41292037442366336
2018-10-14 00:54:00,0.41925870374916485
2018-10-14 00:57:00,0.4129577962716553
2018-10-14 01:00:00,0.34227304434915595
2018-10-14 01:03:00,0.44690477543451834
2018-10-14 01:06:00,0.43445421316437205
2018-10-14 01:09:00,0.4138558582468477
2018-10-14 01:12:00,0.36754455205448266
2018-10-14 01:15:00,0.34824070010523656
2018-10-14 01:18:00,0.29381422046969874
2018-10-14 01:21:00,0.4121367424679079
2018-10-14 01:24:00,0.3513873457272325
2018-10-14 01:27:00,0.41672191589890417
2018-10-14 01:30:00,0.39067667176601617
2018-10-14 01:33:00,0.29283566391586646
2018-10-14 01:36:00,0.44445491204868404
2018-10-14 01:39:00,0.3737913971432363
2018-10-14 01:42:00,0.41535922426851357
2018-10-14 01:45:00,0.46383306149186865
2018-10-14 01:48:00,0.4437008132336473
2018-10-14 01:51:00,0.39399311788565683
2018-10-14 01:54:00,0.4149206626372006
2018-10-14 01:57:00,0.41152825047242914
2018-10-14 02:00:00,0.39644766071819504
2018-10-14 02:03:00,0.3964393498719687
2018-10-14 02:06:00,0.48655191360523986
2018-10-14 02:09:00,0.4719787772652353
2018-10-14 02:12:00,0.3681419777659585
2018-10-14 02:15:00,0.35903478967264846
2018-10-14 02:18:00,0.4350978486853023
2018-10-14 02:21:00,0.31364874696578227
2018-10-14 02:24:00,0.285668795291258
2018-10-14 02:27:00,0.34205422136722063
2018-10-14 02:30:00,0.28980064006600514
2018-10-14 02:33:00,0.36731412163618415
2018-10-14 02:36:00,0.2908612019778616
2018-10-14 02:39:00,0.35279701001104513
2018-10-14 02:42:00,0.3305467465388574
2018-10-14 02:45:00,0.414234616308363
2018-10-14 02:48:00,0.3628637946744675
2018-10-14 02:51:00,0.36523349005744876
2018-10-14 02:54:00,0.39247824802060904
2018-10-14 02:57:00,0.3227791648969287
2018-10-14 03:00:00,0.39161778312842443
2018-10-14 03:03:00,0.40689493618941697
2018-10-14 03:06:00,0.40622001025838017
2018-10-14 03:09:00,0.3240650592340444
2018-10-14 03:12:00,0.3468724009161974
2018-10-14 03:15:00,0.3566421136476947
2018-10-14 03:18:00,0.3139340322141493
2018-10-14 03:21:00,0.3142819858425696
2018-10-14 03:24:00,0.3288973859902171
2018-10-14 03:27:00,0.3173390996594776
2018-10-14 03:30:00,0.268333010056665
2018-10-14 03:33:00,0.31247640471991645
2018-10-14 03:36:00,0.2957921414965199
2018-10-14 03:39:00,0.19608995569490162
2018-10-14 03:42:00,0.3116206562035586
2018-10-14 03:45:00,0.3054495115638929
2018-10-14 03:48:00,0.20636980359626023
2018-10-14 03:51:00,0.3362895966573092
2018-10-14 03:54:00,0.23222417599714618
2018-10-14 03:57:00,0.20891272468378475
2018-10-14 04:00:00,0.376233300662534
2018-10-14 04:03:00,0.37611142538412423
2018-10-14 04:06:00,0.3761600850039599
2018-10-14 04:09:00,0.29131702523898184
2018-10-14 04:12:00,0.38405033130140964
2018-10-14 04:15:00,0.2698200529112569
2018-10-14 04:18:00,0.357175031746749
2018-10-14 04:21:00,0.31552154434552904
2018-10-14 04:24:00,0.24388568699015423
2018-10-14 04:27:00,0.30948705173705093
2018-10-14 04:30:00,0.3255800610069173
2018-10-14 04:33:00,0.3426033101772532
2018-10-14 04:36:00,0.258777737269952
2018-10-14 04:39:00,0.2469221203637062
2018-10-14 04:42:00,0.2960242363232055
2018-10-14 04:45:00,0.2958463633524957
2018-10-14 04:48:00,0.3287018675654281
2018-10-14 04:51:00,0.32089502069169384
2018-10-14 04:54:00,0.31014137184934043
2018-10-14 04:57:00,0.2616019223339663
2018-10-14 05:00:00,0.23966265644747864
2018-10-14 05:03:00,0.24131072533839415
2018-10-14 05:06:00,0.283902671219721
2018-10-14 05:09:00,0.2889131795088815
2018-10-14 05:12:00,0.2869770170889865
2018-10-14 05:15:00,0.23456394760586363
2018-10-14 05:18:00,0.2802548273558614
2018-10-14 05:21:00,0.2699303812810854
2018-10-14 05:24:00,0.39573914644449815
2018-10-14 05:27:00,0.3371003999959612
2018-10-14 05:30:00,0.3739394413760806
2018-10-14 05:33:00,0.4846502831849193
2018-10-14 05:36:00,0.3269846488814778
2018-10-14 05:39:00,0.42611313097512493
2018-10-14 05:42:00,0.46276528345532597
2018-10-14 05:45:00,0.564237514826857
2018-10-14 05:48:00,0.5034558099130209
2018-10-14 05:51:00,0.5402399489211689
2018-10-14 05:54:00,0.4819658264445934
2018-10-14 05:57:00,0.4176962067126624
2018-10-14 06:00:00,0.5036663572621478
2018-10-14 06:03:00,0.4190395666983022
2018-10-14 06:06:00,0.40504990746961766
2018-10-14 06:09:00,0.4036136807726507
2018-10-14 06:12:00,0.42496561378953857
2018-10-14 06:15:00,0.3928121316964166
2018-10-14 06:18:00,0.36562319674004584
2018-10-14 06:21:00,0.3789517731644878
2018-10-14 06:24:00,0.4106422519746502
2018-10-14 06:27:00,0.33359972345141387
2018-10-14 06:30:00,0.26575679350656856
2018-10-14 06:33:00,0.3626439093202407
2018-10-14 06:36:00,0.4491674884515078
2018-10-14 06:39:00,0.4506159703698813
2018-10-14 06:42:00,0.4060707156014587
2018-10-14 06:45:00,0.40661063614163595
2018-10-14 06:48:00,0.4321265122103455
2018-10-14 06:51:00,0.39147559234157825
2018-10-14 06:54:00,0.3884542864423679
2018-10-14 06:57:00,0.3695741612328334
2018-10-14 07:00:00,0.3180337542565326
2018-10-14 07:03:00,0.40150339002639157
2018-10-14 07:06:00,0.4593642627161785
2018-10-14 07:09:00,0.32679617265904426
2018-10-14 07:12:00,0.356516766462903
2018-10-14 07:15:00,0.28088115517823553
2018-10-14 07:18:00,0.3945278185200891
2018-10-14 07:21:00,0.36406427571222366
2018-10-14 07:24:00,0.3903814262268952
2018-10-14 07:27:00,0.3732458295432366
2018-10-14 07:30:00,0.4002761617774695
2018-10-14 07:33:00,0.29693414481533864
2018-10-14 07:36:00,0.2946102799890582
2018-10-14 07:39:00,0.33909387812587966
2018-10-14 07:42:00,0.3056841171857627
2018-10-14 07:45:00,0.3436158335381947
2018-10-14 07:48:00,0.3688285934498481
2018-10-14 07:51:00,0.2836342597832413
2018-10-14 07:54:00,0.2724035953731345
2018-10-14 07:57:00,0.2625344462203998
2018-10-14 08:00:00,0.4069731282051521
2018-10-14 08:03:00,0.33189399476731296
2018-10-14 08:06:00,0.2842774508644652
2018-10-14 08:09:00,0.25534870554383815
2018-10-14 08:12:00,0.23965646616568392
2018-10-14 08:15:00,0.30102874375324973
2018-10-14 08:18:00,0.2733102051444689
2018-10-14 08:21:00,0.21963141956399568
2018-10-14 08:24:00,0.30540071944926694
2018-10-14 08:27:00,0.321044844263497
2018-10-14 08:30:00,0.32778742881856715
2018-10-14 08:33:00,0.2719155002279763
2018-10-14 08:36:00,0.2565893007248974
2018-10-14 08:39:00,0.32085854092821364
2018-10-14 08:42:00,0.22837694805292585
2018-10-14 08:45:00,0.23775153781599556
2018-10-14 08:48:00,0.19380991735272346
2018-10-14 08:51:00,0.2925902874641224
2018-10-14 08:54:00,0.16929081680069658
2018-10-14 08:57:00,0.1785493275611998
2018-10-14 09:00:00,0.3126490650984124
2018-10-14 09:03:00,0.18618842114665313
2018-10-14 09:06:00,0.3002117581488619
2018-10-14 09:09:00,0.2618915919633764
2018-10-14 09:12:00,0.2647241835609293
2018-10-14 09:15:00,0.2810370781368192
2018-10-14 09:18:00,0.2367011328510671
2018-10-14 09:21:00,0.1762456942521453
2018-10-14 09:24:00,0.21630268299310274
2018-10-14 09:27:00,0.20668985312943278
2018-10-14 09:30:00,0.16664553719874675
2018-10-14 09:33:00,0.1037603037267445
2018-10-14 09:36:00,0.14716908735897505
2018-10-14 09:39:00,0.10167691590856975
2018-10-14 09:42:00,0.19546395995070043
2018-10-14 09:45:00,0.10900148947058597
2018-10-14 09:48:00,0.17160144387923992
2018-10-14 09:51:00,0.03620773425751622
2018-10-14 09:54:00,0.05912642224745923
2018-10-14 09:57:00,0.02356870922807275
2018-10-14 10:00:00,0.024092750152362896
2018-10-14 10:03:00,0.04078313753535667
2018-10-14 10:06:00,0.04952738638183973
2018-10-14 10:09:00,0.09870089532620341
2018-10-14 10:12:00,0.12296644650393773
2018-10-14 10:15:00,0.052533980592613716
2018-10-14 10:18:00,0.05147848380715914
2018-10-14 10:21:00,0.019475414648866263
2018-10-14 10:24:00,0.12503745257214405
2018-10-14 10:27:00,0.09831268077897448
2018-10-14 10:30:00,0.10463460241476241
2018-10-14 10:33:00,0.12867589882216635
2018-10-14 10:36:00,-0.013117223615893181
2018-10-14 10:39:00,0.017720636389299216
2018-10-14 10:42:00,-0.06761919408353378
2018-10-14 10:45:00,-0.08937101565226158
2018-10-14 10:48:00,-0.13529811342419862
2018-10-14 10:51:00,-0.1065425419756707
2018-10-14 10:54:00,-0.11369706698366144
2018-10-14 10:57:00,-0.050364242996181474
2018-10-14 11:00:00,-0.08087657737991094
2018-10-14 11:03:00,-0.0800406926599635
2018-10-14 11:06:00,-0.11578212564222667
2018-10-14 11:09:00,-0.0871789585736451
2018-10-14 11:12:00,-0.09283599477578264
2018-10-14 11:15:00,-0.10052632091623082
2018-10-14 11:18:00,-0.11020843501626132
2018-10-14 11:21:00,-0.12999974923002355
2018-10-14 11:24:00,-0.12001579404494578
2018-10-14 11:27:00,-0.07663322356938806
2018-10-14 11:30:00,-0.11289906560313057
2018-10-14 11:33:00,-0.12273188094860643
2018-10-14 11:36:00,-0.18187772128135293
2018-10-14 11:39:00,-0.2186564112286078
2018-10-14 11:42:00,-0.1386543304460588
2018-10-14 11:45:00,-0.18862510593976367
2018-10-14 11:48:00,-0.20874976274313894
2018-10-14 11:51:00,-0.17288386510068676
2018-10-14 11:54:00,-0.10829033513374497
2018-10-14 11:57:00,-0.10758148214472385
2018-10-14 12:00:00,-0.15382988068529357
2018-10-14 12:03:00,-0.15075266569311907
2018-10-14 12:06:00,-0.1817762258039579
2018-10-14 12:09:00,-0.14072696533730777
2018-10-14 12:12:00,-0.20255794194662258
2018-10-14 12:15:00,-0.13016015307272255
2018-10-14 12:18:00,-0.2795725401981599
2018-10-14 12:21:00,-0.15199154949419835
2018-10-14 12:24:00,-0.21829255849132778
2018-10-14 12:27:00,-0.2699535259789627
2018-10-14 12:30:00,-0.1967153422022534
2018-10-14 12:33:00,-0.1740832739325242
2018-10-14 12:36:00,-0.28585905241300225
2018-10-14 12:39:00,-0.17021121485026924
2018-10-14 12:42:00,-0.19883416277866672
2018-10-14 12:45:00,-0.25783377653141315
2018-10-14 12:48:00,-0.3025337409663962
2018-10-14 12:51:00,-0.231899709414904
2018-10-14 12:54:00,-0.18695636856790543
2018-10-14 12:57:00,-0.13027178252383464
2018-10-14 13:00:00,-0.156558375098939
2018-10-14 13:03:00,-0.21107349431082412
2018-10-14 13:06:00,-0.20019471373478837
2018-10-14 13:09:00,-0.15234687895156185
2018-10-14 13:12:00,-0.04251108482452537
2018-10-14 13:15:00,-0.1073610740511981
2018-10-14 13:18:00,-0.13000119355291417
2018-10-14 13:21:00,-0.07713492254231369
2018-10-14 13:24:00,-0.11763062697752957
2018-10-14 13:27:00,-0.06256935721722812
2018-10-14 13:30:00,-0.10643075823122672
2018-10-14 13:33:00,-0.10408404605129817
2018-10-14 13:36:00,-0.19413716502890566
2018-10-14 13:39:00,-0.15963577467778123
2018-10-14 13:42:00,-0.05115336259132164
2018-10-14 13:45:00,-0.04924747483971714
2018-10-14 13:48:00,-0.04055351841452648
2018-10-14 13:51:00,-0.09596726408074119
2018-10-14 13:54:00,-0.07858783258745916
2018-10-14 13:57:00,-0.08772722583881887
2018-10-14 14:00:00,-0.08712921060538292
2018-10-14 14:03:00,-0.15393846434460556
2018-10-14 14:06:00,-0.10743790667112307
2018-10-14 14:09:00,-0.128045167934431
2018-10-14 14:12:00,-0.04830407009956161
2018-10-14 14:15:00,-0.06706514268643105
2018-10-14 14:18:00,-0.08615530011036299
2018-10-14 14:21:00,-0.04271793417626668
2018-10-14 14:24:00,-0.04066989475683158
2018-10-14 14:27:00,-0.07430638599834083
2018-10-14 14:30:00,-0.05015110545315338
2018-10-14 14:33:00,0.07926624378717406
2018-10-14 14:36:00,0.14014412106905638
2018-10-14 14:39:00,0.13209630196291755
2018-10-14 14:42:00,0.04715525392464315
2018-10-14 14:45:00,0.06113215392207394
2018-10-14 14:48:00,0.14526056843106971
2018-10-14 14:51:00,0.177123808486499
2018-10-14 14:54:00,0.2292860307917408
2018-10-14 14:57:00,0.3745018907545159
2018-10-14 15:00:00,0.3213444399751779
2018-10-14 15:03:00,0.263958504113873
2018-10-14 15:06:00,0.31508294222152244
2018-10-14 15:09:00,0.4147857382907887
2018-10-14 15:12:00,0.30792925488276524
2018-10-14 15:15:00,0.12649426615479342
2018-10-14 15:18:00,0.13370627687515935
2018-10-14 15:21:00,
2018-10-14 15:24:00,
2018-10-14 15:27:00,
2018-10-14 15:30:00,
2018-10-14 15:33:00,
2018-10-14 15:36:00,
2018-10-14 15:39:00,
2018-10-14 15:42:00,
2018-10-14 15:45:00,
2018-10-14 15:48:00,
2018-10-14 15:51:00,
2018-10-14 15:54:00,
2018-10-14 15:57:00,
2018-10-14 16:00:00,
2018-10-14 16:03:00,
2018-10-14 16:06:00,
2018-10-14 16:09:00,
2018-10-14 16:12:00,
2018-10-14 16:15:00,
2018-10-14 16:18:00,
2018-10-14 16:21:00,
2018-10-14 16:24:00,
2018-10-14 16:27:00,
2018-10-14 16:30:00,
2018-10-14 16:33:00,
2018-10-14 16:36:00,
2018-10-14 16:39:00,
2018-10-14 16:42:00,
2018-10-14 16:45:00,
2018-10-14 16:48:00,
2018-10-14 16:51:00,
2018-10-14 16:54:00,
2018-10-14 16:57:00,
2018-10-14 17:00:00,
2018-10-14 17:03:00,
2018-10-14 17:06:00,
2018-10-14 17:09:00,
2018-10-14 17:12:00,
2018-10-14 17:15:00,
2018-10-14 17:18:00,
2018-10-14 17:21:00,
2018-10-14 17:24:00,
2018-10-14 17:27:00,
2018-10-14 17:30:00,
2018-10-14 17:33:00,
2018-10-14 17:36:00,
2018-10-14 17:39:00,
2018-10-14 17:42:00,
2018-10-14 17:45:00,
2018-10-14 17:48:00,
2018-10-14 17:51:00,
2018-10-14 17:54:00,
2018-10-14 17:57:00,
2018-10-14 18:00:00,
2018-10-14 18:03:00,
2018-10-14 18:06:00,
2018-10-14 18:09:00,
2018-10-14 18:12:00,
2018-10-14 18:15:00,
2018-10-14 18:18:00,
2018-10-14 18:21:00,
2018-10-14 18:24:00,
2018-10-14 18:27:00,
2018-10-14 18:30:00,
2018-10-14 18:33:00,
2018-10-14 18:36:00,
2018-10-14 18:39:00,
2018-10-14 18:42:00,
2018-10-14 18:45:00,
2018-10-14 18:48:00,
2018-10-14 18:51:00,
2018-10-14 18:54:00,
2018-10-14 18:57:00,
2018-10-14 19:00:00,
2018-10-14 19:03:00,
2018-10-14 19:06:00,
2018-10-14 19:09:00,
2018-10-14 19:12:00,
2018-10-14 19:15:00,
2018-10-14 19:18:00,
2018-10-14 19:21:00,
2018-10-14 19:24:00,
2018-10-14 19:27:00,
2018-10-14 19:30:00,
2018-10-14 19:33:00,
2018-10-14 19:36:00,0.3107267875703883
2018-10-14 19:39:00,
2018-10-14 19:42:00,0.10613067063195558
2018-10-14 19:45:00,0.12792043102399475
2018-10-14 19:48:00,0.22667841965102298
2018-10-14 19:51:00,0.13826678145636606
2018-10-14 19:54:00,0.1847239470582167
2018-10-14 19:57:00,0.19525845536378483
2018-10-14 20:00:00,0.2694224483548169
2018-10-14 20:03:00,0.1691511735482436
2018-10-14 20:06:00,0.17737098793037376
2018-10-14 20:09:00,0.16697064396754513
2018-10-14 20:12:00,0.2804587722429801
2018-10-14 20:15:00,0.23255774048732292
2018-10-14 20:18:00,0.10721682687034217
2018-10-14 20:21:00,0.1851467737263306
2018-10-14 20:24:00,0.21715319706851233
2018-10-14 20:27:00,0.2505227551002349
2018-10-14 20:30:00,0.2247849714257768
2018-10-14 20:33:00,0.20677179956447844
2018-10-14 20:36:00,0.2497824515502316
2018-10-14 20:39:00,0.1018910396545607
2018-10-14 20:42:00,0.10165594002910439
2018-10-14 20:45:00,0.19316245291713585
2018-10-14 20:48:00,0.14133314773027905
2018-10-14 20:51:00,0.15224112411095803
2018-10-14 20:54:00,0.20399067785064062
2018-10-14 20:57:00,0.18150332291531868
2018-10-14 21:00:00,0.20920612351375212
2018-10-14 21:03:00,0.08695251847615282
2018-10-14 21:06:00,0.035645542850090806
2018-10-14 21:09:00,0.12604646521828045
2018-10-14 21:12:00,0.23939625095619022
2018-10-14 21:15:00,0.20767508785866085
2018-10-14 21:18:00,0.17798429824404138
2018-10-14 21:21:00,0.22427943742479783
2018-10-14 21:24:00,0.26940509736039076
2018-10-14 21:27:00,0.11743875420029326
2018-10-14 21:30:00,0.23066279847301985
2018-10-14 21:33:00,0.21773361229014654
2018-10-14 21:36:00,0.3587386884147463
2018-10-14 21:39:00,0.19955032283240826
2018-10-14 21:42:00,0.22483275494647614
2018-10-14 21:45:00,0.21615267497963941
2018-10-14 21:48:00,0.17238492941243067
2018-10-14 21:51:00,0.22312994915489526
2018-10-14 21:54:00,0.1804401407162004
2018-10-14 21:57:00,0.2707275820081918
2018-10-14 22:00:00,0.2225051883903575
2018-10-14 22:03:00,0.24543221212627486
2018-10-14 22:06:00,0.22366250274461663
2018-10-14 22:09:00,0.25066025418658455
2018-10-14 22:12:00,0.3490107393026278
2018-10-14 22:15:00,0.3062375821955925
2018-10-14 22:18:00,0.29192101716012075
2018-10-14 22:21:00,0.4352105632761436
2018-10-14 22:24:00,0.32416998296571364
2018-10-14 22:27:00,0.2872039915944242
2018-10-14 22:30:00,0.19459280776732157
2018-10-14 22:33:00,0.2578171433263492
2018-10-14 22:36:00,0.3332930183967733
2018-10-14 22:39:00,0.3036125186445702
2018-10-14 22:42:00,0.20834072200364062
2018-10-14 22:45:00,0.27012384704943315
2018-10-14 22:48:00,0.3909411157735576
2018-10-14 22:51:00,0.3358771081781242
2018-10-14 22:54:00,0.42982826140894304
2018-10-14 22:57:00,0.3490419199624739
2018-10-14 23:00:00,0.29607511773440365
2018-10-14 23:03:00,0.3620691812633936
2018-10-14 23:06:00,0.4049914072886054
2018-10-14 23:09:00,0.3984953037986543
2018-10-14 23:12:00,0.3630818966480547
2018-10-14 23:15:00,0.27904684338250263
2018-10-14 23:18:00,0.3064368754760949
2018-10-14 23:21:00,0.3515552111852571
2018-10-14 23:24:00,0.16568093075102297
2018-10-14 23:27:00,0.2382143055468191
2018-10-14 23:30:00,0.3284104722587813
2018-10-14 23:33:00,0.232521588974123
2018-10-14 23:36:00,0.24339005155150062
2018-10-14 23:39:00,0.32952643588583896
2018-10-14 23:42:00,0.28508451699104853
2018-10-14 23:45:00,0.21232093518619877
2018-10-14 23:48:00,0.1971416425070629
2018-10-14 23:51:00,0.2468318503874798
2018-10-14 23:54:00,0.2988988628624156
2018-10-14 23:57:00,0.22789111443103138
2018-10-15 00:00:00,0.3956394842033433
2018-10-15 00:03:00,0.3113272199520907
2018-10-15 00:06:00,0.3235868976693723
2018-10-15 00:09:00,0.2242320064221417
2018-10-15 00:12:00,0.14043500490686256
2018-10-15 00:15:00,0.27762387015121703
2018-10-15 00:18:00,0.4983487424130999
2018-10-15 00:21:00,0.36610493562648116
2018-10-15 00:24:00,0.3788120226643059
2018-10-15 00:27:00,0.4204473203379848
2018-10-15 00:30:00,0.42720281068181976
2018-10-15 00:33:00,0.3269449985151027
2018-10-15 00:36:00,0.3777997451903161
2018-10-15 00:39:00,0.33916734087233635
2018-10-15 00:42:00,0.2683224863077385
2018-10-15 00:45:00,0.3815406673597863
2018-10-15 00:48:00,0.3033043637602759
2018-10-15 00:51:00,0.2793135592633007
2018-10-15 00:54:00,0.3121045023056013
2018-10-15 00:57:00,0.21748569329417933
2018-10-15 01:00:00,0.2420423049725855
2018-10-15 01:03:00,0.3935935218585769
2018-10-15 01:06:00,0.3717123680114014
2018-10-15 01:09:00,0.41065159710831267
2018-10-15 01:12:00,0.31267564435097484
2018-10-15 01:15:00,0.4255387272926896
2018-10-15 01:18:00,0.35409149890159597
2018-10-15 01:21:00,0.4668809342518898
2018-10-15 01:24:00,0.4928600470978495
2018-10-15 01:27:00,0.4883026368018477
2018-10-15 01:30:00,0.47024720706133394
2018-10-15 01:33:00,0.3679146920493963
2018-10-15 01:36:00,0.37107564411007843
2018-10-15 01:39:00,0.40437387791308765
2018-10-15 01:42:00,0.2911273596399724
2018-10-15 01:45:00,0.3108099435398799
2018-10-15 01:48:00,0.31109588185279335
2018-10-15 01:51:00,0.3036364372629805
2018-10-15 01:54:00,0.3238706370904083
2018-10-15 01:57:00,0.175737513902277
2018-10-15 02:00:00,0.30804812604702647
2018-10-15 02:03:00,0.234272226767132
2018-10-15 02:06:00,0.24313854938327495
2018-10-15 02:09:00,0.23847220694801763
2018-10-15 02:12:00,0.12670005431891695
2018-10-15 02:15:00,0.19963619316865788
2018-10-15 02:18:00,0.16822270884620139
2018-10-15 02:21:00,0.21404855042447934
2018-10-15 02:24:00,0.2660954047701125
2018-10-15 02:27:00,0.21615402493176816
2018-10-15 02:30:00,0.1303349109812757
2018-10-15 02:33:00,0.15624108954517624
2018-10-15 02:36:00,0.2609852163506048
2018-10-15 02:39:00,0.29561821158307566
2018-10-15 02:42:00,0.2781420446651168
2018-10-15 02:45:00,0.17820034908328353
2018-10-15 02:48:00,0.18383952429633155
2018-10-15 02:51:00,0.20297026009228603
2018-10-15 02:54:00,0.21506401831879884
2018-10-15 02:57:00,0.23271007899677443
2018-10-15 03:00:00,0.24316726425860224
2018-10-15 03:03:00,0.21073248470815997
2018-10-15 03:06:00,0.3364468973917383
2018-10-15 03:09:00,0.28041038766838255
2018-10-15 03:12:00,0.2515721250382512
2018-10-15 03:15:00,0.264160535541464
2018-10-15 03:18:00,0.30411370989116904
2018-10-15 03:21:00,0.1500594752193365
2018-10-15 03:24:00,0.16316833059568125
2018-10-15 03:27:00,0.20652087261345287
2018-10-15 03:30:00,0.2379352944495281
2018-10-15 03:33:00,0.3314447553307218
2018-10-15 03:36:00,0.22177769283496218
2018-10-15 03:39:00,0.3129068991018471
2018-10-15 03:42:00,0.25075146401195525
2018-10-15 03:45:00,0.1550559902632358
2018-10-15 03:48:00,0.2749307073867726
2018-10-15 03:51:00,0.2589963843694818
2018-10-15 03:54:00,0.3008362238092559
2018-10-15 03:57:00,0.23081401864732243
2018-10-15 04:00:00,0.22106984622428172
2018-10-15 04:03:00,0.2830877412363293
2018-10-15 04:06:00,0.21784034833041233
2018-10-15 04:09:00,0.11777139245754142
2018-10-15 04:12:00,0.1968754491748541
2018-10-15 04:15:00,0.22936937466914742
2018-10-15 04:18:00,0.25273943298827817
2018-10-15 04:21:00,0.23686978705814
2018-10-15 04:24:00,0.24865171047133572
2018-10-15 04:27:00,0.26978598212912175
2018-10-15 04:30:00,0.2544473099338802
2018-10-15 04:33:00,0.20806852078510474
2018-10-15 04:36:00,0.21317057447441812
2018-10-15 04:39:00,0.3203266599014114
2018-10-15 04:42:00,0.25603380123880015
2018-10-15 04:45:00,0.18329762644174252
2018-10-15 04:48:00,0.24411478551280652
2018-10-15 04:51:00,0.2529490955195115
2018-10-15 04:54:00,0.303095045655823
2018-10-15 04:57:00,0.10237010576406647
2018-10-15 05:00:00,0.2503692703049296
2018-10-15 05:03:00,0.2172075797935804
2018-10-15 05:06:00,0.25099864008342365
2018-10-15 05:09:00,0.23291996257944447
2018-10-15 05:12:00,0.27908953371729694
2018-10-15 05:15:00,0.15772356375509844
2018-10-15 05:18:00,0.21860899078609464
2018-10-15 05:21:00,0.20803459554036863
2018-10-15 05:24:00,0.2729331383130784
2018-10-15 05:27:00,0.29407322085972964
2018-10-15 05:30:00,0.24392895270250392
2018-10-15 05:33:00,0.20870807374939204
2018-10-15 05:36:00,0.2769355773303346
2018-10-15 05:39:00,0.2850550177132618
2018-10-15 05:42:00,0.23263334371154087
2018-10-15 05:45:00,0.2338140456978408
2018-10-15 05:48:00,0.2493648618099087
2018-10-15 05:51:00,0.27731056395521136
2018-10-15 05:54:00,0.24006413117120928
2018-10-15 05:57:00,0.2581181514173636
2018-10-15 06:00:00,0.26748109924858454
2018-10-15 06:03:00,0.2928617977420913
2018-10-15 06:06:00,0.2785049524928809
2018-10-15 06:09:00,0.25558292707080454
2018-10-15 06:12:00,0.3497120855249136
2018-10-15 06:15:00,0.2982334089978167
2018-10-15 06:18:00,0.23856021849906028
2018-10-15 06:21:00,0.4213840669103206
2018-10-15 06:24:00,0.34899237459779897
2018-10-15 06:27:00,0.3640015807960708
2018-10-15 06:30:00,0.30754596185272476
2018-10-15 06:33:00,0.415882932935574
2018-10-15 06:36:00,0.29408472029575705
2018-10-15 06:39:00,0.3198830297610016
2018-10-15 06:42:00,0.43269503763133343
2018-10-15 06:45:00,0.30616587451186206
2018-10-15 06:48:00,0.38505737261488093
2018-10-15 06:51:00,0.4696825278097094
2018-10-15 06:54:00,0.3229794494027942
2018-10-15 06:57:00,0.34991234121287107
2018-10-15 07:00:00,0.3187988296597837
2018-10-15 07:03:00,0.3506276411955582
2018-10-15 07:06:00,0.3781672030573304
2018-10-15 07:09:00,0.37200397770527616
2018-10-15 07:12:00,0.37787701837737586
2018-10-15 07:15:00,0.32366916738470763
2018-10-15 07:18:00,0.3589109065374032
2018-10-15 07:21:00,0.2789098537323298
2018-10-15 07:24:00,0.2851518054699227
2018-10-15 07:27:00,0.3067913577754666
2018-10-15 07:30:00,0.35977133915815784
2018-10-15 07:33:00,0.1890853691500638
2018-10-15 07:36:00,0.3390340188129244
2018-10-15 07:39:00,0.26863371007021897
2018-10-15 07:42:00,0.24323692643497452
2018-10-15 07:45:00,0.26475989002551614
2018-10-15 07:48:00,0.22558332847961537
2018-10-15 07:51:00,0.2692658924331681
2018-10-15 07:54:00,0.18631566168767222
2018-10-15 07:57:00,0.22814574237582974
2018-10-15 08:00:00,0.13197377310029879
2018-10-15 08:03:00,0.18996669636851493
2018-10-15 08:06:00,0.2022918845596564
2018-10-15 08:09:00,0.25574111544023026
2018-10-15 08:12:00,0.2311389238032575
2018-10-15 08:15:00,0.23059027640579188
2018-10-15 08:18:00,0.22952761087901763
2018-10-15 08:21:00,0.2633487859476418
2018-10-15 08:24:00,0.18923417206144677
2018-10-15 08:27:00,0.2660811298455883
2018-10-15 08:30:00,0.18533611169431197
2018-10-15 08:33:00,0.1456547163245432
2018-10-15 08:36:00,0.21451902547738655
2018-10-15 08:39:00,0.17548034278053137
2018-10-15 08:42:00,0.1960362950692911
2018-10-15 08:45:00,0.21138623668122136
2018-10-15 08:48:00,0.08800716727176905
2018-10-15 08:51:00,0.1339663008538423
2018-10-15 08:54:00,0.15320122489396226
2018-10-15 08:57:00,0.12891475622501503
2018-10-15 09:00:00,0.0278536960683482
2018-10-15 09:03:00,0.06635832913354989
2018-10-15 09:06:00,0.015284142625034747
2018-10-15 09:09:00,0.046674833442409636
2018-10-15 09:12:00,0.04028126000417842
2018-10-15 09:15:00,0.08641355218475155
2018-10-15 09:18:00,0.1162554509542133
2018-10-15 09:21:00,0.05888870846115424
2018-10-15 09:24:00,-0.013386994647476058
2018-10-15 09:27:00,0.05038061589817744
2018-10-15 09:30:00,-0.026821231244923638
2018-10-15 09:33:00,0.031560605383845086
2018-10-15 09:36:00,0.026722619603333442
2018-10-15 09:39:00,0.042712550665783056
2018-10-15 09:42:00,0.003927556100620677
2018-10-15 09:45:00,0.06506971243902626
2018-10-15 09:48:00,0.04006802311135971
2018-10-15 09:51:00,-0.0041489060947697
2018-10-15 09:54:00,-0.12349655690849204
2018-10-15 09:57:00,-0.13473332218893574
2018-10-15 10:00:00,-0.06488326026817504
2018-10-15 10:03:00,-0.07711501098054896
2018-10-15 10:06:00,-0.06689526641906696
2018-10-15 10:09:00,-0.024960345152123864
2018-10-15 10:12:00,-0.03056785243165905
2018-10-15 10:15:00,-0.17221319817008407
2018-10-15 10:18:00,-0.06220318056080032
2018-10-15 10:21:00,-0.09073353619118052
2018-10-15 10:24:00,-0.06587970815667177
2018-10-15 10:27:00,-0.1477280771794085
2018-10-15 10:30:00,-0.12274437738170718
2018-10-15 10:33:00,-0.14186577032074865
2018-10-15 10:36:00,-0.12685065521651495
2018-10-15 10:39:00,-0.1438425909276475
2018-10-15 10:42:00,-0.11707965563880407
2018-10-15 10:45:00,-0.23779176442934613
2018-10-15 10:48:00,-0.06115323674254114
2018-10-15 10:51:00,-0.13704812807657163
2018-10-15 10:54:00,-0.18165520469096919
2018-10-15 10:57:00,-0.25201106436270493
2018-10-15 11:00:00,-0.18557305099596988
2018-10-15 11:03:00,-0.286160242789947
2018-10-15 11:06:00,-0.24602871283161676
2018-10-15 11:09:00,-0.25059603549146914
2018-10-15 11:12:00,-0.2596838730113973
2018-10-15 11:15:00,-0.28297814869051763
2018-10-15 11:18:00,-0.2237673182463027
2018-10-15 11:21:00,-0.2148347980544827
2018-10-15 11:24:00,-0.19191434037378485
2018-10-15 11:27:00,-0.30607455231591985
2018-10-15 11:30:00,-0.2497497130748343
2018-10-15 11:33:00,-0.2711582692859338
2018-10-15 11:36:00,-0.38586348161152273
2018-10-15 11:39:00,-0.30442064236933675
2018-10-15 11:42:00,-0.3103598970189978
2018-10-15 11:45:00,-0.3351857467005175
2018-10-15 11:48:00,-0.29144882335958755
2018-10-15 11:51:00,-0.3754109686950642
2018-10-15 11:54:00,-0.3024090966680433
2018-10-15 11:57:00,-0.2588299395885656
2018-10-15 12:00:00,-0.42975545985939334
2018-10-15 12:03:00,-0.35469374693411737
2018-10-15 12:06:00,-0.2558060187129172
2018-10-15 12:09:00,-0.23075927596477186
2018-10-15 12:12:00,-0.288144327545524
2018-10-15 12:15:00,-0.35460169885379855
2018-10-15 12:18:00,-0.21539514082212463
2018-10-15 12:21:00,-0.38293990355492724
2018-10-15 12:24:00,-0.32352917507751044
2018-10-15 12:27:00,-0.2898599125127248
2018-10-15 12:30:00,-0.3376607549186019
2018-10-15 12:33:00,-0.28688171562100706
2018-10-15 12:36:00,-0.3101403079698457
2018-10-15 12:39:00,-0.2684044931593803
2018-10-15 12:42:00,-0.18316314920070909
2018-10-15 12:45:00,-0.19606503809717424
2018-10-15 12:48:00,-0.14446588103277236
2018-10-15 12:51:00,-0.2767089628513304
2018-10-15 12:54:00,-0.40955179802847397
2018-10-15 12:57:00,-0.32070182642416967
2018-10-15 13:00:00,-0.1480986171629297
2018-10-15 13:03:00,-0.11750428957338954
2018-10-15 13:06:00,-0.14726053609831524
2018-10-15 13:09:00,-0.29495592449910646
2018-10-15 13:12:00,-0.218359408230981
2018-10-15 13:15:00,-0.2040138115754644
2018-10-15 13:18:00,-0.2672439020379329
2018-10-15 13:21:00,-0.3334673497464564
2018-10-15 13:24:00,-0.4323246367495699
2018-10-15 13:27:00,-0.4221308185623798
2018-10-15 13:30:00,-0.3009869580909026
2018-10-15 13:33:00,-0.15156641651162772
2018-10-15 13:36:00,-0.12835117111711725
2018-10-15 13:39:00,-0.11685109552985296
2018-10-15 13:42:00,-0.10860565856648918
2018-10-15 13:45:00,-0.16350012112661716
2018-10-15 13:48:00,-0.2555708847626761
2018-10-15 13:51:00,-0.2040531586184784
2018-10-15 13:54:00,-0.11922043196369714
2018-10-15 13:57:00,-0.15691293761915404
2018-10-15 14:00:00,-0.19771353311085704
2018-10-15 14:03:00,-0.23979129134164623
2018-10-15 14:06:00,-0.10178652193752669
2018-10-15 14:09:00,-0.19713801413888632
2018-10-15 14:12:00,-0.21879920862807012
2018-10-15 14:15:00,-0.1547818944798678
2018-10-15 14:18:00,-0.15498572251055975
2018-10-15 14:21:00,-0.1352097669628165
2018-10-15 14:24:00,-0.06578014583612912
2018-10-15 14:27:00,-0.14896885846576424
2018-10-15 14:30:00,-0.1150483692264288
2018-10-15 14:33:00,-0.1946999885559535
2018-10-15 14:36:00,-0.2549231896318247
2018-10-15 14:39:00,-0.23521947771104124
2018-10-15 14:42:00,-0.16405315226450057
2018-10-15 14:45:00,-0.11268458164539652
2018-10-15 14:48:00,-0.1788030402564118
2018-10-15 14:51:00,-0.13423883181064866
2018-10-15 14:54:00,-0.1402030623115138
2018-10-15 14:57:00,-0.10554551335849283
2018-10-15 15:00:00,-0.00798650853135996
2018-10-15 15:03:00,0.044271925925272626
2018-10-15 15:06:00,-0.04738110667148021
2018-10-15 15:09:00,-0.2865208594620299
2018-10-15 15:12:00,-0.054307174988821316
2018-10-15 15:15:00,-0.20723373375670917
2018-10-15 15:18:00,-0.17434861594080076
2018-10-15 15:21:00,-0.23587083165898548
2018-10-15 15:24:00,-0.23548705924207525
2018-10-15 15:27:00,-0.11021992837157768
2018-10-15 15:30:00,-0.12070828118737609
2018-10-15 15:33:00,-0.2819441010941546
2018-10-15 15:36:00,-0.3182699490815821
2018-10-15 15:39:00,-0.440402915375671
2018-10-15 15:42:00,-0.18839618099679
2018-10-15 15:45:00,-0.32822492783282087
2018-10-15 15:48:00,-0.3549360384035367
2018-10-15 15:51:00,-0.31553309715673095
2018-10-15 15:54:00,-0.3672435249549153
2018-10-15 15:57:00,-0.2592253328181755
2018-10-15 16:00:00,-0.26764364602502155
2018-10-15 16:03:00,-0.27217595169861397
2018-10-15 16:06:00,-0.254132824254782
2018-10-15 16:09:00,-0.3051914050716391
2018-10-15 16:12:00,-0.336387804371725
2018-10-15 16:15:00,-0.3790142240227965
2018-10-15 16:18:00,-0.341848901373055
2018-10-15 16:21:00,-0.29659436930029415
2018-10-15 16:24:00,-0.18191244665382555
2018-10-15 16:27:00,-0.22263867340535626
2018-10-15 16:30:00,-0.3519804121311836
2018-10-15 16:33:00,-0.368725507035947
2018-10-15 16:36:00,-0.2782655082282304
2018-10-15 16:39:00,-0.3203815576179636
2018-10-15 16:42:00,-0.2037406492017908
2018-10-15 16:45:00,-0.26607119264889434
2018-10-15 16:48:00,-0.2526983321261014
2018-10-15 16:51:00,-0.2989773329198897
2018-10-15 16:54:00,-0.22874926682357
2018-10-15 16:57:00,-0.2632304149148581
2018-10-15 17:00:00,-0.14345279875152528
2018-10-15 17:03:00,-0.2728525210710586
2018-10-15 17:06:00,-0.16379319221863398
2018-10-15 17:09:00,-0.2041712639590969
2018-10-15 17:12:00,-0.09573403774834333
2018-10-15 17:15:00,-0.056386373273596746
2018-10-15 17:18:00,-0.1644917109747439
2018-10-15 17:21:00,-0.1462317976198051
2018-10-15 17:24:00,-0.15944725927420222
2018-10-15 17:27:00,-0.15232736128029956
2018-10-15 17:30:00,-0.13783958124895435
2018-10-15 17:33:00,-0.16833683212979622
2018-10-15 17:36:00,-0.1406034226478141
2018-10-15 17:39:00,-0.10868118558130391
2018-10-15 17:42:00,-0.12135106846432109
2018-10-15 17:45:00,-0.09121892698527745
2018-10-15 17:48:00,-0.03852158601347355
2018-10-15 17:51:00,-0.0846994800509151
2018-10-15 17:54:00,-0.025256321653273517
2018-10-15 17:57:00,-0.07374760223808607
2018-10-15 18:00:00,0.026967357285968774
2018-10-15 18:03:00,0.0035104210197118846
2018-10-15 18:06:00,0.009810340742660628
2018-10-15 18:09:00,0.012508667573513321
2018-10-15 18:12:00,0.038478050557159804
2018-10-15 18:15:00,-0.030677765736356832
2018-10-15 18:18:00,0.08163264486677235
2018-10-15 18:21:00,0.03473088363165289
2018-10-15 18:24:00,0.030889854655924864
2018-10-15 18:27:00,0.13210153962319282
2018-10-15 18:30:00,0.09776274498949533
2018-10-15 18:33:00,-0.026854282694898757
2018-10-15 18:36:00,0.08762950795949109
2018-10-15 18:39:00,0.16261022194657926
2018-10-15 18:42:00,0.04283162862873269
2018-10-15 18:45:00,0.10113279977190359
2018-10-15 18:48:00,-0.05819235102575249
2018-10-15 18:51:00,0.037698218232435465
2018-10-15 18:54:00,
2018-10-15 18:57:00,
2018-10-15 19:00:00,
2018-10-15 19:03:00,0.017261127222070627
2018-10-15 19:06:00,-0.13321116230213192
2018-10-15 19:09:00,0.046200474406077774
2018-10-15 19:12:00,0.010381446025974128
2018-10-15 19:15:00,0.03746656657517633
2018-10-15 19:18:00,-0.015046988046151455
2018-10-15 19:21:00,-0.02684063433736128
2018-10-15 19:24:00,-0.0019455432291692887
2018-10-15 19:27:00,-0.07871977799567276
2018-10-15 19:30:00,0.05507519358553736
2018-10-15 19:33:00,-0.02924356411728013
2018-10-15 19:36:00,-0.11604929552629528
2018-10-15 19:39:00,-0.10270047142347494
2018-10-15 19:42:00,0.05133080668724688
2018-10-15 19:45:00,-0.03166663285304594
2018-10-15 19:48:00,-0.03358316643323178
2018-10-15 19:51:00,0.02207291976031911
2018-10-15 19:54:00,0.0010038198593065317
2018-10-15 19:57:00,-0.03830872040174427
2018-10-15 20:00:00,0.05550030469078138
2018-10-15 20:03:00,0.06434862134528885
2018-10-15 20:06:00,-0.035296318378982505
2018-10-15 20:09:00,0.01998230516676358
2018-10-15 20:12:00,0.0585677916448617
2018-10-15 20:15:00,0.05746339954129098
2018-10-15 20:18:00,-0.01839525383184082
2018-10-15 20:21:00,0.005408327767952414
2018-10-15 20:24:00,0.09900529441580375
2018-10-15 20:27:00,-0.009739870833129771
2018-10-15 20:30:00,0.023616486188075214
2018-10-15 20:33:00,-0.023250118213923088
2018-10-15 20:36:00,-0.02329931772015925
2018-10-15 20:39:00,0.01902373245599165
2018-10-15 20:42:00,0.08793640799865443
2018-10-15 20:45:00,0.011346855156375568
2018-10-15 20:48:00,-0.10550663480711364
2018-10-15 20:51:00,0.018276264816336152
2018-10-15 20:54:00,0.060263204173338636
2018-10-15 20:57:00,0.07156026813896688
2018-10-15 21:00:00,0.16046808341911856
2018-10-15 21:03:00,0.07978431191469326
2018-10-15 21:06:00,0.09339776009790057
2018-10-15 21:09:00,0.0169488562402762
2018-10-15 21:12:00,0.05523537661218825
2018-10-15 21:15:00,0.02313473511412667
2018-10-15 21:18:00,-0.03956818688976682
2018-10-15 21:21:00,0.12699123997151673
2018-10-15 21:24:00,0.0742539599773977
2018-10-15 21:27:00,-0.023446427446117468
2018-10-15 21:30:00,0.09321131412355044
2018-10-15 21:33:00,0.03717837469537244
2018-10-15 21:36:00,0.05857811563367932
2018-10-15 21:39:00,0.011705830695632358
2018-10-15 21:42:00,0.07049519175194519
2018-10-15 21:45:00,0.06987536812096096
2018-10-15 21:48:00,0.10577220983157076
2018-10-15 21:51:00,0.13820886385195763
2018-10-15 21:54:00,0.09492983231774588
2018-10-15 21:57:00,0.10728757635712327
2018-10-15 22:00:00,0.19527058935267405
2018-10-15 22:03:00,0.1967366905325889
2018-10-15 22:06:00,0.07402726903154644
2018-10-15 22:09:00,0.23581622326742036
2018-10-15 22:12:00,0.125369246040691
2018-10-15 22:15:00,0.13507029726815745
2018-10-15 22:18:00,0.1242925710524787
2018-10-15 22:21:00,0.10308658085557454
2018-10-15 22:24:00,-0.04672319170657602
2018-10-15 22:27:00,-0.045308961842067674
2018-10-15 22:30:00,0.07248908263130716
2018-10-15 22:33:00,0.04541284516392352
2018-10-15 22:36:00,0.16356174299210124
2018-10-15 22:39:00,0.12396433648564198
2018-10-15 22:42:00,0.1253738698431448
2018-10-15 22:45:00,0.17193142284668284
2018-10-15 22:48:00,0.09275570538306965
2018-10-15 22:51:00,0.1621363046695592
2018-10-15 22:54:00,0.13832583126196596
2018-10-15 22:57:00,0.10929278977084778
2018-10-15 23:00:00,0.140979046596442
2018-10-15 23:03:00,0.18572843234306902
2018-10-15 23:06:00,0.10681868716267218
2018-10-15 23:09:00,0.08488933197361348
2018-10-15 23:12:00,0.11996558362176302
2018-10-15 23:15:00,0.14808158774593494
2018-10-15 23:18:00,0.064569224815898
2018-10-15 23:21:00,0.21602447064816488
2018-10-15 23:24:00,0.09993079949515504
2018-10-15 23:27:00,0.15470036764156703
2018-10-15 23:30:00,0.11896776519330388
2018-10-15 23:33:00,0.15124788785402643
2018-10-15 23:36:00,0.24387702721730875
2018-10-15 23:39:00,0.15027191157486186
2018-10-15 23:42:00,0.27755122581464775
2018-10-15 23:45:00,0.07668267069664125
2018-10-15 23:48:00,0.19840329466325102
2018-10-15 23:51:00,0.14402410305473268
2018-10-15 23:54:00,0.13224007298930474
2018-10-15 23:57:00,0.09112857784202788
2018-10-16 00:00:00,0.0936163917527324
2018-10-16 00:03:00,0.0903553752820585
2018-10-16 00:06:00,0.0851655980451369
2018-10-16 00:09:00,0.05928099650600416
2018-10-16 00:12:00,0.06572737075231316
2018-10-16 00:15:00,0.13552618496908053
2018-10-16 00:18:00,0.04898614452366701
2018-10-16 00:21:00,0.10818217413412867
2018-10-16 00:24:00,0.17139259654499028
2018-10-16 00:27:00,0.05463207261408343
2018-10-16 00:30:00,0.06119320109092996
2018-10-16 00:33:00,0.06514176905767499
2018-10-16 00:36:00,0.18765600481430056
2018-10-16 00:39:00,-0.0498274469473472
2018-10-16 00:42:00,0.03874532272777742
2018-10-16 00:45:00,0.025665370083288508
2018-10-16 00:48:00,-0.0317578222117163
2018-10-16 00:51:00,0.015089116701290095
2018-10-16 00:54:00,0.04804146949459209
2018-10-16 00:57:00,-0.0456215390212833
2018-10-16 01:00:00,0.04802052875464824
2018-10-16 01:03:00,0.007546651090365231
2018-10-16 01:06:00,-0.10830764774874524
2018-10-16 01:09:00,-0.01829404298200643
2018-10-16 01:12:00,-0.01730566266957112
2018-10-16 01:15:00,0.00508669792350247
2018-10-16 01:18:00,0.08450533499728863
2018-10-16 01:21:00,0.13875771282891947
2018-10-16 01:24:00,0.010402449201876607
2018-10-16 01:27:00,0.12870650398718908
2018-10-16 01:30:00,0.09428007254587101
2018-10-16 01:33:00,0.0440833905273621
2018-10-16 01:36:00,0.04040788627855818
2018-10-16 01:39:00,0.10963840140266257
2018-10-16 01:42:00,0.03937154887938732
2018-10-16 01:45:00,0.13412503269694298
2018-10-16 01:48:00,0.1308854811202309
2018-10-16 01:51:00,0.00363608049690356
2018-10-16 01:54:00,0.10756253329498122
2018-10-16 01:57:00,0.04855209540465921
2018-10-16 02:00:00,0.06358358726140523
2018-10-16 02:03:00,0.1361490506156997
2018-10-16 02:06:00,0.14602963895254106
2018-10-16 02:09:00,0.21620712952284293
2018-10-16 02:12:00,0.20664161411724535
2018-10-16 02:15:00,0.11255469071414836
2018-10-16 02:18:00,0.22785024419499678
2018-10-16 02:21:00,0.15942805817894623
2018-10-16 02:24:00,0.19497935519626708
2018-10-16 02:27:00,0.16046994593523323
2018-10-16 02:30:00,0.17628604602208497
2018-10-16 02:33:00,0.20596896978327095
2018-10-16 02:36:00,0.17825894754020055
2018-10-16 02:39:00,0.14096469748534446
2018-10-16 02:42:00,0.22262188613973422
2018-10-16 02:45:00,0.19509293026283103
2018-10-16 02:48:00,0.24374822440529442
2018-10-16 02:51:00,0.21488735434900263
2018-10-16 02:54:00,0.2644236790515606
2018-10-16 02:57:00,0.3118033525298074
2018-10-16 03:00:00,0.29200931189978974
2018-10-16 03:03:00,0.16539723653079363
2018-10-16 03:06:00,0.22800008034482744
2018-10-16 03:09:00,0.16437893783466961
2018-10-16 03:12:00,0.19914193743676378
2018-10-16 03:15:00,0.24147229854298757
2018-10-16 03:18:00,0.2838563553519293
2018-10-16 03:21:00,0.2512410816443662
2018-10-16 03:24:00,0.31621652687454116
2018-10-16 03:27:00,0.2740725344021939
2018-10-16 03:30:00,0.2369798205076563
2018-10-16 03:33:00,0.293286112207511
2018-10-16 03:36:00,0.2313998071422816
2018-10-16 03:39:00,0.2256010315338699
2018-10-16 03:42:00,0.2561159888228417
2018-10-16 03:45:00,0.2572840032362933
2018-10-16 03:48:00,0.19798050759038688
2018-10-16 03:51:00,0.18960950799407783
2018-10-16 03:54:00,0.1846788160009396
2018-10-16 03:57:00,0.2758468450148257
2018-10-16 04:00:00,0.3112700796618242
2018-10-16 04:03:00,0.2172705717795793
2018-10-16 04:06:00,0.26310375408763775
2018-10-16 04:09:00,0.31115185439205106
2018-10-16 04:12:00,0.21688013969122721
2018-10-16 04:15:00,0.2688652831014906
2018-10-16 04:18:00,0.27390212739101116
2018-10-16 04:21:00,0.3605096689312859
2018-10-16 04:24:00,0.2782161838434263
2018-10-16 04:27:00,0.32666765504234263
2018-10-16 04:30:00,0.33607599540312094
2018-10-16 04:33:00,0.1938254855311925
2018-10-16 04:36:00,0.27756146875674403
2018-10-16 04:39:00,0.3477960916963525
2018-10-16 04:42:00,0.38260810811954116
2018-10-16 04:45:00,0.22857511644843953
2018-10-16 04:48:00,0.23507126156204095
2018-10-16 04:51:00,0.27463559143910743
2018-10-16 04:54:00,0.3224921396316063
2018-10-16 04:57:00,0.2989030623788267
2018-10-16 05:00:00,0.30393870296126124
2018-10-16 05:03:00,0.31056276939602867
2018-10-16 05:06:00,0.34131520489336253
2018-10-16 05:09:00,0.2667455991756924
2018-10-16 05:12:00,0.33779681475999723
2018-10-16 05:15:00,0.31409861928267446
2018-10-16 05:18:00,0.3135817853709568
2018-10-16 05:21:00,0.29294304328942644
2018-10-16 05:24:00,0.30858365390434983
2018-10-16 05:27:00,0.35006446274201153
2018-10-16 05:30:00,0.3429596007770783
2018-10-16 05:33:00,0.30077137997625414
2018-10-16 05:36:00,0.3386605246661816
2018-10-16 05:39:00,0.26574245654398965
2018-10-16 05:42:00,0.24832832264428362
2018-10-16 05:45:00,0.24532147314971553
2018-10-16 05:48:00,0.24418275988603
2018-10-16 05:51:00,0.283180017683037
2018-10-16 05:54:00,0.3170978554494468
2018-10-16 05:57:00,0.33840145116022313
2018-10-16 06:00:00,0.3005061890936531
2018-10-16 06:03:00,0.23797433968826454
2018-10-16 06:06:00,0.27686844160001556
2018-10-16 06:09:00,0.3121527262171071
2018-10-16 06:12:00,0.33964395278707116
2018-10-16 06:15:00,0.2334993815865687
2018-10-16 06:18:00,0.29993887441713696
2018-10-16 06:21:00,0.3868029898437726
2018-10-16 06:24:00,0.3663673915175991
2018-10-16 06:27:00,0.3295456553552185
2018-10-16 06:30:00,0.32927791555243857
2018-10-16 06:33:00,0.31357495511696243
2018-10-16 06:36:00,0.339236873280754
2018-10-16 06:39:00,0.31441149387512723
2018-10-16 06:42:00,0.3306220777492399
2018-10-16 06:45:00,0.32338930433792257
2018-10-16 06:48:00,0.38191477655408335
2018-10-16 06:51:00,0.3066641925951217
2018-10-16 06:54:00,0.41464724758043303
2018-10-16 06:57:00,0.3986351268346766
2018-10-16 07:00:00,0.34437724051412033
2018-10-16 07:03:00,0.24416136668395438
2018-10-16 07:06:00,0.2889015239600212
2018-10-16 07:09:00,0.35034383085155696
2018-10-16 07:12:00,0.29933255493034494
2018-10-16 07:15:00,0.33156308178064364
2018-10-16 07:18:00,0.36393904389001364
2018-10-16 07:21:00,0.3113830525452954
2018-10-16 07:24:00,0.3411041684621523
2018-10-16 07:27:00,0.3267218169512489
2018-10-16 07:30:00,0.3120645394496364
2018-10-16 07:33:00,0.2512858760162544
2018-10-16 07:36:00,0.28837612576080573
2018-10-16 07:39:00,0.21908405667352326
2018-10-16 07:42:00,0.26674380111103346
2018-10-16 07:45:00,0.31565376192895656
2018-10-16 07:48:00,0.20568553556336155
2018-10-16 07:51:00,0.2024137057334201
2018-10-16 07:54:00,0.2032950248694192
2018-10-16 07:57:00,0.13123437427248064
2018-10-16 08:00:00,0.14969763460328522
2018-10-16 08:03:00,0.20781517424393314
2018-10-16 08:06:00,0.22583206874350026
2018-10-16 08:09:00,0.19859367592448507
2018-10-16 08:12:00,0.11151295106469661
2018-10-16 08:15:00,0.16725376786166635
2018-10-16 08:18:00,0.22901509001252407
2018-10-16 08:21:00,0.16416969688447125
2018-10-16 08:24:00,0.13417308441029263
2018-10-16 08:27:00,0.126272762027952
2018-10-16 08:30:00,-0.020348630777050403
2018-10-16 08:33:00,0.16254590074686348
2018-10-16 08:36:00,0.12968785613878708
2018-10-16 08:39:00,0.1039342835044863
2018-10-16 08:42:00,0.10525798241656048
2018-10-16 08:45:00,0.010529399589586319
2018-10-16 08:48:00,0.016011223441694256
2018-10-16 08:51:00,0.03160562350046803
2018-10-16 08:54:00,-0.05239751780027291
2018-10-16 08:57:00,-0.049676655135272085
2018-10-16 09:00:00,-0.045969696394365656
2018-10-16 09:03:00,0.015929792482495486
2018-10-16 09:06:00,-0.038424943678649015
2018-10-16 09:09:00,0.07204127007128136
2018-10-16 09:12:00,-0.05436542576916281
2018-10-16 09:15:00,-0.09868365387512767
2018-10-16 09:18:00,-0.06863152067830924
2018-10-16 09:21:00,-0.10395651319726085
2018-10-16 09:24:00,-0.1285004494264399
2018-10-16 09:27:00,-0.12601085134127743
2018-10-16 09:30:00,-0.08578811438502498
2018-10-16 09:33:00,-0.10550798171260567
2018-10-16 09:36:00,-0.13331937066459432
2018-10-16 09:39:00,-0.11975069351450429
2018-10-16 09:42:00,-0.11131986667430738
2018-10-16 09:45:00,-0.1490037314411552
2018-10-16 09:48:00,-0.1743644171170331
2018-10-16 09:51:00,-0.1840231361427982
2018-10-16 09:54:00,-0.17736864081081194
2018-10-16 09:57:00,-0.2014518015536737
2018-10-16 10:00:00,-0.16461356434842855
2018-10-16 10:03:00,-0.21467172617337837
2018-10-16 10:06:00,-0.22696246894020078
2018-10-16 10:09:00,-0.2048942019936817
2018-10-16 10:12:00,-0.30214574058231847
2018-10-16 10:15:00,-0.20205625868800325
2018-10-16 10:18:00,-0.29223677177128593
2018-10-16 10:21:00,-0.2335689744390379
2018-10-16 10:24:00,-0.23787800843331297
2018-10-16 10:27:00,-0.24332823479363697
2018-10-16 10:30:00,-0.3197977074034384
2018-10-16 10:33:00,-0.19789116221937775
2018-10-16 10:36:00,-0.26858267373376066
2018-10-16 10:39:00,-0.1840324237662685
2018-10-16 10:42:00,-0.17390548784163684
2018-10-16 10:45:00,-0.3675792102940818
2018-10-16 10:48:00,-0.21733771545541458
2018-10-16 10:51:00,-0.27072779886191256
2018-10-16 10:54:00,-0.268955069769504
2018-10-16 10:57:00,-0.27658304865161654
2018-10-16 11:00:00,-0.40598548947383506
2018-10-16 11:03:00,-0.3497628395310244
2018-10-16 11:06:00,-0.2945896401309369
2018-10-16 11:09:00,-0.3370189565331998
2018-10-16 11:12:00,-0.33885423957536887
2018-10-16 11:15:00,-0.3216498998888824
2018-10-16 11:18:00,-0.3797996237073562
2018-10-16 11:21:00,-0.34578769396790676
2018-10-16 11:24:00,-0.3694607139173627
2018-10-16 11:27:00,-0.3613979571866821
2018-10-16 11:30:00,-0.38663320327111705
2018-10-16 11:33:00,-0.42030934544948195
2018-10-16 11:36:00,-0.36297329126614386
2018-10-16 11:39:00,-0.40840478915743006
2018-10-16 11:42:00,-0.2875580597353746
2018-10-16 11:45:00,-0.30029184115022645
2018-10-16 11:48:00,-0.36197945294003375
2018-10-16 11:51:00,-0.36084202636038754
2018-10-16 11:54:00,-0.4010155348346416
2018-10-16 11:57:00,-0.5279524272477261
2018-10-16 12:00:00,-0.2865354259060382
2018-10-16 12:03:00,-0.4535869332790412
2018-10-16 12:06:00,-0.39955222527595424
2018-10-16 12:09:00,-0.37467063928176003
2018-10-16 12:12:00,-0.3815546004335033
2018-10-16 12:15:00,-0.31515170255499925
2018-10-16 12:18:00,-0.2975950000256944
2018-10-16 12:21:00,-0.2525634146205107
2018-10-16 12:24:00,-0.31253156676672234
2018-10-16 12:27:00,-0.32706376576498997
2018-10-16 12:30:00,-0.24614456123993023
2018-10-16 12:33:00,-0.22246050487302682
2018-10-16 12:36:00,-0.17686546060826913
2018-10-16 12:39:00,-0.16603018850724993
2018-10-16 12:42:00,-0.20683620281624826
2018-10-16 12:45:00,-0.20515795417497884
2018-10-16 12:48:00,-0.12424162101098091
2018-10-16 12:51:00,-0.12416983139684135
2018-10-16 12:54:00,0.013903751021643984
2018-10-16 12:57:00,-0.06958356032106394
2018-10-16 13:00:00,0.19761329925341897
2018-10-16 13:03:00,0.006590663490669613
2018-10-16 13:06:00,-0.21342180437693514
2018-10-16 13:09:00,-0.37247536020049665
2018-10-16 13:12:00,-0.3376915295841627
2018-10-16 13:15:00,-0.2589199912422373
2018-10-16 13:18:00,-0.14624089464768986
2018-10-16 13:21:00,-0.06970216680588237
2018-10-16 13:24:00,-0.14300995206605194
2018-10-16 13:27:00,0.006642237238338566
2018-10-16 13:30:00,-0.0071572766287886225
2018-10-16 13:33:00,-0.07504148073928718
2018-10-16 13:36:00,-0.18105802048785336
2018-10-16 13:39:00,-0.11860939007277693
2018-10-16 13:42:00,-0.0625096582293736
2018-10-16 13:45:00,-0.16087887525191036
2018-10-16 13:48:00,-0.10271896272280401
2018-10-16 13:51:00,0.007383442639024906
2018-10-16 13:54:00,-0.11090215480840016
2018-10-16 13:57:00,-0.07640830481068406
2018-10-16 14:00:00,-0.09128874311875279
2018-10-16 14:03:00,-0.02524848458898532
2018-10-16 14:06:00,0.12232184853172612
2018-10-16 14:09:00,0.07366092165312921
2018-10-16 14:12:00,-0.01431099712078776
2018-10-16 14:15:00,-0.005258675633058374
2018-10-16 14:18:00,-0.028519378460657663
2018-10-16 14:21:00,-0.012115599229787222
2018-10-16 14:24:00,0.09852174457586216
2018-10-16 14:27:00,0.0720836769518769
2018-10-16 14:30:00,0.0844232384750967
2018-10-16 14:33:00,0.049263118676776685
2018-10-16 14:36:00,0.09932932836136388
2018-10-16 14:39:00,0.07015642744897832
2018-10-16 14:42:00,0.16871109725587985
2018-10-16 14:45:00,0.11134973109938073
2018-10-16 14:48:00,0.21409342338364468
2018-10-16 14:51:00,0.14163934576856718
2018-10-16 14:54:00,0.18788254408002558
2018-10-16 14:57:00,0.3270993484412088
2018-10-16 15:00:00,0.1228608607592605
2018-10-16 15:03:00,0.22781230060792268
2018-10-16 15:06:00,0.2574601288031886
2018-10-16 15:09:00,0.23806163405600955
2018-10-16 15:12:00,0.2482420644856802
2018-10-16 15:15:00,0.22003840578486233
2018-10-16 15:18:00,0.21327312654466368
2018-10-16 15:21:00,0.1535608786215903
2018-10-16 15:24:00,0.23177912479667384
2018-10-16 15:27:00,0.15721668736546235
2018-10-16 15:30:00,0.1011615771843708
2018-10-16 15:33:00,0.19590446319978128
2018-10-16 15:36:00,0.11689689052320773
2018-10-16 15:39:00,0.06639222286372615
2018-10-16 15:42:00,0.12967289957356343
2018-10-16 15:45:00,0.08533998003230181
2018-10-16 15:48:00,0.15672547847202623
2018-10-16 15:51:00,0.24089917684926831
2018-10-16 15:54:00,0.2164366906940245
2018-10-16 15:57:00,0.23352379315457483
2018-10-16 16:00:00,0.1017190598279285
2018-10-16 16:03:00,0.13397036592857603
2018-10-16 16:06:00,0.1726966862350423
2018-10-16 16:09:00,0.2558350782010166
2018-10-16 16:12:00,0.13706102459593694
2018-10-16 16:15:00,0.155851678966485
2018-10-16 16:18:00,0.08511988809544846
2018-10-16 16:21:00,0.0370628144097509
2018-10-16 16:24:00,0.17491494340600866
2018-10-16 16:27:00,0.1369319456289304
2018-10-16 16:30:00,0.15238203754296364
2018-10-16 16:33:00,0.27687268016074995
2018-10-16 16:36:00,0.22369383482259764
2018-10-16 16:39:00,0.18861055517231762
2018-10-16 16:42:00,0.15275284292147262
2018-10-16 16:45:00,0.22422692775995756
2018-10-16 16:48:00,0.08083951598308659
2018-10-16 16:51:00,0.21668875173963897
2018-10-16 16:54:00,0.2846216934183303
2018-10-16 16:57:00,0.10309306495526016
2018-10-16 17:00:00,0.22643604840982334
2018-10-16 17:03:00,0.17740397100118344
2018-10-16 17:06:00,0.21501842557648843
2018-10-16 17:09:00,0.19145529990129262
2018-10-16 17:12:00,0.20819942564315852
2018-10-16 17:15:00,0.18225342632575803
2018-10-16 17:18:00,0.24272865757262707
2018-10-16 17:21:00,0.20035995191568645
2018-10-16 17:24:00,0.12211257723669178
2018-10-16 17:27:00,0.1419234250149657
2018-10-16 17:30:00,0.20324271833931107
2018-10-16 17:33:00,0.22919490444974144
2018-10-16 17:36:00,0.23638019384145537
2018-10-16 17:39:00,0.19578765180915525
2018-10-16 17:42:00,0.2326927604963771
2018-10-16 17:45:00,0.2084339888255613
2018-10-16 17:48:00,0.20790004629867553
2018-10-16 17:51:00,0.17491202555385144
2018-10-16 17:54:00,0.23861422192101145
2018-10-16 17:57:00,0.22018980414156886
2018-10-16 18:00:00,0.2202229269421423
2018-10-16 18:03:00,0.2306250315329521
2018-10-16 18:06:00,0.2734988464808339
2018-10-16 18:09:00,0.21265757956012976
2018-10-16 18:12:00,0.269943846206786
2018-10-16 18:15:00,0.1949038205810325
2018-10-16 18:18:00,0.1481439705515868
2018-10-16 18:21:00,0.14872799250065327
2018-10-16 18:24:00,0.17936409532774178
2018-10-16 18:27:00,0.23639760488435968
2018-10-16 18:30:00,0.18644313048804406
2018-10-16 18:33:00,0.2075558005146263
2018-10-16 18:36:00,0.2352757679892079
2018-10-16 18:39:00,0.19334305895375792
2018-10-16 18:42:00,0.22085004841085265
2018-10-16 18:45:00,0.1788670677378832
2018-10-16 18:48:00,0.2449142067792991
2018-10-16 18:51:00,0.184892174826075
2018-10-16 18:54:00,
2018-10-16 18:57:00,
2018-10-16 19:00:00,
2018-10-16 19:03:00,0.24804495931050496
2018-10-16 19:06:00,0.25176135356059604
2018-10-16 19:09:00,0.2463049028729074
2018-10-16 19:12:00,0.2727438718825397
2018-10-16 19:15:00,0.27770649687278137
2018-10-16 19:18:00,0.19615922002776642
2018-10-16 19:21:00,0.21136098116386393
2018-10-16 19:24:00,0.24531409438998253
2018-10-16 19:27:00,0.21442891481592596
2018-10-16 19:30:00,0.12174476719735594
2018-10-16 19:33:00,0.19189823877019307
2018-10-16 19:36:00,0.22937827383418607
2018-10-16 19:39:00,0.2618534054704469
2018-10-16 19:42:00,0.1620878299727906
2018-10-16 19:45:00,0.2519743499577771
2018-10-16 19:48:00,0.24770099091875863
2018-10-16 19:51:00,0.21148085210529644
2018-10-16 19:54:00,0.14347331951285014
2018-10-16 19:57:00,0.18237573397340157
2018-10-16 20:00:00,0.1773463849188488
2018-10-16 20:03:00,0.1708417704026033
2018-10-16 20:06:00,0.1212710890318931
2018-10-16 20:09:00,0.15784436260940993
2018-10-16 20:12:00,0.15923093299068114
2018-10-16 20:15:00,0.2927245426161562
2018-10-16 20:18:00,0.16949726823355604
2018-10-16 20:21:00,0.1801118780212505
2018-10-16 20:24:00,0.19687183590946233
2018-10-16 20:27:00,0.2949979122426498
2018-10-16 20:30:00,0.16133218210711675
2018-10-16 20:33:00,0.23148645822544722
2018-10-16 20:36:00,0.3302094300779572
2018-10-16 20:39:00,0.2729973752071828
2018-10-16 20:42:00,0.22456041104760516
2018-10-16 20:45:00,0.17781928733302266
2018-10-16 20:48:00,0.25612538971859067
2018-10-16 20:51:00,0.37743984202461434
2018-10-16 20:54:00,0.21071901255800185
2018-10-16 20:57:00,0.2409739433257414
2018-10-16 21:00:00,0.1417840052770316
2018-10-16 21:03:00,0.20988746095656552
2018-10-16 21:06:00,0.1844480171417331
2018-10-16 21:09:00,0.09171132689687056
2018-10-16 21:12:00,0.21150472446629465
2018-10-16 21:15:00,0.0774030457932895
2018-10-16 21:18:00,0.21033334165491624
2018-10-16 21:21:00,0.08681681485245463
2018-10-16 21:24:00,0.18613621295520488
2018-10-16 21:27:00,0.1966204923697319
2018-10-16 21:30:00,0.04201237079604425
2018-10-16 21:33:00,0.14901216281157303
2018-10-16 21:36:00,0.20798959256052285
2018-10-16 21:39:00,0.17074901387491082
2018-10-16 21:42:00,0.27093078511063595
2018-10-16 21:45:00,0.13608909423999194
2018-10-16 21:48:00,0.22684585971990145
2018-10-16 21:51:00,0.23735544191089275
2018-10-16 21:54:00,0.2479235673426956
2018-10-16 21:57:00,0.1990976394627637
2018-10-16 22:00:00,0.15517648896508263
2018-10-16 22:03:00,0.20180314047297543
2018-10-16 22:06:00,0.21287778838404847
2018-10-16 22:09:00,0.24900647935135112
2018-10-16 22:12:00,0.288423051394318
2018-10-16 22:15:00,0.24328601691411222
2018-10-16 22:18:00,0.3025002231884173
2018-10-16 22:21:00,0.2641614341750369
2018-10-16 22:24:00,0.3029861914352523
2018-10-16 22:27:00,0.20146360706269206
2018-10-16 22:30:00,0.1735284388142304
2018-10-16 22:33:00,0.29933669970222354
2018-10-16 22:36:00,0.26292132810317526
2018-10-16 22:39:00,0.2617485949929801
2018-10-16 22:42:00,0.28430440031144144
2018-10-16 22:45:00,0.2762255524463626
2018-10-16 22:48:00,0.25857486327345214
2018-10-16 22:51:00,0.2837835332377381
2018-10-16 22:54:00,0.22452116695001223
2018-10-16 22:57:00,0.20037859577854533
2018-10-16 23:00:00,0.23840160498258456
2018-10-16 23:03:00,0.25501726814468384
2018-10-16 23:06:00,0.19281603050455942
2018-10-16 23:09:00,0.2469158522965813
2018-10-16 23:12:00,0.22359507266531864
2018-10-16 23:15:00,0.2018969331922449
2018-10-16 23:18:00,0.1852550736472267
2018-10-16 23:21:00,0.23881846077335922
2018-10-16 23:24:00,0.2846567458121285
2018-10-16 23:27:00,0.2602480733332868
2018-10-16 23:30:00,0.27543389404354457
2018-10-16 23:33:00,0.22544269379113757
2018-10-16 23:36:00,0.24000907134126237
2018-10-16 23:39:00,0.16270319163140812
2018-10-16 23:42:00,0.2772567299860498
2018-10-16 23:45:00,0.3026195568124308
2018-10-16 23:48:00,0.46949105891809495
2018-10-16 23:51:00,0.4213070373452865
2018-10-16 23:54:00,0.4543504759737971
2018-10-16 23:57:00,0.5283747886919627
2018-10-17 00:00:00,0.5644030070617987
2018-10-17 00:03:00,0.7730459000992482
2018-10-17 00:06:00,0.7828888057147765
2018-10-17 00:09:00,0.7882312569856254
2018-10-17 00:12:00,0.6885476900192202
2018-10-17 00:15:00,0.735047589876558
2018-10-17 00:18:00,0.6657119310323196
2018-10-17 00:21:00,0.47103328394632626
2018-10-17 00:24:00,0.48066804835656285
2018-10-17 00:27:00,0.4639022350470441
2018-10-17 00:30:00,0.4723995545205639
2018-10-17 00:33:00,0.3591406732071505
2018-10-17 00:36:00,0.3888777519003952
2018-10-17 00:39:00,0.3620169774122246
2018-10-17 00:42:00,0.4239985829335069
2018-10-17 00:45:00,0.4378713978335895
2018-10-17 00:48:00,0.4540373771573627
2018-10-17 00:51:00,0.444344992237518
2018-10-17 00:54:00,0.4623006241875487
2018-10-17 00:57:00,0.513367232990106
2018-10-17 01:00:00,0.49409301165763964
2018-10-17 01:03:00,0.5112449535651535
2018-10-17 01:06:00,0.5073859022016904
2018-10-17 01:09:00,0.5468854599838551
2018-10-17 01:12:00,0.47975932474685123
2018-10-17 01:15:00,0.5526355893909454
2018-10-17 01:18:00,0.4681104127488993
2018-10-17 01:21:00,0.55618253906772
2018-10-17 01:24:00,0.4299567722663369
2018-10-17 01:27:00,0.4963232063871601
2018-10-17 01:30:00,0.49296738949840346
2018-10-17 01:33:00,0.48953052924565554
2018-10-17 01:36:00,0.43495660624870425
2018-10-17 01:39:00,0.391212304792532
2018-10-17 01:42:00,0.36909705445731333
2018-10-17 01:45:00,0.35842732718566594
2018-10-17 01:48:00,0.35612090540672625
2018-10-17 01:51:00,0.31526035392403173
2018-10-17 01:54:00,0.30225500973745056
2018-10-17 01:57:00,0.3141835321321196
2018-10-17 02:00:00,0.3176459815788917
2018-10-17 02:03:00,0.34037109016952627
2018-10-17 02:06:00,0.42636075950082386
2018-10-17 02:09:00,0.48282639703217
2018-10-17 02:12:00,0.44316349318449966
2018-10-17 02:15:00,0.5259629269827428
2018-10-17 02:18:00,0.4528287513115288
2018-10-17 02:21:00,0.5341777443406386
2018-10-17 02:24:00,0.5122328852238525
2018-10-17 02:27:00,0.4867690345017195
2018-10-17 02:30:00,0.45358424065182135
2018-10-17 02:33:00,0.4408794763274386
2018-10-17 02:36:00,0.4633048715465975
2018-10-17 02:39:00,0.38211623479827495
2018-10-17 02:42:00,0.42223894153806896
2018-10-17 02:45:00,0.42280941436882813
2018-10-17 02:48:00,0.48787023569889243
2018-10-17 02:51:00,0.4036954422908252
2018-10-17 02:54:00,0.46601391095691724
2018-10-17 02:57:00,0.4707831571165002
2018-10-17 03:00:00,0.480067061409045
2018-10-17 03:03:00,0.5203442035938792
2018-10-17 03:06:00,0.3949287323266617
2018-10-17 03:09:00,0.41518266421070393
2018-10-17 03:12:00,0.3174596805810097
2018-10-17 03:15:00,0.3645969657721366
2018-10-17 03:18:00,0.352790253867056
2018-10-17 03:21:00,0.37255996354127774
2018-10-17 03:24:00,0.3853136053703565
2018-10-17 03:27:00,0.40845150071436365
2018-10-17 03:30:00,0.3916135077243439
2018-10-17 03:33:00,0.353268476433243
2018-10-17 03:36:00,0.2911684822751113
2018-10-17 03:39:00,0.3467334757323215
2018-10-17 03:42:00,0.43882024201343484
2018-10-17 03:45:00,0.3152214399881359
2018-10-17 03:48:00,0.35811155644461223
2018-10-17 03:51:00,0.3469000968699447
2018-10-17 03:54:00,0.29910006782148457
2018-10-17 03:57:00,0.3729438632773281
2018-10-17 04:00:00,0.24021990733581333
2018-10-17 04:03:00,0.34454907993409734
2018-10-17 04:06:00,0.3209791630172276
2018-10-17 04:09:00,0.23978466693694145
2018-10-17 04:12:00,0.28448646116174814
2018-10-17 04:15:00,0.3900099748468051
2018-10-17 04:18:00,0.3887098991978064
2018-10-17 04:21:00,0.37683918010611706
2018-10-17 04:24:00,0.41249196091217755
2018-10-17 04:27:00,0.3469325622420456
2018-10-17 04:30:00,0.3213175216826585
2018-10-17 04:33:00,0.37663219374377377
2018-10-17 04:36:00,0.44904672006663304
2018-10-17 04:39:00,0.2999822960492793
2018-10-17 04:42:00,0.3766624255342208
2018-10-17 04:45:00,0.290270080696871
2018-10-17 04:48:00,0.260233137022567
2018-10-17 04:51:00,0.3015377556837393
2018-10-17 04:54:00,0.2190128148218946
2018-10-17 04:57:00,0.3034488483007749
2018-10-17 05:00:00,0.24284160854716674
2018-10-17 05:03:00,0.24442798320814063
2018-10-17 05:06:00,0.2277309015153719
2018-10-17 05:09:00,0.4219868742243307
2018-10-17 05:12:00,0.3294469814040326
2018-10-17 05:15:00,0.3354566118886737
2018-10-17 05:18:00,0.30358906709039957
2018-10-17 05:21:00,0.21484426467350204
2018-10-17 05:24:00,0.2659986619020742
2018-10-17 05:27:00,0.16488554884074347
2018-10-17 05:30:00,0.07818690399756179
2018-10-17 05:33:00,0.2240849028764842
2018-10-17 05:36:00,0.29278301889058866
2018-10-17 05:39:00,0.2851921738945862
2018-10-17 05:42:00,0.3811820593953712
2018-10-17 05:45:00,0.2796546728936278
2018-10-17 05:48:00,0.28789900366092525
2018-10-17 05:51:00,0.3792329779597594
2018-10-17 05:54:00,0.25965969811068135
2018-10-17 05:57:00,0.33225520835469524
2018-10-17 06:00:00,0.32884353092390484
2018-10-17 06:03:00,0.3349894335582917
2018-10-17 06:06:00,0.24349982569333406
2018-10-17 06:09:00,0.2263257312413316
2018-10-17 06:12:00,0.28739994045832873
2018-10-17 06:15:00,0.3888014299832889
2018-10-17 06:18:00,0.343567998967103
2018-10-17 06:21:00,0.1961093383200705
2018-10-17 06:24:00,0.313296456625892
2018-10-17 06:27:00,0.2817699968796319
2018-10-17 06:30:00,0.3124328063713051
2018-10-17 06:33:00,0.4236690989794738
2018-10-17 06:36:00,0.2602585502540933
2018-10-17 06:39:00,0.34999291408990985
2018-10-17 06:42:00,0.3421128776029718
2018-10-17 06:45:00,0.3779859529315104
2018-10-17 06:48:00,0.3441277487414709
2018-10-17 06:51:00,0.4066685526282754
2018-10-17 06:54:00,0.32215580917466013
2018-10-17 06:57:00,0.3724383500638737
2018-10-17 07:00:00,0.4568448735950028
2018-10-17 07:03:00,0.28850032717213026
2018-10-17 07:06:00,0.3709478010651992
2018-10-17 07:09:00,0.3590238512682049
2018-10-17 07:12:00,0.3229118874941719
2018-10-17 07:15:00,0.3596098610996137
2018-10-17 07:18:00,0.33420640706492577
2018-10-17 07:21:00,0.32294155461886476
2018-10-17 07:24:00,0.38897237011116204
2018-10-17 07:27:00,0.3720495498633909
2018-10-17 07:30:00,0.36170394937022365
2018-10-17 07:33:00,0.33746250691126534
2018-10-17 07:36:00,0.3404429704512495
2018-10-17 07:39:00,0.2680274120850754
2018-10-17 07:42:00,0.26997480063164403
2018-10-17 07:45:00,0.2760422351604461
2018-10-17 07:48:00,0.26935605681302377
2018-10-17 07:51:00,0.32256183445610986
2018-10-17 07:54:00,0.3097854643559117
2018-10-17 07:57:00,0.3501823829733439
2018-10-17 08:00:00,0.31358667376696303
2018-10-17 08:03:00,0.2775093119694816
2018-10-17 08:06:00,0.2945103910441276
2018-10-17 08:09:00,0.2500857515581174
2018-10-17 08:12:00,0.27887758704230237
2018-10-17 08:15:00,0.2480621020619651
2018-10-17 08:18:00,0.3352340301348704
2018-10-17 08:21:00,0.21016644077326418
2018-10-17 08:24:00,0.3217314289578326
2018-10-17 08:27:00,0.23077951006285957
2018-10-17 08:30:00,0.19251603992506716
2018-10-17 08:33:00,0.05963657032918945
2018-10-17 08:36:00,0.12641080017635886
2018-10-17 08:39:00,0.1442278398924941
2018-10-17 08:42:00,0.1603461374526205
2018-10-17 08:45:00,0.09243072319719658
2018-10-17 08:48:00,0.2103768420059282
2018-10-17 08:51:00,0.19110433366802226
2018-10-17 08:54:00,0.14361015355154905
2018-10-17 08:57:00,0.10009217152429528
2018-10-17 09:00:00,0.089989396049873
2018-10-17 09:03:00,0.20357130682793922
2018-10-17 09:06:00,0.15958227739798758
2018-10-17 09:09:00,0.11801167813524671
2018-10-17 09:12:00,0.16984461071803025
2018-10-17 09:15:00,0.1195506230529304
2018-10-17 09:18:00,0.09085139989423396
2018-10-17 09:21:00,0.0379074944335116
2018-10-17 09:24:00,-0.0901341397664055
2018-10-17 09:27:00,-0.0036376290098019126
2018-10-17 09:30:00,-0.06625693362502716
2018-10-17 09:33:00,0.0157607605444241
2018-10-17 09:36:00,0.02692378899905634
2018-10-17 09:39:00,0.0804405014511076
2018-10-17 09:42:00,-0.011682904324743504
2018-10-17 09:45:00,0.020741036779099886
2018-10-17 09:48:00,-0.01884601409130937
2018-10-17 09:51:00,-0.0807590917203811
2018-10-17 09:54:00,-0.07876832968895542
2018-10-17 09:57:00,-0.14564309771810713
2018-10-17 10:00:00,-0.0789477550324591
2018-10-17 10:03:00,-0.1015104998113543
2018-10-17 10:06:00,-0.09413302135953927
2018-10-17 10:09:00,-0.07378074775743926
2018-10-17 10:12:00,0.02038727608339741
2018-10-17 10:15:00,-0.12777640766159948
2018-10-17 10:18:00,-0.10788245760886639
2018-10-17 10:21:00,-0.030645014978688323
2018-10-17 10:24:00,-0.15618222429151274
2018-10-17 10:27:00,-0.2637747514562534
2018-10-17 10:30:00,-0.2615266717023701
2018-10-17 10:33:00,-0.17855936417834073
2018-10-17 10:36:00,-0.23422373453070122
2018-10-17 10:39:00,-0.24331490691344015
2018-10-17 10:42:00,-0.1473069390820001
2018-10-17 10:45:00,-0.22788200463543262
2018-10-17 10:48:00,-0.19470200974478757
2018-10-17 10:51:00,-0.14224185937763423
2018-10-17 10:54:00,-0.2583133331714862
2018-10-17 10:57:00,-0.2524685832221394
2018-10-17 11:00:00,-0.17405582758476612
2018-10-17 11:03:00,-0.1878955119332204
2018-10-17 11:06:00,-0.18207111758522387
2018-10-17 11:09:00,-0.12977610170969456
2018-10-17 11:12:00,-0.34350764560315383
2018-10-17 11:15:00,-0.32062036445967124
2018-10-17 11:18:00,-0.3283303396351016
2018-10-17 11:21:00,-0.2569741137766641
2018-10-17 11:24:00,-0.32626379510850256
2018-10-17 11:27:00,-0.2741104959583254
2018-10-17 11:30:00,-0.17869473350384624
2018-10-17 11:33:00,-0.260924814502971
2018-10-17 11:36:00,-0.3216625639434483
2018-10-17 11:39:00,-0.11006921176107198
2018-10-17 11:42:00,-0.3127464259649173
2018-10-17 11:45:00,-0.3275188434084839
2018-10-17 11:48:00,-0.3100610733081339
2018-10-17 11:51:00,-0.18898237059948997
2018-10-17 11:54:00,-0.23647429810870335
2018-10-17 11:57:00,-0.29106002993825086
2018-10-17 12:00:00,-0.3184333539556974
2018-10-17 12:03:00,-0.21940788350798357
2018-10-17 12:06:00,-0.1964936691262551
2018-10-17 12:09:00,-0.0604756855600499
2018-10-17 12:12:00,-0.12224645226837083
2018-10-17 12:15:00,-0.15336643560658558
2018-10-17 12:18:00,-0.062194256828604466
2018-10-17 12:21:00,-0.20626173442997242
2018-10-17 12:24:00,-0.08827729133321327
2018-10-17 12:27:00,-0.2323157911960152
2018-10-17 12:30:00,-0.13958848763564902
2018-10-17 12:33:00,-0.1866393735902534
2018-10-17 12:36:00,-0.10290478753262278
2018-10-17 12:39:00,-0.17649960885023575
2018-10-17 12:42:00,-0.13008319781357613
2018-10-17 12:45:00,-0.28147251072471136
2018-10-17 12:48:00,-0.26023954578101893
2018-10-17 12:51:00,-0.26446290309633014
2018-10-17 12:54:00,-0.15539398030040275
2018-10-17 12:57:00,-0.16307079070503505
2018-10-17 13:00:00,-0.2557153095785907
2018-10-17 13:03:00,-0.2413680903432578
2018-10-17 13:06:00,-0.3141318394891641
2018-10-17 13:09:00,-0.28314995448562286
2018-10-17 13:12:00,-0.2859496289621575
2018-10-17 13:15:00,-0.35645562840960565
2018-10-17 13:18:00,-0.2406920772573926
2018-10-17 13:21:00,-0.32901433855181494
2018-10-17 13:24:00,-0.3243564007316877
2018-10-17 13:27:00,-0.2985105628123961
2018-10-17 13:30:00,-0.2723459944087949
2018-10-17 13:33:00,-0.2241945843669555
2018-10-17 13:36:00,-0.24709330690956222
2018-10-17 13:39:00,-0.2578010108931039
2018-10-17 13:42:00,-0.21633338428807747
2018-10-17 13:45:00,-0.24114117681102698
2018-10-17 13:48:00,-0.20844804022783592
2018-10-17 13:51:00,-0.23588067125967882
2018-10-17 13:54:00,-0.2377503375435026
2018-10-17 13:57:00,-0.2641995847172893
2018-10-17 14:00:00,0.04095633689598799
2018-10-17 14:03:00,0.23071224078131536
2018-10-17 14:06:00,0.09186664431746294
2018-10-17 14:09:00,0.14521620064351737
2018-10-17 14:12:00,0.18830500230228608
2018-10-17 14:15:00,0.1075182260203178
2018-10-17 14:18:00,-0.12196683718042323
2018-10-17 14:21:00,-0.14363395766736176
2018-10-17 14:24:00,-0.08423445563727228
2018-10-17 14:27:00,-0.15665951461107852
2018-10-17 14:30:00,-0.29258398318046375
2018-10-17 14:33:00,-0.22306955263007922
2018-10-17 14:36:00,-0.14316259744424542
2018-10-17 14:39:00,-0.10405690291980818
2018-10-17 14:42:00,-0.052430962529570024
2018-10-17 14:45:00,-0.11935177509963069
2018-10-17 14:48:00,-0.073196286270786
2018-10-17 14:51:00,-0.11551385312219509
2018-10-17 14:54:00,-0.2424685261655668
2018-10-17 14:57:00,-0.14735589686790718
2018-10-17 15:00:00,-0.1702214417821324
2018-10-17 15:03:00,-0.09830619964839116
2018-10-17 15:06:00,-0.16719159700909358
2018-10-17 15:09:00,-0.2803103755561551
2018-10-17 15:12:00,-0.3307303117177298
2018-10-17 15:15:00,-0.3369731567103713
2018-10-17 15:18:00,-0.24798308875631392
2018-10-17 15:21:00,-0.29373441783451426
2018-10-17 15:24:00,-0.2999383202611057
2018-10-17 15:27:00,-0.2656529216550325
2018-10-17 15:30:00,-0.2026702465437893
2018-10-17 15:33:00,-0.24311325576013587
2018-10-17 15:36:00,-0.1863806817615341
2018-10-17 15:39:00,-0.1394828731354778
2018-10-17 15:42:00,-0.09518155320415644
2018-10-17 15:45:00,-0.14096574410274343
2018-10-17 15:48:00,-0.12826955905757131
2018-10-17 15:51:00,-0.20599833094269115
2018-10-17 15:54:00,-0.25298172084779935
2018-10-17 15:57:00,-0.2163262250093112
2018-10-17 16:00:00,-0.2953637093427801
2018-10-17 16:03:00,-0.18791039716086289
2018-10-17 16:06:00,0.008186828860459627
2018-10-17 16:09:00,-0.009283477059966572
2018-10-17 16:12:00,-0.0019322489213777772
2018-10-17 16:15:00,-0.2133444858866369
2018-10-17 16:18:00,-0.23247291481544607
2018-10-17 16:21:00,-0.22026204248101067
2018-10-17 16:24:00,-0.09519114808369977
2018-10-17 16:27:00,-0.21201131195061862
2018-10-17 16:30:00,-0.30636557207424175
2018-10-17 16:33:00,-0.1547151417298096
2018-10-17 16:36:00,-0.04178192052182794
2018-10-17 16:39:00,0.04702624708767189
2018-10-17 16:42:00,-0.18543029552756707
2018-10-17 16:45:00,-0.19457137441179384
2018-10-17 16:48:00,-0.02701804901369087
2018-10-17 16:51:00,-0.0912897513886719
2018-10-17 16:54:00,0.04858670518757435
2018-10-17 16:57:00,-0.07353605399470098
2018-10-17 17:00:00,0.40901811896708296
2018-10-17 17:03:00,0.4815998125114902
2018-10-17 17:06:00,0.361541668001621
2018-10-17 17:09:00,0.4145705184504891
2018-10-17 17:12:00,0.4440947469938692
2018-10-17 17:15:00,0.187523482855795
2018-10-17 17:18:00,0.26820432460829124
2018-10-17 17:21:00,0.5489048333612345
2018-10-17 17:24:00,0.2807107943897904
2018-10-17 17:27:00,0.10669475353711277
2018-10-17 17:30:00,0.34924175331155993
2018-10-17 17:33:00,0.48239329884660265
2018-10-17 17:36:00,0.47177281758342815
2018-10-17 17:39:00,0.30922205651307877
2018-10-17 17:42:00,0.3870054512698857
2018-10-17 17:45:00,0.27535629529256767
2018-10-17 17:48:00,0.25460683878225154
2018-10-17 17:51:00,0.31982277293565176
2018-10-17 17:54:00,0.45697154375409355
2018-10-17 17:57:00,0.4655810274292662
2018-10-17 18:00:00,0.35577776252995363
2018-10-17 18:03:00,0.51994869569927
2018-10-17 18:06:00,0.6022967514004449
2018-10-17 18:09:00,0.35911301707017174
2018-10-17 18:12:00,0.33287181667452614
2018-10-17 18:15:00,0.3057168332801439
2018-10-17 18:18:00,0.32156721224106377
2018-10-17 18:21:00,0.2829830447668087
2018-10-17 18:24:00,0.24690009465962248
2018-10-17 18:27:00,0.27127971841065346
2018-10-17 18:30:00,0.47437679469589966
2018-10-17 18:33:00,0.33016525459481727
2018-10-17 18:36:00,0.15132461196867553
2018-10-17 18:39:00,0.04862908411951139
2018-10-17 18:42:00,0.11107654633178754
2018-10-17 18:45:00,0.03682835409847485
2018-10-17 18:48:00,0.1595216071947334
2018-10-17 18:51:00,0.071349170690155
2018-10-17 18:54:00,
2018-10-17 18:57:00,
2018-10-17 19:00:00,
2018-10-17 19:03:00,0.09751003986707474
2018-10-17 19:06:00,0.23764606191832627
2018-10-17 19:09:00,0.06505787017056264
2018-10-17 19:12:00,0.09751016934416157
2018-10-17 19:15:00,0.1512024147796751
2018-10-17 19:18:00,0.14149394248585168
2018-10-17 19:21:00,0.22579688668440667
2018-10-17 19:24:00,0.38771632697825
2018-10-17 19:27:00,0.6018624143563898
2018-10-17 19:30:00,0.6766796836544131
2018-10-17 19:33:00,0.591548049408118
2018-10-17 19:36:00,0.6108918535258567
2018-10-17 19:39:00,0.41434891053478395
2018-10-17 19:42:00,0.22308128137103722
2018-10-17 19:45:00,0.262593434712187
2018-10-17 19:48:00,0.31340318765256825
2018-10-17 19:51:00,0.29070074612582175
2018-10-17 19:54:00,0.1930309418402203
2018-10-17 19:57:00,0.4427144411846484
2018-10-17 20:00:00,0.35100927604497656
2018-10-17 20:03:00,0.3048913307966927
2018-10-17 20:06:00,0.21987248387813452
2018-10-17 20:09:00,0.20664032717121472
2018-10-17 20:12:00,0.027498789389937883
2018-10-17 20:15:00,0.1002311835327987
2018-10-17 20:18:00,0.11703985905751324
2018-10-17 20:21:00,0.13648614835892658
2018-10-17 20:24:00,0.08581165956741188
2018-10-17 20:27:00,0.17411602433674034
2018-10-17 20:30:00,0.09411105342303472
2018-10-17 20:33:00,0.14527845048030485
2018-10-17 20:36:00,0.11802881816686295
2018-10-17 20:39:00,0.2066993780925941
2018-10-17 20:42:00,0.10547629572835149
2018-10-17 20:45:00,0.17718185054462765
2018-10-17 20:48:00,0.14217869868980415
2018-10-17 20:51:00,0.1986981734922324
2018-10-17 20:54:00,0.10048109682810491
2018-10-17 20:57:00,0.15950699301561144
2018-10-17 21:00:00,0.22139229209255973
2018-10-17 21:03:00,0.1487171751576284
2018-10-17 21:06:00,0.173490005963572
2018-10-17 21:09:00,0.17060007511543063
2018-10-17 21:12:00,0.2246667990330593
2018-10-17 21:15:00,0.14784573779138555
2018-10-17 21:18:00,0.21677009081855658
2018-10-17 21:21:00,0.18590426539191185
2018-10-17 21:24:00,0.1298458949684118
2018-10-17 21:27:00,0.1959459033343478
2018-10-17 21:30:00,0.22425732268237653
2018-10-17 21:33:00,0.1405962905166689
2018-10-17 21:36:00,0.16594277297326698
2018-10-17 21:39:00,0.2078897327910454
2018-10-17 21:42:00,0.2828639823845833
2018-10-17 21:45:00,0.16277653086660848
2018-10-17 21:48:00,0.15003240272773155
2018-10-17 21:51:00,0.2499684709547978
2018-10-17 21:54:00,0.22129739930642245
2018-10-17 21:57:00,0.20489879114944642
2018-10-17 22:00:00,0.16808881766661443
2018-10-17 22:03:00,0.13149403033725093
2018-10-17 22:06:00,0.1658288646001438
2018-10-17 22:09:00,0.11392629198059012
2018-10-17 22:12:00,0.20248559901239105
2018-10-17 22:15:00,0.16859235726582256
2018-10-17 22:18:00,0.18758165826506001
2018-10-17 22:21:00,0.2273829821916138
2018-10-17 22:24:00,0.10953559865532725
2018-10-17 22:27:00,0.163958717770754
2018-10-17 22:30:00,0.15612992898587663
2018-10-17 22:33:00,0.21358388647172433
2018-10-17 22:36:00,0.19740818403920457
2018-10-17 22:39:00,0.1872286337255673
2018-10-17 22:42:00,0.16180599944749474
2018-10-17 22:45:00,0.14788943487542383
2018-10-17 22:48:00,0.1339001060857754
2018-10-17 22:51:00,0.1529110974176433
2018-10-17 22:54:00,0.21843733549582112
2018-10-17 22:57:00,0.15156254308141115
2018-10-17 23:00:00,0.25687975316037637
2018-10-17 23:03:00,0.25238140642670714
2018-10-17 23:06:00,0.24656808204349545
2018-10-17 23:09:00,0.13453722723221517
2018-10-17 23:12:00,0.16539017478152118
2018-10-17 23:15:00,0.12140666574441639
2018-10-17 23:18:00,0.31047910944010937
2018-10-17 23:21:00,0.25271066802315545
2018-10-17 23:24:00,0.23834673768197945
2018-10-17 23:27:00,0.1938134896508359
2018-10-17 23:30:00,0.25370237368974813
2018-10-17 23:33:00,0.20123612829200965
2018-10-17 23:36:00,0.17660713307662945
2018-10-17 23:39:00,0.18794919419093503
2018-10-17 23:42:00,0.12379311134401405
2018-10-17 23:45:00,0.12605776126002866
2018-10-17 23:48:00,0.2133821485924159
2018-10-17 23:51:00,0.26555805722500736
2018-10-17 23:54:00,0.19362781157843756
2018-10-17 23:57:00,0.19198263257760573
2018-10-18 00:00:00,0.25419833133065595
2018-10-18 00:03:00,0.2555316602902735
2018-10-18 00:06:00,0.2112925546397264
2018-10-18 00:09:00,0.3949017241515662
2018-10-18 00:12:00,0.26967405171194514
2018-10-18 00:15:00,0.21748464198435613
2018-10-18 00:18:00,0.25053253588515645
2018-10-18 00:21:00,0.20514290163231408
2018-10-18 00:24:00,0.23276745611582328
2018-10-18 00:27:00,0.21905133629189777
2018-10-18 00:30:00,0.2545189068481477
2018-10-18 00:33:00,0.20765341020438655
2018-10-18 00:36:00,0.32379274203037767
2018-10-18 00:39:00,0.19063437704329544
2018-10-18 00:42:00,0.2723828585524757
2018-10-18 00:45:00,0.21590553539249413
2018-10-18 00:48:00,0.27478759955931764
2018-10-18 00:51:00,0.3265479644688867
2018-10-18 00:54:00,0.27827204400739447
2018-10-18 00:57:00,0.22962862397827166
2018-10-18 01:00:00,0.2857891929942866
2018-10-18 01:03:00,0.3816308890179698
2018-10-18 01:06:00,0.31580300574989906
2018-10-18 01:09:00,0.3167272653349755
2018-10-18 01:12:00,0.38236369543676574
2018-10-18 01:15:00,0.27338551801517497
2018-10-18 01:18:00,0.2530599163824263
2018-10-18 01:21:00,0.24776730365385902
2018-10-18 01:24:00,0.29979928559498603
2018-10-18 01:27:00,0.2856156385537929
2018-10-18 01:30:00,0.18187575061443795
2018-10-18 01:33:00,0.2547384832213879
2018-10-18 01:36:00,0.22798390605026952
2018-10-18 01:39:00,0.27148451263713014
2018-10-18 01:42:00,0.22866706555390692
2018-10-18 01:45:00,0.24666339504932466
2018-10-18 01:48:00,0.23719204585660236
2018-10-18 01:51:00,0.22675764948053256
2018-10-18 01:54:00,0.25987147750720396
2018-10-18 01:57:00,0.34048109388368175
2018-10-18 02:00:00,0.24471970435467938
2018-10-18 02:03:00,0.2398437482614213
2018-10-18 02:06:00,0.33577450030759337
2018-10-18 02:09:00,0.23194807915643878
2018-10-18 02:12:00,0.32721602463914223
2018-10-18 02:15:00,0.3422259404440524
2018-10-18 02:18:00,0.2982138233202818
2018-10-18 02:21:00,0.3135059866378924
2018-10-18 02:24:00,0.35465758618090604
2018-10-18 02:27:00,0.30244280911114174
2018-10-18 02:30:00,0.18897001009321457
2018-10-18 02:33:00,0.3264907621130533
2018-10-18 02:36:00,0.29352505253280015
2018-10-18 02:39:00,0.30511409580282134
2018-10-18 02:42:00,0.32089118679368767
2018-10-18 02:45:00,0.2686311172931255
2018-10-18 02:48:00,0.34015450960788485
2018-10-18 02:51:00,0.2826658984387791
2018-10-18 02:54:00,0.25216795377656354
2018-10-18 02:57:00,0.2851389170762104
2018-10-18 03:00:00,0.3559995433105314
2018-10-18 03:03:00,0.32047467512757066
2018-10-18 03:06:00,0.3438051575331542
2018-10-18 03:09:00,0.3716291089117476
2018-10-18 03:12:00,0.27276934708703493
2018-10-18 03:15:00,0.36659016925193555
2018-10-18 03:18:00,0.3547302984464977
2018-10-18 03:21:00,0.301353635311159
2018-10-18 03:24:00,0.25784657394251553
2018-10-18 03:27:00,0.30701919753937545
2018-10-18 03:30:00,0.41313048189061874
2018-10-18 03:33:00,0.3652637131179972
2018-10-18 03:36:00,0.33356474992274343
2018-10-18 03:39:00,0.3639354831640844
2018-10-18 03:42:00,0.35872582129911734
2018-10-18 03:45:00,0.36370862511563473
2018-10-18 03:48:00,0.29365829359221607
2018-10-18 03:51:00,0.3453837862886644
2018-10-18 03:54:00,0.43694632510198517
2018-10-18 03:57:00,0.18278669640108092
2018-10-18 04:00:00,0.30576565390890664
2018-10-18 04:03:00,0.2698180858065484
2018-10-18 04:06:00,0.22664288938278787
2018-10-18 04:09:00,0.32162139350447205
2018-10-18 04:12:00,0.2933082224612349
2018-10-18 04:15:00,0.3261376444469306
2018-10-18 04:18:00,0.3665833562160401
2018-10-18 04:21:00,0.2226401832637066
2018-10-18 04:24:00,0.3436022957308751
2018-10-18 04:27:00,0.26524270214855505
2018-10-18 04:30:00,0.41075158858205896
2018-10-18 04:33:00,0.3732161801548841
2018-10-18 04:36:00,0.3386703866331118
2018-10-18 04:39:00,0.3253334530594998
2018-10-18 04:42:00,0.31571922888133486
2018-10-18 04:45:00,0.28529794251210205
2018-10-18 04:48:00,0.3029864508114315
2018-10-18 04:51:00,0.2822004278409054
2018-10-18 04:54:00,0.2734620768639502
2018-10-18 04:57:00,0.24290731553327305
2018-10-18 05:00:00,0.26456272914265355
2018-10-18 05:03:00,0.31594895759019437
2018-10-18 05:06:00,0.26834196186268855
2018-10-18 05:09:00,0.30661778937883355
2018-10-18 05:12:00,0.38536444978035433
2018-10-18 05:15:00,0.2883940675270651
2018-10-18 05:18:00,0.288475319151587
2018-10-18 05:21:00,0.3149511691710245
2018-10-18 05:24:00,0.29925729564843095
2018-10-18 05:27:00,0.25279005516529196
2018-10-18 05:30:00,0.27926708781660636
2018-10-18 05:33:00,0.3152017759883279
2018-10-18 05:36:00,0.35062882305129506
2018-10-18 05:39:00,0.3160157556778245
2018-10-18 05:42:00,0.30905808785308864
2018-10-18 05:45:00,0.266567489877616
2018-10-18 05:48:00,0.25985473772442447
2018-10-18 05:51:00,0.2623939726432809
2018-10-18 05:54:00,0.35170655434797027
2018-10-18 05:57:00,0.2753709149852739
2018-10-18 06:00:00,0.3254045789691986
2018-10-18 06:03:00,0.3146370218174752
2018-10-18 06:06:00,0.3135028104630919
2018-10-18 06:09:00,0.37450484706721454
2018-10-18 06:12:00,0.3194922975409895
2018-10-18 06:15:00,0.2958218780995594
2018-10-18 06:18:00,0.1855054344211453
2018-10-18 06:21:00,0.2481932232459485
2018-10-18 06:24:00,0.274078474589885
2018-10-18 06:27:00,0.22246528613828787
2018-10-18 06:30:00,0.3698163121881066
2018-10-18 06:33:00,0.3007995536310091
2018-10-18 06:36:00,0.27758521689236204
2018-10-18 06:39:00,0.31361134729058904
2018-10-18 06:42:00,0.2786774955665692
2018-10-18 06:45:00,0.2659655223191635
2018-10-18 06:48:00,0.25462552288848883
2018-10-18 06:51:00,0.3278808026626052
2018-10-18 06:54:00,0.29327455261386604
2018-10-18 06:57:00,0.24472092323634342
2018-10-18 07:00:00,0.31729031664235663
2018-10-18 07:03:00,0.2642255367270536
2018-10-18 07:06:00,0.2583503059381087
2018-10-18 07:09:00,0.34658108908882923
2018-10-18 07:12:00,0.2888068696426558
2018-10-18 07:15:00,0.22055103738290427
2018-10-18 07:18:00,0.21836496200353395
2018-10-18 07:21:00,0.2940635252176662
2018-10-18 07:24:00,0.25466321802809944
2018-10-18 07:27:00,0.15170927678542512
2018-10-18 07:30:00,0.16174715109440285
2018-10-18 07:33:00,0.24747790490152966
2018-10-18 07:36:00,0.22612495831225488
2018-10-18 07:39:00,0.21683036647021936
2018-10-18 07:42:00,0.17055608018500834
2018-10-18 07:45:00,0.239613570815834
2018-10-18 07:48:00,0.3331496170256969
2018-10-18 07:51:00,0.507111452440995
2018-10-18 07:54:00,0.5220972063194722
2018-10-18 07:57:00,0.5939017066930887
2018-10-18 08:00:00,0.5268808837498682
2018-10-18 08:03:00,0.32521035608715465
2018-10-18 08:06:00,0.551268410551188
2018-10-18 08:09:00,0.4640159470858407
2018-10-18 08:12:00,0.40454997399643844
2018-10-18 08:15:00,0.3792827954533209
2018-10-18 08:18:00,0.2193522998785511
2018-10-18 08:21:00,0.2667813034620963
2018-10-18 08:24:00,0.5915767111295054
2018-10-18 08:27:00,0.7245834467878467
2018-10-18 08:30:00,0.5558720949831013
2018-10-18 08:33:00,0.6887468751872916
2018-10-18 08:36:00,0.5957242307288197
2018-10-18 08:39:00,0.6789349475408812
2018-10-18 08:42:00,0.7892649433561587
2018-10-18 08:45:00,0.7856920004430776
2018-10-18 08:48:00,0.819480930412567
2018-10-18 08:51:00,0.7905345019387937
2018-10-18 08:54:00,0.6465989592365418
2018-10-18 08:57:00,0.6945034302444242
2018-10-18 09:00:00,0.7845799025575957
2018-10-18 09:03:00,0.7207845581117454
2018-10-18 09:06:00,0.4147809948134409
2018-10-18 09:09:00,0.45292532325464663
2018-10-18 09:12:00,0.28870160518783905
2018-10-18 09:15:00,0.3725292578037056
2018-10-18 09:18:00,0.37798297786906687
2018-10-18 09:21:00,0.2660302689835703
2018-10-18 09:24:00,0.23121535702307483
2018-10-18 09:27:00,0.3041339539825003
2018-10-18 09:30:00,0.2857004143272093
2018-10-18 09:33:00,0.27357455600343883
2018-10-18 09:36:00,0.26855523306795703
2018-10-18 09:39:00,0.22853978000262032
2018-10-18 09:42:00,0.22386703983278267
2018-10-18 09:45:00,0.2606237114927694
2018-10-18 09:48:00,0.14215689231428996
2018-10-18 09:51:00,0.22541941867467585
2018-10-18 09:54:00,0.2538943913397702
2018-10-18 09:57:00,0.2836257115680496
2018-10-18 10:00:00,0.21352631436388947
2018-10-18 10:03:00,0.29057808787092654
2018-10-18 10:06:00,0.2133100680066491
2018-10-18 10:09:00,0.26765256554023154
2018-10-18 10:12:00,0.19779851462635634
2018-10-18 10:15:00,0.22034265519073415
2018-10-18 10:18:00,0.16439585388212663
2018-10-18 10:21:00,0.17915474494157024
2018-10-18 10:24:00,0.1560053868910245
2018-10-18 10:27:00,0.145800733428473
2018-10-18 10:30:00,0.14734113316114872
2018-10-18 10:33:00,0.07121532660795538
2018-10-18 10:36:00,0.13091919910351635
2018-10-18 10:39:00,0.009719638523790763
2018-10-18 10:42:00,0.13685777572322877
2018-10-18 10:45:00,0.35994391662512726
2018-10-18 10:48:00,0.42849192424364446
2018-10-18 10:51:00,0.24851811550149705
2018-10-18 10:54:00,0.06776706222444773
2018-10-18 10:57:00,0.04203161123530208
2018-10-18 11:00:00,0.32500175853760993
2018-10-18 11:03:00,0.20395015537889094
2018-10-18 11:06:00,0.3109899664582372
2018-10-18 11:09:00,0.4110498122295212
2018-10-18 11:12:00,0.4136999918387687
2018-10-18 11:15:00,0.47179926166512587
2018-10-18 11:18:00,0.40778939370926537
2018-10-18 11:21:00,0.33641162945053793
2018-10-18 11:24:00,0.23377844743021114
2018-10-18 11:27:00,0.1286978272238457
2018-10-18 11:30:00,0.16143298233924952
2018-10-18 11:33:00,0.13853251656792054
2018-10-18 11:36:00,0.2657488739424707
2018-10-18 11:39:00,0.18975938605461806
2018-10-18 11:42:00,0.26939981015311787
2018-10-18 11:45:00,0.2916457590754362
2018-10-18 11:48:00,0.27014005569992605
2018-10-18 11:51:00,0.26842968290725366
2018-10-18 11:54:00,0.2052787796904454
2018-10-18 11:57:00,0.07428892156627853
2018-10-18 12:00:00,0.3205994979121556
2018-10-18 12:03:00,0.32388029006853003
2018-10-18 12:06:00,0.3851832800536954
2018-10-18 12:09:00,0.3020402120300787
2018-10-18 12:12:00,0.2820104308549958
2018-10-18 12:15:00,0.3187712415332271
2018-10-18 12:18:00,0.23791134135808534
2018-10-18 12:21:00,0.18061848730707197
2018-10-18 12:24:00,0.21524024957710708
2018-10-18 12:27:00,0.2261265922876987
2018-10-18 12:30:00,0.3803943995476402
2018-10-18 12:33:00,0.3346642557913242
2018-10-18 12:36:00,0.2477372454920328
2018-10-18 12:39:00,0.1867227447391997
2018-10-18 12:42:00,0.2515522890244597
2018-10-18 12:45:00,0.22757945532327994
2018-10-18 12:48:00,0.20619139757229732
2018-10-18 12:51:00,0.1982357887398507
2018-10-18 12:54:00,0.15739920035855448
2018-10-18 12:57:00,0.21684552776616783
2018-10-18 13:00:00,0.14760606756539119
2018-10-18 13:03:00,0.17425618085229644
2018-10-18 13:06:00,0.2770689423130648
2018-10-18 13:09:00,0.19157536020139787
2018-10-18 13:12:00,0.35645577236311965
2018-10-18 13:15:00,0.32574137833893246
2018-10-18 13:18:00,0.12149436378047085
2018-10-18 13:21:00,0.20102752122141965
2018-10-18 13:24:00,0.24772003230316386
2018-10-18 13:27:00,0.26407441429563505
2018-10-18 13:30:00,0.2094360530837207
2018-10-18 13:33:00,0.1704266660470921
2018-10-18 13:36:00,0.14152323605259198
2018-10-18 13:39:00,0.11297053733642315
2018-10-18 13:42:00,0.2182045692381962
2018-10-18 13:45:00,0.10560070835691704
2018-10-18 13:48:00,0.15166841714614065
2018-10-18 13:51:00,0.18762858682509886
2018-10-18 13:54:00,0.1511160261681539
2018-10-18 13:57:00,0.1356898366965993
2018-10-18 14:00:00,0.16819559521735528
2018-10-18 14:03:00,0.20106355433745193
2018-10-18 14:06:00,0.28467795583037514
2018-10-18 14:09:00,0.30919389974854994
2018-10-18 14:12:00,0.2183217375179538
2018-10-18 14:15:00,0.2458920127733677
2018-10-18 14:18:00,0.212300313623075
2018-10-18 14:21:00,0.26728838078116723
2018-10-18 14:24:00,0.2172258064107382
2018-10-18 14:27:00,0.15339519388027156
2018-10-18 14:30:00,0.007223682328231007
2018-10-18 14:33:00,-0.005015409952250138
2018-10-18 14:36:00,-0.004214949172421711
2018-10-18 14:39:00,0.12743332088098214
2018-10-18 14:42:00,0.14614839458295137
2018-10-18 14:45:00,0.13918270804805388
2018-10-18 14:48:00,0.10428064775499024
2018-10-18 14:51:00,0.13390487742486812
2018-10-18 14:54:00,0.11816131138283481
2018-10-18 14:57:00,0.07377246005927418
2018-10-18 15:00:00,0.1311136278388858
2018-10-18 15:03:00,0.15454182543527395
2018-10-18 15:06:00,-0.06918106044753358
2018-10-18 15:09:00,-0.007432588583185407
2018-10-18 15:12:00,0.12206031633343173
2018-10-18 15:15:00,0.16175182001984467
2018-10-18 15:18:00,0.12740487481687524
2018-10-18 15:21:00,0.05590925003599523
2018-10-18 15:24:00,-0.14873024483500785
2018-10-18 15:27:00,-0.14502374918981786
2018-10-18 15:30:00,-0.23658190191821404
2018-10-18 15:33:00,-0.21187247160764855
2018-10-18 15:36:00,-0.10631729854196692
2018-10-18 15:39:00,-0.20441032476236387
2018-10-18 15:42:00,-0.1968915069944046
2018-10-18 15:45:00,-0.12189969106202625
2018-10-18 15:48:00,-0.22034619805486955
2018-10-18 15:51:00,-0.17000293047652804
2018-10-18 15:54:00,-0.19826852744483858
2018-10-18 15:57:00,-0.038625871383715094
2018-10-18 16:00:00,0.16510756052753095
2018-10-18 16:03:00,0.26819415034862004
2018-10-18 16:06:00,0.2742393247887662
2018-10-18 16:09:00,0.1854729585243149
2018-10-18 16:12:00,0.0569674463578167
2018-10-18 16:15:00,0.10576899326679268
2018-10-18 16:18:00,0.04957045618118627
2018-10-18 16:21:00,0.06857859732218685
2018-10-18 16:24:00,-0.09076309328946763
2018-10-18 16:27:00,-0.10615611940136205
2018-10-18 16:30:00,-0.10260466065159335
2018-10-18 16:33:00,-0.15215576161699573
2018-10-18 16:36:00,-0.20873153742326167
2018-10-18 16:39:00,-0.279673064236988
2018-10-18 16:42:00,-0.16438379359493638
2018-10-18 16:45:00,-0.20014955210979224
2018-10-18 16:48:00,-0.24592896085857774
2018-10-18 16:51:00,-0.20157758963853212
2018-10-18 16:54:00,-0.15394105378567247
2018-10-18 16:57:00,-0.1819792357380834
2018-10-18 17:00:00,-0.18157519666323196
2018-10-18 17:03:00,-0.12482010992857795
2018-10-18 17:06:00,-0.08194013090462704
2018-10-18 17:09:00,-0.10067705490428125
2018-10-18 17:12:00,-0.2590071122196491
2018-10-18 17:15:00,-0.04423443025649476
2018-10-18 17:18:00,-0.12121867833337774
2018-10-18 17:21:00,-0.08360928813044666
2018-10-18 17:24:00,-0.07673229113919433
2018-10-18 17:27:00,-0.22119849824321136
2018-10-18 17:30:00,-0.11056064467976512
2018-10-18 17:33:00,-0.16191718195506155
2018-10-18 17:36:00,-0.1033469680376129
2018-10-18 17:39:00,-0.12681875726485714
2018-10-18 17:42:00,-0.1211584669560466
2018-10-18 17:45:00,-0.13723909319980976
2018-10-18 17:48:00,-0.1307037925230361
2018-10-18 17:51:00,-0.026040744071565314
2018-10-18 17:54:00,-0.04104520477994811
2018-10-18 17:57:00,-0.062048797230772834
2018-10-18 18:00:00,-0.10763423457638055
2018-10-18 18:03:00,-0.019557029096915812
2018-10-18 18:06:00,-0.07637991905977515
2018-10-18 18:09:00,-0.02691621551912249
2018-10-18 18:12:00,-0.026224747248477343
2018-10-18 18:15:00,0.02029713727864646
2018-10-18 18:18:00,-0.004415649191912507
2018-10-18 18:21:00,-0.059087873179976214
2018-10-18 18:24:00,-0.05358407776924423
2018-10-18 18:27:00,0.028456931110270034
2018-10-18 18:30:00,-0.007711298529613941
2018-10-18 18:33:00,-0.05929185820860994
2018-10-18 18:36:00,-0.06107742659793303
2018-10-18 18:39:00,0.019395889572990654
2018-10-18 18:42:00,0.07182005432105143
2018-10-18 18:45:00,0.04916993608287612
2018-10-18 18:48:00,0.0033547743920507855
2018-10-18 18:51:00,-0.0014545576036653074
2018-10-18 18:54:00,0.06610743919395645
2018-10-18 18:57:00,
2018-10-18 19:00:00,
2018-10-18 19:03:00,0.07957187850735181
2018-10-18 19:06:00,0.11198456610287622
2018-10-18 19:09:00,-0.015085318478611498
2018-10-18 19:12:00,0.054147637674532234
2018-10-18 19:15:00,0.04181458303924046
2018-10-18 19:18:00,0.08410856636265862
2018-10-18 19:21:00,0.05183848299981264
2018-10-18 19:24:00,0.06778362392140025
2018-10-18 19:27:00,0.037281360060603674
2018-10-18 19:30:00,0.030328072925271954
2018-10-18 19:33:00,0.045908844163705
2018-10-18 19:36:00,0.011601686853111914
2018-10-18 19:39:00,0.11915407013708545
2018-10-18 19:42:00,0.10444483417944639
2018-10-18 19:45:00,0.07074036791760818
2018-10-18 19:48:00,0.0426939927928629
2018-10-18 19:51:00,0.15521145829154648
2018-10-18 19:54:00,0.10416352421236752
2018-10-18 19:57:00,0.11200861689019348
2018-10-18 20:00:00,0.11787686622949423
2018-10-18 20:03:00,0.17673223344621647
2018-10-18 20:06:00,0.17094356371541153
2018-10-18 20:09:00,0.2278006000801156
2018-10-18 20:12:00,0.1332170240299888
2018-10-18 20:15:00,0.20786063676541744
2018-10-18 20:18:00,0.20000662911576228
2018-10-18 20:21:00,0.18181456215631897
2018-10-18 20:24:00,0.11744832327389076
2018-10-18 20:27:00,0.16750017029892206
2018-10-18 20:30:00,0.11511610305609565
2018-10-18 20:33:00,0.08754618588613994
2018-10-18 20:36:00,0.06768365040318258
2018-10-18 20:39:00,0.06564770123605967
2018-10-18 20:42:00,0.10313322385076162
2018-10-18 20:45:00,-0.019284893899168765
2018-10-18 20:48:00,0.10742587638299028
2018-10-18 20:51:00,0.020994872273661258
2018-10-18 20:54:00,0.13036477060740026
2018-10-18 20:57:00,0.10055082647744484
2018-10-18 21:00:00,0.1608901748268181
2018-10-18 21:03:00,0.1542831368403199
2018-10-18 21:06:00,0.24495948664542766
2018-10-18 21:09:00,0.17827456529442998
2018-10-18 21:12:00,0.29759460291944606
2018-10-18 21:15:00,0.2693920072662195
2018-10-18 21:18:00,0.3459936127352421
2018-10-18 21:21:00,0.2878214978632627
2018-10-18 21:24:00,0.1739714932630818
2018-10-18 21:27:00,0.34076110663789905
2018-10-18 21:30:00,0.4870812054917337
2018-10-18 21:33:00,0.5745585609610657
2018-10-18 21:36:00,0.5898067672280831
2018-10-18 21:39:00,0.6563376448097529
2018-10-18 21:42:00,0.6291168352181558
2018-10-18 21:45:00,0.4952529254360343
2018-10-18 21:48:00,0.404104119980218
2018-10-18 21:51:00,0.4088927929228703
2018-10-18 21:54:00,0.3370086229683693
2018-10-18 21:57:00,0.2590374005844751
2018-10-18 22:00:00,0.24950306326149985
2018-10-18 22:03:00,0.21767462483541067
2018-10-18 22:06:00,0.2778505197872505
2018-10-18 22:09:00,0.3085628154503297
2018-10-18 22:12:00,0.22008825706404878
2018-10-18 22:15:00,0.2700388559010207
2018-10-18 22:18:00,0.2795767565382903
2018-10-18 22:21:00,0.2944979974056423
2018-10-18 22:24:00,0.34883258428300223
2018-10-18 22:27:00,0.25053152794151856
2018-10-18 22:30:00,0.32825452365563024
2018-10-18 22:33:00,0.33087096885316214
2018-10-18 22:36:00,0.3183745347106992
2018-10-18 22:39:00,0.3324008746317304
2018-10-18 22:42:00,0.44268345446727153
2018-10-18 22:45:00,0.6474613723943321
2018-10-18 22:48:00,0.6763922080902489
2018-10-18 22:51:00,0.7267959726901267
2018-10-18 22:54:00,0.7074285624366325
2018-10-18 22:57:00,0.5307239739890974
2018-10-18 23:00:00,0.4548978392968479
2018-10-18 23:03:00,0.3643730007452177
2018-10-18 23:06:00,0.34853996728537595
2018-10-18 23:09:00,0.29906006862699996
2018-10-18 23:12:00,0.322242114715209
2018-10-18 23:15:00,0.3160983606337595
2018-10-18 23:18:00,0.266003043885064
2018-10-18 23:21:00,0.37032358636741947
2018-10-18 23:24:00,0.36773144338326347
2018-10-18 23:27:00,0.373667977821583
2018-10-18 23:30:00,0.2650568029677629
2018-10-18 23:33:00,0.3233615588411567
2018-10-18 23:36:00,0.44075832021059114
2018-10-18 23:39:00,0.316907610865826
2018-10-18 23:42:00,0.3027091954922412
2018-10-18 23:45:00,0.36666186877062046
2018-10-18 23:48:00,0.37509471815440065
2018-10-18 23:51:00,0.3679474690725897
2018-10-18 23:54:00,0.3486383721785842
2018-10-18 23:57:00,0.3686279279917244
2018-10-19 00:00:00,0.33660289963683
2018-10-19 00:03:00,0.25843474904058894
2018-10-19 00:06:00,0.31992729332131375
2018-10-19 00:09:00,0.29578580176519154
2018-10-19 00:12:00,0.2737664207295438
2018-10-19 00:15:00,0.3493948846007129
2018-10-19 00:18:00,0.2972333316134268
2018-10-19 00:21:00,0.3878095569172615
2018-10-19 00:24:00,0.3713466340114451
2018-10-19 00:27:00,0.43622898659776865
2018-10-19 00:30:00,0.3337721943765928
2018-10-19 00:33:00,0.27486889858653285
2018-10-19 00:36:00,0.27492668172703816
2018-10-19 00:39:00,0.3863528540941843
2018-10-19 00:42:00,0.2873632315885857
2018-10-19 00:45:00,0.2534892253966632
2018-10-19 00:48:00,0.2927290000998255
2018-10-19 00:51:00,0.3209751421291571
2018-10-19 00:54:00,0.299875675845783
2018-10-19 00:57:00,0.20630630079136836
2018-10-19 01:00:00,0.29099696892416205
2018-10-19 01:03:00,0.25691114428906303
2018-10-19 01:06:00,0.3102370585866083
2018-10-19 01:09:00,0.3438326367337936
2018-10-19 01:12:00,0.3476348780574767
2018-10-19 01:15:00,0.35106852414241985
2018-10-19 01:18:00,0.27636256256886327
2018-10-19 01:21:00,0.31760143073347535
2018-10-19 01:24:00,0.23000508085630145
2018-10-19 01:27:00,0.2962928627322867
2018-10-19 01:30:00,0.3000179098194167
2018-10-19 01:33:00,0.3324335932797453
2018-10-19 01:36:00,0.3140845856037231
2018-10-19 01:39:00,0.30804935210164786
2018-10-19 01:42:00,0.3162888756176585
2018-10-19 01:45:00,0.2189074229602852
2018-10-19 01:48:00,0.26021252864245525
2018-10-19 01:51:00,0.26054628972298133
2018-10-19 01:54:00,0.27961234699034776
2018-10-19 01:57:00,0.28363794160782163
2018-10-19 02:00:00,0.27707379730429693
2018-10-19 02:03:00,0.3293735880835129
2018-10-19 02:06:00,0.31291675844653355
2018-10-19 02:09:00,0.29111848725938216
2018-10-19 02:12:00,0.27887434018549584
2018-10-19 02:15:00,0.2738938887255813
2018-10-19 02:18:00,0.2152593036424264
2018-10-19 02:21:00,0.33511432484834813
2018-10-19 02:24:00,0.34101957017162476
2018-10-19 02:27:00,0.2021511603234103
2018-10-19 02:30:00,0.2752555757430173
2018-10-19 02:33:00,0.21420671869498165
2018-10-19 02:36:00,0.2855719923011293
2018-10-19 02:39:00,0.23678412315769037
2018-10-19 02:42:00,0.20795475336211666
2018-10-19 02:45:00,0.21262730959756482
2018-10-19 02:48:00,0.20207566394634568
2018-10-19 02:51:00,0.2117108365406466
2018-10-19 02:54:00,0.215100917754512
2018-10-19 02:57:00,0.25528639623433946
2018-10-19 03:00:00,0.2601865545049691
2018-10-19 03:03:00,0.22274756806615414
2018-10-19 03:06:00,0.17320733603571625
2018-10-19 03:09:00,0.2396234834218376
2018-10-19 03:12:00,0.17728197205241258
2018-10-19 03:15:00,0.2490479896420652
2018-10-19 03:18:00,0.35815285573079336
2018-10-19 03:21:00,0.2206095688361529
2018-10-19 03:24:00,0.3098449878746692
2018-10-19 03:27:00,0.21891161537195103
2018-10-19 03:30:00,0.26733781188295325
2018-10-19 03:33:00,0.25346116745453173
2018-10-19 03:36:00,0.17853656173411991
2018-10-19 03:39:00,0.3867115309295741
2018-10-19 03:42:00,0.24268839851754365
2018-10-19 03:45:00,0.3324052434284681
2018-10-19 03:48:00,0.2313467426868101
2018-10-19 03:51:00,0.3054130027617816
2018-10-19 03:54:00,0.2432403938501011
2018-10-19 03:57:00,0.27054321058216146
2018-10-19 04:00:00,0.33827540608746176
2018-10-19 04:03:00,0.3040653264303046
2018-10-19 04:06:00,0.19747441079630335
2018-10-19 04:09:00,0.2720072007530234
2018-10-19 04:12:00,0.3054881673206751
2018-10-19 04:15:00,0.3077985808945414
2018-10-19 04:18:00,0.30231482901047
2018-10-19 04:21:00,0.3167224628001577
2018-10-19 04:24:00,0.37025412261010615
2018-10-19 04:27:00,0.42826677599424556
2018-10-19 04:30:00,0.47656354956239966
2018-10-19 04:33:00,0.4648912956214417
2018-10-19 04:36:00,0.4513113708151195
2018-10-19 04:39:00,0.44126736221039664
2018-10-19 04:42:00,0.40159551993320974
2018-10-19 04:45:00,0.5043361248944507
2018-10-19 04:48:00,0.5025521212184003
2018-10-19 04:51:00,0.3997409756578918
2018-10-19 04:54:00,0.46743411398489343
2018-10-19 04:57:00,0.5113205375555481
2018-10-19 05:00:00,0.41283735803614263
2018-10-19 05:03:00,0.3500302267345887
2018-10-19 05:06:00,0.41359992185061856
2018-10-19 05:09:00,0.4201172898833647
2018-10-19 05:12:00,0.37359549262106384
2018-10-19 05:15:00,0.3785902871628082
2018-10-19 05:18:00,0.32867983444754145
2018-10-19 05:21:00,0.26423818753647765
2018-10-19 05:24:00,0.269828055508583
2018-10-19 05:27:00,0.321800192144849
2018-10-19 05:30:00,0.26256127958532716
2018-10-19 05:33:00,0.31005474529359844
2018-10-19 05:36:00,0.2578848112027572
2018-10-19 05:39:00,0.30900763130478026
2018-10-19 05:42:00,0.2846792392743964
2018-10-19 05:45:00,0.31070937079243777
2018-10-19 05:48:00,0.3135993926950391
2018-10-19 05:51:00,0.3622780936238996
2018-10-19 05:54:00,0.3367117773432824
2018-10-19 05:57:00,0.29265952072006485
2018-10-19 06:00:00,0.30826497013202925
2018-10-19 06:03:00,0.2375233733702089
2018-10-19 06:06:00,0.2537028656145708
2018-10-19 06:09:00,0.28285027550901987
2018-10-19 06:12:00,0.30413940438057807
2018-10-19 06:15:00,0.32961605092970103
2018-10-19 06:18:00,0.32193428837626925
2018-10-19 06:21:00,0.3298707337396536
2018-10-19 06:24:00,0.3443902178892131
2018-10-19 06:27:00,0.392606287115143
2018-10-19 06:30:00,0.39673289225191866
2018-10-19 06:33:00,0.33368630892903184
2018-10-19 06:36:00,0.36895375596571967
2018-10-19 06:39:00,0.33415439885317255
2018-10-19 06:42:00,0.4175362719977329
2018-10-19 06:45:00,0.43027806631033627
2018-10-19 06:48:00,0.37899913510528904
2018-10-19 06:51:00,0.4057532608891279
2018-10-19 06:54:00,0.40307521604165686
2018-10-19 06:57:00,0.4379739237722333
2018-10-19 07:00:00,0.3938689695694393
2018-10-19 07:03:00,0.4092615767825123
2018-10-19 07:06:00,0.26994541540335604
2018-10-19 07:09:00,0.3855455105940564
2018-10-19 07:12:00,0.25952862457535275
2018-10-19 07:15:00,0.31640620278892584
2018-10-19 07:18:00,0.29286125814502384
2018-10-19 07:21:00,0.25993263889461105
2018-10-19 07:24:00,0.2808068413336855
2018-10-19 07:27:00,0.2830373782514357
2018-10-19 07:30:00,0.25913738458558555
2018-10-19 07:33:00,0.27531546865782275
2018-10-19 07:36:00,0.22076987117850422
2018-10-19 07:39:00,0.23765251793946618
2018-10-19 07:42:00,0.29875480600588844
2018-10-19 07:45:00,0.25229493306102313
2018-10-19 07:48:00,0.1820184137969818
2018-10-19 07:51:00,0.28014314876656954
2018-10-19 07:54:00,0.25986540333542507
2018-10-19 07:57:00,0.22036468136531084
2018-10-19 08:00:00,0.19578447778360442
2018-10-19 08:03:00,0.1965313202994139
2018-10-19 08:06:00,0.24882228207991375
2018-10-19 08:09:00,0.26849824494428276
2018-10-19 08:12:00,0.20914135557774216
2018-10-19 08:15:00,0.17824043154632818
2018-10-19 08:18:00,0.18431220041088636
2018-10-19 08:21:00,0.15968163047892858
2018-10-19 08:24:00,0.16415554803728583
2018-10-19 08:27:00,0.2000882294701114
2018-10-19 08:30:00,0.2098905834531024
2018-10-19 08:33:00,0.2922238809075566
2018-10-19 08:36:00,0.007093601917574688
2018-10-19 08:39:00,0.2286989722917383
2018-10-19 08:42:00,0.167498419467222
2018-10-19 08:45:00,0.18449742511643308
2018-10-19 08:48:00,0.21109764269289144
2018-10-19 08:51:00,0.13790072642512996
2018-10-19 08:54:00,0.17005378780640967
2018-10-19 08:57:00,0.14712442643093482
2018-10-19 09:00:00,0.14530894051813448
2018-10-19 09:03:00,0.14695338819433346
2018-10-19 09:06:00,0.1776385264230953
2018-10-19 09:09:00,0.16828712837633475
2018-10-19 09:12:00,0.15937858768222668
2018-10-19 09:15:00,0.20294817781069696
2018-10-19 09:18:00,0.2031175645634562
2018-10-19 09:21:00,0.15280332615418502
2018-10-19 09:24:00,0.14135754184155758
2018-10-19 09:27:00,0.14232322250620655
2018-10-19 09:30:00,0.1486908184500635
2018-10-19 09:33:00,0.06386733791362076
2018-10-19 09:36:00,0.11384851437202315
2018-10-19 09:39:00,0.1378886385170972
2018-10-19 09:42:00,-0.023680964445873087
2018-10-19 09:45:00,0.11117971546252647
2018-10-19 09:48:00,0.12572253671248745
2018-10-19 09:51:00,0.020841132775672122
2018-10-19 09:54:00,0.11658072921670737
2018-10-19 09:57:00,0.05447125627688365
2018-10-19 10:00:00,0.05791857590611471
2018-10-19 10:03:00,0.03157377338919787
2018-10-19 10:06:00,0.057822635764239294
2018-10-19 10:09:00,0.04345579252333209
2018-10-19 10:12:00,0.013261212232691832
2018-10-19 10:15:00,0.008245714027566464
2018-10-19 10:18:00,-0.019879751585961003
2018-10-19 10:21:00,-0.05099654204985882
2018-10-19 10:24:00,0.07675042019997136
2018-10-19 10:27:00,0.08881480492766514
2018-10-19 10:30:00,0.014409983409620963
2018-10-19 10:33:00,0.006515473832564567
2018-10-19 10:36:00,-0.037363218750954275
2018-10-19 10:39:00,0.044917900518157694
2018-10-19 10:42:00,-0.036106618418557446
2018-10-19 10:45:00,-0.12468336756978715
2018-10-19 10:48:00,-0.08219980390089177
2018-10-19 10:51:00,-0.09419332382208268
2018-10-19 10:54:00,-0.09851125102750302
2018-10-19 10:57:00,-0.09923894595004867
2018-10-19 11:00:00,-0.0878826522498457
2018-10-19 11:03:00,0.001897793915247803
2018-10-19 11:06:00,-0.05755410274105088
2018-10-19 11:09:00,-0.0411070827510116
2018-10-19 11:12:00,-0.14168661049194498
2018-10-19 11:15:00,-0.057941979962038204
2018-10-19 11:18:00,0.019456798172882372
2018-10-19 11:21:00,-0.03938565151054263
2018-10-19 11:24:00,-0.12463450953708843
2018-10-19 11:27:00,-0.08530214892800814
2018-10-19 11:30:00,-0.22154811552400133
2018-10-19 11:33:00,-0.18555632077777773
2018-10-19 11:36:00,-0.17049746169249147
2018-10-19 11:39:00,-0.014748218810723301
2018-10-19 11:42:00,-0.262853365019339
2018-10-19 11:45:00,-0.2486338250001836
2018-10-19 11:48:00,-0.2597822992070178
2018-10-19 11:51:00,-0.188602622650194
2018-10-19 11:54:00,-0.10247440937615693
2018-10-19 11:57:00,-0.3256875911727093
2018-10-19 12:00:00,-0.2465771153372316
2018-10-19 12:03:00,-0.2482575469533117
2018-10-19 12:06:00,-0.2015179554443307
2018-10-19 12:09:00,-0.13742579072254557
2018-10-19 12:12:00,-0.22151066190065194
2018-10-19 12:15:00,-0.29811181694969946
2018-10-19 12:18:00,-0.18852940077772473
2018-10-19 12:21:00,-0.2508620591101476
2018-10-19 12:24:00,-0.23553099971661595
2018-10-19 12:27:00,-0.22377813193457996
2018-10-19 12:30:00,-0.2633922607872705
2018-10-19 12:33:00,-0.2708396383961258
2018-10-19 12:36:00,-0.27333869037767045
2018-10-19 12:39:00,-0.13502470100831943
2018-10-19 12:42:00,-0.22083135744640003
2018-10-19 12:45:00,-0.25785102607767385
2018-10-19 12:48:00,-0.12484962851135606
2018-10-19 12:51:00,-0.20019595421348413
2018-10-19 12:54:00,-0.21096980770732898
2018-10-19 12:57:00,-0.1824560330346685
2018-10-19 13:00:00,-0.2876177261576913
2018-10-19 13:03:00,-0.35527001722266505
2018-10-19 13:06:00,-0.27308371723415803
2018-10-19 13:09:00,-0.34144967698534856
2018-10-19 13:12:00,-0.21196070085238716
2018-10-19 13:15:00,-0.3341634637916968
2018-10-19 13:18:00,-0.3673067523622535
2018-10-19 13:21:00,-0.3709797771283547
2018-10-19 13:24:00,-0.24011283878422773
2018-10-19 13:27:00,-0.20415785705893086
2018-10-19 13:30:00,-0.30654677898110094
2018-10-19 13:33:00,-0.20480182944288572
2018-10-19 13:36:00,-0.27813263915237485
2018-10-19 13:39:00,-0.27656708985637124
2018-10-19 13:42:00,-0.20342134893326147
2018-10-19 13:45:00,-0.18029563419452188
2018-10-19 13:48:00,-0.313589489877927
2018-10-19 13:51:00,-0.17017305880079903
2018-10-19 13:54:00,-0.148480049607997
2018-10-19 13:57:00,0.026422624360861846
2018-10-19 14:00:00,-0.002980464219319856
2018-10-19 14:03:00,-0.10318382425333539
2018-10-19 14:06:00,-0.1918026577884575
2018-10-19 14:09:00,-0.1443270118230089
2018-10-19 14:12:00,-0.2018225421926445
2018-10-19 14:15:00,-0.21673654426939493
2018-10-19 14:18:00,-0.31590856205298223
2018-10-19 14:21:00,-0.19602386980767506
2018-10-19 14:24:00,-0.3070347956523847
2018-10-19 14:27:00,-0.23594565974394754
2018-10-19 14:30:00,-0.35425779068469865
2018-10-19 14:33:00,-0.2719658946297727
2018-10-19 14:36:00,-0.20484434092901438
2018-10-19 14:39:00,-0.2411292026977776
2018-10-19 14:42:00,-0.16288981705548622
2018-10-19 14:45:00,-0.2393277238111864
2018-10-19 14:48:00,-0.27515264073878143
2018-10-19 14:51:00,-0.14494187264898528
2018-10-19 14:54:00,-0.207776629646105
2018-10-19 14:57:00,-0.11756839605499181
2018-10-19 15:00:00,-0.1541871341517549
2018-10-19 15:03:00,-0.24243479742153795
2018-10-19 15:06:00,-0.05659045646427785
2018-10-19 15:09:00,-0.053392281475623804
2018-10-19 15:12:00,-0.14371632397558187
2018-10-19 15:15:00,-0.1270332034203534
2018-10-19 15:18:00,-0.07517015635789903
2018-10-19 15:21:00,-0.06984984193718446
2018-10-19 15:24:00,-0.05073848643343126
2018-10-19 15:27:00,-0.014872023846578486
2018-10-19 15:30:00,-0.07142595413398567
2018-10-19 15:33:00,-0.09935778810773854
2018-10-19 15:36:00,-0.11860639334997813
2018-10-19 15:39:00,-0.08679405282776997
2018-10-19 15:42:00,-0.09662632010491734
2018-10-19 15:45:00,-0.20736221500237662
2018-10-19 15:48:00,-0.11255545125362687
2018-10-19 15:51:00,0.0670325816590207
2018-10-19 15:54:00,0.32696261926008674
2018-10-19 15:57:00,0.2536260862613062
2018-10-19 16:00:00,0.20091767618771428
2018-10-19 16:03:00,0.252436484501402
2018-10-19 16:06:00,0.21799007590624342
2018-10-19 16:09:00,0.1920917947930434
2018-10-19 16:12:00,0.1364233411117084
2018-10-19 16:15:00,0.2275965572456471
2018-10-19 16:18:00,0.22251119393200725
2018-10-19 16:21:00,0.2689259797318755
2018-10-19 16:24:00,0.14812799148648992
2018-10-19 16:27:00,0.06735988741070287
2018-10-19 16:30:00,-0.06865205625371118
2018-10-19 16:33:00,-0.12144219968945436
2018-10-19 16:36:00,-0.03721263558497867
2018-10-19 16:39:00,-0.09639496714373763
2018-10-19 16:42:00,-0.18416783211006305
2018-10-19 16:45:00,-0.07444255937087974
2018-10-19 16:48:00,-0.13149514850391597
2018-10-19 16:51:00,-0.07024443061618513
2018-10-19 16:54:00,-0.13281418468915263
2018-10-19 16:57:00,-0.2179305595558958
2018-10-19 17:00:00,-0.11052414117528997
2018-10-19 17:03:00,-0.1304010756936691
2018-10-19 17:06:00,-0.10822347119483311
2018-10-19 17:09:00,-0.12974848036441244
2018-10-19 17:12:00,-0.1464336583774184
2018-10-19 17:15:00,-0.15092023290219458
2018-10-19 17:18:00,-0.10754997875307026
2018-10-19 17:21:00,-0.03208098697643891
2018-10-19 17:24:00,0.03157433324366821
2018-10-19 17:27:00,0.03301479485287473
2018-10-19 17:30:00,0.03545396924442912
2018-10-19 17:33:00,0.041895415966280325
2018-10-19 17:36:00,0.16869629088262172
2018-10-19 17:39:00,0.27581067698156403
2018-10-19 17:42:00,0.18906972963031876
2018-10-19 17:45:00,0.3478313626885665
2018-10-19 17:48:00,0.3661945791774315
2018-10-19 17:51:00,0.27361313728567893
2018-10-19 17:54:00,0.3728976113580984
2018-10-19 17:57:00,0.22203688061051707
2018-10-19 18:00:00,0.2976868197602016
2018-10-19 18:03:00,0.3572688110777449
2018-10-19 18:06:00,0.3108877687994891
2018-10-19 18:09:00,0.29051720163005257
2018-10-19 18:12:00,0.263968822943184
2018-10-19 18:15:00,0.4029832220328444
2018-10-19 18:18:00,0.39879216680236595
2018-10-19 18:21:00,0.5153049015907527
2018-10-19 18:24:00,0.6060906200233376
2018-10-19 18:27:00,0.598311113123998
2018-10-19 18:30:00,0.6426789422089882
2018-10-19 18:33:00,0.4960569235902881
2018-10-19 18:36:00,0.5016773037788198
2018-10-19 18:39:00,0.4059025109907566
2018-10-19 18:42:00,0.5144007296420341
2018-10-19 18:45:00,0.30539977142160524
2018-10-19 18:48:00,0.3123005332057005
2018-10-19 18:51:00,0.2960908610810975
2018-10-19 18:54:00,
2018-10-19 18:57:00,
2018-10-19 19:00:00,
2018-10-19 19:03:00,0.1504722334070152
2018-10-19 19:06:00,0.2343607133747696
2018-10-19 19:09:00,0.26333590651825034
2018-10-19 19:12:00,0.2140967870135455
2018-10-19 19:15:00,0.37656338862456096
2018-10-19 19:18:00,0.35020871105166407
2018-10-19 19:21:00,0.2972146664548063
2018-10-19 19:24:00,0.22372826605169394
2018-10-19 19:27:00,0.2640107204551896
2018-10-19 19:30:00,0.3274844084858728
2018-10-19 19:33:00,0.2570787787057043
2018-10-19 19:36:00,0.34082084052590744
2018-10-19 19:39:00,0.28735357477808066
2018-10-19 19:42:00,0.24012669925400587
2018-10-19 19:45:00,0.2965342208313473
2018-10-19 19:48:00,0.3385242970591662
2018-10-19 19:51:00,0.31279423850168087
2018-10-19 19:54:00,0.34190353843337107
2018-10-19 19:57:00,0.28237889357609447
2018-10-19 20:00:00,0.32977975497476564
2018-10-19 20:03:00,0.27070652887135793
2018-10-19 20:06:00,0.37296244618414676
2018-10-19 20:09:00,0.26324287187281925
2018-10-19 20:12:00,0.30776187388818244
2018-10-19 20:15:00,0.3500821475735165
2018-10-19 20:18:00,0.32045122289929395
2018-10-19 20:21:00,0.34997215238752233
2018-10-19 20:24:00,0.23433673376274555
2018-10-19 20:27:00,0.3724509204179185
2018-10-19 20:30:00,0.4216697511177472
2018-10-19 20:33:00,0.3572447011150075
2018-10-19 20:36:00,0.3387361706479055
2018-10-19 20:39:00,0.38018303822116195
2018-10-19 20:42:00,0.4702790271983872
2018-10-19 20:45:00,0.39107642632313855
2018-10-19 20:48:00,0.2813774774114677
2018-10-19 20:51:00,0.4137396553414874
2018-10-19 20:54:00,0.4033825020874815
2018-10-19 20:57:00,0.3470712167666079
2018-10-19 21:00:00,0.4075546248149635
2018-10-19 21:03:00,0.27398563420484834
2018-10-19 21:06:00,0.23836175837766405
2018-10-19 21:09:00,0.3914814964839479
2018-10-19 21:12:00,0.3449789527868461
2018-10-19 21:15:00,0.20347702494467512
2018-10-19 21:18:00,0.2961481021127952
2018-10-19 21:21:00,0.3914962011623402
2018-10-19 21:24:00,0.6343007598309782
2018-10-19 21:27:00,0.6309715382770378
2018-10-19 21:30:00,0.6501212585147869
2018-10-19 21:33:00,0.6306549089485998
2018-10-19 21:36:00,0.6633753196551311
2018-10-19 21:39:00,0.5720237798445851
2018-10-19 21:42:00,0.7242080091762091
2018-10-19 21:45:00,0.6040347696478534
2018-10-19 21:48:00,0.5359655602002817
2018-10-19 21:51:00,0.41589529687172444
2018-10-19 21:54:00,0.31413197667353643
2018-10-19 21:57:00,0.3033397245160927
2018-10-19 22:00:00,0.28502897727713616
2018-10-19 22:03:00,0.3957913632172563
2018-10-19 22:06:00,0.38585084498669175
2018-10-19 22:09:00,0.3696270221114446
2018-10-19 22:12:00,0.4378637491700488
2018-10-19 22:15:00,0.3937621321624647
2018-10-19 22:18:00,0.34235352384592943
2018-10-19 22:21:00,0.40976039339608405
2018-10-19 22:24:00,0.28424652354431146
2018-10-19 22:27:00,0.331047425186739
2018-10-19 22:30:00,0.22495394639435062
2018-10-19 22:33:00,0.25436274311317675
2018-10-19 22:36:00,0.2876577641559379
2018-10-19 22:39:00,0.23000346145676076
2018-10-19 22:42:00,0.1661445639066983
2018-10-19 22:45:00,0.24200237860372908
2018-10-19 22:48:00,0.23339092824107865
2018-10-19 22:51:00,0.23403782823197616
2018-10-19 22:54:00,0.2646030730159623
2018-10-19 22:57:00,0.2897063627559646
2018-10-19 23:00:00,0.21055949063827484
2018-10-19 23:03:00,0.2335880664566048
2018-10-19 23:06:00,0.2471333346018696
2018-10-19 23:09:00,0.16868105701882996
2018-10-19 23:12:00,0.22964256445266074
2018-10-19 23:15:00,0.17279994622009553
2018-10-19 23:18:00,0.21777992807079727
2018-10-19 23:21:00,0.12643947069943806
2018-10-19 23:24:00,0.24522384860512147
2018-10-19 23:27:00,0.19404662206244438
2018-10-19 23:30:00,0.1467930071828505
2018-10-19 23:33:00,0.23392555466773501
2018-10-19 23:36:00,0.20147456960654608
2018-10-19 23:39:00,0.2619276388825824
2018-10-19 23:42:00,0.28983879841661064
2018-10-19 23:45:00,0.30931545306299313
2018-10-19 23:48:00,0.29014898229718256
2018-10-19 23:51:00,0.27422536587749846
2018-10-19 23:54:00,0.2759134683115576
2018-10-19 23:57:00,0.1958145334021424
2018-10-20 00:00:00,0.2431526840504148
2018-10-20 00:03:00,0.30450098966991845
2018-10-20 00:06:00,0.20316088655459907
2018-10-20 00:09:00,0.2837278509006751
2018-10-20 00:12:00,0.27308726969465624
2018-10-20 00:15:00,0.1818109977746758
2018-10-20 00:18:00,0.21193875542178375
2018-10-20 00:21:00,0.3259526582758667
2018-10-20 00:24:00,0.1951836355393084
2018-10-20 00:27:00,0.3086622023087102
2018-10-20 00:30:00,0.2719433361057213
2018-10-20 00:33:00,0.35393969941492287
2018-10-20 00:36:00,0.19722788119315737
2018-10-20 00:39:00,0.25955924498185823
2018-10-20 00:42:00,0.2416283417719569
2018-10-20 00:45:00,0.25208956999154
2018-10-20 00:48:00,0.25727339727876597
2018-10-20 00:51:00,0.2614551351493333
2018-10-20 00:54:00,0.4264499627736882
2018-10-20 00:57:00,0.46850034633087034
2018-10-20 01:00:00,0.5155868130789827
2018-10-20 01:03:00,0.42676594061697415
2018-10-20 01:06:00,0.33729538684411864
2018-10-20 01:09:00,0.3113981341643921
2018-10-20 01:12:00,0.3115413149911319
2018-10-20 01:15:00,0.2298703365109418
2018-10-20 01:18:00,0.26740344782865577
2018-10-20 01:21:00,0.36430118406650536
2018-10-20 01:24:00,0.42556428774008737
2018-10-20 01:27:00,0.30924198067964426
2018-10-20 01:30:00,0.3271246423869911
2018-10-20 01:33:00,0.3672736778798935
2018-10-20 01:36:00,0.31599920251545655
2018-10-20 01:39:00,0.29129090949334113
2018-10-20 01:42:00,0.350559687590021
2018-10-20 01:45:00,0.38680265169165295
2018-10-20 01:48:00,0.5334639157663901
2018-10-20 01:51:00,0.5909077519750667
2018-10-20 01:54:00,0.6710722940786127
2018-10-20 01:57:00,0.7364302741650022
2018-10-20 02:00:00,0.736134042168203
2018-10-20 02:03:00,0.8733111267523554
2018-10-20 02:06:00,0.7112137773517588
2018-10-20 02:09:00,0.5520342732698396
2018-10-20 02:12:00,0.42844124454836674
2018-10-20 02:15:00,0.540168565129818
2018-10-20 02:18:00,0.4586347388222407
2018-10-20 02:21:00,0.5100292366739723
2018-10-20 02:24:00,0.5038541597732547
2018-10-20 02:27:00,0.4818592116529885
2018-10-20 02:30:00,0.47066546056248626
2018-10-20 02:33:00,0.5582335455090401
2018-10-20 02:36:00,0.6872342945337095
2018-10-20 02:39:00,0.6340221855804771
2018-10-20 02:42:00,0.6924745759060329
2018-10-20 02:45:00,0.795421410694189
2018-10-20 02:48:00,0.7237572015926048
2018-10-20 02:51:00,0.729543331229138
2018-10-20 02:54:00,0.6577476155763975
2018-10-20 02:57:00,0.8708029747558612
2018-10-20 03:00:00,0.7754310186362545
2018-10-20 03:03:00,0.8805259957237013
2018-10-20 03:06:00,0.9149611222962903
2018-10-20 03:09:00,0.9369760335187038
2018-10-20 03:12:00,0.7921783330374979
2018-10-20 03:15:00,0.815632218866881
2018-10-20 03:18:00,0.6582082513356227
2018-10-20 03:21:00,0.6322233013370351
2018-10-20 03:24:00,0.6635605949160208
2018-10-20 03:27:00,0.5989398759192568
2018-10-20 03:30:00,0.7657138417969804
2018-10-20 03:33:00,0.7046352959546311
2018-10-20 03:36:00,0.5655115930129568
2018-10-20 03:39:00,0.6649110951507851
2018-10-20 03:42:00,0.6230169995496908
2018-10-20 03:45:00,0.6021997912881716
2018-10-20 03:48:00,0.6239710914824741
2018-10-20 03:51:00,0.5433386866261003
2018-10-20 03:54:00,0.5594718431816545
2018-10-20 03:57:00,0.545630574543793
2018-10-20 04:00:00,0.5235635696722056
2018-10-20 04:03:00,0.58883952310822
2018-10-20 04:06:00,0.4657485737060938
2018-10-20 04:09:00,0.6077255359557512
2018-10-20 04:12:00,0.5704523650657052
2018-10-20 04:15:00,0.47507517321076875
2018-10-20 04:18:00,0.5020243818102585
2018-10-20 04:21:00,0.46907562773219524
2018-10-20 04:24:00,0.5829295040693978
2018-10-20 04:27:00,0.4688311221993331
2018-10-20 04:30:00,0.6320411287738352
2018-10-20 04:33:00,0.5890728688011109
2018-10-20 04:36:00,0.6089704376306031
2018-10-20 04:39:00,0.5489538525640114
2018-10-20 04:42:00,0.5635094959317826
2018-10-20 04:45:00,0.6044077261063876
2018-10-20 04:48:00,0.6104079101635875
2018-10-20 04:51:00,0.6779248686476649
2018-10-20 04:54:00,0.5669957910046719
2018-10-20 04:57:00,0.5366522102431759
2018-10-20 05:00:00,0.6199517806682593
2018-10-20 05:03:00,0.5859395598770902
2018-10-20 05:06:00,0.5475500238690643
2018-10-20 05:09:00,0.547025711155186
2018-10-20 05:12:00,0.6093100649545704
2018-10-20 05:15:00,0.5451701693888822
2018-10-20 05:18:00,0.5525668556900314
2018-10-20 05:21:00,0.518021525425354
2018-10-20 05:24:00,0.6098195442692713
2018-10-20 05:27:00,0.580891958083896
2018-10-20 05:30:00,0.552072740910603
2018-10-20 05:33:00,0.5297342531576987
2018-10-20 05:36:00,0.5161127102246041
2018-10-20 05:39:00,0.6376672088583177
2018-10-20 05:42:00,0.5984730380790779
2018-10-20 05:45:00,0.5841363070588272
2018-10-20 05:48:00,0.5780921153693726
2018-10-20 05:51:00,0.5553119003695883
2018-10-20 05:54:00,0.5897641960090709
2018-10-20 05:57:00,0.6095802571391573
2018-10-20 06:00:00,0.5888103223862231
2018-10-20 06:03:00,0.5808154032496304
2018-10-20 06:06:00,0.6724091646945567
2018-10-20 06:09:00,0.5229754665550104
2018-10-20 06:12:00,0.6003676148223462
2018-10-20 06:15:00,0.5557976861703082
2018-10-20 06:18:00,0.6616934653551994
2018-10-20 06:21:00,0.6168306513931157
2018-10-20 06:24:00,0.6279405135567799
2018-10-20 06:27:00,0.6444810390308362
2018-10-20 06:30:00,0.6242337977143961
2018-10-20 06:33:00,0.5699247781341796
2018-10-20 06:36:00,0.47801345697286024
2018-10-20 06:39:00,0.546851398633919
2018-10-20 06:42:00,0.5141642613583031
2018-10-20 06:45:00,0.5785839155525991
2018-10-20 06:48:00,0.5294490895064996
2018-10-20 06:51:00,0.5532489090288664
2018-10-20 06:54:00,0.45134027330277604
2018-10-20 06:57:00,0.557663410086775
2018-10-20 07:00:00,0.5557721706919097
2018-10-20 07:03:00,0.5370754183809936
2018-10-20 07:06:00,0.5385983266568815
2018-10-20 07:09:00,0.48437532068533073
2018-10-20 07:12:00,0.5425086846308318
2018-10-20 07:15:00,0.48937336755949445
2018-10-20 07:18:00,0.561513523498661
2018-10-20 07:21:00,0.47763052080443913
2018-10-20 07:24:00,0.5083392081996294
2018-10-20 07:27:00,0.47717752052790274
2018-10-20 07:30:00,0.5560036635482106
2018-10-20 07:33:00,0.5016837757257804
2018-10-20 07:36:00,0.5465001658881192
2018-10-20 07:39:00,0.4689308314093523
2018-10-20 07:42:00,0.4931654298383137
2018-10-20 07:45:00,0.4490203663686998
2018-10-20 07:48:00,0.4168865727838238
2018-10-20 07:51:00,0.4769672338485407
2018-10-20 07:54:00,0.4390447215312747
2018-10-20 07:57:00,0.549701158882101
2018-10-20 08:00:00,0.48526104510631285
2018-10-20 08:03:00,0.5232257553861928
2018-10-20 08:06:00,0.4741031410369487
2018-10-20 08:09:00,0.4537014241175825
2018-10-20 08:12:00,0.4297131218052641
2018-10-20 08:15:00,0.40540516262143456
2018-10-20 08:18:00,0.4360793958045974
2018-10-20 08:21:00,0.3991045685298218
2018-10-20 08:24:00,0.3820414781046111
2018-10-20 08:27:00,0.34932837051610477
2018-10-20 08:30:00,0.4184957585674738
2018-10-20 08:33:00,0.378839030936831
2018-10-20 08:36:00,0.29652175294171457
2018-10-20 08:39:00,0.28669524266973667
2018-10-20 08:42:00,0.37670062194195
2018-10-20 08:45:00,0.32023455648106847
2018-10-20 08:48:00,0.3177256959705801
2018-10-20 08:51:00,0.3969401493978353
2018-10-20 08:54:00,0.32672773779563613
2018-10-20 08:57:00,0.2828294507296505
2018-10-20 09:00:00,0.2919377155603229
2018-10-20 09:03:00,0.19531245239852524
2018-10-20 09:06:00,0.20269512288490432
2018-10-20 09:09:00,0.22493487268604895
2018-10-20 09:12:00,0.21391917037732355
2018-10-20 09:15:00,0.1852045537391973
2018-10-20 09:18:00,0.24535020742160896
2018-10-20 09:21:00,0.22891188427826137
2018-10-20 09:24:00,0.1795342368116053
2018-10-20 09:27:00,0.2864069966875036
2018-10-20 09:30:00,0.2579205835821199
2018-10-20 09:33:00,0.24644705998997551
2018-10-20 09:36:00,0.2436188704940605
2018-10-20 09:39:00,0.195276216855234
2018-10-20 09:42:00,0.1696224501236543
2018-10-20 09:45:00,0.09785447073312525
2018-10-20 09:48:00,0.15977337928109137
2018-10-20 09:51:00,0.06255136323869692
2018-10-20 09:54:00,0.16805820129451376
2018-10-20 09:57:00,0.12384819617182075
2018-10-20 10:00:00,0.07163507121754265
2018-10-20 10:03:00,0.0019325186918308646
2018-10-20 10:06:00,-0.054976738615152954
2018-10-20 10:09:00,-0.02320598166477339
2018-10-20 10:12:00,0.02628018786924713
2018-10-20 10:15:00,-0.03441606293728228
2018-10-20 10:18:00,-0.0668389799001261
2018-10-20 10:21:00,-0.09117625055580447
2018-10-20 10:24:00,-0.021565506020351677
2018-10-20 10:27:00,-0.1318967348207707
2018-10-20 10:30:00,-0.11845002681019423
2018-10-20 10:33:00,-0.14022661899701916
2018-10-20 10:36:00,-0.08372659574735053
2018-10-20 10:39:00,-0.21570686930994043
2018-10-20 10:42:00,-0.13741589715641567
2018-10-20 10:45:00,-0.10897655505215198
2018-10-20 10:48:00,-0.10416805112777183
2018-10-20 10:51:00,-0.11060251529590914
2018-10-20 10:54:00,-0.21401831992756115
2018-10-20 10:57:00,-0.1261792439444207
2018-10-20 11:00:00,-0.13380461719435743
2018-10-20 11:03:00,-0.1069226150416398
2018-10-20 11:06:00,-0.060919513361398
2018-10-20 11:09:00,-0.16571651705004342
2018-10-20 11:12:00,-0.1807385951082665
2018-10-20 11:15:00,-0.18579597881966947
2018-10-20 11:18:00,-0.21429584391762546
2018-10-20 11:21:00,-0.16524948247592874
2018-10-20 11:24:00,-0.10521470973839087
2018-10-20 11:27:00,-0.10865517578918116
2018-10-20 11:30:00,-0.1556888966617862
2018-10-20 11:33:00,-0.12390375339640514
2018-10-20 11:36:00,0.009048598255958495
2018-10-20 11:39:00,-0.32069950011361925
2018-10-20 11:42:00,-0.20464806844586292
2018-10-20 11:45:00,-0.18241866871943557
2018-10-20 11:48:00,-0.16748471380202545
2018-10-20 11:51:00,-0.19318881938949062
2018-10-20 11:54:00,-0.3217626440422805
2018-10-20 11:57:00,-0.22452928993681098
2018-10-20 12:00:00,-0.38633393891211654
2018-10-20 12:03:00,-0.35127535086928674
2018-10-20 12:06:00,-0.29121286627542986
2018-10-20 12:09:00,-0.4179896293756542
2018-10-20 12:12:00,-0.2567323144786542
2018-10-20 12:15:00,-0.3748007852515798
2018-10-20 12:18:00,-0.3241646353345118
2018-10-20 12:21:00,-0.31077113081488505
2018-10-20 12:24:00,-0.3454235567321575
2018-10-20 12:27:00,-0.3121396746309415
2018-10-20 12:30:00,-0.3241793808894613
2018-10-20 12:33:00,-0.32890039210047917
2018-10-20 12:36:00,-0.36819207015741995
2018-10-20 12:39:00,-0.39401690362535646
2018-10-20 12:42:00,-0.3146136809399991
2018-10-20 12:45:00,-0.4222447139232486
2018-10-20 12:48:00,-0.4560954554570458
2018-10-20 12:51:00,-0.49564025078257146
2018-10-20 12:54:00,-0.2688264501035178
2018-10-20 12:57:00,-0.32386841852814996
2018-10-20 13:00:00,-0.3218997083786235
2018-10-20 13:03:00,-0.29122050708298275
2018-10-20 13:06:00,-0.3344915425450381
2018-10-20 13:09:00,-0.34179057840418636
2018-10-20 13:12:00,-0.23997625611406193
2018-10-20 13:15:00,-0.2224035503473374
2018-10-20 13:18:00,-0.3140557008388214
2018-10-20 13:21:00,-0.3573713794521609
2018-10-20 13:24:00,-0.28315620965059907
2018-10-20 13:27:00,-0.24364794182230298
2018-10-20 13:30:00,-0.22959815598414934
2018-10-20 13:33:00,-0.2502339483912692
2018-10-20 13:36:00,-0.220050287465142
2018-10-20 13:39:00,-0.18341652750712
2018-10-20 13:42:00,-0.17730695092490123
2018-10-20 13:45:00,-0.11811401248161246
2018-10-20 13:48:00,-0.02520069885645171
2018-10-20 13:51:00,-0.07593781152917245
2018-10-20 13:54:00,-0.08417836405016033
2018-10-20 13:57:00,-0.21015814092220353
2018-10-20 14:00:00,-0.13035157183622914
2018-10-20 14:03:00,-0.08200671762261891
2018-10-20 14:06:00,-0.003776607538497956
2018-10-20 14:09:00,0.05931179990335522
2018-10-20 14:12:00,0.3426346482891063
2018-10-20 14:15:00,0.4678330752072952
2018-10-20 14:18:00,0.5946228489932537
2018-10-20 14:21:00,0.4859022898845069
2018-10-20 14:24:00,0.4217801570200095
2018-10-20 14:27:00,0.40058219085472047
2018-10-20 14:30:00,0.32036064898937866
2018-10-20 14:33:00,0.38104319412053655
2018-10-20 14:36:00,0.4201063094012625
2018-10-20 14:39:00,0.3004053576501633
2018-10-20 14:42:00,0.3310010242591943
2018-10-20 14:45:00,0.18577760604966898
2018-10-20 14:48:00,0.167543837867413
2018-10-20 14:51:00,-0.031492557985359326
2018-10-20 14:54:00,-0.07454055134866167
2018-10-20 14:57:00,-0.0741203894281739
2018-10-20 15:00:00,-0.023265388023730793
2018-10-20 15:03:00,-0.17659811721500773
2018-10-20 15:06:00,0.07830146187029641
2018-10-20 15:09:00,0.052490139656015344
2018-10-20 15:12:00,0.037782141338027486
2018-10-20 15:15:00,-0.14724686556388633
2018-10-20 15:18:00,0.018928805957500572
2018-10-20 15:21:00,-0.03704893816058075
2018-10-20 15:24:00,0.03246064846769059
2018-10-20 15:27:00,-0.028143669219332423
2018-10-20 15:30:00,-0.02857125327261656
2018-10-20 15:33:00,0.06857572468265971
2018-10-20 15:36:00,0.008077243490674846
2018-10-20 15:39:00,0.03319764576843909
2018-10-20 15:42:00,-0.02388490642584884
2018-10-20 15:45:00,-0.046614102834155346
2018-10-20 15:48:00,0.03082924720496294
2018-10-20 15:51:00,-0.05911221858366389
2018-10-20 15:54:00,0.026565603887092948
2018-10-20 15:57:00,-0.048716984070381386
2018-10-20 16:00:00,-0.11966677658381286
2018-10-20 16:03:00,-0.12260392894290817
2018-10-20 16:06:00,0.04753331234479674
2018-10-20 16:09:00,-0.04065310454950577
2018-10-20 16:12:00,-0.032893654552481166
2018-10-20 16:15:00,-0.008338668441695063
2018-10-20 16:18:00,-0.052898574682501476
2018-10-20 16:21:00,-0.023848889642181348
2018-10-20 16:24:00,-0.166833024622008
2018-10-20 16:27:00,-0.05693403694448307
2018-10-20 16:30:00,-0.06449009885909618
2018-10-20 16:33:00,-0.006302301491871276
2018-10-20 16:36:00,-0.007748397855209532
2018-10-20 16:39:00,-0.03181922701548956
2018-10-20 16:42:00,-0.032917376514149055
2018-10-20 16:45:00,-0.1322517740846365
2018-10-20 16:48:00,-0.14370717989385184
2018-10-20 16:51:00,-0.03058567387478206
2018-10-20 16:54:00,-0.022953349678289214
2018-10-20 16:57:00,-0.1402225634111005
2018-10-20 17:00:00,-0.027118710682600522
2018-10-20 17:03:00,-0.0844732937478625
2018-10-20 17:06:00,-0.1281794369022009
2018-10-20 17:09:00,-0.10058533506332878
2018-10-20 17:12:00,-0.13703287336903713
2018-10-20 17:15:00,-0.12164652586068314
2018-10-20 17:18:00,-0.002544158734906432
2018-10-20 17:21:00,-0.05560378860491255
2018-10-20 17:24:00,-0.10436932181204384
2018-10-20 17:27:00,-0.08206543297228563
2018-10-20 17:30:00,0.0009160702733197468
2018-10-20 17:33:00,-0.06622323097712979
2018-10-20 17:36:00,-0.13500684158117338
2018-10-20 17:39:00,-0.12499358689706241
2018-10-20 17:42:00,-0.024244956878135326
2018-10-20 17:45:00,-0.022960097789223255
2018-10-20 17:48:00,0.063003815612376
2018-10-20 17:51:00,-0.026457041166736417
2018-10-20 17:54:00,-0.0024566278116822104
2018-10-20 17:57:00,-0.0917882413681923
2018-10-20 18:00:00,-0.06895466791206672
2018-10-20 18:03:00,-0.15443609121632562
2018-10-20 18:06:00,-0.017365651205523136
2018-10-20 18:09:00,-0.13848014324378255
2018-10-20 18:12:00,-0.0978738278330411
2018-10-20 18:15:00,-0.11213617891888816
2018-10-20 18:18:00,-0.03712272815454298
2018-10-20 18:21:00,-0.11005201817982879
2018-10-20 18:24:00,-0.01104822476446543
2018-10-20 18:27:00,-0.0014682944353126004
2018-10-20 18:30:00,0.04434229470922446
2018-10-20 18:33:00,-0.00778347986766903
2018-10-20 18:36:00,-0.00021036719334688314
2018-10-20 18:39:00,0.09577516640331396
2018-10-20 18:42:00,0.13771748744022716
2018-10-20 18:45:00,0.20128117202017393
2018-10-20 18:48:00,0.254311424957848
2018-10-20 18:51:00,0.17921117407206566
2018-10-20 18:54:00,
2018-10-20 18:57:00,
2018-10-20 19:00:00,
2018-10-20 19:03:00,0.0947714217442126
2018-10-20 19:06:00,0.14333716513300487
2018-10-20 19:09:00,0.23726783524676875
2018-10-20 19:12:00,0.17892842949390797
2018-10-20 19:15:00,0.32107060724894154
2018-10-20 19:18:00,0.1814970883751812
2018-10-20 19:21:00,0.3331179499789414
2018-10-20 19:24:00,0.36857351381087256
2018-10-20 19:27:00,0.5206933254732462
2018-10-20 19:30:00,0.3750598896441488
2018-10-20 19:33:00,0.42263262033316096
2018-10-20 19:36:00,0.4344807735263885
2018-10-20 19:39:00,0.5126256181158624
2018-10-20 19:42:00,0.6181278507131083
2018-10-20 19:45:00,0.6005680303206873
2018-10-20 19:48:00,0.7261808972476729
2018-10-20 19:51:00,0.5240443231311929
2018-10-20 19:54:00,0.295984011760936
2018-10-20 19:57:00,0.24251334059260898
2018-10-20 20:00:00,0.20638280535115427
2018-10-20 20:03:00,0.3153314367718849
2018-10-20 20:06:00,0.34459528493994185
2018-10-20 20:09:00,0.36588264386676883
2018-10-20 20:12:00,0.42762538555291485
2018-10-20 20:15:00,0.3342301016685383
2018-10-20 20:18:00,0.40119170229041856
2018-10-20 20:21:00,0.3643190988769902
2018-10-20 20:24:00,0.39806131574334813
2018-10-20 20:27:00,0.35984415841079453
2018-10-20 20:30:00,0.3716526674995748
2018-10-20 20:33:00,0.44266418081332404
2018-10-20 20:36:00,0.3919187563884634
2018-10-20 20:39:00,0.34740155596745126
2018-10-20 20:42:00,0.42213184805103765
2018-10-20 20:45:00,0.3983740548796959
2018-10-20 20:48:00,0.40151462376900326
2018-10-20 20:51:00,0.3862782838648968
2018-10-20 20:54:00,0.3914159390740224
2018-10-20 20:57:00,0.45638383356345
2018-10-20 21:00:00,0.42429690063534053
2018-10-20 21:03:00,0.28609799660227964
2018-10-20 21:06:00,0.4219616153500283
2018-10-20 21:09:00,0.40882634201636847
2018-10-20 21:12:00,0.4553533325899366
2018-10-20 21:15:00,0.40552669872113256
2018-10-20 21:18:00,0.3587005444643978
2018-10-20 21:21:00,0.32217608359678707
2018-10-20 21:24:00,0.31578448760393485
2018-10-20 21:27:00,0.349304243769609
2018-10-20 21:30:00,0.3600337543724663
2018-10-20 21:33:00,0.3046981179447812
2018-10-20 21:36:00,0.34223428970551595
2018-10-20 21:39:00,0.4020512832780696
2018-10-20 21:42:00,0.29661552315150175
2018-10-20 21:45:00,0.30453885908946177
2018-10-20 21:48:00,0.3134068622653672
2018-10-20 21:51:00,0.2142631800163599
2018-10-20 21:54:00,0.24195685455379135
2018-10-20 21:57:00,0.26846346717735514
2018-10-20 22:00:00,0.26377518902626207
2018-10-20 22:03:00,0.22525231292337367
2018-10-20 22:06:00,0.2730285186473793
2018-10-20 22:09:00,0.29408534458286795
2018-10-20 22:12:00,0.21045631807277232
2018-10-20 22:15:00,0.2718384171785715
2018-10-20 22:18:00,0.22393454106548916
2018-10-20 22:21:00,0.294286655652229
2018-10-20 22:24:00,0.19118192973752457
2018-10-20 22:27:00,0.2610296082578998
2018-10-20 22:30:00,0.18846253052402062
2018-10-20 22:33:00,0.16726394294812508
2018-10-20 22:36:00,0.22208972092914792
2018-10-20 22:39:00,0.21346445741414755
2018-10-20 22:42:00,0.15765183508813152
2018-10-20 22:45:00,0.24251994556436784
2018-10-20 22:48:00,0.2738124606057113
2018-10-20 22:51:00,0.22252003541683507
2018-10-20 22:54:00,0.20065972582972336
2018-10-20 22:57:00,0.29020717507160043
2018-10-20 23:00:00,0.24088268816223035
2018-10-20 23:03:00,0.20488221344930935
2018-10-20 23:06:00,0.2127984676613437
2018-10-20 23:09:00,0.2865530954313158
2018-10-20 23:12:00,0.2780778155779444
2018-10-20 23:15:00,0.3036750264915895
2018-10-20 23:18:00,0.30235071466125873
2018-10-20 23:21:00,0.31310737799560684
2018-10-20 23:24:00,0.2808488641971394
2018-10-20 23:27:00,0.35692062721051343
2018-10-20 23:30:00,0.2895241233602519
2018-10-20 23:33:00,0.3757272618602201
2018-10-20 23:36:00,0.23190342553743903
2018-10-20 23:39:00,0.39176418727157625
2018-10-20 23:42:00,0.37512395336750615
2018-10-20 23:45:00,0.34667030584131453
2018-10-20 23:48:00,0.34224805230132915
2018-10-20 23:51:00,0.27588444890062647
2018-10-20 23:54:00,0.3648303118690137
2018-10-20 23:57:00,0.30505691494016673
2018-10-21 00:00:00,0.2955201867175674
2018-10-21 00:03:00,0.2603328886952454
2018-10-21 00:06:00,0.235310219062967
2018-10-21 00:09:00,0.28727069367255353
2018-10-21 00:12:00,0.2933224175296232
2018-10-21 00:15:00,0.19433026437451417
2018-10-21 00:18:00,0.27991262294847274
2018-10-21 00:21:00,0.3259509382237411
2018-10-21 00:24:00,0.26285137450196316
2018-10-21 00:27:00,0.272585242003629
2018-10-21 00:30:00,0.3500347420264802
2018-10-21 00:33:00,0.2941862453370163
2018-10-21 00:36:00,0.2702013206344418
2018-10-21 00:39:00,0.2565173407692214
2018-10-21 00:42:00,0.33394602049980904
2018-10-21 00:45:00,0.2698955061687798
2018-10-21 00:48:00,0.3214845542018452
2018-10-21 00:51:00,0.3294658660196319
2018-10-21 00:54:00,0.4015473232891509
2018-10-21 00:57:00,0.27890861815029666
2018-10-21 01:00:00,0.3312136850421439
2018-10-21 01:03:00,0.3947727867818571
2018-10-21 01:06:00,0.3340175041702764
2018-10-21 01:09:00,0.3279619621787333
2018-10-21 01:12:00,0.27475115379843373
2018-10-21 01:15:00,0.3767432510231288
2018-10-21 01:18:00,0.3278917413541649
2018-10-21 01:21:00,0.348006374938052
2018-10-21 01:24:00,0.347398192477101
2018-10-21 01:27:00,0.3517702957784081
2018-10-21 01:30:00,0.3666893711523471
2018-10-21 01:33:00,0.28886792493727853
2018-10-21 01:36:00,0.3262013549663152
2018-10-21 01:39:00,0.3733577803760113
2018-10-21 01:42:00,0.3928204150416832
2018-10-21 01:45:00,0.36474582041063286
2018-10-21 01:48:00,0.31708125965809586
2018-10-21 01:51:00,0.42133107649988233
2018-10-21 01:54:00,0.3539840943669219
2018-10-21 01:57:00,0.30000348380826836
2018-10-21 02:00:00,0.35046375235992855
2018-10-21 02:03:00,0.3051189170876114
2018-10-21 02:06:00,0.2934991887931915
2018-10-21 02:09:00,0.3902246095648252
2018-10-21 02:12:00,0.3068884237650309
2018-10-21 02:15:00,0.309383872185208
2018-10-21 02:18:00,0.3881096580494159
2018-10-21 02:21:00,0.37766842176193904
2018-10-21 02:24:00,0.5056305647856334
2018-10-21 02:27:00,0.411315591399557
2018-10-21 02:30:00,0.41802560180582304
2018-10-21 02:33:00,0.4328611757663907
2018-10-21 02:36:00,0.3962366176315868
2018-10-21 02:39:00,0.5012504462079619
2018-10-21 02:42:00,0.3357213945334365
2018-10-21 02:45:00,0.336768236225339
2018-10-21 02:48:00,0.3280133673221144
2018-10-21 02:51:00,0.3765122666092111
2018-10-21 02:54:00,0.28008467632656675
2018-10-21 02:57:00,0.3762012904078347
2018-10-21 03:00:00,0.42946235145279843
2018-10-21 03:03:00,0.39536596399159407
2018-10-21 03:06:00,0.3844746054595589
2018-10-21 03:09:00,0.4060570605133762
2018-10-21 03:12:00,0.416510115417168
2018-10-21 03:15:00,0.5103712056164227
2018-10-21 03:18:00,0.3671440961392136
2018-10-21 03:21:00,0.4081225010708067
2018-10-21 03:24:00,0.35144732965761705
2018-10-21 03:27:00,0.34648873396145063
2018-10-21 03:30:00,0.3234211220220118
2018-10-21 03:33:00,0.319332057955819
2018-10-21 03:36:00,0.3731486931663426
2018-10-21 03:39:00,0.4711695926936841
2018-10-21 03:42:00,0.3878436948305648
2018-10-21 03:45:00,0.4098267431296563
2018-10-21 03:48:00,0.4172771357596048
2018-10-21 03:51:00,0.40674757664618255
2018-10-21 03:54:00,0.34344350681419655
2018-10-21 03:57:00,0.43744737220947627
2018-10-21 04:00:00,0.48232001584119644
2018-10-21 04:03:00,0.4321054164224165
2018-10-21 04:06:00,0.44786178545143684
2018-10-21 04:09:00,0.37307913320012176
2018-10-21 04:12:00,0.49068295774776516
2018-10-21 04:15:00,0.3794911172178672
2018-10-21 04:18:00,0.38256972463125294
2018-10-21 04:21:00,0.43006963060946646
2018-10-21 04:24:00,0.4657435708427897
2018-10-21 04:27:00,0.5297930613334074
2018-10-21 04:30:00,0.4676309910799432
2018-10-21 04:33:00,0.474611642218008
2018-10-21 04:36:00,0.4146109517844252
2018-10-21 04:39:00,0.4812971324502655
2018-10-21 04:42:00,0.47980085839378717
2018-10-21 04:45:00,0.4425348419129591
2018-10-21 04:48:00,0.5064610619411383
2018-10-21 04:51:00,0.4110248106854897
2018-10-21 04:54:00,0.4225941487297291
2018-10-21 04:57:00,0.4792602592421531
2018-10-21 05:00:00,0.447856150397115
2018-10-21 05:03:00,0.4720169853958964
2018-10-21 05:06:00,0.3267132619575932
2018-10-21 05:09:00,0.4348708950009268
2018-10-21 05:12:00,0.38794357748213315
2018-10-21 05:15:00,0.3952224384622127
2018-10-21 05:18:00,0.3894915647165931
2018-10-21 05:21:00,0.42410991969455836
2018-10-21 05:24:00,0.34301537091272394
2018-10-21 05:27:00,0.3895665167338507
2018-10-21 05:30:00,0.39867690332789607
2018-10-21 05:33:00,0.3916233789778403
2018-10-21 05:36:00,0.368884371411184
2018-10-21 05:39:00,0.31915025736589087
2018-10-21 05:42:00,0.3447715593142675
2018-10-21 05:45:00,0.4096974907034223
2018-10-21 05:48:00,0.3388388426225788
2018-10-21 05:51:00,0.29194413741595326
2018-10-21 05:54:00,0.3601293474853833
2018-10-21 05:57:00,0.38306636371538616
2018-10-21 06:00:00,0.3782371452561506
2018-10-21 06:03:00,0.3007530121894888
2018-10-21 06:06:00,0.30144347662093196
2018-10-21 06:09:00,0.37576236625199044
2018-10-21 06:12:00,0.31499650982698313
2018-10-21 06:15:00,0.33180903492774405
2018-10-21 06:18:00,0.37044226633463495
2018-10-21 06:21:00,0.30720618458701665
2018-10-21 06:24:00,0.3243829150083002
2018-10-21 06:27:00,0.2769458040838231
2018-10-21 06:30:00,0.25663311574743375
2018-10-21 06:33:00,0.2940391079881124
2018-10-21 06:36:00,0.3194986060129281
2018-10-21 06:39:00,0.35932888861157153
2018-10-21 06:42:00,0.3296931091089732
2018-10-21 06:45:00,0.46867220947410715
2018-10-21 06:48:00,0.3459145656120768
2018-10-21 06:51:00,0.4253044806505386
2018-10-21 06:54:00,0.345216145943823
2018-10-21 06:57:00,0.3977631541648634
2018-10-21 07:00:00,0.4101850927798978
2018-10-21 07:03:00,0.3964113984322353
2018-10-21 07:06:00,0.274843121954234
2018-10-21 07:09:00,0.439268095931709
2018-10-21 07:12:00,0.3885174863250427
2018-10-21 07:15:00,0.31059099816411617
2018-10-21 07:18:00,0.34942148736223544
2018-10-21 07:21:00,0.3582510271218666
2018-10-21 07:24:00,0.34961508038259126
2018-10-21 07:27:00,0.35854998006948335
2018-10-21 07:30:00,0.3757802139517139
2018-10-21 07:33:00,0.3350563843660552
2018-10-21 07:36:00,0.312530809835323
2018-10-21 07:39:00,0.3758508796044566
2018-10-21 07:42:00,0.40026577899249105
2018-10-21 07:45:00,0.2999767996573155
2018-10-21 07:48:00,0.41344083037336077
2018-10-21 07:51:00,0.4308763005876699
2018-10-21 07:54:00,0.35368567000466555
2018-10-21 07:57:00,0.3293834776860649
2018-10-21 08:00:00,0.28325095293700997
2018-10-21 08:03:00,0.2565406511342303
2018-10-21 08:06:00,0.3396230008312955
2018-10-21 08:09:00,0.28908014346035316
2018-10-21 08:12:00,0.3529201287841488
2018-10-21 08:15:00,0.36316837902165844
2018-10-21 08:18:00,0.27163152678269853
2018-10-21 08:21:00,0.2772072667001453
2018-10-21 08:24:00,0.28412453360374457
2018-10-21 08:27:00,0.2780921694022709
2018-10-21 08:30:00,0.28747386311249556
2018-10-21 08:33:00,0.3027714343625121
2018-10-21 08:36:00,0.27261317324513357
2018-10-21 08:39:00,0.17520418934219606
2018-10-21 08:42:00,0.24605322735322943
2018-10-21 08:45:00,0.29256301973146037
2018-10-21 08:48:00,0.23715582113510436
2018-10-21 08:51:00,0.26877244911759135
2018-10-21 08:54:00,0.30336041221761434
2018-10-21 08:57:00,0.14483299265879168
2018-10-21 09:00:00,0.2997496656718681
2018-10-21 09:03:00,0.2006848318937955
2018-10-21 09:06:00,0.21634116302220718
2018-10-21 09:09:00,0.232707695936881
2018-10-21 09:12:00,0.21731012744186273
2018-10-21 09:15:00,0.14316723566139444
2018-10-21 09:18:00,0.22306527285104494
2018-10-21 09:21:00,0.20111891830640616
2018-10-21 09:24:00,0.18002541314268683
2018-10-21 09:27:00,0.15661354769321179
2018-10-21 09:30:00,0.0958396092449334
2018-10-21 09:33:00,0.08270082885599095
2018-10-21 09:36:00,0.11975459581128689
2018-10-21 09:39:00,0.055073859103970335
2018-10-21 09:42:00,0.10693778187709313
2018-10-21 09:45:00,-0.007999415188919556
2018-10-21 09:48:00,0.0805135179825811
2018-10-21 09:51:00,0.09126960794543493
2018-10-21 09:54:00,0.09564247621807453
2018-10-21 09:57:00,0.05634391168962338
2018-10-21 10:00:00,0.11187934948412703
2018-10-21 10:03:00,0.05663289803993621
2018-10-21 10:06:00,0.06128810972700194
2018-10-21 10:09:00,0.043702951709519766
2018-10-21 10:12:00,0.09788207189035347
2018-10-21 10:15:00,0.058183651571027895
2018-10-21 10:18:00,0.0397807117924458
2018-10-21 10:21:00,0.059239291996163956
2018-10-21 10:24:00,0.051208820646365893
2018-10-21 10:27:00,0.09694685431713879
2018-10-21 10:30:00,0.21058429378712162
2018-10-21 10:33:00,0.21774303579820753
2018-10-21 10:36:00,0.22443595708597286
2018-10-21 10:39:00,0.16337457719919257
2018-10-21 10:42:00,0.14121206374397843
2018-10-21 10:45:00,0.1776342499190946
2018-10-21 10:48:00,0.19456262679597103
2018-10-21 10:51:00,0.17509221499273053
2018-10-21 10:54:00,0.1678489607933784
2018-10-21 10:57:00,0.14353414393525554
2018-10-21 11:00:00,0.07197559843899626
2018-10-21 11:03:00,0.13493892821418285
2018-10-21 11:06:00,0.1288848561629834
2018-10-21 11:09:00,0.07569070754067297
2018-10-21 11:12:00,0.14834283456582398
2018-10-21 11:15:00,0.017778564786567586
2018-10-21 11:18:00,0.04612515739614764
2018-10-21 11:21:00,-0.035397956811038966
2018-10-21 11:24:00,-0.02383680534683208
2018-10-21 11:27:00,0.03694671230704216
2018-10-21 11:30:00,0.08323925540156552
2018-10-21 11:33:00,0.019253186656214893
2018-10-21 11:36:00,0.0532227258439093
2018-10-21 11:39:00,0.14136946463253253
2018-10-21 11:42:00,0.13114794224884463
2018-10-21 11:45:00,0.2002846194512813
2018-10-21 11:48:00,0.22507931390566682
2018-10-21 11:51:00,0.15646468683439707
2018-10-21 11:54:00,0.1421772246582691
2018-10-21 11:57:00,0.06845197462610031
2018-10-21 12:00:00,0.10412178133066163
2018-10-21 12:03:00,0.0665331163471592
2018-10-21 12:06:00,0.02643707383469973
2018-10-21 12:09:00,0.05201005243816326
2018-10-21 12:12:00,0.04950372518220547
2018-10-21 12:15:00,0.029721041758136835
2018-10-21 12:18:00,0.07690238861732723
2018-10-21 12:21:00,0.02730588812687529
2018-10-21 12:24:00,0.010958021180101696
2018-10-21 12:27:00,0.049732229190624366
2018-10-21 12:30:00,0.014622789750887932
2018-10-21 12:33:00,0.04188240433921919
2018-10-21 12:36:00,0.014798577403666968
2018-10-21 12:39:00,0.07078466818882134
2018-10-21 12:42:00,0.09604685140897118
2018-10-21 12:45:00,0.022141604627847755
2018-10-21 12:48:00,0.09431210436463289
2018-10-21 12:51:00,0.11701417859336516
2018-10-21 12:54:00,0.039669267285489695
2018-10-21 12:57:00,0.03629087914634965
2018-10-21 13:00:00,-0.058370463831352026
2018-10-21 13:03:00,-0.0659369158401546
2018-10-21 13:06:00,-0.18345043754311519
2018-10-21 13:09:00,-0.06178658475369048
2018-10-21 13:12:00,-0.009746425404955517
2018-10-21 13:15:00,-0.052450628575002156
2018-10-21 13:18:00,-0.12352343584825576
2018-10-21 13:21:00,-0.15960062255760477
2018-10-21 13:24:00,-0.07813653377974106
2018-10-21 13:27:00,-0.08248166320515793
2018-10-21 13:30:00,-0.15629603433723105
2018-10-21 13:33:00,-0.11501338929474514
2018-10-21 13:36:00,-0.10710114678562377
2018-10-21 13:39:00,-0.11475405123718474
2018-10-21 13:42:00,-0.0060170269672426
2018-10-21 13:45:00,-0.09726083574588529
2018-10-21 13:48:00,-0.07720371276803917
2018-10-21 13:51:00,-0.0960511993158093
2018-10-21 13:54:00,-0.0426939188046731
2018-10-21 13:57:00,-0.1666967167382154
2018-10-21 14:00:00,-0.13193977673392965
2018-10-21 14:03:00,-0.16759148572958793
2018-10-21 14:06:00,-0.27018932337716706
2018-10-21 14:09:00,-0.1770626270749176
2018-10-21 14:12:00,-0.09443972366136677
2018-10-21 14:15:00,0.0751167402847841
2018-10-21 14:18:00,0.28455867838675886
2018-10-21 14:21:00,0.3679711551004061
2018-10-21 14:24:00,0.46816733097858787
2018-10-21 14:27:00,0.43128013255983433
2018-10-21 14:30:00,0.4359649855843486
2018-10-21 14:33:00,0.507371213982708
2018-10-21 14:36:00,0.6140781035607574
2018-10-21 14:39:00,0.5890868316686237
2018-10-21 14:42:00,0.5468977959602057
2018-10-21 14:45:00,0.5163948165224497
2018-10-21 14:48:00,0.4214026959935495
2018-10-21 14:51:00,0.4379416784440764
2018-10-21 14:54:00,0.4112122890298906
2018-10-21 14:57:00,0.40628747939422283
2018-10-21 15:00:00,0.2523826387782151
2018-10-21 15:03:00,0.24677214602985487
2018-10-21 15:06:00,0.2876498020636973
2018-10-21 15:09:00,0.31249613375621266
2018-10-21 15:12:00,0.34458130630190453
2018-10-21 15:15:00,0.3388447843567519
2018-10-21 15:18:00,0.332483613352224
2018-10-21 15:21:00,0.33185705792766385
2018-10-21 15:24:00,0.3043746851208766
2018-10-21 15:27:00,0.3318078538520126
2018-10-21 15:30:00,0.37489014650623176
2018-10-21 15:33:00,0.3529272040666456
2018-10-21 15:36:00,0.4020694665221072
2018-10-21 15:39:00,0.49926030541996624
2018-10-21 15:42:00,0.4340001696156719
2018-10-21 15:45:00,0.5025319941618704
2018-10-21 15:48:00,0.3943542629704666
2018-10-21 15:51:00,0.4627630523706898
2018-10-21 15:54:00,0.3916483216101483
2018-10-21 15:57:00,0.45571269595922104
2018-10-21 16:00:00,0.4736187172555901
2018-10-21 16:03:00,0.5255202492884337
2018-10-21 16:06:00,0.4790902492781015
2018-10-21 16:09:00,0.5048772271740063
2018-10-21 16:12:00,0.5292190490783355
2018-10-21 16:15:00,0.47004798253385616
2018-10-21 16:18:00,0.5109471864013813
2018-10-21 16:21:00,0.3356074150759696
2018-10-21 16:24:00,0.38699173569739287
2018-10-21 16:27:00,0.381929570340958
2018-10-21 16:30:00,0.36941372477770074
2018-10-21 16:33:00,0.3458724619154623
2018-10-21 16:36:00,0.33893182240569786
2018-10-21 16:39:00,0.30991459912797836
2018-10-21 16:42:00,0.2957776824545135
2018-10-21 16:45:00,0.2462955718111175
2018-10-21 16:48:00,0.27145501342903344
2018-10-21 16:51:00,0.3070112395769229
2018-10-21 16:54:00,0.3433546000334786
2018-10-21 16:57:00,0.2978048488322429
2018-10-21 17:00:00,0.2750745807256294
2018-10-21 17:03:00,0.34666723027129365
2018-10-21 17:06:00,0.29699814515726075
2018-10-21 17:09:00,0.3165242915275712
2018-10-21 17:12:00,0.3590465569589014
2018-10-21 17:15:00,0.28532145123870123
2018-10-21 17:18:00,0.26352780997194714
2018-10-21 17:21:00,0.3328817155388606
2018-10-21 17:24:00,0.300461910144179
2018-10-21 17:27:00,0.32758061904655733
2018-10-21 17:30:00,0.4617298006269266
2018-10-21 17:33:00,0.31570321126940826
2018-10-21 17:36:00,0.38108258597924305
2018-10-21 17:39:00,0.3197571094902969
2018-10-21 17:42:00,0.3677270575707894
2018-10-21 17:45:00,0.39097523209892415
2018-10-21 17:48:00,0.4709641245058833
2018-10-21 17:51:00,0.42208270323737906
2018-10-21 17:54:00,0.3722070355834717
2018-10-21 17:57:00,0.43871116708538693
2018-10-21 18:00:00,0.4346156215432302
2018-10-21 18:03:00,0.3940854064621817
2018-10-21 18:06:00,0.40548014939344057
2018-10-21 18:09:00,0.34648511418151884
2018-10-21 18:12:00,0.46395591599224417
2018-10-21 18:15:00,0.42229514008698743
2018-10-21 18:18:00,0.37544343744235675
2018-10-21 18:21:00,0.4054669693789492
2018-10-21 18:24:00,0.42827641626314517
2018-10-21 18:27:00,0.36930819249005253
2018-10-21 18:30:00,0.39628483187806296
2018-10-21 18:33:00,0.2667713445787854
2018-10-21 18:36:00,0.26224668479659385
2018-10-21 18:39:00,0.270950489663619
2018-10-21 18:42:00,0.3229922374068792
2018-10-21 18:45:00,0.3116759182968849
2018-10-21 18:48:00,0.38291132936211625
2018-10-21 18:51:00,0.355902971776743
2018-10-21 18:54:00,
2018-10-21 18:57:00,
2018-10-21 19:00:00,
2018-10-21 19:03:00,0.31417421821566904
2018-10-21 19:06:00,0.4173396326042962
2018-10-21 19:09:00,0.29383696907137846
2018-10-21 19:12:00,0.19001874253808637
2018-10-21 19:15:00,0.40819697165886737
2018-10-21 19:18:00,0.24853317468995328
2018-10-21 19:21:00,0.2925863241383695
2018-10-21 19:24:00,0.3752626166718187
2018-10-21 19:27:00,0.24936163827413793
2018-10-21 19:30:00,0.35337277335827366
2018-10-21 19:33:00,0.36847317329807083
2018-10-21 19:36:00,0.3284882937066982
2018-10-21 19:39:00,0.33510171422852864
2018-10-21 19:42:00,0.3151461881472528
2018-10-21 19:45:00,0.3566573784346474
2018-10-21 19:48:00,0.363170790464892
2018-10-21 19:51:00,0.3490858413681508
2018-10-21 19:54:00,0.39968448296355064
2018-10-21 19:57:00,0.382722381676615
2018-10-21 20:00:00,0.38563032551974175
2018-10-21 20:03:00,0.3052054139387792
2018-10-21 20:06:00,0.3446914679055908
2018-10-21 20:09:00,0.3121203059057507
2018-10-21 20:12:00,0.3359803763785294
2018-10-21 20:15:00,0.3615893802935375
2018-10-21 20:18:00,0.41465006844589425
2018-10-21 20:21:00,0.2605809475421097
2018-10-21 20:24:00,0.3413507158762741
2018-10-21 20:27:00,0.29270961105692095
2018-10-21 20:30:00,0.3342767962539597
2018-10-21 20:33:00,0.3261442653039808
2018-10-21 20:36:00,0.23421183547549163
2018-10-21 20:39:00,0.3105327075520563
2018-10-21 20:42:00,0.3650453442678554
2018-10-21 20:45:00,0.2737966276698671
2018-10-21 20:48:00,0.28842782822289337
2018-10-21 20:51:00,0.31230036531286487
2018-10-21 20:54:00,0.367540316540385
2018-10-21 20:57:00,0.3885844571831285
2018-10-21 21:00:00,0.20082930025091628
2018-10-21 21:03:00,0.3193178396035137
2018-10-21 21:06:00,0.3192765731734539
2018-10-21 21:09:00,0.32953941799024733
2018-10-21 21:12:00,0.2725297994034577
2018-10-21 21:15:00,0.3072148519981397
2018-10-21 21:18:00,0.3167034460462901
2018-10-21 21:21:00,0.24265007626826218
2018-10-21 21:24:00,0.3253536283609151
2018-10-21 21:27:00,0.34675779222391157
2018-10-21 21:30:00,0.2848889455183894
2018-10-21 21:33:00,0.26891918260014336
2018-10-21 21:36:00,0.31826159298583434
2018-10-21 21:39:00,0.43969772922531547
2018-10-21 21:42:00,0.33546806372089577
2018-10-21 21:45:00,0.31550016489666177
2018-10-21 21:48:00,0.3254339664685517
2018-10-21 21:51:00,0.29093125773977135
2018-10-21 21:54:00,0.23318019997032025
2018-10-21 21:57:00,0.28846027656010165
2018-10-21 22:00:00,0.24163083695293608
2018-10-21 22:03:00,0.3000679928819636
2018-10-21 22:06:00,0.3040733999889653
2018-10-21 22:09:00,0.41160755004790417
2018-10-21 22:12:00,0.3028815414642736
2018-10-21 22:15:00,0.3424937358685156
2018-10-21 22:18:00,0.27244069498379986
2018-10-21 22:21:00,0.3787956207967227
2018-10-21 22:24:00,0.38270293751264717
2018-10-21 22:27:00,0.32479493828077466
2018-10-21 22:30:00,0.261934395592732
2018-10-21 22:33:00,0.34178605867504075
2018-10-21 22:36:00,0.3403052391909682
2018-10-21 22:39:00,0.44305950469242816
2018-10-21 22:42:00,0.3895865169546937
2018-10-21 22:45:00,0.3209195127826092
2018-10-21 22:48:00,0.34428545491294926
2018-10-21 22:51:00,0.4180391312173697
2018-10-21 22:54:00,0.3585665762962549
2018-10-21 22:57:00,0.36058813597264816
2018-10-21 23:00:00,0.4219005496804584
2018-10-21 23:03:00,0.43620081515013
2018-10-21 23:06:00,0.38032709566118683
2018-10-21 23:09:00,0.3977177212757965
2018-10-21 23:12:00,0.38852786367561976
2018-10-21 23:15:00,0.4398513730976106
2018-10-21 23:18:00,0.41660340789673
2018-10-21 23:21:00,0.35098268014195355
2018-10-21 23:24:00,0.4292278212936367
2018-10-21 23:27:00,0.34974594431037076
2018-10-21 23:30:00,0.3316856530505561
2018-10-21 23:33:00,0.37748540609555903
2018-10-21 23:36:00,0.32323513822888117
2018-10-21 23:39:00,0.33287193211367594
2018-10-21 23:42:00,0.3449419659133923
2018-10-21 23:45:00,0.34624142503946587
2018-10-21 23:48:00,0.42984515497596476
2018-10-21 23:51:00,0.31556453061136835
2018-10-21 23:54:00,0.3772689073906008
2018-10-21 23:57:00,0.3465669520749657
2018-10-22 00:00:00,0.33855492833333756
2018-10-22 00:03:00,0.3209288900451952
2018-10-22 00:06:00,0.2908720824598845
2018-10-22 00:09:00,0.301391585822671
2018-10-22 00:12:00,0.3305546486647586
2018-10-22 00:15:00,0.36974613349940455
2018-10-22 00:18:00,0.36723237454145874
2018-10-22 00:21:00,0.33145545940647025
2018-10-22 00:24:00,0.2924173895318063
2018-10-22 00:27:00,0.3224523918042337
2018-10-22 00:30:00,0.32402516064638576
2018-10-22 00:33:00,0.42212603157065587
2018-10-22 00:36:00,0.34658098240635127
2018-10-22 00:39:00,0.32901049315216824
2018-10-22 00:42:00,0.3089194190591229
2018-10-22 00:45:00,0.34200438948920464
2018-10-22 00:48:00,0.4488802550774267
2018-10-22 00:51:00,0.2565519329931476
2018-10-22 00:54:00,0.2084595041306443
2018-10-22 00:57:00,0.20565735746828295
2018-10-22 01:00:00,0.2645903962630882
2018-10-22 01:03:00,0.2704081947609893
2018-10-22 01:06:00,0.299590318295202
2018-10-22 01:09:00,0.3081483119015047
2018-10-22 01:12:00,0.3435065653075071
2018-10-22 01:15:00,0.2750481360609456
2018-10-22 01:18:00,0.3749253813117548
2018-10-22 01:21:00,0.2603459915785038
2018-10-22 01:24:00,0.3815169528565434
2018-10-22 01:27:00,0.3014935250342319
2018-10-22 01:30:00,0.32297787425744673
2018-10-22 01:33:00,0.38816688964658397
2018-10-22 01:36:00,0.43881835327351837
2018-10-22 01:39:00,0.46139572170704923
2018-10-22 01:42:00,0.46906296168009476
2018-10-22 01:45:00,0.42804727480853444
2018-10-22 01:48:00,0.41008524861058504
2018-10-22 01:51:00,0.45448965922628304
2018-10-22 01:54:00,0.369451589427058
2018-10-22 01:57:00,0.2885166403034418
2018-10-22 02:00:00,0.4123156006241402
2018-10-22 02:03:00,0.30420688548963426
2018-10-22 02:06:00,0.4053152465455696
2018-10-22 02:09:00,0.3554187845281831
2018-10-22 02:12:00,0.3859374472328909
2018-10-22 02:15:00,0.3049460642477584
2018-10-22 02:18:00,0.3964209993824852
2018-10-22 02:21:00,0.42596936953106024
2018-10-22 02:24:00,0.4291066210495842
2018-10-22 02:27:00,0.4294512510691675
2018-10-22 02:30:00,0.38963699792691386
2018-10-22 02:33:00,0.44544365921291273
2018-10-22 02:36:00,0.45171417450097806
2018-10-22 02:39:00,0.4659204938870971
2018-10-22 02:42:00,0.4082240055737998
2018-10-22 02:45:00,0.42131196149091465
2018-10-22 02:48:00,0.3958987546371304
2018-10-22 02:51:00,0.4544084499243013
2018-10-22 02:54:00,0.3146461704180865
2018-10-22 02:57:00,0.36697775287728973
2018-10-22 03:00:00,0.3500369078341805
2018-10-22 03:03:00,0.36462713219941634
2018-10-22 03:06:00,0.3599083139806112
2018-10-22 03:09:00,0.30816763595368
2018-10-22 03:12:00,0.354332510503923
2018-10-22 03:15:00,0.3576802617087651
2018-10-22 03:18:00,0.4399650113386997
2018-10-22 03:21:00,0.35614284157310294
2018-10-22 03:24:00,0.37577999592548395
2018-10-22 03:27:00,0.35140699345174653
2018-10-22 03:30:00,0.3861430672941424
2018-10-22 03:33:00,0.3570642726418214
2018-10-22 03:36:00,0.432489233206411
2018-10-22 03:39:00,0.35061787784161424
2018-10-22 03:42:00,0.37325317922676504
2018-10-22 03:45:00,0.3750908674390985
2018-10-22 03:48:00,0.31786131907540494
2018-10-22 03:51:00,0.37341177387600055
2018-10-22 03:54:00,0.4178745195026181
2018-10-22 03:57:00,0.32402381676945424
2018-10-22 04:00:00,0.33001172253233335
2018-10-22 04:03:00,0.296957749239823
2018-10-22 04:06:00,0.39350348098196264
2018-10-22 04:09:00,0.3645730725410772
2018-10-22 04:12:00,0.30401847424707285
2018-10-22 04:15:00,0.38188718831565893
2018-10-22 04:18:00,0.34732353060587684
2018-10-22 04:21:00,0.3471690251705013
2018-10-22 04:24:00,0.3675382587242666
2018-10-22 04:27:00,0.3319789737484484
2018-10-22 04:30:00,0.4738874160373143
2018-10-22 04:33:00,0.4329564613370849
2018-10-22 04:36:00,0.29749708036007405
2018-10-22 04:39:00,0.2553012009559552
2018-10-22 04:42:00,0.2788553394088922
2018-10-22 04:45:00,0.3853816354395576
2018-10-22 04:48:00,0.38816578642826016
2018-10-22 04:51:00,0.3116993697483963
2018-10-22 04:54:00,0.3853978820276893
2018-10-22 04:57:00,0.3937759926175204
2018-10-22 05:00:00,0.3737266842104532
2018-10-22 05:03:00,0.34536996984564894
2018-10-22 05:06:00,0.37175838175028275
2018-10-22 05:09:00,0.44949140204693094
2018-10-22 05:12:00,0.34507366406370465
2018-10-22 05:15:00,0.3671741691250645
2018-10-22 05:18:00,0.39622805593381827
2018-10-22 05:21:00,0.40686062831639447
2018-10-22 05:24:00,0.4034797229271021
2018-10-22 05:27:00,0.3979901282624496
2018-10-22 05:30:00,0.3935382322240457
2018-10-22 05:33:00,0.3312282481334705
2018-10-22 05:36:00,0.3424263278845956
2018-10-22 05:39:00,0.5073084556537424
2018-10-22 05:42:00,0.44233950319085125
2018-10-22 05:45:00,0.3270932088744871
2018-10-22 05:48:00,0.3761643549202063
2018-10-22 05:51:00,0.33297127391102777
2018-10-22 05:54:00,0.34935727376955583
2018-10-22 05:57:00,0.3075077264942365
2018-10-22 06:00:00,0.2610952365231469
2018-10-22 06:03:00,0.2717491296655794
2018-10-22 06:06:00,0.2970341628559936
2018-10-22 06:09:00,0.33465877406064237
2018-10-22 06:12:00,0.2917139317477222
2018-10-22 06:15:00,0.3326309549162829
2018-10-22 06:18:00,0.3353305302737226
2018-10-22 06:21:00,0.2876422776157028
2018-10-22 06:24:00,0.361171009749512
2018-10-22 06:27:00,0.39801245835809596
2018-10-22 06:30:00,0.4610811632363152
2018-10-22 06:33:00,0.2759106705331078
2018-10-22 06:36:00,0.27179528826707156
2018-10-22 06:39:00,0.36304770807674913
2018-10-22 06:42:00,0.41248917955510933
2018-10-22 06:45:00,0.397561343138932
2018-10-22 06:48:00,0.3496313275953753
2018-10-22 06:51:00,0.3485884890263833
2018-10-22 06:54:00,0.30778543491828714
2018-10-22 06:57:00,0.30968080382376684
2018-10-22 07:00:00,0.3742200767675854
2018-10-22 07:03:00,0.3634338082685531
2018-10-22 07:06:00,0.3604308770828766
2018-10-22 07:09:00,0.34101238533799005
2018-10-22 07:12:00,0.33754893161057
2018-10-22 07:15:00,0.25592333782054766
2018-10-22 07:18:00,0.3527296589447815
2018-10-22 07:21:00,0.3591258543235085
2018-10-22 07:24:00,0.3038548957688363
2018-10-22 07:27:00,0.38204562787598206
2018-10-22 07:30:00,0.3377399942982038
2018-10-22 07:33:00,0.3722474613927602
2018-10-22 07:36:00,0.3162946725136635
2018-10-22 07:39:00,0.2592446263631132
2018-10-22 07:42:00,0.3348795160878808
2018-10-22 07:45:00,0.22041723868784402
2018-10-22 07:48:00,0.24887962776608674
2018-10-22 07:51:00,0.23396663504036042
2018-10-22 07:54:00,0.2972535012209505
2018-10-22 07:57:00,0.36448862171926066
2018-10-22 08:00:00,0.3274169034660872
2018-10-22 08:03:00,0.33359566958267806
2018-10-22 08:06:00,0.24366006131896256
2018-10-22 08:09:00,0.17377218126648586
2018-10-22 08:12:00,0.20989559793326862
2018-10-22 08:15:00,0.3275757389793057
2018-10-22 08:18:00,0.39744543676522426
2018-10-22 08:21:00,0.3555248204530699
2018-10-22 08:24:00,0.2984104032296955
2018-10-22 08:27:00,0.3222222412988458
2018-10-22 08:30:00,0.2099253579932565
2018-10-22 08:33:00,0.31589397479933723
2018-10-22 08:36:00,0.35209667366791564
2018-10-22 08:39:00,0.3369693714637947
2018-10-22 08:42:00,0.2571143832524285
2018-10-22 08:45:00,0.3122899762472571
2018-10-22 08:48:00,0.24042639048025194
2018-10-22 08:51:00,0.23461443164217144
2018-10-22 08:54:00,0.28666499218439867
2018-10-22 08:57:00,0.267149854635818
2018-10-22 09:00:00,0.33256890335462685
2018-10-22 09:03:00,0.19804648178222806
2018-10-22 09:06:00,0.2620350034387684
2018-10-22 09:09:00,0.21405068975110453
2018-10-22 09:12:00,0.2959770785064393
2018-10-22 09:15:00,0.21766130097688574
2018-10-22 09:18:00,0.30052261678929426
2018-10-22 09:21:00,0.24406431987597443
2018-10-22 09:24:00,0.1670048233257262
2018-10-22 09:27:00,0.1738052472730942
2018-10-22 09:30:00,0.1482800264393518
2018-10-22 09:33:00,0.13367435119744187
2018-10-22 09:36:00,0.17226237440877412
2018-10-22 09:39:00,0.08035091128130034
2018-10-22 09:42:00,0.07974858913593152
2018-10-22 09:45:00,0.16147454568067587
2018-10-22 09:48:00,0.064555308821582
2018-10-22 09:51:00,0.1410967633829614
2018-10-22 09:54:00,0.08588174417445771
2018-10-22 09:57:00,0.17802383518642273
2018-10-22 10:00:00,0.196416370823556
2018-10-22 10:03:00,0.15340450781502568
2018-10-22 10:06:00,0.11228021352724227
2018-10-22 10:09:00,-0.005325818920198344
2018-10-22 10:12:00,0.021956068080612567
2018-10-22 10:15:00,-0.07964208835312547
2018-10-22 10:18:00,-0.027848823967985936
2018-10-22 10:21:00,0.007340818688305717
2018-10-22 10:24:00,-0.017131011083847625
2018-10-22 10:27:00,-0.06132469400034779
2018-10-22 10:30:00,-0.07702172543196184
2018-10-22 10:33:00,-0.10971741861749251
2018-10-22 10:36:00,0.012885496583692202
2018-10-22 10:39:00,0.04995467036894752
2018-10-22 10:42:00,0.08290881515813453
2018-10-22 10:45:00,0.12228322141419312
2018-10-22 10:48:00,-0.01746324375289987
2018-10-22 10:51:00,0.11319213375321624
2018-10-22 10:54:00,0.06275934804830285
2018-10-22 10:57:00,0.05215201743237685
2018-10-22 11:00:00,-0.0321685846888613
2018-10-22 11:03:00,0.009273812986975827
2018-10-22 11:06:00,0.04573379168380143
2018-10-22 11:09:00,0.09597062560419545
2018-10-22 11:12:00,0.19926751063854908
2018-10-22 11:15:00,0.047158569499629266
2018-10-22 11:18:00,0.11806897294974306
2018-10-22 11:21:00,0.058943809288791726
2018-10-22 11:24:00,0.064213624666138
2018-10-22 11:27:00,0.14785857585303575
2018-10-22 11:30:00,0.12297474822878485
2018-10-22 11:33:00,0.10514238587796854
2018-10-22 11:36:00,0.13157129020146385
2018-10-22 11:39:00,0.06754876299640955
2018-10-22 11:42:00,0.03372950844772049
2018-10-22 11:45:00,0.1259796495272667
2018-10-22 11:48:00,-0.05851534757590571
2018-10-22 11:51:00,-0.03254718903281173
2018-10-22 11:54:00,-0.016844820514847925
2018-10-22 11:57:00,-0.06631628728626993
2018-10-22 12:00:00,-0.053866793237261845
2018-10-22 12:03:00,-0.04105594815621316
2018-10-22 12:06:00,-0.05199976612237833
2018-10-22 12:09:00,0.026738914440727513
2018-10-22 12:12:00,0.028480605074832965
2018-10-22 12:15:00,-0.016823471804684687
2018-10-22 12:18:00,-0.08147503791821009
2018-10-22 12:21:00,0.12279471603170578
2018-10-22 12:24:00,-0.017452019509789807
2018-10-22 12:27:00,-0.018762616305423307
2018-10-22 12:30:00,-0.18637834231429906
2018-10-22 12:33:00,-0.14597058367866111
2018-10-22 12:36:00,-0.0696312234744596
2018-10-22 12:39:00,0.044228734124374114
2018-10-22 12:42:00,0.06603025135075313
2018-10-22 12:45:00,-0.06365618960620623
2018-10-22 12:48:00,-0.03038409357782257
2018-10-22 12:51:00,0.13472647934446513
2018-10-22 12:54:00,0.14828635147392788
2018-10-22 12:57:00,-0.08391911820194764
2018-10-22 13:00:00,-0.02330528809062571
2018-10-22 13:03:00,0.13078387918665157
2018-10-22 13:06:00,-0.0571584447919804
2018-10-22 13:09:00,-0.08538237747842459
2018-10-22 13:12:00,0.025156943537126608
2018-10-22 13:15:00,0.004539707936714876
2018-10-22 13:18:00,-0.13973467770807702
2018-10-22 13:21:00,-0.20279567609071592
2018-10-22 13:24:00,-0.20640603173501404
2018-10-22 13:27:00,-0.16055574767750613
2018-10-22 13:30:00,-0.08299780292878722
2018-10-22 13:33:00,-0.19665070760817116
2018-10-22 13:36:00,-0.2398506189767886
2018-10-22 13:39:00,-0.1963795184771584
2018-10-22 13:42:00,-0.16391946207090768
2018-10-22 13:45:00,-0.19459419152497048
2018-10-22 13:48:00,-0.23686116109354316
2018-10-22 13:51:00,-0.2706807726862053
2018-10-22 13:54:00,-0.21390306755506572
2018-10-22 13:57:00,-0.10782664367877715
2018-10-22 14:00:00,-0.21259550812760608
2018-10-22 14:03:00,-0.11107060328305352
2018-10-22 14:06:00,-0.16043965345949118
2018-10-22 14:09:00,-0.2716542568492173
2018-10-22 14:12:00,-0.26128533940465104
2018-10-22 14:15:00,-0.1353828556756298
2018-10-22 14:18:00,-0.11684353179094842
2018-10-22 14:21:00,-0.21111124985378638
2018-10-22 14:24:00,-0.1508628276831132
2018-10-22 14:27:00,-0.17008725721854034
2018-10-22 14:30:00,-0.21457966851437504
2018-10-22 14:33:00,-0.354248923574346
2018-10-22 14:36:00,-0.29232894447363833
2018-10-22 14:39:00,-0.3085645316195951
2018-10-22 14:42:00,0.04723340931883513
2018-10-22 14:45:00,0.10012401890452338
2018-10-22 14:48:00,0.35880004808348076
2018-10-22 14:51:00,-0.010206353462024254
2018-10-22 14:54:00,-0.12528456220860562
2018-10-22 14:57:00,-0.1783737918829047
2018-10-22 15:00:00,-0.22188067460524508
2018-10-22 15:03:00,-0.26655087739567307
2018-10-22 15:06:00,-0.2846839674740522
2018-10-22 15:09:00,-0.3304345967701465
2018-10-22 15:12:00,-0.1608613518943116
2018-10-22 15:15:00,-0.22736302235756511
2018-10-22 15:18:00,-0.33112670074569905
2018-10-22 15:21:00,-0.12629492345115523
2018-10-22 15:24:00,-0.1883679582200557
2018-10-22 15:27:00,-0.12716284849443582
2018-10-22 15:30:00,-0.12474039707529982
2018-10-22 15:33:00,-0.1295369493264502
2018-10-22 15:36:00,-0.18518709993463744
2018-10-22 15:39:00,-0.17155044464897173
2018-10-22 15:42:00,-0.38625541052783774
2018-10-22 15:45:00,-0.2097816685870839
2018-10-22 15:48:00,-0.34276540951765355
2018-10-22 15:51:00,-0.21745442524934333
2018-10-22 15:54:00,-0.21416901609723027
2018-10-22 15:57:00,-0.17871926975203678
2018-10-22 16:00:00,-0.22388461449293118
2018-10-22 16:03:00,-0.2554389548909626
2018-10-22 16:06:00,-0.31290432748414787
2018-10-22 16:09:00,-0.22100435422390774
2018-10-22 16:12:00,-0.041721545192785925
2018-10-22 16:15:00,-0.21057304661388798
2018-10-22 16:18:00,-0.08158154168830833
2018-10-22 16:21:00,-0.08768075706120726
2018-10-22 16:24:00,-0.015092758730418154
2018-10-22 16:27:00,-0.044399064095557605
2018-10-22 16:30:00,-0.06640598855676672
2018-10-22 16:33:00,0.06242761789218321
2018-10-22 16:36:00,0.13800661647843526
2018-10-22 16:39:00,-0.09222569063655328
2018-10-22 16:42:00,0.06786988553585616
2018-10-22 16:45:00,0.0797954134191059
2018-10-22 16:48:00,0.017544264239063523
2018-10-22 16:51:00,-0.004349322326845595
2018-10-22 16:54:00,0.03621263494045479
2018-10-22 16:57:00,-0.01676988866006468
2018-10-22 17:00:00,0.04448064621379899
2018-10-22 17:03:00,-0.005093879206697238
2018-10-22 17:06:00,0.1287733125436148
2018-10-22 17:09:00,0.07429516933211744
2018-10-22 17:12:00,-0.07244331042232943
2018-10-22 17:15:00,0.047397547473110535
2018-10-22 17:18:00,0.024059083236011247
2018-10-22 17:21:00,0.03586757879924107
2018-10-22 17:24:00,0.06674951929198869
2018-10-22 17:27:00,-0.015220371328553028
2018-10-22 17:30:00,-0.017540164380534407
2018-10-22 17:33:00,0.033483281358769545
2018-10-22 17:36:00,0.08405552244795444
2018-10-22 17:39:00,0.1278127142913945
2018-10-22 17:42:00,0.08503647145039395
2018-10-22 17:45:00,0.09846489538961123
2018-10-22 17:48:00,0.014804045979417424
2018-10-22 17:51:00,0.059585172127356145
2018-10-22 17:54:00,0.005206298538212195
2018-10-22 17:57:00,-0.017884583751822447
2018-10-22 18:00:00,0.15282100883968042
2018-10-22 18:03:00,0.06633280463506708
2018-10-22 18:06:00,0.088620184023398
2018-10-22 18:09:00,0.006064123143005418
2018-10-22 18:12:00,0.12269492792665915
2018-10-22 18:15:00,0.05440891023141603
2018-10-22 18:18:00,-0.04762006208818548
2018-10-22 18:21:00,-0.027017827158147156
2018-10-22 18:24:00,-0.009032046732670551
2018-10-22 18:27:00,-0.0014882331121839343
2018-10-22 18:30:00,-0.04969112617374094
2018-10-22 18:33:00,0.07221494031324482
2018-10-22 18:36:00,0.02599064925533412
2018-10-22 18:39:00,-0.030292672822042732
2018-10-22 18:42:00,0.042166224006393804
2018-10-22 18:45:00,-0.012265573422666876
2018-10-22 18:48:00,-0.006257342122580667
2018-10-22 18:51:00,-0.07139525949878589
2018-10-22 18:54:00,
2018-10-22 18:57:00,
2018-10-22 19:00:00,
2018-10-22 19:03:00,-0.036801315874868124
2018-10-22 19:06:00,0.0237578333586157
2018-10-22 19:09:00,0.014781602963239493
2018-10-22 19:12:00,-0.03156501412763646
2018-10-22 19:15:00,-0.16690179884625422
2018-10-22 19:18:00,0.04659799534920239
2018-10-22 19:21:00,-0.0025515405387750434
2018-10-22 19:24:00,0.02783578958576527
2018-10-22 19:27:00,-0.02878221070619702
2018-10-22 19:30:00,0.02432235738064037
2018-10-22 19:33:00,0.14236600524577625
2018-10-22 19:36:00,0.07493641830052411
2018-10-22 19:39:00,0.11283436611000752
2018-10-22 19:42:00,0.06351630241306339
2018-10-22 19:45:00,0.11459459367296176
2018-10-22 19:48:00,0.11195494877813417
2018-10-22 19:51:00,0.1584176184432522
2018-10-22 19:54:00,0.13703909818895
2018-10-22 19:57:00,0.1885443497403685
2018-10-22 20:00:00,0.1254096161266034
2018-10-22 20:03:00,0.09244960156831894
2018-10-22 20:06:00,0.007361199643867167
2018-10-22 20:09:00,0.050604199898941715
2018-10-22 20:12:00,0.07387712084567966
2018-10-22 20:15:00,0.06965896123466564
2018-10-22 20:18:00,0.03932833450437556
2018-10-22 20:21:00,0.11709723979396358
2018-10-22 20:24:00,0.10537993377613475
2018-10-22 20:27:00,0.02821011183976907
2018-10-22 20:30:00,0.06909152164581656
2018-10-22 20:33:00,0.11610415765409243
2018-10-22 20:36:00,0.08098744820131287
2018-10-22 20:39:00,0.07043833475051997
2018-10-22 20:42:00,0.08493483660191714
2018-10-22 20:45:00,0.13289688388545073
2018-10-22 20:48:00,0.0768171067548451
2018-10-22 20:51:00,0.11192115994407459
2018-10-22 20:54:00,0.15451624554185628
2018-10-22 20:57:00,0.1515395553570329
2018-10-22 21:00:00,0.2290325176988972
2018-10-22 21:03:00,0.3343056366302335
2018-10-22 21:06:00,0.1950161431988704
2018-10-22 21:09:00,0.19271528729211695
2018-10-22 21:12:00,0.17929573271322852
2018-10-22 21:15:00,0.12126780223724154
2018-10-22 21:18:00,0.24717216621297666
2018-10-22 21:21:00,0.1875383553209531
2018-10-22 21:24:00,0.11906506922088056
2018-10-22 21:27:00,0.17571532000914658
2018-10-22 21:30:00,0.15188620305048062
2018-10-22 21:33:00,0.22846431866406647
2018-10-22 21:36:00,0.28747232339839
2018-10-22 21:39:00,0.2790558653869084
2018-10-22 21:42:00,0.2120454950153885
2018-10-22 21:45:00,0.20980253378542102
2018-10-22 21:48:00,0.29199893352739537
2018-10-22 21:51:00,0.2528411668359922
2018-10-22 21:54:00,0.24467130643506607
2018-10-22 21:57:00,0.16856730686828314
2018-10-22 22:00:00,0.16640602624045187
2018-10-22 22:03:00,0.2855247342309326
2018-10-22 22:06:00,0.2037098425695376
2018-10-22 22:09:00,0.19476905029608815
2018-10-22 22:12:00,0.2798262151816857
2018-10-22 22:15:00,0.1877596571526965
2018-10-22 22:18:00,0.13651033109846367
2018-10-22 22:21:00,0.12296427664097109
2018-10-22 22:24:00,0.20192868117084117
2018-10-22 22:27:00,0.06781521496054665
2018-10-22 22:30:00,0.08522308395203027
2018-10-22 22:33:00,0.11805888590390623
2018-10-22 22:36:00,0.24247539220993986
2018-10-22 22:39:00,0.21095984400238876
2018-10-22 22:42:00,0.15813281639503884
2018-10-22 22:45:00,0.24314656445108085
2018-10-22 22:48:00,0.13763748578384138
2018-10-22 22:51:00,0.225043644939376
2018-10-22 22:54:00,0.1857465817054731
2018-10-22 22:57:00,0.16556936128966981
2018-10-22 23:00:00,0.14377484336023372
2018-10-22 23:03:00,0.1693300107205573
2018-10-22 23:06:00,0.13954969173130394
2018-10-22 23:09:00,0.17541340959917306
2018-10-22 23:12:00,0.15888266308985521
2018-10-22 23:15:00,0.19505899361826096
2018-10-22 23:18:00,0.12051980903549975
2018-10-22 23:21:00,0.19442974345815855
2018-10-22 23:24:00,0.1744219800555129
2018-10-22 23:27:00,0.17092743155797052
2018-10-22 23:30:00,0.14365483654341915
2018-10-22 23:33:00,0.22155842848712837
2018-10-22 23:36:00,0.1260012050635737
2018-10-22 23:39:00,0.21582883070487924
2018-10-22 23:42:00,0.13937567462301104
2018-10-22 23:45:00,0.2289201483596912
2018-10-22 23:48:00,0.20582798153293425
2018-10-22 23:51:00,0.1324316384148574
2018-10-22 23:54:00,0.18775662986729458
2018-10-22 23:57:00,0.20141789344171457
2018-10-23 00:00:00,0.17842573345797064
2018-10-23 00:03:00,0.16458126532160122
2018-10-23 00:06:00,0.2676566101367257
2018-10-23 00:09:00,0.18488305578659947
2018-10-23 00:12:00,0.1693944605070783
2018-10-23 00:15:00,0.24722669464404134
2018-10-23 00:18:00,0.1964191577392853
2018-10-23 00:21:00,0.20217097568615827
2018-10-23 00:24:00,0.23612831869451156
2018-10-23 00:27:00,0.3548616890768699
2018-10-23 00:30:00,0.2820171504825453
2018-10-23 00:33:00,0.319758424778513
2018-10-23 00:36:00,0.21571919214659374
2018-10-23 00:39:00,0.20093178897434427
2018-10-23 00:42:00,0.1959908390253986
2018-10-23 00:45:00,0.28868620967841707
2018-10-23 00:48:00,0.2559092813168604
2018-10-23 00:51:00,0.2526563411041707
2018-10-23 00:54:00,0.24931793849776795
2018-10-23 00:57:00,0.2160232007128684
2018-10-23 01:00:00,0.21278252207508785
2018-10-23 01:03:00,0.2700159332187013
2018-10-23 01:06:00,0.21498370360535546
2018-10-23 01:09:00,0.2893970114413378
2018-10-23 01:12:00,0.2781852986887543
2018-10-23 01:15:00,0.3103846243224666
2018-10-23 01:18:00,0.24375627721337878
2018-10-23 01:21:00,0.3088141301775522
2018-10-23 01:24:00,0.32833051900007604
2018-10-23 01:27:00,0.30782330927371504
2018-10-23 01:30:00,0.20788767248768636
2018-10-23 01:33:00,0.29083034587057455
2018-10-23 01:36:00,0.2810123592664695
2018-10-23 01:39:00,0.31324910481583856
2018-10-23 01:42:00,0.2599479960953772
2018-10-23 01:45:00,0.19240532598087157
2018-10-23 01:48:00,0.17710524541320183
2018-10-23 01:51:00,0.20083346227914944
2018-10-23 01:54:00,0.2740156523383348
2018-10-23 01:57:00,0.23951163157943256
2018-10-23 02:00:00,0.27946052148291756
2018-10-23 02:03:00,0.2202624209526789
2018-10-23 02:06:00,0.18994999330607243
2018-10-23 02:09:00,0.15279420922087183
2018-10-23 02:12:00,0.2217756687824135
2018-10-23 02:15:00,0.2864457190683538
2018-10-23 02:18:00,0.2751921462626683
2018-10-23 02:21:00,0.23271345501615315
2018-10-23 02:24:00,0.2580620606842672
2018-10-23 02:27:00,0.2369839226640238
2018-10-23 02:30:00,0.25344462476073204
2018-10-23 02:33:00,0.2948905224436089
2018-10-23 02:36:00,0.16081045098798086
2018-10-23 02:39:00,0.3125416376479393
2018-10-23 02:42:00,0.2750909142669684
2018-10-23 02:45:00,0.2430528231809035
2018-10-23 02:48:00,0.21973866740177073
2018-10-23 02:51:00,0.3254925011688101
2018-10-23 02:54:00,0.28898182732035593
2018-10-23 02:57:00,0.31521080987909045
2018-10-23 03:00:00,0.34614353124260333
2018-10-23 03:03:00,0.3239262329050234
2018-10-23 03:06:00,0.3360813862693135
2018-10-23 03:09:00,0.2133628855489178
2018-10-23 03:12:00,0.17610389883623156
2018-10-23 03:15:00,0.24802692209129873
2018-10-23 03:18:00,0.13700614415620294
2018-10-23 03:21:00,0.20797769184946446
2018-10-23 03:24:00,0.17702302111700874
2018-10-23 03:27:00,0.2793344980466941
2018-10-23 03:30:00,0.23920763821865876
2018-10-23 03:33:00,0.24280715802592567
2018-10-23 03:36:00,0.21041312054603623
2018-10-23 03:39:00,0.18186446601293937
2018-10-23 03:42:00,0.22224568632771025
2018-10-23 03:45:00,0.3046754417494526
2018-10-23 03:48:00,0.2612515926419974
2018-10-23 03:51:00,0.21737842053966006
2018-10-23 03:54:00,0.33882805977918906
2018-10-23 03:57:00,0.2930922347863998
2018-10-23 04:00:00,0.1631309765629112
2018-10-23 04:03:00,0.28731668251509745
2018-10-23 04:06:00,0.2852139157866418
2018-10-23 04:09:00,0.3301388880716445
2018-10-23 04:12:00,0.3105356214573476
2018-10-23 04:15:00,0.2431519970891145
2018-10-23 04:18:00,0.25334531953046735
2018-10-23 04:21:00,0.30330966702808837
2018-10-23 04:24:00,0.3114964153588744
2018-10-23 04:27:00,0.35628451003981354
2018-10-23 04:30:00,0.31175581177194545
2018-10-23 04:33:00,0.3422453122383331
2018-10-23 04:36:00,0.29621695673375825
2018-10-23 04:39:00,0.2515499856614838
2018-10-23 04:42:00,0.2930545806289615
2018-10-23 04:45:00,0.28337106913789967
2018-10-23 04:48:00,0.31396065373792226
2018-10-23 04:51:00,0.2037037281682501
2018-10-23 04:54:00,0.28988841167466717
2018-10-23 04:57:00,0.32337016617145764
2018-10-23 05:00:00,0.37008286649944466
2018-10-23 05:03:00,0.2298209391382784
2018-10-23 05:06:00,0.3598207945412355
2018-10-23 05:09:00,0.31546072004618964
2018-10-23 05:12:00,0.2916800785541227
2018-10-23 05:15:00,0.22895572448902612
2018-10-23 05:18:00,0.3318406606607027
2018-10-23 05:21:00,0.2847692435187241
2018-10-23 05:24:00,0.27217261223438527
2018-10-23 05:27:00,0.28704724192101594
2018-10-23 05:30:00,0.23283424768459327
2018-10-23 05:33:00,0.23261820725161897
2018-10-23 05:36:00,0.35113765247666606
2018-10-23 05:39:00,0.14403973725677588
2018-10-23 05:42:00,0.38583774625578826
2018-10-23 05:45:00,0.2985288711888643
2018-10-23 05:48:00,0.2731181051904059
2018-10-23 05:51:00,0.17802466422597263
2018-10-23 05:54:00,0.3309768395521928
2018-10-23 05:57:00,0.33916232103615584
2018-10-23 06:00:00,0.3085053903944299
2018-10-23 06:03:00,0.3227082942867696
2018-10-23 06:06:00,0.2276439005706834
2018-10-23 06:09:00,0.2745525143087093
2018-10-23 06:12:00,0.331595271204435
2018-10-23 06:15:00,0.3092650696362398
2018-10-23 06:18:00,0.31488873883557744
2018-10-23 06:21:00,0.37936862983735864
2018-10-23 06:24:00,0.30101044273800426
2018-10-23 06:27:00,0.19914605298794186
2018-10-23 06:30:00,0.27186813357434403
2018-10-23 06:33:00,0.3669737747081854
2018-10-23 06:36:00,0.31462733956141165
2018-10-23 06:39:00,0.2902146850676104
2018-10-23 06:42:00,0.3127414173555394
2018-10-23 06:45:00,0.22996263994662058
2018-10-23 06:48:00,0.23058769818652536
2018-10-23 06:51:00,0.2496249784199449
2018-10-23 06:54:00,0.18298718126857239
2018-10-23 06:57:00,0.30692128205782865
2018-10-23 07:00:00,0.2190586729673214
2018-10-23 07:03:00,0.31017726640510546
2018-10-23 07:06:00,0.22494197306622254
2018-10-23 07:09:00,0.2752976930316322
2018-10-23 07:12:00,0.33945707147159965
2018-10-23 07:15:00,0.2699811274932813
2018-10-23 07:18:00,0.29302046900397727
2018-10-23 07:21:00,0.2824887371402838
2018-10-23 07:24:00,0.16282578052141616
2018-10-23 07:27:00,0.2611925829847337
2018-10-23 07:30:00,0.2615724669580004
2018-10-23 07:33:00,0.31066241975094044
2018-10-23 07:36:00,0.24267806884068932
2018-10-23 07:39:00,0.24165476176818856
2018-10-23 07:42:00,0.322352446990692
2018-10-23 07:45:00,0.3122337388990104
2018-10-23 07:48:00,0.23205288175478245
2018-10-23 07:51:00,0.24905799274864648
2018-10-23 07:54:00,0.31425856041300904
2018-10-23 07:57:00,0.18454773011922043
2018-10-23 08:00:00,0.270941178583314
2018-10-23 08:03:00,0.22038350351942881
2018-10-23 08:06:00,0.29549880744582424
2018-10-23 08:09:00,0.26776178525142313
2018-10-23 08:12:00,0.24756712112156265
2018-10-23 08:15:00,0.26447308896172217
2018-10-23 08:18:00,0.14667455693512466
2018-10-23 08:21:00,0.2332310356449625
2018-10-23 08:24:00,0.22165462085712306
2018-10-23 08:27:00,0.18779268722630604
2018-10-23 08:30:00,0.24237225132981166
2018-10-23 08:33:00,0.3475725903391549
2018-10-23 08:36:00,0.2984212106025552
2018-10-23 08:39:00,0.3323857345743022
2018-10-23 08:42:00,0.21985630933551192
2018-10-23 08:45:00,0.12897079938528577
2018-10-23 08:48:00,0.06360038860520945
2018-10-23 08:51:00,0.17048462837010447
2018-10-23 08:54:00,0.17608547488879367
2018-10-23 08:57:00,0.19838334553259074
2018-10-23 09:00:00,0.1113419767162327
2018-10-23 09:03:00,0.06496930800869904
2018-10-23 09:06:00,0.005682126801104914
2018-10-23 09:09:00,0.09056122222239082
2018-10-23 09:12:00,0.07106133730172814
2018-10-23 09:15:00,0.11025025823852275
2018-10-23 09:18:00,0.04397282531294877
2018-10-23 09:21:00,0.044985373296924536
2018-10-23 09:24:00,0.11130992204175527
2018-10-23 09:27:00,0.11579240342234698
2018-10-23 09:30:00,0.0009244105220886922
2018-10-23 09:33:00,-0.028387326387644407
2018-10-23 09:36:00,-0.03456147595807124
2018-10-23 09:39:00,-0.048132655807933133
2018-10-23 09:42:00,-0.18960692131963697
2018-10-23 09:45:00,-0.10081095734659584
2018-10-23 09:48:00,-0.03782083797818814
2018-10-23 09:51:00,-0.10376647257982086
2018-10-23 09:54:00,-0.0644305659488964
2018-10-23 09:57:00,0.12400143490975779
2018-10-23 10:00:00,0.06611268976678275
2018-10-23 10:03:00,0.010499386631806829
2018-10-23 10:06:00,-0.05320221726651653
2018-10-23 10:09:00,0.005289851006239132
2018-10-23 10:12:00,0.035772671222616736
2018-10-23 10:15:00,0.006591760384026202
2018-10-23 10:18:00,-0.02226912119829194
2018-10-23 10:21:00,-0.08005723372224338
2018-10-23 10:24:00,-0.13630437199412881
2018-10-23 10:27:00,-0.17380093486275427
2018-10-23 10:30:00,-0.09800642649338442
2018-10-23 10:33:00,-0.19633893618856746
2018-10-23 10:36:00,-0.23346162319927544
2018-10-23 10:39:00,-0.20475866826967604
2018-10-23 10:42:00,-0.18069081263814724
2018-10-23 10:45:00,-0.14876850648010986
2018-10-23 10:48:00,-0.26198208286928093
2018-10-23 10:51:00,-0.23014879449385717
2018-10-23 10:54:00,-0.18802663445444523
2018-10-23 10:57:00,-0.20610891897564443
2018-10-23 11:00:00,-0.2296496447194727
2018-10-23 11:03:00,-0.22937631521227786
2018-10-23 11:06:00,-0.2713590078564039
2018-10-23 11:09:00,-0.2053962120886581
2018-10-23 11:12:00,-0.04485500373544937
2018-10-23 11:15:00,-0.025649789337194306
2018-10-23 11:18:00,-0.034291110241838396
2018-10-23 11:21:00,0.040515353307853275
2018-10-23 11:24:00,0.037743993349636185
2018-10-23 11:27:00,0.048751755508305905
2018-10-23 11:30:00,0.04568262553920022
2018-10-23 11:33:00,-0.020910887291620384
2018-10-23 11:36:00,0.04974778103223798
2018-10-23 11:39:00,-0.060686466103106795
2018-10-23 11:42:00,-0.08261880397373034
2018-10-23 11:45:00,0.038943509211833316
2018-10-23 11:48:00,0.048355109616011305
2018-10-23 11:51:00,-0.03407061842068515
2018-10-23 11:54:00,0.09023818762238989
2018-10-23 11:57:00,0.011492650704781227
2018-10-23 12:00:00,0.11115572016717579
2018-10-23 12:03:00,0.046403418456463896
2018-10-23 12:06:00,0.04355962560453008
2018-10-23 12:09:00,-0.031033093724204264
2018-10-23 12:12:00,-0.0039022277670142103
2018-10-23 12:15:00,0.04746971280439993
2018-10-23 12:18:00,0.005437595415173746
2018-10-23 12:21:00,-0.06984289060028459
2018-10-23 12:24:00,-0.1576846499215776
2018-10-23 12:27:00,-0.11546398830563476
2018-10-23 12:30:00,-0.04625802604857654
2018-10-23 12:33:00,-0.1343268563604738
2018-10-23 12:36:00,-0.2058766578555833
2018-10-23 12:39:00,-0.12824038510530045
2018-10-23 12:42:00,-0.13463664920817564
2018-10-23 12:45:00,-0.0800794504558553
2018-10-23 12:48:00,-0.15316897502111715
2018-10-23 12:51:00,-0.06808153908167469
2018-10-23 12:54:00,-0.16134403085430904
2018-10-23 12:57:00,-0.03588274855565032
2018-10-23 13:00:00,-0.23814613954425567
2018-10-23 13:03:00,-0.1502330545660584
2018-10-23 13:06:00,-0.2049703821987805
2018-10-23 13:09:00,-0.14198063863670995
2018-10-23 13:12:00,-0.16437546220822696
2018-10-23 13:15:00,-0.18481611453080404
2018-10-23 13:18:00,0.018222869915405226
2018-10-23 13:21:00,-0.10712342880634651
2018-10-23 13:24:00,0.05870359638572609
2018-10-23 13:27:00,0.02636664187554061
2018-10-23 13:30:00,0.027823667903021487
2018-10-23 13:33:00,0.021772568838798634
2018-10-23 13:36:00,0.0854055548135193
2018-10-23 13:39:00,0.10404047631601543
2018-10-23 13:42:00,0.01827133225918942
2018-10-23 13:45:00,0.1543930091829111
2018-10-23 13:48:00,0.12280454357875215
2018-10-23 13:51:00,0.15171991699060072
2018-10-23 13:54:00,0.0372264378820546
2018-10-23 13:57:00,0.10768836646690261
2018-10-23 14:00:00,0.17377641392761234
2018-10-23 14:03:00,0.14535033373988426
2018-10-23 14:06:00,0.1336830470033874
2018-10-23 14:09:00,0.05832138807869569
2018-10-23 14:12:00,-0.18621740828632483
2018-10-23 14:15:00,-0.2512588039221555
2018-10-23 14:18:00,-0.3218990652703724
2018-10-23 14:21:00,-0.34653562104404045
2018-10-23 14:24:00,-0.1336944019512316
2018-10-23 14:27:00,-0.19498126680065297
2018-10-23 14:30:00,-0.12559532823098607
2018-10-23 14:33:00,-0.2754082432779228
2018-10-23 14:36:00,-0.2692129842382087
2018-10-23 14:39:00,-0.282236907239394
2018-10-23 14:42:00,-0.1787681767384015
2018-10-23 14:45:00,-0.1604923987479765
2018-10-23 14:48:00,-0.07766419163533556
2018-10-23 14:51:00,-0.14628071317576996
2018-10-23 14:54:00,-0.060602746378378924
2018-10-23 14:57:00,-0.07266163639133083
2018-10-23 15:00:00,-0.10630125794051537
2018-10-23 15:03:00,-0.04454563928453581
2018-10-23 15:06:00,-0.05414370179175876
2018-10-23 15:09:00,0.061914631262254716
2018-10-23 15:12:00,-0.0467812996814132
2018-10-23 15:15:00,-0.134481996329896
2018-10-23 15:18:00,-0.2700230898119571
2018-10-23 15:21:00,-0.2083811796126156
2018-10-23 15:24:00,-0.3066096518351742
2018-10-23 15:27:00,-0.18453785228706465
2018-10-23 15:30:00,-0.11719603564017689
2018-10-23 15:33:00,-0.05356806687308335
2018-10-23 15:36:00,0.008341034972261241
2018-10-23 15:39:00,0.05177375956264996
2018-10-23 15:42:00,0.14351721894507818
2018-10-23 15:45:00,0.25392045412058906
2018-10-23 15:48:00,0.32890076867715834
2018-10-23 15:51:00,0.3069237063768355
2018-10-23 15:54:00,0.3113563861687112
2018-10-23 15:57:00,0.33027355914890677
2018-10-23 16:00:00,0.1785940708963949
2018-10-23 16:03:00,0.2531097299146836
2018-10-23 16:06:00,0.16022913925468174
2018-10-23 16:09:00,0.25963690442767984
2018-10-23 16:12:00,0.3863921328818378
2018-10-23 16:15:00,0.3632141029508489
2018-10-23 16:18:00,0.1357695487893693
2018-10-23 16:21:00,0.22137410971163263
2018-10-23 16:24:00,0.04804966381061604
2018-10-23 16:27:00,0.12151079369840545
2018-10-23 16:30:00,0.07687769634475217
2018-10-23 16:33:00,0.06705668903424566
2018-10-23 16:36:00,0.15005318365882658
2018-10-23 16:39:00,0.14210672648891887
2018-10-23 16:42:00,0.09095163666802364
2018-10-23 16:45:00,0.1237065392290333
2018-10-23 16:48:00,0.11077553931414741
2018-10-23 16:51:00,-0.016742164530342052
2018-10-23 16:54:00,-0.05435623759495911
2018-10-23 16:57:00,-0.12387125552373845
2018-10-23 17:00:00,-0.07826024761732242
2018-10-23 17:03:00,-0.048133300360404974
2018-10-23 17:06:00,-0.025859904140077106
2018-10-23 17:09:00,0.0014208107842819118
2018-10-23 17:12:00,0.07103005556479047
2018-10-23 17:15:00,0.020260896350691837
2018-10-23 17:18:00,0.061685915093960375
2018-10-23 17:21:00,0.08593056832711454
2018-10-23 17:24:00,0.0849200279122897
2018-10-23 17:27:00,0.17610459017294033
2018-10-23 17:30:00,0.1014397380768628
2018-10-23 17:33:00,0.21625170110894487
2018-10-23 17:36:00,0.2752429669658909
2018-10-23 17:39:00,0.19859799218352236
2018-10-23 17:42:00,0.22778659929775813
2018-10-23 17:45:00,0.16780289796247416
2018-10-23 17:48:00,0.046556416416137836
2018-10-23 17:51:00,0.04687268277882595
2018-10-23 17:54:00,0.0818274438531148
2018-10-23 17:57:00,0.175811841923462
2018-10-23 18:00:00,0.10861676980954371
2018-10-23 18:03:00,0.12864774810589097
2018-10-23 18:06:00,0.11797595075097433
2018-10-23 18:09:00,0.14271427410233173
2018-10-23 18:12:00,0.20155040826142567
2018-10-23 18:15:00,0.1399820489521062
2018-10-23 18:18:00,0.14076727401993594
2018-10-23 18:21:00,0.16525184476739696
2018-10-23 18:24:00,0.18599049380122779
2018-10-23 18:27:00,0.16569813096236885
2018-10-23 18:30:00,0.2988576462338983
2018-10-23 18:33:00,0.22470901365153395
2018-10-23 18:36:00,0.09445813257940472
2018-10-23 18:39:00,0.1002803951118949
2018-10-23 18:42:00,0.2904092133091467
2018-10-23 18:45:00,0.23975750061100598
2018-10-23 18:48:00,0.23615623085265725
2018-10-23 18:51:00,0.2864344579471094
2018-10-23 18:54:00,
2018-10-23 18:57:00,
2018-10-23 19:00:00,
2018-10-23 19:03:00,0.2979975881866608
2018-10-23 19:06:00,0.1346671683064642
2018-10-23 19:09:00,0.21639781842662842
2018-10-23 19:12:00,0.35308459619380983
2018-10-23 19:15:00,0.24143928074408905
2018-10-23 19:18:00,0.34435044118345104
2018-10-23 19:21:00,0.2910573992518266
2018-10-23 19:24:00,0.2964863125995407
2018-10-23 19:27:00,0.2778161229766738
2018-10-23 19:30:00,0.21695730891298126
2018-10-23 19:33:00,0.20169626410796582
2018-10-23 19:36:00,0.3274289614914778
2018-10-23 19:39:00,0.2961281557439861
2018-10-23 19:42:00,0.2686533620467344
2018-10-23 19:45:00,0.25345702548889903
2018-10-23 19:48:00,0.2365538882189071
2018-10-23 19:51:00,0.25729055486954167
2018-10-23 19:54:00,0.23675289781101583
2018-10-23 19:57:00,0.2058283189372787
2018-10-23 20:00:00,0.23089985672834246
2018-10-23 20:03:00,0.25909221032134155
2018-10-23 20:06:00,0.16071147485121173
2018-10-23 20:09:00,0.25196560449222716
2018-10-23 20:12:00,0.24859592392812146
2018-10-23 20:15:00,0.20393502158975707
2018-10-23 20:18:00,0.14996060715316162
2018-10-23 20:21:00,0.15180746664412936
2018-10-23 20:24:00,0.21327939221293946
2018-10-23 20:27:00,0.25344016787130386
2018-10-23 20:30:00,0.1912767428883626
2018-10-23 20:33:00,0.30544711745392306
2018-10-23 20:36:00,0.27222222000688134
2018-10-23 20:39:00,0.2602100037430546
2018-10-23 20:42:00,0.16601805214565957
2018-10-23 20:45:00,0.21167438493705504
2018-10-23 20:48:00,0.159015456027646
2018-10-23 20:51:00,0.13900957129874314
2018-10-23 20:54:00,0.17862599628199405
2018-10-23 20:57:00,0.15965353000370897
2018-10-23 21:00:00,0.19942014920746942
2018-10-23 21:03:00,0.21887893631077304
2018-10-23 21:06:00,0.23210679787393929
2018-10-23 21:09:00,0.2616743783709694
2018-10-23 21:12:00,0.21943877259582223
2018-10-23 21:15:00,0.18682337586585618
2018-10-23 21:18:00,0.1967404068035421
2018-10-23 21:21:00,0.22413571227525608
2018-10-23 21:24:00,0.2156986643884693
2018-10-23 21:27:00,0.09316869476259626
2018-10-23 21:30:00,0.22560903252184517
2018-10-23 21:33:00,0.17559805494414604
2018-10-23 21:36:00,0.12513484632557947
2018-10-23 21:39:00,0.1418773722944593
2018-10-23 21:42:00,0.20376233341920624
2018-10-23 21:45:00,0.1886522366970098
2018-10-23 21:48:00,0.23755735424788327
2018-10-23 21:51:00,0.07896858992154421
2018-10-23 21:54:00,0.18019446738873057
2018-10-23 21:57:00,0.09448151128384552
2018-10-23 22:00:00,0.16476718943778224
2018-10-23 22:03:00,0.1867232900854674
2018-10-23 22:06:00,0.10522436912197008
2018-10-23 22:09:00,0.15559758353572306
2018-10-23 22:12:00,0.2069397368572936
2018-10-23 22:15:00,0.10610076794654333
2018-10-23 22:18:00,0.1158778857683842
2018-10-23 22:21:00,0.11690471017084292
2018-10-23 22:24:00,0.14376861137014885
2018-10-23 22:27:00,0.19269189265543218
2018-10-23 22:30:00,0.21503813932054072
2018-10-23 22:33:00,0.18591839513152308
2018-10-23 22:36:00,0.31134770705619985
2018-10-23 22:39:00,0.16181511607754828
2018-10-23 22:42:00,0.2701168181674234
2018-10-23 22:45:00,0.22510980665617808
2018-10-23 22:48:00,0.14894452818731452
2018-10-23 22:51:00,0.12443890646619593
2018-10-23 22:54:00,0.14794904597846426
2018-10-23 22:57:00,0.20376556790296263
2018-10-23 23:00:00,0.2267386385083796
2018-10-23 23:03:00,0.20337717788606824
2018-10-23 23:06:00,0.2514503155416037
2018-10-23 23:09:00,0.12254294721998349
2018-10-23 23:12:00,0.34665718051758176
2018-10-23 23:15:00,0.2772556936529895
2018-10-23 23:18:00,0.24353841764008166
2018-10-23 23:21:00,0.22178247485589964
2018-10-23 23:24:00,0.14320384715853152
2018-10-23 23:27:00,0.18111937270265344
2018-10-23 23:30:00,0.2235479130482645
2018-10-23 23:33:00,0.26357485910796186
2018-10-23 23:36:00,0.28615517636956156
2018-10-23 23:39:00,0.25699773916267077
2018-10-23 23:42:00,0.12498495883539817
2018-10-23 23:45:00,0.15583042865301877
2018-10-23 23:48:00,0.22048827858645836
2018-10-23 23:51:00,0.30518245879233064
2018-10-23 23:54:00,0.2628799648903737
2018-10-23 23:57:00,0.26303089919025524
2018-10-24 00:00:00,0.30195109886551563
2018-10-24 00:03:00,0.2980224657276267
2018-10-24 00:06:00,0.3185454068634499
2018-10-24 00:09:00,0.31030855045236194
2018-10-24 00:12:00,0.2919378229038898
2018-10-24 00:15:00,0.26884676570892907
2018-10-24 00:18:00,0.26078915593785723
2018-10-24 00:21:00,0.2876013949740468
2018-10-24 00:24:00,0.28952331339468174
2018-10-24 00:27:00,0.27462600234912315
2018-10-24 00:30:00,0.17073755099011123
2018-10-24 00:33:00,0.2706401651725514
2018-10-24 00:36:00,0.2042465654839134
2018-10-24 00:39:00,0.27996980694740614
2018-10-24 00:42:00,0.2739750597272632
2018-10-24 00:45:00,0.2869717563187919
2018-10-24 00:48:00,0.29731124314434965
2018-10-24 00:51:00,0.31325099186716443
2018-10-24 00:54:00,0.330614670576324
2018-10-24 00:57:00,0.3125943145510064
2018-10-24 01:00:00,0.3206587846233333
2018-10-24 01:03:00,0.20596328906935923
2018-10-24 01:06:00,0.30878797072830366
2018-10-24 01:09:00,0.34284370953542975
2018-10-24 01:12:00,0.3004918920792079
2018-10-24 01:15:00,0.31847668178238564
2018-10-24 01:18:00,0.23969712525041587
2018-10-24 01:21:00,0.2376015758129597
2018-10-24 01:24:00,0.25380396525008564
2018-10-24 01:27:00,0.27863957928349237
2018-10-24 01:30:00,0.21735533702974408
2018-10-24 01:33:00,0.2209109609789266
2018-10-24 01:36:00,0.20848221638038922
2018-10-24 01:39:00,0.21456561393353013
2018-10-24 01:42:00,0.19956587150500127
2018-10-24 01:45:00,0.2909805614801826
2018-10-24 01:48:00,0.21680153774275368
2018-10-24 01:51:00,0.26889012412010516
2018-10-24 01:54:00,0.26683507049290256
2018-10-24 01:57:00,0.22813312364399962
2018-10-24 02:00:00,0.3150252757822045
2018-10-24 02:03:00,0.3317413554115092
2018-10-24 02:06:00,0.283243781399392
2018-10-24 02:09:00,0.32162567058475133
2018-10-24 02:12:00,0.4393155766443897
2018-10-24 02:15:00,0.4415302590433612
2018-10-24 02:18:00,0.2512599179619883
2018-10-24 02:21:00,0.33933134507344676
2018-10-24 02:24:00,0.2811284897733799
2018-10-24 02:27:00,0.30363233761283936
2018-10-24 02:30:00,0.3630520177849803
2018-10-24 02:33:00,0.3588090667550432
2018-10-24 02:36:00,0.2741558553132677
2018-10-24 02:39:00,0.27977991804027624
2018-10-24 02:42:00,0.3191270263918682
2018-10-24 02:45:00,0.2803779744422741
2018-10-24 02:48:00,0.28282063570372884
2018-10-24 02:51:00,0.23084356854809585
2018-10-24 02:54:00,0.259425627917949
2018-10-24 02:57:00,0.3114577263599472
2018-10-24 03:00:00,0.27446079242912447
2018-10-24 03:03:00,0.21127147071086938
2018-10-24 03:06:00,0.2787282597566332
2018-10-24 03:09:00,0.24061195641013455
2018-10-24 03:12:00,0.2172210418689815
2018-10-24 03:15:00,0.24429831789547052
2018-10-24 03:18:00,0.25216915807777696
2018-10-24 03:21:00,0.25754479666960606
2018-10-24 03:24:00,0.20498760605846655
2018-10-24 03:27:00,0.21490464497298944
2018-10-24 03:30:00,0.12941135992610953
2018-10-24 03:33:00,0.4086265190542804
2018-10-24 03:36:00,0.2544736501741909
2018-10-24 03:39:00,0.3037775523847017
2018-10-24 03:42:00,0.26638200432978465
2018-10-24 03:45:00,0.26733174579095476
2018-10-24 03:48:00,0.2895112241917559
2018-10-24 03:51:00,0.2582155649294009
2018-10-24 03:54:00,0.354352815189543
2018-10-24 03:57:00,0.26925578255657
2018-10-24 04:00:00,0.19902801373785906
2018-10-24 04:03:00,0.30443377866816945
2018-10-24 04:06:00,0.16521908783823847
2018-10-24 04:09:00,0.2993901611573051
2018-10-24 04:12:00,0.34794002013188674
2018-10-24 04:15:00,0.42915283169048735
2018-10-24 04:18:00,0.4326994080667532
2018-10-24 04:21:00,0.39682949777835574
2018-10-24 04:24:00,0.5902487704821056
2018-10-24 04:27:00,0.7924602656086677
2018-10-24 04:30:00,0.8352094912888219
2018-10-24 04:33:00,0.7153298278922762
2018-10-24 04:36:00,0.8093838494243641
2018-10-24 04:39:00,0.8663101728688503
2018-10-24 04:42:00,0.8668518276214172
2018-10-24 04:45:00,0.6307218874752607
2018-10-24 04:48:00,0.7066307104349789
2018-10-24 04:51:00,0.4061825977422586
2018-10-24 04:54:00,0.3353886853316226
2018-10-24 04:57:00,0.3038364383584735
2018-10-24 05:00:00,0.3820482290058749
2018-10-24 05:03:00,0.23220457714194254
2018-10-24 05:06:00,0.35658791664332057
2018-10-24 05:09:00,0.26742431766501795
2018-10-24 05:12:00,0.3187447958069356
2018-10-24 05:15:00,0.3142365582222624
2018-10-24 05:18:00,0.21402339641713297
2018-10-24 05:21:00,0.24854331922307438
2018-10-24 05:24:00,0.32463122362094055
2018-10-24 05:27:00,0.2698007087747101
2018-10-24 05:30:00,0.22775219315508366
2018-10-24 05:33:00,0.3043902705042001
2018-10-24 05:36:00,0.2740037743740231
2018-10-24 05:39:00,0.2790714541534953
2018-10-24 05:42:00,0.2673434626393032
2018-10-24 05:45:00,0.19163485739085218
2018-10-24 05:48:00,0.25901395221023904
2018-10-24 05:51:00,0.3243734944723542
2018-10-24 05:54:00,0.3370629877223905
2018-10-24 05:57:00,0.29905295465772497
2018-10-24 06:00:00,0.20876661939757923
2018-10-24 06:03:00,0.3031989866234994
2018-10-24 06:06:00,0.4330959960553855
2018-10-24 06:09:00,0.29314484244417827
2018-10-24 06:12:00,0.3897664369634981
2018-10-24 06:15:00,0.3681087124373903
2018-10-24 06:18:00,0.42982543147843444
2018-10-24 06:21:00,0.3668312008150565
2018-10-24 06:24:00,0.3520820507791882
2018-10-24 06:27:00,0.39923957350163164
2018-10-24 06:30:00,0.45125646943762376
2018-10-24 06:33:00,0.3591087010187266
2018-10-24 06:36:00,0.2988497183862364
2018-10-24 06:39:00,0.2589178172641482
2018-10-24 06:42:00,0.2251780956626135
2018-10-24 06:45:00,0.192212730586391
2018-10-24 06:48:00,0.28414466411931016
2018-10-24 06:51:00,0.2621702339680496
2018-10-24 06:54:00,0.2698939214253073
2018-10-24 06:57:00,0.214593432186291
2018-10-24 07:00:00,0.36380617046467023
2018-10-24 07:03:00,0.3283324518703239
2018-10-24 07:06:00,0.3363821639065918
2018-10-24 07:09:00,0.3720550220547807
2018-10-24 07:12:00,0.39806676339628666
2018-10-24 07:15:00,0.3642728864780338
2018-10-24 07:18:00,0.2885438217892897
2018-10-24 07:21:00,0.24383977010796798
2018-10-24 07:24:00,0.23443869480490775
2018-10-24 07:27:00,0.3392121279634921
2018-10-24 07:30:00,0.31203584572062937
2018-10-24 07:33:00,0.19021741572424844
2018-10-24 07:36:00,0.2628681249029228
2018-10-24 07:39:00,0.29559122138192606
2018-10-24 07:42:00,0.1483936226399578
2018-10-24 07:45:00,0.2644383967918884
2018-10-24 07:48:00,0.27279258706658993
2018-10-24 07:51:00,0.2667054260491568
2018-10-24 07:54:00,0.2720375817391414
2018-10-24 07:57:00,0.2862749693568958
2018-10-24 08:00:00,0.3084669022904336
2018-10-24 08:03:00,0.2969406295048884
2018-10-24 08:06:00,0.3097607571885419
2018-10-24 08:09:00,0.22348703925257496
2018-10-24 08:12:00,0.2716340038172689
2018-10-24 08:15:00,0.2883079366187644
2018-10-24 08:18:00,0.21848879399357202
2018-10-24 08:21:00,0.2766427764796049
2018-10-24 08:24:00,0.26529446222963315
2018-10-24 08:27:00,0.32947154069182716
2018-10-24 08:30:00,0.16140657117887258
2018-10-24 08:33:00,0.2042882603734597
2018-10-24 08:36:00,0.24011731772969824
2018-10-24 08:39:00,0.16005942177667976
2018-10-24 08:42:00,0.2973301279091629
2018-10-24 08:45:00,0.33993118371284936
2018-10-24 08:48:00,0.1982167930061678
2018-10-24 08:51:00,0.2254600459951348
2018-10-24 08:54:00,0.30395256616208144
2018-10-24 08:57:00,0.14476195223824107
2018-10-24 09:00:00,0.20947743850967981
2018-10-24 09:03:00,0.23829474164625708
2018-10-24 09:06:00,0.1921865535094298
2018-10-24 09:09:00,0.20707147507897616
2018-10-24 09:12:00,0.21107219405922706
2018-10-24 09:15:00,0.20614025643948253
2018-10-24 09:18:00,0.10193702477920397
2018-10-24 09:21:00,0.0991650729335447
2018-10-24 09:24:00,0.10405260318708542
2018-10-24 09:27:00,0.11688070312544596
2018-10-24 09:30:00,0.0938402642497067
2018-10-24 09:33:00,0.13869002707701839
2018-10-24 09:36:00,0.06744083927833344
2018-10-24 09:39:00,0.05929187612889564
2018-10-24 09:42:00,0.018259664112520113
2018-10-24 09:45:00,-0.06007690568344515
2018-10-24 09:48:00,0.07332760953408979
2018-10-24 09:51:00,0.003896985049095747
2018-10-24 09:54:00,-0.08386730432829381
2018-10-24 09:57:00,-0.00900386502900119
2018-10-24 10:00:00,-0.06618995999878052
2018-10-24 10:03:00,-0.03307723601250245
2018-10-24 10:06:00,-0.0053570005369465434
2018-10-24 10:09:00,-0.027340032656297808
2018-10-24 10:12:00,-0.008695907768355937
2018-10-24 10:15:00,-0.06513667520579247
2018-10-24 10:18:00,-0.07135780672888359
2018-10-24 10:21:00,-0.043712120294458146
2018-10-24 10:24:00,0.06140524391452118
2018-10-24 10:27:00,-0.05877015682477804
2018-10-24 10:30:00,0.0015607850633614362
2018-10-24 10:33:00,-0.017377298833253008
2018-10-24 10:36:00,-0.05495308850663605
2018-10-24 10:39:00,-0.07865207231202476
2018-10-24 10:42:00,-0.06437557494297153
2018-10-24 10:45:00,-0.06527977204376612
2018-10-24 10:48:00,-0.12192041643623952
2018-10-24 10:51:00,-0.08844420351510962
2018-10-24 10:54:00,-0.15283051400660952
2018-10-24 10:57:00,-0.009007023068420494
2018-10-24 11:00:00,-0.15131454353337404
2018-10-24 11:03:00,-0.1525455339047994
2018-10-24 11:06:00,-0.07216412809350459
2018-10-24 11:09:00,-0.1832570406996865
2018-10-24 11:12:00,-0.14968133397064776
2018-10-24 11:15:00,-0.22138478198365874
2018-10-24 11:18:00,-0.2371991013175716
2018-10-24 11:21:00,-0.2390599952727257
2018-10-24 11:24:00,-0.19686082641243274
2018-10-24 11:27:00,-0.2118963217569103
2018-10-24 11:30:00,-0.21784351488065568
2018-10-24 11:33:00,-0.2153081656812219
2018-10-24 11:36:00,-0.26051131390499904
2018-10-24 11:39:00,-0.25567088636125845
2018-10-24 11:42:00,-0.20098838410484632
2018-10-24 11:45:00,-0.31713696970814453
2018-10-24 11:48:00,-0.3425492048656338
2018-10-24 11:51:00,-0.2626918285613442
2018-10-24 11:54:00,-0.1919294057801153
2018-10-24 11:57:00,-0.30330958735788727
2018-10-24 12:00:00,-0.24204888201239783
2018-10-24 12:03:00,-0.18538841897350267
2018-10-24 12:06:00,-0.28617756417435203
2018-10-24 12:09:00,-0.22853644135813056
2018-10-24 12:12:00,-0.1998576988979721
2018-10-24 12:15:00,-0.31759670002463736
2018-10-24 12:18:00,-0.17059461369524342
2018-10-24 12:21:00,-0.27244699269130024
2018-10-24 12:24:00,-0.26791013484813675
2018-10-24 12:27:00,-0.13954486424972856
2018-10-24 12:30:00,-0.24878371040256297
2018-10-24 12:33:00,-0.2975149816475664
2018-10-24 12:36:00,-0.34909486582478166
2018-10-24 12:39:00,-0.30647478289108676
2018-10-24 12:42:00,-0.37867611805984325
2018-10-24 12:45:00,-0.27322431835585803
2018-10-24 12:48:00,-0.21202604599255892
2018-10-24 12:51:00,-0.4298564950514674
2018-10-24 12:54:00,-0.3286774825734824
2018-10-24 12:57:00,-0.37606577842643674
2018-10-24 13:00:00,-0.3683718616903775
2018-10-24 13:03:00,-0.34706577864545807
2018-10-24 13:06:00,-0.2971468983583918
2018-10-24 13:09:00,-0.3766412883763337
2018-10-24 13:12:00,-0.3517632862219102
2018-10-24 13:15:00,-0.35351756387694877
2018-10-24 13:18:00,-0.39367548899883786
2018-10-24 13:21:00,-0.4156254566464668
2018-10-24 13:24:00,-0.37881732561618264
2018-10-24 13:27:00,-0.37828745109942474
2018-10-24 13:30:00,-0.4830011467911959
2018-10-24 13:33:00,-0.3941962658898319
2018-10-24 13:36:00,-0.3400085647789979
2018-10-24 13:39:00,-0.3784125342423863
2018-10-24 13:42:00,-0.23731099397207345
2018-10-24 13:45:00,-0.2259086939734516
2018-10-24 13:48:00,-0.287141485604991
2018-10-24 13:51:00,-0.3445419717411937
2018-10-24 13:54:00,-0.3241318409454266
2018-10-24 13:57:00,-0.3202578113495065
2018-10-24 14:00:00,-0.215669077437326
2018-10-24 14:03:00,-0.37799392121820574
2018-10-24 14:06:00,-0.33207827010079427
2018-10-24 14:09:00,-0.40212169047094903
2018-10-24 14:12:00,-0.43009940409609726
2018-10-24 14:15:00,-0.33029598304182173
2018-10-24 14:18:00,-0.3837392636610275
2018-10-24 14:21:00,-0.1467653135447904
2018-10-24 14:24:00,-0.07769774665405293
2018-10-24 14:27:00,-0.02062408715391939
2018-10-24 14:30:00,0.0398106266508762
2018-10-24 14:33:00,0.08162856495221149
2018-10-24 14:36:00,0.19494413519532827
2018-10-24 14:39:00,0.13906709865955236
2018-10-24 14:42:00,0.16192952240879777
2018-10-24 14:45:00,0.22806795726074824
2018-10-24 14:48:00,0.35613581261736726
2018-10-24 14:51:00,0.37069308946951196
2018-10-24 14:54:00,0.29078495942502514
2018-10-24 14:57:00,0.26672067906292796
2018-10-24 15:00:00,0.27949999703366757
2018-10-24 15:03:00,0.26472386982737817
2018-10-24 15:06:00,0.3312485421222391
2018-10-24 15:09:00,0.3853651314486797
2018-10-24 15:12:00,0.41659669640586117
2018-10-24 15:15:00,0.46942451504440896
2018-10-24 15:18:00,0.40308783344960375
2018-10-24 15:21:00,0.5267657396657341
2018-10-24 15:24:00,0.43252513847545515
2018-10-24 15:27:00,0.5036439396172341
2018-10-24 15:30:00,0.40730623693991674
2018-10-24 15:33:00,0.32890178890966126
2018-10-24 15:36:00,0.3327396235559945
2018-10-24 15:39:00,0.4090673079097087
2018-10-24 15:42:00,0.4486499333787606
2018-10-24 15:45:00,0.43688438191605883
2018-10-24 15:48:00,0.42857195560708305
2018-10-24 15:51:00,0.316601910497468
2018-10-24 15:54:00,0.1176146843567949
2018-10-24 15:57:00,0.0422992590127933
2018-10-24 16:00:00,0.03425333617411752
2018-10-24 16:03:00,0.06604826034310918
2018-10-24 16:06:00,0.10677054645839235
2018-10-24 16:09:00,0.1425636959482972
2018-10-24 16:12:00,0.0928118913921594
2018-10-24 16:15:00,0.12019979436803396
2018-10-24 16:18:00,0.12566089529843794
2018-10-24 16:21:00,0.1333698599702302
2018-10-24 16:24:00,0.19183059181455064
2018-10-24 16:27:00,0.2502975578046289
2018-10-24 16:30:00,0.08745982472532887
2018-10-24 16:33:00,0.0071390259906820575
2018-10-24 16:36:00,-0.018347185615596118
2018-10-24 16:39:00,0.04081094454460299
2018-10-24 16:42:00,0.030554467479589675
2018-10-24 16:45:00,0.10218006474354979
2018-10-24 16:48:00,0.1125847277225489
2018-10-24 16:51:00,0.04946564484271221
2018-10-24 16:54:00,0.09277449014757622
2018-10-24 16:57:00,0.28677323905071717
2018-10-24 17:00:00,0.31281813568244843
2018-10-24 17:03:00,0.23937325438663493
2018-10-24 17:06:00,0.2531728025002735
2018-10-24 17:09:00,0.0949736555840559
2018-10-24 17:12:00,0.08657490995773287
2018-10-24 17:15:00,0.03664849525000591
2018-10-24 17:18:00,0.04620488016502122
2018-10-24 17:21:00,0.043247038180368236
2018-10-24 17:24:00,-0.0013092352934336304
2018-10-24 17:27:00,0.021815878231393526
2018-10-24 17:30:00,-0.028023736168393043
2018-10-24 17:33:00,0.015311472461178255
2018-10-24 17:36:00,0.07371298353473321
2018-10-24 17:39:00,0.014606042481091208
2018-10-24 17:42:00,0.10645240445882109
2018-10-24 17:45:00,0.042722324848170956
2018-10-24 17:48:00,0.13811964982522795
2018-10-24 17:51:00,0.10451573892351007
2018-10-24 17:54:00,0.03387806122947268
2018-10-24 17:57:00,0.02242557981412574
2018-10-24 18:00:00,0.035012034122757996
2018-10-24 18:03:00,0.03521317663501122
2018-10-24 18:06:00,0.023884631878388518
2018-10-24 18:09:00,0.12279887614067775
2018-10-24 18:12:00,0.08410057109085756
2018-10-24 18:15:00,0.018225260467659155
2018-10-24 18:18:00,0.09101168993475994
2018-10-24 18:21:00,0.05606711979976353
2018-10-24 18:24:00,0.11124102484569676
2018-10-24 18:27:00,0.08444271158703032
2018-10-24 18:30:00,0.09501032042646784
2018-10-24 18:33:00,0.11216361437863043
2018-10-24 18:36:00,0.09256028321777876
2018-10-24 18:39:00,0.06826471659832123
2018-10-24 18:42:00,0.13767669856861176
2018-10-24 18:45:00,0.05038062083076511
2018-10-24 18:48:00,0.033543195380673296
2018-10-24 18:51:00,0.03237900405332539
2018-10-24 18:54:00,
2018-10-24 18:57:00,
2018-10-24 19:00:00,
2018-10-24 19:03:00,0.07597116125180037
2018-10-24 19:06:00,0.1621734721556436
2018-10-24 19:09:00,0.2625626862603099
2018-10-24 19:12:00,0.4841411944161109
2018-10-24 19:15:00,0.31096988301368356
2018-10-24 19:18:00,0.20155809853866913
2018-10-24 19:21:00,0.1506555442848594
2018-10-24 19:24:00,0.0494016043173815
2018-10-24 19:27:00,0.0598216409213137
2018-10-24 19:30:00,0.12590965675303778
2018-10-24 19:33:00,0.17179148690945567
2018-10-24 19:36:00,0.18753960218884913
2018-10-24 19:39:00,0.22366249749154576
2018-10-24 19:42:00,0.21189894137921783
2018-10-24 19:45:00,0.12346829366020984
2018-10-24 19:48:00,0.14329210173394813
2018-10-24 19:51:00,0.13031998763801766
2018-10-24 19:54:00,0.1668518552166347
2018-10-24 19:57:00,0.22452152372585488
2018-10-24 20:00:00,0.43147544401216464
2018-10-24 20:03:00,0.5549404702180141
2018-10-24 20:06:00,0.5906559172886432
2018-10-24 20:09:00,0.5180125956754864
2018-10-24 20:12:00,0.6068651818224566
2018-10-24 20:15:00,0.6203883534044508
2018-10-24 20:18:00,0.6125275374204762
2018-10-24 20:21:00,0.5529422430079194
2018-10-24 20:24:00,0.4755212425470745
2018-10-24 20:27:00,0.3700471883767591
2018-10-24 20:30:00,0.2846198398776778
2018-10-24 20:33:00,0.2382595743836191
2018-10-24 20:36:00,0.08297551737666709
2018-10-24 20:39:00,0.17780158902155563
2018-10-24 20:42:00,0.09975360849347226
2018-10-24 20:45:00,0.14451292119809978
2018-10-24 20:48:00,0.12698104379677488
2018-10-24 20:51:00,0.16889024017069687
2018-10-24 20:54:00,0.22035851067016665
2018-10-24 20:57:00,0.13872146548180808
2018-10-24 21:00:00,0.12750920978442082
2018-10-24 21:03:00,0.1356606272382237
2018-10-24 21:06:00,0.20154569652805776
2018-10-24 21:09:00,0.1594687245469686
2018-10-24 21:12:00,0.20444499761913448
2018-10-24 21:15:00,0.17766415151425008
2018-10-24 21:18:00,0.1695839876636569
2018-10-24 21:21:00,0.1475715761959009
2018-10-24 21:24:00,0.3150618101170721
2018-10-24 21:27:00,0.2058107559685709
2018-10-24 21:30:00,0.27219915319494703
2018-10-24 21:33:00,0.23350437521992262
2018-10-24 21:36:00,0.2637118083193286
2018-10-24 21:39:00,0.20355203064400484
2018-10-24 21:42:00,0.2939823366045289
2018-10-24 21:45:00,0.28945423405696147
2018-10-24 21:48:00,0.23657843536307155
2018-10-24 21:51:00,0.22324982133784488
2018-10-24 21:54:00,0.23508183737192212
2018-10-24 21:57:00,0.20456555672603827
2018-10-24 22:00:00,0.2812775974264241
2018-10-24 22:03:00,0.22879923198985352
2018-10-24 22:06:00,0.26092049429405506
2018-10-24 22:09:00,0.14832788317966106
2018-10-24 22:12:00,0.18706238769919992
2018-10-24 22:15:00,0.19605317897327268
2018-10-24 22:18:00,0.17744094295977675
2018-10-24 22:21:00,0.20505023662957456
2018-10-24 22:24:00,0.19671912609754827
2018-10-24 22:27:00,0.2704322735976348
2018-10-24 22:30:00,0.26135968133894494
2018-10-24 22:33:00,0.2279501545730227
2018-10-24 22:36:00,0.20055477957458834
2018-10-24 22:39:00,0.2524192101109861
2018-10-24 22:42:00,0.2900640956197549
2018-10-24 22:45:00,0.2887929123772892
2018-10-24 22:48:00,0.27351927336360404
2018-10-24 22:51:00,0.2988160313777257
2018-10-24 22:54:00,0.18791473576902717
2018-10-24 22:57:00,0.23891433863798284
2018-10-24 23:00:00,0.2730632681461316
2018-10-24 23:03:00,0.15342613966919316
2018-10-24 23:06:00,0.13361411963654746
2018-10-24 23:09:00,0.2386143726521368
2018-10-24 23:12:00,0.24320546562790923
2018-10-24 23:15:00,0.19492428683554408
2018-10-24 23:18:00,0.1850080069528417
2018-10-24 23:21:00,0.1356435906592992
2018-10-24 23:24:00,0.2377791576650452
2018-10-24 23:27:00,0.2629787143216049
2018-10-24 23:30:00,0.19139586898626249
2018-10-24 23:33:00,0.20056974791532411
2018-10-24 23:36:00,0.2963487768183768
2018-10-24 23:39:00,0.2956690879211692
2018-10-24 23:42:00,0.2176366717259839
2018-10-24 23:45:00,0.2009224984739717
2018-10-24 23:48:00,0.25707638334193916
2018-10-24 23:51:00,0.14708615842272366
2018-10-24 23:54:00,0.2252210919110098
2018-10-24 23:57:00,0.22136236143882115
2018-10-25 00:00:00,0.3199819592081212
2018-10-25 00:03:00,0.21346987237609483
2018-10-25 00:06:00,0.20405055239513104
2018-10-25 00:09:00,0.33390665778506445
2018-10-25 00:12:00,0.19491970623136012
2018-10-25 00:15:00,0.2424584722863301
2018-10-25 00:18:00,0.2259782614507344
2018-10-25 00:21:00,0.23895570893370177
2018-10-25 00:24:00,0.267774866471143
2018-10-25 00:27:00,0.28573111021307795
2018-10-25 00:30:00,0.24411326330834981
2018-10-25 00:33:00,0.24322656425658806
2018-10-25 00:36:00,0.20766958361315346
2018-10-25 00:39:00,0.25276037259959594
2018-10-25 00:42:00,0.27803432342835777
2018-10-25 00:45:00,0.20455929417863672
2018-10-25 00:48:00,0.23062300877217012
2018-10-25 00:51:00,0.3499732897250283
2018-10-25 00:54:00,0.2612192638524107
2018-10-25 00:57:00,0.3033354588280872
2018-10-25 01:00:00,0.2664581158861665
2018-10-25 01:03:00,0.2700319859533238
2018-10-25 01:06:00,0.23260023676232322
2018-10-25 01:09:00,0.2820572385745663
2018-10-25 01:12:00,0.2792125931435976
2018-10-25 01:15:00,0.2492281763402957
2018-10-25 01:18:00,0.1957593268872415
2018-10-25 01:21:00,0.20569410096879892
2018-10-25 01:24:00,0.28328629176485265
2018-10-25 01:27:00,0.2229220210215317
2018-10-25 01:30:00,0.3181586926689306
2018-10-25 01:33:00,0.2936479822996034
2018-10-25 01:36:00,0.27862340224186255
2018-10-25 01:39:00,0.27329466065481256
2018-10-25 01:42:00,0.2797987944029501
2018-10-25 01:45:00,0.25505727519117727
2018-10-25 01:48:00,0.21687672914868017
2018-10-25 01:51:00,0.4063239107663321
2018-10-25 01:54:00,0.2394995968344915
2018-10-25 01:57:00,0.28916813247485607
2018-10-25 02:00:00,0.31135456863552236
2018-10-25 02:03:00,0.4151777696861245
2018-10-25 02:06:00,0.3191261689564726
2018-10-25 02:09:00,0.24414774303329523
2018-10-25 02:12:00,0.20978608488917416
2018-10-25 02:15:00,0.29762483332956435
2018-10-25 02:18:00,0.31056759619133345
2018-10-25 02:21:00,0.3063099791413606
2018-10-25 02:24:00,0.35028986924328365
2018-10-25 02:27:00,0.32344962606907757
2018-10-25 02:30:00,0.21126432033446463
2018-10-25 02:33:00,0.28794204837333837
2018-10-25 02:36:00,0.2796731747619674
2018-10-25 02:39:00,0.325152553544342
2018-10-25 02:42:00,0.26569900300125937
2018-10-25 02:45:00,0.30870945250694604
2018-10-25 02:48:00,0.2383568381189889
2018-10-25 02:51:00,0.28459997011361793
2018-10-25 02:54:00,0.30111633284013806
2018-10-25 02:57:00,0.259537231827494
2018-10-25 03:00:00,0.2510676491146455
2018-10-25 03:03:00,0.20605864339586333
2018-10-25 03:06:00,0.2861827102855159
2018-10-25 03:09:00,0.24550653696638847
2018-10-25 03:12:00,0.2381485308863489
2018-10-25 03:15:00,0.2181425162871733
2018-10-25 03:18:00,0.2361916338917922
2018-10-25 03:21:00,0.25171271083439706
2018-10-25 03:24:00,0.28761679318256483
2018-10-25 03:27:00,0.23366323349904405
2018-10-25 03:30:00,0.19170949850735042
2018-10-25 03:33:00,0.4113686051265404
2018-10-25 03:36:00,0.21891122124787898
2018-10-25 03:39:00,0.24360595082703185
2018-10-25 03:42:00,0.2112857485983568
2018-10-25 03:45:00,0.3047095618450726
2018-10-25 03:48:00,0.26288230981407423
2018-10-25 03:51:00,0.2884182667525579
2018-10-25 03:54:00,0.22960011513720247
2018-10-25 03:57:00,0.2403604062925524
2018-10-25 04:00:00,0.3004721291340502
2018-10-25 04:03:00,0.3101250279753458
2018-10-25 04:06:00,0.2370381433389639
2018-10-25 04:09:00,0.2536908322916247
2018-10-25 04:12:00,0.24699178541067113
2018-10-25 04:15:00,0.23863863542527497
2018-10-25 04:18:00,0.1771579279593425
2018-10-25 04:21:00,0.22033033884423503
2018-10-25 04:24:00,0.33438018024384064
2018-10-25 04:27:00,0.33163525596125965
2018-10-25 04:30:00,0.3121479916864587
2018-10-25 04:33:00,0.2489696277918938
2018-10-25 04:36:00,0.19507826118280036
2018-10-25 04:39:00,0.2114245864998452
2018-10-25 04:42:00,0.16264962897770374
2018-10-25 04:45:00,0.3212800037039756
2018-10-25 04:48:00,0.310816385691453
2018-10-25 04:51:00,0.31503974291706527
2018-10-25 04:54:00,0.2739471122998225
2018-10-25 04:57:00,0.2777895197457383
2018-10-25 05:00:00,0.24082167827185685
2018-10-25 05:03:00,0.22820288596079763
2018-10-25 05:06:00,0.29311121262986717
2018-10-25 05:09:00,0.2600783569248506
2018-10-25 05:12:00,0.36687651472448124
2018-10-25 05:15:00,0.31240990879570063
2018-10-25 05:18:00,0.2311787837245447
2018-10-25 05:21:00,0.30450848279946285
2018-10-25 05:24:00,0.3467490394519359
2018-10-25 05:27:00,0.27483818928698156
2018-10-25 05:30:00,0.29960991185737385
2018-10-25 05:33:00,0.30279181949111944
2018-10-25 05:36:00,0.2807937332594861
2018-10-25 05:39:00,0.22511097425217486
2018-10-25 05:42:00,0.23171052237120193
2018-10-25 05:45:00,0.21323240227940232
2018-10-25 05:48:00,0.24948163861904504
2018-10-25 05:51:00,0.27143972119773707
2018-10-25 05:54:00,0.31561826480827904
2018-10-25 05:57:00,0.3217189061917338
2018-10-25 06:00:00,0.43568003084601514
2018-10-25 06:03:00,0.4541091364758927
2018-10-25 06:06:00,0.35420419612620435
2018-10-25 06:09:00,0.3962075158016205
2018-10-25 06:12:00,0.3944118179709335
2018-10-25 06:15:00,0.31550709504927
2018-10-25 06:18:00,0.36826409804774585
2018-10-25 06:21:00,0.3901524203796498
2018-10-25 06:24:00,0.3867495603023485
2018-10-25 06:27:00,0.38208054378776524
2018-10-25 06:30:00,0.3648223401559676
2018-10-25 06:33:00,0.3462753968955212
2018-10-25 06:36:00,0.3779104610691775
2018-10-25 06:39:00,0.359805809823456
2018-10-25 06:42:00,0.32946157734733106
2018-10-25 06:45:00,0.3671624198075847
2018-10-25 06:48:00,0.39931958348631724
2018-10-25 06:51:00,0.3862071141226693
2018-10-25 06:54:00,0.3503095973663335
2018-10-25 06:57:00,0.3241669642520151
2018-10-25 07:00:00,0.2576251879798974
2018-10-25 07:03:00,0.32152052645204776
2018-10-25 07:06:00,0.3569485742170855
2018-10-25 07:09:00,0.3774143064254645
2018-10-25 07:12:00,0.30981073010667615
2018-10-25 07:15:00,0.2903525312378292
2018-10-25 07:18:00,0.2872851966800454
2018-10-25 07:21:00,0.29170964851232384
2018-10-25 07:24:00,0.19178779598615847
2018-10-25 07:27:00,0.2407157235024897
2018-10-25 07:30:00,0.20452410492282525
2018-10-25 07:33:00,0.25872053531293204
2018-10-25 07:36:00,0.3035378718254833
2018-10-25 07:39:00,0.21915338334667922
2018-10-25 07:42:00,0.20235722788856947
2018-10-25 07:45:00,0.20706110408065115
2018-10-25 07:48:00,0.04860631499889223
2018-10-25 07:51:00,0.24409030385339747
2018-10-25 07:54:00,0.1793127341383638
2018-10-25 07:57:00,0.1668228449203184
2018-10-25 08:00:00,0.18291355784538155
2018-10-25 08:03:00,0.24624455045534432
2018-10-25 08:06:00,0.20149181124799043
2018-10-25 08:09:00,0.24952854257668378
2018-10-25 08:12:00,0.1115007575114646
2018-10-25 08:15:00,0.1913206098710134
2018-10-25 08:18:00,0.16266987331152905
2018-10-25 08:21:00,0.183997288838043
2018-10-25 08:24:00,0.13219218481930284
2018-10-25 08:27:00,0.05873939700620667
2018-10-25 08:30:00,0.1730987516262985
2018-10-25 08:33:00,0.1018014349049281
2018-10-25 08:36:00,0.19347759622917238
2018-10-25 08:39:00,0.19692731714815181
2018-10-25 08:42:00,0.22429695139538808
2018-10-25 08:45:00,0.14257526734593284
2018-10-25 08:48:00,0.09982414261872918
2018-10-25 08:51:00,0.13872740740953304
2018-10-25 08:54:00,-0.003140155824780777
2018-10-25 08:57:00,0.14516184602035764
2018-10-25 09:00:00,0.13391707505184058
2018-10-25 09:03:00,0.09436977731985507
2018-10-25 09:06:00,0.11731339530882678
2018-10-25 09:09:00,0.05343943189899392
2018-10-25 09:12:00,0.09053263439443526
2018-10-25 09:15:00,0.01635454185486651
2018-10-25 09:18:00,0.07026555557104075
2018-10-25 09:21:00,0.21502649152324693
2018-10-25 09:24:00,0.0605361526460797
2018-10-25 09:27:00,0.01774476635426936
2018-10-25 09:30:00,0.001737500854233076
2018-10-25 09:33:00,0.10684355651568467
2018-10-25 09:36:00,-0.05384840486965459
2018-10-25 09:39:00,0.02327460338091214
2018-10-25 09:42:00,0.07209088381512174
2018-10-25 09:45:00,0.1992923577117267
2018-10-25 09:48:00,0.22035620240995968
2018-10-25 09:51:00,0.15794220153418337
2018-10-25 09:54:00,0.11657675053618277
2018-10-25 09:57:00,0.06241562743952045
2018-10-25 10:00:00,0.21216428829205825
2018-10-25 10:03:00,0.18474233208905844
2018-10-25 10:06:00,0.11267297619917827
2018-10-25 10:09:00,-0.053963713027712856
2018-10-25 10:12:00,-0.07764648945493491
2018-10-25 10:15:00,-0.11339075312946534
2018-10-25 10:18:00,-0.04907930260571902
2018-10-25 10:21:00,-0.2180392031309566
2018-10-25 10:24:00,-0.2164383364595892
2018-10-25 10:27:00,-0.21103765731055546
2018-10-25 10:30:00,-0.15799746825496186
2018-10-25 10:33:00,-0.1358329413624233
2018-10-25 10:36:00,-0.1735427243094705
2018-10-25 10:39:00,-0.22892892557854339
2018-10-25 10:42:00,-0.17314875638322746
2018-10-25 10:45:00,-0.07310946137783958
2018-10-25 10:48:00,-0.1788462140603997
2018-10-25 10:51:00,-0.18093268743882618
2018-10-25 10:54:00,-0.18195304830442183
2018-10-25 10:57:00,-0.3583378590624875
2018-10-25 11:00:00,-0.20938777473253367
2018-10-25 11:03:00,-0.15344035219339958
2018-10-25 11:06:00,-0.13719328583567858
2018-10-25 11:09:00,-0.09633560877756508
2018-10-25 11:12:00,-0.16312648100091565
2018-10-25 11:15:00,-0.07394717695621011
2018-10-25 11:18:00,-0.0013827834449671172
2018-10-25 11:21:00,-0.046323179512341994
2018-10-25 11:24:00,-0.06938315800272221
2018-10-25 11:27:00,-0.0546614693764127
2018-10-25 11:30:00,-0.19822289428964268
2018-10-25 11:33:00,-0.17799306803897252
2018-10-25 11:36:00,-0.25237513402117884
2018-10-25 11:39:00,-0.09238217917913971
2018-10-25 11:42:00,-0.21843981154904668
2018-10-25 11:45:00,-0.09288498465423345
2018-10-25 11:48:00,-0.05629033705980646
2018-10-25 11:51:00,-0.08154800858051203
2018-10-25 11:54:00,-0.12136844810169123
2018-10-25 11:57:00,-0.16100534072757
2018-10-25 12:00:00,-0.1790619932249342
2018-10-25 12:03:00,-0.04427588386192838
2018-10-25 12:06:00,-0.2521634973154505
2018-10-25 12:09:00,-0.05993982655280661
2018-10-25 12:12:00,0.036964476273965374
2018-10-25 12:15:00,-0.07461166023819032
2018-10-25 12:18:00,-0.2525082793760589
2018-10-25 12:21:00,-0.23292766487162453
2018-10-25 12:24:00,-0.2882217148119821
2018-10-25 12:27:00,-0.24061211757646106
2018-10-25 12:30:00,-0.23668119785907038
2018-10-25 12:33:00,-0.2319046015165327
2018-10-25 12:36:00,-0.3155381172778675
2018-10-25 12:39:00,-0.2344972059292445
2018-10-25 12:42:00,-0.06886186298203256
2018-10-25 12:45:00,-0.032254900777900275
2018-10-25 12:48:00,-0.012850696196665012
2018-10-25 12:51:00,-0.03423792084447541
2018-10-25 12:54:00,-0.09543001684284036
2018-10-25 12:57:00,0.00011876192382942463
2018-10-25 13:00:00,0.1322614575312855
2018-10-25 13:03:00,0.2282342614533377
2018-10-25 13:06:00,0.14232059264020336
2018-10-25 13:09:00,0.1531931697746245
2018-10-25 13:12:00,0.19420806580757244
2018-10-25 13:15:00,0.3732760886646247
2018-10-25 13:18:00,0.21619272139309942
2018-10-25 13:21:00,0.2888128547991755
2018-10-25 13:24:00,0.16254849968328244
2018-10-25 13:27:00,0.15524281358437975
2018-10-25 13:30:00,0.24103314958227884
2018-10-25 13:33:00,0.1546103774309131
2018-10-25 13:36:00,0.0103742812604537
2018-10-25 13:39:00,-0.025874680497395275
2018-10-25 13:42:00,0.14231070517251965
2018-10-25 13:45:00,0.08160805584344644
2018-10-25 13:48:00,0.14797658950305959
2018-10-25 13:51:00,0.41230186544748904
2018-10-25 13:54:00,0.13862224762254982
2018-10-25 13:57:00,-0.15581877686292955
2018-10-25 14:00:00,-0.12345181675186723
2018-10-25 14:03:00,-0.14565946385653206
2018-10-25 14:06:00,-0.24139279373315503
2018-10-25 14:09:00,-0.23041684754417702
2018-10-25 14:12:00,-0.328926502780007
2018-10-25 14:15:00,-0.0981595009072862
2018-10-25 14:18:00,-0.21385866292382616
2018-10-25 14:21:00,-0.17512521029141226
2018-10-25 14:24:00,-0.12461700003939313
2018-10-25 14:27:00,-0.2234809288455608
2018-10-25 14:30:00,-0.20217616814341
2018-10-25 14:33:00,-0.23335939842542075
2018-10-25 14:36:00,-0.1535827538260719
2018-10-25 14:39:00,-0.20597648208519104
2018-10-25 14:42:00,-0.1044975293754078
2018-10-25 14:45:00,-0.09205798480371641
2018-10-25 14:48:00,0.034622347326489944
2018-10-25 14:51:00,-0.14556396991758902
2018-10-25 14:54:00,-0.21497129547105942
2018-10-25 14:57:00,-0.20867920356414515
2018-10-25 15:00:00,-0.08659654617429169
2018-10-25 15:03:00,-0.2693368556697351
2018-10-25 15:06:00,-0.3318750067961673
2018-10-25 15:09:00,-0.22375296786032095
2018-10-25 15:12:00,-0.18537906182757524
2018-10-25 15:15:00,-0.10470969894635118
2018-10-25 15:18:00,-0.17180046513487923
2018-10-25 15:21:00,-0.1271982453417877
2018-10-25 15:24:00,-0.08402558076505784
2018-10-25 15:27:00,-0.17224484256030337
2018-10-25 15:30:00,-0.0829005710016304
2018-10-25 15:33:00,-0.1409733202796133
2018-10-25 15:36:00,-0.03437596858793768
2018-10-25 15:39:00,-0.13714018931949568
2018-10-25 15:42:00,-0.13310242132814665
2018-10-25 15:45:00,-0.09646871473597685
2018-10-25 15:48:00,-0.14522008241050344
2018-10-25 15:51:00,-0.27787870357121847
2018-10-25 15:54:00,-0.16968737672385714
2018-10-25 15:57:00,-0.14738827806172594
2018-10-25 16:00:00,-0.17810657259354912
2018-10-25 16:03:00,-0.2457721384062097
2018-10-25 16:06:00,-0.17514096549223268
2018-10-25 16:09:00,-0.2621055690698313
2018-10-25 16:12:00,-0.12088992732373072
2018-10-25 16:15:00,-0.23160395259304778
2018-10-25 16:18:00,-0.18668381521257515
2018-10-25 16:21:00,-0.2247751652590182
2018-10-25 16:24:00,-0.23103327228324133
2018-10-25 16:27:00,-0.19896074176898537
2018-10-25 16:30:00,-0.2772101098324242
2018-10-25 16:33:00,-0.22144230037270063
2018-10-25 16:36:00,-0.22557060217172875
2018-10-25 16:39:00,-0.21783656704633358
2018-10-25 16:42:00,-0.25277709557161643
2018-10-25 16:45:00,-0.22904089522188542
2018-10-25 16:48:00,-0.24263494492356585
2018-10-25 16:51:00,-0.28312480762849646
2018-10-25 16:54:00,-0.2746842891140773
2018-10-25 16:57:00,-0.20787483148586716
2018-10-25 17:00:00,-0.2128506591239443
2018-10-25 17:03:00,-0.15585003294751232
2018-10-25 17:06:00,-0.16381253188149003
2018-10-25 17:09:00,-0.26719760678435023
2018-10-25 17:12:00,-0.2729734245743316
2018-10-25 17:15:00,-0.17476104656270763
2018-10-25 17:18:00,-0.23570856353939007
2018-10-25 17:21:00,-0.18132867803433328
2018-10-25 17:24:00,-0.1944842201083361
2018-10-25 17:27:00,-0.18526138069705667
2018-10-25 17:30:00,-0.1602370538728337
2018-10-25 17:33:00,-0.23221067604890777
2018-10-25 17:36:00,-0.20337590855217513
2018-10-25 17:39:00,-0.16933952817009867
2018-10-25 17:42:00,-0.048392634897538755
2018-10-25 17:45:00,-0.203745452827377
2018-10-25 17:48:00,-0.10772789592010668
2018-10-25 17:51:00,-0.15721438969717383
2018-10-25 17:54:00,-0.16343108336963041
2018-10-25 17:57:00,-0.009957223045944374
2018-10-25 18:00:00,-0.10667032025833123
2018-10-25 18:03:00,-0.08989594354335395
2018-10-25 18:06:00,-0.09037420239053517
2018-10-25 18:09:00,-0.21141018361009856
2018-10-25 18:12:00,-0.14078142163623397
2018-10-25 18:15:00,-0.15843687222394465
2018-10-25 18:18:00,-0.13976917948286882
2018-10-25 18:21:00,-0.09189443155997878
2018-10-25 18:24:00,-0.125034972063645
2018-10-25 18:27:00,-0.11316275970494871
2018-10-25 18:30:00,-0.09869951510154351
2018-10-25 18:33:00,-0.11573119486359928
2018-10-25 18:36:00,-0.11650034188863856
2018-10-25 18:39:00,-0.1445890567002266
2018-10-25 18:42:00,-0.1581192809689469
2018-10-25 18:45:00,-0.06600397935795854
2018-10-25 18:48:00,-0.127292028836564
2018-10-25 18:51:00,-0.018402043760033848
2018-10-25 18:54:00,
2018-10-25 18:57:00,
2018-10-25 19:00:00,
2018-10-25 19:03:00,-0.0748052042097811
2018-10-25 19:06:00,-0.19558096786823853
2018-10-25 19:09:00,-0.13914613799772724
2018-10-25 19:12:00,-0.03585418180296074
2018-10-25 19:15:00,-0.15151636430908866
2018-10-25 19:18:00,-0.09396213236414042
2018-10-25 19:21:00,-0.07182163121012763
2018-10-25 19:24:00,-0.08684538416679288
2018-10-25 19:27:00,-0.05269605057605986
2018-10-25 19:30:00,-0.08780365752267016
2018-10-25 19:33:00,-0.03114435993330744
2018-10-25 19:36:00,-0.1325055322988078
2018-10-25 19:39:00,-0.15818139880514082
2018-10-25 19:42:00,0.04175178168259208
2018-10-25 19:45:00,-0.12460623834567741
2018-10-25 19:48:00,-0.00026412545389575826
2018-10-25 19:51:00,0.0015790402200650533
2018-10-25 19:54:00,0.01437525966400699
2018-10-25 19:57:00,-0.026410057983582647
2018-10-25 20:00:00,-0.06708608638706437
2018-10-25 20:03:00,-0.04116257085962616
2018-10-25 20:06:00,-0.023152528928562788
2018-10-25 20:09:00,0.018023676506118136
2018-10-25 20:12:00,0.009457254882022426
2018-10-25 20:15:00,-0.0396785628142311
2018-10-25 20:18:00,0.06713472033004564
2018-10-25 20:21:00,-0.04009369665942586
2018-10-25 20:24:00,0.010277360997690721
2018-10-25 20:27:00,-0.07394039835583044
2018-10-25 20:30:00,-0.06313340032488668
2018-10-25 20:33:00,-0.029594257774306243
2018-10-25 20:36:00,-0.0012231357166569978
2018-10-25 20:39:00,0.046561865204012065
2018-10-25 20:42:00,0.08829987521551175
2018-10-25 20:45:00,-0.052084237754741025
2018-10-25 20:48:00,0.033820106525809024
2018-10-25 20:51:00,0.0056956984952876155
2018-10-25 20:54:00,-0.043073377775499466
2018-10-25 20:57:00,0.03522613961871457
2018-10-25 21:00:00,-0.01828484474481229
2018-10-25 21:03:00,0.0036212592937658883
2018-10-25 21:06:00,-0.018491974460687288
2018-10-25 21:09:00,0.005022197795824468
2018-10-25 21:12:00,0.0625391084923308
2018-10-25 21:15:00,-0.0025334609680385256
2018-10-25 21:18:00,0.03507492923341715
2018-10-25 21:21:00,-0.0007233115055100825
2018-10-25 21:24:00,0.07407436480565366
2018-10-25 21:27:00,-0.02140569523163549
2018-10-25 21:30:00,0.009421824146500057
2018-10-25 21:33:00,0.044259404259094026
2018-10-25 21:36:00,0.07384042144138903
2018-10-25 21:39:00,0.06509464324187775
2018-10-25 21:42:00,0.06841090061209343
2018-10-25 21:45:00,0.08862366810950562
2018-10-25 21:48:00,0.07167527420625674
2018-10-25 21:51:00,0.0020047752220193615
2018-10-25 21:54:00,-0.011397392459059574
2018-10-25 21:57:00,0.0884468398716649
2018-10-25 22:00:00,0.06221568140369982
2018-10-25 22:03:00,0.06794662722882094
2018-10-25 22:06:00,0.028687164332552584
2018-10-25 22:09:00,0.06223609781591222
2018-10-25 22:12:00,-0.03829749362216717
2018-10-25 22:15:00,0.028384558854668285
2018-10-25 22:18:00,0.09307095034876056
2018-10-25 22:21:00,0.005784278740122772
2018-10-25 22:24:00,0.18734264602409212
2018-10-25 22:27:00,0.24250315490235153
2018-10-25 22:30:00,0.07552029988056574
2018-10-25 22:33:00,0.11169647743980704
2018-10-25 22:36:00,0.12128562699592749
2018-10-25 22:39:00,0.1477960300209702
2018-10-25 22:42:00,0.5125995789163653
2018-10-25 22:45:00,0.5157468359846007
2018-10-25 22:48:00,0.7044467915903283
2018-10-25 22:51:00,0.6880951951318366
2018-10-25 22:54:00,0.7054452193475527
2018-10-25 22:57:00,0.5465490556199484
2018-10-25 23:00:00,0.3357954000373411
2018-10-25 23:03:00,0.3803159869973456
2018-10-25 23:06:00,0.6001107549740823
2018-10-25 23:09:00,0.5252230234538047
2018-10-25 23:12:00,0.32989660104863106
2018-10-25 23:15:00,0.3232261652977968
2018-10-25 23:18:00,0.2740455433649913
2018-10-25 23:21:00,0.13785513251769999
2018-10-25 23:24:00,0.09411770419507093
2018-10-25 23:27:00,0.0186776420414958
2018-10-25 23:30:00,0.13378927281513597
2018-10-25 23:33:00,0.12789177578491717
2018-10-25 23:36:00,0.05166996806019597
2018-10-25 23:39:00,0.14771685853975214
2018-10-25 23:42:00,0.05799004503001015
2018-10-25 23:45:00,0.0174452570541348
2018-10-25 23:48:00,0.1327847516269003
2018-10-25 23:51:00,0.2926929361953512
2018-10-25 23:54:00,0.20218122970163677
2018-10-25 23:57:00,0.39544883028742106
2018-10-26 00:00:00,0.29194527093301303
2018-10-26 00:03:00,0.4102328296620499
2018-10-26 00:06:00,0.4873595732741478
2018-10-26 00:09:00,0.46248356208656105
2018-10-26 00:12:00,0.37903402636879946
2018-10-26 00:15:00,0.31389345143770697
2018-10-26 00:18:00,0.23296608646364803
2018-10-26 00:21:00,0.2669707038641036
2018-10-26 00:24:00,0.3312474694271259
2018-10-26 00:27:00,0.24875927905566186
2018-10-26 00:30:00,0.29199245081991876
2018-10-26 00:33:00,0.23643552047713
2018-10-26 00:36:00,0.3039333307951324
2018-10-26 00:39:00,0.05989098432547735
2018-10-26 00:42:00,0.19536007483611684
2018-10-26 00:45:00,0.28905093895696155
2018-10-26 00:48:00,0.2657620735398041
2018-10-26 00:51:00,0.245017034005798
2018-10-26 00:54:00,0.23299652654117153
2018-10-26 00:57:00,0.1690840717088804
2018-10-26 01:00:00,0.1910719091450801
2018-10-26 01:03:00,0.21112156655976833
2018-10-26 01:06:00,0.2243645041819491
2018-10-26 01:09:00,0.21448541205728588
2018-10-26 01:12:00,0.31067895692996217
2018-10-26 01:15:00,0.18457434309567589
2018-10-26 01:18:00,0.22822431761846929
2018-10-26 01:21:00,0.23323028480922403
2018-10-26 01:24:00,0.21827413828748377
2018-10-26 01:27:00,0.3146765801643028
2018-10-26 01:30:00,0.35448239323318376
2018-10-26 01:33:00,0.3338290316819439
2018-10-26 01:36:00,0.3605112004976263
2018-10-26 01:39:00,0.3802235917702319
2018-10-26 01:42:00,0.4794958102810938
2018-10-26 01:45:00,0.40804175124452513
2018-10-26 01:48:00,0.46661879190588706
2018-10-26 01:51:00,0.31648846808548114
2018-10-26 01:54:00,0.36349028545424744
2018-10-26 01:57:00,0.38413850108076986
2018-10-26 02:00:00,0.34864903816503556
2018-10-26 02:03:00,0.29534103967336023
2018-10-26 02:06:00,0.37938249620776787
2018-10-26 02:09:00,0.31944256229832035
2018-10-26 02:12:00,0.3096061540421715
2018-10-26 02:15:00,0.33825215576581513
2018-10-26 02:18:00,0.29381801533588714
2018-10-26 02:21:00,0.25223800055277934
2018-10-26 02:24:00,0.28392140191817816
2018-10-26 02:27:00,0.2734383322950862
2018-10-26 02:30:00,0.40266070714920943
2018-10-26 02:33:00,0.45023703845311047
2018-10-26 02:36:00,0.3676162963332672
2018-10-26 02:39:00,0.2307915143886703
2018-10-26 02:42:00,0.31631343183016725
2018-10-26 02:45:00,0.2276063951938454
2018-10-26 02:48:00,0.22747456435809
2018-10-26 02:51:00,0.18231983783243777
2018-10-26 02:54:00,0.2624232233277439
2018-10-26 02:57:00,0.3263285899237758
2018-10-26 03:00:00,0.2905933959360709
2018-10-26 03:03:00,0.34678385590314065
2018-10-26 03:06:00,0.30608081198198533
2018-10-26 03:09:00,0.3421402827250972
2018-10-26 03:12:00,0.33065994694362644
2018-10-26 03:15:00,0.3253840844548108
2018-10-26 03:18:00,0.2820240918297259
2018-10-26 03:21:00,0.27575422868329724
2018-10-26 03:24:00,0.3365296617320155
2018-10-26 03:27:00,0.18375610883759919
2018-10-26 03:30:00,0.15470438260325636
2018-10-26 03:33:00,0.2379554839420166
2018-10-26 03:36:00,0.24790379667689422
2018-10-26 03:39:00,0.3366085566773904
2018-10-26 03:42:00,0.2698929519681883
2018-10-26 03:45:00,0.19701182550153362
2018-10-26 03:48:00,0.30877430532956396
2018-10-26 03:51:00,0.2962695258212875
2018-10-26 03:54:00,0.2506536047525856
2018-10-26 03:57:00,0.28682823355308074
2018-10-26 04:00:00,0.31018660633554873
2018-10-26 04:03:00,0.3654456279093665
2018-10-26 04:06:00,0.39888239178060303
2018-10-26 04:09:00,0.23786096372180054
2018-10-26 04:12:00,0.30379445893703405
2018-10-26 04:15:00,0.27817955972659547
2018-10-26 04:18:00,0.26059693925549254
2018-10-26 04:21:00,0.3273724032629275
2018-10-26 04:24:00,0.28889418779999687
2018-10-26 04:27:00,0.26289377920727475
2018-10-26 04:30:00,0.3276819865395737
2018-10-26 04:33:00,0.22424602564450424
2018-10-26 04:36:00,0.28654775346171846
2018-10-26 04:39:00,0.279063324294782
2018-10-26 04:42:00,0.18366292317801935
2018-10-26 04:45:00,0.27653585662437763
2018-10-26 04:48:00,0.32116201190387983
2018-10-26 04:51:00,0.33865390422482733
2018-10-26 04:54:00,0.3192099636153216
2018-10-26 04:57:00,0.28463868163606776
2018-10-26 05:00:00,0.2793856965736836
2018-10-26 05:03:00,0.396478981212681
2018-10-26 05:06:00,0.3890504678203115
2018-10-26 05:09:00,0.2604606276492518
2018-10-26 05:12:00,0.3355168309586247
2018-10-26 05:15:00,0.28776491539241533
2018-10-26 05:18:00,0.23219598410753406
2018-10-26 05:21:00,0.2614114997211914
2018-10-26 05:24:00,0.21628752910964977
2018-10-26 05:27:00,0.22939009524083076
2018-10-26 05:30:00,0.2843799489421599
2018-10-26 05:33:00,0.23955691852336258
2018-10-26 05:36:00,0.29880432960669623
2018-10-26 05:39:00,0.18820362810600955
2018-10-26 05:42:00,0.2783794035186702
2018-10-26 05:45:00,0.22454844865433188
2018-10-26 05:48:00,0.3891804001528385
2018-10-26 05:51:00,0.2083660405030514
2018-10-26 05:54:00,0.25985856465337065
2018-10-26 05:57:00,0.25051337694452513
2018-10-26 06:00:00,0.2864999134291111
2018-10-26 06:03:00,0.3779643035351228
2018-10-26 06:06:00,0.27703018181955485
2018-10-26 06:09:00,0.3334993551222851
2018-10-26 06:12:00,0.397750594463389
2018-10-26 06:15:00,0.27940462581585734
2018-10-26 06:18:00,0.34415781898871955
2018-10-26 06:21:00,0.27904640011684023
2018-10-26 06:24:00,0.3667770933696488
2018-10-26 06:27:00,0.17285548653524074
2018-10-26 06:30:00,0.2750662304915181
2018-10-26 06:33:00,0.3139310346937805
2018-10-26 06:36:00,0.3257341195455865
2018-10-26 06:39:00,0.31033270617723474
2018-10-26 06:42:00,0.13757822941579434
2018-10-26 06:45:00,0.22944877810130038
2018-10-26 06:48:00,0.18040993194506427
2018-10-26 06:51:00,0.23943403512271288
2018-10-26 06:54:00,0.2541713899416891
2018-10-26 06:57:00,0.3180455593069951
2018-10-26 07:00:00,0.28669168394947064
2018-10-26 07:03:00,0.2976386023427722
2018-10-26 07:06:00,0.33102134202209754
2018-10-26 07:09:00,0.2639762184282404
2018-10-26 07:12:00,0.353176142286145
2018-10-26 07:15:00,0.3600442967506865
2018-10-26 07:18:00,0.3488566032137328
2018-10-26 07:21:00,0.34350991097079486
2018-10-26 07:24:00,0.4092311383856213
2018-10-26 07:27:00,0.31461751677949223
2018-10-26 07:30:00,0.37042016383838927
2018-10-26 07:33:00,0.2755919580719137
2018-10-26 07:36:00,0.35359346906551536
2018-10-26 07:39:00,0.47447445090404017
2018-10-26 07:42:00,0.41338656142880836
2018-10-26 07:45:00,0.4545237389879162
2018-10-26 07:48:00,0.428232439961846
2018-10-26 07:51:00,0.43064540616535396
2018-10-26 07:54:00,0.3686232028157974
2018-10-26 07:57:00,0.3953114385813592
2018-10-26 08:00:00,0.3618870522615225
2018-10-26 08:03:00,0.3564889720784663
2018-10-26 08:06:00,0.37549176850268395
2018-10-26 08:09:00,0.3452546012587163
2018-10-26 08:12:00,0.3709399413196479
2018-10-26 08:15:00,0.32699756518019285
2018-10-26 08:18:00,0.36198900546315826
2018-10-26 08:21:00,0.31793325096697345
2018-10-26 08:24:00,0.36258813244353405
2018-10-26 08:27:00,0.2572166989565403
2018-10-26 08:30:00,0.35716044275557124
2018-10-26 08:33:00,0.2851579421947008
2018-10-26 08:36:00,0.3219785278369045
2018-10-26 08:39:00,0.15534998896606567
2018-10-26 08:42:00,0.21154758083361003
2018-10-26 08:45:00,0.1873957495294576
2018-10-26 08:48:00,0.21049239043151147
2018-10-26 08:51:00,0.1968704672820536
2018-10-26 08:54:00,0.18363246825430224
2018-10-26 08:57:00,0.2321702415318896
2018-10-26 09:00:00,0.25119202772555127
2018-10-26 09:03:00,0.18106130782570062
2018-10-26 09:06:00,0.25786232811873333
2018-10-26 09:09:00,0.1351972519158835
2018-10-26 09:12:00,0.17717072193198646
2018-10-26 09:15:00,0.1342902051031274
2018-10-26 09:18:00,0.10625330682938738
2018-10-26 09:21:00,0.19199507327704168
2018-10-26 09:24:00,0.16175805022902523
2018-10-26 09:27:00,0.2553151953250108
2018-10-26 09:30:00,0.20461973730306227
2018-10-26 09:33:00,0.11299850940548595
2018-10-26 09:36:00,0.07581068488434539
2018-10-26 09:39:00,0.21932668529825605
2018-10-26 09:42:00,0.1968236888709498
2018-10-26 09:45:00,0.13688855811597023
2018-10-26 09:48:00,0.18994144071888286
2018-10-26 09:51:00,0.1601358062066538
2018-10-26 09:54:00,0.2265430958865977
2018-10-26 09:57:00,0.1126473244777344
2018-10-26 10:00:00,0.1530136919421352
2018-10-26 10:03:00,0.07814616349998005
2018-10-26 10:06:00,0.10358321131036519
2018-10-26 10:09:00,0.07724362520536943
2018-10-26 10:12:00,0.16386310811788007
2018-10-26 10:15:00,0.08810345979469503
2018-10-26 10:18:00,0.03424840395979345
2018-10-26 10:21:00,0.1459241224133052
2018-10-26 10:24:00,0.0569742533156159
2018-10-26 10:27:00,0.11569379009443992
2018-10-26 10:30:00,0.18227968215455803
2018-10-26 10:33:00,0.009830342680459125
2018-10-26 10:36:00,0.05348535824435885
2018-10-26 10:39:00,0.009894275186354662
2018-10-26 10:42:00,0.1143274846575082
2018-10-26 10:45:00,-0.016220531979172392
2018-10-26 10:48:00,-0.043608930874370344
2018-10-26 10:51:00,0.03972143398755179
2018-10-26 10:54:00,0.012932259978299498
2018-10-26 10:57:00,0.0031935360664760992
2018-10-26 11:00:00,0.07479172609180296
2018-10-26 11:03:00,-0.03308180097519653
2018-10-26 11:06:00,-0.13066056056379693
2018-10-26 11:09:00,-0.048729707622669594
2018-10-26 11:12:00,-0.023490706561801744
2018-10-26 11:15:00,0.06559765387476091
2018-10-26 11:18:00,-0.06573683138651631
2018-10-26 11:21:00,0.06277686120938597
2018-10-26 11:24:00,0.02802967176603488
2018-10-26 11:27:00,0.08855096636887083
2018-10-26 11:30:00,0.07086419454088855
2018-10-26 11:33:00,0.0018567020929367573
2018-10-26 11:36:00,-0.05861871709538491
2018-10-26 11:39:00,-0.06821995627080923
2018-10-26 11:42:00,0.012181674195403502
2018-10-26 11:45:00,0.046854692256658836
2018-10-26 11:48:00,0.03196901445664935
2018-10-26 11:51:00,0.20060976561291
2018-10-26 11:54:00,0.0824955592107699
2018-10-26 11:57:00,-0.05560672197492522
2018-10-26 12:00:00,0.04094635504935695
2018-10-26 12:03:00,0.050182265217756594
2018-10-26 12:06:00,0.046566503957024
2018-10-26 12:09:00,-0.05801892035771061
2018-10-26 12:12:00,0.06508657286383368
2018-10-26 12:15:00,0.08442190750537293
2018-10-26 12:18:00,0.032741288316628925
2018-10-26 12:21:00,0.08740315266527432
2018-10-26 12:24:00,0.07532287211853372
2018-10-26 12:27:00,0.08557786163601122
2018-10-26 12:30:00,-0.03645724545191342
2018-10-26 12:33:00,-0.013605499098389373
2018-10-26 12:36:00,0.017425229914351803
2018-10-26 12:39:00,-0.06972231893962544
2018-10-26 12:42:00,-0.09955862390978609
2018-10-26 12:45:00,-0.060561496450361574
2018-10-26 12:48:00,-0.08341780377082841
2018-10-26 12:51:00,-0.1456663450214819
2018-10-26 12:54:00,0.04361150442798589
2018-10-26 12:57:00,-0.023128647712269412
2018-10-26 13:00:00,-0.15533148356138327
2018-10-26 13:03:00,-0.13150368635689347
2018-10-26 13:06:00,-0.099081180506289
2018-10-26 13:09:00,-0.1067663690874383
2018-10-26 13:12:00,-0.08209848013075316
2018-10-26 13:15:00,-0.0188646544115727
2018-10-26 13:18:00,-0.10474719741671379
2018-10-26 13:21:00,-0.11871742297631727
2018-10-26 13:24:00,-0.1220053011572304
2018-10-26 13:27:00,-0.18445445905302904
2018-10-26 13:30:00,-0.16298945903361073
2018-10-26 13:33:00,-0.139790389946711
2018-10-26 13:36:00,-0.18142015180637827
2018-10-26 13:39:00,-0.21549991556469195
2018-10-26 13:42:00,-0.1533576865778059
2018-10-26 13:45:00,-0.11951214053175363
2018-10-26 13:48:00,-0.12068673635036475
2018-10-26 13:51:00,-0.11135282025094284
2018-10-26 13:54:00,-0.012052133844349555
2018-10-26 13:57:00,-0.07237278305962036
2018-10-26 14:00:00,-0.07220357529297416
2018-10-26 14:03:00,0.0334131211710087
2018-10-26 14:06:00,-0.07250457162336943
2018-10-26 14:09:00,-0.11015423249614287
2018-10-26 14:12:00,-0.042082156180811126
2018-10-26 14:15:00,-0.19892038178448956
2018-10-26 14:18:00,-0.0782566537413345
2018-10-26 14:21:00,-0.18230703196769582
2018-10-26 14:24:00,-0.1605227679119139
2018-10-26 14:27:00,-0.17124479098208667
2018-10-26 14:30:00,-0.15574818271670665
2018-10-26 14:33:00,-0.11135362871152665
2018-10-26 14:36:00,-0.10010571026936077
2018-10-26 14:39:00,-0.03936353234479384
2018-10-26 14:42:00,-0.0965866963957751
2018-10-26 14:45:00,-0.021186709614710253
2018-10-26 14:48:00,0.11289255686773458
2018-10-26 14:51:00,0.1564318832803906
2018-10-26 14:54:00,0.12187952513778555
2018-10-26 14:57:00,0.1883572122905548
2018-10-26 15:00:00,0.3008521171398115
2018-10-26 15:03:00,0.3040844064526027
2018-10-26 15:06:00,0.28127436058082367
2018-10-26 15:09:00,0.2478928907010527
2018-10-26 15:12:00,0.26678089515849024
2018-10-26 15:15:00,0.215626009436221
2018-10-26 15:18:00,0.2276154026779409
2018-10-26 15:21:00,0.16078359258767705
2018-10-26 15:24:00,0.13388240151937225
2018-10-26 15:27:00,0.21921601197442442
2018-10-26 15:30:00,0.2229472954932703
2018-10-26 15:33:00,0.17827918249412278
2018-10-26 15:36:00,0.10613251141154478
2018-10-26 15:39:00,0.18622801134148403
2018-10-26 15:42:00,0.1569150523488929
2018-10-26 15:45:00,0.22986379015009106
2018-10-26 15:48:00,0.29111055211427583
2018-10-26 15:51:00,0.234904147890461
2018-10-26 15:54:00,0.14078666006605545
2018-10-26 15:57:00,0.10319159884880946
2018-10-26 16:00:00,0.22596861091903975
2018-10-26 16:03:00,0.16079324025440656
2018-10-26 16:06:00,0.09017107936716684
2018-10-26 16:09:00,0.08906849476443313
2018-10-26 16:12:00,0.20037687916652658
2018-10-26 16:15:00,0.02380446339691389
2018-10-26 16:18:00,0.06310511526930895
2018-10-26 16:21:00,0.17577836677747882
2018-10-26 16:24:00,0.05949982228241879
2018-10-26 16:27:00,-0.19871303613388136
2018-10-26 16:30:00,-0.05502028989161545
2018-10-26 16:33:00,-0.18222018276566132
2018-10-26 16:36:00,0.07481047257829232
2018-10-26 16:39:00,0.14583356120891722
2018-10-26 16:42:00,0.08466905981180162
2018-10-26 16:45:00,0.09752115603208722
2018-10-26 16:48:00,0.10491552302340779
2018-10-26 16:51:00,0.10626044960821446
2018-10-26 16:54:00,0.08338987501667816
2018-10-26 16:57:00,-0.017452973647834824
2018-10-26 17:00:00,0.014484208909436802
2018-10-26 17:03:00,0.1485780967460073
2018-10-26 17:06:00,-0.06887303138586276
2018-10-26 17:09:00,0.1074616336209715
2018-10-26 17:12:00,-0.04654213023803777
2018-10-26 17:15:00,-0.01353571865718095
2018-10-26 17:18:00,-0.015819091931575713
2018-10-26 17:21:00,0.061929731979773806
2018-10-26 17:24:00,0.13154481461407386
2018-10-26 17:27:00,0.10813182673319943
2018-10-26 17:30:00,0.08457984388832074
2018-10-26 17:33:00,0.08790220407411198
2018-10-26 17:36:00,-0.013095769453173034
2018-10-26 17:39:00,0.061295929044774766
2018-10-26 17:42:00,0.02019925659794808
2018-10-26 17:45:00,-0.12506735985203932
2018-10-26 17:48:00,0.057840964273282225
2018-10-26 17:51:00,0.0004186699623005552
2018-10-26 17:54:00,0.006892682765965219
2018-10-26 17:57:00,0.013369585518830718
2018-10-26 18:00:00,-0.0020991371626450928
2018-10-26 18:03:00,0.010185420004347634
2018-10-26 18:06:00,0.041809269661996495
2018-10-26 18:09:00,-0.029140079007902386
2018-10-26 18:12:00,0.04705229965628632
2018-10-26 18:15:00,-0.005092767076178006
2018-10-26 18:18:00,0.07366179500024828
2018-10-26 18:21:00,-0.04937908694671478
2018-10-26 18:24:00,-0.01182106722944809
2018-10-26 18:27:00,0.09489473827784423
2018-10-26 18:30:00,-0.008291083935944243
2018-10-26 18:33:00,-0.025481157247668307
2018-10-26 18:36:00,0.10371886129621544
2018-10-26 18:39:00,-0.06327842826931374
2018-10-26 18:42:00,-0.055499289794738615
2018-10-26 18:45:00,0.061161229397669103
2018-10-26 18:48:00,0.026666799954512044
2018-10-26 18:51:00,0.06163429899231687
2018-10-26 18:54:00,
2018-10-26 18:57:00,
2018-10-26 19:00:00,
2018-10-26 19:03:00,0.1281457456821613
2018-10-26 19:06:00,0.02706540262170165
2018-10-26 19:09:00,0.08903642475542028
2018-10-26 19:12:00,0.03495210450023478
2018-10-26 19:15:00,0.10171626191328187
2018-10-26 19:18:00,0.12711380152700258
2018-10-26 19:21:00,0.0679934543192644
2018-10-26 19:24:00,0.031947032823779864
2018-10-26 19:27:00,0.01634107725692502
2018-10-26 19:30:00,0.08935373402050573
2018-10-26 19:33:00,0.12298638203242263
2018-10-26 19:36:00,0.11736856788490968
2018-10-26 19:39:00,0.18381886897486766
2018-10-26 19:42:00,0.11031292192222963
2018-10-26 19:45:00,0.21277186273169946
2018-10-26 19:48:00,0.12590114965763632
2018-10-26 19:51:00,0.14400250590978203
2018-10-26 19:54:00,0.07042934527618172
2018-10-26 19:57:00,0.1531317255499971
2018-10-26 20:00:00,0.131018537347245
2018-10-26 20:03:00,0.0576794728334562
2018-10-26 20:06:00,0.14788636045255998
2018-10-26 20:09:00,0.10285299223068023
2018-10-26 20:12:00,0.22387635585226917
2018-10-26 20:15:00,0.2060415346242621
2018-10-26 20:18:00,0.13632731734384151
2018-10-26 20:21:00,0.1407467935965201
2018-10-26 20:24:00,0.1129040274714157
2018-10-26 20:27:00,0.1341260091887193
2018-10-26 20:30:00,0.08893490550019578
2018-10-26 20:33:00,0.0761514264211769
2018-10-26 20:36:00,0.07562339221652792
2018-10-26 20:39:00,0.09318965418140124
2018-10-26 20:42:00,0.0736781495689911
2018-10-26 20:45:00,0.20522122677454036
2018-10-26 20:48:00,0.025417976086828276
2018-10-26 20:51:00,0.04987444682683417
2018-10-26 20:54:00,0.03275622249981325
2018-10-26 20:57:00,0.08660426642666152
2018-10-26 21:00:00,0.06926626234383093
2018-10-26 21:03:00,-0.010464981440748033
2018-10-26 21:06:00,0.12451074819193764
2018-10-26 21:09:00,0.1351518588199383
2018-10-26 21:12:00,0.17885124091503712
2018-10-26 21:15:00,0.11234095045273307
2018-10-26 21:18:00,0.09977953487748437
2018-10-26 21:21:00,0.15290104799254323
2018-10-26 21:24:00,0.09686582730125792
2018-10-26 21:27:00,0.17738638640855697
2018-10-26 21:30:00,0.2767978356321237
2018-10-26 21:33:00,0.17032724698577795
2018-10-26 21:36:00,0.15632190837408189
2018-10-26 21:39:00,0.13901381910022792
2018-10-26 21:42:00,0.16322102201218058
2018-10-26 21:45:00,0.12357055158742014
2018-10-26 21:48:00,0.16239706237251994
2018-10-26 21:51:00,0.18173958443480842
2018-10-26 21:54:00,0.08350570671444757
2018-10-26 21:57:00,0.08571273791733347
2018-10-26 22:00:00,0.27550720365786674
2018-10-26 22:03:00,0.11996966390285024
2018-10-26 22:06:00,0.3347297142958041
2018-10-26 22:09:00,0.13075638873294793
2018-10-26 22:12:00,0.28508203937713006
2018-10-26 22:15:00,0.2343619812625093
2018-10-26 22:18:00,0.17968594626671575
2018-10-26 22:21:00,0.24298818252532328
2018-10-26 22:24:00,0.1466520278732446
2018-10-26 22:27:00,0.1421570871783615
2018-10-26 22:30:00,0.18888531538198094
2018-10-26 22:33:00,0.15454180284194763
2018-10-26 22:36:00,0.13757696572793066
2018-10-26 22:39:00,0.15582329432311326
2018-10-26 22:42:00,0.10085875789246757
2018-10-26 22:45:00,0.25226842305380615
2018-10-26 22:48:00,0.26026037711517347
2018-10-26 22:51:00,0.18411464430482738
2018-10-26 22:54:00,0.2410159629904456
2018-10-26 22:57:00,0.20728567217196314
2018-10-26 23:00:00,0.23176343360324836
2018-10-26 23:03:00,0.2276050953260551
2018-10-26 23:06:00,0.14879408014377304
2018-10-26 23:09:00,0.26298779614387513
2018-10-26 23:12:00,0.20420317705077196
2018-10-26 23:15:00,0.1642900552615174
2018-10-26 23:18:00,0.23805655316664343
2018-10-26 23:21:00,0.13640192624256997
2018-10-26 23:24:00,0.15494058579167813
2018-10-26 23:27:00,0.28807229729557093
2018-10-26 23:30:00,0.2506954741738241
2018-10-26 23:33:00,0.24887416762709336
2018-10-26 23:36:00,0.29673587003304647
2018-10-26 23:39:00,0.2854195942359752
2018-10-26 23:42:00,0.29548732153165247
2018-10-26 23:45:00,0.2781351314326912
2018-10-26 23:48:00,0.36192351353656704
2018-10-26 23:51:00,0.2781666310719402
2018-10-26 23:54:00,0.22822972087936932
2018-10-26 23:57:00,0.23545102564241915
2018-10-27 00:00:00,0.21553192101617924
2018-10-27 00:03:00,0.32834268183034965
2018-10-27 00:06:00,0.31183096919033915
2018-10-27 00:09:00,0.32388193598438875
2018-10-27 00:12:00,0.33563599048221704
2018-10-27 00:15:00,0.23342936964780847
2018-10-27 00:18:00,0.3760070734202827
2018-10-27 00:21:00,0.2652984133049472
2018-10-27 00:24:00,0.24742755100476188
2018-10-27 00:27:00,0.24989710834438483
2018-10-27 00:30:00,0.21732719606308137
2018-10-27 00:33:00,0.23912089211904686
2018-10-27 00:36:00,0.21569641131878825
2018-10-27 00:39:00,0.26868282774415775
2018-10-27 00:42:00,0.3487186569929577
2018-10-27 00:45:00,0.23235242659325195
2018-10-27 00:48:00,0.34810975367298624
2018-10-27 00:51:00,0.34800188532949505
2018-10-27 00:54:00,0.33890970045268887
2018-10-27 00:57:00,0.354324080438289
2018-10-27 01:00:00,0.36384023520344044
2018-10-27 01:03:00,0.22611049535009897
2018-10-27 01:06:00,0.23686484617087444
2018-10-27 01:09:00,0.3115290487336324
2018-10-27 01:12:00,0.18587132378667093
2018-10-27 01:15:00,0.22983955716222226
2018-10-27 01:18:00,0.25158152882136164
2018-10-27 01:21:00,0.22962176063822426
2018-10-27 01:24:00,0.14048426919686108
2018-10-27 01:27:00,0.18594994474386795
2018-10-27 01:30:00,0.23162036050388224
2018-10-27 01:33:00,0.1554147973438944
2018-10-27 01:36:00,0.20037950745700073
2018-10-27 01:39:00,0.13222247598434933
2018-10-27 01:42:00,0.10727062810781263
2018-10-27 01:45:00,0.2300632052420042
2018-10-27 01:48:00,0.11516869901055315
2018-10-27 01:51:00,0.19609845174869633
2018-10-27 01:54:00,0.1939793558487395
2018-10-27 01:57:00,0.26204162555444555
2018-10-27 02:00:00,0.2887449699369995
2018-10-27 02:03:00,0.23942435723375866
2018-10-27 02:06:00,0.21541930718512958
2018-10-27 02:09:00,0.2739521193473138
2018-10-27 02:12:00,0.20721106174966053
2018-10-27 02:15:00,0.22135767033506681
2018-10-27 02:18:00,0.15123454636045608
2018-10-27 02:21:00,0.22712811866568927
2018-10-27 02:24:00,0.20497706551515193
2018-10-27 02:27:00,0.18853834089787824
2018-10-27 02:30:00,0.20996860831354525
2018-10-27 02:33:00,0.18257458232176305
2018-10-27 02:36:00,0.3266141600097967
2018-10-27 02:39:00,0.3325779703754961
2018-10-27 02:42:00,0.23690525837321275
2018-10-27 02:45:00,0.26247993244874124
2018-10-27 02:48:00,0.20163901074215573
2018-10-27 02:51:00,0.3854374311307538
2018-10-27 02:54:00,0.2243272877864797
2018-10-27 02:57:00,0.32557337242553785
2018-10-27 03:00:00,0.15383396240031288
2018-10-27 03:03:00,0.2451416844054961
2018-10-27 03:06:00,0.2724301134643383
2018-10-27 03:09:00,0.3242465519497273
2018-10-27 03:12:00,0.3050721147290574
2018-10-27 03:15:00,0.22595906995240966
2018-10-27 03:18:00,0.11610693465348731
2018-10-27 03:21:00,0.16175652951631037
2018-10-27 03:24:00,0.29940407373118205
2018-10-27 03:27:00,0.2928559478016268
2018-10-27 03:30:00,0.3059151864737828
2018-10-27 03:33:00,0.20321376101645683
2018-10-27 03:36:00,0.21695445311473804
2018-10-27 03:39:00,0.2651260085057743
2018-10-27 03:42:00,0.1706833324826107
2018-10-27 03:45:00,0.19316512338008351
2018-10-27 03:48:00,0.16764290547820337
2018-10-27 03:51:00,0.18765362792584028
2018-10-27 03:54:00,0.12866539841792246
2018-10-27 03:57:00,0.17026133683464195
2018-10-27 04:00:00,0.15936185349352172
2018-10-27 04:03:00,0.15774447553417303
2018-10-27 04:06:00,0.12292279052900312
2018-10-27 04:09:00,0.046117426931118644
2018-10-27 04:12:00,0.003238201155340903
2018-10-27 04:15:00,0.09875708296391394
2018-10-27 04:18:00,0.16672014611242503
2018-10-27 04:21:00,0.20287156116717142
2018-10-27 04:24:00,0.11821513205256906
2018-10-27 04:27:00,0.08795202816992287
2018-10-27 04:30:00,0.12462473341895475
2018-10-27 04:33:00,0.14377391009264784
2018-10-27 04:36:00,0.15286473197267014
2018-10-27 04:39:00,0.19442719213338933
2018-10-27 04:42:00,0.17795825378976815
2018-10-27 04:45:00,0.12980344596547866
2018-10-27 04:48:00,0.1645048926079653
2018-10-27 04:51:00,0.15571890312611458
2018-10-27 04:54:00,0.09723618771704423
2018-10-27 04:57:00,0.21690272766454655
2018-10-27 05:00:00,0.18956676458014954
2018-10-27 05:03:00,0.19490141027227992
2018-10-27 05:06:00,0.2218538378332937
2018-10-27 05:09:00,0.09357125979232706
2018-10-27 05:12:00,0.29311558312156194
2018-10-27 05:15:00,0.18417955492094507
2018-10-27 05:18:00,0.22673999058133631
2018-10-27 05:21:00,0.2754496392106489
2018-10-27 05:24:00,0.24133581426241335
2018-10-27 05:27:00,0.2601361563981186
2018-10-27 05:30:00,0.2310093417690382
2018-10-27 05:33:00,0.25636340944254243
2018-10-27 05:36:00,0.22697217268984105
2018-10-27 05:39:00,0.20541319612135567
2018-10-27 05:42:00,0.2613992814526114
2018-10-27 05:45:00,0.22475442126477674
2018-10-27 05:48:00,0.18260643786203445
2018-10-27 05:51:00,0.2820176020878762
2018-10-27 05:54:00,0.22931077887756146
2018-10-27 05:57:00,0.31340466506537723
2018-10-27 06:00:00,0.1912969168290033
2018-10-27 06:03:00,0.22363471763327425
2018-10-27 06:06:00,0.27562855901538796
2018-10-27 06:09:00,0.17908458102783698
2018-10-27 06:12:00,0.1330854829340069
2018-10-27 06:15:00,0.20309257962310312
2018-10-27 06:18:00,0.13303553374305466
2018-10-27 06:21:00,0.21607433031192613
2018-10-27 06:24:00,0.25872444970150354
2018-10-27 06:27:00,0.19600079085518018
2018-10-27 06:30:00,0.24485029684205983
2018-10-27 06:33:00,0.15848599991801393
2018-10-27 06:36:00,0.27757136310526676
2018-10-27 06:39:00,0.2015976449766299
2018-10-27 06:42:00,0.16370164452717972
2018-10-27 06:45:00,0.1503777421560244
2018-10-27 06:48:00,0.18229844534192807
2018-10-27 06:51:00,0.23982770657988794
2018-10-27 06:54:00,0.21073044167115995
2018-10-27 06:57:00,0.22591913316847467
2018-10-27 07:00:00,0.2032648706555733
2018-10-27 07:03:00,0.2936394944567837
2018-10-27 07:06:00,0.2344418196338438
2018-10-27 07:09:00,0.2307233886369886
2018-10-27 07:12:00,0.11840467803449428
2018-10-27 07:15:00,0.24930299367520092
2018-10-27 07:18:00,0.13982543851017226
2018-10-27 07:21:00,0.207525889846238
2018-10-27 07:24:00,0.2088190679189097
2018-10-27 07:27:00,0.22038542606367173
2018-10-27 07:30:00,0.11876138117344226
2018-10-27 07:33:00,0.11732208057816251
2018-10-27 07:36:00,0.1735203734755828
2018-10-27 07:39:00,0.09477053416378567
2018-10-27 07:42:00,0.2141632751420275
2018-10-27 07:45:00,0.18080229248050728
2018-10-27 07:48:00,0.20960317047570243
2018-10-27 07:51:00,0.18996142145050499
2018-10-27 07:54:00,0.1373971681708781
2018-10-27 07:57:00,0.061225538581027195
2018-10-27 08:00:00,0.14513554588853594
2018-10-27 08:03:00,0.1640000237135837
2018-10-27 08:06:00,0.04456779334634575
2018-10-27 08:09:00,0.034879093066365385
2018-10-27 08:12:00,0.021017082826119804
2018-10-27 08:15:00,0.05403011857089268
2018-10-27 08:18:00,0.06606044803794475
2018-10-27 08:21:00,0.05146210853132516
2018-10-27 08:24:00,0.054867580047982756
2018-10-27 08:27:00,-0.005239460835525733
2018-10-27 08:30:00,0.026356500565555052
2018-10-27 08:33:00,-0.04958071989420887
2018-10-27 08:36:00,0.067904919396085
2018-10-27 08:39:00,0.011861906202227601
2018-10-27 08:42:00,0.025457317520647393
2018-10-27 08:45:00,-0.04246285032911601
2018-10-27 08:48:00,0.027855277843229942
2018-10-27 08:51:00,0.018677840883128738
2018-10-27 08:54:00,0.06172737120982674
2018-10-27 08:57:00,-0.014502293513544373
2018-10-27 09:00:00,0.022698636967618313
2018-10-27 09:03:00,-0.002878746097678686
2018-10-27 09:06:00,-0.11655661248107663
2018-10-27 09:09:00,-0.08100801827799842
2018-10-27 09:12:00,0.09643452928969509
2018-10-27 09:15:00,0.03007064455488262
2018-10-27 09:18:00,0.035652826458260733
2018-10-27 09:21:00,-0.0962794387863255
2018-10-27 09:24:00,-0.0006965231276581108
2018-10-27 09:27:00,-0.04580568578319344
2018-10-27 09:30:00,0.03736386847583617
2018-10-27 09:33:00,-0.04436877499961156
2018-10-27 09:36:00,-0.09477024668285594
2018-10-27 09:39:00,-0.10030395820865579
2018-10-27 09:42:00,-0.15716369970152755
2018-10-27 09:45:00,-0.18424390998995932
2018-10-27 09:48:00,-0.16212628766163562
2018-10-27 09:51:00,-0.1783793484177636
2018-10-27 09:54:00,-0.15223044226053162
2018-10-27 09:57:00,-0.08761104811105724
2018-10-27 10:00:00,-0.1472451164145241
2018-10-27 10:03:00,-0.02074878544050307
2018-10-27 10:06:00,-0.19768961794335382
2018-10-27 10:09:00,-0.16602888369300217
2018-10-27 10:12:00,-0.14732332335245246
2018-10-27 10:15:00,-0.07128918057276223
2018-10-27 10:18:00,-0.028048256952217798
2018-10-27 10:21:00,-0.06216869024206062
2018-10-27 10:24:00,-0.04347965174002866
2018-10-27 10:27:00,0.03542384169037405
2018-10-27 10:30:00,0.08348846055019976
2018-10-27 10:33:00,-0.061851487646379155
2018-10-27 10:36:00,-0.07183197490655857
2018-10-27 10:39:00,-0.12986182030982718
2018-10-27 10:42:00,-0.04722295891178874
2018-10-27 10:45:00,-0.15623904780665043
2018-10-27 10:48:00,-0.11480544168284723
2018-10-27 10:51:00,-0.012013625933150252
2018-10-27 10:54:00,-0.15044422932299994
2018-10-27 10:57:00,-0.1576448997566331
2018-10-27 11:00:00,0.0005781015083812235
2018-10-27 11:03:00,-0.06210943906546618
2018-10-27 11:06:00,-0.0030743562916200062
2018-10-27 11:09:00,-0.016402730609570426
2018-10-27 11:12:00,-0.09135811667835014
2018-10-27 11:15:00,-0.04806256922529428
2018-10-27 11:18:00,-0.08945165832665225
2018-10-27 11:21:00,0.055844257975252276
2018-10-27 11:24:00,-0.07726816225641642
2018-10-27 11:27:00,-0.1567523125940511
2018-10-27 11:30:00,0.009909310472039579
2018-10-27 11:33:00,-0.009112194787178396
2018-10-27 11:36:00,-0.029298266560999764
2018-10-27 11:39:00,0.13590643406121217
2018-10-27 11:42:00,0.13808888275099207
2018-10-27 11:45:00,0.0035690045554588323
2018-10-27 11:48:00,-0.003112079642107801
2018-10-27 11:51:00,0.10605278420092645
2018-10-27 11:54:00,0.17002155929452556
2018-10-27 11:57:00,0.025328480226448846
2018-10-27 12:00:00,0.018349583886845267
2018-10-27 12:03:00,0.0719506700681336
2018-10-27 12:06:00,-0.1523653421093627
2018-10-27 12:09:00,-0.2094436985436232
2018-10-27 12:12:00,-0.25690134655388874
2018-10-27 12:15:00,-0.30197755174168606
2018-10-27 12:18:00,-0.2683190133463995
2018-10-27 12:21:00,-0.26027552075987614
2018-10-27 12:24:00,-0.26681300387190277
2018-10-27 12:27:00,-0.1278310529000919
2018-10-27 12:30:00,0.025128933333746772
2018-10-27 12:33:00,0.0559939432793044
2018-10-27 12:36:00,0.07798124382088645
2018-10-27 12:39:00,-0.025352326351423926
2018-10-27 12:42:00,0.10654674342157477
2018-10-27 12:45:00,0.13102961159819415
2018-10-27 12:48:00,0.05623784785376529
2018-10-27 12:51:00,-0.0862435840526814
2018-10-27 12:54:00,-0.028772135566043744
2018-10-27 12:57:00,-0.12632428868056422
2018-10-27 13:00:00,-0.13695357862684432
2018-10-27 13:03:00,-0.1327830234272369
2018-10-27 13:06:00,-0.06471769433295549
2018-10-27 13:09:00,-0.08230387959503105
2018-10-27 13:12:00,-0.09297294552402491
2018-10-27 13:15:00,-0.22344216972334152
2018-10-27 13:18:00,-0.2827322792335849
2018-10-27 13:21:00,-0.28998160368820436
2018-10-27 13:24:00,-0.31539132461108466
2018-10-27 13:27:00,-0.38832789136233714
2018-10-27 13:30:00,-0.24400793370966767
2018-10-27 13:33:00,-0.35993293310758645
2018-10-27 13:36:00,-0.3350699072226462
2018-10-27 13:39:00,-0.3054408255848102
2018-10-27 13:42:00,-0.16309227645342617
2018-10-27 13:45:00,-0.2793540910531078
2018-10-27 13:48:00,-0.20942156302260173
2018-10-27 13:51:00,-0.1484863746343308
2018-10-27 13:54:00,-0.16583551232258742
2018-10-27 13:57:00,-0.19798367148825946
2018-10-27 14:00:00,-0.20337812212926565
2018-10-27 14:03:00,-0.34425847671036536
2018-10-27 14:06:00,-0.2952351616571036
2018-10-27 14:09:00,-0.2600212518415219
2018-10-27 14:12:00,-0.23373157766985742
2018-10-27 14:15:00,-0.3041296962327351
2018-10-27 14:18:00,-0.3358622782492944
2018-10-27 14:21:00,-0.2638252130030878
2018-10-27 14:24:00,-0.14178484953851012
2018-10-27 14:27:00,-0.18593835991686092
2018-10-27 14:30:00,-0.24339190603279803
2018-10-27 14:33:00,-0.2035424422045935
2018-10-27 14:36:00,-0.15234970245484192
2018-10-27 14:39:00,-0.33975338988500425
2018-10-27 14:42:00,-0.2609177008252459
2018-10-27 14:45:00,-0.23936566206145926
2018-10-27 14:48:00,-0.19869196355159602
2018-10-27 14:51:00,-0.20610068500297984
2018-10-27 14:54:00,-0.31275368478247856
2018-10-27 14:57:00,-0.3996430126410928
2018-10-27 15:00:00,-0.4024897062082573
2018-10-27 15:03:00,-0.3171802143778564
2018-10-27 15:06:00,-0.37842995511590516
2018-10-27 15:09:00,-0.29158049782051876
2018-10-27 15:12:00,-0.4513400951645963
2018-10-27 15:15:00,-0.45666712359604844
2018-10-27 15:18:00,-0.42834294094961933
2018-10-27 15:21:00,-0.4356880609738596
2018-10-27 15:24:00,-0.5025206768630142
2018-10-27 15:27:00,-0.46207123113475745
2018-10-27 15:30:00,-0.383500523181624
2018-10-27 15:33:00,-0.3627592939189981
2018-10-27 15:36:00,-0.32668782922496575
2018-10-27 15:39:00,-0.2592621183428605
2018-10-27 15:42:00,-0.30614424056153666
2018-10-27 15:45:00,-0.29899596243888027
2018-10-27 15:48:00,-0.3175057549139524
2018-10-27 15:51:00,-0.42401661127894386
2018-10-27 15:54:00,-0.3858923060418533
2018-10-27 15:57:00,-0.4602328479144262
2018-10-27 16:00:00,-0.33936625244871266
2018-10-27 16:03:00,-0.3823070556709922
2018-10-27 16:06:00,-0.4445969315312368
2018-10-27 16:09:00,-0.45788014748387695
2018-10-27 16:12:00,-0.3989289469941468
2018-10-27 16:15:00,-0.5247145528422266
2018-10-27 16:18:00,-0.4437510040094139
2018-10-27 16:21:00,-0.39257958884712707
2018-10-27 16:24:00,-0.4895158048296935
2018-10-27 16:27:00,-0.3745454782372235
2018-10-27 16:30:00,-0.4451684159138267
2018-10-27 16:33:00,-0.45122688828917035
2018-10-27 16:36:00,-0.3630233125011273
2018-10-27 16:39:00,-0.388604133782394
2018-10-27 16:42:00,-0.4064082606399779
2018-10-27 16:45:00,-0.45788935624307214
2018-10-27 16:48:00,-0.42061473983790165
2018-10-27 16:51:00,-0.4640594582334643
2018-10-27 16:54:00,-0.3685643693556244
2018-10-27 16:57:00,-0.40096104915579645
2018-10-27 17:00:00,-0.4401002999321122
2018-10-27 17:03:00,-0.44116790590504706
2018-10-27 17:06:00,-0.3977109461394548
2018-10-27 17:09:00,-0.336854589946995
2018-10-27 17:12:00,-0.3207881984946539
2018-10-27 17:15:00,-0.3486490636481676
2018-10-27 17:18:00,-0.45004451842299886
2018-10-27 17:21:00,-0.3521659096544454
2018-10-27 17:24:00,-0.2023946835741981
2018-10-27 17:27:00,-0.23596203131774018
2018-10-27 17:30:00,-0.1749510960430598
2018-10-27 17:33:00,-0.10363856106170033
2018-10-27 17:36:00,-0.16117679472483815
2018-10-27 17:39:00,-0.2504765190348053
2018-10-27 17:42:00,-0.06922931004760358
2018-10-27 17:45:00,-0.18427804251416546
2018-10-27 17:48:00,-0.17682112264981242
2018-10-27 17:51:00,-0.10994614462873642
2018-10-27 17:54:00,-0.08504023380737635
2018-10-27 17:57:00,-0.14768256710328842
2018-10-27 18:00:00,-0.10251810710326481
2018-10-27 18:03:00,-0.10841992602661321
2018-10-27 18:06:00,-0.11951970763618647
2018-10-27 18:09:00,-0.025680555624433055
2018-10-27 18:12:00,-0.04898168579580897
2018-10-27 18:15:00,0.021704400203304886
2018-10-27 18:18:00,-0.03925367231704513
2018-10-27 18:21:00,0.017447019189944513
2018-10-27 18:24:00,-0.06836646456599738
2018-10-27 18:27:00,0.00305098797679193
2018-10-27 18:30:00,-0.04206067962127236
2018-10-27 18:33:00,-0.05877629900999182
2018-10-27 18:36:00,0.00278498192801635
2018-10-27 18:39:00,-0.02124537004795002
2018-10-27 18:42:00,0.02874358448275416
2018-10-27 18:45:00,-0.0028886187473631253
2018-10-27 18:48:00,0.015850422074663584
2018-10-27 18:51:00,0.030350705735258998
2018-10-27 18:54:00,
2018-10-27 18:57:00,
2018-10-27 19:00:00,
2018-10-27 19:03:00,0.07198211992835013
2018-10-27 19:06:00,0.013345888248807114
2018-10-27 19:09:00,0.0025481142484409247
2018-10-27 19:12:00,-0.010323672502636327
2018-10-27 19:15:00,-0.021137269219366317
2018-10-27 19:18:00,-0.013793893767626741
2018-10-27 19:21:00,0.023339384593725754
2018-10-27 19:24:00,0.0898813198324433
2018-10-27 19:27:00,0.03391411963087876
2018-10-27 19:30:00,-0.009276136178755223
2018-10-27 19:33:00,0.028410297324683143
2018-10-27 19:36:00,0.055105184239835125
2018-10-27 19:39:00,0.0076433920262957145
2018-10-27 19:42:00,-0.005997192360212011
2018-10-27 19:45:00,0.055400743637051164
2018-10-27 19:48:00,0.046489237358400715
2018-10-27 19:51:00,0.1457469503789639
2018-10-27 19:54:00,0.0837557128699018
2018-10-27 19:57:00,0.05689028702988708
2018-10-27 20:00:00,0.04927359428370437
2018-10-27 20:03:00,0.07274611717116386
2018-10-27 20:06:00,0.08402318937470454
2018-10-27 20:09:00,0.05441023416108237
2018-10-27 20:12:00,0.007267605434719826
2018-10-27 20:15:00,-0.03813264587569165
2018-10-27 20:18:00,0.03228664408726445
2018-10-27 20:21:00,0.08393834658880905
2018-10-27 20:24:00,0.13282363342045755
2018-10-27 20:27:00,0.11275533493034118
2018-10-27 20:30:00,0.09537477389272908
2018-10-27 20:33:00,0.07006396276705118
2018-10-27 20:36:00,0.11237169978801376
2018-10-27 20:39:00,0.04471927393541364
2018-10-27 20:42:00,0.0491284656191624
2018-10-27 20:45:00,-0.018272355084718583
2018-10-27 20:48:00,-0.0038823802210004033
2018-10-27 20:51:00,0.05276200953983334
2018-10-27 20:54:00,0.021344387913529772
2018-10-27 20:57:00,0.11148872564530166
2018-10-27 21:00:00,0.09580285077083772
2018-10-27 21:03:00,0.08210407893966476
2018-10-27 21:06:00,0.12904930899685496
2018-10-27 21:09:00,0.0443623624198608
2018-10-27 21:12:00,0.1248633661545
2018-10-27 21:15:00,0.1060028587211832
2018-10-27 21:18:00,0.1342682584826207
2018-10-27 21:21:00,0.025736412356536675
2018-10-27 21:24:00,0.12766255334139487
2018-10-27 21:27:00,0.11791234374936721
2018-10-27 21:30:00,0.1416028968309888
2018-10-27 21:33:00,0.06641090250474235
2018-10-27 21:36:00,0.05609270237641795
2018-10-27 21:39:00,0.0490284190053103
2018-10-27 21:42:00,0.14443138768734798
2018-10-27 21:45:00,0.09329447333226426
2018-10-27 21:48:00,0.133991447509743
2018-10-27 21:51:00,0.1501657713473037
2018-10-27 21:54:00,0.0731208788248523
2018-10-27 21:57:00,0.06619423688653114
2018-10-27 22:00:00,0.09027223498173953
2018-10-27 22:03:00,0.08743471252978452
2018-10-27 22:06:00,0.1396109125627163
2018-10-27 22:09:00,0.16206387851195814
2018-10-27 22:12:00,0.03491459052946766
2018-10-27 22:15:00,0.11192306244652173
2018-10-27 22:18:00,0.11639374211665654
2018-10-27 22:21:00,0.011083149666319514
2018-10-27 22:24:00,0.053233494300457096
2018-10-27 22:27:00,0.1308780038025361
2018-10-27 22:30:00,0.07624486458450974
2018-10-27 22:33:00,0.12755421255457122
2018-10-27 22:36:00,0.02531327251745097
2018-10-27 22:39:00,0.13497663735216747
2018-10-27 22:42:00,0.18176565691396718
2018-10-27 22:45:00,0.1265772292356928
2018-10-27 22:48:00,0.055551091692564114
2018-10-27 22:51:00,0.08841041906447344
2018-10-27 22:54:00,0.11917421837245001
2018-10-27 22:57:00,0.042245691326627366
2018-10-27 23:00:00,0.1352030246306981
2018-10-27 23:03:00,0.07123595253546
2018-10-27 23:06:00,0.06920584026244114
2018-10-27 23:09:00,0.12884073707897414
2018-10-27 23:12:00,0.08703316740189848
2018-10-27 23:15:00,0.06429162375462738
2018-10-27 23:18:00,0.05505651781220422
2018-10-27 23:21:00,0.0808885567297466
2018-10-27 23:24:00,0.07566523722681495
2018-10-27 23:27:00,0.09843716784672552
2018-10-27 23:30:00,0.12116612728146947
2018-10-27 23:33:00,0.04996723922232604
2018-10-27 23:36:00,0.07993298488810296
2018-10-27 23:39:00,0.1574689241726901
2018-10-27 23:42:00,0.07167971957790087
2018-10-27 23:45:00,0.1141910228427605
2018-10-27 23:48:00,0.19879564626984347
2018-10-27 23:51:00,0.2717898179128042
2018-10-27 23:54:00,0.14163323628235958
2018-10-27 23:57:00,0.2045079396373808
2018-10-28 00:00:00,0.18173043089973362
2018-10-28 00:03:00,0.15580532376617384
2018-10-28 00:06:00,0.23817577074299834
2018-10-28 00:09:00,0.17903313656717046
2018-10-28 00:12:00,0.21201541837672266
2018-10-28 00:15:00,0.14932825527728255
2018-10-28 00:18:00,0.24725039184130537
2018-10-28 00:21:00,0.17549687869393438
2018-10-28 00:24:00,0.15840600913367098
2018-10-28 00:27:00,0.1941783409178015
2018-10-28 00:30:00,0.019738765427348426
2018-10-28 00:33:00,0.2685434887634415
2018-10-28 00:36:00,0.14360293861830087
2018-10-28 00:39:00,0.21164551232118356
2018-10-28 00:42:00,0.20906983010610247
2018-10-28 00:45:00,0.16583687890556575
2018-10-28 00:48:00,0.08946344539504025
2018-10-28 00:51:00,0.24047400351054193
2018-10-28 00:54:00,0.1791328222100219
2018-10-28 00:57:00,0.04497732688338374
2018-10-28 01:00:00,0.18123263222634023
2018-10-28 01:03:00,0.1593749619476057
2018-10-28 01:06:00,0.2115707397241522
2018-10-28 01:09:00,0.21657820943011075
2018-10-28 01:12:00,0.20070004795775276
2018-10-28 01:15:00,0.18419178493365962
2018-10-28 01:18:00,0.16911986172857496
2018-10-28 01:21:00,0.19240301055123155
2018-10-28 01:24:00,0.11987600594011383
2018-10-28 01:27:00,0.22508189288771518
2018-10-28 01:30:00,0.2572741590753367
2018-10-28 01:33:00,0.13072043892094598
2018-10-28 01:36:00,0.1960281321023558
2018-10-28 01:39:00,0.2617450492211333
2018-10-28 01:42:00,0.10496805045607971
2018-10-28 01:45:00,0.23605722930227557
2018-10-28 01:48:00,0.2388703689670706
2018-10-28 01:51:00,0.25805120023005657
2018-10-28 01:54:00,0.27549827962781137
2018-10-28 01:57:00,0.27104778808626406
2018-10-28 02:00:00,0.2092362253518445
2018-10-28 02:03:00,0.2368721803001108
2018-10-28 02:06:00,0.3015753356762616
2018-10-28 02:09:00,0.28640639033858406
2018-10-28 02:12:00,0.21804439764719064
2018-10-28 02:15:00,0.2633567860035555
2018-10-28 02:18:00,0.22391626094537287
2018-10-28 02:21:00,0.19047090121864585
2018-10-28 02:24:00,0.19736350469810304
2018-10-28 02:27:00,0.3312877189965775
2018-10-28 02:30:00,0.27202656972002615
2018-10-28 02:33:00,0.2981783958922506
2018-10-28 02:36:00,0.20644585936520343
2018-10-28 02:39:00,0.23549712349887386
2018-10-28 02:42:00,0.2910909478388817
2018-10-28 02:45:00,0.23766771483707316
2018-10-28 02:48:00,0.252525478154098
2018-10-28 02:51:00,0.25659779520157144
2018-10-28 02:54:00,0.28313483139288564
2018-10-28 02:57:00,0.2291971213484203
2018-10-28 03:00:00,0.2901513063168295
2018-10-28 03:03:00,0.2661307679192646
2018-10-28 03:06:00,0.2930668497494935
2018-10-28 03:09:00,0.23230235829527146
2018-10-28 03:12:00,0.32454270878673697
2018-10-28 03:15:00,0.40460468127076865
2018-10-28 03:18:00,0.27937703544847636
2018-10-28 03:21:00,0.3316278415623515
2018-10-28 03:24:00,0.3023759476619148
2018-10-28 03:27:00,0.33399704094455274
2018-10-28 03:30:00,0.34257237193600076
2018-10-28 03:33:00,0.24761284509713732
2018-10-28 03:36:00,0.190976479985693
2018-10-28 03:39:00,0.25170655527080044
2018-10-28 03:42:00,0.12660786006091485
2018-10-28 03:45:00,0.1602737674137984
2018-10-28 03:48:00,0.2398548455058176
2018-10-28 03:51:00,0.22327167819679516
2018-10-28 03:54:00,0.2564021388091646
2018-10-28 03:57:00,0.2167860351664217
2018-10-28 04:00:00,0.33910860709835333
2018-10-28 04:03:00,0.29145885078725087
2018-10-28 04:06:00,0.2709707781979205
2018-10-28 04:09:00,0.2960825694959226
2018-10-28 04:12:00,0.21337408755510978
2018-10-28 04:15:00,0.29907550500126945
2018-10-28 04:18:00,0.2289705586973696
2018-10-28 04:21:00,0.2873242801893525
2018-10-28 04:24:00,0.30887423636193034
2018-10-28 04:27:00,0.2755982183081187
2018-10-28 04:30:00,0.31825817149763225
2018-10-28 04:33:00,0.354095093411388
2018-10-28 04:36:00,0.29963208609751746
2018-10-28 04:39:00,0.3109922352212493
2018-10-28 04:42:00,0.24294464765853263
2018-10-28 04:45:00,0.31186535385586467
2018-10-28 04:48:00,0.2741356446833265
2018-10-28 04:51:00,0.2984084251846184
2018-10-28 04:54:00,0.3222865594087807
2018-10-28 04:57:00,0.3392213333239056
2018-10-28 05:00:00,0.27578406027339497
2018-10-28 05:03:00,0.2902904634878496
2018-10-28 05:06:00,0.28972596220933156
2018-10-28 05:09:00,0.2872309829274968
2018-10-28 05:12:00,0.27851912939092927
2018-10-28 05:15:00,0.30597580806283986
2018-10-28 05:18:00,0.307831773625594
2018-10-28 05:21:00,0.34511424681960534
2018-10-28 05:24:00,0.29096946814769353
2018-10-28 05:27:00,0.2435445588547509
2018-10-28 05:30:00,0.3746600866303993
2018-10-28 05:33:00,0.3258479683800033
2018-10-28 05:36:00,0.26410175099908884
2018-10-28 05:39:00,0.290853839278725
2018-10-28 05:42:00,0.44208869116522465
2018-10-28 05:45:00,0.33715608317032775
2018-10-28 05:48:00,0.23940223920754988
2018-10-28 05:51:00,0.26912777641848606
2018-10-28 05:54:00,0.3277138789423475
2018-10-28 05:57:00,0.3600934370397795
2018-10-28 06:00:00,0.20951617020307367
2018-10-28 06:03:00,0.2757518290911207
2018-10-28 06:06:00,0.32820098275328746
2018-10-28 06:09:00,0.3000762096767744
2018-10-28 06:12:00,0.312220381252871
2018-10-28 06:15:00,0.4535849958271001
2018-10-28 06:18:00,0.3808004831818721
2018-10-28 06:21:00,0.4556977985519097
2018-10-28 06:24:00,0.2804474673908999
2018-10-28 06:27:00,0.3356355635921773
2018-10-28 06:30:00,0.28587085191776396
2018-10-28 06:33:00,0.3796284923407143
2018-10-28 06:36:00,0.32441988779083886
2018-10-28 06:39:00,0.3360175132536938
2018-10-28 06:42:00,0.2994737721468823
2018-10-28 06:45:00,0.2926563460347893
2018-10-28 06:48:00,0.2664083961844881
2018-10-28 06:51:00,0.3499090443402224
2018-10-28 06:54:00,0.3699020205743295
2018-10-28 06:57:00,0.30748470507779757
2018-10-28 07:00:00,0.24371881436854892
2018-10-28 07:03:00,0.3264894337116857
2018-10-28 07:06:00,0.25105506531605215
2018-10-28 07:09:00,0.30769211706592614
2018-10-28 07:12:00,0.28192501224532407
2018-10-28 07:15:00,0.2510101540862024
2018-10-28 07:18:00,0.31481165757321605
2018-10-28 07:21:00,0.3976636408112313
2018-10-28 07:24:00,0.30279449100487454
2018-10-28 07:27:00,0.223134786093226
2018-10-28 07:30:00,0.3655076802607482
2018-10-28 07:33:00,0.25185057078005
2018-10-28 07:36:00,0.25161627555581845
2018-10-28 07:39:00,0.29797668951277956
2018-10-28 07:42:00,0.3578381865699498
2018-10-28 07:45:00,0.34410333425751105
2018-10-28 07:48:00,0.2841183392602602
2018-10-28 07:51:00,0.22717031582112668
2018-10-28 07:54:00,0.24921640996626593
2018-10-28 07:57:00,0.28582369395780916
2018-10-28 08:00:00,0.21357195688028696
2018-10-28 08:03:00,0.20897382351108718
2018-10-28 08:06:00,0.26657962282700964
2018-10-28 08:09:00,0.1322967775820416
2018-10-28 08:12:00,0.19355212443576875
2018-10-28 08:15:00,0.12120701124007383
2018-10-28 08:18:00,0.18246504743473224
2018-10-28 08:21:00,0.08296375021524227
2018-10-28 08:24:00,0.15783322074952366
2018-10-28 08:27:00,0.03577856383310518
2018-10-28 08:30:00,0.0866181810802118
2018-10-28 08:33:00,0.1925913761414222
2018-10-28 08:36:00,0.013825186215626672
2018-10-28 08:39:00,0.04318785331793151
2018-10-28 08:42:00,0.06552745132898963
2018-10-28 08:45:00,-0.0726604059610736
2018-10-28 08:48:00,0.04486942596759036
2018-10-28 08:51:00,0.04980146656470197
2018-10-28 08:54:00,0.05035704813758457
2018-10-28 08:57:00,-0.03313013948968546
2018-10-28 09:00:00,-0.06915738055562315
2018-10-28 09:03:00,0.0327724255135422
2018-10-28 09:06:00,-0.018864565965088786
2018-10-28 09:09:00,-0.060048718863811246
2018-10-28 09:12:00,-0.07323377081382887
2018-10-28 09:15:00,-0.017157874113308935
2018-10-28 09:18:00,0.07031221449341274
2018-10-28 09:21:00,-0.02580061019648383
2018-10-28 09:24:00,-0.10810694445598301
2018-10-28 09:27:00,-0.07321731433444256
2018-10-28 09:30:00,-0.07782311214697302
2018-10-28 09:33:00,0.01802552515101752
2018-10-28 09:36:00,-0.08353959631716634
2018-10-28 09:39:00,-0.1374191282198467
2018-10-28 09:42:00,-0.20004453096851194
2018-10-28 09:45:00,-0.08673614702598798
2018-10-28 09:48:00,-0.18660936546785933
2018-10-28 09:51:00,-0.21291456189169367
2018-10-28 09:54:00,-0.2555866365277666
2018-10-28 09:57:00,-0.25795206864899
2018-10-28 10:00:00,-0.0791241382819976
2018-10-28 10:03:00,-0.16884273237360503
2018-10-28 10:06:00,-0.09182595798404236
2018-10-28 10:09:00,-0.1508125115649932
2018-10-28 10:12:00,-0.28615199054797813
2018-10-28 10:15:00,-0.24642266994004558
2018-10-28 10:18:00,-0.22455494012012878
2018-10-28 10:21:00,-0.2971367572871486
2018-10-28 10:24:00,-0.21445120338609058
2018-10-28 10:27:00,-0.31085123820804483
2018-10-28 10:30:00,-0.2573410476861113
2018-10-28 10:33:00,-0.29412318777309565
2018-10-28 10:36:00,-0.2495940583794436
2018-10-28 10:39:00,-0.22814927914168948
2018-10-28 10:42:00,-0.2645377626655545
2018-10-28 10:45:00,-0.21372872766721684
2018-10-28 10:48:00,-0.28150536099303736
2018-10-28 10:51:00,-0.19295324633918653
2018-10-28 10:54:00,-0.11807996175861035
2018-10-28 10:57:00,-0.334235247392769
2018-10-28 11:00:00,-0.1367523322117563
2018-10-28 11:03:00,-0.1883432746942617
2018-10-28 11:06:00,-0.0917937893568137
2018-10-28 11:09:00,-0.07807090737452427
2018-10-28 11:12:00,-0.13974865252447444
2018-10-28 11:15:00,-0.13406168809450492
2018-10-28 11:18:00,-0.38468201775020816
2018-10-28 11:21:00,-0.19832432759665153
2018-10-28 11:24:00,-0.29968040918657834
2018-10-28 11:27:00,-0.21980748872863387
2018-10-28 11:30:00,-0.28188315653744667
2018-10-28 11:33:00,-0.3264688119101038
2018-10-28 11:36:00,-0.2063772553144645
2018-10-28 11:39:00,-0.16093292466553066
2018-10-28 11:42:00,-0.15237977625713484
2018-10-28 11:45:00,-0.2156137134354026
2018-10-28 11:48:00,-0.14104613151306467
2018-10-28 11:51:00,-0.19733727840537085
2018-10-28 11:54:00,-0.3508396448686426
2018-10-28 11:57:00,-0.23332944032688374
2018-10-28 12:00:00,-0.23470885713385314
2018-10-28 12:03:00,-0.11823757659573175
2018-10-28 12:06:00,-0.3655950468905189
2018-10-28 12:09:00,-0.3706753371233731
2018-10-28 12:12:00,-0.2638080374517813
2018-10-28 12:15:00,-0.13761529867173294
2018-10-28 12:18:00,-0.18911570786252696
2018-10-28 12:21:00,-0.18348400168667922
2018-10-28 12:24:00,-0.3205341137991127
2018-10-28 12:27:00,-0.4072041698593125
2018-10-28 12:30:00,-0.44089789483314235
2018-10-28 12:33:00,-0.3819592814937778
2018-10-28 12:36:00,-0.37843729951833893
2018-10-28 12:39:00,-0.32646284056863806
2018-10-28 12:42:00,-0.40265292225541316
2018-10-28 12:45:00,-0.37835178255051005
2018-10-28 12:48:00,-0.45735071981903275
2018-10-28 12:51:00,-0.2670115281507037
2018-10-28 12:54:00,-0.3922828993188432
2018-10-28 12:57:00,-0.40052478882739706
2018-10-28 13:00:00,-0.44953646306726114
2018-10-28 13:03:00,-0.33425586068312896
2018-10-28 13:06:00,-0.2425549325183738
2018-10-28 13:09:00,-0.2394221827780143
2018-10-28 13:12:00,-0.26558012996684965
2018-10-28 13:15:00,-0.3623019140908923
2018-10-28 13:18:00,-0.4076028089365309
2018-10-28 13:21:00,-0.2552913392860887
2018-10-28 13:24:00,-0.3778579208170072
2018-10-28 13:27:00,-0.4120333593664327
2018-10-28 13:30:00,-0.3204639919524652
2018-10-28 13:33:00,-0.4318248642233584
2018-10-28 13:36:00,-0.5488433028680788
2018-10-28 13:39:00,-0.5210369985771877
2018-10-28 13:42:00,-0.4380493510287238
2018-10-28 13:45:00,-0.3590396179874915
2018-10-28 13:48:00,-0.4589749890602093
2018-10-28 13:51:00,-0.35370897714039984
2018-10-28 13:54:00,-0.36657028050188956
2018-10-28 13:57:00,-0.41507667907376344
2018-10-28 14:00:00,-0.43781204000703156
2018-10-28 14:03:00,-0.5835069358029727
2018-10-28 14:06:00,-0.4323620736985845
2018-10-28 14:09:00,-0.42787027077685025
2018-10-28 14:12:00,-0.41471769669044534
2018-10-28 14:15:00,-0.40005125579796186
2018-10-28 14:18:00,-0.4736316955758184
2018-10-28 14:21:00,-0.5349911371480403
2018-10-28 14:24:00,-0.46551799724335297
2018-10-28 14:27:00,-0.5059709385204769
2018-10-28 14:30:00,-0.3609794059906335
2018-10-28 14:33:00,-0.4520167127984678
2018-10-28 14:36:00,-0.3872868390376425
2018-10-28 14:39:00,-0.3846267123579423
2018-10-28 14:42:00,-0.45717796391926413
2018-10-28 14:45:00,-0.48398345829485834
2018-10-28 14:48:00,-0.347317821473041
2018-10-28 14:51:00,-0.4911057170932054
2018-10-28 14:54:00,-0.6001145690024714
2018-10-28 14:57:00,-0.5150999413236832
2018-10-28 15:00:00,-0.5023891591866914
2018-10-28 15:03:00,-0.5174044812566194
2018-10-28 15:06:00,-0.4088953291570192
2018-10-28 15:09:00,-0.4900766962306875
2018-10-28 15:12:00,-0.5252532261752663
2018-10-28 15:15:00,-0.535992419849606
2018-10-28 15:18:00,-0.4488276852161448
2018-10-28 15:21:00,-0.36025114613011056
2018-10-28 15:24:00,-0.4375661463001279
2018-10-28 15:27:00,-0.46827000285168197
2018-10-28 15:30:00,-0.40433793773036086
2018-10-28 15:33:00,-0.44883087724576853
2018-10-28 15:36:00,-0.2768547652621578
2018-10-28 15:39:00,-0.4481851111331139
2018-10-28 15:42:00,-0.4017465299929768
2018-10-28 15:45:00,-0.43058538653269807
2018-10-28 15:48:00,-0.29869283918799283
2018-10-28 15:51:00,-0.3922635825680345
2018-10-28 15:54:00,-0.4856132725618636
2018-10-28 15:57:00,-0.4042986503611701
2018-10-28 16:00:00,-0.5072723369099208
2018-10-28 16:03:00,-0.5822734447575613
2018-10-28 16:06:00,-0.46429662122790205
2018-10-28 16:09:00,-0.45572547287343923
2018-10-28 16:12:00,-0.4965322998239685
2018-10-28 16:15:00,-0.40688880491177315
2018-10-28 16:18:00,-0.4112380755353229
2018-10-28 16:21:00,-0.5045979743829889
2018-10-28 16:24:00,-0.4490257166407332
2018-10-28 16:27:00,-0.42377711000114004
2018-10-28 16:30:00,-0.3997876525002084
2018-10-28 16:33:00,-0.41804838077183604
2018-10-28 16:36:00,-0.4115858025652983
2018-10-28 16:39:00,-0.37673234497106023
2018-10-28 16:42:00,-0.32109583604011505
2018-10-28 16:45:00,-0.3047045457131503
2018-10-28 16:48:00,-0.40762209864396937
2018-10-28 16:51:00,-0.27143992272942796
2018-10-28 16:54:00,-0.1675253025002803
2018-10-28 16:57:00,-0.21205313837151607
2018-10-28 17:00:00,-0.2930251840556366
2018-10-28 17:03:00,-0.19706484802566138
2018-10-28 17:06:00,-0.21551639890287788
2018-10-28 17:09:00,-0.20076865062975457
2018-10-28 17:12:00,-0.1575401616400427
2018-10-28 17:15:00,-0.1437916616067696
2018-10-28 17:18:00,-0.13906976991080455
2018-10-28 17:21:00,-0.18250678484906757
2018-10-28 17:24:00,-0.14797223784432845
2018-10-28 17:27:00,-0.11796712528439457
2018-10-28 17:30:00,-0.0778788634314651
2018-10-28 17:33:00,-0.14758184172956135
2018-10-28 17:36:00,-0.11355507502639739
2018-10-28 17:39:00,-0.14703076637215418
2018-10-28 17:42:00,-0.008149224270539435
2018-10-28 17:45:00,-0.024441804855882765
2018-10-28 17:48:00,-0.0016857580971532116
2018-10-28 17:51:00,-0.05540066636854135
2018-10-28 17:54:00,0.021637475207455736
2018-10-28 17:57:00,0.04985930727679033
2018-10-28 18:00:00,0.06495372661765941
2018-10-28 18:03:00,-0.025651918639027826
2018-10-28 18:06:00,-0.013486077923801076
2018-10-28 18:09:00,0.06075024815049801
2018-10-28 18:12:00,-0.05455730721320151
2018-10-28 18:15:00,-0.0068116234711510515
2018-10-28 18:18:00,-0.0034157709117721424
2018-10-28 18:21:00,0.032418872439905044
2018-10-28 18:24:00,-0.0158068422867359
2018-10-28 18:27:00,0.001608680556046238
2018-10-28 18:30:00,-0.029947129474692247
2018-10-28 18:33:00,-0.01951352632937642
2018-10-28 18:36:00,-0.0618735695821897
2018-10-28 18:39:00,-0.027225378344269302
2018-10-28 18:42:00,-0.025821471546919383
2018-10-28 18:45:00,-0.0039907744677520895
2018-10-28 18:48:00,-0.029377599877136618
2018-10-28 18:51:00,-0.05157681304910966
2018-10-28 18:54:00,0.05129142526737951
2018-10-28 18:57:00,
2018-10-28 19:00:00,
2018-10-28 19:03:00,-0.06412600976000249
2018-10-28 19:06:00,0.018453646630916865
2018-10-28 19:09:00,0.08777106395120882
2018-10-28 19:12:00,-0.048924340386918175
2018-10-28 19:15:00,0.06940891745881572
2018-10-28 19:18:00,0.07052577021636353
2018-10-28 19:21:00,0.04334183979261752
2018-10-28 19:24:00,0.06395713108798873
2018-10-28 19:27:00,-0.02531585956080562
2018-10-28 19:30:00,0.0634934395565665
2018-10-28 19:33:00,0.005471497394239577
2018-10-28 19:36:00,0.04115993427149078
2018-10-28 19:39:00,0.023944147194015386
2018-10-28 19:42:00,0.008910705466234958
2018-10-28 19:45:00,-0.007446835022221876
2018-10-28 19:48:00,-0.044625696678679105
2018-10-28 19:51:00,0.11271782843249412
2018-10-28 19:54:00,-0.02352432850778996
2018-10-28 19:57:00,0.08917758931056596
2018-10-28 20:00:00,0.0538301774678871
2018-10-28 20:03:00,0.0816426762380047
2018-10-28 20:06:00,0.07175486728573333
2018-10-28 20:09:00,0.02569289537768782
2018-10-28 20:12:00,0.026219860548337692
2018-10-28 20:15:00,0.016626266375340037
2018-10-28 20:18:00,0.013912584256956961
2018-10-28 20:21:00,0.0320561591483397
2018-10-28 20:24:00,-0.06865722674848485
2018-10-28 20:27:00,0.06828736047719985
2018-10-28 20:30:00,0.10470821344495107
2018-10-28 20:33:00,-0.028940370852637898
2018-10-28 20:36:00,0.035849865129137015
2018-10-28 20:39:00,0.1627780058144026
2018-10-28 20:42:00,0.10618927101262443
2018-10-28 20:45:00,0.07156192729570421
2018-10-28 20:48:00,0.1963216315521663
2018-10-28 20:51:00,0.10850487892565752
2018-10-28 20:54:00,0.13011366312281325
2018-10-28 20:57:00,0.10544407035445147
2018-10-28 21:00:00,0.09104818398765246
2018-10-28 21:03:00,0.08321302531629726
2018-10-28 21:06:00,0.10782148650730505
2018-10-28 21:09:00,0.08926660446047663
2018-10-28 21:12:00,0.06612891866734572
2018-10-28 21:15:00,0.09077162283892903
2018-10-28 21:18:00,0.05031697928581025
2018-10-28 21:21:00,0.07482372902001089
2018-10-28 21:24:00,0.14695189045789903
2018-10-28 21:27:00,0.05280323669711606
2018-10-28 21:30:00,0.021714850467844826
2018-10-28 21:33:00,0.03680658448035956
2018-10-28 21:36:00,0.019650492658854546
2018-10-28 21:39:00,0.06580071115649844
2018-10-28 21:42:00,0.07829035680339302
2018-10-28 21:45:00,0.05117579045787579
2018-10-28 21:48:00,0.10933620271663358
2018-10-28 21:51:00,0.1209379843327838
2018-10-28 21:54:00,0.08162885892056693
2018-10-28 21:57:00,0.12075549681003395
2018-10-28 22:00:00,0.12040816336684657
2018-10-28 22:03:00,0.06737807872559642
2018-10-28 22:06:00,0.06461086373462877
2018-10-28 22:09:00,0.1149889142855045
2018-10-28 22:12:00,0.15643832220024478
2018-10-28 22:15:00,0.10350193499027682
2018-10-28 22:18:00,0.1157150674340528
2018-10-28 22:21:00,0.12118183127392967
2018-10-28 22:24:00,0.15183221486967113
2018-10-28 22:27:00,0.15356470377668074
2018-10-28 22:30:00,0.06068295188197226
2018-10-28 22:33:00,0.18372627757560167
2018-10-28 22:36:00,0.1250781295692036
2018-10-28 22:39:00,0.13393185516144968
2018-10-28 22:42:00,0.19872972113580545
2018-10-28 22:45:00,0.10058070520830142
2018-10-28 22:48:00,0.14040646230967013
2018-10-28 22:51:00,0.14336357540844347
2018-10-28 22:54:00,0.09562855580151108
2018-10-28 22:57:00,0.06334542352539074
2018-10-28 23:00:00,0.2445985624138416
2018-10-28 23:03:00,0.15215497836550185
2018-10-28 23:06:00,0.20053286080428734
2018-10-28 23:09:00,0.14447642293026774
2018-10-28 23:12:00,0.2397841535042744
2018-10-28 23:15:00,0.17999761819703508
2018-10-28 23:18:00,0.24048472554750333
2018-10-28 23:21:00,0.19422487982603798
2018-10-28 23:24:00,0.23343948260719571
2018-10-28 23:27:00,0.22960016378681303
2018-10-28 23:30:00,0.26594612141087737
2018-10-28 23:33:00,0.2234111523523552
2018-10-28 23:36:00,0.10222780008894006
2018-10-28 23:39:00,0.16362345294419356
2018-10-28 23:42:00,0.25395926227645305
2018-10-28 23:45:00,0.1760770921881658
2018-10-28 23:48:00,0.1810966577045292
2018-10-28 23:51:00,0.20976188776205618
2018-10-28 23:54:00,0.2094050538289025
2018-10-28 23:57:00,0.2868621996254319
2018-10-29 00:00:00,0.16446896377789244
2018-10-29 00:03:00,0.11765703341308154
2018-10-29 00:06:00,0.12961744385290785
2018-10-29 00:09:00,0.15777747850268042
2018-10-29 00:12:00,0.17255407554438307
2018-10-29 00:15:00,0.15092415403171344
2018-10-29 00:18:00,0.09764514241504685
2018-10-29 00:21:00,0.17970819190429665
2018-10-29 00:24:00,0.2647869083742762
2018-10-29 00:27:00,0.22389211963712796
2018-10-29 00:30:00,0.1782302304097243
2018-10-29 00:33:00,0.2118594255917401
2018-10-29 00:36:00,0.23128528977804308
2018-10-29 00:39:00,0.2500155301135578
2018-10-29 00:42:00,0.16948364353362422
2018-10-29 00:45:00,0.17280554776732515
2018-10-29 00:48:00,0.17083715456413984
2018-10-29 00:51:00,0.24554591988243146
2018-10-29 00:54:00,0.27921722651706204
2018-10-29 00:57:00,0.21918855825828132
2018-10-29 01:00:00,0.20721171612052558
2018-10-29 01:03:00,0.24518374522023123
2018-10-29 01:06:00,0.12801294257127438
2018-10-29 01:09:00,0.18458906154239685
2018-10-29 01:12:00,0.18711887921222115
2018-10-29 01:15:00,0.15370873581042588
2018-10-29 01:18:00,0.19945774531703364
2018-10-29 01:21:00,0.27370878566625834
2018-10-29 01:24:00,0.2101020585519109
2018-10-29 01:27:00,0.19852550045504813
2018-10-29 01:30:00,0.2843771293322561
2018-10-29 01:33:00,0.20090741123067346
2018-10-29 01:36:00,0.24392970392193547
2018-10-29 01:39:00,0.37584323920185625
2018-10-29 01:42:00,0.2470518701110791
2018-10-29 01:45:00,0.15963375543742586
2018-10-29 01:48:00,0.21762805123074713
2018-10-29 01:51:00,0.25520003677110026
2018-10-29 01:54:00,0.27213684004743754
2018-10-29 01:57:00,0.1945239957098579
2018-10-29 02:00:00,0.1573794447273258
2018-10-29 02:03:00,0.14495994528653
2018-10-29 02:06:00,0.26521060378536276
2018-10-29 02:09:00,0.2123836382099853
2018-10-29 02:12:00,0.15433069921567721
2018-10-29 02:15:00,0.20247084836745444
2018-10-29 02:18:00,0.1004397355016522
2018-10-29 02:21:00,0.2039422530272077
2018-10-29 02:24:00,0.2548207111208285
2018-10-29 02:27:00,0.15631861399441505
2018-10-29 02:30:00,0.1947529435020101
2018-10-29 02:33:00,0.23493596194072097
2018-10-29 02:36:00,0.1412995966197741
2018-10-29 02:39:00,0.25363331171064374
2018-10-29 02:42:00,0.21206422248928902
2018-10-29 02:45:00,0.30142245566293013
2018-10-29 02:48:00,0.22390479549818565
2018-10-29 02:51:00,0.2016007541803333
2018-10-29 02:54:00,0.23935813888726898
2018-10-29 02:57:00,0.2518471523626431
2018-10-29 03:00:00,0.36898675921582935
2018-10-29 03:03:00,0.3431623206329846
2018-10-29 03:06:00,0.33507155967822655
2018-10-29 03:09:00,0.19172675148945473
2018-10-29 03:12:00,0.2769248888286029
2018-10-29 03:15:00,0.31648213956441396
2018-10-29 03:18:00,0.2756929302783533
2018-10-29 03:21:00,0.3577160511658235
2018-10-29 03:24:00,0.47125091533439445
2018-10-29 03:27:00,0.3715733892003641
2018-10-29 03:30:00,0.4108827343612802
2018-10-29 03:33:00,0.3341825086838526
2018-10-29 03:36:00,0.3130541380430145
2018-10-29 03:39:00,0.2241699708541205
2018-10-29 03:42:00,0.2436609445691147
2018-10-29 03:45:00,0.27043693249396483
2018-10-29 03:48:00,0.23110259516863607
2018-10-29 03:51:00,0.2498767678605418
2018-10-29 03:54:00,0.20677891693475203
2018-10-29 03:57:00,0.08613818503368975
2018-10-29 04:00:00,0.19666517860173371
2018-10-29 04:03:00,0.1721196835740102
2018-10-29 04:06:00,0.09706491167298736
2018-10-29 04:09:00,0.1328265700945508
2018-10-29 04:12:00,0.20557014243416916
2018-10-29 04:15:00,0.12888605328294034
2018-10-29 04:18:00,0.26076346939095174
2018-10-29 04:21:00,0.21573363703043924
2018-10-29 04:24:00,0.1658491123495196
2018-10-29 04:27:00,0.1797712761913317
2018-10-29 04:30:00,0.20334167072081755
2018-10-29 04:33:00,0.1387328837756172
2018-10-29 04:36:00,0.13418891573223846
2018-10-29 04:39:00,0.2158503469974562
2018-10-29 04:42:00,0.1936130243523735
2018-10-29 04:45:00,0.18511559807404865
2018-10-29 04:48:00,0.1965007079223824
2018-10-29 04:51:00,0.23522551209072162
2018-10-29 04:54:00,0.13903058307903393
2018-10-29 04:57:00,0.1767558564642968
2018-10-29 05:00:00,0.22644829844819014
2018-10-29 05:03:00,0.1917468893266232
2018-10-29 05:06:00,0.2086276461720331
2018-10-29 05:09:00,0.16781452792469054
2018-10-29 05:12:00,0.22591975674816922
2018-10-29 05:15:00,0.21988333191313814
2018-10-29 05:18:00,0.19631317265191228
2018-10-29 05:21:00,0.19111240711600885
2018-10-29 05:24:00,0.172012786683581
2018-10-29 05:27:00,0.1482899785953009
2018-10-29 05:30:00,0.2561521769948172
2018-10-29 05:33:00,0.17689285993481008
2018-10-29 05:36:00,0.20696668949818786
2018-10-29 05:39:00,0.22481770368563048
2018-10-29 05:42:00,0.2036905195171812
2018-10-29 05:45:00,0.25741899472149044
2018-10-29 05:48:00,0.30328391647537956
2018-10-29 05:51:00,0.22371053502553195
2018-10-29 05:54:00,0.1701161196723433
2018-10-29 05:57:00,0.1542019500944889
2018-10-29 06:00:00,0.1742122409834792
2018-10-29 06:03:00,0.16610058387681192
2018-10-29 06:06:00,0.23284326144124634
2018-10-29 06:09:00,0.1742270121649767
2018-10-29 06:12:00,0.3268324342645883
2018-10-29 06:15:00,0.221480877839781
2018-10-29 06:18:00,0.23694580479718752
2018-10-29 06:21:00,0.1912936819777542
2018-10-29 06:24:00,0.270471118559783
2018-10-29 06:27:00,0.19667578944995512
2018-10-29 06:30:00,0.26629334324286447
2018-10-29 06:33:00,0.22263102238730426
2018-10-29 06:36:00,0.17982899770140648
2018-10-29 06:39:00,0.17586311263460175
2018-10-29 06:42:00,0.2774631155704128
2018-10-29 06:45:00,0.25712225707178504
2018-10-29 06:48:00,0.18399305461321092
2018-10-29 06:51:00,0.23716995826788434
2018-10-29 06:54:00,0.2085413170642596
2018-10-29 06:57:00,0.2426024032312739
2018-10-29 07:00:00,0.29642781444124466
2018-10-29 07:03:00,0.1653099934558213
2018-10-29 07:06:00,0.24101459776244383
2018-10-29 07:09:00,0.26678994891074126
2018-10-29 07:12:00,0.20854124797017448
2018-10-29 07:15:00,0.25877263632821723
2018-10-29 07:18:00,0.3192266307059981
2018-10-29 07:21:00,0.22500093032931545
2018-10-29 07:24:00,0.17981844110062184
2018-10-29 07:27:00,0.19129624069017837
2018-10-29 07:30:00,0.17450627643108874
2018-10-29 07:33:00,0.1592250975423326
2018-10-29 07:36:00,0.1560496985722466
2018-10-29 07:39:00,0.20172596075605043
2018-10-29 07:42:00,0.1646268468568337
2018-10-29 07:45:00,0.09717347282742139
2018-10-29 07:48:00,0.1043906046883194
2018-10-29 07:51:00,0.15630690072737252
2018-10-29 07:54:00,0.10161084991074176
2018-10-29 07:57:00,0.12616756083696146
2018-10-29 08:00:00,0.16393958748989235
2018-10-29 08:03:00,0.10633912742127904
2018-10-29 08:06:00,0.14491379593408737
2018-10-29 08:09:00,0.07953821176789688
2018-10-29 08:12:00,0.16123216263315499
2018-10-29 08:15:00,0.2201389825609681
2018-10-29 08:18:00,0.15846891841550814
2018-10-29 08:21:00,0.06036568159311173
2018-10-29 08:24:00,0.1699356091129971
2018-10-29 08:27:00,0.2183127023713496
2018-10-29 08:30:00,0.11586701986942671
2018-10-29 08:33:00,0.25043953418474985
2018-10-29 08:36:00,0.17185363380872332
2018-10-29 08:39:00,0.21231336259012323
2018-10-29 08:42:00,0.16590022919518788
2018-10-29 08:45:00,0.18521956855232702
2018-10-29 08:48:00,0.1627845307951361
2018-10-29 08:51:00,0.10382736714740304
2018-10-29 08:54:00,0.03305796328481847
2018-10-29 08:57:00,0.09275633896243107
2018-10-29 09:00:00,0.09044633966277615
2018-10-29 09:03:00,0.00952095894967897
2018-10-29 09:06:00,0.002856622752005933
2018-10-29 09:09:00,0.11539266885824873
2018-10-29 09:12:00,0.08981774358670691
2018-10-29 09:15:00,0.11250491195977474
2018-10-29 09:18:00,0.11361011248919795
2018-10-29 09:21:00,0.0364591713849336
2018-10-29 09:24:00,0.12918423914379673
2018-10-29 09:27:00,0.05107196648947365
2018-10-29 09:30:00,0.1485738528829188
2018-10-29 09:33:00,-0.008314450669331563
2018-10-29 09:36:00,0.052215390750802726
2018-10-29 09:39:00,0.0540020145415383
2018-10-29 09:42:00,-0.032864143283973135
2018-10-29 09:45:00,0.0018137511326017375
2018-10-29 09:48:00,0.11725948953335319
2018-10-29 09:51:00,-0.020540525742774207
2018-10-29 09:54:00,-0.025774701041484605
2018-10-29 09:57:00,-0.06554838412563413
2018-10-29 10:00:00,-0.059827477602141244
2018-10-29 10:03:00,0.014159039065532397
2018-10-29 10:06:00,0.055876037607276885
2018-10-29 10:09:00,-0.020036941609532732
2018-10-29 10:12:00,-0.13905977314618667
2018-10-29 10:15:00,-0.0567617355829384
2018-10-29 10:18:00,-0.11362650701295252
2018-10-29 10:21:00,-0.1218167565301087
2018-10-29 10:24:00,-0.043436492894045386
2018-10-29 10:27:00,-0.04462192521594943
2018-10-29 10:30:00,-0.08097440190812222
2018-10-29 10:33:00,0.012073657647533764
2018-10-29 10:36:00,-0.09366660628444379
2018-10-29 10:39:00,-0.08982975754281597
2018-10-29 10:42:00,-0.09215299089049722
2018-10-29 10:45:00,-0.07544152345849398
2018-10-29 10:48:00,-0.021505049435234014
2018-10-29 10:51:00,-0.11817358434797143
2018-10-29 10:54:00,-0.15843052312163763
2018-10-29 10:57:00,-0.04328017574709975
2018-10-29 11:00:00,-0.10688118806206148
2018-10-29 11:03:00,-0.016543568506392603
2018-10-29 11:06:00,-0.12915514376283
2018-10-29 11:09:00,-0.1803948248218603
2018-10-29 11:12:00,-0.15957027874975438
2018-10-29 11:15:00,-0.09924975055031382
2018-10-29 11:18:00,-0.2590616026880639
2018-10-29 11:21:00,-0.1273216676032689
2018-10-29 11:24:00,-0.16863670193708913
2018-10-29 11:27:00,-0.21613138684068645
2018-10-29 11:30:00,-0.22995003860285124
2018-10-29 11:33:00,-0.12944169875538591
2018-10-29 11:36:00,-0.07315702799775181
2018-10-29 11:39:00,-0.07500026335384291
2018-10-29 11:42:00,-0.10363908033372127
2018-10-29 11:45:00,-0.1364209382035142
2018-10-29 11:48:00,0.017167030677057937
2018-10-29 11:51:00,-0.04080491683129139
2018-10-29 11:54:00,-0.011103696090572157
2018-10-29 11:57:00,-0.04762773060735981
2018-10-29 12:00:00,-0.03207411476824973
2018-10-29 12:03:00,-0.05181095391856161
2018-10-29 12:06:00,-0.005457487095668512
2018-10-29 12:09:00,-0.004464182402159622
2018-10-29 12:12:00,0.006574247472940442
2018-10-29 12:15:00,-0.0413049809329209
2018-10-29 12:18:00,-0.08460208706588901
2018-10-29 12:21:00,-0.07309051060053662
2018-10-29 12:24:00,-0.1621256666381896
2018-10-29 12:27:00,-0.018145870104376627
2018-10-29 12:30:00,-0.10091065615665684
2018-10-29 12:33:00,-0.06734058683730382
2018-10-29 12:36:00,-0.10152057964251071
2018-10-29 12:39:00,-0.029509429109054963
2018-10-29 12:42:00,-0.09177726494414173
2018-10-29 12:45:00,-0.06304741506727396
2018-10-29 12:48:00,-0.1482412626546079
2018-10-29 12:51:00,-0.12061683509131171
2018-10-29 12:54:00,-0.14872142567111268
2018-10-29 12:57:00,-0.15392275716226322
2018-10-29 13:00:00,-0.19225181794467971
2018-10-29 13:03:00,-0.1535051180239293
2018-10-29 13:06:00,-0.09951211755623035
2018-10-29 13:09:00,-0.1681463689479301
2018-10-29 13:12:00,-0.07298310939233943
2018-10-29 13:15:00,-0.057976096262166266
2018-10-29 13:18:00,-0.09278539487132775
2018-10-29 13:21:00,-0.15703037797214847
2018-10-29 13:24:00,-0.08283779604192887
2018-10-29 13:27:00,-0.23130275552222201
2018-10-29 13:30:00,-0.021932959608420788
2018-10-29 13:33:00,-0.1583742055206585
2018-10-29 13:36:00,-0.0002997606309236289
2018-10-29 13:39:00,-0.124521669734861
2018-10-29 13:42:00,-0.1215557393011295
2018-10-29 13:45:00,-0.14275658896656296
2018-10-29 13:48:00,-0.061129470467051306
2018-10-29 13:51:00,-0.10225024050572529
2018-10-29 13:54:00,-0.20884509511927263
2018-10-29 13:57:00,-0.13452357811729598
2018-10-29 14:00:00,-0.11444255675041859
2018-10-29 14:03:00,-0.1516366822804116
2018-10-29 14:06:00,-0.1108210892846273
2018-10-29 14:09:00,-0.16499720115075434
2018-10-29 14:12:00,-0.18816130667113384
2018-10-29 14:15:00,-0.022468621825112223
2018-10-29 14:18:00,-0.17455956300949538
2018-10-29 14:21:00,-0.13427794782853653
2018-10-29 14:24:00,-0.21270552983889957
2018-10-29 14:27:00,-0.15048412535833222
2018-10-29 14:30:00,-0.28890691875977836
2018-10-29 14:33:00,-0.13650237937719112
2018-10-29 14:36:00,-0.1621533039350993
2018-10-29 14:39:00,-0.21267094983534207
2018-10-29 14:42:00,-0.17633838329879836
2018-10-29 14:45:00,-0.17777668599080698
2018-10-29 14:48:00,-0.25862392144262003
2018-10-29 14:51:00,-0.18534298647978176
2018-10-29 14:54:00,-0.20247734562343567
2018-10-29 14:57:00,-0.24656463026815345
2018-10-29 15:00:00,-0.14127882068584086
2018-10-29 15:03:00,-0.1685614212607902
2018-10-29 15:06:00,-0.07059306627974138
2018-10-29 15:09:00,-0.1848972420155519
2018-10-29 15:12:00,-0.050294979484931446
2018-10-29 15:15:00,-0.1442827658929673
2018-10-29 15:18:00,-0.17087834564483728
2018-10-29 15:21:00,-0.2656756160004079
2018-10-29 15:24:00,-0.2932468850265195
2018-10-29 15:27:00,-0.2633302327271281
2018-10-29 15:30:00,-0.24489938320277815
2018-10-29 15:33:00,-0.30067814500358736
2018-10-29 15:36:00,-0.26912982914683425
2018-10-29 15:39:00,-0.3259520144083581
2018-10-29 15:42:00,-0.3080087915415106
2018-10-29 15:45:00,-0.28756101290116476
2018-10-29 15:48:00,-0.250615139452691
2018-10-29 15:51:00,-0.31815949993676895
2018-10-29 15:54:00,-0.39421533906119066
2018-10-29 15:57:00,-0.2685345302800215
2018-10-29 16:00:00,-0.26106178194709173
2018-10-29 16:03:00,-0.30775136361631894
2018-10-29 16:06:00,-0.34556446586191214
2018-10-29 16:09:00,-0.26141802974751727
2018-10-29 16:12:00,-0.3390816495375475
2018-10-29 16:15:00,-0.21781712438070144
2018-10-29 16:18:00,-0.30795173175124546
2018-10-29 16:21:00,-0.28910449280050443
2018-10-29 16:24:00,-0.27453308284509603
2018-10-29 16:27:00,-0.24476885707667861
2018-10-29 16:30:00,-0.25422611704567544
2018-10-29 16:33:00,-0.310363240970446
2018-10-29 16:36:00,-0.3269352841794557
2018-10-29 16:39:00,-0.2841881567026121
2018-10-29 16:42:00,-0.33901018644559144
2018-10-29 16:45:00,-0.3090657578552509
2018-10-29 16:48:00,-0.3055292786094128
2018-10-29 16:51:00,-0.2603936628819383
2018-10-29 16:54:00,-0.3344075704183638
2018-10-29 16:57:00,-0.2474511156408994
2018-10-29 17:00:00,-0.17314058869169457
2018-10-29 17:03:00,-0.24837895469562454
2018-10-29 17:06:00,-0.2123211976602306
2018-10-29 17:09:00,-0.21314221445226167
2018-10-29 17:12:00,-0.23122452028582074
2018-10-29 17:15:00,-0.20745265778924704
2018-10-29 17:18:00,-0.15454205148478195
2018-10-29 17:21:00,-0.15671369181859518
2018-10-29 17:24:00,-0.22020549780199872
2018-10-29 17:27:00,-0.1945329884276248
2018-10-29 17:30:00,-0.1258322898949018
2018-10-29 17:33:00,-0.05975124178235092
2018-10-29 17:36:00,-0.1872898348074159
2018-10-29 17:39:00,-0.12953115013601746
2018-10-29 17:42:00,-0.15549516908328087
2018-10-29 17:45:00,-0.20170817518101103
2018-10-29 17:48:00,-0.1163497468028254
2018-10-29 17:51:00,-0.06825336823106909
2018-10-29 17:54:00,-0.19755425954969041
2018-10-29 17:57:00,-0.04949844536628234
2018-10-29 18:00:00,-0.20667505110463935
2018-10-29 18:03:00,-0.14256772720011668
2018-10-29 18:06:00,-0.07417299716161097
2018-10-29 18:09:00,-0.1580988990411356
2018-10-29 18:12:00,-0.07256105252349698
2018-10-29 18:15:00,0.0035933652769131186
2018-10-29 18:18:00,-0.06760559358832552
2018-10-29 18:21:00,-0.0178336109349857
2018-10-29 18:24:00,-0.028084788577928066
2018-10-29 18:27:00,-0.07776755879706343
2018-10-29 18:30:00,0.012562152983207397
2018-10-29 18:33:00,-0.0787220043519028
2018-10-29 18:36:00,-0.07069161115106226
2018-10-29 18:39:00,-0.0064306007201935245
2018-10-29 18:42:00,-0.016608096279128404
2018-10-29 18:45:00,0.05426284750291188
2018-10-29 18:48:00,-0.03720737202723967
2018-10-29 18:51:00,0.004558767788012119
2018-10-29 18:54:00,
2018-10-29 18:57:00,
2018-10-29 19:00:00,
2018-10-29 19:03:00,-0.05629511499580531
2018-10-29 19:06:00,-0.004501148021915924
2018-10-29 19:09:00,-0.0009529405227794996
2018-10-29 19:12:00,-0.02565338981298737
2018-10-29 19:15:00,0.038455405199783854
2018-10-29 19:18:00,0.017022876959515543
2018-10-29 19:21:00,0.0021862411242068447
2018-10-29 19:24:00,-0.011133606999294443
2018-10-29 19:27:00,0.05298010892363436
2018-10-29 19:30:00,-0.05527924101966164
2018-10-29 19:33:00,0.0975010249366619
2018-10-29 19:36:00,0.04252428416504017
2018-10-29 19:39:00,0.06303141355505204
2018-10-29 19:42:00,-0.015234246289935527
2018-10-29 19:45:00,0.010464090940331516
2018-10-29 19:48:00,0.016426430257638458
2018-10-29 19:51:00,-0.05139614549398175
2018-10-29 19:54:00,0.07614011021672695
2018-10-29 19:57:00,-0.020733129706059117
2018-10-29 20:00:00,0.05102223686458274
2018-10-29 20:03:00,0.05741660637693258
2018-10-29 20:06:00,0.05441217786932384
2018-10-29 20:09:00,-0.0015306635692695636
2018-10-29 20:12:00,-0.0063360544318697976
2018-10-29 20:15:00,0.09724875430953261
2018-10-29 20:18:00,0.10953322751925043
2018-10-29 20:21:00,0.023721219592971465
2018-10-29 20:24:00,0.12779404847583464
2018-10-29 20:27:00,0.1265221094670892
2018-10-29 20:30:00,0.09168292733733097
2018-10-29 20:33:00,0.10320218754856114
2018-10-29 20:36:00,0.051492418038094456
2018-10-29 20:39:00,0.06152203327502548
2018-10-29 20:42:00,0.05902934869533283
2018-10-29 20:45:00,0.04060647631467873
2018-10-29 20:48:00,0.03932178354102689
2018-10-29 20:51:00,-0.03210591059809076
2018-10-29 20:54:00,0.10574092077507657
2018-10-29 20:57:00,0.13023437289058393
2018-10-29 21:00:00,0.026682492511270084
2018-10-29 21:03:00,0.10635182947874
2018-10-29 21:06:00,0.11862503322925022
2018-10-29 21:09:00,0.10300258120366834
2018-10-29 21:12:00,0.1700442391896786
2018-10-29 21:15:00,0.08311923927328735
2018-10-29 21:18:00,0.13184259371610096
2018-10-29 21:21:00,0.17760172176349442
2018-10-29 21:24:00,0.0857254490139212
2018-10-29 21:27:00,0.05306276528762055
2018-10-29 21:30:00,0.12558975085426027
2018-10-29 21:33:00,0.15085899882433296
2018-10-29 21:36:00,0.08928208970513651
2018-10-29 21:39:00,0.22584599181266185
2018-10-29 21:42:00,0.05592476174052763
2018-10-29 21:45:00,0.0387322013107223
2018-10-29 21:48:00,0.028198751755780904
2018-10-29 21:51:00,0.10250606464001066
2018-10-29 21:54:00,-0.004858614466229483
2018-10-29 21:57:00,0.05627137532036386
2018-10-29 22:00:00,0.06323158442449994
2018-10-29 22:03:00,0.16016069772587116
2018-10-29 22:06:00,0.1593990870012476
2018-10-29 22:09:00,0.08228783253684924
2018-10-29 22:12:00,0.1872014562704294
2018-10-29 22:15:00,0.14338025263839427
2018-10-29 22:18:00,0.17002214336002908
2018-10-29 22:21:00,0.17490496393463673
2018-10-29 22:24:00,0.1454724908752496
2018-10-29 22:27:00,0.10700171034181949
2018-10-29 22:30:00,0.10211311070111151
2018-10-29 22:33:00,0.1927295944673233
2018-10-29 22:36:00,0.19866219967804
2018-10-29 22:39:00,0.08651107515402146
2018-10-29 22:42:00,0.15177736761643246
2018-10-29 22:45:00,0.197076757045636
2018-10-29 22:48:00,0.11921191204618253
2018-10-29 22:51:00,0.17430464130239898
2018-10-29 22:54:00,0.12711985804139658
2018-10-29 22:57:00,0.252439588660593
2018-10-29 23:00:00,0.1441239001058534
2018-10-29 23:03:00,0.13931356984363674
2018-10-29 23:06:00,0.15352942518717327
2018-10-29 23:09:00,0.18970373175289978
2018-10-29 23:12:00,0.180147353468044
2018-10-29 23:15:00,0.1656486725751165
2018-10-29 23:18:00,0.20016451987601158
2018-10-29 23:21:00,0.17480738645394922
2018-10-29 23:24:00,0.15185241821126283
2018-10-29 23:27:00,0.12494461848939409
2018-10-29 23:30:00,0.1483354633605245
2018-10-29 23:33:00,0.0756748771861453
2018-10-29 23:36:00,0.1661506461204567
2018-10-29 23:39:00,0.15770953820123168
2018-10-29 23:42:00,0.14720193993997555
2018-10-29 23:45:00,0.12403873825053324
2018-10-29 23:48:00,0.14022515009759218
2018-10-29 23:51:00,0.14489432133649416
2018-10-29 23:54:00,0.23067365068231993
2018-10-29 23:57:00,0.22164268350684324
2018-10-30 00:00:00,0.31284813192820593
2018-10-30 00:03:00,0.2037201584901709
2018-10-30 00:06:00,0.18710916778150022
2018-10-30 00:09:00,0.286136986851659
2018-10-30 00:12:00,0.2317854838311746
2018-10-30 00:15:00,0.13537336790449217
2018-10-30 00:18:00,0.1577541231115447
2018-10-30 00:21:00,0.11717507248994252
2018-10-30 00:24:00,0.18497935488829853
2018-10-30 00:27:00,0.26136975306781096
2018-10-30 00:30:00,0.31374707770316945
2018-10-30 00:33:00,0.2822531869201157
2018-10-30 00:36:00,0.23312726618962643
2018-10-30 00:39:00,0.29532008394085096
2018-10-30 00:42:00,0.20030891812564278
2018-10-30 00:45:00,0.21693599414732034
2018-10-30 00:48:00,0.2465152882092525
2018-10-30 00:51:00,0.17732113853583087
2018-10-30 00:54:00,0.18239204997695424
2018-10-30 00:57:00,0.2126989560539414
2018-10-30 01:00:00,0.1467279081499555
2018-10-30 01:03:00,0.16728497242922913
2018-10-30 01:06:00,0.22990101229811444
2018-10-30 01:09:00,0.250614646970007
2018-10-30 01:12:00,0.17444099767925536
2018-10-30 01:15:00,0.2381823914705592
2018-10-30 01:18:00,0.22780755936241803
2018-10-30 01:21:00,0.1401875986258574
2018-10-30 01:24:00,0.2120663680861412
2018-10-30 01:27:00,0.1512695524276637
2018-10-30 01:30:00,0.1611478413126406
2018-10-30 01:33:00,0.2583403356713916
2018-10-30 01:36:00,0.18123681254519397
2018-10-30 01:39:00,0.21890076213890097
2018-10-30 01:42:00,0.169007477541129
2018-10-30 01:45:00,0.22056747279884803
2018-10-30 01:48:00,0.2570229999388971
2018-10-30 01:51:00,0.1964909409994675
2018-10-30 01:54:00,0.23115027136287836
2018-10-30 01:57:00,0.24344515444602166
2018-10-30 02:00:00,0.19851260406113624
2018-10-30 02:03:00,0.27235711255377737
2018-10-30 02:06:00,0.2147564029086766
2018-10-30 02:09:00,0.23144717572120044
2018-10-30 02:12:00,0.2556423543404662
2018-10-30 02:15:00,0.2603701216837635
2018-10-30 02:18:00,0.12478152075453863
2018-10-30 02:21:00,0.23680660358814976
2018-10-30 02:24:00,0.18791279970179176
2018-10-30 02:27:00,0.22364281194001023
2018-10-30 02:30:00,0.25367433676592555
2018-10-30 02:33:00,0.20983321277458344
2018-10-30 02:36:00,0.19200203051849485
2018-10-30 02:39:00,0.22859722171654084
2018-10-30 02:42:00,0.2150256635147798
2018-10-30 02:45:00,0.17368787516670636
2018-10-30 02:48:00,0.1487418667693987
2018-10-30 02:51:00,0.23290667081732863
2018-10-30 02:54:00,0.21476435583548437
2018-10-30 02:57:00,0.1905056957179454
2018-10-30 03:00:00,0.2584607022635055
2018-10-30 03:03:00,0.23753146053780938
2018-10-30 03:06:00,0.15193688262559135
2018-10-30 03:09:00,0.22310432501126343
2018-10-30 03:12:00,0.11820210734310876
2018-10-30 03:15:00,0.23269933807307552
2018-10-30 03:18:00,0.1665056471116486
2018-10-30 03:21:00,0.2395504045744019
2018-10-30 03:24:00,0.16671046593825167
2018-10-30 03:27:00,0.16948174803218308
2018-10-30 03:30:00,0.2665253334267277
2018-10-30 03:33:00,0.19564506600505638
2018-10-30 03:36:00,0.21159921301301665
2018-10-30 03:39:00,0.20979116961609634
2018-10-30 03:42:00,0.19275329085451176
2018-10-30 03:45:00,0.19811872801733443
2018-10-30 03:48:00,0.2169407696224539
2018-10-30 03:51:00,0.1890014921830243
2018-10-30 03:54:00,0.11615319039651695
2018-10-30 03:57:00,0.19883673501067278
2018-10-30 04:00:00,0.26335369339216186
2018-10-30 04:03:00,0.1582612271280368
2018-10-30 04:06:00,0.19398035808706027
2018-10-30 04:09:00,0.18203869382426774
2018-10-30 04:12:00,0.17125041612490577
2018-10-30 04:15:00,0.24711011920902592
2018-10-30 04:18:00,0.24873729647833898
2018-10-30 04:21:00,0.16150639845119485
2018-10-30 04:24:00,0.22770939229076248
2018-10-30 04:27:00,0.17611396526484668
2018-10-30 04:30:00,0.25226568458458587
2018-10-30 04:33:00,0.1869032678443432
2018-10-30 04:36:00,0.146604725129464
2018-10-30 04:39:00,0.27303095656668575
2018-10-30 04:42:00,0.15760101185583153
2018-10-30 04:45:00,0.19164516627273542
2018-10-30 04:48:00,0.22974336728435674
2018-10-30 04:51:00,0.3262657477927178
2018-10-30 04:54:00,0.22518952873559783
2018-10-30 04:57:00,0.2722386662615577
2018-10-30 05:00:00,0.2474040465187386
2018-10-30 05:03:00,0.3183631042561501
2018-10-30 05:06:00,0.30600091353039716
2018-10-30 05:09:00,0.2642172060543544
2018-10-30 05:12:00,0.19267773447688796
2018-10-30 05:15:00,0.2857808663981132
2018-10-30 05:18:00,0.22812709456184166
2018-10-30 05:21:00,0.2546604231829406
2018-10-30 05:24:00,0.18535651639570005
2018-10-30 05:27:00,0.2718219227602958
2018-10-30 05:30:00,0.196988167006225
2018-10-30 05:33:00,0.32606647307471803
2018-10-30 05:36:00,0.2755779261652833
2018-10-30 05:39:00,0.3006777525628195
2018-10-30 05:42:00,0.3157678516795386
2018-10-30 05:45:00,0.24061699775649004
2018-10-30 05:48:00,0.26243256408122306
2018-10-30 05:51:00,0.2996025976873966
2018-10-30 05:54:00,0.28052624894263545
2018-10-30 05:57:00,0.2881309513509791
2018-10-30 06:00:00,0.1937597346475286
2018-10-30 06:03:00,0.2909553300283392
2018-10-30 06:06:00,0.29012683863339817
2018-10-30 06:09:00,0.3033296424876539
2018-10-30 06:12:00,0.30865305956660904
2018-10-30 06:15:00,0.2895551703255137
2018-10-30 06:18:00,0.21561545340517796
2018-10-30 06:21:00,0.31579700376823894
2018-10-30 06:24:00,0.26438316602263967
2018-10-30 06:27:00,0.25986947389088755
2018-10-30 06:30:00,0.2664023834664704
2018-10-30 06:33:00,0.3567137830513616
2018-10-30 06:36:00,0.38062253918639044
2018-10-30 06:39:00,0.25943455185557696
2018-10-30 06:42:00,0.26769940571898587
2018-10-30 06:45:00,0.39770126277011286
2018-10-30 06:48:00,0.34645826473649777
2018-10-30 06:51:00,0.4231868444850875
2018-10-30 06:54:00,0.3593423919890597
2018-10-30 06:57:00,0.36889591285250845
2018-10-30 07:00:00,0.3377841235106871
2018-10-30 07:03:00,0.3627811766335185
2018-10-30 07:06:00,0.30802635657431665
2018-10-30 07:09:00,0.28960405077810947
2018-10-30 07:12:00,0.32639979779190753
2018-10-30 07:15:00,0.2875420028136091
2018-10-30 07:18:00,0.3401856450237801
2018-10-30 07:21:00,0.26846242655130936
2018-10-30 07:24:00,0.28394399589234354
2018-10-30 07:27:00,0.24203950861544854
2018-10-30 07:30:00,0.3112219990767926
2018-10-30 07:33:00,0.30671004192078044
2018-10-30 07:36:00,0.2073090565472171
2018-10-30 07:39:00,0.20592407769277088
2018-10-30 07:42:00,0.17006992695053214
2018-10-30 07:45:00,0.2570491070410412
2018-10-30 07:48:00,0.13343228090582215
2018-10-30 07:51:00,0.17314041996240803
2018-10-30 07:54:00,0.22626126599737972
2018-10-30 07:57:00,0.17080664660244338
2018-10-30 08:00:00,0.21971608475365656
2018-10-30 08:03:00,0.1358423582873911
2018-10-30 08:06:00,0.08332914881469833
2018-10-30 08:09:00,0.20207535720311398
2018-10-30 08:12:00,0.1425911200288965
2018-10-30 08:15:00,0.10667398630545222
2018-10-30 08:18:00,0.15158781590292847
2018-10-30 08:21:00,0.2082073055763658
2018-10-30 08:24:00,0.2160514811575922
2018-10-30 08:27:00,0.1399230945540353
2018-10-30 08:30:00,0.19993297091923523
2018-10-30 08:33:00,0.20674699550050946
2018-10-30 08:36:00,0.23973291021462728
2018-10-30 08:39:00,0.18221504696293778
2018-10-30 08:42:00,0.21894852379500662
2018-10-30 08:45:00,0.2637696818204631
2018-10-30 08:48:00,0.11190165491126436
2018-10-30 08:51:00,0.1720653472820004
2018-10-30 08:54:00,0.1786601848903615
2018-10-30 08:57:00,0.1886264804082316
2018-10-30 09:00:00,0.27781653682404794
2018-10-30 09:03:00,0.16371622173682
2018-10-30 09:06:00,0.15725731358014627
2018-10-30 09:09:00,0.11590323405289382
2018-10-30 09:12:00,0.12008252693993882
2018-10-30 09:15:00,0.2226415394995911
2018-10-30 09:18:00,0.2184635527561909
2018-10-30 09:21:00,0.21328986760437374
2018-10-30 09:24:00,0.15589438620224882
2018-10-30 09:27:00,0.2565441221415199
2018-10-30 09:30:00,0.1306069655835813
2018-10-30 09:33:00,0.031209213532235935
2018-10-30 09:36:00,0.23936850893494466
2018-10-30 09:39:00,0.03221121278988903
2018-10-30 09:42:00,0.11965895268372151
2018-10-30 09:45:00,0.08061591830460202
2018-10-30 09:48:00,0.03204867168670944
2018-10-30 09:51:00,0.20035849445338272
2018-10-30 09:54:00,0.1777762050955971
2018-10-30 09:57:00,0.28651632720863063
2018-10-30 10:00:00,0.2570333366600721
2018-10-30 10:03:00,0.19636586632481112
2018-10-30 10:06:00,0.3117012075703087
2018-10-30 10:09:00,0.17714018779548724
2018-10-30 10:12:00,0.14349373870538784
2018-10-30 10:15:00,0.18429493221157145
2018-10-30 10:18:00,0.1082247917429413
2018-10-30 10:21:00,0.06658849549057777
2018-10-30 10:24:00,0.15083844814779468
2018-10-30 10:27:00,0.08570490541501385
2018-10-30 10:30:00,0.12590163156198741
2018-10-30 10:33:00,0.16771515731915088
2018-10-30 10:36:00,0.0750018426796828
2018-10-30 10:39:00,0.06382041659236393
2018-10-30 10:42:00,0.09700209060866882
2018-10-30 10:45:00,0.036825575333352845
2018-10-30 10:48:00,0.09128360447459727
2018-10-30 10:51:00,-0.024488134182263366
2018-10-30 10:54:00,-0.006654601330239984
2018-10-30 10:57:00,0.008948476646310155
2018-10-30 11:00:00,-0.13993981298915514
2018-10-30 11:03:00,0.024021422430507755
2018-10-30 11:06:00,0.05004571136851155
2018-10-30 11:09:00,-0.034579082389029736
2018-10-30 11:12:00,-0.01445920479926599
2018-10-30 11:15:00,-0.07381651890381136
2018-10-30 11:18:00,-0.0035468259147251047
2018-10-30 11:21:00,0.1105687317126467
2018-10-30 11:24:00,0.02335760689777544
2018-10-30 11:27:00,-0.02546610412315431
2018-10-30 11:30:00,0.03509699003296873
2018-10-30 11:33:00,-0.0006460425351519916
2018-10-30 11:36:00,0.062240710224273244
2018-10-30 11:39:00,0.036883582486666455
2018-10-30 11:42:00,0.09243759228689896
2018-10-30 11:45:00,0.06982285088213303
2018-10-30 11:48:00,-0.03748347539215047
2018-10-30 11:51:00,-0.02182584021409184
2018-10-30 11:54:00,-0.10664726576840167
2018-10-30 11:57:00,-0.036090819444382305
2018-10-30 12:00:00,-0.14905223190606876
2018-10-30 12:03:00,0.004717149411646915
2018-10-30 12:06:00,-0.15633532444587672
2018-10-30 12:09:00,-0.05779005446959218
2018-10-30 12:12:00,-0.024884169232507247
2018-10-30 12:15:00,-0.1381669143852946
2018-10-30 12:18:00,-0.044772935263097224
2018-10-30 12:21:00,-0.13266140211288757
2018-10-30 12:24:00,-0.06588736933133532
2018-10-30 12:27:00,-0.02844956119275821
2018-10-30 12:30:00,0.008626985147714095
2018-10-30 12:33:00,0.1403344332863412
2018-10-30 12:36:00,0.14619680737138196
2018-10-30 12:39:00,0.19266075310923725
2018-10-30 12:42:00,0.20340371847487404
2018-10-30 12:45:00,0.16226716472073122
2018-10-30 12:48:00,0.08195366200686749
2018-10-30 12:51:00,0.043076900639619
2018-10-30 12:54:00,0.06661125080978536
2018-10-30 12:57:00,-0.03014183401620585
2018-10-30 13:00:00,-0.16485544325951196
2018-10-30 13:03:00,-0.2087871259241183
2018-10-30 13:06:00,-0.1993879910376677
2018-10-30 13:09:00,-0.1499473461552725
2018-10-30 13:12:00,-0.011565589816370903
2018-10-30 13:15:00,0.1367693424905383
2018-10-30 13:18:00,0.013722680501302875
2018-10-30 13:21:00,-0.0813916832664745
2018-10-30 13:24:00,-0.10014318936697464
2018-10-30 13:27:00,-0.0032963085113237867
2018-10-30 13:30:00,-0.17023392463266873
2018-10-30 13:33:00,-0.23327105766463774
2018-10-30 13:36:00,-0.14283566056366226
2018-10-30 13:39:00,-0.19739634178176857
2018-10-30 13:42:00,-0.21213775758099018
2018-10-30 13:45:00,-0.05595182433910395
2018-10-30 13:48:00,0.049527062545564604
2018-10-30 13:51:00,0.14611791816264486
2018-10-30 13:54:00,-0.04087816261488797
2018-10-30 13:57:00,-0.08611709846758231
2018-10-30 14:00:00,-0.21387982889223167
2018-10-30 14:03:00,-0.11575719047300481
2018-10-30 14:06:00,-0.21360577519067192
2018-10-30 14:09:00,-0.06735717219157777
2018-10-30 14:12:00,0.10177231784547303
2018-10-30 14:15:00,-0.06348091670292888
2018-10-30 14:18:00,-0.005623619057359974
2018-10-30 14:21:00,-0.06662633242677884
2018-10-30 14:24:00,0.14792641370780757
2018-10-30 14:27:00,0.17271107645308348
2018-10-30 14:30:00,0.2830319319120349
2018-10-30 14:33:00,0.26933064709334076
2018-10-30 14:36:00,0.34484585750004726
2018-10-30 14:39:00,0.19768413394206164
2018-10-30 14:42:00,0.08936042416178225
2018-10-30 14:45:00,-0.03605614407251778
2018-10-30 14:48:00,0.09309691883856885
2018-10-30 14:51:00,0.079564769795752
2018-10-30 14:54:00,0.19251271626598054
2018-10-30 14:57:00,0.2151070850863448
2018-10-30 15:00:00,0.1903076051863195
2018-10-30 15:03:00,0.14095416051208076
2018-10-30 15:06:00,0.026624328176239942
2018-10-30 15:09:00,-0.0041821294135502285
2018-10-30 15:12:00,0.08217497027385434
2018-10-30 15:15:00,0.0772439713186941
2018-10-30 15:18:00,-0.0332985638513037
2018-10-30 15:21:00,0.09028690101348502
2018-10-30 15:24:00,-0.11902293827466792
2018-10-30 15:27:00,-0.02239629137943666
2018-10-30 15:30:00,-0.032119612745418635
2018-10-30 15:33:00,0.08933887602739787
2018-10-30 15:36:00,-0.1093609114493006
2018-10-30 15:39:00,-0.04501578677115958
2018-10-30 15:42:00,-0.1092667590256724
2018-10-30 15:45:00,-0.13181229561911323
2018-10-30 15:48:00,-0.19103121998500683
2018-10-30 15:51:00,-0.2137573702588611
2018-10-30 15:54:00,-0.15152099139675101
2018-10-30 15:57:00,-0.06156996149894667
2018-10-30 16:00:00,-0.08818297089857197
2018-10-30 16:03:00,-0.12080074546651076
2018-10-30 16:06:00,0.08464336283344664
2018-10-30 16:09:00,-0.02265538078239615
2018-10-30 16:12:00,0.018163335888232268
2018-10-30 16:15:00,-0.006067783641526603
2018-10-30 16:18:00,0.004166056161295728
2018-10-30 16:21:00,0.027316120649913955
2018-10-30 16:24:00,0.006016541543715448
2018-10-30 16:27:00,0.020234088690699537
2018-10-30 16:30:00,-0.004310934100544728
2018-10-30 16:33:00,0.056545248588577124
2018-10-30 16:36:00,0.0852267961224129
2018-10-30 16:39:00,0.054781714478792765
2018-10-30 16:42:00,0.013535579731694725
2018-10-30 16:45:00,0.04121415073905155
2018-10-30 16:48:00,0.1219097278298591
2018-10-30 16:51:00,0.12944467010134986
2018-10-30 16:54:00,0.146061082418953
2018-10-30 16:57:00,0.022913138135265854
2018-10-30 17:00:00,0.2408107012655023
2018-10-30 17:03:00,0.11933283332336941
2018-10-30 17:06:00,0.15182644710483828
2018-10-30 17:09:00,4.4356916589549655e-05
2018-10-30 17:12:00,0.04603931451339349
2018-10-30 17:15:00,0.09225734243545958
2018-10-30 17:18:00,0.01841626945002872
2018-10-30 17:21:00,0.10213695748382179
2018-10-30 17:24:00,0.031811608721170614
2018-10-30 17:27:00,0.1053360686760243
2018-10-30 17:30:00,0.0710612473637866
2018-10-30 17:33:00,0.08691322232590437
2018-10-30 17:36:00,0.08676219696218368
2018-10-30 17:39:00,0.06339305324280531
2018-10-30 17:42:00,0.1866611282100621
2018-10-30 17:45:00,0.049583659284905934
2018-10-30 17:48:00,0.11956331152151733
2018-10-30 17:51:00,0.06741216392532579
2018-10-30 17:54:00,0.13503124721523818
2018-10-30 17:57:00,0.13876058138708913
2018-10-30 18:00:00,0.10186845375449138
2018-10-30 18:03:00,0.055055181130001074
2018-10-30 18:06:00,0.08421307445621551
2018-10-30 18:09:00,0.06354320651968237
2018-10-30 18:12:00,0.13687741967032707
2018-10-30 18:15:00,0.05474877025113756
2018-10-30 18:18:00,0.07275821492498835
2018-10-30 18:21:00,0.11123638534621705
2018-10-30 18:24:00,0.11487145573488533
2018-10-30 18:27:00,0.05212666652334974
2018-10-30 18:30:00,0.08391471616971558
2018-10-30 18:33:00,0.1089415931860458
2018-10-30 18:36:00,0.1728230282644745
2018-10-30 18:39:00,0.14943780286324682
2018-10-30 18:42:00,0.29308946773414846
2018-10-30 18:45:00,0.1451869248974731
2018-10-30 18:48:00,0.04439689973577288
2018-10-30 18:51:00,0.12282592865767583
2018-10-30 18:54:00,0.19873711867757038
2018-10-30 18:57:00,
2018-10-30 19:00:00,
2018-10-30 19:03:00,0.1406040980538137
2018-10-30 19:06:00,0.11346898421493279
2018-10-30 19:09:00,0.10544379966449924
2018-10-30 19:12:00,0.15716093698074474
2018-10-30 19:15:00,0.1340777717884407
2018-10-30 19:18:00,0.1939938762372435
2018-10-30 19:21:00,0.19400452913293975
2018-10-30 19:24:00,0.161734452544124
2018-10-30 19:27:00,0.1386366072998726
2018-10-30 19:30:00,0.20618999272187466
2018-10-30 19:33:00,0.1269109030511686
2018-10-30 19:36:00,0.12620965671823114
2018-10-30 19:39:00,0.15946012187725955
2018-10-30 19:42:00,0.255526954708273
2018-10-30 19:45:00,0.11211488896594801
2018-10-30 19:48:00,0.17369787325134212
2018-10-30 19:51:00,0.16013543305024314
2018-10-30 19:54:00,0.18507527694981718
2018-10-30 19:57:00,0.1717512527820304
2018-10-30 20:00:00,0.1466184315631267
2018-10-30 20:03:00,0.12420121114672611
2018-10-30 20:06:00,0.17085059295010296
2018-10-30 20:09:00,0.16689519394520858
2018-10-30 20:12:00,0.13759268858274254
2018-10-30 20:15:00,0.11766415716374468
2018-10-30 20:18:00,0.18508524636587254
2018-10-30 20:21:00,0.14425280633560078
2018-10-30 20:24:00,0.1602676703867587
2018-10-30 20:27:00,0.18728729492033835
2018-10-30 20:30:00,0.24670988992971843
2018-10-30 20:33:00,0.12681151173683247
2018-10-30 20:36:00,0.12586844875545466
2018-10-30 20:39:00,0.2154654041526669
2018-10-30 20:42:00,0.21212232733745395
2018-10-30 20:45:00,0.24905977080328512
2018-10-30 20:48:00,0.1408571149975728
2018-10-30 20:51:00,0.09661879895986658
2018-10-30 20:54:00,0.1659140577312428
2018-10-30 20:57:00,0.19455834895308044
2018-10-30 21:00:00,0.20343433720267967
2018-10-30 21:03:00,0.1063267889565509
2018-10-30 21:06:00,0.12045875242193915
2018-10-30 21:09:00,0.18958262510261648
2018-10-30 21:12:00,0.19791620954015343
2018-10-30 21:15:00,0.17004709205434665
2018-10-30 21:18:00,0.09792588365394295
2018-10-30 21:21:00,0.08429436337075913
2018-10-30 21:24:00,0.19980168512870478
2018-10-30 21:27:00,0.09061870858624843
2018-10-30 21:30:00,0.18537734580922915
2018-10-30 21:33:00,0.13893749488903495
2018-10-30 21:36:00,0.2190771824397757
2018-10-30 21:39:00,0.09459790904452348
2018-10-30 21:42:00,0.24103979617029836
2018-10-30 21:45:00,0.1910470576903549
2018-10-30 21:48:00,0.3172719955150569
2018-10-30 21:51:00,0.2779681864246868
2018-10-30 21:54:00,0.2356154529130663
2018-10-30 21:57:00,0.21405600980335748
2018-10-30 22:00:00,0.12341894981523183
2018-10-30 22:03:00,0.24413169504737198
2018-10-30 22:06:00,0.25022509192638154
2018-10-30 22:09:00,0.16794190716564117
2018-10-30 22:12:00,0.24970444254273616
2018-10-30 22:15:00,0.20660547942497942
2018-10-30 22:18:00,0.1760285779077435
2018-10-30 22:21:00,0.16259975966573847
2018-10-30 22:24:00,0.17941589681652204
2018-10-30 22:27:00,0.13545588607502168
2018-10-30 22:30:00,0.2121490648144686
2018-10-30 22:33:00,0.22090861444291932
2018-10-30 22:36:00,0.20939817211080936
2018-10-30 22:39:00,0.2755685011254059
2018-10-30 22:42:00,0.20639424128859218
2018-10-30 22:45:00,0.2909835621424577
2018-10-30 22:48:00,0.20760259110647894
2018-10-30 22:51:00,0.1852965455371418
2018-10-30 22:54:00,0.22663464177202286
2018-10-30 22:57:00,0.24948873370982483
2018-10-30 23:00:00,0.21217795660948013
2018-10-30 23:03:00,0.2057823280596267
2018-10-30 23:06:00,0.1960096105179332
2018-10-30 23:09:00,0.15977003383676447
2018-10-30 23:12:00,0.19300196732615404
2018-10-30 23:15:00,0.20969073292968687
2018-10-30 23:18:00,0.0932479737103904
2018-10-30 23:21:00,0.18888216552784343
2018-10-30 23:24:00,0.12147618030400054
2018-10-30 23:27:00,0.25713987883057143
2018-10-30 23:30:00,0.1971465071811167
2018-10-30 23:33:00,0.24601312480962179
2018-10-30 23:36:00,0.3591380415983849
2018-10-30 23:39:00,0.24978646858767206
2018-10-30 23:42:00,0.2240322164071813
2018-10-30 23:45:00,0.2321458896054196
2018-10-30 23:48:00,0.27898542728695475
2018-10-30 23:51:00,0.2862504940671897
2018-10-30 23:54:00,0.15903764993572622
2018-10-30 23:57:00,0.28324236275238945
2018-10-31 00:00:00,0.2920775695356497
2018-10-31 00:03:00,0.37515158407842364
2018-10-31 00:06:00,0.24827379200741007
2018-10-31 00:09:00,0.273456781454513
2018-10-31 00:12:00,0.2071208836704841
2018-10-31 00:15:00,0.25858535412851325
2018-10-31 00:18:00,0.36875632084814924
2018-10-31 00:21:00,0.3376470653023489
2018-10-31 00:24:00,0.2964644465670858
2018-10-31 00:27:00,0.3659326727279222
2018-10-31 00:30:00,0.23435756124700902
2018-10-31 00:33:00,0.20753678729369085
2018-10-31 00:36:00,0.24715453252514408
2018-10-31 00:39:00,0.3182874483741216
2018-10-31 00:42:00,0.36004104937529746
2018-10-31 00:45:00,0.2644290681755024
2018-10-31 00:48:00,0.27123259064148897
2018-10-31 00:51:00,0.25351891615008526
2018-10-31 00:54:00,0.2235009437516169
2018-10-31 00:57:00,0.3013189029970249
2018-10-31 01:00:00,0.34781783925291165
2018-10-31 01:03:00,0.2863494083488831
2018-10-31 01:06:00,0.3837086672721739
2018-10-31 01:09:00,0.20325500612216274
2018-10-31 01:12:00,0.2743937109336798
2018-10-31 01:15:00,0.24865755514014154
2018-10-31 01:18:00,0.23570347268713476
2018-10-31 01:21:00,0.282908468863468
2018-10-31 01:24:00,0.3352145842929417
2018-10-31 01:27:00,0.26900180880284097
2018-10-31 01:30:00,0.26959254407466915
2018-10-31 01:33:00,0.24170969673264153
2018-10-31 01:36:00,0.18839902526377728
2018-10-31 01:39:00,0.15468319372450878
2018-10-31 01:42:00,0.18646705519768147
2018-10-31 01:45:00,0.1968383716991866
2018-10-31 01:48:00,0.23054274125820484
2018-10-31 01:51:00,0.1812933871786413
2018-10-31 01:54:00,0.21857726605207972
2018-10-31 01:57:00,0.21663840212386276
2018-10-31 02:00:00,0.25194020714474163
2018-10-31 02:03:00,0.28288172322618266
2018-10-31 02:06:00,0.19979300314713555
2018-10-31 02:09:00,0.2665984634284655
2018-10-31 02:12:00,0.22204188792375135
2018-10-31 02:15:00,0.20043315225188962
2018-10-31 02:18:00,0.25985133249014325
2018-10-31 02:21:00,0.18106739254540116
2018-10-31 02:24:00,0.2523317910032006
2018-10-31 02:27:00,0.18161616117487256
2018-10-31 02:30:00,0.23012460645117017
2018-10-31 02:33:00,0.2411428786037959
2018-10-31 02:36:00,0.22232395703093744
2018-10-31 02:39:00,0.19010917877346856
2018-10-31 02:42:00,0.1466643147089144
2018-10-31 02:45:00,0.15601151621302733
2018-10-31 02:48:00,0.14129474716730783
2018-10-31 02:51:00,0.24142438613648665
2018-10-31 02:54:00,0.1666575178779226
2018-10-31 02:57:00,0.27700335112376706
2018-10-31 03:00:00,0.15574222961919304
2018-10-31 03:03:00,0.15531795403779824
2018-10-31 03:06:00,0.16825627664320564
2018-10-31 03:09:00,0.24907262729715285
2018-10-31 03:12:00,0.21393629981139384
2018-10-31 03:15:00,0.15866361317154087
2018-10-31 03:18:00,0.2301786116090625
2018-10-31 03:21:00,0.18934937819403785
2018-10-31 03:24:00,0.16858625433087582
2018-10-31 03:27:00,0.08882953354031997
2018-10-31 03:30:00,0.1519003797992582
2018-10-31 03:33:00,0.10935288467800319
2018-10-31 03:36:00,0.08806339185019851
2018-10-31 03:39:00,0.1617564068586148
2018-10-31 03:42:00,0.0803988131568758
2018-10-31 03:45:00,0.14510993603181532
2018-10-31 03:48:00,0.12255187931452838
2018-10-31 03:51:00,0.1835666999522232
2018-10-31 03:54:00,0.11811329998954534
2018-10-31 03:57:00,0.17326263676721965
2018-10-31 04:00:00,0.20388085367767417
2018-10-31 04:03:00,0.1682812244337697
2018-10-31 04:06:00,0.16947038085493205
2018-10-31 04:09:00,0.14498911806225578
2018-10-31 04:12:00,0.21163720099411876
2018-10-31 04:15:00,0.18227638649551636
2018-10-31 04:18:00,0.22297446629357864
2018-10-31 04:21:00,0.27480704106875464
2018-10-31 04:24:00,0.21954835818979745
2018-10-31 04:27:00,0.21050900200089018
2018-10-31 04:30:00,0.2206925217399771
2018-10-31 04:33:00,0.1975217701034353
2018-10-31 04:36:00,0.2218051322120118
2018-10-31 04:39:00,0.22293752325441574
2018-10-31 04:42:00,0.19956531852432136
2018-10-31 04:45:00,0.2518749043599655
2018-10-31 04:48:00,0.30701944302194306
2018-10-31 04:51:00,0.08316855572223858
2018-10-31 04:54:00,0.2769503109072389
2018-10-31 04:57:00,0.24487184721874655
2018-10-31 05:00:00,0.25330453973231215
2018-10-31 05:03:00,0.22751032538309346
2018-10-31 05:06:00,0.3645675391707073
2018-10-31 05:09:00,0.20128295890225445
2018-10-31 05:12:00,0.2639498811398653
2018-10-31 05:15:00,0.23653218784227192
2018-10-31 05:18:00,0.27753623912497005
2018-10-31 05:21:00,0.3185660415970233
2018-10-31 05:24:00,0.353665558780051
2018-10-31 05:27:00,0.2860154545344358
2018-10-31 05:30:00,0.3610310408501505
2018-10-31 05:33:00,0.2714461633478322
2018-10-31 05:36:00,0.34642275358004326
2018-10-31 05:39:00,0.3123559208163442
2018-10-31 05:42:00,0.2647242278185331
2018-10-31 05:45:00,0.3221317007393054
2018-10-31 05:48:00,0.3904089074536614
2018-10-31 05:51:00,0.3562662275907087
2018-10-31 05:54:00,0.2837222215126758
2018-10-31 05:57:00,0.3854920689760206
2018-10-31 06:00:00,0.37509930764332466
2018-10-31 06:03:00,0.2848228110278228
2018-10-31 06:06:00,0.29238367894606654
2018-10-31 06:09:00,0.32014222296936623
2018-10-31 06:12:00,0.39696268912081223
2018-10-31 06:15:00,0.3324598055297088
2018-10-31 06:18:00,0.4134765025834213
2018-10-31 06:21:00,0.3893145916574099
2018-10-31 06:24:00,0.35659288125572175
2018-10-31 06:27:00,0.3947382755209219
2018-10-31 06:30:00,0.4461604585826535
2018-10-31 06:33:00,0.33608300141196423
2018-10-31 06:36:00,0.3473140578492462
2018-10-31 06:39:00,0.3703886139138035
2018-10-31 06:42:00,0.2926094918337867
2018-10-31 06:45:00,0.33671801744793584
2018-10-31 06:48:00,0.37926456275022247
2018-10-31 06:51:00,0.3050531989370029
2018-10-31 06:54:00,0.3695441238400008
2018-10-31 06:57:00,0.3771211969547039
2018-10-31 07:00:00,0.3318862047832454
2018-10-31 07:03:00,0.3611336659825497
2018-10-31 07:06:00,0.40365281085774996
2018-10-31 07:09:00,0.2997872200642746
2018-10-31 07:12:00,0.28311193405238555
2018-10-31 07:15:00,0.3087079241488482
2018-10-31 07:18:00,0.39134493368010226
2018-10-31 07:21:00,0.34217908706301614
2018-10-31 07:24:00,0.2773211964920961
2018-10-31 07:27:00,0.3231758519740424
2018-10-31 07:30:00,0.3161579684001481
2018-10-31 07:33:00,0.32051569092334375
2018-10-31 07:36:00,0.2841164009025192
2018-10-31 07:39:00,0.2966498069754948
2018-10-31 07:42:00,0.2768079379922028
2018-10-31 07:45:00,0.2752202331884632
2018-10-31 07:48:00,0.227026150518725
2018-10-31 07:51:00,0.2825914115090882
2018-10-31 07:54:00,0.3255399522112725
2018-10-31 07:57:00,0.24060732897498838
2018-10-31 08:00:00,0.174234576198387
2018-10-31 08:03:00,0.2180351838316028
2018-10-31 08:06:00,0.30265814632571164
2018-10-31 08:09:00,0.16097500108168106
2018-10-31 08:12:00,0.2260298089387902
2018-10-31 08:15:00,0.1531834228614457
2018-10-31 08:18:00,0.11891590074020542
2018-10-31 08:21:00,0.15487681233508965
2018-10-31 08:24:00,0.10416042555851845
2018-10-31 08:27:00,0.1346482495453074
2018-10-31 08:30:00,0.13929993434663857
2018-10-31 08:33:00,0.062005187122167627
2018-10-31 08:36:00,0.15755106487171133
2018-10-31 08:39:00,-0.05249766246913623
2018-10-31 08:42:00,0.1298979683390371
2018-10-31 08:45:00,0.02042388441429921
2018-10-31 08:48:00,0.05493781954834276
2018-10-31 08:51:00,0.10033408203059935
2018-10-31 08:54:00,0.0808256168932644
2018-10-31 08:57:00,-0.019730663925713543
2018-10-31 09:00:00,0.01268256265115042
2018-10-31 09:03:00,-0.04834523791294032
2018-10-31 09:06:00,-0.054574557022704084
2018-10-31 09:09:00,-0.05528237817816262
2018-10-31 09:12:00,-0.0005184029602673945
2018-10-31 09:15:00,-0.08228203315962901
2018-10-31 09:18:00,-0.07072034611087474
2018-10-31 09:21:00,-0.0847758141174495
2018-10-31 09:24:00,-0.06034841145469727
2018-10-31 09:27:00,-0.10592299539206351
2018-10-31 09:30:00,-0.2026468591178059
2018-10-31 09:33:00,-0.18060295903279666
2018-10-31 09:36:00,-0.04413327702695824
2018-10-31 09:39:00,-0.13135337835177552
2018-10-31 09:42:00,-0.1310986818806441
2018-10-31 09:45:00,-0.19129979359786375
2018-10-31 09:48:00,-0.16898899999824835
2018-10-31 09:51:00,-0.19481160623928417
2018-10-31 09:54:00,-0.17552650589260566
2018-10-31 09:57:00,-0.20192662239128367
2018-10-31 10:00:00,-0.28772096281352333
2018-10-31 10:03:00,-0.18155686980810515
2018-10-31 10:06:00,-0.2740312735043062
2018-10-31 10:09:00,-0.22245032684833177
2018-10-31 10:12:00,-0.2630554231158726
2018-10-31 10:15:00,-0.30410983308621553
2018-10-31 10:18:00,-0.31775783164096083
2018-10-31 10:21:00,-0.33287298338944993
2018-10-31 10:24:00,-0.3051996734054683
2018-10-31 10:27:00,-0.3388733384401803
2018-10-31 10:30:00,-0.28895754656036843
2018-10-31 10:33:00,-0.2924105702550719
2018-10-31 10:36:00,-0.3574391538992927
2018-10-31 10:39:00,-0.31259123911144115
2018-10-31 10:42:00,-0.3611254421215335
2018-10-31 10:45:00,-0.2953540190609374
2018-10-31 10:48:00,-0.3231653818547784
2018-10-31 10:51:00,-0.4073971365145326
2018-10-31 10:54:00,-0.31551143889794275
2018-10-31 10:57:00,-0.3469855211733943
2018-10-31 11:00:00,-0.39831925254458156
2018-10-31 11:03:00,-0.40011252738150915
2018-10-31 11:06:00,-0.3999460010415987
2018-10-31 11:09:00,-0.4608095438047144
2018-10-31 11:12:00,-0.35956642037439224
2018-10-31 11:15:00,-0.2271735396581107
2018-10-31 11:18:00,-0.33700805228556874
2018-10-31 11:21:00,-0.4468214307935341
2018-10-31 11:24:00,-0.2780966102797606
2018-10-31 11:27:00,-0.36532540860099516
2018-10-31 11:30:00,-0.4130484293022505
2018-10-31 11:33:00,-0.35185049800156776
2018-10-31 11:36:00,-0.3358521256378708
2018-10-31 11:39:00,-0.44892476990077057
2018-10-31 11:42:00,-0.41167586263867406
2018-10-31 11:45:00,-0.41973605619659793
2018-10-31 11:48:00,-0.4155092008553538
2018-10-31 11:51:00,-0.444751875417694
2018-10-31 11:54:00,-0.4756251917830241
2018-10-31 11:57:00,-0.41324474607898765
2018-10-31 12:00:00,-0.39745155889255557
2018-10-31 12:03:00,-0.3495355929314883
2018-10-31 12:06:00,-0.33433009608847897
2018-10-31 12:09:00,-0.43130536061005387
2018-10-31 12:12:00,-0.34993594479965395
2018-10-31 12:15:00,-0.4943253507961458
2018-10-31 12:18:00,-0.37624361802085105
2018-10-31 12:21:00,-0.2552677993747352
2018-10-31 12:24:00,-0.25390436030295405
2018-10-31 12:27:00,-0.12362551492907414
2018-10-31 12:30:00,-0.2057927876044232
2018-10-31 12:33:00,-0.10537500836846903
2018-10-31 12:36:00,-0.1059790590323928
2018-10-31 12:39:00,-0.14472000506970062
2018-10-31 12:42:00,-0.16365889580964676
2018-10-31 12:45:00,-0.14527999495931
2018-10-31 12:48:00,-0.25922858999553
2018-10-31 12:51:00,-0.2723032000058083
2018-10-31 12:54:00,-0.42776483448943736
2018-10-31 12:57:00,-0.3799982845018235
2018-10-31 13:00:00,-0.3649629100018501
2018-10-31 13:03:00,-0.40836748668351674
2018-10-31 13:06:00,-0.35892317352210057
2018-10-31 13:09:00,-0.3507371235828032
2018-10-31 13:12:00,-0.2092730993580858
2018-10-31 13:15:00,-0.22752584179426094
2018-10-31 13:18:00,-0.32088603264821813
2018-10-31 13:21:00,-0.33800459468636745
2018-10-31 13:24:00,-0.24036694070343856
2018-10-31 13:27:00,-0.24474968746858394
2018-10-31 13:30:00,-0.2350113973870407
2018-10-31 13:33:00,-0.29946159869626854
2018-10-31 13:36:00,-0.3489711587168358
2018-10-31 13:39:00,-0.4512839367043284
2018-10-31 13:42:00,-0.38491878601240614
2018-10-31 13:45:00,-0.29082918105382305
2018-10-31 13:48:00,-0.28553400413500185
2018-10-31 13:51:00,-0.2810514983736425
2018-10-31 13:54:00,-0.36546208514823775
2018-10-31 13:57:00,-0.3683930838159313
2018-10-31 14:00:00,-0.4042407680475435
2018-10-31 14:03:00,-0.3771741938928699
2018-10-31 14:06:00,-0.3135042601809914
2018-10-31 14:09:00,-0.43495154531319713
2018-10-31 14:12:00,-0.41917765447288957
2018-10-31 14:15:00,-0.3670125816759082
2018-10-31 14:18:00,-0.34237801830130365
2018-10-31 14:21:00,-0.5007148261230441
2018-10-31 14:24:00,-0.3801419225090399
2018-10-31 14:27:00,-0.564976735680716
2018-10-31 14:30:00,-0.5282107043537962
2018-10-31 14:33:00,-0.48948732882615786
2018-10-31 14:36:00,-0.4493072504622546
2018-10-31 14:39:00,-0.45603280503195265
2018-10-31 14:42:00,-0.4330773665492984
2018-10-31 14:45:00,-0.3909584949085456
2018-10-31 14:48:00,-0.22903152879456457
2018-10-31 14:51:00,-0.21411463035190081
2018-10-31 14:54:00,-0.3511351165934684
2018-10-31 14:57:00,-0.2892421078264533
2018-10-31 15:00:00,-0.3751618835997306
2018-10-31 15:03:00,-0.3681199269843205
2018-10-31 15:06:00,-0.23465864220941057
2018-10-31 15:09:00,-0.27622471063261855
2018-10-31 15:12:00,-0.24679034599341776
2018-10-31 15:15:00,-0.20292503993834998
2018-10-31 15:18:00,-0.25781690645141
2018-10-31 15:21:00,-0.24574722130506643
2018-10-31 15:24:00,-0.19124937249642926
2018-10-31 15:27:00,0.02028452581168949
2018-10-31 15:30:00,0.10135468553289684
2018-10-31 15:33:00,0.33685432524140424
2018-10-31 15:36:00,0.3835685917123328
2018-10-31 15:39:00,0.07871799022075265
2018-10-31 15:42:00,-0.2366895316322939
2018-10-31 15:45:00,-0.15493206708424623
2018-10-31 15:48:00,-0.1567382368956487
2018-10-31 15:51:00,-0.18129412181292537
2018-10-31 15:54:00,-0.06343700661187768
2018-10-31 15:57:00,-0.17113659102233214
2018-10-31 16:00:00,-0.1195607941514254
2018-10-31 16:03:00,-0.04180344454914575
2018-10-31 16:06:00,0.04908335294931021
2018-10-31 16:09:00,0.026713214360484017
2018-10-31 16:12:00,-0.020719832102088276
2018-10-31 16:15:00,0.09122625152014052
2018-10-31 16:18:00,0.06586139692393544
2018-10-31 16:21:00,0.061350122819021635
2018-10-31 16:24:00,0.21306105831456534
2018-10-31 16:27:00,0.2721174827830737
2018-10-31 16:30:00,0.2582413582637173
2018-10-31 16:33:00,0.1958928290528661
2018-10-31 16:36:00,0.22009969715981015
2018-10-31 16:39:00,0.28306541279624753
2018-10-31 16:42:00,0.2327039442452019
2018-10-31 16:45:00,0.21719731656457952
2018-10-31 16:48:00,0.2256580669746313
2018-10-31 16:51:00,0.24032427385060373
2018-10-31 16:54:00,0.3230497046157552
2018-10-31 16:57:00,0.19311558030040032
2018-10-31 17:00:00,0.28953376627248417
2018-10-31 17:03:00,0.3925706808878431
2018-10-31 17:06:00,0.33002022897920824
2018-10-31 17:09:00,0.3080846975983036
2018-10-31 17:12:00,0.23040866889948575
2018-10-31 17:15:00,0.22650409141823502
2018-10-31 17:18:00,0.10374886833096753
2018-10-31 17:21:00,0.21453971141380634
2018-10-31 17:24:00,0.13793990552352398
2018-10-31 17:27:00,0.1440240821771681
2018-10-31 17:30:00,0.1512413042506182
2018-10-31 17:33:00,0.11928691733027108
2018-10-31 17:36:00,0.0690410386213216
2018-10-31 17:39:00,0.0280603541302753
2018-10-31 17:42:00,0.04111326886612687
2018-10-31 17:45:00,0.10532691596012
2018-10-31 17:48:00,0.11092689087092822
2018-10-31 17:51:00,0.07923909392934547
2018-10-31 17:54:00,0.12959669842990706
2018-10-31 17:57:00,0.11658364586929792
2018-10-31 18:00:00,0.042738024901439076
2018-10-31 18:03:00,0.16029668497623106
2018-10-31 18:06:00,0.12175197118926917
2018-10-31 18:09:00,0.17169190218038466
2018-10-31 18:12:00,0.18914049901525232
2018-10-31 18:15:00,0.03362045726692031
2018-10-31 18:18:00,0.17112003143319043
2018-10-31 18:21:00,0.170019291537983
2018-10-31 18:24:00,0.06701640675191811
2018-10-31 18:27:00,0.08833237023168294
2018-10-31 18:30:00,0.09330491737051716
2018-10-31 18:33:00,0.1815801322775883
2018-10-31 18:36:00,0.04576050235220919
2018-10-31 18:39:00,0.1371911215919681
2018-10-31 18:42:00,0.1452279969850565
2018-10-31 18:45:00,0.09886790012711799
2018-10-31 18:48:00,0.12670839129822298
2018-10-31 18:51:00,0.15057386979003695
2018-10-31 18:54:00,
2018-10-31 18:57:00,
2018-10-31 19:00:00,
2018-10-31 19:03:00,0.16428861503595726
2018-10-31 19:06:00,0.05302821755969944
2018-10-31 19:09:00,0.0561405133356061
2018-10-31 19:12:00,0.13728303317509472
2018-10-31 19:15:00,0.03539876359985783
2018-10-31 19:18:00,0.12024394629014523
2018-10-31 19:21:00,0.11534548000417999
2018-10-31 19:24:00,0.03107612983222907
2018-10-31 19:27:00,0.05822478146728827
2018-10-31 19:30:00,0.041934415008825
2018-10-31 19:33:00,0.08558751981911428
2018-10-31 19:36:00,-0.05862359439709053
2018-10-31 19:39:00,0.09860519789367572
2018-10-31 19:42:00,0.06652908716432648
2018-10-31 19:45:00,0.0943959188982717
2018-10-31 19:48:00,-0.012022765500375954
2018-10-31 19:51:00,0.07343415473292225
2018-10-31 19:54:00,0.026616307248787052
2018-10-31 19:57:00,0.08493965814426474
2018-10-31 20:00:00,0.07013641762597445
2018-10-31 20:03:00,0.02419088556035831
2018-10-31 20:06:00,0.15023685188543823
2018-10-31 20:09:00,0.05696325680037262
2018-10-31 20:12:00,0.02780723730728596
2018-10-31 20:15:00,0.020770207853502143
2018-10-31 20:18:00,0.032422230138820396
2018-10-31 20:21:00,0.1214938443552569
2018-10-31 20:24:00,0.04123073244073794
2018-10-31 20:27:00,0.15858805075765758
2018-10-31 20:30:00,0.08182773227906637
2018-10-31 20:33:00,0.17068463480677565
2018-10-31 20:36:00,0.10409229545990684
2018-10-31 20:39:00,0.11798968000550758
2018-10-31 20:42:00,0.1182559967815564
2018-10-31 20:45:00,0.056941144217319106
2018-10-31 20:48:00,0.11356300566274058
2018-10-31 20:51:00,0.07444316374107984
2018-10-31 20:54:00,0.045971921034265506
2018-10-31 20:57:00,0.04391684768847881
2018-10-31 21:00:00,0.052592903352262965
2018-10-31 21:03:00,0.206846403054044
2018-10-31 21:06:00,0.05211780323128323
2018-10-31 21:09:00,0.05949623348652722
2018-10-31 21:12:00,0.046956314123747234
2018-10-31 21:15:00,0.11322523321973677
2018-10-31 21:18:00,0.07087523108367577
2018-10-31 21:21:00,0.09828643222101618
2018-10-31 21:24:00,-0.04286487163739139
2018-10-31 21:27:00,0.09080243404514476
2018-10-31 21:30:00,0.057604467909186496
2018-10-31 21:33:00,0.06163154995078912
2018-10-31 21:36:00,0.0860996074819127
2018-10-31 21:39:00,0.1291186355923628
2018-10-31 21:42:00,0.12157829196007697
2018-10-31 21:45:00,0.1262164308831757
2018-10-31 21:48:00,0.09335054141848786
2018-10-31 21:51:00,0.13162242719408823
2018-10-31 21:54:00,0.05548588722376735
2018-10-31 21:57:00,0.12170915821860717
2018-10-31 22:00:00,0.054625652090521726
2018-10-31 22:03:00,0.05464174835492486
2018-10-31 22:06:00,0.13646768776402496
2018-10-31 22:09:00,0.1442007358537012
2018-10-31 22:12:00,0.030500046249017032
2018-10-31 22:15:00,0.1631243588647635
2018-10-31 22:18:00,0.03746324105037502
2018-10-31 22:21:00,0.1132659071145099
2018-10-31 22:24:00,0.08042215916924533
2018-10-31 22:27:00,0.08030125039408631
2018-10-31 22:30:00,0.11942195986699744
2018-10-31 22:33:00,0.1336629071250286
2018-10-31 22:36:00,0.17816087704960637
2018-10-31 22:39:00,0.23474862282694176
2018-10-31 22:42:00,0.102842586855445
2018-10-31 22:45:00,0.17491704277858844
2018-10-31 22:48:00,0.14176133012301761
2018-10-31 22:51:00,0.24424984601205324
2018-10-31 22:54:00,0.17195717685382306
2018-10-31 22:57:00,0.1455904139934887
2018-10-31 23:00:00,0.2621686525597511
2018-10-31 23:03:00,0.08092643755776407
2018-10-31 23:06:00,0.137160826674517
2018-10-31 23:09:00,0.1376580723429015
2018-10-31 23:12:00,0.13759999302084225
2018-10-31 23:15:00,0.05473403255149378
2018-10-31 23:18:00,0.14327776440705975
2018-10-31 23:21:00,0.2235115675182442
2018-10-31 23:24:00,0.30412092085725817
2018-10-31 23:27:00,0.13723780647978856
2018-10-31 23:30:00,0.09078427174023318
2018-10-31 23:33:00,0.22753246846701813
2018-10-31 23:36:00,0.1757730374597486
2018-10-31 23:39:00,0.05465147373053014
2018-10-31 23:42:00,0.10323987149996583
2018-10-31 23:45:00,0.1925657782224448
2018-10-31 23:48:00,0.18713441168711142
2018-10-31 23:51:00,0.2260469704584125
2018-10-31 23:54:00,0.24670027605708356
2018-10-31 23:57:00,0.19272262850518018
2018-11-01 00:00:00,0.10617496261096449
2018-11-01 00:03:00,0.12986197619511586
2018-11-01 00:06:00,0.21332274148392116
2018-11-01 00:09:00,0.1529234847043881
2018-11-01 00:12:00,0.12438222108829677
2018-11-01 00:15:00,0.16481883135429598
2018-11-01 00:18:00,0.16189887573767692
2018-11-01 00:21:00,0.11928475980130315
2018-11-01 00:24:00,0.11898103362602797
2018-11-01 00:27:00,0.09460338181975203
2018-11-01 00:30:00,0.16348628315836322
2018-11-01 00:33:00,0.06789100503323198
2018-11-01 00:36:00,0.19487822438037483
2018-11-01 00:39:00,0.1867834920601581
2018-11-01 00:42:00,0.1660396400064883
2018-11-01 00:45:00,0.12835649649218794
2018-11-01 00:48:00,0.11181964578094039
2018-11-01 00:51:00,0.15482173271880129
2018-11-01 00:54:00,0.16742125910724326
2018-11-01 00:57:00,0.16465543239172575
2018-11-01 01:00:00,0.06787428242284932
2018-11-01 01:03:00,0.12610738913576824
2018-11-01 01:06:00,0.18429442721696887
2018-11-01 01:09:00,0.028526659611657124
2018-11-01 01:12:00,0.03498119945709277
2018-11-01 01:15:00,0.11205786034292942
2018-11-01 01:18:00,0.02250061948336679
2018-11-01 01:21:00,0.04423436358746358
2018-11-01 01:24:00,0.03015567936415664
2018-11-01 01:27:00,0.15698113383888312
2018-11-01 01:30:00,0.07228583394709176
2018-11-01 01:33:00,0.030768098652629305
2018-11-01 01:36:00,0.08896001970890666
2018-11-01 01:39:00,0.13449000712518
2018-11-01 01:42:00,0.12164086155416953
2018-11-01 01:45:00,0.033358898871256315
2018-11-01 01:48:00,0.09057370174275547
2018-11-01 01:51:00,0.19378230796843354
2018-11-01 01:54:00,0.1659675263886129
2018-11-01 01:57:00,0.06633957113018596
2018-11-01 02:00:00,0.17544710905201555
2018-11-01 02:03:00,0.21161268599632876
2018-11-01 02:06:00,0.16750070796746286
2018-11-01 02:09:00,0.12658867754026915
2018-11-01 02:12:00,0.1674275170711894
2018-11-01 02:15:00,0.2371356238980411
2018-11-01 02:18:00,0.2190406577669819
2018-11-01 02:21:00,0.23322467916102596
2018-11-01 02:24:00,0.20275601803751897
2018-11-01 02:27:00,0.30976009340213295
2018-11-01 02:30:00,0.2068306241975506
2018-11-01 02:33:00,0.15089046969291076
2018-11-01 02:36:00,0.13472653071318064
2018-11-01 02:39:00,0.2591562697664358
2018-11-01 02:42:00,0.2438782966367512
2018-11-01 02:45:00,0.257144817819551
2018-11-01 02:48:00,0.2568025011818236
2018-11-01 02:51:00,0.23470180412203945
2018-11-01 02:54:00,0.3466276285869867
2018-11-01 02:57:00,0.16133815970107435
2018-11-01 03:00:00,0.14826154019709747
2018-11-01 03:03:00,0.33914841587170486
2018-11-01 03:06:00,0.2833633960612474
2018-11-01 03:09:00,0.2816138873540126
2018-11-01 03:12:00,0.2845489752758681
2018-11-01 03:15:00,0.293843125047033
2018-11-01 03:18:00,0.21379959493884826
2018-11-01 03:21:00,0.2373286048571117
2018-11-01 03:24:00,0.3147205087045677
2018-11-01 03:27:00,0.2694969668181102
2018-11-01 03:30:00,0.20739587515265612
2018-11-01 03:33:00,0.26745755280035155
2018-11-01 03:36:00,0.3130788123522166
2018-11-01 03:39:00,0.28463567485778185
2018-11-01 03:42:00,0.29156578273165223
2018-11-01 03:45:00,0.2993178391777178
2018-11-01 03:48:00,0.3390905444517216
2018-11-01 03:51:00,0.2864846903380567
2018-11-01 03:54:00,0.4298136470469558
2018-11-01 03:57:00,0.35636086967349456
2018-11-01 04:00:00,0.28811765708240955
2018-11-01 04:03:00,0.33731201098379415
2018-11-01 04:06:00,0.38040936764087974
2018-11-01 04:09:00,0.2556971143691271
2018-11-01 04:12:00,0.3416394384702244
2018-11-01 04:15:00,0.4022668632146633
2018-11-01 04:18:00,0.3422465187106809
2018-11-01 04:21:00,0.3263830724400236
2018-11-01 04:24:00,0.34810006865888
2018-11-01 04:27:00,0.3484935269596008
2018-11-01 04:30:00,0.27345267720517086
2018-11-01 04:33:00,0.36636966716838515
2018-11-01 04:36:00,0.3012911995230638
2018-11-01 04:39:00,0.32643888901492346
2018-11-01 04:42:00,0.2768534264688469
2018-11-01 04:45:00,0.22427348082658227
2018-11-01 04:48:00,0.41649157008811244
2018-11-01 04:51:00,0.34688552788014704
2018-11-01 04:54:00,0.3519799104499839
2018-11-01 04:57:00,0.27611721629261865
2018-11-01 05:00:00,0.3094806370072547
2018-11-01 05:03:00,0.2783857406495258
2018-11-01 05:06:00,0.22444632880092286
2018-11-01 05:09:00,0.26493613336378985
2018-11-01 05:12:00,0.29993276629483034
2018-11-01 05:15:00,0.30601869542869053
2018-11-01 05:18:00,0.2788757538207278
2018-11-01 05:21:00,0.18164738790773072
2018-11-01 05:24:00,0.2158072249031875
2018-11-01 05:27:00,0.2628969092369289
2018-11-01 05:30:00,0.3224855558215154
2018-11-01 05:33:00,0.3189931977980791
2018-11-01 05:36:00,0.3081639244855978
2018-11-01 05:39:00,0.33808763472194414
2018-11-01 05:42:00,0.280678953886877
2018-11-01 05:45:00,0.2903615816632623
2018-11-01 05:48:00,0.33449833301824583
2018-11-01 05:51:00,0.3093726334349185
2018-11-01 05:54:00,0.3972545438475663
2018-11-01 05:57:00,0.3319132791647803
2018-11-01 06:00:00,0.4129660724139512
2018-11-01 06:03:00,0.2592356827179856
2018-11-01 06:06:00,0.24835805521661314
2018-11-01 06:09:00,0.3227842359562487
2018-11-01 06:12:00,0.2789373866375513
2018-11-01 06:15:00,0.2733794034886614
2018-11-01 06:18:00,0.21607726758179524
2018-11-01 06:21:00,0.3631047894101016
2018-11-01 06:24:00,0.27281264839950836
2018-11-01 06:27:00,0.28001418838027803
2018-11-01 06:30:00,0.30810954281116665
2018-11-01 06:33:00,0.2722391480260171
2018-11-01 06:36:00,0.23262493640896764
2018-11-01 06:39:00,0.32449477231671153
2018-11-01 06:42:00,0.352692455133365
2018-11-01 06:45:00,0.4035264126184188
2018-11-01 06:48:00,0.3554066779419145
2018-11-01 06:51:00,0.2606852998299587
2018-11-01 06:54:00,0.30770125365228296
2018-11-01 06:57:00,0.31279145170441325
2018-11-01 07:00:00,0.25248874225474083
2018-11-01 07:03:00,0.27421892511426904
2018-11-01 07:06:00,0.24824489064263844
2018-11-01 07:09:00,0.2826241505561029
2018-11-01 07:12:00,0.22385427572083927
2018-11-01 07:15:00,0.35488205605520307
2018-11-01 07:18:00,0.22148223667113598
2018-11-01 07:21:00,0.2501226445236284
2018-11-01 07:24:00,0.21808743279598275
2018-11-01 07:27:00,0.19803937446010877
2018-11-01 07:30:00,0.2137209315744144
2018-11-01 07:33:00,0.22152633913691488
2018-11-01 07:36:00,0.2645015459173692
2018-11-01 07:39:00,0.2144145285445802
2018-11-01 07:42:00,0.24700043742313937
2018-11-01 07:45:00,0.20059451544778995
2018-11-01 07:48:00,0.17687802524181961
2018-11-01 07:51:00,0.09730207450786565
2018-11-01 07:54:00,0.15501139510479334
2018-11-01 07:57:00,0.1734540386009371
2018-11-01 08:00:00,0.10635028538905544
2018-11-01 08:03:00,0.04600405577065203
2018-11-01 08:06:00,0.06475917429793299
2018-11-01 08:09:00,0.1725828751706331
2018-11-01 08:12:00,0.10844188236194441
2018-11-01 08:15:00,0.08744909961012581
2018-11-01 08:18:00,0.06071701749613112
2018-11-01 08:21:00,0.07594973131665483
2018-11-01 08:24:00,0.08661755224608214
2018-11-01 08:27:00,0.12697431675121607
2018-11-01 08:30:00,0.1583556240756252
2018-11-01 08:33:00,0.1162756633549975
2018-11-01 08:36:00,-0.021168686132057246
2018-11-01 08:39:00,0.017534499805151427
2018-11-01 08:42:00,0.13309948107411174
2018-11-01 08:45:00,-0.04025400690744618
2018-11-01 08:48:00,0.024146024195090376
2018-11-01 08:51:00,-0.05385773872592381
2018-11-01 08:54:00,0.0914086985323479
2018-11-01 08:57:00,-0.014700046447217119
2018-11-01 09:00:00,0.00859825544995374
2018-11-01 09:03:00,-0.04591510976416657
2018-11-01 09:06:00,-0.4029937231507006
2018-11-01 09:09:00,-0.10672411131668014
2018-11-01 09:12:00,-0.08698366790866885
2018-11-01 09:15:00,-0.11051725334203866
2018-11-01 09:18:00,-0.09896929404942512
2018-11-01 09:21:00,-0.03569551363568735
2018-11-01 09:24:00,-0.1546859010589401
2018-11-01 09:27:00,-0.2319595623390569
2018-11-01 09:30:00,-0.14783703490957123
2018-11-01 09:33:00,-0.21844286449692163
2018-11-01 09:36:00,-0.21751907790178393
2018-11-01 09:39:00,-0.1231122457805327
2018-11-01 09:42:00,-0.16968233923188336
2018-11-01 09:45:00,-0.17585394550337696
2018-11-01 09:48:00,-0.1888905751871448
2018-11-01 09:51:00,-0.24337558187176
2018-11-01 09:54:00,-0.244970940571136
2018-11-01 09:57:00,-0.2843871082635019
2018-11-01 10:00:00,-0.3305425062833933
2018-11-01 10:03:00,-0.29992794517471566
2018-11-01 10:06:00,-0.17201858276860094
2018-11-01 10:09:00,-0.31198706047075575
2018-11-01 10:12:00,-0.37746566528539915
2018-11-01 10:15:00,-0.24612203240729968
2018-11-01 10:18:00,-0.21972751973129334
2018-11-01 10:21:00,-0.30184597384442213
2018-11-01 10:24:00,-0.2917617320754857
2018-11-01 10:27:00,-0.27482476878429907
2018-11-01 10:30:00,-0.3940778532289073
2018-11-01 10:33:00,-0.20494880548687888
2018-11-01 10:36:00,-0.28220514886226056
2018-11-01 10:39:00,-0.3370165760132977
2018-11-01 10:42:00,-0.3719596594185077
2018-11-01 10:45:00,-0.3097666789736877
2018-11-01 10:48:00,-0.24066441302409203
2018-11-01 10:51:00,-0.14900931707450127
2018-11-01 10:54:00,-0.20163402045750445
2018-11-01 10:57:00,-0.3010917380515252
2018-11-01 11:00:00,-0.3399117449264395
2018-11-01 11:03:00,-0.29485692368967875
2018-11-01 11:06:00,-0.41853405521925424
2018-11-01 11:09:00,-0.3190353187578694
2018-11-01 11:12:00,-0.4155014144898246
2018-11-01 11:15:00,-0.36881261601223514
2018-11-01 11:18:00,-0.39782882083824234
2018-11-01 11:21:00,-0.25714419603104943
2018-11-01 11:24:00,-0.3404202568241885
2018-11-01 11:27:00,-0.3353429887592938
2018-11-01 11:30:00,-0.30405289797874957
2018-11-01 11:33:00,-0.33970537564260894
2018-11-01 11:36:00,-0.4433267270092074
2018-11-01 11:39:00,-0.3185857698916834
2018-11-01 11:42:00,-0.3034244015655645
2018-11-01 11:45:00,-0.381947027272588
2018-11-01 11:48:00,-0.24246983715659098
2018-11-01 11:51:00,-0.28158435419481975
2018-11-01 11:54:00,-0.18948874629387547
2018-11-01 11:57:00,-0.1598637079723062
2018-11-01 12:00:00,-0.18303161585896532
2018-11-01 12:03:00,-0.1570674256095117
2018-11-01 12:06:00,-0.0762919441684744
2018-11-01 12:09:00,-0.04695396360477844
2018-11-01 12:12:00,-0.05721296733440795
2018-11-01 12:15:00,-0.04196337726830279
2018-11-01 12:18:00,0.08952970896308443
2018-11-01 12:21:00,0.1237562176078768
2018-11-01 12:24:00,0.15951040383248483
2018-11-01 12:27:00,0.17221466070475344
2018-11-01 12:30:00,0.22514691627117145
2018-11-01 12:33:00,0.1513102973812579
2018-11-01 12:36:00,0.1099039227607932
2018-11-01 12:39:00,0.0427443805900225
2018-11-01 12:42:00,0.06497535090517204
2018-11-01 12:45:00,0.28857082277033896
2018-11-01 12:48:00,0.10272448070958262
2018-11-01 12:51:00,0.17342668056875254
2018-11-01 12:54:00,0.1635191997947345
2018-11-01 12:57:00,0.20013888583741846
2018-11-01 13:00:00,0.19470559675323784
2018-11-01 13:03:00,0.16469575417846727
2018-11-01 13:06:00,0.176798941190782
2018-11-01 13:09:00,0.13553726676286715
2018-11-01 13:12:00,0.17340302205019498
2018-11-01 13:15:00,0.1579051292543454
2018-11-01 13:18:00,0.13136120730621315
2018-11-01 13:21:00,0.26481043713516783
2018-11-01 13:24:00,0.30576284607042226
2018-11-01 13:27:00,0.42804601744444426
2018-11-01 13:30:00,0.4343651521732568
2018-11-01 13:33:00,0.321851644780736
2018-11-01 13:36:00,0.3336573644697296
2018-11-01 13:39:00,0.19920410041328296
2018-11-01 13:42:00,0.4321000807178734
2018-11-01 13:45:00,0.4162269428661034
2018-11-01 13:48:00,0.4025259880020826
2018-11-01 13:51:00,0.5389895094590429
2018-11-01 13:54:00,0.5497160472454539
2018-11-01 13:57:00,0.543156461753199
2018-11-01 14:00:00,0.6727849105768655
2018-11-01 14:03:00,0.5460353093085359
2018-11-01 14:06:00,0.3845892724530131
2018-11-01 14:09:00,0.20555737366663607
2018-11-01 14:12:00,0.22995117977626478
2018-11-01 14:15:00,0.17644621298984475
2018-11-01 14:18:00,0.11570719087194448
2018-11-01 14:21:00,0.0955205163785422
2018-11-01 14:24:00,0.052703023474123256
2018-11-01 14:27:00,0.09588018386955355
2018-11-01 14:30:00,0.02474828840581722
2018-11-01 14:33:00,0.08144282823110416
2018-11-01 14:36:00,-0.009211950802068714
2018-11-01 14:39:00,0.13055629955147197
2018-11-01 14:42:00,0.08271981353215097
2018-11-01 14:45:00,0.07941857212142622
2018-11-01 14:48:00,0.11841079034422819
2018-11-01 14:51:00,0.08839278131011952
2018-11-01 14:54:00,0.059105187412001214
2018-11-01 14:57:00,-0.01645034832534975
2018-11-01 15:00:00,0.03065478820434464
2018-11-01 15:03:00,0.03826172876711098
2018-11-01 15:06:00,0.04147029639580069
2018-11-01 15:09:00,0.05594639917131872
2018-11-01 15:12:00,0.027809258710533413
2018-11-01 15:15:00,0.054830370819729524
2018-11-01 15:18:00,0.048593167683236516
2018-11-01 15:21:00,0.023041730843715413
2018-11-01 15:24:00,0.012873787678415738
2018-11-01 15:27:00,0.09161552176681198
2018-11-01 15:30:00,-0.04109727797293772
2018-11-01 15:33:00,0.014918234037168077
2018-11-01 15:36:00,0.016517481601795225
2018-11-01 15:39:00,-0.09048621589340655
2018-11-01 15:42:00,-0.004008086225383067
2018-11-01 15:45:00,-0.04169239983713169
2018-11-01 15:48:00,0.0898174202594646
2018-11-01 15:51:00,0.0840106943382466
2018-11-01 15:54:00,0.02914466038265573
2018-11-01 15:57:00,0.0454613377695523
2018-11-01 16:00:00,-0.08097217840429494
2018-11-01 16:03:00,-0.04082264088373222
2018-11-01 16:06:00,0.009903914554627136
2018-11-01 16:09:00,0.11112235403345494
2018-11-01 16:12:00,-0.002543900951479827
2018-11-01 16:15:00,0.006796744314044645
2018-11-01 16:18:00,-0.11059882200987659
2018-11-01 16:21:00,-0.20087341585968943
2018-11-01 16:24:00,-0.07836514414054818
2018-11-01 16:27:00,-0.11113833566759013
2018-11-01 16:30:00,-0.11554894509777114
2018-11-01 16:33:00,-0.06651411027104359
2018-11-01 16:36:00,-0.09294983675533786
2018-11-01 16:39:00,-0.149468551710072
2018-11-01 16:42:00,-0.22162785191812873
2018-11-01 16:45:00,-0.051834406064642735
2018-11-01 16:48:00,-0.12127989456939758
2018-11-01 16:51:00,-0.19445289081363626
2018-11-01 16:54:00,-0.18892785912566978
2018-11-01 16:57:00,-0.0982759714551662
2018-11-01 17:00:00,-0.18072427025975912
2018-11-01 17:03:00,-0.044792771968900524
2018-11-01 17:06:00,-0.15166887543722396
2018-11-01 17:09:00,-0.11901413754270607
2018-11-01 17:12:00,-0.05575899663125483
2018-11-01 17:15:00,-0.04434205236861999
2018-11-01 17:18:00,-0.15043851297184574
2018-11-01 17:21:00,-0.04582854374865519
2018-11-01 17:24:00,-0.07159635763446204
2018-11-01 17:27:00,-0.19700330972767688
2018-11-01 17:30:00,-0.1634289093843222
2018-11-01 17:33:00,-0.11027604611223296
2018-11-01 17:36:00,-0.19149690766704452
2018-11-01 17:39:00,-0.1951708219830266
2018-11-01 17:42:00,-0.1264100085260793
2018-11-01 17:45:00,-0.1739469720611737
2018-11-01 17:48:00,-0.23451618054673418
2018-11-01 17:51:00,-0.26104240176562143
2018-11-01 17:54:00,-0.20045615667976335
2018-11-01 17:57:00,-0.14495372567938603
2018-11-01 18:00:00,-0.21126646764616908
2018-11-01 18:03:00,-0.18103303204986787
2018-11-01 18:06:00,-0.120784214936009
2018-11-01 18:09:00,-0.12929940248869798
2018-11-01 18:12:00,-0.06785724566651652
2018-11-01 18:15:00,-0.11067206582492872
2018-11-01 18:18:00,-0.08051119610450996
2018-11-01 18:21:00,-0.09587962011323725
2018-11-01 18:24:00,0.005731236256053762
2018-11-01 18:27:00,0.009997847164186169
2018-11-01 18:30:00,-0.11678465558833295
2018-11-01 18:33:00,-0.041671061921249475
2018-11-01 18:36:00,-0.04884829455079398
2018-11-01 18:39:00,-0.11851006085157678
2018-11-01 18:42:00,-0.05838408204095913
2018-11-01 18:45:00,-0.06761513493063376
2018-11-01 18:48:00,-0.10517829975174209
2018-11-01 18:51:00,-0.14922633751098147
2018-11-01 18:54:00,
2018-11-01 18:57:00,
2018-11-01 19:00:00,
2018-11-01 19:03:00,-0.035816587074180006
2018-11-01 19:06:00,-0.01755558544482483
2018-11-01 19:09:00,-0.05102990995959544
2018-11-01 19:12:00,-0.1532173073590002
2018-11-01 19:15:00,-0.08047099272448577
2018-11-01 19:18:00,-0.024236232345003828
2018-11-01 19:21:00,-0.05962002043600023
2018-11-01 19:24:00,-0.05801559641412268
2018-11-01 19:27:00,0.008655545008821264
2018-11-01 19:30:00,-0.1309144145011487
2018-11-01 19:33:00,-0.039362516804601455
2018-11-01 19:36:00,-0.02861953245803761
2018-11-01 19:39:00,-0.08297112534165763
2018-11-01 19:42:00,-0.072956614814359
2018-11-01 19:45:00,-0.0001549337426922648
2018-11-01 19:48:00,-0.09642023706641112
2018-11-01 19:51:00,-0.08067312369587398
2018-11-01 19:54:00,-0.03523255119614532
2018-11-01 19:57:00,-0.0028915408798297904
2018-11-01 20:00:00,-0.0238904055746616
2018-11-01 20:03:00,-0.056911795481426
2018-11-01 20:06:00,-0.06728568534305168
2018-11-01 20:09:00,0.016111291331696975
2018-11-01 20:12:00,-0.009071704347945797
2018-11-01 20:15:00,-0.03873614498814959
2018-11-01 20:18:00,-0.07436286731780228
2018-11-01 20:21:00,-0.045538821353943604
2018-11-01 20:24:00,-0.04858116271464041
2018-11-01 20:27:00,-0.03158045851461111
2018-11-01 20:30:00,0.02590618553955437
2018-11-01 20:33:00,-0.0037879102778788365
2018-11-01 20:36:00,-0.01526194722538321
2018-11-01 20:39:00,0.09218133312361942
2018-11-01 20:42:00,0.06021589519173176
2018-11-01 20:45:00,0.01725589776049219
2018-11-01 20:48:00,0.024370251360721795
2018-11-01 20:51:00,0.005630444138603252
2018-11-01 20:54:00,-0.01821307067905309
2018-11-01 20:57:00,-0.030903842871850884
2018-11-01 21:00:00,-0.05448581755337045
2018-11-01 21:03:00,0.027573592755572918
2018-11-01 21:06:00,0.09154735779594603
2018-11-01 21:09:00,-0.001932390058072997
2018-11-01 21:12:00,0.02918999658118082
2018-11-01 21:15:00,0.09783999162834789
2018-11-01 21:18:00,0.1468865809201816
2018-11-01 21:21:00,0.006506065868336464
2018-11-01 21:24:00,0.13218572747723556
2018-11-01 21:27:00,0.19949712949295417
2018-11-01 21:30:00,0.11253966488385458
2018-11-01 21:33:00,0.03162898459004282
2018-11-01 21:36:00,0.12008890266156413
2018-11-01 21:39:00,0.009984105980208824
2018-11-01 21:42:00,0.14065856377277441
2018-11-01 21:45:00,0.03965957846992296
2018-11-01 21:48:00,0.16346267957470673
2018-11-01 21:51:00,0.1332546539241548
2018-11-01 21:54:00,0.20407682718854403
2018-11-01 21:57:00,0.2823768897242189
2018-11-01 22:00:00,0.14556311539871558
2018-11-01 22:03:00,0.1314677428201776
2018-11-01 22:06:00,0.2415165081382611
2018-11-01 22:09:00,0.3339336560181323
2018-11-01 22:12:00,0.3906909453542653
2018-11-01 22:15:00,0.4809823250687941
2018-11-01 22:18:00,0.5602502337481496
2018-11-01 22:21:00,0.42956844468847066
2018-11-01 22:24:00,0.5094805043107726
2018-11-01 22:27:00,0.5805986949495718
2018-11-01 22:30:00,0.5360578929211783
2018-11-01 22:33:00,0.5255500806824784
2018-11-01 22:36:00,0.3086746592949794
2018-11-01 22:39:00,0.2128029687036701
2018-11-01 22:42:00,0.2185210716422148
2018-11-01 22:45:00,0.2220718757771465
2018-11-01 22:48:00,0.09143468179217962
2018-11-01 22:51:00,0.1195248513093361
2018-11-01 22:54:00,0.1789799363604061
2018-11-01 22:57:00,0.18890498284611112
2018-11-01 23:00:00,0.20288197647221295
2018-11-01 23:03:00,0.15910838658794546
2018-11-01 23:06:00,0.26512003697223463
2018-11-01 23:09:00,0.27556594304940063
2018-11-01 23:12:00,0.22439090662732042
2018-11-01 23:15:00,0.31374798656162284
2018-11-01 23:18:00,0.3421996288333844
2018-11-01 23:21:00,0.3704340541881379
2018-11-01 23:24:00,0.3634098417240921
2018-11-01 23:27:00,0.3675668876516056
2018-11-01 23:30:00,0.27957982224643274
2018-11-01 23:33:00,0.277868735996492
2018-11-01 23:36:00,0.350269578197242
2018-11-01 23:39:00,0.37254263884233296
2018-11-01 23:42:00,0.3790107942140253
2018-11-01 23:45:00,
2018-11-01 23:48:00,
2018-11-01 23:51:00,
2018-11-01 23:54:00,0.3371693894472969
2018-11-01 23:57:00,0.3562014440332746
2018-11-02 00:00:00,0.3493105229617868
2018-11-02 00:03:00,0.38799599276114805
2018-11-02 00:06:00,0.44267855882117146
2018-11-02 00:09:00,0.4488864915120985
2018-11-02 00:12:00,0.4914083896249508
2018-11-02 00:15:00,0.5120847914777755
2018-11-02 00:18:00,0.4470875234437699
2018-11-02 00:21:00,0.5326713668181355
2018-11-02 00:24:00,0.5042725554324079
2018-11-02 00:27:00,0.4537368053666455
2018-11-02 00:30:00,0.5428795763928065
2018-11-02 00:33:00,0.6284108911134467
2018-11-02 00:36:00,0.454542565192412
2018-11-02 00:39:00,0.5314235295559229
2018-11-02 00:42:00,0.48385826968348056
2018-11-02 00:45:00,0.46542907209635587
2018-11-02 00:48:00,0.5136473803438548
2018-11-02 00:51:00,0.5620180118901885
2018-11-02 00:54:00,0.488330446147188
2018-11-02 00:57:00,0.49919255083869984
2018-11-02 01:00:00,0.45897168848927095
2018-11-02 01:03:00,0.520303113325042
2018-11-02 01:06:00,0.5218974332377684
2018-11-02 01:09:00,0.5419151654288612
2018-11-02 01:12:00,0.4775062399205581
2018-11-02 01:15:00,0.5320573185573494
2018-11-02 01:18:00,0.49479132769613443
2018-11-02 01:21:00,0.5052409409453276
2018-11-02 01:24:00,0.40275630161579556
2018-11-02 01:27:00,0.3760221544059732
2018-11-02 01:30:00,0.3546350045027111
2018-11-02 01:33:00,0.48778680976596434
2018-11-02 01:36:00,0.44327046550688465
2018-11-02 01:39:00,0.3633323562764872
2018-11-02 01:42:00,0.3924210148934435
2018-11-02 01:45:00,0.4243062871428265
2018-11-02 01:48:00,0.4048675529858201
2018-11-02 01:51:00,0.39304712553672516
2018-11-02 01:54:00,0.423514455545444
2018-11-02 01:57:00,0.3538540799444263
2018-11-02 02:00:00,0.366246442628551
2018-11-02 02:03:00,0.43409227283086693
2018-11-02 02:06:00,0.41137904935197867
2018-11-02 02:09:00,0.4265517174966931
2018-11-02 02:12:00,0.44134724433723704
2018-11-02 02:15:00,0.4537725771538135
2018-11-02 02:18:00,0.35001763813204434
2018-11-02 02:21:00,0.3678368964226024
2018-11-02 02:24:00,0.40093157939446655
2018-11-02 02:27:00,0.41796384222232064
2018-11-02 02:30:00,0.37320872430149166
2018-11-02 02:33:00,0.4100179160499806
2018-11-02 02:36:00,0.416042775467929
2018-11-02 02:39:00,0.371161164831733
2018-11-02 02:42:00,0.4330651207330902
2018-11-02 02:45:00,0.4619273279444087
2018-11-02 02:48:00,0.3249531720601908
2018-11-02 02:51:00,0.3818965891261996
2018-11-02 02:54:00,0.44754462545341767
2018-11-02 02:57:00,0.4841460389532699
2018-11-02 03:00:00,0.5039078184881873
2018-11-02 03:03:00,0.42597245480533275
2018-11-02 03:06:00,0.46217772766055987
2018-11-02 03:09:00,0.48781298085935987
2018-11-02 03:12:00,0.5368240229978483
2018-11-02 03:15:00,0.45968737894446576
2018-11-02 03:18:00,0.414268757982029
2018-11-02 03:21:00,0.43127556354284025
2018-11-02 03:24:00,0.48876724355704937
2018-11-02 03:27:00,0.4080748553063813
2018-11-02 03:30:00,0.47392756744210374
2018-11-02 03:33:00,0.414279987857185
2018-11-02 03:36:00,0.4125043311437935
2018-11-02 03:39:00,0.48728906064218336
2018-11-02 03:42:00,0.4889833375478929
2018-11-02 03:45:00,0.48693034443903116
2018-11-02 03:48:00,0.5413871181028185
2018-11-02 03:51:00,0.42186450768525674
2018-11-02 03:54:00,0.4646763962992395
2018-11-02 03:57:00,0.464166782051052
2018-11-02 04:00:00,0.45508343425615294
2018-11-02 04:03:00,0.40426300100244816
2018-11-02 04:06:00,0.44673967009555327
2018-11-02 04:09:00,0.3825633960631194
2018-11-02 04:12:00,0.43547787510209446
2018-11-02 04:15:00,0.3922399552692468
2018-11-02 04:18:00,0.43639384171979145
2018-11-02 04:21:00,0.46100459956039685
2018-11-02 04:24:00,0.38758315305301494
2018-11-02 04:27:00,0.37673213866776223
2018-11-02 04:30:00,0.4019374810080194
2018-11-02 04:33:00,0.3758894431771864
2018-11-02 04:36:00,0.47882972378812383
2018-11-02 04:39:00,0.4219627620798292
2018-11-02 04:42:00,0.32285411507956496
2018-11-02 04:45:00,0.35655733464790274
2018-11-02 04:48:00,0.46455634412967584
2018-11-02 04:51:00,0.43250522617978504
2018-11-02 04:54:00,0.35025627480479216
2018-11-02 04:57:00,0.3539661059298851
2018-11-02 05:00:00,0.3942455933704423
2018-11-02 05:03:00,0.4173202749216216
2018-11-02 05:06:00,0.4252768756445562
2018-11-02 05:09:00,0.4440409730243573
2018-11-02 05:12:00,0.43502096317291716
2018-11-02 05:15:00,0.39662464115025386
2018-11-02 05:18:00,0.35964396496495965
2018-11-02 05:21:00,0.33792551671598403
2018-11-02 05:24:00,0.35137568887734005
2018-11-02 05:27:00,0.3910709322049115
2018-11-02 05:30:00,0.3437563828038037
2018-11-02 05:33:00,0.3750626962839192
2018-11-02 05:36:00,0.3906003749930278
2018-11-02 05:39:00,0.3787613497948996
2018-11-02 05:42:00,0.37603341728095074
2018-11-02 05:45:00,0.3237700304318878
2018-11-02 05:48:00,0.3608302537604118
2018-11-02 05:51:00,0.4332232002533942
2018-11-02 05:54:00,0.38161526060679307
2018-11-02 05:57:00,0.36142348448896655
2018-11-02 06:00:00,0.31446548364010596
2018-11-02 06:03:00,0.3730062491951571
2018-11-02 06:06:00,0.38436900441331545
2018-11-02 06:09:00,0.32074278270795276
2018-11-02 06:12:00,0.2923063328031503
2018-11-02 06:15:00,0.2607691322577921
2018-11-02 06:18:00,0.32151884376111184
2018-11-02 06:21:00,0.38010457036324397
2018-11-02 06:24:00,0.39822380573889404
2018-11-02 06:27:00,0.35085696437556635
2018-11-02 06:30:00,0.391581296725235
2018-11-02 06:33:00,0.24958018723168607
2018-11-02 06:36:00,0.32886585308102667
2018-11-02 06:39:00,0.3139631843547477
2018-11-02 06:42:00,0.3355050974594178
2018-11-02 06:45:00,0.3171140860518449
2018-11-02 06:48:00,0.2938284117084322
2018-11-02 06:51:00,0.29617217106846283
2018-11-02 06:54:00,0.28547664365618175
2018-11-02 06:57:00,0.3553088365032977
2018-11-02 07:00:00,0.3248050989216722
2018-11-02 07:03:00,0.306564238287649
2018-11-02 07:06:00,0.35637600977372585
2018-11-02 07:09:00,0.28297708225750284
2018-11-02 07:12:00,0.3249787643740092
2018-11-02 07:15:00,0.2985045204380299
2018-11-02 07:18:00,0.2382433001594677
2018-11-02 07:21:00,0.3014386724793212
2018-11-02 07:24:00,0.2993407078693622
2018-11-02 07:27:00,0.3181632679729205
2018-11-02 07:30:00,0.28279423991142494
2018-11-02 07:33:00,0.2598224494558963
2018-11-02 07:36:00,0.26985977959441243
2018-11-02 07:39:00,0.25871062174900317
2018-11-02 07:42:00,0.264457359749656
2018-11-02 07:45:00,0.1875136110886615
2018-11-02 07:48:00,0.3079050985494973
2018-11-02 07:51:00,0.2948334561531851
2018-11-02 07:54:00,0.24046746297261734
2018-11-02 07:57:00,0.21990640421984153
2018-11-02 08:00:00,0.28829023661444353
2018-11-02 08:03:00,0.23200121231934645
2018-11-02 08:06:00,0.29612972286878403
2018-11-02 08:09:00,0.30498387003223115
2018-11-02 08:12:00,0.3192068610214278
2018-11-02 08:15:00,0.22525762853621245
2018-11-02 08:18:00,0.3433823158904943
2018-11-02 08:21:00,0.2947826708634125
2018-11-02 08:24:00,0.2534396351079522
2018-11-02 08:27:00,0.2830267899569776
2018-11-02 08:30:00,0.2757905721459224
2018-11-02 08:33:00,0.18174546332721775
2018-11-02 08:36:00,0.33443589927179573
2018-11-02 08:39:00,0.3256393737168537
2018-11-02 08:42:00,0.2923745250167258
2018-11-02 08:45:00,0.2939483679497812
2018-11-02 08:48:00,0.32673823094518184
2018-11-02 08:51:00,0.2734931107743819
2018-11-02 08:54:00,0.2548193920446238
2018-11-02 08:57:00,0.29522124487664314
2018-11-02 09:00:00,0.27531891431613076
2018-11-02 09:03:00,0.18293589062585625
2018-11-02 09:06:00,0.20964285353227297
2018-11-02 09:09:00,0.28227545680039157
2018-11-02 09:12:00,0.22380347196275352
2018-11-02 09:15:00,0.28421945352607736
2018-11-02 09:18:00,0.22055239324470222
2018-11-02 09:21:00,0.1972501674898126
2018-11-02 09:24:00,0.200920122056516
2018-11-02 09:27:00,0.1412503533938434
2018-11-02 09:30:00,0.14796576796925365
2018-11-02 09:33:00,0.2161116989387324
2018-11-02 09:36:00,0.21252883625436425
2018-11-02 09:39:00,0.0966013592960735
2018-11-02 09:42:00,0.0844166333252474
2018-11-02 09:45:00,0.10790481708750121
2018-11-02 09:48:00,0.05312383451587266
2018-11-02 09:51:00,0.18985645169237841
2018-11-02 09:54:00,0.20508834327091563
2018-11-02 09:57:00,0.15731176196919705
2018-11-02 10:00:00,0.10088855289797038
2018-11-02 10:03:00,0.13636287555806348
2018-11-02 10:06:00,0.07509926266061484
2018-11-02 10:09:00,0.07277719207917244
2018-11-02 10:12:00,0.06181074570594092
2018-11-02 10:15:00,0.0603204414803713
2018-11-02 10:18:00,0.11949600811095706
2018-11-02 10:21:00,0.12276212555752863
2018-11-02 10:24:00,0.014316352983883007
2018-11-02 10:27:00,-0.055038687813578235
2018-11-02 10:30:00,0.09561128549034947
2018-11-02 10:33:00,0.042366319151767584
2018-11-02 10:36:00,-0.01840808876227129
2018-11-02 10:39:00,-0.015863647621074506
2018-11-02 10:42:00,0.13499580637130748
2018-11-02 10:45:00,0.038016025573199386
2018-11-02 10:48:00,0.09123865555420707
2018-11-02 10:51:00,-0.0040915715718483625
2018-11-02 10:54:00,0.00652520793119038
2018-11-02 10:57:00,0.04006127702444928
2018-11-02 11:00:00,-0.10444324270389416
2018-11-02 11:03:00,-0.06369069827280782
2018-11-02 11:06:00,-0.003205008137626919
2018-11-02 11:09:00,-0.054639712164657794
2018-11-02 11:12:00,0.010453258919710606
2018-11-02 11:15:00,-0.06569998580124548
2018-11-02 11:18:00,-0.13206098932391797
2018-11-02 11:21:00,-0.0025507083392426466
2018-11-02 11:24:00,-0.07687514068487644
2018-11-02 11:27:00,0.0973263181580819
2018-11-02 11:30:00,-0.041704524945657795
2018-11-02 11:33:00,-0.1150719550137751
2018-11-02 11:36:00,0.06404068035828914
2018-11-02 11:39:00,-0.03818750484856537
2018-11-02 11:42:00,-0.023174864770965087
2018-11-02 11:45:00,0.0002761472738370685
2018-11-02 11:48:00,-0.09994872998862547
2018-11-02 11:51:00,-0.06564373782953226
2018-11-02 11:54:00,-0.057829279422833224
2018-11-02 11:57:00,-0.12963521984050885
2018-11-02 12:00:00,-0.06107217540494503
2018-11-02 12:03:00,-0.06568103574142015
2018-11-02 12:06:00,-0.12264736899504669
2018-11-02 12:09:00,-0.0661821932447424
2018-11-02 12:12:00,-0.047780589546334795
2018-11-02 12:15:00,-0.04877227514725746
2018-11-02 12:18:00,0.030547341012663765
2018-11-02 12:21:00,0.022601238720540096
2018-11-02 12:24:00,-0.03439276181876494
2018-11-02 12:27:00,-0.0035511699444441547
2018-11-02 12:30:00,-0.036633604023847965
2018-11-02 12:33:00,-0.11429880631823153
2018-11-02 12:36:00,-0.052250143165395
2018-11-02 12:39:00,0.04316395646333149
2018-11-02 12:42:00,-0.089478746718612
2018-11-02 12:45:00,-0.17426469229496888
2018-11-02 12:48:00,-0.20251159873271263
2018-11-02 12:51:00,-0.22870162097723323
2018-11-02 12:54:00,-0.25274934466318655
2018-11-02 12:57:00,-0.08482401878586643
2018-11-02 13:00:00,-0.10263456709782304
2018-11-02 13:03:00,-0.06227180870672555
2018-11-02 13:06:00,-0.22014965416650512
2018-11-02 13:09:00,0.042570692512867936
2018-11-02 13:12:00,-0.06588689372875933
2018-11-02 13:15:00,0.013375169434084455
2018-11-02 13:18:00,-0.04027141542707113
2018-11-02 13:21:00,0.011335825909554842
2018-11-02 13:24:00,0.06562302563293088
2018-11-02 13:27:00,0.04476700849596682
2018-11-02 13:30:00,-0.01624568258915815
2018-11-02 13:33:00,-0.12902414406374874
2018-11-02 13:36:00,-0.11460724762298469
2018-11-02 13:39:00,0.035016378582440666
2018-11-02 13:42:00,-0.1726706550530821
2018-11-02 13:45:00,0.00724264279659792
2018-11-02 13:48:00,-0.10761118882271603
2018-11-02 13:51:00,-0.0070648436753799615
2018-11-02 13:54:00,-0.0775263868851539
2018-11-02 13:57:00,-0.047832930107972516
2018-11-02 14:00:00,0.016080426079952304
2018-11-02 14:03:00,0.084225786378056
2018-11-02 14:06:00,0.12758937913974933
2018-11-02 14:09:00,0.033482275715527976
2018-11-02 14:12:00,0.023211410660621823
2018-11-02 14:15:00,-0.048747990309323086
2018-11-02 14:18:00,-0.03101496959055794
2018-11-02 14:21:00,0.023252301549462118
2018-11-02 14:24:00,0.08457568907573432
2018-11-02 14:27:00,0.08343984568330143
2018-11-02 14:30:00,-0.012368829832610118
2018-11-02 14:33:00,-0.02189299717213089
2018-11-02 14:36:00,-0.018386802479255948
2018-11-02 14:39:00,0.1086351589573269
2018-11-02 14:42:00,-0.015265173148009126
2018-11-02 14:45:00,-0.021597846321697034
2018-11-02 14:48:00,0.09396650655151007
2018-11-02 14:51:00,0.15721065820639524
2018-11-02 14:54:00,0.12340056843277125
2018-11-02 14:57:00,0.09897694520276445
2018-11-02 15:00:00,0.08569742304769079
2018-11-02 15:03:00,0.026856386921281228
2018-11-02 15:06:00,0.12483654703464708
2018-11-02 15:09:00,0.10349669328644495
2018-11-02 15:12:00,0.1665384873435869
2018-11-02 15:15:00,0.10366311176693443
2018-11-02 15:18:00,0.13090673312177614
2018-11-02 15:21:00,0.2700803153978768
2018-11-02 15:24:00,0.25852785821285806
2018-11-02 15:27:00,0.3160528692319531
2018-11-02 15:30:00,0.3186422630775496
2018-11-02 15:33:00,0.45319672710922987
2018-11-02 15:36:00,0.3598719051735202
2018-11-02 15:39:00,0.438538804730058
2018-11-02 15:42:00,0.507178773700673
2018-11-02 15:45:00,0.5294164597111148
2018-11-02 15:48:00,0.4879280499003471
2018-11-02 15:51:00,0.48773402032384183
2018-11-02 15:54:00,0.4566482553391893
2018-11-02 15:57:00,0.5578718270182321
2018-11-02 16:00:00,0.5123739173508284
2018-11-02 16:03:00,0.42045304016744467
2018-11-02 16:06:00,0.4989203918369185
2018-11-02 16:09:00,0.4445187170706504
2018-11-02 16:12:00,0.5446629580694093
2018-11-02 16:15:00,0.4903915382200239
2018-11-02 16:18:00,0.5305738157405813
2018-11-02 16:21:00,0.4951381339132013
2018-11-02 16:24:00,0.5070021710888
2018-11-02 16:27:00,0.5466454651466961
2018-11-02 16:30:00,0.5166088239860755
2018-11-02 16:33:00,0.5380503599663484
2018-11-02 16:36:00,0.487417003812709
2018-11-02 16:39:00,0.4819010171103173
2018-11-02 16:42:00,0.4621389455422218
2018-11-02 16:45:00,0.3738189596542725
2018-11-02 16:48:00,0.44183647970550055
2018-11-02 16:51:00,0.2800490178029804
2018-11-02 16:54:00,0.3985537732710327
2018-11-02 16:57:00,0.32266552283454075
2018-11-02 17:00:00,0.3467871749247706
2018-11-02 17:03:00,0.3153434271929427
2018-11-02 17:06:00,0.34501807368718573
2018-11-02 17:09:00,0.39823965560503893
2018-11-02 17:12:00,0.3859308928381324
2018-11-02 17:15:00,0.40223265999418345
2018-11-02 17:18:00,0.3805736351599762
2018-11-02 17:21:00,0.36872251782403964
2018-11-02 17:24:00,0.3206565845619025
2018-11-02 17:27:00,0.25816083069179285
2018-11-02 17:30:00,0.24273827347917631
2018-11-02 17:33:00,0.32981161945753
2018-11-02 17:36:00,0.2807740772755096
2018-11-02 17:39:00,0.3025993223244541
2018-11-02 17:42:00,0.261775411947724
2018-11-02 17:45:00,0.329248059362385
2018-11-02 17:48:00,0.29039831022475937
2018-11-02 17:51:00,0.2941491617818883
2018-11-02 17:54:00,0.16766915399659865
2018-11-02 17:57:00,0.22697414505347524
2018-11-02 18:00:00,0.2240190106995783
2018-11-02 18:03:00,0.2282412065675885
2018-11-02 18:06:00,0.2874884039095491
2018-11-02 18:09:00,0.2380608194062006
2018-11-02 18:12:00,0.2562353762652947
2018-11-02 18:15:00,0.22950276823092963
2018-11-02 18:18:00,0.3640625981208814
2018-11-02 18:21:00,0.3124654698106042
2018-11-02 18:24:00,0.3576417483797627
2018-11-02 18:27:00,0.3975709300075323
2018-11-02 18:30:00,0.3582082303837524
2018-11-02 18:33:00,0.3292384367488239
2018-11-02 18:36:00,0.4353532638724005
2018-11-02 18:39:00,0.3216178764564006
2018-11-02 18:42:00,0.3712674119413464
2018-11-02 18:45:00,0.3487984056457094
2018-11-02 18:48:00,0.3190742310633823
2018-11-02 18:51:00,
2018-11-02 18:54:00,
2018-11-02 18:57:00,
2018-11-02 19:00:00,
2018-11-02 19:03:00,0.19450392095797042
2018-11-02 19:06:00,0.30766506261068116
2018-11-02 19:09:00,0.26951807438831565
2018-11-02 19:12:00,0.2843893944964293
2018-11-02 19:15:00,0.35761981712249735
2018-11-02 19:18:00,0.22301322417132496
2018-11-02 19:21:00,0.2583203009570525
2018-11-02 19:24:00,0.3274207396648876
2018-11-02 19:27:00,0.2654743232099577
2018-11-02 19:30:00,0.2900845288532423
2018-11-02 19:33:00,0.17770653826926264
2018-11-02 19:36:00,0.2658323584894333
2018-11-02 19:39:00,0.24276802485593407
2018-11-02 19:42:00,0.21319975597583607
2018-11-02 19:45:00,0.24422439496032666
2018-11-02 19:48:00,0.15704429167453782
2018-11-02 19:51:00,0.1206898740424549
2018-11-02 19:54:00,0.21063927626471468
2018-11-02 19:57:00,0.22881297015703694
2018-11-02 20:00:00,0.28334396977277265
2018-11-02 20:03:00,0.2737895811133626
2018-11-02 20:06:00,0.16800838150095387
2018-11-02 20:09:00,0.2223232047484771
2018-11-02 20:12:00,0.2221841260027304
2018-11-02 20:15:00,0.10858512527812536
2018-11-02 20:18:00,0.155386726813731
2018-11-02 20:21:00,0.16993110625435293
2018-11-02 20:24:00,0.15001909856465545
2018-11-02 20:27:00,0.17319885012551595
2018-11-02 20:30:00,0.199370697680763
2018-11-02 20:33:00,0.1388255312920137
2018-11-02 20:36:00,0.20167347908369493
2018-11-02 20:39:00,0.3206662771574429
2018-11-02 20:42:00,0.2965024769162028
2018-11-02 20:45:00,0.17019553804544785
2018-11-02 20:48:00,0.1745663441639067
2018-11-02 20:51:00,0.1748440072807398
2018-11-02 20:54:00,0.15318474087479217
2018-11-02 20:57:00,0.18529808885762122
2018-11-02 21:00:00,0.22826550728791517
2018-11-02 21:03:00,0.22514436522669712
2018-11-02 21:06:00,0.2257947001296543
2018-11-02 21:09:00,0.2544193696132311
2018-11-02 21:12:00,0.22122055358329362
2018-11-02 21:15:00,0.16928906378365127
2018-11-02 21:18:00,0.20343736627256703
2018-11-02 21:21:00,0.2116774015559031
2018-11-02 21:24:00,0.20214402644870688
2018-11-02 21:27:00,0.30163078727753145
2018-11-02 21:30:00,0.2038489266546435
2018-11-02 21:33:00,0.12540527447492877
2018-11-02 21:36:00,0.215995379271817
2018-11-02 21:39:00,0.23638679758312264
2018-11-02 21:42:00,0.24932067586655648
2018-11-02 21:45:00,0.32655902408106385
2018-11-02 21:48:00,0.33008532304415894
2018-11-02 21:51:00,0.32430928515805135
2018-11-02 21:54:00,0.35333107869064406
2018-11-02 21:57:00,0.3248915926501468
2018-11-02 22:00:00,0.40179756153315793
2018-11-02 22:03:00,0.3459374307509506
2018-11-02 22:06:00,0.32974104145876026
2018-11-02 22:09:00,0.3267820642623178
2018-11-02 22:12:00,0.4575972881282837
2018-11-02 22:15:00,0.34985416934688374
2018-11-02 22:18:00,0.3221754939589232
2018-11-02 22:21:00,0.2916112400719726
2018-11-02 22:24:00,0.32046953271753864
2018-11-02 22:27:00,0.3907020725755501
2018-11-02 22:30:00,0.38438146787854066
2018-11-02 22:33:00,0.23532190658249874
2018-11-02 22:36:00,0.18474366034308787
2018-11-02 22:39:00,0.19316255693257744
2018-11-02 22:42:00,0.17835913736155362
2018-11-02 22:45:00,0.30919266419471114
2018-11-02 22:48:00,0.39251035486500996
2018-11-02 22:51:00,0.3388444044803691
2018-11-02 22:54:00,0.33659701483566096
2018-11-02 22:57:00,0.34381431736665036
2018-11-02 23:00:00,0.3810799999109804
2018-11-02 23:03:00,0.4513066631810716
2018-11-02 23:06:00,0.3474598307166161
2018-11-02 23:09:00,0.47433573704432774
2018-11-02 23:12:00,0.40640719684313353
2018-11-02 23:15:00,0.46529633781022994
2018-11-02 23:18:00,0.49025914272090176
2018-11-02 23:21:00,0.3716966699412865
2018-11-02 23:24:00,0.45394687713701387
2018-11-02 23:27:00,0.4400142572470145
2018-11-02 23:30:00,0.49832986562046244
2018-11-02 23:33:00,0.3577560331383438
2018-11-02 23:36:00,0.3899949599302204
2018-11-02 23:39:00,0.4199475989354937
2018-11-02 23:42:00,0.5203056340525336
2018-11-02 23:45:00,0.4950791287252514
2018-11-02 23:48:00,0.44406615825397466
2018-11-02 23:51:00,0.4420643176882777
2018-11-02 23:54:00,0.5444627494472343
2018-11-02 23:57:00,0.48208564848363267
2018-11-03 00:00:00,0.4525735866525338
2018-11-03 00:03:00,0.5057200397863539
2018-11-03 00:06:00,0.39069496361105394
2018-11-03 00:09:00,0.4223996533460195
2018-11-03 00:12:00,0.49901322963262373
2018-11-03 00:15:00,0.43348911013509905
2018-11-03 00:18:00,0.4087829185325518
2018-11-03 00:21:00,0.4460802325199893
2018-11-03 00:24:00,0.513829013322038
2018-11-03 00:27:00,0.48253842549661385
2018-11-03 00:30:00,0.5650703113469149
2018-11-03 00:33:00,0.5327570526098384
2018-11-03 00:36:00,0.5642241988232968
2018-11-03 00:39:00,0.5137653185781232
2018-11-03 00:42:00,0.486674556060791
2018-11-03 00:45:00,0.5203210999429189
2018-11-03 00:48:00,0.47069150197296494
2018-11-03 00:51:00,0.46326602595979693
2018-11-03 00:54:00,0.43983600765557185
2018-11-03 00:57:00,0.4666877580843902
2018-11-03 01:00:00,0.4799463389097127
2018-11-03 01:03:00,0.404875650049064
2018-11-03 01:06:00,0.4651712972006976
2018-11-03 01:09:00,0.47819241653348854
2018-11-03 01:12:00,0.5301663321742467
2018-11-03 01:15:00,0.4273913115341088
2018-11-03 01:18:00,0.514619139132833
2018-11-03 01:21:00,0.44209169674206805
2018-11-03 01:24:00,0.5176163615823839
2018-11-03 01:27:00,0.3653567238848723
2018-11-03 01:30:00,0.47304934616914807
2018-11-03 01:33:00,0.4859462232740839
2018-11-03 01:36:00,0.5459708616951957
2018-11-03 01:39:00,0.4612922935542656
2018-11-03 01:42:00,0.5544899938755634
2018-11-03 01:45:00,0.5363331798124022
2018-11-03 01:48:00,0.4866890470968315
2018-11-03 01:51:00,0.47317552127998397
2018-11-03 01:54:00,0.4933400690889016
2018-11-03 01:57:00,0.513062312198997
2018-11-03 02:00:00,0.561458880533678
2018-11-03 02:03:00,0.5254538376295841
2018-11-03 02:06:00,0.5368269720175931
2018-11-03 02:09:00,0.5411677425286712
2018-11-03 02:12:00,0.551796380510666
2018-11-03 02:15:00,0.5394053160486578
2018-11-03 02:18:00,0.5671325937494203
2018-11-03 02:21:00,0.5934354931384291
2018-11-03 02:24:00,0.6828517379732943
2018-11-03 02:27:00,0.5275823927492524
2018-11-03 02:30:00,0.49101663917355154
2018-11-03 02:33:00,0.5422673900069412
2018-11-03 02:36:00,0.5229367282311728
2018-11-03 02:39:00,0.45068801489208
2018-11-03 02:42:00,0.5252556397044259
2018-11-03 02:45:00,0.5308383192646602
2018-11-03 02:48:00,0.5257306586997856
2018-11-03 02:51:00,0.4332717413385012
2018-11-03 02:54:00,0.44953770441713914
2018-11-03 02:57:00,0.45637676214278144
2018-11-03 03:00:00,0.43689481865288826
2018-11-03 03:03:00,0.47034397899869873
2018-11-03 03:06:00,0.47671668735785033
2018-11-03 03:09:00,0.3717371906667495
2018-11-03 03:12:00,0.4686135979076198
2018-11-03 03:15:00,0.40529081817192036
2018-11-03 03:18:00,0.40194557299076905
2018-11-03 03:21:00,0.4660585615852142
2018-11-03 03:24:00,0.35683774114568223
2018-11-03 03:27:00,0.37570379986942726
2018-11-03 03:30:00,0.451385391198869
2018-11-03 03:33:00,0.43071506632753653
2018-11-03 03:36:00,0.3392033157927017
2018-11-03 03:39:00,0.41374119105682894
2018-11-03 03:42:00,0.42793355777484976
2018-11-03 03:45:00,0.5093585809911474
2018-11-03 03:48:00,0.4381605248565279
2018-11-03 03:51:00,0.4049249106719799
2018-11-03 03:54:00,0.38668144969511786
2018-11-03 03:57:00,0.475626030695139
2018-11-03 04:00:00,0.4652488016026268
2018-11-03 04:03:00,0.40838761383565725
2018-11-03 04:06:00,0.5006780538521411
2018-11-03 04:09:00,0.49755884905516723
2018-11-03 04:12:00,0.5127338187755868
2018-11-03 04:15:00,0.469735985269665
2018-11-03 04:18:00,0.5423155526893311
2018-11-03 04:21:00,0.5338568667508525
2018-11-03 04:24:00,0.44623938660856766
2018-11-03 04:27:00,0.43927729059470266
2018-11-03 04:30:00,0.48074300918830204
2018-11-03 04:33:00,0.5447423365822033
2018-11-03 04:36:00,0.49070914095239004
2018-11-03 04:39:00,0.49398776761506724
2018-11-03 04:42:00,0.5088403810391924
2018-11-03 04:45:00,0.39741382885353005
2018-11-03 04:48:00,0.5394394088972376
2018-11-03 04:51:00,0.40775192888867196
2018-11-03 04:54:00,0.5016889167754925
2018-11-03 04:57:00,0.4383249014319972
2018-11-03 05:00:00,0.35247095045502874
2018-11-03 05:03:00,0.3782027539990622
2018-11-03 05:06:00,0.47249787751388794
2018-11-03 05:09:00,0.4331986286122742
2018-11-03 05:12:00,0.43626358272422294
2018-11-03 05:15:00,0.43297454925425427
2018-11-03 05:18:00,0.4569051841040732
2018-11-03 05:21:00,0.5289111804727895
2018-11-03 05:24:00,0.4317293850322699
2018-11-03 05:27:00,0.47261395093516967
2018-11-03 05:30:00,0.4335513924588099
2018-11-03 05:33:00,0.49445856569917623
2018-11-03 05:36:00,0.5102700712685646
2018-11-03 05:39:00,0.4802990052735936
2018-11-03 05:42:00,0.4414311866489129
2018-11-03 05:45:00,0.49106407059525736
2018-11-03 05:48:00,0.4853883746177985
2018-11-03 05:51:00,0.48339720723794244
2018-11-03 05:54:00,0.47331838877681776
2018-11-03 05:57:00,0.4060574120666729
2018-11-03 06:00:00,0.5022549669047294
2018-11-03 06:03:00,0.44345530958219115
2018-11-03 06:06:00,0.4378419927002142
2018-11-03 06:09:00,0.4145404487120459
2018-11-03 06:12:00,0.5096760217591623
2018-11-03 06:15:00,0.450770236477922
2018-11-03 06:18:00,0.4281240529154502
2018-11-03 06:21:00,0.530143463935417
2018-11-03 06:24:00,0.40746928122035797
2018-11-03 06:27:00,0.49711727629482994
2018-11-03 06:30:00,0.4231934625444751
2018-11-03 06:33:00,0.39155644885119045
2018-11-03 06:36:00,0.5098845481908825
2018-11-03 06:39:00,0.42662431122454336
2018-11-03 06:42:00,0.44310813604766963
2018-11-03 06:45:00,0.4009205421959905
2018-11-03 06:48:00,0.4833525589803571
2018-11-03 06:51:00,0.5553166411829693
2018-11-03 06:54:00,0.46453416235596023
2018-11-03 06:57:00,0.46406829282506123
2018-11-03 07:00:00,0.5043410980532599
2018-11-03 07:03:00,0.4945879738365875
2018-11-03 07:06:00,0.5115533535108057
2018-11-03 07:09:00,0.4758560309284121
2018-11-03 07:12:00,0.47515331359858237
2018-11-03 07:15:00,0.5348624155195694
2018-11-03 07:18:00,0.4460750857771245
2018-11-03 07:21:00,0.4892090140240839
2018-11-03 07:24:00,0.48189298188594876
2018-11-03 07:27:00,0.3955115247870822
2018-11-03 07:30:00,0.471336881095624
2018-11-03 07:33:00,0.4128533041898095
2018-11-03 07:36:00,0.38862678893013936
2018-11-03 07:39:00,0.44503150008267767
2018-11-03 07:42:00,0.3950887281848736
2018-11-03 07:45:00,0.5273319294323642
2018-11-03 07:48:00,0.5065635613307222
2018-11-03 07:51:00,0.41703742825961854
2018-11-03 07:54:00,0.36212286241436686
2018-11-03 07:57:00,0.5011527542860676
2018-11-03 08:00:00,0.46198130344777155
2018-11-03 08:03:00,0.37776444274885534
2018-11-03 08:06:00,0.3689923921770628
2018-11-03 08:09:00,0.411334468527059
2018-11-03 08:12:00,0.46430019037944703
2018-11-03 08:15:00,0.4523649760415651
2018-11-03 08:18:00,0.3491297529770918
2018-11-03 08:21:00,0.5506035992191869
2018-11-03 08:24:00,0.3518459916354004
2018-11-03 08:27:00,0.4185796984343142
2018-11-03 08:30:00,0.43545147296282494
2018-11-03 08:33:00,0.3350559261650119
2018-11-03 08:36:00,0.2669206843358438
2018-11-03 08:39:00,0.299488274236694
2018-11-03 08:42:00,0.407230596387933
2018-11-03 08:45:00,0.44512198164068195
2018-11-03 08:48:00,0.3991394531736887
2018-11-03 08:51:00,0.3345860211999252
2018-11-03 08:54:00,0.3889079457304092
2018-11-03 08:57:00,0.3072068036021278
2018-11-03 09:00:00,0.3015052689789286
2018-11-03 09:03:00,0.35898752112854027
2018-11-03 09:06:00,0.3980308875159153
2018-11-03 09:09:00,0.3943731145819811
2018-11-03 09:12:00,0.46723371423342996
2018-11-03 09:15:00,0.34556094991376085
2018-11-03 09:18:00,0.292484865661379
2018-11-03 09:21:00,0.3343055354674789
2018-11-03 09:24:00,0.27824820341811574
2018-11-03 09:27:00,0.37940303077817816
2018-11-03 09:30:00,0.42584051689198077
2018-11-03 09:33:00,0.3150752438753557
2018-11-03 09:36:00,0.3370137449421122
2018-11-03 09:39:00,0.36091877369727854
2018-11-03 09:42:00,0.3110780603954595
2018-11-03 09:45:00,0.320373671367463
2018-11-03 09:48:00,0.28520533791646585
2018-11-03 09:51:00,0.3283846928300136
2018-11-03 09:54:00,0.22619396081165632
2018-11-03 09:57:00,0.21512483180464415
2018-11-03 10:00:00,0.154183340264467
2018-11-03 10:03:00,0.1938320722903768
2018-11-03 10:06:00,0.1367057064534265
2018-11-03 10:09:00,0.2022216481238388
2018-11-03 10:12:00,0.12061654991885007
2018-11-03 10:15:00,0.14186390601383891
2018-11-03 10:18:00,0.09599620413490584
2018-11-03 10:21:00,0.13818700906927006
2018-11-03 10:24:00,-0.006717531953881917
2018-11-03 10:27:00,0.08557363192159073
2018-11-03 10:30:00,0.01830010940864213
2018-11-03 10:33:00,0.10014208285826953
2018-11-03 10:36:00,0.007911399194313162
2018-11-03 10:39:00,0.03547686842711073
2018-11-03 10:42:00,0.055649099571553506
2018-11-03 10:45:00,0.022626831909576595
2018-11-03 10:48:00,-0.03997603884397449
2018-11-03 10:51:00,-0.09645707971583306
2018-11-03 10:54:00,-0.07736205253877415
2018-11-03 10:57:00,0.016966871109616477
2018-11-03 11:00:00,-0.04145427366000831
2018-11-03 11:03:00,-0.07338982827388918
2018-11-03 11:06:00,-0.06810930764953582
2018-11-03 11:09:00,-0.053183409650841895
2018-11-03 11:12:00,-0.14056448357121099
2018-11-03 11:15:00,-0.04887808654206083
2018-11-03 11:18:00,-0.06123185800004194
2018-11-03 11:21:00,-0.08352552653860812
2018-11-03 11:24:00,-0.0060520378761452776
2018-11-03 11:27:00,-0.1821604511676469
2018-11-03 11:30:00,-0.16827321118336158
2018-11-03 11:33:00,-0.10800608217886065
2018-11-03 11:36:00,-0.2090237714921841
2018-11-03 11:39:00,-0.0790847864651596
2018-11-03 11:42:00,-0.11894611001565636
2018-11-03 11:45:00,-0.11012095613727979
2018-11-03 11:48:00,-0.08465590291626768
2018-11-03 11:51:00,-0.06886291716460846
2018-11-03 11:54:00,-0.02433297727208128
2018-11-03 11:57:00,-0.08095691034020547
2018-11-03 12:00:00,-0.10937978098002077
2018-11-03 12:03:00,-0.19116392175101282
2018-11-03 12:06:00,-0.15093309468250027
2018-11-03 12:09:00,-0.19028561018450318
2018-11-03 12:12:00,-0.12828903557942795
2018-11-03 12:15:00,-0.22485427709932537
2018-11-03 12:18:00,-0.15284899068819868
2018-11-03 12:21:00,-0.0709784492886456
2018-11-03 12:24:00,-0.0061584841570834215
2018-11-03 12:27:00,0.01905248246538349
2018-11-03 12:30:00,0.16830694396225
2018-11-03 12:33:00,0.06588191739325566
2018-11-03 12:36:00,0.04910146048052866
2018-11-03 12:39:00,0.0732070778860816
2018-11-03 12:42:00,0.08952703710156129
2018-11-03 12:45:00,0.141688942564258
2018-11-03 12:48:00,0.25971625680250554
2018-11-03 12:51:00,0.13906478399763955
2018-11-03 12:54:00,0.1503106170641786
2018-11-03 12:57:00,0.08333461797013797
2018-11-03 13:00:00,-0.05552388756922255
2018-11-03 13:03:00,-0.09798346472371122
2018-11-03 13:06:00,-0.16432081778748397
2018-11-03 13:09:00,-0.21347285387309967
2018-11-03 13:12:00,-0.06291755152614087
2018-11-03 13:15:00,-0.05043591380081125
2018-11-03 13:18:00,-0.14188405133148763
2018-11-03 13:21:00,-0.041313097776821905
2018-11-03 13:24:00,-0.02956265061470731
2018-11-03 13:27:00,-0.024377518372148188
2018-11-03 13:30:00,-0.003951333942382007
2018-11-03 13:33:00,0.024611449041003652
2018-11-03 13:36:00,-0.0021689482447868613
2018-11-03 13:39:00,-0.0060417271114943105
2018-11-03 13:42:00,0.06222531311715329
2018-11-03 13:45:00,0.09057398415808393
2018-11-03 13:48:00,0.056229323522472896
2018-11-03 13:51:00,0.02406060653129316
2018-11-03 13:54:00,-0.02646301292958242
2018-11-03 13:57:00,-0.12366968517045507
2018-11-03 14:00:00,-0.05837536730825832
2018-11-03 14:03:00,-0.1567304533374454
2018-11-03 14:06:00,-0.1273313745151654
2018-11-03 14:09:00,-0.08092594041937673
2018-11-03 14:12:00,0.09676562803701927
2018-11-03 14:15:00,0.10723202645891661
2018-11-03 14:18:00,0.047102932536404296
2018-11-03 14:21:00,0.12392196214545947
2018-11-03 14:24:00,0.059478815572447274
2018-11-03 14:27:00,0.11124434988596477
2018-11-03 14:30:00,0.10360818282873652
2018-11-03 14:33:00,0.15327705034553674
2018-11-03 14:36:00,0.25883720855284764
2018-11-03 14:39:00,0.16217276359009247
2018-11-03 14:42:00,0.19258518363506028
2018-11-03 14:45:00,0.16024090483097098
2018-11-03 14:48:00,0.19932696630843338
2018-11-03 14:51:00,0.24330226352765294
2018-11-03 14:54:00,0.18671899459712904
2018-11-03 14:57:00,0.1424738539445798
2018-11-03 15:00:00,0.21377551657656113
2018-11-03 15:03:00,0.18248238793773908
2018-11-03 15:06:00,0.2732112932968107
2018-11-03 15:09:00,0.3193303678934285
2018-11-03 15:12:00,0.19516669882887072
2018-11-03 15:15:00,0.3147592897267373
2018-11-03 15:18:00,0.264566333444634
2018-11-03 15:21:00,0.2856057944010786
2018-11-03 15:24:00,0.11545044064774856
2018-11-03 15:27:00,0.13955978797531543
2018-11-03 15:30:00,0.08740783005657704
2018-11-03 15:33:00,0.2378791118885033
2018-11-03 15:36:00,0.11017182220109589
2018-11-03 15:39:00,0.20336236597313473
2018-11-03 15:42:00,0.20015237880937775
2018-11-03 15:45:00,0.2395491393135103
2018-11-03 15:48:00,0.33276279743643045
2018-11-03 15:51:00,0.2804318085093769
2018-11-03 15:54:00,0.3364862271160973
2018-11-03 15:57:00,0.32424798844323277
2018-11-03 16:00:00,0.32357499251179433
2018-11-03 16:03:00,0.30012833614682677
2018-11-03 16:06:00,0.4088716440176654
2018-11-03 16:09:00,0.28926711821173967
2018-11-03 16:12:00,0.1984251738764442
2018-11-03 16:15:00,0.2620541763566848
2018-11-03 16:18:00,0.281696174214062
2018-11-03 16:21:00,0.15693468071634697
2018-11-03 16:24:00,0.15467683061348225
2018-11-03 16:27:00,0.23398908517197015
2018-11-03 16:30:00,0.18125005966942354
2018-11-03 16:33:00,0.19394688978940167
2018-11-03 16:36:00,0.2555191818933622
2018-11-03 16:39:00,0.23216450354647122
2018-11-03 16:42:00,0.2492898532059371
2018-11-03 16:45:00,0.2092243030783152
2018-11-03 16:48:00,0.14172530350145962
2018-11-03 16:51:00,0.1649260658015237
2018-11-03 16:54:00,0.21375701667557223
2018-11-03 16:57:00,0.264100921056297
2018-11-03 17:00:00,0.23101346504569165
2018-11-03 17:03:00,0.14879226387444078
2018-11-03 17:06:00,0.23103470276282678
2018-11-03 17:09:00,0.24634363721690988
2018-11-03 17:12:00,0.2378236811359784
2018-11-03 17:15:00,0.3628904965316906
2018-11-03 17:18:00,0.2972627920914306
2018-11-03 17:21:00,0.2765466969965473
2018-11-03 17:24:00,0.27140297407464686
2018-11-03 17:27:00,0.23798457211916002
2018-11-03 17:30:00,0.16099177200436543
2018-11-03 17:33:00,0.1848471788401298
2018-11-03 17:36:00,0.2207425162712866
2018-11-03 17:39:00,0.22344016278725576
2018-11-03 17:42:00,0.2649096610250581
2018-11-03 17:45:00,0.23466373152081133
2018-11-03 17:48:00,0.20213424187056717
2018-11-03 17:51:00,0.19083456008428357
2018-11-03 17:54:00,0.2519835246213802
2018-11-03 17:57:00,0.22035606846003475
2018-11-03 18:00:00,0.18883871275926367
2018-11-03 18:03:00,0.2740405193786728
2018-11-03 18:06:00,0.2599092971509549
2018-11-03 18:09:00,0.2780572320116903
2018-11-03 18:12:00,0.35882191832035915
2018-11-03 18:15:00,0.24200467684198657
2018-11-03 18:18:00,0.28522184132378925
2018-11-03 18:21:00,0.200086433520255
2018-11-03 18:24:00,0.23792300570625002
2018-11-03 18:27:00,0.2959346702626817
2018-11-03 18:30:00,0.24908415094262182
2018-11-03 18:33:00,0.20407607896947866
2018-11-03 18:36:00,0.19636106873161907
2018-11-03 18:39:00,0.24696432788351785
2018-11-03 18:42:00,0.23577844645586765
2018-11-03 18:45:00,0.2732365549222777
2018-11-03 18:48:00,0.30001613779239733
2018-11-03 18:51:00,0.2976948397393926
2018-11-03 18:54:00,0.26012718304707505
2018-11-03 18:57:00,
2018-11-03 19:00:00,
2018-11-03 19:03:00,0.28798435834431757
2018-11-03 19:06:00,0.28009449564962097
2018-11-03 19:09:00,0.26510492694956156
2018-11-03 19:12:00,0.24918931801408917
2018-11-03 19:15:00,0.2594976685444408
2018-11-03 19:18:00,0.22339429000373912
2018-11-03 19:21:00,0.26524234100349986
2018-11-03 19:24:00,0.2388460664105878
2018-11-03 19:27:00,0.30243341552898073
2018-11-03 19:30:00,0.31539631050907246
2018-11-03 19:33:00,0.3422969267476219
2018-11-03 19:36:00,0.31120409219056455
2018-11-03 19:39:00,0.2593297412206539
2018-11-03 19:42:00,0.22746937475301365
2018-11-03 19:45:00,0.2584216280851592
2018-11-03 19:48:00,0.35332556354819644
2018-11-03 19:51:00,0.28952610559116465
2018-11-03 19:54:00,0.2695511654529241
2018-11-03 19:57:00,0.3144523061257587
2018-11-03 20:00:00,0.2750700719025758
2018-11-03 20:03:00,0.38712292987816
2018-11-03 20:06:00,0.2965511194474857
2018-11-03 20:09:00,0.22202409047872607
2018-11-03 20:12:00,0.2496042738473534
2018-11-03 20:15:00,0.2322354209718469
2018-11-03 20:18:00,0.23539250555307945
2018-11-03 20:21:00,0.20596166949206918
2018-11-03 20:24:00,0.25105713572264676
2018-11-03 20:27:00,0.3031453870117389
2018-11-03 20:30:00,0.30192505189990015
2018-11-03 20:33:00,0.2753923013003714
2018-11-03 20:36:00,0.277831082024818
2018-11-03 20:39:00,0.3008451870941258
2018-11-03 20:42:00,0.2844470312966223
2018-11-03 20:45:00,0.2518932720229259
2018-11-03 20:48:00,0.3306936444525377
2018-11-03 20:51:00,0.3982088290406409
2018-11-03 20:54:00,0.2541588775888499
2018-11-03 20:57:00,0.21953787078695086
2018-11-03 21:00:00,0.1950320623901689
2018-11-03 21:03:00,0.3251696533686186
2018-11-03 21:06:00,0.24665383356392567
2018-11-03 21:09:00,0.30356325312629906
2018-11-03 21:12:00,0.2789756935718515
2018-11-03 21:15:00,0.2933507313509267
2018-11-03 21:18:00,0.2563923175507057
2018-11-03 21:21:00,0.2536648960330581
2018-11-03 21:24:00,0.2542725053236836
2018-11-03 21:27:00,0.3303397360248823
2018-11-03 21:30:00,0.35400546730147653
2018-11-03 21:33:00,0.2954142327531031
2018-11-03 21:36:00,0.3546355437712805
2018-11-03 21:39:00,0.28006462727387316
2018-11-03 21:42:00,0.40364498950134475
2018-11-03 21:45:00,0.4010205988431039
2018-11-03 21:48:00,0.41637851446142804
2018-11-03 21:51:00,0.36139022093419726
2018-11-03 21:54:00,0.3526854205966288
2018-11-03 21:57:00,0.3447887543125603
2018-11-03 22:00:00,0.3074945747235347
2018-11-03 22:03:00,0.4089558989792863
2018-11-03 22:06:00,0.31841564121185684
2018-11-03 22:09:00,0.3884637200961265
2018-11-03 22:12:00,0.405158887446305
2018-11-03 22:15:00,0.35303628052207614
2018-11-03 22:18:00,0.35788994546902586
2018-11-03 22:21:00,0.390771494841772
2018-11-03 22:24:00,0.2893246212759095
2018-11-03 22:27:00,0.29052542165146633
2018-11-03 22:30:00,0.2693594302102156
2018-11-03 22:33:00,0.39087787118336337
2018-11-03 22:36:00,0.3967374413584821
2018-11-03 22:39:00,0.4708070402293174
2018-11-03 22:42:00,0.3466292624074754
2018-11-03 22:45:00,0.3599565764484396
2018-11-03 22:48:00,0.3641423009484015
2018-11-03 22:51:00,0.3825667650504556
2018-11-03 22:54:00,0.41721245379244465
2018-11-03 22:57:00,0.3305645225436251
2018-11-03 23:00:00,0.3831409932675456
2018-11-03 23:03:00,0.44240897561877546
2018-11-03 23:06:00,0.4403751107422522
2018-11-03 23:09:00,0.4216754908316034
2018-11-03 23:12:00,0.435785842115763
2018-11-03 23:15:00,0.5358548306518287
2018-11-03 23:18:00,0.3632216728474873
2018-11-03 23:21:00,0.48439402887737515
2018-11-03 23:24:00,0.3784083874680846
2018-11-03 23:27:00,0.4407080159354564
2018-11-03 23:30:00,0.4167771515816412
2018-11-03 23:33:00,0.3928985605684261
2018-11-03 23:36:00,0.45506290158891716
2018-11-03 23:39:00,0.4221317558704527
2018-11-03 23:42:00,0.447613884150428
2018-11-03 23:45:00,0.38839964130897897
2018-11-03 23:48:00,0.2563350480863278
2018-11-03 23:51:00,0.36561040609274187
2018-11-03 23:54:00,0.442672931669847
2018-11-03 23:57:00,0.44245044916283405
2018-11-04 00:00:00,0.42276131911080483
2018-11-04 00:03:00,0.4051445899160626
2018-11-04 00:06:00,0.43946459735190047
2018-11-04 00:09:00,0.5116978337147202
2018-11-04 00:12:00,0.5013196196459262
2018-11-04 00:15:00,0.3077129985210263
2018-11-04 00:18:00,0.3749395101639834
2018-11-04 00:21:00,0.366364047585364
2018-11-04 00:24:00,0.41074071915141985
2018-11-04 00:27:00,0.4595783183548292
2018-11-04 00:30:00,0.4375625549645292
2018-11-04 00:33:00,0.46896642760776786
2018-11-04 00:36:00,0.4498000522980874
2018-11-04 00:39:00,0.45080389341154614
2018-11-04 00:42:00,0.4180157797684956
2018-11-04 00:45:00,0.4058289995780342
2018-11-04 00:48:00,0.3581881760518968
2018-11-04 00:51:00,0.41997771631656633
2018-11-04 00:54:00,0.5028889201132642
2018-11-04 00:57:00,0.3359981094118325
2018-11-04 01:00:00,0.40486702780316364
2018-11-04 01:03:00,0.4488276237322566
2018-11-04 01:06:00,0.4966199180073545
2018-11-04 01:09:00,0.4233909519185204
2018-11-04 01:12:00,0.4443607662468594
2018-11-04 01:15:00,0.46975457972143886
2018-11-04 01:18:00,0.4647902646839839
2018-11-04 01:21:00,0.5563802042044017
2018-11-04 01:24:00,0.5067810262893886
2018-11-04 01:27:00,0.49057307916200443
2018-11-04 01:30:00,0.4779963551725359
2018-11-04 01:33:00,0.4324582487529369
2018-11-04 01:36:00,0.4327333848888202
2018-11-04 01:39:00,0.4741403955038095
2018-11-04 01:42:00,0.44666886661997296
2018-11-04 01:45:00,0.4832166303780241
2018-11-04 01:48:00,0.4312403520006569
2018-11-04 01:51:00,0.47296113648917526
2018-11-04 01:54:00,0.38096050999729414
2018-11-04 01:57:00,0.3639481875909496
2018-11-04 02:00:00,0.37827279287841975
2018-11-04 02:03:00,0.47316109751670865
2018-11-04 02:06:00,0.3959662090938991
2018-11-04 02:09:00,0.3818748604680309
2018-11-04 02:12:00,0.4207087570453041
2018-11-04 02:15:00,0.4265230933129942
2018-11-04 02:18:00,0.47547493187602186
2018-11-04 02:21:00,0.5308779309545457
2018-11-04 02:24:00,0.5275908227164336
2018-11-04 02:27:00,0.5636959061754396
2018-11-04 02:30:00,0.5726217465468721
2018-11-04 02:33:00,0.6135499900292984
2018-11-04 02:36:00,0.5517324199419704
2018-11-04 02:39:00,0.5201407517830035
2018-11-04 02:42:00,0.5087312325995299
2018-11-04 02:45:00,0.5726701265723477
2018-11-04 02:48:00,0.46165643202186857
2018-11-04 02:51:00,0.4872101692966453
2018-11-04 02:54:00,0.47291547087905883
2018-11-04 02:57:00,0.5192890041974465
2018-11-04 03:00:00,0.4589266555248628
2018-11-04 03:03:00,0.47092067590443776
2018-11-04 03:06:00,0.4961717143775104
2018-11-04 03:09:00,0.4813188872763021
2018-11-04 03:12:00,0.444195788656657
2018-11-04 03:15:00,0.4137877032910069
2018-11-04 03:18:00,0.4650187637432168
2018-11-04 03:21:00,0.4243984878049787
2018-11-04 03:24:00,0.44229268789223397
2018-11-04 03:27:00,0.4848479209891252
2018-11-04 03:30:00,0.4128607837096183
2018-11-04 03:33:00,0.47177703116341263
2018-11-04 03:36:00,0.49845309860552334
2018-11-04 03:39:00,0.5303896606543503
2018-11-04 03:42:00,0.46894474307646306
2018-11-04 03:45:00,0.47787246760714197
2018-11-04 03:48:00,0.48143369284593973
2018-11-04 03:51:00,0.5030904336636581
2018-11-04 03:54:00,0.5617417498914392
2018-11-04 03:57:00,0.5090246906646598
2018-11-04 04:00:00,0.5202365585908524
2018-11-04 04:03:00,0.520336930597864
2018-11-04 04:06:00,0.4773728768109322
2018-11-04 04:09:00,0.4044656848749355
2018-11-04 04:12:00,0.4592434399634726
2018-11-04 04:15:00,0.48157027157191123
2018-11-04 04:18:00,0.5512447907485694
2018-11-04 04:21:00,0.4495628889366685
2018-11-04 04:24:00,0.4670740400956106
2018-11-04 04:27:00,0.481785331257754
2018-11-04 04:30:00,0.4627555253513833
2018-11-04 04:33:00,0.5543317241497903
2018-11-04 04:36:00,0.46300484962989685
2018-11-04 04:39:00,0.44699753984536983
2018-11-04 04:42:00,0.46348416853379604
2018-11-04 04:45:00,0.4337369303510741
2018-11-04 04:48:00,0.5170804653718619
2018-11-04 04:51:00,0.5386862957520862
2018-11-04 04:54:00,0.5083102048907904
2018-11-04 04:57:00,0.510314101247161
2018-11-04 05:00:00,0.45263312637035824
2018-11-04 05:03:00,0.5350348809721481
2018-11-04 05:06:00,0.4412195961405132
2018-11-04 05:09:00,0.48714407375825886
2018-11-04 05:12:00,0.5283065728647784
2018-11-04 05:15:00,0.555971226189854
2018-11-04 05:18:00,0.5137428035402536
2018-11-04 05:21:00,0.5563960657058828
2018-11-04 05:24:00,0.43526104846171165
2018-11-04 05:27:00,0.4302643755843292
2018-11-04 05:30:00,0.4289922265131736
2018-11-04 05:33:00,0.5211216418886124
2018-11-04 05:36:00,0.5224236692874342
2018-11-04 05:39:00,0.5415917795617702
2018-11-04 05:42:00,0.48806874125534705
2018-11-04 05:45:00,0.5409006698746452
2018-11-04 05:48:00,0.43072093797775324
2018-11-04 05:51:00,0.49730744383720094
2018-11-04 05:54:00,0.49126456992888734
2018-11-04 05:57:00,0.40565279027191536
2018-11-04 06:00:00,0.4526646107725014
2018-11-04 06:03:00,0.410252186949549
2018-11-04 06:06:00,0.39699041820097136
2018-11-04 06:09:00,0.4471298745800141
2018-11-04 06:12:00,0.3895017819037889
2018-11-04 06:15:00,0.40326596099345124
2018-11-04 06:18:00,0.3759319429888137
2018-11-04 06:21:00,0.4101656755626095
2018-11-04 06:24:00,0.3657086314109961
2018-11-04 06:27:00,0.4153993709946917
2018-11-04 06:30:00,0.3682167470765876
2018-11-04 06:33:00,0.3503431470421674
2018-11-04 06:36:00,0.38706214150914775
2018-11-04 06:39:00,0.3844031570263837
2018-11-04 06:42:00,0.3415407172071241
2018-11-04 06:45:00,0.4111935086775702
2018-11-04 06:48:00,0.4498310959397145
2018-11-04 06:51:00,0.41178916350008876
2018-11-04 06:54:00,0.37245511300938006
2018-11-04 06:57:00,0.4880431576235651
2018-11-04 07:00:00,0.39366924834382644
2018-11-04 07:03:00,0.3767174719670834
2018-11-04 07:06:00,0.3400280368352355
2018-11-04 07:09:00,0.3710479577362662
2018-11-04 07:12:00,0.39559913891025644
2018-11-04 07:15:00,0.4678584713242344
2018-11-04 07:18:00,0.31090028357601796
2018-11-04 07:21:00,0.3381979604191656
2018-11-04 07:24:00,0.42599403386486756
2018-11-04 07:27:00,0.30813637375979397
2018-11-04 07:30:00,0.35099069990684484
2018-11-04 07:33:00,0.4312335609162119
2018-11-04 07:36:00,0.4455320637953264
2018-11-04 07:39:00,0.34047880157550026
2018-11-04 07:42:00,0.26558976552672675
2018-11-04 07:45:00,0.2977259917953461
2018-11-04 07:48:00,0.27417826100662523
2018-11-04 07:51:00,0.2990358240697901
2018-11-04 07:54:00,0.314727876131883
2018-11-04 07:57:00,0.3558404912738524
2018-11-04 08:00:00,0.29779605213650484
2018-11-04 08:03:00,0.2517448126171189
2018-11-04 08:06:00,0.36054752174203486
2018-11-04 08:09:00,0.34428162486472047
2018-11-04 08:12:00,0.3126556966626026
2018-11-04 08:15:00,0.2227492106925979
2018-11-04 08:18:00,0.25661707892186314
2018-11-04 08:21:00,0.2430387432272596
2018-11-04 08:24:00,0.3817909414632936
2018-11-04 08:27:00,0.30297529093547837
2018-11-04 08:30:00,0.2782438028050933
2018-11-04 08:33:00,0.29165400679630693
2018-11-04 08:36:00,0.2737804266897115
2018-11-04 08:39:00,0.19430248735000077
2018-11-04 08:42:00,0.28073918062170833
2018-11-04 08:45:00,0.2665501106125703
2018-11-04 08:48:00,0.2406896496301556
2018-11-04 08:51:00,0.23982410610466331
2018-11-04 08:54:00,0.17203475986093508
2018-11-04 08:57:00,0.21483333019739348
2018-11-04 09:00:00,0.20717498611179508
2018-11-04 09:03:00,0.22162132843288873
2018-11-04 09:06:00,0.25124880257516224
2018-11-04 09:09:00,0.27201329208463676
2018-11-04 09:12:00,0.1892781510736654
2018-11-04 09:15:00,0.19223748461558898
2018-11-04 09:18:00,0.1787930598920866
2018-11-04 09:21:00,0.12814768356832928
2018-11-04 09:24:00,0.05060864549142252
2018-11-04 09:27:00,0.13413953217110475
2018-11-04 09:30:00,0.04386020080147546
2018-11-04 09:33:00,0.24812376151595572
2018-11-04 09:36:00,0.04605418031047748
2018-11-04 09:39:00,0.11947761527602552
2018-11-04 09:42:00,0.20422856905429398
2018-11-04 09:45:00,0.21374366147682622
2018-11-04 09:48:00,0.12094027480532077
2018-11-04 09:51:00,0.2007024883087638
2018-11-04 09:54:00,0.08280344591724997
2018-11-04 09:57:00,0.20796828272676748
2018-11-04 10:00:00,0.0662025261607937
2018-11-04 10:03:00,0.058809859383870844
2018-11-04 10:06:00,0.15597266495217355
2018-11-04 10:09:00,0.08388279177415825
2018-11-04 10:12:00,0.04267450948725582
2018-11-04 10:15:00,0.12216093189971389
2018-11-04 10:18:00,0.06839074434356007
2018-11-04 10:21:00,-0.005957688501212033
2018-11-04 10:24:00,0.10809949173403766
2018-11-04 10:27:00,-0.04325049321010965
2018-11-04 10:30:00,0.08244580035574245
2018-11-04 10:33:00,0.1420085216126381
2018-11-04 10:36:00,0.16571352806482764
2018-11-04 10:39:00,0.11311737957277046
2018-11-04 10:42:00,0.06419998958619999
2018-11-04 10:45:00,0.10665323998239273
2018-11-04 10:48:00,0.002556805200811141
2018-11-04 10:51:00,0.12908316807380515
2018-11-04 10:54:00,-0.04977706679909488
2018-11-04 10:57:00,-0.03318693272541395
2018-11-04 11:00:00,-0.07751670367440511
2018-11-04 11:03:00,-0.015767477379313277
2018-11-04 11:06:00,-0.0015687043327829997
2018-11-04 11:09:00,-0.00899305720929533
2018-11-04 11:12:00,0.03075543547208781
2018-11-04 11:15:00,-0.06408488743028329
2018-11-04 11:18:00,-0.11721598316756854
2018-11-04 11:21:00,-0.16387206617656602
2018-11-04 11:24:00,-0.12920212581474289
2018-11-04 11:27:00,-0.20538549109016913
2018-11-04 11:30:00,-0.21078505219747967
2018-11-04 11:33:00,-0.19969825133057384
2018-11-04 11:36:00,-0.2617922224694098
2018-11-04 11:39:00,-0.2749128885989194
2018-11-04 11:42:00,-0.20702467227084753
2018-11-04 11:45:00,-0.07421592292604373
2018-11-04 11:48:00,-0.05951705027098342
2018-11-04 11:51:00,0.008147072702058722
2018-11-04 11:54:00,0.03825870627218819
2018-11-04 11:57:00,0.0347779794472558
2018-11-04 12:00:00,0.12370340220138587
2018-11-04 12:03:00,0.0955687127113265
2018-11-04 12:06:00,-0.05842808140272382
2018-11-04 12:09:00,0.1483384752797292
2018-11-04 12:12:00,0.1689143080689064
2018-11-04 12:15:00,0.022229951832457573
2018-11-04 12:18:00,0.005692124320376024
2018-11-04 12:21:00,-0.01840006436850672
2018-11-04 12:24:00,0.019730669908767595
2018-11-04 12:27:00,-0.048601234013801786
2018-11-04 12:30:00,-0.07847928469817589
2018-11-04 12:33:00,-0.011464627510463288
2018-11-04 12:36:00,-0.16736060793198249
2018-11-04 12:39:00,-0.16703607333067794
2018-11-04 12:42:00,-0.25804979847708864
2018-11-04 12:45:00,-0.15957545984110766
2018-11-04 12:48:00,0.0007576271702873782
2018-11-04 12:51:00,-0.15617896003942633
2018-11-04 12:54:00,-0.013811802570046439
2018-11-04 12:57:00,0.14276217108726996
2018-11-04 13:00:00,0.1953977381461982
2018-11-04 13:03:00,0.1266731558546894
2018-11-04 13:06:00,0.0632751543811878
2018-11-04 13:09:00,0.12347906444415457
2018-11-04 13:12:00,0.08626763499620438
2018-11-04 13:15:00,0.35275697179037024
2018-11-04 13:18:00,0.43143954693442765
2018-11-04 13:21:00,0.42828709404864185
2018-11-04 13:24:00,0.4421998415515418
2018-11-04 13:27:00,0.4658860232891584
2018-11-04 13:30:00,0.5279487227502955
2018-11-04 13:33:00,0.6038458801006641
2018-11-04 13:36:00,0.5365674803368279
2018-11-04 13:39:00,0.49866533842418903
2018-11-04 13:42:00,0.6620493649963919
2018-11-04 13:45:00,0.4772257518434344
2018-11-04 13:48:00,0.46212162892351216
2018-11-04 13:51:00,0.4116147163048822
2018-11-04 13:54:00,0.2936325802097599
2018-11-04 13:57:00,0.213584403416462
2018-11-04 14:00:00,0.15174899807755082
2018-11-04 14:03:00,0.1715700523835153
2018-11-04 14:06:00,0.12514560146718168
2018-11-04 14:09:00,0.16187493777187
2018-11-04 14:12:00,0.13138414493653272
2018-11-04 14:15:00,0.1745823332652776
2018-11-04 14:18:00,0.076081585812517
2018-11-04 14:21:00,0.07595732173592751
2018-11-04 14:24:00,0.008040879774796394
2018-11-04 14:27:00,0.021332047614180283
2018-11-04 14:30:00,-0.08404124240558986
2018-11-04 14:33:00,0.047240612757036615
2018-11-04 14:36:00,-0.011614856478558977
2018-11-04 14:39:00,0.008696099185101502
2018-11-04 14:42:00,-0.03390863114412923
2018-11-04 14:45:00,-0.001004052812675127
2018-11-04 14:48:00,-0.07518040591270392
2018-11-04 14:51:00,-0.00420719662247393
2018-11-04 14:54:00,0.07699022865330107
2018-11-04 14:57:00,0.07090440976412538
2018-11-04 15:00:00,-0.021382396454328045
2018-11-04 15:03:00,-0.03638567821860761
2018-11-04 15:06:00,0.03617944126915518
2018-11-04 15:09:00,0.008794136142398656
2018-11-04 15:12:00,0.06517541632695156
2018-11-04 15:15:00,0.011523425317250258
2018-11-04 15:18:00,0.044939341380825226
2018-11-04 15:21:00,-0.02056457227087094
2018-11-04 15:24:00,0.06051978125088908
2018-11-04 15:27:00,0.00649918742533373
2018-11-04 15:30:00,0.060079504025566166
2018-11-04 15:33:00,0.042406459859591905
2018-11-04 15:36:00,0.013898030376992665
2018-11-04 15:39:00,0.024839478002888882
2018-11-04 15:42:00,0.1074700640148194
2018-11-04 15:45:00,0.215084747639537
2018-11-04 15:48:00,0.3622162539965075
2018-11-04 15:51:00,0.31357717895639325
2018-11-04 15:54:00,0.2715634319645801
2018-11-04 15:57:00,0.3892272809552537
2018-11-04 16:00:00,0.3637721722923857
2018-11-04 16:03:00,0.3382325481784392
2018-11-04 16:06:00,0.42345063974954655
2018-11-04 16:09:00,0.512154845407224
2018-11-04 16:12:00,0.4851643370344618
2018-11-04 16:15:00,0.27464745569682236
2018-11-04 16:18:00,0.1899794159871817
2018-11-04 16:21:00,0.28031747848706345
2018-11-04 16:24:00,0.25281065717535967
2018-11-04 16:27:00,0.23555633784286556
2018-11-04 16:30:00,0.22398193990727577
2018-11-04 16:33:00,0.2065703790437965
2018-11-04 16:36:00,0.16853558227205667
2018-11-04 16:39:00,0.11561748187540388
2018-11-04 16:42:00,0.04338838554355107
2018-11-04 16:45:00,-0.03224824092410472
2018-11-04 16:48:00,0.10699493840451169
2018-11-04 16:51:00,0.06386272128418113
2018-11-04 16:54:00,0.0621649565015332
2018-11-04 16:57:00,0.05342808445169567
2018-11-04 17:00:00,0.07948368232297298
2018-11-04 17:03:00,0.10373556931290295
2018-11-04 17:06:00,0.2029406740288664
2018-11-04 17:09:00,0.21056990035907575
2018-11-04 17:12:00,0.05179105547716745
2018-11-04 17:15:00,0.10105908824277776
2018-11-04 17:18:00,0.04776688121717143
2018-11-04 17:21:00,0.09446445892325528
2018-11-04 17:24:00,0.039893951873239075
2018-11-04 17:27:00,0.0790626643800465
2018-11-04 17:30:00,0.12022748391552796
2018-11-04 17:33:00,0.10400714324930505
2018-11-04 17:36:00,0.0972997030283409
2018-11-04 17:39:00,0.0705508324850257
2018-11-04 17:42:00,0.048465617337285494
2018-11-04 17:45:00,0.019360090230520655
2018-11-04 17:48:00,0.07184058408302008
2018-11-04 17:51:00,0.05549667412640247
2018-11-04 17:54:00,0.07172338061167238
2018-11-04 17:57:00,0.053723095889438355
2018-11-04 18:00:00,0.035685556299767995
2018-11-04 18:03:00,0.1304290831628805
2018-11-04 18:06:00,0.016541882971580435
2018-11-04 18:09:00,0.03179872662815342
2018-11-04 18:12:00,-0.01816788881666298
2018-11-04 18:15:00,0.18379356161005944
2018-11-04 18:18:00,0.09053125808526374
2018-11-04 18:21:00,0.11009683787233371
2018-11-04 18:24:00,0.20754776695224564
2018-11-04 18:27:00,0.14485151517374106
2018-11-04 18:30:00,0.06167620278506547
2018-11-04 18:33:00,0.10910264971425931
2018-11-04 18:36:00,0.12912857174939063
2018-11-04 18:39:00,0.1116346981681886
2018-11-04 18:42:00,0.07180397637057467
2018-11-04 18:45:00,0.12495995225839351
2018-11-04 18:48:00,0.16570639352903527
2018-11-04 18:51:00,0.022562712961757825
2018-11-04 18:54:00,
2018-11-04 18:57:00,
2018-11-04 19:00:00,
2018-11-04 19:03:00,0.038993363563690764
2018-11-04 19:06:00,0.03492956061467112
2018-11-04 19:09:00,0.02478999999368625
2018-11-04 19:12:00,0.0795314248002228
2018-11-04 19:15:00,-0.0022865294175744566
2018-11-04 19:18:00,0.025510264697061302
2018-11-04 19:21:00,0.14113879494317416
2018-11-04 19:24:00,0.03764050650590889
2018-11-04 19:27:00,0.01772198910867928
2018-11-04 19:30:00,0.0694762441153216
2018-11-04 19:33:00,0.12348849066000867
2018-11-04 19:36:00,0.08195021556059601
2018-11-04 19:39:00,0.02085330441809674
2018-11-04 19:42:00,0.13603074515737035
2018-11-04 19:45:00,0.07177588474667118
2018-11-04 19:48:00,0.1296103635113468
2018-11-04 19:51:00,0.17928964630573319
2018-11-04 19:54:00,0.251777364971872
2018-11-04 19:57:00,0.3021505002041067
2018-11-04 20:00:00,0.5486102848180963
2018-11-04 20:03:00,0.5440457453087788
2018-11-04 20:06:00,0.47747596912080326
2018-11-04 20:09:00,0.4413886857403213
2018-11-04 20:12:00,0.46054123885329545
2018-11-04 20:15:00,0.32515916259313826
2018-11-04 20:18:00,0.3419622668287161
2018-11-04 20:21:00,0.25480600165451506
2018-11-04 20:24:00,0.27005517295697246
2018-11-04 20:27:00,0.2834208463271466
2018-11-04 20:30:00,0.32146899326988887
2018-11-04 20:33:00,0.23922268492339072
2018-11-04 20:36:00,0.24605562161872285
2018-11-04 20:39:00,0.38499008008875535
2018-11-04 20:42:00,0.34358427257717494
2018-11-04 20:45:00,0.4038631347820001
2018-11-04 20:48:00,0.42893949088511363
2018-11-04 20:51:00,0.42415585902358544
2018-11-04 20:54:00,0.46293389552852204
2018-11-04 20:57:00,0.3833429490260869
2018-11-04 21:00:00,0.4109024013748126
2018-11-04 21:03:00,0.28991110879826465
2018-11-04 21:06:00,0.2930606737313042
2018-11-04 21:09:00,0.284359660191285
2018-11-04 21:12:00,0.4602968225033237
2018-11-04 21:15:00,0.33379791611781684
2018-11-04 21:18:00,0.34531957958682824
2018-11-04 21:21:00,0.3327948441308308
2018-11-04 21:24:00,0.26813462699351476
2018-11-04 21:27:00,0.1966416181707018
2018-11-04 21:30:00,0.27183848643124975
2018-11-04 21:33:00,0.2815823489760305
2018-11-04 21:36:00,0.3043419762454391
2018-11-04 21:39:00,0.38725516097360924
2018-11-04 21:42:00,0.38064170605912295
2018-11-04 21:45:00,0.3004592859265358
2018-11-04 21:48:00,0.44642964130406426
2018-11-04 21:51:00,0.4435280842264433
2018-11-04 21:54:00,0.37782281762025605
2018-11-04 21:57:00,0.42348651958309347
2018-11-04 22:00:00,0.4664971675268248
2018-11-04 22:03:00,0.49599110669998936
2018-11-04 22:06:00,0.4235137263049751
2018-11-04 22:09:00,0.43248323253106946
2018-11-04 22:12:00,0.3858802020511689
2018-11-04 22:15:00,0.5456186032984078
2018-11-04 22:18:00,0.4365292610057736
2018-11-04 22:21:00,0.47715701800819943
2018-11-04 22:24:00,0.44343382304072065
2018-11-04 22:27:00,0.44343868625696814
2018-11-04 22:30:00,0.5402408766295821
2018-11-04 22:33:00,0.49367623997284227
2018-11-04 22:36:00,0.49142271625191825
2018-11-04 22:39:00,0.4755588023494397
2018-11-04 22:42:00,0.4770696331027011
2018-11-04 22:45:00,0.4169689248429336
2018-11-04 22:48:00,0.5357577587238325
2018-11-04 22:51:00,0.463352310383641
2018-11-04 22:54:00,0.4738664578495104
2018-11-04 22:57:00,0.47516436604479395
2018-11-04 23:00:00,0.4715135811337632
2018-11-04 23:03:00,0.4294274913646632
2018-11-04 23:06:00,0.5008748035816097
2018-11-04 23:09:00,0.41657713629479076
2018-11-04 23:12:00,0.5058888997942859
2018-11-04 23:15:00,0.4549083288203519
2018-11-04 23:18:00,0.43068063903359644
2018-11-04 23:21:00,0.46336780153609425
2018-11-04 23:24:00,0.4430398598956913
2018-11-04 23:27:00,0.4317826790330628
2018-11-04 23:30:00,0.4581141378882876
2018-11-04 23:33:00,0.3972931058233371
2018-11-04 23:36:00,0.4124673446404472
2018-11-04 23:39:00,0.45642438043824995
2018-11-04 23:42:00,0.4728778017130253
2018-11-04 23:45:00,0.5122027739258783
2018-11-04 23:48:00,0.4928450435676268
2018-11-04 23:51:00,0.47168259970226245
2018-11-04 23:54:00,0.3938451198372377
2018-11-04 23:57:00,0.44616459720219837
2018-11-05 00:00:00,0.41180323176661204
2018-11-05 00:03:00,0.3303288698940037
2018-11-05 00:06:00,0.39078784166736114
2018-11-05 00:09:00,0.3992831645888373
2018-11-05 00:12:00,0.3677147626349324
2018-11-05 00:15:00,0.37109363530032624
2018-11-05 00:18:00,0.3354513894244633
2018-11-05 00:21:00,0.300985896207294
2018-11-05 00:24:00,0.381044357419853
2018-11-05 00:27:00,0.44092359951622484
2018-11-05 00:30:00,0.40881744476905624
2018-11-05 00:33:00,0.2568808754537599
2018-11-05 00:36:00,0.3381670785818187
2018-11-05 00:39:00,0.32499788550330777
2018-11-05 00:42:00,0.29345793269669684
2018-11-05 00:45:00,0.29550972584962665
2018-11-05 00:48:00,0.2937140604812498
2018-11-05 00:51:00,0.27007673119868514
2018-11-05 00:54:00,0.3257598238094488
2018-11-05 00:57:00,0.2937284795061146
2018-11-05 01:00:00,0.3044645176024119
2018-11-05 01:03:00,0.3196013374685549
2018-11-05 01:06:00,0.28452439561908704
2018-11-05 01:09:00,0.3007650933028003
2018-11-05 01:12:00,0.41709753209789824
2018-11-05 01:15:00,0.4459103607450743
2018-11-05 01:18:00,0.421194333926735
2018-11-05 01:21:00,0.3562427603100673
2018-11-05 01:24:00,0.39819032106345276
2018-11-05 01:27:00,0.3418717732445202
2018-11-05 01:30:00,0.29582076698272886
2018-11-05 01:33:00,0.30334502070081726
2018-11-05 01:36:00,0.3394377352135507
2018-11-05 01:39:00,0.29067978606246925
2018-11-05 01:42:00,0.34570149852027043
2018-11-05 01:45:00,0.3853846505028855
2018-11-05 01:48:00,0.3201226029481745
2018-11-05 01:51:00,0.3241269531714579
2018-11-05 01:54:00,0.37376284959100303
2018-11-05 01:57:00,0.37401992563746944
2018-11-05 02:00:00,0.31749971893958673
2018-11-05 02:03:00,0.27157173999989936
2018-11-05 02:06:00,0.36095430231893033
2018-11-05 02:09:00,0.3127330283246579
2018-11-05 02:12:00,0.27966493392318625
2018-11-05 02:15:00,0.32509772167856
2018-11-05 02:18:00,0.38000979425970627
2018-11-05 02:21:00,0.3016592628383705
2018-11-05 02:24:00,0.29606914819851227
2018-11-05 02:27:00,0.26221923740905595
2018-11-05 02:30:00,0.30379540096049595
2018-11-05 02:33:00,0.33632405967449586
2018-11-05 02:36:00,0.28764644693734454
2018-11-05 02:39:00,0.20146819162539487
2018-11-05 02:42:00,0.35492788069473136
2018-11-05 02:45:00,0.3316837531208989
2018-11-05 02:48:00,0.22672526291898976
2018-11-05 02:51:00,0.324907828023413
2018-11-05 02:54:00,0.3424702240982356
2018-11-05 02:57:00,0.3161705125729668
2018-11-05 03:00:00,0.27366296022904635
2018-11-05 03:03:00,0.34313137113457515
2018-11-05 03:06:00,0.2723618755894677
2018-11-05 03:09:00,0.3183055702226625
2018-11-05 03:12:00,0.25162102280376075
2018-11-05 03:15:00,0.35126032234688864
2018-11-05 03:18:00,0.2715915088620591
2018-11-05 03:21:00,0.29477301411270673
2018-11-05 03:24:00,0.31215868358930265
2018-11-05 03:27:00,0.3795683495050639
2018-11-05 03:30:00,0.39703587986230104
2018-11-05 03:33:00,0.36196589771043364
2018-11-05 03:36:00,0.34078599525508935
2018-11-05 03:39:00,0.3440190168668664
2018-11-05 03:42:00,0.36069609869821306
2018-11-05 03:45:00,0.3653109515501569
2018-11-05 03:48:00,0.39749314364314614
2018-11-05 03:51:00,0.41203149308995535
2018-11-05 03:54:00,0.4530500325982416
2018-11-05 03:57:00,0.2937597667284422
2018-11-05 04:00:00,0.3889795415208255
2018-11-05 04:03:00,0.36112121225659166
2018-11-05 04:06:00,0.33441070252837335
2018-11-05 04:09:00,0.3625497920359635
2018-11-05 04:12:00,0.32063974535361695
2018-11-05 04:15:00,0.3879664220154382
2018-11-05 04:18:00,0.29749144389995763
2018-11-05 04:21:00,0.3408037815229932
2018-11-05 04:24:00,0.2924229951444772
2018-11-05 04:27:00,0.32196786475429917
2018-11-05 04:30:00,0.3316217528180232
2018-11-05 04:33:00,0.3403574209694398
2018-11-05 04:36:00,0.43993464956139405
2018-11-05 04:39:00,0.3382961199574197
2018-11-05 04:42:00,0.3352865940195784
2018-11-05 04:45:00,0.33867644745350844
2018-11-05 04:48:00,0.3503824313108339
2018-11-05 04:51:00,0.4563594490821856
2018-11-05 04:54:00,0.46950150313438144
2018-11-05 04:57:00,0.35701419347958563
2018-11-05 05:00:00,0.34954627959092477
2018-11-05 05:03:00,0.39634098371675464
2018-11-05 05:06:00,0.4600385910742375
2018-11-05 05:09:00,0.42817704492244957
2018-11-05 05:12:00,0.3488515237836509
2018-11-05 05:15:00,0.32705078412590183
2018-11-05 05:18:00,0.3895724602448354
2018-11-05 05:21:00,0.38234452429179555
2018-11-05 05:24:00,0.4480967461473142
2018-11-05 05:27:00,0.32704535340161556
2018-11-05 05:30:00,0.34481856769139085
2018-11-05 05:33:00,0.37478576723850665
2018-11-05 05:36:00,0.2783722734023968
2018-11-05 05:39:00,0.34066818937498056
2018-11-05 05:42:00,0.4418569355757427
2018-11-05 05:45:00,0.2737184716266938
2018-11-05 05:48:00,0.3632357670312558
2018-11-05 05:51:00,0.4360232193769207
2018-11-05 05:54:00,0.34622321385103305
2018-11-05 05:57:00,0.32957108903542576
2018-11-05 06:00:00,0.396963400509037
2018-11-05 06:03:00,0.3048419118451875
2018-11-05 06:06:00,0.33718302218943563
2018-11-05 06:09:00,0.4834135922350242
2018-11-05 06:12:00,0.3236078106411924
2018-11-05 06:15:00,0.29153271983955165
2018-11-05 06:18:00,0.3227157890302692
2018-11-05 06:21:00,0.2720469691656717
2018-11-05 06:24:00,0.281974029765081
2018-11-05 06:27:00,0.29658989942169
2018-11-05 06:30:00,0.2713093834589131
2018-11-05 06:33:00,0.3122913763298243
2018-11-05 06:36:00,0.2999815956640077
2018-11-05 06:39:00,0.3427054788381838
2018-11-05 06:42:00,0.30782036770420973
2018-11-05 06:45:00,0.2958185380740588
2018-11-05 06:48:00,0.3384744118105232
2018-11-05 06:51:00,0.25875839670783307
2018-11-05 06:54:00,0.2716407206975191
2018-11-05 06:57:00,0.39455797022208117
2018-11-05 07:00:00,0.36302879564226487
2018-11-05 07:03:00,0.3259064871212445
2018-11-05 07:06:00,0.295715569547383
2018-11-05 07:09:00,0.35832278737194656
2018-11-05 07:12:00,0.32574903125646415
2018-11-05 07:15:00,0.30065283511413554
2018-11-05 07:18:00,0.3975914269138343
2018-11-05 07:21:00,0.30352835409394174
2018-11-05 07:24:00,0.42880006267279214
2018-11-05 07:27:00,0.3414146294087459
2018-11-05 07:30:00,0.46891343439062894
2018-11-05 07:33:00,0.39299080596424574
2018-11-05 07:36:00,0.3786983172456644
2018-11-05 07:39:00,0.2902103051313816
2018-11-05 07:42:00,0.25224551874396184
2018-11-05 07:45:00,0.37204384919584754
2018-11-05 07:48:00,0.41483635979432165
2018-11-05 07:51:00,0.3533257622962651
2018-11-05 07:54:00,0.3856371689612388
2018-11-05 07:57:00,0.3998602930144557
2018-11-05 08:00:00,0.334030049309888
2018-11-05 08:03:00,0.3888087879275304
2018-11-05 08:06:00,0.3330884612995533
2018-11-05 08:09:00,0.37087655795926366
2018-11-05 08:12:00,0.2975504220295875
2018-11-05 08:15:00,0.22151792693108519
2018-11-05 08:18:00,0.28496048468213075
2018-11-05 08:21:00,0.3329719749054334
2018-11-05 08:24:00,0.32733068622854944
2018-11-05 08:27:00,0.3495697481437787
2018-11-05 08:30:00,0.37060144479454493
2018-11-05 08:33:00,0.30960953088572296
2018-11-05 08:36:00,0.3431751241119514
2018-11-05 08:39:00,0.3248202586399316
2018-11-05 08:42:00,0.32569030053355164
2018-11-05 08:45:00,0.24659431863534564
2018-11-05 08:48:00,0.19304619846576543
2018-11-05 08:51:00,0.12466393337211912
2018-11-05 08:54:00,0.20170904275715884
2018-11-05 08:57:00,0.08711030052569413
2018-11-05 09:00:00,0.1252467570681688
2018-11-05 09:03:00,0.04402523743482334
2018-11-05 09:06:00,0.0810000269189004
2018-11-05 09:09:00,0.09587914857962687
2018-11-05 09:12:00,0.10805311653763283
2018-11-05 09:15:00,0.1266764453443443
2018-11-05 09:18:00,-0.013149747168654358
2018-11-05 09:21:00,-0.05854891267432549
2018-11-05 09:24:00,-0.116368314527449
2018-11-05 09:27:00,-0.11356902711469274
2018-11-05 09:30:00,0.04403166111330847
2018-11-05 09:33:00,-0.019202946457539838
2018-11-05 09:36:00,-0.003990291368040744
2018-11-05 09:39:00,-0.11913965881200284
2018-11-05 09:42:00,-0.11006187939301526
2018-11-05 09:45:00,-0.01666389158765469
2018-11-05 09:48:00,-0.033667984297380826
2018-11-05 09:51:00,-0.05523126967159442
2018-11-05 09:54:00,0.002686282201295853
2018-11-05 09:57:00,0.0021592911357402045
2018-11-05 10:00:00,-0.028940538036124508
2018-11-05 10:03:00,-0.032913976730299055
2018-11-05 10:06:00,-0.007430648472848134
2018-11-05 10:09:00,0.08522958718350537
2018-11-05 10:12:00,0.0648979093783737
2018-11-05 10:15:00,-0.02141462022035512
2018-11-05 10:18:00,0.05052157012733005
2018-11-05 10:21:00,-0.05239981369174984
2018-11-05 10:24:00,-0.0014076104944820145
2018-11-05 10:27:00,0.0733681468267946
2018-11-05 10:30:00,0.03479157109637754
2018-11-05 10:33:00,-0.02974211919689651
2018-11-05 10:36:00,0.049803582409708724
2018-11-05 10:39:00,0.026172905495116083
2018-11-05 10:42:00,-0.007278061288388926
2018-11-05 10:45:00,-0.004499810857566899
2018-11-05 10:48:00,-0.07176710619711457
2018-11-05 10:51:00,0.21546861050273947
2018-11-05 10:54:00,0.17330022439404047
2018-11-05 10:57:00,0.0711270528486807
2018-11-05 11:00:00,-0.02512285179062701
2018-11-05 11:03:00,-0.13714031072692023
2018-11-05 11:06:00,-0.03844344379319864
2018-11-05 11:09:00,-0.15203124058336925
2018-11-05 11:12:00,-0.006728640113408346
2018-11-05 11:15:00,0.0018335396819111338
2018-11-05 11:18:00,0.060564562263948574
2018-11-05 11:21:00,0.13264492200619316
2018-11-05 11:24:00,0.2097206787129835
2018-11-05 11:27:00,0.06666037651922352
2018-11-05 11:30:00,0.15380683026631914
2018-11-05 11:33:00,-0.02761349450167927
2018-11-05 11:36:00,-0.161263948013584
2018-11-05 11:39:00,-0.1746277096363542
2018-11-05 11:42:00,-0.0689215414112141
2018-11-05 11:45:00,-0.17341442468580226
2018-11-05 11:48:00,-0.034462138097865136
2018-11-05 11:51:00,-0.12986694829493217
2018-11-05 11:54:00,-0.181685240597119
2018-11-05 11:57:00,-0.032401464898612176
2018-11-05 12:00:00,-0.06794591405486017
2018-11-05 12:03:00,-0.08635570931613756
2018-11-05 12:06:00,-0.09333431676134296
2018-11-05 12:09:00,-0.1402299431578058
2018-11-05 12:12:00,-0.10054194820867224
2018-11-05 12:15:00,-0.11441603464652417
2018-11-05 12:18:00,-0.14098296057699145
2018-11-05 12:21:00,-0.11258450377039253
2018-11-05 12:24:00,-0.13830427706420778
2018-11-05 12:27:00,-0.1100103921162372
2018-11-05 12:30:00,0.019456956717306184
2018-11-05 12:33:00,-0.025507241720788443
2018-11-05 12:36:00,-0.0015527015673910682
2018-11-05 12:39:00,0.05370417415258544
2018-11-05 12:42:00,0.1297039387442851
2018-11-05 12:45:00,0.21226575951789073
2018-11-05 12:48:00,0.1440721766411457
2018-11-05 12:51:00,-0.04372130470744651
2018-11-05 12:54:00,-0.04140891754684617
2018-11-05 12:57:00,-0.060970431264877334
2018-11-05 13:00:00,-0.0019688601479970202
2018-11-05 13:03:00,-0.08869327706224794
2018-11-05 13:06:00,-0.005395462609783408
2018-11-05 13:09:00,0.012941900651298965
2018-11-05 13:12:00,-0.08264055886007782
2018-11-05 13:15:00,-0.14216415365092416
2018-11-05 13:18:00,0.009514796687597027
2018-11-05 13:21:00,-0.13053787458954957
2018-11-05 13:24:00,-0.10379834945803168
2018-11-05 13:27:00,0.0757295599076997
2018-11-05 13:30:00,-0.16372772312570305
2018-11-05 13:33:00,-0.08255760794776279
2018-11-05 13:36:00,0.001999753882444111
2018-11-05 13:39:00,0.3219248679542943
2018-11-05 13:42:00,0.48698521290032204
2018-11-05 13:45:00,0.4549648563232722
2018-11-05 13:48:00,0.5453442605600571
2018-11-05 13:51:00,0.5217005616451047
2018-11-05 13:54:00,0.43112694319142975
2018-11-05 13:57:00,0.5009121826020078
2018-11-05 14:00:00,0.43885916486908627
2018-11-05 14:03:00,0.34531507931120586
2018-11-05 14:06:00,0.37416052484826423
2018-11-05 14:09:00,0.2438446826486711
2018-11-05 14:12:00,0.26332348172815045
2018-11-05 14:15:00,0.35079996323685236
2018-11-05 14:18:00,0.4129496752289583
2018-11-05 14:21:00,0.4875547465832142
2018-11-05 14:24:00,0.4047415753751693
2018-11-05 14:27:00,0.31254221351156275
2018-11-05 14:30:00,0.3122410854497275
2018-11-05 14:33:00,0.3084980610080379
2018-11-05 14:36:00,0.32259322256112455
2018-11-05 14:39:00,0.2506578486675153
2018-11-05 14:42:00,0.2984946761147853
2018-11-05 14:45:00,0.2616889395954445
2018-11-05 14:48:00,0.30148406934472405
2018-11-05 14:51:00,0.43232858195528934
2018-11-05 14:54:00,0.6266688795349751
2018-11-05 14:57:00,0.6578399670264048
2018-11-05 15:00:00,0.5755592820580091
2018-11-05 15:03:00,0.5476914637509935
2018-11-05 15:06:00,0.5478608699183951
2018-11-05 15:09:00,0.5623670939544354
2018-11-05 15:12:00,0.4652753950947499
2018-11-05 15:15:00,0.3653390920450761
2018-11-05 15:18:00,0.2991320578557861
2018-11-05 15:21:00,0.31350771115603493
2018-11-05 15:24:00,0.27703413247064645
2018-11-05 15:27:00,0.3736588843761979
2018-11-05 15:30:00,0.3606915053630928
2018-11-05 15:33:00,0.32939725067819836
2018-11-05 15:36:00,0.3040538987313539
2018-11-05 15:39:00,0.44419132656429383
2018-11-05 15:42:00,0.2956998675884961
2018-11-05 15:45:00,0.3405341487304554
2018-11-05 15:48:00,0.25265154917286736
2018-11-05 15:51:00,0.35651067881372
2018-11-05 15:54:00,0.7281245978577431
2018-11-05 15:57:00,0.756355094776211
2018-11-05 16:00:00,0.5545915981838903
2018-11-05 16:03:00,0.5026732480712894
2018-11-05 16:06:00,0.3988977904714943
2018-11-05 16:09:00,0.31674469889304646
2018-11-05 16:12:00,0.42792215672307066
2018-11-05 16:15:00,0.3438572635494097
2018-11-05 16:18:00,0.39068828990991733
2018-11-05 16:21:00,0.3939318421307689
2018-11-05 16:24:00,0.3846167961249307
2018-11-05 16:27:00,0.3625810720051845
2018-11-05 16:30:00,0.4173109321152424
2018-11-05 16:33:00,0.3158744527726185
2018-11-05 16:36:00,0.44529198443393625
2018-11-05 16:39:00,0.5579272274131881
2018-11-05 16:42:00,0.5400691751211184
2018-11-05 16:45:00,0.5675543385192441
2018-11-05 16:48:00,0.6384161488225573
2018-11-05 16:51:00,0.6999830744156839
2018-11-05 16:54:00,0.7347465143445788
2018-11-05 16:57:00,0.5992439645079344
2018-11-05 17:00:00,0.5796515176174921
2018-11-05 17:03:00,0.6352257949411069
2018-11-05 17:06:00,0.6963464179928565
2018-11-05 17:09:00,0.5503115680547239
2018-11-05 17:12:00,0.5404117060706994
2018-11-05 17:15:00,0.4621781503290663
2018-11-05 17:18:00,0.6068764185083069
2018-11-05 17:21:00,0.5443956717108449
2018-11-05 17:24:00,0.5463520626515788
2018-11-05 17:27:00,0.5523277636199282
2018-11-05 17:30:00,0.5438304511230285
2018-11-05 17:33:00,0.44588482377707805
2018-11-05 17:36:00,0.42049065839671584
2018-11-05 17:39:00,0.30546506168371934
2018-11-05 17:42:00,0.3216493913313343
2018-11-05 17:45:00,0.40574467105898293
2018-11-05 17:48:00,0.37562932300056673
2018-11-05 17:51:00,0.46879918199584836
2018-11-05 17:54:00,0.46085426067014623
2018-11-05 17:57:00,0.36425462941798514
2018-11-05 18:00:00,0.36581964240752995
2018-11-05 18:03:00,0.3980068388154905
2018-11-05 18:06:00,0.4031947970055967
2018-11-05 18:09:00,0.5184817769477377
2018-11-05 18:12:00,0.5223770725528425
2018-11-05 18:15:00,0.627880807286374
2018-11-05 18:18:00,0.5025251415408434
2018-11-05 18:21:00,0.4754072741242794
2018-11-05 18:24:00,0.4787147171284687
2018-11-05 18:27:00,0.481969789698951
2018-11-05 18:30:00,0.39156598955941035
2018-11-05 18:33:00,0.3688834505465479
2018-11-05 18:36:00,0.48693357003458004
2018-11-05 18:39:00,0.3706833114661663
2018-11-05 18:42:00,0.4404328247585454
2018-11-05 18:45:00,0.406646567060136
2018-11-05 18:48:00,0.4341096885614206
2018-11-05 18:51:00,0.42962726967897424
2018-11-05 18:54:00,
2018-11-05 18:57:00,
2018-11-05 19:00:00,
2018-11-05 19:03:00,0.41697316306209586
2018-11-05 19:06:00,0.4488564424021888
2018-11-05 19:09:00,0.4805533266615498
2018-11-05 19:12:00,0.41073014045332457
2018-11-05 19:15:00,0.3758580306327417
2018-11-05 19:18:00,0.5430949759780788
2018-11-05 19:21:00,0.5880517147069781
2018-11-05 19:24:00,0.5567090932746055
2018-11-05 19:27:00,0.4501800724119107
2018-11-05 19:30:00,0.5537407696233458
2018-11-05 19:33:00,0.49703697804665126
2018-11-05 19:36:00,0.40354448920970754
2018-11-05 19:39:00,0.44921267510784446
2018-11-05 19:42:00,0.505469935477322
2018-11-05 19:45:00,0.42022195326319434
2018-11-05 19:48:00,0.417540686850316
2018-11-05 19:51:00,0.4866937249947796
2018-11-05 19:54:00,0.3897264461190275
2018-11-05 19:57:00,0.4127751738640768
2018-11-05 20:00:00,0.40853241994688005
2018-11-05 20:03:00,0.5348269621278519
2018-11-05 20:06:00,0.4495605718642537
2018-11-05 20:09:00,0.4641631118395253
2018-11-05 20:12:00,0.35867502676353524
2018-11-05 20:15:00,0.42808205724452364
2018-11-05 20:18:00,0.39282490763417854
2018-11-05 20:21:00,0.45738068700512713
2018-11-05 20:24:00,0.4545021837819263
2018-11-05 20:27:00,0.44053522879676166
2018-11-05 20:30:00,0.3754737615764725
2018-11-05 20:33:00,0.35599524205861144
2018-11-05 20:36:00,0.35319126644469634
2018-11-05 20:39:00,0.30806926757969677
2018-11-05 20:42:00,0.30703836805452056
2018-11-05 20:45:00,0.4732085659933887
2018-11-05 20:48:00,0.46401327584027285
2018-11-05 20:51:00,0.4339634138019619
2018-11-05 20:54:00,0.44545398797356484
2018-11-05 20:57:00,0.4536125565363136
2018-11-05 21:00:00,0.34547947146927527
2018-11-05 21:03:00,0.45053488862959057
2018-11-05 21:06:00,0.42072085384012325
2018-11-05 21:09:00,0.4676205269782372
2018-11-05 21:12:00,0.4348646085761061
2018-11-05 21:15:00,0.37403711072391843
2018-11-05 21:18:00,0.38748344619079944
2018-11-05 21:21:00,0.3777092463000713
2018-11-05 21:24:00,0.3220033909452127
2018-11-05 21:27:00,0.43984361552531936
2018-11-05 21:30:00,0.4080932609301726
2018-11-05 21:33:00,0.4121450863410132
2018-11-05 21:36:00,0.3891467457612521
2018-11-05 21:39:00,0.43132612282227
2018-11-05 21:42:00,0.36705334062202155
2018-11-05 21:45:00,0.4678244648314944
2018-11-05 21:48:00,0.33476520442070523
2018-11-05 21:51:00,0.3062641045645478
2018-11-05 21:54:00,0.321380504870433
2018-11-05 21:57:00,0.32249163379407264
2018-11-05 22:00:00,0.42360797193992994
2018-11-05 22:03:00,0.4178644904050657
2018-11-05 22:06:00,0.4212270691078288
2018-11-05 22:09:00,0.3060846791897802
2018-11-05 22:12:00,0.33053051422052704
2018-11-05 22:15:00,0.4713790400248854
2018-11-05 22:18:00,0.39665477196774646
2018-11-05 22:21:00,0.4027192115747198
2018-11-05 22:24:00,0.404640790088024
2018-11-05 22:27:00,0.4479477272727763
2018-11-05 22:30:00,0.3371128715209011
2018-11-05 22:33:00,0.369107647553335
2018-11-05 22:36:00,0.41905426140181135
2018-11-05 22:39:00,0.40073210285038385
2018-11-05 22:42:00,0.3472084784755225
2018-11-05 22:45:00,0.3130387068902678
2018-11-05 22:48:00,0.31857865869926627
2018-11-05 22:51:00,0.38156246420044226
2018-11-05 22:54:00,0.35990934065256397
2018-11-05 22:57:00,0.30735289407675737
2018-11-05 23:00:00,0.3630114989316553
2018-11-05 23:03:00,0.3318211098697361
2018-11-05 23:06:00,0.40289714356248396
2018-11-05 23:09:00,0.3185416047626859
2018-11-05 23:12:00,0.3975320290123818
2018-11-05 23:15:00,0.29275469878950844
2018-11-05 23:18:00,0.34422287173310906
2018-11-05 23:21:00,0.3767148479037701
2018-11-05 23:24:00,0.4088447222621312
2018-11-05 23:27:00,0.40910545201694504
2018-11-05 23:30:00,0.39767372169217197
2018-11-05 23:33:00,0.3651387719743866
2018-11-05 23:36:00,0.5303202298551923
2018-11-05 23:39:00,0.39240990330318937
2018-11-05 23:42:00,0.3947264642462187
2018-11-05 23:45:00,0.4232262392381472
2018-11-05 23:48:00,0.38855843554819103
2018-11-05 23:51:00,0.3620958273517658
2018-11-05 23:54:00,0.31105391750918443
2018-11-05 23:57:00,0.45255616245623287
2018-11-06 00:00:00,0.3565216765603054
2018-11-06 00:03:00,0.3084102968701927
2018-11-06 00:06:00,0.3963816320885485
2018-11-06 00:09:00,0.4359710236985279
2018-11-06 00:12:00,0.37767553620790295
2018-11-06 00:15:00,0.30476443585649804
2018-11-06 00:18:00,0.3577153923207561
2018-11-06 00:21:00,0.41270210584809774
2018-11-06 00:24:00,0.41216582801285995
2018-11-06 00:27:00,0.3984633900820427
2018-11-06 00:30:00,0.3799758515640974
2018-11-06 00:33:00,0.4431854334997638
2018-11-06 00:36:00,0.3945623335600885
2018-11-06 00:39:00,0.38041358159182437
2018-11-06 00:42:00,0.42157270001473535
2018-11-06 00:45:00,0.32099278126207764
2018-11-06 00:48:00,0.33229142290593927
2018-11-06 00:51:00,0.3615247875998193
2018-11-06 00:54:00,0.2683315244559026
2018-11-06 00:57:00,0.3491156593947835
2018-11-06 01:00:00,0.2798149384310591
2018-11-06 01:03:00,0.36059671846641095
2018-11-06 01:06:00,0.4895977642765388
2018-11-06 01:09:00,0.4565273367787199
2018-11-06 01:12:00,0.49266506012060063
2018-11-06 01:15:00,0.4831291765626702
2018-11-06 01:18:00,0.5325445740745636
2018-11-06 01:21:00,0.5362127563264494
2018-11-06 01:24:00,0.4711224853380145
2018-11-06 01:27:00,0.4956369166487775
2018-11-06 01:30:00,0.4521649949220432
2018-11-06 01:33:00,0.45711096943261964
2018-11-06 01:36:00,0.6936989081560796
2018-11-06 01:39:00,0.5568849691970854
2018-11-06 01:42:00,0.4744252103802751
2018-11-06 01:45:00,0.43513555477903765
2018-11-06 01:48:00,0.43117376298096133
2018-11-06 01:51:00,0.44572963300487345
2018-11-06 01:54:00,0.46214776895902787
2018-11-06 01:57:00,0.4004060766221187
2018-11-06 02:00:00,0.395895890936913
2018-11-06 02:03:00,0.35723317453357595
2018-11-06 02:06:00,0.3338276971544474
2018-11-06 02:09:00,0.44360549629067236
2018-11-06 02:12:00,0.45002786376602444
2018-11-06 02:15:00,0.3738436136765131
2018-11-06 02:18:00,0.34047907936422916
2018-11-06 02:21:00,0.37102470827119305
2018-11-06 02:24:00,0.45235218812808853
2018-11-06 02:27:00,0.4372508153846866
2018-11-06 02:30:00,0.4591161838649782
2018-11-06 02:33:00,0.3366147399730153
2018-11-06 02:36:00,0.4912978989730732
2018-11-06 02:39:00,0.3622091283705231
2018-11-06 02:42:00,0.4997644750111476
2018-11-06 02:45:00,0.4721137583925952
2018-11-06 02:48:00,0.5745537489275989
2018-11-06 02:51:00,0.5668183885579765
2018-11-06 02:54:00,0.4929967575120031
2018-11-06 02:57:00,0.5274893165727121
2018-11-06 03:00:00,0.5094174488834255
2018-11-06 03:03:00,0.5418738573285395
2018-11-06 03:06:00,0.46233816129733896
2018-11-06 03:09:00,0.4809329947178185
2018-11-06 03:12:00,0.44245567224589877
2018-11-06 03:15:00,0.4483100336375401
2018-11-06 03:18:00,0.43505130713549534
2018-11-06 03:21:00,0.4385993710616276
2018-11-06 03:24:00,0.4198257018998106
2018-11-06 03:27:00,0.4390232560295999
2018-11-06 03:30:00,0.49118573845504443
2018-11-06 03:33:00,0.48492367025261274
2018-11-06 03:36:00,0.3885375130621469
2018-11-06 03:39:00,0.3611841464502845
2018-11-06 03:42:00,0.4457688998509184
2018-11-06 03:45:00,0.41788106016616666
2018-11-06 03:48:00,0.44406860616021504
2018-11-06 03:51:00,0.3867895405049353
2018-11-06 03:54:00,0.43674320828233704
2018-11-06 03:57:00,0.3949251266728879
2018-11-06 04:00:00,0.403547087473612
2018-11-06 04:03:00,0.38724093603991605
2018-11-06 04:06:00,0.36425765148010214
2018-11-06 04:09:00,0.39368991439386036
2018-11-06 04:12:00,0.40255555448817404
2018-11-06 04:15:00,0.4658725314444041
2018-11-06 04:18:00,0.37185928575502203
2018-11-06 04:21:00,0.38919168097413603
2018-11-06 04:24:00,0.35292849976201524
2018-11-06 04:27:00,0.46459881096524214
2018-11-06 04:30:00,0.4720929190033303
2018-11-06 04:33:00,0.49467168121674376
2018-11-06 04:36:00,0.4371584184170274
2018-11-06 04:39:00,0.41639171399481256
2018-11-06 04:42:00,0.5636265941509464
2018-11-06 04:45:00,0.49137741080932074
2018-11-06 04:48:00,0.44492510145829556
2018-11-06 04:51:00,0.6007434811996291
2018-11-06 04:54:00,0.5330218238762541
2018-11-06 04:57:00,0.42339023047065893
2018-11-06 05:00:00,0.42551428479970355
2018-11-06 05:03:00,0.48615668402430856
2018-11-06 05:06:00,0.36613547581907824
2018-11-06 05:09:00,0.46960470727879056
2018-11-06 05:12:00,0.4448621496321721
2018-11-06 05:15:00,0.4302636992528619
2018-11-06 05:18:00,0.4223962079075818
2018-11-06 05:21:00,0.4115702772978693
2018-11-06 05:24:00,0.4309414458776928
2018-11-06 05:27:00,0.43158202050426553
2018-11-06 05:30:00,0.43553745572995695
2018-11-06 05:33:00,0.4954327614365184
2018-11-06 05:36:00,0.424657095616908
2018-11-06 05:39:00,0.436451149614868
2018-11-06 05:42:00,0.40421755006934745
2018-11-06 05:45:00,0.3801393875331769
2018-11-06 05:48:00,0.41684635299895945
2018-11-06 05:51:00,0.426409442755471
2018-11-06 05:54:00,0.24073679762250322
2018-11-06 05:57:00,0.3889600372801283
2018-11-06 06:00:00,0.41645840572311954
2018-11-06 06:03:00,0.3617934239543956
2018-11-06 06:06:00,0.46547806095844635
2018-11-06 06:09:00,0.37156220026463416
2018-11-06 06:12:00,0.3700284333497734
2018-11-06 06:15:00,0.3774374215151397
2018-11-06 06:18:00,0.3535122454298971
2018-11-06 06:21:00,0.48232528781193196
2018-11-06 06:24:00,0.3976155786032223
2018-11-06 06:27:00,0.5808714366151548
2018-11-06 06:30:00,0.3666528084562515
2018-11-06 06:33:00,0.5815398360693962
2018-11-06 06:36:00,0.44396266529275863
2018-11-06 06:39:00,0.5022321658243527
2018-11-06 06:42:00,0.49865127809880505
2018-11-06 06:45:00,0.4356699440895113
2018-11-06 06:48:00,0.3958428457314085
2018-11-06 06:51:00,0.5179124082627595
2018-11-06 06:54:00,0.3696548578465695
2018-11-06 06:57:00,0.45030514596425064
2018-11-06 07:00:00,0.41920833550130965
2018-11-06 07:03:00,0.34381573344103344
2018-11-06 07:06:00,0.40623699798982216
2018-11-06 07:09:00,0.3845776440296049
2018-11-06 07:12:00,0.40007814183638857
2018-11-06 07:15:00,0.4020398861011927
2018-11-06 07:18:00,0.3840742828924135
2018-11-06 07:21:00,0.4512819377330288
2018-11-06 07:24:00,0.49743191346982485
2018-11-06 07:27:00,0.38784005905114327
2018-11-06 07:30:00,0.4843941293100329
2018-11-06 07:33:00,0.4119188474548423
2018-11-06 07:36:00,0.4199240276996079
2018-11-06 07:39:00,0.3429692253299095
2018-11-06 07:42:00,0.44595442945916375
2018-11-06 07:45:00,0.32834939929540496
2018-11-06 07:48:00,0.3710044444117102
2018-11-06 07:51:00,0.34841789410586443
2018-11-06 07:54:00,0.38500449174318874
2018-11-06 07:57:00,0.35757712671608033
2018-11-06 08:00:00,0.287764214402614
2018-11-06 08:03:00,0.32864589554429813
2018-11-06 08:06:00,0.28902030972085413
2018-11-06 08:09:00,0.38169269062848343
2018-11-06 08:12:00,0.33744224348362195
2018-11-06 08:15:00,0.2751525403101027
2018-11-06 08:18:00,0.2860363155882055
2018-11-06 08:21:00,0.30813300432748747
2018-11-06 08:24:00,0.4038218155160962
2018-11-06 08:27:00,0.22794059071935635
2018-11-06 08:30:00,0.31048693396155613
2018-11-06 08:33:00,0.14621256893059353
2018-11-06 08:36:00,0.2661169702824395
2018-11-06 08:39:00,0.27970970730575573
2018-11-06 08:42:00,0.2866333398280858
2018-11-06 08:45:00,0.3089207416769568
2018-11-06 08:48:00,0.24791330925881994
2018-11-06 08:51:00,0.2990647934018966
2018-11-06 08:54:00,0.2549570911878618
2018-11-06 08:57:00,0.12520596926282224
2018-11-06 09:00:00,0.24988435174134338
2018-11-06 09:03:00,0.11839559831861379
2018-11-06 09:06:00,0.15541094316682802
2018-11-06 09:09:00,0.1268385781655752
2018-11-06 09:12:00,0.18243274156418465
2018-11-06 09:15:00,0.20290889823087355
2018-11-06 09:18:00,0.16966795401356194
2018-11-06 09:21:00,0.17981672987951924
2018-11-06 09:24:00,0.14082398140482155
2018-11-06 09:27:00,0.18171614920873935
2018-11-06 09:30:00,0.12338357360511054
2018-11-06 09:33:00,0.13538914423327242
2018-11-06 09:36:00,0.11660552635964905
2018-11-06 09:39:00,0.04417630915264681
2018-11-06 09:42:00,0.01627877384197518
2018-11-06 09:45:00,0.007313118309696165
2018-11-06 09:48:00,0.13357154506138613
2018-11-06 09:51:00,0.11002234210604911
2018-11-06 09:54:00,0.033228822340845454
2018-11-06 09:57:00,0.0013797980943763832
2018-11-06 10:00:00,-0.014972218685556982
2018-11-06 10:03:00,-0.05532088911854771
2018-11-06 10:06:00,0.016930671512795925
2018-11-06 10:09:00,-0.04912793129938109
2018-11-06 10:12:00,0.01452440753735118
2018-11-06 10:15:00,-0.02634313964381363
2018-11-06 10:18:00,-0.05320484579601725
2018-11-06 10:21:00,0.0064352317289717575
2018-11-06 10:24:00,-0.027118699051925432
2018-11-06 10:27:00,-0.07363356293188872
2018-11-06 10:30:00,-0.04134256129236746
2018-11-06 10:33:00,-0.039470420700354225
2018-11-06 10:36:00,-0.1321324121366274
2018-11-06 10:39:00,-0.027866041158404187
2018-11-06 10:42:00,-0.05529817106344126
2018-11-06 10:45:00,-0.03940496926355763
2018-11-06 10:48:00,-0.06976012317613822
2018-11-06 10:51:00,-0.06532681390632433
2018-11-06 10:54:00,-0.10770771413768898
2018-11-06 10:57:00,-0.09084847787630679
2018-11-06 11:00:00,-0.0991426247572349
2018-11-06 11:03:00,-0.12604660923670963
2018-11-06 11:06:00,-0.03136291685547121
2018-11-06 11:09:00,-0.048065431371753675
2018-11-06 11:12:00,-0.10050448555432467
2018-11-06 11:15:00,0.033988774398892474
2018-11-06 11:18:00,-0.15172370899949783
2018-11-06 11:21:00,-0.06809403883846699
2018-11-06 11:24:00,0.027322521700909874
2018-11-06 11:27:00,-0.1375062276151766
2018-11-06 11:30:00,-0.0976400114561784
2018-11-06 11:33:00,-0.10918388232408915
2018-11-06 11:36:00,-0.17356411701848629
2018-11-06 11:39:00,-0.13092941186573626
2018-11-06 11:42:00,-0.05131198446969165
2018-11-06 11:45:00,-0.08724367440072456
2018-11-06 11:48:00,-0.1999259230530015
2018-11-06 11:51:00,-0.2125372471974174
2018-11-06 11:54:00,-0.06185395828089213
2018-11-06 11:57:00,-0.03522868023958381
2018-11-06 12:00:00,-0.13490860123329185
2018-11-06 12:03:00,-0.10200441219899403
2018-11-06 12:06:00,-0.07107514690704875
2018-11-06 12:09:00,-0.04201480439991201
2018-11-06 12:12:00,-0.07181902238357907
2018-11-06 12:15:00,-0.12619047422651875
2018-11-06 12:18:00,-0.21433164624829715
2018-11-06 12:21:00,-0.11754317008478665
2018-11-06 12:24:00,-0.15733043997386176
2018-11-06 12:27:00,-0.10980121609469506
2018-11-06 12:30:00,-0.09654470266337967
2018-11-06 12:33:00,-0.3079220694315836
2018-11-06 12:36:00,-0.094563849355211
2018-11-06 12:39:00,-0.13552916927739034
2018-11-06 12:42:00,-0.18737399232759344
2018-11-06 12:45:00,-0.14891928316200165
2018-11-06 12:48:00,-0.24107846235017405
2018-11-06 12:51:00,-0.213551403609074
2018-11-06 12:54:00,-0.3458922018531325
2018-11-06 12:57:00,-0.37748381470925096
2018-11-06 13:00:00,-0.3456940527871666
2018-11-06 13:03:00,-0.2919997870831139
2018-11-06 13:06:00,-0.36761418342018715
2018-11-06 13:09:00,-0.2675645162347564
2018-11-06 13:12:00,-0.2635901041801958
2018-11-06 13:15:00,-0.265752217535578
2018-11-06 13:18:00,-0.15238312606805948
2018-11-06 13:21:00,-0.22870738015410552
2018-11-06 13:24:00,-0.23051974738456238
2018-11-06 13:27:00,-0.16982602222770993
2018-11-06 13:30:00,-0.2828454993643277
2018-11-06 13:33:00,-0.22698362452626952
2018-11-06 13:36:00,-0.38129893661289316
2018-11-06 13:39:00,-0.2396191641435621
2018-11-06 13:42:00,-0.2802804453020826
2018-11-06 13:45:00,-0.2263016587603488
2018-11-06 13:48:00,-0.1664327134678274
2018-11-06 13:51:00,-0.2811739286771058
2018-11-06 13:54:00,-0.17211827868379714
2018-11-06 13:57:00,-0.16106484367401208
2018-11-06 14:00:00,0.034767381096230565
2018-11-06 14:03:00,0.12092406423380453
2018-11-06 14:06:00,-0.017277699099849997
2018-11-06 14:09:00,-0.15183837036425984
2018-11-06 14:12:00,-0.1569602408212063
2018-11-06 14:15:00,-0.10871728261770386
2018-11-06 14:18:00,-0.1228873629042937
2018-11-06 14:21:00,-0.06114406176129705
2018-11-06 14:24:00,0.023106549192732473
2018-11-06 14:27:00,-0.21894091978100505
2018-11-06 14:30:00,-0.12581550616198456
2018-11-06 14:33:00,-0.0777910881233197
2018-11-06 14:36:00,0.04115793377218324
2018-11-06 14:39:00,0.03630087527773185
2018-11-06 14:42:00,-0.08860333363185191
2018-11-06 14:45:00,-0.09411826153876746
2018-11-06 14:48:00,-0.213418508284974
2018-11-06 14:51:00,-0.2321108047292455
2018-11-06 14:54:00,-0.1559100821061179
2018-11-06 14:57:00,-0.11806079433318928
2018-11-06 15:00:00,-0.018027931757103488
2018-11-06 15:03:00,0.2251638521850623
2018-11-06 15:06:00,0.10018884451693566
2018-11-06 15:09:00,-0.034314961683094225
2018-11-06 15:12:00,-0.010972830442085524
2018-11-06 15:15:00,0.12262752221005258
2018-11-06 15:18:00,0.21916892542225241
2018-11-06 15:21:00,0.3117594256989946
2018-11-06 15:24:00,0.2736309344574579
2018-11-06 15:27:00,0.35872874072305194
2018-11-06 15:30:00,0.40724612843638397
2018-11-06 15:33:00,0.25901861435329465
2018-11-06 15:36:00,0.6415806216876945
2018-11-06 15:39:00,0.6506610865181983
2018-11-06 15:42:00,0.5878287620628271
2018-11-06 15:45:00,0.36860804869735375
2018-11-06 15:48:00,0.35111272410352967
2018-11-06 15:51:00,0.32257792440651656
2018-11-06 15:54:00,0.27355184041414304
2018-11-06 15:57:00,0.22361379774548595
2018-11-06 16:00:00,0.2676478944038081
2018-11-06 16:03:00,0.2825202130239859
2018-11-06 16:06:00,0.205819726471816
2018-11-06 16:09:00,0.22039111046416338
2018-11-06 16:12:00,0.22425520126330412
2018-11-06 16:15:00,0.4267942723652709
2018-11-06 16:18:00,0.49609762921340916
2018-11-06 16:21:00,0.29173042971831364
2018-11-06 16:24:00,0.3374032383893564
2018-11-06 16:27:00,0.3482003390281534
2018-11-06 16:30:00,0.3367611427975703
2018-11-06 16:33:00,0.5160372787936467
2018-11-06 16:36:00,0.43846578257841884
2018-11-06 16:39:00,0.5112981646894355
2018-11-06 16:42:00,0.4074618267314918
2018-11-06 16:45:00,0.4691794516545542
2018-11-06 16:48:00,0.4535118848949651
2018-11-06 16:51:00,0.421348424993937
2018-11-06 16:54:00,0.15574199500264285
2018-11-06 16:57:00,0.521505197761428
2018-11-06 17:00:00,0.6850796783930377
2018-11-06 17:03:00,0.6453133485412081
2018-11-06 17:06:00,0.6626962389348705
2018-11-06 17:09:00,0.6994455718590302
2018-11-06 17:12:00,0.5009111456662367
2018-11-06 17:15:00,0.4537858968574824
2018-11-06 17:18:00,0.15116235102584596
2018-11-06 17:21:00,0.08065468391214381
2018-11-06 17:24:00,0.1459934813380528
2018-11-06 17:27:00,0.11470886445357564
2018-11-06 17:30:00,0.23192595852697195
2018-11-06 17:33:00,0.17857933527210434
2018-11-06 17:36:00,0.24905599170705273
2018-11-06 17:39:00,0.22755063761513838
2018-11-06 17:42:00,0.4064251831713932
2018-11-06 17:45:00,0.3491416439612749
2018-11-06 17:48:00,
2018-11-06 17:51:00,
2018-11-06 17:54:00,
2018-11-06 17:57:00,
2018-11-06 18:00:00,
2018-11-06 18:03:00,
2018-11-06 18:06:00,
2018-11-06 18:09:00,
2018-11-06 18:12:00,
2018-11-06 18:15:00,
2018-11-06 18:18:00,
2018-11-06 18:21:00,
2018-11-06 18:24:00,
2018-11-06 18:27:00,
2018-11-06 18:30:00,
2018-11-06 18:33:00,
2018-11-06 18:36:00,
2018-11-06 18:39:00,
2018-11-06 18:42:00,
2018-11-06 18:45:00,
2018-11-06 18:48:00,
2018-11-06 18:51:00,
2018-11-06 18:54:00,
2018-11-06 18:57:00,
2018-11-06 19:00:00,
2018-11-06 19:03:00,0.3083476658887321
2018-11-06 19:06:00,0.29548935158618406
2018-11-06 19:09:00,0.15694854016095405
2018-11-06 19:12:00,0.21788821634447686
2018-11-06 19:15:00,0.23422389420238687
2018-11-06 19:18:00,0.22342927945936708
2018-11-06 19:21:00,0.2520065841695214
2018-11-06 19:24:00,0.21827403754474517
2018-11-06 19:27:00,0.25779533929318177
2018-11-06 19:30:00,0.32152501553071033
2018-11-06 19:33:00,0.33140098943073326
2018-11-06 19:36:00,0.2985381590148677
2018-11-06 19:39:00,0.27670117632749225
2018-11-06 19:42:00,0.24656009257091682
2018-11-06 19:45:00,0.21114547390368443
2018-11-06 19:48:00,0.2558507724400556
2018-11-06 19:51:00,0.25443728452046344
2018-11-06 19:54:00,0.21915123673289827
2018-11-06 19:57:00,0.31737072849415426
2018-11-06 20:00:00,0.2810337228680737
2018-11-06 20:03:00,0.23922255501719292
2018-11-06 20:06:00,0.2993037894318036
2018-11-06 20:09:00,0.26889959011066367
2018-11-06 20:12:00,0.1871477729551998
2018-11-06 20:15:00,0.2664002403265613
2018-11-06 20:18:00,0.2510428611655584
2018-11-06 20:21:00,0.3303699519685779
2018-11-06 20:24:00,0.17052295968852604
2018-11-06 20:27:00,0.30059247915534115
2018-11-06 20:30:00,0.23714711833372348
2018-11-06 20:33:00,0.25266102016803416
2018-11-06 20:36:00,0.14830716993020587
2018-11-06 20:39:00,0.23955956458524952
2018-11-06 20:42:00,0.210020145992587
2018-11-06 20:45:00,0.21641899522279573
2018-11-06 20:48:00,0.10136758106483512
2018-11-06 20:51:00,0.29462396487565456
2018-11-06 20:54:00,0.285737985122978
2018-11-06 20:57:00,0.3374161030855021
2018-11-06 21:00:00,0.18464620931951004
2018-11-06 21:03:00,0.24241330855153365
2018-11-06 21:06:00,0.3168587994996983
2018-11-06 21:09:00,0.2609177152498887
2018-11-06 21:12:00,0.21361602887913023
2018-11-06 21:15:00,0.3102611429914077
2018-11-06 21:18:00,0.2829250770474232
2018-11-06 21:21:00,0.2521759762857414
2018-11-06 21:24:00,0.24070288389236794
2018-11-06 21:27:00,0.21780679886688858
2018-11-06 21:30:00,0.2928789380484318
2018-11-06 21:33:00,0.2603818942899352
2018-11-06 21:36:00,0.2537706979572931
2018-11-06 21:39:00,0.3044337250835838
2018-11-06 21:42:00,0.2845293594405689
2018-11-06 21:45:00,0.29957664172377463
2018-11-06 21:48:00,0.304452275112169
2018-11-06 21:51:00,0.31432129116814167
2018-11-06 21:54:00,0.2981472785467645
2018-11-06 21:57:00,0.2801748977453826
2018-11-06 22:00:00,0.27629263024033435
2018-11-06 22:03:00,0.2210950965943539
2018-11-06 22:06:00,0.26666035400432975
2018-11-06 22:09:00,0.1414818411969918
2018-11-06 22:12:00,0.12507226204127164
2018-11-06 22:15:00,0.2570112980807835
2018-11-06 22:18:00,0.08966146239851014
2018-11-06 22:21:00,0.15668823841610902
2018-11-06 22:24:00,0.18485070734277542
2018-11-06 22:27:00,0.21862066073674669
2018-11-06 22:30:00,0.20765934120106522
2018-11-06 22:33:00,0.23228812853824365
2018-11-06 22:36:00,0.2234115410323625
2018-11-06 22:39:00,0.20360307230515673
2018-11-06 22:42:00,0.27012323476651545
2018-11-06 22:45:00,0.24936764302850634
2018-11-06 22:48:00,0.25973868149185364
2018-11-06 22:51:00,0.2539581913901543
2018-11-06 22:54:00,0.21083783913746856
2018-11-06 22:57:00,0.1850813285930144
2018-11-06 23:00:00,0.22860322529595578
2018-11-06 23:03:00,0.16711341834366067
2018-11-06 23:06:00,0.2201973538391826
2018-11-06 23:09:00,0.25367996548152405
2018-11-06 23:12:00,0.22175093653186195
2018-11-06 23:15:00,0.15002022719721708
2018-11-06 23:18:00,0.2052192299569242
2018-11-06 23:21:00,0.3781332205578565
2018-11-06 23:24:00,0.3238230695424704
2018-11-06 23:27:00,0.3013569945644008
2018-11-06 23:30:00,0.29484901559857235
2018-11-06 23:33:00,0.2843891584093967
2018-11-06 23:36:00,0.291823141631653
2018-11-06 23:39:00,0.20507588948339617
2018-11-06 23:42:00,0.22204840712896612
2018-11-06 23:45:00,0.3186342390671939
2018-11-06 23:48:00,0.3121399110884795
2018-11-06 23:51:00,0.2718792228206439
2018-11-06 23:54:00,0.3655387250390163
2018-11-06 23:57:00,0.38523647580944953
2018-11-07 00:00:00,0.30296531799695003
2018-11-07 00:03:00,0.42735721313187014
2018-11-07 00:06:00,0.5234956919199476
2018-11-07 00:09:00,0.4638389226527124
2018-11-07 00:12:00,0.4184168239582391
2018-11-07 00:15:00,0.32673688896971953
2018-11-07 00:18:00,0.4446384374573995
2018-11-07 00:21:00,0.3452145346369093
2018-11-07 00:24:00,0.37145962561857004
2018-11-07 00:27:00,0.36351400147037793
2018-11-07 00:30:00,0.27858558530778055
2018-11-07 00:33:00,0.2840770366657921
2018-11-07 00:36:00,0.2782146719463867
2018-11-07 00:39:00,0.3009637405356784
2018-11-07 00:42:00,0.42264040449947515
2018-11-07 00:45:00,0.35114302831237865
2018-11-07 00:48:00,0.3534314396993068
2018-11-07 00:51:00,0.41078380130028336
2018-11-07 00:54:00,0.31590435145005813
2018-11-07 00:57:00,0.4081160887029682
2018-11-07 01:00:00,0.3563127588816428
2018-11-07 01:03:00,0.36999354503785753
2018-11-07 01:06:00,0.2967133271830562
2018-11-07 01:09:00,0.39331413998411335
2018-11-07 01:12:00,0.3685323538943521
2018-11-07 01:15:00,0.28228111478716755
2018-11-07 01:18:00,0.28359293259262586
2018-11-07 01:21:00,0.3859085301938876
2018-11-07 01:24:00,0.33702373369823135
2018-11-07 01:27:00,0.4248577140889438
2018-11-07 01:30:00,0.3526947789290489
2018-11-07 01:33:00,0.3104696613411875
2018-11-07 01:36:00,0.146051042034685
2018-11-07 01:39:00,0.2965250074156529
2018-11-07 01:42:00,0.32503526094734525
2018-11-07 01:45:00,0.3089413124046132
2018-11-07 01:48:00,0.36008773293133345
2018-11-07 01:51:00,0.3344798188038567
2018-11-07 01:54:00,0.3932968482245087
2018-11-07 01:57:00,0.36664528522595674
2018-11-07 02:00:00,0.3367067732781379
2018-11-07 02:03:00,0.30289769360757646
2018-11-07 02:06:00,0.39483627740446536
2018-11-07 02:09:00,0.3565100066035143
2018-11-07 02:12:00,0.40524370576417823
2018-11-07 02:15:00,0.39434812921592766
2018-11-07 02:18:00,0.37085875777461297
2018-11-07 02:21:00,0.37388972466732184
2018-11-07 02:24:00,0.386571164186023
2018-11-07 02:27:00,0.3000567932428453
2018-11-07 02:30:00,0.32280040154762446
2018-11-07 02:33:00,0.40068475589015407
2018-11-07 02:36:00,0.3025443755102515
2018-11-07 02:39:00,0.41221261144539767
2018-11-07 02:42:00,0.34653691170564116
2018-11-07 02:45:00,0.4205216601163215
2018-11-07 02:48:00,0.34273007230257235
2018-11-07 02:51:00,0.28125341931723824
2018-11-07 02:54:00,0.2925611154077501
2018-11-07 02:57:00,0.32637635107232654
2018-11-07 03:00:00,0.32555154629108074
2018-11-07 03:03:00,0.348984997965772
2018-11-07 03:06:00,0.35666267148820907
2018-11-07 03:09:00,0.3928414365043409
2018-11-07 03:12:00,0.3101166905593118
2018-11-07 03:15:00,0.3816716802347173
2018-11-07 03:18:00,0.3128687664259928
2018-11-07 03:21:00,0.2978827461112701
2018-11-07 03:24:00,0.30388778700603325
2018-11-07 03:27:00,0.4178032983562048
2018-11-07 03:30:00,0.34238064559986015
2018-11-07 03:33:00,0.3417394633715958
2018-11-07 03:36:00,0.4128490927895996
2018-11-07 03:39:00,0.3826974501229756
2018-11-07 03:42:00,0.28186259586180995
2018-11-07 03:45:00,0.36352127427619507
2018-11-07 03:48:00,0.3174710241411276
2018-11-07 03:51:00,0.3563861575412375
2018-11-07 03:54:00,0.3148649446338254
2018-11-07 03:57:00,0.32105815634616874
2018-11-07 04:00:00,0.3581426699865915
2018-11-07 04:03:00,0.3433548298372102
2018-11-07 04:06:00,0.33043555346296216
2018-11-07 04:09:00,0.2848301972267677
2018-11-07 04:12:00,0.3244989076259799
2018-11-07 04:15:00,0.3313460403097679
2018-11-07 04:18:00,0.3618798524523754
2018-11-07 04:21:00,0.31784589875388747
2018-11-07 04:24:00,0.28919668005647736
2018-11-07 04:27:00,0.29277874391584646
2018-11-07 04:30:00,0.3829876596549866
2018-11-07 04:33:00,0.3210220141933746
2018-11-07 04:36:00,0.4311088892860653
2018-11-07 04:39:00,0.4023913808910038
2018-11-07 04:42:00,0.368681382168802
2018-11-07 04:45:00,0.35747862650470097
2018-11-07 04:48:00,0.3672001282375277
2018-11-07 04:51:00,0.33763093754635065
2018-11-07 04:54:00,0.35833011300917406
2018-11-07 04:57:00,0.4059341052947616
2018-11-07 05:00:00,0.33054771525655724
2018-11-07 05:03:00,0.43982221763280904
2018-11-07 05:06:00,0.33470831800644874
2018-11-07 05:09:00,0.3032345132742762
2018-11-07 05:12:00,0.4067217973336028
2018-11-07 05:15:00,0.45132253635199504
2018-11-07 05:18:00,0.3428842871331881
2018-11-07 05:21:00,0.40529537674774474
2018-11-07 05:24:00,0.39319226938994234
2018-11-07 05:27:00,0.37866388545160135
2018-11-07 05:30:00,0.3197773799836341
2018-11-07 05:33:00,0.40418929879058396
2018-11-07 05:36:00,0.4332496710202349
2018-11-07 05:39:00,0.4049210705237556
2018-11-07 05:42:00,0.3666845093557072
2018-11-07 05:45:00,0.3657594374566884
2018-11-07 05:48:00,0.39876168327356254
2018-11-07 05:51:00,0.37026657473120395
2018-11-07 05:54:00,0.3835752833099946
2018-11-07 05:57:00,0.3405326826474493
2018-11-07 06:00:00,0.36622131565570726
2018-11-07 06:03:00,0.3515702985399116
2018-11-07 06:06:00,0.35049294333759917
2018-11-07 06:09:00,0.41960162927398414
2018-11-07 06:12:00,0.5186110734143767
2018-11-07 06:15:00,0.41968419477387897
2018-11-07 06:18:00,0.37728528054719845
2018-11-07 06:21:00,0.44741733446164744
2018-11-07 06:24:00,0.38372382573476216
2018-11-07 06:27:00,0.4729493267822704
2018-11-07 06:30:00,0.4380457138567522
2018-11-07 06:33:00,0.44601959769966015
2018-11-07 06:36:00,0.42065652751506377
2018-11-07 06:39:00,0.48922544171801974
2018-11-07 06:42:00,0.508263810726362
2018-11-07 06:45:00,0.36364393335935574
2018-11-07 06:48:00,0.42721370920781965
2018-11-07 06:51:00,0.4770623946380397
2018-11-07 06:54:00,0.46866686248341693
2018-11-07 06:57:00,0.3908741321595812
2018-11-07 07:00:00,0.41068090544183633
2018-11-07 07:03:00,0.36662784008558447
2018-11-07 07:06:00,0.3793121235721628
2018-11-07 07:09:00,0.4008702527518153
2018-11-07 07:12:00,0.4593059228133711
2018-11-07 07:15:00,0.40426095165491915
2018-11-07 07:18:00,0.4270178262022455
2018-11-07 07:21:00,0.38239027146539684
2018-11-07 07:24:00,0.468152007374556
2018-11-07 07:27:00,0.3067397533598637
2018-11-07 07:30:00,0.3145947686891759
2018-11-07 07:33:00,0.3651805357609419
2018-11-07 07:36:00,0.355160025185171
2018-11-07 07:39:00,0.3789297732621435
2018-11-07 07:42:00,0.3949680423859263
2018-11-07 07:45:00,0.3699343870131315
2018-11-07 07:48:00,0.41472067266158774
2018-11-07 07:51:00,0.37828261520473916
2018-11-07 07:54:00,0.3564296041478201
2018-11-07 07:57:00,0.3661905927810949
2018-11-07 08:00:00,0.3114455296423557
2018-11-07 08:03:00,0.3504817388460424
2018-11-07 08:06:00,0.33295145743750254
2018-11-07 08:09:00,0.2946155759582325
2018-11-07 08:12:00,0.38707634495045795
2018-11-07 08:15:00,0.2725034258571668
2018-11-07 08:18:00,0.36243109339545754
2018-11-07 08:21:00,0.322305024497723
2018-11-07 08:24:00,0.3168405443366282
2018-11-07 08:27:00,0.30138673679113026
2018-11-07 08:30:00,0.2809988134467858
2018-11-07 08:33:00,0.21490311639132642
2018-11-07 08:36:00,0.38841187041577996
2018-11-07 08:39:00,0.32502217976019665
2018-11-07 08:42:00,0.18752727647330403
2018-11-07 08:45:00,0.263071574698472
2018-11-07 08:48:00,0.32168407878651806
2018-11-07 08:51:00,0.28365324323419827
2018-11-07 08:54:00,0.3197238660885091
2018-11-07 08:57:00,0.3323684387875687
2018-11-07 09:00:00,0.17531093745418502
2018-11-07 09:03:00,0.1917922612162215
2018-11-07 09:06:00,0.22685955887089904
2018-11-07 09:09:00,0.20596782907171018
2018-11-07 09:12:00,0.1733594521242594
2018-11-07 09:15:00,0.1945265754490606
2018-11-07 09:18:00,0.18563000880425307
2018-11-07 09:21:00,0.19204037126365847
2018-11-07 09:24:00,0.1663451392385582
2018-11-07 09:27:00,0.14640758923582098
2018-11-07 09:30:00,0.1950851685902535
2018-11-07 09:33:00,0.19530365937151828
2018-11-07 09:36:00,0.16556807961700315
2018-11-07 09:39:00,0.15862924027982217
2018-11-07 09:42:00,0.1882398130759384
2018-11-07 09:45:00,0.16277788373207613
2018-11-07 09:48:00,0.10808980275800195
2018-11-07 09:51:00,0.16438337943310444
2018-11-07 09:54:00,0.08381430974185378
2018-11-07 09:57:00,-0.008290521067067402
2018-11-07 10:00:00,0.08554235101331642
2018-11-07 10:03:00,0.1441986062768592
2018-11-07 10:06:00,0.1341526938933839
2018-11-07 10:09:00,0.06211637701960626
2018-11-07 10:12:00,0.12026391559089689
2018-11-07 10:15:00,0.21044436303867542
2018-11-07 10:18:00,0.16270330733232186
2018-11-07 10:21:00,0.20537711031113304
2018-11-07 10:24:00,0.18146087814210432
2018-11-07 10:27:00,0.14190933596159994
2018-11-07 10:30:00,0.1284726791048456
2018-11-07 10:33:00,0.17864554984043934
2018-11-07 10:36:00,0.13108510239197813
2018-11-07 10:39:00,0.12552982545275881
2018-11-07 10:42:00,0.1597441860413369
2018-11-07 10:45:00,0.06291605990293192
2018-11-07 10:48:00,0.2193488185562842
2018-11-07 10:51:00,0.19241290557249613
2018-11-07 10:54:00,0.008895750648377998
2018-11-07 10:57:00,0.2065297748329158
2018-11-07 11:00:00,0.12603709115961692
2018-11-07 11:03:00,0.054124148624737245
2018-11-07 11:06:00,0.08980279630418408
2018-11-07 11:09:00,0.03582859919134762
2018-11-07 11:12:00,0.033714478398223946
2018-11-07 11:15:00,0.06579036158791496
2018-11-07 11:18:00,0.05659094203952009
2018-11-07 11:21:00,0.08092853706818914
2018-11-07 11:24:00,0.0479709134462496
2018-11-07 11:27:00,-0.013279013609064805
2018-11-07 11:30:00,0.06524398554211075
2018-11-07 11:33:00,0.015436262747414276
2018-11-07 11:36:00,0.03123826928026574
2018-11-07 11:39:00,0.04198313808791454
2018-11-07 11:42:00,-0.082559133981988
2018-11-07 11:45:00,-0.12810160313659935
2018-11-07 11:48:00,0.04352890238084228
2018-11-07 11:51:00,0.02045735505078028
2018-11-07 11:54:00,0.04387029391625674
2018-11-07 11:57:00,-0.023852761313207793
2018-11-07 12:00:00,0.001541280716764959
2018-11-07 12:03:00,0.10081169632417186
2018-11-07 12:06:00,0.10405002105312633
2018-11-07 12:09:00,0.0882205292015783
2018-11-07 12:12:00,-0.02965967529178215
2018-11-07 12:15:00,-0.012618257922838438
2018-11-07 12:18:00,-0.06603452179427904
2018-11-07 12:21:00,-0.027425658924983054
2018-11-07 12:24:00,-0.02374819482474777
2018-11-07 12:27:00,0.07312335960341443
2018-11-07 12:30:00,-0.013214285254719016
2018-11-07 12:33:00,-0.10528425957932086
2018-11-07 12:36:00,-0.09322464140717557
2018-11-07 12:39:00,0.05122725063870348
2018-11-07 12:42:00,-0.09718004778613931
2018-11-07 12:45:00,-0.043064369650778644
2018-11-07 12:48:00,-0.0117982071019469
2018-11-07 12:51:00,-0.0642249517742357
2018-11-07 12:54:00,-0.09504143073519344
2018-11-07 12:57:00,0.04054906585980689
2018-11-07 13:00:00,-0.04174227110058837
2018-11-07 13:03:00,-0.07279137287434878
2018-11-07 13:06:00,-0.05091059646753138
2018-11-07 13:09:00,-0.08951712115782584
2018-11-07 13:12:00,-0.06484278695825196
2018-11-07 13:15:00,-0.07960633939899253
2018-11-07 13:18:00,-0.07166932144184557
2018-11-07 13:21:00,-0.07658992136458664
2018-11-07 13:24:00,-0.03174033637424145
2018-11-07 13:27:00,-0.09667049908546232
2018-11-07 13:30:00,-0.07701870659184351
2018-11-07 13:33:00,0.028132258623884354
2018-11-07 13:36:00,-0.06148517902823869
2018-11-07 13:39:00,-0.07927134720239337
2018-11-07 13:42:00,-0.06293323669177653
2018-11-07 13:45:00,-0.13878634044209548
2018-11-07 13:48:00,-0.09780328334204569
2018-11-07 13:51:00,-0.14462040842494162
2018-11-07 13:54:00,-0.1822622861014338
2018-11-07 13:57:00,-0.20747004669755142
2018-11-07 14:00:00,-0.19259872456518679
2018-11-07 14:03:00,-0.09022802352501458
2018-11-07 14:06:00,-0.211039989735184
2018-11-07 14:09:00,-0.1195767372784644
2018-11-07 14:12:00,-0.12647090082754175
2018-11-07 14:15:00,-0.18494708653622638
2018-11-07 14:18:00,-0.20365791995857307
2018-11-07 14:21:00,-0.20648528813507028
2018-11-07 14:24:00,-0.19540775561551982
2018-11-07 14:27:00,-0.14559837549245458
2018-11-07 14:30:00,-0.22381221252061323
2018-11-07 14:33:00,-0.15596312469671147
2018-11-07 14:36:00,-0.1788621322725703
2018-11-07 14:39:00,-0.22632524030473178
2018-11-07 14:42:00,-0.10905863276934724
2018-11-07 14:45:00,-0.24959988545310807
2018-11-07 14:48:00,-0.20656045365996079
2018-11-07 14:51:00,-0.24888297592644903
2018-11-07 14:54:00,-0.15960025336863737
2018-11-07 14:57:00,-0.2228620085941202
2018-11-07 15:00:00,-0.1559182957973917
2018-11-07 15:03:00,-0.2484174405565227
2018-11-07 15:06:00,-0.16322279404744222
2018-11-07 15:09:00,-0.3046167707278187
2018-11-07 15:12:00,-0.26062063995124163
2018-11-07 15:15:00,-0.2628652649016203
2018-11-07 15:18:00,-0.24138446996806806
2018-11-07 15:21:00,-0.2800867703796257
2018-11-07 15:24:00,-0.2122202634272412
2018-11-07 15:27:00,-0.22443720155342817
2018-11-07 15:30:00,-0.1705033070314812
2018-11-07 15:33:00,-0.26993031473347173
2018-11-07 15:36:00,-0.20305048249548463
2018-11-07 15:39:00,-0.2726768871208378
2018-11-07 15:42:00,-0.25913702342626266
2018-11-07 15:45:00,-0.21692076225878054
2018-11-07 15:48:00,-0.26096666519958944
2018-11-07 15:51:00,-0.29260471596796833
2018-11-07 15:54:00,-0.28316806089713964
2018-11-07 15:57:00,-0.15955281958736123
2018-11-07 16:00:00,-0.18401485719283528
2018-11-07 16:03:00,-0.2066027691074055
2018-11-07 16:06:00,-0.13813608796868948
2018-11-07 16:09:00,-0.13145703837943756
2018-11-07 16:12:00,-0.31244166719505984
2018-11-07 16:15:00,-0.23659357267047199
2018-11-07 16:18:00,-0.24817203409043032
2018-11-07 16:21:00,-0.1893951107601879
2018-11-07 16:24:00,-0.17837859560791003
2018-11-07 16:27:00,-0.14336813407197724
2018-11-07 16:30:00,-0.08805958996833851
2018-11-07 16:33:00,-0.18255846299541645
2018-11-07 16:36:00,-0.16529383024766275
2018-11-07 16:39:00,-0.1507346503598228
2018-11-07 16:42:00,-0.1185545646149535
2018-11-07 16:45:00,-0.1566023115479993
2018-11-07 16:48:00,-0.11013862885425851
2018-11-07 16:51:00,-0.08988270306599588
2018-11-07 16:54:00,-0.09092493509427868
2018-11-07 16:57:00,-0.15854285005445945
2018-11-07 17:00:00,-0.17819640993030816
2018-11-07 17:03:00,-0.16650572651883522
2018-11-07 17:06:00,-0.21698241019674924
2018-11-07 17:09:00,-0.12263159506687771
2018-11-07 17:12:00,-0.0665340599848605
2018-11-07 17:15:00,-0.14740929797278568
2018-11-07 17:18:00,-0.056086097701268045
2018-11-07 17:21:00,-0.17561419216292506
2018-11-07 17:24:00,-0.13717387087956467
2018-11-07 17:27:00,-0.09469779652522448
2018-11-07 17:30:00,-0.07720153826221576
2018-11-07 17:33:00,-0.1856912433951834
2018-11-07 17:36:00,-0.031042426977592186
2018-11-07 17:39:00,-0.09567390984727808
2018-11-07 17:42:00,-0.022668054870678134
2018-11-07 17:45:00,-0.05837058422065411
2018-11-07 17:48:00,-0.05756181458207266
2018-11-07 17:51:00,-0.10663168592083139
2018-11-07 17:54:00,-0.0737347435896254
2018-11-07 17:57:00,-0.07135097633783971
2018-11-07 18:00:00,-0.04178625070341013
2018-11-07 18:03:00,0.003573563151178405
2018-11-07 18:06:00,0.026783151096822166
2018-11-07 18:09:00,-0.11739377263819506
2018-11-07 18:12:00,-0.05112076774042862
2018-11-07 18:15:00,-0.059496219803463646
2018-11-07 18:18:00,-0.018328059736916202
2018-11-07 18:21:00,0.013630179031224543
2018-11-07 18:24:00,0.09796765038174726
2018-11-07 18:27:00,0.026512552917154153
2018-11-07 18:30:00,0.1004794864979317
2018-11-07 18:33:00,0.05112927058308969
2018-11-07 18:36:00,0.018398103240826913
2018-11-07 18:39:00,0.03874050817785246
2018-11-07 18:42:00,0.06053486687676468
2018-11-07 18:45:00,0.07342892904762266
2018-11-07 18:48:00,0.0837337347681455
2018-11-07 18:51:00,0.043510336164899854
2018-11-07 18:54:00,0.09445867927871632
2018-11-07 18:57:00,
2018-11-07 19:00:00,
2018-11-07 19:03:00,0.1287693948498827
2018-11-07 19:06:00,0.0758106192271839
2018-11-07 19:09:00,0.049215878699214954
2018-11-07 19:12:00,0.004276984860382527
2018-11-07 19:15:00,-0.018749572199112663
2018-11-07 19:18:00,0.07955935117126955
2018-11-07 19:21:00,0.12719697400819996
2018-11-07 19:24:00,0.10697634929636024
2018-11-07 19:27:00,0.08743039193632285
2018-11-07 19:30:00,0.07333637236570212
2018-11-07 19:33:00,0.10433607508673504
2018-11-07 19:36:00,0.06523783704079733
2018-11-07 19:39:00,0.13989845725859595
2018-11-07 19:42:00,0.15755714386710906
2018-11-07 19:45:00,0.15251227350819363
2018-11-07 19:48:00,0.0964737464178711
2018-11-07 19:51:00,0.13674225709883103
2018-11-07 19:54:00,0.09928442763003886
2018-11-07 19:57:00,0.10987440898077239
2018-11-07 20:00:00,0.04663931183534942
2018-11-07 20:03:00,0.16243840484338534
2018-11-07 20:06:00,0.14030981306342483
2018-11-07 20:09:00,0.08622257439748182
2018-11-07 20:12:00,0.1557410708635416
2018-11-07 20:15:00,0.11059946885865202
2018-11-07 20:18:00,0.1579925351116458
2018-11-07 20:21:00,0.11214602317153322
2018-11-07 20:24:00,0.10950207277812751
2018-11-07 20:27:00,0.12780870851952386
2018-11-07 20:30:00,0.09406635499703953
2018-11-07 20:33:00,0.14672413250764293
2018-11-07 20:36:00,0.04401662098990755
2018-11-07 20:39:00,0.05415738453365293
2018-11-07 20:42:00,0.13716656664098537
2018-11-07 20:45:00,0.19745265984363414
2018-11-07 20:48:00,0.11380042991333994
2018-11-07 20:51:00,0.13746926520218494
2018-11-07 20:54:00,0.10884027662660856
2018-11-07 20:57:00,0.24248444279538717
2018-11-07 21:00:00,0.21047888881849985
2018-11-07 21:03:00,0.11070778853445518
2018-11-07 21:06:00,0.1298131143101955
2018-11-07 21:09:00,0.14227614320310522
2018-11-07 21:12:00,0.1449508440790055
2018-11-07 21:15:00,0.10722615486997711
2018-11-07 21:18:00,0.20344765660723851
2018-11-07 21:21:00,0.15613278593423274
2018-11-07 21:24:00,0.13831555897593262
2018-11-07 21:27:00,0.1468466835954132
2018-11-07 21:30:00,0.1785112724027158
2018-11-07 21:33:00,0.19469334640700708
2018-11-07 21:36:00,0.21203340863820586
2018-11-07 21:39:00,0.20429053690622823
2018-11-07 21:42:00,0.20826835174227654
2018-11-07 21:45:00,0.1687166857665261
2018-11-07 21:48:00,0.1450836597620082
2018-11-07 21:51:00,0.18830062402611247
2018-11-07 21:54:00,0.1376636213071265
2018-11-07 21:57:00,0.25180552475450213
2018-11-07 22:00:00,0.13338438240174355
2018-11-07 22:03:00,0.23067347341918776
2018-11-07 22:06:00,0.08420493736412027
2018-11-07 22:09:00,0.11016310386338546
2018-11-07 22:12:00,0.2606308757014517
2018-11-07 22:15:00,0.15831940436066816
2018-11-07 22:18:00,0.19381461483857265
2018-11-07 22:21:00,0.2203886474266028
2018-11-07 22:24:00,0.23692310305744968
2018-11-07 22:27:00,0.12893114142531203
2018-11-07 22:30:00,0.15177193378082166
2018-11-07 22:33:00,0.15087363830338063
2018-11-07 22:36:00,0.22241834058473842
2018-11-07 22:39:00,0.22062992005487558
2018-11-07 22:42:00,0.15390488041231265
2018-11-07 22:45:00,0.20033013503962138
2018-11-07 22:48:00,0.19726956600550238
2018-11-07 22:51:00,0.20072651220573334
2018-11-07 22:54:00,0.18048606317273652
2018-11-07 22:57:00,0.1743714651873347
2018-11-07 23:00:00,0.22744966234415642
2018-11-07 23:03:00,0.2508768535934678
2018-11-07 23:06:00,0.26933853374805494
2018-11-07 23:09:00,0.2887174133991266
2018-11-07 23:12:00,0.2729223878872631
2018-11-07 23:15:00,0.14415250767490306
2018-11-07 23:18:00,0.2533913927712774
2018-11-07 23:21:00,0.21075438669203095
2018-11-07 23:24:00,0.32197358073869964
2018-11-07 23:27:00,0.27557707518866437
2018-11-07 23:30:00,0.2678909376813863
2018-11-07 23:33:00,0.20661649511419
2018-11-07 23:36:00,0.16929083078701979
2018-11-07 23:39:00,0.284729787712763
2018-11-07 23:42:00,0.27825271789151884
2018-11-07 23:45:00,0.1414129696463533
2018-11-07 23:48:00,0.1556484222841732
2018-11-07 23:51:00,0.2928127334096189
2018-11-07 23:54:00,0.17284557502671305
2018-11-07 23:57:00,0.30206466942098587
2018-11-08 00:00:00,0.1813093187935806
2018-11-08 00:03:00,0.31842951357532456
2018-11-08 00:06:00,0.2927875390068948
2018-11-08 00:09:00,0.1805130246099793
2018-11-08 00:12:00,0.22611155579471642
2018-11-08 00:15:00,0.2590569651717942
2018-11-08 00:18:00,0.3087892742473173
2018-11-08 00:21:00,0.3245430681314474
2018-11-08 00:24:00,0.28031872522069534
2018-11-08 00:27:00,0.2572876455823234
2018-11-08 00:30:00,0.2883008372661493
2018-11-08 00:33:00,0.3205193076456112
2018-11-08 00:36:00,0.22489420604279076
2018-11-08 00:39:00,0.22394338115532264
2018-11-08 00:42:00,0.3316623424278191
2018-11-08 00:45:00,0.30069523146676147
2018-11-08 00:48:00,0.37372293247722155
2018-11-08 00:51:00,0.34386983301919827
2018-11-08 00:54:00,0.25361423371657565
2018-11-08 00:57:00,0.2875297727052839
2018-11-08 01:00:00,0.1946105062309016
2018-11-08 01:03:00,0.31421397099427395
2018-11-08 01:06:00,0.2734517359471056
2018-11-08 01:09:00,0.2771762007715779
2018-11-08 01:12:00,0.2666898519585743
2018-11-08 01:15:00,0.31976059316195915
2018-11-08 01:18:00,0.28943949410245295
2018-11-08 01:21:00,0.38307105781842665
2018-11-08 01:24:00,0.28539647055487194
2018-11-08 01:27:00,0.32455080447755336
2018-11-08 01:30:00,0.39282523052884244
2018-11-08 01:33:00,0.302506390546057
2018-11-08 01:36:00,0.2793332462163107
2018-11-08 01:39:00,0.25362990942392116
2018-11-08 01:42:00,0.23461531421452264
2018-11-08 01:45:00,0.33241208079954276
2018-11-08 01:48:00,0.3422085121424061
2018-11-08 01:51:00,0.246208068636804
2018-11-08 01:54:00,0.32574494421697864
2018-11-08 01:57:00,0.37655848886072363
2018-11-08 02:00:00,0.32858028779384085
2018-11-08 02:03:00,0.34381653621647956
2018-11-08 02:06:00,0.1733015957077555
2018-11-08 02:09:00,0.3073776188049351
2018-11-08 02:12:00,0.2854490648566639
2018-11-08 02:15:00,0.3073740872807207
2018-11-08 02:18:00,0.31198715121433906
2018-11-08 02:21:00,0.3379022891407999
2018-11-08 02:24:00,0.3301863789632762
2018-11-08 02:27:00,0.3355262668056298
2018-11-08 02:30:00,0.33054793277449335
2018-11-08 02:33:00,0.3342498017183857
2018-11-08 02:36:00,0.3137681892173987
2018-11-08 02:39:00,0.3357657648455188
2018-11-08 02:42:00,0.302590995303774
2018-11-08 02:45:00,0.3541874600983874
2018-11-08 02:48:00,0.34405776794682197
2018-11-08 02:51:00,0.3340648388617069
2018-11-08 02:54:00,0.2440062227738622
2018-11-08 02:57:00,0.37975848765194087
2018-11-08 03:00:00,0.37827652162894765
2018-11-08 03:03:00,0.36011528148816296
2018-11-08 03:06:00,0.25227716880334583
2018-11-08 03:09:00,0.35495248647049493
2018-11-08 03:12:00,0.22758029235080812
2018-11-08 03:15:00,0.279913224864174
2018-11-08 03:18:00,0.29335656326145454
2018-11-08 03:21:00,0.325141415022415
2018-11-08 03:24:00,0.3017139254853305
2018-11-08 03:27:00,0.2518656179638583
2018-11-08 03:30:00,0.27289775522126547
2018-11-08 03:33:00,0.2664305288225819
2018-11-08 03:36:00,0.28390111160479137
2018-11-08 03:39:00,0.19969372691286935
2018-11-08 03:42:00,0.1512674932508844
2018-11-08 03:45:00,0.26468725025381445
2018-11-08 03:48:00,0.21017981958050314
2018-11-08 03:51:00,0.2756711796990885
2018-11-08 03:54:00,0.349309539053138
2018-11-08 03:57:00,0.27163337262192044
2018-11-08 04:00:00,0.2514169730519029
2018-11-08 04:03:00,0.2159273481607329
2018-11-08 04:06:00,0.17497677458226235
2018-11-08 04:09:00,0.24233604397443287
2018-11-08 04:12:00,0.22815941707466436
2018-11-08 04:15:00,0.31280510130989114
2018-11-08 04:18:00,0.3205554437966498
2018-11-08 04:21:00,0.22406164355197689
2018-11-08 04:24:00,0.28510145493856953
2018-11-08 04:27:00,0.26589970479022895
2018-11-08 04:30:00,0.39966158806430485
2018-11-08 04:33:00,0.34765240629121763
2018-11-08 04:36:00,0.25818482055177583
2018-11-08 04:39:00,0.21699181151819857
2018-11-08 04:42:00,0.22711354312156118
2018-11-08 04:45:00,0.17721064319533752
2018-11-08 04:48:00,0.24205474601006927
2018-11-08 04:51:00,0.2242024779716303
2018-11-08 04:54:00,0.1694392094551631
2018-11-08 04:57:00,0.31177935133126766
2018-11-08 05:00:00,0.20969843994703297
2018-11-08 05:03:00,0.3167161802990677
2018-11-08 05:06:00,0.31487020129912935
2018-11-08 05:09:00,0.20264819060150785
2018-11-08 05:12:00,0.2930139803655152
2018-11-08 05:15:00,0.2734836119162196
2018-11-08 05:18:00,0.34212374242855503
2018-11-08 05:21:00,0.24846764554604306
2018-11-08 05:24:00,0.1803490674029149
2018-11-08 05:27:00,0.23667313733807305
2018-11-08 05:30:00,0.20483403214433338
2018-11-08 05:33:00,0.25491735831383266
2018-11-08 05:36:00,0.35461814888935805
2018-11-08 05:39:00,0.24299686392845388
2018-11-08 05:42:00,0.23128508860907004
2018-11-08 05:45:00,0.26355140569984314
2018-11-08 05:48:00,0.18813947817636745
2018-11-08 05:51:00,0.23841743267138327
2018-11-08 05:54:00,0.27506717306226847
2018-11-08 05:57:00,0.25555335330437856
2018-11-08 06:00:00,0.1430985341682458
2018-11-08 06:03:00,0.197832263286557
2018-11-08 06:06:00,0.2610605464036553
2018-11-08 06:09:00,0.20061982079079144
2018-11-08 06:12:00,0.23331056752630275
2018-11-08 06:15:00,0.15502446194813047
2018-11-08 06:18:00,0.20569628731834655
2018-11-08 06:21:00,0.2555570726960923
2018-11-08 06:24:00,0.2945720717897302
2018-11-08 06:27:00,0.2773703673795467
2018-11-08 06:30:00,0.21319392181140984
2018-11-08 06:33:00,0.125968389510831
2018-11-08 06:36:00,0.21822040669349008
2018-11-08 06:39:00,0.16935175143373726
2018-11-08 06:42:00,0.22479146201345657
2018-11-08 06:45:00,0.16386651538408614
2018-11-08 06:48:00,0.19862578575401812
2018-11-08 06:51:00,0.3207411948091021
2018-11-08 06:54:00,0.1673309021712157
2018-11-08 06:57:00,0.19698366808756873
2018-11-08 07:00:00,0.2565177872286313
2018-11-08 07:03:00,0.26760388332934326
2018-11-08 07:06:00,0.209468273351888
2018-11-08 07:09:00,0.2486837777558435
2018-11-08 07:12:00,0.3038263183313461
2018-11-08 07:15:00,0.28230262987614196
2018-11-08 07:18:00,0.227483484555421
2018-11-08 07:21:00,0.21397714531542533
2018-11-08 07:24:00,0.27990965295441583
2018-11-08 07:27:00,0.21661993477476926
2018-11-08 07:30:00,0.30542682743157457
2018-11-08 07:33:00,0.34781998006678805
2018-11-08 07:36:00,0.29781074894543735
2018-11-08 07:39:00,0.2237509913426834
2018-11-08 07:42:00,0.13628607272465842
2018-11-08 07:45:00,0.16483466684371706
2018-11-08 07:48:00,0.17098144903081902
2018-11-08 07:51:00,0.10261997009405377
2018-11-08 07:54:00,0.14484615713115545
2018-11-08 07:57:00,0.2007078581224846
2018-11-08 08:00:00,0.1962104431336229
2018-11-08 08:03:00,0.13487218053074912
2018-11-08 08:06:00,0.1251451252092579
2018-11-08 08:09:00,0.04778125859894544
2018-11-08 08:12:00,0.14255937246758776
2018-11-08 08:15:00,0.10057657118306906
2018-11-08 08:18:00,0.17465696995105873
2018-11-08 08:21:00,0.11885474243376848
2018-11-08 08:24:00,0.10016519012668823
2018-11-08 08:27:00,0.07408103332375049
2018-11-08 08:30:00,0.03696147819817952
2018-11-08 08:33:00,0.10711825166407607
2018-11-08 08:36:00,0.031187591017612704
2018-11-08 08:39:00,0.135154053433439
2018-11-08 08:42:00,0.051868439717623005
2018-11-08 08:45:00,0.07880398654890541
2018-11-08 08:48:00,0.10912868529896969
2018-11-08 08:51:00,0.12303515067344506
2018-11-08 08:54:00,0.05070974172605247
2018-11-08 08:57:00,0.14566330225591173
2018-11-08 09:00:00,0.07628681862536268
2018-11-08 09:03:00,0.19393240413182866
2018-11-08 09:06:00,0.20248485940004457
2018-11-08 09:09:00,0.047955068950727764
2018-11-08 09:12:00,0.11806936970259585
2018-11-08 09:15:00,0.14152440742071803
2018-11-08 09:18:00,0.09209634540320621
2018-11-08 09:21:00,0.10476102473614901
2018-11-08 09:24:00,0.1630952853390113
2018-11-08 09:27:00,0.06946167670417935
2018-11-08 09:30:00,0.09181208694730003
2018-11-08 09:33:00,0.13955978777886457
2018-11-08 09:36:00,0.1461248613673547
2018-11-08 09:39:00,0.01704187921598077
2018-11-08 09:42:00,0.09326039581344503
2018-11-08 09:45:00,0.10475638083232752
2018-11-08 09:48:00,0.03878710395071039
2018-11-08 09:51:00,0.08024205281861896
2018-11-08 09:54:00,0.1542665848758702
2018-11-08 09:57:00,0.06437830048520254
2018-11-08 10:00:00,-0.004607993827676182
2018-11-08 10:03:00,0.06400297295334667
2018-11-08 10:06:00,0.10504200909969086
2018-11-08 10:09:00,0.01299345591223755
2018-11-08 10:12:00,0.0999001147951617
2018-11-08 10:15:00,0.046719392175646135
2018-11-08 10:18:00,0.03319974061633957
2018-11-08 10:21:00,0.010167788141870915
2018-11-08 10:24:00,0.028899135020594713
2018-11-08 10:27:00,0.018173932557999706
2018-11-08 10:30:00,0.06392223464825975
2018-11-08 10:33:00,0.09599748978848766
2018-11-08 10:36:00,0.0650519962014755
2018-11-08 10:39:00,0.02190421227993511
2018-11-08 10:42:00,0.10826613975802957
2018-11-08 10:45:00,0.03755455852359546
2018-11-08 10:48:00,0.08803379551585522
2018-11-08 10:51:00,0.08619527428908214
2018-11-08 10:54:00,-0.05400320574113948
2018-11-08 10:57:00,-0.00015975331859863218
2018-11-08 11:00:00,-0.08024049445009496
2018-11-08 11:03:00,0.031205648232230487
2018-11-08 11:06:00,0.018217580137104505
2018-11-08 11:09:00,-0.08610049365796613
2018-11-08 11:12:00,-0.00544990074092766
2018-11-08 11:15:00,0.04098394548043416
2018-11-08 11:18:00,0.002660741584236348
2018-11-08 11:21:00,-0.004970022922577755
2018-11-08 11:24:00,-0.03124793054763586
2018-11-08 11:27:00,-0.03761925132403121
2018-11-08 11:30:00,-0.0013858128292554284
2018-11-08 11:33:00,0.017013870053403934
2018-11-08 11:36:00,0.010519877180172443
2018-11-08 11:39:00,0.00809107161370548
2018-11-08 11:42:00,0.007392386309390986
2018-11-08 11:45:00,-0.0008071871329775604
2018-11-08 11:48:00,0.009129873951223999
2018-11-08 11:51:00,0.06860325606561446
2018-11-08 11:54:00,-0.045667415656566845
2018-11-08 11:57:00,-0.08645689393779321
2018-11-08 12:00:00,-0.029737841663120435
2018-11-08 12:03:00,-0.010665902599100718
2018-11-08 12:06:00,-0.048200005459079875
2018-11-08 12:09:00,-0.02411360328505907
2018-11-08 12:12:00,0.009904550080250374
2018-11-08 12:15:00,0.07014527946591897
2018-11-08 12:18:00,0.030585206925707098
2018-11-08 12:21:00,-0.08174591965928357
2018-11-08 12:24:00,0.04244874939308829
2018-11-08 12:27:00,-0.07832418055500057
2018-11-08 12:30:00,-0.0015756302954628154
2018-11-08 12:33:00,-0.03207030518768761
2018-11-08 12:36:00,-0.004201100707007299
2018-11-08 12:39:00,-0.03976711291994661
2018-11-08 12:42:00,-0.05516328784477764
2018-11-08 12:45:00,-0.04408765658581615
2018-11-08 12:48:00,0.018433124131831846
2018-11-08 12:51:00,-0.017925460498588563
2018-11-08 12:54:00,-0.040742595071094456
2018-11-08 12:57:00,-0.08866741417591584
2018-11-08 13:00:00,-0.01892153901508209
2018-11-08 13:03:00,-0.03464501823157207
2018-11-08 13:06:00,-0.030721150236956873
2018-11-08 13:09:00,-0.10892083920919049
2018-11-08 13:12:00,-0.06515721405838804
2018-11-08 13:15:00,-0.09375995395549808
2018-11-08 13:18:00,-0.07714603837877121
2018-11-08 13:21:00,-0.001810508123071486
2018-11-08 13:24:00,-0.11883000242215758
2018-11-08 13:27:00,-0.082778906921817
2018-11-08 13:30:00,-0.07978427877259264
2018-11-08 13:33:00,-0.14081559996196802
2018-11-08 13:36:00,-0.19227070245472078
2018-11-08 13:39:00,-0.07015624289800826
2018-11-08 13:42:00,-0.21108596140999225
2018-11-08 13:45:00,-0.07560243044258641
2018-11-08 13:48:00,-0.18646944319226577
2018-11-08 13:51:00,-0.18231798015631284
2018-11-08 13:54:00,-0.13649557535802614
2018-11-08 13:57:00,-0.1966689884318953
2018-11-08 14:00:00,-0.21736299033074147
2018-11-08 14:03:00,-0.2153196974037428
2018-11-08 14:06:00,-0.22453233789474325
2018-11-08 14:09:00,-0.20082774014048255
2018-11-08 14:12:00,-0.24892902822369933
2018-11-08 14:15:00,-0.1368019618720382
2018-11-08 14:18:00,-0.16061279296388875
2018-11-08 14:21:00,-0.31627828061158425
2018-11-08 14:24:00,-0.29593131565593467
2018-11-08 14:27:00,-0.19423589890448056
2018-11-08 14:30:00,-0.22222104730263936
2018-11-08 14:33:00,-0.3151975167055525
2018-11-08 14:36:00,-0.2675407053422987
2018-11-08 14:39:00,-0.30412419873704266
2018-11-08 14:42:00,-0.2704777555878195
2018-11-08 14:45:00,-0.21440642336642668
2018-11-08 14:48:00,-0.21014658065871572
2018-11-08 14:51:00,-0.34157334196567035
2018-11-08 14:54:00,-0.1913986222819517
2018-11-08 14:57:00,-0.21050465510273852
2018-11-08 15:00:00,-0.20204795117189178
2018-11-08 15:03:00,-0.24608424893892789
2018-11-08 15:06:00,-0.15268725663094074
2018-11-08 15:09:00,-0.19436155707802527
2018-11-08 15:12:00,-0.26928513436240564
2018-11-08 15:15:00,-0.27939373165480674
2018-11-08 15:18:00,-0.31323150117367504
2018-11-08 15:21:00,-0.2778554443814869
2018-11-08 15:24:00,-0.3178971274130049
2018-11-08 15:27:00,-0.2779280043569088
2018-11-08 15:30:00,-0.28224227236017896
2018-11-08 15:33:00,-0.2514009492541618
2018-11-08 15:36:00,-0.33501420715390395
2018-11-08 15:39:00,-0.2198373488084826
2018-11-08 15:42:00,-0.24205615909409062
2018-11-08 15:45:00,-0.12954782194628933
2018-11-08 15:48:00,-0.2619726623020142
2018-11-08 15:51:00,-0.2456368636167099
2018-11-08 15:54:00,-0.18905053781588776
2018-11-08 15:57:00,-0.22653904670784186
2018-11-08 16:00:00,-0.133988082425617
2018-11-08 16:03:00,-0.21977868970503778
2018-11-08 16:06:00,-0.19096657521714633
2018-11-08 16:09:00,-0.23137046530075622
2018-11-08 16:12:00,-0.3548814182890965
2018-11-08 16:15:00,-0.14360833921489302
2018-11-08 16:18:00,-0.12586310226356545
2018-11-08 16:21:00,-0.17376211743783188
2018-11-08 16:24:00,-0.10758871070254372
2018-11-08 16:27:00,-0.1370760459998337
2018-11-08 16:30:00,-0.19985133550636647
2018-11-08 16:33:00,-0.15154486677653267
2018-11-08 16:36:00,-0.0019325187801655375
2018-11-08 16:39:00,0.14315612605224715
2018-11-08 16:42:00,0.20971788160721871
2018-11-08 16:45:00,0.1710493812335585
2018-11-08 16:48:00,0.15920499048047532
2018-11-08 16:51:00,0.06652115390056679
2018-11-08 16:54:00,0.0625165348355381
2018-11-08 16:57:00,0.07930705370046098
2018-11-08 17:00:00,0.10721870097012243
2018-11-08 17:03:00,0.08343632207453311
2018-11-08 17:06:00,0.08083688682188495
2018-11-08 17:09:00,0.008645670711075581
2018-11-08 17:12:00,0.08270150508315055
2018-11-08 17:15:00,0.1079970014624223
2018-11-08 17:18:00,-0.022519614702162016
2018-11-08 17:21:00,-0.045443370986674836
2018-11-08 17:24:00,0.0018985931468478157
2018-11-08 17:27:00,0.13092359969920153
2018-11-08 17:30:00,0.0993126916540632
2018-11-08 17:33:00,0.14228426631564162
2018-11-08 17:36:00,0.14791339271107518
2018-11-08 17:39:00,-0.01257946010065325
2018-11-08 17:42:00,0.04976037932613053
2018-11-08 17:45:00,0.0734452969051631
2018-11-08 17:48:00,0.038747827247789246
2018-11-08 17:51:00,0.02524486250388236
2018-11-08 17:54:00,0.11038793518144985
2018-11-08 17:57:00,0.08698949864714223
2018-11-08 18:00:00,0.013745393585281818
2018-11-08 18:03:00,0.03731141061814469
2018-11-08 18:06:00,0.039369791212891414
2018-11-08 18:09:00,0.010193575050777781
2018-11-08 18:12:00,0.005140041095444303
2018-11-08 18:15:00,-0.03457567057273536
2018-11-08 18:18:00,0.02571703343954823
2018-11-08 18:21:00,0.02045588268578058
2018-11-08 18:24:00,-0.031541467338513485
2018-11-08 18:27:00,0.022281333694877503
2018-11-08 18:30:00,0.079957964718119
2018-11-08 18:33:00,0.09084425036417088
2018-11-08 18:36:00,0.02042689315038615
2018-11-08 18:39:00,-0.047701123086540065
2018-11-08 18:42:00,-0.029122766726970895
2018-11-08 18:45:00,0.05974203691050661
2018-11-08 18:48:00,0.02190765785394433
2018-11-08 18:51:00,0.09020383286639344
2018-11-08 18:54:00,
2018-11-08 18:57:00,
2018-11-08 19:00:00,
2018-11-08 19:03:00,-0.012208200092061361
2018-11-08 19:06:00,0.09472662044726121
2018-11-08 19:09:00,0.014616181236817738
2018-11-08 19:12:00,0.055710496346307536
2018-11-08 19:15:00,0.16398810365211602
2018-11-08 19:18:00,0.11379366356607079
2018-11-08 19:21:00,0.059245600560700495
2018-11-08 19:24:00,0.07303346889290196
2018-11-08 19:27:00,0.10632044059502732
2018-11-08 19:30:00,0.06565164112203092
2018-11-08 19:33:00,0.08943032632163295
2018-11-08 19:36:00,0.0626531197747795
2018-11-08 19:39:00,0.16725663590710838
2018-11-08 19:42:00,0.08604113927839308
2018-11-08 19:45:00,0.15875175706503342
2018-11-08 19:48:00,0.13503382480314485
2018-11-08 19:51:00,0.04839704868714989
2018-11-08 19:54:00,0.07299590836197467
2018-11-08 19:57:00,0.15450388457298914
2018-11-08 20:00:00,0.07206556046656942
2018-11-08 20:03:00,0.02021175713315415
2018-11-08 20:06:00,0.09479784401372626
2018-11-08 20:09:00,0.036029720493047535
2018-11-08 20:12:00,0.051973849318358134
2018-11-08 20:15:00,0.04288422686795457
2018-11-08 20:18:00,0.15507787647277382
2018-11-08 20:21:00,0.05160821076515276
2018-11-08 20:24:00,0.18316210901787144
2018-11-08 20:27:00,0.0851508756959447
2018-11-08 20:30:00,0.1100141062083253
2018-11-08 20:33:00,0.08735974708417871
2018-11-08 20:36:00,0.08042492247329847
2018-11-08 20:39:00,0.10883340789007434
2018-11-08 20:42:00,0.11048827009392426
2018-11-08 20:45:00,0.09064094604565298
2018-11-08 20:48:00,0.0703731420984468
2018-11-08 20:51:00,0.18555054551580952
2018-11-08 20:54:00,0.14113262537046012
2018-11-08 20:57:00,0.14383616302677638
2018-11-08 21:00:00,0.1003773077278538
2018-11-08 21:03:00,0.019563376763699125
2018-11-08 21:06:00,0.04558712955872579
2018-11-08 21:09:00,0.09815900264692345
2018-11-08 21:12:00,-0.021014730185072494
2018-11-08 21:15:00,0.04211536161210461
2018-11-08 21:18:00,0.0012383123500399051
2018-11-08 21:21:00,-0.023074858293966827
2018-11-08 21:24:00,0.045540397333013516
2018-11-08 21:27:00,0.018017051915649063
2018-11-08 21:30:00,0.05139668085865878
2018-11-08 21:33:00,-0.03789497898844729
2018-11-08 21:36:00,-0.05571937070607191
2018-11-08 21:39:00,0.12720149566740702
2018-11-08 21:42:00,0.1572851716500736
2018-11-08 21:45:00,0.1849362895432023
2018-11-08 21:48:00,0.19703506810719773
2018-11-08 21:51:00,0.06226285299800338
2018-11-08 21:54:00,0.15937551470017297
2018-11-08 21:57:00,0.051322745041318285
2018-11-08 22:00:00,-0.0011083744254278827
2018-11-08 22:03:00,0.12636627745325768
2018-11-08 22:06:00,0.11284383263949849
2018-11-08 22:09:00,0.015056868887540986
2018-11-08 22:12:00,0.060484870282891734
2018-11-08 22:15:00,0.21996856496343753
2018-11-08 22:18:00,0.11089689135491199
2018-11-08 22:21:00,0.1741400710740777
2018-11-08 22:24:00,0.2388907391789985
2018-11-08 22:27:00,0.1264797013021166
2018-11-08 22:30:00,0.16239183069734509
2018-11-08 22:33:00,0.14712927841281953
2018-11-08 22:36:00,0.28841222615915285
2018-11-08 22:39:00,0.2909057226931395
2018-11-08 22:42:00,0.28968619772774673
2018-11-08 22:45:00,0.2725860044496926
2018-11-08 22:48:00,0.141862778514394
2018-11-08 22:51:00,0.12848228603650114
2018-11-08 22:54:00,0.13582217838302313
2018-11-08 22:57:00,0.23879406328694586
2018-11-08 23:00:00,0.124148540843521
2018-11-08 23:03:00,0.17903508670457313
2018-11-08 23:06:00,0.14065499083176292
2018-11-08 23:09:00,0.1487561614728179
2018-11-08 23:12:00,0.1334143173989446
2018-11-08 23:15:00,0.08492083764559766
2018-11-08 23:18:00,0.0751784295963489
2018-11-08 23:21:00,0.17292752039315928
2018-11-08 23:24:00,0.19294238175649525
2018-11-08 23:27:00,0.14717533988942932
2018-11-08 23:30:00,0.05742588399596116
2018-11-08 23:33:00,0.10218507360724516
2018-11-08 23:36:00,0.12597415088816888
2018-11-08 23:39:00,0.13559038846426574
2018-11-08 23:42:00,0.11881960098151012
2018-11-08 23:45:00,0.22701495722321852
2018-11-08 23:48:00,0.14315321021723548
2018-11-08 23:51:00,0.04058568437272925
2018-11-08 23:54:00,0.1270583744893088
2018-11-08 23:57:00,0.15831382665544425
2018-11-09 00:00:00,0.11549149156405747
2018-11-09 00:03:00,0.13198665004802024
2018-11-09 00:06:00,0.14498131176799234
2018-11-09 00:09:00,0.18783187604663
2018-11-09 00:12:00,0.11271703242704234
2018-11-09 00:15:00,0.20628885517987783
2018-11-09 00:18:00,0.14537856408600192
2018-11-09 00:21:00,0.15925954007190057
2018-11-09 00:24:00,0.26680841265783783
2018-11-09 00:27:00,0.26506243157132303
2018-11-09 00:30:00,0.29297266199165506
2018-11-09 00:33:00,0.34669959554321395
2018-11-09 00:36:00,0.2509751937642477
2018-11-09 00:39:00,0.2830513790879081
2018-11-09 00:42:00,0.2838202877449021
2018-11-09 00:45:00,0.3257608038316562
2018-11-09 00:48:00,0.2626273246363553
2018-11-09 00:51:00,0.2650995870521342
2018-11-09 00:54:00,0.15313753910891137
2018-11-09 00:57:00,0.1780889233803009
2018-11-09 01:00:00,0.24195660540340214
2018-11-09 01:03:00,0.24993959856573156
2018-11-09 01:06:00,0.1613481088937192
2018-11-09 01:09:00,0.19399386668561647
2018-11-09 01:12:00,0.14514893107644866
2018-11-09 01:15:00,0.18046497640108328
2018-11-09 01:18:00,0.13151940384301497
2018-11-09 01:21:00,0.2543198732026326
2018-11-09 01:24:00,0.12443715412075562
2018-11-09 01:27:00,0.16151231979046088
2018-11-09 01:30:00,0.14257612649339535
2018-11-09 01:33:00,0.10808138469042206
2018-11-09 01:36:00,0.10388979406013732
2018-11-09 01:39:00,0.20206405540994865
2018-11-09 01:42:00,0.11679275374365261
2018-11-09 01:45:00,0.19741306108045364
2018-11-09 01:48:00,0.16964352753643652
2018-11-09 01:51:00,0.15452532673293717
2018-11-09 01:54:00,0.3043084911217875
2018-11-09 01:57:00,0.22563918138553163
2018-11-09 02:00:00,0.30453108910239735
2018-11-09 02:03:00,0.17373761738269877
2018-11-09 02:06:00,0.2238656255408955
2018-11-09 02:09:00,0.3131761743077277
2018-11-09 02:12:00,0.24318711106496949
2018-11-09 02:15:00,0.22044294701993294
2018-11-09 02:18:00,0.23530112080322851
2018-11-09 02:21:00,0.20716927229057092
2018-11-09 02:24:00,0.2665432358510884
2018-11-09 02:27:00,0.28092133900452154
2018-11-09 02:30:00,0.25546840612781807
2018-11-09 02:33:00,0.2407130128500512
2018-11-09 02:36:00,0.13942214086046079
2018-11-09 02:39:00,0.20678860321771708
2018-11-09 02:42:00,0.22949079814918605
2018-11-09 02:45:00,0.25883243067363537
2018-11-09 02:48:00,0.2503133090434062
2018-11-09 02:51:00,0.15847245362220974
2018-11-09 02:54:00,0.29858458569862023
2018-11-09 02:57:00,0.28896969300825504
2018-11-09 03:00:00,0.3038156081821626
2018-11-09 03:03:00,0.22964615548193024
2018-11-09 03:06:00,0.25736469276682783
2018-11-09 03:09:00,0.347979483862332
2018-11-09 03:12:00,0.2617159975224581
2018-11-09 03:15:00,0.21364905277175694
2018-11-09 03:18:00,0.2642062685326323
2018-11-09 03:21:00,0.2256651121843447
2018-11-09 03:24:00,0.1251907672350967
2018-11-09 03:27:00,0.23201465448676117
2018-11-09 03:30:00,0.10393034674405044
2018-11-09 03:33:00,0.1312558488039599
2018-11-09 03:36:00,0.10795077308421241
2018-11-09 03:39:00,0.146050194472366
2018-11-09 03:42:00,0.1484478497458781
2018-11-09 03:45:00,0.2046138489294549
2018-11-09 03:48:00,0.09603731693317741
2018-11-09 03:51:00,0.19145701381751223
2018-11-09 03:54:00,0.22172908109581613
2018-11-09 03:57:00,0.19573684414359604
2018-11-09 04:00:00,0.18251492638364653
2018-11-09 04:03:00,0.29231171366683384
2018-11-09 04:06:00,0.2479211206269838
2018-11-09 04:09:00,0.2326004585422652
2018-11-09 04:12:00,0.17413634422524638
2018-11-09 04:15:00,0.14916668132940458
2018-11-09 04:18:00,0.14943677219957863
2018-11-09 04:21:00,0.21273309377380656
2018-11-09 04:24:00,0.29095978109040743
2018-11-09 04:27:00,0.2855122098875995
2018-11-09 04:30:00,0.39114214765743327
2018-11-09 04:33:00,0.47962321791692375
2018-11-09 04:36:00,0.36452069968385103
2018-11-09 04:39:00,0.31588391034500773
2018-11-09 04:42:00,0.23667214118125912
2018-11-09 04:45:00,0.3204701919139552
2018-11-09 04:48:00,0.21410597339024662
2018-11-09 04:51:00,0.28139077765638376
2018-11-09 04:54:00,0.2633740967669951
2018-11-09 04:57:00,0.2491852651528461
2018-11-09 05:00:00,0.2837964205714911
2018-11-09 05:03:00,0.20510780803823536
2018-11-09 05:06:00,0.25798992586146596
2018-11-09 05:09:00,0.36325071159643585
2018-11-09 05:12:00,0.25858689725066597
2018-11-09 05:15:00,0.2748966131276802
2018-11-09 05:18:00,0.33365823028378827
2018-11-09 05:21:00,0.30789564653548496
2018-11-09 05:24:00,0.27705453819515924
2018-11-09 05:27:00,0.2751016332953782
2018-11-09 05:30:00,0.31270766611811496
2018-11-09 05:33:00,0.3051082121569948
2018-11-09 05:36:00,0.3369957301893578
2018-11-09 05:39:00,0.23087218384728203
2018-11-09 05:42:00,0.20508250073874024
2018-11-09 05:45:00,0.2765457477116229
2018-11-09 05:48:00,0.2349207632847765
2018-11-09 05:51:00,0.24844640897936188
2018-11-09 05:54:00,0.28420900580033504
2018-11-09 05:57:00,0.2315549951072171
2018-11-09 06:00:00,0.2846329364309099
2018-11-09 06:03:00,0.20175484901784557
2018-11-09 06:06:00,0.2648611774599203
2018-11-09 06:09:00,0.20697346138837247
2018-11-09 06:12:00,0.27753615452473923
2018-11-09 06:15:00,0.33365602453210386
2018-11-09 06:18:00,0.2423509297155988
2018-11-09 06:21:00,0.260404876048824
2018-11-09 06:24:00,0.28981512638353024
2018-11-09 06:27:00,0.17839007709369525
2018-11-09 06:30:00,0.29394441155631057
2018-11-09 06:33:00,0.289274803210958
2018-11-09 06:36:00,0.216418461504702
2018-11-09 06:39:00,0.22051804109634077
2018-11-09 06:42:00,0.26196325599960346
2018-11-09 06:45:00,0.15195688524323714
2018-11-09 06:48:00,0.2584531081290038
2018-11-09 06:51:00,0.194138569123254
2018-11-09 06:54:00,0.1431277707862364
2018-11-09 06:57:00,0.15153564880205295
2018-11-09 07:00:00,0.17809110200175837
2018-11-09 07:03:00,0.2970494511609445
2018-11-09 07:06:00,0.2982614819172227
2018-11-09 07:09:00,0.2932162494815884
2018-11-09 07:12:00,0.2055390026855548
2018-11-09 07:15:00,0.29435878771698754
2018-11-09 07:18:00,0.3168713943828152
2018-11-09 07:21:00,0.3055743086114262
2018-11-09 07:24:00,0.22305969280432691
2018-11-09 07:27:00,0.3087453152789408
2018-11-09 07:30:00,0.3186835995064712
2018-11-09 07:33:00,0.2967543416345393
2018-11-09 07:36:00,0.1968131407067517
2018-11-09 07:39:00,0.18083669443598183
2018-11-09 07:42:00,0.2081925642631859
2018-11-09 07:45:00,0.1972081562291237
2018-11-09 07:48:00,0.15839116040166346
2018-11-09 07:51:00,0.1438273889838797
2018-11-09 07:54:00,0.24249131820766934
2018-11-09 07:57:00,0.1705248019467831
2018-11-09 08:00:00,0.3144068477798214
2018-11-09 08:03:00,0.23347093626580318
2018-11-09 08:06:00,0.24790277999210275
2018-11-09 08:09:00,0.14723002741766322
2018-11-09 08:12:00,0.2057249510576753
2018-11-09 08:15:00,0.21677116594639756
2018-11-09 08:18:00,0.18703839870721595
2018-11-09 08:21:00,0.23574888585005738
2018-11-09 08:24:00,0.28768137379648806
2018-11-09 08:27:00,0.1393981070542054
2018-11-09 08:30:00,0.2679782664911272
2018-11-09 08:33:00,0.20865394657153047
2018-11-09 08:36:00,0.17559752609849966
2018-11-09 08:39:00,0.22520302076827647
2018-11-09 08:42:00,0.1880104463954808
2018-11-09 08:45:00,0.19243764076884418
2018-11-09 08:48:00,0.24349327894424277
2018-11-09 08:51:00,0.16004584846012904
2018-11-09 08:54:00,0.1335181307589437
2018-11-09 08:57:00,0.25856073597253726
2018-11-09 09:00:00,0.14994773251481774
2018-11-09 09:03:00,0.16962059651774553
2018-11-09 09:06:00,0.2419383732611209
2018-11-09 09:09:00,0.14560917302679854
2018-11-09 09:12:00,0.15099690666642118
2018-11-09 09:15:00,0.12408685763477934
2018-11-09 09:18:00,0.12822321575214346
2018-11-09 09:21:00,0.08219468237484762
2018-11-09 09:24:00,0.0029919905529709467
2018-11-09 09:27:00,0.1975836181690056
2018-11-09 09:30:00,0.027409625996199338
2018-11-09 09:33:00,0.05684011682444634
2018-11-09 09:36:00,0.04443512908329694
2018-11-09 09:39:00,-0.019420636399047453
2018-11-09 09:42:00,-0.022462585049424888
2018-11-09 09:45:00,0.08796678994366403
2018-11-09 09:48:00,0.23702430546717324
2018-11-09 09:51:00,0.029724177057687484
2018-11-09 09:54:00,-0.021985519328495684
2018-11-09 09:57:00,0.028502104493895786
2018-11-09 10:00:00,-0.036021732757774316
2018-11-09 10:03:00,0.06333462490312058
2018-11-09 10:06:00,0.09912615838925376
2018-11-09 10:09:00,-0.023917884396837508
2018-11-09 10:12:00,0.0017329952867157772
2018-11-09 10:15:00,0.07849975893907413
2018-11-09 10:18:00,0.05050629780572535
2018-11-09 10:21:00,0.12063700192749138
2018-11-09 10:24:00,0.038362748962526894
2018-11-09 10:27:00,0.17651267028162465
2018-11-09 10:30:00,0.1550221657433326
2018-11-09 10:33:00,0.07707115521935748
2018-11-09 10:36:00,0.009308444653186143
2018-11-09 10:39:00,0.038188855912153485
2018-11-09 10:42:00,0.03313939127775711
2018-11-09 10:45:00,0.01835246859468498
2018-11-09 10:48:00,-0.016170437411005878
2018-11-09 10:51:00,-0.01714385490532777
2018-11-09 10:54:00,-0.008114839196423418
2018-11-09 10:57:00,-0.12111354678773978
2018-11-09 11:00:00,0.015503175780111178
2018-11-09 11:03:00,-0.06382150269212161
2018-11-09 11:06:00,-0.07175426212563707
2018-11-09 11:09:00,-0.05505900978931777
2018-11-09 11:12:00,-0.10012523452087407
2018-11-09 11:15:00,-0.12512927807631513
2018-11-09 11:18:00,-0.09340383776441286
2018-11-09 11:21:00,-0.045504891615451015
2018-11-09 11:24:00,-0.007143398026641989
2018-11-09 11:27:00,-0.06047643758921595
2018-11-09 11:30:00,-0.06489438060913244
2018-11-09 11:33:00,-0.10876999279508937
2018-11-09 11:36:00,-0.04498772593888134
2018-11-09 11:39:00,-0.09108199465140387
2018-11-09 11:42:00,-0.09948446789996979
2018-11-09 11:45:00,-0.12553419606200578
2018-11-09 11:48:00,-0.14144600796822715
2018-11-09 11:51:00,-0.10371767802604381
2018-11-09 11:54:00,-0.05791504166938921
2018-11-09 11:57:00,-0.07005107586780923
2018-11-09 12:00:00,-0.0492182419318965
2018-11-09 12:03:00,-0.0465637224961597
2018-11-09 12:06:00,-0.11859858087456132
2018-11-09 12:09:00,-0.1291728006357289
2018-11-09 12:12:00,-0.07502927808729964
2018-11-09 12:15:00,-0.1384674962669692
2018-11-09 12:18:00,-0.08713107015012156
2018-11-09 12:21:00,-0.1884416795131756
2018-11-09 12:24:00,-0.12297486597520901
2018-11-09 12:27:00,-0.07067493027875571
2018-11-09 12:30:00,-0.1481011433676258
2018-11-09 12:33:00,-0.25128569665122313
2018-11-09 12:36:00,-0.07507597257063026
2018-11-09 12:39:00,-0.17471082403432092
2018-11-09 12:42:00,-0.15189886797492136
2018-11-09 12:45:00,-0.2753369880363721
2018-11-09 12:48:00,-0.14139414401404338
2018-11-09 12:51:00,-0.21055857494741304
2018-11-09 12:54:00,-0.19100621800140516
2018-11-09 12:57:00,-0.20844994245936732
2018-11-09 13:00:00,-0.1060945329947458
2018-11-09 13:03:00,-0.1384834039688485
2018-11-09 13:06:00,-0.1568554727231799
2018-11-09 13:09:00,-0.1834205056046585
2018-11-09 13:12:00,-0.19238289741014114
2018-11-09 13:15:00,-0.16953567608112508
2018-11-09 13:18:00,-0.10448194155901547
2018-11-09 13:21:00,-0.23847981681410602
2018-11-09 13:24:00,-0.17040913987574413
2018-11-09 13:27:00,-0.2153022323622622
2018-11-09 13:30:00,-0.28200372007557917
2018-11-09 13:33:00,-0.28743217167550483
2018-11-09 13:36:00,-0.19290735275603765
2018-11-09 13:39:00,-0.18326092414747563
2018-11-09 13:42:00,-0.20366408145690684
2018-11-09 13:45:00,-0.12013733298522311
2018-11-09 13:48:00,-0.2511288383306578
2018-11-09 13:51:00,-0.14851033035790806
2018-11-09 13:54:00,-0.19935965945063572
2018-11-09 13:57:00,-0.14908450894887437
2018-11-09 14:00:00,-0.22106711655203526
2018-11-09 14:03:00,-0.2091226990926316
2018-11-09 14:06:00,-0.23605941926030027
2018-11-09 14:09:00,-0.24857098324963545
2018-11-09 14:12:00,-0.23357173802037323
2018-11-09 14:15:00,-0.10861555411014479
2018-11-09 14:18:00,-0.3938579514664866
2018-11-09 14:21:00,-0.24345738705670783
2018-11-09 14:24:00,-0.3198680260372839
2018-11-09 14:27:00,-0.1853869148514491
2018-11-09 14:30:00,-0.3765928416397628
2018-11-09 14:33:00,-0.37055074085435535
2018-11-09 14:36:00,-0.3625051084265465
2018-11-09 14:39:00,-0.29986554724968073
2018-11-09 14:42:00,-0.2604593519599234
2018-11-09 14:45:00,-0.3246701698874972
2018-11-09 14:48:00,-0.35415818788061415
2018-11-09 14:51:00,-0.334728105415536
2018-11-09 14:54:00,-0.27949734751581445
2018-11-09 14:57:00,-0.2969956434249639
2018-11-09 15:00:00,-0.29016893120530085
2018-11-09 15:03:00,-0.23555239247366444
2018-11-09 15:06:00,-0.27805601312934414
2018-11-09 15:09:00,-0.3237240616304575
2018-11-09 15:12:00,-0.29610560270197084
2018-11-09 15:15:00,-0.2965510129174618
2018-11-09 15:18:00,-0.20386133031104237
2018-11-09 15:21:00,-0.339360978104537
2018-11-09 15:24:00,-0.38264002563829536
2018-11-09 15:27:00,-0.26198780738718597
2018-11-09 15:30:00,-0.23170489831056784
2018-11-09 15:33:00,-0.2710584336973625
2018-11-09 15:36:00,-0.2372407113265922
2018-11-09 15:39:00,-0.29245725635547615
2018-11-09 15:42:00,-0.27059814800583126
2018-11-09 15:45:00,-0.30721238825458386
2018-11-09 15:48:00,-0.24928916711178317
2018-11-09 15:51:00,-0.2796612266778311
2018-11-09 15:54:00,-0.31059328150575993
2018-11-09 15:57:00,-0.32394970977901494
2018-11-09 16:00:00,-0.30165457041806576
2018-11-09 16:03:00,-0.2808329436918484
2018-11-09 16:06:00,-0.25675081038133385
2018-11-09 16:09:00,-0.29997140925979693
2018-11-09 16:12:00,-0.3278954997687151
2018-11-09 16:15:00,-0.1947550314931732
2018-11-09 16:18:00,-0.2507922210510287
2018-11-09 16:21:00,-0.1701063298383474
2018-11-09 16:24:00,-0.2752278512086832
2018-11-09 16:27:00,-0.25841709570318017
2018-11-09 16:30:00,-0.25690637073552125
2018-11-09 16:33:00,-0.29967406053572176
2018-11-09 16:36:00,-0.24950511939044873
2018-11-09 16:39:00,-0.2679921735837638
2018-11-09 16:42:00,-0.2797789832223998
2018-11-09 16:45:00,-0.2784231255516829
2018-11-09 16:48:00,-0.25914357624805007
2018-11-09 16:51:00,-0.30962442363227183
2018-11-09 16:54:00,-0.2613521167857584
2018-11-09 16:57:00,-0.24260727793114256
2018-11-09 17:00:00,-0.2583508941865489
2018-11-09 17:03:00,-0.2118836720161994
2018-11-09 17:06:00,-0.2752735941181186
2018-11-09 17:09:00,-0.28092975928910846
2018-11-09 17:12:00,-0.22839596474142354
2018-11-09 17:15:00,-0.14685702518568178
2018-11-09 17:18:00,-0.23048951028158626
2018-11-09 17:21:00,-0.11281264522978063
2018-11-09 17:24:00,-0.22234725608518602
2018-11-09 17:27:00,-0.12302924987068309
2018-11-09 17:30:00,-0.13363388362785145
2018-11-09 17:33:00,-0.25501808332438713
2018-11-09 17:36:00,-0.13332975975134786
2018-11-09 17:39:00,-0.11719495139601577
2018-11-09 17:42:00,-0.13376296809127552
2018-11-09 17:45:00,-0.2003125595016968
2018-11-09 17:48:00,-0.16055099011725815
2018-11-09 17:51:00,-0.09237799610463071
2018-11-09 17:54:00,-0.05438802465215531
2018-11-09 17:57:00,-0.02062074835328076
2018-11-09 18:00:00,-0.048374446786965564
2018-11-09 18:03:00,-0.2425933291117417
2018-11-09 18:06:00,-0.06409351348980863
2018-11-09 18:09:00,-0.03218731662582286
2018-11-09 18:12:00,-0.06346256004337647
2018-11-09 18:15:00,-0.1440107989122339
2018-11-09 18:18:00,-0.06912049498703254
2018-11-09 18:21:00,-0.015300777489812845
2018-11-09 18:24:00,-0.06266711186032126
2018-11-09 18:27:00,-0.13021954475232178
2018-11-09 18:30:00,-0.015297522016794574
2018-11-09 18:33:00,-0.12965362638345823
2018-11-09 18:36:00,-0.10695815652536567
2018-11-09 18:39:00,-0.06500145497858512
2018-11-09 18:42:00,-0.058055859694093215
2018-11-09 18:45:00,-0.0699928303232582
2018-11-09 18:48:00,0.014180594949039005
2018-11-09 18:51:00,-0.035210548558723076
2018-11-09 18:54:00,
2018-11-09 18:57:00,
2018-11-09 19:00:00,
2018-11-09 19:03:00,0.10475279031527407
2018-11-09 19:06:00,0.004165938205971997
2018-11-09 19:09:00,-0.008426382620712047
2018-11-09 19:12:00,0.007655562712784558
2018-11-09 19:15:00,-0.0404211957421694
2018-11-09 19:18:00,0.039696710107818944
2018-11-09 19:21:00,-0.08631005499108824
2018-11-09 19:24:00,0.003182001560048775
2018-11-09 19:27:00,-0.05184931753302635
2018-11-09 19:30:00,0.06833642902734027
2018-11-09 19:33:00,0.1408582436956749
2018-11-09 19:36:00,0.2524207926460349
2018-11-09 19:39:00,0.20215412200013816
2018-11-09 19:42:00,0.03206561033402977
2018-11-09 19:45:00,-0.009459879790995274
2018-11-09 19:48:00,0.003741373330854003
2018-11-09 19:51:00,-0.005052155149712689
2018-11-09 19:54:00,0.03565405896665652
2018-11-09 19:57:00,-0.008573820824381073
2018-11-09 20:00:00,0.010876618180930109
2018-11-09 20:03:00,0.06902382576015498
2018-11-09 20:06:00,0.05057770994579869
2018-11-09 20:09:00,0.017072820666953703
2018-11-09 20:12:00,0.011036072575734579
2018-11-09 20:15:00,0.0604687029342017
2018-11-09 20:18:00,-0.02896069738034157
2018-11-09 20:21:00,0.12762245465950173
2018-11-09 20:24:00,0.013570794032659705
2018-11-09 20:27:00,0.013223977624761574
2018-11-09 20:30:00,0.09262149426996302
2018-11-09 20:33:00,0.047719538033504705
2018-11-09 20:36:00,0.03455409647619945
2018-11-09 20:39:00,0.021832088237545122
2018-11-09 20:42:00,0.006542166899578206
2018-11-09 20:45:00,-0.01253298234473732
2018-11-09 20:48:00,-0.011882585095179365
2018-11-09 20:51:00,0.007730513254216476
2018-11-09 20:54:00,0.05234826232589285
2018-11-09 20:57:00,-0.022993363242562737
2018-11-09 21:00:00,-0.008454921908082724
2018-11-09 21:03:00,0.0980078476971471
2018-11-09 21:06:00,-0.02182939418622709
2018-11-09 21:09:00,0.1109591369142322
2018-11-09 21:12:00,0.09324865643736757
2018-11-09 21:15:00,0.10805045552297088
2018-11-09 21:18:00,0.06287701340528429
2018-11-09 21:21:00,0.04360387866381643
2018-11-09 21:24:00,0.04114747483998826
2018-11-09 21:27:00,0.055090948185466004
2018-11-09 21:30:00,0.08087751765350504
2018-11-09 21:33:00,-0.03588260538469967
2018-11-09 21:36:00,0.006913633900239802
2018-11-09 21:39:00,0.07984878558119135
2018-11-09 21:42:00,0.0852574799517356
2018-11-09 21:45:00,0.05687811417209332
2018-11-09 21:48:00,-0.03161214010845015
2018-11-09 21:51:00,0.07309571342437948
2018-11-09 21:54:00,-0.049417319589622366
2018-11-09 21:57:00,0.12539017494549398
2018-11-09 22:00:00,0.11215286527965418
2018-11-09 22:03:00,0.020956360702996335
2018-11-09 22:06:00,0.053943321745293815
2018-11-09 22:09:00,0.05883995013476806
2018-11-09 22:12:00,0.14772187317339558
2018-11-09 22:15:00,0.12792351073881036
2018-11-09 22:18:00,0.09137597440900436
2018-11-09 22:21:00,0.16704209600106878
2018-11-09 22:24:00,0.039790009976456986
2018-11-09 22:27:00,0.14096367453680614
2018-11-09 22:30:00,0.14755579932665341
2018-11-09 22:33:00,0.14029627551104795
2018-11-09 22:36:00,0.09883102850915293
2018-11-09 22:39:00,0.15309772040063763
2018-11-09 22:42:00,0.15727689493365915
2018-11-09 22:45:00,0.035242943621369704
2018-11-09 22:48:00,0.11884493683345454
2018-11-09 22:51:00,0.11551548932368405
2018-11-09 22:54:00,0.12495815734308735
2018-11-09 22:57:00,0.16117990593636478
2018-11-09 23:00:00,0.10812872754661385
2018-11-09 23:03:00,0.1629819709382332
2018-11-09 23:06:00,0.13753597570126885
2018-11-09 23:09:00,0.16551305184322018
2018-11-09 23:12:00,0.1776886209278814
2018-11-09 23:15:00,0.1478186400763093
2018-11-09 23:18:00,0.21323080445546339
2018-11-09 23:21:00,0.19548775297971588
2018-11-09 23:24:00,0.08899986684110672
2018-11-09 23:27:00,0.12036178704659051
2018-11-09 23:30:00,0.12922452870895995
2018-11-09 23:33:00,0.12060625236802025
2018-11-09 23:36:00,0.12060811924442305
2018-11-09 23:39:00,0.1871244185647356
2018-11-09 23:42:00,0.1079373176546028
2018-11-09 23:45:00,0.1627743448025285
2018-11-09 23:48:00,0.02289115737511338
2018-11-09 23:51:00,0.09916575623918789
2018-11-09 23:54:00,0.11135306323723171
2018-11-09 23:57:00,0.12065646344609604
2018-11-10 00:00:00,0.10874948131612427
2018-11-10 00:03:00,0.03571015609230699
2018-11-10 00:06:00,0.10418202602352267
2018-11-10 00:09:00,0.09915508093808967
2018-11-10 00:12:00,0.2086802284162559
2018-11-10 00:15:00,0.13899539827485796
2018-11-10 00:18:00,0.10218922939185404
2018-11-10 00:21:00,0.1761311869158817
2018-11-10 00:24:00,0.2226877068088129
2018-11-10 00:27:00,0.11604389455516184
2018-11-10 00:30:00,0.16325881143012566
2018-11-10 00:33:00,0.053670618336411735
2018-11-10 00:36:00,0.2797399428741869
2018-11-10 00:39:00,0.17250294319541126
2018-11-10 00:42:00,0.1719334411961313
2018-11-10 00:45:00,0.060884967799211154
2018-11-10 00:48:00,0.06554438973853394
2018-11-10 00:51:00,0.0698439733408236
2018-11-10 00:54:00,0.08195106626328652
2018-11-10 00:57:00,0.20170152314955203
2018-11-10 01:00:00,0.12549657998431485
2018-11-10 01:03:00,0.22589613412674225
2018-11-10 01:06:00,0.1746501477737752
2018-11-10 01:09:00,0.2405142832546403
2018-11-10 01:12:00,0.12559477337606495
2018-11-10 01:15:00,0.19546825496530573
2018-11-10 01:18:00,0.2189810906353955
2018-11-10 01:21:00,0.1713423750558718
2018-11-10 01:24:00,0.24270645715381534
2018-11-10 01:27:00,0.1434169503602334
2018-11-10 01:30:00,0.16666812847682877
2018-11-10 01:33:00,0.23436974393189303
2018-11-10 01:36:00,0.1879451226546962
2018-11-10 01:39:00,0.16645142336210483
2018-11-10 01:42:00,0.1524680860681542
2018-11-10 01:45:00,0.27645064237793804
2018-11-10 01:48:00,0.28307309231718136
2018-11-10 01:51:00,0.23623393547194382
2018-11-10 01:54:00,0.13782180769749175
2018-11-10 01:57:00,0.288835528684217
2018-11-10 02:00:00,0.2909258043417253
2018-11-10 02:03:00,0.2991725663696343
2018-11-10 02:06:00,0.11155208610290401
2018-11-10 02:09:00,0.28033102595134096
2018-11-10 02:12:00,0.21802710216223886
2018-11-10 02:15:00,0.2752404316751722
2018-11-10 02:18:00,0.23191186045414725
2018-11-10 02:21:00,0.31118097971562975
2018-11-10 02:24:00,0.2611103444713194
2018-11-10 02:27:00,0.28724394695365163
2018-11-10 02:30:00,0.1427064017527755
2018-11-10 02:33:00,0.22006593548275077
2018-11-10 02:36:00,0.16291469153634353
2018-11-10 02:39:00,0.21353470351112946
2018-11-10 02:42:00,0.15719280123312274
2018-11-10 02:45:00,0.11849004485844716
2018-11-10 02:48:00,0.21335636089833088
2018-11-10 02:51:00,0.24034538766835567
2018-11-10 02:54:00,0.2407560555716941
2018-11-10 02:57:00,0.3100499151896088
2018-11-10 03:00:00,0.2204102457129693
2018-11-10 03:03:00,0.22906555329893763
2018-11-10 03:06:00,0.25563818720024756
2018-11-10 03:09:00,0.28380695723791405
2018-11-10 03:12:00,0.27055746731184627
2018-11-10 03:15:00,0.29368260588148587
2018-11-10 03:18:00,0.3235586574106719
2018-11-10 03:21:00,0.25930739721724194
2018-11-10 03:24:00,0.24673476589430265
2018-11-10 03:27:00,0.2962023568803147
2018-11-10 03:30:00,0.30587962274398706
2018-11-10 03:33:00,0.31459818229222947
2018-11-10 03:36:00,0.23760864377237567
2018-11-10 03:39:00,0.24978693741206826
2018-11-10 03:42:00,0.2447964586539797
2018-11-10 03:45:00,0.18854586146625252
2018-11-10 03:48:00,0.15503662924544415
2018-11-10 03:51:00,0.30960849053218453
2018-11-10 03:54:00,0.2724913842022829
2018-11-10 03:57:00,0.307426760846397
2018-11-10 04:00:00,0.2107067363161832
2018-11-10 04:03:00,0.2676288338755626
2018-11-10 04:06:00,0.23914709778773613
2018-11-10 04:09:00,0.18283576570127025
2018-11-10 04:12:00,0.2461936920715857
2018-11-10 04:15:00,0.25991288671338
2018-11-10 04:18:00,0.09632230764793803
2018-11-10 04:21:00,0.18070491477061523
2018-11-10 04:24:00,0.23681376434723234
2018-11-10 04:27:00,0.1798478376501862
2018-11-10 04:30:00,0.19954139114776126
2018-11-10 04:33:00,0.13907966168216035
2018-11-10 04:36:00,0.23290392314999053
2018-11-10 04:39:00,0.18069344485678585
2018-11-10 04:42:00,0.1301076475938885
2018-11-10 04:45:00,0.24069313568691086
2018-11-10 04:48:00,0.2181264214143539
2018-11-10 04:51:00,0.21745667289388848
2018-11-10 04:54:00,0.24237656984871592
2018-11-10 04:57:00,0.1894627761411698
2018-11-10 05:00:00,0.22377537174293138
2018-11-10 05:03:00,0.19625002794850843
2018-11-10 05:06:00,0.14431752788419772
2018-11-10 05:09:00,0.15140043897429223
2018-11-10 05:12:00,0.11389215458956414
2018-11-10 05:15:00,0.2587609431824376
2018-11-10 05:18:00,0.23795625580089563
2018-11-10 05:21:00,0.24435633415089342
2018-11-10 05:24:00,0.140003684732676
2018-11-10 05:27:00,0.18936156340669186
2018-11-10 05:30:00,0.28169238979364764
2018-11-10 05:33:00,0.24412776182339258
2018-11-10 05:36:00,0.17614520059134975
2018-11-10 05:39:00,0.18712218299964434
2018-11-10 05:42:00,0.2731088118605953
2018-11-10 05:45:00,0.25488181532693943
2018-11-10 05:48:00,0.2372319117247912
2018-11-10 05:51:00,0.3362815371555712
2018-11-10 05:54:00,0.29910613736092273
2018-11-10 05:57:00,0.13938225814803218
2018-11-10 06:00:00,0.24113718894477643
2018-11-10 06:03:00,0.2412369206840026
2018-11-10 06:06:00,0.18237653996982317
2018-11-10 06:09:00,0.255624219862284
2018-11-10 06:12:00,0.21951305185439196
2018-11-10 06:15:00,0.23380910918621112
2018-11-10 06:18:00,0.24575402894788567
2018-11-10 06:21:00,0.21990179328173554
2018-11-10 06:24:00,0.2339874917165048
2018-11-10 06:27:00,0.2592058016624037
2018-11-10 06:30:00,0.15125816751412913
2018-11-10 06:33:00,0.30799375372640725
2018-11-10 06:36:00,0.2554900860470184
2018-11-10 06:39:00,0.29751864318592425
2018-11-10 06:42:00,0.1592167058734617
2018-11-10 06:45:00,0.2547659675870477
2018-11-10 06:48:00,0.29878409247999116
2018-11-10 06:51:00,0.17569493923298296
2018-11-10 06:54:00,0.15578355659647514
2018-11-10 06:57:00,0.16978139333360787
2018-11-10 07:00:00,0.11451905017401032
2018-11-10 07:03:00,0.10987244626954862
2018-11-10 07:06:00,0.324108907331663
2018-11-10 07:09:00,0.1870536755776584
2018-11-10 07:12:00,0.19458916973553642
2018-11-10 07:15:00,0.1290500746386556
2018-11-10 07:18:00,0.18705561009068106
2018-11-10 07:21:00,0.18357547394663243
2018-11-10 07:24:00,0.19431038637617348
2018-11-10 07:27:00,0.1895949681400566
2018-11-10 07:30:00,0.25015782933797936
2018-11-10 07:33:00,0.11376323579276004
2018-11-10 07:36:00,0.16475369075203616
2018-11-10 07:39:00,0.1094455044575966
2018-11-10 07:42:00,0.19794137053759187
2018-11-10 07:45:00,0.12943118570768775
2018-11-10 07:48:00,0.09492293290986709
2018-11-10 07:51:00,0.20894500686540596
2018-11-10 07:54:00,0.12881969722843678
2018-11-10 07:57:00,0.1469057136537799
2018-11-10 08:00:00,0.19822431087322911
2018-11-10 08:03:00,0.17505486412596838
2018-11-10 08:06:00,0.17811188793115207
2018-11-10 08:09:00,0.16905830896848784
2018-11-10 08:12:00,0.2608279954403656
2018-11-10 08:15:00,0.12014283714421481
2018-11-10 08:18:00,0.17760299147960268
2018-11-10 08:21:00,0.20982776440160933
2018-11-10 08:24:00,0.1675305070430113
2018-11-10 08:27:00,0.10968780015957691
2018-11-10 08:30:00,0.1283864524110072
2018-11-10 08:33:00,0.1775434305882868
2018-11-10 08:36:00,0.13868828278867795
2018-11-10 08:39:00,0.11758693791563246
2018-11-10 08:42:00,0.05780888899317915
2018-11-10 08:45:00,0.053316221689044596
2018-11-10 08:48:00,0.12121388216547757
2018-11-10 08:51:00,0.12274506447585054
2018-11-10 08:54:00,0.12446228699394624
2018-11-10 08:57:00,0.08986695712178516
2018-11-10 09:00:00,0.05422462055582855
2018-11-10 09:03:00,0.08601571726563861
2018-11-10 09:06:00,0.12539485803193884
2018-11-10 09:09:00,0.09486611263514533
2018-11-10 09:12:00,0.02463666257301611
2018-11-10 09:15:00,0.0038419432711975787
2018-11-10 09:18:00,0.034377316345342024
2018-11-10 09:21:00,0.02756383536774365
2018-11-10 09:24:00,0.027608599297423098
2018-11-10 09:27:00,0.011923039255748336
2018-11-10 09:30:00,0.06622095660122795
2018-11-10 09:33:00,0.0008391170138111193
2018-11-10 09:36:00,-0.025755443215643936
2018-11-10 09:39:00,-0.11285493573438998
2018-11-10 09:42:00,0.06549979081256652
2018-11-10 09:45:00,-0.06270792858828145
2018-11-10 09:48:00,-0.0033922791633926863
2018-11-10 09:51:00,0.06792792074554654
2018-11-10 09:54:00,-0.04827648053753819
2018-11-10 09:57:00,-0.1343728792931529
2018-11-10 10:00:00,-0.10829978692493114
2018-11-10 10:03:00,-0.030686217530728754
2018-11-10 10:06:00,-0.17168005722675161
2018-11-10 10:09:00,-0.06430918775890859
2018-11-10 10:12:00,-0.16292921728859255
2018-11-10 10:15:00,-0.040507962331901126
2018-11-10 10:18:00,-0.24555331816083026
2018-11-10 10:21:00,-0.16239240661894883
2018-11-10 10:24:00,-0.18585310671033994
2018-11-10 10:27:00,-0.12889829165305855
2018-11-10 10:30:00,-0.17747777649952923
2018-11-10 10:33:00,-0.20782851275487246
2018-11-10 10:36:00,-0.223659422019864
2018-11-10 10:39:00,-0.1954418852898243
2018-11-10 10:42:00,-0.2226411867142133
2018-11-10 10:45:00,-0.20373901925552218
2018-11-10 10:48:00,-0.22546390310952802
2018-11-10 10:51:00,-0.23809758123042002
2018-11-10 10:54:00,-0.2586547487239841
2018-11-10 10:57:00,-0.31185906127939234
2018-11-10 11:00:00,-0.2789080237652115
2018-11-10 11:03:00,-0.38923659906436114
2018-11-10 11:06:00,-0.3696889514012014
2018-11-10 11:09:00,-0.3226177377447357
2018-11-10 11:12:00,-0.26073432028545085
2018-11-10 11:15:00,-0.25159110342798385
2018-11-10 11:18:00,-0.26292333879416674
2018-11-10 11:21:00,-0.2788186993903423
2018-11-10 11:24:00,-0.2167892076064959
2018-11-10 11:27:00,-0.18976599138250094
2018-11-10 11:30:00,-0.242275424964987
2018-11-10 11:33:00,-0.1522990460275082
2018-11-10 11:36:00,-0.11558517526088963
2018-11-10 11:39:00,-0.18215478683242736
2018-11-10 11:42:00,-0.1845499608880914
2018-11-10 11:45:00,-0.2265304766978602
2018-11-10 11:48:00,-0.2625638383135538
2018-11-10 11:51:00,-0.222473566409235
2018-11-10 11:54:00,-0.2400804580685758
2018-11-10 11:57:00,-0.21436566808210955
2018-11-10 12:00:00,-0.2831723350221296
2018-11-10 12:03:00,-0.39963821583825165
2018-11-10 12:06:00,-0.2762744635197123
2018-11-10 12:09:00,-0.26777185115594193
2018-11-10 12:12:00,-0.1905266116514781
2018-11-10 12:15:00,-0.24670392934865504
2018-11-10 12:18:00,-0.14979270736137096
2018-11-10 12:21:00,-0.2545029201895659
2018-11-10 12:24:00,-0.16550718498945116
2018-11-10 12:27:00,-0.20116436563171192
2018-11-10 12:30:00,-0.11669451644416995
2018-11-10 12:33:00,-0.1273400881490261
2018-11-10 12:36:00,-0.3013600884596599
2018-11-10 12:39:00,-0.2991096019709971
2018-11-10 12:42:00,-0.27709964323508984
2018-11-10 12:45:00,-0.15954469584528397
2018-11-10 12:48:00,-0.21824895033154235
2018-11-10 12:51:00,-0.24520341251718492
2018-11-10 12:54:00,-0.06077536021336982
2018-11-10 12:57:00,-0.15552018908067566
2018-11-10 13:00:00,-0.10593786968200902
2018-11-10 13:03:00,-0.13548871858483835
2018-11-10 13:06:00,-0.12056835927899101
2018-11-10 13:09:00,-0.08686561709242824
2018-11-10 13:12:00,-0.050012342766990514
2018-11-10 13:15:00,-0.015969634218777173
2018-11-10 13:18:00,-0.16927444023497173
2018-11-10 13:21:00,-0.2566113694195451
2018-11-10 13:24:00,-0.27418161511559447
2018-11-10 13:27:00,-0.20095512227624113
2018-11-10 13:30:00,-0.18954128486359423
2018-11-10 13:33:00,-0.25299264479298245
2018-11-10 13:36:00,-0.2541966488045091
2018-11-10 13:39:00,-0.19949731768758738
2018-11-10 13:42:00,-0.13055639749137526
2018-11-10 13:45:00,0.10613205224200328
2018-11-10 13:48:00,0.27730595789512336
2018-11-10 13:51:00,-0.14224109263483342
2018-11-10 13:54:00,-0.18831836120534717
2018-11-10 13:57:00,-0.20911361264899142
2018-11-10 14:00:00,-0.17615433194606567
2018-11-10 14:03:00,-0.13447473270332466
2018-11-10 14:06:00,0.04109786945656424
2018-11-10 14:09:00,0.001799974247433056
2018-11-10 14:12:00,0.10379138479777339
2018-11-10 14:15:00,0.16054325571735717
2018-11-10 14:18:00,0.10544851609637362
2018-11-10 14:21:00,0.15257891877479324
2018-11-10 14:24:00,0.06595497488370938
2018-11-10 14:27:00,-0.11853810817967769
2018-11-10 14:30:00,-0.037371694876583206
2018-11-10 14:33:00,-0.12379196584646479
2018-11-10 14:36:00,-0.1517915167186743
2018-11-10 14:39:00,-0.1310689967975236
2018-11-10 14:42:00,-0.1598032161287506
2018-11-10 14:45:00,-0.053409194178243524
2018-11-10 14:48:00,-0.12055389315992215
2018-11-10 14:51:00,-0.08029023165863691
2018-11-10 14:54:00,-0.030028729762193507
2018-11-10 14:57:00,-0.04041237346007165
2018-11-10 15:00:00,-0.013745370423180248
2018-11-10 15:03:00,-0.15330701036293704
2018-11-10 15:06:00,0.02739977207568245
2018-11-10 15:09:00,-0.21495936034068563
2018-11-10 15:12:00,-0.10531682730538705
2018-11-10 15:15:00,-0.06857418854161779
2018-11-10 15:18:00,-0.0819090760940071
2018-11-10 15:21:00,0.021223570051688512
2018-11-10 15:24:00,0.2611851246070387
2018-11-10 15:27:00,0.07880095740813431
2018-11-10 15:30:00,-0.03944996126097067
2018-11-10 15:33:00,-0.04371542503395176
2018-11-10 15:36:00,0.04803387801678127
2018-11-10 15:39:00,-0.011353792525596873
2018-11-10 15:42:00,-0.09124970077795069
2018-11-10 15:45:00,-0.10181253904073628
2018-11-10 15:48:00,-0.2184699098554006
2018-11-10 15:51:00,-0.26493376370609667
2018-11-10 15:54:00,-0.08764410251183108
2018-11-10 15:57:00,-0.14518822863522018
2018-11-10 16:00:00,-0.17953949936332947
2018-11-10 16:03:00,-0.18233758887186013
2018-11-10 16:06:00,-0.2819298696920782
2018-11-10 16:09:00,-0.33573329739408564
2018-11-10 16:12:00,-0.28741753166491435
2018-11-10 16:15:00,-0.2612244913356676
2018-11-10 16:18:00,-0.3315298129414259
2018-11-10 16:21:00,-0.1814889642240587
2018-11-10 16:24:00,-0.27179053055476743
2018-11-10 16:27:00,-0.15115840858112506
2018-11-10 16:30:00,-0.08233417790989961
2018-11-10 16:33:00,-0.08944463572959194
2018-11-10 16:36:00,-0.06006001226853641
2018-11-10 16:39:00,-0.12606637429030343
2018-11-10 16:42:00,-0.10883151597181495
2018-11-10 16:45:00,-0.1708779127242792
2018-11-10 16:48:00,-0.08004196727426915
2018-11-10 16:51:00,-0.05181310811929052
2018-11-10 16:54:00,-0.06979064410865021
2018-11-10 16:57:00,-0.10571244492848564
2018-11-10 17:00:00,-0.10713225089398293
2018-11-10 17:03:00,-0.10207549805670624
2018-11-10 17:06:00,-0.014712409135142934
2018-11-10 17:09:00,-0.10822949488704126
2018-11-10 17:12:00,-0.13663005244609394
2018-11-10 17:15:00,-0.17890586869509661
2018-11-10 17:18:00,-0.16450365529237843
2018-11-10 17:21:00,-0.10883820543932643
2018-11-10 17:24:00,-0.04809828459480059
2018-11-10 17:27:00,-0.09588531088661512
2018-11-10 17:30:00,-0.1210920212931228
2018-11-10 17:33:00,-0.0899406458401586
2018-11-10 17:36:00,-0.10524884674617851
2018-11-10 17:39:00,
2018-11-10 17:42:00,
2018-11-10 17:45:00,
2018-11-10 17:48:00,
2018-11-10 17:51:00,
2018-11-10 17:54:00,
2018-11-10 17:57:00,
2018-11-10 18:00:00,
2018-11-10 18:03:00,
2018-11-10 18:06:00,
2018-11-10 18:09:00,
2018-11-10 18:12:00,
2018-11-10 18:15:00,
2018-11-10 18:18:00,
2018-11-10 18:21:00,
2018-11-10 18:24:00,
2018-11-10 18:27:00,
2018-11-10 18:30:00,
2018-11-10 18:33:00,
2018-11-10 18:36:00,
2018-11-10 18:39:00,
2018-11-10 18:42:00,
2018-11-10 18:45:00,
2018-11-10 18:48:00,
2018-11-10 18:51:00,
2018-11-10 18:54:00,
2018-11-10 18:57:00,
2018-11-10 19:00:00,
2018-11-10 19:03:00,-0.04483937523662007
2018-11-10 19:06:00,0.030895242054555183
2018-11-10 19:09:00,-0.08001642835205303
2018-11-10 19:12:00,0.004859114306327683
2018-11-10 19:15:00,0.03091505605175371
2018-11-10 19:18:00,-0.032987684264753625
2018-11-10 19:21:00,-0.1282024634575123
2018-11-10 19:24:00,0.00018291601509190514
2018-11-10 19:27:00,-0.0706852027211653
2018-11-10 19:30:00,0.059756413360219085
2018-11-10 19:33:00,0.10150442002606042
2018-11-10 19:36:00,-0.012602342268337452
2018-11-10 19:39:00,-0.029717506320366738
2018-11-10 19:42:00,-0.06788788449199501
2018-11-10 19:45:00,0.022564348599757977
2018-11-10 19:48:00,0.04299582352678044
2018-11-10 19:51:00,0.0050191615914059184
2018-11-10 19:54:00,-0.034968853487669094
2018-11-10 19:57:00,0.05523063673120987
2018-11-10 20:00:00,0.058014901801868746
2018-11-10 20:03:00,0.033721089590073916
2018-11-10 20:06:00,0.009163334945753832
2018-11-10 20:09:00,-0.006833093608861418
2018-11-10 20:12:00,-0.02934976459545169
2018-11-10 20:15:00,-0.03977275060458396
2018-11-10 20:18:00,0.0064547454535954785
2018-11-10 20:21:00,0.08336232855810977
2018-11-10 20:24:00,0.03781719152084406
2018-11-10 20:27:00,0.059238917068512364
2018-11-10 20:30:00,0.07934144401002641
2018-11-10 20:33:00,-0.043226739438637196
2018-11-10 20:36:00,0.040723904937578936
2018-11-10 20:39:00,0.0035386732214988115
2018-11-10 20:42:00,-0.011999694470262057
2018-11-10 20:45:00,0.049015543814675766
2018-11-10 20:48:00,0.056329746351138965
2018-11-10 20:51:00,0.08880279964097326
2018-11-10 20:54:00,0.02614800784772342
2018-11-10 20:57:00,0.12063698421161462
2018-11-10 21:00:00,0.01713500586885175
2018-11-10 21:03:00,0.12537089119120992
2018-11-10 21:06:00,0.11632515353807094
2018-11-10 21:09:00,0.07801539347548214
2018-11-10 21:12:00,0.09074195000687268
2018-11-10 21:15:00,0.1243710040017163
2018-11-10 21:18:00,0.06789528266881462
2018-11-10 21:21:00,0.15219654492580048
2018-11-10 21:24:00,0.21294462707476214
2018-11-10 21:27:00,0.1829252260093881
2018-11-10 21:30:00,0.15549655024193498
2018-11-10 21:33:00,0.08203205003246694
2018-11-10 21:36:00,0.07432265463415888
2018-11-10 21:39:00,0.06913627776123121
2018-11-10 21:42:00,0.07121469043994466
2018-11-10 21:45:00,0.01297872578783199
2018-11-10 21:48:00,0.10324099379613472
2018-11-10 21:51:00,0.11779236019231121
2018-11-10 21:54:00,0.1212557569452315
2018-11-10 21:57:00,0.02975318852242026
2018-11-10 22:00:00,0.06966536895220088
2018-11-10 22:03:00,0.1304020310722649
2018-11-10 22:06:00,0.12467170007289496
2018-11-10 22:09:00,0.08607203415118647
2018-11-10 22:12:00,0.205628408056441
2018-11-10 22:15:00,0.15348200425222558
2018-11-10 22:18:00,0.14548691138014647
2018-11-10 22:21:00,0.08608984276571618
2018-11-10 22:24:00,0.12934711159317658
2018-11-10 22:27:00,0.17704719702908278
2018-11-10 22:30:00,0.04725431352738951
2018-11-10 22:33:00,0.14412943931029076
2018-11-10 22:36:00,0.17827778615531997
2018-11-10 22:39:00,0.23255204084853176
2018-11-10 22:42:00,0.12855587827510817
2018-11-10 22:45:00,0.02042309415622867
2018-11-10 22:48:00,0.08980980022761287
2018-11-10 22:51:00,0.11368397244820017
2018-11-10 22:54:00,0.16469034022202322
2018-11-10 22:57:00,0.21674666414202193
2018-11-10 23:00:00,0.09881924907040229
2018-11-10 23:03:00,0.11509730248184269
2018-11-10 23:06:00,0.17382960707203665
2018-11-10 23:09:00,0.07186296254377567
2018-11-10 23:12:00,0.17936240094519462
2018-11-10 23:15:00,0.10305506140917942
2018-11-10 23:18:00,0.1590714179280326
2018-11-10 23:21:00,0.12291708298744197
2018-11-10 23:24:00,0.07215392160838974
2018-11-10 23:27:00,0.26582428750145937
2018-11-10 23:30:00,0.15274848995352386
2018-11-10 23:33:00,0.1320536128174581
2018-11-10 23:36:00,0.22387405838719587
2018-11-10 23:39:00,0.11385081591106427
2018-11-10 23:42:00,0.21668968312155812
2018-11-10 23:45:00,0.1157209941817996
2018-11-10 23:48:00,0.1581400254037817
2018-11-10 23:51:00,0.1039804124960142
2018-11-10 23:54:00,0.17247968603697927
2018-11-10 23:57:00,0.1285976119672796
2018-11-11 00:00:00,0.07762498872358492
2018-11-11 00:03:00,0.003895541407246128
2018-11-11 00:06:00,0.09372892916792352
2018-11-11 00:09:00,0.20784581232493338
2018-11-11 00:12:00,0.11570777620454464
2018-11-11 00:15:00,0.06850005221934907
2018-11-11 00:18:00,0.24981675332111308
2018-11-11 00:21:00,0.1494948885988947
2018-11-11 00:24:00,0.2175795299863239
2018-11-11 00:27:00,0.11620125695043271
2018-11-11 00:30:00,0.22149066729099331
2018-11-11 00:33:00,0.15893557030636885
2018-11-11 00:36:00,0.11895434145907302
2018-11-11 00:39:00,0.1303261764754211
2018-11-11 00:42:00,0.16017156555955125
2018-11-11 00:45:00,0.18305099695965055
2018-11-11 00:48:00,0.17872347619368156
2018-11-11 00:51:00,0.22357273696917446
2018-11-11 00:54:00,0.2232861739622649
2018-11-11 00:57:00,0.2306963256132235
2018-11-11 01:00:00,0.13171663384639487
2018-11-11 01:03:00,0.18883747705967835
2018-11-11 01:06:00,0.18871770848954839
2018-11-11 01:09:00,0.12458773190036254
2018-11-11 01:12:00,0.19188080114685135
2018-11-11 01:15:00,0.27756272197376575
2018-11-11 01:18:00,0.26481646737892106
2018-11-11 01:21:00,0.2153608185324174
2018-11-11 01:24:00,0.24932343864958284
2018-11-11 01:27:00,0.23568016950696347
2018-11-11 01:30:00,0.1694521450055504
2018-11-11 01:33:00,0.21034098610147112
2018-11-11 01:36:00,0.1643106366074676
2018-11-11 01:39:00,0.17205172630866628
2018-11-11 01:42:00,0.1804964598601373
2018-11-11 01:45:00,0.17819364284537187
2018-11-11 01:48:00,0.19824760332164715
2018-11-11 01:51:00,0.12915877607241555
2018-11-11 01:54:00,0.15765413199267186
2018-11-11 01:57:00,0.22706215635992066
2018-11-11 02:00:00,0.18837221279613914
2018-11-11 02:03:00,0.1864260370584816
2018-11-11 02:06:00,0.21368506897493944
2018-11-11 02:09:00,0.11475414977144283
2018-11-11 02:12:00,0.20134925849879437
2018-11-11 02:15:00,0.14562612982780365
2018-11-11 02:18:00,0.2824611963378061
2018-11-11 02:21:00,0.19096089083154766
2018-11-11 02:24:00,0.19914747499115037
2018-11-11 02:27:00,0.19594313690993204
2018-11-11 02:30:00,0.2407281326353541
2018-11-11 02:33:00,0.16653394934445487
2018-11-11 02:36:00,0.24304590054458686
2018-11-11 02:39:00,0.31027719926277086
2018-11-11 02:42:00,0.2007469418028336
2018-11-11 02:45:00,0.17907303795738017
2018-11-11 02:48:00,0.2318413238855328
2018-11-11 02:51:00,0.3338117013164492
2018-11-11 02:54:00,0.2683610903712861
2018-11-11 02:57:00,0.2617164983420821
2018-11-11 03:00:00,0.1979311613249024
2018-11-11 03:03:00,0.1832186342145974
2018-11-11 03:06:00,0.20081638196484164
2018-11-11 03:09:00,0.26390963681967605
2018-11-11 03:12:00,0.25316871791517315
2018-11-11 03:15:00,0.2725182179082708
2018-11-11 03:18:00,0.37269396076260364
2018-11-11 03:21:00,0.374230703476087
2018-11-11 03:24:00,0.40805022491895215
2018-11-11 03:27:00,0.38421529050629033
2018-11-11 03:30:00,0.2856367848130503
2018-11-11 03:33:00,0.29446741651014463
2018-11-11 03:36:00,0.2428407828669492
2018-11-11 03:39:00,0.30742739810807507
2018-11-11 03:42:00,0.2530442949039866
2018-11-11 03:45:00,0.2454212185751885
2018-11-11 03:48:00,0.29176464284910253
2018-11-11 03:51:00,0.1598735167747236
2018-11-11 03:54:00,0.2450681004218609
2018-11-11 03:57:00,0.20639864050713186
2018-11-11 04:00:00,0.26329160701561705
2018-11-11 04:03:00,0.30030903477847914
2018-11-11 04:06:00,0.21124576833796027
2018-11-11 04:09:00,0.1728109756253957
2018-11-11 04:12:00,0.28824429515418615
2018-11-11 04:15:00,0.1885600806552361
2018-11-11 04:18:00,0.30648139302132904
2018-11-11 04:21:00,0.2953531701508041
2018-11-11 04:24:00,0.27756848697350733
2018-11-11 04:27:00,0.3017466544751528
2018-11-11 04:30:00,0.30081307323388273
2018-11-11 04:33:00,0.32060450868465296
2018-11-11 04:36:00,0.22484756433698294
2018-11-11 04:39:00,0.28115028221844796
2018-11-11 04:42:00,0.32034883948790593
2018-11-11 04:45:00,0.2897734556710816
2018-11-11 04:48:00,0.26006997482505767
2018-11-11 04:51:00,0.38841781096664363
2018-11-11 04:54:00,0.32765134955013764
2018-11-11 04:57:00,0.36340957109138117
2018-11-11 05:00:00,0.3578120629301793
2018-11-11 05:03:00,0.2620770686710898
2018-11-11 05:06:00,0.3032961743783176
2018-11-11 05:09:00,0.2927741440785212
2018-11-11 05:12:00,0.3485574040965389
2018-11-11 05:15:00,0.3520362776486081
2018-11-11 05:18:00,0.24647053801271568
2018-11-11 05:21:00,0.21357004726070272
2018-11-11 05:24:00,0.19277075928545173
2018-11-11 05:27:00,0.19345278526401444
2018-11-11 05:30:00,0.234514481179815
2018-11-11 05:33:00,0.25178648698664574
2018-11-11 05:36:00,0.25048412951474575
2018-11-11 05:39:00,0.24137848266099127
2018-11-11 05:42:00,0.20872551025877328
2018-11-11 05:45:00,0.25214247588297667
2018-11-11 05:48:00,0.2994951181770489
2018-11-11 05:51:00,0.2757466327481666
2018-11-11 05:54:00,0.27447326637775404
2018-11-11 05:57:00,0.25911647438709906
2018-11-11 06:00:00,0.23553447864276222
2018-11-11 06:03:00,0.23050302173083992
2018-11-11 06:06:00,0.28212599367367375
2018-11-11 06:09:00,0.30360357334672017
2018-11-11 06:12:00,0.2830320456623099
2018-11-11 06:15:00,0.22323473197639032
2018-11-11 06:18:00,0.3267742846821875
2018-11-11 06:21:00,0.25983719787632253
2018-11-11 06:24:00,0.28737635726935196
2018-11-11 06:27:00,0.285478397146278
2018-11-11 06:30:00,0.3526537398174696
2018-11-11 06:33:00,0.2693966423373695
2018-11-11 06:36:00,0.3110540574796232
2018-11-11 06:39:00,0.30381924088834467
2018-11-11 06:42:00,0.2818655140333135
2018-11-11 06:45:00,0.25277275512155484
2018-11-11 06:48:00,0.2869114039502847
2018-11-11 06:51:00,0.28954846251593835
2018-11-11 06:54:00,0.2845717836424342
2018-11-11 06:57:00,0.2725877518924449
2018-11-11 07:00:00,0.2559875629895032
2018-11-11 07:03:00,0.19053447614470542
2018-11-11 07:06:00,0.23535662406288793
2018-11-11 07:09:00,0.19699660409924036
2018-11-11 07:12:00,0.2691101609608495
2018-11-11 07:15:00,0.2828867603402614
2018-11-11 07:18:00,0.2600226490914679
2018-11-11 07:21:00,0.24208764106020908
2018-11-11 07:24:00,0.289817555779905
2018-11-11 07:27:00,0.3175650115054509
2018-11-11 07:30:00,0.28187690855259007
2018-11-11 07:33:00,0.24705477328035386
2018-11-11 07:36:00,0.20993768360671083
2018-11-11 07:39:00,0.23313471609310454
2018-11-11 07:42:00,0.18022308389225827
2018-11-11 07:45:00,0.18374384242468977
2018-11-11 07:48:00,0.1687020792567182
2018-11-11 07:51:00,0.19532045239611762
2018-11-11 07:54:00,0.19365601824085843
2018-11-11 07:57:00,0.19891744997840988
2018-11-11 08:00:00,0.19452939922433643
2018-11-11 08:03:00,0.15225613612324196
2018-11-11 08:06:00,0.19196793043670368
2018-11-11 08:09:00,0.12549939493237616
2018-11-11 08:12:00,0.19521784025488387
2018-11-11 08:15:00,0.27320628700044836
2018-11-11 08:18:00,0.17201003026741546
2018-11-11 08:21:00,0.18724118146832325
2018-11-11 08:24:00,0.1212611993075825
2018-11-11 08:27:00,0.1887264188028439
2018-11-11 08:30:00,0.18628870484099025
2018-11-11 08:33:00,0.12416983195288367
2018-11-11 08:36:00,0.1587779980003461
2018-11-11 08:39:00,0.1119944319900128
2018-11-11 08:42:00,0.10718441127505685
2018-11-11 08:45:00,0.056565356648206944
2018-11-11 08:48:00,0.052605163221812745
2018-11-11 08:51:00,0.021517998344961597
2018-11-11 08:54:00,-0.0408487211747115
2018-11-11 08:57:00,0.03489919357554072
2018-11-11 09:00:00,0.07870473547569645
2018-11-11 09:03:00,0.02347662686372587
2018-11-11 09:06:00,0.03039539501321542
2018-11-11 09:09:00,0.11273984126921732
2018-11-11 09:12:00,0.08076666365309393
2018-11-11 09:15:00,0.0481300069095596
2018-11-11 09:18:00,-0.019660974239570805
2018-11-11 09:21:00,0.030782797596316414
2018-11-11 09:24:00,0.07736965604271973
2018-11-11 09:27:00,0.06135125055232038
2018-11-11 09:30:00,0.11429017921039986
2018-11-11 09:33:00,0.08588614337105582
2018-11-11 09:36:00,0.01881696000032207
2018-11-11 09:39:00,0.04502850411182635
2018-11-11 09:42:00,-0.0891179209307893
2018-11-11 09:45:00,-0.049960148197840226
2018-11-11 09:48:00,0.025398366244075987
2018-11-11 09:51:00,-0.07052222214667836
2018-11-11 09:54:00,-0.03129728807624588
2018-11-11 09:57:00,0.06823190008498159
2018-11-11 10:00:00,-0.04409695867747132
2018-11-11 10:03:00,-0.14366766598459435
2018-11-11 10:06:00,0.006860488822553634
2018-11-11 10:09:00,-0.05121498186832696
2018-11-11 10:12:00,0.0006501671111891483
2018-11-11 10:15:00,-0.04844321644338834
2018-11-11 10:18:00,-0.07489463267273777
2018-11-11 10:21:00,-0.012270673280852407
2018-11-11 10:24:00,-0.08098805470848447
2018-11-11 10:27:00,-0.1289048546350955
2018-11-11 10:30:00,-0.053975466535746364
2018-11-11 10:33:00,-0.025297751889411302
2018-11-11 10:36:00,-0.09220833389440486
2018-11-11 10:39:00,-0.02121414131329402
2018-11-11 10:42:00,-0.1258495735854126
2018-11-11 10:45:00,-0.18660464074997662
2018-11-11 10:48:00,-0.1489948253673674
2018-11-11 10:51:00,-0.06867403292079644
2018-11-11 10:54:00,-0.12498369047261804
2018-11-11 10:57:00,-0.08386748203560046
2018-11-11 11:00:00,-0.09125269369064881
2018-11-11 11:03:00,-0.15076836196504928
2018-11-11 11:06:00,-0.2721150691924663
2018-11-11 11:09:00,-0.10130750491333629
2018-11-11 11:12:00,-0.025112472073260506
2018-11-11 11:15:00,-0.11024114209038771
2018-11-11 11:18:00,-0.19039658247999114
2018-11-11 11:21:00,-0.2730625172910095
2018-11-11 11:24:00,-0.2098542707955744
2018-11-11 11:27:00,-0.1739124565490897
2018-11-11 11:30:00,-0.1557146136879055
2018-11-11 11:33:00,-0.2507984987905729
2018-11-11 11:36:00,-0.292679074452451
2018-11-11 11:39:00,-0.21031346342391544
2018-11-11 11:42:00,-0.1541984892480741
2018-11-11 11:45:00,-0.20952822479472388
2018-11-11 11:48:00,-0.15707939164320806
2018-11-11 11:51:00,-0.17171301343745426
2018-11-11 11:54:00,-0.27163754723386546
2018-11-11 11:57:00,-0.1864690594617855
2018-11-11 12:00:00,-0.13249852249759897
2018-11-11 12:03:00,-0.21161495068145086
2018-11-11 12:06:00,-0.09795593725846174
2018-11-11 12:09:00,-0.10392053734381079
2018-11-11 12:12:00,-0.08932387600856373
2018-11-11 12:15:00,-0.2220302092281372
2018-11-11 12:18:00,-0.19163894217427924
2018-11-11 12:21:00,-0.21162757671396548
2018-11-11 12:24:00,-0.27456123013132583
2018-11-11 12:27:00,-0.24445432489460472
2018-11-11 12:30:00,-0.2532711744856897
2018-11-11 12:33:00,-0.3036271158937893
2018-11-11 12:36:00,-0.25500540527031035
2018-11-11 12:39:00,-0.3363137302611676
2018-11-11 12:42:00,-0.3253982382071854
2018-11-11 12:45:00,-0.24101058916494367
2018-11-11 12:48:00,-0.25130475978397726
2018-11-11 12:51:00,-0.17302800709222765
2018-11-11 12:54:00,-0.13869757005346628
2018-11-11 12:57:00,-0.058758962882450305
2018-11-11 13:00:00,-0.22203727709728582
2018-11-11 13:03:00,-0.19632534717698036
2018-11-11 13:06:00,-0.24425808244865266
2018-11-11 13:09:00,-0.30930497391813105
2018-11-11 13:12:00,-0.25443110134170865
2018-11-11 13:15:00,-0.1572236165101799
2018-11-11 13:18:00,-0.180006095181227
2018-11-11 13:21:00,-0.2912087100247618
2018-11-11 13:24:00,-0.3154469854960098
2018-11-11 13:27:00,-0.3550433429696227
2018-11-11 13:30:00,-0.30142661975827423
2018-11-11 13:33:00,-0.1327513369594726
2018-11-11 13:36:00,-0.18515851565337016
2018-11-11 13:39:00,-0.09846929363425261
2018-11-11 13:42:00,-0.11677930867267605
2018-11-11 13:45:00,-0.13736665317060215
2018-11-11 13:48:00,-0.07065013511549978
2018-11-11 13:51:00,-0.09489723811998374
2018-11-11 13:54:00,0.027053206327025237
2018-11-11 13:57:00,0.07630542491637016
2018-11-11 14:00:00,0.07304367805841139
2018-11-11 14:03:00,0.10316907380371276
2018-11-11 14:06:00,-0.12298302856351029
2018-11-11 14:09:00,-0.1678871041463026
2018-11-11 14:12:00,-0.14445777583983954
2018-11-11 14:15:00,-0.015044949993409773
2018-11-11 14:18:00,0.002612258093449782
2018-11-11 14:21:00,-0.06478886117338334
2018-11-11 14:24:00,-0.1392910533088525
2018-11-11 14:27:00,-0.17503530167988401
2018-11-11 14:30:00,-0.2688961235101601
2018-11-11 14:33:00,-0.16349859001365985
2018-11-11 14:36:00,-0.3337150763233012
2018-11-11 14:39:00,-0.3107241949410309
2018-11-11 14:42:00,-0.2503999431781949
2018-11-11 14:45:00,-0.3282827487326472
2018-11-11 14:48:00,-0.20300140306312642
2018-11-11 14:51:00,-0.14814448162957206
2018-11-11 14:54:00,-0.08176165698375826
2018-11-11 14:57:00,-0.1608622692734798
2018-11-11 15:00:00,-0.22578890201521062
2018-11-11 15:03:00,-0.2781464677501617
2018-11-11 15:06:00,-0.20817448631447633
2018-11-11 15:09:00,-0.19116070003906316
2018-11-11 15:12:00,-0.2331951839599924
2018-11-11 15:15:00,-0.31151763777387487
2018-11-11 15:18:00,-0.2298134775702465
2018-11-11 15:21:00,-0.186921645392772
2018-11-11 15:24:00,-0.1660664000403358
2018-11-11 15:27:00,-0.16251689649658374
2018-11-11 15:30:00,-0.11081830190340725
2018-11-11 15:33:00,0.0033866957705299683
2018-11-11 15:36:00,0.1995505394854149
2018-11-11 15:39:00,0.15546029990565557
2018-11-11 15:42:00,0.16612427952782127
2018-11-11 15:45:00,0.254822961732998
2018-11-11 15:48:00,0.27248226566547373
2018-11-11 15:51:00,-0.04268466526178827
2018-11-11 15:54:00,-0.09691816280155763
2018-11-11 15:57:00,-0.10302541104277907
2018-11-11 16:00:00,-0.07047145136283461
2018-11-11 16:03:00,-0.12442071577709157
2018-11-11 16:06:00,-0.04126966805125676
2018-11-11 16:09:00,0.03348669278113903
2018-11-11 16:12:00,-0.02068170004105241
2018-11-11 16:15:00,0.034959131444622926
2018-11-11 16:18:00,0.03468834237816054
2018-11-11 16:21:00,0.043945895153569836
2018-11-11 16:24:00,0.02830441058767974
2018-11-11 16:27:00,0.007592724751646074
2018-11-11 16:30:00,0.06748069646641852
2018-11-11 16:33:00,-0.0016383326836262313
2018-11-11 16:36:00,-0.08685188257612708
2018-11-11 16:39:00,-0.09715126376460148
2018-11-11 16:42:00,-0.08054378724057187
2018-11-11 16:45:00,-0.12597708665964547
2018-11-11 16:48:00,-0.07042129828181487
2018-11-11 16:51:00,-0.0951943933524717
2018-11-11 16:54:00,-0.16829177765310988
2018-11-11 16:57:00,-0.07971621999837453
2018-11-11 17:00:00,-0.11660715327639082
2018-11-11 17:03:00,0.007187582798735548
2018-11-11 17:06:00,-0.07955950000467737
2018-11-11 17:09:00,-0.08719576981411592
2018-11-11 17:12:00,-0.08439356268922893
2018-11-11 17:15:00,-0.13585375837647007
2018-11-11 17:18:00,-0.09437210496287207
2018-11-11 17:21:00,-0.053351793077297316
2018-11-11 17:24:00,-0.03963092244174504
2018-11-11 17:27:00,-0.09913165783257227
2018-11-11 17:30:00,-0.10997679252147918
2018-11-11 17:33:00,-0.09617600896979184
2018-11-11 17:36:00,-0.09404816913064451
2018-11-11 17:39:00,-0.12839221397774736
2018-11-11 17:42:00,0.06020770046416146
2018-11-11 17:45:00,-0.12626114560350743
2018-11-11 17:48:00,-0.16295689964078974
2018-11-11 17:51:00,0.021676538261658607
2018-11-11 17:54:00,-0.04302817490122379
2018-11-11 17:57:00,-0.04148176381511348
2018-11-11 18:00:00,-0.0559857947545197
2018-11-11 18:03:00,0.04540918165912444
2018-11-11 18:06:00,0.023114370494454306
2018-11-11 18:09:00,-0.04606126847062342
2018-11-11 18:12:00,-0.011501255968653368
2018-11-11 18:15:00,-0.029465335282509386
2018-11-11 18:18:00,0.04955903750192192
2018-11-11 18:21:00,0.04350391371366413
2018-11-11 18:24:00,0.0767667499958975
2018-11-11 18:27:00,-0.003820010063805057
2018-11-11 18:30:00,-0.04185206174349787
2018-11-11 18:33:00,-0.007544819321879004
2018-11-11 18:36:00,-0.01628607420627759
2018-11-11 18:39:00,-0.057808205977835314
2018-11-11 18:42:00,-0.07408949321143155
2018-11-11 18:45:00,-0.008560617619082223
2018-11-11 18:48:00,-0.05033695820486628
2018-11-11 18:51:00,-0.015571485065891011
2018-11-11 18:54:00,
2018-11-11 18:57:00,
2018-11-11 19:00:00,
2018-11-11 19:03:00,0.013469175884495144
2018-11-11 19:06:00,0.011777849562179199
2018-11-11 19:09:00,-0.01856248674539529
2018-11-11 19:12:00,0.045187425219580746
2018-11-11 19:15:00,-0.008453484660151389
2018-11-11 19:18:00,-0.021650524671372295
2018-11-11 19:21:00,-0.03300602809014208
2018-11-11 19:24:00,0.05251710280924726
2018-11-11 19:27:00,0.10158598351409864
2018-11-11 19:30:00,0.09178971252367774
2018-11-11 19:33:00,0.11393760884158155
2018-11-11 19:36:00,-0.08155367357437626
2018-11-11 19:39:00,0.06830897778775125
2018-11-11 19:42:00,-0.035103997408839405
2018-11-11 19:45:00,0.04676639683452777
2018-11-11 19:48:00,0.07297368898827017
2018-11-11 19:51:00,0.0320475850320463
2018-11-11 19:54:00,0.027377393570986897
2018-11-11 19:57:00,-0.031791338960942994
2018-11-11 20:00:00,0.11492792349173442
2018-11-11 20:03:00,-0.06522860675033826
2018-11-11 20:06:00,-0.026130815910619276
2018-11-11 20:09:00,-0.07825486216410127
2018-11-11 20:12:00,0.030187385161980274
2018-11-11 20:15:00,0.018319151220964613
2018-11-11 20:18:00,0.02242651824008135
2018-11-11 20:21:00,-0.05465896240718848
2018-11-11 20:24:00,-0.06569823780267825
2018-11-11 20:27:00,-0.059177173689590745
2018-11-11 20:30:00,-0.09968687396229825
2018-11-11 20:33:00,-0.030499048892409064
2018-11-11 20:36:00,-0.0503806064920127
2018-11-11 20:39:00,0.042026365921117304
2018-11-11 20:42:00,0.010289098043358536
2018-11-11 20:45:00,0.0037300695589692623
2018-11-11 20:48:00,-0.07432058074567749
2018-11-11 20:51:00,-0.0672879020727919
2018-11-11 20:54:00,-0.035440751049236496
2018-11-11 20:57:00,0.06505492989452932
2018-11-11 21:00:00,-0.0011992680606454087
2018-11-11 21:03:00,0.04843464872516279
2018-11-11 21:06:00,0.04330296581321136
2018-11-11 21:09:00,-0.023957953981096125
2018-11-11 21:12:00,0.022369115423032326
2018-11-11 21:15:00,-0.005235618014012289
2018-11-11 21:18:00,0.012579013156255314
2018-11-11 21:21:00,-0.010185250196570905
2018-11-11 21:24:00,-0.0012984173333165927
2018-11-11 21:27:00,0.05503413374538013
2018-11-11 21:30:00,-0.04204361286042513
2018-11-11 21:33:00,-0.009874303778701687
2018-11-11 21:36:00,0.028914286925271426
2018-11-11 21:39:00,0.07420921729232077
2018-11-11 21:42:00,0.03869815449803582
2018-11-11 21:45:00,0.03891868351172434
2018-11-11 21:48:00,-0.013741706652353969
2018-11-11 21:51:00,0.16195524232892922
2018-11-11 21:54:00,0.04149486002432923
2018-11-11 21:57:00,0.09699030105917927
2018-11-11 22:00:00,0.021472163170585645
2018-11-11 22:03:00,0.12059297071800756
2018-11-11 22:06:00,0.11331174460605098
2018-11-11 22:09:00,0.011307985009409549
2018-11-11 22:12:00,0.009793255203589979
2018-11-11 22:15:00,0.10840866285479933
2018-11-11 22:18:00,0.15326268707343615
2018-11-11 22:21:00,0.1395642860597377
2018-11-11 22:24:00,0.10499305560284711
2018-11-11 22:27:00,0.1274570959740231
2018-11-11 22:30:00,0.07458463525193793
2018-11-11 22:33:00,0.1722452941033339
2018-11-11 22:36:00,0.1514897862472253
2018-11-11 22:39:00,0.13904556536203927
2018-11-11 22:42:00,0.10768949309090203
2018-11-11 22:45:00,0.11890909782181325
2018-11-11 22:48:00,0.08300882805519905
2018-11-11 22:51:00,0.14396000495054295
2018-11-11 22:54:00,0.19665400852835546
2018-11-11 22:57:00,0.24736883095874873
2018-11-11 23:00:00,0.059947872173268024
2018-11-11 23:03:00,0.22467100086811342
2018-11-11 23:06:00,0.13652327759257332
2018-11-11 23:09:00,0.12688972484681926
2018-11-11 23:12:00,0.11269431346636338
2018-11-11 23:15:00,0.08187100589231022
2018-11-11 23:18:00,0.09574913149998565
2018-11-11 23:21:00,0.10763617952852655
2018-11-11 23:24:00,0.16881271302088408
2018-11-11 23:27:00,0.10917523252749106
2018-11-11 23:30:00,0.05318930548190792
2018-11-11 23:33:00,0.1579304226852969
2018-11-11 23:36:00,0.12282109082264014
2018-11-11 23:39:00,0.1484959152734291
2018-11-11 23:42:00,0.21178785376594078
2018-11-11 23:45:00,0.1893328307144202
2018-11-11 23:48:00,0.17350859191060408
2018-11-11 23:51:00,0.15800288653338157
2018-11-11 23:54:00,0.16546982773559193
2018-11-11 23:57:00,0.1806717751466067
2018-11-12 00:00:00,0.129180103671672
2018-11-12 00:03:00,0.11574803381648735
2018-11-12 00:06:00,0.06526924523842581
2018-11-12 00:09:00,0.1443516587692102
2018-11-12 00:12:00,0.13122010330016565
2018-11-12 00:15:00,0.10553953133819505
2018-11-12 00:18:00,0.2429176520740839
2018-11-12 00:21:00,0.14181799483458235
2018-11-12 00:24:00,0.15513908668975773
2018-11-12 00:27:00,0.16765848058406618
2018-11-12 00:30:00,0.12814884992525322
2018-11-12 00:33:00,0.23122900082364595
2018-11-12 00:36:00,0.14843991870128548
2018-11-12 00:39:00,0.12744420748487073
2018-11-12 00:42:00,0.2066880962055393
2018-11-12 00:45:00,0.18840258538273247
2018-11-12 00:48:00,0.16488686869683988
2018-11-12 00:51:00,0.22035119061030173
2018-11-12 00:54:00,0.12988947202455847
2018-11-12 00:57:00,0.2175272056804829
2018-11-12 01:00:00,0.18003714450281905
2018-11-12 01:03:00,0.19905549319389593
2018-11-12 01:06:00,0.12531908710690232
2018-11-12 01:09:00,0.27266835472801176
2018-11-12 01:12:00,0.16436710015659628
2018-11-12 01:15:00,0.1108033026813473
2018-11-12 01:18:00,0.1508939178635842
2018-11-12 01:21:00,0.13538479224678213
2018-11-12 01:24:00,0.10200320283070141
2018-11-12 01:27:00,0.2519086899070544
2018-11-12 01:30:00,0.24580023524475791
2018-11-12 01:33:00,0.19439473896073878
2018-11-12 01:36:00,0.15582111011860889
2018-11-12 01:39:00,0.2087265509994154
2018-11-12 01:42:00,0.20960789515328315
2018-11-12 01:45:00,0.3096080377498538
2018-11-12 01:48:00,0.16810513630696278
2018-11-12 01:51:00,0.22699278596547856
2018-11-12 01:54:00,0.3172299645186172
2018-11-12 01:57:00,0.27261469529429405
2018-11-12 02:00:00,0.30370622617004983
2018-11-12 02:03:00,0.2790511355616445
2018-11-12 02:06:00,0.20889747967186167
2018-11-12 02:09:00,0.2979070723558266
2018-11-12 02:12:00,0.20461858034309444
2018-11-12 02:15:00,0.254024663926657
2018-11-12 02:18:00,0.35709126936973234
2018-11-12 02:21:00,0.2560026314721995
2018-11-12 02:24:00,0.25205659083474075
2018-11-12 02:27:00,0.24039580623832535
2018-11-12 02:30:00,0.3171183954727326
2018-11-12 02:33:00,0.2963402538245532
2018-11-12 02:36:00,0.30167257862012775
2018-11-12 02:39:00,0.29719395025693984
2018-11-12 02:42:00,0.24974788026707984
2018-11-12 02:45:00,0.20446417703578845
2018-11-12 02:48:00,0.3365017255057978
2018-11-12 02:51:00,0.3928989886771319
2018-11-12 02:54:00,0.29392329167927755
2018-11-12 02:57:00,0.25499736943419293
2018-11-12 03:00:00,0.27109093510728144
2018-11-12 03:03:00,0.21629649783483273
2018-11-12 03:06:00,0.29088020088062194
2018-11-12 03:09:00,0.31159387018135476
2018-11-12 03:12:00,0.2290769861928652
2018-11-12 03:15:00,0.19428645932754307
2018-11-12 03:18:00,0.23700941629044792
2018-11-12 03:21:00,0.20402558574761542
2018-11-12 03:24:00,0.23923948954137586
2018-11-12 03:27:00,0.26671643177985516
2018-11-12 03:30:00,0.2572471733574275
2018-11-12 03:33:00,0.11500172533379782
2018-11-12 03:36:00,0.152091608528508
2018-11-12 03:39:00,0.15148027248164908
2018-11-12 03:42:00,0.2226348952312378
2018-11-12 03:45:00,0.1990193381079166
2018-11-12 03:48:00,0.28598876133861495
2018-11-12 03:51:00,0.17390417552024928
2018-11-12 03:54:00,0.27694102702565715
2018-11-12 03:57:00,0.2370386196284926
2018-11-12 04:00:00,0.19043365040607796
2018-11-12 04:03:00,0.31288070517030064
2018-11-12 04:06:00,0.16058680719527274
2018-11-12 04:09:00,0.14307993432908006
2018-11-12 04:12:00,0.25013268175058556
2018-11-12 04:15:00,0.2555267084503612
2018-11-12 04:18:00,0.2600135361103071
2018-11-12 04:21:00,0.24870769462523867
2018-11-12 04:24:00,0.24908004788017024
2018-11-12 04:27:00,0.22014417894160943
2018-11-12 04:30:00,0.2512375383063272
2018-11-12 04:33:00,0.2132174607850743
2018-11-12 04:36:00,0.2466923458943029
2018-11-12 04:39:00,0.31857959545374115
2018-11-12 04:42:00,0.16370987157074524
2018-11-12 04:45:00,0.1967289685845799
2018-11-12 04:48:00,0.30150851615127294
2018-11-12 04:51:00,0.25107097412796975
2018-11-12 04:54:00,0.274293645438604
2018-11-12 04:57:00,0.29910793842435623
2018-11-12 05:00:00,0.24406445098935592
2018-11-12 05:03:00,0.25372840128636653
2018-11-12 05:06:00,0.2582640662707263
2018-11-12 05:09:00,0.21243606399963255
2018-11-12 05:12:00,0.2814222263527313
2018-11-12 05:15:00,0.27130360654945207
2018-11-12 05:18:00,0.19228645094943886
2018-11-12 05:21:00,0.2582583988580609
2018-11-12 05:24:00,0.16196772903776946
2018-11-12 05:27:00,0.2212571098100966
2018-11-12 05:30:00,0.20367617700696883
2018-11-12 05:33:00,0.1620179711622427
2018-11-12 05:36:00,0.2995184659443453
2018-11-12 05:39:00,0.17967255391022263
2018-11-12 05:42:00,0.21536385214426446
2018-11-12 05:45:00,0.23066331458869627
2018-11-12 05:48:00,0.24271009523164366
2018-11-12 05:51:00,0.20628071376870594
2018-11-12 05:54:00,0.22748416741075062
2018-11-12 05:57:00,0.21358468831761002
2018-11-12 06:00:00,0.15062308786593803
2018-11-12 06:03:00,0.2554902686660512
2018-11-12 06:06:00,0.29916156677927574
2018-11-12 06:09:00,0.3015948407094129
2018-11-12 06:12:00,0.2487362870018046
2018-11-12 06:15:00,0.24250190280986317
2018-11-12 06:18:00,0.325632100682526
2018-11-12 06:21:00,0.2658651176153626
2018-11-12 06:24:00,0.2919596461396736
2018-11-12 06:27:00,0.31322421212206564
2018-11-12 06:30:00,0.33194860460639575
2018-11-12 06:33:00,0.36163671581010703
2018-11-12 06:36:00,0.38284142782606523
2018-11-12 06:39:00,0.3740187321249664
2018-11-12 06:42:00,0.26668866214112086
2018-11-12 06:45:00,0.2935605939785546
2018-11-12 06:48:00,0.23547549829675063
2018-11-12 06:51:00,0.26849452345226155
2018-11-12 06:54:00,0.3290321603722077
2018-11-12 06:57:00,0.29471222376059814
2018-11-12 07:00:00,0.3262050511289658
2018-11-12 07:03:00,0.21957299496187943
2018-11-12 07:06:00,0.31993786438005145
2018-11-12 07:09:00,0.27891701603596175
2018-11-12 07:12:00,0.21468156634227853
2018-11-12 07:15:00,0.20801677198193147
2018-11-12 07:18:00,0.2364413661771323
2018-11-12 07:21:00,0.22411842504612878
2018-11-12 07:24:00,0.3245477822005114
2018-11-12 07:27:00,0.27597738745129163
2018-11-12 07:30:00,0.2602094254488634
2018-11-12 07:33:00,0.3218558185643019
2018-11-12 07:36:00,0.14193352083685795
2018-11-12 07:39:00,0.2779592396905741
2018-11-12 07:42:00,0.2163468410839755
2018-11-12 07:45:00,0.21895953370017196
2018-11-12 07:48:00,0.2602444563086692
2018-11-12 07:51:00,0.2281498292171591
2018-11-12 07:54:00,0.23119433873807793
2018-11-12 07:57:00,0.22411495155876082
2018-11-12 08:00:00,0.17859936419097266
2018-11-12 08:03:00,0.13352120153138003
2018-11-12 08:06:00,0.2256426328514749
2018-11-12 08:09:00,0.24297177962762362
2018-11-12 08:12:00,0.25621575734834323
2018-11-12 08:15:00,0.2583094296784907
2018-11-12 08:18:00,0.1919765065652541
2018-11-12 08:21:00,0.15105490480209482
2018-11-12 08:24:00,0.2368270875217604
2018-11-12 08:27:00,0.19213217903478608
2018-11-12 08:30:00,0.23408356269510477
2018-11-12 08:33:00,0.18570344485226542
2018-11-12 08:36:00,0.1722262309727398
2018-11-12 08:39:00,0.2113375269179869
2018-11-12 08:42:00,0.12050193894435779
2018-11-12 08:45:00,0.15562532626478287
2018-11-12 08:48:00,0.10087335011144205
2018-11-12 08:51:00,0.12161131345015974
2018-11-12 08:54:00,0.034797498106456715
2018-11-12 08:57:00,0.10489456354065396
2018-11-12 09:00:00,0.06997281041373071
2018-11-12 09:03:00,0.12090303176466932
2018-11-12 09:06:00,0.04012788047947424
2018-11-12 09:09:00,0.06190661058354863
2018-11-12 09:12:00,-0.000647465184840712
2018-11-12 09:15:00,0.034772306778847906
2018-11-12 09:18:00,0.08423688909300608
2018-11-12 09:21:00,-0.024295954126500874
2018-11-12 09:24:00,0.013381465861471042
2018-11-12 09:27:00,0.006332456436609846
2018-11-12 09:30:00,-0.015674633165701835
2018-11-12 09:33:00,-0.14213970193003433
2018-11-12 09:36:00,-0.04561465119309105
2018-11-12 09:39:00,0.04557168972723957
2018-11-12 09:42:00,0.06598046112418388
2018-11-12 09:45:00,0.0003716172194003775
2018-11-12 09:48:00,0.0009796485794595355
2018-11-12 09:51:00,-0.07512103115806212
2018-11-12 09:54:00,-0.05241388985189133
2018-11-12 09:57:00,-0.07677814152197016
2018-11-12 10:00:00,0.054911831520485066
2018-11-12 10:03:00,-0.1055071403486636
2018-11-12 10:06:00,-0.13479394967845337
2018-11-12 10:09:00,-0.24984292777691053
2018-11-12 10:12:00,-0.19964323800741113
2018-11-12 10:15:00,-0.22153211667654205
2018-11-12 10:18:00,-0.21760161021376234
2018-11-12 10:21:00,-0.1646305297384174
2018-11-12 10:24:00,-0.24536286026301468
2018-11-12 10:27:00,-0.23185834088110369
2018-11-12 10:30:00,-0.18783356890230607
2018-11-12 10:33:00,-0.3993565293749839
2018-11-12 10:36:00,-0.32318203575090365
2018-11-12 10:39:00,-0.22843917703937677
2018-11-12 10:42:00,-0.24628751605007437
2018-11-12 10:45:00,-0.2792801516193322
2018-11-12 10:48:00,-0.3628711900513508
2018-11-12 10:51:00,-0.2885276643715997
2018-11-12 10:54:00,-0.26767934209510713
2018-11-12 10:57:00,-0.24291100386517428
2018-11-12 11:00:00,-0.2709157157556774
2018-11-12 11:03:00,-0.19693092777924903
2018-11-12 11:06:00,-0.2733580713655783
2018-11-12 11:09:00,-0.2913666315387786
2018-11-12 11:12:00,-0.3620862730462022
2018-11-12 11:15:00,-0.3445498180122968
2018-11-12 11:18:00,-0.4063792646643378
2018-11-12 11:21:00,-0.4689001701780171
2018-11-12 11:24:00,-0.27221806060356357
2018-11-12 11:27:00,-0.2771168486500528
2018-11-12 11:30:00,-0.454794320300266
2018-11-12 11:33:00,-0.3131644500439279
2018-11-12 11:36:00,-0.34103123164373983
2018-11-12 11:39:00,-0.26469257192718487
2018-11-12 11:42:00,-0.18422554216436993
2018-11-12 11:45:00,-0.3159402441428938
2018-11-12 11:48:00,-0.20509873283077695
2018-11-12 11:51:00,-0.31353609861321274
2018-11-12 11:54:00,-0.3076371266010369
2018-11-12 11:57:00,-0.2648687639921832
2018-11-12 12:00:00,-0.30473502762265525
2018-11-12 12:03:00,-0.36593230001602706
2018-11-12 12:06:00,-0.41602095619515467
2018-11-12 12:09:00,-0.39026254178929776
2018-11-12 12:12:00,-0.3741721369815423
2018-11-12 12:15:00,-0.2593189139473111
2018-11-12 12:18:00,-0.23046553562045347
2018-11-12 12:21:00,-0.03533905218938571
2018-11-12 12:24:00,-0.09213651613561069
2018-11-12 12:27:00,-0.13500410270660268
2018-11-12 12:30:00,-0.19873493990314728
2018-11-12 12:33:00,-0.2469698696676801
2018-11-12 12:36:00,-0.2332980301039811
2018-11-12 12:39:00,-0.21319648333275154
2018-11-12 12:42:00,-0.1359994904511268
2018-11-12 12:45:00,-0.2514346528403735
2018-11-12 12:48:00,-0.07404153382844925
2018-11-12 12:51:00,-0.04802542695091461
2018-11-12 12:54:00,-0.11498079356414337
2018-11-12 12:57:00,-0.01951615721759481
2018-11-12 13:00:00,0.24911323591504697
2018-11-12 13:03:00,0.2323317397875826
2018-11-12 13:06:00,0.2625771099399685
2018-11-12 13:09:00,0.23239017804741025
2018-11-12 13:12:00,0.1491614663228802
2018-11-12 13:15:00,0.21439205829369712
2018-11-12 13:18:00,0.20144766868423858
2018-11-12 13:21:00,0.2596940002474639
2018-11-12 13:24:00,0.15958360820314965
2018-11-12 13:27:00,0.134428147555127
2018-11-12 13:30:00,0.010297453307998694
2018-11-12 13:33:00,-0.038353748804922816
2018-11-12 13:36:00,-7.590282245928393e-05
2018-11-12 13:39:00,-0.06553249321700605
2018-11-12 13:42:00,0.016576997854144793
2018-11-12 13:45:00,0.06805810535831824
2018-11-12 13:48:00,0.18670379056271713
2018-11-12 13:51:00,0.07978468930798499
2018-11-12 13:54:00,0.04322584220557246
2018-11-12 13:57:00,0.0519288519835186
2018-11-12 14:00:00,6.288905336759854e-05
2018-11-12 14:03:00,0.05430982919267535
2018-11-12 14:06:00,0.2729142498594683
2018-11-12 14:09:00,0.34373840261980604
2018-11-12 14:12:00,0.4038644853496294
2018-11-12 14:15:00,0.3076002256048582
2018-11-12 14:18:00,0.09304395391222897
2018-11-12 14:21:00,0.0023019177652940925
2018-11-12 14:24:00,-0.007097314763200302
2018-11-12 14:27:00,0.018420978230722085
2018-11-12 14:30:00,0.08034770520333723
2018-11-12 14:33:00,-0.1236584146538462
2018-11-12 14:36:00,-0.07682966317332784
2018-11-12 14:39:00,-0.00799848184522034
2018-11-12 14:42:00,-0.10487603982522842
2018-11-12 14:45:00,-0.12898035650874817
2018-11-12 14:48:00,0.0009452442288306884
2018-11-12 14:51:00,0.04769655010937868
2018-11-12 14:54:00,-0.0662994026299657
2018-11-12 14:57:00,-0.05045355075861835
2018-11-12 15:00:00,-0.04460658287132446
2018-11-12 15:03:00,-0.009701755520779898
2018-11-12 15:06:00,-0.08551235077788988
2018-11-12 15:09:00,-0.08366586265964315
2018-11-12 15:12:00,0.09002852304917042
2018-11-12 15:15:00,-0.012424184341114142
2018-11-12 15:18:00,0.01026834007564048
2018-11-12 15:21:00,0.03291508858006864
2018-11-12 15:24:00,0.06568409479473303
2018-11-12 15:27:00,-0.022834626646442757
2018-11-12 15:30:00,-0.09489852765966589
2018-11-12 15:33:00,0.018418104680961278
2018-11-12 15:36:00,-0.0520592380622702
2018-11-12 15:39:00,-0.06038981553069789
2018-11-12 15:42:00,-0.01687156942381307
2018-11-12 15:45:00,0.004528710474858144
2018-11-12 15:48:00,-0.10738482090874868
2018-11-12 15:51:00,-0.030860548020143597
2018-11-12 15:54:00,-0.043037471010848094
2018-11-12 15:57:00,-0.07379951524154649
2018-11-12 16:00:00,-0.057793931878904914
2018-11-12 16:03:00,-0.0967613738810087
2018-11-12 16:06:00,-0.055089086573673285
2018-11-12 16:09:00,-0.0813267874289636
2018-11-12 16:12:00,-0.16624292711111366
2018-11-12 16:15:00,-0.09652051999916011
2018-11-12 16:18:00,-0.09819811088709685
2018-11-12 16:21:00,-0.11805234643509266
2018-11-12 16:24:00,-0.1444267998438704
2018-11-12 16:27:00,-0.17051666588537273
2018-11-12 16:30:00,-0.14338448265050374
2018-11-12 16:33:00,-0.11637895860928893
2018-11-12 16:36:00,-0.15098637773797918
2018-11-12 16:39:00,-0.15385353556030168
2018-11-12 16:42:00,-0.1458930134919001
2018-11-12 16:45:00,-0.18800512111499756
2018-11-12 16:48:00,-0.20187462549688462
2018-11-12 16:51:00,-0.17342735724702152
2018-11-12 16:54:00,-0.1152797411617712
2018-11-12 16:57:00,-0.11119504472918607
2018-11-12 17:00:00,-0.3071585716871823
2018-11-12 17:03:00,-0.2276730357362453
2018-11-12 17:06:00,-0.15024088552661397
2018-11-12 17:09:00,-0.18995157056866674
2018-11-12 17:12:00,-0.16299623334373337
2018-11-12 17:15:00,-0.2794790608236326
2018-11-12 17:18:00,-0.2206209277420612
2018-11-12 17:21:00,-0.2598833835214691
2018-11-12 17:24:00,-0.2336947778976537
2018-11-12 17:27:00,-0.23787400417489835
2018-11-12 17:30:00,-0.2067989269949635
2018-11-12 17:33:00,-0.2660256115859738
2018-11-12 17:36:00,-0.2221242948157851
2018-11-12 17:39:00,-0.2579684298327152
2018-11-12 17:42:00,-0.1873458879788359
2018-11-12 17:45:00,-0.20809057264790454
2018-11-12 17:48:00,-0.33631336964936054
2018-11-12 17:51:00,-0.22489619281770956
2018-11-12 17:54:00,-0.25986691902011216
2018-11-12 17:57:00,-0.24995901141511467
2018-11-12 18:00:00,-0.2676535163209337
2018-11-12 18:03:00,-0.2480016372679188
2018-11-12 18:06:00,-0.3111153314496278
2018-11-12 18:09:00,-0.15678406863025884
2018-11-12 18:12:00,-0.22243099813374556
2018-11-12 18:15:00,-0.1513311516046656
2018-11-12 18:18:00,-0.17826897644062
2018-11-12 18:21:00,-0.14354243822589297
2018-11-12 18:24:00,-0.13013137386172957
2018-11-12 18:27:00,-0.08060270122160773
2018-11-12 18:30:00,-0.09585392459666764
2018-11-12 18:33:00,-0.13100779184094336
2018-11-12 18:36:00,-0.0682862863031346
2018-11-12 18:39:00,-0.07226967161142284
2018-11-12 18:42:00,-0.07893191657967691
2018-11-12 18:45:00,-0.17238584662862877
2018-11-12 18:48:00,-0.045659971874215444
2018-11-12 18:51:00,-0.11743018550976103
2018-11-12 18:54:00,-0.03806985226373172
2018-11-12 18:57:00,
2018-11-12 19:00:00,
2018-11-12 19:03:00,-0.0561345560683435
2018-11-12 19:06:00,-0.046189876134178576
2018-11-12 19:09:00,-0.05133554867899193
2018-11-12 19:12:00,-0.031152131521650972
2018-11-12 19:15:00,-0.019296618486748685
2018-11-12 19:18:00,0.06313265591535355
2018-11-12 19:21:00,0.10588588958233913
2018-11-12 19:24:00,0.010238556063484339
2018-11-12 19:27:00,0.0657387223719752
2018-11-12 19:30:00,0.0400612953756081
2018-11-12 19:33:00,0.03040183903073057
2018-11-12 19:36:00,0.0505454430446548
2018-11-12 19:39:00,-0.0038981609496318015
2018-11-12 19:42:00,-0.07740937827219341
2018-11-12 19:45:00,-0.04098924746170951
2018-11-12 19:48:00,0.013887719043395919
2018-11-12 19:51:00,0.049629984708076336
2018-11-12 19:54:00,0.04257263628971941
2018-11-12 19:57:00,0.03448989097887534
2018-11-12 20:00:00,-0.04768805366734341
2018-11-12 20:03:00,-0.06135756970087414
2018-11-12 20:06:00,-0.040062223066854585
2018-11-12 20:09:00,0.02147415117235596
2018-11-12 20:12:00,-0.06386110704647763
2018-11-12 20:15:00,0.005938705969526836
2018-11-12 20:18:00,0.1262342579674396
2018-11-12 20:21:00,-0.004537525960358835
2018-11-12 20:24:00,0.01890110752918872
2018-11-12 20:27:00,0.013460767587730516
2018-11-12 20:30:00,0.07872902676831472
2018-11-12 20:33:00,0.07365108070513315
2018-11-12 20:36:00,0.10138782998717488
2018-11-12 20:39:00,0.16710794255084238
2018-11-12 20:42:00,0.010975432171449029
2018-11-12 20:45:00,-0.01996971796620528
2018-11-12 20:48:00,0.030606722672530395
2018-11-12 20:51:00,0.15380390992163484
2018-11-12 20:54:00,-0.035226383868916855
2018-11-12 20:57:00,0.05702275978518401
2018-11-12 21:00:00,0.014036572690827143
2018-11-12 21:03:00,0.10309058887594347
2018-11-12 21:06:00,0.062221836715480094
2018-11-12 21:09:00,0.00883846418793155
2018-11-12 21:12:00,-0.04376578045383894
2018-11-12 21:15:00,0.03595791176883267
2018-11-12 21:18:00,0.10809038226318535
2018-11-12 21:21:00,0.055238089715999195
2018-11-12 21:24:00,0.03717011350033772
2018-11-12 21:27:00,0.00754107064233267
2018-11-12 21:30:00,0.009638959780033929
2018-11-12 21:33:00,-0.018611853090760633
2018-11-12 21:36:00,0.12828050178751482
2018-11-12 21:39:00,0.08281814727462233
2018-11-12 21:42:00,0.041769990700913695
2018-11-12 21:45:00,0.09289500196803147
2018-11-12 21:48:00,0.03579123831320885
2018-11-12 21:51:00,0.07816876714025511
2018-11-12 21:54:00,0.07740644678813169
2018-11-12 21:57:00,0.09873554216551383
2018-11-12 22:00:00,0.13776458267699354
2018-11-12 22:03:00,0.18816061620077562
2018-11-12 22:06:00,0.09449597525770059
2018-11-12 22:09:00,0.14942516578793175
2018-11-12 22:12:00,0.10760110423581182
2018-11-12 22:15:00,0.052004965486901256
2018-11-12 22:18:00,-0.011509216861497862
2018-11-12 22:21:00,0.06689794519013503
2018-11-12 22:24:00,0.11119757366924432
2018-11-12 22:27:00,0.04405167849637337
2018-11-12 22:30:00,0.1829351120821343
2018-11-12 22:33:00,0.10228780273649818
2018-11-12 22:36:00,0.168586649486258
2018-11-12 22:39:00,0.1388412035644251
2018-11-12 22:42:00,0.05983009349756685
2018-11-12 22:45:00,0.10794680316837457
2018-11-12 22:48:00,0.08387178611673107
2018-11-12 22:51:00,0.08527668973192704
2018-11-12 22:54:00,0.10785701539504089
2018-11-12 22:57:00,0.16721429614477756
2018-11-12 23:00:00,0.1660077581724977
2018-11-12 23:03:00,0.15963822210005674
2018-11-12 23:06:00,0.06662002137704803
2018-11-12 23:09:00,0.05466500483277059
2018-11-12 23:12:00,0.07469683712560027
2018-11-12 23:15:00,0.11936197111828051
2018-11-12 23:18:00,0.0543871197480712
2018-11-12 23:21:00,0.06499083753101331
2018-11-12 23:24:00,0.08720779070063145
2018-11-12 23:27:00,0.11466296991375202
2018-11-12 23:30:00,0.1256449726334381
2018-11-12 23:33:00,0.08275972577837365
2018-11-12 23:36:00,0.06012665319997268
2018-11-12 23:39:00,0.1694504976950384
2018-11-12 23:42:00,0.05983980563178193
2018-11-12 23:45:00,0.09630140425434774
2018-11-12 23:48:00,0.14749027266674375
2018-11-12 23:51:00,0.13483824552531587
2018-11-12 23:54:00,0.14540591569306116
2018-11-12 23:57:00,0.18633510641228668
2018-11-13 00:00:00,0.10722345073207862
2018-11-13 00:03:00,0.1741286333049743
2018-11-13 00:06:00,0.12508068345135825
2018-11-13 00:09:00,0.121469430675063
2018-11-13 00:12:00,0.16348515018739818
2018-11-13 00:15:00,0.08160156004112196
2018-11-13 00:18:00,0.1804244891424105
2018-11-13 00:21:00,0.05677881120880102
2018-11-13 00:24:00,0.10611300190345219
2018-11-13 00:27:00,0.2475352801933468
2018-11-13 00:30:00,0.05411189857096588
2018-11-13 00:33:00,0.08478347383351093
2018-11-13 00:36:00,0.10502409859657291
2018-11-13 00:39:00,0.12706819706733086
2018-11-13 00:42:00,0.11212916135770001
2018-11-13 00:45:00,0.1530967413280564
2018-11-13 00:48:00,0.18200130462236075
2018-11-13 00:51:00,0.16180939939869177
2018-11-13 00:54:00,0.13710896097285286
2018-11-13 00:57:00,0.20703313965924508
2018-11-13 01:00:00,0.16238000130681485
2018-11-13 01:03:00,0.16686719651323756
2018-11-13 01:06:00,0.17631675038541061
2018-11-13 01:09:00,0.1120037855438909
2018-11-13 01:12:00,0.1148076169598653
2018-11-13 01:15:00,0.09205813968713983
2018-11-13 01:18:00,0.15392355156768645
2018-11-13 01:21:00,0.11399640618236617
2018-11-13 01:24:00,0.07607759962610317
2018-11-13 01:27:00,0.1902930647823382
2018-11-13 01:30:00,0.09706443816884303
2018-11-13 01:33:00,0.03937965165454216
2018-11-13 01:36:00,0.09120557731642975
2018-11-13 01:39:00,0.1584810756769457
2018-11-13 01:42:00,0.15715517001632406
2018-11-13 01:45:00,0.19329482778027796
2018-11-13 01:48:00,0.1765166540507721
2018-11-13 01:51:00,0.17232609443709634
2018-11-13 01:54:00,0.2129841876168257
2018-11-13 01:57:00,0.18782236378467587
2018-11-13 02:00:00,0.23610111552369517
2018-11-13 02:03:00,0.15117506073295317
2018-11-13 02:06:00,0.23191122487241955
2018-11-13 02:09:00,0.18136154111539327
2018-11-13 02:12:00,0.19460093586963012
2018-11-13 02:15:00,0.09700839283379992
2018-11-13 02:18:00,0.1836198819580659
2018-11-13 02:21:00,0.2601823291626033
2018-11-13 02:24:00,0.17738207726449673
2018-11-13 02:27:00,0.18420744146459356
2018-11-13 02:30:00,0.25849359409795625
2018-11-13 02:33:00,0.18859313711027426
2018-11-13 02:36:00,0.10006873021029605
2018-11-13 02:39:00,0.12907175410634864
2018-11-13 02:42:00,0.09659029587311352
2018-11-13 02:45:00,0.1300745014631275
2018-11-13 02:48:00,0.0522420016761771
2018-11-13 02:51:00,0.13978311820312683
2018-11-13 02:54:00,0.04553102394271491
2018-11-13 02:57:00,0.12793295520731363
2018-11-13 03:00:00,0.0791514374678286
2018-11-13 03:03:00,0.2145946817844333
2018-11-13 03:06:00,0.14878124521948166
2018-11-13 03:09:00,0.2018743636539284
2018-11-13 03:12:00,0.13741013186205464
2018-11-13 03:15:00,0.20180711671991958
2018-11-13 03:18:00,0.18588176746698082
2018-11-13 03:21:00,0.23286226847528724
2018-11-13 03:24:00,0.2683569214220256
2018-11-13 03:27:00,0.18066199492437818
2018-11-13 03:30:00,0.21832352870188743
2018-11-13 03:33:00,0.22298226218339323
2018-11-13 03:36:00,0.24174138672293566
2018-11-13 03:39:00,0.19738764590579194
2018-11-13 03:42:00,0.1887769771457215
2018-11-13 03:45:00,0.2026344616160145
2018-11-13 03:48:00,0.22390982726210495
2018-11-13 03:51:00,0.13174207943603733
2018-11-13 03:54:00,0.1659843942426278
2018-11-13 03:57:00,0.22509452373668637
2018-11-13 04:00:00,0.20799146876851182
2018-11-13 04:03:00,0.21456687452041479
2018-11-13 04:06:00,0.20110968469896306
2018-11-13 04:09:00,0.19363819257029036
2018-11-13 04:12:00,0.21893801708438332
2018-11-13 04:15:00,0.2278544623498533
2018-11-13 04:18:00,0.25224365594715437
2018-11-13 04:21:00,0.2470646784116184
2018-11-13 04:24:00,0.29352927779297033
2018-11-13 04:27:00,0.2986894136838032
2018-11-13 04:30:00,0.19798251407860334
2018-11-13 04:33:00,0.20022521669250182
2018-11-13 04:36:00,0.20415435801476178
2018-11-13 04:39:00,0.19391000644009182
2018-11-13 04:42:00,0.23139092046534415
2018-11-13 04:45:00,0.2943165957589713
2018-11-13 04:48:00,0.2933265960892868
2018-11-13 04:51:00,0.22723310181891065
2018-11-13 04:54:00,0.21472739982419853
2018-11-13 04:57:00,0.21041094632823842
2018-11-13 05:00:00,0.1829557444157217
2018-11-13 05:03:00,0.19534310009765932
2018-11-13 05:06:00,0.248333779638358
2018-11-13 05:09:00,0.19444874287910352
2018-11-13 05:12:00,0.2200248019634614
2018-11-13 05:15:00,0.15482866005544338
2018-11-13 05:18:00,0.2331061503451224
2018-11-13 05:21:00,0.30408500026697993
2018-11-13 05:24:00,0.21531342301858558
2018-11-13 05:27:00,0.26325749178454316
2018-11-13 05:30:00,0.26844719158680164
2018-11-13 05:33:00,0.3348855730320679
2018-11-13 05:36:00,0.3694684753610886
2018-11-13 05:39:00,0.29008702012259846
2018-11-13 05:42:00,0.36557219966914545
2018-11-13 05:45:00,0.2806858384690827
2018-11-13 05:48:00,0.3418548547562068
2018-11-13 05:51:00,0.359901025514489
2018-11-13 05:54:00,0.33748286591850274
2018-11-13 05:57:00,0.30089537020398893
2018-11-13 06:00:00,0.3427779764360821
2018-11-13 06:03:00,0.34271146374385353
2018-11-13 06:06:00,0.3678173107952034
2018-11-13 06:09:00,0.3160581909226039
2018-11-13 06:12:00,0.3240931759758041
2018-11-13 06:15:00,0.30636480663395105
2018-11-13 06:18:00,0.21992836597206633
2018-11-13 06:21:00,0.25963172148902913
2018-11-13 06:24:00,0.3168483970608804
2018-11-13 06:27:00,0.20589891491653134
2018-11-13 06:30:00,0.3150087905439136
2018-11-13 06:33:00,0.20435751172709615
2018-11-13 06:36:00,0.18708548662459634
2018-11-13 06:39:00,0.14535038910435105
2018-11-13 06:42:00,0.18994210171439363
2018-11-13 06:45:00,0.24344512851206446
2018-11-13 06:48:00,0.281961044429238
2018-11-13 06:51:00,0.17439693649566834
2018-11-13 06:54:00,0.2680398256085823
2018-11-13 06:57:00,0.28114844981871556
2018-11-13 07:00:00,0.2352073602567657
2018-11-13 07:03:00,0.19195789353273085
2018-11-13 07:06:00,0.19661973041195324
2018-11-13 07:09:00,0.20985181276256526
2018-11-13 07:12:00,0.15895684352807393
2018-11-13 07:15:00,0.13602168712753837
2018-11-13 07:18:00,0.20083177253201256
2018-11-13 07:21:00,0.27164599383542054
2018-11-13 07:24:00,0.22628338023457673
2018-11-13 07:27:00,0.17692373322222466
2018-11-13 07:30:00,0.38013938398705704
2018-11-13 07:33:00,0.30659600084527483
2018-11-13 07:36:00,0.2936718350249521
2018-11-13 07:39:00,0.22951394834274197
2018-11-13 07:42:00,0.24010101044331122
2018-11-13 07:45:00,0.15328427428943314
2018-11-13 07:48:00,0.22556225595366186
2018-11-13 07:51:00,0.3028021740211102
2018-11-13 07:54:00,0.21163760121214636
2018-11-13 07:57:00,0.23293629024328766
2018-11-13 08:00:00,0.26202203399435575
2018-11-13 08:03:00,0.3477657666953746
2018-11-13 08:06:00,0.14435016836358727
2018-11-13 08:09:00,0.24413521902562252
2018-11-13 08:12:00,0.09372177255477254
2018-11-13 08:15:00,0.26078773259371246
2018-11-13 08:18:00,0.15004407799841601
2018-11-13 08:21:00,0.15401321511291144
2018-11-13 08:24:00,0.1461531797533553
2018-11-13 08:27:00,0.14288508843213776
2018-11-13 08:30:00,0.15375361935372212
2018-11-13 08:33:00,0.11028815716792906
2018-11-13 08:36:00,0.17185656089264967
2018-11-13 08:39:00,0.13487665139882665
2018-11-13 08:42:00,0.13378861774179995
2018-11-13 08:45:00,0.13982535919654993
2018-11-13 08:48:00,0.166890839730911
2018-11-13 08:51:00,0.11612149703563546
2018-11-13 08:54:00,0.13867926560482147
2018-11-13 08:57:00,0.07288529037617764
2018-11-13 09:00:00,0.18814414131264812
2018-11-13 09:03:00,0.014369245625971416
2018-11-13 09:06:00,0.11437165345125777
2018-11-13 09:09:00,0.1950461481528123
2018-11-13 09:12:00,0.011587552969785975
2018-11-13 09:15:00,0.06467376806392622
2018-11-13 09:18:00,0.1875981462886216
2018-11-13 09:21:00,0.19399635316449348
2018-11-13 09:24:00,0.1528123757677804
2018-11-13 09:27:00,0.1460516262198439
2018-11-13 09:30:00,0.07231736951661105
2018-11-13 09:33:00,0.17298723356861956
2018-11-13 09:36:00,0.1208719550859314
2018-11-13 09:39:00,0.12658611647060525
2018-11-13 09:42:00,-0.0013408275627853072
2018-11-13 09:45:00,-0.05955653896762669
2018-11-13 09:48:00,0.03828525614659384
2018-11-13 09:51:00,-0.08963367663869803
2018-11-13 09:54:00,0.1174917964474389
2018-11-13 09:57:00,0.07761435361589974
2018-11-13 10:00:00,-0.06060877686019239
2018-11-13 10:03:00,-0.13999624518970677
2018-11-13 10:06:00,-0.09185008729565425
2018-11-13 10:09:00,-0.09539980023856742
2018-11-13 10:12:00,-0.11454975513618137
2018-11-13 10:15:00,-0.07752034392859741
2018-11-13 10:18:00,-0.02836786359011967
2018-11-13 10:21:00,-0.08657998058998828
2018-11-13 10:24:00,-0.01745411223754445
2018-11-13 10:27:00,-0.0970034352412199
2018-11-13 10:30:00,-0.08525013691235017
2018-11-13 10:33:00,-0.19406437592357406
2018-11-13 10:36:00,-0.14908826484651172
2018-11-13 10:39:00,-0.14542867606820664
2018-11-13 10:42:00,0.0440605119726456
2018-11-13 10:45:00,0.0023878097588863056
2018-11-13 10:48:00,-0.03361496263664776
2018-11-13 10:51:00,-0.11927994866738345
2018-11-13 10:54:00,-0.09946321627535326
2018-11-13 10:57:00,-0.11353620969413214
2018-11-13 11:00:00,0.00710823830308982
2018-11-13 11:03:00,-0.10700313142035611
2018-11-13 11:06:00,-0.08246257318825201
2018-11-13 11:09:00,-0.13581854539671667
2018-11-13 11:12:00,-0.1716310851804792
2018-11-13 11:15:00,-0.219280986448382
2018-11-13 11:18:00,-0.2037974671678171
2018-11-13 11:21:00,-0.16815372813402973
2018-11-13 11:24:00,-0.20984691029974556
2018-11-13 11:27:00,-0.13383124299866722
2018-11-13 11:30:00,-0.12368225008447098
2018-11-13 11:33:00,-0.015435402433070067
2018-11-13 11:36:00,0.014987453597257172
2018-11-13 11:39:00,-0.11937968734764581
2018-11-13 11:42:00,0.0216561943710758
2018-11-13 11:45:00,-0.039773919793162804
2018-11-13 11:48:00,-0.049839413348706785
2018-11-13 11:51:00,0.11536582205252444
2018-11-13 11:54:00,-0.01803876610580346
2018-11-13 11:57:00,-0.08420003479506022
2018-11-13 12:00:00,-0.12126971365302097
2018-11-13 12:03:00,-0.011176071245017738
2018-11-13 12:06:00,-0.059191594672313386
2018-11-13 12:09:00,0.015293540059303723
2018-11-13 12:12:00,0.039614896742079964
2018-11-13 12:15:00,-0.020167266998043942
2018-11-13 12:18:00,0.03589162872668794
2018-11-13 12:21:00,0.053232729695594116
2018-11-13 12:24:00,0.08666254876112589
2018-11-13 12:27:00,0.01955979486291426
2018-11-13 12:30:00,-0.036261605314166445
2018-11-13 12:33:00,-0.06535405382396675
2018-11-13 12:36:00,-0.07254894800496459
2018-11-13 12:39:00,-0.0026242089502375165
2018-11-13 12:42:00,0.11594050566270653
2018-11-13 12:45:00,0.13153548032460094
2018-11-13 12:48:00,0.08194069976354967
2018-11-13 12:51:00,-0.11752113471482062
2018-11-13 12:54:00,-0.24978332901002887
2018-11-13 12:57:00,-0.21565388132768248
2018-11-13 13:00:00,-0.2031760839178105
2018-11-13 13:03:00,-0.18309181126352314
2018-11-13 13:06:00,-0.27903752048536035
2018-11-13 13:09:00,-0.2937874106352183
2018-11-13 13:12:00,-0.2561750661240012
2018-11-13 13:15:00,-0.18999481747550817
2018-11-13 13:18:00,-0.24833155845982446
2018-11-13 13:21:00,-0.1800420515469341
2018-11-13 13:24:00,-0.25188063502565683
2018-11-13 13:27:00,-0.09484122455950228
2018-11-13 13:30:00,-0.16407702415295944
2018-11-13 13:33:00,-0.18223973057502008
2018-11-13 13:36:00,-0.2571993053648498
2018-11-13 13:39:00,-0.2218817057130309
2018-11-13 13:42:00,-0.317436697277401
2018-11-13 13:45:00,-0.24612646979113606
2018-11-13 13:48:00,-0.21348776632828503
2018-11-13 13:51:00,-0.26158245455394535
2018-11-13 13:54:00,-0.2185062102484494
2018-11-13 13:57:00,-0.33995997798854205
2018-11-13 14:00:00,-0.31017160869009786
2018-11-13 14:03:00,-0.25177335609112106
2018-11-13 14:06:00,-0.2936586207139271
2018-11-13 14:09:00,-0.292083337656436
2018-11-13 14:12:00,-0.2914071976309742
2018-11-13 14:15:00,-0.4055052283683267
2018-11-13 14:18:00,-0.29497019870080976
2018-11-13 14:21:00,-0.3267753238084765
2018-11-13 14:24:00,-0.25421505674694345
2018-11-13 14:27:00,-0.35752930546442485
2018-11-13 14:30:00,-0.29289126592829007
2018-11-13 14:33:00,-0.4247020553452785
2018-11-13 14:36:00,-0.2925776713463506
2018-11-13 14:39:00,-0.3815240179526427
2018-11-13 14:42:00,-0.46717944913064
2018-11-13 14:45:00,-0.3931234153178025
2018-11-13 14:48:00,-0.37883719231649593
2018-11-13 14:51:00,-0.28123092884214884
2018-11-13 14:54:00,-0.29922007270977247
2018-11-13 14:57:00,-0.35005297763808585
2018-11-13 15:00:00,-0.31401282838243105
2018-11-13 15:03:00,-0.3520560363846812
2018-11-13 15:06:00,-0.4159298418590538
2018-11-13 15:09:00,-0.42660539346695714
2018-11-13 15:12:00,-0.29091953770881673
2018-11-13 15:15:00,-0.4166261406207923
2018-11-13 15:18:00,-0.3812684483797284
2018-11-13 15:21:00,-0.4211889524773369
2018-11-13 15:24:00,-0.34320136080691555
2018-11-13 15:27:00,-0.340455384015911
2018-11-13 15:30:00,-0.23488174021514396
2018-11-13 15:33:00,-0.31695052214791986
2018-11-13 15:36:00,-0.31018159275271273
2018-11-13 15:39:00,-0.32014847675515057
2018-11-13 15:42:00,-0.21896173629789928
2018-11-13 15:45:00,-0.09485477607950088
2018-11-13 15:48:00,-0.06464247062331197
2018-11-13 15:51:00,-0.15293729038728543
2018-11-13 15:54:00,-0.18965708418244276
2018-11-13 15:57:00,-0.16814621646540218
2018-11-13 16:00:00,-0.1322143597753893
2018-11-13 16:03:00,-0.19343764113096995
2018-11-13 16:06:00,0.007561428763324329
2018-11-13 16:09:00,0.11873538273044915
2018-11-13 16:12:00,0.10536682919462237
2018-11-13 16:15:00,0.010402185911118522
2018-11-13 16:18:00,0.375604816918667
2018-11-13 16:21:00,0.02864718819847667
2018-11-13 16:24:00,-0.2798566234802706
2018-11-13 16:27:00,-0.2866991203225666
2018-11-13 16:30:00,-0.231531159498104
2018-11-13 16:33:00,-0.21103096166393698
2018-11-13 16:36:00,-0.26802964532225815
2018-11-13 16:39:00,-0.2832766783633929
2018-11-13 16:42:00,-0.18431946764172835
2018-11-13 16:45:00,-0.01802426300304205
2018-11-13 16:48:00,0.006845384815903799
2018-11-13 16:51:00,-0.20203473838955688
2018-11-13 16:54:00,-0.1581862197923556
2018-11-13 16:57:00,-0.06577992910445118
2018-11-13 17:00:00,-0.22794125249083663
2018-11-13 17:03:00,-0.16655629704717967
2018-11-13 17:06:00,-0.1050164914354923
2018-11-13 17:09:00,-0.11196544287906818
2018-11-13 17:12:00,-0.24862882428033117
2018-11-13 17:15:00,-0.2525640116761565
2018-11-13 17:18:00,-0.06268448221675271
2018-11-13 17:21:00,-0.051836054753835015
2018-11-13 17:24:00,-0.028598910006564893
2018-11-13 17:27:00,-0.004760723136826073
2018-11-13 17:30:00,-0.14820925036008248
2018-11-13 17:33:00,0.03929975211525516
2018-11-13 17:36:00,0.16119814601802318
2018-11-13 17:39:00,0.2081037164749091
2018-11-13 17:42:00,0.3058699824101154
2018-11-13 17:45:00,0.3359117340768307
2018-11-13 17:48:00,0.1032110714169221
2018-11-13 17:51:00,0.01927427354712563
2018-11-13 17:54:00,0.21625727191269561
2018-11-13 17:57:00,-0.03235701755977516
2018-11-13 18:00:00,0.08236228179600857
2018-11-13 18:03:00,-0.07556868077926993
2018-11-13 18:06:00,-0.06180419122955527
2018-11-13 18:09:00,0.15389558299176542
2018-11-13 18:12:00,0.1862808855515823
2018-11-13 18:15:00,0.07913872239328157
2018-11-13 18:18:00,0.05051483698315451
2018-11-13 18:21:00,-0.07325836956283638
2018-11-13 18:24:00,0.04272251091697399
2018-11-13 18:27:00,0.015636141242850954
2018-11-13 18:30:00,-0.01310268924197544
2018-11-13 18:33:00,0.006648906762734441
2018-11-13 18:36:00,0.05416297982060314
2018-11-13 18:39:00,0.020404848994189706
2018-11-13 18:42:00,0.021650105263915975
2018-11-13 18:45:00,-0.01015191983145769
2018-11-13 18:48:00,0.02057360905735095
2018-11-13 18:51:00,0.028741302376033673
2018-11-13 18:54:00,
2018-11-13 18:57:00,
2018-11-13 19:00:00,
2018-11-13 19:03:00,-0.003817256589115914
2018-11-13 19:06:00,-0.00015598971810959483
2018-11-13 19:09:00,-0.031447266632653736
2018-11-13 19:12:00,0.001803217798226342
2018-11-13 19:15:00,0.0011040828151749338
2018-11-13 19:18:00,-0.009647328360017582
2018-11-13 19:21:00,-0.019195456060003835
2018-11-13 19:24:00,0.05912468277347216
2018-11-13 19:27:00,-0.006345811746598429
2018-11-13 19:30:00,0.022725132752725585
2018-11-13 19:33:00,0.026552601144487653
2018-11-13 19:36:00,-0.04946650132325203
2018-11-13 19:39:00,-0.03061475356378196
2018-11-13 19:42:00,-0.06026153924864275
2018-11-13 19:45:00,0.005958878098908826
2018-11-13 19:48:00,0.02431672833341736
2018-11-13 19:51:00,0.017970121313055643
2018-11-13 19:54:00,0.02260662273579328
2018-11-13 19:57:00,0.026208891949863755
2018-11-13 20:00:00,-0.07441504044959402
2018-11-13 20:03:00,0.0037538930383789193
2018-11-13 20:06:00,0.05779633489476055
2018-11-13 20:09:00,0.01111723503072426
2018-11-13 20:12:00,-0.037836839759393115
2018-11-13 20:15:00,0.061977605423464865
2018-11-13 20:18:00,-0.06299129568009221
2018-11-13 20:21:00,-0.06537066853485385
2018-11-13 20:24:00,-0.033830757097348396
2018-11-13 20:27:00,-0.0663120954857277
2018-11-13 20:30:00,-0.12421173825674714
2018-11-13 20:33:00,-0.011809653860780145
2018-11-13 20:36:00,0.058850252239494694
2018-11-13 20:39:00,-0.004278611425320378
2018-11-13 20:42:00,0.0011309801983543366
2018-11-13 20:45:00,-0.08375028267897733
2018-11-13 20:48:00,0.10595907011128247
2018-11-13 20:51:00,-0.03456395320830552
2018-11-13 20:54:00,-0.06015871221956104
2018-11-13 20:57:00,0.045994043337202584
2018-11-13 21:00:00,-0.02027223034394865
2018-11-13 21:03:00,0.03545489209807329
2018-11-13 21:06:00,0.0714182068095397
2018-11-13 21:09:00,0.018921294898120777
2018-11-13 21:12:00,0.09675640025204757
2018-11-13 21:15:00,0.09402356305014337
2018-11-13 21:18:00,0.018804910540097808
2018-11-13 21:21:00,0.018793769226078894
2018-11-13 21:24:00,-0.027693215783415326
2018-11-13 21:27:00,0.06536956204564603
2018-11-13 21:30:00,0.062031931311594235
2018-11-13 21:33:00,0.058471263011028896
2018-11-13 21:36:00,0.07541548130865294
2018-11-13 21:39:00,0.024700091136196534
2018-11-13 21:42:00,0.06825599906761681
2018-11-13 21:45:00,0.06848994931624475
2018-11-13 21:48:00,0.19933843135203233
2018-11-13 21:51:00,0.11867610585221655
2018-11-13 21:54:00,0.2491955207848946
2018-11-13 21:57:00,0.24845774962233236
2018-11-13 22:00:00,0.40613095471928773
2018-11-13 22:03:00,0.3027569538811008
2018-11-13 22:06:00,0.3650689349897789
2018-11-13 22:09:00,0.30040400029969305
2018-11-13 22:12:00,0.1919255783633389
2018-11-13 22:15:00,0.29078227009756574
2018-11-13 22:18:00,0.2680186465884731
2018-11-13 22:21:00,0.14275695673740074
2018-11-13 22:24:00,0.2614750013264029
2018-11-13 22:27:00,0.2234192672912627
2018-11-13 22:30:00,0.1493208724540409
2018-11-13 22:33:00,0.19468704321428731
2018-11-13 22:36:00,0.18760240277430285
2018-11-13 22:39:00,0.2584621788342929
2018-11-13 22:42:00,0.15859446289107382
2018-11-13 22:45:00,0.19005004333536135
2018-11-13 22:48:00,0.2022775624701012
2018-11-13 22:51:00,0.24727020428321111
2018-11-13 22:54:00,0.2917268048255437
2018-11-13 22:57:00,0.27191709902899674
2018-11-13 23:00:00,0.12093216267851403
2018-11-13 23:03:00,0.2394384143773891
2018-11-13 23:06:00,0.14666151288486162
2018-11-13 23:09:00,0.15292009325793288
2018-11-13 23:12:00,0.16832557970877815
2018-11-13 23:15:00,0.11359401411857561
2018-11-13 23:18:00,0.11484846079491717
2018-11-13 23:21:00,0.05326165992011056
2018-11-13 23:24:00,0.05940974888864048
2018-11-13 23:27:00,0.16748278901224012
2018-11-13 23:30:00,0.19071836809257547
2018-11-13 23:33:00,0.12290550809694878
2018-11-13 23:36:00,0.05113944399141701
2018-11-13 23:39:00,0.09556948455008296
2018-11-13 23:42:00,0.19814883644761494
2018-11-13 23:45:00,0.07108915537037319
2018-11-13 23:48:00,0.16040418124384814
2018-11-13 23:51:00,0.1248718926424317
2018-11-13 23:54:00,0.23249505948024307
2018-11-13 23:57:00,0.1465407899763136
2018-11-14 00:00:00,0.14519739746447158
2018-11-14 00:03:00,0.21055256284057577
2018-11-14 00:06:00,0.30538200366123647
2018-11-14 00:09:00,0.29878521714567796
2018-11-14 00:12:00,0.2931254801032992
2018-11-14 00:15:00,0.2831757637237047
2018-11-14 00:18:00,0.2819434652832342
2018-11-14 00:21:00,0.2659130865860675
2018-11-14 00:24:00,0.2876543522369843
2018-11-14 00:27:00,0.17617579107769643
2018-11-14 00:30:00,0.2657640302895743
2018-11-14 00:33:00,0.3695108797830926
2018-11-14 00:36:00,0.3342056160566358
2018-11-14 00:39:00,0.32413188774870605
2018-11-14 00:42:00,0.3325895954811813
2018-11-14 00:45:00,0.2836160158593657
2018-11-14 00:48:00,0.3947627059874321
2018-11-14 00:51:00,0.35602582663597104
2018-11-14 00:54:00,0.3466200623384452
2018-11-14 00:57:00,0.45176704395248635
2018-11-14 01:00:00,0.33122707032975995
2018-11-14 01:03:00,0.41471481308866487
2018-11-14 01:06:00,0.43057492378039797
2018-11-14 01:09:00,0.288230434440095
2018-11-14 01:12:00,0.34583721462735184
2018-11-14 01:15:00,0.3413065697073989
2018-11-14 01:18:00,0.28832011100774935
2018-11-14 01:21:00,0.24641583577783877
2018-11-14 01:24:00,0.2326406562272041
2018-11-14 01:27:00,0.3493152576795069
2018-11-14 01:30:00,0.3465288962550517
2018-11-14 01:33:00,0.3605384501875051
2018-11-14 01:36:00,0.3704631065940589
2018-11-14 01:39:00,0.30232226513294336
2018-11-14 01:42:00,0.24168152348198646
2018-11-14 01:45:00,0.25336067336314727
2018-11-14 01:48:00,0.25121545331171546
2018-11-14 01:51:00,0.18642738036493256
2018-11-14 01:54:00,0.1972375725567872
2018-11-14 01:57:00,0.31120263119782976
2018-11-14 02:00:00,0.14343412427604108
2018-11-14 02:03:00,0.09102830618638791
2018-11-14 02:06:00,0.21663745360604025
2018-11-14 02:09:00,0.12400923159719923
2018-11-14 02:12:00,0.18677982906268653
2018-11-14 02:15:00,0.090675921758816
2018-11-14 02:18:00,0.12469513268666788
2018-11-14 02:21:00,0.12828998536753033
2018-11-14 02:24:00,0.16588069940200967
2018-11-14 02:27:00,0.0558357045848652
2018-11-14 02:30:00,0.16896225587032632
2018-11-14 02:33:00,0.14087839311042671
2018-11-14 02:36:00,0.15259074519195792
2018-11-14 02:39:00,0.2159827202848419
2018-11-14 02:42:00,0.24657595923702047
2018-11-14 02:45:00,0.12817105365144243
2018-11-14 02:48:00,0.16887932005028006
2018-11-14 02:51:00,0.19505953810528354
2018-11-14 02:54:00,0.1538372899021283
2018-11-14 02:57:00,0.24329172932112897
2018-11-14 03:00:00,0.18349501482327923
2018-11-14 03:03:00,0.11329005106688328
2018-11-14 03:06:00,0.14350355109502289
2018-11-14 03:09:00,0.25622887169959085
2018-11-14 03:12:00,0.2646157000206131
2018-11-14 03:15:00,0.24817399421783648
2018-11-14 03:18:00,0.26382284725178806
2018-11-14 03:21:00,0.2333389237671213
2018-11-14 03:24:00,0.24642607346874001
2018-11-14 03:27:00,0.2371769037487752
2018-11-14 03:30:00,0.39556253092644056
2018-11-14 03:33:00,0.6274092318654425
2018-11-14 03:36:00,0.6456144943027198
2018-11-14 03:39:00,0.49355513616819735
2018-11-14 03:42:00,0.23513624314205117
2018-11-14 03:45:00,0.1504144099225755
2018-11-14 03:48:00,0.1827103960391696
2018-11-14 03:51:00,0.17607041557744196
2018-11-14 03:54:00,0.16172725892823792
2018-11-14 03:57:00,0.13075347931908254
2018-11-14 04:00:00,0.0880822118375022
2018-11-14 04:03:00,0.1359368397499452
2018-11-14 04:06:00,0.25475501722587524
2018-11-14 04:09:00,0.13522235486880163
2018-11-14 04:12:00,0.2494945664601005
2018-11-14 04:15:00,0.24817489773482748
2018-11-14 04:18:00,0.2617503715324574
2018-11-14 04:21:00,0.21458395162142097
2018-11-14 04:24:00,0.26541862834159247
2018-11-14 04:27:00,0.3444527610762975
2018-11-14 04:30:00,0.23176585063532684
2018-11-14 04:33:00,0.2345110660392038
2018-11-14 04:36:00,0.1906292969391643
2018-11-14 04:39:00,0.23326304353253136
2018-11-14 04:42:00,0.32754271158245274
2018-11-14 04:45:00,0.23971006663595062
2018-11-14 04:48:00,0.23250889852465662
2018-11-14 04:51:00,0.21570583012714906
2018-11-14 04:54:00,0.2595731657473834
2018-11-14 04:57:00,0.23180744634998973
2018-11-14 05:00:00,0.24295689951134136
2018-11-14 05:03:00,0.20926943287520317
2018-11-14 05:06:00,0.28523797571244813
2018-11-14 05:09:00,0.3409861715983311
2018-11-14 05:12:00,0.32215040004655293
2018-11-14 05:15:00,0.32956108717712596
2018-11-14 05:18:00,0.2600724495657687
2018-11-14 05:21:00,0.26533829932526487
2018-11-14 05:24:00,0.2917846929472603
2018-11-14 05:27:00,0.2607232780995332
2018-11-14 05:30:00,0.39957182169183625
2018-11-14 05:33:00,0.2633386781456011
2018-11-14 05:36:00,0.22920799708458617
2018-11-14 05:39:00,0.32554432063909644
2018-11-14 05:42:00,0.2585893667654773
2018-11-14 05:45:00,0.2985261063769258
2018-11-14 05:48:00,0.32683158541800594
2018-11-14 05:51:00,0.27162663645111707
2018-11-14 05:54:00,0.36507347887334163
2018-11-14 05:57:00,0.38941773504876664
2018-11-14 06:00:00,0.27549633298758636
2018-11-14 06:03:00,0.2374790134923046
2018-11-14 06:06:00,0.35234315793843507
2018-11-14 06:09:00,0.3241335149905922
2018-11-14 06:12:00,0.28166188851099605
2018-11-14 06:15:00,0.25763168774375345
2018-11-14 06:18:00,0.31651408266793624
2018-11-14 06:21:00,0.32523301614679667
2018-11-14 06:24:00,0.24135078439218205
2018-11-14 06:27:00,0.31148351344694447
2018-11-14 06:30:00,0.20111807522295067
2018-11-14 06:33:00,0.2877705785699618
2018-11-14 06:36:00,0.2667139532260876
2018-11-14 06:39:00,0.24397102988592678
2018-11-14 06:42:00,0.2589368042921478
2018-11-14 06:45:00,0.24005204756088006
2018-11-14 06:48:00,0.25639109691957174
2018-11-14 06:51:00,0.2658545552107512
2018-11-14 06:54:00,0.26195507528910866
2018-11-14 06:57:00,0.14709132539383063
2018-11-14 07:00:00,0.21484855195029695
2018-11-14 07:03:00,0.20267033012549973
2018-11-14 07:06:00,0.18728135456188966
2018-11-14 07:09:00,0.22247259428655752
2018-11-14 07:12:00,0.1713611359642755
2018-11-14 07:15:00,0.21682035910754394
2018-11-14 07:18:00,0.1794034397194082
2018-11-14 07:21:00,0.26313219818740663
2018-11-14 07:24:00,0.23496487736423433
2018-11-14 07:27:00,0.16548301189436643
2018-11-14 07:30:00,0.2112577991492799
2018-11-14 07:33:00,0.2425029028693757
2018-11-14 07:36:00,0.23346531367354828
2018-11-14 07:39:00,0.20177474635812587
2018-11-14 07:42:00,0.211310665980875
2018-11-14 07:45:00,0.254265889563726
2018-11-14 07:48:00,0.20075809078878137
2018-11-14 07:51:00,0.142561360160812
2018-11-14 07:54:00,0.2638254649241958
2018-11-14 07:57:00,0.22563480587467666
2018-11-14 08:00:00,0.19750193976949504
2018-11-14 08:03:00,0.17353338406320518
2018-11-14 08:06:00,0.16442268166588292
2018-11-14 08:09:00,0.11239193641682732
2018-11-14 08:12:00,0.15021311224069223
2018-11-14 08:15:00,0.0696910573661853
2018-11-14 08:18:00,0.17199366152414086
2018-11-14 08:21:00,0.16607539994134868
2018-11-14 08:24:00,0.22220350448242243
2018-11-14 08:27:00,0.09909649817285526
2018-11-14 08:30:00,0.12055522547302644
2018-11-14 08:33:00,0.10322736392072329
2018-11-14 08:36:00,0.08997568933119737
2018-11-14 08:39:00,0.07448315498811553
2018-11-14 08:42:00,0.06147013919837718
2018-11-14 08:45:00,-0.023515833924136587
2018-11-14 08:48:00,0.05030650023212502
2018-11-14 08:51:00,0.07353826412474973
2018-11-14 08:54:00,0.0773474135453398
2018-11-14 08:57:00,0.02598821380689742
2018-11-14 09:00:00,0.11495804366114726
2018-11-14 09:03:00,0.10575271936954778
2018-11-14 09:06:00,0.1352141018913926
2018-11-14 09:09:00,0.05172634353357353
2018-11-14 09:12:00,0.046821506207436414
2018-11-14 09:15:00,-0.055137273795025976
2018-11-14 09:18:00,0.08234239553269163
2018-11-14 09:21:00,0.020752875736604892
2018-11-14 09:24:00,0.09714120005043014
2018-11-14 09:27:00,0.08612777175187603
2018-11-14 09:30:00,0.09351224593467578
2018-11-14 09:33:00,0.15991874116059535
2018-11-14 09:36:00,0.10269284158414393
2018-11-14 09:39:00,0.08043894884269776
2018-11-14 09:42:00,0.10638345834206575
2018-11-14 09:45:00,0.10895945225712467
2018-11-14 09:48:00,0.1325567975948161
2018-11-14 09:51:00,0.09741645461230064
2018-11-14 09:54:00,-0.040894047579683956
2018-11-14 09:57:00,0.05637981478554366
2018-11-14 10:00:00,0.04830409590653062
2018-11-14 10:03:00,0.0856735399866011
2018-11-14 10:06:00,0.06540621775479849
2018-11-14 10:09:00,0.11987067781541327
2018-11-14 10:12:00,0.13876014495798472
2018-11-14 10:15:00,0.25301777877791665
2018-11-14 10:18:00,0.08465882116882995
2018-11-14 10:21:00,0.06493808677726065
2018-11-14 10:24:00,0.2805741932102137
2018-11-14 10:27:00,0.2784877207386671
2018-11-14 10:30:00,0.13471725433771553
2018-11-14 10:33:00,0.23699397061471927
2018-11-14 10:36:00,0.035715241576042445
2018-11-14 10:39:00,0.028506631846880737
2018-11-14 10:42:00,0.04741344794882707
2018-11-14 10:45:00,-0.011496828916733648
2018-11-14 10:48:00,0.09450039417447442
2018-11-14 10:51:00,0.13225408459044274
2018-11-14 10:54:00,0.052454019557330867
2018-11-14 10:57:00,0.1316654797022352
2018-11-14 11:00:00,0.000653423264338926
2018-11-14 11:03:00,0.06342061538083499
2018-11-14 11:06:00,-0.00875809635067526
2018-11-14 11:09:00,0.026295320027145408
2018-11-14 11:12:00,-0.023141647875775107
2018-11-14 11:15:00,0.013921119128269765
2018-11-14 11:18:00,-0.008375977490345576
2018-11-14 11:21:00,0.008765159196570949
2018-11-14 11:24:00,-0.015605691421228585
2018-11-14 11:27:00,-0.05565290816775814
2018-11-14 11:30:00,-0.10668199352022611
2018-11-14 11:33:00,-0.057339616690853745
2018-11-14 11:36:00,-0.12673898224619506
2018-11-14 11:39:00,-0.0673196703571648
2018-11-14 11:42:00,-0.1470639380679586
2018-11-14 11:45:00,-0.1929377569663302
2018-11-14 11:48:00,-0.0813076394467771
2018-11-14 11:51:00,-0.11507754407489301
2018-11-14 11:54:00,-0.12579774038732694
2018-11-14 11:57:00,-0.18180865750190378
2018-11-14 12:00:00,-0.19631532210036085
2018-11-14 12:03:00,-0.27074921407688635
2018-11-14 12:06:00,-0.2732135705188057
2018-11-14 12:09:00,-0.21562670866273947
2018-11-14 12:12:00,-0.16687664506162037
2018-11-14 12:15:00,-0.15645129756308052
2018-11-14 12:18:00,-0.2850743385547503
2018-11-14 12:21:00,-0.2913490606155733
2018-11-14 12:24:00,-0.3466475045065067
2018-11-14 12:27:00,-0.26602128805433267
2018-11-14 12:30:00,-0.3319064390372546
2018-11-14 12:33:00,-0.291962685332976
2018-11-14 12:36:00,-0.1941324565534046
2018-11-14 12:39:00,-0.30649909818231436
2018-11-14 12:42:00,-0.200249505195643
2018-11-14 12:45:00,-0.3067369502959991
2018-11-14 12:48:00,-0.279451320777639
2018-11-14 12:51:00,-0.23489039432274694
2018-11-14 12:54:00,-0.26953274506320213
2018-11-14 12:57:00,-0.2149656967871465
2018-11-14 13:00:00,-0.2691420530873643
2018-11-14 13:03:00,-0.31673192726594834
2018-11-14 13:06:00,-0.31751944705473534
2018-11-14 13:09:00,-0.3503195674459789
2018-11-14 13:12:00,-0.2588711222976485
2018-11-14 13:15:00,-0.38124740637925925
2018-11-14 13:18:00,-0.2695706063331045
2018-11-14 13:21:00,-0.242842953657032
2018-11-14 13:24:00,-0.09979657011876952
2018-11-14 13:27:00,-0.17752705742168473
2018-11-14 13:30:00,0.05125740661395639
2018-11-14 13:33:00,-0.045554115516722504
2018-11-14 13:36:00,-0.1985972091297299
2018-11-14 13:39:00,-0.07643942237029933
2018-11-14 13:42:00,-0.09281492903232902
2018-11-14 13:45:00,-0.13049202378715563
2018-11-14 13:48:00,-0.16298748592993206
2018-11-14 13:51:00,-0.1520771501078002
2018-11-14 13:54:00,-0.36475721222450375
2018-11-14 13:57:00,-0.3590439234720293
2018-11-14 14:00:00,-0.3232270213550805
2018-11-14 14:03:00,-0.44146626148881296
2018-11-14 14:06:00,-0.4077035843350245
2018-11-14 14:09:00,-0.4241994656271686
2018-11-14 14:12:00,-0.4904039907764286
2018-11-14 14:15:00,-0.461882783526562
2018-11-14 14:18:00,-0.3999154610165192
2018-11-14 14:21:00,-0.24236087794361083
2018-11-14 14:24:00,-0.24075954951854328
2018-11-14 14:27:00,-0.2514063596606775
2018-11-14 14:30:00,-0.17730169157880482
2018-11-14 14:33:00,-0.20807570951131993
2018-11-14 14:36:00,-0.09303173383756302
2018-11-14 14:39:00,-0.16890629245790478
2018-11-14 14:42:00,-0.16282429025341116
2018-11-14 14:45:00,-0.18711793987614556
2018-11-14 14:48:00,-0.29820142971090036
2018-11-14 14:51:00,0.1539828569230508
2018-11-14 14:54:00,0.13783387483164233
2018-11-14 14:57:00,0.12025446381562688
2018-11-14 15:00:00,0.20060890752768046
2018-11-14 15:03:00,0.07564253685416134
2018-11-14 15:06:00,0.044826970094959506
2018-11-14 15:09:00,-0.04418155549871017
2018-11-14 15:12:00,-0.06804161022233757
2018-11-14 15:15:00,0.30234257542440446
2018-11-14 15:18:00,0.4042681720211476
2018-11-14 15:21:00,0.30928404338504834
2018-11-14 15:24:00,0.3583386400798645
2018-11-14 15:27:00,0.4373866896638674
2018-11-14 15:30:00,0.2861922742498564
2018-11-14 15:33:00,0.4744602584398194
2018-11-14 15:36:00,0.49479381271106604
2018-11-14 15:39:00,0.47096751468558296
2018-11-14 15:42:00,0.5822380764441846
2018-11-14 15:45:00,0.5815481265511835
2018-11-14 15:48:00,0.44846221295853184
2018-11-14 15:51:00,0.5760733428857066
2018-11-14 15:54:00,0.522723380283594
2018-11-14 15:57:00,0.39602520197411195
2018-11-14 16:00:00,0.4079703090972089
2018-11-14 16:03:00,0.32687136989727605
2018-11-14 16:06:00,0.29470503841429263
2018-11-14 16:09:00,0.37992713273160916
2018-11-14 16:12:00,0.3837905721311472
2018-11-14 16:15:00,0.37624153093116774
2018-11-14 16:18:00,0.4055132549707423
2018-11-14 16:21:00,0.5321128330645593
2018-11-14 16:24:00,0.5386271343236899
2018-11-14 16:27:00,0.5644272655761711
2018-11-14 16:30:00,0.42828255517275693
2018-11-14 16:33:00,0.39619776300031617
2018-11-14 16:36:00,0.5202034137022338
2018-11-14 16:39:00,0.31337813131449366
2018-11-14 16:42:00,0.3415901571758013
2018-11-14 16:45:00,0.3441811462996611
2018-11-14 16:48:00,0.27557966710548953
2018-11-14 16:51:00,0.3126381454517855
2018-11-14 16:54:00,0.39990693092408947
2018-11-14 16:57:00,0.39125517023302336
2018-11-14 17:00:00,0.24586804316777489
2018-11-14 17:03:00,0.34302601401537913
2018-11-14 17:06:00,0.40024588452706666
2018-11-14 17:09:00,0.48438860681568485
2018-11-14 17:12:00,0.37354865262852854
2018-11-14 17:15:00,0.29182518120796885
2018-11-14 17:18:00,0.27879193990378326
2018-11-14 17:21:00,0.3175815106591813
2018-11-14 17:24:00,0.3507107886792369
2018-11-14 17:27:00,0.2785435128513427
2018-11-14 17:30:00,0.3228872199969146
2018-11-14 17:33:00,0.19099075115133246
2018-11-14 17:36:00,0.433976471752203
2018-11-14 17:39:00,0.29113740365392005
2018-11-14 17:42:00,0.334249058532464
2018-11-14 17:45:00,0.26948237814082177
2018-11-14 17:48:00,0.3589326974604319
2018-11-14 17:51:00,0.363813263796942
2018-11-14 17:54:00,0.479423470382244
2018-11-14 17:57:00,0.27968945265729417
2018-11-14 18:00:00,0.3771142548553712
2018-11-14 18:03:00,0.27727131577574937
2018-11-14 18:06:00,0.26228295726923534
2018-11-14 18:09:00,0.3507593443222845
2018-11-14 18:12:00,0.41069363559677186
2018-11-14 18:15:00,0.22522950192455937
2018-11-14 18:18:00,0.29312939182261744
2018-11-14 18:21:00,0.409936331613892
2018-11-14 18:24:00,0.3038754894067779
2018-11-14 18:27:00,0.3386154908083654
2018-11-14 18:30:00,0.31862402145543456
2018-11-14 18:33:00,0.2719828524414538
2018-11-14 18:36:00,0.4424702503327467
2018-11-14 18:39:00,0.31155061652151517
2018-11-14 18:42:00,0.3642640563471673
2018-11-14 18:45:00,0.3119030450896503
2018-11-14 18:48:00,0.22129204272840752
2018-11-14 18:51:00,0.2588989931963397
2018-11-14 18:54:00,
2018-11-14 18:57:00,
2018-11-14 19:00:00,
2018-11-14 19:03:00,0.3102980711494183
2018-11-14 19:06:00,0.23051457586711877
2018-11-14 19:09:00,0.2553810384088706
2018-11-14 19:12:00,0.1821466559084115
2018-11-14 19:15:00,0.3489201449128245
2018-11-14 19:18:00,0.3239377476542131
2018-11-14 19:21:00,0.30877780520785336
2018-11-14 19:24:00,0.3411181832709076
2018-11-14 19:27:00,0.28499437613004375
2018-11-14 19:30:00,0.267965996806538
2018-11-14 19:33:00,0.30759683991772135
2018-11-14 19:36:00,0.23020751115404892
2018-11-14 19:39:00,0.28207702831201686
2018-11-14 19:42:00,0.23367569918372055
2018-11-14 19:45:00,0.2084111671250639
2018-11-14 19:48:00,0.2636175401225387
2018-11-14 19:51:00,0.17113118418649265
2018-11-14 19:54:00,0.21204793805975442
2018-11-14 19:57:00,0.3451453834480276
2018-11-14 20:00:00,0.20792757579556564
2018-11-14 20:03:00,0.17834113532057927
2018-11-14 20:06:00,0.2706008192059812
2018-11-14 20:09:00,0.16680395474645593
2018-11-14 20:12:00,0.24416695510922182
2018-11-14 20:15:00,0.24839547770721992
2018-11-14 20:18:00,0.2575543961073663
2018-11-14 20:21:00,0.1819916670606858
2018-11-14 20:24:00,0.20403915661626115
2018-11-14 20:27:00,0.22142535385592055
2018-11-14 20:30:00,0.25315202709811047
2018-11-14 20:33:00,0.27721733815519656
2018-11-14 20:36:00,0.22149591887551878
2018-11-14 20:39:00,0.17018863242975613
2018-11-14 20:42:00,0.2122635823665746
2018-11-14 20:45:00,0.12613496528786072
2018-11-14 20:48:00,0.2518406938152111
2018-11-14 20:51:00,0.188965450413491
2018-11-14 20:54:00,0.20944118139408374
2018-11-14 20:57:00,0.25954680113301265
2018-11-14 21:00:00,0.2175374258976035
2018-11-14 21:03:00,0.3018185033974419
2018-11-14 21:06:00,0.2837675477816788
2018-11-14 21:09:00,0.15780799748660002
2018-11-14 21:12:00,0.21989965419334112
2018-11-14 21:15:00,0.1938366238892968
2018-11-14 21:18:00,0.25484414342935224
2018-11-14 21:21:00,0.2776632076047463
2018-11-14 21:24:00,0.2613423552610925
2018-11-14 21:27:00,0.23992199890938082
2018-11-14 21:30:00,0.25969640071275535
2018-11-14 21:33:00,0.17626379140870085
2018-11-14 21:36:00,0.22733034804758745
2018-11-14 21:39:00,0.21009046419339938
2018-11-14 21:42:00,0.1966407388765674
2018-11-14 21:45:00,0.28513975977404016
2018-11-14 21:48:00,0.25969546738429017
2018-11-14 21:51:00,0.16940686653703096
2018-11-14 21:54:00,0.2834072138174406
2018-11-14 21:57:00,0.30033469066984253
2018-11-14 22:00:00,0.2928918042638884
2018-11-14 22:03:00,0.20386809196020295
2018-11-14 22:06:00,0.39162903788508174
2018-11-14 22:09:00,0.23724651774796257
2018-11-14 22:12:00,0.30116809890063223
2018-11-14 22:15:00,0.3521044645174811
2018-11-14 22:18:00,0.3267130109852019
2018-11-14 22:21:00,0.38629144464283627
2018-11-14 22:24:00,0.40256074065462144
2018-11-14 22:27:00,0.25086308634831767
2018-11-14 22:30:00,0.3060984099954567
2018-11-14 22:33:00,0.33351620287288597
2018-11-14 22:36:00,0.23416833577499574
2018-11-14 22:39:00,0.3811997610098956
2018-11-14 22:42:00,0.35459799883392407
2018-11-14 22:45:00,0.37945665142848384
2018-11-14 22:48:00,0.29240119928306285
2018-11-14 22:51:00,0.28994334987675074
2018-11-14 22:54:00,0.3187878374184834
2018-11-14 22:57:00,0.23114618037931223
2018-11-14 23:00:00,0.3063956103790133
2018-11-14 23:03:00,0.2764978326480332
2018-11-14 23:06:00,0.3156723910343544
2018-11-14 23:09:00,0.2703313160918128
2018-11-14 23:12:00,0.30388218069350614
2018-11-14 23:15:00,0.26007165303394686
2018-11-14 23:18:00,0.25621129980953583
2018-11-14 23:21:00,0.29799172352744563
2018-11-14 23:24:00,0.31029781972779347
2018-11-14 23:27:00,0.3233133187595172
2018-11-14 23:30:00,0.30886297384518
2018-11-14 23:33:00,0.34408928552022644
2018-11-14 23:36:00,0.3594090583777074
2018-11-14 23:39:00,0.3049998758193624
2018-11-14 23:42:00,0.2500763157000847
2018-11-14 23:45:00,0.3265524521727343
2018-11-14 23:48:00,0.29854231021624855
2018-11-14 23:51:00,0.29968788829108917
2018-11-14 23:54:00,0.3703866628387118
2018-11-14 23:57:00,0.35945585980840633
2018-11-15 00:00:00,0.2898600736565413
2018-11-15 00:03:00,0.27327601947416724
2018-11-15 00:06:00,0.3923659652388096
2018-11-15 00:09:00,0.31494511054756913
2018-11-15 00:12:00,0.3138472254296971
2018-11-15 00:15:00,0.37965286733594894
2018-11-15 00:18:00,0.350867667102591
2018-11-15 00:21:00,0.392648695777325
2018-11-15 00:24:00,0.28601087965432725
2018-11-15 00:27:00,0.3306770726414925
2018-11-15 00:30:00,0.38555525642567545
2018-11-15 00:33:00,0.36587831780195756
2018-11-15 00:36:00,0.34632191056624606
2018-11-15 00:39:00,0.3213050407828746
2018-11-15 00:42:00,0.3322937703196658
2018-11-15 00:45:00,0.3783722227007047
2018-11-15 00:48:00,0.28970069990180036
2018-11-15 00:51:00,0.37176703089596685
2018-11-15 00:54:00,0.3319080246722592
2018-11-15 00:57:00,0.30428722192789337
2018-11-15 01:00:00,0.3532787928904213
2018-11-15 01:03:00,0.2674434808591286
2018-11-15 01:06:00,0.2873477661090078
2018-11-15 01:09:00,0.30246080159417943
2018-11-15 01:12:00,0.30979762046200676
2018-11-15 01:15:00,0.27270097255131986
2018-11-15 01:18:00,0.339891169962641
2018-11-15 01:21:00,0.3160106426266225
2018-11-15 01:24:00,0.2907323347719739
2018-11-15 01:27:00,0.26255690792106634
2018-11-15 01:30:00,0.28423533356385633
2018-11-15 01:33:00,0.32025597875912126
2018-11-15 01:36:00,0.40818210702769875
2018-11-15 01:39:00,0.27509426324957076
2018-11-15 01:42:00,0.3574568218197669
2018-11-15 01:45:00,0.4146188544665961
2018-11-15 01:48:00,0.296793539950329
2018-11-15 01:51:00,0.3567636923875739
2018-11-15 01:54:00,0.3685649391760535
2018-11-15 01:57:00,0.4237584326003798
2018-11-15 02:00:00,0.38264504104444086
2018-11-15 02:03:00,0.31477698862164516
2018-11-15 02:06:00,0.3830671313739913
2018-11-15 02:09:00,0.2135119645761847
2018-11-15 02:12:00,0.256277538554059
2018-11-15 02:15:00,0.3212673130512371
2018-11-15 02:18:00,0.26668738495641264
2018-11-15 02:21:00,0.2201373173408001
2018-11-15 02:24:00,0.30824625303466746
2018-11-15 02:27:00,0.35620180549432234
2018-11-15 02:30:00,0.42828142940788894
2018-11-15 02:33:00,0.34619276012722366
2018-11-15 02:36:00,0.3564579718671439
2018-11-15 02:39:00,0.36015452769595413
2018-11-15 02:42:00,0.325962752532746
2018-11-15 02:45:00,0.33877891707959407
2018-11-15 02:48:00,0.287578474018801
2018-11-15 02:51:00,0.3291774639377536
2018-11-15 02:54:00,0.29141868989501063
2018-11-15 02:57:00,0.37137810474564503
2018-11-15 03:00:00,0.3597665994507224
2018-11-15 03:03:00,0.3288882299187321
2018-11-15 03:06:00,0.4089003762084076
2018-11-15 03:09:00,0.36854463447554053
2018-11-15 03:12:00,0.41380215611161475
2018-11-15 03:15:00,0.34786737232610676
2018-11-15 03:18:00,0.36991603927600636
2018-11-15 03:21:00,0.35682700982607685
2018-11-15 03:24:00,0.3922116540130105
2018-11-15 03:27:00,0.3845564410195834
2018-11-15 03:30:00,0.45339603067156986
2018-11-15 03:33:00,0.43656900801494203
2018-11-15 03:36:00,0.34046965110496785
2018-11-15 03:39:00,0.3399583741958736
2018-11-15 03:42:00,0.3370713331315187
2018-11-15 03:45:00,0.3554870595647799
2018-11-15 03:48:00,0.3880899419798425
2018-11-15 03:51:00,0.4069444053851612
2018-11-15 03:54:00,0.3536444499922595
2018-11-15 03:57:00,0.30834346335052487
2018-11-15 04:00:00,0.32757802950067116
2018-11-15 04:03:00,0.37192844544142645
2018-11-15 04:06:00,0.22961235321167806
2018-11-15 04:09:00,0.3734405153644502
2018-11-15 04:12:00,0.33957146707433594
2018-11-15 04:15:00,0.2835096705482556
2018-11-15 04:18:00,0.2786102462881104
2018-11-15 04:21:00,0.3463354601072979
2018-11-15 04:24:00,0.33753306427718144
2018-11-15 04:27:00,0.31665791678381083
2018-11-15 04:30:00,0.3625183144334869
2018-11-15 04:33:00,0.2634971550516525
2018-11-15 04:36:00,0.26348435840662887
2018-11-15 04:39:00,0.32725549271179943
2018-11-15 04:42:00,0.20318205412604584
2018-11-15 04:45:00,0.3637327353378055
2018-11-15 04:48:00,0.26467328512933364
2018-11-15 04:51:00,0.3472240108367828
2018-11-15 04:54:00,0.30331965798177407
2018-11-15 04:57:00,0.2664737047427366
2018-11-15 05:00:00,0.33279444454387885
2018-11-15 05:03:00,0.29845214718346824
2018-11-15 05:06:00,0.2500694220838682
2018-11-15 05:09:00,0.35114976284370414
2018-11-15 05:12:00,0.3922546075656328
2018-11-15 05:15:00,0.3455520008224653
2018-11-15 05:18:00,0.36638155803831296
2018-11-15 05:21:00,0.36677687931353375
2018-11-15 05:24:00,0.46591922818419107
2018-11-15 05:27:00,0.28258890652040236
2018-11-15 05:30:00,0.4445456471328839
2018-11-15 05:33:00,0.38914383012149756
2018-11-15 05:36:00,0.3673162447046252
2018-11-15 05:39:00,0.4432658590470169
2018-11-15 05:42:00,0.4299398806209638
2018-11-15 05:45:00,0.44376059384387645
2018-11-15 05:48:00,0.4386022679490793
2018-11-15 05:51:00,0.46556789370947627
2018-11-15 05:54:00,0.38560294760617353
2018-11-15 05:57:00,0.3599089480690054
2018-11-15 06:00:00,0.36426873743198485
2018-11-15 06:03:00,0.40358714916771987
2018-11-15 06:06:00,0.505412871444662
2018-11-15 06:09:00,0.3737610982948354
2018-11-15 06:12:00,0.2903298391021849
2018-11-15 06:15:00,0.3146022455731554
2018-11-15 06:18:00,0.36469490342528843
2018-11-15 06:21:00,0.3842617941892854
2018-11-15 06:24:00,0.3159922670166111
2018-11-15 06:27:00,0.35632122465983684
2018-11-15 06:30:00,0.30420422525270396
2018-11-15 06:33:00,0.42680509179405135
2018-11-15 06:36:00,0.3356647549472882
2018-11-15 06:39:00,0.3332016257015198
2018-11-15 06:42:00,0.38276293867698996
2018-11-15 06:45:00,0.3325005319928209
2018-11-15 06:48:00,0.2900237080528427
2018-11-15 06:51:00,0.3179785353236184
2018-11-15 06:54:00,0.27306004215648727
2018-11-15 06:57:00,0.27809182269567145
2018-11-15 07:00:00,0.27227354184589103
2018-11-15 07:03:00,0.181817925945154
2018-11-15 07:06:00,0.2509213184438295
2018-11-15 07:09:00,0.3135778097804405
2018-11-15 07:12:00,0.25270463224040896
2018-11-15 07:15:00,0.2585500171690569
2018-11-15 07:18:00,0.15386382018436962
2018-11-15 07:21:00,0.23406193672713016
2018-11-15 07:24:00,0.2726087800301684
2018-11-15 07:27:00,0.2105823206680384
2018-11-15 07:30:00,0.3125030242994171
2018-11-15 07:33:00,0.15714957020600195
2018-11-15 07:36:00,0.2540864395792255
2018-11-15 07:39:00,0.18196321348233369
2018-11-15 07:42:00,0.1868961575480057
2018-11-15 07:45:00,0.30464113117955094
2018-11-15 07:48:00,0.24131031092304056
2018-11-15 07:51:00,0.21913681870205437
2018-11-15 07:54:00,0.29131470659660863
2018-11-15 07:57:00,0.3016009077333024
2018-11-15 08:00:00,0.2574769703231823
2018-11-15 08:03:00,0.18039614755269895
2018-11-15 08:06:00,0.22411583476832675
2018-11-15 08:09:00,0.18065102685733336
2018-11-15 08:12:00,0.28605361786907224
2018-11-15 08:15:00,0.19293709592341202
2018-11-15 08:18:00,0.14513648901498755
2018-11-15 08:21:00,0.1335525583707522
2018-11-15 08:24:00,0.23072409814989214
2018-11-15 08:27:00,0.1622761448324468
2018-11-15 08:30:00,0.06389171429430007
2018-11-15 08:33:00,0.13022451535329083
2018-11-15 08:36:00,0.1414121410650182
2018-11-15 08:39:00,0.14069701610105767
2018-11-15 08:42:00,0.2263777031769223
2018-11-15 08:45:00,0.16638936203708
2018-11-15 08:48:00,0.15386117158158186
2018-11-15 08:51:00,0.16633631057277398
2018-11-15 08:54:00,0.1660331875644374
2018-11-15 08:57:00,0.20435646438647836
2018-11-15 09:00:00,0.13052251502563195
2018-11-15 09:03:00,0.17084448823595721
2018-11-15 09:06:00,0.0865895784697841
2018-11-15 09:09:00,0.08810999820593679
2018-11-15 09:12:00,0.03528734833139424
2018-11-15 09:15:00,-0.01125934792088401
2018-11-15 09:18:00,0.10246554192383428
2018-11-15 09:21:00,0.09090161241635997
2018-11-15 09:24:00,0.01747905623898305
2018-11-15 09:27:00,0.07288472107308053
2018-11-15 09:30:00,-0.002997779755673946
2018-11-15 09:33:00,0.02018036792088651
2018-11-15 09:36:00,0.015360297484846797
2018-11-15 09:39:00,0.028020840336182573
2018-11-15 09:42:00,0.00880236645241439
2018-11-15 09:45:00,-0.029760017535068073
2018-11-15 09:48:00,0.03375041501351461
2018-11-15 09:51:00,-0.07197374111200361
2018-11-15 09:54:00,0.10361007861172311
2018-11-15 09:57:00,0.0729115250447876
2018-11-15 10:00:00,-0.01863450172965031
2018-11-15 10:03:00,0.11935631617598119
2018-11-15 10:06:00,0.017334807661256946
2018-11-15 10:09:00,-0.023297552601150073
2018-11-15 10:12:00,-0.11966773613164605
2018-11-15 10:15:00,-0.050011074024951085
2018-11-15 10:18:00,-0.025109533257079875
2018-11-15 10:21:00,0.08770817768538564
2018-11-15 10:24:00,-0.06151307053653454
2018-11-15 10:27:00,-0.00627231627368019
2018-11-15 10:30:00,-0.029474009685941382
2018-11-15 10:33:00,-0.010578735072385825
2018-11-15 10:36:00,-0.027191529864978747
2018-11-15 10:39:00,-0.15547035972508638
2018-11-15 10:42:00,-0.08466058712116364
2018-11-15 10:45:00,-0.1351207544494173
2018-11-15 10:48:00,-0.1962657681156088
2018-11-15 10:51:00,-0.08880596272609864
2018-11-15 10:54:00,-0.10953020379628242
2018-11-15 10:57:00,-0.006782578446632215
2018-11-15 11:00:00,-0.0913957888517416
2018-11-15 11:03:00,-0.05051079445962614
2018-11-15 11:06:00,-0.10034520673190173
2018-11-15 11:09:00,-0.08629262089039003
2018-11-15 11:12:00,-0.18420617800904893
2018-11-15 11:15:00,-0.12102488392275745
2018-11-15 11:18:00,-0.0368381906919808
2018-11-15 11:21:00,-0.048086646556328105
2018-11-15 11:24:00,-0.05913476538347595
2018-11-15 11:27:00,-0.023051587404836482
2018-11-15 11:30:00,-0.05984259286373117
2018-11-15 11:33:00,-0.09135300249283773
2018-11-15 11:36:00,-0.03292806731707287
2018-11-15 11:39:00,-0.11971543111513938
2018-11-15 11:42:00,-0.12749783222824362
2018-11-15 11:45:00,-0.15121824933913786
2018-11-15 11:48:00,-0.16379595594708007
2018-11-15 11:51:00,-0.22502767334833607
2018-11-15 11:54:00,-0.13738594464740572
2018-11-15 11:57:00,-0.1998758519937951
2018-11-15 12:00:00,-0.27496000977288304
2018-11-15 12:03:00,-0.15265804874042033
2018-11-15 12:06:00,-0.16474058228430977
2018-11-15 12:09:00,-0.2474460636889262
2018-11-15 12:12:00,-0.12469800025053246
2018-11-15 12:15:00,-0.24197230737030395
2018-11-15 12:18:00,-0.3210810956726391
2018-11-15 12:21:00,-0.38595909669095363
2018-11-15 12:24:00,-0.332926313983819
2018-11-15 12:27:00,-0.20575110921976147
2018-11-15 12:30:00,-0.3352371188516372
2018-11-15 12:33:00,-0.35850226951782815
2018-11-15 12:36:00,-0.17629651558706882
2018-11-15 12:39:00,-0.15695525504492025
2018-11-15 12:42:00,-0.23586004874368882
2018-11-15 12:45:00,-0.3280503711653182
2018-11-15 12:48:00,-0.23232207235076885
2018-11-15 12:51:00,-0.22449527246124035
2018-11-15 12:54:00,-0.12450281635608462
2018-11-15 12:57:00,-0.14358642246298814
2018-11-15 13:00:00,-0.14402049366952951
2018-11-15 13:03:00,-0.11726302607041816
2018-11-15 13:06:00,-0.3000807913848007
2018-11-15 13:09:00,-0.24402854860630896
2018-11-15 13:12:00,-0.200580805731704
2018-11-15 13:15:00,-0.35550446747367914
2018-11-15 13:18:00,-0.19685152898091474
2018-11-15 13:21:00,-0.15322231596991287
2018-11-15 13:24:00,-0.09611297341990621
2018-11-15 13:27:00,-0.15347114345939872
2018-11-15 13:30:00,-0.2032799220616539
2018-11-15 13:33:00,-0.28169418513516575
2018-11-15 13:36:00,-0.24585135824065674
2018-11-15 13:39:00,-0.2560255221062562
2018-11-15 13:42:00,-0.394412574131195
2018-11-15 13:45:00,-0.25640534516219304
2018-11-15 13:48:00,-0.35617437604804536
2018-11-15 13:51:00,-0.382272701952445
2018-11-15 13:54:00,-0.24740437970586981
2018-11-15 13:57:00,-0.3169197433597901
2018-11-15 14:00:00,-0.1584565764790682
2018-11-15 14:03:00,-0.2012089618782511
2018-11-15 14:06:00,-0.21851142253416356
2018-11-15 14:09:00,-0.15516581628918402
2018-11-15 14:12:00,-0.08459359909676323
2018-11-15 14:15:00,0.04321479837716424
2018-11-15 14:18:00,0.03464910776318675
2018-11-15 14:21:00,-0.043401362280974354
2018-11-15 14:24:00,-0.04720747292560645
2018-11-15 14:27:00,-0.053958678212723044
2018-11-15 14:30:00,0.07507369871086667
2018-11-15 14:33:00,0.1326939787182937
2018-11-15 14:36:00,0.0794086930342246
2018-11-15 14:39:00,-0.014282136191297923
2018-11-15 14:42:00,0.021819348732094568
2018-11-15 14:45:00,0.004672754166165305
2018-11-15 14:48:00,-0.07857044620544684
2018-11-15 14:51:00,-0.14459060156247006
2018-11-15 14:54:00,-0.30471310714477795
2018-11-15 14:57:00,-0.26303053102981266
2018-11-15 15:00:00,-0.013512739935777063
2018-11-15 15:03:00,0.04947937098472721
2018-11-15 15:06:00,0.12479283169233213
2018-11-15 15:09:00,0.15660436105054032
2018-11-15 15:12:00,0.333818876749433
2018-11-15 15:15:00,-0.028861970398224912
2018-11-15 15:18:00,0.04906813044476621
2018-11-15 15:21:00,0.05415471056272736
2018-11-15 15:24:00,0.14336138268276954
2018-11-15 15:27:00,0.22584365475370305
2018-11-15 15:30:00,0.20127104727299638
2018-11-15 15:33:00,0.13374961485448011
2018-11-15 15:36:00,0.09069031555651463
2018-11-15 15:39:00,-0.05333542928934776
2018-11-15 15:42:00,0.003447925349405523
2018-11-15 15:45:00,-0.20556443892940024
2018-11-15 15:48:00,-0.14714789347834767
2018-11-15 15:51:00,-0.2763865206110836
2018-11-15 15:54:00,-0.2962268280266471
2018-11-15 15:57:00,-0.22770625731146765
2018-11-15 16:00:00,-0.3082408621884838
2018-11-15 16:03:00,-0.3223799820829072
2018-11-15 16:06:00,-0.2693139059457508
2018-11-15 16:09:00,-0.1987820055156817
2018-11-15 16:12:00,-0.2796078230712169
2018-11-15 16:15:00,-0.2818061236664562
2018-11-15 16:18:00,-0.250814112268813
2018-11-15 16:21:00,-0.2758212893794507
2018-11-15 16:24:00,-0.24898426963227394
2018-11-15 16:27:00,-0.13330978156767515
2018-11-15 16:30:00,-0.26879563185474353
2018-11-15 16:33:00,-0.23542687905995763
2018-11-15 16:36:00,-0.23673909490179312
2018-11-15 16:39:00,-0.2197661411070726
2018-11-15 16:42:00,-0.08197002491363037
2018-11-15 16:45:00,0.05020019480554083
2018-11-15 16:48:00,0.05377031183121517
2018-11-15 16:51:00,-0.03753820596892865
2018-11-15 16:54:00,-0.02150472015853211
2018-11-15 16:57:00,-0.003870312668823317
2018-11-15 17:00:00,0.0036784641441158783
2018-11-15 17:03:00,-0.002873948116871361
2018-11-15 17:06:00,0.06578296642322812
2018-11-15 17:09:00,0.03380637090822347
2018-11-15 17:12:00,-0.051134348445884825
2018-11-15 17:15:00,-0.09272231151493315
2018-11-15 17:18:00,-0.0787116474270988
2018-11-15 17:21:00,-0.1446613609529095
2018-11-15 17:24:00,-0.22662748917451836
2018-11-15 17:27:00,-0.15865088096393265
2018-11-15 17:30:00,-0.17221405226979414
2018-11-15 17:33:00,-0.21431478974506035
2018-11-15 17:36:00,-0.19706117391638145
2018-11-15 17:39:00,-0.054383170454457286
2018-11-15 17:42:00,-0.1210060620725244
2018-11-15 17:45:00,-0.11735506108868776
2018-11-15 17:48:00,-0.15450602188730045
2018-11-15 17:51:00,-0.0666182032750271
2018-11-15 17:54:00,-0.01987598805754942
2018-11-15 17:57:00,0.014113526854430347
2018-11-15 18:00:00,-0.07302822162711209
2018-11-15 18:03:00,-0.07515379995908233
2018-11-15 18:06:00,-0.059798183646819325
2018-11-15 18:09:00,-0.14652668981108263
2018-11-15 18:12:00,-0.078397328029439
2018-11-15 18:15:00,-0.0046573752218250775
2018-11-15 18:18:00,-0.1772531933596042
2018-11-15 18:21:00,0.02666047307906183
2018-11-15 18:24:00,-0.015816332481279005
2018-11-15 18:27:00,-0.12860186754153347
2018-11-15 18:30:00,-0.13208911344395347
2018-11-15 18:33:00,-0.038799051452997446
2018-11-15 18:36:00,-0.06752197577412744
2018-11-15 18:39:00,-0.06683282695655635
2018-11-15 18:42:00,-0.021937911770748997
2018-11-15 18:45:00,-0.10383817101160275
2018-11-15 18:48:00,-0.1244055030243203
2018-11-15 18:51:00,-0.17723450381123484
2018-11-15 18:54:00,
2018-11-15 18:57:00,
2018-11-15 19:00:00,
2018-11-15 19:03:00,-0.18240093961730963
2018-11-15 19:06:00,-0.137107212765045
2018-11-15 19:09:00,-0.16347125086775804
2018-11-15 19:12:00,-0.09536026061181246
2018-11-15 19:15:00,-0.10737572068387635
2018-11-15 19:18:00,-0.039453362432936956
2018-11-15 19:21:00,-0.0488800026604963
2018-11-15 19:24:00,-0.09962652921728932
2018-11-15 19:27:00,-0.07835763378812999
2018-11-15 19:30:00,-0.026081101987983857
2018-11-15 19:33:00,-0.10407648452439844
2018-11-15 19:36:00,-0.018225944730716037
2018-11-15 19:39:00,-0.0511977068623537
2018-11-15 19:42:00,0.019796089590897736
2018-11-15 19:45:00,-0.05901306788598504
2018-11-15 19:48:00,0.0009549665243184791
2018-11-15 19:51:00,0.05013444285151536
2018-11-15 19:54:00,-0.07331937467148464
2018-11-15 19:57:00,-0.006971292137166074
2018-11-15 20:00:00,-0.01926212727494203
2018-11-15 20:03:00,-0.06086042260182012
2018-11-15 20:06:00,0.044742142085112846
2018-11-15 20:09:00,-0.04042348406022711
2018-11-15 20:12:00,0.08779595429376741
2018-11-15 20:15:00,-0.01349241728752304
2018-11-15 20:18:00,0.07298459075855135
2018-11-15 20:21:00,0.09970324930941388
2018-11-15 20:24:00,0.03166089099153169
2018-11-15 20:27:00,-0.02752211528513726
2018-11-15 20:30:00,0.049995237338407605
2018-11-15 20:33:00,0.018113322925216835
2018-11-15 20:36:00,-0.0025999167252166444
2018-11-15 20:39:00,0.029169841920690942
2018-11-15 20:42:00,-0.018499424905542128
2018-11-15 20:45:00,-0.055686801926924545
2018-11-15 20:48:00,0.01687522149347842
2018-11-15 20:51:00,0.05832417108496202
2018-11-15 20:54:00,-0.0026442648712077244
2018-11-15 20:57:00,0.10870263818389958
2018-11-15 21:00:00,0.012964734740648964
2018-11-15 21:03:00,-0.01786482098145825
2018-11-15 21:06:00,0.011231383916140203
2018-11-15 21:09:00,0.07623721465358813
2018-11-15 21:12:00,0.010678462316093373
2018-11-15 21:15:00,0.06578652012706243
2018-11-15 21:18:00,0.1065230681717253
2018-11-15 21:21:00,0.035343523388633
2018-11-15 21:24:00,0.011377267609134378
2018-11-15 21:27:00,0.07764066509349732
2018-11-15 21:30:00,0.048318824083594336
2018-11-15 21:33:00,0.05585524645641726
2018-11-15 21:36:00,-0.03012087379585182
2018-11-15 21:39:00,-0.006370370376941992
2018-11-15 21:42:00,0.08143913662735258
2018-11-15 21:45:00,0.011708370179746908
2018-11-15 21:48:00,0.05211525822636531
2018-11-15 21:51:00,-0.0017030764510082008
2018-11-15 21:54:00,0.008618167569636626
2018-11-15 21:57:00,0.026581251344282464
2018-11-15 22:00:00,0.07476656594667475
2018-11-15 22:03:00,0.1819504629718267
2018-11-15 22:06:00,0.13224389287131544
2018-11-15 22:09:00,0.1488327044234552
2018-11-15 22:12:00,0.13604182873268655
2018-11-15 22:15:00,0.15976963380211373
2018-11-15 22:18:00,0.13559586448121763
2018-11-15 22:21:00,0.13426641347945178
2018-11-15 22:24:00,0.2023593939281909
2018-11-15 22:27:00,0.19745424944096612
2018-11-15 22:30:00,0.1898643842079082
2018-11-15 22:33:00,0.17938046487734027
2018-11-15 22:36:00,0.12911423581340387
2018-11-15 22:39:00,0.08028697731174361
2018-11-15 22:42:00,0.16453217379699936
2018-11-15 22:45:00,0.14291767342234607
2018-11-15 22:48:00,0.2235765243443666
2018-11-15 22:51:00,0.13715528381271724
2018-11-15 22:54:00,0.15595092912741393
2018-11-15 22:57:00,0.15254500131817395
2018-11-15 23:00:00,0.11237264945924608
2018-11-15 23:03:00,0.21586158881916617
2018-11-15 23:06:00,0.08145450588506264
2018-11-15 23:09:00,0.1745917614227892
2018-11-15 23:12:00,0.164580612446116
2018-11-15 23:15:00,0.18336025324299499
2018-11-15 23:18:00,0.23805826059401625
2018-11-15 23:21:00,0.1374589183504895
2018-11-15 23:24:00,0.14334314149419924
2018-11-15 23:27:00,0.1504207581162973
2018-11-15 23:30:00,0.1438425911038621
2018-11-15 23:33:00,0.10603402237018145
2018-11-15 23:36:00,0.07511490553673639
2018-11-15 23:39:00,0.09817425951609948
2018-11-15 23:42:00,0.18267355815538622
2018-11-15 23:45:00,0.1544582636416294
2018-11-15 23:48:00,0.17940378463833895
2018-11-15 23:51:00,0.11687734020028984
2018-11-15 23:54:00,0.09068545881069667
2018-11-15 23:57:00,0.2656192042038583
2018-11-16 00:00:00,0.05267557735351147
2018-11-16 00:03:00,0.17885319719249537
2018-11-16 00:06:00,0.12260689257624335
2018-11-16 00:09:00,0.16837244962943032
2018-11-16 00:12:00,0.20614593271142212
2018-11-16 00:15:00,0.3010790155167342
2018-11-16 00:18:00,0.2618317885220449
2018-11-16 00:21:00,0.23948439123137177
2018-11-16 00:24:00,0.27586370494924495
2018-11-16 00:27:00,0.23528357176718373
2018-11-16 00:30:00,0.2279210356015824
2018-11-16 00:33:00,0.3065128823071177
2018-11-16 00:36:00,0.3159094139134595
2018-11-16 00:39:00,0.21904696821610514
2018-11-16 00:42:00,0.23315589474020726
2018-11-16 00:45:00,0.2528370586513802
2018-11-16 00:48:00,0.21743435139677558
2018-11-16 00:51:00,0.154685709715352
2018-11-16 00:54:00,0.2412368089646293
2018-11-16 00:57:00,0.34141489915413104
2018-11-16 01:00:00,0.24042738250307139
2018-11-16 01:03:00,0.24126644169467681
2018-11-16 01:06:00,0.2180748651883846
2018-11-16 01:09:00,0.26408596263985373
2018-11-16 01:12:00,0.17669391197046025
2018-11-16 01:15:00,0.24816065090919892
2018-11-16 01:18:00,0.19206224411067296
2018-11-16 01:21:00,0.2275915938579942
2018-11-16 01:24:00,0.24688026404214725
2018-11-16 01:27:00,0.3125229239308851
2018-11-16 01:30:00,0.26067852732455776
2018-11-16 01:33:00,0.08592872119356798
2018-11-16 01:36:00,0.16910553873577783
2018-11-16 01:39:00,0.20801955034158937
2018-11-16 01:42:00,0.2623386869836395
2018-11-16 01:45:00,0.2087409526478723
2018-11-16 01:48:00,0.23978662546534224
2018-11-16 01:51:00,0.27681260960451937
2018-11-16 01:54:00,0.196555460495631
2018-11-16 01:57:00,0.21758400093011687
2018-11-16 02:00:00,0.10612130981547807
2018-11-16 02:03:00,0.23316153883700963
2018-11-16 02:06:00,0.17417566611834445
2018-11-16 02:09:00,0.3596466657253927
2018-11-16 02:12:00,0.21229584932251555
2018-11-16 02:15:00,0.3067424227793367
2018-11-16 02:18:00,0.1750549226816247
2018-11-16 02:21:00,0.139551756197136
2018-11-16 02:24:00,0.2663544109794884
2018-11-16 02:27:00,0.1330770174518534
2018-11-16 02:30:00,0.17078689919048884
2018-11-16 02:33:00,0.3017171604495843
2018-11-16 02:36:00,0.2484384254372003
2018-11-16 02:39:00,0.30963573739126105
2018-11-16 02:42:00,0.28700925522321086
2018-11-16 02:45:00,0.2587649801193379
2018-11-16 02:48:00,0.3587053748382232
2018-11-16 02:51:00,0.29628312408442525
2018-11-16 02:54:00,0.22089291408701683
2018-11-16 02:57:00,0.25674290051352955
2018-11-16 03:00:00,0.23676067092469566
2018-11-16 03:03:00,0.24423943555200367
2018-11-16 03:06:00,0.24325006059007137
2018-11-16 03:09:00,0.31744584418362365
2018-11-16 03:12:00,0.30949812730642634
2018-11-16 03:15:00,0.2648844512071946
2018-11-16 03:18:00,0.2805169151863538
2018-11-16 03:21:00,0.1897878370594981
2018-11-16 03:24:00,0.2827951302193128
2018-11-16 03:27:00,0.24395386753599269
2018-11-16 03:30:00,0.37689432028048486
2018-11-16 03:33:00,0.3080382694928403
2018-11-16 03:36:00,0.2911286326097411
2018-11-16 03:39:00,0.2909517695614454
2018-11-16 03:42:00,0.32672539585882987
2018-11-16 03:45:00,0.2917930095597967
2018-11-16 03:48:00,0.3095683899821893
2018-11-16 03:51:00,0.3647454353453554
2018-11-16 03:54:00,0.3933809878489001
2018-11-16 03:57:00,0.30795744054694296
2018-11-16 04:00:00,0.2939272283600758
2018-11-16 04:03:00,0.34922383760556386
2018-11-16 04:06:00,0.27377335342640663
2018-11-16 04:09:00,0.4123890962546284
2018-11-16 04:12:00,0.27600638232974006
2018-11-16 04:15:00,0.22271805382501952
2018-11-16 04:18:00,0.32424700434665965
2018-11-16 04:21:00,0.26151989669642717
2018-11-16 04:24:00,0.22623558754162332
2018-11-16 04:27:00,0.2867227512992372
2018-11-16 04:30:00,0.14912438816890017
2018-11-16 04:33:00,0.20673136498646727
2018-11-16 04:36:00,0.21053023121226033
2018-11-16 04:39:00,0.2780487684715922
2018-11-16 04:42:00,0.26740324658561576
2018-11-16 04:45:00,0.2392120744871704
2018-11-16 04:48:00,0.3207023214971514
2018-11-16 04:51:00,0.24919788844005097
2018-11-16 04:54:00,0.2029510695478507
2018-11-16 04:57:00,0.258070187869464
2018-11-16 05:00:00,0.14949103910396389
2018-11-16 05:03:00,0.268962509098742
2018-11-16 05:06:00,0.23990253493826685
2018-11-16 05:09:00,0.30163307026981556
2018-11-16 05:12:00,0.24395521210607285
2018-11-16 05:15:00,0.14094064596662292
2018-11-16 05:18:00,0.25854427092951937
2018-11-16 05:21:00,0.23868291139041276
2018-11-16 05:24:00,0.15055440072421788
2018-11-16 05:27:00,0.1978492276496695
2018-11-16 05:30:00,0.3303233559964269
2018-11-16 05:33:00,0.23517594086274585
2018-11-16 05:36:00,0.36735809632568817
2018-11-16 05:39:00,0.2899076564168581
2018-11-16 05:42:00,0.3033169901842143
2018-11-16 05:45:00,0.2589463824217546
2018-11-16 05:48:00,0.2781279382655839
2018-11-16 05:51:00,0.2581542977295612
2018-11-16 05:54:00,0.2090342252978985
2018-11-16 05:57:00,0.2900219344373909
2018-11-16 06:00:00,0.27258961591883235
2018-11-16 06:03:00,0.3088953373884351
2018-11-16 06:06:00,0.2893043080780444
2018-11-16 06:09:00,0.22817687937185838
2018-11-16 06:12:00,0.28881515106257893
2018-11-16 06:15:00,0.2782881116582985
2018-11-16 06:18:00,0.3777362775471147
2018-11-16 06:21:00,0.2153192497083296
2018-11-16 06:24:00,0.2719533075294862
2018-11-16 06:27:00,0.26865557868501355
2018-11-16 06:30:00,0.2805509335006491
2018-11-16 06:33:00,0.20695348860414242
2018-11-16 06:36:00,0.20941242407138816
2018-11-16 06:39:00,0.2786165547273072
2018-11-16 06:42:00,0.2810171847481797
2018-11-16 06:45:00,0.23680021320564038
2018-11-16 06:48:00,0.1744101547435548
2018-11-16 06:51:00,0.25481809834883506
2018-11-16 06:54:00,0.3146391252220724
2018-11-16 06:57:00,0.2116523454278081
2018-11-16 07:00:00,0.23614166094938582
2018-11-16 07:03:00,0.31443403459786623
2018-11-16 07:06:00,0.2785191380827996
2018-11-16 07:09:00,0.4055652416388966
2018-11-16 07:12:00,0.28852251554883424
2018-11-16 07:15:00,0.28633488696846143
2018-11-16 07:18:00,0.2778211740357506
2018-11-16 07:21:00,0.21347369722019494
2018-11-16 07:24:00,0.2541081502695306
2018-11-16 07:27:00,0.17402114961231518
2018-11-16 07:30:00,0.2796365653975954
2018-11-16 07:33:00,0.21730999116397243
2018-11-16 07:36:00,0.22028100571333198
2018-11-16 07:39:00,0.2576460488040766
2018-11-16 07:42:00,0.2541190777110387
2018-11-16 07:45:00,0.266344738349801
2018-11-16 07:48:00,0.1679838839072545
2018-11-16 07:51:00,0.26042612641322194
2018-11-16 07:54:00,0.23913947236707145
2018-11-16 07:57:00,0.20488240110034894
2018-11-16 08:00:00,0.18263827867463078
2018-11-16 08:03:00,0.2036937889915862
2018-11-16 08:06:00,0.1679529364054133
2018-11-16 08:09:00,0.19432500388546714
2018-11-16 08:12:00,0.1831646338553128
2018-11-16 08:15:00,0.2194108876067844
2018-11-16 08:18:00,0.1412571038167698
2018-11-16 08:21:00,0.3350905643860074
2018-11-16 08:24:00,0.2379005348739156
2018-11-16 08:27:00,0.12725893839188984
2018-11-16 08:30:00,0.17573921705832163
2018-11-16 08:33:00,0.10822929587027375
2018-11-16 08:36:00,0.2173171432507388
2018-11-16 08:39:00,0.07881534708491245
2018-11-16 08:42:00,0.2117671251529032
2018-11-16 08:45:00,0.12597465564647337
2018-11-16 08:48:00,0.10039971782157409
2018-11-16 08:51:00,0.04820988364480172
2018-11-16 08:54:00,0.06686211631165406
2018-11-16 08:57:00,0.06432636784523993
2018-11-16 09:00:00,0.15838707402349428
2018-11-16 09:03:00,0.07674959605952836
2018-11-16 09:06:00,0.03734259413090513
2018-11-16 09:09:00,-0.04193565875578997
2018-11-16 09:12:00,-0.03831155727687019
2018-11-16 09:15:00,0.05315065643890193
2018-11-16 09:18:00,0.03208254324403015
2018-11-16 09:21:00,-0.09367268270295881
2018-11-16 09:24:00,-0.05582245702493083
2018-11-16 09:27:00,-0.029467933701482707
2018-11-16 09:30:00,-0.09922112281509499
2018-11-16 09:33:00,-0.0076093338602163385
2018-11-16 09:36:00,-0.09790759641191471
2018-11-16 09:39:00,-0.07757788558416223
2018-11-16 09:42:00,-0.09480701630576505
2018-11-16 09:45:00,-0.12905171785297398
2018-11-16 09:48:00,-0.08353780374784492
2018-11-16 09:51:00,-0.06693686613209593
2018-11-16 09:54:00,-0.1809933083480928
2018-11-16 09:57:00,-0.09948948568063543
2018-11-16 10:00:00,-0.07249300825520777
2018-11-16 10:03:00,-0.06501600028593657
2018-11-16 10:06:00,-0.13543309256607472
2018-11-16 10:09:00,-0.16305349082955445
2018-11-16 10:12:00,-0.23050483640065522
2018-11-16 10:15:00,-0.18796535793018165
2018-11-16 10:18:00,-0.10736707607202334
2018-11-16 10:21:00,-0.1279882364457876
2018-11-16 10:24:00,-0.23299436447570088
2018-11-16 10:27:00,-0.24909069850701826
2018-11-16 10:30:00,-0.1866043999430076
2018-11-16 10:33:00,-0.3531389017904871
2018-11-16 10:36:00,-0.2764235951112255
2018-11-16 10:39:00,-0.16332369812977277
2018-11-16 10:42:00,-0.2401929284490052
2018-11-16 10:45:00,-0.24070197618726752
2018-11-16 10:48:00,-0.2386809958963454
2018-11-16 10:51:00,-0.18598779393295217
2018-11-16 10:54:00,-0.26451445449640687
2018-11-16 10:57:00,-0.34716996998810146
2018-11-16 11:00:00,-0.24056722350815107
2018-11-16 11:03:00,-0.4337542611531262
2018-11-16 11:06:00,-0.34967830746808204
2018-11-16 11:09:00,-0.31290445726165217
2018-11-16 11:12:00,-0.27436803832046053
2018-11-16 11:15:00,-0.35667750799512987
2018-11-16 11:18:00,-0.23251526403527123
2018-11-16 11:21:00,-0.3327462953790814
2018-11-16 11:24:00,-0.3314766685610948
2018-11-16 11:27:00,-0.4574988565956346
2018-11-16 11:30:00,-0.3757469528579236
2018-11-16 11:33:00,-0.3808062683355047
2018-11-16 11:36:00,-0.2704350711885013
2018-11-16 11:39:00,-0.4401858678801318
2018-11-16 11:42:00,-0.39252470900697745
2018-11-16 11:45:00,-0.4100123934737212
2018-11-16 11:48:00,-0.25117011443433057
2018-11-16 11:51:00,-0.42046955157752564
2018-11-16 11:54:00,-0.4233879748583149
2018-11-16 11:57:00,-0.42277867698328464
2018-11-16 12:00:00,-0.4777804805008259
2018-11-16 12:03:00,-0.43254237977498633
2018-11-16 12:06:00,-0.48951933103961665
2018-11-16 12:09:00,-0.4364965741614242
2018-11-16 12:12:00,-0.4154873387707312
2018-11-16 12:15:00,-0.394104264640589
2018-11-16 12:18:00,-0.36983880985474116
2018-11-16 12:21:00,-0.4681755774206522
2018-11-16 12:24:00,-0.37278708500491575
2018-11-16 12:27:00,-0.359931259881364
2018-11-16 12:30:00,-0.4137462166287378
2018-11-16 12:33:00,-0.3574410709622384
2018-11-16 12:36:00,-0.38006446018187034
2018-11-16 12:39:00,-0.4653203932951442
2018-11-16 12:42:00,-0.49060562170393496
2018-11-16 12:45:00,-0.4232731010202997
2018-11-16 12:48:00,-0.37719961878610775
2018-11-16 12:51:00,
2018-11-16 12:54:00,
2018-11-16 12:57:00,
2018-11-16 13:00:00,
2018-11-16 13:03:00,
2018-11-16 13:06:00,
2018-11-16 13:09:00,
2018-11-16 13:12:00,
2018-11-16 13:15:00,
2018-11-16 13:18:00,
2018-11-16 13:21:00,
2018-11-16 13:24:00,
2018-11-16 13:27:00,
2018-11-16 13:30:00,
2018-11-16 13:33:00,
2018-11-16 13:36:00,
2018-11-16 13:39:00,
2018-11-16 13:42:00,
2018-11-16 13:45:00,
2018-11-16 13:48:00,
2018-11-16 13:51:00,
2018-11-16 13:54:00,
2018-11-16 13:57:00,
2018-11-16 14:00:00,
2018-11-16 14:03:00,
2018-11-16 14:06:00,
2018-11-16 14:09:00,
2018-11-16 14:12:00,
2018-11-16 14:15:00,
2018-11-16 14:18:00,
2018-11-16 14:21:00,
2018-11-16 14:24:00,
2018-11-16 14:27:00,
2018-11-16 14:30:00,
2018-11-16 14:33:00,
2018-11-16 14:36:00,
2018-11-16 14:39:00,
2018-11-16 14:42:00,
2018-11-16 14:45:00,
2018-11-16 14:48:00,
2018-11-16 14:51:00,
2018-11-16 14:54:00,
2018-11-16 14:57:00,
2018-11-16 15:00:00,
2018-11-16 15:03:00,
2018-11-16 15:06:00,
2018-11-16 15:09:00,
2018-11-16 15:12:00,
2018-11-16 15:15:00,
2018-11-16 15:18:00,
2018-11-16 15:21:00,
2018-11-16 15:24:00,
2018-11-16 15:27:00,
2018-11-16 15:30:00,
2018-11-16 15:33:00,
2018-11-16 15:36:00,
2018-11-16 15:39:00,
2018-11-16 15:42:00,
2018-11-16 15:45:00,
2018-11-16 15:48:00,
2018-11-16 15:51:00,
2018-11-16 15:54:00,
2018-11-16 15:57:00,
2018-11-16 16:00:00,
2018-11-16 16:03:00,
2018-11-16 16:06:00,
2018-11-16 16:09:00,
2018-11-16 16:12:00,
2018-11-16 16:15:00,
2018-11-16 16:18:00,
2018-11-16 16:21:00,
2018-11-16 16:24:00,
2018-11-16 16:27:00,
2018-11-16 16:30:00,
2018-11-16 16:33:00,
2018-11-16 16:36:00,
2018-11-16 16:39:00,
2018-11-16 16:42:00,
2018-11-16 16:45:00,
2018-11-16 16:48:00,
2018-11-16 16:51:00,
2018-11-16 16:54:00,
2018-11-16 16:57:00,
2018-11-16 17:00:00,
2018-11-16 17:03:00,
2018-11-16 17:06:00,
2018-11-16 17:09:00,
2018-11-16 17:12:00,
2018-11-16 17:15:00,
2018-11-16 17:18:00,
2018-11-16 17:21:00,
2018-11-16 17:24:00,
2018-11-16 17:27:00,
2018-11-16 17:30:00,
2018-11-16 17:33:00,
2018-11-16 17:36:00,
2018-11-16 17:39:00,
2018-11-16 17:42:00,
2018-11-16 17:45:00,
2018-11-16 17:48:00,
2018-11-16 17:51:00,
2018-11-16 17:54:00,
2018-11-16 17:57:00,
2018-11-16 18:00:00,
2018-11-16 18:03:00,
2018-11-16 18:06:00,
2018-11-16 18:09:00,
2018-11-16 18:12:00,
2018-11-16 18:15:00,
2018-11-16 18:18:00,
2018-11-16 18:21:00,
2018-11-16 18:24:00,
2018-11-16 18:27:00,
2018-11-16 18:30:00,
2018-11-16 18:33:00,
2018-11-16 18:36:00,
2018-11-16 18:39:00,
2018-11-16 18:42:00,
2018-11-16 18:45:00,
2018-11-16 18:48:00,
2018-11-16 18:51:00,
2018-11-16 18:54:00,
2018-11-16 18:57:00,
2018-11-16 19:00:00,
2018-11-16 19:03:00,-0.09263552591909274
2018-11-16 19:06:00,-0.08122748139243186
2018-11-16 19:09:00,-0.0727742877501214
2018-11-16 19:12:00,-0.08351144021702339
2018-11-16 19:15:00,-0.16328727963349365
2018-11-16 19:18:00,-0.07135544776269853
2018-11-16 19:21:00,-0.07424918858822593
2018-11-16 19:24:00,-0.0562566877529207
2018-11-16 19:27:00,-0.06334646712434733
2018-11-16 19:30:00,-0.06216906566726266
2018-11-16 19:33:00,-0.12641821307653345
2018-11-16 19:36:00,-0.10230732236612994
2018-11-16 19:39:00,0.010358140842697594
2018-11-16 19:42:00,-0.02403126328408689
2018-11-16 19:45:00,-0.029499196668496097
2018-11-16 19:48:00,-0.022080065646264302
2018-11-16 19:51:00,-0.04988888629452504
2018-11-16 19:54:00,-0.047099367571377115
2018-11-16 19:57:00,-0.018056157128853556
2018-11-16 20:00:00,0.00495845215624513
2018-11-16 20:03:00,-0.10142117176684451
2018-11-16 20:06:00,-0.048967563326584695
2018-11-16 20:09:00,-0.04326360094921711
2018-11-16 20:12:00,-0.05864662234438356
2018-11-16 20:15:00,0.02184812788959789
2018-11-16 20:18:00,0.026584689790581706
2018-11-16 20:21:00,-0.018705866418940786
2018-11-16 20:24:00,0.0077829352626963555
2018-11-16 20:27:00,-0.019268040348663362
2018-11-16 20:30:00,-0.04606330343034415
2018-11-16 20:33:00,-0.006891080242382941
2018-11-16 20:36:00,-0.011447336991238899
2018-11-16 20:39:00,-0.005489657852194796
2018-11-16 20:42:00,-0.10403537121982254
2018-11-16 20:45:00,0.012103345024854661
2018-11-16 20:48:00,-0.04067908128786257
2018-11-16 20:51:00,-0.0254740322067164
2018-11-16 20:54:00,-0.08386861273248769
2018-11-16 20:57:00,0.062149240585938514
2018-11-16 21:00:00,0.014670316339163492
2018-11-16 21:03:00,-0.0036260352671320106
2018-11-16 21:06:00,0.008807928302019263
2018-11-16 21:09:00,0.02067304168605233
2018-11-16 21:12:00,-0.027854350992299715
2018-11-16 21:15:00,0.055348872216484324
2018-11-16 21:18:00,-0.02196456883694964
2018-11-16 21:21:00,0.13269359386310953
2018-11-16 21:24:00,0.052516553625480356
2018-11-16 21:27:00,0.08106327507192645
2018-11-16 21:30:00,0.13470208646049286
2018-11-16 21:33:00,-0.012135350301548442
2018-11-16 21:36:00,0.06240810635978278
2018-11-16 21:39:00,0.07391754463264988
2018-11-16 21:42:00,0.043334495920021254
2018-11-16 21:45:00,-0.04086255102799896
2018-11-16 21:48:00,-0.006761657787421882
2018-11-16 21:51:00,-0.09954398258935271
2018-11-16 21:54:00,-0.0005355272069778039
2018-11-16 21:57:00,0.09311069425672258
2018-11-16 22:00:00,0.03916174523567406
2018-11-16 22:03:00,0.07119635775239885
2018-11-16 22:06:00,0.12893850041001542
2018-11-16 22:09:00,0.1322192410098637
2018-11-16 22:12:00,0.18287881444030063
2018-11-16 22:15:00,0.12985041061375568
2018-11-16 22:18:00,0.07656486296542653
2018-11-16 22:21:00,0.10543497977516836
2018-11-16 22:24:00,0.03643731095746716
2018-11-16 22:27:00,0.016940380255050513
2018-11-16 22:30:00,0.07958267027379406
2018-11-16 22:33:00,0.034824493288340364
2018-11-16 22:36:00,0.023455819203945794
2018-11-16 22:39:00,0.07933435032754232
2018-11-16 22:42:00,0.15017830218744166
2018-11-16 22:45:00,0.10407271037826149
2018-11-16 22:48:00,0.08028697087257797
2018-11-16 22:51:00,0.05936687324771128
2018-11-16 22:54:00,0.04028327142356147
2018-11-16 22:57:00,0.08608581025288231
2018-11-16 23:00:00,0.06479550977911686
2018-11-16 23:03:00,-0.00014343598974164706
2018-11-16 23:06:00,0.14526098670319243
2018-11-16 23:09:00,0.1456532310571106
2018-11-16 23:12:00,0.1755230262740497
2018-11-16 23:15:00,0.13040519922077465
2018-11-16 23:18:00,0.1905676398819196
2018-11-16 23:21:00,0.1518039126679014
2018-11-16 23:24:00,0.04017338053699859
2018-11-16 23:27:00,0.100021252383101
2018-11-16 23:30:00,0.055465716298726875
2018-11-16 23:33:00,0.05525825884842561
2018-11-16 23:36:00,0.20716190601359585
2018-11-16 23:39:00,0.1381972830534437
2018-11-16 23:42:00,0.15389427186266857
2018-11-16 23:45:00,0.10767397236435272
2018-11-16 23:48:00,0.130257143760673
2018-11-16 23:51:00,0.0021955003861648947
2018-11-16 23:54:00,0.08664415570962092
2018-11-16 23:57:00,0.08783715636178613
2018-11-17 00:00:00,0.02354186292950544
2018-11-17 00:03:00,0.05981937510495072
2018-11-17 00:06:00,0.1339823472846433
2018-11-17 00:09:00,0.03950840120620569
2018-11-17 00:12:00,0.12840728541544877
2018-11-17 00:15:00,0.15337934416697863
2018-11-17 00:18:00,0.08711461523080288
2018-11-17 00:21:00,0.06637492210012397
2018-11-17 00:24:00,0.08923656334872021
2018-11-17 00:27:00,0.07786680070512375
2018-11-17 00:30:00,0.11577774673469321
2018-11-17 00:33:00,0.12858220953285127
2018-11-17 00:36:00,0.03244932359223185
2018-11-17 00:39:00,0.1167872946081161
2018-11-17 00:42:00,0.19113414733192258
2018-11-17 00:45:00,0.14039856415939767
2018-11-17 00:48:00,0.18874080605144172
2018-11-17 00:51:00,0.2735203240788451
2018-11-17 00:54:00,0.20034178980478146
2018-11-17 00:57:00,0.2756608672221432
2018-11-17 01:00:00,0.21270885456351607
2018-11-17 01:03:00,0.16753088388003334
2018-11-17 01:06:00,0.16299421370780465
2018-11-17 01:09:00,0.20217196073497234
2018-11-17 01:12:00,0.05391628811389637
2018-11-17 01:15:00,0.13769362500022453
2018-11-17 01:18:00,0.17833900268533398
2018-11-17 01:21:00,0.2773544690895733
2018-11-17 01:24:00,0.19863979128160736
2018-11-17 01:27:00,0.14613076923893686
2018-11-17 01:30:00,0.22820083867105723
2018-11-17 01:33:00,0.2729621985346853
2018-11-17 01:36:00,0.2543131296419574
2018-11-17 01:39:00,0.28982100702461366
2018-11-17 01:42:00,0.20348652787725996
2018-11-17 01:45:00,0.23031089216192413
2018-11-17 01:48:00,0.3043670327314203
2018-11-17 01:51:00,0.278588609106464
2018-11-17 01:54:00,0.45894465717310595
2018-11-17 01:57:00,0.44524543726271304
2018-11-17 02:00:00,0.16969825241608305
2018-11-17 02:03:00,0.34289325008143123
2018-11-17 02:06:00,0.3586633726570767
2018-11-17 02:09:00,0.22135035183748641
2018-11-17 02:12:00,0.12662088076029931
2018-11-17 02:15:00,0.18855423390323267
2018-11-17 02:18:00,0.20433220319591783
2018-11-17 02:21:00,0.23924182294376806
2018-11-17 02:24:00,0.17352225717343117
2018-11-17 02:27:00,0.23043759349519632
2018-11-17 02:30:00,0.13117690786538105
2018-11-17 02:33:00,0.2615623720733993
2018-11-17 02:36:00,0.20791674951522054
2018-11-17 02:39:00,0.2628143695499148
2018-11-17 02:42:00,0.24971732529320434
2018-11-17 02:45:00,0.22317641476178096
2018-11-17 02:48:00,0.2182829177155554
2018-11-17 02:51:00,0.17060612736793246
2018-11-17 02:54:00,0.14516826099293212
2018-11-17 02:57:00,0.14550900177789572
2018-11-17 03:00:00,0.14927022024863845
2018-11-17 03:03:00,0.21505791506319838
2018-11-17 03:06:00,0.2476542422265311
2018-11-17 03:09:00,0.25160874950427115
2018-11-17 03:12:00,0.1453934848461813
2018-11-17 03:15:00,0.20597173897982657
2018-11-17 03:18:00,0.2478697891863817
2018-11-17 03:21:00,0.19492253654198066
2018-11-17 03:24:00,0.26776842254656685
2018-11-17 03:27:00,0.12102329896350739
2018-11-17 03:30:00,0.1101557388940364
2018-11-17 03:33:00,0.22808552085979272
2018-11-17 03:36:00,0.15233744041756836
2018-11-17 03:39:00,0.1887979606949557
2018-11-17 03:42:00,0.21036764636994576
2018-11-17 03:45:00,0.17379969444101562
2018-11-17 03:48:00,0.1695700092203083
2018-11-17 03:51:00,0.2484874052431678
2018-11-17 03:54:00,0.17603937748594944
2018-11-17 03:57:00,0.2957888982841723
2018-11-17 04:00:00,0.16416310520867228
2018-11-17 04:03:00,0.17744322798296253
2018-11-17 04:06:00,0.2326800707059533
2018-11-17 04:09:00,0.2566872473295234
2018-11-17 04:12:00,0.264604846899374
2018-11-17 04:15:00,0.22651013370875717
2018-11-17 04:18:00,0.216931183162842
2018-11-17 04:21:00,0.3040020934670338
2018-11-17 04:24:00,0.26777185949208615
2018-11-17 04:27:00,0.20614548996388748
2018-11-17 04:30:00,0.23151205603318203
2018-11-17 04:33:00,0.05383379790669096
2018-11-17 04:36:00,0.17734802886189982
2018-11-17 04:39:00,0.22318884883196688
2018-11-17 04:42:00,0.1275957077106682
2018-11-17 04:45:00,0.30577274651409425
2018-11-17 04:48:00,0.22739923363275238
2018-11-17 04:51:00,0.29235149187104525
2018-11-17 04:54:00,0.2535383587265869
2018-11-17 04:57:00,0.25313467095611486
2018-11-17 05:00:00,0.18635806914977593
2018-11-17 05:03:00,0.12444917552625157
2018-11-17 05:06:00,0.08521429883938936
2018-11-17 05:09:00,0.14060916750986507
2018-11-17 05:12:00,0.17411966321276395
2018-11-17 05:15:00,0.1402150095423167
2018-11-17 05:18:00,0.23053223285899094
2018-11-17 05:21:00,0.26673894793975705
2018-11-17 05:24:00,0.2468635277066369
2018-11-17 05:27:00,0.15692550492502733
2018-11-17 05:30:00,0.2773134303566849
2018-11-17 05:33:00,0.15618447642162891
2018-11-17 05:36:00,0.15168891611165236
2018-11-17 05:39:00,0.1730906786751234
2018-11-17 05:42:00,0.1861810809588178
2018-11-17 05:45:00,0.2539318158478636
2018-11-17 05:48:00,0.21915338905097315
2018-11-17 05:51:00,0.2942378602281792
2018-11-17 05:54:00,0.23742823365057575
2018-11-17 05:57:00,0.20292524854266958
2018-11-17 06:00:00,0.30633758510987263
2018-11-17 06:03:00,0.23975675149353037
2018-11-17 06:06:00,0.2420344451298888
2018-11-17 06:09:00,0.2678446765540343
2018-11-17 06:12:00,0.32952750492808036
2018-11-17 06:15:00,0.32132359908405306
2018-11-17 06:18:00,0.23309481653376452
2018-11-17 06:21:00,0.2336828293241524
2018-11-17 06:24:00,0.2918368666902893
2018-11-17 06:27:00,0.12864387934564547
2018-11-17 06:30:00,0.2945646950135483
2018-11-17 06:33:00,0.17552774201988086
2018-11-17 06:36:00,0.2109415735671405
2018-11-17 06:39:00,0.30600936536097834
2018-11-17 06:42:00,0.20367263148165193
2018-11-17 06:45:00,0.24908847554348768
2018-11-17 06:48:00,0.22737392640539156
2018-11-17 06:51:00,0.25959654128581633
2018-11-17 06:54:00,0.1641274482480526
2018-11-17 06:57:00,0.18059167796343445
2018-11-17 07:00:00,0.1607051014034937
2018-11-17 07:03:00,0.14791042921279995
2018-11-17 07:06:00,0.17184870830976706
2018-11-17 07:09:00,0.295014765463975
2018-11-17 07:12:00,0.2889230785679615
2018-11-17 07:15:00,0.25294691654511325
2018-11-17 07:18:00,0.2146143939755234
2018-11-17 07:21:00,0.26033253189780226
2018-11-17 07:24:00,0.20335852194153858
2018-11-17 07:27:00,0.19985785931930877
2018-11-17 07:30:00,0.3390558891968567
2018-11-17 07:33:00,0.19789451366460753
2018-11-17 07:36:00,0.26474260833060725
2018-11-17 07:39:00,0.21585328030590745
2018-11-17 07:42:00,0.2867837414394785
2018-11-17 07:45:00,0.21810580865530937
2018-11-17 07:48:00,0.1998612490689311
2018-11-17 07:51:00,0.19599233555567253
2018-11-17 07:54:00,0.2693458107839888
2018-11-17 07:57:00,0.16878468838910976
2018-11-17 08:00:00,0.19474102421349926
2018-11-17 08:03:00,0.19958063492543943
2018-11-17 08:06:00,0.06906132732717651
2018-11-17 08:09:00,0.16890913346065872
2018-11-17 08:12:00,0.05623049298031901
2018-11-17 08:15:00,0.1256981236978163
2018-11-17 08:18:00,0.08560228642551237
2018-11-17 08:21:00,0.07927888003428052
2018-11-17 08:24:00,0.07907907772255385
2018-11-17 08:27:00,0.05872234261289577
2018-11-17 08:30:00,0.08464039807239487
2018-11-17 08:33:00,0.02309408860264739
2018-11-17 08:36:00,0.04714607174452112
2018-11-17 08:39:00,0.03376941581433357
2018-11-17 08:42:00,-0.006009383536593305
2018-11-17 08:45:00,0.008180250499833619
2018-11-17 08:48:00,-0.024237566874660388
2018-11-17 08:51:00,-0.10048277823034368
2018-11-17 08:54:00,-0.08794285983788086
2018-11-17 08:57:00,-0.07283617482403315
2018-11-17 09:00:00,-0.19193355582888216
2018-11-17 09:03:00,-0.08980197106438936
2018-11-17 09:06:00,-0.04108499339287164
2018-11-17 09:09:00,-0.054653541511299863
2018-11-17 09:12:00,-0.09838227909165198
2018-11-17 09:15:00,-0.05722488617385579
2018-11-17 09:18:00,-0.06650078390293857
2018-11-17 09:21:00,-0.044406624925898086
2018-11-17 09:24:00,-0.09387066672081801
2018-11-17 09:27:00,-0.1409099813485568
2018-11-17 09:30:00,-0.03589249294043384
2018-11-17 09:33:00,-0.06593330143869025
2018-11-17 09:36:00,-0.04967081848445787
2018-11-17 09:39:00,-0.11500600946527584
2018-11-17 09:42:00,0.009739939319729274
2018-11-17 09:45:00,-0.06313370254605388
2018-11-17 09:48:00,-0.011381699090293296
2018-11-17 09:51:00,-0.06904164160471282
2018-11-17 09:54:00,-0.08482784663527809
2018-11-17 09:57:00,-0.06552769771633393
2018-11-17 10:00:00,-0.13830105251724945
2018-11-17 10:03:00,-0.08447487266374765
2018-11-17 10:06:00,-0.05578505002296197
2018-11-17 10:09:00,-0.11110047410687685
2018-11-17 10:12:00,-0.1429171332961232
2018-11-17 10:15:00,-0.0779876171851015
2018-11-17 10:18:00,-0.09839053207565485
2018-11-17 10:21:00,-0.12252399651009682
2018-11-17 10:24:00,-0.14097404683803916
2018-11-17 10:27:00,-0.0031161893793409945
2018-11-17 10:30:00,-0.11132835417049591
2018-11-17 10:33:00,-0.16218388358032598
2018-11-17 10:36:00,-0.0625236131891711
2018-11-17 10:39:00,-0.15731655532317745
2018-11-17 10:42:00,-0.1812635678408583
2018-11-17 10:45:00,-0.15509372333832516
2018-11-17 10:48:00,-0.2592052095820918
2018-11-17 10:51:00,-0.3013539960477374
2018-11-17 10:54:00,-0.15234240916544195
2018-11-17 10:57:00,-0.23360909140086505
2018-11-17 11:00:00,-0.3621702450986959
2018-11-17 11:03:00,-0.2716026339954283
2018-11-17 11:06:00,-0.3038283541633291
2018-11-17 11:09:00,-0.24480966966359574
2018-11-17 11:12:00,-0.31475329025698784
2018-11-17 11:15:00,-0.31263851685952204
2018-11-17 11:18:00,-0.24874257665067034
2018-11-17 11:21:00,-0.22295025095291976
2018-11-17 11:24:00,-0.21399326503166094
2018-11-17 11:27:00,-0.29655131334590124
2018-11-17 11:30:00,-0.3490916937699353
2018-11-17 11:33:00,-0.21027926174122058
2018-11-17 11:36:00,-0.2828733269872714
2018-11-17 11:39:00,-0.4614955909895002
2018-11-17 11:42:00,-0.3026166693844061
2018-11-17 11:45:00,-0.34658833764063957
2018-11-17 11:48:00,-0.322924858588749
2018-11-17 11:51:00,-0.33599069014928773
2018-11-17 11:54:00,-0.2922065585563587
2018-11-17 11:57:00,-0.27329925416370315
2018-11-17 12:00:00,-0.318890897523886
2018-11-17 12:03:00,-0.2291022959733482
2018-11-17 12:06:00,-0.23733136445383707
2018-11-17 12:09:00,-0.24304622331567316
2018-11-17 12:12:00,-0.28269615821523075
2018-11-17 12:15:00,-0.3314628746034032
2018-11-17 12:18:00,-0.19701176880045068
2018-11-17 12:21:00,-0.15935684083535762
2018-11-17 12:24:00,-0.2558610845509861
2018-11-17 12:27:00,-0.3257922807678142
2018-11-17 12:30:00,-0.3338538264213753
2018-11-17 12:33:00,-0.330057758562873
2018-11-17 12:36:00,-0.3811015658706651
2018-11-17 12:39:00,-0.2870255701074029
2018-11-17 12:42:00,-0.3941354925976839
2018-11-17 12:45:00,-0.41730325272362734
2018-11-17 12:48:00,-0.42108703104054257
2018-11-17 12:51:00,-0.4527246905693687
2018-11-17 12:54:00,-0.41661382347905374
2018-11-17 12:57:00,-0.44295257046161396
2018-11-17 13:00:00,-0.3945680167464616
2018-11-17 13:03:00,-0.38256712814506955
2018-11-17 13:06:00,-0.39374992586527924
2018-11-17 13:09:00,-0.37727315149487595
2018-11-17 13:12:00,-0.35621709558984094
2018-11-17 13:15:00,-0.3842366583124317
2018-11-17 13:18:00,-0.30928558230743874
2018-11-17 13:21:00,-0.4169257508760893
2018-11-17 13:24:00,-0.46788473102787975
2018-11-17 13:27:00,-0.4287973339273208
2018-11-17 13:30:00,-0.4560598238881539
2018-11-17 13:33:00,-0.3686493487040252
2018-11-17 13:36:00,-0.4140919967011314
2018-11-17 13:39:00,-0.456336650581477
2018-11-17 13:42:00,-0.4305050969413742
2018-11-17 13:45:00,-0.41693148931472024
2018-11-17 13:48:00,-0.4623544037829106
2018-11-17 13:51:00,-0.5217543938238691
2018-11-17 13:54:00,-0.4873757924316351
2018-11-17 13:57:00,-0.3058749536047003
2018-11-17 14:00:00,-0.4691223704040226
2018-11-17 14:03:00,-0.3832232932346642
2018-11-17 14:06:00,-0.4035981796806709
2018-11-17 14:09:00,-0.34680011251924725
2018-11-17 14:12:00,-0.2644457811453549
2018-11-17 14:15:00,-0.2205321641018827
2018-11-17 14:18:00,-0.205211462700845
2018-11-17 14:21:00,-0.1940313331682546
2018-11-17 14:24:00,-0.24774491994207892
2018-11-17 14:27:00,-0.30735982234318726
2018-11-17 14:30:00,-0.23573241897935304
2018-11-17 14:33:00,-0.3010618877642628
2018-11-17 14:36:00,-0.3537928645772581
2018-11-17 14:39:00,-0.23839085264285131
2018-11-17 14:42:00,-0.45928795918626975
2018-11-17 14:45:00,-0.2477264967561723
2018-11-17 14:48:00,-0.2533956361102696
2018-11-17 14:51:00,-0.023789500952148046
2018-11-17 14:54:00,0.2108902125575014
2018-11-17 14:57:00,0.23520134598430786
2018-11-17 15:00:00,0.2584102007550655
2018-11-17 15:03:00,0.16618195094451949
2018-11-17 15:06:00,-0.06639656275837069
2018-11-17 15:09:00,-0.005881122585208232
2018-11-17 15:12:00,-0.127107372160026
2018-11-17 15:15:00,0.05775578852438912
2018-11-17 15:18:00,-0.020265528076492956
2018-11-17 15:21:00,0.17240777233985227
2018-11-17 15:24:00,0.05839238461766172
2018-11-17 15:27:00,-0.046468207224052094
2018-11-17 15:30:00,0.07780989254132464
2018-11-17 15:33:00,0.08783028901285661
2018-11-17 15:36:00,-0.058489156589814684
2018-11-17 15:39:00,0.03206183375993987
2018-11-17 15:42:00,0.09725283892259995
2018-11-17 15:45:00,-0.001682848454095165
2018-11-17 15:48:00,-0.023024727067365802
2018-11-17 15:51:00,0.044566982610206196
2018-11-17 15:54:00,-0.024333343144689934
2018-11-17 15:57:00,-0.006909432390216352
2018-11-17 16:00:00,0.03412636869478547
2018-11-17 16:03:00,0.0630101936822598
2018-11-17 16:06:00,0.0005764086327531004
2018-11-17 16:09:00,-0.08394611715198153
2018-11-17 16:12:00,-0.1545725377533813
2018-11-17 16:15:00,-0.17078534188618733
2018-11-17 16:18:00,-0.11923836837740964
2018-11-17 16:21:00,-0.06136422772254946
2018-11-17 16:24:00,0.07719604173684047
2018-11-17 16:27:00,0.13121068472338493
2018-11-17 16:30:00,0.07861717131237356
2018-11-17 16:33:00,0.13390285519784584
2018-11-17 16:36:00,-0.007881474258510934
2018-11-17 16:39:00,0.058650792988260037
2018-11-17 16:42:00,0.001244151126854831
2018-11-17 16:45:00,0.02077811761068915
2018-11-17 16:48:00,0.07585414005387747
2018-11-17 16:51:00,0.12191842133796627
2018-11-17 16:54:00,0.1558178803703072
2018-11-17 16:57:00,0.16557386033179
2018-11-17 17:00:00,0.0838383631626698
2018-11-17 17:03:00,0.07120924069334933
2018-11-17 17:06:00,0.12000774919346213
2018-11-17 17:09:00,0.14840853393440057
2018-11-17 17:12:00,0.00433495453728483
2018-11-17 17:15:00,-0.0563900080568942
2018-11-17 17:18:00,-0.03140863234364133
2018-11-17 17:21:00,-0.07245732239942981
2018-11-17 17:24:00,-0.11716959557844575
2018-11-17 17:27:00,-0.07142164206584312
2018-11-17 17:30:00,-0.035606161410214554
2018-11-17 17:33:00,-0.19012863353981402
2018-11-17 17:36:00,-0.0817832076180025
2018-11-17 17:39:00,-0.013853062275188677
2018-11-17 17:42:00,-0.19177811647500675
2018-11-17 17:45:00,-0.057671778662268025
2018-11-17 17:48:00,-0.1134296607853571
2018-11-17 17:51:00,-0.058000731278241346
2018-11-17 17:54:00,-0.0043115688943657915
2018-11-17 17:57:00,0.10288438524202093
2018-11-17 18:00:00,0.023817937840533432
2018-11-17 18:03:00,0.14825489312841
2018-11-17 18:06:00,0.06727147865797178
2018-11-17 18:09:00,0.04982870310652743
2018-11-17 18:12:00,0.04652354815675608
2018-11-17 18:15:00,0.020522180793705047
2018-11-17 18:18:00,0.13896371086906356
2018-11-17 18:21:00,0.003617566184061616
2018-11-17 18:24:00,0.005823919047600157
2018-11-17 18:27:00,0.09903824581772369
2018-11-17 18:30:00,0.25927495028372505
2018-11-17 18:33:00,0.559959046922188
2018-11-17 18:36:00,0.4904582630147729
2018-11-17 18:39:00,0.5937379315052453
2018-11-17 18:42:00,0.5065951420501165
2018-11-17 18:45:00,0.48050028840805226
2018-11-17 18:48:00,0.5721672916143348
2018-11-17 18:51:00,0.4362648083098293
2018-11-17 18:54:00,
2018-11-17 18:57:00,
2018-11-17 19:00:00,
2018-11-17 19:03:00,0.22736434151232743
2018-11-17 19:06:00,0.325568923190076
2018-11-17 19:09:00,0.3533396453128148
2018-11-17 19:12:00,0.43999625523775876
2018-11-17 19:15:00,0.29206912830392184
2018-11-17 19:18:00,0.12966403831677553
2018-11-17 19:21:00,0.06555779434438591
2018-11-17 19:24:00,0.14832593698997698
2018-11-17 19:27:00,0.11295088648580531
2018-11-17 19:30:00,0.1274545207335791
2018-11-17 19:33:00,0.23922080558617154
2018-11-17 19:36:00,0.2794200021251072
2018-11-17 19:39:00,0.27373497442346206
2018-11-17 19:42:00,0.3029501860004302
2018-11-17 19:45:00,0.23586628268770937
2018-11-17 19:48:00,0.16839204298645427
2018-11-17 19:51:00,0.29225094901960347
2018-11-17 19:54:00,0.26788416914246227
2018-11-17 19:57:00,0.2278396531254998
2018-11-17 20:00:00,0.17057912551882737
2018-11-17 20:03:00,0.167570532596244
2018-11-17 20:06:00,0.14768257899731907
2018-11-17 20:09:00,0.11887046951198954
2018-11-17 20:12:00,0.14599716002283003
2018-11-17 20:15:00,0.1409862104694639
2018-11-17 20:18:00,0.05742887224454307
2018-11-17 20:21:00,-0.02108625799581887
2018-11-17 20:24:00,0.09168148542630661
2018-11-17 20:27:00,0.06390527204587215
2018-11-17 20:30:00,0.06430343957555351
2018-11-17 20:33:00,0.08227918317709282
2018-11-17 20:36:00,0.12029432425373443
2018-11-17 20:39:00,0.18007868477997135
2018-11-17 20:42:00,0.12408768957209304
2018-11-17 20:45:00,0.15887185006550908
2018-11-17 20:48:00,0.11313546106629246
2018-11-17 20:51:00,0.055530787645182045
2018-11-17 20:54:00,0.14130761938463365
2018-11-17 20:57:00,0.12461301696521332
2018-11-17 21:00:00,0.1388677726951073
2018-11-17 21:03:00,0.009664683901803528
2018-11-17 21:06:00,0.18733001251672476
2018-11-17 21:09:00,0.1146668350110076
2018-11-17 21:12:00,0.11138059498711073
2018-11-17 21:15:00,0.12083163035822508
2018-11-17 21:18:00,0.1178945732625607
2018-11-17 21:21:00,0.07614760678751509
2018-11-17 21:24:00,0.2018863225187033
2018-11-17 21:27:00,0.1056630920892303
2018-11-17 21:30:00,0.04600185723307959
2018-11-17 21:33:00,0.059418404157383975
2018-11-17 21:36:00,0.15432754911495294
2018-11-17 21:39:00,0.12476066061606161
2018-11-17 21:42:00,0.11203076224870756
2018-11-17 21:45:00,0.16225016502352219
2018-11-17 21:48:00,0.13955583445704178
2018-11-17 21:51:00,0.1262767676046792
2018-11-17 21:54:00,0.17472575726537798
2018-11-17 21:57:00,0.09303537779641147
2018-11-17 22:00:00,0.14522807106112623
2018-11-17 22:03:00,0.1737231866119373
2018-11-17 22:06:00,0.1744520367971063
2018-11-17 22:09:00,0.15191712464667262
2018-11-17 22:12:00,0.11333549684110267
2018-11-17 22:15:00,0.19965883746283453
2018-11-17 22:18:00,0.13894636406405425
2018-11-17 22:21:00,0.23997429422121286
2018-11-17 22:24:00,0.11583442346721995
2018-11-17 22:27:00,0.10838294437417062
2018-11-17 22:30:00,0.13924807826992947
2018-11-17 22:33:00,0.12912137113198696
2018-11-17 22:36:00,0.06619431962906219
2018-11-17 22:39:00,0.24942587441165642
2018-11-17 22:42:00,0.1733365389499113
2018-11-17 22:45:00,0.178530785540147
2018-11-17 22:48:00,0.2083634489574706
2018-11-17 22:51:00,0.12733024138736937
2018-11-17 22:54:00,0.2923881565793067
2018-11-17 22:57:00,0.23796247756683897
2018-11-17 23:00:00,0.2573091427399845
2018-11-17 23:03:00,0.2047024500632233
2018-11-17 23:06:00,0.28689377342681155
2018-11-17 23:09:00,0.2606603929543212
2018-11-17 23:12:00,0.28621505570367844
2018-11-17 23:15:00,0.2896581717945992
2018-11-17 23:18:00,0.22373219467726813
2018-11-17 23:21:00,0.19042228047612753
2018-11-17 23:24:00,0.2010248453773329
2018-11-17 23:27:00,0.24852179839854216
2018-11-17 23:30:00,0.18939580435750258
2018-11-17 23:33:00,0.22946296258385246
2018-11-17 23:36:00,0.18054658554541447
2018-11-17 23:39:00,0.23470044048434602
2018-11-17 23:42:00,0.25189940683804934
2018-11-17 23:45:00,0.26926868114827585
2018-11-17 23:48:00,0.3257205464846038
2018-11-17 23:51:00,0.34925153840418943
2018-11-17 23:54:00,0.2688708882803894
2018-11-17 23:57:00,0.264907594504848
2018-11-18 00:00:00,0.19671928563104757
2018-11-18 00:03:00,0.24525246176443716
2018-11-18 00:06:00,0.2816463278874153
2018-11-18 00:09:00,0.19967932131356747
2018-11-18 00:12:00,0.2057441680162242
2018-11-18 00:15:00,0.21781702606403996
2018-11-18 00:18:00,0.23720852249897462
2018-11-18 00:21:00,0.14520140336844634
2018-11-18 00:24:00,0.21135908254615288
2018-11-18 00:27:00,0.11589007772096238
2018-11-18 00:30:00,0.20756490817637996
2018-11-18 00:33:00,0.2874834183194821
2018-11-18 00:36:00,0.20482255093031654
2018-11-18 00:39:00,0.2511497983703066
2018-11-18 00:42:00,0.30321640114885895
2018-11-18 00:45:00,0.3243133599139014
2018-11-18 00:48:00,0.17330004292114154
2018-11-18 00:51:00,0.1754270228272503
2018-11-18 00:54:00,0.24194523754266584
2018-11-18 00:57:00,0.19825636099670874
2018-11-18 01:00:00,0.25437960226452105
2018-11-18 01:03:00,0.216208911891556
2018-11-18 01:06:00,0.26250246299900937
2018-11-18 01:09:00,0.19865000564891488
2018-11-18 01:12:00,0.20925912768802846
2018-11-18 01:15:00,0.2220782240659105
2018-11-18 01:18:00,0.25643370119439624
2018-11-18 01:21:00,0.2521997053852374
2018-11-18 01:24:00,0.26623321634127706
2018-11-18 01:27:00,0.24555031594940147
2018-11-18 01:30:00,0.34089879384737287
2018-11-18 01:33:00,0.22809387822042027
2018-11-18 01:36:00,0.38282456840897794
2018-11-18 01:39:00,0.32905728533728507
2018-11-18 01:42:00,0.29232599789952474
2018-11-18 01:45:00,0.37227508763430706
2018-11-18 01:48:00,0.2635723381920343
2018-11-18 01:51:00,0.24726252495844392
2018-11-18 01:54:00,0.20294912715172586
2018-11-18 01:57:00,0.3081860107099601
2018-11-18 02:00:00,0.30669606829030727
2018-11-18 02:03:00,0.280655800266004
2018-11-18 02:06:00,0.309700696711559
2018-11-18 02:09:00,0.3630035945059831
2018-11-18 02:12:00,0.33985784799563135
2018-11-18 02:15:00,0.4475055447283012
2018-11-18 02:18:00,0.2568084174666865
2018-11-18 02:21:00,0.28745485277062244
2018-11-18 02:24:00,0.2039884933581675
2018-11-18 02:27:00,0.2971223502999578
2018-11-18 02:30:00,0.19172527018997698
2018-11-18 02:33:00,0.23299073233857825
2018-11-18 02:36:00,0.26007519914696786
2018-11-18 02:39:00,0.26760277432805424
2018-11-18 02:42:00,0.27829952065417274
2018-11-18 02:45:00,0.22062505202183047
2018-11-18 02:48:00,0.15070182567319534
2018-11-18 02:51:00,0.33295581230083826
2018-11-18 02:54:00,0.3197507952813794
2018-11-18 02:57:00,0.26181358476708283
2018-11-18 03:00:00,0.3413305374679112
2018-11-18 03:03:00,0.2656990819602356
2018-11-18 03:06:00,0.27253450407448554
2018-11-18 03:09:00,0.22697752153459305
2018-11-18 03:12:00,0.2737810945288288
2018-11-18 03:15:00,0.28377460998672177
2018-11-18 03:18:00,0.2069162490204235
2018-11-18 03:21:00,0.21105167204734698
2018-11-18 03:24:00,0.2407159239394332
2018-11-18 03:27:00,0.104178190810444
2018-11-18 03:30:00,0.32638578138789853
2018-11-18 03:33:00,0.2157745273439673
2018-11-18 03:36:00,0.17698978172654733
2018-11-18 03:39:00,0.2436609572012003
2018-11-18 03:42:00,0.20511095999199824
2018-11-18 03:45:00,0.2524134840476222
2018-11-18 03:48:00,0.25072265536516625
2018-11-18 03:51:00,0.23029353494206362
2018-11-18 03:54:00,0.14914069769451999
2018-11-18 03:57:00,0.1975608029125624
2018-11-18 04:00:00,0.2519958271208793
2018-11-18 04:03:00,0.3615212636917704
2018-11-18 04:06:00,0.2760739248392383
2018-11-18 04:09:00,0.2607378077405542
2018-11-18 04:12:00,0.2750348794438082
2018-11-18 04:15:00,0.27802600512961817
2018-11-18 04:18:00,0.16737059841079827
2018-11-18 04:21:00,0.24942358518910623
2018-11-18 04:24:00,0.2631361875019138
2018-11-18 04:27:00,0.2569955398319621
2018-11-18 04:30:00,0.27150704215836186
2018-11-18 04:33:00,0.19735036277290874
2018-11-18 04:36:00,0.24681241356165629
2018-11-18 04:39:00,0.22381104371697802
2018-11-18 04:42:00,0.24057830579334905
2018-11-18 04:45:00,0.23475394580015063
2018-11-18 04:48:00,0.20620323518664918
2018-11-18 04:51:00,0.33904539064542405
2018-11-18 04:54:00,0.27669943849218726
2018-11-18 04:57:00,0.3090670202924457
2018-11-18 05:00:00,0.3680829851080034
2018-11-18 05:03:00,0.24452765261901277
2018-11-18 05:06:00,0.23665185769391428
2018-11-18 05:09:00,0.30901404542379396
2018-11-18 05:12:00,0.32043096007686245
2018-11-18 05:15:00,0.3155010696312388
2018-11-18 05:18:00,0.3091008936984849
2018-11-18 05:21:00,0.2271080057083168
2018-11-18 05:24:00,0.2733046510305712
2018-11-18 05:27:00,0.2603512772741965
2018-11-18 05:30:00,0.30271911448625133
2018-11-18 05:33:00,0.31579404875628825
2018-11-18 05:36:00,0.30910607987073035
2018-11-18 05:39:00,0.31228501077964665
2018-11-18 05:42:00,0.34868154795640294
2018-11-18 05:45:00,0.29278556981034853
2018-11-18 05:48:00,0.30164200085539505
2018-11-18 05:51:00,0.3311699759361204
2018-11-18 05:54:00,0.32867203749765395
2018-11-18 05:57:00,0.4011781037381752
2018-11-18 06:00:00,0.2748882408752138
2018-11-18 06:03:00,0.34973885752623346
2018-11-18 06:06:00,0.3780284142184769
2018-11-18 06:09:00,0.2540405766158642
2018-11-18 06:12:00,0.24463664879374392
2018-11-18 06:15:00,0.3752514335729984
2018-11-18 06:18:00,0.3901455621316927
2018-11-18 06:21:00,0.23901366482596131
2018-11-18 06:24:00,0.3478062205034007
2018-11-18 06:27:00,0.36304801150225785
2018-11-18 06:30:00,0.31488754130077723
2018-11-18 06:33:00,0.2936870494476693
2018-11-18 06:36:00,0.32521645695300094
2018-11-18 06:39:00,0.3519184997667253
2018-11-18 06:42:00,0.4632524349710252
2018-11-18 06:45:00,0.38634530268660683
2018-11-18 06:48:00,0.3476211558627256
2018-11-18 06:51:00,0.4101151145109725
2018-11-18 06:54:00,0.38709929952744915
2018-11-18 06:57:00,0.38179503849153207
2018-11-18 07:00:00,0.3441550548036503
2018-11-18 07:03:00,0.3653335502826849
2018-11-18 07:06:00,0.3019911529409569
2018-11-18 07:09:00,0.35024050376057403
2018-11-18 07:12:00,0.3143380658354431
2018-11-18 07:15:00,0.25372305306348153
2018-11-18 07:18:00,0.2503685263735065
2018-11-18 07:21:00,0.379754912039175
2018-11-18 07:24:00,0.2872956551446464
2018-11-18 07:27:00,0.23437403280053104
2018-11-18 07:30:00,0.2738565480473767
2018-11-18 07:33:00,0.17086028393248398
2018-11-18 07:36:00,0.25579016197178817
2018-11-18 07:39:00,0.22451026431019727
2018-11-18 07:42:00,0.22109320873346405
2018-11-18 07:45:00,0.2238721972125859
2018-11-18 07:48:00,0.16860935457776804
2018-11-18 07:51:00,0.3124637694178318
2018-11-18 07:54:00,0.18973944141140464
2018-11-18 07:57:00,0.19901297590342892
2018-11-18 08:00:00,0.18360044761612926
2018-11-18 08:03:00,0.04761286542736798
2018-11-18 08:06:00,0.13965324317507566
2018-11-18 08:09:00,0.09105772064589246
2018-11-18 08:12:00,0.15024469863135437
2018-11-18 08:15:00,0.17352882369004874
2018-11-18 08:18:00,0.1320918626437333
2018-11-18 08:21:00,0.1036942843613815
2018-11-18 08:24:00,0.11989890913787349
2018-11-18 08:27:00,0.15334020458078612
2018-11-18 08:30:00,-0.006117941487048029
2018-11-18 08:33:00,0.061034164033003435
2018-11-18 08:36:00,0.11692585873839789
2018-11-18 08:39:00,0.00961357057423129
2018-11-18 08:42:00,-0.03287816618154693
2018-11-18 08:45:00,-0.003381200167723364
2018-11-18 08:48:00,-0.06380759805114167
2018-11-18 08:51:00,-0.06713733993103688
2018-11-18 08:54:00,-0.0009022138132763757
2018-11-18 08:57:00,-0.06944640568627847
2018-11-18 09:00:00,-0.018753749724055524
2018-11-18 09:03:00,-0.03740669620862036
2018-11-18 09:06:00,-0.08111660654822117
2018-11-18 09:09:00,-0.1349005655442852
2018-11-18 09:12:00,-0.06130069731744925
2018-11-18 09:15:00,-0.16232752266978423
2018-11-18 09:18:00,-0.06579733043940905
2018-11-18 09:21:00,-0.008752360042649343
2018-11-18 09:24:00,-0.10185509768672318
2018-11-18 09:27:00,-0.11414215639172198
2018-11-18 09:30:00,-0.08382978944592878
2018-11-18 09:33:00,-0.19675502966174463
2018-11-18 09:36:00,-0.18853303161478152
2018-11-18 09:39:00,-0.06735506520885792
2018-11-18 09:42:00,-0.12789055961934537
2018-11-18 09:45:00,-0.24183495172599123
2018-11-18 09:48:00,-0.30640623189037797
2018-11-18 09:51:00,-0.20267123812573118
2018-11-18 09:54:00,-0.20071913228571248
2018-11-18 09:57:00,-0.2209742761671123
2018-11-18 10:00:00,-0.23011047795802142
2018-11-18 10:03:00,-0.2084361994052415
2018-11-18 10:06:00,-0.239231202054782
2018-11-18 10:09:00,-0.20154799687583136
2018-11-18 10:12:00,-0.1688798381536003
2018-11-18 10:15:00,-0.18283622212294404
2018-11-18 10:18:00,-0.3088256386075159
2018-11-18 10:21:00,-0.22214565467254488
2018-11-18 10:24:00,-0.2995749706658444
2018-11-18 10:27:00,-0.37710379205441313
2018-11-18 10:30:00,-0.2618238556680126
2018-11-18 10:33:00,-0.3667874594789282
2018-11-18 10:36:00,-0.3023568119656943
2018-11-18 10:39:00,-0.32947906152912765
2018-11-18 10:42:00,-0.274033146007298
2018-11-18 10:45:00,-0.31219233130855173
2018-11-18 10:48:00,-0.39289661954040866
2018-11-18 10:51:00,-0.3035017743641788
2018-11-18 10:54:00,-0.3445584800714414
2018-11-18 10:57:00,-0.3679022309164566
2018-11-18 11:00:00,-0.28985527954563395
2018-11-18 11:03:00,-0.2849940832135758
2018-11-18 11:06:00,-0.368629632705904
2018-11-18 11:09:00,-0.44270870385656735
2018-11-18 11:12:00,-0.40529820190965893
2018-11-18 11:15:00,-0.33972891656151205
2018-11-18 11:18:00,-0.3541669042728586
2018-11-18 11:21:00,-0.34115543925275915
2018-11-18 11:24:00,-0.3787621277070343
2018-11-18 11:27:00,-0.3116885197321153
2018-11-18 11:30:00,-0.1985578040365681
2018-11-18 11:33:00,-0.2753139923892718
2018-11-18 11:36:00,-0.28957831456074246
2018-11-18 11:39:00,-0.3002925178111582
2018-11-18 11:42:00,-0.3493990430643521
2018-11-18 11:45:00,-0.30743529929907254
2018-11-18 11:48:00,-0.28012516278732846
2018-11-18 11:51:00,-0.31609654320305935
2018-11-18 11:54:00,-0.37498410112812053
2018-11-18 11:57:00,-0.4176313503406277
2018-11-18 12:00:00,-0.3525925008321451
2018-11-18 12:03:00,-0.3662418400268166
2018-11-18 12:06:00,-0.3547048817994778
2018-11-18 12:09:00,-0.3890092784812964
2018-11-18 12:12:00,-0.2949047553281616
2018-11-18 12:15:00,-0.21871423709370674
2018-11-18 12:18:00,-0.2663618054362473
2018-11-18 12:21:00,-0.2194767203277479
2018-11-18 12:24:00,-0.1499186757419011
2018-11-18 12:27:00,-0.12497783052856448
2018-11-18 12:30:00,-0.06778133757825344
2018-11-18 12:33:00,-0.06145223659848398
2018-11-18 12:36:00,-0.054902266184058135
2018-11-18 12:39:00,-0.11477304673007893
2018-11-18 12:42:00,-0.22993308724636563
2018-11-18 12:45:00,-0.20224586356613372
2018-11-18 12:48:00,-0.2207154036738075
2018-11-18 12:51:00,-0.27585777620134877
2018-11-18 12:54:00,-0.2759203054704926
2018-11-18 12:57:00,-0.3867970577271649
2018-11-18 13:00:00,-0.2981736618155537
2018-11-18 13:03:00,-0.3011116018777784
2018-11-18 13:06:00,-0.2005484336470431
2018-11-18 13:09:00,-0.17918228901288558
2018-11-18 13:12:00,-0.30838362920974305
2018-11-18 13:15:00,-0.22833714219211743
2018-11-18 13:18:00,-0.1701005939821698
2018-11-18 13:21:00,-0.1275467610993246
2018-11-18 13:24:00,-0.1772645911702284
2018-11-18 13:27:00,0.012915746422606844
2018-11-18 13:30:00,-0.005942281606564848
2018-11-18 13:33:00,0.09500836605860741
2018-11-18 13:36:00,-0.031886554171478565
2018-11-18 13:39:00,-0.12556469467597253
2018-11-18 13:42:00,0.023899454499655803
2018-11-18 13:45:00,-0.1128981688709132
2018-11-18 13:48:00,0.12890584606054745
2018-11-18 13:51:00,0.09149413281551233
2018-11-18 13:54:00,-0.014500327488462972
2018-11-18 13:57:00,0.12979279004372302
2018-11-18 14:00:00,0.15564608121979973
2018-11-18 14:03:00,0.08344241255258567
2018-11-18 14:06:00,0.05161408002203416
2018-11-18 14:09:00,-0.2801313903883056
2018-11-18 14:12:00,-0.24535938244855515
2018-11-18 14:15:00,-0.05174862272190239
2018-11-18 14:18:00,0.25513782337355906
2018-11-18 14:21:00,0.22284872889196095
2018-11-18 14:24:00,0.16507215693650323
2018-11-18 14:27:00,0.045869863661607724
2018-11-18 14:30:00,-0.028814313050872897
2018-11-18 14:33:00,0.2873688306931399
2018-11-18 14:36:00,0.20700703638965479
2018-11-18 14:39:00,0.00626276939891568
2018-11-18 14:42:00,0.011514625792301558
2018-11-18 14:45:00,0.14826563022239725
2018-11-18 14:48:00,0.026191527251796742
2018-11-18 14:51:00,0.05904290347513097
2018-11-18 14:54:00,-0.08393528940899841
2018-11-18 14:57:00,-0.06425189629646866
2018-11-18 15:00:00,-0.1492078255446927
2018-11-18 15:03:00,-0.1252290861173151
2018-11-18 15:06:00,-0.04449964046727928
2018-11-18 15:09:00,0.04626423153416681
2018-11-18 15:12:00,0.026949839067867742
2018-11-18 15:15:00,-0.0018873147548106317
2018-11-18 15:18:00,-0.020958710372781297
2018-11-18 15:21:00,-0.015986337172194
2018-11-18 15:24:00,-0.03253535393145057
2018-11-18 15:27:00,-0.03258530509640423
2018-11-18 15:30:00,-0.03252574546684173
2018-11-18 15:33:00,0.021566143715688213
2018-11-18 15:36:00,0.03500365728217503
2018-11-18 15:39:00,0.10788339784312484
2018-11-18 15:42:00,0.09078406454921151
2018-11-18 15:45:00,-0.035659937275397624
2018-11-18 15:48:00,0.04740871687886283
2018-11-18 15:51:00,-0.019848096887699285
2018-11-18 15:54:00,-0.03518370801469928
2018-11-18 15:57:00,-0.049581278450602895
2018-11-18 16:00:00,-0.04342501661142251
2018-11-18 16:03:00,0.011907884101958643
2018-11-18 16:06:00,-0.022610643527855245
2018-11-18 16:09:00,-0.0448654394483583
2018-11-18 16:12:00,0.0353620878207721
2018-11-18 16:15:00,-0.005695533707182676
2018-11-18 16:18:00,0.07650427150292671
2018-11-18 16:21:00,-0.12456497269425881
2018-11-18 16:24:00,0.01049073080804419
2018-11-18 16:27:00,-0.030604460550875956
2018-11-18 16:30:00,0.026581981054334847
2018-11-18 16:33:00,0.1845375602925401
2018-11-18 16:36:00,0.20085415617467106
2018-11-18 16:39:00,0.15508912793552554
2018-11-18 16:42:00,0.23676223462541657
2018-11-18 16:45:00,0.10087310073754452
2018-11-18 16:48:00,-0.11913059267726567
2018-11-18 16:51:00,-0.04041700638953216
2018-11-18 16:54:00,0.03018192250397078
2018-11-18 16:57:00,-0.08253810928738403
2018-11-18 17:00:00,0.06335224521461669
2018-11-18 17:03:00,0.053924770157266266
2018-11-18 17:06:00,-0.03741372963889944
2018-11-18 17:09:00,-0.04878662298835934
2018-11-18 17:12:00,0.03043749501722459
2018-11-18 17:15:00,-0.02504149841513481
2018-11-18 17:18:00,0.0392474701840797
2018-11-18 17:21:00,-0.14450826996500155
2018-11-18 17:24:00,-0.12327949554060069
2018-11-18 17:27:00,-0.09740175979351307
2018-11-18 17:30:00,-0.18198346078980876
2018-11-18 17:33:00,-0.09055086836553983
2018-11-18 17:36:00,-0.16940676447745773
2018-11-18 17:39:00,-0.10871154749912648
2018-11-18 17:42:00,-0.03357237912416622
2018-11-18 17:45:00,-0.14901507746373
2018-11-18 17:48:00,-0.08490389633811901
2018-11-18 17:51:00,-0.09935075178918851
2018-11-18 17:54:00,-0.06035194215081674
2018-11-18 17:57:00,-0.1283193260564417
2018-11-18 18:00:00,-0.1528523021799515
2018-11-18 18:03:00,-0.07512822802993924
2018-11-18 18:06:00,-0.13595445050628996
2018-11-18 18:09:00,-0.0845274439707282
2018-11-18 18:12:00,-0.023607866174018
2018-11-18 18:15:00,-0.027479552937222707
2018-11-18 18:18:00,-0.02649168640800781
2018-11-18 18:21:00,0.048842380262271945
2018-11-18 18:24:00,-0.09256243405741316
2018-11-18 18:27:00,-0.03811388551247319
2018-11-18 18:30:00,-0.074302603207002
2018-11-18 18:33:00,-0.10931424740329021
2018-11-18 18:36:00,-0.04357088500637474
2018-11-18 18:39:00,-0.07150962501310687
2018-11-18 18:42:00,-0.11558704517426577
2018-11-18 18:45:00,-0.07736963840449107
2018-11-18 18:48:00,0.06645903055749613
2018-11-18 18:51:00,-0.11095345816545432
2018-11-18 18:54:00,
2018-11-18 18:57:00,
2018-11-18 19:00:00,
2018-11-18 19:03:00,-0.04472067408960356
2018-11-18 19:06:00,0.04101729559300793
2018-11-18 19:09:00,-0.06385302963565209
2018-11-18 19:12:00,-0.0682922405762838
2018-11-18 19:15:00,0.025577055701091922
2018-11-18 19:18:00,-0.07566079487969546
2018-11-18 19:21:00,0.05228276040554647
2018-11-18 19:24:00,-0.07620496306554969
2018-11-18 19:27:00,0.058744923184121944
2018-11-18 19:30:00,-0.042931938271692616
2018-11-18 19:33:00,-0.05102864375970739
2018-11-18 19:36:00,-0.05089478888589838
2018-11-18 19:39:00,0.033335185295584324
2018-11-18 19:42:00,0.09043942097002855
2018-11-18 19:45:00,-0.02072765896400597
2018-11-18 19:48:00,0.032608844820686045
2018-11-18 19:51:00,-0.005047134946892129
2018-11-18 19:54:00,-0.11183427300409221
2018-11-18 19:57:00,0.042266145711096215
2018-11-18 20:00:00,-0.06873688630213337
2018-11-18 20:03:00,0.06542553518653449
2018-11-18 20:06:00,0.05097184888222728
2018-11-18 20:09:00,-0.0025306424783479997
2018-11-18 20:12:00,-0.03651636676323733
2018-11-18 20:15:00,0.011426259571464925
2018-11-18 20:18:00,-0.023721854639063622
2018-11-18 20:21:00,0.03856839976623405
2018-11-18 20:24:00,0.01229117593140927
2018-11-18 20:27:00,0.16847241023930337
2018-11-18 20:30:00,0.1551881028584603
2018-11-18 20:33:00,0.027083641027900285
2018-11-18 20:36:00,0.013489946704339673
2018-11-18 20:39:00,0.08225700374214284
2018-11-18 20:42:00,0.08136795818387554
2018-11-18 20:45:00,0.008662020820395355
2018-11-18 20:48:00,0.061840515616836456
2018-11-18 20:51:00,0.11066136558497419
2018-11-18 20:54:00,0.01167125653603307
2018-11-18 20:57:00,0.1165456336545958
2018-11-18 21:00:00,0.015508979898470443
2018-11-18 21:03:00,0.08032361163202495
2018-11-18 21:06:00,-0.021928807904430414
2018-11-18 21:09:00,0.004497480682232435
2018-11-18 21:12:00,0.1292939172080878
2018-11-18 21:15:00,0.016208492144357933
2018-11-18 21:18:00,0.051165441533612466
2018-11-18 21:21:00,0.03935626304519246
2018-11-18 21:24:00,0.08202175410269774
2018-11-18 21:27:00,0.005411773600712877
2018-11-18 21:30:00,0.0989395360318781
2018-11-18 21:33:00,0.038497990400344406
2018-11-18 21:36:00,0.10013976845709749
2018-11-18 21:39:00,0.06156513679758291
2018-11-18 21:42:00,0.0849991939645065
2018-11-18 21:45:00,0.09820220543571168
2018-11-18 21:48:00,0.08255305103818955
2018-11-18 21:51:00,0.006126496630940892
2018-11-18 21:54:00,0.068516877886168
2018-11-18 21:57:00,0.11993202418170767
2018-11-18 22:00:00,0.14450903382748947
2018-11-18 22:03:00,0.1573471565404816
2018-11-18 22:06:00,0.12532110448250933
2018-11-18 22:09:00,0.08136429643593601
2018-11-18 22:12:00,0.12819885455741087
2018-11-18 22:15:00,0.03127731195775141
2018-11-18 22:18:00,0.18253941316669398
2018-11-18 22:21:00,0.09787621589782702
2018-11-18 22:24:00,0.2144205790631304
2018-11-18 22:27:00,0.18749369196342514
2018-11-18 22:30:00,0.1762065856045183
2018-11-18 22:33:00,0.0046295359004489
2018-11-18 22:36:00,0.0757495779708961
2018-11-18 22:39:00,0.15155052470385044
2018-11-18 22:42:00,0.1997377491497332
2018-11-18 22:45:00,0.10184202321187286
2018-11-18 22:48:00,0.06661586797514474
2018-11-18 22:51:00,0.0742886734767012
2018-11-18 22:54:00,0.1190482876042438
2018-11-18 22:57:00,0.15027134916886098
2018-11-18 23:00:00,0.04360293844564467
2018-11-18 23:03:00,0.14333523729658282
2018-11-18 23:06:00,0.060523887387148534
2018-11-18 23:09:00,0.04292600395484669
2018-11-18 23:12:00,0.11683885258821647
2018-11-18 23:15:00,-0.05142486209041408
2018-11-18 23:18:00,0.01855415122179238
2018-11-18 23:21:00,-0.008427118479858109
2018-11-18 23:24:00,0.10206466419998605
2018-11-18 23:27:00,0.1830030619843228
2018-11-18 23:30:00,0.07659021285212475
2018-11-18 23:33:00,0.0603203416303586
2018-11-18 23:36:00,0.11859289025761655
2018-11-18 23:39:00,0.037746584935462124
2018-11-18 23:42:00,0.15578512343466855
2018-11-18 23:45:00,0.08756123483357214
2018-11-18 23:48:00,0.14074444233909844
2018-11-18 23:51:00,0.1386540155219791
2018-11-18 23:54:00,0.13478411796319278
2018-11-18 23:57:00,0.12229267226172169
2018-11-19 00:00:00,0.18034713717577233
2018-11-19 00:03:00,0.09231495224622677
2018-11-19 00:06:00,0.1565384747912617
2018-11-19 00:09:00,0.24818687561349861
2018-11-19 00:12:00,0.18615426921905964
2018-11-19 00:15:00,0.18228262739074808
2018-11-19 00:18:00,0.2031431111268489
2018-11-19 00:21:00,0.18709042309842516
2018-11-19 00:24:00,0.2158085421297642
2018-11-19 00:27:00,0.22550122834286412
2018-11-19 00:30:00,0.1345312775577554
2018-11-19 00:33:00,0.22184936750375073
2018-11-19 00:36:00,0.22514814926120152
2018-11-19 00:39:00,0.1637207008726591
2018-11-19 00:42:00,0.11189943747206144
2018-11-19 00:45:00,0.13174277949872248
2018-11-19 00:48:00,0.2625276687318774
2018-11-19 00:51:00,0.3178065007505211
2018-11-19 00:54:00,0.34506791499831024
2018-11-19 00:57:00,0.27791119698622424
2018-11-19 01:00:00,0.1631172431867185
2018-11-19 01:03:00,0.12382552235112598
2018-11-19 01:06:00,0.09357468110374612
2018-11-19 01:09:00,0.07348308802954762
2018-11-19 01:12:00,0.08567718732382446
2018-11-19 01:15:00,0.13146405221328905
2018-11-19 01:18:00,0.2308153367167165
2018-11-19 01:21:00,0.23900012873087917
2018-11-19 01:24:00,0.2095419807967005
2018-11-19 01:27:00,0.22111202771179705
2018-11-19 01:30:00,0.18058033502205717
2018-11-19 01:33:00,0.15241790725701776
2018-11-19 01:36:00,0.09069835639132862
2018-11-19 01:39:00,0.10915126349044613
2018-11-19 01:42:00,0.15236491134140806
2018-11-19 01:45:00,0.22810605201851786
2018-11-19 01:48:00,0.23209917674643066
2018-11-19 01:51:00,0.22537592188484723
2018-11-19 01:54:00,0.1912134145887876
2018-11-19 01:57:00,0.2614642019835287
2018-11-19 02:00:00,0.18541370412776814
2018-11-19 02:03:00,0.2779928777387113
2018-11-19 02:06:00,0.22786627827372286
2018-11-19 02:09:00,0.21627247724825338
2018-11-19 02:12:00,0.1595936939812077
2018-11-19 02:15:00,0.19548193871980857
2018-11-19 02:18:00,0.23257482835032306
2018-11-19 02:21:00,0.25476818757510955
2018-11-19 02:24:00,0.2368922916396059
2018-11-19 02:27:00,0.3746846650925022
2018-11-19 02:30:00,0.35470057107221464
2018-11-19 02:33:00,0.3906653916907885
2018-11-19 02:36:00,0.3663256541126998
2018-11-19 02:39:00,0.39540665795863106
2018-11-19 02:42:00,0.36296188010845754
2018-11-19 02:45:00,0.24272329983256213
2018-11-19 02:48:00,0.3062130318492109
2018-11-19 02:51:00,0.27469920008348936
2018-11-19 02:54:00,0.2903797331647411
2018-11-19 02:57:00,0.2832577369460978
2018-11-19 03:00:00,0.28196131819976245
2018-11-19 03:03:00,0.324782038571243
2018-11-19 03:06:00,0.2716059107884803
2018-11-19 03:09:00,0.32747471164418585
2018-11-19 03:12:00,0.46398545031138383
2018-11-19 03:15:00,0.456909935093222
2018-11-19 03:18:00,0.47183406196415945
2018-11-19 03:21:00,0.37142887893554644
2018-11-19 03:24:00,0.39931859204159537
2018-11-19 03:27:00,0.2817614202870118
2018-11-19 03:30:00,0.3137964164084224
2018-11-19 03:33:00,0.2781827945555051
2018-11-19 03:36:00,0.299810322302676
2018-11-19 03:39:00,0.379312760208677
2018-11-19 03:42:00,0.3345751817292921
2018-11-19 03:45:00,0.40769929866411303
2018-11-19 03:48:00,0.3565634005632887
2018-11-19 03:51:00,0.31238564253641243
2018-11-19 03:54:00,0.2716747557752228
2018-11-19 03:57:00,0.325535984799842
2018-11-19 04:00:00,0.35176878946020906
2018-11-19 04:03:00,0.30152679308736197
2018-11-19 04:06:00,0.33287644455759846
2018-11-19 04:09:00,0.39408172237438066
2018-11-19 04:12:00,0.25780753727599404
2018-11-19 04:15:00,0.21391298778411283
2018-11-19 04:18:00,0.25248511550745434
2018-11-19 04:21:00,0.3399369238179588
2018-11-19 04:24:00,0.24298551230640442
2018-11-19 04:27:00,0.3190109583928802
2018-11-19 04:30:00,0.31510547899915764
2018-11-19 04:33:00,0.3156628298310693
2018-11-19 04:36:00,0.41348098154560375
2018-11-19 04:39:00,0.23912569645642634
2018-11-19 04:42:00,0.31095195995590075
2018-11-19 04:45:00,0.33853726820211705
2018-11-19 04:48:00,0.2547191905143791
2018-11-19 04:51:00,0.28467926084397277
2018-11-19 04:54:00,0.3153459665666105
2018-11-19 04:57:00,0.2781689221272927
2018-11-19 05:00:00,0.30724776823046795
2018-11-19 05:03:00,0.18964435512668842
2018-11-19 05:06:00,0.22178859250061578
2018-11-19 05:09:00,0.33953296015971546
2018-11-19 05:12:00,0.19841362099384696
2018-11-19 05:15:00,0.22931947279715814
2018-11-19 05:18:00,0.2147257010282715
2018-11-19 05:21:00,0.2516130154157281
2018-11-19 05:24:00,0.2114755628441003
2018-11-19 05:27:00,0.21291317362664586
2018-11-19 05:30:00,0.134530035755688
2018-11-19 05:33:00,0.22840771723286935
2018-11-19 05:36:00,0.21063412803380288
2018-11-19 05:39:00,0.2286464459133981
2018-11-19 05:42:00,0.15140457198600643
2018-11-19 05:45:00,0.29951444160479923
2018-11-19 05:48:00,0.15844535228575296
2018-11-19 05:51:00,0.1931197975805503
2018-11-19 05:54:00,0.13231165139944778
2018-11-19 05:57:00,0.217495121179752
2018-11-19 06:00:00,0.25492230828467655
2018-11-19 06:03:00,0.3313365301266913
2018-11-19 06:06:00,0.16693486211568143
2018-11-19 06:09:00,0.18354434641906892
2018-11-19 06:12:00,0.2455941824488832
2018-11-19 06:15:00,0.23828108095710832
2018-11-19 06:18:00,0.15891522414432302
2018-11-19 06:21:00,0.24683313071915336
2018-11-19 06:24:00,0.23408354638354467
2018-11-19 06:27:00,0.21569347206775547
2018-11-19 06:30:00,0.2700841129168907
2018-11-19 06:33:00,0.2397427965831298
2018-11-19 06:36:00,0.2848352870118447
2018-11-19 06:39:00,0.29368781010970224
2018-11-19 06:42:00,0.2736966126429934
2018-11-19 06:45:00,0.38136449210151113
2018-11-19 06:48:00,0.33250161454395766
2018-11-19 06:51:00,0.36382781668419284
2018-11-19 06:54:00,0.3511381098843458
2018-11-19 06:57:00,0.4007082035923304
2018-11-19 07:00:00,0.3123273763470138
2018-11-19 07:03:00,0.37801718173642485
2018-11-19 07:06:00,0.3344838207041789
2018-11-19 07:09:00,0.3485428025425108
2018-11-19 07:12:00,0.4250187645834558
2018-11-19 07:15:00,0.3855976117102955
2018-11-19 07:18:00,0.3483383115386687
2018-11-19 07:21:00,0.2884573741844747
2018-11-19 07:24:00,0.3698985378992461
2018-11-19 07:27:00,0.3053250204283131
2018-11-19 07:30:00,0.32579201063975916
2018-11-19 07:33:00,0.3537829424265624
2018-11-19 07:36:00,0.326993139151341
2018-11-19 07:39:00,0.3073829173347917
2018-11-19 07:42:00,0.3799495644452122
2018-11-19 07:45:00,0.3839298514014331
2018-11-19 07:48:00,0.3045849697796825
2018-11-19 07:51:00,0.2860131123623546
2018-11-19 07:54:00,0.3360038244133534
2018-11-19 07:57:00,0.2424712543634655
2018-11-19 08:00:00,0.3080775630594985
2018-11-19 08:03:00,0.25549377268288254
2018-11-19 08:06:00,0.265438591248369
2018-11-19 08:09:00,0.3508284850103678
2018-11-19 08:12:00,0.24255012819287458
2018-11-19 08:15:00,0.34475889504557244
2018-11-19 08:18:00,0.35613465988308235
2018-11-19 08:21:00,0.32959955298457544
2018-11-19 08:24:00,0.2795349248237926
2018-11-19 08:27:00,0.32725515063924604
2018-11-19 08:30:00,0.2515460102568454
2018-11-19 08:33:00,0.3538770981625703
2018-11-19 08:36:00,0.4047704842969324
2018-11-19 08:39:00,0.3811355061918107
2018-11-19 08:42:00,0.24800172056814063
2018-11-19 08:45:00,0.21668408768636027
2018-11-19 08:48:00,0.2685308045233228
2018-11-19 08:51:00,0.2818905374824112
2018-11-19 08:54:00,0.21138876368189585
2018-11-19 08:57:00,0.22201656505677647
2018-11-19 09:00:00,0.20094338790545407
2018-11-19 09:03:00,0.2221676476644916
2018-11-19 09:06:00,0.15991573732168263
2018-11-19 09:09:00,0.2012665948386143
2018-11-19 09:12:00,0.23206621854018294
2018-11-19 09:15:00,0.13051298857220672
2018-11-19 09:18:00,0.12106485881093931
2018-11-19 09:21:00,0.0929600813185516
2018-11-19 09:24:00,0.2784684600708829
2018-11-19 09:27:00,0.1650243385983572
2018-11-19 09:30:00,0.14530115422644485
2018-11-19 09:33:00,0.07093583223388578
2018-11-19 09:36:00,0.04425446664095034
2018-11-19 09:39:00,0.09368977927096012
2018-11-19 09:42:00,0.07112483503607336
2018-11-19 09:45:00,0.05784970409632706
2018-11-19 09:48:00,0.011455147438653057
2018-11-19 09:51:00,-0.003419685184269383
2018-11-19 09:54:00,-0.008381919953706074
2018-11-19 09:57:00,0.05044763721110712
2018-11-19 10:00:00,0.014732013469426875
2018-11-19 10:03:00,-0.009041984129169123
2018-11-19 10:06:00,0.15467153064656713
2018-11-19 10:09:00,0.010098122991905711
2018-11-19 10:12:00,0.024953895788428326
2018-11-19 10:15:00,-0.09548085060072253
2018-11-19 10:18:00,0.04250304221704937
2018-11-19 10:21:00,-0.05780546033531664
2018-11-19 10:24:00,-0.1151363924880684
2018-11-19 10:27:00,-0.09526938848500777
2018-11-19 10:30:00,-0.1860520694212937
2018-11-19 10:33:00,-0.1571419924040356
2018-11-19 10:36:00,-0.18873013054735566
2018-11-19 10:39:00,-0.24862339367103914
2018-11-19 10:42:00,-0.1657850474902034
2018-11-19 10:45:00,-0.24445339615454031
2018-11-19 10:48:00,-0.13482215539511344
2018-11-19 10:51:00,-0.13894569319484162
2018-11-19 10:54:00,-0.16294121156062147
2018-11-19 10:57:00,-0.20604476467320865
2018-11-19 11:00:00,-0.23843117812742776
2018-11-19 11:03:00,-0.1806169861291096
2018-11-19 11:06:00,-0.10230062607251966
2018-11-19 11:09:00,-0.21932217750708105
2018-11-19 11:12:00,-0.1719654281197336
2018-11-19 11:15:00,-0.09164820252203754
2018-11-19 11:18:00,-0.11253167099300754
2018-11-19 11:21:00,-0.05203642733494007
2018-11-19 11:24:00,-0.060102395440480905
2018-11-19 11:27:00,-0.10333819905304154
2018-11-19 11:30:00,-0.18495210226569725
2018-11-19 11:33:00,-0.1542111671484463
2018-11-19 11:36:00,-0.22229175693030356
2018-11-19 11:39:00,-0.15935620701480957
2018-11-19 11:42:00,-0.20264152553630765
2018-11-19 11:45:00,-0.2149318674389633
2018-11-19 11:48:00,-0.1118594516000826
2018-11-19 11:51:00,-0.02923121782924909
2018-11-19 11:54:00,0.0554533518410949
2018-11-19 11:57:00,0.08776650943752884
2018-11-19 12:00:00,-0.004576528372183475
2018-11-19 12:03:00,-0.013766896182289656
2018-11-19 12:06:00,-0.06457509175254472
2018-11-19 12:09:00,-0.17964180326652013
2018-11-19 12:12:00,-0.22474451326831968
2018-11-19 12:15:00,-0.22935161136365423
2018-11-19 12:18:00,-0.25156236581574376
2018-11-19 12:21:00,-0.254769374036357
2018-11-19 12:24:00,-0.2528965517066126
2018-11-19 12:27:00,-0.17249569198361314
2018-11-19 12:30:00,-0.29483028583035775
2018-11-19 12:33:00,-0.17386854262178986
2018-11-19 12:36:00,-0.30045496065037014
2018-11-19 12:39:00,-0.2343576344338203
2018-11-19 12:42:00,-0.2680558288120096
2018-11-19 12:45:00,-0.2363561478909446
2018-11-19 12:48:00,-0.2477403108815679
2018-11-19 12:51:00,-0.15208785028784177
2018-11-19 12:54:00,-0.2452176022732715
2018-11-19 12:57:00,-0.21572005112636816
2018-11-19 13:00:00,-0.24983266880303745
2018-11-19 13:03:00,-0.237833114286218
2018-11-19 13:06:00,-0.31310112897517683
2018-11-19 13:09:00,-0.369093101494002
2018-11-19 13:12:00,-0.3975733102390677
2018-11-19 13:15:00,-0.32835836772358107
2018-11-19 13:18:00,-0.30160746792324744
2018-11-19 13:21:00,-0.408202164144825
2018-11-19 13:24:00,-0.37083925435985066
2018-11-19 13:27:00,-0.43195021587496285
2018-11-19 13:30:00,-0.24023046059500075
2018-11-19 13:33:00,-0.4122730658843352
2018-11-19 13:36:00,-0.3363840465678436
2018-11-19 13:39:00,-0.3522502617300347
2018-11-19 13:42:00,-0.35089013227093346
2018-11-19 13:45:00,-0.3113112106925655
2018-11-19 13:48:00,-0.41167011998174985
2018-11-19 13:51:00,-0.3429159538598583
2018-11-19 13:54:00,-0.35063550548352396
2018-11-19 13:57:00,-0.39327248965446415
2018-11-19 14:00:00,-0.3688788378244112
2018-11-19 14:03:00,-0.4176652432909691
2018-11-19 14:06:00,-0.45986369352687007
2018-11-19 14:09:00,-0.31559155533000194
2018-11-19 14:12:00,-0.38109462155938445
2018-11-19 14:15:00,-0.3679317236234283
2018-11-19 14:18:00,-0.38800541628609153
2018-11-19 14:21:00,-0.3712031739044619
2018-11-19 14:24:00,-0.38360448854638207
2018-11-19 14:27:00,-0.34709760157267056
2018-11-19 14:30:00,-0.35587554841862357
2018-11-19 14:33:00,-0.38108512890056545
2018-11-19 14:36:00,-0.4327833610092853
2018-11-19 14:39:00,-0.3752514576044632
2018-11-19 14:42:00,-0.29455532533160067
2018-11-19 14:45:00,-0.42391534690102617
2018-11-19 14:48:00,-0.4492821290742768
2018-11-19 14:51:00,-0.41624092828550374
2018-11-19 14:54:00,-0.4239435705232495
2018-11-19 14:57:00,-0.3880790856002818
2018-11-19 15:00:00,-0.36291086097133984
2018-11-19 15:03:00,-0.3581085977882026
2018-11-19 15:06:00,-0.41795775425316606
2018-11-19 15:09:00,-0.389398485809636
2018-11-19 15:12:00,-0.4242175951752074
2018-11-19 15:15:00,-0.438310477501318
2018-11-19 15:18:00,-0.32523233834638177
2018-11-19 15:21:00,-0.373557968153591
2018-11-19 15:24:00,-0.45092046630543337
2018-11-19 15:27:00,-0.38473598057311165
2018-11-19 15:30:00,-0.391825640519869
2018-11-19 15:33:00,-0.4166185425880826
2018-11-19 15:36:00,-0.3449746222653971
2018-11-19 15:39:00,-0.34899319843236754
2018-11-19 15:42:00,-0.34163307962938916
2018-11-19 15:45:00,-0.34270653752190583
2018-11-19 15:48:00,-0.33002511601875995
2018-11-19 15:51:00,-0.34051180596264885
2018-11-19 15:54:00,-0.25923792034581083
2018-11-19 15:57:00,-0.34153594753826155
2018-11-19 16:00:00,-0.25059625296580634
2018-11-19 16:03:00,-0.32817326709835015
2018-11-19 16:06:00,-0.35780562883815037
2018-11-19 16:09:00,-0.37241925836525525
2018-11-19 16:12:00,-0.3805656544844851
2018-11-19 16:15:00,-0.32789494043930745
2018-11-19 16:18:00,-0.2977644366596337
2018-11-19 16:21:00,-0.27447055397118447
2018-11-19 16:24:00,-0.25987243181015174
2018-11-19 16:27:00,-0.20235705026982487
2018-11-19 16:30:00,-0.19440933616158418
2018-11-19 16:33:00,-0.29481923892876694
2018-11-19 16:36:00,-0.2653896035683374
2018-11-19 16:39:00,-0.33305416792785536
2018-11-19 16:42:00,-0.26737293069760426
2018-11-19 16:45:00,-0.30545780008066004
2018-11-19 16:48:00,-0.2188737386886146
2018-11-19 16:51:00,-0.2498811733361208
2018-11-19 16:54:00,-0.28395267152842507
2018-11-19 16:57:00,-0.3098661649925134
2018-11-19 17:00:00,-0.293225287364578
2018-11-19 17:03:00,-0.2835802225893076
2018-11-19 17:06:00,-0.22328905235815455
2018-11-19 17:09:00,-0.2985879965322056
2018-11-19 17:12:00,-0.17217354687466013
2018-11-19 17:15:00,-0.22477948447163953
2018-11-19 17:18:00,-0.2438084107955092
2018-11-19 17:21:00,-0.2971818992131716
2018-11-19 17:24:00,-0.1906773550662706
2018-11-19 17:27:00,-0.2754261009556558
2018-11-19 17:30:00,-0.22325059105111222
2018-11-19 17:33:00,-0.20293014969576006
2018-11-19 17:36:00,-0.2085368820550002
2018-11-19 17:39:00,-0.23411674740526678
2018-11-19 17:42:00,-0.19868332144233136
2018-11-19 17:45:00,-0.08173573145728597
2018-11-19 17:48:00,-0.1409646896457275
2018-11-19 17:51:00,-0.18385843863086393
2018-11-19 17:54:00,-0.14243940985505787
2018-11-19 17:57:00,-0.2443267932345634
2018-11-19 18:00:00,-0.168405922424256
2018-11-19 18:03:00,-0.08718531985658728
2018-11-19 18:06:00,-0.13684406337745258
2018-11-19 18:09:00,-0.16107231654314091
2018-11-19 18:12:00,-0.11838852179215564
2018-11-19 18:15:00,-0.07778514434494355
2018-11-19 18:18:00,-0.05378844107957548
2018-11-19 18:21:00,0.009230523253620504
2018-11-19 18:24:00,-0.07385313673592009
2018-11-19 18:27:00,0.009890109514856249
2018-11-19 18:30:00,-0.10171250607589855
2018-11-19 18:33:00,-0.09847729119712767
2018-11-19 18:36:00,-0.08519175082091124
2018-11-19 18:39:00,-0.047923884553028984
2018-11-19 18:42:00,-0.019710394681908383
2018-11-19 18:45:00,-0.006094318921896047
2018-11-19 18:48:00,-0.028467042177169333
2018-11-19 18:51:00,0.04335760856122306
2018-11-19 18:54:00,
2018-11-19 18:57:00,
2018-11-19 19:00:00,
2018-11-19 19:03:00,0.06709964739610541
2018-11-19 19:06:00,-0.035319779134454166
2018-11-19 19:09:00,0.08461493783806873
2018-11-19 19:12:00,0.006245694462222673
2018-11-19 19:15:00,0.08624419816050022
2018-11-19 19:18:00,0.05335298180347081
2018-11-19 19:21:00,0.06115617263532158
2018-11-19 19:24:00,0.07422987150005156
2018-11-19 19:27:00,0.081523046667769
2018-11-19 19:30:00,0.11332791680109722
2018-11-19 19:33:00,0.13320000826007572
2018-11-19 19:36:00,0.021169309531899216
2018-11-19 19:39:00,0.10526586105407887
2018-11-19 19:42:00,0.09614086445725434
2018-11-19 19:45:00,0.15271595043753905
2018-11-19 19:48:00,0.04759130048273619
2018-11-19 19:51:00,0.12028771505401892
2018-11-19 19:54:00,0.09357778926005267
2018-11-19 19:57:00,0.13217143227706174
2018-11-19 20:00:00,0.06125314833900575
2018-11-19 20:03:00,0.1279248566963247
2018-11-19 20:06:00,0.08205826828776708
2018-11-19 20:09:00,0.09405763015308821
2018-11-19 20:12:00,0.06856150642215653
2018-11-19 20:15:00,0.16198839908184937
2018-11-19 20:18:00,0.0459790844807344
2018-11-19 20:21:00,0.09337460699003941
2018-11-19 20:24:00,0.07434281258582587
2018-11-19 20:27:00,0.04396557130877454
2018-11-19 20:30:00,0.13451423459059697
2018-11-19 20:33:00,0.04370734281479827
2018-11-19 20:36:00,0.06645240132911567
2018-11-19 20:39:00,0.09807742456479218
2018-11-19 20:42:00,0.055602568064728075
2018-11-19 20:45:00,0.15968377017560442
2018-11-19 20:48:00,0.041300184062436074
2018-11-19 20:51:00,0.11680889573915465
2018-11-19 20:54:00,0.13812452824168986
2018-11-19 20:57:00,0.07995496631605192
2018-11-19 21:00:00,-0.010367338898845446
2018-11-19 21:03:00,0.0683666358853543
2018-11-19 21:06:00,0.07224388345474608
2018-11-19 21:09:00,0.09319789891088703
2018-11-19 21:12:00,0.12037057465892076
2018-11-19 21:15:00,0.06487750190905217
2018-11-19 21:18:00,0.029781669149144818
2018-11-19 21:21:00,0.09547062225385616
2018-11-19 21:24:00,0.1630191488416699
2018-11-19 21:27:00,0.11679267057940024
2018-11-19 21:30:00,0.18194346458369637
2018-11-19 21:33:00,0.13753805351745996
2018-11-19 21:36:00,0.1490723920308028
2018-11-19 21:39:00,0.06935691232769159
2018-11-19 21:42:00,0.04078940970674694
2018-11-19 21:45:00,0.04119633133279876
2018-11-19 21:48:00,0.034506206843332166
2018-11-19 21:51:00,0.0015383931980181842
2018-11-19 21:54:00,0.12711321287355304
2018-11-19 21:57:00,0.07798182555234234
2018-11-19 22:00:00,0.1382625632349459
2018-11-19 22:03:00,0.10448903135886667
2018-11-19 22:06:00,0.16652412349822043
2018-11-19 22:09:00,0.13344941433240365
2018-11-19 22:12:00,0.16803445863394018
2018-11-19 22:15:00,0.08204988163123517
2018-11-19 22:18:00,0.13480674258499903
2018-11-19 22:21:00,0.1622304237375829
2018-11-19 22:24:00,0.11688398832001212
2018-11-19 22:27:00,0.10228814486214333
2018-11-19 22:30:00,0.10275451422660353
2018-11-19 22:33:00,0.1476356654055735
2018-11-19 22:36:00,0.2579445818482782
2018-11-19 22:39:00,0.0960008056595143
2018-11-19 22:42:00,0.17124902351753235
2018-11-19 22:45:00,0.13281916759319756
2018-11-19 22:48:00,0.12453991529122277
2018-11-19 22:51:00,0.10348654670104906
2018-11-19 22:54:00,0.09173759471173071
2018-11-19 22:57:00,0.004665735998003129
2018-11-19 23:00:00,0.0998073165234814
2018-11-19 23:03:00,0.07011373588954939
2018-11-19 23:06:00,0.06646065692876846
2018-11-19 23:09:00,0.07819582517873869
2018-11-19 23:12:00,0.1570713324473445
2018-11-19 23:15:00,0.18904380754253225
2018-11-19 23:18:00,0.07479533649916448
2018-11-19 23:21:00,0.1440450746565034
2018-11-19 23:24:00,0.2139443977139308
2018-11-19 23:27:00,0.17290227300406968
2018-11-19 23:30:00,0.09950218853612114
2018-11-19 23:33:00,0.23010252983328883
2018-11-19 23:36:00,0.1920864931606161
2018-11-19 23:39:00,0.10186220741729812
2018-11-19 23:42:00,0.11891845922423272
2018-11-19 23:45:00,0.15539234692658965
2018-11-19 23:48:00,0.1671406816406602
2018-11-19 23:51:00,0.14267953879152628
2018-11-19 23:54:00,0.17227837123857626
2018-11-19 23:57:00,0.07246496703362482
2018-11-20 00:00:00,0.14651992766158628
2018-11-20 00:03:00,0.07005767204702806
2018-11-20 00:06:00,0.20122149393580457
2018-11-20 00:09:00,0.0806455167056015
2018-11-20 00:12:00,0.14507901668952172
2018-11-20 00:15:00,0.16730017112831774
2018-11-20 00:18:00,0.1418788147374812
2018-11-20 00:21:00,0.14241628110090687
2018-11-20 00:24:00,0.13254953835979677
2018-11-20 00:27:00,0.09315504895454296
2018-11-20 00:30:00,0.13880539198589759
2018-11-20 00:33:00,0.16124257238266182
2018-11-20 00:36:00,0.19514021817491312
2018-11-20 00:39:00,0.14868138403312514
2018-11-20 00:42:00,0.14465247566158723
2018-11-20 00:45:00,0.11212324251374639
2018-11-20 00:48:00,0.08606248306239195
2018-11-20 00:51:00,0.17735991376878246
2018-11-20 00:54:00,0.12787096041085988
2018-11-20 00:57:00,0.09641378314091753
2018-11-20 01:00:00,0.05654237927643635
2018-11-20 01:03:00,0.12236893387461123
2018-11-20 01:06:00,0.1416681568000513
2018-11-20 01:09:00,0.2003402568087722
2018-11-20 01:12:00,0.211412688748851
2018-11-20 01:15:00,0.17760862358028362
2018-11-20 01:18:00,0.15071846330812377
2018-11-20 01:21:00,0.15163310627190185
2018-11-20 01:24:00,0.2256432517108351
2018-11-20 01:27:00,0.22178995037063487
2018-11-20 01:30:00,0.2368637622809615
2018-11-20 01:33:00,0.2467912195533586
2018-11-20 01:36:00,0.21082304218901982
2018-11-20 01:39:00,0.17013142031800044
2018-11-20 01:42:00,0.22674474186891302
2018-11-20 01:45:00,0.14919814297104494
2018-11-20 01:48:00,0.21610638200337462
2018-11-20 01:51:00,0.09008694784682802
2018-11-20 01:54:00,0.13136257291967013
2018-11-20 01:57:00,0.11433496803687149
2018-11-20 02:00:00,0.2184221554339274
2018-11-20 02:03:00,0.2563308704459928
2018-11-20 02:06:00,0.1645456507817471
2018-11-20 02:09:00,0.05853758369147499
2018-11-20 02:12:00,0.24957341778980435
2018-11-20 02:15:00,0.19276300361519816
2018-11-20 02:18:00,0.16223052768134494
2018-11-20 02:21:00,0.3020823784357276
2018-11-20 02:24:00,0.30719542074297124
2018-11-20 02:27:00,0.2733741138221717
2018-11-20 02:30:00,0.34819631117881045
2018-11-20 02:33:00,0.36984734003232234
2018-11-20 02:36:00,0.359725400620448
2018-11-20 02:39:00,0.4730981770725293
2018-11-20 02:42:00,0.5247406610617418
2018-11-20 02:45:00,0.5966384611477338
2018-11-20 02:48:00,0.6111954796371606
2018-11-20 02:51:00,0.5020886195529215
2018-11-20 02:54:00,0.31978378701506927
2018-11-20 02:57:00,0.4362783149632605
2018-11-20 03:00:00,0.416193120724472
2018-11-20 03:03:00,0.354169684285921
2018-11-20 03:06:00,0.2805079236099459
2018-11-20 03:09:00,0.31232581686720096
2018-11-20 03:12:00,0.20111772832615316
2018-11-20 03:15:00,0.2227535198729811
2018-11-20 03:18:00,0.2761117650516667
2018-11-20 03:21:00,0.21047294392724325
2018-11-20 03:24:00,0.24879385664314668
2018-11-20 03:27:00,0.19159740510161782
2018-11-20 03:30:00,0.31582111776856436
2018-11-20 03:33:00,0.20251340382714034
2018-11-20 03:36:00,0.17463221212244662
2018-11-20 03:39:00,0.23000832423434758
2018-11-20 03:42:00,0.21875577395542223
2018-11-20 03:45:00,0.21728547785926366
2018-11-20 03:48:00,0.2036296960660593
2018-11-20 03:51:00,0.18564974679742363
2018-11-20 03:54:00,0.24614932608170648
2018-11-20 03:57:00,0.24622260297542198
2018-11-20 04:00:00,0.28673800091871726
2018-11-20 04:03:00,0.1724445153860188
2018-11-20 04:06:00,0.18250163494315075
2018-11-20 04:09:00,0.045022887070103934
2018-11-20 04:12:00,0.1859996982886969
2018-11-20 04:15:00,0.17683763289255694
2018-11-20 04:18:00,0.20377821951598207
2018-11-20 04:21:00,0.194022962430779
2018-11-20 04:24:00,0.19401713248703345
2018-11-20 04:27:00,0.27698260396329033
2018-11-20 04:30:00,0.3028807604764552
2018-11-20 04:33:00,0.2894880786342924
2018-11-20 04:36:00,0.3851705170519608
2018-11-20 04:39:00,0.3685893318339595
2018-11-20 04:42:00,0.3850948861146435
2018-11-20 04:45:00,0.34995991545571314
2018-11-20 04:48:00,0.4138190714949701
2018-11-20 04:51:00,0.347007897807714
2018-11-20 04:54:00,0.4204824764741488
2018-11-20 04:57:00,0.40522798281403993
2018-11-20 05:00:00,0.4053243790041847
2018-11-20 05:03:00,0.4130914982983427
2018-11-20 05:06:00,0.43623182115834425
2018-11-20 05:09:00,0.381540982809895
2018-11-20 05:12:00,0.3446932695170517
2018-11-20 05:15:00,0.35893205668674
2018-11-20 05:18:00,0.34302426713514933
2018-11-20 05:21:00,0.270212427964168
2018-11-20 05:24:00,0.37000963690519484
2018-11-20 05:27:00,0.28875929256179234
2018-11-20 05:30:00,0.31406004193661374
2018-11-20 05:33:00,0.3694011496144185
2018-11-20 05:36:00,0.2964208916508255
2018-11-20 05:39:00,0.3576861289816975
2018-11-20 05:42:00,0.3163411914775338
2018-11-20 05:45:00,0.3119696594255288
2018-11-20 05:48:00,0.334871493836431
2018-11-20 05:51:00,0.3157045394996203
2018-11-20 05:54:00,0.2843216262321562
2018-11-20 05:57:00,0.2936557280675629
2018-11-20 06:00:00,0.28671085906211147
2018-11-20 06:03:00,0.13050550409695916
2018-11-20 06:06:00,0.2507337142355368
2018-11-20 06:09:00,0.26195210296663163
2018-11-20 06:12:00,0.2691742298470672
2018-11-20 06:15:00,0.29240040830524094
2018-11-20 06:18:00,0.3196100843292129
2018-11-20 06:21:00,0.2893191960225181
2018-11-20 06:24:00,0.25233079679117054
2018-11-20 06:27:00,0.36360344749380147
2018-11-20 06:30:00,0.3112861516040084
2018-11-20 06:33:00,0.37530063196311403
2018-11-20 06:36:00,0.276340250406065
2018-11-20 06:39:00,0.3594613834032998
2018-11-20 06:42:00,0.27170662286062
2018-11-20 06:45:00,0.3977808365575015
2018-11-20 06:48:00,0.37814233093394023
2018-11-20 06:51:00,0.3649512209452723
2018-11-20 06:54:00,0.3650858885904995
2018-11-20 06:57:00,0.3616042563725159
2018-11-20 07:00:00,0.3789753484924745
2018-11-20 07:03:00,0.45540384800176525
2018-11-20 07:06:00,0.42018705873920226
2018-11-20 07:09:00,0.483788951862266
2018-11-20 07:12:00,0.3715376240502337
2018-11-20 07:15:00,0.381486219817873
2018-11-20 07:18:00,0.4141782394582947
2018-11-20 07:21:00,0.33117414128167866
2018-11-20 07:24:00,0.3599754929494452
2018-11-20 07:27:00,0.41243902763778806
2018-11-20 07:30:00,0.3379212718313056
2018-11-20 07:33:00,0.26631635008953936
2018-11-20 07:36:00,0.38331002719240814
2018-11-20 07:39:00,0.39707309186235307
2018-11-20 07:42:00,0.2510642504857401
2018-11-20 07:45:00,0.3375392116278704
2018-11-20 07:48:00,0.36646721951461814
2018-11-20 07:51:00,0.356605269865895
2018-11-20 07:54:00,0.29472133021772606
2018-11-20 07:57:00,0.21646762841595546
2018-11-20 08:00:00,0.27803883864390855
2018-11-20 08:03:00,0.17574474071358281
2018-11-20 08:06:00,0.25009893657119164
2018-11-20 08:09:00,0.21342799263527468
2018-11-20 08:12:00,0.17885863354263165
2018-11-20 08:15:00,0.23217733491333092
2018-11-20 08:18:00,0.2743212297187938
2018-11-20 08:21:00,0.29145167370518266
2018-11-20 08:24:00,0.20895467514634447
2018-11-20 08:27:00,0.21579780706213114
2018-11-20 08:30:00,0.2336536007985046
2018-11-20 08:33:00,0.2964272360337077
2018-11-20 08:36:00,0.21056031031781686
2018-11-20 08:39:00,0.19007756912748164
2018-11-20 08:42:00,0.23706364902852783
2018-11-20 08:45:00,0.22832187538602966
2018-11-20 08:48:00,0.19204448832499565
2018-11-20 08:51:00,0.11446693764122529
2018-11-20 08:54:00,0.1654526617819556
2018-11-20 08:57:00,0.12096705182977985
2018-11-20 09:00:00,0.06900342171968532
2018-11-20 09:03:00,0.1253141652768477
2018-11-20 09:06:00,0.05350039484807212
2018-11-20 09:09:00,0.06835425676797513
2018-11-20 09:12:00,0.07561595965665902
2018-11-20 09:15:00,0.04271906668270731
2018-11-20 09:18:00,0.12917380403752077
2018-11-20 09:21:00,-0.0017755350752395316
2018-11-20 09:24:00,0.17376063924604068
2018-11-20 09:27:00,0.04506599608373563
2018-11-20 09:30:00,0.025807069137442795
2018-11-20 09:33:00,0.056634788561211735
2018-11-20 09:36:00,-0.049568619187823515
2018-11-20 09:39:00,-0.05501121701041711
2018-11-20 09:42:00,-0.12927912127423724
2018-11-20 09:45:00,-0.009749651848096619
2018-11-20 09:48:00,-0.009524459410897634
2018-11-20 09:51:00,-0.1449686032294153
2018-11-20 09:54:00,-0.11914653970205791
2018-11-20 09:57:00,-0.16680225478336297
2018-11-20 10:00:00,-0.08414233097437318
2018-11-20 10:03:00,-0.18409856879276276
2018-11-20 10:06:00,-0.17522813968230366
2018-11-20 10:09:00,-0.11558640182016688
2018-11-20 10:12:00,-0.16281099426407764
2018-11-20 10:15:00,-0.13626450367547704
2018-11-20 10:18:00,-0.2133292707101191
2018-11-20 10:21:00,-0.21856587280097983
2018-11-20 10:24:00,-0.21583458195652838
2018-11-20 10:27:00,-0.2763442344902387
2018-11-20 10:30:00,-0.16066289746629536
2018-11-20 10:33:00,-0.27759229043198275
2018-11-20 10:36:00,-0.15875248764717753
2018-11-20 10:39:00,-0.22146577002899903
2018-11-20 10:42:00,-0.23912332013429705
2018-11-20 10:45:00,-0.3436216406263384
2018-11-20 10:48:00,-0.1745963534663133
2018-11-20 10:51:00,-0.28374777390382633
2018-11-20 10:54:00,-0.21414445491433298
2018-11-20 10:57:00,-0.24098705160122336
2018-11-20 11:00:00,-0.15919630289005227
2018-11-20 11:03:00,-0.2644181197939588
2018-11-20 11:06:00,-0.2887527852668086
2018-11-20 11:09:00,-0.3406599410087665
2018-11-20 11:12:00,-0.17733174043405597
2018-11-20 11:15:00,-0.332955065663441
2018-11-20 11:18:00,-0.3793444245794717
2018-11-20 11:21:00,-0.2987747513590193
2018-11-20 11:24:00,-0.2576753996600587
2018-11-20 11:27:00,-0.23438929211403092
2018-11-20 11:30:00,-0.2889934744210336
2018-11-20 11:33:00,-0.33735375212768304
2018-11-20 11:36:00,-0.29428149595617015
2018-11-20 11:39:00,-0.2655202433068098
2018-11-20 11:42:00,-0.3830677192516987
2018-11-20 11:45:00,-0.3024495796496467
2018-11-20 11:48:00,-0.3503210972244233
2018-11-20 11:51:00,-0.43857009003511394
2018-11-20 11:54:00,-0.4586519779044238
2018-11-20 11:57:00,-0.32938001610131096
2018-11-20 12:00:00,-0.3655546195606121
2018-11-20 12:03:00,-0.42387637239352216
2018-11-20 12:06:00,-0.3583003145402017
2018-11-20 12:09:00,-0.39800142589189136
2018-11-20 12:12:00,-0.43701605114404174
2018-11-20 12:15:00,-0.37893713209308544
2018-11-20 12:18:00,-0.3222248010657154
2018-11-20 12:21:00,-0.4354604421873205
2018-11-20 12:24:00,-0.43174158451159883
2018-11-20 12:27:00,-0.5231353955960003
2018-11-20 12:30:00,-0.3770359498583957
2018-11-20 12:33:00,-0.4453528015906727
2018-11-20 12:36:00,-0.3111885550963507
2018-11-20 12:39:00,-0.44285040185292246
2018-11-20 12:42:00,-0.4643742088529734
2018-11-20 12:45:00,-0.3834546518370985
2018-11-20 12:48:00,-0.36184098951832766
2018-11-20 12:51:00,-0.5252774307493269
2018-11-20 12:54:00,-0.5798112428338413
2018-11-20 12:57:00,-0.5350266808155197
2018-11-20 13:00:00,-0.4075259314405457
2018-11-20 13:03:00,-0.4802029357019819
2018-11-20 13:06:00,-0.4466348543218146
2018-11-20 13:09:00,-0.4617227617036974
2018-11-20 13:12:00,-0.39211207723889174
2018-11-20 13:15:00,-0.4482993220958065
2018-11-20 13:18:00,-0.4978329533738588
2018-11-20 13:21:00,-0.4952567329457338
2018-11-20 13:24:00,-0.39319413683051607
2018-11-20 13:27:00,-0.5267597965628283
2018-11-20 13:30:00,-0.503684336035235
2018-11-20 13:33:00,-0.3574302300718273
2018-11-20 13:36:00,-0.38223963377151904
2018-11-20 13:39:00,-0.3585905992575249
2018-11-20 13:42:00,-0.49197549074159497
2018-11-20 13:45:00,-0.46012259865676697
2018-11-20 13:48:00,-0.45690071978594915
2018-11-20 13:51:00,-0.34214443550149554
2018-11-20 13:54:00,-0.28937550315578164
2018-11-20 13:57:00,-0.34453873946921476
2018-11-20 14:00:00,-0.2055822311908173
2018-11-20 14:03:00,-0.1376020676098051
2018-11-20 14:06:00,-0.22307289937646146
2018-11-20 14:09:00,-0.1785505069497617
2018-11-20 14:12:00,0.07278107373417697
2018-11-20 14:15:00,0.09979562903208716
2018-11-20 14:18:00,-0.006575859144959395
2018-11-20 14:21:00,0.023571451367217833
2018-11-20 14:24:00,-0.16446602271730626
2018-11-20 14:27:00,-0.09338522901407487
2018-11-20 14:30:00,-0.15120313011902908
2018-11-20 14:33:00,0.09223611285023026
2018-11-20 14:36:00,0.1941194132953683
2018-11-20 14:39:00,0.17504687603235425
2018-11-20 14:42:00,0.1998984751246553
2018-11-20 14:45:00,0.24785516299715482
2018-11-20 14:48:00,-0.10593645279135444
2018-11-20 14:51:00,-0.37994971300224734
2018-11-20 14:54:00,-0.6152625314973079
2018-11-20 14:57:00,-0.3219805445825159
2018-11-20 15:00:00,-0.15751762493044907
2018-11-20 15:03:00,-0.08967704671152887
2018-11-20 15:06:00,-0.011918021912663335
2018-11-20 15:09:00,-0.09326319609874645
2018-11-20 15:12:00,0.06480360601756274
2018-11-20 15:15:00,-0.06032337723132741
2018-11-20 15:18:00,-0.004426386614511557
2018-11-20 15:21:00,-0.03718655301503304
2018-11-20 15:24:00,0.03452996574196732
2018-11-20 15:27:00,-6.184212986681814e-05
2018-11-20 15:30:00,0.03827030203126469
2018-11-20 15:33:00,0.12262406259543468
2018-11-20 15:36:00,0.1286882006671135
2018-11-20 15:39:00,0.15416978107123214
2018-11-20 15:42:00,0.11831386957027235
2018-11-20 15:45:00,0.12898923018565256
2018-11-20 15:48:00,0.18591459355729967
2018-11-20 15:51:00,0.27377241922994244
2018-11-20 15:54:00,0.26896793454608314
2018-11-20 15:57:00,0.07384867210600987
2018-11-20 16:00:00,0.2189769162473567
2018-11-20 16:03:00,0.17381055189053995
2018-11-20 16:06:00,0.18575966959531343
2018-11-20 16:09:00,0.1509795684557389
2018-11-20 16:12:00,0.19881845922969887
2018-11-20 16:15:00,0.021449787120786823
2018-11-20 16:18:00,0.24099257143200248
2018-11-20 16:21:00,0.19205318963025775
2018-11-20 16:24:00,0.06314866659255358
2018-11-20 16:27:00,0.14629092652006648
2018-11-20 16:30:00,0.1729237706990716
2018-11-20 16:33:00,0.15506357397941883
2018-11-20 16:36:00,0.15891554218984538
2018-11-20 16:39:00,0.160556131873534
2018-11-20 16:42:00,0.1089983207546652
2018-11-20 16:45:00,0.15595950559202265
2018-11-20 16:48:00,0.12196420945406317
2018-11-20 16:51:00,0.18657746439771472
2018-11-20 16:54:00,0.28239080797743554
2018-11-20 16:57:00,0.30325808174808344
2018-11-20 17:00:00,0.237978346640773
2018-11-20 17:03:00,0.31177662797409766
2018-11-20 17:06:00,0.19150104456986128
2018-11-20 17:09:00,0.19638454514608839
2018-11-20 17:12:00,0.19182564597008422
2018-11-20 17:15:00,0.2830999211803942
2018-11-20 17:18:00,0.20112853864435465
2018-11-20 17:21:00,0.21567687683392478
2018-11-20 17:24:00,0.1664709956301067
2018-11-20 17:27:00,0.15922165767358365
2018-11-20 17:30:00,0.1817140622191573
2018-11-20 17:33:00,0.08711694676611614
2018-11-20 17:36:00,0.18039539681944916
2018-11-20 17:39:00,0.09702956840772003
2018-11-20 17:42:00,0.14121347498661407
2018-11-20 17:45:00,0.1180294289334256
2018-11-20 17:48:00,0.12324700575413772
2018-11-20 17:51:00,0.27678735396307275
2018-11-20 17:54:00,0.23515157907536377
2018-11-20 17:57:00,0.16655479459717526
2018-11-20 18:00:00,0.2825313714719755
2018-11-20 18:03:00,0.16272762440104316
2018-11-20 18:06:00,0.10230064874457412
2018-11-20 18:09:00,0.1813683343162893
2018-11-20 18:12:00,0.10314473532866941
2018-11-20 18:15:00,0.18280151178242932
2018-11-20 18:18:00,0.15984794569629912
2018-11-20 18:21:00,0.15046203734175378
2018-11-20 18:24:00,0.15749112018545475
2018-11-20 18:27:00,0.21714746045051925
2018-11-20 18:30:00,0.14217826329166883
2018-11-20 18:33:00,0.27321045482420914
2018-11-20 18:36:00,0.1961848995651394
2018-11-20 18:39:00,0.19125158272959197
2018-11-20 18:42:00,0.156330546679726
2018-11-20 18:45:00,0.1896134749223961
2018-11-20 18:48:00,0.13298039451274235
2018-11-20 18:51:00,0.1708794897509165
2018-11-20 18:54:00,
2018-11-20 18:57:00,
2018-11-20 19:00:00,
2018-11-20 19:03:00,0.05591467588976684
2018-11-20 19:06:00,0.24608641355035843
2018-11-20 19:09:00,0.2319474235093253
2018-11-20 19:12:00,0.1040663031819804
2018-11-20 19:15:00,0.18426010152876415
2018-11-20 19:18:00,0.26399324830293835
2018-11-20 19:21:00,0.11495944653711376
2018-11-20 19:24:00,0.1432992196549776
2018-11-20 19:27:00,0.17005361261209373
2018-11-20 19:30:00,0.1060345229582822
2018-11-20 19:33:00,0.1853620951414996
2018-11-20 19:36:00,0.17226530640164128
2018-11-20 19:39:00,0.21040264077083748
2018-11-20 19:42:00,0.1455049415149574
2018-11-20 19:45:00,0.1567571929496694
2018-11-20 19:48:00,0.204171161889235
2018-11-20 19:51:00,0.21831725697035154
2018-11-20 19:54:00,0.19354577086193103
2018-11-20 19:57:00,0.08171444708887066
2018-11-20 20:00:00,0.07578756851586377
2018-11-20 20:03:00,0.1087393446458691
2018-11-20 20:06:00,0.09172842230736933
2018-11-20 20:09:00,0.19305370686635115
2018-11-20 20:12:00,0.07812764849160203
2018-11-20 20:15:00,0.06139063288372881
2018-11-20 20:18:00,0.03378347743364429
2018-11-20 20:21:00,0.1724076526612066
2018-11-20 20:24:00,0.16877755158026275
2018-11-20 20:27:00,0.138149703886711
2018-11-20 20:30:00,0.19463289642442305
2018-11-20 20:33:00,0.15179180075205068
2018-11-20 20:36:00,0.21999332837350494
2018-11-20 20:39:00,0.16696586874979857
2018-11-20 20:42:00,0.1644789984735553
2018-11-20 20:45:00,0.191763807744735
2018-11-20 20:48:00,0.0476442207240666
2018-11-20 20:51:00,0.08345952046039429
2018-11-20 20:54:00,0.22036785045850138
2018-11-20 20:57:00,0.061303141723669796
2018-11-20 21:00:00,0.03874437971762745
2018-11-20 21:03:00,0.1657304166517406
2018-11-20 21:06:00,0.018631720579890043
2018-11-20 21:09:00,0.11263081844271028
2018-11-20 21:12:00,0.05259101915493147
2018-11-20 21:15:00,0.0004169918991578925
2018-11-20 21:18:00,0.09968994396911057
2018-11-20 21:21:00,0.046551629632290314
2018-11-20 21:24:00,0.05983463769831587
2018-11-20 21:27:00,0.09672455698404292
2018-11-20 21:30:00,0.15132548439390803
2018-11-20 21:33:00,0.13740368777547474
2018-11-20 21:36:00,0.054498312333521426
2018-11-20 21:39:00,0.10096710766390515
2018-11-20 21:42:00,0.08918168838960128
2018-11-20 21:45:00,0.11675442296763094
2018-11-20 21:48:00,0.1569926010035374
2018-11-20 21:51:00,0.17407270992691792
2018-11-20 21:54:00,0.17714167252711377
2018-11-20 21:57:00,0.1628654289199858
2018-11-20 22:00:00,0.09412355458857746
2018-11-20 22:03:00,0.009201996344813779
2018-11-20 22:06:00,0.14310037688369448
2018-11-20 22:09:00,0.018183583554673532
2018-11-20 22:12:00,0.16932488145664593
2018-11-20 22:15:00,0.10027015495273872
2018-11-20 22:18:00,0.10862069331824387
2018-11-20 22:21:00,0.1213544529949786
2018-11-20 22:24:00,0.1881868289762565
2018-11-20 22:27:00,0.1356825515287028
2018-11-20 22:30:00,0.14002736239490332
2018-11-20 22:33:00,0.1943850093567221
2018-11-20 22:36:00,0.15829527771279572
2018-11-20 22:39:00,0.11666629624227198
2018-11-20 22:42:00,0.15209047094396055
2018-11-20 22:45:00,0.1591601535893119
2018-11-20 22:48:00,0.3094888782721341
2018-11-20 22:51:00,0.16539382354920917
2018-11-20 22:54:00,0.1579957457696537
2018-11-20 22:57:00,0.19266932526841174
2018-11-20 23:00:00,0.1467020583268095
2018-11-20 23:03:00,0.12969578493215295
2018-11-20 23:06:00,0.2255991540085347
2018-11-20 23:09:00,0.1526751077964832
2018-11-20 23:12:00,0.21974596599477536
2018-11-20 23:15:00,0.24422778374002974
2018-11-20 23:18:00,0.23504376480724432
2018-11-20 23:21:00,0.209224696117019
2018-11-20 23:24:00,0.2757257587664981
2018-11-20 23:27:00,0.1579575739646657
2018-11-20 23:30:00,0.18415110471192975
2018-11-20 23:33:00,0.16545343100477794
2018-11-20 23:36:00,0.24156011764540608
2018-11-20 23:39:00,0.14904706424147207
2018-11-20 23:42:00,0.18696862684720372
2018-11-20 23:45:00,0.24094183319488138
2018-11-20 23:48:00,0.1673217636741242
2018-11-20 23:51:00,0.1431159802601769
2018-11-20 23:54:00,0.17234945380027966
2018-11-20 23:57:00,0.1299708201983094
2018-11-21 00:00:00,0.11248164035868058
2018-11-21 00:03:00,0.1895721775218817
2018-11-21 00:06:00,0.15686531998267128
2018-11-21 00:09:00,0.18620398944250383
2018-11-21 00:12:00,0.13830871299876435
2018-11-21 00:15:00,0.13576855401072407
2018-11-21 00:18:00,0.06978936202000341
2018-11-21 00:21:00,0.16306551602360742
2018-11-21 00:24:00,0.14164034114924107
2018-11-21 00:27:00,0.14649566826892624
2018-11-21 00:30:00,0.28611175266223654
2018-11-21 00:33:00,0.12864124748506356
2018-11-21 00:36:00,0.20870438911128986
2018-11-21 00:39:00,0.13999117950919526
2018-11-21 00:42:00,0.24168326884802127
2018-11-21 00:45:00,0.21130132161806614
2018-11-21 00:48:00,0.21130206779474747
2018-11-21 00:51:00,0.23402096478503154
2018-11-21 00:54:00,0.2401725106168442
2018-11-21 00:57:00,0.1583761905919232
2018-11-21 01:00:00,0.3493734984295429
2018-11-21 01:03:00,0.14286376805057444
2018-11-21 01:06:00,0.22712726473963585
2018-11-21 01:09:00,0.208585468366266
2018-11-21 01:12:00,0.3141679952900631
2018-11-21 01:15:00,0.22071725038472323
2018-11-21 01:18:00,0.12191529202488027
2018-11-21 01:21:00,0.2508869148473991
2018-11-21 01:24:00,0.2699349472109702
2018-11-21 01:27:00,0.20866968589734824
2018-11-21 01:30:00,0.2724447037256823
2018-11-21 01:33:00,0.3018108431991777
2018-11-21 01:36:00,0.3783670477045007
2018-11-21 01:39:00,0.23496577748284153
2018-11-21 01:42:00,0.1628600683245054
2018-11-21 01:45:00,0.30622223767699097
2018-11-21 01:48:00,0.1841475723746271
2018-11-21 01:51:00,0.1661688599301101
2018-11-21 01:54:00,0.1617889863469486
2018-11-21 01:57:00,0.24217176879193403
2018-11-21 02:00:00,0.2930610314532487
2018-11-21 02:03:00,0.274161237184785
2018-11-21 02:06:00,0.1930475050263567
2018-11-21 02:09:00,0.16032542735797506
2018-11-21 02:12:00,0.21084282193021409
2018-11-21 02:15:00,0.2261092816921746
2018-11-21 02:18:00,0.07592577209413776
2018-11-21 02:21:00,0.20979200204419612
2018-11-21 02:24:00,0.14434437915616627
2018-11-21 02:27:00,0.30557435872469796
2018-11-21 02:30:00,0.23038565789676113
2018-11-21 02:33:00,0.20262503665480835
2018-11-21 02:36:00,0.17139333798451162
2018-11-21 02:39:00,0.21876548446840616
2018-11-21 02:42:00,0.21989474827159938
2018-11-21 02:45:00,0.2004387104815919
2018-11-21 02:48:00,0.18479621477939645
2018-11-21 02:51:00,0.28325379749270496
2018-11-21 02:54:00,0.19298860786670957
2018-11-21 02:57:00,0.269306606729117
2018-11-21 03:00:00,0.2537714686595791
2018-11-21 03:03:00,0.22233384482524343
2018-11-21 03:06:00,0.2180807575189192
2018-11-21 03:09:00,0.23909871133832894
2018-11-21 03:12:00,0.272434409485129
2018-11-21 03:15:00,0.18957124706963668
2018-11-21 03:18:00,0.15766810519033925
2018-11-21 03:21:00,0.20241221812665344
2018-11-21 03:24:00,0.12394234966757267
2018-11-21 03:27:00,0.22252466583375963
2018-11-21 03:30:00,0.16141264767878738
2018-11-21 03:33:00,0.20631662101828852
2018-11-21 03:36:00,0.14857078461807305
2018-11-21 03:39:00,0.3435999194991268
2018-11-21 03:42:00,0.15081093305980176
2018-11-21 03:45:00,0.18788843100975328
2018-11-21 03:48:00,0.23511853054418452
2018-11-21 03:51:00,0.18622183925333502
2018-11-21 03:54:00,0.14678743482181744
2018-11-21 03:57:00,0.1654879906539577
2018-11-21 04:00:00,0.14968294334602206
2018-11-21 04:03:00,0.19435839489108275
2018-11-21 04:06:00,0.10669807156131128
2018-11-21 04:09:00,0.18167022049067327
2018-11-21 04:12:00,0.20017001608999863
2018-11-21 04:15:00,0.1750313620601105
2018-11-21 04:18:00,0.20930583286963156
2018-11-21 04:21:00,0.217362320659106
2018-11-21 04:24:00,0.20876715609153962
2018-11-21 04:27:00,0.24363319717775767
2018-11-21 04:30:00,0.1765276054056244
2018-11-21 04:33:00,0.2817868585723886
2018-11-21 04:36:00,0.25576080923121935
2018-11-21 04:39:00,0.25974447271318013
2018-11-21 04:42:00,0.34423958219610995
2018-11-21 04:45:00,0.2649197522529789
2018-11-21 04:48:00,0.26919966108607696
2018-11-21 04:51:00,0.23962143668961744
2018-11-21 04:54:00,0.3138725211988458
2018-11-21 04:57:00,0.22673790021536888
2018-11-21 05:00:00,0.24939685791258626
2018-11-21 05:03:00,0.23864242926845236
2018-11-21 05:06:00,0.29294009461028736
2018-11-21 05:09:00,0.2643818937338551
2018-11-21 05:12:00,0.2752216594258243
2018-11-21 05:15:00,0.2536562805453286
2018-11-21 05:18:00,0.22852193050692904
2018-11-21 05:21:00,0.22665011603976382
2018-11-21 05:24:00,0.2229525897524809
2018-11-21 05:27:00,0.14297396682565022
2018-11-21 05:30:00,0.209332112627294
2018-11-21 05:33:00,0.18756375856798968
2018-11-21 05:36:00,0.19059317233018191
2018-11-21 05:39:00,0.241159345166011
2018-11-21 05:42:00,0.2677780868531272
2018-11-21 05:45:00,0.23912538818444773
2018-11-21 05:48:00,0.23746528013231227
2018-11-21 05:51:00,0.204159789713799
2018-11-21 05:54:00,0.1630981643682503
2018-11-21 05:57:00,0.1451095024751794
2018-11-21 06:00:00,0.20296971438932587
2018-11-21 06:03:00,0.22270831075945807
2018-11-21 06:06:00,0.17174232050871296
2018-11-21 06:09:00,0.3098678080920081
2018-11-21 06:12:00,0.2185582537675259
2018-11-21 06:15:00,0.15815190533015766
2018-11-21 06:18:00,0.14361105642427674
2018-11-21 06:21:00,0.1861433774283796
2018-11-21 06:24:00,0.23732850324182664
2018-11-21 06:27:00,0.1751924455088556
2018-11-21 06:30:00,0.18660007459618555
2018-11-21 06:33:00,0.22475804225052798
2018-11-21 06:36:00,0.16052121600182545
2018-11-21 06:39:00,0.16426237577206848
2018-11-21 06:42:00,0.28167599389729503
2018-11-21 06:45:00,0.24214049093819767
2018-11-21 06:48:00,0.22637018319170465
2018-11-21 06:51:00,0.24496301772586548
2018-11-21 06:54:00,0.20596342682637214
2018-11-21 06:57:00,0.26965049053848134
2018-11-21 07:00:00,0.1894315936204407
2018-11-21 07:03:00,0.1756963884458287
2018-11-21 07:06:00,0.1491994832005048
2018-11-21 07:09:00,0.13987906569349207
2018-11-21 07:12:00,0.17958645748120716
2018-11-21 07:15:00,0.23259106559328302
2018-11-21 07:18:00,0.10123330474550585
2018-11-21 07:21:00,0.18738653109267034
2018-11-21 07:24:00,0.22594674176747276
2018-11-21 07:27:00,0.2697863931196025
2018-11-21 07:30:00,0.29356211315177916
2018-11-21 07:33:00,0.18788486332692855
2018-11-21 07:36:00,0.22609275089962466
2018-11-21 07:39:00,0.23700841825620955
2018-11-21 07:42:00,0.20258122576615278
2018-11-21 07:45:00,0.19527977817585906
2018-11-21 07:48:00,0.24869793806766438
2018-11-21 07:51:00,0.22631070582519897
2018-11-21 07:54:00,0.21050068173360614
2018-11-21 07:57:00,0.15486405124045177
2018-11-21 08:00:00,0.1800980038558464
2018-11-21 08:03:00,0.27495588298677376
2018-11-21 08:06:00,0.2594499231689724
2018-11-21 08:09:00,0.21191672953040097
2018-11-21 08:12:00,0.22701703642911752
2018-11-21 08:15:00,0.17539070547422853
2018-11-21 08:18:00,0.19226434425576144
2018-11-21 08:21:00,0.08938662883849702
2018-11-21 08:24:00,0.08467544443686847
2018-11-21 08:27:00,0.12151565106125872
2018-11-21 08:30:00,0.16911287486919946
2018-11-21 08:33:00,0.2456301167297852
2018-11-21 08:36:00,0.17534544270978358
2018-11-21 08:39:00,0.13820728215478084
2018-11-21 08:42:00,0.06120855193364605
2018-11-21 08:45:00,0.21448358701866255
2018-11-21 08:48:00,0.08397342455270973
2018-11-21 08:51:00,0.1697936963871598
2018-11-21 08:54:00,0.24187950375829814
2018-11-21 08:57:00,0.1414153278671506
2018-11-21 09:00:00,0.09372151273913687
2018-11-21 09:03:00,0.12151564689651195
2018-11-21 09:06:00,0.17272453815138533
2018-11-21 09:09:00,0.1417420804960443
2018-11-21 09:12:00,0.04039187168331182
2018-11-21 09:15:00,0.09299264695681586
2018-11-21 09:18:00,0.08043218796422025
2018-11-21 09:21:00,0.09982955896515477
2018-11-21 09:24:00,0.018963997982609726
2018-11-21 09:27:00,0.04087817920526504
2018-11-21 09:30:00,0.14033500953365774
2018-11-21 09:33:00,0.023311494862127802
2018-11-21 09:36:00,-0.06959528687713146
2018-11-21 09:39:00,0.08122259834669876
2018-11-21 09:42:00,-0.0038371482210664
2018-11-21 09:45:00,0.03494255451499839
2018-11-21 09:48:00,-0.022498164878072657
2018-11-21 09:51:00,-0.05479604179760145
2018-11-21 09:54:00,-0.018101547911498983
2018-11-21 09:57:00,-0.07921091329262708
2018-11-21 10:00:00,-0.09388059270889926
2018-11-21 10:03:00,-0.0819184936984243
2018-11-21 10:06:00,-0.08472636907941933
2018-11-21 10:09:00,-0.05256657131906195
2018-11-21 10:12:00,-0.070192977107979
2018-11-21 10:15:00,-0.08492622019042528
2018-11-21 10:18:00,-0.11767568246040128
2018-11-21 10:21:00,-0.11505511358518561
2018-11-21 10:24:00,-0.18269849544418548
2018-11-21 10:27:00,-0.06984548201000962
2018-11-21 10:30:00,-0.0969827576131479
2018-11-21 10:33:00,-0.18979423102484816
2018-11-21 10:36:00,-0.2375753128929432
2018-11-21 10:39:00,-0.1925433541139796
2018-11-21 10:42:00,-0.11911137837904562
2018-11-21 10:45:00,-0.1608128357819396
2018-11-21 10:48:00,-0.07658372771516042
2018-11-21 10:51:00,-0.10680808275543541
2018-11-21 10:54:00,-0.06118838353745559
2018-11-21 10:57:00,-0.22612556077677937
2018-11-21 11:00:00,-0.23834258011760312
2018-11-21 11:03:00,-0.17727338096119638
2018-11-21 11:06:00,-0.2405093058454213
2018-11-21 11:09:00,-0.19513288163437892
2018-11-21 11:12:00,-0.12953993111221962
2018-11-21 11:15:00,-0.19061669919733504
2018-11-21 11:18:00,-0.16216002560992138
2018-11-21 11:21:00,-0.27172798376017226
2018-11-21 11:24:00,-0.25074510531504757
2018-11-21 11:27:00,-0.31925110299073367
2018-11-21 11:30:00,-0.32875356825962854
2018-11-21 11:33:00,-0.2806248470249102
2018-11-21 11:36:00,-0.29001046248470175
2018-11-21 11:39:00,-0.3965035898282281
2018-11-21 11:42:00,-0.26265671152242476
2018-11-21 11:45:00,-0.2380270332654959
2018-11-21 11:48:00,-0.23924216782819485
2018-11-21 11:51:00,-0.13911803674045586
2018-11-21 11:54:00,-0.23313842266600204
2018-11-21 11:57:00,-0.24612608025853433
2018-11-21 12:00:00,-0.12979075710455845
2018-11-21 12:03:00,-0.271990501329924
2018-11-21 12:06:00,-0.2649528007042363
2018-11-21 12:09:00,-0.2771842240518936
2018-11-21 12:12:00,-0.21301934519146926
2018-11-21 12:15:00,-0.10331137678974756
2018-11-21 12:18:00,-0.20281739358949835
2018-11-21 12:21:00,-0.23522396777076438
2018-11-21 12:24:00,-0.27576659941252046
2018-11-21 12:27:00,-0.3541886453222105
2018-11-21 12:30:00,-0.25910530925307285
2018-11-21 12:33:00,-0.283470021017763
2018-11-21 12:36:00,-0.2563525220605243
2018-11-21 12:39:00,-0.3335720502188906
2018-11-21 12:42:00,-0.26607146577498497
2018-11-21 12:45:00,-0.32001507403771257
2018-11-21 12:48:00,-0.32559652815547224
2018-11-21 12:51:00,-0.4209150299408293
2018-11-21 12:54:00,-0.2235160443946711
2018-11-21 12:57:00,-0.3554580640832796
2018-11-21 13:00:00,-0.36133314500614233
2018-11-21 13:03:00,-0.5209405292729912
2018-11-21 13:06:00,-0.3912371491094291
2018-11-21 13:09:00,-0.41992892290397776
2018-11-21 13:12:00,-0.29751929945661004
2018-11-21 13:15:00,-0.3737455495337372
2018-11-21 13:18:00,-0.4795334899777117
2018-11-21 13:21:00,-0.4153108937477441
2018-11-21 13:24:00,-0.25092419454580295
2018-11-21 13:27:00,-0.25428833896785363
2018-11-21 13:30:00,-0.14049194490917216
2018-11-21 13:33:00,-0.059951453134260646
2018-11-21 13:36:00,-0.05791241531818514
2018-11-21 13:39:00,-0.07156213390391031
2018-11-21 13:42:00,-0.1512273234719146
2018-11-21 13:45:00,-0.06369886859465623
2018-11-21 13:48:00,-0.07856573318389337
2018-11-21 13:51:00,0.01798929733621435
2018-11-21 13:54:00,-0.15743110397562532
2018-11-21 13:57:00,0.007292741064588881
2018-11-21 14:00:00,0.2622497753427524
2018-11-21 14:03:00,0.3913952806014436
2018-11-21 14:06:00,0.408901930274169
2018-11-21 14:09:00,0.32873054669585144
2018-11-21 14:12:00,0.38919702875779194
2018-11-21 14:15:00,0.3809908893937859
2018-11-21 14:18:00,0.3385034954083608
2018-11-21 14:21:00,0.33577488097341757
2018-11-21 14:24:00,0.2942835485000046
2018-11-21 14:27:00,0.27301890578661414
2018-11-21 14:30:00,0.02473359294583588
2018-11-21 14:33:00,0.0198387326290117
2018-11-21 14:36:00,-0.015143849987737212
2018-11-21 14:39:00,0.01033718851397225
2018-11-21 14:42:00,0.12033514709287374
2018-11-21 14:45:00,0.10458718397029543
2018-11-21 14:48:00,0.18584445749712586
2018-11-21 14:51:00,0.09328480717221055
2018-11-21 14:54:00,0.1836403705388534
2018-11-21 14:57:00,0.2702678523779696
2018-11-21 15:00:00,0.18320037482317275
2018-11-21 15:03:00,0.10707677841753593
2018-11-21 15:06:00,0.10096055626956968
2018-11-21 15:09:00,0.10388613535468494
2018-11-21 15:12:00,0.04415532824373258
2018-11-21 15:15:00,-0.01581146835559366
2018-11-21 15:18:00,-0.012446612054361594
2018-11-21 15:21:00,-0.029527827331378376
2018-11-21 15:24:00,-0.05688562924052576
2018-11-21 15:27:00,0.06427384577619932
2018-11-21 15:30:00,0.08703161339531107
2018-11-21 15:33:00,0.1198332960933044
2018-11-21 15:36:00,0.1113829346353441
2018-11-21 15:39:00,0.09897682415623876
2018-11-21 15:42:00,0.08448390321194665
2018-11-21 15:45:00,0.07087625331968184
2018-11-21 15:48:00,0.016336078801941767
2018-11-21 15:51:00,0.18043322367162773
2018-11-21 15:54:00,0.23252250552678788
2018-11-21 15:57:00,0.06430756257742587
2018-11-21 16:00:00,0.058236431398540844
2018-11-21 16:03:00,0.11479801187579142
2018-11-21 16:06:00,0.18126698068840597
2018-11-21 16:09:00,0.14210474961140562
2018-11-21 16:12:00,0.09890619854263605
2018-11-21 16:15:00,0.14400188453618057
2018-11-21 16:18:00,0.11343952300472893
2018-11-21 16:21:00,0.13505232863928995
2018-11-21 16:24:00,0.053208912879483705
2018-11-21 16:27:00,0.1102767986386084
2018-11-21 16:30:00,0.11125993717212168
2018-11-21 16:33:00,0.04854104030943063
2018-11-21 16:36:00,0.10729464816574819
2018-11-21 16:39:00,0.10508494971952587
2018-11-21 16:42:00,0.0979442183518131
2018-11-21 16:45:00,0.09706144199310529
2018-11-21 16:48:00,0.14322437415523837
2018-11-21 16:51:00,0.09612227925941852
2018-11-21 16:54:00,0.10519520851289599
2018-11-21 16:57:00,0.023952981984905364
2018-11-21 17:00:00,0.07414390767632995
2018-11-21 17:03:00,0.07422414048778592
2018-11-21 17:06:00,0.04460508051715806
2018-11-21 17:09:00,0.08731696757882901
2018-11-21 17:12:00,0.09545121384559252
2018-11-21 17:15:00,0.09356579953089295
2018-11-21 17:18:00,-0.10818257590176472
2018-11-21 17:21:00,-0.012746507909014326
2018-11-21 17:24:00,0.0264968640788652
2018-11-21 17:27:00,0.03781879242313835
2018-11-21 17:30:00,0.04338449561367952
2018-11-21 17:33:00,-0.023305333983103083
2018-11-21 17:36:00,-0.015794017645475833
2018-11-21 17:39:00,0.005987948525103093
2018-11-21 17:42:00,0.04899358253766195
2018-11-21 17:45:00,0.08072204401349836
2018-11-21 17:48:00,0.07205320188847963
2018-11-21 17:51:00,0.05531846857746814
2018-11-21 17:54:00,-0.028071014609736267
2018-11-21 17:57:00,0.011170544749120381
2018-11-21 18:00:00,0.08810948322013701
2018-11-21 18:03:00,-0.02588913553944394
2018-11-21 18:06:00,-0.045951579036056955
2018-11-21 18:09:00,0.012253040866198717
2018-11-21 18:12:00,0.018732673744978
2018-11-21 18:15:00,0.10212145978226772
2018-11-21 18:18:00,0.024052124255604213
2018-11-21 18:21:00,0.048318740799857096
2018-11-21 18:24:00,0.019596030149102717
2018-11-21 18:27:00,0.08990952208790759
2018-11-21 18:30:00,0.11916037254690082
2018-11-21 18:33:00,0.055595759406173784
2018-11-21 18:36:00,0.055387850615602474
2018-11-21 18:39:00,-0.007786460837394316
2018-11-21 18:42:00,0.03279937729746507
2018-11-21 18:45:00,-0.03644018439803176
2018-11-21 18:48:00,0.011267836400179476
2018-11-21 18:51:00,0.0035191316267173534
2018-11-21 18:54:00,
2018-11-21 18:57:00,
2018-11-21 19:00:00,
2018-11-21 19:03:00,-0.02007919174371864
2018-11-21 19:06:00,0.03836367722101386
2018-11-21 19:09:00,0.006519412809268488
2018-11-21 19:12:00,-0.05772244367176427
2018-11-21 19:15:00,0.0848708453277709
2018-11-21 19:18:00,0.009294908963340731
2018-11-21 19:21:00,-0.007260596006005926
2018-11-21 19:24:00,0.015076769283098201
2018-11-21 19:27:00,0.04084637128966051
2018-11-21 19:30:00,0.007879653904410588
2018-11-21 19:33:00,0.020001877392303413
2018-11-21 19:36:00,-0.00016391890034128664
2018-11-21 19:39:00,0.050944034755957546
2018-11-21 19:42:00,0.02233290883538075
2018-11-21 19:45:00,0.10801662340384155
2018-11-21 19:48:00,-0.01810519581971448
2018-11-21 19:51:00,0.008141661916170051
2018-11-21 19:54:00,0.09858044960196821
2018-11-21 19:57:00,-0.027485704693503976
2018-11-21 20:00:00,0.0410891817399488
2018-11-21 20:03:00,-0.007057898267589735
2018-11-21 20:06:00,0.0667235881776378
2018-11-21 20:09:00,0.0458876897778282
2018-11-21 20:12:00,-0.06905979713775423
2018-11-21 20:15:00,0.10083707787288176
2018-11-21 20:18:00,-0.00046945120720920386
2018-11-21 20:21:00,0.0014873272041882046
2018-11-21 20:24:00,0.056284543179799584
2018-11-21 20:27:00,0.15060638581405783
2018-11-21 20:30:00,-0.02097993602757242
2018-11-21 20:33:00,-0.014685358299630025
2018-11-21 20:36:00,0.024443898745062143
2018-11-21 20:39:00,0.010259788182565899
2018-11-21 20:42:00,0.07942397151776959
2018-11-21 20:45:00,0.05675788873071497
2018-11-21 20:48:00,-0.0347640342683917
2018-11-21 20:51:00,0.01471967922367412
2018-11-21 20:54:00,0.004526677130968437
2018-11-21 20:57:00,0.05146320576608332
2018-11-21 21:00:00,0.06849475401776317
2018-11-21 21:03:00,0.07665875178219039
2018-11-21 21:06:00,-0.004347223039815162
2018-11-21 21:09:00,0.0438873661187813
2018-11-21 21:12:00,0.07108036514927107
2018-11-21 21:15:00,0.03571423575431254
2018-11-21 21:18:00,0.03598875518190425
2018-11-21 21:21:00,0.10963175517059653
2018-11-21 21:24:00,0.0370829170362299
2018-11-21 21:27:00,0.06550666493262725
2018-11-21 21:30:00,0.028424220013903323
2018-11-21 21:33:00,0.1307467037500487
2018-11-21 21:36:00,0.010508122364058181
2018-11-21 21:39:00,-0.011295169732875365
2018-11-21 21:42:00,0.044514248783173116
2018-11-21 21:45:00,-0.0033261224701846004
2018-11-21 21:48:00,-0.007448500398197666
2018-11-21 21:51:00,0.04102091623570914
2018-11-21 21:54:00,0.10126791025169268
2018-11-21 21:57:00,0.056540067418893614
2018-11-21 22:00:00,-0.04071080673548977
2018-11-21 22:03:00,-0.03706526640314678
2018-11-21 22:06:00,0.11820947926332792
2018-11-21 22:09:00,0.03514134610190922
2018-11-21 22:12:00,0.05344639685375796
2018-11-21 22:15:00,0.1161156579097451
2018-11-21 22:18:00,0.08112803313247241
2018-11-21 22:21:00,0.04338179591900371
2018-11-21 22:24:00,0.13523355368232615
2018-11-21 22:27:00,0.09551453175669167
2018-11-21 22:30:00,0.019861654194016864
2018-11-21 22:33:00,0.09909089686163952
2018-11-21 22:36:00,0.11920662624021361
2018-11-21 22:39:00,0.12911802338533107
2018-11-21 22:42:00,0.06328530351936479
2018-11-21 22:45:00,0.09994320263564305
2018-11-21 22:48:00,0.07766042244844584
2018-11-21 22:51:00,0.07306062805866986
2018-11-21 22:54:00,0.16302729498278268
2018-11-21 22:57:00,0.05257377917081385
2018-11-21 23:00:00,0.03605101902593333
2018-11-21 23:03:00,0.04947841492338512
2018-11-21 23:06:00,0.14203588015089963
2018-11-21 23:09:00,0.1523916125461824
2018-11-21 23:12:00,0.14465383775836926
2018-11-21 23:15:00,0.08709316512130272
2018-11-21 23:18:00,0.08472871663974502
2018-11-21 23:21:00,0.07253068460056511
2018-11-21 23:24:00,0.08239587029584072
2018-11-21 23:27:00,0.10310750191894158
2018-11-21 23:30:00,0.13568029930394232
2018-11-21 23:33:00,0.13440168744347147
2018-11-21 23:36:00,0.005774126770688781
2018-11-21 23:39:00,0.03907712790714868
2018-11-21 23:42:00,0.27128359703300475
2018-11-21 23:45:00,0.1427228271507488
2018-11-21 23:48:00,0.12418234098879566
2018-11-21 23:51:00,0.08897756489892572
2018-11-21 23:54:00,0.0705343913203933
2018-11-21 23:57:00,0.15054207405398756
2018-11-22 00:00:00,0.20329519998216483
2018-11-22 00:03:00,0.16135054652897907
2018-11-22 00:06:00,0.18097316909324945
2018-11-22 00:09:00,0.1236281006197828
2018-11-22 00:12:00,0.20623572962534809
2018-11-22 00:15:00,0.10232392647105826
2018-11-22 00:18:00,0.1306418713895141
2018-11-22 00:21:00,0.0347882468833518
2018-11-22 00:24:00,0.11115154392717841
2018-11-22 00:27:00,0.06376587753504737
2018-11-22 00:30:00,0.16142530656333065
2018-11-22 00:33:00,0.05211798013419866
2018-11-22 00:36:00,0.07351565185490472
2018-11-22 00:39:00,0.1658160047127808
2018-11-22 00:42:00,0.14945608658791798
2018-11-22 00:45:00,0.19698886144891503
2018-11-22 00:48:00,0.14287604277654964
2018-11-22 00:51:00,0.1755014735870759
2018-11-22 00:54:00,0.0891070748303946
2018-11-22 00:57:00,0.24230406437555985
2018-11-22 01:00:00,0.16635093656930167
2018-11-22 01:03:00,0.16803831826138094
2018-11-22 01:06:00,0.18788217646613248
2018-11-22 01:09:00,0.11295975197600683
2018-11-22 01:12:00,0.07604804640448037
2018-11-22 01:15:00,0.14037486841181135
2018-11-22 01:18:00,0.22795683750217677
2018-11-22 01:21:00,0.14872817957996176
2018-11-22 01:24:00,0.16641662281330127
2018-11-22 01:27:00,0.14625664292299234
2018-11-22 01:30:00,0.1967915920047858
2018-11-22 01:33:00,0.2359931363398573
2018-11-22 01:36:00,0.1433161841584365
2018-11-22 01:39:00,0.13027311141877362
2018-11-22 01:42:00,0.17883006761456954
2018-11-22 01:45:00,0.18755010821820406
2018-11-22 01:48:00,0.22288351356007752
2018-11-22 01:51:00,0.23408442458668333
2018-11-22 01:54:00,0.20223405300237118
2018-11-22 01:57:00,0.16290471194474776
2018-11-22 02:00:00,0.12964562684294378
2018-11-22 02:03:00,0.19663710357679065
2018-11-22 02:06:00,0.16783380839927986
2018-11-22 02:09:00,0.21154242463609307
2018-11-22 02:12:00,0.17663611027313664
2018-11-22 02:15:00,0.19431652460355053
2018-11-22 02:18:00,0.14650280537716753
2018-11-22 02:21:00,0.1959489091125306
2018-11-22 02:24:00,0.2858630712429431
2018-11-22 02:27:00,0.20973224023663306
2018-11-22 02:30:00,0.2302555024074877
2018-11-22 02:33:00,0.20078001857439176
2018-11-22 02:36:00,0.2570663280693566
2018-11-22 02:39:00,0.3415725139217898
2018-11-22 02:42:00,0.25519813329816543
2018-11-22 02:45:00,0.24611066159837947
2018-11-22 02:48:00,0.24467099986162566
2018-11-22 02:51:00,0.24807873155231164
2018-11-22 02:54:00,0.31554724930174416
2018-11-22 02:57:00,0.17808492316868296
2018-11-22 03:00:00,0.3316060259451774
2018-11-22 03:03:00,0.20637540480123562
2018-11-22 03:06:00,0.25867908945269846
2018-11-22 03:09:00,0.17906455710209457
2018-11-22 03:12:00,0.23819925125008012
2018-11-22 03:15:00,0.25281283143999644
2018-11-22 03:18:00,0.21776943851335773
2018-11-22 03:21:00,0.2796401915871911
2018-11-22 03:24:00,0.27823817581037247
2018-11-22 03:27:00,0.2918231893169718
2018-11-22 03:30:00,0.22903001045034443
2018-11-22 03:33:00,0.26362130244871196
2018-11-22 03:36:00,0.15131265468886568
2018-11-22 03:39:00,0.2686676335486027
2018-11-22 03:42:00,0.20437095662919091
2018-11-22 03:45:00,0.3054467964918217
2018-11-22 03:48:00,0.2710495695493478
2018-11-22 03:51:00,0.20075927621093115
2018-11-22 03:54:00,0.27652989993634947
2018-11-22 03:57:00,0.26238539462906374
2018-11-22 04:00:00,0.18226515801728738
2018-11-22 04:03:00,0.3566644966204535
2018-11-22 04:06:00,0.281456382513511
2018-11-22 04:09:00,0.2847127254440238
2018-11-22 04:12:00,0.3437490829896319
2018-11-22 04:15:00,0.21101583649908662
2018-11-22 04:18:00,0.3135919150444124
2018-11-22 04:21:00,0.3125250899980756
2018-11-22 04:24:00,0.2874871300784889
2018-11-22 04:27:00,0.30644428695563874
2018-11-22 04:30:00,0.22599672530623138
2018-11-22 04:33:00,0.3054610966616451
2018-11-22 04:36:00,0.35171341837332193
2018-11-22 04:39:00,0.24292423805087537
2018-11-22 04:42:00,0.2730880687392414
2018-11-22 04:45:00,0.21614881824706345
2018-11-22 04:48:00,0.3631511552473512
2018-11-22 04:51:00,0.3024273419960082
2018-11-22 04:54:00,0.20966249787755942
2018-11-22 04:57:00,0.28638537507214323
2018-11-22 05:00:00,0.2860338031067613
2018-11-22 05:03:00,0.26511846384869386
2018-11-22 05:06:00,0.31776201227239653
2018-11-22 05:09:00,0.27847199680576296
2018-11-22 05:12:00,0.3229865281713842
2018-11-22 05:15:00,0.3288643465382961
2018-11-22 05:18:00,0.33774585397242163
2018-11-22 05:21:00,0.29430885075208835
2018-11-22 05:24:00,0.3064486799478914
2018-11-22 05:27:00,0.3248471953348826
2018-11-22 05:30:00,0.35327991795389835
2018-11-22 05:33:00,0.34542721473161464
2018-11-22 05:36:00,0.3297893754389065
2018-11-22 05:39:00,0.2472995970325087
2018-11-22 05:42:00,0.30408021532025487
2018-11-22 05:45:00,0.3584678429249948
2018-11-22 05:48:00,0.41246374368159877
2018-11-22 05:51:00,0.335246643139385
2018-11-22 05:54:00,0.3894496812172292
2018-11-22 05:57:00,0.45114494802390936
2018-11-22 06:00:00,0.39965518357320207
2018-11-22 06:03:00,0.45807852081003375
2018-11-22 06:06:00,0.43011206017143877
2018-11-22 06:09:00,0.5048018032281334
2018-11-22 06:12:00,0.5093428790627854
2018-11-22 06:15:00,0.4753782870686223
2018-11-22 06:18:00,0.4282546101556477
2018-11-22 06:21:00,0.43333964809284
2018-11-22 06:24:00,0.3247872934131806
2018-11-22 06:27:00,0.30488005243790894
2018-11-22 06:30:00,0.34536271300595445
2018-11-22 06:33:00,0.3089934819075211
2018-11-22 06:36:00,0.25371358586653514
2018-11-22 06:39:00,0.2731126715568166
2018-11-22 06:42:00,0.3963409218807783
2018-11-22 06:45:00,0.2459799865983996
2018-11-22 06:48:00,0.3330041952716556
2018-11-22 06:51:00,0.3437277551770421
2018-11-22 06:54:00,0.2602415537042475
2018-11-22 06:57:00,0.36781894034049856
2018-11-22 07:00:00,0.2964410990639976
2018-11-22 07:03:00,0.2643457611213762
2018-11-22 07:06:00,0.22405481196710753
2018-11-22 07:09:00,0.4039574580519911
2018-11-22 07:12:00,0.43390267035545094
2018-11-22 07:15:00,0.25292901787304345
2018-11-22 07:18:00,0.30756997421894994
2018-11-22 07:21:00,0.34834601337263393
2018-11-22 07:24:00,0.30314178216684695
2018-11-22 07:27:00,0.27372178917897827
2018-11-22 07:30:00,0.23655928633382928
2018-11-22 07:33:00,0.2684005822008544
2018-11-22 07:36:00,0.2673128319857483
2018-11-22 07:39:00,0.26006878999135097
2018-11-22 07:42:00,0.2869918458604843
2018-11-22 07:45:00,0.3475892113031591
2018-11-22 07:48:00,0.3224028355255655
2018-11-22 07:51:00,0.25307500392108295
2018-11-22 07:54:00,0.2551657254844599
2018-11-22 07:57:00,0.2712795940526007
2018-11-22 08:00:00,0.27947277990585917
2018-11-22 08:03:00,0.20573662678145865
2018-11-22 08:06:00,0.255142872621434
2018-11-22 08:09:00,0.23566237383477073
2018-11-22 08:12:00,0.29601347544280543
2018-11-22 08:15:00,0.28191023677817384
2018-11-22 08:18:00,0.3057030926547668
2018-11-22 08:21:00,0.21899548116601864
2018-11-22 08:24:00,0.19786336008041872
2018-11-22 08:27:00,0.25442044386767293
2018-11-22 08:30:00,0.2460253983780376
2018-11-22 08:33:00,0.1894445701532277
2018-11-22 08:36:00,0.2865768368587851
2018-11-22 08:39:00,0.19222949876200346
2018-11-22 08:42:00,0.2501230719695968
2018-11-22 08:45:00,0.2381219811087476
2018-11-22 08:48:00,0.22460590366949873
2018-11-22 08:51:00,0.17647167066735392
2018-11-22 08:54:00,0.26959923390069207
2018-11-22 08:57:00,0.22586509524609255
2018-11-22 09:00:00,0.174070729557684
2018-11-22 09:03:00,0.18718384724240877
2018-11-22 09:06:00,0.14239074153016418
2018-11-22 09:09:00,0.14817025812010343
2018-11-22 09:12:00,0.13956949563021226
2018-11-22 09:15:00,0.09802758269705691
2018-11-22 09:18:00,0.18357374989341224
2018-11-22 09:21:00,0.06992515586955506
2018-11-22 09:24:00,0.07111832061104906
2018-11-22 09:27:00,0.054072117206146686
2018-11-22 09:30:00,0.06371932260879021
2018-11-22 09:33:00,0.0823230096560792
2018-11-22 09:36:00,0.03445204559096737
2018-11-22 09:39:00,0.11248758174787099
2018-11-22 09:42:00,0.08134111359470353
2018-11-22 09:45:00,0.07234833677847519
2018-11-22 09:48:00,0.01016988308646205
2018-11-22 09:51:00,-0.002053607720938544
2018-11-22 09:54:00,0.0554832027911516
2018-11-22 09:57:00,0.07615887986696634
2018-11-22 10:00:00,0.04336416175601698
2018-11-22 10:03:00,0.12254814073116904
2018-11-22 10:06:00,0.0779544206396281
2018-11-22 10:09:00,-0.025505238214122983
2018-11-22 10:12:00,0.03970875581632072
2018-11-22 10:15:00,0.03224718513376956
2018-11-22 10:18:00,0.01217309401562261
2018-11-22 10:21:00,-0.03978985910384836
2018-11-22 10:24:00,-0.012120460682524481
2018-11-22 10:27:00,-0.020769425611661063
2018-11-22 10:30:00,0.005167791094152108
2018-11-22 10:33:00,-0.05671489654372408
2018-11-22 10:36:00,-0.08627504155202814
2018-11-22 10:39:00,-0.09164291237999578
2018-11-22 10:42:00,-0.10042872150268067
2018-11-22 10:45:00,-0.08075415740881908
2018-11-22 10:48:00,-0.10577041779140472
2018-11-22 10:51:00,-0.2120460615087154
2018-11-22 10:54:00,-0.2674498172565336
2018-11-22 10:57:00,-0.20953120392368874
2018-11-22 11:00:00,-0.12432039725553068
2018-11-22 11:03:00,-0.2050532667270204
2018-11-22 11:06:00,-0.26771521568957724
2018-11-22 11:09:00,-0.17473454240587216
2018-11-22 11:12:00,-0.13615332224509302
2018-11-22 11:15:00,-0.1478074718585276
2018-11-22 11:18:00,-0.24185717278635366
2018-11-22 11:21:00,-0.23259236849753506
2018-11-22 11:24:00,-0.29435367077974206
2018-11-22 11:27:00,-0.18971659759534987
2018-11-22 11:30:00,-0.25152066649155813
2018-11-22 11:33:00,-0.324032618882768
2018-11-22 11:36:00,-0.2753264597765792
2018-11-22 11:39:00,-0.35238279804195827
2018-11-22 11:42:00,-0.28346342646574385
2018-11-22 11:45:00,-0.19225762794383172
2018-11-22 11:48:00,-0.34267291777894116
2018-11-22 11:51:00,-0.3103317414345952
2018-11-22 11:54:00,-0.38324131997387667
2018-11-22 11:57:00,-0.37464518405636227
2018-11-22 12:00:00,-0.21494602217302372
2018-11-22 12:03:00,-0.2416431980039988
2018-11-22 12:06:00,-0.3253912864201993
2018-11-22 12:09:00,-0.18362791378842758
2018-11-22 12:12:00,-0.3106244957550075
2018-11-22 12:15:00,-0.3374955960766215
2018-11-22 12:18:00,-0.2896750633891543
2018-11-22 12:21:00,-0.3039504362905632
2018-11-22 12:24:00,-0.4048716298022441
2018-11-22 12:27:00,-0.39188937385358713
2018-11-22 12:30:00,-0.2747989495988463
2018-11-22 12:33:00,-0.3567014347241866
2018-11-22 12:36:00,-0.29206806366158844
2018-11-22 12:39:00,-0.32854857320239717
2018-11-22 12:42:00,-0.3273963162495761
2018-11-22 12:45:00,-0.3300261952910546
2018-11-22 12:48:00,-0.3850874066025085
2018-11-22 12:51:00,-0.24727713776053406
2018-11-22 12:54:00,-0.42869617364141277
2018-11-22 12:57:00,-0.37874259608236116
2018-11-22 13:00:00,-0.3087754639373088
2018-11-22 13:03:00,-0.4318136107366968
2018-11-22 13:06:00,-0.3651003970137481
2018-11-22 13:09:00,-0.35512543566954946
2018-11-22 13:12:00,-0.4416609040649746
2018-11-22 13:15:00,-0.40070132274172465
2018-11-22 13:18:00,-0.44911130389954224
2018-11-22 13:21:00,-0.40506899472944724
2018-11-22 13:24:00,-0.4633491409226167
2018-11-22 13:27:00,-0.5054711549831836
2018-11-22 13:30:00,-0.5462107526639102
2018-11-22 13:33:00,-0.5176346544125181
2018-11-22 13:36:00,-0.5724113283542351
2018-11-22 13:39:00,-0.5002283280636561
2018-11-22 13:42:00,-0.4486801238659268
2018-11-22 13:45:00,-0.37530221388038854
2018-11-22 13:48:00,-0.5216340134056168
2018-11-22 13:51:00,-0.5264284431489727
2018-11-22 13:54:00,-0.4269662307749513
2018-11-22 13:57:00,-0.3583917896693265
2018-11-22 14:00:00,-0.39684707650576456
2018-11-22 14:03:00,-0.422061595962532
2018-11-22 14:06:00,-0.45807166506835983
2018-11-22 14:09:00,-0.4154875633967663
2018-11-22 14:12:00,-0.3699353795638558
2018-11-22 14:15:00,-0.3557878406444388
2018-11-22 14:18:00,-0.43292615807916945
2018-11-22 14:21:00,-0.38427677537862337
2018-11-22 14:24:00,-0.22885405719620167
2018-11-22 14:27:00,-0.24173103897419423
2018-11-22 14:30:00,-0.23108508134828298
2018-11-22 14:33:00,-0.16149767160442252
2018-11-22 14:36:00,-0.101350491234939
2018-11-22 14:39:00,-0.18747497346117825
2018-11-22 14:42:00,-0.03892928588993527
2018-11-22 14:45:00,0.017984976895832006
2018-11-22 14:48:00,-0.11935553583020919
2018-11-22 14:51:00,-0.043630858712901954
2018-11-22 14:54:00,0.09038351515141585
2018-11-22 14:57:00,-0.115251775871684
2018-11-22 15:00:00,0.029679208873062635
2018-11-22 15:03:00,0.012137502085693086
2018-11-22 15:06:00,-0.07298944134731755
2018-11-22 15:09:00,-0.13188765365481459
2018-11-22 15:12:00,-0.02411770415801584
2018-11-22 15:15:00,-0.08102383967667492
2018-11-22 15:18:00,-0.19268579448618084
2018-11-22 15:21:00,-0.07993565573951855
2018-11-22 15:24:00,-0.1500043565587248
2018-11-22 15:27:00,-0.15033697188459882
2018-11-22 15:30:00,-0.18046944049086733
2018-11-22 15:33:00,-0.12026638365881581
2018-11-22 15:36:00,-0.20067836228821534
2018-11-22 15:39:00,-0.23176375400009874
2018-11-22 15:42:00,-0.24116418623765412
2018-11-22 15:45:00,-0.14689381586595118
2018-11-22 15:48:00,-0.17902021836283666
2018-11-22 15:51:00,-0.01639893539345394
2018-11-22 15:54:00,0.09471222363953302
2018-11-22 15:57:00,0.06466933275970632
2018-11-22 16:00:00,0.1433718144888303
2018-11-22 16:03:00,0.09562489075636904
2018-11-22 16:06:00,0.16256004751971886
2018-11-22 16:09:00,0.23833775460377638
2018-11-22 16:12:00,0.3502200003068765
2018-11-22 16:15:00,0.18871687589376052
2018-11-22 16:18:00,0.17044181701322714
2018-11-22 16:21:00,0.13493182514025648
2018-11-22 16:24:00,0.1148866071260386
2018-11-22 16:27:00,0.3217693344453778
2018-11-22 16:30:00,0.1843777029872058
2018-11-22 16:33:00,0.3439836151564464
2018-11-22 16:36:00,0.25588717156432494
2018-11-22 16:39:00,0.2084515964186835
2018-11-22 16:42:00,0.1338423430132707
2018-11-22 16:45:00,0.14809869957485944
2018-11-22 16:48:00,0.17015454736599622
2018-11-22 16:51:00,0.2927879121211845
2018-11-22 16:54:00,0.15315218012716514
2018-11-22 16:57:00,0.2339904027819557
2018-11-22 17:00:00,0.22721707496702948
2018-11-22 17:03:00,0.2586523506149092
2018-11-22 17:06:00,0.2986703189304194
2018-11-22 17:09:00,0.414708924955562
2018-11-22 17:12:00,0.3928674118808999
2018-11-22 17:15:00,0.4364135936841649
2018-11-22 17:18:00,0.38991216459345424
2018-11-22 17:21:00,0.5515640498561538
2018-11-22 17:24:00,0.4719719724104152
2018-11-22 17:27:00,0.45103883681758816
2018-11-22 17:30:00,0.459729602799257
2018-11-22 17:33:00,0.5797166929163495
2018-11-22 17:36:00,0.48829835360845664
2018-11-22 17:39:00,0.47401718087127165
2018-11-22 17:42:00,0.48319930954670554
2018-11-22 17:45:00,0.5220875842714463
2018-11-22 17:48:00,0.5438112356566194
2018-11-22 17:51:00,0.6078394853057603
2018-11-22 17:54:00,0.5650273978607743
2018-11-22 17:57:00,0.5904550605288819
2018-11-22 18:00:00,0.4505403487179933
2018-11-22 18:03:00,0.5400880585399932
2018-11-22 18:06:00,0.43885682360854616
2018-11-22 18:09:00,0.443471595598794
2018-11-22 18:12:00,0.3644917212701557
2018-11-22 18:15:00,0.39339535738923814
2018-11-22 18:18:00,0.393984403329398
2018-11-22 18:21:00,0.41892463468218466
2018-11-22 18:24:00,0.39122298789527576
2018-11-22 18:27:00,0.3694829672365927
2018-11-22 18:30:00,0.3845125060040573
2018-11-22 18:33:00,0.3705200353567193
2018-11-22 18:36:00,0.33879570947806315
2018-11-22 18:39:00,0.28028991335554565
2018-11-22 18:42:00,0.33048098066609555
2018-11-22 18:45:00,0.23476468580844312
2018-11-22 18:48:00,0.29181919920074506
2018-11-22 18:51:00,0.2928554165494006
2018-11-22 18:54:00,
2018-11-22 18:57:00,
2018-11-22 19:00:00,
2018-11-22 19:03:00,0.23634618739754387
2018-11-22 19:06:00,0.3336451360822821
2018-11-22 19:09:00,0.19141718747914638
2018-11-22 19:12:00,0.21557546038133069
2018-11-22 19:15:00,0.3557864360565759
2018-11-22 19:18:00,0.2800897806451417
2018-11-22 19:21:00,0.28233058744120854
2018-11-22 19:24:00,0.21180022291463274
2018-11-22 19:27:00,0.20358945598144373
2018-11-22 19:30:00,0.2560464409252745
2018-11-22 19:33:00,0.2584199956218072
2018-11-22 19:36:00,0.18044698051807018
2018-11-22 19:39:00,0.1608850128609447
2018-11-22 19:42:00,0.22218110060015306
2018-11-22 19:45:00,0.3332006630689648
2018-11-22 19:48:00,0.16718704225763759
2018-11-22 19:51:00,0.24391393060159317
2018-11-22 19:54:00,0.131460770909257
2018-11-22 19:57:00,0.2627046399749702
2018-11-22 20:00:00,0.2077101110237436
2018-11-22 20:03:00,0.2248256414504226
2018-11-22 20:06:00,0.13106935515065743
2018-11-22 20:09:00,0.16448166945161802
2018-11-22 20:12:00,0.18708304477172533
2018-11-22 20:15:00,0.15819554256091806
2018-11-22 20:18:00,0.175338100884062
2018-11-22 20:21:00,0.16721322630024815
2018-11-22 20:24:00,0.1503786688676314
2018-11-22 20:27:00,0.159103225176068
2018-11-22 20:30:00,0.24763752367834968
2018-11-22 20:33:00,0.2955745231796527
2018-11-22 20:36:00,0.19671353564422134
2018-11-22 20:39:00,0.2558945434994939
2018-11-22 20:42:00,0.15494319000305268
2018-11-22 20:45:00,0.205148916195526
2018-11-22 20:48:00,0.21457076727944013
2018-11-22 20:51:00,0.2772317704332181
2018-11-22 20:54:00,0.18649134372412846
2018-11-22 20:57:00,0.2482009575903703
2018-11-22 21:00:00,0.18847261496745205
2018-11-22 21:03:00,0.10113469242207884
2018-11-22 21:06:00,0.18234289113877367
2018-11-22 21:09:00,0.23005249715652099
2018-11-22 21:12:00,0.17172004080754277
2018-11-22 21:15:00,0.18784961763361707
2018-11-22 21:18:00,0.2211713958648147
2018-11-22 21:21:00,0.205554454965295
2018-11-22 21:24:00,0.2760946994807796
2018-11-22 21:27:00,0.25818240920068547
2018-11-22 21:30:00,0.2039889107160775
2018-11-22 21:33:00,0.2643610704237176
2018-11-22 21:36:00,0.20150834814228347
2018-11-22 21:39:00,0.17555039087073965
2018-11-22 21:42:00,0.21593286056685201
2018-11-22 21:45:00,0.2379282153910367
2018-11-22 21:48:00,0.2611473055913507
2018-11-22 21:51:00,0.20194191139700024
2018-11-22 21:54:00,0.2307654453643977
2018-11-22 21:57:00,0.2536269059988854
2018-11-22 22:00:00,0.24920876299779593
2018-11-22 22:03:00,0.15168817726720363
2018-11-22 22:06:00,0.1674056485533697
2018-11-22 22:09:00,0.13698688056285846
2018-11-22 22:12:00,0.213186445350118
2018-11-22 22:15:00,0.1998580971396109
2018-11-22 22:18:00,0.2157247711837158
2018-11-22 22:21:00,0.15760649172733565
2018-11-22 22:24:00,0.1831021558367638
2018-11-22 22:27:00,0.28631719838023173
2018-11-22 22:30:00,0.2882647868721051
2018-11-22 22:33:00,0.25528363180438873
2018-11-22 22:36:00,0.28931570269179474
2018-11-22 22:39:00,0.2789366851706063
2018-11-22 22:42:00,0.2637047290900796
2018-11-22 22:45:00,0.29148169345268116
2018-11-22 22:48:00,0.2354430356544981
2018-11-22 22:51:00,0.1708463431886571
2018-11-22 22:54:00,0.2339191623538568
2018-11-22 22:57:00,0.302783566731307
2018-11-22 23:00:00,0.2725296952796725
2018-11-22 23:03:00,0.28019380828021667
2018-11-22 23:06:00,0.3737991074669367
2018-11-22 23:09:00,0.3559665945010124
2018-11-22 23:12:00,0.2715074145135077
2018-11-22 23:15:00,0.15900219113001413
2018-11-22 23:18:00,0.2561278792751409
2018-11-22 23:21:00,0.3026006876299334
2018-11-22 23:24:00,0.26224584182102717
2018-11-22 23:27:00,0.1493810566993261
2018-11-22 23:30:00,0.27733387501916695
2018-11-22 23:33:00,0.26826189119123
2018-11-22 23:36:00,0.23575114167010724
2018-11-22 23:39:00,0.2869052712675284
2018-11-22 23:42:00,0.23502780507436682
2018-11-22 23:45:00,0.2711472286340495
2018-11-22 23:48:00,0.24305072028272434
2018-11-22 23:51:00,0.29358028967919836
2018-11-22 23:54:00,0.18413035366501163
2018-11-22 23:57:00,0.2757459836295766
2018-11-23 00:00:00,0.2926186486332085
2018-11-23 00:03:00,0.2722155912926496
2018-11-23 00:06:00,0.2622292253291221
2018-11-23 00:09:00,0.31046418299331435
2018-11-23 00:12:00,0.2507058280106662
2018-11-23 00:15:00,0.38848729138169347
2018-11-23 00:18:00,0.2694223440114456
2018-11-23 00:21:00,0.4064594389945455
2018-11-23 00:24:00,0.5302804529790137
2018-11-23 00:27:00,0.387701164330565
2018-11-23 00:30:00,0.4266734177331841
2018-11-23 00:33:00,0.26090443076043357
2018-11-23 00:36:00,0.3317681479323369
2018-11-23 00:39:00,0.24467161593241826
2018-11-23 00:42:00,0.1903639662497767
2018-11-23 00:45:00,0.33192550382790387
2018-11-23 00:48:00,0.37306454902631003
2018-11-23 00:51:00,0.350247937152119
2018-11-23 00:54:00,0.29919781026484316
2018-11-23 00:57:00,0.3285037409332858
2018-11-23 01:00:00,0.38685698236866983
2018-11-23 01:03:00,0.42156147779707
2018-11-23 01:06:00,0.4693489578727963
2018-11-23 01:09:00,0.6005188431922193
2018-11-23 01:12:00,0.5936445840957276
2018-11-23 01:15:00,0.6516436772902239
2018-11-23 01:18:00,0.6002692945683066
2018-11-23 01:21:00,0.7242512685822362
2018-11-23 01:24:00,0.6184284728515195
2018-11-23 01:27:00,0.5221426292618503
2018-11-23 01:30:00,0.5802463241778355
2018-11-23 01:33:00,0.5803633388944718
2018-11-23 01:36:00,0.6445294185651278
2018-11-23 01:39:00,0.5274562620198253
2018-11-23 01:42:00,0.6170361881278268
2018-11-23 01:45:00,0.6947073893217635
2018-11-23 01:48:00,0.8023141398454641
2018-11-23 01:51:00,0.6554742276371144
2018-11-23 01:54:00,0.5947848864011007
2018-11-23 01:57:00,0.6230920367582371
2018-11-23 02:00:00,0.7711849677785381
2018-11-23 02:03:00,0.7240784925024855
2018-11-23 02:06:00,0.7606837303766838
2018-11-23 02:09:00,0.6524871065374214
2018-11-23 02:12:00,0.4690909091501112
2018-11-23 02:15:00,0.36369296088480496
2018-11-23 02:18:00,0.47085170774090557
2018-11-23 02:21:00,0.43922142701609346
2018-11-23 02:24:00,0.44553898774569234
2018-11-23 02:27:00,0.44513613631238513
2018-11-23 02:30:00,0.4619030736652121
2018-11-23 02:33:00,0.5074705950505063
2018-11-23 02:36:00,0.47428642902059437
2018-11-23 02:39:00,0.4683930555475513
2018-11-23 02:42:00,0.4370588390070793
2018-11-23 02:45:00,0.4086701964963595
2018-11-23 02:48:00,0.4987126300916884
2018-11-23 02:51:00,0.4308282638009473
2018-11-23 02:54:00,0.42226394943202195
2018-11-23 02:57:00,0.46082321808086135
2018-11-23 03:00:00,0.37485755709883506
2018-11-23 03:03:00,0.37021060000142825
2018-11-23 03:06:00,0.3725435188110282
2018-11-23 03:09:00,0.3647910380166195
2018-11-23 03:12:00,0.3982018245239374
2018-11-23 03:15:00,0.4774686131340786
2018-11-23 03:18:00,0.42308596402511967
2018-11-23 03:21:00,0.4885222997887695
2018-11-23 03:24:00,0.4277194647296483
2018-11-23 03:27:00,0.35831841341843074
2018-11-23 03:30:00,0.37982062293696117
2018-11-23 03:33:00,0.3279453742715077
2018-11-23 03:36:00,0.39835451691544677
2018-11-23 03:39:00,0.43598417200814765
2018-11-23 03:42:00,0.35646527742636636
2018-11-23 03:45:00,0.411606534835812
2018-11-23 03:48:00,0.37555225580740625
2018-11-23 03:51:00,0.4265356700938696
2018-11-23 03:54:00,0.37162076221392226
2018-11-23 03:57:00,0.3145646780472475
2018-11-23 04:00:00,0.39940279731064265
2018-11-23 04:03:00,0.38712832737303415
2018-11-23 04:06:00,0.32010064298549423
2018-11-23 04:09:00,0.43995844004803075
2018-11-23 04:12:00,0.4273456823368065
2018-11-23 04:15:00,0.3473002799151459
2018-11-23 04:18:00,0.37815391655641406
2018-11-23 04:21:00,0.38029850487299655
2018-11-23 04:24:00,0.3314572026779956
2018-11-23 04:27:00,0.32759543066413244
2018-11-23 04:30:00,0.41576152689520995
2018-11-23 04:33:00,0.3324385416777318
2018-11-23 04:36:00,0.3353356244300585
2018-11-23 04:39:00,0.2514476926784823
2018-11-23 04:42:00,0.35598259156802214
2018-11-23 04:45:00,0.28642049207343234
2018-11-23 04:48:00,0.40655682658047
2018-11-23 04:51:00,0.3129572674490646
2018-11-23 04:54:00,0.34218560102840456
2018-11-23 04:57:00,0.32126732675021685
2018-11-23 05:00:00,0.2597485818887435
2018-11-23 05:03:00,0.2832028445104129
2018-11-23 05:06:00,0.2869026804887653
2018-11-23 05:09:00,0.3576555194728144
2018-11-23 05:12:00,0.321046540426039
2018-11-23 05:15:00,0.27247190100951
2018-11-23 05:18:00,0.27193688059736587
2018-11-23 05:21:00,0.29018449968469895
2018-11-23 05:24:00,0.19371157349860368
2018-11-23 05:27:00,0.27496400875776317
2018-11-23 05:30:00,0.3577561709382735
2018-11-23 05:33:00,0.3636591861961165
2018-11-23 05:36:00,0.3309562755865727
2018-11-23 05:39:00,0.260180623043027
2018-11-23 05:42:00,0.24485559189844253
2018-11-23 05:45:00,0.2815068755380139
2018-11-23 05:48:00,0.2939703643704661
2018-11-23 05:51:00,0.29300097418911264
2018-11-23 05:54:00,0.2765009989346936
2018-11-23 05:57:00,0.3106107201165855
2018-11-23 06:00:00,0.29613786187712776
2018-11-23 06:03:00,0.2833878241859793
2018-11-23 06:06:00,0.39924321995289347
2018-11-23 06:09:00,0.4182849783407505
2018-11-23 06:12:00,0.33498984853758884
2018-11-23 06:15:00,0.3403056356289653
2018-11-23 06:18:00,0.3150733436150972
2018-11-23 06:21:00,0.35211300211233265
2018-11-23 06:24:00,0.33415692486107673
2018-11-23 06:27:00,0.422205826187394
2018-11-23 06:30:00,0.3119791144186479
2018-11-23 06:33:00,0.2986365331701677
2018-11-23 06:36:00,0.2451695015547557
2018-11-23 06:39:00,0.2690378647024545
2018-11-23 06:42:00,0.20666435350693746
2018-11-23 06:45:00,0.3164383432123259
2018-11-23 06:48:00,0.2418142829795329
2018-11-23 06:51:00,0.20017664621997255
2018-11-23 06:54:00,0.26915824809049127
2018-11-23 06:57:00,0.32609706480496925
2018-11-23 07:00:00,0.28420744417394417
2018-11-23 07:03:00,0.3009321263884317
2018-11-23 07:06:00,0.29447275531225614
2018-11-23 07:09:00,0.19962328722243683
2018-11-23 07:12:00,0.30224146677818453
2018-11-23 07:15:00,0.32033603727376203
2018-11-23 07:18:00,0.20577080338489395
2018-11-23 07:21:00,0.33956084179328627
2018-11-23 07:24:00,0.2023234617024059
2018-11-23 07:27:00,0.2941292509490836
2018-11-23 07:30:00,0.33556088933113415
2018-11-23 07:33:00,0.25390790378259
2018-11-23 07:36:00,0.2161761218081324
2018-11-23 07:39:00,0.19481133753436097
2018-11-23 07:42:00,0.22400857498070081
2018-11-23 07:45:00,0.2434524279519792
2018-11-23 07:48:00,0.2886213195720302
2018-11-23 07:51:00,0.30877326862452037
2018-11-23 07:54:00,0.2150475226319486
2018-11-23 07:57:00,0.3160215833917164
2018-11-23 08:00:00,0.20513135251366066
2018-11-23 08:03:00,0.24648907198263714
2018-11-23 08:06:00,0.17159570215028452
2018-11-23 08:09:00,0.1933611427484152
2018-11-23 08:12:00,0.17904721203649387
2018-11-23 08:15:00,0.16267436833658167
2018-11-23 08:18:00,0.22920987711029284
2018-11-23 08:21:00,0.11911189206188055
2018-11-23 08:24:00,0.18774850738111581
2018-11-23 08:27:00,0.14961304658254448
2018-11-23 08:30:00,0.14142658804325947
2018-11-23 08:33:00,0.24683902975311867
2018-11-23 08:36:00,0.1591620985669806
2018-11-23 08:39:00,0.13344641640145483
2018-11-23 08:42:00,0.17593699839494548
2018-11-23 08:45:00,0.12024013282291435
2018-11-23 08:48:00,0.09071572969094177
2018-11-23 08:51:00,0.09003184290628496
2018-11-23 08:54:00,0.07848490613224612
2018-11-23 08:57:00,0.20864751041165164
2018-11-23 09:00:00,0.12781552880301206
2018-11-23 09:03:00,0.07908047197895485
2018-11-23 09:06:00,0.24823523764297306
2018-11-23 09:09:00,0.1766113642227083
2018-11-23 09:12:00,0.12044480381126732
2018-11-23 09:15:00,0.14025848279527509
2018-11-23 09:18:00,0.1592210308090216
2018-11-23 09:21:00,0.22438532757922758
2018-11-23 09:24:00,0.06994239766567034
2018-11-23 09:27:00,-0.009354936479610387
2018-11-23 09:30:00,0.04753955103177532
2018-11-23 09:33:00,-0.007059633098947415
2018-11-23 09:36:00,0.07600482248045637
2018-11-23 09:39:00,-0.04022061544230837
2018-11-23 09:42:00,-0.04596234329858362
2018-11-23 09:45:00,0.0221885700831308
2018-11-23 09:48:00,-0.0583787847603503
2018-11-23 09:51:00,0.025499816493606886
2018-11-23 09:54:00,0.03904897384796868
2018-11-23 09:57:00,-0.039367720339953394
2018-11-23 10:00:00,-0.0254235678159489
2018-11-23 10:03:00,-0.09627794908601572
2018-11-23 10:06:00,-0.09540044404030823
2018-11-23 10:09:00,-0.14670797712500416
2018-11-23 10:12:00,-0.1831143667326387
2018-11-23 10:15:00,-0.11716984212523585
2018-11-23 10:18:00,-0.1795891031241581
2018-11-23 10:21:00,-0.07881703790661732
2018-11-23 10:24:00,-0.23197271615919135
2018-11-23 10:27:00,-0.10795317772016233
2018-11-23 10:30:00,-0.04958186161360345
2018-11-23 10:33:00,-0.1492662895865351
2018-11-23 10:36:00,-0.18532986155213393
2018-11-23 10:39:00,-0.17566129817959109
2018-11-23 10:42:00,-0.1884747444205459
2018-11-23 10:45:00,-0.08497102447569205
2018-11-23 10:48:00,-0.029665910092148806
2018-11-23 10:51:00,-0.0795074611581299
2018-11-23 10:54:00,0.002117904912722679
2018-11-23 10:57:00,-0.09065570778631127
2018-11-23 11:00:00,-0.11157828639721856
2018-11-23 11:03:00,-0.1725475552831881
2018-11-23 11:06:00,-0.14214299677053077
2018-11-23 11:09:00,-0.12172682611901564
2018-11-23 11:12:00,-0.2245530974076928
2018-11-23 11:15:00,-0.11581261127747666
2018-11-23 11:18:00,-0.11592540311681887
2018-11-23 11:21:00,-0.12160040946241679
2018-11-23 11:24:00,-0.021171621621249415
2018-11-23 11:27:00,-0.1473308588049349
2018-11-23 11:30:00,-0.2788993233049837
2018-11-23 11:33:00,-0.21057847787699302
2018-11-23 11:36:00,-0.26898044117876907
2018-11-23 11:39:00,-0.12362541213002487
2018-11-23 11:42:00,-0.2523595101171736
2018-11-23 11:45:00,-0.2719957791092611
2018-11-23 11:48:00,-0.1689457468570481
2018-11-23 11:51:00,-0.21033072794756436
2018-11-23 11:54:00,-0.23992252410175752
2018-11-23 11:57:00,-0.21776200015261793
2018-11-23 12:00:00,-0.11227058773039289
2018-11-23 12:03:00,-0.29914198953855475
2018-11-23 12:06:00,-0.3072885560842451
2018-11-23 12:09:00,-0.40061416622080515
2018-11-23 12:12:00,-0.2944405709558282
2018-11-23 12:15:00,-0.3996505499026739
2018-11-23 12:18:00,-0.2563087585194239
2018-11-23 12:21:00,-0.3414388510706772
2018-11-23 12:24:00,-0.27478828430810154
2018-11-23 12:27:00,-0.3240552878890526
2018-11-23 12:30:00,-0.19275923580386234
2018-11-23 12:33:00,-0.29316162574275495
2018-11-23 12:36:00,-0.3700863250608677
2018-11-23 12:39:00,-0.4112709567977504
2018-11-23 12:42:00,-0.4477128865789268
2018-11-23 12:45:00,-0.5585254005154638
2018-11-23 12:48:00,-0.4120975610712776
2018-11-23 12:51:00,-0.4343814452798256
2018-11-23 12:54:00,-0.3990393128046321
2018-11-23 12:57:00,-0.45605123324065744
2018-11-23 13:00:00,-0.3857340436945833
2018-11-23 13:03:00,-0.4879721397848584
2018-11-23 13:06:00,-0.42879657694135176
2018-11-23 13:09:00,-0.48413278607085886
2018-11-23 13:12:00,-0.5661337060062692
2018-11-23 13:15:00,-0.45794641800108593
2018-11-23 13:18:00,-0.48050742480882036
2018-11-23 13:21:00,-0.35016967041275393
2018-11-23 13:24:00,-0.4311488088832789
2018-11-23 13:27:00,-0.4736627691598301
2018-11-23 13:30:00,-0.5071093620346687
2018-11-23 13:33:00,-0.40521870349738265
2018-11-23 13:36:00,-0.22110212603973878
2018-11-23 13:39:00,-0.1975863945019114
2018-11-23 13:42:00,0.04241460604106351
2018-11-23 13:45:00,-0.06329821729769947
2018-11-23 13:48:00,-0.10398438926569042
2018-11-23 13:51:00,-0.02964386987702028
2018-11-23 13:54:00,0.032569820869184696
2018-11-23 13:57:00,-0.11497226528052806
2018-11-23 14:00:00,-0.0846945462363351
2018-11-23 14:03:00,0.023172254110420454
2018-11-23 14:06:00,-0.07577492317750512
2018-11-23 14:09:00,-0.10149439199756216
2018-11-23 14:12:00,-0.06509882465729788
2018-11-23 14:15:00,-0.10302873144598834
2018-11-23 14:18:00,-0.2125430742351
2018-11-23 14:21:00,-0.030834688699144408
2018-11-23 14:24:00,-0.04954486455193319
2018-11-23 14:27:00,0.1297165707618433
2018-11-23 14:30:00,0.05864935139510408
2018-11-23 14:33:00,0.009446936279744023
2018-11-23 14:36:00,0.09290995616220243
2018-11-23 14:39:00,0.08583373355418189
2018-11-23 14:42:00,0.13864150656496577
2018-11-23 14:45:00,0.24694777361042952
2018-11-23 14:48:00,0.2360815997632244
2018-11-23 14:51:00,0.17636509848483684
2018-11-23 14:54:00,0.15530749297943203
2018-11-23 14:57:00,0.16409527010864622
2018-11-23 15:00:00,0.15160444920059035
2018-11-23 15:03:00,0.19354047468607405
2018-11-23 15:06:00,0.25464781814548587
2018-11-23 15:09:00,0.1780817788687159
2018-11-23 15:12:00,0.04526710352496366
2018-11-23 15:15:00,0.18937743883680014
2018-11-23 15:18:00,0.1663272835482985
2018-11-23 15:21:00,0.2414862743415256
2018-11-23 15:24:00,0.16258948962416753
2018-11-23 15:27:00,0.125787684588488
2018-11-23 15:30:00,0.057415873042828025
2018-11-23 15:33:00,0.1925534064622525
2018-11-23 15:36:00,0.07048890567256194
2018-11-23 15:39:00,0.1054344143886965
2018-11-23 15:42:00,0.3215262728121502
2018-11-23 15:45:00,0.5639124341190609
2018-11-23 15:48:00,0.577351450124695
2018-11-23 15:51:00,0.6525653718642843
2018-11-23 15:54:00,0.6429562753612004
2018-11-23 15:57:00,0.5821295485524729
2018-11-23 16:00:00,0.6054129863708226
2018-11-23 16:03:00,0.6454338559011603
2018-11-23 16:06:00,0.47775287770724617
2018-11-23 16:09:00,0.5140931694751316
2018-11-23 16:12:00,0.4952421901716093
2018-11-23 16:15:00,0.4726880540217735
2018-11-23 16:18:00,0.45196798371716795
2018-11-23 16:21:00,0.5601866414841652
2018-11-23 16:24:00,0.5615578028696291
2018-11-23 16:27:00,0.4268754465411462
2018-11-23 16:30:00,0.5329054572840164
2018-11-23 16:33:00,0.5516827625401675
2018-11-23 16:36:00,0.49819982078099656
2018-11-23 16:39:00,0.6564163850591171
2018-11-23 16:42:00,0.5160258313886175
2018-11-23 16:45:00,0.3772020987314022
2018-11-23 16:48:00,0.3769282271908878
2018-11-23 16:51:00,0.09515865972457505
2018-11-23 16:54:00,0.08558057078471393
2018-11-23 16:57:00,0.1208367077875323
2018-11-23 17:00:00,0.06637504352590895
2018-11-23 17:03:00,0.09148954825025157
2018-11-23 17:06:00,0.13146159989855732
2018-11-23 17:09:00,0.09784189274336086
2018-11-23 17:12:00,0.10969239284020205
2018-11-23 17:15:00,0.046095726201713205
2018-11-23 17:18:00,0.08632058977258339
2018-11-23 17:21:00,0.015196771031469325
2018-11-23 17:24:00,0.10583789902460694
2018-11-23 17:27:00,0.016971821508207086
2018-11-23 17:30:00,0.13632488947803267
2018-11-23 17:33:00,0.09862784294756466
2018-11-23 17:36:00,0.1364019973278232
2018-11-23 17:39:00,0.10269730158591983
2018-11-23 17:42:00,0.2564211270549208
2018-11-23 17:45:00,0.2591071500518751
2018-11-23 17:48:00,0.3299520092981538
2018-11-23 17:51:00,0.2116560739247575
2018-11-23 17:54:00,0.3328272519989923
2018-11-23 17:57:00,0.13828785685461753
2018-11-23 18:00:00,0.2262067160515926
2018-11-23 18:03:00,0.2599481136432473
2018-11-23 18:06:00,0.15597622915436204
2018-11-23 18:09:00,0.2337390926736589
2018-11-23 18:12:00,0.2536773399049821
2018-11-23 18:15:00,0.07948752692993821
2018-11-23 18:18:00,0.13115532700874155
2018-11-23 18:21:00,0.31972015124159725
2018-11-23 18:24:00,0.22143590923963075
2018-11-23 18:27:00,0.11976255791739732
2018-11-23 18:30:00,0.11357291294797278
2018-11-23 18:33:00,0.05249865204871185
2018-11-23 18:36:00,0.09348250518223722
2018-11-23 18:39:00,0.07476884378297655
2018-11-23 18:42:00,0.07332855168078822
2018-11-23 18:45:00,-0.02515306915029214
2018-11-23 18:48:00,0.0624412315270888
2018-11-23 18:51:00,0.038093983000067055
2018-11-23 18:54:00,
2018-11-23 18:57:00,
2018-11-23 19:00:00,
2018-11-23 19:03:00,0.13405005208289822
2018-11-23 19:06:00,0.09448541948341926
2018-11-23 19:09:00,0.15639523380224318
2018-11-23 19:12:00,0.10271155452016956
2018-11-23 19:15:00,0.055821422426220124
2018-11-23 19:18:00,0.173536967071243
2018-11-23 19:21:00,0.20518221877000542
2018-11-23 19:24:00,0.2802205342431989
2018-11-23 19:27:00,0.28896014767428824
2018-11-23 19:30:00,0.2925394929486629
2018-11-23 19:33:00,0.32738322774099515
2018-11-23 19:36:00,0.3042346458220777
2018-11-23 19:39:00,0.15519037004855818
2018-11-23 19:42:00,0.15769716840333103
2018-11-23 19:45:00,0.2554974294534418
2018-11-23 19:48:00,0.2521007138342384
2018-11-23 19:51:00,0.19968098539811763
2018-11-23 19:54:00,0.17059721644176307
2018-11-23 19:57:00,0.16188006086241558
2018-11-23 20:00:00,0.03389190315124324
2018-11-23 20:03:00,0.05287719982413819
2018-11-23 20:06:00,0.06513262623741412
2018-11-23 20:09:00,0.1177436772920828
2018-11-23 20:12:00,0.11367453385537374
2018-11-23 20:15:00,0.0318539572804184
2018-11-23 20:18:00,0.1724563000415742
2018-11-23 20:21:00,0.1324953445534902
2018-11-23 20:24:00,0.08664863832689207
2018-11-23 20:27:00,0.13225115568985757
2018-11-23 20:30:00,0.17797195254280496
2018-11-23 20:33:00,0.19073315781497513
2018-11-23 20:36:00,0.26419159752907717
2018-11-23 20:39:00,0.14002169999417902
2018-11-23 20:42:00,0.11618732390763853
2018-11-23 20:45:00,0.22642144776176565
2018-11-23 20:48:00,0.21581371338294275
2018-11-23 20:51:00,0.10899346578230507
2018-11-23 20:54:00,0.18050704016474128
2018-11-23 20:57:00,0.14131480052384404
2018-11-23 21:00:00,0.16693676323126283
2018-11-23 21:03:00,0.1604275061924909
2018-11-23 21:06:00,0.224475687256529
2018-11-23 21:09:00,0.15473742763776954
2018-11-23 21:12:00,0.2211218513671156
2018-11-23 21:15:00,0.23171541642579996
2018-11-23 21:18:00,0.09581545317291784
2018-11-23 21:21:00,0.10505436467707341
2018-11-23 21:24:00,-0.0006777572710916502
2018-11-23 21:27:00,0.031128901703084466
2018-11-23 21:30:00,0.10632987597563215
2018-11-23 21:33:00,0.10115717185050244
2018-11-23 21:36:00,0.180272360549111
2018-11-23 21:39:00,0.13029173119070947
2018-11-23 21:42:00,0.16555280123304783
2018-11-23 21:45:00,0.1703846118260799
2018-11-23 21:48:00,0.17151631821650426
2018-11-23 21:51:00,0.18167689740067772
2018-11-23 21:54:00,0.18583813792827186
2018-11-23 21:57:00,0.20933767098915723
2018-11-23 22:00:00,0.14931505108950205
2018-11-23 22:03:00,0.17695258809197867
2018-11-23 22:06:00,0.2802805448288268
2018-11-23 22:09:00,0.15373502692142438
2018-11-23 22:12:00,0.21390539122995733
2018-11-23 22:15:00,0.20638687086636764
2018-11-23 22:18:00,0.2923321117380624
2018-11-23 22:21:00,0.20401325790561486
2018-11-23 22:24:00,0.22353141356296646
2018-11-23 22:27:00,0.26820035678355225
2018-11-23 22:30:00,0.2594656160976001
2018-11-23 22:33:00,0.271381395866797
2018-11-23 22:36:00,0.28250634742977354
2018-11-23 22:39:00,0.346652274788255
2018-11-23 22:42:00,0.24911106704263375
2018-11-23 22:45:00,0.27170560571829583
2018-11-23 22:48:00,0.23291354822202948
2018-11-23 22:51:00,0.1833792959890843
2018-11-23 22:54:00,0.20495289971847797
2018-11-23 22:57:00,0.21281078627464467
2018-11-23 23:00:00,0.10961350142298443
2018-11-23 23:03:00,0.21387227598114578
2018-11-23 23:06:00,0.2377573791622467
2018-11-23 23:09:00,0.2307316016734262
2018-11-23 23:12:00,0.24395800650188448
2018-11-23 23:15:00,0.28035252212617934
2018-11-23 23:18:00,0.2620140164828513
2018-11-23 23:21:00,0.1624496389507044
2018-11-23 23:24:00,0.2310230186541844
2018-11-23 23:27:00,0.19231234383738638
2018-11-23 23:30:00,0.25260122845480737
2018-11-23 23:33:00,0.19079951368252068
2018-11-23 23:36:00,0.20896492574661352
2018-11-23 23:39:00,0.27564606817855974
2018-11-23 23:42:00,0.22700657785094336
2018-11-23 23:45:00,0.26945910835513587
2018-11-23 23:48:00,0.24732418199334916
2018-11-23 23:51:00,0.2420099081741114
2018-11-23 23:54:00,0.23426623863099394
2018-11-23 23:57:00,0.21009734650874634
2018-11-24 00:00:00,0.18104912412979957
2018-11-24 00:03:00,0.09867399187942283
2018-11-24 00:06:00,0.1784694754329621
2018-11-24 00:09:00,0.2033131047663801
2018-11-24 00:12:00,0.1794568838657824
2018-11-24 00:15:00,0.2749556246957354
2018-11-24 00:18:00,0.36964991440913764
2018-11-24 00:21:00,0.379676711853449
2018-11-24 00:24:00,0.2630563268210153
2018-11-24 00:27:00,0.25408705766977846
2018-11-24 00:30:00,0.20704905638507398
2018-11-24 00:33:00,0.2853218968636497
2018-11-24 00:36:00,0.23775560305409726
2018-11-24 00:39:00,0.32221152728084235
2018-11-24 00:42:00,0.28354027438422236
2018-11-24 00:45:00,0.286878052755867
2018-11-24 00:48:00,0.2731623495433837
2018-11-24 00:51:00,0.3618980518212993
2018-11-24 00:54:00,0.32817944541466204
2018-11-24 00:57:00,0.42765103170432894
2018-11-24 01:00:00,0.3809478514616558
2018-11-24 01:03:00,0.4043097464558514
2018-11-24 01:06:00,0.3232604073843959
2018-11-24 01:09:00,0.4277046531771589
2018-11-24 01:12:00,0.262330562260388
2018-11-24 01:15:00,0.25692748550068245
2018-11-24 01:18:00,0.26706660700853035
2018-11-24 01:21:00,0.29211947811865
2018-11-24 01:24:00,0.37291603153931874
2018-11-24 01:27:00,0.3488832818559331
2018-11-24 01:30:00,0.32623653486928106
2018-11-24 01:33:00,0.26715531845025
2018-11-24 01:36:00,0.2612222535862543
2018-11-24 01:39:00,0.20958402357820205
2018-11-24 01:42:00,0.2613089984329804
2018-11-24 01:45:00,0.16774204768518075
2018-11-24 01:48:00,0.2823234482637531
2018-11-24 01:51:00,0.24949146490104113
2018-11-24 01:54:00,0.29681332479697176
2018-11-24 01:57:00,0.35650073410567984
2018-11-24 02:00:00,0.26055827910482776
2018-11-24 02:03:00,0.23519623894225106
2018-11-24 02:06:00,0.24501422967125563
2018-11-24 02:09:00,0.3292391536256787
2018-11-24 02:12:00,0.1563972237547091
2018-11-24 02:15:00,0.14836632773761949
2018-11-24 02:18:00,0.18514294999721415
2018-11-24 02:21:00,0.2831978110576756
2018-11-24 02:24:00,0.3723556411557638
2018-11-24 02:27:00,0.3393041875805807
2018-11-24 02:30:00,0.34500973303892124
2018-11-24 02:33:00,0.32790553985898896
2018-11-24 02:36:00,0.30239082101900294
2018-11-24 02:39:00,0.28857681640982946
2018-11-24 02:42:00,0.3326026753695146
2018-11-24 02:45:00,0.3594833549138343
2018-11-24 02:48:00,0.3273295084413803
2018-11-24 02:51:00,0.24565582235010197
2018-11-24 02:54:00,0.16931951546160917
2018-11-24 02:57:00,0.3358490647859753
2018-11-24 03:00:00,0.1919824779625401
2018-11-24 03:03:00,0.35018132257113166
2018-11-24 03:06:00,0.33409223970522817
2018-11-24 03:09:00,0.22053806437565981
2018-11-24 03:12:00,0.36897875717050965
2018-11-24 03:15:00,0.3298619724471905
2018-11-24 03:18:00,0.36528651952176006
2018-11-24 03:21:00,0.22970961681954805
2018-11-24 03:24:00,0.25771024559236366
2018-11-24 03:27:00,0.24503291833229923
2018-11-24 03:30:00,0.4028295437664724
2018-11-24 03:33:00,0.3243401569951061
2018-11-24 03:36:00,0.35677087960232257
2018-11-24 03:39:00,0.35529460099405696
2018-11-24 03:42:00,0.3740987191512204
2018-11-24 03:45:00,0.3410240261059698
2018-11-24 03:48:00,0.3728848039569925
2018-11-24 03:51:00,0.3088340838623367
2018-11-24 03:54:00,0.4132011011107011
2018-11-24 03:57:00,0.43906990384306255
2018-11-24 04:00:00,0.3761502419509384
2018-11-24 04:03:00,0.3499052612910418
2018-11-24 04:06:00,0.3255464170907203
2018-11-24 04:09:00,0.397755320276417
2018-11-24 04:12:00,0.35773424881205074
2018-11-24 04:15:00,0.4057875695548887
2018-11-24 04:18:00,0.4091163792467114
2018-11-24 04:21:00,0.32742608088864245
2018-11-24 04:24:00,0.40016673099523814
2018-11-24 04:27:00,0.4033259041528936
2018-11-24 04:30:00,0.3599231728352379
2018-11-24 04:33:00,0.34848478256293447
2018-11-24 04:36:00,0.42950039724473754
2018-11-24 04:39:00,0.33214299537615943
2018-11-24 04:42:00,0.44965644152620143
2018-11-24 04:45:00,0.3245508258761447
2018-11-24 04:48:00,0.3197298624601217
2018-11-24 04:51:00,0.30860306278833605
2018-11-24 04:54:00,0.30939884190718203
2018-11-24 04:57:00,0.2542904171132818
2018-11-24 05:00:00,0.31127082215306245
2018-11-24 05:03:00,0.3067624092304868
2018-11-24 05:06:00,0.2564256250813628
2018-11-24 05:09:00,0.30367080607612706
2018-11-24 05:12:00,0.32683150039309794
2018-11-24 05:15:00,0.2769468109577815
2018-11-24 05:18:00,0.36132230859101355
2018-11-24 05:21:00,0.27521283783113404
2018-11-24 05:24:00,0.3425312740379809
2018-11-24 05:27:00,0.3238469257606198
2018-11-24 05:30:00,0.3329650540509874
2018-11-24 05:33:00,0.30058928835956067
2018-11-24 05:36:00,0.30510369563296535
2018-11-24 05:39:00,0.30007944884789595
2018-11-24 05:42:00,0.27931654094805936
2018-11-24 05:45:00,0.16497184349339022
2018-11-24 05:48:00,0.3216042512669901
2018-11-24 05:51:00,0.22291518029152257
2018-11-24 05:54:00,0.2055847961634072
2018-11-24 05:57:00,0.26045553378065733
2018-11-24 06:00:00,0.2749803386244025
2018-11-24 06:03:00,0.29415293988620306
2018-11-24 06:06:00,0.3226508883086012
2018-11-24 06:09:00,0.3736344958809923
2018-11-24 06:12:00,0.2639701412414297
2018-11-24 06:15:00,0.3249952255823132
2018-11-24 06:18:00,0.2470796910132549
2018-11-24 06:21:00,0.35855867306457867
2018-11-24 06:24:00,0.3452230556831637
2018-11-24 06:27:00,0.3579957926620523
2018-11-24 06:30:00,0.3506520734176206
2018-11-24 06:33:00,0.3393445032904765
2018-11-24 06:36:00,0.30751375281346327
2018-11-24 06:39:00,0.21550980714704338
2018-11-24 06:42:00,0.27483441388420715
2018-11-24 06:45:00,0.2891847615881602
2018-11-24 06:48:00,0.3945993182002212
2018-11-24 06:51:00,0.40336982373406727
2018-11-24 06:54:00,0.3520170445134454
2018-11-24 06:57:00,0.354895002719843
2018-11-24 07:00:00,0.37987890621866427
2018-11-24 07:03:00,0.3343306529996539
2018-11-24 07:06:00,0.2980831776764603
2018-11-24 07:09:00,0.35190516712026465
2018-11-24 07:12:00,0.3641068138618948
2018-11-24 07:15:00,0.40429891422598985
2018-11-24 07:18:00,0.28492333457251107
2018-11-24 07:21:00,0.26853323338559676
2018-11-24 07:24:00,0.2969311492289535
2018-11-24 07:27:00,0.2003154376728844
2018-11-24 07:30:00,0.2012715696762939
2018-11-24 07:33:00,0.25054311170214305
2018-11-24 07:36:00,0.2546043680345065
2018-11-24 07:39:00,0.2684679056786763
2018-11-24 07:42:00,0.28569332403770886
2018-11-24 07:45:00,0.18353525097643342
2018-11-24 07:48:00,0.17890484144334096
2018-11-24 07:51:00,0.19663625143022045
2018-11-24 07:54:00,0.21910900329186234
2018-11-24 07:57:00,0.3517381426809152
2018-11-24 08:00:00,0.2910729436466113
2018-11-24 08:03:00,0.2193443667623569
2018-11-24 08:06:00,0.14029459877684758
2018-11-24 08:09:00,0.21286062394210603
2018-11-24 08:12:00,0.2294606567925257
2018-11-24 08:15:00,0.1514382203772584
2018-11-24 08:18:00,0.21510344172054374
2018-11-24 08:21:00,0.27076736591510553
2018-11-24 08:24:00,0.2799242345309949
2018-11-24 08:27:00,0.1979654107293527
2018-11-24 08:30:00,0.21246476150190574
2018-11-24 08:33:00,0.15901078758707854
2018-11-24 08:36:00,0.13952922596666895
2018-11-24 08:39:00,0.22196197621673264
2018-11-24 08:42:00,0.19780349780711504
2018-11-24 08:45:00,-5.844249517394928e-05
2018-11-24 08:48:00,0.12507446878686324
2018-11-24 08:51:00,0.12474312956055655
2018-11-24 08:54:00,0.06395717166793702
2018-11-24 08:57:00,0.1642941352003504
2018-11-24 09:00:00,0.14892906725322064
2018-11-24 09:03:00,0.13764997949266444
2018-11-24 09:06:00,0.11250369333663457
2018-11-24 09:09:00,0.17776962114413664
2018-11-24 09:12:00,0.08652307426103789
2018-11-24 09:15:00,0.09137856450325899
2018-11-24 09:18:00,0.12495996601768411
2018-11-24 09:21:00,0.055627681013390884
2018-11-24 09:24:00,0.019508910375293453
2018-11-24 09:27:00,0.043642495151516414
2018-11-24 09:30:00,0.06375027097374186
2018-11-24 09:33:00,-0.028789805480926134
2018-11-24 09:36:00,-0.0009115235221202056
2018-11-24 09:39:00,-0.11410515985295433
2018-11-24 09:42:00,-0.012904229233299702
2018-11-24 09:45:00,-0.006083565576659566
2018-11-24 09:48:00,0.08165988380778799
2018-11-24 09:51:00,-0.023942723631307672
2018-11-24 09:54:00,0.007053271633878921
2018-11-24 09:57:00,-0.008336585852021017
2018-11-24 10:00:00,0.02864350691072559
2018-11-24 10:03:00,-0.08995989635354817
2018-11-24 10:06:00,-0.0017194837871556956
2018-11-24 10:09:00,-0.042352797250259755
2018-11-24 10:12:00,0.02134950093631005
2018-11-24 10:15:00,-0.0948019242471787
2018-11-24 10:18:00,-0.08717997861543836
2018-11-24 10:21:00,-0.08106361877162271
2018-11-24 10:24:00,-0.06982097136750554
2018-11-24 10:27:00,-0.2185467533815313
2018-11-24 10:30:00,-0.062011897738670996
2018-11-24 10:33:00,-0.1474296979492351
2018-11-24 10:36:00,-0.11812432316696686
2018-11-24 10:39:00,-0.12408472614333732
2018-11-24 10:42:00,-0.16681334698949968
2018-11-24 10:45:00,-0.10764790951020586
2018-11-24 10:48:00,-0.153198590544946
2018-11-24 10:51:00,-0.14752018375253328
2018-11-24 10:54:00,-0.1550854962852668
2018-11-24 10:57:00,-0.2888216102625165
2018-11-24 11:00:00,-0.16255888895540238
2018-11-24 11:03:00,-0.2936901629114459
2018-11-24 11:06:00,-0.18661515721026944
2018-11-24 11:09:00,-0.24470686954981602
2018-11-24 11:12:00,-0.2581947776368452
2018-11-24 11:15:00,-0.23740692076404457
2018-11-24 11:18:00,-0.1623562422391842
2018-11-24 11:21:00,-0.31115561096447664
2018-11-24 11:24:00,-0.14864527325187282
2018-11-24 11:27:00,-0.17541576154928862
2018-11-24 11:30:00,-0.24915157228559792
2018-11-24 11:33:00,-0.23277868153934378
2018-11-24 11:36:00,-0.25193781071942567
2018-11-24 11:39:00,-0.2362046743903079
2018-11-24 11:42:00,-0.3204876442616751
2018-11-24 11:45:00,-0.25956910055867866
2018-11-24 11:48:00,-0.33826849769212686
2018-11-24 11:51:00,-0.3050985659486969
2018-11-24 11:54:00,-0.32121874070355716
2018-11-24 11:57:00,-0.3470186546235823
2018-11-24 12:00:00,-0.3249493572063784
2018-11-24 12:03:00,-0.4314385310388502
2018-11-24 12:06:00,-0.3191495105353397
2018-11-24 12:09:00,-0.38560253051173277
2018-11-24 12:12:00,-0.3897435338782316
2018-11-24 12:15:00,-0.42428071510170184
2018-11-24 12:18:00,-0.4306893783607393
2018-11-24 12:21:00,-0.3605865984573029
2018-11-24 12:24:00,-0.46800648383026555
2018-11-24 12:27:00,-0.4992654970517947
2018-11-24 12:30:00,-0.4092716969479966
2018-11-24 12:33:00,-0.33009159576164393
2018-11-24 12:36:00,-0.3622267836146875
2018-11-24 12:39:00,-0.4257306812954198
2018-11-24 12:42:00,-0.4206709223985854
2018-11-24 12:45:00,-0.314989771555247
2018-11-24 12:48:00,-0.373883526683926
2018-11-24 12:51:00,-0.42654176161556734
2018-11-24 12:54:00,-0.35898063971421834
2018-11-24 12:57:00,-0.43381793629532694
2018-11-24 13:00:00,-0.3301945526395116
2018-11-24 13:03:00,-0.36320177498333805
2018-11-24 13:06:00,-0.3082790487512739
2018-11-24 13:09:00,-0.2182964270307366
2018-11-24 13:12:00,-0.3106632470480122
2018-11-24 13:15:00,-0.3377064173126314
2018-11-24 13:18:00,-0.3520869419756423
2018-11-24 13:21:00,-0.46637379364460685
2018-11-24 13:24:00,-0.48221276707579364
2018-11-24 13:27:00,-0.4398699416726686
2018-11-24 13:30:00,-0.3301956630675704
2018-11-24 13:33:00,-0.37344367048888216
2018-11-24 13:36:00,-0.4183496931410673
2018-11-24 13:39:00,-0.39187559924209836
2018-11-24 13:42:00,-0.3916381056977798
2018-11-24 13:45:00,-0.2959392758718309
2018-11-24 13:48:00,-0.39967848536878137
2018-11-24 13:51:00,-0.3331453944078362
2018-11-24 13:54:00,-0.4384607083988499
2018-11-24 13:57:00,-0.39417186080476085
2018-11-24 14:00:00,-0.37346166098444655
2018-11-24 14:03:00,-0.329275132053624
2018-11-24 14:06:00,-0.2150243663323863
2018-11-24 14:09:00,-0.2929410226222444
2018-11-24 14:12:00,-0.16462746116815197
2018-11-24 14:15:00,-0.1888862435490637
2018-11-24 14:18:00,-0.29659266928740635
2018-11-24 14:21:00,-0.2896627772468605
2018-11-24 14:24:00,-0.26501135975132684
2018-11-24 14:27:00,-0.13611039514267986
2018-11-24 14:30:00,-0.11323488220489253
2018-11-24 14:33:00,-0.16390572492451838
2018-11-24 14:36:00,-0.1218081090194687
2018-11-24 14:39:00,-0.13339909156536578
2018-11-24 14:42:00,-0.24844485375308523
2018-11-24 14:45:00,-0.2363086186267651
2018-11-24 14:48:00,-0.23777294752807165
2018-11-24 14:51:00,0.02400086065506457
2018-11-24 14:54:00,-0.2104966762794902
2018-11-24 14:57:00,-0.06876061446871518
2018-11-24 15:00:00,-0.013346211819452947
2018-11-24 15:03:00,0.02639644073559566
2018-11-24 15:06:00,0.10492225441538494
2018-11-24 15:09:00,-0.02107109517879735
2018-11-24 15:12:00,-0.20029115445356638
2018-11-24 15:15:00,-0.2327812413113861
2018-11-24 15:18:00,-0.22162740366178468
2018-11-24 15:21:00,-0.25505085774153713
2018-11-24 15:24:00,-0.04539343475772739
2018-11-24 15:27:00,-0.3132017759091923
2018-11-24 15:30:00,-0.1980744983262639
2018-11-24 15:33:00,-0.23248299436784237
2018-11-24 15:36:00,-0.1764712978335865
2018-11-24 15:39:00,-0.1574193908997472
2018-11-24 15:42:00,-0.30464242329435365
2018-11-24 15:45:00,-0.0056218159626837405
2018-11-24 15:48:00,-0.3151384682910816
2018-11-24 15:51:00,-0.032014580138366
2018-11-24 15:54:00,-0.062473114672911834
2018-11-24 15:57:00,-0.13897307933666525
2018-11-24 16:00:00,-0.26173836047672694
2018-11-24 16:03:00,-0.18173769890341873
2018-11-24 16:06:00,-0.1867377497870848
2018-11-24 16:09:00,-0.24075668428054087
2018-11-24 16:12:00,-0.2813327947146149
2018-11-24 16:15:00,-0.157510855774035
2018-11-24 16:18:00,-0.36355984986056455
2018-11-24 16:21:00,-0.11071463600114839
2018-11-24 16:24:00,-0.20301061782083707
2018-11-24 16:27:00,-0.13576075634978224
2018-11-24 16:30:00,-0.06617881821097171
2018-11-24 16:33:00,-0.07079797030269219
2018-11-24 16:36:00,0.02764925346025393
2018-11-24 16:39:00,-0.13037629874560253
2018-11-24 16:42:00,-0.05736304260528868
2018-11-24 16:45:00,-0.07997830974096587
2018-11-24 16:48:00,-0.03185427981384237
2018-11-24 16:51:00,0.0747339226872441
2018-11-24 16:54:00,0.08467014529031758
2018-11-24 16:57:00,0.15394652221300476
2018-11-24 17:00:00,0.12916016243940476
2018-11-24 17:03:00,0.169536147798226
2018-11-24 17:06:00,0.2523306162950689
2018-11-24 17:09:00,0.20076513817105024
2018-11-24 17:12:00,0.252598633267894
2018-11-24 17:15:00,0.32121186018235903
2018-11-24 17:18:00,0.2600023520901118
2018-11-24 17:21:00,0.16844147840510004
2018-11-24 17:24:00,-0.025832342807404984
2018-11-24 17:27:00,-0.018958187137798177
2018-11-24 17:30:00,0.0761671119846028
2018-11-24 17:33:00,0.11400914568815779
2018-11-24 17:36:00,-0.001659499123149999
2018-11-24 17:39:00,0.06350844134385625
2018-11-24 17:42:00,0.10911439124930666
2018-11-24 17:45:00,-0.06702516415373339
2018-11-24 17:48:00,0.08222183471963262
2018-11-24 17:51:00,0.1086654209855169
2018-11-24 17:54:00,0.13598363057678853
2018-11-24 17:57:00,0.07093866501014645
2018-11-24 18:00:00,0.10285972453692693
2018-11-24 18:03:00,0.1536994778703047
2018-11-24 18:06:00,0.22237614659599103
2018-11-24 18:09:00,0.25626257216879367
2018-11-24 18:12:00,0.32319890881734636
2018-11-24 18:15:00,0.3182609819886011
2018-11-24 18:18:00,0.3385895474756353
2018-11-24 18:21:00,0.34221775032460755
2018-11-24 18:24:00,0.28955077964934617
2018-11-24 18:27:00,0.20141946619872897
2018-11-24 18:30:00,0.33668064270415243
2018-11-24 18:33:00,0.2760174785489653
2018-11-24 18:36:00,0.25532236008064046
2018-11-24 18:39:00,0.3780766097906394
2018-11-24 18:42:00,0.416575680530741
2018-11-24 18:45:00,0.42372012257339975
2018-11-24 18:48:00,0.44724033534885166
2018-11-24 18:51:00,0.4327427530785144
2018-11-24 18:54:00,
2018-11-24 18:57:00,
2018-11-24 19:00:00,
2018-11-24 19:03:00,0.2731947125456031
2018-11-24 19:06:00,0.31284416605626575
2018-11-24 19:09:00,0.2986016811547074
2018-11-24 19:12:00,0.26788749079611307
2018-11-24 19:15:00,0.3040655027910475
2018-11-24 19:18:00,0.35255266581987144
2018-11-24 19:21:00,0.3403355864720652
2018-11-24 19:24:00,0.35953574239192676
2018-11-24 19:27:00,0.3311267135414937
2018-11-24 19:30:00,0.31004761414004633
2018-11-24 19:33:00,0.20066450721361662
2018-11-24 19:36:00,0.21919717918552806
2018-11-24 19:39:00,0.2038869295036534
2018-11-24 19:42:00,0.08067638416042655
2018-11-24 19:45:00,0.03983895199411336
2018-11-24 19:48:00,0.11048097548297164
2018-11-24 19:51:00,0.11890129731739307
2018-11-24 19:54:00,0.24831183263654566
2018-11-24 19:57:00,0.17182999940666832
2018-11-24 20:00:00,0.11970397983378689
2018-11-24 20:03:00,0.05642768329170167
2018-11-24 20:06:00,0.10513157919683636
2018-11-24 20:09:00,0.08635286882082482
2018-11-24 20:12:00,0.1692161331857278
2018-11-24 20:15:00,0.0990521275406877
2018-11-24 20:18:00,0.2563400657043644
2018-11-24 20:21:00,0.11759376099007568
2018-11-24 20:24:00,0.11388788529313842
2018-11-24 20:27:00,0.2405707759668303
2018-11-24 20:30:00,0.14048713835728677
2018-11-24 20:33:00,0.19274034877321355
2018-11-24 20:36:00,0.15534062239731838
2018-11-24 20:39:00,0.15065464958519215
2018-11-24 20:42:00,0.1801071803734544
2018-11-24 20:45:00,0.15163161227860655
2018-11-24 20:48:00,0.16016314353572625
2018-11-24 20:51:00,0.1531211870182574
2018-11-24 20:54:00,0.17793170693005322
2018-11-24 20:57:00,0.07129052424556903
2018-11-24 21:00:00,0.19714872271231343
2018-11-24 21:03:00,0.15533251288337624
2018-11-24 21:06:00,0.1622413349302292
2018-11-24 21:09:00,0.138123413360006
2018-11-24 21:12:00,0.24509512100058828
2018-11-24 21:15:00,0.15649329191404604
2018-11-24 21:18:00,0.10961349575438817
2018-11-24 21:21:00,0.056992155128625654
2018-11-24 21:24:00,0.1863787644985564
2018-11-24 21:27:00,0.06637161413675585
2018-11-24 21:30:00,0.06605234672952065
2018-11-24 21:33:00,0.10530496400650691
2018-11-24 21:36:00,0.10296156469991047
2018-11-24 21:39:00,0.17861627549979175
2018-11-24 21:42:00,0.17167866137896226
2018-11-24 21:45:00,0.054823026776489314
2018-11-24 21:48:00,0.10959617474361494
2018-11-24 21:51:00,0.20401105855074775
2018-11-24 21:54:00,0.1547190302392778
2018-11-24 21:57:00,0.10503875782188743
2018-11-24 22:00:00,0.0662995154614805
2018-11-24 22:03:00,0.0796779280070723
2018-11-24 22:06:00,0.05957511466954202
2018-11-24 22:09:00,0.1848424689702597
2018-11-24 22:12:00,0.1904884149033137
2018-11-24 22:15:00,0.2500220028674107
2018-11-24 22:18:00,0.2988382428141563
2018-11-24 22:21:00,0.24725321166488357
2018-11-24 22:24:00,0.18369378734706743
2018-11-24 22:27:00,0.12018729252878302
2018-11-24 22:30:00,0.07765237860411389
2018-11-24 22:33:00,0.07129408362374079
2018-11-24 22:36:00,0.09761909814227465
2018-11-24 22:39:00,0.11503178750206189
2018-11-24 22:42:00,0.05338932466543156
2018-11-24 22:45:00,0.14001645395279638
2018-11-24 22:48:00,0.08645873513910374
2018-11-24 22:51:00,0.14010737135225781
2018-11-24 22:54:00,0.10693155305256141
2018-11-24 22:57:00,0.07595998913706126
2018-11-24 23:00:00,0.19482924466359464
2018-11-24 23:03:00,0.10704516955502186
2018-11-24 23:06:00,0.1213269738423719
2018-11-24 23:09:00,0.1253713101598919
2018-11-24 23:12:00,0.23816154627428432
2018-11-24 23:15:00,0.18551911306406055
2018-11-24 23:18:00,0.24876831475910421
2018-11-24 23:21:00,0.19456029136568986
2018-11-24 23:24:00,0.2024951752895845
2018-11-24 23:27:00,0.19620106267848314
2018-11-24 23:30:00,0.23435389362327896
2018-11-24 23:33:00,0.1625364397742146
2018-11-24 23:36:00,0.14160845558410529
2018-11-24 23:39:00,0.2143362207363566
2018-11-24 23:42:00,0.07359150266239567
2018-11-24 23:45:00,0.07872542581077369
2018-11-24 23:48:00,0.10816169828609645
2018-11-24 23:51:00,0.27344926880869025
2018-11-24 23:54:00,0.2377032305170701
2018-11-24 23:57:00,0.30117759816391754
2018-11-25 00:00:00,0.29767227687170816
2018-11-25 00:03:00,0.24365286184479373
2018-11-25 00:06:00,0.41910859791471466
2018-11-25 00:09:00,0.35680140856356957
2018-11-25 00:12:00,0.37266278849295986
2018-11-25 00:15:00,0.41257339830320916
2018-11-25 00:18:00,0.26200643713752925
2018-11-25 00:21:00,0.32176667786217195
2018-11-25 00:24:00,0.3333910046727624
2018-11-25 00:27:00,0.21504344587191326
2018-11-25 00:30:00,0.2880476172209683
2018-11-25 00:33:00,0.26134588781530965
2018-11-25 00:36:00,0.3343547209775011
2018-11-25 00:39:00,0.3079075729048668
2018-11-25 00:42:00,0.38400009520370304
2018-11-25 00:45:00,0.32088097876078336
2018-11-25 00:48:00,0.36172834013598276
2018-11-25 00:51:00,0.4220056828218617
2018-11-25 00:54:00,0.520613308993461
2018-11-25 00:57:00,0.4932659469820351
2018-11-25 01:00:00,0.4437951189027558
2018-11-25 01:03:00,0.48039564481740626
2018-11-25 01:06:00,0.5052617551170897
2018-11-25 01:09:00,0.5418141304617166
2018-11-25 01:12:00,0.5720980740397863
2018-11-25 01:15:00,0.48387058348959044
2018-11-25 01:18:00,0.6229468567084382
2018-11-25 01:21:00,0.6462879736077412
2018-11-25 01:24:00,0.6405300312962368
2018-11-25 01:27:00,0.6645974590663855
2018-11-25 01:30:00,0.6685980809141938
2018-11-25 01:33:00,0.5864749040309221
2018-11-25 01:36:00,0.42341506814517516
2018-11-25 01:39:00,0.4429925968357793
2018-11-25 01:42:00,0.4632498905305624
2018-11-25 01:45:00,0.37619534185449766
2018-11-25 01:48:00,0.4346232452250547
2018-11-25 01:51:00,0.3354653619462624
2018-11-25 01:54:00,0.38717928105904775
2018-11-25 01:57:00,0.29213011397405353
2018-11-25 02:00:00,0.3522085677881819
2018-11-25 02:03:00,0.2887748600216469
2018-11-25 02:06:00,0.37665482289213514
2018-11-25 02:09:00,0.3694900900884477
2018-11-25 02:12:00,0.4100461999772165
2018-11-25 02:15:00,0.4890668858773779
2018-11-25 02:18:00,0.3757152490642852
2018-11-25 02:21:00,0.4885880024798439
2018-11-25 02:24:00,0.3336963945887419
2018-11-25 02:27:00,0.388004041616
2018-11-25 02:30:00,0.4701748825659138
2018-11-25 02:33:00,0.4206696273870989
2018-11-25 02:36:00,0.3207083948084346
2018-11-25 02:39:00,0.3785095038201689
2018-11-25 02:42:00,0.3186856187904823
2018-11-25 02:45:00,0.34415213719825033
2018-11-25 02:48:00,0.395668903627552
2018-11-25 02:51:00,0.21382422413773838
2018-11-25 02:54:00,0.3255112110301184
2018-11-25 02:57:00,0.3474387230055527
2018-11-25 03:00:00,0.4146984154956499
2018-11-25 03:03:00,0.40019146866575284
2018-11-25 03:06:00,0.3993924843824743
2018-11-25 03:09:00,0.2988054325728058
2018-11-25 03:12:00,0.4370885970047311
2018-11-25 03:15:00,0.3298953336361592
2018-11-25 03:18:00,0.30984957350653985
2018-11-25 03:21:00,0.4393824254916012
2018-11-25 03:24:00,0.3624146125575862
2018-11-25 03:27:00,0.46946451994472227
2018-11-25 03:30:00,0.46312472747621314
2018-11-25 03:33:00,0.42395895010309914
2018-11-25 03:36:00,0.4073064012318923
2018-11-25 03:39:00,0.3614339288449173
2018-11-25 03:42:00,0.4774882594890073
2018-11-25 03:45:00,0.4832065536885466
2018-11-25 03:48:00,0.39084819480905253
2018-11-25 03:51:00,0.261598451791599
2018-11-25 03:54:00,0.3561512783639387
2018-11-25 03:57:00,0.33617243458792245
2018-11-25 04:00:00,0.3602061384189028
2018-11-25 04:03:00,0.401033094206241
2018-11-25 04:06:00,0.3884476554674734
2018-11-25 04:09:00,0.30094802468164517
2018-11-25 04:12:00,0.38443083512453313
2018-11-25 04:15:00,0.3996191083753615
2018-11-25 04:18:00,0.41514481008249504
2018-11-25 04:21:00,0.3266696228085948
2018-11-25 04:24:00,0.3311246313628544
2018-11-25 04:27:00,0.39484131061669814
2018-11-25 04:30:00,0.31632306531986387
2018-11-25 04:33:00,0.3965372882169049
2018-11-25 04:36:00,0.37419845549970887
2018-11-25 04:39:00,0.18266590606577893
2018-11-25 04:42:00,0.26810231173072907
2018-11-25 04:45:00,0.30226211757735655
2018-11-25 04:48:00,0.26054288998744823
2018-11-25 04:51:00,0.40913238667803853
2018-11-25 04:54:00,0.28563794498251127
2018-11-25 04:57:00,0.27913277693699
2018-11-25 05:00:00,0.3033591285391708
2018-11-25 05:03:00,0.3165493202098446
2018-11-25 05:06:00,0.28032217742713783
2018-11-25 05:09:00,0.32286230441144426
2018-11-25 05:12:00,0.35683623449858715
2018-11-25 05:15:00,0.29496625572994617
2018-11-25 05:18:00,0.33905423166834225
2018-11-25 05:21:00,0.2992059580697628
2018-11-25 05:24:00,0.19683597492172566
2018-11-25 05:27:00,0.2334869854028625
2018-11-25 05:30:00,0.22969641323754786
2018-11-25 05:33:00,0.2759497385536065
2018-11-25 05:36:00,0.3437531282119153
2018-11-25 05:39:00,0.33355908909243226
2018-11-25 05:42:00,0.2591842505493105
2018-11-25 05:45:00,0.24373230647569244
2018-11-25 05:48:00,0.26860124252743844
2018-11-25 05:51:00,0.26984345989620806
2018-11-25 05:54:00,0.2645261321947032
2018-11-25 05:57:00,0.30013583607313876
2018-11-25 06:00:00,0.29563566720219114
2018-11-25 06:03:00,0.37970972608735565
2018-11-25 06:06:00,0.2916423289706813
2018-11-25 06:09:00,0.3246346381685612
2018-11-25 06:12:00,0.3571307410149984
2018-11-25 06:15:00,0.28479460702658344
2018-11-25 06:18:00,0.33856999096855134
2018-11-25 06:21:00,0.28636167769531085
2018-11-25 06:24:00,0.29095465162487244
2018-11-25 06:27:00,0.32733008936014585
2018-11-25 06:30:00,0.3357797890610641
2018-11-25 06:33:00,0.3141350246039565
2018-11-25 06:36:00,0.38322076241695413
2018-11-25 06:39:00,0.3910452601759289
2018-11-25 06:42:00,0.34290577081196716
2018-11-25 06:45:00,0.304019382378101
2018-11-25 06:48:00,0.3874067581702434
2018-11-25 06:51:00,0.2964392678777017
2018-11-25 06:54:00,0.3470358330238241
2018-11-25 06:57:00,0.34567363166644327
2018-11-25 07:00:00,0.35609515725889196
2018-11-25 07:03:00,0.3097343612644181
2018-11-25 07:06:00,0.3667584995817492
2018-11-25 07:09:00,0.3963832267287444
2018-11-25 07:12:00,0.41349649309432834
2018-11-25 07:15:00,0.43390006658967195
2018-11-25 07:18:00,0.43516061249164295
2018-11-25 07:21:00,0.3858091248578148
2018-11-25 07:24:00,0.3504930409188205
2018-11-25 07:27:00,0.2759288313761772
2018-11-25 07:30:00,0.33362189616553906
2018-11-25 07:33:00,0.3442696985950988
2018-11-25 07:36:00,0.32540212012185066
2018-11-25 07:39:00,0.27476486477956996
2018-11-25 07:42:00,0.37724562254942384
2018-11-25 07:45:00,0.3529896125670007
2018-11-25 07:48:00,0.3077969740590447
2018-11-25 07:51:00,0.3877617093856429
2018-11-25 07:54:00,0.3375470888385621
2018-11-25 07:57:00,0.36666654690054656
2018-11-25 08:00:00,0.2758164727915755
2018-11-25 08:03:00,0.32647979317630416
2018-11-25 08:06:00,0.3740910104498312
2018-11-25 08:09:00,0.3439783791176865
2018-11-25 08:12:00,0.32567607126526354
2018-11-25 08:15:00,0.3373234070447211
2018-11-25 08:18:00,0.39704087355505635
2018-11-25 08:21:00,0.19625378376463232
2018-11-25 08:24:00,0.2756494424959328
2018-11-25 08:27:00,0.26288557470991236
2018-11-25 08:30:00,0.2484470066158906
2018-11-25 08:33:00,0.29533144479137263
2018-11-25 08:36:00,0.20684632412257997
2018-11-25 08:39:00,0.23399689475684227
2018-11-25 08:42:00,0.2809483940492896
2018-11-25 08:45:00,0.17255791005578658
2018-11-25 08:48:00,0.14412466166788818
2018-11-25 08:51:00,0.1426464761593138
2018-11-25 08:54:00,0.2636688415121853
2018-11-25 08:57:00,0.1801992321637158
2018-11-25 09:00:00,0.19963690197005235
2018-11-25 09:03:00,0.14178279278729633
2018-11-25 09:06:00,0.0853831949767141
2018-11-25 09:09:00,0.10792432294636001
2018-11-25 09:12:00,0.20404715257438966
2018-11-25 09:15:00,0.07785396954437829
2018-11-25 09:18:00,0.10988077631395754
2018-11-25 09:21:00,0.033156388366649026
2018-11-25 09:24:00,0.0748017017695588
2018-11-25 09:27:00,0.0808154807979804
2018-11-25 09:30:00,0.13821871388711315
2018-11-25 09:33:00,0.06322214284784877
2018-11-25 09:36:00,0.12629493592783092
2018-11-25 09:39:00,0.16466124048412212
2018-11-25 09:42:00,-0.006876428250450317
2018-11-25 09:45:00,0.016900858620374493
2018-11-25 09:48:00,-0.01688596568135381
2018-11-25 09:51:00,0.12437410129194859
2018-11-25 09:54:00,0.03124859075489894
2018-11-25 09:57:00,0.014742120611799692
2018-11-25 10:00:00,-0.0048681476209821994
2018-11-25 10:03:00,-0.06012613195241556
2018-11-25 10:06:00,-0.05469035635360342
2018-11-25 10:09:00,-0.09125279033145262
2018-11-25 10:12:00,-0.09023104485129352
2018-11-25 10:15:00,-0.034472460478411904
2018-11-25 10:18:00,-0.07808606165883702
2018-11-25 10:21:00,0.0033986901622142796
2018-11-25 10:24:00,-0.12749707430248236
2018-11-25 10:27:00,-0.04976767658536119
2018-11-25 10:30:00,-0.0659573430264686
2018-11-25 10:33:00,-0.04164976603493642
2018-11-25 10:36:00,-0.06379492405824294
2018-11-25 10:39:00,0.010535654711986808
2018-11-25 10:42:00,0.06701693236431083
2018-11-25 10:45:00,-0.023914054260615103
2018-11-25 10:48:00,-0.07656472128616088
2018-11-25 10:51:00,-0.07403714703673359
2018-11-25 10:54:00,-0.03966587730934634
2018-11-25 10:57:00,-0.06916231404392192
2018-11-25 11:00:00,-0.09053970560796643
2018-11-25 11:03:00,-0.13621056969969914
2018-11-25 11:06:00,-0.0006966571306747937
2018-11-25 11:09:00,-0.12713253544637837
2018-11-25 11:12:00,-0.17040071866603057
2018-11-25 11:15:00,-0.07165768390001404
2018-11-25 11:18:00,-0.03015361345967449
2018-11-25 11:21:00,-0.12214399512612317
2018-11-25 11:24:00,-0.12938269513915657
2018-11-25 11:27:00,-0.04752686802362405
2018-11-25 11:30:00,-0.04635748041187071
2018-11-25 11:33:00,-0.041218897066585214
2018-11-25 11:36:00,-0.21749134020825522
2018-11-25 11:39:00,-0.1896031837355281
2018-11-25 11:42:00,-0.02160794063911453
2018-11-25 11:45:00,-0.15427049952387506
2018-11-25 11:48:00,-0.11295488935513731
2018-11-25 11:51:00,-0.14941150234199085
2018-11-25 11:54:00,-0.31148838398297585
2018-11-25 11:57:00,-0.06875106218149085
2018-11-25 12:00:00,-0.2607374506250153
2018-11-25 12:03:00,-0.22795859884826086
2018-11-25 12:06:00,-0.16953693171677742
2018-11-25 12:09:00,-0.05770744102636627
2018-11-25 12:12:00,-0.2497868397763341
2018-11-25 12:15:00,-0.2605959394128945
2018-11-25 12:18:00,-0.2577107549965376
2018-11-25 12:21:00,-0.23410704429483076
2018-11-25 12:24:00,-0.16159212887754393
2018-11-25 12:27:00,-0.2389915871907533
2018-11-25 12:30:00,-0.3111432286315221
2018-11-25 12:33:00,-0.4133586528666342
2018-11-25 12:36:00,-0.25140802896680725
2018-11-25 12:39:00,-0.17858941479386203
2018-11-25 12:42:00,-0.3712293173551302
2018-11-25 12:45:00,-0.2711279831104889
2018-11-25 12:48:00,-0.27929714040584486
2018-11-25 12:51:00,-0.27630430407072026
2018-11-25 12:54:00,-0.31532012440948165
2018-11-25 12:57:00,-0.31765119175645395
2018-11-25 13:00:00,-0.1828313611844692
2018-11-25 13:03:00,-0.3404730957960851
2018-11-25 13:06:00,-0.32652795274862
2018-11-25 13:09:00,-0.21649250198805703
2018-11-25 13:12:00,-0.39050649154592065
2018-11-25 13:15:00,-0.2697573349244635
2018-11-25 13:18:00,-0.3904971107201618
2018-11-25 13:21:00,-0.22043880014115302
2018-11-25 13:24:00,-0.29882672487428863
2018-11-25 13:27:00,-0.3065103951868764
2018-11-25 13:30:00,-0.33843080630668965
2018-11-25 13:33:00,-0.23776458081744067
2018-11-25 13:36:00,-0.2409973369753402
2018-11-25 13:39:00,-0.3092901038448872
2018-11-25 13:42:00,-0.35151850171746446
2018-11-25 13:45:00,-0.35393825034702786
2018-11-25 13:48:00,-0.38870081424562386
2018-11-25 13:51:00,-0.3688559114226564
2018-11-25 13:54:00,-0.41322461206959815
2018-11-25 13:57:00,-0.31819746717837916
2018-11-25 14:00:00,-0.36236982728212297
2018-11-25 14:03:00,-0.27813670945636204
2018-11-25 14:06:00,-0.2846013866964654
2018-11-25 14:09:00,-0.30390022655501525
2018-11-25 14:12:00,-0.35243673660551167
2018-11-25 14:15:00,-0.3643548255703877
2018-11-25 14:18:00,-0.3393506207725636
2018-11-25 14:21:00,-0.2636010410490144
2018-11-25 14:24:00,-0.11749819072883838
2018-11-25 14:27:00,-0.16157871847883598
2018-11-25 14:30:00,-0.36918800246775163
2018-11-25 14:33:00,-0.2266612231597378
2018-11-25 14:36:00,-0.25301287791006644
2018-11-25 14:39:00,-0.30211564464912044
2018-11-25 14:42:00,-0.23849372736901842
2018-11-25 14:45:00,-0.12075831392195369
2018-11-25 14:48:00,-0.09918811331925781
2018-11-25 14:51:00,-0.22090904964898073
2018-11-25 14:54:00,-0.14905854264446816
2018-11-25 14:57:00,-0.1523956739617347
2018-11-25 15:00:00,-0.23369555526886643
2018-11-25 15:03:00,-0.190403152346164
2018-11-25 15:06:00,-0.2479176212659695
2018-11-25 15:09:00,-0.23682535450524256
2018-11-25 15:12:00,-0.25901249194015463
2018-11-25 15:15:00,-0.27593803676001016
2018-11-25 15:18:00,-0.15423185170504894
2018-11-25 15:21:00,-0.14218689817408858
2018-11-25 15:24:00,-0.2100865054542851
2018-11-25 15:27:00,-0.1733894939509355
2018-11-25 15:30:00,-0.2197077246456729
2018-11-25 15:33:00,-0.1823989470473748
2018-11-25 15:36:00,-0.30869809909796686
2018-11-25 15:39:00,-0.15310386507979956
2018-11-25 15:42:00,-0.164020243349853
2018-11-25 15:45:00,-0.09174681414555153
2018-11-25 15:48:00,-0.12536267049307526
2018-11-25 15:51:00,-0.16492045120662624
2018-11-25 15:54:00,-0.24970674916056623
2018-11-25 15:57:00,-0.20188446337516552
2018-11-25 16:00:00,-0.11096185732196773
2018-11-25 16:03:00,-0.1746546604674677
2018-11-25 16:06:00,-0.2633541721144752
2018-11-25 16:09:00,-0.1639974434149849
2018-11-25 16:12:00,-0.18932591637451424
2018-11-25 16:15:00,-0.12268627164502277
2018-11-25 16:18:00,-0.0353390901652233
2018-11-25 16:21:00,-0.1307313067258633
2018-11-25 16:24:00,-0.19396575538246452
2018-11-25 16:27:00,-0.18247132459759996
2018-11-25 16:30:00,-0.10472400396963621
2018-11-25 16:33:00,-0.1310658727142595
2018-11-25 16:36:00,-0.10317113393847421
2018-11-25 16:39:00,0.03318388695879548
2018-11-25 16:42:00,0.08111314118508517
2018-11-25 16:45:00,0.15857865773779167
2018-11-25 16:48:00,0.1724050476241814
2018-11-25 16:51:00,0.1099815792034633
2018-11-25 16:54:00,0.36513055309433184
2018-11-25 16:57:00,0.33059203444940977
2018-11-25 17:00:00,0.19108482648726977
2018-11-25 17:03:00,0.17304047018291158
2018-11-25 17:06:00,0.23098218800743098
2018-11-25 17:09:00,0.1392992565783402
2018-11-25 17:12:00,0.13850897752877245
2018-11-25 17:15:00,0.06428087647987013
2018-11-25 17:18:00,0.08579528159737038
2018-11-25 17:21:00,0.11378020959875812
2018-11-25 17:24:00,0.03838138477857456
2018-11-25 17:27:00,-0.03596981898527929
2018-11-25 17:30:00,0.07046953513037124
2018-11-25 17:33:00,0.14219247484237485
2018-11-25 17:36:00,0.13312391859591344
2018-11-25 17:39:00,0.07731161793765295
2018-11-25 17:42:00,0.20652002589145013
2018-11-25 17:45:00,0.11850479680441595
2018-11-25 17:48:00,0.1030613479779845
2018-11-25 17:51:00,-0.05486214428515268
2018-11-25 17:54:00,-0.036943805432599675
2018-11-25 17:57:00,0.07594104823544967
2018-11-25 18:00:00,0.3001128352781848
2018-11-25 18:03:00,0.11923439010195125
2018-11-25 18:06:00,0.2816883975206679
2018-11-25 18:09:00,0.25209415357022635
2018-11-25 18:12:00,0.22393070747324373
2018-11-25 18:15:00,0.2750692098273362
2018-11-25 18:18:00,0.13327905654978167
2018-11-25 18:21:00,0.044485423195226304
2018-11-25 18:24:00,0.09790551179486329
2018-11-25 18:27:00,0.09145814555290599
2018-11-25 18:30:00,0.1504164577748952
2018-11-25 18:33:00,0.10715534647880531
2018-11-25 18:36:00,0.19188441306840787
2018-11-25 18:39:00,0.18360206776776522
2018-11-25 18:42:00,0.1921155690656633
2018-11-25 18:45:00,0.3715656226910937
2018-11-25 18:48:00,0.42114469145650446
2018-11-25 18:51:00,0.40850718543151743
2018-11-25 18:54:00,
2018-11-25 18:57:00,
2018-11-25 19:00:00,
2018-11-25 19:03:00,0.4694375114453919
2018-11-25 19:06:00,0.5188056392683507
2018-11-25 19:09:00,0.4667621984974062
2018-11-25 19:12:00,0.532270011088599
2018-11-25 19:15:00,0.5320070570063535
2018-11-25 19:18:00,0.4503337653052881
2018-11-25 19:21:00,0.3894119482373526
2018-11-25 19:24:00,0.4394989483358245
2018-11-25 19:27:00,0.518892235630517
2018-11-25 19:30:00,0.6040105591466158
2018-11-25 19:33:00,0.7053727562362724
2018-11-25 19:36:00,0.5894483088004563
2018-11-25 19:39:00,0.7176155257185997
2018-11-25 19:42:00,0.6403705648120877
2018-11-25 19:45:00,0.7137087841450125
2018-11-25 19:48:00,0.792177666902262
2018-11-25 19:51:00,0.6980646320902224
2018-11-25 19:54:00,0.7646464471212084
2018-11-25 19:57:00,0.8030689277175043
2018-11-25 20:00:00,0.8555503089057765
2018-11-25 20:03:00,0.6714145986152289
2018-11-25 20:06:00,0.7805471527638588
2018-11-25 20:09:00,0.7468713697270459
2018-11-25 20:12:00,0.6299243343997318
2018-11-25 20:15:00,0.6623162595760164
2018-11-25 20:18:00,0.550614733075065
2018-11-25 20:21:00,0.5864916121424812
2018-11-25 20:24:00,0.6158694029981575
2018-11-25 20:27:00,0.5281443948379092
2018-11-25 20:30:00,0.5640892360936505
2018-11-25 20:33:00,0.4829743109650053
2018-11-25 20:36:00,0.41176678878815665
2018-11-25 20:39:00,0.3154705354132261
2018-11-25 20:42:00,0.39646738304514884
2018-11-25 20:45:00,0.4095389614502096
2018-11-25 20:48:00,0.4974187158237555
2018-11-25 20:51:00,0.3817303466559565
2018-11-25 20:54:00,0.42418513121026535
2018-11-25 20:57:00,0.5037386071398942
2018-11-25 21:00:00,0.42565718943626507
2018-11-25 21:03:00,0.35652575469788417
2018-11-25 21:06:00,0.41730066736971594
2018-11-25 21:09:00,0.4822996628849978
2018-11-25 21:12:00,0.40146566290985675
2018-11-25 21:15:00,0.3429155869080205
2018-11-25 21:18:00,0.35820188953402976
2018-11-25 21:21:00,0.3498059218972571
2018-11-25 21:24:00,0.3343253827293893
2018-11-25 21:27:00,0.38447205830044595
2018-11-25 21:30:00,0.3135613378610742
2018-11-25 21:33:00,0.4689623318853364
2018-11-25 21:36:00,0.32649955593200275
2018-11-25 21:39:00,0.48731530083273356
2018-11-25 21:42:00,0.40169449233496834
2018-11-25 21:45:00,0.45650883346206683
2018-11-25 21:48:00,0.4052926119276208
2018-11-25 21:51:00,0.4123995696637621
2018-11-25 21:54:00,0.35291821871760476
2018-11-25 21:57:00,0.33655112896815353
2018-11-25 22:00:00,0.2854579704751359
2018-11-25 22:03:00,0.2123351739138002
2018-11-25 22:06:00,0.38409599696188934
2018-11-25 22:09:00,0.3638932028324575
2018-11-25 22:12:00,0.3020970195438508
2018-11-25 22:15:00,0.31292899742106783
2018-11-25 22:18:00,0.36669998423656125
2018-11-25 22:21:00,0.25067482645960126
2018-11-25 22:24:00,0.33879218650520215
2018-11-25 22:27:00,0.2570360736125963
2018-11-25 22:30:00,0.23632495419826682
2018-11-25 22:33:00,0.29783720851452244
2018-11-25 22:36:00,0.33253493824315683
2018-11-25 22:39:00,0.4068987711706882
2018-11-25 22:42:00,0.25173811845621685
2018-11-25 22:45:00,0.3135063198485568
2018-11-25 22:48:00,0.24914505408463583
2018-11-25 22:51:00,0.2993232412991347
2018-11-25 22:54:00,0.41321105758612475
2018-11-25 22:57:00,0.34797976894839167
2018-11-25 23:00:00,0.3538265301980914
2018-11-25 23:03:00,0.3760667608206063
2018-11-25 23:06:00,0.27201094381979374
2018-11-25 23:09:00,0.27608388451074006
2018-11-25 23:12:00,0.3148195460197485
2018-11-25 23:15:00,0.3425474250183811
2018-11-25 23:18:00,0.29331436600512006
2018-11-25 23:21:00,0.32298907928361587
2018-11-25 23:24:00,0.3608489644723818
2018-11-25 23:27:00,0.27247882796598333
2018-11-25 23:30:00,0.39423291283958406
2018-11-25 23:33:00,0.3113012395995156
2018-11-25 23:36:00,0.28017004131504564
2018-11-25 23:39:00,0.39025539834852907
2018-11-25 23:42:00,0.4231008944695418
2018-11-25 23:45:00,0.2478258582297599
2018-11-25 23:48:00,0.3282853466137112
2018-11-25 23:51:00,0.28698914486164995
2018-11-25 23:54:00,0.3223486382034366
2018-11-25 23:57:00,0.3788954003844651
2018-11-26 00:00:00,0.429397327126253
2018-11-26 00:03:00,0.46355897445101846
2018-11-26 00:06:00,0.3598208262827143
2018-11-26 00:09:00,0.43168269288099737
2018-11-26 00:12:00,0.34749252540262887
2018-11-26 00:15:00,0.29858625391187843
2018-11-26 00:18:00,0.3133879744104888
2018-11-26 00:21:00,0.3970418444440611
2018-11-26 00:24:00,0.3459044597717593
2018-11-26 00:27:00,0.3251640617025373
2018-11-26 00:30:00,0.29064257488607836
2018-11-26 00:33:00,0.345290969558107
2018-11-26 00:36:00,0.279518074846294
2018-11-26 00:39:00,0.3819798900552769
2018-11-26 00:42:00,0.35576000989698287
2018-11-26 00:45:00,0.38253586419932617
2018-11-26 00:48:00,0.28656930673037095
2018-11-26 00:51:00,0.35188193422118275
2018-11-26 00:54:00,0.3343260187619421
2018-11-26 00:57:00,0.3490670707853383
2018-11-26 01:00:00,0.32823866567093773
2018-11-26 01:03:00,0.28086937665875666
2018-11-26 01:06:00,0.3266351038087123
2018-11-26 01:09:00,0.3885319479477971
2018-11-26 01:12:00,0.3478479256361311
2018-11-26 01:15:00,0.5250485511379566
2018-11-26 01:18:00,0.5896621466279157
2018-11-26 01:21:00,0.6794130505066391
2018-11-26 01:24:00,0.6219150456857392
2018-11-26 01:27:00,0.5593287692550462
2018-11-26 01:30:00,0.37488302434786647
2018-11-26 01:33:00,0.4036873620905226
2018-11-26 01:36:00,0.3489452438696503
2018-11-26 01:39:00,0.28508291827773746
2018-11-26 01:42:00,0.36951254810452383
2018-11-26 01:45:00,0.4270348289840058
2018-11-26 01:48:00,0.3525460553785251
2018-11-26 01:51:00,0.4012668246874682
2018-11-26 01:54:00,0.3523199181047403
2018-11-26 01:57:00,0.3309747696455929
2018-11-26 02:00:00,0.3092689377118063
2018-11-26 02:03:00,0.21388154133245507
2018-11-26 02:06:00,0.3145843682017926
2018-11-26 02:09:00,0.25385975346523537
2018-11-26 02:12:00,0.2824462210747356
2018-11-26 02:15:00,0.44019239351746364
2018-11-26 02:18:00,0.3141891045171974
2018-11-26 02:21:00,0.3569276958686487
2018-11-26 02:24:00,0.407478690875962
2018-11-26 02:27:00,0.3266138795274287
2018-11-26 02:30:00,0.3405816817567029
2018-11-26 02:33:00,0.3625295096911145
2018-11-26 02:36:00,0.3961829741755878
2018-11-26 02:39:00,0.3930864912229026
2018-11-26 02:42:00,0.46443596855147007
2018-11-26 02:45:00,0.349203751995276
2018-11-26 02:48:00,0.37590640263101704
2018-11-26 02:51:00,0.4282187660514296
2018-11-26 02:54:00,0.4347330704810588
2018-11-26 02:57:00,0.3679200459503704
2018-11-26 03:00:00,0.4929303099045228
2018-11-26 03:03:00,0.3771049865359828
2018-11-26 03:06:00,0.3396822041489145
2018-11-26 03:09:00,0.44560968641155796
2018-11-26 03:12:00,0.40616228218334527
2018-11-26 03:15:00,0.3786619660700694
2018-11-26 03:18:00,0.4147789980286234
2018-11-26 03:21:00,0.36358260851085333
2018-11-26 03:24:00,0.4155201015039438
2018-11-26 03:27:00,0.3986028701855844
2018-11-26 03:30:00,0.3074095596743973
2018-11-26 03:33:00,0.4237736638123124
2018-11-26 03:36:00,0.4270303663577124
2018-11-26 03:39:00,0.386955463536367
2018-11-26 03:42:00,0.33150667585169913
2018-11-26 03:45:00,0.36658136024755095
2018-11-26 03:48:00,0.39593576940421826
2018-11-26 03:51:00,0.30397204257417343
2018-11-26 03:54:00,0.3097205962629914
2018-11-26 03:57:00,0.368823836507147
2018-11-26 04:00:00,0.32599293590413936
2018-11-26 04:03:00,0.37458401581255885
2018-11-26 04:06:00,0.4125025279564625
2018-11-26 04:09:00,0.28632964214614276
2018-11-26 04:12:00,0.38340898506822896
2018-11-26 04:15:00,0.42899227535338014
2018-11-26 04:18:00,0.33700475062909163
2018-11-26 04:21:00,0.3610734392566428
2018-11-26 04:24:00,0.34322839781964376
2018-11-26 04:27:00,0.3273415514819362
2018-11-26 04:30:00,0.32506720065907757
2018-11-26 04:33:00,0.3558806409949966
2018-11-26 04:36:00,0.41211478448258276
2018-11-26 04:39:00,0.43594234830442247
2018-11-26 04:42:00,0.3566269236057451
2018-11-26 04:45:00,0.3563786755633487
2018-11-26 04:48:00,0.3398162426461795
2018-11-26 04:51:00,0.3210008709169756
2018-11-26 04:54:00,0.3399591397434847
2018-11-26 04:57:00,0.35010176926721215
2018-11-26 05:00:00,0.30883720585609353
2018-11-26 05:03:00,0.34877101681723843
2018-11-26 05:06:00,0.3458776231911429
2018-11-26 05:09:00,0.28700593368802174
2018-11-26 05:12:00,0.3241256514072006
2018-11-26 05:15:00,0.3661695272937209
2018-11-26 05:18:00,0.3130527552371518
2018-11-26 05:21:00,0.29483150492904997
2018-11-26 05:24:00,0.3689645586848087
2018-11-26 05:27:00,0.40445444053216306
2018-11-26 05:30:00,0.3865591175902523
2018-11-26 05:33:00,0.33754626499774076
2018-11-26 05:36:00,0.35659943641792324
2018-11-26 05:39:00,0.35255093720570585
2018-11-26 05:42:00,0.2560043569330901
2018-11-26 05:45:00,0.2645892201908282
2018-11-26 05:48:00,0.46663643739026384
2018-11-26 05:51:00,0.25490980950320363
2018-11-26 05:54:00,0.3207791195686127
2018-11-26 05:57:00,0.4057098860154156
2018-11-26 06:00:00,0.34535118119987374
2018-11-26 06:03:00,0.4053683736257767
2018-11-26 06:06:00,0.38056053967704884
2018-11-26 06:09:00,0.3743922191707725
2018-11-26 06:12:00,0.34068507738078324
2018-11-26 06:15:00,0.32921976763344674
2018-11-26 06:18:00,0.3644497975579384
2018-11-26 06:21:00,0.2688370338499908
2018-11-26 06:24:00,0.3724292545404069
2018-11-26 06:27:00,0.38030885619031096
2018-11-26 06:30:00,0.3184165455174366
2018-11-26 06:33:00,0.24264455872042845
2018-11-26 06:36:00,0.40244387186282893
2018-11-26 06:39:00,0.413985671191881
2018-11-26 06:42:00,0.28217336720319963
2018-11-26 06:45:00,0.28024944507023974
2018-11-26 06:48:00,0.2733107198354219
2018-11-26 06:51:00,0.2437889994267266
2018-11-26 06:54:00,0.28524415479216714
2018-11-26 06:57:00,0.3540069687396681
2018-11-26 07:00:00,0.3385193847734058
2018-11-26 07:03:00,0.2627762260532336
2018-11-26 07:06:00,0.3680026138746939
2018-11-26 07:09:00,0.33648804368607443
2018-11-26 07:12:00,0.22902402803771338
2018-11-26 07:15:00,0.3009093844255517
2018-11-26 07:18:00,0.29642909125635697
2018-11-26 07:21:00,0.2726269321703967
2018-11-26 07:24:00,0.2952013289298634
2018-11-26 07:27:00,0.3544114129910554
2018-11-26 07:30:00,0.2890927638736116
2018-11-26 07:33:00,0.33241620520544757
2018-11-26 07:36:00,0.3352005917727183
2018-11-26 07:39:00,0.3260973568468444
2018-11-26 07:42:00,0.2687354412878449
2018-11-26 07:45:00,0.12172396425700072
2018-11-26 07:48:00,0.27274754358074915
2018-11-26 07:51:00,0.2988677038873675
2018-11-26 07:54:00,0.22400489982243244
2018-11-26 07:57:00,0.2892761330538747
2018-11-26 08:00:00,0.19434890791768566
2018-11-26 08:03:00,0.2199984908036754
2018-11-26 08:06:00,0.28408265096271634
2018-11-26 08:09:00,0.32689022075715
2018-11-26 08:12:00,0.29218570202272076
2018-11-26 08:15:00,0.2938108961276953
2018-11-26 08:18:00,0.18473697812657974
2018-11-26 08:21:00,0.2990762816241954
2018-11-26 08:24:00,0.2910542573376915
2018-11-26 08:27:00,0.27081874223495106
2018-11-26 08:30:00,0.27038506995654643
2018-11-26 08:33:00,0.18688037183864026
2018-11-26 08:36:00,0.3300586411316999
2018-11-26 08:39:00,0.18867527325664923
2018-11-26 08:42:00,0.22396764775498923
2018-11-26 08:45:00,0.3596423275252505
2018-11-26 08:48:00,0.20996976311619164
2018-11-26 08:51:00,0.24445395830872485
2018-11-26 08:54:00,0.3779673853459826
2018-11-26 08:57:00,0.26902239823118634
2018-11-26 09:00:00,0.18647568733166509
2018-11-26 09:03:00,0.253566727323971
2018-11-26 09:06:00,0.2339411330439134
2018-11-26 09:09:00,0.23467055915227775
2018-11-26 09:12:00,0.2801834692380112
2018-11-26 09:15:00,0.20298307971825125
2018-11-26 09:18:00,0.2224577013020621
2018-11-26 09:21:00,0.3308755529488394
2018-11-26 09:24:00,0.22726862695839145
2018-11-26 09:27:00,0.21373370396673863
2018-11-26 09:30:00,0.20758797499246384
2018-11-26 09:33:00,0.24129444723274673
2018-11-26 09:36:00,0.1334785059781325
2018-11-26 09:39:00,0.049419520323510824
2018-11-26 09:42:00,0.07403268505277083
2018-11-26 09:45:00,0.11135382681317196
2018-11-26 09:48:00,0.2559734670439866
2018-11-26 09:51:00,0.10097097708654701
2018-11-26 09:54:00,0.04029685069269817
2018-11-26 09:57:00,0.0602742173107913
2018-11-26 10:00:00,0.07437493575667986
2018-11-26 10:03:00,0.13716989409601865
2018-11-26 10:06:00,-0.020404293810997842
2018-11-26 10:09:00,-0.002243415964301221
2018-11-26 10:12:00,0.031568684545334236
2018-11-26 10:15:00,0.033982740934277444
2018-11-26 10:18:00,0.07929599857777703
2018-11-26 10:21:00,-0.039844188616996234
2018-11-26 10:24:00,0.16212719445491075
2018-11-26 10:27:00,0.033099914312515466
2018-11-26 10:30:00,0.019656261663158148
2018-11-26 10:33:00,-0.01851206516670345
2018-11-26 10:36:00,-0.06882238651218131
2018-11-26 10:39:00,-0.026472229523562874
2018-11-26 10:42:00,0.036946453359405496
2018-11-26 10:45:00,0.0012299915952667106
2018-11-26 10:48:00,0.028556498112720874
2018-11-26 10:51:00,-0.024139627298495725
2018-11-26 10:54:00,-0.038367868042030295
2018-11-26 10:57:00,-0.1234983161058949
2018-11-26 11:00:00,-0.08464109280959065
2018-11-26 11:03:00,-0.13931532718385142
2018-11-26 11:06:00,-0.09774658418484705
2018-11-26 11:09:00,-0.06181263575331286
2018-11-26 11:12:00,-0.0714339104828241
2018-11-26 11:15:00,-0.10034218101549186
2018-11-26 11:18:00,-0.16712389215132362
2018-11-26 11:21:00,-0.04585115275824592
2018-11-26 11:24:00,-0.054554126591767726
2018-11-26 11:27:00,-0.08882015518895514
2018-11-26 11:30:00,-0.12864584856470174
2018-11-26 11:33:00,-0.13988457087782535
2018-11-26 11:36:00,-0.017539766469326423
2018-11-26 11:39:00,-0.1049331460093299
2018-11-26 11:42:00,-0.05393700854699546
2018-11-26 11:45:00,0.1255537230531445
2018-11-26 11:48:00,-0.05240234936667321
2018-11-26 11:51:00,0.12524287397422995
2018-11-26 11:54:00,0.36159285070039004
2018-11-26 11:57:00,0.4013575171989032
2018-11-26 12:00:00,0.41665461949230576
2018-11-26 12:03:00,0.2760380287052726
2018-11-26 12:06:00,0.4970966387464273
2018-11-26 12:09:00,0.5165036940485948
2018-11-26 12:12:00,0.24419577811835325
2018-11-26 12:15:00,0.12068296379857202
2018-11-26 12:18:00,-0.03909373451074316
2018-11-26 12:21:00,0.11558923512785668
2018-11-26 12:24:00,0.06930660193921767
2018-11-26 12:27:00,0.02768965960405012
2018-11-26 12:30:00,0.031815619875828816
2018-11-26 12:33:00,-0.08002428179480603
2018-11-26 12:36:00,-0.20271931859065262
2018-11-26 12:39:00,-0.10705256645718464
2018-11-26 12:42:00,0.01921933427973954
2018-11-26 12:45:00,0.009903698839593744
2018-11-26 12:48:00,0.029070914052738317
2018-11-26 12:51:00,0.05488872296371028
2018-11-26 12:54:00,0.01819005351285341
2018-11-26 12:57:00,0.12959198419713402
2018-11-26 13:00:00,0.012957225656293758
2018-11-26 13:03:00,0.07291352017028885
2018-11-26 13:06:00,-0.05657821526119733
2018-11-26 13:09:00,0.01596756900443097
2018-11-26 13:12:00,0.13274861445773922
2018-11-26 13:15:00,0.14231989879607454
2018-11-26 13:18:00,0.049123587452299944
2018-11-26 13:21:00,-0.10228276579601925
2018-11-26 13:24:00,-0.03173332469623347
2018-11-26 13:27:00,0.017271201534128977
2018-11-26 13:30:00,0.05326204806294754
2018-11-26 13:33:00,-0.008868015789119
2018-11-26 13:36:00,0.1382194796361773
2018-11-26 13:39:00,0.13316210212389024
2018-11-26 13:42:00,0.15245275678336156
2018-11-26 13:45:00,0.1385842200112961
2018-11-26 13:48:00,0.013643611961640545
2018-11-26 13:51:00,0.11646093667081914
2018-11-26 13:54:00,0.1265021751797235
2018-11-26 13:57:00,0.13247741082642506
2018-11-26 14:00:00,0.1167985483192524
2018-11-26 14:03:00,0.2566483359663607
2018-11-26 14:06:00,0.33464397218472186
2018-11-26 14:09:00,0.23994779337084537
2018-11-26 14:12:00,0.38252080306881453
2018-11-26 14:15:00,0.2424190947256193
2018-11-26 14:18:00,0.23279099604161502
2018-11-26 14:21:00,0.28705018089755185
2018-11-26 14:24:00,0.2854134800035695
2018-11-26 14:27:00,0.33922425575383386
2018-11-26 14:30:00,0.24276126330403258
2018-11-26 14:33:00,0.14394730982900228
2018-11-26 14:36:00,0.22649716659708474
2018-11-26 14:39:00,0.19189073480936258
2018-11-26 14:42:00,0.13179602348344588
2018-11-26 14:45:00,0.241645520688337
2018-11-26 14:48:00,0.1841540838111655
2018-11-26 14:51:00,0.3075427793924632
2018-11-26 14:54:00,0.2704435588393608
2018-11-26 14:57:00,0.12476024095985849
2018-11-26 15:00:00,0.013739475151737679
2018-11-26 15:03:00,0.14689380805521068
2018-11-26 15:06:00,0.15871069105060087
2018-11-26 15:09:00,0.3015126079336028
2018-11-26 15:12:00,0.2894589657902884
2018-11-26 15:15:00,0.2968638880288381
2018-11-26 15:18:00,0.338303739327273
2018-11-26 15:21:00,0.28245777384961457
2018-11-26 15:24:00,0.1182702904376356
2018-11-26 15:27:00,0.2000846542414365
2018-11-26 15:30:00,0.15039647935145695
2018-11-26 15:33:00,0.1586963860597166
2018-11-26 15:36:00,0.26748506745184386
2018-11-26 15:39:00,0.20409698560314382
2018-11-26 15:42:00,0.2146944612413222
2018-11-26 15:45:00,0.2779501787281333
2018-11-26 15:48:00,0.2748647975973313
2018-11-26 15:51:00,0.567310456189432
2018-11-26 15:54:00,0.43760753163985555
2018-11-26 15:57:00,0.5581204762198695
2018-11-26 16:00:00,0.6502940389903529
2018-11-26 16:03:00,0.7247239035786492
2018-11-26 16:06:00,0.7140172665262412
2018-11-26 16:09:00,0.5799060405554428
2018-11-26 16:12:00,0.6576805287024285
2018-11-26 16:15:00,0.7873119387347174
2018-11-26 16:18:00,0.6238678652584326
2018-11-26 16:21:00,0.5098134572200479
2018-11-26 16:24:00,0.5883772430214549
2018-11-26 16:27:00,0.36323495667187444
2018-11-26 16:30:00,0.29852867725850274
2018-11-26 16:33:00,0.3808156157304552
2018-11-26 16:36:00,0.4268692016364639
2018-11-26 16:39:00,0.49098627225004066
2018-11-26 16:42:00,0.4697670011731816
2018-11-26 16:45:00,0.4036167639521864
2018-11-26 16:48:00,0.32958044302580447
2018-11-26 16:51:00,0.2634399982415516
2018-11-26 16:54:00,0.3311783015574292
2018-11-26 16:57:00,0.45488089844309343
2018-11-26 17:00:00,0.4366859755068049
2018-11-26 17:03:00,0.2410135006785481
2018-11-26 17:06:00,0.2977794826663285
2018-11-26 17:09:00,0.26682227086149624
2018-11-26 17:12:00,0.2780428144817506
2018-11-26 17:15:00,0.3300907101672692
2018-11-26 17:18:00,0.4471568344394541
2018-11-26 17:21:00,0.5061712288213016
2018-11-26 17:24:00,0.3860413465670831
2018-11-26 17:27:00,0.2073699282675534
2018-11-26 17:30:00,
2018-11-26 17:33:00,
2018-11-26 17:36:00,
2018-11-26 17:39:00,
2018-11-26 17:42:00,
2018-11-26 17:45:00,
2018-11-26 17:48:00,
2018-11-26 17:51:00,
2018-11-26 17:54:00,
2018-11-26 17:57:00,
2018-11-26 18:00:00,
2018-11-26 18:03:00,
2018-11-26 18:06:00,
2018-11-26 18:09:00,
2018-11-26 18:12:00,
2018-11-26 18:15:00,
2018-11-26 18:18:00,
2018-11-26 18:21:00,
2018-11-26 18:24:00,
2018-11-26 18:27:00,
2018-11-26 18:30:00,
2018-11-26 18:33:00,
2018-11-26 18:36:00,
2018-11-26 18:39:00,
2018-11-26 18:42:00,
2018-11-26 18:45:00,
2018-11-26 18:48:00,
2018-11-26 18:51:00,
2018-11-26 18:54:00,
2018-11-26 18:57:00,
2018-11-26 19:00:00,
2018-11-26 19:03:00,0.3857990698895719
2018-11-26 19:06:00,0.37867397144771076
2018-11-26 19:09:00,0.22836392630108548
2018-11-26 19:12:00,0.23529913832010152
2018-11-26 19:15:00,0.21497625224725425
2018-11-26 19:18:00,0.1802732520490622
2018-11-26 19:21:00,0.30434546128583406
2018-11-26 19:24:00,0.2252235669236029
2018-11-26 19:27:00,0.16554565197611737
2018-11-26 19:30:00,0.26964818330463913
2018-11-26 19:33:00,0.23399337309263046
2018-11-26 19:36:00,0.17038674841421653
2018-11-26 19:39:00,0.18000503613939145
2018-11-26 19:42:00,0.33004899773743546
2018-11-26 19:45:00,0.21537217919103568
2018-11-26 19:48:00,0.23798107851808936
2018-11-26 19:51:00,0.30041362392358906
2018-11-26 19:54:00,0.2940308197549939
2018-11-26 19:57:00,0.31685625018945984
2018-11-26 20:00:00,0.1756607793631133
2018-11-26 20:03:00,0.25328517868905465
2018-11-26 20:06:00,0.254240877613654
2018-11-26 20:09:00,0.301533981263276
2018-11-26 20:12:00,0.19202152579401854
2018-11-26 20:15:00,0.20891375365903286
2018-11-26 20:18:00,0.31028656775407626
2018-11-26 20:21:00,0.2088936853832024
2018-11-26 20:24:00,0.2628730471676022
2018-11-26 20:27:00,0.17759460461542176
2018-11-26 20:30:00,0.29161988049344245
2018-11-26 20:33:00,0.21967950970855554
2018-11-26 20:36:00,0.20069129639000494
2018-11-26 20:39:00,0.12986984535700685
2018-11-26 20:42:00,0.23071175887605477
2018-11-26 20:45:00,0.33324075997694536
2018-11-26 20:48:00,0.2744589493903504
2018-11-26 20:51:00,0.2214071180147812
2018-11-26 20:54:00,0.19346068297141983
2018-11-26 20:57:00,0.2988200207996101
2018-11-26 21:00:00,0.15405400938738012
2018-11-26 21:03:00,0.23869455874535106
2018-11-26 21:06:00,0.21184947001302135
2018-11-26 21:09:00,0.21326830940574837
2018-11-26 21:12:00,0.173112832630693
2018-11-26 21:15:00,0.2906566855608048
2018-11-26 21:18:00,0.2605922952666333
2018-11-26 21:21:00,0.2095512652633147
2018-11-26 21:24:00,0.22744312713030013
2018-11-26 21:27:00,0.24812516198460344
2018-11-26 21:30:00,0.2480766530444498
2018-11-26 21:33:00,0.24636186821084038
2018-11-26 21:36:00,0.19295101945112947
2018-11-26 21:39:00,0.21464448560965366
2018-11-26 21:42:00,0.14763418111567717
2018-11-26 21:45:00,0.2196866482754558
2018-11-26 21:48:00,0.29921902782831467
2018-11-26 21:51:00,0.22705777480700817
2018-11-26 21:54:00,0.26241261533840543
2018-11-26 21:57:00,0.21988975820380574
2018-11-26 22:00:00,0.16081467835152807
2018-11-26 22:03:00,0.13914649777154864
2018-11-26 22:06:00,0.20182204742508247
2018-11-26 22:09:00,0.22314617507538514
2018-11-26 22:12:00,0.2090498176447113
2018-11-26 22:15:00,0.18777351223519645
2018-11-26 22:18:00,0.26675007899638103
2018-11-26 22:21:00,0.17982048073878332
2018-11-26 22:24:00,0.19787849499397225
2018-11-26 22:27:00,0.2465680134973809
2018-11-26 22:30:00,0.3759742010470859
2018-11-26 22:33:00,0.20559002534815818
2018-11-26 22:36:00,0.3228591844352877
2018-11-26 22:39:00,0.26862248547706713
2018-11-26 22:42:00,0.28356529767842176
2018-11-26 22:45:00,0.2805717539882835
2018-11-26 22:48:00,0.26778932225857943
2018-11-26 22:51:00,0.27216588836375877
2018-11-26 22:54:00,0.30421768813602057
2018-11-26 22:57:00,0.2937334794465869
2018-11-26 23:00:00,0.20029781293612814
2018-11-26 23:03:00,0.2349187610508352
2018-11-26 23:06:00,0.3003566162450966
2018-11-26 23:09:00,0.28335923712052136
2018-11-26 23:12:00,0.29072413642376205
2018-11-26 23:15:00,0.29368232569942165
2018-11-26 23:18:00,0.29360915727869497
2018-11-26 23:21:00,0.29948397931548243
2018-11-26 23:24:00,0.1638217101584587
2018-11-26 23:27:00,0.23499210533930182
2018-11-26 23:30:00,0.24565579802668935
2018-11-26 23:33:00,0.22298699589646276
2018-11-26 23:36:00,0.33015015206143516
2018-11-26 23:39:00,0.23456460426041303
2018-11-26 23:42:00,0.31963032514727274
2018-11-26 23:45:00,0.2634118679880544
2018-11-26 23:48:00,0.35929331134434506
2018-11-26 23:51:00,0.2650736548162058
2018-11-26 23:54:00,0.3050893315350436
2018-11-26 23:57:00,0.328455694513309
2018-11-27 00:00:00,0.22269542142464616
2018-11-27 00:03:00,0.3108175266434614
2018-11-27 00:06:00,0.33224153486872865
2018-11-27 00:09:00,0.2670726986339105
2018-11-27 00:12:00,0.2949115846104746
2018-11-27 00:15:00,0.27656934404245703
2018-11-27 00:18:00,0.34325730049488357
2018-11-27 00:21:00,0.22266875351959925
2018-11-27 00:24:00,0.3559161798456216
2018-11-27 00:27:00,0.21997468306108203
2018-11-27 00:30:00,0.26631205676233094
2018-11-27 00:33:00,0.2510225215380615
2018-11-27 00:36:00,0.26516764376634683
2018-11-27 00:39:00,0.255881114992917
2018-11-27 00:42:00,0.284000314422201
2018-11-27 00:45:00,0.28115237136444193
2018-11-27 00:48:00,0.23791909874393014
2018-11-27 00:51:00,0.33096057107309207
2018-11-27 00:54:00,0.2810309634626833
2018-11-27 00:57:00,0.3280904724156244
2018-11-27 01:00:00,0.294863324455946
2018-11-27 01:03:00,0.360130138358727
2018-11-27 01:06:00,0.26505005089023825
2018-11-27 01:09:00,0.32656654224905424
2018-11-27 01:12:00,0.3777163866324713
2018-11-27 01:15:00,0.3255985584390828
2018-11-27 01:18:00,0.25542757298040897
2018-11-27 01:21:00,0.30760129471207165
2018-11-27 01:24:00,0.23353589440199585
2018-11-27 01:27:00,0.22530126077646173
2018-11-27 01:30:00,0.21474119539482217
2018-11-27 01:33:00,0.3107061021486288
2018-11-27 01:36:00,0.2732863015680209
2018-11-27 01:39:00,0.302409230966191
2018-11-27 01:42:00,0.25424047846979647
2018-11-27 01:45:00,0.24291301242436703
2018-11-27 01:48:00,0.2655242833128568
2018-11-27 01:51:00,0.27174191821779914
2018-11-27 01:54:00,0.30358425842587167
2018-11-27 01:57:00,0.3424062147724385
2018-11-27 02:00:00,0.3371353770142491
2018-11-27 02:03:00,0.18913901062097693
2018-11-27 02:06:00,0.31517223065776534
2018-11-27 02:09:00,0.24528453888308377
2018-11-27 02:12:00,0.15006752763099485
2018-11-27 02:15:00,0.2510524041654776
2018-11-27 02:18:00,0.27042537565375824
2018-11-27 02:21:00,0.3208097023584173
2018-11-27 02:24:00,0.33600737459318
2018-11-27 02:27:00,0.3785312962360763
2018-11-27 02:30:00,0.3788044165923452
2018-11-27 02:33:00,0.35026009688846216
2018-11-27 02:36:00,0.3450365912028701
2018-11-27 02:39:00,0.3206800180617506
2018-11-27 02:42:00,0.3990355182663734
2018-11-27 02:45:00,0.37324527922044126
2018-11-27 02:48:00,0.368048858456973
2018-11-27 02:51:00,0.32820928428236584
2018-11-27 02:54:00,0.41472666412192893
2018-11-27 02:57:00,0.2535903279126046
2018-11-27 03:00:00,0.38420590506257213
2018-11-27 03:03:00,0.3668638921357683
2018-11-27 03:06:00,0.4114992912533353
2018-11-27 03:09:00,0.348736223030528
2018-11-27 03:12:00,0.35658328024607044
2018-11-27 03:15:00,0.45826812373422854
2018-11-27 03:18:00,0.32761596694621176
2018-11-27 03:21:00,0.3577054156137365
2018-11-27 03:24:00,0.3809010299311808
2018-11-27 03:27:00,0.3583669729792973
2018-11-27 03:30:00,0.41599709886440905
2018-11-27 03:33:00,0.37299450224315933
2018-11-27 03:36:00,0.36775017414237254
2018-11-27 03:39:00,0.3176512392375912
2018-11-27 03:42:00,0.34309898178395315
2018-11-27 03:45:00,0.34464478697242384
2018-11-27 03:48:00,0.4113972259643788
2018-11-27 03:51:00,0.4501352255482516
2018-11-27 03:54:00,0.35278245103353356
2018-11-27 03:57:00,0.3448608025140061
2018-11-27 04:00:00,0.29614932900210533
2018-11-27 04:03:00,0.3160025177495527
2018-11-27 04:06:00,0.30368565931888725
2018-11-27 04:09:00,0.32388151367553064
2018-11-27 04:12:00,0.2932704559050876
2018-11-27 04:15:00,0.32188885321772887
2018-11-27 04:18:00,0.27766581402659085
2018-11-27 04:21:00,0.30681905428724576
2018-11-27 04:24:00,0.27114015512853484
2018-11-27 04:27:00,0.27821936150331794
2018-11-27 04:30:00,0.2995967241699873
2018-11-27 04:33:00,0.28308383597180864
2018-11-27 04:36:00,0.3203257547463636
2018-11-27 04:39:00,0.2715008339616247
2018-11-27 04:42:00,0.3555066830093665
2018-11-27 04:45:00,0.2561732840231912
2018-11-27 04:48:00,0.30440212110437415
2018-11-27 04:51:00,0.37069642491621835
2018-11-27 04:54:00,0.30634760095949787
2018-11-27 04:57:00,0.3326990993979848
2018-11-27 05:00:00,0.3021893046421269
2018-11-27 05:03:00,0.25915790063612576
2018-11-27 05:06:00,0.3385905188768561
2018-11-27 05:09:00,0.371086394142651
2018-11-27 05:12:00,0.27433061480110155
2018-11-27 05:15:00,0.31831274675141685
2018-11-27 05:18:00,0.33028084527563806
2018-11-27 05:21:00,0.3082853996760946
2018-11-27 05:24:00,0.3998006263833531
2018-11-27 05:27:00,0.3240221020515719
2018-11-27 05:30:00,0.36860313990001714
2018-11-27 05:33:00,0.3239509986675557
2018-11-27 05:36:00,0.3673592689651173
2018-11-27 05:39:00,0.38383979332678564
2018-11-27 05:42:00,0.38422012797428806
2018-11-27 05:45:00,0.3199019347005674
2018-11-27 05:48:00,0.3919852529410264
2018-11-27 05:51:00,0.38817867218932633
2018-11-27 05:54:00,0.30145359113924997
2018-11-27 05:57:00,0.32297574072094903
2018-11-27 06:00:00,0.3898978239722055
2018-11-27 06:03:00,0.29358415604286847
2018-11-27 06:06:00,0.28387118919675913
2018-11-27 06:09:00,0.25604880862096024
2018-11-27 06:12:00,0.3644166667792206
2018-11-27 06:15:00,0.3056940509807191
2018-11-27 06:18:00,0.34864875709939724
2018-11-27 06:21:00,0.28984618684546604
2018-11-27 06:24:00,0.2850585821187792
2018-11-27 06:27:00,0.4218208177270526
2018-11-27 06:30:00,0.289982666136666
2018-11-27 06:33:00,0.38121761646249297
2018-11-27 06:36:00,0.2945331775936211
2018-11-27 06:39:00,0.3595941894852217
2018-11-27 06:42:00,0.3655800364635411
2018-11-27 06:45:00,0.29330267362917084
2018-11-27 06:48:00,0.2723451850727088
2018-11-27 06:51:00,0.23530284859094763
2018-11-27 06:54:00,0.34388930899820025
2018-11-27 06:57:00,0.2751604182238907
2018-11-27 07:00:00,0.3804381384304065
2018-11-27 07:03:00,0.27878903541937916
2018-11-27 07:06:00,0.29437505420804655
2018-11-27 07:09:00,0.27701746763449364
2018-11-27 07:12:00,0.3200820281527399
2018-11-27 07:15:00,0.3004811460879182
2018-11-27 07:18:00,0.29339094200042837
2018-11-27 07:21:00,0.3063606870906028
2018-11-27 07:24:00,0.298340190421186
2018-11-27 07:27:00,0.3083356720333654
2018-11-27 07:30:00,0.26844093603131114
2018-11-27 07:33:00,0.31570536472571575
2018-11-27 07:36:00,0.1935401861827586
2018-11-27 07:39:00,0.2585359703722361
2018-11-27 07:42:00,0.2678931395458335
2018-11-27 07:45:00,0.2741636017963174
2018-11-27 07:48:00,0.2963730691320734
2018-11-27 07:51:00,0.3209810707924703
2018-11-27 07:54:00,0.34971381579890704
2018-11-27 07:57:00,0.23510690723372818
2018-11-27 08:00:00,0.23823879960576733
2018-11-27 08:03:00,0.19364190485055133
2018-11-27 08:06:00,0.32545495782323997
2018-11-27 08:09:00,0.2592106415418698
2018-11-27 08:12:00,0.28789891950350466
2018-11-27 08:15:00,0.29694753380238126
2018-11-27 08:18:00,0.20719838651876898
2018-11-27 08:21:00,0.2391546640350839
2018-11-27 08:24:00,0.26103852488500934
2018-11-27 08:27:00,0.22560109678471463
2018-11-27 08:30:00,0.08568983068812486
2018-11-27 08:33:00,0.13034282118911733
2018-11-27 08:36:00,0.17152326398712603
2018-11-27 08:39:00,0.1359802909024097
2018-11-27 08:42:00,0.10506435170503892
2018-11-27 08:45:00,0.10665894968542489
2018-11-27 08:48:00,0.09799897629858378
2018-11-27 08:51:00,0.09441444735108462
2018-11-27 08:54:00,0.19041240456613195
2018-11-27 08:57:00,0.0826474324985611
2018-11-27 09:00:00,0.07920484230356806
2018-11-27 09:03:00,-0.014193884519499989
2018-11-27 09:06:00,0.11389116839160351
2018-11-27 09:09:00,0.047548964152269946
2018-11-27 09:12:00,0.08869955787179151
2018-11-27 09:15:00,0.05955977692713077
2018-11-27 09:18:00,0.027093884015528147
2018-11-27 09:21:00,0.16436946843344913
2018-11-27 09:24:00,0.2175351919303239
2018-11-27 09:27:00,0.015450190436638422
2018-11-27 09:30:00,-0.006182922639254684
2018-11-27 09:33:00,0.07923519648807087
2018-11-27 09:36:00,0.058359667079173505
2018-11-27 09:39:00,-0.07757601938209291
2018-11-27 09:42:00,0.0266188059349588
2018-11-27 09:45:00,0.046663906403921374
2018-11-27 09:48:00,-0.055300004589526
2018-11-27 09:51:00,0.07348725031226877
2018-11-27 09:54:00,-0.07534524220551475
2018-11-27 09:57:00,0.04732789545249716
2018-11-27 10:00:00,-0.018793312234492987
2018-11-27 10:03:00,-0.09265129998908606
2018-11-27 10:06:00,-0.14840208235739283
2018-11-27 10:09:00,-0.06328542812047999
2018-11-27 10:12:00,-0.07394963782326158
2018-11-27 10:15:00,0.021426640410197706
2018-11-27 10:18:00,0.011877193753946358
2018-11-27 10:21:00,-0.06718385174559671
2018-11-27 10:24:00,0.037163528514952304
2018-11-27 10:27:00,0.021072372304672626
2018-11-27 10:30:00,0.08823777571910796
2018-11-27 10:33:00,-0.04916991777719204
2018-11-27 10:36:00,-0.05501538112690696
2018-11-27 10:39:00,-0.09793980612471387
2018-11-27 10:42:00,-0.20932266712901537
2018-11-27 10:45:00,-0.13440618581944364
2018-11-27 10:48:00,-0.09310650354990457
2018-11-27 10:51:00,-0.1444027335905389
2018-11-27 10:54:00,-0.08975992483294704
2018-11-27 10:57:00,-0.13643369087964174
2018-11-27 11:00:00,-0.1990066700296893
2018-11-27 11:03:00,-0.24352147321064876
2018-11-27 11:06:00,-0.05265205900929004
2018-11-27 11:09:00,-0.10723655256958864
2018-11-27 11:12:00,-0.15581900840629714
2018-11-27 11:15:00,-0.2247477554878401
2018-11-27 11:18:00,-0.2548533603850842
2018-11-27 11:21:00,-0.17115090444076486
2018-11-27 11:24:00,-0.12521593047387114
2018-11-27 11:27:00,-0.290532233345175
2018-11-27 11:30:00,-0.2703566174822072
2018-11-27 11:33:00,-0.20028054305333853
2018-11-27 11:36:00,-0.3129086382812716
2018-11-27 11:39:00,-0.16098470302790702
2018-11-27 11:42:00,-0.2525548620559448
2018-11-27 11:45:00,-0.1646519331086438
2018-11-27 11:48:00,-0.22275553686887406
2018-11-27 11:51:00,-0.2524157555651527
2018-11-27 11:54:00,-0.2622152418353494
2018-11-27 11:57:00,-0.28582507434612126
2018-11-27 12:00:00,-0.2246713682374093
2018-11-27 12:03:00,-0.2248947886889141
2018-11-27 12:06:00,-0.06344455777394842
2018-11-27 12:09:00,-0.06848142937769808
2018-11-27 12:12:00,-0.08642553099804218
2018-11-27 12:15:00,-0.07248261228875208
2018-11-27 12:18:00,0.043866376119865436
2018-11-27 12:21:00,-0.0481687464210836
2018-11-27 12:24:00,-0.07086647651198064
2018-11-27 12:27:00,0.033176618997742935
2018-11-27 12:30:00,-0.0650716574867829
2018-11-27 12:33:00,-0.19603184312092026
2018-11-27 12:36:00,-0.19055995502708356
2018-11-27 12:39:00,-0.24647604860842875
2018-11-27 12:42:00,-0.26106778847173473
2018-11-27 12:45:00,-0.25025712726204574
2018-11-27 12:48:00,-0.16122846621095732
2018-11-27 12:51:00,-0.15707005418647668
2018-11-27 12:54:00,-0.20793846996286902
2018-11-27 12:57:00,-0.19400817165825401
2018-11-27 13:00:00,-0.17787944388123833
2018-11-27 13:03:00,-0.30389712696558036
2018-11-27 13:06:00,-0.21717243981350975
2018-11-27 13:09:00,-0.22139979523200282
2018-11-27 13:12:00,-0.1279879956101695
2018-11-27 13:15:00,-0.22393066903975978
2018-11-27 13:18:00,-0.06889737580803512
2018-11-27 13:21:00,-0.18844418301767973
2018-11-27 13:24:00,-0.147107373860365
2018-11-27 13:27:00,-0.18940358641691546
2018-11-27 13:30:00,-0.10761590677975619
2018-11-27 13:33:00,-0.001352838518016597
2018-11-27 13:36:00,-0.03002775871658514
2018-11-27 13:39:00,-0.01764475334545068
2018-11-27 13:42:00,0.0023777444432653283
2018-11-27 13:45:00,0.004821094247290603
2018-11-27 13:48:00,-0.0763378200281295
2018-11-27 13:51:00,-0.05102906393278772
2018-11-27 13:54:00,-0.05185551518854936
2018-11-27 13:57:00,-0.06723612023978376
2018-11-27 14:00:00,-0.006587824380744678
2018-11-27 14:03:00,-0.04154644799592688
2018-11-27 14:06:00,0.020113678426753268
2018-11-27 14:09:00,0.14869770484187939
2018-11-27 14:12:00,0.18031033133553365
2018-11-27 14:15:00,0.17984975672720793
2018-11-27 14:18:00,0.1279988788480182
2018-11-27 14:21:00,0.04983148256525283
2018-11-27 14:24:00,0.19483631057642015
2018-11-27 14:27:00,0.10042774343116889
2018-11-27 14:30:00,0.13287142683969932
2018-11-27 14:33:00,0.13407108464161865
2018-11-27 14:36:00,0.17792912987812315
2018-11-27 14:39:00,0.13271189924000737
2018-11-27 14:42:00,0.19461291285938387
2018-11-27 14:45:00,0.2192113477730686
2018-11-27 14:48:00,0.20351145029820827
2018-11-27 14:51:00,0.19146403054361372
2018-11-27 14:54:00,0.34955770436829425
2018-11-27 14:57:00,0.20642396497822801
2018-11-27 15:00:00,0.28456842202945154
2018-11-27 15:03:00,0.21148926642439392
2018-11-27 15:06:00,0.24923989260526014
2018-11-27 15:09:00,0.2823242056741151
2018-11-27 15:12:00,0.3578957602178434
2018-11-27 15:15:00,0.2651454440719476
2018-11-27 15:18:00,0.08900126426163979
2018-11-27 15:21:00,0.03814019217935538
2018-11-27 15:24:00,0.10907837336469584
2018-11-27 15:27:00,0.15775383985771896
2018-11-27 15:30:00,0.1195833606548149
2018-11-27 15:33:00,0.17259467079179558
2018-11-27 15:36:00,0.1345350550228659
2018-11-27 15:39:00,0.1415408320450524
2018-11-27 15:42:00,0.06251876056455785
2018-11-27 15:45:00,0.03197013652157921
2018-11-27 15:48:00,0.0706121002732516
2018-11-27 15:51:00,0.1558168527004682
2018-11-27 15:54:00,0.18830777019223888
2018-11-27 15:57:00,0.25255541187800645
2018-11-27 16:00:00,0.15064306973812336
2018-11-27 16:03:00,0.2526869951717572
2018-11-27 16:06:00,0.13872766083846955
2018-11-27 16:09:00,0.1383787768010052
2018-11-27 16:12:00,0.2167794928777198
2018-11-27 16:15:00,0.3381150311431611
2018-11-27 16:18:00,0.4020009404273992
2018-11-27 16:21:00,0.2482345947041722
2018-11-27 16:24:00,0.33767878259288864
2018-11-27 16:27:00,0.24158330266300254
2018-11-27 16:30:00,0.3441278284628879
2018-11-27 16:33:00,0.34719647720663716
2018-11-27 16:36:00,0.37380043384325745
2018-11-27 16:39:00,0.38905437983095226
2018-11-27 16:42:00,0.3767386464514857
2018-11-27 16:45:00,0.2718727794881488
2018-11-27 16:48:00,0.2843398487951845
2018-11-27 16:51:00,0.28651590502062163
2018-11-27 16:54:00,0.23085227871058578
2018-11-27 16:57:00,0.34191789317981147
2018-11-27 17:00:00,0.2899310878802339
2018-11-27 17:03:00,0.2119059003450161
2018-11-27 17:06:00,0.30734336313543054
2018-11-27 17:09:00,0.2849076969522457
2018-11-27 17:12:00,0.1907833812459785
2018-11-27 17:15:00,0.28235236042320366
2018-11-27 17:18:00,0.2483474082184216
2018-11-27 17:21:00,0.2699190702427927
2018-11-27 17:24:00,0.08045957782792357
2018-11-27 17:27:00,0.2180802554693173
2018-11-27 17:30:00,0.2888551488422877
2018-11-27 17:33:00,0.22234369965724454
2018-11-27 17:36:00,0.15605882398079984
2018-11-27 17:39:00,0.18963727797387264
2018-11-27 17:42:00,0.20939548601916158
2018-11-27 17:45:00,0.2566086135774981
2018-11-27 17:48:00,0.18202866134038231
2018-11-27 17:51:00,0.2622281598348195
2018-11-27 17:54:00,0.24885328065346357
2018-11-27 17:57:00,0.2465433208099057
2018-11-27 18:00:00,0.21598250233421368
2018-11-27 18:03:00,0.24732568556913748
2018-11-27 18:06:00,0.23165796453332632
2018-11-27 18:09:00,0.15597855518700499
2018-11-27 18:12:00,0.1820739753445082
2018-11-27 18:15:00,0.1590101378546933
2018-11-27 18:18:00,0.1286297875582818
2018-11-27 18:21:00,0.2028185096585844
2018-11-27 18:24:00,0.13690193230530667
2018-11-27 18:27:00,0.21473051173308022
2018-11-27 18:30:00,0.24218042754904445
2018-11-27 18:33:00,0.24255407560593767
2018-11-27 18:36:00,0.20867454126687335
2018-11-27 18:39:00,0.24716098384209317
2018-11-27 18:42:00,0.20853946138447554
2018-11-27 18:45:00,0.19672686968903008
2018-11-27 18:48:00,0.23270885192528112
2018-11-27 18:51:00,0.2135998901704852
2018-11-27 18:54:00,
2018-11-27 18:57:00,
2018-11-27 19:00:00,
2018-11-27 19:03:00,0.38823768994393504
2018-11-27 19:06:00,0.33086712581939537
2018-11-27 19:09:00,0.35442875613222213
2018-11-27 19:12:00,0.4827105503180178
2018-11-27 19:15:00,0.556288227061259
2018-11-27 19:18:00,0.5122318281947855
2018-11-27 19:21:00,0.6144434299081922
2018-11-27 19:24:00,0.5536260197383172
2018-11-27 19:27:00,0.48024780593226524
2018-11-27 19:30:00,0.43979778351530285
2018-11-27 19:33:00,0.262278636734095
2018-11-27 19:36:00,0.3472907155880307
2018-11-27 19:39:00,0.3174518045093464
2018-11-27 19:42:00,0.24600348253227367
2018-11-27 19:45:00,0.143149156127663
2018-11-27 19:48:00,0.20814241131103017
2018-11-27 19:51:00,0.18455508219773264
2018-11-27 19:54:00,0.17928951839780893
2018-11-27 19:57:00,0.15828199681482147
2018-11-27 20:00:00,0.15477666406269464
2018-11-27 20:03:00,0.19587154772176518
2018-11-27 20:06:00,0.0277119840483806
2018-11-27 20:09:00,0.06269786679064282
2018-11-27 20:12:00,0.0994604962920107
2018-11-27 20:15:00,0.14197510219509013
2018-11-27 20:18:00,0.10144849907175058
2018-11-27 20:21:00,0.12047629938604132
2018-11-27 20:24:00,0.07272308953099582
2018-11-27 20:27:00,0.03600528506291312
2018-11-27 20:30:00,0.11070879580944393
2018-11-27 20:33:00,0.14721160128652855
2018-11-27 20:36:00,0.12401497368807668
2018-11-27 20:39:00,0.16527788646135377
2018-11-27 20:42:00,0.20507906561863365
2018-11-27 20:45:00,0.13542062373846875
2018-11-27 20:48:00,0.10749571890289644
2018-11-27 20:51:00,0.12847051868538983
2018-11-27 20:54:00,0.2094664707868219
2018-11-27 20:57:00,0.08826818639585099
2018-11-27 21:00:00,0.15492188924184802
2018-11-27 21:03:00,0.19996505060964864
2018-11-27 21:06:00,0.20388281435828048
2018-11-27 21:09:00,0.1672161829576453
2018-11-27 21:12:00,0.14987347727924316
2018-11-27 21:15:00,0.1260262656541613
2018-11-27 21:18:00,0.23867072655809807
2018-11-27 21:21:00,0.22766468304394039
2018-11-27 21:24:00,0.21386973252941743
2018-11-27 21:27:00,0.1023890418149449
2018-11-27 21:30:00,0.271720580424585
2018-11-27 21:33:00,0.34793512525476444
2018-11-27 21:36:00,0.37615365506815124
2018-11-27 21:39:00,0.26378412875817503
2018-11-27 21:42:00,0.3194054582120316
2018-11-27 21:45:00,0.3932744518006075
2018-11-27 21:48:00,0.45421447629723843
2018-11-27 21:51:00,0.4956000839158605
2018-11-27 21:54:00,0.5791174069997851
2018-11-27 21:57:00,0.6761425706311002
2018-11-27 22:00:00,0.6576997911924423
2018-11-27 22:03:00,0.663232966492842
2018-11-27 22:06:00,0.5917414678013984
2018-11-27 22:09:00,0.6831607618136104
2018-11-27 22:12:00,0.700206752097813
2018-11-27 22:15:00,0.747392185657759
2018-11-27 22:18:00,0.730412384560168
2018-11-27 22:21:00,0.6681830120382415
2018-11-27 22:24:00,0.7342034570579017
2018-11-27 22:27:00,0.7392339949176403
2018-11-27 22:30:00,0.7400426083211187
2018-11-27 22:33:00,0.5638278427622367
2018-11-27 22:36:00,0.4811689596036217
2018-11-27 22:39:00,0.48227940388534307
2018-11-27 22:42:00,0.6175944642196782
2018-11-27 22:45:00,0.45938708257449434
2018-11-27 22:48:00,0.43865359157570083
2018-11-27 22:51:00,0.34472693948248434
2018-11-27 22:54:00,0.3286868136780754
2018-11-27 22:57:00,0.3789220068121608
2018-11-27 23:00:00,0.35493502852091297
2018-11-27 23:03:00,0.35990583707632595
2018-11-27 23:06:00,0.2956229866608169
2018-11-27 23:09:00,0.34513741946938126
2018-11-27 23:12:00,0.36451487657046755
2018-11-27 23:15:00,0.3590048502984473
2018-11-27 23:18:00,0.3886740363884087
2018-11-27 23:21:00,0.3461445381460635
2018-11-27 23:24:00,0.35614194565476964
2018-11-27 23:27:00,0.3122362579673563
2018-11-27 23:30:00,0.42399427876830487
2018-11-27 23:33:00,0.28495044604102304
2018-11-27 23:36:00,0.274968835056427
2018-11-27 23:39:00,0.27156548996350693
2018-11-27 23:42:00,0.2456753877716551
2018-11-27 23:45:00,0.2749175964365804
2018-11-27 23:48:00,0.322951158376668
2018-11-27 23:51:00,0.2174373953194504
2018-11-27 23:54:00,0.40881235330925847
2018-11-27 23:57:00,0.3773652720996097
2018-11-28 00:00:00,0.28942395154916767
2018-11-28 00:03:00,0.2681672408384088
2018-11-28 00:06:00,0.24232590962770928
2018-11-28 00:09:00,0.3095524262736262
2018-11-28 00:12:00,0.28649981113193235
2018-11-28 00:15:00,0.2467966164829818
2018-11-28 00:18:00,0.2620637187487205
2018-11-28 00:21:00,0.2643396650938712
2018-11-28 00:24:00,0.25332535965054603
2018-11-28 00:27:00,0.31597239765727636
2018-11-28 00:30:00,0.3693604874395078
2018-11-28 00:33:00,0.31285883833936623
2018-11-28 00:36:00,0.3201330861807037
2018-11-28 00:39:00,0.38926872832934123
2018-11-28 00:42:00,0.28410730602303147
2018-11-28 00:45:00,0.2517956470900913
2018-11-28 00:48:00,0.36787833289707805
2018-11-28 00:51:00,0.2868434650608265
2018-11-28 00:54:00,0.3180938472834782
2018-11-28 00:57:00,0.33312107538063174
2018-11-28 01:00:00,0.42345163259358287
2018-11-28 01:03:00,0.3968329515488449
2018-11-28 01:06:00,0.4101088710828549
2018-11-28 01:09:00,0.40735822098787366
2018-11-28 01:12:00,0.36514451530479164
2018-11-28 01:15:00,0.3770782433677482
2018-11-28 01:18:00,0.2969925411733243
2018-11-28 01:21:00,0.3458083110896837
2018-11-28 01:24:00,0.3082750124464724
2018-11-28 01:27:00,0.3047896555877969
2018-11-28 01:30:00,0.22259028742274722
2018-11-28 01:33:00,0.2756373766333695
2018-11-28 01:36:00,0.31353801950876914
2018-11-28 01:39:00,0.24218242245547117
2018-11-28 01:42:00,0.32378311734186127
2018-11-28 01:45:00,0.2644643224170409
2018-11-28 01:48:00,0.33111238930928266
2018-11-28 01:51:00,0.23998653904925504
2018-11-28 01:54:00,0.3045155206482377
2018-11-28 01:57:00,0.2891631328037647
2018-11-28 02:00:00,0.28540135638712627
2018-11-28 02:03:00,0.29964826872384265
2018-11-28 02:06:00,0.23784776037507527
2018-11-28 02:09:00,0.2169948697877544
2018-11-28 02:12:00,0.33323435629648657
2018-11-28 02:15:00,0.31284181497028385
2018-11-28 02:18:00,0.2895865757020033
2018-11-28 02:21:00,0.30994664376197534
2018-11-28 02:24:00,0.27343463821989644
2018-11-28 02:27:00,0.28613870129436236
2018-11-28 02:30:00,0.25153790615138405
2018-11-28 02:33:00,0.2836464445328488
2018-11-28 02:36:00,0.2221023450376265
2018-11-28 02:39:00,0.31680980987005114
2018-11-28 02:42:00,0.2639123723319017
2018-11-28 02:45:00,0.28937348435499644
2018-11-28 02:48:00,0.3316991309138757
2018-11-28 02:51:00,0.3057036534354438
2018-11-28 02:54:00,0.24027497661376174
2018-11-28 02:57:00,0.2927075171202205
2018-11-28 03:00:00,0.2692240029078903
2018-11-28 03:03:00,0.323923832120272
2018-11-28 03:06:00,0.2991841650585343
2018-11-28 03:09:00,0.3150617246818115
2018-11-28 03:12:00,0.4414140248950389
2018-11-28 03:15:00,0.3938168160732971
2018-11-28 03:18:00,0.35400484006646593
2018-11-28 03:21:00,0.33475749208469097
2018-11-28 03:24:00,0.4241762564432179
2018-11-28 03:27:00,0.33988152140204875
2018-11-28 03:30:00,0.30588072110941766
2018-11-28 03:33:00,0.39725225867056224
2018-11-28 03:36:00,0.3288108271199235
2018-11-28 03:39:00,0.3707258275868526
2018-11-28 03:42:00,0.3029562870528366
2018-11-28 03:45:00,0.28552692615386377
2018-11-28 03:48:00,0.2730550698033767
2018-11-28 03:51:00,0.3214006820601867
2018-11-28 03:54:00,0.3591847147982321
2018-11-28 03:57:00,0.3082111446850604
2018-11-28 04:00:00,0.28797919245414505
2018-11-28 04:03:00,0.40017959679659043
2018-11-28 04:06:00,0.45816531886225675
2018-11-28 04:09:00,0.27572860240314867
2018-11-28 04:12:00,0.37592148539175696
2018-11-28 04:15:00,0.35938367340327204
2018-11-28 04:18:00,0.43756748895577857
2018-11-28 04:21:00,0.4333546482446309
2018-11-28 04:24:00,0.36190235372322377
2018-11-28 04:27:00,0.37864945720332344
2018-11-28 04:30:00,0.3729841706395973
2018-11-28 04:33:00,0.3858799921318905
2018-11-28 04:36:00,0.30915115331981724
2018-11-28 04:39:00,0.4162040727489966
2018-11-28 04:42:00,0.39190170814379144
2018-11-28 04:45:00,0.30440591798435435
2018-11-28 04:48:00,0.3523865971533269
2018-11-28 04:51:00,0.29410083633877093
2018-11-28 04:54:00,0.3181498650321828
2018-11-28 04:57:00,0.3939156109526607
2018-11-28 05:00:00,0.3776403547549876
2018-11-28 05:03:00,0.3586231111533493
2018-11-28 05:06:00,0.3894025904613727
2018-11-28 05:09:00,0.35374636037533946
2018-11-28 05:12:00,0.34796381854147285
2018-11-28 05:15:00,0.37921036739413694
2018-11-28 05:18:00,0.35365888289447867
2018-11-28 05:21:00,0.35154213893923725
2018-11-28 05:24:00,0.3590903892346091
2018-11-28 05:27:00,0.31718326339728264
2018-11-28 05:30:00,0.3459839034953234
2018-11-28 05:33:00,0.40107233476618376
2018-11-28 05:36:00,0.3875871863054954
2018-11-28 05:39:00,0.3832915060437472
2018-11-28 05:42:00,0.3913399754875968
2018-11-28 05:45:00,0.43381315339246385
2018-11-28 05:48:00,0.32504077997987224
2018-11-28 05:51:00,0.393446627039566
2018-11-28 05:54:00,0.38228869184092673
2018-11-28 05:57:00,0.34360590068621377
2018-11-28 06:00:00,0.23935414537805855
2018-11-28 06:03:00,0.21715395649289349
2018-11-28 06:06:00,0.43265400437650214
2018-11-28 06:09:00,0.37454480408689506
2018-11-28 06:12:00,0.30108805965159036
2018-11-28 06:15:00,0.279201079803272
2018-11-28 06:18:00,0.36417454405892613
2018-11-28 06:21:00,0.2761408361240001
2018-11-28 06:24:00,0.2879967233965317
2018-11-28 06:27:00,0.39426618170364236
2018-11-28 06:30:00,0.38001822725294687
2018-11-28 06:33:00,0.3862677879098442
2018-11-28 06:36:00,0.4373209524045478
2018-11-28 06:39:00,0.3811494285808976
2018-11-28 06:42:00,0.3277138977263121
2018-11-28 06:45:00,0.3938755070440152
2018-11-28 06:48:00,0.4038180387392458
2018-11-28 06:51:00,0.3906078470351986
2018-11-28 06:54:00,0.41812032157059775
2018-11-28 06:57:00,0.3509738019981228
2018-11-28 07:00:00,0.4023317833535316
2018-11-28 07:03:00,0.34573540046909557
2018-11-28 07:06:00,0.34438316963047555
2018-11-28 07:09:00,0.4257516448512888
2018-11-28 07:12:00,0.40669241485807106
2018-11-28 07:15:00,0.37638293443660586
2018-11-28 07:18:00,0.40229075383189183
2018-11-28 07:21:00,0.3662690893660283
2018-11-28 07:24:00,0.4241271055547031
2018-11-28 07:27:00,0.35726383241967596
2018-11-28 07:30:00,0.4023598983179113
2018-11-28 07:33:00,0.42023871776331134
2018-11-28 07:36:00,0.46248869133307835
2018-11-28 07:39:00,0.42883607236001353
2018-11-28 07:42:00,0.39475871876135216
2018-11-28 07:45:00,0.35450711705772164
2018-11-28 07:48:00,0.2736110379114507
2018-11-28 07:51:00,0.30251006502572864
2018-11-28 07:54:00,0.3960966607728551
2018-11-28 07:57:00,0.2802943633863606
2018-11-28 08:00:00,0.18531170924518392
2018-11-28 08:03:00,0.29616958466056076
2018-11-28 08:06:00,0.3067354446099557
2018-11-28 08:09:00,0.28376569166476884
2018-11-28 08:12:00,0.3706311773682387
2018-11-28 08:15:00,0.24684490847772622
2018-11-28 08:18:00,0.2941092677548909
2018-11-28 08:21:00,0.26850216627940426
2018-11-28 08:24:00,0.21904872387023033
2018-11-28 08:27:00,0.19771455623680367
2018-11-28 08:30:00,0.3465232841720649
2018-11-28 08:33:00,0.20061616788342462
2018-11-28 08:36:00,0.22480921999084558
2018-11-28 08:39:00,0.2239496708821207
2018-11-28 08:42:00,0.27304770963303326
2018-11-28 08:45:00,0.2797795541939081
2018-11-28 08:48:00,0.1479633985752571
2018-11-28 08:51:00,0.2055052022803352
2018-11-28 08:54:00,0.2553081332313809
2018-11-28 08:57:00,0.22819003571493113
2018-11-28 09:00:00,0.25732417779408934
2018-11-28 09:03:00,0.255932076726765
2018-11-28 09:06:00,0.13110613514027136
2018-11-28 09:09:00,0.2612925035344915
2018-11-28 09:12:00,0.15384097158755594
2018-11-28 09:15:00,0.1735521257269852
2018-11-28 09:18:00,0.19354491301083954
2018-11-28 09:21:00,0.26847291198879475
2018-11-28 09:24:00,0.20356977551824684
2018-11-28 09:27:00,0.16891619303089556
2018-11-28 09:30:00,0.2099093305798192
2018-11-28 09:33:00,0.18711778997607098
2018-11-28 09:36:00,0.19198726680838263
2018-11-28 09:39:00,0.18323612842146986
2018-11-28 09:42:00,0.2133845276900388
2018-11-28 09:45:00,0.16216988196617876
2018-11-28 09:48:00,0.1836166241690762
2018-11-28 09:51:00,0.277346039256372
2018-11-28 09:54:00,0.2204353370583476
2018-11-28 09:57:00,0.24845157784653793
2018-11-28 10:00:00,0.19238925901112225
2018-11-28 10:03:00,0.2844081296022978
2018-11-28 10:06:00,0.265226704803581
2018-11-28 10:09:00,0.23452576209302833
2018-11-28 10:12:00,0.1501948996768192
2018-11-28 10:15:00,0.08595632824591348
2018-11-28 10:18:00,0.13164117577008483
2018-11-28 10:21:00,0.07521616406461362
2018-11-28 10:24:00,0.07974144257980242
2018-11-28 10:27:00,0.09858888353772954
2018-11-28 10:30:00,0.07444185991101904
2018-11-28 10:33:00,0.07366023038423464
2018-11-28 10:36:00,0.08940080828909913
2018-11-28 10:39:00,0.11946751076243345
2018-11-28 10:42:00,0.07633497983886173
2018-11-28 10:45:00,0.06706707747059681
2018-11-28 10:48:00,0.09069804911200663
2018-11-28 10:51:00,-0.01221189273036316
2018-11-28 10:54:00,0.12262508760517221
2018-11-28 10:57:00,0.05770825324083262
2018-11-28 11:00:00,0.08523469342236467
2018-11-28 11:03:00,-0.11150627566911453
2018-11-28 11:06:00,0.02916245987023558
2018-11-28 11:09:00,0.027381125694205366
2018-11-28 11:12:00,0.06471509639931128
2018-11-28 11:15:00,-0.014488519399094457
2018-11-28 11:18:00,-0.00923412664803891
2018-11-28 11:21:00,0.046953294519994415
2018-11-28 11:24:00,0.1357924860870412
2018-11-28 11:27:00,-0.039942947338488466
2018-11-28 11:30:00,-0.0491824166571746
2018-11-28 11:33:00,-0.03954528739984653
2018-11-28 11:36:00,-0.07955163728064463
2018-11-28 11:39:00,-0.11802683421819893
2018-11-28 11:42:00,-0.062215077465054947
2018-11-28 11:45:00,-0.13431273454602888
2018-11-28 11:48:00,0.032698988702463794
2018-11-28 11:51:00,-0.002948172031494778
2018-11-28 11:54:00,0.1236577871639497
2018-11-28 11:57:00,0.03912871879208524
2018-11-28 12:00:00,0.01359945484466607
2018-11-28 12:03:00,-0.010201565938871227
2018-11-28 12:06:00,-0.013111562352207784
2018-11-28 12:09:00,0.02397945906005816
2018-11-28 12:12:00,-0.06644274659197436
2018-11-28 12:15:00,0.0820626456214768
2018-11-28 12:18:00,0.03539457906401822
2018-11-28 12:21:00,-0.017302513495849325
2018-11-28 12:24:00,-0.0002442264733417687
2018-11-28 12:27:00,0.050344594609896376
2018-11-28 12:30:00,0.06174609354781069
2018-11-28 12:33:00,0.08036695346362421
2018-11-28 12:36:00,0.18294047576796402
2018-11-28 12:39:00,0.1602974431376083
2018-11-28 12:42:00,0.029318549286813322
2018-11-28 12:45:00,-0.053797569626397035
2018-11-28 12:48:00,-0.09649323281041688
2018-11-28 12:51:00,-0.07577006275516851
2018-11-28 12:54:00,-0.17560226404663126
2018-11-28 12:57:00,-0.16425132866436343
2018-11-28 13:00:00,-0.0013904704729839068
2018-11-28 13:03:00,-0.01628190769599769
2018-11-28 13:06:00,-0.137873827016449
2018-11-28 13:09:00,-0.08641089025906012
2018-11-28 13:12:00,-0.026236431947779693
2018-11-28 13:15:00,-0.11961862286295855
2018-11-28 13:18:00,-0.16366151011527563
2018-11-28 13:21:00,-0.19918949757612836
2018-11-28 13:24:00,-0.2085906754653024
2018-11-28 13:27:00,-0.14533896300673632
2018-11-28 13:30:00,-0.11046917205015916
2018-11-28 13:33:00,-0.06872099204917959
2018-11-28 13:36:00,-0.11692086723905959
2018-11-28 13:39:00,-0.08087820501049237
2018-11-28 13:42:00,-0.09958512429170696
2018-11-28 13:45:00,-0.06426812545055327
2018-11-28 13:48:00,-0.10045560846248236
2018-11-28 13:51:00,-0.1972023958174418
2018-11-28 13:54:00,-0.04274097275481381
2018-11-28 13:57:00,-0.0757543104701881
2018-11-28 14:00:00,-0.11557799368142696
2018-11-28 14:03:00,-0.11939639358087106
2018-11-28 14:06:00,-0.041820396049899955
2018-11-28 14:09:00,-0.09495382525142304
2018-11-28 14:12:00,-0.19418944447056674
2018-11-28 14:15:00,-0.08206048765373453
2018-11-28 14:18:00,-0.013086846302257982
2018-11-28 14:21:00,-0.002434665957764537
2018-11-28 14:24:00,0.0318257349198916
2018-11-28 14:27:00,0.07178061465191377
2018-11-28 14:30:00,-0.008279627924650867
2018-11-28 14:33:00,0.013847191349896093
2018-11-28 14:36:00,-0.08190514137788796
2018-11-28 14:39:00,-0.2034956250408868
2018-11-28 14:42:00,-0.1971372609625064
2018-11-28 14:45:00,-0.1837508864697952
2018-11-28 14:48:00,-0.1926316873814926
2018-11-28 14:51:00,-0.12952237399264277
2018-11-28 14:54:00,-0.11016795529076262
2018-11-28 14:57:00,-0.0838204930619213
2018-11-28 15:00:00,-0.06975164295727154
2018-11-28 15:03:00,-0.027708415501138006
2018-11-28 15:06:00,-0.08220179863434396
2018-11-28 15:09:00,0.007914925555780883
2018-11-28 15:12:00,0.021190723922416055
2018-11-28 15:15:00,-0.006976655107678198
2018-11-28 15:18:00,0.22174019659451005
2018-11-28 15:21:00,0.3875516829396588
2018-11-28 15:24:00,0.21300796607437178
2018-11-28 15:27:00,0.024451809761956156
2018-11-28 15:30:00,0.05222724520905331
2018-11-28 15:33:00,0.020269066794071477
2018-11-28 15:36:00,0.019795811597418833
2018-11-28 15:39:00,-0.042565016485184515
2018-11-28 15:42:00,-0.0897021318482416
2018-11-28 15:45:00,-0.04337410729868907
2018-11-28 15:48:00,0.04888731547350744
2018-11-28 15:51:00,-0.057473477231553716
2018-11-28 15:54:00,0.05861896743761008
2018-11-28 15:57:00,-0.06130443832057608
2018-11-28 16:00:00,-0.03288671929527709
2018-11-28 16:03:00,0.028181252332672102
2018-11-28 16:06:00,-0.021732982718788207
2018-11-28 16:09:00,-0.02794020059701552
2018-11-28 16:12:00,0.04442085112913219
2018-11-28 16:15:00,0.06584035640878483
2018-11-28 16:18:00,0.011545608647452354
2018-11-28 16:21:00,0.04595400753720469
2018-11-28 16:24:00,0.1685441518388302
2018-11-28 16:27:00,0.26745883947836546
2018-11-28 16:30:00,0.43646854780541844
2018-11-28 16:33:00,0.2608789415045294
2018-11-28 16:36:00,0.20191712359252278
2018-11-28 16:39:00,0.09245065377979245
2018-11-28 16:42:00,0.08970561143138411
2018-11-28 16:45:00,-0.07252207688611634
2018-11-28 16:48:00,-0.03033950892785242
2018-11-28 16:51:00,-0.13067964325045978
2018-11-28 16:54:00,-0.06242083587039815
2018-11-28 16:57:00,-0.08009573951608218
2018-11-28 17:00:00,-0.04802948206372548
2018-11-28 17:03:00,0.07438051938538592
2018-11-28 17:06:00,0.0864145305886268
2018-11-28 17:09:00,0.2444527142229731
2018-11-28 17:12:00,0.34990793801199516
2018-11-28 17:15:00,0.35043831911548295
2018-11-28 17:18:00,0.44888305172167975
2018-11-28 17:21:00,0.41472496947932314
2018-11-28 17:24:00,0.32521184920659607
2018-11-28 17:27:00,0.3384626875407548
2018-11-28 17:30:00,0.38813529477397424
2018-11-28 17:33:00,0.2576030625908743
2018-11-28 17:36:00,0.16320573756598833
2018-11-28 17:39:00,0.21503383429791256
2018-11-28 17:42:00,0.07607448648587933
2018-11-28 17:45:00,0.11379162999173786
2018-11-28 17:48:00,0.15554282256334773
2018-11-28 17:51:00,0.0740009712632741
2018-11-28 17:54:00,0.07920973374115192
2018-11-28 17:57:00,0.07938461553038678
2018-11-28 18:00:00,0.03851437030238003
2018-11-28 18:03:00,0.07197952834144417
2018-11-28 18:06:00,0.09307508720451096
2018-11-28 18:09:00,0.10827016068469675
2018-11-28 18:12:00,0.13200041790599926
2018-11-28 18:15:00,0.10161516362910561
2018-11-28 18:18:00,0.0471125453614718
2018-11-28 18:21:00,0.06327305304756692
2018-11-28 18:24:00,0.021203780769667446
2018-11-28 18:27:00,0.09766095668379648
2018-11-28 18:30:00,0.0959537728210762
2018-11-28 18:33:00,0.043593462397382154
2018-11-28 18:36:00,0.036038552135948976
2018-11-28 18:39:00,0.11037100651202536
2018-11-28 18:42:00,-0.008398253339805706
2018-11-28 18:45:00,0.005417015722855467
2018-11-28 18:48:00,0.10152486160654917
2018-11-28 18:51:00,0.11132976914200299
2018-11-28 18:54:00,
2018-11-28 18:57:00,
2018-11-28 19:00:00,
2018-11-28 19:03:00,0.0038106551698433577
2018-11-28 19:06:00,-0.008671267741192423
2018-11-28 19:09:00,0.10254193351340746
2018-11-28 19:12:00,0.041526501521047976
2018-11-28 19:15:00,-0.0019533331263232867
2018-11-28 19:18:00,0.04854338600455321
2018-11-28 19:21:00,0.04356769001219618
2018-11-28 19:24:00,0.10383366565162078
2018-11-28 19:27:00,0.18267654548202472
2018-11-28 19:30:00,0.051186496137859194
2018-11-28 19:33:00,0.12674920981896776
2018-11-28 19:36:00,0.20678545438823903
2018-11-28 19:39:00,0.10165153574820351
2018-11-28 19:42:00,0.04061933369354165
2018-11-28 19:45:00,0.14684561560454767
2018-11-28 19:48:00,0.11541940868511347
2018-11-28 19:51:00,0.1911560926972129
2018-11-28 19:54:00,0.10231099780207842
2018-11-28 19:57:00,0.12658394593944422
2018-11-28 20:00:00,0.05039918036436575
2018-11-28 20:03:00,0.08439073032320721
2018-11-28 20:06:00,0.15801029304458325
2018-11-28 20:09:00,0.08172969916745387
2018-11-28 20:12:00,0.20245794556961982
2018-11-28 20:15:00,0.16697610163919308
2018-11-28 20:18:00,0.11596285195270184
2018-11-28 20:21:00,0.19411811236102494
2018-11-28 20:24:00,0.09095184825144997
2018-11-28 20:27:00,0.14576878147516936
2018-11-28 20:30:00,0.2656024528856733
2018-11-28 20:33:00,0.174607816690866
2018-11-28 20:36:00,0.16640591531592008
2018-11-28 20:39:00,0.15656620096376628
2018-11-28 20:42:00,0.12008217248666142
2018-11-28 20:45:00,0.20974689641974464
2018-11-28 20:48:00,0.26257576027990126
2018-11-28 20:51:00,0.14798778115658706
2018-11-28 20:54:00,0.2923070205986278
2018-11-28 20:57:00,0.22483098920599787
2018-11-28 21:00:00,0.16933781558975625
2018-11-28 21:03:00,0.20274725077388212
2018-11-28 21:06:00,0.2321993419987507
2018-11-28 21:09:00,0.2667678503427169
2018-11-28 21:12:00,0.19391900461670275
2018-11-28 21:15:00,0.14964479469279013
2018-11-28 21:18:00,0.1417978377166378
2018-11-28 21:21:00,0.19668471056581893
2018-11-28 21:24:00,0.19221933526841894
2018-11-28 21:27:00,0.19652521199060402
2018-11-28 21:30:00,0.21402812188398457
2018-11-28 21:33:00,0.28900146363741896
2018-11-28 21:36:00,0.3261879458889325
2018-11-28 21:39:00,0.12483268979923423
2018-11-28 21:42:00,0.21306180491973237
2018-11-28 21:45:00,0.31209415225492876
2018-11-28 21:48:00,0.08850870026566326
2018-11-28 21:51:00,0.20264430803177902
2018-11-28 21:54:00,0.23581836918611998
2018-11-28 21:57:00,0.210868727975992
2018-11-28 22:00:00,0.23229678506612572
2018-11-28 22:03:00,0.27724877121090685
2018-11-28 22:06:00,0.261590914229032
2018-11-28 22:09:00,0.18567095366643116
2018-11-28 22:12:00,0.28410607891800055
2018-11-28 22:15:00,0.4147288851385724
2018-11-28 22:18:00,0.25448070127208666
2018-11-28 22:21:00,0.3134524985742928
2018-11-28 22:24:00,0.332780556912212
2018-11-28 22:27:00,0.27365676692068064
2018-11-28 22:30:00,0.33439107226251963
2018-11-28 22:33:00,0.3000125900309172
2018-11-28 22:36:00,0.23909217335381072
2018-11-28 22:39:00,0.2795119059359763
2018-11-28 22:42:00,0.3787744132918647
2018-11-28 22:45:00,0.47878772092775534
2018-11-28 22:48:00,0.38205585903619976
2018-11-28 22:51:00,0.3434285703659725
2018-11-28 22:54:00,0.3649135298080637
2018-11-28 22:57:00,0.39297024514712575
2018-11-28 23:00:00,0.41606955645409016
2018-11-28 23:03:00,0.40171886051410866
2018-11-28 23:06:00,0.366870848741371
2018-11-28 23:09:00,0.44960529096084656
2018-11-28 23:12:00,0.5279865649077351
2018-11-28 23:15:00,0.4719407328194052
2018-11-28 23:18:00,0.46291445723090874
2018-11-28 23:21:00,0.43796390139323194
2018-11-28 23:24:00,0.33104968649723787
2018-11-28 23:27:00,0.3712158449982894
2018-11-28 23:30:00,0.41284331172658995
2018-11-28 23:33:00,0.35905489019984316
2018-11-28 23:36:00,0.3168084683044867
2018-11-28 23:39:00,0.43031346608188414
2018-11-28 23:42:00,0.4726463171659816
2018-11-28 23:45:00,0.3406407582463089
2018-11-28 23:48:00,0.3907482604976735
2018-11-28 23:51:00,0.3918299606167466
2018-11-28 23:54:00,0.35400576187964816
2018-11-28 23:57:00,0.34723562257875074
2018-11-29 00:00:00,0.48269521491261
2018-11-29 00:03:00,0.44825838233128934
2018-11-29 00:06:00,0.3277862534583278
2018-11-29 00:09:00,0.28034173601537304
2018-11-29 00:12:00,0.38904891506513195
2018-11-29 00:15:00,0.40303309396603026
2018-11-29 00:18:00,0.36162230237545145
2018-11-29 00:21:00,0.41472158574191553
2018-11-29 00:24:00,0.30588362857929496
2018-11-29 00:27:00,0.3324468096412261
2018-11-29 00:30:00,0.2498555626072516
2018-11-29 00:33:00,0.2583850478963541
2018-11-29 00:36:00,0.37585657090119184
2018-11-29 00:39:00,0.2700554851441552
2018-11-29 00:42:00,0.3185347586684202
2018-11-29 00:45:00,0.35680349573124204
2018-11-29 00:48:00,0.35984544140961816
2018-11-29 00:51:00,0.44041270687432643
2018-11-29 00:54:00,0.3609917582981552
2018-11-29 00:57:00,0.27504177349402426
2018-11-29 01:00:00,0.38386361836433025
2018-11-29 01:03:00,0.40035833414611943
2018-11-29 01:06:00,0.4379034340649923
2018-11-29 01:09:00,0.4447353061428885
2018-11-29 01:12:00,0.37296506140035035
2018-11-29 01:15:00,0.4430604577322015
2018-11-29 01:18:00,0.4469732057814326
2018-11-29 01:21:00,0.3323222745037242
2018-11-29 01:24:00,0.36605463990218823
2018-11-29 01:27:00,0.3734113871191198
2018-11-29 01:30:00,0.33825059293246795
2018-11-29 01:33:00,0.3813051019541831
2018-11-29 01:36:00,0.3541707478492526
2018-11-29 01:39:00,0.3547390364901162
2018-11-29 01:42:00,0.4449675579591599
2018-11-29 01:45:00,0.4717235354155491
2018-11-29 01:48:00,0.36854403817307
2018-11-29 01:51:00,0.2985816411621727
2018-11-29 01:54:00,0.3172777999445202
2018-11-29 01:57:00,0.31618427970084895
2018-11-29 02:00:00,0.34620731629001966
2018-11-29 02:03:00,0.4013626415458589
2018-11-29 02:06:00,0.34375063100486614
2018-11-29 02:09:00,0.3106812758420574
2018-11-29 02:12:00,0.2965098771268231
2018-11-29 02:15:00,0.3306901489427787
2018-11-29 02:18:00,0.32656353941155203
2018-11-29 02:21:00,0.39517743060105204
2018-11-29 02:24:00,0.3484341974904055
2018-11-29 02:27:00,0.3231121266677519
2018-11-29 02:30:00,0.39173257277758466
2018-11-29 02:33:00,0.3613370363680133
2018-11-29 02:36:00,0.3497795709772049
2018-11-29 02:39:00,0.35997690502301793
2018-11-29 02:42:00,0.35352016767154737
2018-11-29 02:45:00,0.3838127392597812
2018-11-29 02:48:00,0.4129865204749308
2018-11-29 02:51:00,0.42547975053912523
2018-11-29 02:54:00,0.4056218231532398
2018-11-29 02:57:00,0.4683468831823916
2018-11-29 03:00:00,0.4474105751308457
2018-11-29 03:03:00,0.5172784345096488
2018-11-29 03:06:00,0.48711989414920254
2018-11-29 03:09:00,0.4597736742281313
2018-11-29 03:12:00,0.4293251862420675
2018-11-29 03:15:00,0.4176204809681394
2018-11-29 03:18:00,0.41086345695237014
2018-11-29 03:21:00,0.3710349546959151
2018-11-29 03:24:00,0.35101525545974255
2018-11-29 03:27:00,0.40389226900515496
2018-11-29 03:30:00,0.3705517075548528
2018-11-29 03:33:00,0.4061743321980771
2018-11-29 03:36:00,0.40137927014205843
2018-11-29 03:39:00,0.40392776840116085
2018-11-29 03:42:00,0.38962002720580813
2018-11-29 03:45:00,0.3799158506582785
2018-11-29 03:48:00,0.5022352825253051
2018-11-29 03:51:00,0.44506035806239197
2018-11-29 03:54:00,0.3934798646807849
2018-11-29 03:57:00,0.42601250060045004
2018-11-29 04:00:00,0.46522960792549384
2018-11-29 04:03:00,0.3839270747202477
2018-11-29 04:06:00,0.43678699675263033
2018-11-29 04:09:00,0.3096382790693042
2018-11-29 04:12:00,0.35076906574380473
2018-11-29 04:15:00,0.3708575384430901
2018-11-29 04:18:00,0.2923792617181675
2018-11-29 04:21:00,0.34465710173662956
2018-11-29 04:24:00,0.34903536067412233
2018-11-29 04:27:00,0.3323906040212137
2018-11-29 04:30:00,0.4075024163725516
2018-11-29 04:33:00,0.36291484218190817
2018-11-29 04:36:00,0.4224064925107882
2018-11-29 04:39:00,0.30186569846455313
2018-11-29 04:42:00,0.4729520473338198
2018-11-29 04:45:00,0.41570828097036383
2018-11-29 04:48:00,0.3446013924544218
2018-11-29 04:51:00,0.39086602158096184
2018-11-29 04:54:00,0.3715283335673121
2018-11-29 04:57:00,0.36117389408400413
2018-11-29 05:00:00,0.398756830433058
2018-11-29 05:03:00,0.3071767774562204
2018-11-29 05:06:00,0.36932597911783205
2018-11-29 05:09:00,0.337266255283339
2018-11-29 05:12:00,0.302718018892449
2018-11-29 05:15:00,0.3929358460354706
2018-11-29 05:18:00,0.30683302499863885
2018-11-29 05:21:00,0.4012849502864242
2018-11-29 05:24:00,0.38005640337576096
2018-11-29 05:27:00,0.25513494783882606
2018-11-29 05:30:00,0.42504267056602885
2018-11-29 05:33:00,0.3799031126770842
2018-11-29 05:36:00,0.32540252549688375
2018-11-29 05:39:00,0.31660766294805853
2018-11-29 05:42:00,0.41728224825936877
2018-11-29 05:45:00,0.5050891343084345
2018-11-29 05:48:00,0.39324209859722714
2018-11-29 05:51:00,0.3902129019289191
2018-11-29 05:54:00,0.3584699735934578
2018-11-29 05:57:00,0.4253099650770764
2018-11-29 06:00:00,0.3141969796590729
2018-11-29 06:03:00,0.3389382724843699
2018-11-29 06:06:00,0.41707583183551833
2018-11-29 06:09:00,0.35929661089431875
2018-11-29 06:12:00,0.47184168709065943
2018-11-29 06:15:00,0.5414933338095693
2018-11-29 06:18:00,0.3420075211540734
2018-11-29 06:21:00,0.34244234920407735
2018-11-29 06:24:00,0.41795292266778006
2018-11-29 06:27:00,0.4287447805103852
2018-11-29 06:30:00,0.36822514330020795
2018-11-29 06:33:00,0.3777666500166674
2018-11-29 06:36:00,0.4156967815887356
2018-11-29 06:39:00,0.3532974415938952
2018-11-29 06:42:00,0.39922500720598464
2018-11-29 06:45:00,0.31196722842895497
2018-11-29 06:48:00,0.381958232137265
2018-11-29 06:51:00,0.2794358465393998
2018-11-29 06:54:00,0.4255631220727878
2018-11-29 06:57:00,0.36728815044614294
2018-11-29 07:00:00,0.2793160842322209
2018-11-29 07:03:00,0.41219893835409493
2018-11-29 07:06:00,0.2941118744926712
2018-11-29 07:09:00,0.36361674445214476
2018-11-29 07:12:00,0.29144347531240555
2018-11-29 07:15:00,0.3242411673875836
2018-11-29 07:18:00,0.3017632229015703
2018-11-29 07:21:00,0.2878386797670487
2018-11-29 07:24:00,0.3508850459066366
2018-11-29 07:27:00,0.3014248062017941
2018-11-29 07:30:00,0.3347732138781794
2018-11-29 07:33:00,0.36259591434441063
2018-11-29 07:36:00,0.4069796118726572
2018-11-29 07:39:00,0.30689880986477647
2018-11-29 07:42:00,0.4054596841071998
2018-11-29 07:45:00,0.2725160687274979
2018-11-29 07:48:00,0.3883181851802533
2018-11-29 07:51:00,0.33717273721339325
2018-11-29 07:54:00,0.309176347946277
2018-11-29 07:57:00,0.38418328114715905
2018-11-29 08:00:00,0.3835527532863807
2018-11-29 08:03:00,0.2206624063312006
2018-11-29 08:06:00,0.345232911574044
2018-11-29 08:09:00,0.34628449479083656
2018-11-29 08:12:00,0.41567642995164533
2018-11-29 08:15:00,0.28496615789293855
2018-11-29 08:18:00,0.24865770672897725
2018-11-29 08:21:00,0.29559727394541824
2018-11-29 08:24:00,0.2270233156903032
2018-11-29 08:27:00,0.28438412457558115
2018-11-29 08:30:00,0.2672535339075921
2018-11-29 08:33:00,0.19488846477315747
2018-11-29 08:36:00,0.1621511335418404
2018-11-29 08:39:00,0.16481109003819938
2018-11-29 08:42:00,0.14146809046013686
2018-11-29 08:45:00,0.22877191140281639
2018-11-29 08:48:00,0.23948332775302106
2018-11-29 08:51:00,0.2826213974572056
2018-11-29 08:54:00,0.19735606212492485
2018-11-29 08:57:00,0.15654208316618679
2018-11-29 09:00:00,0.14962399621305167
2018-11-29 09:03:00,0.2684934941688084
2018-11-29 09:06:00,0.1386954084205172
2018-11-29 09:09:00,0.19821804846799296
2018-11-29 09:12:00,0.1729616942934058
2018-11-29 09:15:00,0.10495436690285942
2018-11-29 09:18:00,0.1297346818579399
2018-11-29 09:21:00,0.14732035734766669
2018-11-29 09:24:00,0.11209871457941745
2018-11-29 09:27:00,0.095233176684701
2018-11-29 09:30:00,0.1456685117873917
2018-11-29 09:33:00,0.04950515436974001
2018-11-29 09:36:00,0.00534574349308059
2018-11-29 09:39:00,0.12245998779849288
2018-11-29 09:42:00,0.06429126150061393
2018-11-29 09:45:00,0.06102569160407256
2018-11-29 09:48:00,0.07519696964828881
2018-11-29 09:51:00,0.05495129609437299
2018-11-29 09:54:00,0.01943408020372317
2018-11-29 09:57:00,-0.06923513108910129
2018-11-29 10:00:00,0.08622720330123457
2018-11-29 10:03:00,0.007445616991731185
2018-11-29 10:06:00,-0.10592552889744411
2018-11-29 10:09:00,0.03372877611940339
2018-11-29 10:12:00,0.015367226284979552
2018-11-29 10:15:00,-0.034741905336431955
2018-11-29 10:18:00,-0.06884796690394523
2018-11-29 10:21:00,-0.035363817838288014
2018-11-29 10:24:00,-0.01805869813784966
2018-11-29 10:27:00,0.022551465695755724
2018-11-29 10:30:00,-0.0903606077243353
2018-11-29 10:33:00,-0.00879769330271074
2018-11-29 10:36:00,-0.10162793120809965
2018-11-29 10:39:00,-0.06096737074312841
2018-11-29 10:42:00,-0.12091807748913652
2018-11-29 10:45:00,-0.0884289332684034
2018-11-29 10:48:00,-0.05124063412239366
2018-11-29 10:51:00,-0.19304893663507983
2018-11-29 10:54:00,-0.23194061930769294
2018-11-29 10:57:00,-0.13295589278590114
2018-11-29 11:00:00,-0.21373785284873748
2018-11-29 11:03:00,-0.16771415463756512
2018-11-29 11:06:00,-0.15152614535890052
2018-11-29 11:09:00,-0.09079686453372915
2018-11-29 11:12:00,-0.185451967117217
2018-11-29 11:15:00,-0.2149292712737747
2018-11-29 11:18:00,-0.18508670931845472
2018-11-29 11:21:00,-0.15987733471496313
2018-11-29 11:24:00,-0.27588314938458325
2018-11-29 11:27:00,-0.23506318613772237
2018-11-29 11:30:00,-0.2739275950478941
2018-11-29 11:33:00,-0.27882400828332266
2018-11-29 11:36:00,-0.19663048912542536
2018-11-29 11:39:00,-0.2658231554187296
2018-11-29 11:42:00,-0.22607664827347662
2018-11-29 11:45:00,-0.18684905200586854
2018-11-29 11:48:00,-0.24319939030561954
2018-11-29 11:51:00,-0.273590074605238
2018-11-29 11:54:00,-0.32919859616572467
2018-11-29 11:57:00,-0.2310041597231134
2018-11-29 12:00:00,-0.1993972771822996
2018-11-29 12:03:00,-0.2922793946324873
2018-11-29 12:06:00,-0.2792601646335129
2018-11-29 12:09:00,-0.39988402925905575
2018-11-29 12:12:00,-0.3505090847740462
2018-11-29 12:15:00,-0.3902456113809194
2018-11-29 12:18:00,-0.364274403899401
2018-11-29 12:21:00,-0.297572740782698
2018-11-29 12:24:00,-0.3222944361118607
2018-11-29 12:27:00,-0.3006044240278243
2018-11-29 12:30:00,-0.30794320561585664
2018-11-29 12:33:00,-0.3659420948708316
2018-11-29 12:36:00,-0.35248814961005337
2018-11-29 12:39:00,-0.39386454994740916
2018-11-29 12:42:00,-0.346552033717785
2018-11-29 12:45:00,-0.35054313825594363
2018-11-29 12:48:00,-0.40976456477511647
2018-11-29 12:51:00,-0.37707759849843114
2018-11-29 12:54:00,-0.4135691482388779
2018-11-29 12:57:00,-0.4169200732225704
2018-11-29 13:00:00,-0.41737356593148434
2018-11-29 13:03:00,-0.3316170344450029
2018-11-29 13:06:00,-0.3623822102667873
2018-11-29 13:09:00,-0.21501530655518764
2018-11-29 13:12:00,-0.2976471796578153
2018-11-29 13:15:00,-0.23683774057246865
2018-11-29 13:18:00,-0.30424579631653614
2018-11-29 13:21:00,-0.19113774026141073
2018-11-29 13:24:00,-0.2380672720606185
2018-11-29 13:27:00,-0.25560841335635587
2018-11-29 13:30:00,-0.29075501749264276
2018-11-29 13:33:00,-0.2086769891918152
2018-11-29 13:36:00,-0.34309007306274
2018-11-29 13:39:00,-0.2474276857048494
2018-11-29 13:42:00,-0.261879810063931
2018-11-29 13:45:00,-0.23847008835878114
2018-11-29 13:48:00,-0.29765082952769717
2018-11-29 13:51:00,-0.29249057829008507
2018-11-29 13:54:00,-0.20963065441657136
2018-11-29 13:57:00,-0.17908719358467806
2018-11-29 14:00:00,-0.31122190443437603
2018-11-29 14:03:00,-0.28334214879021147
2018-11-29 14:06:00,-0.16964539434940207
2018-11-29 14:09:00,-0.054100074861935354
2018-11-29 14:12:00,-0.14845447356191244
2018-11-29 14:15:00,-0.25974149087994647
2018-11-29 14:18:00,-0.3105502117065271
2018-11-29 14:21:00,-0.25478816011758454
2018-11-29 14:24:00,-0.17491831615149067
2018-11-29 14:27:00,-0.26578310129190186
2018-11-29 14:30:00,0.04384050655602323
2018-11-29 14:33:00,0.1540420184855975
2018-11-29 14:36:00,0.03566696056765295
2018-11-29 14:39:00,-0.23073919835815104
2018-11-29 14:42:00,-0.263080679576035
2018-11-29 14:45:00,-0.19132445804672216
2018-11-29 14:48:00,-0.21955622732014035
2018-11-29 14:51:00,-0.33090263369030026
2018-11-29 14:54:00,-0.32045643581636796
2018-11-29 14:57:00,-0.22878812512789182
2018-11-29 15:00:00,-0.3106485116899762
2018-11-29 15:03:00,-0.22710706912778278
2018-11-29 15:06:00,-0.2871288863817085
2018-11-29 15:09:00,-0.1901594852433277
2018-11-29 15:12:00,-0.18893346006876754
2018-11-29 15:15:00,-0.1429455495934917
2018-11-29 15:18:00,-0.08089040548833282
2018-11-29 15:21:00,-0.0009261455335263236
2018-11-29 15:24:00,-0.002084936308108354
2018-11-29 15:27:00,-0.07467449166188089
2018-11-29 15:30:00,-0.056068363433666946
2018-11-29 15:33:00,-0.11818466528296767
2018-11-29 15:36:00,0.13376702206585378
2018-11-29 15:39:00,0.1931423872920277
2018-11-29 15:42:00,0.11891597360448714
2018-11-29 15:45:00,0.14548360854490738
2018-11-29 15:48:00,0.2511723158339123
2018-11-29 15:51:00,0.05955279138754577
2018-11-29 15:54:00,0.046245229235523766
2018-11-29 15:57:00,0.042250585199212765
2018-11-29 16:00:00,0.19138535774294496
2018-11-29 16:03:00,0.17789306423640028
2018-11-29 16:06:00,0.15002671260577927
2018-11-29 16:09:00,0.20280449936348077
2018-11-29 16:12:00,0.21774132041571193
2018-11-29 16:15:00,0.1813199321011325
2018-11-29 16:18:00,0.02644409358805433
2018-11-29 16:21:00,0.05404773715071087
2018-11-29 16:24:00,0.22302780642127118
2018-11-29 16:27:00,0.057201837256513954
2018-11-29 16:30:00,0.2098890344406641
2018-11-29 16:33:00,0.14707458637025184
2018-11-29 16:36:00,0.19610518688853062
2018-11-29 16:39:00,0.2345994269253424
2018-11-29 16:42:00,0.09325071669309182
2018-11-29 16:45:00,-0.025568834127568607
2018-11-29 16:48:00,0.23778172051055435
2018-11-29 16:51:00,0.1801013138701819
2018-11-29 16:54:00,0.19061500336630388
2018-11-29 16:57:00,0.11032896995732244
2018-11-29 17:00:00,0.12578694571584492
2018-11-29 17:03:00,0.08378914222902267
2018-11-29 17:06:00,0.29125569868710954
2018-11-29 17:09:00,0.33466872994301866
2018-11-29 17:12:00,0.2243256563634759
2018-11-29 17:15:00,0.05823276758485463
2018-11-29 17:18:00,0.19234979285999998
2018-11-29 17:21:00,0.24817758744347884
2018-11-29 17:24:00,0.2431816898309762
2018-11-29 17:27:00,0.21607314347187412
2018-11-29 17:30:00,0.2078950664564445
2018-11-29 17:33:00,0.2973171010249871
2018-11-29 17:36:00,0.12842307956032073
2018-11-29 17:39:00,0.2666683638579457
2018-11-29 17:42:00,0.10934350118168368
2018-11-29 17:45:00,0.20130611526712983
2018-11-29 17:48:00,0.21006423204818248
2018-11-29 17:51:00,0.11532792787772905
2018-11-29 17:54:00,0.14957359514374957
2018-11-29 17:57:00,0.17729291509510858
2018-11-29 18:00:00,0.3005826375947436
2018-11-29 18:03:00,0.4392861110684976
2018-11-29 18:06:00,0.3576053716783463
2018-11-29 18:09:00,0.42833746993704835
2018-11-29 18:12:00,0.41129922914564077
2018-11-29 18:15:00,0.2966262416183554
2018-11-29 18:18:00,0.3508186220716425
2018-11-29 18:21:00,0.3697399189767907
2018-11-29 18:24:00,0.30819377077824583
2018-11-29 18:27:00,0.2922812103028605
2018-11-29 18:30:00,0.2922813742408721
2018-11-29 18:33:00,0.33266553944287125
2018-11-29 18:36:00,0.3490845150173527
2018-11-29 18:39:00,0.30948070180750165
2018-11-29 18:42:00,0.2995825478776055
2018-11-29 18:45:00,0.23355310355754
2018-11-29 18:48:00,0.25811346970857585
2018-11-29 18:51:00,0.29574265371996944
2018-11-29 18:54:00,
2018-11-29 18:57:00,
2018-11-29 19:00:00,
2018-11-29 19:03:00,0.21628420893682687
2018-11-29 19:06:00,0.15986707095839847
2018-11-29 19:09:00,0.18793840312326893
2018-11-29 19:12:00,0.22239268520513633
2018-11-29 19:15:00,0.305200145266042
2018-11-29 19:18:00,0.3065772254037711
2018-11-29 19:21:00,0.1937382249719235
2018-11-29 19:24:00,0.27703901017645194
2018-11-29 19:27:00,0.24021106799403924
2018-11-29 19:30:00,0.20716423952910645
2018-11-29 19:33:00,0.20498521508977774
2018-11-29 19:36:00,0.13996529089342857
2018-11-29 19:39:00,0.2438274977245669
2018-11-29 19:42:00,0.2361273515970197
2018-11-29 19:45:00,0.16391422647222953
2018-11-29 19:48:00,0.22671353836739172
2018-11-29 19:51:00,0.18055496928150205
2018-11-29 19:54:00,0.22319847273615778
2018-11-29 19:57:00,0.23605124148377854
2018-11-29 20:00:00,0.1776996756015592
2018-11-29 20:03:00,0.20665858002899995
2018-11-29 20:06:00,0.17682671533276562
2018-11-29 20:09:00,0.12991938279577653
2018-11-29 20:12:00,0.22973411661126875
2018-11-29 20:15:00,0.20486984628291793
2018-11-29 20:18:00,0.19690857186213861
2018-11-29 20:21:00,0.2050195866870581
2018-11-29 20:24:00,0.14457876576693707
2018-11-29 20:27:00,0.20098077151493499
2018-11-29 20:30:00,0.3054075704048387
2018-11-29 20:33:00,0.24961761280775363
2018-11-29 20:36:00,0.3171693878671249
2018-11-29 20:39:00,0.2040245309304396
2018-11-29 20:42:00,0.18517368926552535
2018-11-29 20:45:00,0.2626153834441993
2018-11-29 20:48:00,0.2856309636561605
2018-11-29 20:51:00,0.22411789962973216
2018-11-29 20:54:00,0.24697431888603205
2018-11-29 20:57:00,0.2325735228895951
2018-11-29 21:00:00,0.1205991257114647
2018-11-29 21:03:00,0.1753225488085377
2018-11-29 21:06:00,0.14877987797581227
2018-11-29 21:09:00,0.1955784454914351
2018-11-29 21:12:00,0.19880066775402838
2018-11-29 21:15:00,0.24960292569977582
2018-11-29 21:18:00,0.10875232332767837
2018-11-29 21:21:00,0.20027280641994594
2018-11-29 21:24:00,0.13026046081665754
2018-11-29 21:27:00,0.19361526945345986
2018-11-29 21:30:00,0.2589745283231082
2018-11-29 21:33:00,0.22636262889244563
2018-11-29 21:36:00,0.16706540278090642
2018-11-29 21:39:00,0.27480003175747925
2018-11-29 21:42:00,0.24086791016191
2018-11-29 21:45:00,0.3646442424198426
2018-11-29 21:48:00,0.19671311438958128
2018-11-29 21:51:00,0.17958757539679482
2018-11-29 21:54:00,0.2723213086727583
2018-11-29 21:57:00,0.268260639760058
2018-11-29 22:00:00,0.33220215610083415
2018-11-29 22:03:00,0.24925460293320612
2018-11-29 22:06:00,0.2739281337723014
2018-11-29 22:09:00,0.26501893081183425
2018-11-29 22:12:00,0.2945083052072164
2018-11-29 22:15:00,0.15086676667016263
2018-11-29 22:18:00,0.16548942712228154
2018-11-29 22:21:00,0.2475969939197853
2018-11-29 22:24:00,0.3054784375315194
2018-11-29 22:27:00,0.3026164580442128
2018-11-29 22:30:00,0.3053075833246339
2018-11-29 22:33:00,0.3036869521706649
2018-11-29 22:36:00,0.2612150750160822
2018-11-29 22:39:00,0.21461352800685063
2018-11-29 22:42:00,0.20383466658989846
2018-11-29 22:45:00,0.2800649358757141
2018-11-29 22:48:00,0.18518225339818173
2018-11-29 22:51:00,0.2869594475585018
2018-11-29 22:54:00,0.255046723163332
2018-11-29 22:57:00,0.24690597692216443
2018-11-29 23:00:00,0.1936070962890426
2018-11-29 23:03:00,0.533659909962239
2018-11-29 23:06:00,0.38332534645479655
2018-11-29 23:09:00,0.3145399383298013
2018-11-29 23:12:00,0.3517519258060702
2018-11-29 23:15:00,0.3605549694781871
2018-11-29 23:18:00,0.4494604017818915
2018-11-29 23:21:00,0.4454490467016399
2018-11-29 23:24:00,0.5466254904270613
2018-11-29 23:27:00,0.4857253748504604
2018-11-29 23:30:00,0.3774052165675812
2018-11-29 23:33:00,0.4114474040018763
2018-11-29 23:36:00,0.26538707640395387
2018-11-29 23:39:00,0.1936687878213661
2018-11-29 23:42:00,0.19120401301279344
2018-11-29 23:45:00,0.21116181329398387
2018-11-29 23:48:00,0.24840174501429146
2018-11-29 23:51:00,0.20086362797445645
2018-11-29 23:54:00,0.1912658727515577
2018-11-29 23:57:00,0.17077800333709092
2018-11-30 00:00:00,0.23735152588710662
2018-11-30 00:03:00,0.25829559115095435
2018-11-30 00:06:00,0.22799155811253513
2018-11-30 00:09:00,0.25478050936152385
2018-11-30 00:12:00,0.22040774766230697
2018-11-30 00:15:00,0.33075438213103325
2018-11-30 00:18:00,0.2970787538620243
2018-11-30 00:21:00,0.25175217004868955
2018-11-30 00:24:00,0.42180583019683127
2018-11-30 00:27:00,0.2624171128929902
2018-11-30 00:30:00,0.3518641020176574
2018-11-30 00:33:00,0.4097835583814913
2018-11-30 00:36:00,0.28690638418072467
2018-11-30 00:39:00,0.36089960641010066
2018-11-30 00:42:00,0.35770025214452517
2018-11-30 00:45:00,0.3249888922944706
2018-11-30 00:48:00,0.3177416398232822
2018-11-30 00:51:00,0.14691107605517573
2018-11-30 00:54:00,0.309842574480399
2018-11-30 00:57:00,0.3639667306463821
2018-11-30 01:00:00,0.2838374931964154
2018-11-30 01:03:00,0.3190728095455597
2018-11-30 01:06:00,0.22759021564019122
2018-11-30 01:09:00,0.2641943805582514
2018-11-30 01:12:00,0.3247982048433755
2018-11-30 01:15:00,0.2469285661346703
2018-11-30 01:18:00,0.2451555913801826
2018-11-30 01:21:00,0.2801823721265464
2018-11-30 01:24:00,0.2581068470062178
2018-11-30 01:27:00,0.2863337468980376
2018-11-30 01:30:00,0.23245737237112962
2018-11-30 01:33:00,0.13812262976244938
2018-11-30 01:36:00,0.23096828415509663
2018-11-30 01:39:00,0.3033195451822621
2018-11-30 01:42:00,0.18922372218213468
2018-11-30 01:45:00,0.2895133143753128
2018-11-30 01:48:00,0.28532223320502226
2018-11-30 01:51:00,0.20239811886062853
2018-11-30 01:54:00,0.2936333533075981
2018-11-30 01:57:00,0.20291218895994234
2018-11-30 02:00:00,0.3132565108771246
2018-11-30 02:03:00,0.29921552924150774
2018-11-30 02:06:00,0.2965893369440664
2018-11-30 02:09:00,0.28125211160084973
2018-11-30 02:12:00,0.2770503925837602
2018-11-30 02:15:00,0.278099986399468
2018-11-30 02:18:00,0.30191402658147126
2018-11-30 02:21:00,0.32049139434656126
2018-11-30 02:24:00,0.29580307609529655
2018-11-30 02:27:00,0.3478199499261905
2018-11-30 02:30:00,0.32138897740168204
2018-11-30 02:33:00,0.24975204117964722
2018-11-30 02:36:00,0.2285713500762654
2018-11-30 02:39:00,0.26691321306140026
2018-11-30 02:42:00,0.2562559672956013
2018-11-30 02:45:00,0.2717288216781526
2018-11-30 02:48:00,0.3228566859314128
2018-11-30 02:51:00,0.3621818080496837
2018-11-30 02:54:00,0.38075351207754693
2018-11-30 02:57:00,0.30892813448298284
2018-11-30 03:00:00,0.33731470945883757
2018-11-30 03:03:00,0.320529758191924
2018-11-30 03:06:00,0.35779804709716245
2018-11-30 03:09:00,0.39764959503281716
2018-11-30 03:12:00,0.39573101870371374
2018-11-30 03:15:00,0.3780167580286502
2018-11-30 03:18:00,0.5388821412780089
2018-11-30 03:21:00,0.47561220812099236
2018-11-30 03:24:00,0.5024039742984314
2018-11-30 03:27:00,0.432276741340047
2018-11-30 03:30:00,0.393179165581671
2018-11-30 03:33:00,0.4092409871641962
2018-11-30 03:36:00,0.40666340275151924
2018-11-30 03:39:00,0.30546274109684646
2018-11-30 03:42:00,0.19795188675749387
2018-11-30 03:45:00,0.33264837490582977
2018-11-30 03:48:00,0.33826717842725884
2018-11-30 03:51:00,0.3183388087913386
2018-11-30 03:54:00,0.34732489193584115
2018-11-30 03:57:00,0.2517481359245721
2018-11-30 04:00:00,0.4512763390897021
2018-11-30 04:03:00,0.385312252326969
2018-11-30 04:06:00,0.4554907318128585
2018-11-30 04:09:00,0.5116565372572381
2018-11-30 04:12:00,0.4992434601397804
2018-11-30 04:15:00,0.4865507202351864
2018-11-30 04:18:00,0.5394708300044044
2018-11-30 04:21:00,0.4092476234581568
2018-11-30 04:24:00,0.38204997622017345
2018-11-30 04:27:00,0.44908304573561963
2018-11-30 04:30:00,0.29075634157163677
2018-11-30 04:33:00,0.3456761481859303
2018-11-30 04:36:00,0.3057498699149619
2018-11-30 04:39:00,0.3543542167139435
2018-11-30 04:42:00,0.5333456488516504
2018-11-30 04:45:00,0.43236494594930264
2018-11-30 04:48:00,0.4568608330718007
2018-11-30 04:51:00,0.43739620024746273
2018-11-30 04:54:00,0.3803088292458483
2018-11-30 04:57:00,0.38961574411570155
2018-11-30 05:00:00,0.36002642029876597
2018-11-30 05:03:00,0.3817265945461372
2018-11-30 05:06:00,0.3974059684957183
2018-11-30 05:09:00,0.31950275403829664
2018-11-30 05:12:00,0.378836278606002
2018-11-30 05:15:00,0.3661804273432949
2018-11-30 05:18:00,0.3946030406332284
2018-11-30 05:21:00,0.409804208526225
2018-11-30 05:24:00,0.3396398875748332
2018-11-30 05:27:00,0.326818719946516
2018-11-30 05:30:00,0.43158458654716014
2018-11-30 05:33:00,0.3567232109198244
2018-11-30 05:36:00,0.30225142333665644
2018-11-30 05:39:00,0.32183788961134496
2018-11-30 05:42:00,0.28629041060918325
2018-11-30 05:45:00,0.3269754299994929
2018-11-30 05:48:00,0.26382117748698874
2018-11-30 05:51:00,0.262127715473639
2018-11-30 05:54:00,0.2855211682955314
2018-11-30 05:57:00,0.26906463929020674
2018-11-30 06:00:00,0.25286532737385414
2018-11-30 06:03:00,0.15971441615448612
2018-11-30 06:06:00,0.17503178711803002
2018-11-30 06:09:00,0.26581378595437855
2018-11-30 06:12:00,0.3200045460205274
2018-11-30 06:15:00,0.22515487277024704
2018-11-30 06:18:00,0.26325490008235874
2018-11-30 06:21:00,0.27986271825579934
2018-11-30 06:24:00,0.2592759288879165
2018-11-30 06:27:00,0.2582590820223345
2018-11-30 06:30:00,0.2769634993011323
2018-11-30 06:33:00,0.2994064497453337
2018-11-30 06:36:00,0.359454700560093
2018-11-30 06:39:00,0.24403014842516768
2018-11-30 06:42:00,0.3051253073222142
2018-11-30 06:45:00,0.34504185103457985
2018-11-30 06:48:00,0.27771536213646186
2018-11-30 06:51:00,0.31189528895350804
2018-11-30 06:54:00,0.304510643503761
2018-11-30 06:57:00,0.28701964720016804
2018-11-30 07:00:00,0.37261004724291524
2018-11-30 07:03:00,0.2678556971069952
2018-11-30 07:06:00,0.2654706240679161
2018-11-30 07:09:00,0.32374703263423044
2018-11-30 07:12:00,0.2590346351269659
2018-11-30 07:15:00,0.3171360045485585
2018-11-30 07:18:00,0.41567650985217597
2018-11-30 07:21:00,0.3625992901808104
2018-11-30 07:24:00,0.29171908317874795
2018-11-30 07:27:00,0.3180718970759244
2018-11-30 07:30:00,0.3645016052262804
2018-11-30 07:33:00,0.4288960095097991
2018-11-30 07:36:00,0.41536216605425125
2018-11-30 07:39:00,0.3850537934937961
2018-11-30 07:42:00,0.2827506592319651
2018-11-30 07:45:00,0.29366015088601216
2018-11-30 07:48:00,0.31993411430613605
2018-11-30 07:51:00,0.36660024470489816
2018-11-30 07:54:00,0.3070788780996736
2018-11-30 07:57:00,0.3290247969455322
2018-11-30 08:00:00,0.344666381518266
2018-11-30 08:03:00,0.23431537566324323
2018-11-30 08:06:00,0.3708311477324173
2018-11-30 08:09:00,0.37367033368076363
2018-11-30 08:12:00,0.3598146098000825
2018-11-30 08:15:00,0.24053880116008486
2018-11-30 08:18:00,0.3389843294810362
2018-11-30 08:21:00,0.29798623507542743
2018-11-30 08:24:00,0.1925111179454575
2018-11-30 08:27:00,0.2604782231314289
2018-11-30 08:30:00,0.266304312658292
2018-11-30 08:33:00,0.25856963330659255
2018-11-30 08:36:00,0.27945461511359326
2018-11-30 08:39:00,0.28395753732900175
2018-11-30 08:42:00,0.3797668072317606
2018-11-30 08:45:00,0.2725516692337351
2018-11-30 08:48:00,0.35391297441003644
2018-11-30 08:51:00,0.22723246055556956
2018-11-30 08:54:00,0.3158885811691903
2018-11-30 08:57:00,0.21666340517072058
2018-11-30 09:00:00,0.2901594095225164
2018-11-30 09:03:00,0.2277978846598785
2018-11-30 09:06:00,0.14543106462599553
2018-11-30 09:09:00,0.1009823758231505
2018-11-30 09:12:00,0.1536043180562956
2018-11-30 09:15:00,0.16833416983814686
2018-11-30 09:18:00,0.199758903433235
2018-11-30 09:21:00,0.2559914592745258
2018-11-30 09:24:00,0.1301977887790713
2018-11-30 09:27:00,0.10656301198332585
2018-11-30 09:30:00,0.13750228614367188
2018-11-30 09:33:00,0.10365150603371376
2018-11-30 09:36:00,0.1917392896449428
2018-11-30 09:39:00,0.1516875717833841
2018-11-30 09:42:00,0.16437307368187248
2018-11-30 09:45:00,0.14351798786339032
2018-11-30 09:48:00,0.043244477663790803
2018-11-30 09:51:00,0.15775197833767152
2018-11-30 09:54:00,0.1464768461771655
2018-11-30 09:57:00,0.04788555120489946
2018-11-30 10:00:00,0.03851015025600191
2018-11-30 10:03:00,-0.023862272795952322
2018-11-30 10:06:00,0.046389043182898604
2018-11-30 10:09:00,0.015993658262971167
2018-11-30 10:12:00,-0.06645158136353757
2018-11-30 10:15:00,0.06886696432047756
2018-11-30 10:18:00,-0.007936032197960685
2018-11-30 10:21:00,0.029860467499929655
2018-11-30 10:24:00,0.029537065814281505
2018-11-30 10:27:00,0.010816283698545703
2018-11-30 10:30:00,0.02310510597811799
2018-11-30 10:33:00,-0.023138457957770697
2018-11-30 10:36:00,0.0008108883781119403
2018-11-30 10:39:00,0.08464999033935783
2018-11-30 10:42:00,0.05896618827563316
2018-11-30 10:45:00,0.01378231320040868
2018-11-30 10:48:00,-0.03602298940182891
2018-11-30 10:51:00,0.039738106062031875
2018-11-30 10:54:00,0.04963744738375908
2018-11-30 10:57:00,0.016626161201543255
2018-11-30 11:00:00,-0.0896411000187527
2018-11-30 11:03:00,-0.19149243370952718
2018-11-30 11:06:00,-0.12789041804171575
2018-11-30 11:09:00,-0.17154451973186724
2018-11-30 11:12:00,-0.08191342061894602
2018-11-30 11:15:00,-0.20411097145728263
2018-11-30 11:18:00,-0.11687393452450578
2018-11-30 11:21:00,-0.17081787843875418
2018-11-30 11:24:00,-0.07436754466027651
2018-11-30 11:27:00,-0.09118899523065238
2018-11-30 11:30:00,-0.0968324417523263
2018-11-30 11:33:00,-0.10918277531328613
2018-11-30 11:36:00,-0.08272623415666658
2018-11-30 11:39:00,-0.061485886752734586
2018-11-30 11:42:00,-0.10147233423703028
2018-11-30 11:45:00,-0.21174163477479624
2018-11-30 11:48:00,-0.1639359315969955
2018-11-30 11:51:00,-0.17855182577670803
2018-11-30 11:54:00,-0.2492293301207269
2018-11-30 11:57:00,-0.20836618304139165
2018-11-30 12:00:00,-0.2669315872918787
2018-11-30 12:03:00,-0.34186509849138247
2018-11-30 12:06:00,-0.31805657997227854
2018-11-30 12:09:00,-0.24157909734026362
2018-11-30 12:12:00,-0.24747608068696536
2018-11-30 12:15:00,-0.29854982730967095
2018-11-30 12:18:00,-0.3361193719092057
2018-11-30 12:21:00,-0.24896121293249962
2018-11-30 12:24:00,-0.28886472347829795
2018-11-30 12:27:00,-0.2652812773782216
2018-11-30 12:30:00,-0.19085228268460241
2018-11-30 12:33:00,-0.40360107626116815
2018-11-30 12:36:00,-0.3129495828555946
2018-11-30 12:39:00,-0.16613611468454792
2018-11-30 12:42:00,-0.33333086176526194
2018-11-30 12:45:00,-0.27571101345535
2018-11-30 12:48:00,-0.27786767632653664
2018-11-30 12:51:00,-0.2666665079311201
2018-11-30 12:54:00,-0.28152080817568503
2018-11-30 12:57:00,-0.17219165426598693
2018-11-30 13:00:00,-0.1854752841170466
2018-11-30 13:03:00,-0.1948693714088563
2018-11-30 13:06:00,-0.10615317543476976
2018-11-30 13:09:00,-0.18639202993125537
2018-11-30 13:12:00,-0.04179995995889385
2018-11-30 13:15:00,-0.07867172467950923
2018-11-30 13:18:00,-0.1108320260229334
2018-11-30 13:21:00,-0.21036714935911505
2018-11-30 13:24:00,-0.06620122112002491
2018-11-30 13:27:00,0.08803471380167593
2018-11-30 13:30:00,-0.07298402434497575
2018-11-30 13:33:00,0.0004541085934306466
2018-11-30 13:36:00,-0.03437913324097508
2018-11-30 13:39:00,0.12120280215134471
2018-11-30 13:42:00,-0.07872522696885653
2018-11-30 13:45:00,-0.04190266144814814
2018-11-30 13:48:00,-0.13623729906282733
2018-11-30 13:51:00,-0.19934596309093422
2018-11-30 13:54:00,-0.12815963672812813
2018-11-30 13:57:00,-0.10580306781673698
2018-11-30 14:00:00,0.01964810608797052
2018-11-30 14:03:00,-0.09541787683838265
2018-11-30 14:06:00,-0.1328224721364677
2018-11-30 14:09:00,-0.20233695917204386
2018-11-30 14:12:00,-0.28657719111350843
2018-11-30 14:15:00,-0.22569497709366715
2018-11-30 14:18:00,-0.2732939356833981
2018-11-30 14:21:00,-0.1600374806915852
2018-11-30 14:24:00,-0.03462941276603715
2018-11-30 14:27:00,-0.0835440690169662
2018-11-30 14:30:00,-0.03613578623401281
2018-11-30 14:33:00,-0.1163351744601755
2018-11-30 14:36:00,-0.09617214763170523
2018-11-30 14:39:00,-0.1615485502559295
2018-11-30 14:42:00,-0.11984361953773259
2018-11-30 14:45:00,-0.025058573475917
2018-11-30 14:48:00,-0.07024297812148461
2018-11-30 14:51:00,-0.13344627581659552
2018-11-30 14:54:00,-0.180862542369141
2018-11-30 14:57:00,0.02379606841941495
2018-11-30 15:00:00,0.009736481475442815
2018-11-30 15:03:00,-0.13653251159479396
2018-11-30 15:06:00,-0.048607841108548655
2018-11-30 15:09:00,-0.001725492319053501
2018-11-30 15:12:00,0.09489991251717811
2018-11-30 15:15:00,0.10258719993908016
2018-11-30 15:18:00,0.16229953892843696
2018-11-30 15:21:00,0.10728869458364443
2018-11-30 15:24:00,0.006651938592256101
2018-11-30 15:27:00,0.10418843628968943
2018-11-30 15:30:00,0.07399119153694755
2018-11-30 15:33:00,0.2635966408031436
2018-11-30 15:36:00,0.3574467605553764
2018-11-30 15:39:00,0.3334536703413278
2018-11-30 15:42:00,0.3943286290115111
2018-11-30 15:45:00,0.28746341840667355
2018-11-30 15:48:00,0.32009459050186706
2018-11-30 15:51:00,0.3326166118134779
2018-11-30 15:54:00,0.1789900326726297
2018-11-30 15:57:00,0.2653346044243676
2018-11-30 16:00:00,0.32466879312886476
2018-11-30 16:03:00,0.29262072893874347
2018-11-30 16:06:00,0.2731297171534379
2018-11-30 16:09:00,0.3314435967125746
2018-11-30 16:12:00,0.22451416757286324
2018-11-30 16:15:00,0.22510313922322212
2018-11-30 16:18:00,0.2553405942691711
2018-11-30 16:21:00,0.2974328943474802
2018-11-30 16:24:00,0.2897403800415077
2018-11-30 16:27:00,0.29089241738694227
2018-11-30 16:30:00,0.19641991281531546
2018-11-30 16:33:00,0.22750088295561
2018-11-30 16:36:00,0.2226988454959269
2018-11-30 16:39:00,0.17851156745348362
2018-11-30 16:42:00,0.30310427059401945
2018-11-30 16:45:00,0.19768167934648773
2018-11-30 16:48:00,0.22633587018651724
2018-11-30 16:51:00,0.1175637952118791
2018-11-30 16:54:00,0.28221062109372497
2018-11-30 16:57:00,0.13860305467323997
2018-11-30 17:00:00,0.14552900462433627
2018-11-30 17:03:00,0.15010065102075032
2018-11-30 17:06:00,0.17377994752536097
2018-11-30 17:09:00,0.11907966608532661
2018-11-30 17:12:00,0.19141363885825058
2018-11-30 17:15:00,0.056150588846151095
2018-11-30 17:18:00,0.16755479724571387
2018-11-30 17:21:00,0.22870038963429806
2018-11-30 17:24:00,0.15489416342359164
2018-11-30 17:27:00,0.2499789115286717
2018-11-30 17:30:00,0.1629123950245912
2018-11-30 17:33:00,0.0526815208871767
2018-11-30 17:36:00,0.32462159923784384
2018-11-30 17:39:00,0.1453211416650788
2018-11-30 17:42:00,0.10166727466167913
2018-11-30 17:45:00,0.10692701175753427
2018-11-30 17:48:00,0.23277674045419872
2018-11-30 17:51:00,0.19046418588010283
2018-11-30 17:54:00,0.26272480691943656
2018-11-30 17:57:00,0.6051286644284914
2018-11-30 18:00:00,0.6842645837146506
2018-11-30 18:03:00,0.5817661534740068
2018-11-30 18:06:00,0.6498940425967135
2018-11-30 18:09:00,0.6984492407165703
2018-11-30 18:12:00,0.706173024406894
2018-11-30 18:15:00,0.718882162010118
2018-11-30 18:18:00,0.7191244634659597
2018-11-30 18:21:00,0.6389153140946746
2018-11-30 18:24:00,0.6504169812761802
2018-11-30 18:27:00,0.6032564352108238
2018-11-30 18:30:00,0.35304250879227084
2018-11-30 18:33:00,0.3234075913171637
2018-11-30 18:36:00,0.39800290051772436
2018-11-30 18:39:00,0.2604550354602111
2018-11-30 18:42:00,0.40036203170109275
2018-11-30 18:45:00,0.5007597971757605
2018-11-30 18:48:00,0.43364163048329374
2018-11-30 18:51:00,0.6274737381554019
2018-11-30 18:54:00,
2018-11-30 18:57:00,
2018-11-30 19:00:00,
2018-11-30 19:03:00,0.5398750152592697
2018-11-30 19:06:00,0.27052443077667476
2018-11-30 19:09:00,0.24317989487747127
2018-11-30 19:12:00,0.35158293878657787
2018-11-30 19:15:00,0.4378601736702876
2018-11-30 19:18:00,0.3127504429788246
2018-11-30 19:21:00,0.33765869482505195
2018-11-30 19:24:00,0.2830924537508963
2018-11-30 19:27:00,0.31878118554618595
2018-11-30 19:30:00,0.3272756013811886
2018-11-30 19:33:00,0.23227641630126072
2018-11-30 19:36:00,0.35449094829084515
2018-11-30 19:39:00,0.3026017116509365
2018-11-30 19:42:00,0.26832574650444485
2018-11-30 19:45:00,0.3692674026950158
2018-11-30 19:48:00,0.3061813608956072
2018-11-30 19:51:00,0.27749942923065873
2018-11-30 19:54:00,0.22268880235367305
2018-11-30 19:57:00,0.20951563990564637
2018-11-30 20:00:00,0.33960072021272936
2018-11-30 20:03:00,0.23776568512653284
2018-11-30 20:06:00,0.2687777642490232
2018-11-30 20:09:00,0.16847987071889747
2018-11-30 20:12:00,0.25642818736076833
2018-11-30 20:15:00,0.1966039669699171
2018-11-30 20:18:00,0.27676654352558216
2018-11-30 20:21:00,0.33272994796499233
2018-11-30 20:24:00,0.1859579262639386
2018-11-30 20:27:00,0.2470161465527667
2018-11-30 20:30:00,0.2317516808636242
2018-11-30 20:33:00,0.21631974548506605
2018-11-30 20:36:00,0.2479797083815356
2018-11-30 20:39:00,0.20044336189590695
2018-11-30 20:42:00,0.26055325809863916
2018-11-30 20:45:00,0.2758035827441745
2018-11-30 20:48:00,0.28028791467107794
2018-11-30 20:51:00,0.24414959982391338
2018-11-30 20:54:00,0.28810667565880976
2018-11-30 20:57:00,0.2802140328712994
2018-11-30 21:00:00,0.18834744451498864
2018-11-30 21:03:00,0.20154557171929355
2018-11-30 21:06:00,0.1372460128462194
2018-11-30 21:09:00,0.25487341356739535
2018-11-30 21:12:00,0.21789377571911928
2018-11-30 21:15:00,0.26658231852263725
2018-11-30 21:18:00,0.26405885000849594
2018-11-30 21:21:00,0.16935856325994791
2018-11-30 21:24:00,0.2510316755468125
2018-11-30 21:27:00,0.1674153249807091
2018-11-30 21:30:00,0.21004635740240474
2018-11-30 21:33:00,0.22359013712718934
2018-11-30 21:36:00,0.24894944407219555
2018-11-30 21:39:00,0.21355535778343437
2018-11-30 21:42:00,0.28173681976483067
2018-11-30 21:45:00,0.20658387769663022
2018-11-30 21:48:00,0.30014071474892035
2018-11-30 21:51:00,0.3275068739447988
2018-11-30 21:54:00,0.22994219897310586
2018-11-30 21:57:00,0.28745766923316296
2018-11-30 22:00:00,0.28502321584147694
2018-11-30 22:03:00,0.32656053578426736
2018-11-30 22:06:00,0.30350774667931546
2018-11-30 22:09:00,0.31442113179275566
2018-11-30 22:12:00,0.2423241753818388
2018-11-30 22:15:00,0.3156171670296999
2018-11-30 22:18:00,0.38273360092188113
2018-11-30 22:21:00,0.3315692265380221
2018-11-30 22:24:00,0.38014690635037596
2018-11-30 22:27:00,0.25077204803380937
2018-11-30 22:30:00,0.2521108986146601
2018-11-30 22:33:00,0.26376791759776097
2018-11-30 22:36:00,0.3195519312280908
2018-11-30 22:39:00,0.2766815822471358
2018-11-30 22:42:00,0.39826953736394444
2018-11-30 22:45:00,0.27553498575485946
2018-11-30 22:48:00,0.19529890871103817
2018-11-30 22:51:00,0.19992018260381883
2018-11-30 22:54:00,0.20474319302445565
2018-11-30 22:57:00,0.2530530384038343
2018-11-30 23:00:00,0.22746830144774322
2018-11-30 23:03:00,0.31360822295283697
2018-11-30 23:06:00,0.2982566896305343
2018-11-30 23:09:00,0.2859555351096219
2018-11-30 23:12:00,0.29662024700428447
2018-11-30 23:15:00,0.339814556238764
2018-11-30 23:18:00,0.2587323452865462
2018-11-30 23:21:00,0.27469224770874234
2018-11-30 23:24:00,0.29981880584853116
2018-11-30 23:27:00,0.19031786520878313
2018-11-30 23:30:00,0.18174229493649818
2018-11-30 23:33:00,0.2107270825970886
2018-11-30 23:36:00,0.3297950310751503
2018-11-30 23:39:00,0.3158870745011768
2018-11-30 23:42:00,0.22129867643968737
2018-11-30 23:45:00,0.22865060302740403
2018-11-30 23:48:00,0.17611857049053015
2018-11-30 23:51:00,0.25064246532707557
2018-11-30 23:54:00,0.284414120705037
2018-11-30 23:57:00,0.2297235705476055
2018-12-01 00:00:00,0.23455749952324823
2018-12-01 00:03:00,0.2702669967904967
2018-12-01 00:06:00,0.22150154897832408
2018-12-01 00:09:00,0.2409866009113557
2018-12-01 00:12:00,0.36947823874731966
2018-12-01 00:15:00,0.3016568128099948
2018-12-01 00:18:00,0.2177139364712275
2018-12-01 00:21:00,0.34799939157704785
2018-12-01 00:24:00,0.2574644387168519
2018-12-01 00:27:00,0.26104250494989856
2018-12-01 00:30:00,0.2584676435512847
2018-12-01 00:33:00,0.2542233923073809
2018-12-01 00:36:00,0.28113536027825603
2018-12-01 00:39:00,0.2457658423815019
2018-12-01 00:42:00,0.27950659383157017
2018-12-01 00:45:00,0.2488686703620715
2018-12-01 00:48:00,0.31782155266716927
2018-12-01 00:51:00,0.31092356092671025
2018-12-01 00:54:00,0.28474284280287065
2018-12-01 00:57:00,0.2739059099120027
2018-12-01 01:00:00,0.27837976383443674
2018-12-01 01:03:00,0.2594411180899101
2018-12-01 01:06:00,0.28589629209460554
2018-12-01 01:09:00,0.3121317473338081
2018-12-01 01:12:00,0.23930565291493622
2018-12-01 01:15:00,0.2649639591687105
2018-12-01 01:18:00,0.2843687372633781
2018-12-01 01:21:00,0.20730955083513436
2018-12-01 01:24:00,0.2881515378029462
2018-12-01 01:27:00,0.2923788668350653
2018-12-01 01:30:00,0.3049343540602081
2018-12-01 01:33:00,0.29079416683867976
2018-12-01 01:36:00,0.3384176950592064
2018-12-01 01:39:00,0.29419124642265615
2018-12-01 01:42:00,0.262003154158549
2018-12-01 01:45:00,0.21575206959846582
2018-12-01 01:48:00,0.28335145346136414
2018-12-01 01:51:00,0.2566116328736143
2018-12-01 01:54:00,0.26951486912912515
2018-12-01 01:57:00,0.28094609300103457
2018-12-01 02:00:00,0.1639147012290323
2018-12-01 02:03:00,0.2732200840762289
2018-12-01 02:06:00,0.24249337740411647
2018-12-01 02:09:00,0.27805324062660475
2018-12-01 02:12:00,0.3322450716215144
2018-12-01 02:15:00,0.301605340916808
2018-12-01 02:18:00,0.2916728385237093
2018-12-01 02:21:00,0.36012103698845976
2018-12-01 02:24:00,0.30630663697280625
2018-12-01 02:27:00,0.3581866719121649
2018-12-01 02:30:00,0.2839812521448266
2018-12-01 02:33:00,0.20263892859395582
2018-12-01 02:36:00,0.32155171160400187
2018-12-01 02:39:00,0.3980361652185138
2018-12-01 02:42:00,0.2226603336368953
2018-12-01 02:45:00,0.3689166286100658
2018-12-01 02:48:00,0.38784900803312894
2018-12-01 02:51:00,0.3110639960321464
2018-12-01 02:54:00,0.3688301166952215
2018-12-01 02:57:00,0.35641103220348214
2018-12-01 03:00:00,0.3154467391186131
2018-12-01 03:03:00,0.35348391780252086
2018-12-01 03:06:00,0.30529473561233544
2018-12-01 03:09:00,0.36318820576275357
2018-12-01 03:12:00,0.3228400753830556
2018-12-01 03:15:00,0.36207379090404856
2018-12-01 03:18:00,0.3796913194394733
2018-12-01 03:21:00,0.33228146396118063
2018-12-01 03:24:00,0.36183905531243
2018-12-01 03:27:00,0.3565919912772415
2018-12-01 03:30:00,0.3138743184921964
2018-12-01 03:33:00,0.4002809639967495
2018-12-01 03:36:00,0.3023002438666822
2018-12-01 03:39:00,0.31959613687439514
2018-12-01 03:42:00,0.3295895969935714
2018-12-01 03:45:00,0.31337268012129016
2018-12-01 03:48:00,0.3438069709662841
2018-12-01 03:51:00,0.3236056411806203
2018-12-01 03:54:00,0.3172640574761658
2018-12-01 03:57:00,0.3939810134319828
2018-12-01 04:00:00,0.272535663512258
2018-12-01 04:03:00,0.3481828903744031
2018-12-01 04:06:00,0.270198928162813
2018-12-01 04:09:00,0.361820829513988
2018-12-01 04:12:00,0.2809725540563477
2018-12-01 04:15:00,0.3568689026350853
2018-12-01 04:18:00,0.3882002552525705
2018-12-01 04:21:00,0.40647574308928824
2018-12-01 04:24:00,0.3276740825276079
2018-12-01 04:27:00,0.3558066967012792
2018-12-01 04:30:00,0.43092386693399476
2018-12-01 04:33:00,0.364050673962538
2018-12-01 04:36:00,0.4130875728831711
2018-12-01 04:39:00,0.3912413765208953
2018-12-01 04:42:00,0.4357359282598168
2018-12-01 04:45:00,0.44814698298296207
2018-12-01 04:48:00,0.38998814627234424
2018-12-01 04:51:00,0.47256905620542966
2018-12-01 04:54:00,0.38579273086361354
2018-12-01 04:57:00,0.4077916313232208
2018-12-01 05:00:00,0.3562882271428407
2018-12-01 05:03:00,0.4004656192159928
2018-12-01 05:06:00,0.34924228118347855
2018-12-01 05:09:00,0.4694734661730422
2018-12-01 05:12:00,0.40253903134760094
2018-12-01 05:15:00,0.4462186966339914
2018-12-01 05:18:00,0.28156078993049505
2018-12-01 05:21:00,0.3608081942695094
2018-12-01 05:24:00,0.4270175652469561
2018-12-01 05:27:00,0.38489167840253913
2018-12-01 05:30:00,0.3531702530544294
2018-12-01 05:33:00,0.42127574356095465
2018-12-01 05:36:00,0.40996508007361854
2018-12-01 05:39:00,0.32046947051975394
2018-12-01 05:42:00,0.4278697768881443
2018-12-01 05:45:00,0.4414156295046041
2018-12-01 05:48:00,0.38554888479040983
2018-12-01 05:51:00,0.37969705900400186
2018-12-01 05:54:00,0.40302856163242495
2018-12-01 05:57:00,0.3628369531371618
2018-12-01 06:00:00,0.34095063339606213
2018-12-01 06:03:00,0.36448662434958123
2018-12-01 06:06:00,0.4941615923177096
2018-12-01 06:09:00,0.3978911071242237
2018-12-01 06:12:00,0.3179355936937327
2018-12-01 06:15:00,0.31545580170569565
2018-12-01 06:18:00,0.3404233012544182
2018-12-01 06:21:00,0.35709279604560606
2018-12-01 06:24:00,0.38734128781391064
2018-12-01 06:27:00,0.353684430502085
2018-12-01 06:30:00,0.36940349354455293
2018-12-01 06:33:00,0.3436949165279657
2018-12-01 06:36:00,0.29094171474707764
2018-12-01 06:39:00,0.3675650786872211
2018-12-01 06:42:00,0.28095740669124325
2018-12-01 06:45:00,0.44799805202330845
2018-12-01 06:48:00,0.38665295133131394
2018-12-01 06:51:00,0.35469547066054474
2018-12-01 06:54:00,0.29164888693770763
2018-12-01 06:57:00,0.3883641944547662
2018-12-01 07:00:00,0.32636808620441116
2018-12-01 07:03:00,0.38025524384596565
2018-12-01 07:06:00,0.3325107140583441
2018-12-01 07:09:00,0.2669081483127229
2018-12-01 07:12:00,0.4030244899556692
2018-12-01 07:15:00,0.3571119806768479
2018-12-01 07:18:00,0.26475437538596225
2018-12-01 07:21:00,0.31719640482720024
2018-12-01 07:24:00,0.39910799473892666
2018-12-01 07:27:00,0.3592504279232003
2018-12-01 07:30:00,0.31289915544670066
2018-12-01 07:33:00,0.24950452915999222
2018-12-01 07:36:00,0.2911608716830756
2018-12-01 07:39:00,0.267852761287827
2018-12-01 07:42:00,0.2188445955592897
2018-12-01 07:45:00,0.2984997106175342
2018-12-01 07:48:00,0.3092324746781401
2018-12-01 07:51:00,0.2736516057684639
2018-12-01 07:54:00,0.29339908869911824
2018-12-01 07:57:00,0.36382112923894283
2018-12-01 08:00:00,0.39930050942388107
2018-12-01 08:03:00,0.3987478346470539
2018-12-01 08:06:00,0.3271743261207689
2018-12-01 08:09:00,0.3361570398760705
2018-12-01 08:12:00,0.4245919344022582
2018-12-01 08:15:00,0.2981853250643667
2018-12-01 08:18:00,0.33089138659005357
2018-12-01 08:21:00,0.24380913032649687
2018-12-01 08:24:00,0.3500086706173988
2018-12-01 08:27:00,0.3045976246005466
2018-12-01 08:30:00,0.294631252062743
2018-12-01 08:33:00,0.3396443760541956
2018-12-01 08:36:00,0.4855141385729098
2018-12-01 08:39:00,0.4338722856118693
2018-12-01 08:42:00,0.3608632067207509
2018-12-01 08:45:00,0.4259568679265726
2018-12-01 08:48:00,0.359481685794492
2018-12-01 08:51:00,0.294440932350426
2018-12-01 08:54:00,0.2589457998407738
2018-12-01 08:57:00,0.2938077840191795
2018-12-01 09:00:00,0.35938212188221996
2018-12-01 09:03:00,0.3156513436903765
2018-12-01 09:06:00,0.2802380766523811
2018-12-01 09:09:00,0.33183382996816135
2018-12-01 09:12:00,0.23103634726311384
2018-12-01 09:15:00,0.17942443543932995
2018-12-01 09:18:00,0.2454186298660943
2018-12-01 09:21:00,0.2320693974513688
2018-12-01 09:24:00,0.19469830314517367
2018-12-01 09:27:00,0.24915436489249032
2018-12-01 09:30:00,0.1232810952317891
2018-12-01 09:33:00,0.1957846019805629
2018-12-01 09:36:00,0.17937316855568497
2018-12-01 09:39:00,0.1840521241350075
2018-12-01 09:42:00,0.10104336587681928
2018-12-01 09:45:00,0.1301853619938811
2018-12-01 09:48:00,0.013115899302874823
2018-12-01 09:51:00,0.13146496422308473
2018-12-01 09:54:00,0.06155008871081691
2018-12-01 09:57:00,0.13606300647273883
2018-12-01 10:00:00,0.14035229245558867
2018-12-01 10:03:00,0.11161494209045486
2018-12-01 10:06:00,0.08670257362319944
2018-12-01 10:09:00,0.11021076218065673
2018-12-01 10:12:00,0.0781268693172592
2018-12-01 10:15:00,0.10522620935330451
2018-12-01 10:18:00,-0.04267326422075257
2018-12-01 10:21:00,-0.10349898882702746
2018-12-01 10:24:00,0.006034243303815856
2018-12-01 10:27:00,0.04026300343565481
2018-12-01 10:30:00,0.11512784448069624
2018-12-01 10:33:00,-0.013335210521290719
2018-12-01 10:36:00,0.004089925526102434
2018-12-01 10:39:00,0.0075834639223444356
2018-12-01 10:42:00,-0.10663573100538315
2018-12-01 10:45:00,-0.09150892285595091
2018-12-01 10:48:00,-0.08035643372073764
2018-12-01 10:51:00,-0.18716769909099185
2018-12-01 10:54:00,-0.031794161991058445
2018-12-01 10:57:00,-0.1469052244208342
2018-12-01 11:00:00,-0.16975495515384864
2018-12-01 11:03:00,-0.2582918497938067
2018-12-01 11:06:00,-0.1187005170535258
2018-12-01 11:09:00,-0.14172581904801973
2018-12-01 11:12:00,-0.16418949821735396
2018-12-01 11:15:00,-0.23496362416358352
2018-12-01 11:18:00,-0.28199684395485747
2018-12-01 11:21:00,-0.17507506350955282
2018-12-01 11:24:00,-0.22718135970717412
2018-12-01 11:27:00,-0.26049371387216524
2018-12-01 11:30:00,-0.21838068906441777
2018-12-01 11:33:00,-0.1830833786226549
2018-12-01 11:36:00,-0.17033445225439436
2018-12-01 11:39:00,-0.16987797340050292
2018-12-01 11:42:00,-0.2510443641325537
2018-12-01 11:45:00,-0.23020992184905253
2018-12-01 11:48:00,-0.29949782281016724
2018-12-01 11:51:00,-0.3517937746708526
2018-12-01 11:54:00,-0.2582344887644581
2018-12-01 11:57:00,-0.1651108850575156
2018-12-01 12:00:00,-0.07372943838123547
2018-12-01 12:03:00,-0.22321409262184488
2018-12-01 12:06:00,-0.21640755668471456
2018-12-01 12:09:00,-0.21469742994577246
2018-12-01 12:12:00,-0.25300258530131714
2018-12-01 12:15:00,-0.27168794247478445
2018-12-01 12:18:00,-0.3366956733328834
2018-12-01 12:21:00,-0.3414548171200522
2018-12-01 12:24:00,-0.26907445829772314
2018-12-01 12:27:00,-0.2745383301327706
2018-12-01 12:30:00,-0.13924809779888392
2018-12-01 12:33:00,-0.21906068454291017
2018-12-01 12:36:00,-0.1901635728030442
2018-12-01 12:39:00,-0.09999655848145039
2018-12-01 12:42:00,-0.14257292402186295
2018-12-01 12:45:00,-0.1546428389282255
2018-12-01 12:48:00,-0.20710382304372388
2018-12-01 12:51:00,-0.2617316932597191
2018-12-01 12:54:00,-0.22255957468883025
2018-12-01 12:57:00,-0.1421161223641434
2018-12-01 13:00:00,-0.24040140003654642
2018-12-01 13:03:00,-0.2289258976982751
2018-12-01 13:06:00,-0.1691976315954662
2018-12-01 13:09:00,-0.29108138702429187
2018-12-01 13:12:00,-0.29848351378251436
2018-12-01 13:15:00,-0.27918024863953406
2018-12-01 13:18:00,-0.23905202225546418
2018-12-01 13:21:00,-0.1484929504014758
2018-12-01 13:24:00,-0.17774720012130274
2018-12-01 13:27:00,-0.23778347430788926
2018-12-01 13:30:00,-0.13759456469438192
2018-12-01 13:33:00,-0.22148730279394613
2018-12-01 13:36:00,-0.23797616591326687
2018-12-01 13:39:00,-0.14950880292337843
2018-12-01 13:42:00,-0.13634011050811523
2018-12-01 13:45:00,-0.0977778711211954
2018-12-01 13:48:00,-0.30402279508996344
2018-12-01 13:51:00,-0.2257723619292733
2018-12-01 13:54:00,-0.2314374502926171
2018-12-01 13:57:00,-0.2199857342791347
2018-12-01 14:00:00,-0.1389459454287021
2018-12-01 14:03:00,-0.18213655189993005
2018-12-01 14:06:00,-0.269652539753622
2018-12-01 14:09:00,-0.2631092502857655
2018-12-01 14:12:00,-0.2684340268426695
2018-12-01 14:15:00,-0.2239886730925491
2018-12-01 14:18:00,-0.20061903110820367
2018-12-01 14:21:00,-0.18097590047307222
2018-12-01 14:24:00,-0.1736029344954204
2018-12-01 14:27:00,-0.1039877549276298
2018-12-01 14:30:00,-0.0345510061019354
2018-12-01 14:33:00,-0.10978628152997771
2018-12-01 14:36:00,-0.14840441754898848
2018-12-01 14:39:00,-0.1501352490266754
2018-12-01 14:42:00,-0.14264961707243629
2018-12-01 14:45:00,-0.14814647900709588
2018-12-01 14:48:00,-0.014063616713201554
2018-12-01 14:51:00,0.36761903455868605
2018-12-01 14:54:00,0.4162171466672362
2018-12-01 14:57:00,0.1754794494768248
2018-12-01 15:00:00,0.4580134234004163
2018-12-01 15:03:00,0.4279104614718108
2018-12-01 15:06:00,0.1894812802260617
2018-12-01 15:09:00,0.3840639395431822
2018-12-01 15:12:00,0.23419271006991949
2018-12-01 15:15:00,-0.18358586513966202
2018-12-01 15:18:00,-0.1751930733687459
2018-12-01 15:21:00,0.20169018653916737
2018-12-01 15:24:00,0.08918550624821364
2018-12-01 15:27:00,0.06921832232131919
2018-12-01 15:30:00,0.1819714167386337
2018-12-01 15:33:00,0.3402595705613862
2018-12-01 15:36:00,0.14649058949419214
2018-12-01 15:39:00,0.2643287496314315
2018-12-01 15:42:00,0.2840402156381856
2018-12-01 15:45:00,0.23323291566123316
2018-12-01 15:48:00,-0.08326740667956756
2018-12-01 15:51:00,0.06508044490846032
2018-12-01 15:54:00,0.13601599183726876
2018-12-01 15:57:00,0.0932311132530117
2018-12-01 16:00:00,0.09887184816869876
2018-12-01 16:03:00,0.18961431811641205
2018-12-01 16:06:00,0.10225046402450744
2018-12-01 16:09:00,0.11017850086136605
2018-12-01 16:12:00,0.08922403665610545
2018-12-01 16:15:00,0.02608868223921945
2018-12-01 16:18:00,0.005073926803788709
2018-12-01 16:21:00,0.07887551915433733
2018-12-01 16:24:00,0.03194116352574383
2018-12-01 16:27:00,0.2837874534388902
2018-12-01 16:30:00,0.08567437495929653
2018-12-01 16:33:00,0.15965922531950127
2018-12-01 16:36:00,0.10436707991368621
2018-12-01 16:39:00,0.0277844156199194
2018-12-01 16:42:00,-0.0036545998339647667
2018-12-01 16:45:00,0.03370882191018154
2018-12-01 16:48:00,0.03175635491891171
2018-12-01 16:51:00,-0.037170515039463226
2018-12-01 16:54:00,-0.07178035727685028
2018-12-01 16:57:00,-0.03905775589169025
2018-12-01 17:00:00,0.161570222914861
2018-12-01 17:03:00,0.05365729034076594
2018-12-01 17:06:00,0.15697575372894335
2018-12-01 17:09:00,0.06026334442321968
2018-12-01 17:12:00,0.01674448660901362
2018-12-01 17:15:00,-0.04076117459925399
2018-12-01 17:18:00,-0.062266402541581556
2018-12-01 17:21:00,0.007272787596036778
2018-12-01 17:24:00,0.05127069903210213
2018-12-01 17:27:00,0.13792190005221983
2018-12-01 17:30:00,0.10778388428258268
2018-12-01 17:33:00,0.054807718914901216
2018-12-01 17:36:00,0.14407066091962406
2018-12-01 17:39:00,0.1136767270988912
2018-12-01 17:42:00,0.17193632268043757
2018-12-01 17:45:00,0.13259387517547339
2018-12-01 17:48:00,0.068204076075574
2018-12-01 17:51:00,0.14279157824756794
2018-12-01 17:54:00,0.04206158100811308
2018-12-01 17:57:00,0.08466667286063512
2018-12-01 18:00:00,0.10660239667765836
2018-12-01 18:03:00,0.18101128124459365
2018-12-01 18:06:00,0.1257711350687032
2018-12-01 18:09:00,0.09156682905143043
2018-12-01 18:12:00,0.12192535694117623
2018-12-01 18:15:00,0.14404618559200344
2018-12-01 18:18:00,0.06065436494390042
2018-12-01 18:21:00,0.09311178147186183
2018-12-01 18:24:00,0.11325916739770037
2018-12-01 18:27:00,0.09583942658809974
2018-12-01 18:30:00,0.11914267310567084
2018-12-01 18:33:00,0.15458318339631205
2018-12-01 18:36:00,0.05021644067227271
2018-12-01 18:39:00,0.17555210127835608
2018-12-01 18:42:00,0.15960051141217946
2018-12-01 18:45:00,0.18497889830092618
2018-12-01 18:48:00,0.13550135471001568
2018-12-01 18:51:00,0.22115366914363221
2018-12-01 18:54:00,0.2554783842523989
2018-12-01 18:57:00,
2018-12-01 19:00:00,
2018-12-01 19:03:00,0.20577942095508206
2018-12-01 19:06:00,0.19992226389513235
2018-12-01 19:09:00,0.16535501791230445
2018-12-01 19:12:00,0.11048950096284216
2018-12-01 19:15:00,0.14570079273778447
2018-12-01 19:18:00,0.09542830719561834
2018-12-01 19:21:00,0.21906791959361271
2018-12-01 19:24:00,0.16231738177015131
2018-12-01 19:27:00,0.18086780254435553
2018-12-01 19:30:00,0.12664765324313976
2018-12-01 19:33:00,0.15457314710903347
2018-12-01 19:36:00,0.10012931326298258
2018-12-01 19:39:00,0.2112409421506527
2018-12-01 19:42:00,0.04352654844899462
2018-12-01 19:45:00,0.2631018624955459
2018-12-01 19:48:00,0.12129680344247618
2018-12-01 19:51:00,0.17420120532904093
2018-12-01 19:54:00,0.08584687112954725
2018-12-01 19:57:00,0.11755625387957025
2018-12-01 20:00:00,0.19124997356732365
2018-12-01 20:03:00,0.17042245977552284
2018-12-01 20:06:00,0.19517946554628907
2018-12-01 20:09:00,0.1947076804345329
2018-12-01 20:12:00,0.26189925184507956
2018-12-01 20:15:00,0.16698840009837568
2018-12-01 20:18:00,0.24611461566928483
2018-12-01 20:21:00,0.12455432770559582
2018-12-01 20:24:00,0.2807371055955059
2018-12-01 20:27:00,0.24614953821043173
2018-12-01 20:30:00,0.2175601906891984
2018-12-01 20:33:00,0.29425695400419727
2018-12-01 20:36:00,0.2317679113418194
2018-12-01 20:39:00,0.2068738098012659
2018-12-01 20:42:00,0.21334409546659572
2018-12-01 20:45:00,0.2829338771167613
2018-12-01 20:48:00,0.19746430027367978
2018-12-01 20:51:00,0.13425680788560612
2018-12-01 20:54:00,0.1965785348903637
2018-12-01 20:57:00,0.14743234571687935
2018-12-01 21:00:00,0.174002329225857
2018-12-01 21:03:00,0.09940023501582118
2018-12-01 21:06:00,0.26391218413198203
2018-12-01 21:09:00,0.15895247501674703
2018-12-01 21:12:00,0.15277559805457486
2018-12-01 21:15:00,0.10341110649187613
2018-12-01 21:18:00,0.17190662587643146
2018-12-01 21:21:00,0.18606806190530278
2018-12-01 21:24:00,0.2312944107160888
2018-12-01 21:27:00,0.2169383121481019
2018-12-01 21:30:00,0.10530153093532135
2018-12-01 21:33:00,0.2030808382588134
2018-12-01 21:36:00,0.2149971617791948
2018-12-01 21:39:00,0.14610937633602816
2018-12-01 21:42:00,0.2177169319726886
2018-12-01 21:45:00,0.2427614176488646
2018-12-01 21:48:00,0.27615130103941965
2018-12-01 21:51:00,0.2853512677879735
2018-12-01 21:54:00,0.26316670909892537
2018-12-01 21:57:00,0.24204616689780778
2018-12-01 22:00:00,0.17678511030067057
2018-12-01 22:03:00,0.25953415224199716
2018-12-01 22:06:00,0.27049984406119165
2018-12-01 22:09:00,0.24046386783470552
2018-12-01 22:12:00,0.24293104627099638
2018-12-01 22:15:00,0.1974615883037245
2018-12-01 22:18:00,0.1894017904097609
2018-12-01 22:21:00,0.1698407475328736
2018-12-01 22:24:00,0.2595923756070988
2018-12-01 22:27:00,0.17389840235188103
2018-12-01 22:30:00,0.14774690231718068
2018-12-01 22:33:00,0.26686928088423656
2018-12-01 22:36:00,0.20480557610062533
2018-12-01 22:39:00,0.2534948063925526
2018-12-01 22:42:00,0.396733687433084
2018-12-01 22:45:00,0.22537280697741835
2018-12-01 22:48:00,0.2965354509483973
2018-12-01 22:51:00,0.39353052832484536
2018-12-01 22:54:00,0.2854316846848519
2018-12-01 22:57:00,0.3168336123076756
2018-12-01 23:00:00,0.24143846557524284
2018-12-01 23:03:00,0.27859523636976746
2018-12-01 23:06:00,0.2787581840883604
2018-12-01 23:09:00,0.27284465050286144
2018-12-01 23:12:00,0.3006615222872142
2018-12-01 23:15:00,0.24462334530898033
2018-12-01 23:18:00,0.28513005279785375
2018-12-01 23:21:00,0.29557929068806743
2018-12-01 23:24:00,0.28611943638065895
2018-12-01 23:27:00,0.29755354679230095
2018-12-01 23:30:00,0.29768389970212183
2018-12-01 23:33:00,0.2237311574453429
2018-12-01 23:36:00,0.2926843642795802
2018-12-01 23:39:00,0.33400040668311703
2018-12-01 23:42:00,0.363141112568087
2018-12-01 23:45:00,0.3323987434530409
2018-12-01 23:48:00,0.3590196002340349
2018-12-01 23:51:00,0.39815082030617077
2018-12-01 23:54:00,0.2961237214015
2018-12-01 23:57:00,0.33166787691703803
2018-12-02 00:00:00,0.37370910030398363
2018-12-02 00:03:00,0.4361521109314026
2018-12-02 00:06:00,0.3966366247071278
2018-12-02 00:09:00,0.32358115280220545
2018-12-02 00:12:00,0.35338469779458137
2018-12-02 00:15:00,0.3744180874424501
2018-12-02 00:18:00,0.31885015721428545
2018-12-02 00:21:00,0.2722333645648405
2018-12-02 00:24:00,0.2927282978737935
2018-12-02 00:27:00,0.3467094224963603
2018-12-02 00:30:00,0.2552630364554034
2018-12-02 00:33:00,0.3264274420744755
2018-12-02 00:36:00,0.24024419689618526
2018-12-02 00:39:00,0.327882695737685
2018-12-02 00:42:00,0.35327154541397476
2018-12-02 00:45:00,0.2462996379046558
2018-12-02 00:48:00,0.3300311830311671
2018-12-02 00:51:00,0.3906732096346559
2018-12-02 00:54:00,0.28931942675086475
2018-12-02 00:57:00,0.3580445305959188
2018-12-02 01:00:00,0.3498559350636583
2018-12-02 01:03:00,0.41607363450049206
2018-12-02 01:06:00,0.35253288756968004
2018-12-02 01:09:00,0.48372763418922204
2018-12-02 01:12:00,0.3247199153809106
2018-12-02 01:15:00,0.3696115188709541
2018-12-02 01:18:00,0.3272702711228703
2018-12-02 01:21:00,0.41458175995484225
2018-12-02 01:24:00,0.4500781922371857
2018-12-02 01:27:00,0.4227574343377114
2018-12-02 01:30:00,0.3343199739779834
2018-12-02 01:33:00,0.4308620076740226
2018-12-02 01:36:00,0.30850016383777756
2018-12-02 01:39:00,0.29553966970053125
2018-12-02 01:42:00,0.4034981044162578
2018-12-02 01:45:00,0.3402108566468769
2018-12-02 01:48:00,0.34841239713068717
2018-12-02 01:51:00,0.4809157740820069
2018-12-02 01:54:00,0.40981569730644196
2018-12-02 01:57:00,0.36306078042309764
2018-12-02 02:00:00,0.4411420403791908
2018-12-02 02:03:00,0.3870720924966804
2018-12-02 02:06:00,0.3832936662751081
2018-12-02 02:09:00,0.4206808552135044
2018-12-02 02:12:00,0.3956965815858098
2018-12-02 02:15:00,0.467228509129086
2018-12-02 02:18:00,0.37298708795367475
2018-12-02 02:21:00,0.32588824736944844
2018-12-02 02:24:00,0.4294896262258021
2018-12-02 02:27:00,0.34508412790574994
2018-12-02 02:30:00,0.3221838082183126
2018-12-02 02:33:00,0.1654496591871748
2018-12-02 02:36:00,0.3404058772866847
2018-12-02 02:39:00,0.4047033124371069
2018-12-02 02:42:00,0.29788958026239243
2018-12-02 02:45:00,0.2911838702431737
2018-12-02 02:48:00,0.24251036002777937
2018-12-02 02:51:00,0.2967429013167475
2018-12-02 02:54:00,0.2856480418056435
2018-12-02 02:57:00,0.38681819147143415
2018-12-02 03:00:00,0.2748912250431772
2018-12-02 03:03:00,0.336651828126719
2018-12-02 03:06:00,0.3493245428917362
2018-12-02 03:09:00,0.36885802431464754
2018-12-02 03:12:00,0.2847495341076183
2018-12-02 03:15:00,0.3365260527180567
2018-12-02 03:18:00,0.34846388727447675
2018-12-02 03:21:00,0.3468952474829621
2018-12-02 03:24:00,0.3096525584803089
2018-12-02 03:27:00,0.3393921814171108
2018-12-02 03:30:00,0.3375552640628712
2018-12-02 03:33:00,0.33258701242448296
2018-12-02 03:36:00,0.26679999614020744
2018-12-02 03:39:00,0.30326766504811076
2018-12-02 03:42:00,0.3432202619593454
2018-12-02 03:45:00,0.37589377436347604
2018-12-02 03:48:00,0.3161456342537008
2018-12-02 03:51:00,0.35211865796333086
2018-12-02 03:54:00,0.4214433092110994
2018-12-02 03:57:00,0.32237658102161504
2018-12-02 04:00:00,0.3074386375204199
2018-12-02 04:03:00,0.33007101334925437
2018-12-02 04:06:00,0.3172262470497458
2018-12-02 04:09:00,0.42272117230851336
2018-12-02 04:12:00,0.39527909910117387
2018-12-02 04:15:00,0.3863834515569238
2018-12-02 04:18:00,0.38619640336196426
2018-12-02 04:21:00,0.365718818686787
2018-12-02 04:24:00,0.40287395249390556
2018-12-02 04:27:00,0.34587503426297417
2018-12-02 04:30:00,0.31485828728619936
2018-12-02 04:33:00,0.359940239794696
2018-12-02 04:36:00,0.34734743414111335
2018-12-02 04:39:00,0.40449475452464867
2018-12-02 04:42:00,0.3384164209202254
2018-12-02 04:45:00,0.31920891010298647
2018-12-02 04:48:00,0.41959865216398384
2018-12-02 04:51:00,0.436332198845264
2018-12-02 04:54:00,0.5242728438129802
2018-12-02 04:57:00,0.401223308604699
2018-12-02 05:00:00,0.4133676526118393
2018-12-02 05:03:00,0.531029326456121
2018-12-02 05:06:00,0.44803999952011964
2018-12-02 05:09:00,0.4542620582519703
2018-12-02 05:12:00,0.44437103520874643
2018-12-02 05:15:00,0.38461939541736
2018-12-02 05:18:00,0.36689220129272826
2018-12-02 05:21:00,0.3782775334802295
2018-12-02 05:24:00,0.3553844960961783
2018-12-02 05:27:00,0.38609065367802486
2018-12-02 05:30:00,0.4777446033338606
2018-12-02 05:33:00,0.43026785307785076
2018-12-02 05:36:00,0.4068493658475063
2018-12-02 05:39:00,0.36532535970218305
2018-12-02 05:42:00,0.3820826774369266
2018-12-02 05:45:00,0.4155181338919647
2018-12-02 05:48:00,0.41828608159931946
2018-12-02 05:51:00,0.39603840023937664
2018-12-02 05:54:00,0.4105550068492221
2018-12-02 05:57:00,0.4535955174934543
2018-12-02 06:00:00,0.39107356918208325
2018-12-02 06:03:00,0.5188329781357197
2018-12-02 06:06:00,0.466919211944969
2018-12-02 06:09:00,0.36572009117401194
2018-12-02 06:12:00,0.37224045458481214
2018-12-02 06:15:00,0.3280760976043098
2018-12-02 06:18:00,0.44619457580034805
2018-12-02 06:21:00,0.43571923757008335
2018-12-02 06:24:00,0.4461737346092036
2018-12-02 06:27:00,0.3265296015675858
2018-12-02 06:30:00,0.46669595693896326
2018-12-02 06:33:00,0.5089578609865839
2018-12-02 06:36:00,0.4220338120050542
2018-12-02 06:39:00,0.3865717664493218
2018-12-02 06:42:00,0.4113488347497878
2018-12-02 06:45:00,0.4814357751651528
2018-12-02 06:48:00,0.4894265680346166
2018-12-02 06:51:00,0.4045412258378178
2018-12-02 06:54:00,0.3681220252350954
2018-12-02 06:57:00,0.46845237536933837
2018-12-02 07:00:00,0.43588578641384856
2018-12-02 07:03:00,0.43454221043077723
2018-12-02 07:06:00,0.46455304762514515
2018-12-02 07:09:00,0.42891891649065883
2018-12-02 07:12:00,0.41063491724725054
2018-12-02 07:15:00,0.48007443659855653
2018-12-02 07:18:00,0.2810571689575454
2018-12-02 07:21:00,0.3835541543660952
2018-12-02 07:24:00,0.3958099548572136
2018-12-02 07:27:00,0.3451825527598089
2018-12-02 07:30:00,0.3566070500831984
2018-12-02 07:33:00,0.3776317351956209
2018-12-02 07:36:00,0.522477329643948
2018-12-02 07:39:00,0.4448719554912941
2018-12-02 07:42:00,0.38170753654719647
2018-12-02 07:45:00,0.3862486612608791
2018-12-02 07:48:00,0.4244979132081994
2018-12-02 07:51:00,0.4943975215924752
2018-12-02 07:54:00,0.3987747695696271
2018-12-02 07:57:00,0.435072101167691
2018-12-02 08:00:00,0.35708599737216673
2018-12-02 08:03:00,0.4328166492413743
2018-12-02 08:06:00,0.40021033832772446
2018-12-02 08:09:00,0.4911070810506999
2018-12-02 08:12:00,0.41565593976088167
2018-12-02 08:15:00,0.4025935519329096
2018-12-02 08:18:00,0.32071387338021395
2018-12-02 08:21:00,0.4531564273507911
2018-12-02 08:24:00,0.2684262698882094
2018-12-02 08:27:00,0.3470845698754488
2018-12-02 08:30:00,0.3030830508844815
2018-12-02 08:33:00,0.4025082596306788
2018-12-02 08:36:00,0.34441827023732685
2018-12-02 08:39:00,0.31700803409773926
2018-12-02 08:42:00,0.4472342633480366
2018-12-02 08:45:00,0.38269845556021664
2018-12-02 08:48:00,0.27958979121467564
2018-12-02 08:51:00,0.2183276096017721
2018-12-02 08:54:00,0.22992194624436024
2018-12-02 08:57:00,0.31100403031200585
2018-12-02 09:00:00,0.31327606765825067
2018-12-02 09:03:00,0.2311848883848029
2018-12-02 09:06:00,0.23181006016881156
2018-12-02 09:09:00,0.29446138589162274
2018-12-02 09:12:00,0.23636615431485097
2018-12-02 09:15:00,0.2398219256521088
2018-12-02 09:18:00,0.1472855883349098
2018-12-02 09:21:00,0.11226891659282501
2018-12-02 09:24:00,0.18343975614783403
2018-12-02 09:27:00,0.1282612706103805
2018-12-02 09:30:00,0.21491156678473544
2018-12-02 09:33:00,0.1211695578718377
2018-12-02 09:36:00,0.16103027510126822
2018-12-02 09:39:00,0.10171355727413811
2018-12-02 09:42:00,0.14841300485164766
2018-12-02 09:45:00,0.12993668790466018
2018-12-02 09:48:00,0.1471407980737922
2018-12-02 09:51:00,0.14333088253658843
2018-12-02 09:54:00,0.06857036567146224
2018-12-02 09:57:00,-0.030926655879966347
2018-12-02 10:00:00,0.020681756697058518
2018-12-02 10:03:00,0.11823463469829676
2018-12-02 10:06:00,0.06382174169829113
2018-12-02 10:09:00,0.017031315571671257
2018-12-02 10:12:00,0.008813721117633122
2018-12-02 10:15:00,0.0317939881558118
2018-12-02 10:18:00,-0.03063051852711851
2018-12-02 10:21:00,0.017843006619500557
2018-12-02 10:24:00,0.02076166525807821
2018-12-02 10:27:00,-0.059467456206164115
2018-12-02 10:30:00,-0.12415117481231164
2018-12-02 10:33:00,-0.08251107350207576
2018-12-02 10:36:00,-0.019193585194102525
2018-12-02 10:39:00,-0.07262815984347526
2018-12-02 10:42:00,-0.035177170681208736
2018-12-02 10:45:00,-0.07097439254721394
2018-12-02 10:48:00,-0.08476089644841522
2018-12-02 10:51:00,0.06281607503524356
2018-12-02 10:54:00,-0.10577414560600573
2018-12-02 10:57:00,-0.1778421401662058
2018-12-02 11:00:00,-0.054736969181135464
2018-12-02 11:03:00,-0.04320995036403019
2018-12-02 11:06:00,-0.16183691182402526
2018-12-02 11:09:00,-0.13435227587109466
2018-12-02 11:12:00,-0.21114303292029035
2018-12-02 11:15:00,-0.11591563341210076
2018-12-02 11:18:00,-0.14852947324510524
2018-12-02 11:21:00,-0.15073015112807298
2018-12-02 11:24:00,-0.17645341876277598
2018-12-02 11:27:00,-0.17116379479620036
2018-12-02 11:30:00,-0.2408822151551817
2018-12-02 11:33:00,-0.14995768000324006
2018-12-02 11:36:00,-0.20501648112281146
2018-12-02 11:39:00,-0.17704844596278235
2018-12-02 11:42:00,-0.1904398622088479
2018-12-02 11:45:00,-0.263184582594306
2018-12-02 11:48:00,-0.16273596417278213
2018-12-02 11:51:00,-0.1452944079255758
2018-12-02 11:54:00,-0.15673708750620108
2018-12-02 11:57:00,-0.22425205414185712
2018-12-02 12:00:00,-0.2040172532648512
2018-12-02 12:03:00,-0.24247453079050274
2018-12-02 12:06:00,-0.17254461320561632
2018-12-02 12:09:00,-0.2287986415513501
2018-12-02 12:12:00,-0.25228392062109606
2018-12-02 12:15:00,-0.2040748559377903
2018-12-02 12:18:00,-0.2179557596587074
2018-12-02 12:21:00,-0.25531756596416244
2018-12-02 12:24:00,-0.1070379323662678
2018-12-02 12:27:00,-0.28899321096810127
2018-12-02 12:30:00,-0.30004571595787866
2018-12-02 12:33:00,-0.267037390559949
2018-12-02 12:36:00,-0.2286720660115975
2018-12-02 12:39:00,-0.26322039411422793
2018-12-02 12:42:00,-0.2554226296331308
2018-12-02 12:45:00,-0.25344360441556546
2018-12-02 12:48:00,-0.2652319822051368
2018-12-02 12:51:00,-0.22046934261288698
2018-12-02 12:54:00,-0.2941407483504008
2018-12-02 12:57:00,-0.3111552252804586
2018-12-02 13:00:00,-0.20931939687045542
2018-12-02 13:03:00,-0.40333900811850754
2018-12-02 13:06:00,-0.37286025131788847
2018-12-02 13:09:00,-0.2609185783619523
2018-12-02 13:12:00,-0.2517375410213276
2018-12-02 13:15:00,-0.3560440079156706
2018-12-02 13:18:00,-0.27897094841188164
2018-12-02 13:21:00,-0.38173315894783855
2018-12-02 13:24:00,-0.3285953890582505
2018-12-02 13:27:00,-0.26909161897441436
2018-12-02 13:30:00,-0.30029630517566375
2018-12-02 13:33:00,-0.25995466157434066
2018-12-02 13:36:00,-0.25584856318806715
2018-12-02 13:39:00,-0.2982844476862283
2018-12-02 13:42:00,-0.28283444507837885
2018-12-02 13:45:00,-0.3185513328460843
2018-12-02 13:48:00,-0.37422718569121116
2018-12-02 13:51:00,-0.21790253361450596
2018-12-02 13:54:00,-0.35051236304275335
2018-12-02 13:57:00,-0.2860959447504001
2018-12-02 14:00:00,-0.3206971530311762
2018-12-02 14:03:00,-0.30979444258878175
2018-12-02 14:06:00,-0.26916629440501083
2018-12-02 14:09:00,-0.3463230520309253
2018-12-02 14:12:00,-0.2976510110164554
2018-12-02 14:15:00,-0.1786795721492922
2018-12-02 14:18:00,-0.26342849546608704
2018-12-02 14:21:00,-0.24906784205518306
2018-12-02 14:24:00,-0.29505662272475774
2018-12-02 14:27:00,-0.1778052744687102
2018-12-02 14:30:00,-0.16361583276045621
2018-12-02 14:33:00,-0.09028557002528714
2018-12-02 14:36:00,-0.16899792843139494
2018-12-02 14:39:00,-0.21021259406546733
2018-12-02 14:42:00,-0.23711170553485772
2018-12-02 14:45:00,-0.21872151768354797
2018-12-02 14:48:00,-0.08907113106039333
2018-12-02 14:51:00,-0.10424033425294965
2018-12-02 14:54:00,-0.03596116658286519
2018-12-02 14:57:00,-0.18890984283530088
2018-12-02 15:00:00,-0.07059864602530297
2018-12-02 15:03:00,0.027377723518952735
2018-12-02 15:06:00,-0.0012538690766064065
2018-12-02 15:09:00,0.1147578950609045
2018-12-02 15:12:00,0.03507196288501291
2018-12-02 15:15:00,-0.018369954981949377
2018-12-02 15:18:00,-0.01828706443336614
2018-12-02 15:21:00,0.03289260750199219
2018-12-02 15:24:00,0.1567669647972707
2018-12-02 15:27:00,0.20596908149229876
2018-12-02 15:30:00,0.09238917950852965
2018-12-02 15:33:00,0.0293855553376261
2018-12-02 15:36:00,0.10238110640233344
2018-12-02 15:39:00,0.071367965341949
2018-12-02 15:42:00,0.0752476152571262
2018-12-02 15:45:00,0.11709403846481337
2018-12-02 15:48:00,0.17433854633452484
2018-12-02 15:51:00,0.1158793703258425
2018-12-02 15:54:00,0.05162111594097496
2018-12-02 15:57:00,0.14919756591365285
2018-12-02 16:00:00,0.16342677008526607
2018-12-02 16:03:00,0.11217979183675197
2018-12-02 16:06:00,0.1828752821912758
2018-12-02 16:09:00,0.10989703310866616
2018-12-02 16:12:00,0.20647978031945513
2018-12-02 16:15:00,0.1828555519806514
2018-12-02 16:18:00,0.1667191247591404
2018-12-02 16:21:00,0.15143852463950225
2018-12-02 16:24:00,0.1596712797616533
2018-12-02 16:27:00,0.01966522418524619
2018-12-02 16:30:00,0.19570848271797558
2018-12-02 16:33:00,0.24846945749703764
2018-12-02 16:36:00,0.22415441614862175
2018-12-02 16:39:00,0.30804121179158983
2018-12-02 16:42:00,0.25249151194736896
2018-12-02 16:45:00,0.3177158274366434
2018-12-02 16:48:00,0.34269134264309287
2018-12-02 16:51:00,0.26056675787310724
2018-12-02 16:54:00,0.19037252687695627
2018-12-02 16:57:00,0.15376670452803864
2018-12-02 17:00:00,0.15116119664406824
2018-12-02 17:03:00,0.10177643094760924
2018-12-02 17:06:00,0.06431717908009205
2018-12-02 17:09:00,0.029928737883324175
2018-12-02 17:12:00,-0.004336405011088118
2018-12-02 17:15:00,-0.09825695628160247
2018-12-02 17:18:00,-0.027519312011975217
2018-12-02 17:21:00,-0.03440816881823139
2018-12-02 17:24:00,-0.04630146041552052
2018-12-02 17:27:00,-0.041421813307749744
2018-12-02 17:30:00,-0.05756741433464185
2018-12-02 17:33:00,0.005503486117504508
2018-12-02 17:36:00,-0.05782847192386953
2018-12-02 17:39:00,-0.054968511883885185
2018-12-02 17:42:00,0.020828431467521114
2018-12-02 17:45:00,-0.03073354337368528
2018-12-02 17:48:00,-0.026086246441991534
2018-12-02 17:51:00,-0.02787284783198629
2018-12-02 17:54:00,0.10325780927712458
2018-12-02 17:57:00,0.13107727337592223
2018-12-02 18:00:00,0.2303390972627426
2018-12-02 18:03:00,0.1802739773619919
2018-12-02 18:06:00,0.2600526348870744
2018-12-02 18:09:00,0.189782430157436
2018-12-02 18:12:00,0.14499293762190746
2018-12-02 18:15:00,0.1059161556194681
2018-12-02 18:18:00,0.18031201648062734
2018-12-02 18:21:00,0.15294194804431527
2018-12-02 18:24:00,0.20657287519236434
2018-12-02 18:27:00,0.07132845671912946
2018-12-02 18:30:00,0.10310940814184733
2018-12-02 18:33:00,0.06307399885332643
2018-12-02 18:36:00,0.05196836532076077
2018-12-02 18:39:00,0.16325552878737426
2018-12-02 18:42:00,0.13064404736951474
2018-12-02 18:45:00,0.0340675657129168
2018-12-02 18:48:00,0.15569807255428714
2018-12-02 18:51:00,0.10113872828986814
2018-12-02 18:54:00,
2018-12-02 18:57:00,
2018-12-02 19:00:00,
2018-12-02 19:03:00,0.08789438046341047
2018-12-02 19:06:00,0.06692384797111117
2018-12-02 19:09:00,0.17257239435474503
2018-12-02 19:12:00,0.13437171593272978
2018-12-02 19:15:00,0.10777492447016357
2018-12-02 19:18:00,0.020483028591115726
2018-12-02 19:21:00,0.11236646134102557
2018-12-02 19:24:00,0.07821261197835838
2018-12-02 19:27:00,0.0775716614895714
2018-12-02 19:30:00,0.15869759466335154
2018-12-02 19:33:00,0.1702853798164483
2018-12-02 19:36:00,0.1355594819283965
2018-12-02 19:39:00,0.07892976127760676
2018-12-02 19:42:00,0.050128773119354264
2018-12-02 19:45:00,0.18108512571643587
2018-12-02 19:48:00,0.13983211661422956
2018-12-02 19:51:00,0.10271062196807179
2018-12-02 19:54:00,0.10578861355935487
2018-12-02 19:57:00,0.0504875323861711
2018-12-02 20:00:00,0.07530841410459743
2018-12-02 20:03:00,0.08931990280512991
2018-12-02 20:06:00,0.08166482137994535
2018-12-02 20:09:00,0.15092276863521192
2018-12-02 20:12:00,0.13304814363925743
2018-12-02 20:15:00,0.11472758057965393
2018-12-02 20:18:00,0.09222645629495219
2018-12-02 20:21:00,0.1293019708721772
2018-12-02 20:24:00,0.1022605017755609
2018-12-02 20:27:00,0.03712707731074261
2018-12-02 20:30:00,0.11035087219113393
2018-12-02 20:33:00,0.10934497291901835
2018-12-02 20:36:00,0.12391950824240894
2018-12-02 20:39:00,0.15777430626872047
2018-12-02 20:42:00,0.11389931979493895
2018-12-02 20:45:00,0.15977303885080119
2018-12-02 20:48:00,0.13490941329769157
2018-12-02 20:51:00,0.1799927564456425
2018-12-02 20:54:00,0.15008971526737014
2018-12-02 20:57:00,0.22542327913390636
2018-12-02 21:00:00,0.130911210323859
2018-12-02 21:03:00,0.05415979422593864
2018-12-02 21:06:00,0.18680152694247454
2018-12-02 21:09:00,0.14395289024741942
2018-12-02 21:12:00,0.20190444760942228
2018-12-02 21:15:00,0.0904116875208274
2018-12-02 21:18:00,0.22417891523389244
2018-12-02 21:21:00,0.25500533838788897
2018-12-02 21:24:00,0.25730999248622766
2018-12-02 21:27:00,0.21764382597848453
2018-12-02 21:30:00,0.24049853726080528
2018-12-02 21:33:00,0.2760325390952971
2018-12-02 21:36:00,0.2162599562565788
2018-12-02 21:39:00,0.2858710105206228
2018-12-02 21:42:00,0.23935970020352215
2018-12-02 21:45:00,0.3121353451978166
2018-12-02 21:48:00,0.29140919538934895
2018-12-02 21:51:00,0.23054263835280153
2018-12-02 21:54:00,0.26294975992760783
2018-12-02 21:57:00,0.29740379808276884
2018-12-02 22:00:00,0.3627316368926472
2018-12-02 22:03:00,0.31151033270447215
2018-12-02 22:06:00,0.29441298377082603
2018-12-02 22:09:00,0.2834276348523872
2018-12-02 22:12:00,0.35971701326894845
2018-12-02 22:15:00,0.28307633406939203
2018-12-02 22:18:00,0.3320236717937064
2018-12-02 22:21:00,0.29698780914213785
2018-12-02 22:24:00,0.285431238076967
2018-12-02 22:27:00,0.2731359680194032
2018-12-02 22:30:00,0.3475600593721424
2018-12-02 22:33:00,0.277020187515177
2018-12-02 22:36:00,0.2325963190434095
2018-12-02 22:39:00,0.2909375514468593
2018-12-02 22:42:00,0.3550735034190211
2018-12-02 22:45:00,0.2647207380218788
2018-12-02 22:48:00,0.33929919354795857
2018-12-02 22:51:00,0.2799732281206957
2018-12-02 22:54:00,0.2809352845632702
2018-12-02 22:57:00,0.3094360182539049
2018-12-02 23:00:00,0.31782642667383243
2018-12-02 23:03:00,0.3696485830811298
2018-12-02 23:06:00,0.3025684118697427
2018-12-02 23:09:00,0.30499590637731444
2018-12-02 23:12:00,0.33775195934742896
2018-12-02 23:15:00,0.3964678674768152
2018-12-02 23:18:00,0.2796763944942313
2018-12-02 23:21:00,0.27808343018222104
2018-12-02 23:24:00,0.2764297832841862
2018-12-02 23:27:00,0.33850243954384496
2018-12-02 23:30:00,0.42063630028599164
2018-12-02 23:33:00,0.3273178982146874
2018-12-02 23:36:00,0.3940423760589624
2018-12-02 23:39:00,0.33529534734810795
2018-12-02 23:42:00,0.3631991710479383
2018-12-02 23:45:00,0.3014891740587018
2018-12-02 23:48:00,0.3481517525995059
2018-12-02 23:51:00,0.25482688854413027
2018-12-02 23:54:00,0.21712585309387578
2018-12-02 23:57:00,0.27510862400191627
2018-12-03 00:00:00,0.3407815857398191
2018-12-03 00:03:00,0.21722317133173874
2018-12-03 00:06:00,0.38132484134303013
2018-12-03 00:09:00,0.2697245314765837
2018-12-03 00:12:00,0.351903407423265
2018-12-03 00:15:00,0.3161029671803135
2018-12-03 00:18:00,0.30073960148428114
2018-12-03 00:21:00,0.2299308554922277
2018-12-03 00:24:00,0.33912582561714544
2018-12-03 00:27:00,0.3293471265355379
2018-12-03 00:30:00,0.3857102585375287
2018-12-03 00:33:00,0.3877105494764237
2018-12-03 00:36:00,0.3101093908542225
2018-12-03 00:39:00,0.423639963718756
2018-12-03 00:42:00,0.3425413028365938
2018-12-03 00:45:00,0.37617320563379053
2018-12-03 00:48:00,0.2851691656437083
2018-12-03 00:51:00,0.30039525928793864
2018-12-03 00:54:00,0.3363679737005896
2018-12-03 00:57:00,0.30493667401339053
2018-12-03 01:00:00,0.44625327228379774
2018-12-03 01:03:00,0.40189820984676317
2018-12-03 01:06:00,0.26383510619172057
2018-12-03 01:09:00,0.37782809795680805
2018-12-03 01:12:00,0.37426485210284
2018-12-03 01:15:00,0.40258337446266523
2018-12-03 01:18:00,0.40838908102205096
2018-12-03 01:21:00,0.3827913198280726
2018-12-03 01:24:00,0.36204551220538406
2018-12-03 01:27:00,0.29717904921864147
2018-12-03 01:30:00,0.3415471751930568
2018-12-03 01:33:00,0.3531015155814998
2018-12-03 01:36:00,0.3294149821201131
2018-12-03 01:39:00,0.35220941577205167
2018-12-03 01:42:00,0.3560695809318304
2018-12-03 01:45:00,0.4023067365411066
2018-12-03 01:48:00,0.3406677897435202
2018-12-03 01:51:00,0.32641104902330653
2018-12-03 01:54:00,0.3427822132535425
2018-12-03 01:57:00,0.3597416566485663
2018-12-03 02:00:00,0.3616027055252289
2018-12-03 02:03:00,0.3300144948119055
2018-12-03 02:06:00,0.301023242291933
2018-12-03 02:09:00,0.24002981091507536
2018-12-03 02:12:00,0.3455642046694152
2018-12-03 02:15:00,0.28348016208167337
2018-12-03 02:18:00,0.3662240623319235
2018-12-03 02:21:00,0.34262068602140516
2018-12-03 02:24:00,0.2541689437485388
2018-12-03 02:27:00,0.3947271653962048
2018-12-03 02:30:00,0.3232947367231418
2018-12-03 02:33:00,0.3728906464401689
2018-12-03 02:36:00,0.3547745607162369
2018-12-03 02:39:00,0.4385285827793268
2018-12-03 02:42:00,0.38448436564442545
2018-12-03 02:45:00,0.3321847530523314
2018-12-03 02:48:00,0.36940666426465896
2018-12-03 02:51:00,0.37598653477868993
2018-12-03 02:54:00,0.37803026220655056
2018-12-03 02:57:00,0.3078323417124693
2018-12-03 03:00:00,0.4432510935891969
2018-12-03 03:03:00,0.307241942474775
2018-12-03 03:06:00,0.4321906614583213
2018-12-03 03:09:00,0.35676762721550404
2018-12-03 03:12:00,0.3896159887167414
2018-12-03 03:15:00,0.3996783581592922
2018-12-03 03:18:00,0.4088348602350038
2018-12-03 03:21:00,0.41106736830948876
2018-12-03 03:24:00,0.40743742020401896
2018-12-03 03:27:00,0.3920143380736363
2018-12-03 03:30:00,0.38693570059558624
2018-12-03 03:33:00,0.37987847778504147
2018-12-03 03:36:00,0.36407416189598507
2018-12-03 03:39:00,0.3871187893460615
2018-12-03 03:42:00,0.37050460520600836
2018-12-03 03:45:00,0.3829514808341514
2018-12-03 03:48:00,0.40723647730067114
2018-12-03 03:51:00,0.3831666574295127
2018-12-03 03:54:00,0.38661528283773805
2018-12-03 03:57:00,0.3937142314049993
2018-12-03 04:00:00,0.2977408014081675
2018-12-03 04:03:00,0.2993410260010023
2018-12-03 04:06:00,0.3341539049340554
2018-12-03 04:09:00,0.3160551256032704
2018-12-03 04:12:00,0.43225565754465833
2018-12-03 04:15:00,0.2658130616718495
2018-12-03 04:18:00,0.32340790082969306
2018-12-03 04:21:00,0.39730732858777174
2018-12-03 04:24:00,0.36208518777152676
2018-12-03 04:27:00,0.4344916388201341
2018-12-03 04:30:00,0.3584314274033886
2018-12-03 04:33:00,0.412294754724428
2018-12-03 04:36:00,0.44414812935622194
2018-12-03 04:39:00,0.38636906263241144
2018-12-03 04:42:00,0.40564353675199527
2018-12-03 04:45:00,0.4569233107287687
2018-12-03 04:48:00,0.4310656041070047
2018-12-03 04:51:00,0.3838785379060141
2018-12-03 04:54:00,0.44959037991480955
2018-12-03 04:57:00,0.41250745819206713
2018-12-03 05:00:00,0.4498969514862665
2018-12-03 05:03:00,0.4558344830763872
2018-12-03 05:06:00,0.4261240958331314
2018-12-03 05:09:00,0.49054165689767615
2018-12-03 05:12:00,0.4219294718055835
2018-12-03 05:15:00,0.4483563843378988
2018-12-03 05:18:00,0.3729450320582828
2018-12-03 05:21:00,0.28638969332547504
2018-12-03 05:24:00,0.4588201120519102
2018-12-03 05:27:00,0.4460504049482097
2018-12-03 05:30:00,0.37446362737233585
2018-12-03 05:33:00,0.37559928148590416
2018-12-03 05:36:00,0.4295420574543414
2018-12-03 05:39:00,0.36951514872646385
2018-12-03 05:42:00,0.3259159317506146
2018-12-03 05:45:00,0.3660382427291893
2018-12-03 05:48:00,0.38245299913842246
2018-12-03 05:51:00,0.3986508165400551
2018-12-03 05:54:00,0.3811833102018909
2018-12-03 05:57:00,0.4178221265562456
2018-12-03 06:00:00,0.32657363670989525
2018-12-03 06:03:00,0.38788465526863547
2018-12-03 06:06:00,0.4048191901232485
2018-12-03 06:09:00,0.34338640818788235
2018-12-03 06:12:00,0.3415398720390499
2018-12-03 06:15:00,0.3994074849621825
2018-12-03 06:18:00,0.480657481933747
2018-12-03 06:21:00,0.3989269921458458
2018-12-03 06:24:00,0.45002062326409487
2018-12-03 06:27:00,0.4450437167895416
2018-12-03 06:30:00,0.35036131017352545
2018-12-03 06:33:00,0.3447448974754934
2018-12-03 06:36:00,0.3385055861551223
2018-12-03 06:39:00,0.3919494300942006
2018-12-03 06:42:00,0.43382984130880686
2018-12-03 06:45:00,0.3771709201682256
2018-12-03 06:48:00,0.3497615797277831
2018-12-03 06:51:00,0.2704528047581789
2018-12-03 06:54:00,0.34292469053826835
2018-12-03 06:57:00,0.2862679669835302
2018-12-03 07:00:00,0.3945537389731726
2018-12-03 07:03:00,0.39742740808389954
2018-12-03 07:06:00,0.4046393570596365
2018-12-03 07:09:00,0.4473278560805056
2018-12-03 07:12:00,0.320024825914345
2018-12-03 07:15:00,0.35444095422326427
2018-12-03 07:18:00,0.33702848574222344
2018-12-03 07:21:00,0.3937619221345585
2018-12-03 07:24:00,0.32229709324099076
2018-12-03 07:27:00,0.33899788693503297
2018-12-03 07:30:00,0.4370503612177572
2018-12-03 07:33:00,0.284032730698641
2018-12-03 07:36:00,0.3970200177463994
2018-12-03 07:39:00,0.3505935870077792
2018-12-03 07:42:00,0.3900001879928823
2018-12-03 07:45:00,0.2973505312378393
2018-12-03 07:48:00,0.3997784759223464
2018-12-03 07:51:00,0.2455148883162792
2018-12-03 07:54:00,0.31566862956100294
2018-12-03 07:57:00,0.34421690221512335
2018-12-03 08:00:00,0.3635889749473904
2018-12-03 08:03:00,0.4340200067607043
2018-12-03 08:06:00,0.47385897384685904
2018-12-03 08:09:00,0.3872237107225942
2018-12-03 08:12:00,0.3473759150272713
2018-12-03 08:15:00,0.3223841029454775
2018-12-03 08:18:00,0.27531762023818374
2018-12-03 08:21:00,0.36333591619955996
2018-12-03 08:24:00,0.32942806787730206
2018-12-03 08:27:00,0.3061902608916398
2018-12-03 08:30:00,0.3849248981522351
2018-12-03 08:33:00,0.250687766203157
2018-12-03 08:36:00,0.3107252454944387
2018-12-03 08:39:00,0.304217235486135
2018-12-03 08:42:00,0.27513058457782336
2018-12-03 08:45:00,0.3143935924163088
2018-12-03 08:48:00,0.17346140100795537
2018-12-03 08:51:00,0.20974514703647174
2018-12-03 08:54:00,0.3076612132209675
2018-12-03 08:57:00,0.11210657392354051
2018-12-03 09:00:00,0.15052064719679947
2018-12-03 09:03:00,0.18447598657195385
2018-12-03 09:06:00,0.20105553825231937
2018-12-03 09:09:00,0.2077332378740948
2018-12-03 09:12:00,0.10873192311584035
2018-12-03 09:15:00,0.24856302208826264
2018-12-03 09:18:00,0.14463483865290527
2018-12-03 09:21:00,0.2024133194629485
2018-12-03 09:24:00,0.2634979862161231
2018-12-03 09:27:00,0.1454672690186385
2018-12-03 09:30:00,0.1828697800556256
2018-12-03 09:33:00,0.13105484687707758
2018-12-03 09:36:00,0.052452144806295564
2018-12-03 09:39:00,0.12725761581850747
2018-12-03 09:42:00,0.06784037613380178
2018-12-03 09:45:00,0.052891160754882094
2018-12-03 09:48:00,0.08069833042395658
2018-12-03 09:51:00,0.06887282102735526
2018-12-03 09:54:00,0.03729663744138634
2018-12-03 09:57:00,0.05237005182885923
2018-12-03 10:00:00,0.008803766480582453
2018-12-03 10:03:00,0.053154434155487706
2018-12-03 10:06:00,0.03770806420243389
2018-12-03 10:09:00,0.06034403924218168
2018-12-03 10:12:00,-0.05397933732160709
2018-12-03 10:15:00,0.04546055921662173
2018-12-03 10:18:00,0.07324388914952351
2018-12-03 10:21:00,-0.0696458177822592
2018-12-03 10:24:00,0.02885222364710671
2018-12-03 10:27:00,0.0114941841691234
2018-12-03 10:30:00,0.03205998506632568
2018-12-03 10:33:00,0.011091995488129669
2018-12-03 10:36:00,0.05809869035567772
2018-12-03 10:39:00,0.04704185000633743
2018-12-03 10:42:00,-0.054213792106793335
2018-12-03 10:45:00,-0.14305673196639646
2018-12-03 10:48:00,-0.03877264145711479
2018-12-03 10:51:00,-0.04205745782559234
2018-12-03 10:54:00,-0.13808428128709238
2018-12-03 10:57:00,-0.17928435278474808
2018-12-03 11:00:00,-0.060830272918622086
2018-12-03 11:03:00,-0.11670715159243628
2018-12-03 11:06:00,-0.1681380522981044
2018-12-03 11:09:00,-0.13707793208561725
2018-12-03 11:12:00,-0.11707878928973514
2018-12-03 11:15:00,-0.10275251399650642
2018-12-03 11:18:00,-0.1818358866790959
2018-12-03 11:21:00,-0.12425393669218465
2018-12-03 11:24:00,-0.11160884407490812
2018-12-03 11:27:00,-0.1306455921665588
2018-12-03 11:30:00,-0.14938512350823885
2018-12-03 11:33:00,-0.20620195863324398
2018-12-03 11:36:00,-0.0763008777865366
2018-12-03 11:39:00,-0.07909337831870289
2018-12-03 11:42:00,-0.14574244920106594
2018-12-03 11:45:00,-0.09073033997816538
2018-12-03 11:48:00,-0.21326480596030706
2018-12-03 11:51:00,-0.17065339554386583
2018-12-03 11:54:00,-0.15745176230865354
2018-12-03 11:57:00,-0.1553791529320847
2018-12-03 12:00:00,-0.12180885352915993
2018-12-03 12:03:00,-0.20402765674418788
2018-12-03 12:06:00,-0.16602448507410372
2018-12-03 12:09:00,-0.048406843548036704
2018-12-03 12:12:00,-0.14394757848964446
2018-12-03 12:15:00,-0.180754904571927
2018-12-03 12:18:00,-0.16079737246292325
2018-12-03 12:21:00,-0.15241956257591482
2018-12-03 12:24:00,-0.22305376169532565
2018-12-03 12:27:00,-0.20369992757491673
2018-12-03 12:30:00,-0.20534082294921063
2018-12-03 12:33:00,-0.20428466080340968
2018-12-03 12:36:00,-0.20105977605373937
2018-12-03 12:39:00,-0.09377043594838597
2018-12-03 12:42:00,-0.22085540449268137
2018-12-03 12:45:00,-0.29381625479180684
2018-12-03 12:48:00,-0.2563558258071339
2018-12-03 12:51:00,-0.32150046870134474
2018-12-03 12:54:00,-0.2660228218082352
2018-12-03 12:57:00,-0.264638968540055
2018-12-03 13:00:00,-0.2078427721295384
2018-12-03 13:03:00,-0.2360350638201112
2018-12-03 13:06:00,-0.3455512405143395
2018-12-03 13:09:00,-0.2515628679661859
2018-12-03 13:12:00,-0.35971731371313354
2018-12-03 13:15:00,-0.22537070387647873
2018-12-03 13:18:00,-0.29334182621522586
2018-12-03 13:21:00,-0.3776493842323134
2018-12-03 13:24:00,-0.4092115235080769
2018-12-03 13:27:00,-0.34834088097738913
2018-12-03 13:30:00,-0.2665975301007393
2018-12-03 13:33:00,-0.3778144153125709
2018-12-03 13:36:00,-0.4048416389236422
2018-12-03 13:39:00,-0.34110237323159254
2018-12-03 13:42:00,-0.326322293081887
2018-12-03 13:45:00,-0.2569976934620968
2018-12-03 13:48:00,-0.378390403858873
2018-12-03 13:51:00,-0.36859482880811356
2018-12-03 13:54:00,-0.30670281049191317
2018-12-03 13:57:00,-0.2781129044993236
2018-12-03 14:00:00,-0.3543777489613831
2018-12-03 14:03:00,-0.2839052457126172
2018-12-03 14:06:00,-0.38768947228106754
2018-12-03 14:09:00,-0.39363880555185915
2018-12-03 14:12:00,-0.43477871548958547
2018-12-03 14:15:00,-0.5107349861286821
2018-12-03 14:18:00,-0.4518368884258166
2018-12-03 14:21:00,-0.4635850060317921
2018-12-03 14:24:00,-0.39131567178179694
2018-12-03 14:27:00,-0.39433628961262457
2018-12-03 14:30:00,-0.3020256888369204
2018-12-03 14:33:00,-0.536033224007781
2018-12-03 14:36:00,-0.3148161353849446
2018-12-03 14:39:00,-0.2829727279099643
2018-12-03 14:42:00,-0.30724049576048174
2018-12-03 14:45:00,-0.2856052674735565
2018-12-03 14:48:00,-0.18947752908309212
2018-12-03 14:51:00,-0.20114184499220755
2018-12-03 14:54:00,-0.11670189373609219
2018-12-03 14:57:00,-0.22033964427998853
2018-12-03 15:00:00,-0.13834214356927532
2018-12-03 15:03:00,-0.20260583228213136
2018-12-03 15:06:00,-0.12098403907594957
2018-12-03 15:09:00,-0.24319105352759607
2018-12-03 15:12:00,-0.17611763026991412
2018-12-03 15:15:00,-0.1483997063521656
2018-12-03 15:18:00,-0.19282669164181243
2018-12-03 15:21:00,-0.07566435590723586
2018-12-03 15:24:00,-0.1605871738084943
2018-12-03 15:27:00,-0.0813819031554317
2018-12-03 15:30:00,-0.03725104101482657
2018-12-03 15:33:00,-0.118420667269163
2018-12-03 15:36:00,-0.13333783303210112
2018-12-03 15:39:00,-0.015185885831783708
2018-12-03 15:42:00,-0.016030253500730396
2018-12-03 15:45:00,-0.08366589599398822
2018-12-03 15:48:00,-0.0727178029368929
2018-12-03 15:51:00,-0.09594263848890705
2018-12-03 15:54:00,-0.05967857868461124
2018-12-03 15:57:00,-0.03850895806817789
2018-12-03 16:00:00,0.025415160806801396
2018-12-03 16:03:00,-0.023719524006935444
2018-12-03 16:06:00,0.03388310777660308
2018-12-03 16:09:00,0.0013552063438737605
2018-12-03 16:12:00,-0.013969963048964473
2018-12-03 16:15:00,-0.0829815417619102
2018-12-03 16:18:00,-0.05496291362101147
2018-12-03 16:21:00,0.08896814323117042
2018-12-03 16:24:00,0.1901211040093358
2018-12-03 16:27:00,0.3299610198357641
2018-12-03 16:30:00,0.35494725229420965
2018-12-03 16:33:00,0.30712701379906093
2018-12-03 16:36:00,0.3257618497877388
2018-12-03 16:39:00,0.2026614179175681
2018-12-03 16:42:00,0.24924768109633533
2018-12-03 16:45:00,0.3291334490576787
2018-12-03 16:48:00,0.4244347832990911
2018-12-03 16:51:00,0.4799082462806723
2018-12-03 16:54:00,0.4263280584855238
2018-12-03 16:57:00,0.1684649390608115
2018-12-03 17:00:00,0.2807472282875665
2018-12-03 17:03:00,0.16067073296738954
2018-12-03 17:06:00,0.15603688436755192
2018-12-03 17:09:00,0.2577913877912579
2018-12-03 17:12:00,0.3311599510054748
2018-12-03 17:15:00,0.3694788638777027
2018-12-03 17:18:00,0.37693322393266726
2018-12-03 17:21:00,0.2629133157898309
2018-12-03 17:24:00,0.3306189720253201
2018-12-03 17:27:00,0.23687493118194425
2018-12-03 17:30:00,0.2391492680161491
2018-12-03 17:33:00,0.07924795028731069
2018-12-03 17:36:00,0.04916150557346555
2018-12-03 17:39:00,-0.09415323303420564
2018-12-03 17:42:00,-0.05468214275322225
2018-12-03 17:45:00,0.1178925732793914
2018-12-03 17:48:00,0.17483990640391767
2018-12-03 17:51:00,0.03022878865368739
2018-12-03 17:54:00,0.07916577250813361
2018-12-03 17:57:00,0.0409911195569066
2018-12-03 18:00:00,0.06817236106724067
2018-12-03 18:03:00,0.08609506386164867
2018-12-03 18:06:00,0.08407042499356976
2018-12-03 18:09:00,0.10578895866802895
2018-12-03 18:12:00,0.05302387715602208
2018-12-03 18:15:00,0.07070142621546438
2018-12-03 18:18:00,0.12560305647491532
2018-12-03 18:21:00,0.12738953046869028
2018-12-03 18:24:00,0.118770727188803
2018-12-03 18:27:00,0.19366704069824436
2018-12-03 18:30:00,0.11531560253683892
2018-12-03 18:33:00,0.11021040156487061
2018-12-03 18:36:00,0.11294882290411579
2018-12-03 18:39:00,0.1402890453984469
2018-12-03 18:42:00,0.08542562432603518
2018-12-03 18:45:00,0.19160711231148753
2018-12-03 18:48:00,0.15412943739465845
2018-12-03 18:51:00,0.10827887463028674
2018-12-03 18:54:00,
2018-12-03 18:57:00,
2018-12-03 19:00:00,
2018-12-03 19:03:00,0.010558793228085506
2018-12-03 19:06:00,0.13026510579106798
2018-12-03 19:09:00,0.09958478498595014
2018-12-03 19:12:00,0.08152823799059661
2018-12-03 19:15:00,0.059029111134975665
2018-12-03 19:18:00,-0.018668453977397803
2018-12-03 19:21:00,0.057104554883608216
2018-12-03 19:24:00,0.0640841801319425
2018-12-03 19:27:00,0.11097804694497881
2018-12-03 19:30:00,0.04351016353325576
2018-12-03 19:33:00,0.1102678256913805
2018-12-03 19:36:00,0.06612607574493268
2018-12-03 19:39:00,0.08075597430143944
2018-12-03 19:42:00,0.12523795389705583
2018-12-03 19:45:00,0.04775711407671679
2018-12-03 19:48:00,0.12513873330021852
2018-12-03 19:51:00,0.02301735826250706
2018-12-03 19:54:00,-0.001859503184505229
2018-12-03 19:57:00,0.1003268844866625
2018-12-03 20:00:00,0.06747109000605178
2018-12-03 20:03:00,0.12090909458783017
2018-12-03 20:06:00,0.09694384865122174
2018-12-03 20:09:00,0.05087856431083537
2018-12-03 20:12:00,0.11902838799471738
2018-12-03 20:15:00,0.07594999837846217
2018-12-03 20:18:00,0.17581777365381868
2018-12-03 20:21:00,0.1072074430385328
2018-12-03 20:24:00,0.030706706846331144
2018-12-03 20:27:00,0.09058763642462964
2018-12-03 20:30:00,0.11084401482207795
2018-12-03 20:33:00,0.11781385658002819
2018-12-03 20:36:00,0.16227391802766533
2018-12-03 20:39:00,0.1673645490357103
2018-12-03 20:42:00,0.167792916404494
2018-12-03 20:45:00,0.12050729019620121
2018-12-03 20:48:00,0.20028233731068212
2018-12-03 20:51:00,0.09176575109739815
2018-12-03 20:54:00,0.05546274127533479
2018-12-03 20:57:00,0.20111234872103978
2018-12-03 21:00:00,0.2522609667164488
2018-12-03 21:03:00,0.27823547855456354
2018-12-03 21:06:00,0.21503849400716035
2018-12-03 21:09:00,0.15785710565171485
2018-12-03 21:12:00,0.16501711289305376
2018-12-03 21:15:00,0.2500731741885147
2018-12-03 21:18:00,0.13299737756688046
2018-12-03 21:21:00,0.14460534733672148
2018-12-03 21:24:00,0.29827974073788255
2018-12-03 21:27:00,0.2987772423833803
2018-12-03 21:30:00,0.30641587892040434
2018-12-03 21:33:00,0.24601450876400577
2018-12-03 21:36:00,0.1895255184359712
2018-12-03 21:39:00,0.22857100090141103
2018-12-03 21:42:00,0.20644394822022605
2018-12-03 21:45:00,0.2486901406235802
2018-12-03 21:48:00,0.257375101968762
2018-12-03 21:51:00,0.2419399809166407
2018-12-03 21:54:00,0.218199009879811
2018-12-03 21:57:00,0.20577907801475703
2018-12-03 22:00:00,0.24981506562915
2018-12-03 22:03:00,0.17027798676411976
2018-12-03 22:06:00,0.2515541619905548
2018-12-03 22:09:00,0.19952572357522058
2018-12-03 22:12:00,0.29109390792888235
2018-12-03 22:15:00,0.25781507645240254
2018-12-03 22:18:00,0.22668006987800027
2018-12-03 22:21:00,0.2856117804810765
2018-12-03 22:24:00,0.2931898270420561
2018-12-03 22:27:00,0.27133974904990055
2018-12-03 22:30:00,0.13466257541142568
2018-12-03 22:33:00,0.28577295857394347
2018-12-03 22:36:00,0.25924932338796225
2018-12-03 22:39:00,0.278290226568231
2018-12-03 22:42:00,0.24454294092930695
2018-12-03 22:45:00,0.2841742865395531
2018-12-03 22:48:00,0.2543885307255209
2018-12-03 22:51:00,0.2626246289924552
2018-12-03 22:54:00,0.2695100484632462
2018-12-03 22:57:00,0.2854542502499271
2018-12-03 23:00:00,0.2671632547399554
2018-12-03 23:03:00,0.23177892026075142
2018-12-03 23:06:00,0.19683678040723862
2018-12-03 23:09:00,0.25440751384365967
2018-12-03 23:12:00,0.26838415009586924
2018-12-03 23:15:00,0.28581112160014754
2018-12-03 23:18:00,0.27401036119414357
2018-12-03 23:21:00,0.3177878583587699
2018-12-03 23:24:00,0.2477894027479124
2018-12-03 23:27:00,0.3011891292485416
2018-12-03 23:30:00,0.24229196748098047
2018-12-03 23:33:00,0.2698086616116484
2018-12-03 23:36:00,0.26239165375068296
2018-12-03 23:39:00,0.2503498064966152
2018-12-03 23:42:00,0.2074420246474915
2018-12-03 23:45:00,0.2615505877352007
2018-12-03 23:48:00,0.3037143132906408
2018-12-03 23:51:00,0.31678026749517585
2018-12-03 23:54:00,0.28341361750869964
2018-12-03 23:57:00,0.27893738931226153
2018-12-04 00:00:00,0.29070498045786053
2018-12-04 00:03:00,0.35257344664438506
2018-12-04 00:06:00,0.22571896688629067
2018-12-04 00:09:00,0.21174066159187532
2018-12-04 00:12:00,0.3567146455109764
2018-12-04 00:15:00,0.32383741193979176
2018-12-04 00:18:00,0.26544420683592307
2018-12-04 00:21:00,0.3230276208252576
2018-12-04 00:24:00,0.29274591820473006
2018-12-04 00:27:00,0.2209742208345915
2018-12-04 00:30:00,0.3675153000991713
2018-12-04 00:33:00,0.3188927081295674
2018-12-04 00:36:00,0.2326515900178947
2018-12-04 00:39:00,0.2560254305489025
2018-12-04 00:42:00,0.23098861575823548
2018-12-04 00:45:00,0.28055214152828967
2018-12-04 00:48:00,0.3156146122942687
2018-12-04 00:51:00,0.36368118400304184
2018-12-04 00:54:00,0.3220275240871615
2018-12-04 00:57:00,0.3311948549742283
2018-12-04 01:00:00,0.3372581904216645
2018-12-04 01:03:00,0.2211436536959468
2018-12-04 01:06:00,0.3459616326167634
2018-12-04 01:09:00,0.23422760948398036
2018-12-04 01:12:00,0.2696102370302924
2018-12-04 01:15:00,0.3103974955748754
2018-12-04 01:18:00,0.21120184049271984
2018-12-04 01:21:00,0.24081398376080188
2018-12-04 01:24:00,0.16685439149205195
2018-12-04 01:27:00,0.2703240667715363
2018-12-04 01:30:00,0.1828276775443669
2018-12-04 01:33:00,0.23288885532610948
2018-12-04 01:36:00,0.1794625058348629
2018-12-04 01:39:00,0.3520851909073599
2018-12-04 01:42:00,0.24526057112865374
2018-12-04 01:45:00,0.2911062356027969
2018-12-04 01:48:00,0.3278016019507959
2018-12-04 01:51:00,0.2998011845347719
2018-12-04 01:54:00,0.22489167389028353
2018-12-04 01:57:00,0.3196486838546093
2018-12-04 02:00:00,0.1961473013560635
2018-12-04 02:03:00,0.2757094924320995
2018-12-04 02:06:00,0.329256872489907
2018-12-04 02:09:00,0.31230552237877873
2018-12-04 02:12:00,0.26298014890073773
2018-12-04 02:15:00,0.27658430395064215
2018-12-04 02:18:00,0.28965049500595796
2018-12-04 02:21:00,0.31045479791930575
2018-12-04 02:24:00,0.3016408840103395
2018-12-04 02:27:00,0.34457199888657897
2018-12-04 02:30:00,0.3344939124837083
2018-12-04 02:33:00,0.3601500644029443
2018-12-04 02:36:00,0.32910119676540717
2018-12-04 02:39:00,0.3684410747934521
2018-12-04 02:42:00,0.36517281453149053
2018-12-04 02:45:00,0.3215052846950357
2018-12-04 02:48:00,0.31983980077149
2018-12-04 02:51:00,0.3243935826284883
2018-12-04 02:54:00,0.3807684034524641
2018-12-04 02:57:00,0.32970718817819034
2018-12-04 03:00:00,0.34220089328954373
2018-12-04 03:03:00,0.3027282051686484
2018-12-04 03:06:00,0.27162772389164047
2018-12-04 03:09:00,0.19345816715434694
2018-12-04 03:12:00,0.24052696796718465
2018-12-04 03:15:00,0.27653501759783694
2018-12-04 03:18:00,0.31652646407451357
2018-12-04 03:21:00,0.2629340334372614
2018-12-04 03:24:00,0.24570079494151287
2018-12-04 03:27:00,0.27870496275994583
2018-12-04 03:30:00,0.28339808299904234
2018-12-04 03:33:00,0.2979461664383507
2018-12-04 03:36:00,0.31234401087266406
2018-12-04 03:39:00,0.4024305094632723
2018-12-04 03:42:00,0.33877408610158
2018-12-04 03:45:00,0.3624079836832266
2018-12-04 03:48:00,0.2973833177541678
2018-12-04 03:51:00,0.3134221783443536
2018-12-04 03:54:00,0.32819710237606614
2018-12-04 03:57:00,0.27836289814109705
2018-12-04 04:00:00,0.33601659966734587
2018-12-04 04:03:00,0.34937599776270645
2018-12-04 04:06:00,0.2912862597614776
2018-12-04 04:09:00,0.3695237359568182
2018-12-04 04:12:00,0.33511406625143536
2018-12-04 04:15:00,0.3261964536643518
2018-12-04 04:18:00,0.3645966261121316
2018-12-04 04:21:00,0.2756888761347227
2018-12-04 04:24:00,0.4106847728289722
2018-12-04 04:27:00,0.31814766850618525
2018-12-04 04:30:00,0.38742477387273766
2018-12-04 04:33:00,0.3106021565270112
2018-12-04 04:36:00,0.4072665905568442
2018-12-04 04:39:00,0.3220987956348722
2018-12-04 04:42:00,0.42309680804191885
2018-12-04 04:45:00,0.3482327319179035
2018-12-04 04:48:00,0.38938850443747697
2018-12-04 04:51:00,0.33143354667151925
2018-12-04 04:54:00,0.44621890881091986
2018-12-04 04:57:00,0.3503164981722193
2018-12-04 05:00:00,0.3370329691137499
2018-12-04 05:03:00,0.46371456185221405
2018-12-04 05:06:00,0.3289290744771165
2018-12-04 05:09:00,0.34760755816677147
2018-12-04 05:12:00,0.3806433209151123
2018-12-04 05:15:00,0.38376663218855356
2018-12-04 05:18:00,0.3977825570460709
2018-12-04 05:21:00,0.37549840044283656
2018-12-04 05:24:00,0.46593468006017247
2018-12-04 05:27:00,0.356235131266601
2018-12-04 05:30:00,0.32913813257300717
2018-12-04 05:33:00,0.35881333919292047
2018-12-04 05:36:00,0.25266412952441897
2018-12-04 05:39:00,0.4088637451483237
2018-12-04 05:42:00,0.3330804002231389
2018-12-04 05:45:00,0.36948469582387133
2018-12-04 05:48:00,0.4417561589168031
2018-12-04 05:51:00,0.27762919692582955
2018-12-04 05:54:00,0.354596566337932
2018-12-04 05:57:00,0.3764557885711497
2018-12-04 06:00:00,0.35798219403704934
2018-12-04 06:03:00,0.4196216002303572
2018-12-04 06:06:00,0.3849446668587575
2018-12-04 06:09:00,0.3147168482532834
2018-12-04 06:12:00,0.2778927091815717
2018-12-04 06:15:00,0.37068519671788636
2018-12-04 06:18:00,0.3387158311093117
2018-12-04 06:21:00,0.28873533991151135
2018-12-04 06:24:00,0.2920555754237171
2018-12-04 06:27:00,0.4393482754763909
2018-12-04 06:30:00,0.38065486926592484
2018-12-04 06:33:00,0.355687166313146
2018-12-04 06:36:00,0.34624381887272193
2018-12-04 06:39:00,0.4062446475074353
2018-12-04 06:42:00,0.3918458761874035
2018-12-04 06:45:00,0.1869288742195181
2018-12-04 06:48:00,0.30530914695100364
2018-12-04 06:51:00,0.2994866954338704
2018-12-04 06:54:00,0.33596259166631626
2018-12-04 06:57:00,0.3670618940766417
2018-12-04 07:00:00,0.3809324385302375
2018-12-04 07:03:00,0.46882392169203513
2018-12-04 07:06:00,0.3907647902327085
2018-12-04 07:09:00,0.35898496354388953
2018-12-04 07:12:00,0.33428422156379156
2018-12-04 07:15:00,0.3977927256676139
2018-12-04 07:18:00,0.3867881956988981
2018-12-04 07:21:00,0.3371359035605792
2018-12-04 07:24:00,0.34119994875766224
2018-12-04 07:27:00,0.3837453103652706
2018-12-04 07:30:00,0.2628284170558004
2018-12-04 07:33:00,0.22371783626516617
2018-12-04 07:36:00,0.3719339770958072
2018-12-04 07:39:00,0.2503387019965544
2018-12-04 07:42:00,0.3682593809841137
2018-12-04 07:45:00,0.3085393075089087
2018-12-04 07:48:00,0.3471715311139292
2018-12-04 07:51:00,0.3079024087708149
2018-12-04 07:54:00,0.32053878968963545
2018-12-04 07:57:00,0.35172586348062396
2018-12-04 08:00:00,0.27683701036653474
2018-12-04 08:03:00,0.24812736880630837
2018-12-04 08:06:00,0.24923352429692613
2018-12-04 08:09:00,0.28837550440840687
2018-12-04 08:12:00,0.24088355038719556
2018-12-04 08:15:00,0.25115596392447515
2018-12-04 08:18:00,0.22686178731959217
2018-12-04 08:21:00,0.21311050105032336
2018-12-04 08:24:00,0.2129087884608225
2018-12-04 08:27:00,0.10371240771399926
2018-12-04 08:30:00,0.18259044795655655
2018-12-04 08:33:00,0.21743221660210565
2018-12-04 08:36:00,0.11144580304193141
2018-12-04 08:39:00,0.16186349921969168
2018-12-04 08:42:00,0.15713561280153954
2018-12-04 08:45:00,0.07209368406716976
2018-12-04 08:48:00,0.16861463466364057
2018-12-04 08:51:00,0.17583024331929664
2018-12-04 08:54:00,0.14064968930529176
2018-12-04 08:57:00,0.08753954287737997
2018-12-04 09:00:00,0.13062705744994219
2018-12-04 09:03:00,0.14736421466744787
2018-12-04 09:06:00,0.09960828739633598
2018-12-04 09:09:00,0.05105789197909871
2018-12-04 09:12:00,0.12371698284806598
2018-12-04 09:15:00,0.1271405303808706
2018-12-04 09:18:00,0.05437407104966496
2018-12-04 09:21:00,0.08078320493626734
2018-12-04 09:24:00,-0.03486996636610229
2018-12-04 09:27:00,0.07301816116745385
2018-12-04 09:30:00,0.10145502395630501
2018-12-04 09:33:00,0.06853593989870888
2018-12-04 09:36:00,0.0680452721546203
2018-12-04 09:39:00,-0.01329790830118327
2018-12-04 09:42:00,0.13513993677798908
2018-12-04 09:45:00,0.14680141446382322
2018-12-04 09:48:00,0.061766341068505426
2018-12-04 09:51:00,0.12906069502543005
2018-12-04 09:54:00,0.10783037421435893
2018-12-04 09:57:00,0.2155709095127918
2018-12-04 10:00:00,0.1229501596371847
2018-12-04 10:03:00,0.12840159212237268
2018-12-04 10:06:00,0.12752805141974477
2018-12-04 10:09:00,0.1607586861732102
2018-12-04 10:12:00,0.07225721958991471
2018-12-04 10:15:00,0.05448831002377119
2018-12-04 10:18:00,-0.019948448225136417
2018-12-04 10:21:00,-0.03856507625840777
2018-12-04 10:24:00,0.07576649164485616
2018-12-04 10:27:00,0.0568645441917397
2018-12-04 10:30:00,0.05686519571423787
2018-12-04 10:33:00,0.039892067848541046
2018-12-04 10:36:00,-0.06102069950571831
2018-12-04 10:39:00,-0.043499963776866934
2018-12-04 10:42:00,-0.08127706660303602
2018-12-04 10:45:00,-0.2238731444085147
2018-12-04 10:48:00,-0.03834231615923045
2018-12-04 10:51:00,-0.12539030792731864
2018-12-04 10:54:00,-0.1578988235718839
2018-12-04 10:57:00,-0.05644853041422948
2018-12-04 11:00:00,-0.15437705284273306
2018-12-04 11:03:00,-0.23939530722236668
2018-12-04 11:06:00,-0.11760753039914107
2018-12-04 11:09:00,-0.17767512457334078
2018-12-04 11:12:00,-0.12238606351166936
2018-12-04 11:15:00,-0.08956318047358991
2018-12-04 11:18:00,-0.2822922510474086
2018-12-04 11:21:00,-0.12149688140942771
2018-12-04 11:24:00,-0.02051123135532862
2018-12-04 11:27:00,-0.1765583883014301
2018-12-04 11:30:00,-0.075161753494001
2018-12-04 11:33:00,-0.17749746317025483
2018-12-04 11:36:00,-0.21889502360784263
2018-12-04 11:39:00,-0.07786227869110007
2018-12-04 11:42:00,-0.21691595328388757
2018-12-04 11:45:00,-0.21678262383011315
2018-12-04 11:48:00,-0.14811204461091165
2018-12-04 11:51:00,-0.1813361688662667
2018-12-04 11:54:00,-0.21237524048217438
2018-12-04 11:57:00,-0.17668646867485904
2018-12-04 12:00:00,-0.14659735697711085
2018-12-04 12:03:00,-0.17381186307392227
2018-12-04 12:06:00,-0.15807588522716287
2018-12-04 12:09:00,-0.2143885141122155
2018-12-04 12:12:00,-0.12492616841404924
2018-12-04 12:15:00,-0.051618538085506316
2018-12-04 12:18:00,-0.17984820376591415
2018-12-04 12:21:00,-0.28080689231939004
2018-12-04 12:24:00,-0.11384558295350189
2018-12-04 12:27:00,-0.3094765448591943
2018-12-04 12:30:00,-0.2175166364754091
2018-12-04 12:33:00,-0.2569147895923152
2018-12-04 12:36:00,-0.25504802928270465
2018-12-04 12:39:00,-0.31075292587075865
2018-12-04 12:42:00,-0.2967066174405204
2018-12-04 12:45:00,-0.1222377440120681
2018-12-04 12:48:00,-0.20576668490951988
2018-12-04 12:51:00,-0.29278089682554764
2018-12-04 12:54:00,-0.14697696239232982
2018-12-04 12:57:00,-0.11886568209661164
2018-12-04 13:00:00,-0.31411874725500866
2018-12-04 13:03:00,-0.2888831725856562
2018-12-04 13:06:00,-0.1998393300443695
2018-12-04 13:09:00,-0.2366263931579624
2018-12-04 13:12:00,-0.2362802842310998
2018-12-04 13:15:00,-0.25535989402106907
2018-12-04 13:18:00,-0.20240753391323096
2018-12-04 13:21:00,-0.2516436283385701
2018-12-04 13:24:00,-0.10209830956159749
2018-12-04 13:27:00,-0.13729499795715583
2018-12-04 13:30:00,-0.12123052905707254
2018-12-04 13:33:00,0.05849249311359017
2018-12-04 13:36:00,0.029578462753477197
2018-12-04 13:39:00,0.11385885457565337
2018-12-04 13:42:00,0.15916049026031942
2018-12-04 13:45:00,0.120482753777992
2018-12-04 13:48:00,0.07460617549668314
2018-12-04 13:51:00,-0.08490337255057057
2018-12-04 13:54:00,-0.05362766859292378
2018-12-04 13:57:00,0.006714926072618255
2018-12-04 14:00:00,0.12421880884943448
2018-12-04 14:03:00,0.0027678883297994616
2018-12-04 14:06:00,0.07343756636424814
2018-12-04 14:09:00,0.10264752492463458
2018-12-04 14:12:00,0.06070999941846367
2018-12-04 14:15:00,0.00832730568521356
2018-12-04 14:18:00,0.10190981428775103
2018-12-04 14:21:00,0.007605071156376653
2018-12-04 14:24:00,0.0949564600789472
2018-12-04 14:27:00,0.01450050091131061
2018-12-04 14:30:00,0.04390462314478327
2018-12-04 14:33:00,0.04225786780676799
2018-12-04 14:36:00,0.03257032250115799
2018-12-04 14:39:00,-0.11206828712357719
2018-12-04 14:42:00,-0.032384486396438206
2018-12-04 14:45:00,-0.033141464714333324
2018-12-04 14:48:00,-0.19773006810891047
2018-12-04 14:51:00,-0.08345126044304152
2018-12-04 14:54:00,0.06501175334773279
2018-12-04 14:57:00,0.03184301345515905
2018-12-04 15:00:00,-0.0010398174198371635
2018-12-04 15:03:00,-0.10757748458252081
2018-12-04 15:06:00,-0.028215965586014136
2018-12-04 15:09:00,0.14719111792874173
2018-12-04 15:12:00,0.21932482608912096
2018-12-04 15:15:00,0.33712837220127767
2018-12-04 15:18:00,0.4402481886437499
2018-12-04 15:21:00,0.4812104918310638
2018-12-04 15:24:00,0.3414563912679114
2018-12-04 15:27:00,0.3542544587912744
2018-12-04 15:30:00,0.37338895915701187
2018-12-04 15:33:00,0.2857927040491859
2018-12-04 15:36:00,0.37374626687852697
2018-12-04 15:39:00,0.4140217821873762
2018-12-04 15:42:00,0.2793202007956097
2018-12-04 15:45:00,0.2715178407399321
2018-12-04 15:48:00,0.23144543147861896
2018-12-04 15:51:00,0.17823866492443585
2018-12-04 15:54:00,0.29010706021352917
2018-12-04 15:57:00,0.4579669737680092
2018-12-04 16:00:00,0.4000719013835692
2018-12-04 16:03:00,0.3268716437252124
2018-12-04 16:06:00,0.15883678370687448
2018-12-04 16:09:00,0.17130522550417027
2018-12-04 16:12:00,-0.06848698360903427
2018-12-04 16:15:00,-0.08752526906135927
2018-12-04 16:18:00,0.0403578145057395
2018-12-04 16:21:00,0.050082578807860045
2018-12-04 16:24:00,-0.011631566559913153
2018-12-04 16:27:00,-0.011578917289511992
2018-12-04 16:30:00,-0.014772494976341477
2018-12-04 16:33:00,0.08357107066552771
2018-12-04 16:36:00,0.18194700355991245
2018-12-04 16:39:00,0.11886883055507269
2018-12-04 16:42:00,0.11599045497189309
2018-12-04 16:45:00,0.14973751954335057
2018-12-04 16:48:00,-0.005159317387210649
2018-12-04 16:51:00,0.02691920671452408
2018-12-04 16:54:00,0.03899296944013031
2018-12-04 16:57:00,-0.03128954747762691
2018-12-04 17:00:00,0.022414839459088398
2018-12-04 17:03:00,0.03103554844096834
2018-12-04 17:06:00,0.0018932398504603043
2018-12-04 17:09:00,-0.04402743052492042
2018-12-04 17:12:00,0.005525224429618447
2018-12-04 17:15:00,-0.031895986749077565
2018-12-04 17:18:00,-0.0626097718338201
2018-12-04 17:21:00,-0.005920300487957775
2018-12-04 17:24:00,0.037240918249324295
2018-12-04 17:27:00,0.06672911595040887
2018-12-04 17:30:00,0.140751798594124
2018-12-04 17:33:00,0.14516592338139844
2018-12-04 17:36:00,0.08897556261030104
2018-12-04 17:39:00,0.15118488755342696
2018-12-04 17:42:00,0.14165499530747638
2018-12-04 17:45:00,0.2205171123864602
2018-12-04 17:48:00,0.19415889681829412
2018-12-04 17:51:00,0.10931385400527915
2018-12-04 17:54:00,0.03964483625640014
2018-12-04 17:57:00,0.08528988858671482
2018-12-04 18:00:00,0.16573951291650246
2018-12-04 18:03:00,0.05701879741087623
2018-12-04 18:06:00,0.03247644294793872
2018-12-04 18:09:00,0.15122511705732222
2018-12-04 18:12:00,0.1397229040588286
2018-12-04 18:15:00,0.12552378672472742
2018-12-04 18:18:00,0.08934154692445873
2018-12-04 18:21:00,0.12428215716255409
2018-12-04 18:24:00,0.1823539132365113
2018-12-04 18:27:00,0.19767637308882513
2018-12-04 18:30:00,0.20315796747155446
2018-12-04 18:33:00,0.1079204958211335
2018-12-04 18:36:00,0.2331239401543712
2018-12-04 18:39:00,0.2471993792696594
2018-12-04 18:42:00,0.2714042859269057
2018-12-04 18:45:00,0.20536885132617044
2018-12-04 18:48:00,0.26087055510913615
2018-12-04 18:51:00,0.11192994117664057
2018-12-04 18:54:00,0.10703498838807946
2018-12-04 18:57:00,0.07790329138856578
2018-12-04 19:00:00,0.1771545848772007
2018-12-04 19:03:00,0.10375395495935891
2018-12-04 19:06:00,0.24930904539814946
2018-12-04 19:09:00,0.23117259316262562
2018-12-04 19:12:00,0.2236754896296702
2018-12-04 19:15:00,0.17284162544063975
2018-12-04 19:18:00,0.132557794787715
2018-12-04 19:21:00,0.21576905784957034
2018-12-04 19:24:00,0.1550262029806504
2018-12-04 19:27:00,0.20050506786998312
2018-12-04 19:30:00,0.1261148999989814
2018-12-04 19:33:00,0.20200459571736928
2018-12-04 19:36:00,0.20283298178537734
2018-12-04 19:39:00,0.15292724299445126
2018-12-04 19:42:00,0.17444670739251933
2018-12-04 19:45:00,0.1631051278063751
2018-12-04 19:48:00,0.16930927899545622
2018-12-04 19:51:00,0.2167102884607175
2018-12-04 19:54:00,0.10734530572847234
2018-12-04 19:57:00,0.125328819985441
2018-12-04 20:00:00,0.2241948076663789
2018-12-04 20:03:00,0.1343673811395547
2018-12-04 20:06:00,0.09894219159457407
2018-12-04 20:09:00,0.02905592788766853
2018-12-04 20:12:00,0.1403763045871642
2018-12-04 20:15:00,0.056707401615256
2018-12-04 20:18:00,0.07624498728000617
2018-12-04 20:21:00,0.10360537939197911
2018-12-04 20:24:00,0.17650677638835077
2018-12-04 20:27:00,0.1639746549876122
2018-12-04 20:30:00,0.1610816435193101
2018-12-04 20:33:00,0.1372853291167644
2018-12-04 20:36:00,0.1780541425147817
2018-12-04 20:39:00,0.19379843881620218
2018-12-04 20:42:00,0.2411887419032155
2018-12-04 20:45:00,0.17043155452546443
2018-12-04 20:48:00,0.2427471798738452
2018-12-04 20:51:00,0.11720502555954226
2018-12-04 20:54:00,0.17650528540895039
2018-12-04 20:57:00,0.2549926518447023
2018-12-04 21:00:00,0.22038885799753416
2018-12-04 21:03:00,0.30627794514492734
2018-12-04 21:06:00,0.1373028753661174
2018-12-04 21:09:00,0.24851935904376887
2018-12-04 21:12:00,0.2379308439117267
2018-12-04 21:15:00,0.29433514415035233
2018-12-04 21:18:00,0.2246672728044814
2018-12-04 21:21:00,0.11364724660438696
2018-12-04 21:24:00,0.2013525953262274
2018-12-04 21:27:00,0.16033017040331288
2018-12-04 21:30:00,0.18144247141583492
2018-12-04 21:33:00,0.17235046828341183
2018-12-04 21:36:00,0.16820809275492365
2018-12-04 21:39:00,0.12505098197709685
2018-12-04 21:42:00,0.022321781304867727
2018-12-04 21:45:00,0.1628826206302847
2018-12-04 21:48:00,0.09335694342536272
2018-12-04 21:51:00,0.08043786562512878
2018-12-04 21:54:00,0.15692725120527484
2018-12-04 21:57:00,0.07087346722789789
2018-12-04 22:00:00,0.16040240623897262
2018-12-04 22:03:00,0.15429338463076192
2018-12-04 22:06:00,0.18178972701088014
2018-12-04 22:09:00,0.1871920568345331
2018-12-04 22:12:00,0.2909306655740238
2018-12-04 22:15:00,0.22897203747152162
2018-12-04 22:18:00,0.1812212624125209
2018-12-04 22:21:00,0.2113350777431151
2018-12-04 22:24:00,0.26149554148281595
2018-12-04 22:27:00,0.3142124252132703
2018-12-04 22:30:00,0.2560547057080953
2018-12-04 22:33:00,0.23986751438610554
2018-12-04 22:36:00,0.31281253973691037
2018-12-04 22:39:00,0.17672104402151945
2018-12-04 22:42:00,0.3752241268450689
2018-12-04 22:45:00,0.27941628938873464
2018-12-04 22:48:00,0.1980636625978036
2018-12-04 22:51:00,0.21018750290238586
2018-12-04 22:54:00,0.2243982692746158
2018-12-04 22:57:00,0.2399613635225819
2018-12-04 23:00:00,0.1971007589712599
2018-12-04 23:03:00,0.23147685263239737
2018-12-04 23:06:00,0.27943187285626436
2018-12-04 23:09:00,0.31774677105840965
2018-12-04 23:12:00,0.3390592016079381
2018-12-04 23:15:00,0.41302794200402104
2018-12-04 23:18:00,0.3246349671172766
2018-12-04 23:21:00,0.280775635421719
2018-12-04 23:24:00,0.2504751845397095
2018-12-04 23:27:00,0.24438721141734732
2018-12-04 23:30:00,0.37789852218753595
2018-12-04 23:33:00,0.3394941470258459
2018-12-04 23:36:00,0.3255257125389335
2018-12-04 23:39:00,0.24958364503368102
2018-12-04 23:42:00,0.1925258389630926
2018-12-04 23:45:00,0.1563450623124254
2018-12-04 23:48:00,0.2946210313284041
2018-12-04 23:51:00,0.15952372587531727
2018-12-04 23:54:00,0.14578337352509152
2018-12-04 23:57:00,0.2023505391831577
2018-12-05 00:00:00,0.21810985381921455
2018-12-05 00:03:00,0.1840689764895842
2018-12-05 00:06:00,0.2604255832358717
2018-12-05 00:09:00,0.2290469510243156
2018-12-05 00:12:00,0.15844794935395612
2018-12-05 00:15:00,0.14711477234448012
2018-12-05 00:18:00,0.12434288793269843
2018-12-05 00:21:00,0.22257484833301078
2018-12-05 00:24:00,0.1107670411303161
2018-12-05 00:27:00,0.26739992592376893
2018-12-05 00:30:00,0.16573820055810984
2018-12-05 00:33:00,0.24824341663236282
2018-12-05 00:36:00,0.06465587428141362
2018-12-05 00:39:00,0.11576901390475314
2018-12-05 00:42:00,0.10688097377686745
2018-12-05 00:45:00,0.1418704089543894
2018-12-05 00:48:00,0.2433922484602249
2018-12-05 00:51:00,0.2765307338643197
2018-12-05 00:54:00,0.2523092242778944
2018-12-05 00:57:00,0.36399440558597007
2018-12-05 01:00:00,0.4524647969321336
2018-12-05 01:03:00,0.5501840073763447
2018-12-05 01:06:00,0.4636314928399088
2018-12-05 01:09:00,0.3891727863594383
2018-12-05 01:12:00,0.4865408230882622
2018-12-05 01:15:00,0.37137601841635615
2018-12-05 01:18:00,0.273773598808873
2018-12-05 01:21:00,0.2924818106574776
2018-12-05 01:24:00,0.3235060485781105
2018-12-05 01:27:00,0.3542430513085719
2018-12-05 01:30:00,0.29711452869827326
2018-12-05 01:33:00,0.33858251175627174
2018-12-05 01:36:00,0.3367185312163201
2018-12-05 01:39:00,0.43554547062285565
2018-12-05 01:42:00,0.4454792490816999
2018-12-05 01:45:00,0.44261156590278006
2018-12-05 01:48:00,0.4714496295385402
2018-12-05 01:51:00,0.37424605463610305
2018-12-05 01:54:00,0.47118989413172585
2018-12-05 01:57:00,0.4821822274457759
2018-12-05 02:00:00,0.5579445980022797
2018-12-05 02:03:00,0.5513175565778283
2018-12-05 02:06:00,0.4985984205931686
2018-12-05 02:09:00,0.5386958465133489
2018-12-05 02:12:00,0.5701610734209339
2018-12-05 02:15:00,0.6759500471285378
2018-12-05 02:18:00,0.7044143298329573
2018-12-05 02:21:00,0.770973180325484
2018-12-05 02:24:00,0.7940048460066009
2018-12-05 02:27:00,0.7287855433767163
2018-12-05 02:30:00,0.6952161613251064
2018-12-05 02:33:00,0.7069559790031121
2018-12-05 02:36:00,0.751155778806492
2018-12-05 02:39:00,0.8170586047388042
2018-12-05 02:42:00,0.8241328452440939
2018-12-05 02:45:00,0.7965013756181634
2018-12-05 02:48:00,0.6886414900523619
2018-12-05 02:51:00,0.543838723646445
2018-12-05 02:54:00,0.576557736079053
2018-12-05 02:57:00,0.5438113958653616
2018-12-05 03:00:00,0.573570901020446
2018-12-05 03:03:00,0.5693218236044686
2018-12-05 03:06:00,0.5630223490093158
2018-12-05 03:09:00,0.5979741350524819
2018-12-05 03:12:00,0.650206880823248
2018-12-05 03:15:00,0.596157490709345
2018-12-05 03:18:00,0.5757587056539819
2018-12-05 03:21:00,0.5739139526591543
2018-12-05 03:24:00,0.579502850587744
2018-12-05 03:27:00,0.5252337351503797
2018-12-05 03:30:00,0.5582907151100471
2018-12-05 03:33:00,0.5290349389567268
2018-12-05 03:36:00,0.5527148737540983
2018-12-05 03:39:00,0.43281671409215505
2018-12-05 03:42:00,0.4981636097228943
2018-12-05 03:45:00,0.5783631468839303
2018-12-05 03:48:00,0.4313866811506273
2018-12-05 03:51:00,0.5095535151003219
2018-12-05 03:54:00,0.44709063376706126
2018-12-05 03:57:00,0.5198461667420133
2018-12-05 04:00:00,0.4535759595206059
2018-12-05 04:03:00,0.483810705357655
2018-12-05 04:06:00,0.39486513091827646
2018-12-05 04:09:00,0.48333443723828395
2018-12-05 04:12:00,0.48385077992179504
2018-12-05 04:15:00,0.5074976547673486
2018-12-05 04:18:00,0.5660081981192207
2018-12-05 04:21:00,0.5399684109492
2018-12-05 04:24:00,0.49089943285326854
2018-12-05 04:27:00,0.5116728226516329
2018-12-05 04:30:00,0.4418545518914243
2018-12-05 04:33:00,0.4120722835444326
2018-12-05 04:36:00,0.5094463465481454
2018-12-05 04:39:00,0.5313295934849407
2018-12-05 04:42:00,0.5138936499243414
2018-12-05 04:45:00,0.4694367256605574
2018-12-05 04:48:00,0.5636382835380118
2018-12-05 04:51:00,0.38941120313683086
2018-12-05 04:54:00,0.4498898805774161
2018-12-05 04:57:00,0.5305074826888472
2018-12-05 05:00:00,0.2809413826377636
2018-12-05 05:03:00,0.3850347030361263
2018-12-05 05:06:00,0.40845923538751094
2018-12-05 05:09:00,0.4137264076219367
2018-12-05 05:12:00,0.4598566524736043
2018-12-05 05:15:00,0.40806132552091867
2018-12-05 05:18:00,0.449329537080871
2018-12-05 05:21:00,0.4069196349616391
2018-12-05 05:24:00,0.43797170490819326
2018-12-05 05:27:00,0.44474659001451755
2018-12-05 05:30:00,0.3876384732238307
2018-12-05 05:33:00,0.46811698477756636
2018-12-05 05:36:00,0.525891035322104
2018-12-05 05:39:00,0.41973838356744864
2018-12-05 05:42:00,0.5021128265897232
2018-12-05 05:45:00,0.49263493617542053
2018-12-05 05:48:00,0.5069132162263941
2018-12-05 05:51:00,0.51144013327945
2018-12-05 05:54:00,0.5078999136827065
2018-12-05 05:57:00,0.4335199827249312
2018-12-05 06:00:00,0.488456652775767
2018-12-05 06:03:00,0.48271333221271107
2018-12-05 06:06:00,0.5819925389977243
2018-12-05 06:09:00,0.47240804817636217
2018-12-05 06:12:00,0.4658780726739451
2018-12-05 06:15:00,0.4793291796792687
2018-12-05 06:18:00,0.4198002432476642
2018-12-05 06:21:00,0.410236549395961
2018-12-05 06:24:00,0.42045737926787297
2018-12-05 06:27:00,0.4995688856698166
2018-12-05 06:30:00,0.5033586272986099
2018-12-05 06:33:00,0.2921442679230495
2018-12-05 06:36:00,0.44181792578876866
2018-12-05 06:39:00,0.4180857882762439
2018-12-05 06:42:00,0.4330829933581981
2018-12-05 06:45:00,0.4161169335616819
2018-12-05 06:48:00,0.3748760692311066
2018-12-05 06:51:00,0.34764131023229083
2018-12-05 06:54:00,0.43838189152978657
2018-12-05 06:57:00,0.4202208072785538
2018-12-05 07:00:00,0.43129396323001856
2018-12-05 07:03:00,0.44193089289160525
2018-12-05 07:06:00,0.41121723682039146
2018-12-05 07:09:00,0.42362585451269297
2018-12-05 07:12:00,0.4214590756840835
2018-12-05 07:15:00,0.40439509391705997
2018-12-05 07:18:00,0.4130254768392092
2018-12-05 07:21:00,0.3830310631583984
2018-12-05 07:24:00,0.42356038658437
2018-12-05 07:27:00,0.37390995159762497
2018-12-05 07:30:00,0.34621941391344535
2018-12-05 07:33:00,0.34892163621958616
2018-12-05 07:36:00,0.3829948748812626
2018-12-05 07:39:00,0.3718915516232073
2018-12-05 07:42:00,0.4304035115605416
2018-12-05 07:45:00,0.3660538518927865
2018-12-05 07:48:00,0.3264430916304377
2018-12-05 07:51:00,0.2623447040626843
2018-12-05 07:54:00,0.359664285510803
2018-12-05 07:57:00,0.39797772280371646
2018-12-05 08:00:00,0.3366606235147742
2018-12-05 08:03:00,0.4011037625148788
2018-12-05 08:06:00,0.3890325321207797
2018-12-05 08:09:00,0.38675809569502917
2018-12-05 08:12:00,0.31927604124416575
2018-12-05 08:15:00,0.3672176960718616
2018-12-05 08:18:00,0.37968899316695115
2018-12-05 08:21:00,0.392116086745375
2018-12-05 08:24:00,0.3035576381669216
2018-12-05 08:27:00,0.4832511964066839
2018-12-05 08:30:00,0.3054362005640314
2018-12-05 08:33:00,0.31483349120509274
2018-12-05 08:36:00,0.40636832953322255
2018-12-05 08:39:00,0.35319318360592433
2018-12-05 08:42:00,0.32631852388266225
2018-12-05 08:45:00,0.28071752052221655
2018-12-05 08:48:00,0.3331398508882444
2018-12-05 08:51:00,0.33055443189289235
2018-12-05 08:54:00,0.4413123806929775
2018-12-05 08:57:00,0.4028580147533489
2018-12-05 09:00:00,0.32485076498988974
2018-12-05 09:03:00,0.35847462938522767
2018-12-05 09:06:00,0.40218253464757936
2018-12-05 09:09:00,0.39096980531303416
2018-12-05 09:12:00,0.36549951449165974
2018-12-05 09:15:00,0.2593043394070378
2018-12-05 09:18:00,0.33167191766119686
2018-12-05 09:21:00,0.3819439254428403
2018-12-05 09:24:00,0.3867003416298189
2018-12-05 09:27:00,0.3398611763972781
2018-12-05 09:30:00,0.3572218201642272
2018-12-05 09:33:00,0.34968835546857235
2018-12-05 09:36:00,0.27802394360452354
2018-12-05 09:39:00,0.31584975615589883
2018-12-05 09:42:00,0.28639777123873955
2018-12-05 09:45:00,0.3444655551629694
2018-12-05 09:48:00,0.30515606307818643
2018-12-05 09:51:00,0.39074664808043735
2018-12-05 09:54:00,0.3068447887756065
2018-12-05 09:57:00,0.443898958091836
2018-12-05 10:00:00,0.26447811592191783
2018-12-05 10:03:00,0.3049529344739881
2018-12-05 10:06:00,0.3613572621156891
2018-12-05 10:09:00,0.2852482690761349
2018-12-05 10:12:00,0.26040136242960443
2018-12-05 10:15:00,0.2616304455004297
2018-12-05 10:18:00,0.289229143355044
2018-12-05 10:21:00,0.22075843013226404
2018-12-05 10:24:00,0.31436446039680277
2018-12-05 10:27:00,0.28715577419711735
2018-12-05 10:30:00,0.20026280098505822
2018-12-05 10:33:00,
2018-12-05 10:36:00,
2018-12-05 10:39:00,
2018-12-05 10:42:00,
2018-12-05 10:45:00,
2018-12-05 10:48:00,
2018-12-05 10:51:00,
2018-12-05 10:54:00,
2018-12-05 10:57:00,
2018-12-05 11:00:00,
2018-12-05 11:03:00,
2018-12-05 11:06:00,
2018-12-05 11:09:00,
2018-12-05 11:12:00,
2018-12-05 11:15:00,
2018-12-05 11:18:00,
2018-12-05 11:21:00,
2018-12-05 11:24:00,
2018-12-05 11:27:00,
2018-12-05 11:30:00,
2018-12-05 11:33:00,
2018-12-05 11:36:00,
2018-12-05 11:39:00,
2018-12-05 11:42:00,
2018-12-05 11:45:00,
2018-12-05 11:48:00,
2018-12-05 11:51:00,
2018-12-05 11:54:00,
2018-12-05 11:57:00,
2018-12-05 12:00:00,
2018-12-05 12:03:00,
2018-12-05 12:06:00,
2018-12-05 12:09:00,
2018-12-05 12:12:00,
2018-12-05 12:15:00,
2018-12-05 12:18:00,
2018-12-05 12:21:00,
2018-12-05 12:24:00,
2018-12-05 12:27:00,
2018-12-05 12:30:00,
2018-12-05 12:33:00,
2018-12-05 12:36:00,
2018-12-05 12:39:00,
2018-12-05 12:42:00,
2018-12-05 12:45:00,
2018-12-05 12:48:00,
2018-12-05 12:51:00,
2018-12-05 12:54:00,
2018-12-05 12:57:00,
2018-12-05 13:00:00,
2018-12-05 13:03:00,
2018-12-05 13:06:00,
2018-12-05 13:09:00,
2018-12-05 13:12:00,
2018-12-05 13:15:00,
2018-12-05 13:18:00,
2018-12-05 13:21:00,
2018-12-05 13:24:00,
2018-12-05 13:27:00,
2018-12-05 13:30:00,
2018-12-05 13:33:00,
2018-12-05 13:36:00,
2018-12-05 13:39:00,
2018-12-05 13:42:00,
2018-12-05 13:45:00,
2018-12-05 13:48:00,
2018-12-05 13:51:00,
2018-12-05 13:54:00,
2018-12-05 13:57:00,
2018-12-05 14:00:00,
2018-12-05 14:03:00,
2018-12-05 14:06:00,
2018-12-05 14:09:00,
2018-12-05 14:12:00,
2018-12-05 14:15:00,
2018-12-05 14:18:00,
2018-12-05 14:21:00,
2018-12-05 14:24:00,
2018-12-05 14:27:00,
2018-12-05 14:30:00,
2018-12-05 14:33:00,
2018-12-05 14:36:00,
2018-12-05 14:39:00,
2018-12-05 14:42:00,
2018-12-05 14:45:00,
2018-12-05 14:48:00,
2018-12-05 14:51:00,
2018-12-05 14:54:00,
2018-12-05 14:57:00,
2018-12-05 15:00:00,
2018-12-05 15:03:00,
2018-12-05 15:06:00,
2018-12-05 15:09:00,
2018-12-05 15:12:00,
2018-12-05 15:15:00,
2018-12-05 15:18:00,
2018-12-05 15:21:00,
2018-12-05 15:24:00,
2018-12-05 15:27:00,
2018-12-05 15:30:00,
2018-12-05 15:33:00,
2018-12-05 15:36:00,
2018-12-05 15:39:00,
2018-12-05 15:42:00,
2018-12-05 15:45:00,
2018-12-05 15:48:00,
2018-12-05 15:51:00,
2018-12-05 15:54:00,
2018-12-05 15:57:00,
2018-12-05 16:00:00,
2018-12-05 16:03:00,
2018-12-05 16:06:00,
2018-12-05 16:09:00,
2018-12-05 16:12:00,
2018-12-05 16:15:00,
2018-12-05 16:18:00,
2018-12-05 16:21:00,
2018-12-05 16:24:00,
2018-12-05 16:27:00,
2018-12-05 16:30:00,
2018-12-05 16:33:00,
2018-12-05 16:36:00,
2018-12-05 16:39:00,
2018-12-05 16:42:00,
2018-12-05 16:45:00,
2018-12-05 16:48:00,
2018-12-05 16:51:00,
2018-12-05 16:54:00,
2018-12-05 16:57:00,
2018-12-05 17:00:00,
2018-12-05 17:03:00,
2018-12-05 17:06:00,
2018-12-05 17:09:00,
2018-12-05 17:12:00,
2018-12-05 17:15:00,
2018-12-05 17:18:00,
2018-12-05 17:21:00,
2018-12-05 17:24:00,
2018-12-05 17:27:00,
2018-12-05 17:30:00,
2018-12-05 17:33:00,
2018-12-05 17:36:00,
2018-12-05 17:39:00,
2018-12-05 17:42:00,
2018-12-05 17:45:00,
2018-12-05 17:48:00,
2018-12-05 17:51:00,
2018-12-05 17:54:00,
2018-12-05 17:57:00,
2018-12-05 18:00:00,
2018-12-05 18:03:00,
2018-12-05 18:06:00,
2018-12-05 18:09:00,
2018-12-05 18:12:00,
2018-12-05 18:15:00,
2018-12-05 18:18:00,
2018-12-05 18:21:00,
2018-12-05 18:24:00,
2018-12-05 18:27:00,
2018-12-05 18:30:00,
2018-12-05 18:33:00,
2018-12-05 18:36:00,
2018-12-05 18:39:00,
2018-12-05 18:42:00,
2018-12-05 18:45:00,
2018-12-05 18:48:00,
2018-12-05 18:51:00,
2018-12-05 18:54:00,
2018-12-05 18:57:00,
2018-12-05 19:00:00,
2018-12-05 19:03:00,
2018-12-05 19:06:00,
2018-12-05 19:09:00,
2018-12-05 19:12:00,
2018-12-05 19:15:00,
2018-12-05 19:18:00,
2018-12-05 19:21:00,
2018-12-05 19:24:00,
2018-12-05 19:27:00,
2018-12-05 19:30:00,
2018-12-05 19:33:00,
2018-12-05 19:36:00,
2018-12-05 19:39:00,
2018-12-05 19:42:00,
2018-12-05 19:45:00,
2018-12-05 19:48:00,
2018-12-05 19:51:00,
2018-12-05 19:54:00,
2018-12-05 19:57:00,
2018-12-05 20:00:00,
2018-12-05 20:03:00,
2018-12-05 20:06:00,
2018-12-05 20:09:00,
2018-12-05 20:12:00,
2018-12-05 20:15:00,
2018-12-05 20:18:00,
2018-12-05 20:21:00,
2018-12-05 20:24:00,
2018-12-05 20:27:00,
2018-12-05 20:30:00,
2018-12-05 20:33:00,
2018-12-05 20:36:00,
2018-12-05 20:39:00,
2018-12-05 20:42:00,
2018-12-05 20:45:00,
2018-12-05 20:48:00,
2018-12-05 20:51:00,
2018-12-05 20:54:00,
2018-12-05 20:57:00,
2018-12-05 21:00:00,
2018-12-05 21:03:00,
2018-12-05 21:06:00,
2018-12-05 21:09:00,
2018-12-05 21:12:00,
2018-12-05 21:15:00,
2018-12-05 21:18:00,
2018-12-05 21:21:00,
2018-12-05 21:24:00,
2018-12-05 21:27:00,
2018-12-05 21:30:00,
2018-12-05 21:33:00,
2018-12-05 21:36:00,
2018-12-05 21:39:00,
2018-12-05 21:42:00,
2018-12-05 21:45:00,
2018-12-05 21:48:00,
2018-12-05 21:51:00,
2018-12-05 21:54:00,
2018-12-05 21:57:00,
2018-12-05 22:00:00,
2018-12-05 22:03:00,
2018-12-05 22:06:00,
2018-12-05 22:09:00,
2018-12-05 22:12:00,
2018-12-05 22:15:00,
2018-12-05 22:18:00,
2018-12-05 22:21:00,
2018-12-05 22:24:00,
2018-12-05 22:27:00,
2018-12-05 22:30:00,
2018-12-05 22:33:00,
2018-12-05 22:36:00,
2018-12-05 22:39:00,
2018-12-05 22:42:00,
2018-12-05 22:45:00,
2018-12-05 22:48:00,
2018-12-05 22:51:00,
2018-12-05 22:54:00,
2018-12-05 22:57:00,
2018-12-05 23:00:00,
2018-12-05 23:03:00,
2018-12-05 23:06:00,
2018-12-05 23:09:00,
2018-12-05 23:12:00,
2018-12-05 23:15:00,
2018-12-05 23:18:00,
2018-12-05 23:21:00,
2018-12-05 23:24:00,
2018-12-05 23:27:00,
2018-12-05 23:30:00,
2018-12-05 23:33:00,
2018-12-05 23:36:00,
2018-12-05 23:39:00,
2018-12-05 23:42:00,
2018-12-05 23:45:00,
2018-12-05 23:48:00,
2018-12-05 23:51:00,
2018-12-05 23:54:00,
2018-12-05 23:57:00,
2018-12-06 00:00:00,
2018-12-06 00:03:00,
2018-12-06 00:06:00,
2018-12-06 00:09:00,
2018-12-06 00:12:00,
2018-12-06 00:15:00,
2018-12-06 00:18:00,
2018-12-06 00:21:00,
2018-12-06 00:24:00,
2018-12-06 00:27:00,
2018-12-06 00:30:00,
2018-12-06 00:33:00,
2018-12-06 00:36:00,
2018-12-06 00:39:00,
2018-12-06 00:42:00,
2018-12-06 00:45:00,
2018-12-06 00:48:00,
2018-12-06 00:51:00,
2018-12-06 00:54:00,
2018-12-06 00:57:00,
2018-12-06 01:00:00,
2018-12-06 01:03:00,
2018-12-06 01:06:00,
2018-12-06 01:09:00,
2018-12-06 01:12:00,
2018-12-06 01:15:00,
2018-12-06 01:18:00,
2018-12-06 01:21:00,
2018-12-06 01:24:00,
2018-12-06 01:27:00,
2018-12-06 01:30:00,
2018-12-06 01:33:00,
2018-12-06 01:36:00,
2018-12-06 01:39:00,
2018-12-06 01:42:00,
2018-12-06 01:45:00,
2018-12-06 01:48:00,
2018-12-06 01:51:00,
2018-12-06 01:54:00,
2018-12-06 01:57:00,
2018-12-06 02:00:00,
2018-12-06 02:03:00,
2018-12-06 02:06:00,
2018-12-06 02:09:00,
2018-12-06 02:12:00,
2018-12-06 02:15:00,
2018-12-06 02:18:00,
2018-12-06 02:21:00,
2018-12-06 02:24:00,
2018-12-06 02:27:00,
2018-12-06 02:30:00,
2018-12-06 02:33:00,
2018-12-06 02:36:00,
2018-12-06 02:39:00,
2018-12-06 02:42:00,
2018-12-06 02:45:00,
2018-12-06 02:48:00,
2018-12-06 02:51:00,
2018-12-06 02:54:00,
2018-12-06 02:57:00,
2018-12-06 03:00:00,
2018-12-06 03:03:00,
2018-12-06 03:06:00,
2018-12-06 03:09:00,
2018-12-06 03:12:00,
2018-12-06 03:15:00,
2018-12-06 03:18:00,
2018-12-06 03:21:00,
2018-12-06 03:24:00,
2018-12-06 03:27:00,
2018-12-06 03:30:00,
2018-12-06 03:33:00,
2018-12-06 03:36:00,
2018-12-06 03:39:00,
2018-12-06 03:42:00,
2018-12-06 03:45:00,
2018-12-06 03:48:00,
2018-12-06 03:51:00,
2018-12-06 03:54:00,
2018-12-06 03:57:00,
2018-12-06 04:00:00,
2018-12-06 04:03:00,
2018-12-06 04:06:00,
2018-12-06 04:09:00,
2018-12-06 04:12:00,
2018-12-06 04:15:00,
2018-12-06 04:18:00,
2018-12-06 04:21:00,
2018-12-06 04:24:00,
2018-12-06 04:27:00,
2018-12-06 04:30:00,
2018-12-06 04:33:00,
2018-12-06 04:36:00,
2018-12-06 04:39:00,
2018-12-06 04:42:00,
2018-12-06 04:45:00,
2018-12-06 04:48:00,
2018-12-06 04:51:00,
2018-12-06 04:54:00,
2018-12-06 04:57:00,
2018-12-06 05:00:00,
2018-12-06 05:03:00,
2018-12-06 05:06:00,
2018-12-06 05:09:00,
2018-12-06 05:12:00,
2018-12-06 05:15:00,
2018-12-06 05:18:00,
2018-12-06 05:21:00,
2018-12-06 05:24:00,
2018-12-06 05:27:00,
2018-12-06 05:30:00,
2018-12-06 05:33:00,
2018-12-06 05:36:00,
2018-12-06 05:39:00,
2018-12-06 05:42:00,
2018-12-06 05:45:00,
2018-12-06 05:48:00,
2018-12-06 05:51:00,
2018-12-06 05:54:00,
2018-12-06 05:57:00,
2018-12-06 06:00:00,
2018-12-06 06:03:00,
2018-12-06 06:06:00,
2018-12-06 06:09:00,
2018-12-06 06:12:00,
2018-12-06 06:15:00,
2018-12-06 06:18:00,
2018-12-06 06:21:00,
2018-12-06 06:24:00,
2018-12-06 06:27:00,
2018-12-06 06:30:00,
2018-12-06 06:33:00,
2018-12-06 06:36:00,
2018-12-06 06:39:00,
2018-12-06 06:42:00,
2018-12-06 06:45:00,
2018-12-06 06:48:00,
2018-12-06 06:51:00,
2018-12-06 06:54:00,
2018-12-06 06:57:00,
2018-12-06 07:00:00,
2018-12-06 07:03:00,
2018-12-06 07:06:00,
2018-12-06 07:09:00,
2018-12-06 07:12:00,
2018-12-06 07:15:00,
2018-12-06 07:18:00,
2018-12-06 07:21:00,
2018-12-06 07:24:00,
2018-12-06 07:27:00,
2018-12-06 07:30:00,
2018-12-06 07:33:00,
2018-12-06 07:36:00,
2018-12-06 07:39:00,
2018-12-06 07:42:00,
2018-12-06 07:45:00,
2018-12-06 07:48:00,
2018-12-06 07:51:00,
2018-12-06 07:54:00,
2018-12-06 07:57:00,
2018-12-06 08:00:00,
2018-12-06 08:03:00,
2018-12-06 08:06:00,
2018-12-06 08:09:00,
2018-12-06 08:12:00,
2018-12-06 08:15:00,
2018-12-06 08:18:00,
2018-12-06 08:21:00,
2018-12-06 08:24:00,
2018-12-06 08:27:00,
2018-12-06 08:30:00,
2018-12-06 08:33:00,
2018-12-06 08:36:00,
2018-12-06 08:39:00,
2018-12-06 08:42:00,
2018-12-06 08:45:00,
2018-12-06 08:48:00,
2018-12-06 08:51:00,
2018-12-06 08:54:00,
2018-12-06 08:57:00,
2018-12-06 09:00:00,
2018-12-06 09:03:00,
2018-12-06 09:06:00,
2018-12-06 09:09:00,
2018-12-06 09:12:00,
2018-12-06 09:15:00,
2018-12-06 09:18:00,
2018-12-06 09:21:00,
2018-12-06 09:24:00,
2018-12-06 09:27:00,
2018-12-06 09:30:00,
2018-12-06 09:33:00,
2018-12-06 09:36:00,
2018-12-06 09:39:00,
2018-12-06 09:42:00,
2018-12-06 09:45:00,
2018-12-06 09:48:00,
2018-12-06 09:51:00,
2018-12-06 09:54:00,
2018-12-06 09:57:00,
2018-12-06 10:00:00,
2018-12-06 10:03:00,
2018-12-06 10:06:00,
2018-12-06 10:09:00,
2018-12-06 10:12:00,
2018-12-06 10:15:00,
2018-12-06 10:18:00,
2018-12-06 10:21:00,
2018-12-06 10:24:00,
2018-12-06 10:27:00,
2018-12-06 10:30:00,
2018-12-06 10:33:00,
2018-12-06 10:36:00,
2018-12-06 10:39:00,
2018-12-06 10:42:00,
2018-12-06 10:45:00,
2018-12-06 10:48:00,
2018-12-06 10:51:00,
2018-12-06 10:54:00,
2018-12-06 10:57:00,
2018-12-06 11:00:00,
2018-12-06 11:03:00,
2018-12-06 11:06:00,
2018-12-06 11:09:00,
2018-12-06 11:12:00,
2018-12-06 11:15:00,
2018-12-06 11:18:00,
2018-12-06 11:21:00,
2018-12-06 11:24:00,
2018-12-06 11:27:00,
2018-12-06 11:30:00,
2018-12-06 11:33:00,
2018-12-06 11:36:00,
2018-12-06 11:39:00,
2018-12-06 11:42:00,
2018-12-06 11:45:00,
2018-12-06 11:48:00,
2018-12-06 11:51:00,
2018-12-06 11:54:00,
2018-12-06 11:57:00,
2018-12-06 12:00:00,
2018-12-06 12:03:00,
2018-12-06 12:06:00,
2018-12-06 12:09:00,
2018-12-06 12:12:00,
2018-12-06 12:15:00,
2018-12-06 12:18:00,
2018-12-06 12:21:00,
2018-12-06 12:24:00,
2018-12-06 12:27:00,
2018-12-06 12:30:00,
2018-12-06 12:33:00,
2018-12-06 12:36:00,
2018-12-06 12:39:00,
2018-12-06 12:42:00,
2018-12-06 12:45:00,
2018-12-06 12:48:00,
2018-12-06 12:51:00,
2018-12-06 12:54:00,
2018-12-06 12:57:00,
2018-12-06 13:00:00,
2018-12-06 13:03:00,
2018-12-06 13:06:00,
2018-12-06 13:09:00,
2018-12-06 13:12:00,
2018-12-06 13:15:00,
2018-12-06 13:18:00,
2018-12-06 13:21:00,
2018-12-06 13:24:00,
2018-12-06 13:27:00,
2018-12-06 13:30:00,
2018-12-06 13:33:00,
2018-12-06 13:36:00,
2018-12-06 13:39:00,
2018-12-06 13:42:00,
2018-12-06 13:45:00,
2018-12-06 13:48:00,
2018-12-06 13:51:00,
2018-12-06 13:54:00,
2018-12-06 13:57:00,
2018-12-06 14:00:00,
2018-12-06 14:03:00,
2018-12-06 14:06:00,
2018-12-06 14:09:00,
2018-12-06 14:12:00,
2018-12-06 14:15:00,
2018-12-06 14:18:00,
2018-12-06 14:21:00,
2018-12-06 14:24:00,
2018-12-06 14:27:00,
2018-12-06 14:30:00,
2018-12-06 14:33:00,
2018-12-06 14:36:00,
2018-12-06 14:39:00,
2018-12-06 14:42:00,
2018-12-06 14:45:00,
2018-12-06 14:48:00,
2018-12-06 14:51:00,
2018-12-06 14:54:00,
2018-12-06 14:57:00,
2018-12-06 15:00:00,
2018-12-06 15:03:00,
2018-12-06 15:06:00,
2018-12-06 15:09:00,
2018-12-06 15:12:00,
2018-12-06 15:15:00,
2018-12-06 15:18:00,
2018-12-06 15:21:00,
2018-12-06 15:24:00,
2018-12-06 15:27:00,
2018-12-06 15:30:00,
2018-12-06 15:33:00,
2018-12-06 15:36:00,
2018-12-06 15:39:00,
2018-12-06 15:42:00,
2018-12-06 15:45:00,
2018-12-06 15:48:00,
2018-12-06 15:51:00,
2018-12-06 15:54:00,
2018-12-06 15:57:00,
2018-12-06 16:00:00,
2018-12-06 16:03:00,
2018-12-06 16:06:00,
2018-12-06 16:09:00,
2018-12-06 16:12:00,
2018-12-06 16:15:00,
2018-12-06 16:18:00,
2018-12-06 16:21:00,
2018-12-06 16:24:00,
2018-12-06 16:27:00,
2018-12-06 16:30:00,
2018-12-06 16:33:00,
2018-12-06 16:36:00,
2018-12-06 16:39:00,
2018-12-06 16:42:00,
2018-12-06 16:45:00,
2018-12-06 16:48:00,
2018-12-06 16:51:00,
2018-12-06 16:54:00,
2018-12-06 16:57:00,
2018-12-06 17:00:00,
2018-12-06 17:03:00,
2018-12-06 17:06:00,
2018-12-06 17:09:00,
2018-12-06 17:12:00,
2018-12-06 17:15:00,
2018-12-06 17:18:00,
2018-12-06 17:21:00,
2018-12-06 17:24:00,
2018-12-06 17:27:00,
2018-12-06 17:30:00,
2018-12-06 17:33:00,
2018-12-06 17:36:00,
2018-12-06 17:39:00,
2018-12-06 17:42:00,
2018-12-06 17:45:00,
2018-12-06 17:48:00,
2018-12-06 17:51:00,
2018-12-06 17:54:00,
2018-12-06 17:57:00,
2018-12-06 18:00:00,
2018-12-06 18:03:00,
2018-12-06 18:06:00,
2018-12-06 18:09:00,
2018-12-06 18:12:00,
2018-12-06 18:15:00,
2018-12-06 18:18:00,
2018-12-06 18:21:00,
2018-12-06 18:24:00,
2018-12-06 18:27:00,
2018-12-06 18:30:00,
2018-12-06 18:33:00,
2018-12-06 18:36:00,
2018-12-06 18:39:00,
2018-12-06 18:42:00,
2018-12-06 18:45:00,
2018-12-06 18:48:00,
2018-12-06 18:51:00,
2018-12-06 18:54:00,
2018-12-06 18:57:00,
2018-12-06 19:00:00,
2018-12-06 19:03:00,-0.009325937855294342
2018-12-06 19:06:00,6.81054063988995e-06
2018-12-06 19:09:00,0.029054993794829898
2018-12-06 19:12:00,0.03324709882605248
2018-12-06 19:15:00,0.030357344456092505
2018-12-06 19:18:00,-0.05836143024549756
2018-12-06 19:21:00,0.035181055362954794
2018-12-06 19:24:00,0.030680508826492314
2018-12-06 19:27:00,0.06137407548300189
2018-12-06 19:30:00,0.025807797175502856
2018-12-06 19:33:00,0.04782277893303899
2018-12-06 19:36:00,-0.029476616176111747
2018-12-06 19:39:00,0.06286616860603544
2018-12-06 19:42:00,0.077156419367725
2018-12-06 19:45:00,0.06192039940788163
2018-12-06 19:48:00,0.0863642881446367
2018-12-06 19:51:00,0.0833771144996831
2018-12-06 19:54:00,0.16351059172279747
2018-12-06 19:57:00,0.10635652583630417
2018-12-06 20:00:00,0.07072702610531678
2018-12-06 20:03:00,0.03895294761554169
2018-12-06 20:06:00,0.13780193712943856
2018-12-06 20:09:00,0.11187486271262514
2018-12-06 20:12:00,0.11020020313804935
2018-12-06 20:15:00,0.13608181516462992
2018-12-06 20:18:00,0.17229155342437252
2018-12-06 20:21:00,0.05460673969338359
2018-12-06 20:24:00,0.1728995062696299
2018-12-06 20:27:00,0.15001747602536852
2018-12-06 20:30:00,0.12291378185801705
2018-12-06 20:33:00,0.2198382374917287
2018-12-06 20:36:00,0.20008398381412462
2018-12-06 20:39:00,0.18956555788383866
2018-12-06 20:42:00,0.16927691927111255
2018-12-06 20:45:00,0.106668908382062
2018-12-06 20:48:00,0.08873651978763064
2018-12-06 20:51:00,0.1803601955471663
2018-12-06 20:54:00,0.23409836920984617
2018-12-06 20:57:00,0.15272753031001685
2018-12-06 21:00:00,0.18777308327798892
2018-12-06 21:03:00,0.0852340412761805
2018-12-06 21:06:00,0.10598018714409818
2018-12-06 21:09:00,0.14814906437140962
2018-12-06 21:12:00,0.11246972886499407
2018-12-06 21:15:00,0.2382826335547179
2018-12-06 21:18:00,0.22643257431428765
2018-12-06 21:21:00,0.1987518707537106
2018-12-06 21:24:00,0.18517990939113815
2018-12-06 21:27:00,0.252646827568924
2018-12-06 21:30:00,0.17611065913331458
2018-12-06 21:33:00,0.15584647219469616
2018-12-06 21:36:00,0.17129480314133616
2018-12-06 21:39:00,0.14609210526668903
2018-12-06 21:42:00,0.15330411423286705
2018-12-06 21:45:00,0.03356046341741603
2018-12-06 21:48:00,0.18476415565288562
2018-12-06 21:51:00,0.10638306580318613
2018-12-06 21:54:00,0.1897821253892289
2018-12-06 21:57:00,0.11508635044640414
2018-12-06 22:00:00,0.2372216037169892
2018-12-06 22:03:00,0.2041769017375259
2018-12-06 22:06:00,0.18710917224211698
2018-12-06 22:09:00,0.16510096592577383
2018-12-06 22:12:00,0.18967375196200464
2018-12-06 22:15:00,0.21920801174906046
2018-12-06 22:18:00,0.248588011099514
2018-12-06 22:21:00,0.16406589119327464
2018-12-06 22:24:00,0.18275962619668462
2018-12-06 22:27:00,0.1902393650096883
2018-12-06 22:30:00,0.20920931814811183
2018-12-06 22:33:00,0.23384838020672305
2018-12-06 22:36:00,0.11502464598805773
2018-12-06 22:39:00,0.21323477121705992
2018-12-06 22:42:00,0.2664257440990241
2018-12-06 22:45:00,0.23715009271569443
2018-12-06 22:48:00,0.22881513874273196
2018-12-06 22:51:00,0.25729558582514755
2018-12-06 22:54:00,0.2990733916260524
2018-12-06 22:57:00,0.21444909942385948
2018-12-06 23:00:00,0.2427378237663902
2018-12-06 23:03:00,0.2126407342718153
2018-12-06 23:06:00,0.287354055773676
2018-12-06 23:09:00,0.24415605467959267
2018-12-06 23:12:00,0.20729789328231618
2018-12-06 23:15:00,0.20691146850521136
2018-12-06 23:18:00,0.22192226814752303
2018-12-06 23:21:00,0.28896338298233104
2018-12-06 23:24:00,0.2240421535111068
2018-12-06 23:27:00,0.3202325329753535
2018-12-06 23:30:00,0.26976063139187545
2018-12-06 23:33:00,0.21495255842324923
2018-12-06 23:36:00,0.25510943512904305
2018-12-06 23:39:00,0.23005112343162182
2018-12-06 23:42:00,0.2385869267195062
2018-12-06 23:45:00,0.25238331535723546
2018-12-06 23:48:00,0.26893515557412684
2018-12-06 23:51:00,0.25395328424679064
2018-12-06 23:54:00,0.20747715806095357
2018-12-06 23:57:00,0.22060050707801793
2018-12-07 00:00:00,0.2895883547621452
2018-12-07 00:03:00,0.22951534676769825
2018-12-07 00:06:00,0.2836656269917057
2018-12-07 00:09:00,0.21415506881379542
2018-12-07 00:12:00,0.24346428800333797
2018-12-07 00:15:00,0.314078416085124
2018-12-07 00:18:00,0.28515299706947417
2018-12-07 00:21:00,0.282652489371344
2018-12-07 00:24:00,0.28679671671346796
2018-12-07 00:27:00,0.30249361624072435
2018-12-07 00:30:00,0.24314378963538275
2018-12-07 00:33:00,0.2883248951845303
2018-12-07 00:36:00,0.26322628739967513
2018-12-07 00:39:00,0.22649519610820334
2018-12-07 00:42:00,0.309522449381916
2018-12-07 00:45:00,0.23300849736529017
2018-12-07 00:48:00,0.24020377352252353
2018-12-07 00:51:00,0.23393127283054582
2018-12-07 00:54:00,0.29702053228351133
2018-12-07 00:57:00,0.32372998957799837
2018-12-07 01:00:00,0.3222042429134149
2018-12-07 01:03:00,0.3160947498171822
2018-12-07 01:06:00,0.3240989394972189
2018-12-07 01:09:00,0.2482866517834168
2018-12-07 01:12:00,0.2313318124170678
2018-12-07 01:15:00,0.38046148648800227
2018-12-07 01:18:00,0.33943101610816484
2018-12-07 01:21:00,0.33624965904630244
2018-12-07 01:24:00,0.3216562344715044
2018-12-07 01:27:00,0.31752418069606847
2018-12-07 01:30:00,0.3344048175708849
2018-12-07 01:33:00,0.2444120342549354
2018-12-07 01:36:00,0.3070344382689427
2018-12-07 01:39:00,0.35522875302797274
2018-12-07 01:42:00,0.30290096722580984
2018-12-07 01:45:00,0.26309389585532017
2018-12-07 01:48:00,0.22706534199136286
2018-12-07 01:51:00,0.20171303312611144
2018-12-07 01:54:00,0.3163062478706138
2018-12-07 01:57:00,0.2412182864476904
2018-12-07 02:00:00,0.2281258774497701
2018-12-07 02:03:00,0.25836864252721625
2018-12-07 02:06:00,0.3268042007421741
2018-12-07 02:09:00,0.284675599696925
2018-12-07 02:12:00,0.3326661348779112
2018-12-07 02:15:00,0.37221792967943657
2018-12-07 02:18:00,0.27589103581311747
2018-12-07 02:21:00,0.3191698739607318
2018-12-07 02:24:00,0.31337284628722273
2018-12-07 02:27:00,0.2848356445328477
2018-12-07 02:30:00,0.27403496597361254
2018-12-07 02:33:00,0.28654163028102175
2018-12-07 02:36:00,0.22833015853689176
2018-12-07 02:39:00,0.35037096729678296
2018-12-07 02:42:00,0.29267996242606387
2018-12-07 02:45:00,0.20847264358599205
2018-12-07 02:48:00,0.2999462308275156
2018-12-07 02:51:00,0.24182572239357114
2018-12-07 02:54:00,0.24981682448543552
2018-12-07 02:57:00,0.27392055229887546
2018-12-07 03:00:00,0.29766335947562084
2018-12-07 03:03:00,0.1336245972347001
2018-12-07 03:06:00,0.24243135026017626
2018-12-07 03:09:00,0.34037563205532706
2018-12-07 03:12:00,0.31410482914225213
2018-12-07 03:15:00,0.24262326564462455
2018-12-07 03:18:00,0.2784859332306837
2018-12-07 03:21:00,0.3320783800013487
2018-12-07 03:24:00,0.23596102660548013
2018-12-07 03:27:00,0.4083847870467707
2018-12-07 03:30:00,0.3667476709683797
2018-12-07 03:33:00,0.4226764966536507
2018-12-07 03:36:00,0.3464171121132722
2018-12-07 03:39:00,0.3846958046301552
2018-12-07 03:42:00,0.3523540274081256
2018-12-07 03:45:00,0.3567058426501717
2018-12-07 03:48:00,0.3719524705529693
2018-12-07 03:51:00,0.3081704010090789
2018-12-07 03:54:00,0.2923855571268632
2018-12-07 03:57:00,0.26293010365714053
2018-12-07 04:00:00,0.301698629974851
2018-12-07 04:03:00,0.3677849121023087
2018-12-07 04:06:00,0.39769352324981355
2018-12-07 04:09:00,0.36364040398416364
2018-12-07 04:12:00,0.3343459664222337
2018-12-07 04:15:00,0.3201319181663962
2018-12-07 04:18:00,0.32053062715311853
2018-12-07 04:21:00,0.3451312704421525
2018-12-07 04:24:00,0.2953775192336252
2018-12-07 04:27:00,0.31060742168426714
2018-12-07 04:30:00,0.30846830556208715
2018-12-07 04:33:00,0.2767993061718812
2018-12-07 04:36:00,0.31096250727489405
2018-12-07 04:39:00,0.3178534794442385
2018-12-07 04:42:00,0.31481537996307907
2018-12-07 04:45:00,0.3561414368684268
2018-12-07 04:48:00,0.37656220248140926
2018-12-07 04:51:00,0.27976033477324336
2018-12-07 04:54:00,0.30111250388426924
2018-12-07 04:57:00,0.2984918550807265
2018-12-07 05:00:00,0.2781374366020941
2018-12-07 05:03:00,0.30698318999475305
2018-12-07 05:06:00,0.35908749905939885
2018-12-07 05:09:00,0.33722843329587704
2018-12-07 05:12:00,0.27139066899775344
2018-12-07 05:15:00,0.2618460610951274
2018-12-07 05:18:00,0.28038011419045006
2018-12-07 05:21:00,0.338077653458015
2018-12-07 05:24:00,0.2892851486452628
2018-12-07 05:27:00,0.27090429244145753
2018-12-07 05:30:00,0.24689718726489218
2018-12-07 05:33:00,0.25331569275988386
2018-12-07 05:36:00,0.3722157943978459
2018-12-07 05:39:00,0.32302827207774953
2018-12-07 05:42:00,0.34425702035184713
2018-12-07 05:45:00,0.25375710511451643
2018-12-07 05:48:00,0.20512205233393388
2018-12-07 05:51:00,0.32143256098919437
2018-12-07 05:54:00,0.3682580478577506
2018-12-07 05:57:00,0.23364208024651134
2018-12-07 06:00:00,0.3612629799345086
2018-12-07 06:03:00,0.3221651170262021
2018-12-07 06:06:00,0.28875099751815014
2018-12-07 06:09:00,0.3321717790558978
2018-12-07 06:12:00,0.30101193130849424
2018-12-07 06:15:00,0.2783327812413745
2018-12-07 06:18:00,0.33807259210732354
2018-12-07 06:21:00,0.2225749132676924
2018-12-07 06:24:00,0.33523437994358574
2018-12-07 06:27:00,0.2629155741496447
2018-12-07 06:30:00,0.31626278719716083
2018-12-07 06:33:00,0.15934996960078252
2018-12-07 06:36:00,0.30142358646298817
2018-12-07 06:39:00,0.1968491421945373
2018-12-07 06:42:00,0.34878138321693086
2018-12-07 06:45:00,0.2624304442610992
2018-12-07 06:48:00,0.3114446712145309
2018-12-07 06:51:00,0.30144535806817885
2018-12-07 06:54:00,0.3412906581962716
2018-12-07 06:57:00,0.21277530344150364
2018-12-07 07:00:00,0.33134739436280825
2018-12-07 07:03:00,0.3837794421174294
2018-12-07 07:06:00,0.44451109122849175
2018-12-07 07:09:00,0.3988961292283193
2018-12-07 07:12:00,0.33098058229586513
2018-12-07 07:15:00,0.37549870022263576
2018-12-07 07:18:00,0.3342513890135024
2018-12-07 07:21:00,0.3199446409680604
2018-12-07 07:24:00,0.3082133410014194
2018-12-07 07:27:00,0.21145734752383305
2018-12-07 07:30:00,0.3017131204874204
2018-12-07 07:33:00,0.31772964814132365
2018-12-07 07:36:00,0.26962283856778413
2018-12-07 07:39:00,0.2901611831998139
2018-12-07 07:42:00,0.22350552323280226
2018-12-07 07:45:00,0.2532881448809121
2018-12-07 07:48:00,0.3090731832716642
2018-12-07 07:51:00,0.23752555710086654
2018-12-07 07:54:00,0.21446885901701762
2018-12-07 07:57:00,0.2413824697193263
2018-12-07 08:00:00,0.19383691851999174
2018-12-07 08:03:00,0.21211437880185713
2018-12-07 08:06:00,0.10666170119185381
2018-12-07 08:09:00,0.23823618796888013
2018-12-07 08:12:00,0.1646891889388371
2018-12-07 08:15:00,0.1983232078727042
2018-12-07 08:18:00,0.14379753487207836
2018-12-07 08:21:00,0.14772509622110874
2018-12-07 08:24:00,0.16402943325419983
2018-12-07 08:27:00,0.1126856353936887
2018-12-07 08:30:00,0.13104382222678623
2018-12-07 08:33:00,0.10096289276714288
2018-12-07 08:36:00,0.1738071498773479
2018-12-07 08:39:00,0.1235346979083829
2018-12-07 08:42:00,0.10728438568423826
2018-12-07 08:45:00,0.0062731673649523145
2018-12-07 08:48:00,0.03217757253173659
2018-12-07 08:51:00,0.011146580858905963
2018-12-07 08:54:00,-0.05100004718576656
2018-12-07 08:57:00,-0.008182868218625572
2018-12-07 09:00:00,0.0714813974445292
2018-12-07 09:03:00,-0.007412859313831177
2018-12-07 09:06:00,0.015433250885678262
2018-12-07 09:09:00,0.026145229117275903
2018-12-07 09:12:00,0.03295379180195823
2018-12-07 09:15:00,0.030790985755629663
2018-12-07 09:18:00,-0.029835323019256066
2018-12-07 09:21:00,0.03374293597505584
2018-12-07 09:24:00,-0.04003654089746078
2018-12-07 09:27:00,-0.03777024917593508
2018-12-07 09:30:00,0.040123845060918484
2018-12-07 09:33:00,0.030985827434165003
2018-12-07 09:36:00,-0.02652080726005579
2018-12-07 09:39:00,-0.0740172496001037
2018-12-07 09:42:00,-0.07023753676577371
2018-12-07 09:45:00,-0.013590731130307176
2018-12-07 09:48:00,-0.11156799032278286
2018-12-07 09:51:00,-0.11438960596416337
2018-12-07 09:54:00,-0.07269177536880989
2018-12-07 09:57:00,-0.15595999356213497
2018-12-07 10:00:00,0.02635683533782185
2018-12-07 10:03:00,-0.09076740294096908
2018-12-07 10:06:00,-0.09594062991459396
2018-12-07 10:09:00,-0.0658552745598513
2018-12-07 10:12:00,-0.11857114548507752
2018-12-07 10:15:00,-0.012962552727117327
2018-12-07 10:18:00,-0.09660998621546923
2018-12-07 10:21:00,-0.19293727135180916
2018-12-07 10:24:00,-0.13750912068212529
2018-12-07 10:27:00,-0.18638803820408612
2018-12-07 10:30:00,-0.14855950686921915
2018-12-07 10:33:00,-0.1993034286209081
2018-12-07 10:36:00,-0.2519480900916733
2018-12-07 10:39:00,-0.19010479725363894
2018-12-07 10:42:00,-0.20440083113788887
2018-12-07 10:45:00,-0.1142553753128368
2018-12-07 10:48:00,-0.18807321938157884
2018-12-07 10:51:00,-0.21998769132557072
2018-12-07 10:54:00,-0.2161544882740145
2018-12-07 10:57:00,-0.20153984308905137
2018-12-07 11:00:00,-0.1978671447517968
2018-12-07 11:03:00,-0.32585231209918675
2018-12-07 11:06:00,-0.3568060510815485
2018-12-07 11:09:00,-0.23260331974552173
2018-12-07 11:12:00,-0.26891745406737755
2018-12-07 11:15:00,-0.232071040291828
2018-12-07 11:18:00,-0.2506883945695222
2018-12-07 11:21:00,-0.2746492385760462
2018-12-07 11:24:00,-0.26026586543508756
2018-12-07 11:27:00,-0.23495225140862885
2018-12-07 11:30:00,-0.1841901350070998
2018-12-07 11:33:00,-0.30477896443591135
2018-12-07 11:36:00,-0.35122921139628716
2018-12-07 11:39:00,-0.28901407124135403
2018-12-07 11:42:00,-0.305210974484055
2018-12-07 11:45:00,-0.17715944940164263
2018-12-07 11:48:00,-0.290990322577386
2018-12-07 11:51:00,-0.22228454179395385
2018-12-07 11:54:00,-0.2295124814664291
2018-12-07 11:57:00,-0.30405340734222364
2018-12-07 12:00:00,-0.2264985065713745
2018-12-07 12:03:00,-0.24850501442386985
2018-12-07 12:06:00,-0.31883799630423937
2018-12-07 12:09:00,-0.2422415362349284
2018-12-07 12:12:00,-0.2811453878547354
2018-12-07 12:15:00,-0.25220519390148866
2018-12-07 12:18:00,-0.37613357142635095
2018-12-07 12:21:00,-0.22709373915893138
2018-12-07 12:24:00,-0.32357517751648857
2018-12-07 12:27:00,-0.27130470540146234
2018-12-07 12:30:00,-0.350866674758322
2018-12-07 12:33:00,-0.3191501483922252
2018-12-07 12:36:00,-0.3213401605715944
2018-12-07 12:39:00,-0.33383670204449345
2018-12-07 12:42:00,-0.2466268772510034
2018-12-07 12:45:00,-0.20688526346151548
2018-12-07 12:48:00,-0.24325457688320284
2018-12-07 12:51:00,-0.1491278687183808
2018-12-07 12:54:00,-0.19133954371619666
2018-12-07 12:57:00,-0.21749210333234714
2018-12-07 13:00:00,-0.31358947238294377
2018-12-07 13:03:00,-0.2233120760944871
2018-12-07 13:06:00,-0.3949010083823623
2018-12-07 13:09:00,-0.3230324804344491
2018-12-07 13:12:00,-0.42545933596409213
2018-12-07 13:15:00,-0.3658370076438473
2018-12-07 13:18:00,-0.3623265566565692
2018-12-07 13:21:00,-0.3102272911385171
2018-12-07 13:24:00,-0.3422685857639749
2018-12-07 13:27:00,-0.3482739170929676
2018-12-07 13:30:00,-0.21007436628281084
2018-12-07 13:33:00,-0.34064119994940256
2018-12-07 13:36:00,-0.28994442713297985
2018-12-07 13:39:00,-0.23548077482826102
2018-12-07 13:42:00,-0.17806132685274179
2018-12-07 13:45:00,-0.1821696226303402
2018-12-07 13:48:00,-0.22009791495878517
2018-12-07 13:51:00,-0.262408035086537
2018-12-07 13:54:00,-0.31563753041740483
2018-12-07 13:57:00,-0.41406456793816915
2018-12-07 14:00:00,-0.3628525411476744
2018-12-07 14:03:00,-0.38045382624721924
2018-12-07 14:06:00,-0.2978700195502597
2018-12-07 14:09:00,-0.33141606968945325
2018-12-07 14:12:00,-0.4585930925933326
2018-12-07 14:15:00,-0.3898881777951715
2018-12-07 14:18:00,-0.2982952404574917
2018-12-07 14:21:00,-0.4062449156767798
2018-12-07 14:24:00,-0.30249041110056396
2018-12-07 14:27:00,-0.32075242202006393
2018-12-07 14:30:00,-0.30155304110894576
2018-12-07 14:33:00,-0.19544788066821184
2018-12-07 14:36:00,-0.0575586047308434
2018-12-07 14:39:00,-0.06749736500114523
2018-12-07 14:42:00,0.06692131085912933
2018-12-07 14:45:00,0.09587939544104529
2018-12-07 14:48:00,0.05567514869630941
2018-12-07 14:51:00,0.02237975281980198
2018-12-07 14:54:00,0.14820937926828037
2018-12-07 14:57:00,0.3117740063633505
2018-12-07 15:00:00,0.3585605510679102
2018-12-07 15:03:00,0.27038921193781107
2018-12-07 15:06:00,0.31627739357594464
2018-12-07 15:09:00,0.08264089980758627
2018-12-07 15:12:00,0.2264437420858485
2018-12-07 15:15:00,0.22251519266677633
2018-12-07 15:18:00,0.27949123387764985
2018-12-07 15:21:00,0.2302579105594873
2018-12-07 15:24:00,0.24140936603993168
2018-12-07 15:27:00,0.4210885251565628
2018-12-07 15:30:00,0.28437281352267973
2018-12-07 15:33:00,0.23238472433496327
2018-12-07 15:36:00,0.20905303873490766
2018-12-07 15:39:00,0.34463118528987025
2018-12-07 15:42:00,0.27083091488475475
2018-12-07 15:45:00,0.27201832459229536
2018-12-07 15:48:00,0.2856901635408917
2018-12-07 15:51:00,0.166065402274171
2018-12-07 15:54:00,0.304860761778059
2018-12-07 15:57:00,0.13786215154954107
2018-12-07 16:00:00,0.058265447645453605
2018-12-07 16:03:00,0.08161897705713272
2018-12-07 16:06:00,-0.007005111191233482
2018-12-07 16:09:00,0.07252702750923845
2018-12-07 16:12:00,0.17797348305452942
2018-12-07 16:15:00,0.12144096004072935
2018-12-07 16:18:00,0.12666950192743798
2018-12-07 16:21:00,0.15280765605660918
2018-12-07 16:24:00,0.12278912833630784
2018-12-07 16:27:00,0.09278268491129893
2018-12-07 16:30:00,0.18179054791568205
2018-12-07 16:33:00,0.18153920049815042
2018-12-07 16:36:00,0.2248920829951544
2018-12-07 16:39:00,0.19934318948929786
2018-12-07 16:42:00,0.19343985791817886
2018-12-07 16:45:00,0.17462258178363754
2018-12-07 16:48:00,0.29466677109508055
2018-12-07 16:51:00,0.34121221633705545
2018-12-07 16:54:00,0.364336068063551
2018-12-07 16:57:00,0.6581989421943604
2018-12-07 17:00:00,0.7295553134222246
2018-12-07 17:03:00,0.6239530927194323
2018-12-07 17:06:00,0.5378000831630629
2018-12-07 17:09:00,0.42800065572077983
2018-12-07 17:12:00,0.28589556677343353
2018-12-07 17:15:00,0.31683172494047085
2018-12-07 17:18:00,0.30245489369468714
2018-12-07 17:21:00,0.19998981978528718
2018-12-07 17:24:00,0.027061407147471073
2018-12-07 17:27:00,0.15500059752275774
2018-12-07 17:30:00,-0.037467138438501024
2018-12-07 17:33:00,0.254341879996673
2018-12-07 17:36:00,0.1425590287411751
2018-12-07 17:39:00,0.16873338604358423
2018-12-07 17:42:00,0.08283395211850575
2018-12-07 17:45:00,0.10129887474886345
2018-12-07 17:48:00,0.20770903854912603
2018-12-07 17:51:00,0.11362163179137497
2018-12-07 17:54:00,0.14546351146032066
2018-12-07 17:57:00,0.18751121087052525
2018-12-07 18:00:00,0.12727686881987665
2018-12-07 18:03:00,0.13100984431076768
2018-12-07 18:06:00,0.17295616688244309
2018-12-07 18:09:00,0.1104895674146178
2018-12-07 18:12:00,0.14677550584923438
2018-12-07 18:15:00,0.08909193165885654
2018-12-07 18:18:00,0.07444878665978649
2018-12-07 18:21:00,0.16480030165678272
2018-12-07 18:24:00,0.06383528476362699
2018-12-07 18:27:00,0.16919605900920942
2018-12-07 18:30:00,0.1443908349279468
2018-12-07 18:33:00,0.14041399977730862
2018-12-07 18:36:00,0.1616282848527817
2018-12-07 18:39:00,0.07993622808857026
2018-12-07 18:42:00,0.07327470447000906
2018-12-07 18:45:00,0.03606389729060311
2018-12-07 18:48:00,0.08979902266719364
2018-12-07 18:51:00,0.02413801926479664
2018-12-07 18:54:00,
2018-12-07 18:57:00,
2018-12-07 19:00:00,
2018-12-07 19:03:00,0.05396701272292148
2018-12-07 19:06:00,0.05725366329687631
2018-12-07 19:09:00,0.17150558887954048
2018-12-07 19:12:00,0.1348607710521037
2018-12-07 19:15:00,0.14425888306487877
2018-12-07 19:18:00,0.1068746864002037
2018-12-07 19:21:00,0.01830267519011386
2018-12-07 19:24:00,0.09448060941701897
2018-12-07 19:27:00,0.0776186550419311
2018-12-07 19:30:00,0.13278197735877484
2018-12-07 19:33:00,0.00887008699874059
2018-12-07 19:36:00,0.08606313286901468
2018-12-07 19:39:00,0.03716113958080314
2018-12-07 19:42:00,0.12012754990394114
2018-12-07 19:45:00,0.04096939104510966
2018-12-07 19:48:00,0.09495655301594752
2018-12-07 19:51:00,0.1522312074700949
2018-12-07 19:54:00,0.1195211064809314
2018-12-07 19:57:00,0.048856827767792765
2018-12-07 20:00:00,0.08551761877095032
2018-12-07 20:03:00,0.05188833642489499
2018-12-07 20:06:00,0.11737215055944716
2018-12-07 20:09:00,0.14452558491757372
2018-12-07 20:12:00,0.05094960486809441
2018-12-07 20:15:00,0.11648392602381819
2018-12-07 20:18:00,0.16216090514836878
2018-12-07 20:21:00,0.11663332056872378
2018-12-07 20:24:00,0.11195146551199286
2018-12-07 20:27:00,0.08422024525464167
2018-12-07 20:30:00,0.0009094215021150376
2018-12-07 20:33:00,0.08665774484279609
2018-12-07 20:36:00,0.09026901222108563
2018-12-07 20:39:00,0.16272153491394192
2018-12-07 20:42:00,0.10238819248354503
2018-12-07 20:45:00,0.09648943371445284
2018-12-07 20:48:00,0.0894589998289348
2018-12-07 20:51:00,0.09294000409386172
2018-12-07 20:54:00,0.10745780512485226
2018-12-07 20:57:00,0.08019677476335119
2018-12-07 21:00:00,0.09187831002259372
2018-12-07 21:03:00,0.07703968686979579
2018-12-07 21:06:00,0.20230079189150274
2018-12-07 21:09:00,0.15387077135625304
2018-12-07 21:12:00,0.1390705471796423
2018-12-07 21:15:00,0.11272867134789522
2018-12-07 21:18:00,0.09430831345832758
2018-12-07 21:21:00,0.17035644890779622
2018-12-07 21:24:00,0.1917893218206359
2018-12-07 21:27:00,0.14860177201717306
2018-12-07 21:30:00,0.1053359527014095
2018-12-07 21:33:00,0.13684506103538752
2018-12-07 21:36:00,0.13439622143164343
2018-12-07 21:39:00,0.14770817890007493
2018-12-07 21:42:00,0.14950277001906898
2018-12-07 21:45:00,0.14696346367082924
2018-12-07 21:48:00,0.11249169814402649
2018-12-07 21:51:00,0.1691819136791537
2018-12-07 21:54:00,0.2742393650790973
2018-12-07 21:57:00,0.14162159601181656
2018-12-07 22:00:00,0.10724344018166221
2018-12-07 22:03:00,0.20762511935532757
2018-12-07 22:06:00,0.16045378955982414
2018-12-07 22:09:00,0.137567943858528
2018-12-07 22:12:00,0.21343964042858943
2018-12-07 22:15:00,0.23461282340633716
2018-12-07 22:18:00,0.19075738205282278
2018-12-07 22:21:00,0.23796540667399313
2018-12-07 22:24:00,0.2367917621457991
2018-12-07 22:27:00,0.20499408651966178
2018-12-07 22:30:00,0.265307280141144
2018-12-07 22:33:00,0.17058404689464624
2018-12-07 22:36:00,0.13170761866672365
2018-12-07 22:39:00,0.183866432794332
2018-12-07 22:42:00,0.17803401680032493
2018-12-07 22:45:00,0.1396539211773984
2018-12-07 22:48:00,0.18983352228747208
2018-12-07 22:51:00,0.2029649115529537
2018-12-07 22:54:00,0.172606391568479
2018-12-07 22:57:00,0.18582941822643306
2018-12-07 23:00:00,0.2583028027678438
2018-12-07 23:03:00,0.2660791709192267
2018-12-07 23:06:00,0.25772480943311393
2018-12-07 23:09:00,0.16637830949133559
2018-12-07 23:12:00,0.35350629765088115
2018-12-07 23:15:00,0.17285977430231014
2018-12-07 23:18:00,0.33685049073682194
2018-12-07 23:21:00,0.21420331248680213
2018-12-07 23:24:00,0.17576074259801544
2018-12-07 23:27:00,0.20274990644537638
2018-12-07 23:30:00,0.2458517135937086
2018-12-07 23:33:00,0.2530813465129427
2018-12-07 23:36:00,0.3333422597465301
2018-12-07 23:39:00,0.20762614044343763
2018-12-07 23:42:00,0.20718482189755605
2018-12-07 23:45:00,0.23513240866822116
2018-12-07 23:48:00,0.2535696634420219
2018-12-07 23:51:00,0.22554955993689418
2018-12-07 23:54:00,0.21952838048201784
2018-12-07 23:57:00,0.16460775574307718
2018-12-08 00:00:00,0.25273653067262103
2018-12-08 00:03:00,0.17870044024215304
2018-12-08 00:06:00,0.24174062282514797
2018-12-08 00:09:00,0.19379931530710337
2018-12-08 00:12:00,0.2355663895740463
2018-12-08 00:15:00,0.2793340837851588
2018-12-08 00:18:00,0.2567420451400153
2018-12-08 00:21:00,0.2913935164560826
2018-12-08 00:24:00,0.2598867537724914
2018-12-08 00:27:00,0.22543606495321455
2018-12-08 00:30:00,0.23347829797205577
2018-12-08 00:33:00,0.16565438563867474
2018-12-08 00:36:00,0.23787846176787752
2018-12-08 00:39:00,0.18823881719350766
2018-12-08 00:42:00,0.3143600336654231
2018-12-08 00:45:00,0.26590204661607686
2018-12-08 00:48:00,0.20818539950499826
2018-12-08 00:51:00,0.3348446783957115
2018-12-08 00:54:00,0.2394114943355703
2018-12-08 00:57:00,0.30410173148362674
2018-12-08 01:00:00,0.2166341216584442
2018-12-08 01:03:00,0.11267597716044975
2018-12-08 01:06:00,0.1485499766642988
2018-12-08 01:09:00,0.18251425315446568
2018-12-08 01:12:00,0.16809344616473254
2018-12-08 01:15:00,0.1348751878364851
2018-12-08 01:18:00,0.22243681936254234
2018-12-08 01:21:00,0.15909241499866766
2018-12-08 01:24:00,0.22996882836162058
2018-12-08 01:27:00,0.2222671876319282
2018-12-08 01:30:00,0.1711220299923184
2018-12-08 01:33:00,0.20581661764782666
2018-12-08 01:36:00,0.23957003942336996
2018-12-08 01:39:00,0.20908690444457534
2018-12-08 01:42:00,0.2913457446508687
2018-12-08 01:45:00,0.14358851526731087
2018-12-08 01:48:00,0.2599009523724476
2018-12-08 01:51:00,0.22974835874993005
2018-12-08 01:54:00,0.29669946731428354
2018-12-08 01:57:00,0.20330496989134872
2018-12-08 02:00:00,0.15712988571772257
2018-12-08 02:03:00,0.2611754724879347
2018-12-08 02:06:00,0.3343174935548632
2018-12-08 02:09:00,0.2528953419028994
2018-12-08 02:12:00,0.27428220061915454
2018-12-08 02:15:00,0.23942481732859733
2018-12-08 02:18:00,0.2584022890290498
2018-12-08 02:21:00,0.25673058446466257
2018-12-08 02:24:00,0.2480763300539479
2018-12-08 02:27:00,0.25175383461078127
2018-12-08 02:30:00,0.2658489084404323
2018-12-08 02:33:00,0.2825469097446103
2018-12-08 02:36:00,0.23245857870290365
2018-12-08 02:39:00,0.31442850842279313
2018-12-08 02:42:00,0.3043556375483263
2018-12-08 02:45:00,0.3853609829520792
2018-12-08 02:48:00,0.26588652322743656
2018-12-08 02:51:00,0.32998040592883626
2018-12-08 02:54:00,0.14993930619425555
2018-12-08 02:57:00,0.2701626001617683
2018-12-08 03:00:00,0.28361723005247086
2018-12-08 03:03:00,0.28226078429338486
2018-12-08 03:06:00,0.28307976610994956
2018-12-08 03:09:00,0.2852657142809676
2018-12-08 03:12:00,0.16737675152461406
2018-12-08 03:15:00,0.21454152541565463
2018-12-08 03:18:00,0.19198348563708123
2018-12-08 03:21:00,0.21212387585342185
2018-12-08 03:24:00,0.20249901830726458
2018-12-08 03:27:00,0.2957986010173954
2018-12-08 03:30:00,0.2698246983820809
2018-12-08 03:33:00,0.1728915123021011
2018-12-08 03:36:00,0.36813072032742866
2018-12-08 03:39:00,0.23227697579375217
2018-12-08 03:42:00,0.1819986586530149
2018-12-08 03:45:00,0.23401491902745875
2018-12-08 03:48:00,0.2481055961960692
2018-12-08 03:51:00,0.2739957165211422
2018-12-08 03:54:00,0.2194767825882309
2018-12-08 03:57:00,0.19391725625325762
2018-12-08 04:00:00,0.20970334690429127
2018-12-08 04:03:00,0.2591670153437349
2018-12-08 04:06:00,0.26571160395991456
2018-12-08 04:09:00,0.22011429593192133
2018-12-08 04:12:00,0.21715518667662081
2018-12-08 04:15:00,0.2975630797802751
2018-12-08 04:18:00,0.24157873929516427
2018-12-08 04:21:00,0.18423556120012563
2018-12-08 04:24:00,0.19307220713966444
2018-12-08 04:27:00,0.16808487586189358
2018-12-08 04:30:00,0.20112345167922285
2018-12-08 04:33:00,0.20897823010602679
2018-12-08 04:36:00,0.15549563132339017
2018-12-08 04:39:00,0.3383689897380009
2018-12-08 04:42:00,0.13572178860488293
2018-12-08 04:45:00,0.19091191323133216
2018-12-08 04:48:00,0.19688444747845324
2018-12-08 04:51:00,0.2704850355032704
2018-12-08 04:54:00,0.2368629975909471
2018-12-08 04:57:00,0.2536852310854556
2018-12-08 05:00:00,0.2044139173332269
2018-12-08 05:03:00,0.22193531380327158
2018-12-08 05:06:00,0.2885486220690723
2018-12-08 05:09:00,0.28525720326285864
2018-12-08 05:12:00,0.24438627114261635
2018-12-08 05:15:00,0.20351117031657395
2018-12-08 05:18:00,0.2313876643766548
2018-12-08 05:21:00,0.2751335572433504
2018-12-08 05:24:00,0.2797543364587227
2018-12-08 05:27:00,0.19764487703378109
2018-12-08 05:30:00,0.19342965983958038
2018-12-08 05:33:00,0.2545708464239169
2018-12-08 05:36:00,0.20386502342705626
2018-12-08 05:39:00,0.189337518139439
2018-12-08 05:42:00,0.21593218059882702
2018-12-08 05:45:00,0.22455082321454256
2018-12-08 05:48:00,0.2353725678125329
2018-12-08 05:51:00,0.22180806458044344
2018-12-08 05:54:00,0.2174291410846081
2018-12-08 05:57:00,0.2966852568004583
2018-12-08 06:00:00,0.20443366859512935
2018-12-08 06:03:00,0.2863760836565348
2018-12-08 06:06:00,0.2698546238247559
2018-12-08 06:09:00,0.24888403574078666
2018-12-08 06:12:00,0.3077446894468494
2018-12-08 06:15:00,0.2707184447488089
2018-12-08 06:18:00,0.29996526260083556
2018-12-08 06:21:00,0.23356139512213758
2018-12-08 06:24:00,0.2948076407562894
2018-12-08 06:27:00,0.26046230333736275
2018-12-08 06:30:00,0.22887550815971736
2018-12-08 06:33:00,0.37890801189314516
2018-12-08 06:36:00,0.3449579457755476
2018-12-08 06:39:00,0.31725847781325456
2018-12-08 06:42:00,0.3074468747236665
2018-12-08 06:45:00,0.34174387544885576
2018-12-08 06:48:00,0.3411895995519103
2018-12-08 06:51:00,0.3446022743842718
2018-12-08 06:54:00,0.33252225399007784
2018-12-08 06:57:00,0.22939986729824113
2018-12-08 07:00:00,0.31438767454278604
2018-12-08 07:03:00,0.29585349734622923
2018-12-08 07:06:00,0.2486536707277196
2018-12-08 07:09:00,0.1281474138094154
2018-12-08 07:12:00,0.18490882602850434
2018-12-08 07:15:00,0.22140185156445114
2018-12-08 07:18:00,0.25683723841837036
2018-12-08 07:21:00,0.26314511610479485
2018-12-08 07:24:00,0.2724394639232628
2018-12-08 07:27:00,0.1809959293400425
2018-12-08 07:30:00,0.2004893753166357
2018-12-08 07:33:00,0.31730180225196136
2018-12-08 07:36:00,0.15548969445313787
2018-12-08 07:39:00,0.19932488577416052
2018-12-08 07:42:00,0.20793207880780074
2018-12-08 07:45:00,0.2210874046803042
2018-12-08 07:48:00,0.2213627876612918
2018-12-08 07:51:00,0.15500365206912647
2018-12-08 07:54:00,0.22428125517120634
2018-12-08 07:57:00,0.14933342309518594
2018-12-08 08:00:00,0.145760535525028
2018-12-08 08:03:00,0.14834587510614483
2018-12-08 08:06:00,0.1689729771844668
2018-12-08 08:09:00,0.07832307048334997
2018-12-08 08:12:00,0.25001300535018345
2018-12-08 08:15:00,0.17165987980536102
2018-12-08 08:18:00,0.1586675598310876
2018-12-08 08:21:00,0.12339395131209585
2018-12-08 08:24:00,0.20251852725652952
2018-12-08 08:27:00,0.19790906114269546
2018-12-08 08:30:00,0.23171758024540168
2018-12-08 08:33:00,0.08904511158272044
2018-12-08 08:36:00,0.14108658868423163
2018-12-08 08:39:00,0.14698145132967966
2018-12-08 08:42:00,0.12655188528009376
2018-12-08 08:45:00,0.11140233923794085
2018-12-08 08:48:00,0.05810969872584337
2018-12-08 08:51:00,0.1758283037321462
2018-12-08 08:54:00,0.15332711939191768
2018-12-08 08:57:00,0.05542845898418136
2018-12-08 09:00:00,0.10209373013157119
2018-12-08 09:03:00,0.12409004951814495
2018-12-08 09:06:00,0.09989462339081001
2018-12-08 09:09:00,0.13277252223701907
2018-12-08 09:12:00,0.10552476130220612
2018-12-08 09:15:00,0.11935721066635097
2018-12-08 09:18:00,0.040714504191896594
2018-12-08 09:21:00,0.07792950042437496
2018-12-08 09:24:00,0.05292260129402848
2018-12-08 09:27:00,0.18061846138982673
2018-12-08 09:30:00,0.03683328234728833
2018-12-08 09:33:00,0.11436126465724783
2018-12-08 09:36:00,0.009689259986771503
2018-12-08 09:39:00,0.038259890032350086
2018-12-08 09:42:00,0.005155303356787044
2018-12-08 09:45:00,0.022426792844612464
2018-12-08 09:48:00,0.06555379257605409
2018-12-08 09:51:00,-0.019407964743152206
2018-12-08 09:54:00,0.007566846284873918
2018-12-08 09:57:00,-0.0046263378749813455
2018-12-08 10:00:00,-0.020743916294236442
2018-12-08 10:03:00,-0.07937675159217861
2018-12-08 10:06:00,0.0033428628619276424
2018-12-08 10:09:00,-0.05408857604061268
2018-12-08 10:12:00,-0.05157951234104985
2018-12-08 10:15:00,0.02818258268575846
2018-12-08 10:18:00,-0.03860216983201781
2018-12-08 10:21:00,-0.15495922771305004
2018-12-08 10:24:00,-0.08033611992453871
2018-12-08 10:27:00,-0.014062739154894643
2018-12-08 10:30:00,-0.06841459775142766
2018-12-08 10:33:00,-0.06319191268994473
2018-12-08 10:36:00,-0.17278801639571384
2018-12-08 10:39:00,-0.06142571696318555
2018-12-08 10:42:00,-0.07859028220372011
2018-12-08 10:45:00,-0.0414374301720386
2018-12-08 10:48:00,-0.17279245708658664
2018-12-08 10:51:00,-0.10880996049303349
2018-12-08 10:54:00,-0.11332559837353529
2018-12-08 10:57:00,-0.052302977284227836
2018-12-08 11:00:00,0.00013199779505157494
2018-12-08 11:03:00,-0.006644827910122331
2018-12-08 11:06:00,0.023886441329068475
2018-12-08 11:09:00,-0.11837230627514828
2018-12-08 11:12:00,0.01318091541116928
2018-12-08 11:15:00,-0.07081422956593997
2018-12-08 11:18:00,-0.08120600562239133
2018-12-08 11:21:00,-0.10869704855105056
2018-12-08 11:24:00,-0.04439646545756659
2018-12-08 11:27:00,0.009452046191654517
2018-12-08 11:30:00,-0.08988174845740105
2018-12-08 11:33:00,-0.03825841410531439
2018-12-08 11:36:00,0.11404071177668129
2018-12-08 11:39:00,-0.10239133107018006
2018-12-08 11:42:00,-0.12533337298964398
2018-12-08 11:45:00,-0.07413808246832332
2018-12-08 11:48:00,-0.06539873800363694
2018-12-08 11:51:00,-0.15191771733657333
2018-12-08 11:54:00,-0.07263829346607054
2018-12-08 11:57:00,-0.18444852332430628
2018-12-08 12:00:00,-0.17409714772730922
2018-12-08 12:03:00,-0.12852097135225904
2018-12-08 12:06:00,-0.15753039020728465
2018-12-08 12:09:00,-0.1922431876333235
2018-12-08 12:12:00,-0.13586250744702966
2018-12-08 12:15:00,-0.11607320464713666
2018-12-08 12:18:00,-0.07591118667846786
2018-12-08 12:21:00,-0.1630349597170948
2018-12-08 12:24:00,-0.22786165560722793
2018-12-08 12:27:00,-0.031030336816570525
2018-12-08 12:30:00,-0.06128288996831088
2018-12-08 12:33:00,-0.10157152668369918
2018-12-08 12:36:00,-0.12032476351566856
2018-12-08 12:39:00,-0.07271407237738003
2018-12-08 12:42:00,-0.0593712180330499
2018-12-08 12:45:00,-0.18538211337823896
2018-12-08 12:48:00,-0.16247629078816317
2018-12-08 12:51:00,-0.08478117653510253
2018-12-08 12:54:00,-0.1849250744149913
2018-12-08 12:57:00,-0.1137979869806145
2018-12-08 13:00:00,-0.21258113954507962
2018-12-08 13:03:00,-0.2744083485820852
2018-12-08 13:06:00,-0.1876356982819516
2018-12-08 13:09:00,-0.23900007277779878
2018-12-08 13:12:00,-0.16492150397527894
2018-12-08 13:15:00,-0.17983585643389688
2018-12-08 13:18:00,-0.23045986681410113
2018-12-08 13:21:00,-0.08583612237100624
2018-12-08 13:24:00,-0.12993168792559118
2018-12-08 13:27:00,-0.14671675563135977
2018-12-08 13:30:00,-0.11631713552816336
2018-12-08 13:33:00,-0.29683106047144747
2018-12-08 13:36:00,-0.1261150062950378
2018-12-08 13:39:00,-0.09269134395100309
2018-12-08 13:42:00,-0.13453869225418202
2018-12-08 13:45:00,-0.09994829984316311
2018-12-08 13:48:00,-0.1382921172567535
2018-12-08 13:51:00,-0.2680296525134622
2018-12-08 13:54:00,-0.11433483944819045
2018-12-08 13:57:00,-0.15254193123269033
2018-12-08 14:00:00,-0.26377231871396134
2018-12-08 14:03:00,-0.2921277211644906
2018-12-08 14:06:00,-0.29656159290419737
2018-12-08 14:09:00,-0.17603224731954015
2018-12-08 14:12:00,-0.19131980275528804
2018-12-08 14:15:00,-0.27157115772342877
2018-12-08 14:18:00,-0.28533587577231856
2018-12-08 14:21:00,-0.3033143880831517
2018-12-08 14:24:00,-0.34828612005350124
2018-12-08 14:27:00,-0.31521566994530303
2018-12-08 14:30:00,-0.23731695026503985
2018-12-08 14:33:00,-0.1754435776849732
2018-12-08 14:36:00,-0.16260598011103866
2018-12-08 14:39:00,-0.2171881117512271
2018-12-08 14:42:00,-0.15082007494532945
2018-12-08 14:45:00,-0.20019723828795577
2018-12-08 14:48:00,-0.14660309337386934
2018-12-08 14:51:00,-0.3170288166192563
2018-12-08 14:54:00,-0.17567825413345872
2018-12-08 14:57:00,-0.13284957301465283
2018-12-08 15:00:00,-0.1561072027324144
2018-12-08 15:03:00,-0.2153540061392505
2018-12-08 15:06:00,-0.2512785027121822
2018-12-08 15:09:00,-0.1372062121317299
2018-12-08 15:12:00,-0.14761671806047616
2018-12-08 15:15:00,-0.17666092900395824
2018-12-08 15:18:00,-0.20113746486038053
2018-12-08 15:21:00,-0.06736774677466428
2018-12-08 15:24:00,-0.1089531343226895
2018-12-08 15:27:00,-0.17693380013821525
2018-12-08 15:30:00,-0.17556293894796227
2018-12-08 15:33:00,-0.16295438525696682
2018-12-08 15:36:00,-0.15671589841400646
2018-12-08 15:39:00,-0.16882694329621017
2018-12-08 15:42:00,-0.08744543234416824
2018-12-08 15:45:00,-0.10987364830475599
2018-12-08 15:48:00,-0.11714927711369683
2018-12-08 15:51:00,-0.0735165958751054
2018-12-08 15:54:00,-0.27167537443142464
2018-12-08 15:57:00,-0.1583632878903245
2018-12-08 16:00:00,-0.004439977681840901
2018-12-08 16:03:00,-0.0010474505915567534
2018-12-08 16:06:00,-0.18048587022400397
2018-12-08 16:09:00,-0.06235738876597452
2018-12-08 16:12:00,0.02456700905577236
2018-12-08 16:15:00,-0.14108042030437673
2018-12-08 16:18:00,-0.19313571178992106
2018-12-08 16:21:00,0.005676536384214614
2018-12-08 16:24:00,0.09431386105609363
2018-12-08 16:27:00,0.07040059821491695
2018-12-08 16:30:00,0.021087296615803552
2018-12-08 16:33:00,-0.09269920464601
2018-12-08 16:36:00,-0.1703118722381305
2018-12-08 16:39:00,0.00322515845681437
2018-12-08 16:42:00,0.07182710015359817
2018-12-08 16:45:00,0.03817710020729237
2018-12-08 16:48:00,0.0775105349024443
2018-12-08 16:51:00,0.08352915594599608
2018-12-08 16:54:00,-0.007043425311962892
2018-12-08 16:57:00,0.03548731536602645
2018-12-08 17:00:00,0.09907250635535547
2018-12-08 17:03:00,-0.08034927703465655
2018-12-08 17:06:00,-0.042734540238541285
2018-12-08 17:09:00,0.11693537338106808
2018-12-08 17:12:00,0.03257346274904194
2018-12-08 17:15:00,-0.028451912201830964
2018-12-08 17:18:00,-0.09685970428245128
2018-12-08 17:21:00,-0.08335570995791386
2018-12-08 17:24:00,-0.05222410793379595
2018-12-08 17:27:00,-0.1231968009301454
2018-12-08 17:30:00,-0.12595696684945779
2018-12-08 17:33:00,-0.17901710599846865
2018-12-08 17:36:00,-0.1457508152501532
2018-12-08 17:39:00,-0.10874971621575469
2018-12-08 17:42:00,-0.057551979919537644
2018-12-08 17:45:00,-0.10423367145023121
2018-12-08 17:48:00,-0.06873332134512111
2018-12-08 17:51:00,-0.0824154642883741
2018-12-08 17:54:00,-0.17458101390820957
2018-12-08 17:57:00,-0.1582131477013604
2018-12-08 18:00:00,-0.1829326608162205
2018-12-08 18:03:00,-0.06787461892378133
2018-12-08 18:06:00,-0.01568348090802374
2018-12-08 18:09:00,-0.069311205177371
2018-12-08 18:12:00,-0.10623402363449941
2018-12-08 18:15:00,-0.08657313947827561
2018-12-08 18:18:00,-0.06596198544076515
2018-12-08 18:21:00,-0.09153447124583636
2018-12-08 18:24:00,-0.15315660024128874
2018-12-08 18:27:00,-0.18643998381406846
2018-12-08 18:30:00,-0.06230808088236017
2018-12-08 18:33:00,-0.07854463945903944
2018-12-08 18:36:00,-0.07520401113504249
2018-12-08 18:39:00,-0.011261323266467116
2018-12-08 18:42:00,-0.0856203364863859
2018-12-08 18:45:00,-0.04822223230394229
2018-12-08 18:48:00,-0.11214640929512143
2018-12-08 18:51:00,-0.09568029895160635
2018-12-08 18:54:00,-0.014692564635652161
2018-12-08 18:57:00,
2018-12-08 19:00:00,
2018-12-08 19:03:00,0.014036616344583308
2018-12-08 19:06:00,-0.02564692720432049
2018-12-08 19:09:00,-0.0030547159394131995
2018-12-08 19:12:00,-0.022785377491231884
2018-12-08 19:15:00,-0.07154267796880731
2018-12-08 19:18:00,-0.07482467997590447
2018-12-08 19:21:00,-0.07621053220503882
2018-12-08 19:24:00,0.028075853019572605
2018-12-08 19:27:00,0.024571446087293225
2018-12-08 19:30:00,-0.0332208068222144
2018-12-08 19:33:00,-0.03464339316718679
2018-12-08 19:36:00,0.03805637306351173
2018-12-08 19:39:00,0.06828272986797401
2018-12-08 19:42:00,-0.09890930343402715
2018-12-08 19:45:00,-0.0066872469621444
2018-12-08 19:48:00,0.03735218996610001
2018-12-08 19:51:00,0.029272729477156645
2018-12-08 19:54:00,0.06263209622244403
2018-12-08 19:57:00,0.03443112359917677
2018-12-08 20:00:00,0.016503712400378845
2018-12-08 20:03:00,0.006526824493391814
2018-12-08 20:06:00,0.011327775027098141
2018-12-08 20:09:00,0.014736772496462436
2018-12-08 20:12:00,-0.023917609324314526
2018-12-08 20:15:00,0.007312947639604772
2018-12-08 20:18:00,-0.008615848007309523
2018-12-08 20:21:00,0.13878244585532684
2018-12-08 20:24:00,0.0015971807160894969
2018-12-08 20:27:00,0.030873354878792725
2018-12-08 20:30:00,0.11571946188240645
2018-12-08 20:33:00,0.07688210509274995
2018-12-08 20:36:00,0.04994438321614325
2018-12-08 20:39:00,0.13313129894191889
2018-12-08 20:42:00,-0.0632063324882779
2018-12-08 20:45:00,-0.029256060936006634
2018-12-08 20:48:00,0.12399847988530155
2018-12-08 20:51:00,-0.07644412877289142
2018-12-08 20:54:00,0.0616716035593754
2018-12-08 20:57:00,0.0334936097518721
2018-12-08 21:00:00,0.09304856443839071
2018-12-08 21:03:00,0.06144476163638046
2018-12-08 21:06:00,0.047058996884061344
2018-12-08 21:09:00,0.09414612713476345
2018-12-08 21:12:00,0.014203257167878292
2018-12-08 21:15:00,0.06567068659245479
2018-12-08 21:18:00,0.06148248355765418
2018-12-08 21:21:00,0.08827508716905186
2018-12-08 21:24:00,-0.04755316332898474
2018-12-08 21:27:00,0.08002103580514586
2018-12-08 21:30:00,0.15995081353105434
2018-12-08 21:33:00,0.14794387538609044
2018-12-08 21:36:00,0.13480988772590763
2018-12-08 21:39:00,0.18452769742089004
2018-12-08 21:42:00,0.1062785500162704
2018-12-08 21:45:00,0.19597645646524597
2018-12-08 21:48:00,0.05005729258249403
2018-12-08 21:51:00,0.0959602608629666
2018-12-08 21:54:00,0.11080403616023204
2018-12-08 21:57:00,0.19691237690756225
2018-12-08 22:00:00,0.06732901421440829
2018-12-08 22:03:00,0.17109870099460522
2018-12-08 22:06:00,0.09886353945432802
2018-12-08 22:09:00,0.011777842152980611
2018-12-08 22:12:00,0.13250041606664809
2018-12-08 22:15:00,0.05920373652099897
2018-12-08 22:18:00,0.007876566039954014
2018-12-08 22:21:00,0.1264487867705384
2018-12-08 22:24:00,-0.0097206342551317
2018-12-08 22:27:00,0.08327507521511279
2018-12-08 22:30:00,0.14657384641674298
2018-12-08 22:33:00,0.10214983245532494
2018-12-08 22:36:00,0.21096319114730022
2018-12-08 22:39:00,0.087970018478984
2018-12-08 22:42:00,0.15705761524941408
2018-12-08 22:45:00,0.1703284653842161
2018-12-08 22:48:00,0.20760965628733175
2018-12-08 22:51:00,0.18951369317568378
2018-12-08 22:54:00,0.21215296740552958
2018-12-08 22:57:00,0.13834334600068132
2018-12-08 23:00:00,0.169786829699774
2018-12-08 23:03:00,0.1560229074474364
2018-12-08 23:06:00,0.2445287940421963
2018-12-08 23:09:00,0.2728633610300335
2018-12-08 23:12:00,0.29997217414774013
2018-12-08 23:15:00,0.15856998145869738
2018-12-08 23:18:00,0.17680700419208506
2018-12-08 23:21:00,0.21952385072745528
2018-12-08 23:24:00,0.10335946291422715
2018-12-08 23:27:00,0.2121132650635218
2018-12-08 23:30:00,0.055356767966316056
2018-12-08 23:33:00,0.08178037583178366
2018-12-08 23:36:00,0.03204803061214534
2018-12-08 23:39:00,0.09969360189921872
2018-12-08 23:42:00,0.15996060435116988
2018-12-08 23:45:00,0.1977339718145572
2018-12-08 23:48:00,0.049981965096208114
2018-12-08 23:51:00,0.12105935117091349
2018-12-08 23:54:00,0.04673821656791688
2018-12-08 23:57:00,0.0889812253072364
2018-12-09 00:00:00,0.10357918036345382
2018-12-09 00:03:00,0.04634063826080137
2018-12-09 00:06:00,0.061078516814461636
2018-12-09 00:09:00,0.10683977697021874
2018-12-09 00:12:00,0.10010103586978403
2018-12-09 00:15:00,0.08507962666436697
2018-12-09 00:18:00,0.07797337508799274
2018-12-09 00:21:00,0.13732100759864352
2018-12-09 00:24:00,0.13360081204479002
2018-12-09 00:27:00,0.16742330284267837
2018-12-09 00:30:00,0.16950911286255632
2018-12-09 00:33:00,0.26034167838605526
2018-12-09 00:36:00,0.1691605736654651
2018-12-09 00:39:00,0.1336373851890471
2018-12-09 00:42:00,0.21827335633162193
2018-12-09 00:45:00,0.24153195850067277
2018-12-09 00:48:00,0.1698476618081486
2018-12-09 00:51:00,0.2766447358080768
2018-12-09 00:54:00,0.248225842274735
2018-12-09 00:57:00,0.21464757854027994
2018-12-09 01:00:00,0.1399707882434882
2018-12-09 01:03:00,0.20537708571453095
2018-12-09 01:06:00,0.16808623372071452
2018-12-09 01:09:00,0.21583939369122618
2018-12-09 01:12:00,0.17831301550523904
2018-12-09 01:15:00,0.13864248110104427
2018-12-09 01:18:00,0.240102293394159
2018-12-09 01:21:00,0.2263348647944099
2018-12-09 01:24:00,0.2162901721990238
2018-12-09 01:27:00,0.1962346003243738
2018-12-09 01:30:00,0.10009297424073793
2018-12-09 01:33:00,0.1801762363405146
2018-12-09 01:36:00,0.28672202761163135
2018-12-09 01:39:00,0.11235054042003867
2018-12-09 01:42:00,0.1282943493528137
2018-12-09 01:45:00,0.16938646219631437
2018-12-09 01:48:00,0.1690856085173209
2018-12-09 01:51:00,0.24068293111258754
2018-12-09 01:54:00,0.2037864859279921
2018-12-09 01:57:00,0.24069187056414876
2018-12-09 02:00:00,0.24678262673177187
2018-12-09 02:03:00,0.3773972159891059
2018-12-09 02:06:00,0.4018555688481342
2018-12-09 02:09:00,0.36610195021057734
2018-12-09 02:12:00,0.42287873947708476
2018-12-09 02:15:00,0.3670362857920395
2018-12-09 02:18:00,0.44177529135799887
2018-12-09 02:21:00,0.4850279587902264
2018-12-09 02:24:00,0.3773239574665581
2018-12-09 02:27:00,0.3143943252770782
2018-12-09 02:30:00,0.3615385500788193
2018-12-09 02:33:00,0.25294287425930406
2018-12-09 02:36:00,0.31450991881104073
2018-12-09 02:39:00,0.22239909509573863
2018-12-09 02:42:00,0.282642813771929
2018-12-09 02:45:00,0.22575459614171223
2018-12-09 02:48:00,0.32821517810509704
2018-12-09 02:51:00,0.3221692864146348
2018-12-09 02:54:00,0.3566620651845369
2018-12-09 02:57:00,0.19366079244940693
2018-12-09 03:00:00,0.25646109054622457
2018-12-09 03:03:00,0.2496930393553498
2018-12-09 03:06:00,0.29217359419072864
2018-12-09 03:09:00,0.2881358542870771
2018-12-09 03:12:00,0.35504768759960825
2018-12-09 03:15:00,0.2848993781128115
2018-12-09 03:18:00,0.34472803450609035
2018-12-09 03:21:00,0.1871668425765165
2018-12-09 03:24:00,0.307084208722074
2018-12-09 03:27:00,0.32578443973176263
2018-12-09 03:30:00,0.3271746157281541
2018-12-09 03:33:00,0.33686573799769803
2018-12-09 03:36:00,0.37444821178166876
2018-12-09 03:39:00,0.24411549902248453
2018-12-09 03:42:00,0.29963369306949517
2018-12-09 03:45:00,0.36008886308553656
2018-12-09 03:48:00,0.3544354526895859
2018-12-09 03:51:00,0.24110512391916927
2018-12-09 03:54:00,0.37070268754382596
2018-12-09 03:57:00,0.27272443000595104
2018-12-09 04:00:00,0.19496346500551454
2018-12-09 04:03:00,0.2599111026219134
2018-12-09 04:06:00,0.27579051669141563
2018-12-09 04:09:00,0.24404361149237275
2018-12-09 04:12:00,0.2814046282492768
2018-12-09 04:15:00,0.2664361013476082
2018-12-09 04:18:00,0.27409177576981847
2018-12-09 04:21:00,0.19226319037915118
2018-12-09 04:24:00,0.16590446339569098
2018-12-09 04:27:00,0.3311099343982846
2018-12-09 04:30:00,0.20269513047168175
2018-12-09 04:33:00,0.2648345244249981
2018-12-09 04:36:00,0.10969875185725186
2018-12-09 04:39:00,0.2661273810514331
2018-12-09 04:42:00,0.3209361884730697
2018-12-09 04:45:00,0.250792212921624
2018-12-09 04:48:00,0.24259033660405294
2018-12-09 04:51:00,0.24428175692833065
2018-12-09 04:54:00,0.2692224531388092
2018-12-09 04:57:00,0.27735922708944827
2018-12-09 05:00:00,0.2827110545669598
2018-12-09 05:03:00,0.2668910343593893
2018-12-09 05:06:00,0.3754298670431808
2018-12-09 05:09:00,0.3448464265629809
2018-12-09 05:12:00,0.2618756155755477
2018-12-09 05:15:00,0.2943702845128655
2018-12-09 05:18:00,0.31849069235789784
2018-12-09 05:21:00,0.2781309253659856
2018-12-09 05:24:00,0.3391729712461711
2018-12-09 05:27:00,0.15892263361405412
2018-12-09 05:30:00,0.24495141786189834
2018-12-09 05:33:00,0.2739669610590454
2018-12-09 05:36:00,0.288268602194762
2018-12-09 05:39:00,0.2309887717040624
2018-12-09 05:42:00,0.23110178308292006
2018-12-09 05:45:00,0.2936815180646022
2018-12-09 05:48:00,0.2438358230041331
2018-12-09 05:51:00,0.24812122258236968
2018-12-09 05:54:00,0.32477915206271746
2018-12-09 05:57:00,0.26240223655048567
2018-12-09 06:00:00,0.25173273970136734
2018-12-09 06:03:00,0.2645306093705244
2018-12-09 06:06:00,0.28515020985810224
2018-12-09 06:09:00,0.20601787645733793
2018-12-09 06:12:00,0.20096798954926953
2018-12-09 06:15:00,0.30229746164877724
2018-12-09 06:18:00,0.2531502628472708
2018-12-09 06:21:00,0.25828525717986395
2018-12-09 06:24:00,0.2775382193952396
2018-12-09 06:27:00,0.28722688944645824
2018-12-09 06:30:00,0.32544808727664076
2018-12-09 06:33:00,0.18778786654752366
2018-12-09 06:36:00,0.2101114176140868
2018-12-09 06:39:00,0.18749725586121713
2018-12-09 06:42:00,0.33103566757552016
2018-12-09 06:45:00,0.2563054333147079
2018-12-09 06:48:00,0.2670187076729462
2018-12-09 06:51:00,0.22254087193658734
2018-12-09 06:54:00,0.24142398601992454
2018-12-09 06:57:00,0.2535169117225564
2018-12-09 07:00:00,0.24293473768204876
2018-12-09 07:03:00,0.25771806153659327
2018-12-09 07:06:00,0.23296159453315113
2018-12-09 07:09:00,0.22725443453612115
2018-12-09 07:12:00,0.2593251677838566
2018-12-09 07:15:00,0.25538779020160973
2018-12-09 07:18:00,0.26233539115429494
2018-12-09 07:21:00,0.3579733034273431
2018-12-09 07:24:00,0.29357904780238187
2018-12-09 07:27:00,0.2791203591260114
2018-12-09 07:30:00,0.19233287209146965
2018-12-09 07:33:00,0.2259653542507749
2018-12-09 07:36:00,0.3278861150198509
2018-12-09 07:39:00,0.2671285213500596
2018-12-09 07:42:00,0.27746986139942464
2018-12-09 07:45:00,0.28763351969701034
2018-12-09 07:48:00,0.2264774732872752
2018-12-09 07:51:00,0.2833167392780638
2018-12-09 07:54:00,0.25119009940186743
2018-12-09 07:57:00,0.19786206076855706
2018-12-09 08:00:00,0.24850334366806237
2018-12-09 08:03:00,0.1451373170615966
2018-12-09 08:06:00,0.17025923404230525
2018-12-09 08:09:00,0.27960418387323216
2018-12-09 08:12:00,0.27053216065502284
2018-12-09 08:15:00,0.27131471823491893
2018-12-09 08:18:00,0.19365283608561867
2018-12-09 08:21:00,0.15271466942056122
2018-12-09 08:24:00,0.15380884871899525
2018-12-09 08:27:00,0.26937353863564795
2018-12-09 08:30:00,0.17240184489361354
2018-12-09 08:33:00,0.21247576225579223
2018-12-09 08:36:00,0.2373544826378975
2018-12-09 08:39:00,0.17388227230736675
2018-12-09 08:42:00,0.2072467973609946
2018-12-09 08:45:00,0.17260549946462334
2018-12-09 08:48:00,0.09868125601207112
2018-12-09 08:51:00,0.07787835126111986
2018-12-09 08:54:00,0.15200871920507097
2018-12-09 08:57:00,0.1348012059335133
2018-12-09 09:00:00,0.15743047302464674
2018-12-09 09:03:00,0.06829673665515656
2018-12-09 09:06:00,0.11083994900570815
2018-12-09 09:09:00,0.1416952328440857
2018-12-09 09:12:00,0.034392789526123124
2018-12-09 09:15:00,0.04041173083260219
2018-12-09 09:18:00,-0.004940722378478313
2018-12-09 09:21:00,-0.003811022210243209
2018-12-09 09:24:00,0.03827667392914691
2018-12-09 09:27:00,0.06242618465586247
2018-12-09 09:30:00,-0.04038854379609802
2018-12-09 09:33:00,0.11831568573649065
2018-12-09 09:36:00,-0.0004433763047586581
2018-12-09 09:39:00,0.045187059638976734
2018-12-09 09:42:00,0.059745269006953095
2018-12-09 09:45:00,-0.07394357668266593
2018-12-09 09:48:00,0.030265887626512722
2018-12-09 09:51:00,0.07155043499921021
2018-12-09 09:54:00,0.018011808307335286
2018-12-09 09:57:00,0.07294393807802635
2018-12-09 10:00:00,-0.037028391589387866
2018-12-09 10:03:00,-0.04837156437139356
2018-12-09 10:06:00,-0.06630263789526225
2018-12-09 10:09:00,-0.07197474487827549
2018-12-09 10:12:00,-0.036784361484194505
2018-12-09 10:15:00,-0.10421589093209604
2018-12-09 10:18:00,-0.03920748495625048
2018-12-09 10:21:00,-0.13625828932578088
2018-12-09 10:24:00,-0.12975292125963733
2018-12-09 10:27:00,-0.03859582010926488
2018-12-09 10:30:00,-0.06399833929071974
2018-12-09 10:33:00,-0.07643374124853608
2018-12-09 10:36:00,-0.0954894609214989
2018-12-09 10:39:00,-0.093621335892351
2018-12-09 10:42:00,-0.14192036200222446
2018-12-09 10:45:00,-0.2507471894032278
2018-12-09 10:48:00,-0.11941902026910611
2018-12-09 10:51:00,-0.13848216241063938
2018-12-09 10:54:00,-0.10984012012733047
2018-12-09 10:57:00,-0.13640330310335003
2018-12-09 11:00:00,-0.1863469398382449
2018-12-09 11:03:00,-0.1275959855889255
2018-12-09 11:06:00,-0.09312667566922528
2018-12-09 11:09:00,-0.0779942625813419
2018-12-09 11:12:00,-0.19045975883830124
2018-12-09 11:15:00,-0.16089700109802152
2018-12-09 11:18:00,-0.14213841162904828
2018-12-09 11:21:00,-0.0754408811058056
2018-12-09 11:24:00,-0.1321480299870359
2018-12-09 11:27:00,-0.1575271481665368
2018-12-09 11:30:00,-0.17282932909347437
2018-12-09 11:33:00,-0.208829767258635
2018-12-09 11:36:00,-0.16745120925156698
2018-12-09 11:39:00,-0.1662152055279762
2018-12-09 11:42:00,-0.08099683894971577
2018-12-09 11:45:00,-0.22325005402211673
2018-12-09 11:48:00,-0.1647445807702752
2018-12-09 11:51:00,-0.1657483028286606
2018-12-09 11:54:00,-0.15835672339420626
2018-12-09 11:57:00,-0.1645023675908419
2018-12-09 12:00:00,-0.2356563112865615
2018-12-09 12:03:00,-0.2617186483833507
2018-12-09 12:06:00,-0.11374731279670414
2018-12-09 12:09:00,-0.1418061477398851
2018-12-09 12:12:00,-0.16590572668775394
2018-12-09 12:15:00,-0.22028071401882698
2018-12-09 12:18:00,-0.04731639376421981
2018-12-09 12:21:00,-0.06416413076391336
2018-12-09 12:24:00,-0.24660581186412855
2018-12-09 12:27:00,-0.29215665520308676
2018-12-09 12:30:00,-0.29807402848820175
2018-12-09 12:33:00,-0.3124370214542296
2018-12-09 12:36:00,-0.36822619112024313
2018-12-09 12:39:00,-0.3421235416824402
2018-12-09 12:42:00,-0.33142446053903996
2018-12-09 12:45:00,-0.27342922728342955
2018-12-09 12:48:00,-0.33819072655677473
2018-12-09 12:51:00,-0.3638357538241621
2018-12-09 12:54:00,-0.3992797306850093
2018-12-09 12:57:00,-0.2730776321688495
2018-12-09 13:00:00,-0.3934726960852686
2018-12-09 13:03:00,-0.32965864621581886
2018-12-09 13:06:00,-0.3144040892896669
2018-12-09 13:09:00,-0.27592630570188703
2018-12-09 13:12:00,-0.3113884086535563
2018-12-09 13:15:00,-0.2566312848305756
2018-12-09 13:18:00,-0.38352896093141453
2018-12-09 13:21:00,-0.29961826339757636
2018-12-09 13:24:00,-0.35778761598527353
2018-12-09 13:27:00,-0.330093927381256
2018-12-09 13:30:00,-0.33749993236119735
2018-12-09 13:33:00,-0.3496344745045121
2018-12-09 13:36:00,-0.2983296141032383
2018-12-09 13:39:00,-0.19389944696757766
2018-12-09 13:42:00,-0.24795623063909034
2018-12-09 13:45:00,-0.12381313994643506
2018-12-09 13:48:00,-0.2064849451589339
2018-12-09 13:51:00,-0.21951455154237465
2018-12-09 13:54:00,-0.17110676262365132
2018-12-09 13:57:00,-0.1187524408942977
2018-12-09 14:00:00,-0.2730560608051178
2018-12-09 14:03:00,-0.2921979798770167
2018-12-09 14:06:00,-0.3590916294911608
2018-12-09 14:09:00,-0.3172225659539549
2018-12-09 14:12:00,-0.39512088614191043
2018-12-09 14:15:00,-0.33835229102044195
2018-12-09 14:18:00,-0.34144863214459065
2018-12-09 14:21:00,-0.4431948486829924
2018-12-09 14:24:00,-0.5099300537452223
2018-12-09 14:27:00,-0.31589443007356977
2018-12-09 14:30:00,-0.3338686135156763
2018-12-09 14:33:00,-0.30628987066626223
2018-12-09 14:36:00,-0.3145897857185673
2018-12-09 14:39:00,-0.29465162477083595
2018-12-09 14:42:00,-0.23453058376242097
2018-12-09 14:45:00,-0.41182957606281434
2018-12-09 14:48:00,-0.3249493587598522
2018-12-09 14:51:00,-0.23328459598411655
2018-12-09 14:54:00,-0.2951244377571811
2018-12-09 14:57:00,-0.31199323269936485
2018-12-09 15:00:00,-0.2504844197557077
2018-12-09 15:03:00,-0.31221333927248907
2018-12-09 15:06:00,-0.34395040120256226
2018-12-09 15:09:00,-0.2880633036630229
2018-12-09 15:12:00,-0.23906832816396673
2018-12-09 15:15:00,-0.16088825605345392
2018-12-09 15:18:00,-0.23694001868705072
2018-12-09 15:21:00,-0.19975121107609084
2018-12-09 15:24:00,-0.2642850686409588
2018-12-09 15:27:00,-0.24755824217203326
2018-12-09 15:30:00,-0.23474929494165053
2018-12-09 15:33:00,-0.30596295524242123
2018-12-09 15:36:00,-0.28205314080111066
2018-12-09 15:39:00,-0.302600337055992
2018-12-09 15:42:00,-0.2474979461978819
2018-12-09 15:45:00,-0.18839066404098048
2018-12-09 15:48:00,-0.2017935998136977
2018-12-09 15:51:00,-0.27471920939944994
2018-12-09 15:54:00,-0.25200027195683106
2018-12-09 15:57:00,-0.26436905292501933
2018-12-09 16:00:00,-0.2567048707977051
2018-12-09 16:03:00,-0.17706042226029695
2018-12-09 16:06:00,-0.24458869880675138
2018-12-09 16:09:00,-0.23924925728960034
2018-12-09 16:12:00,-0.2524072875510228
2018-12-09 16:15:00,-0.2590729468428208
2018-12-09 16:18:00,-0.25033938618838647
2018-12-09 16:21:00,-0.2329141298326931
2018-12-09 16:24:00,-0.20281899667685366
2018-12-09 16:27:00,-0.2951968445084958
2018-12-09 16:30:00,-0.29498742714071113
2018-12-09 16:33:00,-0.2859310199692686
2018-12-09 16:36:00,-0.08537906280884044
2018-12-09 16:39:00,-0.17168608749040004
2018-12-09 16:42:00,-0.21395067681072533
2018-12-09 16:45:00,-0.09789257750281877
2018-12-09 16:48:00,-0.10967036353099502
2018-12-09 16:51:00,-0.16626352913368692
2018-12-09 16:54:00,-0.09837962997352179
2018-12-09 16:57:00,-0.07874038180358411
2018-12-09 17:00:00,-0.15154359608459345
2018-12-09 17:03:00,-0.10918242697005098
2018-12-09 17:06:00,-0.2200038227241521
2018-12-09 17:09:00,-0.26808982247371205
2018-12-09 17:12:00,-0.25639873802879265
2018-12-09 17:15:00,-0.13904598573532212
2018-12-09 17:18:00,-0.19797295125493974
2018-12-09 17:21:00,-0.0812653674665853
2018-12-09 17:24:00,-0.1850474195962306
2018-12-09 17:27:00,-0.15551771507603007
2018-12-09 17:30:00,-0.16481020609614916
2018-12-09 17:33:00,-0.16700114708424962
2018-12-09 17:36:00,-0.14283403111323878
2018-12-09 17:39:00,-0.0701413850111976
2018-12-09 17:42:00,-0.014417957048692642
2018-12-09 17:45:00,-0.11790200715392984
2018-12-09 17:48:00,-0.11059249482423184
2018-12-09 17:51:00,0.011465946798125515
2018-12-09 17:54:00,-0.12196855762300629
2018-12-09 17:57:00,-0.05514675628074883
2018-12-09 18:00:00,-0.008972373112612786
2018-12-09 18:03:00,-0.056101253095789616
2018-12-09 18:06:00,0.0677139545865657
2018-12-09 18:09:00,0.02593686948978302
2018-12-09 18:12:00,-0.01887970024756669
2018-12-09 18:15:00,0.03454840342664056
2018-12-09 18:18:00,0.02873562174562494
2018-12-09 18:21:00,-0.0011556080251011736
2018-12-09 18:24:00,0.05216002393177632
2018-12-09 18:27:00,0.07469292864573163
2018-12-09 18:30:00,0.06256838732866754
2018-12-09 18:33:00,0.0421732248232729
2018-12-09 18:36:00,0.04057197354768505
2018-12-09 18:39:00,0.05264545143467103
2018-12-09 18:42:00,0.09725825045097736
2018-12-09 18:45:00,0.08564794942873277
2018-12-09 18:48:00,0.037635124692826594
2018-12-09 18:51:00,0.09442970450987787
2018-12-09 18:54:00,
2018-12-09 18:57:00,
2018-12-09 19:00:00,
2018-12-09 19:03:00,0.04160791660240193
2018-12-09 19:06:00,0.0039812830131040755
2018-12-09 19:09:00,0.07296060258926218
2018-12-09 19:12:00,0.07549000822126573
2018-12-09 19:15:00,0.15171036349346423
2018-12-09 19:18:00,0.07610664041681048
2018-12-09 19:21:00,0.22401938757849393
2018-12-09 19:24:00,0.15346566374086024
2018-12-09 19:27:00,0.05913705514319645
2018-12-09 19:30:00,0.1922050898678549
2018-12-09 19:33:00,0.041969499212939354
2018-12-09 19:36:00,0.20202990215767613
2018-12-09 19:39:00,0.09252263402186145
2018-12-09 19:42:00,0.15233704363993184
2018-12-09 19:45:00,0.0714359365062478
2018-12-09 19:48:00,0.22217136857989317
2018-12-09 19:51:00,0.10740051367031356
2018-12-09 19:54:00,0.11961638840040223
2018-12-09 19:57:00,0.022119222782464476
2018-12-09 20:00:00,0.1703182366630358
2018-12-09 20:03:00,0.14544241622888876
2018-12-09 20:06:00,0.18870618451654764
2018-12-09 20:09:00,0.096785780142568
2018-12-09 20:12:00,0.08109752004776283
2018-12-09 20:15:00,0.1589864821999072
2018-12-09 20:18:00,0.21529322478511403
2018-12-09 20:21:00,0.21089261959332362
2018-12-09 20:24:00,0.08966397374757662
2018-12-09 20:27:00,0.139508612162615
2018-12-09 20:30:00,0.2552546429373592
2018-12-09 20:33:00,0.16894561026668953
2018-12-09 20:36:00,0.1489667878469163
2018-12-09 20:39:00,0.2501349142173126
2018-12-09 20:42:00,0.12441975747174183
2018-12-09 20:45:00,0.1866699968351213
2018-12-09 20:48:00,0.1974961371085442
2018-12-09 20:51:00,0.15560437552437634
2018-12-09 20:54:00,0.2025117463421111
2018-12-09 20:57:00,0.16107538900115514
2018-12-09 21:00:00,0.25231855916166523
2018-12-09 21:03:00,0.19995904975604617
2018-12-09 21:06:00,0.1696972944924937
2018-12-09 21:09:00,0.22593605159875096
2018-12-09 21:12:00,0.13416062557871555
2018-12-09 21:15:00,0.2283850396050866
2018-12-09 21:18:00,0.1686577317934166
2018-12-09 21:21:00,0.19768408315280794
2018-12-09 21:24:00,0.16343649750683653
2018-12-09 21:27:00,0.23978850424254006
2018-12-09 21:30:00,0.1548884600756537
2018-12-09 21:33:00,0.13610631518338323
2018-12-09 21:36:00,0.18782061425963548
2018-12-09 21:39:00,0.08897091487654052
2018-12-09 21:42:00,0.15934846808346492
2018-12-09 21:45:00,0.18533045917951085
2018-12-09 21:48:00,0.13029858462226684
2018-12-09 21:51:00,0.08536433654984421
2018-12-09 21:54:00,0.1596925106684921
2018-12-09 21:57:00,0.15037995905441903
2018-12-09 22:00:00,0.18852024370329445
2018-12-09 22:03:00,0.16607850211914865
2018-12-09 22:06:00,0.18689942145408622
2018-12-09 22:09:00,0.26749210386418554
2018-12-09 22:12:00,0.15667814883670417
2018-12-09 22:15:00,0.18058415762232016
2018-12-09 22:18:00,0.09928901065137552
2018-12-09 22:21:00,0.197368858519269
2018-12-09 22:24:00,0.17092956603869425
2018-12-09 22:27:00,0.10674061287051018
2018-12-09 22:30:00,0.24648836122764806
2018-12-09 22:33:00,0.13735325998646886
2018-12-09 22:36:00,0.10346910877962046
2018-12-09 22:39:00,0.12723839494572076
2018-12-09 22:42:00,0.13204564035265776
2018-12-09 22:45:00,0.14928025716784532
2018-12-09 22:48:00,0.16722095482845134
2018-12-09 22:51:00,0.21095522035267322
2018-12-09 22:54:00,0.1159068763746518
2018-12-09 22:57:00,0.17098948404395742
2018-12-09 23:00:00,0.10490164145284098
2018-12-09 23:03:00,0.16147590681998736
2018-12-09 23:06:00,0.11966061964801611
2018-12-09 23:09:00,0.10533811860335618
2018-12-09 23:12:00,0.11062166050953692
2018-12-09 23:15:00,0.12584166601061497
2018-12-09 23:18:00,0.13694235822816836
2018-12-09 23:21:00,0.16673782405962356
2018-12-09 23:24:00,0.13711638940787907
2018-12-09 23:27:00,0.1948399944253083
2018-12-09 23:30:00,0.21896935814328344
2018-12-09 23:33:00,0.16445022324842284
2018-12-09 23:36:00,0.20442553185671386
2018-12-09 23:39:00,0.18264507483303305
2018-12-09 23:42:00,0.2641330004979068
2018-12-09 23:45:00,0.3011346493937026
2018-12-09 23:48:00,0.21460497423828429
2018-12-09 23:51:00,0.20082007237806465
2018-12-09 23:54:00,0.15812017667553846
2018-12-09 23:57:00,0.1962418521089262
2018-12-10 00:00:00,0.2752858653741441
2018-12-10 00:03:00,0.1993360577098997
2018-12-10 00:06:00,0.17378115660881122
2018-12-10 00:09:00,0.152068332383692
2018-12-10 00:12:00,0.1874052048979138
2018-12-10 00:15:00,0.11291000094826131
2018-12-10 00:18:00,0.1414713809525665
2018-12-10 00:21:00,0.17360503967233853
2018-12-10 00:24:00,0.16738322476544454
2018-12-10 00:27:00,0.25816818139327324
2018-12-10 00:30:00,0.09502048057953516
2018-12-10 00:33:00,0.14723770766579491
2018-12-10 00:36:00,0.14703054965110596
2018-12-10 00:39:00,0.1596055707772166
2018-12-10 00:42:00,0.24201190410974505
2018-12-10 00:45:00,0.15320568016096558
2018-12-10 00:48:00,0.23214294929778134
2018-12-10 00:51:00,0.2137291718383949
2018-12-10 00:54:00,0.19559691903367593
2018-12-10 00:57:00,0.2575704031967234
2018-12-10 01:00:00,0.2571494138470598
2018-12-10 01:03:00,0.3051871616421522
2018-12-10 01:06:00,0.2514346631967328
2018-12-10 01:09:00,0.1867041180392448
2018-12-10 01:12:00,0.23894108738534214
2018-12-10 01:15:00,0.2815573072808206
2018-12-10 01:18:00,0.2871963665305657
2018-12-10 01:21:00,0.330634241956659
2018-12-10 01:24:00,0.2667015210726049
2018-12-10 01:27:00,0.24029721998527975
2018-12-10 01:30:00,0.2214853126886851
2018-12-10 01:33:00,0.27528323506589913
2018-12-10 01:36:00,0.3085392362687003
2018-12-10 01:39:00,0.24499388462589877
2018-12-10 01:42:00,0.24026217602045108
2018-12-10 01:45:00,0.35451860896984044
2018-12-10 01:48:00,0.379812529870037
2018-12-10 01:51:00,0.29800670829672526
2018-12-10 01:54:00,0.30135694855664497
2018-12-10 01:57:00,0.33152872038897385
2018-12-10 02:00:00,0.26393271291959763
2018-12-10 02:03:00,0.20134255871033702
2018-12-10 02:06:00,0.2730401066430659
2018-12-10 02:09:00,0.2582328488585972
2018-12-10 02:12:00,0.32458949823103467
2018-12-10 02:15:00,0.29529524196607326
2018-12-10 02:18:00,0.31232655182134295
2018-12-10 02:21:00,0.30084030847683607
2018-12-10 02:24:00,0.25539145474647285
2018-12-10 02:27:00,0.2973665050860177
2018-12-10 02:30:00,0.34324573553163873
2018-12-10 02:33:00,0.3034392235085761
2018-12-10 02:36:00,0.2628342967221897
2018-12-10 02:39:00,0.2643150920673065
2018-12-10 02:42:00,0.2912532044660452
2018-12-10 02:45:00,0.2796272658007979
2018-12-10 02:48:00,0.19148121960216713
2018-12-10 02:51:00,0.2766935058333502
2018-12-10 02:54:00,0.260703171226055
2018-12-10 02:57:00,0.20138934077675685
2018-12-10 03:00:00,0.22871492325970166
2018-12-10 03:03:00,0.24844338869939975
2018-12-10 03:06:00,0.21412065042915174
2018-12-10 03:09:00,0.37776745564337944
2018-12-10 03:12:00,0.23771409061004078
2018-12-10 03:15:00,0.2879161698839994
2018-12-10 03:18:00,0.2950004624067333
2018-12-10 03:21:00,0.3700602196180398
2018-12-10 03:24:00,0.4154749142529681
2018-12-10 03:27:00,0.36496973669795807
2018-12-10 03:30:00,0.33670716947227675
2018-12-10 03:33:00,0.40391199309402737
2018-12-10 03:36:00,0.35865415797292144
2018-12-10 03:39:00,0.3100060660015629
2018-12-10 03:42:00,0.3292886167948268
2018-12-10 03:45:00,0.2783927439392073
2018-12-10 03:48:00,0.2793648174748
2018-12-10 03:51:00,0.3029554198815845
2018-12-10 03:54:00,0.38778827203049104
2018-12-10 03:57:00,0.3654306594807508
2018-12-10 04:00:00,0.2866824731895008
2018-12-10 04:03:00,0.3889977830659177
2018-12-10 04:06:00,0.39406534963086415
2018-12-10 04:09:00,0.3846511456764006
2018-12-10 04:12:00,0.2730754305649157
2018-12-10 04:15:00,0.4556579874142699
2018-12-10 04:18:00,0.439528264779824
2018-12-10 04:21:00,0.4151140447144144
2018-12-10 04:24:00,0.35887225501181774
2018-12-10 04:27:00,0.4821171837357383
2018-12-10 04:30:00,0.30899715591175436
2018-12-10 04:33:00,0.4675541936961167
2018-12-10 04:36:00,0.383653813964429
2018-12-10 04:39:00,0.45984051551334915
2018-12-10 04:42:00,0.5035087056119778
2018-12-10 04:45:00,0.4509770165450959
2018-12-10 04:48:00,0.4191442397727201
2018-12-10 04:51:00,0.42613522336517917
2018-12-10 04:54:00,0.41772442395512144
2018-12-10 04:57:00,0.3737340732118355
2018-12-10 05:00:00,0.37607492939696385
2018-12-10 05:03:00,0.5085916647140039
2018-12-10 05:06:00,0.44096917594276874
2018-12-10 05:09:00,0.49685536423601206
2018-12-10 05:12:00,0.3610114343408668
2018-12-10 05:15:00,0.45287672143217605
2018-12-10 05:18:00,0.42696570779656895
2018-12-10 05:21:00,0.3854655953501833
2018-12-10 05:24:00,0.378877344772377
2018-12-10 05:27:00,0.3239180254520875
2018-12-10 05:30:00,0.33559978201941476
2018-12-10 05:33:00,0.44718410130099073
2018-12-10 05:36:00,0.4386977171302533
2018-12-10 05:39:00,0.3812136810985294
2018-12-10 05:42:00,0.5016780499259426
2018-12-10 05:45:00,0.34811183241004073
2018-12-10 05:48:00,0.37336869115699756
2018-12-10 05:51:00,0.41824434958357415
2018-12-10 05:54:00,0.3832719878336093
2018-12-10 05:57:00,0.4004735680444469
2018-12-10 06:00:00,0.4094847195826219
2018-12-10 06:03:00,0.4608806309149145
2018-12-10 06:06:00,0.4627266715157816
2018-12-10 06:09:00,0.41893812773520267
2018-12-10 06:12:00,0.42288999228890134
2018-12-10 06:15:00,0.44021830727604083
2018-12-10 06:18:00,0.40269071405845125
2018-12-10 06:21:00,0.49635317819087277
2018-12-10 06:24:00,0.45255949731011924
2018-12-10 06:27:00,0.3801635829526049
2018-12-10 06:30:00,0.46189530907406606
2018-12-10 06:33:00,0.404684296539358
2018-12-10 06:36:00,0.48489098239002715
2018-12-10 06:39:00,0.38765212527465565
2018-12-10 06:42:00,0.4168874333590793
2018-12-10 06:45:00,0.37473970878011187
2018-12-10 06:48:00,0.4554839842653564
2018-12-10 06:51:00,0.39354774508120727
2018-12-10 06:54:00,0.30109703621531025
2018-12-10 06:57:00,0.3651416915911909
2018-12-10 07:00:00,0.3456539768292828
2018-12-10 07:03:00,0.452614546245627
2018-12-10 07:06:00,0.4479631881150681
2018-12-10 07:09:00,0.3593400611545121
2018-12-10 07:12:00,0.3619570050105949
2018-12-10 07:15:00,0.3837581640075882
2018-12-10 07:18:00,0.3578337778786249
2018-12-10 07:21:00,0.33537917951764484
2018-12-10 07:24:00,0.25556697950133866
2018-12-10 07:27:00,0.28988061507874363
2018-12-10 07:30:00,0.355101158370303
2018-12-10 07:33:00,0.3215745170842297
2018-12-10 07:36:00,0.2684522233855091
2018-12-10 07:39:00,0.33047014676640174
2018-12-10 07:42:00,0.30447531337421196
2018-12-10 07:45:00,0.26075416400158247
2018-12-10 07:48:00,0.26122757360383275
2018-12-10 07:51:00,0.24339206828040005
2018-12-10 07:54:00,0.3260199809678852
2018-12-10 07:57:00,0.21537505343019347
2018-12-10 08:00:00,0.25956122282343586
2018-12-10 08:03:00,0.2812335113299582
2018-12-10 08:06:00,0.2401891449275695
2018-12-10 08:09:00,0.22328197543964734
2018-12-10 08:12:00,0.2525770140735517
2018-12-10 08:15:00,0.14630502874206286
2018-12-10 08:18:00,0.21299576931608044
2018-12-10 08:21:00,0.22532109076274764
2018-12-10 08:24:00,0.2058928007266445
2018-12-10 08:27:00,0.31975691839511455
2018-12-10 08:30:00,0.32720466908529033
2018-12-10 08:33:00,0.2781741972518148
2018-12-10 08:36:00,0.24506843180114402
2018-12-10 08:39:00,0.20579400153263805
2018-12-10 08:42:00,0.22896466000042892
2018-12-10 08:45:00,0.2223535640304135
2018-12-10 08:48:00,0.0963668553187631
2018-12-10 08:51:00,0.1713845453310796
2018-12-10 08:54:00,0.09717860491940655
2018-12-10 08:57:00,0.1401050317441559
2018-12-10 09:00:00,0.14558951340598014
2018-12-10 09:03:00,0.22837391621590086
2018-12-10 09:06:00,0.1315519289954068
2018-12-10 09:09:00,0.059449195708850766
2018-12-10 09:12:00,0.10656712730144591
2018-12-10 09:15:00,0.06857242385376594
2018-12-10 09:18:00,0.1263125827915701
2018-12-10 09:21:00,0.09053389224652619
2018-12-10 09:24:00,0.04037678534137967
2018-12-10 09:27:00,-0.09624729937678467
2018-12-10 09:30:00,0.0042900174257169965
2018-12-10 09:33:00,-0.033962009109700375
2018-12-10 09:36:00,-0.0246888826045506
2018-12-10 09:39:00,-0.08956943600833256
2018-12-10 09:42:00,0.022308965121737856
2018-12-10 09:45:00,-0.020673655901418897
2018-12-10 09:48:00,-0.02266888984217985
2018-12-10 09:51:00,-0.017060799552155004
2018-12-10 09:54:00,-0.05652026179848235
2018-12-10 09:57:00,-0.09013086171910345
2018-12-10 10:00:00,-0.0722872974162101
2018-12-10 10:03:00,-0.10241148853197046
2018-12-10 10:06:00,-0.08564135785474036
2018-12-10 10:09:00,-0.059131138400971395
2018-12-10 10:12:00,-0.1259446268907709
2018-12-10 10:15:00,-0.13557163263510574
2018-12-10 10:18:00,-0.1340156353069233
2018-12-10 10:21:00,-0.09010761275732193
2018-12-10 10:24:00,-0.14971470546004184
2018-12-10 10:27:00,-0.1928120064965242
2018-12-10 10:30:00,-0.14637730564334106
2018-12-10 10:33:00,-0.052269494358654356
2018-12-10 10:36:00,-0.16000468074963692
2018-12-10 10:39:00,-0.13031455559439564
2018-12-10 10:42:00,-0.15675670339061298
2018-12-10 10:45:00,-0.19323707899610554
2018-12-10 10:48:00,-0.11552391845276588
2018-12-10 10:51:00,-0.28804194184499465
2018-12-10 10:54:00,-0.14327657835269747
2018-12-10 10:57:00,-0.1388327401741094
2018-12-10 11:00:00,-0.14291397381543902
2018-12-10 11:03:00,-0.07805117926994853
2018-12-10 11:06:00,-0.21784720697718285
2018-12-10 11:09:00,-0.042472524762047215
2018-12-10 11:12:00,-0.28157816068272723
2018-12-10 11:15:00,-0.2225507787310903
2018-12-10 11:18:00,-0.20334799829271333
2018-12-10 11:21:00,-0.15111790523548052
2018-12-10 11:24:00,-0.23275963155936097
2018-12-10 11:27:00,-0.20839821736831254
2018-12-10 11:30:00,-0.2047200699260543
2018-12-10 11:33:00,-0.2644110583415795
2018-12-10 11:36:00,-0.23159842910024508
2018-12-10 11:39:00,-0.28839869800617635
2018-12-10 11:42:00,-0.20686744117188027
2018-12-10 11:45:00,-0.2052107479105416
2018-12-10 11:48:00,-0.25356549489390545
2018-12-10 11:51:00,-0.17665743071154338
2018-12-10 11:54:00,-0.24160359094639716
2018-12-10 11:57:00,-0.17606543975443856
2018-12-10 12:00:00,-0.22335922510080763
2018-12-10 12:03:00,-0.10787377341085858
2018-12-10 12:06:00,-0.3025167634915533
2018-12-10 12:09:00,-0.3086798318709043
2018-12-10 12:12:00,-0.21501208614188272
2018-12-10 12:15:00,-0.16974508545735034
2018-12-10 12:18:00,-0.25095733512154084
2018-12-10 12:21:00,-0.2166639754669859
2018-12-10 12:24:00,-0.2630185920922372
2018-12-10 12:27:00,-0.31773606274515487
2018-12-10 12:30:00,-0.2531421054687826
2018-12-10 12:33:00,-0.2562535648131643
2018-12-10 12:36:00,-0.28017127079453985
2018-12-10 12:39:00,-0.3001381109000363
2018-12-10 12:42:00,-0.3517175021230514
2018-12-10 12:45:00,-0.22338754504716007
2018-12-10 12:48:00,-0.2871521174108693
2018-12-10 12:51:00,-0.3069869263471787
2018-12-10 12:54:00,-0.25125416713615323
2018-12-10 12:57:00,-0.2601653359280931
2018-12-10 13:00:00,-0.2596474917903038
2018-12-10 13:03:00,-0.21800334180340997
2018-12-10 13:06:00,-0.231075474726822
2018-12-10 13:09:00,-0.33370235963525374
2018-12-10 13:12:00,-0.29619091305170286
2018-12-10 13:15:00,-0.3323709284948677
2018-12-10 13:18:00,-0.30127060587614096
2018-12-10 13:21:00,-0.31171040102145753
2018-12-10 13:24:00,-0.28738158222580523
2018-12-10 13:27:00,-0.2063064540416235
2018-12-10 13:30:00,-0.15736544770328464
2018-12-10 13:33:00,-0.25074727955990284
2018-12-10 13:36:00,-0.2454510204342455
2018-12-10 13:39:00,-0.3445696771434541
2018-12-10 13:42:00,-0.2380255133101059
2018-12-10 13:45:00,-0.3264297423655762
2018-12-10 13:48:00,-0.345262200480704
2018-12-10 13:51:00,-0.3206816553944236
2018-12-10 13:54:00,-0.29796781947567297
2018-12-10 13:57:00,-0.26504700645591583
2018-12-10 14:00:00,-0.2601728018084941
2018-12-10 14:03:00,-0.2811669683133573
2018-12-10 14:06:00,-0.3708947231600064
2018-12-10 14:09:00,-0.33663587307330545
2018-12-10 14:12:00,-0.2391577565426246
2018-12-10 14:15:00,-0.19154484682235307
2018-12-10 14:18:00,-0.1797277161001034
2018-12-10 14:21:00,-0.16579861095931392
2018-12-10 14:24:00,-0.21596697425326283
2018-12-10 14:27:00,-0.08866705670504871
2018-12-10 14:30:00,-0.15005803635244774
2018-12-10 14:33:00,-0.21528659989996868
2018-12-10 14:36:00,-0.28095644700607636
2018-12-10 14:39:00,-0.18075861200446752
2018-12-10 14:42:00,-0.15645078718500827
2018-12-10 14:45:00,-0.0642672002199447
2018-12-10 14:48:00,-0.1825391892197672
2018-12-10 14:51:00,-0.13234926555782067
2018-12-10 14:54:00,-0.1435241119918942
2018-12-10 14:57:00,-0.2978413298139344
2018-12-10 15:00:00,-0.17625486701501814
2018-12-10 15:03:00,-0.1904937114401264
2018-12-10 15:06:00,-0.29793294438565
2018-12-10 15:09:00,-0.23782048686837243
2018-12-10 15:12:00,-0.4437632737847821
2018-12-10 15:15:00,-0.31368253937290547
2018-12-10 15:18:00,-0.3269507886530505
2018-12-10 15:21:00,-0.37324609085828797
2018-12-10 15:24:00,-0.2765066897476345
2018-12-10 15:27:00,-0.41746940865675697
2018-12-10 15:30:00,-0.266500302874249
2018-12-10 15:33:00,-0.39491547959534046
2018-12-10 15:36:00,-0.3325981226670933
2018-12-10 15:39:00,-0.24684176709854455
2018-12-10 15:42:00,-0.3034106966125023
2018-12-10 15:45:00,-0.2648000344249226
2018-12-10 15:48:00,-0.20138296558860702
2018-12-10 15:51:00,-0.20455867207118672
2018-12-10 15:54:00,-0.11724833328253226
2018-12-10 15:57:00,-0.11669150066876455
2018-12-10 16:00:00,-0.09376016948527877
2018-12-10 16:03:00,-0.038246342183811066
2018-12-10 16:06:00,-0.07194345074157127
2018-12-10 16:09:00,-0.11616397209445495
2018-12-10 16:12:00,-0.10065866315517269
2018-12-10 16:15:00,-0.1252494047281516
2018-12-10 16:18:00,-0.09750523169367398
2018-12-10 16:21:00,-0.1044288661642554
2018-12-10 16:24:00,-0.11002466303409619
2018-12-10 16:27:00,-0.20241873270344968
2018-12-10 16:30:00,-0.12439347614196095
2018-12-10 16:33:00,-0.1422578847920022
2018-12-10 16:36:00,-0.19184491477915344
2018-12-10 16:39:00,-0.13831200214394812
2018-12-10 16:42:00,-0.14264312316049654
2018-12-10 16:45:00,-0.06873998647489543
2018-12-10 16:48:00,-0.20109807730983675
2018-12-10 16:51:00,-0.25071088342338044
2018-12-10 16:54:00,-0.2821832682533909
2018-12-10 16:57:00,-0.19657594082252672
2018-12-10 17:00:00,-0.1582828329961785
2018-12-10 17:03:00,-0.16760393730100986
2018-12-10 17:06:00,-0.11559424325508871
2018-12-10 17:09:00,-0.11586310874463379
2018-12-10 17:12:00,-0.18223131508312918
2018-12-10 17:15:00,-0.1795946394969974
2018-12-10 17:18:00,-0.15030805790399882
2018-12-10 17:21:00,-0.14923064615311432
2018-12-10 17:24:00,-0.08834533892724039
2018-12-10 17:27:00,-0.20813654201509735
2018-12-10 17:30:00,-0.22983548729490622
2018-12-10 17:33:00,-0.21787821851108902
2018-12-10 17:36:00,-0.19546460349812378
2018-12-10 17:39:00,-0.22221029349799437
2018-12-10 17:42:00,-0.11491700987147624
2018-12-10 17:45:00,-0.190035942169402
2018-12-10 17:48:00,-0.19396347954494786
2018-12-10 17:51:00,-0.16330108495452578
2018-12-10 17:54:00,-0.15394063684857429
2018-12-10 17:57:00,-0.2018102318838828
2018-12-10 18:00:00,-0.15003165696703036
2018-12-10 18:03:00,-0.08307683276302669
2018-12-10 18:06:00,-0.14050688280553914
2018-12-10 18:09:00,-0.12743159167877138
2018-12-10 18:12:00,-0.05554482252409798
2018-12-10 18:15:00,-0.14682370271390255
2018-12-10 18:18:00,-0.09810584127490074
2018-12-10 18:21:00,-0.06796779980282963
2018-12-10 18:24:00,-0.13516804884585554
2018-12-10 18:27:00,-0.09357854841459812
2018-12-10 18:30:00,-0.13014290865339717
2018-12-10 18:33:00,-0.004147806341052274
2018-12-10 18:36:00,-0.10278887527977076
2018-12-10 18:39:00,-0.020396566622423506
2018-12-10 18:42:00,0.021222035770961156
2018-12-10 18:45:00,-0.06815854314055514
2018-12-10 18:48:00,0.004663777176972417
2018-12-10 18:51:00,-0.06462569715284872
2018-12-10 18:54:00,
2018-12-10 18:57:00,
2018-12-10 19:00:00,
2018-12-10 19:03:00,-0.0008181363442645306
2018-12-10 19:06:00,-0.03308651722954892
2018-12-10 19:09:00,-0.009019567118969007
2018-12-10 19:12:00,-0.0277445055059502
2018-12-10 19:15:00,0.06655695956845875
2018-12-10 19:18:00,0.029881611667121888
2018-12-10 19:21:00,0.06758902355079499
2018-12-10 19:24:00,0.054215543322811754
2018-12-10 19:27:00,0.038386390708069484
2018-12-10 19:30:00,0.0021248888571676616
2018-12-10 19:33:00,-0.09727628471944172
2018-12-10 19:36:00,-0.01114324260390731
2018-12-10 19:39:00,-0.01587265835570406
2018-12-10 19:42:00,-0.03222399570034895
2018-12-10 19:45:00,-0.013451570277993596
2018-12-10 19:48:00,0.05516388122345006
2018-12-10 19:51:00,-0.03009192778176839
2018-12-10 19:54:00,0.029220572056033234
2018-12-10 19:57:00,-0.02742887371323377
2018-12-10 20:00:00,-0.028230623717547587
2018-12-10 20:03:00,0.055457742727128334
2018-12-10 20:06:00,0.079568626876096
2018-12-10 20:09:00,0.09668833783604214
2018-12-10 20:12:00,-0.007937066546276128
2018-12-10 20:15:00,0.09802837383983842
2018-12-10 20:18:00,0.044884586380192104
2018-12-10 20:21:00,0.02127143225806094
2018-12-10 20:24:00,0.08824196515996618
2018-12-10 20:27:00,0.10241102325971951
2018-12-10 20:30:00,-0.0009213847649220952
2018-12-10 20:33:00,-0.011070981548527925
2018-12-10 20:36:00,0.08870040096877574
2018-12-10 20:39:00,0.0627062208739062
2018-12-10 20:42:00,0.042294098039292294
2018-12-10 20:45:00,0.03633745763386287
2018-12-10 20:48:00,0.0542596514189313
2018-12-10 20:51:00,0.08362830763786633
2018-12-10 20:54:00,0.07196591135908648
2018-12-10 20:57:00,0.12876593071428033
2018-12-10 21:00:00,0.11770483297163992
2018-12-10 21:03:00,0.153492548797999
2018-12-10 21:06:00,0.05589771212953565
2018-12-10 21:09:00,0.15660854757038578
2018-12-10 21:12:00,0.12342374737562523
2018-12-10 21:15:00,0.11319377931556573
2018-12-10 21:18:00,0.08510285421658637
2018-12-10 21:21:00,0.11410778728765081
2018-12-10 21:24:00,0.1288694224564324
2018-12-10 21:27:00,0.06935027142066019
2018-12-10 21:30:00,0.12107157498212473
2018-12-10 21:33:00,0.1113781146273709
2018-12-10 21:36:00,0.0884111845946336
2018-12-10 21:39:00,0.14917151546109153
2018-12-10 21:42:00,0.0941778100379338
2018-12-10 21:45:00,0.2366692145046727
2018-12-10 21:48:00,0.10989164388871586
2018-12-10 21:51:00,0.061446983405573974
2018-12-10 21:54:00,0.08580335270846717
2018-12-10 21:57:00,0.06776797733641615
2018-12-10 22:00:00,0.16872075980359114
2018-12-10 22:03:00,0.04628364196940993
2018-12-10 22:06:00,0.07047268420620867
2018-12-10 22:09:00,-0.007165740764662587
2018-12-10 22:12:00,0.029510076660983486
2018-12-10 22:15:00,0.11133594685884418
2018-12-10 22:18:00,0.15137653256920203
2018-12-10 22:21:00,0.15597259464868785
2018-12-10 22:24:00,-0.02748839502822875
2018-12-10 22:27:00,0.1336962318911219
2018-12-10 22:30:00,0.10741128982749615
2018-12-10 22:33:00,0.13680962614751024
2018-12-10 22:36:00,0.1474296622023985
2018-12-10 22:39:00,0.1346298458394699
2018-12-10 22:42:00,0.08045868283358004
2018-12-10 22:45:00,0.04183096988617763
2018-12-10 22:48:00,0.0834645382003032
2018-12-10 22:51:00,0.03652156690679931
2018-12-10 22:54:00,0.025714237263969153
2018-12-10 22:57:00,0.03556798554944862
2018-12-10 23:00:00,0.12983841910823912
2018-12-10 23:03:00,0.08693796446107172
2018-12-10 23:06:00,0.127410496038749
2018-12-10 23:09:00,0.08811154628295981
2018-12-10 23:12:00,0.1596358275466514
2018-12-10 23:15:00,0.060996081732128005
2018-12-10 23:18:00,0.014914404262583503
2018-12-10 23:21:00,0.062111090401742786
2018-12-10 23:24:00,0.10400572546319609
2018-12-10 23:27:00,0.007526080542902491
2018-12-10 23:30:00,0.06362057835053747
2018-12-10 23:33:00,0.11396395807895487
2018-12-10 23:36:00,0.03661247934627454
2018-12-10 23:39:00,0.04417963748102238
2018-12-10 23:42:00,0.03549062397371472
2018-12-10 23:45:00,0.133030708344279
2018-12-10 23:48:00,0.09702864702956049
2018-12-10 23:51:00,0.06350945785919748
2018-12-10 23:54:00,0.11648963455121475
2018-12-10 23:57:00,0.1445149096203977
2018-12-11 00:00:00,0.10062531745114711
2018-12-11 00:03:00,0.23325971108079102
2018-12-11 00:06:00,0.31991224775640603
2018-12-11 00:09:00,0.17384187431389364
2018-12-11 00:12:00,0.13176287626265548
2018-12-11 00:15:00,0.20433988573415718
2018-12-11 00:18:00,0.12196913766854323
2018-12-11 00:21:00,0.17242020510997236
2018-12-11 00:24:00,0.19645991363267967
2018-12-11 00:27:00,0.2768974923322389
2018-12-11 00:30:00,0.20545312176830066
2018-12-11 00:33:00,0.26665172038144647
2018-12-11 00:36:00,0.12808687263418506
2018-12-11 00:39:00,0.27472963766814473
2018-12-11 00:42:00,0.2308992359342028
2018-12-11 00:45:00,0.2484566716284462
2018-12-11 00:48:00,0.16180916453038208
2018-12-11 00:51:00,0.11900860572217198
2018-12-11 00:54:00,0.30945509754434397
2018-12-11 00:57:00,0.17214969925510104
2018-12-11 01:00:00,0.25753711718181194
2018-12-11 01:03:00,0.13705527517890914
2018-12-11 01:06:00,0.266545238205083
2018-12-11 01:09:00,0.17360209709164565
2018-12-11 01:12:00,0.22727617579585058
2018-12-11 01:15:00,0.23536356588220997
2018-12-11 01:18:00,0.24469118414640434
2018-12-11 01:21:00,0.21072016745711153
2018-12-11 01:24:00,0.1975107039011732
2018-12-11 01:27:00,0.2751099849713228
2018-12-11 01:30:00,0.3068639407591718
2018-12-11 01:33:00,0.2740852013070594
2018-12-11 01:36:00,0.24990783753435153
2018-12-11 01:39:00,0.21233041534924268
2018-12-11 01:42:00,0.290643870707072
2018-12-11 01:45:00,0.25098833895185635
2018-12-11 01:48:00,0.2627374408581318
2018-12-11 01:51:00,0.2311982340466443
2018-12-11 01:54:00,0.3334909957269474
2018-12-11 01:57:00,0.24069789444666867
2018-12-11 02:00:00,0.2975037642201528
2018-12-11 02:03:00,0.28267251190061415
2018-12-11 02:06:00,0.3088338325561608
2018-12-11 02:09:00,0.30248746223048784
2018-12-11 02:12:00,0.2856609510347994
2018-12-11 02:15:00,0.31905840333655533
2018-12-11 02:18:00,0.26493270474992414
2018-12-11 02:21:00,0.3423897947412229
2018-12-11 02:24:00,0.23601715751016172
2018-12-11 02:27:00,0.33499042594780803
2018-12-11 02:30:00,0.32769198442360903
2018-12-11 02:33:00,0.111838381168468
2018-12-11 02:36:00,0.27993411674771096
2018-12-11 02:39:00,0.3147218668900109
2018-12-11 02:42:00,0.25585803366220716
2018-12-11 02:45:00,0.293136584802312
2018-12-11 02:48:00,0.3136247833370476
2018-12-11 02:51:00,0.2338404998598662
2018-12-11 02:54:00,0.16697779132806545
2018-12-11 02:57:00,0.31705075641815483
2018-12-11 03:00:00,0.3087712904606974
2018-12-11 03:03:00,0.34330423650567354
2018-12-11 03:06:00,0.380139913825019
2018-12-11 03:09:00,0.4390350244850083
2018-12-11 03:12:00,0.40225468845642354
2018-12-11 03:15:00,0.2845942516618152
2018-12-11 03:18:00,0.3138081888868669
2018-12-11 03:21:00,0.31415746421578206
2018-12-11 03:24:00,0.27157521555204767
2018-12-11 03:27:00,0.2705204926758711
2018-12-11 03:30:00,0.3038576112745659
2018-12-11 03:33:00,0.2843534219187518
2018-12-11 03:36:00,0.37598669121570083
2018-12-11 03:39:00,0.30522250736663636
2018-12-11 03:42:00,0.256584115475448
2018-12-11 03:45:00,0.2644618830336185
2018-12-11 03:48:00,0.2580187717039166
2018-12-11 03:51:00,0.252497247605902
2018-12-11 03:54:00,0.32984628622136825
2018-12-11 03:57:00,0.23216545990896975
2018-12-11 04:00:00,0.1859020001851377
2018-12-11 04:03:00,0.2661828935644621
2018-12-11 04:06:00,0.2737490362389394
2018-12-11 04:09:00,0.18658037452973986
2018-12-11 04:12:00,0.3183158360885727
2018-12-11 04:15:00,0.25846958855254343
2018-12-11 04:18:00,0.24624501246233876
2018-12-11 04:21:00,0.20114887203737908
2018-12-11 04:24:00,0.2055777793376592
2018-12-11 04:27:00,0.23497327459807593
2018-12-11 04:30:00,0.2747973780864186
2018-12-11 04:33:00,0.30164206718563946
2018-12-11 04:36:00,0.3328111915270142
2018-12-11 04:39:00,0.2646811098978219
2018-12-11 04:42:00,0.28829036462224167
2018-12-11 04:45:00,0.37828637759702133
2018-12-11 04:48:00,0.4065958409718746
2018-12-11 04:51:00,0.3398482430245622
2018-12-11 04:54:00,0.18101823836155972
2018-12-11 04:57:00,0.24298355316716425
2018-12-11 05:00:00,0.29322423569442435
2018-12-11 05:03:00,0.34217558523482694
2018-12-11 05:06:00,0.33429756643090514
2018-12-11 05:09:00,0.3579688073524494
2018-12-11 05:12:00,0.2699897219072227
2018-12-11 05:15:00,0.23633121648941824
2018-12-11 05:18:00,0.21486490962138305
2018-12-11 05:21:00,0.34651710818769743
2018-12-11 05:24:00,0.22984950729374987
2018-12-11 05:27:00,0.2348977191682593
2018-12-11 05:30:00,0.24631773562327908
2018-12-11 05:33:00,0.14793767054902673
2018-12-11 05:36:00,0.2545421569689097
2018-12-11 05:39:00,0.32329801651218304
2018-12-11 05:42:00,0.32730642557663714
2018-12-11 05:45:00,0.3449758399473808
2018-12-11 05:48:00,0.3347666811081922
2018-12-11 05:51:00,0.2326902439863261
2018-12-11 05:54:00,0.244321609420183
2018-12-11 05:57:00,0.32507284482068144
2018-12-11 06:00:00,0.25683612542894707
2018-12-11 06:03:00,0.24062330664634146
2018-12-11 06:06:00,0.3299151831527638
2018-12-11 06:09:00,0.3484071892340239
2018-12-11 06:12:00,0.25204211906412866
2018-12-11 06:15:00,0.2806122031572613
2018-12-11 06:18:00,0.30975685007399534
2018-12-11 06:21:00,0.41495791888007716
2018-12-11 06:24:00,0.2700529397553737
2018-12-11 06:27:00,0.2786427799947546
2018-12-11 06:30:00,0.25324483626184247
2018-12-11 06:33:00,0.21821144722639474
2018-12-11 06:36:00,0.278787068935344
2018-12-11 06:39:00,0.2716395301028456
2018-12-11 06:42:00,0.24793152210077096
2018-12-11 06:45:00,0.2015744326891422
2018-12-11 06:48:00,0.19246852066464726
2018-12-11 06:51:00,0.23485610986131178
2018-12-11 06:54:00,0.22830722313113938
2018-12-11 06:57:00,0.28030491467370666
2018-12-11 07:00:00,0.31741726150193017
2018-12-11 07:03:00,0.2467200690316531
2018-12-11 07:06:00,0.23121930870803453
2018-12-11 07:09:00,0.29207889067220094
2018-12-11 07:12:00,0.28782647061086664
2018-12-11 07:15:00,0.2514208226626806
2018-12-11 07:18:00,0.26105453785049804
2018-12-11 07:21:00,0.2551799859818402
2018-12-11 07:24:00,0.19847423148866028
2018-12-11 07:27:00,0.2692401448878172
2018-12-11 07:30:00,0.22219605815331533
2018-12-11 07:33:00,0.20445827025417884
2018-12-11 07:36:00,0.23635098877127803
2018-12-11 07:39:00,0.09782907471674207
2018-12-11 07:42:00,0.11719171801524908
2018-12-11 07:45:00,0.20094589784332584
2018-12-11 07:48:00,0.29056546371253944
2018-12-11 07:51:00,0.15729910664242652
2018-12-11 07:54:00,0.09993889632210085
2018-12-11 07:57:00,0.1876879284599795
2018-12-11 08:00:00,0.16938188637777785
2018-12-11 08:03:00,0.1456304724336519
2018-12-11 08:06:00,0.20060908073264727
2018-12-11 08:09:00,0.06356255907417108
2018-12-11 08:12:00,0.18306085755494905
2018-12-11 08:15:00,0.18241426715815123
2018-12-11 08:18:00,0.22025286508346653
2018-12-11 08:21:00,0.28228945858654697
2018-12-11 08:24:00,0.13014505323587855
2018-12-11 08:27:00,0.15045565231628188
2018-12-11 08:30:00,0.10988159517484064
2018-12-11 08:33:00,0.16257161459844838
2018-12-11 08:36:00,0.14063255732872904
2018-12-11 08:39:00,0.08795783486021946
2018-12-11 08:42:00,0.18195281002743968
2018-12-11 08:45:00,0.10632762195263012
2018-12-11 08:48:00,0.12505009424103264
2018-12-11 08:51:00,0.06483538957598967
2018-12-11 08:54:00,0.17052964224228617
2018-12-11 08:57:00,0.13729305187257523
2018-12-11 09:00:00,0.148788587890067
2018-12-11 09:03:00,0.14114711448041817
2018-12-11 09:06:00,0.16258738855725596
2018-12-11 09:09:00,0.10920957184839608
2018-12-11 09:12:00,0.1050096279705599
2018-12-11 09:15:00,0.1790132966223723
2018-12-11 09:18:00,0.08061347824281029
2018-12-11 09:21:00,-0.0029757778728480844
2018-12-11 09:24:00,0.11553889342849288
2018-12-11 09:27:00,0.023175210179488204
2018-12-11 09:30:00,-0.01538966723029489
2018-12-11 09:33:00,0.10135105726635629
2018-12-11 09:36:00,-0.020023830234549678
2018-12-11 09:39:00,0.031629984078449525
2018-12-11 09:42:00,0.01964223726218961
2018-12-11 09:45:00,0.08001768536490772
2018-12-11 09:48:00,0.006690711485418888
2018-12-11 09:51:00,0.02964297485334555
2018-12-11 09:54:00,-0.03042627636762063
2018-12-11 09:57:00,0.06066292189768774
2018-12-11 10:00:00,-0.011179593896940787
2018-12-11 10:03:00,0.009622085880096165
2018-12-11 10:06:00,-0.06816081603500379
2018-12-11 10:09:00,-0.026414192499260025
2018-12-11 10:12:00,0.04998938014978194
2018-12-11 10:15:00,-0.0396242934809834
2018-12-11 10:18:00,0.0402716417938791
2018-12-11 10:21:00,0.014910285886855945
2018-12-11 10:24:00,-0.03099601644186123
2018-12-11 10:27:00,-0.07834111284898881
2018-12-11 10:30:00,-0.00551718751523822
2018-12-11 10:33:00,0.037561632189067495
2018-12-11 10:36:00,-0.004463874028829196
2018-12-11 10:39:00,-0.014169102947562351
2018-12-11 10:42:00,0.013393433991609527
2018-12-11 10:45:00,0.09632831860932356
2018-12-11 10:48:00,0.05145917380161791
2018-12-11 10:51:00,-0.051216645463227906
2018-12-11 10:54:00,-0.07682174754455673
2018-12-11 10:57:00,-0.03698877205027884
2018-12-11 11:00:00,-0.0617237449833965
2018-12-11 11:03:00,-0.25505104926872946
2018-12-11 11:06:00,-0.16604566937206755
2018-12-11 11:09:00,-0.12777539621743017
2018-12-11 11:12:00,-0.10230751839765162
2018-12-11 11:15:00,-0.22913720615662214
2018-12-11 11:18:00,-0.14451499211600094
2018-12-11 11:21:00,-0.1671823839468516
2018-12-11 11:24:00,-0.2239454114545083
2018-12-11 11:27:00,-0.1839928946548639
2018-12-11 11:30:00,-0.27082275763683583
2018-12-11 11:33:00,-0.20524021252475677
2018-12-11 11:36:00,-0.18790973887439577
2018-12-11 11:39:00,-0.23645928460382493
2018-12-11 11:42:00,-0.24708798381766428
2018-12-11 11:45:00,-0.20167235821202212
2018-12-11 11:48:00,-0.22864344315047447
2018-12-11 11:51:00,-0.16404375829046103
2018-12-11 11:54:00,-0.24166354681239
2018-12-11 11:57:00,-0.29475340777150905
2018-12-11 12:00:00,-0.31908558903523954
2018-12-11 12:03:00,-0.22371714744923565
2018-12-11 12:06:00,-0.17155583171307853
2018-12-11 12:09:00,-0.29635018842827776
2018-12-11 12:12:00,-0.24296924080931603
2018-12-11 12:15:00,-0.1817562669834274
2018-12-11 12:18:00,-0.2553657582707842
2018-12-11 12:21:00,-0.27080471392372374
2018-12-11 12:24:00,-0.38147467674383506
2018-12-11 12:27:00,-0.09673808954613605
2018-12-11 12:30:00,-0.24409879859013017
2018-12-11 12:33:00,-0.17343391427237975
2018-12-11 12:36:00,-0.24747546860862712
2018-12-11 12:39:00,-0.2568155908875269
2018-12-11 12:42:00,-0.2309806325313275
2018-12-11 12:45:00,-0.267131928048741
2018-12-11 12:48:00,-0.27737835145717327
2018-12-11 12:51:00,-0.3452818463379117
2018-12-11 12:54:00,-0.23826703526987103
2018-12-11 12:57:00,-0.2643333807992576
2018-12-11 13:00:00,-0.23131768371285943
2018-12-11 13:03:00,-0.3228578523538772
2018-12-11 13:06:00,-0.30841999823036303
2018-12-11 13:09:00,-0.2328404144594174
2018-12-11 13:12:00,-0.2117005458374024
2018-12-11 13:15:00,-0.2506743455608671
2018-12-11 13:18:00,-0.1573449238176181
2018-12-11 13:21:00,-0.17290134947296565
2018-12-11 13:24:00,-0.2406571848775343
2018-12-11 13:27:00,-0.2489617165795721
2018-12-11 13:30:00,-0.2458995081337889
2018-12-11 13:33:00,-0.26423875203931857
2018-12-11 13:36:00,-0.32884099043479864
2018-12-11 13:39:00,-0.31392739500813605
2018-12-11 13:42:00,-0.4473212110553959
2018-12-11 13:45:00,-0.3712352706731963
2018-12-11 13:48:00,-0.4536699445054069
2018-12-11 13:51:00,-0.29383232888113753
2018-12-11 13:54:00,-0.29119985745086296
2018-12-11 13:57:00,-0.3163355141922466
2018-12-11 14:00:00,-0.4356469826955731
2018-12-11 14:03:00,-0.3566565791160201
2018-12-11 14:06:00,-0.2810549398876674
2018-12-11 14:09:00,-0.3581389228077114
2018-12-11 14:12:00,-0.3142444525715291
2018-12-11 14:15:00,-0.3209469919647745
2018-12-11 14:18:00,-0.282435929662995
2018-12-11 14:21:00,-0.39477325331876045
2018-12-11 14:24:00,-0.31693080743070823
2018-12-11 14:27:00,-0.34053789081406194
2018-12-11 14:30:00,-0.361189915712373
2018-12-11 14:33:00,-0.3506753272130254
2018-12-11 14:36:00,-0.2807933051263376
2018-12-11 14:39:00,-0.24627675366878066
2018-12-11 14:42:00,-0.3402772041167168
2018-12-11 14:45:00,-0.32242505785222875
2018-12-11 14:48:00,-0.32724923123095095
2018-12-11 14:51:00,-0.36193786381437576
2018-12-11 14:54:00,-0.2824029314281802
2018-12-11 14:57:00,-0.35046018196345585
2018-12-11 15:00:00,-0.3652295649034727
2018-12-11 15:03:00,-0.3268444299180828
2018-12-11 15:06:00,-0.31707834748965524
2018-12-11 15:09:00,-0.304249608463806
2018-12-11 15:12:00,-0.3834630204781888
2018-12-11 15:15:00,-0.3091039847494699
2018-12-11 15:18:00,-0.35713026919324875
2018-12-11 15:21:00,-0.303583764660857
2018-12-11 15:24:00,-0.37412541274824207
2018-12-11 15:27:00,-0.2845725327906621
2018-12-11 15:30:00,-0.35850231244972974
2018-12-11 15:33:00,-0.36441661411674886
2018-12-11 15:36:00,-0.2908918241208198
2018-12-11 15:39:00,-0.36789221636070124
2018-12-11 15:42:00,-0.34389744151673085
2018-12-11 15:45:00,-0.3311497064792661
2018-12-11 15:48:00,-0.3965929045181724
2018-12-11 15:51:00,-0.30202903321946906
2018-12-11 15:54:00,-0.3666799401426033
2018-12-11 15:57:00,-0.3708141794958806
2018-12-11 16:00:00,-0.3797072010637521
2018-12-11 16:03:00,-0.44242438345276014
2018-12-11 16:06:00,-0.4511193028969842
2018-12-11 16:09:00,-0.508611497879599
2018-12-11 16:12:00,-0.3970830767422058
2018-12-11 16:15:00,-0.34207691973784904
2018-12-11 16:18:00,-0.45920431438366904
2018-12-11 16:21:00,-0.3782822781892037
2018-12-11 16:24:00,-0.3429427877435387
2018-12-11 16:27:00,-0.25844238561387556
2018-12-11 16:30:00,-0.31511759054029653
2018-12-11 16:33:00,-0.27365544626525207
2018-12-11 16:36:00,-0.24041360995977357
2018-12-11 16:39:00,-0.27772219772197104
2018-12-11 16:42:00,-0.2628131713153721
2018-12-11 16:45:00,-0.24765541215231224
2018-12-11 16:48:00,-0.30864061655154273
2018-12-11 16:51:00,-0.1769821787012802
2018-12-11 16:54:00,-0.2547564023188329
2018-12-11 16:57:00,-0.21621370979016774
2018-12-11 17:00:00,-0.2531173242810496
2018-12-11 17:03:00,-0.261336761836958
2018-12-11 17:06:00,-0.3177207553437711
2018-12-11 17:09:00,-0.24920487712842032
2018-12-11 17:12:00,-0.31186526146126425
2018-12-11 17:15:00,-0.23774561428206198
2018-12-11 17:18:00,-0.3021235713342776
2018-12-11 17:21:00,-0.24634855881464546
2018-12-11 17:24:00,-0.27017099567132163
2018-12-11 17:27:00,-0.21689404952564928
2018-12-11 17:30:00,-0.20513071383226134
2018-12-11 17:33:00,-0.2895677813015709
2018-12-11 17:36:00,-0.18808668752393487
2018-12-11 17:39:00,-0.274856558934232
2018-12-11 17:42:00,-0.21335765787108585
2018-12-11 17:45:00,-0.2832234308203283
2018-12-11 17:48:00,-0.3732640531570155
2018-12-11 17:51:00,-0.15545303456860893
2018-12-11 17:54:00,-0.2142524144482536
2018-12-11 17:57:00,-0.13647234964452082
2018-12-11 18:00:00,-0.19596600373949968
2018-12-11 18:03:00,-0.22408080353841342
2018-12-11 18:06:00,-0.15410774394592863
2018-12-11 18:09:00,-0.1855310878240175
2018-12-11 18:12:00,-0.11595334217770414
2018-12-11 18:15:00,-0.15761834208666414
2018-12-11 18:18:00,-0.16505940601422253
2018-12-11 18:21:00,-0.052575922214941784
2018-12-11 18:24:00,-0.030462815272528587
2018-12-11 18:27:00,-0.21137644345338913
2018-12-11 18:30:00,-0.07462409245454182
2018-12-11 18:33:00,-0.14040142044962067
2018-12-11 18:36:00,-0.032407621196568925
2018-12-11 18:39:00,-0.06530850450212711
2018-12-11 18:42:00,-0.0853741028697641
2018-12-11 18:45:00,0.028199262889756938
2018-12-11 18:48:00,-0.05561673667745026
2018-12-11 18:51:00,-0.02402668240387129
2018-12-11 18:54:00,
2018-12-11 18:57:00,
2018-12-11 19:00:00,
2018-12-11 19:03:00,0.11872358272256633
2018-12-11 19:06:00,0.02255224554698998
2018-12-11 19:09:00,0.1096214162483875
2018-12-11 19:12:00,0.01855604346758355
2018-12-11 19:15:00,0.06796298415190449
2018-12-11 19:18:00,0.04911011973268842
2018-12-11 19:21:00,0.00690042689012671
2018-12-11 19:24:00,0.00023808000076996905
2018-12-11 19:27:00,0.07402662420037132
2018-12-11 19:30:00,0.05975504942836096
2018-12-11 19:33:00,-0.004875980144731784
2018-12-11 19:36:00,0.10253942857735865
2018-12-11 19:39:00,0.10769634905983594
2018-12-11 19:42:00,0.07135785902192993
2018-12-11 19:45:00,0.13777091281843923
2018-12-11 19:48:00,0.0804388088723158
2018-12-11 19:51:00,0.10631928685887715
2018-12-11 19:54:00,0.06523993080099899
2018-12-11 19:57:00,0.1530200293138364
2018-12-11 20:00:00,0.1329450609858327
2018-12-11 20:03:00,0.0734853501257362
2018-12-11 20:06:00,0.06869410323014336
2018-12-11 20:09:00,0.1820548301275835
2018-12-11 20:12:00,0.10858339549878337
2018-12-11 20:15:00,0.0704443623003499
2018-12-11 20:18:00,0.17391812481878333
2018-12-11 20:21:00,0.13360479180573748
2018-12-11 20:24:00,0.08412264138172532
2018-12-11 20:27:00,0.10831060254957947
2018-12-11 20:30:00,0.17912100104587125
2018-12-11 20:33:00,0.09532172577888787
2018-12-11 20:36:00,0.20093870032968653
2018-12-11 20:39:00,0.16093445024358743
2018-12-11 20:42:00,0.220874401728679
2018-12-11 20:45:00,0.1011562609770067
2018-12-11 20:48:00,0.1112169795662794
2018-12-11 20:51:00,0.18266947656582033
2018-12-11 20:54:00,0.17440231883711022
2018-12-11 20:57:00,0.10280309263760046
2018-12-11 21:00:00,0.17158391187820143
2018-12-11 21:03:00,0.18642613941671016
2018-12-11 21:06:00,0.13646137197957842
2018-12-11 21:09:00,0.16954088642864917
2018-12-11 21:12:00,0.16315367662730296
2018-12-11 21:15:00,0.16016215942624967
2018-12-11 21:18:00,0.15443473541330377
2018-12-11 21:21:00,0.21870962681356332
2018-12-11 21:24:00,0.08865423648444448
2018-12-11 21:27:00,0.17905090775894905
2018-12-11 21:30:00,0.11869719100138809
2018-12-11 21:33:00,0.22739348929098924
2018-12-11 21:36:00,0.18327934179103522
2018-12-11 21:39:00,0.09808620487444841
2018-12-11 21:42:00,0.19935073673065062
2018-12-11 21:45:00,0.08853276457034553
2018-12-11 21:48:00,0.117969170177048
2018-12-11 21:51:00,0.18768730681534862
2018-12-11 21:54:00,0.07488328045752723
2018-12-11 21:57:00,0.10999260459288962
2018-12-11 22:00:00,0.13525955421465596
2018-12-11 22:03:00,0.18744361919283392
2018-12-11 22:06:00,0.11861781896629964
2018-12-11 22:09:00,0.11685152476087524
2018-12-11 22:12:00,0.063596112836251
2018-12-11 22:15:00,0.12255846546884186
2018-12-11 22:18:00,0.11608416772384089
2018-12-11 22:21:00,0.0015951277001704511
2018-12-11 22:24:00,0.14188778480286146
2018-12-11 22:27:00,0.08850254971713412
2018-12-11 22:30:00,0.11301137372271342
2018-12-11 22:33:00,0.13342737517706382
2018-12-11 22:36:00,0.13918863346401622
2018-12-11 22:39:00,0.1337834298946632
2018-12-11 22:42:00,0.06472727770949405
2018-12-11 22:45:00,0.17256848896670363
2018-12-11 22:48:00,0.2072387674788274
2018-12-11 22:51:00,0.06799475943631705
2018-12-11 22:54:00,0.1548167765753874
2018-12-11 22:57:00,0.06303334530349503
2018-12-11 23:00:00,0.1007386807389139
2018-12-11 23:03:00,0.24702786159269863
2018-12-11 23:06:00,0.09375330422079742
2018-12-11 23:09:00,0.1922741044331815
2018-12-11 23:12:00,0.0993296811487312
2018-12-11 23:15:00,0.1879733476775982
2018-12-11 23:18:00,0.22964352998445747
2018-12-11 23:21:00,0.14072499891079815
2018-12-11 23:24:00,0.14958124997434652
2018-12-11 23:27:00,0.13514620809172584
2018-12-11 23:30:00,0.16206400354292327
2018-12-11 23:33:00,0.1738297893468257
2018-12-11 23:36:00,0.14735226185177908
2018-12-11 23:39:00,0.18750279896687516
2018-12-11 23:42:00,0.14927026383764996
2018-12-11 23:45:00,0.1718881367656877
2018-12-11 23:48:00,0.31161647908948
2018-12-11 23:51:00,0.2799887565304857
2018-12-11 23:54:00,0.3297993323856758
2018-12-11 23:57:00,0.24751993633162783
2018-12-12 00:00:00,0.31676739364922923
2018-12-12 00:03:00,0.3523001370921861
2018-12-12 00:06:00,0.31292092979361996
2018-12-12 00:09:00,0.26081859264195373
2018-12-12 00:12:00,0.2863774469623195
2018-12-12 00:15:00,0.2729608842708444
2018-12-12 00:18:00,0.2765948931703974
2018-12-12 00:21:00,0.21705524356298156
2018-12-12 00:24:00,0.31996082271678006
2018-12-12 00:27:00,0.2833376386317923
2018-12-12 00:30:00,0.26432702478541614
2018-12-12 00:33:00,0.2757731505440688
2018-12-12 00:36:00,0.343775362544136
2018-12-12 00:39:00,0.19277077911993956
2018-12-12 00:42:00,0.2554890443304316
2018-12-12 00:45:00,0.22102217045465977
2018-12-12 00:48:00,0.2446726629306113
2018-12-12 00:51:00,0.23446583874914495
2018-12-12 00:54:00,0.2578371455596198
2018-12-12 00:57:00,0.1284177009484324
2018-12-12 01:00:00,0.2887230734134505
2018-12-12 01:03:00,0.2350712229834926
2018-12-12 01:06:00,0.24265918418592491
2018-12-12 01:09:00,0.23019478813540672
2018-12-12 01:12:00,0.21560955022658845
2018-12-12 01:15:00,0.26966516206596225
2018-12-12 01:18:00,0.1952865435265494
2018-12-12 01:21:00,0.17648047467105243
2018-12-12 01:24:00,0.2875426115027153
2018-12-12 01:27:00,0.29882371687978093
2018-12-12 01:30:00,0.2710162846651656
2018-12-12 01:33:00,0.2748945307756685
2018-12-12 01:36:00,0.24043010506346718
2018-12-12 01:39:00,0.3285085369493572
2018-12-12 01:42:00,0.18804545318772625
2018-12-12 01:45:00,0.2637668501916437
2018-12-12 01:48:00,0.1310560019823015
2018-12-12 01:51:00,0.2730303034203416
2018-12-12 01:54:00,0.27476319689844786
2018-12-12 01:57:00,0.2202613157315909
2018-12-12 02:00:00,0.2701080299017349
2018-12-12 02:03:00,0.21415259902317985
2018-12-12 02:06:00,0.23288990592379832
2018-12-12 02:09:00,0.2629445657655083
2018-12-12 02:12:00,0.3547465177794038
2018-12-12 02:15:00,0.31056068316360097
2018-12-12 02:18:00,0.28031430092386245
2018-12-12 02:21:00,0.24271056495592802
2018-12-12 02:24:00,0.2919238039734182
2018-12-12 02:27:00,0.33471261968469435
2018-12-12 02:30:00,0.23088930601602442
2018-12-12 02:33:00,0.3442749099394291
2018-12-12 02:36:00,0.24118997826218447
2018-12-12 02:39:00,0.29801264763307245
2018-12-12 02:42:00,0.2533497221710377
2018-12-12 02:45:00,0.26517744159872336
2018-12-12 02:48:00,0.3177223487290348
2018-12-12 02:51:00,0.21050738720430218
2018-12-12 02:54:00,0.25215240841129116
2018-12-12 02:57:00,0.3067364124318033
2018-12-12 03:00:00,0.2564979390954818
2018-12-12 03:03:00,0.29774743395324776
2018-12-12 03:06:00,0.26768069397473937
2018-12-12 03:09:00,0.3067369603526231
2018-12-12 03:12:00,0.14742949660012528
2018-12-12 03:15:00,0.34715139231889225
2018-12-12 03:18:00,0.30312465381115317
2018-12-12 03:21:00,0.323728812653826
2018-12-12 03:24:00,0.23928551096236106
2018-12-12 03:27:00,0.341921375730351
2018-12-12 03:30:00,0.2177960399678227
2018-12-12 03:33:00,0.2976047679102862
2018-12-12 03:36:00,0.2768155648189463
2018-12-12 03:39:00,0.28914172672693894
2018-12-12 03:42:00,0.24094762853877683
2018-12-12 03:45:00,0.1826046092693332
2018-12-12 03:48:00,0.1643889097379656
2018-12-12 03:51:00,0.1395959541933962
2018-12-12 03:54:00,0.2285131782016947
2018-12-12 03:57:00,0.3089013860092109
2018-12-12 04:00:00,0.15185212077506094
2018-12-12 04:03:00,0.29540468997242897
2018-12-12 04:06:00,0.3283213601191619
2018-12-12 04:09:00,0.29384019497928193
2018-12-12 04:12:00,0.36419701880902267
2018-12-12 04:15:00,0.3489625646947161
2018-12-12 04:18:00,0.37263178562699295
2018-12-12 04:21:00,0.4636855689422532
2018-12-12 04:24:00,0.41446321878351
2018-12-12 04:27:00,0.7049312076231331
2018-12-12 04:30:00,0.6252121925571146
2018-12-12 04:33:00,0.6360515744963209
2018-12-12 04:36:00,0.6806041623008809
2018-12-12 04:39:00,0.7891981819575449
2018-12-12 04:42:00,0.48301490742801434
2018-12-12 04:45:00,0.3487773210240448
2018-12-12 04:48:00,0.3116259863994628
2018-12-12 04:51:00,0.2352443176741872
2018-12-12 04:54:00,0.3294986380801106
2018-12-12 04:57:00,0.44821860841642547
2018-12-12 05:00:00,0.4178674825500934
2018-12-12 05:03:00,0.3982515674920819
2018-12-12 05:06:00,0.3842795722987944
2018-12-12 05:09:00,0.3669713309947724
2018-12-12 05:12:00,0.5532213280927749
2018-12-12 05:15:00,0.492497582153419
2018-12-12 05:18:00,0.45092823836517937
2018-12-12 05:21:00,0.252305024746704
2018-12-12 05:24:00,0.23556762871089632
2018-12-12 05:27:00,0.31356325830279275
2018-12-12 05:30:00,0.3686870747533817
2018-12-12 05:33:00,0.28154662875107306
2018-12-12 05:36:00,0.34905156312930785
2018-12-12 05:39:00,0.3067496137733201
2018-12-12 05:42:00,0.30060851391158394
2018-12-12 05:45:00,0.1870775341769786
2018-12-12 05:48:00,0.20267512612645078
2018-12-12 05:51:00,0.23522010595314669
2018-12-12 05:54:00,0.2065163686435767
2018-12-12 05:57:00,0.285837988588753
2018-12-12 06:00:00,0.3485771823837922
2018-12-12 06:03:00,0.3217115737890026
2018-12-12 06:06:00,0.3440398929416233
2018-12-12 06:09:00,0.34720093588180134
2018-12-12 06:12:00,0.30789877249850406
2018-12-12 06:15:00,0.25608011857116253
2018-12-12 06:18:00,0.24028428429988935
2018-12-12 06:21:00,0.2827413488103616
2018-12-12 06:24:00,0.208831446785382
2018-12-12 06:27:00,0.25993304207179335
2018-12-12 06:30:00,0.2749630168908652
2018-12-12 06:33:00,0.21218726714062086
2018-12-12 06:36:00,0.2763998189868744
2018-12-12 06:39:00,0.2655109315965092
2018-12-12 06:42:00,0.276493879033751
2018-12-12 06:45:00,0.27810629515585106
2018-12-12 06:48:00,0.33358360821836186
2018-12-12 06:51:00,0.27001675135028336
2018-12-12 06:54:00,0.3309359238779166
2018-12-12 06:57:00,0.3181149671160597
2018-12-12 07:00:00,0.2130748370915967
2018-12-12 07:03:00,0.2558862168927476
2018-12-12 07:06:00,0.24895098761521695
2018-12-12 07:09:00,0.3106649978394671
2018-12-12 07:12:00,0.32148123346786406
2018-12-12 07:15:00,0.2575198564017569
2018-12-12 07:18:00,0.1908018022259057
2018-12-12 07:21:00,0.2796408887452344
2018-12-12 07:24:00,0.22784972218329358
2018-12-12 07:27:00,0.3011509645788806
2018-12-12 07:30:00,0.2895378846050676
2018-12-12 07:33:00,0.23969720028736674
2018-12-12 07:36:00,0.2643231530887533
2018-12-12 07:39:00,0.2646790549832758
2018-12-12 07:42:00,0.29960426004782903
2018-12-12 07:45:00,0.2814677115551376
2018-12-12 07:48:00,0.3877360772828524
2018-12-12 07:51:00,0.2782130648446355
2018-12-12 07:54:00,0.2785568609137954
2018-12-12 07:57:00,0.3539713659444601
2018-12-12 08:00:00,0.26473847653733174
2018-12-12 08:03:00,0.33488316630240433
2018-12-12 08:06:00,0.2546507286777455
2018-12-12 08:09:00,0.33406657526052186
2018-12-12 08:12:00,0.36814823245919115
2018-12-12 08:15:00,0.3061939358979089
2018-12-12 08:18:00,0.2141480442107877
2018-12-12 08:21:00,0.2062941956859845
2018-12-12 08:24:00,0.22958275305109055
2018-12-12 08:27:00,0.07498472104214216
2018-12-12 08:30:00,0.15477442592242596
2018-12-12 08:33:00,0.2339256633936202
2018-12-12 08:36:00,0.144390783325548
2018-12-12 08:39:00,0.05461564005912578
2018-12-12 08:42:00,0.1392207236015679
2018-12-12 08:45:00,0.12396404835351404
2018-12-12 08:48:00,0.16049380801490543
2018-12-12 08:51:00,0.15268853688843365
2018-12-12 08:54:00,0.06965493954510293
2018-12-12 08:57:00,0.10363407114078882
2018-12-12 09:00:00,0.023136663643015254
2018-12-12 09:03:00,-0.0018937305099484547
2018-12-12 09:06:00,-0.0024143318503888622
2018-12-12 09:09:00,-0.020493527810344858
2018-12-12 09:12:00,0.08870404833226075
2018-12-12 09:15:00,0.09800530000615026
2018-12-12 09:18:00,0.03223376531263966
2018-12-12 09:21:00,-0.016939479732741347
2018-12-12 09:24:00,0.0983941070066976
2018-12-12 09:27:00,-0.004931706802040026
2018-12-12 09:30:00,0.007431099611892478
2018-12-12 09:33:00,-0.07984125012427512
2018-12-12 09:36:00,-0.0013440775833828411
2018-12-12 09:39:00,-0.02768465446041546
2018-12-12 09:42:00,0.01814799988875393
2018-12-12 09:45:00,0.025880499591380612
2018-12-12 09:48:00,-0.013553882372207227
2018-12-12 09:51:00,-0.01982162599961157
2018-12-12 09:54:00,-0.11008060915861506
2018-12-12 09:57:00,-0.03158290205567482
2018-12-12 10:00:00,-0.0472723655902314
2018-12-12 10:03:00,-0.13226658365061894
2018-12-12 10:06:00,-0.011685588029820337
2018-12-12 10:09:00,-0.1527242318586559
2018-12-12 10:12:00,-0.11155016788387684
2018-12-12 10:15:00,-0.12183165482986169
2018-12-12 10:18:00,0.044341621505679996
2018-12-12 10:21:00,-0.17516209637466318
2018-12-12 10:24:00,-0.16043565382659608
2018-12-12 10:27:00,-0.17073499399032244
2018-12-12 10:30:00,-0.10307537759001661
2018-12-12 10:33:00,-0.19335096505909632
2018-12-12 10:36:00,-0.26482990815731
2018-12-12 10:39:00,-0.13110021035271302
2018-12-12 10:42:00,-0.23271166639227658
2018-12-12 10:45:00,-0.22546144174856408
2018-12-12 10:48:00,-0.22771816944924694
2018-12-12 10:51:00,-0.1483706013890469
2018-12-12 10:54:00,-0.21547377858132677
2018-12-12 10:57:00,-0.20534311455401166
2018-12-12 11:00:00,-0.2563084397697253
2018-12-12 11:03:00,-0.21993111761560158
2018-12-12 11:06:00,-0.34183554396213367
2018-12-12 11:09:00,-0.1683382840283798
2018-12-12 11:12:00,-0.1870188301220992
2018-12-12 11:15:00,-0.17161460470629208
2018-12-12 11:18:00,-0.252033384903541
2018-12-12 11:21:00,-0.22668631321442945
2018-12-12 11:24:00,-0.24988299074425413
2018-12-12 11:27:00,-0.23684713216675846
2018-12-12 11:30:00,-0.2486196034066097
2018-12-12 11:33:00,-0.2825125413789351
2018-12-12 11:36:00,-0.31397962831590576
2018-12-12 11:39:00,-0.2703127566466037
2018-12-12 11:42:00,-0.28104685341685354
2018-12-12 11:45:00,-0.30890476421103585
2018-12-12 11:48:00,-0.23346564301641592
2018-12-12 11:51:00,-0.3115405815534018
2018-12-12 11:54:00,-0.3136553727753153
2018-12-12 11:57:00,-0.2688867530292782
2018-12-12 12:00:00,-0.3483421251116283
2018-12-12 12:03:00,-0.2545930981917195
2018-12-12 12:06:00,-0.3588621958207341
2018-12-12 12:09:00,
2018-12-12 12:12:00,
2018-12-12 12:15:00,
2018-12-12 12:18:00,
2018-12-12 12:21:00,
2018-12-12 12:24:00,
2018-12-12 12:27:00,
2018-12-12 12:30:00,
2018-12-12 12:33:00,
2018-12-12 12:36:00,
2018-12-12 12:39:00,
2018-12-12 12:42:00,
2018-12-12 12:45:00,
2018-12-12 12:48:00,
2018-12-12 12:51:00,
2018-12-12 12:54:00,
2018-12-12 12:57:00,
2018-12-12 13:00:00,
2018-12-12 13:03:00,
2018-12-12 13:06:00,
2018-12-12 13:09:00,
2018-12-12 13:12:00,
2018-12-12 13:15:00,
2018-12-12 13:18:00,
2018-12-12 13:21:00,
2018-12-12 13:24:00,
2018-12-12 13:27:00,
2018-12-12 13:30:00,
2018-12-12 13:33:00,
2018-12-12 13:36:00,
2018-12-12 13:39:00,
2018-12-12 13:42:00,
2018-12-12 13:45:00,
2018-12-12 13:48:00,
2018-12-12 13:51:00,
2018-12-12 13:54:00,
2018-12-12 13:57:00,
2018-12-12 14:00:00,
2018-12-12 14:03:00,
2018-12-12 14:06:00,
2018-12-12 14:09:00,
2018-12-12 14:12:00,
2018-12-12 14:15:00,
2018-12-12 14:18:00,
2018-12-12 14:21:00,
2018-12-12 14:24:00,
2018-12-12 14:27:00,
2018-12-12 14:30:00,
2018-12-12 14:33:00,
2018-12-12 14:36:00,
2018-12-12 14:39:00,
2018-12-12 14:42:00,
2018-12-12 14:45:00,
2018-12-12 14:48:00,
2018-12-12 14:51:00,
2018-12-12 14:54:00,
2018-12-12 14:57:00,
2018-12-12 15:00:00,
2018-12-12 15:03:00,
2018-12-12 15:06:00,
2018-12-12 15:09:00,
2018-12-12 15:12:00,
2018-12-12 15:15:00,
2018-12-12 15:18:00,
2018-12-12 15:21:00,
2018-12-12 15:24:00,
2018-12-12 15:27:00,
2018-12-12 15:30:00,
2018-12-12 15:33:00,
2018-12-12 15:36:00,
2018-12-12 15:39:00,
2018-12-12 15:42:00,
2018-12-12 15:45:00,
2018-12-12 15:48:00,
2018-12-12 15:51:00,
2018-12-12 15:54:00,
2018-12-12 15:57:00,
2018-12-12 16:00:00,
2018-12-12 16:03:00,
2018-12-12 16:06:00,
2018-12-12 16:09:00,
2018-12-12 16:12:00,
2018-12-12 16:15:00,
2018-12-12 16:18:00,
2018-12-12 16:21:00,
2018-12-12 16:24:00,
2018-12-12 16:27:00,
2018-12-12 16:30:00,
2018-12-12 16:33:00,
2018-12-12 16:36:00,
2018-12-12 16:39:00,
2018-12-12 16:42:00,
2018-12-12 16:45:00,
2018-12-12 16:48:00,
2018-12-12 16:51:00,
2018-12-12 16:54:00,
2018-12-12 16:57:00,
2018-12-12 17:00:00,
2018-12-12 17:03:00,
2018-12-12 17:06:00,
2018-12-12 17:09:00,
2018-12-12 17:12:00,
2018-12-12 17:15:00,
2018-12-12 17:18:00,
2018-12-12 17:21:00,
2018-12-12 17:24:00,
2018-12-12 17:27:00,
2018-12-12 17:30:00,
2018-12-12 17:33:00,
2018-12-12 17:36:00,
2018-12-12 17:39:00,
2018-12-12 17:42:00,
2018-12-12 17:45:00,
2018-12-12 17:48:00,
2018-12-12 17:51:00,
2018-12-12 17:54:00,
2018-12-12 17:57:00,
2018-12-12 18:00:00,
2018-12-12 18:03:00,
2018-12-12 18:06:00,
2018-12-12 18:09:00,
2018-12-12 18:12:00,
2018-12-12 18:15:00,
2018-12-12 18:18:00,
2018-12-12 18:21:00,
2018-12-12 18:24:00,
2018-12-12 18:27:00,
2018-12-12 18:30:00,
2018-12-12 18:33:00,
2018-12-12 18:36:00,
2018-12-12 18:39:00,
2018-12-12 18:42:00,
2018-12-12 18:45:00,
2018-12-12 18:48:00,
2018-12-12 18:51:00,
2018-12-12 18:54:00,
2018-12-12 18:57:00,
2018-12-12 19:00:00,
2018-12-12 19:03:00,0.2470296881167542
2018-12-12 19:06:00,0.1575038346576889
2018-12-12 19:09:00,0.21518900562529097
2018-12-12 19:12:00,0.10667442056853815
2018-12-12 19:15:00,0.11663243315825866
2018-12-12 19:18:00,0.08525938602105043
2018-12-12 19:21:00,0.13922917773038535
2018-12-12 19:24:00,0.09091621174616193
2018-12-12 19:27:00,0.09518605184638318
2018-12-12 19:30:00,0.02828746981919039
2018-12-12 19:33:00,0.1165449432104424
2018-12-12 19:36:00,0.12816699284945798
2018-12-12 19:39:00,0.1560041265894938
2018-12-12 19:42:00,0.06422901291108474
2018-12-12 19:45:00,0.07908963948881365
2018-12-12 19:48:00,-0.011045125315888527
2018-12-12 19:51:00,0.22864899504611458
2018-12-12 19:54:00,0.07011453218183306
2018-12-12 19:57:00,0.178853176776272
2018-12-12 20:00:00,0.060884854085315965
2018-12-12 20:03:00,0.1039091175654221
2018-12-12 20:06:00,0.11652693863703689
2018-12-12 20:09:00,0.16146974240888312
2018-12-12 20:12:00,0.1257437034321356
2018-12-12 20:15:00,0.13755151134637345
2018-12-12 20:18:00,0.11792878231364057
2018-12-12 20:21:00,0.1991482915751135
2018-12-12 20:24:00,0.11683650374351373
2018-12-12 20:27:00,0.1892705270054762
2018-12-12 20:30:00,0.04072579885757932
2018-12-12 20:33:00,0.08412602862046015
2018-12-12 20:36:00,0.15117009049527041
2018-12-12 20:39:00,0.13892291986644523
2018-12-12 20:42:00,0.08605196059085074
2018-12-12 20:45:00,0.02071375753916982
2018-12-12 20:48:00,0.028946136902561648
2018-12-12 20:51:00,0.10204169099858973
2018-12-12 20:54:00,0.07699871815520964
2018-12-12 20:57:00,0.18635602133610973
2018-12-12 21:00:00,0.14640534574613184
2018-12-12 21:03:00,0.11089311916776978
2018-12-12 21:06:00,0.14346512801535027
2018-12-12 21:09:00,0.11288207538734696
2018-12-12 21:12:00,0.1277430004564053
2018-12-12 21:15:00,0.09235322417970337
2018-12-12 21:18:00,0.06766168213584933
2018-12-12 21:21:00,0.05689802105456465
2018-12-12 21:24:00,0.1114259768711463
2018-12-12 21:27:00,0.11273292399204138
2018-12-12 21:30:00,0.15646853343514522
2018-12-12 21:33:00,0.11679609316712458
2018-12-12 21:36:00,0.11721518495255623
2018-12-12 21:39:00,0.04426732616548179
2018-12-12 21:42:00,0.12004728576994239
2018-12-12 21:45:00,0.04465872096778867
2018-12-12 21:48:00,0.19061304449445515
2018-12-12 21:51:00,0.03331019349263897
2018-12-12 21:54:00,0.1396799876989121
2018-12-12 21:57:00,0.16455894896085965
2018-12-12 22:00:00,0.13055057221350808
2018-12-12 22:03:00,0.16925140662419835
2018-12-12 22:06:00,0.024922716864580252
2018-12-12 22:09:00,0.13675115750783107
2018-12-12 22:12:00,0.08261194894117807
2018-12-12 22:15:00,0.16641025650875463
2018-12-12 22:18:00,0.04632888495922316
2018-12-12 22:21:00,0.047257365485904756
2018-12-12 22:24:00,0.19231145993018117
2018-12-12 22:27:00,0.18270872474187172
2018-12-12 22:30:00,0.04558582704220271
2018-12-12 22:33:00,0.11306441549623969
2018-12-12 22:36:00,0.12053258892723306
2018-12-12 22:39:00,0.1359967371156472
2018-12-12 22:42:00,0.20773561868742263
2018-12-12 22:45:00,0.2224558049322809
2018-12-12 22:48:00,0.17694278365098626
2018-12-12 22:51:00,0.150545713997019
2018-12-12 22:54:00,0.23088132975846065
2018-12-12 22:57:00,0.13025903654585136
2018-12-12 23:00:00,0.18273505890590513
2018-12-12 23:03:00,0.17111425196100072
2018-12-12 23:06:00,0.12142846691784825
2018-12-12 23:09:00,0.15977022770118765
2018-12-12 23:12:00,0.10247576396312752
2018-12-12 23:15:00,0.13753774670522034
2018-12-12 23:18:00,0.10089074253704666
2018-12-12 23:21:00,0.07270616063868829
2018-12-12 23:24:00,0.13715952912281182
2018-12-12 23:27:00,0.13612988482742594
2018-12-12 23:30:00,0.1333332671771359
2018-12-12 23:33:00,0.08533483690962385
2018-12-12 23:36:00,0.08502090002190243
2018-12-12 23:39:00,0.1247151535650346
2018-12-12 23:42:00,0.13909693155267178
2018-12-12 23:45:00,0.09194822782154688
2018-12-12 23:48:00,0.20089031615248132
2018-12-12 23:51:00,0.11005299836796212
2018-12-12 23:54:00,0.16452114020268027
2018-12-12 23:57:00,0.18931647090772685
2018-12-13 00:00:00,0.1448447058217539
2018-12-13 00:03:00,0.15191950348861383
2018-12-13 00:06:00,0.09454769550143283
2018-12-13 00:09:00,0.13464741912895306
2018-12-13 00:12:00,0.13112787579302676
2018-12-13 00:15:00,0.07173306015704384
2018-12-13 00:18:00,0.15239765261009097
2018-12-13 00:21:00,0.21005943630530055
2018-12-13 00:24:00,0.1432305172421593
2018-12-13 00:27:00,0.1759065517924796
2018-12-13 00:30:00,0.18068209705631944
2018-12-13 00:33:00,0.0941872983188432
2018-12-13 00:36:00,0.06996820104097878
2018-12-13 00:39:00,0.07254658762047939
2018-12-13 00:42:00,0.14189903508912494
2018-12-13 00:45:00,0.13127313820166364
2018-12-13 00:48:00,0.16469258155757416
2018-12-13 00:51:00,0.18254413899342126
2018-12-13 00:54:00,0.19159378982436692
2018-12-13 00:57:00,0.12829667713845083
2018-12-13 01:00:00,0.11697506210163056
2018-12-13 01:03:00,0.159687067652726
2018-12-13 01:06:00,0.16923548175094538
2018-12-13 01:09:00,0.17694784285436072
2018-12-13 01:12:00,0.17324272460501788
2018-12-13 01:15:00,0.2671744712172881
2018-12-13 01:18:00,0.22220059967139605
2018-12-13 01:21:00,0.1771876825339973
2018-12-13 01:24:00,0.17367320317003987
2018-12-13 01:27:00,0.22427835278637076
2018-12-13 01:30:00,0.16615963943644374
2018-12-13 01:33:00,0.21878465259652558
2018-12-13 01:36:00,0.2754747296615392
2018-12-13 01:39:00,0.19863952354376124
2018-12-13 01:42:00,0.2666280402569896
2018-12-13 01:45:00,0.27196204524619816
2018-12-13 01:48:00,0.24205231333564825
2018-12-13 01:51:00,0.2952769725146709
2018-12-13 01:54:00,0.24305597617234298
2018-12-13 01:57:00,0.28147090146677556
2018-12-13 02:00:00,0.2741421176750123
2018-12-13 02:03:00,0.23220413310502863
2018-12-13 02:06:00,0.32025489822444797
2018-12-13 02:09:00,0.2649556963376085
2018-12-13 02:12:00,0.21688904637215956
2018-12-13 02:15:00,0.29590128070157107
2018-12-13 02:18:00,0.2375589485054661
2018-12-13 02:21:00,0.17144143301101167
2018-12-13 02:24:00,0.33259263476821843
2018-12-13 02:27:00,0.24721027023701936
2018-12-13 02:30:00,0.3174348444337056
2018-12-13 02:33:00,0.17554706326797032
2018-12-13 02:36:00,0.2530919472005735
2018-12-13 02:39:00,0.2944672036583711
2018-12-13 02:42:00,0.26380162904365534
2018-12-13 02:45:00,0.2401871919702785
2018-12-13 02:48:00,0.21921995346434642
2018-12-13 02:51:00,0.29407960980711323
2018-12-13 02:54:00,0.29149949290206223
2018-12-13 02:57:00,0.1873907963793613
2018-12-13 03:00:00,0.30587230609114613
2018-12-13 03:03:00,0.2062688586911463
2018-12-13 03:06:00,0.25081797740125467
2018-12-13 03:09:00,0.1789021975974947
2018-12-13 03:12:00,0.32973450377090785
2018-12-13 03:15:00,0.22521121846898495
2018-12-13 03:18:00,0.27680414724329694
2018-12-13 03:21:00,0.2590880152283148
2018-12-13 03:24:00,0.32036524071827444
2018-12-13 03:27:00,0.32384571647190796
2018-12-13 03:30:00,0.3302691396565933
2018-12-13 03:33:00,0.3246569311233998
2018-12-13 03:36:00,0.30002010634626686
2018-12-13 03:39:00,0.2115585580427819
2018-12-13 03:42:00,0.26941311919841837
2018-12-13 03:45:00,0.3127211751716459
2018-12-13 03:48:00,0.30014607009718475
2018-12-13 03:51:00,0.27496158335742393
2018-12-13 03:54:00,0.29655700457374223
2018-12-13 03:57:00,0.30516837053545487
2018-12-13 04:00:00,0.25098284629984846
2018-12-13 04:03:00,0.40393845604580747
2018-12-13 04:06:00,0.23554199529843345
2018-12-13 04:09:00,0.3244160373502041
2018-12-13 04:12:00,0.29353801090184106
2018-12-13 04:15:00,0.42297620552864146
2018-12-13 04:18:00,0.3675712793128696
2018-12-13 04:21:00,0.3733638288981638
2018-12-13 04:24:00,0.31869137007106474
2018-12-13 04:27:00,0.29061196203304007
2018-12-13 04:30:00,0.33099323515727974
2018-12-13 04:33:00,0.29669365385916535
2018-12-13 04:36:00,0.269725374805887
2018-12-13 04:39:00,0.4017500536653529
2018-12-13 04:42:00,0.36820010098153944
2018-12-13 04:45:00,0.38145771388116145
2018-12-13 04:48:00,0.3848757276086303
2018-12-13 04:51:00,0.2571104104751498
2018-12-13 04:54:00,0.4157377930727648
2018-12-13 04:57:00,0.3661838378943685
2018-12-13 05:00:00,0.3294383236480485
2018-12-13 05:03:00,0.3350135876982563
2018-12-13 05:06:00,0.37371372743479014
2018-12-13 05:09:00,0.3826214062273152
2018-12-13 05:12:00,0.41119446587731545
2018-12-13 05:15:00,0.45311046935631794
2018-12-13 05:18:00,0.36004599932834935
2018-12-13 05:21:00,0.3673125489537483
2018-12-13 05:24:00,0.4207323168478183
2018-12-13 05:27:00,0.4156917174190653
2018-12-13 05:30:00,0.46565071119306367
2018-12-13 05:33:00,0.42416456206967723
2018-12-13 05:36:00,0.44293468304590533
2018-12-13 05:39:00,0.40134456329872137
2018-12-13 05:42:00,0.3497158275167749
2018-12-13 05:45:00,0.3127585907717503
2018-12-13 05:48:00,0.4102683119589301
2018-12-13 05:51:00,0.39553784130174563
2018-12-13 05:54:00,0.34699933689591944
2018-12-13 05:57:00,0.22429006815633556
2018-12-13 06:00:00,0.38957261436939916
2018-12-13 06:03:00,0.34273090357731917
2018-12-13 06:06:00,0.3408479364093182
2018-12-13 06:09:00,0.34050788969057066
2018-12-13 06:12:00,0.4024085364953862
2018-12-13 06:15:00,0.33504688933186344
2018-12-13 06:18:00,0.3805587709305769
2018-12-13 06:21:00,0.3788209418285078
2018-12-13 06:24:00,0.37292529648414074
2018-12-13 06:27:00,0.3211078858088854
2018-12-13 06:30:00,0.2810956371745874
2018-12-13 06:33:00,0.4357725482558408
2018-12-13 06:36:00,0.397788757184685
2018-12-13 06:39:00,0.46739251052167674
2018-12-13 06:42:00,0.41793436213322366
2018-12-13 06:45:00,0.4369685544791082
2018-12-13 06:48:00,0.3997451304742867
2018-12-13 06:51:00,0.40650720812976715
2018-12-13 06:54:00,0.39373946654581005
2018-12-13 06:57:00,0.3477815264659512
2018-12-13 07:00:00,0.41603620894153437
2018-12-13 07:03:00,0.3823754109203037
2018-12-13 07:06:00,0.39525951397791914
2018-12-13 07:09:00,0.4256775284971468
2018-12-13 07:12:00,0.4621860788456047
2018-12-13 07:15:00,0.456375678832444
2018-12-13 07:18:00,0.41060513066889825
2018-12-13 07:21:00,0.4698872562660199
2018-12-13 07:24:00,0.3737507987030426
2018-12-13 07:27:00,0.3371545536554663
2018-12-13 07:30:00,0.3656903849325772
2018-12-13 07:33:00,0.30551149154297264
2018-12-13 07:36:00,0.26154395218128457
2018-12-13 07:39:00,0.2994494683945277
2018-12-13 07:42:00,0.4155421892913296
2018-12-13 07:45:00,0.2482087519409788
2018-12-13 07:48:00,0.22916206322872767
2018-12-13 07:51:00,0.3363657099553734
2018-12-13 07:54:00,0.23562816216599458
2018-12-13 07:57:00,0.31165577204785677
2018-12-13 08:00:00,0.3039596111511287
2018-12-13 08:03:00,0.2624342185732189
2018-12-13 08:06:00,0.3109212250869291
2018-12-13 08:09:00,0.3124197738775365
2018-12-13 08:12:00,0.1505556247440154
2018-12-13 08:15:00,0.23950540592664993
2018-12-13 08:18:00,0.14569967663811667
2018-12-13 08:21:00,0.1981734098940251
2018-12-13 08:24:00,0.15667000103508144
2018-12-13 08:27:00,0.21939949785428325
2018-12-13 08:30:00,0.17983695419144397
2018-12-13 08:33:00,0.12328604715912661
2018-12-13 08:36:00,0.1669429500783508
2018-12-13 08:39:00,0.1240074158436073
2018-12-13 08:42:00,0.09492535437414062
2018-12-13 08:45:00,0.02379829989041582
2018-12-13 08:48:00,0.05441096724268846
2018-12-13 08:51:00,0.005765005935245426
2018-12-13 08:54:00,0.047539758828406775
2018-12-13 08:57:00,0.023331053169158622
2018-12-13 09:00:00,-0.0038943365277077646
2018-12-13 09:03:00,-0.02127309513542741
2018-12-13 09:06:00,-0.06132216593380235
2018-12-13 09:09:00,-0.13618642020946936
2018-12-13 09:12:00,-0.14994082200905723
2018-12-13 09:15:00,-0.13097459256715638
2018-12-13 09:18:00,-0.0510314331940549
2018-12-13 09:21:00,-0.07270427700302662
2018-12-13 09:24:00,-0.06473692516800611
2018-12-13 09:27:00,-0.13363493754206957
2018-12-13 09:30:00,-0.09425441067435258
2018-12-13 09:33:00,-0.10469628208318227
2018-12-13 09:36:00,-0.07410906254534666
2018-12-13 09:39:00,-0.044303630344188605
2018-12-13 09:42:00,-0.06031743513136689
2018-12-13 09:45:00,-0.0394976046390525
2018-12-13 09:48:00,-0.09973173687603776
2018-12-13 09:51:00,-0.06882501354778015
2018-12-13 09:54:00,-0.07932276746362277
2018-12-13 09:57:00,-0.09481117465441002
2018-12-13 10:00:00,-0.009364940410478084
2018-12-13 10:03:00,-0.23661526975064362
2018-12-13 10:06:00,-0.1192791299071132
2018-12-13 10:09:00,-0.1515450924329116
2018-12-13 10:12:00,-0.14401127913629352
2018-12-13 10:15:00,-0.16606926697579638
2018-12-13 10:18:00,-0.16174332005959968
2018-12-13 10:21:00,-0.06445141254857845
2018-12-13 10:24:00,-0.03520851330841879
2018-12-13 10:27:00,-0.052285125938681176
2018-12-13 10:30:00,-0.12040495804006923
2018-12-13 10:33:00,-0.06478053025125519
2018-12-13 10:36:00,-0.0934062637381885
2018-12-13 10:39:00,-0.08114918072493538
2018-12-13 10:42:00,-0.1362381943603168
2018-12-13 10:45:00,-0.13129334974746598
2018-12-13 10:48:00,-0.17148953506085718
2018-12-13 10:51:00,-0.13207956740063764
2018-12-13 10:54:00,-0.06458005911565579
2018-12-13 10:57:00,-0.16078468025767734
2018-12-13 11:00:00,-0.25622369123084354
2018-12-13 11:03:00,-0.20614917707280256
2018-12-13 11:06:00,-0.1942064270311903
2018-12-13 11:09:00,-0.14715354424100724
2018-12-13 11:12:00,-0.16720835017122226
2018-12-13 11:15:00,-0.2449835506109821
2018-12-13 11:18:00,-0.19014937753451022
2018-12-13 11:21:00,-0.12246944640622814
2018-12-13 11:24:00,-0.20604907805011408
2018-12-13 11:27:00,-0.21760132127434417
2018-12-13 11:30:00,-0.11574734974425382
2018-12-13 11:33:00,-0.18127602457872172
2018-12-13 11:36:00,-0.1779615309918654
2018-12-13 11:39:00,-0.17513974182367065
2018-12-13 11:42:00,-0.1528840484023135
2018-12-13 11:45:00,-0.1344318370584574
2018-12-13 11:48:00,-0.13531449527880568
2018-12-13 11:51:00,-0.23558040466605235
2018-12-13 11:54:00,-0.2756147864968739
2018-12-13 11:57:00,-0.08624097025278843
2018-12-13 12:00:00,-0.2238746724111138
2018-12-13 12:03:00,-0.3437084942190154
2018-12-13 12:06:00,-0.2177014166292679
2018-12-13 12:09:00,-0.29334579656188
2018-12-13 12:12:00,-0.1655555777298332
2018-12-13 12:15:00,-0.1915403790065966
2018-12-13 12:18:00,-0.21799260259291486
2018-12-13 12:21:00,-0.3476821095688365
2018-12-13 12:24:00,-0.3321793148468828
2018-12-13 12:27:00,-0.29291630578802597
2018-12-13 12:30:00,-0.3822890637289902
2018-12-13 12:33:00,-0.4239980517749018
2018-12-13 12:36:00,-0.3678613673487803
2018-12-13 12:39:00,-0.28567116677419335
2018-12-13 12:42:00,-0.31056808995469964
2018-12-13 12:45:00,-0.276666586152146
2018-12-13 12:48:00,-0.3878359239591873
2018-12-13 12:51:00,-0.27396565084575286
2018-12-13 12:54:00,-0.35113431832172637
2018-12-13 12:57:00,-0.3327432401713395
2018-12-13 13:00:00,-0.43140411448746363
2018-12-13 13:03:00,-0.4707440567051435
2018-12-13 13:06:00,-0.37714923031734315
2018-12-13 13:09:00,-0.45326391255730414
2018-12-13 13:12:00,-0.3838542997248169
2018-12-13 13:15:00,-0.30851907120887745
2018-12-13 13:18:00,-0.2696236066076949
2018-12-13 13:21:00,-0.36092086710317517
2018-12-13 13:24:00,-0.31271664021778633
2018-12-13 13:27:00,-0.4621090585783918
2018-12-13 13:30:00,-0.4088168659520761
2018-12-13 13:33:00,-0.4001209395638625
2018-12-13 13:36:00,-0.4015545135919183
2018-12-13 13:39:00,-0.4824224082356636
2018-12-13 13:42:00,-0.35035083345530893
2018-12-13 13:45:00,-0.2445595337449049
2018-12-13 13:48:00,-0.30075486034849064
2018-12-13 13:51:00,-0.31494708484268585
2018-12-13 13:54:00,-0.4245474114269996
2018-12-13 13:57:00,-0.33149155935143426
2018-12-13 14:00:00,-0.2910717538514973
2018-12-13 14:03:00,-0.47084232134210424
2018-12-13 14:06:00,-0.5197894232370004
2018-12-13 14:09:00,-0.4660426552051149
2018-12-13 14:12:00,-0.3900987622523644
2018-12-13 14:15:00,-0.4390028714697678
2018-12-13 14:18:00,-0.4036843016232865
2018-12-13 14:21:00,-0.3876820073641625
2018-12-13 14:24:00,-0.3531804117367301
2018-12-13 14:27:00,-0.3558044263385227
2018-12-13 14:30:00,-0.4212806457260285
2018-12-13 14:33:00,-0.3975635625114933
2018-12-13 14:36:00,-0.440193017965953
2018-12-13 14:39:00,-0.2112120525929413
2018-12-13 14:42:00,-0.42142761633670034
2018-12-13 14:45:00,-0.3007916267804944
2018-12-13 14:48:00,-0.19724745381569164
2018-12-13 14:51:00,-0.3890179118436663
2018-12-13 14:54:00,-0.28759823130599216
2018-12-13 14:57:00,-0.2663578488990197
2018-12-13 15:00:00,-0.3371714579585614
2018-12-13 15:03:00,-0.4867227205885456
2018-12-13 15:06:00,-0.43325837714047566
2018-12-13 15:09:00,-0.4339257561413774
2018-12-13 15:12:00,-0.4774762181770029
2018-12-13 15:15:00,-0.4048640519630453
2018-12-13 15:18:00,-0.34946591086270473
2018-12-13 15:21:00,-0.3005170786893814
2018-12-13 15:24:00,-0.336875863806938
2018-12-13 15:27:00,-0.4399929295995548
2018-12-13 15:30:00,-0.32120460824125985
2018-12-13 15:33:00,-0.39430185734113365
2018-12-13 15:36:00,-0.4212818214919025
2018-12-13 15:39:00,-0.3825197446995503
2018-12-13 15:42:00,-0.4570069041756142
2018-12-13 15:45:00,-0.43927376096030457
2018-12-13 15:48:00,-0.4185574736389981
2018-12-13 15:51:00,-0.5574710954848001
2018-12-13 15:54:00,-0.4735082491254161
2018-12-13 15:57:00,-0.39391876860634056
2018-12-13 16:00:00,-0.48422343030495085
2018-12-13 16:03:00,-0.32407006446157993
2018-12-13 16:06:00,-0.316950712361745
2018-12-13 16:09:00,-0.2814733580490838
2018-12-13 16:12:00,-0.21581972337247635
2018-12-13 16:15:00,-0.27859313978490263
2018-12-13 16:18:00,-0.29416713226356705
2018-12-13 16:21:00,-0.2851215441926911
2018-12-13 16:24:00,-0.3071077906261621
2018-12-13 16:27:00,-0.37374816633899854
2018-12-13 16:30:00,-0.40780541753639454
2018-12-13 16:33:00,-0.2526104894895411
2018-12-13 16:36:00,-0.3645641317463628
2018-12-13 16:39:00,-0.4577439128538572
2018-12-13 16:42:00,-0.481711994583236
2018-12-13 16:45:00,-0.40718521371894667
2018-12-13 16:48:00,-0.33960042663636614
2018-12-13 16:51:00,-0.35327610470278614
2018-12-13 16:54:00,-0.4993270023509808
2018-12-13 16:57:00,-0.42769152288087753
2018-12-13 17:00:00,-0.29265311271325345
2018-12-13 17:03:00,-0.41080461797787393
2018-12-13 17:06:00,-0.481956457943852
2018-12-13 17:09:00,-0.28898144109507484
2018-12-13 17:12:00,-0.37480228406002425
2018-12-13 17:15:00,-0.37600078678377713
2018-12-13 17:18:00,-0.38684128187321676
2018-12-13 17:21:00,-0.2743167474807251
2018-12-13 17:24:00,-0.22273875771094254
2018-12-13 17:27:00,-0.35197406027992884
2018-12-13 17:30:00,-0.33489025832216157
2018-12-13 17:33:00,-0.29035757283730845
2018-12-13 17:36:00,-0.298243280489487
2018-12-13 17:39:00,-0.21613290370453342
2018-12-13 17:42:00,-0.22640021530156673
2018-12-13 17:45:00,-0.33275959767701124
2018-12-13 17:48:00,-0.23430212989018173
2018-12-13 17:51:00,-0.16668074168751446
2018-12-13 17:54:00,-0.22716243342671305
2018-12-13 17:57:00,-0.2553320316529266
2018-12-13 18:00:00,-0.1885032975291665
2018-12-13 18:03:00,-0.23826674763688516
2018-12-13 18:06:00,-0.3013517561502681
2018-12-13 18:09:00,-0.2734698659778587
2018-12-13 18:12:00,-0.2906691900978444
2018-12-13 18:15:00,-0.2439456667804052
2018-12-13 18:18:00,-0.27153012008477617
2018-12-13 18:21:00,-0.27409974830550254
2018-12-13 18:24:00,-0.29004101745204025
2018-12-13 18:27:00,-0.17299704324386767
2018-12-13 18:30:00,-0.11214284251150275
2018-12-13 18:33:00,-0.13082309673347936
2018-12-13 18:36:00,-0.2314373774603382
2018-12-13 18:39:00,-0.2121471746439738
2018-12-13 18:42:00,-0.18606548862868522
2018-12-13 18:45:00,-0.17208714201223074
2018-12-13 18:48:00,-0.15151537541817106
2018-12-13 18:51:00,-0.11234843922085247
2018-12-13 18:54:00,
2018-12-13 18:57:00,
2018-12-13 19:00:00,
2018-12-13 19:03:00,-0.031224736120236685
2018-12-13 19:06:00,-0.13130433235625105
2018-12-13 19:09:00,-0.07078455457843802
2018-12-13 19:12:00,-0.12499956347863872
2018-12-13 19:15:00,-0.15477523925011383
2018-12-13 19:18:00,-0.09947971242388576
2018-12-13 19:21:00,-0.07500234880956214
2018-12-13 19:24:00,-0.08866252939088781
2018-12-13 19:27:00,-0.09349041272946579
2018-12-13 19:30:00,0.010800117873088766
2018-12-13 19:33:00,-0.08444274793941986
2018-12-13 19:36:00,-0.11716658237679667
2018-12-13 19:39:00,-0.03401612688952582
2018-12-13 19:42:00,-0.02984947095166035
2018-12-13 19:45:00,-0.08174536126750809
2018-12-13 19:48:00,0.0037853224320087975
2018-12-13 19:51:00,0.0128654908895669
2018-12-13 19:54:00,-0.021260871962738292
2018-12-13 19:57:00,-0.03139953995338374
2018-12-13 20:00:00,-0.001940777426227669
2018-12-13 20:03:00,-0.0952547470378704
2018-12-13 20:06:00,-0.057512372906387554
2018-12-13 20:09:00,-0.07643187613678037
2018-12-13 20:12:00,-0.125494000981746
2018-12-13 20:15:00,-0.10679983884068633
2018-12-13 20:18:00,-0.1189995269887163
2018-12-13 20:21:00,-0.11372999191019062
2018-12-13 20:24:00,-0.15871295136270192
2018-12-13 20:27:00,-0.17032992432649507
2018-12-13 20:30:00,-0.06486518663729157
2018-12-13 20:33:00,-0.09089918886513715
2018-12-13 20:36:00,-0.029539638637004373
2018-12-13 20:39:00,0.07392547689579487
2018-12-13 20:42:00,-0.09780723793409152
2018-12-13 20:45:00,0.033546602964634076
2018-12-13 20:48:00,-0.03279326340987154
2018-12-13 20:51:00,-0.0840906031039026
2018-12-13 20:54:00,0.004607987006011172
2018-12-13 20:57:00,-0.07633281816470117
2018-12-13 21:00:00,-0.03289866041842515
2018-12-13 21:03:00,-0.08242444772338331
2018-12-13 21:06:00,-0.03205275004631858
2018-12-13 21:09:00,-0.09652795095632882
2018-12-13 21:12:00,-0.031136337089719746
2018-12-13 21:15:00,-0.019587809950451174
2018-12-13 21:18:00,-0.02251923877616946
2018-12-13 21:21:00,-0.08759275429605395
2018-12-13 21:24:00,0.039722907472764746
2018-12-13 21:27:00,-0.047667072549074874
2018-12-13 21:30:00,-0.12171831928003485
2018-12-13 21:33:00,-0.043212563765621326
2018-12-13 21:36:00,0.03343513488636063
2018-12-13 21:39:00,-0.04204901936969918
2018-12-13 21:42:00,0.03099418010702948
2018-12-13 21:45:00,-0.034504200903199944
2018-12-13 21:48:00,-0.01838973212846895
2018-12-13 21:51:00,0.10590230600138284
2018-12-13 21:54:00,0.000657737281073878
2018-12-13 21:57:00,-0.05341982124872402
2018-12-13 22:00:00,-0.02834696322133823
2018-12-13 22:03:00,-0.042358090432799145
2018-12-13 22:06:00,-0.04004717264479041
2018-12-13 22:09:00,0.04194678142465591
2018-12-13 22:12:00,-0.07047130929527157
2018-12-13 22:15:00,-0.008245341360691327
2018-12-13 22:18:00,-0.0364975790461699
2018-12-13 22:21:00,-0.016090982458990766
2018-12-13 22:24:00,-0.05891584863729804
2018-12-13 22:27:00,-0.130692191367757
2018-12-13 22:30:00,-0.007453853135586996
2018-12-13 22:33:00,-0.08942308904948959
2018-12-13 22:36:00,-0.08823290549622698
2018-12-13 22:39:00,-0.05447061937957187
2018-12-13 22:42:00,-0.14902358440338048
2018-12-13 22:45:00,-0.05570638157757912
2018-12-13 22:48:00,-0.08524983778988826
2018-12-13 22:51:00,-0.033296313899825236
2018-12-13 22:54:00,-0.014829211952701371
2018-12-13 22:57:00,0.058649856633905983
2018-12-13 23:00:00,-0.05877511769995181
2018-12-13 23:03:00,-0.06153072339600385
2018-12-13 23:06:00,-0.028731287281516416
2018-12-13 23:09:00,0.030842050475428096
2018-12-13 23:12:00,-0.02394588615379689
2018-12-13 23:15:00,0.021997872244526206
2018-12-13 23:18:00,-0.018253053924297546
2018-12-13 23:21:00,-0.11102095602211648
2018-12-13 23:24:00,-0.038757649903800484
2018-12-13 23:27:00,-0.06669840255949566
2018-12-13 23:30:00,0.00906162842949243
2018-12-13 23:33:00,0.058839700224268654
2018-12-13 23:36:00,0.10160171423160591
2018-12-13 23:39:00,0.12995767165034522
2018-12-13 23:42:00,0.11763991406974128
2018-12-13 23:45:00,-0.009338806646837838
2018-12-13 23:48:00,0.15833653144107984
2018-12-13 23:51:00,0.10558538805526041
2018-12-13 23:54:00,0.14031111156822362
2018-12-13 23:57:00,0.03684816795100687
2018-12-14 00:00:00,0.05354119377557254
2018-12-14 00:03:00,-0.06619625952504293
2018-12-14 00:06:00,0.0508372183528536
2018-12-14 00:09:00,0.01177081704321381
2018-12-14 00:12:00,0.03989551505117106
2018-12-14 00:15:00,0.036163293297079235
2018-12-14 00:18:00,0.08784904731027154
2018-12-14 00:21:00,0.049752656665873474
2018-12-14 00:24:00,0.038091789542534116
2018-12-14 00:27:00,0.015561865170752753
2018-12-14 00:30:00,0.1259700567148343
2018-12-14 00:33:00,0.15777980462030428
2018-12-14 00:36:00,0.20339101535341797
2018-12-14 00:39:00,0.1665138921293874
2018-12-14 00:42:00,0.07458243818069832
2018-12-14 00:45:00,0.049724614529736755
2018-12-14 00:48:00,0.1383347712942964
2018-12-14 00:51:00,-0.002054294437925819
2018-12-14 00:54:00,0.12558659706587605
2018-12-14 00:57:00,0.17968857327031174
2018-12-14 01:00:00,0.17052334326444907
2018-12-14 01:03:00,0.11682652065576349
2018-12-14 01:06:00,0.08815544024633937
2018-12-14 01:09:00,0.12212446152949497
2018-12-14 01:12:00,0.15857677442585327
2018-12-14 01:15:00,0.08909976013018195
2018-12-14 01:18:00,0.08484596916053988
2018-12-14 01:21:00,0.16669827484003008
2018-12-14 01:24:00,0.15826739308926108
2018-12-14 01:27:00,0.07425947453572235
2018-12-14 01:30:00,0.19490444898389114
2018-12-14 01:33:00,0.1421985420769829
2018-12-14 01:36:00,0.15511736938782406
2018-12-14 01:39:00,0.12322608613982311
2018-12-14 01:42:00,0.10799931399259322
2018-12-14 01:45:00,0.1537393423203639
2018-12-14 01:48:00,0.1339897902436178
2018-12-14 01:51:00,0.11671103949680628
2018-12-14 01:54:00,0.06859133575812848
2018-12-14 01:57:00,0.09414477268018118
2018-12-14 02:00:00,0.15608152424476884
2018-12-14 02:03:00,0.08898476395796706
2018-12-14 02:06:00,0.20759657125432796
2018-12-14 02:09:00,0.19763009787953933
2018-12-14 02:12:00,0.07961188974684319
2018-12-14 02:15:00,0.02977115257363039
2018-12-14 02:18:00,0.02638600750117348
2018-12-14 02:21:00,0.13756936270311826
2018-12-14 02:24:00,0.0946059252500504
2018-12-14 02:27:00,0.09229264600128317
2018-12-14 02:30:00,0.07817421523935764
2018-12-14 02:33:00,0.08395961612501424
2018-12-14 02:36:00,0.05936054000466129
2018-12-14 02:39:00,0.07857158450764246
2018-12-14 02:42:00,0.09007703842570436
2018-12-14 02:45:00,0.09861778108148656
2018-12-14 02:48:00,0.13762173444695236
2018-12-14 02:51:00,0.12676247995807444
2018-12-14 02:54:00,0.19201395562197376
2018-12-14 02:57:00,0.1458411821706136
2018-12-14 03:00:00,0.15340055682912634
2018-12-14 03:03:00,0.1307309558183647
2018-12-14 03:06:00,0.11735106402778683
2018-12-14 03:09:00,0.13335547504709666
2018-12-14 03:12:00,0.14845295372407463
2018-12-14 03:15:00,0.13075454962165622
2018-12-14 03:18:00,0.09394827778373838
2018-12-14 03:21:00,0.23486906441098654
2018-12-14 03:24:00,0.13433590931856543
2018-12-14 03:27:00,0.20262020208065223
2018-12-14 03:30:00,0.19842357220807116
2018-12-14 03:33:00,0.11007323449319983
2018-12-14 03:36:00,0.1476938778957333
2018-12-14 03:39:00,0.12843891598629398
2018-12-14 03:42:00,0.19609561331492387
2018-12-14 03:45:00,0.19647002423556614
2018-12-14 03:48:00,0.17717417546344905
2018-12-14 03:51:00,0.24772178247530974
2018-12-14 03:54:00,0.26627985858539205
2018-12-14 03:57:00,0.17934214446569285
2018-12-14 04:00:00,0.2009255308822162
2018-12-14 04:03:00,0.12209460237761505
2018-12-14 04:06:00,0.18718958440916822
2018-12-14 04:09:00,0.18071160240083373
2018-12-14 04:12:00,0.2522124682578806
2018-12-14 04:15:00,0.1779493578860638
2018-12-14 04:18:00,0.18760340404361386
2018-12-14 04:21:00,0.20886716206013034
2018-12-14 04:24:00,0.17886885027996868
2018-12-14 04:27:00,0.16699879736199819
2018-12-14 04:30:00,0.16906223779216134
2018-12-14 04:33:00,0.11397363025810137
2018-12-14 04:36:00,0.21413793489944055
2018-12-14 04:39:00,0.2234871945188388
2018-12-14 04:42:00,0.21393530145599016
2018-12-14 04:45:00,0.24795376396292568
2018-12-14 04:48:00,0.174113048928632
2018-12-14 04:51:00,0.2483345938290995
2018-12-14 04:54:00,0.20869452063504923
2018-12-14 04:57:00,0.2579465165009083
2018-12-14 05:00:00,0.20184674084310927
2018-12-14 05:03:00,0.3010841478653674
2018-12-14 05:06:00,0.17002918795077449
2018-12-14 05:09:00,0.24610302443346654
2018-12-14 05:12:00,0.20316983234135932
2018-12-14 05:15:00,0.21021959871330864
2018-12-14 05:18:00,0.29489783021006133
2018-12-14 05:21:00,0.2682625665264027
2018-12-14 05:24:00,0.23005534582006248
2018-12-14 05:27:00,0.2297500984934686
2018-12-14 05:30:00,0.24603226565403702
2018-12-14 05:33:00,0.29746385663560204
2018-12-14 05:36:00,0.27393979275626634
2018-12-14 05:39:00,0.3302127801418351
2018-12-14 05:42:00,0.2738832122742565
2018-12-14 05:45:00,0.35378751378289053
2018-12-14 05:48:00,0.4074018091702669
2018-12-14 05:51:00,0.2538159980516639
2018-12-14 05:54:00,0.23647611627956167
2018-12-14 05:57:00,0.2967319206983916
2018-12-14 06:00:00,0.300202151427186
2018-12-14 06:03:00,0.2547529524227343
2018-12-14 06:06:00,0.23618858371150964
2018-12-14 06:09:00,0.29122691099911435
2018-12-14 06:12:00,0.17819264243405541
2018-12-14 06:15:00,0.18539928365032665
2018-12-14 06:18:00,0.30023251193028955
2018-12-14 06:21:00,0.32344347011508034
2018-12-14 06:24:00,0.2861962223028627
2018-12-14 06:27:00,0.23382499330915607
2018-12-14 06:30:00,0.3195337133420253
2018-12-14 06:33:00,0.26948941992696973
2018-12-14 06:36:00,0.3074997310209824
2018-12-14 06:39:00,0.3143245239480734
2018-12-14 06:42:00,0.3525954414832313
2018-12-14 06:45:00,0.26954195729638286
2018-12-14 06:48:00,0.34043752589423093
2018-12-14 06:51:00,0.385584856619289
2018-12-14 06:54:00,0.35595431142519374
2018-12-14 06:57:00,0.30083229851811666
2018-12-14 07:00:00,0.2978149187559893
2018-12-14 07:03:00,0.4246709184252495
2018-12-14 07:06:00,0.3275397372503903
2018-12-14 07:09:00,0.3581720856404331
2018-12-14 07:12:00,0.3165721704905309
2018-12-14 07:15:00,0.26997070738275397
2018-12-14 07:18:00,0.31138602362062784
2018-12-14 07:21:00,0.35760267394363154
2018-12-14 07:24:00,0.3123410953762118
2018-12-14 07:27:00,0.2151227766510715
2018-12-14 07:30:00,0.25319978958600586
2018-12-14 07:33:00,0.2568223736645905
2018-12-14 07:36:00,0.3171669607672811
2018-12-14 07:39:00,0.2156244244108052
2018-12-14 07:42:00,0.22620915027749788
2018-12-14 07:45:00,0.30174681530911585
2018-12-14 07:48:00,0.2626226584478104
2018-12-14 07:51:00,0.2685854515374331
2018-12-14 07:54:00,0.26055448095218026
2018-12-14 07:57:00,0.2964354970606564
2018-12-14 08:00:00,0.2965497884006254
2018-12-14 08:03:00,0.2683886772243227
2018-12-14 08:06:00,0.24825536971906104
2018-12-14 08:09:00,0.21887319057822197
2018-12-14 08:12:00,0.24145807524689644
2018-12-14 08:15:00,0.22052357802618872
2018-12-14 08:18:00,0.14395181022098313
2018-12-14 08:21:00,0.14758677031630896
2018-12-14 08:24:00,0.11598963051460487
2018-12-14 08:27:00,0.1390311415931933
2018-12-14 08:30:00,0.10208967194216712
2018-12-14 08:33:00,0.2087935108204988
2018-12-14 08:36:00,0.3112241610394335
2018-12-14 08:39:00,0.09661136104921297
2018-12-14 08:42:00,0.07884019600379588
2018-12-14 08:45:00,0.11766436143022929
2018-12-14 08:48:00,0.006522216855330498
2018-12-14 08:51:00,0.07775666729412478
2018-12-14 08:54:00,-0.05348028066612187
2018-12-14 08:57:00,0.03503879335880811
2018-12-14 09:00:00,0.001961609731097269
2018-12-14 09:03:00,0.03215627526606113
2018-12-14 09:06:00,0.028082511752188566
2018-12-14 09:09:00,-0.032007461420619165
2018-12-14 09:12:00,0.01126309429145067
2018-12-14 09:15:00,0.03562126028998591
2018-12-14 09:18:00,0.06330653639565753
2018-12-14 09:21:00,-0.03270231936653545
2018-12-14 09:24:00,0.03388578299359324
2018-12-14 09:27:00,-0.0766880614256138
2018-12-14 09:30:00,-0.09076591154547486
2018-12-14 09:33:00,-0.034261235752524044
2018-12-14 09:36:00,-0.044346778930844266
2018-12-14 09:39:00,-0.06506522788066604
2018-12-14 09:42:00,-0.08535083388204612
2018-12-14 09:45:00,-0.1228940470302291
2018-12-14 09:48:00,-0.053446746072040696
2018-12-14 09:51:00,-0.06273452584173356
2018-12-14 09:54:00,-0.04839453993110965
2018-12-14 09:57:00,-0.07539554425454753
2018-12-14 10:00:00,-0.0844661618393161
2018-12-14 10:03:00,-0.15552546322987837
2018-12-14 10:06:00,-0.07789250871968534
2018-12-14 10:09:00,-0.0036534390099518532
2018-12-14 10:12:00,-0.13944593634306557
2018-12-14 10:15:00,-0.017455102621966034
2018-12-14 10:18:00,-0.08109438792439505
2018-12-14 10:21:00,-0.05681330049674216
2018-12-14 10:24:00,-0.04328466777218409
2018-12-14 10:27:00,-0.09009177514218436
2018-12-14 10:30:00,-0.08457426833228965
2018-12-14 10:33:00,-0.21226186526831725
2018-12-14 10:36:00,-0.1615413140306714
2018-12-14 10:39:00,-0.11958265775842847
2018-12-14 10:42:00,-0.19255277112580416
2018-12-14 10:45:00,-0.21300926922100416
2018-12-14 10:48:00,-0.14857019017017592
2018-12-14 10:51:00,-0.1347704564356036
2018-12-14 10:54:00,-0.22237670592085124
2018-12-14 10:57:00,-0.21145087965260245
2018-12-14 11:00:00,-0.1863638557866807
2018-12-14 11:03:00,-0.14951814172854938
2018-12-14 11:06:00,-0.2310601891651345
2018-12-14 11:09:00,-0.19662753779408604
2018-12-14 11:12:00,-0.20130218373003572
2018-12-14 11:15:00,-0.15182596842589646
2018-12-14 11:18:00,-0.15286347615318618
2018-12-14 11:21:00,-0.12651080176055984
2018-12-14 11:24:00,-0.1768351352876607
2018-12-14 11:27:00,-0.1661304868035245
2018-12-14 11:30:00,-0.1900550210643246
2018-12-14 11:33:00,-0.016825036082195766
2018-12-14 11:36:00,-0.16824111543468234
2018-12-14 11:39:00,-0.20800806337683753
2018-12-14 11:42:00,-0.1933288857392199
2018-12-14 11:45:00,-0.27387074248366616
2018-12-14 11:48:00,-0.25235679896849206
2018-12-14 11:51:00,-0.2267033997977137
2018-12-14 11:54:00,-0.16331604401904087
2018-12-14 11:57:00,-0.20070764480334446
2018-12-14 12:00:00,-0.1851158560941144
2018-12-14 12:03:00,-0.2343331508702704
2018-12-14 12:06:00,-0.2830417431920864
2018-12-14 12:09:00,-0.37465790668198906
2018-12-14 12:12:00,-0.2850083140601214
2018-12-14 12:15:00,-0.3017163452019531
2018-12-14 12:18:00,-0.3058723308194544
2018-12-14 12:21:00,-0.2837195843106315
2018-12-14 12:24:00,-0.32991091746282564
2018-12-14 12:27:00,-0.3737434119420868
2018-12-14 12:30:00,-0.307841072364738
2018-12-14 12:33:00,-0.38690712194681964
2018-12-14 12:36:00,-0.2374115129904908
2018-12-14 12:39:00,-0.38319965451393045
2018-12-14 12:42:00,-0.4878136562054465
2018-12-14 12:45:00,-0.29911258644534655
2018-12-14 12:48:00,-0.3085765958130082
2018-12-14 12:51:00,-0.3798985454413355
2018-12-14 12:54:00,-0.24892886587861085
2018-12-14 12:57:00,-0.32484010048176515
2018-12-14 13:00:00,-0.33312447428812675
2018-12-14 13:03:00,-0.29138682627183243
2018-12-14 13:06:00,-0.22886206742231252
2018-12-14 13:09:00,-0.2696923633166648
2018-12-14 13:12:00,-0.3058022114466894
2018-12-14 13:15:00,-0.2786491459071385
2018-12-14 13:18:00,-0.37444580809068384
2018-12-14 13:21:00,-0.24698333621614665
2018-12-14 13:24:00,-0.18665299384616674
2018-12-14 13:27:00,-0.15139285352125853
2018-12-14 13:30:00,-0.06586333593332938
2018-12-14 13:33:00,0.004553015602937194
2018-12-14 13:36:00,-0.12236736372517498
2018-12-14 13:39:00,-0.11817396232567035
2018-12-14 13:42:00,-0.09325249536624369
2018-12-14 13:45:00,-0.2214355775276431
2018-12-14 13:48:00,-0.2698014640213273
2018-12-14 13:51:00,-0.003231536914086064
2018-12-14 13:54:00,-0.060008810966451165
2018-12-14 13:57:00,0.10484741015915233
2018-12-14 14:00:00,0.12516620861777028
2018-12-14 14:03:00,0.09548490359162543
2018-12-14 14:06:00,0.20211775310650637
2018-12-14 14:09:00,0.13819022774299583
2018-12-14 14:12:00,0.24749817218059889
2018-12-14 14:15:00,0.26908732483667563
2018-12-14 14:18:00,0.3407588337299785
2018-12-14 14:21:00,0.21049839059571696
2018-12-14 14:24:00,0.27278377157995237
2018-12-14 14:27:00,0.29231731475323386
2018-12-14 14:30:00,0.27975261966929565
2018-12-14 14:33:00,0.33273852734475895
2018-12-14 14:36:00,0.3583147556523727
2018-12-14 14:39:00,0.3260893968915184
2018-12-14 14:42:00,0.27420718066503014
2018-12-14 14:45:00,0.1966645246158123
2018-12-14 14:48:00,0.3328879985308504
2018-12-14 14:51:00,0.1933368209305968
2018-12-14 14:54:00,0.11783931145572524
2018-12-14 14:57:00,0.18315273179325686
2018-12-14 15:00:00,0.15480811037031117
2018-12-14 15:03:00,-0.009847942506326035
2018-12-14 15:06:00,-0.08589009535012337
2018-12-14 15:09:00,-0.09678754201945594
2018-12-14 15:12:00,-0.07148955267928159
2018-12-14 15:15:00,-0.13805945625011873
2018-12-14 15:18:00,0.09532841019421312
2018-12-14 15:21:00,0.1925429948886972
2018-12-14 15:24:00,0.12135066600552591
2018-12-14 15:27:00,-0.17468135505328064
2018-12-14 15:30:00,-0.06432832386224163
2018-12-14 15:33:00,-0.01073834321061895
2018-12-14 15:36:00,-0.144395540381538
2018-12-14 15:39:00,0.03183669234960007
2018-12-14 15:42:00,-0.01757063010171578
2018-12-14 15:45:00,0.018541051754766613
2018-12-14 15:48:00,0.10402065007872352
2018-12-14 15:51:00,0.1184710383273
2018-12-14 15:54:00,0.011967615018988909
2018-12-14 15:57:00,-0.03613333743982139
2018-12-14 16:00:00,0.09613215407807729
2018-12-14 16:03:00,-0.030926833760190675
2018-12-14 16:06:00,0.0610117571476394
2018-12-14 16:09:00,-0.0528351961812632
2018-12-14 16:12:00,0.07819796775203258
2018-12-14 16:15:00,0.03200684743137572
2018-12-14 16:18:00,-0.11926994911664224
2018-12-14 16:21:00,-0.09794876884444648
2018-12-14 16:24:00,-0.12511693540824353
2018-12-14 16:27:00,-0.023417571926927394
2018-12-14 16:30:00,0.014406378855142066
2018-12-14 16:33:00,-0.07549673334528961
2018-12-14 16:36:00,0.14349378069431395
2018-12-14 16:39:00,0.01928282512193391
2018-12-14 16:42:00,0.17526355102410207
2018-12-14 16:45:00,-0.0063360459791965695
2018-12-14 16:48:00,0.027191569858985076
2018-12-14 16:51:00,-0.037539950622090146
2018-12-14 16:54:00,0.06200055485004441
2018-12-14 16:57:00,0.05587432365081213
2018-12-14 17:00:00,0.12818517723127343
2018-12-14 17:03:00,0.11200859619975745
2018-12-14 17:06:00,0.11300263909549813
2018-12-14 17:09:00,0.20807346588014752
2018-12-14 17:12:00,0.27570822663159333
2018-12-14 17:15:00,0.353593131537707
2018-12-14 17:18:00,0.2775883156709824
2018-12-14 17:21:00,0.38078383976630903
2018-12-14 17:24:00,0.27981103911878336
2018-12-14 17:27:00,0.20482682130057128
2018-12-14 17:30:00,0.2245218606424828
2018-12-14 17:33:00,0.21430497523209624
2018-12-14 17:36:00,0.08910948387745066
2018-12-14 17:39:00,0.09273424693020615
2018-12-14 17:42:00,0.04756243723551279
2018-12-14 17:45:00,0.07890663596316472
2018-12-14 17:48:00,0.2355589033270462
2018-12-14 17:51:00,0.10575804476133044
2018-12-14 17:54:00,0.061772795046863394
2018-12-14 17:57:00,0.08276983465776766
2018-12-14 18:00:00,0.09359179302964549
2018-12-14 18:03:00,0.1252740365798104
2018-12-14 18:06:00,0.015251307265600644
2018-12-14 18:09:00,0.10282616076693785
2018-12-14 18:12:00,0.14414629065902318
2018-12-14 18:15:00,0.27748606009799914
2018-12-14 18:18:00,0.1387471972335561
2018-12-14 18:21:00,0.19101820188791407
2018-12-14 18:24:00,0.1779374478269915
2018-12-14 18:27:00,0.07991970257478442
2018-12-14 18:30:00,0.08835072772495778
2018-12-14 18:33:00,0.0792197461186106
2018-12-14 18:36:00,0.16101482824853974
2018-12-14 18:39:00,0.11081256547748808
2018-12-14 18:42:00,0.09166850128218584
2018-12-14 18:45:00,0.0967883311838591
2018-12-14 18:48:00,0.08934287122445994
2018-12-14 18:51:00,0.09796727404841477
2018-12-14 18:54:00,
2018-12-14 18:57:00,
2018-12-14 19:00:00,
2018-12-14 19:03:00,0.1461759274305905
2018-12-14 19:06:00,0.1095935861947055
2018-12-14 19:09:00,0.09275793350036565
2018-12-14 19:12:00,0.1024975754451134
2018-12-14 19:15:00,0.11628843780522402
2018-12-14 19:18:00,0.10112724435992959
2018-12-14 19:21:00,0.15769386899091842
2018-12-14 19:24:00,0.13292891071466784
2018-12-14 19:27:00,0.0924292864524432
2018-12-14 19:30:00,0.14663518865472724
2018-12-14 19:33:00,0.13455141333975007
2018-12-14 19:36:00,0.0470781142213923
2018-12-14 19:39:00,0.03875580050907956
2018-12-14 19:42:00,0.18754604866580848
2018-12-14 19:45:00,0.19874663714813323
2018-12-14 19:48:00,0.1984029214405041
2018-12-14 19:51:00,0.19295393584030762
2018-12-14 19:54:00,0.1258500751939664
2018-12-14 19:57:00,0.06234123535455183
2018-12-14 20:00:00,0.18140447575035523
2018-12-14 20:03:00,0.30046427880341753
2018-12-14 20:06:00,0.12838515271113238
2018-12-14 20:09:00,0.07508502692257935
2018-12-14 20:12:00,0.17527903071101036
2018-12-14 20:15:00,-0.006023237489500843
2018-12-14 20:18:00,0.06444423591170789
2018-12-14 20:21:00,0.07851177953676824
2018-12-14 20:24:00,0.09993175864974546
2018-12-14 20:27:00,0.12438890712496686
2018-12-14 20:30:00,0.21549613292944514
2018-12-14 20:33:00,0.06781660052388361
2018-12-14 20:36:00,0.03378024923773637
2018-12-14 20:39:00,0.12410936439397346
2018-12-14 20:42:00,0.07542499743595954
2018-12-14 20:45:00,0.19039157138837481
2018-12-14 20:48:00,0.08644714276368859
2018-12-14 20:51:00,0.10284152329739982
2018-12-14 20:54:00,0.19460399513286575
2018-12-14 20:57:00,0.1030759914804662
2018-12-14 21:00:00,0.20873651822847705
2018-12-14 21:03:00,0.06762238908885365
2018-12-14 21:06:00,0.08099424197865801
2018-12-14 21:09:00,0.07288222078551598
2018-12-14 21:12:00,0.08042691230593846
2018-12-14 21:15:00,0.14615035873157467
2018-12-14 21:18:00,0.2038081125636495
2018-12-14 21:21:00,0.13017578239106342
2018-12-14 21:24:00,0.15426299264419185
2018-12-14 21:27:00,0.17942135845453322
2018-12-14 21:30:00,0.06605467094038886
2018-12-14 21:33:00,0.1219562695833929
2018-12-14 21:36:00,0.11228590420324736
2018-12-14 21:39:00,0.157055872616354
2018-12-14 21:42:00,0.2894619073422291
2018-12-14 21:45:00,0.08456374460746474
2018-12-14 21:48:00,0.06974119709616389
2018-12-14 21:51:00,0.26626892183242035
2018-12-14 21:54:00,0.0704086669628623
2018-12-14 21:57:00,0.14397338920093716
2018-12-14 22:00:00,0.11106815427001493
2018-12-14 22:03:00,0.16263325512733218
2018-12-14 22:06:00,0.15786592813572042
2018-12-14 22:09:00,0.14640108535087393
2018-12-14 22:12:00,0.1100642888414427
2018-12-14 22:15:00,0.14960717442664873
2018-12-14 22:18:00,0.1696474344807939
2018-12-14 22:21:00,0.15749199415159865
2018-12-14 22:24:00,0.14004372049350877
2018-12-14 22:27:00,0.21204101237543682
2018-12-14 22:30:00,0.1400455923371169
2018-12-14 22:33:00,0.27650988546605504
2018-12-14 22:36:00,0.17045709604491321
2018-12-14 22:39:00,0.2009768135880563
2018-12-14 22:42:00,0.21903350892301887
2018-12-14 22:45:00,0.2694992447783875
2018-12-14 22:48:00,0.2663076683990653
2018-12-14 22:51:00,0.277930679246424
2018-12-14 22:54:00,0.2471077646562776
2018-12-14 22:57:00,0.2860961648401599
2018-12-14 23:00:00,0.2462734559979367
2018-12-14 23:03:00,0.29372454683289106
2018-12-14 23:06:00,0.1960426083450102
2018-12-14 23:09:00,0.1655291290771288
2018-12-14 23:12:00,0.20947103255110733
2018-12-14 23:15:00,0.2850304708180147
2018-12-14 23:18:00,0.2923598629850517
2018-12-14 23:21:00,0.3339313800570949
2018-12-14 23:24:00,0.2644081710903947
2018-12-14 23:27:00,0.22312722973890686
2018-12-14 23:30:00,0.28011112686436945
2018-12-14 23:33:00,0.2609548765827867
2018-12-14 23:36:00,0.3306208290177892
2018-12-14 23:39:00,0.249292459402227
2018-12-14 23:42:00,0.21310614882656864
2018-12-14 23:45:00,0.3263119143711606
2018-12-14 23:48:00,0.2692534891021978
2018-12-14 23:51:00,0.3527983659196252
2018-12-14 23:54:00,0.19663783061531603
2018-12-14 23:57:00,0.22747139847280096
2018-12-15 00:00:00,0.32576292536708706
2018-12-15 00:03:00,0.25078366069249114
2018-12-15 00:06:00,0.1913229116866546
2018-12-15 00:09:00,0.2634787906900442
2018-12-15 00:12:00,0.19068509030711311
2018-12-15 00:15:00,0.20576471121296436
2018-12-15 00:18:00,0.2749789827384461
2018-12-15 00:21:00,0.2795737576247461
2018-12-15 00:24:00,0.2879732725851909
2018-12-15 00:27:00,0.21349317241180188
2018-12-15 00:30:00,0.2366645002542782
2018-12-15 00:33:00,0.29686197127625746
2018-12-15 00:36:00,0.2341896789623661
2018-12-15 00:39:00,0.273480736896488
2018-12-15 00:42:00,0.28579815350821036
2018-12-15 00:45:00,0.32793270792501517
2018-12-15 00:48:00,0.3175106510838077
2018-12-15 00:51:00,0.3344242179558705
2018-12-15 00:54:00,0.2604581603063707
2018-12-15 00:57:00,0.2607340468582038
2018-12-15 01:00:00,0.30166866041776075
2018-12-15 01:03:00,0.35569254123237215
2018-12-15 01:06:00,0.3333855613145147
2018-12-15 01:09:00,0.33236564605607555
2018-12-15 01:12:00,0.31957861808001553
2018-12-15 01:15:00,0.3019463150029651
2018-12-15 01:18:00,0.30451991849560045
2018-12-15 01:21:00,0.30622707104362235
2018-12-15 01:24:00,0.24649366280158347
2018-12-15 01:27:00,0.3757569819258606
2018-12-15 01:30:00,0.3212548078522559
2018-12-15 01:33:00,0.36624837746006733
2018-12-15 01:36:00,0.37497215277210216
2018-12-15 01:39:00,0.28973967295945613
2018-12-15 01:42:00,0.36829365771296807
2018-12-15 01:45:00,0.2920349086745091
2018-12-15 01:48:00,0.26548876083853656
2018-12-15 01:51:00,0.3161296035117971
2018-12-15 01:54:00,0.36211988064519574
2018-12-15 01:57:00,0.36291788446612827
2018-12-15 02:00:00,0.2641558080589448
2018-12-15 02:03:00,0.3748168270951737
2018-12-15 02:06:00,0.3048391791723475
2018-12-15 02:09:00,0.3464550345991029
2018-12-15 02:12:00,0.3081633901083478
2018-12-15 02:15:00,0.3037659985324126
2018-12-15 02:18:00,0.3765812856086086
2018-12-15 02:21:00,0.2997496610514645
2018-12-15 02:24:00,0.3495231554773568
2018-12-15 02:27:00,0.2854631915649293
2018-12-15 02:30:00,0.30655427900182985
2018-12-15 02:33:00,0.3267184643638643
2018-12-15 02:36:00,0.34295255204068553
2018-12-15 02:39:00,0.28346042792617254
2018-12-15 02:42:00,0.2980235102930351
2018-12-15 02:45:00,0.38170495434013674
2018-12-15 02:48:00,0.4054438631295625
2018-12-15 02:51:00,0.3495671073023914
2018-12-15 02:54:00,0.39679611460707065
2018-12-15 02:57:00,0.29731524297557144
2018-12-15 03:00:00,0.42408930073708007
2018-12-15 03:03:00,0.27500057565850966
2018-12-15 03:06:00,0.3485023251666348
2018-12-15 03:09:00,0.373495593217001
2018-12-15 03:12:00,0.3542745980585664
2018-12-15 03:15:00,0.3479821457056005
2018-12-15 03:18:00,0.267493217658739
2018-12-15 03:21:00,0.2670215592584668
2018-12-15 03:24:00,0.2614050977296074
2018-12-15 03:27:00,0.25902933320617194
2018-12-15 03:30:00,0.30547624097147263
2018-12-15 03:33:00,0.2864850949567881
2018-12-15 03:36:00,0.41518938430562
2018-12-15 03:39:00,0.24211097108479862
2018-12-15 03:42:00,0.3348741157152517
2018-12-15 03:45:00,0.2811754493657759
2018-12-15 03:48:00,0.3282901589859648
2018-12-15 03:51:00,0.295916890223225
2018-12-15 03:54:00,0.3274284722023708
2018-12-15 03:57:00,0.25141095069636776
2018-12-15 04:00:00,0.32596512657408994
2018-12-15 04:03:00,0.35533645057978447
2018-12-15 04:06:00,0.40335492578628873
2018-12-15 04:09:00,0.34612518396431824
2018-12-15 04:12:00,0.47011126639932854
2018-12-15 04:15:00,0.40576773093982865
2018-12-15 04:18:00,0.3354620517479816
2018-12-15 04:21:00,0.32435243390330015
2018-12-15 04:24:00,0.43686675067840497
2018-12-15 04:27:00,0.35380104225089326
2018-12-15 04:30:00,0.36842975323924065
2018-12-15 04:33:00,0.3491407397072521
2018-12-15 04:36:00,0.3188483478017474
2018-12-15 04:39:00,0.410222791545948
2018-12-15 04:42:00,0.341085905225043
2018-12-15 04:45:00,0.2579658909586442
2018-12-15 04:48:00,0.35164487741582207
2018-12-15 04:51:00,0.4292439986815566
2018-12-15 04:54:00,0.3366260082691497
2018-12-15 04:57:00,0.429902345790822
2018-12-15 05:00:00,0.43941770893889043
2018-12-15 05:03:00,0.4643862493991264
2018-12-15 05:06:00,0.38431667749148346
2018-12-15 05:09:00,0.36892222975944833
2018-12-15 05:12:00,0.36808141393476035
2018-12-15 05:15:00,0.4634496535491053
2018-12-15 05:18:00,0.3939739855673565
2018-12-15 05:21:00,0.43867223757405327
2018-12-15 05:24:00,0.3763634575529977
2018-12-15 05:27:00,0.4993871584471776
2018-12-15 05:30:00,0.38350830319598117
2018-12-15 05:33:00,0.41741615395119425
2018-12-15 05:36:00,0.4220250452978007
2018-12-15 05:39:00,0.36735883323143526
2018-12-15 05:42:00,0.23921871039527787
2018-12-15 05:45:00,0.3732306935474412
2018-12-15 05:48:00,0.3747065717991518
2018-12-15 05:51:00,0.3720452375726495
2018-12-15 05:54:00,0.32575765684032376
2018-12-15 05:57:00,0.3511041060654634
2018-12-15 06:00:00,0.37319455901092624
2018-12-15 06:03:00,0.3735997108229867
2018-12-15 06:06:00,0.39343740532518723
2018-12-15 06:09:00,0.41566585620557817
2018-12-15 06:12:00,0.3618155947486912
2018-12-15 06:15:00,0.3716415380609419
2018-12-15 06:18:00,0.30610326404541865
2018-12-15 06:21:00,0.4107968852771364
2018-12-15 06:24:00,0.3584432196714147
2018-12-15 06:27:00,0.43845664356854286
2018-12-15 06:30:00,0.39824826220160503
2018-12-15 06:33:00,0.3995930068341522
2018-12-15 06:36:00,0.43275251856283603
2018-12-15 06:39:00,0.3482423424197236
2018-12-15 06:42:00,0.4156753754075453
2018-12-15 06:45:00,0.4330268189442563
2018-12-15 06:48:00,0.38722581470557316
2018-12-15 06:51:00,0.28192497668538863
2018-12-15 06:54:00,0.3548927057707374
2018-12-15 06:57:00,0.40435024198347946
2018-12-15 07:00:00,0.39583985232627583
2018-12-15 07:03:00,0.43681525152771883
2018-12-15 07:06:00,0.38604237454740087
2018-12-15 07:09:00,0.44306463780861804
2018-12-15 07:12:00,0.3491549359279702
2018-12-15 07:15:00,0.40945516859022746
2018-12-15 07:18:00,0.41220662093718374
2018-12-15 07:21:00,0.3886840337129911
2018-12-15 07:24:00,0.3312722579017304
2018-12-15 07:27:00,0.3497722797098959
2018-12-15 07:30:00,0.3598353728262964
2018-12-15 07:33:00,0.39617982062640067
2018-12-15 07:36:00,0.4204863877295111
2018-12-15 07:39:00,0.4140191648771179
2018-12-15 07:42:00,0.3749600330988869
2018-12-15 07:45:00,0.41053948505526705
2018-12-15 07:48:00,0.4068695890205163
2018-12-15 07:51:00,0.3688952583578953
2018-12-15 07:54:00,0.35002820864656314
2018-12-15 07:57:00,0.3187266742650081
2018-12-15 08:00:00,0.27170766977667427
2018-12-15 08:03:00,0.32469413227414634
2018-12-15 08:06:00,0.25502932040257065
2018-12-15 08:09:00,0.3018912146769708
2018-12-15 08:12:00,0.37338912482260866
2018-12-15 08:15:00,0.31394320988874824
2018-12-15 08:18:00,0.34631661594829666
2018-12-15 08:21:00,0.33759246882084426
2018-12-15 08:24:00,0.33265660246689777
2018-12-15 08:27:00,0.3118394130780757
2018-12-15 08:30:00,0.3670942914407078
2018-12-15 08:33:00,0.29824910422235007
2018-12-15 08:36:00,0.2603323678942502
2018-12-15 08:39:00,0.34734036929529566
2018-12-15 08:42:00,0.3816960289005351
2018-12-15 08:45:00,0.42164411018598
2018-12-15 08:48:00,0.27275649092234744
2018-12-15 08:51:00,0.2799271569386974
2018-12-15 08:54:00,0.33866623644394167
2018-12-15 08:57:00,0.24949738748966865
2018-12-15 09:00:00,0.32440910697346226
2018-12-15 09:03:00,0.3305771503102619
2018-12-15 09:06:00,0.37010492431926423
2018-12-15 09:09:00,0.3238058297306452
2018-12-15 09:12:00,0.26565191281696343
2018-12-15 09:15:00,0.22356818609910079
2018-12-15 09:18:00,0.35108187149546666
2018-12-15 09:21:00,0.3418654861451955
2018-12-15 09:24:00,0.3141100967453667
2018-12-15 09:27:00,0.23260946089186518
2018-12-15 09:30:00,0.209376992410796
2018-12-15 09:33:00,0.2565002762603399
2018-12-15 09:36:00,0.1874223619906843
2018-12-15 09:39:00,0.22127231230098232
2018-12-15 09:42:00,0.08290155995103987
2018-12-15 09:45:00,0.19112216075183142
2018-12-15 09:48:00,0.2594716432312225
2018-12-15 09:51:00,0.20423366922415198
2018-12-15 09:54:00,0.23729201124791643
2018-12-15 09:57:00,0.14975471531585072
2018-12-15 10:00:00,0.12548123987562576
2018-12-15 10:03:00,0.12269843128052571
2018-12-15 10:06:00,0.15835875399085353
2018-12-15 10:09:00,0.22355186779310543
2018-12-15 10:12:00,0.13543293618698726
2018-12-15 10:15:00,0.16931768524540303
2018-12-15 10:18:00,0.1301367702284324
2018-12-15 10:21:00,0.10704664437378142
2018-12-15 10:24:00,0.13353305022070572
2018-12-15 10:27:00,0.0536420681924028
2018-12-15 10:30:00,0.06949222496865559
2018-12-15 10:33:00,0.08201851386417047
2018-12-15 10:36:00,0.05016379771791435
2018-12-15 10:39:00,0.02932695962812204
2018-12-15 10:42:00,0.1259256361614689
2018-12-15 10:45:00,0.057164507715185664
2018-12-15 10:48:00,0.0630064829322805
2018-12-15 10:51:00,-0.03159158061276912
2018-12-15 10:54:00,0.003619911033410972
2018-12-15 10:57:00,0.018527216876407238
2018-12-15 11:00:00,0.01763814345810033
2018-12-15 11:03:00,-0.11039412297765239
2018-12-15 11:06:00,-0.00028664501678576926
2018-12-15 11:09:00,-0.026823190850620904
2018-12-15 11:12:00,-0.0448910038833219
2018-12-15 11:15:00,-0.046983654177552125
2018-12-15 11:18:00,-0.08795927383681601
2018-12-15 11:21:00,-0.016439778089647916
2018-12-15 11:24:00,-0.11863224534943129
2018-12-15 11:27:00,-0.1743404416177441
2018-12-15 11:30:00,-0.03541386868698737
2018-12-15 11:33:00,-0.19410902308953837
2018-12-15 11:36:00,-0.003349976655044884
2018-12-15 11:39:00,-0.09154704533358426
2018-12-15 11:42:00,-0.09045712883772694
2018-12-15 11:45:00,-0.124681139817028
2018-12-15 11:48:00,-0.08452631792118837
2018-12-15 11:51:00,-0.12911721089005823
2018-12-15 11:54:00,-0.08573449665169619
2018-12-15 11:57:00,-0.08882771655754595
2018-12-15 12:00:00,-0.11989702592222784
2018-12-15 12:03:00,-0.18198200319619673
2018-12-15 12:06:00,-0.06936200214539667
2018-12-15 12:09:00,-0.12055908348804678
2018-12-15 12:12:00,-0.14652448425152897
2018-12-15 12:15:00,-0.04354156792516051
2018-12-15 12:18:00,-0.14830330807853898
2018-12-15 12:21:00,-0.09690642386181025
2018-12-15 12:24:00,-0.040484586705019865
2018-12-15 12:27:00,-0.13415805481304233
2018-12-15 12:30:00,-0.08166209149186443
2018-12-15 12:33:00,-0.13055204786519425
2018-12-15 12:36:00,-0.11734726809572749
2018-12-15 12:39:00,-0.08364023037222523
2018-12-15 12:42:00,0.009429513007887635
2018-12-15 12:45:00,-0.06988822961506003
2018-12-15 12:48:00,-0.11704944110579163
2018-12-15 12:51:00,-0.0005018795633304762
2018-12-15 12:54:00,-0.07500236887489109
2018-12-15 12:57:00,-0.14432768127562667
2018-12-15 13:00:00,-0.15773091219750768
2018-12-15 13:03:00,-0.1983618647500407
2018-12-15 13:06:00,-0.2319446064167323
2018-12-15 13:09:00,-0.17783615036285028
2018-12-15 13:12:00,-0.1876924540553091
2018-12-15 13:15:00,-0.06871866039648467
2018-12-15 13:18:00,-0.07575030891359802
2018-12-15 13:21:00,-0.04281049528123049
2018-12-15 13:24:00,-0.06439044750999301
2018-12-15 13:27:00,-0.13918303619766448
2018-12-15 13:30:00,-0.14529630563305318
2018-12-15 13:33:00,-0.16474976852060763
2018-12-15 13:36:00,-0.0284619507455659
2018-12-15 13:39:00,-0.10715337795096502
2018-12-15 13:42:00,0.12352576843784391
2018-12-15 13:45:00,0.2326368186545551
2018-12-15 13:48:00,0.11833569175053071
2018-12-15 13:51:00,-0.07984892640365615
2018-12-15 13:54:00,-0.09297484716864801
2018-12-15 13:57:00,-0.09966887988377948
2018-12-15 14:00:00,-0.14044093108128664
2018-12-15 14:03:00,-0.15104490725514097
2018-12-15 14:06:00,-0.22264342687822136
2018-12-15 14:09:00,-0.2126822985956096
2018-12-15 14:12:00,-0.1969585517886685
2018-12-15 14:15:00,-0.09322798531854914
2018-12-15 14:18:00,-0.1752909703445198
2018-12-15 14:21:00,-0.3006432106614625
2018-12-15 14:24:00,-0.18503917652941482
2018-12-15 14:27:00,-0.15017126625883748
2018-12-15 14:30:00,-0.23428471565830478
2018-12-15 14:33:00,-0.09858175609008413
2018-12-15 14:36:00,-0.10043731343853324
2018-12-15 14:39:00,-0.11534907820879425
2018-12-15 14:42:00,-0.1580305220493301
2018-12-15 14:45:00,-0.1818675134305181
2018-12-15 14:48:00,-0.18193659438230725
2018-12-15 14:51:00,-0.2611545734405354
2018-12-15 14:54:00,-0.12858006404042044
2018-12-15 14:57:00,-0.1413966373492599
2018-12-15 15:00:00,-0.18442542846395327
2018-12-15 15:03:00,-0.11357500386958463
2018-12-15 15:06:00,-0.11447723187558267
2018-12-15 15:09:00,-0.1535810051609019
2018-12-15 15:12:00,-0.15033563102144853
2018-12-15 15:15:00,-0.18762052436505883
2018-12-15 15:18:00,-0.20952085078022264
2018-12-15 15:21:00,-0.1296365972507374
2018-12-15 15:24:00,-0.25380118604755353
2018-12-15 15:27:00,-0.1061189433811478
2018-12-15 15:30:00,-0.16112871154678032
2018-12-15 15:33:00,-0.14784082352923633
2018-12-15 15:36:00,-0.1451323246366769
2018-12-15 15:39:00,-0.15883156558913925
2018-12-15 15:42:00,-0.2266828650883781
2018-12-15 15:45:00,-0.1857369268618072
2018-12-15 15:48:00,-0.22253940031708908
2018-12-15 15:51:00,-0.21764506291918906
2018-12-15 15:54:00,-0.27215095583670745
2018-12-15 15:57:00,-0.23557044418816986
2018-12-15 16:00:00,-0.14027554547840282
2018-12-15 16:03:00,-0.30342520972288867
2018-12-15 16:06:00,-0.21651160486396748
2018-12-15 16:09:00,-0.23758326536096774
2018-12-15 16:12:00,-0.19598344311827987
2018-12-15 16:15:00,-0.14248695854922744
2018-12-15 16:18:00,-0.10140023129110887
2018-12-15 16:21:00,-0.1414308963985036
2018-12-15 16:24:00,-0.17309014073953222
2018-12-15 16:27:00,-0.20349483130496537
2018-12-15 16:30:00,-0.18977376425408465
2018-12-15 16:33:00,-0.14935634575380163
2018-12-15 16:36:00,-0.15814770778848697
2018-12-15 16:39:00,-0.20857955950805263
2018-12-15 16:42:00,-0.2460416689447129
2018-12-15 16:45:00,-0.2083382873219648
2018-12-15 16:48:00,-0.1798921309937782
2018-12-15 16:51:00,-0.14472958366246758
2018-12-15 16:54:00,-0.1569753607839175
2018-12-15 16:57:00,-0.15270046237219503
2018-12-15 17:00:00,-0.07087665600715809
2018-12-15 17:03:00,-0.06106958623246328
2018-12-15 17:06:00,0.029290183300815897
2018-12-15 17:09:00,-0.08440617571295661
2018-12-15 17:12:00,0.01994109244469655
2018-12-15 17:15:00,-0.07089142368533885
2018-12-15 17:18:00,0.02597669301798078
2018-12-15 17:21:00,-0.0706724542185384
2018-12-15 17:24:00,0.006044439726622386
2018-12-15 17:27:00,-0.07161429566190236
2018-12-15 17:30:00,-0.05141499877043998
2018-12-15 17:33:00,-0.09439871441304604
2018-12-15 17:36:00,0.02696308661910507
2018-12-15 17:39:00,0.05128343353732134
2018-12-15 17:42:00,0.018210650843570875
2018-12-15 17:45:00,0.002454249965694544
2018-12-15 17:48:00,0.014964494617800028
2018-12-15 17:51:00,0.032011736614265374
2018-12-15 17:54:00,0.05828095491460772
2018-12-15 17:57:00,0.02541634059292619
2018-12-15 18:00:00,0.02915770926801997
2018-12-15 18:03:00,0.04751888551390948
2018-12-15 18:06:00,0.024591646203134587
2018-12-15 18:09:00,0.055013302400254815
2018-12-15 18:12:00,0.03689202010303916
2018-12-15 18:15:00,0.10171909035375393
2018-12-15 18:18:00,0.08877228419629546
2018-12-15 18:21:00,0.13380209020834855
2018-12-15 18:24:00,0.10614304314964329
2018-12-15 18:27:00,0.14691484951919165
2018-12-15 18:30:00,0.09057288309395517
2018-12-15 18:33:00,0.10429317286474316
2018-12-15 18:36:00,0.11158900320100429
2018-12-15 18:39:00,0.152982601064366
2018-12-15 18:42:00,0.14460263929476014
2018-12-15 18:45:00,0.18887298504557748
2018-12-15 18:48:00,0.12293994748284831
2018-12-15 18:51:00,0.1730684426336211
2018-12-15 18:54:00,
2018-12-15 18:57:00,
2018-12-15 19:00:00,
2018-12-15 19:03:00,0.13808845038244044
2018-12-15 19:06:00,0.189954303796128
2018-12-15 19:09:00,0.12309365772262026
2018-12-15 19:12:00,0.11083622639904434
2018-12-15 19:15:00,0.1265367535615951
2018-12-15 19:18:00,0.13088431799366163
2018-12-15 19:21:00,0.13959108731580727
2018-12-15 19:24:00,0.09731739829686603
2018-12-15 19:27:00,0.19974759669122477
2018-12-15 19:30:00,0.1898756141591207
2018-12-15 19:33:00,0.23060121826637214
2018-12-15 19:36:00,0.22913392261835952
2018-12-15 19:39:00,0.09948534152897537
2018-12-15 19:42:00,0.16344162730138123
2018-12-15 19:45:00,0.13357472116132385
2018-12-15 19:48:00,0.12982815675042048
2018-12-15 19:51:00,0.18426271483815526
2018-12-15 19:54:00,0.11320282086410316
2018-12-15 19:57:00,0.12125912973959885
2018-12-15 20:00:00,0.19146264752311026
2018-12-15 20:03:00,0.07611690521514447
2018-12-15 20:06:00,0.27436658929320856
2018-12-15 20:09:00,0.20167735892795235
2018-12-15 20:12:00,0.18605907275701838
2018-12-15 20:15:00,0.19132033164993345
2018-12-15 20:18:00,-0.0007917807299691049
2018-12-15 20:21:00,0.2004874438669617
2018-12-15 20:24:00,0.1637803349115643
2018-12-15 20:27:00,0.08033669581658387
2018-12-15 20:30:00,0.09013459991410855
2018-12-15 20:33:00,0.16349035831620995
2018-12-15 20:36:00,0.140200992046573
2018-12-15 20:39:00,0.0976891732977947
2018-12-15 20:42:00,0.13959312005772517
2018-12-15 20:45:00,0.20368817751744928
2018-12-15 20:48:00,0.21921046142745126
2018-12-15 20:51:00,0.11177564432057352
2018-12-15 20:54:00,0.17887291676152017
2018-12-15 20:57:00,0.19840726837833245
2018-12-15 21:00:00,0.21900465723524576
2018-12-15 21:03:00,0.15365055641422032
2018-12-15 21:06:00,0.13734208844346085
2018-12-15 21:09:00,0.16227456037927368
2018-12-15 21:12:00,0.12175733726616045
2018-12-15 21:15:00,0.24463597398971615
2018-12-15 21:18:00,0.24522079657083395
2018-12-15 21:21:00,0.11128774050195034
2018-12-15 21:24:00,0.27122451154616556
2018-12-15 21:27:00,0.19479043009977204
2018-12-15 21:30:00,0.10987737041449464
2018-12-15 21:33:00,0.053461139052672024
2018-12-15 21:36:00,0.09851474590766429
2018-12-15 21:39:00,0.11086799993051955
2018-12-15 21:42:00,0.1821243964485575
2018-12-15 21:45:00,0.21606704701673607
2018-12-15 21:48:00,0.16449269556085255
2018-12-15 21:51:00,0.16034268745761437
2018-12-15 21:54:00,0.10368402829567458
2018-12-15 21:57:00,0.21459696971970743
2018-12-15 22:00:00,0.19913569297949607
2018-12-15 22:03:00,0.14500446654028565
2018-12-15 22:06:00,0.13354883309006027
2018-12-15 22:09:00,0.1637019633867567
2018-12-15 22:12:00,0.10006842878863154
2018-12-15 22:15:00,0.10184778511950299
2018-12-15 22:18:00,0.07310084052483035
2018-12-15 22:21:00,0.10135629285394998
2018-12-15 22:24:00,0.07004103516305804
2018-12-15 22:27:00,0.021507412531036607
2018-12-15 22:30:00,0.1338620466308953
2018-12-15 22:33:00,0.10374859501052924
2018-12-15 22:36:00,0.036454457369245574
2018-12-15 22:39:00,-0.02323117430307775
2018-12-15 22:42:00,0.08059464454049703
2018-12-15 22:45:00,0.018837372454413526
2018-12-15 22:48:00,0.06182957160234537
2018-12-15 22:51:00,0.1593235282872456
2018-12-15 22:54:00,0.1365225271821373
2018-12-15 22:57:00,0.10240375018639725
2018-12-15 23:00:00,0.056127887900174755
2018-12-15 23:03:00,0.08230229529539201
2018-12-15 23:06:00,0.06959391625247235
2018-12-15 23:09:00,0.15703246692578432
2018-12-15 23:12:00,0.07917580086751741
2018-12-15 23:15:00,0.06070396460199845
2018-12-15 23:18:00,0.10628168043632513
2018-12-15 23:21:00,0.13040113451751267
2018-12-15 23:24:00,0.202605941324407
2018-12-15 23:27:00,0.18346207512723822
2018-12-15 23:30:00,0.20351352001523537
2018-12-15 23:33:00,0.14887552433657447
2018-12-15 23:36:00,0.19571632847066667
2018-12-15 23:39:00,0.1801070052475211
2018-12-15 23:42:00,0.1645307056548404
2018-12-15 23:45:00,0.161300500876564
2018-12-15 23:48:00,0.2808900406276962
2018-12-15 23:51:00,0.11956666917529901
2018-12-15 23:54:00,0.2062161336762074
2018-12-15 23:57:00,0.2075200364503189
2018-12-16 00:00:00,0.2177436191865354
2018-12-16 00:03:00,0.22947708352961627
2018-12-16 00:06:00,0.23213133347559278
2018-12-16 00:09:00,0.2613553081682767
2018-12-16 00:12:00,0.2039365833015836
2018-12-16 00:15:00,0.1424278340540468
2018-12-16 00:18:00,0.25478137350705765
2018-12-16 00:21:00,0.1951520263244788
2018-12-16 00:24:00,0.2305915722345162
2018-12-16 00:27:00,0.2606785710475492
2018-12-16 00:30:00,0.18631028775826053
2018-12-16 00:33:00,0.25291438185229254
2018-12-16 00:36:00,0.28055706131584657
2018-12-16 00:39:00,0.30901971100530545
2018-12-16 00:42:00,0.2892909785723532
2018-12-16 00:45:00,0.3011337028607386
2018-12-16 00:48:00,0.20672169166738286
2018-12-16 00:51:00,0.26092764640333144
2018-12-16 00:54:00,0.2933887478285442
2018-12-16 00:57:00,0.2400835282035132
2018-12-16 01:00:00,0.32718874985960156
2018-12-16 01:03:00,0.2432611305332557
2018-12-16 01:06:00,0.20683085256791855
2018-12-16 01:09:00,0.2894073163685107
2018-12-16 01:12:00,0.2739166445435899
2018-12-16 01:15:00,0.32049239656447526
2018-12-16 01:18:00,0.3337639774188119
2018-12-16 01:21:00,0.28686048696505395
2018-12-16 01:24:00,0.30942645777770394
2018-12-16 01:27:00,0.2680010319544408
2018-12-16 01:30:00,0.2614642973605328
2018-12-16 01:33:00,0.2645531413841127
2018-12-16 01:36:00,0.3062610858692665
2018-12-16 01:39:00,0.26317468891136286
2018-12-16 01:42:00,0.29954275873819824
2018-12-16 01:45:00,0.23707866775373532
2018-12-16 01:48:00,0.28892947223829424
2018-12-16 01:51:00,0.3161167177404991
2018-12-16 01:54:00,0.30571430644096154
2018-12-16 01:57:00,0.3159275859852073
2018-12-16 02:00:00,0.21563816760857435
2018-12-16 02:03:00,0.2352780294249328
2018-12-16 02:06:00,0.3336099660102718
2018-12-16 02:09:00,0.3474792976848562
2018-12-16 02:12:00,0.37474305140023034
2018-12-16 02:15:00,0.2867473274775989
2018-12-16 02:18:00,0.38653990724213827
2018-12-16 02:21:00,0.34303561049642894
2018-12-16 02:24:00,0.369633144285217
2018-12-16 02:27:00,0.3719173412997634
2018-12-16 02:30:00,0.36706552564066897
2018-12-16 02:33:00,0.3908738978158226
2018-12-16 02:36:00,0.408914669914509
2018-12-16 02:39:00,0.3858913102862971
2018-12-16 02:42:00,0.35198055443623844
2018-12-16 02:45:00,0.3080817396798352
2018-12-16 02:48:00,0.35114347151522907
2018-12-16 02:51:00,0.3623511545125666
2018-12-16 02:54:00,0.36004138034030575
2018-12-16 02:57:00,0.3161708726854613
2018-12-16 03:00:00,0.27552644884707433
2018-12-16 03:03:00,0.3229317144054562
2018-12-16 03:06:00,0.2598733749009057
2018-12-16 03:09:00,0.3054244789027507
2018-12-16 03:12:00,0.25808134480382705
2018-12-16 03:15:00,0.29536782718002996
2018-12-16 03:18:00,0.3686248382512076
2018-12-16 03:21:00,0.29292958123420476
2018-12-16 03:24:00,0.3259288473997799
2018-12-16 03:27:00,0.36372597777483406
2018-12-16 03:30:00,0.3238342319418166
2018-12-16 03:33:00,0.3664939751599263
2018-12-16 03:36:00,0.4276596553098102
2018-12-16 03:39:00,0.36920060978241054
2018-12-16 03:42:00,0.2754532616953611
2018-12-16 03:45:00,0.34767368886150507
2018-12-16 03:48:00,0.35240216004012836
2018-12-16 03:51:00,0.37652061098322065
2018-12-16 03:54:00,0.34096154377402854
2018-12-16 03:57:00,0.36591794642833975
2018-12-16 04:00:00,0.3530625575876911
2018-12-16 04:03:00,0.3864226380836726
2018-12-16 04:06:00,0.3398979922753824
2018-12-16 04:09:00,0.4035523535582115
2018-12-16 04:12:00,0.3516397572054757
2018-12-16 04:15:00,0.3302158009788059
2018-12-16 04:18:00,0.48747535745775394
2018-12-16 04:21:00,0.36040686629326046
2018-12-16 04:24:00,0.37333186543565944
2018-12-16 04:27:00,0.439360792866637
2018-12-16 04:30:00,0.34829944067763563
2018-12-16 04:33:00,0.41968949473539396
2018-12-16 04:36:00,0.4590518902327858
2018-12-16 04:39:00,0.41328656752295956
2018-12-16 04:42:00,0.41894436263459056
2018-12-16 04:45:00,0.32667513915464497
2018-12-16 04:48:00,0.4266058923589071
2018-12-16 04:51:00,0.4452038737705948
2018-12-16 04:54:00,0.3562710358882555
2018-12-16 04:57:00,0.38585101610647143
2018-12-16 05:00:00,0.4075245076452916
2018-12-16 05:03:00,0.38335328667540125
2018-12-16 05:06:00,0.3657312970259454
2018-12-16 05:09:00,0.47136648654958435
2018-12-16 05:12:00,0.41476699341319545
2018-12-16 05:15:00,0.41299236904768577
2018-12-16 05:18:00,0.42778561590682784
2018-12-16 05:21:00,0.39993580086331804
2018-12-16 05:24:00,0.39443990036852483
2018-12-16 05:27:00,0.46757863371743724
2018-12-16 05:30:00,0.3825147914600393
2018-12-16 05:33:00,0.41490277199073944
2018-12-16 05:36:00,0.42275506028892096
2018-12-16 05:39:00,0.33813071816325646
2018-12-16 05:42:00,0.4593572770419314
2018-12-16 05:45:00,0.46033810797285923
2018-12-16 05:48:00,0.4427148583145595
2018-12-16 05:51:00,0.35564728607306506
2018-12-16 05:54:00,0.36065280823078183
2018-12-16 05:57:00,0.34548213466950983
2018-12-16 06:00:00,0.31942329566538774
2018-12-16 06:03:00,0.4282902373418551
2018-12-16 06:06:00,0.36895573467273834
2018-12-16 06:09:00,0.374375204530736
2018-12-16 06:12:00,0.3015107607092773
2018-12-16 06:15:00,0.3950832721417328
2018-12-16 06:18:00,0.2689177017084603
2018-12-16 06:21:00,0.42246917950518537
2018-12-16 06:24:00,0.4286650429323231
2018-12-16 06:27:00,0.39976027565472805
2018-12-16 06:30:00,0.4213173035526552
2018-12-16 06:33:00,0.358942340482713
2018-12-16 06:36:00,0.36048931090982705
2018-12-16 06:39:00,0.3548367673424764
2018-12-16 06:42:00,0.3108350116793872
2018-12-16 06:45:00,0.3409082016912066
2018-12-16 06:48:00,0.30719935018680644
2018-12-16 06:51:00,0.30562459422355914
2018-12-16 06:54:00,0.27380241439709607
2018-12-16 06:57:00,0.3325628646524592
2018-12-16 07:00:00,0.3617394223288102
2018-12-16 07:03:00,0.28965035411016515
2018-12-16 07:06:00,0.35390527515971826
2018-12-16 07:09:00,0.29691448167187673
2018-12-16 07:12:00,0.3323133660650228
2018-12-16 07:15:00,0.30826340778355643
2018-12-16 07:18:00,0.41001540023637517
2018-12-16 07:21:00,0.371255779543219
2018-12-16 07:24:00,0.4260753952860341
2018-12-16 07:27:00,0.3291245690745086
2018-12-16 07:30:00,0.34295805647121824
2018-12-16 07:33:00,0.39136000270036675
2018-12-16 07:36:00,0.29898409328387743
2018-12-16 07:39:00,0.2896069315810905
2018-12-16 07:42:00,0.25126425482324066
2018-12-16 07:45:00,0.33451748719249963
2018-12-16 07:48:00,0.3488414560582669
2018-12-16 07:51:00,0.26037837113779005
2018-12-16 07:54:00,0.24246906409916846
2018-12-16 07:57:00,0.29967586735432405
2018-12-16 08:00:00,0.2798290152057348
2018-12-16 08:03:00,0.2616577674946825
2018-12-16 08:06:00,0.246649632153094
2018-12-16 08:09:00,0.2465961941874184
2018-12-16 08:12:00,0.1654260874904594
2018-12-16 08:15:00,0.20577897828798086
2018-12-16 08:18:00,0.21487170378492237
2018-12-16 08:21:00,0.1172537214799263
2018-12-16 08:24:00,0.204688048219964
2018-12-16 08:27:00,0.21377505435953026
2018-12-16 08:30:00,0.12798545274864637
2018-12-16 08:33:00,0.18033519402268894
2018-12-16 08:36:00,0.2019674566435583
2018-12-16 08:39:00,0.14238207832153194
2018-12-16 08:42:00,0.095735148745689
2018-12-16 08:45:00,0.13241564952619456
2018-12-16 08:48:00,0.1839820864857984
2018-12-16 08:51:00,0.15483792578362454
2018-12-16 08:54:00,0.12497243288959226
2018-12-16 08:57:00,0.12737562104194922
2018-12-16 09:00:00,0.1800797983325424
2018-12-16 09:03:00,0.09804645159238135
2018-12-16 09:06:00,0.1477727704359495
2018-12-16 09:09:00,0.1398490235483223
2018-12-16 09:12:00,0.11915470818973972
2018-12-16 09:15:00,0.1121522579241514
2018-12-16 09:18:00,0.06741460562261636
2018-12-16 09:21:00,-0.034946115209095296
2018-12-16 09:24:00,-0.016545796768184573
2018-12-16 09:27:00,0.02005849539176552
2018-12-16 09:30:00,0.09895214875888314
2018-12-16 09:33:00,0.07786316476455113
2018-12-16 09:36:00,0.01353201125675696
2018-12-16 09:39:00,0.040703367032563165
2018-12-16 09:42:00,0.02294952897904068
2018-12-16 09:45:00,0.06887528394793208
2018-12-16 09:48:00,0.10900907435427598
2018-12-16 09:51:00,0.11189135117075466
2018-12-16 09:54:00,0.013966057379889207
2018-12-16 09:57:00,-0.06406921238141194
2018-12-16 10:00:00,-0.039643002734862876
2018-12-16 10:03:00,-0.056454607788793965
2018-12-16 10:06:00,-0.14585361234338734
2018-12-16 10:09:00,-0.086968599036652
2018-12-16 10:12:00,-0.03444135961314032
2018-12-16 10:15:00,-0.12790061117266305
2018-12-16 10:18:00,-0.04221788049511588
2018-12-16 10:21:00,-0.031148868573325217
2018-12-16 10:24:00,-0.03752201589225024
2018-12-16 10:27:00,-0.0936697680037355
2018-12-16 10:30:00,-0.11728169610353234
2018-12-16 10:33:00,-0.06458258841996667
2018-12-16 10:36:00,-0.09323509396926966
2018-12-16 10:39:00,-0.08267590253302615
2018-12-16 10:42:00,-0.08531194544514165
2018-12-16 10:45:00,-0.07210379657442445
2018-12-16 10:48:00,-0.13428625311087217
2018-12-16 10:51:00,-0.1673841482875673
2018-12-16 10:54:00,-0.09960107352185332
2018-12-16 10:57:00,-0.13802230135502214
2018-12-16 11:00:00,-0.18285647636599833
2018-12-16 11:03:00,-0.11290565611869852
2018-12-16 11:06:00,-0.14632705443574423
2018-12-16 11:09:00,-0.05360732880552632
2018-12-16 11:12:00,-0.1394668123037377
2018-12-16 11:15:00,-0.19887451916144983
2018-12-16 11:18:00,-0.06274193365544534
2018-12-16 11:21:00,-0.19467566523451296
2018-12-16 11:24:00,-0.18721475275100374
2018-12-16 11:27:00,-0.1459644723675524
2018-12-16 11:30:00,-0.10373160536329351
2018-12-16 11:33:00,-0.20731275647187886
2018-12-16 11:36:00,-0.19808211765945316
2018-12-16 11:39:00,-0.19266865601383643
2018-12-16 11:42:00,-0.1478412404859455
2018-12-16 11:45:00,-0.23730574316368802
2018-12-16 11:48:00,-0.18397111139364597
2018-12-16 11:51:00,-0.27583923090293183
2018-12-16 11:54:00,-0.2388399094274405
2018-12-16 11:57:00,-0.24289200860215487
2018-12-16 12:00:00,-0.2345817034380957
2018-12-16 12:03:00,-0.13541124430560103
2018-12-16 12:06:00,-0.2652178779896417
2018-12-16 12:09:00,-0.22909826772632869
2018-12-16 12:12:00,-0.2594089220012279
2018-12-16 12:15:00,-0.27428558367290634
2018-12-16 12:18:00,-0.23198779908068445
2018-12-16 12:21:00,-0.30867616879083926
2018-12-16 12:24:00,-0.2993063120396755
2018-12-16 12:27:00,-0.2993871281320253
2018-12-16 12:30:00,-0.31386521610335194
2018-12-16 12:33:00,-0.2509840787823805
2018-12-16 12:36:00,-0.27396932678652774
2018-12-16 12:39:00,-0.21699968916414036
2018-12-16 12:42:00,-0.24323324216305764
2018-12-16 12:45:00,-0.2677611714092336
2018-12-16 12:48:00,-0.2755647065721405
2018-12-16 12:51:00,-0.27952189552871687
2018-12-16 12:54:00,-0.29469092498879945
2018-12-16 12:57:00,-0.3747167016221624
2018-12-16 13:00:00,-0.27632775722611314
2018-12-16 13:03:00,-0.27012771373568967
2018-12-16 13:06:00,-0.20440360476601427
2018-12-16 13:09:00,-0.2848831908991656
2018-12-16 13:12:00,-0.2839936953770916
2018-12-16 13:15:00,-0.2801177483071342
2018-12-16 13:18:00,-0.401504930185979
2018-12-16 13:21:00,-0.28031593462668525
2018-12-16 13:24:00,-0.302140462917464
2018-12-16 13:27:00,-0.32089262876183966
2018-12-16 13:30:00,-0.3070106234900436
2018-12-16 13:33:00,-0.16657355409972752
2018-12-16 13:36:00,-0.2505516061455637
2018-12-16 13:39:00,-0.2629904316726197
2018-12-16 13:42:00,-0.2696698423190469
2018-12-16 13:45:00,-0.24319907616126102
2018-12-16 13:48:00,-0.2937734551115909
2018-12-16 13:51:00,-0.2442810976195915
2018-12-16 13:54:00,-0.4376275240661016
2018-12-16 13:57:00,-0.343029468575196
2018-12-16 14:00:00,-0.36882145478739403
2018-12-16 14:03:00,-0.21280282972486475
2018-12-16 14:06:00,-0.29886667462261585
2018-12-16 14:09:00,-0.32998281322568346
2018-12-16 14:12:00,-0.3359416592069806
2018-12-16 14:15:00,-0.23485395011419996
2018-12-16 14:18:00,-0.09769246040747248
2018-12-16 14:21:00,-0.2769697844758525
2018-12-16 14:24:00,-0.18559115535322235
2018-12-16 14:27:00,-0.3577869953495565
2018-12-16 14:30:00,-0.34962828120325184
2018-12-16 14:33:00,-0.34788768318497887
2018-12-16 14:36:00,-0.2720630339500758
2018-12-16 14:39:00,-0.3941445366847347
2018-12-16 14:42:00,-0.3594102747842385
2018-12-16 14:45:00,-0.3000452151767945
2018-12-16 14:48:00,-0.33445903336183846
2018-12-16 14:51:00,-0.27493353739953363
2018-12-16 14:54:00,-0.3099373836026871
2018-12-16 14:57:00,-0.2775724525641863
2018-12-16 15:00:00,-0.36114330074832424
2018-12-16 15:03:00,-0.3102943703144092
2018-12-16 15:06:00,-0.294356005413249
2018-12-16 15:09:00,-0.17275916054552454
2018-12-16 15:12:00,-0.3225901208314781
2018-12-16 15:15:00,-0.33803630587971156
2018-12-16 15:18:00,-0.33559899751213607
2018-12-16 15:21:00,-0.31025364349625306
2018-12-16 15:24:00,-0.3746194386745856
2018-12-16 15:27:00,-0.3751969681278524
2018-12-16 15:30:00,-0.4284139781720455
2018-12-16 15:33:00,-0.368918338993808
2018-12-16 15:36:00,-0.3336426381933393
2018-12-16 15:39:00,-0.40453623104252756
2018-12-16 15:42:00,-0.33101823885436943
2018-12-16 15:45:00,-0.3398380663333569
2018-12-16 15:48:00,-0.36294272972617136
2018-12-16 15:51:00,-0.33559167057705963
2018-12-16 15:54:00,-0.2660197351893885
2018-12-16 15:57:00,-0.318966687235104
2018-12-16 16:00:00,-0.2933524470533371
2018-12-16 16:03:00,-0.27294087569680414
2018-12-16 16:06:00,-0.3104428950773581
2018-12-16 16:09:00,-0.3147899627220454
2018-12-16 16:12:00,-0.3554646331355116
2018-12-16 16:15:00,-0.2919294002199422
2018-12-16 16:18:00,-0.3398135730513445
2018-12-16 16:21:00,-0.24315570508525752
2018-12-16 16:24:00,-0.3998827870995001
2018-12-16 16:27:00,-0.25417698053360027
2018-12-16 16:30:00,-0.26193931077472143
2018-12-16 16:33:00,-0.2405310851349327
2018-12-16 16:36:00,-0.26341371792432255
2018-12-16 16:39:00,-0.22176818092566464
2018-12-16 16:42:00,-0.2448601781846378
2018-12-16 16:45:00,-0.1559055734469439
2018-12-16 16:48:00,-0.21724241022337765
2018-12-16 16:51:00,-0.21689736358291611
2018-12-16 16:54:00,-0.14355842865990098
2018-12-16 16:57:00,-0.19515735230100972
2018-12-16 17:00:00,-0.23889509218349758
2018-12-16 17:03:00,-0.1874444478438022
2018-12-16 17:06:00,-0.19553981429902478
2018-12-16 17:09:00,-0.220994683541619
2018-12-16 17:12:00,-0.1756595468906994
2018-12-16 17:15:00,-0.21479282851430526
2018-12-16 17:18:00,-0.12919894892019101
2018-12-16 17:21:00,-0.15976772958953234
2018-12-16 17:24:00,-0.20561219107423767
2018-12-16 17:27:00,-0.11987852698615598
2018-12-16 17:30:00,-0.1234562675728057
2018-12-16 17:33:00,-0.14576897262423927
2018-12-16 17:36:00,-0.1441525530127592
2018-12-16 17:39:00,-0.15585454027609558
2018-12-16 17:42:00,-0.0590793729007828
2018-12-16 17:45:00,-0.04905958065273808
2018-12-16 17:48:00,-0.11617735658751371
2018-12-16 17:51:00,-0.10631920686125795
2018-12-16 17:54:00,-0.13556608967286365
2018-12-16 17:57:00,-0.116166838375932
2018-12-16 18:00:00,-0.030601056269063065
2018-12-16 18:03:00,-0.07678333684646077
2018-12-16 18:06:00,-0.16766431266768222
2018-12-16 18:09:00,0.03125094701073294
2018-12-16 18:12:00,-0.09220951089122309
2018-12-16 18:15:00,-0.12063012523395855
2018-12-16 18:18:00,-0.07065591425231332
2018-12-16 18:21:00,0.00692530214701037
2018-12-16 18:24:00,-0.10414605997033277
2018-12-16 18:27:00,-0.18112625443154684
2018-12-16 18:30:00,0.02920005300632056
2018-12-16 18:33:00,-0.0764856232590887
2018-12-16 18:36:00,-0.021904631250208695
2018-12-16 18:39:00,-0.05360399419441819
2018-12-16 18:42:00,-0.01086941879952974
2018-12-16 18:45:00,-0.03387153358846717
2018-12-16 18:48:00,-0.03754953597479016
2018-12-16 18:51:00,-0.06026516267229454
2018-12-16 18:54:00,
2018-12-16 18:57:00,
2018-12-16 19:00:00,
2018-12-16 19:03:00,-0.08522055662194816
2018-12-16 19:06:00,-0.07245066669213429
2018-12-16 19:09:00,-0.010266965268272088
2018-12-16 19:12:00,-0.07654898059672632
2018-12-16 19:15:00,-0.034080550623968975
2018-12-16 19:18:00,-0.03639766931343047
2018-12-16 19:21:00,0.019301979645717893
2018-12-16 19:24:00,0.054588889137392016
2018-12-16 19:27:00,0.026329683600295084
2018-12-16 19:30:00,0.13526557127033811
2018-12-16 19:33:00,0.07535480034584907
2018-12-16 19:36:00,0.1610480160708221
2018-12-16 19:39:00,0.00260721806841957
2018-12-16 19:42:00,0.038233883210693875
2018-12-16 19:45:00,0.05973565323790808
2018-12-16 19:48:00,0.1089439044685605
2018-12-16 19:51:00,0.07942062592684351
2018-12-16 19:54:00,0.1173158253583324
2018-12-16 19:57:00,0.10662345823794794
2018-12-16 20:00:00,0.02478449726902454
2018-12-16 20:03:00,0.12071606750669162
2018-12-16 20:06:00,0.04446174643356926
2018-12-16 20:09:00,0.17367589456796395
2018-12-16 20:12:00,0.09948622422723474
2018-12-16 20:15:00,0.14072054391510846
2018-12-16 20:18:00,0.15210637798071502
2018-12-16 20:21:00,0.02526194005832849
2018-12-16 20:24:00,0.08300191126591017
2018-12-16 20:27:00,0.04634879150347615
2018-12-16 20:30:00,0.07464355110306542
2018-12-16 20:33:00,0.096054397896296
2018-12-16 20:36:00,0.10311707034139772
2018-12-16 20:39:00,0.039964886882671635
2018-12-16 20:42:00,0.19016073903378583
2018-12-16 20:45:00,0.13773558013883758
2018-12-16 20:48:00,0.12123624523400167
2018-12-16 20:51:00,0.17636873599116143
2018-12-16 20:54:00,0.19834338662246864
2018-12-16 20:57:00,0.23236512860700032
2018-12-16 21:00:00,0.12471156389830185
2018-12-16 21:03:00,0.06482565881862001
2018-12-16 21:06:00,0.029723417765751492
2018-12-16 21:09:00,0.15957172104833717
2018-12-16 21:12:00,0.12376545022971186
2018-12-16 21:15:00,0.19484404707907288
2018-12-16 21:18:00,0.20204917548227286
2018-12-16 21:21:00,0.1974951551640629
2018-12-16 21:24:00,0.10961830524098559
2018-12-16 21:27:00,0.16602052425093916
2018-12-16 21:30:00,0.13376846557031286
2018-12-16 21:33:00,0.18674183525547505
2018-12-16 21:36:00,0.16984818272777602
2018-12-16 21:39:00,0.11279440363944104
2018-12-16 21:42:00,0.11468718008381984
2018-12-16 21:45:00,0.1414583413208561
2018-12-16 21:48:00,0.15799358964386556
2018-12-16 21:51:00,0.15169146411932388
2018-12-16 21:54:00,0.11769505810826786
2018-12-16 21:57:00,0.143719366326593
2018-12-16 22:00:00,0.1170347797161071
2018-12-16 22:03:00,0.24518886087031433
2018-12-16 22:06:00,0.17160512210796242
2018-12-16 22:09:00,0.14829228725517396
2018-12-16 22:12:00,0.19929935703305546
2018-12-16 22:15:00,0.11982914098615538
2018-12-16 22:18:00,0.17594833096615048
2018-12-16 22:21:00,0.11444435100145256
2018-12-16 22:24:00,0.20599257342064448
2018-12-16 22:27:00,0.17762642601053358
2018-12-16 22:30:00,0.12804274554520134
2018-12-16 22:33:00,0.2100873304427182
2018-12-16 22:36:00,0.2107490287684186
2018-12-16 22:39:00,0.18351255676958544
2018-12-16 22:42:00,0.26029358786161083
2018-12-16 22:45:00,0.2414399441715318
2018-12-16 22:48:00,0.23776789062623038
2018-12-16 22:51:00,0.12043144810940021
2018-12-16 22:54:00,0.18706955946038306
2018-12-16 22:57:00,0.10544484860042758
2018-12-16 23:00:00,0.10903157812151676
2018-12-16 23:03:00,0.2259225546584389
2018-12-16 23:06:00,0.11295125973111908
2018-12-16 23:09:00,0.21403468406276716
2018-12-16 23:12:00,0.22415447109847264
2018-12-16 23:15:00,0.17993570251638857
2018-12-16 23:18:00,0.2836590312576277
2018-12-16 23:21:00,0.2418137131238609
2018-12-16 23:24:00,0.22540276612312482
2018-12-16 23:27:00,0.14053768840409475
2018-12-16 23:30:00,0.19054902000812035
2018-12-16 23:33:00,0.22789687578739404
2018-12-16 23:36:00,0.10527235068565233
2018-12-16 23:39:00,0.12463038827797845
2018-12-16 23:42:00,0.22957538766848984
2018-12-16 23:45:00,0.2854767203768347
2018-12-16 23:48:00,0.18505112028253734
2018-12-16 23:51:00,0.13649980342404433
2018-12-16 23:54:00,0.18999020140745415
2018-12-16 23:57:00,0.12651506929057632
2018-12-17 00:00:00,0.1973303817549663
2018-12-17 00:03:00,0.1885842538443967
2018-12-17 00:06:00,0.17175311795756443
2018-12-17 00:09:00,0.26676948312081095
2018-12-17 00:12:00,0.22219879930224806
2018-12-17 00:15:00,0.10878943925843032
2018-12-17 00:18:00,0.26123578284347104
2018-12-17 00:21:00,0.21783009570901868
2018-12-17 00:24:00,0.22998651489558597
2018-12-17 00:27:00,0.28386753139437815
2018-12-17 00:30:00,0.24090773109486463
2018-12-17 00:33:00,0.2702010158569692
2018-12-17 00:36:00,0.3141391350195022
2018-12-17 00:39:00,0.26651908749187214
2018-12-17 00:42:00,0.27427399790911977
2018-12-17 00:45:00,0.3016747219078866
2018-12-17 00:48:00,0.3430515402160381
2018-12-17 00:51:00,0.2845940606101749
2018-12-17 00:54:00,0.29970055703000753
2018-12-17 00:57:00,0.36304332761534397
2018-12-17 01:00:00,0.3190089028595935
2018-12-17 01:03:00,0.23255077264514057
2018-12-17 01:06:00,0.20163300108123394
2018-12-17 01:09:00,0.32955914209810544
2018-12-17 01:12:00,0.21825766860450813
2018-12-17 01:15:00,0.2808991288491711
2018-12-17 01:18:00,0.31206094428404185
2018-12-17 01:21:00,0.2700586246797343
2018-12-17 01:24:00,0.24061074580390596
2018-12-17 01:27:00,0.27223731938681794
2018-12-17 01:30:00,0.13755639772369932
2018-12-17 01:33:00,0.3396823491722216
2018-12-17 01:36:00,0.25950404108687053
2018-12-17 01:39:00,0.2964476332294339
2018-12-17 01:42:00,0.2952214126511876
2018-12-17 01:45:00,0.3745314040742187
2018-12-17 01:48:00,0.3914220775812396
2018-12-17 01:51:00,0.3291238511068286
2018-12-17 01:54:00,0.3063536067689938
2018-12-17 01:57:00,0.3220958938699141
2018-12-17 02:00:00,0.29956291357126474
2018-12-17 02:03:00,0.3738945542729084
2018-12-17 02:06:00,0.3453060264037049
2018-12-17 02:09:00,0.20506335167954148
2018-12-17 02:12:00,0.36658209132690445
2018-12-17 02:15:00,0.29962488843830215
2018-12-17 02:18:00,0.16577246136222357
2018-12-17 02:21:00,0.1482575612909045
2018-12-17 02:24:00,0.2232250393952313
2018-12-17 02:27:00,0.18866077574659812
2018-12-17 02:30:00,0.18133522015028802
2018-12-17 02:33:00,0.2428403141734634
2018-12-17 02:36:00,0.25174336188820234
2018-12-17 02:39:00,0.2704605784055616
2018-12-17 02:42:00,0.19331723255464794
2018-12-17 02:45:00,0.1964155652764248
2018-12-17 02:48:00,0.2664544461824221
2018-12-17 02:51:00,0.22319094273689188
2018-12-17 02:54:00,0.2268457614603676
2018-12-17 02:57:00,0.2315865634610077
2018-12-17 03:00:00,0.32876155197072876
2018-12-17 03:03:00,0.30116291075233903
2018-12-17 03:06:00,0.32889020482303977
2018-12-17 03:09:00,0.3227995120727769
2018-12-17 03:12:00,0.24411072271152534
2018-12-17 03:15:00,0.2511992252335631
2018-12-17 03:18:00,0.3240565897287979
2018-12-17 03:21:00,0.24578807997272634
2018-12-17 03:24:00,0.31331274442334234
2018-12-17 03:27:00,0.4142039097854422
2018-12-17 03:30:00,0.2778067170726217
2018-12-17 03:33:00,0.2706349732598028
2018-12-17 03:36:00,0.23549665488656046
2018-12-17 03:39:00,0.2746344678241712
2018-12-17 03:42:00,0.24761906863818695
2018-12-17 03:45:00,0.3323956661347438
2018-12-17 03:48:00,0.3628302155241272
2018-12-17 03:51:00,0.34050834733790225
2018-12-17 03:54:00,0.3394163341752119
2018-12-17 03:57:00,0.3294168014269303
2018-12-17 04:00:00,0.2955533925381246
2018-12-17 04:03:00,0.27725690768789946
2018-12-17 04:06:00,0.22135867744270854
2018-12-17 04:09:00,0.31731534381793836
2018-12-17 04:12:00,0.3875419740140842
2018-12-17 04:15:00,0.3176869659632189
2018-12-17 04:18:00,0.3517447110333478
2018-12-17 04:21:00,0.33782429652734436
2018-12-17 04:24:00,0.280281875348237
2018-12-17 04:27:00,0.3208639925813941
2018-12-17 04:30:00,0.4093160192298342
2018-12-17 04:33:00,0.3505141634974507
2018-12-17 04:36:00,0.2550225518774596
2018-12-17 04:39:00,0.40824175596139867
2018-12-17 04:42:00,0.2963383325525797
2018-12-17 04:45:00,0.27533096238158805
2018-12-17 04:48:00,0.38041551240081617
2018-12-17 04:51:00,0.2853910787306404
2018-12-17 04:54:00,0.4047428671515263
2018-12-17 04:57:00,0.33102269870943246
2018-12-17 05:00:00,0.3605201065614665
2018-12-17 05:03:00,0.32615130845459817
2018-12-17 05:06:00,0.24957881879652177
2018-12-17 05:09:00,0.41224197534057794
2018-12-17 05:12:00,0.33331330253508895
2018-12-17 05:15:00,0.24137775987128407
2018-12-17 05:18:00,0.22323900160080257
2018-12-17 05:21:00,0.3371430630746204
2018-12-17 05:24:00,0.3045532422520978
2018-12-17 05:27:00,0.32296136217536286
2018-12-17 05:30:00,0.3620957800559381
2018-12-17 05:33:00,0.20468813089064497
2018-12-17 05:36:00,0.2855679945276961
2018-12-17 05:39:00,0.28280240705169035
2018-12-17 05:42:00,0.40806590542081267
2018-12-17 05:45:00,0.3494906437681493
2018-12-17 05:48:00,0.3621895343863457
2018-12-17 05:51:00,0.32965020079655005
2018-12-17 05:54:00,0.2776856507307457
2018-12-17 05:57:00,0.2721585254799379
2018-12-17 06:00:00,0.2750964544887893
2018-12-17 06:03:00,0.308481820603447
2018-12-17 06:06:00,0.3638034668488217
2018-12-17 06:09:00,0.3687035860705805
2018-12-17 06:12:00,0.32444780300920684
2018-12-17 06:15:00,0.21031712810781755
2018-12-17 06:18:00,0.2519374617685912
2018-12-17 06:21:00,0.2922232449203648
2018-12-17 06:24:00,0.23918330325409443
2018-12-17 06:27:00,0.38631965811998725
2018-12-17 06:30:00,0.24739350845771924
2018-12-17 06:33:00,0.2568842318765405
2018-12-17 06:36:00,0.36453876926196926
2018-12-17 06:39:00,0.32723084142423886
2018-12-17 06:42:00,0.19583704661249612
2018-12-17 06:45:00,0.33799363316694553
2018-12-17 06:48:00,0.2446911969951202
2018-12-17 06:51:00,0.26959812671486816
2018-12-17 06:54:00,0.23107431970299785
2018-12-17 06:57:00,0.24448648641805448
2018-12-17 07:00:00,0.208063961537448
2018-12-17 07:03:00,0.18652447685121842
2018-12-17 07:06:00,0.27284911850284743
2018-12-17 07:09:00,0.26305400190312866
2018-12-17 07:12:00,0.2440830267935894
2018-12-17 07:15:00,0.24452184281227574
2018-12-17 07:18:00,0.18830608963679651
2018-12-17 07:21:00,0.2299963128182867
2018-12-17 07:24:00,0.2195245128860961
2018-12-17 07:27:00,0.27026207306249717
2018-12-17 07:30:00,0.18633244554860084
2018-12-17 07:33:00,0.2840847906821864
2018-12-17 07:36:00,0.20194663899479792
2018-12-17 07:39:00,0.24117990032488024
2018-12-17 07:42:00,0.29957173242127055
2018-12-17 07:45:00,0.12641109725825572
2018-12-17 07:48:00,0.30496067821098904
2018-12-17 07:51:00,0.3214806784953339
2018-12-17 07:54:00,0.24616533547123254
2018-12-17 07:57:00,0.17120439495147366
2018-12-17 08:00:00,0.260258214380201
2018-12-17 08:03:00,0.2361177164763717
2018-12-17 08:06:00,0.289769153279849
2018-12-17 08:09:00,0.23122179176544932
2018-12-17 08:12:00,0.18404410518292025
2018-12-17 08:15:00,0.22862451582727772
2018-12-17 08:18:00,0.10622351850111045
2018-12-17 08:21:00,0.15704036185695713
2018-12-17 08:24:00,0.2288380297745789
2018-12-17 08:27:00,0.2807542189748915
2018-12-17 08:30:00,0.15449309116019094
2018-12-17 08:33:00,0.2723107639400837
2018-12-17 08:36:00,0.32787999457639216
2018-12-17 08:39:00,0.2577761815605868
2018-12-17 08:42:00,0.18768696925502582
2018-12-17 08:45:00,0.22218960081579553
2018-12-17 08:48:00,0.2224628618183715
2018-12-17 08:51:00,0.2333661713470292
2018-12-17 08:54:00,0.34077835888211894
2018-12-17 08:57:00,0.2160539027283903
2018-12-17 09:00:00,0.2892354799856207
2018-12-17 09:03:00,0.3154054090582008
2018-12-17 09:06:00,0.2220418859319011
2018-12-17 09:09:00,0.20855609191181657
2018-12-17 09:12:00,0.22907574968968447
2018-12-17 09:15:00,0.30252407567053297
2018-12-17 09:18:00,0.20923571110523653
2018-12-17 09:21:00,0.194174635643094
2018-12-17 09:24:00,0.24188830330155042
2018-12-17 09:27:00,0.1835449120255248
2018-12-17 09:30:00,0.16613334209006325
2018-12-17 09:33:00,0.18141830679741133
2018-12-17 09:36:00,0.07937432889491447
2018-12-17 09:39:00,0.125012517616085
2018-12-17 09:42:00,0.07313216462569017
2018-12-17 09:45:00,0.10593973765088549
2018-12-17 09:48:00,0.11238759619760685
2018-12-17 09:51:00,0.1054306896351136
2018-12-17 09:54:00,0.0658856289940104
2018-12-17 09:57:00,0.11485800683254865
2018-12-17 10:00:00,0.10348450310965518
2018-12-17 10:03:00,0.13774228999022853
2018-12-17 10:06:00,0.1522989573788891
2018-12-17 10:09:00,0.06366424691458406
2018-12-17 10:12:00,0.11197260323115188
2018-12-17 10:15:00,0.13769152992620093
2018-12-17 10:18:00,-0.021049294762576665
2018-12-17 10:21:00,0.08958602277130012
2018-12-17 10:24:00,0.07275029317526105
2018-12-17 10:27:00,0.10166210591626168
2018-12-17 10:30:00,0.05366991868135074
2018-12-17 10:33:00,0.05754242565262757
2018-12-17 10:36:00,0.05422610008395168
2018-12-17 10:39:00,0.06699160618990163
2018-12-17 10:42:00,0.06637391769277201
2018-12-17 10:45:00,0.11993025007751612
2018-12-17 10:48:00,0.014216385898976114
2018-12-17 10:51:00,-0.0621007522228183
2018-12-17 10:54:00,0.03101279809055768
2018-12-17 10:57:00,0.08679932257194878
2018-12-17 11:00:00,-0.033127685433328224
2018-12-17 11:03:00,0.021272709259676503
2018-12-17 11:06:00,0.042192388110493084
2018-12-17 11:09:00,0.04049661274501659
2018-12-17 11:12:00,0.04403992553466196
2018-12-17 11:15:00,-0.02270903170915517
2018-12-17 11:18:00,0.02144715915466122
2018-12-17 11:21:00,0.013670330920717788
2018-12-17 11:24:00,-0.08066045736796923
2018-12-17 11:27:00,-0.17529338592896693
2018-12-17 11:30:00,-0.16851922674391062
2018-12-17 11:33:00,-0.12919023436052157
2018-12-17 11:36:00,-0.1826186229745872
2018-12-17 11:39:00,-0.11821338411658644
2018-12-17 11:42:00,-0.09244301530111443
2018-12-17 11:45:00,-0.12328832296515202
2018-12-17 11:48:00,-0.15768367963607943
2018-12-17 11:51:00,-0.12903630673787347
2018-12-17 11:54:00,-0.10211941779499512
2018-12-17 11:57:00,-0.15422776241382508
2018-12-17 12:00:00,-0.03373144127613159
2018-12-17 12:03:00,-0.09788727507952899
2018-12-17 12:06:00,-0.16310915187091268
2018-12-17 12:09:00,-0.12785906943065584
2018-12-17 12:12:00,-0.06194827468505082
2018-12-17 12:15:00,-0.20579553406668083
2018-12-17 12:18:00,-0.21679157730386578
2018-12-17 12:21:00,-0.09313151059416214
2018-12-17 12:24:00,-0.19798107079947158
2018-12-17 12:27:00,-0.12696589356846744
2018-12-17 12:30:00,-0.0322410768460486
2018-12-17 12:33:00,-0.13606076607328532
2018-12-17 12:36:00,-0.10804598201400495
2018-12-17 12:39:00,-0.14637598163898247
2018-12-17 12:42:00,-0.09830257948175358
2018-12-17 12:45:00,-0.05849361659562646
2018-12-17 12:48:00,-0.17266603739358288
2018-12-17 12:51:00,-0.027416296360911474
2018-12-17 12:54:00,-0.09125859132228697
2018-12-17 12:57:00,-0.08316492687259824
2018-12-17 13:00:00,-0.021520388928990997
2018-12-17 13:03:00,-0.04763469837422463
2018-12-17 13:06:00,-0.1436021513231367
2018-12-17 13:09:00,-0.10576813187407197
2018-12-17 13:12:00,-0.0511044772065361
2018-12-17 13:15:00,-0.1210954033484768
2018-12-17 13:18:00,-0.152099155738199
2018-12-17 13:21:00,-0.2572655018784076
2018-12-17 13:24:00,-0.13483571198281652
2018-12-17 13:27:00,-0.27043362061618836
2018-12-17 13:30:00,-0.20414729176809487
2018-12-17 13:33:00,-0.24987504144792183
2018-12-17 13:36:00,-0.2232221146987854
2018-12-17 13:39:00,-0.35897363659228176
2018-12-17 13:42:00,-0.22988800973183743
2018-12-17 13:45:00,-0.3053440761826778
2018-12-17 13:48:00,-0.14694444973554255
2018-12-17 13:51:00,-0.19070772809197933
2018-12-17 13:54:00,-0.13480367679181882
2018-12-17 13:57:00,-0.16676328811115582
2018-12-17 14:00:00,-0.07695274694691534
2018-12-17 14:03:00,-0.13746845489987436
2018-12-17 14:06:00,-0.04505920797606677
2018-12-17 14:09:00,-0.23453598806588616
2018-12-17 14:12:00,-0.32818320043901394
2018-12-17 14:15:00,-0.13045883788373658
2018-12-17 14:18:00,-0.32676080270260854
2018-12-17 14:21:00,-0.2504867226136298
2018-12-17 14:24:00,-0.2865642766303722
2018-12-17 14:27:00,-0.22446264570282892
2018-12-17 14:30:00,-0.32449654074292766
2018-12-17 14:33:00,-0.23252122616452198
2018-12-17 14:36:00,-0.2519538249707125
2018-12-17 14:39:00,-0.33352853063530574
2018-12-17 14:42:00,-0.21872102213416156
2018-12-17 14:45:00,-0.18699883273905016
2018-12-17 14:48:00,-0.23674573021799006
2018-12-17 14:51:00,-0.19377730643401492
2018-12-17 14:54:00,-0.31091757054326763
2018-12-17 14:57:00,-0.190415246305065
2018-12-17 15:00:00,-0.164790386959055
2018-12-17 15:03:00,0.005681699072852098
2018-12-17 15:06:00,-0.1856211940846606
2018-12-17 15:09:00,-0.205442567806017
2018-12-17 15:12:00,-0.13317419741781578
2018-12-17 15:15:00,-0.11098008598372644
2018-12-17 15:18:00,-0.20902607911961013
2018-12-17 15:21:00,-0.17031919860528433
2018-12-17 15:24:00,-0.3065749825161106
2018-12-17 15:27:00,-0.22352718734680366
2018-12-17 15:30:00,-0.28265850659931857
2018-12-17 15:33:00,-0.25999520437517276
2018-12-17 15:36:00,-0.17471298124570467
2018-12-17 15:39:00,-0.15766743717011877
2018-12-17 15:42:00,-0.11927973454663743
2018-12-17 15:45:00,-0.12299818707521126
2018-12-17 15:48:00,-0.17470667054999467
2018-12-17 15:51:00,-0.13659936367696446
2018-12-17 15:54:00,-0.045991977738196965
2018-12-17 15:57:00,-0.046205807470414584
2018-12-17 16:00:00,-0.09917573428782589
2018-12-17 16:03:00,-0.025204951475245707
2018-12-17 16:06:00,-0.005425171914339444
2018-12-17 16:09:00,0.1858370822995994
2018-12-17 16:12:00,0.07593416245998696
2018-12-17 16:15:00,0.040507456044565515
2018-12-17 16:18:00,0.030626051152864875
2018-12-17 16:21:00,0.05960986040690841
2018-12-17 16:24:00,0.05766137198395427
2018-12-17 16:27:00,0.029988006596738614
2018-12-17 16:30:00,-0.007151302329930331
2018-12-17 16:33:00,0.012710147165648777
2018-12-17 16:36:00,-0.05164764376650055
2018-12-17 16:39:00,0.020254355965050763
2018-12-17 16:42:00,-0.004243328404129443
2018-12-17 16:45:00,0.07468185792339455
2018-12-17 16:48:00,0.04497473111291583
2018-12-17 16:51:00,0.03209801607670215
2018-12-17 16:54:00,-0.03178396250160631
2018-12-17 16:57:00,-0.06174467661361405
2018-12-17 17:00:00,-0.09985392944213345
2018-12-17 17:03:00,-0.03566246026070985
2018-12-17 17:06:00,-0.11373499797667819
2018-12-17 17:09:00,-0.09081035478402555
2018-12-17 17:12:00,-0.08509885896484093
2018-12-17 17:15:00,-0.17921547563872764
2018-12-17 17:18:00,-0.021996864259449467
2018-12-17 17:21:00,-0.1702590371061774
2018-12-17 17:24:00,-0.029020753623569817
2018-12-17 17:27:00,-0.07337226229111593
2018-12-17 17:30:00,-0.1178929094037926
2018-12-17 17:33:00,-0.10172381814743403
2018-12-17 17:36:00,-0.0893582281191243
2018-12-17 17:39:00,-0.0683314542029052
2018-12-17 17:42:00,-0.03954937346571796
2018-12-17 17:45:00,-0.055562909966738516
2018-12-17 17:48:00,-0.03102866751203237
2018-12-17 17:51:00,-0.14702972943661052
2018-12-17 17:54:00,0.019261569533739475
2018-12-17 17:57:00,0.05622777769434606
2018-12-17 18:00:00,-0.04283706129785969
2018-12-17 18:03:00,0.06149282727375294
2018-12-17 18:06:00,-0.02576768066302293
2018-12-17 18:09:00,0.008194522538076399
2018-12-17 18:12:00,0.06493703045850907
2018-12-17 18:15:00,0.010931221845453365
2018-12-17 18:18:00,-0.07763660139312378
2018-12-17 18:21:00,0.05656345535322771
2018-12-17 18:24:00,-0.031974033135270474
2018-12-17 18:27:00,0.07666732940549537
2018-12-17 18:30:00,0.07694235286686535
2018-12-17 18:33:00,0.08889721586444921
2018-12-17 18:36:00,0.06574419039537815
2018-12-17 18:39:00,0.06289909703235708
2018-12-17 18:42:00,0.08653203929861775
2018-12-17 18:45:00,0.14671042159756098
2018-12-17 18:48:00,0.17300794873119685
2018-12-17 18:51:00,0.20493768743119745
2018-12-17 18:54:00,
2018-12-17 18:57:00,
2018-12-17 19:00:00,
2018-12-17 19:03:00,0.18334677786373277
2018-12-17 19:06:00,0.05541926841476652
2018-12-17 19:09:00,0.17254677915309458
2018-12-17 19:12:00,0.1357530507990532
2018-12-17 19:15:00,0.14906737499461542
2018-12-17 19:18:00,0.1059004760739981
2018-12-17 19:21:00,0.047653923097698225
2018-12-17 19:24:00,0.10197043234921921
2018-12-17 19:27:00,0.11585164868768061
2018-12-17 19:30:00,0.12319654272118896
2018-12-17 19:33:00,-0.019564807956498953
2018-12-17 19:36:00,0.09485028210536939
2018-12-17 19:39:00,0.141185228591155
2018-12-17 19:42:00,0.07633534482471305
2018-12-17 19:45:00,0.09140349673208448
2018-12-17 19:48:00,0.11398768988482288
2018-12-17 19:51:00,0.12062178826852232
2018-12-17 19:54:00,0.11992187441427404
2018-12-17 19:57:00,0.13208257808236112
2018-12-17 20:00:00,0.0961606308503633
2018-12-17 20:03:00,0.04747318051806815
2018-12-17 20:06:00,0.10947666005517931
2018-12-17 20:09:00,0.15302664640512376
2018-12-17 20:12:00,0.04280002446103026
2018-12-17 20:15:00,0.04064023952582829
2018-12-17 20:18:00,0.10765457019624591
2018-12-17 20:21:00,0.17370604333098072
2018-12-17 20:24:00,0.19136856788253453
2018-12-17 20:27:00,0.07275241216279937
2018-12-17 20:30:00,0.07911251848327083
2018-12-17 20:33:00,0.12782178509513642
2018-12-17 20:36:00,0.09994687659201418
2018-12-17 20:39:00,0.1006084164377512
2018-12-17 20:42:00,0.11759432123187707
2018-12-17 20:45:00,0.15151185075001194
2018-12-17 20:48:00,0.11020567257571656
2018-12-17 20:51:00,0.11147813258429551
2018-12-17 20:54:00,0.1002053829961369
2018-12-17 20:57:00,0.1877794690735186
2018-12-17 21:00:00,0.1591558425891435
2018-12-17 21:03:00,0.16117743861559575
2018-12-17 21:06:00,0.1550896842998668
2018-12-17 21:09:00,0.16113231376868953
2018-12-17 21:12:00,0.21188470940285242
2018-12-17 21:15:00,0.18774120627028879
2018-12-17 21:18:00,0.2154306144851148
2018-12-17 21:21:00,0.1200014647589569
2018-12-17 21:24:00,0.22737449255987485
2018-12-17 21:27:00,0.1524125094446731
2018-12-17 21:30:00,0.05706530298124335
2018-12-17 21:33:00,0.17472641353327845
2018-12-17 21:36:00,0.18391996816194478
2018-12-17 21:39:00,0.16765663131292285
2018-12-17 21:42:00,0.18462296406931955
2018-12-17 21:45:00,0.12539901100672068
2018-12-17 21:48:00,0.22322105681990934
2018-12-17 21:51:00,0.11925662152572158
2018-12-17 21:54:00,0.09511276145309466
2018-12-17 21:57:00,0.08889263271373693
2018-12-17 22:00:00,0.15068724305183423
2018-12-17 22:03:00,0.12240063579196203
2018-12-17 22:06:00,0.08962069811065021
2018-12-17 22:09:00,0.16686285012582402
2018-12-17 22:12:00,0.1477928600446603
2018-12-17 22:15:00,0.09756933865565998
2018-12-17 22:18:00,0.07678754894709527
2018-12-17 22:21:00,0.09769209376969457
2018-12-17 22:24:00,0.15086492493776404
2018-12-17 22:27:00,0.1476215119124049
2018-12-17 22:30:00,0.11562065110081221
2018-12-17 22:33:00,0.17663706998871476
2018-12-17 22:36:00,0.20192149929857806
2018-12-17 22:39:00,0.05430379218813641
2018-12-17 22:42:00,0.13451364398872556
2018-12-17 22:45:00,0.19839121154285522
2018-12-17 22:48:00,0.14983238878221528
2018-12-17 22:51:00,0.10690478816871973
2018-12-17 22:54:00,0.07839765538722077
2018-12-17 22:57:00,0.10402883041143696
2018-12-17 23:00:00,0.12569175410618527
2018-12-17 23:03:00,0.12739401588095234
2018-12-17 23:06:00,-0.006361806706536299
2018-12-17 23:09:00,0.09570884039953853
2018-12-17 23:12:00,0.07701084643997547
2018-12-17 23:15:00,0.09316830968680279
2018-12-17 23:18:00,0.09438846397864609
2018-12-17 23:21:00,0.11759892591470589
2018-12-17 23:24:00,0.21352689680691128
2018-12-17 23:27:00,0.13689799976833683
2018-12-17 23:30:00,0.13679862425686906
2018-12-17 23:33:00,0.049998815380774886
2018-12-17 23:36:00,0.05734414210064642
2018-12-17 23:39:00,0.1537880650664647
2018-12-17 23:42:00,0.12363972258418698
2018-12-17 23:45:00,0.20083574427673057
2018-12-17 23:48:00,0.18814950883637493
2018-12-17 23:51:00,0.20596552088176168
2018-12-17 23:54:00,0.16318952893703909
2018-12-17 23:57:00,0.16058654442332454
2018-12-18 00:00:00,0.20846996410830343
2018-12-18 00:03:00,0.2329108759497558
2018-12-18 00:06:00,0.21744556727747977
2018-12-18 00:09:00,0.19709536782050918
2018-12-18 00:12:00,0.24331759075357695
2018-12-18 00:15:00,0.14949871576527585
2018-12-18 00:18:00,0.24622446954072075
2018-12-18 00:21:00,0.24332361068218233
2018-12-18 00:24:00,0.19059363645192207
2018-12-18 00:27:00,0.31911527941099394
2018-12-18 00:30:00,0.2527567110185487
2018-12-18 00:33:00,0.19623828994525638
2018-12-18 00:36:00,0.2070563793074598
2018-12-18 00:39:00,0.2694683831207385
2018-12-18 00:42:00,0.2572107553311298
2018-12-18 00:45:00,0.2514332127540797
2018-12-18 00:48:00,0.271433267111604
2018-12-18 00:51:00,0.25881908315233204
2018-12-18 00:54:00,0.33167359441688404
2018-12-18 00:57:00,0.23632585165404407
2018-12-18 01:00:00,0.2740389229338689
2018-12-18 01:03:00,0.3095968978682322
2018-12-18 01:06:00,0.26366508670616895
2018-12-18 01:09:00,0.23949060272695988
2018-12-18 01:12:00,0.22786466910793024
2018-12-18 01:15:00,0.38140763403885103
2018-12-18 01:18:00,0.2638093895157567
2018-12-18 01:21:00,0.271676974184345
2018-12-18 01:24:00,0.16280711369341816
2018-12-18 01:27:00,0.15566653062779778
2018-12-18 01:30:00,0.3510649042367504
2018-12-18 01:33:00,0.2761735588813963
2018-12-18 01:36:00,0.2568941579176567
2018-12-18 01:39:00,0.2565068766561467
2018-12-18 01:42:00,0.1682262741421141
2018-12-18 01:45:00,0.34729145439217746
2018-12-18 01:48:00,0.25912498908996895
2018-12-18 01:51:00,0.2547792397351145
2018-12-18 01:54:00,0.223203493529752
2018-12-18 01:57:00,0.24969967431110263
2018-12-18 02:00:00,0.2818243749979388
2018-12-18 02:03:00,0.23453982659879102
2018-12-18 02:06:00,0.2772839625478696
2018-12-18 02:09:00,0.20787045337402787
2018-12-18 02:12:00,0.19633944214871235
2018-12-18 02:15:00,0.19167354951679272
2018-12-18 02:18:00,0.29542090057293535
2018-12-18 02:21:00,0.25386600736851506
2018-12-18 02:24:00,0.3700520422293039
2018-12-18 02:27:00,0.2420811206963549
2018-12-18 02:30:00,0.3129560707516248
2018-12-18 02:33:00,0.33006317117258277
2018-12-18 02:36:00,0.34168372443349426
2018-12-18 02:39:00,0.26763306914460827
2018-12-18 02:42:00,0.2641251973364547
2018-12-18 02:45:00,0.271772761991258
2018-12-18 02:48:00,0.304521098144221
2018-12-18 02:51:00,0.2651528364132787
2018-12-18 02:54:00,0.30048844085035853
2018-12-18 02:57:00,0.3273725670155727
2018-12-18 03:00:00,0.29105793663381974
2018-12-18 03:03:00,0.29609896916332445
2018-12-18 03:06:00,0.2760396829085039
2018-12-18 03:09:00,0.317400765371076
2018-12-18 03:12:00,0.2910316985139616
2018-12-18 03:15:00,0.23256557937008893
2018-12-18 03:18:00,0.25285970332538454
2018-12-18 03:21:00,0.3284671338603289
2018-12-18 03:24:00,0.2835325969248288
2018-12-18 03:27:00,0.27890307703239614
2018-12-18 03:30:00,0.2556555106099836
2018-12-18 03:33:00,0.32470914025083175
2018-12-18 03:36:00,0.327682368910132
2018-12-18 03:39:00,0.2989783339701262
2018-12-18 03:42:00,0.36034521618631743
2018-12-18 03:45:00,0.2705564556087552
2018-12-18 03:48:00,0.22783324217817835
2018-12-18 03:51:00,0.23856528629073637
2018-12-18 03:54:00,0.32167670617707245
2018-12-18 03:57:00,0.282420721478843
2018-12-18 04:00:00,0.18630553387578175
2018-12-18 04:03:00,0.27684952001436614
2018-12-18 04:06:00,0.2740747781360824
2018-12-18 04:09:00,0.1942032968630656
2018-12-18 04:12:00,0.23532202394665092
2018-12-18 04:15:00,0.20717512130443083
2018-12-18 04:18:00,0.18435677611535084
2018-12-18 04:21:00,0.24833796743473613
2018-12-18 04:24:00,0.3282276211696171
2018-12-18 04:27:00,0.2442907577589608
2018-12-18 04:30:00,0.33060260310094236
2018-12-18 04:33:00,0.27475849514030415
2018-12-18 04:36:00,0.26938450670138536
2018-12-18 04:39:00,0.3532619359667706
2018-12-18 04:42:00,0.29915292016437434
2018-12-18 04:45:00,0.19864931415753517
2018-12-18 04:48:00,0.3573411818700265
2018-12-18 04:51:00,0.32851849691132884
2018-12-18 04:54:00,0.3625803755001584
2018-12-18 04:57:00,0.34414665662950483
2018-12-18 05:00:00,0.2827989713508714
2018-12-18 05:03:00,0.299921200138499
2018-12-18 05:06:00,0.3155186156720333
2018-12-18 05:09:00,0.35621029281611527
2018-12-18 05:12:00,0.34356505349222743
2018-12-18 05:15:00,0.3719429813835404
2018-12-18 05:18:00,0.2765504466272546
2018-12-18 05:21:00,0.36320178965746663
2018-12-18 05:24:00,0.32546654959924126
2018-12-18 05:27:00,0.34163204968353966
2018-12-18 05:30:00,0.3584066451218746
2018-12-18 05:33:00,0.3252348289417455
2018-12-18 05:36:00,0.4178298286711879
2018-12-18 05:39:00,0.4144398426114435
2018-12-18 05:42:00,0.33913930180244733
2018-12-18 05:45:00,0.4167145859643142
2018-12-18 05:48:00,0.36577492194578554
2018-12-18 05:51:00,0.36794212306745067
2018-12-18 05:54:00,0.4748576334456516
2018-12-18 05:57:00,0.4815622753158664
2018-12-18 06:00:00,0.3892358157317517
2018-12-18 06:03:00,0.4086570909223042
2018-12-18 06:06:00,0.3917638852262826
2018-12-18 06:09:00,0.31915384742006836
2018-12-18 06:12:00,0.4115535077867776
2018-12-18 06:15:00,0.37333055369327894
2018-12-18 06:18:00,0.37638436715400303
2018-12-18 06:21:00,0.3875919785803603
2018-12-18 06:24:00,0.39674313311780907
2018-12-18 06:27:00,0.39527949389338346
2018-12-18 06:30:00,0.5195966265023344
2018-12-18 06:33:00,0.4267240555518015
2018-12-18 06:36:00,0.40141228263911444
2018-12-18 06:39:00,0.4704779701285702
2018-12-18 06:42:00,0.41952431181317706
2018-12-18 06:45:00,0.4178709008243686
2018-12-18 06:48:00,0.30014669860889853
2018-12-18 06:51:00,0.4032805551719889
2018-12-18 06:54:00,0.36617409149056357
2018-12-18 06:57:00,0.30580134553815697
2018-12-18 07:00:00,0.25667655916339527
2018-12-18 07:03:00,0.3904241071619481
2018-12-18 07:06:00,0.4054280284343008
2018-12-18 07:09:00,0.37627033896211515
2018-12-18 07:12:00,0.3546801381613136
2018-12-18 07:15:00,0.3299782002346774
2018-12-18 07:18:00,0.3256896321638578
2018-12-18 07:21:00,0.30638370630782674
2018-12-18 07:24:00,0.45407361389072776
2018-12-18 07:27:00,0.3971463462623319
2018-12-18 07:30:00,0.2910781459222562
2018-12-18 07:33:00,0.2706578340260535
2018-12-18 07:36:00,0.35888065453832496
2018-12-18 07:39:00,0.32573934007052685
2018-12-18 07:42:00,0.3791784921344288
2018-12-18 07:45:00,0.3338285165150978
2018-12-18 07:48:00,0.3890201852590849
2018-12-18 07:51:00,0.37360960338151017
2018-12-18 07:54:00,0.30325398476207965
2018-12-18 07:57:00,0.34200140155735426
2018-12-18 08:00:00,0.26927749620085706
2018-12-18 08:03:00,0.34060727851544925
2018-12-18 08:06:00,0.3109151975033342
2018-12-18 08:09:00,0.32408455107855616
2018-12-18 08:12:00,0.2723781601288806
2018-12-18 08:15:00,0.31916820959116876
2018-12-18 08:18:00,0.24205823295528717
2018-12-18 08:21:00,0.24827771521802333
2018-12-18 08:24:00,0.27145966268011534
2018-12-18 08:27:00,0.3332721468783575
2018-12-18 08:30:00,0.25644870049825386
2018-12-18 08:33:00,0.14227940216318302
2018-12-18 08:36:00,0.27435602190331565
2018-12-18 08:39:00,0.20627137467425882
2018-12-18 08:42:00,0.24084787512816774
2018-12-18 08:45:00,0.2632475751310608
2018-12-18 08:48:00,0.2773637470537551
2018-12-18 08:51:00,0.1777111519094774
2018-12-18 08:54:00,0.179393519071823
2018-12-18 08:57:00,0.14558233176387603
2018-12-18 09:00:00,0.10983108892128257
2018-12-18 09:03:00,0.0903908006444567
2018-12-18 09:06:00,0.20643296091037655
2018-12-18 09:09:00,0.0873051855019753
2018-12-18 09:12:00,0.04243776075674077
2018-12-18 09:15:00,0.14164452483441892
2018-12-18 09:18:00,0.08856180876182407
2018-12-18 09:21:00,0.09989894577688574
2018-12-18 09:24:00,0.11253544732397813
2018-12-18 09:27:00,0.0792797878398801
2018-12-18 09:30:00,0.10539100776793475
2018-12-18 09:33:00,0.14000994545443746
2018-12-18 09:36:00,0.10010613873242846
2018-12-18 09:39:00,0.007063951294696835
2018-12-18 09:42:00,0.058658383369845524
2018-12-18 09:45:00,-0.009157670183981281
2018-12-18 09:48:00,0.04447679266417026
2018-12-18 09:51:00,-0.08660243333599738
2018-12-18 09:54:00,-0.02610526539831426
2018-12-18 09:57:00,-0.1481689353204274
2018-12-18 10:00:00,-0.09089474397626418
2018-12-18 10:03:00,-0.051059152459515644
2018-12-18 10:06:00,0.0028237719359367475
2018-12-18 10:09:00,-0.03527977082154621
2018-12-18 10:12:00,-0.07225141425203674
2018-12-18 10:15:00,-0.14469188170090774
2018-12-18 10:18:00,-0.014928574497503178
2018-12-18 10:21:00,0.056989571056135446
2018-12-18 10:24:00,-0.04619260147154591
2018-12-18 10:27:00,-0.10282925376884577
2018-12-18 10:30:00,-0.01896067338884677
2018-12-18 10:33:00,-0.06980590211639992
2018-12-18 10:36:00,-0.025537461214128143
2018-12-18 10:39:00,0.08208418638287185
2018-12-18 10:42:00,-0.056629813577444565
2018-12-18 10:45:00,-0.027605812403692198
2018-12-18 10:48:00,0.007619864766525097
2018-12-18 10:51:00,-0.05814351007455798
2018-12-18 10:54:00,0.018195662344908214
2018-12-18 10:57:00,-0.04224000310938436
2018-12-18 11:00:00,-0.04087248544072963
2018-12-18 11:03:00,-0.06534190962412367
2018-12-18 11:06:00,-0.12862301418044808
2018-12-18 11:09:00,-0.03416791464525204
2018-12-18 11:12:00,0.0320381576273121
2018-12-18 11:15:00,-0.05652205084504658
2018-12-18 11:18:00,0.07149590573078513
2018-12-18 11:21:00,-0.04735833483834995
2018-12-18 11:24:00,-0.10534876274874705
2018-12-18 11:27:00,-0.10325798613706638
2018-12-18 11:30:00,-0.08736045731774311
2018-12-18 11:33:00,-0.08623436676214169
2018-12-18 11:36:00,-0.0593160410891187
2018-12-18 11:39:00,-0.1547840023353615
2018-12-18 11:42:00,-0.15196967123495142
2018-12-18 11:45:00,-0.05002308921604026
2018-12-18 11:48:00,-0.009637712973415091
2018-12-18 11:51:00,-0.12137835684796983
2018-12-18 11:54:00,-0.09183008499445577
2018-12-18 11:57:00,-0.05049251843041702
2018-12-18 12:00:00,-0.008802936887548185
2018-12-18 12:03:00,-0.10497814329909261
2018-12-18 12:06:00,-0.029943285533306607
2018-12-18 12:09:00,-0.2175499454315286
2018-12-18 12:12:00,-0.0945420429051751
2018-12-18 12:15:00,-0.0820260732823499
2018-12-18 12:18:00,-0.07634296570012111
2018-12-18 12:21:00,-0.21845761317979395
2018-12-18 12:24:00,-0.17137393819825775
2018-12-18 12:27:00,-0.06687355712006138
2018-12-18 12:30:00,-0.02279001118387214
2018-12-18 12:33:00,-0.08285622280072857
2018-12-18 12:36:00,-0.1512308495228467
2018-12-18 12:39:00,0.00958190280607596
2018-12-18 12:42:00,-0.15929193449687773
2018-12-18 12:45:00,-0.06867392170659059
2018-12-18 12:48:00,-0.057750107701792786
2018-12-18 12:51:00,-0.12182340225461985
2018-12-18 12:54:00,0.08610436164531166
2018-12-18 12:57:00,-0.1089523221228319
2018-12-18 13:00:00,-0.17561043199594906
2018-12-18 13:03:00,-0.08110635274385913
2018-12-18 13:06:00,-0.01051462655539126
2018-12-18 13:09:00,-0.06031461890859191
2018-12-18 13:12:00,-0.17542986958557094
2018-12-18 13:15:00,-0.1787091578502782
2018-12-18 13:18:00,-0.19763295013234483
2018-12-18 13:21:00,-0.17815490273841306
2018-12-18 13:24:00,-0.1710646940695142
2018-12-18 13:27:00,-0.14934136210513316
2018-12-18 13:30:00,-0.12876780796023013
2018-12-18 13:33:00,-0.18407095002027063
2018-12-18 13:36:00,-0.14368419968860735
2018-12-18 13:39:00,-0.12020396709266379
2018-12-18 13:42:00,-0.11911745943041296
2018-12-18 13:45:00,-0.2561337423863961
2018-12-18 13:48:00,-0.18695387326926038
2018-12-18 13:51:00,-0.2856989992433796
2018-12-18 13:54:00,-0.2404051647487222
2018-12-18 13:57:00,-0.1815050477314344
2018-12-18 14:00:00,-0.08219646428682381
2018-12-18 14:03:00,0.054753645633979886
2018-12-18 14:06:00,0.029586275025621944
2018-12-18 14:09:00,0.09651204984146489
2018-12-18 14:12:00,-0.057192277434751304
2018-12-18 14:15:00,0.0533816421320239
2018-12-18 14:18:00,-0.04437440908532153
2018-12-18 14:21:00,-0.01493480062248409
2018-12-18 14:24:00,-0.13262606794978637
2018-12-18 14:27:00,-0.060214091082286814
2018-12-18 14:30:00,-0.07946511593723926
2018-12-18 14:33:00,-0.1698539869678939
2018-12-18 14:36:00,-0.033170014438326234
2018-12-18 14:39:00,-0.06985427934432664
2018-12-18 14:42:00,-0.1292285504094366
2018-12-18 14:45:00,-0.12074744567809148
2018-12-18 14:48:00,0.03535218921814476
2018-12-18 14:51:00,-0.041719611442943005
2018-12-18 14:54:00,-0.08789207281415656
2018-12-18 14:57:00,-0.026292640428152936
2018-12-18 15:00:00,-0.05900945724675921
2018-12-18 15:03:00,-0.010589598383774046
2018-12-18 15:06:00,-0.08290824884926451
2018-12-18 15:09:00,-0.026775446606052355
2018-12-18 15:12:00,0.07098923737640916
2018-12-18 15:15:00,0.007211830582889434
2018-12-18 15:18:00,0.00016134075758600375
2018-12-18 15:21:00,0.036822089149666226
2018-12-18 15:24:00,-0.0869645559433252
2018-12-18 15:27:00,-0.023504972285195436
2018-12-18 15:30:00,-0.17508762596577299
2018-12-18 15:33:00,-0.11221158131718312
2018-12-18 15:36:00,-0.00011374432853017424
2018-12-18 15:39:00,-0.016482800029450573
2018-12-18 15:42:00,0.05860304526601112
2018-12-18 15:45:00,0.012114155648816904
2018-12-18 15:48:00,-0.07723152752697615
2018-12-18 15:51:00,-0.08644916019238735
2018-12-18 15:54:00,-0.10144829551802559
2018-12-18 15:57:00,-0.08672280964208312
2018-12-18 16:00:00,-0.07143485026136887
2018-12-18 16:03:00,-0.10535376867642299
2018-12-18 16:06:00,-0.12571759555623885
2018-12-18 16:09:00,-0.16764718964776648
2018-12-18 16:12:00,-0.1354731162277858
2018-12-18 16:15:00,-0.15421862243755413
2018-12-18 16:18:00,-0.2360937710775488
2018-12-18 16:21:00,-0.2031112091275986
2018-12-18 16:24:00,-0.08245086833358073
2018-12-18 16:27:00,-0.19969772433654498
2018-12-18 16:30:00,-0.16891097307967584
2018-12-18 16:33:00,-0.29243283384653296
2018-12-18 16:36:00,-0.2257085940343586
2018-12-18 16:39:00,-0.13993455315164738
2018-12-18 16:42:00,-0.2603606517191679
2018-12-18 16:45:00,-0.14711499230151048
2018-12-18 16:48:00,-0.1853304721909126
2018-12-18 16:51:00,-0.1533223255647158
2018-12-18 16:54:00,-0.0875559555359473
2018-12-18 16:57:00,-0.14377899319873677
2018-12-18 17:00:00,-0.11469667012380569
2018-12-18 17:03:00,-0.1268064290472921
2018-12-18 17:06:00,-0.16424209651472665
2018-12-18 17:09:00,-0.18356733800811753
2018-12-18 17:12:00,-0.12046363333314503
2018-12-18 17:15:00,-0.13794955197067793
2018-12-18 17:18:00,-0.06594501234269501
2018-12-18 17:21:00,-0.05614795351300472
2018-12-18 17:24:00,-0.12573641619303544
2018-12-18 17:27:00,-0.14931994277833383
2018-12-18 17:30:00,-0.15439987921575948
2018-12-18 17:33:00,-0.0966706802522026
2018-12-18 17:36:00,-0.01857945913036474
2018-12-18 17:39:00,-0.03752742214294358
2018-12-18 17:42:00,-0.10740220888345675
2018-12-18 17:45:00,-0.07764418834693743
2018-12-18 17:48:00,-0.09202541788300778
2018-12-18 17:51:00,-0.02850359075398501
2018-12-18 17:54:00,-0.10059754285379086
2018-12-18 17:57:00,-0.10623134361105713
2018-12-18 18:00:00,0.005517893821149755
2018-12-18 18:03:00,-0.062149644513681324
2018-12-18 18:06:00,-0.022716312157228913
2018-12-18 18:09:00,-0.028464673040900834
2018-12-18 18:12:00,-0.006817680034600926
2018-12-18 18:15:00,-0.046121834885468616
2018-12-18 18:18:00,0.03502615175597157
2018-12-18 18:21:00,0.02366684302029398
2018-12-18 18:24:00,0.011505927129519478
2018-12-18 18:27:00,-0.04126541286979091
2018-12-18 18:30:00,0.007173980050822593
2018-12-18 18:33:00,-0.0353447660755819
2018-12-18 18:36:00,-0.06234728811205059
2018-12-18 18:39:00,0.08104810349271929
2018-12-18 18:42:00,0.05645843889351454
2018-12-18 18:45:00,0.0486846693094094
2018-12-18 18:48:00,-0.02242020756898455
2018-12-18 18:51:00,0.052470135603982726
2018-12-18 18:54:00,
2018-12-18 18:57:00,
2018-12-18 19:00:00,
2018-12-18 19:03:00,0.04580321487810579
2018-12-18 19:06:00,0.02301197002475419
2018-12-18 19:09:00,-0.04189847220533238
2018-12-18 19:12:00,0.017265616880422385
2018-12-18 19:15:00,0.11135832111244781
2018-12-18 19:18:00,-0.0027972237529638733
2018-12-18 19:21:00,0.06431849145860724
2018-12-18 19:24:00,0.055783893834416176
2018-12-18 19:27:00,0.029173053700390028
2018-12-18 19:30:00,0.09139152487341562
2018-12-18 19:33:00,0.07949029773931215
2018-12-18 19:36:00,0.14207117432147243
2018-12-18 19:39:00,0.054927297806102615
2018-12-18 19:42:00,0.09092989350938296
2018-12-18 19:45:00,0.050343590269164906
2018-12-18 19:48:00,0.087837481551162
2018-12-18 19:51:00,0.02286107469961962
2018-12-18 19:54:00,-0.024401829792282115
2018-12-18 19:57:00,0.03856829308659826
2018-12-18 20:00:00,0.08207359972118411
2018-12-18 20:03:00,0.12703817843691922
2018-12-18 20:06:00,0.09640174755094222
2018-12-18 20:09:00,0.10978074933700555
2018-12-18 20:12:00,0.13761807263006176
2018-12-18 20:15:00,0.06568722850909126
2018-12-18 20:18:00,0.0977393280384149
2018-12-18 20:21:00,0.12125599739221116
2018-12-18 20:24:00,0.10271074087575016
2018-12-18 20:27:00,0.04783310045019107
2018-12-18 20:30:00,0.17127220263034815
2018-12-18 20:33:00,0.019102034298100534
2018-12-18 20:36:00,0.05158158555468617
2018-12-18 20:39:00,0.0532215637332456
2018-12-18 20:42:00,0.032008697523849605
2018-12-18 20:45:00,0.08212705587152414
2018-12-18 20:48:00,-0.036905943546059916
2018-12-18 20:51:00,0.009671157244667938
2018-12-18 20:54:00,0.0463752632338128
2018-12-18 20:57:00,0.08216286740281475
2018-12-18 21:00:00,0.06847934330772887
2018-12-18 21:03:00,0.1822130918436642
2018-12-18 21:06:00,0.06291591421876319
2018-12-18 21:09:00,0.132513464904207
2018-12-18 21:12:00,0.145014602257163
2018-12-18 21:15:00,0.16589964230644227
2018-12-18 21:18:00,0.11310534515774862
2018-12-18 21:21:00,0.22951239720481453
2018-12-18 21:24:00,0.22369241003713114
2018-12-18 21:27:00,0.18022102795225692
2018-12-18 21:30:00,0.19436655583007223
2018-12-18 21:33:00,0.20032055426355555
2018-12-18 21:36:00,0.13002195596976662
2018-12-18 21:39:00,0.115873904305829
2018-12-18 21:42:00,0.09856032411192928
2018-12-18 21:45:00,0.13427905164570575
2018-12-18 21:48:00,0.13624759966535294
2018-12-18 21:51:00,0.13329250171454987
2018-12-18 21:54:00,0.04585614036739116
2018-12-18 21:57:00,0.15799420026667121
2018-12-18 22:00:00,0.2213345383860883
2018-12-18 22:03:00,0.10920981121421391
2018-12-18 22:06:00,0.15292898113494857
2018-12-18 22:09:00,0.11571817435827825
2018-12-18 22:12:00,0.13018869196747573
2018-12-18 22:15:00,0.1720452956627696
2018-12-18 22:18:00,0.14455774801172083
2018-12-18 22:21:00,0.15322689175405912
2018-12-18 22:24:00,0.1087801177768597
2018-12-18 22:27:00,0.14008615138186542
2018-12-18 22:30:00,0.16349838671715133
2018-12-18 22:33:00,0.18200694659049077
2018-12-18 22:36:00,0.1511757231232309
2018-12-18 22:39:00,0.20839330371035203
2018-12-18 22:42:00,0.09608091587028866
2018-12-18 22:45:00,0.08001970739019271
2018-12-18 22:48:00,0.1313682189992278
2018-12-18 22:51:00,0.13076632978800262
2018-12-18 22:54:00,0.12149361689978377
2018-12-18 22:57:00,0.1855268389473963
2018-12-18 23:00:00,0.1624707888409489
2018-12-18 23:03:00,0.16753513504500006
2018-12-18 23:06:00,0.1934887132208587
2018-12-18 23:09:00,0.17857842794091994
2018-12-18 23:12:00,0.13206216336465104
2018-12-18 23:15:00,0.1718318291171954
2018-12-18 23:18:00,0.10205722163220798
2018-12-18 23:21:00,0.18850688124774706
2018-12-18 23:24:00,0.09777948810068438
2018-12-18 23:27:00,0.1677357367217951
2018-12-18 23:30:00,0.180277441756175
2018-12-18 23:33:00,0.3098137261333136
2018-12-18 23:36:00,0.21868382531869202
2018-12-18 23:39:00,0.24525877319416622
2018-12-18 23:42:00,0.22627939184002344
2018-12-18 23:45:00,0.20996651456545123
2018-12-18 23:48:00,0.18360628920123645
2018-12-18 23:51:00,0.307768977725118
2018-12-18 23:54:00,0.23606991357939933
2018-12-18 23:57:00,0.2638523253814924
2018-12-19 00:00:00,0.249191793495811
2018-12-19 00:03:00,0.23655090575135773
2018-12-19 00:06:00,0.14417317929815
2018-12-19 00:09:00,0.16855794731242213
2018-12-19 00:12:00,0.1478790373144534
2018-12-19 00:15:00,0.1469166748569819
2018-12-19 00:18:00,0.16348209928702317
2018-12-19 00:21:00,0.20311186208306253
2018-12-19 00:24:00,0.3220409794618604
2018-12-19 00:27:00,0.22693194001374195
2018-12-19 00:30:00,0.2702382687388649
2018-12-19 00:33:00,0.26687338491655055
2018-12-19 00:36:00,0.23196181526202508
2018-12-19 00:39:00,0.34174703618202784
2018-12-19 00:42:00,0.34300497951977604
2018-12-19 00:45:00,0.26145471573914847
2018-12-19 00:48:00,0.2399261636781489
2018-12-19 00:51:00,0.3080045514047356
2018-12-19 00:54:00,0.2622700535456488
2018-12-19 00:57:00,0.22030189748397788
2018-12-19 01:00:00,0.22240603742199028
2018-12-19 01:03:00,0.2190767281287549
2018-12-19 01:06:00,0.24948634105231804
2018-12-19 01:09:00,0.17242617947596273
2018-12-19 01:12:00,0.2529074540441911
2018-12-19 01:15:00,0.2777313439018485
2018-12-19 01:18:00,0.22115111257483022
2018-12-19 01:21:00,0.2287234574941408
2018-12-19 01:24:00,0.18786153638831138
2018-12-19 01:27:00,0.22061341747348706
2018-12-19 01:30:00,0.25945095415488595
2018-12-19 01:33:00,0.19584667070836304
2018-12-19 01:36:00,0.2968410654931404
2018-12-19 01:39:00,0.19665779130906458
2018-12-19 01:42:00,0.06754214357914634
2018-12-19 01:45:00,0.17746952281851236
2018-12-19 01:48:00,0.046548552578940416
2018-12-19 01:51:00,0.18971857011086968
2018-12-19 01:54:00,0.2186320327912199
2018-12-19 01:57:00,0.208785089228968
2018-12-19 02:00:00,0.14013259563779457
2018-12-19 02:03:00,0.23545617842523825
2018-12-19 02:06:00,0.20454482815574693
2018-12-19 02:09:00,0.24178459304363287
2018-12-19 02:12:00,0.1953105873329264
2018-12-19 02:15:00,0.24479671102437806
2018-12-19 02:18:00,0.21774851363392145
2018-12-19 02:21:00,0.17182756931941867
2018-12-19 02:24:00,0.20841359330245268
2018-12-19 02:27:00,0.17294622330308584
2018-12-19 02:30:00,0.2748340835361205
2018-12-19 02:33:00,0.22613679387302454
2018-12-19 02:36:00,0.22241891399352198
2018-12-19 02:39:00,0.19377032223269453
2018-12-19 02:42:00,0.16117456091711801
2018-12-19 02:45:00,0.12323152167181206
2018-12-19 02:48:00,0.11051796890882315
2018-12-19 02:51:00,0.203079253904491
2018-12-19 02:54:00,0.17706997625089116
2018-12-19 02:57:00,0.1596158891185837
2018-12-19 03:00:00,0.2904050830110805
2018-12-19 03:03:00,0.10893471711159464
2018-12-19 03:06:00,0.2915982080221511
2018-12-19 03:09:00,0.21291137076212863
2018-12-19 03:12:00,0.20384722978360514
2018-12-19 03:15:00,0.20241506590895142
2018-12-19 03:18:00,0.2819595143313336
2018-12-19 03:21:00,0.26319945052205185
2018-12-19 03:24:00,0.28498211282885677
2018-12-19 03:27:00,0.22987450283494582
2018-12-19 03:30:00,0.2157049741617243
2018-12-19 03:33:00,0.28898674859686935
2018-12-19 03:36:00,0.24203243223286108
2018-12-19 03:39:00,0.17261324607062534
2018-12-19 03:42:00,0.2732156043003897
2018-12-19 03:45:00,0.369881956653785
2018-12-19 03:48:00,0.4192103755582366
2018-12-19 03:51:00,0.26276638117457196
2018-12-19 03:54:00,0.27798423153876684
2018-12-19 03:57:00,0.30740618636838235
2018-12-19 04:00:00,0.276349054056368
2018-12-19 04:03:00,0.21556248644611742
2018-12-19 04:06:00,0.24729921652249232
2018-12-19 04:09:00,0.18033802731480364
2018-12-19 04:12:00,0.21932825528631383
2018-12-19 04:15:00,0.22712757311637688
2018-12-19 04:18:00,0.16838542802094025
2018-12-19 04:21:00,0.20717462008326493
2018-12-19 04:24:00,0.18924913030014068
2018-12-19 04:27:00,0.18774299913854975
2018-12-19 04:30:00,0.24149544046423443
2018-12-19 04:33:00,0.1839023050198989
2018-12-19 04:36:00,0.22274134296310422
2018-12-19 04:39:00,0.17729074425409408
2018-12-19 04:42:00,0.15920918998256184
2018-12-19 04:45:00,0.17489043478798294
2018-12-19 04:48:00,0.14882636851689313
2018-12-19 04:51:00,0.21196186884282042
2018-12-19 04:54:00,0.18495199190601852
2018-12-19 04:57:00,-0.0020510270658746776
2018-12-19 05:00:00,0.12602038483447586
2018-12-19 05:03:00,0.1024544986992737
2018-12-19 05:06:00,0.13071622817750495
2018-12-19 05:09:00,0.11570991811646536
2018-12-19 05:12:00,0.09155724212325822
2018-12-19 05:15:00,0.11959099833148912
2018-12-19 05:18:00,0.15495423815264076
2018-12-19 05:21:00,0.1815065373825746
2018-12-19 05:24:00,0.2163275193197478
2018-12-19 05:27:00,0.1757048602962641
2018-12-19 05:30:00,0.1920702643483878
2018-12-19 05:33:00,0.16521539396768503
2018-12-19 05:36:00,0.13375393803960378
2018-12-19 05:39:00,0.15269098986254903
2018-12-19 05:42:00,0.13550252933265483
2018-12-19 05:45:00,0.24280030931146257
2018-12-19 05:48:00,0.11061837952712494
2018-12-19 05:51:00,0.1454473224546291
2018-12-19 05:54:00,0.2326895048194615
2018-12-19 05:57:00,0.2533884098422732
2018-12-19 06:00:00,0.20785346739722854
2018-12-19 06:03:00,0.1896403376005651
2018-12-19 06:06:00,0.18049076900234695
2018-12-19 06:09:00,0.19573889810965284
2018-12-19 06:12:00,0.2226553175083268
2018-12-19 06:15:00,0.2095924555885631
2018-12-19 06:18:00,0.19271402562191042
2018-12-19 06:21:00,0.21526144540911218
2018-12-19 06:24:00,0.23863321371084112
2018-12-19 06:27:00,0.175803952586989
2018-12-19 06:30:00,0.16322082853872644
2018-12-19 06:33:00,0.18642965595427086
2018-12-19 06:36:00,0.14022207938916154
2018-12-19 06:39:00,0.19768697628160226
2018-12-19 06:42:00,0.15925693421650067
2018-12-19 06:45:00,0.22162192405249925
2018-12-19 06:48:00,0.15906220921482372
2018-12-19 06:51:00,0.2206185132076257
2018-12-19 06:54:00,0.2302838181512925
2018-12-19 06:57:00,0.17071757543112653
2018-12-19 07:00:00,0.2555756984082791
2018-12-19 07:03:00,0.2089618712086576
2018-12-19 07:06:00,0.1689541574914415
2018-12-19 07:09:00,0.1707994627682865
2018-12-19 07:12:00,0.024977873679915774
2018-12-19 07:15:00,0.06598000063792142
2018-12-19 07:18:00,0.085887094122711
2018-12-19 07:21:00,0.10621458344871826
2018-12-19 07:24:00,0.16025764050658609
2018-12-19 07:27:00,0.14979562786078304
2018-12-19 07:30:00,0.09373989628846857
2018-12-19 07:33:00,0.18217746664464585
2018-12-19 07:36:00,0.06417301061418357
2018-12-19 07:39:00,0.12371299462557772
2018-12-19 07:42:00,0.23435276761091473
2018-12-19 07:45:00,0.01991066418071341
2018-12-19 07:48:00,0.1972605140451833
2018-12-19 07:51:00,0.1371108408441728
2018-12-19 07:54:00,0.2079494097793031
2018-12-19 07:57:00,0.08431989030316345
2018-12-19 08:00:00,0.10273485031950713
2018-12-19 08:03:00,0.20227512015583216
2018-12-19 08:06:00,0.2197976540999207
2018-12-19 08:09:00,0.1901321929919959
2018-12-19 08:12:00,0.16611801612100408
2018-12-19 08:15:00,0.14048338733977062
2018-12-19 08:18:00,0.14725875436312208
2018-12-19 08:21:00,0.18006147272507178
2018-12-19 08:24:00,0.14578895432902073
2018-12-19 08:27:00,0.2900802794327433
2018-12-19 08:30:00,0.1471826561376588
2018-12-19 08:33:00,0.189581354025961
2018-12-19 08:36:00,0.17991010587417122
2018-12-19 08:39:00,0.13348292276606344
2018-12-19 08:42:00,0.1593320210798197
2018-12-19 08:45:00,0.06676128128464143
2018-12-19 08:48:00,0.062196442536901486
2018-12-19 08:51:00,0.14624819355339014
2018-12-19 08:54:00,0.1654063326421351
2018-12-19 08:57:00,0.005943392488859445
2018-12-19 09:00:00,0.05935801787472883
2018-12-19 09:03:00,-0.003270534376554224
2018-12-19 09:06:00,0.04831036355761853
2018-12-19 09:09:00,0.1242957661564219
2018-12-19 09:12:00,0.03814800948140373
2018-12-19 09:15:00,-0.030510971981300372
2018-12-19 09:18:00,0.019958467475646557
2018-12-19 09:21:00,-0.054841075509273196
2018-12-19 09:24:00,0.06986515149964134
2018-12-19 09:27:00,-0.0011711777144114421
2018-12-19 09:30:00,-0.07696218285065015
2018-12-19 09:33:00,-0.1105197019745674
2018-12-19 09:36:00,-0.009272873857014474
2018-12-19 09:39:00,-0.0966179544886927
2018-12-19 09:42:00,-0.09375061707373789
2018-12-19 09:45:00,-0.07479135833091277
2018-12-19 09:48:00,-0.060168829704366544
2018-12-19 09:51:00,-0.04692522806550414
2018-12-19 09:54:00,-0.00759525052637855
2018-12-19 09:57:00,-0.1799659030151588
2018-12-19 10:00:00,-0.024821092819138357
2018-12-19 10:03:00,-0.06449545180453242
2018-12-19 10:06:00,0.0875341822985547
2018-12-19 10:09:00,0.004231741724311178
2018-12-19 10:12:00,-0.01695826707117476
2018-12-19 10:15:00,-0.13056388793296492
2018-12-19 10:18:00,0.0006649964980738332
2018-12-19 10:21:00,-0.12543518002451037
2018-12-19 10:24:00,-0.10484380297606322
2018-12-19 10:27:00,-0.12426741547636766
2018-12-19 10:30:00,-0.23433294225583268
2018-12-19 10:33:00,-0.2295755472489418
2018-12-19 10:36:00,-0.18340993129697836
2018-12-19 10:39:00,-0.2008841765773468
2018-12-19 10:42:00,-0.09070120136885862
2018-12-19 10:45:00,-0.09908044700011942
2018-12-19 10:48:00,-0.1744346103270118
2018-12-19 10:51:00,-0.10359656989186306
2018-12-19 10:54:00,-0.1840456724881392
2018-12-19 10:57:00,-0.10664524039964363
2018-12-19 11:00:00,-0.1706147076979505
2018-12-19 11:03:00,-0.09916295618580762
2018-12-19 11:06:00,-0.15235055121053165
2018-12-19 11:09:00,-0.09456720448099531
2018-12-19 11:12:00,-0.1543210599216991
2018-12-19 11:15:00,-0.10736141818841816
2018-12-19 11:18:00,-0.18243994993059687
2018-12-19 11:21:00,-0.20446725947391542
2018-12-19 11:24:00,-0.1802799054420916
2018-12-19 11:27:00,-0.15601583260013285
2018-12-19 11:30:00,-0.22916664935792141
2018-12-19 11:33:00,-0.09815229724705432
2018-12-19 11:36:00,-0.1715954840580025
2018-12-19 11:39:00,-0.1403971284510135
2018-12-19 11:42:00,-0.28392245024696194
2018-12-19 11:45:00,-0.2230601487091235
2018-12-19 11:48:00,-0.28762761960496164
2018-12-19 11:51:00,-0.2728590508454545
2018-12-19 11:54:00,-0.33950784183593896
2018-12-19 11:57:00,-0.18108850390825637
2018-12-19 12:00:00,-0.246734463967357
2018-12-19 12:03:00,-0.24252584877729078
2018-12-19 12:06:00,-0.3269509235020678
2018-12-19 12:09:00,-0.19238371236718876
2018-12-19 12:12:00,-0.3252603962249623
2018-12-19 12:15:00,-0.18871325278735185
2018-12-19 12:18:00,-0.2529109897409967
2018-12-19 12:21:00,-0.35253571908066306
2018-12-19 12:24:00,-0.25492189230510576
2018-12-19 12:27:00,-0.3352893572053972
2018-12-19 12:30:00,-0.4078869252302866
2018-12-19 12:33:00,-0.25742198374132386
2018-12-19 12:36:00,-0.3202784030028738
2018-12-19 12:39:00,-0.18277363022082227
2018-12-19 12:42:00,-0.16304372514514398
2018-12-19 12:45:00,-0.08695303266932797
2018-12-19 12:48:00,-0.04930831430124272
2018-12-19 12:51:00,-0.17316528615390325
2018-12-19 12:54:00,-0.18898018223575264
2018-12-19 12:57:00,-0.16991575158465366
2018-12-19 13:00:00,-0.20601138174242806
2018-12-19 13:03:00,-0.13934995002955475
2018-12-19 13:06:00,-0.057261508650015
2018-12-19 13:09:00,-0.07791590397766868
2018-12-19 13:12:00,-0.12135288417778156
2018-12-19 13:15:00,-0.06459747959689821
2018-12-19 13:18:00,0.12138229204020945
2018-12-19 13:21:00,0.006230895783176038
2018-12-19 13:24:00,-0.08339248785568998
2018-12-19 13:27:00,-0.2870431973533414
2018-12-19 13:30:00,-0.262513034212418
2018-12-19 13:33:00,-0.26353901384038636
2018-12-19 13:36:00,-0.34297791720439363
2018-12-19 13:39:00,-0.2885792999349519
2018-12-19 13:42:00,-0.34964216489663613
2018-12-19 13:45:00,-0.3624578675144221
2018-12-19 13:48:00,-0.1765477338676078
2018-12-19 13:51:00,-0.28393746171184375
2018-12-19 13:54:00,-0.1890797232694581
2018-12-19 13:57:00,-0.09985358659071153
2018-12-19 14:00:00,-0.14903227522211182
2018-12-19 14:03:00,-0.19070679086291875
2018-12-19 14:06:00,-0.1501127004017917
2018-12-19 14:09:00,-0.23386988373766826
2018-12-19 14:12:00,-0.3112095242725559
2018-12-19 14:15:00,-0.4402372123234386
2018-12-19 14:18:00,-0.4057655823774553
2018-12-19 14:21:00,-0.4173832155319701
2018-12-19 14:24:00,-0.43544245802866044
2018-12-19 14:27:00,-0.3594340098240423
2018-12-19 14:30:00,-0.3959003395723357
2018-12-19 14:33:00,-0.46004040972616167
2018-12-19 14:36:00,-0.4042659335591452
2018-12-19 14:39:00,-0.409584302605424
2018-12-19 14:42:00,-0.47899597179190323
2018-12-19 14:45:00,-0.453055583271464
2018-12-19 14:48:00,-0.41996650646376565
2018-12-19 14:51:00,-0.5406086490933717
2018-12-19 14:54:00,-0.43378397502846155
2018-12-19 14:57:00,-0.4492957157142996
2018-12-19 15:00:00,-0.4476155343076016
2018-12-19 15:03:00,-0.5201739629863482
2018-12-19 15:06:00,-0.5102354201405888
2018-12-19 15:09:00,-0.41963789503995486
2018-12-19 15:12:00,-0.5207277126525014
2018-12-19 15:15:00,-0.5356505418941424
2018-12-19 15:18:00,-0.4338363384185868
2018-12-19 15:21:00,-0.4378379380950719
2018-12-19 15:24:00,-0.5023316140717498
2018-12-19 15:27:00,-0.42101249396205276
2018-12-19 15:30:00,-0.48452467747108585
2018-12-19 15:33:00,-0.41005426917149634
2018-12-19 15:36:00,-0.18552678513498222
2018-12-19 15:39:00,-0.16231052159275805
2018-12-19 15:42:00,-0.19855248801911785
2018-12-19 15:45:00,-0.259922948336623
2018-12-19 15:48:00,-0.26233763942849464
2018-12-19 15:51:00,-0.4174970077600051
2018-12-19 15:54:00,-0.4963349702188111
2018-12-19 15:57:00,-0.49306565018116544
2018-12-19 16:00:00,-0.4409863563407157
2018-12-19 16:03:00,-0.46984320676284597
2018-12-19 16:06:00,-0.5161312093532047
2018-12-19 16:09:00,-0.37960793339726706
2018-12-19 16:12:00,-0.4927131349049887
2018-12-19 16:15:00,-0.39667758578116263
2018-12-19 16:18:00,-0.43521043572155804
2018-12-19 16:21:00,-0.420258279409893
2018-12-19 16:24:00,-0.4153651772505782
2018-12-19 16:27:00,-0.46328023945034147
2018-12-19 16:30:00,-0.4209545916480124
2018-12-19 16:33:00,-0.4470204279646737
2018-12-19 16:36:00,-0.3407497702155524
2018-12-19 16:39:00,-0.4266392459534245
2018-12-19 16:42:00,-0.4964761793021921
2018-12-19 16:45:00,-0.4417198797959827
2018-12-19 16:48:00,-0.41457372593549735
2018-12-19 16:51:00,-0.371305399211451
2018-12-19 16:54:00,-0.44344939409870676
2018-12-19 16:57:00,-0.41419625712967445
2018-12-19 17:00:00,-0.3636093406879013
2018-12-19 17:03:00,-0.3443143300933684
2018-12-19 17:06:00,-0.2874255554104366
2018-12-19 17:09:00,-0.31838753481378035
2018-12-19 17:12:00,-0.409453055946301
2018-12-19 17:15:00,-0.4021642305057185
2018-12-19 17:18:00,-0.44288921537656734
2018-12-19 17:21:00,-0.3914129719715902
2018-12-19 17:24:00,-0.4514659891887618
2018-12-19 17:27:00,-0.3479845121805738
2018-12-19 17:30:00,-0.3790493965311157
2018-12-19 17:33:00,-0.3933597527800998
2018-12-19 17:36:00,-0.4037622976789521
2018-12-19 17:39:00,-0.352343253823733
2018-12-19 17:42:00,-0.4575519479046761
2018-12-19 17:45:00,-0.3324268007779665
2018-12-19 17:48:00,-0.34913787512664385
2018-12-19 17:51:00,-0.3769762135431165
2018-12-19 17:54:00,-0.4199982385425187
2018-12-19 17:57:00,-0.3293677128364152
2018-12-19 18:00:00,-0.24999390570161495
2018-12-19 18:03:00,-0.41667334256896993
2018-12-19 18:06:00,-0.3177402637560931
2018-12-19 18:09:00,-0.2819088624110009
2018-12-19 18:12:00,-0.3714484196685248
2018-12-19 18:15:00,-0.342994801217003
2018-12-19 18:18:00,-0.36867600878451867
2018-12-19 18:21:00,-0.3514035381709846
2018-12-19 18:24:00,-0.3320255348070873
2018-12-19 18:27:00,-0.2640244406518377
2018-12-19 18:30:00,-0.32990495281086396
2018-12-19 18:33:00,-0.2815588717769515
2018-12-19 18:36:00,-0.3475752437146298
2018-12-19 18:39:00,-0.24140274448791388
2018-12-19 18:42:00,-0.24636118083748215
2018-12-19 18:45:00,-0.3611976670248964
2018-12-19 18:48:00,-0.18371984905428462
2018-12-19 18:51:00,-0.23268182734045695
2018-12-19 18:54:00,
2018-12-19 18:57:00,
2018-12-19 19:00:00,
2018-12-19 19:03:00,-0.20540489462405276
2018-12-19 19:06:00,-0.24095035240367224
2018-12-19 19:09:00,-0.13982708161984192
2018-12-19 19:12:00,-0.10819951966294639
2018-12-19 19:15:00,-0.22559685330668344
2018-12-19 19:18:00,-0.2144573175842197
2018-12-19 19:21:00,-0.09149492981748608
2018-12-19 19:24:00,-0.02986518731279375
2018-12-19 19:27:00,-0.15329777655313137
2018-12-19 19:30:00,-0.0962328059708284
2018-12-19 19:33:00,-0.05662906422867309
2018-12-19 19:36:00,-0.07406252775069788
2018-12-19 19:39:00,-0.0705783168398284
2018-12-19 19:42:00,-0.04910019106409891
2018-12-19 19:45:00,-0.040306875215662785
2018-12-19 19:48:00,-0.06812437677501748
2018-12-19 19:51:00,-0.07646948242933149
2018-12-19 19:54:00,-0.0880232082683392
2018-12-19 19:57:00,-0.012762251508831923
2018-12-19 20:00:00,-0.04628995402225655
2018-12-19 20:03:00,-0.07410335107522315
2018-12-19 20:06:00,-0.11067274328814847
2018-12-19 20:09:00,-0.009857773339774667
2018-12-19 20:12:00,-0.07457031840294803
2018-12-19 20:15:00,0.02431301575757061
2018-12-19 20:18:00,-0.007361377026199989
2018-12-19 20:21:00,0.03249689114568355
2018-12-19 20:24:00,0.11416705996674636
2018-12-19 20:27:00,0.03826804325797184
2018-12-19 20:30:00,0.02702165943497903
2018-12-19 20:33:00,0.05618906599448792
2018-12-19 20:36:00,0.0033415644626870744
2018-12-19 20:39:00,0.09058814708635055
2018-12-19 20:42:00,0.16352378238963183
2018-12-19 20:45:00,0.01767698042885968
2018-12-19 20:48:00,0.09704119786255205
2018-12-19 20:51:00,0.020306565654323094
2018-12-19 20:54:00,0.07742905813671541
2018-12-19 20:57:00,0.0326313342877711
2018-12-19 21:00:00,0.050744771607980965
2018-12-19 21:03:00,0.10345390380535946
2018-12-19 21:06:00,0.11844975521620427
2018-12-19 21:09:00,0.11808309205537171
2018-12-19 21:12:00,0.1434763881683807
2018-12-19 21:15:00,0.04990500904386863
2018-12-19 21:18:00,0.14966371612888452
2018-12-19 21:21:00,0.025909561254422897
2018-12-19 21:24:00,0.11145060806330775
2018-12-19 21:27:00,0.094400557701249
2018-12-19 21:30:00,0.16379032281764694
2018-12-19 21:33:00,0.13037870033787158
2018-12-19 21:36:00,0.08145162139624063
2018-12-19 21:39:00,0.1969935861167187
2018-12-19 21:42:00,0.10065634079654728
2018-12-19 21:45:00,0.11665809918929426
2018-12-19 21:48:00,0.148974846381293
2018-12-19 21:51:00,0.08858882585570882
2018-12-19 21:54:00,0.11794772871280657
2018-12-19 21:57:00,0.10124256313457636
2018-12-19 22:00:00,0.06911813169585912
2018-12-19 22:03:00,0.17599446473633407
2018-12-19 22:06:00,0.11158115217654085
2018-12-19 22:09:00,0.09242537749696567
2018-12-19 22:12:00,0.08039756896130257
2018-12-19 22:15:00,0.08651051213632854
2018-12-19 22:18:00,0.1585896528275157
2018-12-19 22:21:00,0.1544015764295068
2018-12-19 22:24:00,0.2056393300240984
2018-12-19 22:27:00,0.13091573318700966
2018-12-19 22:30:00,0.16102426309106477
2018-12-19 22:33:00,0.163637987391553
2018-12-19 22:36:00,0.16239879256374934
2018-12-19 22:39:00,0.15969530447540592
2018-12-19 22:42:00,0.06635868522204191
2018-12-19 22:45:00,0.06525381595974977
2018-12-19 22:48:00,0.08548774893057498
2018-12-19 22:51:00,0.15331789422202746
2018-12-19 22:54:00,0.1047705241092558
2018-12-19 22:57:00,0.03411917356254435
2018-12-19 23:00:00,0.01022949694407771
2018-12-19 23:03:00,0.1300982998321274
2018-12-19 23:06:00,0.12532451907378572
2018-12-19 23:09:00,0.08762149493770721
2018-12-19 23:12:00,0.1266813115917671
2018-12-19 23:15:00,0.15018488660626872
2018-12-19 23:18:00,0.11785477259672916
2018-12-19 23:21:00,0.1038890733098583
2018-12-19 23:24:00,0.01626969553416302
2018-12-19 23:27:00,0.1609512236236128
2018-12-19 23:30:00,0.12362800592717349
2018-12-19 23:33:00,0.07569813327876318
2018-12-19 23:36:00,0.09042121457395069
2018-12-19 23:39:00,0.046176628008424814
2018-12-19 23:42:00,0.16532007343954547
2018-12-19 23:45:00,0.11720663035077905
2018-12-19 23:48:00,0.14528615593536642
2018-12-19 23:51:00,0.0647898274887666
2018-12-19 23:54:00,0.1645676180722262
2018-12-19 23:57:00,0.212389958058111
2018-12-20 00:00:00,0.18601911070703636
2018-12-20 00:03:00,0.10182307608874908
2018-12-20 00:06:00,0.13534486064423845
2018-12-20 00:09:00,0.1516920256039498
2018-12-20 00:12:00,0.1727673718000915
2018-12-20 00:15:00,0.18114940205975927
2018-12-20 00:18:00,0.10285064135467792
2018-12-20 00:21:00,0.20975874558843088
2018-12-20 00:24:00,0.1548322932782753
2018-12-20 00:27:00,0.14720299217827915
2018-12-20 00:30:00,0.1745542806908702
2018-12-20 00:33:00,0.08356424883294267
2018-12-20 00:36:00,0.15308483941430495
2018-12-20 00:39:00,0.16258845257010535
2018-12-20 00:42:00,0.2341221063429657
2018-12-20 00:45:00,0.1305863032583261
2018-12-20 00:48:00,0.16673562764191274
2018-12-20 00:51:00,0.16783747694671547
2018-12-20 00:54:00,0.15800665459158836
2018-12-20 00:57:00,0.135386391336624
2018-12-20 01:00:00,0.18513519809499712
2018-12-20 01:03:00,0.1865307009662729
2018-12-20 01:06:00,0.16632695569745692
2018-12-20 01:09:00,0.18360113008697
2018-12-20 01:12:00,0.22065714431863626
2018-12-20 01:15:00,0.1396372885262167
2018-12-20 01:18:00,0.2372629550251304
2018-12-20 01:21:00,0.1932115179183711
2018-12-20 01:24:00,0.12813054840910354
2018-12-20 01:27:00,0.15289894446908647
2018-12-20 01:30:00,0.11608146762199567
2018-12-20 01:33:00,0.22069817500801037
2018-12-20 01:36:00,0.1643795428187218
2018-12-20 01:39:00,0.223501836298567
2018-12-20 01:42:00,0.28934098567719957
2018-12-20 01:45:00,0.2724545245296781
2018-12-20 01:48:00,0.24531663775150037
2018-12-20 01:51:00,0.19076042164715545
2018-12-20 01:54:00,0.19837739226801432
2018-12-20 01:57:00,0.24383738005542455
2018-12-20 02:00:00,0.2572389648913713
2018-12-20 02:03:00,0.29435974300474754
2018-12-20 02:06:00,0.26696686694583605
2018-12-20 02:09:00,0.2849614068421147
2018-12-20 02:12:00,0.1902583516091454
2018-12-20 02:15:00,0.2246401344884248
2018-12-20 02:18:00,0.2556252837960642
2018-12-20 02:21:00,0.3049501998622759
2018-12-20 02:24:00,0.23263021286578578
2018-12-20 02:27:00,0.2902484010841704
2018-12-20 02:30:00,0.22810058078175643
2018-12-20 02:33:00,0.2752231980006741
2018-12-20 02:36:00,0.3084290870949644
2018-12-20 02:39:00,0.1922278014841936
2018-12-20 02:42:00,0.26900153454954534
2018-12-20 02:45:00,0.2117694480471073
2018-12-20 02:48:00,0.30993563048770056
2018-12-20 02:51:00,0.2833163132812615
2018-12-20 02:54:00,0.23172349240212498
2018-12-20 02:57:00,0.2328454023318045
2018-12-20 03:00:00,0.2940341852606707
2018-12-20 03:03:00,0.21848660446215717
2018-12-20 03:06:00,0.2849667215164686
2018-12-20 03:09:00,0.28198821211816494
2018-12-20 03:12:00,0.24672866819219053
2018-12-20 03:15:00,0.2127593979104745
2018-12-20 03:18:00,0.29686825455968346
2018-12-20 03:21:00,0.2576609400645111
2018-12-20 03:24:00,0.306097680528012
2018-12-20 03:27:00,0.2868504053642482
2018-12-20 03:30:00,0.23463503977762912
2018-12-20 03:33:00,0.29275845569139847
2018-12-20 03:36:00,0.2016584465508231
2018-12-20 03:39:00,0.24665507982780355
2018-12-20 03:42:00,0.2960916267859943
2018-12-20 03:45:00,0.3177681218662656
2018-12-20 03:48:00,0.2819909316106646
2018-12-20 03:51:00,0.2597230491815594
2018-12-20 03:54:00,0.29200680137273594
2018-12-20 03:57:00,0.30974562277572204
2018-12-20 04:00:00,0.23037799793945624
2018-12-20 04:03:00,0.2345068312443459
2018-12-20 04:06:00,0.26892359499095164
2018-12-20 04:09:00,0.29851678866111797
2018-12-20 04:12:00,0.3221797488922107
2018-12-20 04:15:00,0.2149065886894732
2018-12-20 04:18:00,0.2565363600245405
2018-12-20 04:21:00,0.23534193532327663
2018-12-20 04:24:00,0.259785678920764
2018-12-20 04:27:00,0.2685597954091463
2018-12-20 04:30:00,0.24936573464736966
2018-12-20 04:33:00,0.22308742887219069
2018-12-20 04:36:00,0.3557110673913826
2018-12-20 04:39:00,0.3122128778174442
2018-12-20 04:42:00,0.23217888916138918
2018-12-20 04:45:00,0.25495148297221704
2018-12-20 04:48:00,0.31459872894504315
2018-12-20 04:51:00,0.2738839443402412
2018-12-20 04:54:00,0.3400668503083466
2018-12-20 04:57:00,0.2995300965287129
2018-12-20 05:00:00,0.311479570452434
2018-12-20 05:03:00,0.35725644855511973
2018-12-20 05:06:00,0.28231968816544395
2018-12-20 05:09:00,0.30372668262992875
2018-12-20 05:12:00,0.37608382788477
2018-12-20 05:15:00,0.3955487220552527
2018-12-20 05:18:00,0.37573810034933786
2018-12-20 05:21:00,0.4668763206411768
2018-12-20 05:24:00,0.40795938057033254
2018-12-20 05:27:00,0.2948370835088099
2018-12-20 05:30:00,0.3971854011238065
2018-12-20 05:33:00,0.34450852011735833
2018-12-20 05:36:00,0.3931007353991731
2018-12-20 05:39:00,0.3330012650587264
2018-12-20 05:42:00,0.34193705570913835
2018-12-20 05:45:00,0.22420490310634023
2018-12-20 05:48:00,0.4214148115609646
2018-12-20 05:51:00,0.2819000133025611
2018-12-20 05:54:00,0.3356285336734004
2018-12-20 05:57:00,0.2886268099259155
2018-12-20 06:00:00,0.37250153869479163
2018-12-20 06:03:00,0.33709738507826614
2018-12-20 06:06:00,0.4005528521346946
2018-12-20 06:09:00,0.3199652157166497
2018-12-20 06:12:00,0.25629064586087225
2018-12-20 06:15:00,0.2748209225171081
2018-12-20 06:18:00,0.27771230947848835
2018-12-20 06:21:00,0.31245931205234
2018-12-20 06:24:00,0.3880050429530115
2018-12-20 06:27:00,0.32731328732876364
2018-12-20 06:30:00,0.324782098096307
2018-12-20 06:33:00,0.3519041804842118
2018-12-20 06:36:00,0.23973234270926014
2018-12-20 06:39:00,0.2985434254973711
2018-12-20 06:42:00,0.2699794055012035
2018-12-20 06:45:00,0.3436873570825014
2018-12-20 06:48:00,0.2730313324456688
2018-12-20 06:51:00,0.3655807835220912
2018-12-20 06:54:00,0.2657069778841219
2018-12-20 06:57:00,0.2488114975562894
2018-12-20 07:00:00,0.26810194877856475
2018-12-20 07:03:00,0.4170771831666684
2018-12-20 07:06:00,0.3014725977482158
2018-12-20 07:09:00,0.3351762483531502
2018-12-20 07:12:00,0.3190852386528604
2018-12-20 07:15:00,0.3303406522589398
2018-12-20 07:18:00,0.1936618306204423
2018-12-20 07:21:00,0.228055249317606
2018-12-20 07:24:00,0.24249489025220328
2018-12-20 07:27:00,0.2928644365284754
2018-12-20 07:30:00,0.21234327377948148
2018-12-20 07:33:00,0.18953774243686894
2018-12-20 07:36:00,0.26474612898829264
2018-12-20 07:39:00,0.12326521733916707
2018-12-20 07:42:00,0.2150552530367804
2018-12-20 07:45:00,0.295900829690936
2018-12-20 07:48:00,0.2195086136689497
2018-12-20 07:51:00,0.2471620077319585
2018-12-20 07:54:00,0.15531511217471916
2018-12-20 07:57:00,0.1704857963703148
2018-12-20 08:00:00,0.16032904638927903
2018-12-20 08:03:00,0.2312525230802862
2018-12-20 08:06:00,0.20883045662054656
2018-12-20 08:09:00,0.18476094367281348
2018-12-20 08:12:00,0.1338679884968883
2018-12-20 08:15:00,0.1940637544372521
2018-12-20 08:18:00,0.12107707912764454
2018-12-20 08:21:00,0.17504663034281975
2018-12-20 08:24:00,0.11738422936184634
2018-12-20 08:27:00,0.09773687921864394
2018-12-20 08:30:00,0.11165841566918289
2018-12-20 08:33:00,0.1586779645004981
2018-12-20 08:36:00,0.03775493523210116
2018-12-20 08:39:00,0.0723326019579531
2018-12-20 08:42:00,0.20739346498999112
2018-12-20 08:45:00,0.15641041946400946
2018-12-20 08:48:00,0.13289253521145383
2018-12-20 08:51:00,0.17213193322442066
2018-12-20 08:54:00,-0.030627650870428624
2018-12-20 08:57:00,0.08630866557138006
2018-12-20 09:00:00,0.051868336244922375
2018-12-20 09:03:00,0.04808979056087992
2018-12-20 09:06:00,-0.02872487718764205
2018-12-20 09:09:00,-0.02088598847421963
2018-12-20 09:12:00,0.07772034227826907
2018-12-20 09:15:00,0.04417051720673726
2018-12-20 09:18:00,0.008124809669084243
2018-12-20 09:21:00,0.06341476247757782
2018-12-20 09:24:00,-0.04496832622345437
2018-12-20 09:27:00,-0.007207331107849768
2018-12-20 09:30:00,-0.0726171565576692
2018-12-20 09:33:00,-0.03831563970800289
2018-12-20 09:36:00,0.02391451164805858
2018-12-20 09:39:00,-0.04506443960218576
2018-12-20 09:42:00,-0.03906704851470977
2018-12-20 09:45:00,-0.09084253203417347
2018-12-20 09:48:00,-0.011305015540699515
2018-12-20 09:51:00,-0.024494154239448562
2018-12-20 09:54:00,-0.06996989829866607
2018-12-20 09:57:00,-0.11963930414492552
2018-12-20 10:00:00,-0.07235503265781063
2018-12-20 10:03:00,0.02020678149511923
2018-12-20 10:06:00,-0.04418435244252805
2018-12-20 10:09:00,-0.04901355137877772
2018-12-20 10:12:00,-0.1081655570357043
2018-12-20 10:15:00,-0.12738326171501058
2018-12-20 10:18:00,-0.14217744574693825
2018-12-20 10:21:00,-0.07945537053257112
2018-12-20 10:24:00,-0.09793306803788937
2018-12-20 10:27:00,-0.1455642549692584
2018-12-20 10:30:00,-0.05475759956306092
2018-12-20 10:33:00,-0.10172616934147527
2018-12-20 10:36:00,-0.09889712879754597
2018-12-20 10:39:00,-0.20821204398447435
2018-12-20 10:42:00,-0.24652704736428177
2018-12-20 10:45:00,-0.20534548968674926
2018-12-20 10:48:00,-0.15171978281114207
2018-12-20 10:51:00,-0.18804002936229836
2018-12-20 10:54:00,-0.19185853965092292
2018-12-20 10:57:00,-0.2620004629345658
2018-12-20 11:00:00,-0.2625434998834635
2018-12-20 11:03:00,-0.364478054893425
2018-12-20 11:06:00,-0.3173014998982353
2018-12-20 11:09:00,-0.331394566414815
2018-12-20 11:12:00,-0.31779847535818817
2018-12-20 11:15:00,-0.2035674321933243
2018-12-20 11:18:00,-0.32299610131519785
2018-12-20 11:21:00,-0.315174610619124
2018-12-20 11:24:00,-0.30025286037249543
2018-12-20 11:27:00,-0.30285513860633273
2018-12-20 11:30:00,-0.20797796585316064
2018-12-20 11:33:00,-0.22177899889533137
2018-12-20 11:36:00,-0.25829588729408215
2018-12-20 11:39:00,-0.23982394478821334
2018-12-20 11:42:00,-0.13698497974212387
2018-12-20 11:45:00,-0.2517491064084538
2018-12-20 11:48:00,-0.1837816416183955
2018-12-20 11:51:00,-0.19555360140765288
2018-12-20 11:54:00,-0.13457787913574748
2018-12-20 11:57:00,-0.30036319334703876
2018-12-20 12:00:00,-0.32831221252104115
2018-12-20 12:03:00,-0.3206032769464855
2018-12-20 12:06:00,-0.20791214694531845
2018-12-20 12:09:00,-0.2804987987431673
2018-12-20 12:12:00,-0.2940603982203811
2018-12-20 12:15:00,-0.24111981906196434
2018-12-20 12:18:00,-0.295618770268959
2018-12-20 12:21:00,-0.22552847963254408
2018-12-20 12:24:00,-0.10773339230547663
2018-12-20 12:27:00,-0.303359465707274
2018-12-20 12:30:00,-0.341826715704201
2018-12-20 12:33:00,-0.3611799102312716
2018-12-20 12:36:00,-0.31546058407138844
2018-12-20 12:39:00,-0.39509000936692473
2018-12-20 12:42:00,-0.45209799582909227
2018-12-20 12:45:00,-0.34107487634906875
2018-12-20 12:48:00,-0.3925915011683401
2018-12-20 12:51:00,-0.28816551760525044
2018-12-20 12:54:00,-0.4095249502167917
2018-12-20 12:57:00,-0.29883172638869837
2018-12-20 13:00:00,-0.2535520893340504
2018-12-20 13:03:00,-0.3455944803442321
2018-12-20 13:06:00,-0.31828537724049966
2018-12-20 13:09:00,-0.27975141033232376
2018-12-20 13:12:00,-0.23704562370568283
2018-12-20 13:15:00,-0.17153374555203982
2018-12-20 13:18:00,-0.23278526755308349
2018-12-20 13:21:00,-0.27030508392977026
2018-12-20 13:24:00,-0.11515152203799062
2018-12-20 13:27:00,-0.1432201887102451
2018-12-20 13:30:00,-0.1111320501960904
2018-12-20 13:33:00,-0.029872618856813915
2018-12-20 13:36:00,-0.08918116865572756
2018-12-20 13:39:00,-0.09225801429391822
2018-12-20 13:42:00,-0.1279132069505522
2018-12-20 13:45:00,-0.2137206101059519
2018-12-20 13:48:00,-0.24263433437766935
2018-12-20 13:51:00,-0.1648268270104154
2018-12-20 13:54:00,-0.12463067412835471
2018-12-20 13:57:00,-0.18671448629163478
2018-12-20 14:00:00,-0.22620560908563903
2018-12-20 14:03:00,-0.11159478297054193
2018-12-20 14:06:00,-0.15920864999020523
2018-12-20 14:09:00,-0.15826850550934068
2018-12-20 14:12:00,-0.21785683898656316
2018-12-20 14:15:00,-0.18246992868245115
2018-12-20 14:18:00,-0.23464028791204328
2018-12-20 14:21:00,-0.24344256150283172
2018-12-20 14:24:00,-0.23246150107809171
2018-12-20 14:27:00,-0.30819474247408607
2018-12-20 14:30:00,-0.3166990276328647
2018-12-20 14:33:00,-0.3319483185230183
2018-12-20 14:36:00,-0.37609721092235304
2018-12-20 14:39:00,-0.3506521104566218
2018-12-20 14:42:00,-0.3419222806355151
2018-12-20 14:45:00,-0.3179598106239041
2018-12-20 14:48:00,-0.27416183239881775
2018-12-20 14:51:00,-0.30211936776163384
2018-12-20 14:54:00,-0.1814980339436829
2018-12-20 14:57:00,-0.31929950058599843
2018-12-20 15:00:00,-0.29340075921567177
2018-12-20 15:03:00,-0.27102407033532927
2018-12-20 15:06:00,-0.383278781455374
2018-12-20 15:09:00,-0.25394323967469745
2018-12-20 15:12:00,-0.332033699768715
2018-12-20 15:15:00,-0.2641897087129905
2018-12-20 15:18:00,-0.27018449720236504
2018-12-20 15:21:00,-0.18989067584766417
2018-12-20 15:24:00,-0.30580284120952683
2018-12-20 15:27:00,-0.32023019087586135
2018-12-20 15:30:00,-0.3812700558067377
2018-12-20 15:33:00,-0.34946274964642043
2018-12-20 15:36:00,-0.32850610150853754
2018-12-20 15:39:00,-0.3286467067160288
2018-12-20 15:42:00,-0.28272559405394304
2018-12-20 15:45:00,-0.3237156848437621
2018-12-20 15:48:00,-0.3880347584529318
2018-12-20 15:51:00,-0.29317088206880726
2018-12-20 15:54:00,-0.31725921713552907
2018-12-20 15:57:00,-0.2509631237090275
2018-12-20 16:00:00,-0.24897546687464
2018-12-20 16:03:00,-0.3217960003962048
2018-12-20 16:06:00,-0.26724984319412215
2018-12-20 16:09:00,-0.21214431899102237
2018-12-20 16:12:00,-0.21332328320386296
2018-12-20 16:15:00,-0.2346496759134311
2018-12-20 16:18:00,-0.25613616795448024
2018-12-20 16:21:00,-0.23164964607303773
2018-12-20 16:24:00,-0.26877716437059007
2018-12-20 16:27:00,-0.2401165520872155
2018-12-20 16:30:00,-0.2054611791198795
2018-12-20 16:33:00,-0.18760885296421748
2018-12-20 16:36:00,-0.1541623944877415
2018-12-20 16:39:00,-0.2868316168116962
2018-12-20 16:42:00,-0.19566440195467294
2018-12-20 16:45:00,-0.16275905865830964
2018-12-20 16:48:00,-0.1144137088481898
2018-12-20 16:51:00,-0.2038460115151679
2018-12-20 16:54:00,-0.14874273025361617
2018-12-20 16:57:00,-0.1489161939762198
2018-12-20 17:00:00,-0.16862490153101817
2018-12-20 17:03:00,-0.18055876478786104
2018-12-20 17:06:00,-0.15007675727042624
2018-12-20 17:09:00,-0.1500289650882678
2018-12-20 17:12:00,-0.19843589951659624
2018-12-20 17:15:00,-0.12767692994680147
2018-12-20 17:18:00,-0.015558631791748212
2018-12-20 17:21:00,-0.09348098912340674
2018-12-20 17:24:00,-0.15887065344793427
2018-12-20 17:27:00,-0.1233439269130372
2018-12-20 17:30:00,-0.14539101656492903
2018-12-20 17:33:00,-0.07343170922587205
2018-12-20 17:36:00,-0.0934271752084328
2018-12-20 17:39:00,-0.09264040777827631
2018-12-20 17:42:00,-0.1658604589947572
2018-12-20 17:45:00,-0.1637790124702292
2018-12-20 17:48:00,-0.11805744087581616
2018-12-20 17:51:00,-0.15573005315889077
2018-12-20 17:54:00,-0.040831951950565326
2018-12-20 17:57:00,-0.12538939156428341
2018-12-20 18:00:00,-0.10139759241673119
2018-12-20 18:03:00,-0.052267192149827224
2018-12-20 18:06:00,-0.00895599884722742
2018-12-20 18:09:00,-0.045461865208551444
2018-12-20 18:12:00,-0.09213329234353296
2018-12-20 18:15:00,-0.13268904372733914
2018-12-20 18:18:00,-0.018738503953215968
2018-12-20 18:21:00,-0.02557499478484715
2018-12-20 18:24:00,-0.07031173356256204
2018-12-20 18:27:00,-0.08404852168138177
2018-12-20 18:30:00,-0.04342997031704954
2018-12-20 18:33:00,-0.08602520980952022
2018-12-20 18:36:00,0.0075904929819898825
2018-12-20 18:39:00,-0.0938880557361017
2018-12-20 18:42:00,0.02930737121346283
2018-12-20 18:45:00,-0.0789433283449057
2018-12-20 18:48:00,0.051943248810005116
2018-12-20 18:51:00,-0.056328571768176516
2018-12-20 18:54:00,-0.037596348545491765
2018-12-20 18:57:00,
2018-12-20 19:00:00,
2018-12-20 19:03:00,0.06297139068095703
2018-12-20 19:06:00,-0.05813864009428471
2018-12-20 19:09:00,0.07503347065619437
2018-12-20 19:12:00,0.10508309755425671
2018-12-20 19:15:00,0.06891936679977562
2018-12-20 19:18:00,0.04607545067818819
2018-12-20 19:21:00,-0.008808584933433394
2018-12-20 19:24:00,0.0214778039840553
2018-12-20 19:27:00,0.021080101720713174
2018-12-20 19:30:00,-0.04248831367584671
2018-12-20 19:33:00,0.07958008031880581
2018-12-20 19:36:00,0.10129957511713883
2018-12-20 19:39:00,0.08927070541687954
2018-12-20 19:42:00,0.11630853363783444
2018-12-20 19:45:00,0.09601064721067587
2018-12-20 19:48:00,0.025265319719778745
2018-12-20 19:51:00,0.08544486119092198
2018-12-20 19:54:00,0.04885904053662671
2018-12-20 19:57:00,0.004349854389886332
2018-12-20 20:00:00,0.04595431148419493
2018-12-20 20:03:00,-0.010827062726946224
2018-12-20 20:06:00,0.02254086913814035
2018-12-20 20:09:00,-0.011000230102297337
2018-12-20 20:12:00,0.011587902266057881
2018-12-20 20:15:00,0.14454541395787146
2018-12-20 20:18:00,0.01061483231035254
2018-12-20 20:21:00,0.05727525970075931
2018-12-20 20:24:00,0.078377658676402
2018-12-20 20:27:00,0.1169290333493791
2018-12-20 20:30:00,0.04591381697838415
2018-12-20 20:33:00,0.1682573111290253
2018-12-20 20:36:00,0.07949500843443502
2018-12-20 20:39:00,0.03949169917234485
2018-12-20 20:42:00,0.20145171330943867
2018-12-20 20:45:00,0.1773812453473056
2018-12-20 20:48:00,0.07072270231810762
2018-12-20 20:51:00,0.07080592358931881
2018-12-20 20:54:00,0.10637763023754587
2018-12-20 20:57:00,0.11803605186577215
2018-12-20 21:00:00,0.03973481884713692
2018-12-20 21:03:00,0.051790581465013474
2018-12-20 21:06:00,-0.02694947578669371
2018-12-20 21:09:00,0.012046931967745422
2018-12-20 21:12:00,0.08478357191103214
2018-12-20 21:15:00,0.05690166328668056
2018-12-20 21:18:00,0.08486083032033775
2018-12-20 21:21:00,0.023983283007623868
2018-12-20 21:24:00,0.08596663255900694
2018-12-20 21:27:00,0.20677918398564543
2018-12-20 21:30:00,0.12991227440028297
2018-12-20 21:33:00,0.14448622856309612
2018-12-20 21:36:00,0.1182313152744996
2018-12-20 21:39:00,0.10640240247334987
2018-12-20 21:42:00,0.03848232628115511
2018-12-20 21:45:00,0.14853048586769546
2018-12-20 21:48:00,0.10166153165039304
2018-12-20 21:51:00,0.11492018454754316
2018-12-20 21:54:00,0.2050593823055351
2018-12-20 21:57:00,0.10147662834475568
2018-12-20 22:00:00,0.13080903821588663
2018-12-20 22:03:00,0.09394511927678195
2018-12-20 22:06:00,0.10963994962912693
2018-12-20 22:09:00,0.12696243765520876
2018-12-20 22:12:00,0.06110556114612109
2018-12-20 22:15:00,0.08247837258585378
2018-12-20 22:18:00,0.11214057763453411
2018-12-20 22:21:00,0.08143626104265422
2018-12-20 22:24:00,0.16998772194364165
2018-12-20 22:27:00,0.21573831002297084
2018-12-20 22:30:00,0.20878990186969304
2018-12-20 22:33:00,0.176896165696121
2018-12-20 22:36:00,0.14094807561031075
2018-12-20 22:39:00,0.2283585425311685
2018-12-20 22:42:00,0.2021550616557306
2018-12-20 22:45:00,0.19332860487537573
2018-12-20 22:48:00,0.11108403704497505
2018-12-20 22:51:00,0.07685495284141552
2018-12-20 22:54:00,0.18860293357397495
2018-12-20 22:57:00,0.1505355228543408
2018-12-20 23:00:00,0.03482219056212443
2018-12-20 23:03:00,0.11524266642010161
2018-12-20 23:06:00,0.10852649135603087
2018-12-20 23:09:00,0.11730197162285094
2018-12-20 23:12:00,0.19346513320579106
2018-12-20 23:15:00,0.14019977112241122
2018-12-20 23:18:00,0.18369754593129528
2018-12-20 23:21:00,0.04306925148432583
2018-12-20 23:24:00,0.13410788386397599
2018-12-20 23:27:00,0.06730001113021444
2018-12-20 23:30:00,0.11191063833427961
2018-12-20 23:33:00,0.06703657583449285
2018-12-20 23:36:00,0.01885290417988017
2018-12-20 23:39:00,-0.03812054974724788
2018-12-20 23:42:00,-0.004335617640379041
2018-12-20 23:45:00,0.024521117007680004
2018-12-20 23:48:00,0.030496932029109303
2018-12-20 23:51:00,0.0384549225315709
2018-12-20 23:54:00,0.08299620487252923
2018-12-20 23:57:00,0.13439703028160466
2018-12-21 00:00:00,-0.0017572908659531095
2018-12-21 00:03:00,0.07692711044802536
2018-12-21 00:06:00,0.03344333503622465
2018-12-21 00:09:00,0.14241328993409752
2018-12-21 00:12:00,0.17008170976163228
2018-12-21 00:15:00,0.15407438409783936
2018-12-21 00:18:00,0.09114414528801262
2018-12-21 00:21:00,0.09996451681161034
2018-12-21 00:24:00,0.17743255343583542
2018-12-21 00:27:00,0.20999259167160744
2018-12-21 00:30:00,0.13165362515309198
2018-12-21 00:33:00,0.24414973981760113
2018-12-21 00:36:00,0.18183639651959993
2018-12-21 00:39:00,0.16249097981750538
2018-12-21 00:42:00,0.16494202178341766
2018-12-21 00:45:00,0.20726477061634796
2018-12-21 00:48:00,0.12753400321588515
2018-12-21 00:51:00,0.1860639180267185
2018-12-21 00:54:00,0.27130220570569463
2018-12-21 00:57:00,0.27003521528132524
2018-12-21 01:00:00,0.25219047657628835
2018-12-21 01:03:00,0.128188665779021
2018-12-21 01:06:00,0.13613021219725852
2018-12-21 01:09:00,0.28813809965913606
2018-12-21 01:12:00,0.3402428369368522
2018-12-21 01:15:00,0.2678548433866581
2018-12-21 01:18:00,0.3336510603041347
2018-12-21 01:21:00,0.2497069605367983
2018-12-21 01:24:00,0.1784784160279287
2018-12-21 01:27:00,0.1815588844759759
2018-12-21 01:30:00,0.13103691136387852
2018-12-21 01:33:00,0.00912194634156549
2018-12-21 01:36:00,0.08840748071969529
2018-12-21 01:39:00,0.1510380560951603
2018-12-21 01:42:00,0.16517565587599847
2018-12-21 01:45:00,0.1636848792848582
2018-12-21 01:48:00,0.14293049009239667
2018-12-21 01:51:00,0.21495632629245165
2018-12-21 01:54:00,0.2802086514696498
2018-12-21 01:57:00,0.16826149335139462
2018-12-21 02:00:00,0.28975837757167255
2018-12-21 02:03:00,0.20173134545876792
2018-12-21 02:06:00,0.14913995187515638
2018-12-21 02:09:00,0.16703720912227027
2018-12-21 02:12:00,0.19554802566636909
2018-12-21 02:15:00,0.22220915573370803
2018-12-21 02:18:00,0.17246075672920824
2018-12-21 02:21:00,0.13543501457553475
2018-12-21 02:24:00,0.1591796960035481
2018-12-21 02:27:00,0.15484451137763244
2018-12-21 02:30:00,0.12190055382535547
2018-12-21 02:33:00,0.1725922683922363
2018-12-21 02:36:00,0.16378399941874022
2018-12-21 02:39:00,0.10802483669198182
2018-12-21 02:42:00,0.16744482298781804
2018-12-21 02:45:00,0.14665876074406015
2018-12-21 02:48:00,0.12797740972945348
2018-12-21 02:51:00,0.2307151024467089
2018-12-21 02:54:00,0.15663691675541713
2018-12-21 02:57:00,0.15480900422716104
2018-12-21 03:00:00,0.1872768601788266
2018-12-21 03:03:00,0.1384024110712403
2018-12-21 03:06:00,0.26335717583532414
2018-12-21 03:09:00,0.23021600451869517
2018-12-21 03:12:00,0.20417457538434292
2018-12-21 03:15:00,0.3229142852314908
2018-12-21 03:18:00,0.23285870508033213
2018-12-21 03:21:00,0.21479460853646515
2018-12-21 03:24:00,0.23703976773902014
2018-12-21 03:27:00,0.31714711658958095
2018-12-21 03:30:00,0.23067167813957212
2018-12-21 03:33:00,0.2643005098594813
2018-12-21 03:36:00,0.1882143492572368
2018-12-21 03:39:00,0.2730167667780279
2018-12-21 03:42:00,0.2685616922557301
2018-12-21 03:45:00,0.33936575646850997
2018-12-21 03:48:00,0.24018443146547952
2018-12-21 03:51:00,0.350065800763673
2018-12-21 03:54:00,0.20386805526993612
2018-12-21 03:57:00,0.18025584669464934
2018-12-21 04:00:00,0.27830415441104606
2018-12-21 04:03:00,0.23076772360008135
2018-12-21 04:06:00,0.20757693310389413
2018-12-21 04:09:00,0.31178611124914823
2018-12-21 04:12:00,0.22305064136827468
2018-12-21 04:15:00,0.26264971044787444
2018-12-21 04:18:00,0.2162946923800746
2018-12-21 04:21:00,0.21433497529562828
2018-12-21 04:24:00,0.25913699354089204
2018-12-21 04:27:00,0.23843853131927517
2018-12-21 04:30:00,0.17456984976689682
2018-12-21 04:33:00,0.23102971416693663
2018-12-21 04:36:00,0.3320179706699946
2018-12-21 04:39:00,0.2934944400529389
2018-12-21 04:42:00,0.19715603535104265
2018-12-21 04:45:00,0.21998750407948364
2018-12-21 04:48:00,0.287566601952733
2018-12-21 04:51:00,0.2663772597725824
2018-12-21 04:54:00,0.2579859262232276
2018-12-21 04:57:00,0.4232384085648846
2018-12-21 05:00:00,0.2498743331524338
2018-12-21 05:03:00,0.2526245956757407
2018-12-21 05:06:00,0.3509069162979017
2018-12-21 05:09:00,0.21013477552872928
2018-12-21 05:12:00,0.2836082453322888
2018-12-21 05:15:00,0.21273180235414202
2018-12-21 05:18:00,0.29194696825709343
2018-12-21 05:21:00,0.29457094809396267
2018-12-21 05:24:00,0.3456939685299858
2018-12-21 05:27:00,0.30847362946315116
2018-12-21 05:30:00,0.2649398953298032
2018-12-21 05:33:00,0.2651782593976577
2018-12-21 05:36:00,0.2770706781802801
2018-12-21 05:39:00,0.274246112444132
2018-12-21 05:42:00,0.29534123243547583
2018-12-21 05:45:00,0.2994814158239478
2018-12-21 05:48:00,0.285237388889243
2018-12-21 05:51:00,0.22042189371330778
2018-12-21 05:54:00,0.30728857190609915
2018-12-21 05:57:00,0.26741629550929247
2018-12-21 06:00:00,0.2218157651126944
2018-12-21 06:03:00,0.3055772846017817
2018-12-21 06:06:00,0.28166094524789287
2018-12-21 06:09:00,0.3104835787974025
2018-12-21 06:12:00,0.3711085800755427
2018-12-21 06:15:00,0.22936405854562736
2018-12-21 06:18:00,0.2929992231858023
2018-12-21 06:21:00,0.36689318636211965
2018-12-21 06:24:00,0.23072575127781647
2018-12-21 06:27:00,0.23262731029723227
2018-12-21 06:30:00,0.22971199685559895
2018-12-21 06:33:00,0.33161837721337406
2018-12-21 06:36:00,0.34015023953645596
2018-12-21 06:39:00,0.3675105014547171
2018-12-21 06:42:00,0.2502895519071444
2018-12-21 06:45:00,0.3346487170909427
2018-12-21 06:48:00,0.3057930832582656
2018-12-21 06:51:00,0.27746127668461895
2018-12-21 06:54:00,0.310253182697636
2018-12-21 06:57:00,0.34199749012583425
2018-12-21 07:00:00,0.2771249226044006
2018-12-21 07:03:00,0.2530121031721819
2018-12-21 07:06:00,0.34434934169661346
2018-12-21 07:09:00,0.3895111702093459
2018-12-21 07:12:00,0.274267142694157
2018-12-21 07:15:00,0.2944292860894393
2018-12-21 07:18:00,0.30039120358662785
2018-12-21 07:21:00,0.2285295839821515
2018-12-21 07:24:00,0.2565746499049055
2018-12-21 07:27:00,0.24318305850943034
2018-12-21 07:30:00,0.3172093749375904
2018-12-21 07:33:00,0.3148849843593098
2018-12-21 07:36:00,0.33861642026369054
2018-12-21 07:39:00,0.3386232597683829
2018-12-21 07:42:00,0.29126354257687126
2018-12-21 07:45:00,0.1943999316465579
2018-12-21 07:48:00,0.24006244644743902
2018-12-21 07:51:00,0.13358477364198507
2018-12-21 07:54:00,0.18317899049259267
2018-12-21 07:57:00,0.2994247709028741
2018-12-21 08:00:00,0.23886671576900653
2018-12-21 08:03:00,0.2124792329173033
2018-12-21 08:06:00,0.2120677664912023
2018-12-21 08:09:00,0.17728036003228453
2018-12-21 08:12:00,0.27052697012913995
2018-12-21 08:15:00,0.27436172591291097
2018-12-21 08:18:00,0.21686940865379256
2018-12-21 08:21:00,0.28443252489427095
2018-12-21 08:24:00,0.32861517864205325
2018-12-21 08:27:00,0.28338321268944355
2018-12-21 08:30:00,0.24287942708929222
2018-12-21 08:33:00,0.2045335799718373
2018-12-21 08:36:00,0.2201883223364689
2018-12-21 08:39:00,0.24810079726557888
2018-12-21 08:42:00,0.21315627300157303
2018-12-21 08:45:00,0.28731809178788126
2018-12-21 08:48:00,0.25383802277156065
2018-12-21 08:51:00,0.1933864142183097
2018-12-21 08:54:00,0.26778357484931803
2018-12-21 08:57:00,0.2068783138884669
2018-12-21 09:00:00,0.24902379141411757
2018-12-21 09:03:00,0.1925790625062973
2018-12-21 09:06:00,0.20103837815713632
2018-12-21 09:09:00,0.17820278870095763
2018-12-21 09:12:00,0.1880959385878782
2018-12-21 09:15:00,0.10645165074083707
2018-12-21 09:18:00,0.2613404557811805
2018-12-21 09:21:00,0.19555009122029787
2018-12-21 09:24:00,0.05757983968339886
2018-12-21 09:27:00,0.1095650803922581
2018-12-21 09:30:00,0.03064885113820992
2018-12-21 09:33:00,0.18551201457518118
2018-12-21 09:36:00,0.1460623022601908
2018-12-21 09:39:00,0.06632306340162586
2018-12-21 09:42:00,0.031766273040773285
2018-12-21 09:45:00,0.13647348643996793
2018-12-21 09:48:00,0.05460578731072019
2018-12-21 09:51:00,-0.013645693076114185
2018-12-21 09:54:00,0.07177767219133102
2018-12-21 09:57:00,0.0047721653460257585
2018-12-21 10:00:00,0.032808708362040306
2018-12-21 10:03:00,0.026846129645093697
2018-12-21 10:06:00,-0.030295611141980316
2018-12-21 10:09:00,-0.03148553836103929
2018-12-21 10:12:00,-0.0512002741288029
2018-12-21 10:15:00,-0.030342465276476105
2018-12-21 10:18:00,0.008793149791131327
2018-12-21 10:21:00,-0.08507563468657509
2018-12-21 10:24:00,-0.09408707554456441
2018-12-21 10:27:00,0.05895745808521724
2018-12-21 10:30:00,0.030573300614776144
2018-12-21 10:33:00,0.03295757340089267
2018-12-21 10:36:00,0.03964681346570842
2018-12-21 10:39:00,-0.04099932057204114
2018-12-21 10:42:00,-0.1306280637954842
2018-12-21 10:45:00,-0.04763981584449084
2018-12-21 10:48:00,-0.06819226256072852
2018-12-21 10:51:00,-0.08592612636687136
2018-12-21 10:54:00,-0.09620327712281096
2018-12-21 10:57:00,-0.13465093833741548
2018-12-21 11:00:00,-0.11967094556587199
2018-12-21 11:03:00,-0.17095375547421554
2018-12-21 11:06:00,-0.12592333237728326
2018-12-21 11:09:00,-0.06498099443132332
2018-12-21 11:12:00,0.003233422886751214
2018-12-21 11:15:00,-0.06655414503325119
2018-12-21 11:18:00,-0.13264832405837979
2018-12-21 11:21:00,-0.2276235355219569
2018-12-21 11:24:00,-0.19754172577057716
2018-12-21 11:27:00,-0.2304134883170832
2018-12-21 11:30:00,-0.228144110324763
2018-12-21 11:33:00,-0.19024948779326678
2018-12-21 11:36:00,-0.10033229368951879
2018-12-21 11:39:00,-0.14184234348743985
2018-12-21 11:42:00,-0.13316137782851456
2018-12-21 11:45:00,-0.1400200812952903
2018-12-21 11:48:00,-0.2204465212310538
2018-12-21 11:51:00,-0.13191997532948108
2018-12-21 11:54:00,-0.09408989274498936
2018-12-21 11:57:00,-0.24951062428613113
2018-12-21 12:00:00,-0.1616071577189473
2018-12-21 12:03:00,-0.1764479233995644
2018-12-21 12:06:00,-0.1622072692691745
2018-12-21 12:09:00,-0.19889795364360907
2018-12-21 12:12:00,-0.19349270742799263
2018-12-21 12:15:00,-0.2810943354299411
2018-12-21 12:18:00,-0.27831994819570127
2018-12-21 12:21:00,-0.2491349983927762
2018-12-21 12:24:00,-0.23865733071011164
2018-12-21 12:27:00,-0.17288467496138082
2018-12-21 12:30:00,-0.24066566910926213
2018-12-21 12:33:00,-0.17334745779299965
2018-12-21 12:36:00,-0.30500798912277105
2018-12-21 12:39:00,-0.18817258177898566
2018-12-21 12:42:00,-0.24874511486467554
2018-12-21 12:45:00,-0.17943381542295356
2018-12-21 12:48:00,-0.23866222055079334
2018-12-21 12:51:00,-0.24355830833150094
2018-12-21 12:54:00,-0.2741440012886187
2018-12-21 12:57:00,-0.30145988139065594
2018-12-21 13:00:00,-0.13647352852251515
2018-12-21 13:03:00,-0.28633963289058784
2018-12-21 13:06:00,-0.3208124593493835
2018-12-21 13:09:00,-0.27660950859331024
2018-12-21 13:12:00,-0.2252876841027387
2018-12-21 13:15:00,-0.261793576252046
2018-12-21 13:18:00,-0.3049080341662602
2018-12-21 13:21:00,-0.2794219796156199
2018-12-21 13:24:00,-0.18100501396281743
2018-12-21 13:27:00,-0.11809101949427259
2018-12-21 13:30:00,-0.12851018420496985
2018-12-21 13:33:00,-0.16727712842231313
2018-12-21 13:36:00,-0.2857557225026426
2018-12-21 13:39:00,-0.13519232259079672
2018-12-21 13:42:00,-0.45704995112760116
2018-12-21 13:45:00,-0.35826845278955943
2018-12-21 13:48:00,-0.261440576743837
2018-12-21 13:51:00,-0.32802724198126043
2018-12-21 13:54:00,-0.2645313429902103
2018-12-21 13:57:00,-0.21877178008054443
2018-12-21 14:00:00,-0.1294328565591627
2018-12-21 14:03:00,-0.03969788661760276
2018-12-21 14:06:00,-0.09992385339683096
2018-12-21 14:09:00,-0.2191049084469796
2018-12-21 14:12:00,0.02372899605876455
2018-12-21 14:15:00,-0.1364269281911561
2018-12-21 14:18:00,-0.19156093494746074
2018-12-21 14:21:00,-0.29612930025871265
2018-12-21 14:24:00,-0.19388052448721282
2018-12-21 14:27:00,-0.307561687098314
2018-12-21 14:30:00,-0.3684074447720036
2018-12-21 14:33:00,-0.36106868511404855
2018-12-21 14:36:00,-0.396735557160639
2018-12-21 14:39:00,-0.36983465716633646
2018-12-21 14:42:00,-0.41488325219285116
2018-12-21 14:45:00,-0.32195426539681193
2018-12-21 14:48:00,-0.3290016888279297
2018-12-21 14:51:00,-0.29785725854429757
2018-12-21 14:54:00,-0.45170430040820975
2018-12-21 14:57:00,-0.29803574567017677
2018-12-21 15:00:00,-0.3385908564246165
2018-12-21 15:03:00,-0.21329399671384408
2018-12-21 15:06:00,-0.1722701908232125
2018-12-21 15:09:00,-0.14141080625745417
2018-12-21 15:12:00,-0.08433926794202762
2018-12-21 15:15:00,-0.15304952426038199
2018-12-21 15:18:00,-0.05981612989228324
2018-12-21 15:21:00,-0.18895027784179774
2018-12-21 15:24:00,-0.05079876155690499
2018-12-21 15:27:00,0.009241267335426073
2018-12-21 15:30:00,0.1816565325685815
2018-12-21 15:33:00,0.06946110570129349
2018-12-21 15:36:00,0.054943290258108846
2018-12-21 15:39:00,0.2041510326270668
2018-12-21 15:42:00,0.14911579297546496
2018-12-21 15:45:00,0.09045671980601355
2018-12-21 15:48:00,0.08830701879423941
2018-12-21 15:51:00,0.019087916643343306
2018-12-21 15:54:00,0.1100990898697205
2018-12-21 15:57:00,0.21969361834936763
2018-12-21 16:00:00,0.11799228523193506
2018-12-21 16:03:00,0.0002235076954093529
2018-12-21 16:06:00,-0.031244904471066093
2018-12-21 16:09:00,0.11819128314368754
2018-12-21 16:12:00,-0.027492349980093422
2018-12-21 16:15:00,-0.11803616982939502
2018-12-21 16:18:00,-0.02983458748610701
2018-12-21 16:21:00,-0.08184833130371771
2018-12-21 16:24:00,-0.17841793529538563
2018-12-21 16:27:00,-0.10866469582083482
2018-12-21 16:30:00,-0.09287435914114894
2018-12-21 16:33:00,-0.1662295715632922
2018-12-21 16:36:00,-0.15574229061161304
2018-12-21 16:39:00,-0.04984710051559205
2018-12-21 16:42:00,-0.13492498485589977
2018-12-21 16:45:00,-0.13714631327309235
2018-12-21 16:48:00,-0.12430741444012483
2018-12-21 16:51:00,-0.11085400517305288
2018-12-21 16:54:00,-0.1624027081276722
2018-12-21 16:57:00,-0.07184283623138299
2018-12-21 17:00:00,-0.17158785938988785
2018-12-21 17:03:00,-0.1382667996199416
2018-12-21 17:06:00,-0.1928690949955012
2018-12-21 17:09:00,-0.04552821358157644
2018-12-21 17:12:00,-0.024955929805855703
2018-12-21 17:15:00,-0.14228662940377035
2018-12-21 17:18:00,-0.15813733812814235
2018-12-21 17:21:00,-0.21031261915328514
2018-12-21 17:24:00,-0.09028764795993993
2018-12-21 17:27:00,-0.1541876712285557
2018-12-21 17:30:00,-0.106401989355561
2018-12-21 17:33:00,-0.19100466282981188
2018-12-21 17:36:00,-0.07288630507486005
2018-12-21 17:39:00,-0.18884352170368857
2018-12-21 17:42:00,-0.1540813130050651
2018-12-21 17:45:00,-0.07280919216572102
2018-12-21 17:48:00,-0.025806702438444518
2018-12-21 17:51:00,-0.042462145452930145
2018-12-21 17:54:00,-0.009106419523732256
2018-12-21 17:57:00,-0.029216279990578187
2018-12-21 18:00:00,-0.07957432180063506
2018-12-21 18:03:00,-0.019191426020086055
2018-12-21 18:06:00,-0.042915386799165844
2018-12-21 18:09:00,0.04456650936975848
2018-12-21 18:12:00,-0.08367307160864357
2018-12-21 18:15:00,-0.09883522830773472
2018-12-21 18:18:00,0.03335696092131002
2018-12-21 18:21:00,-0.004677047100528853
2018-12-21 18:24:00,-0.14950269617952472
2018-12-21 18:27:00,-0.04986239962209993
2018-12-21 18:30:00,0.026718114529671766
2018-12-21 18:33:00,-0.03664932575770763
2018-12-21 18:36:00,-0.03691120351703603
2018-12-21 18:39:00,-0.037570874029370316
2018-12-21 18:42:00,0.05157854184551525
2018-12-21 18:45:00,-0.012375501782685205
2018-12-21 18:48:00,0.0590312848675012
2018-12-21 18:51:00,-0.004069702435401723
2018-12-21 18:54:00,
2018-12-21 18:57:00,
2018-12-21 19:00:00,
2018-12-21 19:03:00,0.05218683998839424
2018-12-21 19:06:00,0.10958704642098382
2018-12-21 19:09:00,0.10229151152896065
2018-12-21 19:12:00,0.04820061970320921
2018-12-21 19:15:00,0.06654849748275637
2018-12-21 19:18:00,-0.0025245784861454013
2018-12-21 19:21:00,-0.00714555160772079
2018-12-21 19:24:00,0.08633114529817476
2018-12-21 19:27:00,0.04451485270237754
2018-12-21 19:30:00,0.0575859760737103
2018-12-21 19:33:00,0.08666593209647999
2018-12-21 19:36:00,0.04177788866422816
2018-12-21 19:39:00,0.09142301606436831
2018-12-21 19:42:00,0.1638937359191459
2018-12-21 19:45:00,0.12948616954253112
2018-12-21 19:48:00,0.07797419065536815
2018-12-21 19:51:00,0.11622987163019616
2018-12-21 19:54:00,0.05292647034326592
2018-12-21 19:57:00,0.01316027514610596
2018-12-21 20:00:00,0.12195236361299067
2018-12-21 20:03:00,0.029756838060109203
2018-12-21 20:06:00,0.1649177691616046
2018-12-21 20:09:00,0.11982479478120922
2018-12-21 20:12:00,0.09730180949549094
2018-12-21 20:15:00,0.05577977799038081
2018-12-21 20:18:00,0.10836913277000804
2018-12-21 20:21:00,0.13217434714999854
2018-12-21 20:24:00,0.10470467963722285
2018-12-21 20:27:00,0.1593629261822116
2018-12-21 20:30:00,0.04857250433309446
2018-12-21 20:33:00,0.10070850626016181
2018-12-21 20:36:00,0.06334662311377315
2018-12-21 20:39:00,0.1520324533212829
2018-12-21 20:42:00,0.18121370635969924
2018-12-21 20:45:00,0.2192890406229253
2018-12-21 20:48:00,0.04392985234539992
2018-12-21 20:51:00,0.12292364048494164
2018-12-21 20:54:00,0.11433288735167935
2018-12-21 20:57:00,0.14869424403832454
2018-12-21 21:00:00,0.07407817879050071
2018-12-21 21:03:00,0.04668789563407927
2018-12-21 21:06:00,0.1307762103474488
2018-12-21 21:09:00,0.11336445889935476
2018-12-21 21:12:00,0.12467264740098472
2018-12-21 21:15:00,0.09793561162740616
2018-12-21 21:18:00,0.10712157171417402
2018-12-21 21:21:00,0.09464770657928057
2018-12-21 21:24:00,0.10586746976105132
2018-12-21 21:27:00,0.11930681979453084
2018-12-21 21:30:00,0.016089028287922247
2018-12-21 21:33:00,0.023709756386324443
2018-12-21 21:36:00,0.16915804189778783
2018-12-21 21:39:00,0.09296081686329671
2018-12-21 21:42:00,0.07475809516256504
2018-12-21 21:45:00,0.14744892405082055
2018-12-21 21:48:00,0.12461688361838696
2018-12-21 21:51:00,0.13621642422009472
2018-12-21 21:54:00,0.16359770358900505
2018-12-21 21:57:00,0.16067547260479387
2018-12-21 22:00:00,0.2611682385189056
2018-12-21 22:03:00,0.16172611665302838
2018-12-21 22:06:00,0.16632721268678097
2018-12-21 22:09:00,0.05855634427638279
2018-12-21 22:12:00,0.14015421159137986
2018-12-21 22:15:00,0.15682197336928994
2018-12-21 22:18:00,0.10504655988222567
2018-12-21 22:21:00,0.17542184426071117
2018-12-21 22:24:00,0.24086289050427467
2018-12-21 22:27:00,0.14562824127688145
2018-12-21 22:30:00,0.23028643303655372
2018-12-21 22:33:00,0.06499788440152088
2018-12-21 22:36:00,0.1754510052456908
2018-12-21 22:39:00,0.15088877640886267
2018-12-21 22:42:00,0.18011388489355795
2018-12-21 22:45:00,0.17564820751505295
2018-12-21 22:48:00,0.1508905814417858
2018-12-21 22:51:00,0.219568985860235
2018-12-21 22:54:00,0.18654328166257983
2018-12-21 22:57:00,0.20533564811222504
2018-12-21 23:00:00,0.2231476566927313
2018-12-21 23:03:00,0.15723310797380918
2018-12-21 23:06:00,0.13495548427323456
2018-12-21 23:09:00,0.27175372235274153
2018-12-21 23:12:00,0.141766266391528
2018-12-21 23:15:00,0.21924641183096583
2018-12-21 23:18:00,0.23434110035123012
2018-12-21 23:21:00,0.2018750160546574
2018-12-21 23:24:00,0.19090591436668092
2018-12-21 23:27:00,0.20151935731814774
2018-12-21 23:30:00,0.14056823935743523
2018-12-21 23:33:00,0.21513599528122995
2018-12-21 23:36:00,0.2212221753533754
2018-12-21 23:39:00,0.2739989683253725
2018-12-21 23:42:00,0.15410293200164915
2018-12-21 23:45:00,0.16295207903817754
2018-12-21 23:48:00,0.34090399399997295
2018-12-21 23:51:00,0.2727200429978325
2018-12-21 23:54:00,0.20706114880101723
2018-12-21 23:57:00,0.2621184199572326
2018-12-22 00:00:00,0.23911999037665055
2018-12-22 00:03:00,0.2640835231110259
2018-12-22 00:06:00,0.26255610094341364
2018-12-22 00:09:00,0.381854505061483
2018-12-22 00:12:00,0.29740104590672445
2018-12-22 00:15:00,0.34336382398191745
2018-12-22 00:18:00,0.34068810337060995
2018-12-22 00:21:00,0.19849670910366513
2018-12-22 00:24:00,0.2930539336000493
2018-12-22 00:27:00,0.2511758612282051
2018-12-22 00:30:00,0.30241260774977263
2018-12-22 00:33:00,0.3788606647335655
2018-12-22 00:36:00,0.281407906903155
2018-12-22 00:39:00,0.2273368166081582
2018-12-22 00:42:00,0.27855277382570875
2018-12-22 00:45:00,0.21253552792751407
2018-12-22 00:48:00,0.30639701324963653
2018-12-22 00:51:00,0.25084644662001665
2018-12-22 00:54:00,0.28199083579266926
2018-12-22 00:57:00,0.24645156401476243
2018-12-22 01:00:00,0.29201497482290506
2018-12-22 01:03:00,0.3916007067985561
2018-12-22 01:06:00,0.30019771818871277
2018-12-22 01:09:00,0.29696615898484424
2018-12-22 01:12:00,0.4029034084857699
2018-12-22 01:15:00,0.31752253076075476
2018-12-22 01:18:00,0.3870840357103589
2018-12-22 01:21:00,0.3184297491935695
2018-12-22 01:24:00,0.365481534871833
2018-12-22 01:27:00,0.4783650129851367
2018-12-22 01:30:00,0.376354647849098
2018-12-22 01:33:00,0.2513389692475698
2018-12-22 01:36:00,0.3592731452732778
2018-12-22 01:39:00,0.3661939363117881
2018-12-22 01:42:00,0.38848990396354566
2018-12-22 01:45:00,0.3860615268796437
2018-12-22 01:48:00,0.40456788580411285
2018-12-22 01:51:00,0.37842750778975187
2018-12-22 01:54:00,0.3219288451352327
2018-12-22 01:57:00,0.23429848503212725
2018-12-22 02:00:00,0.22871908432358623
2018-12-22 02:03:00,0.3646460329351271
2018-12-22 02:06:00,0.3154457065949714
2018-12-22 02:09:00,0.36233432274553934
2018-12-22 02:12:00,0.2632348602701313
2018-12-22 02:15:00,0.3049648499478508
2018-12-22 02:18:00,0.29489521720341827
2018-12-22 02:21:00,0.29144739751967563
2018-12-22 02:24:00,0.24091851603986925
2018-12-22 02:27:00,0.3400696240975094
2018-12-22 02:30:00,0.3256705195835252
2018-12-22 02:33:00,0.27752397684554353
2018-12-22 02:36:00,0.34023481728405613
2018-12-22 02:39:00,0.24044499955283527
2018-12-22 02:42:00,0.24122411498535712
2018-12-22 02:45:00,0.277374486376857
2018-12-22 02:48:00,0.3095891056703408
2018-12-22 02:51:00,0.20815485402380318
2018-12-22 02:54:00,0.3313963110505256
2018-12-22 02:57:00,0.35311587371114683
2018-12-22 03:00:00,0.23142081403352677
2018-12-22 03:03:00,0.35896102654299966
2018-12-22 03:06:00,0.36968917485990005
2018-12-22 03:09:00,0.3246447811486064
2018-12-22 03:12:00,0.30234422119804094
2018-12-22 03:15:00,0.2923525218796499
2018-12-22 03:18:00,0.3045247632869632
2018-12-22 03:21:00,0.38803401159117357
2018-12-22 03:24:00,0.2548125056389381
2018-12-22 03:27:00,0.2529804300527303
2018-12-22 03:30:00,0.2718352257814445
2018-12-22 03:33:00,0.3328358330871879
2018-12-22 03:36:00,0.28402714904621007
2018-12-22 03:39:00,0.260072298378077
2018-12-22 03:42:00,0.28485553059596214
2018-12-22 03:45:00,0.22698345286721633
2018-12-22 03:48:00,0.2587037751291632
2018-12-22 03:51:00,0.2990601638277326
2018-12-22 03:54:00,0.2923014910144275
2018-12-22 03:57:00,0.3817697395746791
2018-12-22 04:00:00,0.3343439305639322
2018-12-22 04:03:00,0.33606359433861144
2018-12-22 04:06:00,0.33402973367174127
2018-12-22 04:09:00,0.376964112609528
2018-12-22 04:12:00,0.20087453880040584
2018-12-22 04:15:00,0.3260191450568186
2018-12-22 04:18:00,0.35193283226266203
2018-12-22 04:21:00,0.36090189932087924
2018-12-22 04:24:00,0.34430644634255714
2018-12-22 04:27:00,0.3759759076944533
2018-12-22 04:30:00,0.3213060451237766
2018-12-22 04:33:00,0.3132415567777116
2018-12-22 04:36:00,0.34401855156602323
2018-12-22 04:39:00,0.27931793630506263
2018-12-22 04:42:00,0.28314584675877086
2018-12-22 04:45:00,0.348397716753027
2018-12-22 04:48:00,0.28473134427486
2018-12-22 04:51:00,0.3761800095023773
2018-12-22 04:54:00,0.27141066118355184
2018-12-22 04:57:00,0.33995051635497475
2018-12-22 05:00:00,0.32701153601232136
2018-12-22 05:03:00,0.29293867270831697
2018-12-22 05:06:00,0.2893518908501278
2018-12-22 05:09:00,0.39962433116608054
2018-12-22 05:12:00,0.34882078500828584
2018-12-22 05:15:00,0.2640618508829675
2018-12-22 05:18:00,0.334851612773889
2018-12-22 05:21:00,0.25915149405028615
2018-12-22 05:24:00,0.3001725552882135
2018-12-22 05:27:00,0.3687946550019774
2018-12-22 05:30:00,0.26931657214259985
2018-12-22 05:33:00,0.3491294999067236
2018-12-22 05:36:00,0.33031505605686107
2018-12-22 05:39:00,0.2951976646901926
2018-12-22 05:42:00,0.3155604527022433
2018-12-22 05:45:00,0.3253136612932508
2018-12-22 05:48:00,0.27897359273907796
2018-12-22 05:51:00,0.3266637729076365
2018-12-22 05:54:00,0.3495908070211158
2018-12-22 05:57:00,0.3444260982321339
2018-12-22 06:00:00,0.34363383360857824
2018-12-22 06:03:00,0.30275219390034636
2018-12-22 06:06:00,0.27985358565200613
2018-12-22 06:09:00,0.34296340224489086
2018-12-22 06:12:00,0.3064161881171117
2018-12-22 06:15:00,0.30434213937599
2018-12-22 06:18:00,0.33489765907216906
2018-12-22 06:21:00,0.29856631025717206
2018-12-22 06:24:00,0.23798721425947633
2018-12-22 06:27:00,0.3742565208704036
2018-12-22 06:30:00,0.36884627885018517
2018-12-22 06:33:00,0.33230354201549517
2018-12-22 06:36:00,0.30579079409613996
2018-12-22 06:39:00,0.36613007368612216
2018-12-22 06:42:00,0.3897721202094431
2018-12-22 06:45:00,0.309023987905789
2018-12-22 06:48:00,0.3403253740532932
2018-12-22 06:51:00,0.33166190982564103
2018-12-22 06:54:00,0.38829405701329733
2018-12-22 06:57:00,0.3107910611821012
2018-12-22 07:00:00,0.31134011211139523
2018-12-22 07:03:00,0.2908351579239934
2018-12-22 07:06:00,0.275693558288026
2018-12-22 07:09:00,0.36844948950260914
2018-12-22 07:12:00,0.3485468525195756
2018-12-22 07:15:00,0.3997570605946521
2018-12-22 07:18:00,0.29924244898955976
2018-12-22 07:21:00,0.32948557743077345
2018-12-22 07:24:00,0.32369352807256746
2018-12-22 07:27:00,0.3034734689766765
2018-12-22 07:30:00,0.36074084200197376
2018-12-22 07:33:00,0.269328891163525
2018-12-22 07:36:00,0.3427236188308598
2018-12-22 07:39:00,0.3074643993139148
2018-12-22 07:42:00,0.38414913859213584
2018-12-22 07:45:00,0.32994421819921627
2018-12-22 07:48:00,0.3316930459853893
2018-12-22 07:51:00,0.2523408209440845
2018-12-22 07:54:00,0.32644627849214203
2018-12-22 07:57:00,0.33480621741932737
2018-12-22 08:00:00,0.22258976680404885
2018-12-22 08:03:00,0.29975437367659197
2018-12-22 08:06:00,0.21717415295483988
2018-12-22 08:09:00,0.2824466804590884
2018-12-22 08:12:00,0.19498436050378132
2018-12-22 08:15:00,0.24563800224041188
2018-12-22 08:18:00,0.27060672073935166
2018-12-22 08:21:00,0.28228522363087905
2018-12-22 08:24:00,0.25210929081697486
2018-12-22 08:27:00,0.3120430902407634
2018-12-22 08:30:00,0.2481222013838078
2018-12-22 08:33:00,0.22058519518583353
2018-12-22 08:36:00,0.25927778123224243
2018-12-22 08:39:00,0.24311616594036423
2018-12-22 08:42:00,0.17456150663775816
2018-12-22 08:45:00,0.2306570666549419
2018-12-22 08:48:00,0.19150981919165133
2018-12-22 08:51:00,0.16600931059633695
2018-12-22 08:54:00,0.1829419305880151
2018-12-22 08:57:00,0.20633263605543561
2018-12-22 09:00:00,0.275609191700255
2018-12-22 09:03:00,0.1849075485412186
2018-12-22 09:06:00,0.18237124235110969
2018-12-22 09:09:00,0.15920051907284005
2018-12-22 09:12:00,0.1806708964905397
2018-12-22 09:15:00,0.10348313674700194
2018-12-22 09:18:00,-0.004447301348648125
2018-12-22 09:21:00,0.09427893326301273
2018-12-22 09:24:00,0.1864061093311875
2018-12-22 09:27:00,0.19101803390185523
2018-12-22 09:30:00,0.2515429706456871
2018-12-22 09:33:00,0.15421614782337656
2018-12-22 09:36:00,0.13381522038895355
2018-12-22 09:39:00,0.09341298195920444
2018-12-22 09:42:00,0.13162255538935597
2018-12-22 09:45:00,0.16485095648431525
2018-12-22 09:48:00,0.1397609367959376
2018-12-22 09:51:00,0.2080254942495685
2018-12-22 09:54:00,0.1176190371714938
2018-12-22 09:57:00,0.10556309231844807
2018-12-22 10:00:00,0.05723057906283202
2018-12-22 10:03:00,0.05044918214116478
2018-12-22 10:06:00,0.10893850606032629
2018-12-22 10:09:00,0.10010854867744001
2018-12-22 10:12:00,0.06993732628615135
2018-12-22 10:15:00,0.10999106760931454
2018-12-22 10:18:00,0.2620258225882708
2018-12-22 10:21:00,0.15789362594131262
2018-12-22 10:24:00,0.14962200522307967
2018-12-22 10:27:00,0.13419498037393396
2018-12-22 10:30:00,0.15252406255842743
2018-12-22 10:33:00,0.1564454419558956
2018-12-22 10:36:00,0.21802177298525294
2018-12-22 10:39:00,0.13430740446125355
2018-12-22 10:42:00,0.25018885814688474
2018-12-22 10:45:00,0.23537049316263392
2018-12-22 10:48:00,0.09637922778262009
2018-12-22 10:51:00,0.09195911850980565
2018-12-22 10:54:00,0.18144486940161642
2018-12-22 10:57:00,0.10124107321144038
2018-12-22 11:00:00,0.21168813666491815
2018-12-22 11:03:00,0.19186485607605164
2018-12-22 11:06:00,0.3107288852418151
2018-12-22 11:09:00,0.31327087899319395
2018-12-22 11:12:00,0.2750725447972968
2018-12-22 11:15:00,0.19469959991158703
2018-12-22 11:18:00,0.20339993605739437
2018-12-22 11:21:00,0.35920008514960955
2018-12-22 11:24:00,0.2514646200631887
2018-12-22 11:27:00,0.21101660781658893
2018-12-22 11:30:00,0.270078653588655
2018-12-22 11:33:00,0.22380383718541452
2018-12-22 11:36:00,0.19994830373713057
2018-12-22 11:39:00,0.1500231707652233
2018-12-22 11:42:00,0.3062595129216561
2018-12-22 11:45:00,0.20349271389835621
2018-12-22 11:48:00,0.1931021256899612
2018-12-22 11:51:00,0.21012754223534102
2018-12-22 11:54:00,0.2606926171127384
2018-12-22 11:57:00,0.2913809231364439
2018-12-22 12:00:00,0.20301805223056135
2018-12-22 12:03:00,0.25899306722487836
2018-12-22 12:06:00,0.20741896776036128
2018-12-22 12:09:00,0.19937538325785908
2018-12-22 12:12:00,0.21014221059613192
2018-12-22 12:15:00,0.1447981228967592
2018-12-22 12:18:00,0.17952020878260555
2018-12-22 12:21:00,0.14514925517329402
2018-12-22 12:24:00,0.2122247158850996
2018-12-22 12:27:00,0.26020850460577094
2018-12-22 12:30:00,0.1975244139878214
2018-12-22 12:33:00,0.2621099982379178
2018-12-22 12:36:00,0.31777809729908313
2018-12-22 12:39:00,0.25499118159575573
2018-12-22 12:42:00,0.26664752027465966
2018-12-22 12:45:00,0.17358334405344067
2018-12-22 12:48:00,0.18492770441372386
2018-12-22 12:51:00,0.10784551258581132
2018-12-22 12:54:00,0.13257757677200743
2018-12-22 12:57:00,0.15305044505373644
2018-12-22 13:00:00,0.1847671357225522
2018-12-22 13:03:00,0.12154346733564125
2018-12-22 13:06:00,0.12478920077984412
2018-12-22 13:09:00,0.25159565227357916
2018-12-22 13:12:00,0.14348183270783466
2018-12-22 13:15:00,0.10112809719402094
2018-12-22 13:18:00,0.1352304332320955
2018-12-22 13:21:00,0.08972412323203116
2018-12-22 13:24:00,0.001915687244036235
2018-12-22 13:27:00,0.01941886783066593
2018-12-22 13:30:00,-0.03714839491846078
2018-12-22 13:33:00,0.032022703662391905
2018-12-22 13:36:00,0.05463770142375779
2018-12-22 13:39:00,-0.029706838867014085
2018-12-22 13:42:00,0.03422438347104162
2018-12-22 13:45:00,-0.0874205824868568
2018-12-22 13:48:00,0.034155938326932755
2018-12-22 13:51:00,-0.07514390318414144
2018-12-22 13:54:00,0.07693328399068378
2018-12-22 13:57:00,-0.0051875246259101004
2018-12-22 14:00:00,-0.053513100623035825
2018-12-22 14:03:00,-0.04778104569828656
2018-12-22 14:06:00,-0.16055903434141783
2018-12-22 14:09:00,0.005187367855739922
2018-12-22 14:12:00,-0.08445642146563159
2018-12-22 14:15:00,-0.020464447837355237
2018-12-22 14:18:00,-0.05160938395209769
2018-12-22 14:21:00,-0.021420332977072576
2018-12-22 14:24:00,-0.042832608935782446
2018-12-22 14:27:00,-0.11829192176281822
2018-12-22 14:30:00,-0.0815077768016863
2018-12-22 14:33:00,-0.05159253388995921
2018-12-22 14:36:00,-0.10509099789533138
2018-12-22 14:39:00,0.06170699528922796
2018-12-22 14:42:00,-0.10585234256285503
2018-12-22 14:45:00,-0.0603100936010037
2018-12-22 14:48:00,-0.003960052861771146
2018-12-22 14:51:00,-0.05909760027947186
2018-12-22 14:54:00,-0.054889207924532
2018-12-22 14:57:00,-0.10329398361704989
2018-12-22 15:00:00,-0.12942786939629514
2018-12-22 15:03:00,-0.20569492501169861
2018-12-22 15:06:00,-0.13089040200702584
2018-12-22 15:09:00,-0.1707256805467523
2018-12-22 15:12:00,-0.23663243544575607
2018-12-22 15:15:00,-0.19586726801674104
2018-12-22 15:18:00,-0.1515662886297946
2018-12-22 15:21:00,-0.14999066887577328
2018-12-22 15:24:00,-0.1745231631910542
2018-12-22 15:27:00,-0.1303957781045142
2018-12-22 15:30:00,-0.14041174919111654
2018-12-22 15:33:00,-0.1286204131867521
2018-12-22 15:36:00,-0.11859843068856435
2018-12-22 15:39:00,-0.21093921245773117
2018-12-22 15:42:00,-0.138900425101383
2018-12-22 15:45:00,-0.14539185247031128
2018-12-22 15:48:00,-0.2343024578043469
2018-12-22 15:51:00,-0.1972882509263627
2018-12-22 15:54:00,-0.12817563758733286
2018-12-22 15:57:00,-0.1063380344225493
2018-12-22 16:00:00,-0.16732490467558137
2018-12-22 16:03:00,-0.1387702569591056
2018-12-22 16:06:00,-0.16983373473414076
2018-12-22 16:09:00,-0.1958154711047655
2018-12-22 16:12:00,-0.23219457583678604
2018-12-22 16:15:00,-0.24354218583505371
2018-12-22 16:18:00,-0.18946079449733588
2018-12-22 16:21:00,-0.31375453325171065
2018-12-22 16:24:00,-0.2728312926064973
2018-12-22 16:27:00,-0.21507746090946966
2018-12-22 16:30:00,-0.20732660858112695
2018-12-22 16:33:00,-0.310029038828759
2018-12-22 16:36:00,-0.19212305481659087
2018-12-22 16:39:00,-0.2626937994685363
2018-12-22 16:42:00,-0.1421828452093905
2018-12-22 16:45:00,-0.23431014580205556
2018-12-22 16:48:00,-0.17900695887169604
2018-12-22 16:51:00,-0.18898259470836365
2018-12-22 16:54:00,-0.17971825189289348
2018-12-22 16:57:00,-0.16240380896067563
2018-12-22 17:00:00,-0.1479764053603958
2018-12-22 17:03:00,-0.052702893584353205
2018-12-22 17:06:00,-0.139730427047823
2018-12-22 17:09:00,-0.17379702222166316
2018-12-22 17:12:00,-0.1265724736060747
2018-12-22 17:15:00,-0.13957144871699256
2018-12-22 17:18:00,-0.10946351114841946
2018-12-22 17:21:00,-0.07197892752986945
2018-12-22 17:24:00,-0.0590183163693041
2018-12-22 17:27:00,-0.13055458371974282
2018-12-22 17:30:00,-0.13869465056086483
2018-12-22 17:33:00,-0.11995276054364012
2018-12-22 17:36:00,-0.06750348610756873
2018-12-22 17:39:00,-0.06861672677212027
2018-12-22 17:42:00,-0.05997262636742562
2018-12-22 17:45:00,-0.10310596904838576
2018-12-22 17:48:00,-0.08001790000247411
2018-12-22 17:51:00,-0.0854187646937703
2018-12-22 17:54:00,-0.08369816935368135
2018-12-22 17:57:00,-0.11526805100743331
2018-12-22 18:00:00,-0.05202619491353744
2018-12-22 18:03:00,-0.07463719158204185
2018-12-22 18:06:00,-0.14122432570832189
2018-12-22 18:09:00,0.015692446472201027
2018-12-22 18:12:00,-0.04748282265057924
2018-12-22 18:15:00,0.012724048965878865
2018-12-22 18:18:00,0.023698665811082265
2018-12-22 18:21:00,0.039021358087097724
2018-12-22 18:24:00,0.034680519464473036
2018-12-22 18:27:00,0.13394053938299066
2018-12-22 18:30:00,0.13324609650766206
2018-12-22 18:33:00,0.13222314961734583
2018-12-22 18:36:00,0.14517155259602532
2018-12-22 18:39:00,0.02662472193406984
2018-12-22 18:42:00,0.10422270814819967
2018-12-22 18:45:00,0.10216832095051132
2018-12-22 18:48:00,0.13765437455737128
2018-12-22 18:51:00,0.10798370817082059
2018-12-22 18:54:00,0.16799383566996084
2018-12-22 18:57:00,
2018-12-22 19:00:00,
2018-12-22 19:03:00,0.24213025793017096
2018-12-22 19:06:00,0.20087984625052968
2018-12-22 19:09:00,0.17624442182261646
2018-12-22 19:12:00,0.1740390619769414
2018-12-22 19:15:00,0.18840544419191474
2018-12-22 19:18:00,0.20389376798834746
2018-12-22 19:21:00,0.2584262722188555
2018-12-22 19:24:00,0.1280570432843433
2018-12-22 19:27:00,0.34646324916263893
2018-12-22 19:30:00,0.20004268892830623
2018-12-22 19:33:00,0.2657611526394703
2018-12-22 19:36:00,0.13633375789720503
2018-12-22 19:39:00,0.24854771050689806
2018-12-22 19:42:00,0.2246800814431822
2018-12-22 19:45:00,0.12623344710448237
2018-12-22 19:48:00,0.23858300786361042
2018-12-22 19:51:00,0.2504799066059604
2018-12-22 19:54:00,0.16840119102067774
2018-12-22 19:57:00,0.25083809614380925
2018-12-22 20:00:00,0.2546477211644742
2018-12-22 20:03:00,0.318447243212745
2018-12-22 20:06:00,0.22506183804290458
2018-12-22 20:09:00,0.29672189916112757
2018-12-22 20:12:00,0.23296242795709077
2018-12-22 20:15:00,0.18151649398743075
2018-12-22 20:18:00,0.2749284214636418
2018-12-22 20:21:00,0.31859978396903443
2018-12-22 20:24:00,0.32367425143957007
2018-12-22 20:27:00,0.2895522039017919
2018-12-22 20:30:00,0.26791812801127435
2018-12-22 20:33:00,0.22653012606502898
2018-12-22 20:36:00,0.32165722425435206
2018-12-22 20:39:00,0.23186109288479884
2018-12-22 20:42:00,0.2228037337134765
2018-12-22 20:45:00,0.160246134213196
2018-12-22 20:48:00,0.24082253711702606
2018-12-22 20:51:00,0.2794925976743343
2018-12-22 20:54:00,0.18943861938811324
2018-12-22 20:57:00,0.3805126112378048
2018-12-22 21:00:00,0.2738818451342695
2018-12-22 21:03:00,0.1654968494283935
2018-12-22 21:06:00,0.22108056897639017
2018-12-22 21:09:00,0.24046050576617972
2018-12-22 21:12:00,0.14951638464037842
2018-12-22 21:15:00,0.2631495792128362
2018-12-22 21:18:00,0.2467460690555754
2018-12-22 21:21:00,0.2369152679964941
2018-12-22 21:24:00,0.2509847521538404
2018-12-22 21:27:00,0.21655223644768284
2018-12-22 21:30:00,0.31284712223640554
2018-12-22 21:33:00,0.20970403118724334
2018-12-22 21:36:00,0.26459465677578464
2018-12-22 21:39:00,0.36674476778262033
2018-12-22 21:42:00,0.22632897445879507
2018-12-22 21:45:00,0.27994338096459614
2018-12-22 21:48:00,0.3208164733004537
2018-12-22 21:51:00,0.31578636290470286
2018-12-22 21:54:00,0.26709182136721665
2018-12-22 21:57:00,0.2117143520659397
2018-12-22 22:00:00,0.3081427180627543
2018-12-22 22:03:00,0.3100701024977184
2018-12-22 22:06:00,0.38552879974872667
2018-12-22 22:09:00,0.2662817552157435
2018-12-22 22:12:00,0.181198938000648
2018-12-22 22:15:00,0.2352879686523579
2018-12-22 22:18:00,0.3070809803688803
2018-12-22 22:21:00,0.22604279247292425
2018-12-22 22:24:00,0.18460316098111207
2018-12-22 22:27:00,0.2760844214223539
2018-12-22 22:30:00,0.3102518995318633
2018-12-22 22:33:00,0.24502738876486774
2018-12-22 22:36:00,0.3618183721089281
2018-12-22 22:39:00,0.22828760794345726
2018-12-22 22:42:00,0.2457675791401357
2018-12-22 22:45:00,0.23294853251661607
2018-12-22 22:48:00,0.15628646371220611
2018-12-22 22:51:00,0.23256011387826447
2018-12-22 22:54:00,0.22128299607055624
2018-12-22 22:57:00,0.26581281903554554
2018-12-22 23:00:00,0.3191960982101705
2018-12-22 23:03:00,0.21494954313720882
2018-12-22 23:06:00,0.3238517881882217
2018-12-22 23:09:00,0.22162852719185366
2018-12-22 23:12:00,0.26680118822002896
2018-12-22 23:15:00,0.17761542428490884
2018-12-22 23:18:00,0.33649288534132893
2018-12-22 23:21:00,0.3155308419160292
2018-12-22 23:24:00,0.4006579569949622
2018-12-22 23:27:00,0.260432917578612
2018-12-22 23:30:00,0.29995631816836976
2018-12-22 23:33:00,0.2526695880390548
2018-12-22 23:36:00,0.3082558365615
2018-12-22 23:39:00,0.3161461233281102
2018-12-22 23:42:00,0.33245510766442976
2018-12-22 23:45:00,0.38038105456314497
2018-12-22 23:48:00,0.331196500568808
2018-12-22 23:51:00,0.31053511780942245
2018-12-22 23:54:00,0.33087267529890596
2018-12-22 23:57:00,0.41223896109369207
2018-12-23 00:00:00,0.3241543763250547
2018-12-23 00:03:00,0.3851122714382882
2018-12-23 00:06:00,0.26778207470027837
2018-12-23 00:09:00,0.3174545039886425
2018-12-23 00:12:00,0.32236263651475383
2018-12-23 00:15:00,0.37583702043139056
2018-12-23 00:18:00,0.3660947678118873
2018-12-23 00:21:00,0.3450314108848147
2018-12-23 00:24:00,0.3246327522340948
2018-12-23 00:27:00,0.30058420239799943
2018-12-23 00:30:00,0.24459620643852986
2018-12-23 00:33:00,0.33742504160369435
2018-12-23 00:36:00,0.31584493369831534
2018-12-23 00:39:00,0.33794363512362224
2018-12-23 00:42:00,0.39135082040155567
2018-12-23 00:45:00,0.33328696318761786
2018-12-23 00:48:00,0.3575843476473324
2018-12-23 00:51:00,0.36750989958397895
2018-12-23 00:54:00,0.3461000349274741
2018-12-23 00:57:00,0.35326025791545135
2018-12-23 01:00:00,0.36234975185999474
2018-12-23 01:03:00,0.36525846864458344
2018-12-23 01:06:00,0.3813720290020228
2018-12-23 01:09:00,0.40255537323974977
2018-12-23 01:12:00,0.3521287791504051
2018-12-23 01:15:00,0.3564357720884459
2018-12-23 01:18:00,0.40511891490928065
2018-12-23 01:21:00,0.3461311718266984
2018-12-23 01:24:00,0.32345817308021196
2018-12-23 01:27:00,0.3638721604624493
2018-12-23 01:30:00,0.342083245448066
2018-12-23 01:33:00,0.30682748049798647
2018-12-23 01:36:00,0.3592051623985526
2018-12-23 01:39:00,0.38153059859081395
2018-12-23 01:42:00,0.44365208143403834
2018-12-23 01:45:00,0.30193178565150447
2018-12-23 01:48:00,0.3932455120292957
2018-12-23 01:51:00,0.260530160774465
2018-12-23 01:54:00,0.32813445106063455
2018-12-23 01:57:00,0.3772816310041094
2018-12-23 02:00:00,0.403954030575278
2018-12-23 02:03:00,0.3843972490541887
2018-12-23 02:06:00,0.3954083893533493
2018-12-23 02:09:00,0.3296810594517865
2018-12-23 02:12:00,0.2473118777808736
2018-12-23 02:15:00,0.3684741756679273
2018-12-23 02:18:00,0.3427797420353613
2018-12-23 02:21:00,0.39470677806690446
2018-12-23 02:24:00,0.38803091546162705
2018-12-23 02:27:00,0.3549089128604237
2018-12-23 02:30:00,0.4298498164561124
2018-12-23 02:33:00,0.3994659796361475
2018-12-23 02:36:00,0.31025332900969715
2018-12-23 02:39:00,0.3586305313472735
2018-12-23 02:42:00,0.3679951632541929
2018-12-23 02:45:00,0.39364958222097357
2018-12-23 02:48:00,0.37480332405033323
2018-12-23 02:51:00,0.39380344879123186
2018-12-23 02:54:00,0.39148054720317305
2018-12-23 02:57:00,0.37807675063737634
2018-12-23 03:00:00,0.41907031332556244
2018-12-23 03:03:00,0.3686180083239492
2018-12-23 03:06:00,0.4360573204630782
2018-12-23 03:09:00,0.43219492664735526
2018-12-23 03:12:00,0.4221119618005673
2018-12-23 03:15:00,0.5322145326615555
2018-12-23 03:18:00,0.44275745181960247
2018-12-23 03:21:00,0.4142126078769479
2018-12-23 03:24:00,0.438081069227394
2018-12-23 03:27:00,0.39681330293626615
2018-12-23 03:30:00,0.4143558850707336
2018-12-23 03:33:00,0.3540705522592589
2018-12-23 03:36:00,0.3681191203430103
2018-12-23 03:39:00,0.44069361527095907
2018-12-23 03:42:00,0.5302884169556705
2018-12-23 03:45:00,0.45003092772321907
2018-12-23 03:48:00,0.31947554813677925
2018-12-23 03:51:00,0.5020128255198983
2018-12-23 03:54:00,0.46651348295665684
2018-12-23 03:57:00,0.48256146786650334
2018-12-23 04:00:00,0.46950563555094504
2018-12-23 04:03:00,0.44733981992482086
2018-12-23 04:06:00,0.3911909558250386
2018-12-23 04:09:00,0.3902060702685617
2018-12-23 04:12:00,0.4171786502887471
2018-12-23 04:15:00,0.4091956178416467
2018-12-23 04:18:00,0.34633974500445674
2018-12-23 04:21:00,0.37119619021643757
2018-12-23 04:24:00,0.4053302819751252
2018-12-23 04:27:00,0.30685761130195033
2018-12-23 04:30:00,0.35025375869912523
2018-12-23 04:33:00,0.42601622277715023
2018-12-23 04:36:00,0.38905244547549955
2018-12-23 04:39:00,0.40211056136593015
2018-12-23 04:42:00,0.38915608815585756
2018-12-23 04:45:00,0.364791100525963
2018-12-23 04:48:00,0.3556227775432603
2018-12-23 04:51:00,0.40493116915973815
2018-12-23 04:54:00,0.30086616571594504
2018-12-23 04:57:00,0.3453330547746418
2018-12-23 05:00:00,0.34706980765952267
2018-12-23 05:03:00,0.4096912219218325
2018-12-23 05:06:00,0.3776097687963329
2018-12-23 05:09:00,0.36881554175289466
2018-12-23 05:12:00,0.38615710369293765
2018-12-23 05:15:00,0.3596633811616812
2018-12-23 05:18:00,0.33202985889408865
2018-12-23 05:21:00,0.435430929966401
2018-12-23 05:24:00,0.49204211381965024
2018-12-23 05:27:00,0.46148781212292533
2018-12-23 05:30:00,0.36623048263510327
2018-12-23 05:33:00,0.41113340581074453
2018-12-23 05:36:00,0.4454126090365662
2018-12-23 05:39:00,0.3581133576616935
2018-12-23 05:42:00,0.35658034382049664
2018-12-23 05:45:00,0.388737715117486
2018-12-23 05:48:00,0.44381760171683027
2018-12-23 05:51:00,0.3654162893643047
2018-12-23 05:54:00,0.4193650627198622
2018-12-23 05:57:00,0.45047553467594526
2018-12-23 06:00:00,0.41333832786261837
2018-12-23 06:03:00,0.4780083665407915
2018-12-23 06:06:00,0.4742599564738157
2018-12-23 06:09:00,0.4761435960336371
2018-12-23 06:12:00,0.39869244555728756
2018-12-23 06:15:00,0.3173543205189162
2018-12-23 06:18:00,0.4033842479681766
2018-12-23 06:21:00,0.4776108827794019
2018-12-23 06:24:00,0.4132116995355659
2018-12-23 06:27:00,0.44184196196124503
2018-12-23 06:30:00,0.44897043181629215
2018-12-23 06:33:00,0.5175323618631182
2018-12-23 06:36:00,0.4570314344746862
2018-12-23 06:39:00,0.4365368104473646
2018-12-23 06:42:00,0.46010482203575975
2018-12-23 06:45:00,0.4604961290015126
2018-12-23 06:48:00,0.4804886729855298
2018-12-23 06:51:00,0.466413936544086
2018-12-23 06:54:00,0.3487233954942326
2018-12-23 06:57:00,0.5180007896701682
2018-12-23 07:00:00,0.5856667702815344
2018-12-23 07:03:00,0.4462760360731295
2018-12-23 07:06:00,0.46815561176629217
2018-12-23 07:09:00,0.5027411794832801
2018-12-23 07:12:00,0.4771889168191592
2018-12-23 07:15:00,0.42623976163628186
2018-12-23 07:18:00,0.477247661339959
2018-12-23 07:21:00,0.5005677116212155
2018-12-23 07:24:00,0.3981653115366157
2018-12-23 07:27:00,0.38061103155342835
2018-12-23 07:30:00,0.42840647806337984
2018-12-23 07:33:00,0.37308553076132966
2018-12-23 07:36:00,0.36488036971019255
2018-12-23 07:39:00,0.46651237192156714
2018-12-23 07:42:00,0.3170971319332807
2018-12-23 07:45:00,0.4603306128108784
2018-12-23 07:48:00,0.4717326965275106
2018-12-23 07:51:00,0.36093413188535806
2018-12-23 07:54:00,0.27380988975465925
2018-12-23 07:57:00,0.36212824289088985
2018-12-23 08:00:00,0.45820322177695516
2018-12-23 08:03:00,0.34160171350703195
2018-12-23 08:06:00,0.34834591867729614
2018-12-23 08:09:00,0.23858002570540293
2018-12-23 08:12:00,0.3454863998090332
2018-12-23 08:15:00,0.30185448790649616
2018-12-23 08:18:00,0.3130689650121212
2018-12-23 08:21:00,0.24776739878694798
2018-12-23 08:24:00,0.26081171915143386
2018-12-23 08:27:00,0.22293230393285057
2018-12-23 08:30:00,0.24974682398249115
2018-12-23 08:33:00,0.19527573774536222
2018-12-23 08:36:00,0.2880737357068597
2018-12-23 08:39:00,0.25485848356919405
2018-12-23 08:42:00,0.3249591267530718
2018-12-23 08:45:00,0.24128822671127637
2018-12-23 08:48:00,0.18937019236784636
2018-12-23 08:51:00,0.23261696363312012
2018-12-23 08:54:00,0.16995370275753885
2018-12-23 08:57:00,0.10086559618918045
2018-12-23 09:00:00,0.22986253569763448
2018-12-23 09:03:00,0.19642563376436328
2018-12-23 09:06:00,0.14710528200100725
2018-12-23 09:09:00,0.14819825358591743
2018-12-23 09:12:00,0.09727217053432469
2018-12-23 09:15:00,0.1735263968922709
2018-12-23 09:18:00,0.08870469349642462
2018-12-23 09:21:00,0.054315057248061294
2018-12-23 09:24:00,0.099865293804271
2018-12-23 09:27:00,0.12775907801795938
2018-12-23 09:30:00,-0.03229039733582795
2018-12-23 09:33:00,-0.006312394203689564
2018-12-23 09:36:00,0.033901279986821464
2018-12-23 09:39:00,-0.01952291502738035
2018-12-23 09:42:00,-0.04463909602964122
2018-12-23 09:45:00,-0.1372476283527817
2018-12-23 09:48:00,0.022608783853684145
2018-12-23 09:51:00,-0.1086495294866836
2018-12-23 09:54:00,0.0002443433670578088
2018-12-23 09:57:00,0.004597421886671782
2018-12-23 10:00:00,-0.029706896202526423
2018-12-23 10:03:00,-0.11811313768572518
2018-12-23 10:06:00,-0.12465560172086043
2018-12-23 10:09:00,-0.10715784538717799
2018-12-23 10:12:00,-0.06093464647028668
2018-12-23 10:15:00,-0.16071682658355257
2018-12-23 10:18:00,-0.0706408811338406
2018-12-23 10:21:00,-0.16120528496855968
2018-12-23 10:24:00,-0.0740235172002599
2018-12-23 10:27:00,-0.10846060179488859
2018-12-23 10:30:00,0.0011346245065055882
2018-12-23 10:33:00,-0.028053606011098964
2018-12-23 10:36:00,-0.16980029420994924
2018-12-23 10:39:00,-0.13868701053411314
2018-12-23 10:42:00,-0.1601896982132871
2018-12-23 10:45:00,-0.20047707219856647
2018-12-23 10:48:00,-0.08905630585616109
2018-12-23 10:51:00,-0.13485364772520825
2018-12-23 10:54:00,-0.12897844165547667
2018-12-23 10:57:00,-0.13998163983603717
2018-12-23 11:00:00,-0.1692289328406673
2018-12-23 11:03:00,-0.1837007941373372
2018-12-23 11:06:00,-0.0763295493107421
2018-12-23 11:09:00,-0.13064246710035832
2018-12-23 11:12:00,-0.114608923026708
2018-12-23 11:15:00,-0.12205676577565328
2018-12-23 11:18:00,-0.3092281588947685
2018-12-23 11:21:00,-0.16186081547783715
2018-12-23 11:24:00,-0.3136579666816033
2018-12-23 11:27:00,-0.1672048463604483
2018-12-23 11:30:00,-0.1658640947572394
2018-12-23 11:33:00,-0.24336270761313017
2018-12-23 11:36:00,-0.18648150491111437
2018-12-23 11:39:00,-0.16819806586983077
2018-12-23 11:42:00,-0.12810373721498536
2018-12-23 11:45:00,-0.1341571777095396
2018-12-23 11:48:00,-0.2016740266250281
2018-12-23 11:51:00,-0.1820430553400456
2018-12-23 11:54:00,-0.15639957771810487
2018-12-23 11:57:00,-0.21257274313177277
2018-12-23 12:00:00,-0.1511548172672974
2018-12-23 12:03:00,-0.13562450162976347
2018-12-23 12:06:00,-0.21195011661848184
2018-12-23 12:09:00,-0.16957646431239937
2018-12-23 12:12:00,-0.21333552457906535
2018-12-23 12:15:00,-0.2516915088990572
2018-12-23 12:18:00,-0.14769176364882242
2018-12-23 12:21:00,-0.15293690363307633
2018-12-23 12:24:00,-0.18608178748183946
2018-12-23 12:27:00,-0.2512849388581344
2018-12-23 12:30:00,-0.10869261639646766
2018-12-23 12:33:00,-0.23861804690415056
2018-12-23 12:36:00,-0.1748598192073132
2018-12-23 12:39:00,-0.22345074560695366
2018-12-23 12:42:00,-0.27788710751315193
2018-12-23 12:45:00,-0.2681759042583849
2018-12-23 12:48:00,-0.2858202207810905
2018-12-23 12:51:00,-0.2210721492675134
2018-12-23 12:54:00,-0.30357749050210714
2018-12-23 12:57:00,-0.23513696884049295
2018-12-23 13:00:00,-0.3252270471123211
2018-12-23 13:03:00,-0.35972714919705595
2018-12-23 13:06:00,-0.2818715510384777
2018-12-23 13:09:00,-0.31450066783554576
2018-12-23 13:12:00,-0.24976641782558318
2018-12-23 13:15:00,-0.2522885231132932
2018-12-23 13:18:00,-0.2863968504520358
2018-12-23 13:21:00,-0.24351691158682343
2018-12-23 13:24:00,-0.37249405283358783
2018-12-23 13:27:00,-0.2959728689027088
2018-12-23 13:30:00,-0.278532227274809
2018-12-23 13:33:00,-0.2910084951279259
2018-12-23 13:36:00,-0.31969025496931636
2018-12-23 13:39:00,-0.28134556655498955
2018-12-23 13:42:00,-0.29331161504461534
2018-12-23 13:45:00,-0.327936248459082
2018-12-23 13:48:00,-0.31400934321681007
2018-12-23 13:51:00,-0.3799087879489207
2018-12-23 13:54:00,-0.34024356979386994
2018-12-23 13:57:00,-0.3309389758761654
2018-12-23 14:00:00,-0.2935349408181196
2018-12-23 14:03:00,-0.36332247368915205
2018-12-23 14:06:00,-0.3261777233234966
2018-12-23 14:09:00,-0.2628273325240116
2018-12-23 14:12:00,-0.3295282261217949
2018-12-23 14:15:00,-0.12887113241026782
2018-12-23 14:18:00,-0.3299176515635054
2018-12-23 14:21:00,-0.3175845978345819
2018-12-23 14:24:00,-0.2997722227198665
2018-12-23 14:27:00,-0.29940553379935864
2018-12-23 14:30:00,-0.32086632235427714
2018-12-23 14:33:00,-0.3484824641235491
2018-12-23 14:36:00,-0.3329686578042015
2018-12-23 14:39:00,-0.44471985357836274
2018-12-23 14:42:00,-0.3399476249478539
2018-12-23 14:45:00,-0.31795674079222636
2018-12-23 14:48:00,-0.34803881711241047
2018-12-23 14:51:00,-0.4683175646894142
2018-12-23 14:54:00,-0.2822503534293901
2018-12-23 14:57:00,-0.3200923844575527
2018-12-23 15:00:00,-0.2839426120621624
2018-12-23 15:03:00,-0.3595138229459849
2018-12-23 15:06:00,-0.32698459151868065
2018-12-23 15:09:00,-0.2516435745953345
2018-12-23 15:12:00,-0.3057708477187475
2018-12-23 15:15:00,-0.2483921220987213
2018-12-23 15:18:00,-0.3094207750491478
2018-12-23 15:21:00,-0.2536095933185152
2018-12-23 15:24:00,-0.35901116052997395
2018-12-23 15:27:00,-0.3198196542604137
2018-12-23 15:30:00,-0.3405616059727663
2018-12-23 15:33:00,-0.3482775162928533
2018-12-23 15:36:00,-0.3314800336530084
2018-12-23 15:39:00,-0.24505024756018656
2018-12-23 15:42:00,-0.3172159803692125
2018-12-23 15:45:00,-0.37638988362948567
2018-12-23 15:48:00,-0.3276959373711179
2018-12-23 15:51:00,-0.2685660013382858
2018-12-23 15:54:00,-0.32184222744615454
2018-12-23 15:57:00,-0.21711773226718378
2018-12-23 16:00:00,-0.2808114824916288
2018-12-23 16:03:00,-0.2489835064677095
2018-12-23 16:06:00,-0.29749378868456233
2018-12-23 16:09:00,-0.31670158590679875
2018-12-23 16:12:00,-0.30070557337029413
2018-12-23 16:15:00,-0.2670246493684658
2018-12-23 16:18:00,-0.13124679472838352
2018-12-23 16:21:00,-0.3366900767266543
2018-12-23 16:24:00,-0.3921312061510207
2018-12-23 16:27:00,-0.28986395465614123
2018-12-23 16:30:00,-0.3542102586359306
2018-12-23 16:33:00,-0.3355361871091418
2018-12-23 16:36:00,-0.3121066574925635
2018-12-23 16:39:00,-0.2727780452025854
2018-12-23 16:42:00,-0.2559640029062962
2018-12-23 16:45:00,-0.2371008220186468
2018-12-23 16:48:00,-0.2796965189618845
2018-12-23 16:51:00,-0.30257206383964785
2018-12-23 16:54:00,-0.2390569034475334
2018-12-23 16:57:00,-0.20122957234576688
2018-12-23 17:00:00,-0.2205175263314345
2018-12-23 17:03:00,-0.3173678378014415
2018-12-23 17:06:00,-0.2231534975610998
2018-12-23 17:09:00,-0.30138855574170975
2018-12-23 17:12:00,-0.3245522795095894
2018-12-23 17:15:00,-0.23770530607731644
2018-12-23 17:18:00,-0.21615685783541494
2018-12-23 17:21:00,-0.2661485323680495
2018-12-23 17:24:00,-0.2890403799542014
2018-12-23 17:27:00,-0.1703372525923328
2018-12-23 17:30:00,-0.18477985867946245
2018-12-23 17:33:00,-0.1936766830561396
2018-12-23 17:36:00,-0.2085448274834789
2018-12-23 17:39:00,-0.1889153634209606
2018-12-23 17:42:00,-0.17790954378648394
2018-12-23 17:45:00,-0.2920070075165313
2018-12-23 17:48:00,-0.3010908690349652
2018-12-23 17:51:00,-0.14438394142138122
2018-12-23 17:54:00,-0.26904852058208917
2018-12-23 17:57:00,-0.03545930493493188
2018-12-23 18:00:00,-0.1445602340604637
2018-12-23 18:03:00,-0.21618837437108596
2018-12-23 18:06:00,-0.2683897025338524
2018-12-23 18:09:00,-0.010182067611992807
2018-12-23 18:12:00,-0.05770528129238528
2018-12-23 18:15:00,-0.06240466160699043
2018-12-23 18:18:00,-0.04932876332992464
2018-12-23 18:21:00,-0.14110362652240838
2018-12-23 18:24:00,-0.056980521809293805
2018-12-23 18:27:00,-0.16105315988386337
2018-12-23 18:30:00,-0.15127309001269396
2018-12-23 18:33:00,-0.11881670180832771
2018-12-23 18:36:00,-0.036902120351101075
2018-12-23 18:39:00,-0.04419581799197658
2018-12-23 18:42:00,-0.04473128914889912
2018-12-23 18:45:00,-0.022357020885749535
2018-12-23 18:48:00,-0.16259309228053098
2018-12-23 18:51:00,-0.06633226176194285
2018-12-23 18:54:00,
2018-12-23 18:57:00,
2018-12-23 19:00:00,
2018-12-23 19:03:00,0.02595971512369033
2018-12-23 19:06:00,-0.12834302272602827
2018-12-23 19:09:00,-0.04678205470997909
2018-12-23 19:12:00,-0.09835430852865557
2018-12-23 19:15:00,-0.018078746903711362
2018-12-23 19:18:00,-0.0721929809603239
2018-12-23 19:21:00,-0.014499520846300129
2018-12-23 19:24:00,-0.0373322774631788
2018-12-23 19:27:00,-0.054818127483201806
2018-12-23 19:30:00,0.0639863133787344
2018-12-23 19:33:00,0.09442581652717763
2018-12-23 19:36:00,-0.03181127131267658
2018-12-23 19:39:00,0.0176452800548077
2018-12-23 19:42:00,0.03569016585680629
2018-12-23 19:45:00,-0.00843180563401802
2018-12-23 19:48:00,-0.0012824663842820883
2018-12-23 19:51:00,0.09436691040673395
2018-12-23 19:54:00,-0.07817764850386766
2018-12-23 19:57:00,0.08838545588815805
2018-12-23 20:00:00,0.13746305488996313
2018-12-23 20:03:00,0.06891920261250561
2018-12-23 20:06:00,0.09659831013681242
2018-12-23 20:09:00,0.0576102723813392
2018-12-23 20:12:00,0.07892040305762293
2018-12-23 20:15:00,0.08529972295190191
2018-12-23 20:18:00,0.1627251986691931
2018-12-23 20:21:00,0.11130143992210151
2018-12-23 20:24:00,0.027338731317740894
2018-12-23 20:27:00,0.0070157447114524984
2018-12-23 20:30:00,0.08565146479571695
2018-12-23 20:33:00,-0.003283371181169059
2018-12-23 20:36:00,0.14579590946783583
2018-12-23 20:39:00,-0.01393354314939188
2018-12-23 20:42:00,0.1695485428565462
2018-12-23 20:45:00,0.0633258586304919
2018-12-23 20:48:00,0.06283657158485312
2018-12-23 20:51:00,0.042865791445706236
2018-12-23 20:54:00,0.046927307858709355
2018-12-23 20:57:00,0.06432323495977244
2018-12-23 21:00:00,0.05969183070124018
2018-12-23 21:03:00,0.10056530392893137
2018-12-23 21:06:00,-0.03874785602022257
2018-12-23 21:09:00,-0.02729526954499306
2018-12-23 21:12:00,-0.004281732400045257
2018-12-23 21:15:00,0.050936584903297444
2018-12-23 21:18:00,0.028705062821302363
2018-12-23 21:21:00,0.11962052836264547
2018-12-23 21:24:00,0.043390430578313044
2018-12-23 21:27:00,0.09594101489079776
2018-12-23 21:30:00,0.03059932053247394
2018-12-23 21:33:00,0.07516138573720355
2018-12-23 21:36:00,0.15529798880885437
2018-12-23 21:39:00,0.0991694927804474
2018-12-23 21:42:00,-0.04701235840229856
2018-12-23 21:45:00,0.044213097424744774
2018-12-23 21:48:00,-0.0039045708940648183
2018-12-23 21:51:00,0.1006418777867566
2018-12-23 21:54:00,0.07749312470116365
2018-12-23 21:57:00,0.1338289427470727
2018-12-23 22:00:00,0.18314015924755722
2018-12-23 22:03:00,0.014568997991432298
2018-12-23 22:06:00,0.10568471818965008
2018-12-23 22:09:00,0.04095404475719988
2018-12-23 22:12:00,0.12309224364946658
2018-12-23 22:15:00,0.1218034151493157
2018-12-23 22:18:00,0.09174589448554116
2018-12-23 22:21:00,0.08155416865764664
2018-12-23 22:24:00,0.16446849883226378
2018-12-23 22:27:00,0.056229637411490785
2018-12-23 22:30:00,-0.004768932308877538
2018-12-23 22:33:00,0.13576935579766314
2018-12-23 22:36:00,0.047431320073826555
2018-12-23 22:39:00,0.16458826245821
2018-12-23 22:42:00,0.02064763609689635
2018-12-23 22:45:00,0.10553577437457307
2018-12-23 22:48:00,0.029692034107256404
2018-12-23 22:51:00,0.12119129891925695
2018-12-23 22:54:00,0.0600742000958121
2018-12-23 22:57:00,0.1449900088139202
2018-12-23 23:00:00,0.10155918371253847
2018-12-23 23:03:00,0.06640996424556533
2018-12-23 23:06:00,0.11690617276735793
2018-12-23 23:09:00,0.07829246015376157
2018-12-23 23:12:00,0.14066291860575575
2018-12-23 23:15:00,0.21969898136666188
2018-12-23 23:18:00,0.1881328581202979
2018-12-23 23:21:00,0.1982603569404091
2018-12-23 23:24:00,0.15584429497749852
2018-12-23 23:27:00,0.1623989781771229
2018-12-23 23:30:00,0.12777504541168128
2018-12-23 23:33:00,0.1873643730784238
2018-12-23 23:36:00,0.13607293041468438
2018-12-23 23:39:00,0.13030847857839944
2018-12-23 23:42:00,0.21429682192626842
2018-12-23 23:45:00,0.153483216643167
2018-12-23 23:48:00,0.18499092540832862
2018-12-23 23:51:00,0.16610829491207824
2018-12-23 23:54:00,0.19970600164566576
2018-12-23 23:57:00,0.13655408304384764
2018-12-24 00:00:00,0.23898821617461863
2018-12-24 00:03:00,0.19715902006061015
2018-12-24 00:06:00,0.1742394899317219
2018-12-24 00:09:00,0.11580409308641038
2018-12-24 00:12:00,0.2746614991544334
2018-12-24 00:15:00,0.1968659785564455
2018-12-24 00:18:00,0.2629309978573815
2018-12-24 00:21:00,0.251839223335935
2018-12-24 00:24:00,0.20563865774522583
2018-12-24 00:27:00,0.13420346704032227
2018-12-24 00:30:00,0.24124525963384258
2018-12-24 00:33:00,0.10951065791937253
2018-12-24 00:36:00,0.15705780780052692
2018-12-24 00:39:00,0.19056757521707368
2018-12-24 00:42:00,0.1202131525161576
2018-12-24 00:45:00,0.1763499215657589
2018-12-24 00:48:00,0.12126872899477803
2018-12-24 00:51:00,0.20125942537657693
2018-12-24 00:54:00,0.15301671205520506
2018-12-24 00:57:00,0.1890936264528591
2018-12-24 01:00:00,0.14090663952663363
2018-12-24 01:03:00,0.301282587346293
2018-12-24 01:06:00,0.10385358293063973
2018-12-24 01:09:00,0.1825155832090104
2018-12-24 01:12:00,0.1949245278914873
2018-12-24 01:15:00,0.12733197479917635
2018-12-24 01:18:00,0.2735461455333734
2018-12-24 01:21:00,0.1279280611195759
2018-12-24 01:24:00,0.18382905070615152
2018-12-24 01:27:00,0.22928717235384966
2018-12-24 01:30:00,0.23030596451530982
2018-12-24 01:33:00,0.2593216685648372
2018-12-24 01:36:00,0.0914658804578039
2018-12-24 01:39:00,0.19368555371045204
2018-12-24 01:42:00,0.12284101904629097
2018-12-24 01:45:00,0.24525650280219224
2018-12-24 01:48:00,0.16012229021220037
2018-12-24 01:51:00,0.2334547743892017
2018-12-24 01:54:00,0.1889069207866214
2018-12-24 01:57:00,0.2130288413274002
2018-12-24 02:00:00,0.1891678021441976
2018-12-24 02:03:00,0.27667134474307886
2018-12-24 02:06:00,0.22010182481227503
2018-12-24 02:09:00,0.3207040067692333
2018-12-24 02:12:00,0.27718843148142014
2018-12-24 02:15:00,0.1785883186142314
2018-12-24 02:18:00,0.29063368559997116
2018-12-24 02:21:00,0.20437637268435083
2018-12-24 02:24:00,0.27825147775701
2018-12-24 02:27:00,0.19521277275146076
2018-12-24 02:30:00,0.14812248709466758
2018-12-24 02:33:00,0.17510088370397625
2018-12-24 02:36:00,0.21580046344968196
2018-12-24 02:39:00,0.20418723176931053
2018-12-24 02:42:00,0.14447534295595688
2018-12-24 02:45:00,0.22779298699231276
2018-12-24 02:48:00,0.1338269276697588
2018-12-24 02:51:00,0.20481980771370445
2018-12-24 02:54:00,0.1807520983388713
2018-12-24 02:57:00,0.1071406018100447
2018-12-24 03:00:00,0.1632636593811867
2018-12-24 03:03:00,0.2049377983992713
2018-12-24 03:06:00,0.1810819598854323
2018-12-24 03:09:00,0.23319913162401917
2018-12-24 03:12:00,0.1983792311535808
2018-12-24 03:15:00,0.11720960300516481
2018-12-24 03:18:00,0.19692713637562065
2018-12-24 03:21:00,0.20236769130502807
2018-12-24 03:24:00,0.2584606266927949
2018-12-24 03:27:00,0.2591223248697361
2018-12-24 03:30:00,0.40252900451565665
2018-12-24 03:33:00,0.24269432143069025
2018-12-24 03:36:00,0.24836343130272098
2018-12-24 03:39:00,0.21987291340121828
2018-12-24 03:42:00,0.2534097710458809
2018-12-24 03:45:00,0.2259293512126419
2018-12-24 03:48:00,0.17083481127451705
2018-12-24 03:51:00,0.2707090541692878
2018-12-24 03:54:00,0.32752936958820555
2018-12-24 03:57:00,0.2020360837551607
2018-12-24 04:00:00,0.265216384525786
2018-12-24 04:03:00,0.30939668061631664
2018-12-24 04:06:00,0.2651625003883282
2018-12-24 04:09:00,0.30110699684678366
2018-12-24 04:12:00,0.31975737330753873
2018-12-24 04:15:00,0.31373412541609014
2018-12-24 04:18:00,0.34299823550941255
2018-12-24 04:21:00,0.2839182812732588
2018-12-24 04:24:00,0.3601842457765656
2018-12-24 04:27:00,0.2980257811233855
2018-12-24 04:30:00,0.3407781228364115
2018-12-24 04:33:00,0.27180350809334186
2018-12-24 04:36:00,0.2891429567458772
2018-12-24 04:39:00,0.36631546833132234
2018-12-24 04:42:00,0.2779058082466008
2018-12-24 04:45:00,0.17996469867426867
2018-12-24 04:48:00,0.29124559259236094
2018-12-24 04:51:00,0.25907823006360786
2018-12-24 04:54:00,0.19819391142925724
2018-12-24 04:57:00,0.2806752042825451
2018-12-24 05:00:00,0.2340407042870538
2018-12-24 05:03:00,0.2617495798144205
2018-12-24 05:06:00,0.4299784076392825
2018-12-24 05:09:00,0.33088997576311385
2018-12-24 05:12:00,0.36823935595634794
2018-12-24 05:15:00,0.3863893050683487
2018-12-24 05:18:00,0.33326095127506505
2018-12-24 05:21:00,0.3147504780178565
2018-12-24 05:24:00,0.3668455104225359
2018-12-24 05:27:00,0.34263193958707916
2018-12-24 05:30:00,0.3444351677167674
2018-12-24 05:33:00,0.29034192623373656
2018-12-24 05:36:00,0.2975606522268208
2018-12-24 05:39:00,0.3187231394247192
2018-12-24 05:42:00,0.2824162761644402
2018-12-24 05:45:00,0.3278700531491836
2018-12-24 05:48:00,0.3121852873057378
2018-12-24 05:51:00,0.36809045505987115
2018-12-24 05:54:00,0.42326179425663213
2018-12-24 05:57:00,0.3798512935717895
2018-12-24 06:00:00,0.39017686398989326
2018-12-24 06:03:00,0.35209130516324194
2018-12-24 06:06:00,0.35411788459913396
2018-12-24 06:09:00,0.38379006552366945
2018-12-24 06:12:00,0.44612340000657014
2018-12-24 06:15:00,0.3831808665922267
2018-12-24 06:18:00,0.35977482058922305
2018-12-24 06:21:00,0.3261451858387545
2018-12-24 06:24:00,0.38975471887061985
2018-12-24 06:27:00,0.3267222034870656
2018-12-24 06:30:00,0.3553251774782211
2018-12-24 06:33:00,0.41076130118250376
2018-12-24 06:36:00,0.344218719039759
2018-12-24 06:39:00,0.39205352680903616
2018-12-24 06:42:00,0.3602640465375089
2018-12-24 06:45:00,0.4278683376729191
2018-12-24 06:48:00,0.34101227049580984
2018-12-24 06:51:00,0.40453094138314327
2018-12-24 06:54:00,0.44921071632239773
2018-12-24 06:57:00,0.4008473711591023
2018-12-24 07:00:00,0.36810149519436663
2018-12-24 07:03:00,0.3733423312568789
2018-12-24 07:06:00,0.31699443197908295
2018-12-24 07:09:00,0.3463077439607787
2018-12-24 07:12:00,0.3477786522514634
2018-12-24 07:15:00,0.3555112911772653
2018-12-24 07:18:00,0.34094265601993357
2018-12-24 07:21:00,0.42796274817942503
2018-12-24 07:24:00,0.37066807950492375
2018-12-24 07:27:00,0.32058058413514345
2018-12-24 07:30:00,0.31364518152781784
2018-12-24 07:33:00,0.3978780560835844
2018-12-24 07:36:00,0.32974905886436545
2018-12-24 07:39:00,0.36253325777391865
2018-12-24 07:42:00,0.2616790462801646
2018-12-24 07:45:00,0.2987005530163742
2018-12-24 07:48:00,0.37819481091736407
2018-12-24 07:51:00,0.23515716411606036
2018-12-24 07:54:00,0.33924142397427204
2018-12-24 07:57:00,0.30995120692745104
2018-12-24 08:00:00,0.3688288158281807
2018-12-24 08:03:00,0.22856794677483094
2018-12-24 08:06:00,0.27320764895694083
2018-12-24 08:09:00,0.1598255929543484
2018-12-24 08:12:00,0.2528930595418615
2018-12-24 08:15:00,0.20925727580328157
2018-12-24 08:18:00,0.2638610522737963
2018-12-24 08:21:00,0.21596692659426253
2018-12-24 08:24:00,0.12680626943750894
2018-12-24 08:27:00,0.2367189246201633
2018-12-24 08:30:00,0.24554462335629523
2018-12-24 08:33:00,0.18579897704159976
2018-12-24 08:36:00,0.17731374591738813
2018-12-24 08:39:00,0.1541161490313243
2018-12-24 08:42:00,0.14153412044521474
2018-12-24 08:45:00,0.08415778685457553
2018-12-24 08:48:00,0.0657381827401764
2018-12-24 08:51:00,0.09992454491066383
2018-12-24 08:54:00,0.020712427519811172
2018-12-24 08:57:00,0.04391023690533302
2018-12-24 09:00:00,0.018252689606583772
2018-12-24 09:03:00,-0.006776866483676258
2018-12-24 09:06:00,0.058517256331242606
2018-12-24 09:09:00,0.06164285762315558
2018-12-24 09:12:00,0.06751254375495819
2018-12-24 09:15:00,0.08896242792928888
2018-12-24 09:18:00,-0.08976528264315675
2018-12-24 09:21:00,-0.14611163013944406
2018-12-24 09:24:00,0.020396087299786814
2018-12-24 09:27:00,0.01412241722704266
2018-12-24 09:30:00,-0.07557195027226271
2018-12-24 09:33:00,0.05332844116406932
2018-12-24 09:36:00,-0.0037400216457399438
2018-12-24 09:39:00,0.1486209974943904
2018-12-24 09:42:00,-0.11550222071736016
2018-12-24 09:45:00,0.01053406527023526
2018-12-24 09:48:00,0.010535067763214556
2018-12-24 09:51:00,-0.04441150486707102
2018-12-24 09:54:00,-0.12273835847292958
2018-12-24 09:57:00,-0.02883393724647476
2018-12-24 10:00:00,0.01853279251179174
2018-12-24 10:03:00,-0.09921426662350541
2018-12-24 10:06:00,0.011459365887503736
2018-12-24 10:09:00,-0.04483158125168529
2018-12-24 10:12:00,-0.16738027184470639
2018-12-24 10:15:00,-0.09754229065839581
2018-12-24 10:18:00,-0.0030582294415353317
2018-12-24 10:21:00,-0.13688980128625872
2018-12-24 10:24:00,-0.10860502155588847
2018-12-24 10:27:00,-0.22784432875732819
2018-12-24 10:30:00,-0.07127914217323905
2018-12-24 10:33:00,-0.18576886285785577
2018-12-24 10:36:00,-0.15394911069847694
2018-12-24 10:39:00,-0.25473141228707163
2018-12-24 10:42:00,-0.2317541563174359
2018-12-24 10:45:00,-0.27175320915398515
2018-12-24 10:48:00,-0.2745632503120419
2018-12-24 10:51:00,-0.2993502480907182
2018-12-24 10:54:00,-0.3250794158098529
2018-12-24 10:57:00,-0.24541022823001413
2018-12-24 11:00:00,-0.22801387214053648
2018-12-24 11:03:00,-0.284060875210173
2018-12-24 11:06:00,-0.2800872776691108
2018-12-24 11:09:00,-0.21820437456460695
2018-12-24 11:12:00,-0.24548254407807235
2018-12-24 11:15:00,-0.24467668756994954
2018-12-24 11:18:00,-0.2625110954567731
2018-12-24 11:21:00,-0.17793303777034453
2018-12-24 11:24:00,-0.2986341960910295
2018-12-24 11:27:00,-0.25407398481308974
2018-12-24 11:30:00,-0.2743618388851701
2018-12-24 11:33:00,-0.3154157831119164
2018-12-24 11:36:00,-0.33823625821003134
2018-12-24 11:39:00,-0.20857997251556526
2018-12-24 11:42:00,-0.21762680465189987
2018-12-24 11:45:00,-0.2609179243946187
2018-12-24 11:48:00,-0.3339997578674456
2018-12-24 11:51:00,-0.3447585870319472
2018-12-24 11:54:00,-0.33540063531904707
2018-12-24 11:57:00,-0.31877786898525073
2018-12-24 12:00:00,-0.3199463450743565
2018-12-24 12:03:00,-0.3026807350487388
2018-12-24 12:06:00,-0.27139778392268
2018-12-24 12:09:00,-0.381594189745897
2018-12-24 12:12:00,-0.32724681142400414
2018-12-24 12:15:00,-0.3071992924852225
2018-12-24 12:18:00,-0.3121753373908973
2018-12-24 12:21:00,-0.2197650432373166
2018-12-24 12:24:00,-0.3421461876198464
2018-12-24 12:27:00,-0.34042284224761943
2018-12-24 12:30:00,-0.26639780840554295
2018-12-24 12:33:00,-0.2999606986015806
2018-12-24 12:36:00,-0.29115438388703296
2018-12-24 12:39:00,-0.35242036182631864
2018-12-24 12:42:00,-0.37600720263708354
2018-12-24 12:45:00,-0.18529608129006192
2018-12-24 12:48:00,-0.32594623516763477
2018-12-24 12:51:00,-0.32832949127367783
2018-12-24 12:54:00,-0.287346198934074
2018-12-24 12:57:00,-0.3885625217734514
2018-12-24 13:00:00,-0.37811946349728487
2018-12-24 13:03:00,-0.3866949465815992
2018-12-24 13:06:00,-0.28811400318625147
2018-12-24 13:09:00,-0.3103727915438981
2018-12-24 13:12:00,-0.42579241890246067
2018-12-24 13:15:00,-0.29620733179649505
2018-12-24 13:18:00,-0.3201504998236828
2018-12-24 13:21:00,-0.3618368274751447
2018-12-24 13:24:00,-0.25652149693007686
2018-12-24 13:27:00,-0.3480130143199176
2018-12-24 13:30:00,-0.4375954363175083
2018-12-24 13:33:00,-0.32417479836601615
2018-12-24 13:36:00,-0.4721993045100703
2018-12-24 13:39:00,-0.3918340186083924
2018-12-24 13:42:00,-0.43874026380393616
2018-12-24 13:45:00,-0.3989882194487677
2018-12-24 13:48:00,-0.2548894396622359
2018-12-24 13:51:00,-0.35449727573723067
2018-12-24 13:54:00,-0.32253602178587926
2018-12-24 13:57:00,-0.3365400486796375
2018-12-24 14:00:00,-0.39213818725619376
2018-12-24 14:03:00,-0.30680476579601645
2018-12-24 14:06:00,-0.3311796916364642
2018-12-24 14:09:00,-0.29491666872581845
2018-12-24 14:12:00,-0.19195688692889235
2018-12-24 14:15:00,-0.35924677834009344
2018-12-24 14:18:00,-0.35512042618012174
2018-12-24 14:21:00,-0.3435634620922201
2018-12-24 14:24:00,-0.2973021884363334
2018-12-24 14:27:00,-0.29620461674045373
2018-12-24 14:30:00,-0.4708775067468878
2018-12-24 14:33:00,-0.2990926039897772
2018-12-24 14:36:00,-0.384718395464688
2018-12-24 14:39:00,-0.31215953508609573
2018-12-24 14:42:00,-0.39929381829210797
2018-12-24 14:45:00,-0.3841499231058947
2018-12-24 14:48:00,-0.3881371552751034
2018-12-24 14:51:00,-0.3937816571292956
2018-12-24 14:54:00,-0.5269538991722129
2018-12-24 14:57:00,-0.31391506405753944
2018-12-24 15:00:00,-0.2965617987414362
2018-12-24 15:03:00,-0.40189352564544834
2018-12-24 15:06:00,-0.3696240115481828
2018-12-24 15:09:00,-0.29766342753777053
2018-12-24 15:12:00,-0.2901751294161272
2018-12-24 15:15:00,-0.4472520499901407
2018-12-24 15:18:00,-0.38698000488238904
2018-12-24 15:21:00,-0.2966915503130281
2018-12-24 15:24:00,-0.3131894089871139
2018-12-24 15:27:00,-0.39211579264031116
2018-12-24 15:30:00,-0.34953149212668677
2018-12-24 15:33:00,-0.410054466482336
2018-12-24 15:36:00,-0.30729526176730815
2018-12-24 15:39:00,-0.27797462803499684
2018-12-24 15:42:00,-0.2595074385123439
2018-12-24 15:45:00,-0.29560716602992443
2018-12-24 15:48:00,-0.3218358563966035
2018-12-24 15:51:00,-0.31372170151450973
2018-12-24 15:54:00,-0.34206986608364787
2018-12-24 15:57:00,-0.4114287614769978
2018-12-24 16:00:00,-0.3100891956510168
2018-12-24 16:03:00,-0.34320137306667675
2018-12-24 16:06:00,-0.37211067539777787
2018-12-24 16:09:00,-0.3125608026331861
2018-12-24 16:12:00,-0.25863099453897576
2018-12-24 16:15:00,-0.35612955323551887
2018-12-24 16:18:00,-0.3381457665566927
2018-12-24 16:21:00,-0.2623644531935838
2018-12-24 16:24:00,-0.33681875357041235
2018-12-24 16:27:00,-0.3161609039956943
2018-12-24 16:30:00,-0.2811716540311977
2018-12-24 16:33:00,-0.24718316997558532
2018-12-24 16:36:00,-0.34139603382260475
2018-12-24 16:39:00,-0.34373992102763395
2018-12-24 16:42:00,-0.31373654050457844
2018-12-24 16:45:00,-0.25758648857890876
2018-12-24 16:48:00,-0.23895421255832616
2018-12-24 16:51:00,-0.35645107729504844
2018-12-24 16:54:00,-0.2971932218287634
2018-12-24 16:57:00,-0.20228683980445794
2018-12-24 17:00:00,-0.23473331875175063
2018-12-24 17:03:00,-0.25631135013861694
2018-12-24 17:06:00,-0.1905533406169866
2018-12-24 17:09:00,-0.2694685320898884
2018-12-24 17:12:00,-0.19236924733780825
2018-12-24 17:15:00,-0.1786503941437445
2018-12-24 17:18:00,-0.29504025108531096
2018-12-24 17:21:00,-0.2133602654043898
2018-12-24 17:24:00,-0.19994918200893608
2018-12-24 17:27:00,-0.2606446595278271
2018-12-24 17:30:00,-0.21828365246568637
2018-12-24 17:33:00,-0.18015674101786772
2018-12-24 17:36:00,-0.18542997608875567
2018-12-24 17:39:00,-0.1897011100180066
2018-12-24 17:42:00,-0.22798936240627654
2018-12-24 17:45:00,-0.2445022652481157
2018-12-24 17:48:00,-0.2541284079788966
2018-12-24 17:51:00,-0.2536777749218686
2018-12-24 17:54:00,-0.19527122303782107
2018-12-24 17:57:00,-0.25875822142489824
2018-12-24 18:00:00,-0.15745887564287386
2018-12-24 18:03:00,-0.20967657057707356
2018-12-24 18:06:00,-0.17718439360265847
2018-12-24 18:09:00,-0.26803934054612455
2018-12-24 18:12:00,-0.13439714356246668
2018-12-24 18:15:00,-0.20132168853814392
2018-12-24 18:18:00,-0.12465660392655309
2018-12-24 18:21:00,-0.11871719879871989
2018-12-24 18:24:00,-0.20989539866502582
2018-12-24 18:27:00,-0.1918458754724952
2018-12-24 18:30:00,-0.1640931745601506
2018-12-24 18:33:00,-0.15280090646092503
2018-12-24 18:36:00,-0.17313700954770184
2018-12-24 18:39:00,-0.09504944663933657
2018-12-24 18:42:00,-0.18453459544770112
2018-12-24 18:45:00,-0.08793165700831196
2018-12-24 18:48:00,-0.20047672799540805
2018-12-24 18:51:00,-0.13617458928399628
2018-12-24 18:54:00,-0.13499826314870234
2018-12-24 18:57:00,
2018-12-24 19:00:00,
2018-12-24 19:03:00,-0.08541273196470911
2018-12-24 19:06:00,-0.06360599562862035
2018-12-24 19:09:00,-0.06633350598286825
2018-12-24 19:12:00,-0.09769054664371879
2018-12-24 19:15:00,-0.024931639856220045
2018-12-24 19:18:00,-0.1435715081599369
2018-12-24 19:21:00,-0.011156447630185085
2018-12-24 19:24:00,-0.027482960839904536
2018-12-24 19:27:00,-0.10750447890347914
2018-12-24 19:30:00,-0.057092226755116826
2018-12-24 19:33:00,-0.07147884473306476
2018-12-24 19:36:00,-0.02494885437266703
2018-12-24 19:39:00,-0.1162834311531924
2018-12-24 19:42:00,0.018175290565125124
2018-12-24 19:45:00,-0.041004613579389115
2018-12-24 19:48:00,0.020826349815990852
2018-12-24 19:51:00,0.04889650591587724
2018-12-24 19:54:00,-0.041541590885060486
2018-12-24 19:57:00,0.0990408114296315
2018-12-24 20:00:00,0.07735793081496922
2018-12-24 20:03:00,0.079929573547588
2018-12-24 20:06:00,0.011740213564223723
2018-12-24 20:09:00,0.043431729977896794
2018-12-24 20:12:00,0.14807384270994817
2018-12-24 20:15:00,0.05152379506080251
2018-12-24 20:18:00,0.12027627743538005
2018-12-24 20:21:00,0.04530095559329084
2018-12-24 20:24:00,0.13702911773253845
2018-12-24 20:27:00,0.1009521495279273
2018-12-24 20:30:00,0.1815105781103057
2018-12-24 20:33:00,0.16448866428362408
2018-12-24 20:36:00,0.13976755078903125
2018-12-24 20:39:00,0.20018219963372985
2018-12-24 20:42:00,0.0702979346241932
2018-12-24 20:45:00,0.18427694925952665
2018-12-24 20:48:00,0.11621143705150416
2018-12-24 20:51:00,0.278063885822462
2018-12-24 20:54:00,0.2134137217142893
2018-12-24 20:57:00,0.14940537234303974
2018-12-24 21:00:00,0.18516803429065476
2018-12-24 21:03:00,0.10244688284518588
2018-12-24 21:06:00,0.053274086296198675
2018-12-24 21:09:00,0.18844796959774612
2018-12-24 21:12:00,0.07036641245963438
2018-12-24 21:15:00,0.11364630394729147
2018-12-24 21:18:00,0.206084022204152
2018-12-24 21:21:00,0.17340187495011605
2018-12-24 21:24:00,0.1891572583170955
2018-12-24 21:27:00,0.23447799104133082
2018-12-24 21:30:00,0.1409422129376594
2018-12-24 21:33:00,0.17218545279240516
2018-12-24 21:36:00,0.09358257924367308
2018-12-24 21:39:00,0.07711336758893594
2018-12-24 21:42:00,0.12112661419996584
2018-12-24 21:45:00,0.04439950210667121
2018-12-24 21:48:00,0.08736129678135285
2018-12-24 21:51:00,0.16235969754188773
2018-12-24 21:54:00,0.13831790790152354
2018-12-24 21:57:00,0.09610254174123156
2018-12-24 22:00:00,0.11899626245968875
2018-12-24 22:03:00,0.06594626263040482
2018-12-24 22:06:00,0.04842480331791421
2018-12-24 22:09:00,0.17017124390059735
2018-12-24 22:12:00,0.046529066037692246
2018-12-24 22:15:00,0.08170289512088402
2018-12-24 22:18:00,0.10201415356783627
2018-12-24 22:21:00,0.09166201253998452
2018-12-24 22:24:00,0.09238570148067993
2018-12-24 22:27:00,0.08902966718898142
2018-12-24 22:30:00,0.14681116692247542
2018-12-24 22:33:00,0.08643151437439656
2018-12-24 22:36:00,0.07534653321965834
2018-12-24 22:39:00,0.04034822311081143
2018-12-24 22:42:00,0.11057619048011702
2018-12-24 22:45:00,-0.019816182026204388
2018-12-24 22:48:00,0.061928793816491634
2018-12-24 22:51:00,0.13026711341188957
2018-12-24 22:54:00,0.07563906822662148
2018-12-24 22:57:00,0.07979386661111221
2018-12-24 23:00:00,0.17951362909582258
2018-12-24 23:03:00,0.16565403754259478
2018-12-24 23:06:00,0.10809384829502733
2018-12-24 23:09:00,0.22040173248092287
2018-12-24 23:12:00,0.04108447992501851
2018-12-24 23:15:00,0.09632098711898607
2018-12-24 23:18:00,0.20938260512360785
2018-12-24 23:21:00,0.118219403854539
2018-12-24 23:24:00,0.1084900507020734
2018-12-24 23:27:00,0.23421182485469672
2018-12-24 23:30:00,0.21452790435108682
2018-12-24 23:33:00,0.20663117224881944
2018-12-24 23:36:00,0.26599715290001313
2018-12-24 23:39:00,0.25267567119885825
2018-12-24 23:42:00,0.2605709421388269
2018-12-24 23:45:00,0.25467250577241884
2018-12-24 23:48:00,0.10419596828006661
2018-12-24 23:51:00,0.11415797905368663
2018-12-24 23:54:00,0.18204447230266396
2018-12-24 23:57:00,0.23569889526214638
2018-12-25 00:00:00,0.13488289320940794
2018-12-25 00:03:00,0.15220806670816955
2018-12-25 00:06:00,0.15249056497856373
2018-12-25 00:09:00,0.1640443085524339
2018-12-25 00:12:00,0.087919259547391
2018-12-25 00:15:00,0.20902875900651452
2018-12-25 00:18:00,0.16717884244104653
2018-12-25 00:21:00,0.1329793661483336
2018-12-25 00:24:00,0.1790332259069487
2018-12-25 00:27:00,0.19172216512976092
2018-12-25 00:30:00,0.21023019228209705
2018-12-25 00:33:00,0.24351900654244218
2018-12-25 00:36:00,0.15480357901554953
2018-12-25 00:39:00,0.2137512217497033
2018-12-25 00:42:00,0.22438072837832124
2018-12-25 00:45:00,0.23375620044367906
2018-12-25 00:48:00,0.14628487034798354
2018-12-25 00:51:00,0.1034353116462512
2018-12-25 00:54:00,0.15000430992046176
2018-12-25 00:57:00,0.18880151802233058
2018-12-25 01:00:00,0.18027943403353675
2018-12-25 01:03:00,0.23135622562364233
2018-12-25 01:06:00,0.21794536120472685
2018-12-25 01:09:00,0.2283439406260186
2018-12-25 01:12:00,0.29996789257683076
2018-12-25 01:15:00,0.24788317132527027
2018-12-25 01:18:00,0.19210363673613529
2018-12-25 01:21:00,0.15798249450773483
2018-12-25 01:24:00,0.30442323839861274
2018-12-25 01:27:00,0.23395700002879494
2018-12-25 01:30:00,0.23037406313108022
2018-12-25 01:33:00,0.2658657766071997
2018-12-25 01:36:00,0.16423282290986663
2018-12-25 01:39:00,0.2717431591743775
2018-12-25 01:42:00,0.2399871438344121
2018-12-25 01:45:00,0.15389634721600487
2018-12-25 01:48:00,0.15518435207883385
2018-12-25 01:51:00,0.14838019381335243
2018-12-25 01:54:00,0.15932431614544385
2018-12-25 01:57:00,0.11684701693121724
2018-12-25 02:00:00,0.21362890222127362
2018-12-25 02:03:00,0.1528090939875142
2018-12-25 02:06:00,0.18191642391889218
2018-12-25 02:09:00,0.19339747411402186
2018-12-25 02:12:00,0.14014992076681665
2018-12-25 02:15:00,0.14267489461752803
2018-12-25 02:18:00,0.1710247046169684
2018-12-25 02:21:00,0.2334202970178012
2018-12-25 02:24:00,0.12475085419930565
2018-12-25 02:27:00,0.14769569544017713
2018-12-25 02:30:00,0.13247927636416534
2018-12-25 02:33:00,0.25158177183715225
2018-12-25 02:36:00,0.09803298679810268
2018-12-25 02:39:00,0.13177201148897666
2018-12-25 02:42:00,0.09934850654911997
2018-12-25 02:45:00,0.13294627350632027
2018-12-25 02:48:00,0.08806733403616818
2018-12-25 02:51:00,0.13477936738712515
2018-12-25 02:54:00,0.16539044296666816
2018-12-25 02:57:00,0.10108869407662269
2018-12-25 03:00:00,0.1825558762578794
2018-12-25 03:03:00,0.22323869056054946
2018-12-25 03:06:00,0.1707142127033876
2018-12-25 03:09:00,0.22597951419953688
2018-12-25 03:12:00,0.2038607061516018
2018-12-25 03:15:00,0.2071453120883575
2018-12-25 03:18:00,0.09349390125925083
2018-12-25 03:21:00,0.1556961016994478
2018-12-25 03:24:00,0.07492438952755265
2018-12-25 03:27:00,0.07570586600803608
2018-12-25 03:30:00,0.17090603676524552
2018-12-25 03:33:00,0.0897117803157812
2018-12-25 03:36:00,0.19583511347099147
2018-12-25 03:39:00,0.08716679167457642
2018-12-25 03:42:00,0.18229700476723565
2018-12-25 03:45:00,0.1401054124971779
2018-12-25 03:48:00,0.20618682715121395
2018-12-25 03:51:00,0.12704652192246613
2018-12-25 03:54:00,0.12485272391830904
2018-12-25 03:57:00,0.11116082304215524
2018-12-25 04:00:00,0.048630223510770065
2018-12-25 04:03:00,0.2468138375423905
2018-12-25 04:06:00,0.19021559416836453
2018-12-25 04:09:00,0.22330573554847888
2018-12-25 04:12:00,0.08405945593631259
2018-12-25 04:15:00,0.15437672457801455
2018-12-25 04:18:00,0.221074582399865
2018-12-25 04:21:00,0.21041547277422978
2018-12-25 04:24:00,0.26050192644015624
2018-12-25 04:27:00,0.1721234460609935
2018-12-25 04:30:00,0.19758343933307287
2018-12-25 04:33:00,0.31028281567864724
2018-12-25 04:36:00,0.24721020325165455
2018-12-25 04:39:00,0.1998474641119401
2018-12-25 04:42:00,0.22420172301252705
2018-12-25 04:45:00,0.2711579868567924
2018-12-25 04:48:00,0.26339326261575025
2018-12-25 04:51:00,0.2603100061905934
2018-12-25 04:54:00,0.2543359183774214
2018-12-25 04:57:00,0.21023932125854117
2018-12-25 05:00:00,0.19334354339184756
2018-12-25 05:03:00,0.284072913419152
2018-12-25 05:06:00,0.20283765259210895
2018-12-25 05:09:00,0.22423724255611432
2018-12-25 05:12:00,0.22317854522503922
2018-12-25 05:15:00,0.1993458038370477
2018-12-25 05:18:00,0.22513662954958136
2018-12-25 05:21:00,0.27049941413105216
2018-12-25 05:24:00,0.24298722478715717
2018-12-25 05:27:00,0.23132859985310006
2018-12-25 05:30:00,0.20668533103679465
2018-12-25 05:33:00,0.24332968877240546
2018-12-25 05:36:00,0.20433159912585097
2018-12-25 05:39:00,0.19596001660988804
2018-12-25 05:42:00,0.11504198964007628
2018-12-25 05:45:00,0.21219290159018556
2018-12-25 05:48:00,0.2694367917171121
2018-12-25 05:51:00,0.1852035701012369
2018-12-25 05:54:00,0.25879512896153756
2018-12-25 05:57:00,0.20550977569860152
2018-12-25 06:00:00,0.2259181938746906
2018-12-25 06:03:00,0.21169519289105665
2018-12-25 06:06:00,0.19661593895409624
2018-12-25 06:09:00,0.2009407034890387
2018-12-25 06:12:00,0.22948586031043305
2018-12-25 06:15:00,0.37055478207082615
2018-12-25 06:18:00,0.20544514332516428
2018-12-25 06:21:00,0.2970961775897081
2018-12-25 06:24:00,0.30016830034878694
2018-12-25 06:27:00,0.24652333028802786
2018-12-25 06:30:00,0.40300503812807165
2018-12-25 06:33:00,0.2725786439980311
2018-12-25 06:36:00,0.3845235067859676
2018-12-25 06:39:00,0.2865951080407285
2018-12-25 06:42:00,0.2611883322733206
2018-12-25 06:45:00,0.24999596214195208
2018-12-25 06:48:00,0.20390190038114042
2018-12-25 06:51:00,0.3225487659304349
2018-12-25 06:54:00,0.26124292995001497
2018-12-25 06:57:00,0.33252618853566673
2018-12-25 07:00:00,0.23200847720227102
2018-12-25 07:03:00,0.3609008183591982
2018-12-25 07:06:00,0.28902826567377815
2018-12-25 07:09:00,0.28101865490566524
2018-12-25 07:12:00,0.2697182555194786
2018-12-25 07:15:00,0.3435427092431951
2018-12-25 07:18:00,0.32739242711636507
2018-12-25 07:21:00,0.255748066173453
2018-12-25 07:24:00,0.32637175751955283
2018-12-25 07:27:00,0.32472438915118573
2018-12-25 07:30:00,0.25223800945445873
2018-12-25 07:33:00,0.3040967501507339
2018-12-25 07:36:00,0.20653765550463277
2018-12-25 07:39:00,0.26031710869744984
2018-12-25 07:42:00,0.21897123586103362
2018-12-25 07:45:00,0.15262823494089162
2018-12-25 07:48:00,0.20918501548993618
2018-12-25 07:51:00,0.160327649717658
2018-12-25 07:54:00,0.22504659700319962
2018-12-25 07:57:00,0.24289015465154762
2018-12-25 08:00:00,0.25967759472547414
2018-12-25 08:03:00,0.18973184472685034
2018-12-25 08:06:00,0.25490267434292946
2018-12-25 08:09:00,0.20022590859849743
2018-12-25 08:12:00,0.24670343693952645
2018-12-25 08:15:00,0.15329206064711798
2018-12-25 08:18:00,0.18469469008346096
2018-12-25 08:21:00,0.17326097720319922
2018-12-25 08:24:00,0.20406343723340115
2018-12-25 08:27:00,0.06777821011382912
2018-12-25 08:30:00,0.05251781317889481
2018-12-25 08:33:00,0.12255211443766711
2018-12-25 08:36:00,0.087488462924739
2018-12-25 08:39:00,0.21068171517606515
2018-12-25 08:42:00,0.07195824742990453
2018-12-25 08:45:00,0.036721332984029686
2018-12-25 08:48:00,0.109967673930214
2018-12-25 08:51:00,0.017998165482367767
2018-12-25 08:54:00,0.02236579965369856
2018-12-25 08:57:00,0.01804829073574865
2018-12-25 09:00:00,-0.024226815433792126
2018-12-25 09:03:00,0.057769152264711465
2018-12-25 09:06:00,-0.11029286028474417
2018-12-25 09:09:00,0.019970814274245186
2018-12-25 09:12:00,-0.015624972698731199
2018-12-25 09:15:00,0.0010031990714196581
2018-12-25 09:18:00,-0.05729725650326145
2018-12-25 09:21:00,-0.06668395205309707
2018-12-25 09:24:00,-0.016928533969689852
2018-12-25 09:27:00,-0.14044932075290717
2018-12-25 09:30:00,-0.10539737385153103
2018-12-25 09:33:00,0.015122999166067075
2018-12-25 09:36:00,0.08095725047144242
2018-12-25 09:39:00,0.03153382014727413
2018-12-25 09:42:00,-0.10173666857184571
2018-12-25 09:45:00,-0.01058384098530496
2018-12-25 09:48:00,-0.05538504501026864
2018-12-25 09:51:00,-0.14204784190582131
2018-12-25 09:54:00,-0.12068201929270117
2018-12-25 09:57:00,-0.07433981684329183
2018-12-25 10:00:00,-0.20636507932664472
2018-12-25 10:03:00,-0.12962197506698203
2018-12-25 10:06:00,-0.04777088679560393
2018-12-25 10:09:00,-0.08633626526136595
2018-12-25 10:12:00,-0.0884902031624506
2018-12-25 10:15:00,-0.18420602521780438
2018-12-25 10:18:00,-0.16934779681065493
2018-12-25 10:21:00,-0.12502118983746868
2018-12-25 10:24:00,-0.11051235056527275
2018-12-25 10:27:00,-0.1531675994326065
2018-12-25 10:30:00,-0.10278556165775399
2018-12-25 10:33:00,-0.09715560325474826
2018-12-25 10:36:00,-0.21243289837804014
2018-12-25 10:39:00,-0.2483093679410331
2018-12-25 10:42:00,-0.26077039589904416
2018-12-25 10:45:00,-0.21236766239115923
2018-12-25 10:48:00,-0.22670336290275372
2018-12-25 10:51:00,-0.2600128307472005
2018-12-25 10:54:00,-0.2963021001362449
2018-12-25 10:57:00,-0.16915974526455102
2018-12-25 11:00:00,-0.33176258130060887
2018-12-25 11:03:00,-0.2536500595801954
2018-12-25 11:06:00,-0.2806988966936501
2018-12-25 11:09:00,-0.2378107315834086
2018-12-25 11:12:00,-0.22593532589178267
2018-12-25 11:15:00,-0.2997260269352182
2018-12-25 11:18:00,-0.34557164388070305
2018-12-25 11:21:00,-0.3004436063026219
2018-12-25 11:24:00,-0.21212219963535972
2018-12-25 11:27:00,-0.2465906777345026
2018-12-25 11:30:00,-0.2738923636778736
2018-12-25 11:33:00,-0.27554765880483956
2018-12-25 11:36:00,-0.22801084399566207
2018-12-25 11:39:00,-0.2961808521619105
2018-12-25 11:42:00,-0.3561327905489975
2018-12-25 11:45:00,-0.188374732012619
2018-12-25 11:48:00,-0.29594602582483276
2018-12-25 11:51:00,-0.2170795220843047
2018-12-25 11:54:00,-0.31003001545985853
2018-12-25 11:57:00,-0.32903854267237875
2018-12-25 12:00:00,-0.2990409852918674
2018-12-25 12:03:00,-0.37184237200551706
2018-12-25 12:06:00,-0.27204100374245854
2018-12-25 12:09:00,-0.26642856093366163
2018-12-25 12:12:00,-0.2903492462771169
2018-12-25 12:15:00,-0.35728748871378
2018-12-25 12:18:00,-0.3941167528600431
2018-12-25 12:21:00,-0.3502812821167822
2018-12-25 12:24:00,-0.3072634676784105
2018-12-25 12:27:00,-0.2421233236721605
2018-12-25 12:30:00,-0.38370147693888157
2018-12-25 12:33:00,-0.35794652714844233
2018-12-25 12:36:00,-0.3530285040241097
2018-12-25 12:39:00,-0.40734402864245567
2018-12-25 12:42:00,-0.21621295247513217
2018-12-25 12:45:00,-0.3552939273270681
2018-12-25 12:48:00,-0.425949647565119
2018-12-25 12:51:00,-0.2614125563508196
2018-12-25 12:54:00,-0.3189874939666879
2018-12-25 12:57:00,-0.3954349430437105
2018-12-25 13:00:00,-0.3369665334029719
2018-12-25 13:03:00,-0.34434036387148126
2018-12-25 13:06:00,-0.3098861747588444
2018-12-25 13:09:00,-0.19091620022533107
2018-12-25 13:12:00,-0.26467599713691925
2018-12-25 13:15:00,-0.20043614518345976
2018-12-25 13:18:00,-0.2017624509242637
2018-12-25 13:21:00,-0.3430914377923955
2018-12-25 13:24:00,-0.2790251588792785
2018-12-25 13:27:00,-0.3101286172728237
2018-12-25 13:30:00,-0.4008141894940991
2018-12-25 13:33:00,-0.3060002292868944
2018-12-25 13:36:00,-0.3894138261633202
2018-12-25 13:39:00,-0.35274023587976444
2018-12-25 13:42:00,-0.29369590354360753
2018-12-25 13:45:00,-0.287076831473712
2018-12-25 13:48:00,-0.31159167878070093
2018-12-25 13:51:00,-0.3083380492403194
2018-12-25 13:54:00,-0.4484677092865468
2018-12-25 13:57:00,-0.41727129161927223
2018-12-25 14:00:00,-0.2687538278844386
2018-12-25 14:03:00,-0.3811074870957327
2018-12-25 14:06:00,-0.3518200462197001
2018-12-25 14:09:00,-0.31502480025204704
2018-12-25 14:12:00,-0.21591659332347035
2018-12-25 14:15:00,-0.3438656103954827
2018-12-25 14:18:00,-0.3546756480085378
2018-12-25 14:21:00,-0.2368532514323647
2018-12-25 14:24:00,-0.42637435064534657
2018-12-25 14:27:00,-0.40055757692408633
2018-12-25 14:30:00,-0.350427655324836
2018-12-25 14:33:00,-0.4093116682875575
2018-12-25 14:36:00,-0.4064112482654991
2018-12-25 14:39:00,-0.4844680983248395
2018-12-25 14:42:00,-0.4977671459821522
2018-12-25 14:45:00,-0.40120813154442203
2018-12-25 14:48:00,-0.40581056628673196
2018-12-25 14:51:00,-0.45508145563735525
2018-12-25 14:54:00,-0.5097487881766369
2018-12-25 14:57:00,-0.49804060889249513
2018-12-25 15:00:00,-0.5411247223140663
2018-12-25 15:03:00,-0.4491491071622704
2018-12-25 15:06:00,-0.6429056914000739
2018-12-25 15:09:00,-0.7217498658707768
2018-12-25 15:12:00,-0.6242281232622986
2018-12-25 15:15:00,-0.6369517008456569
2018-12-25 15:18:00,-0.5763934258581003
2018-12-25 15:21:00,-0.5917392840813704
2018-12-25 15:24:00,-0.5192670110765221
2018-12-25 15:27:00,-0.5739722273399934
2018-12-25 15:30:00,-0.4968826524842598
2018-12-25 15:33:00,-0.46398665387420124
2018-12-25 15:36:00,-0.494439693045706
2018-12-25 15:39:00,-0.4291365853092657
2018-12-25 15:42:00,-0.5495301049662658
2018-12-25 15:45:00,-0.43115216353504593
2018-12-25 15:48:00,-0.38220013645542394
2018-12-25 15:51:00,-0.4710805319162432
2018-12-25 15:54:00,-0.39697466687118776
2018-12-25 15:57:00,-0.44729987462653753
2018-12-25 16:00:00,-0.4999178211333515
2018-12-25 16:03:00,-0.41845586819903247
2018-12-25 16:06:00,-0.3723689210712564
2018-12-25 16:09:00,-0.40983491245816595
2018-12-25 16:12:00,-0.4184946185788476
2018-12-25 16:15:00,-0.3427614896049249
2018-12-25 16:18:00,-0.4142032025819731
2018-12-25 16:21:00,-0.3520817327375312
2018-12-25 16:24:00,-0.41257775042544154
2018-12-25 16:27:00,-0.3838779885946906
2018-12-25 16:30:00,-0.29273433473224486
2018-12-25 16:33:00,-0.4273342954597297
2018-12-25 16:36:00,-0.383497694608252
2018-12-25 16:39:00,-0.46775144204440267
2018-12-25 16:42:00,-0.41191474724240607
2018-12-25 16:45:00,-0.35040750130548304
2018-12-25 16:48:00,-0.38760800832102404
2018-12-25 16:51:00,-0.3482680761891288
2018-12-25 16:54:00,-0.37926085341939597
2018-12-25 16:57:00,-0.3613266219863931
2018-12-25 17:00:00,-0.29434389847142484
2018-12-25 17:03:00,-0.5046559610610188
2018-12-25 17:06:00,-0.33574358920304803
2018-12-25 17:09:00,-0.3049452012782581
2018-12-25 17:12:00,-0.3001529135685814
2018-12-25 17:15:00,-0.24312485378038673
2018-12-25 17:18:00,-0.31847379857475744
2018-12-25 17:21:00,-0.2660988984202959
2018-12-25 17:24:00,-0.2260725088202662
2018-12-25 17:27:00,-0.23400654829123368
2018-12-25 17:30:00,-0.240075136654184
2018-12-25 17:33:00,-0.29737249327934023
2018-12-25 17:36:00,-0.13975391690149763
2018-12-25 17:39:00,-0.19815502059248047
2018-12-25 17:42:00,-0.17743014184566164
2018-12-25 17:45:00,-0.14552814253039514
2018-12-25 17:48:00,-0.27022994840922365
2018-12-25 17:51:00,-0.11689759411939349
2018-12-25 17:54:00,-0.2479676358160532
2018-12-25 17:57:00,-0.16622444809740955
2018-12-25 18:00:00,-0.06120473019814199
2018-12-25 18:03:00,-0.20878130761684588
2018-12-25 18:06:00,-0.09684305126341997
2018-12-25 18:09:00,-0.11391835291556163
2018-12-25 18:12:00,-0.17254420986898822
2018-12-25 18:15:00,-0.18746617926905174
2018-12-25 18:18:00,-0.15130961096605233
2018-12-25 18:21:00,-0.11754669272471574
2018-12-25 18:24:00,-0.03455132822972473
2018-12-25 18:27:00,-0.0558481996484943
2018-12-25 18:30:00,-0.03412049355813451
2018-12-25 18:33:00,0.02438262599935115
2018-12-25 18:36:00,-0.08887245543718336
2018-12-25 18:39:00,0.0002343787635368244
2018-12-25 18:42:00,0.036502582199432254
2018-12-25 18:45:00,-0.01161465344705448
2018-12-25 18:48:00,-0.025826791775841684
2018-12-25 18:51:00,0.014561663082531595
2018-12-25 18:54:00,
2018-12-25 18:57:00,
2018-12-25 19:00:00,
2018-12-25 19:03:00,0.090623863781218
2018-12-25 19:06:00,-0.016403757710406808
2018-12-25 19:09:00,0.023551041660937244
2018-12-25 19:12:00,0.0498442361066509
2018-12-25 19:15:00,0.2211986852589689
2018-12-25 19:18:00,0.224129675278391
2018-12-25 19:21:00,0.08724557407947486
2018-12-25 19:24:00,0.1310742042822426
2018-12-25 19:27:00,0.10705633442950102
2018-12-25 19:30:00,0.1989285303478141
2018-12-25 19:33:00,0.14661692333413612
2018-12-25 19:36:00,0.2217637794132088
2018-12-25 19:39:00,0.1810347313567604
2018-12-25 19:42:00,0.13640457691417396
2018-12-25 19:45:00,0.20492858839901373
2018-12-25 19:48:00,0.16492103386366352
2018-12-25 19:51:00,0.07013384881230422
2018-12-25 19:54:00,0.19807913133314514
2018-12-25 19:57:00,0.23458346722651413
2018-12-25 20:00:00,0.23929536043357302
2018-12-25 20:03:00,0.1778952578841313
2018-12-25 20:06:00,0.21295298394653628
2018-12-25 20:09:00,0.17444635810142017
2018-12-25 20:12:00,0.13971672605401864
2018-12-25 20:15:00,0.20882929280992357
2018-12-25 20:18:00,0.1875402858818802
2018-12-25 20:21:00,0.3150392670120823
2018-12-25 20:24:00,0.1207556250906805
2018-12-25 20:27:00,0.21866394634866992
2018-12-25 20:30:00,0.2019494645800819
2018-12-25 20:33:00,0.24227387292728508
2018-12-25 20:36:00,0.21421880820082606
2018-12-25 20:39:00,0.16679178485645707
2018-12-25 20:42:00,0.17438329433491617
2018-12-25 20:45:00,0.19323520235712977
2018-12-25 20:48:00,0.18134815352527767
2018-12-25 20:51:00,0.13437181372489704
2018-12-25 20:54:00,0.15222964613894874
2018-12-25 20:57:00,0.13871338074409323
2018-12-25 21:00:00,0.1876347099972122
2018-12-25 21:03:00,0.2875801059287255
2018-12-25 21:06:00,0.23541724420158516
2018-12-25 21:09:00,0.1619733629237885
2018-12-25 21:12:00,0.16753716840730704
2018-12-25 21:15:00,0.1938227775696646
2018-12-25 21:18:00,0.17570828828286267
2018-12-25 21:21:00,0.2353948870841691
2018-12-25 21:24:00,0.2005010899571289
2018-12-25 21:27:00,0.23709774137876138
2018-12-25 21:30:00,0.1981758576349648
2018-12-25 21:33:00,0.22081533044735124
2018-12-25 21:36:00,0.18612352842831115
2018-12-25 21:39:00,0.17352101449563406
2018-12-25 21:42:00,0.2124655847276813
2018-12-25 21:45:00,0.21967905397508503
2018-12-25 21:48:00,0.14795221681202975
2018-12-25 21:51:00,0.17706094773296854
2018-12-25 21:54:00,0.1375501590026147
2018-12-25 21:57:00,0.13981243809331545
2018-12-25 22:00:00,0.08562781967953015
2018-12-25 22:03:00,0.08605505208720388
2018-12-25 22:06:00,0.08038019687990072
2018-12-25 22:09:00,0.15273979205124988
2018-12-25 22:12:00,0.15110966637325873
2018-12-25 22:15:00,0.10783073220193273
2018-12-25 22:18:00,0.14281299686984994
2018-12-25 22:21:00,0.09321626534915595
2018-12-25 22:24:00,0.08890320316100997
2018-12-25 22:27:00,0.09909779426050136
2018-12-25 22:30:00,0.07193607574942007
2018-12-25 22:33:00,0.16986173623632794
2018-12-25 22:36:00,0.17627449545926765
2018-12-25 22:39:00,0.2441167607617558
2018-12-25 22:42:00,0.09760078137441042
2018-12-25 22:45:00,0.03136503449002248
2018-12-25 22:48:00,0.13782972494004753
2018-12-25 22:51:00,0.07061964555117584
2018-12-25 22:54:00,0.1573122125622035
2018-12-25 22:57:00,0.1175116828744649
2018-12-25 23:00:00,0.04712132412998926
2018-12-25 23:03:00,-0.008079371083852038
2018-12-25 23:06:00,0.09732163586699016
2018-12-25 23:09:00,0.11074172514952352
2018-12-25 23:12:00,0.10335461152436665
2018-12-25 23:15:00,0.1909641962955675
2018-12-25 23:18:00,0.15445209517395142
2018-12-25 23:21:00,0.1181767832542846
2018-12-25 23:24:00,0.15233759151686854
2018-12-25 23:27:00,0.20613934744682183
2018-12-25 23:30:00,0.2404448051157715
2018-12-25 23:33:00,0.2512756367676161
2018-12-25 23:36:00,0.1947697221883118
2018-12-25 23:39:00,0.21481037800867853
2018-12-25 23:42:00,0.23434861809067797
2018-12-25 23:45:00,0.2153474369495143
2018-12-25 23:48:00,0.20063108810018093
2018-12-25 23:51:00,0.24741529791566563
2018-12-25 23:54:00,0.23220447787610965
2018-12-25 23:57:00,0.24731493190017773
2018-12-26 00:00:00,0.17355204051153805
2018-12-26 00:03:00,0.20667429888504785
2018-12-26 00:06:00,0.2792474134859617
2018-12-26 00:09:00,0.3146313485560768
2018-12-26 00:12:00,0.26215913189321327
2018-12-26 00:15:00,0.1349349850115118
2018-12-26 00:18:00,0.14353258544758773
2018-12-26 00:21:00,0.24136496502865157
2018-12-26 00:24:00,0.26081405075103703
2018-12-26 00:27:00,0.2193120423692676
2018-12-26 00:30:00,0.20987855152918655
2018-12-26 00:33:00,0.2450867689884717
2018-12-26 00:36:00,0.26410301899488786
2018-12-26 00:39:00,0.21301861565154923
2018-12-26 00:42:00,0.17353001856668016
2018-12-26 00:45:00,0.18135936252451756
2018-12-26 00:48:00,0.24624118686176644
2018-12-26 00:51:00,0.3318991760263543
2018-12-26 00:54:00,0.24914292597338772
2018-12-26 00:57:00,0.2176861777164163
2018-12-26 01:00:00,0.22184186284658836
2018-12-26 01:03:00,0.23666188551771938
2018-12-26 01:06:00,0.22840812005341604
2018-12-26 01:09:00,0.22890702350764514
2018-12-26 01:12:00,0.27820643079297724
2018-12-26 01:15:00,0.2655134809849642
2018-12-26 01:18:00,0.32185156666616876
2018-12-26 01:21:00,0.22794190720117058
2018-12-26 01:24:00,0.26158179676826876
2018-12-26 01:27:00,0.33098869055424984
2018-12-26 01:30:00,0.26140681963988754
2018-12-26 01:33:00,0.24474789575299383
2018-12-26 01:36:00,0.2383856380623115
2018-12-26 01:39:00,0.31842159094583167
2018-12-26 01:42:00,0.21617661621553452
2018-12-26 01:45:00,0.2728438028228197
2018-12-26 01:48:00,0.3516561824870905
2018-12-26 01:51:00,0.3259595376393918
2018-12-26 01:54:00,0.29642617554117123
2018-12-26 01:57:00,0.3083166279191687
2018-12-26 02:00:00,0.24217408570041243
2018-12-26 02:03:00,0.3290460676820999
2018-12-26 02:06:00,0.3315896280018933
2018-12-26 02:09:00,0.2531140481801799
2018-12-26 02:12:00,0.30441281220788596
2018-12-26 02:15:00,0.3249429545901421
2018-12-26 02:18:00,0.2933508326562446
2018-12-26 02:21:00,0.3152577528812799
2018-12-26 02:24:00,0.2929312981897283
2018-12-26 02:27:00,0.24047088816462292
2018-12-26 02:30:00,0.20329663594037584
2018-12-26 02:33:00,0.24399094407709754
2018-12-26 02:36:00,0.3161419085665216
2018-12-26 02:39:00,0.32532614884826216
2018-12-26 02:42:00,0.2987912708468343
2018-12-26 02:45:00,0.28641392182623804
2018-12-26 02:48:00,0.23846812574345222
2018-12-26 02:51:00,0.21941909449401464
2018-12-26 02:54:00,0.25438400559716
2018-12-26 02:57:00,0.2662201893120937
2018-12-26 03:00:00,0.2374538400421784
2018-12-26 03:03:00,0.29926636449465605
2018-12-26 03:06:00,0.21716499141558643
2018-12-26 03:09:00,0.3260453934888119
2018-12-26 03:12:00,0.3078317409045326
2018-12-26 03:15:00,0.3056491998005413
2018-12-26 03:18:00,0.25309526501456503
2018-12-26 03:21:00,0.3165337070634564
2018-12-26 03:24:00,0.37784976252407887
2018-12-26 03:27:00,0.3028762731318011
2018-12-26 03:30:00,0.31381071237859715
2018-12-26 03:33:00,0.269773882042216
2018-12-26 03:36:00,0.3432142264449567
2018-12-26 03:39:00,0.30790748054226924
2018-12-26 03:42:00,0.3175437916905821
2018-12-26 03:45:00,0.39687843919870147
2018-12-26 03:48:00,0.3357278159481325
2018-12-26 03:51:00,0.3003541230328892
2018-12-26 03:54:00,0.2635585000976448
2018-12-26 03:57:00,0.2751421651518058
2018-12-26 04:00:00,0.3303816711230638
2018-12-26 04:03:00,0.3948051073872989
2018-12-26 04:06:00,0.29632410140987986
2018-12-26 04:09:00,0.31991547995687597
2018-12-26 04:12:00,0.3718324806721398
2018-12-26 04:15:00,0.3498885581136051
2018-12-26 04:18:00,0.2418494046941646
2018-12-26 04:21:00,0.3105698230874623
2018-12-26 04:24:00,0.35582181516451783
2018-12-26 04:27:00,0.3286367394737226
2018-12-26 04:30:00,0.36910041409623773
2018-12-26 04:33:00,0.47585842517480614
2018-12-26 04:36:00,0.3529441504908277
2018-12-26 04:39:00,0.2302641288418954
2018-12-26 04:42:00,0.351524403783003
2018-12-26 04:45:00,0.3201918697770907
2018-12-26 04:48:00,0.24864961661131701
2018-12-26 04:51:00,0.27887210890258984
2018-12-26 04:54:00,0.35376224284641467
2018-12-26 04:57:00,0.35504241445494245
2018-12-26 05:00:00,0.34486888019131356
2018-12-26 05:03:00,0.3627435176949234
2018-12-26 05:06:00,0.29799360665168706
2018-12-26 05:09:00,0.3252743549066963
2018-12-26 05:12:00,0.38289921533248616
2018-12-26 05:15:00,0.3189440635974279
2018-12-26 05:18:00,0.29754576239804464
2018-12-26 05:21:00,0.35531003111276505
2018-12-26 05:24:00,0.31049479641779953
2018-12-26 05:27:00,0.42764354598165255
2018-12-26 05:30:00,0.36104328327934354
2018-12-26 05:33:00,0.4040556666641919
2018-12-26 05:36:00,0.3259381602028384
2018-12-26 05:39:00,0.29357496456606214
2018-12-26 05:42:00,0.2837813848143469
2018-12-26 05:45:00,0.37486817286082896
2018-12-26 05:48:00,0.34245408029266855
2018-12-26 05:51:00,0.3400793170865768
2018-12-26 05:54:00,0.3029831409821213
2018-12-26 05:57:00,0.33162613318609147
2018-12-26 06:00:00,0.3301082461008491
2018-12-26 06:03:00,0.33880255632891476
2018-12-26 06:06:00,0.2844459401887889
2018-12-26 06:09:00,0.24898725440664293
2018-12-26 06:12:00,0.345030422859395
2018-12-26 06:15:00,0.3573421880948331
2018-12-26 06:18:00,0.4127221999887638
2018-12-26 06:21:00,0.3982213912537418
2018-12-26 06:24:00,0.35872249398505573
2018-12-26 06:27:00,0.39721781598751704
2018-12-26 06:30:00,0.312560506459306
2018-12-26 06:33:00,0.40298299521487024
2018-12-26 06:36:00,0.33031673966746666
2018-12-26 06:39:00,0.40585313483148866
2018-12-26 06:42:00,0.3646953167532274
2018-12-26 06:45:00,0.32765342027903444
2018-12-26 06:48:00,0.3422867869169295
2018-12-26 06:51:00,0.335579768816217
2018-12-26 06:54:00,0.341693724850586
2018-12-26 06:57:00,0.367356842641982
2018-12-26 07:00:00,0.42170074407704305
2018-12-26 07:03:00,0.3411146565777585
2018-12-26 07:06:00,0.2775807387565692
2018-12-26 07:09:00,0.37954524632829134
2018-12-26 07:12:00,0.30533056106065715
2018-12-26 07:15:00,0.41241575087855153
2018-12-26 07:18:00,0.3316088071031231
2018-12-26 07:21:00,0.3862621632507057
2018-12-26 07:24:00,0.31647385217036117
2018-12-26 07:27:00,0.36131293263264297
2018-12-26 07:30:00,0.2896162932416928
2018-12-26 07:33:00,0.3149029832521819
2018-12-26 07:36:00,0.3037696984582112
2018-12-26 07:39:00,0.30632784538556734
2018-12-26 07:42:00,0.1964829378244417
2018-12-26 07:45:00,0.2746939787647307
2018-12-26 07:48:00,0.2922132925598362
2018-12-26 07:51:00,0.2326595697578
2018-12-26 07:54:00,0.33315427864249614
2018-12-26 07:57:00,0.36789492010967706
2018-12-26 08:00:00,0.27593082158978177
2018-12-26 08:03:00,0.3029508068239579
2018-12-26 08:06:00,0.355043739837015
2018-12-26 08:09:00,0.3005014825816943
2018-12-26 08:12:00,0.1651673975257495
2018-12-26 08:15:00,0.14796624769502387
2018-12-26 08:18:00,0.3094149406792326
2018-12-26 08:21:00,0.24732183671443408
2018-12-26 08:24:00,0.19614623651870033
2018-12-26 08:27:00,0.20819218356422198
2018-12-26 08:30:00,0.2169404891421891
2018-12-26 08:33:00,0.2265133049721726
2018-12-26 08:36:00,0.09695303406130051
2018-12-26 08:39:00,0.15572594301670506
2018-12-26 08:42:00,0.1449731237601668
2018-12-26 08:45:00,0.20911244778687887
2018-12-26 08:48:00,0.1441150204236692
2018-12-26 08:51:00,0.1589171559114675
2018-12-26 08:54:00,0.0986628526544564
2018-12-26 08:57:00,0.041337803891110525
2018-12-26 09:00:00,0.0343369653904233
2018-12-26 09:03:00,0.058310087805239164
2018-12-26 09:06:00,0.15175463489964613
2018-12-26 09:09:00,0.021772249833873047
2018-12-26 09:12:00,-0.048733608991256006
2018-12-26 09:15:00,0.04512271960146563
2018-12-26 09:18:00,0.08846473584964087
2018-12-26 09:21:00,-0.01194931818565692
2018-12-26 09:24:00,0.046902435728100045
2018-12-26 09:27:00,-0.07198398615173573
2018-12-26 09:30:00,-0.011757163447157382
2018-12-26 09:33:00,-0.048919382857548044
2018-12-26 09:36:00,-0.10477679781365623
2018-12-26 09:39:00,-0.011295909089710676
2018-12-26 09:42:00,-0.03753512976760476
2018-12-26 09:45:00,-0.11575462492407951
2018-12-26 09:48:00,-0.12299592195449804
2018-12-26 09:51:00,-0.1032636352845202
2018-12-26 09:54:00,-0.13854435619157357
2018-12-26 09:57:00,-0.12285194080340034
2018-12-26 10:00:00,-0.11546502286074656
2018-12-26 10:03:00,-0.20008294260958337
2018-12-26 10:06:00,-0.19433429028106275
2018-12-26 10:09:00,-0.03216091920234021
2018-12-26 10:12:00,-0.10421190395908297
2018-12-26 10:15:00,-0.19570283325208493
2018-12-26 10:18:00,-0.09401762126680069
2018-12-26 10:21:00,-0.09456634347861836
2018-12-26 10:24:00,-0.2087989181748071
2018-12-26 10:27:00,-0.1591213763252881
2018-12-26 10:30:00,-0.18907445534586031
2018-12-26 10:33:00,-0.20446229772471725
2018-12-26 10:36:00,-0.18703130200231044
2018-12-26 10:39:00,-0.12164857006615648
2018-12-26 10:42:00,-0.25641722687578294
2018-12-26 10:45:00,-0.2018656278276012
2018-12-26 10:48:00,-0.1338891970115128
2018-12-26 10:51:00,-0.17846688770521268
2018-12-26 10:54:00,-0.2436573762508374
2018-12-26 10:57:00,-0.2711623054165102
2018-12-26 11:00:00,-0.1791282059583068
2018-12-26 11:03:00,-0.19802457723443467
2018-12-26 11:06:00,-0.0809453362562067
2018-12-26 11:09:00,-0.20856443349060783
2018-12-26 11:12:00,-0.3112328389971708
2018-12-26 11:15:00,-0.2501717258291478
2018-12-26 11:18:00,-0.17285686995290916
2018-12-26 11:21:00,-0.2656194541795003
2018-12-26 11:24:00,-0.18903614206897146
2018-12-26 11:27:00,-0.253967030834815
2018-12-26 11:30:00,-0.27528980951819904
2018-12-26 11:33:00,-0.2328907330414154
2018-12-26 11:36:00,-0.23024500683749238
2018-12-26 11:39:00,-0.246308760126567
2018-12-26 11:42:00,-0.35742112515458757
2018-12-26 11:45:00,-0.16841722761597566
2018-12-26 11:48:00,-0.3261215916715514
2018-12-26 11:51:00,-0.34666469655866194
2018-12-26 11:54:00,-0.29881959556399806
2018-12-26 11:57:00,-0.3146432023404486
2018-12-26 12:00:00,-0.3690403415170067
2018-12-26 12:03:00,-0.3441526545560123
2018-12-26 12:06:00,-0.37121635980901146
2018-12-26 12:09:00,-0.38329896082927917
2018-12-26 12:12:00,-0.3094937259186281
2018-12-26 12:15:00,-0.35218990966103547
2018-12-26 12:18:00,-0.25288820178815286
2018-12-26 12:21:00,-0.32843577425052217
2018-12-26 12:24:00,-0.2976561001016762
2018-12-26 12:27:00,-0.27686740316482883
2018-12-26 12:30:00,-0.33900381625426235
2018-12-26 12:33:00,-0.30564439266419186
2018-12-26 12:36:00,-0.34250362661703093
2018-12-26 12:39:00,-0.4760932706266203
2018-12-26 12:42:00,-0.3810383675207163
2018-12-26 12:45:00,-0.3899281749998522
2018-12-26 12:48:00,-0.3496687950029127
2018-12-26 12:51:00,-0.3160819855135628
2018-12-26 12:54:00,-0.3242825200143784
2018-12-26 12:57:00,-0.34550158262476316
2018-12-26 13:00:00,-0.4059322851831553
2018-12-26 13:03:00,-0.3286628443479458
2018-12-26 13:06:00,-0.37170124158097906
2018-12-26 13:09:00,-0.4532796022782577
2018-12-26 13:12:00,-0.42684921098862105
2018-12-26 13:15:00,-0.49993679892457976
2018-12-26 13:18:00,-0.4888667647045395
2018-12-26 13:21:00,-0.35841055674239897
2018-12-26 13:24:00,-0.3630501672566311
2018-12-26 13:27:00,-0.31689418696629446
2018-12-26 13:30:00,-0.3407402266967665
2018-12-26 13:33:00,-0.40140192729933233
2018-12-26 13:36:00,-0.4195574766470713
2018-12-26 13:39:00,-0.4318327913886719
2018-12-26 13:42:00,-0.41282045106692067
2018-12-26 13:45:00,-0.29839541689750604
2018-12-26 13:48:00,-0.2658477595790032
2018-12-26 13:51:00,-0.4408309075807324
2018-12-26 13:54:00,-0.3265982065768185
2018-12-26 13:57:00,-0.36911292006425356
2018-12-26 14:00:00,-0.4058998858767495
2018-12-26 14:03:00,-0.25444584142502435
2018-12-26 14:06:00,-0.19033685007036638
2018-12-26 14:09:00,-0.29501628954864145
2018-12-26 14:12:00,-0.31631588649275955
2018-12-26 14:15:00,-0.3660104634646473
2018-12-26 14:18:00,-0.2921517411253376
2018-12-26 14:21:00,-0.26241613216177484
2018-12-26 14:24:00,-0.2578631142583845
2018-12-26 14:27:00,-0.3347271344256342
2018-12-26 14:30:00,-0.3586047616940391
2018-12-26 14:33:00,-0.2681028408221664
2018-12-26 14:36:00,-0.3962199125484176
2018-12-26 14:39:00,-0.40787720657260707
2018-12-26 14:42:00,-0.3111352298428187
2018-12-26 14:45:00,-0.3816535046116769
2018-12-26 14:48:00,-0.3510624608852595
2018-12-26 14:51:00,-0.3614176582570394
2018-12-26 14:54:00,-0.3249561231552889
2018-12-26 14:57:00,-0.26985354916070037
2018-12-26 15:00:00,-0.3011060812943356
2018-12-26 15:03:00,-0.39717662441972834
2018-12-26 15:06:00,-0.35861993700547146
2018-12-26 15:09:00,-0.29815682097506624
2018-12-26 15:12:00,-0.5085632813435836
2018-12-26 15:15:00,-0.37215337195232223
2018-12-26 15:18:00,-0.32302079175588005
2018-12-26 15:21:00,-0.2847764745920358
2018-12-26 15:24:00,-0.46242855869058985
2018-12-26 15:27:00,-0.4626710505538085
2018-12-26 15:30:00,-0.5142879635533291
2018-12-26 15:33:00,-0.3785229626442401
2018-12-26 15:36:00,-0.44412144466610926
2018-12-26 15:39:00,-0.44959812489548767
2018-12-26 15:42:00,-0.6268014061551526
2018-12-26 15:45:00,-0.4253732212578143
2018-12-26 15:48:00,-0.5174165851179282
2018-12-26 15:51:00,-0.4397414602100298
2018-12-26 15:54:00,-0.5387017384961155
2018-12-26 15:57:00,-0.49569500691677604
2018-12-26 16:00:00,-0.5233461149333039
2018-12-26 16:03:00,-0.4095712897358794
2018-12-26 16:06:00,-0.40420570296998903
2018-12-26 16:09:00,-0.5278198738428159
2018-12-26 16:12:00,-0.43870418770541164
2018-12-26 16:15:00,-0.3724701967230999
2018-12-26 16:18:00,-0.3164684136984306
2018-12-26 16:21:00,-0.3109858489511339
2018-12-26 16:24:00,-0.4338777588540097
2018-12-26 16:27:00,-0.3429534915831596
2018-12-26 16:30:00,-0.2820640387283788
2018-12-26 16:33:00,-0.2539416529885443
2018-12-26 16:36:00,-0.26454213026204343
2018-12-26 16:39:00,-0.2086750100933159
2018-12-26 16:42:00,-0.13762517924641315
2018-12-26 16:45:00,-0.22525941735636934
2018-12-26 16:48:00,-0.23126490022445978
2018-12-26 16:51:00,-0.2412469033540674
2018-12-26 16:54:00,-0.16788206536068628
2018-12-26 16:57:00,-0.2109029885495488
2018-12-26 17:00:00,-0.14851161437496785
2018-12-26 17:03:00,-0.26407648342956236
2018-12-26 17:06:00,-0.20941114551021656
2018-12-26 17:09:00,-0.17110935616409506
2018-12-26 17:12:00,-0.19112631795275092
2018-12-26 17:15:00,-0.08708908392787862
2018-12-26 17:18:00,-0.19478801276522972
2018-12-26 17:21:00,-0.07077165498401428
2018-12-26 17:24:00,-0.0897230469267356
2018-12-26 17:27:00,-0.1625947276028228
2018-12-26 17:30:00,-0.1228021662715264
2018-12-26 17:33:00,-0.12466744711264255
2018-12-26 17:36:00,-0.12801107011523527
2018-12-26 17:39:00,-0.22134483008198913
2018-12-26 17:42:00,-0.2204483008985676
2018-12-26 17:45:00,-0.18623723931199265
2018-12-26 17:48:00,-0.14418724084691803
2018-12-26 17:51:00,-0.12019403351274605
2018-12-26 17:54:00,-0.12823857209593825
2018-12-26 17:57:00,-0.17679440495248855
2018-12-26 18:00:00,-0.17766944324893075
2018-12-26 18:03:00,-0.1375066619677341
2018-12-26 18:06:00,-0.1311340257063307
2018-12-26 18:09:00,-0.035887198314810576
2018-12-26 18:12:00,-0.10510704061266551
2018-12-26 18:15:00,-0.07345993788800342
2018-12-26 18:18:00,-0.12468457600266447
2018-12-26 18:21:00,-0.17784452199407497
2018-12-26 18:24:00,-0.14667657660521627
2018-12-26 18:27:00,-0.17218019254477213
2018-12-26 18:30:00,-0.17603493617502863
2018-12-26 18:33:00,-0.16644275697734656
2018-12-26 18:36:00,-0.18084725739754504
2018-12-26 18:39:00,-0.13713997609198714
2018-12-26 18:42:00,-0.05434618413806902
2018-12-26 18:45:00,-0.07131690819647929
2018-12-26 18:48:00,-0.02482430405910918
2018-12-26 18:51:00,-0.0599638836692975
2018-12-26 18:54:00,
2018-12-26 18:57:00,
2018-12-26 19:00:00,
2018-12-26 19:03:00,-0.023751608327643225
2018-12-26 19:06:00,-0.05119994591206023
2018-12-26 19:09:00,-0.08677860070434917
2018-12-26 19:12:00,-0.03707796374033023
2018-12-26 19:15:00,-0.06087689814552277
2018-12-26 19:18:00,0.017539196640882437
2018-12-26 19:21:00,0.06477682573932952
2018-12-26 19:24:00,-0.02288762666336197
2018-12-26 19:27:00,0.04093316477468534
2018-12-26 19:30:00,0.016929987389232792
2018-12-26 19:33:00,0.035989353159834536
2018-12-26 19:36:00,0.054055973544336666
2018-12-26 19:39:00,0.16539694894527202
2018-12-26 19:42:00,0.14914979421325825
2018-12-26 19:45:00,0.10578475241675278
2018-12-26 19:48:00,0.0687107914096714
2018-12-26 19:51:00,0.029141320203336818
2018-12-26 19:54:00,0.1916975674308219
2018-12-26 19:57:00,0.07761721560427759
2018-12-26 20:00:00,0.05920902148324103
2018-12-26 20:03:00,0.14795956303510138
2018-12-26 20:06:00,0.08465792500743419
2018-12-26 20:09:00,0.06050500133892456
2018-12-26 20:12:00,0.14026002069920196
2018-12-26 20:15:00,0.21749996211048028
2018-12-26 20:18:00,0.10361090875835544
2018-12-26 20:21:00,0.0824256738155782
2018-12-26 20:24:00,0.03099311642165503
2018-12-26 20:27:00,0.10802706791469063
2018-12-26 20:30:00,0.06644085576897396
2018-12-26 20:33:00,0.12771623172358204
2018-12-26 20:36:00,0.08287199715545057
2018-12-26 20:39:00,0.12727169342906564
2018-12-26 20:42:00,0.078950074704494
2018-12-26 20:45:00,0.12056144655156231
2018-12-26 20:48:00,0.11319404040341396
2018-12-26 20:51:00,0.1267643132965759
2018-12-26 20:54:00,0.15703726691322117
2018-12-26 20:57:00,0.21469380926345139
2018-12-26 21:00:00,0.19611799171167377
2018-12-26 21:03:00,0.1404111176037759
2018-12-26 21:06:00,0.23025616985290753
2018-12-26 21:09:00,0.19167514167179434
2018-12-26 21:12:00,0.21356373340887558
2018-12-26 21:15:00,0.13488468569357792
2018-12-26 21:18:00,0.22364716321447986
2018-12-26 21:21:00,0.23648946455278974
2018-12-26 21:24:00,0.17520736717739283
2018-12-26 21:27:00,0.18503614969768023
2018-12-26 21:30:00,0.2336653078513109
2018-12-26 21:33:00,0.18764952120807266
2018-12-26 21:36:00,0.23611569846775637
2018-12-26 21:39:00,0.22489786899797082
2018-12-26 21:42:00,0.1569293849291853
2018-12-26 21:45:00,0.15873315102766128
2018-12-26 21:48:00,0.22889688129964725
2018-12-26 21:51:00,0.16739706668533927
2018-12-26 21:54:00,0.19016711629819838
2018-12-26 21:57:00,0.3107726376576352
2018-12-26 22:00:00,0.167686771156923
2018-12-26 22:03:00,0.12036750617915004
2018-12-26 22:06:00,0.2771006087646697
2018-12-26 22:09:00,0.16889825929524704
2018-12-26 22:12:00,0.2407357574165303
2018-12-26 22:15:00,0.1479834605428323
2018-12-26 22:18:00,0.2104201689849674
2018-12-26 22:21:00,0.30172953317219253
2018-12-26 22:24:00,0.14427961002758138
2018-12-26 22:27:00,0.23592306467696744
2018-12-26 22:30:00,0.28506184143026303
2018-12-26 22:33:00,0.17134751169999163
2018-12-26 22:36:00,0.36960419712153225
2018-12-26 22:39:00,0.17342628893294432
2018-12-26 22:42:00,0.2379579306812616
2018-12-26 22:45:00,0.14043863614909924
2018-12-26 22:48:00,0.2318502261427966
2018-12-26 22:51:00,0.2089175119109541
2018-12-26 22:54:00,0.15696917649648867
2018-12-26 22:57:00,0.16239873428111196
2018-12-26 23:00:00,0.17229598721451111
2018-12-26 23:03:00,0.24876119702099686
2018-12-26 23:06:00,0.19510369059997856
2018-12-26 23:09:00,0.200886398820046
2018-12-26 23:12:00,0.29713265188820515
2018-12-26 23:15:00,0.2740003024721318
2018-12-26 23:18:00,0.3558795681106517
2018-12-26 23:21:00,0.24243903075887374
2018-12-26 23:24:00,0.2642651489140917
2018-12-26 23:27:00,0.29678330784810214
2018-12-26 23:30:00,0.24204167194483261
2018-12-26 23:33:00,0.2326510280050229
2018-12-26 23:36:00,0.3549733015879042
2018-12-26 23:39:00,0.27313649878738033
2018-12-26 23:42:00,0.23470913394766058
2018-12-26 23:45:00,0.17967062629026032
2018-12-26 23:48:00,0.2575163760104715
2018-12-26 23:51:00,0.26798061305794363
2018-12-26 23:54:00,0.26076508490785955
2018-12-26 23:57:00,0.3404917369638838
2018-12-27 00:00:00,0.22298363122439468
2018-12-27 00:03:00,0.32560873886910713
2018-12-27 00:06:00,0.26340500541908796
2018-12-27 00:09:00,0.3043411515349135
2018-12-27 00:12:00,0.41734719656290054
2018-12-27 00:15:00,0.3699658321220909
2018-12-27 00:18:00,0.3555324356445908
2018-12-27 00:21:00,0.3875007391549161
2018-12-27 00:24:00,0.44750046105912133
2018-12-27 00:27:00,0.4326449618552033
2018-12-27 00:30:00,0.25301000211561586
2018-12-27 00:33:00,0.30754419515386644
2018-12-27 00:36:00,0.4277167208992978
2018-12-27 00:39:00,0.3544264827992265
2018-12-27 00:42:00,0.39069142959795045
2018-12-27 00:45:00,0.37712915124023993
2018-12-27 00:48:00,0.3973730206239452
2018-12-27 00:51:00,0.3605978690096663
2018-12-27 00:54:00,0.40977149002225133
2018-12-27 00:57:00,0.4122942292415246
2018-12-27 01:00:00,0.3257743325664251
2018-12-27 01:03:00,0.3950533545153121
2018-12-27 01:06:00,0.43497441164169004
2018-12-27 01:09:00,0.41092470328931086
2018-12-27 01:12:00,0.3887770747924151
2018-12-27 01:15:00,0.44981819048877014
2018-12-27 01:18:00,0.4235388535653897
2018-12-27 01:21:00,0.42395871376521654
2018-12-27 01:24:00,0.44096414455799504
2018-12-27 01:27:00,0.3986113589082265
2018-12-27 01:30:00,0.3310473287112927
2018-12-27 01:33:00,0.40972156987282915
2018-12-27 01:36:00,0.40656561834657623
2018-12-27 01:39:00,0.403551935438486
2018-12-27 01:42:00,0.4201897945884525
2018-12-27 01:45:00,0.38700260730939817
2018-12-27 01:48:00,0.51181642748071
2018-12-27 01:51:00,0.4220254400259478
2018-12-27 01:54:00,0.364771521594605
2018-12-27 01:57:00,0.45659797530919377
2018-12-27 02:00:00,0.478232078503936
2018-12-27 02:03:00,0.410434596047196
2018-12-27 02:06:00,0.4729066996737856
2018-12-27 02:09:00,0.3713939364902217
2018-12-27 02:12:00,0.40181980178607546
2018-12-27 02:15:00,0.35158797435195766
2018-12-27 02:18:00,0.37727340114497565
2018-12-27 02:21:00,0.43121961392040475
2018-12-27 02:24:00,0.4253019124821549
2018-12-27 02:27:00,0.4996806436996053
2018-12-27 02:30:00,0.5111980831077858
2018-12-27 02:33:00,0.476322753041984
2018-12-27 02:36:00,0.42977654069187565
2018-12-27 02:39:00,0.40782865785348577
2018-12-27 02:42:00,0.4948807242419093
2018-12-27 02:45:00,0.47454253230830545
2018-12-27 02:48:00,0.43578509665309184
2018-12-27 02:51:00,0.3525075759274614
2018-12-27 02:54:00,0.46308630618989355
2018-12-27 02:57:00,0.470883173625225
2018-12-27 03:00:00,0.5755255328404019
2018-12-27 03:03:00,0.5092213268334831
2018-12-27 03:06:00,0.45475240876766065
2018-12-27 03:09:00,0.5315941225219944
2018-12-27 03:12:00,0.3809888825032317
2018-12-27 03:15:00,0.5145927713298875
2018-12-27 03:18:00,0.4455948116088848
2018-12-27 03:21:00,0.3630297572262293
2018-12-27 03:24:00,0.45067030867141966
2018-12-27 03:27:00,0.4202160677136817
2018-12-27 03:30:00,0.4603105950711779
2018-12-27 03:33:00,0.5174286609227465
2018-12-27 03:36:00,0.5087117023322207
2018-12-27 03:39:00,0.5641653750736282
2018-12-27 03:42:00,0.5243629878847855
2018-12-27 03:45:00,0.5118917252534061
2018-12-27 03:48:00,0.44903490789761236
2018-12-27 03:51:00,0.5484010329548141
2018-12-27 03:54:00,0.5275906574433975
2018-12-27 03:57:00,0.5773741399852952
2018-12-27 04:00:00,0.57686642641454
2018-12-27 04:03:00,0.44732432506924624
2018-12-27 04:06:00,0.487447750635738
2018-12-27 04:09:00,0.47286706965655867
2018-12-27 04:12:00,0.4866015236706289
2018-12-27 04:15:00,0.5813778569227566
2018-12-27 04:18:00,0.5509809766708145
2018-12-27 04:21:00,0.6593718143322462
2018-12-27 04:24:00,0.5898273804944552
2018-12-27 04:27:00,0.4745010959181286
2018-12-27 04:30:00,0.5466344662464167
2018-12-27 04:33:00,0.47158766710577993
2018-12-27 04:36:00,0.5498077184635122
2018-12-27 04:39:00,0.508417055303255
2018-12-27 04:42:00,0.49311226494484117
2018-12-27 04:45:00,0.5161223791185421
2018-12-27 04:48:00,0.5875764510942645
2018-12-27 04:51:00,0.5667865448048133
2018-12-27 04:54:00,0.5625940176801123
2018-12-27 04:57:00,0.5485885672746917
2018-12-27 05:00:00,0.5574928319453534
2018-12-27 05:03:00,0.5624949523947294
2018-12-27 05:06:00,0.6055675067727293
2018-12-27 05:09:00,0.5342489615902082
2018-12-27 05:12:00,0.5113700812877369
2018-12-27 05:15:00,0.5014222586648316
2018-12-27 05:18:00,0.5819720295996831
2018-12-27 05:21:00,0.5008536034817439
2018-12-27 05:24:00,0.514602312298166
2018-12-27 05:27:00,0.5401529415156006
2018-12-27 05:30:00,0.6240731716216033
2018-12-27 05:33:00,0.5858917652982427
2018-12-27 05:36:00,0.5003543816342244
2018-12-27 05:39:00,0.5266393162310123
2018-12-27 05:42:00,0.5658825829723355
2018-12-27 05:45:00,0.5745194646358982
2018-12-27 05:48:00,0.6747609481101335
2018-12-27 05:51:00,0.5825318990541177
2018-12-27 05:54:00,0.5823169983950152
2018-12-27 05:57:00,0.6012522156504474
2018-12-27 06:00:00,0.5742150941276236
2018-12-27 06:03:00,0.6292485153124403
2018-12-27 06:06:00,0.663080820668938
2018-12-27 06:09:00,0.6145392489066239
2018-12-27 06:12:00,0.5895104024467628
2018-12-27 06:15:00,0.6513642982192778
2018-12-27 06:18:00,0.7339153960602971
2018-12-27 06:21:00,0.5804538116745448
2018-12-27 06:24:00,0.6638687441687807
2018-12-27 06:27:00,0.5257765238089291
2018-12-27 06:30:00,0.614935018416702
2018-12-27 06:33:00,0.6129957004663993
2018-12-27 06:36:00,0.6800682782618424
2018-12-27 06:39:00,0.6157448090518187
2018-12-27 06:42:00,0.5778506657151183
2018-12-27 06:45:00,0.6108300628688426
2018-12-27 06:48:00,0.5593723726829012
2018-12-27 06:51:00,0.6770354767269282
2018-12-27 06:54:00,0.6011011892931606
2018-12-27 06:57:00,0.609007443254427
2018-12-27 07:00:00,0.5815955903600525
2018-12-27 07:03:00,0.533474343979492
2018-12-27 07:06:00,0.5683416363420974
2018-12-27 07:09:00,0.6248147904400412
2018-12-27 07:12:00,0.5306000318042834
2018-12-27 07:15:00,0.6175147321206396
2018-12-27 07:18:00,0.6225867684764808
2018-12-27 07:21:00,0.6959196421076967
2018-12-27 07:24:00,0.665055381214529
2018-12-27 07:27:00,0.540940599852604
2018-12-27 07:30:00,0.6177621423212258
2018-12-27 07:33:00,0.5899384105154581
2018-12-27 07:36:00,0.53135477820706
2018-12-27 07:39:00,0.5427505561627868
2018-12-27 07:42:00,0.5429660830231455
2018-12-27 07:45:00,0.4833946860615015
2018-12-27 07:48:00,0.5632517757802589
2018-12-27 07:51:00,0.5928486166276912
2018-12-27 07:54:00,0.5081447292288885
2018-12-27 07:57:00,0.546620245334168
2018-12-27 08:00:00,0.6077088938232009
2018-12-27 08:03:00,0.6209152095493664
2018-12-27 08:06:00,0.5556512993275078
2018-12-27 08:09:00,0.5801383546670991
2018-12-27 08:12:00,0.49950273625609043
2018-12-27 08:15:00,0.5942197800732743
2018-12-27 08:18:00,0.46971174533649673
2018-12-27 08:21:00,0.5038143282599208
2018-12-27 08:24:00,0.5692458325874554
2018-12-27 08:27:00,0.47660600344681825
2018-12-27 08:30:00,0.465171169100131
2018-12-27 08:33:00,0.5531315768012064
2018-12-27 08:36:00,0.5331104952128953
2018-12-27 08:39:00,0.46180935626438213
2018-12-27 08:42:00,0.4533811755283068
2018-12-27 08:45:00,0.4857783712295145
2018-12-27 08:48:00,0.2641653235592685
2018-12-27 08:51:00,0.4660564061905461
2018-12-27 08:54:00,0.3787209356676726
2018-12-27 08:57:00,0.43428474398376693
2018-12-27 09:00:00,0.32534772761596287
2018-12-27 09:03:00,0.3016807798740615
2018-12-27 09:06:00,0.32303394757008164
2018-12-27 09:09:00,0.3033287100655002
2018-12-27 09:12:00,0.32244824399174377
2018-12-27 09:15:00,0.3305113656278422
2018-12-27 09:18:00,0.15333926470049164
2018-12-27 09:21:00,0.21170405450391172
2018-12-27 09:24:00,0.2743795638887718
2018-12-27 09:27:00,0.27185127853783797
2018-12-27 09:30:00,0.27055179231854254
2018-12-27 09:33:00,0.24459722399348038
2018-12-27 09:36:00,0.1807053560659142
2018-12-27 09:39:00,0.22891395950273363
2018-12-27 09:42:00,0.11588958487811851
2018-12-27 09:45:00,0.15139110745559492
2018-12-27 09:48:00,0.11803383789265354
2018-12-27 09:51:00,0.027055771040522814
2018-12-27 09:54:00,0.09189956005639033
2018-12-27 09:57:00,-0.0024140952980928887
2018-12-27 10:00:00,-0.059840249999581374
2018-12-27 10:03:00,-0.0005105837944938685
2018-12-27 10:06:00,-0.004358723824907429
2018-12-27 10:09:00,-0.10495091133822143
2018-12-27 10:12:00,-0.020158315484820832
2018-12-27 10:15:00,0.027855881727475662
2018-12-27 10:18:00,-0.04451457832374217
2018-12-27 10:21:00,-0.1088336333867801
2018-12-27 10:24:00,-0.172274693115412
2018-12-27 10:27:00,-0.0995779535580823
2018-12-27 10:30:00,-0.06380056078938878
2018-12-27 10:33:00,-0.1682039414782821
2018-12-27 10:36:00,-0.1490843554527146
2018-12-27 10:39:00,-0.18545980867145317
2018-12-27 10:42:00,-0.15039608792841364
2018-12-27 10:45:00,-0.11233867379348794
2018-12-27 10:48:00,-0.23124399508566285
2018-12-27 10:51:00,-0.18185849627815287
2018-12-27 10:54:00,-0.16633849285352653
2018-12-27 10:57:00,-0.1923688107078192
2018-12-27 11:00:00,-0.27655443083710907
2018-12-27 11:03:00,-0.23595082604077788
2018-12-27 11:06:00,-0.19588068430539352
2018-12-27 11:09:00,-0.23709375546849287
2018-12-27 11:12:00,-0.29248672069536497
2018-12-27 11:15:00,-0.34228380474593223
2018-12-27 11:18:00,-0.2979668635771304
2018-12-27 11:21:00,-0.2632847011321928
2018-12-27 11:24:00,-0.3414564309219372
2018-12-27 11:27:00,-0.21477440266119174
2018-12-27 11:30:00,-0.3043753433491361
2018-12-27 11:33:00,-0.29400124501694336
2018-12-27 11:36:00,-0.2390794497326283
2018-12-27 11:39:00,-0.21830450212246433
2018-12-27 11:42:00,-0.26994542490137974
2018-12-27 11:45:00,-0.23789652653147186
2018-12-27 11:48:00,-0.29649028436642766
2018-12-27 11:51:00,-0.25063331022420243
2018-12-27 11:54:00,-0.2960409998717637
2018-12-27 11:57:00,-0.316560360577796
2018-12-27 12:00:00,-0.3435112874453239
2018-12-27 12:03:00,-0.23602107029148556
2018-12-27 12:06:00,-0.2800057718831681
2018-12-27 12:09:00,-0.4008193626366392
2018-12-27 12:12:00,-0.2534284926100554
2018-12-27 12:15:00,-0.4009995660034633
2018-12-27 12:18:00,-0.3760236875908163
2018-12-27 12:21:00,-0.4217141199313801
2018-12-27 12:24:00,-0.3839369244325326
2018-12-27 12:27:00,-0.3273026332428799
2018-12-27 12:30:00,-0.3079734595137893
2018-12-27 12:33:00,-0.2915242671105034
2018-12-27 12:36:00,-0.4127367485253899
2018-12-27 12:39:00,-0.37976174859255707
2018-12-27 12:42:00,-0.3227888830494976
2018-12-27 12:45:00,-0.3624688493663939
2018-12-27 12:48:00,-0.4019455730209529
2018-12-27 12:51:00,-0.46497630448789096
2018-12-27 12:54:00,-0.3396428527751709
2018-12-27 12:57:00,-0.5238571937361485
2018-12-27 13:00:00,-0.3339211481086295
2018-12-27 13:03:00,-0.27215015008329146
2018-12-27 13:06:00,-0.24377233998251313
2018-12-27 13:09:00,-0.18162656042846947
2018-12-27 13:12:00,-0.23371057799698747
2018-12-27 13:15:00,-0.21626776115499524
2018-12-27 13:18:00,-0.24976899025853072
2018-12-27 13:21:00,-0.3092564291633835
2018-12-27 13:24:00,-0.22713300541914805
2018-12-27 13:27:00,-0.4144063021812485
2018-12-27 13:30:00,-0.5728563436704803
2018-12-27 13:33:00,-0.4151052165946112
2018-12-27 13:36:00,-0.3344430139947008
2018-12-27 13:39:00,-0.3233002820151114
2018-12-27 13:42:00,-0.37666761643606606
2018-12-27 13:45:00,-0.3428392565141962
2018-12-27 13:48:00,-0.19620951871877423
2018-12-27 13:51:00,-0.35821254964497484
2018-12-27 13:54:00,-0.3179895268992823
2018-12-27 13:57:00,-0.435032082026396
2018-12-27 14:00:00,-0.48790429273873315
2018-12-27 14:03:00,-0.4593902539000396
2018-12-27 14:06:00,-0.3900314853814848
2018-12-27 14:09:00,-0.37633984080838445
2018-12-27 14:12:00,-0.4148236667298306
2018-12-27 14:15:00,-0.3623642524015622
2018-12-27 14:18:00,-0.3352029487040795
2018-12-27 14:21:00,-0.41754024263991596
2018-12-27 14:24:00,-0.5109243488635116
2018-12-27 14:27:00,-0.4377058343354179
2018-12-27 14:30:00,-0.325709845645747
2018-12-27 14:33:00,-0.2541705139773285
2018-12-27 14:36:00,-0.4254902737218913
2018-12-27 14:39:00,-0.45245257170569175
2018-12-27 14:42:00,-0.47460885280980847
2018-12-27 14:45:00,-0.362769645589367
2018-12-27 14:48:00,-0.4625002991940619
2018-12-27 14:51:00,-0.47375972678366907
2018-12-27 14:54:00,-0.3729877711689369
2018-12-27 14:57:00,-0.4368689271825019
2018-12-27 15:00:00,-0.4512505067938264
2018-12-27 15:03:00,-0.43095524732211743
2018-12-27 15:06:00,-0.42665965900852143
2018-12-27 15:09:00,-0.5187241903876725
2018-12-27 15:12:00,-0.43271807369808357
2018-12-27 15:15:00,-0.4864088154262163
2018-12-27 15:18:00,-0.4007754122065421
2018-12-27 15:21:00,-0.35258887604669553
2018-12-27 15:24:00,-0.4561833268972464
2018-12-27 15:27:00,-0.45455418107115975
2018-12-27 15:30:00,-0.45857861046408743
2018-12-27 15:33:00,-0.4761483866618619
2018-12-27 15:36:00,-0.4204614801060984
2018-12-27 15:39:00,-0.45689004300629676
2018-12-27 15:42:00,-0.2978307270275309
2018-12-27 15:45:00,-0.26457307727247326
2018-12-27 15:48:00,-0.2798875435412356
2018-12-27 15:51:00,-0.4423569537115668
2018-12-27 15:54:00,-0.39143068197194
2018-12-27 15:57:00,-0.25311957632993654
2018-12-27 16:00:00,-0.3074990067173644
2018-12-27 16:03:00,-0.40750812411602055
2018-12-27 16:06:00,-0.3959706517546806
2018-12-27 16:09:00,-0.3809200835249271
2018-12-27 16:12:00,-0.4016823141437271
2018-12-27 16:15:00,-0.3861734134906101
2018-12-27 16:18:00,-0.38400815767874974
2018-12-27 16:21:00,-0.30498741579543776
2018-12-27 16:24:00,-0.418753830186688
2018-12-27 16:27:00,-0.41427142178878285
2018-12-27 16:30:00,-0.3266917185821967
2018-12-27 16:33:00,-0.3366963814857513
2018-12-27 16:36:00,-0.35966738478651905
2018-12-27 16:39:00,-0.3702608925850086
2018-12-27 16:42:00,-0.347389758146619
2018-12-27 16:45:00,-0.42635496838158815
2018-12-27 16:48:00,-0.2923420098261431
2018-12-27 16:51:00,-0.24777463234545394
2018-12-27 16:54:00,-0.34306557591713727
2018-12-27 16:57:00,-0.32874881215491314
2018-12-27 17:00:00,-0.39001080045989056
2018-12-27 17:03:00,-0.31529771958520314
2018-12-27 17:06:00,-0.36741924256489256
2018-12-27 17:09:00,-0.3099011550373234
2018-12-27 17:12:00,-0.3154931264477341
2018-12-27 17:15:00,-0.273146530554925
2018-12-27 17:18:00,-0.3048496647559773
2018-12-27 17:21:00,-0.3015296559491958
2018-12-27 17:24:00,-0.24820154504720904
2018-12-27 17:27:00,-0.2678419306705564
2018-12-27 17:30:00,-0.3191544784560847
2018-12-27 17:33:00,-0.31896593712320964
2018-12-27 17:36:00,-0.40808709667061294
2018-12-27 17:39:00,-0.23611075463043107
2018-12-27 17:42:00,-0.2851675342189992
2018-12-27 17:45:00,-0.3245095468991508
2018-12-27 17:48:00,-0.3658178019474576
2018-12-27 17:51:00,-0.33075981585693626
2018-12-27 17:54:00,-0.30736997252154197
2018-12-27 17:57:00,-0.344963200227312
2018-12-27 18:00:00,-0.19702155820061762
2018-12-27 18:03:00,-0.23417383184562368
2018-12-27 18:06:00,-0.2245430285215093
2018-12-27 18:09:00,-0.2830658445066092
2018-12-27 18:12:00,-0.21011799993431168
2018-12-27 18:15:00,-0.21186713582000039
2018-12-27 18:18:00,-0.23937477992996037
2018-12-27 18:21:00,-0.2600746586525702
2018-12-27 18:24:00,-0.3333176837332985
2018-12-27 18:27:00,-0.20460019849491573
2018-12-27 18:30:00,-0.2406220492466673
2018-12-27 18:33:00,-0.25746880150296647
2018-12-27 18:36:00,-0.18939209320058126
2018-12-27 18:39:00,-0.19826850303786614
2018-12-27 18:42:00,-0.22602179294329972
2018-12-27 18:45:00,-0.18138904778129472
2018-12-27 18:48:00,-0.22838920859419432
2018-12-27 18:51:00,-0.20029847901241737
2018-12-27 18:54:00,
2018-12-27 18:57:00,
2018-12-27 19:00:00,
2018-12-27 19:03:00,-0.14574621181350267
2018-12-27 19:06:00,-0.09650709062117357
2018-12-27 19:09:00,-0.07860044512904096
2018-12-27 19:12:00,-0.1333101115872637
2018-12-27 19:15:00,-0.12314356426622908
2018-12-27 19:18:00,-0.03552092656121886
2018-12-27 19:21:00,-0.029824911083949246
2018-12-27 19:24:00,-0.09893321335960081
2018-12-27 19:27:00,-0.059661086352321036
2018-12-27 19:30:00,-0.07187601295504464
2018-12-27 19:33:00,-0.0652625767348809
2018-12-27 19:36:00,0.04100530654818613
2018-12-27 19:39:00,0.018633508387665643
2018-12-27 19:42:00,-0.024585357243608996
2018-12-27 19:45:00,0.039198003379112833
2018-12-27 19:48:00,0.022629972915638064
2018-12-27 19:51:00,0.01902064317721397
2018-12-27 19:54:00,0.018265903506915038
2018-12-27 19:57:00,0.05132747666903015
2018-12-27 20:00:00,0.14432025405835702
2018-12-27 20:03:00,0.14818094391682735
2018-12-27 20:06:00,0.12392112840427671
2018-12-27 20:09:00,0.17688484021817885
2018-12-27 20:12:00,0.15222439408779564
2018-12-27 20:15:00,0.014830523905402515
2018-12-27 20:18:00,0.06308419015738309
2018-12-27 20:21:00,0.10479320876913789
2018-12-27 20:24:00,0.05754547880479777
2018-12-27 20:27:00,0.1330686505695553
2018-12-27 20:30:00,0.09042122379088369
2018-12-27 20:33:00,0.11696739925270094
2018-12-27 20:36:00,0.12474233294602755
2018-12-27 20:39:00,0.038065940090632466
2018-12-27 20:42:00,0.11474304018810244
2018-12-27 20:45:00,0.13882538944613998
2018-12-27 20:48:00,0.14795605397620193
2018-12-27 20:51:00,0.17665834275629777
2018-12-27 20:54:00,0.12897569300173473
2018-12-27 20:57:00,0.18909247269027674
2018-12-27 21:00:00,0.2147221701849844
2018-12-27 21:03:00,0.0831227459552224
2018-12-27 21:06:00,0.1985915342402791
2018-12-27 21:09:00,0.14634826351021957
2018-12-27 21:12:00,0.16326499354926227
2018-12-27 21:15:00,0.144336209375183
2018-12-27 21:18:00,0.21327861259300107
2018-12-27 21:21:00,0.21959814911724607
2018-12-27 21:24:00,0.1436731803847806
2018-12-27 21:27:00,0.19130412693579046
2018-12-27 21:30:00,0.18445923239664808
2018-12-27 21:33:00,0.09902905602854162
2018-12-27 21:36:00,0.2601631584870461
2018-12-27 21:39:00,0.11179454505781905
2018-12-27 21:42:00,0.17447545495753047
2018-12-27 21:45:00,0.22106434885330373
2018-12-27 21:48:00,0.16248516916107292
2018-12-27 21:51:00,0.2145107953696197
2018-12-27 21:54:00,0.15102058324157497
2018-12-27 21:57:00,0.16050551941049207
2018-12-27 22:00:00,0.20759175245052575
2018-12-27 22:03:00,0.24243966426621455
2018-12-27 22:06:00,0.22804263805801384
2018-12-27 22:09:00,0.2354416582122667
2018-12-27 22:12:00,0.20667079746885975
2018-12-27 22:15:00,0.20615346171416604
2018-12-27 22:18:00,0.21697413633722817
2018-12-27 22:21:00,0.20453961154117906
2018-12-27 22:24:00,0.231347990532754
2018-12-27 22:27:00,0.14090273422198152
2018-12-27 22:30:00,0.21150454877152924
2018-12-27 22:33:00,0.14908088820021703
2018-12-27 22:36:00,0.212983644518431
2018-12-27 22:39:00,0.1635199404629475
2018-12-27 22:42:00,0.1739037412153266
2018-12-27 22:45:00,0.28791296139360156
2018-12-27 22:48:00,0.17835687382125798
2018-12-27 22:51:00,0.26994167909134603
2018-12-27 22:54:00,0.16889943906249982
2018-12-27 22:57:00,0.2720477234979626
2018-12-27 23:00:00,0.15331554569968375
2018-12-27 23:03:00,0.24852761227316478
2018-12-27 23:06:00,0.26439996550431033
2018-12-27 23:09:00,0.21042186988944422
2018-12-27 23:12:00,0.36361146204905026
2018-12-27 23:15:00,0.16972127068345344
2018-12-27 23:18:00,0.3180619784698706
2018-12-27 23:21:00,0.3499845091722591
2018-12-27 23:24:00,0.32278690047110103
2018-12-27 23:27:00,0.28642177572589844
2018-12-27 23:30:00,0.2539214515220465
2018-12-27 23:33:00,0.2710090773227307
2018-12-27 23:36:00,0.2876155205792088
2018-12-27 23:39:00,0.32952183194123563
2018-12-27 23:42:00,0.3022711459021252
2018-12-27 23:45:00,0.3087613262199511
2018-12-27 23:48:00,0.34831287802842326
2018-12-27 23:51:00,0.3755588503375975
2018-12-27 23:54:00,0.27907626587290224
2018-12-27 23:57:00,0.23021189400367348
2018-12-28 00:00:00,0.2649133177421277
2018-12-28 00:03:00,0.29787595423277935
2018-12-28 00:06:00,0.29360243917255957
2018-12-28 00:09:00,0.3008447817578599
2018-12-28 00:12:00,0.3293806180307115
2018-12-28 00:15:00,0.36094647101180044
2018-12-28 00:18:00,0.3070878929686387
2018-12-28 00:21:00,0.3016546721472082
2018-12-28 00:24:00,0.22334853809655897
2018-12-28 00:27:00,0.21759158858731098
2018-12-28 00:30:00,0.30426501137009154
2018-12-28 00:33:00,0.33260194064126836
2018-12-28 00:36:00,0.2541188500941871
2018-12-28 00:39:00,0.35688389334364956
2018-12-28 00:42:00,0.27104548554257235
2018-12-28 00:45:00,0.2350217876728493
2018-12-28 00:48:00,0.33270563565531575
2018-12-28 00:51:00,0.3234471290753618
2018-12-28 00:54:00,0.2337825792585022
2018-12-28 00:57:00,0.28451711213284625
2018-12-28 01:00:00,0.2536519885689472
2018-12-28 01:03:00,0.2874900678523886
2018-12-28 01:06:00,0.23987933549938134
2018-12-28 01:09:00,0.34461026207947043
2018-12-28 01:12:00,0.31802446150692276
2018-12-28 01:15:00,0.3606785375721415
2018-12-28 01:18:00,0.3145241282996949
2018-12-28 01:21:00,0.320073429692286
2018-12-28 01:24:00,0.32407703905954577
2018-12-28 01:27:00,0.2954028460596305
2018-12-28 01:30:00,0.3014666521211211
2018-12-28 01:33:00,0.3473769838896601
2018-12-28 01:36:00,0.2604104667258298
2018-12-28 01:39:00,0.2781520133742674
2018-12-28 01:42:00,0.2671012254859306
2018-12-28 01:45:00,0.3013876293768476
2018-12-28 01:48:00,0.32763694398369125
2018-12-28 01:51:00,0.3000600268865128
2018-12-28 01:54:00,0.4031932049362581
2018-12-28 01:57:00,0.34700523342513634
2018-12-28 02:00:00,0.33321944932413317
2018-12-28 02:03:00,0.3891138970519705
2018-12-28 02:06:00,0.4060546461527679
2018-12-28 02:09:00,0.3224076535010454
2018-12-28 02:12:00,0.33517973001312384
2018-12-28 02:15:00,0.3151134662398931
2018-12-28 02:18:00,0.393044398017139
2018-12-28 02:21:00,0.3213055724468177
2018-12-28 02:24:00,0.31112967227926447
2018-12-28 02:27:00,0.3610518975978039
2018-12-28 02:30:00,0.28099968129845365
2018-12-28 02:33:00,0.3747500093503504
2018-12-28 02:36:00,0.34061821065262166
2018-12-28 02:39:00,0.3577595638009825
2018-12-28 02:42:00,0.2601980622407609
2018-12-28 02:45:00,0.2937501297053018
2018-12-28 02:48:00,0.3181301611915046
2018-12-28 02:51:00,0.2580006034456801
2018-12-28 02:54:00,0.29822758605166655
2018-12-28 02:57:00,0.33877159454954153
2018-12-28 03:00:00,0.3178861456699451
2018-12-28 03:03:00,0.3562542520502916
2018-12-28 03:06:00,0.36163072172683997
2018-12-28 03:09:00,0.3678270620963531
2018-12-28 03:12:00,0.3443778342243604
2018-12-28 03:15:00,0.3640722713501532
2018-12-28 03:18:00,0.34033836851574506
2018-12-28 03:21:00,0.28983691692786806
2018-12-28 03:24:00,0.3474038283350751
2018-12-28 03:27:00,0.4158247532678274
2018-12-28 03:30:00,0.4362165977950099
2018-12-28 03:33:00,0.42732667750061637
2018-12-28 03:36:00,0.42406918184997267
2018-12-28 03:39:00,0.3591058566413494
2018-12-28 03:42:00,0.31417820877396707
2018-12-28 03:45:00,0.3028125511842745
2018-12-28 03:48:00,0.42816811142807865
2018-12-28 03:51:00,0.4132664533060506
2018-12-28 03:54:00,0.42067891902235033
2018-12-28 03:57:00,0.36174628743896164
2018-12-28 04:00:00,0.38577136955836977
2018-12-28 04:03:00,0.4083932477811345
2018-12-28 04:06:00,0.40947663980256266
2018-12-28 04:09:00,0.3796402337552536
2018-12-28 04:12:00,0.3869819121680962
2018-12-28 04:15:00,0.4461229511354077
2018-12-28 04:18:00,0.4235688855615649
2018-12-28 04:21:00,0.3449651903457607
2018-12-28 04:24:00,0.38551500139766404
2018-12-28 04:27:00,0.4427329667928461
2018-12-28 04:30:00,0.43452801150408504
2018-12-28 04:33:00,0.3652225388300394
2018-12-28 04:36:00,0.4668075447974047
2018-12-28 04:39:00,0.3604662444594169
2018-12-28 04:42:00,0.34719761329665744
2018-12-28 04:45:00,0.3242360112253664
2018-12-28 04:48:00,0.39560997396489483
2018-12-28 04:51:00,0.35390743867134233
2018-12-28 04:54:00,0.36489059640530286
2018-12-28 04:57:00,0.33143662590833856
2018-12-28 05:00:00,0.39959991565933706
2018-12-28 05:03:00,0.3784590749364156
2018-12-28 05:06:00,0.4357860914938101
2018-12-28 05:09:00,0.3928558922016805
2018-12-28 05:12:00,0.4306477057002098
2018-12-28 05:15:00,0.3548909686813886
2018-12-28 05:18:00,0.3651037171822509
2018-12-28 05:21:00,0.4162689510704354
2018-12-28 05:24:00,0.39645927563725536
2018-12-28 05:27:00,0.3707847070324988
2018-12-28 05:30:00,0.399617288906029
2018-12-28 05:33:00,0.40440712781696675
2018-12-28 05:36:00,0.37281953424167114
2018-12-28 05:39:00,0.42244614351858445
2018-12-28 05:42:00,0.36559245144974284
2018-12-28 05:45:00,0.41404068014162476
2018-12-28 05:48:00,0.324876180002434
2018-12-28 05:51:00,0.39219491493804526
2018-12-28 05:54:00,0.29558462854328127
2018-12-28 05:57:00,0.378457117801247
2018-12-28 06:00:00,0.3460255554273317
2018-12-28 06:03:00,0.3887008244712433
2018-12-28 06:06:00,0.39755228843029045
2018-12-28 06:09:00,0.43038938594855836
2018-12-28 06:12:00,0.3059707204770916
2018-12-28 06:15:00,0.32295425348132767
2018-12-28 06:18:00,0.31672521372024676
2018-12-28 06:21:00,0.38494196154891824
2018-12-28 06:24:00,0.3217061557051011
2018-12-28 06:27:00,0.3825966125501168
2018-12-28 06:30:00,0.38762915920784735
2018-12-28 06:33:00,0.404044605547881
2018-12-28 06:36:00,0.2695618143015963
2018-12-28 06:39:00,0.37632804987146073
2018-12-28 06:42:00,0.33210007380165507
2018-12-28 06:45:00,0.2871147312463904
2018-12-28 06:48:00,0.31092964386834865
2018-12-28 06:51:00,0.40990718781750957
2018-12-28 06:54:00,0.4160659352409084
2018-12-28 06:57:00,0.4119626570945343
2018-12-28 07:00:00,0.4322480253566141
2018-12-28 07:03:00,0.4953473588633983
2018-12-28 07:06:00,0.49156325008294743
2018-12-28 07:09:00,0.34829425450112694
2018-12-28 07:12:00,0.4250171208173015
2018-12-28 07:15:00,0.4242138590718696
2018-12-28 07:18:00,0.4295534792244098
2018-12-28 07:21:00,0.3847160476418594
2018-12-28 07:24:00,0.3868910872333231
2018-12-28 07:27:00,0.44242116699024336
2018-12-28 07:30:00,0.426214093417002
2018-12-28 07:33:00,0.3620289602513367
2018-12-28 07:36:00,0.5319747487879454
2018-12-28 07:39:00,0.4971143336626369
2018-12-28 07:42:00,0.42696686078272705
2018-12-28 07:45:00,0.4758595858509125
2018-12-28 07:48:00,0.35369453697512654
2018-12-28 07:51:00,0.40711145412501537
2018-12-28 07:54:00,0.5067709515606111
2018-12-28 07:57:00,0.3648365702642309
2018-12-28 08:00:00,0.5286825954486858
2018-12-28 08:03:00,0.4370067007084799
2018-12-28 08:06:00,0.4145010484293721
2018-12-28 08:09:00,0.4745417595407275
2018-12-28 08:12:00,0.44186200448257296
2018-12-28 08:15:00,0.39842894906894344
2018-12-28 08:18:00,0.3767327078039102
2018-12-28 08:21:00,0.35917303278563395
2018-12-28 08:24:00,0.37857908617996827
2018-12-28 08:27:00,0.3517009750917168
2018-12-28 08:30:00,0.44360862748084173
2018-12-28 08:33:00,0.3725022038188399
2018-12-28 08:36:00,0.3239023531041312
2018-12-28 08:39:00,0.2374185855416613
2018-12-28 08:42:00,0.2570499645618156
2018-12-28 08:45:00,0.187674267274474
2018-12-28 08:48:00,0.1826817418540827
2018-12-28 08:51:00,0.13264566110353826
2018-12-28 08:54:00,0.23405450398854555
2018-12-28 08:57:00,0.16922003917107986
2018-12-28 09:00:00,0.19409381389090186
2018-12-28 09:03:00,0.17550734880319396
2018-12-28 09:06:00,0.09138927293065535
2018-12-28 09:09:00,0.06838938736160571
2018-12-28 09:12:00,0.03391992040974401
2018-12-28 09:15:00,-0.005418446360181406
2018-12-28 09:18:00,0.042236366811437165
2018-12-28 09:21:00,0.047192570954223356
2018-12-28 09:24:00,-0.013136327516804158
2018-12-28 09:27:00,-0.052285196828393055
2018-12-28 09:30:00,-0.094129912687265
2018-12-28 09:33:00,-0.10031864422853687
2018-12-28 09:36:00,-0.07768955669251909
2018-12-28 09:39:00,-0.10552804741075761
2018-12-28 09:42:00,-0.06637187256274046
2018-12-28 09:45:00,-0.08668006520468907
2018-12-28 09:48:00,-0.14730185007573482
2018-12-28 09:51:00,-0.15923443878284615
2018-12-28 09:54:00,-0.17301891719165496
2018-12-28 09:57:00,-0.17559180176078826
2018-12-28 10:00:00,-0.0760131022331052
2018-12-28 10:03:00,-0.16729866332497068
2018-12-28 10:06:00,-0.1775362481911884
2018-12-28 10:09:00,-0.21869733662902036
2018-12-28 10:12:00,-0.23344518646302959
2018-12-28 10:15:00,-0.11746418479248177
2018-12-28 10:18:00,-0.2078479318811901
2018-12-28 10:21:00,-0.09564464520866522
2018-12-28 10:24:00,-0.2652999856698557
2018-12-28 10:27:00,-0.13110825080292443
2018-12-28 10:30:00,-0.1661927535101313
2018-12-28 10:33:00,-0.2046171900199738
2018-12-28 10:36:00,-0.08971855958407104
2018-12-28 10:39:00,-0.17778053755051815
2018-12-28 10:42:00,-0.05758529272003443
2018-12-28 10:45:00,-0.1808397399314572
2018-12-28 10:48:00,-0.15951128466326736
2018-12-28 10:51:00,-0.22260269765627072
2018-12-28 10:54:00,-0.27936687206056376
2018-12-28 10:57:00,-0.26968493575822094
2018-12-28 11:00:00,-0.13376060484415575
2018-12-28 11:03:00,-0.08385111676653878
2018-12-28 11:06:00,-0.22980885116714944
2018-12-28 11:09:00,-0.17581847399520711
2018-12-28 11:12:00,-0.2244592105428751
2018-12-28 11:15:00,-0.2615344632527581
2018-12-28 11:18:00,-0.2572507579261014
2018-12-28 11:21:00,-0.2266226142104415
2018-12-28 11:24:00,-0.17972866243695762
2018-12-28 11:27:00,-0.2592891149564025
2018-12-28 11:30:00,-0.2039950733524165
2018-12-28 11:33:00,-0.20143767469244267
2018-12-28 11:36:00,-0.1904006662633151
2018-12-28 11:39:00,-0.19645059632745188
2018-12-28 11:42:00,-0.18407874137744784
2018-12-28 11:45:00,-0.15747873457706874
2018-12-28 11:48:00,-0.3670728995487025
2018-12-28 11:51:00,-0.2594100812117972
2018-12-28 11:54:00,-0.21941284547438045
2018-12-28 11:57:00,-0.3925867513322032
2018-12-28 12:00:00,-0.29193716283623417
2018-12-28 12:03:00,-0.4258709219595289
2018-12-28 12:06:00,-0.36695680062115343
2018-12-28 12:09:00,-0.31725656471689945
2018-12-28 12:12:00,-0.24919628583745634
2018-12-28 12:15:00,-0.3237304299899506
2018-12-28 12:18:00,-0.34248219915014033
2018-12-28 12:21:00,-0.30094137720351455
2018-12-28 12:24:00,-0.3175479836598356
2018-12-28 12:27:00,-0.31190358830883724
2018-12-28 12:30:00,-0.17189762156760935
2018-12-28 12:33:00,-0.339054210425104
2018-12-28 12:36:00,-0.41508242485139135
2018-12-28 12:39:00,-0.3223285075215472
2018-12-28 12:42:00,-0.18883242312597304
2018-12-28 12:45:00,-0.17249732607450596
2018-12-28 12:48:00,-0.3738761790986018
2018-12-28 12:51:00,-0.36350645874676957
2018-12-28 12:54:00,-0.38591933111376875
2018-12-28 12:57:00,-0.2591853947238292
2018-12-28 13:00:00,-0.2834938655301471
2018-12-28 13:03:00,-0.3434232158007262
2018-12-28 13:06:00,-0.2506106500600822
2018-12-28 13:09:00,-0.32842796283290454
2018-12-28 13:12:00,-0.35227817204139455
2018-12-28 13:15:00,-0.2821027240668741
2018-12-28 13:18:00,-0.2518830075201208
2018-12-28 13:21:00,-0.35678800917304443
2018-12-28 13:24:00,-0.49040362872966625
2018-12-28 13:27:00,-0.4304001541228786
2018-12-28 13:30:00,-0.44844676432569486
2018-12-28 13:33:00,-0.4768171884796857
2018-12-28 13:36:00,-0.3703905578708486
2018-12-28 13:39:00,-0.4095566215543158
2018-12-28 13:42:00,-0.4801784943646794
2018-12-28 13:45:00,-0.4452570478339908
2018-12-28 13:48:00,-0.34427603426843234
2018-12-28 13:51:00,-0.47771360709117516
2018-12-28 13:54:00,-0.3393911874717901
2018-12-28 13:57:00,-0.45014031719762215
2018-12-28 14:00:00,-0.44917335834384176
2018-12-28 14:03:00,-0.34696790896356333
2018-12-28 14:06:00,-0.37613922386833565
2018-12-28 14:09:00,-0.47600842527555187
2018-12-28 14:12:00,-0.4027142784429998
2018-12-28 14:15:00,-0.45773168075601234
2018-12-28 14:18:00,-0.4596059867535587
2018-12-28 14:21:00,-0.48401174633079336
2018-12-28 14:24:00,-0.43394643593893534
2018-12-28 14:27:00,-0.42581122742757316
2018-12-28 14:30:00,-0.5191225231565113
2018-12-28 14:33:00,-0.4392682679185782
2018-12-28 14:36:00,-0.39763778723175847
2018-12-28 14:39:00,-0.42262530605052007
2018-12-28 14:42:00,-0.49758031407429826
2018-12-28 14:45:00,-0.44526569456979814
2018-12-28 14:48:00,-0.4184531437128953
2018-12-28 14:51:00,-0.4406491817557594
2018-12-28 14:54:00,-0.3980955504419512
2018-12-28 14:57:00,-0.49978837184676195
2018-12-28 15:00:00,-0.4332457541202075
2018-12-28 15:03:00,-0.3890945011598319
2018-12-28 15:06:00,-0.4227093826440864
2018-12-28 15:09:00,-0.5648222809409162
2018-12-28 15:12:00,-0.516656450724895
2018-12-28 15:15:00,-0.4992051761090579
2018-12-28 15:18:00,-0.44786258100788245
2018-12-28 15:21:00,-0.41853907031497783
2018-12-28 15:24:00,-0.5162018741700649
2018-12-28 15:27:00,-0.5434301202450911
2018-12-28 15:30:00,-0.40967888830607535
2018-12-28 15:33:00,-0.4179325355955825
2018-12-28 15:36:00,-0.48823506992613375
2018-12-28 15:39:00,-0.5076602889390642
2018-12-28 15:42:00,-0.5448361889329476
2018-12-28 15:45:00,-0.4346755020572459
2018-12-28 15:48:00,-0.41457208871935336
2018-12-28 15:51:00,-0.4751259558638594
2018-12-28 15:54:00,-0.4399181179234688
2018-12-28 15:57:00,-0.5025336459634104
2018-12-28 16:00:00,-0.3619587183130193
2018-12-28 16:03:00,-0.42524316890666114
2018-12-28 16:06:00,-0.4308830409513007
2018-12-28 16:09:00,-0.4929937126398727
2018-12-28 16:12:00,-0.4546863584277503
2018-12-28 16:15:00,-0.4492941033092279
2018-12-28 16:18:00,-0.46242633499286967
2018-12-28 16:21:00,-0.5010537961670707
2018-12-28 16:24:00,-0.48048951217532476
2018-12-28 16:27:00,-0.4325039096494834
2018-12-28 16:30:00,-0.49010062242876984
2018-12-28 16:33:00,-0.3833548663116062
2018-12-28 16:36:00,-0.473817279768582
2018-12-28 16:39:00,-0.6022458424624233
2018-12-28 16:42:00,-0.38186196230469704
2018-12-28 16:45:00,-0.47598366231147793
2018-12-28 16:48:00,-0.5345305649822194
2018-12-28 16:51:00,-0.5019885400870976
2018-12-28 16:54:00,-0.5349568551187076
2018-12-28 16:57:00,-0.404633131293167
2018-12-28 17:00:00,-0.3483043267607968
2018-12-28 17:03:00,-0.3515972598024746
2018-12-28 17:06:00,-0.4120306136694012
2018-12-28 17:09:00,-0.38835485163770045
2018-12-28 17:12:00,-0.3756014289359655
2018-12-28 17:15:00,-0.33167532243879805
2018-12-28 17:18:00,-0.35481894641634426
2018-12-28 17:21:00,-0.4130891279453408
2018-12-28 17:24:00,-0.21043290618757737
2018-12-28 17:27:00,-0.34209205395382014
2018-12-28 17:30:00,-0.2779056029116873
2018-12-28 17:33:00,-0.3265887817503881
2018-12-28 17:36:00,-0.43640918342674695
2018-12-28 17:39:00,-0.3122868454780132
2018-12-28 17:42:00,-0.33685799171234976
2018-12-28 17:45:00,-0.282531470959384
2018-12-28 17:48:00,-0.2362786196344473
2018-12-28 17:51:00,-0.2958547481858318
2018-12-28 17:54:00,-0.31464468831262593
2018-12-28 17:57:00,-0.313999351199584
2018-12-28 18:00:00,-0.23057466685338568
2018-12-28 18:03:00,-0.3208172323375038
2018-12-28 18:06:00,-0.2922344396745302
2018-12-28 18:09:00,-0.23331158788357698
2018-12-28 18:12:00,-0.2679466834153459
2018-12-28 18:15:00,-0.276226418959709
2018-12-28 18:18:00,-0.25180460099556967
2018-12-28 18:21:00,-0.22555954340998596
2018-12-28 18:24:00,-0.244043826930465
2018-12-28 18:27:00,-0.3227667852345917
2018-12-28 18:30:00,-0.3458589251239914
2018-12-28 18:33:00,-0.2391641689721382
2018-12-28 18:36:00,-0.24381715638082824
2018-12-28 18:39:00,-0.10944740567822464
2018-12-28 18:42:00,-0.1545516971503389
2018-12-28 18:45:00,-0.08412382249707662
2018-12-28 18:48:00,-0.15819469008192755
2018-12-28 18:51:00,-0.056341982099411325
2018-12-28 18:54:00,-0.0581697102300609
2018-12-28 18:57:00,
2018-12-28 19:00:00,
2018-12-28 19:03:00,-0.021838234675897183
2018-12-28 19:06:00,-0.1585378753939608
2018-12-28 19:09:00,-0.0880583648183233
2018-12-28 19:12:00,-0.22273322989019562
2018-12-28 19:15:00,-0.20699637866880494
2018-12-28 19:18:00,-0.04776044900029319
2018-12-28 19:21:00,-0.07008036121794703
2018-12-28 19:24:00,-0.11282206662878025
2018-12-28 19:27:00,-0.15353150422123463
2018-12-28 19:30:00,0.024643823818280453
2018-12-28 19:33:00,-0.10736939671693335
2018-12-28 19:36:00,-0.0294243267402976
2018-12-28 19:39:00,-0.025768248391841553
2018-12-28 19:42:00,0.004485023576251024
2018-12-28 19:45:00,0.036448249772661256
2018-12-28 19:48:00,0.01722887567325415
2018-12-28 19:51:00,-0.09544569815432169
2018-12-28 19:54:00,-0.11180323508807533
2018-12-28 19:57:00,-0.10963728396342276
2018-12-28 20:00:00,-0.022892127496561443
2018-12-28 20:03:00,-0.04873554618319531
2018-12-28 20:06:00,0.07096254008445158
2018-12-28 20:09:00,-0.06770910899541605
2018-12-28 20:12:00,0.1135978205671222
2018-12-28 20:15:00,-0.025310836713970275
2018-12-28 20:18:00,0.11129679370628764
2018-12-28 20:21:00,0.038255890820778404
2018-12-28 20:24:00,0.04392897092446901
2018-12-28 20:27:00,0.07106165822426647
2018-12-28 20:30:00,0.12630281540327815
2018-12-28 20:33:00,0.09116680431537816
2018-12-28 20:36:00,0.09675338033042635
2018-12-28 20:39:00,0.18283260060877637
2018-12-28 20:42:00,0.10930892667187209
2018-12-28 20:45:00,0.15937771342709084
2018-12-28 20:48:00,0.2021985941213984
2018-12-28 20:51:00,0.11810003253924606
2018-12-28 20:54:00,0.057608288211781655
2018-12-28 20:57:00,0.077596975617098
2018-12-28 21:00:00,0.1487392269308998
2018-12-28 21:03:00,0.19380479009066676
2018-12-28 21:06:00,0.10267480946691876
2018-12-28 21:09:00,0.21273422730280345
2018-12-28 21:12:00,0.1464663570785092
2018-12-28 21:15:00,0.13614135827521068
2018-12-28 21:18:00,0.12694760640664526
2018-12-28 21:21:00,0.20465193971955387
2018-12-28 21:24:00,0.28667336115535136
2018-12-28 21:27:00,0.19705556680696645
2018-12-28 21:30:00,0.21953625617197758
2018-12-28 21:33:00,0.17259261757533295
2018-12-28 21:36:00,0.14290282308382984
2018-12-28 21:39:00,0.2265817962517076
2018-12-28 21:42:00,0.18345405900174683
2018-12-28 21:45:00,0.1765879320807926
2018-12-28 21:48:00,0.14514136071949224
2018-12-28 21:51:00,0.09336843486346424
2018-12-28 21:54:00,0.1190698942385211
2018-12-28 21:57:00,0.15923673739138167
2018-12-28 22:00:00,0.14195863539293896
2018-12-28 22:03:00,0.08028334138498394
2018-12-28 22:06:00,0.146440781589547
2018-12-28 22:09:00,0.1081016831652164
2018-12-28 22:12:00,0.20541128664251573
2018-12-28 22:15:00,0.1119869388077177
2018-12-28 22:18:00,0.09264871083729531
2018-12-28 22:21:00,0.08905763378021447
2018-12-28 22:24:00,0.15562083753115985
2018-12-28 22:27:00,0.137233452800956
2018-12-28 22:30:00,0.15301802035077117
2018-12-28 22:33:00,0.21332578932270962
2018-12-28 22:36:00,0.1289735786407391
2018-12-28 22:39:00,0.144566708625689
2018-12-28 22:42:00,0.23245956708797166
2018-12-28 22:45:00,0.1587572472136003
2018-12-28 22:48:00,0.20904750588624665
2018-12-28 22:51:00,0.08814823912467773
2018-12-28 22:54:00,0.14149029156936876
2018-12-28 22:57:00,0.14377208178711953
2018-12-28 23:00:00,0.18359125974996005
2018-12-28 23:03:00,0.18422850700852678
2018-12-28 23:06:00,0.14562811396007191
2018-12-28 23:09:00,0.22177195657616267
2018-12-28 23:12:00,0.2319440414093492
2018-12-28 23:15:00,0.20546410800437798
2018-12-28 23:18:00,0.23224523435357014
2018-12-28 23:21:00,0.21289336656832347
2018-12-28 23:24:00,0.2968184444165445
2018-12-28 23:27:00,0.21800747131175058
2018-12-28 23:30:00,0.2927045304290914
2018-12-28 23:33:00,0.20418051163187556
2018-12-28 23:36:00,0.18438908675426546
2018-12-28 23:39:00,0.14163553339244572
2018-12-28 23:42:00,0.11215785942937373
2018-12-28 23:45:00,0.17956221555027696
2018-12-28 23:48:00,0.15620373600893345
2018-12-28 23:51:00,0.13575785643735117
2018-12-28 23:54:00,0.2036964688244325
2018-12-28 23:57:00,0.20929818695481117
2018-12-29 00:00:00,0.16105387205368515
2018-12-29 00:03:00,0.0934042172119689
2018-12-29 00:06:00,0.15242902718188134
2018-12-29 00:09:00,0.1510167271701448
2018-12-29 00:12:00,0.19084320804591925
2018-12-29 00:15:00,0.14417873316432406
2018-12-29 00:18:00,0.22025964207801962
2018-12-29 00:21:00,0.09753962412821693
2018-12-29 00:24:00,0.08673456525377787
2018-12-29 00:27:00,0.06786120475157986
2018-12-29 00:30:00,0.18242627535505562
2018-12-29 00:33:00,0.1366115118494804
2018-12-29 00:36:00,0.14848678613867605
2018-12-29 00:39:00,0.14242441869981803
2018-12-29 00:42:00,0.10830624861887372
2018-12-29 00:45:00,0.12959525384297876
2018-12-29 00:48:00,0.0532347699866591
2018-12-29 00:51:00,0.11026037196842253
2018-12-29 00:54:00,0.1690387340558459
2018-12-29 00:57:00,0.16577921127492345
2018-12-29 01:00:00,0.12293711053735024
2018-12-29 01:03:00,0.11915028916297388
2018-12-29 01:06:00,0.2105841389573584
2018-12-29 01:09:00,0.176349619915527
2018-12-29 01:12:00,0.21073027896648
2018-12-29 01:15:00,0.19757928536722602
2018-12-29 01:18:00,0.22302924014474002
2018-12-29 01:21:00,0.20171461112050793
2018-12-29 01:24:00,0.2573416038056848
2018-12-29 01:27:00,0.11917689551290778
2018-12-29 01:30:00,0.1456252475054498
2018-12-29 01:33:00,0.22503176989840767
2018-12-29 01:36:00,0.19738422262793165
2018-12-29 01:39:00,0.26633701733612725
2018-12-29 01:42:00,0.3009168547787908
2018-12-29 01:45:00,0.1711508705000142
2018-12-29 01:48:00,0.2300765562033007
2018-12-29 01:51:00,0.28973776488555814
2018-12-29 01:54:00,0.25381847327304285
2018-12-29 01:57:00,0.28361939345791143
2018-12-29 02:00:00,0.18162718024166224
2018-12-29 02:03:00,0.2680283110076971
2018-12-29 02:06:00,0.3194329106276541
2018-12-29 02:09:00,0.32365329538504284
2018-12-29 02:12:00,0.2447259105537114
2018-12-29 02:15:00,0.3347496649820414
2018-12-29 02:18:00,0.26348636664499736
2018-12-29 02:21:00,0.2761675257938805
2018-12-29 02:24:00,0.3268554398775336
2018-12-29 02:27:00,0.3216493099374702
2018-12-29 02:30:00,0.24514442407678416
2018-12-29 02:33:00,0.3677090045942464
2018-12-29 02:36:00,0.2961636517577517
2018-12-29 02:39:00,0.23372865434799905
2018-12-29 02:42:00,0.3053755408795382
2018-12-29 02:45:00,0.2837139963506843
2018-12-29 02:48:00,0.32109252557660284
2018-12-29 02:51:00,0.35243588724318897
2018-12-29 02:54:00,0.23015636392983652
2018-12-29 02:57:00,0.30965842576546265
2018-12-29 03:00:00,0.3576694799374991
2018-12-29 03:03:00,0.38904312658002027
2018-12-29 03:06:00,0.3474196647876511
2018-12-29 03:09:00,0.33332253230122433
2018-12-29 03:12:00,0.25846140927404804
2018-12-29 03:15:00,0.3443271687735887
2018-12-29 03:18:00,0.42496656023030255
2018-12-29 03:21:00,0.33048779559828745
2018-12-29 03:24:00,0.3591791455832549
2018-12-29 03:27:00,0.2360043739985258
2018-12-29 03:30:00,0.24795089411367144
2018-12-29 03:33:00,0.24432593156478788
2018-12-29 03:36:00,0.31744141687158844
2018-12-29 03:39:00,0.3754126531422344
2018-12-29 03:42:00,0.33631327467543315
2018-12-29 03:45:00,0.34457916953277845
2018-12-29 03:48:00,0.3863713353114804
2018-12-29 03:51:00,0.3037625436618896
2018-12-29 03:54:00,0.28868086174236396
2018-12-29 03:57:00,0.3043045743675066
2018-12-29 04:00:00,0.38594719701899294
2018-12-29 04:03:00,0.3597023947568232
2018-12-29 04:06:00,0.2681917701680163
2018-12-29 04:09:00,0.3829788616379801
2018-12-29 04:12:00,0.4073760994105555
2018-12-29 04:15:00,0.3873185846449587
2018-12-29 04:18:00,0.31582170166564083
2018-12-29 04:21:00,0.35591086266543925
2018-12-29 04:24:00,0.4397916996788922
2018-12-29 04:27:00,0.4331491913346781
2018-12-29 04:30:00,0.40312861409597645
2018-12-29 04:33:00,0.37377203367992706
2018-12-29 04:36:00,0.38026552562945426
2018-12-29 04:39:00,0.42024154985790574
2018-12-29 04:42:00,0.4853318326269118
2018-12-29 04:45:00,0.36309386141266486
2018-12-29 04:48:00,0.3314790109865271
2018-12-29 04:51:00,0.3782290536645405
2018-12-29 04:54:00,0.419906184006436
2018-12-29 04:57:00,0.2993738607548835
2018-12-29 05:00:00,0.30752425049263366
2018-12-29 05:03:00,0.3600485205624864
2018-12-29 05:06:00,0.3257766458263518
2018-12-29 05:09:00,0.34527313720087704
2018-12-29 05:12:00,0.45370443850413267
2018-12-29 05:15:00,0.4111612811389591
2018-12-29 05:18:00,0.364323526384851
2018-12-29 05:21:00,0.41042179315178373
2018-12-29 05:24:00,0.4149445775248637
2018-12-29 05:27:00,0.44384903134232445
2018-12-29 05:30:00,0.4110407358350585
2018-12-29 05:33:00,0.4425799208494823
2018-12-29 05:36:00,0.3725538099033656
2018-12-29 05:39:00,0.3667062464412538
2018-12-29 05:42:00,0.4434306635449161
2018-12-29 05:45:00,0.3662018733851369
2018-12-29 05:48:00,0.3832439203750937
2018-12-29 05:51:00,0.40624654223194057
2018-12-29 05:54:00,0.463618082794369
2018-12-29 05:57:00,0.48075073473575003
2018-12-29 06:00:00,0.3505025520061622
2018-12-29 06:03:00,0.4037052802160588
2018-12-29 06:06:00,0.435967011342143
2018-12-29 06:09:00,0.4646709781276286
2018-12-29 06:12:00,0.42723457567984724
2018-12-29 06:15:00,0.3465107486504735
2018-12-29 06:18:00,0.4418300172610543
2018-12-29 06:21:00,0.40660560168237225
2018-12-29 06:24:00,0.4854710945166971
2018-12-29 06:27:00,0.4405786945078489
2018-12-29 06:30:00,0.47158143139995445
2018-12-29 06:33:00,0.3686822197032029
2018-12-29 06:36:00,0.4764603536195864
2018-12-29 06:39:00,0.4686742480317321
2018-12-29 06:42:00,0.448402581964217
2018-12-29 06:45:00,0.3928555394824116
2018-12-29 06:48:00,0.49269026942482697
2018-12-29 06:51:00,0.49865991096589823
2018-12-29 06:54:00,0.44651046743530287
2018-12-29 06:57:00,0.47681788549226667
2018-12-29 07:00:00,0.49657272785151463
2018-12-29 07:03:00,0.4909216193460111
2018-12-29 07:06:00,0.5494906134204598
2018-12-29 07:09:00,0.5419438094594966
2018-12-29 07:12:00,0.4343168727917259
2018-12-29 07:15:00,0.42681150254674094
2018-12-29 07:18:00,0.5115756680420418
2018-12-29 07:21:00,0.5139377422099756
2018-12-29 07:24:00,0.5067586117349947
2018-12-29 07:27:00,0.491331106298901
2018-12-29 07:30:00,0.3717623155596357
2018-12-29 07:33:00,0.42214020877673875
2018-12-29 07:36:00,0.5048419708556366
2018-12-29 07:39:00,0.446209348142645
2018-12-29 07:42:00,0.444693063631064
2018-12-29 07:45:00,0.4851585784292638
2018-12-29 07:48:00,0.4653959154852032
2018-12-29 07:51:00,0.5379763197279317
2018-12-29 07:54:00,0.39508057811320896
2018-12-29 07:57:00,0.36265972925463075
2018-12-29 08:00:00,0.39002866627555477
2018-12-29 08:03:00,0.4365564106656734
2018-12-29 08:06:00,0.3665353059737413
2018-12-29 08:09:00,0.37768709066432393
2018-12-29 08:12:00,0.3814509306645846
2018-12-29 08:15:00,0.27456651514103214
2018-12-29 08:18:00,0.3351384215657731
2018-12-29 08:21:00,0.3153269880097014
2018-12-29 08:24:00,0.36284552090381794
2018-12-29 08:27:00,0.2969625657412962
2018-12-29 08:30:00,0.2866771539704587
2018-12-29 08:33:00,0.24085077255210763
2018-12-29 08:36:00,0.289221813857921
2018-12-29 08:39:00,0.22389855588727414
2018-12-29 08:42:00,0.3094766417809751
2018-12-29 08:45:00,0.14574653323143139
2018-12-29 08:48:00,0.28415892831054634
2018-12-29 08:51:00,0.28603673737302415
2018-12-29 08:54:00,0.26830058810253377
2018-12-29 08:57:00,0.29396247730682035
2018-12-29 09:00:00,0.24515818025690805
2018-12-29 09:03:00,0.12885179788293044
2018-12-29 09:06:00,0.11248432447280265
2018-12-29 09:09:00,0.14868762721664552
2018-12-29 09:12:00,0.08075755827820785
2018-12-29 09:15:00,0.15920139737465888
2018-12-29 09:18:00,0.14159187208014146
2018-12-29 09:21:00,0.12286632001030284
2018-12-29 09:24:00,-0.031497286177000205
2018-12-29 09:27:00,0.06323959576332072
2018-12-29 09:30:00,0.07361694320667311
2018-12-29 09:33:00,0.10316646493981807
2018-12-29 09:36:00,-0.0006163323783425767
2018-12-29 09:39:00,-0.008474517930608272
2018-12-29 09:42:00,0.02453011205847133
2018-12-29 09:45:00,0.06597296682701881
2018-12-29 09:48:00,0.11604079319732818
2018-12-29 09:51:00,-0.0069665183280562815
2018-12-29 09:54:00,-0.037796660296407936
2018-12-29 09:57:00,0.021526421036924148
2018-12-29 10:00:00,-0.0780460593857697
2018-12-29 10:03:00,-0.16064782892010498
2018-12-29 10:06:00,-0.1493736412989506
2018-12-29 10:09:00,-0.07868868271572182
2018-12-29 10:12:00,0.001575514697719882
2018-12-29 10:15:00,-0.08741406556765696
2018-12-29 10:18:00,-0.05551699494026252
2018-12-29 10:21:00,-0.06309482359182539
2018-12-29 10:24:00,0.04050498018750659
2018-12-29 10:27:00,-0.03613416433330485
2018-12-29 10:30:00,-0.04506293266825878
2018-12-29 10:33:00,-0.10491178995971495
2018-12-29 10:36:00,0.06504934560689435
2018-12-29 10:39:00,0.010737914555932093
2018-12-29 10:42:00,-0.03706552321449408
2018-12-29 10:45:00,-0.11432170356016513
2018-12-29 10:48:00,-0.07563411993112368
2018-12-29 10:51:00,-0.10552765361728689
2018-12-29 10:54:00,-0.11506179157697716
2018-12-29 10:57:00,-0.08535651407527212
2018-12-29 11:00:00,-0.054899258094906145
2018-12-29 11:03:00,-0.14419370511024
2018-12-29 11:06:00,-0.07402887641757161
2018-12-29 11:09:00,-0.08100245719123222
2018-12-29 11:12:00,-0.13545828254746084
2018-12-29 11:15:00,-0.08801502972789876
2018-12-29 11:18:00,-0.23160913401886773
2018-12-29 11:21:00,-0.09726236149236911
2018-12-29 11:24:00,-0.13778667568601577
2018-12-29 11:27:00,-0.1819370730475498
2018-12-29 11:30:00,-0.29242475190977757
2018-12-29 11:33:00,-0.11359089520527732
2018-12-29 11:36:00,-0.238845635428504
2018-12-29 11:39:00,-0.2878575063423341
2018-12-29 11:42:00,-0.2078546173659106
2018-12-29 11:45:00,-0.23117839428857678
2018-12-29 11:48:00,-0.26485371314981876
2018-12-29 11:51:00,-0.145038574196235
2018-12-29 11:54:00,-0.16213375559681253
2018-12-29 11:57:00,-0.19910240685032932
2018-12-29 12:00:00,-0.2135425144044234
2018-12-29 12:03:00,-0.2951094956478073
2018-12-29 12:06:00,-0.21726387671134262
2018-12-29 12:09:00,-0.29096843029321917
2018-12-29 12:12:00,-0.3195006328045338
2018-12-29 12:15:00,-0.16946156431339432
2018-12-29 12:18:00,-0.2755841457699262
2018-12-29 12:21:00,-0.3383598906778502
2018-12-29 12:24:00,-0.33920992620727475
2018-12-29 12:27:00,-0.31504091805817325
2018-12-29 12:30:00,-0.4467237730619331
2018-12-29 12:33:00,-0.2287332403747655
2018-12-29 12:36:00,-0.26161382797710075
2018-12-29 12:39:00,-0.33490080681639256
2018-12-29 12:42:00,-0.38575394359514803
2018-12-29 12:45:00,-0.35553008802554587
2018-12-29 12:48:00,-0.25888306553400753
2018-12-29 12:51:00,-0.35066687765601046
2018-12-29 12:54:00,-0.4140481347588434
2018-12-29 12:57:00,-0.3682895414870586
2018-12-29 13:00:00,-0.30927385362383575
2018-12-29 13:03:00,-0.2605435632597164
2018-12-29 13:06:00,-0.37816921664193615
2018-12-29 13:09:00,-0.255474453019815
2018-12-29 13:12:00,-0.34315638129515946
2018-12-29 13:15:00,-0.28631648895395756
2018-12-29 13:18:00,-0.299905896119526
2018-12-29 13:21:00,-0.3674967487603453
2018-12-29 13:24:00,-0.3025940399502929
2018-12-29 13:27:00,-0.42654393615907793
2018-12-29 13:30:00,-0.09948275434135212
2018-12-29 13:33:00,-0.34713192837273255
2018-12-29 13:36:00,-0.435814821733743
2018-12-29 13:39:00,-0.3453538720826259
2018-12-29 13:42:00,-0.4838970655470689
2018-12-29 13:45:00,-0.3597516839014361
2018-12-29 13:48:00,-0.3316462522128063
2018-12-29 13:51:00,-0.37051646943501737
2018-12-29 13:54:00,-0.38225838147548075
2018-12-29 13:57:00,-0.4290651292291159
2018-12-29 14:00:00,-0.47225312795069385
2018-12-29 14:03:00,-0.4352574902587776
2018-12-29 14:06:00,-0.4212673842803838
2018-12-29 14:09:00,-0.3828980694851225
2018-12-29 14:12:00,-0.41491899000806143
2018-12-29 14:15:00,-0.34954727497643034
2018-12-29 14:18:00,-0.47625931918844344
2018-12-29 14:21:00,-0.44011423112419834
2018-12-29 14:24:00,-0.5355111893355229
2018-12-29 14:27:00,-0.5200484675573307
2018-12-29 14:30:00,-0.5200998617101504
2018-12-29 14:33:00,-0.3997003061116402
2018-12-29 14:36:00,-0.485503840949832
2018-12-29 14:39:00,-0.4094142488413013
2018-12-29 14:42:00,-0.47174438229643556
2018-12-29 14:45:00,-0.4020022641367973
2018-12-29 14:48:00,-0.46621647006918465
2018-12-29 14:51:00,-0.49129481021003585
2018-12-29 14:54:00,-0.39339597000889626
2018-12-29 14:57:00,-0.41577695292863837
2018-12-29 15:00:00,-0.49450468899038924
2018-12-29 15:03:00,-0.45209223167950086
2018-12-29 15:06:00,-0.4228806575860631
2018-12-29 15:09:00,-0.5250786383464856
2018-12-29 15:12:00,-0.4550310754754605
2018-12-29 15:15:00,-0.687559287879651
2018-12-29 15:18:00,-0.4816389831466381
2018-12-29 15:21:00,-0.5237171036217205
2018-12-29 15:24:00,-0.5580787644300926
2018-12-29 15:27:00,-0.5406420739611235
2018-12-29 15:30:00,-0.47398350073387974
2018-12-29 15:33:00,-0.5199854874792891
2018-12-29 15:36:00,-0.42358709712601694
2018-12-29 15:39:00,-0.465895251951963
2018-12-29 15:42:00,-0.5221560556533404
2018-12-29 15:45:00,-0.44063283552077337
2018-12-29 15:48:00,-0.4549963974455977
2018-12-29 15:51:00,-0.5361397864631385
2018-12-29 15:54:00,-0.49825325709406343
2018-12-29 15:57:00,-0.511166225969589
2018-12-29 16:00:00,-0.4308031766261706
2018-12-29 16:03:00,-0.46888833259401963
2018-12-29 16:06:00,-0.3670125454119102
2018-12-29 16:09:00,-0.5144991905286247
2018-12-29 16:12:00,-0.4858181804924584
2018-12-29 16:15:00,-0.5239425051295825
2018-12-29 16:18:00,-0.49075276182554717
2018-12-29 16:21:00,-0.5263835841485616
2018-12-29 16:24:00,-0.5000026217946356
2018-12-29 16:27:00,-0.5670591431155003
2018-12-29 16:30:00,-0.5458663011427802
2018-12-29 16:33:00,-0.5508785736690811
2018-12-29 16:36:00,-0.4180024109877536
2018-12-29 16:39:00,-0.49010152617250924
2018-12-29 16:42:00,-0.343631382180547
2018-12-29 16:45:00,-0.4938141547143573
2018-12-29 16:48:00,-0.38693428093819193
2018-12-29 16:51:00,-0.35183947616241085
2018-12-29 16:54:00,-0.48208552690778106
2018-12-29 16:57:00,-0.2903321899889306
2018-12-29 17:00:00,-0.29090141110634704
2018-12-29 17:03:00,-0.33419712280510794
2018-12-29 17:06:00,-0.29658778815752385
2018-12-29 17:09:00,-0.3198406843249586
2018-12-29 17:12:00,-0.2931263418705612
2018-12-29 17:15:00,-0.30520984593840694
2018-12-29 17:18:00,-0.38301899523770544
2018-12-29 17:21:00,-0.3352822756664864
2018-12-29 17:24:00,-0.2631057765692617
2018-12-29 17:27:00,-0.1695775003231006
2018-12-29 17:30:00,-0.21671464031703636
2018-12-29 17:33:00,-0.23982152531806378
2018-12-29 17:36:00,-0.2613271479644368
2018-12-29 17:39:00,-0.29195833910137026
2018-12-29 17:42:00,-0.29541434034638314
2018-12-29 17:45:00,-0.22806045727463697
2018-12-29 17:48:00,-0.28125926877555685
2018-12-29 17:51:00,-0.26483579588585826
2018-12-29 17:54:00,-0.3449665901028993
2018-12-29 17:57:00,-0.19056388963696236
2018-12-29 18:00:00,-0.20189913964509287
2018-12-29 18:03:00,-0.21082488707872926
2018-12-29 18:06:00,-0.14086119704478506
2018-12-29 18:09:00,-0.20316616422735478
2018-12-29 18:12:00,-0.2315289467669004
2018-12-29 18:15:00,-0.2485888490779189
2018-12-29 18:18:00,-0.1337275176696835
2018-12-29 18:21:00,-0.22052088103214373
2018-12-29 18:24:00,-0.1525863233439395
2018-12-29 18:27:00,-0.18260134184481558
2018-12-29 18:30:00,-0.13048765804359164
2018-12-29 18:33:00,-0.16476374802209648
2018-12-29 18:36:00,-0.1452053057768694
2018-12-29 18:39:00,-0.12837750287769722
2018-12-29 18:42:00,-0.14898480124190883
2018-12-29 18:45:00,-0.15004123947147718
2018-12-29 18:48:00,-0.12248225769957344
2018-12-29 18:51:00,-0.23156874562033636
2018-12-29 18:54:00,
2018-12-29 18:57:00,
2018-12-29 19:00:00,
2018-12-29 19:03:00,-0.10536459141485466
2018-12-29 19:06:00,-0.20941794559570326
2018-12-29 19:09:00,-0.02478371679637803
2018-12-29 19:12:00,-0.17531903071653687
2018-12-29 19:15:00,-0.06182560266483961
2018-12-29 19:18:00,-0.06680359137487812
2018-12-29 19:21:00,-0.15092047201744663
2018-12-29 19:24:00,-0.06731058066196738
2018-12-29 19:27:00,-0.2170756368204252
2018-12-29 19:30:00,-0.15105811971534422
2018-12-29 19:33:00,-0.053107102097442294
2018-12-29 19:36:00,-0.1748615220259353
2018-12-29 19:39:00,-0.1469603530291579
2018-12-29 19:42:00,-0.07295800647932538
2018-12-29 19:45:00,-0.03159996875615434
2018-12-29 19:48:00,-0.08776096529192046
2018-12-29 19:51:00,-0.062429237322362496
2018-12-29 19:54:00,-0.11609094251679153
2018-12-29 19:57:00,-0.08708394220548143
2018-12-29 20:00:00,-0.09522927223406441
2018-12-29 20:03:00,-0.024708380989522993
2018-12-29 20:06:00,-0.023329999059228612
2018-12-29 20:09:00,-0.14790678773869104
2018-12-29 20:12:00,-0.08037260117828282
2018-12-29 20:15:00,-0.07878823165964377
2018-12-29 20:18:00,-0.037205487192068176
2018-12-29 20:21:00,-0.0972776161960951
2018-12-29 20:24:00,-0.0018453119700438947
2018-12-29 20:27:00,-0.01140670635055585
2018-12-29 20:30:00,0.002797183724737806
2018-12-29 20:33:00,-0.036589539385602166
2018-12-29 20:36:00,-0.024350503871630735
2018-12-29 20:39:00,-0.07631686562797313
2018-12-29 20:42:00,0.024689535054847056
2018-12-29 20:45:00,-0.11809867467593449
2018-12-29 20:48:00,-0.10190780207011585
2018-12-29 20:51:00,-0.05569510422225221
2018-12-29 20:54:00,0.011225600766465504
2018-12-29 20:57:00,0.015039762848459759
2018-12-29 21:00:00,-0.0041012153225779
2018-12-29 21:03:00,-0.05578985065784536
2018-12-29 21:06:00,-0.08061799346779708
2018-12-29 21:09:00,0.009969731191802111
2018-12-29 21:12:00,-0.02988996254492804
2018-12-29 21:15:00,-0.08141722917349625
2018-12-29 21:18:00,-0.04151112064238305
2018-12-29 21:21:00,-0.03684871885081975
2018-12-29 21:24:00,-0.028757768688592478
2018-12-29 21:27:00,0.013253413883717258
2018-12-29 21:30:00,-0.09660000373759203
2018-12-29 21:33:00,0.025650156431595406
2018-12-29 21:36:00,0.052710941981956694
2018-12-29 21:39:00,0.04313356619377373
2018-12-29 21:42:00,-0.015829169456822
2018-12-29 21:45:00,-0.027456985303842885
2018-12-29 21:48:00,-0.07085482042464264
2018-12-29 21:51:00,-0.06127410574157466
2018-12-29 21:54:00,-0.1333197103089674
2018-12-29 21:57:00,-0.011470512994094406
2018-12-29 22:00:00,0.04888501011060953
2018-12-29 22:03:00,-0.017669533296214013
2018-12-29 22:06:00,0.0873849310580681
2018-12-29 22:09:00,-0.0060850745700236075
2018-12-29 22:12:00,-0.016798021506929217
2018-12-29 22:15:00,-0.0025287638457598405
2018-12-29 22:18:00,0.03905825482621594
2018-12-29 22:21:00,-0.010232243368818672
2018-12-29 22:24:00,-0.02573879800877421
2018-12-29 22:27:00,-0.0354406066560955
2018-12-29 22:30:00,-0.010207692755443531
2018-12-29 22:33:00,-0.05121666763278654
2018-12-29 22:36:00,0.08289471316498975
2018-12-29 22:39:00,0.10705315119264469
2018-12-29 22:42:00,0.0222653045724428
2018-12-29 22:45:00,0.049411373349869336
2018-12-29 22:48:00,0.09578862773105357
2018-12-29 22:51:00,0.13702622996709124
2018-12-29 22:54:00,0.07184769472701191
2018-12-29 22:57:00,0.1631025060624438
2018-12-29 23:00:00,0.1425089307892904
2018-12-29 23:03:00,0.09193440090018612
2018-12-29 23:06:00,0.11511482661012451
2018-12-29 23:09:00,0.1597025999041648
2018-12-29 23:12:00,0.1409183447842679
2018-12-29 23:15:00,0.08812179269591525
2018-12-29 23:18:00,0.09331324258920404
2018-12-29 23:21:00,0.17082089642730125
2018-12-29 23:24:00,0.1571522835014889
2018-12-29 23:27:00,0.15570306198213757
2018-12-29 23:30:00,0.1718669063230891
2018-12-29 23:33:00,0.0668997450774782
2018-12-29 23:36:00,0.04475838026888823
2018-12-29 23:39:00,0.1876211691512708
2018-12-29 23:42:00,0.05222380552220329
2018-12-29 23:45:00,0.07423309519651866
2018-12-29 23:48:00,0.19540327929689738
2018-12-29 23:51:00,0.1719700052326516
2018-12-29 23:54:00,0.2259186794247512
2018-12-29 23:57:00,0.19566535737436652
2018-12-30 00:00:00,0.1779114711304146
2018-12-30 00:03:00,0.06514535696635448
2018-12-30 00:06:00,0.13875787107440374
2018-12-30 00:09:00,0.1871122483672707
2018-12-30 00:12:00,0.13646709423130687
2018-12-30 00:15:00,0.12572637814946575
2018-12-30 00:18:00,0.10189581617572685
2018-12-30 00:21:00,0.1131019977132155
2018-12-30 00:24:00,0.07254266850088698
2018-12-30 00:27:00,0.1837067714080831
2018-12-30 00:30:00,0.12758434951939535
2018-12-30 00:33:00,0.13924336947553684
2018-12-30 00:36:00,0.1335878275629625
2018-12-30 00:39:00,0.18562333748570836
2018-12-30 00:42:00,0.11057742784316815
2018-12-30 00:45:00,0.115638217425726
2018-12-30 00:48:00,0.13939249105470708
2018-12-30 00:51:00,0.09317056217554409
2018-12-30 00:54:00,0.1982705955750248
2018-12-30 00:57:00,0.1522104707694325
2018-12-30 01:00:00,0.16289035772553007
2018-12-30 01:03:00,0.221212943185094
2018-12-30 01:06:00,0.1282095374916139
2018-12-30 01:09:00,0.19972502407927095
2018-12-30 01:12:00,0.1030974106960798
2018-12-30 01:15:00,0.16797452791996648
2018-12-30 01:18:00,0.09622754283742552
2018-12-30 01:21:00,0.12561241909151022
2018-12-30 01:24:00,0.227379931870189
2018-12-30 01:27:00,0.17607091288175525
2018-12-30 01:30:00,0.1294277834776949
2018-12-30 01:33:00,0.20258816922893175
2018-12-30 01:36:00,0.31204778252975984
2018-12-30 01:39:00,0.27643714710848144
2018-12-30 01:42:00,0.2871097981069397
2018-12-30 01:45:00,0.24409164303045827
2018-12-30 01:48:00,0.14579218255323667
2018-12-30 01:51:00,0.2655448759585397
2018-12-30 01:54:00,0.2127659829387767
2018-12-30 01:57:00,0.2031882973753909
2018-12-30 02:00:00,0.2624655425746596
2018-12-30 02:03:00,0.24837605875814006
2018-12-30 02:06:00,0.25050528649609305
2018-12-30 02:09:00,0.2440208643009214
2018-12-30 02:12:00,0.2900878622259597
2018-12-30 02:15:00,0.18286243523311896
2018-12-30 02:18:00,0.2096736568849451
2018-12-30 02:21:00,0.2197854305161968
2018-12-30 02:24:00,0.2712119042719223
2018-12-30 02:27:00,0.14194717631067988
2018-12-30 02:30:00,0.1991593970685699
2018-12-30 02:33:00,0.2339355643460408
2018-12-30 02:36:00,0.28051785421826025
2018-12-30 02:39:00,0.31878984793195286
2018-12-30 02:42:00,0.21320268052090796
2018-12-30 02:45:00,0.38866539005243794
2018-12-30 02:48:00,0.29955502784184773
2018-12-30 02:51:00,0.26494211937387036
2018-12-30 02:54:00,0.2521618078411052
2018-12-30 02:57:00,0.23349948674217558
2018-12-30 03:00:00,0.3042949447367391
2018-12-30 03:03:00,0.2852397295006881
2018-12-30 03:06:00,0.32842287699787676
2018-12-30 03:09:00,0.2576444845999504
2018-12-30 03:12:00,0.31501008940051634
2018-12-30 03:15:00,0.34844824181982403
2018-12-30 03:18:00,0.28968643502736313
2018-12-30 03:21:00,0.27685177367862934
2018-12-30 03:24:00,0.289269355820295
2018-12-30 03:27:00,0.3801206482966677
2018-12-30 03:30:00,0.191446167793913
2018-12-30 03:33:00,0.3298098380507213
2018-12-30 03:36:00,0.2561332824689657
2018-12-30 03:39:00,0.23515805200673867
2018-12-30 03:42:00,0.3779598705086755
2018-12-30 03:45:00,0.2789153459422664
2018-12-30 03:48:00,0.3086740891289992
2018-12-30 03:51:00,0.2784851229651508
2018-12-30 03:54:00,0.25303642241431135
2018-12-30 03:57:00,0.2297103347424354
2018-12-30 04:00:00,0.3163246809535849
2018-12-30 04:03:00,0.32887346488416824
2018-12-30 04:06:00,0.24754078666740043
2018-12-30 04:09:00,0.31102520441396564
2018-12-30 04:12:00,0.2851550728433381
2018-12-30 04:15:00,0.3053448789289632
2018-12-30 04:18:00,0.24217103169451093
2018-12-30 04:21:00,0.3198253667426343
2018-12-30 04:24:00,0.34367309441717
2018-12-30 04:27:00,0.38955150077111966
2018-12-30 04:30:00,0.27764859388753393
2018-12-30 04:33:00,0.20205319227903829
2018-12-30 04:36:00,0.2624428739517839
2018-12-30 04:39:00,0.34077589316609647
2018-12-30 04:42:00,0.27516979861553637
2018-12-30 04:45:00,0.2729898940626754
2018-12-30 04:48:00,0.3122501099819601
2018-12-30 04:51:00,0.2599156790001871
2018-12-30 04:54:00,0.3575349380087687
2018-12-30 04:57:00,0.2672075537995511
2018-12-30 05:00:00,0.2952519230751136
2018-12-30 05:03:00,0.27293595277268423
2018-12-30 05:06:00,0.28086112014409537
2018-12-30 05:09:00,0.3168038870853138
2018-12-30 05:12:00,0.21908548903462588
2018-12-30 05:15:00,0.2643537075371114
2018-12-30 05:18:00,0.22661604522869538
2018-12-30 05:21:00,0.3142532797727995
2018-12-30 05:24:00,0.30925951525443907
2018-12-30 05:27:00,0.32257399307104606
2018-12-30 05:30:00,0.2852516934290179
2018-12-30 05:33:00,0.33252428313932114
2018-12-30 05:36:00,0.36768907890922264
2018-12-30 05:39:00,0.2689997745409869
2018-12-30 05:42:00,0.26878923490062334
2018-12-30 05:45:00,0.32594619899805366
2018-12-30 05:48:00,0.29615758959045024
2018-12-30 05:51:00,0.23300355634887637
2018-12-30 05:54:00,0.3186292078046904
2018-12-30 05:57:00,0.3618579762688796
2018-12-30 06:00:00,0.22902909242566238
2018-12-30 06:03:00,0.2998767689308579
2018-12-30 06:06:00,0.3450335878666806
2018-12-30 06:09:00,0.31920471959722363
2018-12-30 06:12:00,0.3945244939490067
2018-12-30 06:15:00,0.3743374216310258
2018-12-30 06:18:00,0.35327503618867695
2018-12-30 06:21:00,0.254413708937534
2018-12-30 06:24:00,0.26525320847269995
2018-12-30 06:27:00,0.35000280591310684
2018-12-30 06:30:00,0.3181412342046315
2018-12-30 06:33:00,0.33262767633715384
2018-12-30 06:36:00,0.27573328086333504
2018-12-30 06:39:00,0.37536405383150395
2018-12-30 06:42:00,0.3109511675671115
2018-12-30 06:45:00,0.31875425467751484
2018-12-30 06:48:00,0.3278476300070565
2018-12-30 06:51:00,0.41262759465604404
2018-12-30 06:54:00,0.43229994569549035
2018-12-30 06:57:00,0.3699636540582105
2018-12-30 07:00:00,0.3510742154140303
2018-12-30 07:03:00,0.3056761454895991
2018-12-30 07:06:00,0.2460875294795528
2018-12-30 07:09:00,0.38005509814865945
2018-12-30 07:12:00,0.2890992770909975
2018-12-30 07:15:00,0.2538716381712902
2018-12-30 07:18:00,0.38622572994455595
2018-12-30 07:21:00,0.37458099116270205
2018-12-30 07:24:00,0.34307089050878403
2018-12-30 07:27:00,0.3193227329749675
2018-12-30 07:30:00,0.2848229557173454
2018-12-30 07:33:00,0.3258373047108307
2018-12-30 07:36:00,0.42710303074403555
2018-12-30 07:39:00,0.4481049100352834
2018-12-30 07:42:00,0.3772587028557268
2018-12-30 07:45:00,0.2886047939095988
2018-12-30 07:48:00,0.33113778196093335
2018-12-30 07:51:00,0.33843702614950644
2018-12-30 07:54:00,0.2909845566205149
2018-12-30 07:57:00,0.1623178580753688
2018-12-30 08:00:00,0.26766393148693624
2018-12-30 08:03:00,0.2959794281122754
2018-12-30 08:06:00,0.26068437916057974
2018-12-30 08:09:00,0.24266181614848392
2018-12-30 08:12:00,0.22091517284644624
2018-12-30 08:15:00,0.21075489921327062
2018-12-30 08:18:00,0.28908826415232625
2018-12-30 08:21:00,0.31162049725872976
2018-12-30 08:24:00,0.1731861020850829
2018-12-30 08:27:00,0.265624311172985
2018-12-30 08:30:00,0.24512371619414353
2018-12-30 08:33:00,0.09098090151445604
2018-12-30 08:36:00,0.0319554467909029
2018-12-30 08:39:00,0.07889597677967686
2018-12-30 08:42:00,0.06450626759658462
2018-12-30 08:45:00,0.0818090144327357
2018-12-30 08:48:00,0.10505293139618743
2018-12-30 08:51:00,0.11185466384148413
2018-12-30 08:54:00,0.05856194224065803
2018-12-30 08:57:00,0.023056396422191483
2018-12-30 09:00:00,0.06991949351203175
2018-12-30 09:03:00,0.09414222299847097
2018-12-30 09:06:00,0.17924546284586995
2018-12-30 09:09:00,0.16967325286884716
2018-12-30 09:12:00,0.12020854364345723
2018-12-30 09:15:00,-0.030393779977259783
2018-12-30 09:18:00,0.14811808627592882
2018-12-30 09:21:00,0.06748250857589255
2018-12-30 09:24:00,-0.009769673560015235
2018-12-30 09:27:00,0.07821934297368216
2018-12-30 09:30:00,0.01860199218407388
2018-12-30 09:33:00,-0.030925934333026817
2018-12-30 09:36:00,-0.029608362936642152
2018-12-30 09:39:00,0.13432408743079804
2018-12-30 09:42:00,-0.012958493577400532
2018-12-30 09:45:00,-0.015258643032893815
2018-12-30 09:48:00,0.07648759201111943
2018-12-30 09:51:00,-0.03468880447775291
2018-12-30 09:54:00,0.04549244329615476
2018-12-30 09:57:00,-0.011630881156634132
2018-12-30 10:00:00,-0.0030011440089197094
2018-12-30 10:03:00,0.07053090690538966
2018-12-30 10:06:00,-0.03943994200801626
2018-12-30 10:09:00,0.055969931947572604
2018-12-30 10:12:00,0.12637098002369385
2018-12-30 10:15:00,-0.015815335950605913
2018-12-30 10:18:00,0.030215587587520076
2018-12-30 10:21:00,-0.04660377742999344
2018-12-30 10:24:00,-0.12236100504782144
2018-12-30 10:27:00,-0.009452289006333103
2018-12-30 10:30:00,-0.005090262314809024
2018-12-30 10:33:00,0.0873541371889246
2018-12-30 10:36:00,-0.04856026261535362
2018-12-30 10:39:00,0.02398525418709596
2018-12-30 10:42:00,-0.0690734470267671
2018-12-30 10:45:00,-0.06336654661726016
2018-12-30 10:48:00,0.01631869863859947
2018-12-30 10:51:00,0.002839238813464817
2018-12-30 10:54:00,-0.10298558950671577
2018-12-30 10:57:00,-0.054846437515038815
2018-12-30 11:00:00,-0.0667963555362121
2018-12-30 11:03:00,-0.07347514468182226
2018-12-30 11:06:00,-0.01845271321326436
2018-12-30 11:09:00,-0.052349980774181404
2018-12-30 11:12:00,-0.11059711108197234
2018-12-30 11:15:00,-0.12235924676639343
2018-12-30 11:18:00,-0.12342236342726665
2018-12-30 11:21:00,-0.19732849188039836
2018-12-30 11:24:00,-0.06613852276041143
2018-12-30 11:27:00,-0.1522897405590129
2018-12-30 11:30:00,-0.1925423037784526
2018-12-30 11:33:00,-0.2183470957095892
2018-12-30 11:36:00,-0.17614676930537598
2018-12-30 11:39:00,-0.2362153852807296
2018-12-30 11:42:00,-0.1516366474452866
2018-12-30 11:45:00,-0.26258381269815345
2018-12-30 11:48:00,-0.23629054589133602
2018-12-30 11:51:00,-0.2655397100098753
2018-12-30 11:54:00,-0.21970896901882497
2018-12-30 11:57:00,-0.27435933659512557
2018-12-30 12:00:00,-0.22441302928621099
2018-12-30 12:03:00,-0.1662390440532704
2018-12-30 12:06:00,-0.22351558891784862
2018-12-30 12:09:00,-0.2117877323180437
2018-12-30 12:12:00,-0.26102174581353665
2018-12-30 12:15:00,-0.17860873859478943
2018-12-30 12:18:00,-0.1660354000530333
2018-12-30 12:21:00,-0.2441477551266189
2018-12-30 12:24:00,-0.28911157299853585
2018-12-30 12:27:00,-0.29122449213861046
2018-12-30 12:30:00,-0.28971236567957703
2018-12-30 12:33:00,-0.1875520366313026
2018-12-30 12:36:00,-0.3181282064873585
2018-12-30 12:39:00,-0.2507660740694746
2018-12-30 12:42:00,-0.3974733115987874
2018-12-30 12:45:00,-0.3133631095772671
2018-12-30 12:48:00,-0.3261355693339283
2018-12-30 12:51:00,-0.5012655447184784
2018-12-30 12:54:00,-0.3938087639609762
2018-12-30 12:57:00,-0.3047421629182736
2018-12-30 13:00:00,-0.23444622228021217
2018-12-30 13:03:00,-0.38933325609031044
2018-12-30 13:06:00,-0.45998024952774585
2018-12-30 13:09:00,-0.2829145879870225
2018-12-30 13:12:00,-0.2661399577718271
2018-12-30 13:15:00,-0.4102131225524204
2018-12-30 13:18:00,-0.3427488204785618
2018-12-30 13:21:00,-0.3874181378112098
2018-12-30 13:24:00,-0.33661143614665434
2018-12-30 13:27:00,-0.2151116055276816
2018-12-30 13:30:00,-0.34272035365643205
2018-12-30 13:33:00,-0.4145171069476419
2018-12-30 13:36:00,-0.39862813702666244
2018-12-30 13:39:00,-0.35499811563022377
2018-12-30 13:42:00,-0.37308540387357425
2018-12-30 13:45:00,-0.3806416028527906
2018-12-30 13:48:00,-0.3209690545478452
2018-12-30 13:51:00,-0.3740836822111646
2018-12-30 13:54:00,-0.3476246646517325
2018-12-30 13:57:00,-0.39855457533195704
2018-12-30 14:00:00,-0.21839597915823106
2018-12-30 14:03:00,-0.2843382733264548
2018-12-30 14:06:00,-0.38709082568550457
2018-12-30 14:09:00,-0.4117487261024735
2018-12-30 14:12:00,-0.2372646144585815
2018-12-30 14:15:00,-0.35387606653659986
2018-12-30 14:18:00,-0.4073863410112608
2018-12-30 14:21:00,-0.4361915859600458
2018-12-30 14:24:00,-0.28106134814686357
2018-12-30 14:27:00,-0.38975506666145066
2018-12-30 14:30:00,-0.4534224174536803
2018-12-30 14:33:00,-0.4250878714295254
2018-12-30 14:36:00,-0.42416391093308903
2018-12-30 14:39:00,-0.41662491579859307
2018-12-30 14:42:00,-0.28936270214717297
2018-12-30 14:45:00,-0.22012269266826934
2018-12-30 14:48:00,-0.34434763891147213
2018-12-30 14:51:00,-0.42365892083392964
2018-12-30 14:54:00,-0.37275805106753523
2018-12-30 14:57:00,-0.35623201200917265
2018-12-30 15:00:00,-0.32541234027138444
2018-12-30 15:03:00,-0.3741008543539692
2018-12-30 15:06:00,-0.21582653745252856
2018-12-30 15:09:00,-0.3227328774523244
2018-12-30 15:12:00,-0.34073474829881434
2018-12-30 15:15:00,-0.33294267987929516
2018-12-30 15:18:00,-0.3104293046890234
2018-12-30 15:21:00,-0.4650996032924013
2018-12-30 15:24:00,-0.46609774639472334
2018-12-30 15:27:00,-0.406175253461754
2018-12-30 15:30:00,-0.43933934669718155
2018-12-30 15:33:00,-0.3807174240741915
2018-12-30 15:36:00,-0.4199347979347863
2018-12-30 15:39:00,-0.42907623232184733
2018-12-30 15:42:00,-0.47104955360987333
2018-12-30 15:45:00,-0.5094775415097388
2018-12-30 15:48:00,-0.42277028817198925
2018-12-30 15:51:00,-0.4879988432339246
2018-12-30 15:54:00,-0.4611284018813535
2018-12-30 15:57:00,-0.47536845474229494
2018-12-30 16:00:00,-0.37822325102609966
2018-12-30 16:03:00,-0.35693398375372
2018-12-30 16:06:00,-0.44274625917483945
2018-12-30 16:09:00,-0.41515294936601776
2018-12-30 16:12:00,-0.4583720941786851
2018-12-30 16:15:00,-0.4312351602502531
2018-12-30 16:18:00,-0.452912339771558
2018-12-30 16:21:00,-0.3747257760073808
2018-12-30 16:24:00,-0.4824930575991857
2018-12-30 16:27:00,-0.3490437096151595
2018-12-30 16:30:00,-0.2819984404118827
2018-12-30 16:33:00,-0.34895671760466485
2018-12-30 16:36:00,-0.30618103999643154
2018-12-30 16:39:00,-0.39753552699659167
2018-12-30 16:42:00,-0.2719971823254923
2018-12-30 16:45:00,-0.2699463034412588
2018-12-30 16:48:00,-0.39866372394379823
2018-12-30 16:51:00,-0.3185310360311746
2018-12-30 16:54:00,-0.4477725552131915
2018-12-30 16:57:00,-0.35005647867183143
2018-12-30 17:00:00,-0.2804570338007579
2018-12-30 17:03:00,-0.378447122038267
2018-12-30 17:06:00,-0.35218604836927625
2018-12-30 17:09:00,-0.28234827354054914
2018-12-30 17:12:00,-0.3692033266065664
2018-12-30 17:15:00,-0.32608097029935834
2018-12-30 17:18:00,-0.3023155643598443
2018-12-30 17:21:00,-0.2915132202708719
2018-12-30 17:24:00,-0.28843431666092556
2018-12-30 17:27:00,-0.33363818532171763
2018-12-30 17:30:00,-0.3790440211338364
2018-12-30 17:33:00,-0.2798112248624989
2018-12-30 17:36:00,-0.37575012993119117
2018-12-30 17:39:00,-0.36582324357272
2018-12-30 17:42:00,-0.28458233134995226
2018-12-30 17:45:00,-0.3737925254389438
2018-12-30 17:48:00,-0.2559141325994574
2018-12-30 17:51:00,-0.29420413413578217
2018-12-30 17:54:00,-0.3366037555278467
2018-12-30 17:57:00,-0.24382600200624438
2018-12-30 18:00:00,-0.30155561831395516
2018-12-30 18:03:00,-0.43451140019902823
2018-12-30 18:06:00,-0.3529798786991023
2018-12-30 18:09:00,-0.2640248627769779
2018-12-30 18:12:00,-0.2316120771805572
2018-12-30 18:15:00,-0.253402121203294
2018-12-30 18:18:00,-0.23357786764671573
2018-12-30 18:21:00,-0.24470693119280895
2018-12-30 18:24:00,-0.2926084975085246
2018-12-30 18:27:00,-0.22996953092825834
2018-12-30 18:30:00,-0.2335833649345318
2018-12-30 18:33:00,-0.226054802024521
2018-12-30 18:36:00,-0.2355816365304122
2018-12-30 18:39:00,-0.2064677731191864
2018-12-30 18:42:00,-0.2207041569718058
2018-12-30 18:45:00,-0.2883745825577648
2018-12-30 18:48:00,-0.2460857096594964
2018-12-30 18:51:00,-0.2458190008532597
2018-12-30 18:54:00,
2018-12-30 18:57:00,
2018-12-30 19:00:00,
2018-12-30 19:03:00,-0.2069837711392779
2018-12-30 19:06:00,-0.23489031843286057
2018-12-30 19:09:00,-0.18066837393695323
2018-12-30 19:12:00,-0.07518790289844901
2018-12-30 19:15:00,-0.13366698339939376
2018-12-30 19:18:00,-0.17851229037597705
2018-12-30 19:21:00,-0.17140145282883168
2018-12-30 19:24:00,-0.2904700730896934
2018-12-30 19:27:00,-0.23364039442782314
2018-12-30 19:30:00,-0.134840755989444
2018-12-30 19:33:00,-0.20726644504640035
2018-12-30 19:36:00,-0.15614766353485265
2018-12-30 19:39:00,-0.12598391940656484
2018-12-30 19:42:00,-0.12325951779547495
2018-12-30 19:45:00,-0.12401416889173333
2018-12-30 19:48:00,-0.1661999231990876
2018-12-30 19:51:00,-0.18549350837758993
2018-12-30 19:54:00,-0.02976696803290224
2018-12-30 19:57:00,-0.04335960475935963
2018-12-30 20:00:00,-0.1078337548473769
2018-12-30 20:03:00,-0.06006774671925541
2018-12-30 20:06:00,-0.07529194700077824
2018-12-30 20:09:00,-0.04469967871244762
2018-12-30 20:12:00,-0.08824353705756494
2018-12-30 20:15:00,-0.09727848521742999
2018-12-30 20:18:00,-0.04049356796053871
2018-12-30 20:21:00,-0.11597385707932517
2018-12-30 20:24:00,-0.005190514620721842
2018-12-30 20:27:00,-0.07718793296390913
2018-12-30 20:30:00,-0.11853359229814942
2018-12-30 20:33:00,-0.04198653664718677
2018-12-30 20:36:00,-0.0018652953688160778
2018-12-30 20:39:00,-0.05895270145208542
2018-12-30 20:42:00,0.022859836305030967
2018-12-30 20:45:00,0.008866562515379428
2018-12-30 20:48:00,-0.06931135154565027
2018-12-30 20:51:00,-0.08916742969717006
2018-12-30 20:54:00,-0.019720056305118305
2018-12-30 20:57:00,-0.08648280105217054
2018-12-30 21:00:00,-0.021398555989833312
2018-12-30 21:03:00,0.03369770043474318
2018-12-30 21:06:00,-0.06459039110757203
2018-12-30 21:09:00,0.025576551446420126
2018-12-30 21:12:00,-0.0037727374233895716
2018-12-30 21:15:00,-0.013692093165161623
2018-12-30 21:18:00,0.11663394988823939
2018-12-30 21:21:00,-0.003579796064002494
2018-12-30 21:24:00,0.04719648801199128
2018-12-30 21:27:00,-0.00031729559162840815
2018-12-30 21:30:00,0.007037069895318382
2018-12-30 21:33:00,-0.06504658397653884
2018-12-30 21:36:00,-0.04473203340944565
2018-12-30 21:39:00,0.01077478511604113
2018-12-30 21:42:00,0.06357655923227412
2018-12-30 21:45:00,0.07243377313784549
2018-12-30 21:48:00,0.010931944476908484
2018-12-30 21:51:00,0.03425365309999506
2018-12-30 21:54:00,-0.10025007163102373
2018-12-30 21:57:00,0.008895881134947103
2018-12-30 22:00:00,0.040942669575770196
2018-12-30 22:03:00,-0.014722081567128953
2018-12-30 22:06:00,0.0034694649680204748
2018-12-30 22:09:00,0.09230368396993072
2018-12-30 22:12:00,0.03607474455230886
2018-12-30 22:15:00,0.05513125414523756
2018-12-30 22:18:00,0.09999995824847474
2018-12-30 22:21:00,0.15890553695038534
2018-12-30 22:24:00,0.01556209245103446
2018-12-30 22:27:00,0.046367887007193076
2018-12-30 22:30:00,0.06855273938708706
2018-12-30 22:33:00,0.03513392093981338
2018-12-30 22:36:00,0.10183363948357282
2018-12-30 22:39:00,0.12228030799366252
2018-12-30 22:42:00,0.21401499693604364
2018-12-30 22:45:00,0.1585852251781148
2018-12-30 22:48:00,0.27337203541009103
2018-12-30 22:51:00,0.08612297829017734
2018-12-30 22:54:00,0.1929389245000266
2018-12-30 22:57:00,0.03023698863825075
2018-12-30 23:00:00,0.08822347735639369
2018-12-30 23:03:00,0.10673432937278449
2018-12-30 23:06:00,0.023567639163388776
2018-12-30 23:09:00,-0.009417180280252069
2018-12-30 23:12:00,0.03947282106997818
2018-12-30 23:15:00,-0.016340871160878123
2018-12-30 23:18:00,0.008835334388095362
2018-12-30 23:21:00,0.009939347984357028
2018-12-30 23:24:00,0.028525510336294246
2018-12-30 23:27:00,0.17595875180097664
2018-12-30 23:30:00,0.17475952762458746
2018-12-30 23:33:00,0.024976732245079347
2018-12-30 23:36:00,0.05807615198085614
2018-12-30 23:39:00,0.1006046080580063
2018-12-30 23:42:00,0.054380871851265056
2018-12-30 23:45:00,0.14375381695992928
2018-12-30 23:48:00,0.16695214126542623
2018-12-30 23:51:00,0.09919349396170674
2018-12-30 23:54:00,0.12471340763511307
2018-12-30 23:57:00,0.07634008329154085
2018-12-31 00:00:00,0.024785711231118057
2018-12-31 00:03:00,0.12783695679303264
2018-12-31 00:06:00,0.12218782704263731
2018-12-31 00:09:00,-0.02474057501359539
2018-12-31 00:12:00,0.18670788818883466
2018-12-31 00:15:00,0.11116880707010068
2018-12-31 00:18:00,0.07425257488768011
2018-12-31 00:21:00,0.022466209261494896
2018-12-31 00:24:00,0.0614954360161164
2018-12-31 00:27:00,0.011578014693554906
2018-12-31 00:30:00,0.003915587512437924
2018-12-31 00:33:00,-0.032027811771115466
2018-12-31 00:36:00,0.05361125933683297
2018-12-31 00:39:00,0.09448202022338137
2018-12-31 00:42:00,0.06220142709361198
2018-12-31 00:45:00,0.02184845853537354
2018-12-31 00:48:00,-0.09776186834835698
2018-12-31 00:51:00,0.040181207573141364
2018-12-31 00:54:00,-0.017544714695873154
2018-12-31 00:57:00,0.021165481767468464
2018-12-31 01:00:00,0.026731747444330267
2018-12-31 01:03:00,-0.017456408759471742
2018-12-31 01:06:00,0.022809973208609335
2018-12-31 01:09:00,0.003853105988127936
2018-12-31 01:12:00,0.03974373303799439
2018-12-31 01:15:00,0.05381580214384485
2018-12-31 01:18:00,0.14542718160765844
2018-12-31 01:21:00,0.10432274389717122
2018-12-31 01:24:00,0.04567917494927087
2018-12-31 01:27:00,0.13762015643561654
2018-12-31 01:30:00,0.05388464254178871
2018-12-31 01:33:00,0.16774592622152795
2018-12-31 01:36:00,0.06747588091934631
2018-12-31 01:39:00,0.20765754332580855
2018-12-31 01:42:00,0.06257649197505089
2018-12-31 01:45:00,0.041897013995594534
2018-12-31 01:48:00,0.10229086291633394
2018-12-31 01:51:00,0.1309550429030537
2018-12-31 01:54:00,-0.03270083528008172
2018-12-31 01:57:00,0.06459123843671932
2018-12-31 02:00:00,0.0476317276184659
2018-12-31 02:03:00,0.0822691754360676
2018-12-31 02:06:00,0.06624098619585084
2018-12-31 02:09:00,0.12112692750116594
2018-12-31 02:12:00,0.0910870169529403
2018-12-31 02:15:00,0.027537146058534745
2018-12-31 02:18:00,0.12181486249698992
2018-12-31 02:21:00,0.15401140194290974
2018-12-31 02:24:00,0.16862743920978573
2018-12-31 02:27:00,0.1438935110595594
2018-12-31 02:30:00,0.08515413896242308
2018-12-31 02:33:00,0.12724140373347836
2018-12-31 02:36:00,0.07186743168392695
2018-12-31 02:39:00,-0.01294088440579344
2018-12-31 02:42:00,-0.011287909656687134
2018-12-31 02:45:00,0.002944982004692065
2018-12-31 02:48:00,0.0005236576802190029
2018-12-31 02:51:00,0.028321032290079984
2018-12-31 02:54:00,0.042908839033316326
2018-12-31 02:57:00,0.08576714307872635
2018-12-31 03:00:00,-0.0015537566961825178
2018-12-31 03:03:00,0.08299751529642663
2018-12-31 03:06:00,0.09858891326820185
2018-12-31 03:09:00,0.1376101118254951
2018-12-31 03:12:00,0.12324874518668594
2018-12-31 03:15:00,0.2373195858539816
2018-12-31 03:18:00,0.12994701062439162
2018-12-31 03:21:00,0.1259200040678934
2018-12-31 03:24:00,0.13702493906407653
2018-12-31 03:27:00,0.1530669529938109
2018-12-31 03:30:00,0.12630643156290944
2018-12-31 03:33:00,0.16059124604140607
2018-12-31 03:36:00,0.19423834153576536
2018-12-31 03:39:00,0.1343746103765966
2018-12-31 03:42:00,0.22197715439727972
2018-12-31 03:45:00,0.22990005797555568
2018-12-31 03:48:00,0.10950100117344164
2018-12-31 03:51:00,0.15332461372685202
2018-12-31 03:54:00,0.16263083256711752
2018-12-31 03:57:00,0.1303334443904305
2018-12-31 04:00:00,0.16829242460755722
2018-12-31 04:03:00,0.18146414919652898
2018-12-31 04:06:00,0.23515149292705928
2018-12-31 04:09:00,0.2584348070428746
2018-12-31 04:12:00,0.16521943435157027
2018-12-31 04:15:00,0.1559368767314595
2018-12-31 04:18:00,0.20905620446689
2018-12-31 04:21:00,0.12334972063246141
2018-12-31 04:24:00,0.15611204417888302
2018-12-31 04:27:00,0.23189334915036852
2018-12-31 04:30:00,0.21356406950917517
2018-12-31 04:33:00,0.1739833720553179
2018-12-31 04:36:00,0.1879179229004535
2018-12-31 04:39:00,0.18959032240405804
2018-12-31 04:42:00,0.23953457601606942
2018-12-31 04:45:00,0.26483890052088555
2018-12-31 04:48:00,0.23914612479939024
2018-12-31 04:51:00,0.16786061382816797
2018-12-31 04:54:00,0.2104795516527247
2018-12-31 04:57:00,0.24193743558777214
2018-12-31 05:00:00,0.29181934250397035
2018-12-31 05:03:00,0.2924173336856484
2018-12-31 05:06:00,0.35535430755237485
2018-12-31 05:09:00,0.32450650465415265
2018-12-31 05:12:00,0.25886341091262466
2018-12-31 05:15:00,0.2438939833174345
2018-12-31 05:18:00,0.24143751718150952
2018-12-31 05:21:00,0.3079267160315453
2018-12-31 05:24:00,0.288360847876163
2018-12-31 05:27:00,0.2395826010183555
2018-12-31 05:30:00,0.25916193210514393
2018-12-31 05:33:00,0.3171714419382283
2018-12-31 05:36:00,0.2621078634476248
2018-12-31 05:39:00,0.3039103391610638
2018-12-31 05:42:00,0.2312662175069704
2018-12-31 05:45:00,0.21011649128604404
2018-12-31 05:48:00,0.19134869379541897
2018-12-31 05:51:00,0.23441351463486626
2018-12-31 05:54:00,0.2634346701231607
2018-12-31 05:57:00,0.24841947769391481
2018-12-31 06:00:00,0.34688097586359845
2018-12-31 06:03:00,0.23629703704017402
2018-12-31 06:06:00,0.3478087560338281
2018-12-31 06:09:00,0.29052527735888134
2018-12-31 06:12:00,0.3851659838205137
2018-12-31 06:15:00,0.30520287364453225
2018-12-31 06:18:00,0.36943859896649656
2018-12-31 06:21:00,0.28860554877104505
2018-12-31 06:24:00,0.330036606471765
2018-12-31 06:27:00,0.28215029548539405
2018-12-31 06:30:00,0.2983303161750541
2018-12-31 06:33:00,0.34949645555781217
2018-12-31 06:36:00,0.1991517612957523
2018-12-31 06:39:00,0.22181433754377622
2018-12-31 06:42:00,0.39317592004738344
2018-12-31 06:45:00,0.29703216546033673
2018-12-31 06:48:00,0.2899204797003563
2018-12-31 06:51:00,0.29940565690725407
2018-12-31 06:54:00,0.2818475325360623
2018-12-31 06:57:00,0.2967273867809581
2018-12-31 07:00:00,0.3133524515093882
2018-12-31 07:03:00,0.3074316618107673
2018-12-31 07:06:00,0.2936426425327454
2018-12-31 07:09:00,0.47760093265623027
2018-12-31 07:12:00,0.36566563774914584
2018-12-31 07:15:00,0.4129594896039066
2018-12-31 07:18:00,0.38119392507474004
2018-12-31 07:21:00,0.30607864049244426
2018-12-31 07:24:00,0.27549242053191847
2018-12-31 07:27:00,0.20525172776854106
2018-12-31 07:30:00,0.3012487084563986
2018-12-31 07:33:00,0.18572500168482975
2018-12-31 07:36:00,0.23874832975417348
2018-12-31 07:39:00,0.3611567821928361
2018-12-31 07:42:00,0.29498994992400185
2018-12-31 07:45:00,0.26438628312808987
2018-12-31 07:48:00,0.28670823946220025
2018-12-31 07:51:00,0.3436271464621541
2018-12-31 07:54:00,0.3959015561958381
2018-12-31 07:57:00,0.3138417490673646
2018-12-31 08:00:00,0.27449148646343247
2018-12-31 08:03:00,0.18731789905763208
2018-12-31 08:06:00,0.21668132806274798
2018-12-31 08:09:00,0.30154196693149515
2018-12-31 08:12:00,0.18045213461510912
2018-12-31 08:15:00,0.16602417461490404
2018-12-31 08:18:00,0.2138344137310355
2018-12-31 08:21:00,0.21533251110201945
2018-12-31 08:24:00,0.1778990243508929
2018-12-31 08:27:00,0.12011565924808565
2018-12-31 08:30:00,0.25890808779791996
2018-12-31 08:33:00,0.17437032885356984
2018-12-31 08:36:00,0.043399942028031546
2018-12-31 08:39:00,0.15454996292123724
2018-12-31 08:42:00,0.03500567295895962
2018-12-31 08:45:00,0.16533076198959407
2018-12-31 08:48:00,0.13066141167325895
2018-12-31 08:51:00,0.11114462344750109
2018-12-31 08:54:00,0.14943808492148491
2018-12-31 08:57:00,0.19196822550833303
2018-12-31 09:00:00,0.3325373971269414
2018-12-31 09:03:00,0.2095620607574915
2018-12-31 09:06:00,0.15798228889536858
2018-12-31 09:09:00,0.21904802552489855
2018-12-31 09:12:00,0.2800486622449512
2018-12-31 09:15:00,0.13596511542363032
2018-12-31 09:18:00,0.1898608879922108
2018-12-31 09:21:00,0.17211834612766097
2018-12-31 09:24:00,0.1532210227586006
2018-12-31 09:27:00,0.06692474099708079
2018-12-31 09:30:00,0.004717179349654543
2018-12-31 09:33:00,0.06375166821976563
2018-12-31 09:36:00,0.10298507124667822
2018-12-31 09:39:00,0.06214148499577732
2018-12-31 09:42:00,0.05721588145439682
2018-12-31 09:45:00,0.012703694995309434
2018-12-31 09:48:00,0.014202178772734442
2018-12-31 09:51:00,0.019120041775920527
2018-12-31 09:54:00,0.09504450983189372
2018-12-31 09:57:00,-0.04189030092732082
2018-12-31 10:00:00,0.016290217808091256
2018-12-31 10:03:00,0.07329187590715946
2018-12-31 10:06:00,0.1187440247002769
2018-12-31 10:09:00,0.19526449985409045
2018-12-31 10:12:00,0.025975428088486296
2018-12-31 10:15:00,-0.036557482159651045
2018-12-31 10:18:00,0.0456954177359421
2018-12-31 10:21:00,0.14682480338279902
2018-12-31 10:24:00,0.05906050651702799
2018-12-31 10:27:00,-0.0004085566731646395
2018-12-31 10:30:00,0.02454511029787909
2018-12-31 10:33:00,-0.03139000719050955
2018-12-31 10:36:00,-0.06719287069876145
2018-12-31 10:39:00,0.058034334305887114
2018-12-31 10:42:00,-0.013509345569957532
2018-12-31 10:45:00,-0.0256111069499525
2018-12-31 10:48:00,-0.0474807340552843
2018-12-31 10:51:00,0.0883018318311315
2018-12-31 10:54:00,0.032085162305293125
2018-12-31 10:57:00,-0.09279529158442301
2018-12-31 11:00:00,0.002452836564543759
2018-12-31 11:03:00,0.021393069610041948
2018-12-31 11:06:00,0.01672852249907919
2018-12-31 11:09:00,-0.03910266720447453
2018-12-31 11:12:00,-0.10296761007339228
2018-12-31 11:15:00,-0.08293804986999476
2018-12-31 11:18:00,-0.008986419875270713
2018-12-31 11:21:00,-0.03621121182027309
2018-12-31 11:24:00,-0.12646297547991026
2018-12-31 11:27:00,-0.15181033732625338
2018-12-31 11:30:00,-0.07570331891054138
2018-12-31 11:33:00,-0.045959953259512076
2018-12-31 11:36:00,-0.10271618447683295
2018-12-31 11:39:00,-0.116747338902087
2018-12-31 11:42:00,-0.195677645396529
2018-12-31 11:45:00,-0.20022772588237103
2018-12-31 11:48:00,-0.1228187092037274
2018-12-31 11:51:00,-0.0755856799933099
2018-12-31 11:54:00,-0.22282562852740284
2018-12-31 11:57:00,-0.21117693475099486
2018-12-31 12:00:00,-0.1292819242881933
2018-12-31 12:03:00,-0.14382268550764366
2018-12-31 12:06:00,-0.26533533242889007
2018-12-31 12:09:00,-0.2996321358096452
2018-12-31 12:12:00,-0.19288942153286825
2018-12-31 12:15:00,-0.2027707873505733
2018-12-31 12:18:00,-0.26471766001174046
2018-12-31 12:21:00,-0.2782541396641136
2018-12-31 12:24:00,-0.19339423985576332
2018-12-31 12:27:00,-0.3169760660517227
2018-12-31 12:30:00,-0.20221199144828006
2018-12-31 12:33:00,-0.2268964985173625
2018-12-31 12:36:00,-0.2825080844762624
2018-12-31 12:39:00,-0.2952520990627363
2018-12-31 12:42:00,-0.35053121838285506
2018-12-31 12:45:00,-0.22070550250396082
2018-12-31 12:48:00,-0.18820236265599988
2018-12-31 12:51:00,-0.279627458045411
2018-12-31 12:54:00,-0.2899994353405191
2018-12-31 12:57:00,-0.3283787458100278
2018-12-31 13:00:00,-0.3538860874118086
2018-12-31 13:03:00,-0.35569128525088445
2018-12-31 13:06:00,-0.377022313173768
2018-12-31 13:09:00,-0.37971788909737825
2018-12-31 13:12:00,-0.3242949795288155
2018-12-31 13:15:00,-0.2955726126132845
2018-12-31 13:18:00,-0.404916068444777
2018-12-31 13:21:00,-0.400077701685575
2018-12-31 13:24:00,-0.5657723336593676
2018-12-31 13:27:00,-0.41160163614142675
2018-12-31 13:30:00,-0.2683358267643712
2018-12-31 13:33:00,-0.39784900817647895
2018-12-31 13:36:00,-0.47602235720984254
2018-12-31 13:39:00,-0.42988114627013374
2018-12-31 13:42:00,-0.41573077905502487
2018-12-31 13:45:00,-0.38601008625579425
2018-12-31 13:48:00,-0.368639117281532
2018-12-31 13:51:00,-0.44456979060828417
2018-12-31 13:54:00,-0.45228795592782944
2018-12-31 13:57:00,-0.39591081320781996
2018-12-31 14:00:00,-0.3896776004783078
2018-12-31 14:03:00,-0.4291129635990387
2018-12-31 14:06:00,-0.5159176883900614
2018-12-31 14:09:00,-0.3518136167498369
2018-12-31 14:12:00,-0.6140080618299635
2018-12-31 14:15:00,-0.4438981899262444
2018-12-31 14:18:00,-0.4984081538693772
2018-12-31 14:21:00,-0.42358241470697067
2018-12-31 14:24:00,-0.45327875285340724
2018-12-31 14:27:00,-0.4918120953531684
2018-12-31 14:30:00,-0.3580033295988869
2018-12-31 14:33:00,-0.48518130037058427
2018-12-31 14:36:00,-0.47793938976013806
2018-12-31 14:39:00,-0.46587654000131806
2018-12-31 14:42:00,-0.524741524164142
2018-12-31 14:45:00,-0.5695964269323213
2018-12-31 14:48:00,-0.4524676028784711
2018-12-31 14:51:00,-0.4903669903580976
2018-12-31 14:54:00,-0.6160864223738258
2018-12-31 14:57:00,-0.4234073750387779
2018-12-31 15:00:00,-0.40932735301436196
2018-12-31 15:03:00,-0.46062733364129826
2018-12-31 15:06:00,-0.4222656580727744
2018-12-31 15:09:00,-0.5045317986015334
2018-12-31 15:12:00,-0.5235135569038221
2018-12-31 15:15:00,-0.4512984672390985
2018-12-31 15:18:00,-0.5433306449490942
2018-12-31 15:21:00,-0.4080855673700512
2018-12-31 15:24:00,-0.5425786474701795
2018-12-31 15:27:00,-0.5120312769271322
2018-12-31 15:30:00,-0.6196050591451012
2018-12-31 15:33:00,-0.44906926010230563
2018-12-31 15:36:00,-0.4397830496164943
2018-12-31 15:39:00,-0.4206522571465712
2018-12-31 15:42:00,-0.4262803708118099
2018-12-31 15:45:00,-0.530944081203188
2018-12-31 15:48:00,-0.5325057548644168
2018-12-31 15:51:00,-0.451298213643895
2018-12-31 15:54:00,-0.5189284324601999
2018-12-31 15:57:00,-0.5288944454229636
2018-12-31 16:00:00,-0.45646534987412224
2018-12-31 16:03:00,-0.5209728301994119
2018-12-31 16:06:00,-0.5436352600019063
2018-12-31 16:09:00,-0.5843711305746524
2018-12-31 16:12:00,-0.5588139754264034
2018-12-31 16:15:00,-0.6016182790519338
2018-12-31 16:18:00,-0.5959353040787505
2018-12-31 16:21:00,-0.5175501415284884
2018-12-31 16:24:00,-0.5496497817431418
2018-12-31 16:27:00,-0.37234338437917813
2018-12-31 16:30:00,-0.3811546716082148
2018-12-31 16:33:00,-0.4196594560218614
2018-12-31 16:36:00,-0.28950204400456414
2018-12-31 16:39:00,-0.40431652487501424
2018-12-31 16:42:00,-0.38555600411166324
2018-12-31 16:45:00,-0.45351159511420747
2018-12-31 16:48:00,-0.2900838548328011
2018-12-31 16:51:00,-0.4821039419458657
2018-12-31 16:54:00,-0.33667334976979646
2018-12-31 16:57:00,-0.4325613914982682
2018-12-31 17:00:00,-0.42181599454960406
2018-12-31 17:03:00,-0.45299435567181945
2018-12-31 17:06:00,-0.44753681785260824
2018-12-31 17:09:00,-0.5142909421562081
2018-12-31 17:12:00,-0.3020598403037411
2018-12-31 17:15:00,-0.37828907366133535
2018-12-31 17:18:00,-0.3530196105822938
2018-12-31 17:21:00,-0.38623424076661195
2018-12-31 17:24:00,-0.3724466518428926
2018-12-31 17:27:00,-0.2902480438238513
2018-12-31 17:30:00,-0.3135310101147297
2018-12-31 17:33:00,-0.4224759953127091
2018-12-31 17:36:00,-0.3802172870596223
2018-12-31 17:39:00,-0.2975597766338751
2018-12-31 17:42:00,-0.43541220984172924
2018-12-31 17:45:00,-0.30225749256209156
2018-12-31 17:48:00,-0.39771360713262993
2018-12-31 17:51:00,-0.4444747018555404
2018-12-31 17:54:00,-0.4472568109296162
2018-12-31 17:57:00,-0.42964714378433655
2018-12-31 18:00:00,-0.3605584740991503
2018-12-31 18:03:00,-0.4649451269993392
2018-12-31 18:06:00,-0.41874082864819684
2018-12-31 18:09:00,-0.42569548707848526
2018-12-31 18:12:00,-0.3854681623504348
2018-12-31 18:15:00,-0.4784478080368899
2018-12-31 18:18:00,-0.2851612519145874
2018-12-31 18:21:00,-0.32751932142144824
2018-12-31 18:24:00,-0.5318508309500203
2018-12-31 18:27:00,-0.5023388168236238
2018-12-31 18:30:00,-0.38930066246052775
2018-12-31 18:33:00,-0.4726355572763623
2018-12-31 18:36:00,-0.43286893453256425
2018-12-31 18:39:00,-0.3272598769346473
2018-12-31 18:42:00,-0.37123951238197606
2018-12-31 18:45:00,-0.27224392517518936
2018-12-31 18:48:00,-0.28153578551882674
2018-12-31 18:51:00,-0.42779672325161755
2018-12-31 18:54:00,
2018-12-31 18:57:00,
2018-12-31 19:00:00,
2018-12-31 19:03:00,-0.17735092719698287
2018-12-31 19:06:00,-0.28857055592652614
2018-12-31 19:09:00,-0.2793811299792992
2018-12-31 19:12:00,-0.21724143606564894
2018-12-31 19:15:00,-0.16960633950191095
2018-12-31 19:18:00,-0.20683050108715406
2018-12-31 19:21:00,-0.14627157811696634
2018-12-31 19:24:00,-0.011658386229726148
2018-12-31 19:27:00,-0.03960076114321964
2018-12-31 19:30:00,-0.15528551613533637
2018-12-31 19:33:00,-0.04025794276668648
2018-12-31 19:36:00,-0.10826017105972596
2018-12-31 19:39:00,-0.13054481547533214
2018-12-31 19:42:00,-0.19026393082157256
2018-12-31 19:45:00,-0.08541333371829296
2018-12-31 19:48:00,-0.13562844611993796
2018-12-31 19:51:00,-0.2155078463800919
2018-12-31 19:54:00,-0.11488596530506356
2018-12-31 19:57:00,-0.08930480321077994
2018-12-31 20:00:00,0.016772415144373554
2018-12-31 20:03:00,-0.08900538635572275
2018-12-31 20:06:00,-0.10532621995497493
2018-12-31 20:09:00,-0.015253363369254203
2018-12-31 20:12:00,-0.06381140284224784
2018-12-31 20:15:00,-0.07474602969290345
2018-12-31 20:18:00,-0.12531704567032875
2018-12-31 20:21:00,-0.13729749811130887
2018-12-31 20:24:00,-0.06412013573321929
2018-12-31 20:27:00,-0.11917355532614238
2018-12-31 20:30:00,-0.051500465015806185
2018-12-31 20:33:00,-0.14659557353922992
2018-12-31 20:36:00,-0.10147628817600207
2018-12-31 20:39:00,-0.08829390142972215
2018-12-31 20:42:00,-0.11440774718016655
2018-12-31 20:45:00,-0.210170029429662
2018-12-31 20:48:00,-0.07841695096806234
2018-12-31 20:51:00,-0.0010686344918440227
2018-12-31 20:54:00,-0.06787192202267534
2018-12-31 20:57:00,-0.05225313811610022
2018-12-31 21:00:00,-0.0015982961487566172
2018-12-31 21:03:00,-0.08136585513040018
2018-12-31 21:06:00,-0.03328534923980442
2018-12-31 21:09:00,-0.0869024005751271
2018-12-31 21:12:00,-0.02456691310635506
2018-12-31 21:15:00,-0.07426228504664323
2018-12-31 21:18:00,-0.014685781487798977
2018-12-31 21:21:00,0.01701774445348292
2018-12-31 21:24:00,0.01491910104073213
2018-12-31 21:27:00,-0.017923040594496342
2018-12-31 21:30:00,-0.02535954522005568
2018-12-31 21:33:00,0.12306321071304183
2018-12-31 21:36:00,-0.020252266378122386
2018-12-31 21:39:00,-0.037992191996977454
2018-12-31 21:42:00,0.04746964985201885
2018-12-31 21:45:00,0.03452380147297163
2018-12-31 21:48:00,-0.10468074094518443
2018-12-31 21:51:00,-0.09364364351455379
2018-12-31 21:54:00,-0.002712466843775019
2018-12-31 21:57:00,0.007685599567878398
2018-12-31 22:00:00,-0.029134308778907325
2018-12-31 22:03:00,-0.027101330931202483
2018-12-31 22:06:00,-0.038459328639930845
2018-12-31 22:09:00,0.04409562348320151
2018-12-31 22:12:00,0.05336708968536641
2018-12-31 22:15:00,0.12863849017554685
2018-12-31 22:18:00,0.06158707382172679
2018-12-31 22:21:00,0.07137034780987506
2018-12-31 22:24:00,0.11420478022625957
2018-12-31 22:27:00,0.08176194268708059
2018-12-31 22:30:00,0.12320361820167136
2018-12-31 22:33:00,-0.005253824819590136
2018-12-31 22:36:00,-0.025833917486465907
2018-12-31 22:39:00,0.0023818072620542807
2018-12-31 22:42:00,0.005866916730440153
2018-12-31 22:45:00,0.05000225834862704
2018-12-31 22:48:00,0.011710895884220918
2018-12-31 22:51:00,-0.00011637626943183932
2018-12-31 22:54:00,0.14396077687155184
2018-12-31 22:57:00,0.10751244613123845
2018-12-31 23:00:00,0.1807216972811716
2018-12-31 23:03:00,0.07160430809847185
2018-12-31 23:06:00,0.1354273928492944
2018-12-31 23:09:00,0.09606600989798153
2018-12-31 23:12:00,0.11651402584374182
2018-12-31 23:15:00,0.13815494892571678
2018-12-31 23:18:00,0.06983070588375995
2018-12-31 23:21:00,0.12677581229496582
2018-12-31 23:24:00,0.110248474286891
2018-12-31 23:27:00,0.11896319392047872
2018-12-31 23:30:00,0.09594250959980855
2018-12-31 23:33:00,0.12647968877138283
2018-12-31 23:36:00,0.1988561307196619
2018-12-31 23:39:00,0.17032104722721897
2018-12-31 23:42:00,0.047104878220523005
2018-12-31 23:45:00,0.12656831823522907
2018-12-31 23:48:00,0.20388925895133525
2018-12-31 23:51:00,0.13651350577106314
2018-12-31 23:54:00,0.14047069491539332
2018-12-31 23:57:00,0.2099126782403573
2019-01-01 00:00:00,0.19050960108290838
2019-01-01 00:03:00,0.18863207040936913
2019-01-01 00:06:00,0.2669852681387965
2019-01-01 00:09:00,0.3003794040852199
2019-01-01 00:12:00,0.2787003192205475
2019-01-01 00:15:00,0.18649892334678952
2019-01-01 00:18:00,0.12652335648959934
2019-01-01 00:21:00,0.17242111099261592
2019-01-01 00:24:00,0.20394152073544092
2019-01-01 00:27:00,0.2724359852992393
2019-01-01 00:30:00,0.27502392758248106
2019-01-01 00:33:00,0.25357208128298225
2019-01-01 00:36:00,0.2534230740155863
2019-01-01 00:39:00,0.25308368512236257
2019-01-01 00:42:00,0.29554081418876876
2019-01-01 00:45:00,0.17427073517205827
2019-01-01 00:48:00,0.3392855156577639
2019-01-01 00:51:00,0.21881595714813784
2019-01-01 00:54:00,0.26282715070720997
2019-01-01 00:57:00,0.2512146977858265
2019-01-01 01:00:00,0.31385444017593045
2019-01-01 01:03:00,0.2589264878877202
2019-01-01 01:06:00,0.2589793750593685
2019-01-01 01:09:00,0.296620905423822
2019-01-01 01:12:00,0.29752619287967264
2019-01-01 01:15:00,0.31512887591924255
2019-01-01 01:18:00,0.27418120819504566
2019-01-01 01:21:00,0.28784809909848263
2019-01-01 01:24:00,0.43241813521041195
2019-01-01 01:27:00,0.2998209240689107
2019-01-01 01:30:00,0.16255755485281043
2019-01-01 01:33:00,0.3025312862549754
2019-01-01 01:36:00,0.3601879100093015
2019-01-01 01:39:00,0.3364439636026759
2019-01-01 01:42:00,0.33239393748146995
2019-01-01 01:45:00,0.33809779264714734
2019-01-01 01:48:00,0.2873608985750593
2019-01-01 01:51:00,0.4316078932280334
2019-01-01 01:54:00,0.3808271314942431
2019-01-01 01:57:00,0.4597151999202538
2019-01-01 02:00:00,0.3359741253660786
2019-01-01 02:03:00,0.33735539751290844
2019-01-01 02:06:00,0.3517972285854398
2019-01-01 02:09:00,0.3738900633101139
2019-01-01 02:12:00,0.36653040645285273
2019-01-01 02:15:00,0.42334055300813134
2019-01-01 02:18:00,0.3725737623772716
2019-01-01 02:21:00,0.3804599662383339
2019-01-01 02:24:00,0.3101826522369606
2019-01-01 02:27:00,0.37772216912077283
2019-01-01 02:30:00,0.40239119818261315
2019-01-01 02:33:00,0.48211100797931294
2019-01-01 02:36:00,0.4265144450423577
2019-01-01 02:39:00,0.39222434087076863
2019-01-01 02:42:00,0.4387655792689884
2019-01-01 02:45:00,0.451905833610283
2019-01-01 02:48:00,0.3681524325224359
2019-01-01 02:51:00,0.4784702654995385
2019-01-01 02:54:00,0.3962445218167545
2019-01-01 02:57:00,0.49358402157798764
2019-01-01 03:00:00,0.3982373881734702
2019-01-01 03:03:00,0.4126511964536803
2019-01-01 03:06:00,0.49985376734747433
2019-01-01 03:09:00,0.5966633999630631
2019-01-01 03:12:00,0.41157572304973655
2019-01-01 03:15:00,0.5029848583241119
2019-01-01 03:18:00,0.4450414875310571
2019-01-01 03:21:00,0.4475825315349766
2019-01-01 03:24:00,0.47495805242476763
2019-01-01 03:27:00,0.38265747602315514
2019-01-01 03:30:00,0.45721455663709776
2019-01-01 03:33:00,0.45808697892147165
2019-01-01 03:36:00,0.4707457744423209
2019-01-01 03:39:00,0.47401681655588845
2019-01-01 03:42:00,0.42422213324687164
2019-01-01 03:45:00,0.49611699478941773
2019-01-01 03:48:00,0.4615702479160291
2019-01-01 03:51:00,0.5057785606138054
2019-01-01 03:54:00,0.4945243789011329
2019-01-01 03:57:00,0.5408485042750613
2019-01-01 04:00:00,0.5317957632038315
2019-01-01 04:03:00,0.4344230786155663
2019-01-01 04:06:00,0.456820833988445
2019-01-01 04:09:00,0.5636488956408812
2019-01-01 04:12:00,0.4678019682768877
2019-01-01 04:15:00,0.4862630918725017
2019-01-01 04:18:00,0.5296525202431894
2019-01-01 04:21:00,0.45278264982152905
2019-01-01 04:24:00,0.5072724855070874
2019-01-01 04:27:00,0.5285559803389788
2019-01-01 04:30:00,0.4777833324425842
2019-01-01 04:33:00,0.5089082687160271
2019-01-01 04:36:00,0.5662316208699849
2019-01-01 04:39:00,0.5703544238356244
2019-01-01 04:42:00,0.6138204384082542
2019-01-01 04:45:00,0.5659496103071433
2019-01-01 04:48:00,0.5439954737372545
2019-01-01 04:51:00,0.6588577715950805
2019-01-01 04:54:00,0.560367615652126
2019-01-01 04:57:00,0.6223506479778393
2019-01-01 05:00:00,0.6965367088566268
2019-01-01 05:03:00,0.6280337816133965
2019-01-01 05:06:00,0.6410115813644666
2019-01-01 05:09:00,0.5294682220502978
2019-01-01 05:12:00,0.5886638457974982
2019-01-01 05:15:00,0.6556879348949565
2019-01-01 05:18:00,0.5237378321983215
2019-01-01 05:21:00,0.5412530813230774
2019-01-01 05:24:00,0.6294370478461246
2019-01-01 05:27:00,0.4977706564225741
2019-01-01 05:30:00,0.5540080188113166
2019-01-01 05:33:00,0.7055806126230095
2019-01-01 05:36:00,0.6497179822304133
2019-01-01 05:39:00,0.6088825246583269
2019-01-01 05:42:00,0.5729433214451092
2019-01-01 05:45:00,0.6241851952458433
2019-01-01 05:48:00,0.7045694278553469
2019-01-01 05:51:00,0.6245810114646133
2019-01-01 05:54:00,0.5731057063281355
2019-01-01 05:57:00,0.5957017365831803
2019-01-01 06:00:00,0.6208526580061857
2019-01-01 06:03:00,0.6186997855067489
2019-01-01 06:06:00,0.6410691113724738
2019-01-01 06:09:00,0.6609631984094335
2019-01-01 06:12:00,0.6968796749850412
2019-01-01 06:15:00,0.6856446836211489
2019-01-01 06:18:00,0.6680560680476333
2019-01-01 06:21:00,0.6857360915230402
2019-01-01 06:24:00,0.7455496149075884
2019-01-01 06:27:00,0.6696662729745526
2019-01-01 06:30:00,0.6285284830916567
2019-01-01 06:33:00,0.7679392973197423
2019-01-01 06:36:00,0.6641838944634628
2019-01-01 06:39:00,0.6650778811680311
2019-01-01 06:42:00,0.6779522657276402
2019-01-01 06:45:00,0.6146660424517449
2019-01-01 06:48:00,0.6857390975873727
2019-01-01 06:51:00,0.7347166666972953
2019-01-01 06:54:00,0.7136749723230764
2019-01-01 06:57:00,0.7241934503290395
2019-01-01 07:00:00,0.6749911646311375
2019-01-01 07:03:00,0.7379763981311953
2019-01-01 07:06:00,0.7787338085106512
2019-01-01 07:09:00,0.7026305181083785
2019-01-01 07:12:00,0.7930617487505174
2019-01-01 07:15:00,0.695330476925335
2019-01-01 07:18:00,0.7138220244407307
2019-01-01 07:21:00,0.670954406354042
2019-01-01 07:24:00,0.6779521671207362
2019-01-01 07:27:00,0.7055033519717995
2019-01-01 07:30:00,0.6415089227816679
2019-01-01 07:33:00,0.7911929566428739
2019-01-01 07:36:00,0.7465881510264012
2019-01-01 07:39:00,0.694508778043371
2019-01-01 07:42:00,0.6370510495543158
2019-01-01 07:45:00,0.6366753372179232
2019-01-01 07:48:00,0.6481005322553415
2019-01-01 07:51:00,0.6723035207576231
2019-01-01 07:54:00,0.6656182576602987
2019-01-01 07:57:00,0.6254089156051919
2019-01-01 08:00:00,0.591401505324427
2019-01-01 08:03:00,0.6928551781951455
2019-01-01 08:06:00,0.6740225695798472
2019-01-01 08:09:00,0.6905030778358423
2019-01-01 08:12:00,0.5606421944904127
2019-01-01 08:15:00,0.6491307397366768
2019-01-01 08:18:00,0.5239161423804717
2019-01-01 08:21:00,0.5861374763250069
2019-01-01 08:24:00,0.5845172762007564
2019-01-01 08:27:00,0.5912847073717558
2019-01-01 08:30:00,0.5653789528673769
2019-01-01 08:33:00,0.6016992903834648
2019-01-01 08:36:00,0.5201390319170969
2019-01-01 08:39:00,0.5373848669312906
2019-01-01 08:42:00,0.5777156991360926
2019-01-01 08:45:00,0.4565128928426816
2019-01-01 08:48:00,0.4757566037620222
2019-01-01 08:51:00,0.3878219002543801
2019-01-01 08:54:00,0.5146034756124891
2019-01-01 08:57:00,0.45895731689898867
2019-01-01 09:00:00,0.36337087331020257
2019-01-01 09:03:00,0.4290322446272512
2019-01-01 09:06:00,0.48035872740541663
2019-01-01 09:09:00,0.4730631048349778
2019-01-01 09:12:00,0.43195799826980874
2019-01-01 09:15:00,0.39321912229087275
2019-01-01 09:18:00,0.32141288620675823
2019-01-01 09:21:00,0.38571127340367184
2019-01-01 09:24:00,0.34432116144722613
2019-01-01 09:27:00,0.36098429231032014
2019-01-01 09:30:00,0.3113723301721052
2019-01-01 09:33:00,0.3171061480475146
2019-01-01 09:36:00,0.3075407252208038
2019-01-01 09:39:00,0.3082077063907036
2019-01-01 09:42:00,0.29273216919892775
2019-01-01 09:45:00,0.26162302031320905
2019-01-01 09:48:00,0.36802220733187596
2019-01-01 09:51:00,0.13599380309688058
2019-01-01 09:54:00,0.20243360070480776
2019-01-01 09:57:00,0.19505734059748647
2019-01-01 10:00:00,0.05191788411974585
2019-01-01 10:03:00,0.16289011746926008
2019-01-01 10:06:00,0.19568444256799467
2019-01-01 10:09:00,0.1250285499426127
2019-01-01 10:12:00,0.06572643896419095
2019-01-01 10:15:00,0.05114232049692191
2019-01-01 10:18:00,0.07594688836587693
2019-01-01 10:21:00,-0.0034491242680587675
2019-01-01 10:24:00,-0.09604291159263312
2019-01-01 10:27:00,-0.034351245278401166
2019-01-01 10:30:00,-0.06924826309062837
2019-01-01 10:33:00,-0.18162477339382121
2019-01-01 10:36:00,-0.16741578430509207
2019-01-01 10:39:00,-0.12736483066635174
2019-01-01 10:42:00,-0.13879604405161672
2019-01-01 10:45:00,-0.21924856813751603
2019-01-01 10:48:00,-0.17702888461150224
2019-01-01 10:51:00,-0.3601389692183261
2019-01-01 10:54:00,-0.3271169015671376
2019-01-01 10:57:00,-0.17878884446548682
2019-01-01 11:00:00,-0.24417901165691092
2019-01-01 11:03:00,-0.23497739828405884
2019-01-01 11:06:00,-0.31159579965822104
2019-01-01 11:09:00,-0.2781955056771608
2019-01-01 11:12:00,-0.2880204809034126
2019-01-01 11:15:00,-0.3361116453388604
2019-01-01 11:18:00,-0.3013860622476159
2019-01-01 11:21:00,-0.3758654956429268
2019-01-01 11:24:00,-0.24964472167289387
2019-01-01 11:27:00,-0.35001325277687556
2019-01-01 11:30:00,-0.32344503570624283
2019-01-01 11:33:00,-0.29196690726610086
2019-01-01 11:36:00,-0.380457402883394
2019-01-01 11:39:00,-0.28064351327651593
2019-01-01 11:42:00,-0.3201471600830814
2019-01-01 11:45:00,-0.32787402147124567
2019-01-01 11:48:00,-0.4597954313447872
2019-01-01 11:51:00,-0.39764190394851084
2019-01-01 11:54:00,-0.31955311628314576
2019-01-01 11:57:00,-0.4142071370354756
2019-01-01 12:00:00,-0.3663075823065469
2019-01-01 12:03:00,-0.4321457080839082
2019-01-01 12:06:00,-0.4910779817839739
2019-01-01 12:09:00,-0.40388288642435555
2019-01-01 12:12:00,-0.3919871807985942
2019-01-01 12:15:00,-0.4386786304352768
2019-01-01 12:18:00,-0.542400647287991
2019-01-01 12:21:00,-0.5286505971002384
2019-01-01 12:24:00,-0.5063411731276233
2019-01-01 12:27:00,-0.4544779945634332
2019-01-01 12:30:00,-0.4213267780698402
2019-01-01 12:33:00,-0.48955738411234506
2019-01-01 12:36:00,-0.41844764873485474
2019-01-01 12:39:00,-0.4217334899748266
2019-01-01 12:42:00,-0.4946083011480482
2019-01-01 12:45:00,-0.5072666097756837
2019-01-01 12:48:00,-0.41477510858567257
2019-01-01 12:51:00,-0.37203719127069235
2019-01-01 12:54:00,-0.38801067508313736
2019-01-01 12:57:00,-0.33692125244425597
2019-01-01 13:00:00,-0.4305188427508142
2019-01-01 13:03:00,-0.3920111092816114
2019-01-01 13:06:00,-0.38006967625040033
2019-01-01 13:09:00,-0.39339426681050327
2019-01-01 13:12:00,-0.4779532157019162
2019-01-01 13:15:00,-0.4876850979993037
2019-01-01 13:18:00,-0.4315984082358568
2019-01-01 13:21:00,-0.5050560756520213
2019-01-01 13:24:00,-0.5444807473710966
2019-01-01 13:27:00,-0.5917419283110235
2019-01-01 13:30:00,-0.4825633529333686
2019-01-01 13:33:00,-0.5120472593903287
2019-01-01 13:36:00,-0.42236026402929383
2019-01-01 13:39:00,-0.49451886105100584
2019-01-01 13:42:00,-0.519366766447547
2019-01-01 13:45:00,-0.48175871744024334
2019-01-01 13:48:00,-0.592526044040369
2019-01-01 13:51:00,-0.4759708632120123
2019-01-01 13:54:00,-0.6135444089601947
2019-01-01 13:57:00,-0.5179689286654252
2019-01-01 14:00:00,-0.5715816529840367
2019-01-01 14:03:00,-0.568318548786408
2019-01-01 14:06:00,-0.5166023768001651
2019-01-01 14:09:00,-0.5596298064502889
2019-01-01 14:12:00,-0.5451687583503144
2019-01-01 14:15:00,-0.523837689633865
2019-01-01 14:18:00,-0.6449381396585636
2019-01-01 14:21:00,-0.40300588982216823
2019-01-01 14:24:00,-0.5226753787749203
2019-01-01 14:27:00,-0.4694097950262517
2019-01-01 14:30:00,-0.42714848247743475
2019-01-01 14:33:00,-0.4756723124955897
2019-01-01 14:36:00,-0.5691451801312155
2019-01-01 14:39:00,-0.5993657464354101
2019-01-01 14:42:00,-0.4809039000305688
2019-01-01 14:45:00,-0.48439183225229954
2019-01-01 14:48:00,-0.4346834844604359
2019-01-01 14:51:00,-0.5423232557967026
2019-01-01 14:54:00,-0.4839431565691825
2019-01-01 14:57:00,-0.5451505327502559
2019-01-01 15:00:00,-0.5423722287778787
2019-01-01 15:03:00,-0.44637736864029876
2019-01-01 15:06:00,-0.46828228472946876
2019-01-01 15:09:00,-0.5066831453174245
2019-01-01 15:12:00,-0.5777437272505495
2019-01-01 15:15:00,-0.6295087735552443
2019-01-01 15:18:00,-0.5515448413904096
2019-01-01 15:21:00,-0.5145409471705875
2019-01-01 15:24:00,-0.46741357224055946
2019-01-01 15:27:00,-0.5752752590502155
2019-01-01 15:30:00,-0.4827697242006366
2019-01-01 15:33:00,-0.3949888960376029
2019-01-01 15:36:00,-0.5786721151775396
2019-01-01 15:39:00,-0.4708808549972332
2019-01-01 15:42:00,-0.48731326266357655
2019-01-01 15:45:00,-0.4360075633250631
2019-01-01 15:48:00,-0.4807052091573496
2019-01-01 15:51:00,-0.44546936830965933
2019-01-01 15:54:00,-0.4126985805721688
2019-01-01 15:57:00,-0.4256033016880565
2019-01-01 16:00:00,-0.46150424314964766
2019-01-01 16:03:00,-0.5034726141267356
2019-01-01 16:06:00,-0.4753263081684622
2019-01-01 16:09:00,-0.42655109460434915
2019-01-01 16:12:00,-0.3916609846512529
2019-01-01 16:15:00,-0.5160484022476339
2019-01-01 16:18:00,-0.5091928851997523
2019-01-01 16:21:00,-0.42826945774123715
2019-01-01 16:24:00,-0.4888124270689218
2019-01-01 16:27:00,-0.46811245660506984
2019-01-01 16:30:00,-0.42781843131240294
2019-01-01 16:33:00,-0.43989577783975164
2019-01-01 16:36:00,-0.4471660019200385
2019-01-01 16:39:00,-0.4977450522325171
2019-01-01 16:42:00,-0.36818902428524325
2019-01-01 16:45:00,-0.44002119208005297
2019-01-01 16:48:00,-0.4865497376948156
2019-01-01 16:51:00,-0.5107481515230461
2019-01-01 16:54:00,-0.49576952945227504
2019-01-01 16:57:00,-0.39669502294930226
2019-01-01 17:00:00,-0.39567837491250657
2019-01-01 17:03:00,-0.48277926039617114
2019-01-01 17:06:00,-0.4721812458226964
2019-01-01 17:09:00,-0.4433388294941665
2019-01-01 17:12:00,-0.41261188634706514
2019-01-01 17:15:00,-0.45502763428260096
2019-01-01 17:18:00,-0.39412907564138777
2019-01-01 17:21:00,-0.4413725238489974
2019-01-01 17:24:00,-0.49324433825853475
2019-01-01 17:27:00,-0.4810511152996355
2019-01-01 17:30:00,-0.32301674466270924
2019-01-01 17:33:00,-0.3295931444163216
2019-01-01 17:36:00,-0.32761990866811175
2019-01-01 17:39:00,-0.434406746552213
2019-01-01 17:42:00,-0.3016568716859638
2019-01-01 17:45:00,-0.29330877311622316
2019-01-01 17:48:00,-0.15581258987026558
2019-01-01 17:51:00,-0.19772815159910806
2019-01-01 17:54:00,-0.09841712309548711
2019-01-01 17:57:00,-0.2650021250346981
2019-01-01 18:00:00,-0.25917434295166686
2019-01-01 18:03:00,-0.18454502403983497
2019-01-01 18:06:00,-0.15910565267290622
2019-01-01 18:09:00,-0.25127522367614574
2019-01-01 18:12:00,-0.20465767703637994
2019-01-01 18:15:00,-0.3304610321280279
2019-01-01 18:18:00,-0.19438957730784523
2019-01-01 18:21:00,-0.2580607209675918
2019-01-01 18:24:00,-0.03175017376031519
2019-01-01 18:27:00,-0.2223692334586076
2019-01-01 18:30:00,-0.23653154386170172
2019-01-01 18:33:00,-0.16149998351681916
2019-01-01 18:36:00,-0.22380605501643913
2019-01-01 18:39:00,-0.24166948314768888
2019-01-01 18:42:00,-0.1067943778037943
2019-01-01 18:45:00,-0.1276392581607979
2019-01-01 18:48:00,-0.1122598588267465
2019-01-01 18:51:00,-0.2466140391368299
2019-01-01 18:54:00,-0.14717193883546997
2019-01-01 18:57:00,
2019-01-01 19:00:00,
2019-01-01 19:03:00,-0.04639624938675979
2019-01-01 19:06:00,-0.16041872916872535
2019-01-01 19:09:00,-0.1210183105544047
2019-01-01 19:12:00,-0.08757707118405733
2019-01-01 19:15:00,-0.07149547316254257
2019-01-01 19:18:00,-0.08638734646626745
2019-01-01 19:21:00,-0.046658290438585936
2019-01-01 19:24:00,-0.0460059597303939
2019-01-01 19:27:00,-0.008699672115483281
2019-01-01 19:30:00,-0.1397534217227303
2019-01-01 19:33:00,-0.007419689512914829
2019-01-01 19:36:00,0.013678091072620191
2019-01-01 19:39:00,-0.05267325453064586
2019-01-01 19:42:00,0.023531298145712753
2019-01-01 19:45:00,-0.02251628015676488
2019-01-01 19:48:00,-0.02778146694907946
2019-01-01 19:51:00,-0.03913281004736291
2019-01-01 19:54:00,0.06453185016562202
2019-01-01 19:57:00,0.006026208116963971
2019-01-01 20:00:00,0.0005155599130830524
2019-01-01 20:03:00,-0.002944604672961759
2019-01-01 20:06:00,0.04652313332258018
2019-01-01 20:09:00,0.07863451847129
2019-01-01 20:12:00,0.08107716788919106
2019-01-01 20:15:00,0.03149201653155842
2019-01-01 20:18:00,0.029954029500572688
2019-01-01 20:21:00,0.08268725642017216
2019-01-01 20:24:00,0.1106205815190151
2019-01-01 20:27:00,0.0712723395017747
2019-01-01 20:30:00,0.08831705233893672
2019-01-01 20:33:00,0.0708130672403513
2019-01-01 20:36:00,0.09528504080691391
2019-01-01 20:39:00,0.08110433569527231
2019-01-01 20:42:00,0.08244076303640213
2019-01-01 20:45:00,-0.026897129587098334
2019-01-01 20:48:00,0.08571644408448265
2019-01-01 20:51:00,0.17138332201716366
2019-01-01 20:54:00,0.14694322364664458
2019-01-01 20:57:00,0.18911440269050672
2019-01-01 21:00:00,0.2248655463510545
2019-01-01 21:03:00,0.07356666653714683
2019-01-01 21:06:00,0.2343357630464311
2019-01-01 21:09:00,0.16105612525200286
2019-01-01 21:12:00,0.29409400264046326
2019-01-01 21:15:00,0.1863488095982575
2019-01-01 21:18:00,0.09071835644914472
2019-01-01 21:21:00,0.20797787288984182
2019-01-01 21:24:00,0.25173626461685217
2019-01-01 21:27:00,0.21874652801164984
2019-01-01 21:30:00,0.1903987083792913
2019-01-01 21:33:00,0.22229682875371282
2019-01-01 21:36:00,0.249828728366424
2019-01-01 21:39:00,0.1241305188576689
2019-01-01 21:42:00,0.1549348117765703
2019-01-01 21:45:00,0.10908941046494647
2019-01-01 21:48:00,0.26431566163307707
2019-01-01 21:51:00,0.21770583258222587
2019-01-01 21:54:00,0.18188213741808568
2019-01-01 21:57:00,0.20141447897776743
2019-01-01 22:00:00,0.21108305509039837
2019-01-01 22:03:00,0.2278070750158463
2019-01-01 22:06:00,0.17607641039921873
2019-01-01 22:09:00,0.15490581084770838
2019-01-01 22:12:00,0.17110681438663278
2019-01-01 22:15:00,0.1528243468935102
2019-01-01 22:18:00,0.1747382658757033
2019-01-01 22:21:00,0.2122044980700366
2019-01-01 22:24:00,0.23721816338269264
2019-01-01 22:27:00,0.21735586882118696
2019-01-01 22:30:00,0.20730954516841393
2019-01-01 22:33:00,0.18930763703895082
2019-01-01 22:36:00,0.25180096237380667
2019-01-01 22:39:00,0.18938778416236346
2019-01-01 22:42:00,0.22192038334918607
2019-01-01 22:45:00,0.211608025484054
2019-01-01 22:48:00,0.14242612938289767
2019-01-01 22:51:00,0.22349630487497052
2019-01-01 22:54:00,0.2394090906698807
2019-01-01 22:57:00,0.2189921490350457
2019-01-01 23:00:00,0.21534623330478553
2019-01-01 23:03:00,0.20175703693746527
2019-01-01 23:06:00,0.23602188791710432
2019-01-01 23:09:00,0.2672778620654981
2019-01-01 23:12:00,0.2831695337403062
2019-01-01 23:15:00,0.18908083304978618
2019-01-01 23:18:00,0.1350674265959242
2019-01-01 23:21:00,0.20973814603274832
2019-01-01 23:24:00,0.2525724674898129
2019-01-01 23:27:00,0.22443437369548747
2019-01-01 23:30:00,0.20285210549275234
2019-01-01 23:33:00,0.22092270262118063
2019-01-01 23:36:00,0.2315699096843673
2019-01-01 23:39:00,0.23210843330906528
2019-01-01 23:42:00,0.28371154497568796
2019-01-01 23:45:00,0.3249850504778351
2019-01-01 23:48:00,0.2558812890076183
2019-01-01 23:51:00,0.2563054711625341
2019-01-01 23:54:00,0.285536526562737
2019-01-01 23:57:00,0.24136646847597376
2019-01-02 00:00:00,0.23315590771397865
2019-01-02 00:03:00,0.22618132069351304
2019-01-02 00:06:00,0.2522333085067885
2019-01-02 00:09:00,0.17789549949003458
2019-01-02 00:12:00,0.2432432159599216
2019-01-02 00:15:00,0.1702292723256278
2019-01-02 00:18:00,0.3354757022686954
2019-01-02 00:21:00,0.23270992230214915
2019-01-02 00:24:00,0.30969541082964724
2019-01-02 00:27:00,0.40949771020274284
2019-01-02 00:30:00,0.2716624627918236
2019-01-02 00:33:00,0.2608532609832537
2019-01-02 00:36:00,0.12183050501681691
2019-01-02 00:39:00,0.26505798013516824
2019-01-02 00:42:00,0.2687115311687762
2019-01-02 00:45:00,0.29469111426311656
2019-01-02 00:48:00,0.1353091642453137
2019-01-02 00:51:00,0.19603564440052423
2019-01-02 00:54:00,0.24475159261004364
2019-01-02 00:57:00,0.22829792586276199
2019-01-02 01:00:00,0.2703145444262418
2019-01-02 01:03:00,0.2272669530897815
2019-01-02 01:06:00,0.3030114630914795
2019-01-02 01:09:00,0.28105368521715945
2019-01-02 01:12:00,0.24243926945803196
2019-01-02 01:15:00,0.2934883021323458
2019-01-02 01:18:00,0.3313308058248481
2019-01-02 01:21:00,0.28074394934162683
2019-01-02 01:24:00,0.43009176923550285
2019-01-02 01:27:00,0.28178048444425485
2019-01-02 01:30:00,0.3281400506346017
2019-01-02 01:33:00,0.3964082045591226
2019-01-02 01:36:00,0.37839596122233843
2019-01-02 01:39:00,0.40377834829490666
2019-01-02 01:42:00,0.3190562899375209
2019-01-02 01:45:00,0.3785407319805927
2019-01-02 01:48:00,0.4365736360859387
2019-01-02 01:51:00,0.39045111946450106
2019-01-02 01:54:00,0.44117070963466176
2019-01-02 01:57:00,0.42371779888947003
2019-01-02 02:00:00,0.3999311842217139
2019-01-02 02:03:00,0.381807831344247
2019-01-02 02:06:00,0.4009577977832919
2019-01-02 02:09:00,0.4478523095225455
2019-01-02 02:12:00,0.29568531117195107
2019-01-02 02:15:00,0.3510232117540113
2019-01-02 02:18:00,0.38101230191426794
2019-01-02 02:21:00,0.4010007217698899
2019-01-02 02:24:00,0.39527803521264104
2019-01-02 02:27:00,0.46772067537989415
2019-01-02 02:30:00,0.4869033565409495
2019-01-02 02:33:00,0.4210321793528351
2019-01-02 02:36:00,0.4502538732813832
2019-01-02 02:39:00,0.47220525859881946
2019-01-02 02:42:00,0.41067090314118104
2019-01-02 02:45:00,0.3633273879651142
2019-01-02 02:48:00,0.46255872935267917
2019-01-02 02:51:00,0.43378977226655024
2019-01-02 02:54:00,0.4774248621938568
2019-01-02 02:57:00,0.4246557680789351
2019-01-02 03:00:00,0.4214096213136713
2019-01-02 03:03:00,0.4864071780820609
2019-01-02 03:06:00,0.44837354294520537
2019-01-02 03:09:00,0.5063281831539825
2019-01-02 03:12:00,0.47830188163010234
2019-01-02 03:15:00,0.5218754192566735
2019-01-02 03:18:00,0.49548294810699645
2019-01-02 03:21:00,0.49949723663723944
2019-01-02 03:24:00,0.5116835853351631
2019-01-02 03:27:00,0.5059095575871311
2019-01-02 03:30:00,0.5316737830701754
2019-01-02 03:33:00,0.4691054155031793
2019-01-02 03:36:00,0.4840334940571438
2019-01-02 03:39:00,0.5003549596096946
2019-01-02 03:42:00,0.5967977562293072
2019-01-02 03:45:00,0.5483962182890423
2019-01-02 03:48:00,0.49411806973733974
2019-01-02 03:51:00,0.4752672207923183
2019-01-02 03:54:00,0.5018216370651203
2019-01-02 03:57:00,0.5612082558734528
2019-01-02 04:00:00,0.5734891792280337
2019-01-02 04:03:00,0.4343608478729948
2019-01-02 04:06:00,0.5978147229552064
2019-01-02 04:09:00,0.5568333713690095
2019-01-02 04:12:00,0.5882437154719469
2019-01-02 04:15:00,0.5852534100854427
2019-01-02 04:18:00,0.5193109358366428
2019-01-02 04:21:00,0.5321000983556701
2019-01-02 04:24:00,0.521749623282119
2019-01-02 04:27:00,0.5142057600391468
2019-01-02 04:30:00,0.5743523254070624
2019-01-02 04:33:00,0.5312401812251437
2019-01-02 04:36:00,0.6155458133654292
2019-01-02 04:39:00,0.6435123032150614
2019-01-02 04:42:00,0.5707901520431164
2019-01-02 04:45:00,0.5616067823912658
2019-01-02 04:48:00,0.5509448351422179
2019-01-02 04:51:00,0.5267089458230316
2019-01-02 04:54:00,0.5654278131291903
2019-01-02 04:57:00,0.5551339205231898
2019-01-02 05:00:00,0.5956375184508715
2019-01-02 05:03:00,0.6647248815074249
2019-01-02 05:06:00,0.4898396205684321
2019-01-02 05:09:00,0.5921139368997501
2019-01-02 05:12:00,0.6039846961774629
2019-01-02 05:15:00,0.6120628034690867
2019-01-02 05:18:00,0.5542020586908052
2019-01-02 05:21:00,0.6081898464777282
2019-01-02 05:24:00,0.6059304071669089
2019-01-02 05:27:00,0.6758680332667382
2019-01-02 05:30:00,0.568923601864185
2019-01-02 05:33:00,0.5835446575204628
2019-01-02 05:36:00,0.697983447130639
2019-01-02 05:39:00,0.6451763774717847
2019-01-02 05:42:00,0.6824910920305456
2019-01-02 05:45:00,0.6908069339403937
2019-01-02 05:48:00,0.6344020600706699
2019-01-02 05:51:00,0.6305797254217396
2019-01-02 05:54:00,0.5714716723049378
2019-01-02 05:57:00,0.6813551548764849
2019-01-02 06:00:00,0.6345524570191401
2019-01-02 06:03:00,0.6776743881957259
2019-01-02 06:06:00,0.739090732164243
2019-01-02 06:09:00,0.6373429905773378
2019-01-02 06:12:00,0.6675499323897611
2019-01-02 06:15:00,0.6509250870354322
2019-01-02 06:18:00,0.6794551565816391
2019-01-02 06:21:00,0.671252819813617
2019-01-02 06:24:00,0.6367508622356581
2019-01-02 06:27:00,0.6748784876499485
2019-01-02 06:30:00,0.5983214899900418
2019-01-02 06:33:00,0.6635429666231403
2019-01-02 06:36:00,0.6230165997033623
2019-01-02 06:39:00,0.716401488200745
2019-01-02 06:42:00,0.7340767343029597
2019-01-02 06:45:00,0.5795185853401676
2019-01-02 06:48:00,0.615679538623283
2019-01-02 06:51:00,0.7479473942100867
2019-01-02 06:54:00,0.6035046199569933
2019-01-02 06:57:00,0.7597910867092423
2019-01-02 07:00:00,0.6291505208633339
2019-01-02 07:03:00,0.6067556782826955
2019-01-02 07:06:00,0.6710677037896744
2019-01-02 07:09:00,0.8247687932646386
2019-01-02 07:12:00,0.7295806925442889
2019-01-02 07:15:00,0.6909883549679421
2019-01-02 07:18:00,0.6769102041433257
2019-01-02 07:21:00,0.7139649130130579
2019-01-02 07:24:00,0.7065155447712073
2019-01-02 07:27:00,0.7671935036887021
2019-01-02 07:30:00,0.6535307845227862
2019-01-02 07:33:00,0.6095752686119909
2019-01-02 07:36:00,0.6390773224844679
2019-01-02 07:39:00,0.7098619419861052
2019-01-02 07:42:00,0.7117461295479757
2019-01-02 07:45:00,0.6846682793893706
2019-01-02 07:48:00,0.6403981221429262
2019-01-02 07:51:00,0.6427176893992055
2019-01-02 07:54:00,0.6104704114800938
2019-01-02 07:57:00,0.6620836533136867
2019-01-02 08:00:00,0.7282934641568772
2019-01-02 08:03:00,0.691470624021008
2019-01-02 08:06:00,0.6794581633420762
2019-01-02 08:09:00,0.6522548373391146
2019-01-02 08:12:00,0.6303577319658302
2019-01-02 08:15:00,0.6339694908949127
2019-01-02 08:18:00,0.6272432360615312
2019-01-02 08:21:00,0.5802604704201713
2019-01-02 08:24:00,0.49165406655765764
2019-01-02 08:27:00,0.5593241615749776
2019-01-02 08:30:00,0.5014425950986379
2019-01-02 08:33:00,0.48295479237759764
2019-01-02 08:36:00,0.4814372103102187
2019-01-02 08:39:00,0.4488716903667864
2019-01-02 08:42:00,0.46988665585877243
2019-01-02 08:45:00,0.45739693202619947
2019-01-02 08:48:00,0.46519057925394236
2019-01-02 08:51:00,0.3977767191160524
2019-01-02 08:54:00,0.38905835220157314
2019-01-02 08:57:00,0.3927647648064294
2019-01-02 09:00:00,0.4382928068627052
2019-01-02 09:03:00,0.3697983104589184
2019-01-02 09:06:00,0.30855113210429863
2019-01-02 09:09:00,0.3064371200875371
2019-01-02 09:12:00,0.32221668091136735
2019-01-02 09:15:00,0.2942604215044753
2019-01-02 09:18:00,0.24679160811012935
2019-01-02 09:21:00,0.1792744658699803
2019-01-02 09:24:00,0.23950530892557254
2019-01-02 09:27:00,0.23359049793657505
2019-01-02 09:30:00,0.16546300700696293
2019-01-02 09:33:00,0.15789773867430767
2019-01-02 09:36:00,0.12334930545102907
2019-01-02 09:39:00,0.052097640137731105
2019-01-02 09:42:00,0.1447272080519042
2019-01-02 09:45:00,0.14882588494640459
2019-01-02 09:48:00,0.08801239743348788
2019-01-02 09:51:00,0.120723962608281
2019-01-02 09:54:00,0.022009618885078908
2019-01-02 09:57:00,0.011751066310011993
2019-01-02 10:00:00,-0.018452822541860314
2019-01-02 10:03:00,0.0623012821068869
2019-01-02 10:06:00,-0.00459979693096102
2019-01-02 10:09:00,-0.03127025483070156
2019-01-02 10:12:00,-0.02203348299059371
2019-01-02 10:15:00,-0.08590197647646391
2019-01-02 10:18:00,-0.04271026313386983
2019-01-02 10:21:00,-0.0800939125361424
2019-01-02 10:24:00,-0.0700154656717018
2019-01-02 10:27:00,-0.15483385826257745
2019-01-02 10:30:00,-0.07346322352282186
2019-01-02 10:33:00,-0.22132576411007676
2019-01-02 10:36:00,-0.16815672964446549
2019-01-02 10:39:00,-0.04406565285813713
2019-01-02 10:42:00,-0.059587687748091867
2019-01-02 10:45:00,-0.0835127778077549
2019-01-02 10:48:00,-0.1098594200643106
2019-01-02 10:51:00,-0.10480515146383595
2019-01-02 10:54:00,-0.037100952798596154
2019-01-02 10:57:00,-0.05864568645398549
2019-01-02 11:00:00,-0.06700961248935755
2019-01-02 11:03:00,-0.15516858163374536
2019-01-02 11:06:00,-0.16224263955308516
2019-01-02 11:09:00,-0.1600837101174193
2019-01-02 11:12:00,-0.09430604106046303
2019-01-02 11:15:00,-0.17472794794934998
2019-01-02 11:18:00,-0.20420189708102043
2019-01-02 11:21:00,-0.24780102424318784
2019-01-02 11:24:00,-0.24367397616447306
2019-01-02 11:27:00,-0.20758639229228493
2019-01-02 11:30:00,-0.19515045880910975
2019-01-02 11:33:00,-0.3238705775776225
2019-01-02 11:36:00,-0.1530539639384756
2019-01-02 11:39:00,-0.231971163481262
2019-01-02 11:42:00,-0.27479138271678494
2019-01-02 11:45:00,-0.24806884117276695
2019-01-02 11:48:00,-0.18957021656126471
2019-01-02 11:51:00,-0.10691708971728531
2019-01-02 11:54:00,-0.17817515617878144
2019-01-02 11:57:00,-0.24826217253792038
2019-01-02 12:00:00,-0.3016415904692735
2019-01-02 12:03:00,-0.2871885815114865
2019-01-02 12:06:00,-0.29266216289516933
2019-01-02 12:09:00,-0.3064019341731523
2019-01-02 12:12:00,-0.3490666163220908
2019-01-02 12:15:00,-0.21617834984607498
2019-01-02 12:18:00,-0.36508196186252917
2019-01-02 12:21:00,-0.19257553955890216
2019-01-02 12:24:00,-0.2597861522063454
2019-01-02 12:27:00,-0.27816059937697446
2019-01-02 12:30:00,-0.34719759455606436
2019-01-02 12:33:00,-0.29360102410765876
2019-01-02 12:36:00,-0.24808367048291302
2019-01-02 12:39:00,-0.30442956190552195
2019-01-02 12:42:00,-0.2620920018512152
2019-01-02 12:45:00,-0.2536519199576901
2019-01-02 12:48:00,-0.2839110951998123
2019-01-02 12:51:00,-0.3793366903988158
2019-01-02 12:54:00,-0.22011147820467158
2019-01-02 12:57:00,-0.30133584937954083
2019-01-02 13:00:00,-0.31597072695717543
2019-01-02 13:03:00,-0.3843210388970988
2019-01-02 13:06:00,-0.32154726998919614
2019-01-02 13:09:00,-0.383792603499046
2019-01-02 13:12:00,-0.44069883041152025
2019-01-02 13:15:00,-0.3245512529344978
2019-01-02 13:18:00,-0.22490043281760563
2019-01-02 13:21:00,-0.22176483886403275
2019-01-02 13:24:00,-0.29235032656907833
2019-01-02 13:27:00,-0.4602234852104061
2019-01-02 13:30:00,-0.32565742421098776
2019-01-02 13:33:00,-0.4093476454692677
2019-01-02 13:36:00,-0.3837212130627563
2019-01-02 13:39:00,-0.31551737983113526
2019-01-02 13:42:00,-0.42181024599574357
2019-01-02 13:45:00,-0.4038372538356043
2019-01-02 13:48:00,-0.4090033726090496
2019-01-02 13:51:00,-0.4263038567802937
2019-01-02 13:54:00,-0.3856809770015843
2019-01-02 13:57:00,-0.2959406098273121
2019-01-02 14:00:00,-0.4041546609039415
2019-01-02 14:03:00,-0.30650025653915236
2019-01-02 14:06:00,-0.4090792004869286
2019-01-02 14:09:00,-0.32935791572344897
2019-01-02 14:12:00,-0.4777844829669675
2019-01-02 14:15:00,-0.3884460107833547
2019-01-02 14:18:00,-0.4382135550223438
2019-01-02 14:21:00,-0.4309872335075511
2019-01-02 14:24:00,-0.47815333477490185
2019-01-02 14:27:00,-0.43955718771417196
2019-01-02 14:30:00,-0.4531642984433688
2019-01-02 14:33:00,-0.4206276007076326
2019-01-02 14:36:00,-0.39781110617690274
2019-01-02 14:39:00,-0.34863851154176473
2019-01-02 14:42:00,-0.3852984620297093
2019-01-02 14:45:00,-0.46707368054768494
2019-01-02 14:48:00,-0.4289280357455141
2019-01-02 14:51:00,-0.45741379180566355
2019-01-02 14:54:00,-0.4138271199945507
2019-01-02 14:57:00,-0.308780323527003
2019-01-02 15:00:00,-0.30971395807750923
2019-01-02 15:03:00,-0.43875944098834907
2019-01-02 15:06:00,-0.3663540257477962
2019-01-02 15:09:00,-0.37148872305283476
2019-01-02 15:12:00,-0.33189214979779535
2019-01-02 15:15:00,-0.4045245646523199
2019-01-02 15:18:00,-0.3458489129529312
2019-01-02 15:21:00,-0.3231141006326652
2019-01-02 15:24:00,-0.2985682783007064
2019-01-02 15:27:00,-0.31881935426605423
2019-01-02 15:30:00,-0.4148048456208926
2019-01-02 15:33:00,-0.4080015261436074
2019-01-02 15:36:00,-0.4996308403509033
2019-01-02 15:39:00,-0.3330343653392447
2019-01-02 15:42:00,-0.32083102128899554
2019-01-02 15:45:00,-0.4459126614007687
2019-01-02 15:48:00,-0.31324553088256835
2019-01-02 15:51:00,-0.31953733496038694
2019-01-02 15:54:00,-0.41142760145260127
2019-01-02 15:57:00,-0.3460766466985774
2019-01-02 16:00:00,-0.3878260489070158
2019-01-02 16:03:00,-0.47187946876391607
2019-01-02 16:06:00,-0.38866244384189486
2019-01-02 16:09:00,-0.4622834592468621
2019-01-02 16:12:00,-0.45904083972618537
2019-01-02 16:15:00,-0.3918495612665538
2019-01-02 16:18:00,-0.3570729155217691
2019-01-02 16:21:00,-0.2799403670057359
2019-01-02 16:24:00,-0.5007042815427099
2019-01-02 16:27:00,-0.47709832885777814
2019-01-02 16:30:00,-0.38717679838794083
2019-01-02 16:33:00,-0.3986936818695881
2019-01-02 16:36:00,-0.45638106848355164
2019-01-02 16:39:00,-0.44521534118268846
2019-01-02 16:42:00,-0.3586857126077234
2019-01-02 16:45:00,-0.44603269895731046
2019-01-02 16:48:00,-0.3597784263739072
2019-01-02 16:51:00,-0.42293666174015243
2019-01-02 16:54:00,-0.496508143000824
2019-01-02 16:57:00,-0.4298795271288327
2019-01-02 17:00:00,-0.24815376172858805
2019-01-02 17:03:00,-0.4691216365921491
2019-01-02 17:06:00,-0.410727031446811
2019-01-02 17:09:00,-0.32477460052336937
2019-01-02 17:12:00,-0.3357058003280713
2019-01-02 17:15:00,-0.35243583639066856
2019-01-02 17:18:00,-0.3947915113137128
2019-01-02 17:21:00,-0.42953955084175277
2019-01-02 17:24:00,-0.46340558941932386
2019-01-02 17:27:00,-0.3984377481432375
2019-01-02 17:30:00,-0.3977331393962231
2019-01-02 17:33:00,-0.3580623722108385
2019-01-02 17:36:00,-0.3607198568635681
2019-01-02 17:39:00,-0.38649086177520076
2019-01-02 17:42:00,-0.359258088306035
2019-01-02 17:45:00,-0.3497487092696474
2019-01-02 17:48:00,-0.37308796607896966
2019-01-02 17:51:00,-0.3082380573409864
2019-01-02 17:54:00,-0.4054388774675317
2019-01-02 17:57:00,-0.3804206168940141
2019-01-02 18:00:00,-0.4869270758995867
2019-01-02 18:03:00,-0.3565422748579863
2019-01-02 18:06:00,-0.3575951347693831
2019-01-02 18:09:00,-0.3956285059828133
2019-01-02 18:12:00,-0.26496724860879795
2019-01-02 18:15:00,-0.4622859689246184
2019-01-02 18:18:00,-0.47331542716665354
2019-01-02 18:21:00,-0.33749508932527306
2019-01-02 18:24:00,-0.5051792823036294
2019-01-02 18:27:00,-0.34502627988416634
2019-01-02 18:30:00,-0.31298130306066696
2019-01-02 18:33:00,-0.4057607293941601
2019-01-02 18:36:00,-0.3753781603338666
2019-01-02 18:39:00,-0.2582537247651544
2019-01-02 18:42:00,-0.347091516138164
2019-01-02 18:45:00,-0.357441609426985
2019-01-02 18:48:00,-0.2867068998345985
2019-01-02 18:51:00,-0.32856944585313386
2019-01-02 18:54:00,
2019-01-02 18:57:00,
2019-01-02 19:00:00,
2019-01-02 19:03:00,-0.18117066389464753
2019-01-02 19:06:00,-0.2420366118232664
2019-01-02 19:09:00,-0.06896682501832174
2019-01-02 19:12:00,-0.250869239572296
2019-01-02 19:15:00,-0.14026997152410559
2019-01-02 19:18:00,-0.1573331553760795
2019-01-02 19:21:00,-0.1422789414783665
2019-01-02 19:24:00,-0.16616439785559578
2019-01-02 19:27:00,-0.1478292553570668
2019-01-02 19:30:00,-0.13289693091383015
2019-01-02 19:33:00,-0.15484702080323132
2019-01-02 19:36:00,-0.17546236015579098
2019-01-02 19:39:00,-0.044156526721565115
2019-01-02 19:42:00,-0.040907870888418074
2019-01-02 19:45:00,-0.1726604125184963
2019-01-02 19:48:00,-0.060264001688040025
2019-01-02 19:51:00,-0.09531896897698289
2019-01-02 19:54:00,-0.10492315883175252
2019-01-02 19:57:00,-0.09906205234909748
2019-01-02 20:00:00,-0.00047159543260022474
2019-01-02 20:03:00,-0.06651058233148888
2019-01-02 20:06:00,-0.15342870492429483
2019-01-02 20:09:00,-0.08052820990633336
2019-01-02 20:12:00,0.03128564846986137
2019-01-02 20:15:00,-0.08181207165677051
2019-01-02 20:18:00,-0.012949576955634257
2019-01-02 20:21:00,0.0008202152508260951
2019-01-02 20:24:00,0.09485395662409246
2019-01-02 20:27:00,0.04026752318043236
2019-01-02 20:30:00,0.054622424640001555
2019-01-02 20:33:00,0.0571020467431822
2019-01-02 20:36:00,0.11750973021395339
2019-01-02 20:39:00,-0.08853275188954512
2019-01-02 20:42:00,0.03182961362989545
2019-01-02 20:45:00,0.0063043498601018655
2019-01-02 20:48:00,0.10812755129398965
2019-01-02 20:51:00,0.05025679715942033
2019-01-02 20:54:00,0.049095168029737124
2019-01-02 20:57:00,0.08265946695314597
2019-01-02 21:00:00,0.04942797062784621
2019-01-02 21:03:00,0.02526475424133423
2019-01-02 21:06:00,0.13062468927063264
2019-01-02 21:09:00,0.07109806565404142
2019-01-02 21:12:00,0.13701303111713514
2019-01-02 21:15:00,0.08647011615312294
2019-01-02 21:18:00,0.06522203979523056
2019-01-02 21:21:00,0.1497834157462421
2019-01-02 21:24:00,0.23227617108199183
2019-01-02 21:27:00,0.1497727304964087
2019-01-02 21:30:00,0.06833593787428072
2019-01-02 21:33:00,0.02739607014092371
2019-01-02 21:36:00,-0.0027803758772506626
2019-01-02 21:39:00,0.15247501969349742
2019-01-02 21:42:00,0.12367302261537816
2019-01-02 21:45:00,0.04984573376628987
2019-01-02 21:48:00,0.08252367175958852
2019-01-02 21:51:00,0.06357934296653411
2019-01-02 21:54:00,-0.018086207288092737
2019-01-02 21:57:00,0.07257295607678316
2019-01-02 22:00:00,0.10564680696205642
2019-01-02 22:03:00,0.12126186189686905
2019-01-02 22:06:00,0.0625094827698831
2019-01-02 22:09:00,0.06424187317207952
2019-01-02 22:12:00,0.08187098539764293
2019-01-02 22:15:00,0.014741582148417365
2019-01-02 22:18:00,0.07407167115445645
2019-01-02 22:21:00,0.01778801987723
2019-01-02 22:24:00,0.015344616282050083
2019-01-02 22:27:00,0.04700029680560647
2019-01-02 22:30:00,0.09716353811921863
2019-01-02 22:33:00,0.056999138670505545
2019-01-02 22:36:00,-0.0016108203420799327
2019-01-02 22:39:00,0.07504128562959522
2019-01-02 22:42:00,0.07649411713327936
2019-01-02 22:45:00,0.06861530812687988
2019-01-02 22:48:00,0.03658282718515693
2019-01-02 22:51:00,0.06608040666458237
2019-01-02 22:54:00,0.10026983869778405
2019-01-02 22:57:00,0.07553444866886139
2019-01-02 23:00:00,0.050675097762962196
2019-01-02 23:03:00,0.13139922858965747
2019-01-02 23:06:00,0.09907264945280758
2019-01-02 23:09:00,0.1456928631602068
2019-01-02 23:12:00,0.09809225238518593
2019-01-02 23:15:00,0.08213603669059921
2019-01-02 23:18:00,0.11954924446501991
2019-01-02 23:21:00,0.08793271228694266
2019-01-02 23:24:00,0.18432210949805494
2019-01-02 23:27:00,0.12539581315786563
2019-01-02 23:30:00,0.2382452496216274
2019-01-02 23:33:00,0.1757363629945985
2019-01-02 23:36:00,0.17001199292207048
2019-01-02 23:39:00,0.1252050757286156
2019-01-02 23:42:00,0.05881424390020129
2019-01-02 23:45:00,0.12775657238927352
2019-01-02 23:48:00,0.1298706501563629
2019-01-02 23:51:00,0.12948334713951226
2019-01-02 23:54:00,0.09043367911698397
2019-01-02 23:57:00,0.09607965103003835
2019-01-03 00:00:00,0.16612766217514263
2019-01-03 00:03:00,0.20636746069766332
2019-01-03 00:06:00,0.13161057812311583
2019-01-03 00:09:00,0.14734815762642484
2019-01-03 00:12:00,0.17017386107079346
2019-01-03 00:15:00,0.19570852805833283
2019-01-03 00:18:00,0.1757371085987529
2019-01-03 00:21:00,0.10952946566123956
2019-01-03 00:24:00,0.16235845579814168
2019-01-03 00:27:00,0.1433906068689339
2019-01-03 00:30:00,0.1484799535255661
2019-01-03 00:33:00,0.17614828551000983
2019-01-03 00:36:00,0.15509825526385157
2019-01-03 00:39:00,0.21627334222768013
2019-01-03 00:42:00,0.07524280956960183
2019-01-03 00:45:00,0.13026586801947815
2019-01-03 00:48:00,0.1971903651603384
2019-01-03 00:51:00,0.15632307282038482
2019-01-03 00:54:00,0.06428631410176422
2019-01-03 00:57:00,0.13894205148864103
2019-01-03 01:00:00,0.0970431908909859
2019-01-03 01:03:00,0.15454516250116512
2019-01-03 01:06:00,0.0896424255755619
2019-01-03 01:09:00,0.1561081178593895
2019-01-03 01:12:00,0.17391865121106775
2019-01-03 01:15:00,0.05228689266874653
2019-01-03 01:18:00,0.10030871585371415
2019-01-03 01:21:00,0.11256456652932911
2019-01-03 01:24:00,0.08689070884531702
2019-01-03 01:27:00,0.11124449345084031
2019-01-03 01:30:00,0.21741751325379255
2019-01-03 01:33:00,0.14966222998521062
2019-01-03 01:36:00,0.1857906903418325
2019-01-03 01:39:00,0.12334669967737
2019-01-03 01:42:00,0.15918936540617779
2019-01-03 01:45:00,0.17861549318655534
2019-01-03 01:48:00,0.13762836829653224
2019-01-03 01:51:00,0.16139305357080502
2019-01-03 01:54:00,0.007395309073217504
2019-01-03 01:57:00,0.14530487152683236
2019-01-03 02:00:00,0.031202746426401973
2019-01-03 02:03:00,0.12222587635693571
2019-01-03 02:06:00,0.14376447867510933
2019-01-03 02:09:00,0.12974900245825438
2019-01-03 02:12:00,0.20301226648280135
2019-01-03 02:15:00,0.14647464749731398
2019-01-03 02:18:00,0.14648672302246268
2019-01-03 02:21:00,0.1772972726420221
2019-01-03 02:24:00,0.12086083420808791
2019-01-03 02:27:00,0.2164865879434501
2019-01-03 02:30:00,0.2098250854414232
2019-01-03 02:33:00,0.21532209449526363
2019-01-03 02:36:00,0.2848304489952511
2019-01-03 02:39:00,0.1631516430596207
2019-01-03 02:42:00,0.21936294088720842
2019-01-03 02:45:00,0.2434107563628345
2019-01-03 02:48:00,0.2255687835199751
2019-01-03 02:51:00,0.15864931035883956
2019-01-03 02:54:00,0.2569744817616879
2019-01-03 02:57:00,0.2246896362033226
2019-01-03 03:00:00,0.2366844226332887
2019-01-03 03:03:00,0.212988447669602
2019-01-03 03:06:00,0.2547507512149423
2019-01-03 03:09:00,0.2451277002533061
2019-01-03 03:12:00,0.31528729600023553
2019-01-03 03:15:00,0.22330098373612373
2019-01-03 03:18:00,0.25147007159552004
2019-01-03 03:21:00,0.28530073455459615
2019-01-03 03:24:00,0.29306517290132206
2019-01-03 03:27:00,0.30711630554526437
2019-01-03 03:30:00,0.24113355479130405
2019-01-03 03:33:00,0.2401964007841002
2019-01-03 03:36:00,0.2691126588396173
2019-01-03 03:39:00,0.3518189100889799
2019-01-03 03:42:00,0.22705111951245271
2019-01-03 03:45:00,0.22474487057451142
2019-01-03 03:48:00,0.31729604428210223
2019-01-03 03:51:00,0.23875172046570015
2019-01-03 03:54:00,0.26554899789459796
2019-01-03 03:57:00,0.24870733607849616
2019-01-03 04:00:00,0.2855875544549349
2019-01-03 04:03:00,0.30630738463173657
2019-01-03 04:06:00,0.2548835841716368
2019-01-03 04:09:00,0.31863350957831926
2019-01-03 04:12:00,0.3402064585386597
2019-01-03 04:15:00,0.267247466663207
2019-01-03 04:18:00,0.3567266074240365
2019-01-03 04:21:00,0.412710933575795
2019-01-03 04:24:00,0.2985570732253109
2019-01-03 04:27:00,0.2807498265888171
2019-01-03 04:30:00,0.3698511762657404
2019-01-03 04:33:00,0.3937565919175654
2019-01-03 04:36:00,0.4308517676294059
2019-01-03 04:39:00,0.3284349970815583
2019-01-03 04:42:00,0.427220160166371
2019-01-03 04:45:00,0.3165573733150495
2019-01-03 04:48:00,0.3300808637719683
2019-01-03 04:51:00,0.39130944107574805
2019-01-03 04:54:00,0.4344390128030682
2019-01-03 04:57:00,0.41340260701321085
2019-01-03 05:00:00,0.30657212541649415
2019-01-03 05:03:00,0.37181622372304446
2019-01-03 05:06:00,0.4004010623372096
2019-01-03 05:09:00,0.4352230242392352
2019-01-03 05:12:00,0.451105154086747
2019-01-03 05:15:00,0.41627486696916094
2019-01-03 05:18:00,0.36958492150051825
2019-01-03 05:21:00,0.38673984478032253
2019-01-03 05:24:00,0.3615622130137126
2019-01-03 05:27:00,0.5021007082855249
2019-01-03 05:30:00,0.4210277876659916
2019-01-03 05:33:00,0.3966794703981691
2019-01-03 05:36:00,0.4189873627061047
2019-01-03 05:39:00,0.4549582433098749
2019-01-03 05:42:00,0.38204240698559033
2019-01-03 05:45:00,0.403803846308449
2019-01-03 05:48:00,0.43653949813671034
2019-01-03 05:51:00,0.448998177001954
2019-01-03 05:54:00,0.39030834278725024
2019-01-03 05:57:00,0.48196331010950644
2019-01-03 06:00:00,0.41499615534343093
2019-01-03 06:03:00,0.3809607653457192
2019-01-03 06:06:00,0.4502382226372106
2019-01-03 06:09:00,0.4310589180752231
2019-01-03 06:12:00,0.46708437876554854
2019-01-03 06:15:00,0.42792657243296617
2019-01-03 06:18:00,0.4661874450871437
2019-01-03 06:21:00,0.5061856838865992
2019-01-03 06:24:00,0.45718672236301927
2019-01-03 06:27:00,0.4583309190803675
2019-01-03 06:30:00,0.45073452583841345
2019-01-03 06:33:00,0.5144883112600382
2019-01-03 06:36:00,0.48491279522039576
2019-01-03 06:39:00,0.4886737719757548
2019-01-03 06:42:00,0.5697453265835861
2019-01-03 06:45:00,0.5029517651860829
2019-01-03 06:48:00,0.45813259347272606
2019-01-03 06:51:00,0.46891394927803276
2019-01-03 06:54:00,0.42793138183219526
2019-01-03 06:57:00,0.6501674381648286
2019-01-03 07:00:00,0.4813100289600811
2019-01-03 07:03:00,0.4779474788596758
2019-01-03 07:06:00,0.4902616385230658
2019-01-03 07:09:00,0.47173366660689453
2019-01-03 07:12:00,0.40788912427126434
2019-01-03 07:15:00,0.5492240943704587
2019-01-03 07:18:00,0.5161290044205771
2019-01-03 07:21:00,0.46695366775099956
2019-01-03 07:24:00,0.5004160451090343
2019-01-03 07:27:00,0.5418150746570518
2019-01-03 07:30:00,0.46463989738657574
2019-01-03 07:33:00,0.4620661777588566
2019-01-03 07:36:00,0.4619269015148575
2019-01-03 07:39:00,0.4995968542426681
2019-01-03 07:42:00,0.46391211027679446
2019-01-03 07:45:00,0.4742172552265629
2019-01-03 07:48:00,0.44495082453505574
2019-01-03 07:51:00,0.616603391167871
2019-01-03 07:54:00,0.4969680128953087
2019-01-03 07:57:00,0.5032243166618287
2019-01-03 08:00:00,0.35959696223403625
2019-01-03 08:03:00,0.3424596518651697
2019-01-03 08:06:00,0.42155676851331236
2019-01-03 08:09:00,0.3930617340374738
2019-01-03 08:12:00,0.39937049860787965
2019-01-03 08:15:00,0.3159924318405274
2019-01-03 08:18:00,0.45212228227694595
2019-01-03 08:21:00,0.2412377770489229
2019-01-03 08:24:00,0.371253323632061
2019-01-03 08:27:00,0.30348879116633043
2019-01-03 08:30:00,0.2887374924527535
2019-01-03 08:33:00,0.28380750093288043
2019-01-03 08:36:00,0.20530397203435768
2019-01-03 08:39:00,0.23516917051261998
2019-01-03 08:42:00,0.23336573013239104
2019-01-03 08:45:00,0.18901019312500011
2019-01-03 08:48:00,0.24424808354802963
2019-01-03 08:51:00,0.2044581521184341
2019-01-03 08:54:00,0.10471933840909742
2019-01-03 08:57:00,0.12138841154109059
2019-01-03 09:00:00,0.20158492819160756
2019-01-03 09:03:00,0.1950669954036357
2019-01-03 09:06:00,0.16869934235683104
2019-01-03 09:09:00,0.2583898797708457
2019-01-03 09:12:00,0.1899792852980795
2019-01-03 09:15:00,0.17310561555996173
2019-01-03 09:18:00,0.019267920543256878
2019-01-03 09:21:00,0.0439158763780938
2019-01-03 09:24:00,0.06092320563101339
2019-01-03 09:27:00,-0.06763707151003473
2019-01-03 09:30:00,0.0613434791104055
2019-01-03 09:33:00,-0.02776621895139897
2019-01-03 09:36:00,0.03723627934778051
2019-01-03 09:39:00,-0.11315987156160645
2019-01-03 09:42:00,-0.10383889414680425
2019-01-03 09:45:00,-0.08086605724048468
2019-01-03 09:48:00,-0.16163923500943156
2019-01-03 09:51:00,-0.1952314801675925
2019-01-03 09:54:00,-0.2249347452471966
2019-01-03 09:57:00,-0.33450083830831545
2019-01-03 10:00:00,-0.2675773138440718
2019-01-03 10:03:00,-0.33005224041215797
2019-01-03 10:06:00,-0.3001699633452972
2019-01-03 10:09:00,-0.2908736376738261
2019-01-03 10:12:00,-0.21913740450423802
2019-01-03 10:15:00,-0.375089696977966
2019-01-03 10:18:00,-0.3764380905774374
2019-01-03 10:21:00,-0.41297926736115187
2019-01-03 10:24:00,-0.35202388485151914
2019-01-03 10:27:00,-0.3272999377399515
2019-01-03 10:30:00,-0.3962984883509648
2019-01-03 10:33:00,-0.4611681715973077
2019-01-03 10:36:00,-0.3295618735914445
2019-01-03 10:39:00,-0.3121284758288425
2019-01-03 10:42:00,-0.3912136942190614
2019-01-03 10:45:00,-0.36550431896120017
2019-01-03 10:48:00,-0.44578475174142795
2019-01-03 10:51:00,-0.47896375681415293
2019-01-03 10:54:00,-0.3992976037243352
2019-01-03 10:57:00,-0.37953719155979115
2019-01-03 11:00:00,-0.42093530666716106
2019-01-03 11:03:00,-0.3093418572041742
2019-01-03 11:06:00,-0.4976341674048399
2019-01-03 11:09:00,-0.4162718201049529
2019-01-03 11:12:00,-0.418420543651564
2019-01-03 11:15:00,-0.4353286052561316
2019-01-03 11:18:00,-0.4581815537635521
2019-01-03 11:21:00,-0.42139755649520794
2019-01-03 11:24:00,-0.4047378462627762
2019-01-03 11:27:00,-0.45922800367770833
2019-01-03 11:30:00,-0.4453005447977034
2019-01-03 11:33:00,-0.4554420872431706
2019-01-03 11:36:00,-0.4612999946589298
2019-01-03 11:39:00,-0.44202033652283035
2019-01-03 11:42:00,-0.4637041000737554
2019-01-03 11:45:00,-0.6056765580985939
2019-01-03 11:48:00,-0.5060360323831787
2019-01-03 11:51:00,-0.6331071235825334
2019-01-03 11:54:00,-0.554053012519887
2019-01-03 11:57:00,-0.48074276568615915
2019-01-03 12:00:00,-0.5824629785882394
2019-01-03 12:03:00,-0.44291610643495005
2019-01-03 12:06:00,-0.43812889496604157
2019-01-03 12:09:00,-0.4661895552779356
2019-01-03 12:12:00,-0.420037563802623
2019-01-03 12:15:00,-0.5094703953776616
2019-01-03 12:18:00,-0.5643845176180662
2019-01-03 12:21:00,-0.5513188345076401
2019-01-03 12:24:00,-0.47250473199426324
2019-01-03 12:27:00,-0.4842961699642956
2019-01-03 12:30:00,-0.48992638927933285
2019-01-03 12:33:00,-0.563596468585672
2019-01-03 12:36:00,-0.5764368394614507
2019-01-03 12:39:00,-0.48270579441879136
2019-01-03 12:42:00,-0.5537292101089406
2019-01-03 12:45:00,-0.5050972829870943
2019-01-03 12:48:00,-0.4504265648668593
2019-01-03 12:51:00,-0.5192144732176871
2019-01-03 12:54:00,-0.4816780897933768
2019-01-03 12:57:00,-0.48194770454148284
2019-01-03 13:00:00,-0.4274006845821532
2019-01-03 13:03:00,-0.5270548859626274
2019-01-03 13:06:00,-0.5609044315377787
2019-01-03 13:09:00,-0.538058842442922
2019-01-03 13:12:00,-0.4943433238126431
2019-01-03 13:15:00,-0.5065442331279542
2019-01-03 13:18:00,-0.5297265913041542
2019-01-03 13:21:00,-0.4824058399827891
2019-01-03 13:24:00,-0.3993333436487774
2019-01-03 13:27:00,-0.4652791260356821
2019-01-03 13:30:00,-0.5357212056838421
2019-01-03 13:33:00,-0.5718027693793033
2019-01-03 13:36:00,-0.5512660021096281
2019-01-03 13:39:00,-0.5270756607757221
2019-01-03 13:42:00,-0.4582954717808434
2019-01-03 13:45:00,-0.5314096694816044
2019-01-03 13:48:00,-0.5728934641938395
2019-01-03 13:51:00,-0.4688767498053039
2019-01-03 13:54:00,-0.5018063783709295
2019-01-03 13:57:00,-0.490840650951327
2019-01-03 14:00:00,-0.5755501787238018
2019-01-03 14:03:00,-0.46188350998011174
2019-01-03 14:06:00,-0.6692994797269307
2019-01-03 14:09:00,-0.5176365391538411
2019-01-03 14:12:00,-0.5934581863712651
2019-01-03 14:15:00,-0.6022128967940716
2019-01-03 14:18:00,-0.40227671498763584
2019-01-03 14:21:00,-0.51581523525698
2019-01-03 14:24:00,-0.6643405158109204
2019-01-03 14:27:00,-0.5641369662439502
2019-01-03 14:30:00,-0.48837305826106103
2019-01-03 14:33:00,-0.5674165741278898
2019-01-03 14:36:00,-0.4430503908047285
2019-01-03 14:39:00,-0.5457290968304278
2019-01-03 14:42:00,-0.5506572887499601
2019-01-03 14:45:00,-0.5007818450042123
2019-01-03 14:48:00,-0.5973863359002394
2019-01-03 14:51:00,-0.5803920434428846
2019-01-03 14:54:00,-0.515334617106646
2019-01-03 14:57:00,-0.4616679654299105
2019-01-03 15:00:00,-0.6737682299425387
2019-01-03 15:03:00,-0.6026549096956728
2019-01-03 15:06:00,-0.39902192481469
2019-01-03 15:09:00,-0.44559224118592056
2019-01-03 15:12:00,-0.47818039342809016
2019-01-03 15:15:00,-0.4517986649750583
2019-01-03 15:18:00,-0.5576574883045851
2019-01-03 15:21:00,-0.5164960129908991
2019-01-03 15:24:00,-0.43021612639597606
2019-01-03 15:27:00,-0.544863990082888
2019-01-03 15:30:00,-0.5664468589147305
2019-01-03 15:33:00,-0.4025341932986066
2019-01-03 15:36:00,-0.557222721387177
2019-01-03 15:39:00,-0.5398874710537029
2019-01-03 15:42:00,-0.5427641098562503
2019-01-03 15:45:00,-0.5232402965517053
2019-01-03 15:48:00,-0.4835392136345149
2019-01-03 15:51:00,-0.4786804096582955
2019-01-03 15:54:00,-0.5163342289380921
2019-01-03 15:57:00,-0.5034909429569439
2019-01-03 16:00:00,-0.5361964045797549
2019-01-03 16:03:00,-0.5886346593950975
2019-01-03 16:06:00,-0.6190138634357822
2019-01-03 16:09:00,-0.5591143348650576
2019-01-03 16:12:00,-0.635393174894034
2019-01-03 16:15:00,-0.4616904941590292
2019-01-03 16:18:00,-0.6103595083822029
2019-01-03 16:21:00,-0.5036601049421279
2019-01-03 16:24:00,-0.4594100843572164
2019-01-03 16:27:00,-0.44086779505278173
2019-01-03 16:30:00,-0.37648624740950254
2019-01-03 16:33:00,-0.4306898976894331
2019-01-03 16:36:00,-0.5142505312329035
2019-01-03 16:39:00,-0.6189301971210739
2019-01-03 16:42:00,-0.5409377932777488
2019-01-03 16:45:00,-0.5277592487007041
2019-01-03 16:48:00,-0.48786234175855725
2019-01-03 16:51:00,-0.5529761046788053
2019-01-03 16:54:00,-0.5221867313796906
2019-01-03 16:57:00,-0.5462495600166335
2019-01-03 17:00:00,-0.5604360432544127
2019-01-03 17:03:00,-0.5080429478861674
2019-01-03 17:06:00,-0.4669471074448097
2019-01-03 17:09:00,-0.44902223332763924
2019-01-03 17:12:00,-0.45840163637745945
2019-01-03 17:15:00,-0.5080331979081052
2019-01-03 17:18:00,-0.48559577461492154
2019-01-03 17:21:00,-0.5113730990372574
2019-01-03 17:24:00,-0.4357098031297255
2019-01-03 17:27:00,-0.4285711052218062
2019-01-03 17:30:00,-0.4101740333143198
2019-01-03 17:33:00,-0.5074762208142829
2019-01-03 17:36:00,-0.5062651184981064
2019-01-03 17:39:00,-0.5250629713084436
2019-01-03 17:42:00,-0.4513341237292252
2019-01-03 17:45:00,-0.4738752792225682
2019-01-03 17:48:00,-0.4968567071673533
2019-01-03 17:51:00,-0.4560955178903896
2019-01-03 17:54:00,-0.4160411704500575
2019-01-03 17:57:00,-0.4568191194028941
2019-01-03 18:00:00,-0.4193138723886136
2019-01-03 18:03:00,-0.47945946772290426
2019-01-03 18:06:00,-0.42147778515055734
2019-01-03 18:09:00,-0.42612599220296943
2019-01-03 18:12:00,-0.38385080848229336
2019-01-03 18:15:00,-0.4272604754325471
2019-01-03 18:18:00,-0.36720047113851706
2019-01-03 18:21:00,-0.4160981908521535
2019-01-03 18:24:00,-0.3295387921176598
2019-01-03 18:27:00,-0.45487427846620676
2019-01-03 18:30:00,-0.3876733725111876
2019-01-03 18:33:00,-0.4087292744662818
2019-01-03 18:36:00,-0.3351820640556298
2019-01-03 18:39:00,-0.4355846908945864
2019-01-03 18:42:00,-0.45307880047448634
2019-01-03 18:45:00,-0.40542831135627466
2019-01-03 18:48:00,-0.43252794137242745
2019-01-03 18:51:00,-0.511192545812662
2019-01-03 18:54:00,
2019-01-03 18:57:00,
2019-01-03 19:00:00,
2019-01-03 19:03:00,-0.2961057587553455
2019-01-03 19:06:00,-0.2863914331374531
2019-01-03 19:09:00,-0.33908739932434173
2019-01-03 19:12:00,-0.46161807733187743
2019-01-03 19:15:00,-0.32945837409943124
2019-01-03 19:18:00,-0.33370186062467155
2019-01-03 19:21:00,-0.3190303119083069
2019-01-03 19:24:00,-0.2778456176720283
2019-01-03 19:27:00,-0.3286100639882079
2019-01-03 19:30:00,-0.24960894125132427
2019-01-03 19:33:00,-0.20621426357666905
2019-01-03 19:36:00,-0.22268323239899246
2019-01-03 19:39:00,-0.3282789234058896
2019-01-03 19:42:00,-0.3150251105847133
2019-01-03 19:45:00,-0.22093726146886183
2019-01-03 19:48:00,-0.12755078292093458
2019-01-03 19:51:00,-0.25043410422671286
2019-01-03 19:54:00,-0.16192758575505195
2019-01-03 19:57:00,-0.2325594731015599
2019-01-03 20:00:00,-0.11696404398156801
2019-01-03 20:03:00,-0.2161836549794316
2019-01-03 20:06:00,-0.22717906862419568
2019-01-03 20:09:00,-0.17569223851455718
2019-01-03 20:12:00,-0.21877312377654334
2019-01-03 20:15:00,-0.23767784947119708
2019-01-03 20:18:00,-0.2949742336340364
2019-01-03 20:21:00,-0.257591006222583
2019-01-03 20:24:00,-0.250999614395198
2019-01-03 20:27:00,-0.18070352241676346
2019-01-03 20:30:00,-0.26212823843195565
2019-01-03 20:33:00,-0.23070649215407002
2019-01-03 20:36:00,-0.23412105854237097
2019-01-03 20:39:00,-0.20612280172503006
2019-01-03 20:42:00,-0.13064911359685993
2019-01-03 20:45:00,-0.07929002204372182
2019-01-03 20:48:00,-0.13800724510429063
2019-01-03 20:51:00,-0.11254171301277438
2019-01-03 20:54:00,-0.17311813175098223
2019-01-03 20:57:00,-0.092720831282179
2019-01-03 21:00:00,-0.04957846429863366
2019-01-03 21:03:00,-0.07209989965394925
2019-01-03 21:06:00,-0.05631514867440046
2019-01-03 21:09:00,-0.07657038026292184
2019-01-03 21:12:00,-0.08225423148803657
2019-01-03 21:15:00,-0.0684802886200373
2019-01-03 21:18:00,-0.17093203190239592
2019-01-03 21:21:00,-0.05900534685662251
2019-01-03 21:24:00,0.03189403716282868
2019-01-03 21:27:00,-0.13615387016722025
2019-01-03 21:30:00,0.0018747895013575544
2019-01-03 21:33:00,0.09478245731742163
2019-01-03 21:36:00,0.07768856057072071
2019-01-03 21:39:00,0.014182763257451825
2019-01-03 21:42:00,0.007927050145269732
2019-01-03 21:45:00,0.02214011760986523
2019-01-03 21:48:00,0.0017535667956281031
2019-01-03 21:51:00,0.1800049798673058
2019-01-03 21:54:00,0.07941585503141368
2019-01-03 21:57:00,0.1429476417908404
2019-01-03 22:00:00,0.09449325392449737
2019-01-03 22:03:00,0.013969701397172685
2019-01-03 22:06:00,0.07329649632333712
2019-01-03 22:09:00,0.12616076025057055
2019-01-03 22:12:00,-0.058494492533554876
2019-01-03 22:15:00,0.05665744986094978
2019-01-03 22:18:00,0.04139840865104816
2019-01-03 22:21:00,0.06032355247543819
2019-01-03 22:24:00,0.0337639593417407
2019-01-03 22:27:00,0.03126620231051902
2019-01-03 22:30:00,0.04197338246393656
2019-01-03 22:33:00,0.006960001031188767
2019-01-03 22:36:00,0.04387974575615772
2019-01-03 22:39:00,0.04078116401854004
2019-01-03 22:42:00,0.059741210694141955
2019-01-03 22:45:00,-0.0033919002599986925
2019-01-03 22:48:00,0.011129260588404577
2019-01-03 22:51:00,0.044631268533805724
2019-01-03 22:54:00,-0.0076038883788100975
2019-01-03 22:57:00,0.06928782048271387
2019-01-03 23:00:00,0.1339356147072408
2019-01-03 23:03:00,0.036037894162973316
2019-01-03 23:06:00,0.14212238635769836
2019-01-03 23:09:00,0.07876855171434727
2019-01-03 23:12:00,0.12938471653563965
2019-01-03 23:15:00,0.12126237137215412
2019-01-03 23:18:00,0.1603882580610616
2019-01-03 23:21:00,0.020547866470053577
2019-01-03 23:24:00,0.16370739687960167
2019-01-03 23:27:00,0.1456152489910778
2019-01-03 23:30:00,0.10883908542524523
2019-01-03 23:33:00,0.25836131439820065
2019-01-03 23:36:00,0.04793784567448256
2019-01-03 23:39:00,0.14328904009187227
2019-01-03 23:42:00,0.14607280030156744
2019-01-03 23:45:00,0.03510485229929827
2019-01-03 23:48:00,0.11775659185479981
2019-01-03 23:51:00,0.11263307495192976
2019-01-03 23:54:00,0.06014098981512461
2019-01-03 23:57:00,0.09161119100690485
2019-01-04 00:00:00,0.13891158025535333
2019-01-04 00:03:00,0.13282164669766416
2019-01-04 00:06:00,0.10892497637371434
2019-01-04 00:09:00,0.14164484000360744
2019-01-04 00:12:00,-0.008084786557219559
2019-01-04 00:15:00,0.12705786430962007
2019-01-04 00:18:00,0.10098685650962125
2019-01-04 00:21:00,0.004704802817684595
2019-01-04 00:24:00,0.07420299067752012
2019-01-04 00:27:00,0.14126585585921703
2019-01-04 00:30:00,0.0657170643758036
2019-01-04 00:33:00,0.06283062693205466
2019-01-04 00:36:00,-0.048072901231591914
2019-01-04 00:39:00,0.09602438432898452
2019-01-04 00:42:00,0.04923665186646531
2019-01-04 00:45:00,0.03489403138161151
2019-01-04 00:48:00,0.010498184771790875
2019-01-04 00:51:00,0.04281646095893166
2019-01-04 00:54:00,0.09656127381441593
2019-01-04 00:57:00,0.15597837031265271
2019-01-04 01:00:00,0.1587747714917782
2019-01-04 01:03:00,-0.09889200657676156
2019-01-04 01:06:00,0.11773371895333185
2019-01-04 01:09:00,0.10747025371881591
2019-01-04 01:12:00,0.07281684031045188
2019-01-04 01:15:00,0.12841000159534133
2019-01-04 01:18:00,0.0573154824910489
2019-01-04 01:21:00,0.12427962897226053
2019-01-04 01:24:00,0.10747566713956758
2019-01-04 01:27:00,0.09430000131294491
2019-01-04 01:30:00,0.0840887232455998
2019-01-04 01:33:00,0.000857134971852247
2019-01-04 01:36:00,0.18863113838119716
2019-01-04 01:39:00,0.0344820568986961
2019-01-04 01:42:00,-0.016616179373102113
2019-01-04 01:45:00,0.07778089707653635
2019-01-04 01:48:00,0.029840753872235837
2019-01-04 01:51:00,0.08769837213122855
2019-01-04 01:54:00,0.10978283227518659
2019-01-04 01:57:00,0.18816780677326506
2019-01-04 02:00:00,0.1005042810357395
2019-01-04 02:03:00,0.15774502981332716
2019-01-04 02:06:00,0.17702614677148176
2019-01-04 02:09:00,0.19897598356715207
2019-01-04 02:12:00,0.1392134603374302
2019-01-04 02:15:00,0.2654931918872876
2019-01-04 02:18:00,0.12968065149476615
2019-01-04 02:21:00,0.15889809031790492
2019-01-04 02:24:00,0.13418188001571707
2019-01-04 02:27:00,0.22964199976451027
2019-01-04 02:30:00,0.17714090663497473
2019-01-04 02:33:00,0.2451344116288965
2019-01-04 02:36:00,0.13792784055129914
2019-01-04 02:39:00,0.21693031443027166
2019-01-04 02:42:00,0.2822320590673826
2019-01-04 02:45:00,0.1731639937599425
2019-01-04 02:48:00,0.24136586706885055
2019-01-04 02:51:00,0.20360025633306122
2019-01-04 02:54:00,0.28915823513892747
2019-01-04 02:57:00,0.23753923660842702
2019-01-04 03:00:00,0.27126387154800113
2019-01-04 03:03:00,0.16100311122102084
2019-01-04 03:06:00,0.24782341388731766
2019-01-04 03:09:00,0.26143414801089193
2019-01-04 03:12:00,0.2911762520747061
2019-01-04 03:15:00,0.2286605730673159
2019-01-04 03:18:00,0.29029617427096355
2019-01-04 03:21:00,0.2506768070714429
2019-01-04 03:24:00,0.25930834181588125
2019-01-04 03:27:00,0.2807016102449893
2019-01-04 03:30:00,0.2902782434779283
2019-01-04 03:33:00,0.25773723329297127
2019-01-04 03:36:00,0.3066648191957597
2019-01-04 03:39:00,0.3425552350779526
2019-01-04 03:42:00,0.35137034665797273
2019-01-04 03:45:00,0.31593953553357323
2019-01-04 03:48:00,0.31852023165942
2019-01-04 03:51:00,0.3327554645539976
2019-01-04 03:54:00,0.2696211736993064
2019-01-04 03:57:00,0.2998804249295972
2019-01-04 04:00:00,0.17933502332249418
2019-01-04 04:03:00,0.3202389956998104
2019-01-04 04:06:00,0.30902150326312494
2019-01-04 04:09:00,0.29615412529432206
2019-01-04 04:12:00,0.22747338031609843
2019-01-04 04:15:00,0.3510830234372406
2019-01-04 04:18:00,0.36516617686459085
2019-01-04 04:21:00,0.2991651804545654
2019-01-04 04:24:00,0.3347643967516092
2019-01-04 04:27:00,0.3676000275326601
2019-01-04 04:30:00,0.29961425313814516
2019-01-04 04:33:00,0.38004411542988237
2019-01-04 04:36:00,0.40844750688313525
2019-01-04 04:39:00,0.3302754230334699
2019-01-04 04:42:00,0.4279743287999622
2019-01-04 04:45:00,0.35058634819199597
2019-01-04 04:48:00,0.39165370986688686
2019-01-04 04:51:00,0.32966637422543954
2019-01-04 04:54:00,0.287794874905444
2019-01-04 04:57:00,0.33601390255842034
2019-01-04 05:00:00,0.4147269536580893
2019-01-04 05:03:00,0.32506664919651485
2019-01-04 05:06:00,0.39884139402607843
2019-01-04 05:09:00,0.5097081070261424
2019-01-04 05:12:00,0.37024526042824846
2019-01-04 05:15:00,0.3846553385566267
2019-01-04 05:18:00,0.29720293125672015
2019-01-04 05:21:00,0.35684354961313147
2019-01-04 05:24:00,0.42700042920466785
2019-01-04 05:27:00,0.3673502916724942
2019-01-04 05:30:00,0.3978803294554609
2019-01-04 05:33:00,0.348663784356404
2019-01-04 05:36:00,0.37730631418554594
2019-01-04 05:39:00,0.40801199548093336
2019-01-04 05:42:00,0.4020659418117134
2019-01-04 05:45:00,0.39893001937304007
2019-01-04 05:48:00,0.4767903155834574
2019-01-04 05:51:00,0.4704637358859145
2019-01-04 05:54:00,0.49188771653513186
2019-01-04 05:57:00,0.4418967789628141
2019-01-04 06:00:00,0.44940756117301817
2019-01-04 06:03:00,0.37914417091275254
2019-01-04 06:06:00,0.4244331177862932
2019-01-04 06:09:00,0.37614192479361463
2019-01-04 06:12:00,0.5069968007456396
2019-01-04 06:15:00,0.3860633592015006
2019-01-04 06:18:00,0.4384288978121731
2019-01-04 06:21:00,0.37554315077062483
2019-01-04 06:24:00,0.4757229970768435
2019-01-04 06:27:00,0.4943686533136997
2019-01-04 06:30:00,0.41075167275783997
2019-01-04 06:33:00,0.4579676977359668
2019-01-04 06:36:00,0.27953803599996263
2019-01-04 06:39:00,0.4049010255666303
2019-01-04 06:42:00,0.41480095563196073
2019-01-04 06:45:00,0.43909288381291844
2019-01-04 06:48:00,0.4456402612498209
2019-01-04 06:51:00,0.373748664408879
2019-01-04 06:54:00,0.4545577576682831
2019-01-04 06:57:00,0.3335488435852767
2019-01-04 07:00:00,0.5095294590204276
2019-01-04 07:03:00,0.4352317476177632
2019-01-04 07:06:00,0.3718038609450218
2019-01-04 07:09:00,0.38012861542802057
2019-01-04 07:12:00,0.4349599388913248
2019-01-04 07:15:00,0.3752775326814799
2019-01-04 07:18:00,0.34777781672124775
2019-01-04 07:21:00,0.38302599922963054
2019-01-04 07:24:00,0.38882369900022695
2019-01-04 07:27:00,0.37927180428448537
2019-01-04 07:30:00,0.44687803813434357
2019-01-04 07:33:00,0.45200810636578126
2019-01-04 07:36:00,0.43911911712211804
2019-01-04 07:39:00,0.3853853756991725
2019-01-04 07:42:00,0.4084578698440282
2019-01-04 07:45:00,0.4324094664348763
2019-01-04 07:48:00,0.3596955523041174
2019-01-04 07:51:00,0.3768636506263192
2019-01-04 07:54:00,0.36353494182486656
2019-01-04 07:57:00,0.28264169563038877
2019-01-04 08:00:00,0.37684161315530673
2019-01-04 08:03:00,0.2895356372404194
2019-01-04 08:06:00,0.234720648504549
2019-01-04 08:09:00,0.3231561634175364
2019-01-04 08:12:00,0.26080362648337996
2019-01-04 08:15:00,0.18040783132664728
2019-01-04 08:18:00,0.2437245817721987
2019-01-04 08:21:00,0.23283776775178922
2019-01-04 08:24:00,0.2719740094487406
2019-01-04 08:27:00,0.25781407564630854
2019-01-04 08:30:00,0.24071180155357297
2019-01-04 08:33:00,0.17015212149692616
2019-01-04 08:36:00,0.21896640745688956
2019-01-04 08:39:00,0.2040255328386138
2019-01-04 08:42:00,0.192236441498153
2019-01-04 08:45:00,0.23596325077255642
2019-01-04 08:48:00,0.15491282468076406
2019-01-04 08:51:00,0.2299643683912791
2019-01-04 08:54:00,0.21578304910525503
2019-01-04 08:57:00,0.1763253043290547
2019-01-04 09:00:00,0.23280778912959477
2019-01-04 09:03:00,0.17359961855095207
2019-01-04 09:06:00,0.07982665078543505
2019-01-04 09:09:00,0.057051494054576324
2019-01-04 09:12:00,0.1578280534859573
2019-01-04 09:15:00,0.07272474209372604
2019-01-04 09:18:00,0.09619961536088795
2019-01-04 09:21:00,-0.02192578086356889
2019-01-04 09:24:00,0.039156533995651444
2019-01-04 09:27:00,0.05269718952808944
2019-01-04 09:30:00,-0.016076146082752985
2019-01-04 09:33:00,-0.04510770438940881
2019-01-04 09:36:00,-0.09646350665292402
2019-01-04 09:39:00,-0.008088537817627639
2019-01-04 09:42:00,-0.13109114981341463
2019-01-04 09:45:00,-0.1809767106465756
2019-01-04 09:48:00,-0.1398719451298689
2019-01-04 09:51:00,-0.13401020817298104
2019-01-04 09:54:00,-0.1355922945056136
2019-01-04 09:57:00,-0.13316288535878584
2019-01-04 10:00:00,-0.05288781662346764
2019-01-04 10:03:00,-0.26494879889395406
2019-01-04 10:06:00,-0.2763218952934494
2019-01-04 10:09:00,-0.23796989771676635
2019-01-04 10:12:00,-0.23338202112717
2019-01-04 10:15:00,-0.2271993484785071
2019-01-04 10:18:00,-0.23585145223546533
2019-01-04 10:21:00,-0.30586988992456554
2019-01-04 10:24:00,-0.27416777990265473
2019-01-04 10:27:00,-0.3502399273683068
2019-01-04 10:30:00,-0.20048910649228446
2019-01-04 10:33:00,-0.2723750844324968
2019-01-04 10:36:00,-0.2826464929012218
2019-01-04 10:39:00,-0.2413204017462931
2019-01-04 10:42:00,-0.2916709012901606
2019-01-04 10:45:00,-0.3300852538304184
2019-01-04 10:48:00,-0.32648407389939393
2019-01-04 10:51:00,-0.2459581851975372
2019-01-04 10:54:00,-0.28002035485252463
2019-01-04 10:57:00,-0.30187668920802935
2019-01-04 11:00:00,-0.26077402924670423
2019-01-04 11:03:00,-0.34178300098733416
2019-01-04 11:06:00,-0.17304283146705757
2019-01-04 11:09:00,-0.19357597799870518
2019-01-04 11:12:00,-0.4111656456898345
2019-01-04 11:15:00,-0.3650150294502623
2019-01-04 11:18:00,-0.3647934171164593
2019-01-04 11:21:00,-0.2735475485700931
2019-01-04 11:24:00,-0.3815099047312174
2019-01-04 11:27:00,-0.3831622035969531
2019-01-04 11:30:00,-0.17830818862387332
2019-01-04 11:33:00,-0.36606546492350844
2019-01-04 11:36:00,-0.28490104829279517
2019-01-04 11:39:00,-0.4389074526980039
2019-01-04 11:42:00,-0.35722451301609226
2019-01-04 11:45:00,-0.4220343831186142
2019-01-04 11:48:00,-0.5382042599414945
2019-01-04 11:51:00,-0.4928765601586633
2019-01-04 11:54:00,-0.3980472645941404
2019-01-04 11:57:00,-0.4830257001340783
2019-01-04 12:00:00,-0.4725289307639855
2019-01-04 12:03:00,-0.3424021491658209
2019-01-04 12:06:00,-0.3837139020176892
2019-01-04 12:09:00,-0.453624202842434
2019-01-04 12:12:00,-0.4803672872445759
2019-01-04 12:15:00,-0.4490782661923163
2019-01-04 12:18:00,-0.5201444049724273
2019-01-04 12:21:00,-0.436273189718861
2019-01-04 12:24:00,-0.4729998749489823
2019-01-04 12:27:00,-0.4955179385547126
2019-01-04 12:30:00,-0.45689632211394837
2019-01-04 12:33:00,-0.5427043783335534
2019-01-04 12:36:00,-0.5216101687273067
2019-01-04 12:39:00,-0.5018585429872928
2019-01-04 12:42:00,-0.5646373970093919
2019-01-04 12:45:00,-0.5638932084253838
2019-01-04 12:48:00,-0.5329908656990483
2019-01-04 12:51:00,-0.503943606995108
2019-01-04 12:54:00,-0.5579632447352196
2019-01-04 12:57:00,-0.5557362335750327
2019-01-04 13:00:00,-0.6620225124571562
2019-01-04 13:03:00,-0.5761078086985094
2019-01-04 13:06:00,-0.538873753449252
2019-01-04 13:09:00,-0.5582474332674678
2019-01-04 13:12:00,-0.62077561597863
2019-01-04 13:15:00,-0.5306730941657065
2019-01-04 13:18:00,-0.507372253746496
2019-01-04 13:21:00,-0.498448261201645
2019-01-04 13:24:00,-0.5934977057016226
2019-01-04 13:27:00,-0.5072058199763205
2019-01-04 13:30:00,-0.5770978691147661
2019-01-04 13:33:00,-0.5392425672531544
2019-01-04 13:36:00,-0.5039194316763087
2019-01-04 13:39:00,-0.47753962343415424
2019-01-04 13:42:00,-0.4696198485979721
2019-01-04 13:45:00,-0.4924296571996365
2019-01-04 13:48:00,-0.45835753799372014
2019-01-04 13:51:00,-0.5944135593791771
2019-01-04 13:54:00,-0.5203852800277105
2019-01-04 13:57:00,-0.5308727898471943
2019-01-04 14:00:00,-0.4390575204576521
2019-01-04 14:03:00,-0.6500252749674473
2019-01-04 14:06:00,-0.5749487665344759
2019-01-04 14:09:00,-0.5037203458694535
2019-01-04 14:12:00,-0.5153628174250002
2019-01-04 14:15:00,-0.4850631261700755
2019-01-04 14:18:00,-0.5947174010848926
2019-01-04 14:21:00,-0.617730221136469
2019-01-04 14:24:00,-0.44889747960286286
2019-01-04 14:27:00,-0.541303040267735
2019-01-04 14:30:00,-0.3832200637992855
2019-01-04 14:33:00,-0.46169523019540293
2019-01-04 14:36:00,-0.46894775723148996
2019-01-04 14:39:00,-0.5127380993560564
2019-01-04 14:42:00,-0.5059084341266953
2019-01-04 14:45:00,-0.5438059487345299
2019-01-04 14:48:00,-0.4756641212171644
2019-01-04 14:51:00,-0.5590417439061639
2019-01-04 14:54:00,-0.47908488469818167
2019-01-04 14:57:00,-0.522189386602804
2019-01-04 15:00:00,-0.49932343734042206
2019-01-04 15:03:00,-0.47017142175769777
2019-01-04 15:06:00,-0.4783001987118496
2019-01-04 15:09:00,-0.5709053384429126
2019-01-04 15:12:00,-0.5207143247772592
2019-01-04 15:15:00,-0.4877061982705868
2019-01-04 15:18:00,-0.49131248320503573
2019-01-04 15:21:00,-0.5125034968184536
2019-01-04 15:24:00,-0.5695113234150426
2019-01-04 15:27:00,-0.4622363116284305
2019-01-04 15:30:00,-0.44499115048802196
2019-01-04 15:33:00,-0.5568995209682726
2019-01-04 15:36:00,-0.604347493933858
2019-01-04 15:39:00,-0.5396095873173294
2019-01-04 15:42:00,-0.4202586240920141
2019-01-04 15:45:00,-0.45796382156828486
2019-01-04 15:48:00,-0.47115301414902433
2019-01-04 15:51:00,-0.48903200431357163
2019-01-04 15:54:00,-0.4511597536376257
2019-01-04 15:57:00,-0.42428970122170995
2019-01-04 16:00:00,-0.47780896501870984
2019-01-04 16:03:00,-0.39801350552147596
2019-01-04 16:06:00,-0.46297786365937554
2019-01-04 16:09:00,-0.4822566208950434
2019-01-04 16:12:00,-0.5552159526162086
2019-01-04 16:15:00,-0.47891972306683783
2019-01-04 16:18:00,-0.5672010344488285
2019-01-04 16:21:00,-0.513137061918485
2019-01-04 16:24:00,-0.4075062049770395
2019-01-04 16:27:00,-0.37504276891382915
2019-01-04 16:30:00,-0.45812183899778347
2019-01-04 16:33:00,-0.4816866565173541
2019-01-04 16:36:00,-0.48378635302839257
2019-01-04 16:39:00,-0.4086515048303454
2019-01-04 16:42:00,-0.435047277295439
2019-01-04 16:45:00,-0.5437240466802677
2019-01-04 16:48:00,-0.37732982854089414
2019-01-04 16:51:00,-0.43901958058728496
2019-01-04 16:54:00,-0.4306898804398429
2019-01-04 16:57:00,-0.49565016320099176
2019-01-04 17:00:00,-0.32006718161960634
2019-01-04 17:03:00,-0.4114654313916617
2019-01-04 17:06:00,-0.4317558421358285
2019-01-04 17:09:00,-0.34920617919567576
2019-01-04 17:12:00,-0.40786182115800784
2019-01-04 17:15:00,-0.3402493112370166
2019-01-04 17:18:00,-0.3902947006141062
2019-01-04 17:21:00,-0.4026263389100677
2019-01-04 17:24:00,-0.3976092839686771
2019-01-04 17:27:00,-0.3828651711868929
2019-01-04 17:30:00,-0.36096362769268353
2019-01-04 17:33:00,-0.3871591963594483
2019-01-04 17:36:00,-0.3570520814176916
2019-01-04 17:39:00,-0.3936176304501373
2019-01-04 17:42:00,-0.3951243452017934
2019-01-04 17:45:00,-0.38310509003434845
2019-01-04 17:48:00,-0.3605605641957368
2019-01-04 17:51:00,-0.34950397712248105
2019-01-04 17:54:00,-0.362399614899914
2019-01-04 17:57:00,-0.32301505477533965
2019-01-04 18:00:00,-0.4018382734800525
2019-01-04 18:03:00,-0.3546918844623974
2019-01-04 18:06:00,-0.4674853711877063
2019-01-04 18:09:00,-0.3425676707503271
2019-01-04 18:12:00,-0.2962647976788162
2019-01-04 18:15:00,-0.27850495673908426
2019-01-04 18:18:00,-0.3198305816270022
2019-01-04 18:21:00,-0.3470946532886501
2019-01-04 18:24:00,-0.3564610639224952
2019-01-04 18:27:00,-0.3284316930779596
2019-01-04 18:30:00,-0.3628954599743679
2019-01-04 18:33:00,-0.32275544067732653
2019-01-04 18:36:00,-0.22154176598263575
2019-01-04 18:39:00,-0.2329434119261009
2019-01-04 18:42:00,-0.2095831375729631
2019-01-04 18:45:00,-0.23732101033448316
2019-01-04 18:48:00,-0.2593127080385784
2019-01-04 18:51:00,-0.15576088785854836
2019-01-04 18:54:00,
2019-01-04 18:57:00,
2019-01-04 19:00:00,
2019-01-04 19:03:00,-0.1467166542276459
2019-01-04 19:06:00,-0.23506218684264013
2019-01-04 19:09:00,-0.18851086677869944
2019-01-04 19:12:00,-0.11127374156149017
2019-01-04 19:15:00,-0.24200082545394253
2019-01-04 19:18:00,-0.08922676980796496
2019-01-04 19:21:00,-0.1459137301523583
2019-01-04 19:24:00,-0.11861283353749741
2019-01-04 19:27:00,-0.23618580789025145
2019-01-04 19:30:00,-0.20250390818171127
2019-01-04 19:33:00,-0.0976676142848305
2019-01-04 19:36:00,-0.18078850617223452
2019-01-04 19:39:00,-0.0878277761615891
2019-01-04 19:42:00,-0.07340948335126996
2019-01-04 19:45:00,-0.14749527984298538
2019-01-04 19:48:00,-0.10165671627731854
2019-01-04 19:51:00,-0.07226118418151373
2019-01-04 19:54:00,-0.026357105618842525
2019-01-04 19:57:00,-0.05504067959901704
2019-01-04 20:00:00,-0.07286769403543758
2019-01-04 20:03:00,-0.07488433629379188
2019-01-04 20:06:00,-0.014042070591813172
2019-01-04 20:09:00,-0.14351025377834503
2019-01-04 20:12:00,-0.025304658116624523
2019-01-04 20:15:00,-0.04825457307646275
2019-01-04 20:18:00,0.044746548578473266
2019-01-04 20:21:00,-0.10137201167987087
2019-01-04 20:24:00,-0.009890182138349246
2019-01-04 20:27:00,-0.02731038826709664
2019-01-04 20:30:00,-0.08119874223194756
2019-01-04 20:33:00,-0.012897768726702452
2019-01-04 20:36:00,-0.03598829491033939
2019-01-04 20:39:00,-0.04633506681875588
2019-01-04 20:42:00,0.15780184552295395
2019-01-04 20:45:00,0.013868645475895391
2019-01-04 20:48:00,-0.08396883194342308
2019-01-04 20:51:00,0.0010208568249368
2019-01-04 20:54:00,-0.029427181866310548
2019-01-04 20:57:00,0.021151373383645478
2019-01-04 21:00:00,-0.043468908007980644
2019-01-04 21:03:00,-0.07368857671747264
2019-01-04 21:06:00,-0.0243292554511072
2019-01-04 21:09:00,-0.033146329071882974
2019-01-04 21:12:00,-0.0364236168621801
2019-01-04 21:15:00,0.10467566191340438
2019-01-04 21:18:00,0.09904601221876419
2019-01-04 21:21:00,0.05058559282480246
2019-01-04 21:24:00,0.07765340894923156
2019-01-04 21:27:00,0.10182673122886854
2019-01-04 21:30:00,0.10297859945865184
2019-01-04 21:33:00,0.020506641981228313
2019-01-04 21:36:00,0.09359021099101028
2019-01-04 21:39:00,-0.02278452999030378
2019-01-04 21:42:00,0.012228367622412861
2019-01-04 21:45:00,0.06910150822506012
2019-01-04 21:48:00,0.026815294498760522
2019-01-04 21:51:00,0.09747065661161969
2019-01-04 21:54:00,0.04152360874383021
2019-01-04 21:57:00,0.05033941567785405
2019-01-04 22:00:00,0.0064048339803548515
2019-01-04 22:03:00,0.06014228047439474
2019-01-04 22:06:00,0.09792649044936752
2019-01-04 22:09:00,0.07430575025324515
2019-01-04 22:12:00,0.060065516018767084
2019-01-04 22:15:00,0.09920055908008862
2019-01-04 22:18:00,0.055332751829041626
2019-01-04 22:21:00,0.11533160527761765
2019-01-04 22:24:00,0.09879321873773961
2019-01-04 22:27:00,0.041001334072063855
2019-01-04 22:30:00,0.0768847059887321
2019-01-04 22:33:00,0.042818566642722544
2019-01-04 22:36:00,0.11191586232723694
2019-01-04 22:39:00,0.06656262712323269
2019-01-04 22:42:00,0.155285933488301
2019-01-04 22:45:00,0.12522370937438154
2019-01-04 22:48:00,0.14084242356733512
2019-01-04 22:51:00,0.14322361907790082
2019-01-04 22:54:00,0.10911724573458059
2019-01-04 22:57:00,0.07213559332382147
2019-01-04 23:00:00,0.09863020720928262
2019-01-04 23:03:00,0.0870474062098765
2019-01-04 23:06:00,0.11851446954972289
2019-01-04 23:09:00,0.10171724458581366
2019-01-04 23:12:00,0.04401842866673178
2019-01-04 23:15:00,0.1484590747655261
2019-01-04 23:18:00,0.033530709094350186
2019-01-04 23:21:00,0.09526361505760406
2019-01-04 23:24:00,0.13902601933955339
2019-01-04 23:27:00,0.09572244026412591
2019-01-04 23:30:00,0.16462650685417657
2019-01-04 23:33:00,0.11802600338876346
2019-01-04 23:36:00,0.250440839545945
2019-01-04 23:39:00,0.21581124681699748
2019-01-04 23:42:00,0.14939073277849957
2019-01-04 23:45:00,0.14778779084804228
2019-01-04 23:48:00,0.07409379565700647
2019-01-04 23:51:00,0.09702960252519688
2019-01-04 23:54:00,0.21044263257351759
2019-01-04 23:57:00,0.10234419200691036
2019-01-05 00:00:00,0.14037299673316284
2019-01-05 00:03:00,0.09376115631124549
2019-01-05 00:06:00,0.17708710693813146
2019-01-05 00:09:00,0.09789363145767993
2019-01-05 00:12:00,0.07920568390807148
2019-01-05 00:15:00,0.097045813681234
2019-01-05 00:18:00,0.08806710493684022
2019-01-05 00:21:00,0.038960555442884015
2019-01-05 00:24:00,0.12080659431831009
2019-01-05 00:27:00,0.014608929204086962
2019-01-05 00:30:00,0.13036134950016276
2019-01-05 00:33:00,0.13607768336487425
2019-01-05 00:36:00,0.07286976874354423
2019-01-05 00:39:00,0.0839453005257269
2019-01-05 00:42:00,0.03847079796776143
2019-01-05 00:45:00,0.1815292388856733
2019-01-05 00:48:00,0.11090227270733521
2019-01-05 00:51:00,0.02196722233213677
2019-01-05 00:54:00,0.0870532948195546
2019-01-05 00:57:00,0.1240672609500848
2019-01-05 01:00:00,0.1645679125448396
2019-01-05 01:03:00,0.14902640862112548
2019-01-05 01:06:00,0.0863595477085255
2019-01-05 01:09:00,0.21923105906205365
2019-01-05 01:12:00,0.10163662370598558
2019-01-05 01:15:00,0.25544983975555624
2019-01-05 01:18:00,0.11997005208792189
2019-01-05 01:21:00,0.16909470554168138
2019-01-05 01:24:00,0.14998054345585388
2019-01-05 01:27:00,0.27181975044624096
2019-01-05 01:30:00,0.2347843420479876
2019-01-05 01:33:00,0.15307462929638405
2019-01-05 01:36:00,0.24769589308277773
2019-01-05 01:39:00,0.12466914625906611
2019-01-05 01:42:00,0.13283036639933243
2019-01-05 01:45:00,0.1605412720222148
2019-01-05 01:48:00,0.24357981712921628
2019-01-05 01:51:00,0.20199113875764851
2019-01-05 01:54:00,0.15433156898222933
2019-01-05 01:57:00,0.2460386744857601
2019-01-05 02:00:00,0.11933193879457349
2019-01-05 02:03:00,0.11976266777185174
2019-01-05 02:06:00,0.2397570022710056
2019-01-05 02:09:00,0.2157603521462761
2019-01-05 02:12:00,0.23460208030280683
2019-01-05 02:15:00,0.25771224712781304
2019-01-05 02:18:00,0.18048751343360436
2019-01-05 02:21:00,0.25521092957399105
2019-01-05 02:24:00,0.20704921514118269
2019-01-05 02:27:00,0.21953071798265
2019-01-05 02:30:00,0.21420714415569364
2019-01-05 02:33:00,0.20356958538394565
2019-01-05 02:36:00,0.1807998237367201
2019-01-05 02:39:00,0.23986454513271838
2019-01-05 02:42:00,0.20860800760760867
2019-01-05 02:45:00,0.23810978139084682
2019-01-05 02:48:00,0.28498580172583843
2019-01-05 02:51:00,0.17140667102972884
2019-01-05 02:54:00,0.31727652467509415
2019-01-05 02:57:00,0.2622301153820672
2019-01-05 03:00:00,0.2617907874252978
2019-01-05 03:03:00,0.25528455172343456
2019-01-05 03:06:00,0.27777532480729406
2019-01-05 03:09:00,0.31047144148811867
2019-01-05 03:12:00,0.21421126035625093
2019-01-05 03:15:00,0.2443277205452432
2019-01-05 03:18:00,0.3485369326702994
2019-01-05 03:21:00,0.3194841401497115
2019-01-05 03:24:00,0.24319498735439993
2019-01-05 03:27:00,0.2839758405464181
2019-01-05 03:30:00,0.2939280984135735
2019-01-05 03:33:00,0.2743031646376153
2019-01-05 03:36:00,0.25554393663298924
2019-01-05 03:39:00,0.2636350225267279
2019-01-05 03:42:00,0.2940034881534075
2019-01-05 03:45:00,0.24621472344398398
2019-01-05 03:48:00,0.3488955103895819
2019-01-05 03:51:00,0.2456035498424285
2019-01-05 03:54:00,0.2314920164991463
2019-01-05 03:57:00,0.2228974796823877
2019-01-05 04:00:00,0.2907699887097692
2019-01-05 04:03:00,0.20645709675972057
2019-01-05 04:06:00,0.3013408226101433
2019-01-05 04:09:00,0.31101086804289935
2019-01-05 04:12:00,0.20657373407476598
2019-01-05 04:15:00,0.31690016772574836
2019-01-05 04:18:00,0.28906012287200156
2019-01-05 04:21:00,0.31417306312852133
2019-01-05 04:24:00,0.2597522993439725
2019-01-05 04:27:00,0.33398964747442506
2019-01-05 04:30:00,0.2865045664852346
2019-01-05 04:33:00,0.24292347380861656
2019-01-05 04:36:00,0.20135747407977078
2019-01-05 04:39:00,0.280576341821245
2019-01-05 04:42:00,0.27465535857891155
2019-01-05 04:45:00,0.34744839636215374
2019-01-05 04:48:00,0.4096932290622135
2019-01-05 04:51:00,0.30699317375456303
2019-01-05 04:54:00,0.35724853957287905
2019-01-05 04:57:00,0.30519876199025475
2019-01-05 05:00:00,0.34558536461486256
2019-01-05 05:03:00,0.25077307385885206
2019-01-05 05:06:00,0.35839075669917975
2019-01-05 05:09:00,0.35706925900854003
2019-01-05 05:12:00,0.3218994252702032
2019-01-05 05:15:00,0.40419565499297505
2019-01-05 05:18:00,0.3413192457467744
2019-01-05 05:21:00,0.45622014616577644
2019-01-05 05:24:00,0.3279121424342293
2019-01-05 05:27:00,0.37019590713856587
2019-01-05 05:30:00,0.2506633070490807
2019-01-05 05:33:00,0.2919185834719542
2019-01-05 05:36:00,0.4086282983726619
2019-01-05 05:39:00,0.31681782874841247
2019-01-05 05:42:00,0.3535770766417272
2019-01-05 05:45:00,0.3734503592808096
2019-01-05 05:48:00,0.37619729882339925
2019-01-05 05:51:00,0.44914463564259677
2019-01-05 05:54:00,0.3531363792813522
2019-01-05 05:57:00,0.3337094655498163
2019-01-05 06:00:00,0.3441133299311332
2019-01-05 06:03:00,0.40289130641076554
2019-01-05 06:06:00,0.2923538838686568
2019-01-05 06:09:00,0.4099593697289379
2019-01-05 06:12:00,0.37245311294907424
2019-01-05 06:15:00,0.31766777258974344
2019-01-05 06:18:00,0.4350404497484419
2019-01-05 06:21:00,0.34382558182608136
2019-01-05 06:24:00,0.4148377300074344
2019-01-05 06:27:00,0.40857199578385917
2019-01-05 06:30:00,0.3483727961180989
2019-01-05 06:33:00,0.3783263141064026
2019-01-05 06:36:00,0.38932305692208047
2019-01-05 06:39:00,0.3827303212169113
2019-01-05 06:42:00,0.4117529737039831
2019-01-05 06:45:00,0.3887813731263918
2019-01-05 06:48:00,0.3700064843111477
2019-01-05 06:51:00,0.3446290190852892
2019-01-05 06:54:00,0.4366919552410309
2019-01-05 06:57:00,0.48504433165760474
2019-01-05 07:00:00,0.449466218674786
2019-01-05 07:03:00,0.43724892242818214
2019-01-05 07:06:00,0.4404119291438633
2019-01-05 07:09:00,0.3961707659436797
2019-01-05 07:12:00,0.40281660648906836
2019-01-05 07:15:00,0.418656813103496
2019-01-05 07:18:00,0.35019246359411227
2019-01-05 07:21:00,0.38966145733292024
2019-01-05 07:24:00,0.4455306299753943
2019-01-05 07:27:00,0.3849521702083507
2019-01-05 07:30:00,0.45751792348511344
2019-01-05 07:33:00,0.3888542772740493
2019-01-05 07:36:00,0.3368686330181845
2019-01-05 07:39:00,0.4033684505730548
2019-01-05 07:42:00,0.37030723865257187
2019-01-05 07:45:00,0.41319902754884197
2019-01-05 07:48:00,0.47670065644354054
2019-01-05 07:51:00,0.5442509759573113
2019-01-05 07:54:00,0.4285173944911662
2019-01-05 07:57:00,0.43109116313536333
2019-01-05 08:00:00,0.39903385470853436
2019-01-05 08:03:00,0.3538375729914378
2019-01-05 08:06:00,0.36035438888700355
2019-01-05 08:09:00,0.3715061385088916
2019-01-05 08:12:00,0.33344048321248465
2019-01-05 08:15:00,0.23192588924217716
2019-01-05 08:18:00,0.4399690635943898
2019-01-05 08:21:00,0.3906728727276345
2019-01-05 08:24:00,0.3279423514572386
2019-01-05 08:27:00,0.4078389204164523
2019-01-05 08:30:00,0.32101741668702743
2019-01-05 08:33:00,0.3589433937576132
2019-01-05 08:36:00,0.359508137896114
2019-01-05 08:39:00,0.2715127822237946
2019-01-05 08:42:00,0.21839754911309228
2019-01-05 08:45:00,0.26089200734139695
2019-01-05 08:48:00,0.22996548431535757
2019-01-05 08:51:00,0.27173516292447175
2019-01-05 08:54:00,0.2798533815187625
2019-01-05 08:57:00,0.23197066731518134
2019-01-05 09:00:00,0.17121457784315908
2019-01-05 09:03:00,0.29354746677222465
2019-01-05 09:06:00,0.24385139328967398
2019-01-05 09:09:00,0.25876057255084106
2019-01-05 09:12:00,0.2932237098875703
2019-01-05 09:15:00,0.3151536485627844
2019-01-05 09:18:00,0.20822095661037565
2019-01-05 09:21:00,0.2779384948587449
2019-01-05 09:24:00,0.18030811605819963
2019-01-05 09:27:00,0.11931933224587965
2019-01-05 09:30:00,0.15533803136463575
2019-01-05 09:33:00,0.20316691110701868
2019-01-05 09:36:00,0.10342211111338884
2019-01-05 09:39:00,0.11043409958608663
2019-01-05 09:42:00,0.1980415218843632
2019-01-05 09:45:00,0.1488173760666882
2019-01-05 09:48:00,0.16744816378991345
2019-01-05 09:51:00,0.11716240543449885
2019-01-05 09:54:00,0.20695130101722725
2019-01-05 09:57:00,0.0558274967600596
2019-01-05 10:00:00,0.07868492176021391
2019-01-05 10:03:00,0.10463958708157861
2019-01-05 10:06:00,0.02729360047777618
2019-01-05 10:09:00,0.06253519601006019
2019-01-05 10:12:00,0.010135626978069467
2019-01-05 10:15:00,-0.0662319491586345
2019-01-05 10:18:00,-0.011331349792669698
2019-01-05 10:21:00,0.025298108601191416
2019-01-05 10:24:00,-0.09739346715861075
2019-01-05 10:27:00,0.011907458698715345
2019-01-05 10:30:00,-0.035008486344452194
2019-01-05 10:33:00,-0.10389615780206896
2019-01-05 10:36:00,-0.17525411365460286
2019-01-05 10:39:00,-0.04173546285494467
2019-01-05 10:42:00,-0.011798737716276264
2019-01-05 10:45:00,-0.11129705569578618
2019-01-05 10:48:00,-0.09526393577368708
2019-01-05 10:51:00,-0.10837620392589997
2019-01-05 10:54:00,-0.16955873376917907
2019-01-05 10:57:00,-0.11104182753689429
2019-01-05 11:00:00,-0.0702959547289197
2019-01-05 11:03:00,-0.10193980076036269
2019-01-05 11:06:00,-0.01566995023307527
2019-01-05 11:09:00,-0.09617384572794663
2019-01-05 11:12:00,-0.10022105771986389
2019-01-05 11:15:00,-0.09330376654696693
2019-01-05 11:18:00,-0.1292858778462005
2019-01-05 11:21:00,-0.2213008824655276
2019-01-05 11:24:00,-0.22568189430654684
2019-01-05 11:27:00,-0.23522617971684667
2019-01-05 11:30:00,-0.08732331840599272
2019-01-05 11:33:00,-0.16064731967185253
2019-01-05 11:36:00,-0.1997547196019127
2019-01-05 11:39:00,-0.22383336020016031
2019-01-05 11:42:00,-0.23142412022525605
2019-01-05 11:45:00,-0.20478991432480598
2019-01-05 11:48:00,-0.1835206119645818
2019-01-05 11:51:00,-0.1578728585978979
2019-01-05 11:54:00,-0.28049812435114063
2019-01-05 11:57:00,-0.21170211599519462
2019-01-05 12:00:00,-0.2118034620121989
2019-01-05 12:03:00,-0.2356918269255175
2019-01-05 12:06:00,-0.1645878602674884
2019-01-05 12:09:00,-0.21695001240408374
2019-01-05 12:12:00,-0.32312065341375273
2019-01-05 12:15:00,-0.3610972608410066
2019-01-05 12:18:00,-0.20675194069713143
2019-01-05 12:21:00,-0.3451241283464128
2019-01-05 12:24:00,-0.4081585746841938
2019-01-05 12:27:00,-0.2842657482555637
2019-01-05 12:30:00,-0.4164490681755524
2019-01-05 12:33:00,-0.3508441517542451
2019-01-05 12:36:00,-0.22338815776760157
2019-01-05 12:39:00,-0.3016607721434639
2019-01-05 12:42:00,-0.4017090997755872
2019-01-05 12:45:00,-0.28143035611589085
2019-01-05 12:48:00,-0.328528007106172
2019-01-05 12:51:00,-0.37448590407598203
2019-01-05 12:54:00,-0.30942611157581723
2019-01-05 12:57:00,-0.3486587999497601
2019-01-05 13:00:00,-0.3040974131487246
2019-01-05 13:03:00,-0.2823992912380504
2019-01-05 13:06:00,-0.3225895763965241
2019-01-05 13:09:00,-0.39423690191205196
2019-01-05 13:12:00,-0.4095915057874322
2019-01-05 13:15:00,-0.3604643170691588
2019-01-05 13:18:00,-0.45558388470720956
2019-01-05 13:21:00,-0.3170052405155843
2019-01-05 13:24:00,-0.3236030800680396
2019-01-05 13:27:00,-0.4346999112944445
2019-01-05 13:30:00,-0.4520206314626307
2019-01-05 13:33:00,-0.4106293406316013
2019-01-05 13:36:00,-0.36079033396327986
2019-01-05 13:39:00,-0.4496719663331419
2019-01-05 13:42:00,-0.40670836068761673
2019-01-05 13:45:00,-0.3047850034127464
2019-01-05 13:48:00,-0.42274384561619627
2019-01-05 13:51:00,-0.38399766842394456
2019-01-05 13:54:00,-0.35601654787637926
2019-01-05 13:57:00,-0.47582690107810777
2019-01-05 14:00:00,-0.33505622502804044
2019-01-05 14:03:00,-0.4581964806749852
2019-01-05 14:06:00,-0.3318596359990238
2019-01-05 14:09:00,-0.3972345053310846
2019-01-05 14:12:00,-0.4691650222898147
2019-01-05 14:15:00,-0.33621885079787717
2019-01-05 14:18:00,-0.3767628775932508
2019-01-05 14:21:00,-0.29291666794244975
2019-01-05 14:24:00,-0.3383061582273399
2019-01-05 14:27:00,-0.3144586627841477
2019-01-05 14:30:00,-0.32729862123613884
2019-01-05 14:33:00,-0.34936751927233445
2019-01-05 14:36:00,-0.3428207400463066
2019-01-05 14:39:00,-0.2317798278914438
2019-01-05 14:42:00,-0.28879558221967727
2019-01-05 14:45:00,-0.2512373948745221
2019-01-05 14:48:00,-0.3133140350317376
2019-01-05 14:51:00,-0.2480936621559522
2019-01-05 14:54:00,-0.3203199931989502
2019-01-05 14:57:00,-0.34106191013489706
2019-01-05 15:00:00,-0.28131216517209623
2019-01-05 15:03:00,-0.2756300641287339
2019-01-05 15:06:00,-0.3790160815053696
2019-01-05 15:09:00,-0.14660725039198041
2019-01-05 15:12:00,-0.2036637113731672
2019-01-05 15:15:00,-0.3689486222397136
2019-01-05 15:18:00,-0.2583499387562824
2019-01-05 15:21:00,-0.2795476708819251
2019-01-05 15:24:00,-0.322332725123772
2019-01-05 15:27:00,-0.27526629977774064
2019-01-05 15:30:00,-0.3216499281911638
2019-01-05 15:33:00,-0.29806888028332423
2019-01-05 15:36:00,-0.17326804694448583
2019-01-05 15:39:00,-0.29841816982775526
2019-01-05 15:42:00,-0.2844024089583854
2019-01-05 15:45:00,-0.26926324681397773
2019-01-05 15:48:00,-0.2763456074385431
2019-01-05 15:51:00,-0.26021765931898244
2019-01-05 15:54:00,-0.27079323132176114
2019-01-05 15:57:00,-0.2605291956179485
2019-01-05 16:00:00,-0.32735138390262364
2019-01-05 16:03:00,-0.1780529306966514
2019-01-05 16:06:00,-0.18586132719491388
2019-01-05 16:09:00,-0.1518408341702866
2019-01-05 16:12:00,0.005123539530359267
2019-01-05 16:15:00,-0.05805115350705137
2019-01-05 16:18:00,-0.19746579410627874
2019-01-05 16:21:00,-0.2352663908840782
2019-01-05 16:24:00,-0.14463939474921972
2019-01-05 16:27:00,-0.10633937614892375
2019-01-05 16:30:00,-0.19098686944295196
2019-01-05 16:33:00,-0.15443760641818471
2019-01-05 16:36:00,-0.1121099874420679
2019-01-05 16:39:00,-0.23510651049309672
2019-01-05 16:42:00,-0.10905329087984228
2019-01-05 16:45:00,-0.07066333267954406
2019-01-05 16:48:00,-0.15477372170164472
2019-01-05 16:51:00,0.03237395632032758
2019-01-05 16:54:00,-0.15760235992115668
2019-01-05 16:57:00,-0.1640278277792504
2019-01-05 17:00:00,-0.2734452216458294
2019-01-05 17:03:00,-0.2253659059777533
2019-01-05 17:06:00,-0.2511168161690307
2019-01-05 17:09:00,-0.1769820405610858
2019-01-05 17:12:00,-0.2534350422201328
2019-01-05 17:15:00,-0.19911945809872122
2019-01-05 17:18:00,-0.22996533006357822
2019-01-05 17:21:00,-0.2409318451989293
2019-01-05 17:24:00,-0.29743529916163425
2019-01-05 17:27:00,-0.22389163443989446
2019-01-05 17:30:00,0.04924958176718519
2019-01-05 17:33:00,-0.00465637831314325
2019-01-05 17:36:00,-0.03066631946205689
2019-01-05 17:39:00,-0.048791848197367926
2019-01-05 17:42:00,-0.1700916698229662
2019-01-05 17:45:00,0.021028880498192848
2019-01-05 17:48:00,0.09657826034293748
2019-01-05 17:51:00,0.09594961084985698
2019-01-05 17:54:00,0.15327252096966504
2019-01-05 17:57:00,0.15310397593037806
2019-01-05 18:00:00,-0.07617100130312338
2019-01-05 18:03:00,-0.08824941994203073
2019-01-05 18:06:00,-0.021035980815497624
2019-01-05 18:09:00,-0.1587092014698328
2019-01-05 18:12:00,-0.011049016752394891
2019-01-05 18:15:00,-0.0356855695856666
2019-01-05 18:18:00,0.10422788643472813
2019-01-05 18:21:00,0.10978999604066075
2019-01-05 18:24:00,0.16422621980080976
2019-01-05 18:27:00,0.10476905137107906
2019-01-05 18:30:00,0.11734727616294549
2019-01-05 18:33:00,0.04021940839817262
2019-01-05 18:36:00,0.027267063925080492
2019-01-05 18:39:00,0.116081936536375
2019-01-05 18:42:00,0.08307221224441719
2019-01-05 18:45:00,0.2044674436845071
2019-01-05 18:48:00,0.037217425198718956
2019-01-05 18:51:00,0.06407260071944165
2019-01-05 18:54:00,
2019-01-05 18:57:00,
2019-01-05 19:00:00,
2019-01-05 19:03:00,0.0631860108672413
2019-01-05 19:06:00,0.08838674989647188
2019-01-05 19:09:00,0.06041154216069344
2019-01-05 19:12:00,0.1502307600476911
2019-01-05 19:15:00,0.05313978283203369
2019-01-05 19:18:00,0.106515177959011
2019-01-05 19:21:00,0.07938786344089976
2019-01-05 19:24:00,0.09043430553361986
2019-01-05 19:27:00,0.11330364239165647
2019-01-05 19:30:00,0.1887399942784782
2019-01-05 19:33:00,0.0629489301146009
2019-01-05 19:36:00,0.09674289247618617
2019-01-05 19:39:00,0.16003811587762584
2019-01-05 19:42:00,0.029211081720632137
2019-01-05 19:45:00,-0.040343355855327445
2019-01-05 19:48:00,0.10009819740616877
2019-01-05 19:51:00,0.09738790350371573
2019-01-05 19:54:00,0.07713667424013693
2019-01-05 19:57:00,0.08233104915689182
2019-01-05 20:00:00,0.10718134251368383
2019-01-05 20:03:00,0.1921546832447234
2019-01-05 20:06:00,0.13423624776208953
2019-01-05 20:09:00,0.055291407444144625
2019-01-05 20:12:00,0.11767771163562202
2019-01-05 20:15:00,0.09084824768626731
2019-01-05 20:18:00,0.11008622628514786
2019-01-05 20:21:00,0.13627616720140168
2019-01-05 20:24:00,0.16223674929602794
2019-01-05 20:27:00,0.10470136976471167
2019-01-05 20:30:00,0.15931139713455877
2019-01-05 20:33:00,0.15381865143842788
2019-01-05 20:36:00,0.18196973767510372
2019-01-05 20:39:00,0.11112278881643078
2019-01-05 20:42:00,0.18161902298226096
2019-01-05 20:45:00,0.08477620194958035
2019-01-05 20:48:00,0.18132356740011346
2019-01-05 20:51:00,0.16474767630285214
2019-01-05 20:54:00,0.263272701938547
2019-01-05 20:57:00,0.22250905761444528
2019-01-05 21:00:00,0.1489296646250864
2019-01-05 21:03:00,0.22917065355778732
2019-01-05 21:06:00,0.14428934074516064
2019-01-05 21:09:00,0.25040142105217456
2019-01-05 21:12:00,0.14117471279814708
2019-01-05 21:15:00,0.1821233159616895
2019-01-05 21:18:00,0.15335070817195628
2019-01-05 21:21:00,0.16561373173328775
2019-01-05 21:24:00,0.24398117486992987
2019-01-05 21:27:00,0.228751052241023
2019-01-05 21:30:00,0.12780289101908693
2019-01-05 21:33:00,0.10717105736068788
2019-01-05 21:36:00,0.16844238614027063
2019-01-05 21:39:00,0.2507581365892406
2019-01-05 21:42:00,0.2012611701197784
2019-01-05 21:45:00,0.19592061013827333
2019-01-05 21:48:00,0.1583948683280596
2019-01-05 21:51:00,0.20427819941460257
2019-01-05 21:54:00,0.14693200327258182
2019-01-05 21:57:00,0.20817398546620325
2019-01-05 22:00:00,0.198576231840093
2019-01-05 22:03:00,0.185196243316625
2019-01-05 22:06:00,0.18030698259832434
2019-01-05 22:09:00,0.13452752429026305
2019-01-05 22:12:00,0.15114045742495819
2019-01-05 22:15:00,0.0519931856458129
2019-01-05 22:18:00,0.15596428518830407
2019-01-05 22:21:00,0.08490486679858122
2019-01-05 22:24:00,0.13900033254685695
2019-01-05 22:27:00,0.15942472309086497
2019-01-05 22:30:00,0.07517033588419508
2019-01-05 22:33:00,0.11322553299606852
2019-01-05 22:36:00,0.1735311804408184
2019-01-05 22:39:00,0.19046087109319387
2019-01-05 22:42:00,0.12471935595539207
2019-01-05 22:45:00,0.146316421735321
2019-01-05 22:48:00,0.22709968694687177
2019-01-05 22:51:00,0.17012869234599748
2019-01-05 22:54:00,0.2235757215017884
2019-01-05 22:57:00,0.18992542497807108
2019-01-05 23:00:00,0.1102111191920585
2019-01-05 23:03:00,0.17695750350083017
2019-01-05 23:06:00,0.21204167809571572
2019-01-05 23:09:00,0.07943874411040497
2019-01-05 23:12:00,0.20026700599112246
2019-01-05 23:15:00,0.15001548786079866
2019-01-05 23:18:00,0.11218649238270473
2019-01-05 23:21:00,0.2117838765010447
2019-01-05 23:24:00,0.21231871532995683
2019-01-05 23:27:00,0.19485796872044148
2019-01-05 23:30:00,0.15430359072593092
2019-01-05 23:33:00,0.18475183349022473
2019-01-05 23:36:00,0.2357813861503928
2019-01-05 23:39:00,0.22619755383351503
2019-01-05 23:42:00,0.23663105583835886
2019-01-05 23:45:00,0.28869125378622584
2019-01-05 23:48:00,0.2619814660296811
2019-01-05 23:51:00,0.28628224839985705
2019-01-05 23:54:00,0.3288335804590474
2019-01-05 23:57:00,0.30597848614343093
2019-01-06 00:00:00,0.27829192420068694
2019-01-06 00:03:00,0.7038212182195025
2019-01-06 00:06:00,0.36027255765804966
2019-01-06 00:09:00,0.25410258647906403
2019-01-06 00:12:00,0.26817395485704765
2019-01-06 00:15:00,0.21269605761250432
2019-01-06 00:18:00,0.3164041041493988
2019-01-06 00:21:00,0.26330476079539267
2019-01-06 00:24:00,0.22301748425689993
2019-01-06 00:27:00,0.24061067793434177
2019-01-06 00:30:00,0.3321064579701556
2019-01-06 00:33:00,0.3361878136396399
2019-01-06 00:36:00,0.3061360978719563
2019-01-06 00:39:00,0.31354436932304
2019-01-06 00:42:00,0.29278386826820224
2019-01-06 00:45:00,0.3772920944890643
2019-01-06 00:48:00,0.27405545696575473
2019-01-06 00:51:00,0.28064420725053196
2019-01-06 00:54:00,0.2906498863583806
2019-01-06 00:57:00,0.3504946905659949
2019-01-06 01:00:00,0.25999558045401727
2019-01-06 01:03:00,0.32479249625180273
2019-01-06 01:06:00,0.33786002484663413
2019-01-06 01:09:00,0.2556810862500356
2019-01-06 01:12:00,0.3550956678200805
2019-01-06 01:15:00,0.21670601929400846
2019-01-06 01:18:00,0.24310888310265
2019-01-06 01:21:00,0.30810476936835585
2019-01-06 01:24:00,0.35699375763408625
2019-01-06 01:27:00,0.2645115623842571
2019-01-06 01:30:00,0.264144022893845
2019-01-06 01:33:00,0.23607262954243424
2019-01-06 01:36:00,0.2779229012894575
2019-01-06 01:39:00,0.2852665060850086
2019-01-06 01:42:00,0.2174610082665822
2019-01-06 01:45:00,0.3484498677296415
2019-01-06 01:48:00,0.25929000756974574
2019-01-06 01:51:00,0.2900185548459149
2019-01-06 01:54:00,0.28419615219695515
2019-01-06 01:57:00,0.2668621757384244
2019-01-06 02:00:00,0.32820134621834995
2019-01-06 02:03:00,0.30298045140568775
2019-01-06 02:06:00,0.22594769543439952
2019-01-06 02:09:00,0.2399582733492025
2019-01-06 02:12:00,0.2936298860982447
2019-01-06 02:15:00,0.1800023854574988
2019-01-06 02:18:00,0.26954030398229634
2019-01-06 02:21:00,0.24162603192905863
2019-01-06 02:24:00,0.25216898775147456
2019-01-06 02:27:00,0.1843605035257383
2019-01-06 02:30:00,0.2119630890431381
2019-01-06 02:33:00,0.2380846013655855
2019-01-06 02:36:00,0.2244895640822051
2019-01-06 02:39:00,0.381956637912765
2019-01-06 02:42:00,0.27268720909415833
2019-01-06 02:45:00,0.26717384723656323
2019-01-06 02:48:00,0.1337959686687782
2019-01-06 02:51:00,0.25388502523134093
2019-01-06 02:54:00,0.2251257929100916
2019-01-06 02:57:00,0.22306664243780006
2019-01-06 03:00:00,0.24766582398899573
2019-01-06 03:03:00,0.2493337154825781
2019-01-06 03:06:00,0.331477155270818
2019-01-06 03:09:00,0.2815481209550512
2019-01-06 03:12:00,0.2939787886826366
2019-01-06 03:15:00,0.2646672812369957
2019-01-06 03:18:00,0.38744852809867325
2019-01-06 03:21:00,0.3422235150655979
2019-01-06 03:24:00,0.339052163040094
2019-01-06 03:27:00,0.2700212079648736
2019-01-06 03:30:00,0.27272456881109974
2019-01-06 03:33:00,0.28716804534889206
2019-01-06 03:36:00,0.18845287384635867
2019-01-06 03:39:00,0.3250359685288231
2019-01-06 03:42:00,0.33910696558166364
2019-01-06 03:45:00,0.2678311793864623
2019-01-06 03:48:00,0.2940228173115429
2019-01-06 03:51:00,0.3436049480918655
2019-01-06 03:54:00,0.3772279299190586
2019-01-06 03:57:00,0.37854916555653517
2019-01-06 04:00:00,0.20142219074614331
2019-01-06 04:03:00,0.2723712597863255
2019-01-06 04:06:00,0.25864539641770534
2019-01-06 04:09:00,0.2503841625918426
2019-01-06 04:12:00,0.20897922811712988
2019-01-06 04:15:00,0.2912007983293847
2019-01-06 04:18:00,0.21680813376542574
2019-01-06 04:21:00,0.2671159472685076
2019-01-06 04:24:00,0.20968093994497394
2019-01-06 04:27:00,0.3274765517856508
2019-01-06 04:30:00,0.33870735134820507
2019-01-06 04:33:00,0.2215534742796308
2019-01-06 04:36:00,0.18377451239666698
2019-01-06 04:39:00,0.20600188424998578
2019-01-06 04:42:00,0.2424051837906518
2019-01-06 04:45:00,0.17597532327323506
2019-01-06 04:48:00,0.2995922148929253
2019-01-06 04:51:00,0.27451776214928714
2019-01-06 04:54:00,0.2768088612908173
2019-01-06 04:57:00,0.22366451040761604
2019-01-06 05:00:00,0.1850256762254503
2019-01-06 05:03:00,0.1775312275910892
2019-01-06 05:06:00,0.20717879296552155
2019-01-06 05:09:00,0.2677177889511313
2019-01-06 05:12:00,0.21789923464791627
2019-01-06 05:15:00,0.2674430037755542
2019-01-06 05:18:00,0.2846744091395408
2019-01-06 05:21:00,0.331261330526047
2019-01-06 05:24:00,0.2401374115413546
2019-01-06 05:27:00,0.33398144658764295
2019-01-06 05:30:00,0.19563736053612502
2019-01-06 05:33:00,0.3144595985491492
2019-01-06 05:36:00,0.19611656981186343
2019-01-06 05:39:00,0.25053101384105503
2019-01-06 05:42:00,0.39957620106730474
2019-01-06 05:45:00,0.21793048287685224
2019-01-06 05:48:00,0.32075902363789055
2019-01-06 05:51:00,0.322036217988682
2019-01-06 05:54:00,0.32118309955330915
2019-01-06 05:57:00,0.3425914760442197
2019-01-06 06:00:00,0.3162037637341655
2019-01-06 06:03:00,0.2952934676347354
2019-01-06 06:06:00,0.370734591223993
2019-01-06 06:09:00,0.324269889485322
2019-01-06 06:12:00,0.21087192380417719
2019-01-06 06:15:00,0.316873111434802
2019-01-06 06:18:00,0.3040383636838442
2019-01-06 06:21:00,0.3415685313067911
2019-01-06 06:24:00,0.2919006193203586
2019-01-06 06:27:00,0.3343989201439399
2019-01-06 06:30:00,0.3641406316488087
2019-01-06 06:33:00,0.39498027363868005
2019-01-06 06:36:00,0.44433649693513644
2019-01-06 06:39:00,0.3474737490363964
2019-01-06 06:42:00,0.27227709070979245
2019-01-06 06:45:00,0.3429592978491769
2019-01-06 06:48:00,0.34946586822644576
2019-01-06 06:51:00,0.4124314340631372
2019-01-06 06:54:00,0.33005775529613857
2019-01-06 06:57:00,0.3963325877201669
2019-01-06 07:00:00,0.37120047927942323
2019-01-06 07:03:00,0.4135732535957004
2019-01-06 07:06:00,0.37266684251329707
2019-01-06 07:09:00,0.3539207487193039
2019-01-06 07:12:00,0.37696997249872766
2019-01-06 07:15:00,0.4221142675298779
2019-01-06 07:18:00,0.33742960407710143
2019-01-06 07:21:00,0.4373270894809025
2019-01-06 07:24:00,0.3464244400198595
2019-01-06 07:27:00,0.2952139224358916
2019-01-06 07:30:00,0.4854807065472073
2019-01-06 07:33:00,0.41702313814766967
2019-01-06 07:36:00,0.32817590749664305
2019-01-06 07:39:00,0.3715097181218425
2019-01-06 07:42:00,0.2904274182477593
2019-01-06 07:45:00,0.32556275631856124
2019-01-06 07:48:00,0.2719067271503377
2019-01-06 07:51:00,0.3741605183292904
2019-01-06 07:54:00,0.34569507492670937
2019-01-06 07:57:00,0.3638304695291481
2019-01-06 08:00:00,0.3585392328870398
2019-01-06 08:03:00,0.299316486489829
2019-01-06 08:06:00,0.3447285837121967
2019-01-06 08:09:00,0.28058084243616577
2019-01-06 08:12:00,0.35366797679409956
2019-01-06 08:15:00,0.22575110514179642
2019-01-06 08:18:00,0.19469031772399603
2019-01-06 08:21:00,0.2375904167352587
2019-01-06 08:24:00,0.25986940243728895
2019-01-06 08:27:00,0.24536369179702433
2019-01-06 08:30:00,0.27686174999377045
2019-01-06 08:33:00,0.288560331176825
2019-01-06 08:36:00,0.24026517690720084
2019-01-06 08:39:00,0.2976632396008654
2019-01-06 08:42:00,0.2971797366108717
2019-01-06 08:45:00,0.2264544941181157
2019-01-06 08:48:00,0.24788193250350332
2019-01-06 08:51:00,0.2896603601393508
2019-01-06 08:54:00,0.2415441409097525
2019-01-06 08:57:00,0.21309178892687441
2019-01-06 09:00:00,0.24392768634891127
2019-01-06 09:03:00,0.20459682173549254
2019-01-06 09:06:00,0.1856491113015295
2019-01-06 09:09:00,0.22652714291717757
2019-01-06 09:12:00,0.196387859697154
2019-01-06 09:15:00,0.19060279756098453
2019-01-06 09:18:00,0.17215689332846296
2019-01-06 09:21:00,0.060307654405050926
2019-01-06 09:24:00,0.08915463322801997
2019-01-06 09:27:00,0.17010296670918024
2019-01-06 09:30:00,0.08656655862421303
2019-01-06 09:33:00,0.16828340071856474
2019-01-06 09:36:00,0.17242455011046331
2019-01-06 09:39:00,0.11488276416878307
2019-01-06 09:42:00,0.12490074196830392
2019-01-06 09:45:00,0.15207382217892018
2019-01-06 09:48:00,0.23965971861531443
2019-01-06 09:51:00,0.21917700861473577
2019-01-06 09:54:00,0.13975132910007915
2019-01-06 09:57:00,0.05952156111493423
2019-01-06 10:00:00,0.0857686146252945
2019-01-06 10:03:00,0.0765124173801155
2019-01-06 10:06:00,-0.026368215119930483
2019-01-06 10:09:00,0.009730088803792114
2019-01-06 10:12:00,0.014368637193001632
2019-01-06 10:15:00,-0.016936016354122785
2019-01-06 10:18:00,-0.03328366917872927
2019-01-06 10:21:00,0.14154144208350772
2019-01-06 10:24:00,-0.03180629793013168
2019-01-06 10:27:00,0.03315589354411941
2019-01-06 10:30:00,0.06713262488449345
2019-01-06 10:33:00,0.06341170067423718
2019-01-06 10:36:00,0.12377537742048617
2019-01-06 10:39:00,-0.0629983543325352
2019-01-06 10:42:00,-0.021837261113546447
2019-01-06 10:45:00,0.017367489964669858
2019-01-06 10:48:00,-0.05264949741132341
2019-01-06 10:51:00,-0.023902253194819423
2019-01-06 10:54:00,-0.021170852242732963
2019-01-06 10:57:00,-0.025649918070087097
2019-01-06 11:00:00,0.03305731075369067
2019-01-06 11:03:00,-0.07525593258998242
2019-01-06 11:06:00,-0.11121898911721928
2019-01-06 11:09:00,-0.04318189834259556
2019-01-06 11:12:00,-0.031102549064712548
2019-01-06 11:15:00,-0.07885602055864638
2019-01-06 11:18:00,-0.06155794069690046
2019-01-06 11:21:00,-0.09523346975419145
2019-01-06 11:24:00,-0.16363863496343356
2019-01-06 11:27:00,-0.17379090477351156
2019-01-06 11:30:00,-0.23173526211866147
2019-01-06 11:33:00,-0.1353918380609116
2019-01-06 11:36:00,-0.09662417245635879
2019-01-06 11:39:00,-0.12789769393754113
2019-01-06 11:42:00,-0.059497964577758466
2019-01-06 11:45:00,-0.1422417646537042
2019-01-06 11:48:00,-0.19981974606764652
2019-01-06 11:51:00,-0.08398545930288037
2019-01-06 11:54:00,-0.15252956326418143
2019-01-06 11:57:00,-0.1441856402101962
2019-01-06 12:00:00,-0.19953759690076822
2019-01-06 12:03:00,-0.13168542744432443
2019-01-06 12:06:00,-0.10339721982609262
2019-01-06 12:09:00,-0.15384554221628832
2019-01-06 12:12:00,-0.2128618448407451
2019-01-06 12:15:00,-0.09215685811585672
2019-01-06 12:18:00,-0.13601592048291877
2019-01-06 12:21:00,-0.24819859653683807
2019-01-06 12:24:00,-0.2259921084735197
2019-01-06 12:27:00,-0.20798236600205655
2019-01-06 12:30:00,-0.2633499118437612
2019-01-06 12:33:00,-0.1496880080613323
2019-01-06 12:36:00,-0.21390148997818415
2019-01-06 12:39:00,-0.23125367216448467
2019-01-06 12:42:00,-0.2925568921992294
2019-01-06 12:45:00,-0.10298514303644879
2019-01-06 12:48:00,-0.13904008109585675
2019-01-06 12:51:00,-0.25690529381705574
2019-01-06 12:54:00,-0.24984606390984254
2019-01-06 12:57:00,-0.23145100697604448
2019-01-06 13:00:00,-0.23023216979510153
2019-01-06 13:03:00,-0.25587167165087976
2019-01-06 13:06:00,-0.26481449042785243
2019-01-06 13:09:00,-0.33454802070411915
2019-01-06 13:12:00,-0.27752756554957614
2019-01-06 13:15:00,-0.2525667129331737
2019-01-06 13:18:00,-0.34071448793008585
2019-01-06 13:21:00,-0.3594222878796245
2019-01-06 13:24:00,-0.41308846586241543
2019-01-06 13:27:00,-0.28190459050415484
2019-01-06 13:30:00,-0.34174340901461164
2019-01-06 13:33:00,-0.24757495293391685
2019-01-06 13:36:00,-0.3688891996678194
2019-01-06 13:39:00,-0.3795551713521945
2019-01-06 13:42:00,-0.3819300309304481
2019-01-06 13:45:00,-0.3216355445041472
2019-01-06 13:48:00,-0.42204336837869505
2019-01-06 13:51:00,-0.30780390094093946
2019-01-06 13:54:00,-0.3067553794085143
2019-01-06 13:57:00,-0.26475111859468825
2019-01-06 14:00:00,-0.3735735183462907
2019-01-06 14:03:00,-0.340807168493086
2019-01-06 14:06:00,-0.30769602308720323
2019-01-06 14:09:00,-0.2993741145362492
2019-01-06 14:12:00,-0.346033661726608
2019-01-06 14:15:00,-0.2952115415602634
2019-01-06 14:18:00,-0.2782320364654538
2019-01-06 14:21:00,-0.2918608230374389
2019-01-06 14:24:00,-0.3593704624299221
2019-01-06 14:27:00,-0.32868599022776834
2019-01-06 14:30:00,-0.33295597910961305
2019-01-06 14:33:00,-0.2754704718345806
2019-01-06 14:36:00,-0.3360040661531798
2019-01-06 14:39:00,-0.29285090962952154
2019-01-06 14:42:00,-0.3370291213456653
2019-01-06 14:45:00,-0.38594531171764856
2019-01-06 14:48:00,-0.3154896610463993
2019-01-06 14:51:00,-0.3497158376838456
2019-01-06 14:54:00,-0.4645122842081264
2019-01-06 14:57:00,-0.3603597409746726
2019-01-06 15:00:00,-0.3485285599194299
2019-01-06 15:03:00,-0.32680470687103025
2019-01-06 15:06:00,-0.4448973517912691
2019-01-06 15:09:00,-0.3592450650458545
2019-01-06 15:12:00,-0.4424320940202051
2019-01-06 15:15:00,-0.3676963067185852
2019-01-06 15:18:00,-0.27062684757345323
2019-01-06 15:21:00,-0.3139602192511006
2019-01-06 15:24:00,-0.28615236528099786
2019-01-06 15:27:00,-0.29595681742677016
2019-01-06 15:30:00,-0.304601845871332
2019-01-06 15:33:00,-0.2629572974605594
2019-01-06 15:36:00,-0.2645840464988396
2019-01-06 15:39:00,-0.2170502535428227
2019-01-06 15:42:00,-0.22194774275305917
2019-01-06 15:45:00,-0.20064754325414924
2019-01-06 15:48:00,-0.15603743659312386
2019-01-06 15:51:00,-0.2177451771299843
2019-01-06 15:54:00,-0.1723825095290863
2019-01-06 15:57:00,-0.10762714878308088
2019-01-06 16:00:00,-0.16352638687953913
2019-01-06 16:03:00,-0.11256711992518831
2019-01-06 16:06:00,-0.05601924931517033
2019-01-06 16:09:00,-0.0512396503081618
2019-01-06 16:12:00,-0.09372552764438069
2019-01-06 16:15:00,-0.1020962219726016
2019-01-06 16:18:00,-0.11979130963561602
2019-01-06 16:21:00,-0.08177228314343665
2019-01-06 16:24:00,-0.08265117993425974
2019-01-06 16:27:00,-0.07977238347092452
2019-01-06 16:30:00,-0.013490168478995201
2019-01-06 16:33:00,-0.12839079996217606
2019-01-06 16:36:00,-0.0524881954418106
2019-01-06 16:39:00,0.0007952384270311086
2019-01-06 16:42:00,-0.11908537814082365
2019-01-06 16:45:00,-0.011069779438457772
2019-01-06 16:48:00,-0.04846443156452551
2019-01-06 16:51:00,-0.05566966303138088
2019-01-06 16:54:00,-0.060285355421740405
2019-01-06 16:57:00,-0.1170011965247113
2019-01-06 17:00:00,-0.08490151405862889
2019-01-06 17:03:00,-0.03428107554975668
2019-01-06 17:06:00,0.012963870554017376
2019-01-06 17:09:00,0.03798687251202182
2019-01-06 17:12:00,0.08295660631580404
2019-01-06 17:15:00,0.15587890873734978
2019-01-06 17:18:00,0.08169840948670526
2019-01-06 17:21:00,0.024757882958738264
2019-01-06 17:24:00,-0.02096912115013083
2019-01-06 17:27:00,0.07121914479489533
2019-01-06 17:30:00,0.08185942936705715
2019-01-06 17:33:00,0.05625819422363065
2019-01-06 17:36:00,0.004033998635236458
2019-01-06 17:39:00,0.03452326896785962
2019-01-06 17:42:00,0.016777294225676087
2019-01-06 17:45:00,0.09337974152907691
2019-01-06 17:48:00,0.018658576703273866
2019-01-06 17:51:00,0.10571724209387412
2019-01-06 17:54:00,0.08024458784001354
2019-01-06 17:57:00,-0.060006753597974694
2019-01-06 18:00:00,0.08717575214478757
2019-01-06 18:03:00,0.12089343871514302
2019-01-06 18:06:00,0.1190889166496163
2019-01-06 18:09:00,0.042502824151483765
2019-01-06 18:12:00,0.22719158637295322
2019-01-06 18:15:00,0.1928703597382082
2019-01-06 18:18:00,0.15933830913502334
2019-01-06 18:21:00,0.09915829584582525
2019-01-06 18:24:00,0.25808291203605904
2019-01-06 18:27:00,0.47609766066534576
2019-01-06 18:30:00,0.3490106880921644
2019-01-06 18:33:00,0.2653524844441222
2019-01-06 18:36:00,0.37645001389512345
2019-01-06 18:39:00,0.1764354370508272
2019-01-06 18:42:00,0.45552782069898967
2019-01-06 18:45:00,0.3852932710580603
2019-01-06 18:48:00,0.26336757198288296
2019-01-06 18:51:00,0.0763760324976488
2019-01-06 18:54:00,
2019-01-06 18:57:00,
2019-01-06 19:00:00,
2019-01-06 19:03:00,0.5936038993349939
2019-01-06 19:06:00,0.525461255487528
2019-01-06 19:09:00,0.538089384615887
2019-01-06 19:12:00,0.4062649992924321
2019-01-06 19:15:00,0.3501309675741595
2019-01-06 19:18:00,0.4700930396309104
2019-01-06 19:21:00,0.5337700181070204
2019-01-06 19:24:00,0.41273167377596565
2019-01-06 19:27:00,0.29827528638116974
2019-01-06 19:30:00,0.32782103924631656
2019-01-06 19:33:00,0.431614820296943
2019-01-06 19:36:00,0.48614365747749844
2019-01-06 19:39:00,0.4271169410387188
2019-01-06 19:42:00,0.4113170029168032
2019-01-06 19:45:00,0.35468719229527323
2019-01-06 19:48:00,0.41792966535655296
2019-01-06 19:51:00,0.24693580422399464
2019-01-06 19:54:00,0.33012528062113233
2019-01-06 19:57:00,0.32905447723220504
2019-01-06 20:00:00,0.4473555820070487
2019-01-06 20:03:00,0.42188292159164575
2019-01-06 20:06:00,0.32281032704008794
2019-01-06 20:09:00,0.383820702389869
2019-01-06 20:12:00,0.35788901251470406
2019-01-06 20:15:00,0.289435003889821
2019-01-06 20:18:00,0.3212985919375342
2019-01-06 20:21:00,0.2730605038462386
2019-01-06 20:24:00,0.29786403406063755
2019-01-06 20:27:00,0.17235772266309368
2019-01-06 20:30:00,0.2631746253028382
2019-01-06 20:33:00,0.2642312710714805
2019-01-06 20:36:00,0.28844187741441374
2019-01-06 20:39:00,0.18954762308987938
2019-01-06 20:42:00,0.341413131288391
2019-01-06 20:45:00,0.20552197583651832
2019-01-06 20:48:00,0.03247136013430918
2019-01-06 20:51:00,0.21666650681135025
2019-01-06 20:54:00,0.25811646893362195
2019-01-06 20:57:00,0.2506592144529236
2019-01-06 21:00:00,0.3107613531691982
2019-01-06 21:03:00,0.30190741077365146
2019-01-06 21:06:00,0.32344745526904717
2019-01-06 21:09:00,0.24173185169962608
2019-01-06 21:12:00,0.27573253308401036
2019-01-06 21:15:00,0.10325333663502079
2019-01-06 21:18:00,0.1466962537741665
2019-01-06 21:21:00,0.2333517965157057
2019-01-06 21:24:00,0.31396159648494404
2019-01-06 21:27:00,0.24243029469164412
2019-01-06 21:30:00,0.32955802305332327
2019-01-06 21:33:00,0.39634113964780227
2019-01-06 21:36:00,0.3290447325816217
2019-01-06 21:39:00,0.29458230232404503
2019-01-06 21:42:00,0.3080099249431214
2019-01-06 21:45:00,0.1705224078576748
2019-01-06 21:48:00,0.2594313030371609
2019-01-06 21:51:00,0.3075012864679252
2019-01-06 21:54:00,0.2713859450784639
2019-01-06 21:57:00,0.2170801032335703
2019-01-06 22:00:00,0.3597711194477142
2019-01-06 22:03:00,0.2448270152830787
2019-01-06 22:06:00,0.3009111604031318
2019-01-06 22:09:00,0.2444540190671205
2019-01-06 22:12:00,0.2531245516928493
2019-01-06 22:15:00,0.3600981084922523
2019-01-06 22:18:00,0.2665697892556409
2019-01-06 22:21:00,0.1440444342607634
2019-01-06 22:24:00,0.2747019039775864
2019-01-06 22:27:00,0.26869867982310325
2019-01-06 22:30:00,0.26027311370222606
2019-01-06 22:33:00,0.3052977244545332
2019-01-06 22:36:00,0.2672569467073913
2019-01-06 22:39:00,0.265430741863554
2019-01-06 22:42:00,0.27919547456167493
2019-01-06 22:45:00,0.31736638104212034
2019-01-06 22:48:00,0.3408538314824341
2019-01-06 22:51:00,0.29588632331160625
2019-01-06 22:54:00,0.28779721012284654
2019-01-06 22:57:00,0.33500381269391255
2019-01-06 23:00:00,0.21759528542884254
2019-01-06 23:03:00,0.22083206374389874
2019-01-06 23:06:00,0.24373119352929962
2019-01-06 23:09:00,0.24666596854706313
2019-01-06 23:12:00,0.32604331822454924
2019-01-06 23:15:00,0.2974277818145765
2019-01-06 23:18:00,0.24633190630328272
2019-01-06 23:21:00,0.2426667179597075
2019-01-06 23:24:00,0.3067785606287998
2019-01-06 23:27:00,0.21654471874853698
2019-01-06 23:30:00,0.27323662883418365
2019-01-06 23:33:00,0.22111331209907803
2019-01-06 23:36:00,0.2617200743787862
2019-01-06 23:39:00,0.22547152258488268
2019-01-06 23:42:00,0.26452262135200044
2019-01-06 23:45:00,0.19881542493362758
2019-01-06 23:48:00,0.1473471546734686
2019-01-06 23:51:00,0.2508160872741314
2019-01-06 23:54:00,0.194080622278193
2019-01-06 23:57:00,0.23481461222371536
2019-01-07 00:00:00,0.2870164942048632
2019-01-07 00:03:00,0.24316212626087008
2019-01-07 00:06:00,0.23058470449063861
2019-01-07 00:09:00,0.25365393027618666
2019-01-07 00:12:00,0.2862500761782485
2019-01-07 00:15:00,0.30497592845028976
2019-01-07 00:18:00,0.2564484891641996
2019-01-07 00:21:00,0.23667868810036907
2019-01-07 00:24:00,0.3161924136311427
2019-01-07 00:27:00,0.2448488754789082
2019-01-07 00:30:00,0.38173253087859393
2019-01-07 00:33:00,0.2814505246423664
2019-01-07 00:36:00,0.18962108451961512
2019-01-07 00:39:00,0.3200866549371426
2019-01-07 00:42:00,0.3490316459595988
2019-01-07 00:45:00,0.28907199145442064
2019-01-07 00:48:00,0.3032050917325364
2019-01-07 00:51:00,0.24202651671333797
2019-01-07 00:54:00,0.2958930595136735
2019-01-07 00:57:00,0.3051514484978952
2019-01-07 01:00:00,0.3180482205436306
2019-01-07 01:03:00,0.3011894664184638
2019-01-07 01:06:00,0.3899533120174965
2019-01-07 01:09:00,0.2991295466885049
2019-01-07 01:12:00,0.28427664354671833
2019-01-07 01:15:00,0.41947869568616625
2019-01-07 01:18:00,0.31804273582548603
2019-01-07 01:21:00,0.3291731947570611
2019-01-07 01:24:00,0.3861195075242563
2019-01-07 01:27:00,0.35833082534463756
2019-01-07 01:30:00,0.33349989542597314
2019-01-07 01:33:00,0.33329951767262855
2019-01-07 01:36:00,0.24548742116087396
2019-01-07 01:39:00,0.28882260011300787
2019-01-07 01:42:00,0.17091848366322893
2019-01-07 01:45:00,0.24555551786369278
2019-01-07 01:48:00,0.21185626648906464
2019-01-07 01:51:00,0.25466411477867723
2019-01-07 01:54:00,0.24618565259282832
2019-01-07 01:57:00,0.27102831324282306
2019-01-07 02:00:00,0.36599839554281743
2019-01-07 02:03:00,0.27852915332590555
2019-01-07 02:06:00,0.19858546280647715
2019-01-07 02:09:00,0.22343381911838378
2019-01-07 02:12:00,0.13456344161227207
2019-01-07 02:15:00,0.2256565768026917
2019-01-07 02:18:00,0.2777029608430439
2019-01-07 02:21:00,0.29020663509919586
2019-01-07 02:24:00,0.20464163300908922
2019-01-07 02:27:00,0.2290539087647403
2019-01-07 02:30:00,0.26405756537246816
2019-01-07 02:33:00,0.295828472815856
2019-01-07 02:36:00,0.18619941431228426
2019-01-07 02:39:00,0.24782075876191811
2019-01-07 02:42:00,0.31519357870899967
2019-01-07 02:45:00,0.2021341418843008
2019-01-07 02:48:00,0.21424075080437888
2019-01-07 02:51:00,0.22428677458555057
2019-01-07 02:54:00,0.09197351697719114
2019-01-07 02:57:00,0.2329076234549916
2019-01-07 03:00:00,0.2537270626384611
2019-01-07 03:03:00,0.18403205171159698
2019-01-07 03:06:00,0.3067029593029247
2019-01-07 03:09:00,0.3310408161365217
2019-01-07 03:12:00,0.3353875008240834
2019-01-07 03:15:00,0.300173862717088
2019-01-07 03:18:00,0.30632949089607564
2019-01-07 03:21:00,0.3274413351233534
2019-01-07 03:24:00,0.26355392548418877
2019-01-07 03:27:00,0.26327238310199164
2019-01-07 03:30:00,0.22623914515179422
2019-01-07 03:33:00,0.2923898871445658
2019-01-07 03:36:00,0.3080850055310407
2019-01-07 03:39:00,0.14917434822825726
2019-01-07 03:42:00,0.2184726054125008
2019-01-07 03:45:00,0.2548100727317433
2019-01-07 03:48:00,0.32745294986426643
2019-01-07 03:51:00,0.24294946686620733
2019-01-07 03:54:00,0.3738674262336872
2019-01-07 03:57:00,0.23935029432573174
2019-01-07 04:00:00,0.2032739331286848
2019-01-07 04:03:00,0.17778115642937564
2019-01-07 04:06:00,0.2725284661166256
2019-01-07 04:09:00,0.2732236766977394
2019-01-07 04:12:00,0.2712657025623457
2019-01-07 04:15:00,0.22133085337935654
2019-01-07 04:18:00,0.18978707718218857
2019-01-07 04:21:00,0.3068913546914587
2019-01-07 04:24:00,0.24233748634776475
2019-01-07 04:27:00,0.19626998183173328
2019-01-07 04:30:00,0.18933183097175288
2019-01-07 04:33:00,0.23388003303989535
2019-01-07 04:36:00,0.18282853011999123
2019-01-07 04:39:00,0.31002756916768703
2019-01-07 04:42:00,0.19527085759466445
2019-01-07 04:45:00,0.23617652054076643
2019-01-07 04:48:00,0.2253726398819822
2019-01-07 04:51:00,0.29771072094911233
2019-01-07 04:54:00,0.24560192806495706
2019-01-07 04:57:00,0.3056121325770391
2019-01-07 05:00:00,0.2142983921755217
2019-01-07 05:03:00,0.32633457791843057
2019-01-07 05:06:00,0.19458835418328135
2019-01-07 05:09:00,0.29190221701014707
2019-01-07 05:12:00,0.16090636122879687
2019-01-07 05:15:00,0.2762037786238807
2019-01-07 05:18:00,0.24190526891339914
2019-01-07 05:21:00,0.2844313031974366
2019-01-07 05:24:00,0.2459844144926251
2019-01-07 05:27:00,0.34074032278056166
2019-01-07 05:30:00,0.3016202905745331
2019-01-07 05:33:00,0.29666020636909707
2019-01-07 05:36:00,0.3025448780459783
2019-01-07 05:39:00,0.27115503367843985
2019-01-07 05:42:00,0.3540475079943235
2019-01-07 05:45:00,0.32690452073296683
2019-01-07 05:48:00,0.29192215958272527
2019-01-07 05:51:00,0.37463086257281475
2019-01-07 05:54:00,0.26891969600063703
2019-01-07 05:57:00,0.22331936953128206
2019-01-07 06:00:00,0.3491864498033692
2019-01-07 06:03:00,0.2479331957651425
2019-01-07 06:06:00,0.3637541431648401
2019-01-07 06:09:00,0.241916594959946
2019-01-07 06:12:00,0.3048637170749089
2019-01-07 06:15:00,0.19646535066397064
2019-01-07 06:18:00,0.3269957553582685
2019-01-07 06:21:00,0.2820393412331441
2019-01-07 06:24:00,0.25555154567916816
2019-01-07 06:27:00,0.44688672260713247
2019-01-07 06:30:00,0.36052561516703463
2019-01-07 06:33:00,0.44080882089019724
2019-01-07 06:36:00,0.25355632355780244
2019-01-07 06:39:00,0.2926011667773878
2019-01-07 06:42:00,0.2537328805043444
2019-01-07 06:45:00,0.35491194841785045
2019-01-07 06:48:00,0.21952945958122427
2019-01-07 06:51:00,0.2889139039114639
2019-01-07 06:54:00,0.28593238192428316
2019-01-07 06:57:00,0.3284409846995118
2019-01-07 07:00:00,0.28275463034742643
2019-01-07 07:03:00,0.21213969854778725
2019-01-07 07:06:00,0.34940671395332856
2019-01-07 07:09:00,0.2443813885042232
2019-01-07 07:12:00,0.38344243636021247
2019-01-07 07:15:00,0.317909224596292
2019-01-07 07:18:00,0.34462349361683664
2019-01-07 07:21:00,0.2276010749835109
2019-01-07 07:24:00,0.23714697376090044
2019-01-07 07:27:00,0.16014282850949257
2019-01-07 07:30:00,0.18614314447927427
2019-01-07 07:33:00,0.29915671704804936
2019-01-07 07:36:00,0.3668809028315536
2019-01-07 07:39:00,0.3870506831751186
2019-01-07 07:42:00,0.3916096260969084
2019-01-07 07:45:00,0.40709343377915275
2019-01-07 07:48:00,0.30374372498789626
2019-01-07 07:51:00,0.24611578552412539
2019-01-07 07:54:00,0.23929035797726783
2019-01-07 07:57:00,0.22299900553178986
2019-01-07 08:00:00,0.25052887685995984
2019-01-07 08:03:00,0.17541817151709438
2019-01-07 08:06:00,0.2588910143987846
2019-01-07 08:09:00,0.25440161840629116
2019-01-07 08:12:00,0.26229811247526413
2019-01-07 08:15:00,0.23712031586188687
2019-01-07 08:18:00,0.2370238505820339
2019-01-07 08:21:00,0.14140473114724728
2019-01-07 08:24:00,0.22364208869993263
2019-01-07 08:27:00,0.1984812568729808
2019-01-07 08:30:00,0.2106368886838368
2019-01-07 08:33:00,0.19382527161172902
2019-01-07 08:36:00,0.18048562286367087
2019-01-07 08:39:00,0.31435348334190394
2019-01-07 08:42:00,0.20871381073749262
2019-01-07 08:45:00,0.30820048701122005
2019-01-07 08:48:00,0.26017533274227844
2019-01-07 08:51:00,0.23482442842748696
2019-01-07 08:54:00,0.2289800400152444
2019-01-07 08:57:00,0.23380892041234347
2019-01-07 09:00:00,0.23106296430751172
2019-01-07 09:03:00,0.2250953396722366
2019-01-07 09:06:00,0.26671515982809524
2019-01-07 09:09:00,0.22432204300901049
2019-01-07 09:12:00,0.15332170721256944
2019-01-07 09:15:00,0.22906772879554183
2019-01-07 09:18:00,0.12473680284148259
2019-01-07 09:21:00,0.12402663705830719
2019-01-07 09:24:00,0.13569136507771873
2019-01-07 09:27:00,0.14096034454638584
2019-01-07 09:30:00,0.14156922176175613
2019-01-07 09:33:00,0.14984741585737993
2019-01-07 09:36:00,0.14842844343780826
2019-01-07 09:39:00,0.08881720215646283
2019-01-07 09:42:00,0.06717108489334578
2019-01-07 09:45:00,0.10377748420870603
2019-01-07 09:48:00,0.04813304363528914
2019-01-07 09:51:00,0.06761450654374812
2019-01-07 09:54:00,0.11364348445516725
2019-01-07 09:57:00,0.1423923658759918
2019-01-07 10:00:00,0.059491519964808504
2019-01-07 10:03:00,0.10335183616001586
2019-01-07 10:06:00,0.14390705129716252
2019-01-07 10:09:00,0.14231409295626918
2019-01-07 10:12:00,-0.014527159725332695
2019-01-07 10:15:00,0.09516529052564238
2019-01-07 10:18:00,0.011200364436547261
2019-01-07 10:21:00,0.034911753238986876
2019-01-07 10:24:00,0.028316967486034628
2019-01-07 10:27:00,0.10635687544112216
2019-01-07 10:30:00,0.022979426879430775
2019-01-07 10:33:00,0.02248122680310871
2019-01-07 10:36:00,0.06297993110007383
2019-01-07 10:39:00,0.04578305685208761
2019-01-07 10:42:00,-0.014628667597719414
2019-01-07 10:45:00,-0.01374197510540398
2019-01-07 10:48:00,-0.09248450923428209
2019-01-07 10:51:00,-0.05976722106123589
2019-01-07 10:54:00,0.0013267987832250583
2019-01-07 10:57:00,-0.1853500313462746
2019-01-07 11:00:00,-0.0728111631742081
2019-01-07 11:03:00,-0.0679970701186221
2019-01-07 11:06:00,-0.0573943256724192
2019-01-07 11:09:00,-0.08464607957978387
2019-01-07 11:12:00,-0.053873257383372675
2019-01-07 11:15:00,-0.03442548059177852
2019-01-07 11:18:00,0.028146422331076337
2019-01-07 11:21:00,-0.09114668978912732
2019-01-07 11:24:00,-0.11581873434363388
2019-01-07 11:27:00,-0.11619693730403924
2019-01-07 11:30:00,-0.07119976470966094
2019-01-07 11:33:00,-0.16067162323912498
2019-01-07 11:36:00,-0.05694291016271791
2019-01-07 11:39:00,-0.11355201117731895
2019-01-07 11:42:00,-0.05709356253765918
2019-01-07 11:45:00,-0.09478273143076876
2019-01-07 11:48:00,-0.11630341331027694
2019-01-07 11:51:00,-0.18456562730449377
2019-01-07 11:54:00,-0.18921104274193112
2019-01-07 11:57:00,-0.12356432997393085
2019-01-07 12:00:00,-0.16089149855207552
2019-01-07 12:03:00,-0.17935925803192276
2019-01-07 12:06:00,-0.12582507812987842
2019-01-07 12:09:00,-0.1900645262012972
2019-01-07 12:12:00,-0.22951547236601755
2019-01-07 12:15:00,-0.3527736567428974
2019-01-07 12:18:00,-0.14686913257258993
2019-01-07 12:21:00,-0.20851493517858444
2019-01-07 12:24:00,-0.22618175502520899
2019-01-07 12:27:00,-0.2231325968806459
2019-01-07 12:30:00,-0.3071124061278283
2019-01-07 12:33:00,-0.198113942598809
2019-01-07 12:36:00,-0.25736594047691597
2019-01-07 12:39:00,-0.35749208976989166
2019-01-07 12:42:00,-0.3000328134120309
2019-01-07 12:45:00,-0.354341979620699
2019-01-07 12:48:00,-0.2373692413358981
2019-01-07 12:51:00,-0.19075908869700697
2019-01-07 12:54:00,-0.26543673749335994
2019-01-07 12:57:00,-0.2969518809085798
2019-01-07 13:00:00,-0.28745998479536183
2019-01-07 13:03:00,-0.3256205705654338
2019-01-07 13:06:00,-0.24726819267112887
2019-01-07 13:09:00,-0.18257352908574376
2019-01-07 13:12:00,-0.24155923582918604
2019-01-07 13:15:00,-0.126551570285244
2019-01-07 13:18:00,-0.11978770175784348
2019-01-07 13:21:00,-0.06827206302438071
2019-01-07 13:24:00,-0.10950016536418161
2019-01-07 13:27:00,-0.2454674635744709
2019-01-07 13:30:00,-0.18825382496908105
2019-01-07 13:33:00,-0.14005679416737848
2019-01-07 13:36:00,-0.2439683557285548
2019-01-07 13:39:00,-0.26254672258687606
2019-01-07 13:42:00,-0.3081530772931842
2019-01-07 13:45:00,-0.3259342735266273
2019-01-07 13:48:00,-0.3357908936764602
2019-01-07 13:51:00,-0.23374285688828422
2019-01-07 13:54:00,-0.46480884939120415
2019-01-07 13:57:00,-0.31560711308009104
2019-01-07 14:00:00,-0.3013915252367383
2019-01-07 14:03:00,-0.26675899938157954
2019-01-07 14:06:00,-0.2766674751121059
2019-01-07 14:09:00,-0.36591893878994597
2019-01-07 14:12:00,-0.2276055214958319
2019-01-07 14:15:00,-0.17008504185741913
2019-01-07 14:18:00,-0.15113487362089018
2019-01-07 14:21:00,-0.14861501024915924
2019-01-07 14:24:00,-0.2493314020540538
2019-01-07 14:27:00,-0.12704225733801877
2019-01-07 14:30:00,-0.2503474204713143
2019-01-07 14:33:00,-0.2006936517047393
2019-01-07 14:36:00,-0.05383705546461215
2019-01-07 14:39:00,0.0861100789427951
2019-01-07 14:42:00,0.2925627620384148
2019-01-07 14:45:00,0.40047478409343285
2019-01-07 14:48:00,0.32356948677863784
2019-01-07 14:51:00,0.32165371362003725
2019-01-07 14:54:00,0.12586436241468846
2019-01-07 14:57:00,0.19204087977186646
2019-01-07 15:00:00,0.11568730606825284
2019-01-07 15:03:00,-0.07380899287966258
2019-01-07 15:06:00,-0.009417099548954866
2019-01-07 15:09:00,0.14385203137885583
2019-01-07 15:12:00,0.30061288114382023
2019-01-07 15:15:00,0.18788722255015955
2019-01-07 15:18:00,0.24065281765962254
2019-01-07 15:21:00,0.3563386775954882
2019-01-07 15:24:00,0.3510126963246307
2019-01-07 15:27:00,0.3095812964076572
2019-01-07 15:30:00,0.2857663458520392
2019-01-07 15:33:00,0.30306385025846794
2019-01-07 15:36:00,0.20578491742480765
2019-01-07 15:39:00,0.21806738983781315
2019-01-07 15:42:00,0.13648969817336365
2019-01-07 15:45:00,0.17360873997290582
2019-01-07 15:48:00,0.11750296313391573
2019-01-07 15:51:00,0.11673436396233683
2019-01-07 15:54:00,0.18865974850086786
2019-01-07 15:57:00,0.12499427683604836
2019-01-07 16:00:00,0.1749349110834828
2019-01-07 16:03:00,0.1836972962042296
2019-01-07 16:06:00,0.08013807107801085
2019-01-07 16:09:00,0.14237617707988193
2019-01-07 16:12:00,0.14054087300479523
2019-01-07 16:15:00,0.03769931008554295
2019-01-07 16:18:00,0.05085015904359125
2019-01-07 16:21:00,0.07338397143570319
2019-01-07 16:24:00,0.05834923114917956
2019-01-07 16:27:00,0.0772879104039248
2019-01-07 16:30:00,0.06680942212256014
2019-01-07 16:33:00,0.09992384036632984
2019-01-07 16:36:00,-0.03284460963999436
2019-01-07 16:39:00,-0.0161032587493537
2019-01-07 16:42:00,0.039114267051274965
2019-01-07 16:45:00,-0.08402817032737175
2019-01-07 16:48:00,-0.0900982932761849
2019-01-07 16:51:00,-0.0422264028123891
2019-01-07 16:54:00,-0.062022370826298356
2019-01-07 16:57:00,-0.019888264231383346
2019-01-07 17:00:00,-0.029290577601045698
2019-01-07 17:03:00,-0.03282424491169422
2019-01-07 17:06:00,0.07597765014560309
2019-01-07 17:09:00,-0.10417202839187212
2019-01-07 17:12:00,-0.09127716226146276
2019-01-07 17:15:00,0.02780400144331452
2019-01-07 17:18:00,0.0017984602152409934
2019-01-07 17:21:00,0.046259348427383884
2019-01-07 17:24:00,0.05494326176449249
2019-01-07 17:27:00,-0.022005759143269188
2019-01-07 17:30:00,-0.061124752384102976
2019-01-07 17:33:00,-0.013032297976053542
2019-01-07 17:36:00,0.02799646188555016
2019-01-07 17:39:00,0.025594882009272624
2019-01-07 17:42:00,-0.003429688060634817
2019-01-07 17:45:00,-0.03586824289396873
2019-01-07 17:48:00,-0.03300717511552875
2019-01-07 17:51:00,-0.17933497866152948
2019-01-07 17:54:00,-0.04264772694483554
2019-01-07 17:57:00,-0.05776582661866314
2019-01-07 18:00:00,-0.02009683167852927
2019-01-07 18:03:00,0.047433843450448876
2019-01-07 18:06:00,0.09126570358500885
2019-01-07 18:09:00,-0.045222332968705814
2019-01-07 18:12:00,0.0007495937609292014
2019-01-07 18:15:00,-0.02531242086297425
2019-01-07 18:18:00,0.13979882206092498
2019-01-07 18:21:00,0.07349387115698391
2019-01-07 18:24:00,0.10290788056857991
2019-01-07 18:27:00,0.03458912152825633
2019-01-07 18:30:00,-0.06149138662948417
2019-01-07 18:33:00,0.032585805338158025
2019-01-07 18:36:00,-0.005560380180270386
2019-01-07 18:39:00,-0.043285761373567766
2019-01-07 18:42:00,-0.05041005019023714
2019-01-07 18:45:00,-0.07781588809967843
2019-01-07 18:48:00,-0.10592923289772216
2019-01-07 18:51:00,-0.03318319763843647
2019-01-07 18:54:00,
2019-01-07 18:57:00,
2019-01-07 19:00:00,
2019-01-07 19:03:00,0.07396165042359826
2019-01-07 19:06:00,-0.09964068023629125
2019-01-07 19:09:00,-0.0640636644117194
2019-01-07 19:12:00,0.05557966855081986
2019-01-07 19:15:00,-0.010925418076226379
2019-01-07 19:18:00,0.02610331512880748
2019-01-07 19:21:00,-0.09874646832935241
2019-01-07 19:24:00,-0.0371340081066478
2019-01-07 19:27:00,0.01950634114859895
2019-01-07 19:30:00,-0.032007308395179734
2019-01-07 19:33:00,0.002144238501273321
2019-01-07 19:36:00,0.03653288783351627
2019-01-07 19:39:00,0.046364908023576845
2019-01-07 19:42:00,0.10204818677931371
2019-01-07 19:45:00,0.119753438630255
2019-01-07 19:48:00,0.021600318115702066
2019-01-07 19:51:00,0.08057471729688359
2019-01-07 19:54:00,-0.010519799377846084
2019-01-07 19:57:00,0.07018129518337446
2019-01-07 20:00:00,0.06527548965704
2019-01-07 20:03:00,0.03997108813013028
2019-01-07 20:06:00,0.05903151112931937
2019-01-07 20:09:00,0.018780264314329997
2019-01-07 20:12:00,0.13039999195063956
2019-01-07 20:15:00,0.07976561226314516
2019-01-07 20:18:00,0.05811268131202496
2019-01-07 20:21:00,0.08336759016236783
2019-01-07 20:24:00,0.12417448823600807
2019-01-07 20:27:00,0.01631286795242204
2019-01-07 20:30:00,0.07383188830192466
2019-01-07 20:33:00,0.055447711941553735
2019-01-07 20:36:00,0.11848037415620638
2019-01-07 20:39:00,-0.049675802582441975
2019-01-07 20:42:00,0.12259671199853983
2019-01-07 20:45:00,0.08689303106086754
2019-01-07 20:48:00,0.09255239819253802
2019-01-07 20:51:00,0.1279919419071689
2019-01-07 20:54:00,0.026506103776910095
2019-01-07 20:57:00,0.05163446142006478
2019-01-07 21:00:00,0.14020944126309587
2019-01-07 21:03:00,0.11507982346842027
2019-01-07 21:06:00,0.11602407631346523
2019-01-07 21:09:00,0.1070426167203209
2019-01-07 21:12:00,0.057568745895821394
2019-01-07 21:15:00,0.19183829115729623
2019-01-07 21:18:00,0.020243197741592667
2019-01-07 21:21:00,0.17308287779979992
2019-01-07 21:24:00,0.18256219819699027
2019-01-07 21:27:00,0.17552301970124518
2019-01-07 21:30:00,0.1982316495964369
2019-01-07 21:33:00,0.12653273721832647
2019-01-07 21:36:00,0.20940037563383385
2019-01-07 21:39:00,0.12594635640783736
2019-01-07 21:42:00,0.10759552927203231
2019-01-07 21:45:00,0.1703745449161147
2019-01-07 21:48:00,0.15232173194510779
2019-01-07 21:51:00,0.15282726192788232
2019-01-07 21:54:00,0.2181648292690852
2019-01-07 21:57:00,0.20758911069646047
2019-01-07 22:00:00,0.3284861529147065
2019-01-07 22:03:00,0.3325929297175776
2019-01-07 22:06:00,0.2756692062226307
2019-01-07 22:09:00,0.2848070726588503
2019-01-07 22:12:00,0.23358463773587346
2019-01-07 22:15:00,0.2735184244851325
2019-01-07 22:18:00,0.2511328447225196
2019-01-07 22:21:00,0.18362893024442428
2019-01-07 22:24:00,0.2969894809451148
2019-01-07 22:27:00,0.20930823944837584
2019-01-07 22:30:00,0.2243857606560482
2019-01-07 22:33:00,0.31672833274825507
2019-01-07 22:36:00,0.3111648588202911
2019-01-07 22:39:00,0.2305636660289565
2019-01-07 22:42:00,0.2500923170241549
2019-01-07 22:45:00,0.2526613807694389
2019-01-07 22:48:00,0.2909838404921743
2019-01-07 22:51:00,0.28491297217186684
2019-01-07 22:54:00,0.29515848788940957
2019-01-07 22:57:00,0.4184407342308418
2019-01-07 23:00:00,0.428796029523312
2019-01-07 23:03:00,0.343629160666012
2019-01-07 23:06:00,0.3339924753606738
2019-01-07 23:09:00,0.35716400873434395
2019-01-07 23:12:00,0.2704375469536444
2019-01-07 23:15:00,0.3809299478550656
2019-01-07 23:18:00,0.269373867344882
2019-01-07 23:21:00,0.2631833072119889
2019-01-07 23:24:00,0.32054118258020026
2019-01-07 23:27:00,0.22709526235297517
2019-01-07 23:30:00,0.27046967332069016
2019-01-07 23:33:00,0.3774526069602189
2019-01-07 23:36:00,0.2771414975508151
2019-01-07 23:39:00,0.35768304959844954
2019-01-07 23:42:00,0.2780773044964917
2019-01-07 23:45:00,0.2502659885055891
2019-01-07 23:48:00,0.31758323628469043
2019-01-07 23:51:00,0.382761436969588
2019-01-07 23:54:00,0.25209912582374727
2019-01-07 23:57:00,0.25199824992120057
2019-01-08 00:00:00,0.27525237045199447
2019-01-08 00:03:00,0.18728090255513052
2019-01-08 00:06:00,0.22354462040925682
2019-01-08 00:09:00,0.26403615675457104
2019-01-08 00:12:00,0.24297247697893454
2019-01-08 00:15:00,0.28622507524477214
2019-01-08 00:18:00,0.27359189301336073
2019-01-08 00:21:00,0.2671711603601352
2019-01-08 00:24:00,0.20637966917774975
2019-01-08 00:27:00,0.24755276434899542
2019-01-08 00:30:00,0.2303097344880598
2019-01-08 00:33:00,0.23893279004488477
2019-01-08 00:36:00,0.29667065793239544
2019-01-08 00:39:00,0.26080090657501387
2019-01-08 00:42:00,0.286494209610737
2019-01-08 00:45:00,0.22202795488851734
2019-01-08 00:48:00,0.34195825987723083
2019-01-08 00:51:00,0.24898818244332688
2019-01-08 00:54:00,0.2881804395714198
2019-01-08 00:57:00,0.2290360758382235
2019-01-08 01:00:00,0.26196632217056504
2019-01-08 01:03:00,0.15762801394561166
2019-01-08 01:06:00,0.20640327992538232
2019-01-08 01:09:00,0.22679377250881316
2019-01-08 01:12:00,0.2159130803242988
2019-01-08 01:15:00,0.2889043839071519
2019-01-08 01:18:00,0.2366402202685549
2019-01-08 01:21:00,0.33812367791324505
2019-01-08 01:24:00,0.38712876940792285
2019-01-08 01:27:00,0.37703594487970804
2019-01-08 01:30:00,0.39178444128424417
2019-01-08 01:33:00,0.25701360242180726
2019-01-08 01:36:00,0.3119531368921571
2019-01-08 01:39:00,0.38980429193082955
2019-01-08 01:42:00,0.39033931182524384
2019-01-08 01:45:00,0.3751065323117473
2019-01-08 01:48:00,0.3543303728185947
2019-01-08 01:51:00,0.3951355944224133
2019-01-08 01:54:00,0.33049021986659
2019-01-08 01:57:00,0.34067396697315644
2019-01-08 02:00:00,0.27059812642937686
2019-01-08 02:03:00,0.36690401512822746
2019-01-08 02:06:00,0.3422938683362986
2019-01-08 02:09:00,0.3471428683305362
2019-01-08 02:12:00,0.24450063385165777
2019-01-08 02:15:00,0.36653371473983043
2019-01-08 02:18:00,0.3392822529049795
2019-01-08 02:21:00,0.4145956175738661
2019-01-08 02:24:00,0.3046704703151022
2019-01-08 02:27:00,0.40696182005996206
2019-01-08 02:30:00,0.37587977293355834
2019-01-08 02:33:00,0.3225940180936391
2019-01-08 02:36:00,0.38970612305661234
2019-01-08 02:39:00,0.36147807208078575
2019-01-08 02:42:00,0.3468459049222474
2019-01-08 02:45:00,0.32834763512119025
2019-01-08 02:48:00,0.2904677208151156
2019-01-08 02:51:00,0.3190075012216198
2019-01-08 02:54:00,0.27102155593996713
2019-01-08 02:57:00,0.3127510944072469
2019-01-08 03:00:00,0.27644323267463733
2019-01-08 03:03:00,0.2044130941567346
2019-01-08 03:06:00,0.21565999477780906
2019-01-08 03:09:00,0.3395347279790144
2019-01-08 03:12:00,0.32637931577426116
2019-01-08 03:15:00,0.24857206538388255
2019-01-08 03:18:00,0.22976728661558354
2019-01-08 03:21:00,0.28971144738426347
2019-01-08 03:24:00,0.2553646631570814
2019-01-08 03:27:00,0.3192328814904499
2019-01-08 03:30:00,0.2775568932343049
2019-01-08 03:33:00,0.2852206652047471
2019-01-08 03:36:00,0.2950851212365251
2019-01-08 03:39:00,0.2774223356227594
2019-01-08 03:42:00,0.22044259203011052
2019-01-08 03:45:00,0.22571729517324002
2019-01-08 03:48:00,0.23409972012319713
2019-01-08 03:51:00,0.3463122260354794
2019-01-08 03:54:00,0.16281776870403064
2019-01-08 03:57:00,0.30876350442611056
2019-01-08 04:00:00,0.289440429323065
2019-01-08 04:03:00,0.29170479474095146
2019-01-08 04:06:00,0.2917067178979664
2019-01-08 04:09:00,0.35571977082207695
2019-01-08 04:12:00,0.3501206716383649
2019-01-08 04:15:00,0.3860486952636961
2019-01-08 04:18:00,0.3515896791823252
2019-01-08 04:21:00,0.2996090845757067
2019-01-08 04:24:00,0.2966971418688331
2019-01-08 04:27:00,0.3752603195577535
2019-01-08 04:30:00,0.3842082005901375
2019-01-08 04:33:00,0.38212382496072905
2019-01-08 04:36:00,0.3843486617035978
2019-01-08 04:39:00,0.3588312453100002
2019-01-08 04:42:00,0.3160709662681711
2019-01-08 04:45:00,0.418592208147345
2019-01-08 04:48:00,0.3531703096335832
2019-01-08 04:51:00,0.3311432347816776
2019-01-08 04:54:00,0.34148153571493367
2019-01-08 04:57:00,0.4668698493715624
2019-01-08 05:00:00,0.4017608266753996
2019-01-08 05:03:00,0.41242679849040087
2019-01-08 05:06:00,0.3025674624083763
2019-01-08 05:09:00,0.4092144199589143
2019-01-08 05:12:00,0.49431719379651895
2019-01-08 05:15:00,0.3705438570914339
2019-01-08 05:18:00,0.48315159090520865
2019-01-08 05:21:00,0.39605717660407436
2019-01-08 05:24:00,0.318376416397939
2019-01-08 05:27:00,0.431673793825496
2019-01-08 05:30:00,0.47728390389318065
2019-01-08 05:33:00,0.3642090880093747
2019-01-08 05:36:00,0.4427685480195578
2019-01-08 05:39:00,0.4592168924559701
2019-01-08 05:42:00,0.363542443625704
2019-01-08 05:45:00,0.32992654521007125
2019-01-08 05:48:00,0.5010079492562909
2019-01-08 05:51:00,0.38086632667597087
2019-01-08 05:54:00,0.3643992294511804
2019-01-08 05:57:00,0.4084588911835567
2019-01-08 06:00:00,0.43757814382883
2019-01-08 06:03:00,0.4711078214208442
2019-01-08 06:06:00,0.33126984294091244
2019-01-08 06:09:00,0.42559997426752716
2019-01-08 06:12:00,0.37288956670533935
2019-01-08 06:15:00,0.3917613148184387
2019-01-08 06:18:00,0.3538872483674709
2019-01-08 06:21:00,0.47261938261584646
2019-01-08 06:24:00,0.4401875043686232
2019-01-08 06:27:00,0.38397219073533506
2019-01-08 06:30:00,0.4342606974136629
2019-01-08 06:33:00,0.41447917981412274
2019-01-08 06:36:00,0.42785139909642567
2019-01-08 06:39:00,0.376276446539066
2019-01-08 06:42:00,0.3733005738695283
2019-01-08 06:45:00,0.4546292461522512
2019-01-08 06:48:00,0.4419715178837009
2019-01-08 06:51:00,0.36097047022519746
2019-01-08 06:54:00,0.2814532540155028
2019-01-08 06:57:00,0.40300280198846394
2019-01-08 07:00:00,0.39757027316846916
2019-01-08 07:03:00,0.38742085398558856
2019-01-08 07:06:00,0.3775530710062185
2019-01-08 07:09:00,0.3611500940878045
2019-01-08 07:12:00,0.4568794710633597
2019-01-08 07:15:00,0.41469674408529045
2019-01-08 07:18:00,0.38394521269361803
2019-01-08 07:21:00,0.3472832090798761
2019-01-08 07:24:00,0.5205320976351118
2019-01-08 07:27:00,0.4386526785255569
2019-01-08 07:30:00,0.3556479027166688
2019-01-08 07:33:00,0.3390123609373177
2019-01-08 07:36:00,0.33830856311823254
2019-01-08 07:39:00,0.38811711058809806
2019-01-08 07:42:00,0.38686959798621956
2019-01-08 07:45:00,0.46232484357039993
2019-01-08 07:48:00,0.4568241994072082
2019-01-08 07:51:00,0.41458941859076504
2019-01-08 07:54:00,0.3866599191251794
2019-01-08 07:57:00,0.3828685337105071
2019-01-08 08:00:00,0.4375116750862844
2019-01-08 08:03:00,0.43942840109968984
2019-01-08 08:06:00,0.4107749799151179
2019-01-08 08:09:00,0.36981337173619977
2019-01-08 08:12:00,0.3297086161667835
2019-01-08 08:15:00,0.38215756521663025
2019-01-08 08:18:00,0.31681957608134326
2019-01-08 08:21:00,0.36475069340048094
2019-01-08 08:24:00,0.31247401281257225
2019-01-08 08:27:00,0.2653383148631292
2019-01-08 08:30:00,0.37690569446652944
2019-01-08 08:33:00,0.26839651467724934
2019-01-08 08:36:00,0.23590486483396944
2019-01-08 08:39:00,0.28995275139664045
2019-01-08 08:42:00,0.20917896664946056
2019-01-08 08:45:00,0.23291062058763146
2019-01-08 08:48:00,0.19768257489164398
2019-01-08 08:51:00,0.2300236207360058
2019-01-08 08:54:00,0.14712905318026515
2019-01-08 08:57:00,0.12449440602063078
2019-01-08 09:00:00,0.1488655066768274
2019-01-08 09:03:00,0.21111239568182327
2019-01-08 09:06:00,0.10431119770879604
2019-01-08 09:09:00,0.12553574018198788
2019-01-08 09:12:00,0.11186829294308609
2019-01-08 09:15:00,0.1311664038339586
2019-01-08 09:18:00,0.17415032023285448
2019-01-08 09:21:00,0.2913062911863449
2019-01-08 09:24:00,0.09763540442179419
2019-01-08 09:27:00,0.10571759867258379
2019-01-08 09:30:00,0.10772319290225596
2019-01-08 09:33:00,0.10524719453223952
2019-01-08 09:36:00,0.2014157255474629
2019-01-08 09:39:00,0.1901322192787802
2019-01-08 09:42:00,0.03398775749769811
2019-01-08 09:45:00,0.06348843003405591
2019-01-08 09:48:00,0.06376589688818513
2019-01-08 09:51:00,0.0944930998693394
2019-01-08 09:54:00,0.03530047799864633
2019-01-08 09:57:00,0.03361301161538677
2019-01-08 10:00:00,0.10644833953801935
2019-01-08 10:03:00,0.002249005088174272
2019-01-08 10:06:00,0.019122763052791925
2019-01-08 10:09:00,0.031918580159015164
2019-01-08 10:12:00,-0.0228141121350518
2019-01-08 10:15:00,0.03433753519067295
2019-01-08 10:18:00,-0.0433681133052346
2019-01-08 10:21:00,-0.04707448087276589
2019-01-08 10:24:00,-0.045649017302423545
2019-01-08 10:27:00,-0.09901824605026377
2019-01-08 10:30:00,-0.13743206767969696
2019-01-08 10:33:00,-0.017312022769772284
2019-01-08 10:36:00,-0.07106767278821735
2019-01-08 10:39:00,0.04626147978029849
2019-01-08 10:42:00,-0.034457295877189154
2019-01-08 10:45:00,-0.16899984957717606
2019-01-08 10:48:00,-0.2235549525787519
2019-01-08 10:51:00,-0.1081709967913298
2019-01-08 10:54:00,-0.16991563450443437
2019-01-08 10:57:00,-0.1414133246045708
2019-01-08 11:00:00,-0.17530143436010803
2019-01-08 11:03:00,-0.1449587205895
2019-01-08 11:06:00,-0.1672554044471326
2019-01-08 11:09:00,-0.25489984949859945
2019-01-08 11:12:00,-0.13489130295164387
2019-01-08 11:15:00,-0.23371539546462827
2019-01-08 11:18:00,-0.18490128899679803
2019-01-08 11:21:00,-0.19330544522694026
2019-01-08 11:24:00,-0.21576232773219317
2019-01-08 11:27:00,-0.16658506651691596
2019-01-08 11:30:00,-0.286252628153818
2019-01-08 11:33:00,-0.3093841955375183
2019-01-08 11:36:00,-0.2756973737507451
2019-01-08 11:39:00,-0.23566785314386607
2019-01-08 11:42:00,-0.1810904901171284
2019-01-08 11:45:00,-0.31892456009751413
2019-01-08 11:48:00,-0.17506478289845973
2019-01-08 11:51:00,-0.32872741918328074
2019-01-08 11:54:00,-0.29996949820923646
2019-01-08 11:57:00,-0.2695408742867471
2019-01-08 12:00:00,-0.18847722045910587
2019-01-08 12:03:00,-0.30160019296369
2019-01-08 12:06:00,-0.27888365465139486
2019-01-08 12:09:00,-0.27226986975136924
2019-01-08 12:12:00,-0.3810993687363293
2019-01-08 12:15:00,-0.3613401411247992
2019-01-08 12:18:00,-0.3763660369023114
2019-01-08 12:21:00,-0.36948716925854797
2019-01-08 12:24:00,-0.37988184866355823
2019-01-08 12:27:00,-0.34968463319864895
2019-01-08 12:30:00,-0.19630800585036923
2019-01-08 12:33:00,-0.25775941527336954
2019-01-08 12:36:00,-0.2908172749204141
2019-01-08 12:39:00,-0.3625821903232236
2019-01-08 12:42:00,-0.3309881403762347
2019-01-08 12:45:00,-0.39610997930378744
2019-01-08 12:48:00,-0.48367605759312937
2019-01-08 12:51:00,-0.3529278725235372
2019-01-08 12:54:00,-0.3831156097621147
2019-01-08 12:57:00,-0.44811384851925595
2019-01-08 13:00:00,-0.37986890187681865
2019-01-08 13:03:00,-0.393396771168284
2019-01-08 13:06:00,-0.3743858945289844
2019-01-08 13:09:00,-0.39568229826244306
2019-01-08 13:12:00,-0.34538810193231484
2019-01-08 13:15:00,-0.5501812027611663
2019-01-08 13:18:00,-0.45794182074848777
2019-01-08 13:21:00,-0.5088851446583362
2019-01-08 13:24:00,-0.3917933151879538
2019-01-08 13:27:00,-0.4107709741699068
2019-01-08 13:30:00,-0.4391012678955235
2019-01-08 13:33:00,-0.5277831202915308
2019-01-08 13:36:00,-0.4250449476305107
2019-01-08 13:39:00,-0.4056178991256729
2019-01-08 13:42:00,-0.48685278245852714
2019-01-08 13:45:00,-0.44428780326671813
2019-01-08 13:48:00,-0.5250289629788085
2019-01-08 13:51:00,-0.40616599697870015
2019-01-08 13:54:00,-0.43934071861804114
2019-01-08 13:57:00,-0.3614835385601509
2019-01-08 14:00:00,-0.3524831342206767
2019-01-08 14:03:00,-0.28545287186722135
2019-01-08 14:06:00,-0.36241842966927607
2019-01-08 14:09:00,-0.3704894111990029
2019-01-08 14:12:00,-0.21510710013308199
2019-01-08 14:15:00,-0.10118996156313642
2019-01-08 14:18:00,-0.10423911249824869
2019-01-08 14:21:00,0.021682867245203852
2019-01-08 14:24:00,-0.12817033528119737
2019-01-08 14:27:00,0.056155994733217085
2019-01-08 14:30:00,-0.026093771768728402
2019-01-08 14:33:00,-0.1049300616212463
2019-01-08 14:36:00,-0.040061396412681916
2019-01-08 14:39:00,0.002683010344014747
2019-01-08 14:42:00,0.11452989650325662
2019-01-08 14:45:00,0.027687503890547305
2019-01-08 14:48:00,-0.018656862992088463
2019-01-08 14:51:00,0.06679643919272849
2019-01-08 14:54:00,0.0767114997361773
2019-01-08 14:57:00,0.07261456242213171
2019-01-08 15:00:00,0.03912973566917799
2019-01-08 15:03:00,0.0571331138700657
2019-01-08 15:06:00,0.15709919614289447
2019-01-08 15:09:00,0.25171739244899527
2019-01-08 15:12:00,0.2987608973460283
2019-01-08 15:15:00,0.3043301631000759
2019-01-08 15:18:00,0.45463114806568683
2019-01-08 15:21:00,0.37215845706265327
2019-01-08 15:24:00,0.3611549404946004
2019-01-08 15:27:00,0.3474582853214656
2019-01-08 15:30:00,0.33669568640397074
2019-01-08 15:33:00,0.3323500921187019
2019-01-08 15:36:00,0.34318594777397493
2019-01-08 15:39:00,0.19997336525403853
2019-01-08 15:42:00,0.2233174265792286
2019-01-08 15:45:00,0.110513891236792
2019-01-08 15:48:00,0.05766511538945451
2019-01-08 15:51:00,0.15486017954708586
2019-01-08 15:54:00,-0.008338739346811508
2019-01-08 15:57:00,-0.16621608649990094
2019-01-08 16:00:00,0.022432884312650003
2019-01-08 16:03:00,0.044110705153968865
2019-01-08 16:06:00,0.034311628665477656
2019-01-08 16:09:00,0.022378460006279965
2019-01-08 16:12:00,0.08673903413091466
2019-01-08 16:15:00,0.07050704015932752
2019-01-08 16:18:00,0.0346096799775637
2019-01-08 16:21:00,0.10192022742091922
2019-01-08 16:24:00,0.1179447027035394
2019-01-08 16:27:00,0.04277727564351608
2019-01-08 16:30:00,0.09489508739790153
2019-01-08 16:33:00,0.17894541715793366
2019-01-08 16:36:00,0.23844208359093955
2019-01-08 16:39:00,0.11443066651384015
2019-01-08 16:42:00,0.19780207778359227
2019-01-08 16:45:00,0.04100628791525196
2019-01-08 16:48:00,0.10865460546244776
2019-01-08 16:51:00,-0.048892510288851554
2019-01-08 16:54:00,-0.100675595444784
2019-01-08 16:57:00,-0.016486046552699918
2019-01-08 17:00:00,0.1216644352386993
2019-01-08 17:03:00,0.033399597624622857
2019-01-08 17:06:00,0.10273842669181477
2019-01-08 17:09:00,0.12540522752993866
2019-01-08 17:12:00,0.08163415878391334
2019-01-08 17:15:00,0.15785211959973822
2019-01-08 17:18:00,0.014462098263095413
2019-01-08 17:21:00,0.14919179139349126
2019-01-08 17:24:00,0.060279527260320265
2019-01-08 17:27:00,-0.012667043453973292
2019-01-08 17:30:00,0.0858856706472011
2019-01-08 17:33:00,0.044626768621583324
2019-01-08 17:36:00,0.15457531352245724
2019-01-08 17:39:00,0.08766965142598337
2019-01-08 17:42:00,0.2733703014452544
2019-01-08 17:45:00,0.26259195176800176
2019-01-08 17:48:00,0.2514055177738328
2019-01-08 17:51:00,0.20281899454744234
2019-01-08 17:54:00,0.3029876535968583
2019-01-08 17:57:00,0.4197235576286289
2019-01-08 18:00:00,0.5348878911593147
2019-01-08 18:03:00,0.5403133604527284
2019-01-08 18:06:00,0.5670269843269011
2019-01-08 18:09:00,0.5831855272894586
2019-01-08 18:12:00,0.5926691974564164
2019-01-08 18:15:00,0.6819618272274965
2019-01-08 18:18:00,0.7172174478745319
2019-01-08 18:21:00,0.5818397441545358
2019-01-08 18:24:00,0.47960337133787334
2019-01-08 18:27:00,0.48725920502147346
2019-01-08 18:30:00,0.3778839447498967
2019-01-08 18:33:00,0.3052574456361299
2019-01-08 18:36:00,0.27630127333378596
2019-01-08 18:39:00,0.2863729367641099
2019-01-08 18:42:00,0.2503754282953423
2019-01-08 18:45:00,0.17424313786335688
2019-01-08 18:48:00,0.258263544043416
2019-01-08 18:51:00,0.30233147627211565
2019-01-08 18:54:00,
2019-01-08 18:57:00,
2019-01-08 19:00:00,
2019-01-08 19:03:00,0.31230106053669715
2019-01-08 19:06:00,0.18430110855467774
2019-01-08 19:09:00,0.35846941181870307
2019-01-08 19:12:00,0.29559080168110086
2019-01-08 19:15:00,0.2796269520518422
2019-01-08 19:18:00,0.25078905338284585
2019-01-08 19:21:00,0.2128833447740135
2019-01-08 19:24:00,0.15831184045214286
2019-01-08 19:27:00,0.19743860088135534
2019-01-08 19:30:00,0.17689924096748655
2019-01-08 19:33:00,0.24001502110974116
2019-01-08 19:36:00,0.13281912068208612
2019-01-08 19:39:00,0.20809046634872175
2019-01-08 19:42:00,0.2313428360918124
2019-01-08 19:45:00,0.1920967415437076
2019-01-08 19:48:00,0.32222714535367913
2019-01-08 19:51:00,0.13065007266880002
2019-01-08 19:54:00,0.2121236059111311
2019-01-08 19:57:00,0.5524478729087718
2019-01-08 20:00:00,0.734315198725767
2019-01-08 20:03:00,0.6533751604167719
2019-01-08 20:06:00,0.6190149182066875
2019-01-08 20:09:00,0.5827088034509984
2019-01-08 20:12:00,0.5641223582187536
2019-01-08 20:15:00,0.48692205419695256
2019-01-08 20:18:00,0.3707954123837567
2019-01-08 20:21:00,0.36568109638460555
2019-01-08 20:24:00,0.3823961094020092
2019-01-08 20:27:00,0.2895736984929158
2019-01-08 20:30:00,0.4100433024311201
2019-01-08 20:33:00,0.5121447877141918
2019-01-08 20:36:00,0.7448232636917282
2019-01-08 20:39:00,0.7507036149048645
2019-01-08 20:42:00,0.619761982665068
2019-01-08 20:45:00,0.5823818516025199
2019-01-08 20:48:00,0.6910030654133266
2019-01-08 20:51:00,0.7108296921769011
2019-01-08 20:54:00,0.5890849377495329
2019-01-08 20:57:00,0.5294478100815354
2019-01-08 21:00:00,0.4772776037551125
2019-01-08 21:03:00,0.4676623527784045
2019-01-08 21:06:00,0.5309681100312105
2019-01-08 21:09:00,0.6022717277773495
2019-01-08 21:12:00,0.7043441125667869
2019-01-08 21:15:00,0.7236766456284727
2019-01-08 21:18:00,0.7028442676370332
2019-01-08 21:21:00,0.7357897368851241
2019-01-08 21:24:00,0.6269729475055215
2019-01-08 21:27:00,0.6166372590254241
2019-01-08 21:30:00,0.6060299631492398
2019-01-08 21:33:00,0.5980880733741287
2019-01-08 21:36:00,0.6733442122753104
2019-01-08 21:39:00,0.5125622832068188
2019-01-08 21:42:00,0.5411709563136355
2019-01-08 21:45:00,0.43871404671386927
2019-01-08 21:48:00,0.40347450338418867
2019-01-08 21:51:00,0.39111688132067
2019-01-08 21:54:00,0.34703132412943205
2019-01-08 21:57:00,0.29121594650496263
2019-01-08 22:00:00,0.25133012265320076
2019-01-08 22:03:00,0.23039740548648524
2019-01-08 22:06:00,0.21115942017047473
2019-01-08 22:09:00,0.2787265552889835
2019-01-08 22:12:00,0.2713204956675668
2019-01-08 22:15:00,0.22032126192436863
2019-01-08 22:18:00,0.2265774459577301
2019-01-08 22:21:00,0.23907314948024805
2019-01-08 22:24:00,0.34393661010807364
2019-01-08 22:27:00,0.3398342845715092
2019-01-08 22:30:00,0.4123817856628875
2019-01-08 22:33:00,0.40683069171768693
2019-01-08 22:36:00,0.3236583778632962
2019-01-08 22:39:00,0.3821773934913608
2019-01-08 22:42:00,0.3986188513320599
2019-01-08 22:45:00,0.4654393139172157
2019-01-08 22:48:00,0.36620518913275646
2019-01-08 22:51:00,0.44649031322671817
2019-01-08 22:54:00,0.5049233931081858
2019-01-08 22:57:00,0.41245304165499874
2019-01-08 23:00:00,0.40197069485054726
2019-01-08 23:03:00,0.34571733444045094
2019-01-08 23:06:00,0.41457719494343337
2019-01-08 23:09:00,0.41454914755001937
2019-01-08 23:12:00,0.4857294159947969
2019-01-08 23:15:00,0.4867296806200443
2019-01-08 23:18:00,0.48613659858642677
2019-01-08 23:21:00,0.548771851239394
2019-01-08 23:24:00,0.5540935485529985
2019-01-08 23:27:00,0.49926291983035753
2019-01-08 23:30:00,0.6294413752938226
2019-01-08 23:33:00,0.49713390003586255
2019-01-08 23:36:00,0.4800471183527293
2019-01-08 23:39:00,0.5014599512058453
2019-01-08 23:42:00,0.5337274078771657
2019-01-08 23:45:00,0.6116843533427527
2019-01-08 23:48:00,0.6139193489046875
2019-01-08 23:51:00,0.6352994330503066
2019-01-08 23:54:00,0.6114316036093896
2019-01-08 23:57:00,0.4981492253741635
2019-01-09 00:00:00,0.6046050749121719
2019-01-09 00:03:00,0.5716268546048582
2019-01-09 00:06:00,0.5841208493831687
2019-01-09 00:09:00,0.4825758264357205
2019-01-09 00:12:00,0.49897244305719823
2019-01-09 00:15:00,0.5224430401009954
2019-01-09 00:18:00,0.5590659502832409
2019-01-09 00:21:00,0.5718833615880499
2019-01-09 00:24:00,0.5841427827843972
2019-01-09 00:27:00,0.681259081559233
2019-01-09 00:30:00,0.6862514002328339
2019-01-09 00:33:00,0.7089873036105132
2019-01-09 00:36:00,0.7182137041489796
2019-01-09 00:39:00,0.8243418260324233
2019-01-09 00:42:00,0.6348332881063357
2019-01-09 00:45:00,0.5383923170527964
2019-01-09 00:48:00,0.5793053788427187
2019-01-09 00:51:00,0.5054521588590433
2019-01-09 00:54:00,0.5782910255237539
2019-01-09 00:57:00,0.500132821753823
2019-01-09 01:00:00,0.46241020379295605
2019-01-09 01:03:00,0.5532671725563887
2019-01-09 01:06:00,0.41457213608219945
2019-01-09 01:09:00,0.5972901049283905
2019-01-09 01:12:00,0.5118153322417243
2019-01-09 01:15:00,0.49711043284543166
2019-01-09 01:18:00,0.4089208914488154
2019-01-09 01:21:00,0.40169910400140907
2019-01-09 01:24:00,0.4966066932726676
2019-01-09 01:27:00,0.45288307734301725
2019-01-09 01:30:00,0.5285788950428696
2019-01-09 01:33:00,0.44024269310028785
2019-01-09 01:36:00,0.45983999095085437
2019-01-09 01:39:00,0.4736562907936559
2019-01-09 01:42:00,0.4186615941275136
2019-01-09 01:45:00,0.44793209120769006
2019-01-09 01:48:00,0.5429750590507751
2019-01-09 01:51:00,0.5416219639558904
2019-01-09 01:54:00,0.5247017961464735
2019-01-09 01:57:00,0.44559069827244
2019-01-09 02:00:00,0.4373191001267287
2019-01-09 02:03:00,0.4377782425484611
2019-01-09 02:06:00,0.46317606733697403
2019-01-09 02:09:00,0.44605441690401904
2019-01-09 02:12:00,0.34785670630651566
2019-01-09 02:15:00,0.4136602123952571
2019-01-09 02:18:00,0.4588569509282934
2019-01-09 02:21:00,0.35953308416088703
2019-01-09 02:24:00,0.4118147283638791
2019-01-09 02:27:00,0.45763720910701977
2019-01-09 02:30:00,0.5056174410279937
2019-01-09 02:33:00,0.5361865519240041
2019-01-09 02:36:00,0.5979489366579287
2019-01-09 02:39:00,0.49664170553211306
2019-01-09 02:42:00,0.5182078854008978
2019-01-09 02:45:00,0.4782198010375396
2019-01-09 02:48:00,0.41495272949430273
2019-01-09 02:51:00,0.466042650243196
2019-01-09 02:54:00,0.47023337247151176
2019-01-09 02:57:00,0.4316475578701784
2019-01-09 03:00:00,0.44027181180121033
2019-01-09 03:03:00,0.4241364642573444
2019-01-09 03:06:00,0.3587454088095683
2019-01-09 03:09:00,0.41631717998438944
2019-01-09 03:12:00,0.4529193229324733
2019-01-09 03:15:00,0.3473814580739827
2019-01-09 03:18:00,0.39944081586594393
2019-01-09 03:21:00,0.379026449418177
2019-01-09 03:24:00,0.47294552198189876
2019-01-09 03:27:00,0.43617860103802286
2019-01-09 03:30:00,0.38012056214552103
2019-01-09 03:33:00,0.4995612097455364
2019-01-09 03:36:00,0.41930590660194866
2019-01-09 03:39:00,0.40797836896825856
2019-01-09 03:42:00,0.4110343266770542
2019-01-09 03:45:00,0.445146148022161
2019-01-09 03:48:00,0.4299852107897095
2019-01-09 03:51:00,0.4559759204998386
2019-01-09 03:54:00,0.5166399549544849
2019-01-09 03:57:00,0.49207408109919015
2019-01-09 04:00:00,0.5927831026270383
2019-01-09 04:03:00,0.584946154271222
2019-01-09 04:06:00,0.5133222769326267
2019-01-09 04:09:00,0.48655397420782265
2019-01-09 04:12:00,0.5548675014287596
2019-01-09 04:15:00,0.462336211694776
2019-01-09 04:18:00,0.5624318240578532
2019-01-09 04:21:00,0.5834794050880987
2019-01-09 04:24:00,0.5591056731918229
2019-01-09 04:27:00,0.5443297992239309
2019-01-09 04:30:00,0.5529128183649163
2019-01-09 04:33:00,0.5931930951339268
2019-01-09 04:36:00,0.5088257353364725
2019-01-09 04:39:00,0.5848380755202811
2019-01-09 04:42:00,0.5492701113072371
2019-01-09 04:45:00,0.5673902771752637
2019-01-09 04:48:00,0.581927420406771
2019-01-09 04:51:00,0.5652005585822621
2019-01-09 04:54:00,0.6626092754117394
2019-01-09 04:57:00,0.5536789645197473
2019-01-09 05:00:00,0.5405782946756403
2019-01-09 05:03:00,0.6477148702298905
2019-01-09 05:06:00,0.5573930106198759
2019-01-09 05:09:00,0.5651742743445993
2019-01-09 05:12:00,0.47194855729173923
2019-01-09 05:15:00,0.52239372283276
2019-01-09 05:18:00,0.5173792527851901
2019-01-09 05:21:00,0.5221138206798628
2019-01-09 05:24:00,0.5535398214356064
2019-01-09 05:27:00,0.5340433781984188
2019-01-09 05:30:00,0.593132540883289
2019-01-09 05:33:00,0.5474540040216311
2019-01-09 05:36:00,0.620058557103107
2019-01-09 05:39:00,0.479864254754375
2019-01-09 05:42:00,0.4864834847001589
2019-01-09 05:45:00,0.5075684250418249
2019-01-09 05:48:00,0.5961787869287036
2019-01-09 05:51:00,0.5874179207116867
2019-01-09 05:54:00,0.6106206232071827
2019-01-09 05:57:00,0.6557521535109458
2019-01-09 06:00:00,0.6082741818938189
2019-01-09 06:03:00,0.6625071546475851
2019-01-09 06:06:00,0.5529421375418337
2019-01-09 06:09:00,0.5265382624035624
2019-01-09 06:12:00,0.5394456014099092
2019-01-09 06:15:00,0.5103297429701001
2019-01-09 06:18:00,0.5841931800846396
2019-01-09 06:21:00,0.4573193964549205
2019-01-09 06:24:00,0.5377375659589916
2019-01-09 06:27:00,0.583580359973837
2019-01-09 06:30:00,0.6166843640604043
2019-01-09 06:33:00,0.5306337517435509
2019-01-09 06:36:00,0.5652850715306954
2019-01-09 06:39:00,0.588866344528526
2019-01-09 06:42:00,0.5093079744650595
2019-01-09 06:45:00,0.6113906444229542
2019-01-09 06:48:00,0.48468594631367523
2019-01-09 06:51:00,0.5768121160386954
2019-01-09 06:54:00,0.6304897189954772
2019-01-09 06:57:00,0.5374453786326399
2019-01-09 07:00:00,0.5796053732876771
2019-01-09 07:03:00,0.5743545987834295
2019-01-09 07:06:00,0.5034848143357067
2019-01-09 07:09:00,0.6404301757694384
2019-01-09 07:12:00,0.6222644538635791
2019-01-09 07:15:00,0.5699334952475965
2019-01-09 07:18:00,0.6448036832938442
2019-01-09 07:21:00,0.5115518095416292
2019-01-09 07:24:00,0.6373600243455826
2019-01-09 07:27:00,0.5522366015059674
2019-01-09 07:30:00,0.5347871573190446
2019-01-09 07:33:00,0.46512268084234165
2019-01-09 07:36:00,0.4616278520624064
2019-01-09 07:39:00,0.512297399605302
2019-01-09 07:42:00,0.5008087511005215
2019-01-09 07:45:00,0.3727734444861994
2019-01-09 07:48:00,0.4669996704694199
2019-01-09 07:51:00,0.4507327259251497
2019-01-09 07:54:00,0.5248915278910431
2019-01-09 07:57:00,0.4796883114750017
2019-01-09 08:00:00,0.444460519286622
2019-01-09 08:03:00,0.4550152039881823
2019-01-09 08:06:00,0.4016472333419756
2019-01-09 08:09:00,0.38805962940483596
2019-01-09 08:12:00,0.41888304594806414
2019-01-09 08:15:00,0.37006931306933666
2019-01-09 08:18:00,0.3670347034940278
2019-01-09 08:21:00,0.4559151955772336
2019-01-09 08:24:00,0.4648185067273971
2019-01-09 08:27:00,0.3933811489157506
2019-01-09 08:30:00,0.32428068224874096
2019-01-09 08:33:00,0.4131274757085066
2019-01-09 08:36:00,0.4037436513509647
2019-01-09 08:39:00,0.34317607916568704
2019-01-09 08:42:00,0.29696643166812464
2019-01-09 08:45:00,0.3894673415293255
2019-01-09 08:48:00,0.3249663523652657
2019-01-09 08:51:00,0.24025688593849281
2019-01-09 08:54:00,0.3711819955019564
2019-01-09 08:57:00,0.30094627284717035
2019-01-09 09:00:00,0.34071007220211413
2019-01-09 09:03:00,0.29838957298665036
2019-01-09 09:06:00,0.38306312981796964
2019-01-09 09:09:00,0.4475389404981911
2019-01-09 09:12:00,0.33608821166865255
2019-01-09 09:15:00,0.36148467780850524
2019-01-09 09:18:00,0.3112820894735364
2019-01-09 09:21:00,0.3315362945497782
2019-01-09 09:24:00,0.3663397586467454
2019-01-09 09:27:00,0.3729263577963593
2019-01-09 09:30:00,0.28753330026745516
2019-01-09 09:33:00,0.2359470874004046
2019-01-09 09:36:00,0.3455578538501527
2019-01-09 09:39:00,0.2667296116317175
2019-01-09 09:42:00,0.3017500063011198
2019-01-09 09:45:00,0.28627690072198675
2019-01-09 09:48:00,0.20869883865827887
2019-01-09 09:51:00,0.07710901052661256
2019-01-09 09:54:00,0.2845460808044322
2019-01-09 09:57:00,0.2236085669685508
2019-01-09 10:00:00,0.27445354942005906
2019-01-09 10:03:00,0.2840534459954256
2019-01-09 10:06:00,0.2564887527847759
2019-01-09 10:09:00,0.28547521286191113
2019-01-09 10:12:00,0.23829686904934988
2019-01-09 10:15:00,0.17459622848025447
2019-01-09 10:18:00,0.1307985206622675
2019-01-09 10:21:00,0.26595606749265244
2019-01-09 10:24:00,0.10320717371428145
2019-01-09 10:27:00,0.12708666045051586
2019-01-09 10:30:00,0.03598353309803315
2019-01-09 10:33:00,0.21639291697965746
2019-01-09 10:36:00,0.1438367061914505
2019-01-09 10:39:00,0.13974976105419046
2019-01-09 10:42:00,-0.02078596466685667
2019-01-09 10:45:00,0.10458014726162901
2019-01-09 10:48:00,0.05327370785016683
2019-01-09 10:51:00,0.2254811261528289
2019-01-09 10:54:00,0.1463129509160126
2019-01-09 10:57:00,0.107313060851709
2019-01-09 11:00:00,0.05803889392439032
2019-01-09 11:03:00,0.0050986827902193
2019-01-09 11:06:00,0.11780161214636564
2019-01-09 11:09:00,0.12937305128969
2019-01-09 11:12:00,0.011699843989106284
2019-01-09 11:15:00,0.02573908583320872
2019-01-09 11:18:00,0.06511769154661806
2019-01-09 11:21:00,0.009810106406121122
2019-01-09 11:24:00,0.0246612640697208
2019-01-09 11:27:00,0.04670321896747964
2019-01-09 11:30:00,0.1618416379253631
2019-01-09 11:33:00,0.04093228450335573
2019-01-09 11:36:00,0.1359000864934501
2019-01-09 11:39:00,0.07009628128821532
2019-01-09 11:42:00,-0.01328576420155514
2019-01-09 11:45:00,0.05194154882622115
2019-01-09 11:48:00,-0.023737187130734583
2019-01-09 11:51:00,0.15187912849654595
2019-01-09 11:54:00,-0.026799696029627285
2019-01-09 11:57:00,-0.0016702542228586026
2019-01-09 12:00:00,-0.048067604826542265
2019-01-09 12:03:00,0.05439244042901237
2019-01-09 12:06:00,-0.006593789170551645
2019-01-09 12:09:00,-0.0491853945488856
2019-01-09 12:12:00,-0.054754520768597104
2019-01-09 12:15:00,0.019779775475853967
2019-01-09 12:18:00,0.03748737856204798
2019-01-09 12:21:00,-0.0812787323400812
2019-01-09 12:24:00,-0.0008489290597140098
2019-01-09 12:27:00,0.009647080543572883
2019-01-09 12:30:00,-0.030508083151062237
2019-01-09 12:33:00,-0.1589277786497405
2019-01-09 12:36:00,-0.04346141580413132
2019-01-09 12:39:00,-0.10604933774868641
2019-01-09 12:42:00,-0.13612946704211026
2019-01-09 12:45:00,-0.1664856415986833
2019-01-09 12:48:00,-0.16149975583692822
2019-01-09 12:51:00,-0.03599942945686507
2019-01-09 12:54:00,-0.07651808075758026
2019-01-09 12:57:00,-0.10124125725644717
2019-01-09 13:00:00,-0.05339760189235676
2019-01-09 13:03:00,-0.12793794784948886
2019-01-09 13:06:00,-0.11492420052741181
2019-01-09 13:09:00,-0.08805124152911503
2019-01-09 13:12:00,-0.08851028160228225
2019-01-09 13:15:00,-0.010093331915868475
2019-01-09 13:18:00,-0.03903026642774421
2019-01-09 13:21:00,-0.07323924991663944
2019-01-09 13:24:00,-0.08494260881684568
2019-01-09 13:27:00,-0.0819862717982005
2019-01-09 13:30:00,-0.07434675328534013
2019-01-09 13:33:00,-0.1561082580111588
2019-01-09 13:36:00,-0.1205484919121318
2019-01-09 13:39:00,-0.15677578701166794
2019-01-09 13:42:00,-0.1607881142090264
2019-01-09 13:45:00,-0.16428386684356155
2019-01-09 13:48:00,-0.043465258360470216
2019-01-09 13:51:00,-0.22098959000072682
2019-01-09 13:54:00,-0.22743841379320884
2019-01-09 13:57:00,-0.21211137596554863
2019-01-09 14:00:00,-0.2325123093505681
2019-01-09 14:03:00,-0.17062733644689843
2019-01-09 14:06:00,-0.2135764703419909
2019-01-09 14:09:00,-0.279513642960751
2019-01-09 14:12:00,-0.16022802148086157
2019-01-09 14:15:00,-0.13736575796366424
2019-01-09 14:18:00,-0.2523233271664935
2019-01-09 14:21:00,-0.17660037514332316
2019-01-09 14:24:00,-0.18569429444386287
2019-01-09 14:27:00,-0.24191882061796832
2019-01-09 14:30:00,-0.24438540279390963
2019-01-09 14:33:00,-0.23392160624206326
2019-01-09 14:36:00,-0.1534438936365632
2019-01-09 14:39:00,-0.14108332190113515
2019-01-09 14:42:00,-0.25718879828616537
2019-01-09 14:45:00,-0.24292050612655203
2019-01-09 14:48:00,-0.15292091643243566
2019-01-09 14:51:00,-0.08790066865225299
2019-01-09 14:54:00,0.09100471977939151
2019-01-09 14:57:00,0.15380587332504092
2019-01-09 15:00:00,0.24552670594965775
2019-01-09 15:03:00,0.2071188974603615
2019-01-09 15:06:00,0.08467546092589373
2019-01-09 15:09:00,0.10345470625190956
2019-01-09 15:12:00,-0.11989968810780738
2019-01-09 15:15:00,-0.05124942745243288
2019-01-09 15:18:00,-0.03630161446267266
2019-01-09 15:21:00,-0.06453395543672968
2019-01-09 15:24:00,0.0056234450637475675
2019-01-09 15:27:00,0.11442205232305014
2019-01-09 15:30:00,0.2693137582797931
2019-01-09 15:33:00,0.18130579242074418
2019-01-09 15:36:00,0.14729691250465748
2019-01-09 15:39:00,0.13270428479694374
2019-01-09 15:42:00,0.05070704034136497
2019-01-09 15:45:00,0.1483089086354994
2019-01-09 15:48:00,-0.05442248390266968
2019-01-09 15:51:00,0.12260263832592955
2019-01-09 15:54:00,0.0685441416024446
2019-01-09 15:57:00,0.10864548769166049
2019-01-09 16:00:00,0.05400834632149554
2019-01-09 16:03:00,0.0183126263590907
2019-01-09 16:06:00,0.03891209538238627
2019-01-09 16:09:00,0.06647059339104544
2019-01-09 16:12:00,0.14348303068874202
2019-01-09 16:15:00,0.18300842343148815
2019-01-09 16:18:00,0.19382971764173362
2019-01-09 16:21:00,0.1574714953325156
2019-01-09 16:24:00,0.22733287596548735
2019-01-09 16:27:00,0.2076893353477658
2019-01-09 16:30:00,0.09075094664302696
2019-01-09 16:33:00,0.16751037967293314
2019-01-09 16:36:00,0.12984023384206012
2019-01-09 16:39:00,0.0429918740774724
2019-01-09 16:42:00,0.05116319416310944
2019-01-09 16:45:00,0.17857803156249474
2019-01-09 16:48:00,0.18632956723979532
2019-01-09 16:51:00,0.3199351124568466
2019-01-09 16:54:00,0.23197019616924308
2019-01-09 16:57:00,0.05538267408576303
2019-01-09 17:00:00,0.05025096702064502
2019-01-09 17:03:00,0.11455875108424607
2019-01-09 17:06:00,0.21965156793817187
2019-01-09 17:09:00,0.3359392753725956
2019-01-09 17:12:00,0.4414814757676595
2019-01-09 17:15:00,0.6358082727683154
2019-01-09 17:18:00,0.5704796652276514
2019-01-09 17:21:00,0.5736301499673004
2019-01-09 17:24:00,0.5564368904731509
2019-01-09 17:27:00,0.4015095624663445
2019-01-09 17:30:00,0.4402130220946674
2019-01-09 17:33:00,0.4906003330102635
2019-01-09 17:36:00,0.5503896253332528
2019-01-09 17:39:00,0.332562740473179
2019-01-09 17:42:00,0.3838492121733452
2019-01-09 17:45:00,0.41398985084396145
2019-01-09 17:48:00,0.3568447149140752
2019-01-09 17:51:00,0.4285192445148027
2019-01-09 17:54:00,0.4427872306636118
2019-01-09 17:57:00,0.34421246383260495
2019-01-09 18:00:00,0.3188466021573504
2019-01-09 18:03:00,0.2006110849648053
2019-01-09 18:06:00,0.24865123021555746
2019-01-09 18:09:00,0.20063297075307673
2019-01-09 18:12:00,0.20216309673645583
2019-01-09 18:15:00,0.12052374124311882
2019-01-09 18:18:00,0.2089845639367809
2019-01-09 18:21:00,0.18910214158222516
2019-01-09 18:24:00,0.26705175125994174
2019-01-09 18:27:00,0.27007520538967356
2019-01-09 18:30:00,0.1604735886871822
2019-01-09 18:33:00,0.23800696500410368
2019-01-09 18:36:00,0.24000327359067342
2019-01-09 18:39:00,0.23436471999707464
2019-01-09 18:42:00,0.27107030205564797
2019-01-09 18:45:00,0.21549560022879177
2019-01-09 18:48:00,0.28294739684184833
2019-01-09 18:51:00,0.15221294851585299
2019-01-09 18:54:00,0.13928810245386103
2019-01-09 18:57:00,
2019-01-09 19:00:00,
2019-01-09 19:03:00,0.12241151154012186
2019-01-09 19:06:00,0.15024464396958592
2019-01-09 19:09:00,0.07284117900792353
2019-01-09 19:12:00,0.11842942009218405
2019-01-09 19:15:00,0.17018657696286255
2019-01-09 19:18:00,0.16735775777993922
2019-01-09 19:21:00,0.22301700363124155
2019-01-09 19:24:00,0.18525257251963012
2019-01-09 19:27:00,0.18660528875068394
2019-01-09 19:30:00,0.22050477305765526
2019-01-09 19:33:00,0.2683484665256515
2019-01-09 19:36:00,0.19083467222202444
2019-01-09 19:39:00,0.16866284280752097
2019-01-09 19:42:00,0.1106595731095581
2019-01-09 19:45:00,0.19293649853466377
2019-01-09 19:48:00,0.2116380815972434
2019-01-09 19:51:00,0.2654750166382769
2019-01-09 19:54:00,0.26734527151143084
2019-01-09 19:57:00,0.238986917080922
2019-01-09 20:00:00,0.3054948166015379
2019-01-09 20:03:00,0.24582858105878813
2019-01-09 20:06:00,0.20030658972797255
2019-01-09 20:09:00,0.2745003166753577
2019-01-09 20:12:00,0.24148595624706104
2019-01-09 20:15:00,0.2039970196548211
2019-01-09 20:18:00,0.19521168902178943
2019-01-09 20:21:00,0.1355439839684891
2019-01-09 20:24:00,0.13867460758609695
2019-01-09 20:27:00,0.12362051982631783
2019-01-09 20:30:00,0.2367901276865041
2019-01-09 20:33:00,0.1930389871853322
2019-01-09 20:36:00,0.20399932546359878
2019-01-09 20:39:00,0.3404060987854223
2019-01-09 20:42:00,0.23061379065148913
2019-01-09 20:45:00,0.2356866390698542
2019-01-09 20:48:00,0.30135655773938197
2019-01-09 20:51:00,0.2615612962625846
2019-01-09 20:54:00,0.30444134971281755
2019-01-09 20:57:00,0.18633634702763402
2019-01-09 21:00:00,0.20441028671973527
2019-01-09 21:03:00,0.2891039694249571
2019-01-09 21:06:00,0.21138917781775035
2019-01-09 21:09:00,0.3166906574978725
2019-01-09 21:12:00,0.321794937630159
2019-01-09 21:15:00,0.26424315779070184
2019-01-09 21:18:00,0.19739988382343654
2019-01-09 21:21:00,0.28766870561457836
2019-01-09 21:24:00,0.30365745515945264
2019-01-09 21:27:00,0.34118795606150343
2019-01-09 21:30:00,0.2606738224404239
2019-01-09 21:33:00,0.3550333065844029
2019-01-09 21:36:00,0.39922675989589607
2019-01-09 21:39:00,0.3689948157837648
2019-01-09 21:42:00,0.5501294425318974
2019-01-09 21:45:00,0.5659671016773586
2019-01-09 21:48:00,0.5892254101701155
2019-01-09 21:51:00,0.7406043029488387
2019-01-09 21:54:00,0.7366652558389433
2019-01-09 21:57:00,0.7341096857442153
2019-01-09 22:00:00,0.7246252256518346
2019-01-09 22:03:00,0.6694846724023478
2019-01-09 22:06:00,0.740920455047501
2019-01-09 22:09:00,0.8452918086014165
2019-01-09 22:12:00,0.8374383206947869
2019-01-09 22:15:00,0.8842319727239669
2019-01-09 22:18:00,0.6871341270648941
2019-01-09 22:21:00,0.6925075415257425
2019-01-09 22:24:00,0.560787911617183
2019-01-09 22:27:00,0.6445454616560369
2019-01-09 22:30:00,0.7098878904836283
2019-01-09 22:33:00,0.5999344183005064
2019-01-09 22:36:00,0.49542407603013316
2019-01-09 22:39:00,0.5459199185472698
2019-01-09 22:42:00,0.4405776417530092
2019-01-09 22:45:00,0.5598034756284278
2019-01-09 22:48:00,0.5335838739034102
2019-01-09 22:51:00,0.646787762103429
2019-01-09 22:54:00,0.6528985044950559
2019-01-09 22:57:00,0.7680928355856622
2019-01-09 23:00:00,0.850417199752485
2019-01-09 23:03:00,0.874260250219038
2019-01-09 23:06:00,0.8096705496600407
2019-01-09 23:09:00,0.739599314905206
2019-01-09 23:12:00,0.7684842879023108
2019-01-09 23:15:00,0.6681050775368362
2019-01-09 23:18:00,0.6477829382523055
2019-01-09 23:21:00,0.599267564735726
2019-01-09 23:24:00,0.67196689490072
2019-01-09 23:27:00,0.7315448580319526
2019-01-09 23:30:00,0.6966430879238601
2019-01-09 23:33:00,0.704094488373812
2019-01-09 23:36:00,0.7587767819019859
2019-01-09 23:39:00,0.6941309170500745
2019-01-09 23:42:00,0.5834787195428248
2019-01-09 23:45:00,0.5573042330241833
2019-01-09 23:48:00,0.526498591562472
2019-01-09 23:51:00,0.49933636162080575
2019-01-09 23:54:00,0.4004135190825764
2019-01-09 23:57:00,0.40536110926825586
2019-01-10 00:00:00,0.43049497899767175
2019-01-10 00:03:00,0.6178173626690295
2019-01-10 00:06:00,0.6723975664963859
2019-01-10 00:09:00,0.46340780881990895
2019-01-10 00:12:00,0.3663870498519941
2019-01-10 00:15:00,0.39946733080125796
2019-01-10 00:18:00,0.3014136256480242
2019-01-10 00:21:00,0.34062110070425433
2019-01-10 00:24:00,0.3507565603404146
2019-01-10 00:27:00,0.33043874911021476
2019-01-10 00:30:00,0.36331133687184547
2019-01-10 00:33:00,0.34612578383814707
2019-01-10 00:36:00,0.4548523485975693
2019-01-10 00:39:00,0.48810040043139225
2019-01-10 00:42:00,0.5440285505469546
2019-01-10 00:45:00,0.651571086101228
2019-01-10 00:48:00,0.7604529733795289
2019-01-10 00:51:00,0.6352856031782608
2019-01-10 00:54:00,0.4919822649583807
2019-01-10 00:57:00,0.4306151124947064
2019-01-10 01:00:00,0.5461539981504302
2019-01-10 01:03:00,0.4500676021710319
2019-01-10 01:06:00,0.46772085628339255
2019-01-10 01:09:00,0.4497484020037632
2019-01-10 01:12:00,0.4665820906803333
2019-01-10 01:15:00,0.4623264531540485
2019-01-10 01:18:00,0.4808889564440051
2019-01-10 01:21:00,0.4146628478823686
2019-01-10 01:24:00,0.47428740917138157
2019-01-10 01:27:00,0.4908586873754075
2019-01-10 01:30:00,0.3670601218459524
2019-01-10 01:33:00,0.4497503399720131
2019-01-10 01:36:00,0.3900241608329793
2019-01-10 01:39:00,0.43439550243982694
2019-01-10 01:42:00,0.5149921842902359
2019-01-10 01:45:00,0.4825965822686271
2019-01-10 01:48:00,0.4811572857872761
2019-01-10 01:51:00,0.4310936621530459
2019-01-10 01:54:00,0.5271677168744873
2019-01-10 01:57:00,0.46073945654904946
2019-01-10 02:00:00,0.5867364709282015
2019-01-10 02:03:00,0.5218785442707485
2019-01-10 02:06:00,0.5241574083324849
2019-01-10 02:09:00,0.5626171294956066
2019-01-10 02:12:00,0.4999136725698463
2019-01-10 02:15:00,0.5557004075508303
2019-01-10 02:18:00,0.5381510486653838
2019-01-10 02:21:00,0.49037309699122034
2019-01-10 02:24:00,0.5352437758929227
2019-01-10 02:27:00,0.5269777863762215
2019-01-10 02:30:00,0.5443059436679505
2019-01-10 02:33:00,0.6294089154656035
2019-01-10 02:36:00,0.5688378979398294
2019-01-10 02:39:00,0.5382141514459704
2019-01-10 02:42:00,0.5746286995361061
2019-01-10 02:45:00,0.4671313567613993
2019-01-10 02:48:00,0.49656618516041817
2019-01-10 02:51:00,0.43372812607503874
2019-01-10 02:54:00,0.4554690857699484
2019-01-10 02:57:00,0.4278229190767888
2019-01-10 03:00:00,0.5362948078524141
2019-01-10 03:03:00,0.52480092866125
2019-01-10 03:06:00,0.5578284239987852
2019-01-10 03:09:00,0.5740869468441474
2019-01-10 03:12:00,0.6148868325005878
2019-01-10 03:15:00,0.5509254013853706
2019-01-10 03:18:00,0.591087529980939
2019-01-10 03:21:00,0.5353620385325826
2019-01-10 03:24:00,0.5941513622452703
2019-01-10 03:27:00,0.4209752275857568
2019-01-10 03:30:00,0.4794331634725495
2019-01-10 03:33:00,0.43040619919077017
2019-01-10 03:36:00,0.4210942230334922
2019-01-10 03:39:00,0.4477295996724706
2019-01-10 03:42:00,0.43706314179542005
2019-01-10 03:45:00,0.46278238684021744
2019-01-10 03:48:00,0.3317441162013779
2019-01-10 03:51:00,0.35000581047637525
2019-01-10 03:54:00,0.42694702511010973
2019-01-10 03:57:00,0.4166020762964422
2019-01-10 04:00:00,0.42720759386196505
2019-01-10 04:03:00,0.5241554820543683
2019-01-10 04:06:00,0.4195168679063954
2019-01-10 04:09:00,0.5219145783216845
2019-01-10 04:12:00,0.3865647570295323
2019-01-10 04:15:00,0.4383054545592131
2019-01-10 04:18:00,0.40049111904215806
2019-01-10 04:21:00,0.36624083743805613
2019-01-10 04:24:00,0.421491675439313
2019-01-10 04:27:00,0.3533924841012208
2019-01-10 04:30:00,0.44514953585041894
2019-01-10 04:33:00,0.39461393015739077
2019-01-10 04:36:00,0.4487770523870154
2019-01-10 04:39:00,0.3503682328075115
2019-01-10 04:42:00,0.34452126423946083
2019-01-10 04:45:00,0.4153287101869978
2019-01-10 04:48:00,0.37038464783529434
2019-01-10 04:51:00,0.4212515566963475
2019-01-10 04:54:00,0.5029943717629521
2019-01-10 04:57:00,0.4880538085491821
2019-01-10 05:00:00,0.4265640719555108
2019-01-10 05:03:00,0.4503380960924801
2019-01-10 05:06:00,0.3728562769595669
2019-01-10 05:09:00,0.45034728302903204
2019-01-10 05:12:00,0.35496686544553313
2019-01-10 05:15:00,0.4305633204992887
2019-01-10 05:18:00,0.42425556872228753
2019-01-10 05:21:00,0.4437187475233486
2019-01-10 05:24:00,0.41380024449881603
2019-01-10 05:27:00,0.3624653914926057
2019-01-10 05:30:00,0.41188274730598096
2019-01-10 05:33:00,0.325130576645563
2019-01-10 05:36:00,0.4204637682556154
2019-01-10 05:39:00,0.48355832382560493
2019-01-10 05:42:00,0.40818788833337294
2019-01-10 05:45:00,0.5112830857921153
2019-01-10 05:48:00,0.408948606116212
2019-01-10 05:51:00,0.4672955621707615
2019-01-10 05:54:00,0.3829076107033984
2019-01-10 05:57:00,0.4668647851919445
2019-01-10 06:00:00,0.4513411260026601
2019-01-10 06:03:00,0.4697413493663021
2019-01-10 06:06:00,0.470149877713709
2019-01-10 06:09:00,0.41496578475448587
2019-01-10 06:12:00,0.4395810587954543
2019-01-10 06:15:00,0.40636189414669843
2019-01-10 06:18:00,0.3896154417194566
2019-01-10 06:21:00,0.4370452972835892
2019-01-10 06:24:00,0.44703777309609904
2019-01-10 06:27:00,0.4062483009772109
2019-01-10 06:30:00,0.2982564194394399
2019-01-10 06:33:00,0.335222124124698
2019-01-10 06:36:00,0.33944958244018153
2019-01-10 06:39:00,0.3513110734863858
2019-01-10 06:42:00,0.446121878466613
2019-01-10 06:45:00,0.381925254270584
2019-01-10 06:48:00,0.3967236809948531
2019-01-10 06:51:00,0.38800335194406443
2019-01-10 06:54:00,0.4105374905544181
2019-01-10 06:57:00,0.35815160022951886
2019-01-10 07:00:00,0.36005395360598413
2019-01-10 07:03:00,0.31070694675196364
2019-01-10 07:06:00,0.3954112942798247
2019-01-10 07:09:00,0.3587529012119717
2019-01-10 07:12:00,0.3320189322261058
2019-01-10 07:15:00,0.38085343858790566
2019-01-10 07:18:00,0.2955007582973508
2019-01-10 07:21:00,0.3288971448047846
2019-01-10 07:24:00,0.3815314750125367
2019-01-10 07:27:00,0.3775327203534289
2019-01-10 07:30:00,0.3209787174728831
2019-01-10 07:33:00,0.37068154758100036
2019-01-10 07:36:00,0.4563329143230135
2019-01-10 07:39:00,0.38996899825389164
2019-01-10 07:42:00,0.296137425628217
2019-01-10 07:45:00,0.33807585075828683
2019-01-10 07:48:00,0.44193679057798363
2019-01-10 07:51:00,0.37081047287949787
2019-01-10 07:54:00,0.3383190508070584
2019-01-10 07:57:00,0.40323618630043256
2019-01-10 08:00:00,0.3597380972303199
2019-01-10 08:03:00,0.4695588845356724
2019-01-10 08:06:00,0.3288438715180746
2019-01-10 08:09:00,0.3560526672894184
2019-01-10 08:12:00,0.21738072793488072
2019-01-10 08:15:00,0.3708102486941698
2019-01-10 08:18:00,0.24889258227312894
2019-01-10 08:21:00,0.252248220260185
2019-01-10 08:24:00,0.2831044124293385
2019-01-10 08:27:00,0.3356664506574134
2019-01-10 08:30:00,0.25942700685408226
2019-01-10 08:33:00,0.22079263001018035
2019-01-10 08:36:00,0.23138415598685924
2019-01-10 08:39:00,0.2918186725773353
2019-01-10 08:42:00,0.26350368254645673
2019-01-10 08:45:00,0.2903044402956425
2019-01-10 08:48:00,0.20657179044104623
2019-01-10 08:51:00,0.2605998567573238
2019-01-10 08:54:00,0.23069913569503342
2019-01-10 08:57:00,0.2910347261014863
2019-01-10 09:00:00,0.1828304550701887
2019-01-10 09:03:00,0.23921639335151212
2019-01-10 09:06:00,0.2778138594482016
2019-01-10 09:09:00,0.1466959753942092
2019-01-10 09:12:00,0.32100469498584516
2019-01-10 09:15:00,0.24852160766209863
2019-01-10 09:18:00,0.2361082196655957
2019-01-10 09:21:00,0.2099017108318435
2019-01-10 09:24:00,0.14011633543026392
2019-01-10 09:27:00,0.09348326958047437
2019-01-10 09:30:00,0.239871423042473
2019-01-10 09:33:00,0.1958414921381859
2019-01-10 09:36:00,0.09228400220200683
2019-01-10 09:39:00,0.060361677175876594
2019-01-10 09:42:00,0.07815223727936882
2019-01-10 09:45:00,0.0844797162839086
2019-01-10 09:48:00,0.07002559364576655
2019-01-10 09:51:00,0.25555771073226197
2019-01-10 09:54:00,0.12618719548157742
2019-01-10 09:57:00,0.07170177740982808
2019-01-10 10:00:00,-0.0007231688615547682
2019-01-10 10:03:00,0.04229694486440394
2019-01-10 10:06:00,0.02336055688272154
2019-01-10 10:09:00,-0.018445273254314998
2019-01-10 10:12:00,-0.043343813932096964
2019-01-10 10:15:00,-0.07418512547036471
2019-01-10 10:18:00,-0.07589845535591166
2019-01-10 10:21:00,-0.08593767648937956
2019-01-10 10:24:00,-0.012668581473576523
2019-01-10 10:27:00,-0.0348219853539149
2019-01-10 10:30:00,-0.05657293070464675
2019-01-10 10:33:00,-0.1610447867068956
2019-01-10 10:36:00,-0.05434541014108163
2019-01-10 10:39:00,-0.05075269691894846
2019-01-10 10:42:00,-0.19383825444600689
2019-01-10 10:45:00,-0.18532895055653853
2019-01-10 10:48:00,-0.09600395332478229
2019-01-10 10:51:00,-0.12100840218420217
2019-01-10 10:54:00,-0.08790570489344418
2019-01-10 10:57:00,-0.09773284976625973
2019-01-10 11:00:00,-0.1549663841506117
2019-01-10 11:03:00,-0.029216544156440705
2019-01-10 11:06:00,0.0391730566274191
2019-01-10 11:09:00,-0.0030137774577383425
2019-01-10 11:12:00,0.07073443459569262
2019-01-10 11:15:00,-0.0006400584265406906
2019-01-10 11:18:00,-0.10741980104478444
2019-01-10 11:21:00,0.0036514722646074915
2019-01-10 11:24:00,0.02134923726572424
2019-01-10 11:27:00,0.06120101469218753
2019-01-10 11:30:00,0.08204666363246815
2019-01-10 11:33:00,0.1256627633302969
2019-01-10 11:36:00,0.07030612999068353
2019-01-10 11:39:00,0.1175638320966641
2019-01-10 11:42:00,0.026398032666065774
2019-01-10 11:45:00,0.05375687459280698
2019-01-10 11:48:00,-0.03108914758604442
2019-01-10 11:51:00,0.06858346294177409
2019-01-10 11:54:00,0.02999747202608205
2019-01-10 11:57:00,-0.031114082325018444
2019-01-10 12:00:00,-0.07378915577493217
2019-01-10 12:03:00,-0.01767283453756363
2019-01-10 12:06:00,-0.05241109236334296
2019-01-10 12:09:00,-0.14419664049478342
2019-01-10 12:12:00,0.005314021971400962
2019-01-10 12:15:00,-0.06492348148958627
2019-01-10 12:18:00,-0.010872945444191373
2019-01-10 12:21:00,-0.035597714028369865
2019-01-10 12:24:00,0.020538656114354126
2019-01-10 12:27:00,-0.03764338148874913
2019-01-10 12:30:00,-0.06276922232825655
2019-01-10 12:33:00,-0.18289235694396666
2019-01-10 12:36:00,-0.23254911756970387
2019-01-10 12:39:00,-0.23166839802013328
2019-01-10 12:42:00,-0.28801043607700194
2019-01-10 12:45:00,-0.27033654740546353
2019-01-10 12:48:00,-0.3107867750536002
2019-01-10 12:51:00,-0.3421272971484086
2019-01-10 12:54:00,-0.2910407163428772
2019-01-10 12:57:00,-0.24708412303073146
2019-01-10 13:00:00,-0.17072947611825384
2019-01-10 13:03:00,-0.20148626520563084
2019-01-10 13:06:00,-0.28441145474647556
2019-01-10 13:09:00,-0.2749534279377599
2019-01-10 13:12:00,-0.14067122159656265
2019-01-10 13:15:00,-0.04557588535561763
2019-01-10 13:18:00,-0.17520871895828805
2019-01-10 13:21:00,-0.07065613611013077
2019-01-10 13:24:00,-0.11773348367103154
2019-01-10 13:27:00,-0.04154387574391194
2019-01-10 13:30:00,-0.0162051112329209
2019-01-10 13:33:00,-0.11851607352701876
2019-01-10 13:36:00,0.010537939948335406
2019-01-10 13:39:00,0.051768231334335724
2019-01-10 13:42:00,-0.03138787074897209
2019-01-10 13:45:00,-0.051660853266469076
2019-01-10 13:48:00,-0.03915958216703075
2019-01-10 13:51:00,-0.1075882512093358
2019-01-10 13:54:00,0.009853982084280233
2019-01-10 13:57:00,-0.05350800014423385
2019-01-10 14:00:00,0.06617258239253943
2019-01-10 14:03:00,0.02364496652080561
2019-01-10 14:06:00,0.048818929990602555
2019-01-10 14:09:00,-0.1345455621868723
2019-01-10 14:12:00,-0.10189437744503493
2019-01-10 14:15:00,-0.04596601273237866
2019-01-10 14:18:00,-0.0031780757726664888
2019-01-10 14:21:00,0.09861574066428602
2019-01-10 14:24:00,0.1197804842398682
2019-01-10 14:27:00,0.140771291638373
2019-01-10 14:30:00,0.058181466985047336
2019-01-10 14:33:00,0.07716413758879526
2019-01-10 14:36:00,0.11365988842982233
2019-01-10 14:39:00,-0.025392564391609085
2019-01-10 14:42:00,0.02902981650163383
2019-01-10 14:45:00,-0.07204441234199521
2019-01-10 14:48:00,0.13987506290482088
2019-01-10 14:51:00,0.12281939643202122
2019-01-10 14:54:00,0.06207110919723391
2019-01-10 14:57:00,0.23239725433052172
2019-01-10 15:00:00,0.1810434862950956
2019-01-10 15:03:00,0.46374910285328497
2019-01-10 15:06:00,0.20404286698777696
2019-01-10 15:09:00,0.2860152995017984
2019-01-10 15:12:00,0.3416477067437995
2019-01-10 15:15:00,0.28342179580465654
2019-01-10 15:18:00,0.3108879095250927
2019-01-10 15:21:00,0.23106485741601546
2019-01-10 15:24:00,0.13924543254148603
2019-01-10 15:27:00,0.13856364186693781
2019-01-10 15:30:00,0.2004306257607027
2019-01-10 15:33:00,0.17233132330386525
2019-01-10 15:36:00,0.21601895783282998
2019-01-10 15:39:00,0.1358676780474184
2019-01-10 15:42:00,0.14554107242673808
2019-01-10 15:45:00,0.17201309566752343
2019-01-10 15:48:00,0.17845155913181543
2019-01-10 15:51:00,0.1445111695870196
2019-01-10 15:54:00,0.08646999132434985
2019-01-10 15:57:00,0.3259172728878639
2019-01-10 16:00:00,0.3111626057439594
2019-01-10 16:03:00,0.3616488095352679
2019-01-10 16:06:00,0.2282059026247225
2019-01-10 16:09:00,0.13210521102320172
2019-01-10 16:12:00,0.1132456470724037
2019-01-10 16:15:00,0.22642762544762718
2019-01-10 16:18:00,0.2747716647142511
2019-01-10 16:21:00,0.260566852062027
2019-01-10 16:24:00,0.2676463170044485
2019-01-10 16:27:00,0.2250441731219439
2019-01-10 16:30:00,0.19944192654884318
2019-01-10 16:33:00,0.1599424460099499
2019-01-10 16:36:00,0.12473569819087515
2019-01-10 16:39:00,0.029085047126784502
2019-01-10 16:42:00,0.05180966110475538
2019-01-10 16:45:00,0.06135188127012725
2019-01-10 16:48:00,0.15807068216025755
2019-01-10 16:51:00,0.04432174900381369
2019-01-10 16:54:00,0.054625755065103476
2019-01-10 16:57:00,0.13177170012983197
2019-01-10 17:00:00,0.18360346107397163
2019-01-10 17:03:00,0.14052380537862064
2019-01-10 17:06:00,0.22724825741852328
2019-01-10 17:09:00,0.250383766612174
2019-01-10 17:12:00,0.22267015003171764
2019-01-10 17:15:00,0.21264402578162844
2019-01-10 17:18:00,0.17788404920270295
2019-01-10 17:21:00,0.19875641319731585
2019-01-10 17:24:00,0.1288414978163246
2019-01-10 17:27:00,0.16175540132377364
2019-01-10 17:30:00,0.08539299284888102
2019-01-10 17:33:00,0.1520572204904056
2019-01-10 17:36:00,0.17736363458629967
2019-01-10 17:39:00,0.06341708943921276
2019-01-10 17:42:00,0.0922125662980875
2019-01-10 17:45:00,0.06495157498864046
2019-01-10 17:48:00,0.18312459460474884
2019-01-10 17:51:00,0.16376260634041273
2019-01-10 17:54:00,0.23756277227835199
2019-01-10 17:57:00,0.19085237880966588
2019-01-10 18:00:00,0.17572912524832418
2019-01-10 18:03:00,0.258913357554718
2019-01-10 18:06:00,0.16699463051480734
2019-01-10 18:09:00,0.18668879355846002
2019-01-10 18:12:00,0.1909235768186477
2019-01-10 18:15:00,0.0992147061868991
2019-01-10 18:18:00,0.14304787285323073
2019-01-10 18:21:00,0.16710482321724385
2019-01-10 18:24:00,0.2189598960238186
2019-01-10 18:27:00,0.1734014647382196
2019-01-10 18:30:00,0.0883947996525194
2019-01-10 18:33:00,0.09602695080690182
2019-01-10 18:36:00,0.21465030899770454
2019-01-10 18:39:00,0.15314156238116539
2019-01-10 18:42:00,0.11146027865731867
2019-01-10 18:45:00,0.22662238240229726
2019-01-10 18:48:00,0.1455015123478347
2019-01-10 18:51:00,0.20751341451932603
2019-01-10 18:54:00,
2019-01-10 18:57:00,
2019-01-10 19:00:00,
2019-01-10 19:03:00,0.13681333311529897
2019-01-10 19:06:00,0.21373610004087595
2019-01-10 19:09:00,0.25633440461643886
2019-01-10 19:12:00,0.2000763597676496
2019-01-10 19:15:00,0.299028130714305
2019-01-10 19:18:00,0.18410259779989246
2019-01-10 19:21:00,0.18531206737782213
2019-01-10 19:24:00,0.26068003668336814
2019-01-10 19:27:00,0.20469099650733824
2019-01-10 19:30:00,0.1928155474815867
2019-01-10 19:33:00,0.24303147166739336
2019-01-10 19:36:00,0.25851380801140067
2019-01-10 19:39:00,0.3222080010205559
2019-01-10 19:42:00,0.30806863402546014
2019-01-10 19:45:00,0.3795402478452843
2019-01-10 19:48:00,0.1949091735726256
2019-01-10 19:51:00,0.2174648289191623
2019-01-10 19:54:00,0.2636524417515602
2019-01-10 19:57:00,0.28671784248354015
2019-01-10 20:00:00,0.24143041119202735
2019-01-10 20:03:00,0.2780668786105025
2019-01-10 20:06:00,0.33422911222743323
2019-01-10 20:09:00,0.2835228054585741
2019-01-10 20:12:00,0.32164319118476214
2019-01-10 20:15:00,0.26128081462627506
2019-01-10 20:18:00,0.3441028700127049
2019-01-10 20:21:00,0.3127435087892536
2019-01-10 20:24:00,0.4119005799086608
2019-01-10 20:27:00,0.5487950277759523
2019-01-10 20:30:00,0.5927295006956115
2019-01-10 20:33:00,0.5215232988989555
2019-01-10 20:36:00,0.5937522348210678
2019-01-10 20:39:00,0.7585786569625839
2019-01-10 20:42:00,0.667822334090431
2019-01-10 20:45:00,0.515078891584551
2019-01-10 20:48:00,0.4567898215843229
2019-01-10 20:51:00,0.3954718071171328
2019-01-10 20:54:00,0.45813099157112447
2019-01-10 20:57:00,0.3282153392266878
2019-01-10 21:00:00,0.300885393808187
2019-01-10 21:03:00,0.39015817038955447
2019-01-10 21:06:00,0.4178414592431636
2019-01-10 21:09:00,0.3734850589054304
2019-01-10 21:12:00,0.33438888938025
2019-01-10 21:15:00,0.26655541780547765
2019-01-10 21:18:00,0.33778734345236217
2019-01-10 21:21:00,0.40555866686980835
2019-01-10 21:24:00,0.3685780163093568
2019-01-10 21:27:00,0.3873218487029817
2019-01-10 21:30:00,0.32250535673892955
2019-01-10 21:33:00,0.3651943938360205
2019-01-10 21:36:00,0.4440429341039476
2019-01-10 21:39:00,0.27402934464697637
2019-01-10 21:42:00,0.2747429968210895
2019-01-10 21:45:00,0.38302899577337257
2019-01-10 21:48:00,0.34794037781523457
2019-01-10 21:51:00,0.3788737009530223
2019-01-10 21:54:00,0.30972641220040487
2019-01-10 21:57:00,0.3648638226871981
2019-01-10 22:00:00,0.29528673759739377
2019-01-10 22:03:00,0.46219525757629754
2019-01-10 22:06:00,0.3429955533782163
2019-01-10 22:09:00,0.3931307516886591
2019-01-10 22:12:00,0.2946402591581432
2019-01-10 22:15:00,0.3028997524873489
2019-01-10 22:18:00,0.3311455636745677
2019-01-10 22:21:00,0.2729520688493494
2019-01-10 22:24:00,0.31149946499789394
2019-01-10 22:27:00,0.4128724568985831
2019-01-10 22:30:00,0.37316175424484754
2019-01-10 22:33:00,0.4333483614962006
2019-01-10 22:36:00,0.4767367905616311
2019-01-10 22:39:00,0.5250980705100119
2019-01-10 22:42:00,0.5629821515861977
2019-01-10 22:45:00,0.5340612294043581
2019-01-10 22:48:00,0.5463813252790715
2019-01-10 22:51:00,0.5406328015539543
2019-01-10 22:54:00,0.38919373262217505
2019-01-10 22:57:00,0.4992716395745447
2019-01-10 23:00:00,0.4886311055568626
2019-01-10 23:03:00,0.37655518166093316
2019-01-10 23:06:00,0.4103972839908465
2019-01-10 23:09:00,0.5009501381943551
2019-01-10 23:12:00,0.430441762601788
2019-01-10 23:15:00,0.4021017687682047
2019-01-10 23:18:00,0.3007989489744318
2019-01-10 23:21:00,0.359770749339134
2019-01-10 23:24:00,0.27685794194093205
2019-01-10 23:27:00,0.30832127879199334
2019-01-10 23:30:00,0.4668702176908255
2019-01-10 23:33:00,0.5571910189908635
2019-01-10 23:36:00,0.5874927726436567
2019-01-10 23:39:00,0.5051831184955518
2019-01-10 23:42:00,0.5353395662402818
2019-01-10 23:45:00,0.507690032892981
2019-01-10 23:48:00,0.47338877110149724
2019-01-10 23:51:00,0.4251489940719466
2019-01-10 23:54:00,0.4974075866941803
2019-01-10 23:57:00,0.5158035083003938
2019-01-11 00:00:00,0.4787534799871196
2019-01-11 00:03:00,0.525112906924619
2019-01-11 00:06:00,0.46129375716481036
2019-01-11 00:09:00,0.3152614789074164
2019-01-11 00:12:00,0.3812191271800316
2019-01-11 00:15:00,0.41698145714894963
2019-01-11 00:18:00,0.43882236896382665
2019-01-11 00:21:00,0.35478635424118465
2019-01-11 00:24:00,0.44394801152316177
2019-01-11 00:27:00,0.31842695991667824
2019-01-11 00:30:00,0.44894737651264904
2019-01-11 00:33:00,0.45282832953574825
2019-01-11 00:36:00,0.4047185530010893
2019-01-11 00:39:00,0.4544308276518336
2019-01-11 00:42:00,0.40730420967418013
2019-01-11 00:45:00,0.3794895270707457
2019-01-11 00:48:00,0.43435151536363037
2019-01-11 00:51:00,0.43345398122022516
2019-01-11 00:54:00,0.4135954281197769
2019-01-11 00:57:00,0.3730657762445162
2019-01-11 01:00:00,0.2546369182561534
2019-01-11 01:03:00,0.31867408203601144
2019-01-11 01:06:00,0.30367010195516286
2019-01-11 01:09:00,0.41045901493134807
2019-01-11 01:12:00,0.4436927888003197
2019-01-11 01:15:00,0.5157365621516874
2019-01-11 01:18:00,0.47753700390865106
2019-01-11 01:21:00,0.4641107388903265
2019-01-11 01:24:00,0.4688630234513198
2019-01-11 01:27:00,0.38802479937828593
2019-01-11 01:30:00,0.5183018197386673
2019-01-11 01:33:00,0.47996502127244867
2019-01-11 01:36:00,0.43890037974040297
2019-01-11 01:39:00,0.4668189867351771
2019-01-11 01:42:00,0.42277808268113404
2019-01-11 01:45:00,0.3267779088135967
2019-01-11 01:48:00,0.44424382647679295
2019-01-11 01:51:00,0.4659193327479443
2019-01-11 01:54:00,0.3741738184623955
2019-01-11 01:57:00,0.45789450265647247
2019-01-11 02:00:00,0.37267381227133
2019-01-11 02:03:00,0.47418356525872696
2019-01-11 02:06:00,0.347220441185641
2019-01-11 02:09:00,0.42051235895274885
2019-01-11 02:12:00,0.3799530786060359
2019-01-11 02:15:00,0.3192375434101109
2019-01-11 02:18:00,0.45050342292495316
2019-01-11 02:21:00,0.3530879711973398
2019-01-11 02:24:00,0.3985401465748737
2019-01-11 02:27:00,0.4414284654022822
2019-01-11 02:30:00,0.3832707274394238
2019-01-11 02:33:00,0.5211889080475203
2019-01-11 02:36:00,0.3836331867950662
2019-01-11 02:39:00,0.3188462812467492
2019-01-11 02:42:00,0.41226189750619824
2019-01-11 02:45:00,0.4617520939293627
2019-01-11 02:48:00,0.4077250249901567
2019-01-11 02:51:00,0.5169544216726081
2019-01-11 02:54:00,0.5060883216307275
2019-01-11 02:57:00,0.46880221785653475
2019-01-11 03:00:00,0.5610528895415428
2019-01-11 03:03:00,0.5653779057176394
2019-01-11 03:06:00,0.46429557012049827
2019-01-11 03:09:00,0.43981449282165386
2019-01-11 03:12:00,0.4478284017315559
2019-01-11 03:15:00,0.41333043673290604
2019-01-11 03:18:00,0.4056131139798822
2019-01-11 03:21:00,0.35798024394387085
2019-01-11 03:24:00,0.38668030752887717
2019-01-11 03:27:00,0.4160582273801765
2019-01-11 03:30:00,0.22874624507795716
2019-01-11 03:33:00,0.36763392550147955
2019-01-11 03:36:00,0.32594568147789005
2019-01-11 03:39:00,0.23580265725547633
2019-01-11 03:42:00,0.4260483419715797
2019-01-11 03:45:00,0.32826014464808395
2019-01-11 03:48:00,0.31270818894387276
2019-01-11 03:51:00,0.3438529860003996
2019-01-11 03:54:00,0.47782532361731
2019-01-11 03:57:00,0.3528658377753686
2019-01-11 04:00:00,0.3658785916397278
2019-01-11 04:03:00,0.3730228786321277
2019-01-11 04:06:00,0.3950300025089746
2019-01-11 04:09:00,0.3255619167373993
2019-01-11 04:12:00,0.3576489258932156
2019-01-11 04:15:00,0.3351316797248387
2019-01-11 04:18:00,0.4045696696289838
2019-01-11 04:21:00,0.4104861269692037
2019-01-11 04:24:00,0.3514557175586219
2019-01-11 04:27:00,0.3622282679126556
2019-01-11 04:30:00,0.3868939487633156
2019-01-11 04:33:00,0.3275798649545436
2019-01-11 04:36:00,0.36848007249011516
2019-01-11 04:39:00,0.5139724381642168
2019-01-11 04:42:00,0.4029622782099409
2019-01-11 04:45:00,0.4611195938021524
2019-01-11 04:48:00,0.400294914164931
2019-01-11 04:51:00,0.4450603762837204
2019-01-11 04:54:00,0.3643400157083647
2019-01-11 04:57:00,0.3967474400147353
2019-01-11 05:00:00,0.4487109256574513
2019-01-11 05:03:00,0.4110546995460709
2019-01-11 05:06:00,0.47654992994500844
2019-01-11 05:09:00,0.5197547170272401
2019-01-11 05:12:00,0.4492302969844104
2019-01-11 05:15:00,0.4782223207623133
2019-01-11 05:18:00,0.4935309523003184
2019-01-11 05:21:00,0.4243384116126663
2019-01-11 05:24:00,0.5224202408982705
2019-01-11 05:27:00,0.4491812131030315
2019-01-11 05:30:00,0.35171844213380155
2019-01-11 05:33:00,0.40814298152992023
2019-01-11 05:36:00,0.4273683388070708
2019-01-11 05:39:00,0.2316886971801182
2019-01-11 05:42:00,0.3973122115507408
2019-01-11 05:45:00,0.30127565252536215
2019-01-11 05:48:00,0.3357996648530843
2019-01-11 05:51:00,0.3499801278146606
2019-01-11 05:54:00,0.3258732528671544
2019-01-11 05:57:00,0.276391657775946
2019-01-11 06:00:00,0.3396460042154672
2019-01-11 06:03:00,0.36049858619918496
2019-01-11 06:06:00,0.33966294862915447
2019-01-11 06:09:00,0.35241845386752857
2019-01-11 06:12:00,0.3286236644530618
2019-01-11 06:15:00,0.34206626768951764
2019-01-11 06:18:00,0.3345487847565778
2019-01-11 06:21:00,0.33061688165435044
2019-01-11 06:24:00,0.4179574776196091
2019-01-11 06:27:00,0.3564500421050525
2019-01-11 06:30:00,0.32549099664640835
2019-01-11 06:33:00,0.3660164967342894
2019-01-11 06:36:00,0.3833585565287194
2019-01-11 06:39:00,0.44568974233430936
2019-01-11 06:42:00,0.35845514745398077
2019-01-11 06:45:00,0.37453776206598377
2019-01-11 06:48:00,0.2871728542539813
2019-01-11 06:51:00,0.23127447281905233
2019-01-11 06:54:00,0.4271537128325349
2019-01-11 06:57:00,0.36991919447842747
2019-01-11 07:00:00,0.4328714365154269
2019-01-11 07:03:00,0.5205162522318005
2019-01-11 07:06:00,0.38462103626972066
2019-01-11 07:09:00,0.3741125376913601
2019-01-11 07:12:00,0.3524543236537738
2019-01-11 07:15:00,0.4112362310613662
2019-01-11 07:18:00,0.2660762122648066
2019-01-11 07:21:00,0.2642139983203151
2019-01-11 07:24:00,0.3532937656447075
2019-01-11 07:27:00,0.2485017453606133
2019-01-11 07:30:00,0.3648288501644288
2019-01-11 07:33:00,0.31672243096011243
2019-01-11 07:36:00,0.31035489937175953
2019-01-11 07:39:00,0.2690883919360658
2019-01-11 07:42:00,0.32405797112261325
2019-01-11 07:45:00,0.31949729169645025
2019-01-11 07:48:00,0.251291576904066
2019-01-11 07:51:00,0.2517750662531171
2019-01-11 07:54:00,0.33113741547867903
2019-01-11 07:57:00,0.2880888766893577
2019-01-11 08:00:00,0.23028272998112698
2019-01-11 08:03:00,0.3017465345392907
2019-01-11 08:06:00,0.32022385910221374
2019-01-11 08:09:00,0.2367448847874698
2019-01-11 08:12:00,0.26858019471728767
2019-01-11 08:15:00,0.2135788289052698
2019-01-11 08:18:00,0.2506696986343968
2019-01-11 08:21:00,0.23235244379031883
2019-01-11 08:24:00,0.2248195973975271
2019-01-11 08:27:00,0.20922835775303383
2019-01-11 08:30:00,0.1456032644697416
2019-01-11 08:33:00,0.2829368169741997
2019-01-11 08:36:00,0.20778184119882326
2019-01-11 08:39:00,0.18315339741531034
2019-01-11 08:42:00,0.18078334706638088
2019-01-11 08:45:00,0.15524079058218376
2019-01-11 08:48:00,0.21914166016114223
2019-01-11 08:51:00,0.1404142395805934
2019-01-11 08:54:00,0.21970817724451308
2019-01-11 08:57:00,0.168764843905592
2019-01-11 09:00:00,0.16388667171065663
2019-01-11 09:03:00,0.17614151165662406
2019-01-11 09:06:00,0.18487925043626774
2019-01-11 09:09:00,0.07919120498416987
2019-01-11 09:12:00,0.21257709210624398
2019-01-11 09:15:00,0.11484860761993332
2019-01-11 09:18:00,0.10752814125930854
2019-01-11 09:21:00,0.05226549498337363
2019-01-11 09:24:00,0.06008543224237428
2019-01-11 09:27:00,0.07168612851813805
2019-01-11 09:30:00,0.21066430574632022
2019-01-11 09:33:00,0.03220086694352631
2019-01-11 09:36:00,0.09328922750296442
2019-01-11 09:39:00,-0.020051978246669933
2019-01-11 09:42:00,-0.025036163149195545
2019-01-11 09:45:00,0.005023671521371398
2019-01-11 09:48:00,0.03199207478803601
2019-01-11 09:51:00,0.05168725951733677
2019-01-11 09:54:00,0.033376490899001965
2019-01-11 09:57:00,0.03944611853097513
2019-01-11 10:00:00,0.04371703547604966
2019-01-11 10:03:00,-0.043063382781781456
2019-01-11 10:06:00,0.06459821712041958
2019-01-11 10:09:00,-0.09088286869206286
2019-01-11 10:12:00,-0.1036583751707667
2019-01-11 10:15:00,-0.03157553375842781
2019-01-11 10:18:00,-0.09921186801693693
2019-01-11 10:21:00,-0.12669638919345516
2019-01-11 10:24:00,-0.09551138721008101
2019-01-11 10:27:00,-0.09926468562423452
2019-01-11 10:30:00,-0.1212731502678821
2019-01-11 10:33:00,-0.02421654091739356
2019-01-11 10:36:00,-0.15219883879171903
2019-01-11 10:39:00,-0.06976884485203527
2019-01-11 10:42:00,-0.13765105526573507
2019-01-11 10:45:00,-0.14911249029483997
2019-01-11 10:48:00,-0.12804245455583896
2019-01-11 10:51:00,-0.14735902882461005
2019-01-11 10:54:00,-0.09806253593058045
2019-01-11 10:57:00,-0.08442672671304763
2019-01-11 11:00:00,-0.1614602204615494
2019-01-11 11:03:00,-0.16396561542376276
2019-01-11 11:06:00,-0.21169217997362466
2019-01-11 11:09:00,-0.2042390987120939
2019-01-11 11:12:00,-0.23534965924307016
2019-01-11 11:15:00,-0.2862518176057165
2019-01-11 11:18:00,-0.2970189022527734
2019-01-11 11:21:00,-0.22489402377811984
2019-01-11 11:24:00,-0.26279478785255606
2019-01-11 11:27:00,-0.11679881906547962
2019-01-11 11:30:00,-0.2799370462749948
2019-01-11 11:33:00,-0.18272460495904852
2019-01-11 11:36:00,-0.20785074566032335
2019-01-11 11:39:00,-0.2687035520473273
2019-01-11 11:42:00,-0.1700695308225022
2019-01-11 11:45:00,-0.20147217951227958
2019-01-11 11:48:00,-0.2885201712670096
2019-01-11 11:51:00,-0.32768176221287604
2019-01-11 11:54:00,-0.1113703949275191
2019-01-11 11:57:00,-0.33330234064231945
2019-01-11 12:00:00,-0.2826374910142704
2019-01-11 12:03:00,-0.3085785544224109
2019-01-11 12:06:00,-0.3469007361102854
2019-01-11 12:09:00,-0.46738934748668726
2019-01-11 12:12:00,-0.2697287065833507
2019-01-11 12:15:00,-0.36632665903300676
2019-01-11 12:18:00,-0.3638745722621479
2019-01-11 12:21:00,-0.39976535654562895
2019-01-11 12:24:00,-0.24095811316510662
2019-01-11 12:27:00,-0.31930116402901376
2019-01-11 12:30:00,-0.2716918983826986
2019-01-11 12:33:00,-0.39709635142878597
2019-01-11 12:36:00,-0.3942029665850555
2019-01-11 12:39:00,-0.3542696046961282
2019-01-11 12:42:00,-0.317111034023128
2019-01-11 12:45:00,-0.3388869112870907
2019-01-11 12:48:00,-0.3172301803801929
2019-01-11 12:51:00,-0.333483399377144
2019-01-11 12:54:00,-0.3275127825531854
2019-01-11 12:57:00,-0.41424813449259545
2019-01-11 13:00:00,-0.30936384523317884
2019-01-11 13:03:00,-0.31401593948550044
2019-01-11 13:06:00,-0.4208205244621013
2019-01-11 13:09:00,-0.16441873206207447
2019-01-11 13:12:00,-0.35988873174687797
2019-01-11 13:15:00,-0.47012940265051384
2019-01-11 13:18:00,-0.39028078754171247
2019-01-11 13:21:00,-0.42186797825723943
2019-01-11 13:24:00,-0.37515473109397135
2019-01-11 13:27:00,-0.28262781204722387
2019-01-11 13:30:00,-0.3098184875893253
2019-01-11 13:33:00,-0.4228334541299432
2019-01-11 13:36:00,-0.3463449070328011
2019-01-11 13:39:00,-0.17163405192542314
2019-01-11 13:42:00,-0.302535132026037
2019-01-11 13:45:00,-0.22811010366876872
2019-01-11 13:48:00,-0.3073587821048136
2019-01-11 13:51:00,-0.2562127545814974
2019-01-11 13:54:00,-0.24624304303785038
2019-01-11 13:57:00,-0.30758739143465164
2019-01-11 14:00:00,-0.20323935445640018
2019-01-11 14:03:00,-0.26316370549085377
2019-01-11 14:06:00,-0.2851011519550184
2019-01-11 14:09:00,-0.2425316586299573
2019-01-11 14:12:00,-0.2292719333274249
2019-01-11 14:15:00,-0.20302658535223372
2019-01-11 14:18:00,-0.0944030637701303
2019-01-11 14:21:00,-0.1521143000350662
2019-01-11 14:24:00,-0.2257076538044771
2019-01-11 14:27:00,-0.17651103591134643
2019-01-11 14:30:00,-0.1808927274457801
2019-01-11 14:33:00,-0.20674660607829765
2019-01-11 14:36:00,-0.24406707418501128
2019-01-11 14:39:00,-0.31228649261032615
2019-01-11 14:42:00,-0.30012367297132414
2019-01-11 14:45:00,-0.21150188749578547
2019-01-11 14:48:00,-0.06034996039198859
2019-01-11 14:51:00,-0.21404520115862624
2019-01-11 14:54:00,-0.24856102483380482
2019-01-11 14:57:00,-0.17270535561135603
2019-01-11 15:00:00,-0.22054502861624314
2019-01-11 15:03:00,-0.1336689482035922
2019-01-11 15:06:00,-0.011597865450994504
2019-01-11 15:09:00,-0.0862922716344201
2019-01-11 15:12:00,-0.22848676273514457
2019-01-11 15:15:00,0.029030180177755938
2019-01-11 15:18:00,0.037729096783436944
2019-01-11 15:21:00,-0.07636341794164991
2019-01-11 15:24:00,-0.009158257851595408
2019-01-11 15:27:00,-0.1158879376026789
2019-01-11 15:30:00,-0.05422489052466517
2019-01-11 15:33:00,-0.03944282157289081
2019-01-11 15:36:00,-0.049995813618977536
2019-01-11 15:39:00,0.06048618767493963
2019-01-11 15:42:00,-0.08682751385561005
2019-01-11 15:45:00,-0.09087772030926544
2019-01-11 15:48:00,-0.0836370039496046
2019-01-11 15:51:00,0.008557795617377906
2019-01-11 15:54:00,0.061886037414069506
2019-01-11 15:57:00,0.07395016814336941
2019-01-11 16:00:00,0.005082214421690878
2019-01-11 16:03:00,0.05442967630239082
2019-01-11 16:06:00,-0.009929297779251556
2019-01-11 16:09:00,-0.0127614514304355
2019-01-11 16:12:00,-0.0935323713910634
2019-01-11 16:15:00,-0.011052135052125323
2019-01-11 16:18:00,-0.008724171356561783
2019-01-11 16:21:00,0.0030756648140481957
2019-01-11 16:24:00,0.0022192521944930377
2019-01-11 16:27:00,-0.027969996782303497
2019-01-11 16:30:00,0.21806275583429624
2019-01-11 16:33:00,0.10278229115743898
2019-01-11 16:36:00,0.0950549634625304
2019-01-11 16:39:00,0.20411650303674378
2019-01-11 16:42:00,0.22612740441786627
2019-01-11 16:45:00,0.21174521473426466
2019-01-11 16:48:00,0.0706324912463856
2019-01-11 16:51:00,0.0879947617183916
2019-01-11 16:54:00,0.08450929052628453
2019-01-11 16:57:00,0.033143199015171376
2019-01-11 17:00:00,0.02770831690202158
2019-01-11 17:03:00,0.05770296819423493
2019-01-11 17:06:00,0.13971573868820997
2019-01-11 17:09:00,-0.02834864937386783
2019-01-11 17:12:00,0.11760276603286002
2019-01-11 17:15:00,0.06398875793826164
2019-01-11 17:18:00,0.04032083480012716
2019-01-11 17:21:00,0.07500249016021598
2019-01-11 17:24:00,0.05275169021342663
2019-01-11 17:27:00,-0.03487623753784419
2019-01-11 17:30:00,0.13674478147976288
2019-01-11 17:33:00,0.15314674734418077
2019-01-11 17:36:00,0.11143075337577102
2019-01-11 17:39:00,0.12373079657271546
2019-01-11 17:42:00,0.23605498586243812
2019-01-11 17:45:00,0.20929051624187878
2019-01-11 17:48:00,0.12931513912752735
2019-01-11 17:51:00,0.19070238385506855
2019-01-11 17:54:00,0.10649814480171926
2019-01-11 17:57:00,0.14965189978858007
2019-01-11 18:00:00,0.07181147892532636
2019-01-11 18:03:00,0.06491083880700899
2019-01-11 18:06:00,0.1068895585866585
2019-01-11 18:09:00,0.10451510643457596
2019-01-11 18:12:00,0.2763151313505432
2019-01-11 18:15:00,0.15906210938936738
2019-01-11 18:18:00,0.15283248272481842
2019-01-11 18:21:00,0.22542651255457713
2019-01-11 18:24:00,0.2500717367187235
2019-01-11 18:27:00,0.27270574929860913
2019-01-11 18:30:00,0.17933796826497428
2019-01-11 18:33:00,0.12195066312295921
2019-01-11 18:36:00,0.373471262355622
2019-01-11 18:39:00,0.2695663222617668
2019-01-11 18:42:00,0.5373350487310518
2019-01-11 18:45:00,0.48841681238394585
2019-01-11 18:48:00,0.6053361835432725
2019-01-11 18:51:00,0.5028715472263912
2019-01-11 18:54:00,0.506797407915542
2019-01-11 18:57:00,
2019-01-11 19:00:00,
2019-01-11 19:03:00,0.5532258482919588
2019-01-11 19:06:00,0.6492785984138436
2019-01-11 19:09:00,0.5208248060882283
2019-01-11 19:12:00,0.5481562488167242
2019-01-11 19:15:00,0.5773316739877714
2019-01-11 19:18:00,0.6199757458258546
2019-01-11 19:21:00,0.47490674546588707
2019-01-11 19:24:00,0.44111823107328973
2019-01-11 19:27:00,0.4570259280285427
2019-01-11 19:30:00,0.3822596550624553
2019-01-11 19:33:00,0.39084962924624733
2019-01-11 19:36:00,0.2797190387580031
2019-01-11 19:39:00,0.26435054840146677
2019-01-11 19:42:00,0.23336138001297968
2019-01-11 19:45:00,0.19320873790877613
2019-01-11 19:48:00,0.351366111682637
2019-01-11 19:51:00,0.3232067778303076
2019-01-11 19:54:00,0.18785087698068992
2019-01-11 19:57:00,0.21624216011184672
2019-01-11 20:00:00,0.22781418094086803
2019-01-11 20:03:00,0.17845244677425853
2019-01-11 20:06:00,0.2798975688960468
2019-01-11 20:09:00,0.17144803584295687
2019-01-11 20:12:00,0.265254882246893
2019-01-11 20:15:00,0.30919589743479037
2019-01-11 20:18:00,0.2050815516263924
2019-01-11 20:21:00,0.3823360559729849
2019-01-11 20:24:00,0.2820496155968044
2019-01-11 20:27:00,0.25480135519291025
2019-01-11 20:30:00,0.21885357258526028
2019-01-11 20:33:00,0.27598083690742214
2019-01-11 20:36:00,0.28359136460534273
2019-01-11 20:39:00,0.25702673229147877
2019-01-11 20:42:00,0.27246282497247876
2019-01-11 20:45:00,0.3027534260271523
2019-01-11 20:48:00,0.34474143643859634
2019-01-11 20:51:00,0.34433556018905165
2019-01-11 20:54:00,0.26276944497328714
2019-01-11 20:57:00,0.303229682690926
2019-01-11 21:00:00,0.290620362128152
2019-01-11 21:03:00,0.26854402019012014
2019-01-11 21:06:00,0.25306061516158707
2019-01-11 21:09:00,0.2418019444081665
2019-01-11 21:12:00,0.2785234076398524
2019-01-11 21:15:00,0.28016562052971494
2019-01-11 21:18:00,0.21814844841907188
2019-01-11 21:21:00,0.2602646202806227
2019-01-11 21:24:00,0.2556219797292556
2019-01-11 21:27:00,0.27486942301396766
2019-01-11 21:30:00,0.28072257274010326
2019-01-11 21:33:00,0.1565978401920347
2019-01-11 21:36:00,0.25883547058913337
2019-01-11 21:39:00,0.23336591486906855
2019-01-11 21:42:00,0.22778448805371454
2019-01-11 21:45:00,0.29715792808360675
2019-01-11 21:48:00,0.2980945543338862
2019-01-11 21:51:00,0.29500727208170474
2019-01-11 21:54:00,0.24420640071826938
2019-01-11 21:57:00,0.1991362015507434
2019-01-11 22:00:00,0.25190158883503955
2019-01-11 22:03:00,0.2549114784190465
2019-01-11 22:06:00,0.2697434244453234
2019-01-11 22:09:00,0.26704038931580953
2019-01-11 22:12:00,0.25704328005559773
2019-01-11 22:15:00,0.25606959734403745
2019-01-11 22:18:00,0.2533412529713246
2019-01-11 22:21:00,0.2981476282326412
2019-01-11 22:24:00,0.2909741639691674
2019-01-11 22:27:00,0.22758257435623364
2019-01-11 22:30:00,0.2076355580114182
2019-01-11 22:33:00,0.28299154553690187
2019-01-11 22:36:00,0.2085579060394025
2019-01-11 22:39:00,0.32762937673084025
2019-01-11 22:42:00,0.21320394333605464
2019-01-11 22:45:00,0.19162446822377888
2019-01-11 22:48:00,0.2426986002979561
2019-01-11 22:51:00,0.27604114489253107
2019-01-11 22:54:00,0.23793193281608183
2019-01-11 22:57:00,0.30515704381735986
2019-01-11 23:00:00,0.28105307307430394
2019-01-11 23:03:00,0.25507104702433026
2019-01-11 23:06:00,0.26159440952545765
2019-01-11 23:09:00,0.2450544208928136
2019-01-11 23:12:00,0.25498313525605454
2019-01-11 23:15:00,0.16815394000099104
2019-01-11 23:18:00,0.24097812692002663
2019-01-11 23:21:00,0.19746579676149167
2019-01-11 23:24:00,0.15177011600616197
2019-01-11 23:27:00,0.3661803877437819
2019-01-11 23:30:00,0.2236905294074063
2019-01-11 23:33:00,0.24698351175925382
2019-01-11 23:36:00,0.35107370059000687
2019-01-11 23:39:00,0.22232288399800382
2019-01-11 23:42:00,0.26589073715683753
2019-01-11 23:45:00,0.27641639612812696
2019-01-11 23:48:00,0.2748294143763701
2019-01-11 23:51:00,0.2851345868219255
2019-01-11 23:54:00,0.2582380996357756
2019-01-11 23:57:00,0.228266751784588
2019-01-12 00:00:00,0.2810481865649308
2019-01-12 00:03:00,0.2726662407961271
2019-01-12 00:06:00,0.3756677399101136
2019-01-12 00:09:00,0.32880527531079906
2019-01-12 00:12:00,0.34301372942297803
2019-01-12 00:15:00,0.36072653792422216
2019-01-12 00:18:00,0.3818753492857354
2019-01-12 00:21:00,0.37391917968801636
2019-01-12 00:24:00,0.3753770578760509
2019-01-12 00:27:00,0.2884262621598168
2019-01-12 00:30:00,0.3267841277103116
2019-01-12 00:33:00,0.400333455761654
2019-01-12 00:36:00,0.44199634722929204
2019-01-12 00:39:00,0.3794673951235268
2019-01-12 00:42:00,0.4154295521956328
2019-01-12 00:45:00,0.417399139897384
2019-01-12 00:48:00,0.49876106472981974
2019-01-12 00:51:00,0.43109666500254207
2019-01-12 00:54:00,0.44857356206921395
2019-01-12 00:57:00,0.506509610554815
2019-01-12 01:00:00,0.28222245932880696
2019-01-12 01:03:00,0.4499160677144687
2019-01-12 01:06:00,0.5037177917640747
2019-01-12 01:09:00,0.5049225149641643
2019-01-12 01:12:00,0.403977757219252
2019-01-12 01:15:00,0.28911741047448913
2019-01-12 01:18:00,0.3794031565361138
2019-01-12 01:21:00,0.3537627707747788
2019-01-12 01:24:00,0.38512115066151864
2019-01-12 01:27:00,0.37803541838383126
2019-01-12 01:30:00,0.26561707564871995
2019-01-12 01:33:00,0.33346902361768116
2019-01-12 01:36:00,0.3103592001827451
2019-01-12 01:39:00,0.3440172219661122
2019-01-12 01:42:00,0.3989963998658368
2019-01-12 01:45:00,0.46220964376277607
2019-01-12 01:48:00,0.33393870258259994
2019-01-12 01:51:00,0.3447724713950038
2019-01-12 01:54:00,0.3254129345454544
2019-01-12 01:57:00,0.32345357353358395
2019-01-12 02:00:00,0.3813850565619532
2019-01-12 02:03:00,0.29992358196557234
2019-01-12 02:06:00,0.356053813812764
2019-01-12 02:09:00,0.3243328066952813
2019-01-12 02:12:00,0.26945871354627116
2019-01-12 02:15:00,0.33398123956379777
2019-01-12 02:18:00,0.26414796753732617
2019-01-12 02:21:00,0.2751407221186355
2019-01-12 02:24:00,0.38988609466156277
2019-01-12 02:27:00,0.2948160417745953
2019-01-12 02:30:00,0.3706960826768295
2019-01-12 02:33:00,0.48551150370951746
2019-01-12 02:36:00,0.3639766084634175
2019-01-12 02:39:00,0.33632464910255067
2019-01-12 02:42:00,0.2939787541658916
2019-01-12 02:45:00,0.2853630862666705
2019-01-12 02:48:00,0.2792743320790123
2019-01-12 02:51:00,0.2714479595975945
2019-01-12 02:54:00,0.2731226128721005
2019-01-12 02:57:00,0.34517265325905555
2019-01-12 03:00:00,0.22517984165727967
2019-01-12 03:03:00,0.31253439699236196
2019-01-12 03:06:00,0.33109244773532964
2019-01-12 03:09:00,0.37188614082373306
2019-01-12 03:12:00,0.4097576060204915
2019-01-12 03:15:00,0.4366527731331189
2019-01-12 03:18:00,0.38079516555632154
2019-01-12 03:21:00,0.39400669069357264
2019-01-12 03:24:00,0.4292421202732726
2019-01-12 03:27:00,0.3994708980540054
2019-01-12 03:30:00,0.382862153558051
2019-01-12 03:33:00,0.47081634725606136
2019-01-12 03:36:00,0.4889402283734512
2019-01-12 03:39:00,0.5170076670686967
2019-01-12 03:42:00,0.5438107509449992
2019-01-12 03:45:00,0.5263585723782853
2019-01-12 03:48:00,0.474829066005384
2019-01-12 03:51:00,0.5043832242371309
2019-01-12 03:54:00,0.5849917380062948
2019-01-12 03:57:00,0.44631065308345796
2019-01-12 04:00:00,0.4018974957560886
2019-01-12 04:03:00,0.41826763523255295
2019-01-12 04:06:00,0.46448914151511644
2019-01-12 04:09:00,0.5260915018191099
2019-01-12 04:12:00,0.5198076470790056
2019-01-12 04:15:00,0.45279950574962413
2019-01-12 04:18:00,0.41279672870905415
2019-01-12 04:21:00,0.40677407195266824
2019-01-12 04:24:00,0.456621085746292
2019-01-12 04:27:00,0.4691161301662419
2019-01-12 04:30:00,0.4918591130559662
2019-01-12 04:33:00,0.5172486159653431
2019-01-12 04:36:00,0.5552199657264509
2019-01-12 04:39:00,0.4431337161471447
2019-01-12 04:42:00,0.4231198550829731
2019-01-12 04:45:00,0.48442844382452677
2019-01-12 04:48:00,0.330613033264342
2019-01-12 04:51:00,0.4594431658300664
2019-01-12 04:54:00,0.4556247562103408
2019-01-12 04:57:00,0.3936225466549672
2019-01-12 05:00:00,0.44991540246661543
2019-01-12 05:03:00,0.48490345906282073
2019-01-12 05:06:00,0.3839412759962215
2019-01-12 05:09:00,0.3622600074419893
2019-01-12 05:12:00,0.4213297855720839
2019-01-12 05:15:00,0.42958823423941794
2019-01-12 05:18:00,0.3614114756310869
2019-01-12 05:21:00,0.4000273161264545
2019-01-12 05:24:00,0.3888050464669277
2019-01-12 05:27:00,0.4074561416970255
2019-01-12 05:30:00,0.28229346800208077
2019-01-12 05:33:00,0.4106350481640675
2019-01-12 05:36:00,0.44263369234261063
2019-01-12 05:39:00,0.42352648514662405
2019-01-12 05:42:00,0.26277726778056376
2019-01-12 05:45:00,0.4830628106095105
2019-01-12 05:48:00,0.3752721663702232
2019-01-12 05:51:00,0.2860255678828594
2019-01-12 05:54:00,0.5848792700302852
2019-01-12 05:57:00,0.4194627003566893
2019-01-12 06:00:00,0.424947659710881
2019-01-12 06:03:00,0.507295936485491
2019-01-12 06:06:00,0.42702830112625634
2019-01-12 06:09:00,0.34461042859174995
2019-01-12 06:12:00,0.4375505931411112
2019-01-12 06:15:00,0.47073094723447184
2019-01-12 06:18:00,0.36694264461499415
2019-01-12 06:21:00,0.3735566200338667
2019-01-12 06:24:00,0.4750120633314623
2019-01-12 06:27:00,0.4669671692408883
2019-01-12 06:30:00,0.38022795140886956
2019-01-12 06:33:00,0.47934552851262424
2019-01-12 06:36:00,0.40914959242678606
2019-01-12 06:39:00,0.2895373244205075
2019-01-12 06:42:00,0.40671099544397293
2019-01-12 06:45:00,0.3853554339222569
2019-01-12 06:48:00,0.3222576623087434
2019-01-12 06:51:00,0.386007918606424
2019-01-12 06:54:00,0.4079951642509627
2019-01-12 06:57:00,0.3256406458208403
2019-01-12 07:00:00,0.3636659782747529
2019-01-12 07:03:00,0.3731808873555451
2019-01-12 07:06:00,0.34180649888406833
2019-01-12 07:09:00,0.36860307799304337
2019-01-12 07:12:00,0.46961050917394687
2019-01-12 07:15:00,0.3146145018171751
2019-01-12 07:18:00,0.4696841895851662
2019-01-12 07:21:00,0.35452265240121505
2019-01-12 07:24:00,0.25956054921056193
2019-01-12 07:27:00,0.39744804967529035
2019-01-12 07:30:00,0.3612297740906456
2019-01-12 07:33:00,0.3172713709753907
2019-01-12 07:36:00,0.3690535750788513
2019-01-12 07:39:00,0.3096044021829698
2019-01-12 07:42:00,0.3978956252653916
2019-01-12 07:45:00,0.43468748295020987
2019-01-12 07:48:00,0.3846885944975611
2019-01-12 07:51:00,0.42589188604750916
2019-01-12 07:54:00,0.47258233592151555
2019-01-12 07:57:00,0.32719717875585275
2019-01-12 08:00:00,0.3924432236378834
2019-01-12 08:03:00,0.36114004768353425
2019-01-12 08:06:00,0.4800976281267708
2019-01-12 08:09:00,0.43538841663644234
2019-01-12 08:12:00,0.3644997418354592
2019-01-12 08:15:00,0.40020789383879674
2019-01-12 08:18:00,0.3060735240975987
2019-01-12 08:21:00,0.3267014184362438
2019-01-12 08:24:00,0.29037563451197457
2019-01-12 08:27:00,0.3581018435024248
2019-01-12 08:30:00,0.4401579673414062
2019-01-12 08:33:00,0.3735220312267984
2019-01-12 08:36:00,0.36169848321731024
2019-01-12 08:39:00,0.34177367316578966
2019-01-12 08:42:00,0.41571414327114553
2019-01-12 08:45:00,0.41282132823897655
2019-01-12 08:48:00,0.39056565165003576
2019-01-12 08:51:00,0.34785422062975613
2019-01-12 08:54:00,0.35339413900823047
2019-01-12 08:57:00,0.35943401157703647
2019-01-12 09:00:00,0.26868411630658784
2019-01-12 09:03:00,0.2091391435636183
2019-01-12 09:06:00,0.27649418499544254
2019-01-12 09:09:00,0.21610166070553305
2019-01-12 09:12:00,0.16035654294807955
2019-01-12 09:15:00,0.2331052849660864
2019-01-12 09:18:00,0.15088151470786215
2019-01-12 09:21:00,0.15162274205880522
2019-01-12 09:24:00,0.23691372368546126
2019-01-12 09:27:00,0.12625342617621982
2019-01-12 09:30:00,0.04735932351792371
2019-01-12 09:33:00,0.054879219891006414
2019-01-12 09:36:00,0.15866171684047004
2019-01-12 09:39:00,0.27942565142052445
2019-01-12 09:42:00,0.12961907059570876
2019-01-12 09:45:00,0.10039575837947723
2019-01-12 09:48:00,0.0848844756265521
2019-01-12 09:51:00,0.028874795792717123
2019-01-12 09:54:00,0.11428117166008178
2019-01-12 09:57:00,0.12857274859578638
2019-01-12 10:00:00,0.10276844348970826
2019-01-12 10:03:00,0.0694444972783117
2019-01-12 10:06:00,0.08178190444107258
2019-01-12 10:09:00,0.02293575746443821
2019-01-12 10:12:00,0.14412500180611687
2019-01-12 10:15:00,-0.020221874899107206
2019-01-12 10:18:00,0.004314086346823842
2019-01-12 10:21:00,-0.01968595063402745
2019-01-12 10:24:00,0.036024740889956774
2019-01-12 10:27:00,0.0678258945381458
2019-01-12 10:30:00,0.022040333590041428
2019-01-12 10:33:00,-0.0026098129980027807
2019-01-12 10:36:00,0.010868820541702462
2019-01-12 10:39:00,-0.026528214225550073
2019-01-12 10:42:00,-0.035777397784045206
2019-01-12 10:45:00,0.037346626624184864
2019-01-12 10:48:00,-0.029533880119686273
2019-01-12 10:51:00,-0.04189832472428634
2019-01-12 10:54:00,-0.0021573406364154835
2019-01-12 10:57:00,0.02239701927697979
2019-01-12 11:00:00,-0.053006152748764634
2019-01-12 11:03:00,0.0458705040661016
2019-01-12 11:06:00,0.016061270846648767
2019-01-12 11:09:00,0.023059735151889527
2019-01-12 11:12:00,0.013966264094619874
2019-01-12 11:15:00,0.051432515323654115
2019-01-12 11:18:00,0.033033382216274276
2019-01-12 11:21:00,0.06639493078188252
2019-01-12 11:24:00,0.05708645389637468
2019-01-12 11:27:00,-0.08761304287367011
2019-01-12 11:30:00,-0.04880767075485437
2019-01-12 11:33:00,-0.06837071832711672
2019-01-12 11:36:00,-0.0034089809047941344
2019-01-12 11:39:00,-0.06219485312345796
2019-01-12 11:42:00,0.01572756744144499
2019-01-12 11:45:00,-0.00839689594556603
2019-01-12 11:48:00,0.032819887755636046
2019-01-12 11:51:00,0.06822554000711989
2019-01-12 11:54:00,-0.060141244576982444
2019-01-12 11:57:00,0.022896681232566607
2019-01-12 12:00:00,-0.05812925357298582
2019-01-12 12:03:00,-0.0033192828080359504
2019-01-12 12:06:00,0.0626787169961176
2019-01-12 12:09:00,-0.0017479256855494896
2019-01-12 12:12:00,-0.0036243599616909705
2019-01-12 12:15:00,-0.08141099688185705
2019-01-12 12:18:00,-0.04314544077561777
2019-01-12 12:21:00,-0.06476470488513542
2019-01-12 12:24:00,-0.04400007825660168
2019-01-12 12:27:00,-0.08713971626070816
2019-01-12 12:30:00,-0.03289139319008427
2019-01-12 12:33:00,-0.10066807197301841
2019-01-12 12:36:00,0.0021703468618738953
2019-01-12 12:39:00,0.061984774771588036
2019-01-12 12:42:00,-0.0993663555227613
2019-01-12 12:45:00,-0.06346861970399686
2019-01-12 12:48:00,-0.09880687136603683
2019-01-12 12:51:00,-0.030849968607981282
2019-01-12 12:54:00,-0.09900452812792082
2019-01-12 12:57:00,-0.09827720149075958
2019-01-12 13:00:00,-0.12313944867861437
2019-01-12 13:03:00,-0.05599229705694597
2019-01-12 13:06:00,-0.03302709458210984
2019-01-12 13:09:00,-0.06965693141813745
2019-01-12 13:12:00,-0.1267547133750213
2019-01-12 13:15:00,-0.175310148685071
2019-01-12 13:18:00,-0.1508011133461764
2019-01-12 13:21:00,-0.10289318707111761
2019-01-12 13:24:00,-0.224348857367886
2019-01-12 13:27:00,-0.13805767799050273
2019-01-12 13:30:00,-0.05686529581373634
2019-01-12 13:33:00,-0.00028178948571166984
2019-01-12 13:36:00,0.11160157182632702
2019-01-12 13:39:00,-0.02092315839843195
2019-01-12 13:42:00,-0.051889126107028005
2019-01-12 13:45:00,-0.15944448190958838
2019-01-12 13:48:00,-0.14400164981304897
2019-01-12 13:51:00,-0.11787212276385617
2019-01-12 13:54:00,-0.20582322915299756
2019-01-12 13:57:00,-0.1701840316467269
2019-01-12 14:00:00,-0.15079113163244529
2019-01-12 14:03:00,-0.048854906631731865
2019-01-12 14:06:00,-0.07301755920912001
2019-01-12 14:09:00,-0.07866313952177961
2019-01-12 14:12:00,-0.11457176065158592
2019-01-12 14:15:00,0.0037426319566407074
2019-01-12 14:18:00,-0.011814544332992227
2019-01-12 14:21:00,-0.05390109330977566
2019-01-12 14:24:00,-0.029326670723150983
2019-01-12 14:27:00,-0.08388403456763172
2019-01-12 14:30:00,-0.10607831456519534
2019-01-12 14:33:00,-0.07152772186293532
2019-01-12 14:36:00,-0.144018282839113
2019-01-12 14:39:00,-0.17824022845326226
2019-01-12 14:42:00,-0.07466413540453232
2019-01-12 14:45:00,-0.049064801049098605
2019-01-12 14:48:00,-0.09636809518616474
2019-01-12 14:51:00,-0.15478995742108737
2019-01-12 14:54:00,-0.10507052868979372
2019-01-12 14:57:00,-0.16705746690649903
2019-01-12 15:00:00,-0.10163111705054462
2019-01-12 15:03:00,-0.12363348664683826
2019-01-12 15:06:00,-0.15034774871963918
2019-01-12 15:09:00,-0.16276499595261384
2019-01-12 15:12:00,-0.18708781890529735
2019-01-12 15:15:00,-0.10658607611878779
2019-01-12 15:18:00,-0.07314129529748925
2019-01-12 15:21:00,-0.14997755770082222
2019-01-12 15:24:00,-0.15983915209756105
2019-01-12 15:27:00,-0.11529352070039067
2019-01-12 15:30:00,-0.1341148290117644
2019-01-12 15:33:00,-0.13293208648377686
2019-01-12 15:36:00,-0.005898078942323082
2019-01-12 15:39:00,-0.11945813139391248
2019-01-12 15:42:00,-0.14743009745973268
2019-01-12 15:45:00,-0.05021705578462843
2019-01-12 15:48:00,-0.08874528935604076
2019-01-12 15:51:00,-0.10614010028086796
2019-01-12 15:54:00,-0.10223886544321203
2019-01-12 15:57:00,-0.167902032725749
2019-01-12 16:00:00,-0.1392623379974225
2019-01-12 16:03:00,-0.11975271567786194
2019-01-12 16:06:00,-0.10338325819475358
2019-01-12 16:09:00,-0.20972467201050904
2019-01-12 16:12:00,-0.11713385789465747
2019-01-12 16:15:00,-0.1583576821814745
2019-01-12 16:18:00,-0.21078342384936377
2019-01-12 16:21:00,-0.027062394402150858
2019-01-12 16:24:00,-0.13902831038444674
2019-01-12 16:27:00,-0.03983067057043854
2019-01-12 16:30:00,-0.039474399443463426
2019-01-12 16:33:00,-0.06885158155739646
2019-01-12 16:36:00,-0.010191717151712965
2019-01-12 16:39:00,-0.06239598721759876
2019-01-12 16:42:00,-0.05890240097005517
2019-01-12 16:45:00,-0.1399357409620734
2019-01-12 16:48:00,0.0072356136543589855
2019-01-12 16:51:00,-0.06388646204584347
2019-01-12 16:54:00,0.014298630282951308
2019-01-12 16:57:00,-0.01085423135725705
2019-01-12 17:00:00,-0.08469630817552343
2019-01-12 17:03:00,-0.10873689448970936
2019-01-12 17:06:00,0.09593384607785538
2019-01-12 17:09:00,-0.012184530169292884
2019-01-12 17:12:00,0.01598474618964474
2019-01-12 17:15:00,0.08824812509618596
2019-01-12 17:18:00,0.11816228760545755
2019-01-12 17:21:00,0.08707952464976643
2019-01-12 17:24:00,0.04113746813055741
2019-01-12 17:27:00,-0.013743365173468192
2019-01-12 17:30:00,0.04510045529434592
2019-01-12 17:33:00,-0.05478430905202458
2019-01-12 17:36:00,0.07562295258463791
2019-01-12 17:39:00,0.04715158822222065
2019-01-12 17:42:00,0.051780512859011196
2019-01-12 17:45:00,0.04217116039154689
2019-01-12 17:48:00,-0.038052377793349024
2019-01-12 17:51:00,0.08758012806453053
2019-01-12 17:54:00,0.055009302179314545
2019-01-12 17:57:00,0.0944585818382393
2019-01-12 18:00:00,0.06311439696725074
2019-01-12 18:03:00,0.06444797109577394
2019-01-12 18:06:00,0.05758719949199076
2019-01-12 18:09:00,0.0444154526558691
2019-01-12 18:12:00,-0.019987402566243873
2019-01-12 18:15:00,0.07878030041331385
2019-01-12 18:18:00,-0.044904968977618864
2019-01-12 18:21:00,0.101093184733827
2019-01-12 18:24:00,0.006632628984618805
2019-01-12 18:27:00,0.03216938526202284
2019-01-12 18:30:00,0.052875987631125554
2019-01-12 18:33:00,0.05812372192406201
2019-01-12 18:36:00,0.08006366729438241
2019-01-12 18:39:00,0.09008822389529314
2019-01-12 18:42:00,0.04540671987768974
2019-01-12 18:45:00,0.08186773459726737
2019-01-12 18:48:00,0.0789950776469368
2019-01-12 18:51:00,0.0429881842769646
2019-01-12 18:54:00,0.0372882713380136
2019-01-12 18:57:00,
2019-01-12 19:00:00,
2019-01-12 19:03:00,0.14457948012216093
2019-01-12 19:06:00,0.053675780174728516
2019-01-12 19:09:00,0.11033753821863002
2019-01-12 19:12:00,0.1230725338244838
2019-01-12 19:15:00,0.06783127086669083
2019-01-12 19:18:00,0.0949671652749089
2019-01-12 19:21:00,0.1558961871785982
2019-01-12 19:24:00,0.14090706333178105
2019-01-12 19:27:00,0.16289772352490672
2019-01-12 19:30:00,0.08491276975263418
2019-01-12 19:33:00,0.16151506916708058
2019-01-12 19:36:00,0.061909126964906136
2019-01-12 19:39:00,0.08213893645125836
2019-01-12 19:42:00,0.09778657970304039
2019-01-12 19:45:00,0.1231216012450318
2019-01-12 19:48:00,0.20187785257223823
2019-01-12 19:51:00,0.11532270963772362
2019-01-12 19:54:00,0.09986260350660814
2019-01-12 19:57:00,0.11467296505094282
2019-01-12 20:00:00,0.2277500934866339
2019-01-12 20:03:00,0.1888499579930567
2019-01-12 20:06:00,0.12262454304880066
2019-01-12 20:09:00,0.23656586245050448
2019-01-12 20:12:00,0.19513343375689374
2019-01-12 20:15:00,0.22522408918780457
2019-01-12 20:18:00,0.12705977853238437
2019-01-12 20:21:00,0.11760944785152105
2019-01-12 20:24:00,0.24164373230638603
2019-01-12 20:27:00,0.19550541588898795
2019-01-12 20:30:00,0.24818889748615902
2019-01-12 20:33:00,0.2387038255508287
2019-01-12 20:36:00,0.16527362439842364
2019-01-12 20:39:00,0.2504175664852255
2019-01-12 20:42:00,0.17095625707088402
2019-01-12 20:45:00,0.14067256423686558
2019-01-12 20:48:00,0.2588071725593295
2019-01-12 20:51:00,0.16872029094253094
2019-01-12 20:54:00,0.14004654974047526
2019-01-12 20:57:00,0.17651789833456633
2019-01-12 21:00:00,0.17569633663583772
2019-01-12 21:03:00,0.23044335520307868
2019-01-12 21:06:00,0.25758938508209894
2019-01-12 21:09:00,0.12910525312196341
2019-01-12 21:12:00,0.202738440870462
2019-01-12 21:15:00,0.10503483074688802
2019-01-12 21:18:00,0.18419206388063003
2019-01-12 21:21:00,0.1643738029290489
2019-01-12 21:24:00,0.1974974142544852
2019-01-12 21:27:00,0.2922525665100011
2019-01-12 21:30:00,0.20125406597890105
2019-01-12 21:33:00,0.26515309002707
2019-01-12 21:36:00,0.23449817012067342
2019-01-12 21:39:00,0.09331773862925274
2019-01-12 21:42:00,0.18585448556166284
2019-01-12 21:45:00,0.15847834970907115
2019-01-12 21:48:00,0.223214665883404
2019-01-12 21:51:00,0.22921845696833998
2019-01-12 21:54:00,0.19252688182763222
2019-01-12 21:57:00,0.09310316999147972
2019-01-12 22:00:00,0.17904452584878072
2019-01-12 22:03:00,0.10016869651946081
2019-01-12 22:06:00,0.1760994739397006
2019-01-12 22:09:00,0.14100591218681302
2019-01-12 22:12:00,0.18577531697917493
2019-01-12 22:15:00,0.17377772923714474
2019-01-12 22:18:00,0.17620753645064724
2019-01-12 22:21:00,0.2860341113580489
2019-01-12 22:24:00,0.1307876997373114
2019-01-12 22:27:00,0.1630052763929939
2019-01-12 22:30:00,0.2656841495251001
2019-01-12 22:33:00,0.27832024465993754
2019-01-12 22:36:00,0.25949565463105273
2019-01-12 22:39:00,0.27185418171200126
2019-01-12 22:42:00,0.2336811732145634
2019-01-12 22:45:00,0.18754153191736123
2019-01-12 22:48:00,0.24208286912158883
2019-01-12 22:51:00,0.18596885887114922
2019-01-12 22:54:00,0.2894219949789658
2019-01-12 22:57:00,0.20272323343533571
2019-01-12 23:00:00,0.23769915415851983
2019-01-12 23:03:00,0.23416895067185806
2019-01-12 23:06:00,0.23333579542196503
2019-01-12 23:09:00,0.20025028226444874
2019-01-12 23:12:00,0.183220752961347
2019-01-12 23:15:00,0.2130088377890047
2019-01-12 23:18:00,0.3185624801628819
2019-01-12 23:21:00,0.22282890603975147
2019-01-12 23:24:00,0.27100711414453826
2019-01-12 23:27:00,0.1717205142271041
2019-01-12 23:30:00,0.2812732436869396
2019-01-12 23:33:00,0.1868232360006914
2019-01-12 23:36:00,0.20441991509591162
2019-01-12 23:39:00,0.27932923923879116
2019-01-12 23:42:00,0.19945025134359184
2019-01-12 23:45:00,0.2627586273409861
2019-01-12 23:48:00,0.306431803285534
2019-01-12 23:51:00,0.2331552585530403
2019-01-12 23:54:00,0.32997763137376523
2019-01-12 23:57:00,0.24460389065359323
2019-01-13 00:00:00,0.24002488301579206
2019-01-13 00:03:00,0.2563718107396653
2019-01-13 00:06:00,0.21097180518535197
2019-01-13 00:09:00,0.2891612201042335
2019-01-13 00:12:00,0.18064991374927786
2019-01-13 00:15:00,0.2932851507894725
2019-01-13 00:18:00,0.31058994671298024
2019-01-13 00:21:00,0.25116239847636734
2019-01-13 00:24:00,0.28556737865164905
2019-01-13 00:27:00,0.23282762905091658
2019-01-13 00:30:00,0.273129494307625
2019-01-13 00:33:00,0.22320136807633162
2019-01-13 00:36:00,0.2617299235721475
2019-01-13 00:39:00,0.20298330652451568
2019-01-13 00:42:00,0.3385082446127967
2019-01-13 00:45:00,0.2542430661954427
2019-01-13 00:48:00,0.2803757837949661
2019-01-13 00:51:00,0.26734492775329954
2019-01-13 00:54:00,0.34253005861194197
2019-01-13 00:57:00,0.31110631262151855
2019-01-13 01:00:00,0.3019480433055719
2019-01-13 01:03:00,0.32569462465244214
2019-01-13 01:06:00,0.30492584280909796
2019-01-13 01:09:00,0.36995776254502744
2019-01-13 01:12:00,0.3332756323561057
2019-01-13 01:15:00,0.312008229862613
2019-01-13 01:18:00,0.1935388116103809
2019-01-13 01:21:00,0.1909983653309837
2019-01-13 01:24:00,0.339564623141257
2019-01-13 01:27:00,0.3066962756158773
2019-01-13 01:30:00,0.36764563941221695
2019-01-13 01:33:00,0.28404695995169504
2019-01-13 01:36:00,0.21474128527427183
2019-01-13 01:39:00,0.3083037743329555
2019-01-13 01:42:00,0.36213278347838695
2019-01-13 01:45:00,0.31548678727426704
2019-01-13 01:48:00,0.4138657953153029
2019-01-13 01:51:00,0.300785475975772
2019-01-13 01:54:00,0.36500265439150326
2019-01-13 01:57:00,0.37327436873579245
2019-01-13 02:00:00,0.3082131480776411
2019-01-13 02:03:00,0.26618214672868135
2019-01-13 02:06:00,0.33015672873489166
2019-01-13 02:09:00,0.3068229602646966
2019-01-13 02:12:00,0.3808855262776092
2019-01-13 02:15:00,0.3114083968924888
2019-01-13 02:18:00,0.3326707165429639
2019-01-13 02:21:00,0.32492672985739546
2019-01-13 02:24:00,0.34560448808133515
2019-01-13 02:27:00,0.3413645731193924
2019-01-13 02:30:00,0.31795940408647994
2019-01-13 02:33:00,0.3081409128906216
2019-01-13 02:36:00,0.3646957624103493
2019-01-13 02:39:00,0.3244271158491756
2019-01-13 02:42:00,0.3521367661517729
2019-01-13 02:45:00,0.5147417024992365
2019-01-13 02:48:00,0.5194929728990587
2019-01-13 02:51:00,0.5375150160687099
2019-01-13 02:54:00,0.41978429640278137
2019-01-13 02:57:00,0.3897858989038241
2019-01-13 03:00:00,0.5219512760478437
2019-01-13 03:03:00,0.5480140103280178
2019-01-13 03:06:00,0.38952209990299025
2019-01-13 03:09:00,0.45730427126090945
2019-01-13 03:12:00,0.3269718362028584
2019-01-13 03:15:00,0.3421106865986303
2019-01-13 03:18:00,0.3311898227653387
2019-01-13 03:21:00,0.2569607016091595
2019-01-13 03:24:00,0.3037911273955842
2019-01-13 03:27:00,0.28359407989836427
2019-01-13 03:30:00,0.28402480595622137
2019-01-13 03:33:00,0.2310646319335774
2019-01-13 03:36:00,0.1948532662100888
2019-01-13 03:39:00,0.35457934293788185
2019-01-13 03:42:00,0.34105902879076666
2019-01-13 03:45:00,0.32421140589593733
2019-01-13 03:48:00,0.279298843900051
2019-01-13 03:51:00,0.2821245077285539
2019-01-13 03:54:00,0.22757283892349278
2019-01-13 03:57:00,0.3866623004857388
2019-01-13 04:00:00,0.2548953422013369
2019-01-13 04:03:00,0.250722074953444
2019-01-13 04:06:00,0.2288453279797409
2019-01-13 04:09:00,0.2880751526808467
2019-01-13 04:12:00,0.28338811477544823
2019-01-13 04:15:00,0.2588645343753342
2019-01-13 04:18:00,0.28181648291803185
2019-01-13 04:21:00,0.27932030372670624
2019-01-13 04:24:00,0.43619243641404637
2019-01-13 04:27:00,0.34591767043770005
2019-01-13 04:30:00,0.32724168547269983
2019-01-13 04:33:00,0.38293500433707095
2019-01-13 04:36:00,0.4518126079894387
2019-01-13 04:39:00,0.2724320368368467
2019-01-13 04:42:00,0.336907174127532
2019-01-13 04:45:00,0.3356938161281846
2019-01-13 04:48:00,0.33570118847006825
2019-01-13 04:51:00,0.30772266834662787
2019-01-13 04:54:00,0.3609045095907959
2019-01-13 04:57:00,0.32342216012131075
2019-01-13 05:00:00,0.30158712994955295
2019-01-13 05:03:00,0.35323966569171716
2019-01-13 05:06:00,0.335519775657815
2019-01-13 05:09:00,0.3796110585334418
2019-01-13 05:12:00,0.36386283569532907
2019-01-13 05:15:00,0.36326721564512354
2019-01-13 05:18:00,0.3543074237671817
2019-01-13 05:21:00,0.37131364597627226
2019-01-13 05:24:00,0.3388197233690562
2019-01-13 05:27:00,0.4088585841784038
2019-01-13 05:30:00,0.3162208149253729
2019-01-13 05:33:00,0.3497118752536039
2019-01-13 05:36:00,0.32206493301885075
2019-01-13 05:39:00,0.2198431245654433
2019-01-13 05:42:00,0.31737369725425424
2019-01-13 05:45:00,0.25221429691487174
2019-01-13 05:48:00,0.30641700729057675
2019-01-13 05:51:00,0.33378366700475226
2019-01-13 05:54:00,0.237569023218839
2019-01-13 05:57:00,0.3627736812838407
2019-01-13 06:00:00,0.2447689700642286
2019-01-13 06:03:00,0.264213600277003
2019-01-13 06:06:00,0.31152208487606003
2019-01-13 06:09:00,0.31597940371403865
2019-01-13 06:12:00,0.3374679919831465
2019-01-13 06:15:00,0.31874208587464636
2019-01-13 06:18:00,0.3165594537878178
2019-01-13 06:21:00,0.2837166983206316
2019-01-13 06:24:00,0.26215251342233614
2019-01-13 06:27:00,0.35231948369937527
2019-01-13 06:30:00,0.3512493827135472
2019-01-13 06:33:00,0.34289379217909755
2019-01-13 06:36:00,0.3117393059038136
2019-01-13 06:39:00,0.2833996698832948
2019-01-13 06:42:00,0.29103516718299716
2019-01-13 06:45:00,0.3924157190245978
2019-01-13 06:48:00,0.3334337720991698
2019-01-13 06:51:00,0.35114048596943803
2019-01-13 06:54:00,0.2945707215569655
2019-01-13 06:57:00,0.34853632039374816
2019-01-13 07:00:00,0.3101067639202597
2019-01-13 07:03:00,0.185502059899477
2019-01-13 07:06:00,0.3047223702491806
2019-01-13 07:09:00,0.43638392212216104
2019-01-13 07:12:00,0.30480236905088987
2019-01-13 07:15:00,0.35491533066488046
2019-01-13 07:18:00,0.3014604519239583
2019-01-13 07:21:00,0.35612490306630207
2019-01-13 07:24:00,0.3212781945488814
2019-01-13 07:27:00,0.2942902765301483
2019-01-13 07:30:00,0.28469443961091656
2019-01-13 07:33:00,0.33969312052437317
2019-01-13 07:36:00,0.2798498949936743
2019-01-13 07:39:00,0.3095471925540778
2019-01-13 07:42:00,0.28143962409842516
2019-01-13 07:45:00,0.30248626853216365
2019-01-13 07:48:00,0.21093887457391247
2019-01-13 07:51:00,0.2428281997757722
2019-01-13 07:54:00,0.2602299990388133
2019-01-13 07:57:00,0.22099999348091615
2019-01-13 08:00:00,0.30581878825455533
2019-01-13 08:03:00,0.25677595241347717
2019-01-13 08:06:00,0.25442216477887314
2019-01-13 08:09:00,0.2511879641925816
2019-01-13 08:12:00,0.3610363193236026
2019-01-13 08:15:00,0.33206177365451595
2019-01-13 08:18:00,0.31441458398188615
2019-01-13 08:21:00,0.2969068581551255
2019-01-13 08:24:00,0.2543047225673263
2019-01-13 08:27:00,0.3486061509979663
2019-01-13 08:30:00,0.23230493221313964
2019-01-13 08:33:00,0.27487910110960456
2019-01-13 08:36:00,0.21729826755296244
2019-01-13 08:39:00,0.23476429170301572
2019-01-13 08:42:00,0.13620707958091316
2019-01-13 08:45:00,0.2016558234798822
2019-01-13 08:48:00,0.2047245173418446
2019-01-13 08:51:00,0.16681195975252194
2019-01-13 08:54:00,0.21488769208860958
2019-01-13 08:57:00,0.09836270890377818
2019-01-13 09:00:00,0.1784380718103762
2019-01-13 09:03:00,0.1640796587851696
2019-01-13 09:06:00,0.13847910354894566
2019-01-13 09:09:00,0.13660633082258755
2019-01-13 09:12:00,0.20445053617117992
2019-01-13 09:15:00,0.15747389575966508
2019-01-13 09:18:00,0.16641263281871943
2019-01-13 09:21:00,0.20557914723963222
2019-01-13 09:24:00,0.17227710636404936
2019-01-13 09:27:00,0.24294920436699385
2019-01-13 09:30:00,0.22980173894274003
2019-01-13 09:33:00,0.1479514682393983
2019-01-13 09:36:00,0.18754879690021653
2019-01-13 09:39:00,0.15936187566887838
2019-01-13 09:42:00,0.2795191596400741
2019-01-13 09:45:00,0.1391631707285228
2019-01-13 09:48:00,0.2045459631233939
2019-01-13 09:51:00,0.1911629209243415
2019-01-13 09:54:00,0.16436070579038642
2019-01-13 09:57:00,0.13593336892336083
2019-01-13 10:00:00,0.11976074144024551
2019-01-13 10:03:00,0.10824876954342244
2019-01-13 10:06:00,0.08410365470007264
2019-01-13 10:09:00,0.1030065680511143
2019-01-13 10:12:00,0.05914786693364249
2019-01-13 10:15:00,0.07462545752542837
2019-01-13 10:18:00,0.05114402908708371
2019-01-13 10:21:00,0.03050809657480613
2019-01-13 10:24:00,0.0787416079812715
2019-01-13 10:27:00,0.1143728323517621
2019-01-13 10:30:00,-0.029666618066755746
2019-01-13 10:33:00,0.12894182052275482
2019-01-13 10:36:00,0.02970145648083644
2019-01-13 10:39:00,-0.03600853040529728
2019-01-13 10:42:00,0.051961037813953226
2019-01-13 10:45:00,-0.052601715267371674
2019-01-13 10:48:00,0.04457353770789041
2019-01-13 10:51:00,-0.016491006081139403
2019-01-13 10:54:00,-0.003899842936391451
2019-01-13 10:57:00,-0.0399150558661745
2019-01-13 11:00:00,-0.09935718021051798
2019-01-13 11:03:00,0.014938958729885599
2019-01-13 11:06:00,-0.15340841683047302
2019-01-13 11:09:00,-0.029725550412194934
2019-01-13 11:12:00,-0.09678332310579663
2019-01-13 11:15:00,-0.04050005615772534
2019-01-13 11:18:00,-0.030060605980622768
2019-01-13 11:21:00,-0.1406166679104217
2019-01-13 11:24:00,-0.06424383465548544
2019-01-13 11:27:00,0.021123966951336115
2019-01-13 11:30:00,-0.16311487141490488
2019-01-13 11:33:00,-0.22043289182806802
2019-01-13 11:36:00,-0.11832494793407022
2019-01-13 11:39:00,-0.20856046896363978
2019-01-13 11:42:00,-0.22905795557193187
2019-01-13 11:45:00,-0.12189918921620801
2019-01-13 11:48:00,-0.11622241936049704
2019-01-13 11:51:00,-0.08676970480001955
2019-01-13 11:54:00,-0.006380823982169659
2019-01-13 11:57:00,0.07695620760796373
2019-01-13 12:00:00,0.09663334806248258
2019-01-13 12:03:00,0.15197376340449864
2019-01-13 12:06:00,0.14100474337868718
2019-01-13 12:09:00,0.05352948322070006
2019-01-13 12:12:00,0.13840379767287914
2019-01-13 12:15:00,0.12305112025740073
2019-01-13 12:18:00,-0.028347666780803138
2019-01-13 12:21:00,0.04912825141735766
2019-01-13 12:24:00,0.018221667666693975
2019-01-13 12:27:00,-0.010022094271107562
2019-01-13 12:30:00,-0.001983093065007324
2019-01-13 12:33:00,0.0020339563872653343
2019-01-13 12:36:00,0.0625107169201442
2019-01-13 12:39:00,0.14616129638494613
2019-01-13 12:42:00,0.05650055624550987
2019-01-13 12:45:00,0.12569256361803127
2019-01-13 12:48:00,0.08634545202295385
2019-01-13 12:51:00,-0.054151890773539435
2019-01-13 12:54:00,0.08879326129653009
2019-01-13 12:57:00,0.13136546487999112
2019-01-13 13:00:00,-0.026177373515565705
2019-01-13 13:03:00,-0.006228517663544153
2019-01-13 13:06:00,-0.055719540756456354
2019-01-13 13:09:00,-0.1954485770561405
2019-01-13 13:12:00,-0.12262147326140393
2019-01-13 13:15:00,-0.14240082471837923
2019-01-13 13:18:00,-0.283382088648068
2019-01-13 13:21:00,-0.2844624361911201
2019-01-13 13:24:00,-0.3158750959549934
2019-01-13 13:27:00,-0.254474031999564
2019-01-13 13:30:00,-0.15880794981507051
2019-01-13 13:33:00,-0.17081157120787793
2019-01-13 13:36:00,-0.26696723813444123
2019-01-13 13:39:00,-0.20656480402914212
2019-01-13 13:42:00,-0.1735109354146971
2019-01-13 13:45:00,-0.3024730547087984
2019-01-13 13:48:00,-0.1816692829401063
2019-01-13 13:51:00,-0.15693425124203486
2019-01-13 13:54:00,-0.06795232623170477
2019-01-13 13:57:00,-0.19284091693504024
2019-01-13 14:00:00,-0.03899552237487569
2019-01-13 14:03:00,-0.14330074760744083
2019-01-13 14:06:00,-0.1982675537378782
2019-01-13 14:09:00,-0.2629024977890708
2019-01-13 14:12:00,-0.2593072519752013
2019-01-13 14:15:00,-0.31698362457944995
2019-01-13 14:18:00,-0.2285536256990781
2019-01-13 14:21:00,-0.2530947603643767
2019-01-13 14:24:00,-0.2736551878065825
2019-01-13 14:27:00,-0.20512828608957534
2019-01-13 14:30:00,-0.3491625731389263
2019-01-13 14:33:00,-0.2286589719130916
2019-01-13 14:36:00,-0.1807680824763338
2019-01-13 14:39:00,-0.1308638114230689
2019-01-13 14:42:00,-0.3001219292781343
2019-01-13 14:45:00,-0.3246425899030214
2019-01-13 14:48:00,-0.198557005378575
2019-01-13 14:51:00,-0.37163835365674913
2019-01-13 14:54:00,-0.2573284083774183
2019-01-13 14:57:00,-0.2519557484926054
2019-01-13 15:00:00,-0.1559283718144684
2019-01-13 15:03:00,-0.2518068441124228
2019-01-13 15:06:00,-0.2223279594772407
2019-01-13 15:09:00,-0.30166998351091934
2019-01-13 15:12:00,-0.34169927285455515
2019-01-13 15:15:00,-0.25673526563957694
2019-01-13 15:18:00,-0.04959391456304729
2019-01-13 15:21:00,0.08550744468277571
2019-01-13 15:24:00,-0.025716743148336718
2019-01-13 15:27:00,0.17354609086453365
2019-01-13 15:30:00,0.0046590239215333895
2019-01-13 15:33:00,0.10686560983452864
2019-01-13 15:36:00,-0.07963739238579137
2019-01-13 15:39:00,-0.10976094614602516
2019-01-13 15:42:00,-0.08753383154868288
2019-01-13 15:45:00,-0.23260233784014872
2019-01-13 15:48:00,-0.2022343842373857
2019-01-13 15:51:00,-0.22275476552397322
2019-01-13 15:54:00,-0.21061045031973435
2019-01-13 15:57:00,-0.25002468136386824
2019-01-13 16:00:00,-0.19035631896673522
2019-01-13 16:03:00,-0.13395582125821193
2019-01-13 16:06:00,-0.09788916316682617
2019-01-13 16:09:00,-0.15016777489677224
2019-01-13 16:12:00,-0.1581829536541477
2019-01-13 16:15:00,-0.1704677915795969
2019-01-13 16:18:00,-0.23385837322314273
2019-01-13 16:21:00,-0.22570593477371403
2019-01-13 16:24:00,-0.20496501589383342
2019-01-13 16:27:00,-0.12214540724096423
2019-01-13 16:30:00,-0.20359016519813622
2019-01-13 16:33:00,-0.23583057404738383
2019-01-13 16:36:00,-0.3362785881498098
2019-01-13 16:39:00,-0.2592683816728254
2019-01-13 16:42:00,-0.261460467265465
2019-01-13 16:45:00,-0.2463870973710982
2019-01-13 16:48:00,-0.2606537755774525
2019-01-13 16:51:00,-0.2301917094510486
2019-01-13 16:54:00,-0.15899154871664223
2019-01-13 16:57:00,-0.2204378926819004
2019-01-13 17:00:00,-0.19221584968568095
2019-01-13 17:03:00,-0.18398026772581488
2019-01-13 17:06:00,-0.32521174451505885
2019-01-13 17:09:00,-0.1593662714490165
2019-01-13 17:12:00,-0.1330318460022113
2019-01-13 17:15:00,-0.09378328276494585
2019-01-13 17:18:00,-0.08642186352159342
2019-01-13 17:21:00,-0.1504474290927078
2019-01-13 17:24:00,-0.09048740123915877
2019-01-13 17:27:00,-0.11400757078939705
2019-01-13 17:30:00,-0.06499151313278162
2019-01-13 17:33:00,-0.11107514136364216
2019-01-13 17:36:00,-0.15180865717627512
2019-01-13 17:39:00,-0.09055067801432415
2019-01-13 17:42:00,-0.05861202633650464
2019-01-13 17:45:00,-0.1313738551257302
2019-01-13 17:48:00,-0.09603750570221337
2019-01-13 17:51:00,-0.12113778756508964
2019-01-13 17:54:00,-0.1067222481424892
2019-01-13 17:57:00,-0.0383325809406756
2019-01-13 18:00:00,-0.005889187236050475
2019-01-13 18:03:00,0.12287409161694995
2019-01-13 18:06:00,0.04153285770246384
2019-01-13 18:09:00,0.052252552140942043
2019-01-13 18:12:00,0.03692141249069891
2019-01-13 18:15:00,-0.024614115386725643
2019-01-13 18:18:00,-0.0448401374960099
2019-01-13 18:21:00,0.06668990073507075
2019-01-13 18:24:00,0.10467856059523228
2019-01-13 18:27:00,0.10004924297254547
2019-01-13 18:30:00,0.10028338652739421
2019-01-13 18:33:00,0.04357196681809228
2019-01-13 18:36:00,0.08373212932849583
2019-01-13 18:39:00,0.11518690470649062
2019-01-13 18:42:00,0.08502217878572083
2019-01-13 18:45:00,0.13528644983131244
2019-01-13 18:48:00,0.19993027805122665
2019-01-13 18:51:00,0.11589043328774551
2019-01-13 18:54:00,
2019-01-13 18:57:00,
2019-01-13 19:00:00,
2019-01-13 19:03:00,0.1001118134565786
2019-01-13 19:06:00,0.08817811418123256
2019-01-13 19:09:00,0.0788878456514226
2019-01-13 19:12:00,0.20025722301630822
2019-01-13 19:15:00,0.09417231186461095
2019-01-13 19:18:00,0.15068287729275198
2019-01-13 19:21:00,0.19888958928686407
2019-01-13 19:24:00,0.18876513932281114
2019-01-13 19:27:00,0.1328467063939911
2019-01-13 19:30:00,0.1422810242054311
2019-01-13 19:33:00,0.1860429430799968
2019-01-13 19:36:00,0.09908473257149808
2019-01-13 19:39:00,0.1681154277827659
2019-01-13 19:42:00,0.04906946262059364
2019-01-13 19:45:00,0.10844271540378259
2019-01-13 19:48:00,0.1096903068254278
2019-01-13 19:51:00,0.23146060928712586
2019-01-13 19:54:00,0.158354025700703
2019-01-13 19:57:00,0.14083224809149897
2019-01-13 20:00:00,0.13641322090415997
2019-01-13 20:03:00,0.06443802216176664
2019-01-13 20:06:00,0.06428857199330196
2019-01-13 20:09:00,0.023575582148623653
2019-01-13 20:12:00,0.21699098807039263
2019-01-13 20:15:00,0.055294684378679904
2019-01-13 20:18:00,0.12078162510840684
2019-01-13 20:21:00,0.05694096251340852
2019-01-13 20:24:00,0.12388988607204965
2019-01-13 20:27:00,0.17990957478838254
2019-01-13 20:30:00,0.1931594441497282
2019-01-13 20:33:00,0.16490059665454737
2019-01-13 20:36:00,0.12966692452425832
2019-01-13 20:39:00,0.14291978735116118
2019-01-13 20:42:00,0.029347481718104973
2019-01-13 20:45:00,0.10258389487142949
2019-01-13 20:48:00,0.09322733969372621
2019-01-13 20:51:00,0.0918363753705762
2019-01-13 20:54:00,0.05420623976516481
2019-01-13 20:57:00,0.21903409829667453
2019-01-13 21:00:00,0.028934390711185642
2019-01-13 21:03:00,0.14117936690104216
2019-01-13 21:06:00,0.1511646245267002
2019-01-13 21:09:00,0.218826957523504
2019-01-13 21:12:00,0.20766811810005947
2019-01-13 21:15:00,0.07042617795156048
2019-01-13 21:18:00,0.06953747576585556
2019-01-13 21:21:00,0.14461472839229828
2019-01-13 21:24:00,0.20624094049884434
2019-01-13 21:27:00,0.14999545830056604
2019-01-13 21:30:00,0.12166149468976073
2019-01-13 21:33:00,0.13685133105116165
2019-01-13 21:36:00,0.023824460336925313
2019-01-13 21:39:00,0.20289586169997165
2019-01-13 21:42:00,0.10060515567209904
2019-01-13 21:45:00,0.1612150538076662
2019-01-13 21:48:00,0.2150024827419088
2019-01-13 21:51:00,0.18867661062256502
2019-01-13 21:54:00,0.1327603226853853
2019-01-13 21:57:00,0.23772839673665658
2019-01-13 22:00:00,0.225150842601181
2019-01-13 22:03:00,0.20537193632958406
2019-01-13 22:06:00,0.2859806174250821
2019-01-13 22:09:00,0.26163461361704776
2019-01-13 22:12:00,0.2474249071505028
2019-01-13 22:15:00,0.18612925094549837
2019-01-13 22:18:00,0.2798858406372915
2019-01-13 22:21:00,0.2581474658587126
2019-01-13 22:24:00,0.2000013663926552
2019-01-13 22:27:00,0.23734493051665595
2019-01-13 22:30:00,0.18469587432525714
2019-01-13 22:33:00,0.235676914621763
2019-01-13 22:36:00,0.33219270827657965
2019-01-13 22:39:00,0.29839576542622126
2019-01-13 22:42:00,0.21754261512364792
2019-01-13 22:45:00,0.33793427354038386
2019-01-13 22:48:00,0.2605067611247591
2019-01-13 22:51:00,0.3282522218623285
2019-01-13 22:54:00,0.22039051077075555
2019-01-13 22:57:00,0.2007486228410471
2019-01-13 23:00:00,0.2462006112036761
2019-01-13 23:03:00,0.1842743826443325
2019-01-13 23:06:00,0.16241838657902008
2019-01-13 23:09:00,0.15451468584751638
2019-01-13 23:12:00,0.26957222811182646
2019-01-13 23:15:00,0.23545100282524345
2019-01-13 23:18:00,0.22031105122908912
2019-01-13 23:21:00,0.26668808689913703
2019-01-13 23:24:00,0.1996021585190988
2019-01-13 23:27:00,0.21854893671047648
2019-01-13 23:30:00,0.3140024148320322
2019-01-13 23:33:00,0.2886434414063501
2019-01-13 23:36:00,0.2572609477282981
2019-01-13 23:39:00,0.27982951255626176
2019-01-13 23:42:00,0.21708701286496535
2019-01-13 23:45:00,0.2777637368573096
2019-01-13 23:48:00,0.296060646805131
2019-01-13 23:51:00,0.43069702406137367
2019-01-13 23:54:00,0.3588007064698786
2019-01-13 23:57:00,0.3906332479085677
2019-01-14 00:00:00,0.36721578295333757
2019-01-14 00:03:00,0.3747720011970159
2019-01-14 00:06:00,0.26836381752974603
2019-01-14 00:09:00,0.30042451987219465
2019-01-14 00:12:00,0.3616233221879952
2019-01-14 00:15:00,0.29578603887370036
2019-01-14 00:18:00,0.2681969212126205
2019-01-14 00:21:00,0.33543436037854235
2019-01-14 00:24:00,0.24207305030546422
2019-01-14 00:27:00,0.24836856298804832
2019-01-14 00:30:00,0.12058954795401178
2019-01-14 00:33:00,0.20907392941194303
2019-01-14 00:36:00,0.2317683387842635
2019-01-14 00:39:00,0.20083567748639553
2019-01-14 00:42:00,0.1690919423969035
2019-01-14 00:45:00,0.24504004193482842
2019-01-14 00:48:00,0.26242949282323025
2019-01-14 00:51:00,0.21272265787843025
2019-01-14 00:54:00,0.20836915959915814
2019-01-14 00:57:00,0.20258082668851785
2019-01-14 01:00:00,0.19007770787908385
2019-01-14 01:03:00,0.2064950751316701
2019-01-14 01:06:00,0.1458209178011316
2019-01-14 01:09:00,0.22022986293831082
2019-01-14 01:12:00,0.27299826344506073
2019-01-14 01:15:00,0.26272542407463106
2019-01-14 01:18:00,0.21965876451412214
2019-01-14 01:21:00,0.3053093148578796
2019-01-14 01:24:00,0.2596064113899388
2019-01-14 01:27:00,0.26622426836354407
2019-01-14 01:30:00,0.2685744157218437
2019-01-14 01:33:00,0.16616523491745738
2019-01-14 01:36:00,0.32517090886187816
2019-01-14 01:39:00,0.19267542087078482
2019-01-14 01:42:00,0.35906767904390335
2019-01-14 01:45:00,0.28645080919574184
2019-01-14 01:48:00,0.159117865691087
2019-01-14 01:51:00,0.20000475357653613
2019-01-14 01:54:00,0.11890543314888191
2019-01-14 01:57:00,0.19530291732962723
2019-01-14 02:00:00,0.2550166024309988
2019-01-14 02:03:00,0.20776241608450619
2019-01-14 02:06:00,0.2525063855791245
2019-01-14 02:09:00,0.1652215188010473
2019-01-14 02:12:00,0.1653765869569952
2019-01-14 02:15:00,0.23685999502720279
2019-01-14 02:18:00,0.22779497353394618
2019-01-14 02:21:00,0.2039707053775146
2019-01-14 02:24:00,0.19610523567439486
2019-01-14 02:27:00,0.22268131760301912
2019-01-14 02:30:00,0.26778438881046895
2019-01-14 02:33:00,0.2057238808113766
2019-01-14 02:36:00,0.20242422908665958
2019-01-14 02:39:00,0.1786599135209599
2019-01-14 02:42:00,0.15680843666405053
2019-01-14 02:45:00,0.27514049910257654
2019-01-14 02:48:00,0.19122934375644718
2019-01-14 02:51:00,0.2830864508585478
2019-01-14 02:54:00,0.17039558443968872
2019-01-14 02:57:00,0.22111770443069645
2019-01-14 03:00:00,0.23723763577248747
2019-01-14 03:03:00,0.2807465313163675
2019-01-14 03:06:00,0.19244512421687432
2019-01-14 03:09:00,0.19474029526656977
2019-01-14 03:12:00,0.2046571318273891
2019-01-14 03:15:00,0.33882430496913685
2019-01-14 03:18:00,0.2757286681979849
2019-01-14 03:21:00,0.3791397018188718
2019-01-14 03:24:00,0.22670967448198098
2019-01-14 03:27:00,0.17447563161232438
2019-01-14 03:30:00,0.2335053014706432
2019-01-14 03:33:00,0.2804928257117467
2019-01-14 03:36:00,0.2810725373135483
2019-01-14 03:39:00,0.21483362421054153
2019-01-14 03:42:00,0.31101986574475404
2019-01-14 03:45:00,0.27514101957507364
2019-01-14 03:48:00,0.2999893458705287
2019-01-14 03:51:00,0.30024938948554336
2019-01-14 03:54:00,0.3052588447696962
2019-01-14 03:57:00,0.28382693978352336
2019-01-14 04:00:00,0.29005788999830884
2019-01-14 04:03:00,0.2654991703490168
2019-01-14 04:06:00,0.22749980674984727
2019-01-14 04:09:00,0.12958709788341594
2019-01-14 04:12:00,0.23809886697608817
2019-01-14 04:15:00,0.2783933838484245
2019-01-14 04:18:00,0.26210412710423725
2019-01-14 04:21:00,0.2424194316936905
2019-01-14 04:24:00,0.24086286832738324
2019-01-14 04:27:00,0.16984702485302705
2019-01-14 04:30:00,0.20687990753577878
2019-01-14 04:33:00,0.16319749105224446
2019-01-14 04:36:00,0.21090403515313483
2019-01-14 04:39:00,0.18697814451940076
2019-01-14 04:42:00,0.16232729826526793
2019-01-14 04:45:00,0.2402277420733867
2019-01-14 04:48:00,0.2537892688515626
2019-01-14 04:51:00,0.19769922708860577
2019-01-14 04:54:00,0.16597563421504447
2019-01-14 04:57:00,0.13359034655906044
2019-01-14 05:00:00,0.21138406661964382
2019-01-14 05:03:00,0.13361313481522075
2019-01-14 05:06:00,0.10793853432170408
2019-01-14 05:09:00,0.24548999219712186
2019-01-14 05:12:00,0.18321368763025703
2019-01-14 05:15:00,0.17545650947567992
2019-01-14 05:18:00,0.22527791124758778
2019-01-14 05:21:00,0.28311420080194694
2019-01-14 05:24:00,0.29697312396996267
2019-01-14 05:27:00,0.31313483672579423
2019-01-14 05:30:00,0.31866169257926913
2019-01-14 05:33:00,0.3990587214523771
2019-01-14 05:36:00,0.4421149136641702
2019-01-14 05:39:00,0.3250857030301404
2019-01-14 05:42:00,0.24012634655213105
2019-01-14 05:45:00,0.2752600651224384
2019-01-14 05:48:00,0.3146292647737141
2019-01-14 05:51:00,0.2725199314692759
2019-01-14 05:54:00,0.2906315993069484
2019-01-14 05:57:00,0.3014478514535881
2019-01-14 06:00:00,0.31238552903840855
2019-01-14 06:03:00,0.2964355061914148
2019-01-14 06:06:00,0.31017354920174967
2019-01-14 06:09:00,0.24171188135210286
2019-01-14 06:12:00,0.21548077365059726
2019-01-14 06:15:00,0.3109778565541319
2019-01-14 06:18:00,0.2732817607732727
2019-01-14 06:21:00,0.21223073109757706
2019-01-14 06:24:00,0.3355174299749706
2019-01-14 06:27:00,0.22297331910101548
2019-01-14 06:30:00,0.27810499161631697
2019-01-14 06:33:00,0.28649551962047326
2019-01-14 06:36:00,0.26822763368596725
2019-01-14 06:39:00,0.22431045392227134
2019-01-14 06:42:00,0.3015961027638241
2019-01-14 06:45:00,0.3666882553440587
2019-01-14 06:48:00,0.25415388917662085
2019-01-14 06:51:00,0.3955376047786672
2019-01-14 06:54:00,0.2220737474014527
2019-01-14 06:57:00,0.16351241198452726
2019-01-14 07:00:00,0.3044445950393424
2019-01-14 07:03:00,0.3719242929902862
2019-01-14 07:06:00,0.30421022084863125
2019-01-14 07:09:00,0.22423287870094555
2019-01-14 07:12:00,0.20939863368795386
2019-01-14 07:15:00,0.28088093438969963
2019-01-14 07:18:00,0.1814238219135973
2019-01-14 07:21:00,0.2827726771627681
2019-01-14 07:24:00,0.3058125662938096
2019-01-14 07:27:00,0.265387547373507
2019-01-14 07:30:00,0.24067081128168866
2019-01-14 07:33:00,0.3669697785164203
2019-01-14 07:36:00,0.22770411270613522
2019-01-14 07:39:00,0.24076009742162796
2019-01-14 07:42:00,0.2826756388683975
2019-01-14 07:45:00,0.2415540690016087
2019-01-14 07:48:00,0.2621913958424784
2019-01-14 07:51:00,0.20311725545121817
2019-01-14 07:54:00,0.15825074007443618
2019-01-14 07:57:00,0.2569214312798067
2019-01-14 08:00:00,0.23313339814097844
2019-01-14 08:03:00,0.2266184276343779
2019-01-14 08:06:00,0.1689800956024783
2019-01-14 08:09:00,0.14179319493592857
2019-01-14 08:12:00,0.2148477146711798
2019-01-14 08:15:00,0.24692008798814413
2019-01-14 08:18:00,0.20456941344997404
2019-01-14 08:21:00,0.1827028905872794
2019-01-14 08:24:00,0.19352144450050446
2019-01-14 08:27:00,0.21903198582879213
2019-01-14 08:30:00,0.2530939001415504
2019-01-14 08:33:00,0.19382190120791165
2019-01-14 08:36:00,0.19106438473784237
2019-01-14 08:39:00,0.2018596780437747
2019-01-14 08:42:00,0.14751456166243315
2019-01-14 08:45:00,0.17980115292846222
2019-01-14 08:48:00,0.1476929831515008
2019-01-14 08:51:00,0.20816001157521669
2019-01-14 08:54:00,0.18176121722558491
2019-01-14 08:57:00,0.12169210360121951
2019-01-14 09:00:00,0.15728952537756413
2019-01-14 09:03:00,0.1587699957230484
2019-01-14 09:06:00,0.21658429156349257
2019-01-14 09:09:00,0.17713386158970934
2019-01-14 09:12:00,0.09249146900987171
2019-01-14 09:15:00,0.13338384748760745
2019-01-14 09:18:00,0.11344699878247866
2019-01-14 09:21:00,0.20018338034941507
2019-01-14 09:24:00,0.19761661492105986
2019-01-14 09:27:00,0.2082732722876699
2019-01-14 09:30:00,0.1348593117280643
2019-01-14 09:33:00,0.1211237587094729
2019-01-14 09:36:00,0.13747203127365992
2019-01-14 09:39:00,0.11221174269036283
2019-01-14 09:42:00,-0.007049891546614617
2019-01-14 09:45:00,0.03266650235121915
2019-01-14 09:48:00,0.07105965833432037
2019-01-14 09:51:00,0.026569944223581388
2019-01-14 09:54:00,0.11719358153408166
2019-01-14 09:57:00,0.1464632473083043
2019-01-14 10:00:00,-0.024485359707739462
2019-01-14 10:03:00,0.14460605946271698
2019-01-14 10:06:00,0.02095978126328646
2019-01-14 10:09:00,0.0004050197984497572
2019-01-14 10:12:00,-0.09958598789086182
2019-01-14 10:15:00,0.01245900575156611
2019-01-14 10:18:00,0.005316671350556135
2019-01-14 10:21:00,0.025135886594569
2019-01-14 10:24:00,-0.05355726308795283
2019-01-14 10:27:00,0.000864560992852148
2019-01-14 10:30:00,-0.03052976992199774
2019-01-14 10:33:00,-0.11020772612585006
2019-01-14 10:36:00,-0.07898929200371185
2019-01-14 10:39:00,-0.040419702507051625
2019-01-14 10:42:00,-0.011284706068920514
2019-01-14 10:45:00,0.0406809253286724
2019-01-14 10:48:00,-0.10368710025943528
2019-01-14 10:51:00,-0.03953913697131384
2019-01-14 10:54:00,-0.008107510231184278
2019-01-14 10:57:00,-0.06635151991730481
2019-01-14 11:00:00,-0.01831736238329995
2019-01-14 11:03:00,-0.015045637672187695
2019-01-14 11:06:00,-0.006043963295894628
2019-01-14 11:09:00,-0.039368493689323714
2019-01-14 11:12:00,-0.09770330410128736
2019-01-14 11:15:00,-0.07038211809765471
2019-01-14 11:18:00,-0.022679649602082463
2019-01-14 11:21:00,-0.07585258138692552
2019-01-14 11:24:00,-0.0462856464446304
2019-01-14 11:27:00,-0.03623493591942406
2019-01-14 11:30:00,-0.110929131669252
2019-01-14 11:33:00,-0.05194328113162783
2019-01-14 11:36:00,-0.08569099914990375
2019-01-14 11:39:00,-0.18369624223475967
2019-01-14 11:42:00,-0.13662437194466293
2019-01-14 11:45:00,-0.1895717982002907
2019-01-14 11:48:00,-0.1374379123068934
2019-01-14 11:51:00,-0.1774811682385007
2019-01-14 11:54:00,-0.10903387334377612
2019-01-14 11:57:00,-0.10291235942571575
2019-01-14 12:00:00,-0.07054283952305695
2019-01-14 12:03:00,-0.07354819299206383
2019-01-14 12:06:00,-0.1307706329578764
2019-01-14 12:09:00,-0.14627791761506614
2019-01-14 12:12:00,-0.10443481741282312
2019-01-14 12:15:00,-0.08950949817148057
2019-01-14 12:18:00,-0.02501788105558944
2019-01-14 12:21:00,-0.07051688981766802
2019-01-14 12:24:00,0.03326135339460734
2019-01-14 12:27:00,-0.0674183131116024
2019-01-14 12:30:00,0.0004369277422142659
2019-01-14 12:33:00,-0.03931341057074178
2019-01-14 12:36:00,0.02539929181733669
2019-01-14 12:39:00,0.10586829842350198
2019-01-14 12:42:00,-0.013464444154124067
2019-01-14 12:45:00,0.04106696377357366
2019-01-14 12:48:00,-0.011540808410188674
2019-01-14 12:51:00,-0.07221218756734515
2019-01-14 12:54:00,-0.07406236034825042
2019-01-14 12:57:00,-0.058400997648163866
2019-01-14 13:00:00,-7.954525523246048e-05
2019-01-14 13:03:00,-0.004231764570420182
2019-01-14 13:06:00,-0.050318920996346606
2019-01-14 13:09:00,-0.08057187110210862
2019-01-14 13:12:00,-0.1360965406614696
2019-01-14 13:15:00,-0.1236855911028556
2019-01-14 13:18:00,-0.12663235491010028
2019-01-14 13:21:00,-0.10923410984048587
2019-01-14 13:24:00,-0.12266164890650089
2019-01-14 13:27:00,-0.10445690130075036
2019-01-14 13:30:00,-0.18864831982381247
2019-01-14 13:33:00,-0.06688395530244406
2019-01-14 13:36:00,-0.11140629427285376
2019-01-14 13:39:00,-0.04178745651762483
2019-01-14 13:42:00,-0.09354067351404183
2019-01-14 13:45:00,0.00485339867231005
2019-01-14 13:48:00,0.015887328299811543
2019-01-14 13:51:00,0.013054322240520833
2019-01-14 13:54:00,-0.013980735743928108
2019-01-14 13:57:00,0.13853854230438856
2019-01-14 14:00:00,-0.11021751641152377
2019-01-14 14:03:00,-0.07989791376570565
2019-01-14 14:06:00,0.024108851759933714
2019-01-14 14:09:00,-0.1148355792493021
2019-01-14 14:12:00,-0.01717950058440465
2019-01-14 14:15:00,-0.08006871689656236
2019-01-14 14:18:00,-0.050900579236952126
2019-01-14 14:21:00,-0.007332895588774591
2019-01-14 14:24:00,-0.03212287342103082
2019-01-14 14:27:00,0.0802736500504011
2019-01-14 14:30:00,-0.06941449522599896
2019-01-14 14:33:00,-0.0804493730946092
2019-01-14 14:36:00,-0.026807618742793693
2019-01-14 14:39:00,0.03902484747942481
2019-01-14 14:42:00,0.060266728311319184
2019-01-14 14:45:00,0.09250431455370745
2019-01-14 14:48:00,-0.018993152178609307
2019-01-14 14:51:00,0.05168230951920805
2019-01-14 14:54:00,0.0021869011474109357
2019-01-14 14:57:00,-0.050316406969272975
2019-01-14 15:00:00,-0.058355119420525625
2019-01-14 15:03:00,-0.13503616085927206
2019-01-14 15:06:00,0.033086850325389605
2019-01-14 15:09:00,-0.03813388234135573
2019-01-14 15:12:00,0.060034202155975436
2019-01-14 15:15:00,0.026475755465526163
2019-01-14 15:18:00,-0.034797423163013264
2019-01-14 15:21:00,-0.03139244457247514
2019-01-14 15:24:00,-0.0805478235603232
2019-01-14 15:27:00,0.06837658827095083
2019-01-14 15:30:00,0.052678279229610325
2019-01-14 15:33:00,0.04863128614329071
2019-01-14 15:36:00,0.1151560682520767
2019-01-14 15:39:00,0.12225731180859611
2019-01-14 15:42:00,0.12292078713306864
2019-01-14 15:45:00,0.07974147362585882
2019-01-14 15:48:00,0.06671025704821432
2019-01-14 15:51:00,-0.00041817879753125453
2019-01-14 15:54:00,0.0883818223031767
2019-01-14 15:57:00,0.033408549561784184
2019-01-14 16:00:00,0.06293369678343197
2019-01-14 16:03:00,0.056285936219524046
2019-01-14 16:06:00,0.05464530866970563
2019-01-14 16:09:00,0.11881855521517082
2019-01-14 16:12:00,0.1217112199653343
2019-01-14 16:15:00,0.19282945345145208
2019-01-14 16:18:00,0.11552551781983311
2019-01-14 16:21:00,0.04830550847060522
2019-01-14 16:24:00,0.05557452841458144
2019-01-14 16:27:00,0.040214636623943534
2019-01-14 16:30:00,0.036499665876817744
2019-01-14 16:33:00,-0.001761012726831268
2019-01-14 16:36:00,0.06272849893895227
2019-01-14 16:39:00,0.06344122181593548
2019-01-14 16:42:00,0.04108306629530034
2019-01-14 16:45:00,0.04141302902434063
2019-01-14 16:48:00,0.05852059178209856
2019-01-14 16:51:00,0.05551927261495848
2019-01-14 16:54:00,0.0782427038317337
2019-01-14 16:57:00,-0.0043178020958407615
2019-01-14 17:00:00,-0.0024645414144970346
2019-01-14 17:03:00,0.08034904002641952
2019-01-14 17:06:00,0.03248683068164837
2019-01-14 17:09:00,0.15964827253299063
2019-01-14 17:12:00,0.16048259558840527
2019-01-14 17:15:00,0.17453203110488857
2019-01-14 17:18:00,0.15042010441106868
2019-01-14 17:21:00,0.10151261296192615
2019-01-14 17:24:00,0.0846452536783886
2019-01-14 17:27:00,0.1128637557802108
2019-01-14 17:30:00,0.1013409153606517
2019-01-14 17:33:00,0.15235085071225285
2019-01-14 17:36:00,0.09935661315148536
2019-01-14 17:39:00,0.03431410364845533
2019-01-14 17:42:00,0.06626985043010336
2019-01-14 17:45:00,0.08385083460609621
2019-01-14 17:48:00,0.02245911207228346
2019-01-14 17:51:00,0.005594424107755458
2019-01-14 17:54:00,0.032265466689807454
2019-01-14 17:57:00,0.09376895704258459
2019-01-14 18:00:00,0.10445981276274097
2019-01-14 18:03:00,0.0903893612511979
2019-01-14 18:06:00,0.0688919475306875
2019-01-14 18:09:00,0.027886586577153594
2019-01-14 18:12:00,-0.05289206277018366
2019-01-14 18:15:00,-0.038822356949253845
2019-01-14 18:18:00,0.03494754566588654
2019-01-14 18:21:00,-0.06446388291254834
2019-01-14 18:24:00,0.018061692082824266
2019-01-14 18:27:00,-0.00010910543312547816
2019-01-14 18:30:00,0.006804696339770544
2019-01-14 18:33:00,0.09084178166898482
2019-01-14 18:36:00,0.01712746036008639
2019-01-14 18:39:00,0.014919104684111062
2019-01-14 18:42:00,0.13360967029143467
2019-01-14 18:45:00,0.07983816942237354
2019-01-14 18:48:00,0.08138079567561363
2019-01-14 18:51:00,0.0942482109206253
2019-01-14 18:54:00,
2019-01-14 18:57:00,
2019-01-14 19:00:00,
2019-01-14 19:03:00,0.2179922746896068
2019-01-14 19:06:00,0.06308520575595367
2019-01-14 19:09:00,0.12089904841093357
2019-01-14 19:12:00,0.1602633340197599
2019-01-14 19:15:00,0.12344696936929722
2019-01-14 19:18:00,0.07908728885922756
2019-01-14 19:21:00,0.13012831360879318
2019-01-14 19:24:00,0.02815623471121853
2019-01-14 19:27:00,0.07218465605501478
2019-01-14 19:30:00,0.039853497592957865
2019-01-14 19:33:00,0.13837558806216066
2019-01-14 19:36:00,0.08814801365946323
2019-01-14 19:39:00,0.1527737067625594
2019-01-14 19:42:00,0.0669878757571496
2019-01-14 19:45:00,0.07492436391856927
2019-01-14 19:48:00,0.12216231507881048
2019-01-14 19:51:00,0.17934865488905416
2019-01-14 19:54:00,0.11323335189320005
2019-01-14 19:57:00,0.20875123097414416
2019-01-14 20:00:00,0.0349728822641282
2019-01-14 20:03:00,0.177805846812646
2019-01-14 20:06:00,0.17135159496575625
2019-01-14 20:09:00,0.13624948655836988
2019-01-14 20:12:00,0.05641400243177941
2019-01-14 20:15:00,0.09972028313939063
2019-01-14 20:18:00,0.057759600489816876
2019-01-14 20:21:00,0.10632938235886513
2019-01-14 20:24:00,0.12596972099385084
2019-01-14 20:27:00,0.08981874280323154
2019-01-14 20:30:00,0.08984156968881507
2019-01-14 20:33:00,0.094081704926964
2019-01-14 20:36:00,0.021848433161721914
2019-01-14 20:39:00,0.10722956824548646
2019-01-14 20:42:00,0.15710412185097766
2019-01-14 20:45:00,0.04061052066310822
2019-01-14 20:48:00,0.15197088087660404
2019-01-14 20:51:00,0.16705586442964204
2019-01-14 20:54:00,0.05857639803866732
2019-01-14 20:57:00,0.19551141529206006
2019-01-14 21:00:00,0.13839183522543408
2019-01-14 21:03:00,0.16645905716092102
2019-01-14 21:06:00,0.17093413143328462
2019-01-14 21:09:00,0.24231328584778566
2019-01-14 21:12:00,0.08363165697392105
2019-01-14 21:15:00,0.2768461340110093
2019-01-14 21:18:00,0.2517161498207656
2019-01-14 21:21:00,0.20793252316087774
2019-01-14 21:24:00,0.20578779351569665
2019-01-14 21:27:00,0.20311350802131756
2019-01-14 21:30:00,0.15193510198446347
2019-01-14 21:33:00,0.22994198494518514
2019-01-14 21:36:00,0.27979799342000433
2019-01-14 21:39:00,0.13200257818868977
2019-01-14 21:42:00,0.20402530015866205
2019-01-14 21:45:00,0.2089345232164419
2019-01-14 21:48:00,0.1819036371191487
2019-01-14 21:51:00,0.18507775884643252
2019-01-14 21:54:00,0.1928808310324257
2019-01-14 21:57:00,0.12229635063079058
2019-01-14 22:00:00,0.1212127481409766
2019-01-14 22:03:00,0.21049832052966622
2019-01-14 22:06:00,0.2338479365783428
2019-01-14 22:09:00,0.13760426939495574
2019-01-14 22:12:00,0.14822750060267254
2019-01-14 22:15:00,0.09970413485046947
2019-01-14 22:18:00,0.23449847107013966
2019-01-14 22:21:00,0.2010138969245645
2019-01-14 22:24:00,0.12915065224876798
2019-01-14 22:27:00,0.21116507073628554
2019-01-14 22:30:00,0.12804980309221037
2019-01-14 22:33:00,0.12469145378440771
2019-01-14 22:36:00,0.19757383399377204
2019-01-14 22:39:00,0.20144980757527264
2019-01-14 22:42:00,0.20435388962533807
2019-01-14 22:45:00,0.2467288827422749
2019-01-14 22:48:00,0.29224201250178794
2019-01-14 22:51:00,0.22312447826021753
2019-01-14 22:54:00,0.26030783897124365
2019-01-14 22:57:00,0.2785409569355579
2019-01-14 23:00:00,0.24791302207171384
2019-01-14 23:03:00,0.210401556938848
2019-01-14 23:06:00,0.2914771896849402
2019-01-14 23:09:00,0.2751273541155115
2019-01-14 23:12:00,0.2527964873469841
2019-01-14 23:15:00,0.2883860899749493
2019-01-14 23:18:00,0.25559257796544443
2019-01-14 23:21:00,0.30852806538865707
2019-01-14 23:24:00,0.22122906579062374
2019-01-14 23:27:00,0.17724156212119624
2019-01-14 23:30:00,0.2469032922653014
2019-01-14 23:33:00,0.20504860605188924
2019-01-14 23:36:00,0.23655138563418632
2019-01-14 23:39:00,0.3361857646297608
2019-01-14 23:42:00,0.29101057152001886
2019-01-14 23:45:00,0.30417299933839104
2019-01-14 23:48:00,0.261613808186155
2019-01-14 23:51:00,0.19057005369285207
2019-01-14 23:54:00,0.2928418648455704
2019-01-14 23:57:00,0.2495977272503751
2019-01-15 00:00:00,0.2576930145552865
2019-01-15 00:03:00,0.2661903268756305
2019-01-15 00:06:00,0.21722677983092353
2019-01-15 00:09:00,0.28205708708998145
2019-01-15 00:12:00,0.28521112996168085
2019-01-15 00:15:00,0.32571953013160737
2019-01-15 00:18:00,0.239077559596808
2019-01-15 00:21:00,0.28414751362737434
2019-01-15 00:24:00,0.30749350642469153
2019-01-15 00:27:00,0.19370120663364787
2019-01-15 00:30:00,0.23615714973061586
2019-01-15 00:33:00,0.22318256096974665
2019-01-15 00:36:00,0.24616418950824936
2019-01-15 00:39:00,0.2977402159125404
2019-01-15 00:42:00,0.24998287041211142
2019-01-15 00:45:00,0.29200572002127956
2019-01-15 00:48:00,0.3181592357559566
2019-01-15 00:51:00,0.33492134393065953
2019-01-15 00:54:00,0.2697086591222728
2019-01-15 00:57:00,0.16909378867580926
2019-01-15 01:00:00,0.2864431929872353
2019-01-15 01:03:00,0.30390492276796977
2019-01-15 01:06:00,0.34060289142377087
2019-01-15 01:09:00,0.2633473535211124
2019-01-15 01:12:00,0.24990183823672396
2019-01-15 01:15:00,0.3667358830393823
2019-01-15 01:18:00,0.26507499023358605
2019-01-15 01:21:00,0.28935410489816604
2019-01-15 01:24:00,0.2933192730646397
2019-01-15 01:27:00,0.3533363575058388
2019-01-15 01:30:00,0.3173497186575105
2019-01-15 01:33:00,0.3278050438647142
2019-01-15 01:36:00,0.27757586613455487
2019-01-15 01:39:00,0.36954909133311276
2019-01-15 01:42:00,0.2880227207143662
2019-01-15 01:45:00,0.29268687071703425
2019-01-15 01:48:00,0.3456406215945549
2019-01-15 01:51:00,0.2921489048261492
2019-01-15 01:54:00,0.33466464861930945
2019-01-15 01:57:00,0.44588376296843535
2019-01-15 02:00:00,0.34842501558546246
2019-01-15 02:03:00,0.30959953240380855
2019-01-15 02:06:00,0.34224073737038907
2019-01-15 02:09:00,0.30133451204125095
2019-01-15 02:12:00,0.3297236125440577
2019-01-15 02:15:00,0.31338829443245686
2019-01-15 02:18:00,0.36159293770231216
2019-01-15 02:21:00,0.23861825964388572
2019-01-15 02:24:00,0.30175627416412
2019-01-15 02:27:00,0.28733385578925663
2019-01-15 02:30:00,0.35642408331165143
2019-01-15 02:33:00,0.3046391061118925
2019-01-15 02:36:00,0.2740929330947779
2019-01-15 02:39:00,0.2382308274039815
2019-01-15 02:42:00,0.32499010185500765
2019-01-15 02:45:00,0.2220186203147705
2019-01-15 02:48:00,0.3002236422760802
2019-01-15 02:51:00,0.28864861962199484
2019-01-15 02:54:00,0.2523768398276047
2019-01-15 02:57:00,0.2837619044915414
2019-01-15 03:00:00,0.247869765921223
2019-01-15 03:03:00,0.23252474948679946
2019-01-15 03:06:00,0.4182002104982985
2019-01-15 03:09:00,0.2995510568885038
2019-01-15 03:12:00,0.3517430678669484
2019-01-15 03:15:00,0.382499768733112
2019-01-15 03:18:00,0.3242263485519743
2019-01-15 03:21:00,0.3702015898792297
2019-01-15 03:24:00,0.3527502857045306
2019-01-15 03:27:00,0.3148745022799062
2019-01-15 03:30:00,0.3238104642922508
2019-01-15 03:33:00,0.2824971606347617
2019-01-15 03:36:00,0.2943902234930533
2019-01-15 03:39:00,0.34888215950786616
2019-01-15 03:42:00,0.328112936452726
2019-01-15 03:45:00,0.3877993867399141
2019-01-15 03:48:00,0.3169009020918452
2019-01-15 03:51:00,0.26322378962908033
2019-01-15 03:54:00,0.32564826059672214
2019-01-15 03:57:00,0.36710121524811257
2019-01-15 04:00:00,0.36508950960165976
2019-01-15 04:03:00,0.37515552209140424
2019-01-15 04:06:00,0.36699635447638457
2019-01-15 04:09:00,0.3305228451706057
2019-01-15 04:12:00,0.3748751489312667
2019-01-15 04:15:00,0.27643901847238794
2019-01-15 04:18:00,0.36720606768199104
2019-01-15 04:21:00,0.34857806348844633
2019-01-15 04:24:00,0.3557636932322339
2019-01-15 04:27:00,0.3067219718210481
2019-01-15 04:30:00,0.3853883953482864
2019-01-15 04:33:00,0.32102569445913787
2019-01-15 04:36:00,0.3220793303485152
2019-01-15 04:39:00,0.40071396365874534
2019-01-15 04:42:00,0.2952911844084838
2019-01-15 04:45:00,0.37817386660532293
2019-01-15 04:48:00,0.3131759266040035
2019-01-15 04:51:00,0.3681885968409233
2019-01-15 04:54:00,0.3349438820229125
2019-01-15 04:57:00,0.36038681441425524
2019-01-15 05:00:00,0.4397369839743419
2019-01-15 05:03:00,0.3429288313031975
2019-01-15 05:06:00,0.45210547157336123
2019-01-15 05:09:00,0.3312319274050992
2019-01-15 05:12:00,0.4767187075455013
2019-01-15 05:15:00,0.36579469713331036
2019-01-15 05:18:00,0.31290043147248525
2019-01-15 05:21:00,0.2763619372329913
2019-01-15 05:24:00,0.39126292406530183
2019-01-15 05:27:00,0.3387025428776269
2019-01-15 05:30:00,0.395460763847268
2019-01-15 05:33:00,0.32319273205621357
2019-01-15 05:36:00,0.279214149501513
2019-01-15 05:39:00,0.33920539408774175
2019-01-15 05:42:00,0.35651148963876267
2019-01-15 05:45:00,0.4177646543640776
2019-01-15 05:48:00,0.4048700627157018
2019-01-15 05:51:00,0.2805125794479295
2019-01-15 05:54:00,0.31214140767639265
2019-01-15 05:57:00,0.36070049220569445
2019-01-15 06:00:00,0.34581781565356096
2019-01-15 06:03:00,0.31606005970695605
2019-01-15 06:06:00,0.43560751102887707
2019-01-15 06:09:00,0.38037322933558926
2019-01-15 06:12:00,0.41313584942128045
2019-01-15 06:15:00,0.3378485066639314
2019-01-15 06:18:00,0.2649627801134784
2019-01-15 06:21:00,0.23520012389161593
2019-01-15 06:24:00,0.3141943262886002
2019-01-15 06:27:00,0.26008500441218985
2019-01-15 06:30:00,0.3405132947089555
2019-01-15 06:33:00,0.3568236361438153
2019-01-15 06:36:00,0.40077323214120497
2019-01-15 06:39:00,0.33542646156524825
2019-01-15 06:42:00,0.3614707741020311
2019-01-15 06:45:00,0.364530308278745
2019-01-15 06:48:00,0.3268763001975685
2019-01-15 06:51:00,0.3316674054675559
2019-01-15 06:54:00,0.4219699721538177
2019-01-15 06:57:00,0.38181917668310916
2019-01-15 07:00:00,0.4350533715168581
2019-01-15 07:03:00,0.33721115981245475
2019-01-15 07:06:00,0.40039598934583864
2019-01-15 07:09:00,0.44281628377626703
2019-01-15 07:12:00,0.3903146037646934
2019-01-15 07:15:00,0.4365915336046555
2019-01-15 07:18:00,0.36151164423392856
2019-01-15 07:21:00,0.40629755952363666
2019-01-15 07:24:00,0.42184694341784734
2019-01-15 07:27:00,0.4607707854331693
2019-01-15 07:30:00,0.48696521775866586
2019-01-15 07:33:00,0.43880703200426296
2019-01-15 07:36:00,0.3867041667935496
2019-01-15 07:39:00,0.3957602774130464
2019-01-15 07:42:00,0.32162448479289196
2019-01-15 07:45:00,0.3158482683326156
2019-01-15 07:48:00,0.482505192077781
2019-01-15 07:51:00,0.3632147344067107
2019-01-15 07:54:00,0.30726848064102796
2019-01-15 07:57:00,0.3410712973960699
2019-01-15 08:00:00,0.30007674050511923
2019-01-15 08:03:00,0.32698805479628845
2019-01-15 08:06:00,0.3707008766625677
2019-01-15 08:09:00,0.3960335283854306
2019-01-15 08:12:00,0.3801763137964258
2019-01-15 08:15:00,0.37351031025701786
2019-01-15 08:18:00,0.3523716710781173
2019-01-15 08:21:00,0.41892590582011735
2019-01-15 08:24:00,0.41594327144969157
2019-01-15 08:27:00,0.33883528070708735
2019-01-15 08:30:00,0.41823911366395805
2019-01-15 08:33:00,0.3425426224254693
2019-01-15 08:36:00,0.3716527015949964
2019-01-15 08:39:00,0.39148360889453215
2019-01-15 08:42:00,0.3658323000482824
2019-01-15 08:45:00,0.40661454101280015
2019-01-15 08:48:00,0.3803210509851169
2019-01-15 08:51:00,0.31577419586460564
2019-01-15 08:54:00,0.3230697115514545
2019-01-15 08:57:00,0.39130070828792896
2019-01-15 09:00:00,0.35435569216446083
2019-01-15 09:03:00,0.3287037039366396
2019-01-15 09:06:00,0.3648017301140385
2019-01-15 09:09:00,0.3569620513404743
2019-01-15 09:12:00,0.2965935497369969
2019-01-15 09:15:00,0.2758832380587819
2019-01-15 09:18:00,0.34892376637128564
2019-01-15 09:21:00,0.31169720689274527
2019-01-15 09:24:00,0.32902238109289783
2019-01-15 09:27:00,0.30170025896535435
2019-01-15 09:30:00,0.21244493716136503
2019-01-15 09:33:00,0.18921258129216767
2019-01-15 09:36:00,0.25725204920570377
2019-01-15 09:39:00,0.13379999632434192
2019-01-15 09:42:00,0.27719964114720597
2019-01-15 09:45:00,0.23405919965983912
2019-01-15 09:48:00,0.2375465185772896
2019-01-15 09:51:00,0.08907913733281703
2019-01-15 09:54:00,0.14125383491870025
2019-01-15 09:57:00,0.1398271187899809
2019-01-15 10:00:00,0.1699894778549833
2019-01-15 10:03:00,0.09294597502542956
2019-01-15 10:06:00,0.12016446998580932
2019-01-15 10:09:00,0.06675291147382723
2019-01-15 10:12:00,0.05448737408994475
2019-01-15 10:15:00,0.13699357545146995
2019-01-15 10:18:00,0.10928542768658644
2019-01-15 10:21:00,0.07898242413978096
2019-01-15 10:24:00,0.07665708727125775
2019-01-15 10:27:00,0.06851523640386858
2019-01-15 10:30:00,0.05247188408964121
2019-01-15 10:33:00,0.07132512987993778
2019-01-15 10:36:00,-0.027946105322087078
2019-01-15 10:39:00,-0.03787496822224057
2019-01-15 10:42:00,-0.013835358288588395
2019-01-15 10:45:00,0.0038908127555146166
2019-01-15 10:48:00,-0.02160583532088367
2019-01-15 10:51:00,-0.05638431527358989
2019-01-15 10:54:00,-0.0355825228014055
2019-01-15 10:57:00,-0.2082368202258067
2019-01-15 11:00:00,-0.09973693993771349
2019-01-15 11:03:00,-0.07561145370374334
2019-01-15 11:06:00,-0.07730406607242912
2019-01-15 11:09:00,-0.13703783552102777
2019-01-15 11:12:00,-0.16005610274817172
2019-01-15 11:15:00,-0.10853279059898568
2019-01-15 11:18:00,-0.1075618948230499
2019-01-15 11:21:00,-0.22296845337405102
2019-01-15 11:24:00,-0.16717237831687726
2019-01-15 11:27:00,-0.17483468892140763
2019-01-15 11:30:00,-0.18265208103053965
2019-01-15 11:33:00,-0.23381175884441063
2019-01-15 11:36:00,-0.1996752152136878
2019-01-15 11:39:00,-0.1860095747805417
2019-01-15 11:42:00,-0.2354788703805184
2019-01-15 11:45:00,-0.17004225363825753
2019-01-15 11:48:00,-0.1543641299701335
2019-01-15 11:51:00,-0.14715622403673478
2019-01-15 11:54:00,-0.15590703372538428
2019-01-15 11:57:00,-0.06632309538508707
2019-01-15 12:00:00,-0.16624478923722563
2019-01-15 12:03:00,-0.1211146688318081
2019-01-15 12:06:00,-0.2238178089583016
2019-01-15 12:09:00,-0.04091018326835183
2019-01-15 12:12:00,-0.22337124809035913
2019-01-15 12:15:00,-0.2734003611510616
2019-01-15 12:18:00,-0.1474287941575767
2019-01-15 12:21:00,-0.19484097478442663
2019-01-15 12:24:00,-0.16292236477551114
2019-01-15 12:27:00,-0.24205537971874946
2019-01-15 12:30:00,-0.24643900055832546
2019-01-15 12:33:00,-0.2999645857818791
2019-01-15 12:36:00,-0.30406439498358395
2019-01-15 12:39:00,-0.24417456565703333
2019-01-15 12:42:00,-0.23384477049415864
2019-01-15 12:45:00,-0.21642472523694778
2019-01-15 12:48:00,-0.31061389286657004
2019-01-15 12:51:00,-0.33612455706906985
2019-01-15 12:54:00,-0.2388917980184715
2019-01-15 12:57:00,-0.24927830136704188
2019-01-15 13:00:00,-0.3304507762876483
2019-01-15 13:03:00,-0.25838075197015087
2019-01-15 13:06:00,-0.3166989342997226
2019-01-15 13:09:00,-0.41400958316302194
2019-01-15 13:12:00,-0.2330367762178298
2019-01-15 13:15:00,-0.34484287199188657
2019-01-15 13:18:00,-0.3680694601689538
2019-01-15 13:21:00,-0.2911710754113983
2019-01-15 13:24:00,-0.287048118195969
2019-01-15 13:27:00,-0.2901794487784741
2019-01-15 13:30:00,-0.27655192019614105
2019-01-15 13:33:00,-0.2890529456922195
2019-01-15 13:36:00,-0.396057488935071
2019-01-15 13:39:00,-0.43767396056261987
2019-01-15 13:42:00,-0.2859738988428262
2019-01-15 13:45:00,-0.3969354162965715
2019-01-15 13:48:00,-0.2343179712482879
2019-01-15 13:51:00,-0.36298039327010656
2019-01-15 13:54:00,-0.29814127373214205
2019-01-15 13:57:00,-0.24880523530453047
2019-01-15 14:00:00,-0.29202468068336884
2019-01-15 14:03:00,-0.40442118662491566
2019-01-15 14:06:00,-0.3046966905334898
2019-01-15 14:09:00,-0.36314431722286145
2019-01-15 14:12:00,-0.3175237289332813
2019-01-15 14:15:00,-0.333648283251307
2019-01-15 14:18:00,-0.32429256800287476
2019-01-15 14:21:00,-0.37072417120231194
2019-01-15 14:24:00,-0.27625051293574643
2019-01-15 14:27:00,-0.371727416055478
2019-01-15 14:30:00,-0.37089820099811277
2019-01-15 14:33:00,-0.3097547972274697
2019-01-15 14:36:00,-0.4095296977604903
2019-01-15 14:39:00,-0.32015314017132823
2019-01-15 14:42:00,-0.35541311360054806
2019-01-15 14:45:00,-0.41083000624558963
2019-01-15 14:48:00,-0.32884569593642254
2019-01-15 14:51:00,-0.34005556369112355
2019-01-15 14:54:00,-0.2824233550102804
2019-01-15 14:57:00,-0.30802227700729645
2019-01-15 15:00:00,-0.3544342908095359
2019-01-15 15:03:00,-0.2909234631830486
2019-01-15 15:06:00,-0.3525352406254001
2019-01-15 15:09:00,-0.38116855324273047
2019-01-15 15:12:00,-0.3679539933136198
2019-01-15 15:15:00,-0.33553776195384444
2019-01-15 15:18:00,-0.2687724877912956
2019-01-15 15:21:00,-0.23606343547493225
2019-01-15 15:24:00,-0.16832993373827776
2019-01-15 15:27:00,-0.12754917675607658
2019-01-15 15:30:00,-0.13272461832337967
2019-01-15 15:33:00,-0.30926425715352934
2019-01-15 15:36:00,-0.21021291394771424
2019-01-15 15:39:00,-0.43078674620687707
2019-01-15 15:42:00,-0.32430833711282503
2019-01-15 15:45:00,-0.21260332328199638
2019-01-15 15:48:00,-0.3467525294685174
2019-01-15 15:51:00,-0.32242142562205345
2019-01-15 15:54:00,-0.29171729680257386
2019-01-15 15:57:00,-0.31514206476464324
2019-01-15 16:00:00,-0.37513297787734246
2019-01-15 16:03:00,-0.39840266535173896
2019-01-15 16:06:00,-0.29378165400174794
2019-01-15 16:09:00,-0.3486682332989517
2019-01-15 16:12:00,-0.42751555764556315
2019-01-15 16:15:00,-0.28552550697446577
2019-01-15 16:18:00,-0.29258841573852123
2019-01-15 16:21:00,-0.4383133239212498
2019-01-15 16:24:00,-0.33366818123795383
2019-01-15 16:27:00,-0.5099464749217191
2019-01-15 16:30:00,-0.3027670537431959
2019-01-15 16:33:00,-0.3151224931162915
2019-01-15 16:36:00,-0.2959618647886373
2019-01-15 16:39:00,-0.4168707137062029
2019-01-15 16:42:00,-0.4068831048165862
2019-01-15 16:45:00,-0.3720699043162199
2019-01-15 16:48:00,-0.3497383906607183
2019-01-15 16:51:00,-0.34824023276490834
2019-01-15 16:54:00,-0.3090943706145026
2019-01-15 16:57:00,-0.28580427861561475
2019-01-15 17:00:00,-0.37136550806593505
2019-01-15 17:03:00,-0.3449783380955864
2019-01-15 17:06:00,-0.3732699440894294
2019-01-15 17:09:00,-0.38612376504568147
2019-01-15 17:12:00,-0.3514445319651145
2019-01-15 17:15:00,-0.30295447170533407
2019-01-15 17:18:00,-0.3904709902737409
2019-01-15 17:21:00,-0.39809585961597804
2019-01-15 17:24:00,-0.2882784831116396
2019-01-15 17:27:00,-0.3761491309115286
2019-01-15 17:30:00,-0.28424091393890194
2019-01-15 17:33:00,-0.295949569603124
2019-01-15 17:36:00,-0.3620187916730515
2019-01-15 17:39:00,-0.318061203256093
2019-01-15 17:42:00,-0.37664906514254426
2019-01-15 17:45:00,-0.26295317801879037
2019-01-15 17:48:00,-0.295220714541756
2019-01-15 17:51:00,-0.2979235036223713
2019-01-15 17:54:00,-0.3292583699264924
2019-01-15 17:57:00,-0.271740512511883
2019-01-15 18:00:00,-0.43564128986167816
2019-01-15 18:03:00,-0.437143062618361
2019-01-15 18:06:00,-0.3678729343938585
2019-01-15 18:09:00,-0.26439180408038965
2019-01-15 18:12:00,-0.2874939570877473
2019-01-15 18:15:00,-0.26099193670626164
2019-01-15 18:18:00,-0.3197497392098967
2019-01-15 18:21:00,-0.3045587231144964
2019-01-15 18:24:00,-0.24079222203675954
2019-01-15 18:27:00,-0.22793556115527736
2019-01-15 18:30:00,-0.3387266709019059
2019-01-15 18:33:00,-0.1809378796512533
2019-01-15 18:36:00,-0.2772511118645298
2019-01-15 18:39:00,-0.24217345560316517
2019-01-15 18:42:00,-0.2199204495553886
2019-01-15 18:45:00,-0.2523275434282368
2019-01-15 18:48:00,-0.2693043270803628
2019-01-15 18:51:00,-0.2558552015641453
2019-01-15 18:54:00,
2019-01-15 18:57:00,
2019-01-15 19:00:00,
2019-01-15 19:03:00,-0.1771615261656052
2019-01-15 19:06:00,-0.12985565024837342
2019-01-15 19:09:00,-0.16741279718235091
2019-01-15 19:12:00,-0.19320156962970714
2019-01-15 19:15:00,-0.2408685398033299
2019-01-15 19:18:00,-0.1588998631971208
2019-01-15 19:21:00,-0.2668637525238182
2019-01-15 19:24:00,-0.3062575899650142
2019-01-15 19:27:00,-0.18308940192082446
2019-01-15 19:30:00,-0.11026321322731292
2019-01-15 19:33:00,-0.15968354317919875
2019-01-15 19:36:00,-0.12462871467937475
2019-01-15 19:39:00,-0.09639730628214238
2019-01-15 19:42:00,-0.21557103448549242
2019-01-15 19:45:00,-0.15269756566596016
2019-01-15 19:48:00,-0.13196879120692984
2019-01-15 19:51:00,-0.049896784196732824
2019-01-15 19:54:00,-0.07462859331349136
2019-01-15 19:57:00,-0.14043562086823158
2019-01-15 20:00:00,-0.10340447757374704
2019-01-15 20:03:00,-0.11513533372414031
2019-01-15 20:06:00,-0.014636132354269193
2019-01-15 20:09:00,-0.06901661090608968
2019-01-15 20:12:00,-0.019659801974114544
2019-01-15 20:15:00,0.013272981462648659
2019-01-15 20:18:00,0.012183562195218656
2019-01-15 20:21:00,0.00888812386057225
2019-01-15 20:24:00,0.00785810203416304
2019-01-15 20:27:00,-0.028639327717939977
2019-01-15 20:30:00,0.1135088839898799
2019-01-15 20:33:00,-0.015474641110415632
2019-01-15 20:36:00,0.04428199941554567
2019-01-15 20:39:00,0.015972962356897824
2019-01-15 20:42:00,0.035550180946813725
2019-01-15 20:45:00,0.08441027846487259
2019-01-15 20:48:00,0.05545469805429093
2019-01-15 20:51:00,-0.05280825789975552
2019-01-15 20:54:00,-0.037927562700701856
2019-01-15 20:57:00,-0.07645770945595132
2019-01-15 21:00:00,-0.0038359607574420806
2019-01-15 21:03:00,-0.02533707223909687
2019-01-15 21:06:00,0.02059150469767701
2019-01-15 21:09:00,0.04951367128137463
2019-01-15 21:12:00,0.04564100550840067
2019-01-15 21:15:00,0.0897422717905556
2019-01-15 21:18:00,-0.035177265269908276
2019-01-15 21:21:00,-0.02507564491878611
2019-01-15 21:24:00,0.06937872184334992
2019-01-15 21:27:00,0.1471048356798974
2019-01-15 21:30:00,0.05049875711426921
2019-01-15 21:33:00,0.11327967690658625
2019-01-15 21:36:00,0.053623200887784606
2019-01-15 21:39:00,0.042669094815892095
2019-01-15 21:42:00,0.04339797204511342
2019-01-15 21:45:00,0.011224029628522203
2019-01-15 21:48:00,0.07842163302592553
2019-01-15 21:51:00,0.09779431526180815
2019-01-15 21:54:00,0.09068952160663457
2019-01-15 21:57:00,0.04239571957327826
2019-01-15 22:00:00,0.027524796254340345
2019-01-15 22:03:00,0.14909852630779596
2019-01-15 22:06:00,0.09319528347185724
2019-01-15 22:09:00,0.10537510285894314
2019-01-15 22:12:00,0.05065399044764263
2019-01-15 22:15:00,0.08588651168730621
2019-01-15 22:18:00,0.15631975176432888
2019-01-15 22:21:00,0.03112799261117516
2019-01-15 22:24:00,0.017396126568314685
2019-01-15 22:27:00,0.01817167678836995
2019-01-15 22:30:00,0.1297373274597362
2019-01-15 22:33:00,0.13082384845228034
2019-01-15 22:36:00,0.09861374730525085
2019-01-15 22:39:00,0.10536909376190806
2019-01-15 22:42:00,0.266115566853955
2019-01-15 22:45:00,0.20227132314153096
2019-01-15 22:48:00,0.10562538117028453
2019-01-15 22:51:00,0.12642249731663924
2019-01-15 22:54:00,0.12418029846617173
2019-01-15 22:57:00,0.19275998974217146
2019-01-15 23:00:00,0.08704989478246716
2019-01-15 23:03:00,0.09563060456940775
2019-01-15 23:06:00,0.10250384221473041
2019-01-15 23:09:00,0.13401482607730486
2019-01-15 23:12:00,0.07096544340049604
2019-01-15 23:15:00,0.020921200007080643
2019-01-15 23:18:00,0.06851099723576226
2019-01-15 23:21:00,0.11641485179541178
2019-01-15 23:24:00,0.07160919108810049
2019-01-15 23:27:00,0.139928902843792
2019-01-15 23:30:00,0.1735550587439434
2019-01-15 23:33:00,0.13637135731198669
2019-01-15 23:36:00,0.27244849101958835
2019-01-15 23:39:00,0.23642725148528143
2019-01-15 23:42:00,0.12484189210920249
2019-01-15 23:45:00,0.19154516505290076
2019-01-15 23:48:00,0.13560103362993914
2019-01-15 23:51:00,0.2052071896549137
2019-01-15 23:54:00,0.16079688513514157
2019-01-15 23:57:00,0.2565244669044091
2019-01-16 00:00:00,0.16907244514459308
2019-01-16 00:03:00,0.1548451820314085
2019-01-16 00:06:00,0.0951565391608824
2019-01-16 00:09:00,0.33720358181233223
2019-01-16 00:12:00,0.17781354706039565
2019-01-16 00:15:00,0.13981925836611708
2019-01-16 00:18:00,0.27804571956801283
2019-01-16 00:21:00,0.2318330489545133
2019-01-16 00:24:00,0.2316177543439153
2019-01-16 00:27:00,0.17600244925938568
2019-01-16 00:30:00,0.1424312140721895
2019-01-16 00:33:00,0.25788819825430664
2019-01-16 00:36:00,0.20706923921386533
2019-01-16 00:39:00,0.24564038471044114
2019-01-16 00:42:00,0.21679395860240902
2019-01-16 00:45:00,0.2275861605025966
2019-01-16 00:48:00,0.17716015827886622
2019-01-16 00:51:00,0.2988465864141858
2019-01-16 00:54:00,0.2603618685095057
2019-01-16 00:57:00,0.24765295009416377
2019-01-16 01:00:00,0.19480565158920626
2019-01-16 01:03:00,0.14111912954865602
2019-01-16 01:06:00,0.18348695783510038
2019-01-16 01:09:00,0.3074131787930128
2019-01-16 01:12:00,0.3199530488452069
2019-01-16 01:15:00,0.14538964540719235
2019-01-16 01:18:00,0.19258080842013214
2019-01-16 01:21:00,0.20104688430086526
2019-01-16 01:24:00,0.20598914465034568
2019-01-16 01:27:00,0.18301145788063877
2019-01-16 01:30:00,0.18681753796028033
2019-01-16 01:33:00,0.2848224133114172
2019-01-16 01:36:00,0.25050021365461816
2019-01-16 01:39:00,0.21717550350649617
2019-01-16 01:42:00,0.11583044717042412
2019-01-16 01:45:00,0.17125936795906682
2019-01-16 01:48:00,0.18311625057879155
2019-01-16 01:51:00,0.11376094471597753
2019-01-16 01:54:00,0.09586923922898904
2019-01-16 01:57:00,0.1487897172268049
2019-01-16 02:00:00,0.23422527112956004
2019-01-16 02:03:00,0.19930571971133304
2019-01-16 02:06:00,0.17248247306247322
2019-01-16 02:09:00,0.2004874580975411
2019-01-16 02:12:00,0.26045630989597157
2019-01-16 02:15:00,0.23917776341426134
2019-01-16 02:18:00,0.28702096882364003
2019-01-16 02:21:00,0.24916112479888852
2019-01-16 02:24:00,0.3422901100239528
2019-01-16 02:27:00,0.3176680498604014
2019-01-16 02:30:00,0.2431377539074333
2019-01-16 02:33:00,0.2558281618526621
2019-01-16 02:36:00,0.28437998622342775
2019-01-16 02:39:00,0.2643392406720295
2019-01-16 02:42:00,0.29901414278884886
2019-01-16 02:45:00,0.2119039827386473
2019-01-16 02:48:00,0.18599357622849766
2019-01-16 02:51:00,0.20604170404186561
2019-01-16 02:54:00,0.22257344483818997
2019-01-16 02:57:00,0.23942741040690407
2019-01-16 03:00:00,0.22252294067772027
2019-01-16 03:03:00,0.20892668868788178
2019-01-16 03:06:00,0.2864362275106487
2019-01-16 03:09:00,0.29430133410494363
2019-01-16 03:12:00,0.2665902081328113
2019-01-16 03:15:00,0.2896172433480615
2019-01-16 03:18:00,0.15588611891456594
2019-01-16 03:21:00,0.24332856800270974
2019-01-16 03:24:00,0.1749685639996983
2019-01-16 03:27:00,0.20390381890706522
2019-01-16 03:30:00,0.2159517172588039
2019-01-16 03:33:00,0.19021902695567405
2019-01-16 03:36:00,0.1273724419477844
2019-01-16 03:39:00,0.2807421178702043
2019-01-16 03:42:00,0.18529436534561228
2019-01-16 03:45:00,0.3026569759820177
2019-01-16 03:48:00,0.22222754279766832
2019-01-16 03:51:00,0.2561620461739267
2019-01-16 03:54:00,0.3463957602099299
2019-01-16 03:57:00,0.2827409624895836
2019-01-16 04:00:00,0.1870031204944098
2019-01-16 04:03:00,0.3165969355133029
2019-01-16 04:06:00,0.16125650749808074
2019-01-16 04:09:00,0.2738645912835409
2019-01-16 04:12:00,0.3201807249600961
2019-01-16 04:15:00,0.329521499536213
2019-01-16 04:18:00,0.3458539286085056
2019-01-16 04:21:00,0.39335102467083516
2019-01-16 04:24:00,0.2679108080802166
2019-01-16 04:27:00,0.3716681031570488
2019-01-16 04:30:00,0.46129946915073106
2019-01-16 04:33:00,0.37328665354658597
2019-01-16 04:36:00,0.5059967399690777
2019-01-16 04:39:00,0.5125896210786891
2019-01-16 04:42:00,0.45227394942060073
2019-01-16 04:45:00,0.26371120048821695
2019-01-16 04:48:00,0.31350290767943534
2019-01-16 04:51:00,0.19496888279297764
2019-01-16 04:54:00,0.25966588312820704
2019-01-16 04:57:00,0.1851540703230512
2019-01-16 05:00:00,0.22576159545519658
2019-01-16 05:03:00,0.19775356028776514
2019-01-16 05:06:00,0.20179209411497823
2019-01-16 05:09:00,0.07805780111056038
2019-01-16 05:12:00,0.17647387107155055
2019-01-16 05:15:00,0.19376966637310034
2019-01-16 05:18:00,0.08726865780568005
2019-01-16 05:21:00,0.18303112577603997
2019-01-16 05:24:00,0.1801418747650132
2019-01-16 05:27:00,0.22149206322268356
2019-01-16 05:30:00,0.22779500969875244
2019-01-16 05:33:00,0.2934325521692358
2019-01-16 05:36:00,0.1705818910909329
2019-01-16 05:39:00,0.19359359954933097
2019-01-16 05:42:00,0.247811943014824
2019-01-16 05:45:00,0.3165162370394228
2019-01-16 05:48:00,0.3447029467718039
2019-01-16 05:51:00,0.19692515691082235
2019-01-16 05:54:00,0.19450861083015525
2019-01-16 05:57:00,0.19141737897064104
2019-01-16 06:00:00,0.2288537931161727
2019-01-16 06:03:00,0.17385496662899413
2019-01-16 06:06:00,0.22464149216216356
2019-01-16 06:09:00,0.16769828822145882
2019-01-16 06:12:00,0.1824882209116936
2019-01-16 06:15:00,0.09347000234981806
2019-01-16 06:18:00,0.2010929886596955
2019-01-16 06:21:00,0.12828971621655683
2019-01-16 06:24:00,0.24644521736433944
2019-01-16 06:27:00,0.2870663946690115
2019-01-16 06:30:00,0.24565827445638888
2019-01-16 06:33:00,0.21877164413416494
2019-01-16 06:36:00,0.37092777550213896
2019-01-16 06:39:00,0.264456098136975
2019-01-16 06:42:00,0.2357925618016452
2019-01-16 06:45:00,0.2377286308843054
2019-01-16 06:48:00,0.2505761221312923
2019-01-16 06:51:00,0.3211316795838002
2019-01-16 06:54:00,0.28787980743084063
2019-01-16 06:57:00,0.3391857574281971
2019-01-16 07:00:00,0.32051069663873477
2019-01-16 07:03:00,0.2408970607818901
2019-01-16 07:06:00,0.19130845719928402
2019-01-16 07:09:00,0.28244628248040726
2019-01-16 07:12:00,0.2635650660747615
2019-01-16 07:15:00,0.20293650137938357
2019-01-16 07:18:00,0.2454163906759277
2019-01-16 07:21:00,0.23892730611856905
2019-01-16 07:24:00,0.2626935834614983
2019-01-16 07:27:00,0.21558250621666275
2019-01-16 07:30:00,0.272037592047468
2019-01-16 07:33:00,0.22961191830108874
2019-01-16 07:36:00,0.20294062534748036
2019-01-16 07:39:00,0.23227061596105614
2019-01-16 07:42:00,0.2369635446836469
2019-01-16 07:45:00,0.14793124954962877
2019-01-16 07:48:00,0.18225867350889757
2019-01-16 07:51:00,0.19209474196344445
2019-01-16 07:54:00,0.18999201237932084
2019-01-16 07:57:00,0.1934001983349276
2019-01-16 08:00:00,0.2777355040756788
2019-01-16 08:03:00,0.2245428660527864
2019-01-16 08:06:00,0.19996303692886386
2019-01-16 08:09:00,0.16491748237700676
2019-01-16 08:12:00,0.09182045491183999
2019-01-16 08:15:00,0.21924544454122952
2019-01-16 08:18:00,0.1472153801485092
2019-01-16 08:21:00,0.18629948088130277
2019-01-16 08:24:00,0.19305319930674614
2019-01-16 08:27:00,0.2286212861552599
2019-01-16 08:30:00,0.27421141787289116
2019-01-16 08:33:00,0.14875594489984678
2019-01-16 08:36:00,0.16718248257177493
2019-01-16 08:39:00,0.12258083032901368
2019-01-16 08:42:00,0.15328696186969637
2019-01-16 08:45:00,0.13943582915158004
2019-01-16 08:48:00,0.10712856701661622
2019-01-16 08:51:00,0.197799717771602
2019-01-16 08:54:00,0.11001220656203259
2019-01-16 08:57:00,0.1332917059892793
2019-01-16 09:00:00,0.14795480282384688
2019-01-16 09:03:00,0.13853354549979713
2019-01-16 09:06:00,0.11179414066543814
2019-01-16 09:09:00,0.21513601961015638
2019-01-16 09:12:00,0.16627763678729934
2019-01-16 09:15:00,0.18809512779296256
2019-01-16 09:18:00,0.13193963226319738
2019-01-16 09:21:00,0.14457572236796068
2019-01-16 09:24:00,0.18804878180463902
2019-01-16 09:27:00,0.17349166647596803
2019-01-16 09:30:00,0.050550305658134675
2019-01-16 09:33:00,0.13235326656047164
2019-01-16 09:36:00,0.12963339832197107
2019-01-16 09:39:00,0.21327405525806853
2019-01-16 09:42:00,0.15127479656223386
2019-01-16 09:45:00,0.11488186806224121
2019-01-16 09:48:00,0.18162976561603728
2019-01-16 09:51:00,0.1266650859305969
2019-01-16 09:54:00,0.14401963562380615
2019-01-16 09:57:00,0.20289806647275554
2019-01-16 10:00:00,0.08788812560027282
2019-01-16 10:03:00,0.06167246045026786
2019-01-16 10:06:00,0.047993220174930684
2019-01-16 10:09:00,0.03598511388480574
2019-01-16 10:12:00,0.0025017518279923934
2019-01-16 10:15:00,0.012679452349630083
2019-01-16 10:18:00,0.08775159341627159
2019-01-16 10:21:00,0.12904345830719421
2019-01-16 10:24:00,0.06470612972196932
2019-01-16 10:27:00,0.04472419618082313
2019-01-16 10:30:00,0.0029251438278947717
2019-01-16 10:33:00,0.028586719797715432
2019-01-16 10:36:00,0.049605592020270706
2019-01-16 10:39:00,0.02924054592944003
2019-01-16 10:42:00,-0.018096397996714586
2019-01-16 10:45:00,0.010594107561360033
2019-01-16 10:48:00,-0.047833193883491276
2019-01-16 10:51:00,-0.12568690508032887
2019-01-16 10:54:00,-0.027593460537730152
2019-01-16 10:57:00,-0.08328383256747429
2019-01-16 11:00:00,-0.04916139723314927
2019-01-16 11:03:00,-0.11700897298277368
2019-01-16 11:06:00,-0.1326207711852021
2019-01-16 11:09:00,-0.14163680889731722
2019-01-16 11:12:00,-0.11192824420982106
2019-01-16 11:15:00,-0.11788954883655833
2019-01-16 11:18:00,-0.09538815732878447
2019-01-16 11:21:00,-0.1841585572987583
2019-01-16 11:24:00,-0.1540841212754458
2019-01-16 11:27:00,-0.08924414809041537
2019-01-16 11:30:00,-0.10236305632446374
2019-01-16 11:33:00,-0.15202527650950515
2019-01-16 11:36:00,-0.15352075307845325
2019-01-16 11:39:00,-0.1047203773607066
2019-01-16 11:42:00,-0.15443936216803422
2019-01-16 11:45:00,-0.2315001060970303
2019-01-16 11:48:00,-0.11464331818842766
2019-01-16 11:51:00,-0.1662623194225148
2019-01-16 11:54:00,-0.1981950751200543
2019-01-16 11:57:00,-0.21359681570464772
2019-01-16 12:00:00,-0.25604135970502284
2019-01-16 12:03:00,-0.22678700741261082
2019-01-16 12:06:00,-0.230111847154717
2019-01-16 12:09:00,-0.2196337479820727
2019-01-16 12:12:00,-0.24099111824108377
2019-01-16 12:15:00,-0.23060615358747327
2019-01-16 12:18:00,-0.04558860956404942
2019-01-16 12:21:00,-0.038179199558044274
2019-01-16 12:24:00,-0.06553182585355444
2019-01-16 12:27:00,-0.059133408662603415
2019-01-16 12:30:00,-0.0173799130747625
2019-01-16 12:33:00,-0.2565916461698521
2019-01-16 12:36:00,-0.18920162281358444
2019-01-16 12:39:00,-0.009687113393169966
2019-01-16 12:42:00,-0.0723538478139858
2019-01-16 12:45:00,-0.13364858204192842
2019-01-16 12:48:00,-0.1942097743004183
2019-01-16 12:51:00,-0.23531557807120862
2019-01-16 12:54:00,-0.19910338689049922
2019-01-16 12:57:00,-0.2089586881245964
2019-01-16 13:00:00,-0.17825182864481803
2019-01-16 13:03:00,-0.29727625971514726
2019-01-16 13:06:00,-0.24805799365793746
2019-01-16 13:09:00,-0.21952080540978613
2019-01-16 13:12:00,-0.19262641905550026
2019-01-16 13:15:00,-0.30998837158023207
2019-01-16 13:18:00,-0.329834151245052
2019-01-16 13:21:00,-0.32180782401110264
2019-01-16 13:24:00,-0.30061370147416255
2019-01-16 13:27:00,-0.2980807986359082
2019-01-16 13:30:00,-0.19673619994256342
2019-01-16 13:33:00,-0.26468359872256997
2019-01-16 13:36:00,-0.34387917256907485
2019-01-16 13:39:00,-0.33867873047000785
2019-01-16 13:42:00,-0.37962254304125054
2019-01-16 13:45:00,-0.35353680776808005
2019-01-16 13:48:00,-0.16410939910332445
2019-01-16 13:51:00,-0.3183358570744872
2019-01-16 13:54:00,-0.3994727749601452
2019-01-16 13:57:00,-0.33986641817887175
2019-01-16 14:00:00,-0.2881342918239511
2019-01-16 14:03:00,-0.36991890909888525
2019-01-16 14:06:00,-0.2654217593475323
2019-01-16 14:09:00,-0.34325697774772834
2019-01-16 14:12:00,-0.26681299122856217
2019-01-16 14:15:00,-0.23616545158125746
2019-01-16 14:18:00,-0.22932630905717133
2019-01-16 14:21:00,-0.36672886858031006
2019-01-16 14:24:00,-0.3895024958212616
2019-01-16 14:27:00,-0.3093691503995615
2019-01-16 14:30:00,-0.27956742693606884
2019-01-16 14:33:00,-0.35682875557216676
2019-01-16 14:36:00,-0.36863051321154217
2019-01-16 14:39:00,-0.4093364015125758
2019-01-16 14:42:00,-0.3406424710187821
2019-01-16 14:45:00,-0.3079963892950559
2019-01-16 14:48:00,-0.30587086344797854
2019-01-16 14:51:00,-0.29864709664616385
2019-01-16 14:54:00,-0.31669210246121793
2019-01-16 14:57:00,-0.2541225371043083
2019-01-16 15:00:00,-0.36206716910066916
2019-01-16 15:03:00,-0.37545033003647177
2019-01-16 15:06:00,-0.3716526205511741
2019-01-16 15:09:00,-0.27403860424936966
2019-01-16 15:12:00,-0.2755668326715863
2019-01-16 15:15:00,-0.3939574325330568
2019-01-16 15:18:00,-0.3705387211671223
2019-01-16 15:21:00,-0.3750272792311762
2019-01-16 15:24:00,-0.3165907994358008
2019-01-16 15:27:00,-0.4015419537051912
2019-01-16 15:30:00,-0.32125009166577456
2019-01-16 15:33:00,-0.35545826394712776
2019-01-16 15:36:00,-0.2813414239200256
2019-01-16 15:39:00,-0.32822929728922645
2019-01-16 15:42:00,-0.47217434971952343
2019-01-16 15:45:00,-0.33305802345955726
2019-01-16 15:48:00,-0.3524725134191158
2019-01-16 15:51:00,-0.4151075948037146
2019-01-16 15:54:00,-0.47651464564034995
2019-01-16 15:57:00,-0.47609365966121686
2019-01-16 16:00:00,-0.5670087243834132
2019-01-16 16:03:00,-0.5171281350491768
2019-01-16 16:06:00,-0.3962403247659836
2019-01-16 16:09:00,-0.5061258185878046
2019-01-16 16:12:00,-0.43483628065934
2019-01-16 16:15:00,-0.5101651795449698
2019-01-16 16:18:00,-0.4556572364000431
2019-01-16 16:21:00,-0.4736006561975046
2019-01-16 16:24:00,-0.4517369446350017
2019-01-16 16:27:00,-0.477828865330423
2019-01-16 16:30:00,-0.45311105927572726
2019-01-16 16:33:00,-0.523830006178855
2019-01-16 16:36:00,-0.47038931952857865
2019-01-16 16:39:00,-0.44765540942984217
2019-01-16 16:42:00,-0.4494177103404695
2019-01-16 16:45:00,-0.4182401224626915
2019-01-16 16:48:00,-0.4936805555019532
2019-01-16 16:51:00,-0.4771952382152449
2019-01-16 16:54:00,-0.506484686638089
2019-01-16 16:57:00,-0.3929056577032952
2019-01-16 17:00:00,-0.3791606860008301
2019-01-16 17:03:00,-0.3359625155372896
2019-01-16 17:06:00,-0.40362386607483813
2019-01-16 17:09:00,-0.30772965784109374
2019-01-16 17:12:00,-0.33206833677331815
2019-01-16 17:15:00,-0.3977128212088701
2019-01-16 17:18:00,-0.4241739513590801
2019-01-16 17:21:00,-0.3661541632304761
2019-01-16 17:24:00,-0.2685581569720057
2019-01-16 17:27:00,-0.3800263481331285
2019-01-16 17:30:00,-0.326220984537656
2019-01-16 17:33:00,-0.4036664212396772
2019-01-16 17:36:00,-0.4072459471034904
2019-01-16 17:39:00,-0.22407795819640342
2019-01-16 17:42:00,-0.3792318927497149
2019-01-16 17:45:00,-0.1892448479960649
2019-01-16 17:48:00,-0.20895120273604562
2019-01-16 17:51:00,-0.2814276132287432
2019-01-16 17:54:00,-0.16714299767357943
2019-01-16 17:57:00,-0.2978155920279164
2019-01-16 18:00:00,-0.20263607208596568
2019-01-16 18:03:00,-0.2483506016921524
2019-01-16 18:06:00,-0.26681362688333365
2019-01-16 18:09:00,-0.18891664064722136
2019-01-16 18:12:00,-0.1610896977491052
2019-01-16 18:15:00,-0.12763411582119488
2019-01-16 18:18:00,-0.14340713407926842
2019-01-16 18:21:00,-0.18299363812923275
2019-01-16 18:24:00,-0.10411209165920354
2019-01-16 18:27:00,-0.06865137682484601
2019-01-16 18:30:00,-0.07220637085259796
2019-01-16 18:33:00,-0.03805199996440933
2019-01-16 18:36:00,-0.044746710414528934
2019-01-16 18:39:00,0.0021458205016529064
2019-01-16 18:42:00,-0.12547446524541783
2019-01-16 18:45:00,-0.07237166338188672
2019-01-16 18:48:00,-0.06381812878555593
2019-01-16 18:51:00,-0.11719469426941487
2019-01-16 18:54:00,-0.1394364013689824
2019-01-16 18:57:00,
2019-01-16 19:00:00,
2019-01-16 19:03:00,0.025892470750818575
2019-01-16 19:06:00,-0.09620069387767671
2019-01-16 19:09:00,-0.049290970552817726
2019-01-16 19:12:00,-0.04265925931338188
2019-01-16 19:15:00,0.058196718299029726
2019-01-16 19:18:00,0.016103030086298986
2019-01-16 19:21:00,-0.021698889648234854
2019-01-16 19:24:00,-0.023503632343135905
2019-01-16 19:27:00,0.1270090966966677
2019-01-16 19:30:00,0.07096460586166131
2019-01-16 19:33:00,-0.007860185224387806
2019-01-16 19:36:00,0.09508299918667262
2019-01-16 19:39:00,0.010027784791361682
2019-01-16 19:42:00,0.03775401256353916
2019-01-16 19:45:00,0.06463736160617373
2019-01-16 19:48:00,-0.0009674349286115103
2019-01-16 19:51:00,0.1336589152858778
2019-01-16 19:54:00,0.09223006688597479
2019-01-16 19:57:00,0.09957221320320286
2019-01-16 20:00:00,0.034291963179555296
2019-01-16 20:03:00,0.19960671395995178
2019-01-16 20:06:00,0.1841438282539798
2019-01-16 20:09:00,0.11722808292273612
2019-01-16 20:12:00,0.09655120924725225
2019-01-16 20:15:00,0.13889159119474925
2019-01-16 20:18:00,0.1163891654837812
2019-01-16 20:21:00,0.09538047936950989
2019-01-16 20:24:00,0.09907500034375971
2019-01-16 20:27:00,0.06919332314936355
2019-01-16 20:30:00,0.20327174180278007
2019-01-16 20:33:00,0.13102459679089407
2019-01-16 20:36:00,0.1732395144236989
2019-01-16 20:39:00,0.13916824003422334
2019-01-16 20:42:00,0.15598654466316475
2019-01-16 20:45:00,0.06767697115810734
2019-01-16 20:48:00,0.2128928207764602
2019-01-16 20:51:00,0.09515721267518984
2019-01-16 20:54:00,0.10776046548085105
2019-01-16 20:57:00,0.15867519609645342
2019-01-16 21:00:00,0.07001183513068554
2019-01-16 21:03:00,0.1472631403195237
2019-01-16 21:06:00,0.1462828839858048
2019-01-16 21:09:00,0.16952543329125547
2019-01-16 21:12:00,0.16678404397146096
2019-01-16 21:15:00,0.04233078454291217
2019-01-16 21:18:00,0.11621971983720414
2019-01-16 21:21:00,0.022772115738177945
2019-01-16 21:24:00,0.17588364871949125
2019-01-16 21:27:00,0.06083925041349403
2019-01-16 21:30:00,0.12347149969025395
2019-01-16 21:33:00,0.14386410072785338
2019-01-16 21:36:00,0.09248204415234795
2019-01-16 21:39:00,0.04405878578540978
2019-01-16 21:42:00,0.12207394555827022
2019-01-16 21:45:00,0.19234886611877755
2019-01-16 21:48:00,0.17399371160990995
2019-01-16 21:51:00,0.2353357258839992
2019-01-16 21:54:00,0.18168295674360024
2019-01-16 21:57:00,0.21732037010804106
2019-01-16 22:00:00,0.16543620819840044
2019-01-16 22:03:00,0.12057040123346496
2019-01-16 22:06:00,0.11237459186588694
2019-01-16 22:09:00,0.12181686871372222
2019-01-16 22:12:00,0.10684002334596698
2019-01-16 22:15:00,0.13373128181268612
2019-01-16 22:18:00,0.12827476387752768
2019-01-16 22:21:00,0.17881558553739296
2019-01-16 22:24:00,0.18369217772089996
2019-01-16 22:27:00,0.1675811536007359
2019-01-16 22:30:00,0.16072960612422094
2019-01-16 22:33:00,0.23087558229644856
2019-01-16 22:36:00,0.22940874173684733
2019-01-16 22:39:00,0.24476254400144626
2019-01-16 22:42:00,0.1414198537121365
2019-01-16 22:45:00,0.13149942815283566
2019-01-16 22:48:00,0.11891930382495275
2019-01-16 22:51:00,0.15204212158448627
2019-01-16 22:54:00,0.12514485705827383
2019-01-16 22:57:00,0.11922158417354467
2019-01-16 23:00:00,0.1547337468628598
2019-01-16 23:03:00,0.21074176597585392
2019-01-16 23:06:00,0.17150207785357452
2019-01-16 23:09:00,0.31746138851178785
2019-01-16 23:12:00,0.29949804012204595
2019-01-16 23:15:00,0.32903930430398987
2019-01-16 23:18:00,0.2527167650777642
2019-01-16 23:21:00,0.20001822386655022
2019-01-16 23:24:00,0.18893011586646935
2019-01-16 23:27:00,0.10624827258817504
2019-01-16 23:30:00,0.2171429192772507
2019-01-16 23:33:00,0.16235123519555827
2019-01-16 23:36:00,0.14546227831982605
2019-01-16 23:39:00,0.08125516730785876
2019-01-16 23:42:00,0.20725627118548573
2019-01-16 23:45:00,0.11669176369781553
2019-01-16 23:48:00,0.2336822011870936
2019-01-16 23:51:00,0.19454410416619794
2019-01-16 23:54:00,0.19644074198771477
2019-01-16 23:57:00,0.27779816415107916
2019-01-17 00:00:00,0.2932609320983488
2019-01-17 00:03:00,0.23027158126325276
2019-01-17 00:06:00,0.20079541824765101
2019-01-17 00:09:00,0.3479377865826905
2019-01-17 00:12:00,0.32778935383424823
2019-01-17 00:15:00,0.33646310264538215
2019-01-17 00:18:00,0.26743300413613724
2019-01-17 00:21:00,0.2714957080077056
2019-01-17 00:24:00,0.36125704222195054
2019-01-17 00:27:00,0.2955950418754014
2019-01-17 00:30:00,0.2531837830176187
2019-01-17 00:33:00,0.2397610847208398
2019-01-17 00:36:00,0.3239324994463004
2019-01-17 00:39:00,0.3258198822127838
2019-01-17 00:42:00,0.2685631299673332
2019-01-17 00:45:00,0.29900133960785524
2019-01-17 00:48:00,0.29040289140516506
2019-01-17 00:51:00,0.34703140019018974
2019-01-17 00:54:00,0.20802128888828975
2019-01-17 00:57:00,0.279965124824173
2019-01-17 01:00:00,0.26731196907837784
2019-01-17 01:03:00,0.2005987815230128
2019-01-17 01:06:00,0.3478575400332602
2019-01-17 01:09:00,0.3198507418618419
2019-01-17 01:12:00,0.35019100420811355
2019-01-17 01:15:00,0.3825580656586567
2019-01-17 01:18:00,0.37680327762484467
2019-01-17 01:21:00,0.29027008325351744
2019-01-17 01:24:00,0.31323148194502437
2019-01-17 01:27:00,0.3309075857619632
2019-01-17 01:30:00,0.23906279477074577
2019-01-17 01:33:00,0.3188317691011662
2019-01-17 01:36:00,0.2708865970279817
2019-01-17 01:39:00,0.37611791249111093
2019-01-17 01:42:00,0.3492156509390725
2019-01-17 01:45:00,0.366311305308443
2019-01-17 01:48:00,0.25078825431489804
2019-01-17 01:51:00,0.3650891105924643
2019-01-17 01:54:00,0.3402494069507611
2019-01-17 01:57:00,0.27662718570127254
2019-01-17 02:00:00,0.4253399349853453
2019-01-17 02:03:00,0.3193787920075124
2019-01-17 02:06:00,0.2608184968315186
2019-01-17 02:09:00,0.381236916061539
2019-01-17 02:12:00,0.2921591278179676
2019-01-17 02:15:00,0.3087692515371714
2019-01-17 02:18:00,0.3317956648895688
2019-01-17 02:21:00,0.35194125872254745
2019-01-17 02:24:00,0.3557945748978568
2019-01-17 02:27:00,0.2996862153954112
2019-01-17 02:30:00,0.2679020616671437
2019-01-17 02:33:00,0.2221773301077974
2019-01-17 02:36:00,0.23638096012820142
2019-01-17 02:39:00,0.3709404374722567
2019-01-17 02:42:00,0.31870349963224953
2019-01-17 02:45:00,0.2718785901716956
2019-01-17 02:48:00,0.3195572537188127
2019-01-17 02:51:00,0.30471972944997106
2019-01-17 02:54:00,0.32337428461482887
2019-01-17 02:57:00,0.29274752068801035
2019-01-17 03:00:00,0.32188351675642934
2019-01-17 03:03:00,0.362388965791979
2019-01-17 03:06:00,0.26843904276483954
2019-01-17 03:09:00,0.23650610562452812
2019-01-17 03:12:00,0.32545894687473265
2019-01-17 03:15:00,0.2395906783481223
2019-01-17 03:18:00,0.19845364599814275
2019-01-17 03:21:00,0.243582120859287
2019-01-17 03:24:00,0.3345184967516275
2019-01-17 03:27:00,0.3484743720922552
2019-01-17 03:30:00,0.24133582709902157
2019-01-17 03:33:00,0.33307020397364795
2019-01-17 03:36:00,0.37881217763339237
2019-01-17 03:39:00,0.33190576898772406
2019-01-17 03:42:00,0.2806062794637114
2019-01-17 03:45:00,0.36894556800899636
2019-01-17 03:48:00,0.3507167426519118
2019-01-17 03:51:00,0.2711894712024332
2019-01-17 03:54:00,0.37189037310770345
2019-01-17 03:57:00,0.4151517169038357
2019-01-17 04:00:00,0.3317818690443346
2019-01-17 04:03:00,0.38755945736517106
2019-01-17 04:06:00,0.37325398799839604
2019-01-17 04:09:00,0.2874648134340987
2019-01-17 04:12:00,0.39929847648306804
2019-01-17 04:15:00,0.3668079467950065
2019-01-17 04:18:00,0.35029793060681413
2019-01-17 04:21:00,0.3590918033102639
2019-01-17 04:24:00,0.2929409519794035
2019-01-17 04:27:00,0.3465737034810559
2019-01-17 04:30:00,0.4039972430526859
2019-01-17 04:33:00,0.39433404182148024
2019-01-17 04:36:00,0.40770606702591294
2019-01-17 04:39:00,0.37756342836445356
2019-01-17 04:42:00,0.37017785870961006
2019-01-17 04:45:00,0.35999190515389046
2019-01-17 04:48:00,0.37214657795720996
2019-01-17 04:51:00,0.37161095806067124
2019-01-17 04:54:00,0.2956235105315841
2019-01-17 04:57:00,0.3980240525188492
2019-01-17 05:00:00,0.3804466233675612
2019-01-17 05:03:00,0.38217812696342435
2019-01-17 05:06:00,0.35977635198076996
2019-01-17 05:09:00,0.4397858660410634
2019-01-17 05:12:00,0.3723200736416743
2019-01-17 05:15:00,0.24327839681490104
2019-01-17 05:18:00,0.36093666080256526
2019-01-17 05:21:00,0.1987719433628854
2019-01-17 05:24:00,0.192558069755421
2019-01-17 05:27:00,0.264828962404124
2019-01-17 05:30:00,0.22933001167376688
2019-01-17 05:33:00,0.28098804440116965
2019-01-17 05:36:00,0.2726482672455859
2019-01-17 05:39:00,0.2791752050664513
2019-01-17 05:42:00,0.34640870379320177
2019-01-17 05:45:00,0.33305821949750225
2019-01-17 05:48:00,0.33964273689980473
2019-01-17 05:51:00,0.3010537552525534
2019-01-17 05:54:00,0.4066020059692619
2019-01-17 05:57:00,0.26504759289366575
2019-01-17 06:00:00,0.35457010833818003
2019-01-17 06:03:00,0.27968560048009294
2019-01-17 06:06:00,0.3540553104656965
2019-01-17 06:09:00,0.31121674458626103
2019-01-17 06:12:00,0.2661004825412192
2019-01-17 06:15:00,0.30047992714338534
2019-01-17 06:18:00,0.16072958681735372
2019-01-17 06:21:00,0.2571603874234256
2019-01-17 06:24:00,0.2610076475170331
2019-01-17 06:27:00,0.25468909051249966
2019-01-17 06:30:00,0.2003518280660046
2019-01-17 06:33:00,0.34187876785415483
2019-01-17 06:36:00,0.3650298169966959
2019-01-17 06:39:00,0.4140279782030234
2019-01-17 06:42:00,0.33282073072774665
2019-01-17 06:45:00,0.31600500216916316
2019-01-17 06:48:00,0.33654687501007174
2019-01-17 06:51:00,0.3711052804771384
2019-01-17 06:54:00,0.2986927431390427
2019-01-17 06:57:00,0.30988821851872217
2019-01-17 07:00:00,0.30029802688778773
2019-01-17 07:03:00,0.2539402111389677
2019-01-17 07:06:00,0.2166021482697147
2019-01-17 07:09:00,0.32895511511657105
2019-01-17 07:12:00,0.31556672230505
2019-01-17 07:15:00,0.20878798444647373
2019-01-17 07:18:00,0.3249593445223127
2019-01-17 07:21:00,0.3285927406606106
2019-01-17 07:24:00,0.32222122065638814
2019-01-17 07:27:00,0.27793148093604714
2019-01-17 07:30:00,0.45054083680480517
2019-01-17 07:33:00,0.4061852312107135
2019-01-17 07:36:00,0.30004242029588113
2019-01-17 07:39:00,0.35706324119479405
2019-01-17 07:42:00,0.4232568247985
2019-01-17 07:45:00,0.35756155612432394
2019-01-17 07:48:00,0.3128282138914642
2019-01-17 07:51:00,0.3504411417612232
2019-01-17 07:54:00,0.3700372291626195
2019-01-17 07:57:00,0.3354000356463871
2019-01-17 08:00:00,0.14271394589496822
2019-01-17 08:03:00,0.3127457745785023
2019-01-17 08:06:00,0.4486530429101663
2019-01-17 08:09:00,0.33833839668022847
2019-01-17 08:12:00,0.30833751819585586
2019-01-17 08:15:00,0.3696036114528738
2019-01-17 08:18:00,0.35701215012278453
2019-01-17 08:21:00,0.3249417049783574
2019-01-17 08:24:00,0.27765059575619944
2019-01-17 08:27:00,0.2786329015006572
2019-01-17 08:30:00,0.33492733864920865
2019-01-17 08:33:00,0.3056023978576832
2019-01-17 08:36:00,0.2456895284338998
2019-01-17 08:39:00,0.36962009454549616
2019-01-17 08:42:00,0.3187909077925042
2019-01-17 08:45:00,0.317743413803214
2019-01-17 08:48:00,0.35631836064618483
2019-01-17 08:51:00,0.2542208457633137
2019-01-17 08:54:00,0.2583044411137507
2019-01-17 08:57:00,0.28142203524248544
2019-01-17 09:00:00,0.295434540157828
2019-01-17 09:03:00,0.269091767274233
2019-01-17 09:06:00,0.22347727443741405
2019-01-17 09:09:00,0.35382933309222153
2019-01-17 09:12:00,0.34279612274349347
2019-01-17 09:15:00,0.371775367235216
2019-01-17 09:18:00,0.15979620115047055
2019-01-17 09:21:00,0.2666031135700564
2019-01-17 09:24:00,0.3349558215101638
2019-01-17 09:27:00,0.13147184925765032
2019-01-17 09:30:00,0.20419505343363653
2019-01-17 09:33:00,0.08486345044133259
2019-01-17 09:36:00,0.26377457203352606
2019-01-17 09:39:00,0.16961438045575505
2019-01-17 09:42:00,0.27322114460685043
2019-01-17 09:45:00,0.3687266189484717
2019-01-17 09:48:00,0.29311042880453897
2019-01-17 09:51:00,0.22810354148401757
2019-01-17 09:54:00,0.3363479566915544
2019-01-17 09:57:00,0.2935329063628842
2019-01-17 10:00:00,0.5051880678038287
2019-01-17 10:03:00,0.419635271991865
2019-01-17 10:06:00,0.372959782379894
2019-01-17 10:09:00,0.4192786448554102
2019-01-17 10:12:00,0.3841888858891025
2019-01-17 10:15:00,0.44170194783185934
2019-01-17 10:18:00,0.36141193722949083
2019-01-17 10:21:00,0.44716524482311115
2019-01-17 10:24:00,0.4075441794193466
2019-01-17 10:27:00,0.4070568348172401
2019-01-17 10:30:00,0.44491460286423035
2019-01-17 10:33:00,0.3942578598748696
2019-01-17 10:36:00,0.30234666260474796
2019-01-17 10:39:00,0.3446476043430948
2019-01-17 10:42:00,0.3339753912463834
2019-01-17 10:45:00,0.19948872949765928
2019-01-17 10:48:00,0.26463232620255894
2019-01-17 10:51:00,0.2601725800493
2019-01-17 10:54:00,0.2621251526117021
2019-01-17 10:57:00,0.23262538949961709
2019-01-17 11:00:00,0.4413003004918892
2019-01-17 11:03:00,0.5442198933167788
2019-01-17 11:06:00,0.5833263282559642
2019-01-17 11:09:00,0.31624396862599724
2019-01-17 11:12:00,0.24736031620091126
2019-01-17 11:15:00,0.2798927283042758
2019-01-17 11:18:00,0.25213163621407375
2019-01-17 11:21:00,0.1878194384304379
2019-01-17 11:24:00,0.15759694506181177
2019-01-17 11:27:00,0.2807942863544781
2019-01-17 11:30:00,0.29622154971900727
2019-01-17 11:33:00,0.2224973913741337
2019-01-17 11:36:00,0.275842356359874
2019-01-17 11:39:00,0.2884704696843414
2019-01-17 11:42:00,0.21266096165163617
2019-01-17 11:45:00,0.2672331986355516
2019-01-17 11:48:00,0.22811990890835432
2019-01-17 11:51:00,0.24922364107408157
2019-01-17 11:54:00,0.35651273054298827
2019-01-17 11:57:00,0.2827814029514002
2019-01-17 12:00:00,0.1739475963816517
2019-01-17 12:03:00,0.1767377846402951
2019-01-17 12:06:00,0.18442512210924633
2019-01-17 12:09:00,0.3251867904211281
2019-01-17 12:12:00,0.14698494615606705
2019-01-17 12:15:00,0.21405726401474112
2019-01-17 12:18:00,0.19756727066351232
2019-01-17 12:21:00,0.16947009557662795
2019-01-17 12:24:00,0.22216190172156303
2019-01-17 12:27:00,0.17973782078780687
2019-01-17 12:30:00,0.23820809423204992
2019-01-17 12:33:00,0.165534017486209
2019-01-17 12:36:00,0.13680849886202395
2019-01-17 12:39:00,0.22563522781860001
2019-01-17 12:42:00,0.15173994083113485
2019-01-17 12:45:00,0.1382524626325221
2019-01-17 12:48:00,0.18162069682188076
2019-01-17 12:51:00,0.19505430957667613
2019-01-17 12:54:00,0.18159461372738406
2019-01-17 12:57:00,0.1666899349499431
2019-01-17 13:00:00,0.13899278940465365
2019-01-17 13:03:00,0.17953354617634432
2019-01-17 13:06:00,0.14349598170269928
2019-01-17 13:09:00,0.12586205956006324
2019-01-17 13:12:00,0.09029366317042786
2019-01-17 13:15:00,0.18816246008668713
2019-01-17 13:18:00,0.19734183704304087
2019-01-17 13:21:00,0.2097469840405779
2019-01-17 13:24:00,0.1262893052129357
2019-01-17 13:27:00,0.1732708003796688
2019-01-17 13:30:00,0.15904462570728128
2019-01-17 13:33:00,0.17689323549308256
2019-01-17 13:36:00,0.15457732292992432
2019-01-17 13:39:00,0.20939381752822328
2019-01-17 13:42:00,0.02304204842261015
2019-01-17 13:45:00,0.08437938349152319
2019-01-17 13:48:00,0.16760436605864015
2019-01-17 13:51:00,0.07455505433347298
2019-01-17 13:54:00,0.14176965856432844
2019-01-17 13:57:00,0.05936347073429715
2019-01-17 14:00:00,0.09372225900790454
2019-01-17 14:03:00,0.09931748391363726
2019-01-17 14:06:00,0.01661287688466473
2019-01-17 14:09:00,0.02951422684446925
2019-01-17 14:12:00,0.04112181912091728
2019-01-17 14:15:00,0.009886141629579015
2019-01-17 14:18:00,0.022060991602074864
2019-01-17 14:21:00,0.055993543738622975
2019-01-17 14:24:00,-0.0374298309170058
2019-01-17 14:27:00,-0.00566713535334884
2019-01-17 14:30:00,-0.023038407706167163
2019-01-17 14:33:00,0.03163930365911938
2019-01-17 14:36:00,0.07710893724748757
2019-01-17 14:39:00,0.10386139340761247
2019-01-17 14:42:00,0.019001103502546357
2019-01-17 14:45:00,-0.04015945796459164
2019-01-17 14:48:00,0.013136882009177953
2019-01-17 14:51:00,0.03769071227134191
2019-01-17 14:54:00,-0.044819917219058425
2019-01-17 14:57:00,-0.06554675945221788
2019-01-17 15:00:00,0.01587894232011422
2019-01-17 15:03:00,-0.07270550676184939
2019-01-17 15:06:00,-0.07954695208462681
2019-01-17 15:09:00,-0.03630471272185787
2019-01-17 15:12:00,-0.029721756952483247
2019-01-17 15:15:00,-0.07597082636181085
2019-01-17 15:18:00,-0.06546781545620206
2019-01-17 15:21:00,-0.10331353911658425
2019-01-17 15:24:00,-0.13013948552725196
2019-01-17 15:27:00,-0.07058017408371597
2019-01-17 15:30:00,-0.060958842250499856
2019-01-17 15:33:00,-0.01771422757832397
2019-01-17 15:36:00,-0.12190018236015021
2019-01-17 15:39:00,-0.0227101706231565
2019-01-17 15:42:00,-0.045947963321225416
2019-01-17 15:45:00,-0.07131110153034115
2019-01-17 15:48:00,-0.009915630855971358
2019-01-17 15:51:00,-0.10052081850091099
2019-01-17 15:54:00,-0.09927706794974256
2019-01-17 15:57:00,-0.015353655297872137
2019-01-17 16:00:00,-0.10921403226961957
2019-01-17 16:03:00,-0.09571889735957484
2019-01-17 16:06:00,-0.07959449318559564
2019-01-17 16:09:00,-0.10219002439310998
2019-01-17 16:12:00,-0.061551612193056826
2019-01-17 16:15:00,-0.14308473082905948
2019-01-17 16:18:00,-0.05570762765978543
2019-01-17 16:21:00,-0.05525962330494849
2019-01-17 16:24:00,-0.05194170745551219
2019-01-17 16:27:00,-0.0965047170892035
2019-01-17 16:30:00,-0.0977722918145787
2019-01-17 16:33:00,-0.15420953026682582
2019-01-17 16:36:00,-0.12865119665337943
2019-01-17 16:39:00,-0.1053510621537157
2019-01-17 16:42:00,-0.12802630367087886
2019-01-17 16:45:00,-0.11990690347647615
2019-01-17 16:48:00,-0.21449560095470588
2019-01-17 16:51:00,-0.11978259265003999
2019-01-17 16:54:00,-0.09252905428036229
2019-01-17 16:57:00,-0.022648598100204254
2019-01-17 17:00:00,-0.11858557216214649
2019-01-17 17:03:00,-0.0784725302314655
2019-01-17 17:06:00,-0.11968746981034428
2019-01-17 17:09:00,-0.022568397270845253
2019-01-17 17:12:00,0.03276216971920576
2019-01-17 17:15:00,-0.00043231256586295785
2019-01-17 17:18:00,0.06610273732650285
2019-01-17 17:21:00,-0.058096370983548695
2019-01-17 17:24:00,0.09304252307515526
2019-01-17 17:27:00,0.12499075890394806
2019-01-17 17:30:00,0.07616314498790189
2019-01-17 17:33:00,0.035761564176539196
2019-01-17 17:36:00,0.010394822236492018
2019-01-17 17:39:00,0.12893591445589436
2019-01-17 17:42:00,0.0777691495151771
2019-01-17 17:45:00,0.07132129256694952
2019-01-17 17:48:00,0.017693551685624698
2019-01-17 17:51:00,0.10616112198431438
2019-01-17 17:54:00,0.15802137142833317
2019-01-17 17:57:00,0.07693805575195256
2019-01-17 18:00:00,0.15138282380456758
2019-01-17 18:03:00,0.00966634797163124
2019-01-17 18:06:00,0.06477876583079478
2019-01-17 18:09:00,0.02840793730911173
2019-01-17 18:12:00,0.019711338203592277
2019-01-17 18:15:00,-0.06258942210035912
2019-01-17 18:18:00,0.11814009998329311
2019-01-17 18:21:00,0.10687138692742337
2019-01-17 18:24:00,0.0849268333710711
2019-01-17 18:27:00,0.06674360823376446
2019-01-17 18:30:00,0.08119933046049255
2019-01-17 18:33:00,0.05864507423922305
2019-01-17 18:36:00,0.12405991354967227
2019-01-17 18:39:00,0.12875467673620733
2019-01-17 18:42:00,0.12554996806250074
2019-01-17 18:45:00,0.1952699166672005
2019-01-17 18:48:00,0.107837377792805
2019-01-17 18:51:00,0.1855552767823383
2019-01-17 18:54:00,
2019-01-17 18:57:00,
2019-01-17 19:00:00,
2019-01-17 19:03:00,0.14483478298046748
2019-01-17 19:06:00,0.193185301432095
2019-01-17 19:09:00,0.1442344851104167
2019-01-17 19:12:00,0.1585270863876076
2019-01-17 19:15:00,0.17673782958871698
2019-01-17 19:18:00,0.11834771816069178
2019-01-17 19:21:00,0.2101185754077619
2019-01-17 19:24:00,0.12143547396641452
2019-01-17 19:27:00,0.16212139452966312
2019-01-17 19:30:00,0.1978540859199711
2019-01-17 19:33:00,0.0985162409356235
2019-01-17 19:36:00,0.10799879515587918
2019-01-17 19:39:00,0.11279296129396243
2019-01-17 19:42:00,0.07771540254901765
2019-01-17 19:45:00,0.1016127602403003
2019-01-17 19:48:00,0.16890171044752833
2019-01-17 19:51:00,0.18542722052859517
2019-01-17 19:54:00,0.14243242137109746
2019-01-17 19:57:00,0.09034499248900829
2019-01-17 20:00:00,0.1866356890917018
2019-01-17 20:03:00,0.14362640008209837
2019-01-17 20:06:00,0.2088034838482713
2019-01-17 20:09:00,0.17158653804409596
2019-01-17 20:12:00,0.1642092983576049
2019-01-17 20:15:00,0.25833113567989585
2019-01-17 20:18:00,0.21288296997732914
2019-01-17 20:21:00,0.14802693520351795
2019-01-17 20:24:00,0.19764239492400293
2019-01-17 20:27:00,0.18632367124098437
2019-01-17 20:30:00,0.27645518803461755
2019-01-17 20:33:00,0.14640196203947653
2019-01-17 20:36:00,0.25300281430975247
2019-01-17 20:39:00,0.1886215680746659
2019-01-17 20:42:00,0.17462133785096512
2019-01-17 20:45:00,0.20413550083969767
2019-01-17 20:48:00,0.2122133289371959
2019-01-17 20:51:00,0.14203723369104182
2019-01-17 20:54:00,0.20930207739712614
2019-01-17 20:57:00,0.22687908555570857
2019-01-17 21:00:00,0.18537918089867844
2019-01-17 21:03:00,0.22249883487387478
2019-01-17 21:06:00,0.07804575648162881
2019-01-17 21:09:00,0.15807548788905024
2019-01-17 21:12:00,0.09818364735707519
2019-01-17 21:15:00,0.21937335233928934
2019-01-17 21:18:00,0.14264201846174274
2019-01-17 21:21:00,0.21013235397816743
2019-01-17 21:24:00,0.23614548337633323
2019-01-17 21:27:00,0.21580994910851814
2019-01-17 21:30:00,0.11149971546376491
2019-01-17 21:33:00,0.06802094092910238
2019-01-17 21:36:00,0.1937989940979037
2019-01-17 21:39:00,0.12412855682060808
2019-01-17 21:42:00,0.13874356812425503
2019-01-17 21:45:00,0.14861904599911213
2019-01-17 21:48:00,0.24929574267275711
2019-01-17 21:51:00,0.1610370999263182
2019-01-17 21:54:00,0.14870141012625027
2019-01-17 21:57:00,0.1462064360617319
2019-01-17 22:00:00,0.1475769835485039
2019-01-17 22:03:00,0.25374353367618596
2019-01-17 22:06:00,0.24884459787210744
2019-01-17 22:09:00,0.10743152662200828
2019-01-17 22:12:00,0.2243003145411535
2019-01-17 22:15:00,0.22403124836256438
2019-01-17 22:18:00,0.13617895345743136
2019-01-17 22:21:00,0.1372166298273214
2019-01-17 22:24:00,0.13216042899108515
2019-01-17 22:27:00,0.19411549230602532
2019-01-17 22:30:00,0.22650952920275813
2019-01-17 22:33:00,0.2805225136173135
2019-01-17 22:36:00,0.11709240297000179
2019-01-17 22:39:00,0.17137117454177542
2019-01-17 22:42:00,0.2533684898207298
2019-01-17 22:45:00,0.19784136176593847
2019-01-17 22:48:00,0.1877929314408675
2019-01-17 22:51:00,0.2209167989155958
2019-01-17 22:54:00,0.17960589048021802
2019-01-17 22:57:00,0.16249883643814655
2019-01-17 23:00:00,0.2172350915241168
2019-01-17 23:03:00,0.058049157983020905
2019-01-17 23:06:00,0.15866822563810956
2019-01-17 23:09:00,0.23807017085812276
2019-01-17 23:12:00,0.23616842242978464
2019-01-17 23:15:00,0.2732915583289355
2019-01-17 23:18:00,0.23724243870083228
2019-01-17 23:21:00,0.3152418358255886
2019-01-17 23:24:00,0.2368841509951949
2019-01-17 23:27:00,0.236273867487796
2019-01-17 23:30:00,0.2548648615634761
2019-01-17 23:33:00,0.21097270212442254
2019-01-17 23:36:00,0.2792470947310335
2019-01-17 23:39:00,0.28335676902764817
2019-01-17 23:42:00,0.3183172203487743
2019-01-17 23:45:00,0.21053909229800638
2019-01-17 23:48:00,0.29402351456980114
2019-01-17 23:51:00,0.3242928210582363
2019-01-17 23:54:00,0.3461823219867597
2019-01-17 23:57:00,0.2847364020131522
2019-01-18 00:00:00,0.2521421966529829
2019-01-18 00:03:00,0.3251449644450872
2019-01-18 00:06:00,0.3652670579531332
2019-01-18 00:09:00,0.2797353431450915
2019-01-18 00:12:00,0.2630621248235343
2019-01-18 00:15:00,0.24941919355558184
2019-01-18 00:18:00,0.4363199439335972
2019-01-18 00:21:00,0.37145619786446105
2019-01-18 00:24:00,0.37707653094196303
2019-01-18 00:27:00,0.3637617324232565
2019-01-18 00:30:00,0.35271742316712107
2019-01-18 00:33:00,0.31312749204988677
2019-01-18 00:36:00,0.28861876470131165
2019-01-18 00:39:00,0.34809274499679077
2019-01-18 00:42:00,0.24970579744314136
2019-01-18 00:45:00,0.23580376106508538
2019-01-18 00:48:00,0.26986496855363384
2019-01-18 00:51:00,0.24272205097793176
2019-01-18 00:54:00,0.28366418107952995
2019-01-18 00:57:00,0.24989904716835554
2019-01-18 01:00:00,0.26247292206790007
2019-01-18 01:03:00,0.2319241649854007
2019-01-18 01:06:00,0.32791577593098964
2019-01-18 01:09:00,0.24644525069987822
2019-01-18 01:12:00,0.2675945950229561
2019-01-18 01:15:00,0.3174589993599284
2019-01-18 01:18:00,0.33428055596044715
2019-01-18 01:21:00,0.2414726370282665
2019-01-18 01:24:00,0.283584549191346
2019-01-18 01:27:00,0.32180862965719825
2019-01-18 01:30:00,0.3194182660553224
2019-01-18 01:33:00,0.34605390281870996
2019-01-18 01:36:00,0.4196419554357931
2019-01-18 01:39:00,0.36792304977370804
2019-01-18 01:42:00,0.3240136536085174
2019-01-18 01:45:00,0.33065521963044375
2019-01-18 01:48:00,0.3943437536126453
2019-01-18 01:51:00,0.3360717544725276
2019-01-18 01:54:00,0.35642352875447614
2019-01-18 01:57:00,0.17214738587921374
2019-01-18 02:00:00,0.389175126356065
2019-01-18 02:03:00,0.41616967203918875
2019-01-18 02:06:00,0.40276625840306224
2019-01-18 02:09:00,0.350097054315313
2019-01-18 02:12:00,0.4529364951176831
2019-01-18 02:15:00,0.43281408992595516
2019-01-18 02:18:00,0.43194773185331314
2019-01-18 02:21:00,0.4154348109742614
2019-01-18 02:24:00,0.3783206355064408
2019-01-18 02:27:00,0.3425605189961516
2019-01-18 02:30:00,0.36910241271209543
2019-01-18 02:33:00,0.3352666698739313
2019-01-18 02:36:00,0.4598691930185055
2019-01-18 02:39:00,0.31479512995349523
2019-01-18 02:42:00,0.44496251105238116
2019-01-18 02:45:00,0.3079815515657742
2019-01-18 02:48:00,0.3131858331236117
2019-01-18 02:51:00,0.37025274577621303
2019-01-18 02:54:00,
2019-01-18 02:57:00,
2019-01-18 03:00:00,0.3965603445865895
2019-01-18 03:03:00,0.33462486736800656
2019-01-18 03:06:00,0.34325781760747986
2019-01-18 03:09:00,0.367547923885013
2019-01-18 03:12:00,0.3560163281894688
2019-01-18 03:15:00,0.3281120169305609
2019-01-18 03:18:00,0.40913898765722934
2019-01-18 03:21:00,0.35763878632627666
2019-01-18 03:24:00,0.1818894565935807
2019-01-18 03:27:00,0.23207770397442573
2019-01-18 03:30:00,0.29084921551037723
2019-01-18 03:33:00,0.3379391737937567
2019-01-18 03:36:00,0.2685574796286687
2019-01-18 03:39:00,0.33884095272810555
2019-01-18 03:42:00,0.32538133586490403
2019-01-18 03:45:00,0.3345060000499984
2019-01-18 03:48:00,0.30019179462749435
2019-01-18 03:51:00,0.2955076355173105
2019-01-18 03:54:00,0.40806402011992304
2019-01-18 03:57:00,0.365139780062691
2019-01-18 04:00:00,0.32655452435722054
2019-01-18 04:03:00,0.33957533476524304
2019-01-18 04:06:00,0.37722520384375
2019-01-18 04:09:00,0.4577494479379993
2019-01-18 04:12:00,0.41430321709282225
2019-01-18 04:15:00,0.4316473238012577
2019-01-18 04:18:00,0.3503791851015876
2019-01-18 04:21:00,0.2953483749584507
2019-01-18 04:24:00,0.33822304394635694
2019-01-18 04:27:00,0.39788971859780986
2019-01-18 04:30:00,0.3786934493051035
2019-01-18 04:33:00,0.337358208152466
2019-01-18 04:36:00,0.3042529638266842
2019-01-18 04:39:00,0.354671622178671
2019-01-18 04:42:00,0.29933556039907216
2019-01-18 04:45:00,0.34597135948769164
2019-01-18 04:48:00,0.325201949547818
2019-01-18 04:51:00,0.3292561281380699
2019-01-18 04:54:00,0.409464705435596
2019-01-18 04:57:00,0.35022624673217706
2019-01-18 05:00:00,0.30015382094939014
2019-01-18 05:03:00,0.40904621100781924
2019-01-18 05:06:00,0.38121369222267276
2019-01-18 05:09:00,0.32884262737303516
2019-01-18 05:12:00,0.4310240944319048
2019-01-18 05:15:00,0.5104413514038697
2019-01-18 05:18:00,0.42634297633583174
2019-01-18 05:21:00,0.4256148312687742
2019-01-18 05:24:00,0.41065748799348967
2019-01-18 05:27:00,0.4745159426293526
2019-01-18 05:30:00,0.5407219391238982
2019-01-18 05:33:00,0.4626573983375124
2019-01-18 05:36:00,0.738565899753894
2019-01-18 05:39:00,0.49508019943471027
2019-01-18 05:42:00,0.39452236492365955
2019-01-18 05:45:00,0.2818203164731585
2019-01-18 05:48:00,0.3156045975104007
2019-01-18 05:51:00,0.28848283596676083
2019-01-18 05:54:00,0.3332350916520568
2019-01-18 05:57:00,0.3274725313085014
2019-01-18 06:00:00,0.438967264016469
2019-01-18 06:03:00,0.4012007615179414
2019-01-18 06:06:00,0.2638012951935025
2019-01-18 06:09:00,0.395137718926037
2019-01-18 06:12:00,0.3355771039027786
2019-01-18 06:15:00,0.34193581001903794
2019-01-18 06:18:00,0.38702893104112945
2019-01-18 06:21:00,0.30275840617503036
2019-01-18 06:24:00,0.33674832223300655
2019-01-18 06:27:00,0.31221122520020117
2019-01-18 06:30:00,0.3052209759694051
2019-01-18 06:33:00,0.46182177100570243
2019-01-18 06:36:00,0.33025855761889034
2019-01-18 06:39:00,0.2554791516670889
2019-01-18 06:42:00,0.27237043428522156
2019-01-18 06:45:00,0.3702933523790648
2019-01-18 06:48:00,0.32282503011282415
2019-01-18 06:51:00,0.34073175561161406
2019-01-18 06:54:00,0.3786839976174292
2019-01-18 06:57:00,0.21378948362701067
2019-01-18 07:00:00,0.25882182105158336
2019-01-18 07:03:00,0.35353863808859387
2019-01-18 07:06:00,0.32988454060227923
2019-01-18 07:09:00,0.3265738192051231
2019-01-18 07:12:00,0.3627593163160441
2019-01-18 07:15:00,0.35075644169751286
2019-01-18 07:18:00,0.46623356349812184
2019-01-18 07:21:00,0.32457468426542846
2019-01-18 07:24:00,0.3302867115589265
2019-01-18 07:27:00,0.2909179742052288
2019-01-18 07:30:00,0.29716184518360933
2019-01-18 07:33:00,0.3646480611627112
2019-01-18 07:36:00,0.3654170338883773
2019-01-18 07:39:00,0.3997691869681148
2019-01-18 07:42:00,0.30714187715898333
2019-01-18 07:45:00,0.2411808860418887
2019-01-18 07:48:00,0.24864389106659246
2019-01-18 07:51:00,0.28089225464162837
2019-01-18 07:54:00,0.30115276975823235
2019-01-18 07:57:00,0.24919993030096066
2019-01-18 08:00:00,0.2492426532866716
2019-01-18 08:03:00,0.3127950519181013
2019-01-18 08:06:00,0.1444561874712349
2019-01-18 08:09:00,0.2090533261120413
2019-01-18 08:12:00,0.2304627782875741
2019-01-18 08:15:00,0.18664488528207812
2019-01-18 08:18:00,0.2665219000876391
2019-01-18 08:21:00,0.18219145229795686
2019-01-18 08:24:00,0.16537839643996222
2019-01-18 08:27:00,0.12401257965228751
2019-01-18 08:30:00,0.20482168522306665
2019-01-18 08:33:00,0.1828490457878047
2019-01-18 08:36:00,0.18396327830907921
2019-01-18 08:39:00,0.14425439672993434
2019-01-18 08:42:00,0.024412374159339834
2019-01-18 08:45:00,0.11713550262584249
2019-01-18 08:48:00,0.16492375537245607
2019-01-18 08:51:00,0.024657088353819745
2019-01-18 08:54:00,0.17736104134525021
2019-01-18 08:57:00,0.07088998601835783
2019-01-18 09:00:00,0.11669952705256037
2019-01-18 09:03:00,0.2030219100616364
2019-01-18 09:06:00,0.25242098752374886
2019-01-18 09:09:00,0.14651455879356945
2019-01-18 09:12:00,0.2015219961597836
2019-01-18 09:15:00,0.1959101482400456
2019-01-18 09:18:00,0.14308888726651503
2019-01-18 09:21:00,0.1448077069906617
2019-01-18 09:24:00,0.04326647122201166
2019-01-18 09:27:00,0.12511383918774754
2019-01-18 09:30:00,0.1281536181016918
2019-01-18 09:33:00,0.04743416536729228
2019-01-18 09:36:00,0.07224260053010312
2019-01-18 09:39:00,0.02157331299508769
2019-01-18 09:42:00,0.0316561606077812
2019-01-18 09:45:00,0.13459116810452088
2019-01-18 09:48:00,0.04028506750711358
2019-01-18 09:51:00,-0.001469723037530457
2019-01-18 09:54:00,0.023732612196795344
2019-01-18 09:57:00,0.08726121232666628
2019-01-18 10:00:00,0.07157910416191271
2019-01-18 10:03:00,0.11924408234625616
2019-01-18 10:06:00,0.05827749843081165
2019-01-18 10:09:00,0.10539930424522481
2019-01-18 10:12:00,-0.0894223923254458
2019-01-18 10:15:00,0.032606662576654344
2019-01-18 10:18:00,-0.030098392997047085
2019-01-18 10:21:00,0.14583283386383528
2019-01-18 10:24:00,0.025406403646741182
2019-01-18 10:27:00,-0.03784319079420584
2019-01-18 10:30:00,0.04985348812897428
2019-01-18 10:33:00,0.08625898008119748
2019-01-18 10:36:00,-0.0041755415841180366
2019-01-18 10:39:00,0.033909017853318346
2019-01-18 10:42:00,0.009024145193279764
2019-01-18 10:45:00,-0.057762628831937946
2019-01-18 10:48:00,-0.04078470224584407
2019-01-18 10:51:00,-0.05621771726589486
2019-01-18 10:54:00,-0.0955024797438
2019-01-18 10:57:00,-0.07383675468872752
2019-01-18 11:00:00,0.013228701190200809
2019-01-18 11:03:00,-0.06530311549931866
2019-01-18 11:06:00,-0.10006868420992987
2019-01-18 11:09:00,-0.10516399052846737
2019-01-18 11:12:00,-0.0684350570225547
2019-01-18 11:15:00,-0.12583389873344686
2019-01-18 11:18:00,-0.16698616517550136
2019-01-18 11:21:00,-0.05572539834889767
2019-01-18 11:24:00,-0.11275951913995641
2019-01-18 11:27:00,-0.10898119229040049
2019-01-18 11:30:00,-0.1657911569613475
2019-01-18 11:33:00,-0.1789027699068697
2019-01-18 11:36:00,-0.08292012261517812
2019-01-18 11:39:00,-0.22102576699404608
2019-01-18 11:42:00,-0.13073236383024778
2019-01-18 11:45:00,-0.10139383223196319
2019-01-18 11:48:00,-0.22326788461924707
2019-01-18 11:51:00,-0.16653731853364206
2019-01-18 11:54:00,-0.069333881650266
2019-01-18 11:57:00,-0.1731274178557669
2019-01-18 12:00:00,-0.0513394957898754
2019-01-18 12:03:00,-0.20582696568152414
2019-01-18 12:06:00,-0.14461481498108242
2019-01-18 12:09:00,-0.11305694988902815
2019-01-18 12:12:00,-0.17315252399538394
2019-01-18 12:15:00,-0.2498490010403316
2019-01-18 12:18:00,-0.22628076944670283
2019-01-18 12:21:00,-0.15890276035838724
2019-01-18 12:24:00,-0.13375003568586408
2019-01-18 12:27:00,-0.12784692101297424
2019-01-18 12:30:00,-0.13902335230761764
2019-01-18 12:33:00,-0.043656463853039895
2019-01-18 12:36:00,-0.059484516434338275
2019-01-18 12:39:00,-0.15690309645060552
2019-01-18 12:42:00,-0.2021715900745562
2019-01-18 12:45:00,-0.15604392848189264
2019-01-18 12:48:00,-0.25541365297050334
2019-01-18 12:51:00,-0.1778388931404038
2019-01-18 12:54:00,-0.23698294768155392
2019-01-18 12:57:00,-0.21325255210581417
2019-01-18 13:00:00,-0.23811996301174077
2019-01-18 13:03:00,-0.2988586627021732
2019-01-18 13:06:00,-0.26683770078125235
2019-01-18 13:09:00,-0.28221274970923105
2019-01-18 13:12:00,-0.2510754820685861
2019-01-18 13:15:00,-0.21447531966839506
2019-01-18 13:18:00,-0.11722465503197554
2019-01-18 13:21:00,-0.2790778966149219
2019-01-18 13:24:00,-0.26386844324684944
2019-01-18 13:27:00,-0.1771237196070956
2019-01-18 13:30:00,-0.2786222935518481
2019-01-18 13:33:00,-0.23959509202342133
2019-01-18 13:36:00,-0.31755404950666843
2019-01-18 13:39:00,-0.2151045082051155
2019-01-18 13:42:00,-0.26845313529668147
2019-01-18 13:45:00,-0.15740272490933194
2019-01-18 13:48:00,-0.24226411812838933
2019-01-18 13:51:00,-0.2601988500298944
2019-01-18 13:54:00,-0.20151697230591026
2019-01-18 13:57:00,-0.3140516396787234
2019-01-18 14:00:00,-0.327024901635923
2019-01-18 14:03:00,-0.18753514242234814
2019-01-18 14:06:00,-0.18479264039189047
2019-01-18 14:09:00,-0.17925497255492928
2019-01-18 14:12:00,-0.035663224011386774
2019-01-18 14:15:00,-0.2528319063537765
2019-01-18 14:18:00,-0.39100221921796674
2019-01-18 14:21:00,-0.38212503571133993
2019-01-18 14:24:00,-0.3266167195274079
2019-01-18 14:27:00,-0.3387836613707691
2019-01-18 14:30:00,-0.3271861962196567
2019-01-18 14:33:00,-0.30951808600019604
2019-01-18 14:36:00,-0.3816433459587074
2019-01-18 14:39:00,-0.36202454332817524
2019-01-18 14:42:00,-0.4558648578304769
2019-01-18 14:45:00,-0.33205311205728094
2019-01-18 14:48:00,-0.40728611615605814
2019-01-18 14:51:00,-0.44580936904043256
2019-01-18 14:54:00,-0.3652392856041615
2019-01-18 14:57:00,-0.3686073290649574
2019-01-18 15:00:00,-0.34671289415649653
2019-01-18 15:03:00,-0.33285794179050754
2019-01-18 15:06:00,-0.563550825299103
2019-01-18 15:09:00,-0.41982255164276694
2019-01-18 15:12:00,-0.40859181168588066
2019-01-18 15:15:00,-0.3190695858801291
2019-01-18 15:18:00,-0.4828593954856615
2019-01-18 15:21:00,-0.3486727050487275
2019-01-18 15:24:00,-0.42848019229990086
2019-01-18 15:27:00,-0.4097755036216313
2019-01-18 15:30:00,-0.49089259041312516
2019-01-18 15:33:00,-0.4212143163549058
2019-01-18 15:36:00,-0.3458602040533947
2019-01-18 15:39:00,-0.36584313313795747
2019-01-18 15:42:00,-0.4681953146279625
2019-01-18 15:45:00,-0.3248964231555078
2019-01-18 15:48:00,-0.40110729134005396
2019-01-18 15:51:00,-0.45315148851386766
2019-01-18 15:54:00,-0.4248992439183894
2019-01-18 15:57:00,-0.3968601483879297
2019-01-18 16:00:00,-0.4324524535266505
2019-01-18 16:03:00,-0.3849061100028166
2019-01-18 16:06:00,-0.3648764882346427
2019-01-18 16:09:00,-0.41928483053123955
2019-01-18 16:12:00,-0.3579167571596713
2019-01-18 16:15:00,-0.36017285856900116
2019-01-18 16:18:00,-0.4115405479915921
2019-01-18 16:21:00,-0.3557418413603841
2019-01-18 16:24:00,-0.42589778259190325
2019-01-18 16:27:00,-0.3957851723777708
2019-01-18 16:30:00,-0.3204521600140424
2019-01-18 16:33:00,-0.3432692239857147
2019-01-18 16:36:00,-0.392737115244131
2019-01-18 16:39:00,-0.3472757583664361
2019-01-18 16:42:00,-0.42926312662433475
2019-01-18 16:45:00,-0.48188610692920975
2019-01-18 16:48:00,-0.38596669126195593
2019-01-18 16:51:00,-0.39422114439281586
2019-01-18 16:54:00,-0.3917686021127338
2019-01-18 16:57:00,-0.28488997201264965
2019-01-18 17:00:00,-0.3488605392707882
2019-01-18 17:03:00,-0.325778455517991
2019-01-18 17:06:00,-0.3251714413119089
2019-01-18 17:09:00,-0.33127579018804454
2019-01-18 17:12:00,-0.33590587923009707
2019-01-18 17:15:00,-0.37014978211254856
2019-01-18 17:18:00,-0.3433328675488383
2019-01-18 17:21:00,-0.3034998224279093
2019-01-18 17:24:00,-0.26540027203719774
2019-01-18 17:27:00,-0.19304475185685988
2019-01-18 17:30:00,-0.32659991816535694
2019-01-18 17:33:00,-0.35379197772584803
2019-01-18 17:36:00,-0.36024066622275086
2019-01-18 17:39:00,-0.3027455448674914
2019-01-18 17:42:00,-0.22203123336259978
2019-01-18 17:45:00,-0.31742923549313673
2019-01-18 17:48:00,-0.27061634324832085
2019-01-18 17:51:00,-0.19376709761144184
2019-01-18 17:54:00,-0.16058090616456866
2019-01-18 17:57:00,-0.09373389918800967
2019-01-18 18:00:00,-0.16527819636479535
2019-01-18 18:03:00,-0.226677236810076
2019-01-18 18:06:00,-0.21416450057608927
2019-01-18 18:09:00,-0.2029301496081075
2019-01-18 18:12:00,-0.23158896778659255
2019-01-18 18:15:00,-0.16331835869215183
2019-01-18 18:18:00,-0.2134064792263075
2019-01-18 18:21:00,-0.1309174807886393
2019-01-18 18:24:00,-0.13360628787336282
2019-01-18 18:27:00,-0.17267023233239343
2019-01-18 18:30:00,-0.2793744980120323
2019-01-18 18:33:00,-0.25412464932742296
2019-01-18 18:36:00,-0.14005095577294924
2019-01-18 18:39:00,-0.08121619582419726
2019-01-18 18:42:00,-0.18097348973947192
2019-01-18 18:45:00,-0.13417177613939657
2019-01-18 18:48:00,-0.10075067175040431
2019-01-18 18:51:00,-0.16830683108787525
2019-01-18 18:54:00,
2019-01-18 18:57:00,
2019-01-18 19:00:00,
2019-01-18 19:03:00,-0.08386982627069983
2019-01-18 19:06:00,-0.09351141437997512
2019-01-18 19:09:00,-0.026507770621151394
2019-01-18 19:12:00,-0.08854476089493346
2019-01-18 19:15:00,-0.11791861449080443
2019-01-18 19:18:00,-0.04475906258579698
2019-01-18 19:21:00,-0.056107223494393565
2019-01-18 19:24:00,-0.002993874875755864
2019-01-18 19:27:00,-0.11659821568878215
2019-01-18 19:30:00,-0.03298991240660598
2019-01-18 19:33:00,0.0027379299167478166
2019-01-18 19:36:00,0.07091322704394543
2019-01-18 19:39:00,0.05392848959854746
2019-01-18 19:42:00,0.021831465744696743
2019-01-18 19:45:00,-0.006331654956682087
2019-01-18 19:48:00,0.026289136735158536
2019-01-18 19:51:00,0.14992265623072853
2019-01-18 19:54:00,0.04917933150818499
2019-01-18 19:57:00,0.15871312557862893
2019-01-18 20:00:00,0.16165429819767496
2019-01-18 20:03:00,0.09325421171109838
2019-01-18 20:06:00,0.1142240904702021
2019-01-18 20:09:00,0.15420523571583544
2019-01-18 20:12:00,0.176345983709723
2019-01-18 20:15:00,0.16188851662855086
2019-01-18 20:18:00,0.09312817564642728
2019-01-18 20:21:00,0.13712828710600888
2019-01-18 20:24:00,0.058296537152330075
2019-01-18 20:27:00,0.1625990212490933
2019-01-18 20:30:00,0.24406895273017426
2019-01-18 20:33:00,0.12264032359269095
2019-01-18 20:36:00,0.12981458886633845
2019-01-18 20:39:00,-0.008856383661282052
2019-01-18 20:42:00,0.2282349653004303
2019-01-18 20:45:00,0.128756986121914
2019-01-18 20:48:00,0.21936418304210292
2019-01-18 20:51:00,0.14352176418822182
2019-01-18 20:54:00,0.15761241324878483
2019-01-18 20:57:00,0.15788365195436427
2019-01-18 21:00:00,0.1618494603251861
2019-01-18 21:03:00,0.1288049264337019
2019-01-18 21:06:00,0.22757900322062596
2019-01-18 21:09:00,0.14712278557772152
2019-01-18 21:12:00,0.06754322274991864
2019-01-18 21:15:00,0.12433421316836757
2019-01-18 21:18:00,0.2079368125067731
2019-01-18 21:21:00,0.18354286074333004
2019-01-18 21:24:00,0.1280323047069487
2019-01-18 21:27:00,0.20371352215187244
2019-01-18 21:30:00,0.13503166387204146
2019-01-18 21:33:00,0.11332604778044697
2019-01-18 21:36:00,0.10274522386015406
2019-01-18 21:39:00,0.052821472586060736
2019-01-18 21:42:00,0.1500407803316648
2019-01-18 21:45:00,0.03616877100017746
2019-01-18 21:48:00,0.08806192909486299
2019-01-18 21:51:00,0.1799255055300364
2019-01-18 21:54:00,0.12952026179050335
2019-01-18 21:57:00,0.15850052971200057
2019-01-18 22:00:00,0.12498556835208774
2019-01-18 22:03:00,0.20625285460545228
2019-01-18 22:06:00,0.11932159639877682
2019-01-18 22:09:00,0.15396374164771487
2019-01-18 22:12:00,0.2928767280420175
2019-01-18 22:15:00,0.16202944468204805
2019-01-18 22:18:00,0.22441156063757717
2019-01-18 22:21:00,0.18955176836715282
2019-01-18 22:24:00,0.17090341969748124
2019-01-18 22:27:00,0.2278554967398918
2019-01-18 22:30:00,0.12950790040946458
2019-01-18 22:33:00,0.2368835162534424
2019-01-18 22:36:00,0.1493781726785528
2019-01-18 22:39:00,0.21141187424291275
2019-01-18 22:42:00,0.1443657769441984
2019-01-18 22:45:00,0.23746268331433384
2019-01-18 22:48:00,0.21397329907324547
2019-01-18 22:51:00,0.169852254293005
2019-01-18 22:54:00,0.2720101408674509
2019-01-18 22:57:00,0.31853129341681097
2019-01-18 23:00:00,0.18389889228365064
2019-01-18 23:03:00,0.35476443442075833
2019-01-18 23:06:00,0.23550957544648554
2019-01-18 23:09:00,0.22028118657675577
2019-01-18 23:12:00,0.22422191920855994
2019-01-18 23:15:00,0.28366752350996194
2019-01-18 23:18:00,0.22734011444384805
2019-01-18 23:21:00,0.31156517371971404
2019-01-18 23:24:00,0.2999010952912613
2019-01-18 23:27:00,0.3593827515005614
2019-01-18 23:30:00,0.2792360289745375
2019-01-18 23:33:00,0.2875971823040686
2019-01-18 23:36:00,0.3195240311118255
2019-01-18 23:39:00,0.2628564821025634
2019-01-18 23:42:00,0.29498297919855077
2019-01-18 23:45:00,0.41527849412506157
2019-01-18 23:48:00,0.27377416064604176
2019-01-18 23:51:00,0.18203204521802263
2019-01-18 23:54:00,0.1882976304245858
2019-01-18 23:57:00,0.2260519986291456
2019-01-19 00:00:00,0.28989433643528173
2019-01-19 00:03:00,0.2101293692662125
2019-01-19 00:06:00,0.30538813253673425
2019-01-19 00:09:00,0.25491727600035574
2019-01-19 00:12:00,0.2005097332936998
2019-01-19 00:15:00,0.22009551883422773
2019-01-19 00:18:00,0.318636178065276
2019-01-19 00:21:00,0.1976956018444298
2019-01-19 00:24:00,0.23123768868771322
2019-01-19 00:27:00,0.21987913902290757
2019-01-19 00:30:00,0.2356306535209569
2019-01-19 00:33:00,0.2716307113043399
2019-01-19 00:36:00,0.2668749319639119
2019-01-19 00:39:00,0.20875426678202302
2019-01-19 00:42:00,0.2474868194955775
2019-01-19 00:45:00,0.228795236930182
2019-01-19 00:48:00,0.23977513901525072
2019-01-19 00:51:00,0.27086068815538056
2019-01-19 00:54:00,0.36247468710820385
2019-01-19 00:57:00,0.2819152033931118
2019-01-19 01:00:00,0.3661483573230271
2019-01-19 01:03:00,0.2479788175272688
2019-01-19 01:06:00,0.3555658083080857
2019-01-19 01:09:00,0.35090278638705286
2019-01-19 01:12:00,0.2756345489546561
2019-01-19 01:15:00,0.2683804167017456
2019-01-19 01:18:00,0.339201540138788
2019-01-19 01:21:00,0.3170720425715672
2019-01-19 01:24:00,0.29585942843829116
2019-01-19 01:27:00,0.30869992783891576
2019-01-19 01:30:00,0.25430350317600414
2019-01-19 01:33:00,0.33496843267374743
2019-01-19 01:36:00,0.2624340440258379
2019-01-19 01:39:00,0.1369305769442235
2019-01-19 01:42:00,0.16713153884415988
2019-01-19 01:45:00,0.15455894904562228
2019-01-19 01:48:00,0.21366885856906492
2019-01-19 01:51:00,0.17931106300670763
2019-01-19 01:54:00,0.21038527184049371
2019-01-19 01:57:00,0.22461205936480155
2019-01-19 02:00:00,0.6548510215666283
2019-01-19 02:03:00,0.6403599973547784
2019-01-19 02:06:00,0.5815365539293111
2019-01-19 02:09:00,0.6967871714896887
2019-01-19 02:12:00,0.4593223447536161
2019-01-19 02:15:00,0.49469963803295514
2019-01-19 02:18:00,0.29380824105754755
2019-01-19 02:21:00,0.3323601295499543
2019-01-19 02:24:00,0.36103995280848267
2019-01-19 02:27:00,0.3098096102079353
2019-01-19 02:30:00,0.3529278807663445
2019-01-19 02:33:00,0.34621619005963566
2019-01-19 02:36:00,0.3130702566498371
2019-01-19 02:39:00,0.275281548117448
2019-01-19 02:42:00,0.29791667918607345
2019-01-19 02:45:00,0.31483583976682894
2019-01-19 02:48:00,0.34705381490783793
2019-01-19 02:51:00,0.32561639177646384
2019-01-19 02:54:00,0.3045344337743927
2019-01-19 02:57:00,0.25782112596721163
2019-01-19 03:00:00,0.3545348221067002
2019-01-19 03:03:00,0.27168925433500135
2019-01-19 03:06:00,0.25208131918191157
2019-01-19 03:09:00,0.27512856664816354
2019-01-19 03:12:00,0.3373911039920472
2019-01-19 03:15:00,0.24297279386695436
2019-01-19 03:18:00,0.35573019082090696
2019-01-19 03:21:00,0.1800407943642881
2019-01-19 03:24:00,0.19603108001149394
2019-01-19 03:27:00,0.2232498341209066
2019-01-19 03:30:00,0.2615966666368763
2019-01-19 03:33:00,0.3068675691682756
2019-01-19 03:36:00,0.24686863488767585
2019-01-19 03:39:00,0.2608961766027278
2019-01-19 03:42:00,0.22173994661369534
2019-01-19 03:45:00,0.3362614324467472
2019-01-19 03:48:00,0.33109183284346955
2019-01-19 03:51:00,0.07857198395572595
2019-01-19 03:54:00,0.1967912492594337
2019-01-19 03:57:00,0.10627919520828755
2019-01-19 04:00:00,0.27821634534052464
2019-01-19 04:03:00,0.3897910737334769
2019-01-19 04:06:00,0.3731822828057716
2019-01-19 04:09:00,0.24600660898624938
2019-01-19 04:12:00,0.24765729995453967
2019-01-19 04:15:00,0.25502792868257984
2019-01-19 04:18:00,0.3058301543348989
2019-01-19 04:21:00,0.18367475575121261
2019-01-19 04:24:00,0.3395741134507375
2019-01-19 04:27:00,0.35644704731993215
2019-01-19 04:30:00,0.2585953770227434
2019-01-19 04:33:00,0.35763344701308597
2019-01-19 04:36:00,0.3007480524489097
2019-01-19 04:39:00,0.20778420107609463
2019-01-19 04:42:00,0.3168113590926964
2019-01-19 04:45:00,0.19331714604169292
2019-01-19 04:48:00,0.2265014240674077
2019-01-19 04:51:00,0.2719704860676302
2019-01-19 04:54:00,0.30665307822806653
2019-01-19 04:57:00,0.22754570955441977
2019-01-19 05:00:00,0.25295472773120764
2019-01-19 05:03:00,0.3351625267627014
2019-01-19 05:06:00,0.3709941468414968
2019-01-19 05:09:00,0.3264394722305042
2019-01-19 05:12:00,0.3812566411861553
2019-01-19 05:15:00,0.2755866157269793
2019-01-19 05:18:00,0.5502519519396856
2019-01-19 05:21:00,0.3884286443536098
2019-01-19 05:24:00,0.3657612201536722
2019-01-19 05:27:00,0.28717942540180275
2019-01-19 05:30:00,0.2878200652632472
2019-01-19 05:33:00,0.2378024601442803
2019-01-19 05:36:00,0.3043641777878179
2019-01-19 05:39:00,0.302847344952454
2019-01-19 05:42:00,0.28623520941187053
2019-01-19 05:45:00,0.3509666289979805
2019-01-19 05:48:00,0.24905877405069532
2019-01-19 05:51:00,0.270256431357609
2019-01-19 05:54:00,0.23246891636381406
2019-01-19 05:57:00,0.27504697403077216
2019-01-19 06:00:00,0.26411935510367357
2019-01-19 06:03:00,0.34298786072321263
2019-01-19 06:06:00,0.3946456340761415
2019-01-19 06:09:00,0.24727979957634716
2019-01-19 06:12:00,0.2858169536281139
2019-01-19 06:15:00,0.29883350546492693
2019-01-19 06:18:00,0.31137664363637896
2019-01-19 06:21:00,0.2859960990355148
2019-01-19 06:24:00,0.32249607717807294
2019-01-19 06:27:00,0.3376402632837312
2019-01-19 06:30:00,0.31262403491729174
2019-01-19 06:33:00,0.21423196995874605
2019-01-19 06:36:00,0.4181610894430605
2019-01-19 06:39:00,0.32204452042697085
2019-01-19 06:42:00,0.269956103149525
2019-01-19 06:45:00,0.32716961481844464
2019-01-19 06:48:00,0.23684362682871551
2019-01-19 06:51:00,0.354089689127818
2019-01-19 06:54:00,0.22994432501957363
2019-01-19 06:57:00,0.24779710620288142
2019-01-19 07:00:00,0.2358608015038044
2019-01-19 07:03:00,0.26505933388426683
2019-01-19 07:06:00,0.3922611034818715
2019-01-19 07:09:00,0.37202935802986303
2019-01-19 07:12:00,0.30484978012765396
2019-01-19 07:15:00,0.2278489521092979
2019-01-19 07:18:00,0.31962671706509127
2019-01-19 07:21:00,0.23485307307350922
2019-01-19 07:24:00,0.23068059019630027
2019-01-19 07:27:00,0.28085778364697944
2019-01-19 07:30:00,0.27936640738943197
2019-01-19 07:33:00,0.2603966276559504
2019-01-19 07:36:00,0.2087778433366907
2019-01-19 07:39:00,0.22002936819899332
2019-01-19 07:42:00,0.12404505145843814
2019-01-19 07:45:00,0.16457963028358336
2019-01-19 07:48:00,0.17196350135805005
2019-01-19 07:51:00,0.28030227539045427
2019-01-19 07:54:00,0.20746016002175338
2019-01-19 07:57:00,0.12983587634641935
2019-01-19 08:00:00,0.19380906946344112
2019-01-19 08:03:00,0.038653567774645126
2019-01-19 08:06:00,0.22377952813144475
2019-01-19 08:09:00,0.21032403900511554
2019-01-19 08:12:00,0.16789065195069952
2019-01-19 08:15:00,0.18370981994996782
2019-01-19 08:18:00,0.1749601468808919
2019-01-19 08:21:00,0.10825430987682694
2019-01-19 08:24:00,0.18606590174118764
2019-01-19 08:27:00,0.10536201416863378
2019-01-19 08:30:00,0.10344391031907207
2019-01-19 08:33:00,0.18499672204433182
2019-01-19 08:36:00,0.24623533723206492
2019-01-19 08:39:00,0.14851536797192466
2019-01-19 08:42:00,0.1846457746443093
2019-01-19 08:45:00,0.13585729541773617
2019-01-19 08:48:00,0.1815210872565558
2019-01-19 08:51:00,0.0708668589357444
2019-01-19 08:54:00,0.06474745625524747
2019-01-19 08:57:00,0.1421607234379394
2019-01-19 09:00:00,0.1385853757412292
2019-01-19 09:03:00,0.04203841269520581
2019-01-19 09:06:00,0.051476622364248215
2019-01-19 09:09:00,0.06719483711674457
2019-01-19 09:12:00,0.008451591383050072
2019-01-19 09:15:00,0.021172860275783023
2019-01-19 09:18:00,0.008706106850411288
2019-01-19 09:21:00,0.017083503895150898
2019-01-19 09:24:00,0.05984488256945042
2019-01-19 09:27:00,-0.004602143348222398
2019-01-19 09:30:00,0.03200907892403393
2019-01-19 09:33:00,-0.06009426085876157
2019-01-19 09:36:00,-0.03673954972998672
2019-01-19 09:39:00,-0.03675843543214796
2019-01-19 09:42:00,-0.00814373967392612
2019-01-19 09:45:00,0.08811729860303785
2019-01-19 09:48:00,-0.021112092263592785
2019-01-19 09:51:00,-0.02803403457528475
2019-01-19 09:54:00,-0.016393354794729476
2019-01-19 09:57:00,0.046201963122200596
2019-01-19 10:00:00,-0.08724736672093059
2019-01-19 10:03:00,-0.08381565367716348
2019-01-19 10:06:00,-0.051011342135041104
2019-01-19 10:09:00,-0.06299757961539854
2019-01-19 10:12:00,0.0012644499801126585
2019-01-19 10:15:00,-0.11268242916156623
2019-01-19 10:18:00,-0.11300232085420703
2019-01-19 10:21:00,-0.051137207829810905
2019-01-19 10:24:00,-0.14369901239098226
2019-01-19 10:27:00,-0.14603871817678282
2019-01-19 10:30:00,-0.16735223385830977
2019-01-19 10:33:00,-0.0721975410219784
2019-01-19 10:36:00,-0.03853666199051986
2019-01-19 10:39:00,-0.15006983286889408
2019-01-19 10:42:00,-0.051443051574040055
2019-01-19 10:45:00,-0.19079649226461015
2019-01-19 10:48:00,-0.09901171379095786
2019-01-19 10:51:00,-0.061885678651663056
2019-01-19 10:54:00,-0.1733006687658758
2019-01-19 10:57:00,-0.2315056817220693
2019-01-19 11:00:00,-0.17534272936239859
2019-01-19 11:03:00,-0.06461929553898926
2019-01-19 11:06:00,-0.18716779116289217
2019-01-19 11:09:00,-0.25019865987155754
2019-01-19 11:12:00,-0.13698853098873087
2019-01-19 11:15:00,-0.15206003692662762
2019-01-19 11:18:00,-0.05990617505733553
2019-01-19 11:21:00,-0.1808587636228367
2019-01-19 11:24:00,-0.14203203530877317
2019-01-19 11:27:00,-0.1500764982197893
2019-01-19 11:30:00,0.01650055562919306
2019-01-19 11:33:00,-0.05333447013748582
2019-01-19 11:36:00,0.009030613281765909
2019-01-19 11:39:00,-0.18959716185867137
2019-01-19 11:42:00,-0.005127884267380978
2019-01-19 11:45:00,-0.059937564539154664
2019-01-19 11:48:00,-0.07695024095789904
2019-01-19 11:51:00,-0.2242682099265494
2019-01-19 11:54:00,-0.10534812141276007
2019-01-19 11:57:00,0.011029892326519075
2019-01-19 12:00:00,-0.1504763209831026
2019-01-19 12:03:00,-0.1672078316474881
2019-01-19 12:06:00,-0.16430177177704763
2019-01-19 12:09:00,-0.16726307544706742
2019-01-19 12:12:00,-0.15872306512170553
2019-01-19 12:15:00,-0.1532512891903366
2019-01-19 12:18:00,-0.17201679308743678
2019-01-19 12:21:00,-0.1756625170308439
2019-01-19 12:24:00,-0.12354988564169389
2019-01-19 12:27:00,-0.2245187346902071
2019-01-19 12:30:00,-0.14655232445164756
2019-01-19 12:33:00,-0.31884748002414653
2019-01-19 12:36:00,-0.23290000523945764
2019-01-19 12:39:00,-0.14964329515879626
2019-01-19 12:42:00,-0.210301439799764
2019-01-19 12:45:00,-0.18920617394621786
2019-01-19 12:48:00,-0.1443959104714736
2019-01-19 12:51:00,-0.14986309932328368
2019-01-19 12:54:00,-0.1751081184362988
2019-01-19 12:57:00,-0.20783281682952293
2019-01-19 13:00:00,-0.15228764950256846
2019-01-19 13:03:00,-0.14760306901587228
2019-01-19 13:06:00,-0.2067890620622279
2019-01-19 13:09:00,-0.1761479022045478
2019-01-19 13:12:00,-0.3219527464003704
2019-01-19 13:15:00,-0.2818127541861486
2019-01-19 13:18:00,-0.2756898902077296
2019-01-19 13:21:00,-0.3402366157968686
2019-01-19 13:24:00,-0.26687773015078164
2019-01-19 13:27:00,-0.2894703381936665
2019-01-19 13:30:00,-0.3196429555929967
2019-01-19 13:33:00,-0.2986315002036122
2019-01-19 13:36:00,-0.2876753386946689
2019-01-19 13:39:00,-0.37602432559958743
2019-01-19 13:42:00,-0.33235390958736843
2019-01-19 13:45:00,-0.3653609473315669
2019-01-19 13:48:00,-0.33530859590041473
2019-01-19 13:51:00,-0.33720050681796465
2019-01-19 13:54:00,-0.3843939795611959
2019-01-19 13:57:00,-0.3732635080965565
2019-01-19 14:00:00,-0.4246893218841592
2019-01-19 14:03:00,-0.3721317043417116
2019-01-19 14:06:00,-0.48939252267388156
2019-01-19 14:09:00,-0.3357589352924606
2019-01-19 14:12:00,-0.2320136891324296
2019-01-19 14:15:00,-0.3800113936749767
2019-01-19 14:18:00,-0.276227319654879
2019-01-19 14:21:00,-0.2775876944360789
2019-01-19 14:24:00,-0.30627311850906835
2019-01-19 14:27:00,-0.32891343954105423
2019-01-19 14:30:00,-0.3756490221582567
2019-01-19 14:33:00,-0.24222758001707234
2019-01-19 14:36:00,-0.37439043276049233
2019-01-19 14:39:00,-0.3910464591552909
2019-01-19 14:42:00,-0.3634187921055627
2019-01-19 14:45:00,-0.2963481086463844
2019-01-19 14:48:00,-0.3494699643454169
2019-01-19 14:51:00,-0.26697091686105523
2019-01-19 14:54:00,-0.32684281600575105
2019-01-19 14:57:00,-0.370734290058067
2019-01-19 15:00:00,-0.307233460169698
2019-01-19 15:03:00,-0.4162790147537976
2019-01-19 15:06:00,-0.3273439292455578
2019-01-19 15:09:00,-0.37311719524757336
2019-01-19 15:12:00,-0.3175938776066687
2019-01-19 15:15:00,-0.4033640744078184
2019-01-19 15:18:00,-0.2719065483366876
2019-01-19 15:21:00,-0.5489414425762789
2019-01-19 15:24:00,-0.24070760926821322
2019-01-19 15:27:00,-0.33784717711483836
2019-01-19 15:30:00,-0.33740521008382984
2019-01-19 15:33:00,-0.2928195036357124
2019-01-19 15:36:00,-0.3107388229726098
2019-01-19 15:39:00,-0.4462748022352798
2019-01-19 15:42:00,-0.3636925617648217
2019-01-19 15:45:00,-0.4726884372929021
2019-01-19 15:48:00,-0.42955926019016033
2019-01-19 15:51:00,-0.4311367910214017
2019-01-19 15:54:00,-0.5718703633909854
2019-01-19 15:57:00,-0.40858121173465634
2019-01-19 16:00:00,-0.4719862335340963
2019-01-19 16:03:00,-0.43908409721461794
2019-01-19 16:06:00,-0.43392676031896826
2019-01-19 16:09:00,-0.46829654736581006
2019-01-19 16:12:00,-0.3580227117149093
2019-01-19 16:15:00,-0.46602414027904615
2019-01-19 16:18:00,-0.42773200579387094
2019-01-19 16:21:00,-0.458445560058351
2019-01-19 16:24:00,-0.4442546603325468
2019-01-19 16:27:00,-0.3700631968205812
2019-01-19 16:30:00,-0.34923750651358887
2019-01-19 16:33:00,-0.48082160108430116
2019-01-19 16:36:00,-0.44325096415605003
2019-01-19 16:39:00,-0.46557462864046784
2019-01-19 16:42:00,-0.40649945500229023
2019-01-19 16:45:00,-0.4244846820678845
2019-01-19 16:48:00,-0.4883889244121633
2019-01-19 16:51:00,-0.39242699043529683
2019-01-19 16:54:00,-0.44475005929564304
2019-01-19 16:57:00,-0.5312330093979085
2019-01-19 17:00:00,-0.24398754292826652
2019-01-19 17:03:00,-0.3318859576218074
2019-01-19 17:06:00,-0.3338789162756939
2019-01-19 17:09:00,-0.3802115075786219
2019-01-19 17:12:00,-0.3166827365395193
2019-01-19 17:15:00,-0.33244400014592657
2019-01-19 17:18:00,-0.4374313423936087
2019-01-19 17:21:00,-0.35552904194184975
2019-01-19 17:24:00,-0.3747834281215887
2019-01-19 17:27:00,-0.3540551583617457
2019-01-19 17:30:00,-0.32625669712763283
2019-01-19 17:33:00,-0.30638380247023633
2019-01-19 17:36:00,-0.2400054587486693
2019-01-19 17:39:00,-0.3754392605175667
2019-01-19 17:42:00,-0.4733606744032386
2019-01-19 17:45:00,-0.3192859746722547
2019-01-19 17:48:00,-0.30183755029435133
2019-01-19 17:51:00,-0.3849238466301017
2019-01-19 17:54:00,-0.28061357946000953
2019-01-19 17:57:00,-0.20196330150901076
2019-01-19 18:00:00,-0.24283789023843383
2019-01-19 18:03:00,-0.127160017303936
2019-01-19 18:06:00,-0.25009878140485853
2019-01-19 18:09:00,-0.1598123188547902
2019-01-19 18:12:00,-0.19024737660629398
2019-01-19 18:15:00,-0.19432059418988956
2019-01-19 18:18:00,-0.23007893687361047
2019-01-19 18:21:00,-0.17608563407549127
2019-01-19 18:24:00,-0.09760783415038077
2019-01-19 18:27:00,-0.18315617841841458
2019-01-19 18:30:00,-0.17820137585636076
2019-01-19 18:33:00,-0.2649435193715135
2019-01-19 18:36:00,-0.1714249449339036
2019-01-19 18:39:00,-0.15560959646967376
2019-01-19 18:42:00,-0.07707039936610727
2019-01-19 18:45:00,-0.13293686264756843
2019-01-19 18:48:00,-0.15146786235146692
2019-01-19 18:51:00,-0.12796490979661712
2019-01-19 18:54:00,
2019-01-19 18:57:00,
2019-01-19 19:00:00,
2019-01-19 19:03:00,-0.053818857367843975
2019-01-19 19:06:00,-0.1970966617045633
2019-01-19 19:09:00,-0.16682077761328173
2019-01-19 19:12:00,-0.10364113530192753
2019-01-19 19:15:00,-0.08629786502194747
2019-01-19 19:18:00,-0.12508698716345634
2019-01-19 19:21:00,-0.15049073891373155
2019-01-19 19:24:00,-0.1939924912167612
2019-01-19 19:27:00,-0.18855955455984486
2019-01-19 19:30:00,-0.1488480359987534
2019-01-19 19:33:00,-0.06011619377994748
2019-01-19 19:36:00,-0.0971332969891705
2019-01-19 19:39:00,-0.12266221397391064
2019-01-19 19:42:00,0.008631390046900833
2019-01-19 19:45:00,-0.05591096271018614
2019-01-19 19:48:00,-0.05350956952378283
2019-01-19 19:51:00,-0.022527250748225924
2019-01-19 19:54:00,0.07219427168263337
2019-01-19 19:57:00,-0.0431943828277781
2019-01-19 20:00:00,-0.018556877948583406
2019-01-19 20:03:00,-0.019274318822454006
2019-01-19 20:06:00,0.007505133187919455
2019-01-19 20:09:00,0.01829993892732773
2019-01-19 20:12:00,-0.042673574536024717
2019-01-19 20:15:00,-0.0054585698525215776
2019-01-19 20:18:00,-0.05758037072098432
2019-01-19 20:21:00,0.05026158923112689
2019-01-19 20:24:00,0.011266403610989073
2019-01-19 20:27:00,0.03311624636251054
2019-01-19 20:30:00,0.02112857881962782
2019-01-19 20:33:00,0.08109109291217464
2019-01-19 20:36:00,0.05842391088566501
2019-01-19 20:39:00,0.041493510399845945
2019-01-19 20:42:00,0.05089846364569439
2019-01-19 20:45:00,0.010353989916211503
2019-01-19 20:48:00,0.06054593113572082
2019-01-19 20:51:00,0.021196286173505996
2019-01-19 20:54:00,0.10388108571191879
2019-01-19 20:57:00,0.03959616273124311
2019-01-19 21:00:00,0.13025410692262085
2019-01-19 21:03:00,0.0608299736871345
2019-01-19 21:06:00,0.05509160921627654
2019-01-19 21:09:00,0.11505945281015784
2019-01-19 21:12:00,0.05335670755113142
2019-01-19 21:15:00,0.008922670192418991
2019-01-19 21:18:00,0.0860780606399203
2019-01-19 21:21:00,0.013654006750755343
2019-01-19 21:24:00,0.1817704931718822
2019-01-19 21:27:00,0.0981926133493971
2019-01-19 21:30:00,0.1258267836961977
2019-01-19 21:33:00,0.21396269959780057
2019-01-19 21:36:00,0.21674243056588693
2019-01-19 21:39:00,0.06762687560518543
2019-01-19 21:42:00,0.1266460327316281
2019-01-19 21:45:00,0.16128064182925073
2019-01-19 21:48:00,0.13754759570718988
2019-01-19 21:51:00,0.12297390006818887
2019-01-19 21:54:00,0.19657127013431364
2019-01-19 21:57:00,0.12686255243193045
2019-01-19 22:00:00,0.06893917959087048
2019-01-19 22:03:00,0.0938556728993376
2019-01-19 22:06:00,0.18864580315437252
2019-01-19 22:09:00,0.22584434285755606
2019-01-19 22:12:00,0.1262958475795699
2019-01-19 22:15:00,0.18749225268157943
2019-01-19 22:18:00,0.2451429016167026
2019-01-19 22:21:00,0.19979923703920122
2019-01-19 22:24:00,0.2168669301590853
2019-01-19 22:27:00,0.20766705984488
2019-01-19 22:30:00,0.10882422862681551
2019-01-19 22:33:00,0.17181973062503175
2019-01-19 22:36:00,0.27742503534261687
2019-01-19 22:39:00,0.1644778239005973
2019-01-19 22:42:00,0.18704664686481465
2019-01-19 22:45:00,0.08888658145389172
2019-01-19 22:48:00,0.24513723758627748
2019-01-19 22:51:00,0.1504424202677228
2019-01-19 22:54:00,0.21287938038557286
2019-01-19 22:57:00,0.16188176404955357
2019-01-19 23:00:00,0.21161127728834117
2019-01-19 23:03:00,0.13788215407623738
2019-01-19 23:06:00,0.21210316061592493
2019-01-19 23:09:00,0.2132936749881651
2019-01-19 23:12:00,0.1444881751320395
2019-01-19 23:15:00,0.13920784167424927
2019-01-19 23:18:00,0.14695573369056092
2019-01-19 23:21:00,0.20149488259539794
2019-01-19 23:24:00,0.1516440829176986
2019-01-19 23:27:00,0.18133036373751565
2019-01-19 23:30:00,0.19546363815351242
2019-01-19 23:33:00,0.1512463493860423
2019-01-19 23:36:00,0.044990457084793434
2019-01-19 23:39:00,0.19175842281941868
2019-01-19 23:42:00,0.07819388619640222
2019-01-19 23:45:00,0.22188724615176625
2019-01-19 23:48:00,0.19973502521099817
2019-01-19 23:51:00,0.15738293886153087
2019-01-19 23:54:00,0.10226704126949926
2019-01-19 23:57:00,0.23231184574132158
2019-01-20 00:00:00,0.2038310101920615
2019-01-20 00:03:00,0.16065630371502948
2019-01-20 00:06:00,0.2276133614352034
2019-01-20 00:09:00,0.21810357619517617
2019-01-20 00:12:00,0.15470364102418444
2019-01-20 00:15:00,0.08334532665941197
2019-01-20 00:18:00,0.14288397746969395
2019-01-20 00:21:00,0.21016248817068117
2019-01-20 00:24:00,0.12415730698717198
2019-01-20 00:27:00,0.08612792827426574
2019-01-20 00:30:00,0.06086580259938046
2019-01-20 00:33:00,0.07961757065311303
2019-01-20 00:36:00,0.03466964055604649
2019-01-20 00:39:00,0.07839647555795182
2019-01-20 00:42:00,0.10269340018220419
2019-01-20 00:45:00,0.10590330928567937
2019-01-20 00:48:00,0.1532664136072981
2019-01-20 00:51:00,0.2404602004792764
2019-01-20 00:54:00,0.1833872013154405
2019-01-20 00:57:00,0.16725145013839438
2019-01-20 01:00:00,0.15214689678225568
2019-01-20 01:03:00,0.16155934522674897
2019-01-20 01:06:00,0.16149870041630265
2019-01-20 01:09:00,0.12579744501658752
2019-01-20 01:12:00,0.16335948434266356
2019-01-20 01:15:00,0.1392836899510712
2019-01-20 01:18:00,0.11887055500272936
2019-01-20 01:21:00,0.04349442002529713
2019-01-20 01:24:00,0.1620298820329822
2019-01-20 01:27:00,0.14784199622704364
2019-01-20 01:30:00,0.20258043405942772
2019-01-20 01:33:00,0.1983075255052995
2019-01-20 01:36:00,0.17227925750330542
2019-01-20 01:39:00,0.23072862971946506
2019-01-20 01:42:00,0.28149841775251616
2019-01-20 01:45:00,0.2725627054105644
2019-01-20 01:48:00,0.2108193606464397
2019-01-20 01:51:00,0.1762701976657013
2019-01-20 01:54:00,0.19690392700476878
2019-01-20 01:57:00,0.15576431615920683
2019-01-20 02:00:00,0.2972922902005166
2019-01-20 02:03:00,0.3415148393298182
2019-01-20 02:06:00,0.17336345925127716
2019-01-20 02:09:00,0.2529366278262728
2019-01-20 02:12:00,0.2774146330801841
2019-01-20 02:15:00,0.2757920205430082
2019-01-20 02:18:00,0.29228235680852777
2019-01-20 02:21:00,0.3097663883512496
2019-01-20 02:24:00,0.3011233534430744
2019-01-20 02:27:00,0.26497764781549904
2019-01-20 02:30:00,0.33705068393669535
2019-01-20 02:33:00,0.332639448743123
2019-01-20 02:36:00,0.29050262273761973
2019-01-20 02:39:00,0.30994405911974354
2019-01-20 02:42:00,0.3545630196373395
2019-01-20 02:45:00,0.30203673109855345
2019-01-20 02:48:00,0.36748932370556986
2019-01-20 02:51:00,0.3764884504131487
2019-01-20 02:54:00,0.29103739510668447
2019-01-20 02:57:00,0.3158245548722789
2019-01-20 03:00:00,0.2863636358975441
2019-01-20 03:03:00,0.32027906378039006
2019-01-20 03:06:00,0.3500370789721501
2019-01-20 03:09:00,0.3086941205735343
2019-01-20 03:12:00,0.3292748808218562
2019-01-20 03:15:00,0.28789570579778
2019-01-20 03:18:00,0.3643798150874318
2019-01-20 03:21:00,0.3102373124914948
2019-01-20 03:24:00,0.38227409835599246
2019-01-20 03:27:00,0.3606382988562018
2019-01-20 03:30:00,0.282740720829338
2019-01-20 03:33:00,0.2461612807027791
2019-01-20 03:36:00,0.3262401782827169
2019-01-20 03:39:00,0.25405080650006084
2019-01-20 03:42:00,0.3622222978793843
2019-01-20 03:45:00,0.2906648134306806
2019-01-20 03:48:00,0.278528532953203
2019-01-20 03:51:00,0.34966706774315526
2019-01-20 03:54:00,0.3605316814438879
2019-01-20 03:57:00,0.3567232352372116
2019-01-20 04:00:00,0.3768091663379778
2019-01-20 04:03:00,0.23116756074335854
2019-01-20 04:06:00,0.3129563885858033
2019-01-20 04:09:00,0.3237529622199986
2019-01-20 04:12:00,0.35629866348836003
2019-01-20 04:15:00,0.37399905613966666
2019-01-20 04:18:00,0.4055001600887067
2019-01-20 04:21:00,0.2737337917145055
2019-01-20 04:24:00,0.24336642335066472
2019-01-20 04:27:00,0.41361828993933614
2019-01-20 04:30:00,0.2444438195288967
2019-01-20 04:33:00,0.3888293240182179
2019-01-20 04:36:00,0.3643182894107895
2019-01-20 04:39:00,0.3903838011745506
2019-01-20 04:42:00,0.2730899054221254
2019-01-20 04:45:00,0.4004925593385451
2019-01-20 04:48:00,0.367719324412235
2019-01-20 04:51:00,0.3409915076648531
2019-01-20 04:54:00,0.4202766117301735
2019-01-20 04:57:00,0.39032367034542403
2019-01-20 05:00:00,0.3487990124752969
2019-01-20 05:03:00,0.36396467257202403
2019-01-20 05:06:00,0.36834318331040095
2019-01-20 05:09:00,0.4233639819157702
2019-01-20 05:12:00,0.39608220158544327
2019-01-20 05:15:00,0.40821700002061334
2019-01-20 05:18:00,0.3930169434756863
2019-01-20 05:21:00,0.41831511762626405
2019-01-20 05:24:00,0.30383379140027955
2019-01-20 05:27:00,0.27631261481661795
2019-01-20 05:30:00,0.30107236491090816
2019-01-20 05:33:00,0.3952505144619636
2019-01-20 05:36:00,0.3327741890431639
2019-01-20 05:39:00,0.29235440712363925
2019-01-20 05:42:00,0.3461739300805675
2019-01-20 05:45:00,0.27671030568370725
2019-01-20 05:48:00,0.37098085208276643
2019-01-20 05:51:00,0.315497298545381
2019-01-20 05:54:00,0.4391393411091258
2019-01-20 05:57:00,0.35142617822890543
2019-01-20 06:00:00,0.4065127305215128
2019-01-20 06:03:00,0.4361380466428386
2019-01-20 06:06:00,0.36852354820814526
2019-01-20 06:09:00,0.35598327967346677
2019-01-20 06:12:00,0.32581092466557493
2019-01-20 06:15:00,0.4257016762854846
2019-01-20 06:18:00,0.36364692139585486
2019-01-20 06:21:00,0.39480115715025477
2019-01-20 06:24:00,0.40020469917556056
2019-01-20 06:27:00,0.3788974197654511
2019-01-20 06:30:00,0.41166570169576744
2019-01-20 06:33:00,0.31462898410075013
2019-01-20 06:36:00,0.3128392689711177
2019-01-20 06:39:00,0.36855750410273913
2019-01-20 06:42:00,0.30530156487094473
2019-01-20 06:45:00,0.35276151239918363
2019-01-20 06:48:00,0.3667780662379414
2019-01-20 06:51:00,0.32456116776933186
2019-01-20 06:54:00,0.28972705899116136
2019-01-20 06:57:00,0.31088288800509645
2019-01-20 07:00:00,0.3311298659867248
2019-01-20 07:03:00,0.3170728481345009
2019-01-20 07:06:00,0.39020488906834316
2019-01-20 07:09:00,0.3521870227173167
2019-01-20 07:12:00,0.3675963205118933
2019-01-20 07:15:00,0.34588382496190206
2019-01-20 07:18:00,0.3484308596803771
2019-01-20 07:21:00,0.24851427729691977
2019-01-20 07:24:00,0.3277426245909396
2019-01-20 07:27:00,0.2798107542939192
2019-01-20 07:30:00,0.29071650562718787
2019-01-20 07:33:00,0.25892775634946474
2019-01-20 07:36:00,0.21406648932156713
2019-01-20 07:39:00,0.26484990983362877
2019-01-20 07:42:00,0.366277894012228
2019-01-20 07:45:00,0.17701969431317366
2019-01-20 07:48:00,0.1785820003877916
2019-01-20 07:51:00,0.27879776913590604
2019-01-20 07:54:00,0.21410706246587097
2019-01-20 07:57:00,0.2833936989744643
2019-01-20 08:00:00,0.31458898027960913
2019-01-20 08:03:00,0.2979072790387818
2019-01-20 08:06:00,0.3251890938185511
2019-01-20 08:09:00,0.25396325914397266
2019-01-20 08:12:00,0.3501968639178017
2019-01-20 08:15:00,0.23067599528576466
2019-01-20 08:18:00,0.29078514767201114
2019-01-20 08:21:00,0.28906941568340017
2019-01-20 08:24:00,0.30635911406653804
2019-01-20 08:27:00,0.23565305705358242
2019-01-20 08:30:00,0.2895701041214238
2019-01-20 08:33:00,0.27985717305614344
2019-01-20 08:36:00,0.26652581243433815
2019-01-20 08:39:00,0.25178942165854323
2019-01-20 08:42:00,0.19674292890482548
2019-01-20 08:45:00,0.29750880781017486
2019-01-20 08:48:00,0.38052106096790794
2019-01-20 08:51:00,0.20484285570432803
2019-01-20 08:54:00,0.21978481251045423
2019-01-20 08:57:00,0.3124042531975988
2019-01-20 09:00:00,0.18221561679212073
2019-01-20 09:03:00,0.1790463452632025
2019-01-20 09:06:00,0.20763915497508378
2019-01-20 09:09:00,0.2134339208208189
2019-01-20 09:12:00,0.15041054693040223
2019-01-20 09:15:00,0.25907460031521623
2019-01-20 09:18:00,0.16693343355836987
2019-01-20 09:21:00,0.14206115468613234
2019-01-20 09:24:00,0.23737317628109622
2019-01-20 09:27:00,0.2244407253616032
2019-01-20 09:30:00,0.317389412537068
2019-01-20 09:33:00,0.29261063091252026
2019-01-20 09:36:00,0.21082968063387852
2019-01-20 09:39:00,0.23883356375228004
2019-01-20 09:42:00,0.2398447817088254
2019-01-20 09:45:00,0.24919349304832394
2019-01-20 09:48:00,0.14281271435311282
2019-01-20 09:51:00,0.25006591948073265
2019-01-20 09:54:00,0.28089271843219876
2019-01-20 09:57:00,0.13063468003275602
2019-01-20 10:00:00,0.01704901056706376
2019-01-20 10:03:00,0.12922882843065508
2019-01-20 10:06:00,0.20040037454577941
2019-01-20 10:09:00,0.18880217657209641
2019-01-20 10:12:00,0.07264539568018336
2019-01-20 10:15:00,0.1745909850069438
2019-01-20 10:18:00,0.15647759900605251
2019-01-20 10:21:00,0.09153606985051965
2019-01-20 10:24:00,0.1863967864836127
2019-01-20 10:27:00,0.06433120437441175
2019-01-20 10:30:00,0.228433320436352
2019-01-20 10:33:00,0.2597936347241898
2019-01-20 10:36:00,0.013332986530826929
2019-01-20 10:39:00,0.02944426027499958
2019-01-20 10:42:00,0.1685220701060075
2019-01-20 10:45:00,0.1278137240303181
2019-01-20 10:48:00,0.17716327987221803
2019-01-20 10:51:00,0.19402516901175204
2019-01-20 10:54:00,0.21823488188272222
2019-01-20 10:57:00,0.22011912124133914
2019-01-20 11:00:00,0.17125884394340574
2019-01-20 11:03:00,0.18244147095714425
2019-01-20 11:06:00,0.28795838848299127
2019-01-20 11:09:00,0.11727692523254518
2019-01-20 11:12:00,0.09917541500328753
2019-01-20 11:15:00,0.04298171296829878
2019-01-20 11:18:00,0.18137025236330828
2019-01-20 11:21:00,-0.08078068180924447
2019-01-20 11:24:00,-0.007967566248908042
2019-01-20 11:27:00,0.046914648818074056
2019-01-20 11:30:00,-0.09456552220740377
2019-01-20 11:33:00,-0.0741468287305338
2019-01-20 11:36:00,-0.10409126056970308
2019-01-20 11:39:00,-0.0879538100924151
2019-01-20 11:42:00,-0.023173148666273846
2019-01-20 11:45:00,-0.10413471222750559
2019-01-20 11:48:00,-0.13705737905149817
2019-01-20 11:51:00,-0.16204688489597174
2019-01-20 11:54:00,-0.21416532661612564
2019-01-20 11:57:00,-0.2038288121167966
2019-01-20 12:00:00,-0.24706493873100044
2019-01-20 12:03:00,-0.17862326864968736
2019-01-20 12:06:00,-0.17542485705007493
2019-01-20 12:09:00,-0.20429227603455047
2019-01-20 12:12:00,-0.1440915738431272
2019-01-20 12:15:00,-0.16791898690246398
2019-01-20 12:18:00,-0.20816884513703826
2019-01-20 12:21:00,-0.23247011417720387
2019-01-20 12:24:00,-0.28702404843596696
2019-01-20 12:27:00,-0.1876640909997036
2019-01-20 12:30:00,-0.26769246610945174
2019-01-20 12:33:00,-0.16611223498085792
2019-01-20 12:36:00,-0.23015114000190806
2019-01-20 12:39:00,-0.24220996001611184
2019-01-20 12:42:00,-0.18350049539242264
2019-01-20 12:45:00,-0.20926993632349422
2019-01-20 12:48:00,-0.1791584628849705
2019-01-20 12:51:00,-0.36844174713718303
2019-01-20 12:54:00,-0.23769511888599482
2019-01-20 12:57:00,-0.20187492238864024
2019-01-20 13:00:00,-0.18831072346887368
2019-01-20 13:03:00,-0.2782435841190818
2019-01-20 13:06:00,-0.25199149564980416
2019-01-20 13:09:00,-0.37195814089670876
2019-01-20 13:12:00,-0.351076615871591
2019-01-20 13:15:00,-0.36209913226838353
2019-01-20 13:18:00,-0.3469240037075565
2019-01-20 13:21:00,-0.3502274112275927
2019-01-20 13:24:00,-0.2759968880051815
2019-01-20 13:27:00,-0.30092733567477126
2019-01-20 13:30:00,-0.27823885105760837
2019-01-20 13:33:00,-0.3291983349066072
2019-01-20 13:36:00,-0.307893725583142
2019-01-20 13:39:00,-0.25440996024093465
2019-01-20 13:42:00,-0.1433925161550178
2019-01-20 13:45:00,-0.2501837444993953
2019-01-20 13:48:00,-0.1586538722499995
2019-01-20 13:51:00,-0.18755075413162103
2019-01-20 13:54:00,-0.3051989911859323
2019-01-20 13:57:00,-0.17293479457731564
2019-01-20 14:00:00,-0.3158273546915211
2019-01-20 14:03:00,-0.168116281326661
2019-01-20 14:06:00,-0.2367199618886957
2019-01-20 14:09:00,-0.33781914480925934
2019-01-20 14:12:00,-0.35124498098963386
2019-01-20 14:15:00,-0.4090676775901443
2019-01-20 14:18:00,-0.3265783904885211
2019-01-20 14:21:00,-0.3019552959335101
2019-01-20 14:24:00,-0.3016027256998086
2019-01-20 14:27:00,-0.16068083315281
2019-01-20 14:30:00,-0.10719235408816985
2019-01-20 14:33:00,-0.1813281024787443
2019-01-20 14:36:00,-0.20416165670832243
2019-01-20 14:39:00,-0.25976023567301354
2019-01-20 14:42:00,-0.3416189080571712
2019-01-20 14:45:00,-0.4128966169570276
2019-01-20 14:48:00,-0.5100563243260012
2019-01-20 14:51:00,-0.43018156415087105
2019-01-20 14:54:00,-0.41071595353207613
2019-01-20 14:57:00,-0.41218989540254825
2019-01-20 15:00:00,-0.2943536616953111
2019-01-20 15:03:00,-0.36970087393848416
2019-01-20 15:06:00,-0.42488506697196726
2019-01-20 15:09:00,-0.522334682381711
2019-01-20 15:12:00,-0.39185244430342436
2019-01-20 15:15:00,-0.4837843670404709
2019-01-20 15:18:00,-0.41471434854844347
2019-01-20 15:21:00,-0.4574449507186955
2019-01-20 15:24:00,-0.464640206074705
2019-01-20 15:27:00,-0.36582092700575686
2019-01-20 15:30:00,-0.4528752318796023
2019-01-20 15:33:00,-0.4860489439046205
2019-01-20 15:36:00,-0.43493922875921953
2019-01-20 15:39:00,-0.5051302538768141
2019-01-20 15:42:00,-0.47414967273920183
2019-01-20 15:45:00,-0.5278047006764268
2019-01-20 15:48:00,-0.5041246656082308
2019-01-20 15:51:00,-0.3956639469175798
2019-01-20 15:54:00,-0.4614255056255274
2019-01-20 15:57:00,-0.5465968548107867
2019-01-20 16:00:00,-0.3739947687715244
2019-01-20 16:03:00,-0.2910602613144988
2019-01-20 16:06:00,-0.41001231867915067
2019-01-20 16:09:00,-0.262300962463371
2019-01-20 16:12:00,-0.2918868865851323
2019-01-20 16:15:00,-0.3064638210363455
2019-01-20 16:18:00,-0.2715071833305842
2019-01-20 16:21:00,-0.45999618731917735
2019-01-20 16:24:00,-0.436998701700702
2019-01-20 16:27:00,-0.30086803921068395
2019-01-20 16:30:00,-0.33642537559984476
2019-01-20 16:33:00,-0.48179227030169613
2019-01-20 16:36:00,-0.4054609333795156
2019-01-20 16:39:00,-0.36159936399923254
2019-01-20 16:42:00,-0.4143127104841824
2019-01-20 16:45:00,-0.3174440924107671
2019-01-20 16:48:00,-0.3431449260526165
2019-01-20 16:51:00,-0.44434318584001176
2019-01-20 16:54:00,-0.3048147261622489
2019-01-20 16:57:00,-0.3056463149475235
2019-01-20 17:00:00,-0.2045139628497168
2019-01-20 17:03:00,-0.2621742789977475
2019-01-20 17:06:00,-0.22983160127472502
2019-01-20 17:09:00,-0.30736035040382603
2019-01-20 17:12:00,-0.2785295097957601
2019-01-20 17:15:00,-0.35605660533110495
2019-01-20 17:18:00,-0.3463807744381029
2019-01-20 17:21:00,-0.4008404628918356
2019-01-20 17:24:00,-0.29823208366406107
2019-01-20 17:27:00,-0.34597849823006754
2019-01-20 17:30:00,-0.3120008298342327
2019-01-20 17:33:00,-0.32702010155838934
2019-01-20 17:36:00,-0.21875146225784192
2019-01-20 17:39:00,-0.31221386495957404
2019-01-20 17:42:00,-0.24153481295041956
2019-01-20 17:45:00,-0.18536313976028396
2019-01-20 17:48:00,-0.3853935830105115
2019-01-20 17:51:00,-0.3099793524912684
2019-01-20 17:54:00,-0.3055985731554074
2019-01-20 17:57:00,-0.32275425028797144
2019-01-20 18:00:00,-0.2751235246910255
2019-01-20 18:03:00,-0.24571579010591904
2019-01-20 18:06:00,-0.23411622625093287
2019-01-20 18:09:00,-0.25188329417744626
2019-01-20 18:12:00,-0.310116643165145
2019-01-20 18:15:00,-0.15214836949752453
2019-01-20 18:18:00,-0.2946016022397657
2019-01-20 18:21:00,-0.2772222209407573
2019-01-20 18:24:00,-0.24820823651032242
2019-01-20 18:27:00,-0.22261961959145538
2019-01-20 18:30:00,-0.22335238017399206
2019-01-20 18:33:00,-0.21519599616073037
2019-01-20 18:36:00,-0.16717419414783308
2019-01-20 18:39:00,-0.20113557784480918
2019-01-20 18:42:00,-0.21771384121132087
2019-01-20 18:45:00,-0.29847043642223525
2019-01-20 18:48:00,-0.23706720896342404
2019-01-20 18:51:00,-0.1673423336631572
2019-01-20 18:54:00,
2019-01-20 18:57:00,
2019-01-20 19:00:00,
2019-01-20 19:03:00,-0.11078230615788698
2019-01-20 19:06:00,-0.27480136433888447
2019-01-20 19:09:00,-0.23038856154607856
2019-01-20 19:12:00,-0.17391619298632577
2019-01-20 19:15:00,-0.28480124986248256
2019-01-20 19:18:00,-0.19779568775999223
2019-01-20 19:21:00,-0.08851590735378068
2019-01-20 19:24:00,-0.11837231818424243
2019-01-20 19:27:00,-0.22104898856230193
2019-01-20 19:30:00,-0.1469450768868228
2019-01-20 19:33:00,-0.11553948976609263
2019-01-20 19:36:00,-0.17299189400733894
2019-01-20 19:39:00,-0.1282483548076243
2019-01-20 19:42:00,-0.1552699433171938
2019-01-20 19:45:00,-0.11474074564631564
2019-01-20 19:48:00,-0.009934409185973436
2019-01-20 19:51:00,-0.16174417903249605
2019-01-20 19:54:00,-0.12402381045689026
2019-01-20 19:57:00,-0.044379620784013696
2019-01-20 20:00:00,-0.10421091311968667
2019-01-20 20:03:00,-0.02968325036721353
2019-01-20 20:06:00,0.03978397499656694
2019-01-20 20:09:00,-0.06886076647941763
2019-01-20 20:12:00,0.03761707590348351
2019-01-20 20:15:00,-0.13596506919492413
2019-01-20 20:18:00,-0.1220876241667952
2019-01-20 20:21:00,0.008444333863678821
2019-01-20 20:24:00,0.02581258356383387
2019-01-20 20:27:00,-0.013910030311876653
2019-01-20 20:30:00,-0.03147677200144017
2019-01-20 20:33:00,0.01169069913896692
2019-01-20 20:36:00,0.11240620748344554
2019-01-20 20:39:00,-0.05753493432121104
2019-01-20 20:42:00,0.05163965218918065
2019-01-20 20:45:00,-0.04385902899696248
2019-01-20 20:48:00,-0.0003776792729013323
2019-01-20 20:51:00,0.10150331586163475
2019-01-20 20:54:00,0.09269522022577803
2019-01-20 20:57:00,0.06857502630958834
2019-01-20 21:00:00,0.06700172381545144
2019-01-20 21:03:00,0.04303876424773989
2019-01-20 21:06:00,-0.024694733773742428
2019-01-20 21:09:00,0.02424621604075128
2019-01-20 21:12:00,0.003684298016082721
2019-01-20 21:15:00,0.08983016377743525
2019-01-20 21:18:00,0.08994511898106339
2019-01-20 21:21:00,0.13038128758864787
2019-01-20 21:24:00,0.0757306355025662
2019-01-20 21:27:00,0.08339735212257438
2019-01-20 21:30:00,0.025404717745857397
2019-01-20 21:33:00,0.13350119567155616
2019-01-20 21:36:00,0.06472909701682283
2019-01-20 21:39:00,0.10340570027153717
2019-01-20 21:42:00,0.14901663404020837
2019-01-20 21:45:00,0.026064628159360836
2019-01-20 21:48:00,0.08226159396627963
2019-01-20 21:51:00,0.03502478292233491
2019-01-20 21:54:00,-0.03995297238225248
2019-01-20 21:57:00,0.07221435713046276
2019-01-20 22:00:00,0.10869656688339546
2019-01-20 22:03:00,0.13043860751122338
2019-01-20 22:06:00,0.15205906344425557
2019-01-20 22:09:00,0.0965524552275383
2019-01-20 22:12:00,0.0333637081081406
2019-01-20 22:15:00,0.11805259502637
2019-01-20 22:18:00,0.20361632856605638
2019-01-20 22:21:00,0.26083963622897954
2019-01-20 22:24:00,0.13643057402413206
2019-01-20 22:27:00,0.22676129362758957
2019-01-20 22:30:00,0.14122188636514466
2019-01-20 22:33:00,0.2325763582157947
2019-01-20 22:36:00,0.1764916576100859
2019-01-20 22:39:00,0.13950290247004205
2019-01-20 22:42:00,0.1683397403025424
2019-01-20 22:45:00,0.14694030209102493
2019-01-20 22:48:00,0.13332345404245416
2019-01-20 22:51:00,0.177214417154687
2019-01-20 22:54:00,0.14284666580545036
2019-01-20 22:57:00,0.24670100221692337
2019-01-20 23:00:00,0.19374459684587464
2019-01-20 23:03:00,0.24354650040874048
2019-01-20 23:06:00,0.13885093928558945
2019-01-20 23:09:00,0.221366220103846
2019-01-20 23:12:00,0.12571265574280233
2019-01-20 23:15:00,0.18417111373150874
2019-01-20 23:18:00,0.20338816214513145
2019-01-20 23:21:00,0.08020142821885656
2019-01-20 23:24:00,0.11198349856653067
2019-01-20 23:27:00,0.1170901912064437
2019-01-20 23:30:00,0.20382574032868206
2019-01-20 23:33:00,0.26454388172146537
2019-01-20 23:36:00,0.2213947751342289
2019-01-20 23:39:00,0.2141953099143734
2019-01-20 23:42:00,0.11469585263711224
2019-01-20 23:45:00,0.12920768514180736
2019-01-20 23:48:00,0.17523241557580604
2019-01-20 23:51:00,0.15219441411539947
2019-01-20 23:54:00,0.11989958923680888
2019-01-20 23:57:00,0.1875650653980756
2019-01-21 00:00:00,0.28451810437098857
2019-01-21 00:03:00,0.14473718094421884
2019-01-21 00:06:00,0.09348263696335835
2019-01-21 00:09:00,0.1504599722485409
2019-01-21 00:12:00,0.22617186650978738
2019-01-21 00:15:00,0.11928244371068786
2019-01-21 00:18:00,0.16582447826499447
2019-01-21 00:21:00,0.14125390742316313
2019-01-21 00:24:00,0.08036932726690793
2019-01-21 00:27:00,0.2985966914891378
2019-01-21 00:30:00,0.21177905062313584
2019-01-21 00:33:00,0.216368120124514
2019-01-21 00:36:00,0.21406892798790977
2019-01-21 00:39:00,0.27568670654864036
2019-01-21 00:42:00,0.2305671935731084
2019-01-21 00:45:00,0.07661720184660226
2019-01-21 00:48:00,0.23450321561495002
2019-01-21 00:51:00,0.22692187251078622
2019-01-21 00:54:00,0.2578005788171822
2019-01-21 00:57:00,0.21939981472593217
2019-01-21 01:00:00,0.10184317828912981
2019-01-21 01:03:00,0.22924855837362657
2019-01-21 01:06:00,0.1948032991706441
2019-01-21 01:09:00,0.23905589633386626
2019-01-21 01:12:00,0.17925216166833025
2019-01-21 01:15:00,0.15232260957782273
2019-01-21 01:18:00,0.2487663096533197
2019-01-21 01:21:00,0.18651921435235863
2019-01-21 01:24:00,0.3478037021810678
2019-01-21 01:27:00,0.3060435103482746
2019-01-21 01:30:00,0.3025686077007208
2019-01-21 01:33:00,0.14080646572898559
2019-01-21 01:36:00,0.17193910998230422
2019-01-21 01:39:00,0.2451136874644817
2019-01-21 01:42:00,0.14769899488334204
2019-01-21 01:45:00,0.21306441601933557
2019-01-21 01:48:00,0.13740649267066374
2019-01-21 01:51:00,0.17618302731420954
2019-01-21 01:54:00,0.17930934196425596
2019-01-21 01:57:00,0.1649576298809734
2019-01-21 02:00:00,0.21274798242120596
2019-01-21 02:03:00,0.08710123378023127
2019-01-21 02:06:00,0.11037196224134505
2019-01-21 02:09:00,0.026581630671159928
2019-01-21 02:12:00,0.10267473346010547
2019-01-21 02:15:00,0.1076598665712254
2019-01-21 02:18:00,0.17559126220623966
2019-01-21 02:21:00,0.10327210723454527
2019-01-21 02:24:00,0.19023398426958238
2019-01-21 02:27:00,0.1487681787020847
2019-01-21 02:30:00,0.04844223405893899
2019-01-21 02:33:00,0.09951498636428369
2019-01-21 02:36:00,0.09880261438144089
2019-01-21 02:39:00,0.1977895027748673
2019-01-21 02:42:00,0.1917881880711434
2019-01-21 02:45:00,0.3043849267781411
2019-01-21 02:48:00,0.19473162531875232
2019-01-21 02:51:00,0.11987635157237264
2019-01-21 02:54:00,0.10917260985974053
2019-01-21 02:57:00,0.17821984963512705
2019-01-21 03:00:00,0.20201006892290252
2019-01-21 03:03:00,0.12673362010804112
2019-01-21 03:06:00,0.10362204608316006
2019-01-21 03:09:00,0.038915783515335534
2019-01-21 03:12:00,0.14661902262366766
2019-01-21 03:15:00,0.1156617907981854
2019-01-21 03:18:00,0.12346262198440172
2019-01-21 03:21:00,0.13592245485182275
2019-01-21 03:24:00,0.19213511172114295
2019-01-21 03:27:00,0.15599606419630163
2019-01-21 03:30:00,0.10722597309256798
2019-01-21 03:33:00,0.29739221211173117
2019-01-21 03:36:00,0.12190282515365425
2019-01-21 03:39:00,0.19987082004183776
2019-01-21 03:42:00,0.23700727438586
2019-01-21 03:45:00,0.24475650316446718
2019-01-21 03:48:00,0.19275236410379648
2019-01-21 03:51:00,0.21242558717960947
2019-01-21 03:54:00,0.18063343020384082
2019-01-21 03:57:00,0.19275239739943117
2019-01-21 04:00:00,0.11522764683138575
2019-01-21 04:03:00,0.10993617215410723
2019-01-21 04:06:00,0.12783921156051292
2019-01-21 04:09:00,0.11757651062936247
2019-01-21 04:12:00,0.15356423260612928
2019-01-21 04:15:00,0.08981159217859158
2019-01-21 04:18:00,0.11671845558828409
2019-01-21 04:21:00,0.04102890675648041
2019-01-21 04:24:00,0.09922310424241232
2019-01-21 04:27:00,0.14357513568899094
2019-01-21 04:30:00,0.30448258350963897
2019-01-21 04:33:00,0.1419268384905763
2019-01-21 04:36:00,0.16989611867279564
2019-01-21 04:39:00,0.1318988423648193
2019-01-21 04:42:00,0.2646868315330835
2019-01-21 04:45:00,0.2955642710534221
2019-01-21 04:48:00,0.2958312510901919
2019-01-21 04:51:00,0.25337164325412687
2019-01-21 04:54:00,0.23229199061904637
2019-01-21 04:57:00,0.23048376794503156
2019-01-21 05:00:00,0.18336977791074105
2019-01-21 05:03:00,0.16411030522033343
2019-01-21 05:06:00,0.25137377355605395
2019-01-21 05:09:00,0.26449323282872683
2019-01-21 05:12:00,0.26508522427849357
2019-01-21 05:15:00,0.22463995499560951
2019-01-21 05:18:00,0.24338616130449964
2019-01-21 05:21:00,0.3387040731865909
2019-01-21 05:24:00,0.26373359240614036
2019-01-21 05:27:00,0.2538255621610688
2019-01-21 05:30:00,0.30907215577781244
2019-01-21 05:33:00,0.3041147326312057
2019-01-21 05:36:00,0.3382108436248359
2019-01-21 05:39:00,0.33829972362735816
2019-01-21 05:42:00,0.3338592540156924
2019-01-21 05:45:00,0.3481852767828286
2019-01-21 05:48:00,0.3764981533461196
2019-01-21 05:51:00,0.33137632908130854
2019-01-21 05:54:00,0.3130904736995035
2019-01-21 05:57:00,0.36401205068767695
2019-01-21 06:00:00,0.35474759876228745
2019-01-21 06:03:00,0.3052281234047314
2019-01-21 06:06:00,0.29405112610771766
2019-01-21 06:09:00,0.3320107327929236
2019-01-21 06:12:00,0.31055593848805074
2019-01-21 06:15:00,0.395870379424764
2019-01-21 06:18:00,0.21550901954924484
2019-01-21 06:21:00,0.16313661644983313
2019-01-21 06:24:00,0.25109368907476437
2019-01-21 06:27:00,0.2364986855180291
2019-01-21 06:30:00,0.19137107500478123
2019-01-21 06:33:00,0.2358928322859697
2019-01-21 06:36:00,0.28532524850606933
2019-01-21 06:39:00,0.2944775488344362
2019-01-21 06:42:00,0.26445731430169417
2019-01-21 06:45:00,0.3277092309560885
2019-01-21 06:48:00,0.23355959702269047
2019-01-21 06:51:00,0.2564919372259169
2019-01-21 06:54:00,0.21317871275260813
2019-01-21 06:57:00,0.2821097498998597
2019-01-21 07:00:00,0.21631446192390058
2019-01-21 07:03:00,0.2956246867810819
2019-01-21 07:06:00,0.34780693398329277
2019-01-21 07:09:00,0.29988356874372357
2019-01-21 07:12:00,0.2635937223780047
2019-01-21 07:15:00,0.28522748488308025
2019-01-21 07:18:00,0.19893848750308507
2019-01-21 07:21:00,0.18945221943408797
2019-01-21 07:24:00,0.22436600064042977
2019-01-21 07:27:00,0.2594942725507394
2019-01-21 07:30:00,0.3039466769122896
2019-01-21 07:33:00,0.27881754405729
2019-01-21 07:36:00,0.316166906496278
2019-01-21 07:39:00,0.24525340326903233
2019-01-21 07:42:00,0.29028447986240735
2019-01-21 07:45:00,0.32029778587298097
2019-01-21 07:48:00,0.3188184544360979
2019-01-21 07:51:00,0.21256153188460303
2019-01-21 07:54:00,0.25490222144935615
2019-01-21 07:57:00,0.35196103505847987
2019-01-21 08:00:00,0.2562909907385347
2019-01-21 08:03:00,0.2692829145466362
2019-01-21 08:06:00,0.21527951232292253
2019-01-21 08:09:00,0.18174431152220905
2019-01-21 08:12:00,0.3062835011932634
2019-01-21 08:15:00,0.19651650266524712
2019-01-21 08:18:00,0.13151969722423473
2019-01-21 08:21:00,0.20840425240652394
2019-01-21 08:24:00,0.20975920474415943
2019-01-21 08:27:00,0.1794985517240093
2019-01-21 08:30:00,0.1179306003224383
2019-01-21 08:33:00,0.26442255232080925
2019-01-21 08:36:00,0.2354067711852963
2019-01-21 08:39:00,0.21994858513062354
2019-01-21 08:42:00,0.21102899175042467
2019-01-21 08:45:00,0.1736305253442083
2019-01-21 08:48:00,0.11162034960659639
2019-01-21 08:51:00,0.18402733329332932
2019-01-21 08:54:00,0.11966922883135567
2019-01-21 08:57:00,0.15707452824216261
2019-01-21 09:00:00,0.29748000856807266
2019-01-21 09:03:00,0.1776844612079458
2019-01-21 09:06:00,0.10234626046286621
2019-01-21 09:09:00,0.10981653611071351
2019-01-21 09:12:00,0.08851694744942051
2019-01-21 09:15:00,0.1832762845695015
2019-01-21 09:18:00,0.10051296883011673
2019-01-21 09:21:00,0.084325608085976
2019-01-21 09:24:00,0.09995485850083696
2019-01-21 09:27:00,0.08217884031512313
2019-01-21 09:30:00,0.1453268740468161
2019-01-21 09:33:00,0.013081022505105011
2019-01-21 09:36:00,0.11522166224324337
2019-01-21 09:39:00,0.1355611922983826
2019-01-21 09:42:00,0.07431472485745871
2019-01-21 09:45:00,0.07707208420799816
2019-01-21 09:48:00,0.0037276050803143335
2019-01-21 09:51:00,0.052137364227007765
2019-01-21 09:54:00,0.20774984636204863
2019-01-21 09:57:00,0.1410517321226621
2019-01-21 10:00:00,0.188290808088027
2019-01-21 10:03:00,0.36081165394955406
2019-01-21 10:06:00,0.2571043314941335
2019-01-21 10:09:00,0.2683192639358367
2019-01-21 10:12:00,0.3287153557747047
2019-01-21 10:15:00,0.32359377149327884
2019-01-21 10:18:00,0.16157296171485314
2019-01-21 10:21:00,0.20902417977788446
2019-01-21 10:24:00,0.12822871385350254
2019-01-21 10:27:00,0.1298605763807359
2019-01-21 10:30:00,0.13513981466729774
2019-01-21 10:33:00,0.1247180945813966
2019-01-21 10:36:00,0.1487775196872576
2019-01-21 10:39:00,0.12796839797215398
2019-01-21 10:42:00,0.0025394932620770305
2019-01-21 10:45:00,0.04728574685196918
2019-01-21 10:48:00,0.08620465651023324
2019-01-21 10:51:00,0.13611040195223723
2019-01-21 10:54:00,0.14352154547543705
2019-01-21 10:57:00,0.1865085618508715
2019-01-21 11:00:00,0.1990070828355215
2019-01-21 11:03:00,0.14685221964822404
2019-01-21 11:06:00,0.11686766543709837
2019-01-21 11:09:00,0.14842730274989435
2019-01-21 11:12:00,0.04195856015587651
2019-01-21 11:15:00,0.02248074802315614
2019-01-21 11:18:00,0.12530457036666576
2019-01-21 11:21:00,0.06396838450592668
2019-01-21 11:24:00,0.058604190835126246
2019-01-21 11:27:00,0.1540765009469851
2019-01-21 11:30:00,0.017277006147708107
2019-01-21 11:33:00,0.06109554513108151
2019-01-21 11:36:00,0.0017286707856101202
2019-01-21 11:39:00,0.007061097564530883
2019-01-21 11:42:00,-0.08760520996463583
2019-01-21 11:45:00,-0.004153886257086015
2019-01-21 11:48:00,-0.12875527337661197
2019-01-21 11:51:00,-0.10279224152094457
2019-01-21 11:54:00,0.012043473167182128
2019-01-21 11:57:00,-0.16821944133391753
2019-01-21 12:00:00,-0.02527395340041494
2019-01-21 12:03:00,0.011992330306043186
2019-01-21 12:06:00,0.04806458682026005
2019-01-21 12:09:00,-0.08839875172873235
2019-01-21 12:12:00,-0.09507958050511434
2019-01-21 12:15:00,-0.01875276095671552
2019-01-21 12:18:00,-0.06345533445067986
2019-01-21 12:21:00,-0.07389121650766128
2019-01-21 12:24:00,-0.14141807380798355
2019-01-21 12:27:00,-0.19418594156371682
2019-01-21 12:30:00,-0.1509432020194481
2019-01-21 12:33:00,-0.07964867959753974
2019-01-21 12:36:00,-0.09056986072988593
2019-01-21 12:39:00,-0.07666347995871092
2019-01-21 12:42:00,-0.07324771011764142
2019-01-21 12:45:00,-0.03419734943730646
2019-01-21 12:48:00,-0.04772379852033737
2019-01-21 12:51:00,-0.04657834753066936
2019-01-21 12:54:00,-0.11166690034099247
2019-01-21 12:57:00,-0.10839687092891381
2019-01-21 13:00:00,-0.020427422312309318
2019-01-21 13:03:00,0.04551787988839351
2019-01-21 13:06:00,-0.026933334411239684
2019-01-21 13:09:00,-0.08903045546043131
2019-01-21 13:12:00,-0.04057089390255442
2019-01-21 13:15:00,-0.0843658556238438
2019-01-21 13:18:00,-0.05960954794454665
2019-01-21 13:21:00,0.0746473678948405
2019-01-21 13:24:00,-0.2256873970941342
2019-01-21 13:27:00,-0.04341228147899301
2019-01-21 13:30:00,-0.12168048622811511
2019-01-21 13:33:00,-0.06355302292524811
2019-01-21 13:36:00,-0.017750178611208867
2019-01-21 13:39:00,-0.18903150123651358
2019-01-21 13:42:00,-0.15229670921252136
2019-01-21 13:45:00,-0.17993767084510637
2019-01-21 13:48:00,-0.17007891037673062
2019-01-21 13:51:00,-0.1355065480306621
2019-01-21 13:54:00,-0.18029995786997688
2019-01-21 13:57:00,-0.21669694707651388
2019-01-21 14:00:00,-0.1402918920978209
2019-01-21 14:03:00,-0.15530299287348726
2019-01-21 14:06:00,-0.21870109433592688
2019-01-21 14:09:00,-0.14848754494977356
2019-01-21 14:12:00,-0.15899333897050383
2019-01-21 14:15:00,-0.20475605925969376
2019-01-21 14:18:00,-0.13458739943746423
2019-01-21 14:21:00,-0.21238428617078853
2019-01-21 14:24:00,-0.1932927106798843
2019-01-21 14:27:00,-0.136388562243269
2019-01-21 14:30:00,-0.29778264184415093
2019-01-21 14:33:00,-0.2583107287493931
2019-01-21 14:36:00,-0.23874137939014872
2019-01-21 14:39:00,-0.16161435595950024
2019-01-21 14:42:00,-0.2026280219758405
2019-01-21 14:45:00,-0.145693487180381
2019-01-21 14:48:00,-0.1984444134268415
2019-01-21 14:51:00,-0.21944586146213396
2019-01-21 14:54:00,-0.2461541440485462
2019-01-21 14:57:00,-0.2301560778860221
2019-01-21 15:00:00,-0.26214775331584406
2019-01-21 15:03:00,-0.3757183511839344
2019-01-21 15:06:00,-0.33848248165719497
2019-01-21 15:09:00,-0.2968580095921993
2019-01-21 15:12:00,-0.3274430793954366
2019-01-21 15:15:00,-0.2442327530386592
2019-01-21 15:18:00,-0.1665108019561785
2019-01-21 15:21:00,-0.2279662768498838
2019-01-21 15:24:00,-0.22181022546851636
2019-01-21 15:27:00,-0.13629480842411112
2019-01-21 15:30:00,-0.33010089619097016
2019-01-21 15:33:00,-0.27333876276696856
2019-01-21 15:36:00,-0.12980223079648567
2019-01-21 15:39:00,-0.306096838134863
2019-01-21 15:42:00,-0.19442299326470902
2019-01-21 15:45:00,-0.3085570257739505
2019-01-21 15:48:00,-0.15162396274348566
2019-01-21 15:51:00,-0.2395359344424719
2019-01-21 15:54:00,-0.2220611868085598
2019-01-21 15:57:00,-0.197897975340652
2019-01-21 16:00:00,-0.17917464405411465
2019-01-21 16:03:00,-0.3396637025402356
2019-01-21 16:06:00,-0.22901013631081923
2019-01-21 16:09:00,-0.27304637594158976
2019-01-21 16:12:00,-0.158853434002026
2019-01-21 16:15:00,-0.3278299453882596
2019-01-21 16:18:00,-0.2318858099628187
2019-01-21 16:21:00,-0.2521564446579987
2019-01-21 16:24:00,-0.3686058174566256
2019-01-21 16:27:00,-0.30416670831755255
2019-01-21 16:30:00,-0.3694102359260114
2019-01-21 16:33:00,-0.3005779880323871
2019-01-21 16:36:00,-0.22195280738424117
2019-01-21 16:39:00,-0.2961702976743368
2019-01-21 16:42:00,-0.23522631562383367
2019-01-21 16:45:00,-0.22644678735099433
2019-01-21 16:48:00,-0.30613052398820173
2019-01-21 16:51:00,-0.28593404266206335
2019-01-21 16:54:00,-0.19594830693699805
2019-01-21 16:57:00,-0.32632144967749355
2019-01-21 17:00:00,-0.21935349501302426
2019-01-21 17:03:00,-0.1712221953935682
2019-01-21 17:06:00,-0.27193771629634966
2019-01-21 17:09:00,-0.20524209210793742
2019-01-21 17:12:00,-0.2843686806247092
2019-01-21 17:15:00,-0.32309252634820496
2019-01-21 17:18:00,-0.3293094118798763
2019-01-21 17:21:00,-0.24600726188828048
2019-01-21 17:24:00,-0.22787994309101123
2019-01-21 17:27:00,-0.2630769269619577
2019-01-21 17:30:00,-0.2187554861116041
2019-01-21 17:33:00,-0.23092847734693578
2019-01-21 17:36:00,-0.22354902510863894
2019-01-21 17:39:00,-0.18402605121104898
2019-01-21 17:42:00,-0.21594938589419144
2019-01-21 17:45:00,-0.20665716390419675
2019-01-21 17:48:00,-0.1811689366373912
2019-01-21 17:51:00,-0.21686217486194437
2019-01-21 17:54:00,-0.17128158897031653
2019-01-21 17:57:00,-0.1224047409322111
2019-01-21 18:00:00,-0.1315160097076955
2019-01-21 18:03:00,-0.1903532819476368
2019-01-21 18:06:00,-0.1721470527614315
2019-01-21 18:09:00,-0.11328834031519364
2019-01-21 18:12:00,-0.09551176774129999
2019-01-21 18:15:00,-0.13591813364797645
2019-01-21 18:18:00,-0.15300015695999036
2019-01-21 18:21:00,-0.13405869539400328
2019-01-21 18:24:00,-0.10798998067843968
2019-01-21 18:27:00,-0.08893417582015672
2019-01-21 18:30:00,-0.08137681668875985
2019-01-21 18:33:00,-0.08544573487944263
2019-01-21 18:36:00,-0.10773405324715668
2019-01-21 18:39:00,-0.0815268200248056
2019-01-21 18:42:00,-0.14703427722560036
2019-01-21 18:45:00,-0.12388205936355234
2019-01-21 18:48:00,-0.10179700486975207
2019-01-21 18:51:00,-0.020815364355655674
2019-01-21 18:54:00,
2019-01-21 18:57:00,
2019-01-21 19:00:00,
2019-01-21 19:03:00,-0.07280608975787572
2019-01-21 19:06:00,-0.09033834638722738
2019-01-21 19:09:00,-0.10197171185581055
2019-01-21 19:12:00,-0.09847385691915633
2019-01-21 19:15:00,-0.0843433211152842
2019-01-21 19:18:00,-0.08069856031806921
2019-01-21 19:21:00,-0.12469099978545728
2019-01-21 19:24:00,-0.01963297177013601
2019-01-21 19:27:00,0.04804446672750373
2019-01-21 19:30:00,0.04822762236830158
2019-01-21 19:33:00,-0.07735673736027593
2019-01-21 19:36:00,0.006654433783751301
2019-01-21 19:39:00,0.029747482668028624
2019-01-21 19:42:00,-0.01964695404910799
2019-01-21 19:45:00,0.06253146916247942
2019-01-21 19:48:00,-0.005821228470381357
2019-01-21 19:51:00,-0.096992532945535
2019-01-21 19:54:00,-0.003674839972063637
2019-01-21 19:57:00,-0.05500612900965507
2019-01-21 20:00:00,0.027770348305978132
2019-01-21 20:03:00,0.037481922321319416
2019-01-21 20:06:00,0.08066097744546141
2019-01-21 20:09:00,-0.03388360954414793
2019-01-21 20:12:00,-0.019792072013785855
2019-01-21 20:15:00,0.005806137959552871
2019-01-21 20:18:00,0.04664250490947097
2019-01-21 20:21:00,0.058234165335932175
2019-01-21 20:24:00,0.13767089897368123
2019-01-21 20:27:00,0.0782157293035084
2019-01-21 20:30:00,-0.01658322823772096
2019-01-21 20:33:00,0.07745171750332247
2019-01-21 20:36:00,0.10097464225287922
2019-01-21 20:39:00,0.06380047707335734
2019-01-21 20:42:00,0.013239094917253169
2019-01-21 20:45:00,0.02982226927173315
2019-01-21 20:48:00,0.1447766001480204
2019-01-21 20:51:00,0.05252159936907219
2019-01-21 20:54:00,0.1650376583792763
2019-01-21 20:57:00,0.1000637510307456
2019-01-21 21:00:00,0.19838469456760777
2019-01-21 21:03:00,0.05211840717396399
2019-01-21 21:06:00,0.13402526919549018
2019-01-21 21:09:00,0.05423207969442956
2019-01-21 21:12:00,0.09890453818997003
2019-01-21 21:15:00,0.15165803461405858
2019-01-21 21:18:00,0.0823103122290263
2019-01-21 21:21:00,0.12116697010571897
2019-01-21 21:24:00,0.1624980449900022
2019-01-21 21:27:00,0.05468124811386588
2019-01-21 21:30:00,0.13114293157047996
2019-01-21 21:33:00,0.1820233571334029
2019-01-21 21:36:00,0.2656205050352014
2019-01-21 21:39:00,0.19876600602322014
2019-01-21 21:42:00,0.17930110648956088
2019-01-21 21:45:00,0.19490559852607703
2019-01-21 21:48:00,0.19223904643797596
2019-01-21 21:51:00,0.1578230263209548
2019-01-21 21:54:00,0.13662649558710882
2019-01-21 21:57:00,0.1513602632344373
2019-01-21 22:00:00,0.22796835164706408
2019-01-21 22:03:00,0.2241224852818391
2019-01-21 22:06:00,0.24423303846094768
2019-01-21 22:09:00,0.16679109268699222
2019-01-21 22:12:00,0.18837535626170165
2019-01-21 22:15:00,0.23132094423220906
2019-01-21 22:18:00,0.19180736282049793
2019-01-21 22:21:00,0.23289252855107634
2019-01-21 22:24:00,0.17367379419988538
2019-01-21 22:27:00,0.18529648215456973
2019-01-21 22:30:00,0.1987406523402342
2019-01-21 22:33:00,0.13915363662601976
2019-01-21 22:36:00,0.23661145848939213
2019-01-21 22:39:00,0.11263753443057567
2019-01-21 22:42:00,0.1784639905849872
2019-01-21 22:45:00,0.21397205937000763
2019-01-21 22:48:00,0.21393331483841393
2019-01-21 22:51:00,0.2941982797078708
2019-01-21 22:54:00,0.14649339979683873
2019-01-21 22:57:00,0.21672331803398492
2019-01-21 23:00:00,0.23732573288600634
2019-01-21 23:03:00,0.2190487662781493
2019-01-21 23:06:00,0.21948514562660648
2019-01-21 23:09:00,0.2393369653138393
2019-01-21 23:12:00,0.2125481585472926
2019-01-21 23:15:00,0.19865196306864163
2019-01-21 23:18:00,0.2556616061111754
2019-01-21 23:21:00,0.3779225218376041
2019-01-21 23:24:00,0.25966311343012194
2019-01-21 23:27:00,0.2322144211678392
2019-01-21 23:30:00,0.22921920793515937
2019-01-21 23:33:00,0.27130852918458004
2019-01-21 23:36:00,0.2357943407773746
2019-01-21 23:39:00,0.2694816392485109
2019-01-21 23:42:00,0.2254656313519945
2019-01-21 23:45:00,0.20816632717134098
2019-01-21 23:48:00,0.27980865849451675
2019-01-21 23:51:00,0.20870127814805528
2019-01-21 23:54:00,0.17530694453114393
2019-01-21 23:57:00,0.14897618313875682
2019-01-22 00:00:00,0.2029673453384362
2019-01-22 00:03:00,0.2613154940868867
2019-01-22 00:06:00,0.2323978730868248
2019-01-22 00:09:00,0.2547139527967488
2019-01-22 00:12:00,0.3277234336139827
2019-01-22 00:15:00,0.2528894989558239
2019-01-22 00:18:00,0.21074000249660685
2019-01-22 00:21:00,0.2515302744300243
2019-01-22 00:24:00,0.21445545591075188
2019-01-22 00:27:00,0.21776024337481203
2019-01-22 00:30:00,0.13404862746665458
2019-01-22 00:33:00,0.18536248180356552
2019-01-22 00:36:00,0.1895089911940886
2019-01-22 00:39:00,0.11837734025510827
2019-01-22 00:42:00,0.07648883838658094
2019-01-22 00:45:00,0.21156150821542496
2019-01-22 00:48:00,0.10637491996618564
2019-01-22 00:51:00,0.15870937598981527
2019-01-22 00:54:00,0.14740155636758345
2019-01-22 00:57:00,0.16704759374727018
2019-01-22 01:00:00,0.24238054230869466
2019-01-22 01:03:00,0.23800725403214074
2019-01-22 01:06:00,0.16378219327884835
2019-01-22 01:09:00,0.10410522771036312
2019-01-22 01:12:00,0.13817494458106694
2019-01-22 01:15:00,0.1495372803614714
2019-01-22 01:18:00,0.16431069702071
2019-01-22 01:21:00,0.10454559558360188
2019-01-22 01:24:00,0.15566436418845342
2019-01-22 01:27:00,0.18910780212610234
2019-01-22 01:30:00,0.21356787805399335
2019-01-22 01:33:00,0.14221360734273958
2019-01-22 01:36:00,0.22370413629897712
2019-01-22 01:39:00,0.14182347228279468
2019-01-22 01:42:00,0.23414786527291653
2019-01-22 01:45:00,0.17834860032087363
2019-01-22 01:48:00,0.20062807583775566
2019-01-22 01:51:00,0.20734466015056796
2019-01-22 01:54:00,0.24592164605314792
2019-01-22 01:57:00,0.1712372706489873
2019-01-22 02:00:00,0.14034866014839054
2019-01-22 02:03:00,0.2489259494674343
2019-01-22 02:06:00,0.23109239872991338
2019-01-22 02:09:00,0.1722548939075068
2019-01-22 02:12:00,0.17847703790852165
2019-01-22 02:15:00,0.19060880863401053
2019-01-22 02:18:00,0.13645509920581844
2019-01-22 02:21:00,0.18603868882041752
2019-01-22 02:24:00,0.19713982761777515
2019-01-22 02:27:00,0.10400821608880051
2019-01-22 02:30:00,0.1376220427367798
2019-01-22 02:33:00,0.31745366886116244
2019-01-22 02:36:00,0.18214622115880275
2019-01-22 02:39:00,0.2514191418776477
2019-01-22 02:42:00,0.3024175580298447
2019-01-22 02:45:00,0.2309480582184733
2019-01-22 02:48:00,0.17036808940588344
2019-01-22 02:51:00,0.13979954976582576
2019-01-22 02:54:00,0.32924488342985114
2019-01-22 02:57:00,0.20031524695156122
2019-01-22 03:00:00,0.26229240831986544
2019-01-22 03:03:00,0.23643197789067472
2019-01-22 03:06:00,0.17672683655274568
2019-01-22 03:09:00,0.20505972095622838
2019-01-22 03:12:00,0.24570241498190626
2019-01-22 03:15:00,0.22565401601440271
2019-01-22 03:18:00,0.23492792178166155
2019-01-22 03:21:00,0.2511893542095436
2019-01-22 03:24:00,0.23409406272912747
2019-01-22 03:27:00,0.2853668012936055
2019-01-22 03:30:00,0.2555922979839238
2019-01-22 03:33:00,0.21182727247486355
2019-01-22 03:36:00,0.14479429240572017
2019-01-22 03:39:00,0.18123228875271025
2019-01-22 03:42:00,0.21526464280418622
2019-01-22 03:45:00,0.1975058993095331
2019-01-22 03:48:00,0.23103205244848368
2019-01-22 03:51:00,0.20290990610766357
2019-01-22 03:54:00,0.316739814621144
2019-01-22 03:57:00,0.23175193353137047
2019-01-22 04:00:00,0.17996392802223227
2019-01-22 04:03:00,0.2866274849229171
2019-01-22 04:06:00,0.18405413618376087
2019-01-22 04:09:00,0.26278233455184363
2019-01-22 04:12:00,0.20268390840396933
2019-01-22 04:15:00,0.27862178855758657
2019-01-22 04:18:00,0.273342068667489
2019-01-22 04:21:00,0.3165506931609343
2019-01-22 04:24:00,0.2824915207218055
2019-01-22 04:27:00,0.262689773239174
2019-01-22 04:30:00,0.34878005822923797
2019-01-22 04:33:00,0.29453891050280845
2019-01-22 04:36:00,0.31146731262236926
2019-01-22 04:39:00,0.3809767943118345
2019-01-22 04:42:00,0.30009975226141705
2019-01-22 04:45:00,0.3324623083786946
2019-01-22 04:48:00,0.35841369779035404
2019-01-22 04:51:00,0.3020244809861765
2019-01-22 04:54:00,0.3368846600275788
2019-01-22 04:57:00,0.320100048197844
2019-01-22 05:00:00,0.36035045488756623
2019-01-22 05:03:00,0.289326738301952
2019-01-22 05:06:00,0.24964449112064813
2019-01-22 05:09:00,0.344244177474593
2019-01-22 05:12:00,0.3187297919787966
2019-01-22 05:15:00,0.1878425306556437
2019-01-22 05:18:00,0.3175499056835065
2019-01-22 05:21:00,0.29036678808455463
2019-01-22 05:24:00,0.29258842179524436
2019-01-22 05:27:00,0.27662392240597455
2019-01-22 05:30:00,0.22817684653932702
2019-01-22 05:33:00,0.3844052177030335
2019-01-22 05:36:00,0.22271256703493236
2019-01-22 05:39:00,0.26178562430334296
2019-01-22 05:42:00,0.27970503671758706
2019-01-22 05:45:00,0.15306452746438026
2019-01-22 05:48:00,0.29712565209956665
2019-01-22 05:51:00,0.29838025415500624
2019-01-22 05:54:00,0.29960447395922074
2019-01-22 05:57:00,0.2619206345620455
2019-01-22 06:00:00,0.15460388121948654
2019-01-22 06:03:00,0.2225677860337214
2019-01-22 06:06:00,0.2689568446062367
2019-01-22 06:09:00,0.2820605408775805
2019-01-22 06:12:00,0.2174845971625814
2019-01-22 06:15:00,0.29596171604652
2019-01-22 06:18:00,0.19165834422102535
2019-01-22 06:21:00,0.291124545292746
2019-01-22 06:24:00,0.2595580720231965
2019-01-22 06:27:00,0.17230753842130753
2019-01-22 06:30:00,0.1847804673904534
2019-01-22 06:33:00,0.2547100066644248
2019-01-22 06:36:00,0.27427081341215853
2019-01-22 06:39:00,0.23031746797499864
2019-01-22 06:42:00,0.18453299855502792
2019-01-22 06:45:00,0.2322735102559932
2019-01-22 06:48:00,0.2060374640616942
2019-01-22 06:51:00,0.21157088499859356
2019-01-22 06:54:00,0.2145490098407663
2019-01-22 06:57:00,0.21473226446937588
2019-01-22 07:00:00,0.23441362591603365
2019-01-22 07:03:00,0.22836221631553144
2019-01-22 07:06:00,0.18435566561936412
2019-01-22 07:09:00,0.1743121958366487
2019-01-22 07:12:00,0.22938830395850118
2019-01-22 07:15:00,0.21130928232997803
2019-01-22 07:18:00,0.2947487895448262
2019-01-22 07:21:00,0.21429095549700605
2019-01-22 07:24:00,0.2512791932992968
2019-01-22 07:27:00,0.1518700179665302
2019-01-22 07:30:00,0.20421928343603213
2019-01-22 07:33:00,0.28465826244644177
2019-01-22 07:36:00,0.26617459534935506
2019-01-22 07:39:00,0.24095264184131793
2019-01-22 07:42:00,0.24631411188789798
2019-01-22 07:45:00,0.29717101212088437
2019-01-22 07:48:00,0.24329249177804968
2019-01-22 07:51:00,0.1571183348751788
2019-01-22 07:54:00,0.14700634403095592
2019-01-22 07:57:00,0.26071216567203237
2019-01-22 08:00:00,0.21724079219404757
2019-01-22 08:03:00,0.19650736443054484
2019-01-22 08:06:00,0.07343557319342153
2019-01-22 08:09:00,0.14226198638215237
2019-01-22 08:12:00,0.15521995365065777
2019-01-22 08:15:00,0.13413626104602372
2019-01-22 08:18:00,0.10028731281369119
2019-01-22 08:21:00,0.13355169893782204
2019-01-22 08:24:00,0.08460829565524364
2019-01-22 08:27:00,0.08879633505046058
2019-01-22 08:30:00,0.0807083041105443
2019-01-22 08:33:00,0.0871805717300731
2019-01-22 08:36:00,0.13158623269663394
2019-01-22 08:39:00,0.0952165323010945
2019-01-22 08:42:00,0.14516613431828773
2019-01-22 08:45:00,0.10360166388403513
2019-01-22 08:48:00,0.05700187885253172
2019-01-22 08:51:00,0.07804322609609926
2019-01-22 08:54:00,0.016669754344377452
2019-01-22 08:57:00,-0.03697360156718332
2019-01-22 09:00:00,0.11271538066665698
2019-01-22 09:03:00,0.0434047315677617
2019-01-22 09:06:00,-0.013327141475429016
2019-01-22 09:09:00,0.02930967342462054
2019-01-22 09:12:00,0.11214748232254124
2019-01-22 09:15:00,0.08070388470372336
2019-01-22 09:18:00,0.012531671496219587
2019-01-22 09:21:00,-0.0134717867845211
2019-01-22 09:24:00,-0.012234417721685986
2019-01-22 09:27:00,0.030832958315500036
2019-01-22 09:30:00,-0.06785962862727501
2019-01-22 09:33:00,-0.054628202203218734
2019-01-22 09:36:00,-0.013618403086923081
2019-01-22 09:39:00,-0.03437396757777833
2019-01-22 09:42:00,-0.021308007943105167
2019-01-22 09:45:00,-0.09551862092496322
2019-01-22 09:48:00,-0.0939133466421822
2019-01-22 09:51:00,-0.020008946375753567
2019-01-22 09:54:00,-0.05902008113321244
2019-01-22 09:57:00,-0.07034517019133091
2019-01-22 10:00:00,0.0321922657540199
2019-01-22 10:03:00,-0.033492140517353164
2019-01-22 10:06:00,-0.0846758605840705
2019-01-22 10:09:00,-0.12021115374858482
2019-01-22 10:12:00,-0.12720098383346112
2019-01-22 10:15:00,-0.12790812323549972
2019-01-22 10:18:00,-0.101729097872294
2019-01-22 10:21:00,-0.14522192949095825
2019-01-22 10:24:00,-0.09646219599301276
2019-01-22 10:27:00,-0.09718974285397053
2019-01-22 10:30:00,0.01227781385915705
2019-01-22 10:33:00,-0.0752739975769714
2019-01-22 10:36:00,-0.0641614129100958
2019-01-22 10:39:00,-0.13873260422036537
2019-01-22 10:42:00,-0.08140426592865424
2019-01-22 10:45:00,-0.11903804540213514
2019-01-22 10:48:00,-0.12127370235168655
2019-01-22 10:51:00,-0.26538078300910684
2019-01-22 10:54:00,-0.17216140227930055
2019-01-22 10:57:00,-0.14132236827367706
2019-01-22 11:00:00,-0.07331248553913383
2019-01-22 11:03:00,-0.08850405397072336
2019-01-22 11:06:00,-0.09642804077253686
2019-01-22 11:09:00,-0.046287102791325196
2019-01-22 11:12:00,-0.10974124495623983
2019-01-22 11:15:00,-0.1608391327231402
2019-01-22 11:18:00,-0.21918084537179539
2019-01-22 11:21:00,-0.17649398593709975
2019-01-22 11:24:00,-0.2201155067444347
2019-01-22 11:27:00,-0.1829667347379882
2019-01-22 11:30:00,-0.2140640991960936
2019-01-22 11:33:00,-0.29059276188507965
2019-01-22 11:36:00,-0.222114504007493
2019-01-22 11:39:00,-0.23542639226292295
2019-01-22 11:42:00,-0.2340782792025493
2019-01-22 11:45:00,-0.26030035588905776
2019-01-22 11:48:00,-0.190665381365136
2019-01-22 11:51:00,-0.2872555338503844
2019-01-22 11:54:00,-0.31679995132105887
2019-01-22 11:57:00,-0.37538166885701685
2019-01-22 12:00:00,-0.3298715448182179
2019-01-22 12:03:00,-0.26314046224553067
2019-01-22 12:06:00,-0.20497260008278317
2019-01-22 12:09:00,-0.256081977927181
2019-01-22 12:12:00,-0.23274557267569662
2019-01-22 12:15:00,-0.26663981492714584
2019-01-22 12:18:00,-0.31230886041873873
2019-01-22 12:21:00,-0.3538759861826293
2019-01-22 12:24:00,-0.34258138606958255
2019-01-22 12:27:00,-0.40797707327152466
2019-01-22 12:30:00,-0.38999606952728527
2019-01-22 12:33:00,-0.2920434417023898
2019-01-22 12:36:00,-0.27086849127294954
2019-01-22 12:39:00,-0.359149655551505
2019-01-22 12:42:00,-0.39253121849543504
2019-01-22 12:45:00,-0.27978238677701484
2019-01-22 12:48:00,-0.1987690122887784
2019-01-22 12:51:00,-0.4051715632566584
2019-01-22 12:54:00,-0.37201908111291004
2019-01-22 12:57:00,-0.43271823635399187
2019-01-22 13:00:00,-0.39141906660591985
2019-01-22 13:03:00,-0.3892746958322846
2019-01-22 13:06:00,-0.3980533378669975
2019-01-22 13:09:00,-0.3707543483840823
2019-01-22 13:12:00,-0.3961586460547437
2019-01-22 13:15:00,-0.21163472270444572
2019-01-22 13:18:00,-0.37680000584123263
2019-01-22 13:21:00,-0.3393794085051809
2019-01-22 13:24:00,-0.27287829741698033
2019-01-22 13:27:00,-0.3072250401705787
2019-01-22 13:30:00,-0.3034989195312505
2019-01-22 13:33:00,-0.2358775022967734
2019-01-22 13:36:00,-0.35447428102929734
2019-01-22 13:39:00,-0.43755062158885494
2019-01-22 13:42:00,-0.3431835601670059
2019-01-22 13:45:00,-0.3899172362393415
2019-01-22 13:48:00,-0.36490225623572314
2019-01-22 13:51:00,-0.435148016605865
2019-01-22 13:54:00,-0.38788177201308827
2019-01-22 13:57:00,-0.34002119959279753
2019-01-22 14:00:00,-0.3354471514740567
2019-01-22 14:03:00,-0.3356568908822055
2019-01-22 14:06:00,-0.35834786551220077
2019-01-22 14:09:00,-0.420906730281672
2019-01-22 14:12:00,-0.45605449651424124
2019-01-22 14:15:00,-0.35107321008166537
2019-01-22 14:18:00,-0.3868660816934266
2019-01-22 14:21:00,-0.339868961907257
2019-01-22 14:24:00,-0.4488197512531542
2019-01-22 14:27:00,-0.40638134122713154
2019-01-22 14:30:00,-0.4318524009984799
2019-01-22 14:33:00,-0.28882900374986775
2019-01-22 14:36:00,-0.39744343419192774
2019-01-22 14:39:00,-0.452107805183914
2019-01-22 14:42:00,-0.42921206428286496
2019-01-22 14:45:00,-0.30479519151805334
2019-01-22 14:48:00,-0.32868416145157653
2019-01-22 14:51:00,-0.4021425179461744
2019-01-22 14:54:00,-0.34298843900654674
2019-01-22 14:57:00,-0.29923460382821077
2019-01-22 15:00:00,-0.38569368309430274
2019-01-22 15:03:00,-0.34065692229557953
2019-01-22 15:06:00,-0.3741155776609162
2019-01-22 15:09:00,-0.4274785579602849
2019-01-22 15:12:00,-0.2840632034951227
2019-01-22 15:15:00,-0.3280432053539357
2019-01-22 15:18:00,-0.443222404632138
2019-01-22 15:21:00,-0.2273493998167737
2019-01-22 15:24:00,-0.3097557363393548
2019-01-22 15:27:00,-0.2617402418762822
2019-01-22 15:30:00,-0.3128967665540472
2019-01-22 15:33:00,-0.2724915143341491
2019-01-22 15:36:00,-0.4591587329667277
2019-01-22 15:39:00,-0.35518389169260445
2019-01-22 15:42:00,-0.42719903604677256
2019-01-22 15:45:00,-0.3152237288264246
2019-01-22 15:48:00,-0.37352576450473407
2019-01-22 15:51:00,-0.41577225088678915
2019-01-22 15:54:00,-0.4201681427430799
2019-01-22 15:57:00,-0.27506587953075723
2019-01-22 16:00:00,-0.3941698438149501
2019-01-22 16:03:00,-0.38757790399387204
2019-01-22 16:06:00,-0.376474046997771
2019-01-22 16:09:00,-0.36143653128152664
2019-01-22 16:12:00,-0.46208298120029667
2019-01-22 16:15:00,-0.26740762752086766
2019-01-22 16:18:00,-0.4108581984420425
2019-01-22 16:21:00,-0.3211794039221445
2019-01-22 16:24:00,-0.3184148294216129
2019-01-22 16:27:00,-0.369944514303711
2019-01-22 16:30:00,-0.28622308637488914
2019-01-22 16:33:00,-0.32935094121074826
2019-01-22 16:36:00,-0.35791477335368427
2019-01-22 16:39:00,-0.34102735439711296
2019-01-22 16:42:00,-0.3420558549750581
2019-01-22 16:45:00,-0.3707944618666943
2019-01-22 16:48:00,-0.30453912015929063
2019-01-22 16:51:00,-0.4079056059565005
2019-01-22 16:54:00,-0.28197116014683843
2019-01-22 16:57:00,-0.32324811400667386
2019-01-22 17:00:00,-0.3545600353085092
2019-01-22 17:03:00,-0.2716213002178165
2019-01-22 17:06:00,-0.33087753812264964
2019-01-22 17:09:00,-0.30830335229552475
2019-01-22 17:12:00,-0.3213662186634565
2019-01-22 17:15:00,-0.31368902962771017
2019-01-22 17:18:00,-0.316638039444058
2019-01-22 17:21:00,-0.3051211250076449
2019-01-22 17:24:00,-0.2859358196220114
2019-01-22 17:27:00,-0.28929282383961663
2019-01-22 17:30:00,-0.2525408667293618
2019-01-22 17:33:00,-0.2151827077813664
2019-01-22 17:36:00,-0.33222636094455993
2019-01-22 17:39:00,-0.271122053680358
2019-01-22 17:42:00,-0.2981929186151433
2019-01-22 17:45:00,-0.3444156748711862
2019-01-22 17:48:00,-0.3007470292939729
2019-01-22 17:51:00,-0.25524023755383496
2019-01-22 17:54:00,-0.23822498225666777
2019-01-22 17:57:00,-0.24364813047026246
2019-01-22 18:00:00,-0.24233692482960123
2019-01-22 18:03:00,-0.22553511655218017
2019-01-22 18:06:00,-0.3765075251836265
2019-01-22 18:09:00,-0.22473624665332181
2019-01-22 18:12:00,-0.22777751875361218
2019-01-22 18:15:00,-0.22566041201196185
2019-01-22 18:18:00,-0.23007220229800396
2019-01-22 18:21:00,-0.1751169933789356
2019-01-22 18:24:00,-0.3388369009144867
2019-01-22 18:27:00,-0.15011460583895087
2019-01-22 18:30:00,-0.17286159885924235
2019-01-22 18:33:00,-0.2716688921750574
2019-01-22 18:36:00,-0.2911003112214985
2019-01-22 18:39:00,-0.15748701257734865
2019-01-22 18:42:00,-0.2803594781681795
2019-01-22 18:45:00,-0.22320906836256427
2019-01-22 18:48:00,-0.21546786536436002
2019-01-22 18:51:00,-0.21308107812160415
2019-01-22 18:54:00,
2019-01-22 18:57:00,
2019-01-22 19:00:00,
2019-01-22 19:03:00,-0.1620103223433489
2019-01-22 19:06:00,-0.19372203064489213
2019-01-22 19:09:00,-0.23942422087105797
2019-01-22 19:12:00,-0.2636788082580779
2019-01-22 19:15:00,-0.15717419900670393
2019-01-22 19:18:00,-0.25014075888680054
2019-01-22 19:21:00,-0.31316095917145503
2019-01-22 19:24:00,-0.24334829100536126
2019-01-22 19:27:00,-0.12138018807405615
2019-01-22 19:30:00,-0.19250711861860736
2019-01-22 19:33:00,-0.1550176518516082
2019-01-22 19:36:00,-0.10250596177371563
2019-01-22 19:39:00,-0.15794502516996545
2019-01-22 19:42:00,-0.18812776209705362
2019-01-22 19:45:00,-0.10937224004237578
2019-01-22 19:48:00,-0.012367031796486572
2019-01-22 19:51:00,-0.17627870545942415
2019-01-22 19:54:00,-0.006694295491172397
2019-01-22 19:57:00,-0.08024190991523028
2019-01-22 20:00:00,-0.03863245683066907
2019-01-22 20:03:00,-0.06900616650420943
2019-01-22 20:06:00,-0.005924796742476701
2019-01-22 20:09:00,-0.05504555309551051
2019-01-22 20:12:00,-0.09440524259753147
2019-01-22 20:15:00,-0.0408724473932125
2019-01-22 20:18:00,-0.13211722139288895
2019-01-22 20:21:00,-0.0916756120301443
2019-01-22 20:24:00,0.03585555299650878
2019-01-22 20:27:00,0.05262913834434357
2019-01-22 20:30:00,-0.060426864518092316
2019-01-22 20:33:00,-0.011622923401432672
2019-01-22 20:36:00,-0.022887671984562985
2019-01-22 20:39:00,-0.026954280868153546
2019-01-22 20:42:00,-0.10470890849859416
2019-01-22 20:45:00,-0.05615125040435487
2019-01-22 20:48:00,-0.07250195650181013
2019-01-22 20:51:00,0.01442710399516045
2019-01-22 20:54:00,-0.05904740232205086
2019-01-22 20:57:00,0.04427774443712451
2019-01-22 21:00:00,0.011317824844979896
2019-01-22 21:03:00,-0.040414593212574346
2019-01-22 21:06:00,-0.024999579296888896
2019-01-22 21:09:00,0.09181992099729541
2019-01-22 21:12:00,-0.01733112706671136
2019-01-22 21:15:00,0.06602151986419358
2019-01-22 21:18:00,0.02619534515315536
2019-01-22 21:21:00,-0.04123219604730366
2019-01-22 21:24:00,0.0715074735189205
2019-01-22 21:27:00,-0.014957379745908383
2019-01-22 21:30:00,0.12068079560788192
2019-01-22 21:33:00,0.06818618885660044
2019-01-22 21:36:00,0.04292879939936256
2019-01-22 21:39:00,0.06288913554232067
2019-01-22 21:42:00,-0.025750325021988374
2019-01-22 21:45:00,0.08926790747312907
2019-01-22 21:48:00,0.059394288755072466
2019-01-22 21:51:00,0.15387632386983796
2019-01-22 21:54:00,0.27368912877011553
2019-01-22 21:57:00,0.15985167065309724
2019-01-22 22:00:00,0.12937903791066674
2019-01-22 22:03:00,0.14661984263165095
2019-01-22 22:06:00,0.06319999606557758
2019-01-22 22:09:00,0.2563299880723662
2019-01-22 22:12:00,0.21057925069834482
2019-01-22 22:15:00,0.15020257768384226
2019-01-22 22:18:00,0.1781751099244957
2019-01-22 22:21:00,0.24035203188770993
2019-01-22 22:24:00,0.2959018749795064
2019-01-22 22:27:00,0.1811298017641434
2019-01-22 22:30:00,0.2822268911134529
2019-01-22 22:33:00,0.2590980824104463
2019-01-22 22:36:00,0.25656939358060527
2019-01-22 22:39:00,0.22197339468272048
2019-01-22 22:42:00,0.19174186346640454
2019-01-22 22:45:00,0.16292285543465823
2019-01-22 22:48:00,0.1652328575678439
2019-01-22 22:51:00,-0.008549312182253743
2019-01-22 22:54:00,0.029508922544778216
2019-01-22 22:57:00,-0.05206382397301468
2019-01-22 23:00:00,0.1103108765899492
2019-01-22 23:03:00,0.09660644056071988
2019-01-22 23:06:00,0.1505660115705041
2019-01-22 23:09:00,0.01364810863344701
2019-01-22 23:12:00,-0.014779245573322441
2019-01-22 23:15:00,0.09997338596730287
2019-01-22 23:18:00,0.1669826860765511
2019-01-22 23:21:00,0.13379365471928395
2019-01-22 23:24:00,0.15002581439620144
2019-01-22 23:27:00,-0.03388928098229371
2019-01-22 23:30:00,0.07821601480037543
2019-01-22 23:33:00,0.11683288921500434
2019-01-22 23:36:00,0.23416323202860667
2019-01-22 23:39:00,0.09177491313516839
2019-01-22 23:42:00,0.09105718001347896
2019-01-22 23:45:00,0.11412103253667283
2019-01-22 23:48:00,0.044547442926898384
2019-01-22 23:51:00,0.1417596067605018
2019-01-22 23:54:00,0.04614802757856751
2019-01-22 23:57:00,0.08595740740167912
2019-01-23 00:00:00,0.04578745867542011
2019-01-23 00:03:00,0.17324427783006513
2019-01-23 00:06:00,0.120350015733095
2019-01-23 00:09:00,0.17322400551779538
2019-01-23 00:12:00,-0.016614780876977875
2019-01-23 00:15:00,0.17735849002610848
2019-01-23 00:18:00,0.10172637082598612
2019-01-23 00:21:00,0.16390251446694037
2019-01-23 00:24:00,0.15463317846257496
2019-01-23 00:27:00,0.15803130418754563
2019-01-23 00:30:00,0.07053048129284889
2019-01-23 00:33:00,0.07159155235876824
2019-01-23 00:36:00,0.06494564283423188
2019-01-23 00:39:00,0.08874420360018576
2019-01-23 00:42:00,0.04635838629553746
2019-01-23 00:45:00,0.058692272669247814
2019-01-23 00:48:00,-0.0494332797574657
2019-01-23 00:51:00,0.0020989255364156634
2019-01-23 00:54:00,0.06942605968322368
2019-01-23 00:57:00,0.1033907071844169
2019-01-23 01:00:00,0.033339212914540894
2019-01-23 01:03:00,0.060734079570408994
2019-01-23 01:06:00,0.013517192038420944
2019-01-23 01:09:00,0.035559252232758354
2019-01-23 01:12:00,0.060949978813368944
2019-01-23 01:15:00,0.04884572876943594
2019-01-23 01:18:00,0.10106135674936922
2019-01-23 01:21:00,0.06437404392039525
2019-01-23 01:24:00,-0.05137128431505289
2019-01-23 01:27:00,0.0635901007072448
2019-01-23 01:30:00,0.100559058639476
2019-01-23 01:33:00,0.11351553914005308
2019-01-23 01:36:00,0.0797423228336811
2019-01-23 01:39:00,0.10320274009092145
2019-01-23 01:42:00,0.008026482194111395
2019-01-23 01:45:00,-0.004586864347231767
2019-01-23 01:48:00,0.02088359274398499
2019-01-23 01:51:00,0.11666066798346719
2019-01-23 01:54:00,0.03137997071416976
2019-01-23 01:57:00,0.07888734238406414
2019-01-23 02:00:00,0.17428685306430225
2019-01-23 02:03:00,-0.12059235116765876
2019-01-23 02:06:00,0.10433841443983738
2019-01-23 02:09:00,0.09811317497076288
2019-01-23 02:12:00,0.10297679483119282
2019-01-23 02:15:00,0.1425598458382069
2019-01-23 02:18:00,-0.0367907430366472
2019-01-23 02:21:00,0.07173046415243789
2019-01-23 02:24:00,0.1216773859853788
2019-01-23 02:27:00,0.010444747237784213
2019-01-23 02:30:00,-0.00976333567899701
2019-01-23 02:33:00,0.08359596943290626
2019-01-23 02:36:00,0.09296874150180656
2019-01-23 02:39:00,0.07878156430973604
2019-01-23 02:42:00,0.0705465274877497
2019-01-23 02:45:00,0.07456377159365957
2019-01-23 02:48:00,0.08788680760221723
2019-01-23 02:51:00,-0.01771443613898782
2019-01-23 02:54:00,0.1043925320808512
2019-01-23 02:57:00,0.13241166559805606
2019-01-23 03:00:00,0.14394609076197185
2019-01-23 03:03:00,0.08262835493121656
2019-01-23 03:06:00,0.09065726264174145
2019-01-23 03:09:00,0.08597751879528914
2019-01-23 03:12:00,0.11863983624959928
2019-01-23 03:15:00,0.05504883033421493
2019-01-23 03:18:00,0.103511345424522
2019-01-23 03:21:00,0.12032236540864005
2019-01-23 03:24:00,0.19030509658949768
2019-01-23 03:27:00,0.06954639365466164
2019-01-23 03:30:00,0.02656620722450498
2019-01-23 03:33:00,0.0939674579133225
2019-01-23 03:36:00,0.028191425597583475
2019-01-23 03:39:00,0.05096762528756926
2019-01-23 03:42:00,0.021244813662463002
2019-01-23 03:45:00,0.12106292373124461
2019-01-23 03:48:00,0.10375683051813667
2019-01-23 03:51:00,0.04727285463644648
2019-01-23 03:54:00,0.05774566444063112
2019-01-23 03:57:00,0.12153294334103748
2019-01-23 04:00:00,0.1591623078950306
2019-01-23 04:03:00,0.19446172297853082
2019-01-23 04:06:00,0.09508583326760345
2019-01-23 04:09:00,0.1421322947969088
2019-01-23 04:12:00,0.17847396822475048
2019-01-23 04:15:00,0.09945952776075728
2019-01-23 04:18:00,0.1286376950862973
2019-01-23 04:21:00,0.10655199635539248
2019-01-23 04:24:00,0.16872732407892954
2019-01-23 04:27:00,0.11171940217280962
2019-01-23 04:30:00,0.11122974043507838
2019-01-23 04:33:00,0.1489126642961196
2019-01-23 04:36:00,0.22922276997036306
2019-01-23 04:39:00,0.1702299704249981
2019-01-23 04:42:00,0.11028953857902479
2019-01-23 04:45:00,0.11310014913868827
2019-01-23 04:48:00,0.12994369231165592
2019-01-23 04:51:00,0.11405369056660675
2019-01-23 04:54:00,0.175024028963378
2019-01-23 04:57:00,0.15634028788724663
2019-01-23 05:00:00,0.23303974384259618
2019-01-23 05:03:00,0.2835720177139365
2019-01-23 05:06:00,0.264066475272557
2019-01-23 05:09:00,0.24000326883270873
2019-01-23 05:12:00,0.22458519040918645
2019-01-23 05:15:00,0.2445412757930967
2019-01-23 05:18:00,0.19604923407428032
2019-01-23 05:21:00,0.17931453456731106
2019-01-23 05:24:00,0.1744386654874006
2019-01-23 05:27:00,0.15258161183987795
2019-01-23 05:30:00,0.2686530862384302
2019-01-23 05:33:00,0.23787023083696113
2019-01-23 05:36:00,0.2908814081993114
2019-01-23 05:39:00,0.18969249963794255
2019-01-23 05:42:00,0.3634296185685457
2019-01-23 05:45:00,0.2187070996632201
2019-01-23 05:48:00,0.2857933943108151
2019-01-23 05:51:00,0.23763297249104198
2019-01-23 05:54:00,0.37710440136442
2019-01-23 05:57:00,0.2143751308234414
2019-01-23 06:00:00,0.24945953296099788
2019-01-23 06:03:00,0.3046451040353304
2019-01-23 06:06:00,0.2677137185687002
2019-01-23 06:09:00,0.3062317238707237
2019-01-23 06:12:00,0.276273442167394
2019-01-23 06:15:00,0.2684585729965647
2019-01-23 06:18:00,0.33572932573423486
2019-01-23 06:21:00,0.31503687027492333
2019-01-23 06:24:00,0.3594859209951551
2019-01-23 06:27:00,0.3089318891700259
2019-01-23 06:30:00,0.29727862118085113
2019-01-23 06:33:00,0.34007748166004603
2019-01-23 06:36:00,0.3848640727890711
2019-01-23 06:39:00,0.3732128054526811
2019-01-23 06:42:00,0.36134566642243726
2019-01-23 06:45:00,0.37424986440333896
2019-01-23 06:48:00,0.44349861172713645
2019-01-23 06:51:00,0.32805770282681124
2019-01-23 06:54:00,0.3359024119997116
2019-01-23 06:57:00,0.38818075013608677
2019-01-23 07:00:00,0.36472442494300594
2019-01-23 07:03:00,0.33751127164890704
2019-01-23 07:06:00,0.3381142481297843
2019-01-23 07:09:00,0.33323926596960973
2019-01-23 07:12:00,0.45459025495580363
2019-01-23 07:15:00,0.4825253682139987
2019-01-23 07:18:00,0.36422470061461354
2019-01-23 07:21:00,0.3495478333513802
2019-01-23 07:24:00,0.3994964857222385
2019-01-23 07:27:00,0.3684827168360698
2019-01-23 07:30:00,0.39748004506151347
2019-01-23 07:33:00,0.35058549259633764
2019-01-23 07:36:00,0.42470511078113304
2019-01-23 07:39:00,0.3106790614925785
2019-01-23 07:42:00,0.3070497858496424
2019-01-23 07:45:00,0.28445729691941324
2019-01-23 07:48:00,0.387845140645652
2019-01-23 07:51:00,0.3706482176796726
2019-01-23 07:54:00,0.26968222591239055
2019-01-23 07:57:00,0.3432279447875999
2019-01-23 08:00:00,0.252129393944756
2019-01-23 08:03:00,0.39490809681115024
2019-01-23 08:06:00,0.3440128120803365
2019-01-23 08:09:00,0.2570901632701066
2019-01-23 08:12:00,0.3334170946837389
2019-01-23 08:15:00,0.2622469330379431
2019-01-23 08:18:00,0.2334747556599268
2019-01-23 08:21:00,0.22171473709857992
2019-01-23 08:24:00,0.33140347993935393
2019-01-23 08:27:00,0.2622985966629585
2019-01-23 08:30:00,0.2832038719689649
2019-01-23 08:33:00,0.22381080527935637
2019-01-23 08:36:00,0.1853951920001009
2019-01-23 08:39:00,0.13470911615070236
2019-01-23 08:42:00,0.17321821749004584
2019-01-23 08:45:00,0.19473281831750455
2019-01-23 08:48:00,0.1506377924893627
2019-01-23 08:51:00,0.077497995327235
2019-01-23 08:54:00,0.006294823344944689
2019-01-23 08:57:00,0.1113387793471361
2019-01-23 09:00:00,0.12106177426801423
2019-01-23 09:03:00,0.07024553885889873
2019-01-23 09:06:00,0.018198112039499392
2019-01-23 09:09:00,0.06552835210442254
2019-01-23 09:12:00,0.09367489021872188
2019-01-23 09:15:00,0.10794730796231988
2019-01-23 09:18:00,0.0376734433218644
2019-01-23 09:21:00,0.016567179408298216
2019-01-23 09:24:00,0.05652848086879203
2019-01-23 09:27:00,-0.06296120821542672
2019-01-23 09:30:00,-0.027791042208718864
2019-01-23 09:33:00,-0.0017490421927277566
2019-01-23 09:36:00,-0.04279348626806723
2019-01-23 09:39:00,0.008011126529368084
2019-01-23 09:42:00,-0.04262223645167751
2019-01-23 09:45:00,-0.04865280026098162
2019-01-23 09:48:00,-0.059919163804977416
2019-01-23 09:51:00,-0.1301931457269916
2019-01-23 09:54:00,-0.06942802306605245
2019-01-23 09:57:00,-0.10285197218075837
2019-01-23 10:00:00,-0.1579984560687535
2019-01-23 10:03:00,-0.025466534081033387
2019-01-23 10:06:00,-0.06272749111798248
2019-01-23 10:09:00,-0.09239032220199306
2019-01-23 10:12:00,-0.16217037768285536
2019-01-23 10:15:00,-0.12590487021429908
2019-01-23 10:18:00,-0.15246261605068412
2019-01-23 10:21:00,-0.20582547139861163
2019-01-23 10:24:00,-0.18464703503860846
2019-01-23 10:27:00,-0.16961363476900715
2019-01-23 10:30:00,-0.20322768335717
2019-01-23 10:33:00,-0.2653135038430037
2019-01-23 10:36:00,-0.2241455658063387
2019-01-23 10:39:00,-0.23217656340580106
2019-01-23 10:42:00,-0.25367276659392246
2019-01-23 10:45:00,-0.29115673509005546
2019-01-23 10:48:00,-0.25184090031791584
2019-01-23 10:51:00,-0.21315391858115618
2019-01-23 10:54:00,-0.27671323304156203
2019-01-23 10:57:00,-0.22316630357209988
2019-01-23 11:00:00,-0.20997123803789464
2019-01-23 11:03:00,-0.26378322905082996
2019-01-23 11:06:00,-0.3309160138722973
2019-01-23 11:09:00,-0.35293718776898686
2019-01-23 11:12:00,-0.22547798719386947
2019-01-23 11:15:00,-0.2847440196695743
2019-01-23 11:18:00,-0.28987619478516535
2019-01-23 11:21:00,-0.29883655716616886
2019-01-23 11:24:00,-0.3265681157709537
2019-01-23 11:27:00,-0.3109159251795859
2019-01-23 11:30:00,-0.3354950897803519
2019-01-23 11:33:00,-0.32094037667388875
2019-01-23 11:36:00,-0.3072865897665338
2019-01-23 11:39:00,-0.2928372418792833
2019-01-23 11:42:00,-0.42666376411307283
2019-01-23 11:45:00,-0.3613412064160002
2019-01-23 11:48:00,-0.3511660509431067
2019-01-23 11:51:00,-0.39007029183602526
2019-01-23 11:54:00,-0.36434174786876383
2019-01-23 11:57:00,-0.3796502166239861
2019-01-23 12:00:00,-0.406133273771502
2019-01-23 12:03:00,-0.2487388657224301
2019-01-23 12:06:00,-0.49634393919046715
2019-01-23 12:09:00,-0.5128877470840507
2019-01-23 12:12:00,-0.3940002594076759
2019-01-23 12:15:00,-0.49964583119793815
2019-01-23 12:18:00,-0.49923567311168426
2019-01-23 12:21:00,-0.45829347957641176
2019-01-23 12:24:00,-0.24956990573690518
2019-01-23 12:27:00,-0.27339198458531655
2019-01-23 12:30:00,-0.2892349682620079
2019-01-23 12:33:00,-0.3850092316824316
2019-01-23 12:36:00,-0.40714251047239713
2019-01-23 12:39:00,-0.32978955307839897
2019-01-23 12:42:00,-0.4794117421810711
2019-01-23 12:45:00,-0.5013834139867868
2019-01-23 12:48:00,-0.3313673002277824
2019-01-23 12:51:00,-0.5554359740186783
2019-01-23 12:54:00,-0.27085512531596123
2019-01-23 12:57:00,-0.35069231316680316
2019-01-23 13:00:00,-0.4081585472832785
2019-01-23 13:03:00,-0.49654340240738293
2019-01-23 13:06:00,-0.46227908760755554
2019-01-23 13:09:00,-0.34383191602205443
2019-01-23 13:12:00,-0.35045651753711127
2019-01-23 13:15:00,-0.3330600294052033
2019-01-23 13:18:00,-0.3815135864483068
2019-01-23 13:21:00,-0.3951810568609062
2019-01-23 13:24:00,-0.4996268100750285
2019-01-23 13:27:00,-0.4176468998107339
2019-01-23 13:30:00,-0.41504637180599957
2019-01-23 13:33:00,-0.4782803582765496
2019-01-23 13:36:00,-0.4495063258017922
2019-01-23 13:39:00,-0.39404203981007413
2019-01-23 13:42:00,-0.3294646669059489
2019-01-23 13:45:00,-0.42358255401052247
2019-01-23 13:48:00,-0.345681353070745
2019-01-23 13:51:00,-0.4078652600450141
2019-01-23 13:54:00,-0.43527116622078665
2019-01-23 13:57:00,-0.38377955107546313
2019-01-23 14:00:00,-0.4219823445349107
2019-01-23 14:03:00,-0.2995160988955945
2019-01-23 14:06:00,-0.39549570015088875
2019-01-23 14:09:00,-0.4729278297633073
2019-01-23 14:12:00,-0.5235352173121441
2019-01-23 14:15:00,-0.46880658233988015
2019-01-23 14:18:00,-0.45157714635939783
2019-01-23 14:21:00,-0.4487199035213507
2019-01-23 14:24:00,-0.4336845782277692
2019-01-23 14:27:00,-0.4607574275260049
2019-01-23 14:30:00,-0.48859024509550864
2019-01-23 14:33:00,-0.460634872203741
2019-01-23 14:36:00,-0.46187325828907433
2019-01-23 14:39:00,-0.3996424639165639
2019-01-23 14:42:00,-0.5167243074690759
2019-01-23 14:45:00,-0.544696741494306
2019-01-23 14:48:00,-0.42681819534681154
2019-01-23 14:51:00,-0.4511649359100147
2019-01-23 14:54:00,-0.42221982672907643
2019-01-23 14:57:00,-0.3821110977008857
2019-01-23 15:00:00,-0.44221987775108573
2019-01-23 15:03:00,-0.3982990983633954
2019-01-23 15:06:00,-0.44924478813277346
2019-01-23 15:09:00,-0.47818024678406346
2019-01-23 15:12:00,-0.4409277141945722
2019-01-23 15:15:00,-0.44033033129056776
2019-01-23 15:18:00,-0.649311066372718
2019-01-23 15:21:00,-0.3840789672094047
2019-01-23 15:24:00,-0.4439349295352031
2019-01-23 15:27:00,-0.4812501006028924
2019-01-23 15:30:00,-0.48256906134446353
2019-01-23 15:33:00,-0.4968581113806181
2019-01-23 15:36:00,-0.4145083201340185
2019-01-23 15:39:00,-0.3820057427345773
2019-01-23 15:42:00,-0.3951187258891764
2019-01-23 15:45:00,-0.4403556052181443
2019-01-23 15:48:00,-0.3791010823704255
2019-01-23 15:51:00,-0.40516867516402044
2019-01-23 15:54:00,-0.3238963391371499
2019-01-23 15:57:00,-0.3457767694944778
2019-01-23 16:00:00,-0.4229535760554768
2019-01-23 16:03:00,-0.3780523469657169
2019-01-23 16:06:00,-0.38057016716408043
2019-01-23 16:09:00,-0.35601007472189394
2019-01-23 16:12:00,-0.33208347484901424
2019-01-23 16:15:00,-0.45749419457257545
2019-01-23 16:18:00,-0.43175598116147285
2019-01-23 16:21:00,-0.5433581225421449
2019-01-23 16:24:00,-0.3530970725900602
2019-01-23 16:27:00,-0.42465318678171116
2019-01-23 16:30:00,-0.29350337818959815
2019-01-23 16:33:00,-0.4475465408776813
2019-01-23 16:36:00,-0.44422592808291483
2019-01-23 16:39:00,-0.48476222141209746
2019-01-23 16:42:00,-0.28597669942035964
2019-01-23 16:45:00,-0.46481743570927847
2019-01-23 16:48:00,-0.28106407963667834
2019-01-23 16:51:00,-0.3424726242089946
2019-01-23 16:54:00,-0.41703135669376934
2019-01-23 16:57:00,-0.42267064897629325
2019-01-23 17:00:00,-0.4070342784137324
2019-01-23 17:03:00,-0.37094128214255306
2019-01-23 17:06:00,-0.4695838255339595
2019-01-23 17:09:00,-0.43892265209751713
2019-01-23 17:12:00,-0.4274944169133619
2019-01-23 17:15:00,-0.4496201099252062
2019-01-23 17:18:00,-0.39866806771948404
2019-01-23 17:21:00,-0.3697247315213872
2019-01-23 17:24:00,-0.28738564503407815
2019-01-23 17:27:00,-0.3299489565126805
2019-01-23 17:30:00,-0.3395002523713515
2019-01-23 17:33:00,-0.3818338607007945
2019-01-23 17:36:00,-0.45477315231448756
2019-01-23 17:39:00,-0.41943116981553885
2019-01-23 17:42:00,-0.3612106169643994
2019-01-23 17:45:00,-0.4070462615492261
2019-01-23 17:48:00,-0.39802920623571936
2019-01-23 17:51:00,-0.350118966702496
2019-01-23 17:54:00,-0.36515744262135286
2019-01-23 17:57:00,-0.4038445571503644
2019-01-23 18:00:00,-0.3256787310783693
2019-01-23 18:03:00,-0.23354049864292392
2019-01-23 18:06:00,-0.2553100547427789
2019-01-23 18:09:00,-0.2583542570251325
2019-01-23 18:12:00,-0.33794759499284055
2019-01-23 18:15:00,-0.2898938397605093
2019-01-23 18:18:00,-0.1988156000259096
2019-01-23 18:21:00,-0.3203065500657658
2019-01-23 18:24:00,-0.3048922407057262
2019-01-23 18:27:00,-0.38247978014834416
2019-01-23 18:30:00,-0.3349224565007489
2019-01-23 18:33:00,-0.3746560302784019
2019-01-23 18:36:00,-0.38314685706626506
2019-01-23 18:39:00,-0.3130584805617218
2019-01-23 18:42:00,-0.2969799428213946
2019-01-23 18:45:00,-0.3335427643515345
2019-01-23 18:48:00,-0.32186634155772254
2019-01-23 18:51:00,-0.335779764723668
2019-01-23 18:54:00,
2019-01-23 18:57:00,
2019-01-23 19:00:00,
2019-01-23 19:03:00,-0.2389196159955418
2019-01-23 19:06:00,-0.2917500797142907
2019-01-23 19:09:00,-0.3283206124711455
2019-01-23 19:12:00,-0.35751823446190656
2019-01-23 19:15:00,-0.2663035025642557
2019-01-23 19:18:00,-0.3788966182513036
2019-01-23 19:21:00,-0.45504080445715545
2019-01-23 19:24:00,-0.357730143173967
2019-01-23 19:27:00,-0.3589592105044517
2019-01-23 19:30:00,-0.3209510601138277
2019-01-23 19:33:00,-0.30219207128840253
2019-01-23 19:36:00,-0.20762861982996128
2019-01-23 19:39:00,-0.30932167670954414
2019-01-23 19:42:00,-0.32369810935375654
2019-01-23 19:45:00,-0.21747730364387508
2019-01-23 19:48:00,-0.22993066357196312
2019-01-23 19:51:00,-0.2692810851007721
2019-01-23 19:54:00,-0.35970293606499126
2019-01-23 19:57:00,-0.19635640171696878
2019-01-23 20:00:00,-0.12754752809939873
2019-01-23 20:03:00,-0.07332200448723825
2019-01-23 20:06:00,-0.018531984850085337
2019-01-23 20:09:00,-0.1123911808810476
2019-01-23 20:12:00,-0.07566566778251627
2019-01-23 20:15:00,-0.23122946761662888
2019-01-23 20:18:00,-0.07643693823115427
2019-01-23 20:21:00,-0.14835819829067987
2019-01-23 20:24:00,-0.1444725202016457
2019-01-23 20:27:00,0.10505574774225579
2019-01-23 20:30:00,0.03944971891559135
2019-01-23 20:33:00,0.015833316236694372
2019-01-23 20:36:00,-0.048802359942214935
2019-01-23 20:39:00,-0.007073034077734519
2019-01-23 20:42:00,-0.015599543603400434
2019-01-23 20:45:00,-0.04165059217865519
2019-01-23 20:48:00,-0.0016088677309085142
2019-01-23 20:51:00,0.0718397117007612
2019-01-23 20:54:00,0.04081311673633081
2019-01-23 20:57:00,0.07222710932654763
2019-01-23 21:00:00,0.08637415504097135
2019-01-23 21:03:00,0.1259476658613039
2019-01-23 21:06:00,0.019682330725572683
2019-01-23 21:09:00,-0.02560889688430734
2019-01-23 21:12:00,-0.004305302093996488
2019-01-23 21:15:00,-0.08101481165022051
2019-01-23 21:18:00,0.047960702390014376
2019-01-23 21:21:00,-0.05524493758690596
2019-01-23 21:24:00,0.08270521795896002
2019-01-23 21:27:00,0.050277909495719086
2019-01-23 21:30:00,0.016553399068527597
2019-01-23 21:33:00,0.1005342067529682
2019-01-23 21:36:00,0.0441764450821438
2019-01-23 21:39:00,0.016208609528121087
2019-01-23 21:42:00,-0.01107861624115003
2019-01-23 21:45:00,-0.018025883880625315
2019-01-23 21:48:00,0.07271826620109323
2019-01-23 21:51:00,-0.08589522612334122
2019-01-23 21:54:00,-0.10656081642775916
2019-01-23 21:57:00,-0.040105626599881816
2019-01-23 22:00:00,0.016525335802327845
2019-01-23 22:03:00,0.025035648962443702
2019-01-23 22:06:00,-0.07088766325239249
2019-01-23 22:09:00,-0.1382621512135529
2019-01-23 22:12:00,0.03537167989685486
2019-01-23 22:15:00,-0.009408736449017852
2019-01-23 22:18:00,-0.022993889134852452
2019-01-23 22:21:00,0.022047111499432503
2019-01-23 22:24:00,0.0019874323542694583
2019-01-23 22:27:00,-0.06196655237272353
2019-01-23 22:30:00,0.045187764920456175
2019-01-23 22:33:00,0.02877266496335551
2019-01-23 22:36:00,0.04529256260696002
2019-01-23 22:39:00,-0.015870468514094682
2019-01-23 22:42:00,0.030726079227804348
2019-01-23 22:45:00,0.09403705382277394
2019-01-23 22:48:00,0.08520521436338413
2019-01-23 22:51:00,0.10256925809420636
2019-01-23 22:54:00,0.010329063586709708
2019-01-23 22:57:00,0.1276657517842068
2019-01-23 23:00:00,0.04781313214795091
2019-01-23 23:03:00,0.11265422152723659
2019-01-23 23:06:00,0.06920002781288304
2019-01-23 23:09:00,0.1335507780269154
2019-01-23 23:12:00,-0.07195898990403293
2019-01-23 23:15:00,0.08949902659873032
2019-01-23 23:18:00,0.12516500904320083
2019-01-23 23:21:00,0.17398140332039702
2019-01-23 23:24:00,0.06903552088141396
2019-01-23 23:27:00,0.14379516344632748
2019-01-23 23:30:00,0.14141124780815062
2019-01-23 23:33:00,0.12150090895750054
2019-01-23 23:36:00,0.11467585540611935
2019-01-23 23:39:00,0.1293334443536196
2019-01-23 23:42:00,0.1113574368736181
2019-01-23 23:45:00,0.13204410144101075
2019-01-23 23:48:00,0.1463338006366257
2019-01-23 23:51:00,0.19813272023390027
2019-01-23 23:54:00,0.14522452245330442
2019-01-23 23:57:00,0.07085607572594199
2019-01-24 00:00:00,0.11551799391929762
2019-01-24 00:03:00,0.09687188037167971
2019-01-24 00:06:00,0.13085382655685862
2019-01-24 00:09:00,0.10747598703761696
2019-01-24 00:12:00,0.08148906350794505
2019-01-24 00:15:00,0.12146896825890963
2019-01-24 00:18:00,0.06006727220915309
2019-01-24 00:21:00,0.08976337269797341
2019-01-24 00:24:00,0.1144327503079694
2019-01-24 00:27:00,0.10692001564228804
2019-01-24 00:30:00,0.04281534879959281
2019-01-24 00:33:00,0.0935234699678631
2019-01-24 00:36:00,0.11417211629793655
2019-01-24 00:39:00,0.06187633604929488
2019-01-24 00:42:00,0.14040535143840316
2019-01-24 00:45:00,0.034839746844113506
2019-01-24 00:48:00,-0.036383004505182726
2019-01-24 00:51:00,0.033853760048941695
2019-01-24 00:54:00,0.003423643009512034
2019-01-24 00:57:00,0.07443455615515404
2019-01-24 01:00:00,0.11334250943383495
2019-01-24 01:03:00,0.009324233488769096
2019-01-24 01:06:00,0.012570473407322424
2019-01-24 01:09:00,0.21159469577662549
2019-01-24 01:12:00,0.11727138673518311
2019-01-24 01:15:00,0.09199008446506696
2019-01-24 01:18:00,0.1648284584010753
2019-01-24 01:21:00,0.11167101417453296
2019-01-24 01:24:00,0.11184606927554341
2019-01-24 01:27:00,0.008740342619717012
2019-01-24 01:30:00,0.08626242363004621
2019-01-24 01:33:00,0.11033743807018936
2019-01-24 01:36:00,0.11810699875394448
2019-01-24 01:39:00,0.08006692672830695
2019-01-24 01:42:00,0.11333210451113018
2019-01-24 01:45:00,0.08545635907631777
2019-01-24 01:48:00,0.16116360452059553
2019-01-24 01:51:00,0.07696122628772173
2019-01-24 01:54:00,0.0967438172558559
2019-01-24 01:57:00,0.0254700457612671
2019-01-24 02:00:00,0.026557976188428256
2019-01-24 02:03:00,0.0322941937964174
2019-01-24 02:06:00,-0.026307333731324434
2019-01-24 02:09:00,0.15668081291437375
2019-01-24 02:12:00,0.07308136486022931
2019-01-24 02:15:00,0.00040392259609234316
2019-01-24 02:18:00,0.032565581326537085
2019-01-24 02:21:00,0.08614107214879141
2019-01-24 02:24:00,0.05971478681647113
2019-01-24 02:27:00,0.12487492709573189
2019-01-24 02:30:00,0.06697643594952751
2019-01-24 02:33:00,0.1709470006123297
2019-01-24 02:36:00,0.13494185723010332
2019-01-24 02:39:00,0.09978004879531
2019-01-24 02:42:00,0.14663364605729612
2019-01-24 02:45:00,0.05683191518488684
2019-01-24 02:48:00,0.12409390034946455
2019-01-24 02:51:00,0.03953412002795176
2019-01-24 02:54:00,0.13609305891225176
2019-01-24 02:57:00,0.18422984484465132
2019-01-24 03:00:00,0.12255251496998198
2019-01-24 03:03:00,0.1973935237955402
2019-01-24 03:06:00,0.10106420972249452
2019-01-24 03:09:00,0.20375088755434945
2019-01-24 03:12:00,0.14906703134062127
2019-01-24 03:15:00,0.16418695978813957
2019-01-24 03:18:00,0.225486913313091
2019-01-24 03:21:00,0.10413036484402483
2019-01-24 03:24:00,0.14930890505377192
2019-01-24 03:27:00,0.1018378369778361
2019-01-24 03:30:00,0.10441232089442565
2019-01-24 03:33:00,0.09812222793550518
2019-01-24 03:36:00,0.17665087888900644
2019-01-24 03:39:00,0.12947613055786178
2019-01-24 03:42:00,0.18353709061040036
2019-01-24 03:45:00,0.13807536862140068
2019-01-24 03:48:00,0.07105749568455622
2019-01-24 03:51:00,0.06680733919836257
2019-01-24 03:54:00,0.07300558594880613
2019-01-24 03:57:00,0.08187370957006124
2019-01-24 04:00:00,0.168418371652308
2019-01-24 04:03:00,0.13156972284650692
2019-01-24 04:06:00,0.12282744108267707
2019-01-24 04:09:00,0.13445964180635883
2019-01-24 04:12:00,0.09673560266509185
2019-01-24 04:15:00,0.14967535966513879
2019-01-24 04:18:00,0.16488938759897565
2019-01-24 04:21:00,0.1830362149701159
2019-01-24 04:24:00,0.15325516842034403
2019-01-24 04:27:00,0.14230113970688762
2019-01-24 04:30:00,0.16178259933866457
2019-01-24 04:33:00,0.10025966562238864
2019-01-24 04:36:00,0.08965866746348183
2019-01-24 04:39:00,0.11933680779583256
2019-01-24 04:42:00,0.13331013957753157
2019-01-24 04:45:00,0.14958102025605058
2019-01-24 04:48:00,0.07950702150299094
2019-01-24 04:51:00,0.16644051538980875
2019-01-24 04:54:00,0.20697504443546677
2019-01-24 04:57:00,0.1175475011119147
2019-01-24 05:00:00,0.20656790407502967
2019-01-24 05:03:00,0.1862844464870932
2019-01-24 05:06:00,0.20537339741531468
2019-01-24 05:09:00,0.13239003488143908
2019-01-24 05:12:00,0.1443221811271087
2019-01-24 05:15:00,0.02682595667346277
2019-01-24 05:18:00,0.15003865945976713
2019-01-24 05:21:00,0.10473129876271514
2019-01-24 05:24:00,0.13144876970005726
2019-01-24 05:27:00,0.12435872811835225
2019-01-24 05:30:00,0.10680559340858053
2019-01-24 05:33:00,0.086937120482105
2019-01-24 05:36:00,0.08326878572148644
2019-01-24 05:39:00,0.20343942641227386
2019-01-24 05:42:00,0.2566181471950699
2019-01-24 05:45:00,0.20211462174501094
2019-01-24 05:48:00,0.2542968150108891
2019-01-24 05:51:00,0.20443642631846615
2019-01-24 05:54:00,0.2503407571724665
2019-01-24 05:57:00,0.23426349687127868
2019-01-24 06:00:00,0.2215547839684291
2019-01-24 06:03:00,0.21252002027642902
2019-01-24 06:06:00,0.26240336229869854
2019-01-24 06:09:00,0.2625816504552745
2019-01-24 06:12:00,0.3003331509001441
2019-01-24 06:15:00,0.33053494914247494
2019-01-24 06:18:00,0.26918293128528603
2019-01-24 06:21:00,0.3746834212490171
2019-01-24 06:24:00,0.2948444933431347
2019-01-24 06:27:00,0.34201821899483775
2019-01-24 06:30:00,0.364554851869741
2019-01-24 06:33:00,0.4156199439801185
2019-01-24 06:36:00,0.3362624742155731
2019-01-24 06:39:00,0.31348769368918283
2019-01-24 06:42:00,0.3605534417727654
2019-01-24 06:45:00,0.3353623592034296
2019-01-24 06:48:00,0.2732639293382704
2019-01-24 06:51:00,0.3553316484587299
2019-01-24 06:54:00,0.3305886335352852
2019-01-24 06:57:00,0.27805181346298014
2019-01-24 07:00:00,0.2912002245095664
2019-01-24 07:03:00,0.30359283308308704
2019-01-24 07:06:00,0.23305275689000382
2019-01-24 07:09:00,0.36785037548332866
2019-01-24 07:12:00,0.35489795153279147
2019-01-24 07:15:00,0.22653025907516167
2019-01-24 07:18:00,0.30101510382661445
2019-01-24 07:21:00,0.25898373966754207
2019-01-24 07:24:00,0.29046637686650456
2019-01-24 07:27:00,0.28089986119545074
2019-01-24 07:30:00,0.2653973961499787
2019-01-24 07:33:00,0.27295960776802985
2019-01-24 07:36:00,0.34281701372037787
2019-01-24 07:39:00,0.30392667876571977
2019-01-24 07:42:00,0.3481218850782284
2019-01-24 07:45:00,0.35015339538909984
2019-01-24 07:48:00,0.1857912906480692
2019-01-24 07:51:00,0.300631248381535
2019-01-24 07:54:00,0.3676987408539958
2019-01-24 07:57:00,0.24944041023690033
2019-01-24 08:00:00,0.32247840515958615
2019-01-24 08:03:00,0.12366428752039837
2019-01-24 08:06:00,0.2780145633767006
2019-01-24 08:09:00,0.27063919561720695
2019-01-24 08:12:00,0.21021833515061417
2019-01-24 08:15:00,0.22410273488674193
2019-01-24 08:18:00,0.2758820789674701
2019-01-24 08:21:00,0.22845180618185168
2019-01-24 08:24:00,0.169389214282603
2019-01-24 08:27:00,0.1479019849379597
2019-01-24 08:30:00,0.2568397992906739
2019-01-24 08:33:00,0.1153253943823529
2019-01-24 08:36:00,0.2336767935785815
2019-01-24 08:39:00,0.20433939731628925
2019-01-24 08:42:00,0.1490156401563354
2019-01-24 08:45:00,0.26775739220619243
2019-01-24 08:48:00,0.20607069676816536
2019-01-24 08:51:00,0.17712624204727945
2019-01-24 08:54:00,0.24114669867043403
2019-01-24 08:57:00,0.21870830800634167
2019-01-24 09:00:00,0.2852688632021909
2019-01-24 09:03:00,0.11399876533806719
2019-01-24 09:06:00,0.1565286750371797
2019-01-24 09:09:00,0.15055792993376826
2019-01-24 09:12:00,0.050553834828633626
2019-01-24 09:15:00,0.22360558911299222
2019-01-24 09:18:00,0.1137610923181569
2019-01-24 09:21:00,0.021413642882521344
2019-01-24 09:24:00,0.07021426691193255
2019-01-24 09:27:00,0.07592189239812797
2019-01-24 09:30:00,0.0955976428485883
2019-01-24 09:33:00,0.12876851503892794
2019-01-24 09:36:00,-0.023770569918553974
2019-01-24 09:39:00,0.0007783393522799997
2019-01-24 09:42:00,-0.0007655908781316612
2019-01-24 09:45:00,0.04040440523760935
2019-01-24 09:48:00,-0.004340864400035116
2019-01-24 09:51:00,-0.05911286432979068
2019-01-24 09:54:00,-0.11125734643468377
2019-01-24 09:57:00,0.044227345422882536
2019-01-24 10:00:00,0.09729710666516667
2019-01-24 10:03:00,-0.021570448108604978
2019-01-24 10:06:00,-0.0013033803442681346
2019-01-24 10:09:00,-0.0366172639065212
2019-01-24 10:12:00,-0.07994297889376867
2019-01-24 10:15:00,0.009352685382339132
2019-01-24 10:18:00,-0.1372400203068196
2019-01-24 10:21:00,-0.12633714286721442
2019-01-24 10:24:00,-0.13958218387733723
2019-01-24 10:27:00,-0.09345180501378536
2019-01-24 10:30:00,-0.20313827941441787
2019-01-24 10:33:00,-0.020091498040983424
2019-01-24 10:36:00,-0.20651782542159935
2019-01-24 10:39:00,-0.2605462423883296
2019-01-24 10:42:00,-0.05210860342799606
2019-01-24 10:45:00,-0.18023520418472572
2019-01-24 10:48:00,-0.14805767102814116
2019-01-24 10:51:00,-0.1097885755497714
2019-01-24 10:54:00,-0.18552056665203054
2019-01-24 10:57:00,-0.17983285083306555
2019-01-24 11:00:00,-0.1939342828802637
2019-01-24 11:03:00,-0.1824590002210016
2019-01-24 11:06:00,-0.24053892145815325
2019-01-24 11:09:00,-0.32481187124784583
2019-01-24 11:12:00,-0.31743372608752907
2019-01-24 11:15:00,-0.26368845211305825
2019-01-24 11:18:00,-0.37072492455922657
2019-01-24 11:21:00,-0.27415151554458816
2019-01-24 11:24:00,-0.26071209470973145
2019-01-24 11:27:00,-0.26811567582666385
2019-01-24 11:30:00,-0.3677708869391836
2019-01-24 11:33:00,-0.34306445946293707
2019-01-24 11:36:00,-0.27564628303724703
2019-01-24 11:39:00,-0.284560704889941
2019-01-24 11:42:00,-0.288381791319523
2019-01-24 11:45:00,-0.41388486087066667
2019-01-24 11:48:00,-0.36299262348399
2019-01-24 11:51:00,-0.3459269063208694
2019-01-24 11:54:00,-0.37390604987922416
2019-01-24 11:57:00,-0.3973035374316396
2019-01-24 12:00:00,-0.30988249034413684
2019-01-24 12:03:00,-0.41796974487476746
2019-01-24 12:06:00,-0.40712257861474654
2019-01-24 12:09:00,-0.399540224334487
2019-01-24 12:12:00,-0.36346014399447313
2019-01-24 12:15:00,-0.31363636902540293
2019-01-24 12:18:00,-0.4031666775631493
2019-01-24 12:21:00,-0.2905896328364861
2019-01-24 12:24:00,-0.3550634925656482
2019-01-24 12:27:00,-0.4435912004948932
2019-01-24 12:30:00,-0.45842327207645894
2019-01-24 12:33:00,-0.5059173486461646
2019-01-24 12:36:00,-0.4969067238757816
2019-01-24 12:39:00,-0.30721417154251185
2019-01-24 12:42:00,-0.35022646574873306
2019-01-24 12:45:00,-0.4501370988620579
2019-01-24 12:48:00,-0.31844465876423556
2019-01-24 12:51:00,-0.33720299146398247
2019-01-24 12:54:00,-0.35854008672157534
2019-01-24 12:57:00,-0.3995729607824501
2019-01-24 13:00:00,-0.32370763085191356
2019-01-24 13:03:00,-0.5006056861877823
2019-01-24 13:06:00,-0.39136206675306084
2019-01-24 13:09:00,-0.4205159406830603
2019-01-24 13:12:00,-0.42138099876655133
2019-01-24 13:15:00,-0.2821550201554146
2019-01-24 13:18:00,-0.3739621298271345
2019-01-24 13:21:00,-0.37064512981851294
2019-01-24 13:24:00,-0.46075397684910513
2019-01-24 13:27:00,-0.42586879602589534
2019-01-24 13:30:00,-0.47253317528605976
2019-01-24 13:33:00,-0.38371291152873255
2019-01-24 13:36:00,-0.45941089458796114
2019-01-24 13:39:00,-0.42071516580995194
2019-01-24 13:42:00,-0.4261622105801166
2019-01-24 13:45:00,-0.4591714404618301
2019-01-24 13:48:00,-0.40630908890125284
2019-01-24 13:51:00,-0.4925366639431559
2019-01-24 13:54:00,-0.420505485492356
2019-01-24 13:57:00,-0.4829368933771434
2019-01-24 14:00:00,-0.38581464366205864
2019-01-24 14:03:00,-0.5087635411930478
2019-01-24 14:06:00,-0.4972936399370269
2019-01-24 14:09:00,-0.3472131705971151
2019-01-24 14:12:00,-0.3093181165095302
2019-01-24 14:15:00,-0.32905093827679366
2019-01-24 14:18:00,-0.23495732073052977
2019-01-24 14:21:00,-0.2998533658682163
2019-01-24 14:24:00,-0.3795821187345041
2019-01-24 14:27:00,-0.32646879022610165
2019-01-24 14:30:00,-0.4537611097999843
2019-01-24 14:33:00,-0.5498946992902916
2019-01-24 14:36:00,-0.404816994937903
2019-01-24 14:39:00,-0.3385986543937065
2019-01-24 14:42:00,-0.4978952537837813
2019-01-24 14:45:00,-0.35225791562675113
2019-01-24 14:48:00,-0.34591853042536513
2019-01-24 14:51:00,-0.4032824692275767
2019-01-24 14:54:00,-0.2804623168792659
2019-01-24 14:57:00,-0.33112667076858315
2019-01-24 15:00:00,-0.37186476332408347
2019-01-24 15:03:00,-0.450321769636048
2019-01-24 15:06:00,-0.4600298198104156
2019-01-24 15:09:00,-0.39740874081064703
2019-01-24 15:12:00,-0.3433953690390581
2019-01-24 15:15:00,-0.366202354911934
2019-01-24 15:18:00,-0.3920096880420374
2019-01-24 15:21:00,-0.475002904216808
2019-01-24 15:24:00,-0.2693051175018013
2019-01-24 15:27:00,-0.34538800876754294
2019-01-24 15:30:00,-0.33212962164958526
2019-01-24 15:33:00,-0.345496752637132
2019-01-24 15:36:00,-0.3666346544147814
2019-01-24 15:39:00,-0.3112480024366846
2019-01-24 15:42:00,-0.2922220797904629
2019-01-24 15:45:00,-0.23282874705489576
2019-01-24 15:48:00,-0.3932527530099037
2019-01-24 15:51:00,-0.30054124333355503
2019-01-24 15:54:00,-0.39385690130444573
2019-01-24 15:57:00,-0.4092744902693539
2019-01-24 16:00:00,-0.2883387988758841
2019-01-24 16:03:00,-0.31226837742542557
2019-01-24 16:06:00,-0.22414767248619683
2019-01-24 16:09:00,-0.3619258942115948
2019-01-24 16:12:00,-0.30180232682289443
2019-01-24 16:15:00,-0.27533076619465646
2019-01-24 16:18:00,-0.3299075707304837
2019-01-24 16:21:00,-0.3169631410159468
2019-01-24 16:24:00,-0.39897729037107865
2019-01-24 16:27:00,-0.3952479021753561
2019-01-24 16:30:00,-0.5252115860596973
2019-01-24 16:33:00,-0.5591980660867648
2019-01-24 16:36:00,-0.4753467625462804
2019-01-24 16:39:00,-0.5267966117576748
2019-01-24 16:42:00,-0.5168230618794496
2019-01-24 16:45:00,-0.3998034590281918
2019-01-24 16:48:00,-0.4242127406615168
2019-01-24 16:51:00,-0.40641567540842516
2019-01-24 16:54:00,-0.44147081110861564
2019-01-24 16:57:00,-0.3982659959281136
2019-01-24 17:00:00,-0.3958825930590706
2019-01-24 17:03:00,-0.4430481725793811
2019-01-24 17:06:00,-0.4562053515717821
2019-01-24 17:09:00,-0.4658864812058141
2019-01-24 17:12:00,-0.35856260237312654
2019-01-24 17:15:00,-0.4822986642139995
2019-01-24 17:18:00,-0.47128506582572527
2019-01-24 17:21:00,-0.4773176320350103
2019-01-24 17:24:00,-0.32931759460058174
2019-01-24 17:27:00,-0.36270185890168705
2019-01-24 17:30:00,-0.49071938602600085
2019-01-24 17:33:00,-0.3941592422119129
2019-01-24 17:36:00,-0.4341868433251648
2019-01-24 17:39:00,-0.30877072373243664
2019-01-24 17:42:00,-0.4700875501913515
2019-01-24 17:45:00,-0.5292911344592994
2019-01-24 17:48:00,-0.3913719996986629
2019-01-24 17:51:00,-0.45244886720172417
2019-01-24 17:54:00,-0.43754933887800007
2019-01-24 17:57:00,-0.45326362551173816
2019-01-24 18:00:00,-0.34349823662813606
2019-01-24 18:03:00,-0.427621286779754
2019-01-24 18:06:00,-0.4497470629410145
2019-01-24 18:09:00,-0.4194968676011399
2019-01-24 18:12:00,-0.3477804589778657
2019-01-24 18:15:00,-0.3879614891136498
2019-01-24 18:18:00,-0.39319225302199357
2019-01-24 18:21:00,-0.3104922361604281
2019-01-24 18:24:00,-0.32383855069559786
2019-01-24 18:27:00,-0.3261467308150827
2019-01-24 18:30:00,-0.3359129037499997
2019-01-24 18:33:00,-0.4040501624952526
2019-01-24 18:36:00,-0.3982559120442488
2019-01-24 18:39:00,-0.3498914422323196
2019-01-24 18:42:00,-0.2192643086744397
2019-01-24 18:45:00,-0.14197804118026625
2019-01-24 18:48:00,-0.24420722795559868
2019-01-24 18:51:00,-0.19789680434024604
2019-01-24 18:54:00,-0.24483129681465243
2019-01-24 18:57:00,-0.2829199439786976
2019-01-24 19:00:00,-0.22127784099888004
2019-01-24 19:03:00,-0.1763632002953841
2019-01-24 19:06:00,-0.11228306489766737
2019-01-24 19:09:00,-0.09764667362861701
2019-01-24 19:12:00,-0.19813572068107987
2019-01-24 19:15:00,-0.20456249213111732
2019-01-24 19:18:00,-0.23451518516009173
2019-01-24 19:21:00,-0.2052398481237674
2019-01-24 19:24:00,-0.13300495522685196
2019-01-24 19:27:00,-0.08515037233814837
2019-01-24 19:30:00,-0.11899892190115224
2019-01-24 19:33:00,-0.1454554725609114
2019-01-24 19:36:00,-0.14840042912726403
2019-01-24 19:39:00,-0.10631863134369723
2019-01-24 19:42:00,-0.17486689926585086
2019-01-24 19:45:00,-0.07333846567917135
2019-01-24 19:48:00,-0.062195531077804844
2019-01-24 19:51:00,-0.06789652193009488
2019-01-24 19:54:00,-0.07391509038006916
2019-01-24 19:57:00,-0.12993521695250365
2019-01-24 20:00:00,-0.12526909630946648
2019-01-24 20:03:00,-0.16041584155658484
2019-01-24 20:06:00,-0.1404005207996306
2019-01-24 20:09:00,-0.21625372938757437
2019-01-24 20:12:00,-0.05103066468615225
2019-01-24 20:15:00,-0.06891756156846895
2019-01-24 20:18:00,-0.1583318659297106
2019-01-24 20:21:00,-0.13967310741975325
2019-01-24 20:24:00,-0.12429696237757071
2019-01-24 20:27:00,-0.061834789658178124
2019-01-24 20:30:00,-0.1574441767342023
2019-01-24 20:33:00,-0.014083113612855414
2019-01-24 20:36:00,-0.06884987971750434
2019-01-24 20:39:00,-0.11840160876170103
2019-01-24 20:42:00,-0.10589847684121878
2019-01-24 20:45:00,-0.12037886621931193
2019-01-24 20:48:00,-0.05909541532747653
2019-01-24 20:51:00,-0.08975307749807371
2019-01-24 20:54:00,0.019279086234860188
2019-01-24 20:57:00,-0.04112984979030898
2019-01-24 21:00:00,-0.09318022877567955
2019-01-24 21:03:00,0.025319053889518273
2019-01-24 21:06:00,-0.039119282017622936
2019-01-24 21:09:00,-0.04296350766958312
2019-01-24 21:12:00,-0.012576098595445728
2019-01-24 21:15:00,-0.05614403186461914
2019-01-24 21:18:00,0.05443135287748646
2019-01-24 21:21:00,-0.023802242339570512
2019-01-24 21:24:00,-0.12137518378506229
2019-01-24 21:27:00,0.06022870997401242
2019-01-24 21:30:00,0.047894178783678854
2019-01-24 21:33:00,-0.007269670786968163
2019-01-24 21:36:00,-0.12140523651902413
2019-01-24 21:39:00,0.03302813011805483
2019-01-24 21:42:00,-0.06279283070603014
2019-01-24 21:45:00,-0.03286840111860556
2019-01-24 21:48:00,-0.023462960844312875
2019-01-24 21:51:00,-0.04656255480955451
2019-01-24 21:54:00,-0.03915012050100586
2019-01-24 21:57:00,-0.09871158610599196
2019-01-24 22:00:00,-0.06583268694510025
2019-01-24 22:03:00,-0.036697237333669364
2019-01-24 22:06:00,-0.13174977327696524
2019-01-24 22:09:00,-0.010210282538594129
2019-01-24 22:12:00,0.05206946205640861
2019-01-24 22:15:00,-0.007457811904487244
2019-01-24 22:18:00,-0.055838662849907905
2019-01-24 22:21:00,-0.08146257529085688
2019-01-24 22:24:00,-0.07237490287212722
2019-01-24 22:27:00,0.13370884825388885
2019-01-24 22:30:00,-0.024915806561466525
2019-01-24 22:33:00,-0.027568083127391674
2019-01-24 22:36:00,0.04716300576018284
2019-01-24 22:39:00,0.062363039847923574
2019-01-24 22:42:00,0.09005341885693952
2019-01-24 22:45:00,0.08424271652972948
2019-01-24 22:48:00,-0.05524462492519433
2019-01-24 22:51:00,-0.009654841966892036
2019-01-24 22:54:00,-0.04457918817604423
2019-01-24 22:57:00,0.04645858811824155
2019-01-24 23:00:00,-0.018295430906277943
2019-01-24 23:03:00,-0.08352384899399112
2019-01-24 23:06:00,-0.008682456630879187
2019-01-24 23:09:00,-0.007097166323490001
2019-01-24 23:12:00,0.01032837917392726
2019-01-24 23:15:00,-0.009208141781300583
2019-01-24 23:18:00,0.03847651527604512
2019-01-24 23:21:00,0.00475336791924974
2019-01-24 23:24:00,0.0002930972768808715
2019-01-24 23:27:00,-0.0598542243534439
2019-01-24 23:30:00,-0.08039549300269755
2019-01-24 23:33:00,0.08703859374003287
2019-01-24 23:36:00,0.0765605007410386
2019-01-24 23:39:00,0.005428251241767157
2019-01-24 23:42:00,0.071997698751602
2019-01-24 23:45:00,0.050107361255697924
2019-01-24 23:48:00,-0.0516091376026111
2019-01-24 23:51:00,0.06270469238546639
2019-01-24 23:54:00,0.01581093332401906
2019-01-24 23:57:00,-0.007994030670261054
2019-01-25 00:00:00,-0.006570663279205746
2019-01-25 00:03:00,0.03416105908928557
2019-01-25 00:06:00,0.10434629980380805
2019-01-25 00:09:00,0.0630664918093089
2019-01-25 00:12:00,-0.04584163342116199
2019-01-25 00:15:00,0.026762196073264022
2019-01-25 00:18:00,0.04710833277721349
2019-01-25 00:21:00,1.6899952015592135e-05
2019-01-25 00:24:00,-0.01166841650723427
2019-01-25 00:27:00,0.04146511636469086
2019-01-25 00:30:00,0.013009234728599495
2019-01-25 00:33:00,-0.0015199293396221947
2019-01-25 00:36:00,0.09340823750193294
2019-01-25 00:39:00,0.026855334143874643
2019-01-25 00:42:00,-0.048386339247542764
2019-01-25 00:45:00,0.013946887918621087
2019-01-25 00:48:00,0.06002960674680935
2019-01-25 00:51:00,-0.04204708178264127
2019-01-25 00:54:00,0.019849571190832194
2019-01-25 00:57:00,0.012223950236148085
2019-01-25 01:00:00,0.05274113728364682
2019-01-25 01:03:00,0.10334567492122915
2019-01-25 01:06:00,0.10142747301307509
2019-01-25 01:09:00,0.031826811510484276
2019-01-25 01:12:00,0.009078968771177642
2019-01-25 01:15:00,0.01004068246749057
2019-01-25 01:18:00,0.07736962410660908
2019-01-25 01:21:00,-0.020845729769234822
2019-01-25 01:24:00,0.046763447467014885
2019-01-25 01:27:00,-0.011267121432808835
2019-01-25 01:30:00,0.028933213955212977
2019-01-25 01:33:00,-0.09203293140950564
2019-01-25 01:36:00,-0.05671445341323533
2019-01-25 01:39:00,-0.003211590696537314
2019-01-25 01:42:00,-0.018362323989890683
2019-01-25 01:45:00,0.04161082863231513
2019-01-25 01:48:00,-0.1149542547029796
2019-01-25 01:51:00,-0.07843480999889607
2019-01-25 01:54:00,-0.029063180901005126
2019-01-25 01:57:00,-0.05258788560411176
2019-01-25 02:00:00,-0.09663525955750174
2019-01-25 02:03:00,-0.060302812517932125
2019-01-25 02:06:00,-0.12699860282396003
2019-01-25 02:09:00,0.032500311273906846
2019-01-25 02:12:00,-0.1268875248108543
2019-01-25 02:15:00,-0.07222763332811155
2019-01-25 02:18:00,-0.04764898049523936
2019-01-25 02:21:00,-0.05905876919285902
2019-01-25 02:24:00,-0.09224161726166358
2019-01-25 02:27:00,-0.11375212672771795
2019-01-25 02:30:00,-0.043596796844724395
2019-01-25 02:33:00,-0.042489874076636625
2019-01-25 02:36:00,-0.05839549524580434
2019-01-25 02:39:00,0.04612346220966401
2019-01-25 02:42:00,-0.0656674486058364
2019-01-25 02:45:00,0.004059745724362074
2019-01-25 02:48:00,0.005905874754432716
2019-01-25 02:51:00,-0.00554102440423776
2019-01-25 02:54:00,-0.08606074835279287
2019-01-25 02:57:00,-0.03951507884698913
2019-01-25 03:00:00,0.021468108531735197
2019-01-25 03:03:00,-0.009984019555133727
2019-01-25 03:06:00,-0.02171885243149063
2019-01-25 03:09:00,-0.042634983921573166
2019-01-25 03:12:00,-0.11073202616057642
2019-01-25 03:15:00,-0.016308875847130366
2019-01-25 03:18:00,-0.03916364634039837
2019-01-25 03:21:00,0.04833134289702912
2019-01-25 03:24:00,-0.01577303041290179
2019-01-25 03:27:00,0.014783955557163608
2019-01-25 03:30:00,0.05605066868037056
2019-01-25 03:33:00,0.041183230179001384
2019-01-25 03:36:00,0.08941170562297884
2019-01-25 03:39:00,-0.03733227578499054
2019-01-25 03:42:00,-0.004865847188511907
2019-01-25 03:45:00,0.09501401680830668
2019-01-25 03:48:00,0.026461327832748793
2019-01-25 03:51:00,0.11238172943990321
2019-01-25 03:54:00,0.04787514956024097
2019-01-25 03:57:00,0.09203429463519797
2019-01-25 04:00:00,0.022615757361052147
2019-01-25 04:03:00,0.04058020369245696
2019-01-25 04:06:00,0.08514638024661281
2019-01-25 04:09:00,0.06560472675135998
2019-01-25 04:12:00,-0.0024599988549312
2019-01-25 04:15:00,0.10944791093373851
2019-01-25 04:18:00,0.1306358041294402
2019-01-25 04:21:00,0.17878830513745925
2019-01-25 04:24:00,0.07265913328467377
2019-01-25 04:27:00,0.03974555083669884
2019-01-25 04:30:00,0.06636228346127382
2019-01-25 04:33:00,0.09037877180975329
2019-01-25 04:36:00,0.016351611796551424
2019-01-25 04:39:00,0.05856111973611178
2019-01-25 04:42:00,0.03816845394430857
2019-01-25 04:45:00,-0.026629565279108647
2019-01-25 04:48:00,0.06598680986246563
2019-01-25 04:51:00,0.06859454323330283
2019-01-25 04:54:00,0.009728061468194937
2019-01-25 04:57:00,0.00809655438382606
2019-01-25 05:00:00,0.04728653800805205
2019-01-25 05:03:00,0.03826760415648778
2019-01-25 05:06:00,0.04977484295091017
2019-01-25 05:09:00,0.051099144003046604
2019-01-25 05:12:00,0.04072632402090903
2019-01-25 05:15:00,0.07310526465147404
2019-01-25 05:18:00,0.05723479760513328
2019-01-25 05:21:00,0.10566581683480081
2019-01-25 05:24:00,0.09284636243683053
2019-01-25 05:27:00,0.06372125114552318
2019-01-25 05:30:00,0.0805035787582824
2019-01-25 05:33:00,0.01789840653424335
2019-01-25 05:36:00,0.08919742096253458
2019-01-25 05:39:00,0.12110897696237544
2019-01-25 05:42:00,0.11064780897783066
2019-01-25 05:45:00,0.1516517043262411
2019-01-25 05:48:00,0.06706730139404726
2019-01-25 05:51:00,0.0986678272333279
2019-01-25 05:54:00,0.033267869060921385
2019-01-25 05:57:00,0.1211768267367006
2019-01-25 06:00:00,0.15379119302747313
2019-01-25 06:03:00,0.09053042062782879
2019-01-25 06:06:00,0.11998915315928116
2019-01-25 06:09:00,0.20002729633404215
2019-01-25 06:12:00,0.12694220044147642
2019-01-25 06:15:00,0.09672706893331906
2019-01-25 06:18:00,0.2730353060520656
2019-01-25 06:21:00,0.13083368855529898
2019-01-25 06:24:00,0.12984987321010522
2019-01-25 06:27:00,0.1994525156573559
2019-01-25 06:30:00,0.0761047028458961
2019-01-25 06:33:00,0.001504847177159263
2019-01-25 06:36:00,0.11528482023697961
2019-01-25 06:39:00,0.13937282605849077
2019-01-25 06:42:00,0.19328423464475009
2019-01-25 06:45:00,0.1804529866101916
2019-01-25 06:48:00,0.1585686960440853
2019-01-25 06:51:00,0.22935666249804854
2019-01-25 06:54:00,0.2510282070383596
2019-01-25 06:57:00,0.2416380020570159
2019-01-25 07:00:00,0.21977232234598887
2019-01-25 07:03:00,0.26743312318109247
2019-01-25 07:06:00,0.16042325520464829
2019-01-25 07:09:00,0.22534382945292464
2019-01-25 07:12:00,0.2050587965531463
2019-01-25 07:15:00,0.2388137686649543
2019-01-25 07:18:00,0.11252345001486219
2019-01-25 07:21:00,0.18205312427068066
2019-01-25 07:24:00,0.21122287288176267
2019-01-25 07:27:00,0.17748915679862876
2019-01-25 07:30:00,0.23251577936792955
2019-01-25 07:33:00,0.28235007081582353
2019-01-25 07:36:00,0.30096698821097334
2019-01-25 07:39:00,0.2972000758404647
2019-01-25 07:42:00,0.18913595710000664
2019-01-25 07:45:00,0.26527301047781293
2019-01-25 07:48:00,0.25281223270388864
2019-01-25 07:51:00,0.289901922528486
2019-01-25 07:54:00,0.2401656543208901
2019-01-25 07:57:00,0.24545191798267751
2019-01-25 08:00:00,0.22717659077324015
2019-01-25 08:03:00,0.22116907289711207
2019-01-25 08:06:00,0.1811190876881028
2019-01-25 08:09:00,0.28116155897583894
2019-01-25 08:12:00,0.17540620657479167
2019-01-25 08:15:00,0.17900412313667857
2019-01-25 08:18:00,0.08698001264957611
2019-01-25 08:21:00,0.20852349710162343
2019-01-25 08:24:00,0.18243414788116752
2019-01-25 08:27:00,0.19030953675132878
2019-01-25 08:30:00,0.14592065396487897
2019-01-25 08:33:00,0.08094540824248497
2019-01-25 08:36:00,0.18713437161733282
2019-01-25 08:39:00,0.18130121233133423
2019-01-25 08:42:00,0.10357764186647955
2019-01-25 08:45:00,0.13616813037975817
2019-01-25 08:48:00,0.18359563519129551
2019-01-25 08:51:00,0.05452227427235812
2019-01-25 08:54:00,0.07038232935707356
2019-01-25 08:57:00,0.08202330875008101
2019-01-25 09:00:00,0.05420674842378048
2019-01-25 09:03:00,0.007202183048320876
2019-01-25 09:06:00,0.034441138343481725
2019-01-25 09:09:00,0.16510371672461588
2019-01-25 09:12:00,0.06229009349567605
2019-01-25 09:15:00,-0.0008918984490833282
2019-01-25 09:18:00,0.05700682131509893
2019-01-25 09:21:00,0.1549329250948972
2019-01-25 09:24:00,0.07329969177095563
2019-01-25 09:27:00,0.1563570482408636
2019-01-25 09:30:00,0.12900532761779004
2019-01-25 09:33:00,0.04830225677062572
2019-01-25 09:36:00,0.0804676487344409
2019-01-25 09:39:00,-0.006337058649990013
2019-01-25 09:42:00,0.04142751198497763
2019-01-25 09:45:00,0.01946364451049476
2019-01-25 09:48:00,0.06072845351167189
2019-01-25 09:51:00,0.012610620835573627
2019-01-25 09:54:00,0.018391055919892096
2019-01-25 09:57:00,-0.060191748292709235
2019-01-25 10:00:00,-0.03644678455458461
2019-01-25 10:03:00,-0.02858496136946087
2019-01-25 10:06:00,-0.01721532892599953
2019-01-25 10:09:00,0.03234662004211941
2019-01-25 10:12:00,0.0302633540824786
2019-01-25 10:15:00,-0.01791406482396951
2019-01-25 10:18:00,-0.052971665363259035
2019-01-25 10:21:00,-0.04273609007429968
2019-01-25 10:24:00,-0.05893714415924478
2019-01-25 10:27:00,-0.007942456940327247
2019-01-25 10:30:00,0.04029255748872629
2019-01-25 10:33:00,-0.09465714375926382
2019-01-25 10:36:00,-0.0077898612703393155
2019-01-25 10:39:00,-0.05908952948635715
2019-01-25 10:42:00,0.0008521588335952401
2019-01-25 10:45:00,-0.059360345256834535
2019-01-25 10:48:00,0.05799360103901563
2019-01-25 10:51:00,-0.040757726365768576
2019-01-25 10:54:00,-0.061183653531543314
2019-01-25 10:57:00,-0.07547148316717767
2019-01-25 11:00:00,-0.14225342921997708
2019-01-25 11:03:00,-0.07506890505004549
2019-01-25 11:06:00,-0.06595638175457452
2019-01-25 11:09:00,-0.11105582696006877
2019-01-25 11:12:00,-0.15739754463436384
2019-01-25 11:15:00,-0.18378744137413605
2019-01-25 11:18:00,-0.1548805200149559
2019-01-25 11:21:00,-0.11525443507332511
2019-01-25 11:24:00,-0.15764868734351012
2019-01-25 11:27:00,-0.17071677313543887
2019-01-25 11:30:00,-0.0814932107535924
2019-01-25 11:33:00,-0.1437479403028874
2019-01-25 11:36:00,-0.1523419853090786
2019-01-25 11:39:00,
2019-01-25 11:42:00,
2019-01-25 11:45:00,
2019-01-25 11:48:00,-0.11042554419810813
2019-01-25 11:51:00,-0.2143846329634016
2019-01-25 11:54:00,-0.15783285537122538
2019-01-25 11:57:00,-0.13528680642616564
2019-01-25 12:00:00,-0.24719499358013763
2019-01-25 12:03:00,-0.16079666723578612
2019-01-25 12:06:00,-0.15773142651482885
2019-01-25 12:09:00,-0.26699807677897525
2019-01-25 12:12:00,-0.11763954791740616
2019-01-25 12:15:00,-0.11206860969940635
2019-01-25 12:18:00,-0.16983570275351667
2019-01-25 12:21:00,-0.18477548151849987
2019-01-25 12:24:00,-0.12436765327527155
2019-01-25 12:27:00,-0.14627827639753832
2019-01-25 12:30:00,-0.12455015731137564
2019-01-25 12:33:00,-0.14304175673078134
2019-01-25 12:36:00,-0.18241454190513195
2019-01-25 12:39:00,-0.22738634649221012
2019-01-25 12:42:00,-0.12568296445351734
2019-01-25 12:45:00,-0.23455436063755997
2019-01-25 12:48:00,-0.2075089470565672
2019-01-25 12:51:00,-0.2238024739087905
2019-01-25 12:54:00,-0.1499642283816911
2019-01-25 12:57:00,-0.19991178456797343
2019-01-25 13:00:00,-0.17689227601579205
2019-01-25 13:03:00,-0.3021835244215936
2019-01-25 13:06:00,-0.19238075835858126
2019-01-25 13:09:00,-0.18534840727971869
2019-01-25 13:12:00,-0.1601754519148244
2019-01-25 13:15:00,-0.26200176510815254
2019-01-25 13:18:00,-0.16680797796067282
2019-01-25 13:21:00,-0.2907694695964551
2019-01-25 13:24:00,-0.20673350493336784
2019-01-25 13:27:00,-0.15154644448142562
2019-01-25 13:30:00,-0.2889807579300623
2019-01-25 13:33:00,-0.1866347253206868
2019-01-25 13:36:00,-0.2786174526845002
2019-01-25 13:39:00,-0.2711960293029847
2019-01-25 13:42:00,-0.30948374280023927
2019-01-25 13:45:00,-0.3640936866312927
2019-01-25 13:48:00,-0.2736016435139845
2019-01-25 13:51:00,-0.31339772524313503
2019-01-25 13:54:00,-0.33212410317617014
2019-01-25 13:57:00,-0.2664025363609994
2019-01-25 14:00:00,-0.2775132940220715
2019-01-25 14:03:00,-0.28376763768210367
2019-01-25 14:06:00,-0.3177120797515727
2019-01-25 14:09:00,-0.26471080958708626
2019-01-25 14:12:00,-0.28182908751142577
2019-01-25 14:15:00,-0.29359514818401067
2019-01-25 14:18:00,-0.29114347032827936
2019-01-25 14:21:00,-0.2675079026069511
2019-01-25 14:24:00,-0.2140319105551498
2019-01-25 14:27:00,-0.2464997369229991
2019-01-25 14:30:00,-0.28816532050120713
2019-01-25 14:33:00,-0.21805361230195786
2019-01-25 14:36:00,-0.2793787783821813
2019-01-25 14:39:00,-0.3014225536804247
2019-01-25 14:42:00,-0.2953160265560655
2019-01-25 14:45:00,-0.29182417119176307
2019-01-25 14:48:00,-0.2945653084250921
2019-01-25 14:51:00,-0.20110294072526358
2019-01-25 14:54:00,-0.30013026238543716
2019-01-25 14:57:00,-0.3978334492631461
2019-01-25 15:00:00,-0.2302080953174368
2019-01-25 15:03:00,-0.18445298347381822
2019-01-25 15:06:00,-0.3272865295201086
2019-01-25 15:09:00,-0.2665083809912403
2019-01-25 15:12:00,-0.37514012123722296
2019-01-25 15:15:00,-0.3305223893908078
2019-01-25 15:18:00,-0.27911764058302424
2019-01-25 15:21:00,-0.24559632274963406
2019-01-25 15:24:00,-0.3055236021014025
2019-01-25 15:27:00,-0.32085873351798
2019-01-25 15:30:00,-0.3127190368223296
2019-01-25 15:33:00,-0.295871333271009
2019-01-25 15:36:00,-0.3680440285875761
2019-01-25 15:39:00,-0.2755887621088391
2019-01-25 15:42:00,-0.28434788987021875
2019-01-25 15:45:00,-0.17099342923791028
2019-01-25 15:48:00,-0.16583306093519923
2019-01-25 15:51:00,-0.23142875993744383
2019-01-25 15:54:00,-0.29500317876352256
2019-01-25 15:57:00,-0.29165346761686806
2019-01-25 16:00:00,-0.3339843887053462
2019-01-25 16:03:00,-0.27008359593679643
2019-01-25 16:06:00,-0.29103369538671586
2019-01-25 16:09:00,-0.20285515422705203
2019-01-25 16:12:00,-0.25932142660604995
2019-01-25 16:15:00,-0.35478707963591205
2019-01-25 16:18:00,-0.3839775201110456
2019-01-25 16:21:00,-0.29209539330753387
2019-01-25 16:24:00,-0.4068653003678264
2019-01-25 16:27:00,-0.3278695229822688
2019-01-25 16:30:00,-0.33211205964755663
2019-01-25 16:33:00,-0.3106191492847188
2019-01-25 16:36:00,-0.3219451311795183
2019-01-25 16:39:00,-0.34475833909448284
2019-01-25 16:42:00,-0.3385239806690947
2019-01-25 16:45:00,-0.3766328675721411
2019-01-25 16:48:00,-0.2841332112663508
2019-01-25 16:51:00,-0.3290340701055925
2019-01-25 16:54:00,-0.2953097352428813
2019-01-25 16:57:00,-0.21891055545148674
2019-01-25 17:00:00,-0.37373282810648334
2019-01-25 17:03:00,-0.28206973349932696
2019-01-25 17:06:00,-0.3652153230920021
2019-01-25 17:09:00,-0.3678845307668439
2019-01-25 17:12:00,-0.21661647269405648
2019-01-25 17:15:00,-0.32156492095361955
2019-01-25 17:18:00,-0.27035145207247524
2019-01-25 17:21:00,-0.26891103817388284
2019-01-25 17:24:00,-0.23233372012111886
2019-01-25 17:27:00,-0.27544294913019485
2019-01-25 17:30:00,-0.16735067676637527
2019-01-25 17:33:00,-0.2697114419292461
2019-01-25 17:36:00,-0.254750463161713
2019-01-25 17:39:00,-0.20900141849597276
2019-01-25 17:42:00,-0.2549445598797888
2019-01-25 17:45:00,-0.1545432687205448
2019-01-25 17:48:00,-0.13584153670342403
2019-01-25 17:51:00,-0.12057555831864875
2019-01-25 17:54:00,-0.11122665049458647
2019-01-25 17:57:00,-0.18354817567427517
2019-01-25 18:00:00,-0.06698728326438186
2019-01-25 18:03:00,-0.1471328904380016
2019-01-25 18:06:00,-0.17476772051418266
2019-01-25 18:09:00,-0.11676946021424328
2019-01-25 18:12:00,-0.057117252319812906
2019-01-25 18:15:00,-0.10899251026057755
2019-01-25 18:18:00,-0.08942540284209599
2019-01-25 18:21:00,-0.14563881674342838
2019-01-25 18:24:00,-0.053408790365381265
2019-01-25 18:27:00,-0.07040680156910639
2019-01-25 18:30:00,-0.1042099187170038
2019-01-25 18:33:00,-0.05287520598426454
2019-01-25 18:36:00,-0.14891620790376692
2019-01-25 18:39:00,-0.09026631889986447
2019-01-25 18:42:00,-0.02997066782654656
2019-01-25 18:45:00,-0.08771634134620854
2019-01-25 18:48:00,-0.09620994251832826
2019-01-25 18:51:00,-0.02640080614787621
2019-01-25 18:54:00,
2019-01-25 18:57:00,
2019-01-25 19:00:00,
2019-01-25 19:03:00,-0.031888402879019395
2019-01-25 19:06:00,-0.12082476702551048
2019-01-25 19:09:00,-0.0606131348261556
2019-01-25 19:12:00,0.004499612159179378
2019-01-25 19:15:00,-0.029644063636737883
2019-01-25 19:18:00,0.0678298096432286
2019-01-25 19:21:00,0.015899598585860986
2019-01-25 19:24:00,0.06424594845634601
2019-01-25 19:27:00,0.04124470347045417
2019-01-25 19:30:00,0.056728425126493676
2019-01-25 19:33:00,0.10045049349469082
2019-01-25 19:36:00,0.0314201564736436
2019-01-25 19:39:00,0.08189031515070155
2019-01-25 19:42:00,0.03190135949012074
2019-01-25 19:45:00,0.07144821393887923
2019-01-25 19:48:00,0.07651055511786353
2019-01-25 19:51:00,0.02487658778977675
2019-01-25 19:54:00,0.10969153761465122
2019-01-25 19:57:00,-0.01841418268071493
2019-01-25 20:00:00,0.022745717233988216
2019-01-25 20:03:00,0.18079038204791686
2019-01-25 20:06:00,-0.002720158548811469
2019-01-25 20:09:00,-0.03232518572383469
2019-01-25 20:12:00,-0.007618868170482074
2019-01-25 20:15:00,0.06158763895410857
2019-01-25 20:18:00,0.06784367783177458
2019-01-25 20:21:00,-0.05696290750006483
2019-01-25 20:24:00,-0.00651447438087871
2019-01-25 20:27:00,0.031488611345537265
2019-01-25 20:30:00,0.034902235566050877
2019-01-25 20:33:00,0.007766715307866434
2019-01-25 20:36:00,-0.022067647348080754
2019-01-25 20:39:00,0.10349254737252522
2019-01-25 20:42:00,0.08052521396109569
2019-01-25 20:45:00,0.08166624580462667
2019-01-25 20:48:00,0.10303770917124666
2019-01-25 20:51:00,0.025341667525083267
2019-01-25 20:54:00,-0.01686472664317762
2019-01-25 20:57:00,-0.02904330641291608
2019-01-25 21:00:00,0.034663591702610574
2019-01-25 21:03:00,-0.021172550360120113
2019-01-25 21:06:00,0.010033544872555922
2019-01-25 21:09:00,0.061690596200264736
2019-01-25 21:12:00,0.008111256940992462
2019-01-25 21:15:00,-0.06099992144834232
2019-01-25 21:18:00,-0.008744572617786162
2019-01-25 21:21:00,0.09983373376923055
2019-01-25 21:24:00,0.021618372681643905
2019-01-25 21:27:00,-0.0442454872816711
2019-01-25 21:30:00,0.03750292290493462
2019-01-25 21:33:00,-0.00033007917465965875
2019-01-25 21:36:00,0.06191778926796587
2019-01-25 21:39:00,-0.06556171004433509
2019-01-25 21:42:00,-0.0011989386286472836
2019-01-25 21:45:00,0.04794240316971354
2019-01-25 21:48:00,0.02464369789970533
2019-01-25 21:51:00,-0.009255755441984093
2019-01-25 21:54:00,0.1556268407940138
2019-01-25 21:57:00,0.067281479382018
2019-01-25 22:00:00,-0.014969085133145654
2019-01-25 22:03:00,0.08224645710276945
2019-01-25 22:06:00,0.08450048555329204
2019-01-25 22:09:00,0.1529975178531231
2019-01-25 22:12:00,0.030457698064367378
2019-01-25 22:15:00,0.05178559833802865
2019-01-25 22:18:00,0.12163959643788758
2019-01-25 22:21:00,0.08567241854632357
2019-01-25 22:24:00,-0.01543145041068783
2019-01-25 22:27:00,0.0319311366531565
2019-01-25 22:30:00,0.017569177371740352
2019-01-25 22:33:00,0.05000177748667056
2019-01-25 22:36:00,0.08180530986987833
2019-01-25 22:39:00,0.09007836149356763
2019-01-25 22:42:00,0.1606478166995089
2019-01-25 22:45:00,0.02367021265860103
2019-01-25 22:48:00,-0.024352989068518127
2019-01-25 22:51:00,0.023188026785305738
2019-01-25 22:54:00,-0.006681691224912356
2019-01-25 22:57:00,0.06502828265854532
2019-01-25 23:00:00,0.0993580222011019
2019-01-25 23:03:00,0.09067620433688717
2019-01-25 23:06:00,0.12334813772599773
2019-01-25 23:09:00,0.05362546528732537
2019-01-25 23:12:00,0.0521265958643653
2019-01-25 23:15:00,0.1305096886014212
2019-01-25 23:18:00,0.11536181973724524
2019-01-25 23:21:00,0.14343366543209868
2019-01-25 23:24:00,0.13355758788236471
2019-01-25 23:27:00,0.058267685155840354
2019-01-25 23:30:00,-0.014796771857220392
2019-01-25 23:33:00,0.10032683917023633
2019-01-25 23:36:00,0.09086031239871772
2019-01-25 23:39:00,0.02934800226717016
2019-01-25 23:42:00,0.07787456473994325
2019-01-25 23:45:00,0.06848233818044491
2019-01-25 23:48:00,0.18903140604635382
2019-01-25 23:51:00,0.0994599858901779
2019-01-25 23:54:00,0.07226156608800238
2019-01-25 23:57:00,0.16872722218084846
2019-01-26 00:00:00,0.07772891203308063
2019-01-26 00:03:00,0.11507459567837941
2019-01-26 00:06:00,0.1023565686093093
2019-01-26 00:09:00,0.1333857128515774
2019-01-26 00:12:00,0.1643107121199705
2019-01-26 00:15:00,0.23335161044047936
2019-01-26 00:18:00,0.15167050621334965
2019-01-26 00:21:00,0.1901526595232781
2019-01-26 00:24:00,0.16281177064706753
2019-01-26 00:27:00,0.034412587567885566
2019-01-26 00:30:00,0.10991307210224477
2019-01-26 00:33:00,0.26497557403007477
2019-01-26 00:36:00,0.27578525157656486
2019-01-26 00:39:00,0.14281264588055365
2019-01-26 00:42:00,0.20570118084020805
2019-01-26 00:45:00,0.17992602440619976
2019-01-26 00:48:00,0.17042211815555675
2019-01-26 00:51:00,0.15525927393190386
2019-01-26 00:54:00,0.18496642129105112
2019-01-26 00:57:00,0.11090276570843116
2019-01-26 01:00:00,0.11228426114723788
2019-01-26 01:03:00,0.1844055268422835
2019-01-26 01:06:00,0.24694882000926555
2019-01-26 01:09:00,0.20696240546146782
2019-01-26 01:12:00,0.12616551376794405
2019-01-26 01:15:00,0.12650397344810926
2019-01-26 01:18:00,0.18021690910404686
2019-01-26 01:21:00,0.22281928050114175
2019-01-26 01:24:00,0.16666797483082973
2019-01-26 01:27:00,0.1172902195031611
2019-01-26 01:30:00,0.1343763324313727
2019-01-26 01:33:00,0.22039766280437334
2019-01-26 01:36:00,0.13082333294789805
2019-01-26 01:39:00,0.12478869030564965
2019-01-26 01:42:00,0.1923611142621553
2019-01-26 01:45:00,0.11556282209738811
2019-01-26 01:48:00,0.2282976320430521
2019-01-26 01:51:00,0.19168451471307435
2019-01-26 01:54:00,0.1914542571412312
2019-01-26 01:57:00,0.18443359322481
2019-01-26 02:00:00,0.17862976749245263
2019-01-26 02:03:00,0.16667071501666442
2019-01-26 02:06:00,0.30029872535885715
2019-01-26 02:09:00,0.1865337145024455
2019-01-26 02:12:00,0.21882295868482515
2019-01-26 02:15:00,0.2645042777982667
2019-01-26 02:18:00,0.22154455724580657
2019-01-26 02:21:00,0.19084960448918764
2019-01-26 02:24:00,0.2185376056004884
2019-01-26 02:27:00,0.2768722554629335
2019-01-26 02:30:00,0.21374993800156972
2019-01-26 02:33:00,0.2759262328382306
2019-01-26 02:36:00,0.16411139609175507
2019-01-26 02:39:00,0.2721853731437136
2019-01-26 02:42:00,0.3158066994610067
2019-01-26 02:45:00,0.2672050035520783
2019-01-26 02:48:00,0.2079868162488765
2019-01-26 02:51:00,0.24353414263350714
2019-01-26 02:54:00,0.2967863610943482
2019-01-26 02:57:00,0.20168072994329123
2019-01-26 03:00:00,0.28032480656014513
2019-01-26 03:03:00,0.32287362220887417
2019-01-26 03:06:00,0.2580605604051698
2019-01-26 03:09:00,0.3635579631960013
2019-01-26 03:12:00,0.3409804945843007
2019-01-26 03:15:00,0.25549262975982856
2019-01-26 03:18:00,0.31776033707217266
2019-01-26 03:21:00,0.2621103176537076
2019-01-26 03:24:00,0.364257791605894
2019-01-26 03:27:00,0.3117468063356341
2019-01-26 03:30:00,0.32977115595593887
2019-01-26 03:33:00,0.2615751139414897
2019-01-26 03:36:00,0.2539829347107343
2019-01-26 03:39:00,0.3411197610475938
2019-01-26 03:42:00,0.21680138232227364
2019-01-26 03:45:00,0.2001102576955418
2019-01-26 03:48:00,0.27311735157303474
2019-01-26 03:51:00,0.30356836096405004
2019-01-26 03:54:00,0.26117473927740775
2019-01-26 03:57:00,0.2941158354375375
2019-01-26 04:00:00,0.3061400000005392
2019-01-26 04:03:00,0.3613281042339054
2019-01-26 04:06:00,0.4718552247292678
2019-01-26 04:09:00,0.4158158482625254
2019-01-26 04:12:00,0.3859090132006031
2019-01-26 04:15:00,0.3755592982578264
2019-01-26 04:18:00,0.3890825482619107
2019-01-26 04:21:00,0.3977483930693779
2019-01-26 04:24:00,0.42300817654262346
2019-01-26 04:27:00,0.3854931231073806
2019-01-26 04:30:00,0.358285737919914
2019-01-26 04:33:00,0.3826356318319313
2019-01-26 04:36:00,0.42586648332934374
2019-01-26 04:39:00,0.31655295799782834
2019-01-26 04:42:00,0.3240463530461284
2019-01-26 04:45:00,0.19339552458529852
2019-01-26 04:48:00,0.19519116783482104
2019-01-26 04:51:00,0.22895381244558166
2019-01-26 04:54:00,0.2757193767831154
2019-01-26 04:57:00,0.3181769140500137
2019-01-26 05:00:00,0.37389266723323544
2019-01-26 05:03:00,0.27134790916323936
2019-01-26 05:06:00,0.265052814424962
2019-01-26 05:09:00,0.26040538345165487
2019-01-26 05:12:00,0.21526346933268314
2019-01-26 05:15:00,0.32661688036307623
2019-01-26 05:18:00,0.25533828086179255
2019-01-26 05:21:00,0.3218184733422049
2019-01-26 05:24:00,0.30983050404074675
2019-01-26 05:27:00,0.3231043678518972
2019-01-26 05:30:00,0.2750973738735638
2019-01-26 05:33:00,0.20544731043054298
2019-01-26 05:36:00,0.24834628114035695
2019-01-26 05:39:00,0.33598250739004243
2019-01-26 05:42:00,0.14211649770902568
2019-01-26 05:45:00,0.3075250024450611
2019-01-26 05:48:00,0.2711479985918004
2019-01-26 05:51:00,0.25960542853681545
2019-01-26 05:54:00,0.28328992787089646
2019-01-26 05:57:00,0.2557041485133027
2019-01-26 06:00:00,0.2334029777053388
2019-01-26 06:03:00,0.14923699323668416
2019-01-26 06:06:00,0.2717197565906986
2019-01-26 06:09:00,0.2615761733686668
2019-01-26 06:12:00,0.17321107895912746
2019-01-26 06:15:00,0.2021824854337524
2019-01-26 06:18:00,0.2303844634016059
2019-01-26 06:21:00,0.23280765567767503
2019-01-26 06:24:00,0.31769936653097375
2019-01-26 06:27:00,0.24665459475744456
2019-01-26 06:30:00,0.28935516502968994
2019-01-26 06:33:00,0.18101807134507908
2019-01-26 06:36:00,0.15052220212976408
2019-01-26 06:39:00,0.3228674762524406
2019-01-26 06:42:00,0.20358185727434375
2019-01-26 06:45:00,0.23913791640040927
2019-01-26 06:48:00,0.24358992470752128
2019-01-26 06:51:00,0.30258258442842134
2019-01-26 06:54:00,0.24972123933474677
2019-01-26 06:57:00,0.3069348967888459
2019-01-26 07:00:00,0.20072530298881475
2019-01-26 07:03:00,0.21298209906075272
2019-01-26 07:06:00,0.3108402849787808
2019-01-26 07:09:00,0.3160125405142935
2019-01-26 07:12:00,0.37293343580927285
2019-01-26 07:15:00,0.3445550392569885
2019-01-26 07:18:00,0.3198700023513652
2019-01-26 07:21:00,0.3105108600397557
2019-01-26 07:24:00,0.3574002658274935
2019-01-26 07:27:00,0.3838674782814451
2019-01-26 07:30:00,0.4394845055418273
2019-01-26 07:33:00,0.2768000430861548
2019-01-26 07:36:00,0.32432998352351206
2019-01-26 07:39:00,0.32087693742647616
2019-01-26 07:42:00,0.31146735794027336
2019-01-26 07:45:00,0.3876498593944575
2019-01-26 07:48:00,0.36599029113398274
2019-01-26 07:51:00,0.4160185028001706
2019-01-26 07:54:00,0.4163572185846647
2019-01-26 07:57:00,0.2949260126677018
2019-01-26 08:00:00,0.33911061116151586
2019-01-26 08:03:00,0.24510182827378912
2019-01-26 08:06:00,0.26323289542779094
2019-01-26 08:09:00,0.31694302889320625
2019-01-26 08:12:00,0.43069276139124213
2019-01-26 08:15:00,0.3411643946658387
2019-01-26 08:18:00,0.3525612904819013
2019-01-26 08:21:00,0.3807965806973357
2019-01-26 08:24:00,0.31316169023261864
2019-01-26 08:27:00,0.3884916127706788
2019-01-26 08:30:00,0.385465029298075
2019-01-26 08:33:00,0.2998951930600242
2019-01-26 08:36:00,0.2927120132160894
2019-01-26 08:39:00,0.3915407164313933
2019-01-26 08:42:00,0.298447601930377
2019-01-26 08:45:00,0.44514869716164185
2019-01-26 08:48:00,0.3166595977783686
2019-01-26 08:51:00,0.4093621408699164
2019-01-26 08:54:00,0.34855658693322766
2019-01-26 08:57:00,0.4068993413000044
2019-01-26 09:00:00,0.3191562420382752
2019-01-26 09:03:00,0.2688710198877402
2019-01-26 09:06:00,0.348263242521341
2019-01-26 09:09:00,0.29695342067373076
2019-01-26 09:12:00,0.3702317575537677
2019-01-26 09:15:00,0.424040745362106
2019-01-26 09:18:00,0.31183471357650205
2019-01-26 09:21:00,0.25493269522326045
2019-01-26 09:24:00,0.3049759770159426
2019-01-26 09:27:00,0.2998145408078585
2019-01-26 09:30:00,0.34092733176845513
2019-01-26 09:33:00,0.311075425024228
2019-01-26 09:36:00,0.3230116800177143
2019-01-26 09:39:00,0.33827239445560053
2019-01-26 09:42:00,0.4062191551731189
2019-01-26 09:45:00,0.3715581770234735
2019-01-26 09:48:00,0.3343226026907473
2019-01-26 09:51:00,0.2637743599825626
2019-01-26 09:54:00,0.3839308447456915
2019-01-26 09:57:00,0.25131829453863475
2019-01-26 10:00:00,0.31053884438580326
2019-01-26 10:03:00,0.3575715552801171
2019-01-26 10:06:00,0.3510298162614731
2019-01-26 10:09:00,0.25238616872752573
2019-01-26 10:12:00,0.2406394987585827
2019-01-26 10:15:00,0.22380335150592146
2019-01-26 10:18:00,0.24779153944223253
2019-01-26 10:21:00,0.11093733082049084
2019-01-26 10:24:00,0.21390569681113902
2019-01-26 10:27:00,0.21235570647536406
2019-01-26 10:30:00,0.18645003159554108
2019-01-26 10:33:00,0.16401520759950472
2019-01-26 10:36:00,0.07526034656251568
2019-01-26 10:39:00,0.08653447297797356
2019-01-26 10:42:00,0.04685090387982882
2019-01-26 10:45:00,0.2527571107975177
2019-01-26 10:48:00,0.04775130738437383
2019-01-26 10:51:00,0.14083680515818742
2019-01-26 10:54:00,0.05989541660630948
2019-01-26 10:57:00,0.06321008858168398
2019-01-26 11:00:00,0.01563905109674124
2019-01-26 11:03:00,0.12866003704976947
2019-01-26 11:06:00,-0.004759122097425461
2019-01-26 11:09:00,0.032822073080183145
2019-01-26 11:12:00,-0.004428914512914162
2019-01-26 11:15:00,-0.004025256308807457
2019-01-26 11:18:00,-0.008644835214795421
2019-01-26 11:21:00,-0.022946464243091214
2019-01-26 11:24:00,-0.04818303696794146
2019-01-26 11:27:00,-0.08026415561602107
2019-01-26 11:30:00,0.0722454688752805
2019-01-26 11:33:00,-0.1453763435739006
2019-01-26 11:36:00,-0.1759365111482225
2019-01-26 11:39:00,-0.07927465974393044
2019-01-26 11:42:00,-0.066914829568816
2019-01-26 11:45:00,-0.11667476315079739
2019-01-26 11:48:00,-0.1571117044183552
2019-01-26 11:51:00,-0.13993330579882013
2019-01-26 11:54:00,-0.20506045324549405
2019-01-26 11:57:00,-0.16094472132812143
2019-01-26 12:00:00,-0.22802975875845277
2019-01-26 12:03:00,-0.12695839944370846
2019-01-26 12:06:00,-0.14844956371871376
2019-01-26 12:09:00,-0.1800613912001836
2019-01-26 12:12:00,-0.2750653783306234
2019-01-26 12:15:00,-0.19581956919864751
2019-01-26 12:18:00,-0.2188150824105719
2019-01-26 12:21:00,-0.19246573320117477
2019-01-26 12:24:00,-0.23275183920287645
2019-01-26 12:27:00,-0.18260270874293383
2019-01-26 12:30:00,-0.22927754372204845
2019-01-26 12:33:00,-0.1496001518945036
2019-01-26 12:36:00,-0.3285776517068939
2019-01-26 12:39:00,-0.3133562541856918
2019-01-26 12:42:00,-0.3868006720643393
2019-01-26 12:45:00,-0.24943910473069764
2019-01-26 12:48:00,-0.2816974876727727
2019-01-26 12:51:00,-0.3035552054952859
2019-01-26 12:54:00,-0.3628824464601621
2019-01-26 12:57:00,-0.36446923340889725
2019-01-26 13:00:00,-0.3326545323183723
2019-01-26 13:03:00,-0.33770080080341813
2019-01-26 13:06:00,-0.363495753869131
2019-01-26 13:09:00,-0.34681913892063676
2019-01-26 13:12:00,-0.39619213898242833
2019-01-26 13:15:00,-0.3340081760088083
2019-01-26 13:18:00,-0.3760547860790098
2019-01-26 13:21:00,-0.3901099164420998
2019-01-26 13:24:00,-0.3435715643614685
2019-01-26 13:27:00,-0.41727019785577113
2019-01-26 13:30:00,-0.29956542603554226
2019-01-26 13:33:00,-0.2812144089989488
2019-01-26 13:36:00,-0.34113972017246397
2019-01-26 13:39:00,-0.22939693295893449
2019-01-26 13:42:00,-0.3201536816774819
2019-01-26 13:45:00,-0.43027626399202745
2019-01-26 13:48:00,-0.37452906414807785
2019-01-26 13:51:00,-0.4101786404391419
2019-01-26 13:54:00,-0.20638994169587477
2019-01-26 13:57:00,-0.29758356968329736
2019-01-26 14:00:00,-0.4036073331744774
2019-01-26 14:03:00,-0.47431669390829256
2019-01-26 14:06:00,-0.42759921950857915
2019-01-26 14:09:00,-0.4948871948420219
2019-01-26 14:12:00,-0.5359968589291384
2019-01-26 14:15:00,-0.5330022049407717
2019-01-26 14:18:00,-0.4043448140693613
2019-01-26 14:21:00,-0.5416320339286358
2019-01-26 14:24:00,-0.41691637541026694
2019-01-26 14:27:00,-0.41087136801559154
2019-01-26 14:30:00,-0.4544454328907932
2019-01-26 14:33:00,-0.48617128180433156
2019-01-26 14:36:00,-0.4485526929739194
2019-01-26 14:39:00,-0.5055985363598552
2019-01-26 14:42:00,-0.43331314547526745
2019-01-26 14:45:00,-0.4028665766521726
2019-01-26 14:48:00,-0.4161753677799993
2019-01-26 14:51:00,-0.5059998106040666
2019-01-26 14:54:00,-0.493222741218176
2019-01-26 14:57:00,-0.49273917023475633
2019-01-26 15:00:00,-0.547145117605794
2019-01-26 15:03:00,-0.5182776614643103
2019-01-26 15:06:00,-0.6253061579907353
2019-01-26 15:09:00,-0.441382321692231
2019-01-26 15:12:00,-0.460516479423859
2019-01-26 15:15:00,-0.4425252588649755
2019-01-26 15:18:00,-0.41851333724241613
2019-01-26 15:21:00,-0.46331295561179786
2019-01-26 15:24:00,-0.41998366415458577
2019-01-26 15:27:00,-0.49604109684838704
2019-01-26 15:30:00,-0.5589901936118622
2019-01-26 15:33:00,-0.4917040486594715
2019-01-26 15:36:00,-0.3753253533116663
2019-01-26 15:39:00,-0.5253897018029079
2019-01-26 15:42:00,-0.442270201247311
2019-01-26 15:45:00,-0.5630272317828258
2019-01-26 15:48:00,-0.5636991201585602
2019-01-26 15:51:00,-0.4546903711225809
2019-01-26 15:54:00,-0.4921094524441969
2019-01-26 15:57:00,-0.40902924142733355
2019-01-26 16:00:00,-0.4142991627540482
2019-01-26 16:03:00,-0.45601073641586254
2019-01-26 16:06:00,-0.45381194226723665
2019-01-26 16:09:00,-0.32830899483298026
2019-01-26 16:12:00,-0.48653541302013537
2019-01-26 16:15:00,-0.44445530374980535
2019-01-26 16:18:00,-0.48357696751008916
2019-01-26 16:21:00,-0.3895321387299191
2019-01-26 16:24:00,-0.4684005448465882
2019-01-26 16:27:00,-0.46803429752174
2019-01-26 16:30:00,-0.41006138859120256
2019-01-26 16:33:00,-0.5381222627451052
2019-01-26 16:36:00,-0.49493458953003255
2019-01-26 16:39:00,-0.34463423965695483
2019-01-26 16:42:00,-0.41454078686592766
2019-01-26 16:45:00,-0.4005974901215268
2019-01-26 16:48:00,-0.4466567312443317
2019-01-26 16:51:00,-0.4556108663463192
2019-01-26 16:54:00,-0.43965887745645205
2019-01-26 16:57:00,-0.473632793644299
2019-01-26 17:00:00,-0.5157693347596819
2019-01-26 17:03:00,-0.44366960154781054
2019-01-26 17:06:00,-0.4118730147383758
2019-01-26 17:09:00,-0.4576886959144417
2019-01-26 17:12:00,-0.4050922143306934
2019-01-26 17:15:00,-0.4900276191073658
2019-01-26 17:18:00,-0.3868000911728018
2019-01-26 17:21:00,-0.49274240530235147
2019-01-26 17:24:00,-0.41792620925434676
2019-01-26 17:27:00,-0.44167214017738843
2019-01-26 17:30:00,-0.3795160846168528
2019-01-26 17:33:00,-0.4099980518059283
2019-01-26 17:36:00,-0.4475226236293679
2019-01-26 17:39:00,-0.4056073477869404
2019-01-26 17:42:00,-0.37409629119963483
2019-01-26 17:45:00,-0.446671180399278
2019-01-26 17:48:00,-0.34390616305324784
2019-01-26 17:51:00,-0.5532161033070793
2019-01-26 17:54:00,-0.4007012994392767
2019-01-26 17:57:00,-0.378883776089765
2019-01-26 18:00:00,-0.4179518233239037
2019-01-26 18:03:00,-0.31743684898310676
2019-01-26 18:06:00,-0.36231763018923857
2019-01-26 18:09:00,-0.36672951378312746
2019-01-26 18:12:00,-0.37788209451235844
2019-01-26 18:15:00,-0.32297595555922953
2019-01-26 18:18:00,-0.2569442742235992
2019-01-26 18:21:00,-0.30592490250097626
2019-01-26 18:24:00,-0.421943223685048
2019-01-26 18:27:00,-0.3255170033734771
2019-01-26 18:30:00,-0.31913261790305114
2019-01-26 18:33:00,-0.28648586078099925
2019-01-26 18:36:00,-0.23447192828899688
2019-01-26 18:39:00,-0.31581255039498046
2019-01-26 18:42:00,-0.3719277612614178
2019-01-26 18:45:00,-0.25578540574827
2019-01-26 18:48:00,-0.2118820487791595
2019-01-26 18:51:00,-0.199746150667238
2019-01-26 18:54:00,
2019-01-26 18:57:00,
2019-01-26 19:00:00,
2019-01-26 19:03:00,-0.22459872999792196
2019-01-26 19:06:00,-0.22977130266133372
2019-01-26 19:09:00,-0.18620434598869906
2019-01-26 19:12:00,-0.228517912355926
2019-01-26 19:15:00,-0.1330583130813352
2019-01-26 19:18:00,-0.18415828032937043
2019-01-26 19:21:00,-0.17271983715892247
2019-01-26 19:24:00,-0.1665124990419713
2019-01-26 19:27:00,-0.051546266211403236
2019-01-26 19:30:00,-0.09626397558758981
2019-01-26 19:33:00,-0.09789333689235491
2019-01-26 19:36:00,-0.07220083283959866
2019-01-26 19:39:00,-0.07190016319361803
2019-01-26 19:42:00,-0.05683943974008798
2019-01-26 19:45:00,-0.1095517083661548
2019-01-26 19:48:00,-0.06493503449621585
2019-01-26 19:51:00,-0.06064216500419661
2019-01-26 19:54:00,-0.10566141567022669
2019-01-26 19:57:00,-0.10926437582133985
2019-01-26 20:00:00,-0.11337346750468669
2019-01-26 20:03:00,0.04061525713109404
2019-01-26 20:06:00,0.006957785061558752
2019-01-26 20:09:00,0.044091117509594824
2019-01-26 20:12:00,0.07267414856420373
2019-01-26 20:15:00,0.0761640051657082
2019-01-26 20:18:00,-0.11056043936957849
2019-01-26 20:21:00,-0.01591718685375554
2019-01-26 20:24:00,0.047151459207555035
2019-01-26 20:27:00,-0.05511003326876107
2019-01-26 20:30:00,-0.09556552665446816
2019-01-26 20:33:00,-0.05004415921121108
2019-01-26 20:36:00,-0.020146296187704138
2019-01-26 20:39:00,0.031879645879485
2019-01-26 20:42:00,-0.08542149907748353
2019-01-26 20:45:00,-0.03604386650596325
2019-01-26 20:48:00,-0.025193512932389694
2019-01-26 20:51:00,-0.043511624432369445
2019-01-26 20:54:00,0.06812141622981471
2019-01-26 20:57:00,-0.013649654254095367
2019-01-26 21:00:00,-0.027369454178256092
2019-01-26 21:03:00,0.03273535675708672
2019-01-26 21:06:00,-0.02367643893234117
2019-01-26 21:09:00,-0.05977435483720228
2019-01-26 21:12:00,0.01358030502285601
2019-01-26 21:15:00,-0.01742287369040696
2019-01-26 21:18:00,-0.06840740507533383
2019-01-26 21:21:00,-0.05009044793769135
2019-01-26 21:24:00,0.08843415769996454
2019-01-26 21:27:00,-0.016024905907386255
2019-01-26 21:30:00,-0.07634314367578554
2019-01-26 21:33:00,-0.05871402972712758
2019-01-26 21:36:00,-0.006641229283559369
2019-01-26 21:39:00,-0.030092255147053493
2019-01-26 21:42:00,-0.04172795457270695
2019-01-26 21:45:00,0.014290966832618324
2019-01-26 21:48:00,0.022369864002655504
2019-01-26 21:51:00,0.005027499117886691
2019-01-26 21:54:00,-0.006456451681970066
2019-01-26 21:57:00,0.003940621355241092
2019-01-26 22:00:00,-0.0789784825441302
2019-01-26 22:03:00,0.007799244890236423
2019-01-26 22:06:00,0.042535220965078224
2019-01-26 22:09:00,-0.016037193049896814
2019-01-26 22:12:00,0.08021814078375655
2019-01-26 22:15:00,-0.012191473680786657
2019-01-26 22:18:00,-0.02948734511795692
2019-01-26 22:21:00,0.04430390080148072
2019-01-26 22:24:00,0.008206283575418638
2019-01-26 22:27:00,-0.15007526510868274
2019-01-26 22:30:00,0.01816428170451445
2019-01-26 22:33:00,0.019272179566485192
2019-01-26 22:36:00,-0.04701118367165691
2019-01-26 22:39:00,0.1187128735196552
2019-01-26 22:42:00,0.1110745220228182
2019-01-26 22:45:00,0.06769185306438885
2019-01-26 22:48:00,0.07339338431091846
2019-01-26 22:51:00,0.0571864197290779
2019-01-26 22:54:00,0.04829346474207341
2019-01-26 22:57:00,0.07216694851683769
2019-01-26 23:00:00,-0.014929089333861612
2019-01-26 23:03:00,0.037817697809202855
2019-01-26 23:06:00,0.09784803183089252
2019-01-26 23:09:00,0.045686186933153294
2019-01-26 23:12:00,0.036559461500132784
2019-01-26 23:15:00,0.018098283811923466
2019-01-26 23:18:00,0.1409905806893903
2019-01-26 23:21:00,0.0556075117019077
2019-01-26 23:24:00,0.0912326396102685
2019-01-26 23:27:00,0.05320405353603519
2019-01-26 23:30:00,0.1204931259455293
2019-01-26 23:33:00,0.15417084720536423
2019-01-26 23:36:00,0.04617350876299042
2019-01-26 23:39:00,0.012498355762033952
2019-01-26 23:42:00,0.12781550022282318
2019-01-26 23:45:00,0.16925987015196142
2019-01-26 23:48:00,0.11320516394152946
2019-01-26 23:51:00,0.12111526633265157
2019-01-26 23:54:00,-0.045382724226612936
2019-01-26 23:57:00,0.09185507392874115
2019-01-27 00:00:00,0.09283442488043647
2019-01-27 00:03:00,0.09288817865882493
2019-01-27 00:06:00,0.08160505171156274
2019-01-27 00:09:00,0.06438792944885563
2019-01-27 00:12:00,-0.009957230080090085
2019-01-27 00:15:00,0.04517969566541069
2019-01-27 00:18:00,-0.02534508338442265
2019-01-27 00:21:00,0.16505889936780704
2019-01-27 00:24:00,0.1746629934305588
2019-01-27 00:27:00,0.06890387690833677
2019-01-27 00:30:00,0.09087914094840244
2019-01-27 00:33:00,0.21261283778073903
2019-01-27 00:36:00,0.11414739468244761
2019-01-27 00:39:00,0.04609415196119926
2019-01-27 00:42:00,0.10050367320530995
2019-01-27 00:45:00,0.04530050357203663
2019-01-27 00:48:00,0.07560650453569906
2019-01-27 00:51:00,0.06486299057536371
2019-01-27 00:54:00,0.04668541702994844
2019-01-27 00:57:00,0.11644277173047612
2019-01-27 01:00:00,-0.023539130888991622
2019-01-27 01:03:00,0.12068568969817761
2019-01-27 01:06:00,0.1725977909496237
2019-01-27 01:09:00,0.14518825233051302
2019-01-27 01:12:00,0.16970942971454406
2019-01-27 01:15:00,0.04974163835163381
2019-01-27 01:18:00,0.0926430091691941
2019-01-27 01:21:00,0.15032318076521278
2019-01-27 01:24:00,0.2176773283635498
2019-01-27 01:27:00,0.15506329724968282
2019-01-27 01:30:00,0.18359017244256393
2019-01-27 01:33:00,0.10756879362520522
2019-01-27 01:36:00,0.0956629570753762
2019-01-27 01:39:00,0.06251010306715443
2019-01-27 01:42:00,0.15925725628716236
2019-01-27 01:45:00,0.08948673948606256
2019-01-27 01:48:00,0.15559408453924561
2019-01-27 01:51:00,0.16284760750352234
2019-01-27 01:54:00,0.04413100514994994
2019-01-27 01:57:00,0.1388812308888987
2019-01-27 02:00:00,0.059118388014951506
2019-01-27 02:03:00,0.09004163860527115
2019-01-27 02:06:00,0.09800252605504056
2019-01-27 02:09:00,0.17492488536174733
2019-01-27 02:12:00,0.19126707949322963
2019-01-27 02:15:00,0.2586112377064751
2019-01-27 02:18:00,0.15849090848558944
2019-01-27 02:21:00,0.17172709348210446
2019-01-27 02:24:00,0.09463703459357475
2019-01-27 02:27:00,0.1531602884554104
2019-01-27 02:30:00,0.16308788857514855
2019-01-27 02:33:00,0.16372931709923932
2019-01-27 02:36:00,0.22446500170519812
2019-01-27 02:39:00,0.21604839038326418
2019-01-27 02:42:00,0.30227602963367417
2019-01-27 02:45:00,0.1771782343432733
2019-01-27 02:48:00,0.232592233573655
2019-01-27 02:51:00,0.37369916403730485
2019-01-27 02:54:00,0.38591663894669637
2019-01-27 02:57:00,0.23910234885852333
2019-01-27 03:00:00,0.19885844491682292
2019-01-27 03:03:00,0.2746250340301799
2019-01-27 03:06:00,0.1565851805330567
2019-01-27 03:09:00,0.07821260070380731
2019-01-27 03:12:00,0.15615900427900442
2019-01-27 03:15:00,0.12958102502187785
2019-01-27 03:18:00,0.05808786759416762
2019-01-27 03:21:00,0.09063682772261927
2019-01-27 03:24:00,0.08381829748640257
2019-01-27 03:27:00,0.1186713870762901
2019-01-27 03:30:00,0.2361119313871427
2019-01-27 03:33:00,0.0837078563203022
2019-01-27 03:36:00,0.1691722869484238
2019-01-27 03:39:00,0.11648842371391765
2019-01-27 03:42:00,0.15453768801160095
2019-01-27 03:45:00,0.14343390909664322
2019-01-27 03:48:00,0.05836675462268204
2019-01-27 03:51:00,0.19283413609065292
2019-01-27 03:54:00,0.2101826170232357
2019-01-27 03:57:00,0.16470148034972
2019-01-27 04:00:00,0.14269286521204094
2019-01-27 04:03:00,0.229805942264818
2019-01-27 04:06:00,0.25017545094635807
2019-01-27 04:09:00,0.1942981761725946
2019-01-27 04:12:00,0.14396177053333759
2019-01-27 04:15:00,0.30082460770887565
2019-01-27 04:18:00,0.2001775815358542
2019-01-27 04:21:00,0.12922044638946772
2019-01-27 04:24:00,0.1006453701980945
2019-01-27 04:27:00,0.15201260057637
2019-01-27 04:30:00,0.13151908493796327
2019-01-27 04:33:00,0.14849823191559608
2019-01-27 04:36:00,0.04071567079512306
2019-01-27 04:39:00,0.11050630002307571
2019-01-27 04:42:00,0.08689424132853674
2019-01-27 04:45:00,0.13305780756934382
2019-01-27 04:48:00,0.19688696751870793
2019-01-27 04:51:00,0.1469013092582827
2019-01-27 04:54:00,0.15839614694965576
2019-01-27 04:57:00,0.13085351341419482
2019-01-27 05:00:00,0.17316499574366162
2019-01-27 05:03:00,0.16726202795786094
2019-01-27 05:06:00,0.20739079294139628
2019-01-27 05:09:00,0.14775303911596893
2019-01-27 05:12:00,0.170773449105468
2019-01-27 05:15:00,0.18062768071109758
2019-01-27 05:18:00,0.13551485146797404
2019-01-27 05:21:00,0.15492219702082366
2019-01-27 05:24:00,0.13937241490168617
2019-01-27 05:27:00,0.12112713334289538
2019-01-27 05:30:00,0.17935011228126996
2019-01-27 05:33:00,0.19212172650344428
2019-01-27 05:36:00,0.19416308388429115
2019-01-27 05:39:00,0.15793323799056225
2019-01-27 05:42:00,0.20047967156023105
2019-01-27 05:45:00,0.16083918131431574
2019-01-27 05:48:00,0.15351793181747553
2019-01-27 05:51:00,0.21890180530419912
2019-01-27 05:54:00,0.2115996679783052
2019-01-27 05:57:00,0.192634679164712
2019-01-27 06:00:00,0.2190242363424204
2019-01-27 06:03:00,0.18965622568458684
2019-01-27 06:06:00,0.1592833030316001
2019-01-27 06:09:00,0.22924803954282424
2019-01-27 06:12:00,0.13645139706989085
2019-01-27 06:15:00,0.16156628652419158
2019-01-27 06:18:00,0.2053758894169846
2019-01-27 06:21:00,0.22708067486576056
2019-01-27 06:24:00,0.2302139779755521
2019-01-27 06:27:00,0.19358879000515117
2019-01-27 06:30:00,0.20374705866078102
2019-01-27 06:33:00,0.14835197599700223
2019-01-27 06:36:00,0.2328994445211947
2019-01-27 06:39:00,0.21882338570895854
2019-01-27 06:42:00,0.2663475083992921
2019-01-27 06:45:00,0.2738964456583517
2019-01-27 06:48:00,0.18248583975463362
2019-01-27 06:51:00,0.20277677510296144
2019-01-27 06:54:00,0.20275869397494262
2019-01-27 06:57:00,0.18647279476567746
2019-01-27 07:00:00,0.2102620329119418
2019-01-27 07:03:00,0.17002752034989044
2019-01-27 07:06:00,0.19588955149930598
2019-01-27 07:09:00,0.2375947645919041
2019-01-27 07:12:00,0.08030215785385053
2019-01-27 07:15:00,0.22262575541338947
2019-01-27 07:18:00,0.1456106102033914
2019-01-27 07:21:00,0.22629455925545017
2019-01-27 07:24:00,0.2189166315502007
2019-01-27 07:27:00,0.25600784255505005
2019-01-27 07:30:00,0.1557064032552944
2019-01-27 07:33:00,0.14229820002134375
2019-01-27 07:36:00,0.15888492363751539
2019-01-27 07:39:00,0.13377642827299496
2019-01-27 07:42:00,0.26434166793114855
2019-01-27 07:45:00,0.13449971053807985
2019-01-27 07:48:00,0.18882220554581863
2019-01-27 07:51:00,0.10790146646900212
2019-01-27 07:54:00,0.127791482224211
2019-01-27 07:57:00,0.07571741931644738
2019-01-27 08:00:00,0.10569053939332207
2019-01-27 08:03:00,0.12102873748517595
2019-01-27 08:06:00,0.0890091027928861
2019-01-27 08:09:00,0.12564006398599759
2019-01-27 08:12:00,0.15712260531410038
2019-01-27 08:15:00,0.1813933765592992
2019-01-27 08:18:00,0.17951970438230092
2019-01-27 08:21:00,0.14361723013553274
2019-01-27 08:24:00,0.07913361653720585
2019-01-27 08:27:00,0.155617109905279
2019-01-27 08:30:00,0.13998439339576407
2019-01-27 08:33:00,0.16894287082635628
2019-01-27 08:36:00,0.21065571456608723
2019-01-27 08:39:00,0.04387007124324782
2019-01-27 08:42:00,0.18896257238270664
2019-01-27 08:45:00,0.16038386242934166
2019-01-27 08:48:00,0.1941830850748829
2019-01-27 08:51:00,0.2107393642554598
2019-01-27 08:54:00,0.13757857450104893
2019-01-27 08:57:00,0.10642455436300224
2019-01-27 09:00:00,0.11916279100000793
2019-01-27 09:03:00,0.14672506503319482
2019-01-27 09:06:00,0.1124205611052389
2019-01-27 09:09:00,0.12100342113285478
2019-01-27 09:12:00,0.07653594822158993
2019-01-27 09:15:00,0.11293964514834443
2019-01-27 09:18:00,0.10141906562569147
2019-01-27 09:21:00,0.010661372955894421
2019-01-27 09:24:00,0.14624440240424974
2019-01-27 09:27:00,0.11869911778074993
2019-01-27 09:30:00,0.17461487671857867
2019-01-27 09:33:00,0.01665969204788098
2019-01-27 09:36:00,0.026931714548084074
2019-01-27 09:39:00,0.02947996275065634
2019-01-27 09:42:00,0.1216638620123831
2019-01-27 09:45:00,0.2109561450301385
2019-01-27 09:48:00,0.09320277716528835
2019-01-27 09:51:00,0.036847464848676736
2019-01-27 09:54:00,0.07421485442034736
2019-01-27 09:57:00,0.03379917447767866
2019-01-27 10:00:00,-0.03277377628785416
2019-01-27 10:03:00,0.1410105794201968
2019-01-27 10:06:00,0.16932891703567066
2019-01-27 10:09:00,0.0842942355982359
2019-01-27 10:12:00,0.06232836198756786
2019-01-27 10:15:00,0.1705611913005214
2019-01-27 10:18:00,0.05422274901752644
2019-01-27 10:21:00,0.0768072463037015
2019-01-27 10:24:00,0.0745040214085293
2019-01-27 10:27:00,0.07133591733372668
2019-01-27 10:30:00,-0.0045935889396560015
2019-01-27 10:33:00,0.12845817351819733
2019-01-27 10:36:00,0.24696521891860357
2019-01-27 10:39:00,0.2801807526946618
2019-01-27 10:42:00,0.3483938655745078
2019-01-27 10:45:00,0.2263766602410442
2019-01-27 10:48:00,0.23584602388513076
2019-01-27 10:51:00,0.2217788989755718
2019-01-27 10:54:00,0.2653523008094112
2019-01-27 10:57:00,0.21968403459226238
2019-01-27 11:00:00,0.34043668258482285
2019-01-27 11:03:00,0.22882159578460914
2019-01-27 11:06:00,0.21026305641288445
2019-01-27 11:09:00,0.287601928803781
2019-01-27 11:12:00,0.25240064876396673
2019-01-27 11:15:00,0.3846220075239444
2019-01-27 11:18:00,0.3671237628145718
2019-01-27 11:21:00,0.27603660332744084
2019-01-27 11:24:00,0.260451567482221
2019-01-27 11:27:00,0.34123497666575986
2019-01-27 11:30:00,0.22992239598505648
2019-01-27 11:33:00,0.14179426517398497
2019-01-27 11:36:00,0.17970772341868724
2019-01-27 11:39:00,0.1780253484407126
2019-01-27 11:42:00,0.2214423548106197
2019-01-27 11:45:00,0.2193118064528221
2019-01-27 11:48:00,0.2681286434233243
2019-01-27 11:51:00,0.16199018668208964
2019-01-27 11:54:00,0.15910100678809158
2019-01-27 11:57:00,0.20331082718155358
2019-01-27 12:00:00,0.11094623918216939
2019-01-27 12:03:00,0.11431858695380015
2019-01-27 12:06:00,0.15549517441070293
2019-01-27 12:09:00,0.16579233781715175
2019-01-27 12:12:00,0.04646197410113473
2019-01-27 12:15:00,0.07517543693364814
2019-01-27 12:18:00,0.10205541114123662
2019-01-27 12:21:00,0.2641945202033753
2019-01-27 12:24:00,0.20392632753390671
2019-01-27 12:27:00,0.09674716244614956
2019-01-27 12:30:00,0.22282416718940112
2019-01-27 12:33:00,0.199355998965018
2019-01-27 12:36:00,0.23879436072337512
2019-01-27 12:39:00,0.2810712689230286
2019-01-27 12:42:00,0.15753341265485687
2019-01-27 12:45:00,0.16207296471918653
2019-01-27 12:48:00,0.13322147946342966
2019-01-27 12:51:00,0.16854863863960645
2019-01-27 12:54:00,0.2132658877081326
2019-01-27 12:57:00,0.15243077193088084
2019-01-27 13:00:00,0.14098250417231384
2019-01-27 13:03:00,0.1337392334830838
2019-01-27 13:06:00,0.13283269956644972
2019-01-27 13:09:00,0.07421749179684412
2019-01-27 13:12:00,0.12506055329765786
2019-01-27 13:15:00,0.175056788411041
2019-01-27 13:18:00,0.18870829417431878
2019-01-27 13:21:00,0.18086190015435477
2019-01-27 13:24:00,0.14406346656346614
2019-01-27 13:27:00,0.0786588723665318
2019-01-27 13:30:00,0.12156315268202889
2019-01-27 13:33:00,0.17241632206804525
2019-01-27 13:36:00,0.11560037624542474
2019-01-27 13:39:00,0.11799821478228978
2019-01-27 13:42:00,0.11977523762243436
2019-01-27 13:45:00,0.1130328003816885
2019-01-27 13:48:00,0.02027339610015133
2019-01-27 13:51:00,0.03307566082747826
2019-01-27 13:54:00,0.04303956773452455
2019-01-27 13:57:00,0.039385598214948914
2019-01-27 14:00:00,0.18185269580897057
2019-01-27 14:03:00,-0.023712277706636087
2019-01-27 14:06:00,-0.0024041520060222865
2019-01-27 14:09:00,-0.03197229477075325
2019-01-27 14:12:00,0.005835130342234152
2019-01-27 14:15:00,-0.052322101304298485
2019-01-27 14:18:00,-0.043981397812501655
2019-01-27 14:21:00,-0.12161240139670326
2019-01-27 14:24:00,-0.087485391724897
2019-01-27 14:27:00,-0.10240453463734411
2019-01-27 14:30:00,-0.05071916621028549
2019-01-27 14:33:00,-0.025056808610713688
2019-01-27 14:36:00,-0.010854901359380165
2019-01-27 14:39:00,-0.09422423606679331
2019-01-27 14:42:00,-0.04642739098898119
2019-01-27 14:45:00,0.006164815640431698
2019-01-27 14:48:00,-0.11917513826995219
2019-01-27 14:51:00,-0.10264667720355192
2019-01-27 14:54:00,-0.10132617183580805
2019-01-27 14:57:00,-0.134846754369903
2019-01-27 15:00:00,-0.05713428560301281
2019-01-27 15:03:00,-0.14449051292842796
2019-01-27 15:06:00,-0.09458821556808061
2019-01-27 15:09:00,-0.09458562982450758
2019-01-27 15:12:00,-0.28760887588748574
2019-01-27 15:15:00,-0.15071754833832074
2019-01-27 15:18:00,-0.1712329090569824
2019-01-27 15:21:00,-0.0979723558662613
2019-01-27 15:24:00,-0.17824890835055385
2019-01-27 15:27:00,-0.11709341694512432
2019-01-27 15:30:00,-0.10724990594042083
2019-01-27 15:33:00,-0.11679761413574852
2019-01-27 15:36:00,-0.17334384192594143
2019-01-27 15:39:00,-0.28809445173817494
2019-01-27 15:42:00,-0.21407843253734882
2019-01-27 15:45:00,-0.16965778844405577
2019-01-27 15:48:00,-0.20578159014229414
2019-01-27 15:51:00,-0.09615104110633865
2019-01-27 15:54:00,-0.21070697612231015
2019-01-27 15:57:00,-0.22979563201261044
2019-01-27 16:00:00,-0.17613053388919298
2019-01-27 16:03:00,-0.17450633148229144
2019-01-27 16:06:00,-0.1952279859748387
2019-01-27 16:09:00,-0.23869475420042363
2019-01-27 16:12:00,-0.33656853364811923
2019-01-27 16:15:00,-0.2013415636802165
2019-01-27 16:18:00,-0.333891386128812
2019-01-27 16:21:00,-0.36053683629040734
2019-01-27 16:24:00,-0.26222371403855504
2019-01-27 16:27:00,-0.20336610219391105
2019-01-27 16:30:00,-0.2469998963215403
2019-01-27 16:33:00,-0.27188462600310004
2019-01-27 16:36:00,-0.26783566683661775
2019-01-27 16:39:00,-0.3132152558875987
2019-01-27 16:42:00,-0.11989873098178805
2019-01-27 16:45:00,-0.08569022984511321
2019-01-27 16:48:00,-0.06974748923812513
2019-01-27 16:51:00,-0.13857567736749843
2019-01-27 16:54:00,-0.24507688071901157
2019-01-27 16:57:00,-0.19771903008762592
2019-01-27 17:00:00,-0.16698454743379898
2019-01-27 17:03:00,-0.1248540875890285
2019-01-27 17:06:00,-0.18988213337689785
2019-01-27 17:09:00,-0.2855430659648164
2019-01-27 17:12:00,-0.268312792698282
2019-01-27 17:15:00,-0.32754039280172265
2019-01-27 17:18:00,-0.3322896941916724
2019-01-27 17:21:00,-0.3139204675596261
2019-01-27 17:24:00,-0.2945253950497886
2019-01-27 17:27:00,-0.2862951612179927
2019-01-27 17:30:00,-0.3157803885983981
2019-01-27 17:33:00,-0.28906201681962784
2019-01-27 17:36:00,-0.2973227373539089
2019-01-27 17:39:00,-0.2582729162116948
2019-01-27 17:42:00,-0.23255394669820362
2019-01-27 17:45:00,-0.2553810663927152
2019-01-27 17:48:00,-0.26066439011486864
2019-01-27 17:51:00,-0.16018570611623772
2019-01-27 17:54:00,-0.17813495515019895
2019-01-27 17:57:00,-0.13121294933989702
2019-01-27 18:00:00,-0.23178071558214697
2019-01-27 18:03:00,-0.20777961077760665
2019-01-27 18:06:00,-0.15307356825167062
2019-01-27 18:09:00,-0.12444569762436686
2019-01-27 18:12:00,-0.10642155553688326
2019-01-27 18:15:00,-0.15589273196587783
2019-01-27 18:18:00,-0.15323561553884701
2019-01-27 18:21:00,-0.11751989303144228
2019-01-27 18:24:00,-0.03312543168567572
2019-01-27 18:27:00,-0.17566562494471327
2019-01-27 18:30:00,-0.09281339779658992
2019-01-27 18:33:00,-0.03073403010586162
2019-01-27 18:36:00,-0.045962745236238334
2019-01-27 18:39:00,-0.08864925858415518
2019-01-27 18:42:00,-0.04045942693079496
2019-01-27 18:45:00,-0.10752875616901747
2019-01-27 18:48:00,0.024215383835610282
2019-01-27 18:51:00,0.028096221420980783
2019-01-27 18:54:00,-0.013284736814853204
2019-01-27 18:57:00,
2019-01-27 19:00:00,
2019-01-27 19:03:00,-0.10854984702899628
2019-01-27 19:06:00,-0.0640118487305017
2019-01-27 19:09:00,0.024227581466163883
2019-01-27 19:12:00,-0.07907274337935633
2019-01-27 19:15:00,-0.003600731854874084
2019-01-27 19:18:00,0.02097676878014454
2019-01-27 19:21:00,-0.007231207413212815
2019-01-27 19:24:00,0.032800795139678485
2019-01-27 19:27:00,0.020447026932345125
2019-01-27 19:30:00,-0.03734743168791965
2019-01-27 19:33:00,0.029148389646081796
2019-01-27 19:36:00,0.059796585812023295
2019-01-27 19:39:00,0.04310520988059352
2019-01-27 19:42:00,0.032418445231655824
2019-01-27 19:45:00,-0.026857337810042736
2019-01-27 19:48:00,0.030520409284349626
2019-01-27 19:51:00,0.050200383313267594
2019-01-27 19:54:00,0.07162813296434933
2019-01-27 19:57:00,-0.013876546006201806
2019-01-27 20:00:00,0.03587344139828019
2019-01-27 20:03:00,0.10197140855456155
2019-01-27 20:06:00,0.11819837013337064
2019-01-27 20:09:00,0.040833583641699533
2019-01-27 20:12:00,0.043041821189206075
2019-01-27 20:15:00,0.023948805189775157
2019-01-27 20:18:00,0.043207874318170525
2019-01-27 20:21:00,0.017478595494367255
2019-01-27 20:24:00,0.04307830975147908
2019-01-27 20:27:00,0.1710669840964556
2019-01-27 20:30:00,0.15590581723722607
2019-01-27 20:33:00,0.10747606580599722
2019-01-27 20:36:00,0.09019488216767968
2019-01-27 20:39:00,0.10915951481911179
2019-01-27 20:42:00,0.08741186149757141
2019-01-27 20:45:00,0.10994774954508557
2019-01-27 20:48:00,0.10373760734768211
2019-01-27 20:51:00,0.11034649228065518
2019-01-27 20:54:00,0.0541483536358669
2019-01-27 20:57:00,0.06155838063983765
2019-01-27 21:00:00,0.13537572834292178
2019-01-27 21:03:00,0.011369794880636164
2019-01-27 21:06:00,0.09344088733172384
2019-01-27 21:09:00,0.10918702769453148
2019-01-27 21:12:00,0.12199758140661743
2019-01-27 21:15:00,0.03856262717476966
2019-01-27 21:18:00,0.02402818250141081
2019-01-27 21:21:00,0.06255535634613807
2019-01-27 21:24:00,0.05725329366958931
2019-01-27 21:27:00,0.059640791770675605
2019-01-27 21:30:00,0.01601144745086458
2019-01-27 21:33:00,0.16323068061865342
2019-01-27 21:36:00,0.1164756070348858
2019-01-27 21:39:00,0.0969770815312927
2019-01-27 21:42:00,0.08926770844726661
2019-01-27 21:45:00,0.20940436581645372
2019-01-27 21:48:00,0.12789699320188674
2019-01-27 21:51:00,0.11181034465482753
2019-01-27 21:54:00,0.09655681055778587
2019-01-27 21:57:00,0.1569780759911623
2019-01-27 22:00:00,0.13017800493543064
2019-01-27 22:03:00,0.14758313175775584
2019-01-27 22:06:00,0.13601684886583598
2019-01-27 22:09:00,0.17146006315323348
2019-01-27 22:12:00,0.15341641006932605
2019-01-27 22:15:00,0.11421097835165028
2019-01-27 22:18:00,0.055373660092868704
2019-01-27 22:21:00,0.16104487634777342
2019-01-27 22:24:00,0.0656914492069518
2019-01-27 22:27:00,0.19538247949031984
2019-01-27 22:30:00,0.13860667855732345
2019-01-27 22:33:00,0.021264570606888356
2019-01-27 22:36:00,0.14283293316327672
2019-01-27 22:39:00,0.1563999271302805
2019-01-27 22:42:00,0.17078848204380392
2019-01-27 22:45:00,0.10405366596256727
2019-01-27 22:48:00,0.15471021554810704
2019-01-27 22:51:00,0.2289305782549036
2019-01-27 22:54:00,0.2482951602676735
2019-01-27 22:57:00,0.24250204931365715
2019-01-27 23:00:00,0.2455825035604562
2019-01-27 23:03:00,0.33593659217234517
2019-01-27 23:06:00,0.15008304369496273
2019-01-27 23:09:00,0.33535195239051063
2019-01-27 23:12:00,0.23384837299209948
2019-01-27 23:15:00,0.20481420056461275
2019-01-27 23:18:00,0.34665793336540673
2019-01-27 23:21:00,0.31662191900994685
2019-01-27 23:24:00,0.28212475142998983
2019-01-27 23:27:00,0.24292016729566512
2019-01-27 23:30:00,0.20606351736427087
2019-01-27 23:33:00,0.20058540399668345
2019-01-27 23:36:00,0.27025420648828913
2019-01-27 23:39:00,0.25192486137694914
2019-01-27 23:42:00,0.32800279670186683
2019-01-27 23:45:00,0.23388645412364895
2019-01-27 23:48:00,0.322258424650272
2019-01-27 23:51:00,0.3190648281301378
2019-01-27 23:54:00,0.17122478858169643
2019-01-27 23:57:00,0.3453042228821914
2019-01-28 00:00:00,0.2007645335265238
2019-01-28 00:03:00,0.26343636209207943
2019-01-28 00:06:00,0.17683027273085372
2019-01-28 00:09:00,0.21864756408780295
2019-01-28 00:12:00,0.2621828435911766
2019-01-28 00:15:00,0.33761724961061645
2019-01-28 00:18:00,0.3328400583057487
2019-01-28 00:21:00,0.28487609472853137
2019-01-28 00:24:00,0.19749868226926992
2019-01-28 00:27:00,0.22016967436741197
2019-01-28 00:30:00,0.2631508201135375
2019-01-28 00:33:00,0.20394871657691738
2019-01-28 00:36:00,0.1566689013289988
2019-01-28 00:39:00,0.2623619314156258
2019-01-28 00:42:00,0.2174902598853805
2019-01-28 00:45:00,0.2514083015086612
2019-01-28 00:48:00,0.24659575081926732
2019-01-28 00:51:00,0.20237932682766768
2019-01-28 00:54:00,0.17016003772681643
2019-01-28 00:57:00,0.1704646100756122
2019-01-28 01:00:00,0.33115570960819696
2019-01-28 01:03:00,0.1820798775225967
2019-01-28 01:06:00,0.20790286451915563
2019-01-28 01:09:00,0.24200003679590054
2019-01-28 01:12:00,0.2698783634136248
2019-01-28 01:15:00,0.29166322837289727
2019-01-28 01:18:00,0.24243493332750177
2019-01-28 01:21:00,0.2737406133480249
2019-01-28 01:24:00,0.30623997610570086
2019-01-28 01:27:00,0.25038509104444984
2019-01-28 01:30:00,0.23617559929579102
2019-01-28 01:33:00,0.22858639498588218
2019-01-28 01:36:00,0.1522192503016413
2019-01-28 01:39:00,0.17977589213711553
2019-01-28 01:42:00,0.1515639717213162
2019-01-28 01:45:00,0.15749091895105494
2019-01-28 01:48:00,0.20902571171075124
2019-01-28 01:51:00,0.2016616543019154
2019-01-28 01:54:00,0.2751240075390342
2019-01-28 01:57:00,0.27417496283050014
2019-01-28 02:00:00,0.3522346599401658
2019-01-28 02:03:00,0.2863831339975036
2019-01-28 02:06:00,0.3260837851859151
2019-01-28 02:09:00,0.3676911312092557
2019-01-28 02:12:00,0.41167436646139777
2019-01-28 02:15:00,0.4666737311681004
2019-01-28 02:18:00,0.3873572392245137
2019-01-28 02:21:00,0.4136068375580635
2019-01-28 02:24:00,0.2537129521830366
2019-01-28 02:27:00,0.22527365982176661
2019-01-28 02:30:00,0.20493114104118604
2019-01-28 02:33:00,0.14561425601988276
2019-01-28 02:36:00,0.2364079013564151
2019-01-28 02:39:00,0.21738086971038229
2019-01-28 02:42:00,0.2590188864362517
2019-01-28 02:45:00,0.21906977220146473
2019-01-28 02:48:00,0.1820556178340098
2019-01-28 02:51:00,0.20860217020913296
2019-01-28 02:54:00,0.22630144980587374
2019-01-28 02:57:00,0.220403455478845
2019-01-28 03:00:00,0.2560282423511353
2019-01-28 03:03:00,0.25723160078041474
2019-01-28 03:06:00,0.3261152652623309
2019-01-28 03:09:00,0.31689520955819717
2019-01-28 03:12:00,0.36354885430660033
2019-01-28 03:15:00,0.35032714508412255
2019-01-28 03:18:00,0.16801113081936592
2019-01-28 03:21:00,0.2933991570159833
2019-01-28 03:24:00,0.3683294707145137
2019-01-28 03:27:00,0.28452286228537105
2019-01-28 03:30:00,0.333312935992069
2019-01-28 03:33:00,0.23438273412324406
2019-01-28 03:36:00,0.25346140768397163
2019-01-28 03:39:00,0.23915815965187903
2019-01-28 03:42:00,0.31577917754214013
2019-01-28 03:45:00,0.2034874711827115
2019-01-28 03:48:00,0.23492660750576988
2019-01-28 03:51:00,0.24949431090294638
2019-01-28 03:54:00,0.2774595697906648
2019-01-28 03:57:00,0.21779419396750654
2019-01-28 04:00:00,0.19493349351995448
2019-01-28 04:03:00,0.22359706548320446
2019-01-28 04:06:00,0.20615291035574046
2019-01-28 04:09:00,0.18751011858421407
2019-01-28 04:12:00,0.19354194748063946
2019-01-28 04:15:00,0.16504912552085216
2019-01-28 04:18:00,0.13044212124736987
2019-01-28 04:21:00,0.16164602542119155
2019-01-28 04:24:00,0.0941647510654775
2019-01-28 04:27:00,0.20506665387625844
2019-01-28 04:30:00,0.03509061892322052
2019-01-28 04:33:00,0.22572802724806706
2019-01-28 04:36:00,0.12133705088189117
2019-01-28 04:39:00,0.22947723469633274
2019-01-28 04:42:00,0.3206459879150998
2019-01-28 04:45:00,0.0636730643443002
2019-01-28 04:48:00,0.14654948536247048
2019-01-28 04:51:00,0.2163482665639549
2019-01-28 04:54:00,0.14003450143951568
2019-01-28 04:57:00,0.14974926688347523
2019-01-28 05:00:00,0.12703535232969898
2019-01-28 05:03:00,0.1851658628864925
2019-01-28 05:06:00,0.0725643300665979
2019-01-28 05:09:00,0.13208162356642106
2019-01-28 05:12:00,0.0748639427944795
2019-01-28 05:15:00,0.16810296752902332
2019-01-28 05:18:00,0.10240831501084813
2019-01-28 05:21:00,0.17438414756890097
2019-01-28 05:24:00,0.13544128639438213
2019-01-28 05:27:00,0.07798389995355137
2019-01-28 05:30:00,0.15983564950676055
2019-01-28 05:33:00,0.19399972481892291
2019-01-28 05:36:00,0.12716277858896774
2019-01-28 05:39:00,0.2011533846420548
2019-01-28 05:42:00,0.09093378037584898
2019-01-28 05:45:00,0.19695444334718104
2019-01-28 05:48:00,0.26287939735345844
2019-01-28 05:51:00,0.20986436816110654
2019-01-28 05:54:00,0.21739910313874589
2019-01-28 05:57:00,0.23788079562945086
2019-01-28 06:00:00,0.21605009588381563
2019-01-28 06:03:00,0.21258167573279252
2019-01-28 06:06:00,0.25568713196526005
2019-01-28 06:09:00,0.15184035418877784
2019-01-28 06:12:00,0.18859226285587738
2019-01-28 06:15:00,0.1832266799066815
2019-01-28 06:18:00,0.1690001557255414
2019-01-28 06:21:00,0.20860598828903676
2019-01-28 06:24:00,0.19178338835746445
2019-01-28 06:27:00,0.13536582870045777
2019-01-28 06:30:00,0.11489688768392625
2019-01-28 06:33:00,0.1564758229119434
2019-01-28 06:36:00,0.18015799705068503
2019-01-28 06:39:00,0.13931989291239688
2019-01-28 06:42:00,0.17958589433322913
2019-01-28 06:45:00,0.2717924619738028
2019-01-28 06:48:00,0.14628043321749828
2019-01-28 06:51:00,0.24930141482821
2019-01-28 06:54:00,0.21323789072425825
2019-01-28 06:57:00,0.15842193723591436
2019-01-28 07:00:00,0.12780648768551828
2019-01-28 07:03:00,0.13376208570417703
2019-01-28 07:06:00,0.08910281215116811
2019-01-28 07:09:00,0.12549690667952973
2019-01-28 07:12:00,0.15512100953606023
2019-01-28 07:15:00,0.06924700256615779
2019-01-28 07:18:00,0.0479119540332249
2019-01-28 07:21:00,0.11423102146147812
2019-01-28 07:24:00,0.07297059815988405
2019-01-28 07:27:00,0.03119820033941778
2019-01-28 07:30:00,0.07974651486767925
2019-01-28 07:33:00,0.10449266033202775
2019-01-28 07:36:00,0.1255808739448412
2019-01-28 07:39:00,0.18518722777901075
2019-01-28 07:42:00,0.1507382272998825
2019-01-28 07:45:00,0.1320108368765318
2019-01-28 07:48:00,0.17677235610017306
2019-01-28 07:51:00,0.1293813295410473
2019-01-28 07:54:00,0.18632492294977965
2019-01-28 07:57:00,0.05561840149709951
2019-01-28 08:00:00,0.12513904823714483
2019-01-28 08:03:00,0.11845962479554828
2019-01-28 08:06:00,0.16194310179247395
2019-01-28 08:09:00,0.11901408688333959
2019-01-28 08:12:00,0.1111929604299462
2019-01-28 08:15:00,0.06877191062932297
2019-01-28 08:18:00,0.05068664051555061
2019-01-28 08:21:00,0.13929613367588445
2019-01-28 08:24:00,0.05260296087936922
2019-01-28 08:27:00,0.14902865128107123
2019-01-28 08:30:00,0.07573646056880534
2019-01-28 08:33:00,0.1420130295588251
2019-01-28 08:36:00,0.09510898571011239
2019-01-28 08:39:00,0.08105953141762257
2019-01-28 08:42:00,0.10100928002816545
2019-01-28 08:45:00,0.10993866400445995
2019-01-28 08:48:00,0.10362225031690286
2019-01-28 08:51:00,0.1396395222816409
2019-01-28 08:54:00,0.10522987204791434
2019-01-28 08:57:00,0.09458534436879518
2019-01-28 09:00:00,0.11804716181325148
2019-01-28 09:03:00,0.10820476384520816
2019-01-28 09:06:00,0.046647794129341946
2019-01-28 09:09:00,0.029340805407116477
2019-01-28 09:12:00,0.14887738670819317
2019-01-28 09:15:00,0.09889345335784583
2019-01-28 09:18:00,0.13751679659088722
2019-01-28 09:21:00,-0.021143707666283262
2019-01-28 09:24:00,-0.044979079824486234
2019-01-28 09:27:00,-0.018711716512768817
2019-01-28 09:30:00,0.07136043994609054
2019-01-28 09:33:00,0.04712302688710679
2019-01-28 09:36:00,0.13701890069103229
2019-01-28 09:39:00,-0.005013951381840798
2019-01-28 09:42:00,0.062161928176522
2019-01-28 09:45:00,0.009702417849211997
2019-01-28 09:48:00,0.009612116896050793
2019-01-28 09:51:00,-0.005595120379950913
2019-01-28 09:54:00,-0.040031531648196506
2019-01-28 09:57:00,0.007812310146164236
2019-01-28 10:00:00,-0.08475883536226547
2019-01-28 10:03:00,0.011045561341745724
2019-01-28 10:06:00,0.10945871516730676
2019-01-28 10:09:00,0.07371191977023273
2019-01-28 10:12:00,-0.06059186977347508
2019-01-28 10:15:00,-0.000492729335974218
2019-01-28 10:18:00,-0.08250376417538519
2019-01-28 10:21:00,-0.008721189008269903
2019-01-28 10:24:00,-0.01454247450345747
2019-01-28 10:27:00,-0.11372459442395666
2019-01-28 10:30:00,-0.004443890778304649
2019-01-28 10:33:00,-0.16885911306314938
2019-01-28 10:36:00,-0.06824280607588662
2019-01-28 10:39:00,-0.08420081272220159
2019-01-28 10:42:00,-0.02908210681982837
2019-01-28 10:45:00,-0.11093251582309449
2019-01-28 10:48:00,-0.06666319856282144
2019-01-28 10:51:00,-0.03358417700803784
2019-01-28 10:54:00,0.0012791715541311532
2019-01-28 10:57:00,-0.001673348337533298
2019-01-28 11:00:00,-0.009600411197084213
2019-01-28 11:03:00,-0.12749060928132394
2019-01-28 11:06:00,-0.03319988645483818
2019-01-28 11:09:00,-0.036292944635874846
2019-01-28 11:12:00,0.01625847355728638
2019-01-28 11:15:00,0.03111396942409783
2019-01-28 11:18:00,-0.06593020709027542
2019-01-28 11:21:00,0.11290688997303278
2019-01-28 11:24:00,0.013950215339491479
2019-01-28 11:27:00,0.02491743482102038
2019-01-28 11:30:00,0.11739513478732988
2019-01-28 11:33:00,-0.012700495284832414
2019-01-28 11:36:00,0.06191594970380265
2019-01-28 11:39:00,0.005594895131935118
2019-01-28 11:42:00,0.03699296095328464
2019-01-28 11:45:00,-0.047906544960937936
2019-01-28 11:48:00,-0.04145278003278463
2019-01-28 11:51:00,0.014667455712299216
2019-01-28 11:54:00,0.047396807914935835
2019-01-28 11:57:00,-0.07868781519073309
2019-01-28 12:00:00,-0.02708198093887404
2019-01-28 12:03:00,0.036571650599171335
2019-01-28 12:06:00,0.04943937882916316
2019-01-28 12:09:00,0.04796813527258337
2019-01-28 12:12:00,-0.014700707381621214
2019-01-28 12:15:00,0.11853871288514028
2019-01-28 12:18:00,0.0846528968317557
2019-01-28 12:21:00,0.162807124206779
2019-01-28 12:24:00,0.05880783143010149
2019-01-28 12:27:00,0.2271863469765094
2019-01-28 12:30:00,0.14135924442189207
2019-01-28 12:33:00,0.15024633428868128
2019-01-28 12:36:00,0.24456677140170768
2019-01-28 12:39:00,0.2989825063128251
2019-01-28 12:42:00,0.33631530027571443
2019-01-28 12:45:00,0.3571733715909886
2019-01-28 12:48:00,0.36543662341466643
2019-01-28 12:51:00,0.4872990733970255
2019-01-28 12:54:00,0.48837746486464084
2019-01-28 12:57:00,0.6492169635727123
2019-01-28 13:00:00,0.6184358481610843
2019-01-28 13:03:00,0.6299336858994593
2019-01-28 13:06:00,0.5491197941234987
2019-01-28 13:09:00,0.5797296492431201
2019-01-28 13:12:00,0.6354012450468076
2019-01-28 13:15:00,0.6858314485476171
2019-01-28 13:18:00,0.6395083812055873
2019-01-28 13:21:00,0.59932391559812
2019-01-28 13:24:00,0.5138593371041225
2019-01-28 13:27:00,0.5141201431826516
2019-01-28 13:30:00,0.43843438757477315
2019-01-28 13:33:00,0.5626155418418648
2019-01-28 13:36:00,0.5252770218567093
2019-01-28 13:39:00,0.5002764171136391
2019-01-28 13:42:00,0.5362767578233729
2019-01-28 13:45:00,0.4820939756697271
2019-01-28 13:48:00,0.48455254287426897
2019-01-28 13:51:00,0.5769395792533487
2019-01-28 13:54:00,0.5760973930169939
2019-01-28 13:57:00,0.34200530333635015
2019-01-28 14:00:00,0.2510005818309651
2019-01-28 14:03:00,0.32214655341698517
2019-01-28 14:06:00,0.2329086930542985
2019-01-28 14:09:00,0.2882072833521647
2019-01-28 14:12:00,0.3315304819320204
2019-01-28 14:15:00,0.15813499465139103
2019-01-28 14:18:00,0.24031132058860294
2019-01-28 14:21:00,0.2322620794982413
2019-01-28 14:24:00,0.20920941383667468
2019-01-28 14:27:00,0.08903788328444762
2019-01-28 14:30:00,0.195363835376952
2019-01-28 14:33:00,0.1953662377863452
2019-01-28 14:36:00,0.10207626710763407
2019-01-28 14:39:00,0.21196400624450007
2019-01-28 14:42:00,0.104911097027923
2019-01-28 14:45:00,0.15832814452011235
2019-01-28 14:48:00,0.23531681205224686
2019-01-28 14:51:00,0.09195683936184196
2019-01-28 14:54:00,0.1726590827826726
2019-01-28 14:57:00,0.3303418043034867
2019-01-28 15:00:00,0.15211710081320007
2019-01-28 15:03:00,0.17573802744692557
2019-01-28 15:06:00,0.20696385292973218
2019-01-28 15:09:00,0.10032300372580494
2019-01-28 15:12:00,0.16691567967615129
2019-01-28 15:15:00,0.18117591514237574
2019-01-28 15:18:00,0.1353156791612946
2019-01-28 15:21:00,0.0585563499838031
2019-01-28 15:24:00,0.06733862048821493
2019-01-28 15:27:00,0.17040484542030754
2019-01-28 15:30:00,0.15203035139813892
2019-01-28 15:33:00,0.03921509925982036
2019-01-28 15:36:00,0.16196767661108424
2019-01-28 15:39:00,0.1561263617454074
2019-01-28 15:42:00,0.12209560889311888
2019-01-28 15:45:00,0.11008102450335855
2019-01-28 15:48:00,0.1680304963489334
2019-01-28 15:51:00,0.05519939094313031
2019-01-28 15:54:00,0.10312969442162512
2019-01-28 15:57:00,0.0901370959447263
2019-01-28 16:00:00,0.06637483890068552
2019-01-28 16:03:00,0.04176853301561323
2019-01-28 16:06:00,0.021103673292657277
2019-01-28 16:09:00,0.08652033989415031
2019-01-28 16:12:00,-0.016503664107403893
2019-01-28 16:15:00,0.1318211760751069
2019-01-28 16:18:00,0.04833349608344406
2019-01-28 16:21:00,-0.0197571354845536
2019-01-28 16:24:00,0.10603191987593164
2019-01-28 16:27:00,0.005705256533133252
2019-01-28 16:30:00,0.1239064384766948
2019-01-28 16:33:00,-0.03843103142867221
2019-01-28 16:36:00,0.007898522075549863
2019-01-28 16:39:00,0.10324355920380412
2019-01-28 16:42:00,0.10151515685038248
2019-01-28 16:45:00,0.07657642580869606
2019-01-28 16:48:00,0.035366396351264484
2019-01-28 16:51:00,0.04703497315347249
2019-01-28 16:54:00,-0.00114327071594289
2019-01-28 16:57:00,0.07321148099117636
2019-01-28 17:00:00,-0.04114066600965316
2019-01-28 17:03:00,-0.011195447387763124
2019-01-28 17:06:00,0.05114836037733994
2019-01-28 17:09:00,-0.10088643570895783
2019-01-28 17:12:00,0.009022060487438921
2019-01-28 17:15:00,-0.0445211412005051
2019-01-28 17:18:00,0.03233703515979869
2019-01-28 17:21:00,-0.04138798492766682
2019-01-28 17:24:00,0.0873829492884397
2019-01-28 17:27:00,0.007202978671728033
2019-01-28 17:30:00,-0.04422206180043986
2019-01-28 17:33:00,-0.031103357192137082
2019-01-28 17:36:00,0.07309313551343166
2019-01-28 17:39:00,-0.033270236383259544
2019-01-28 17:42:00,0.02697524780234062
2019-01-28 17:45:00,-0.0539093782369946
2019-01-28 17:48:00,0.04213911691493877
2019-01-28 17:51:00,-0.00786671778297432
2019-01-28 17:54:00,0.02414449863505297
2019-01-28 17:57:00,0.06806319614042877
2019-01-28 18:00:00,0.01786795329803681
2019-01-28 18:03:00,0.06310503443103244
2019-01-28 18:06:00,0.03182773768082825
2019-01-28 18:09:00,0.06687021140010074
2019-01-28 18:12:00,0.1072946237072756
2019-01-28 18:15:00,0.06979256759200325
2019-01-28 18:18:00,-0.046378748001473014
2019-01-28 18:21:00,0.08218930431667104
2019-01-28 18:24:00,0.04807562068430116
2019-01-28 18:27:00,0.11460828950737323
2019-01-28 18:30:00,0.09082513301405015
2019-01-28 18:33:00,0.1163241203245775
2019-01-28 18:36:00,0.06274017132943754
2019-01-28 18:39:00,0.026993151103397395
2019-01-28 18:42:00,0.10030533962088839
2019-01-28 18:45:00,0.02088584992043252
2019-01-28 18:48:00,0.03202693330877082
2019-01-28 18:51:00,0.07609649865753454
2019-01-28 18:54:00,
2019-01-28 18:57:00,
2019-01-28 19:00:00,
2019-01-28 19:03:00,0.061782635953420595
2019-01-28 19:06:00,0.0936263090503644
2019-01-28 19:09:00,0.1332879700866556
2019-01-28 19:12:00,0.06534190586580735
2019-01-28 19:15:00,0.027152113311728954
2019-01-28 19:18:00,0.1450233023427927
2019-01-28 19:21:00,0.08345651330108694
2019-01-28 19:24:00,0.105265155952452
2019-01-28 19:27:00,0.184695745812121
2019-01-28 19:30:00,0.1359425244007184
2019-01-28 19:33:00,0.14946165559001656
2019-01-28 19:36:00,0.11648241970931394
2019-01-28 19:39:00,0.1553501960338508
2019-01-28 19:42:00,0.07987711242788009
2019-01-28 19:45:00,0.05898269466973716
2019-01-28 19:48:00,0.17665294757790662
2019-01-28 19:51:00,0.11810453880428895
2019-01-28 19:54:00,0.18702940539088786
2019-01-28 19:57:00,0.175666161599338
2019-01-28 20:00:00,0.16219951902274943
2019-01-28 20:03:00,0.11826105788668428
2019-01-28 20:06:00,0.14564540141822135
2019-01-28 20:09:00,-0.03240387622048502
2019-01-28 20:12:00,0.1204184593058244
2019-01-28 20:15:00,0.08764446680874016
2019-01-28 20:18:00,0.199766243285751
2019-01-28 20:21:00,0.18798140865266078
2019-01-28 20:24:00,0.1504155130562026
2019-01-28 20:27:00,0.10364286275290624
2019-01-28 20:30:00,0.20140440583423924
2019-01-28 20:33:00,0.1580740961243805
2019-01-28 20:36:00,0.08744788783155855
2019-01-28 20:39:00,0.09688901507900027
2019-01-28 20:42:00,0.23433300985016103
2019-01-28 20:45:00,0.11609589825621924
2019-01-28 20:48:00,0.1645820860578624
2019-01-28 20:51:00,0.09638262431559497
2019-01-28 20:54:00,0.11320617480896544
2019-01-28 20:57:00,0.19088108069837517
2019-01-28 21:00:00,0.18367558086276858
2019-01-28 21:03:00,0.11134159836188928
2019-01-28 21:06:00,0.18708231855066515
2019-01-28 21:09:00,0.19848181118891262
2019-01-28 21:12:00,0.2127830239821833
2019-01-28 21:15:00,0.1919436639535661
2019-01-28 21:18:00,0.23859122088970253
2019-01-28 21:21:00,0.17607030837712045
2019-01-28 21:24:00,0.29875269534881
2019-01-28 21:27:00,0.18333029417641455
2019-01-28 21:30:00,0.13214221917888835
2019-01-28 21:33:00,0.2221263863623335
2019-01-28 21:36:00,0.13326974446243867
2019-01-28 21:39:00,0.1710073186532668
2019-01-28 21:42:00,0.3465578855550575
2019-01-28 21:45:00,0.1901023928065797
2019-01-28 21:48:00,0.17361261839903364
2019-01-28 21:51:00,0.1411743788830222
2019-01-28 21:54:00,0.17440950359014096
2019-01-28 21:57:00,0.17115327179504902
2019-01-28 22:00:00,0.2176552837363488
2019-01-28 22:03:00,0.12418930429805641
2019-01-28 22:06:00,0.18673432362118092
2019-01-28 22:09:00,0.2283287005745933
2019-01-28 22:12:00,0.11918722655587999
2019-01-28 22:15:00,0.23440682635725807
2019-01-28 22:18:00,0.15510779000618413
2019-01-28 22:21:00,0.18683061648289367
2019-01-28 22:24:00,0.1528398538333704
2019-01-28 22:27:00,0.1298653103012839
2019-01-28 22:30:00,0.14771303886135456
2019-01-28 22:33:00,0.21477846150008872
2019-01-28 22:36:00,0.09457069613722524
2019-01-28 22:39:00,0.14801958245368496
2019-01-28 22:42:00,0.09433682967392087
2019-01-28 22:45:00,0.17583630790392135
2019-01-28 22:48:00,0.13559161402702102
2019-01-28 22:51:00,0.12232244623072575
2019-01-28 22:54:00,0.23590641544717528
2019-01-28 22:57:00,0.13561178677042562
2019-01-28 23:00:00,0.20969462789327054
2019-01-28 23:03:00,0.16467669711460076
2019-01-28 23:06:00,0.20321561969308277
2019-01-28 23:09:00,0.22992204193366206
2019-01-28 23:12:00,0.20407398877023297
2019-01-28 23:15:00,0.1413324316704916
2019-01-28 23:18:00,0.16415360964094816
2019-01-28 23:21:00,0.19433949329993538
2019-01-28 23:24:00,0.124668776838746
2019-01-28 23:27:00,0.20436893785881693
2019-01-28 23:30:00,0.26127247853423796
2019-01-28 23:33:00,0.24265158883184768
2019-01-28 23:36:00,0.1841164953772818
2019-01-28 23:39:00,0.1882509876943459
2019-01-28 23:42:00,0.1747483704870092
2019-01-28 23:45:00,0.23788668225870424
2019-01-28 23:48:00,0.16094658903335812
2019-01-28 23:51:00,0.24725885543165305
2019-01-28 23:54:00,0.22042821076775
2019-01-28 23:57:00,0.28441339897023
2019-01-29 00:00:00,0.23396886312298193
2019-01-29 00:03:00,0.25090531833740215
2019-01-29 00:06:00,0.2724390764902296
2019-01-29 00:09:00,0.14327463775151728
2019-01-29 00:12:00,0.28888368653701946
2019-01-29 00:15:00,0.3052356829786049
2019-01-29 00:18:00,0.2474200434436966
2019-01-29 00:21:00,0.29382647936711237
2019-01-29 00:24:00,0.2813271290072521
2019-01-29 00:27:00,0.2854916830954153
2019-01-29 00:30:00,0.2830532722405792
2019-01-29 00:33:00,0.293898330019033
2019-01-29 00:36:00,0.30895915753768577
2019-01-29 00:39:00,0.3886882984988347
2019-01-29 00:42:00,0.29706062539349887
2019-01-29 00:45:00,0.28815988720708674
2019-01-29 00:48:00,0.30017494127702093
2019-01-29 00:51:00,0.33508830407822643
2019-01-29 00:54:00,0.25276832028589524
2019-01-29 00:57:00,0.25354877763447803
2019-01-29 01:00:00,0.26640014021648994
2019-01-29 01:03:00,0.22419473483483898
2019-01-29 01:06:00,0.32595162072720996
2019-01-29 01:09:00,0.31622855234513736
2019-01-29 01:12:00,0.35146742747622284
2019-01-29 01:15:00,0.36635571218005225
2019-01-29 01:18:00,0.28418238703579846
2019-01-29 01:21:00,0.3074475540900039
2019-01-29 01:24:00,0.3154110912285546
2019-01-29 01:27:00,0.3157003561297529
2019-01-29 01:30:00,0.21560345966963723
2019-01-29 01:33:00,0.3298207122579697
2019-01-29 01:36:00,0.39576144854197537
2019-01-29 01:39:00,0.2790038212738182
2019-01-29 01:42:00,0.2785417191632291
2019-01-29 01:45:00,0.29889754563390625
2019-01-29 01:48:00,0.3504618324805051
2019-01-29 01:51:00,0.3485178760290637
2019-01-29 01:54:00,0.39130832272269345
2019-01-29 01:57:00,0.37649714598592254
2019-01-29 02:00:00,0.2901363498855858
2019-01-29 02:03:00,0.29986811172602756
2019-01-29 02:06:00,0.2647688257037544
2019-01-29 02:09:00,0.29199474166142636
2019-01-29 02:12:00,0.2675764684196338
2019-01-29 02:15:00,0.3655303225744433
2019-01-29 02:18:00,0.2913491119718401
2019-01-29 02:21:00,0.3529478509691444
2019-01-29 02:24:00,0.2491883480862498
2019-01-29 02:27:00,0.2841461588353127
2019-01-29 02:30:00,0.2503386212176224
2019-01-29 02:33:00,0.27523719688286974
2019-01-29 02:36:00,0.35526048142139643
2019-01-29 02:39:00,0.31732087707206347
2019-01-29 02:42:00,0.32090366061612485
2019-01-29 02:45:00,0.36046042993592664
2019-01-29 02:48:00,0.2968049136081845
2019-01-29 02:51:00,0.3667753900214734
2019-01-29 02:54:00,0.3386192727666639
2019-01-29 02:57:00,0.3061450931441527
2019-01-29 03:00:00,0.3242692170342707
2019-01-29 03:03:00,0.29295398167954545
2019-01-29 03:06:00,0.35843430418862
2019-01-29 03:09:00,0.3727351204094589
2019-01-29 03:12:00,0.3655365483851938
2019-01-29 03:15:00,0.413219578509711
2019-01-29 03:18:00,0.3678221827062771
2019-01-29 03:21:00,0.393370909034104
2019-01-29 03:24:00,0.31156984812724886
2019-01-29 03:27:00,0.38612961470113305
2019-01-29 03:30:00,0.42545322000830765
2019-01-29 03:33:00,0.2849575790444874
2019-01-29 03:36:00,0.28706347826164347
2019-01-29 03:39:00,0.3416853261506958
2019-01-29 03:42:00,0.3370460420190966
2019-01-29 03:45:00,0.3113174293372367
2019-01-29 03:48:00,0.37599776900873394
2019-01-29 03:51:00,0.36242933221654994
2019-01-29 03:54:00,0.2765570918433582
2019-01-29 03:57:00,0.3698060408325432
2019-01-29 04:00:00,0.34184968087902234
2019-01-29 04:03:00,0.4038171763684204
2019-01-29 04:06:00,0.38375759152819455
2019-01-29 04:09:00,0.32687924013663405
2019-01-29 04:12:00,0.3744363397413508
2019-01-29 04:15:00,0.3699278441242768
2019-01-29 04:18:00,0.409322587656618
2019-01-29 04:21:00,0.3437372181828664
2019-01-29 04:24:00,0.43797151590825933
2019-01-29 04:27:00,0.3468413844828433
2019-01-29 04:30:00,0.3549981052948965
2019-01-29 04:33:00,0.3191063882087519
2019-01-29 04:36:00,0.4157374351617591
2019-01-29 04:39:00,0.37097761319506617
2019-01-29 04:42:00,0.3199601281372111
2019-01-29 04:45:00,0.4195329326384467
2019-01-29 04:48:00,0.3764617717867509
2019-01-29 04:51:00,0.26131805390593854
2019-01-29 04:54:00,0.3496155405524064
2019-01-29 04:57:00,0.32060473037125803
2019-01-29 05:00:00,0.3781164229354772
2019-01-29 05:03:00,0.43262727072789176
2019-01-29 05:06:00,0.3912993958574589
2019-01-29 05:09:00,0.3928714247111884
2019-01-29 05:12:00,0.4427795052511101
2019-01-29 05:15:00,0.3746984079394906
2019-01-29 05:18:00,0.35360770315645595
2019-01-29 05:21:00,0.47455257367954573
2019-01-29 05:24:00,0.3583251756751906
2019-01-29 05:27:00,0.4034048544536972
2019-01-29 05:30:00,0.4617131575970461
2019-01-29 05:33:00,0.39997394622827187
2019-01-29 05:36:00,0.34008243600857213
2019-01-29 05:39:00,0.36614606350480017
2019-01-29 05:42:00,0.44707401108371414
2019-01-29 05:45:00,0.33296771120416224
2019-01-29 05:48:00,0.3408640994675807
2019-01-29 05:51:00,0.3856926923544961
2019-01-29 05:54:00,0.4136993917613836
2019-01-29 05:57:00,0.2931297260145129
2019-01-29 06:00:00,0.34263396985289774
2019-01-29 06:03:00,0.3554610069093087
2019-01-29 06:06:00,0.36818889754908923
2019-01-29 06:09:00,0.32342781979707524
2019-01-29 06:12:00,0.30776322234805775
2019-01-29 06:15:00,0.3508545810137207
2019-01-29 06:18:00,0.40163359684453326
2019-01-29 06:21:00,0.355365488100972
2019-01-29 06:24:00,0.3954289830401194
2019-01-29 06:27:00,0.32249955518375373
2019-01-29 06:30:00,0.3578749670409138
2019-01-29 06:33:00,0.4348929171022178
2019-01-29 06:36:00,0.4936941319239736
2019-01-29 06:39:00,0.4686765657258434
2019-01-29 06:42:00,0.41448491679494737
2019-01-29 06:45:00,0.3646486505986104
2019-01-29 06:48:00,0.44586049322452936
2019-01-29 06:51:00,0.44545068215114725
2019-01-29 06:54:00,0.4157775458475612
2019-01-29 06:57:00,0.3582652012285621
2019-01-29 07:00:00,0.4704209477663994
2019-01-29 07:03:00,0.45342901602549546
2019-01-29 07:06:00,0.3262851330255785
2019-01-29 07:09:00,0.46128934929981824
2019-01-29 07:12:00,0.41813639873277
2019-01-29 07:15:00,0.40020381514477776
2019-01-29 07:18:00,0.39036972361003563
2019-01-29 07:21:00,0.409262666885013
2019-01-29 07:24:00,0.42523126692594815
2019-01-29 07:27:00,0.4578514721434317
2019-01-29 07:30:00,0.4011125809047371
2019-01-29 07:33:00,0.39059134409586704
2019-01-29 07:36:00,0.3499960743853876
2019-01-29 07:39:00,0.4373347750760104
2019-01-29 07:42:00,0.41375918104404263
2019-01-29 07:45:00,0.35157624681164634
2019-01-29 07:48:00,0.38782152702924577
2019-01-29 07:51:00,0.47340817725148554
2019-01-29 07:54:00,0.4425505004447814
2019-01-29 07:57:00,0.5078922981699634
2019-01-29 08:00:00,0.4313602519103483
2019-01-29 08:03:00,0.4144715226890412
2019-01-29 08:06:00,0.3641557877047603
2019-01-29 08:09:00,0.27193432583584354
2019-01-29 08:12:00,0.35613319324340864
2019-01-29 08:15:00,0.22496503918790722
2019-01-29 08:18:00,0.3736696111249671
2019-01-29 08:21:00,0.32926075707206337
2019-01-29 08:24:00,0.3808300101959503
2019-01-29 08:27:00,0.22994316265692305
2019-01-29 08:30:00,0.3418862851732456
2019-01-29 08:33:00,0.33638010510156846
2019-01-29 08:36:00,0.26325008763797086
2019-01-29 08:39:00,0.28897456323721826
2019-01-29 08:42:00,0.21142893203540325
2019-01-29 08:45:00,0.24989624254851606
2019-01-29 08:48:00,0.3147753694883022
2019-01-29 08:51:00,0.20715866778550662
2019-01-29 08:54:00,0.18939266141927646
2019-01-29 08:57:00,0.12482289518101197
2019-01-29 09:00:00,0.1632786897178562
2019-01-29 09:03:00,0.29030471356367116
2019-01-29 09:06:00,0.1821148992265762
2019-01-29 09:09:00,0.05319044242423843
2019-01-29 09:12:00,0.1654756013072074
2019-01-29 09:15:00,0.15166104157782456
2019-01-29 09:18:00,0.11904649464867134
2019-01-29 09:21:00,0.14760784631528168
2019-01-29 09:24:00,0.07203966021489805
2019-01-29 09:27:00,0.050446387216879884
2019-01-29 09:30:00,0.0656170882412539
2019-01-29 09:33:00,0.08461328433389781
2019-01-29 09:36:00,0.030036144401151432
2019-01-29 09:39:00,0.07070812440406371
2019-01-29 09:42:00,0.08964570239550085
2019-01-29 09:45:00,-0.011280091206117504
2019-01-29 09:48:00,-0.012384331241889868
2019-01-29 09:51:00,0.0011698809948939015
2019-01-29 09:54:00,-0.07679613511669459
2019-01-29 09:57:00,-0.06134635107332542
2019-01-29 10:00:00,-0.11903130053372024
2019-01-29 10:03:00,-0.12325753801087558
2019-01-29 10:06:00,-0.1338329105570324
2019-01-29 10:09:00,-0.11877636787596657
2019-01-29 10:12:00,-0.11785180323266786
2019-01-29 10:15:00,-0.2331774552063166
2019-01-29 10:18:00,-0.12963386796798204
2019-01-29 10:21:00,-0.18115638184212912
2019-01-29 10:24:00,-0.13925003583290163
2019-01-29 10:27:00,-0.13098636622578397
2019-01-29 10:30:00,-0.12031253710523515
2019-01-29 10:33:00,-0.10503782807285234
2019-01-29 10:36:00,-0.19429301039389202
2019-01-29 10:39:00,-0.21828375307512715
2019-01-29 10:42:00,-0.11496561731621568
2019-01-29 10:45:00,-0.23487690112165183
2019-01-29 10:48:00,-0.22272292013497008
2019-01-29 10:51:00,-0.2691427604962655
2019-01-29 10:54:00,-0.17880360951579632
2019-01-29 10:57:00,-0.2778202645466763
2019-01-29 11:00:00,-0.11856621144363544
2019-01-29 11:03:00,-0.20171640112732803
2019-01-29 11:06:00,-0.32971237883697313
2019-01-29 11:09:00,-0.1751746088867776
2019-01-29 11:12:00,-0.34264661247397044
2019-01-29 11:15:00,-0.18927043596335125
2019-01-29 11:18:00,-0.2287713313120321
2019-01-29 11:21:00,-0.3145616293444391
2019-01-29 11:24:00,-0.3198316878956007
2019-01-29 11:27:00,-0.1608888470557872
2019-01-29 11:30:00,-0.27589315106956747
2019-01-29 11:33:00,-0.2292980766715118
2019-01-29 11:36:00,-0.2853725375085787
2019-01-29 11:39:00,-0.2575738907695495
2019-01-29 11:42:00,-0.27396298044595824
2019-01-29 11:45:00,-0.2590431203552157
2019-01-29 11:48:00,-0.26575926328854393
2019-01-29 11:51:00,-0.2915615683174906
2019-01-29 11:54:00,-0.3756436692218017
2019-01-29 11:57:00,-0.32044296294384367
2019-01-29 12:00:00,-0.3866515731364757
2019-01-29 12:03:00,-0.22329147762133061
2019-01-29 12:06:00,-0.3853563591441116
2019-01-29 12:09:00,-0.3148037924157734
2019-01-29 12:12:00,-0.345104257285584
2019-01-29 12:15:00,-0.2797094909331008
2019-01-29 12:18:00,-0.2695866846603394
2019-01-29 12:21:00,-0.31241336773206285
2019-01-29 12:24:00,-0.35638792160295907
2019-01-29 12:27:00,-0.24428832008271684
2019-01-29 12:30:00,-0.3481868709482683
2019-01-29 12:33:00,-0.34176220910467237
2019-01-29 12:36:00,-0.3596315216209973
2019-01-29 12:39:00,-0.2256986327943764
2019-01-29 12:42:00,-0.2999524354920027
2019-01-29 12:45:00,-0.3435487891318303
2019-01-29 12:48:00,-0.20999623319488592
2019-01-29 12:51:00,-0.31470582597916064
2019-01-29 12:54:00,-0.384455171503987
2019-01-29 12:57:00,-0.411764711340993
2019-01-29 13:00:00,-0.36608541484207535
2019-01-29 13:03:00,-0.33108501211302155
2019-01-29 13:06:00,-0.40480421883569306
2019-01-29 13:09:00,-0.4587828410936936
2019-01-29 13:12:00,-0.5158886274280121
2019-01-29 13:15:00,-0.31836733346477786
2019-01-29 13:18:00,-0.3677068125300593
2019-01-29 13:21:00,-0.30005926886980205
2019-01-29 13:24:00,-0.44814472303067987
2019-01-29 13:27:00,-0.3715289254582217
2019-01-29 13:30:00,-0.35829103126246764
2019-01-29 13:33:00,-0.35981171592862893
2019-01-29 13:36:00,-0.40700429881121636
2019-01-29 13:39:00,-0.42952586989309793
2019-01-29 13:42:00,-0.49777894376717313
2019-01-29 13:45:00,-0.42817285376855807
2019-01-29 13:48:00,-0.44505592578377673
2019-01-29 13:51:00,-0.39140729194878077
2019-01-29 13:54:00,-0.5512420010148276
2019-01-29 13:57:00,-0.45738793420349566
2019-01-29 14:00:00,-0.40931739365237263
2019-01-29 14:03:00,-0.41952936632338833
2019-01-29 14:06:00,-0.4103100180157071
2019-01-29 14:09:00,-0.4918598897094739
2019-01-29 14:12:00,-0.45180571419803073
2019-01-29 14:15:00,-0.430706518077443
2019-01-29 14:18:00,-0.40661427471349043
2019-01-29 14:21:00,-0.4464717135075489
2019-01-29 14:24:00,-0.4442972871443658
2019-01-29 14:27:00,-0.4541829915983726
2019-01-29 14:30:00,-0.45954027149741705
2019-01-29 14:33:00,-0.4753142832217918
2019-01-29 14:36:00,-0.5490073929094024
2019-01-29 14:39:00,-0.4552055101061683
2019-01-29 14:42:00,-0.5341650280074646
2019-01-29 14:45:00,-0.42331212095206183
2019-01-29 14:48:00,-0.4186456872747044
2019-01-29 14:51:00,-0.32906707383824596
2019-01-29 14:54:00,-0.40807714454155075
2019-01-29 14:57:00,-0.35212188022842383
2019-01-29 15:00:00,-0.3357582675023991
2019-01-29 15:03:00,-0.4626373339974066
2019-01-29 15:06:00,-0.42072327476967075
2019-01-29 15:09:00,-0.4766922970740666
2019-01-29 15:12:00,-0.43661402149820105
2019-01-29 15:15:00,-0.4270321620335835
2019-01-29 15:18:00,-0.4927832932475553
2019-01-29 15:21:00,-0.467414943955589
2019-01-29 15:24:00,-0.394774047618796
2019-01-29 15:27:00,-0.2999327547866528
2019-01-29 15:30:00,-0.38968669801136
2019-01-29 15:33:00,-0.44836927523851955
2019-01-29 15:36:00,-0.360829386182445
2019-01-29 15:39:00,-0.3804978834057806
2019-01-29 15:42:00,-0.27969039839018706
2019-01-29 15:45:00,-0.3601895781122266
2019-01-29 15:48:00,-0.3906683726552842
2019-01-29 15:51:00,-0.29670962122253286
2019-01-29 15:54:00,-0.3728210124386919
2019-01-29 15:57:00,-0.4301694598265158
2019-01-29 16:00:00,-0.40451217169015763
2019-01-29 16:03:00,-0.3142192675500155
2019-01-29 16:06:00,-0.3269118382390843
2019-01-29 16:09:00,-0.25557723578799596
2019-01-29 16:12:00,-0.276962704536345
2019-01-29 16:15:00,-0.3144939354976941
2019-01-29 16:18:00,-0.30631210868710923
2019-01-29 16:21:00,-0.27341186643820947
2019-01-29 16:24:00,-0.30930780079171427
2019-01-29 16:27:00,-0.298577882271843
2019-01-29 16:30:00,-0.28895056886352677
2019-01-29 16:33:00,-0.18607418969457967
2019-01-29 16:36:00,-0.3566722382058174
2019-01-29 16:39:00,-0.38830485783796576
2019-01-29 16:42:00,-0.3342532780779379
2019-01-29 16:45:00,-0.252890460530125
2019-01-29 16:48:00,-0.31976512741653096
2019-01-29 16:51:00,-0.3114457630712195
2019-01-29 16:54:00,-0.21755742357458985
2019-01-29 16:57:00,-0.23577015048698513
2019-01-29 17:00:00,-0.32253447117898304
2019-01-29 17:03:00,-0.2834800771225332
2019-01-29 17:06:00,-0.41146284657497745
2019-01-29 17:09:00,-0.38584449285178835
2019-01-29 17:12:00,-0.32377580118179594
2019-01-29 17:15:00,-0.3534149584691022
2019-01-29 17:18:00,-0.37357853075917546
2019-01-29 17:21:00,-0.32954977741002267
2019-01-29 17:24:00,-0.3041031330820374
2019-01-29 17:27:00,-0.3914316706714658
2019-01-29 17:30:00,-0.2662055500770748
2019-01-29 17:33:00,-0.27866652430026306
2019-01-29 17:36:00,-0.2022959464514429
2019-01-29 17:39:00,-0.30470616077883506
2019-01-29 17:42:00,-0.19289888153110724
2019-01-29 17:45:00,-0.2965520311293517
2019-01-29 17:48:00,-0.21241139006167487
2019-01-29 17:51:00,-0.24735528657242867
2019-01-29 17:54:00,-0.2019712370837965
2019-01-29 17:57:00,-0.20798087284856592
2019-01-29 18:00:00,-0.18615254614559262
2019-01-29 18:03:00,-0.1900585393708525
2019-01-29 18:06:00,-0.21827735854913044
2019-01-29 18:09:00,-0.27141801523328013
2019-01-29 18:12:00,-0.3094826647703144
2019-01-29 18:15:00,-0.23496096835555136
2019-01-29 18:18:00,-0.22103161967766027
2019-01-29 18:21:00,-0.1687414098332738
2019-01-29 18:24:00,-0.2096285607307209
2019-01-29 18:27:00,-0.23377240673443112
2019-01-29 18:30:00,-0.21942019479274677
2019-01-29 18:33:00,-0.089924334447403
2019-01-29 18:36:00,-0.1169828551669525
2019-01-29 18:39:00,-0.12870715220111606
2019-01-29 18:42:00,-0.09879937408544492
2019-01-29 18:45:00,-0.1421083804947898
2019-01-29 18:48:00,-0.1902919578827209
2019-01-29 18:51:00,-0.1679881546055526
2019-01-29 18:54:00,-0.16620479376399544
2019-01-29 18:57:00,
2019-01-29 19:00:00,
2019-01-29 19:03:00,
2019-01-29 19:06:00,
2019-01-29 19:09:00,
2019-01-29 19:12:00,
2019-01-29 19:15:00,
2019-01-29 19:18:00,
2019-01-29 19:21:00,
2019-01-29 19:24:00,
2019-01-29 19:27:00,
2019-01-29 19:30:00,
2019-01-29 19:33:00,
2019-01-29 19:36:00,
2019-01-29 19:39:00,
2019-01-29 19:42:00,
2019-01-29 19:45:00,
2019-01-29 19:48:00,
2019-01-29 19:51:00,
2019-01-29 19:54:00,
2019-01-29 19:57:00,
2019-01-29 20:00:00,
2019-01-29 20:03:00,
2019-01-29 20:06:00,
2019-01-29 20:09:00,
2019-01-29 20:12:00,
2019-01-29 20:15:00,
2019-01-29 20:18:00,
2019-01-29 20:21:00,
2019-01-29 20:24:00,
2019-01-29 20:27:00,
2019-01-29 20:30:00,
2019-01-29 20:33:00,
2019-01-29 20:36:00,
2019-01-29 20:39:00,
2019-01-29 20:42:00,
2019-01-29 20:45:00,
2019-01-29 20:48:00,
2019-01-29 20:51:00,
2019-01-29 20:54:00,
2019-01-29 20:57:00,
2019-01-29 21:00:00,
2019-01-29 21:03:00,
2019-01-29 21:06:00,
2019-01-29 21:09:00,
2019-01-29 21:12:00,
2019-01-29 21:15:00,
2019-01-29 21:18:00,
2019-01-29 21:21:00,
2019-01-29 21:24:00,
2019-01-29 21:27:00,
2019-01-29 21:30:00,
2019-01-29 21:33:00,
2019-01-29 21:36:00,
2019-01-29 21:39:00,
2019-01-29 21:42:00,
2019-01-29 21:45:00,
2019-01-29 21:48:00,
2019-01-29 21:51:00,
2019-01-29 21:54:00,
2019-01-29 21:57:00,
2019-01-29 22:00:00,
2019-01-29 22:03:00,
2019-01-29 22:06:00,
2019-01-29 22:09:00,
2019-01-29 22:12:00,
2019-01-29 22:15:00,
2019-01-29 22:18:00,
2019-01-29 22:21:00,
2019-01-29 22:24:00,
2019-01-29 22:27:00,
2019-01-29 22:30:00,
2019-01-29 22:33:00,
2019-01-29 22:36:00,
2019-01-29 22:39:00,
2019-01-29 22:42:00,
2019-01-29 22:45:00,
2019-01-29 22:48:00,
2019-01-29 22:51:00,
2019-01-29 22:54:00,
2019-01-29 22:57:00,
2019-01-29 23:00:00,
2019-01-29 23:03:00,
2019-01-29 23:06:00,
2019-01-29 23:09:00,
2019-01-29 23:12:00,
2019-01-29 23:15:00,
2019-01-29 23:18:00,
2019-01-29 23:21:00,
2019-01-29 23:24:00,
2019-01-29 23:27:00,
2019-01-29 23:30:00,
2019-01-29 23:33:00,
2019-01-29 23:36:00,
2019-01-29 23:39:00,
2019-01-29 23:42:00,
2019-01-29 23:45:00,
2019-01-29 23:48:00,
2019-01-29 23:51:00,
2019-01-29 23:54:00,
2019-01-29 23:57:00,
2019-01-30 00:00:00,
2019-01-30 00:03:00,
2019-01-30 00:06:00,
2019-01-30 00:09:00,
2019-01-30 00:12:00,
2019-01-30 00:15:00,
2019-01-30 00:18:00,
2019-01-30 00:21:00,
2019-01-30 00:24:00,
2019-01-30 00:27:00,
2019-01-30 00:30:00,
2019-01-30 00:33:00,
2019-01-30 00:36:00,
2019-01-30 00:39:00,
2019-01-30 00:42:00,
2019-01-30 00:45:00,
2019-01-30 00:48:00,
2019-01-30 00:51:00,
2019-01-30 00:54:00,
2019-01-30 00:57:00,
2019-01-30 01:00:00,
2019-01-30 01:03:00,
2019-01-30 01:06:00,
2019-01-30 01:09:00,
2019-01-30 01:12:00,
2019-01-30 01:15:00,
2019-01-30 01:18:00,
2019-01-30 01:21:00,
2019-01-30 01:24:00,
2019-01-30 01:27:00,
2019-01-30 01:30:00,
2019-01-30 01:33:00,
2019-01-30 01:36:00,
2019-01-30 01:39:00,
2019-01-30 01:42:00,
2019-01-30 01:45:00,
2019-01-30 01:48:00,
2019-01-30 01:51:00,
2019-01-30 01:54:00,
2019-01-30 01:57:00,
2019-01-30 02:00:00,
2019-01-30 02:03:00,
2019-01-30 02:06:00,
2019-01-30 02:09:00,
2019-01-30 02:12:00,
2019-01-30 02:15:00,
2019-01-30 02:18:00,
2019-01-30 02:21:00,
2019-01-30 02:24:00,
2019-01-30 02:27:00,
2019-01-30 02:30:00,
2019-01-30 02:33:00,
2019-01-30 02:36:00,
2019-01-30 02:39:00,
2019-01-30 02:42:00,
2019-01-30 02:45:00,
2019-01-30 02:48:00,
2019-01-30 02:51:00,
2019-01-30 02:54:00,
2019-01-30 02:57:00,
2019-01-30 03:00:00,
2019-01-30 03:03:00,
2019-01-30 03:06:00,
2019-01-30 03:09:00,
2019-01-30 03:12:00,
2019-01-30 03:15:00,
2019-01-30 03:18:00,
2019-01-30 03:21:00,
2019-01-30 03:24:00,
2019-01-30 03:27:00,
2019-01-30 03:30:00,
2019-01-30 03:33:00,
2019-01-30 03:36:00,
2019-01-30 03:39:00,
2019-01-30 03:42:00,
2019-01-30 03:45:00,
2019-01-30 03:48:00,
2019-01-30 03:51:00,
2019-01-30 03:54:00,
2019-01-30 03:57:00,
2019-01-30 04:00:00,
2019-01-30 04:03:00,
2019-01-30 04:06:00,
2019-01-30 04:09:00,
2019-01-30 04:12:00,
2019-01-30 04:15:00,
2019-01-30 04:18:00,
2019-01-30 04:21:00,
2019-01-30 04:24:00,
2019-01-30 04:27:00,
2019-01-30 04:30:00,
2019-01-30 04:33:00,
2019-01-30 04:36:00,
2019-01-30 04:39:00,
2019-01-30 04:42:00,
2019-01-30 04:45:00,
2019-01-30 04:48:00,
2019-01-30 04:51:00,
2019-01-30 04:54:00,
2019-01-30 04:57:00,
2019-01-30 05:00:00,
2019-01-30 05:03:00,
2019-01-30 05:06:00,
2019-01-30 05:09:00,
2019-01-30 05:12:00,
2019-01-30 05:15:00,
2019-01-30 05:18:00,
2019-01-30 05:21:00,
2019-01-30 05:24:00,
2019-01-30 05:27:00,
2019-01-30 05:30:00,
2019-01-30 05:33:00,
2019-01-30 05:36:00,
2019-01-30 05:39:00,
2019-01-30 05:42:00,
2019-01-30 05:45:00,
2019-01-30 05:48:00,
2019-01-30 05:51:00,
2019-01-30 05:54:00,
2019-01-30 05:57:00,
2019-01-30 06:00:00,
2019-01-30 06:03:00,
2019-01-30 06:06:00,
2019-01-30 06:09:00,
2019-01-30 06:12:00,
2019-01-30 06:15:00,
2019-01-30 06:18:00,
2019-01-30 06:21:00,
2019-01-30 06:24:00,
2019-01-30 06:27:00,
2019-01-30 06:30:00,
2019-01-30 06:33:00,
2019-01-30 06:36:00,
2019-01-30 06:39:00,
2019-01-30 06:42:00,
2019-01-30 06:45:00,
2019-01-30 06:48:00,
2019-01-30 06:51:00,
2019-01-30 06:54:00,
2019-01-30 06:57:00,
2019-01-30 07:00:00,
2019-01-30 07:03:00,
2019-01-30 07:06:00,
2019-01-30 07:09:00,
2019-01-30 07:12:00,
2019-01-30 07:15:00,
2019-01-30 07:18:00,
2019-01-30 07:21:00,
2019-01-30 07:24:00,
2019-01-30 07:27:00,
2019-01-30 07:30:00,
2019-01-30 07:33:00,
2019-01-30 07:36:00,
2019-01-30 07:39:00,
2019-01-30 07:42:00,
2019-01-30 07:45:00,
2019-01-30 07:48:00,
2019-01-30 07:51:00,
2019-01-30 07:54:00,
2019-01-30 07:57:00,
2019-01-30 08:00:00,
2019-01-30 08:03:00,
2019-01-30 08:06:00,
2019-01-30 08:09:00,
2019-01-30 08:12:00,
2019-01-30 08:15:00,
2019-01-30 08:18:00,
2019-01-30 08:21:00,
2019-01-30 08:24:00,
2019-01-30 08:27:00,
2019-01-30 08:30:00,
2019-01-30 08:33:00,
2019-01-30 08:36:00,
2019-01-30 08:39:00,
2019-01-30 08:42:00,
2019-01-30 08:45:00,
2019-01-30 08:48:00,
2019-01-30 08:51:00,
2019-01-30 08:54:00,
2019-01-30 08:57:00,
2019-01-30 09:00:00,
2019-01-30 09:03:00,
2019-01-30 09:06:00,
2019-01-30 09:09:00,
2019-01-30 09:12:00,
2019-01-30 09:15:00,
2019-01-30 09:18:00,
2019-01-30 09:21:00,
2019-01-30 09:24:00,
2019-01-30 09:27:00,
2019-01-30 09:30:00,
2019-01-30 09:33:00,
2019-01-30 09:36:00,
2019-01-30 09:39:00,
2019-01-30 09:42:00,
2019-01-30 09:45:00,
2019-01-30 09:48:00,
2019-01-30 09:51:00,
2019-01-30 09:54:00,
2019-01-30 09:57:00,
2019-01-30 10:00:00,
2019-01-30 10:03:00,
2019-01-30 10:06:00,
2019-01-30 10:09:00,
2019-01-30 10:12:00,
2019-01-30 10:15:00,
2019-01-30 10:18:00,
2019-01-30 10:21:00,
2019-01-30 10:24:00,
2019-01-30 10:27:00,
2019-01-30 10:30:00,
2019-01-30 10:33:00,
2019-01-30 10:36:00,
2019-01-30 10:39:00,
2019-01-30 10:42:00,
2019-01-30 10:45:00,
2019-01-30 10:48:00,
2019-01-30 10:51:00,
2019-01-30 10:54:00,
2019-01-30 10:57:00,
2019-01-30 11:00:00,
2019-01-30 11:03:00,
2019-01-30 11:06:00,
2019-01-30 11:09:00,
2019-01-30 11:12:00,
2019-01-30 11:15:00,
2019-01-30 11:18:00,
2019-01-30 11:21:00,
2019-01-30 11:24:00,
2019-01-30 11:27:00,
2019-01-30 11:30:00,
2019-01-30 11:33:00,
2019-01-30 11:36:00,
2019-01-30 11:39:00,
2019-01-30 11:42:00,
2019-01-30 11:45:00,
2019-01-30 11:48:00,
2019-01-30 11:51:00,
2019-01-30 11:54:00,
2019-01-30 11:57:00,
2019-01-30 12:00:00,
2019-01-30 12:03:00,
2019-01-30 12:06:00,
2019-01-30 12:09:00,
2019-01-30 12:12:00,
2019-01-30 12:15:00,
2019-01-30 12:18:00,
2019-01-30 12:21:00,
2019-01-30 12:24:00,
2019-01-30 12:27:00,
2019-01-30 12:30:00,
2019-01-30 12:33:00,
2019-01-30 12:36:00,
2019-01-30 12:39:00,
2019-01-30 12:42:00,
2019-01-30 12:45:00,
2019-01-30 12:48:00,
2019-01-30 12:51:00,
2019-01-30 12:54:00,
2019-01-30 12:57:00,
2019-01-30 13:00:00,
2019-01-30 13:03:00,
2019-01-30 13:06:00,
2019-01-30 13:09:00,
2019-01-30 13:12:00,
2019-01-30 13:15:00,
2019-01-30 13:18:00,
2019-01-30 13:21:00,
2019-01-30 13:24:00,
2019-01-30 13:27:00,
2019-01-30 13:30:00,
2019-01-30 13:33:00,
2019-01-30 13:36:00,
2019-01-30 13:39:00,
2019-01-30 13:42:00,
2019-01-30 13:45:00,
2019-01-30 13:48:00,
2019-01-30 13:51:00,
2019-01-30 13:54:00,
2019-01-30 13:57:00,
2019-01-30 14:00:00,
2019-01-30 14:03:00,
2019-01-30 14:06:00,
2019-01-30 14:09:00,
2019-01-30 14:12:00,
2019-01-30 14:15:00,
2019-01-30 14:18:00,
2019-01-30 14:21:00,
2019-01-30 14:24:00,
2019-01-30 14:27:00,
2019-01-30 14:30:00,
2019-01-30 14:33:00,
2019-01-30 14:36:00,
2019-01-30 14:39:00,
2019-01-30 14:42:00,
2019-01-30 14:45:00,
2019-01-30 14:48:00,
2019-01-30 14:51:00,
2019-01-30 14:54:00,
2019-01-30 14:57:00,
2019-01-30 15:00:00,
2019-01-30 15:03:00,
2019-01-30 15:06:00,
2019-01-30 15:09:00,
2019-01-30 15:12:00,
2019-01-30 15:15:00,
2019-01-30 15:18:00,
2019-01-30 15:21:00,
2019-01-30 15:24:00,
2019-01-30 15:27:00,
2019-01-30 15:30:00,
2019-01-30 15:33:00,
2019-01-30 15:36:00,
2019-01-30 15:39:00,
2019-01-30 15:42:00,
2019-01-30 15:45:00,
2019-01-30 15:48:00,
2019-01-30 15:51:00,
2019-01-30 15:54:00,
2019-01-30 15:57:00,
2019-01-30 16:00:00,
2019-01-30 16:03:00,
2019-01-30 16:06:00,
2019-01-30 16:09:00,
2019-01-30 16:12:00,
2019-01-30 16:15:00,
2019-01-30 16:18:00,
2019-01-30 16:21:00,
2019-01-30 16:24:00,
2019-01-30 16:27:00,
2019-01-30 16:30:00,
2019-01-30 16:33:00,
2019-01-30 16:36:00,
2019-01-30 16:39:00,
2019-01-30 16:42:00,
2019-01-30 16:45:00,
2019-01-30 16:48:00,
2019-01-30 16:51:00,
2019-01-30 16:54:00,
2019-01-30 16:57:00,
2019-01-30 17:00:00,
2019-01-30 17:03:00,
2019-01-30 17:06:00,
2019-01-30 17:09:00,
2019-01-30 17:12:00,
2019-01-30 17:15:00,
2019-01-30 17:18:00,
2019-01-30 17:21:00,
2019-01-30 17:24:00,
2019-01-30 17:27:00,
2019-01-30 17:30:00,
2019-01-30 17:33:00,
2019-01-30 17:36:00,
2019-01-30 17:39:00,
2019-01-30 17:42:00,
2019-01-30 17:45:00,
2019-01-30 17:48:00,
2019-01-30 17:51:00,
2019-01-30 17:54:00,
2019-01-30 17:57:00,
2019-01-30 18:00:00,
2019-01-30 18:03:00,
2019-01-30 18:06:00,
2019-01-30 18:09:00,
2019-01-30 18:12:00,
2019-01-30 18:15:00,
2019-01-30 18:18:00,
2019-01-30 18:21:00,
2019-01-30 18:24:00,
2019-01-30 18:27:00,
2019-01-30 18:30:00,
2019-01-30 18:33:00,
2019-01-30 18:36:00,
2019-01-30 18:39:00,
2019-01-30 18:42:00,
2019-01-30 18:45:00,
2019-01-30 18:48:00,
2019-01-30 18:51:00,
2019-01-30 18:54:00,
2019-01-30 18:57:00,
2019-01-30 19:00:00,
2019-01-30 19:03:00,0.006235107956342745
2019-01-30 19:06:00,-0.02985813024338313
2019-01-30 19:09:00,-0.033617279771874564
2019-01-30 19:12:00,-0.01987225434749007
2019-01-30 19:15:00,0.07174188643676871
2019-01-30 19:18:00,0.028911213177252648
2019-01-30 19:21:00,0.046164238867618224
2019-01-30 19:24:00,0.07068620581355844
2019-01-30 19:27:00,0.0507871428056319
2019-01-30 19:30:00,0.01953763854629642
2019-01-30 19:33:00,0.025806176733453867
2019-01-30 19:36:00,0.046778071248695596
2019-01-30 19:39:00,0.032509383216961396
2019-01-30 19:42:00,0.17869723665705806
2019-01-30 19:45:00,0.14289420752169235
2019-01-30 19:48:00,0.19094933781843793
2019-01-30 19:51:00,0.1290030644198623
2019-01-30 19:54:00,0.15735053940215948
2019-01-30 19:57:00,0.25439394461727716
2019-01-30 20:00:00,0.2327943086863229
2019-01-30 20:03:00,0.35131616415947065
2019-01-30 20:06:00,0.31941092362740164
2019-01-30 20:09:00,0.18310302754366603
2019-01-30 20:12:00,0.21910944927884657
2019-01-30 20:15:00,0.27454512192525726
2019-01-30 20:18:00,0.24268381485478585
2019-01-30 20:21:00,0.31416344592400947
2019-01-30 20:24:00,0.24377533766028137
2019-01-30 20:27:00,0.27659486169204683
2019-01-30 20:30:00,0.2229402604748998
2019-01-30 20:33:00,0.22677241649574853
2019-01-30 20:36:00,0.28169243021602597
2019-01-30 20:39:00,0.12191009844025302
2019-01-30 20:42:00,0.3008947945446607
2019-01-30 20:45:00,0.2207659857458566
2019-01-30 20:48:00,0.14704235325831405
2019-01-30 20:51:00,0.19498355122789235
2019-01-30 20:54:00,0.2605255142199212
2019-01-30 20:57:00,0.1828865121369745
2019-01-30 21:00:00,0.24614270964337948
2019-01-30 21:03:00,0.2296074967766799
2019-01-30 21:06:00,0.20219080043568738
2019-01-30 21:09:00,0.1976512015850176
2019-01-30 21:12:00,0.20382417650245088
2019-01-30 21:15:00,0.19972069484862232
2019-01-30 21:18:00,0.22378242551548055
2019-01-30 21:21:00,0.2553888546841563
2019-01-30 21:24:00,0.17056068133371127
2019-01-30 21:27:00,0.20290952773893878
2019-01-30 21:30:00,0.2768404262438935
2019-01-30 21:33:00,0.14599626954327505
2019-01-30 21:36:00,0.23757300771944756
2019-01-30 21:39:00,0.1828185917597125
2019-01-30 21:42:00,0.18838296330949333
2019-01-30 21:45:00,0.22015883563142324
2019-01-30 21:48:00,0.20397640704425157
2019-01-30 21:51:00,0.1822227782641903
2019-01-30 21:54:00,0.1623285580876086
2019-01-30 21:57:00,0.1829926610813004
2019-01-30 22:00:00,0.14384684207999499
2019-01-30 22:03:00,0.26413766660601823
2019-01-30 22:06:00,0.2558898141583654
2019-01-30 22:09:00,0.1799672052300707
2019-01-30 22:12:00,0.30826593557787874
2019-01-30 22:15:00,0.27940116861907427
2019-01-30 22:18:00,0.25444197873520125
2019-01-30 22:21:00,0.2394791733872239
2019-01-30 22:24:00,0.21044579574663658
2019-01-30 22:27:00,0.2737673572586914
2019-01-30 22:30:00,0.18521810262245708
2019-01-30 22:33:00,0.2833264054606275
2019-01-30 22:36:00,0.3688838040824862
2019-01-30 22:39:00,0.22236175835485028
2019-01-30 22:42:00,0.23422971625279843
2019-01-30 22:45:00,0.296973249606026
2019-01-30 22:48:00,0.27427401920812144
2019-01-30 22:51:00,0.3030676261601002
2019-01-30 22:54:00,0.21006831839753204
2019-01-30 22:57:00,0.19832891057961888
2019-01-30 23:00:00,0.16817649286088
2019-01-30 23:03:00,0.25410058798564705
2019-01-30 23:06:00,0.30290470937393366
2019-01-30 23:09:00,0.18483914342749586
2019-01-30 23:12:00,0.2820213417067521
2019-01-30 23:15:00,0.2507867620900015
2019-01-30 23:18:00,0.3346411138805365
2019-01-30 23:21:00,0.2699733726051363
2019-01-30 23:24:00,0.23079846482988842
2019-01-30 23:27:00,0.35279705136434814
2019-01-30 23:30:00,0.2749701648999121
2019-01-30 23:33:00,0.37278480286073545
2019-01-30 23:36:00,0.32943514405297947
2019-01-30 23:39:00,0.2641436293080801
2019-01-30 23:42:00,0.32893181509700753
2019-01-30 23:45:00,0.25908290103222953
2019-01-30 23:48:00,0.3943624664441927
2019-01-30 23:51:00,0.22767678730599528
2019-01-30 23:54:00,0.2540100937237071
2019-01-30 23:57:00,0.30341281651345753
2019-01-31 00:00:00,0.21587317099118764
2019-01-31 00:03:00,0.28497352670677856
2019-01-31 00:06:00,0.30141745002703146
2019-01-31 00:09:00,0.2327928214658641
2019-01-31 00:12:00,0.19250014821477635
2019-01-31 00:15:00,0.27070952426993244
2019-01-31 00:18:00,0.2804401852687306
2019-01-31 00:21:00,0.18414563467217704
2019-01-31 00:24:00,0.28235666657423053
2019-01-31 00:27:00,0.24267757123755018
2019-01-31 00:30:00,0.3043771828355375
2019-01-31 00:33:00,0.27179287523438234
2019-01-31 00:36:00,0.19006545751994963
2019-01-31 00:39:00,0.2166987348305156
2019-01-31 00:42:00,0.3343672152023487
2019-01-31 00:45:00,0.19322506634682668
2019-01-31 00:48:00,0.19081941658521373
2019-01-31 00:51:00,0.2020896496308069
2019-01-31 00:54:00,0.15594213778138055
2019-01-31 00:57:00,0.19733910971189061
2019-01-31 01:00:00,0.17165117566867139
2019-01-31 01:03:00,0.19927630626887094
2019-01-31 01:06:00,0.18159986613892443
2019-01-31 01:09:00,0.23741828080642335
2019-01-31 01:12:00,0.31581371370680245
2019-01-31 01:15:00,0.2684789040837927
2019-01-31 01:18:00,0.24048529045722944
2019-01-31 01:21:00,0.24443015469967122
2019-01-31 01:24:00,0.20134319943787204
2019-01-31 01:27:00,0.2771888848731692
2019-01-31 01:30:00,0.28778332992902733
2019-01-31 01:33:00,0.16243584834160174
2019-01-31 01:36:00,0.30850134090326264
2019-01-31 01:39:00,0.20658241262412957
2019-01-31 01:42:00,0.21717259750317908
2019-01-31 01:45:00,0.3193280698249623
2019-01-31 01:48:00,0.2947959717329809
2019-01-31 01:51:00,0.31442780031039774
2019-01-31 01:54:00,0.35005271610293676
2019-01-31 01:57:00,0.3039179010270914
2019-01-31 02:00:00,0.3335700972552331
2019-01-31 02:03:00,0.2860156829231073
2019-01-31 02:06:00,0.24165372184995704
2019-01-31 02:09:00,0.3237209563582155
2019-01-31 02:12:00,0.27653227557664195
2019-01-31 02:15:00,0.3750314462701567
2019-01-31 02:18:00,0.2988060532697432
2019-01-31 02:21:00,0.2855728958448367
2019-01-31 02:24:00,0.14442128362969697
2019-01-31 02:27:00,0.28413022065842597
2019-01-31 02:30:00,0.25163131413097517
2019-01-31 02:33:00,0.24195291530764962
2019-01-31 02:36:00,0.20656790288273896
2019-01-31 02:39:00,0.18048180913388023
2019-01-31 02:42:00,0.25348499694462134
2019-01-31 02:45:00,0.16508348196742872
2019-01-31 02:48:00,0.19817785451812142
2019-01-31 02:51:00,0.13934339659954276
2019-01-31 02:54:00,0.1469848055556895
2019-01-31 02:57:00,0.1844480536421429
2019-01-31 03:00:00,0.23438781891564986
2019-01-31 03:03:00,0.22840782244031743
2019-01-31 03:06:00,0.18337017159961988
2019-01-31 03:09:00,0.175742810363829
2019-01-31 03:12:00,0.08960438453277675
2019-01-31 03:15:00,0.18590113517927875
2019-01-31 03:18:00,0.20163556251640102
2019-01-31 03:21:00,0.22911346862809978
2019-01-31 03:24:00,0.27204207698338223
2019-01-31 03:27:00,0.20122455298934483
2019-01-31 03:30:00,0.27047761117995606
2019-01-31 03:33:00,0.2251766717688497
2019-01-31 03:36:00,0.19074509525194117
2019-01-31 03:39:00,0.2772826360812246
2019-01-31 03:42:00,0.3503888183255981
2019-01-31 03:45:00,0.34312044384063256
2019-01-31 03:48:00,0.21125854879193184
2019-01-31 03:51:00,0.3000377007537054
2019-01-31 03:54:00,0.3391315625998459
2019-01-31 03:57:00,0.29546015163680295
2019-01-31 04:00:00,0.30362667132919796
2019-01-31 04:03:00,0.28215977244769874
2019-01-31 04:06:00,0.36317430257935257
2019-01-31 04:09:00,0.34347503486753794
2019-01-31 04:12:00,0.2525458514155048
2019-01-31 04:15:00,0.37425822953224497
2019-01-31 04:18:00,0.25733869605176096
2019-01-31 04:21:00,0.29264862310509443
2019-01-31 04:24:00,0.3574906015068109
2019-01-31 04:27:00,0.24646626682317674
2019-01-31 04:30:00,0.2551352201423356
2019-01-31 04:33:00,0.21655046002621248
2019-01-31 04:36:00,0.25097844360089994
2019-01-31 04:39:00,0.30448094375310575
2019-01-31 04:42:00,0.19189537956140157
2019-01-31 04:45:00,0.25382785594649704
2019-01-31 04:48:00,0.21960211587298772
2019-01-31 04:51:00,0.33316497349289875
2019-01-31 04:54:00,0.24604239228159486
2019-01-31 04:57:00,0.25113565077430167
2019-01-31 05:00:00,0.25694084707004095
2019-01-31 05:03:00,0.2672332424908177
2019-01-31 05:06:00,0.28144047492713753
2019-01-31 05:09:00,0.3253878117242266
2019-01-31 05:12:00,0.37857262794221924
2019-01-31 05:15:00,0.3960825758476858
2019-01-31 05:18:00,0.3160860051245322
2019-01-31 05:21:00,0.38243506400954175
2019-01-31 05:24:00,0.39355345552814924
2019-01-31 05:27:00,0.26723323014863354
2019-01-31 05:30:00,0.3944290089419269
2019-01-31 05:33:00,0.2735932529662364
2019-01-31 05:36:00,0.3000396580974325
2019-01-31 05:39:00,0.24177215689104514
2019-01-31 05:42:00,0.36217520992761365
2019-01-31 05:45:00,0.3560276046800368
2019-01-31 05:48:00,0.33276187930749757
2019-01-31 05:51:00,0.3347779059222944
2019-01-31 05:54:00,0.29313083138856655
2019-01-31 05:57:00,0.2981562155846973
2019-01-31 06:00:00,0.355902903793492
2019-01-31 06:03:00,0.34324396575334504
2019-01-31 06:06:00,0.30922531877882875
2019-01-31 06:09:00,0.3880811625080014
2019-01-31 06:12:00,0.3061220687524724
2019-01-31 06:15:00,0.3455078202802042
2019-01-31 06:18:00,0.46154228275042897
2019-01-31 06:21:00,0.344840303726869
2019-01-31 06:24:00,0.3615747682036954
2019-01-31 06:27:00,0.36556494695406627
2019-01-31 06:30:00,0.4918708207958389
2019-01-31 06:33:00,0.3778053853615688
2019-01-31 06:36:00,0.39693155537571556
2019-01-31 06:39:00,0.3967722883459146
2019-01-31 06:42:00,0.279574513289333
2019-01-31 06:45:00,0.3931180024052878
2019-01-31 06:48:00,0.35712411243883935
2019-01-31 06:51:00,0.2640616235113953
2019-01-31 06:54:00,0.290589470131124
2019-01-31 06:57:00,0.33719514932107586
2019-01-31 07:00:00,0.3593239708873739
2019-01-31 07:03:00,0.2670854568083314
2019-01-31 07:06:00,0.27233915245329854
2019-01-31 07:09:00,0.3696623539068469
2019-01-31 07:12:00,0.26774575059062045
2019-01-31 07:15:00,0.21643071789213764
2019-01-31 07:18:00,0.2384015307497407
2019-01-31 07:21:00,0.29267150996582814
2019-01-31 07:24:00,0.34519749776569597
2019-01-31 07:27:00,0.3675069547595058
2019-01-31 07:30:00,0.320159879556968
2019-01-31 07:33:00,0.29707748335096085
2019-01-31 07:36:00,0.41238899602791435
2019-01-31 07:39:00,0.3951003609762438
2019-01-31 07:42:00,0.3880168658810703
2019-01-31 07:45:00,0.3234663812435201
2019-01-31 07:48:00,0.28359168061319906
2019-01-31 07:51:00,0.2994353312997191
2019-01-31 07:54:00,0.23753902609678335
2019-01-31 07:57:00,0.2026047573988876
2019-01-31 08:00:00,0.28793059918848485
2019-01-31 08:03:00,0.17973752970061696
2019-01-31 08:06:00,0.22678098677192793
2019-01-31 08:09:00,0.2838735762667852
2019-01-31 08:12:00,0.32008265775812106
2019-01-31 08:15:00,0.2973118354982489
2019-01-31 08:18:00,0.20977276679514034
2019-01-31 08:21:00,0.2813591758621783
2019-01-31 08:24:00,0.18461077787935665
2019-01-31 08:27:00,0.28052524686074776
2019-01-31 08:30:00,0.27167763022009694
2019-01-31 08:33:00,0.23636488983038362
2019-01-31 08:36:00,0.12726484857711284
2019-01-31 08:39:00,0.25318201557854536
2019-01-31 08:42:00,0.09112747240106955
2019-01-31 08:45:00,0.2604271281796855
2019-01-31 08:48:00,0.250224522576616
2019-01-31 08:51:00,0.24606752802435494
2019-01-31 08:54:00,0.16700201095039802
2019-01-31 08:57:00,0.26598689870320413
2019-01-31 09:00:00,0.2279532621847693
2019-01-31 09:03:00,0.2596761573011577
2019-01-31 09:06:00,0.16327267704195947
2019-01-31 09:09:00,0.12937606257798961
2019-01-31 09:12:00,0.05371664389912212
2019-01-31 09:15:00,0.1288148099991986
2019-01-31 09:18:00,0.07575345100781306
2019-01-31 09:21:00,0.019892792813152482
2019-01-31 09:24:00,-0.09268691816367891
2019-01-31 09:27:00,0.1905088955552401
2019-01-31 09:30:00,-0.0035527464528399832
2019-01-31 09:33:00,0.016509207684237026
2019-01-31 09:36:00,-0.02262791145136589
2019-01-31 09:39:00,0.03392616790017655
2019-01-31 09:42:00,0.03893494359039096
2019-01-31 09:45:00,0.01319740772453315
2019-01-31 09:48:00,-0.03730687387053422
2019-01-31 09:51:00,0.055199187862115195
2019-01-31 09:54:00,0.060665533975679864
2019-01-31 09:57:00,0.01313171833561455
2019-01-31 10:00:00,0.08702346645270609
2019-01-31 10:03:00,0.08291297615789972
2019-01-31 10:06:00,-0.0040598978883963355
2019-01-31 10:09:00,0.00979179927117002
2019-01-31 10:12:00,-0.04650852760249791
2019-01-31 10:15:00,-0.010199887233909521
2019-01-31 10:18:00,-0.056518790360769344
2019-01-31 10:21:00,-0.053256670058260625
2019-01-31 10:24:00,0.06909601416373334
2019-01-31 10:27:00,0.00953777497414876
2019-01-31 10:30:00,-0.06590946767204287
2019-01-31 10:33:00,-0.11260041873384807
2019-01-31 10:36:00,-0.0002972764089008706
2019-01-31 10:39:00,-0.019082739686837158
2019-01-31 10:42:00,-0.014890181830310212
2019-01-31 10:45:00,-0.004218171042509766
2019-01-31 10:48:00,0.05418151351489087
2019-01-31 10:51:00,-0.06618344782191343
2019-01-31 10:54:00,-0.03437163274276145
2019-01-31 10:57:00,0.08628949224993221
2019-01-31 11:00:00,-0.005147393127742816
2019-01-31 11:03:00,0.044625116452152724
2019-01-31 11:06:00,0.004957869521774683
2019-01-31 11:09:00,-0.06558639154394541
2019-01-31 11:12:00,0.08376887836470814
2019-01-31 11:15:00,0.10509568542954639
2019-01-31 11:18:00,0.012967444923788207
2019-01-31 11:21:00,0.01995223484334474
2019-01-31 11:24:00,0.1092311807550459
2019-01-31 11:27:00,0.018569192213590213
2019-01-31 11:30:00,0.04513440771597743
2019-01-31 11:33:00,-0.043895984239554764
2019-01-31 11:36:00,-0.021047784286508886
2019-01-31 11:39:00,-0.07744940722255933
2019-01-31 11:42:00,-0.07753912375079608
2019-01-31 11:45:00,-0.05019941567741171
2019-01-31 11:48:00,-0.19815031617440582
2019-01-31 11:51:00,-0.031008993504485716
2019-01-31 11:54:00,0.02126980859975447
2019-01-31 11:57:00,-0.04806530551849164
2019-01-31 12:00:00,-0.005093472193721027
2019-01-31 12:03:00,-0.055765911640889954
2019-01-31 12:06:00,-0.011448138877597103
2019-01-31 12:09:00,-0.02297864859292531
2019-01-31 12:12:00,-0.06663122619903561
2019-01-31 12:15:00,-0.0078103438422658655
2019-01-31 12:18:00,-0.016570855506131466
2019-01-31 12:21:00,-0.1018774589632585
2019-01-31 12:24:00,-0.03139144665431104
2019-01-31 12:27:00,-0.060440159132440385
2019-01-31 12:30:00,-0.10045076275548581
2019-01-31 12:33:00,-0.14079707086654025
2019-01-31 12:36:00,-0.3113499296794089
2019-01-31 12:39:00,-0.11420328758981668
2019-01-31 12:42:00,-0.17617651700737724
2019-01-31 12:45:00,-0.05556395909945877
2019-01-31 12:48:00,-0.10157125591200611
2019-01-31 12:51:00,-0.06201388729016344
2019-01-31 12:54:00,-0.29227236066390105
2019-01-31 12:57:00,-0.05988721473880787
2019-01-31 13:00:00,-0.09811459579555049
2019-01-31 13:03:00,0.04633641716469583
2019-01-31 13:06:00,-0.0549252044294235
2019-01-31 13:09:00,-0.08712388235267099
2019-01-31 13:12:00,-0.05908998442350821
2019-01-31 13:15:00,0.023437183570194975
2019-01-31 13:18:00,-0.09472821398389897
2019-01-31 13:21:00,-0.11118391548029649
2019-01-31 13:24:00,-0.12866503712621125
2019-01-31 13:27:00,-0.17157026249424234
2019-01-31 13:30:00,-0.0833944363032515
2019-01-31 13:33:00,-0.20455041097244475
2019-01-31 13:36:00,-0.1453344293017267
2019-01-31 13:39:00,-0.15547803720426145
2019-01-31 13:42:00,-0.2012987165471145
2019-01-31 13:45:00,-0.2572606911194839
2019-01-31 13:48:00,-0.11019425237799396
2019-01-31 13:51:00,-0.2006871235392964
2019-01-31 13:54:00,-0.20928708939487706
2019-01-31 13:57:00,-0.22337564889477335
2019-01-31 14:00:00,-0.17604321989819027
2019-01-31 14:03:00,-0.23451095264556443
2019-01-31 14:06:00,-0.1946555866487074
2019-01-31 14:09:00,-0.1947711777709742
2019-01-31 14:12:00,-0.1561135783480836
2019-01-31 14:15:00,-0.15861090401477895
2019-01-31 14:18:00,-0.24896981778709915
2019-01-31 14:21:00,-0.3572233732864447
2019-01-31 14:24:00,-0.2814257555929771
2019-01-31 14:27:00,-0.25523311121798997
2019-01-31 14:30:00,-0.18054715317373393
2019-01-31 14:33:00,-0.20970595732649144
2019-01-31 14:36:00,-0.3105133504556079
2019-01-31 14:39:00,-0.22638645415821657
2019-01-31 14:42:00,-0.30285579310884714
2019-01-31 14:45:00,-0.23247745178821333
2019-01-31 14:48:00,-0.2613583203451526
2019-01-31 14:51:00,-0.22033190012348314
2019-01-31 14:54:00,-0.24948241510844582
2019-01-31 14:57:00,-0.17878785127624042
2019-01-31 15:00:00,-0.1382073296276758
2019-01-31 15:03:00,-0.2155244696992895
2019-01-31 15:06:00,-0.2052121980617585
2019-01-31 15:09:00,-0.21547624312813696
2019-01-31 15:12:00,-0.18171496256286446
2019-01-31 15:15:00,-0.10600207156306851
2019-01-31 15:18:00,-0.25311704913968924
2019-01-31 15:21:00,-0.24324240513232098
2019-01-31 15:24:00,-0.1782946862564927
2019-01-31 15:27:00,-0.03397582759635043
2019-01-31 15:30:00,-0.06647788516829678
2019-01-31 15:33:00,-0.11308599376712891
2019-01-31 15:36:00,-0.07541134372195302
2019-01-31 15:39:00,-0.019313760993611595
2019-01-31 15:42:00,-0.03312881816060553
2019-01-31 15:45:00,-0.12376698370718486
2019-01-31 15:48:00,-0.1609610064192566
2019-01-31 15:51:00,-0.2066575491343201
2019-01-31 15:54:00,-0.17689059695220521
2019-01-31 15:57:00,-0.23125664042947847
2019-01-31 16:00:00,-0.14434887575430366
2019-01-31 16:03:00,-0.07439865723762296
2019-01-31 16:06:00,-0.1953270280750985
2019-01-31 16:09:00,-0.12121797989078686
2019-01-31 16:12:00,-0.2247273314950462
2019-01-31 16:15:00,-0.2730209010310318
2019-01-31 16:18:00,-0.2954423526297205
2019-01-31 16:21:00,-0.2529751726461882
2019-01-31 16:24:00,-0.31303552844576643
2019-01-31 16:27:00,-0.3331432211645051
2019-01-31 16:30:00,-0.4112266843123962
2019-01-31 16:33:00,-0.347770847790116
2019-01-31 16:36:00,-0.2636650881331093
2019-01-31 16:39:00,-0.23318499111974234
2019-01-31 16:42:00,-0.25261399663634165
2019-01-31 16:45:00,-0.2879440851821755
2019-01-31 16:48:00,-0.315241881460679
2019-01-31 16:51:00,-0.24160954819319613
2019-01-31 16:54:00,-0.21412091848202408
2019-01-31 16:57:00,-0.24685527935042728
2019-01-31 17:00:00,-0.2571355022973876
2019-01-31 17:03:00,-0.24563240631590588
2019-01-31 17:06:00,-0.25113961697013565
2019-01-31 17:09:00,-0.19437975141283914
2019-01-31 17:12:00,-0.14235078386190025
2019-01-31 17:15:00,-0.2537579329833193
2019-01-31 17:18:00,-0.19782847330469622
2019-01-31 17:21:00,-0.12337560126798053
2019-01-31 17:24:00,-0.11776949688311333
2019-01-31 17:27:00,-0.06293560312383306
2019-01-31 17:30:00,-0.08056525244217028
2019-01-31 17:33:00,-0.13897052753031858
2019-01-31 17:36:00,0.011971838647127697
2019-01-31 17:39:00,-0.07809287264336717
2019-01-31 17:42:00,0.017365095819513954
2019-01-31 17:45:00,-0.008976830414098913
2019-01-31 17:48:00,-0.02560038555321853
2019-01-31 17:51:00,-0.03436143224433863
2019-01-31 17:54:00,0.06450141393844433
2019-01-31 17:57:00,0.06430857941410295
2019-01-31 18:00:00,0.04374726632045167
2019-01-31 18:03:00,0.10284296033114515
2019-01-31 18:06:00,-0.007175657297580074
2019-01-31 18:09:00,-0.06550855680853829
2019-01-31 18:12:00,0.05659400912327328
2019-01-31 18:15:00,0.0665477698421455
2019-01-31 18:18:00,0.020346654274760567
2019-01-31 18:21:00,0.03075694970021914
2019-01-31 18:24:00,-0.021448084864630346
2019-01-31 18:27:00,0.0002157584538053925
2019-01-31 18:30:00,-0.026399362060033127
2019-01-31 18:33:00,-0.06358963925521266
2019-01-31 18:36:00,-0.029936076155593128
2019-01-31 18:39:00,0.049382843980765756
2019-01-31 18:42:00,0.013529306274847386
2019-01-31 18:45:00,-0.014688969974542943
2019-01-31 18:48:00,-0.017067392966737316
2019-01-31 18:51:00,0.029963701658743958
2019-01-31 18:54:00,
2019-01-31 18:57:00,
2019-01-31 19:00:00,
2019-01-31 19:03:00,0.14732308405854155
2019-01-31 19:06:00,0.031842173949939934
2019-01-31 19:09:00,-0.014931027896182059
2019-01-31 19:12:00,0.02920453190176886
2019-01-31 19:15:00,0.04502044749654033
2019-01-31 19:18:00,0.07232099385220181
2019-01-31 19:21:00,0.009975177556498238
2019-01-31 19:24:00,0.07216940159122487
2019-01-31 19:27:00,0.06600486337498523
2019-01-31 19:30:00,0.03758819588944107
2019-01-31 19:33:00,0.1286847771579005
2019-01-31 19:36:00,0.02479158902576728
2019-01-31 19:39:00,-0.008843444090871344
2019-01-31 19:42:00,0.12103432763979072
2019-01-31 19:45:00,0.09962610891585655
2019-01-31 19:48:00,0.08403163133772296
2019-01-31 19:51:00,0.07527282003684377
2019-01-31 19:54:00,0.06079955990315966
2019-01-31 19:57:00,0.05373762953490768
2019-01-31 20:00:00,0.06872471736426178
2019-01-31 20:03:00,0.16825197163433359
2019-01-31 20:06:00,0.13365886070909028
2019-01-31 20:09:00,0.14164437091540094
2019-01-31 20:12:00,0.2792295742020201
2019-01-31 20:15:00,0.19090348923759848
2019-01-31 20:18:00,0.1271106515024485
2019-01-31 20:21:00,0.20926865393511207
2019-01-31 20:24:00,0.14767927859634256
2019-01-31 20:27:00,0.204527010554159
2019-01-31 20:30:00,0.1538476984644035
2019-01-31 20:33:00,0.12117834374794256
2019-01-31 20:36:00,0.179249604617155
2019-01-31 20:39:00,0.07501274120369317
2019-01-31 20:42:00,0.11308642038051175
2019-01-31 20:45:00,0.19297230751203642
2019-01-31 20:48:00,0.12434405891906408
2019-01-31 20:51:00,0.11494001325814907
2019-01-31 20:54:00,0.17679491813055392
2019-01-31 20:57:00,0.1580701984651114
2019-01-31 21:00:00,0.219829263701115
2019-01-31 21:03:00,0.23472999785235515
2019-01-31 21:06:00,0.20968718747178627
2019-01-31 21:09:00,0.1676633292840961
2019-01-31 21:12:00,0.2783857990233969
2019-01-31 21:15:00,0.222750882055891
2019-01-31 21:18:00,0.27142875664935673
2019-01-31 21:21:00,0.32921634299992775
2019-01-31 21:24:00,0.14391348889529354
2019-01-31 21:27:00,0.17788697372168372
2019-01-31 21:30:00,0.25491803857630657
2019-01-31 21:33:00,0.2805516745505088
2019-01-31 21:36:00,0.19459664063043647
2019-01-31 21:39:00,0.14419830162489689
2019-01-31 21:42:00,0.23153058985121788
2019-01-31 21:45:00,0.06629218639437795
2019-01-31 21:48:00,0.1786943975845361
2019-01-31 21:51:00,0.09349495815672526
2019-01-31 21:54:00,0.16103939614902174
2019-01-31 21:57:00,0.31211641467336904
2019-01-31 22:00:00,0.1986244907856758
2019-01-31 22:03:00,0.2529834989749702
2019-01-31 22:06:00,0.2774324902272838
2019-01-31 22:09:00,0.2258952237447147
2019-01-31 22:12:00,0.30547138534234364
2019-01-31 22:15:00,0.29519240127393687
2019-01-31 22:18:00,0.29501103901850456
2019-01-31 22:21:00,0.2429287489421199
2019-01-31 22:24:00,0.2641444782019562
2019-01-31 22:27:00,0.22661901633586012
2019-01-31 22:30:00,0.3027968121304525
2019-01-31 22:33:00,0.23387564668325922
2019-01-31 22:36:00,0.11474356361202354
2019-01-31 22:39:00,0.19500372882311012
2019-01-31 22:42:00,0.31163215573610614
2019-01-31 22:45:00,0.4163453158892594
2019-01-31 22:48:00,0.34224624301776885
2019-01-31 22:51:00,0.30899667347847526
2019-01-31 22:54:00,0.292293282223568
2019-01-31 22:57:00,0.25016829990607903
2019-01-31 23:00:00,0.32208594731434914
2019-01-31 23:03:00,0.359434481201788
2019-01-31 23:06:00,0.36315088572297327
2019-01-31 23:09:00,0.3329542740633542
2019-01-31 23:12:00,0.35192813964596326
2019-01-31 23:15:00,0.24193669706920673
2019-01-31 23:18:00,0.29549313199123617
2019-01-31 23:21:00,0.3721500991170501
2019-01-31 23:24:00,0.24346001939545658
2019-01-31 23:27:00,0.28369078295503414
2019-01-31 23:30:00,0.3783960059298579
2019-01-31 23:33:00,0.4061579915522202
2019-01-31 23:36:00,0.30903023833207044
2019-01-31 23:39:00,0.2499246324330784
2019-01-31 23:42:00,0.29023643749292205
2019-01-31 23:45:00,0.31240197963285254
2019-01-31 23:48:00,0.2680690623092232
2019-01-31 23:51:00,0.2745444855786445
2019-01-31 23:54:00,0.33965654222515695
2019-01-31 23:57:00,0.15702013648905222
2019-02-01 00:00:00,0.2898853065207163
2019-02-01 00:03:00,0.19357709398457246
2019-02-01 00:06:00,0.2642302504047507
2019-02-01 00:09:00,0.20529224917981992
2019-02-01 00:12:00,0.2076392987199256
2019-02-01 00:15:00,0.24685102896887656
2019-02-01 00:18:00,0.16654568775800271
2019-02-01 00:21:00,0.19219436012036795
2019-02-01 00:24:00,0.29311083815815664
2019-02-01 00:27:00,0.17035725644859667
2019-02-01 00:30:00,0.1761243831265915
2019-02-01 00:33:00,0.2740617631599207
2019-02-01 00:36:00,0.23035000941575845
2019-02-01 00:39:00,0.2889170821828202
2019-02-01 00:42:00,0.0022804705089356503
2019-02-01 00:45:00,0.15757289160745813
2019-02-01 00:48:00,0.21636406772188366
2019-02-01 00:51:00,0.13656265988561245
2019-02-01 00:54:00,0.07959448264563207
2019-02-01 00:57:00,0.1690353812741705
2019-02-01 01:00:00,0.11117960331819177
2019-02-01 01:03:00,0.15822985216209418
2019-02-01 01:06:00,0.18576205794016687
2019-02-01 01:09:00,0.10913235478869865
2019-02-01 01:12:00,0.08425691804166036
2019-02-01 01:15:00,0.15731482891771975
2019-02-01 01:18:00,0.2848755983591218
2019-02-01 01:21:00,0.3364489420242194
2019-02-01 01:24:00,0.272818176984174
2019-02-01 01:27:00,0.32302662747792965
2019-02-01 01:30:00,0.33503218997003614
2019-02-01 01:33:00,0.2551985731581681
2019-02-01 01:36:00,0.1631866019077961
2019-02-01 01:39:00,0.21385772244593682
2019-02-01 01:42:00,0.19343510819209087
2019-02-01 01:45:00,0.13029389289079063
2019-02-01 01:48:00,0.3354770518153032
2019-02-01 01:51:00,0.2737476391424707
2019-02-01 01:54:00,0.26498732668682123
2019-02-01 01:57:00,0.32648294665426647
2019-02-01 02:00:00,0.32805023185699156
2019-02-01 02:03:00,0.31559022403297377
2019-02-01 02:06:00,0.3884175934794598
2019-02-01 02:09:00,0.27184416215021656
2019-02-01 02:12:00,0.3993131669460581
2019-02-01 02:15:00,0.2835775877821334
2019-02-01 02:18:00,0.34919332103521583
2019-02-01 02:21:00,0.33129468456445466
2019-02-01 02:24:00,0.2946424684413955
2019-02-01 02:27:00,0.24713096892548947
2019-02-01 02:30:00,0.25308375931120963
2019-02-01 02:33:00,0.2053591800842014
2019-02-01 02:36:00,0.3179730819288693
2019-02-01 02:39:00,0.3049967122939279
2019-02-01 02:42:00,0.23881717238765532
2019-02-01 02:45:00,0.24739570887300033
2019-02-01 02:48:00,0.3207757160346887
2019-02-01 02:51:00,0.37697542312724863
2019-02-01 02:54:00,0.29037555455948905
2019-02-01 02:57:00,0.24134911560207684
2019-02-01 03:00:00,0.2733750937993591
2019-02-01 03:03:00,0.24276251076673816
2019-02-01 03:06:00,0.2725146292051477
2019-02-01 03:09:00,0.25586172038674704
2019-02-01 03:12:00,0.30734882977640154
2019-02-01 03:15:00,0.286411820837543
2019-02-01 03:18:00,0.23004430095136286
2019-02-01 03:21:00,0.24496155937549702
2019-02-01 03:24:00,0.28061376560759754
2019-02-01 03:27:00,0.2674870890539296
2019-02-01 03:30:00,0.23160231730867054
2019-02-01 03:33:00,0.3111949381236627
2019-02-01 03:36:00,0.41099329115593264
2019-02-01 03:39:00,0.33107954329551603
2019-02-01 03:42:00,0.26760874538655344
2019-02-01 03:45:00,0.27015868113261376
2019-02-01 03:48:00,0.2907446055521632
2019-02-01 03:51:00,0.3086867967889475
2019-02-01 03:54:00,0.35910394114148403
2019-02-01 03:57:00,0.29310614080191044
2019-02-01 04:00:00,0.36029703820759096
2019-02-01 04:03:00,0.3656011813259852
2019-02-01 04:06:00,0.304427259987051
2019-02-01 04:09:00,0.3541381753342989
2019-02-01 04:12:00,0.35647758984083566
2019-02-01 04:15:00,0.2898430311025777
2019-02-01 04:18:00,0.30038072231667456
2019-02-01 04:21:00,0.2924915571070983
2019-02-01 04:24:00,0.3764601974495463
2019-02-01 04:27:00,0.26853194119223645
2019-02-01 04:30:00,0.33343399481867664
2019-02-01 04:33:00,0.35855053532316106
2019-02-01 04:36:00,0.3385766152096039
2019-02-01 04:39:00,0.22114460681251558
2019-02-01 04:42:00,0.22385908070219784
2019-02-01 04:45:00,0.2792285356342745
2019-02-01 04:48:00,0.24153874393243768
2019-02-01 04:51:00,0.3407947291391906
2019-02-01 04:54:00,0.3114491162276636
2019-02-01 04:57:00,0.4080715440877043
2019-02-01 05:00:00,0.28685559865897403
2019-02-01 05:03:00,0.3179265373866542
2019-02-01 05:06:00,0.3072529568175355
2019-02-01 05:09:00,0.2546153764463952
2019-02-01 05:12:00,0.2786951509235678
2019-02-01 05:15:00,0.32512897212370717
2019-02-01 05:18:00,0.3377906527973664
2019-02-01 05:21:00,0.32261901280980965
2019-02-01 05:24:00,0.28409656861384747
2019-02-01 05:27:00,0.31932716799440186
2019-02-01 05:30:00,0.31374198651587903
2019-02-01 05:33:00,0.27050499136430517
2019-02-01 05:36:00,0.37457162061519966
2019-02-01 05:39:00,0.3859401368222848
2019-02-01 05:42:00,0.35526339421039665
2019-02-01 05:45:00,0.3321089375177735
2019-02-01 05:48:00,0.3543914354730191
2019-02-01 05:51:00,0.30538203128139685
2019-02-01 05:54:00,0.3423032194790494
2019-02-01 05:57:00,0.3392376044412231
2019-02-01 06:00:00,0.3118134640186554
2019-02-01 06:03:00,0.31902347608775017
2019-02-01 06:06:00,0.3705378728664641
2019-02-01 06:09:00,0.4351558591298499
2019-02-01 06:12:00,0.3434597513291351
2019-02-01 06:15:00,0.3335102827372225
2019-02-01 06:18:00,0.3074301830571926
2019-02-01 06:21:00,0.37427369438171354
2019-02-01 06:24:00,0.38401624245869925
2019-02-01 06:27:00,0.31778651843660555
2019-02-01 06:30:00,0.2776237629605589
2019-02-01 06:33:00,0.3219427056705513
2019-02-01 06:36:00,0.36739156423175245
2019-02-01 06:39:00,0.3581897427230274
2019-02-01 06:42:00,0.3199300916032257
2019-02-01 06:45:00,0.33952310321956247
2019-02-01 06:48:00,0.2759169757493396
2019-02-01 06:51:00,0.3094122176663632
2019-02-01 06:54:00,0.3517983817283721
2019-02-01 06:57:00,0.378938520745578
2019-02-01 07:00:00,0.35532936717908115
2019-02-01 07:03:00,0.3248417928582512
2019-02-01 07:06:00,0.33463826917432016
2019-02-01 07:09:00,0.2002295871050137
2019-02-01 07:12:00,0.3726147444065191
2019-02-01 07:15:00,0.37766718463103643
2019-02-01 07:18:00,0.39354270475246267
2019-02-01 07:21:00,0.46365722244962626
2019-02-01 07:24:00,0.3752891131202887
2019-02-01 07:27:00,0.42090322343199205
2019-02-01 07:30:00,0.41585279291155075
2019-02-01 07:33:00,0.36723608224957616
2019-02-01 07:36:00,0.3199450703177149
2019-02-01 07:39:00,0.3513692604191192
2019-02-01 07:42:00,0.303479786728019
2019-02-01 07:45:00,0.2734253529039279
2019-02-01 07:48:00,0.4616730241819482
2019-02-01 07:51:00,0.4137779504291075
2019-02-01 07:54:00,0.42591790003945107
2019-02-01 07:57:00,0.40120832336145895
2019-02-01 08:00:00,0.4419527133065344
2019-02-01 08:03:00,0.28922050953264034
2019-02-01 08:06:00,0.27599340274468886
2019-02-01 08:09:00,0.1935172412647148
2019-02-01 08:12:00,0.3860487408857125
2019-02-01 08:15:00,0.32928111097578494
2019-02-01 08:18:00,0.27128402441798016
2019-02-01 08:21:00,0.30444859549749026
2019-02-01 08:24:00,0.3163876792693827
2019-02-01 08:27:00,0.3388819549692812
2019-02-01 08:30:00,0.24153120045593823
2019-02-01 08:33:00,0.1606138074713499
2019-02-01 08:36:00,0.20396855609442355
2019-02-01 08:39:00,0.1834252529300784
2019-02-01 08:42:00,0.24598871572288772
2019-02-01 08:45:00,0.2830178941827626
2019-02-01 08:48:00,0.18318040753638343
2019-02-01 08:51:00,0.24882861993722827
2019-02-01 08:54:00,0.22163045071431497
2019-02-01 08:57:00,0.199773300684285
2019-02-01 09:00:00,0.21841774509817924
2019-02-01 09:03:00,0.11710571212324794
2019-02-01 09:06:00,0.19675298692618526
2019-02-01 09:09:00,0.10542124467013991
2019-02-01 09:12:00,0.20082741009463234
2019-02-01 09:15:00,0.1588474441993526
2019-02-01 09:18:00,0.13827650432642713
2019-02-01 09:21:00,0.11297186298958195
2019-02-01 09:24:00,0.23464618348697286
2019-02-01 09:27:00,0.23139741571668537
2019-02-01 09:30:00,0.10947169874810925
2019-02-01 09:33:00,0.12261764441484502
2019-02-01 09:36:00,0.08687216186837077
2019-02-01 09:39:00,0.09682119064865446
2019-02-01 09:42:00,0.15041999421777064
2019-02-01 09:45:00,0.10508336491125192
2019-02-01 09:48:00,0.11167553443789302
2019-02-01 09:51:00,0.06824047224370133
2019-02-01 09:54:00,0.08779199128304072
2019-02-01 09:57:00,0.10870243574186134
2019-02-01 10:00:00,-0.9449499892543827
2019-02-01 10:03:00,0.03569003547272587
2019-02-01 10:06:00,0.11914334064539389
2019-02-01 10:09:00,-0.5957147039883921
2019-02-01 10:12:00,0.14836537409132688
2019-02-01 10:15:00,-0.009750884835341367
2019-02-01 10:18:00,0.07956365010596755
2019-02-01 10:21:00,0.10714676680805724
2019-02-01 10:24:00,0.09352940972445367
2019-02-01 10:27:00,-0.02685164492010017
2019-02-01 10:30:00,0.004598418579860208
2019-02-01 10:33:00,-0.038083663930137845
2019-02-01 10:36:00,-0.2910844587378847
2019-02-01 10:39:00,-0.03065056904637231
2019-02-01 10:42:00,0.055859294776155366
2019-02-01 10:45:00,-0.005954052977244828
2019-02-01 10:48:00,0.008574620820979817
2019-02-01 10:51:00,-0.053646045300808964
2019-02-01 10:54:00,-0.030899543694715703
2019-02-01 10:57:00,-0.11865885559308254
2019-02-01 11:00:00,-0.09657379977528535
2019-02-01 11:03:00,-0.05424302808603443
2019-02-01 11:06:00,-0.0007652755431877267
2019-02-01 11:09:00,-0.10898089343379525
2019-02-01 11:12:00,-0.1558814895620344
2019-02-01 11:15:00,0.04755807974225945
2019-02-01 11:18:00,-0.018524894914833112
2019-02-01 11:21:00,-0.06280388307447993
2019-02-01 11:24:00,0.005336452463780006
2019-02-01 11:27:00,-0.11173922976269068
2019-02-01 11:30:00,-0.09419408230701265
2019-02-01 11:33:00,-0.11067145427904279
2019-02-01 11:36:00,-0.1829529727997965
2019-02-01 11:39:00,-0.1680505816070763
2019-02-01 11:42:00,-0.14372065199040662
2019-02-01 11:45:00,-0.12648719644363382
2019-02-01 11:48:00,-0.156283133982015
2019-02-01 11:51:00,-0.22296022088318068
2019-02-01 11:54:00,-0.21097079092248805
2019-02-01 11:57:00,-0.21693289722458076
2019-02-01 12:00:00,-0.19515862968574993
2019-02-01 12:03:00,-0.23483154927851047
2019-02-01 12:06:00,-0.21437741028205437
2019-02-01 12:09:00,-0.28949054243037153
2019-02-01 12:12:00,-0.2754517132410115
2019-02-01 12:15:00,-0.28015802888148755
2019-02-01 12:18:00,-0.3642970669616261
2019-02-01 12:21:00,-0.3618086516204926
2019-02-01 12:24:00,-0.33246277425524795
2019-02-01 12:27:00,-0.38587850766560905
2019-02-01 12:30:00,-0.3958590309777037
2019-02-01 12:33:00,-0.32946003946955216
2019-02-01 12:36:00,-0.23717233848071828
2019-02-01 12:39:00,-0.2976783521465336
2019-02-01 12:42:00,-0.23210461154320683
2019-02-01 12:45:00,-0.23623429516646866
2019-02-01 12:48:00,-0.28382453841385313
2019-02-01 12:51:00,-0.24609717464534242
2019-02-01 12:54:00,-0.242212539704326
2019-02-01 12:57:00,-0.19730142041998988
2019-02-01 13:00:00,-0.2486436748268943
2019-02-01 13:03:00,-0.2036551222441858
2019-02-01 13:06:00,-0.25939821118026885
2019-02-01 13:09:00,-0.3063498033204155
2019-02-01 13:12:00,-0.27087416244194173
2019-02-01 13:15:00,-0.27911043098742994
2019-02-01 13:18:00,-0.24985416158119733
2019-02-01 13:21:00,-0.37289393916245217
2019-02-01 13:24:00,-0.24826481571358272
2019-02-01 13:27:00,-0.19787089652862733
2019-02-01 13:30:00,-0.284927118550911
2019-02-01 13:33:00,-0.13278621873843122
2019-02-01 13:36:00,-0.1160792660318748
2019-02-01 13:39:00,-0.1466511465361009
2019-02-01 13:42:00,0.012270994256084578
2019-02-01 13:45:00,-0.1268488218572088
2019-02-01 13:48:00,-0.007706087524013583
2019-02-01 13:51:00,-0.10646011296034885
2019-02-01 13:54:00,-0.14784752622250608
2019-02-01 13:57:00,-0.1553675330038118
2019-02-01 14:00:00,-0.18824164719768532
2019-02-01 14:03:00,-0.12227301463229878
2019-02-01 14:06:00,-0.21968704908505288
2019-02-01 14:09:00,-0.26921608990011237
2019-02-01 14:12:00,-0.03775670679175391
2019-02-01 14:15:00,0.041994578314415776
2019-02-01 14:18:00,0.0023262985162091354
2019-02-01 14:21:00,-0.2699951366113851
2019-02-01 14:24:00,-0.32477546859371387
2019-02-01 14:27:00,-0.19104554302219867
2019-02-01 14:30:00,-0.2781757310680746
2019-02-01 14:33:00,-0.23108218745500153
2019-02-01 14:36:00,-0.14329382597964013
2019-02-01 14:39:00,-0.2625420960722522
2019-02-01 14:42:00,-0.2507135571588037
2019-02-01 14:45:00,-0.3117032147638952
2019-02-01 14:48:00,-0.3177260172574847
2019-02-01 14:51:00,-0.32140008542256737
2019-02-01 14:54:00,-0.22139936122897552
2019-02-01 14:57:00,-0.2757575635552598
2019-02-01 15:00:00,-0.25902876092862925
2019-02-01 15:03:00,-0.1680598520765102
2019-02-01 15:06:00,-0.24068247324322556
2019-02-01 15:09:00,-0.38968983644025457
2019-02-01 15:12:00,-0.20256022952099784
2019-02-01 15:15:00,-0.3075022712865234
2019-02-01 15:18:00,-0.35556942905935784
2019-02-01 15:21:00,-0.43401263894622844
2019-02-01 15:24:00,-0.4544540908236172
2019-02-01 15:27:00,-0.4978736474022867
2019-02-01 15:30:00,-0.4365635862066597
2019-02-01 15:33:00,-0.6252760411655345
2019-02-01 15:36:00,-0.37366062478889717
2019-02-01 15:39:00,-0.37375175041950115
2019-02-01 15:42:00,-0.34731713330506864
2019-02-01 15:45:00,-0.3227435462935091
2019-02-01 15:48:00,-0.33078415529007543
2019-02-01 15:51:00,-0.2602009266075811
2019-02-01 15:54:00,-0.09871398834860656
2019-02-01 15:57:00,-0.0372786907093996
2019-02-01 16:00:00,0.14541266041067047
2019-02-01 16:03:00,0.17119533868270764
2019-02-01 16:06:00,0.11550711365089228
2019-02-01 16:09:00,-0.026313991384427027
2019-02-01 16:12:00,0.3569979714628744
2019-02-01 16:15:00,0.1841633993204823
2019-02-01 16:18:00,-0.249605159581904
2019-02-01 16:21:00,-0.2695412283067071
2019-02-01 16:24:00,-0.24609887077878057
2019-02-01 16:27:00,-0.20298930579468788
2019-02-01 16:30:00,-0.21169924220708936
2019-02-01 16:33:00,-0.29987110937167927
2019-02-01 16:36:00,-0.32634772244563237
2019-02-01 16:39:00,-0.14858979562467312
2019-02-01 16:42:00,-0.11833438696362464
2019-02-01 16:45:00,-0.1706022423061313
2019-02-01 16:48:00,-0.10214370608201762
2019-02-01 16:51:00,-0.13674412526535207
2019-02-01 16:54:00,-0.12759002408637343
2019-02-01 16:57:00,-0.1757151783831432
2019-02-01 17:00:00,-0.12485305863600615
2019-02-01 17:03:00,-0.010110037977710817
2019-02-01 17:06:00,-0.01786797919567107
2019-02-01 17:09:00,-0.06559760667522596
2019-02-01 17:12:00,-0.08660541849087622
2019-02-01 17:15:00,-0.10735354252500429
2019-02-01 17:18:00,-0.0835857032730587
2019-02-01 17:21:00,-0.17429693397485835
2019-02-01 17:24:00,-0.15810528400515977
2019-02-01 17:27:00,-0.1474820713740428
2019-02-01 17:30:00,-0.18526357017930195
2019-02-01 17:33:00,-0.16413755781610462
2019-02-01 17:36:00,-0.1722209179193328
2019-02-01 17:39:00,-0.14134295170941868
2019-02-01 17:42:00,-0.21403083525240163
2019-02-01 17:45:00,-0.17175303060588476
2019-02-01 17:48:00,-0.08679327473373633
2019-02-01 17:51:00,-0.12111361687050248
2019-02-01 17:54:00,-0.19660134790723305
2019-02-01 17:57:00,-0.19447650713027542
2019-02-01 18:00:00,-0.20749052762602105
2019-02-01 18:03:00,-0.21977429830741357
2019-02-01 18:06:00,-0.11154142187336902
2019-02-01 18:09:00,-0.24116118567513922
2019-02-01 18:12:00,-0.21650144525574433
2019-02-01 18:15:00,-0.2429920706101143
2019-02-01 18:18:00,-0.1512315253614247
2019-02-01 18:21:00,-0.18614539608529412
2019-02-01 18:24:00,-0.1862790293224066
2019-02-01 18:27:00,-0.2167391628970563
2019-02-01 18:30:00,-0.14493452979877475
2019-02-01 18:33:00,-0.18480796349552975
2019-02-01 18:36:00,-0.2330027835195665
2019-02-01 18:39:00,-0.1532877119357181
2019-02-01 18:42:00,-0.14118106341959447
2019-02-01 18:45:00,-0.20153059819261898
2019-02-01 18:48:00,-0.12667334072045833
2019-02-01 18:51:00,-0.16140886924824827
2019-02-01 18:54:00,
2019-02-01 18:57:00,
2019-02-01 19:00:00,
2019-02-01 19:03:00,-0.08868473299321522
2019-02-01 19:06:00,-0.17477229557044893
2019-02-01 19:09:00,-0.12796478075557616
2019-02-01 19:12:00,-0.028854251942334486
2019-02-01 19:15:00,-0.12431492757713158
2019-02-01 19:18:00,-0.0017565590919730312
2019-02-01 19:21:00,0.002726266648494402
2019-02-01 19:24:00,-0.005356109871172521
2019-02-01 19:27:00,-0.05066670778916205
2019-02-01 19:30:00,0.0008594250020905747
2019-02-01 19:33:00,0.011612762243430552
2019-02-01 19:36:00,-0.04443065129345314
2019-02-01 19:39:00,-0.062302888836200054
2019-02-01 19:42:00,-0.03588419981980451
2019-02-01 19:45:00,-0.10712803654257641
2019-02-01 19:48:00,-0.035945166112014704
2019-02-01 19:51:00,-0.018492046996414047
2019-02-01 19:54:00,-0.026371107301315533
2019-02-01 19:57:00,0.001128201321250799
2019-02-01 20:00:00,-0.003866784732281303
2019-02-01 20:03:00,-0.08445634279388514
2019-02-01 20:06:00,-0.023615289459598898
2019-02-01 20:09:00,0.024459212176395795
2019-02-01 20:12:00,-0.03274801718487197
2019-02-01 20:15:00,-0.040066177205346776
2019-02-01 20:18:00,0.0019800942728238624
2019-02-01 20:21:00,-0.041225904366115174
2019-02-01 20:24:00,-0.07019239643193487
2019-02-01 20:27:00,-0.04872211139729643
2019-02-01 20:30:00,-0.08612638853719545
2019-02-01 20:33:00,-0.004397772509491915
2019-02-01 20:36:00,0.04163958952455005
2019-02-01 20:39:00,-0.01079472916984514
2019-02-01 20:42:00,-0.04438844758180949
2019-02-01 20:45:00,-0.07530671194598426
2019-02-01 20:48:00,0.007486533445103305
2019-02-01 20:51:00,0.12542500507174736
2019-02-01 20:54:00,0.14637954253652197
2019-02-01 20:57:00,0.05711933888636622
2019-02-01 21:00:00,0.07975727719889392
2019-02-01 21:03:00,0.16517639349427782
2019-02-01 21:06:00,0.13865633760963192
2019-02-01 21:09:00,0.0973633691513669
2019-02-01 21:12:00,0.05042810162990463
2019-02-01 21:15:00,-0.05130575255356007
2019-02-01 21:18:00,0.14150318220066538
2019-02-01 21:21:00,0.18295016981727485
2019-02-01 21:24:00,0.2344765564778868
2019-02-01 21:27:00,0.1501128536865508
2019-02-01 21:30:00,0.11939194859081681
2019-02-01 21:33:00,0.10313378111317206
2019-02-01 21:36:00,0.11270252386333368
2019-02-01 21:39:00,0.05769267061253913
2019-02-01 21:42:00,0.09137512783519242
2019-02-01 21:45:00,0.18974449071004074
2019-02-01 21:48:00,0.13945735529915737
2019-02-01 21:51:00,0.08124703227429109
2019-02-01 21:54:00,0.18330290871602983
2019-02-01 21:57:00,0.0949507904681468
2019-02-01 22:00:00,0.13284404476860345
2019-02-01 22:03:00,0.09350885086337257
2019-02-01 22:06:00,0.20208176563414781
2019-02-01 22:09:00,0.1692062861516206
2019-02-01 22:12:00,0.1829326699851208
2019-02-01 22:15:00,0.20352630096130042
2019-02-01 22:18:00,0.19665550766211481
2019-02-01 22:21:00,0.10563273792610062
2019-02-01 22:24:00,0.1293468393515127
2019-02-01 22:27:00,0.11859229788888115
2019-02-01 22:30:00,0.0954805008473727
2019-02-01 22:33:00,0.09277753305480019
2019-02-01 22:36:00,0.15873904659866866
2019-02-01 22:39:00,0.08872818180134345
2019-02-01 22:42:00,0.14945576135039573
2019-02-01 22:45:00,0.2225069666300783
2019-02-01 22:48:00,0.16420924445918672
2019-02-01 22:51:00,0.09142694477128543
2019-02-01 22:54:00,0.13887143954275416
2019-02-01 22:57:00,0.12761173230899203
2019-02-01 23:00:00,0.13499874329482964
2019-02-01 23:03:00,0.13755306292875957
2019-02-01 23:06:00,0.21097813051591174
2019-02-01 23:09:00,0.10600021683762861
2019-02-01 23:12:00,0.2196715533497695
2019-02-01 23:15:00,0.1942811132489055
2019-02-01 23:18:00,0.19273209177634953
2019-02-01 23:21:00,0.17108653998502632
2019-02-01 23:24:00,0.16430806859722225
2019-02-01 23:27:00,0.09995794000252545
2019-02-01 23:30:00,0.11680190140873492
2019-02-01 23:33:00,0.227422165442988
2019-02-01 23:36:00,0.1496283487765595
2019-02-01 23:39:00,0.14105850161911349
2019-02-01 23:42:00,0.1400224867683164
2019-02-01 23:45:00,0.18915448230188758
2019-02-01 23:48:00,0.1534589657329093
2019-02-01 23:51:00,0.12241097655129352
2019-02-01 23:54:00,0.18610504726899535
2019-02-01 23:57:00,0.16381074848527533
2019-02-02 00:00:00,0.2032609686986575
2019-02-02 00:03:00,0.12848373707294058
2019-02-02 00:06:00,0.16743770515819278
2019-02-02 00:09:00,0.05022918041606772
2019-02-02 00:12:00,0.05875519527739925
2019-02-02 00:15:00,0.19928964319842635
2019-02-02 00:18:00,0.08697001081401368
2019-02-02 00:21:00,0.14129406371904452
2019-02-02 00:24:00,0.08542303563240239
2019-02-02 00:27:00,0.07117447293808254
2019-02-02 00:30:00,0.15001298788195072
2019-02-02 00:33:00,0.1788381765489362
2019-02-02 00:36:00,0.21529103471488042
2019-02-02 00:39:00,0.1750197677922074
2019-02-02 00:42:00,0.1340164093905969
2019-02-02 00:45:00,0.1303603880532478
2019-02-02 00:48:00,0.09562122942935503
2019-02-02 00:51:00,0.10739339348265275
2019-02-02 00:54:00,0.12564404241049942
2019-02-02 00:57:00,0.09814003198005139
2019-02-02 01:00:00,0.05961410291149605
2019-02-02 01:03:00,0.14874668933248358
2019-02-02 01:06:00,0.11999145497895825
2019-02-02 01:09:00,0.20262809950986593
2019-02-02 01:12:00,0.13909068573224204
2019-02-02 01:15:00,0.1900458015693971
2019-02-02 01:18:00,0.07781087081633586
2019-02-02 01:21:00,0.04459019160276512
2019-02-02 01:24:00,0.10890557006206336
2019-02-02 01:27:00,0.12873625045739345
2019-02-02 01:30:00,0.1921434103630304
2019-02-02 01:33:00,0.1269949294847379
2019-02-02 01:36:00,0.07587058183128192
2019-02-02 01:39:00,0.2354369347242482
2019-02-02 01:42:00,0.22226589095652116
2019-02-02 01:45:00,0.1254253248117152
2019-02-02 01:48:00,0.18931283917453356
2019-02-02 01:51:00,0.24093681693273084
2019-02-02 01:54:00,0.21872993845011024
2019-02-02 01:57:00,0.09488931998737371
2019-02-02 02:00:00,0.18223931565154317
2019-02-02 02:03:00,0.193149866747774
2019-02-02 02:06:00,0.22911976047282678
2019-02-02 02:09:00,0.14949234729766658
2019-02-02 02:12:00,0.12459002200364466
2019-02-02 02:15:00,0.16981734666222792
2019-02-02 02:18:00,0.13926843363049102
2019-02-02 02:21:00,0.2123038547576357
2019-02-02 02:24:00,0.29300918579707513
2019-02-02 02:27:00,0.29461634680382076
2019-02-02 02:30:00,0.2931264207307436
2019-02-02 02:33:00,0.2548585570052637
2019-02-02 02:36:00,0.18632912593830042
2019-02-02 02:39:00,0.21874658778557432
2019-02-02 02:42:00,0.20438715357141746
2019-02-02 02:45:00,0.2263388406743161
2019-02-02 02:48:00,0.23364345883192073
2019-02-02 02:51:00,0.24005206980780258
2019-02-02 02:54:00,0.18561872629965137
2019-02-02 02:57:00,0.1704554421218063
2019-02-02 03:00:00,0.3034231534555829
2019-02-02 03:03:00,0.14974663024338497
2019-02-02 03:06:00,0.24430991768468857
2019-02-02 03:09:00,0.17829103360151066
2019-02-02 03:12:00,0.1221097829009068
2019-02-02 03:15:00,0.251885019281076
2019-02-02 03:18:00,0.18757299014146156
2019-02-02 03:21:00,0.23411182114898565
2019-02-02 03:24:00,0.1883322705422188
2019-02-02 03:27:00,0.1907174572147028
2019-02-02 03:30:00,0.19098852056441729
2019-02-02 03:33:00,0.19868132836330687
2019-02-02 03:36:00,0.23260240654531117
2019-02-02 03:39:00,0.22697415538419818
2019-02-02 03:42:00,0.23117574937009522
2019-02-02 03:45:00,0.3067625633495936
2019-02-02 03:48:00,0.29235684373696813
2019-02-02 03:51:00,0.2609539397823255
2019-02-02 03:54:00,0.15443524227350736
2019-02-02 03:57:00,0.2678398581667807
2019-02-02 04:00:00,0.20405906623136616
2019-02-02 04:03:00,0.3862447226816812
2019-02-02 04:06:00,0.1945220634341922
2019-02-02 04:09:00,0.2836073618873911
2019-02-02 04:12:00,0.2731741449705396
2019-02-02 04:15:00,0.29027330438293575
2019-02-02 04:18:00,0.2348683198790127
2019-02-02 04:21:00,0.21137432058287686
2019-02-02 04:24:00,0.19985401421814686
2019-02-02 04:27:00,0.27635956967577613
2019-02-02 04:30:00,0.2532415250026361
2019-02-02 04:33:00,0.29915026790774846
2019-02-02 04:36:00,0.2762190163008995
2019-02-02 04:39:00,0.23476327850363532
2019-02-02 04:42:00,0.2841431677690025
2019-02-02 04:45:00,0.26410790378997717
2019-02-02 04:48:00,0.29074610605636053
2019-02-02 04:51:00,0.355731609753434
2019-02-02 04:54:00,0.32063748952123206
2019-02-02 04:57:00,0.2876927240849909
2019-02-02 05:00:00,0.2253182167666523
2019-02-02 05:03:00,0.34672076295396437
2019-02-02 05:06:00,0.28473469810194274
2019-02-02 05:09:00,0.21089072198441272
2019-02-02 05:12:00,0.21991269086987586
2019-02-02 05:15:00,0.27071052607902857
2019-02-02 05:18:00,0.26381514501883885
2019-02-02 05:21:00,0.2962829411369512
2019-02-02 05:24:00,0.20062680776129582
2019-02-02 05:27:00,0.2258613373998628
2019-02-02 05:30:00,0.1733579858210419
2019-02-02 05:33:00,0.13066290471857656
2019-02-02 05:36:00,0.3026547119094971
2019-02-02 05:39:00,0.2976525370617651
2019-02-02 05:42:00,0.33316498354156465
2019-02-02 05:45:00,0.2092705577155698
2019-02-02 05:48:00,0.2918278640605081
2019-02-02 05:51:00,0.39862331658679295
2019-02-02 05:54:00,0.256942998651823
2019-02-02 05:57:00,0.32665794597045306
2019-02-02 06:00:00,0.3033384355391604
2019-02-02 06:03:00,0.32320697473119253
2019-02-02 06:06:00,0.2827237647102834
2019-02-02 06:09:00,0.21731243517649546
2019-02-02 06:12:00,0.19396795799275424
2019-02-02 06:15:00,0.32844455050815213
2019-02-02 06:18:00,0.2382208966079702
2019-02-02 06:21:00,0.19544081630112942
2019-02-02 06:24:00,0.2634320357780098
2019-02-02 06:27:00,0.27913554121914785
2019-02-02 06:30:00,0.23074259156396693
2019-02-02 06:33:00,0.339184498475845
2019-02-02 06:36:00,0.28361142781812987
2019-02-02 06:39:00,0.2634131779703921
2019-02-02 06:42:00,0.20870010728521038
2019-02-02 06:45:00,0.21088646561668156
2019-02-02 06:48:00,0.2877357084586265
2019-02-02 06:51:00,0.2779977216413272
2019-02-02 06:54:00,0.1937341303188873
2019-02-02 06:57:00,0.28123987413505347
2019-02-02 07:00:00,0.22505692845902558
2019-02-02 07:03:00,0.28925494065913426
2019-02-02 07:06:00,0.28085005378000005
2019-02-02 07:09:00,0.34823252267801763
2019-02-02 07:12:00,0.3192150879988276
2019-02-02 07:15:00,0.36628484348472057
2019-02-02 07:18:00,0.30805766382030697
2019-02-02 07:21:00,0.31061592445746555
2019-02-02 07:24:00,0.2228336450384063
2019-02-02 07:27:00,0.37332487536366443
2019-02-02 07:30:00,0.26050540625305985
2019-02-02 07:33:00,0.2179065206833002
2019-02-02 07:36:00,0.2522531496557008
2019-02-02 07:39:00,0.35759072421058136
2019-02-02 07:42:00,0.2138327524364172
2019-02-02 07:45:00,0.1994102268615734
2019-02-02 07:48:00,0.24889232832708785
2019-02-02 07:51:00,0.26037803347480803
2019-02-02 07:54:00,0.22245151777025285
2019-02-02 07:57:00,0.22314922509860935
2019-02-02 08:00:00,0.23573834482027678
2019-02-02 08:03:00,0.17998710286809683
2019-02-02 08:06:00,0.30375949925684154
2019-02-02 08:09:00,0.27105657771676306
2019-02-02 08:12:00,0.2960868902417815
2019-02-02 08:15:00,0.3238848894484363
2019-02-02 08:18:00,0.24494332811366348
2019-02-02 08:21:00,0.43318204988298703
2019-02-02 08:24:00,0.33257761343838865
2019-02-02 08:27:00,0.2420977549058989
2019-02-02 08:30:00,0.2697071645648066
2019-02-02 08:33:00,0.29932723706724573
2019-02-02 08:36:00,0.20057999646201097
2019-02-02 08:39:00,0.2268538303219998
2019-02-02 08:42:00,0.25976715668593897
2019-02-02 08:45:00,0.23848347242915224
2019-02-02 08:48:00,0.235353452362574
2019-02-02 08:51:00,0.21263041844326835
2019-02-02 08:54:00,0.1843028636976669
2019-02-02 08:57:00,0.13795800866137142
2019-02-02 09:00:00,0.24353365088182954
2019-02-02 09:03:00,0.2093228900787949
2019-02-02 09:06:00,0.28114329469241284
2019-02-02 09:09:00,0.22849373319496635
2019-02-02 09:12:00,0.1868624007883568
2019-02-02 09:15:00,0.24337305415934907
2019-02-02 09:18:00,0.18322743159069432
2019-02-02 09:21:00,0.20503778629824865
2019-02-02 09:24:00,0.19873738378555572
2019-02-02 09:27:00,0.14450505302289685
2019-02-02 09:30:00,0.17392126088509485
2019-02-02 09:33:00,0.16817436170379096
2019-02-02 09:36:00,0.1588157646526156
2019-02-02 09:39:00,0.17128162378349998
2019-02-02 09:42:00,0.10947587929820202
2019-02-02 09:45:00,0.13916855358206703
2019-02-02 09:48:00,0.047829117902097096
2019-02-02 09:51:00,0.1353427695063374
2019-02-02 09:54:00,0.10252718958810192
2019-02-02 09:57:00,0.0717225571598874
2019-02-02 10:00:00,-0.014774873210853912
2019-02-02 10:03:00,-0.044504571286893224
2019-02-02 10:06:00,0.03456611139137067
2019-02-02 10:09:00,0.006387962679013981
2019-02-02 10:12:00,-0.02058140352312421
2019-02-02 10:15:00,-0.040482447718488856
2019-02-02 10:18:00,-0.022630691793267488
2019-02-02 10:21:00,-0.12325898682109937
2019-02-02 10:24:00,-0.059317820722469605
2019-02-02 10:27:00,-0.02901181698155142
2019-02-02 10:30:00,0.009671320972586273
2019-02-02 10:33:00,-0.08485648668812473
2019-02-02 10:36:00,-0.03525425572047425
2019-02-02 10:39:00,-0.15152991281962613
2019-02-02 10:42:00,-0.022209777324405877
2019-02-02 10:45:00,-0.07874000745016474
2019-02-02 10:48:00,-0.10619693127267738
2019-02-02 10:51:00,-0.11606440961077169
2019-02-02 10:54:00,-0.13830851931618326
2019-02-02 10:57:00,-0.2540245045389611
2019-02-02 11:00:00,-0.22440310249800177
2019-02-02 11:03:00,-0.23396553819429755
2019-02-02 11:06:00,-0.23917892196027424
2019-02-02 11:09:00,-0.2096623393458117
2019-02-02 11:12:00,-0.19169443364955896
2019-02-02 11:15:00,-0.19107091471880722
2019-02-02 11:18:00,-0.11435084576561394
2019-02-02 11:21:00,-0.3417328757961968
2019-02-02 11:24:00,-0.2295044565906892
2019-02-02 11:27:00,-0.32122752196977444
2019-02-02 11:30:00,-0.11532941230558436
2019-02-02 11:33:00,-0.31449308499549034
2019-02-02 11:36:00,-0.2597604796615087
2019-02-02 11:39:00,-0.1592225968782941
2019-02-02 11:42:00,-0.23022662032951757
2019-02-02 11:45:00,-0.2630145007686906
2019-02-02 11:48:00,-0.23451751194733106
2019-02-02 11:51:00,-0.29009888261128935
2019-02-02 11:54:00,-0.1942495954396577
2019-02-02 11:57:00,-0.2333532529085005
2019-02-02 12:00:00,-0.3364489337388932
2019-02-02 12:03:00,-0.2625491513141469
2019-02-02 12:06:00,-0.3613866396997878
2019-02-02 12:09:00,-0.2621522030448773
2019-02-02 12:12:00,-0.25484678709580066
2019-02-02 12:15:00,-0.3101653360572527
2019-02-02 12:18:00,-0.22489429975269104
2019-02-02 12:21:00,-0.23015754949932443
2019-02-02 12:24:00,-0.3084488487916133
2019-02-02 12:27:00,-0.16165417843205887
2019-02-02 12:30:00,-0.29109748769940325
2019-02-02 12:33:00,-0.20883848441627606
2019-02-02 12:36:00,-0.17240767574008942
2019-02-02 12:39:00,-0.22741879199105597
2019-02-02 12:42:00,-0.23845427492284443
2019-02-02 12:45:00,-0.14603681636060628
2019-02-02 12:48:00,-0.2125028829340181
2019-02-02 12:51:00,-0.2758875167542669
2019-02-02 12:54:00,-0.27145755238575475
2019-02-02 12:57:00,-0.27077273345469166
2019-02-02 13:00:00,-0.2813798896956996
2019-02-02 13:03:00,-0.2419410283768002
2019-02-02 13:06:00,-0.1662568839984715
2019-02-02 13:09:00,-0.279565824564429
2019-02-02 13:12:00,-0.24311305875647804
2019-02-02 13:15:00,-0.23013152215878563
2019-02-02 13:18:00,-0.23351767981398552
2019-02-02 13:21:00,-0.27590990667465576
2019-02-02 13:24:00,-0.32927278113839975
2019-02-02 13:27:00,-0.2856100840951967
2019-02-02 13:30:00,-0.2534672026304179
2019-02-02 13:33:00,-0.3152870850651084
2019-02-02 13:36:00,-0.3027670912348981
2019-02-02 13:39:00,-0.3696796201289203
2019-02-02 13:42:00,-0.23022187565982222
2019-02-02 13:45:00,-0.3134512647543488
2019-02-02 13:48:00,-0.4431386976709746
2019-02-02 13:51:00,-0.3466845477276479
2019-02-02 13:54:00,-0.3515814853715824
2019-02-02 13:57:00,-0.3292043317179605
2019-02-02 14:00:00,-0.2420190423433155
2019-02-02 14:03:00,-0.270353631248895
2019-02-02 14:06:00,-0.28528535035314917
2019-02-02 14:09:00,-0.40190059129014344
2019-02-02 14:12:00,-0.37719118341880176
2019-02-02 14:15:00,-0.37768299124115856
2019-02-02 14:18:00,-0.3973093446109033
2019-02-02 14:21:00,-0.4779289058405993
2019-02-02 14:24:00,-0.42361334933463013
2019-02-02 14:27:00,-0.36903076200150053
2019-02-02 14:30:00,-0.3537262252534674
2019-02-02 14:33:00,-0.30769332004115313
2019-02-02 14:36:00,-0.1312667643933878
2019-02-02 14:39:00,-0.14612594359124387
2019-02-02 14:42:00,-0.07124002513535288
2019-02-02 14:45:00,-0.1363238255489705
2019-02-02 14:48:00,-0.13821999287603148
2019-02-02 14:51:00,-0.18085168276127206
2019-02-02 14:54:00,-0.1615906191264571
2019-02-02 14:57:00,-0.19903164771483262
2019-02-02 15:00:00,-0.20443147788932947
2019-02-02 15:03:00,-0.12281072268478965
2019-02-02 15:06:00,-0.1420851569685624
2019-02-02 15:09:00,-0.03294932803419215
2019-02-02 15:12:00,-0.09006510807176937
2019-02-02 15:15:00,-0.15508981623651152
2019-02-02 15:18:00,-0.20920414024476486
2019-02-02 15:21:00,-0.20963120008065061
2019-02-02 15:24:00,-0.15777071913987584
2019-02-02 15:27:00,-0.10133465332694414
2019-02-02 15:30:00,-0.13557355642996072
2019-02-02 15:33:00,-0.07539229695368022
2019-02-02 15:36:00,-0.26246639604750044
2019-02-02 15:39:00,-0.3594312597010685
2019-02-02 15:42:00,-0.24246077172529112
2019-02-02 15:45:00,-0.2121462919650412
2019-02-02 15:48:00,-0.15827312330912946
2019-02-02 15:51:00,-0.2773297677146047
2019-02-02 15:54:00,-0.24097378251553891
2019-02-02 15:57:00,-0.2400776377397733
2019-02-02 16:00:00,-0.22757898788142938
2019-02-02 16:03:00,-0.26905885999087786
2019-02-02 16:06:00,-0.278409897816573
2019-02-02 16:09:00,-0.27937076651056714
2019-02-02 16:12:00,-0.21329446126475204
2019-02-02 16:15:00,-0.21847714821490172
2019-02-02 16:18:00,-0.13686963979984057
2019-02-02 16:21:00,-0.2203520423018972
2019-02-02 16:24:00,-0.21923185793872335
2019-02-02 16:27:00,-0.25256258081418537
2019-02-02 16:30:00,-0.2960185065123824
2019-02-02 16:33:00,-0.2862678289220639
2019-02-02 16:36:00,-0.24432458448194438
2019-02-02 16:39:00,-0.2071267000607122
2019-02-02 16:42:00,-0.17966971460379
2019-02-02 16:45:00,-0.15479897847581015
2019-02-02 16:48:00,-0.26649311730915315
2019-02-02 16:51:00,-0.07709328161490703
2019-02-02 16:54:00,-0.1882201789325677
2019-02-02 16:57:00,-0.13769144323549654
2019-02-02 17:00:00,-0.12622230536311463
2019-02-02 17:03:00,-0.06766834510011677
2019-02-02 17:06:00,-0.20493130079125876
2019-02-02 17:09:00,-0.15412818088469749
2019-02-02 17:12:00,-0.16129126475988187
2019-02-02 17:15:00,-0.22393698223208958
2019-02-02 17:18:00,-0.21632471322561742
2019-02-02 17:21:00,-0.2513834337961498
2019-02-02 17:24:00,-0.08924195105873878
2019-02-02 17:27:00,-0.18314050627253664
2019-02-02 17:30:00,-0.1344537078941812
2019-02-02 17:33:00,-0.12007247866921489
2019-02-02 17:36:00,-0.15427983566974035
2019-02-02 17:39:00,-0.19400152922025882
2019-02-02 17:42:00,-0.09047888203434695
2019-02-02 17:45:00,-0.14512114484023186
2019-02-02 17:48:00,-0.09252635839033019
2019-02-02 17:51:00,-0.10782996723185079
2019-02-02 17:54:00,-0.07211588303931649
2019-02-02 17:57:00,-0.10889306462831883
2019-02-02 18:00:00,-0.00839845754939006
2019-02-02 18:03:00,-0.13265585370396593
2019-02-02 18:06:00,-0.15605875729039553
2019-02-02 18:09:00,-0.08948513441151817
2019-02-02 18:12:00,-0.07235708440430244
2019-02-02 18:15:00,-0.1658211140182857
2019-02-02 18:18:00,-0.033453155610686736
2019-02-02 18:21:00,0.00876751303326273
2019-02-02 18:24:00,-0.037916822676038464
2019-02-02 18:27:00,0.12173255738974831
2019-02-02 18:30:00,0.06349660842704452
2019-02-02 18:33:00,0.03194683715605606
2019-02-02 18:36:00,0.10793217350487794
2019-02-02 18:39:00,0.011261807458197381
2019-02-02 18:42:00,0.1262563968270456
2019-02-02 18:45:00,0.0362258730875169
2019-02-02 18:48:00,0.05709893045377612
2019-02-02 18:51:00,0.0039073952962667136
2019-02-02 18:54:00,0.019967721267505567
2019-02-02 18:57:00,
2019-02-02 19:00:00,
2019-02-02 19:03:00,0.0671058667759894
2019-02-02 19:06:00,0.008094440234174272
2019-02-02 19:09:00,0.01311108897266422
2019-02-02 19:12:00,0.05667578032370102
2019-02-02 19:15:00,0.175810454263285
2019-02-02 19:18:00,0.1102462905943753
2019-02-02 19:21:00,0.022414439951205622
2019-02-02 19:24:00,0.07586399927453158
2019-02-02 19:27:00,0.009128966424270857
2019-02-02 19:30:00,0.06958256718297662
2019-02-02 19:33:00,0.024936622179438928
2019-02-02 19:36:00,0.09323724754682416
2019-02-02 19:39:00,0.07359886247513714
2019-02-02 19:42:00,-0.008586117898346401
2019-02-02 19:45:00,0.07506430691984178
2019-02-02 19:48:00,0.1160423446684149
2019-02-02 19:51:00,0.07000655798293565
2019-02-02 19:54:00,0.13954637828669547
2019-02-02 19:57:00,0.09632235748961193
2019-02-02 20:00:00,0.02348225097273371
2019-02-02 20:03:00,0.06109238234057557
2019-02-02 20:06:00,0.12343490102773558
2019-02-02 20:09:00,0.038082820987028754
2019-02-02 20:12:00,0.14060714842310063
2019-02-02 20:15:00,0.1680739217326277
2019-02-02 20:18:00,0.15168063663264775
2019-02-02 20:21:00,0.06038005015420822
2019-02-02 20:24:00,0.12322115380254672
2019-02-02 20:27:00,0.007484198355541594
2019-02-02 20:30:00,0.05244457552174708
2019-02-02 20:33:00,0.07354646960800437
2019-02-02 20:36:00,0.040441812616393236
2019-02-02 20:39:00,0.11422473391905896
2019-02-02 20:42:00,-0.0381756833108966
2019-02-02 20:45:00,0.04289842954835876
2019-02-02 20:48:00,0.10087040238420286
2019-02-02 20:51:00,0.04585090076960796
2019-02-02 20:54:00,0.07239973202177907
2019-02-02 20:57:00,0.024885652096259037
2019-02-02 21:00:00,0.025126251470965144
2019-02-02 21:03:00,0.058598527409287726
2019-02-02 21:06:00,0.04802371892651536
2019-02-02 21:09:00,0.0645051901785223
2019-02-02 21:12:00,-0.03237972927638566
2019-02-02 21:15:00,0.0661208474406294
2019-02-02 21:18:00,0.005926912269103468
2019-02-02 21:21:00,0.13561658816587396
2019-02-02 21:24:00,0.11764281500791185
2019-02-02 21:27:00,0.05958366182238706
2019-02-02 21:30:00,-0.014598287624323802
2019-02-02 21:33:00,0.026843849261410924
2019-02-02 21:36:00,0.10310193803672973
2019-02-02 21:39:00,0.084627049828498
2019-02-02 21:42:00,0.04860971490074917
2019-02-02 21:45:00,0.11164266612536267
2019-02-02 21:48:00,0.036708652444986
2019-02-02 21:51:00,0.1144710367677817
2019-02-02 21:54:00,0.07697705608796923
2019-02-02 21:57:00,0.1336361426590429
2019-02-02 22:00:00,0.054213855187128956
2019-02-02 22:03:00,0.08584117847709649
2019-02-02 22:06:00,0.13291100697290403
2019-02-02 22:09:00,0.1583950602299069
2019-02-02 22:12:00,0.08576964388612396
2019-02-02 22:15:00,0.07714013834868183
2019-02-02 22:18:00,0.06872946429700733
2019-02-02 22:21:00,0.18749222224874984
2019-02-02 22:24:00,0.1598114646693034
2019-02-02 22:27:00,0.10486895503441929
2019-02-02 22:30:00,0.06850873205809194
2019-02-02 22:33:00,0.14408240881510892
2019-02-02 22:36:00,0.22012254638588047
2019-02-02 22:39:00,0.14926893488848236
2019-02-02 22:42:00,0.14016701832963463
2019-02-02 22:45:00,0.15226862999679724
2019-02-02 22:48:00,0.09118945016456337
2019-02-02 22:51:00,0.18467765466363062
2019-02-02 22:54:00,0.20803685547230089
2019-02-02 22:57:00,0.08718194789253175
2019-02-02 23:00:00,0.1332637751739867
2019-02-02 23:03:00,0.2020585926760532
2019-02-02 23:06:00,0.1836957667171646
2019-02-02 23:09:00,0.20100204572008806
2019-02-02 23:12:00,0.3039787839912833
2019-02-02 23:15:00,0.1798501238342851
2019-02-02 23:18:00,0.24750153653252482
2019-02-02 23:21:00,0.2744351457689618
2019-02-02 23:24:00,0.1869107746471741
2019-02-02 23:27:00,0.21314148624480822
2019-02-02 23:30:00,0.21167004979747617
2019-02-02 23:33:00,0.22065003074527567
2019-02-02 23:36:00,0.15548104779230698
2019-02-02 23:39:00,0.13081989453542064
2019-02-02 23:42:00,0.2688150492904242
2019-02-02 23:45:00,0.13673198520774577
2019-02-02 23:48:00,0.10404341981268317
2019-02-02 23:51:00,0.21635569189402304
2019-02-02 23:54:00,0.19362837879731387
2019-02-02 23:57:00,0.09316592486965192
2019-02-03 00:00:00,0.04232237939419292
2019-02-03 00:03:00,0.11433724991434246
2019-02-03 00:06:00,0.15619409181505262
2019-02-03 00:09:00,0.2327625853703239
2019-02-03 00:12:00,0.18984500380224745
2019-02-03 00:15:00,0.17049916425094125
2019-02-03 00:18:00,0.11977483144983125
2019-02-03 00:21:00,0.12648155931879046
2019-02-03 00:24:00,0.22422831176606906
2019-02-03 00:27:00,0.2378887402020382
2019-02-03 00:30:00,0.14140815441891164
2019-02-03 00:33:00,0.1628339502908034
2019-02-03 00:36:00,0.08120718729225018
2019-02-03 00:39:00,0.2339884542427626
2019-02-03 00:42:00,0.2601590205679827
2019-02-03 00:45:00,0.07983402153087127
2019-02-03 00:48:00,0.12176523469122458
2019-02-03 00:51:00,0.21607252039098057
2019-02-03 00:54:00,0.2638904632103163
2019-02-03 00:57:00,0.17471962839124444
2019-02-03 01:00:00,0.3210749914170492
2019-02-03 01:03:00,0.15792693373498423
2019-02-03 01:06:00,0.23538141107161437
2019-02-03 01:09:00,0.1815662083092775
2019-02-03 01:12:00,0.2358230570441151
2019-02-03 01:15:00,0.285037446814556
2019-02-03 01:18:00,0.15418980715509178
2019-02-03 01:21:00,0.2917987970839704
2019-02-03 01:24:00,0.342384940417503
2019-02-03 01:27:00,0.2246647940300477
2019-02-03 01:30:00,0.2572994815733409
2019-02-03 01:33:00,0.25092183377444144
2019-02-03 01:36:00,0.2783715167695391
2019-02-03 01:39:00,0.2861686800907819
2019-02-03 01:42:00,0.2351793633285979
2019-02-03 01:45:00,0.20481810401543044
2019-02-03 01:48:00,0.31230194456856
2019-02-03 01:51:00,0.254813408924349
2019-02-03 01:54:00,0.22995009850791348
2019-02-03 01:57:00,0.15519160193952075
2019-02-03 02:00:00,0.2717609468912201
2019-02-03 02:03:00,0.23195457384764495
2019-02-03 02:06:00,0.2093381079252481
2019-02-03 02:09:00,0.22326162223379242
2019-02-03 02:12:00,0.22176785495145168
2019-02-03 02:15:00,0.22592188088640341
2019-02-03 02:18:00,0.14992807230476046
2019-02-03 02:21:00,0.29879294234109466
2019-02-03 02:24:00,0.23159788619659594
2019-02-03 02:27:00,0.28478779082661276
2019-02-03 02:30:00,0.19764032745575832
2019-02-03 02:33:00,0.27695371612526287
2019-02-03 02:36:00,0.26634826716593807
2019-02-03 02:39:00,0.1453203872313793
2019-02-03 02:42:00,0.19115686060655435
2019-02-03 02:45:00,0.22287427896895906
2019-02-03 02:48:00,0.2956728664720458
2019-02-03 02:51:00,0.24913338802247154
2019-02-03 02:54:00,0.1883618115302852
2019-02-03 02:57:00,0.19535736100226586
2019-02-03 03:00:00,0.3224364781611939
2019-02-03 03:03:00,0.25365418546908813
2019-02-03 03:06:00,0.29605668421299924
2019-02-03 03:09:00,0.18077653398688653
2019-02-03 03:12:00,0.2731454801242421
2019-02-03 03:15:00,0.31551156303339667
2019-02-03 03:18:00,0.3065310098273244
2019-02-03 03:21:00,0.3026841013777357
2019-02-03 03:24:00,0.2859691857261737
2019-02-03 03:27:00,0.24322315235394854
2019-02-03 03:30:00,0.21222846550102759
2019-02-03 03:33:00,0.1808406244665548
2019-02-03 03:36:00,0.32629504617955263
2019-02-03 03:39:00,0.22845289421945836
2019-02-03 03:42:00,0.2986960929466136
2019-02-03 03:45:00,0.2339740882094361
2019-02-03 03:48:00,0.25306472871602637
2019-02-03 03:51:00,0.25567171430986946
2019-02-03 03:54:00,0.2677577889546683
2019-02-03 03:57:00,0.2864989899612169
2019-02-03 04:00:00,0.19381080717352006
2019-02-03 04:03:00,0.2438712590128489
2019-02-03 04:06:00,0.25029677476089773
2019-02-03 04:09:00,0.27868789735742894
2019-02-03 04:12:00,0.2169434183035719
2019-02-03 04:15:00,0.28471426602925476
2019-02-03 04:18:00,0.38638674640611725
2019-02-03 04:21:00,0.19771114071841112
2019-02-03 04:24:00,0.19652691428370872
2019-02-03 04:27:00,0.3018265736081389
2019-02-03 04:30:00,0.2769065940891551
2019-02-03 04:33:00,0.26562121853487497
2019-02-03 04:36:00,0.295871607695517
2019-02-03 04:39:00,0.30775076348959374
2019-02-03 04:42:00,0.28197644556269097
2019-02-03 04:45:00,0.2768396936185695
2019-02-03 04:48:00,0.25062393279836215
2019-02-03 04:51:00,0.3770341408412605
2019-02-03 04:54:00,0.2712476318625363
2019-02-03 04:57:00,0.2682839636859171
2019-02-03 05:00:00,0.19515806737189223
2019-02-03 05:03:00,0.32516783622412504
2019-02-03 05:06:00,0.3084264740434719
2019-02-03 05:09:00,0.3643103948804196
2019-02-03 05:12:00,0.34177650878979193
2019-02-03 05:15:00,0.3132416562112894
2019-02-03 05:18:00,0.3166163621775695
2019-02-03 05:21:00,0.4389693075037826
2019-02-03 05:24:00,0.3732916243205864
2019-02-03 05:27:00,0.22000125009918747
2019-02-03 05:30:00,0.34723112178824067
2019-02-03 05:33:00,0.284214463226931
2019-02-03 05:36:00,0.29095990343006406
2019-02-03 05:39:00,0.34936880315757435
2019-02-03 05:42:00,0.3925273003472398
2019-02-03 05:45:00,0.36124429223258403
2019-02-03 05:48:00,0.32942557199169187
2019-02-03 05:51:00,0.40577769328973545
2019-02-03 05:54:00,0.3688666250577626
2019-02-03 05:57:00,0.3282515222629172
2019-02-03 06:00:00,0.39610103598687374
2019-02-03 06:03:00,0.34476809973489253
2019-02-03 06:06:00,0.3726753200161852
2019-02-03 06:09:00,0.44535907569718347
2019-02-03 06:12:00,0.3826726808261469
2019-02-03 06:15:00,0.34192745823128234
2019-02-03 06:18:00,0.3300101771688446
2019-02-03 06:21:00,0.29571208180419717
2019-02-03 06:24:00,0.4435204853064647
2019-02-03 06:27:00,0.4085261706116512
2019-02-03 06:30:00,0.2946020255342887
2019-02-03 06:33:00,0.3797251808248916
2019-02-03 06:36:00,0.3649120406066686
2019-02-03 06:39:00,0.27640182375625955
2019-02-03 06:42:00,0.315722355727587
2019-02-03 06:45:00,0.35356264309479
2019-02-03 06:48:00,0.2511024047362298
2019-02-03 06:51:00,0.4460528524620031
2019-02-03 06:54:00,0.40053282750102426
2019-02-03 06:57:00,0.37218579898660664
2019-02-03 07:00:00,0.2681511336649578
2019-02-03 07:03:00,0.3115954549973594
2019-02-03 07:06:00,0.3780304022286032
2019-02-03 07:09:00,0.3215375821786779
2019-02-03 07:12:00,0.2760619687895769
2019-02-03 07:15:00,0.2586161480693363
2019-02-03 07:18:00,0.31132694169201613
2019-02-03 07:21:00,0.27387938740707796
2019-02-03 07:24:00,0.2849830398283757
2019-02-03 07:27:00,0.22849188551572297
2019-02-03 07:30:00,0.26713541366393656
2019-02-03 07:33:00,0.3075374165854896
2019-02-03 07:36:00,0.23643797382965204
2019-02-03 07:39:00,0.1901652034766812
2019-02-03 07:42:00,0.2631513782627053
2019-02-03 07:45:00,0.2885490816401557
2019-02-03 07:48:00,0.2410352917614773
2019-02-03 07:51:00,0.38739659042266794
2019-02-03 07:54:00,0.29918348339674594
2019-02-03 07:57:00,0.3128986891370573
2019-02-03 08:00:00,0.26194304273371927
2019-02-03 08:03:00,0.2822424344773822
2019-02-03 08:06:00,0.3075398633350801
2019-02-03 08:09:00,0.23590213245586256
2019-02-03 08:12:00,0.27836325093147707
2019-02-03 08:15:00,0.28919794269631893
2019-02-03 08:18:00,0.26742891051225115
2019-02-03 08:21:00,0.2804748787801259
2019-02-03 08:24:00,0.2934729544650736
2019-02-03 08:27:00,0.2507610707228878
2019-02-03 08:30:00,0.20536532366850224
2019-02-03 08:33:00,0.17034501517707668
2019-02-03 08:36:00,0.2675323553347084
2019-02-03 08:39:00,0.33809068522606367
2019-02-03 08:42:00,0.23702047007145666
2019-02-03 08:45:00,0.24974519897870096
2019-02-03 08:48:00,0.27502078450089584
2019-02-03 08:51:00,0.2502022114595661
2019-02-03 08:54:00,0.15163742034383176
2019-02-03 08:57:00,0.26181092681167684
2019-02-03 09:00:00,0.13518445129898282
2019-02-03 09:03:00,0.1299021889886376
2019-02-03 09:06:00,0.3032494964847956
2019-02-03 09:09:00,0.2090229841769542
2019-02-03 09:12:00,0.1941568518496979
2019-02-03 09:15:00,0.12421550482326893
2019-02-03 09:18:00,0.17918614347792072
2019-02-03 09:21:00,0.2045921978473757
2019-02-03 09:24:00,0.267388477171437
2019-02-03 09:27:00,0.21956782867727043
2019-02-03 09:30:00,0.21438082406575631
2019-02-03 09:33:00,0.05233209565528796
2019-02-03 09:36:00,0.17521594979820065
2019-02-03 09:39:00,0.24276609031875296
2019-02-03 09:42:00,0.15704884514371997
2019-02-03 09:45:00,0.19294971547492423
2019-02-03 09:48:00,0.2836221462528101
2019-02-03 09:51:00,0.0988879634334694
2019-02-03 09:54:00,0.12417761116574866
2019-02-03 09:57:00,0.1105338311793389
2019-02-03 10:00:00,0.08944716058579161
2019-02-03 10:03:00,0.07979113629670564
2019-02-03 10:06:00,0.03347334279663983
2019-02-03 10:09:00,0.13275626067866142
2019-02-03 10:12:00,0.10984021461644033
2019-02-03 10:15:00,0.022645553327549806
2019-02-03 10:18:00,0.07236405378063182
2019-02-03 10:21:00,0.10345680703886728
2019-02-03 10:24:00,0.08924259396275147
2019-02-03 10:27:00,0.04447292368888611
2019-02-03 10:30:00,0.05297936080216914
2019-02-03 10:33:00,0.10960680093836572
2019-02-03 10:36:00,0.10112002238150808
2019-02-03 10:39:00,0.03617396598792766
2019-02-03 10:42:00,0.014378468988184068
2019-02-03 10:45:00,0.12685974084399732
2019-02-03 10:48:00,0.04574911595767617
2019-02-03 10:51:00,0.06723771685682323
2019-02-03 10:54:00,0.038653103096748964
2019-02-03 10:57:00,0.002416810233171418
2019-02-03 11:00:00,0.05691835172819992
2019-02-03 11:03:00,-0.05242437876495387
2019-02-03 11:06:00,0.06055473205947237
2019-02-03 11:09:00,-0.0025742672920614496
2019-02-03 11:12:00,0.004720505762861649
2019-02-03 11:15:00,-0.09790348673948301
2019-02-03 11:18:00,-0.06882345005823254
2019-02-03 11:21:00,-0.006913741539221974
2019-02-03 11:24:00,-0.00016495190300247486
2019-02-03 11:27:00,-0.16877481893203594
2019-02-03 11:30:00,0.028017644908175043
2019-02-03 11:33:00,-0.07736470586615951
2019-02-03 11:36:00,-0.03317032380437013
2019-02-03 11:39:00,-0.09884649748789798
2019-02-03 11:42:00,-0.06996506323565654
2019-02-03 11:45:00,-0.06339681559160226
2019-02-03 11:48:00,-0.1276416808753993
2019-02-03 11:51:00,-0.05722086193952691
2019-02-03 11:54:00,-0.18518890883143513
2019-02-03 11:57:00,-0.1323348290699755
2019-02-03 12:00:00,-0.12623072744236197
2019-02-03 12:03:00,-0.03575520656460185
2019-02-03 12:06:00,-0.13693165141074815
2019-02-03 12:09:00,-0.10974048521239865
2019-02-03 12:12:00,-0.09902739181819697
2019-02-03 12:15:00,-0.1180588913313727
2019-02-03 12:18:00,-0.22750336853050612
2019-02-03 12:21:00,-0.13781989806318506
2019-02-03 12:24:00,-0.18625334997858545
2019-02-03 12:27:00,-0.20915536956590586
2019-02-03 12:30:00,-0.07270645760019079
2019-02-03 12:33:00,-0.14240806229236114
2019-02-03 12:36:00,-0.13624805884410307
2019-02-03 12:39:00,-0.08927522550817457
2019-02-03 12:42:00,-0.13571671027034427
2019-02-03 12:45:00,-0.09100678524839623
2019-02-03 12:48:00,-0.11679862174526079
2019-02-03 12:51:00,-0.20600914431486217
2019-02-03 12:54:00,-0.1705248189734334
2019-02-03 12:57:00,-0.03468456942175635
2019-02-03 13:00:00,-0.12852802020404397
2019-02-03 13:03:00,-0.057418860673806194
2019-02-03 13:06:00,-0.11641602121545702
2019-02-03 13:09:00,-0.25929734260040505
2019-02-03 13:12:00,-0.1888512145140453
2019-02-03 13:15:00,-0.14203386873975887
2019-02-03 13:18:00,-0.2565453780083544
2019-02-03 13:21:00,-0.2316492360109237
2019-02-03 13:24:00,-0.2937163123045252
2019-02-03 13:27:00,-0.27685269297029436
2019-02-03 13:30:00,-0.13289675615305896
2019-02-03 13:33:00,-0.1671362445986233
2019-02-03 13:36:00,-0.22787852232789874
2019-02-03 13:39:00,-0.12786138073806796
2019-02-03 13:42:00,-0.2225535249849031
2019-02-03 13:45:00,-0.14506805778762555
2019-02-03 13:48:00,-0.2078277501381649
2019-02-03 13:51:00,-0.21586031155493401
2019-02-03 13:54:00,-0.21665933245367341
2019-02-03 13:57:00,-0.24435309903407187
2019-02-03 14:00:00,-0.34589128940280034
2019-02-03 14:03:00,-0.17982154073706624
2019-02-03 14:06:00,-0.2411118838807056
2019-02-03 14:09:00,-0.2657279675857467
2019-02-03 14:12:00,-0.23270582904746107
2019-02-03 14:15:00,-0.24465428262305977
2019-02-03 14:18:00,-0.2526059668574021
2019-02-03 14:21:00,-0.24330130614538348
2019-02-03 14:24:00,-0.29511764464461976
2019-02-03 14:27:00,-0.2782314403711439
2019-02-03 14:30:00,-0.36616852008080514
2019-02-03 14:33:00,-0.21027532647548242
2019-02-03 14:36:00,-0.3225047342665448
2019-02-03 14:39:00,-0.2923809903288088
2019-02-03 14:42:00,-0.3202967288501668
2019-02-03 14:45:00,-0.31873790331371765
2019-02-03 14:48:00,-0.33715090086138844
2019-02-03 14:51:00,-0.30673191090727414
2019-02-03 14:54:00,-0.3346217253580903
2019-02-03 14:57:00,-0.2714454509631423
2019-02-03 15:00:00,-0.34812285614304983
2019-02-03 15:03:00,-0.28345525358599843
2019-02-03 15:06:00,-0.3383215226410812
2019-02-03 15:09:00,-0.42468815074749955
2019-02-03 15:12:00,-0.40397607966121996
2019-02-03 15:15:00,-0.25598658400525665
2019-02-03 15:18:00,-0.2013273924638952
2019-02-03 15:21:00,-0.3062364200619072
2019-02-03 15:24:00,-0.3227255763735002
2019-02-03 15:27:00,-0.3348727309460173
2019-02-03 15:30:00,-0.3043883437407544
2019-02-03 15:33:00,-0.2671984450950049
2019-02-03 15:36:00,-0.4146735791766787
2019-02-03 15:39:00,-0.33309966221258946
2019-02-03 15:42:00,-0.26532188800968015
2019-02-03 15:45:00,-0.29763770282494306
2019-02-03 15:48:00,-0.22746685023139435
2019-02-03 15:51:00,-0.27128094225656696
2019-02-03 15:54:00,-0.34328438717642484
2019-02-03 15:57:00,-0.3251102586464185
2019-02-03 16:00:00,-0.3629974883482987
2019-02-03 16:03:00,-0.29114292102053696
2019-02-03 16:06:00,-0.30600313567202875
2019-02-03 16:09:00,-0.39854407170503237
2019-02-03 16:12:00,-0.316476230097976
2019-02-03 16:15:00,-0.3630544988448605
2019-02-03 16:18:00,-0.3485458879999328
2019-02-03 16:21:00,-0.34473405893572817
2019-02-03 16:24:00,-0.2663956411284971
2019-02-03 16:27:00,-0.32673823839104443
2019-02-03 16:30:00,-0.3302751931507828
2019-02-03 16:33:00,-0.31417907716280524
2019-02-03 16:36:00,-0.35361099030046717
2019-02-03 16:39:00,-0.29294505171060337
2019-02-03 16:42:00,-0.3549225328636112
2019-02-03 16:45:00,-0.20947216559591197
2019-02-03 16:48:00,-0.3632594784504022
2019-02-03 16:51:00,-0.2374308959093696
2019-02-03 16:54:00,-0.22717628154492786
2019-02-03 16:57:00,-0.2544920823221446
2019-02-03 17:00:00,-0.2527287940652059
2019-02-03 17:03:00,-0.3148247504331607
2019-02-03 17:06:00,-0.23754443732866548
2019-02-03 17:09:00,-0.2809663949287824
2019-02-03 17:12:00,-0.237445978561027
2019-02-03 17:15:00,-0.17982386810251683
2019-02-03 17:18:00,-0.11615767749520955
2019-02-03 17:21:00,-0.18805823269036637
2019-02-03 17:24:00,-0.19836943790357964
2019-02-03 17:27:00,-0.2315853708877853
2019-02-03 17:30:00,-0.06515782691843697
2019-02-03 17:33:00,-0.2631281536812935
2019-02-03 17:36:00,-0.1679349646822743
2019-02-03 17:39:00,-0.19224545269855753
2019-02-03 17:42:00,-0.05445325891048469
2019-02-03 17:45:00,-0.10482730649073346
2019-02-03 17:48:00,-0.1586979299096356
2019-02-03 17:51:00,-0.07745143384812536
2019-02-03 17:54:00,-0.1467392268980916
2019-02-03 17:57:00,-0.10247663398592977
2019-02-03 18:00:00,-0.020816955266354853
2019-02-03 18:03:00,-0.17529547574730486
2019-02-03 18:06:00,-0.08159033808044569
2019-02-03 18:09:00,-0.07640189264259334
2019-02-03 18:12:00,-0.009411445956800435
2019-02-03 18:15:00,0.037677052365154395
2019-02-03 18:18:00,-0.06003201548395509
2019-02-03 18:21:00,-0.12930823505837452
2019-02-03 18:24:00,-0.08244476927694677
2019-02-03 18:27:00,-0.020773461880025934
2019-02-03 18:30:00,-0.004011723688108759
2019-02-03 18:33:00,-0.07368451969045964
2019-02-03 18:36:00,0.0033682010027860088
2019-02-03 18:39:00,-0.1834852396262363
2019-02-03 18:42:00,-0.08857776140752094
2019-02-03 18:45:00,-0.0374332135363602
2019-02-03 18:48:00,-0.19957438927264093
2019-02-03 18:51:00,-0.10816356721545617
2019-02-03 18:54:00,-0.11447359179885552
2019-02-03 18:57:00,
2019-02-03 19:00:00,
2019-02-03 19:03:00,-0.013681304758449642
2019-02-03 19:06:00,0.013373155498982214
2019-02-03 19:09:00,-0.015612424122139146
2019-02-03 19:12:00,-0.1188745665004376
2019-02-03 19:15:00,-0.005596715546460018
2019-02-03 19:18:00,-0.023474998564154248
2019-02-03 19:21:00,0.07212566557421951
2019-02-03 19:24:00,0.06823080618039512
2019-02-03 19:27:00,0.03693970596850704
2019-02-03 19:30:00,-0.019197412304947647
2019-02-03 19:33:00,0.04577615999602358
2019-02-03 19:36:00,-0.005801529359303004
2019-02-03 19:39:00,0.08346429676390699
2019-02-03 19:42:00,-0.0008160169929283256
2019-02-03 19:45:00,0.03980086607066369
2019-02-03 19:48:00,0.06409854406081195
2019-02-03 19:51:00,0.07455399320451761
2019-02-03 19:54:00,0.1327337818132719
2019-02-03 19:57:00,0.06314421819178051
2019-02-03 20:00:00,0.11542963566949993
2019-02-03 20:03:00,0.07860190920376908
2019-02-03 20:06:00,0.04180854112206589
2019-02-03 20:09:00,0.05646866034868481
2019-02-03 20:12:00,-0.03286525328365997
2019-02-03 20:15:00,0.03863372812617172
2019-02-03 20:18:00,0.12095956611784686
2019-02-03 20:21:00,0.1771213745819864
2019-02-03 20:24:00,0.12899186014550423
2019-02-03 20:27:00,0.20678659308305214
2019-02-03 20:30:00,0.10170894856423729
2019-02-03 20:33:00,0.21224367469164918
2019-02-03 20:36:00,0.18936203132562923
2019-02-03 20:39:00,0.125950339572114
2019-02-03 20:42:00,0.2198590371225464
2019-02-03 20:45:00,0.15071224830182928
2019-02-03 20:48:00,0.11896369727298861
2019-02-03 20:51:00,0.14720200010003737
2019-02-03 20:54:00,0.14325306380396796
2019-02-03 20:57:00,0.12543768570259317
2019-02-03 21:00:00,0.1506538616878288
2019-02-03 21:03:00,0.2315975792938616
2019-02-03 21:06:00,0.18559739446476442
2019-02-03 21:09:00,0.22256380555785427
2019-02-03 21:12:00,0.19238630923621258
2019-02-03 21:15:00,0.16776451684330596
2019-02-03 21:18:00,0.23504428024625668
2019-02-03 21:21:00,0.20966955523084607
2019-02-03 21:24:00,0.3115297334627485
2019-02-03 21:27:00,0.22924309072300275
2019-02-03 21:30:00,0.11734029542446933
2019-02-03 21:33:00,0.17790956584525475
2019-02-03 21:36:00,0.1735736559654697
2019-02-03 21:39:00,0.1748843596842562
2019-02-03 21:42:00,0.14993092526043483
2019-02-03 21:45:00,0.1486538471797303
2019-02-03 21:48:00,0.1476871502305812
2019-02-03 21:51:00,0.23981759741758424
2019-02-03 21:54:00,0.2328597913170256
2019-02-03 21:57:00,0.12769829887503192
2019-02-03 22:00:00,0.20034838195130078
2019-02-03 22:03:00,0.13158487845930722
2019-02-03 22:06:00,0.07646308965922799
2019-02-03 22:09:00,0.17486637924065462
2019-02-03 22:12:00,0.20143706411238327
2019-02-03 22:15:00,0.1373825425152404
2019-02-03 22:18:00,0.217406676577923
2019-02-03 22:21:00,0.11125934033873364
2019-02-03 22:24:00,0.0036775536843833834
2019-02-03 22:27:00,0.1924818064220517
2019-02-03 22:30:00,0.2170362633021341
2019-02-03 22:33:00,0.1358263677086029
2019-02-03 22:36:00,0.13676409262944844
2019-02-03 22:39:00,0.1603186479723604
2019-02-03 22:42:00,0.15379283404138278
2019-02-03 22:45:00,0.15144137243464684
2019-02-03 22:48:00,0.24794821390639754
2019-02-03 22:51:00,0.1865400315058423
2019-02-03 22:54:00,0.21000365624564665
2019-02-03 22:57:00,0.2494607255770802
2019-02-03 23:00:00,0.2134994031404176
2019-02-03 23:03:00,0.25248318477940757
2019-02-03 23:06:00,0.24954125382078018
2019-02-03 23:09:00,0.19063604532072986
2019-02-03 23:12:00,0.20370197078710817
2019-02-03 23:15:00,0.3198875716356042
2019-02-03 23:18:00,0.31473541299226326
2019-02-03 23:21:00,0.2732054939158388
2019-02-03 23:24:00,0.24519974517488663
2019-02-03 23:27:00,0.27970331916878877
2019-02-03 23:30:00,0.2821469145337687
2019-02-03 23:33:00,0.3335685505435322
2019-02-03 23:36:00,0.30393570201749753
2019-02-03 23:39:00,0.20869623045626895
2019-02-03 23:42:00,0.25998873305616144
2019-02-03 23:45:00,0.13081758171762203
2019-02-03 23:48:00,0.26260786356778
2019-02-03 23:51:00,0.18010173543831343
2019-02-03 23:54:00,0.21024729906895345
2019-02-03 23:57:00,0.18636111548113377
2019-02-04 00:00:00,0.1372947667545077
2019-02-04 00:03:00,0.2682358530395845
2019-02-04 00:06:00,0.23685257584872943
2019-02-04 00:09:00,0.1631058686118081
2019-02-04 00:12:00,0.25437899590320967
2019-02-04 00:15:00,0.23208746184741358
2019-02-04 00:18:00,0.27685127910524443
2019-02-04 00:21:00,0.27039668217815915
2019-02-04 00:24:00,0.18683709157369321
2019-02-04 00:27:00,0.20612877847054278
2019-02-04 00:30:00,0.1779151934778156
2019-02-04 00:33:00,0.18430145662773612
2019-02-04 00:36:00,0.2508123399671831
2019-02-04 00:39:00,0.18570069182686666
2019-02-04 00:42:00,0.22744134540886307
2019-02-04 00:45:00,0.18891696437771088
2019-02-04 00:48:00,0.210234025892305
2019-02-04 00:51:00,0.3074568521990386
2019-02-04 00:54:00,0.32103842526140625
2019-02-04 00:57:00,0.20809533294749372
2019-02-04 01:00:00,0.3365301608262712
2019-02-04 01:03:00,0.29792819666454307
2019-02-04 01:06:00,0.3150878201841465
2019-02-04 01:09:00,0.36946535274677217
2019-02-04 01:12:00,0.2724143515547439
2019-02-04 01:15:00,0.2728698597497896
2019-02-04 01:18:00,0.244374403106292
2019-02-04 01:21:00,0.23393270566782576
2019-02-04 01:24:00,0.22002701878551534
2019-02-04 01:27:00,0.18270410888885635
2019-02-04 01:30:00,0.1747525148555269
2019-02-04 01:33:00,0.18461192030656548
2019-02-04 01:36:00,0.2103466116256527
2019-02-04 01:39:00,0.2178927032558704
2019-02-04 01:42:00,0.1682462543328711
2019-02-04 01:45:00,0.22144479761516322
2019-02-04 01:48:00,0.20414593146171
2019-02-04 01:51:00,0.10569568708558563
2019-02-04 01:54:00,0.026452002032385735
2019-02-04 01:57:00,0.19994696919002308
2019-02-04 02:00:00,0.17104513157687506
2019-02-04 02:03:00,0.17580752318269788
2019-02-04 02:06:00,0.18749124162860653
2019-02-04 02:09:00,0.1719428739046407
2019-02-04 02:12:00,0.18662014341805389
2019-02-04 02:15:00,0.1938598385824548
2019-02-04 02:18:00,0.21225279097262728
2019-02-04 02:21:00,0.1316599151367086
2019-02-04 02:24:00,0.2129715045307421
2019-02-04 02:27:00,0.16642496466346302
2019-02-04 02:30:00,0.20683703601144998
2019-02-04 02:33:00,0.23287844559183668
2019-02-04 02:36:00,0.32045586671853243
2019-02-04 02:39:00,0.18723230450126493
2019-02-04 02:42:00,0.20183529047608317
2019-02-04 02:45:00,0.14857946947711298
2019-02-04 02:48:00,0.17449577655145276
2019-02-04 02:51:00,0.24056738477065664
2019-02-04 02:54:00,0.20376170947480432
2019-02-04 02:57:00,0.20080613692215366
2019-02-04 03:00:00,0.3181820837251621
2019-02-04 03:03:00,0.2815204122844648
2019-02-04 03:06:00,0.31328754753775456
2019-02-04 03:09:00,0.27952800207106065
2019-02-04 03:12:00,0.19848045708170048
2019-02-04 03:15:00,0.3857808685431223
2019-02-04 03:18:00,0.3234967789865095
2019-02-04 03:21:00,0.31657394998609334
2019-02-04 03:24:00,0.2740243124899848
2019-02-04 03:27:00,0.2738378413678788
2019-02-04 03:30:00,0.1980615073969716
2019-02-04 03:33:00,0.2626510256740744
2019-02-04 03:36:00,0.25621474124665156
2019-02-04 03:39:00,0.20415079196232
2019-02-04 03:42:00,0.25067406120064106
2019-02-04 03:45:00,0.33032315314363814
2019-02-04 03:48:00,0.2124559263190804
2019-02-04 03:51:00,0.1950599722441666
2019-02-04 03:54:00,0.28505007062489085
2019-02-04 03:57:00,0.3074440576987172
2019-02-04 04:00:00,0.18984476027247865
2019-02-04 04:03:00,0.3789433007419234
2019-02-04 04:06:00,0.3105336938677965
2019-02-04 04:09:00,0.2618197685759469
2019-02-04 04:12:00,0.21818316670265858
2019-02-04 04:15:00,0.306690161745621
2019-02-04 04:18:00,0.2517603182154744
2019-02-04 04:21:00,0.3005429066693637
2019-02-04 04:24:00,0.27739746228786544
2019-02-04 04:27:00,0.2899083361325552
2019-02-04 04:30:00,0.3630966434379843
2019-02-04 04:33:00,0.28502658482301513
2019-02-04 04:36:00,0.3390288980569949
2019-02-04 04:39:00,0.41432248946443906
2019-02-04 04:42:00,0.2511685239876442
2019-02-04 04:45:00,0.38507685663063285
2019-02-04 04:48:00,0.3388155529463006
2019-02-04 04:51:00,0.38073849727845754
2019-02-04 04:54:00,0.2990329675902217
2019-02-04 04:57:00,0.285191249498439
2019-02-04 05:00:00,0.29202736376760186
2019-02-04 05:03:00,0.27382236543172667
2019-02-04 05:06:00,0.3152919960829763
2019-02-04 05:09:00,0.29262626431517447
2019-02-04 05:12:00,0.3088016334623376
2019-02-04 05:15:00,0.33435653382622377
2019-02-04 05:18:00,0.42979190076056284
2019-02-04 05:21:00,0.3668125344289592
2019-02-04 05:24:00,0.3138696207273597
2019-02-04 05:27:00,0.3489398298970059
2019-02-04 05:30:00,0.3073283929739432
2019-02-04 05:33:00,0.31214353404783424
2019-02-04 05:36:00,0.3283999784774778
2019-02-04 05:39:00,0.29406422966621903
2019-02-04 05:42:00,0.25347185214855017
2019-02-04 05:45:00,0.38839994281488543
2019-02-04 05:48:00,0.28419815007731586
2019-02-04 05:51:00,0.28224779818816614
2019-02-04 05:54:00,0.3176961424291562
2019-02-04 05:57:00,0.3745642161354681
2019-02-04 06:00:00,0.3934029546747979
2019-02-04 06:03:00,0.3741935615637999
2019-02-04 06:06:00,0.3859237474206907
2019-02-04 06:09:00,0.4579521250495304
2019-02-04 06:12:00,0.36059742864460986
2019-02-04 06:15:00,0.29812466686252037
2019-02-04 06:18:00,0.35952099531021986
2019-02-04 06:21:00,0.32963664472055143
2019-02-04 06:24:00,0.2666733240415624
2019-02-04 06:27:00,0.41988527781637686
2019-02-04 06:30:00,0.33933328370011395
2019-02-04 06:33:00,0.4405985009177016
2019-02-04 06:36:00,0.3377314689805644
2019-02-04 06:39:00,0.3794209895262384
2019-02-04 06:42:00,0.39251497797778256
2019-02-04 06:45:00,0.3301299602143217
2019-02-04 06:48:00,0.42303919638533216
2019-02-04 06:51:00,0.3025621562664469
2019-02-04 06:54:00,0.3641280353394336
2019-02-04 06:57:00,0.34111005352201573
2019-02-04 07:00:00,0.3210860540194176
2019-02-04 07:03:00,0.29167240557598006
2019-02-04 07:06:00,0.31955296345580564
2019-02-04 07:09:00,0.33125348691703493
2019-02-04 07:12:00,0.25904355129534906
2019-02-04 07:15:00,0.34865501750977046
2019-02-04 07:18:00,0.2723561830133576
2019-02-04 07:21:00,0.33400228372551055
2019-02-04 07:24:00,0.3291836470319822
2019-02-04 07:27:00,0.3401570209422289
2019-02-04 07:30:00,0.28006494092551293
2019-02-04 07:33:00,0.20093480949975628
2019-02-04 07:36:00,0.34004871451384133
2019-02-04 07:39:00,0.3883170870113304
2019-02-04 07:42:00,0.2701861965903163
2019-02-04 07:45:00,0.37985454009373143
2019-02-04 07:48:00,0.22461854640619094
2019-02-04 07:51:00,0.2791059668996354
2019-02-04 07:54:00,0.22945427353937475
2019-02-04 07:57:00,0.3309645433662922
2019-02-04 08:00:00,0.4100864601838339
2019-02-04 08:03:00,0.3034879594297877
2019-02-04 08:06:00,0.22861658931998363
2019-02-04 08:09:00,0.22570302214904814
2019-02-04 08:12:00,0.12849720281832333
2019-02-04 08:15:00,0.1732111035060484
2019-02-04 08:18:00,0.24399134214650076
2019-02-04 08:21:00,0.1529118641346372
2019-02-04 08:24:00,0.17979430266569807
2019-02-04 08:27:00,0.1588380655639412
2019-02-04 08:30:00,0.18529250523454266
2019-02-04 08:33:00,0.2080936419708337
2019-02-04 08:36:00,0.307124522791014
2019-02-04 08:39:00,0.20833996954138456
2019-02-04 08:42:00,0.15672498286500058
2019-02-04 08:45:00,0.16859070843599966
2019-02-04 08:48:00,0.23596533974637168
2019-02-04 08:51:00,0.15386723699907634
2019-02-04 08:54:00,0.14246778027268192
2019-02-04 08:57:00,0.15969826845378066
2019-02-04 09:00:00,0.2008007112739847
2019-02-04 09:03:00,0.24015071326238058
2019-02-04 09:06:00,0.24108038335373294
2019-02-04 09:09:00,0.21064217586439327
2019-02-04 09:12:00,0.13983860405670612
2019-02-04 09:15:00,0.20615144259329554
2019-02-04 09:18:00,0.10993835716084277
2019-02-04 09:21:00,0.13208161995555656
2019-02-04 09:24:00,0.1375500675358694
2019-02-04 09:27:00,0.10916365326625055
2019-02-04 09:30:00,0.09700462456697778
2019-02-04 09:33:00,0.14154684902030112
2019-02-04 09:36:00,0.10570152403431621
2019-02-04 09:39:00,0.07885707832576827
2019-02-04 09:42:00,0.15434467429184906
2019-02-04 09:45:00,0.12856211560131214
2019-02-04 09:48:00,0.18665452364990642
2019-02-04 09:51:00,0.1636552213008713
2019-02-04 09:54:00,0.05952572159293368
2019-02-04 09:57:00,0.05935997691068451
2019-02-04 10:00:00,0.033128218364652184
2019-02-04 10:03:00,0.027075417023525006
2019-02-04 10:06:00,0.09423460891616742
2019-02-04 10:09:00,0.05067930243905039
2019-02-04 10:12:00,0.06245889531902549
2019-02-04 10:15:00,0.020883220935388636
2019-02-04 10:18:00,0.015710606182437914
2019-02-04 10:21:00,0.059664815748817546
2019-02-04 10:24:00,0.12478850148488618
2019-02-04 10:27:00,0.03872347185506442
2019-02-04 10:30:00,0.0735094458640333
2019-02-04 10:33:00,0.06738726625547997
2019-02-04 10:36:00,0.04048944666863008
2019-02-04 10:39:00,0.011240029844714172
2019-02-04 10:42:00,-0.020072532771507667
2019-02-04 10:45:00,-0.08786297080132499
2019-02-04 10:48:00,-0.13354235245463997
2019-02-04 10:51:00,-0.11789365307942035
2019-02-04 10:54:00,0.01960949826138858
2019-02-04 10:57:00,-0.005155337265080107
2019-02-04 11:00:00,-0.043795497737392
2019-02-04 11:03:00,-0.008444693770229605
2019-02-04 11:06:00,-0.049900634375205755
2019-02-04 11:09:00,-0.03074144906275933
2019-02-04 11:12:00,0.0061402805259263005
2019-02-04 11:15:00,-0.033570744795667906
2019-02-04 11:18:00,-0.10642654360560755
2019-02-04 11:21:00,-0.18217207913630773
2019-02-04 11:24:00,-0.13055690329804293
2019-02-04 11:27:00,-0.08855107604222212
2019-02-04 11:30:00,-0.10707039957350162
2019-02-04 11:33:00,-0.08671970034680498
2019-02-04 11:36:00,0.02213044362429173
2019-02-04 11:39:00,0.025742829537136913
2019-02-04 11:42:00,-0.08047431120473902
2019-02-04 11:45:00,-0.03880005004549503
2019-02-04 11:48:00,-0.05231566001941701
2019-02-04 11:51:00,-0.12043385977386833
2019-02-04 11:54:00,-0.07700232709555621
2019-02-04 11:57:00,-0.1010669551023966
2019-02-04 12:00:00,-0.06867748598585877
2019-02-04 12:03:00,-0.10672397999155692
2019-02-04 12:06:00,-0.12738319975051127
2019-02-04 12:09:00,-0.16596907255762972
2019-02-04 12:12:00,-0.18361894951050317
2019-02-04 12:15:00,-0.2368227627917463
2019-02-04 12:18:00,-0.09353257478090882
2019-02-04 12:21:00,-0.07480474159660844
2019-02-04 12:24:00,-0.17650161647344476
2019-02-04 12:27:00,-0.2753538135937106
2019-02-04 12:30:00,-0.2528855609023708
2019-02-04 12:33:00,-0.23679057531523995
2019-02-04 12:36:00,-0.22227394898197872
2019-02-04 12:39:00,-0.3099505480386142
2019-02-04 12:42:00,-0.24080993464377798
2019-02-04 12:45:00,-0.2112741422140516
2019-02-04 12:48:00,-0.2523341577732481
2019-02-04 12:51:00,-0.2309039756383413
2019-02-04 12:54:00,-0.3723751796923125
2019-02-04 12:57:00,-0.12189296633624735
2019-02-04 13:00:00,-0.30322187243115195
2019-02-04 13:03:00,-0.27293900340600885
2019-02-04 13:06:00,-0.31666648777076034
2019-02-04 13:09:00,-0.23126051575712836
2019-02-04 13:12:00,-0.39585032181162205
2019-02-04 13:15:00,-0.22472874569632495
2019-02-04 13:18:00,-0.2481366334059203
2019-02-04 13:21:00,-0.18694812068486044
2019-02-04 13:24:00,-0.20409158485148282
2019-02-04 13:27:00,-0.24283578566928554
2019-02-04 13:30:00,-0.30002127488518227
2019-02-04 13:33:00,-0.21699279430890783
2019-02-04 13:36:00,-0.3007580777144767
2019-02-04 13:39:00,-0.38682472360557085
2019-02-04 13:42:00,-0.4016199322547891
2019-02-04 13:45:00,-0.45181941146330473
2019-02-04 13:48:00,-0.3313489831356833
2019-02-04 13:51:00,-0.3608983403375987
2019-02-04 13:54:00,-0.3922332103230701
2019-02-04 13:57:00,-0.36330527512512845
2019-02-04 14:00:00,-0.42153743120013587
2019-02-04 14:03:00,-0.49363831288138726
2019-02-04 14:06:00,-0.4253956083666708
2019-02-04 14:09:00,-0.459919070950491
2019-02-04 14:12:00,-0.5376578071190465
2019-02-04 14:15:00,-0.3552565421865097
2019-02-04 14:18:00,-0.31783963561855444
2019-02-04 14:21:00,-0.48082166085481504
2019-02-04 14:24:00,-0.3833743971836725
2019-02-04 14:27:00,-0.416050925361219
2019-02-04 14:30:00,-0.42627151287945253
2019-02-04 14:33:00,-0.4467369564353021
2019-02-04 14:36:00,-0.4268105792064034
2019-02-04 14:39:00,-0.3914186333873886
2019-02-04 14:42:00,-0.34886744292310823
2019-02-04 14:45:00,-0.31829206526373355
2019-02-04 14:48:00,-0.4536028297405892
2019-02-04 14:51:00,-0.3499406278986612
2019-02-04 14:54:00,-0.3600650219098043
2019-02-04 14:57:00,-0.30610008409712464
2019-02-04 15:00:00,-0.3773087849556873
2019-02-04 15:03:00,-0.35141819144178044
2019-02-04 15:06:00,-0.36280185662667463
2019-02-04 15:09:00,-0.3785677667800087
2019-02-04 15:12:00,-0.3829604826623836
2019-02-04 15:15:00,-0.38898855844598756
2019-02-04 15:18:00,-0.3805749937816927
2019-02-04 15:21:00,-0.33316471559101046
2019-02-04 15:24:00,-0.32289955906793466
2019-02-04 15:27:00,-0.22826081050334324
2019-02-04 15:30:00,-0.3192853291479878
2019-02-04 15:33:00,-0.35883798244879017
2019-02-04 15:36:00,-0.40033514825040584
2019-02-04 15:39:00,-0.3789282635136715
2019-02-04 15:42:00,-0.34910332164537294
2019-02-04 15:45:00,-0.31653946042195
2019-02-04 15:48:00,-0.39754982169841924
2019-02-04 15:51:00,-0.2768208717905054
2019-02-04 15:54:00,-0.3339439071991137
2019-02-04 15:57:00,-0.36457087903824004
2019-02-04 16:00:00,-0.28943471702910983
2019-02-04 16:03:00,-0.2917528278253485
2019-02-04 16:06:00,-0.35408350744302197
2019-02-04 16:09:00,-0.3575786892937458
2019-02-04 16:12:00,-0.33956181500809635
2019-02-04 16:15:00,-0.16956275436302803
2019-02-04 16:18:00,-0.3038894270663377
2019-02-04 16:21:00,-0.19273926589175971
2019-02-04 16:24:00,-0.2066852367747174
2019-02-04 16:27:00,-0.3577221980700074
2019-02-04 16:30:00,-0.28075738347115475
2019-02-04 16:33:00,-0.3883441847646054
2019-02-04 16:36:00,-0.3769129099976567
2019-02-04 16:39:00,-0.398351810510178
2019-02-04 16:42:00,-0.2665118854875459
2019-02-04 16:45:00,-0.38783514283659315
2019-02-04 16:48:00,-0.3554484342960791
2019-02-04 16:51:00,-0.25553908127983505
2019-02-04 16:54:00,-0.26627988041292383
2019-02-04 16:57:00,-0.24483424524430575
2019-02-04 17:00:00,-0.2841986038091022
2019-02-04 17:03:00,-0.3210414429515822
2019-02-04 17:06:00,-0.19812019807881143
2019-02-04 17:09:00,-0.2190131800001609
2019-02-04 17:12:00,-0.32471224551403566
2019-02-04 17:15:00,-0.3192678381807923
2019-02-04 17:18:00,-0.23958640065421832
2019-02-04 17:21:00,-0.23067622345860173
2019-02-04 17:24:00,-0.26802364836504466
2019-02-04 17:27:00,-0.23131278148099454
2019-02-04 17:30:00,-0.18577139279938137
2019-02-04 17:33:00,-0.35141123391645124
2019-02-04 17:36:00,-0.2333589760332302
2019-02-04 17:39:00,-0.21338143103531593
2019-02-04 17:42:00,-0.23152276798577986
2019-02-04 17:45:00,-0.17759292908982616
2019-02-04 17:48:00,-0.2066965582132525
2019-02-04 17:51:00,-0.13851026303757408
2019-02-04 17:54:00,-0.17178128869846887
2019-02-04 17:57:00,-0.1818082898693092
2019-02-04 18:00:00,-0.25893434224627754
2019-02-04 18:03:00,-0.20580335579109033
2019-02-04 18:06:00,-0.21436046553480992
2019-02-04 18:09:00,-0.13150781578929127
2019-02-04 18:12:00,-0.1975132314924508
2019-02-04 18:15:00,-0.10692275752199976
2019-02-04 18:18:00,-0.1329051074550307
2019-02-04 18:21:00,-0.11009067057972288
2019-02-04 18:24:00,0.03206018258833865
2019-02-04 18:27:00,-0.087021632182541
2019-02-04 18:30:00,-0.04532894081097538
2019-02-04 18:33:00,-0.058454289120845715
2019-02-04 18:36:00,0.04557330963211825
2019-02-04 18:39:00,-0.06912301688481648
2019-02-04 18:42:00,-0.08498829024085808
2019-02-04 18:45:00,-0.08599427106986468
2019-02-04 18:48:00,-0.012268274338850915
2019-02-04 18:51:00,-0.013529680634803753
2019-02-04 18:54:00,
2019-02-04 18:57:00,
2019-02-04 19:00:00,
2019-02-04 19:03:00,0.006487996800672136
2019-02-04 19:06:00,0.019460979847167437
2019-02-04 19:09:00,-0.04316703436586522
2019-02-04 19:12:00,-0.024327981111184727
2019-02-04 19:15:00,0.00040140825592516194
2019-02-04 19:18:00,0.008873952563362764
2019-02-04 19:21:00,0.047871948397357755
2019-02-04 19:24:00,0.07389130920006437
2019-02-04 19:27:00,0.10298671756464728
2019-02-04 19:30:00,-0.02158291920903821
2019-02-04 19:33:00,-0.05649695348637351
2019-02-04 19:36:00,-0.016633597594932326
2019-02-04 19:39:00,0.00850746872788477
2019-02-04 19:42:00,0.06831336524578546
2019-02-04 19:45:00,0.01738031028548903
2019-02-04 19:48:00,-0.011310398486443773
2019-02-04 19:51:00,0.054712933337555114
2019-02-04 19:54:00,0.05206393521831387
2019-02-04 19:57:00,0.10861050069428302
2019-02-04 20:00:00,0.08881321410001419
2019-02-04 20:03:00,0.051664372671439196
2019-02-04 20:06:00,0.14129350919267836
2019-02-04 20:09:00,-0.010646024956770361
2019-02-04 20:12:00,-0.06851416148958833
2019-02-04 20:15:00,0.011988761258066916
2019-02-04 20:18:00,-0.0006466327311613895
2019-02-04 20:21:00,0.0847109345751278
2019-02-04 20:24:00,0.048382176919176345
2019-02-04 20:27:00,0.013842378926767651
2019-02-04 20:30:00,0.08437157957592945
2019-02-04 20:33:00,0.042865922737860274
2019-02-04 20:36:00,0.13361339419128626
2019-02-04 20:39:00,0.098318654008267
2019-02-04 20:42:00,0.17032827892302294
2019-02-04 20:45:00,0.132205349040305
2019-02-04 20:48:00,0.13362378008537235
2019-02-04 20:51:00,0.22338307466213791
2019-02-04 20:54:00,0.11236286223032721
2019-02-04 20:57:00,0.022232981451224987
2019-02-04 21:00:00,0.1684168787456315
2019-02-04 21:03:00,0.1861433565253492
2019-02-04 21:06:00,0.11884143359139898
2019-02-04 21:09:00,0.1490229411394921
2019-02-04 21:12:00,0.1701885265079568
2019-02-04 21:15:00,0.2007982929598029
2019-02-04 21:18:00,0.16203143361531147
2019-02-04 21:21:00,0.2368846660281747
2019-02-04 21:24:00,0.23289651759904473
2019-02-04 21:27:00,0.19721324175031896
2019-02-04 21:30:00,0.17611730975551154
2019-02-04 21:33:00,0.160251722038538
2019-02-04 21:36:00,0.1779867936090227
2019-02-04 21:39:00,0.14982379244725053
2019-02-04 21:42:00,0.16082359414133407
2019-02-04 21:45:00,0.21724126868315352
2019-02-04 21:48:00,0.2744712758492369
2019-02-04 21:51:00,0.30941937086333837
2019-02-04 21:54:00,0.16322345818406347
2019-02-04 21:57:00,0.29373841632929043
2019-02-04 22:00:00,0.24651687422419855
2019-02-04 22:03:00,0.29526378914425777
2019-02-04 22:06:00,0.21785752390570678
2019-02-04 22:09:00,0.15920384664201492
2019-02-04 22:12:00,0.18901843997383594
2019-02-04 22:15:00,0.17368650412862507
2019-02-04 22:18:00,0.18560672281722645
2019-02-04 22:21:00,0.12065269930690192
2019-02-04 22:24:00,0.25064785972824666
2019-02-04 22:27:00,0.16958720322173804
2019-02-04 22:30:00,0.20544833270639629
2019-02-04 22:33:00,0.24096681355945293
2019-02-04 22:36:00,0.17244915750495693
2019-02-04 22:39:00,0.17880949991933903
2019-02-04 22:42:00,0.20779982923636453
2019-02-04 22:45:00,0.18238565872917434
2019-02-04 22:48:00,0.21309776543006365
2019-02-04 22:51:00,0.24083266457182617
2019-02-04 22:54:00,0.17252232026726233
2019-02-04 22:57:00,0.22211292057437504
2019-02-04 23:00:00,0.18333417227091786
2019-02-04 23:03:00,0.28982441180210117
2019-02-04 23:06:00,0.2302787281437304
2019-02-04 23:09:00,0.1740057895357836
2019-02-04 23:12:00,0.1672078562141337
2019-02-04 23:15:00,0.1802680098906535
2019-02-04 23:18:00,0.2985535068117997
2019-02-04 23:21:00,0.18614928352286597
2019-02-04 23:24:00,0.2633352559414561
2019-02-04 23:27:00,0.19750609154777976
2019-02-04 23:30:00,0.40472173210321216
2019-02-04 23:33:00,0.1966826949596907
2019-02-04 23:36:00,0.2287494746638572
2019-02-04 23:39:00,0.3022392694422251
2019-02-04 23:42:00,0.2188728417462471
2019-02-04 23:45:00,0.23845375296872362
2019-02-04 23:48:00,0.21293965310229623
2019-02-04 23:51:00,0.15954144972033646
2019-02-04 23:54:00,0.2458181876976937
2019-02-04 23:57:00,0.19567759589693878
2019-02-05 00:00:00,0.2281019123142869
2019-02-05 00:03:00,0.19726040689704405
2019-02-05 00:06:00,0.16984949200883648
2019-02-05 00:09:00,0.25518543232374213
2019-02-05 00:12:00,0.20877015681526245
2019-02-05 00:15:00,0.17660260445103404
2019-02-05 00:18:00,0.15113384434306454
2019-02-05 00:21:00,0.2165179807790878
2019-02-05 00:24:00,0.17287081404106175
2019-02-05 00:27:00,0.09889725658109683
2019-02-05 00:30:00,0.08495464636985162
2019-02-05 00:33:00,0.09529047501831656
2019-02-05 00:36:00,0.1312382191438246
2019-02-05 00:39:00,0.08524985004140717
2019-02-05 00:42:00,0.10564009021680931
2019-02-05 00:45:00,0.13257634975229848
2019-02-05 00:48:00,0.16806617508740374
2019-02-05 00:51:00,0.08700238657991122
2019-02-05 00:54:00,0.1657153996886791
2019-02-05 00:57:00,0.2208263140465192
2019-02-05 01:00:00,0.19487221649535513
2019-02-05 01:03:00,0.199691641358811
2019-02-05 01:06:00,0.19831204146981918
2019-02-05 01:09:00,0.2742515172594153
2019-02-05 01:12:00,0.22584842878109157
2019-02-05 01:15:00,0.2066603766278945
2019-02-05 01:18:00,0.15081673338198698
2019-02-05 01:21:00,0.2554841735772584
2019-02-05 01:24:00,0.2098707894853078
2019-02-05 01:27:00,0.27130257179294404
2019-02-05 01:30:00,0.1757896782949615
2019-02-05 01:33:00,0.3034254965862715
2019-02-05 01:36:00,0.1343063890736289
2019-02-05 01:39:00,0.1557560441053738
2019-02-05 01:42:00,0.22783966950083823
2019-02-05 01:45:00,0.29297229808889824
2019-02-05 01:48:00,0.18175792360744936
2019-02-05 01:51:00,0.19800679326675663
2019-02-05 01:54:00,0.3208946823096426
2019-02-05 01:57:00,0.24815385417969082
2019-02-05 02:00:00,0.27254364676542764
2019-02-05 02:03:00,0.28492531933608234
2019-02-05 02:06:00,0.2998086436218159
2019-02-05 02:09:00,0.2621357824776851
2019-02-05 02:12:00,0.35057489419352805
2019-02-05 02:15:00,0.20064213358170946
2019-02-05 02:18:00,0.2751978121168577
2019-02-05 02:21:00,0.34979303652596627
2019-02-05 02:24:00,0.33236353980225886
2019-02-05 02:27:00,0.31878356086912163
2019-02-05 02:30:00,0.28458037868051633
2019-02-05 02:33:00,0.265197929829867
2019-02-05 02:36:00,0.1900549418780315
2019-02-05 02:39:00,0.22899795179910143
2019-02-05 02:42:00,0.3477577276096895
2019-02-05 02:45:00,0.27870605271698423
2019-02-05 02:48:00,0.30382527608520604
2019-02-05 02:51:00,0.3433188386321717
2019-02-05 02:54:00,0.2622894136257514
2019-02-05 02:57:00,0.34539403928317824
2019-02-05 03:00:00,0.23326269760178775
2019-02-05 03:03:00,0.26253103928058863
2019-02-05 03:06:00,0.37682100985375655
2019-02-05 03:09:00,0.2391109030617713
2019-02-05 03:12:00,0.24968648654373737
2019-02-05 03:15:00,0.246265575980658
2019-02-05 03:18:00,0.28596817222131676
2019-02-05 03:21:00,0.28552986482742426
2019-02-05 03:24:00,0.33280437555799836
2019-02-05 03:27:00,0.19632940983507297
2019-02-05 03:30:00,0.24849689649244056
2019-02-05 03:33:00,0.31421033253405994
2019-02-05 03:36:00,0.2922390585989092
2019-02-05 03:39:00,0.30406118157208084
2019-02-05 03:42:00,0.27314520253992214
2019-02-05 03:45:00,0.2544261827187597
2019-02-05 03:48:00,0.24078733764741855
2019-02-05 03:51:00,0.4040954625177733
2019-02-05 03:54:00,0.21526271826047605
2019-02-05 03:57:00,0.2679290541541377
2019-02-05 04:00:00,0.2711062518158087
2019-02-05 04:03:00,0.28918707268348953
2019-02-05 04:06:00,0.2791169464059067
2019-02-05 04:09:00,0.33240480852452947
2019-02-05 04:12:00,0.2570155741337885
2019-02-05 04:15:00,0.28088461048724866
2019-02-05 04:18:00,0.31626778777888376
2019-02-05 04:21:00,0.27262742934090056
2019-02-05 04:24:00,0.31361373681983196
2019-02-05 04:27:00,0.42490669842527495
2019-02-05 04:30:00,0.3373888827637188
2019-02-05 04:33:00,0.17748829416035505
2019-02-05 04:36:00,0.3291755701400234
2019-02-05 04:39:00,0.2889007730493631
2019-02-05 04:42:00,0.21628630917950886
2019-02-05 04:45:00,0.321641027275291
2019-02-05 04:48:00,0.30440729721624393
2019-02-05 04:51:00,0.26893173590974584
2019-02-05 04:54:00,0.2789402633478062
2019-02-05 04:57:00,0.24724785632366775
2019-02-05 05:00:00,0.260374316577213
2019-02-05 05:03:00,0.38888512898154204
2019-02-05 05:06:00,0.3116462639002293
2019-02-05 05:09:00,0.2527740307315298
2019-02-05 05:12:00,0.3206599784271589
2019-02-05 05:15:00,0.34808277990396164
2019-02-05 05:18:00,0.28846391723442366
2019-02-05 05:21:00,0.2898205219744341
2019-02-05 05:24:00,0.24427650379999477
2019-02-05 05:27:00,0.3290064445544658
2019-02-05 05:30:00,0.35361325815301825
2019-02-05 05:33:00,0.30685785611973415
2019-02-05 05:36:00,0.4255749128329285
2019-02-05 05:39:00,0.3735567045817447
2019-02-05 05:42:00,0.367412598799433
2019-02-05 05:45:00,0.26634584616226675
2019-02-05 05:48:00,0.1789828089921457
2019-02-05 05:51:00,0.2954442536149031
2019-02-05 05:54:00,0.31823431374942857
2019-02-05 05:57:00,0.35006044915110124
2019-02-05 06:00:00,0.3527670420124309
2019-02-05 06:03:00,0.36083782086672045
2019-02-05 06:06:00,0.3741528042583582
2019-02-05 06:09:00,0.34051209743159916
2019-02-05 06:12:00,0.2862686510047183
2019-02-05 06:15:00,0.3091358569275826
2019-02-05 06:18:00,0.3422091866358983
2019-02-05 06:21:00,0.28348785930381837
2019-02-05 06:24:00,0.2962375652886635
2019-02-05 06:27:00,0.3865376282424222
2019-02-05 06:30:00,0.34600975202715745
2019-02-05 06:33:00,0.2622125224619367
2019-02-05 06:36:00,0.3429733991935109
2019-02-05 06:39:00,0.3160195319185277
2019-02-05 06:42:00,0.34499549819452113
2019-02-05 06:45:00,0.3171081920368124
2019-02-05 06:48:00,0.2947324287365518
2019-02-05 06:51:00,0.3623761053530643
2019-02-05 06:54:00,0.3736051263141462
2019-02-05 06:57:00,0.3789763040568914
2019-02-05 07:00:00,0.27120973356397826
2019-02-05 07:03:00,0.3006208549267626
2019-02-05 07:06:00,0.31771516803547684
2019-02-05 07:09:00,0.25292388052201886
2019-02-05 07:12:00,0.25051711635785523
2019-02-05 07:15:00,0.2935394329501264
2019-02-05 07:18:00,0.20125893041847576
2019-02-05 07:21:00,0.28492921593175424
2019-02-05 07:24:00,0.2521844749375646
2019-02-05 07:27:00,0.25856992626580677
2019-02-05 07:30:00,0.20368545928658932
2019-02-05 07:33:00,0.2983017683096705
2019-02-05 07:36:00,0.289909770322879
2019-02-05 07:39:00,0.2826423874972761
2019-02-05 07:42:00,0.28720787685870164
2019-02-05 07:45:00,0.3430395918451836
2019-02-05 07:48:00,0.2537540472026194
2019-02-05 07:51:00,0.30878452070555795
2019-02-05 07:54:00,0.2515771450754869
2019-02-05 07:57:00,0.3746733344329414
2019-02-05 08:00:00,0.35041684941842277
2019-02-05 08:03:00,0.34744748112427715
2019-02-05 08:06:00,0.26830851167881065
2019-02-05 08:09:00,0.28195360818881454
2019-02-05 08:12:00,0.21742784205019916
2019-02-05 08:15:00,0.2788007515774211
2019-02-05 08:18:00,0.250871069518837
2019-02-05 08:21:00,0.20663490418513675
2019-02-05 08:24:00,0.2937321824880996
2019-02-05 08:27:00,0.2708765169637104
2019-02-05 08:30:00,0.2980017940083144
2019-02-05 08:33:00,0.24258996721738413
2019-02-05 08:36:00,0.3572758917097758
2019-02-05 08:39:00,0.2951310385118404
2019-02-05 08:42:00,0.2618471189578031
2019-02-05 08:45:00,0.39201425103073007
2019-02-05 08:48:00,0.3765526216074022
2019-02-05 08:51:00,0.29591027876460885
2019-02-05 08:54:00,0.1598661358825666
2019-02-05 08:57:00,0.20265761489395118
2019-02-05 09:00:00,0.21460682825869526
2019-02-05 09:03:00,0.2356753559625986
2019-02-05 09:06:00,0.20345034164091658
2019-02-05 09:09:00,0.16389873329495686
2019-02-05 09:12:00,0.2703264418275353
2019-02-05 09:15:00,0.25865275000847987
2019-02-05 09:18:00,0.20704442171688697
2019-02-05 09:21:00,0.24457377687258486
2019-02-05 09:24:00,0.25565065998227965
2019-02-05 09:27:00,0.2799766833524586
2019-02-05 09:30:00,0.21500186741855032
2019-02-05 09:33:00,0.17134553362546967
2019-02-05 09:36:00,0.27857127627436284
2019-02-05 09:39:00,0.14774732558248616
2019-02-05 09:42:00,0.22109823730448852
2019-02-05 09:45:00,0.1590815029731516
2019-02-05 09:48:00,0.13599986029288402
2019-02-05 09:51:00,0.1278243708060245
2019-02-05 09:54:00,0.05698560544743714
2019-02-05 09:57:00,0.17072945036483134
2019-02-05 10:00:00,0.16089148667015252
2019-02-05 10:03:00,0.20149940033246594
2019-02-05 10:06:00,0.1359767699210579
2019-02-05 10:09:00,0.07920304375977594
2019-02-05 10:12:00,0.14160647966190254
2019-02-05 10:15:00,0.19564482582455867
2019-02-05 10:18:00,0.09237260087525101
2019-02-05 10:21:00,0.07493658647842949
2019-02-05 10:24:00,0.05056374689263521
2019-02-05 10:27:00,0.03302084730353272
2019-02-05 10:30:00,0.10628248748969327
2019-02-05 10:33:00,0.05048223573936639
2019-02-05 10:36:00,0.12550372572064816
2019-02-05 10:39:00,0.14628244474096164
2019-02-05 10:42:00,0.0523535875449852
2019-02-05 10:45:00,0.13562558520993662
2019-02-05 10:48:00,0.06370179442996005
2019-02-05 10:51:00,0.0854491871097025
2019-02-05 10:54:00,0.006078814389240961
2019-02-05 10:57:00,0.14699482058841795
2019-02-05 11:00:00,0.06459727443387919
2019-02-05 11:03:00,-0.0040518670189726436
2019-02-05 11:06:00,0.03377942276762269
2019-02-05 11:09:00,-0.07049102298606158
2019-02-05 11:12:00,-0.019953297643667156
2019-02-05 11:15:00,-0.03615639827921768
2019-02-05 11:18:00,-0.06520528228804778
2019-02-05 11:21:00,-0.03634260156724167
2019-02-05 11:24:00,-0.05100253482032713
2019-02-05 11:27:00,0.015993996004056044
2019-02-05 11:30:00,-0.004341977366095762
2019-02-05 11:33:00,-0.034869260917275824
2019-02-05 11:36:00,-0.08482004680439559
2019-02-05 11:39:00,-0.09046236935387242
2019-02-05 11:42:00,-0.05459493148390493
2019-02-05 11:45:00,-0.07353477635734862
2019-02-05 11:48:00,-0.09299637851165699
2019-02-05 11:51:00,-0.0674549399963098
2019-02-05 11:54:00,0.009981140438071634
2019-02-05 11:57:00,-0.1208087682302903
2019-02-05 12:00:00,-0.015595467524121887
2019-02-05 12:03:00,-0.0858621466664431
2019-02-05 12:06:00,-0.13639774598857457
2019-02-05 12:09:00,-0.08597169411410732
2019-02-05 12:12:00,-0.1041869657331631
2019-02-05 12:15:00,-0.05955928173347047
2019-02-05 12:18:00,-0.15074326177193598
2019-02-05 12:21:00,-0.15998160608211265
2019-02-05 12:24:00,-0.12496175049398062
2019-02-05 12:27:00,-0.0736663634709771
2019-02-05 12:30:00,-0.11912900609195276
2019-02-05 12:33:00,-0.14739604541119888
2019-02-05 12:36:00,-0.027800163345716555
2019-02-05 12:39:00,-0.1505662494120088
2019-02-05 12:42:00,-0.151883662595651
2019-02-05 12:45:00,-0.12345952669096505
2019-02-05 12:48:00,-0.16848482048089863
2019-02-05 12:51:00,-0.15236601325210586
2019-02-05 12:54:00,-0.13531357926376586
2019-02-05 12:57:00,-0.10791429116676454
2019-02-05 13:00:00,-0.18704655120762936
2019-02-05 13:03:00,-0.017899508654750207
2019-02-05 13:06:00,-0.11720995898366482
2019-02-05 13:09:00,-0.16249344551022205
2019-02-05 13:12:00,-0.14768146690113326
2019-02-05 13:15:00,-0.11072269048446515
2019-02-05 13:18:00,-0.22533288672838125
2019-02-05 13:21:00,-0.17914247929434168
2019-02-05 13:24:00,-0.15274100357976295
2019-02-05 13:27:00,-0.13622194601174442
2019-02-05 13:30:00,-0.22834500385619094
2019-02-05 13:33:00,-0.1498217375982449
2019-02-05 13:36:00,-0.24619788983551416
2019-02-05 13:39:00,-0.2591598270320219
2019-02-05 13:42:00,-0.2273484232070473
2019-02-05 13:45:00,-0.3254072456685435
2019-02-05 13:48:00,-0.34821135183085516
2019-02-05 13:51:00,-0.28804257361042573
2019-02-05 13:54:00,-0.42890228865098834
2019-02-05 13:57:00,-0.39404770283545076
2019-02-05 14:00:00,-0.36873776389080604
2019-02-05 14:03:00,-0.4172595117678384
2019-02-05 14:06:00,-0.2734846866015914
2019-02-05 14:09:00,-0.1953891497752238
2019-02-05 14:12:00,-0.2770696360507827
2019-02-05 14:15:00,-0.28607956421427616
2019-02-05 14:18:00,-0.408138077850424
2019-02-05 14:21:00,-0.2691610754224598
2019-02-05 14:24:00,-0.19559308367274753
2019-02-05 14:27:00,-0.18025100647162162
2019-02-05 14:30:00,-0.34793623166291354
2019-02-05 14:33:00,-0.2087274014858167
2019-02-05 14:36:00,-0.28855125176238516
2019-02-05 14:39:00,-0.31852006567822855
2019-02-05 14:42:00,-0.28562601492728845
2019-02-05 14:45:00,-0.281444473620013
2019-02-05 14:48:00,-0.24121311167442627
2019-02-05 14:51:00,-0.3092073733035363
2019-02-05 14:54:00,-0.30409485147987425
2019-02-05 14:57:00,-0.3586183533338385
2019-02-05 15:00:00,-0.2716468906745604
2019-02-05 15:03:00,-0.23386429497503514
2019-02-05 15:06:00,-0.18056920234619156
2019-02-05 15:09:00,-0.4348388350433652
2019-02-05 15:12:00,-0.33597414842103035
2019-02-05 15:15:00,-0.23958187696848654
2019-02-05 15:18:00,-0.16652226361719613
2019-02-05 15:21:00,-0.29467409015001067
2019-02-05 15:24:00,-0.34217614272051833
2019-02-05 15:27:00,-0.23282378582177898
2019-02-05 15:30:00,-0.24886044838302723
2019-02-05 15:33:00,-0.28438116247826883
2019-02-05 15:36:00,-0.23464976797589543
2019-02-05 15:39:00,-0.24947777040097208
2019-02-05 15:42:00,-0.24179774218987404
2019-02-05 15:45:00,-0.19638610547690405
2019-02-05 15:48:00,-0.35221262995304414
2019-02-05 15:51:00,-0.2286817874913254
2019-02-05 15:54:00,-0.2351305807968629
2019-02-05 15:57:00,-0.32406322998286896
2019-02-05 16:00:00,-0.22815115268878117
2019-02-05 16:03:00,-0.18616235598619824
2019-02-05 16:06:00,-0.2935036803858111
2019-02-05 16:09:00,-0.19451652531216723
2019-02-05 16:12:00,-0.16257644240204172
2019-02-05 16:15:00,-0.19416479277447252
2019-02-05 16:18:00,-0.05561546629166969
2019-02-05 16:21:00,-0.12303508274214892
2019-02-05 16:24:00,-0.028208295894216917
2019-02-05 16:27:00,0.10556145834533481
2019-02-05 16:30:00,0.11039611547494133
2019-02-05 16:33:00,0.05617708325331705
2019-02-05 16:36:00,0.14716637775768504
2019-02-05 16:39:00,0.1356340827103395
2019-02-05 16:42:00,0.27477349020603015
2019-02-05 16:45:00,0.08655726400172625
2019-02-05 16:48:00,0.062435310367334296
2019-02-05 16:51:00,-0.021807766873450873
2019-02-05 16:54:00,-0.058649967847372864
2019-02-05 16:57:00,0.12291084898811278
2019-02-05 17:00:00,-0.05357724540704112
2019-02-05 17:03:00,-0.07208521770809284
2019-02-05 17:06:00,-0.1519688100573262
2019-02-05 17:09:00,-0.1834093353036792
2019-02-05 17:12:00,-0.10674926513428318
2019-02-05 17:15:00,-0.10097003546962924
2019-02-05 17:18:00,-0.15917267240882893
2019-02-05 17:21:00,-0.14721822062301726
2019-02-05 17:24:00,-0.11471187961666374
2019-02-05 17:27:00,-0.1560036006549126
2019-02-05 17:30:00,-0.06777091211392872
2019-02-05 17:33:00,-0.1315220161571915
2019-02-05 17:36:00,-0.20844848622670042
2019-02-05 17:39:00,-0.10985152231324946
2019-02-05 17:42:00,-0.10154092357851141
2019-02-05 17:45:00,-0.08452989395408395
2019-02-05 17:48:00,-0.05268280799737113
2019-02-05 17:51:00,-0.06154023451517787
2019-02-05 17:54:00,-0.06517076279953926
2019-02-05 17:57:00,-0.062429390784870975
2019-02-05 18:00:00,0.03456200609861071
2019-02-05 18:03:00,-0.026171009303425308
2019-02-05 18:06:00,-0.0923610074224257
2019-02-05 18:09:00,-0.013936916602290239
2019-02-05 18:12:00,-0.07839935727378133
2019-02-05 18:15:00,0.019300022882987378
2019-02-05 18:18:00,-0.05658077319355925
2019-02-05 18:21:00,-0.007349334979551259
2019-02-05 18:24:00,-0.015234844295321182
2019-02-05 18:27:00,0.09080590545045197
2019-02-05 18:30:00,-0.03607738390002169
2019-02-05 18:33:00,0.0031423193249793258
2019-02-05 18:36:00,-0.03175514987651695
2019-02-05 18:39:00,-0.03720500971411411
2019-02-05 18:42:00,-0.03626634648759364
2019-02-05 18:45:00,-0.030643022819390353
2019-02-05 18:48:00,0.003974611817056939
2019-02-05 18:51:00,0.012605788997973377
2019-02-05 18:54:00,-0.057153529678714676
2019-02-05 18:57:00,
2019-02-05 19:00:00,
2019-02-05 19:03:00,-0.06058210083921267
2019-02-05 19:06:00,0.028823722899915083
2019-02-05 19:09:00,-0.03350910041694988
2019-02-05 19:12:00,0.03633953559847214
2019-02-05 19:15:00,0.07144634200420796
2019-02-05 19:18:00,0.06240191407579232
2019-02-05 19:21:00,0.08425824345073352
2019-02-05 19:24:00,0.09649754840853575
2019-02-05 19:27:00,0.20294823968390574
2019-02-05 19:30:00,0.12325535293246048
2019-02-05 19:33:00,0.031041433467009938
2019-02-05 19:36:00,0.09800219740037619
2019-02-05 19:39:00,0.048782730230186644
2019-02-05 19:42:00,0.11349208543595068
2019-02-05 19:45:00,0.07840816698410435
2019-02-05 19:48:00,0.04221418539515298
2019-02-05 19:51:00,0.13288630891906905
2019-02-05 19:54:00,0.14101990733843195
2019-02-05 19:57:00,0.11880505773649475
2019-02-05 20:00:00,0.1534297908565918
2019-02-05 20:03:00,0.14267479054291243
2019-02-05 20:06:00,0.2262915153169729
2019-02-05 20:09:00,0.16492832770433097
2019-02-05 20:12:00,0.18442269740205575
2019-02-05 20:15:00,0.19070917735791681
2019-02-05 20:18:00,0.19948347823515178
2019-02-05 20:21:00,0.12090834440431308
2019-02-05 20:24:00,0.09191527606543559
2019-02-05 20:27:00,0.058017827385697274
2019-02-05 20:30:00,0.14738678003533323
2019-02-05 20:33:00,0.10473598233357961
2019-02-05 20:36:00,0.08938897427424308
2019-02-05 20:39:00,0.09824325068598228
2019-02-05 20:42:00,0.1032560875900117
2019-02-05 20:45:00,0.16246018118084748
2019-02-05 20:48:00,0.08590433773883888
2019-02-05 20:51:00,0.1365516012219814
2019-02-05 20:54:00,0.15591758846176162
2019-02-05 20:57:00,0.09325065853693104
2019-02-05 21:00:00,0.161707987267107
2019-02-05 21:03:00,0.09567663424439843
2019-02-05 21:06:00,0.11851722568246714
2019-02-05 21:09:00,0.08785896303453455
2019-02-05 21:12:00,0.16503543669404053
2019-02-05 21:15:00,0.07471254839191488
2019-02-05 21:18:00,0.15729981689293027
2019-02-05 21:21:00,0.23351957708399596
2019-02-05 21:24:00,0.16875670523609188
2019-02-05 21:27:00,0.14353991623312368
2019-02-05 21:30:00,0.15284587298270935
2019-02-05 21:33:00,0.20359012543895005
2019-02-05 21:36:00,0.24388084568346358
2019-02-05 21:39:00,0.09862825575771694
2019-02-05 21:42:00,0.19359532107210953
2019-02-05 21:45:00,0.11891084965168375
2019-02-05 21:48:00,0.23125968810109043
2019-02-05 21:51:00,0.2444470171718649
2019-02-05 21:54:00,0.21384939851338913
2019-02-05 21:57:00,0.20965543511141504
2019-02-05 22:00:00,0.12163933124975301
2019-02-05 22:03:00,0.14242859765209914
2019-02-05 22:06:00,0.32060212196768134
2019-02-05 22:09:00,0.12507265879139595
2019-02-05 22:12:00,0.16368211013411837
2019-02-05 22:15:00,0.16647450643716866
2019-02-05 22:18:00,0.20323151693895625
2019-02-05 22:21:00,0.17407941959459095
2019-02-05 22:24:00,0.1725445930229057
2019-02-05 22:27:00,0.1640231385550237
2019-02-05 22:30:00,0.0719602487546922
2019-02-05 22:33:00,0.11886452813479309
2019-02-05 22:36:00,0.12884511905673435
2019-02-05 22:39:00,0.11706700434081085
2019-02-05 22:42:00,0.2583674790512873
2019-02-05 22:45:00,0.20530113464906208
2019-02-05 22:48:00,0.143065765806341
2019-02-05 22:51:00,0.16401813923476993
2019-02-05 22:54:00,0.14601640728074017
2019-02-05 22:57:00,0.18032652074242606
2019-02-05 23:00:00,0.15652820723835248
2019-02-05 23:03:00,0.17799413340043202
2019-02-05 23:06:00,0.14383123855503754
2019-02-05 23:09:00,0.23087400850675976
2019-02-05 23:12:00,0.217314306597018
2019-02-05 23:15:00,0.27990512058210015
2019-02-05 23:18:00,0.12507691988378156
2019-02-05 23:21:00,0.31518019809510633
2019-02-05 23:24:00,0.19125141687737823
2019-02-05 23:27:00,0.24982783667957165
2019-02-05 23:30:00,0.2515391063432162
2019-02-05 23:33:00,0.23446559104348808
2019-02-05 23:36:00,0.2528766815319159
2019-02-05 23:39:00,0.24847316594309632
2019-02-05 23:42:00,0.33585921980443345
2019-02-05 23:45:00,0.2947646509488777
2019-02-05 23:48:00,0.29548041167430483
2019-02-05 23:51:00,0.23804144428129348
2019-02-05 23:54:00,0.3517512636990432
2019-02-05 23:57:00,0.189764566128531
2019-02-06 00:00:00,0.24933693194685702
2019-02-06 00:03:00,0.23321016366037384
2019-02-06 00:06:00,0.21001198534634113
2019-02-06 00:09:00,0.20747979048559273
2019-02-06 00:12:00,0.2843951670545266
2019-02-06 00:15:00,0.3080296474752231
2019-02-06 00:18:00,0.2394088112840791
2019-02-06 00:21:00,0.2852367573650554
2019-02-06 00:24:00,0.2962990757396824
2019-02-06 00:27:00,0.24632597791736544
2019-02-06 00:30:00,0.24693157758747475
2019-02-06 00:33:00,0.33227554406823856
2019-02-06 00:36:00,0.36500791698097146
2019-02-06 00:39:00,0.25770153122323336
2019-02-06 00:42:00,0.24455010355728746
2019-02-06 00:45:00,0.2552582952941407
2019-02-06 00:48:00,0.18843512989622013
2019-02-06 00:51:00,0.25286077095347537
2019-02-06 00:54:00,0.23825813899037485
2019-02-06 00:57:00,0.17670083280830795
2019-02-06 01:00:00,0.26743484207230495
2019-02-06 01:03:00,0.21558163886936654
2019-02-06 01:06:00,0.2583250467699827
2019-02-06 01:09:00,0.25876915373936527
2019-02-06 01:12:00,0.20302669810587304
2019-02-06 01:15:00,0.3230587769792237
2019-02-06 01:18:00,0.20702613013077098
2019-02-06 01:21:00,0.2489127954352739
2019-02-06 01:24:00,0.20047886989681274
2019-02-06 01:27:00,0.3086546018678291
2019-02-06 01:30:00,0.2572730989905949
2019-02-06 01:33:00,0.20376090511166467
2019-02-06 01:36:00,0.2162674178853763
2019-02-06 01:39:00,0.16395506313835995
2019-02-06 01:42:00,0.20717616926827986
2019-02-06 01:45:00,0.2688172581159165
2019-02-06 01:48:00,0.2268515177606787
2019-02-06 01:51:00,0.2165487078199817
2019-02-06 01:54:00,0.2804439172782054
2019-02-06 01:57:00,0.22163150916247787
2019-02-06 02:00:00,0.25263563083672125
2019-02-06 02:03:00,0.2850718579912268
2019-02-06 02:06:00,0.20475982037322638
2019-02-06 02:09:00,0.23089222698598633
2019-02-06 02:12:00,0.23935002175443287
2019-02-06 02:15:00,0.2025617117225238
2019-02-06 02:18:00,0.26824759242060736
2019-02-06 02:21:00,0.24001637077350324
2019-02-06 02:24:00,0.31677405764941113
2019-02-06 02:27:00,0.26334540137924023
2019-02-06 02:30:00,0.31897633476035026
2019-02-06 02:33:00,0.25026848051186334
2019-02-06 02:36:00,0.2521771277031917
2019-02-06 02:39:00,0.3638144016783258
2019-02-06 02:42:00,0.31980483915748437
2019-02-06 02:45:00,0.3170027173214862
2019-02-06 02:48:00,0.3185741495469756
2019-02-06 02:51:00,0.34128448815727097
2019-02-06 02:54:00,0.25981212417622146
2019-02-06 02:57:00,0.34149014078798245
2019-02-06 03:00:00,0.34002095366867024
2019-02-06 03:03:00,0.3217856072334939
2019-02-06 03:06:00,0.3293732493610264
2019-02-06 03:09:00,0.3444217582846818
2019-02-06 03:12:00,0.2547309944370113
2019-02-06 03:15:00,0.39903727720258075
2019-02-06 03:18:00,0.2610020915459472
2019-02-06 03:21:00,0.2575488893799047
2019-02-06 03:24:00,0.34329301565122705
2019-02-06 03:27:00,0.265170926731912
2019-02-06 03:30:00,0.3342716970925039
2019-02-06 03:33:00,0.30711829644883437
2019-02-06 03:36:00,0.3497321024639177
2019-02-06 03:39:00,0.30797813074201486
2019-02-06 03:42:00,0.35149676664298113
2019-02-06 03:45:00,0.28664346136054064
2019-02-06 03:48:00,0.42156904034595755
2019-02-06 03:51:00,0.29294083428982276
2019-02-06 03:54:00,0.432276086205718
2019-02-06 03:57:00,0.31694081469635194
2019-02-06 04:00:00,0.40473659722346156
2019-02-06 04:03:00,0.291349858271019
2019-02-06 04:06:00,0.40731840410518316
2019-02-06 04:09:00,0.26774296115826246
2019-02-06 04:12:00,0.31122944454790513
2019-02-06 04:15:00,0.31849258450660045
2019-02-06 04:18:00,0.2972838050827704
2019-02-06 04:21:00,0.28631598512316714
2019-02-06 04:24:00,0.3503837392569267
2019-02-06 04:27:00,0.36290770604756517
2019-02-06 04:30:00,0.3457641082586065
2019-02-06 04:33:00,0.32631594982012757
2019-02-06 04:36:00,0.3480090828448965
2019-02-06 04:39:00,0.2675946503245541
2019-02-06 04:42:00,0.23057236764378786
2019-02-06 04:45:00,0.31327469273657016
2019-02-06 04:48:00,0.3444442338262661
2019-02-06 04:51:00,0.2866580007819266
2019-02-06 04:54:00,0.33312077564863785
2019-02-06 04:57:00,0.2188211335651431
2019-02-06 05:00:00,0.2852574187463688
2019-02-06 05:03:00,0.2845859055376536
2019-02-06 05:06:00,0.34035193849069856
2019-02-06 05:09:00,0.31239968490962156
2019-02-06 05:12:00,0.3800786339236879
2019-02-06 05:15:00,0.24591166526363395
2019-02-06 05:18:00,0.3533228009812319
2019-02-06 05:21:00,0.2997392447023799
2019-02-06 05:24:00,0.3041956977093605
2019-02-06 05:27:00,0.3900288136765653
2019-02-06 05:30:00,0.29294426272218743
2019-02-06 05:33:00,0.20208861231793662
2019-02-06 05:36:00,0.3393358204588708
2019-02-06 05:39:00,0.3508502355443852
2019-02-06 05:42:00,0.23781732904359387
2019-02-06 05:45:00,0.231526900573499
2019-02-06 05:48:00,0.27725132341123526
2019-02-06 05:51:00,0.3090823295187306
2019-02-06 05:54:00,0.3242496104577981
2019-02-06 05:57:00,0.26131010227180695
2019-02-06 06:00:00,0.3188030600413754
2019-02-06 06:03:00,0.2901298254862468
2019-02-06 06:06:00,0.34990269729513557
2019-02-06 06:09:00,0.2806801249125783
2019-02-06 06:12:00,0.2795089943251128
2019-02-06 06:15:00,0.3675626648393404
2019-02-06 06:18:00,0.2668483801603543
2019-02-06 06:21:00,0.33248479891210536
2019-02-06 06:24:00,0.3971912877732393
2019-02-06 06:27:00,0.34724688698895534
2019-02-06 06:30:00,0.29520620584185053
2019-02-06 06:33:00,0.27883513155211404
2019-02-06 06:36:00,0.2663897029656255
2019-02-06 06:39:00,0.2935283748746542
2019-02-06 06:42:00,0.23420722935873073
2019-02-06 06:45:00,0.31684057554440415
2019-02-06 06:48:00,0.2596257448009851
2019-02-06 06:51:00,0.27897698014282923
2019-02-06 06:54:00,0.2135081041220701
2019-02-06 06:57:00,0.23103715098022803
2019-02-06 07:00:00,0.16903005104387603
2019-02-06 07:03:00,0.2632343342634158
2019-02-06 07:06:00,0.3045815296688943
2019-02-06 07:09:00,0.28990581389297176
2019-02-06 07:12:00,0.3039802146865327
2019-02-06 07:15:00,0.2521966940867628
2019-02-06 07:18:00,0.35859029519411934
2019-02-06 07:21:00,0.24605408881365065
2019-02-06 07:24:00,0.25676514367859227
2019-02-06 07:27:00,0.25428883444629946
2019-02-06 07:30:00,0.32363035953687813
2019-02-06 07:33:00,0.22641870789146878
2019-02-06 07:36:00,0.20075372354000365
2019-02-06 07:39:00,0.20861776941649168
2019-02-06 07:42:00,0.25167664885572094
2019-02-06 07:45:00,0.2697817752018068
2019-02-06 07:48:00,0.31309170987083235
2019-02-06 07:51:00,0.2880958434027434
2019-02-06 07:54:00,0.24003364923675008
2019-02-06 07:57:00,0.25280189998738933
2019-02-06 08:00:00,0.2672879391571996
2019-02-06 08:03:00,0.23294631174013603
2019-02-06 08:06:00,0.23428474074415817
2019-02-06 08:09:00,0.20798625238484192
2019-02-06 08:12:00,0.24129554750851412
2019-02-06 08:15:00,0.20331374667415503
2019-02-06 08:18:00,0.2835218510193158
2019-02-06 08:21:00,0.23725081423833672
2019-02-06 08:24:00,0.21071630038113653
2019-02-06 08:27:00,0.32081068567811144
2019-02-06 08:30:00,0.2977511939258761
2019-02-06 08:33:00,0.3423795128786651
2019-02-06 08:36:00,0.2672555586908629
2019-02-06 08:39:00,0.24510176066297618
2019-02-06 08:42:00,0.32679679850525645
2019-02-06 08:45:00,0.15821146197703229
2019-02-06 08:48:00,0.22695415543654462
2019-02-06 08:51:00,0.23981660382992231
2019-02-06 08:54:00,0.29082851620182737
2019-02-06 08:57:00,0.18746387538692488
2019-02-06 09:00:00,0.2695684037980186
2019-02-06 09:03:00,0.24882080753263836
2019-02-06 09:06:00,0.1835107492199768
2019-02-06 09:09:00,0.1937348933602152
2019-02-06 09:12:00,0.24587028035313097
2019-02-06 09:15:00,0.25314786888935714
2019-02-06 09:18:00,0.21453998923630024
2019-02-06 09:21:00,0.30193909671862684
2019-02-06 09:24:00,0.2722979083678183
2019-02-06 09:27:00,0.2929557797580742
2019-02-06 09:30:00,0.17893877428849692
2019-02-06 09:33:00,0.1784991525301507
2019-02-06 09:36:00,0.24867906597501133
2019-02-06 09:39:00,0.2541132915529829
2019-02-06 09:42:00,0.21995315950147187
2019-02-06 09:45:00,0.24102684322264167
2019-02-06 09:48:00,0.18551789760994097
2019-02-06 09:51:00,0.16246664298893165
2019-02-06 09:54:00,0.3029938137415229
2019-02-06 09:57:00,0.1870869266055024
2019-02-06 10:00:00,0.20244244013974821
2019-02-06 10:03:00,0.1441522736934644
2019-02-06 10:06:00,0.23582406247788867
2019-02-06 10:09:00,0.09973103560133723
2019-02-06 10:12:00,0.13452418966818414
2019-02-06 10:15:00,0.10045325938187943
2019-02-06 10:18:00,0.13103247568972165
2019-02-06 10:21:00,0.11021488977849003
2019-02-06 10:24:00,0.007657775165512248
2019-02-06 10:27:00,0.10765290817073492
2019-02-06 10:30:00,0.13691522258568511
2019-02-06 10:33:00,0.11947299804313616
2019-02-06 10:36:00,0.09827335475802101
2019-02-06 10:39:00,0.09803906294274611
2019-02-06 10:42:00,0.08228780512934009
2019-02-06 10:45:00,0.06852066863444861
2019-02-06 10:48:00,0.004840797351732817
2019-02-06 10:51:00,0.018657369864342854
2019-02-06 10:54:00,0.043897468693501196
2019-02-06 10:57:00,-0.02826936839079508
2019-02-06 11:00:00,0.007657226952289875
2019-02-06 11:03:00,-0.0549365377374329
2019-02-06 11:06:00,-0.04507477807635496
2019-02-06 11:09:00,0.00667690862286463
2019-02-06 11:12:00,-0.048187295336049374
2019-02-06 11:15:00,-0.01603648610188202
2019-02-06 11:18:00,-0.07306898826669794
2019-02-06 11:21:00,0.04018721492241184
2019-02-06 11:24:00,0.03298154870122971
2019-02-06 11:27:00,0.03654466398506884
2019-02-06 11:30:00,0.03288244851478339
2019-02-06 11:33:00,-0.08188783165991254
2019-02-06 11:36:00,-0.0401491353151755
2019-02-06 11:39:00,-0.09592676049607007
2019-02-06 11:42:00,-0.05575745854429215
2019-02-06 11:45:00,-0.06274436368312308
2019-02-06 11:48:00,-0.05430046527482091
2019-02-06 11:51:00,-0.05235533365470246
2019-02-06 11:54:00,-0.16485570917569703
2019-02-06 11:57:00,-0.07171744334925734
2019-02-06 12:00:00,-0.177770800604776
2019-02-06 12:03:00,-0.011654795359675063
2019-02-06 12:06:00,-0.1487772973458732
2019-02-06 12:09:00,-0.10201669130469782
2019-02-06 12:12:00,-0.1963000451784751
2019-02-06 12:15:00,-0.22257726013856427
2019-02-06 12:18:00,-0.1200744554385551
2019-02-06 12:21:00,-0.2425300718252288
2019-02-06 12:24:00,-0.11070907266849872
2019-02-06 12:27:00,-0.22583901622385838
2019-02-06 12:30:00,-0.19222227051830032
2019-02-06 12:33:00,-0.10212382439686962
2019-02-06 12:36:00,-0.19766100207681347
2019-02-06 12:39:00,-0.1730345820161574
2019-02-06 12:42:00,-0.22150369617725119
2019-02-06 12:45:00,-0.1961358724121851
2019-02-06 12:48:00,-0.31557223528488976
2019-02-06 12:51:00,-0.21018334074187806
2019-02-06 12:54:00,-0.20161188300943422
2019-02-06 12:57:00,-0.09047625021878503
2019-02-06 13:00:00,-0.23501012715934166
2019-02-06 13:03:00,-0.3127759395587759
2019-02-06 13:06:00,-0.35062725279863116
2019-02-06 13:09:00,-0.24141849252293923
2019-02-06 13:12:00,-0.2683711674748679
2019-02-06 13:15:00,-0.28852372223735756
2019-02-06 13:18:00,-0.14099175830091326
2019-02-06 13:21:00,-0.34106949590892555
2019-02-06 13:24:00,-0.21191562392772312
2019-02-06 13:27:00,-0.28802806788343105
2019-02-06 13:30:00,-0.3258692720148133
2019-02-06 13:33:00,-0.33872455046929417
2019-02-06 13:36:00,-0.33110827048773217
2019-02-06 13:39:00,-0.3471714704884903
2019-02-06 13:42:00,-0.17314113655879737
2019-02-06 13:45:00,-0.3210320541822398
2019-02-06 13:48:00,-0.357033221629365
2019-02-06 13:51:00,-0.3419446576938867
2019-02-06 13:54:00,-0.35271252455197555
2019-02-06 13:57:00,-0.31272927255690774
2019-02-06 14:00:00,-0.35623898727175174
2019-02-06 14:03:00,-0.304488833702635
2019-02-06 14:06:00,-0.28146138464228443
2019-02-06 14:09:00,-0.4006056145801722
2019-02-06 14:12:00,-0.35048161465738303
2019-02-06 14:15:00,-0.2745886321434341
2019-02-06 14:18:00,-0.4219489984750453
2019-02-06 14:21:00,-0.3499340725336424
2019-02-06 14:24:00,-0.4472499537992576
2019-02-06 14:27:00,-0.3493766550193982
2019-02-06 14:30:00,-0.4002495283377243
2019-02-06 14:33:00,-0.3748544408103385
2019-02-06 14:36:00,-0.4164823344526667
2019-02-06 14:39:00,-0.37537278325640955
2019-02-06 14:42:00,-0.4117245923001178
2019-02-06 14:45:00,-0.3145415968883185
2019-02-06 14:48:00,-0.32595640172024787
2019-02-06 14:51:00,-0.29261691009304513
2019-02-06 14:54:00,-0.27842633681274265
2019-02-06 14:57:00,-0.3532499119416457
2019-02-06 15:00:00,-0.3272087813895155
2019-02-06 15:03:00,-0.30863916625969523
2019-02-06 15:06:00,-0.3689057807046652
2019-02-06 15:09:00,-0.21630403053944747
2019-02-06 15:12:00,-0.2582308582266819
2019-02-06 15:15:00,-0.31587123461684996
2019-02-06 15:18:00,-0.23605649843369747
2019-02-06 15:21:00,-0.2299119993462
2019-02-06 15:24:00,-0.3126111947577215
2019-02-06 15:27:00,-0.3409314944678954
2019-02-06 15:30:00,-0.20365829085289988
2019-02-06 15:33:00,-0.21797590611328133
2019-02-06 15:36:00,-0.3637041647486967
2019-02-06 15:39:00,-0.20064342040313932
2019-02-06 15:42:00,-0.18439758997885747
2019-02-06 15:45:00,-0.24074020539814
2019-02-06 15:48:00,-0.17343766408396277
2019-02-06 15:51:00,-0.2684131865495374
2019-02-06 15:54:00,-0.25275744180868287
2019-02-06 15:57:00,-0.1950724690483412
2019-02-06 16:00:00,-0.2245826656158556
2019-02-06 16:03:00,-0.24281529670059854
2019-02-06 16:06:00,-0.2814718450232476
2019-02-06 16:09:00,-0.1382956895724874
2019-02-06 16:12:00,-0.18205330087295124
2019-02-06 16:15:00,-0.10146570811724587
2019-02-06 16:18:00,-0.22833165645198505
2019-02-06 16:21:00,-0.12068235384191439
2019-02-06 16:24:00,-0.2024224776201322
2019-02-06 16:27:00,-0.0971698315608478
2019-02-06 16:30:00,-0.12258812534355457
2019-02-06 16:33:00,-0.10017400432775503
2019-02-06 16:36:00,-0.21599759754286652
2019-02-06 16:39:00,-0.19123115440555694
2019-02-06 16:42:00,-0.10986025115920484
2019-02-06 16:45:00,-0.19917310716897418
2019-02-06 16:48:00,-0.1469678691559011
2019-02-06 16:51:00,-0.023790184882102494
2019-02-06 16:54:00,-0.0003014064843682718
2019-02-06 16:57:00,-0.029973172133452408
2019-02-06 17:00:00,-0.09969303586859724
2019-02-06 17:03:00,0.0410950665612404
2019-02-06 17:06:00,0.02410600003639729
2019-02-06 17:09:00,0.00629346896187144
2019-02-06 17:12:00,-0.027018737154435257
2019-02-06 17:15:00,-0.05017518186139114
2019-02-06 17:18:00,0.0075220023241513445
2019-02-06 17:21:00,0.004029070304341076
2019-02-06 17:24:00,-0.01351427940846861
2019-02-06 17:27:00,-0.07635109880152413
2019-02-06 17:30:00,-0.07305760985695997
2019-02-06 17:33:00,0.022163605521370755
2019-02-06 17:36:00,-0.034053127467871036
2019-02-06 17:39:00,-0.07290487176129545
2019-02-06 17:42:00,-0.06469782246637124
2019-02-06 17:45:00,-0.049655330852260704
2019-02-06 17:48:00,-0.11130758133640484
2019-02-06 17:51:00,-0.16153462448869504
2019-02-06 17:54:00,-0.1500877226107491
2019-02-06 17:57:00,-0.10272909483927606
2019-02-06 18:00:00,-0.1052622867165951
2019-02-06 18:03:00,-0.11756506941208045
2019-02-06 18:06:00,-0.12132707286764344
2019-02-06 18:09:00,-0.08531398302892512
2019-02-06 18:12:00,-0.01784567064487419
2019-02-06 18:15:00,-0.09719619126934731
2019-02-06 18:18:00,-0.06738949190724952
2019-02-06 18:21:00,-0.04230168265002021
2019-02-06 18:24:00,-0.0867186449912083
2019-02-06 18:27:00,0.006505456883417082
2019-02-06 18:30:00,-0.12040341742209648
2019-02-06 18:33:00,-0.044185384482091195
2019-02-06 18:36:00,-0.08067459926587617
2019-02-06 18:39:00,0.016825777299345646
2019-02-06 18:42:00,-0.018560066697375532
2019-02-06 18:45:00,0.04634723476988256
2019-02-06 18:48:00,0.0568107975822727
2019-02-06 18:51:00,0.027014719304133905
2019-02-06 18:54:00,
2019-02-06 18:57:00,
2019-02-06 19:00:00,
2019-02-06 19:03:00,0.017290820109735705
2019-02-06 19:06:00,-0.05690243328166389
2019-02-06 19:09:00,-0.016676060347151633
2019-02-06 19:12:00,0.03999594751093127
2019-02-06 19:15:00,0.08252110824776082
2019-02-06 19:18:00,0.029112230569239728
2019-02-06 19:21:00,0.08648168863317096
2019-02-06 19:24:00,0.05725919486235398
2019-02-06 19:27:00,0.05663421328983986
2019-02-06 19:30:00,0.03714046579693786
2019-02-06 19:33:00,0.14989253857140739
2019-02-06 19:36:00,0.12085588551525461
2019-02-06 19:39:00,0.08955606677511696
2019-02-06 19:42:00,0.06226069761822828
2019-02-06 19:45:00,0.10413788599140616
2019-02-06 19:48:00,0.10154926097646921
2019-02-06 19:51:00,0.13846818027127483
2019-02-06 19:54:00,0.049506619997089274
2019-02-06 19:57:00,0.04060030052420416
2019-02-06 20:00:00,0.08002247287657838
2019-02-06 20:03:00,0.04659633355356618
2019-02-06 20:06:00,0.0670804693190803
2019-02-06 20:09:00,-0.04562846298358636
2019-02-06 20:12:00,0.09247662662630773
2019-02-06 20:15:00,0.17449431219080225
2019-02-06 20:18:00,0.11033324041926562
2019-02-06 20:21:00,0.028853680793304193
2019-02-06 20:24:00,0.021397823465008514
2019-02-06 20:27:00,0.054278427519307115
2019-02-06 20:30:00,0.08551193810967561
2019-02-06 20:33:00,0.12639314858421358
2019-02-06 20:36:00,0.09657155624847746
2019-02-06 20:39:00,0.16179468779466788
2019-02-06 20:42:00,0.13910307887590534
2019-02-06 20:45:00,0.17366653297960966
2019-02-06 20:48:00,0.12233222227263241
2019-02-06 20:51:00,0.23240919538903881
2019-02-06 20:54:00,0.12283097371698659
2019-02-06 20:57:00,0.10892156849729417
2019-02-06 21:00:00,0.13780219264089055
2019-02-06 21:03:00,0.07745940138153173
2019-02-06 21:06:00,0.13841085979402123
2019-02-06 21:09:00,0.13972661676848475
2019-02-06 21:12:00,0.15705966418170192
2019-02-06 21:15:00,0.10382264921167916
2019-02-06 21:18:00,0.11767074302025549
2019-02-06 21:21:00,0.07257265493569776
2019-02-06 21:24:00,0.16012009340295208
2019-02-06 21:27:00,0.11212060819639191
2019-02-06 21:30:00,0.047661481745990386
2019-02-06 21:33:00,0.09125012530296317
2019-02-06 21:36:00,0.20812585066221345
2019-02-06 21:39:00,0.12659739169760087
2019-02-06 21:42:00,0.14050429271759413
2019-02-06 21:45:00,0.06051502017169241
2019-02-06 21:48:00,0.1355260172376802
2019-02-06 21:51:00,0.12164678673519802
2019-02-06 21:54:00,0.07871126016993912
2019-02-06 21:57:00,0.10987630958697991
2019-02-06 22:00:00,0.12307020653247491
2019-02-06 22:03:00,0.0765728420313394
2019-02-06 22:06:00,0.1531539662047976
2019-02-06 22:09:00,0.10920359087100451
2019-02-06 22:12:00,0.14298985652391139
2019-02-06 22:15:00,0.10143770734271129
2019-02-06 22:18:00,0.11199941621816834
2019-02-06 22:21:00,0.2022099290429651
2019-02-06 22:24:00,0.13770704152494773
2019-02-06 22:27:00,0.22022178649325497
2019-02-06 22:30:00,0.09369316681431883
2019-02-06 22:33:00,0.1368035911693255
2019-02-06 22:36:00,0.12062290719165958
2019-02-06 22:39:00,0.11583395690558973
2019-02-06 22:42:00,0.24925869754531504
2019-02-06 22:45:00,0.1609261530949766
2019-02-06 22:48:00,0.15776202939082395
2019-02-06 22:51:00,0.2307668233302138
2019-02-06 22:54:00,0.21351225705808474
2019-02-06 22:57:00,0.12119416812788586
2019-02-06 23:00:00,0.19088659753344928
2019-02-06 23:03:00,0.21839573720535554
2019-02-06 23:06:00,0.1151026227382772
2019-02-06 23:09:00,0.1249044064793452
2019-02-06 23:12:00,0.2597621165913324
2019-02-06 23:15:00,0.19635398661887393
2019-02-06 23:18:00,0.14918736817844547
2019-02-06 23:21:00,0.18181144948624706
2019-02-06 23:24:00,0.21463728118550307
2019-02-06 23:27:00,0.1518408507922686
2019-02-06 23:30:00,0.2095512866575291
2019-02-06 23:33:00,0.1583498007080948
2019-02-06 23:36:00,0.15231206870839742
2019-02-06 23:39:00,0.1442163790592872
2019-02-06 23:42:00,0.19076185378327182
2019-02-06 23:45:00,0.20132795983192864
2019-02-06 23:48:00,0.24043225132800217
2019-02-06 23:51:00,0.21815858706969493
2019-02-06 23:54:00,0.2723748812936151
2019-02-06 23:57:00,0.34655667538601165
2019-02-07 00:00:00,0.22601967627161912
2019-02-07 00:03:00,0.22378251617260503
2019-02-07 00:06:00,0.3836521090598808
2019-02-07 00:09:00,0.2369690839032046
2019-02-07 00:12:00,0.19401834758258474
2019-02-07 00:15:00,0.23105566111865983
2019-02-07 00:18:00,0.3156807365313625
2019-02-07 00:21:00,0.19335264721695467
2019-02-07 00:24:00,0.27934979651053027
2019-02-07 00:27:00,0.2182742802572193
2019-02-07 00:30:00,0.27072953334254635
2019-02-07 00:33:00,0.27834882079218914
2019-02-07 00:36:00,0.2411108191056428
2019-02-07 00:39:00,0.2993150235610642
2019-02-07 00:42:00,0.28247935991822715
2019-02-07 00:45:00,0.2996679956149819
2019-02-07 00:48:00,0.3262171142384318
2019-02-07 00:51:00,0.31356460629984895
2019-02-07 00:54:00,0.313357048337366
2019-02-07 00:57:00,0.3193966146965863
2019-02-07 01:00:00,0.1984012348991655
2019-02-07 01:03:00,0.25925956257509597
2019-02-07 01:06:00,0.30353850951166805
2019-02-07 01:09:00,0.2135932592149743
2019-02-07 01:12:00,0.2939630719442903
2019-02-07 01:15:00,0.309266545513708
2019-02-07 01:18:00,0.31838586349158504
2019-02-07 01:21:00,0.22908775939890802
2019-02-07 01:24:00,0.256513008430602
2019-02-07 01:27:00,0.2981605050886742
2019-02-07 01:30:00,0.19829658552737328
2019-02-07 01:33:00,0.22952670915901763
2019-02-07 01:36:00,0.21389234218924003
2019-02-07 01:39:00,0.2738978758943631
2019-02-07 01:42:00,0.3049624945761593
2019-02-07 01:45:00,0.3344257715448862
2019-02-07 01:48:00,0.27945223697719257
2019-02-07 01:51:00,0.40230299834382777
2019-02-07 01:54:00,0.3691785059372137
2019-02-07 01:57:00,0.40653949171144177
2019-02-07 02:00:00,0.34230864851264187
2019-02-07 02:03:00,0.3592019717077619
2019-02-07 02:06:00,0.2696724777614463
2019-02-07 02:09:00,0.3670027733988377
2019-02-07 02:12:00,0.27156604684478225
2019-02-07 02:15:00,0.4100405883640974
2019-02-07 02:18:00,0.3077729655326493
2019-02-07 02:21:00,0.32780917509859364
2019-02-07 02:24:00,0.26565305015532203
2019-02-07 02:27:00,0.28892026057417297
2019-02-07 02:30:00,0.2928794222069655
2019-02-07 02:33:00,0.33491939689679384
2019-02-07 02:36:00,0.29625290942487936
2019-02-07 02:39:00,0.3199797409110374
2019-02-07 02:42:00,0.3284491569463057
2019-02-07 02:45:00,0.32396780907225775
2019-02-07 02:48:00,0.23562620714039895
2019-02-07 02:51:00,0.2956587888354534
2019-02-07 02:54:00,0.2920590997025556
2019-02-07 02:57:00,0.32624853487419614
2019-02-07 03:00:00,0.28763892178852757
2019-02-07 03:03:00,0.2992891260217334
2019-02-07 03:06:00,0.2710796127047388
2019-02-07 03:09:00,0.332678166446442
2019-02-07 03:12:00,0.27113150522353635
2019-02-07 03:15:00,0.2186321159903173
2019-02-07 03:18:00,0.29724894209539343
2019-02-07 03:21:00,0.1392218254803197
2019-02-07 03:24:00,0.23522499041160927
2019-02-07 03:27:00,0.316501948914663
2019-02-07 03:30:00,0.2554323149363995
2019-02-07 03:33:00,0.29507508206597777
2019-02-07 03:36:00,0.16646974756076816
2019-02-07 03:39:00,0.2293225515592212
2019-02-07 03:42:00,0.2369261566028058
2019-02-07 03:45:00,0.25080369943350433
2019-02-07 03:48:00,0.2994500057690743
2019-02-07 03:51:00,0.309163475869525
2019-02-07 03:54:00,0.23540286362293728
2019-02-07 03:57:00,0.2904072995866045
2019-02-07 04:00:00,0.2546882973870197
2019-02-07 04:03:00,0.17871830419500156
2019-02-07 04:06:00,0.3228424008541424
2019-02-07 04:09:00,0.28986587868462266
2019-02-07 04:12:00,0.19655611278329843
2019-02-07 04:15:00,0.24367645702733398
2019-02-07 04:18:00,0.24072853767779634
2019-02-07 04:21:00,0.29312006367644017
2019-02-07 04:24:00,0.3278199024958326
2019-02-07 04:27:00,0.21625591195117977
2019-02-07 04:30:00,0.2338132184362962
2019-02-07 04:33:00,0.22555545164300383
2019-02-07 04:36:00,0.2656711351250465
2019-02-07 04:39:00,0.3053937648284659
2019-02-07 04:42:00,0.20611233589681888
2019-02-07 04:45:00,0.24255515343202205
2019-02-07 04:48:00,0.2893302340189621
2019-02-07 04:51:00,0.3031484945552734
2019-02-07 04:54:00,0.24822469671448744
2019-02-07 04:57:00,0.2730769265826325
2019-02-07 05:00:00,0.31233016185109364
2019-02-07 05:03:00,0.2914627306671491
2019-02-07 05:06:00,0.32800431434463917
2019-02-07 05:09:00,0.3102613169599522
2019-02-07 05:12:00,0.27480282400460965
2019-02-07 05:15:00,0.2536552051907961
2019-02-07 05:18:00,0.25911449670422826
2019-02-07 05:21:00,0.33342556487218644
2019-02-07 05:24:00,0.3708665161456679
2019-02-07 05:27:00,0.30536754493192575
2019-02-07 05:30:00,0.34911624214959147
2019-02-07 05:33:00,0.24495927308004184
2019-02-07 05:36:00,0.36192847093286673
2019-02-07 05:39:00,0.35908015645406977
2019-02-07 05:42:00,0.3199699451236029
2019-02-07 05:45:00,0.3704612829424718
2019-02-07 05:48:00,0.3763874252468895
2019-02-07 05:51:00,0.40732614790084654
2019-02-07 05:54:00,0.3593388568447722
2019-02-07 05:57:00,0.3036877939799183
2019-02-07 06:00:00,0.24467802123888305
2019-02-07 06:03:00,0.32333998578275214
2019-02-07 06:06:00,0.27393012202952605
2019-02-07 06:09:00,0.32405589840215043
2019-02-07 06:12:00,0.3732111474428166
2019-02-07 06:15:00,0.23057120695659705
2019-02-07 06:18:00,0.34733310952105967
2019-02-07 06:21:00,0.28112545081074813
2019-02-07 06:24:00,0.2904660909787822
2019-02-07 06:27:00,0.42283754585361066
2019-02-07 06:30:00,0.44055314234265097
2019-02-07 06:33:00,0.34427560152249725
2019-02-07 06:36:00,0.4246773186113728
2019-02-07 06:39:00,0.42023687099737117
2019-02-07 06:42:00,0.4362748464732249
2019-02-07 06:45:00,0.3194259007019582
2019-02-07 06:48:00,0.3410176935202571
2019-02-07 06:51:00,0.37735901883331735
2019-02-07 06:54:00,0.4238110070398875
2019-02-07 06:57:00,0.3833497106251116
2019-02-07 07:00:00,0.37881115034150525
2019-02-07 07:03:00,0.3113658876835075
2019-02-07 07:06:00,0.4272597567898515
2019-02-07 07:09:00,0.36085314887367304
2019-02-07 07:12:00,0.3056380395739211
2019-02-07 07:15:00,0.4050360707001346
2019-02-07 07:18:00,0.41100765280663154
2019-02-07 07:21:00,0.3713665486466198
2019-02-07 07:24:00,0.3380628349527228
2019-02-07 07:27:00,0.31919897438535827
2019-02-07 07:30:00,0.2947565900125255
2019-02-07 07:33:00,0.22109880568172002
2019-02-07 07:36:00,0.3269759525649647
2019-02-07 07:39:00,0.2881356436843703
2019-02-07 07:42:00,0.2990348591250722
2019-02-07 07:45:00,0.3296452811805466
2019-02-07 07:48:00,0.31003956304198255
2019-02-07 07:51:00,0.4049177590884483
2019-02-07 07:54:00,0.2982962149803825
2019-02-07 07:57:00,0.31377604802884207
2019-02-07 08:00:00,0.31064115269651893
2019-02-07 08:03:00,0.22878698711997458
2019-02-07 08:06:00,0.25860956921115985
2019-02-07 08:09:00,0.33501199819551175
2019-02-07 08:12:00,0.2432036350916178
2019-02-07 08:15:00,0.2112674625691966
2019-02-07 08:18:00,0.2504250459709283
2019-02-07 08:21:00,0.22358742702493828
2019-02-07 08:24:00,0.2981585112267453
2019-02-07 08:27:00,0.3625494506779887
2019-02-07 08:30:00,0.23584424498790213
2019-02-07 08:33:00,0.2752842973256975
2019-02-07 08:36:00,0.2189500438382197
2019-02-07 08:39:00,0.246058147059955
2019-02-07 08:42:00,0.20363883297545726
2019-02-07 08:45:00,0.18908958374032636
2019-02-07 08:48:00,0.3192716357826839
2019-02-07 08:51:00,0.23624694818312264
2019-02-07 08:54:00,0.3707985443545567
2019-02-07 08:57:00,0.1927863028953425
2019-02-07 09:00:00,0.2714051940703257
2019-02-07 09:03:00,0.22171424127105865
2019-02-07 09:06:00,0.2014437180056916
2019-02-07 09:09:00,0.14678572510672439
2019-02-07 09:12:00,0.18145318958482903
2019-02-07 09:15:00,0.18166616259759394
2019-02-07 09:18:00,0.1064802924219066
2019-02-07 09:21:00,0.25586497871893243
2019-02-07 09:24:00,0.17327036338599555
2019-02-07 09:27:00,0.12342512582534937
2019-02-07 09:30:00,0.22774918208108375
2019-02-07 09:33:00,0.07596324316301661
2019-02-07 09:36:00,0.17375734243353236
2019-02-07 09:39:00,0.13055197626732706
2019-02-07 09:42:00,0.15985949814051992
2019-02-07 09:45:00,0.15489035481283508
2019-02-07 09:48:00,0.047196632040140685
2019-02-07 09:51:00,0.029253580123054235
2019-02-07 09:54:00,0.07090632062084978
2019-02-07 09:57:00,0.07481106351099243
2019-02-07 10:00:00,0.1119771085095067
2019-02-07 10:03:00,0.1575600707498097
2019-02-07 10:06:00,0.05104149624554566
2019-02-07 10:09:00,0.08206348918338335
2019-02-07 10:12:00,0.0937943810376396
2019-02-07 10:15:00,0.024531716930141556
2019-02-07 10:18:00,0.013434000010875025
2019-02-07 10:21:00,-0.08606504767482193
2019-02-07 10:24:00,0.02601310319954564
2019-02-07 10:27:00,-0.008732898711912185
2019-02-07 10:30:00,0.06397636549775143
2019-02-07 10:33:00,-0.06577510050357205
2019-02-07 10:36:00,-0.0721521514107053
2019-02-07 10:39:00,-0.037713111634786856
2019-02-07 10:42:00,-0.05223865072036915
2019-02-07 10:45:00,-0.12907717567446753
2019-02-07 10:48:00,-0.04891247800617293
2019-02-07 10:51:00,0.019313017272565958
2019-02-07 10:54:00,-0.10119780230746755
2019-02-07 10:57:00,-0.0984129693641762
2019-02-07 11:00:00,-0.17193495162621275
2019-02-07 11:03:00,-0.05866369181018172
2019-02-07 11:06:00,-0.23893666865910745
2019-02-07 11:09:00,-0.18668724045460294
2019-02-07 11:12:00,-0.11479689881218746
2019-02-07 11:15:00,-0.033144425866964866
2019-02-07 11:18:00,-0.14748225737332632
2019-02-07 11:21:00,-0.13349639654325074
2019-02-07 11:24:00,-0.08212294448668445
2019-02-07 11:27:00,-0.08832680462614917
2019-02-07 11:30:00,-0.050627317460453014
2019-02-07 11:33:00,-0.0639891236722292
2019-02-07 11:36:00,-0.08256546013899424
2019-02-07 11:39:00,-0.08982416526498582
2019-02-07 11:42:00,-0.06690132506560076
2019-02-07 11:45:00,-0.13988359789249216
2019-02-07 11:48:00,-0.11965777110810905
2019-02-07 11:51:00,-0.06925957989005838
2019-02-07 11:54:00,-0.04554755612969075
2019-02-07 11:57:00,-0.22862310948943332
2019-02-07 12:00:00,-0.08521268672922133
2019-02-07 12:03:00,-0.0182712901351465
2019-02-07 12:06:00,-0.15460647980461317
2019-02-07 12:09:00,-0.16505725540804406
2019-02-07 12:12:00,-0.2066551384166928
2019-02-07 12:15:00,-0.24065577264673266
2019-02-07 12:18:00,-0.21976427961453737
2019-02-07 12:21:00,-0.2294687108720268
2019-02-07 12:24:00,-0.28169180957718254
2019-02-07 12:27:00,-0.33045408312818836
2019-02-07 12:30:00,-0.2215564039927358
2019-02-07 12:33:00,-0.320520551183904
2019-02-07 12:36:00,-0.25796536544521587
2019-02-07 12:39:00,-0.2368153315165955
2019-02-07 12:42:00,-0.3080411713481226
2019-02-07 12:45:00,-0.2687248082278302
2019-02-07 12:48:00,-0.36162133736098667
2019-02-07 12:51:00,-0.2746147590212331
2019-02-07 12:54:00,-0.3414565104146732
2019-02-07 12:57:00,-0.2973898984292873
2019-02-07 13:00:00,-0.2985422821676025
2019-02-07 13:03:00,-0.31288805329228353
2019-02-07 13:06:00,-0.37284613895292296
2019-02-07 13:09:00,-0.22782098197211553
2019-02-07 13:12:00,-0.34414821054497224
2019-02-07 13:15:00,-0.24689533091589055
2019-02-07 13:18:00,-0.34191206575525257
2019-02-07 13:21:00,-0.27892082338877344
2019-02-07 13:24:00,-0.3216103520670117
2019-02-07 13:27:00,-0.310169266849357
2019-02-07 13:30:00,-0.2614915383477978
2019-02-07 13:33:00,-0.27432265903814823
2019-02-07 13:36:00,-0.1889368041323678
2019-02-07 13:39:00,-0.2496341575776455
2019-02-07 13:42:00,-0.19694645150133283
2019-02-07 13:45:00,-0.2010255365569833
2019-02-07 13:48:00,-0.32057347564034444
2019-02-07 13:51:00,-0.34422057552563956
2019-02-07 13:54:00,-0.3105809610088386
2019-02-07 13:57:00,-0.22187552517078757
2019-02-07 14:00:00,-0.24554925736765654
2019-02-07 14:03:00,-0.2825438606525381
2019-02-07 14:06:00,-0.3044352743560239
2019-02-07 14:09:00,-0.1370697349299803
2019-02-07 14:12:00,-0.07685986372416664
2019-02-07 14:15:00,-0.14200392870156975
2019-02-07 14:18:00,-0.1832404520463342
2019-02-07 14:21:00,-0.17819716882178227
2019-02-07 14:24:00,-0.14594217538234489
2019-02-07 14:27:00,-0.11633191564072831
2019-02-07 14:30:00,-0.21855223399779788
2019-02-07 14:33:00,-0.2750702293464542
2019-02-07 14:36:00,-0.24551615786919
2019-02-07 14:39:00,-0.1605243366964828
2019-02-07 14:42:00,-0.23263861928722918
2019-02-07 14:45:00,-0.20433245854110282
2019-02-07 14:48:00,-0.1956709330893318
2019-02-07 14:51:00,-0.2465029814479749
2019-02-07 14:54:00,-0.14909621768418901
2019-02-07 14:57:00,-0.09224863417176721
2019-02-07 15:00:00,-0.1631075270708493
2019-02-07 15:03:00,-0.10709020970449501
2019-02-07 15:06:00,-0.039848717775271325
2019-02-07 15:09:00,-0.10309873206205111
2019-02-07 15:12:00,-0.20910626962569268
2019-02-07 15:15:00,-0.16175891134332687
2019-02-07 15:18:00,-0.07150512527169894
2019-02-07 15:21:00,-0.1283853778098205
2019-02-07 15:24:00,-0.06706235118667792
2019-02-07 15:27:00,-0.024349126060712933
2019-02-07 15:30:00,-0.09954426318614651
2019-02-07 15:33:00,-0.15101644979540652
2019-02-07 15:36:00,-0.10453867215727541
2019-02-07 15:39:00,0.024995902520686286
2019-02-07 15:42:00,-0.04276259253157377
2019-02-07 15:45:00,-0.0885870267280211
2019-02-07 15:48:00,-0.07325270601756984
2019-02-07 15:51:00,-0.09211538196666424
2019-02-07 15:54:00,-0.06930254180241491
2019-02-07 15:57:00,-0.052271952595447146
2019-02-07 16:00:00,-0.09173221102162188
2019-02-07 16:03:00,-0.19633441613854075
2019-02-07 16:06:00,-0.16802446640912194
2019-02-07 16:09:00,-0.2726133552969259
2019-02-07 16:12:00,-0.10631709228232467
2019-02-07 16:15:00,-0.11541543385675368
2019-02-07 16:18:00,-0.060894026284017855
2019-02-07 16:21:00,-0.18522995456896751
2019-02-07 16:24:00,-0.034973315046272546
2019-02-07 16:27:00,-0.04460849288193458
2019-02-07 16:30:00,-0.08096338633913547
2019-02-07 16:33:00,-0.08534025204528461
2019-02-07 16:36:00,-0.1289633726618149
2019-02-07 16:39:00,-0.11294103681058232
2019-02-07 16:42:00,-0.16182696103618355
2019-02-07 16:45:00,-0.17714510123914806
2019-02-07 16:48:00,-0.1474708790244108
2019-02-07 16:51:00,-0.09799600827705035
2019-02-07 16:54:00,0.019020963853222383
2019-02-07 16:57:00,-0.13295247227745222
2019-02-07 17:00:00,-0.1468670781706578
2019-02-07 17:03:00,-0.029560544216053586
2019-02-07 17:06:00,-0.11733932100338507
2019-02-07 17:09:00,-0.05786641225290623
2019-02-07 17:12:00,-0.15720630859647144
2019-02-07 17:15:00,-0.1267240424364786
2019-02-07 17:18:00,-0.08450875949966985
2019-02-07 17:21:00,-0.10521493150332617
2019-02-07 17:24:00,-0.11440713306035377
2019-02-07 17:27:00,-0.07545562723595367
2019-02-07 17:30:00,-0.04884171463220355
2019-02-07 17:33:00,-0.09938148065992891
2019-02-07 17:36:00,-0.0851144961478667
2019-02-07 17:39:00,-0.08237075349546785
2019-02-07 17:42:00,-0.1719394762019988
2019-02-07 17:45:00,-0.07312913490864048
2019-02-07 17:48:00,-0.21064739818206135
2019-02-07 17:51:00,-0.15529453426938744
2019-02-07 17:54:00,-0.10450809243258163
2019-02-07 17:57:00,-0.16596188058167627
2019-02-07 18:00:00,-0.12742082466905913
2019-02-07 18:03:00,-0.08977257380854553
2019-02-07 18:06:00,-0.1872774446894141
2019-02-07 18:09:00,-0.15211150663719764
2019-02-07 18:12:00,-0.1439451135128138
2019-02-07 18:15:00,-0.07435553802042705
2019-02-07 18:18:00,0.0038965958628978115
2019-02-07 18:21:00,-0.0012726748945510735
2019-02-07 18:24:00,-0.028740181187458802
2019-02-07 18:27:00,-0.09571071297585831
2019-02-07 18:30:00,-0.09868748727245702
2019-02-07 18:33:00,-0.12291039363509526
2019-02-07 18:36:00,-0.06878179543366514
2019-02-07 18:39:00,-0.1815015281705996
2019-02-07 18:42:00,-0.06188051716077325
2019-02-07 18:45:00,-0.004570571399369783
2019-02-07 18:48:00,-0.07585363324898253
2019-02-07 18:51:00,-0.032115459183501116
2019-02-07 18:54:00,
2019-02-07 18:57:00,
2019-02-07 19:00:00,
2019-02-07 19:03:00,-0.05626113409698519
2019-02-07 19:06:00,-0.007241083179394536
2019-02-07 19:09:00,-0.07449681364818161
2019-02-07 19:12:00,0.07711717366828452
2019-02-07 19:15:00,-0.07624705683753064
2019-02-07 19:18:00,-0.027305071999194297
2019-02-07 19:21:00,0.00359873879335737
2019-02-07 19:24:00,0.005080619292527899
2019-02-07 19:27:00,0.08982155419806759
2019-02-07 19:30:00,0.08083069058204728
2019-02-07 19:33:00,-0.007152313206745475
2019-02-07 19:36:00,0.07198221953143502
2019-02-07 19:39:00,0.17422203098089994
2019-02-07 19:42:00,-0.0016209016667403375
2019-02-07 19:45:00,0.04952190246575583
2019-02-07 19:48:00,0.0418094981100694
2019-02-07 19:51:00,-0.04932468422441616
2019-02-07 19:54:00,0.0738004999648183
2019-02-07 19:57:00,0.10261044986231127
2019-02-07 20:00:00,0.02029394774388038
2019-02-07 20:03:00,0.11303015640095282
2019-02-07 20:06:00,0.1536425650633646
2019-02-07 20:09:00,-0.0038121879454138252
2019-02-07 20:12:00,-0.06835310846793163
2019-02-07 20:15:00,-0.05908164898249879
2019-02-07 20:18:00,-0.00715076605001741
2019-02-07 20:21:00,0.009100360050240397
2019-02-07 20:24:00,0.08091889618384585
2019-02-07 20:27:00,0.025153360783576773
2019-02-07 20:30:00,0.05013890845310698
2019-02-07 20:33:00,-0.001753312518758321
2019-02-07 20:36:00,0.08025525928593424
2019-02-07 20:39:00,-0.07276249547248881
2019-02-07 20:42:00,0.07178182198140348
2019-02-07 20:45:00,-0.0379149060353825
2019-02-07 20:48:00,0.08675426881023895
2019-02-07 20:51:00,0.12586655174629868
2019-02-07 20:54:00,0.0786921165520198
2019-02-07 20:57:00,0.07189995289365925
2019-02-07 21:00:00,0.00835681562227819
2019-02-07 21:03:00,0.07487157270571743
2019-02-07 21:06:00,-0.04326841093808298
2019-02-07 21:09:00,0.04505808163577285
2019-02-07 21:12:00,-0.01763479282442404
2019-02-07 21:15:00,0.032616982911690684
2019-02-07 21:18:00,0.13054933104234578
2019-02-07 21:21:00,0.13290286861348477
2019-02-07 21:24:00,0.027959318513012477
2019-02-07 21:27:00,-0.011030035283624784
2019-02-07 21:30:00,0.06156256758544032
2019-02-07 21:33:00,0.1118863869723441
2019-02-07 21:36:00,0.040666306830132726
2019-02-07 21:39:00,-2.0594184832134488e-05
2019-02-07 21:42:00,0.05510254783990831
2019-02-07 21:45:00,0.13434532721942105
2019-02-07 21:48:00,0.10057488451911922
2019-02-07 21:51:00,0.14498862822085812
2019-02-07 21:54:00,0.16096530219243732
2019-02-07 21:57:00,0.03643200970589078
2019-02-07 22:00:00,0.13273892309325674
2019-02-07 22:03:00,0.09437387915431827
2019-02-07 22:06:00,0.13390350434411857
2019-02-07 22:09:00,0.1516096812623573
2019-02-07 22:12:00,0.21055585059224313
2019-02-07 22:15:00,0.08976589587734907
2019-02-07 22:18:00,0.16065267896880187
2019-02-07 22:21:00,0.19295788827088245
2019-02-07 22:24:00,0.22129325297049718
2019-02-07 22:27:00,0.21240236413643743
2019-02-07 22:30:00,0.18531422615086512
2019-02-07 22:33:00,0.2530118178358407
2019-02-07 22:36:00,0.172759963695853
2019-02-07 22:39:00,0.16179429696097714
2019-02-07 22:42:00,0.20221376764828847
2019-02-07 22:45:00,0.2094101918216893
2019-02-07 22:48:00,0.19420469887546687
2019-02-07 22:51:00,0.16024807958024212
2019-02-07 22:54:00,0.20089108180030735
2019-02-07 22:57:00,0.21573687083838422
2019-02-07 23:00:00,0.17038650899110053
2019-02-07 23:03:00,0.20020733917772304
2019-02-07 23:06:00,0.20036583838378874
2019-02-07 23:09:00,0.17758613658378408
2019-02-07 23:12:00,0.1843065989802426
2019-02-07 23:15:00,0.10618805336548576
2019-02-07 23:18:00,0.12052983155945185
2019-02-07 23:21:00,0.17108124455239704
2019-02-07 23:24:00,0.20170324349345492
2019-02-07 23:27:00,0.34037070308238526
2019-02-07 23:30:00,0.23354314473704108
2019-02-07 23:33:00,0.17074245745067174
2019-02-07 23:36:00,0.1194337737486535
2019-02-07 23:39:00,0.2725904826780834
2019-02-07 23:42:00,0.20718719631258864
2019-02-07 23:45:00,0.16821351026720777
2019-02-07 23:48:00,0.24267116803099498
2019-02-07 23:51:00,0.24240734151129573
2019-02-07 23:54:00,0.14833387881537874
2019-02-07 23:57:00,0.22749362633902592
2019-02-08 00:00:00,0.25013267991715793
2019-02-08 00:03:00,0.21051787931861554
2019-02-08 00:06:00,0.11462241739718593
2019-02-08 00:09:00,0.18117640459735185
2019-02-08 00:12:00,0.12997413315832773
2019-02-08 00:15:00,0.02074535891318874
2019-02-08 00:18:00,0.15177328524828226
2019-02-08 00:21:00,0.12955980785000065
2019-02-08 00:24:00,0.16053709995566123
2019-02-08 00:27:00,0.16588196636325847
2019-02-08 00:30:00,0.1218778682070365
2019-02-08 00:33:00,0.17559821373481554
2019-02-08 00:36:00,0.10829611124626126
2019-02-08 00:39:00,0.22812880584370987
2019-02-08 00:42:00,0.20803274452424603
2019-02-08 00:45:00,0.16901235863139163
2019-02-08 00:48:00,0.2651862655130799
2019-02-08 00:51:00,0.13886481814904528
2019-02-08 00:54:00,0.18184844523602806
2019-02-08 00:57:00,0.1907889777495484
2019-02-08 01:00:00,0.19611306244166826
2019-02-08 01:03:00,0.2724228495912371
2019-02-08 01:06:00,0.201721370855239
2019-02-08 01:09:00,0.16801479335521208
2019-02-08 01:12:00,0.24962792265500866
2019-02-08 01:15:00,0.13277803229203755
2019-02-08 01:18:00,0.11086619526071217
2019-02-08 01:21:00,0.15241651803006562
2019-02-08 01:24:00,0.15154595493709166
2019-02-08 01:27:00,0.15695242465767478
2019-02-08 01:30:00,0.2132410938492626
2019-02-08 01:33:00,0.2718436502111672
2019-02-08 01:36:00,0.2413412325379909
2019-02-08 01:39:00,0.13324104910157075
2019-02-08 01:42:00,0.21926877172910508
2019-02-08 01:45:00,0.2229786579271149
2019-02-08 01:48:00,0.25961738173123194
2019-02-08 01:51:00,0.194801878623025
2019-02-08 01:54:00,0.24096854793805278
2019-02-08 01:57:00,0.3044274332792156
2019-02-08 02:00:00,0.3641312860851258
2019-02-08 02:03:00,0.23094791133200943
2019-02-08 02:06:00,0.2421208208630219
2019-02-08 02:09:00,0.20941410453178833
2019-02-08 02:12:00,0.25972909264010013
2019-02-08 02:15:00,0.27992959546048723
2019-02-08 02:18:00,0.27344861972125045
2019-02-08 02:21:00,0.1987561025900959
2019-02-08 02:24:00,0.2228175765035303
2019-02-08 02:27:00,0.19657659032554875
2019-02-08 02:30:00,0.3558009629460912
2019-02-08 02:33:00,0.25823469789003184
2019-02-08 02:36:00,0.23259750752680475
2019-02-08 02:39:00,0.3066288189878037
2019-02-08 02:42:00,0.3316537226701257
2019-02-08 02:45:00,0.3116689392908256
2019-02-08 02:48:00,0.30446251403634506
2019-02-08 02:51:00,0.28563971164049917
2019-02-08 02:54:00,0.36812246471333765
2019-02-08 02:57:00,0.30154872422133394
2019-02-08 03:00:00,0.3548278125379625
2019-02-08 03:03:00,0.3231714543191515
2019-02-08 03:06:00,0.2636726153050404
2019-02-08 03:09:00,0.31432031135733496
2019-02-08 03:12:00,0.3422931564609826
2019-02-08 03:15:00,0.22466264846912054
2019-02-08 03:18:00,0.2634467648628629
2019-02-08 03:21:00,0.2967126874773385
2019-02-08 03:24:00,0.3012850342759634
2019-02-08 03:27:00,0.28282368608853403
2019-02-08 03:30:00,0.2815799785702211
2019-02-08 03:33:00,0.24225664737457464
2019-02-08 03:36:00,0.2587467923436293
2019-02-08 03:39:00,0.3202758989938843
2019-02-08 03:42:00,0.2442143823736842
2019-02-08 03:45:00,0.27264025083582055
2019-02-08 03:48:00,0.2851276871324444
2019-02-08 03:51:00,0.4362984196616253
2019-02-08 03:54:00,0.2907068697507498
2019-02-08 03:57:00,0.2514142497650482
2019-02-08 04:00:00,0.22788043569227057
2019-02-08 04:03:00,0.3194177853201836
2019-02-08 04:06:00,0.19588942053616165
2019-02-08 04:09:00,0.2922506407392689
2019-02-08 04:12:00,0.345247772261132
2019-02-08 04:15:00,0.36234745849151295
2019-02-08 04:18:00,0.35268116414187034
2019-02-08 04:21:00,0.31565649222807224
2019-02-08 04:24:00,0.28749452578659884
2019-02-08 04:27:00,0.3249633045513747
2019-02-08 04:30:00,0.2367431448550974
2019-02-08 04:33:00,0.27776251654182715
2019-02-08 04:36:00,0.2834904328649941
2019-02-08 04:39:00,0.31118544602821885
2019-02-08 04:42:00,0.343886440297581
2019-02-08 04:45:00,0.315407094722957
2019-02-08 04:48:00,0.29287213704714077
2019-02-08 04:51:00,0.35268438931535684
2019-02-08 04:54:00,0.3770208624843576
2019-02-08 04:57:00,0.32052762310729577
2019-02-08 05:00:00,0.36624200894493697
2019-02-08 05:03:00,0.36306929471567173
2019-02-08 05:06:00,0.3986279202873675
2019-02-08 05:09:00,0.2773982342964132
2019-02-08 05:12:00,0.32174039226833884
2019-02-08 05:15:00,0.25604217690101905
2019-02-08 05:18:00,0.39582533210449355
2019-02-08 05:21:00,0.340772437809278
2019-02-08 05:24:00,0.3538849501191521
2019-02-08 05:27:00,0.34231055073888683
2019-02-08 05:30:00,0.4003844627029025
2019-02-08 05:33:00,0.38920819039589105
2019-02-08 05:36:00,0.32724087629878795
2019-02-08 05:39:00,0.32976612218897117
2019-02-08 05:42:00,0.34881714819834997
2019-02-08 05:45:00,0.35482444235208277
2019-02-08 05:48:00,0.4276920975523808
2019-02-08 05:51:00,0.3184111721557201
2019-02-08 05:54:00,0.34056975579619575
2019-02-08 05:57:00,0.35769104978697897
2019-02-08 06:00:00,0.3834173432383068
2019-02-08 06:03:00,0.285486091113512
2019-02-08 06:06:00,0.382146256754595
2019-02-08 06:09:00,0.2988365384885583
2019-02-08 06:12:00,0.3572899622921568
2019-02-08 06:15:00,0.33944767372730666
2019-02-08 06:18:00,0.27462072753775146
2019-02-08 06:21:00,0.2979391834239209
2019-02-08 06:24:00,0.3773309570136121
2019-02-08 06:27:00,0.4423979922055423
2019-02-08 06:30:00,0.37363756330967135
2019-02-08 06:33:00,0.37779205950016603
2019-02-08 06:36:00,0.4226793035176115
2019-02-08 06:39:00,0.3253224952427445
2019-02-08 06:42:00,0.4244227297445491
2019-02-08 06:45:00,0.3395462402848466
2019-02-08 06:48:00,0.31432439992971695
2019-02-08 06:51:00,0.3213582519609304
2019-02-08 06:54:00,0.23995944194905405
2019-02-08 06:57:00,0.24940096841385184
2019-02-08 07:00:00,0.2563877933754384
2019-02-08 07:03:00,0.32293595491631777
2019-02-08 07:06:00,0.36463599667200697
2019-02-08 07:09:00,0.3535735795767323
2019-02-08 07:12:00,0.29538792036254335
2019-02-08 07:15:00,0.2485865074153253
2019-02-08 07:18:00,0.22414058948771753
2019-02-08 07:21:00,0.333895331590611
2019-02-08 07:24:00,0.3354742020570711
2019-02-08 07:27:00,0.2857906676738935
2019-02-08 07:30:00,0.406130782399714
2019-02-08 07:33:00,0.34424779402024797
2019-02-08 07:36:00,0.37035969359237697
2019-02-08 07:39:00,0.3171934327495478
2019-02-08 07:42:00,0.32413435210099806
2019-02-08 07:45:00,0.24441510195566707
2019-02-08 07:48:00,0.23184887727444448
2019-02-08 07:51:00,0.3424601401654286
2019-02-08 07:54:00,0.2852803387015115
2019-02-08 07:57:00,0.29303223426245495
2019-02-08 08:00:00,0.34023085214511184
2019-02-08 08:03:00,0.25059678753422077
2019-02-08 08:06:00,0.304383272100722
2019-02-08 08:09:00,0.3308381958257769
2019-02-08 08:12:00,0.3214132750015892
2019-02-08 08:15:00,0.2956965093692361
2019-02-08 08:18:00,0.35852939681586804
2019-02-08 08:21:00,0.2645681452813733
2019-02-08 08:24:00,0.33160719871807487
2019-02-08 08:27:00,0.2464919592748629
2019-02-08 08:30:00,0.2169296104596583
2019-02-08 08:33:00,0.30775266396148027
2019-02-08 08:36:00,0.21550674984956686
2019-02-08 08:39:00,0.29510850478567363
2019-02-08 08:42:00,0.2618987797070531
2019-02-08 08:45:00,0.23423880368164873
2019-02-08 08:48:00,0.2371458410917171
2019-02-08 08:51:00,0.1949131452224151
2019-02-08 08:54:00,0.23997230257589308
2019-02-08 08:57:00,0.17751621555322572
2019-02-08 09:00:00,0.16370299157250656
2019-02-08 09:03:00,0.24259165255114112
2019-02-08 09:06:00,0.21372565734310456
2019-02-08 09:09:00,0.1115181856533809
2019-02-08 09:12:00,0.17126550330812051
2019-02-08 09:15:00,0.10400856944073666
2019-02-08 09:18:00,0.10339193170017325
2019-02-08 09:21:00,0.17930513777918122
2019-02-08 09:24:00,0.11151891650200696
2019-02-08 09:27:00,0.22033575895869717
2019-02-08 09:30:00,0.1263844695635612
2019-02-08 09:33:00,0.22092356550518844
2019-02-08 09:36:00,0.14971480428403083
2019-02-08 09:39:00,0.07248777923587113
2019-02-08 09:42:00,0.06619887071633457
2019-02-08 09:45:00,0.17790755073264108
2019-02-08 09:48:00,0.22188741875379492
2019-02-08 09:51:00,0.14012851667439463
2019-02-08 09:54:00,0.11281139703368126
2019-02-08 09:57:00,0.11841754983333885
2019-02-08 10:00:00,0.24600626081718246
2019-02-08 10:03:00,0.10187180390391859
2019-02-08 10:06:00,0.07385732438689274
2019-02-08 10:09:00,0.054371080786381754
2019-02-08 10:12:00,0.06130926331974251
2019-02-08 10:15:00,0.09828565291951463
2019-02-08 10:18:00,0.03614269977350659
2019-02-08 10:21:00,0.03117240073549965
2019-02-08 10:24:00,0.06091784541990819
2019-02-08 10:27:00,0.03750264891249344
2019-02-08 10:30:00,-0.020473444623576142
2019-02-08 10:33:00,-0.04840127911597847
2019-02-08 10:36:00,-0.07158037667102235
2019-02-08 10:39:00,0.002131270730956203
2019-02-08 10:42:00,-0.022459327859678524
2019-02-08 10:45:00,0.0031944750164711877
2019-02-08 10:48:00,0.01837446320877234
2019-02-08 10:51:00,0.0339911336715204
2019-02-08 10:54:00,0.0007580993346891773
2019-02-08 10:57:00,0.012156363753831556
2019-02-08 11:00:00,-0.02211966124139053
2019-02-08 11:03:00,0.02810321716293629
2019-02-08 11:06:00,-0.03382058926206355
2019-02-08 11:09:00,-0.007436899276001441
2019-02-08 11:12:00,-0.09186779193555594
2019-02-08 11:15:00,0.017905693788009103
2019-02-08 11:18:00,-0.0804558364165473
2019-02-08 11:21:00,-0.08849156324981777
2019-02-08 11:24:00,-0.045602809509887265
2019-02-08 11:27:00,-0.13732373003261955
2019-02-08 11:30:00,-0.08551543320828614
2019-02-08 11:33:00,-0.18052352261008764
2019-02-08 11:36:00,-0.26227257352036304
2019-02-08 11:39:00,-0.1544189870213586
2019-02-08 11:42:00,-0.12071399897905621
2019-02-08 11:45:00,0.037191840515220065
2019-02-08 11:48:00,-0.0754778286455462
2019-02-08 11:51:00,-0.15072774365916075
2019-02-08 11:54:00,-0.08794288129325878
2019-02-08 11:57:00,-0.17514936602111675
2019-02-08 12:00:00,-0.0901988012751076
2019-02-08 12:03:00,-0.16889901006555874
2019-02-08 12:06:00,-0.1580056127867806
2019-02-08 12:09:00,-0.18622389036602272
2019-02-08 12:12:00,-0.21626216481257643
2019-02-08 12:15:00,-0.1587105325615994
2019-02-08 12:18:00,-0.1917408585885596
2019-02-08 12:21:00,-0.17774340928019683
2019-02-08 12:24:00,-0.2663731350070293
2019-02-08 12:27:00,-0.24476543614622415
2019-02-08 12:30:00,-0.26346869893581015
2019-02-08 12:33:00,-0.3051519795058084
2019-02-08 12:36:00,-0.31109982638827205
2019-02-08 12:39:00,-0.18476034785572892
2019-02-08 12:42:00,-0.2699715891328083
2019-02-08 12:45:00,-0.24949344027737652
2019-02-08 12:48:00,-0.31767843848138
2019-02-08 12:51:00,-0.2981095953806516
2019-02-08 12:54:00,-0.22714789068572827
2019-02-08 12:57:00,-0.34119731585354884
2019-02-08 13:00:00,-0.31210901443984085
2019-02-08 13:03:00,-0.33437957424683873
2019-02-08 13:06:00,-0.4188417206460713
2019-02-08 13:09:00,-0.3200124557998265
2019-02-08 13:12:00,-0.31603099721360195
2019-02-08 13:15:00,-0.3441894275306936
2019-02-08 13:18:00,-0.3882654302955757
2019-02-08 13:21:00,-0.28025263003581813
2019-02-08 13:24:00,-0.39523313825770856
2019-02-08 13:27:00,-0.3623485683929175
2019-02-08 13:30:00,-0.4011657886287594
2019-02-08 13:33:00,-0.358322564284947
2019-02-08 13:36:00,-0.2747599329982222
2019-02-08 13:39:00,-0.28390611305576385
2019-02-08 13:42:00,-0.3453303081772674
2019-02-08 13:45:00,-0.4458290572475221
2019-02-08 13:48:00,-0.40852998292098164
2019-02-08 13:51:00,-0.4470376603745194
2019-02-08 13:54:00,-0.36234832836998976
2019-02-08 13:57:00,-0.3483988039399719
2019-02-08 14:00:00,-0.43431326047482344
2019-02-08 14:03:00,-0.3275232917155222
2019-02-08 14:06:00,-0.4215887601679924
2019-02-08 14:09:00,-0.30553230518813734
2019-02-08 14:12:00,-0.41772038702902137
2019-02-08 14:15:00,-0.3783019830236185
2019-02-08 14:18:00,-0.42494484709482094
2019-02-08 14:21:00,-0.32546968313300795
2019-02-08 14:24:00,-0.500222856718608
2019-02-08 14:27:00,-0.3649816240075552
2019-02-08 14:30:00,-0.3606497005148981
2019-02-08 14:33:00,-0.3326198647168326
2019-02-08 14:36:00,-0.31407106721803757
2019-02-08 14:39:00,-0.22179863384553755
2019-02-08 14:42:00,-0.1833310475452663
2019-02-08 14:45:00,-0.26837881688493326
2019-02-08 14:48:00,-0.23046730624395195
2019-02-08 14:51:00,-0.14396918703266692
2019-02-08 14:54:00,-0.16176932246042952
2019-02-08 14:57:00,-0.10926741353625857
2019-02-08 15:00:00,-0.15164762083747974
2019-02-08 15:03:00,-0.19798863807022826
2019-02-08 15:06:00,-0.16108557338060336
2019-02-08 15:09:00,-0.08774264368827289
2019-02-08 15:12:00,-0.18698412783675167
2019-02-08 15:15:00,-0.15982832233669342
2019-02-08 15:18:00,-0.06023544264917291
2019-02-08 15:21:00,-0.06088794230936401
2019-02-08 15:24:00,-0.019930389526621184
2019-02-08 15:27:00,0.048046141547331445
2019-02-08 15:30:00,0.030765893323007276
2019-02-08 15:33:00,0.0047925177978527245
2019-02-08 15:36:00,0.09379267757697107
2019-02-08 15:39:00,0.11767906854208832
2019-02-08 15:42:00,0.21424417682624153
2019-02-08 15:45:00,0.22381034890821638
2019-02-08 15:48:00,0.04969625950189993
2019-02-08 15:51:00,-0.11043922190845024
2019-02-08 15:54:00,-0.13309930214779797
2019-02-08 15:57:00,-0.2376216656307406
2019-02-08 16:00:00,-0.1636199632654325
2019-02-08 16:03:00,-0.10047191554724577
2019-02-08 16:06:00,-0.16415609400667108
2019-02-08 16:09:00,0.09200881529278604
2019-02-08 16:12:00,0.011538871909522186
2019-02-08 16:15:00,0.17501285787858478
2019-02-08 16:18:00,0.02622318058337214
2019-02-08 16:21:00,0.16412353027294557
2019-02-08 16:24:00,0.09211137396442837
2019-02-08 16:27:00,0.011840017896190602
2019-02-08 16:30:00,0.0921222198883811
2019-02-08 16:33:00,0.08956072162317241
2019-02-08 16:36:00,0.07629598755391953
2019-02-08 16:39:00,0.16521137334405012
2019-02-08 16:42:00,0.08617628730598881
2019-02-08 16:45:00,0.07530206212726398
2019-02-08 16:48:00,-0.0037751809907149436
2019-02-08 16:51:00,-0.0021286138094183116
2019-02-08 16:54:00,0.025901998090034795
2019-02-08 16:57:00,-0.008832154353569877
2019-02-08 17:00:00,-0.11513929260274836
2019-02-08 17:03:00,-0.04914485476462005
2019-02-08 17:06:00,-0.07042714179289078
2019-02-08 17:09:00,0.010653437654241316
2019-02-08 17:12:00,0.0032282213583130215
2019-02-08 17:15:00,-0.10543750518792194
2019-02-08 17:18:00,-0.045257007167379015
2019-02-08 17:21:00,-0.024303077220110936
2019-02-08 17:24:00,-0.11838236570429217
2019-02-08 17:27:00,-0.04149449511680814
2019-02-08 17:30:00,0.01199024373050861
2019-02-08 17:33:00,0.023604778224068923
2019-02-08 17:36:00,-0.0917638879242304
2019-02-08 17:39:00,-0.09189717375397777
2019-02-08 17:42:00,-0.09359082005909158
2019-02-08 17:45:00,-0.05720387392869952
2019-02-08 17:48:00,0.07775091290085356
2019-02-08 17:51:00,-0.05366403712127976
2019-02-08 17:54:00,-0.06365057236894245
2019-02-08 17:57:00,0.028156407909534664
2019-02-08 18:00:00,0.0743918733890041
2019-02-08 18:03:00,-0.11851533415654103
2019-02-08 18:06:00,0.029097140229737306
2019-02-08 18:09:00,0.005797862583278857
2019-02-08 18:12:00,-0.04580321328688797
2019-02-08 18:15:00,-0.023627265297420763
2019-02-08 18:18:00,0.019153320014254405
2019-02-08 18:21:00,-0.0013347104763852258
2019-02-08 18:24:00,-0.024219089935911597
2019-02-08 18:27:00,-0.05597916186201246
2019-02-08 18:30:00,0.02460476783511467
2019-02-08 18:33:00,0.040082793112219406
2019-02-08 18:36:00,0.026612937121910818
2019-02-08 18:39:00,0.011795031777580789
2019-02-08 18:42:00,0.04855899713714962
2019-02-08 18:45:00,0.00875525308623537
2019-02-08 18:48:00,-0.055091279491364276
2019-02-08 18:51:00,0.025334756185429796
2019-02-08 18:54:00,
2019-02-08 18:57:00,
2019-02-08 19:00:00,
2019-02-08 19:03:00,-0.05690646928900378
2019-02-08 19:06:00,-0.0533988879383287
2019-02-08 19:09:00,-0.05191821611617797
2019-02-08 19:12:00,0.056933608655128864
2019-02-08 19:15:00,0.08454533249937413
2019-02-08 19:18:00,0.016443327047852563
2019-02-08 19:21:00,0.05307107131784505
2019-02-08 19:24:00,-0.013325773521444262
2019-02-08 19:27:00,0.019319379183286856
2019-02-08 19:30:00,0.03266603346190777
2019-02-08 19:33:00,0.030971449347646285
2019-02-08 19:36:00,0.09322523516681258
2019-02-08 19:39:00,0.03556966467129996
2019-02-08 19:42:00,0.06677390226650459
2019-02-08 19:45:00,0.03428913530444788
2019-02-08 19:48:00,-0.0617714861988361
2019-02-08 19:51:00,0.07193980425847712
2019-02-08 19:54:00,0.10649194833416686
2019-02-08 19:57:00,0.07943255806344496
2019-02-08 20:00:00,-0.001294901559901973
2019-02-08 20:03:00,0.12247753655668703
2019-02-08 20:06:00,0.14013949390511016
2019-02-08 20:09:00,0.03702383534397313
2019-02-08 20:12:00,0.06686029529345205
2019-02-08 20:15:00,0.04460784563980269
2019-02-08 20:18:00,0.07580499393338869
2019-02-08 20:21:00,0.060826907034538635
2019-02-08 20:24:00,0.05463786019026884
2019-02-08 20:27:00,-0.04235034259221493
2019-02-08 20:30:00,0.050812688277062534
2019-02-08 20:33:00,0.15065642065513885
2019-02-08 20:36:00,0.008037710181099555
2019-02-08 20:39:00,-0.004542032893652959
2019-02-08 20:42:00,-0.03581167743811875
2019-02-08 20:45:00,-0.005519735279278848
2019-02-08 20:48:00,-0.043584979121078504
2019-02-08 20:51:00,-0.002925559814514145
2019-02-08 20:54:00,0.162794031165447
2019-02-08 20:57:00,0.10650687027020922
2019-02-08 21:00:00,0.1252051530168501
2019-02-08 21:03:00,0.18085979564568788
2019-02-08 21:06:00,0.0781073317862706
2019-02-08 21:09:00,0.028777690296465153
2019-02-08 21:12:00,0.04377461900179469
2019-02-08 21:15:00,0.10854697583215511
2019-02-08 21:18:00,0.13096198976234064
2019-02-08 21:21:00,0.0013268007549527283
2019-02-08 21:24:00,-0.04045915959972035
2019-02-08 21:27:00,0.05874498762455005
2019-02-08 21:30:00,0.10298500413375677
2019-02-08 21:33:00,0.12396551099220687
2019-02-08 21:36:00,0.11501663760333258
2019-02-08 21:39:00,0.16386764854172498
2019-02-08 21:42:00,0.1535448181167567
2019-02-08 21:45:00,0.16543053144806663
2019-02-08 21:48:00,0.1203757197234836
2019-02-08 21:51:00,0.12235781504574561
2019-02-08 21:54:00,0.11389861204952467
2019-02-08 21:57:00,0.017187387215187755
2019-02-08 22:00:00,0.030655529913246937
2019-02-08 22:03:00,-0.024039677937707893
2019-02-08 22:06:00,0.14877995301162628
2019-02-08 22:09:00,0.06309098963532733
2019-02-08 22:12:00,0.10056326343755018
2019-02-08 22:15:00,0.14620289108080442
2019-02-08 22:18:00,0.1669455426604145
2019-02-08 22:21:00,0.21029843506988755
2019-02-08 22:24:00,0.19939608423527488
2019-02-08 22:27:00,0.142821675669893
2019-02-08 22:30:00,-0.0048951827662335745
2019-02-08 22:33:00,0.15027622512752714
2019-02-08 22:36:00,0.00722325224700171
2019-02-08 22:39:00,0.08481715289525482
2019-02-08 22:42:00,0.0013231506088118294
2019-02-08 22:45:00,-0.024978408372305694
2019-02-08 22:48:00,0.010382488036839277
2019-02-08 22:51:00,0.05304754841114345
2019-02-08 22:54:00,0.205197521275295
2019-02-08 22:57:00,0.02508472288587882
2019-02-08 23:00:00,0.08392473545478651
2019-02-08 23:03:00,0.12142001976076244
2019-02-08 23:06:00,0.03922060737886568
2019-02-08 23:09:00,0.04162338776887964
2019-02-08 23:12:00,0.009636145865499657
2019-02-08 23:15:00,0.023460326980170976
2019-02-08 23:18:00,0.0766706926752363
2019-02-08 23:21:00,0.05873571740585248
2019-02-08 23:24:00,0.14783559020747816
2019-02-08 23:27:00,0.12947254916565498
2019-02-08 23:30:00,0.007114129643582601
2019-02-08 23:33:00,0.05453240577139695
2019-02-08 23:36:00,0.03146005366085092
2019-02-08 23:39:00,0.03037448123473041
2019-02-08 23:42:00,0.10096456842154566
2019-02-08 23:45:00,0.14442373174557588
2019-02-08 23:48:00,0.21607638733468093
2019-02-08 23:51:00,0.08144027973941093
2019-02-08 23:54:00,0.09166915959195876
2019-02-08 23:57:00,0.1162679976337131
2019-02-09 00:00:00,0.057950819950576715
2019-02-09 00:03:00,0.18527319708528012
2019-02-09 00:06:00,0.10584656803041526
2019-02-09 00:09:00,0.07933690948192407
2019-02-09 00:12:00,0.21382371892548235
2019-02-09 00:15:00,0.20405456590737003
2019-02-09 00:18:00,0.19499820750360186
2019-02-09 00:21:00,0.1553523817405562
2019-02-09 00:24:00,0.14772573209717166
2019-02-09 00:27:00,0.1799411841169558
2019-02-09 00:30:00,0.16610031572975004
2019-02-09 00:33:00,0.07369768106747188
2019-02-09 00:36:00,0.17347123617867055
2019-02-09 00:39:00,0.17895873821538544
2019-02-09 00:42:00,0.1951009339801999
2019-02-09 00:45:00,0.23088296972650824
2019-02-09 00:48:00,0.2111244542257964
2019-02-09 00:51:00,0.17634650680167852
2019-02-09 00:54:00,0.20802750029969275
2019-02-09 00:57:00,0.09614657121585424
2019-02-09 01:00:00,0.19199827727408092
2019-02-09 01:03:00,0.17402032096458697
2019-02-09 01:06:00,0.2042838399398761
2019-02-09 01:09:00,0.25873701273485494
2019-02-09 01:12:00,0.07393793032451867
2019-02-09 01:15:00,0.061487141371969756
2019-02-09 01:18:00,0.15084018720716585
2019-02-09 01:21:00,0.1591585713964605
2019-02-09 01:24:00,0.13228192784526982
2019-02-09 01:27:00,0.12875092396541277
2019-02-09 01:30:00,0.08757283056593224
2019-02-09 01:33:00,0.14229209053763725
2019-02-09 01:36:00,0.060958424876275785
2019-02-09 01:39:00,0.12279493774195771
2019-02-09 01:42:00,0.1094974678136964
2019-02-09 01:45:00,0.09864831907032112
2019-02-09 01:48:00,0.1528786349163056
2019-02-09 01:51:00,0.17104221295886646
2019-02-09 01:54:00,0.14789013939258666
2019-02-09 01:57:00,0.17617807650589157
2019-02-09 02:00:00,0.05970548275740839
2019-02-09 02:03:00,0.10005153460747351
2019-02-09 02:06:00,0.03936646896283946
2019-02-09 02:09:00,0.06937501204936325
2019-02-09 02:12:00,0.1942154983841533
2019-02-09 02:15:00,0.1800818577943346
2019-02-09 02:18:00,0.19793466236791346
2019-02-09 02:21:00,0.16064030559505227
2019-02-09 02:24:00,0.14982100131567222
2019-02-09 02:27:00,0.14675460478866853
2019-02-09 02:30:00,0.14005501412844978
2019-02-09 02:33:00,0.1654392434561487
2019-02-09 02:36:00,0.2309137346431953
2019-02-09 02:39:00,0.1859485688936502
2019-02-09 02:42:00,0.19157376520837488
2019-02-09 02:45:00,0.2316018853418882
2019-02-09 02:48:00,0.18874068362714524
2019-02-09 02:51:00,0.2960102992408338
2019-02-09 02:54:00,0.2510426932259975
2019-02-09 02:57:00,0.24817476025128826
2019-02-09 03:00:00,0.2589950343473788
2019-02-09 03:03:00,0.28881550418770985
2019-02-09 03:06:00,0.30511537062415073
2019-02-09 03:09:00,0.14362130757308478
2019-02-09 03:12:00,0.3049234635191169
2019-02-09 03:15:00,0.22588953371206344
2019-02-09 03:18:00,0.3355459974991959
2019-02-09 03:21:00,0.2411887308845735
2019-02-09 03:24:00,0.31031094647738655
2019-02-09 03:27:00,0.28144573744765466
2019-02-09 03:30:00,0.32090211089240483
2019-02-09 03:33:00,0.24482758985186592
2019-02-09 03:36:00,0.2682751291348495
2019-02-09 03:39:00,0.3787126715980662
2019-02-09 03:42:00,0.33780799507144366
2019-02-09 03:45:00,0.4017303937232555
2019-02-09 03:48:00,0.374034530058168
2019-02-09 03:51:00,0.34697169396861227
2019-02-09 03:54:00,0.3075587916232507
2019-02-09 03:57:00,0.2640865816297264
2019-02-09 04:00:00,0.2524805992092638
2019-02-09 04:03:00,0.37082296745910526
2019-02-09 04:06:00,0.33368823224162725
2019-02-09 04:09:00,0.3387797398621615
2019-02-09 04:12:00,0.3134333885644196
2019-02-09 04:15:00,0.27440710360167486
2019-02-09 04:18:00,0.2496452764494279
2019-02-09 04:21:00,0.31683950679229156
2019-02-09 04:24:00,0.3699834222286995
2019-02-09 04:27:00,0.26261056549321893
2019-02-09 04:30:00,0.3002531424667154
2019-02-09 04:33:00,0.32019947600161913
2019-02-09 04:36:00,0.3330832810564175
2019-02-09 04:39:00,0.32698227113814937
2019-02-09 04:42:00,0.34215006903804124
2019-02-09 04:45:00,0.20006636662049004
2019-02-09 04:48:00,0.3756249453907117
2019-02-09 04:51:00,0.2911271735013088
2019-02-09 04:54:00,0.3220684906241331
2019-02-09 04:57:00,0.2870325503050708
2019-02-09 05:00:00,0.3776519912130425
2019-02-09 05:03:00,0.25069042801942487
2019-02-09 05:06:00,0.2988682736292958
2019-02-09 05:09:00,0.2922738105531266
2019-02-09 05:12:00,0.3031582032290885
2019-02-09 05:15:00,0.3805788989031953
2019-02-09 05:18:00,0.4276606300405774
2019-02-09 05:21:00,0.3525326924064416
2019-02-09 05:24:00,0.29661459079522956
2019-02-09 05:27:00,0.3007470396055396
2019-02-09 05:30:00,0.242051263843166
2019-02-09 05:33:00,0.18117119587998332
2019-02-09 05:36:00,0.2285238640050693
2019-02-09 05:39:00,0.2713712119862066
2019-02-09 05:42:00,0.27168826802801505
2019-02-09 05:45:00,0.20677427868116638
2019-02-09 05:48:00,0.22153174255538488
2019-02-09 05:51:00,0.2898487336416906
2019-02-09 05:54:00,0.3096385204294734
2019-02-09 05:57:00,0.2707013733988788
2019-02-09 06:00:00,0.23042392769872322
2019-02-09 06:03:00,0.2730926061333321
2019-02-09 06:06:00,0.28457206517458644
2019-02-09 06:09:00,0.28516903510546854
2019-02-09 06:12:00,0.27843464296313414
2019-02-09 06:15:00,0.2640649464817102
2019-02-09 06:18:00,0.2737643954216651
2019-02-09 06:21:00,0.3014783209779921
2019-02-09 06:24:00,0.25894679085666894
2019-02-09 06:27:00,0.26448297703632306
2019-02-09 06:30:00,0.25977929900500385
2019-02-09 06:33:00,0.2314307635747923
2019-02-09 06:36:00,0.2554991120275645
2019-02-09 06:39:00,0.1882832116955342
2019-02-09 06:42:00,0.21929499962658383
2019-02-09 06:45:00,0.25488892864450463
2019-02-09 06:48:00,0.2577818349329277
2019-02-09 06:51:00,0.308770390050654
2019-02-09 06:54:00,0.2506944317870534
2019-02-09 06:57:00,0.20162231167228128
2019-02-09 07:00:00,0.31042739078952764
2019-02-09 07:03:00,0.15720838464528697
2019-02-09 07:06:00,0.29211033461461966
2019-02-09 07:09:00,0.2261551824306025
2019-02-09 07:12:00,0.18127799241852927
2019-02-09 07:15:00,0.21317340148510766
2019-02-09 07:18:00,0.30119689271646166
2019-02-09 07:21:00,0.17572007374184295
2019-02-09 07:24:00,0.28148137769926507
2019-02-09 07:27:00,0.25887586191367973
2019-02-09 07:30:00,0.27044689324867477
2019-02-09 07:33:00,0.28023056034584215
2019-02-09 07:36:00,0.18229223366671476
2019-02-09 07:39:00,0.29345120841998096
2019-02-09 07:42:00,0.24807935311059737
2019-02-09 07:45:00,0.2084862532170746
2019-02-09 07:48:00,0.22023463853452085
2019-02-09 07:51:00,0.2869466942363488
2019-02-09 07:54:00,0.25824430145468114
2019-02-09 07:57:00,0.27810625008709167
2019-02-09 08:00:00,0.24094856184478886
2019-02-09 08:03:00,0.2543037698862918
2019-02-09 08:06:00,0.23151515309632487
2019-02-09 08:09:00,0.24643957156098395
2019-02-09 08:12:00,0.15496272035079528
2019-02-09 08:15:00,0.20708122407131668
2019-02-09 08:18:00,0.19949172715496388
2019-02-09 08:21:00,0.3182300017206785
2019-02-09 08:24:00,0.23781803240859745
2019-02-09 08:27:00,0.2949688751997428
2019-02-09 08:30:00,0.24448957324636922
2019-02-09 08:33:00,0.23589612393834614
2019-02-09 08:36:00,0.30026375470430366
2019-02-09 08:39:00,0.2499276354436688
2019-02-09 08:42:00,0.2495158381601641
2019-02-09 08:45:00,0.2853718510434078
2019-02-09 08:48:00,0.2324471812792126
2019-02-09 08:51:00,0.22297932180276803
2019-02-09 08:54:00,0.27605827014207307
2019-02-09 08:57:00,0.17517298779040402
2019-02-09 09:00:00,0.17952030609444591
2019-02-09 09:03:00,0.2940787810017582
2019-02-09 09:06:00,0.2862541548316244
2019-02-09 09:09:00,0.2553761010467497
2019-02-09 09:12:00,0.3158282525285472
2019-02-09 09:15:00,0.11394559591127518
2019-02-09 09:18:00,0.2685235559108037
2019-02-09 09:21:00,0.23400985238430394
2019-02-09 09:24:00,0.20276003287034428
2019-02-09 09:27:00,0.19493648340835534
2019-02-09 09:30:00,0.25528941542552275
2019-02-09 09:33:00,0.2596097482346522
2019-02-09 09:36:00,0.23025095704582554
2019-02-09 09:39:00,0.19727481371376143
2019-02-09 09:42:00,0.2063142813350396
2019-02-09 09:45:00,0.24821609630197372
2019-02-09 09:48:00,0.18611898479758793
2019-02-09 09:51:00,0.19855248116135726
2019-02-09 09:54:00,0.11256247278993214
2019-02-09 09:57:00,0.20069109834560095
2019-02-09 10:00:00,0.2883076547578298
2019-02-09 10:03:00,0.17675459771481883
2019-02-09 10:06:00,0.2202839547172175
2019-02-09 10:09:00,0.10155924885913237
2019-02-09 10:12:00,0.26089982586853466
2019-02-09 10:15:00,0.19221988584723704
2019-02-09 10:18:00,0.19364522696537279
2019-02-09 10:21:00,0.1077381926710359
2019-02-09 10:24:00,0.28128748542434323
2019-02-09 10:27:00,0.1611850944381672
2019-02-09 10:30:00,0.07315848197526975
2019-02-09 10:33:00,0.07428681359380107
2019-02-09 10:36:00,0.13007217239032798
2019-02-09 10:39:00,0.1553977311847916
2019-02-09 10:42:00,0.2302573716955294
2019-02-09 10:45:00,0.21812667987006762
2019-02-09 10:48:00,0.1329891019577758
2019-02-09 10:51:00,0.08794277870322276
2019-02-09 10:54:00,0.07150803270650385
2019-02-09 10:57:00,0.10537927850339202
2019-02-09 11:00:00,0.17439090560145587
2019-02-09 11:03:00,0.0832530367043205
2019-02-09 11:06:00,0.0923993163556247
2019-02-09 11:09:00,0.08619253614256195
2019-02-09 11:12:00,0.12498540146629011
2019-02-09 11:15:00,0.066367265669669
2019-02-09 11:18:00,0.0645596286223622
2019-02-09 11:21:00,0.06743340920559149
2019-02-09 11:24:00,0.08298396778758388
2019-02-09 11:27:00,-0.016165168260272367
2019-02-09 11:30:00,0.03303810062016055
2019-02-09 11:33:00,0.005489375968807053
2019-02-09 11:36:00,-0.07637300024276783
2019-02-09 11:39:00,-0.047092869410732874
2019-02-09 11:42:00,-0.012972152331315101
2019-02-09 11:45:00,-0.01053097058934327
2019-02-09 11:48:00,-0.004324427352912608
2019-02-09 11:51:00,-0.007100516131231416
2019-02-09 11:54:00,-0.14932504904226107
2019-02-09 11:57:00,-0.0031412014509442088
2019-02-09 12:00:00,-0.10121365948452876
2019-02-09 12:03:00,-0.05393508628043264
2019-02-09 12:06:00,-0.009302266128997871
2019-02-09 12:09:00,-0.13525658392205742
2019-02-09 12:12:00,-0.08189878037319431
2019-02-09 12:15:00,-0.037306834078606244
2019-02-09 12:18:00,-0.07758184717368977
2019-02-09 12:21:00,-0.04411591933779846
2019-02-09 12:24:00,-0.06410485067419813
2019-02-09 12:27:00,-0.09052348950115174
2019-02-09 12:30:00,-0.12458250190093167
2019-02-09 12:33:00,-0.034982233453263234
2019-02-09 12:36:00,-0.038477715212764
2019-02-09 12:39:00,-0.09607775385018158
2019-02-09 12:42:00,-0.14493041024394415
2019-02-09 12:45:00,-0.10986953571006097
2019-02-09 12:48:00,-0.10328629141599777
2019-02-09 12:51:00,-0.15237318526874333
2019-02-09 12:54:00,-0.1717172307582473
2019-02-09 12:57:00,-0.1537400268281317
2019-02-09 13:00:00,-0.22371603959970798
2019-02-09 13:03:00,-0.20566272923502993
2019-02-09 13:06:00,-0.09345729655728974
2019-02-09 13:09:00,-0.1836679290404959
2019-02-09 13:12:00,-0.2072242667746309
2019-02-09 13:15:00,-0.20895535693762213
2019-02-09 13:18:00,-0.13568500768963077
2019-02-09 13:21:00,-0.10173090250907535
2019-02-09 13:24:00,-0.1982391965745478
2019-02-09 13:27:00,-0.08740937012606764
2019-02-09 13:30:00,-0.14152271438973685
2019-02-09 13:33:00,-0.16420418059624353
2019-02-09 13:36:00,-0.12451942479566469
2019-02-09 13:39:00,-0.2735966928739231
2019-02-09 13:42:00,-0.12071987567634324
2019-02-09 13:45:00,-0.17044835413810233
2019-02-09 13:48:00,-0.1981445449093826
2019-02-09 13:51:00,-0.18498736827604034
2019-02-09 13:54:00,-0.17850083678104056
2019-02-09 13:57:00,-0.20604976780992956
2019-02-09 14:00:00,-0.1652345769779231
2019-02-09 14:03:00,-0.15396884625153007
2019-02-09 14:06:00,-0.22488346691375227
2019-02-09 14:09:00,-0.24422637885567156
2019-02-09 14:12:00,-0.08779325980907515
2019-02-09 14:15:00,-0.15581663067939644
2019-02-09 14:18:00,-0.22560130901865705
2019-02-09 14:21:00,-0.1666698314476207
2019-02-09 14:24:00,-0.12360586174855825
2019-02-09 14:27:00,-0.1728397107937667
2019-02-09 14:30:00,-0.1499594695941937
2019-02-09 14:33:00,-0.1323001024346695
2019-02-09 14:36:00,-0.13855492950784765
2019-02-09 14:39:00,-0.139873866010646
2019-02-09 14:42:00,-0.19400681903749728
2019-02-09 14:45:00,-0.14348234743124522
2019-02-09 14:48:00,-0.12413575172166702
2019-02-09 14:51:00,-0.20925518424633083
2019-02-09 14:54:00,-0.1398699987169607
2019-02-09 14:57:00,-0.16985226350743687
2019-02-09 15:00:00,-0.2201626832948591
2019-02-09 15:03:00,-0.3259996707599271
2019-02-09 15:06:00,-0.15759477238867703
2019-02-09 15:09:00,-0.260290073045951
2019-02-09 15:12:00,-0.17441292869966674
2019-02-09 15:15:00,-0.14986757004754736
2019-02-09 15:18:00,-0.21803869695759204
2019-02-09 15:21:00,-0.13734296835622217
2019-02-09 15:24:00,-0.12449737983411069
2019-02-09 15:27:00,-0.13578477448169224
2019-02-09 15:30:00,-0.20325962768856698
2019-02-09 15:33:00,-0.21855961867407814
2019-02-09 15:36:00,-0.255608127838002
2019-02-09 15:39:00,-0.18049067577982214
2019-02-09 15:42:00,-0.21204342682233346
2019-02-09 15:45:00,-0.20945047980046638
2019-02-09 15:48:00,-0.2897121514061496
2019-02-09 15:51:00,-0.3145957954553751
2019-02-09 15:54:00,-0.20846509809592817
2019-02-09 15:57:00,-0.266827183652822
2019-02-09 16:00:00,-0.20109028044697652
2019-02-09 16:03:00,-0.2770583937547144
2019-02-09 16:06:00,-0.29314205118208747
2019-02-09 16:09:00,-0.17090420970595233
2019-02-09 16:12:00,-0.3216983420738302
2019-02-09 16:15:00,-0.22269533260219987
2019-02-09 16:18:00,-0.14691117644616725
2019-02-09 16:21:00,-0.2885152316820836
2019-02-09 16:24:00,-0.20661651193694297
2019-02-09 16:27:00,-0.10414293108732409
2019-02-09 16:30:00,-0.1666298514366531
2019-02-09 16:33:00,-0.12162892719254614
2019-02-09 16:36:00,-0.26441946602722055
2019-02-09 16:39:00,-0.22449442787365115
2019-02-09 16:42:00,-0.18282116389877956
2019-02-09 16:45:00,-0.1865951598833817
2019-02-09 16:48:00,-0.23197019280314635
2019-02-09 16:51:00,-0.09541729297842494
2019-02-09 16:54:00,-0.1588421549753889
2019-02-09 16:57:00,-0.14518882042654013
2019-02-09 17:00:00,-0.14430852645608638
2019-02-09 17:03:00,-0.14692943374717515
2019-02-09 17:06:00,-0.12022729863184622
2019-02-09 17:09:00,-0.2020827964205978
2019-02-09 17:12:00,-0.11226238095366625
2019-02-09 17:15:00,-0.12803192714648048
2019-02-09 17:18:00,-0.17732712706191478
2019-02-09 17:21:00,-0.13479272263151643
2019-02-09 17:24:00,-0.16201633875175503
2019-02-09 17:27:00,-0.12632686043110652
2019-02-09 17:30:00,-0.21872036137898476
2019-02-09 17:33:00,-0.2489446969411233
2019-02-09 17:36:00,-0.15808901129020114
2019-02-09 17:39:00,-0.1272769450143869
2019-02-09 17:42:00,-0.099392842528232
2019-02-09 17:45:00,-0.07440166445536534
2019-02-09 17:48:00,-0.14580649955280478
2019-02-09 17:51:00,-0.13862772216594976
2019-02-09 17:54:00,-0.11937948978516033
2019-02-09 17:57:00,-0.07361486517214644
2019-02-09 18:00:00,-0.0773228302692246
2019-02-09 18:03:00,-0.07615951402073051
2019-02-09 18:06:00,-0.11121550458545926
2019-02-09 18:09:00,-0.051379424731351264
2019-02-09 18:12:00,-0.0406813778841979
2019-02-09 18:15:00,-0.028205287512207633
2019-02-09 18:18:00,-0.015963159256671133
2019-02-09 18:21:00,-0.03500926080494082
2019-02-09 18:24:00,-0.05937758397038806
2019-02-09 18:27:00,-0.05835740052577876
2019-02-09 18:30:00,-0.033821218345224224
2019-02-09 18:33:00,-0.13809017658564926
2019-02-09 18:36:00,-0.03541254189724441
2019-02-09 18:39:00,-0.06380539589321188
2019-02-09 18:42:00,-0.05895316673087336
2019-02-09 18:45:00,-0.1193373240183746
2019-02-09 18:48:00,-0.05718281010200599
2019-02-09 18:51:00,-0.00441137992510221
2019-02-09 18:54:00,
2019-02-09 18:57:00,
2019-02-09 19:00:00,
2019-02-09 19:03:00,-0.07713227561822578
2019-02-09 19:06:00,-0.008382478142607397
2019-02-09 19:09:00,-0.04940889308295482
2019-02-09 19:12:00,-0.09355080052893072
2019-02-09 19:15:00,-0.10054670806209742
2019-02-09 19:18:00,-0.08742451758007519
2019-02-09 19:21:00,-0.02722494229874428
2019-02-09 19:24:00,-0.011870983107883148
2019-02-09 19:27:00,-0.021174622624926087
2019-02-09 19:30:00,0.08529609140816774
2019-02-09 19:33:00,0.024299355960579305
2019-02-09 19:36:00,0.02704703677903808
2019-02-09 19:39:00,0.06147251991814073
2019-02-09 19:42:00,0.060312642989742926
2019-02-09 19:45:00,-0.021022467569082437
2019-02-09 19:48:00,0.05716026342264513
2019-02-09 19:51:00,0.15004075935871697
2019-02-09 19:54:00,0.022846427532442704
2019-02-09 19:57:00,0.04985916040146776
2019-02-09 20:00:00,0.06706811994433792
2019-02-09 20:03:00,0.008910335050245521
2019-02-09 20:06:00,0.14857786650713933
2019-02-09 20:09:00,0.12124998282308752
2019-02-09 20:12:00,0.024311065147571753
2019-02-09 20:15:00,-0.023851898547434303
2019-02-09 20:18:00,0.018721052792727733
2019-02-09 20:21:00,0.0699935536286489
2019-02-09 20:24:00,0.0099345130928441
2019-02-09 20:27:00,0.024494393285692695
2019-02-09 20:30:00,-0.012110652990884319
2019-02-09 20:33:00,0.0013383184108306523
2019-02-09 20:36:00,0.03225569203272016
2019-02-09 20:39:00,0.024777868582248175
2019-02-09 20:42:00,0.0518852464193742
2019-02-09 20:45:00,0.16509673274975967
2019-02-09 20:48:00,0.026914774803401542
2019-02-09 20:51:00,0.1004579212998351
2019-02-09 20:54:00,0.07917791621707693
2019-02-09 20:57:00,0.16192880674839216
2019-02-09 21:00:00,0.1495651011754262
2019-02-09 21:03:00,0.12110439715451093
2019-02-09 21:06:00,0.08488608305140133
2019-02-09 21:09:00,0.05872548149471868
2019-02-09 21:12:00,0.08480414840090589
2019-02-09 21:15:00,-0.01747660060607359
2019-02-09 21:18:00,-0.027712921877366625
2019-02-09 21:21:00,0.17564259424307238
2019-02-09 21:24:00,-0.024821110717596184
2019-02-09 21:27:00,0.019012295932100187
2019-02-09 21:30:00,0.09724516904572056
2019-02-09 21:33:00,0.1196327635549892
2019-02-09 21:36:00,0.16517321925647366
2019-02-09 21:39:00,0.2180928254044261
2019-02-09 21:42:00,0.11216494416277101
2019-02-09 21:45:00,0.13988766758336624
2019-02-09 21:48:00,0.09741836309558494
2019-02-09 21:51:00,0.10783668693647996
2019-02-09 21:54:00,0.0990467015274703
2019-02-09 21:57:00,0.060046394667210734
2019-02-09 22:00:00,0.12776824892421246
2019-02-09 22:03:00,0.10731638968496782
2019-02-09 22:06:00,0.11880064916488209
2019-02-09 22:09:00,0.17184707828727142
2019-02-09 22:12:00,0.12678544635264188
2019-02-09 22:15:00,0.19724251126359604
2019-02-09 22:18:00,0.21369926146110174
2019-02-09 22:21:00,0.0982208473008086
2019-02-09 22:24:00,0.08510299512141728
2019-02-09 22:27:00,0.17486004679579992
2019-02-09 22:30:00,0.128756128516045
2019-02-09 22:33:00,0.14235973535562607
2019-02-09 22:36:00,0.16209962252884225
2019-02-09 22:39:00,0.09561637555998459
2019-02-09 22:42:00,0.08592948389974708
2019-02-09 22:45:00,0.15532574403135868
2019-02-09 22:48:00,0.2122899707571264
2019-02-09 22:51:00,0.22886674666114004
2019-02-09 22:54:00,0.18169487240902527
2019-02-09 22:57:00,0.1970075981938635
2019-02-09 23:00:00,0.1299908778006511
2019-02-09 23:03:00,0.04831526084444704
2019-02-09 23:06:00,0.04768065244144282
2019-02-09 23:09:00,0.1570894911153573
2019-02-09 23:12:00,0.1476124501149343
2019-02-09 23:15:00,0.256479304868094
2019-02-09 23:18:00,0.0792002263092968
2019-02-09 23:21:00,0.1589600387666792
2019-02-09 23:24:00,0.1988524852276896
2019-02-09 23:27:00,0.12778798313905781
2019-02-09 23:30:00,0.21981938629710385
2019-02-09 23:33:00,0.22048881404020904
2019-02-09 23:36:00,0.11845336546826957
2019-02-09 23:39:00,0.18664560809838804
2019-02-09 23:42:00,0.26332894902867565
2019-02-09 23:45:00,0.20998708288647094
2019-02-09 23:48:00,0.22018627067637908
2019-02-09 23:51:00,0.24899378247823734
2019-02-09 23:54:00,0.24981652262670195
2019-02-09 23:57:00,0.19145275112981608
2019-02-10 00:00:00,0.21825748898572783
2019-02-10 00:03:00,0.2562502944379048
2019-02-10 00:06:00,0.2822465473777811
2019-02-10 00:09:00,0.2944905983812305
2019-02-10 00:12:00,0.32617626592019633
2019-02-10 00:15:00,0.3780770004784699
2019-02-10 00:18:00,0.32002094089443744
2019-02-10 00:21:00,0.3175586431927968
2019-02-10 00:24:00,0.2951342359923501
2019-02-10 00:27:00,0.2817053951220032
2019-02-10 00:30:00,0.3272776334170544
2019-02-10 00:33:00,0.33302937426390145
2019-02-10 00:36:00,0.3699595516322347
2019-02-10 00:39:00,0.3319172138445765
2019-02-10 00:42:00,0.2815414245479815
2019-02-10 00:45:00,0.2157752769847434
2019-02-10 00:48:00,0.21606517610644005
2019-02-10 00:51:00,0.24474552794674764
2019-02-10 00:54:00,0.25726721327362156
2019-02-10 00:57:00,0.2362066427979812
2019-02-10 01:00:00,0.28848627225914925
2019-02-10 01:03:00,0.22254329104850967
2019-02-10 01:06:00,0.2390213561575365
2019-02-10 01:09:00,0.28206418920001397
2019-02-10 01:12:00,0.21632250410556253
2019-02-10 01:15:00,0.32254500682302023
2019-02-10 01:18:00,0.20309719474641952
2019-02-10 01:21:00,0.23801365928693485
2019-02-10 01:24:00,0.21401837885906616
2019-02-10 01:27:00,0.34002900702284933
2019-02-10 01:30:00,0.23135080562843768
2019-02-10 01:33:00,0.2303334230561518
2019-02-10 01:36:00,0.18147326924093932
2019-02-10 01:39:00,0.23293664949659387
2019-02-10 01:42:00,0.28101169420313
2019-02-10 01:45:00,0.2860484437313744
2019-02-10 01:48:00,0.29591929216610424
2019-02-10 01:51:00,0.34148627408654875
2019-02-10 01:54:00,0.2177110920101768
2019-02-10 01:57:00,0.23107225544384846
2019-02-10 02:00:00,0.27737938680053276
2019-02-10 02:03:00,0.186341458559923
2019-02-10 02:06:00,0.23921019351246287
2019-02-10 02:09:00,0.3097072060257915
2019-02-10 02:12:00,0.28357019912789383
2019-02-10 02:15:00,0.2979498996726875
2019-02-10 02:18:00,0.24660948420910245
2019-02-10 02:21:00,0.3246629974712505
2019-02-10 02:24:00,0.33757854075071236
2019-02-10 02:27:00,0.3131537516812841
2019-02-10 02:30:00,0.262428512727638
2019-02-10 02:33:00,0.28435964784387124
2019-02-10 02:36:00,0.22433784058972606
2019-02-10 02:39:00,0.2119024490201582
2019-02-10 02:42:00,0.38315690036114347
2019-02-10 02:45:00,0.3582329322561577
2019-02-10 02:48:00,0.3086238785601836
2019-02-10 02:51:00,0.27736876099248775
2019-02-10 02:54:00,0.3387634845373668
2019-02-10 02:57:00,0.2880731203583764
2019-02-10 03:00:00,0.3100114639997855
2019-02-10 03:03:00,0.27584775837812003
2019-02-10 03:06:00,0.30123856101704405
2019-02-10 03:09:00,0.3637985073864911
2019-02-10 03:12:00,0.24197695378768458
2019-02-10 03:15:00,0.28320994211674133
2019-02-10 03:18:00,0.25101611762625
2019-02-10 03:21:00,0.3120294298337285
2019-02-10 03:24:00,0.28665141038038655
2019-02-10 03:27:00,0.2948265552496423
2019-02-10 03:30:00,0.268187230640649
2019-02-10 03:33:00,0.2713204867342256
2019-02-10 03:36:00,0.30799829670985446
2019-02-10 03:39:00,0.34518049081560775
2019-02-10 03:42:00,0.32288036256124997
2019-02-10 03:45:00,0.32863641055604376
2019-02-10 03:48:00,0.32256404629492863
2019-02-10 03:51:00,0.33356439624179757
2019-02-10 03:54:00,0.38285154796903953
2019-02-10 03:57:00,0.448124670282084
2019-02-10 04:00:00,0.3462723450709291
2019-02-10 04:03:00,0.32600938082924813
2019-02-10 04:06:00,0.45561440181518265
2019-02-10 04:09:00,0.32896152542309665
2019-02-10 04:12:00,0.23411043527016773
2019-02-10 04:15:00,0.2826726913856987
2019-02-10 04:18:00,0.3069198177855128
2019-02-10 04:21:00,0.25912339603939927
2019-02-10 04:24:00,0.14042382067543713
2019-02-10 04:27:00,0.35627538573459105
2019-02-10 04:30:00,0.3057800393498269
2019-02-10 04:33:00,0.27251574250936983
2019-02-10 04:36:00,0.2902906260764553
2019-02-10 04:39:00,0.2814151884298326
2019-02-10 04:42:00,0.2652592450166935
2019-02-10 04:45:00,0.2524282375682674
2019-02-10 04:48:00,0.19952109943670848
2019-02-10 04:51:00,0.19820709263291292
2019-02-10 04:54:00,0.19921335617766545
2019-02-10 04:57:00,0.3674624720790689
2019-02-10 05:00:00,0.3402617965571153
2019-02-10 05:03:00,0.31270664273415605
2019-02-10 05:06:00,0.19775309981798728
2019-02-10 05:09:00,0.3761032295192308
2019-02-10 05:12:00,0.2809441593984161
2019-02-10 05:15:00,0.30011581367796225
2019-02-10 05:18:00,0.2229823832051352
2019-02-10 05:21:00,0.2732607311282891
2019-02-10 05:24:00,0.17999453379098895
2019-02-10 05:27:00,0.2080264067109283
2019-02-10 05:30:00,0.2913529420212626
2019-02-10 05:33:00,0.31487693445842524
2019-02-10 05:36:00,0.24676815515550743
2019-02-10 05:39:00,0.3097432582619035
2019-02-10 05:42:00,0.27323118355485576
2019-02-10 05:45:00,0.2538131429546979
2019-02-10 05:48:00,0.2655589537732794
2019-02-10 05:51:00,0.2685098442414642
2019-02-10 05:54:00,0.3111261151014446
2019-02-10 05:57:00,0.2807645626182875
2019-02-10 06:00:00,0.2658215300359643
2019-02-10 06:03:00,0.2700213327540837
2019-02-10 06:06:00,0.25467447437762303
2019-02-10 06:09:00,0.21749851124531006
2019-02-10 06:12:00,0.29693298927145406
2019-02-10 06:15:00,0.3103462628207012
2019-02-10 06:18:00,0.1955545618837391
2019-02-10 06:21:00,0.36724196479036664
2019-02-10 06:24:00,0.31877985016694765
2019-02-10 06:27:00,0.3057711461899544
2019-02-10 06:30:00,0.29525115604354824
2019-02-10 06:33:00,0.3316122048969419
2019-02-10 06:36:00,0.35760656942284186
2019-02-10 06:39:00,0.3554055048601299
2019-02-10 06:42:00,0.3461046677181798
2019-02-10 06:45:00,0.323445971637625
2019-02-10 06:48:00,0.32625212589067587
2019-02-10 06:51:00,0.3045788499865125
2019-02-10 06:54:00,0.2559193177677912
2019-02-10 06:57:00,0.25158050661593734
2019-02-10 07:00:00,0.2525174964903272
2019-02-10 07:03:00,0.3364807422985905
2019-02-10 07:06:00,0.20671153706609857
2019-02-10 07:09:00,0.19532386831753001
2019-02-10 07:12:00,0.2726360149727043
2019-02-10 07:15:00,0.33698974662297587
2019-02-10 07:18:00,0.31881551970116107
2019-02-10 07:21:00,0.3152249675301846
2019-02-10 07:24:00,0.2769545504322082
2019-02-10 07:27:00,0.37887321260649287
2019-02-10 07:30:00,0.367459348779164
2019-02-10 07:33:00,0.21250196744222194
2019-02-10 07:36:00,0.30222553576157907
2019-02-10 07:39:00,0.3275822506078043
2019-02-10 07:42:00,0.3000601351061505
2019-02-10 07:45:00,0.3700045590200034
2019-02-10 07:48:00,0.36282807608051826
2019-02-10 07:51:00,0.3377061499681986
2019-02-10 07:54:00,0.3324809548793155
2019-02-10 07:57:00,0.362355084149101
2019-02-10 08:00:00,0.2308733287526934
2019-02-10 08:03:00,0.3386836724906743
2019-02-10 08:06:00,0.42547774966038787
2019-02-10 08:09:00,0.32753881149574227
2019-02-10 08:12:00,0.36246566797717605
2019-02-10 08:15:00,0.38545478524997634
2019-02-10 08:18:00,0.4346982506893369
2019-02-10 08:21:00,0.3391477291519891
2019-02-10 08:24:00,0.3569939355316478
2019-02-10 08:27:00,0.31672924667196867
2019-02-10 08:30:00,0.31050733503195715
2019-02-10 08:33:00,0.31546972310184174
2019-02-10 08:36:00,0.2935279833311597
2019-02-10 08:39:00,0.32314993601499964
2019-02-10 08:42:00,0.3186807000756744
2019-02-10 08:45:00,0.2953526257086878
2019-02-10 08:48:00,0.3655734277371039
2019-02-10 08:51:00,0.2787364213677961
2019-02-10 08:54:00,0.3406712533243308
2019-02-10 08:57:00,0.37247325551390986
2019-02-10 09:00:00,0.35441115861146955
2019-02-10 09:03:00,0.2424095370432724
2019-02-10 09:06:00,0.2917273892192611
2019-02-10 09:09:00,0.33195420872812065
2019-02-10 09:12:00,0.2927333494351956
2019-02-10 09:15:00,0.2780821197951582
2019-02-10 09:18:00,0.1999556315074642
2019-02-10 09:21:00,0.226787345968944
2019-02-10 09:24:00,0.2645730240457169
2019-02-10 09:27:00,0.14738465115880217
2019-02-10 09:30:00,0.15662849814026458
2019-02-10 09:33:00,0.15178330394769546
2019-02-10 09:36:00,0.2698668723369906
2019-02-10 09:39:00,0.20337556112014
2019-02-10 09:42:00,0.15068867930420993
2019-02-10 09:45:00,0.18887406794158323
2019-02-10 09:48:00,0.2452675786498162
2019-02-10 09:51:00,0.22771258711105702
2019-02-10 09:54:00,0.26089636743688516
2019-02-10 09:57:00,0.25741987817622203
2019-02-10 10:00:00,0.15819062676797557
2019-02-10 10:03:00,0.2367052204239144
2019-02-10 10:06:00,0.20638804519740006
2019-02-10 10:09:00,0.23940457408514249
2019-02-10 10:12:00,0.16479774029977534
2019-02-10 10:15:00,0.14641649645392363
2019-02-10 10:18:00,0.18539915929295603
2019-02-10 10:21:00,0.18073198242700528
2019-02-10 10:24:00,0.15832101223833206
2019-02-10 10:27:00,0.16254153717989084
2019-02-10 10:30:00,0.21554501447320717
2019-02-10 10:33:00,0.1329226246822941
2019-02-10 10:36:00,0.1697459006562667
2019-02-10 10:39:00,0.157310189356906
2019-02-10 10:42:00,0.10594499138738911
2019-02-10 10:45:00,0.02836662190992456
2019-02-10 10:48:00,0.004722448321615502
2019-02-10 10:51:00,0.005848931785124023
2019-02-10 10:54:00,0.12833283819009011
2019-02-10 10:57:00,0.08067420118578639
2019-02-10 11:00:00,0.09045548993526609
2019-02-10 11:03:00,0.04545229340357082
2019-02-10 11:06:00,0.13912962840663567
2019-02-10 11:09:00,0.059946412139254335
2019-02-10 11:12:00,0.1208187013579618
2019-02-10 11:15:00,0.08957745456598332
2019-02-10 11:18:00,0.16200118093684068
2019-02-10 11:21:00,0.21558135370889886
2019-02-10 11:24:00,0.17918050464027147
2019-02-10 11:27:00,0.08219017816765017
2019-02-10 11:30:00,0.13486507846636187
2019-02-10 11:33:00,0.08484113883361033
2019-02-10 11:36:00,0.0464996744678956
2019-02-10 11:39:00,0.1128402835119573
2019-02-10 11:42:00,0.01792788821637714
2019-02-10 11:45:00,-0.011422675760172751
2019-02-10 11:48:00,0.004844755720625926
2019-02-10 11:51:00,0.1184985794310478
2019-02-10 11:54:00,0.13439619147823123
2019-02-10 11:57:00,-0.03802033554222817
2019-02-10 12:00:00,-0.08581989331889872
2019-02-10 12:03:00,-0.03576719903708181
2019-02-10 12:06:00,-0.09918505870388117
2019-02-10 12:09:00,0.050922309661814324
2019-02-10 12:12:00,-0.06267255924001347
2019-02-10 12:15:00,-0.11345849573348232
2019-02-10 12:18:00,-0.1010265521130691
2019-02-10 12:21:00,-0.06207994924562854
2019-02-10 12:24:00,0.03331273031977844
2019-02-10 12:27:00,-0.03610595028686703
2019-02-10 12:30:00,0.03221108590304311
2019-02-10 12:33:00,-0.12423432828336445
2019-02-10 12:36:00,-0.009035193949330278
2019-02-10 12:39:00,0.012588339312287644
2019-02-10 12:42:00,-0.06600126282648944
2019-02-10 12:45:00,0.008835849207002866
2019-02-10 12:48:00,-0.04871620502206042
2019-02-10 12:51:00,-0.06497771104392314
2019-02-10 12:54:00,-0.08188921165196916
2019-02-10 12:57:00,-0.04658149142403545
2019-02-10 13:00:00,-0.04621646093369236
2019-02-10 13:03:00,-0.04112299665024466
2019-02-10 13:06:00,0.03843318812187135
2019-02-10 13:09:00,-0.09122955177861058
2019-02-10 13:12:00,0.055638514493182356
2019-02-10 13:15:00,-0.004853663311962464
2019-02-10 13:18:00,-0.09730108016674421
2019-02-10 13:21:00,-0.01193604048302177
2019-02-10 13:24:00,-0.2541583832470451
2019-02-10 13:27:00,-0.19484532538359645
2019-02-10 13:30:00,-0.24575645247273314
2019-02-10 13:33:00,-0.16219978787353284
2019-02-10 13:36:00,-0.24416536072078543
2019-02-10 13:39:00,-0.1873585255481771
2019-02-10 13:42:00,-0.1755458113016175
2019-02-10 13:45:00,-0.18036693431110962
2019-02-10 13:48:00,-0.12261402537427557
2019-02-10 13:51:00,-0.14440236194843692
2019-02-10 13:54:00,-0.235644754463749
2019-02-10 13:57:00,-0.12761855724505722
2019-02-10 14:00:00,-0.28626324885817667
2019-02-10 14:03:00,-0.1786803165997526
2019-02-10 14:06:00,-0.38680119868860174
2019-02-10 14:09:00,-0.27819884768024394
2019-02-10 14:12:00,-0.2507192025681775
2019-02-10 14:15:00,-0.2823554677278821
2019-02-10 14:18:00,-0.3606016931379372
2019-02-10 14:21:00,-0.3318081612118817
2019-02-10 14:24:00,-0.1800579862288032
2019-02-10 14:27:00,-0.12244410758478352
2019-02-10 14:30:00,-0.17328338415887856
2019-02-10 14:33:00,-0.20214536246783155
2019-02-10 14:36:00,-0.18202002622189184
2019-02-10 14:39:00,-0.12238174528079071
2019-02-10 14:42:00,-0.2691937850561317
2019-02-10 14:45:00,-0.27061827929077253
2019-02-10 14:48:00,-0.2826445151832786
2019-02-10 14:51:00,-0.30360305943270305
2019-02-10 14:54:00,-0.22282368520035334
2019-02-10 14:57:00,-0.2971745408685251
2019-02-10 15:00:00,-0.27777575122644294
2019-02-10 15:03:00,-0.25946805047112775
2019-02-10 15:06:00,-0.31301480879676546
2019-02-10 15:09:00,-0.27134609576933144
2019-02-10 15:12:00,-0.32686133286176755
2019-02-10 15:15:00,-0.31202903566105533
2019-02-10 15:18:00,-0.16621391894244653
2019-02-10 15:21:00,-0.13351429669666004
2019-02-10 15:24:00,0.019844428104022427
2019-02-10 15:27:00,0.04261129345167092
2019-02-10 15:30:00,-0.02860755154040362
2019-02-10 15:33:00,-0.09569575273070541
2019-02-10 15:36:00,-0.006898422351355293
2019-02-10 15:39:00,-0.18711800405918666
2019-02-10 15:42:00,-0.1473072016470951
2019-02-10 15:45:00,-0.1886444102296423
2019-02-10 15:48:00,-0.2184414290468908
2019-02-10 15:51:00,-0.2863368852906092
2019-02-10 15:54:00,-0.2789447206862974
2019-02-10 15:57:00,-0.28042189641024606
2019-02-10 16:00:00,-0.3909459614727666
2019-02-10 16:03:00,-0.3925087062723378
2019-02-10 16:06:00,-0.40755855912021843
2019-02-10 16:09:00,-0.3254802383650599
2019-02-10 16:12:00,-0.2645679204969724
2019-02-10 16:15:00,-0.28364650459536733
2019-02-10 16:18:00,-0.23824145628850601
2019-02-10 16:21:00,-0.2775620753985777
2019-02-10 16:24:00,-0.2696900792867041
2019-02-10 16:27:00,-0.265688242216811
2019-02-10 16:30:00,-0.4074370753155563
2019-02-10 16:33:00,-0.2932847315403819
2019-02-10 16:36:00,-0.3377265734617936
2019-02-10 16:39:00,-0.18266178179851522
2019-02-10 16:42:00,-0.2598454292661927
2019-02-10 16:45:00,-0.35352428391502144
2019-02-10 16:48:00,-0.30195466507223045
2019-02-10 16:51:00,-0.2626793207390392
2019-02-10 16:54:00,-0.25702512243066167
2019-02-10 16:57:00,-0.2489124575643018
2019-02-10 17:00:00,-0.2502571419848323
2019-02-10 17:03:00,-0.2622811283029023
2019-02-10 17:06:00,-0.24045369901426739
2019-02-10 17:09:00,-0.20619244507702206
2019-02-10 17:12:00,-0.2985377986930189
2019-02-10 17:15:00,-0.24320904354345885
2019-02-10 17:18:00,-0.2460150742017504
2019-02-10 17:21:00,-0.3535157038085117
2019-02-10 17:24:00,-0.24563431821326276
2019-02-10 17:27:00,-0.28449232271918845
2019-02-10 17:30:00,-0.24117459138381037
2019-02-10 17:33:00,-0.31260479521409934
2019-02-10 17:36:00,-0.2548403106389401
2019-02-10 17:39:00,-0.23640306024464053
2019-02-10 17:42:00,-0.19769086821236215
2019-02-10 17:45:00,-0.24897678410144408
2019-02-10 17:48:00,-0.1514067373628336
2019-02-10 17:51:00,-0.18153360556851794
2019-02-10 17:54:00,-0.19410534793917122
2019-02-10 17:57:00,-0.19801327920987433
2019-02-10 18:00:00,-0.22474117022380824
2019-02-10 18:03:00,-0.14282307708737108
2019-02-10 18:06:00,-0.19533538216580837
2019-02-10 18:09:00,-0.20178176985564278
2019-02-10 18:12:00,-0.10231578471331204
2019-02-10 18:15:00,-0.09041778699429415
2019-02-10 18:18:00,-0.13579624146649394
2019-02-10 18:21:00,-0.10404145706081636
2019-02-10 18:24:00,-0.10001156987084414
2019-02-10 18:27:00,-0.16013102671769275
2019-02-10 18:30:00,-0.1307471504067621
2019-02-10 18:33:00,-0.09369277130480214
2019-02-10 18:36:00,-0.09779056537144015
2019-02-10 18:39:00,-0.1517539461684123
2019-02-10 18:42:00,0.008851511006298551
2019-02-10 18:45:00,-0.06408649887134743
2019-02-10 18:48:00,-0.03851775230475596
2019-02-10 18:51:00,-0.08446968386061826
2019-02-10 18:54:00,-0.04980555941898501
2019-02-10 18:57:00,
2019-02-10 19:00:00,
2019-02-10 19:03:00,-0.053731006250473
2019-02-10 19:06:00,-0.12199392328693648
2019-02-10 19:09:00,-0.17159513523711212
2019-02-10 19:12:00,-0.07295313657203906
2019-02-10 19:15:00,0.008178197765289497
2019-02-10 19:18:00,-0.07326793317690772
2019-02-10 19:21:00,-0.00822419152166276
2019-02-10 19:24:00,-0.022606589568340496
2019-02-10 19:27:00,0.05445493897997267
2019-02-10 19:30:00,-0.07448085722046471
2019-02-10 19:33:00,-0.1288103385844579
2019-02-10 19:36:00,0.015920713134562448
2019-02-10 19:39:00,0.1100006716278017
2019-02-10 19:42:00,-0.06030485927317386
2019-02-10 19:45:00,-0.11646071006464354
2019-02-10 19:48:00,-0.0021694448310540793
2019-02-10 19:51:00,-0.027235497741060044
2019-02-10 19:54:00,0.023414332096024282
2019-02-10 19:57:00,-0.03285724588317862
2019-02-10 20:00:00,-0.10456808142936325
2019-02-10 20:03:00,-0.06083217782349948
2019-02-10 20:06:00,0.0671102161077215
2019-02-10 20:09:00,0.028118440962657587
2019-02-10 20:12:00,0.05954518235978412
2019-02-10 20:15:00,0.06245499605313398
2019-02-10 20:18:00,-0.03562678677508302
2019-02-10 20:21:00,-0.12399391308065333
2019-02-10 20:24:00,-0.10351341433249672
2019-02-10 20:27:00,0.011931911670956197
2019-02-10 20:30:00,0.0020550849733922405
2019-02-10 20:33:00,-0.015419108768355727
2019-02-10 20:36:00,0.05588314240776526
2019-02-10 20:39:00,-0.03639285211761489
2019-02-10 20:42:00,0.012972289974470641
2019-02-10 20:45:00,0.0011787663612494725
2019-02-10 20:48:00,-0.03418353922143069
2019-02-10 20:51:00,0.002518199716689651
2019-02-10 20:54:00,0.04152177502862742
2019-02-10 20:57:00,0.010767419052967853
2019-02-10 21:00:00,0.011803033786463857
2019-02-10 21:03:00,0.03198918745476931
2019-02-10 21:06:00,0.06687269577088273
2019-02-10 21:09:00,0.05412006999995356
2019-02-10 21:12:00,0.14201203755470715
2019-02-10 21:15:00,0.13754164252520695
2019-02-10 21:18:00,0.15382610887866122
2019-02-10 21:21:00,0.02158338203821586
2019-02-10 21:24:00,0.03669544578406203
2019-02-10 21:27:00,-0.0016828009132154875
2019-02-10 21:30:00,0.08367521439606662
2019-02-10 21:33:00,0.09411300253839272
2019-02-10 21:36:00,0.009541444479395977
2019-02-10 21:39:00,0.23058166143118797
2019-02-10 21:42:00,0.12295436446248686
2019-02-10 21:45:00,0.08742142298331146
2019-02-10 21:48:00,0.09057472609123352
2019-02-10 21:51:00,0.09088314696009547
2019-02-10 21:54:00,0.08965124767615862
2019-02-10 21:57:00,0.09243466467495409
2019-02-10 22:00:00,0.15206759239822532
2019-02-10 22:03:00,0.13042822327480508
2019-02-10 22:06:00,0.15649671141744648
2019-02-10 22:09:00,0.06254879233790689
2019-02-10 22:12:00,0.13405462787460465
2019-02-10 22:15:00,0.20416185805680698
2019-02-10 22:18:00,0.11984836615505401
2019-02-10 22:21:00,0.044464266227407734
2019-02-10 22:24:00,0.07404839215899983
2019-02-10 22:27:00,0.06264557461855702
2019-02-10 22:30:00,0.12903652835143475
2019-02-10 22:33:00,0.12115559263645537
2019-02-10 22:36:00,0.16605344249933296
2019-02-10 22:39:00,0.09055761435286058
2019-02-10 22:42:00,0.18444390212550843
2019-02-10 22:45:00,0.08718572847811856
2019-02-10 22:48:00,0.2578818545409831
2019-02-10 22:51:00,0.22143921989083992
2019-02-10 22:54:00,0.18385366947160264
2019-02-10 22:57:00,0.18677184157644433
2019-02-10 23:00:00,0.12701911034042723
2019-02-10 23:03:00,0.2416229960596752
2019-02-10 23:06:00,0.1824783925529232
2019-02-10 23:09:00,0.20470076038930074
2019-02-10 23:12:00,0.24856300876484738
2019-02-10 23:15:00,0.16435636081394023
2019-02-10 23:18:00,0.12747391553165244
2019-02-10 23:21:00,0.1732387787742482
2019-02-10 23:24:00,0.22361158570396356
2019-02-10 23:27:00,0.2229048389513082
2019-02-10 23:30:00,0.15173857635073773
2019-02-10 23:33:00,0.14357564550704183
2019-02-10 23:36:00,0.2093503528969336
2019-02-10 23:39:00,0.19472628284205484
2019-02-10 23:42:00,0.13745956519892388
2019-02-10 23:45:00,0.2393810721025602
2019-02-10 23:48:00,0.06258686354760812
2019-02-10 23:51:00,0.15403784753056016
2019-02-10 23:54:00,0.2564909435633922
2019-02-10 23:57:00,0.21501686071849235
2019-02-11 00:00:00,0.3188743063642505
2019-02-11 00:03:00,0.19287045499277156
2019-02-11 00:06:00,0.16048219977159306
2019-02-11 00:09:00,0.16536209815944858
2019-02-11 00:12:00,0.21191378987651888
2019-02-11 00:15:00,0.21296799153657275
2019-02-11 00:18:00,0.19076899491722088
2019-02-11 00:21:00,0.16082416216488582
2019-02-11 00:24:00,0.1808940347983139
2019-02-11 00:27:00,0.19136541468259338
2019-02-11 00:30:00,0.17995182416387934
2019-02-11 00:33:00,0.18681440602517796
2019-02-11 00:36:00,0.1804919016209965
2019-02-11 00:39:00,0.22962122182110534
2019-02-11 00:42:00,0.1791698564370563
2019-02-11 00:45:00,0.20647123968461756
2019-02-11 00:48:00,0.21839498517010725
2019-02-11 00:51:00,0.2649441761756748
2019-02-11 00:54:00,0.2693098715741371
2019-02-11 00:57:00,0.22203564616421545
2019-02-11 01:00:00,0.26421348425503766
2019-02-11 01:03:00,0.2738929406116881
2019-02-11 01:06:00,0.12678943614014315
2019-02-11 01:09:00,0.20480866206730752
2019-02-11 01:12:00,0.21949281279097477
2019-02-11 01:15:00,0.16337552376785425
2019-02-11 01:18:00,0.26103475493033557
2019-02-11 01:21:00,0.1923291212556819
2019-02-11 01:24:00,0.15434657996206624
2019-02-11 01:27:00,0.23371519598896384
2019-02-11 01:30:00,0.2181788839907881
2019-02-11 01:33:00,0.2421862532899013
2019-02-11 01:36:00,0.3281534695207142
2019-02-11 01:39:00,0.31121470364979587
2019-02-11 01:42:00,0.17985219753308002
2019-02-11 01:45:00,0.2905915249994564
2019-02-11 01:48:00,0.22843304430097078
2019-02-11 01:51:00,0.3062116451273482
2019-02-11 01:54:00,0.28795061764429875
2019-02-11 01:57:00,0.2584150987470366
2019-02-11 02:00:00,0.3093993882704922
2019-02-11 02:03:00,0.29532412311573353
2019-02-11 02:06:00,0.36105881982808796
2019-02-11 02:09:00,0.2783623831071509
2019-02-11 02:12:00,0.264762732332656
2019-02-11 02:15:00,0.4011315519607024
2019-02-11 02:18:00,0.19499898337460309
2019-02-11 02:21:00,0.254383734563703
2019-02-11 02:24:00,0.18508363992481236
2019-02-11 02:27:00,0.21463190675240185
2019-02-11 02:30:00,0.1615736813495232
2019-02-11 02:33:00,0.1991315017100419
2019-02-11 02:36:00,0.3127924753197817
2019-02-11 02:39:00,0.2521709507921628
2019-02-11 02:42:00,0.19897202224274224
2019-02-11 02:45:00,0.2617914831919279
2019-02-11 02:48:00,0.29833288355990817
2019-02-11 02:51:00,0.3640471395357281
2019-02-11 02:54:00,0.22919859879391424
2019-02-11 02:57:00,0.31316573088759014
2019-02-11 03:00:00,0.3199762417060583
2019-02-11 03:03:00,0.3075652542004832
2019-02-11 03:06:00,0.24594038870748136
2019-02-11 03:09:00,0.29903023411498
2019-02-11 03:12:00,0.266258563962424
2019-02-11 03:15:00,0.28959076190960786
2019-02-11 03:18:00,0.27928933196051275
2019-02-11 03:21:00,0.2997723883775052
2019-02-11 03:24:00,0.2672115635576233
2019-02-11 03:27:00,0.3096040424638318
2019-02-11 03:30:00,0.22036616793576513
2019-02-11 03:33:00,0.2335375907967432
2019-02-11 03:36:00,0.18833645344017214
2019-02-11 03:39:00,0.20783930160422415
2019-02-11 03:42:00,0.23337505796530422
2019-02-11 03:45:00,0.18758307947018693
2019-02-11 03:48:00,0.24823415898055146
2019-02-11 03:51:00,0.3257062010006848
2019-02-11 03:54:00,0.1980049026073516
2019-02-11 03:57:00,0.29401767662761813
2019-02-11 04:00:00,0.27403494694721076
2019-02-11 04:03:00,0.2758773633815963
2019-02-11 04:06:00,0.13252347064599235
2019-02-11 04:09:00,0.265146009628495
2019-02-11 04:12:00,0.2576470511145885
2019-02-11 04:15:00,0.2066542226473871
2019-02-11 04:18:00,0.31103579092990685
2019-02-11 04:21:00,0.2482173743441649
2019-02-11 04:24:00,0.23950832698778868
2019-02-11 04:27:00,0.4011537491120407
2019-02-11 04:30:00,0.278473001268992
2019-02-11 04:33:00,0.3381827782300775
2019-02-11 04:36:00,0.3760311073814364
2019-02-11 04:39:00,0.24729876871043643
2019-02-11 04:42:00,0.267286695126586
2019-02-11 04:45:00,0.3199320618890056
2019-02-11 04:48:00,0.27979100529870493
2019-02-11 04:51:00,0.29699225340499424
2019-02-11 04:54:00,0.26988147955950126
2019-02-11 04:57:00,0.3061461140396773
2019-02-11 05:00:00,0.2844443968389214
2019-02-11 05:03:00,0.2859236544553596
2019-02-11 05:06:00,0.23387381084455683
2019-02-11 05:09:00,0.27440374987241967
2019-02-11 05:12:00,0.3354608617084409
2019-02-11 05:15:00,0.22610721657298427
2019-02-11 05:18:00,0.3156413712402468
2019-02-11 05:21:00,0.32987132955241805
2019-02-11 05:24:00,0.23813579967816167
2019-02-11 05:27:00,0.31234531564871304
2019-02-11 05:30:00,0.2553279158781834
2019-02-11 05:33:00,0.29955144721185434
2019-02-11 05:36:00,0.2801943990521636
2019-02-11 05:39:00,0.3397367639908566
2019-02-11 05:42:00,0.28750023799779
2019-02-11 05:45:00,0.30938089917117395
2019-02-11 05:48:00,0.2494277613001259
2019-02-11 05:51:00,0.32009705725999993
2019-02-11 05:54:00,0.37006306656019206
2019-02-11 05:57:00,0.37581546897712315
2019-02-11 06:00:00,0.26624499770287
2019-02-11 06:03:00,0.1800248712023631
2019-02-11 06:06:00,0.2629716815825418
2019-02-11 06:09:00,0.28103321541351534
2019-02-11 06:12:00,0.21616740646987864
2019-02-11 06:15:00,0.27467275276052305
2019-02-11 06:18:00,0.22417049719632587
2019-02-11 06:21:00,0.173248042970215
2019-02-11 06:24:00,0.2019016680499135
2019-02-11 06:27:00,0.21191033536825898
2019-02-11 06:30:00,0.245966394224979
2019-02-11 06:33:00,0.2617807125085392
2019-02-11 06:36:00,0.2759250283342567
2019-02-11 06:39:00,0.1942656035427035
2019-02-11 06:42:00,0.23634921842347012
2019-02-11 06:45:00,0.15870543442645157
2019-02-11 06:48:00,0.18423768175961186
2019-02-11 06:51:00,0.20152798223404034
2019-02-11 06:54:00,0.17539496287315615
2019-02-11 06:57:00,0.19427006793199553
2019-02-11 07:00:00,0.21012201299299704
2019-02-11 07:03:00,0.25590444216612696
2019-02-11 07:06:00,0.2726074505584961
2019-02-11 07:09:00,0.14050832775762956
2019-02-11 07:12:00,0.22819666716804932
2019-02-11 07:15:00,0.14397871101971305
2019-02-11 07:18:00,0.16757248647058987
2019-02-11 07:21:00,0.19659475404154136
2019-02-11 07:24:00,0.2209270922454607
2019-02-11 07:27:00,0.1346596528080113
2019-02-11 07:30:00,0.30411265703520485
2019-02-11 07:33:00,0.1995080671042615
2019-02-11 07:36:00,0.13192562992088597
2019-02-11 07:39:00,0.2355958014233579
2019-02-11 07:42:00,0.1385212701702585
2019-02-11 07:45:00,0.22506385420979313
2019-02-11 07:48:00,0.23063944165795647
2019-02-11 07:51:00,0.21400135852019275
2019-02-11 07:54:00,0.07263138398042202
2019-02-11 07:57:00,0.12124174529185439
2019-02-11 08:00:00,0.16313032891366674
2019-02-11 08:03:00,0.09914320229114537
2019-02-11 08:06:00,0.07251715351975463
2019-02-11 08:09:00,0.20381474221471763
2019-02-11 08:12:00,0.13325237098666776
2019-02-11 08:15:00,0.1442016077938888
2019-02-11 08:18:00,0.11671486833296285
2019-02-11 08:21:00,0.0953831647974539
2019-02-11 08:24:00,0.07526023309719676
2019-02-11 08:27:00,0.07735609562314494
2019-02-11 08:30:00,0.11789010878953832
2019-02-11 08:33:00,0.13953475568877138
2019-02-11 08:36:00,0.2189958627023998
2019-02-11 08:39:00,0.11390375814016807
2019-02-11 08:42:00,0.07723738093937982
2019-02-11 08:45:00,0.06326523985910626
2019-02-11 08:48:00,0.02597859046971962
2019-02-11 08:51:00,0.13910535545852554
2019-02-11 08:54:00,0.15013791232934182
2019-02-11 08:57:00,0.06463978243408519
2019-02-11 09:00:00,0.06126235182898654
2019-02-11 09:03:00,0.120973365412965
2019-02-11 09:06:00,0.11604388594003012
2019-02-11 09:09:00,0.1180560120213272
2019-02-11 09:12:00,0.17058740313399312
2019-02-11 09:15:00,0.07919287814780773
2019-02-11 09:18:00,0.02143244779244924
2019-02-11 09:21:00,0.0036267898734081427
2019-02-11 09:24:00,-0.022294124596669462
2019-02-11 09:27:00,-0.05897815701223408
2019-02-11 09:30:00,0.08131676781590613
2019-02-11 09:33:00,0.0075560762081181565
2019-02-11 09:36:00,-0.06841717102361144
2019-02-11 09:39:00,-0.08361461379132606
2019-02-11 09:42:00,-0.020151278487503532
2019-02-11 09:45:00,0.03154278540671385
2019-02-11 09:48:00,-0.033856828753187074
2019-02-11 09:51:00,0.01197313687288215
2019-02-11 09:54:00,-0.011903790086535082
2019-02-11 09:57:00,0.020265690546239057
2019-02-11 10:00:00,0.03440706352677125
2019-02-11 10:03:00,-0.046788524044245605
2019-02-11 10:06:00,-0.06841113153342349
2019-02-11 10:09:00,0.01220029298508507
2019-02-11 10:12:00,-0.05442345253050007
2019-02-11 10:15:00,-0.01069249523078497
2019-02-11 10:18:00,0.05813970198539664
2019-02-11 10:21:00,-0.10587595857720089
2019-02-11 10:24:00,-0.01880511459023637
2019-02-11 10:27:00,-0.1511939588733071
2019-02-11 10:30:00,-0.014059803802524584
2019-02-11 10:33:00,-0.05502266479311402
2019-02-11 10:36:00,-0.17620718810957214
2019-02-11 10:39:00,-0.05846070524449942
2019-02-11 10:42:00,-0.055077013429126964
2019-02-11 10:45:00,-0.04224112668549651
2019-02-11 10:48:00,-0.09880066245489161
2019-02-11 10:51:00,-0.07510356950569985
2019-02-11 10:54:00,-0.03682733955844242
2019-02-11 10:57:00,-0.15452708755611866
2019-02-11 11:00:00,-0.10426890041026127
2019-02-11 11:03:00,-0.15946645955114036
2019-02-11 11:06:00,-0.1115285558464052
2019-02-11 11:09:00,-0.15260325549519393
2019-02-11 11:12:00,-0.1435400449993267
2019-02-11 11:15:00,-0.09289200274190534
2019-02-11 11:18:00,-0.11743465549216126
2019-02-11 11:21:00,-0.10840309240251145
2019-02-11 11:24:00,-0.17323285851676928
2019-02-11 11:27:00,-0.18103215086495084
2019-02-11 11:30:00,-0.08416344961551658
2019-02-11 11:33:00,-0.20422970673939744
2019-02-11 11:36:00,-0.17232180787840434
2019-02-11 11:39:00,-0.1189988552408181
2019-02-11 11:42:00,-0.17933454934257043
2019-02-11 11:45:00,-0.18654529815734122
2019-02-11 11:48:00,-0.22376085417937475
2019-02-11 11:51:00,-0.1689580435352127
2019-02-11 11:54:00,-0.24912333463981895
2019-02-11 11:57:00,-0.2362742574135268
2019-02-11 12:00:00,-0.2545856272733431
2019-02-11 12:03:00,-0.23608913272357768
2019-02-11 12:06:00,-0.2244835343435625
2019-02-11 12:09:00,-0.29222515935032334
2019-02-11 12:12:00,-0.16485601178203524
2019-02-11 12:15:00,-0.24629566451955043
2019-02-11 12:18:00,-0.20219433253447505
2019-02-11 12:21:00,-0.1927438913712649
2019-02-11 12:24:00,-0.2330100921951157
2019-02-11 12:27:00,-0.32268525915367263
2019-02-11 12:30:00,-0.27283623387029365
2019-02-11 12:33:00,-0.300230937091726
2019-02-11 12:36:00,-0.2649427703319134
2019-02-11 12:39:00,-0.3752024629435482
2019-02-11 12:42:00,-0.3993776851301618
2019-02-11 12:45:00,-0.34486206387646234
2019-02-11 12:48:00,-0.2092200781925726
2019-02-11 12:51:00,-0.29926604496171194
2019-02-11 12:54:00,-0.37323672310731126
2019-02-11 12:57:00,-0.2848980778109649
2019-02-11 13:00:00,-0.22203686016189295
2019-02-11 13:03:00,-0.37564418982242387
2019-02-11 13:06:00,-0.3810607660267351
2019-02-11 13:09:00,-0.47609459465382997
2019-02-11 13:12:00,-0.4444764931466807
2019-02-11 13:15:00,-0.3511836861796951
2019-02-11 13:18:00,-0.3470644043712241
2019-02-11 13:21:00,-0.35027872025483475
2019-02-11 13:24:00,-0.4366459926284847
2019-02-11 13:27:00,-0.3997654465439382
2019-02-11 13:30:00,-0.3873998621259602
2019-02-11 13:33:00,-0.42314936447883156
2019-02-11 13:36:00,-0.32339812083910147
2019-02-11 13:39:00,-0.3798789412033443
2019-02-11 13:42:00,-0.40709284827948977
2019-02-11 13:45:00,-0.3808208398916122
2019-02-11 13:48:00,-0.4185473131663002
2019-02-11 13:51:00,-0.39041508787795465
2019-02-11 13:54:00,-0.33836193717098695
2019-02-11 13:57:00,-0.426013721047525
2019-02-11 14:00:00,-0.3665622184204267
2019-02-11 14:03:00,-0.15259431948879865
2019-02-11 14:06:00,-0.23019179301405757
2019-02-11 14:09:00,-0.461909051153782
2019-02-11 14:12:00,-0.39896761455628393
2019-02-11 14:15:00,-0.24200198980076948
2019-02-11 14:18:00,-0.4368362490501454
2019-02-11 14:21:00,-0.2985693703046195
2019-02-11 14:24:00,-0.4452883194691708
2019-02-11 14:27:00,-0.3342838322085413
2019-02-11 14:30:00,-0.36884019628581655
2019-02-11 14:33:00,-0.3942226571792844
2019-02-11 14:36:00,-0.4238494126112755
2019-02-11 14:39:00,-0.35550142000391816
2019-02-11 14:42:00,-0.5873818014960079
2019-02-11 14:45:00,-0.3917170361152671
2019-02-11 14:48:00,-0.45475847997948904
2019-02-11 14:51:00,-0.4782847469177227
2019-02-11 14:54:00,-0.48042929449991334
2019-02-11 14:57:00,-0.42942773099929354
2019-02-11 15:00:00,-0.4598805344861603
2019-02-11 15:03:00,-0.22551165469877787
2019-02-11 15:06:00,-0.2995555979074993
2019-02-11 15:09:00,-0.3377347846530938
2019-02-11 15:12:00,-0.3819925006264384
2019-02-11 15:15:00,-0.27615595424452977
2019-02-11 15:18:00,-0.38158366399181887
2019-02-11 15:21:00,-0.38116636360228995
2019-02-11 15:24:00,-0.46004798587148343
2019-02-11 15:27:00,-0.3645423551527074
2019-02-11 15:30:00,-0.28611155826916956
2019-02-11 15:33:00,-0.43445319670956906
2019-02-11 15:36:00,-0.4132975339500149
2019-02-11 15:39:00,-0.39831604244363916
2019-02-11 15:42:00,-0.5073974416876581
2019-02-11 15:45:00,-0.487610923989962
2019-02-11 15:48:00,-0.4660897314923318
2019-02-11 15:51:00,-0.5445132428463353
2019-02-11 15:54:00,-0.37152324835210493
2019-02-11 15:57:00,-0.5262291365358465
2019-02-11 16:00:00,-0.3687997811780974
2019-02-11 16:03:00,-0.45020429884840496
2019-02-11 16:06:00,-0.4779603679230604
2019-02-11 16:09:00,-0.3679083479361793
2019-02-11 16:12:00,-0.49113858055795845
2019-02-11 16:15:00,-0.574184022954114
2019-02-11 16:18:00,-0.4234155491805609
2019-02-11 16:21:00,-0.5411284559424416
2019-02-11 16:24:00,-0.3927804175071401
2019-02-11 16:27:00,-0.3777263588125379
2019-02-11 16:30:00,-0.3308161236828937
2019-02-11 16:33:00,-0.3804653386616792
2019-02-11 16:36:00,-0.4374187871973163
2019-02-11 16:39:00,-0.383281192422146
2019-02-11 16:42:00,-0.3515238478798892
2019-02-11 16:45:00,-0.40428884047969404
2019-02-11 16:48:00,-0.37002351702665237
2019-02-11 16:51:00,-0.3652299823467047
2019-02-11 16:54:00,-0.3156702976329484
2019-02-11 16:57:00,-0.3719214529960482
2019-02-11 17:00:00,-0.2896508990843927
2019-02-11 17:03:00,-0.2989680977859166
2019-02-11 17:06:00,-0.2782649858896207
2019-02-11 17:09:00,-0.28993325387273217
2019-02-11 17:12:00,-0.27628522604965156
2019-02-11 17:15:00,-0.2553688603369437
2019-02-11 17:18:00,-0.29599400452406144
2019-02-11 17:21:00,-0.34650922123870487
2019-02-11 17:24:00,-0.31660796194944396
2019-02-11 17:27:00,-0.16775786781704483
2019-02-11 17:30:00,-0.1856679690654346
2019-02-11 17:33:00,-0.24529056262747417
2019-02-11 17:36:00,-0.2650996755203323
2019-02-11 17:39:00,-0.23510367063749982
2019-02-11 17:42:00,-0.11974460756368899
2019-02-11 17:45:00,-0.17389618239178617
2019-02-11 17:48:00,-0.1869928908704992
2019-02-11 17:51:00,-0.1938006386023403
2019-02-11 17:54:00,-0.165534273353785
2019-02-11 17:57:00,-0.26286079184507116
2019-02-11 18:00:00,-0.2781915936934638
2019-02-11 18:03:00,-0.17799178516389702
2019-02-11 18:06:00,-0.17353073794737384
2019-02-11 18:09:00,-0.07744456505810149
2019-02-11 18:12:00,-0.2279712590486156
2019-02-11 18:15:00,-0.26816536133407
2019-02-11 18:18:00,-0.21882430454957102
2019-02-11 18:21:00,-0.1947949750585849
2019-02-11 18:24:00,-0.15884976192819522
2019-02-11 18:27:00,-0.2396009476850054
2019-02-11 18:30:00,-0.27712722634083775
2019-02-11 18:33:00,-0.2552976030603986
2019-02-11 18:36:00,-0.24332642171685848
2019-02-11 18:39:00,-0.2793295503229274
2019-02-11 18:42:00,-0.28789996011425956
2019-02-11 18:45:00,-0.25161003792493375
2019-02-11 18:48:00,-0.23240543962771198
2019-02-11 18:51:00,-0.24898053640083617
2019-02-11 18:54:00,
2019-02-11 18:57:00,
2019-02-11 19:00:00,
2019-02-11 19:03:00,-0.17141366964801819
2019-02-11 19:06:00,-0.19283549415968082
2019-02-11 19:09:00,-0.19494325241345223
2019-02-11 19:12:00,-0.12115274913008989
2019-02-11 19:15:00,-0.04475895242688921
2019-02-11 19:18:00,-0.1493239557167385
2019-02-11 19:21:00,-0.03715067005282435
2019-02-11 19:24:00,-0.08241544354189045
2019-02-11 19:27:00,-0.06256156264754509
2019-02-11 19:30:00,0.051992789686153174
2019-02-11 19:33:00,-0.09761883837290952
2019-02-11 19:36:00,-0.07924480681413115
2019-02-11 19:39:00,-0.045401810211672
2019-02-11 19:42:00,-0.054185520026578615
2019-02-11 19:45:00,-0.02294460597414627
2019-02-11 19:48:00,0.051986039126347805
2019-02-11 19:51:00,-0.05894507756988787
2019-02-11 19:54:00,0.004436983850268916
2019-02-11 19:57:00,0.011565720653663902
2019-02-11 20:00:00,0.009715818733013748
2019-02-11 20:03:00,0.11029806755186655
2019-02-11 20:06:00,0.027904384459418452
2019-02-11 20:09:00,0.02250735259610792
2019-02-11 20:12:00,0.07038640198209123
2019-02-11 20:15:00,0.05214244707332227
2019-02-11 20:18:00,0.03605369975753092
2019-02-11 20:21:00,0.046726493690130155
2019-02-11 20:24:00,0.04717795364632593
2019-02-11 20:27:00,0.022779922162669664
2019-02-11 20:30:00,0.01234994758067387
2019-02-11 20:33:00,0.014324065879804948
2019-02-11 20:36:00,0.03402312308230648
2019-02-11 20:39:00,0.04168989245147259
2019-02-11 20:42:00,0.0717422577216098
2019-02-11 20:45:00,0.10694881478110574
2019-02-11 20:48:00,0.13612144162124196
2019-02-11 20:51:00,0.047133000403391634
2019-02-11 20:54:00,0.18484483055635792
2019-02-11 20:57:00,0.07936990669236366
2019-02-11 21:00:00,0.07318544747664646
2019-02-11 21:03:00,0.08734795293719344
2019-02-11 21:06:00,0.06691527466057323
2019-02-11 21:09:00,0.06373600157303372
2019-02-11 21:12:00,0.09220134935685564
2019-02-11 21:15:00,0.14491608426567382
2019-02-11 21:18:00,0.08495391682578202
2019-02-11 21:21:00,0.1140317782225111
2019-02-11 21:24:00,0.08697238854387024
2019-02-11 21:27:00,0.03820381694305297
2019-02-11 21:30:00,0.08381261448926125
2019-02-11 21:33:00,0.05370618191460608
2019-02-11 21:36:00,0.10728708404224108
2019-02-11 21:39:00,0.1429864078558012
2019-02-11 21:42:00,0.03722305266182957
2019-02-11 21:45:00,0.16036857325718756
2019-02-11 21:48:00,0.09808599415634944
2019-02-11 21:51:00,0.03810895853433749
2019-02-11 21:54:00,0.0658815966645534
2019-02-11 21:57:00,0.10174207674492664
2019-02-11 22:00:00,0.08470969309195198
2019-02-11 22:03:00,0.17617544639756488
2019-02-11 22:06:00,0.2029731232105405
2019-02-11 22:09:00,0.1389383706879812
2019-02-11 22:12:00,0.04441081916741041
2019-02-11 22:15:00,0.020801521906435028
2019-02-11 22:18:00,0.05768078548106814
2019-02-11 22:21:00,0.030819363320404136
2019-02-11 22:24:00,0.14394214179975506
2019-02-11 22:27:00,0.08758800757243534
2019-02-11 22:30:00,0.11134630063918394
2019-02-11 22:33:00,0.007375935635991482
2019-02-11 22:36:00,0.02712878598504176
2019-02-11 22:39:00,0.03178572056651774
2019-02-11 22:42:00,0.12821547968508185
2019-02-11 22:45:00,0.10538357916954055
2019-02-11 22:48:00,0.19601707269112012
2019-02-11 22:51:00,0.18067521525739494
2019-02-11 22:54:00,0.22278121482241886
2019-02-11 22:57:00,0.1993785220809059
2019-02-11 23:00:00,0.17949603024811722
2019-02-11 23:03:00,0.21833145374381502
2019-02-11 23:06:00,0.1751777859405479
2019-02-11 23:09:00,0.23053973060734734
2019-02-11 23:12:00,0.21711410221979577
2019-02-11 23:15:00,0.1640721718832765
2019-02-11 23:18:00,0.14559510270930787
2019-02-11 23:21:00,0.1426564613554433
2019-02-11 23:24:00,0.14458913541136553
2019-02-11 23:27:00,0.18144275886578498
2019-02-11 23:30:00,0.11163097442153003
2019-02-11 23:33:00,0.08839931296228087
2019-02-11 23:36:00,0.0756753848835956
2019-02-11 23:39:00,0.16224460850861533
2019-02-11 23:42:00,0.15694568003817722
2019-02-11 23:45:00,0.15095439665498134
2019-02-11 23:48:00,0.188130088972855
2019-02-11 23:51:00,0.18342252968625417
2019-02-11 23:54:00,0.14919395500407973
2019-02-11 23:57:00,0.20174693968675683
2019-02-12 00:00:00,0.22315024146934093
2019-02-12 00:03:00,0.212264943508103
2019-02-12 00:06:00,0.17661322907054
2019-02-12 00:09:00,0.16363224139746535
2019-02-12 00:12:00,0.22604563554796187
2019-02-12 00:15:00,0.22075401101415082
2019-02-12 00:18:00,0.1646876998485709
2019-02-12 00:21:00,0.13258975557658914
2019-02-12 00:24:00,0.17107374379452267
2019-02-12 00:27:00,0.09815909021574498
2019-02-12 00:30:00,0.12757371962186426
2019-02-12 00:33:00,0.13319429512233683
2019-02-12 00:36:00,0.16066504154161976
2019-02-12 00:39:00,0.08403884587784205
2019-02-12 00:42:00,0.11184427837451949
2019-02-12 00:45:00,0.17076608050854247
2019-02-12 00:48:00,0.19763908327871604
2019-02-12 00:51:00,0.21968476238333778
2019-02-12 00:54:00,0.19134362681080574
2019-02-12 00:57:00,0.11089467564954703
2019-02-12 01:00:00,0.09311654460390173
2019-02-12 01:03:00,0.07801155551089778
2019-02-12 01:06:00,0.16265625394237304
2019-02-12 01:09:00,0.15045555770990404
2019-02-12 01:12:00,0.2431175982077889
2019-02-12 01:15:00,0.11213223478506507
2019-02-12 01:18:00,0.1975251158911533
2019-02-12 01:21:00,0.15537246167451713
2019-02-12 01:24:00,0.19623789545988757
2019-02-12 01:27:00,0.208681498201031
2019-02-12 01:30:00,0.10073643362585472
2019-02-12 01:33:00,0.18481331451312144
2019-02-12 01:36:00,0.20109790032432784
2019-02-12 01:39:00,0.17973661560449727
2019-02-12 01:42:00,0.1617543459811941
2019-02-12 01:45:00,0.2066446531650854
2019-02-12 01:48:00,0.20281986205418434
2019-02-12 01:51:00,0.17408007554274718
2019-02-12 01:54:00,0.18060395960816322
2019-02-12 01:57:00,0.2298408829904588
2019-02-12 02:00:00,0.2607900282533251
2019-02-12 02:03:00,0.23505354832343528
2019-02-12 02:06:00,0.19001820758643362
2019-02-12 02:09:00,0.23609235847283117
2019-02-12 02:12:00,0.18166124571632736
2019-02-12 02:15:00,0.17524346575868321
2019-02-12 02:18:00,0.14923096224032406
2019-02-12 02:21:00,0.13434430156024746
2019-02-12 02:24:00,0.18537680120215327
2019-02-12 02:27:00,0.15233447031494052
2019-02-12 02:30:00,0.15314793727480946
2019-02-12 02:33:00,0.2226675343245006
2019-02-12 02:36:00,0.1235881702685333
2019-02-12 02:39:00,0.10533439976774162
2019-02-12 02:42:00,0.23137581692151343
2019-02-12 02:45:00,0.1343181673610161
2019-02-12 02:48:00,0.14839328812325903
2019-02-12 02:51:00,0.19507709806930507
2019-02-12 02:54:00,0.18842222844244816
2019-02-12 02:57:00,0.16217662644879738
2019-02-12 03:00:00,0.22844482911597197
2019-02-12 03:03:00,0.23126454880662095
2019-02-12 03:06:00,0.15172759628438826
2019-02-12 03:09:00,0.2872147636364275
2019-02-12 03:12:00,0.18703671141867062
2019-02-12 03:15:00,0.2741236773098308
2019-02-12 03:18:00,0.22083467544388213
2019-02-12 03:21:00,0.20208822289407635
2019-02-12 03:24:00,0.21456126525430363
2019-02-12 03:27:00,0.242845200392253
2019-02-12 03:30:00,0.2242808074386744
2019-02-12 03:33:00,0.2806279498933577
2019-02-12 03:36:00,0.20200991928561507
2019-02-12 03:39:00,0.2543638790971272
2019-02-12 03:42:00,0.2224716615716602
2019-02-12 03:45:00,0.29657486939692035
2019-02-12 03:48:00,0.249595164372181
2019-02-12 03:51:00,0.26324742952607494
2019-02-12 03:54:00,0.27993726964984944
2019-02-12 03:57:00,0.20339201384575745
2019-02-12 04:00:00,0.2157522369488447
2019-02-12 04:03:00,0.23233653193091186
2019-02-12 04:06:00,0.26131704998488203
2019-02-12 04:09:00,0.20642351531876102
2019-02-12 04:12:00,0.2755394401152671
2019-02-12 04:15:00,0.25803703020847024
2019-02-12 04:18:00,0.27621173168040514
2019-02-12 04:21:00,0.21073557866384363
2019-02-12 04:24:00,0.1980318464528068
2019-02-12 04:27:00,0.25071192618895566
2019-02-12 04:30:00,0.23868898222701773
2019-02-12 04:33:00,0.19905838961227573
2019-02-12 04:36:00,0.18341424362608905
2019-02-12 04:39:00,0.16710353478862316
2019-02-12 04:42:00,0.13497991395990994
2019-02-12 04:45:00,0.1677475225390026
2019-02-12 04:48:00,0.16517632767687473
2019-02-12 04:51:00,0.20317801957554593
2019-02-12 04:54:00,0.16399929795028356
2019-02-12 04:57:00,0.1617169081694101
2019-02-12 05:00:00,0.16877107482002884
2019-02-12 05:03:00,0.2069739003558766
2019-02-12 05:06:00,0.13286036160229742
2019-02-12 05:09:00,0.28072434373569877
2019-02-12 05:12:00,0.23225571425336966
2019-02-12 05:15:00,0.23345756608591728
2019-02-12 05:18:00,0.2745683176178204
2019-02-12 05:21:00,0.2817924787102015
2019-02-12 05:24:00,0.22128982172870337
2019-02-12 05:27:00,0.1953741082243141
2019-02-12 05:30:00,0.2546802631788978
2019-02-12 05:33:00,0.2393426882216545
2019-02-12 05:36:00,0.26313223288008203
2019-02-12 05:39:00,0.3130116190362173
2019-02-12 05:42:00,0.3165073493270256
2019-02-12 05:45:00,0.35509184243915115
2019-02-12 05:48:00,0.322363817826556
2019-02-12 05:51:00,0.22202848495356875
2019-02-12 05:54:00,0.10173157191383098
2019-02-12 05:57:00,0.1406729653035086
2019-02-12 06:00:00,0.15370766846280048
2019-02-12 06:03:00,0.26368561954075176
2019-02-12 06:06:00,0.14629590145483462
2019-02-12 06:09:00,0.1057802876677556
2019-02-12 06:12:00,0.23071942498773979
2019-02-12 06:15:00,0.19063385673825906
2019-02-12 06:18:00,0.1736767648584987
2019-02-12 06:21:00,0.15440751553137488
2019-02-12 06:24:00,0.1672475807617957
2019-02-12 06:27:00,0.11347929006109325
2019-02-12 06:30:00,0.15536300389220514
2019-02-12 06:33:00,0.2597270479290046
2019-02-12 06:36:00,0.3404573944755498
2019-02-12 06:39:00,0.15728502233469044
2019-02-12 06:42:00,0.2420708609539588
2019-02-12 06:45:00,0.2576054278433162
2019-02-12 06:48:00,0.24428336915849513
2019-02-12 06:51:00,0.24254819999606525
2019-02-12 06:54:00,0.21939883345964972
2019-02-12 06:57:00,0.2944199219132315
2019-02-12 07:00:00,0.20208398275428863
2019-02-12 07:03:00,0.2189683220869938
2019-02-12 07:06:00,0.27318138332788067
2019-02-12 07:09:00,0.1068893823925805
2019-02-12 07:12:00,0.18685113088565686
2019-02-12 07:15:00,0.0779837322506296
2019-02-12 07:18:00,0.12372645564363438
2019-02-12 07:21:00,0.20113221088172395
2019-02-12 07:24:00,0.09825646441635172
2019-02-12 07:27:00,0.2288941629582837
2019-02-12 07:30:00,0.16337324657223462
2019-02-12 07:33:00,0.2342947724722535
2019-02-12 07:36:00,0.18624140138257417
2019-02-12 07:39:00,0.21903428725539698
2019-02-12 07:42:00,0.15241514705184045
2019-02-12 07:45:00,0.1287234364208416
2019-02-12 07:48:00,0.18408553444203335
2019-02-12 07:51:00,0.15595689882246688
2019-02-12 07:54:00,0.20097257154219506
2019-02-12 07:57:00,0.16868055037150498
2019-02-12 08:00:00,0.19741461070100286
2019-02-12 08:03:00,0.17996725085191656
2019-02-12 08:06:00,0.1815311892098066
2019-02-12 08:09:00,0.16678838700732967
2019-02-12 08:12:00,0.1252497026367223
2019-02-12 08:15:00,0.20372980086682446
2019-02-12 08:18:00,0.184969258387639
2019-02-12 08:21:00,0.15221728090682518
2019-02-12 08:24:00,0.20757957771201063
2019-02-12 08:27:00,0.20603866774064272
2019-02-12 08:30:00,0.23177198299987367
2019-02-12 08:33:00,0.20422522837264978
2019-02-12 08:36:00,0.16250785362944953
2019-02-12 08:39:00,0.20801202922996254
2019-02-12 08:42:00,0.21943673576856781
2019-02-12 08:45:00,0.23503365763099282
2019-02-12 08:48:00,0.15178900761844716
2019-02-12 08:51:00,0.2189085161244293
2019-02-12 08:54:00,0.1515292553762606
2019-02-12 08:57:00,0.20347087434203104
2019-02-12 09:00:00,0.13905688662214288
2019-02-12 09:03:00,0.18153554172670283
2019-02-12 09:06:00,0.22583511814951862
2019-02-12 09:09:00,0.21041403863682717
2019-02-12 09:12:00,0.21566607178476715
2019-02-12 09:15:00,0.18976329765905575
2019-02-12 09:18:00,0.2679926666220922
2019-02-12 09:21:00,0.22756160697690575
2019-02-12 09:24:00,0.21452680221153742
2019-02-12 09:27:00,0.1498233238883131
2019-02-12 09:30:00,0.2000764883666193
2019-02-12 09:33:00,0.16645210940521338
2019-02-12 09:36:00,0.25030525911108725
2019-02-12 09:39:00,0.27725807017299076
2019-02-12 09:42:00,0.2363103220278049
2019-02-12 09:45:00,0.23819633904389548
2019-02-12 09:48:00,0.23453201898172438
2019-02-12 09:51:00,0.2686651740819457
2019-02-12 09:54:00,0.11806332118982255
2019-02-12 09:57:00,0.20686490285589798
2019-02-12 10:00:00,0.19592692074843399
2019-02-12 10:03:00,0.173220074528615
2019-02-12 10:06:00,0.18327372274995923
2019-02-12 10:09:00,0.015302797802405621
2019-02-12 10:12:00,0.03260322866287879
2019-02-12 10:15:00,0.08906594882074614
2019-02-12 10:18:00,0.07460467601788423
2019-02-12 10:21:00,0.07325204866822332
2019-02-12 10:24:00,0.062413451997485936
2019-02-12 10:27:00,-0.04800320634257105
2019-02-12 10:30:00,0.13414540762022398
2019-02-12 10:33:00,0.03516187628974876
2019-02-12 10:36:00,0.02904690974088453
2019-02-12 10:39:00,0.10712836000732295
2019-02-12 10:42:00,-0.013408036663463463
2019-02-12 10:45:00,0.04498374989026388
2019-02-12 10:48:00,0.10964440354621274
2019-02-12 10:51:00,-0.016247195919106616
2019-02-12 10:54:00,0.05763193144878187
2019-02-12 10:57:00,-0.04589089510869826
2019-02-12 11:00:00,-0.014520724582723687
2019-02-12 11:03:00,0.06242248321939314
2019-02-12 11:06:00,0.11005999532903843
2019-02-12 11:09:00,-0.02705935819557226
2019-02-12 11:12:00,-0.0286008019311339
2019-02-12 11:15:00,-0.09295223770601524
2019-02-12 11:18:00,-0.03260227122143533
2019-02-12 11:21:00,0.02174511704328097
2019-02-12 11:24:00,-0.05223957377529587
2019-02-12 11:27:00,-0.05285534212714538
2019-02-12 11:30:00,-0.1299360610908593
2019-02-12 11:33:00,-0.194500439640251
2019-02-12 11:36:00,-0.1688388074844056
2019-02-12 11:39:00,-0.1617518238043658
2019-02-12 11:42:00,-0.04420909887716107
2019-02-12 11:45:00,-0.17584544592222073
2019-02-12 11:48:00,-0.12233571211515937
2019-02-12 11:51:00,-0.08217982313919947
2019-02-12 11:54:00,-0.22764505752644482
2019-02-12 11:57:00,-0.07559175523186923
2019-02-12 12:00:00,-0.22385556777919646
2019-02-12 12:03:00,-0.08296406567393433
2019-02-12 12:06:00,-0.14608606025382187
2019-02-12 12:09:00,-0.18365423329976238
2019-02-12 12:12:00,-0.22318339499508966
2019-02-12 12:15:00,-0.20532056124278597
2019-02-12 12:18:00,-0.2622141400307214
2019-02-12 12:21:00,-0.31236649728350585
2019-02-12 12:24:00,-0.16109896950734992
2019-02-12 12:27:00,-0.30419054897157594
2019-02-12 12:30:00,-0.19187089857587125
2019-02-12 12:33:00,-0.222804572750249
2019-02-12 12:36:00,-0.28475231239576715
2019-02-12 12:39:00,-0.2572538265307003
2019-02-12 12:42:00,-0.2618279841474873
2019-02-12 12:45:00,-0.3578403394042198
2019-02-12 12:48:00,-0.18749127375002672
2019-02-12 12:51:00,-0.2977395183328895
2019-02-12 12:54:00,-0.22230275265491173
2019-02-12 12:57:00,-0.30751667871601285
2019-02-12 13:00:00,-0.2360554147379048
2019-02-12 13:03:00,-0.26267625783304993
2019-02-12 13:06:00,-0.31138226913515155
2019-02-12 13:09:00,-0.2733013614266042
2019-02-12 13:12:00,-0.3090556020280246
2019-02-12 13:15:00,-0.25389231285709
2019-02-12 13:18:00,-0.2766214381285863
2019-02-12 13:21:00,-0.33793908358074987
2019-02-12 13:24:00,-0.37546285779228583
2019-02-12 13:27:00,-0.25290468710733194
2019-02-12 13:30:00,-0.45587993359600887
2019-02-12 13:33:00,-0.29009201825647324
2019-02-12 13:36:00,-0.26068968587583186
2019-02-12 13:39:00,-0.3403065389717881
2019-02-12 13:42:00,-0.2862086665647894
2019-02-12 13:45:00,-0.32726887689898376
2019-02-12 13:48:00,-0.2515583674285722
2019-02-12 13:51:00,-0.3546861646705679
2019-02-12 13:54:00,-0.2798314512790512
2019-02-12 13:57:00,-0.319607865404123
2019-02-12 14:00:00,-0.35795482537724865
2019-02-12 14:03:00,-0.3395394755792722
2019-02-12 14:06:00,-0.3372108744287061
2019-02-12 14:09:00,-0.32871806095715783
2019-02-12 14:12:00,-0.36023290844934763
2019-02-12 14:15:00,-0.5296014206371069
2019-02-12 14:18:00,-0.3032359692153932
2019-02-12 14:21:00,-0.3043929541557304
2019-02-12 14:24:00,-0.36812677671724714
2019-02-12 14:27:00,-0.3417291911620737
2019-02-12 14:30:00,-0.4073154309733127
2019-02-12 14:33:00,-0.31011839846576095
2019-02-12 14:36:00,-0.4133795997002494
2019-02-12 14:39:00,-0.41020822819660907
2019-02-12 14:42:00,-0.45788619702972255
2019-02-12 14:45:00,-0.2701505126719326
2019-02-12 14:48:00,-0.34132433641605076
2019-02-12 14:51:00,-0.1733414226745822
2019-02-12 14:54:00,-0.2650510982211358
2019-02-12 14:57:00,-0.17202391332233447
2019-02-12 15:00:00,-0.1349214917233894
2019-02-12 15:03:00,-0.36357991875070184
2019-02-12 15:06:00,-0.3255622868102819
2019-02-12 15:09:00,-0.27073734536520533
2019-02-12 15:12:00,-0.2883727188742
2019-02-12 15:15:00,-0.36146382478233363
2019-02-12 15:18:00,-0.3335048593766601
2019-02-12 15:21:00,-0.31787876706226825
2019-02-12 15:24:00,-0.3531524035303164
2019-02-12 15:27:00,-0.276012259925551
2019-02-12 15:30:00,-0.3093242863211003
2019-02-12 15:33:00,-0.3295670767003571
2019-02-12 15:36:00,-0.2864611372284571
2019-02-12 15:39:00,-0.33040495873950704
2019-02-12 15:42:00,-0.3454369101050361
2019-02-12 15:45:00,-0.3013646613932792
2019-02-12 15:48:00,-0.24204760137700987
2019-02-12 15:51:00,-0.22253453618276353
2019-02-12 15:54:00,-0.2658557011831135
2019-02-12 15:57:00,-0.34897211752399926
2019-02-12 16:00:00,-0.30915745333334144
2019-02-12 16:03:00,-0.29798062750558074
2019-02-12 16:06:00,-0.332397240183127
2019-02-12 16:09:00,-0.3913573018642751
2019-02-12 16:12:00,-0.4426141074767429
2019-02-12 16:15:00,-0.3985347454002408
2019-02-12 16:18:00,-0.37794253955354407
2019-02-12 16:21:00,-0.3418842848423651
2019-02-12 16:24:00,-0.33514964676976433
2019-02-12 16:27:00,-0.26124305773544165
2019-02-12 16:30:00,-0.36373423767543045
2019-02-12 16:33:00,-0.481478931620245
2019-02-12 16:36:00,-0.35261962775541633
2019-02-12 16:39:00,-0.3447280767338725
2019-02-12 16:42:00,-0.30980393415575236
2019-02-12 16:45:00,-0.39049986479932386
2019-02-12 16:48:00,-0.3820415301701132
2019-02-12 16:51:00,-0.3991262382365903
2019-02-12 16:54:00,-0.37278015191867553
2019-02-12 16:57:00,-0.35925422545943775
2019-02-12 17:00:00,-0.3593603467791695
2019-02-12 17:03:00,-0.5158488493025288
2019-02-12 17:06:00,-0.3905895305428544
2019-02-12 17:09:00,-0.4087050973012083
2019-02-12 17:12:00,-0.3784275313050216
2019-02-12 17:15:00,-0.4129454920359308
2019-02-12 17:18:00,-0.3053473333723673
2019-02-12 17:21:00,-0.3936444537309285
2019-02-12 17:24:00,-0.3543811861720201
2019-02-12 17:27:00,-0.4873427266302315
2019-02-12 17:30:00,-0.36555431722223375
2019-02-12 17:33:00,-0.37148343136340145
2019-02-12 17:36:00,-0.34447908541579864
2019-02-12 17:39:00,-0.31372728043515963
2019-02-12 17:42:00,-0.3315713809746512
2019-02-12 17:45:00,-0.2730241815829686
2019-02-12 17:48:00,-0.25696708500919385
2019-02-12 17:51:00,-0.2772310562715461
2019-02-12 17:54:00,-0.26734765264916405
2019-02-12 17:57:00,-0.2808362810579297
2019-02-12 18:00:00,-0.27661493127794756
2019-02-12 18:03:00,-0.31577972686534395
2019-02-12 18:06:00,-0.3087824969729809
2019-02-12 18:09:00,-0.2903088461649759
2019-02-12 18:12:00,-0.33098555938983054
2019-02-12 18:15:00,-0.26641606856566113
2019-02-12 18:18:00,-0.17411393823823573
2019-02-12 18:21:00,-0.14436337892328766
2019-02-12 18:24:00,-0.08710916798753487
2019-02-12 18:27:00,-0.11869663076248571
2019-02-12 18:30:00,-0.19174827248815518
2019-02-12 18:33:00,-0.15586514237998017
2019-02-12 18:36:00,-0.20687943411047627
2019-02-12 18:39:00,-0.20157645346461095
2019-02-12 18:42:00,-0.24530959584211587
2019-02-12 18:45:00,-0.16002475554273587
2019-02-12 18:48:00,-0.1331041674249036
2019-02-12 18:51:00,-0.12420490871801348
2019-02-12 18:54:00,-0.11522153740617114
2019-02-12 18:57:00,
2019-02-12 19:00:00,
2019-02-12 19:03:00,0.04940735357769199
2019-02-12 19:06:00,-0.14086139481139526
2019-02-12 19:09:00,-0.041684307735920356
2019-02-12 19:12:00,-0.11043672500630919
2019-02-12 19:15:00,-0.02717384465813666
2019-02-12 19:18:00,-0.0984490818308359
2019-02-12 19:21:00,-0.16658750646217868
2019-02-12 19:24:00,-0.14747972204855841
2019-02-12 19:27:00,-0.0553398106151235
2019-02-12 19:30:00,-0.1895998358916131
2019-02-12 19:33:00,-0.22613681975877853
2019-02-12 19:36:00,-0.07749772422397427
2019-02-12 19:39:00,-0.1455132460267805
2019-02-12 19:42:00,-0.06092720917376937
2019-02-12 19:45:00,-0.15548716067877422
2019-02-12 19:48:00,0.005428703073221186
2019-02-12 19:51:00,-0.014729475682258908
2019-02-12 19:54:00,-0.012495164260599267
2019-02-12 19:57:00,-0.03698992692295633
2019-02-12 20:00:00,-0.04907320571510354
2019-02-12 20:03:00,-0.050073754378331614
2019-02-12 20:06:00,-0.0470658646779043
2019-02-12 20:09:00,-0.06624916703225381
2019-02-12 20:12:00,0.010799049605850541
2019-02-12 20:15:00,-0.06020583226523968
2019-02-12 20:18:00,-0.0609502519751004
2019-02-12 20:21:00,0.04976830092527962
2019-02-12 20:24:00,0.035910275565072425
2019-02-12 20:27:00,0.022900809536906763
2019-02-12 20:30:00,0.07036632940236132
2019-02-12 20:33:00,0.02675922356178262
2019-02-12 20:36:00,-0.0076435479027168185
2019-02-12 20:39:00,0.03521283812216325
2019-02-12 20:42:00,-0.008881736292892128
2019-02-12 20:45:00,0.019004643399910037
2019-02-12 20:48:00,0.10550758954559569
2019-02-12 20:51:00,0.0927804085297339
2019-02-12 20:54:00,-0.017706478539082582
2019-02-12 20:57:00,0.04014747157805232
2019-02-12 21:00:00,0.029019506111922055
2019-02-12 21:03:00,3.872869126553269e-05
2019-02-12 21:06:00,0.005394883544681761
2019-02-12 21:09:00,0.09235102895939917
2019-02-12 21:12:00,-0.005014249692408157
2019-02-12 21:15:00,-0.013538765212103954
2019-02-12 21:18:00,0.03630958805251794
2019-02-12 21:21:00,0.04572334375910714
2019-02-12 21:24:00,0.02375643326701038
2019-02-12 21:27:00,-0.03303388167620369
2019-02-12 21:30:00,0.027561438724148957
2019-02-12 21:33:00,0.016603686928874595
2019-02-12 21:36:00,0.021876137647723226
2019-02-12 21:39:00,0.06761012961231927
2019-02-12 21:42:00,0.12906017135725278
2019-02-12 21:45:00,0.014892841123753442
2019-02-12 21:48:00,0.10279214612046417
2019-02-12 21:51:00,0.057840762655985145
2019-02-12 21:54:00,0.09637426246996483
2019-02-12 21:57:00,0.0937966397806349
2019-02-12 22:00:00,0.13704469257652363
2019-02-12 22:03:00,0.04824066752712497
2019-02-12 22:06:00,0.11315141304339704
2019-02-12 22:09:00,0.041463889794329134
2019-02-12 22:12:00,-0.022069248729792434
2019-02-12 22:15:00,0.06462833269659995
2019-02-12 22:18:00,-0.0024997109647415527
2019-02-12 22:21:00,0.018810549286570222
2019-02-12 22:24:00,0.03571541649620258
2019-02-12 22:27:00,0.07259175159242659
2019-02-12 22:30:00,0.025748212039616192
2019-02-12 22:33:00,0.0315147207792279
2019-02-12 22:36:00,0.05082175006873513
2019-02-12 22:39:00,0.09064797514844258
2019-02-12 22:42:00,0.06923520315808673
2019-02-12 22:45:00,0.09292035216867589
2019-02-12 22:48:00,0.08596879974373905
2019-02-12 22:51:00,0.011001745002261032
2019-02-12 22:54:00,0.047014223307371594
2019-02-12 22:57:00,0.05375773344132995
2019-02-12 23:00:00,0.12924901519551213
2019-02-12 23:03:00,0.135891096898888
2019-02-12 23:06:00,0.1572313147368618
2019-02-12 23:09:00,0.09071833154007436
2019-02-12 23:12:00,0.1266331053890326
2019-02-12 23:15:00,0.1559615337687319
2019-02-12 23:18:00,0.17766296470080079
2019-02-12 23:21:00,0.23535250686830977
2019-02-12 23:24:00,0.1658572764451378
2019-02-12 23:27:00,0.2799041218308389
2019-02-12 23:30:00,0.2708394762934745
2019-02-12 23:33:00,0.21257508946087
2019-02-12 23:36:00,0.1639311911260961
2019-02-12 23:39:00,0.09365301018090122
2019-02-12 23:42:00,0.17606938962507002
2019-02-12 23:45:00,0.18442917373573664
2019-02-12 23:48:00,0.15199398223074922
2019-02-12 23:51:00,0.17312488649696434
2019-02-12 23:54:00,0.16576328467635904
2019-02-12 23:57:00,0.2572148601768163
2019-02-13 00:00:00,0.22701958086929608
2019-02-13 00:03:00,0.1692619215531863
2019-02-13 00:06:00,0.16780041452369687
2019-02-13 00:09:00,0.18876529819215193
2019-02-13 00:12:00,0.20021664104467618
2019-02-13 00:15:00,0.13588235266695392
2019-02-13 00:18:00,0.09390306883375388
2019-02-13 00:21:00,0.16600646694132593
2019-02-13 00:24:00,0.0906775195537648
2019-02-13 00:27:00,0.09594365657159187
2019-02-13 00:30:00,0.15382136774798028
2019-02-13 00:33:00,0.16195764256548273
2019-02-13 00:36:00,0.1412410370128896
2019-02-13 00:39:00,0.14641022855659003
2019-02-13 00:42:00,0.14033808606899356
2019-02-13 00:45:00,0.06522274366363945
2019-02-13 00:48:00,0.13658096149646326
2019-02-13 00:51:00,0.12927409721203276
2019-02-13 00:54:00,0.14991774411174674
2019-02-13 00:57:00,0.0883590092561235
2019-02-13 01:00:00,0.12526853373412905
2019-02-13 01:03:00,0.12821481555101855
2019-02-13 01:06:00,0.1564508484907492
2019-02-13 01:09:00,0.1505288744203881
2019-02-13 01:12:00,0.22468926798319444
2019-02-13 01:15:00,0.22239257037853122
2019-02-13 01:18:00,0.2716547916201648
2019-02-13 01:21:00,0.2385939873973939
2019-02-13 01:24:00,0.16577444326009072
2019-02-13 01:27:00,0.19643600853527232
2019-02-13 01:30:00,0.19645181465313044
2019-02-13 01:33:00,0.09192330173931396
2019-02-13 01:36:00,0.15228842647940155
2019-02-13 01:39:00,0.10190720222510663
2019-02-13 01:42:00,0.1929989243409409
2019-02-13 01:45:00,0.16817128348117194
2019-02-13 01:48:00,0.1306348982211034
2019-02-13 01:51:00,0.04943273175780405
2019-02-13 01:54:00,0.12315445750999743
2019-02-13 01:57:00,0.13867150585537047
2019-02-13 02:00:00,0.13313793890097259
2019-02-13 02:03:00,0.1311231872721237
2019-02-13 02:06:00,0.163893346871248
2019-02-13 02:09:00,0.25372413975293284
2019-02-13 02:12:00,0.09689925400732591
2019-02-13 02:15:00,0.12184241285655162
2019-02-13 02:18:00,0.11515602451981977
2019-02-13 02:21:00,0.08228976739638938
2019-02-13 02:24:00,0.2011349688438031
2019-02-13 02:27:00,0.14774187977803876
2019-02-13 02:30:00,0.17081461119306596
2019-02-13 02:33:00,0.15895805180520028
2019-02-13 02:36:00,0.15771268048797538
2019-02-13 02:39:00,0.11350594997099961
2019-02-13 02:42:00,0.2058859183223376
2019-02-13 02:45:00,0.20066862411357533
2019-02-13 02:48:00,0.12595612295046976
2019-02-13 02:51:00,0.16923760915841513
2019-02-13 02:54:00,0.1956810192509124
2019-02-13 02:57:00,0.1906262335056681
2019-02-13 03:00:00,0.16119458758299743
2019-02-13 03:03:00,0.20180572249211082
2019-02-13 03:06:00,0.18163128644306425
2019-02-13 03:09:00,0.21873959852536018
2019-02-13 03:12:00,0.19520470498372333
2019-02-13 03:15:00,0.28106250387759246
2019-02-13 03:18:00,0.2045786481860432
2019-02-13 03:21:00,0.18842918432017086
2019-02-13 03:24:00,0.19253852132368365
2019-02-13 03:27:00,0.2528352647222505
2019-02-13 03:30:00,0.19009838343640695
2019-02-13 03:33:00,0.20385992508039408
2019-02-13 03:36:00,0.24169660621720368
2019-02-13 03:39:00,0.23387023664082562
2019-02-13 03:42:00,0.1458822752702531
2019-02-13 03:45:00,0.2662818459505729
2019-02-13 03:48:00,0.2567178744974967
2019-02-13 03:51:00,0.20316173210915167
2019-02-13 03:54:00,0.2250265844132855
2019-02-13 03:57:00,0.17657498060276566
2019-02-13 04:00:00,0.19653166244273734
2019-02-13 04:03:00,0.1727735313020844
2019-02-13 04:06:00,0.25171894337017875
2019-02-13 04:09:00,0.21215535246369654
2019-02-13 04:12:00,0.26920950838143654
2019-02-13 04:15:00,0.17424317050790705
2019-02-13 04:18:00,0.21695807023911584
2019-02-13 04:21:00,0.15940788083827329
2019-02-13 04:24:00,0.2833651253176299
2019-02-13 04:27:00,0.12984660936092496
2019-02-13 04:30:00,0.24214121025551094
2019-02-13 04:33:00,0.13628339629798347
2019-02-13 04:36:00,0.16800955520733396
2019-02-13 04:39:00,0.18806084193300876
2019-02-13 04:42:00,0.17548982057468265
2019-02-13 04:45:00,0.2442527527791185
2019-02-13 04:48:00,0.1531905435294334
2019-02-13 04:51:00,0.20244850027785333
2019-02-13 04:54:00,0.25019278955699065
2019-02-13 04:57:00,0.22223804035996864
2019-02-13 05:00:00,0.23359593532296685
2019-02-13 05:03:00,0.27100502703939355
2019-02-13 05:06:00,0.22224805136937675
2019-02-13 05:09:00,0.20247243020827455
2019-02-13 05:12:00,0.23119266828098262
2019-02-13 05:15:00,0.20710433436937592
2019-02-13 05:18:00,0.1480689170344931
2019-02-13 05:21:00,0.256985914515667
2019-02-13 05:24:00,0.1297981303679876
2019-02-13 05:27:00,0.049407812872118484
2019-02-13 05:30:00,0.21737491421333743
2019-02-13 05:33:00,0.15798260846173662
2019-02-13 05:36:00,0.1807391211397089
2019-02-13 05:39:00,0.18331978844247487
2019-02-13 05:42:00,0.18090372348808614
2019-02-13 05:45:00,0.104463057263672
2019-02-13 05:48:00,0.18249066623434373
2019-02-13 05:51:00,0.22776471749256189
2019-02-13 05:54:00,0.196851478836777
2019-02-13 05:57:00,0.1857661502884298
2019-02-13 06:00:00,0.15125809518571032
2019-02-13 06:03:00,0.15387862645252426
2019-02-13 06:06:00,0.11794124970890607
2019-02-13 06:09:00,0.15104505376569932
2019-02-13 06:12:00,0.05377263674421329
2019-02-13 06:15:00,0.09063094439483166
2019-02-13 06:18:00,0.16032037474775507
2019-02-13 06:21:00,0.17043628419003198
2019-02-13 06:24:00,0.17377478451879824
2019-02-13 06:27:00,0.12748283790722326
2019-02-13 06:30:00,0.07850847838778918
2019-02-13 06:33:00,0.11723061933116696
2019-02-13 06:36:00,0.16123498657890423
2019-02-13 06:39:00,0.19285400150249643
2019-02-13 06:42:00,0.15430889466898634
2019-02-13 06:45:00,0.1547732466317484
2019-02-13 06:48:00,0.1552206546179491
2019-02-13 06:51:00,0.1172224530999415
2019-02-13 06:54:00,0.2382194719307904
2019-02-13 06:57:00,0.1592223256857892
2019-02-13 07:00:00,0.1346922081709181
2019-02-13 07:03:00,0.07247491536554662
2019-02-13 07:06:00,0.20394711635066187
2019-02-13 07:09:00,0.09220062922298666
2019-02-13 07:12:00,0.10466510246504868
2019-02-13 07:15:00,0.168782626337304
2019-02-13 07:18:00,0.1501837451410779
2019-02-13 07:21:00,0.0443812263097243
2019-02-13 07:24:00,0.15489638558079832
2019-02-13 07:27:00,0.1083308917147292
2019-02-13 07:30:00,0.13869982550698978
2019-02-13 07:33:00,0.12618162047635906
2019-02-13 07:36:00,0.10705588401941668
2019-02-13 07:39:00,0.09340391638426127
2019-02-13 07:42:00,0.03261410862745606
2019-02-13 07:45:00,0.14239554114294606
2019-02-13 07:48:00,0.01946814150181808
2019-02-13 07:51:00,0.11482477257118262
2019-02-13 07:54:00,0.08874332052090494
2019-02-13 07:57:00,0.09178847213001973
2019-02-13 08:00:00,0.15418906557675882
2019-02-13 08:03:00,0.1206981160140117
2019-02-13 08:06:00,0.16936416169437507
2019-02-13 08:09:00,0.09514998601946445
2019-02-13 08:12:00,0.06357763283983786
2019-02-13 08:15:00,0.11129488844113666
2019-02-13 08:18:00,0.07510066579891372
2019-02-13 08:21:00,-0.027392956126050194
2019-02-13 08:24:00,0.030662423416572437
2019-02-13 08:27:00,0.03659823844748189
2019-02-13 08:30:00,0.024448797309844394
2019-02-13 08:33:00,0.07702005547719182
2019-02-13 08:36:00,0.050636620297609625
2019-02-13 08:39:00,0.1180034878909737
2019-02-13 08:42:00,0.03850956063780586
2019-02-13 08:45:00,0.1458638151354421
2019-02-13 08:48:00,0.05752282169407863
2019-02-13 08:51:00,0.10861364673002072
2019-02-13 08:54:00,0.11193343558176139
2019-02-13 08:57:00,-0.03192360984513698
2019-02-13 09:00:00,0.024015148753619542
2019-02-13 09:03:00,-0.020105045983768832
2019-02-13 09:06:00,-0.026420807444026195
2019-02-13 09:09:00,-0.02600582038473931
2019-02-13 09:12:00,-0.018827367885080548
2019-02-13 09:15:00,0.046526817806409326
2019-02-13 09:18:00,0.03599856919510103
2019-02-13 09:21:00,-0.0754110723443091
2019-02-13 09:24:00,-0.01811627935450133
2019-02-13 09:27:00,-0.06877847153128869
2019-02-13 09:30:00,-0.08302051092618967
2019-02-13 09:33:00,-0.005706699373376978
2019-02-13 09:36:00,-0.13953845458115666
2019-02-13 09:39:00,-0.02004973110916808
2019-02-13 09:42:00,-0.08703132927206525
2019-02-13 09:45:00,-0.07990960856176343
2019-02-13 09:48:00,-0.12380823313947076
2019-02-13 09:51:00,-0.075331376814745
2019-02-13 09:54:00,-0.16505029364896018
2019-02-13 09:57:00,-0.08345255525955508
2019-02-13 10:00:00,-0.08188729166579378
2019-02-13 10:03:00,-0.19170122989169158
2019-02-13 10:06:00,-0.16012467608976522
2019-02-13 10:09:00,-0.24336523762076467
2019-02-13 10:12:00,-0.30703506848738016
2019-02-13 10:15:00,-0.12365587647286702
2019-02-13 10:18:00,-0.13993077990505753
2019-02-13 10:21:00,-0.16094589894936462
2019-02-13 10:24:00,-0.14889647547028062
2019-02-13 10:27:00,-0.1732938381501299
2019-02-13 10:30:00,-0.1876491076260436
2019-02-13 10:33:00,-0.3216325293687987
2019-02-13 10:36:00,-0.1797493759827944
2019-02-13 10:39:00,-0.16732129739153834
2019-02-13 10:42:00,-0.14375524012598362
2019-02-13 10:45:00,-0.09460373012132095
2019-02-13 10:48:00,-0.1642221398616357
2019-02-13 10:51:00,-0.1830510851531244
2019-02-13 10:54:00,-0.17161040857877197
2019-02-13 10:57:00,-0.2077057579283519
2019-02-13 11:00:00,-0.2085784818714842
2019-02-13 11:03:00,-0.23606609977974813
2019-02-13 11:06:00,-0.1858255591009197
2019-02-13 11:09:00,-0.14297805001734787
2019-02-13 11:12:00,-0.1621148394978036
2019-02-13 11:15:00,-0.2546402163068251
2019-02-13 11:18:00,-0.16175209705852467
2019-02-13 11:21:00,-0.23965122196972288
2019-02-13 11:24:00,-0.17167660457727152
2019-02-13 11:27:00,-0.2911126510480244
2019-02-13 11:30:00,-0.2545184385708126
2019-02-13 11:33:00,-0.23285916526924666
2019-02-13 11:36:00,-0.27859584509195656
2019-02-13 11:39:00,-0.24526718836000327
2019-02-13 11:42:00,-0.4142568690549524
2019-02-13 11:45:00,-0.28793256661816713
2019-02-13 11:48:00,-0.3012718707999511
2019-02-13 11:51:00,-0.2441106354329463
2019-02-13 11:54:00,-0.3321671288898642
2019-02-13 11:57:00,-0.34523427140567264
2019-02-13 12:00:00,-0.3541191628499405
2019-02-13 12:03:00,-0.25007208306726625
2019-02-13 12:06:00,-0.3492658863117981
2019-02-13 12:09:00,-0.26239980755264014
2019-02-13 12:12:00,-0.30480610452002566
2019-02-13 12:15:00,-0.42497550573790477
2019-02-13 12:18:00,-0.3345181970012163
2019-02-13 12:21:00,-0.448585456332637
2019-02-13 12:24:00,-0.37850520868306603
2019-02-13 12:27:00,-0.42304181536331953
2019-02-13 12:30:00,-0.3892957039211069
2019-02-13 12:33:00,-0.42721073763436834
2019-02-13 12:36:00,-0.4207318463361389
2019-02-13 12:39:00,-0.3831702139719937
2019-02-13 12:42:00,-0.33803220052141114
2019-02-13 12:45:00,-0.34269951410169597
2019-02-13 12:48:00,-0.3987696440165678
2019-02-13 12:51:00,-0.43741968914019935
2019-02-13 12:54:00,-0.44356396447113866
2019-02-13 12:57:00,-0.35471630567178636
2019-02-13 13:00:00,-0.4241705655800274
2019-02-13 13:03:00,-0.3731699548829397
2019-02-13 13:06:00,-0.3625060098898416
2019-02-13 13:09:00,-0.37139305624754115
2019-02-13 13:12:00,-0.3061083940453386
2019-02-13 13:15:00,-0.32359425705379863
2019-02-13 13:18:00,-0.46120157288265773
2019-02-13 13:21:00,-0.49472140846427237
2019-02-13 13:24:00,-0.39426429585472533
2019-02-13 13:27:00,-0.4137010328466886
2019-02-13 13:30:00,-0.3439867439790305
2019-02-13 13:33:00,-0.365518500566111
2019-02-13 13:36:00,-0.28999943800795336
2019-02-13 13:39:00,-0.1929141291247447
2019-02-13 13:42:00,-0.3841717810188925
2019-02-13 13:45:00,-0.39595065836158483
2019-02-13 13:48:00,-0.34744475003816433
2019-02-13 13:51:00,-0.36251601452391924
2019-02-13 13:54:00,-0.2700349694981128
2019-02-13 13:57:00,-0.3387163517613203
2019-02-13 14:00:00,-0.4055075363028777
2019-02-13 14:03:00,-0.3554268099246656
2019-02-13 14:06:00,-0.4814207778861146
2019-02-13 14:09:00,-0.4836905180873714
2019-02-13 14:12:00,-0.46968222783817737
2019-02-13 14:15:00,-0.423712383768418
2019-02-13 14:18:00,-0.41032379786275897
2019-02-13 14:21:00,-0.43447775184336024
2019-02-13 14:24:00,-0.5005156903947068
2019-02-13 14:27:00,-0.37559342048132294
2019-02-13 14:30:00,-0.4566808107789484
2019-02-13 14:33:00,-0.5202284469708047
2019-02-13 14:36:00,-0.5208609845519732
2019-02-13 14:39:00,-0.5627669253288445
2019-02-13 14:42:00,-0.4668006632592778
2019-02-13 14:45:00,-0.46551665619699634
2019-02-13 14:48:00,-0.4826317354344951
2019-02-13 14:51:00,-0.3207404700495431
2019-02-13 14:54:00,-0.4311032045084744
2019-02-13 14:57:00,-0.4294659383964472
2019-02-13 15:00:00,-0.41430094063298384
2019-02-13 15:03:00,-0.3942670749379431
2019-02-13 15:06:00,-0.4521665231104066
2019-02-13 15:09:00,-0.48424286256852156
2019-02-13 15:12:00,-0.4359691319690455
2019-02-13 15:15:00,-0.3120265185817743
2019-02-13 15:18:00,-0.3726128987444781
2019-02-13 15:21:00,-0.44575446792157436
2019-02-13 15:24:00,-0.3310254773763859
2019-02-13 15:27:00,-0.3674096735456942
2019-02-13 15:30:00,-0.3460573830236626
2019-02-13 15:33:00,-0.403620531857257
2019-02-13 15:36:00,-0.4183321281536223
2019-02-13 15:39:00,-0.34595660726597544
2019-02-13 15:42:00,-0.48906801818566237
2019-02-13 15:45:00,-0.32806884736481834
2019-02-13 15:48:00,-0.4411897662738511
2019-02-13 15:51:00,-0.33399655934391603
2019-02-13 15:54:00,-0.2951566452294969
2019-02-13 15:57:00,-0.3070382450600846
2019-02-13 16:00:00,-0.34012795975525023
2019-02-13 16:03:00,-0.18529305697359177
2019-02-13 16:06:00,-0.28947088572891744
2019-02-13 16:09:00,-0.2521122826850615
2019-02-13 16:12:00,-0.2502361045579846
2019-02-13 16:15:00,-0.3307353886073656
2019-02-13 16:18:00,-0.2919256133314434
2019-02-13 16:21:00,-0.3052822566583018
2019-02-13 16:24:00,-0.32440550678103364
2019-02-13 16:27:00,-0.2577715855921383
2019-02-13 16:30:00,-0.33614746404953166
2019-02-13 16:33:00,-0.24851231924998274
2019-02-13 16:36:00,-0.31349684881547546
2019-02-13 16:39:00,-0.2407063705766177
2019-02-13 16:42:00,-0.330232061151321
2019-02-13 16:45:00,-0.26635343345691354
2019-02-13 16:48:00,-0.301596533305883
2019-02-13 16:51:00,-0.2101333475931142
2019-02-13 16:54:00,-0.3710725241572277
2019-02-13 16:57:00,-0.3439244132356407
2019-02-13 17:00:00,-0.42668619042507316
2019-02-13 17:03:00,-0.34110063565941573
2019-02-13 17:06:00,-0.35384242145192957
2019-02-13 17:09:00,-0.42625272614094456
2019-02-13 17:12:00,-0.3182214106116703
2019-02-13 17:15:00,-0.321427138433819
2019-02-13 17:18:00,-0.2792275283969161
2019-02-13 17:21:00,-0.2603699104996622
2019-02-13 17:24:00,-0.37084634123863225
2019-02-13 17:27:00,-0.27675848403140435
2019-02-13 17:30:00,-0.22065254371563015
2019-02-13 17:33:00,-0.3437088155856145
2019-02-13 17:36:00,-0.2514834632362408
2019-02-13 17:39:00,-0.3552870157789698
2019-02-13 17:42:00,-0.2420206971924017
2019-02-13 17:45:00,-0.24333085530457765
2019-02-13 17:48:00,-0.26353800908566427
2019-02-13 17:51:00,-0.2870624347584112
2019-02-13 17:54:00,-0.30923649898238637
2019-02-13 17:57:00,-0.15420444940912148
2019-02-13 18:00:00,-0.2909900390613984
2019-02-13 18:03:00,-0.22113963566539496
2019-02-13 18:06:00,-0.2108523529549302
2019-02-13 18:09:00,-0.25288419502709303
2019-02-13 18:12:00,-0.07890092836964868
2019-02-13 18:15:00,-0.15055106827708187
2019-02-13 18:18:00,-0.1630537619321899
2019-02-13 18:21:00,-0.1247991699732438
2019-02-13 18:24:00,-0.09815226227033236
2019-02-13 18:27:00,-0.024861746821784436
2019-02-13 18:30:00,-0.08040802420202908
2019-02-13 18:33:00,-0.08058574644803684
2019-02-13 18:36:00,-0.06354857675154335
2019-02-13 18:39:00,-0.035579663943224205
2019-02-13 18:42:00,-0.046882072125185914
2019-02-13 18:45:00,-0.013787157006959205
2019-02-13 18:48:00,-0.04592940555556879
2019-02-13 18:51:00,-0.00020255156061921298
2019-02-13 18:54:00,0.0005621393170258671
2019-02-13 18:57:00,
2019-02-13 19:00:00,
2019-02-13 19:03:00,0.06018895433902571
2019-02-13 19:06:00,-0.0037869558151442106
2019-02-13 19:09:00,-0.00860036478195525
2019-02-13 19:12:00,0.0814115126828483
2019-02-13 19:15:00,0.0469698231104303
2019-02-13 19:18:00,-0.012664380240039463
2019-02-13 19:21:00,0.03880197281779374
2019-02-13 19:24:00,-0.023742326197009334
2019-02-13 19:27:00,-0.07327401489095564
2019-02-13 19:30:00,-0.08979824555530058
2019-02-13 19:33:00,0.027032163990838853
2019-02-13 19:36:00,0.02670118634893015
2019-02-13 19:39:00,-0.012588222888268774
2019-02-13 19:42:00,-0.03135302376750815
2019-02-13 19:45:00,0.012439248292821503
2019-02-13 19:48:00,-0.009077211768214966
2019-02-13 19:51:00,0.01895633131101704
2019-02-13 19:54:00,-0.009618584657914653
2019-02-13 19:57:00,0.07865400824448443
2019-02-13 20:00:00,-0.08919470452275391
2019-02-13 20:03:00,0.0036240207747368913
2019-02-13 20:06:00,0.11635142643643803
2019-02-13 20:09:00,0.020906770739770764
2019-02-13 20:12:00,0.03051374780045535
2019-02-13 20:15:00,0.0467938081674788
2019-02-13 20:18:00,0.01571896156377761
2019-02-13 20:21:00,0.0805875760353274
2019-02-13 20:24:00,0.04408830633411753
2019-02-13 20:27:00,0.08778934233936297
2019-02-13 20:30:00,0.05195111340395897
2019-02-13 20:33:00,0.07445727897822962
2019-02-13 20:36:00,0.014806066218795877
2019-02-13 20:39:00,0.10552494969755344
2019-02-13 20:42:00,0.10597309767769048
2019-02-13 20:45:00,0.08624662927252302
2019-02-13 20:48:00,0.14102285210492482
2019-02-13 20:51:00,0.15786799457447387
2019-02-13 20:54:00,0.07752190783622837
2019-02-13 20:57:00,0.07589014429964891
2019-02-13 21:00:00,0.047237156126129776
2019-02-13 21:03:00,0.0020080387855045956
2019-02-13 21:06:00,-0.006648793679630671
2019-02-13 21:09:00,-0.0028149669324193383
2019-02-13 21:12:00,0.016420137986926875
2019-02-13 21:15:00,0.048623072590032734
2019-02-13 21:18:00,0.0034960000902515276
2019-02-13 21:21:00,0.08724268410350078
2019-02-13 21:24:00,0.07153681150390412
2019-02-13 21:27:00,0.0701175885932912
2019-02-13 21:30:00,0.08451600515206792
2019-02-13 21:33:00,0.019084252784750788
2019-02-13 21:36:00,0.007648625907393125
2019-02-13 21:39:00,0.1281490007770003
2019-02-13 21:42:00,0.03272156607988563
2019-02-13 21:45:00,0.016723005907863353
2019-02-13 21:48:00,0.08835038106337834
2019-02-13 21:51:00,0.05061962767365458
2019-02-13 21:54:00,0.0214067808552727
2019-02-13 21:57:00,0.04234773224334276
2019-02-13 22:00:00,0.023178294165290936
2019-02-13 22:03:00,0.0818096949046776
2019-02-13 22:06:00,0.053171039689118516
2019-02-13 22:09:00,0.046256897083594595
2019-02-13 22:12:00,0.08583780793532014
2019-02-13 22:15:00,0.07628649633130635
2019-02-13 22:18:00,0.08292839920238748
2019-02-13 22:21:00,0.1250421917030735
2019-02-13 22:24:00,0.1390092822110205
2019-02-13 22:27:00,0.004018597311983285
2019-02-13 22:30:00,0.052909958668010404
2019-02-13 22:33:00,0.10315954124257587
2019-02-13 22:36:00,0.08524486967132816
2019-02-13 22:39:00,0.09923756937689632
2019-02-13 22:42:00,0.024054393275605435
2019-02-13 22:45:00,0.08110242171687787
2019-02-13 22:48:00,0.02138832191263873
2019-02-13 22:51:00,-0.004481909343326151
2019-02-13 22:54:00,0.10589746972038938
2019-02-13 22:57:00,0.041508447819808225
2019-02-13 23:00:00,0.01872011622538139
2019-02-13 23:03:00,0.059581929092587416
2019-02-13 23:06:00,0.11865465808398312
2019-02-13 23:09:00,0.09564911766682371
2019-02-13 23:12:00,0.10432116276979286
2019-02-13 23:15:00,0.10059993614856921
2019-02-13 23:18:00,0.20865795149859423
2019-02-13 23:21:00,0.08231873496026765
2019-02-13 23:24:00,0.18261541064691755
2019-02-13 23:27:00,0.0736120959360278
2019-02-13 23:30:00,0.12928379627362574
2019-02-13 23:33:00,0.07713307524466018
2019-02-13 23:36:00,0.09362813449934038
2019-02-13 23:39:00,0.0905662572402548
2019-02-13 23:42:00,0.20423866537009872
2019-02-13 23:45:00,0.21580846250321883
2019-02-13 23:48:00,0.21539021913224587
2019-02-13 23:51:00,0.17954524082193757
2019-02-13 23:54:00,0.20758336006423406
2019-02-13 23:57:00,0.1550093976117637
2019-02-14 00:00:00,0.24823368373995436
2019-02-14 00:03:00,0.1470894100324358
2019-02-14 00:06:00,0.1481982816031291
2019-02-14 00:09:00,0.13113098458472905
2019-02-14 00:12:00,0.20838039935540564
2019-02-14 00:15:00,0.1572358789574082
2019-02-14 00:18:00,0.06857452990368529
2019-02-14 00:21:00,0.14501752962678438
2019-02-14 00:24:00,0.05386577606088849
2019-02-14 00:27:00,0.12948892129679734
2019-02-14 00:30:00,0.10382762558225522
2019-02-14 00:33:00,0.05550152826361909
2019-02-14 00:36:00,0.13454071767125697
2019-02-14 00:39:00,0.1117727730257343
2019-02-14 00:42:00,0.10872814370776496
2019-02-14 00:45:00,0.11883348450413678
2019-02-14 00:48:00,0.18914963594107803
2019-02-14 00:51:00,0.21264790725643934
2019-02-14 00:54:00,0.0986307207332402
2019-02-14 00:57:00,0.11048605917341092
2019-02-14 01:00:00,0.17872940492287626
2019-02-14 01:03:00,0.15441780317235043
2019-02-14 01:06:00,0.19246713324258735
2019-02-14 01:09:00,0.20761598978504026
2019-02-14 01:12:00,0.19552495064738196
2019-02-14 01:15:00,0.31733259675201
2019-02-14 01:18:00,0.26758287803437497
2019-02-14 01:21:00,0.1657921368088182
2019-02-14 01:24:00,0.1240506670051218
2019-02-14 01:27:00,0.22150049672768546
2019-02-14 01:30:00,0.0953052668461396
2019-02-14 01:33:00,0.18576472220769347
2019-02-14 01:36:00,0.16990628003151187
2019-02-14 01:39:00,0.13576302843745225
2019-02-14 01:42:00,0.2563377206448081
2019-02-14 01:45:00,0.20093021339675943
2019-02-14 01:48:00,0.16345235018314952
2019-02-14 01:51:00,0.20543601484575902
2019-02-14 01:54:00,0.18736623944340636
2019-02-14 01:57:00,0.08505843038005878
2019-02-14 02:00:00,0.2522825185909028
2019-02-14 02:03:00,0.12730560754954467
2019-02-14 02:06:00,0.1417662580042247
2019-02-14 02:09:00,0.10782602794284912
2019-02-14 02:12:00,0.14438625537388816
2019-02-14 02:15:00,0.10845921398106384
2019-02-14 02:18:00,0.18266453262913274
2019-02-14 02:21:00,0.18634380662541616
2019-02-14 02:24:00,0.22548873489728294
2019-02-14 02:27:00,0.12283139563720624
2019-02-14 02:30:00,0.13882286987461612
2019-02-14 02:33:00,0.009056414447854877
2019-02-14 02:36:00,0.030612254792060867
2019-02-14 02:39:00,0.14195118293559972
2019-02-14 02:42:00,0.06948532795223628
2019-02-14 02:45:00,0.2380857265825398
2019-02-14 02:48:00,0.10568530533032572
2019-02-14 02:51:00,0.15318713953507768
2019-02-14 02:54:00,0.11331118555665398
2019-02-14 02:57:00,0.17832648435285137
2019-02-14 03:00:00,0.2523729413533147
2019-02-14 03:03:00,0.5064025954025624
2019-02-14 03:06:00,0.5215243579233402
2019-02-14 03:09:00,0.5520484458788815
2019-02-14 03:12:00,0.5302207246626267
2019-02-14 03:15:00,0.5146747604907773
2019-02-14 03:18:00,0.394132846056948
2019-02-14 03:21:00,0.3124163273364502
2019-02-14 03:24:00,0.179491916941231
2019-02-14 03:27:00,0.24095259443464556
2019-02-14 03:30:00,0.22161965129191685
2019-02-14 03:33:00,0.21581224709012758
2019-02-14 03:36:00,0.13419455846644723
2019-02-14 03:39:00,0.17084628571200255
2019-02-14 03:42:00,0.0948966445087649
2019-02-14 03:45:00,0.18262046282012534
2019-02-14 03:48:00,0.19880795776742843
2019-02-14 03:51:00,0.19275033962094312
2019-02-14 03:54:00,0.23690169560615004
2019-02-14 03:57:00,0.11125609533871739
2019-02-14 04:00:00,0.16634609870294526
2019-02-14 04:03:00,0.18018399406156504
2019-02-14 04:06:00,0.15940001190369912
2019-02-14 04:09:00,0.13952813205042958
2019-02-14 04:12:00,0.11065092374843744
2019-02-14 04:15:00,-0.011157913077624926
2019-02-14 04:18:00,0.1618127928048807
2019-02-14 04:21:00,0.04917245153365002
2019-02-14 04:24:00,0.06381910106267696
2019-02-14 04:27:00,0.09636924109275924
2019-02-14 04:30:00,0.06264581654733092
2019-02-14 04:33:00,0.023485418660300184
2019-02-14 04:36:00,0.13812945560772505
2019-02-14 04:39:00,0.0748564811104302
2019-02-14 04:42:00,0.07093448116609125
2019-02-14 04:45:00,0.13280778151892036
2019-02-14 04:48:00,0.17521969522152858
2019-02-14 04:51:00,0.18004977046877002
2019-02-14 04:54:00,0.20935200574712098
2019-02-14 04:57:00,0.21837452232887244
2019-02-14 05:00:00,0.22921285015354442
2019-02-14 05:03:00,0.19234477715923504
2019-02-14 05:06:00,0.09932165826597839
2019-02-14 05:09:00,0.19782925304144783
2019-02-14 05:12:00,0.11593089828909342
2019-02-14 05:15:00,0.11794631911783426
2019-02-14 05:18:00,0.191953522429003
2019-02-14 05:21:00,0.1354157502977955
2019-02-14 05:24:00,0.2313312179442164
2019-02-14 05:27:00,0.22358049419585768
2019-02-14 05:30:00,0.17444967697343827
2019-02-14 05:33:00,0.17858127398386614
2019-02-14 05:36:00,0.2707062758491361
2019-02-14 05:39:00,0.2999941155085821
2019-02-14 05:42:00,0.3151224222132214
2019-02-14 05:45:00,0.15950087865769547
2019-02-14 05:48:00,0.23189423036234302
2019-02-14 05:51:00,0.12048013821464565
2019-02-14 05:54:00,0.1097715012387539
2019-02-14 05:57:00,0.22604959967355853
2019-02-14 06:00:00,0.23391251567079507
2019-02-14 06:03:00,0.16218449827141512
2019-02-14 06:06:00,0.22652570305797326
2019-02-14 06:09:00,0.26673415216862395
2019-02-14 06:12:00,0.24064981018500475
2019-02-14 06:15:00,0.2839328043200453
2019-02-14 06:18:00,0.21703575982803613
2019-02-14 06:21:00,0.36177034306916767
2019-02-14 06:24:00,0.36885487021146446
2019-02-14 06:27:00,0.38855032763535746
2019-02-14 06:30:00,0.2805994043249598
2019-02-14 06:33:00,0.2453720808154003
2019-02-14 06:36:00,0.22537640915231805
2019-02-14 06:39:00,0.33900973318270644
2019-02-14 06:42:00,0.31592711745503266
2019-02-14 06:45:00,0.24281864106291096
2019-02-14 06:48:00,0.20893374095766148
2019-02-14 06:51:00,0.2591423960045063
2019-02-14 06:54:00,0.2616682447388712
2019-02-14 06:57:00,0.3139272458362825
2019-02-14 07:00:00,0.2272879399527028
2019-02-14 07:03:00,0.28882913449513126
2019-02-14 07:06:00,0.17752716977003047
2019-02-14 07:09:00,0.13072837031518247
2019-02-14 07:12:00,0.20429503187170894
2019-02-14 07:15:00,0.22360959509404665
2019-02-14 07:18:00,0.22518325947800122
2019-02-14 07:21:00,0.23194033142971193
2019-02-14 07:24:00,0.24920717693942152
2019-02-14 07:27:00,0.20208629273696488
2019-02-14 07:30:00,0.2277065817069115
2019-02-14 07:33:00,0.23820859501319092
2019-02-14 07:36:00,0.3247327977639429
2019-02-14 07:39:00,0.3503574634800657
2019-02-14 07:42:00,0.3686255642431888
2019-02-14 07:45:00,0.1875683471442926
2019-02-14 07:48:00,0.2662167513739746
2019-02-14 07:51:00,0.277644527384723
2019-02-14 07:54:00,0.18961716990946798
2019-02-14 07:57:00,0.27511610910033824
2019-02-14 08:00:00,0.3326213211374238
2019-02-14 08:03:00,0.264198837558979
2019-02-14 08:06:00,0.24450772469174353
2019-02-14 08:09:00,0.2606263107224436
2019-02-14 08:12:00,0.22045604464028656
2019-02-14 08:15:00,0.3608595718231413
2019-02-14 08:18:00,0.24854113659046106
2019-02-14 08:21:00,0.35391990636736637
2019-02-14 08:24:00,0.31421515056632643
2019-02-14 08:27:00,0.34537849191116266
2019-02-14 08:30:00,0.24981609274419725
2019-02-14 08:33:00,0.2450482260854301
2019-02-14 08:36:00,0.2522631912987663
2019-02-14 08:39:00,0.31559876431344946
2019-02-14 08:42:00,0.16550983144571774
2019-02-14 08:45:00,0.3036459364590769
2019-02-14 08:48:00,0.1812353846284509
2019-02-14 08:51:00,0.16251001850974944
2019-02-14 08:54:00,0.1760609883171469
2019-02-14 08:57:00,0.2251571695346115
2019-02-14 09:00:00,0.1456844559298247
2019-02-14 09:03:00,0.1844125547459612
2019-02-14 09:06:00,0.14520307059484594
2019-02-14 09:09:00,0.08841550099174356
2019-02-14 09:12:00,0.18674779468301494
2019-02-14 09:15:00,0.16886576461007508
2019-02-14 09:18:00,0.09761741769005994
2019-02-14 09:21:00,0.13706789327773095
2019-02-14 09:24:00,0.17513960680093987
2019-02-14 09:27:00,0.23452688254889154
2019-02-14 09:30:00,0.04718589923282934
2019-02-14 09:33:00,0.1359918735914789
2019-02-14 09:36:00,0.04330870420415067
2019-02-14 09:39:00,0.04937355806475807
2019-02-14 09:42:00,-0.006733064886589091
2019-02-14 09:45:00,0.01686967642848458
2019-02-14 09:48:00,0.09904703915282198
2019-02-14 09:51:00,0.006830847252786043
2019-02-14 09:54:00,0.10007336584919813
2019-02-14 09:57:00,0.04146643565167096
2019-02-14 10:00:00,-0.019815827860952595
2019-02-14 10:03:00,-0.003614256290973117
2019-02-14 10:06:00,-0.010602365011777692
2019-02-14 10:09:00,0.005129397557595894
2019-02-14 10:12:00,-0.12059088038347454
2019-02-14 10:15:00,-0.024531141746365392
2019-02-14 10:18:00,-0.03614963886940359
2019-02-14 10:21:00,-0.03370318399925054
2019-02-14 10:24:00,-0.03833751818677911
2019-02-14 10:27:00,-0.00539257392580339
2019-02-14 10:30:00,0.015314975788328411
2019-02-14 10:33:00,-0.12757494104471334
2019-02-14 10:36:00,-0.06262776944060988
2019-02-14 10:39:00,-0.12428320871418919
2019-02-14 10:42:00,-0.1021743912451143
2019-02-14 10:45:00,-0.16956727261828064
2019-02-14 10:48:00,-0.18462797187368096
2019-02-14 10:51:00,-0.09424937694655
2019-02-14 10:54:00,-0.12265350516321405
2019-02-14 10:57:00,-0.15010780634366938
2019-02-14 11:00:00,-0.21076384188069142
2019-02-14 11:03:00,-0.03844064139252623
2019-02-14 11:06:00,-0.15003441305441356
2019-02-14 11:09:00,-0.11456794664792369
2019-02-14 11:12:00,-0.1368548834137755
2019-02-14 11:15:00,-0.17197438455997371
2019-02-14 11:18:00,-0.17891906858926632
2019-02-14 11:21:00,-0.21478504488339922
2019-02-14 11:24:00,-0.1875502636854094
2019-02-14 11:27:00,-0.21688636614794632
2019-02-14 11:30:00,-0.17516329507509454
2019-02-14 11:33:00,-0.20741679155821657
2019-02-14 11:36:00,-0.2153220418782098
2019-02-14 11:39:00,-0.1037800697416742
2019-02-14 11:42:00,-0.25912995091920266
2019-02-14 11:45:00,-0.09174600871693883
2019-02-14 11:48:00,-0.15049381653301452
2019-02-14 11:51:00,-0.1317234983100093
2019-02-14 11:54:00,-0.14635447952758796
2019-02-14 11:57:00,-0.2640157851298568
2019-02-14 12:00:00,-0.1902855103283514
2019-02-14 12:03:00,-0.15712239779622905
2019-02-14 12:06:00,-0.1231008037148058
2019-02-14 12:09:00,-0.1606983827985573
2019-02-14 12:12:00,-0.14574322346032886
2019-02-14 12:15:00,-0.1520525492767888
2019-02-14 12:18:00,-0.24855539732595844
2019-02-14 12:21:00,-0.09843013824462332
2019-02-14 12:24:00,-0.12348539461805785
2019-02-14 12:27:00,-0.14341710790398565
2019-02-14 12:30:00,-0.06218820730072139
2019-02-14 12:33:00,-0.18466196607488428
2019-02-14 12:36:00,-0.1843271471470871
2019-02-14 12:39:00,-0.09874298874564147
2019-02-14 12:42:00,-0.21935462915422477
2019-02-14 12:45:00,-0.1892941233562624
2019-02-14 12:48:00,-0.21661752974432602
2019-02-14 12:51:00,-0.07427726770703202
2019-02-14 12:54:00,-0.21711993854512457
2019-02-14 12:57:00,-0.29710731432976445
2019-02-14 13:00:00,-0.21004203281654554
2019-02-14 13:03:00,-0.2160420710283688
2019-02-14 13:06:00,-0.24363986235869106
2019-02-14 13:09:00,-0.30113150709206593
2019-02-14 13:12:00,-0.30331260127735504
2019-02-14 13:15:00,-0.17969093836018146
2019-02-14 13:18:00,-0.2615249010773937
2019-02-14 13:21:00,-0.25551218740622517
2019-02-14 13:24:00,-0.2228174122668065
2019-02-14 13:27:00,-0.2867238955309972
2019-02-14 13:30:00,-0.24676187126175364
2019-02-14 13:33:00,-0.19613359129340324
2019-02-14 13:36:00,-0.33733095651655276
2019-02-14 13:39:00,-0.32425795888099174
2019-02-14 13:42:00,-0.28736128285953555
2019-02-14 13:45:00,-0.32226552982422163
2019-02-14 13:48:00,-0.34059248283904253
2019-02-14 13:51:00,-0.37349642045847986
2019-02-14 13:54:00,-0.4090007502107369
2019-02-14 13:57:00,-0.303265533728279
2019-02-14 14:00:00,-0.35557494042740245
2019-02-14 14:03:00,-0.29204449804370824
2019-02-14 14:06:00,-0.3205054570987613
2019-02-14 14:09:00,-0.31605486507004343
2019-02-14 14:12:00,-0.35924699306565344
2019-02-14 14:15:00,-0.44822423919686116
2019-02-14 14:18:00,-0.4435837725060878
2019-02-14 14:21:00,-0.32868879188362143
2019-02-14 14:24:00,-0.3473506869213452
2019-02-14 14:27:00,-0.49663291172055324
2019-02-14 14:30:00,-0.31560327386347353
2019-02-14 14:33:00,-0.25592447948992003
2019-02-14 14:36:00,-0.3606173876438561
2019-02-14 14:39:00,-0.3533825675009439
2019-02-14 14:42:00,-0.41050800083559125
2019-02-14 14:45:00,-0.3240316250339106
2019-02-14 14:48:00,-0.3437853344867108
2019-02-14 14:51:00,-0.27513382577052425
2019-02-14 14:54:00,-0.4228266661411908
2019-02-14 14:57:00,-0.4278105036350439
2019-02-14 15:00:00,-0.43061730931486863
2019-02-14 15:03:00,-0.40082640231025835
2019-02-14 15:06:00,-0.3501856166874404
2019-02-14 15:09:00,-0.45204905558637165
2019-02-14 15:12:00,-0.33272288333779443
2019-02-14 15:15:00,-0.29300916898972673
2019-02-14 15:18:00,-0.28740694443234815
2019-02-14 15:21:00,-0.48260089499149217
2019-02-14 15:24:00,-0.3688380355532104
2019-02-14 15:27:00,-0.4651788863884576
2019-02-14 15:30:00,-0.2642843927549734
2019-02-14 15:33:00,-0.24831373390628642
2019-02-14 15:36:00,-0.3438312284880567
2019-02-14 15:39:00,-0.3887795605317024
2019-02-14 15:42:00,-0.3359725919838752
2019-02-14 15:45:00,-0.3960839558066027
2019-02-14 15:48:00,-0.3928668107116664
2019-02-14 15:51:00,-0.43583877133778515
2019-02-14 15:54:00,-0.3306802529565971
2019-02-14 15:57:00,-0.3690494384870817
2019-02-14 16:00:00,-0.39148928005005246
2019-02-14 16:03:00,-0.3847600731758689
2019-02-14 16:06:00,-0.4254643648094998
2019-02-14 16:09:00,-0.35436642767979265
2019-02-14 16:12:00,-0.3571313747622753
2019-02-14 16:15:00,-0.29594623948116805
2019-02-14 16:18:00,-0.32580590923026875
2019-02-14 16:21:00,-0.38494484034549714
2019-02-14 16:24:00,-0.3178905085177348
2019-02-14 16:27:00,-0.21334505220755773
2019-02-14 16:30:00,-0.3600751997663565
2019-02-14 16:33:00,-0.3616315696893935
2019-02-14 16:36:00,-0.31101117183982296
2019-02-14 16:39:00,-0.3578009691626107
2019-02-14 16:42:00,-0.3136204713808297
2019-02-14 16:45:00,-0.37786992772640815
2019-02-14 16:48:00,-0.29843009617673033
2019-02-14 16:51:00,-0.3608589504373185
2019-02-14 16:54:00,-0.3825524282411834
2019-02-14 16:57:00,-0.3061594768448117
2019-02-14 17:00:00,-0.36197577091581934
2019-02-14 17:03:00,-0.2967190757667595
2019-02-14 17:06:00,-0.2802232945663832
2019-02-14 17:09:00,-0.2576904046244408
2019-02-14 17:12:00,-0.256936464821365
2019-02-14 17:15:00,-0.30155840532512457
2019-02-14 17:18:00,-0.3039459579640038
2019-02-14 17:21:00,-0.3324969653735934
2019-02-14 17:24:00,-0.15317741349497282
2019-02-14 17:27:00,-0.2171897610883775
2019-02-14 17:30:00,-0.14101586286818701
2019-02-14 17:33:00,-0.24622613667315818
2019-02-14 17:36:00,-0.24872173475563386
2019-02-14 17:39:00,-0.1520455273153516
2019-02-14 17:42:00,-0.25920117234454665
2019-02-14 17:45:00,-0.24160636330748275
2019-02-14 17:48:00,-0.20062351536330425
2019-02-14 17:51:00,-0.21731734002730718
2019-02-14 17:54:00,-0.1449261687119474
2019-02-14 17:57:00,-0.20866670373777652
2019-02-14 18:00:00,-0.1281230209037858
2019-02-14 18:03:00,-0.1344101612806412
2019-02-14 18:06:00,-0.010440824863792386
2019-02-14 18:09:00,-0.010361360308081657
2019-02-14 18:12:00,-0.2749671508445317
2019-02-14 18:15:00,-0.10454347009624598
2019-02-14 18:18:00,-0.05515910139274638
2019-02-14 18:21:00,0.04712940247992492
2019-02-14 18:24:00,0.0020103856209630067
2019-02-14 18:27:00,0.05585904318735402
2019-02-14 18:30:00,-0.05183572533087499
2019-02-14 18:33:00,0.016415494144553122
2019-02-14 18:36:00,-0.06966149150935053
2019-02-14 18:39:00,-0.007325183126454249
2019-02-14 18:42:00,-0.0438892163065816
2019-02-14 18:45:00,-0.019679637841420572
2019-02-14 18:48:00,-0.03738851551179323
2019-02-14 18:51:00,-0.00021746524168975156
2019-02-14 18:54:00,
2019-02-14 18:57:00,
2019-02-14 19:00:00,
2019-02-14 19:03:00,0.15187022821442042
2019-02-14 19:06:00,0.07066910030988538
2019-02-14 19:09:00,0.10548846481412966
2019-02-14 19:12:00,0.20069451473858635
2019-02-14 19:15:00,0.0995776165375446
2019-02-14 19:18:00,0.0920234277569989
2019-02-14 19:21:00,0.12308951608162033
2019-02-14 19:24:00,-0.008525159585019537
2019-02-14 19:27:00,0.09228592990734796
2019-02-14 19:30:00,0.09308352915189744
2019-02-14 19:33:00,0.06297900778946541
2019-02-14 19:36:00,0.05921744867930556
2019-02-14 19:39:00,0.08727439402417758
2019-02-14 19:42:00,0.01216495640727544
2019-02-14 19:45:00,0.07873395701068375
2019-02-14 19:48:00,0.09265021882464453
2019-02-14 19:51:00,0.08332160208328787
2019-02-14 19:54:00,0.11314983705671011
2019-02-14 19:57:00,0.15124076905152606
2019-02-14 20:00:00,0.007279196160993706
2019-02-14 20:03:00,0.03853822552451902
2019-02-14 20:06:00,0.07427099901121892
2019-02-14 20:09:00,0.021858285045652792
2019-02-14 20:12:00,0.06028378052451444
2019-02-14 20:15:00,0.039646485045125246
2019-02-14 20:18:00,0.11358532099978902
2019-02-14 20:21:00,0.03166344934680865
2019-02-14 20:24:00,0.10720084697555876
2019-02-14 20:27:00,0.09161517136323027
2019-02-14 20:30:00,0.11657254003756634
2019-02-14 20:33:00,0.20357180914180617
2019-02-14 20:36:00,0.1883033436559458
2019-02-14 20:39:00,0.10513615314528124
2019-02-14 20:42:00,0.11674003910752617
2019-02-14 20:45:00,0.2576683477730626
2019-02-14 20:48:00,0.1292548017778472
2019-02-14 20:51:00,0.17671423647573192
2019-02-14 20:54:00,0.1816783970700726
2019-02-14 20:57:00,0.14335553779807242
2019-02-14 21:00:00,0.19175943632512826
2019-02-14 21:03:00,0.16351373992614526
2019-02-14 21:06:00,0.14499883716746353
2019-02-14 21:09:00,0.15915700697587454
2019-02-14 21:12:00,0.1099180789299794
2019-02-14 21:15:00,0.14447963445309142
2019-02-14 21:18:00,0.198118673396948
2019-02-14 21:21:00,0.18360804917097084
2019-02-14 21:24:00,0.10993776857867488
2019-02-14 21:27:00,0.21610669215624512
2019-02-14 21:30:00,0.15489399224657063
2019-02-14 21:33:00,0.21052998299893488
2019-02-14 21:36:00,0.14583579953426806
2019-02-14 21:39:00,0.13832386230342308
2019-02-14 21:42:00,0.08093578662067102
2019-02-14 21:45:00,0.1734725877408323
2019-02-14 21:48:00,0.15912420863179477
2019-02-14 21:51:00,0.2851956852750277
2019-02-14 21:54:00,0.1532665067918515
2019-02-14 21:57:00,0.1792836558080353
2019-02-14 22:00:00,0.20124649371172154
2019-02-14 22:03:00,0.17056812408702626
2019-02-14 22:06:00,0.13672763038368885
2019-02-14 22:09:00,0.10475892840889856
2019-02-14 22:12:00,0.09947957159789667
2019-02-14 22:15:00,0.11862573713318625
2019-02-14 22:18:00,0.1518806507925774
2019-02-14 22:21:00,0.12634924806002346
2019-02-14 22:24:00,0.13764262492054513
2019-02-14 22:27:00,0.16069609299580634
2019-02-14 22:30:00,0.11946435283431356
2019-02-14 22:33:00,0.20827671592167007
2019-02-14 22:36:00,0.08928269168404768
2019-02-14 22:39:00,0.1413616395109898
2019-02-14 22:42:00,0.08544044851043964
2019-02-14 22:45:00,0.2794820664669828
2019-02-14 22:48:00,0.17450607417009678
2019-02-14 22:51:00,0.18330459275097155
2019-02-14 22:54:00,0.18852485741740566
2019-02-14 22:57:00,0.11292020916329193
2019-02-14 23:00:00,0.0847969641621944
2019-02-14 23:03:00,0.21602072393818617
2019-02-14 23:06:00,0.20429751663243678
2019-02-14 23:09:00,0.13137319377813128
2019-02-14 23:12:00,0.13329146052785745
2019-02-14 23:15:00,0.24226955375593207
2019-02-14 23:18:00,0.11200453894076645
2019-02-14 23:21:00,0.20609917513274922
2019-02-14 23:24:00,0.17340036988355223
2019-02-14 23:27:00,0.15456093249986225
2019-02-14 23:30:00,0.15215279976706597
2019-02-14 23:33:00,0.17582518777697942
2019-02-14 23:36:00,0.2212707179356812
2019-02-14 23:39:00,0.22605815802160123
2019-02-14 23:42:00,0.2244597801691839
2019-02-14 23:45:00,0.25349842033392633
2019-02-14 23:48:00,0.1502165289706454
2019-02-14 23:51:00,0.1905060620751442
2019-02-14 23:54:00,0.23953161112552834
2019-02-14 23:57:00,0.19202773454009048
2019-02-15 00:00:00,0.18951628178598412
2019-02-15 00:03:00,0.21069242610315086
2019-02-15 00:06:00,0.2470573057074148
2019-02-15 00:09:00,0.20107235046128835
2019-02-15 00:12:00,0.22106718491829724
2019-02-15 00:15:00,0.2684404152714137
2019-02-15 00:18:00,0.18888974947873294
2019-02-15 00:21:00,0.2734207058508673
2019-02-15 00:24:00,0.29645510285911314
2019-02-15 00:27:00,0.2307606793992818
2019-02-15 00:30:00,0.336837157687512
2019-02-15 00:33:00,0.22618955662670714
2019-02-15 00:36:00,0.2788467445034257
2019-02-15 00:39:00,0.24174543271743687
2019-02-15 00:42:00,0.2758195190142487
2019-02-15 00:45:00,0.22817130938790342
2019-02-15 00:48:00,0.3615667102771454
2019-02-15 00:51:00,0.25774913443825653
2019-02-15 00:54:00,0.23159974788944737
2019-02-15 00:57:00,0.26537693680012353
2019-02-15 01:00:00,0.27865121157566364
2019-02-15 01:03:00,0.3070782569453172
2019-02-15 01:06:00,0.2648034125979848
2019-02-15 01:09:00,0.26615496105210923
2019-02-15 01:12:00,0.3355287314274733
2019-02-15 01:15:00,0.256411932408696
2019-02-15 01:18:00,0.3667556732536923
2019-02-15 01:21:00,0.28200380108228273
2019-02-15 01:24:00,0.2781468323268541
2019-02-15 01:27:00,0.33707924040351145
2019-02-15 01:30:00,0.319217558810692
2019-02-15 01:33:00,0.33030171970608535
2019-02-15 01:36:00,0.4014255996499969
2019-02-15 01:39:00,0.3141276317185202
2019-02-15 01:42:00,0.3103232350984513
2019-02-15 01:45:00,0.3635289038709857
2019-02-15 01:48:00,0.3997012229930874
2019-02-15 01:51:00,0.3050816288612168
2019-02-15 01:54:00,0.3283182464136303
2019-02-15 01:57:00,0.2764362375251608
2019-02-15 02:00:00,0.3076498020944882
2019-02-15 02:03:00,0.26386712089663433
2019-02-15 02:06:00,0.34431601880748985
2019-02-15 02:09:00,0.33721348666523454
2019-02-15 02:12:00,0.33445745169029806
2019-02-15 02:15:00,0.3126815581751998
2019-02-15 02:18:00,0.3805338296738796
2019-02-15 02:21:00,0.3413567838052245
2019-02-15 02:24:00,0.36309682675369004
2019-02-15 02:27:00,0.3387418567845657
2019-02-15 02:30:00,0.27175521621290954
2019-02-15 02:33:00,0.402495627205667
2019-02-15 02:36:00,0.3388958982943109
2019-02-15 02:39:00,0.3829285145108088
2019-02-15 02:42:00,0.4255781057872241
2019-02-15 02:45:00,0.4520470448626952
2019-02-15 02:48:00,0.42856807857327794
2019-02-15 02:51:00,0.3509312176341268
2019-02-15 02:54:00,0.35363433136564026
2019-02-15 02:57:00,0.4476386648105404
2019-02-15 03:00:00,0.4335405283869136
2019-02-15 03:03:00,0.41165468974639907
2019-02-15 03:06:00,0.3797375184442444
2019-02-15 03:09:00,0.44141035030867215
2019-02-15 03:12:00,0.4170333494723195
2019-02-15 03:15:00,0.4491197838218568
2019-02-15 03:18:00,0.33556791971301436
2019-02-15 03:21:00,0.461090986042052
2019-02-15 03:24:00,0.44296208157970796
2019-02-15 03:27:00,0.3396914998577927
2019-02-15 03:30:00,0.37557851321349744
2019-02-15 03:33:00,0.40701338745378735
2019-02-15 03:36:00,0.47265987171851975
2019-02-15 03:39:00,0.3687440077300721
2019-02-15 03:42:00,0.4102701678841072
2019-02-15 03:45:00,0.35086915127180873
2019-02-15 03:48:00,0.39225589693523943
2019-02-15 03:51:00,0.296436850457269
2019-02-15 03:54:00,0.37106986752917237
2019-02-15 03:57:00,0.3709234070799994
2019-02-15 04:00:00,0.40915254003829205
2019-02-15 04:03:00,0.38210458124171964
2019-02-15 04:06:00,0.35792445751042123
2019-02-15 04:09:00,0.4020113986433671
2019-02-15 04:12:00,0.41299481589112474
2019-02-15 04:15:00,0.45069240788399156
2019-02-15 04:18:00,0.48691590911852245
2019-02-15 04:21:00,0.42318892445575784
2019-02-15 04:24:00,0.44459324014184176
2019-02-15 04:27:00,0.3467670323506127
2019-02-15 04:30:00,0.3768316638003739
2019-02-15 04:33:00,0.39085961398194513
2019-02-15 04:36:00,0.4166469553082379
2019-02-15 04:39:00,0.46694471171281293
2019-02-15 04:42:00,0.44936116551360783
2019-02-15 04:45:00,0.46535620595489036
2019-02-15 04:48:00,0.3211715626239311
2019-02-15 04:51:00,0.4488318124722923
2019-02-15 04:54:00,0.4385273973021526
2019-02-15 04:57:00,0.3941760922812705
2019-02-15 05:00:00,0.4220917346585793
2019-02-15 05:03:00,0.5021410473535752
2019-02-15 05:06:00,0.3881253898986188
2019-02-15 05:09:00,0.43485362276703654
2019-02-15 05:12:00,0.4154399736922869
2019-02-15 05:15:00,0.3711442242939711
2019-02-15 05:18:00,0.40140425424630166
2019-02-15 05:21:00,0.43180163982293607
2019-02-15 05:24:00,0.4437528134026252
2019-02-15 05:27:00,0.42241622898637843
2019-02-15 05:30:00,0.47440243657268866
2019-02-15 05:33:00,0.3988996372081033
2019-02-15 05:36:00,0.37603073059989356
2019-02-15 05:39:00,0.4640805844565534
2019-02-15 05:42:00,0.4062954422048506
2019-02-15 05:45:00,0.3887224685809656
2019-02-15 05:48:00,0.4405092103240804
2019-02-15 05:51:00,0.42159021213825554
2019-02-15 05:54:00,0.49472568062083155
2019-02-15 05:57:00,0.4551530957767227
2019-02-15 06:00:00,0.41316958482025257
2019-02-15 06:03:00,0.40418630846431824
2019-02-15 06:06:00,0.36544240862474453
2019-02-15 06:09:00,0.4699455650219875
2019-02-15 06:12:00,0.42961874758350405
2019-02-15 06:15:00,0.3711456870546499
2019-02-15 06:18:00,0.4040050270899087
2019-02-15 06:21:00,0.47558029617465536
2019-02-15 06:24:00,0.3867825904349047
2019-02-15 06:27:00,0.4766514475080612
2019-02-15 06:30:00,0.4629142362070411
2019-02-15 06:33:00,0.4223645911279732
2019-02-15 06:36:00,0.4216073783288721
2019-02-15 06:39:00,0.4722130303081826
2019-02-15 06:42:00,0.4625378273310048
2019-02-15 06:45:00,0.43574799397413244
2019-02-15 06:48:00,0.4316208569388209
2019-02-15 06:51:00,0.4910046956313181
2019-02-15 06:54:00,0.4104269255833515
2019-02-15 06:57:00,0.5288842393526352
2019-02-15 07:00:00,0.4693942077544193
2019-02-15 07:03:00,0.3813675705617925
2019-02-15 07:06:00,0.5685412501584892
2019-02-15 07:09:00,0.5095720108340629
2019-02-15 07:12:00,0.49963843525483753
2019-02-15 07:15:00,0.42389373323419477
2019-02-15 07:18:00,0.4385625309281522
2019-02-15 07:21:00,0.5417266303508654
2019-02-15 07:24:00,0.48375647162214364
2019-02-15 07:27:00,0.48392621799536073
2019-02-15 07:30:00,0.5019568906607788
2019-02-15 07:33:00,0.5003531073819545
2019-02-15 07:36:00,0.39556266986380706
2019-02-15 07:39:00,0.46568957082513407
2019-02-15 07:42:00,0.39925748165416053
2019-02-15 07:45:00,0.48307469591611607
2019-02-15 07:48:00,0.4437085109484542
2019-02-15 07:51:00,0.4802651633700634
2019-02-15 07:54:00,0.47948375900739393
2019-02-15 07:57:00,0.5632301007918841
2019-02-15 08:00:00,0.32150103352284987
2019-02-15 08:03:00,0.3329704789737775
2019-02-15 08:06:00,0.42977973074812326
2019-02-15 08:09:00,0.37983533658513124
2019-02-15 08:12:00,0.38393987085487424
2019-02-15 08:15:00,0.31492689552050024
2019-02-15 08:18:00,0.3021053489580936
2019-02-15 08:21:00,0.4253545195144284
2019-02-15 08:24:00,0.3773448152621768
2019-02-15 08:27:00,0.3828118410670527
2019-02-15 08:30:00,0.3414998844643833
2019-02-15 08:33:00,0.302325968986338
2019-02-15 08:36:00,0.34494266354056435
2019-02-15 08:39:00,0.3774095020828554
2019-02-15 08:42:00,0.2683514862268339
2019-02-15 08:45:00,0.27348927289585845
2019-02-15 08:48:00,0.24421078292311904
2019-02-15 08:51:00,0.18737533466128298
2019-02-15 08:54:00,0.24913984193062788
2019-02-15 08:57:00,0.2521824694648558
2019-02-15 09:00:00,0.21091695442208902
2019-02-15 09:03:00,0.13137288232803712
2019-02-15 09:06:00,0.15738736041856782
2019-02-15 09:09:00,0.20764356761645786
2019-02-15 09:12:00,0.07532930410542349
2019-02-15 09:15:00,0.08690607048072252
2019-02-15 09:18:00,0.1451154422095442
2019-02-15 09:21:00,0.1937978444377677
2019-02-15 09:24:00,0.1321232959437566
2019-02-15 09:27:00,0.1652415564584544
2019-02-15 09:30:00,0.07868663257187336
2019-02-15 09:33:00,-0.01758418894434044
2019-02-15 09:36:00,0.11142845515809086
2019-02-15 09:39:00,0.07001378841829364
2019-02-15 09:42:00,-0.04702687185397281
2019-02-15 09:45:00,0.09716136848214774
2019-02-15 09:48:00,0.09789463155607336
2019-02-15 09:51:00,0.09549438667073673
2019-02-15 09:54:00,0.08226398432827864
2019-02-15 09:57:00,0.02419375436051041
2019-02-15 10:00:00,-0.013607854747306192
2019-02-15 10:03:00,0.087544344464618
2019-02-15 10:06:00,0.04673957662515704
2019-02-15 10:09:00,0.05089060010743651
2019-02-15 10:12:00,0.14244264671964402
2019-02-15 10:15:00,-0.0069420854122768105
2019-02-15 10:18:00,0.07043777767233905
2019-02-15 10:21:00,0.018864319348153913
2019-02-15 10:24:00,-0.012325846139674468
2019-02-15 10:27:00,-0.07438353307315992
2019-02-15 10:30:00,-0.0792679180846676
2019-02-15 10:33:00,-0.02631116128480926
2019-02-15 10:36:00,0.011881306052941909
2019-02-15 10:39:00,-0.09610804700167819
2019-02-15 10:42:00,-0.09358809139035884
2019-02-15 10:45:00,-0.02579369660810471
2019-02-15 10:48:00,-0.053738113404506294
2019-02-15 10:51:00,-0.09414693211550684
2019-02-15 10:54:00,-0.13790394656939498
2019-02-15 10:57:00,-0.05595903310756967
2019-02-15 11:00:00,-0.10711414033926303
2019-02-15 11:03:00,-0.09173222906309775
2019-02-15 11:06:00,-0.1513712387643409
2019-02-15 11:09:00,-0.21754045319102033
2019-02-15 11:12:00,-0.14383849090620515
2019-02-15 11:15:00,-0.19359557859212373
2019-02-15 11:18:00,-0.17018229802164342
2019-02-15 11:21:00,-0.06415959577225294
2019-02-15 11:24:00,-0.20498397166920768
2019-02-15 11:27:00,-0.19282401331747678
2019-02-15 11:30:00,-0.14239151171557296
2019-02-15 11:33:00,-0.16602315736355422
2019-02-15 11:36:00,-0.2020167092409224
2019-02-15 11:39:00,-0.17893302310358195
2019-02-15 11:42:00,-0.2705609020339921
2019-02-15 11:45:00,-0.29986163843358327
2019-02-15 11:48:00,-0.2003252146079717
2019-02-15 11:51:00,-0.2025375563669627
2019-02-15 11:54:00,-0.18769244865148949
2019-02-15 11:57:00,-0.16413188325657302
2019-02-15 12:00:00,-0.15895129100402983
2019-02-15 12:03:00,-0.14076311358621751
2019-02-15 12:06:00,-0.21405736137302256
2019-02-15 12:09:00,-0.2774385831942823
2019-02-15 12:12:00,-0.3799551220909052
2019-02-15 12:15:00,-0.2205862951157087
2019-02-15 12:18:00,-0.21565344854604973
2019-02-15 12:21:00,-0.16082856525252964
2019-02-15 12:24:00,-0.10516604693577847
2019-02-15 12:27:00,-0.3069705532860212
2019-02-15 12:30:00,-0.2911512657914841
2019-02-15 12:33:00,-0.2833896154280069
2019-02-15 12:36:00,-0.26566829437064143
2019-02-15 12:39:00,-0.33115949593337746
2019-02-15 12:42:00,-0.2814988363186899
2019-02-15 12:45:00,-0.23971257834080006
2019-02-15 12:48:00,-0.25763011100417543
2019-02-15 12:51:00,-0.2126815224151528
2019-02-15 12:54:00,-0.3192330624030433
2019-02-15 12:57:00,-0.28455987944442995
2019-02-15 13:00:00,-0.35247365584018553
2019-02-15 13:03:00,-0.2999430470152902
2019-02-15 13:06:00,-0.29455271008197315
2019-02-15 13:09:00,-0.22925162403191734
2019-02-15 13:12:00,-0.32387125993511745
2019-02-15 13:15:00,-0.32252158148730814
2019-02-15 13:18:00,-0.292270937018543
2019-02-15 13:21:00,-0.24724022847703964
2019-02-15 13:24:00,-0.36887224143805497
2019-02-15 13:27:00,-0.2932051650755625
2019-02-15 13:30:00,-0.15785928002645733
2019-02-15 13:33:00,-0.30493565820376034
2019-02-15 13:36:00,-0.3272219317094027
2019-02-15 13:39:00,-0.32016023864508725
2019-02-15 13:42:00,-0.32279326992460255
2019-02-15 13:45:00,-0.2820708369778231
2019-02-15 13:48:00,-0.3198719436887245
2019-02-15 13:51:00,-0.34824789908032017
2019-02-15 13:54:00,-0.3410413464290514
2019-02-15 13:57:00,-0.37019464943875846
2019-02-15 14:00:00,-0.40685261631938374
2019-02-15 14:03:00,-0.2337033382689242
2019-02-15 14:06:00,-0.45957461503400054
2019-02-15 14:09:00,-0.36481770297058347
2019-02-15 14:12:00,-0.30630484346249887
2019-02-15 14:15:00,-0.3214473698877214
2019-02-15 14:18:00,-0.3393151203524667
2019-02-15 14:21:00,-0.30411767227337805
2019-02-15 14:24:00,-0.3136139292155917
2019-02-15 14:27:00,-0.49275503071595494
2019-02-15 14:30:00,-0.4472232234187459
2019-02-15 14:33:00,-0.43920915717507114
2019-02-15 14:36:00,-0.39928385552400414
2019-02-15 14:39:00,-0.38487922890715254
2019-02-15 14:42:00,-0.3115829683030711
2019-02-15 14:45:00,-0.3247527108121062
2019-02-15 14:48:00,-0.47704892627916706
2019-02-15 14:51:00,-0.4411622491082312
2019-02-15 14:54:00,-0.310689295255429
2019-02-15 14:57:00,-0.37777356205708656
2019-02-15 15:00:00,-0.4249661845534547
2019-02-15 15:03:00,-0.35824443571772235
2019-02-15 15:06:00,-0.3987242259240702
2019-02-15 15:09:00,-0.4059066502944688
2019-02-15 15:12:00,-0.4291453264828533
2019-02-15 15:15:00,-0.3237047998299545
2019-02-15 15:18:00,-0.3745530158009842
2019-02-15 15:21:00,-0.4091484766519784
2019-02-15 15:24:00,-0.38182004928739843
2019-02-15 15:27:00,-0.42520544869063315
2019-02-15 15:30:00,-0.4426084734022879
2019-02-15 15:33:00,-0.341154922073315
2019-02-15 15:36:00,-0.42888476644213824
2019-02-15 15:39:00,-0.3776071565231405
2019-02-15 15:42:00,-0.2932693944520679
2019-02-15 15:45:00,-0.3233589083752122
2019-02-15 15:48:00,-0.338732017681707
2019-02-15 15:51:00,-0.4358320745854485
2019-02-15 15:54:00,-0.31036019174564444
2019-02-15 15:57:00,-0.35123047842142796
2019-02-15 16:00:00,-0.37832084541429367
2019-02-15 16:03:00,-0.33090503124390125
2019-02-15 16:06:00,-0.31835811978851325
2019-02-15 16:09:00,-0.24578942320579245
2019-02-15 16:12:00,-0.33027768660781476
2019-02-15 16:15:00,-0.30306270729977314
2019-02-15 16:18:00,-0.41870604916027787
2019-02-15 16:21:00,-0.34393068553998773
2019-02-15 16:24:00,-0.32316566123029133
2019-02-15 16:27:00,-0.4196179175862085
2019-02-15 16:30:00,-0.39058997508215043
2019-02-15 16:33:00,-0.3740240269661399
2019-02-15 16:36:00,-0.303414943665814
2019-02-15 16:39:00,-0.33179314184633313
2019-02-15 16:42:00,-0.29513411630216524
2019-02-15 16:45:00,-0.3827535857012663
2019-02-15 16:48:00,-0.36660557561128826
2019-02-15 16:51:00,-0.3075072983152154
2019-02-15 16:54:00,-0.2431069480285828
2019-02-15 16:57:00,-0.2363000807930007
2019-02-15 17:00:00,-0.34597871059048657
2019-02-15 17:03:00,-0.2881176802317782
2019-02-15 17:06:00,-0.30874379069314273
2019-02-15 17:09:00,-0.3353917771204351
2019-02-15 17:12:00,-0.29196548416473433
2019-02-15 17:15:00,-0.2142013730895087
2019-02-15 17:18:00,-0.2099477559246452
2019-02-15 17:21:00,-0.1449433812369989
2019-02-15 17:24:00,-0.19902156143922412
2019-02-15 17:27:00,-0.13238084565705321
2019-02-15 17:30:00,-0.09181086400906224
2019-02-15 17:33:00,-0.08837084911783677
2019-02-15 17:36:00,-0.07196097751977959
2019-02-15 17:39:00,-0.07615051480416923
2019-02-15 17:42:00,-0.13077703430747079
2019-02-15 17:45:00,-0.03726500625657536
2019-02-15 17:48:00,-0.11460776341783685
2019-02-15 17:51:00,-0.0467319906888406
2019-02-15 17:54:00,-0.023732608559896562
2019-02-15 17:57:00,-0.05829772616510809
2019-02-15 18:00:00,-0.01154839882565284
2019-02-15 18:03:00,-0.019430963462980344
2019-02-15 18:06:00,-0.0571636747626485
2019-02-15 18:09:00,-0.038074022937848895
2019-02-15 18:12:00,0.03632054768172566
2019-02-15 18:15:00,0.0686677570246843
2019-02-15 18:18:00,0.010574955618153581
2019-02-15 18:21:00,0.053523069733898865
2019-02-15 18:24:00,0.06387297069568376
2019-02-15 18:27:00,0.0605718019431265
2019-02-15 18:30:00,0.135179556913954
2019-02-15 18:33:00,0.13986858510372713
2019-02-15 18:36:00,0.15136183167430772
2019-02-15 18:39:00,0.01204525224079589
2019-02-15 18:42:00,0.06598544940379725
2019-02-15 18:45:00,0.1412471449081636
2019-02-15 18:48:00,0.20799588383925993
2019-02-15 18:51:00,0.13310787911046873
2019-02-15 18:54:00,
2019-02-15 18:57:00,
2019-02-15 19:00:00,
2019-02-15 19:03:00,0.09725174882453302
2019-02-15 19:06:00,0.16995042514884062
2019-02-15 19:09:00,0.1447208464798564
2019-02-15 19:12:00,0.21299838846834973
2019-02-15 19:15:00,0.1685273626736148
2019-02-15 19:18:00,0.26536720006379255
2019-02-15 19:21:00,0.15594540316800476
2019-02-15 19:24:00,0.22820987020139682
2019-02-15 19:27:00,0.27630986639491084
2019-02-15 19:30:00,0.11355560383572083
2019-02-15 19:33:00,0.19315831172434628
2019-02-15 19:36:00,0.19208337148813825
2019-02-15 19:39:00,0.2263359973269985
2019-02-15 19:42:00,0.24139898009161698
2019-02-15 19:45:00,0.10220203328407251
2019-02-15 19:48:00,0.22741157221429376
2019-02-15 19:51:00,0.18910632500626434
2019-02-15 19:54:00,0.1528203082083337
2019-02-15 19:57:00,0.1481535556314384
2019-02-15 20:00:00,0.24834072646541472
2019-02-15 20:03:00,0.28902736598814727
2019-02-15 20:06:00,0.29390983028383744
2019-02-15 20:09:00,0.1923088724537365
2019-02-15 20:12:00,0.120711762519079
2019-02-15 20:15:00,0.22587060774117163
2019-02-15 20:18:00,0.32315758358652147
2019-02-15 20:21:00,0.23429898673430216
2019-02-15 20:24:00,0.27263952053044704
2019-02-15 20:27:00,0.17468083588204308
2019-02-15 20:30:00,0.2751419104023398
2019-02-15 20:33:00,0.23584357896453412
2019-02-15 20:36:00,0.24955500999755031
2019-02-15 20:39:00,0.13735566175211034
2019-02-15 20:42:00,0.2995387845911637
2019-02-15 20:45:00,0.27028576823192907
2019-02-15 20:48:00,0.2191431624265192
2019-02-15 20:51:00,0.17818782677511535
2019-02-15 20:54:00,0.3174122748398531
2019-02-15 20:57:00,0.2668090180478089
2019-02-15 21:00:00,0.21385696742555638
2019-02-15 21:03:00,0.2647817064448077
2019-02-15 21:06:00,0.25672147149185776
2019-02-15 21:09:00,0.3032326644781165
2019-02-15 21:12:00,0.27233229577927887
2019-02-15 21:15:00,0.3449109640445158
2019-02-15 21:18:00,0.22286326851502736
2019-02-15 21:21:00,0.23297674057329232
2019-02-15 21:24:00,0.21103895065829192
2019-02-15 21:27:00,0.2670365044625669
2019-02-15 21:30:00,0.2518429699965168
2019-02-15 21:33:00,0.1638254482580237
2019-02-15 21:36:00,0.31382582802990555
2019-02-15 21:39:00,0.26066157612962115
2019-02-15 21:42:00,0.28569353374342654
2019-02-15 21:45:00,0.2223915659747604
2019-02-15 21:48:00,0.263772873898688
2019-02-15 21:51:00,0.22305844137110853
2019-02-15 21:54:00,0.2662431762446431
2019-02-15 21:57:00,0.1363383576011188
2019-02-15 22:00:00,0.16979007993182904
2019-02-15 22:03:00,0.1846059937853397
2019-02-15 22:06:00,0.20648262023593134
2019-02-15 22:09:00,0.26073750842033405
2019-02-15 22:12:00,0.1909410232945561
2019-02-15 22:15:00,0.2178957643163244
2019-02-15 22:18:00,0.1817606157135856
2019-02-15 22:21:00,0.09348083814239772
2019-02-15 22:24:00,0.12020828787859728
2019-02-15 22:27:00,0.18810691309005279
2019-02-15 22:30:00,0.19974364315402227
2019-02-15 22:33:00,0.15003081581266997
2019-02-15 22:36:00,0.2031606075092327
2019-02-15 22:39:00,0.17759583628139808
2019-02-15 22:42:00,0.18330051722824692
2019-02-15 22:45:00,0.2084359388171606
2019-02-15 22:48:00,0.15353964004862064
2019-02-15 22:51:00,0.12839221569947767
2019-02-15 22:54:00,0.14176634058713944
2019-02-15 22:57:00,0.1289684857021598
2019-02-15 23:00:00,0.25099536650299115
2019-02-15 23:03:00,0.13156077407938938
2019-02-15 23:06:00,0.17882280517522986
2019-02-15 23:09:00,0.1405724257265888
2019-02-15 23:12:00,0.18910254540833193
2019-02-15 23:15:00,0.23492987460906534
2019-02-15 23:18:00,0.3327786289938217
2019-02-15 23:21:00,0.21089917990934737
2019-02-15 23:24:00,0.17216931615024578
2019-02-15 23:27:00,0.1375629584308058
2019-02-15 23:30:00,0.1697485588418317
2019-02-15 23:33:00,0.21927536469507913
2019-02-15 23:36:00,0.1143565735646348
2019-02-15 23:39:00,0.16089405419484137
2019-02-15 23:42:00,0.19246802862261347
2019-02-15 23:45:00,0.1031611577745366
2019-02-15 23:48:00,0.14386256271143338
2019-02-15 23:51:00,0.1546238122880368
2019-02-15 23:54:00,0.20078922156199042
2019-02-15 23:57:00,0.1705598515234783
2019-02-16 00:00:00,0.16421987932079674
2019-02-16 00:03:00,0.13421260226101595
2019-02-16 00:06:00,0.12352771279671515
2019-02-16 00:09:00,0.17757812500610726
2019-02-16 00:12:00,0.2006323332948341
2019-02-16 00:15:00,0.17579560228426772
2019-02-16 00:18:00,0.22741581146829049
2019-02-16 00:21:00,0.15976997056270648
2019-02-16 00:24:00,0.21062126156755312
2019-02-16 00:27:00,0.23822658798098928
2019-02-16 00:30:00,0.15788344224819184
2019-02-16 00:33:00,0.14691743794213608
2019-02-16 00:36:00,0.17657826597513804
2019-02-16 00:39:00,0.203576623515346
2019-02-16 00:42:00,0.11829916859301193
2019-02-16 00:45:00,0.20159731979447315
2019-02-16 00:48:00,0.22300692630182084
2019-02-16 00:51:00,0.14627634967195036
2019-02-16 00:54:00,0.26039261884614007
2019-02-16 00:57:00,0.22735872259147527
2019-02-16 01:00:00,0.13252910602170687
2019-02-16 01:03:00,0.19968749540561248
2019-02-16 01:06:00,0.2735249660004797
2019-02-16 01:09:00,0.2430100877197674
2019-02-16 01:12:00,0.17748235809631296
2019-02-16 01:15:00,0.265323832095703
2019-02-16 01:18:00,0.2347914699633975
2019-02-16 01:21:00,0.21014457542901255
2019-02-16 01:24:00,0.2386822726734863
2019-02-16 01:27:00,0.30886632509736955
2019-02-16 01:30:00,0.17830106519750188
2019-02-16 01:33:00,0.2620579481577465
2019-02-16 01:36:00,0.33888046082745404
2019-02-16 01:39:00,0.2172161997485773
2019-02-16 01:42:00,0.28171273818168174
2019-02-16 01:45:00,0.2808750881877131
2019-02-16 01:48:00,0.39563785506942395
2019-02-16 01:51:00,0.3167300779024913
2019-02-16 01:54:00,0.33889712503690816
2019-02-16 01:57:00,0.37124210524291357
2019-02-16 02:00:00,0.32335623388263457
2019-02-16 02:03:00,0.328228465000052
2019-02-16 02:06:00,0.29657711505626594
2019-02-16 02:09:00,0.28796642605362877
2019-02-16 02:12:00,0.3801994642259956
2019-02-16 02:15:00,0.3899390786620529
2019-02-16 02:18:00,0.3272651045452335
2019-02-16 02:21:00,0.40139960120421847
2019-02-16 02:24:00,0.4092343874552853
2019-02-16 02:27:00,0.2908801005053192
2019-02-16 02:30:00,0.3825960794950447
2019-02-16 02:33:00,0.42814923689911666
2019-02-16 02:36:00,0.37310213203585363
2019-02-16 02:39:00,0.27685719289468125
2019-02-16 02:42:00,0.44218713486128536
2019-02-16 02:45:00,0.40908204835091055
2019-02-16 02:48:00,0.33585999235305053
2019-02-16 02:51:00,0.38167104666365503
2019-02-16 02:54:00,0.2534703735317976
2019-02-16 02:57:00,0.3873086006786366
2019-02-16 03:00:00,0.3740900964849061
2019-02-16 03:03:00,0.4322277360338944
2019-02-16 03:06:00,0.3621760571720074
2019-02-16 03:09:00,0.31141027071959115
2019-02-16 03:12:00,0.298567810680197
2019-02-16 03:15:00,0.4113748515033535
2019-02-16 03:18:00,0.28826892908602986
2019-02-16 03:21:00,0.3544868910115042
2019-02-16 03:24:00,0.33262831556055517
2019-02-16 03:27:00,0.31611904049191253
2019-02-16 03:30:00,0.34576881441267915
2019-02-16 03:33:00,0.393377983907385
2019-02-16 03:36:00,0.2946158225135491
2019-02-16 03:39:00,0.3161321416009173
2019-02-16 03:42:00,0.3508201347905242
2019-02-16 03:45:00,0.42318275063257715
2019-02-16 03:48:00,0.2944307541150124
2019-02-16 03:51:00,0.41425320975474733
2019-02-16 03:54:00,0.31639462528056583
2019-02-16 03:57:00,0.25766443154685703
2019-02-16 04:00:00,0.3351615997126487
2019-02-16 04:03:00,0.3632344319575509
2019-02-16 04:06:00,0.4771054775190464
2019-02-16 04:09:00,0.2098247685475485
2019-02-16 04:12:00,0.3549448866504008
2019-02-16 04:15:00,0.3183814576553914
2019-02-16 04:18:00,0.32402554060064404
2019-02-16 04:21:00,0.31841216422697016
2019-02-16 04:24:00,0.3396446834374842
2019-02-16 04:27:00,0.2782247236464741
2019-02-16 04:30:00,0.3828265287668273
2019-02-16 04:33:00,0.30350986927794565
2019-02-16 04:36:00,0.43984988294454297
2019-02-16 04:39:00,0.2864928021777473
2019-02-16 04:42:00,0.2718662404607244
2019-02-16 04:45:00,0.2529677595700264
2019-02-16 04:48:00,0.36434930113819064
2019-02-16 04:51:00,0.28112246530326956
2019-02-16 04:54:00,0.28961530015334347
2019-02-16 04:57:00,0.29173459504983157
2019-02-16 05:00:00,0.3137231179451305
2019-02-16 05:03:00,0.3656494112611881
2019-02-16 05:06:00,0.3235788503239405
2019-02-16 05:09:00,0.3404019919179859
2019-02-16 05:12:00,0.32387408049470423
2019-02-16 05:15:00,0.3769678539425172
2019-02-16 05:18:00,0.4172242066647982
2019-02-16 05:21:00,0.36280570503811305
2019-02-16 05:24:00,0.31693154557314074
2019-02-16 05:27:00,0.4013339321450644
2019-02-16 05:30:00,0.32942413253726954
2019-02-16 05:33:00,0.3389410282970857
2019-02-16 05:36:00,0.40385930465907904
2019-02-16 05:39:00,0.24318001809706402
2019-02-16 05:42:00,0.2636850149289671
2019-02-16 05:45:00,0.3634737810976958
2019-02-16 05:48:00,0.33226708492395574
2019-02-16 05:51:00,0.25249843170132635
2019-02-16 05:54:00,0.3392759766614404
2019-02-16 05:57:00,0.38325092232776115
2019-02-16 06:00:00,0.25026356937422634
2019-02-16 06:03:00,0.2650627367345919
2019-02-16 06:06:00,0.29757974884910254
2019-02-16 06:09:00,0.28773264484465244
2019-02-16 06:12:00,0.34472942638115
2019-02-16 06:15:00,0.3940276910384455
2019-02-16 06:18:00,0.3599143771012905
2019-02-16 06:21:00,0.2948760256877563
2019-02-16 06:24:00,0.354297430614281
2019-02-16 06:27:00,0.31951467835784797
2019-02-16 06:30:00,0.3581421260004163
2019-02-16 06:33:00,0.2803663823774514
2019-02-16 06:36:00,0.29847403417301166
2019-02-16 06:39:00,0.29486262996795176
2019-02-16 06:42:00,0.24795338142200762
2019-02-16 06:45:00,0.2558168645454657
2019-02-16 06:48:00,0.2833103904401355
2019-02-16 06:51:00,0.37555162574085443
2019-02-16 06:54:00,0.3219969907256086
2019-02-16 06:57:00,0.27416309439274755
2019-02-16 07:00:00,0.3286369274202343
2019-02-16 07:03:00,0.3368722878726089
2019-02-16 07:06:00,0.25903806051542233
2019-02-16 07:09:00,0.28878090920170507
2019-02-16 07:12:00,0.2907937160429128
2019-02-16 07:15:00,0.37948391041220475
2019-02-16 07:18:00,0.33991036536519914
2019-02-16 07:21:00,0.36535896414062563
2019-02-16 07:24:00,0.33020769284684093
2019-02-16 07:27:00,0.31040633804764184
2019-02-16 07:30:00,0.3181317303181004
2019-02-16 07:33:00,0.2628411665552335
2019-02-16 07:36:00,0.2906111761454895
2019-02-16 07:39:00,0.2542648518657984
2019-02-16 07:42:00,0.3090694296584502
2019-02-16 07:45:00,0.2988444935987786
2019-02-16 07:48:00,0.2782350568996321
2019-02-16 07:51:00,0.24857716136148156
2019-02-16 07:54:00,0.26285034674754115
2019-02-16 07:57:00,0.29434919246750724
2019-02-16 08:00:00,0.1819274222156082
2019-02-16 08:03:00,0.32840611322814084
2019-02-16 08:06:00,0.23758606445414898
2019-02-16 08:09:00,0.3318943604253377
2019-02-16 08:12:00,0.43271237104050897
2019-02-16 08:15:00,0.3054974206916654
2019-02-16 08:18:00,0.28073731102460897
2019-02-16 08:21:00,0.3011782536021883
2019-02-16 08:24:00,0.27594696251088635
2019-02-16 08:27:00,0.33096141243572674
2019-02-16 08:30:00,0.27558029474113255
2019-02-16 08:33:00,0.3399939305547264
2019-02-16 08:36:00,0.3421418420222153
2019-02-16 08:39:00,0.3024124099942469
2019-02-16 08:42:00,0.24296661995657587
2019-02-16 08:45:00,0.25247968780149677
2019-02-16 08:48:00,0.22295787189131033
2019-02-16 08:51:00,0.32673940106860755
2019-02-16 08:54:00,0.2824832784719433
2019-02-16 08:57:00,0.23324333915178386
2019-02-16 09:00:00,0.22346221966239455
2019-02-16 09:03:00,0.22142602908962772
2019-02-16 09:06:00,0.2979697483694963
2019-02-16 09:09:00,0.32642845812807764
2019-02-16 09:12:00,0.2587256613457498
2019-02-16 09:15:00,0.2899690520806075
2019-02-16 09:18:00,0.24394797098108256
2019-02-16 09:21:00,0.16033557962305167
2019-02-16 09:24:00,0.2547779888917603
2019-02-16 09:27:00,0.205916766282769
2019-02-16 09:30:00,0.15526189824817038
2019-02-16 09:33:00,0.08713289079804554
2019-02-16 09:36:00,0.09792067157439988
2019-02-16 09:39:00,0.02166684182162726
2019-02-16 09:42:00,0.12693291629625492
2019-02-16 09:45:00,0.18264642449810253
2019-02-16 09:48:00,0.13727380645008225
2019-02-16 09:51:00,0.11904956148924839
2019-02-16 09:54:00,0.11580390493969617
2019-02-16 09:57:00,0.12902255601284196
2019-02-16 10:00:00,0.08123597291978513
2019-02-16 10:03:00,0.1215508563759613
2019-02-16 10:06:00,0.1650347620645789
2019-02-16 10:09:00,0.04755982794750935
2019-02-16 10:12:00,0.007895226906271091
2019-02-16 10:15:00,0.015173302455934845
2019-02-16 10:18:00,0.04605091172589937
2019-02-16 10:21:00,0.05470547934891101
2019-02-16 10:24:00,0.03328590998694381
2019-02-16 10:27:00,0.050183808502765714
2019-02-16 10:30:00,0.06134626440695001
2019-02-16 10:33:00,0.08387654532066335
2019-02-16 10:36:00,0.015439295816122467
2019-02-16 10:39:00,-0.08169838371611604
2019-02-16 10:42:00,0.07191885931797515
2019-02-16 10:45:00,0.012185996530376997
2019-02-16 10:48:00,0.06823556221723948
2019-02-16 10:51:00,-0.038864297738484765
2019-02-16 10:54:00,-0.10314120104186486
2019-02-16 10:57:00,-0.00805987595941815
2019-02-16 11:00:00,-0.12243627628595277
2019-02-16 11:03:00,-0.06103317127775654
2019-02-16 11:06:00,-0.1426326849717725
2019-02-16 11:09:00,-0.08481477908128454
2019-02-16 11:12:00,-0.18890596773576362
2019-02-16 11:15:00,-0.0881804414827343
2019-02-16 11:18:00,-0.17191572767472962
2019-02-16 11:21:00,-0.19499261378479105
2019-02-16 11:24:00,-0.19641578846841412
2019-02-16 11:27:00,-0.3055157918199711
2019-02-16 11:30:00,-0.2498993262629483
2019-02-16 11:33:00,-0.12842385415370927
2019-02-16 11:36:00,-0.18579777130236153
2019-02-16 11:39:00,-0.14137771979051195
2019-02-16 11:42:00,-0.13209322986341476
2019-02-16 11:45:00,-0.08434789685230726
2019-02-16 11:48:00,-0.2023964317518221
2019-02-16 11:51:00,-0.1411698015554066
2019-02-16 11:54:00,-0.18871679761332416
2019-02-16 11:57:00,-0.17944943081522524
2019-02-16 12:00:00,-0.21475357871156575
2019-02-16 12:03:00,-0.15241223971048612
2019-02-16 12:06:00,-0.31906490541399535
2019-02-16 12:09:00,-0.21260597495643196
2019-02-16 12:12:00,-0.08343676399340438
2019-02-16 12:15:00,-0.20597736575348335
2019-02-16 12:18:00,-0.18796699896012115
2019-02-16 12:21:00,-0.044905438574915024
2019-02-16 12:24:00,-0.13689758668380136
2019-02-16 12:27:00,-0.08310594999699106
2019-02-16 12:30:00,-0.14295435982722893
2019-02-16 12:33:00,-0.00837286914793367
2019-02-16 12:36:00,-0.03588273761761229
2019-02-16 12:39:00,-0.14778037978567227
2019-02-16 12:42:00,-0.09351091766541231
2019-02-16 12:45:00,-0.03471607052620129
2019-02-16 12:48:00,-0.12775842667849702
2019-02-16 12:51:00,-0.18799063738816812
2019-02-16 12:54:00,-0.06758327632417149
2019-02-16 12:57:00,-0.194139252152695
2019-02-16 13:00:00,-0.1886620888171251
2019-02-16 13:03:00,-0.08548578304208831
2019-02-16 13:06:00,-0.2832077261325594
2019-02-16 13:09:00,-0.19446722206049571
2019-02-16 13:12:00,-0.0946000061559289
2019-02-16 13:15:00,-0.14821224739262107
2019-02-16 13:18:00,-0.16986205486801964
2019-02-16 13:21:00,-0.21183327730506107
2019-02-16 13:24:00,-0.1413849774770597
2019-02-16 13:27:00,-0.1514705340907767
2019-02-16 13:30:00,-0.24970279466487
2019-02-16 13:33:00,-0.35004030477637116
2019-02-16 13:36:00,-0.24637439578231124
2019-02-16 13:39:00,-0.22193533641814156
2019-02-16 13:42:00,-0.18219965629026547
2019-02-16 13:45:00,-0.3827982922202864
2019-02-16 13:48:00,-0.447915772349063
2019-02-16 13:51:00,-0.3941367728990599
2019-02-16 13:54:00,-0.3537005829703048
2019-02-16 13:57:00,-0.36827226461377904
2019-02-16 14:00:00,-0.3990711991093008
2019-02-16 14:03:00,-0.30973859397693104
2019-02-16 14:06:00,-0.42434597266333185
2019-02-16 14:09:00,-0.3086465778654883
2019-02-16 14:12:00,-0.3206960700984496
2019-02-16 14:15:00,-0.3637492285973849
2019-02-16 14:18:00,-0.31941997703034986
2019-02-16 14:21:00,-0.15859576120448082
2019-02-16 14:24:00,-0.07110578485782071
2019-02-16 14:27:00,-0.12377410505382613
2019-02-16 14:30:00,-0.16792687714234944
2019-02-16 14:33:00,-0.17264095512166477
2019-02-16 14:36:00,-0.16200325105381808
2019-02-16 14:39:00,-0.11269688695699642
2019-02-16 14:42:00,0.10337100964210322
2019-02-16 14:45:00,0.16789602881783594
2019-02-16 14:48:00,0.19282620833638475
2019-02-16 14:51:00,0.02532213712390785
2019-02-16 14:54:00,0.027132771142191814
2019-02-16 14:57:00,0.1300587740439596
2019-02-16 15:00:00,0.12316386528937073
2019-02-16 15:03:00,0.12447315261891845
2019-02-16 15:06:00,0.162949932052868
2019-02-16 15:09:00,0.5701532734022976
2019-02-16 15:12:00,0.34602875949900636
2019-02-16 15:15:00,0.21535799784578558
2019-02-16 15:18:00,0.41469262655027705
2019-02-16 15:21:00,0.3558844243410135
2019-02-16 15:24:00,0.13647083170621954
2019-02-16 15:27:00,0.12551004427410817
2019-02-16 15:30:00,0.09293376356328054
2019-02-16 15:33:00,0.14045653752123144
2019-02-16 15:36:00,-0.002483374180314968
2019-02-16 15:39:00,0.06018723716238128
2019-02-16 15:42:00,0.1324422421379836
2019-02-16 15:45:00,-0.07523456526848804
2019-02-16 15:48:00,0.08011779282890075
2019-02-16 15:51:00,0.02827986437915797
2019-02-16 15:54:00,-0.010109184144141636
2019-02-16 15:57:00,-0.08534979985239488
2019-02-16 16:00:00,0.0684554425170063
2019-02-16 16:03:00,0.10129817343135983
2019-02-16 16:06:00,0.045260633932798555
2019-02-16 16:09:00,0.07260831000263579
2019-02-16 16:12:00,0.0202838489841497
2019-02-16 16:15:00,0.1154511616380205
2019-02-16 16:18:00,0.03587374459749526
2019-02-16 16:21:00,-0.08125733093532972
2019-02-16 16:24:00,-0.04096183865920011
2019-02-16 16:27:00,0.01862531685679869
2019-02-16 16:30:00,0.02161599077550136
2019-02-16 16:33:00,-0.07335016725136256
2019-02-16 16:36:00,-0.047556975927705025
2019-02-16 16:39:00,0.0009344003237288234
2019-02-16 16:42:00,0.023499685411707105
2019-02-16 16:45:00,0.04035113101076604
2019-02-16 16:48:00,-0.07829027145777445
2019-02-16 16:51:00,0.007612281017259193
2019-02-16 16:54:00,-0.07139872647002221
2019-02-16 16:57:00,-0.03755268268173495
2019-02-16 17:00:00,-0.06107804545331419
2019-02-16 17:03:00,-0.07709664829258145
2019-02-16 17:06:00,-0.07926859665354868
2019-02-16 17:09:00,0.0012725056582212346
2019-02-16 17:12:00,-0.0344067481177035
2019-02-16 17:15:00,-0.002747198206293433
2019-02-16 17:18:00,-0.13952604064445495
2019-02-16 17:21:00,-0.10270822541184543
2019-02-16 17:24:00,-0.11701435080766487
2019-02-16 17:27:00,-0.1062967396370027
2019-02-16 17:30:00,-0.03804609115650237
2019-02-16 17:33:00,-0.06204014834548843
2019-02-16 17:36:00,-0.1180034788114881
2019-02-16 17:39:00,-0.11894352020436827
2019-02-16 17:42:00,-0.08891467869545977
2019-02-16 17:45:00,0.02219374721227041
2019-02-16 17:48:00,-0.12040205649572044
2019-02-16 17:51:00,-0.1822195232003878
2019-02-16 17:54:00,-0.17455756238376807
2019-02-16 17:57:00,-0.19981784355354648
2019-02-16 18:00:00,-0.1873591541263977
2019-02-16 18:03:00,-0.22118655936566256
2019-02-16 18:06:00,-0.2737066963669008
2019-02-16 18:09:00,-0.2052140679456329
2019-02-16 18:12:00,-0.1770164726198118
2019-02-16 18:15:00,-0.22334965950483365
2019-02-16 18:18:00,-0.2696565537631841
2019-02-16 18:21:00,-0.22182413364805598
2019-02-16 18:24:00,-0.15708115645549015
2019-02-16 18:27:00,-0.2676338712564075
2019-02-16 18:30:00,-0.05860418702354764
2019-02-16 18:33:00,-0.06976175165465293
2019-02-16 18:36:00,-0.16528010419415295
2019-02-16 18:39:00,-0.07323976041317337
2019-02-16 18:42:00,-0.09145909855618584
2019-02-16 18:45:00,-0.002865372986093462
2019-02-16 18:48:00,-0.014750534294819317
2019-02-16 18:51:00,-0.03961211162760492
2019-02-16 18:54:00,
2019-02-16 18:57:00,
2019-02-16 19:00:00,
2019-02-16 19:03:00,-0.023189527983618063
2019-02-16 19:06:00,-0.011697913548971428
2019-02-16 19:09:00,-0.11923055759575618
2019-02-16 19:12:00,-0.03321641208793835
2019-02-16 19:15:00,-0.11154116185014118
2019-02-16 19:18:00,-0.14609153958991783
2019-02-16 19:21:00,-0.07447360434252914
2019-02-16 19:24:00,0.022066674609050096
2019-02-16 19:27:00,0.0017968583650258552
2019-02-16 19:30:00,-0.1289985047957316
2019-02-16 19:33:00,-0.09429487070434561
2019-02-16 19:36:00,-0.08404097083371198
2019-02-16 19:39:00,0.07535251442800472
2019-02-16 19:42:00,0.03324818398982643
2019-02-16 19:45:00,0.06511082747812225
2019-02-16 19:48:00,-0.0023189211001408694
2019-02-16 19:51:00,0.10723269272574498
2019-02-16 19:54:00,0.046478897137660624
2019-02-16 19:57:00,0.06849671917569822
2019-02-16 20:00:00,0.06740652784628764
2019-02-16 20:03:00,0.02020954261973884
2019-02-16 20:06:00,0.035585464977145875
2019-02-16 20:09:00,0.05194257084997389
2019-02-16 20:12:00,0.019327511135770692
2019-02-16 20:15:00,-0.0255802280311741
2019-02-16 20:18:00,0.07403072636441266
2019-02-16 20:21:00,0.006371982255473085
2019-02-16 20:24:00,0.12713090400961846
2019-02-16 20:27:00,0.0382876323977257
2019-02-16 20:30:00,0.1477592416100606
2019-02-16 20:33:00,0.08818662947385292
2019-02-16 20:36:00,0.050643628629131854
2019-02-16 20:39:00,0.15962871492837394
2019-02-16 20:42:00,0.08480877803663134
2019-02-16 20:45:00,-0.007310150582952701
2019-02-16 20:48:00,-0.03824442474791567
2019-02-16 20:51:00,-0.00167981680306184
2019-02-16 20:54:00,0.0321571601625692
2019-02-16 20:57:00,0.10017792181514551
2019-02-16 21:00:00,0.040183559533204516
2019-02-16 21:03:00,0.08502373741856672
2019-02-16 21:06:00,0.10094591203312575
2019-02-16 21:09:00,0.033508301343488256
2019-02-16 21:12:00,0.008014842838690583
2019-02-16 21:15:00,0.07149378116969274
2019-02-16 21:18:00,0.08885991946311833
2019-02-16 21:21:00,0.1153271102529061
2019-02-16 21:24:00,0.0025062214834292718
2019-02-16 21:27:00,0.09881744497403133
2019-02-16 21:30:00,0.06416948765814823
2019-02-16 21:33:00,0.11024366715605538
2019-02-16 21:36:00,0.0038402489035433973
2019-02-16 21:39:00,-0.04403677074105872
2019-02-16 21:42:00,0.12434128691973001
2019-02-16 21:45:00,0.16821232423046695
2019-02-16 21:48:00,0.10201626947554132
2019-02-16 21:51:00,0.1058558526170259
2019-02-16 21:54:00,0.052966794921758265
2019-02-16 21:57:00,0.041474984117883196
2019-02-16 22:00:00,0.006472479228989414
2019-02-16 22:03:00,0.14749405630493584
2019-02-16 22:06:00,0.011202432349534774
2019-02-16 22:09:00,0.12195114062797074
2019-02-16 22:12:00,0.05493909318477108
2019-02-16 22:15:00,0.11432823542264714
2019-02-16 22:18:00,0.12181101223734458
2019-02-16 22:21:00,0.20111326603716861
2019-02-16 22:24:00,0.15508224498910295
2019-02-16 22:27:00,0.24699860732044954
2019-02-16 22:30:00,0.1201224505679761
2019-02-16 22:33:00,0.23158437520214648
2019-02-16 22:36:00,0.10664273103412825
2019-02-16 22:39:00,0.08250768291583199
2019-02-16 22:42:00,0.12529242868578194
2019-02-16 22:45:00,0.17514579625708393
2019-02-16 22:48:00,0.20970907549684625
2019-02-16 22:51:00,0.2214367925857914
2019-02-16 22:54:00,0.2325605425538697
2019-02-16 22:57:00,0.14685936774606034
2019-02-16 23:00:00,0.1486761600588693
2019-02-16 23:03:00,0.21276201849036624
2019-02-16 23:06:00,0.14461551140493611
2019-02-16 23:09:00,0.19766363695646305
2019-02-16 23:12:00,0.15930881897656946
2019-02-16 23:15:00,0.1892164939894201
2019-02-16 23:18:00,0.2046488265700077
2019-02-16 23:21:00,0.25402926792230573
2019-02-16 23:24:00,0.288329825967935
2019-02-16 23:27:00,0.14291716437537616
2019-02-16 23:30:00,0.2064785990025939
2019-02-16 23:33:00,0.09776743158215595
2019-02-16 23:36:00,0.1209453123698836
2019-02-16 23:39:00,0.16381740157589775
2019-02-16 23:42:00,0.10092272513406897
2019-02-16 23:45:00,0.1318225203310135
2019-02-16 23:48:00,0.1897949831893584
2019-02-16 23:51:00,0.14818001391330426
2019-02-16 23:54:00,0.14432530543695066
2019-02-16 23:57:00,0.16871755271768052
2019-02-17 00:00:00,0.09589828180884297
2019-02-17 00:03:00,0.1951377374151093
2019-02-17 00:06:00,0.2627517861082538
2019-02-17 00:09:00,0.19052372996043232
2019-02-17 00:12:00,0.24687757735807736
2019-02-17 00:15:00,0.29837004185429805
2019-02-17 00:18:00,0.3979491780344233
2019-02-17 00:21:00,0.44892157366803076
2019-02-17 00:24:00,0.3242413255181873
2019-02-17 00:27:00,0.31010276034976414
2019-02-17 00:30:00,0.3984013858811295
2019-02-17 00:33:00,0.28442297570603614
2019-02-17 00:36:00,0.2680487264328235
2019-02-17 00:39:00,0.2259091294998825
2019-02-17 00:42:00,0.249308661877933
2019-02-17 00:45:00,0.21465335879889835
2019-02-17 00:48:00,0.28625444490711516
2019-02-17 00:51:00,0.21028871935936877
2019-02-17 00:54:00,0.1758467693261423
2019-02-17 00:57:00,0.19885439571697816
2019-02-17 01:00:00,0.1820445909675641
2019-02-17 01:03:00,0.18732979983946052
2019-02-17 01:06:00,0.16250950962881916
2019-02-17 01:09:00,0.09723115950492911
2019-02-17 01:12:00,0.018700856999998905
2019-02-17 01:15:00,0.2250254844723827
2019-02-17 01:18:00,0.12539304990144728
2019-02-17 01:21:00,0.2280109912522903
2019-02-17 01:24:00,0.09499684988162471
2019-02-17 01:27:00,0.10816401226315975
2019-02-17 01:30:00,0.24821892621338293
2019-02-17 01:33:00,0.2498554908458459
2019-02-17 01:36:00,0.11473451360058107
2019-02-17 01:39:00,0.20292900945992187
2019-02-17 01:42:00,0.14042848828341903
2019-02-17 01:45:00,0.17720451035671658
2019-02-17 01:48:00,0.21484378386452363
2019-02-17 01:51:00,0.25724259219015266
2019-02-17 01:54:00,0.19178119393353654
2019-02-17 01:57:00,0.16885396387897345
2019-02-17 02:00:00,0.26504092766612075
2019-02-17 02:03:00,0.2778107039496831
2019-02-17 02:06:00,0.25053300419921243
2019-02-17 02:09:00,0.2709532247158677
2019-02-17 02:12:00,0.31061585387016066
2019-02-17 02:15:00,0.3086729061584492
2019-02-17 02:18:00,0.3101394073485153
2019-02-17 02:21:00,0.2623894775859412
2019-02-17 02:24:00,0.36624181101933573
2019-02-17 02:27:00,0.22619372707595176
2019-02-17 02:30:00,0.29550084017608924
2019-02-17 02:33:00,0.3743266773876144
2019-02-17 02:36:00,0.33254246603985393
2019-02-17 02:39:00,0.3200816544495524
2019-02-17 02:42:00,0.30096416952744676
2019-02-17 02:45:00,0.2579176823497278
2019-02-17 02:48:00,0.18197397784865643
2019-02-17 02:51:00,0.18232491932923267
2019-02-17 02:54:00,0.1719546564970642
2019-02-17 02:57:00,0.16823911983550488
2019-02-17 03:00:00,0.21616724008117671
2019-02-17 03:03:00,0.2687770277959203
2019-02-17 03:06:00,0.2605817260040908
2019-02-17 03:09:00,0.2530055127384685
2019-02-17 03:12:00,0.1693528284189938
2019-02-17 03:15:00,0.16592351624876756
2019-02-17 03:18:00,0.2250456091260844
2019-02-17 03:21:00,0.17314917253327167
2019-02-17 03:24:00,0.330637889410184
2019-02-17 03:27:00,0.25524438691911655
2019-02-17 03:30:00,0.15458468241729406
2019-02-17 03:33:00,0.24836701688298035
2019-02-17 03:36:00,0.2043373895551781
2019-02-17 03:39:00,0.2051495542720545
2019-02-17 03:42:00,0.2771524114306203
2019-02-17 03:45:00,0.22008703197559498
2019-02-17 03:48:00,0.22903718218856284
2019-02-17 03:51:00,0.23675016560622453
2019-02-17 03:54:00,0.2915262467982984
2019-02-17 03:57:00,0.17251654636049807
2019-02-17 04:00:00,0.24742256223748882
2019-02-17 04:03:00,0.20923819764340124
2019-02-17 04:06:00,0.2330508668692346
2019-02-17 04:09:00,0.2993108167829064
2019-02-17 04:12:00,0.2500224149725909
2019-02-17 04:15:00,0.219224092313425
2019-02-17 04:18:00,0.29089201652305974
2019-02-17 04:21:00,0.26146428805532196
2019-02-17 04:24:00,0.23778360254141262
2019-02-17 04:27:00,0.31052199342354925
2019-02-17 04:30:00,0.19526860497057896
2019-02-17 04:33:00,0.3506808086495994
2019-02-17 04:36:00,0.3349308671478184
2019-02-17 04:39:00,0.3153423847859358
2019-02-17 04:42:00,0.29786293275412845
2019-02-17 04:45:00,0.2871638873103848
2019-02-17 04:48:00,0.27868902712754107
2019-02-17 04:51:00,0.22593275976629457
2019-02-17 04:54:00,0.22725462581638567
2019-02-17 04:57:00,0.26135011647494366
2019-02-17 05:00:00,0.24052938103415045
2019-02-17 05:03:00,0.33630937345441225
2019-02-17 05:06:00,0.16616176991198017
2019-02-17 05:09:00,0.24183753761775506
2019-02-17 05:12:00,0.17678392837717638
2019-02-17 05:15:00,0.18652662848296586
2019-02-17 05:18:00,0.20833128277519108
2019-02-17 05:21:00,0.22663020980911597
2019-02-17 05:24:00,0.19126593725582097
2019-02-17 05:27:00,0.2199233721200926
2019-02-17 05:30:00,0.35211366677191336
2019-02-17 05:33:00,0.23496863362697695
2019-02-17 05:36:00,0.31662070562612143
2019-02-17 05:39:00,0.13453135072597888
2019-02-17 05:42:00,0.17796582422892016
2019-02-17 05:45:00,0.22199997314157827
2019-02-17 05:48:00,0.21971396224404316
2019-02-17 05:51:00,0.18219607421622186
2019-02-17 05:54:00,0.19276475243469804
2019-02-17 05:57:00,0.20650761453242694
2019-02-17 06:00:00,0.20193967905800037
2019-02-17 06:03:00,0.24261078798809876
2019-02-17 06:06:00,0.2839301170853332
2019-02-17 06:09:00,0.2834798131054299
2019-02-17 06:12:00,0.2507462819384614
2019-02-17 06:15:00,0.19173444213208768
2019-02-17 06:18:00,0.1815736451259795
2019-02-17 06:21:00,0.28515024742915784
2019-02-17 06:24:00,0.33078305323226687
2019-02-17 06:27:00,0.2941048059032596
2019-02-17 06:30:00,0.2998269051196303
2019-02-17 06:33:00,0.23823004091508437
2019-02-17 06:36:00,0.3363047079868693
2019-02-17 06:39:00,0.2760945166417059
2019-02-17 06:42:00,0.26171181385939235
2019-02-17 06:45:00,0.3658777683163521
2019-02-17 06:48:00,0.33364773178334417
2019-02-17 06:51:00,0.26622986353157785
2019-02-17 06:54:00,0.24343450608131434
2019-02-17 06:57:00,0.18412949480693896
2019-02-17 07:00:00,0.2523279751765699
2019-02-17 07:03:00,0.13080683013805583
2019-02-17 07:06:00,0.25597437584832505
2019-02-17 07:09:00,0.2716264759716296
2019-02-17 07:12:00,0.20865544854666496
2019-02-17 07:15:00,0.2852976618208345
2019-02-17 07:18:00,0.2605336012753128
2019-02-17 07:21:00,0.14835526844075275
2019-02-17 07:24:00,0.18037657880535107
2019-02-17 07:27:00,0.19129927732643637
2019-02-17 07:30:00,0.2427253616958751
2019-02-17 07:33:00,0.26289446980132425
2019-02-17 07:36:00,0.33373719645635447
2019-02-17 07:39:00,0.24323343900130112
2019-02-17 07:42:00,0.1518192391211528
2019-02-17 07:45:00,0.2706434178863333
2019-02-17 07:48:00,0.2123430377308182
2019-02-17 07:51:00,0.29635853828563086
2019-02-17 07:54:00,0.251028292852709
2019-02-17 07:57:00,0.0843778394629453
2019-02-17 08:00:00,0.19061530135667226
2019-02-17 08:03:00,0.27297402754714994
2019-02-17 08:06:00,0.1921975663992157
2019-02-17 08:09:00,0.15208912469273628
2019-02-17 08:12:00,0.15525062516655908
2019-02-17 08:15:00,0.20660938048092703
2019-02-17 08:18:00,0.15121803881083906
2019-02-17 08:21:00,0.2032180848852363
2019-02-17 08:24:00,0.23448567809180076
2019-02-17 08:27:00,0.31234452782092603
2019-02-17 08:30:00,0.33197135145763923
2019-02-17 08:33:00,0.15341175985452082
2019-02-17 08:36:00,0.2758321348494519
2019-02-17 08:39:00,0.20739146722581836
2019-02-17 08:42:00,0.2002780482066555
2019-02-17 08:45:00,0.16478039698966995
2019-02-17 08:48:00,0.1588805977671086
2019-02-17 08:51:00,0.23046027623183818
2019-02-17 08:54:00,0.15682407258128706
2019-02-17 08:57:00,0.2000207614919418
2019-02-17 09:00:00,0.16064247673705268
2019-02-17 09:03:00,0.16341930664873416
2019-02-17 09:06:00,0.17733274145939504
2019-02-17 09:09:00,0.1386704414722999
2019-02-17 09:12:00,0.1923240876278669
2019-02-17 09:15:00,0.1472321597126438
2019-02-17 09:18:00,0.14575025729146773
2019-02-17 09:21:00,0.1185812000528017
2019-02-17 09:24:00,0.05020285563841753
2019-02-17 09:27:00,0.10294424889571019
2019-02-17 09:30:00,0.11384747736354939
2019-02-17 09:33:00,-0.009352864995946675
2019-02-17 09:36:00,0.06946831681898402
2019-02-17 09:39:00,0.022200179776461937
2019-02-17 09:42:00,0.12834281466132325
2019-02-17 09:45:00,0.09688230823581989
2019-02-17 09:48:00,0.07992679494537924
2019-02-17 09:51:00,0.06675307674657915
2019-02-17 09:54:00,0.07903099125411472
2019-02-17 09:57:00,0.10898773272839435
2019-02-17 10:00:00,0.12189717612699269
2019-02-17 10:03:00,0.11091366089669918
2019-02-17 10:06:00,0.05452363339935573
2019-02-17 10:09:00,0.091238091909986
2019-02-17 10:12:00,0.019894681755204147
2019-02-17 10:15:00,0.10185885234329817
2019-02-17 10:18:00,0.03191300877995218
2019-02-17 10:21:00,-0.008546420279742506
2019-02-17 10:24:00,-0.00445178589183115
2019-02-17 10:27:00,-0.003566131964248598
2019-02-17 10:30:00,0.02439916967028921
2019-02-17 10:33:00,-0.016153495354217284
2019-02-17 10:36:00,0.08035136365975859
2019-02-17 10:39:00,0.002706237002882972
2019-02-17 10:42:00,0.07570370556760508
2019-02-17 10:45:00,-0.05480011448236155
2019-02-17 10:48:00,-0.022221233833988663
2019-02-17 10:51:00,-0.05384605962694877
2019-02-17 10:54:00,-0.046911736089384704
2019-02-17 10:57:00,-0.04517360351053412
2019-02-17 11:00:00,0.043926610883374906
2019-02-17 11:03:00,0.006386936135243104
2019-02-17 11:06:00,-0.04513899445754532
2019-02-17 11:09:00,-0.13851207568950485
2019-02-17 11:12:00,-0.08341599023805202
2019-02-17 11:15:00,-0.09266342653938864
2019-02-17 11:18:00,-0.07089386774367767
2019-02-17 11:21:00,-0.17465664244468826
2019-02-17 11:24:00,-0.16008190278478196
2019-02-17 11:27:00,-0.05147166221388488
2019-02-17 11:30:00,-0.19899570467401873
2019-02-17 11:33:00,-0.09024547627439006
2019-02-17 11:36:00,-0.1808343364053826
2019-02-17 11:39:00,-0.16662985000237995
2019-02-17 11:42:00,-0.14086227993652756
2019-02-17 11:45:00,-0.16248324466226904
2019-02-17 11:48:00,-0.14343295800267697
2019-02-17 11:51:00,-0.1312969053839197
2019-02-17 11:54:00,-0.23779317360094865
2019-02-17 11:57:00,-0.18363905185810836
2019-02-17 12:00:00,-0.1950598574044875
2019-02-17 12:03:00,-0.16526274009322606
2019-02-17 12:06:00,-0.18790613547849944
2019-02-17 12:09:00,-0.26745127106789823
2019-02-17 12:12:00,-0.19659262947214984
2019-02-17 12:15:00,-0.15144604926035754
2019-02-17 12:18:00,-0.2251814086520767
2019-02-17 12:21:00,-0.2072139628484706
2019-02-17 12:24:00,-0.22316305082330246
2019-02-17 12:27:00,-0.18514226931296207
2019-02-17 12:30:00,-0.15838995151420932
2019-02-17 12:33:00,-0.14254458597133635
2019-02-17 12:36:00,-0.24939905127047268
2019-02-17 12:39:00,-0.16927966618982282
2019-02-17 12:42:00,-0.16398024939184097
2019-02-17 12:45:00,-0.2000834374700844
2019-02-17 12:48:00,-0.20040462270077342
2019-02-17 12:51:00,-0.15881297021030605
2019-02-17 12:54:00,0.008053178297302566
2019-02-17 12:57:00,-0.05764375852027115
2019-02-17 13:00:00,-0.1430576766911713
2019-02-17 13:03:00,-0.16429728422411927
2019-02-17 13:06:00,-0.17803400699398253
2019-02-17 13:09:00,-0.15008540594283204
2019-02-17 13:12:00,-0.0773622227804367
2019-02-17 13:15:00,-0.03656166983472531
2019-02-17 13:18:00,-0.10821284115655772
2019-02-17 13:21:00,-0.15009904743476454
2019-02-17 13:24:00,-0.0594770062531893
2019-02-17 13:27:00,0.012367824266618754
2019-02-17 13:30:00,-0.051434546326277086
2019-02-17 13:33:00,-0.08347022108370084
2019-02-17 13:36:00,-0.04578901710345917
2019-02-17 13:39:00,-0.18056002793883863
2019-02-17 13:42:00,-0.09526467335109601
2019-02-17 13:45:00,-0.05125130271431999
2019-02-17 13:48:00,-0.027819416564284438
2019-02-17 13:51:00,0.043653584182891336
2019-02-17 13:54:00,0.017104517623124593
2019-02-17 13:57:00,0.04784137646606723
2019-02-17 14:00:00,0.12066916129310812
2019-02-17 14:03:00,-0.03758809659763074
2019-02-17 14:06:00,-0.044409257512313616
2019-02-17 14:09:00,0.049181958604378906
2019-02-17 14:12:00,-0.07895473475889503
2019-02-17 14:15:00,-0.061640392773142594
2019-02-17 14:18:00,-0.017712704076188857
2019-02-17 14:21:00,-0.10751386007717656
2019-02-17 14:24:00,-0.11025209448342821
2019-02-17 14:27:00,-0.19985644726830287
2019-02-17 14:30:00,-0.18516771467585613
2019-02-17 14:33:00,-0.15653710958633837
2019-02-17 14:36:00,-0.2504816894662554
2019-02-17 14:39:00,-0.24070464338086595
2019-02-17 14:42:00,-0.18231965173447406
2019-02-17 14:45:00,-0.27472107021998227
2019-02-17 14:48:00,-0.24666566569794668
2019-02-17 14:51:00,-0.12568918537004947
2019-02-17 14:54:00,-0.12645821902742682
2019-02-17 14:57:00,-0.1495906831571574
2019-02-17 15:00:00,-0.21122241431021394
2019-02-17 15:03:00,-0.25743624170007706
2019-02-17 15:06:00,-0.34253899658449427
2019-02-17 15:09:00,-0.1781215124311757
2019-02-17 15:12:00,-0.3077436107946596
2019-02-17 15:15:00,-0.18570816355600073
2019-02-17 15:18:00,-0.2652899881503572
2019-02-17 15:21:00,-0.2791845137418818
2019-02-17 15:24:00,-0.13583660539671882
2019-02-17 15:27:00,-0.2341889530821959
2019-02-17 15:30:00,-0.2910763794797617
2019-02-17 15:33:00,-0.269785549836115
2019-02-17 15:36:00,-0.23222565796373829
2019-02-17 15:39:00,-0.28673130404956737
2019-02-17 15:42:00,-0.2960492559321892
2019-02-17 15:45:00,-0.23012665315081904
2019-02-17 15:48:00,-0.26378141366564023
2019-02-17 15:51:00,-0.3982381949871865
2019-02-17 15:54:00,-0.3795890719032968
2019-02-17 15:57:00,-0.20366990054407097
2019-02-17 16:00:00,-0.2511898636494152
2019-02-17 16:03:00,-0.33775964113408463
2019-02-17 16:06:00,-0.36342922445817294
2019-02-17 16:09:00,-0.19271172988879925
2019-02-17 16:12:00,-0.2777904531987474
2019-02-17 16:15:00,-0.2786790159937027
2019-02-17 16:18:00,-0.40472934548603234
2019-02-17 16:21:00,-0.3361192500076413
2019-02-17 16:24:00,-0.27477634520488436
2019-02-17 16:27:00,-0.2306747215671976
2019-02-17 16:30:00,-0.20474017718566984
2019-02-17 16:33:00,-0.1431434362604591
2019-02-17 16:36:00,-0.2904973554600474
2019-02-17 16:39:00,-0.3347374554102771
2019-02-17 16:42:00,-0.30462914714615863
2019-02-17 16:45:00,-0.21102175720415062
2019-02-17 16:48:00,-0.29445544627952813
2019-02-17 16:51:00,-0.29961888937509684
2019-02-17 16:54:00,-0.19246374945873868
2019-02-17 16:57:00,-0.2756453793264768
2019-02-17 17:00:00,-0.25256607400183384
2019-02-17 17:03:00,-0.25447485103700274
2019-02-17 17:06:00,-0.24734125255696426
2019-02-17 17:09:00,-0.21422911905870023
2019-02-17 17:12:00,-0.10488239177715286
2019-02-17 17:15:00,-0.15672862192730008
2019-02-17 17:18:00,-0.2600053837521159
2019-02-17 17:21:00,-0.2373952904830503
2019-02-17 17:24:00,-0.19157649933515586
2019-02-17 17:27:00,-0.1694729162704789
2019-02-17 17:30:00,-0.20074099930093325
2019-02-17 17:33:00,-0.24963568766003164
2019-02-17 17:36:00,-0.15882798133321785
2019-02-17 17:39:00,-0.20800572301720877
2019-02-17 17:42:00,-0.19773603224621183
2019-02-17 17:45:00,-0.25358736910237667
2019-02-17 17:48:00,-0.23367386600943973
2019-02-17 17:51:00,-0.1273562362505345
2019-02-17 17:54:00,-0.16113447609285458
2019-02-17 17:57:00,-0.1702010410141952
2019-02-17 18:00:00,-0.07973675587970774
2019-02-17 18:03:00,-0.14214844534234317
2019-02-17 18:06:00,-0.11128614200225684
2019-02-17 18:09:00,-0.21742043220240248
2019-02-17 18:12:00,-0.09637972131042716
2019-02-17 18:15:00,-0.18253208112196262
2019-02-17 18:18:00,-0.06774739609932112
2019-02-17 18:21:00,-0.14200643770419674
2019-02-17 18:24:00,-0.12542845492492916
2019-02-17 18:27:00,-0.09888228724997816
2019-02-17 18:30:00,-0.12785549575414734
2019-02-17 18:33:00,-0.11028035143618808
2019-02-17 18:36:00,-0.05309792870701813
2019-02-17 18:39:00,-0.0021718606469107726
2019-02-17 18:42:00,-0.0495563667104193
2019-02-17 18:45:00,-0.12381487390257462
2019-02-17 18:48:00,0.036743410856047376
2019-02-17 18:51:00,0.014954315756540382
2019-02-17 18:54:00,
2019-02-17 18:57:00,
2019-02-17 19:00:00,
2019-02-17 19:03:00,0.059661391579140854
2019-02-17 19:06:00,-0.0027793813466132633
2019-02-17 19:09:00,-0.004923227253243567
2019-02-17 19:12:00,0.03809751771905212
2019-02-17 19:15:00,0.06403326718424296
2019-02-17 19:18:00,0.12035878048260429
2019-02-17 19:21:00,-0.07155261224744436
2019-02-17 19:24:00,0.026771691762860428
2019-02-17 19:27:00,0.038215221770030894
2019-02-17 19:30:00,0.06934746467919695
2019-02-17 19:33:00,0.07185211560442895
2019-02-17 19:36:00,0.02975961057376253
2019-02-17 19:39:00,0.05346304440257654
2019-02-17 19:42:00,0.08404425415398009
2019-02-17 19:45:00,0.0687844193907381
2019-02-17 19:48:00,0.059570419439126
2019-02-17 19:51:00,0.19908850236572562
2019-02-17 19:54:00,0.16360202718828987
2019-02-17 19:57:00,0.02235453787784536
2019-02-17 20:00:00,0.08754268831017953
2019-02-17 20:03:00,-0.001570467780254603
2019-02-17 20:06:00,-0.04555169874765852
2019-02-17 20:09:00,0.045308698875430764
2019-02-17 20:12:00,0.034102678432304856
2019-02-17 20:15:00,0.06577138653045722
2019-02-17 20:18:00,0.04274892213362591
2019-02-17 20:21:00,0.03583016464466482
2019-02-17 20:24:00,-0.017728730958026517
2019-02-17 20:27:00,0.009849931609494433
2019-02-17 20:30:00,0.08463169501260381
2019-02-17 20:33:00,0.05735353375860086
2019-02-17 20:36:00,0.054694440646471776
2019-02-17 20:39:00,0.14361093769122135
2019-02-17 20:42:00,0.00545924911534712
2019-02-17 20:45:00,0.1785207162101301
2019-02-17 20:48:00,0.1269725896328282
2019-02-17 20:51:00,0.05214667375923909
2019-02-17 20:54:00,0.06447707410274006
2019-02-17 20:57:00,-0.007774438262345029
2019-02-17 21:00:00,0.11125556340897447
2019-02-17 21:03:00,0.10473169650845193
2019-02-17 21:06:00,0.1277810181939003
2019-02-17 21:09:00,0.12031330808991925
2019-02-17 21:12:00,0.11578282825837505
2019-02-17 21:15:00,0.07766999164641675
2019-02-17 21:18:00,0.14612747065280018
2019-02-17 21:21:00,0.09627136426325933
2019-02-17 21:24:00,0.12144144711504623
2019-02-17 21:27:00,0.11399705047978159
2019-02-17 21:30:00,0.10390535998828909
2019-02-17 21:33:00,0.08445386216186535
2019-02-17 21:36:00,0.12565053661211323
2019-02-17 21:39:00,0.08308177302041031
2019-02-17 21:42:00,0.1672019556997384
2019-02-17 21:45:00,0.18300881163668237
2019-02-17 21:48:00,0.10894777700389113
2019-02-17 21:51:00,0.14541195452079592
2019-02-17 21:54:00,0.21413319899255612
2019-02-17 21:57:00,0.23547917294905574
2019-02-17 22:00:00,0.16445218833126773
2019-02-17 22:03:00,0.0689538242334038
2019-02-17 22:06:00,0.18352617817163264
2019-02-17 22:09:00,0.2547073517184799
2019-02-17 22:12:00,0.20787368723063082
2019-02-17 22:15:00,0.2500082991546151
2019-02-17 22:18:00,0.19140569571129618
2019-02-17 22:21:00,0.2536669183766662
2019-02-17 22:24:00,0.16202141124387026
2019-02-17 22:27:00,0.18534163172733997
2019-02-17 22:30:00,0.21524544438904059
2019-02-17 22:33:00,0.22434462749794193
2019-02-17 22:36:00,0.20599954672417198
2019-02-17 22:39:00,0.20120053873955612
2019-02-17 22:42:00,0.2473134105800341
2019-02-17 22:45:00,0.17160112927513183
2019-02-17 22:48:00,0.2020907409593633
2019-02-17 22:51:00,0.15867761368554056
2019-02-17 22:54:00,0.14476206650459744
2019-02-17 22:57:00,0.171446370880858
2019-02-17 23:00:00,0.1642604884782486
2019-02-17 23:03:00,0.22507643510010666
2019-02-17 23:06:00,0.1594961134347841
2019-02-17 23:09:00,0.18775924958100632
2019-02-17 23:12:00,0.2765957281247893
2019-02-17 23:15:00,0.20618622379788576
2019-02-17 23:18:00,0.17260698707184474
2019-02-17 23:21:00,0.16666957804454796
2019-02-17 23:24:00,0.23920825465251028
2019-02-17 23:27:00,0.17887449532628352
2019-02-17 23:30:00,0.1679953740289193
2019-02-17 23:33:00,0.1829680067512527
2019-02-17 23:36:00,0.2016648500238034
2019-02-17 23:39:00,0.16760494698917228
2019-02-17 23:42:00,0.2289261249340484
2019-02-17 23:45:00,0.14856297615506264
2019-02-17 23:48:00,0.22495328368233913
2019-02-17 23:51:00,0.1433461021694029
2019-02-17 23:54:00,0.07572067523250325
2019-02-17 23:57:00,0.08198904553984221
2019-02-18 00:00:00,0.0188694243830696
2019-02-18 00:03:00,0.19998116018831524
2019-02-18 00:06:00,0.12700652216005892
2019-02-18 00:09:00,0.2525077163268179
2019-02-18 00:12:00,0.2049922243517699
2019-02-18 00:15:00,0.17629037875929043
2019-02-18 00:18:00,0.2410343914278883
2019-02-18 00:21:00,0.19699681837994376
2019-02-18 00:24:00,0.15764908445555648
2019-02-18 00:27:00,0.205536946924326
2019-02-18 00:30:00,0.27434929313460543
2019-02-18 00:33:00,0.2985421510745141
2019-02-18 00:36:00,0.1895482433413349
2019-02-18 00:39:00,0.22214807668296999
2019-02-18 00:42:00,0.21388101231809742
2019-02-18 00:45:00,0.20813709062133512
2019-02-18 00:48:00,0.14244956637872974
2019-02-18 00:51:00,0.16631106917515126
2019-02-18 00:54:00,0.13962925125423453
2019-02-18 00:57:00,0.13090878515140503
2019-02-18 01:00:00,0.19435776316987585
2019-02-18 01:03:00,0.2491395775257388
2019-02-18 01:06:00,0.17387990858378544
2019-02-18 01:09:00,0.24510270541054524
2019-02-18 01:12:00,0.1773285598501957
2019-02-18 01:15:00,0.26178053263339507
2019-02-18 01:18:00,0.2050782859232072
2019-02-18 01:21:00,0.26823021905676114
2019-02-18 01:24:00,0.24738165391630673
2019-02-18 01:27:00,0.2749605099172072
2019-02-18 01:30:00,0.1737545908630409
2019-02-18 01:33:00,0.18295701058133318
2019-02-18 01:36:00,0.2129725683871584
2019-02-18 01:39:00,0.25078495519107946
2019-02-18 01:42:00,0.24188215478488928
2019-02-18 01:45:00,0.29535862063647755
2019-02-18 01:48:00,0.1825368884655063
2019-02-18 01:51:00,0.237808662115242
2019-02-18 01:54:00,0.14423046453413235
2019-02-18 01:57:00,0.1700630503508478
2019-02-18 02:00:00,0.17802086730949895
2019-02-18 02:03:00,0.23835480966090472
2019-02-18 02:06:00,0.2858671207611678
2019-02-18 02:09:00,0.2693841510126731
2019-02-18 02:12:00,0.16984416369484734
2019-02-18 02:15:00,0.16321484395899688
2019-02-18 02:18:00,0.19070987118936955
2019-02-18 02:21:00,0.11598663356761563
2019-02-18 02:24:00,0.27274247645073046
2019-02-18 02:27:00,0.17622962510881734
2019-02-18 02:30:00,0.24227873600978
2019-02-18 02:33:00,0.16354181578952875
2019-02-18 02:36:00,0.25354290709276484
2019-02-18 02:39:00,0.15842007329888474
2019-02-18 02:42:00,0.2016823117009494
2019-02-18 02:45:00,0.22184858225762127
2019-02-18 02:48:00,0.24554837762985926
2019-02-18 02:51:00,0.180758384902731
2019-02-18 02:54:00,0.1650893054435869
2019-02-18 02:57:00,0.19629265293559683
2019-02-18 03:00:00,0.3462162765101766
2019-02-18 03:03:00,0.22859573106677544
2019-02-18 03:06:00,0.23206147643708164
2019-02-18 03:09:00,0.24618210556423037
2019-02-18 03:12:00,0.31177829462393447
2019-02-18 03:15:00,0.21998554850790697
2019-02-18 03:18:00,0.30467903961795173
2019-02-18 03:21:00,0.365280218763246
2019-02-18 03:24:00,0.1971282944953714
2019-02-18 03:27:00,0.19828397220794614
2019-02-18 03:30:00,0.3193681746218999
2019-02-18 03:33:00,0.25420511717163663
2019-02-18 03:36:00,0.30287563698249187
2019-02-18 03:39:00,0.2671160077725858
2019-02-18 03:42:00,0.3145157980095519
2019-02-18 03:45:00,0.33678779920160196
2019-02-18 03:48:00,0.21720460084986826
2019-02-18 03:51:00,0.28684007745329154
2019-02-18 03:54:00,0.27025407484876496
2019-02-18 03:57:00,0.25326782418721905
2019-02-18 04:00:00,0.21597357475025092
2019-02-18 04:03:00,0.2825055375142824
2019-02-18 04:06:00,0.20678436263045796
2019-02-18 04:09:00,0.26946102419304907
2019-02-18 04:12:00,0.22514047098434276
2019-02-18 04:15:00,0.24689720054470854
2019-02-18 04:18:00,0.2663439715404934
2019-02-18 04:21:00,0.2584624321287947
2019-02-18 04:24:00,0.24578499049897573
2019-02-18 04:27:00,0.24428808162002724
2019-02-18 04:30:00,0.28994186702465186
2019-02-18 04:33:00,0.2521064251371854
2019-02-18 04:36:00,0.24146797446871915
2019-02-18 04:39:00,0.2676705016855294
2019-02-18 04:42:00,0.2823452639960351
2019-02-18 04:45:00,0.24362054443628267
2019-02-18 04:48:00,0.35662255998300907
2019-02-18 04:51:00,0.2626888448112368
2019-02-18 04:54:00,0.25459778729009486
2019-02-18 04:57:00,0.271783699286118
2019-02-18 05:00:00,0.28447828922713825
2019-02-18 05:03:00,0.2202970419725716
2019-02-18 05:06:00,0.20880120175166894
2019-02-18 05:09:00,0.33182898267790506
2019-02-18 05:12:00,0.2021504462720145
2019-02-18 05:15:00,0.31352294114327606
2019-02-18 05:18:00,0.29373870035868777
2019-02-18 05:21:00,0.22530924039335787
2019-02-18 05:24:00,0.22183947831507567
2019-02-18 05:27:00,0.17124478639914287
2019-02-18 05:30:00,0.292160558610874
2019-02-18 05:33:00,0.24436978453297797
2019-02-18 05:36:00,0.293835529765488
2019-02-18 05:39:00,0.30955118005476834
2019-02-18 05:42:00,0.24099165020896862
2019-02-18 05:45:00,0.22350269287392166
2019-02-18 05:48:00,0.2229912081293719
2019-02-18 05:51:00,0.3121934159752868
2019-02-18 05:54:00,0.3277601630163076
2019-02-18 05:57:00,0.24678643636019615
2019-02-18 06:00:00,0.26589582161506087
2019-02-18 06:03:00,0.3862293968180097
2019-02-18 06:06:00,0.23662478073890725
2019-02-18 06:09:00,0.30012562295388534
2019-02-18 06:12:00,0.2704983002115
2019-02-18 06:15:00,0.2212306215876083
2019-02-18 06:18:00,0.1385200168663232
2019-02-18 06:21:00,0.27303957162700954
2019-02-18 06:24:00,0.24649376447200666
2019-02-18 06:27:00,0.3814655769543833
2019-02-18 06:30:00,0.2611273997288208
2019-02-18 06:33:00,0.3260625407626776
2019-02-18 06:36:00,0.28814389363458304
2019-02-18 06:39:00,0.2989776964408293
2019-02-18 06:42:00,0.2638575874432263
2019-02-18 06:45:00,0.26575900383789985
2019-02-18 06:48:00,0.34285809813428614
2019-02-18 06:51:00,0.1788524944968799
2019-02-18 06:54:00,0.23392270352002242
2019-02-18 06:57:00,0.22707868772465645
2019-02-18 07:00:00,0.20857565358932106
2019-02-18 07:03:00,0.24851249085946847
2019-02-18 07:06:00,0.21815860158153555
2019-02-18 07:09:00,0.21586706049231452
2019-02-18 07:12:00,0.2398245999133337
2019-02-18 07:15:00,0.1331808959770342
2019-02-18 07:18:00,0.2559790029774831
2019-02-18 07:21:00,0.2706201899808889
2019-02-18 07:24:00,0.3225415961535987
2019-02-18 07:27:00,0.26787661878427116
2019-02-18 07:30:00,0.23563858271677418
2019-02-18 07:33:00,0.21738195243148084
2019-02-18 07:36:00,0.2942845510712573
2019-02-18 07:39:00,0.2634119363923446
2019-02-18 07:42:00,0.24268390118800198
2019-02-18 07:45:00,0.22969798956887644
2019-02-18 07:48:00,0.25909442211451506
2019-02-18 07:51:00,0.27519931651329443
2019-02-18 07:54:00,0.30354546345830613
2019-02-18 07:57:00,0.22268720339587844
2019-02-18 08:00:00,0.22472241191752573
2019-02-18 08:03:00,0.2346694490801724
2019-02-18 08:06:00,0.1884020454007782
2019-02-18 08:09:00,0.17896296197534411
2019-02-18 08:12:00,0.19413549836951915
2019-02-18 08:15:00,0.30964915660626957
2019-02-18 08:18:00,0.2509009670739033
2019-02-18 08:21:00,0.3028816311422702
2019-02-18 08:24:00,0.35151774185180784
2019-02-18 08:27:00,0.1902068914979509
2019-02-18 08:30:00,0.17470743621618112
2019-02-18 08:33:00,0.18620488211490738
2019-02-18 08:36:00,0.22783150275898834
2019-02-18 08:39:00,0.1971495837456132
2019-02-18 08:42:00,0.18323681383685653
2019-02-18 08:45:00,0.17380955158733968
2019-02-18 08:48:00,0.1869348686989838
2019-02-18 08:51:00,0.04883213243078899
2019-02-18 08:54:00,0.1485965185737541
2019-02-18 08:57:00,0.09124561941280263
2019-02-18 09:00:00,0.2571915875067816
2019-02-18 09:03:00,0.17210321327110023
2019-02-18 09:06:00,0.13971073027653347
2019-02-18 09:09:00,0.07476981119617676
2019-02-18 09:12:00,-0.01440663818198118
2019-02-18 09:15:00,0.09538045803924433
2019-02-18 09:18:00,0.10638594193079598
2019-02-18 09:21:00,0.14147079132857243
2019-02-18 09:24:00,0.09399578275946396
2019-02-18 09:27:00,0.11569434329794603
2019-02-18 09:30:00,0.056848779669337546
2019-02-18 09:33:00,0.04172326421036132
2019-02-18 09:36:00,0.08241953740684949
2019-02-18 09:39:00,-0.09693536911618139
2019-02-18 09:42:00,-0.07570573352597876
2019-02-18 09:45:00,0.002636975130656083
2019-02-18 09:48:00,-0.008570095949096412
2019-02-18 09:51:00,-0.05887602572744299
2019-02-18 09:54:00,-0.019904043870951682
2019-02-18 09:57:00,-0.03685274747681433
2019-02-18 10:00:00,-0.13140672766240868
2019-02-18 10:03:00,-0.07545955030161622
2019-02-18 10:06:00,-0.06280780559006871
2019-02-18 10:09:00,0.012393538532933235
2019-02-18 10:12:00,-0.09951209978834186
2019-02-18 10:15:00,-0.13075308307105615
2019-02-18 10:18:00,-0.09047558522786403
2019-02-18 10:21:00,-0.0646831279145772
2019-02-18 10:24:00,-0.13955493171789612
2019-02-18 10:27:00,-0.11415577315528935
2019-02-18 10:30:00,-0.1267372271144609
2019-02-18 10:33:00,-0.09653746684432463
2019-02-18 10:36:00,-0.25573423805388984
2019-02-18 10:39:00,-0.29739457036089334
2019-02-18 10:42:00,-0.24201620708782912
2019-02-18 10:45:00,-0.1980746208953974
2019-02-18 10:48:00,-0.2082926844439612
2019-02-18 10:51:00,-0.17968672842778233
2019-02-18 10:54:00,-0.22620976927470338
2019-02-18 10:57:00,-0.27506050833636664
2019-02-18 11:00:00,-0.1607611841554899
2019-02-18 11:03:00,-0.23954735620804968
2019-02-18 11:06:00,-0.15769254790075138
2019-02-18 11:09:00,-0.28492277197574367
2019-02-18 11:12:00,-0.22243212384654498
2019-02-18 11:15:00,-0.30227943272541324
2019-02-18 11:18:00,-0.2773722051574623
2019-02-18 11:21:00,-0.24076087335055263
2019-02-18 11:24:00,-0.2912317094385344
2019-02-18 11:27:00,-0.2541036382397124
2019-02-18 11:30:00,-0.2521537146278092
2019-02-18 11:33:00,-0.3273536969156794
2019-02-18 11:36:00,-0.27776299267435434
2019-02-18 11:39:00,-0.3323470420554031
2019-02-18 11:42:00,-0.35366532995197986
2019-02-18 11:45:00,-0.22932405477445172
2019-02-18 11:48:00,-0.2628485675857064
2019-02-18 11:51:00,-0.2776516513199567
2019-02-18 11:54:00,-0.4031279838980595
2019-02-18 11:57:00,-0.2414829241755001
2019-02-18 12:00:00,-0.3590750589215759
2019-02-18 12:03:00,-0.3511429563255888
2019-02-18 12:06:00,-0.24147002114904126
2019-02-18 12:09:00,-0.33547821627183794
2019-02-18 12:12:00,-0.2692255290601224
2019-02-18 12:15:00,-0.22563293081992697
2019-02-18 12:18:00,-0.21232032239788623
2019-02-18 12:21:00,-0.2498099794632367
2019-02-18 12:24:00,-0.33500932768941993
2019-02-18 12:27:00,-0.35239645073409065
2019-02-18 12:30:00,-0.3240326334603765
2019-02-18 12:33:00,-0.2739432851185484
2019-02-18 12:36:00,-0.31829378902199323
2019-02-18 12:39:00,-0.28498453384361255
2019-02-18 12:42:00,-0.3418486088233976
2019-02-18 12:45:00,-0.35034398673923306
2019-02-18 12:48:00,-0.3065778757558064
2019-02-18 12:51:00,-0.26620595733817254
2019-02-18 12:54:00,-0.27922034065392154
2019-02-18 12:57:00,-0.20350444763062114
2019-02-18 13:00:00,-0.3147550402053412
2019-02-18 13:03:00,-0.3408393451377947
2019-02-18 13:06:00,-0.2740284169921665
2019-02-18 13:09:00,-0.3407029455542556
2019-02-18 13:12:00,-0.26920702935160534
2019-02-18 13:15:00,-0.3721484939793527
2019-02-18 13:18:00,-0.142983808372378
2019-02-18 13:21:00,-0.2419954123804473
2019-02-18 13:24:00,-0.3624909349479708
2019-02-18 13:27:00,-0.39380535725814525
2019-02-18 13:30:00,-0.2666809330654587
2019-02-18 13:33:00,-0.37230766384703884
2019-02-18 13:36:00,-0.3265518800127438
2019-02-18 13:39:00,-0.3655767403274126
2019-02-18 13:42:00,-0.25751747389614366
2019-02-18 13:45:00,-0.3335468672098614
2019-02-18 13:48:00,-0.3425216396844917
2019-02-18 13:51:00,-0.40275537832968666
2019-02-18 13:54:00,-0.50168033237901
2019-02-18 13:57:00,-0.45811885659708196
2019-02-18 14:00:00,-0.4218391693625563
2019-02-18 14:03:00,-0.43302794610713136
2019-02-18 14:06:00,-0.39361836673236894
2019-02-18 14:09:00,-0.45807273875402643
2019-02-18 14:12:00,-0.41855771622084603
2019-02-18 14:15:00,-0.27536893313288147
2019-02-18 14:18:00,-0.41765239703659063
2019-02-18 14:21:00,-0.4444933045796233
2019-02-18 14:24:00,-0.41439384169996174
2019-02-18 14:27:00,-0.40087255408678857
2019-02-18 14:30:00,-0.39744725230235645
2019-02-18 14:33:00,-0.27940163336614887
2019-02-18 14:36:00,-0.4128528851683768
2019-02-18 14:39:00,-0.3215522236752122
2019-02-18 14:42:00,-0.25226346984521797
2019-02-18 14:45:00,-0.36010457457439315
2019-02-18 14:48:00,-0.2909370629425325
2019-02-18 14:51:00,-0.30536169514647327
2019-02-18 14:54:00,-0.3586075064268357
2019-02-18 14:57:00,-0.20861107251153044
2019-02-18 15:00:00,-0.2532769420404293
2019-02-18 15:03:00,-0.29826750478792974
2019-02-18 15:06:00,-0.3084896291873065
2019-02-18 15:09:00,-0.2805764874627812
2019-02-18 15:12:00,-0.34773310430449555
2019-02-18 15:15:00,-0.31452536563017475
2019-02-18 15:18:00,-0.34570136357933734
2019-02-18 15:21:00,-0.25321703264324924
2019-02-18 15:24:00,-0.272334943908902
2019-02-18 15:27:00,-0.20294073004981783
2019-02-18 15:30:00,-0.2687659889672318
2019-02-18 15:33:00,-0.2827095504439967
2019-02-18 15:36:00,-0.2324061693146291
2019-02-18 15:39:00,-0.327349180943429
2019-02-18 15:42:00,-0.2522003722138493
2019-02-18 15:45:00,-0.25457622997629414
2019-02-18 15:48:00,-0.2612335291825616
2019-02-18 15:51:00,-0.23785627679018262
2019-02-18 15:54:00,-0.26692742773514055
2019-02-18 15:57:00,-0.24749755490586267
2019-02-18 16:00:00,-0.23530710837150082
2019-02-18 16:03:00,-0.17362275652072867
2019-02-18 16:06:00,-0.14225334351829133
2019-02-18 16:09:00,-0.09356469303202175
2019-02-18 16:12:00,-0.20812844017478938
2019-02-18 16:15:00,-0.3026774171480042
2019-02-18 16:18:00,-0.18979724809452136
2019-02-18 16:21:00,-0.19340137530042512
2019-02-18 16:24:00,-0.2419849112530983
2019-02-18 16:27:00,-0.1818207043747293
2019-02-18 16:30:00,-0.14498860416102843
2019-02-18 16:33:00,-0.15908682861771695
2019-02-18 16:36:00,-0.13269512416769658
2019-02-18 16:39:00,-0.0933019900996328
2019-02-18 16:42:00,-0.056790448114099945
2019-02-18 16:45:00,-0.04290868974322848
2019-02-18 16:48:00,-0.06271377810952572
2019-02-18 16:51:00,-0.058504815090543616
2019-02-18 16:54:00,-0.03868675290181045
2019-02-18 16:57:00,0.1346915936300661
2019-02-18 17:00:00,0.2069301712966194
2019-02-18 17:03:00,0.1939452819084977
2019-02-18 17:06:00,0.18565085675953696
2019-02-18 17:09:00,0.10512021109724401
2019-02-18 17:12:00,0.13953899163647066
2019-02-18 17:15:00,0.045537242799355226
2019-02-18 17:18:00,0.04409673078481546
2019-02-18 17:21:00,0.012532855464769455
2019-02-18 17:24:00,0.16992225382267634
2019-02-18 17:27:00,0.2082777617815168
2019-02-18 17:30:00,0.1715733010046847
2019-02-18 17:33:00,0.10095421035850904
2019-02-18 17:36:00,0.06907071484641847
2019-02-18 17:39:00,0.09691127818143741
2019-02-18 17:42:00,0.11325489069957939
2019-02-18 17:45:00,0.07828472255869201
2019-02-18 17:48:00,0.10532890921336957
2019-02-18 17:51:00,0.14805921742652117
2019-02-18 17:54:00,0.07641655091038047
2019-02-18 17:57:00,-0.05422028839569748
2019-02-18 18:00:00,0.053440640369899484
2019-02-18 18:03:00,-0.11820960949268056
2019-02-18 18:06:00,-0.12847012488987275
2019-02-18 18:09:00,-0.03832081048244618
2019-02-18 18:12:00,-0.08577139800661371
2019-02-18 18:15:00,-0.1256233075418436
2019-02-18 18:18:00,-0.20595512199253108
2019-02-18 18:21:00,-0.1400303458087251
2019-02-18 18:24:00,-0.15901375927131767
2019-02-18 18:27:00,-0.17936893037170876
2019-02-18 18:30:00,-0.1721874194619204
2019-02-18 18:33:00,-0.06857041817926302
2019-02-18 18:36:00,-0.0742657463854357
2019-02-18 18:39:00,-0.12446910332101879
2019-02-18 18:42:00,-0.09033116980185696
2019-02-18 18:45:00,-0.11329529253720239
2019-02-18 18:48:00,-0.08017883435155682
2019-02-18 18:51:00,-0.13280513787515247
2019-02-18 18:54:00,
2019-02-18 18:57:00,
2019-02-18 19:00:00,
2019-02-18 19:03:00,-0.07194049751387865
2019-02-18 19:06:00,-0.05886231126726216
2019-02-18 19:09:00,0.018013898599235745
2019-02-18 19:12:00,0.057699201222817464
2019-02-18 19:15:00,0.043841204060584005
2019-02-18 19:18:00,0.06706624225483893
2019-02-18 19:21:00,0.03441511441070588
2019-02-18 19:24:00,-0.04434062233980285
2019-02-18 19:27:00,0.0052725911918400925
2019-02-18 19:30:00,-0.05004374131289069
2019-02-18 19:33:00,-0.05348348441634698
2019-02-18 19:36:00,0.014771029852624906
2019-02-18 19:39:00,-0.031930153113478354
2019-02-18 19:42:00,-0.04325701219528355
2019-02-18 19:45:00,-0.006269340756887232
2019-02-18 19:48:00,0.028284309685432163
2019-02-18 19:51:00,0.07640698846989835
2019-02-18 19:54:00,0.05147857778268872
2019-02-18 19:57:00,0.04507152941420145
2019-02-18 20:00:00,0.08338404334574534
2019-02-18 20:03:00,0.17187222621180354
2019-02-18 20:06:00,0.2108934684272299
2019-02-18 20:09:00,0.22850839703562542
2019-02-18 20:12:00,0.31284921022160006
2019-02-18 20:15:00,0.26864940546283833
2019-02-18 20:18:00,0.3749916859781024
2019-02-18 20:21:00,0.2146337409265584
2019-02-18 20:24:00,0.3158472633511451
2019-02-18 20:27:00,0.36520753659158345
2019-02-18 20:30:00,0.40423771868569247
2019-02-18 20:33:00,0.42546586980199663
2019-02-18 20:36:00,0.3062818613810805
2019-02-18 20:39:00,0.3994759606073899
2019-02-18 20:42:00,0.3455510173541825
2019-02-18 20:45:00,0.372409191854274
2019-02-18 20:48:00,0.24598893895620222
2019-02-18 20:51:00,0.1838350446049617
2019-02-18 20:54:00,0.19833709216408124
2019-02-18 20:57:00,0.11909298491565323
2019-02-18 21:00:00,0.1844795372649628
2019-02-18 21:03:00,0.1904795769339671
2019-02-18 21:06:00,0.18959250186202325
2019-02-18 21:09:00,0.14373093293573902
2019-02-18 21:12:00,0.14984333743609568
2019-02-18 21:15:00,0.14499019157864268
2019-02-18 21:18:00,0.17689330646135204
2019-02-18 21:21:00,0.12482174817336045
2019-02-18 21:24:00,0.20411330623085178
2019-02-18 21:27:00,0.1477084155500279
2019-02-18 21:30:00,0.17615911069879076
2019-02-18 21:33:00,0.10153906548362102
2019-02-18 21:36:00,0.14498172334810988
2019-02-18 21:39:00,0.13332327001722888
2019-02-18 21:42:00,0.23358591656801764
2019-02-18 21:45:00,0.16390449421663789
2019-02-18 21:48:00,0.14094536430116023
2019-02-18 21:51:00,0.18340118567300578
2019-02-18 21:54:00,0.09872895762185863
2019-02-18 21:57:00,0.16799717608358833
2019-02-18 22:00:00,0.17112930192467957
2019-02-18 22:03:00,0.15410416277705963
2019-02-18 22:06:00,0.08566814034236359
2019-02-18 22:09:00,0.11608922373636688
2019-02-18 22:12:00,0.17772558787169146
2019-02-18 22:15:00,0.1567044322773654
2019-02-18 22:18:00,-0.011209816122175198
2019-02-18 22:21:00,0.08791851489149849
2019-02-18 22:24:00,0.13274195381399068
2019-02-18 22:27:00,0.20988503889805088
2019-02-18 22:30:00,0.17793116502406292
2019-02-18 22:33:00,0.1413750630464392
2019-02-18 22:36:00,0.16545275220755684
2019-02-18 22:39:00,0.1420525125715244
2019-02-18 22:42:00,0.07488848444626228
2019-02-18 22:45:00,0.09830464715622611
2019-02-18 22:48:00,0.18847073889509147
2019-02-18 22:51:00,0.19412796550403755
2019-02-18 22:54:00,0.17328446368350114
2019-02-18 22:57:00,0.1256874696094883
2019-02-18 23:00:00,0.13933744912935708
2019-02-18 23:03:00,0.26773677964473563
2019-02-18 23:06:00,0.17354156171904833
2019-02-18 23:09:00,0.1839150060555994
2019-02-18 23:12:00,0.2268195264079509
2019-02-18 23:15:00,0.21178802649035333
2019-02-18 23:18:00,0.16850722949601504
2019-02-18 23:21:00,0.29865292200037175
2019-02-18 23:24:00,0.18921723121354717
2019-02-18 23:27:00,0.21813714875349888
2019-02-18 23:30:00,0.188774853080929
2019-02-18 23:33:00,0.22353683431231275
2019-02-18 23:36:00,0.2590759249047778
2019-02-18 23:39:00,0.2318655573959063
2019-02-18 23:42:00,0.17432337081112337
2019-02-18 23:45:00,0.18597861834894047
2019-02-18 23:48:00,0.16810780226353472
2019-02-18 23:51:00,0.2204698844466293
2019-02-18 23:54:00,0.11444998316216015
2019-02-18 23:57:00,0.07845400935929092
2019-02-19 00:00:00,0.18619574860122157
2019-02-19 00:03:00,0.21790004888418935
2019-02-19 00:06:00,0.2007001275982816
2019-02-19 00:09:00,0.16678849439131227
2019-02-19 00:12:00,0.21432871177751167
2019-02-19 00:15:00,0.1896247411379477
2019-02-19 00:18:00,0.1970761481605905
2019-02-19 00:21:00,0.0947605305535717
2019-02-19 00:24:00,0.15912778083088597
2019-02-19 00:27:00,0.21493402902621028
2019-02-19 00:30:00,0.20909721880195775
2019-02-19 00:33:00,0.1983925358857732
2019-02-19 00:36:00,0.2423312394560071
2019-02-19 00:39:00,0.22969283786505912
2019-02-19 00:42:00,0.22233701523111904
2019-02-19 00:45:00,0.18201543204139625
2019-02-19 00:48:00,0.15092508432371687
2019-02-19 00:51:00,0.11049046162673903
2019-02-19 00:54:00,0.21402408058918354
2019-02-19 00:57:00,0.2357828934805184
2019-02-19 01:00:00,0.29967282591411504
2019-02-19 01:03:00,0.3647766649147002
2019-02-19 01:06:00,0.34504873579976447
2019-02-19 01:09:00,0.3311694155018472
2019-02-19 01:12:00,0.33227271757618837
2019-02-19 01:15:00,0.36648053853070905
2019-02-19 01:18:00,0.37960457583733387
2019-02-19 01:21:00,0.37415898091842337
2019-02-19 01:24:00,0.3218481618962983
2019-02-19 01:27:00,0.38300541122487175
2019-02-19 01:30:00,0.3099027833993091
2019-02-19 01:33:00,0.38857566082464245
2019-02-19 01:36:00,0.3620578413501221
2019-02-19 01:39:00,0.3782470161809215
2019-02-19 01:42:00,0.3648159397656059
2019-02-19 01:45:00,0.24278373863427305
2019-02-19 01:48:00,0.3417740003042695
2019-02-19 01:51:00,0.3129586616744291
2019-02-19 01:54:00,0.30449887929188435
2019-02-19 01:57:00,0.32264810747733463
2019-02-19 02:00:00,0.33913519732527675
2019-02-19 02:03:00,0.3017175884255039
2019-02-19 02:06:00,0.3163105336275862
2019-02-19 02:09:00,0.37455377282623203
2019-02-19 02:12:00,0.3302776600912125
2019-02-19 02:15:00,0.35201382848129015
2019-02-19 02:18:00,0.31482444009458277
2019-02-19 02:21:00,0.2933894528815699
2019-02-19 02:24:00,0.3690956877561007
2019-02-19 02:27:00,0.3717727910976123
2019-02-19 02:30:00,0.21906913713019094
2019-02-19 02:33:00,0.3046298711242912
2019-02-19 02:36:00,0.32755797680135856
2019-02-19 02:39:00,0.3756536266511148
2019-02-19 02:42:00,0.2809650261457932
2019-02-19 02:45:00,0.3117291720155322
2019-02-19 02:48:00,0.3565768972678711
2019-02-19 02:51:00,0.3542272278412497
2019-02-19 02:54:00,0.4026577093682704
2019-02-19 02:57:00,0.3534464333988012
2019-02-19 03:00:00,0.4075966998169065
2019-02-19 03:03:00,0.413076019087498
2019-02-19 03:06:00,0.39302508599416797
2019-02-19 03:09:00,0.43814358492659267
2019-02-19 03:12:00,0.4265075907724736
2019-02-19 03:15:00,0.3931354377120897
2019-02-19 03:18:00,0.3671329650783832
2019-02-19 03:21:00,0.39786720949348364
2019-02-19 03:24:00,0.41725581412106294
2019-02-19 03:27:00,0.45219665129701525
2019-02-19 03:30:00,0.3973407494652861
2019-02-19 03:33:00,0.2691713363483359
2019-02-19 03:36:00,0.4231425545522143
2019-02-19 03:39:00,0.4491811468979563
2019-02-19 03:42:00,0.4061389961088935
2019-02-19 03:45:00,0.3772955022851079
2019-02-19 03:48:00,0.3631925388805257
2019-02-19 03:51:00,0.3323384970355505
2019-02-19 03:54:00,0.38843416910617634
2019-02-19 03:57:00,0.28368068882093667
2019-02-19 04:00:00,0.34755408815698274
2019-02-19 04:03:00,0.3953233137084453
2019-02-19 04:06:00,0.4546993441551308
2019-02-19 04:09:00,0.3928692418002697
2019-02-19 04:12:00,0.3668982570547996
2019-02-19 04:15:00,0.36343623791657365
2019-02-19 04:18:00,0.37792349032099537
2019-02-19 04:21:00,0.4335476945202572
2019-02-19 04:24:00,0.430135806414512
2019-02-19 04:27:00,0.36474144471748104
2019-02-19 04:30:00,0.4169181808137523
2019-02-19 04:33:00,0.4941635530473718
2019-02-19 04:36:00,0.415802110035429
2019-02-19 04:39:00,0.3834656728650998
2019-02-19 04:42:00,0.4037889869943001
2019-02-19 04:45:00,0.3887141015956104
2019-02-19 04:48:00,0.39496556775316094
2019-02-19 04:51:00,0.4226367377997917
2019-02-19 04:54:00,0.4056905520220653
2019-02-19 04:57:00,0.44610006262678326
2019-02-19 05:00:00,0.42162173287312044
2019-02-19 05:03:00,0.31890192642970305
2019-02-19 05:06:00,0.32764938962941415
2019-02-19 05:09:00,0.3588383497071277
2019-02-19 05:12:00,0.3900247585793295
2019-02-19 05:15:00,0.4024563495638631
2019-02-19 05:18:00,0.44848794959443694
2019-02-19 05:21:00,0.4190657961743227
2019-02-19 05:24:00,0.44376675086402884
2019-02-19 05:27:00,0.3883027793319229
2019-02-19 05:30:00,0.33602151037774775
2019-02-19 05:33:00,0.40691001502437985
2019-02-19 05:36:00,0.43312118795489596
2019-02-19 05:39:00,0.28620616238714547
2019-02-19 05:42:00,0.2583760501871666
2019-02-19 05:45:00,0.43590383628941254
2019-02-19 05:48:00,0.374817584526113
2019-02-19 05:51:00,0.30964407498009905
2019-02-19 05:54:00,0.37569255737736285
2019-02-19 05:57:00,0.3469171848079782
2019-02-19 06:00:00,0.27095725063560394
2019-02-19 06:03:00,0.30623907982931087
2019-02-19 06:06:00,0.4141502129375567
2019-02-19 06:09:00,0.28336059140178804
2019-02-19 06:12:00,0.35441267473095195
2019-02-19 06:15:00,0.32984860238593683
2019-02-19 06:18:00,0.3916407750268718
2019-02-19 06:21:00,0.36413462554628495
2019-02-19 06:24:00,0.42130399724101153
2019-02-19 06:27:00,0.36833341521384
2019-02-19 06:30:00,0.31771824990784125
2019-02-19 06:33:00,0.41429646769591955
2019-02-19 06:36:00,0.31871305202417943
2019-02-19 06:39:00,0.4069297480259024
2019-02-19 06:42:00,0.39516928891521275
2019-02-19 06:45:00,0.3208212415888738
2019-02-19 06:48:00,0.4098880184766358
2019-02-19 06:51:00,0.42214215060505467
2019-02-19 06:54:00,0.33261462004264786
2019-02-19 06:57:00,0.4064194606183946
2019-02-19 07:00:00,0.3733984900483165
2019-02-19 07:03:00,0.3343103206101432
2019-02-19 07:06:00,0.3130931409661457
2019-02-19 07:09:00,0.39084711407303985
2019-02-19 07:12:00,0.43152446796966615
2019-02-19 07:15:00,0.29211852165303753
2019-02-19 07:18:00,0.3511637542221706
2019-02-19 07:21:00,0.27541184651124695
2019-02-19 07:24:00,0.3562408531346932
2019-02-19 07:27:00,0.334710660197743
2019-02-19 07:30:00,0.333011959353712
2019-02-19 07:33:00,0.3180244404598511
2019-02-19 07:36:00,0.3326379521750482
2019-02-19 07:39:00,0.3254457582780219
2019-02-19 07:42:00,0.3732860778396798
2019-02-19 07:45:00,0.44398008781263343
2019-02-19 07:48:00,0.41217335979655445
2019-02-19 07:51:00,0.39407887694579813
2019-02-19 07:54:00,0.2741332296564565
2019-02-19 07:57:00,0.31468856854417027
2019-02-19 08:00:00,0.3006977807498856
2019-02-19 08:03:00,0.28888458649799986
2019-02-19 08:06:00,0.28702114534331713
2019-02-19 08:09:00,0.32664746871864736
2019-02-19 08:12:00,0.49467971788601517
2019-02-19 08:15:00,0.33975252113242504
2019-02-19 08:18:00,0.29439284473249927
2019-02-19 08:21:00,0.22688811534686693
2019-02-19 08:24:00,0.36086837786263004
2019-02-19 08:27:00,0.31820829031352105
2019-02-19 08:30:00,0.2092935229124464
2019-02-19 08:33:00,0.38247515416242095
2019-02-19 08:36:00,0.24545894237854782
2019-02-19 08:39:00,0.3390159886515107
2019-02-19 08:42:00,0.25473792534046424
2019-02-19 08:45:00,0.2576873561193338
2019-02-19 08:48:00,0.2728044770304905
2019-02-19 08:51:00,0.3028318542672537
2019-02-19 08:54:00,0.29811175740837825
2019-02-19 08:57:00,0.2220963559749407
2019-02-19 09:00:00,0.26474614778231853
2019-02-19 09:03:00,0.1795712143809851
2019-02-19 09:06:00,0.17741344833956418
2019-02-19 09:09:00,0.28133875165241307
2019-02-19 09:12:00,0.29013716076889295
2019-02-19 09:15:00,0.29080163157493644
2019-02-19 09:18:00,0.2557161558846701
2019-02-19 09:21:00,0.29893574796523126
2019-02-19 09:24:00,0.32583348769804843
2019-02-19 09:27:00,0.3566104161307635
2019-02-19 09:30:00,0.35218232943003613
2019-02-19 09:33:00,0.23912331469080073
2019-02-19 09:36:00,0.22926382739541395
2019-02-19 09:39:00,0.27862105242525104
2019-02-19 09:42:00,0.19652495435400397
2019-02-19 09:45:00,0.26896664712353413
2019-02-19 09:48:00,0.2960901290750826
2019-02-19 09:51:00,0.31682928293719215
2019-02-19 09:54:00,0.3632479306187406
2019-02-19 09:57:00,0.2834276547817467
2019-02-19 10:00:00,0.2626299966931356
2019-02-19 10:03:00,0.335477537843758
2019-02-19 10:06:00,0.2955626655282231
2019-02-19 10:09:00,0.34157022312189156
2019-02-19 10:12:00,0.23288211078977383
2019-02-19 10:15:00,0.32235655617398606
2019-02-19 10:18:00,0.25419149985663125
2019-02-19 10:21:00,0.24604706550979927
2019-02-19 10:24:00,0.23703153820144962
2019-02-19 10:27:00,0.22374456971698464
2019-02-19 10:30:00,0.2759465558787042
2019-02-19 10:33:00,0.35496055175025276
2019-02-19 10:36:00,0.27472566155336153
2019-02-19 10:39:00,0.2837873642679938
2019-02-19 10:42:00,0.14361319284154206
2019-02-19 10:45:00,0.2104185854884122
2019-02-19 10:48:00,0.14906882804376664
2019-02-19 10:51:00,0.23600306715843544
2019-02-19 10:54:00,0.23578260730931788
2019-02-19 10:57:00,0.33167594816796964
2019-02-19 11:00:00,0.18668617592095416
2019-02-19 11:03:00,0.07586547274729583
2019-02-19 11:06:00,0.18484356852087558
2019-02-19 11:09:00,0.20671687694209595
2019-02-19 11:12:00,0.18183427874765812
2019-02-19 11:15:00,0.26620015632960303
2019-02-19 11:18:00,0.2114016077266001
2019-02-19 11:21:00,0.31223013104414576
2019-02-19 11:24:00,0.29169878979269015
2019-02-19 11:27:00,0.24673059779104278
2019-02-19 11:30:00,0.2595985588395706
2019-02-19 11:33:00,0.32066023014061784
2019-02-19 11:36:00,0.24276272799744447
2019-02-19 11:39:00,0.33121440521892964
2019-02-19 11:42:00,0.3245672077524091
2019-02-19 11:45:00,0.3187958122040868
2019-02-19 11:48:00,0.3487739549439084
2019-02-19 11:51:00,0.2924843337647758
2019-02-19 11:54:00,0.30213616933360754
2019-02-19 11:57:00,0.35071896091835697
2019-02-19 12:00:00,0.23073884244593046
2019-02-19 12:03:00,0.22784610014338114
2019-02-19 12:06:00,0.228644225654989
2019-02-19 12:09:00,0.21731092053676093
2019-02-19 12:12:00,0.22898050373993328
2019-02-19 12:15:00,0.15250398914611196
2019-02-19 12:18:00,0.19531019442081288
2019-02-19 12:21:00,0.17954159024435512
2019-02-19 12:24:00,0.16433512071205314
2019-02-19 12:27:00,0.09511641952661876
2019-02-19 12:30:00,0.0190313820899064
2019-02-19 12:33:00,0.09913184532121022
2019-02-19 12:36:00,0.10704935694013784
2019-02-19 12:39:00,-0.006577919228448081
2019-02-19 12:42:00,0.03800990179371411
2019-02-19 12:45:00,-0.035971647332360135
2019-02-19 12:48:00,0.053291757683666674
2019-02-19 12:51:00,-0.0070990345245718345
2019-02-19 12:54:00,-0.10744819794052773
2019-02-19 12:57:00,-0.03442614965121038
2019-02-19 13:00:00,-0.03432436860316557
2019-02-19 13:03:00,-0.18857686879107405
2019-02-19 13:06:00,-0.1372611987804362
2019-02-19 13:09:00,-0.054856246084682425
2019-02-19 13:12:00,-0.13993441721294175
2019-02-19 13:15:00,-0.2751357766352953
2019-02-19 13:18:00,-0.1654203775031533
2019-02-19 13:21:00,-0.17019277744049077
2019-02-19 13:24:00,-0.19915236290182747
2019-02-19 13:27:00,-0.208919294853672
2019-02-19 13:30:00,-0.23012420378250908
2019-02-19 13:33:00,-0.14776022008533118
2019-02-19 13:36:00,-0.1819607373544727
2019-02-19 13:39:00,-0.19235157605703535
2019-02-19 13:42:00,-0.1728103225343034
2019-02-19 13:45:00,-0.17831390903654665
2019-02-19 13:48:00,-0.15130832050618892
2019-02-19 13:51:00,-0.20993743174005886
2019-02-19 13:54:00,-0.2549376002424424
2019-02-19 13:57:00,-0.1860322970122752
2019-02-19 14:00:00,-0.2976240063833302
2019-02-19 14:03:00,-0.2523506181744892
2019-02-19 14:06:00,-0.2465048553331144
2019-02-19 14:09:00,-0.18780200829831983
2019-02-19 14:12:00,-0.10482768681498555
2019-02-19 14:15:00,-0.1025163683676169
2019-02-19 14:18:00,-0.16682468157915764
2019-02-19 14:21:00,-0.14555791159438058
2019-02-19 14:24:00,-0.13440679100727948
2019-02-19 14:27:00,-0.2643851195993534
2019-02-19 14:30:00,-0.24537333277839934
2019-02-19 14:33:00,-0.10706849740751068
2019-02-19 14:36:00,-0.14359308214892508
2019-02-19 14:39:00,-0.14981711909763362
2019-02-19 14:42:00,-0.0803253548733096
2019-02-19 14:45:00,-0.1459387167116688
2019-02-19 14:48:00,-0.07354422770254132
2019-02-19 14:51:00,-0.22597426451255842
2019-02-19 14:54:00,-0.35176255844095294
2019-02-19 14:57:00,-0.2875894765229532
2019-02-19 15:00:00,-0.22653814030252306
2019-02-19 15:03:00,-0.19309855836962697
2019-02-19 15:06:00,-0.15654315092905335
2019-02-19 15:09:00,-0.1297816712515214
2019-02-19 15:12:00,-0.0725013621860171
2019-02-19 15:15:00,-0.00643547132006006
2019-02-19 15:18:00,-0.01464081896932612
2019-02-19 15:21:00,-0.06486693021207657
2019-02-19 15:24:00,-0.1298616953396845
2019-02-19 15:27:00,-0.1296790891402111
2019-02-19 15:30:00,-0.160740431797592
2019-02-19 15:33:00,-0.11244552870260804
2019-02-19 15:36:00,-0.04185715069974094
2019-02-19 15:39:00,-0.1876194425782387
2019-02-19 15:42:00,-0.1787834306919649
2019-02-19 15:45:00,-0.10317942250645729
2019-02-19 15:48:00,-0.1719972092520834
2019-02-19 15:51:00,-0.03842550314715254
2019-02-19 15:54:00,-0.0553803990279107
2019-02-19 15:57:00,0.03467580864753472
2019-02-19 16:00:00,0.004039719961724586
2019-02-19 16:03:00,0.0064196107343263975
2019-02-19 16:06:00,-0.09751056443406014
2019-02-19 16:09:00,-0.07761962162925329
2019-02-19 16:12:00,-0.07432979777433957
2019-02-19 16:15:00,-0.11108285421664732
2019-02-19 16:18:00,-0.06212109618661543
2019-02-19 16:21:00,-0.04218539531063925
2019-02-19 16:24:00,-0.038944670824037075
2019-02-19 16:27:00,-0.15792198746970598
2019-02-19 16:30:00,-0.0900718752190528
2019-02-19 16:33:00,-0.06743414858277674
2019-02-19 16:36:00,-0.08214565913317529
2019-02-19 16:39:00,-0.13423550195625467
2019-02-19 16:42:00,-0.10567031781533842
2019-02-19 16:45:00,-0.07351632708019906
2019-02-19 16:48:00,-0.10090810026048302
2019-02-19 16:51:00,-0.22326370846457166
2019-02-19 16:54:00,-0.05972694551354607
2019-02-19 16:57:00,-0.16342992739578222
2019-02-19 17:00:00,-0.020387068083152826
2019-02-19 17:03:00,0.40654150926508237
2019-02-19 17:06:00,0.4438473047293314
2019-02-19 17:09:00,0.5001103609491793
2019-02-19 17:12:00,0.39195117010876857
2019-02-19 17:15:00,0.32355441135996443
2019-02-19 17:18:00,0.3653186156487891
2019-02-19 17:21:00,0.27064335318391386
2019-02-19 17:24:00,0.24872189534983136
2019-02-19 17:27:00,0.2650023686251757
2019-02-19 17:30:00,0.2563978097558106
2019-02-19 17:33:00,0.38722305093625664
2019-02-19 17:36:00,0.23593639735838678
2019-02-19 17:39:00,0.2089784465981097
2019-02-19 17:42:00,0.106680260619612
2019-02-19 17:45:00,0.08702660568371812
2019-02-19 17:48:00,0.1941238813419659
2019-02-19 17:51:00,0.3324165249315456
2019-02-19 17:54:00,0.444201357909094
2019-02-19 17:57:00,0.5305395284702286
2019-02-19 18:00:00,0.19686228865560906
2019-02-19 18:03:00,0.29478953114096385
2019-02-19 18:06:00,0.20862513454687814
2019-02-19 18:09:00,0.1689616687105513
2019-02-19 18:12:00,0.17003491636876333
2019-02-19 18:15:00,0.06664254446894802
2019-02-19 18:18:00,0.14451639347896617
2019-02-19 18:21:00,0.11469604954731949
2019-02-19 18:24:00,0.11161996596496238
2019-02-19 18:27:00,0.16697412612990092
2019-02-19 18:30:00,0.16467831073254047
2019-02-19 18:33:00,0.1239579319784525
2019-02-19 18:36:00,0.09570379729586875
2019-02-19 18:39:00,0.11849372069821129
2019-02-19 18:42:00,0.05033697988079666
2019-02-19 18:45:00,0.16821959897367833
2019-02-19 18:48:00,0.09283150329838463
2019-02-19 18:51:00,0.14814673016900315
2019-02-19 18:54:00,
2019-02-19 18:57:00,
2019-02-19 19:00:00,
2019-02-19 19:03:00,0.14692190012812034
2019-02-19 19:06:00,0.010123487841212864
2019-02-19 19:09:00,0.03750430735959753
2019-02-19 19:12:00,0.012751183549710277
2019-02-19 19:15:00,0.01165652542584894
2019-02-19 19:18:00,-0.024503566266048438
2019-02-19 19:21:00,0.10324784613720794
2019-02-19 19:24:00,0.09957578877799733
2019-02-19 19:27:00,0.09554455444299492
2019-02-19 19:30:00,0.04821896710041074
2019-02-19 19:33:00,0.10405271477583256
2019-02-19 19:36:00,0.08759898547435796
2019-02-19 19:39:00,0.07280599135663124
2019-02-19 19:42:00,0.12308586541701061
2019-02-19 19:45:00,0.051072879043601915
2019-02-19 19:48:00,0.14975779609858364
2019-02-19 19:51:00,0.08386982624392658
2019-02-19 19:54:00,0.10507563294027022
2019-02-19 19:57:00,0.08356680371144876
2019-02-19 20:00:00,0.06111797863292168
2019-02-19 20:03:00,0.08522676806830987
2019-02-19 20:06:00,0.10535223132188776
2019-02-19 20:09:00,0.0324803053702567
2019-02-19 20:12:00,0.11443161956310632
2019-02-19 20:15:00,0.12196847325373028
2019-02-19 20:18:00,0.08771343776294316
2019-02-19 20:21:00,0.189788674332533
2019-02-19 20:24:00,0.18920801833024825
2019-02-19 20:27:00,0.21400709157137499
2019-02-19 20:30:00,0.11238243850169738
2019-02-19 20:33:00,0.15767639650727006
2019-02-19 20:36:00,0.15163932208946562
2019-02-19 20:39:00,0.12304671777536669
2019-02-19 20:42:00,0.15681806296737477
2019-02-19 20:45:00,0.1408947616068872
2019-02-19 20:48:00,0.20481696255353654
2019-02-19 20:51:00,0.1297568645078968
2019-02-19 20:54:00,0.10475527747450997
2019-02-19 20:57:00,0.14046963806316626
2019-02-19 21:00:00,0.2033109856054125
2019-02-19 21:03:00,0.19883955951968346
2019-02-19 21:06:00,0.11504943375103949
2019-02-19 21:09:00,0.14859662162348286
2019-02-19 21:12:00,0.06274105385659823
2019-02-19 21:15:00,0.048322210493324746
2019-02-19 21:18:00,0.08031266984431795
2019-02-19 21:21:00,0.16452413099727892
2019-02-19 21:24:00,0.08735279722435507
2019-02-19 21:27:00,0.16902875209893864
2019-02-19 21:30:00,0.09001992285953975
2019-02-19 21:33:00,0.11378140694887406
2019-02-19 21:36:00,0.10095005871392004
2019-02-19 21:39:00,0.13342023077285603
2019-02-19 21:42:00,0.1899218262297495
2019-02-19 21:45:00,0.14904704368012744
2019-02-19 21:48:00,0.22759364249554892
2019-02-19 21:51:00,0.30902977449255786
2019-02-19 21:54:00,0.17683753648168477
2019-02-19 21:57:00,0.16812267303174622
2019-02-19 22:00:00,0.10618517459721488
2019-02-19 22:03:00,0.2106984828396321
2019-02-19 22:06:00,0.18568134061598585
2019-02-19 22:09:00,0.1691724160818353
2019-02-19 22:12:00,0.16017274905169643
2019-02-19 22:15:00,0.17181778595329433
2019-02-19 22:18:00,0.17272066854957302
2019-02-19 22:21:00,0.18972989127155415
2019-02-19 22:24:00,0.1634554001322499
2019-02-19 22:27:00,0.1614111017410096
2019-02-19 22:30:00,0.1886692557032461
2019-02-19 22:33:00,0.07694080304656836
2019-02-19 22:36:00,0.16526829357871975
2019-02-19 22:39:00,0.11744547770683766
2019-02-19 22:42:00,0.19947697364239048
2019-02-19 22:45:00,0.1529327600758279
2019-02-19 22:48:00,0.12704958423580592
2019-02-19 22:51:00,0.2868369666454669
2019-02-19 22:54:00,0.08435763670490815
2019-02-19 22:57:00,0.15726852198559982
2019-02-19 23:00:00,0.28011175910256725
2019-02-19 23:03:00,0.16205532744612583
2019-02-19 23:06:00,0.21671170100370318
2019-02-19 23:09:00,0.2723958507637576
2019-02-19 23:12:00,0.26109373701700633
2019-02-19 23:15:00,0.26999325773022065
2019-02-19 23:18:00,0.18092801130416092
2019-02-19 23:21:00,0.21694836478962998
2019-02-19 23:24:00,0.21849663539882158
2019-02-19 23:27:00,0.3385256355783781
2019-02-19 23:30:00,0.35192179814100655
2019-02-19 23:33:00,0.27178805593206334
2019-02-19 23:36:00,0.26105705752422637
2019-02-19 23:39:00,0.19850868145863387
2019-02-19 23:42:00,0.34583667100213233
2019-02-19 23:45:00,0.30800009335541745
2019-02-19 23:48:00,0.2654755037830796
2019-02-19 23:51:00,0.2807763808404502
2019-02-19 23:54:00,0.24876134938864425
2019-02-19 23:57:00,0.2140049947464604
2019-02-20 00:00:00,0.2954246833586467
2019-02-20 00:03:00,0.16560684785122248
2019-02-20 00:06:00,0.27747095271371336
2019-02-20 00:09:00,0.23683125381455739
2019-02-20 00:12:00,0.14478931331558442
2019-02-20 00:15:00,0.1825231504035969
2019-02-20 00:18:00,0.22622747682618183
2019-02-20 00:21:00,0.2698462179412786
2019-02-20 00:24:00,0.187237727698232
2019-02-20 00:27:00,0.23667501926070145
2019-02-20 00:30:00,0.18743165189590627
2019-02-20 00:33:00,0.25255837322907837
2019-02-20 00:36:00,0.16137873471154762
2019-02-20 00:39:00,0.2619401294352315
2019-02-20 00:42:00,0.2905747749471743
2019-02-20 00:45:00,0.3466153122583364
2019-02-20 00:48:00,0.2717088343681553
2019-02-20 00:51:00,0.25513189579550044
2019-02-20 00:54:00,0.2083335341164343
2019-02-20 00:57:00,0.32545296949916747
2019-02-20 01:00:00,0.28967717613915056
2019-02-20 01:03:00,0.27460119166926233
2019-02-20 01:06:00,0.20963724364605696
2019-02-20 01:09:00,0.3224457251181434
2019-02-20 01:12:00,0.2441279182218068
2019-02-20 01:15:00,0.22954536166702155
2019-02-20 01:18:00,0.27610444558837344
2019-02-20 01:21:00,0.3905145797463092
2019-02-20 01:24:00,0.33091806580239336
2019-02-20 01:27:00,0.2785594892411041
2019-02-20 01:30:00,0.3024942861443378
2019-02-20 01:33:00,0.31766263693884866
2019-02-20 01:36:00,0.2567923110312904
2019-02-20 01:39:00,0.2907992822433698
2019-02-20 01:42:00,0.30670558737699594
2019-02-20 01:45:00,0.3195834591303992
2019-02-20 01:48:00,0.2810047700265841
2019-02-20 01:51:00,0.2233346257827975
2019-02-20 01:54:00,0.26384433721295864
2019-02-20 01:57:00,0.2287628818338021
2019-02-20 02:00:00,0.2827156167365956
2019-02-20 02:03:00,0.2985638628191509
2019-02-20 02:06:00,0.2812578506290606
2019-02-20 02:09:00,0.28884181504975004
2019-02-20 02:12:00,0.26301505676133274
2019-02-20 02:15:00,0.283676931470211
2019-02-20 02:18:00,0.305074950433152
2019-02-20 02:21:00,0.2466894832944604
2019-02-20 02:24:00,0.30915513666928973
2019-02-20 02:27:00,0.2794359464017475
2019-02-20 02:30:00,0.25160929335373794
2019-02-20 02:33:00,0.2969438067111696
2019-02-20 02:36:00,0.26295015094297014
2019-02-20 02:39:00,0.2689860045260275
2019-02-20 02:42:00,0.391237957001465
2019-02-20 02:45:00,0.3075261936944571
2019-02-20 02:48:00,0.28034932052582917
2019-02-20 02:51:00,0.3328340654885551
2019-02-20 02:54:00,0.37640214361977087
2019-02-20 02:57:00,0.36134006668044094
2019-02-20 03:00:00,0.29299004194984946
2019-02-20 03:03:00,0.3397618748471132
2019-02-20 03:06:00,0.3758148796767955
2019-02-20 03:09:00,0.46568676865524594
2019-02-20 03:12:00,0.38856406030288326
2019-02-20 03:15:00,0.46282110758443196
2019-02-20 03:18:00,0.494410104686267
2019-02-20 03:21:00,0.48468393453617864
2019-02-20 03:24:00,0.4188805894456209
2019-02-20 03:27:00,0.41663148028976593
2019-02-20 03:30:00,0.5082272654699977
2019-02-20 03:33:00,0.46264230538668016
2019-02-20 03:36:00,0.516013275367186
2019-02-20 03:39:00,0.5193463227155917
2019-02-20 03:42:00,0.6491377809661572
2019-02-20 03:45:00,0.5703905899809456
2019-02-20 03:48:00,0.6079182349169514
2019-02-20 03:51:00,0.5992350394986374
2019-02-20 03:54:00,0.6248902532253169
2019-02-20 03:57:00,0.511091185605153
2019-02-20 04:00:00,0.3944652796225796
2019-02-20 04:03:00,0.5064734864496927
2019-02-20 04:06:00,0.4081090648496115
2019-02-20 04:09:00,0.2803831023321095
2019-02-20 04:12:00,0.2746499122342243
2019-02-20 04:15:00,0.28732377692745104
2019-02-20 04:18:00,0.30569060696626593
2019-02-20 04:21:00,0.31664532188591465
2019-02-20 04:24:00,0.2447604024082466
2019-02-20 04:27:00,0.25537313357767744
2019-02-20 04:30:00,0.2585609506224955
2019-02-20 04:33:00,0.2937930328022844
2019-02-20 04:36:00,0.3069906292294604
2019-02-20 04:39:00,0.30678674935376193
2019-02-20 04:42:00,0.4104145386557434
2019-02-20 04:45:00,0.4695757499083584
2019-02-20 04:48:00,0.6104195795073792
2019-02-20 04:51:00,0.5979244001318307
2019-02-20 04:54:00,0.6066957020717609
2019-02-20 04:57:00,0.4621234643187222
2019-02-20 05:00:00,0.48096741100249574
2019-02-20 05:03:00,0.3434210143469727
2019-02-20 05:06:00,0.31363014273460976
2019-02-20 05:09:00,0.3925696630019502
2019-02-20 05:12:00,0.41934713029297654
2019-02-20 05:15:00,0.3146186718973354
2019-02-20 05:18:00,0.24994556053985661
2019-02-20 05:21:00,0.35968570079108986
2019-02-20 05:24:00,0.25733833858015487
2019-02-20 05:27:00,0.4342677832563595
2019-02-20 05:30:00,0.24715076365544064
2019-02-20 05:33:00,0.3133387288722247
2019-02-20 05:36:00,0.46826024998637195
2019-02-20 05:39:00,0.4388397683665062
2019-02-20 05:42:00,0.4546777906272155
2019-02-20 05:45:00,0.42731425521077426
2019-02-20 05:48:00,0.40908656263985677
2019-02-20 05:51:00,0.47748430850111845
2019-02-20 05:54:00,0.3825229720723087
2019-02-20 05:57:00,0.39160127582562154
2019-02-20 06:00:00,0.3974414474858463
2019-02-20 06:03:00,0.330809180740971
2019-02-20 06:06:00,0.29084874595719157
2019-02-20 06:09:00,0.37424134006994336
2019-02-20 06:12:00,0.3675463139587123
2019-02-20 06:15:00,0.3299278174019378
2019-02-20 06:18:00,0.37964216141585894
2019-02-20 06:21:00,0.27713210491725704
2019-02-20 06:24:00,0.3712858324860804
2019-02-20 06:27:00,0.37549346325079114
2019-02-20 06:30:00,0.4287545510157429
2019-02-20 06:33:00,0.3355451774742164
2019-02-20 06:36:00,0.4361327947428322
2019-02-20 06:39:00,0.368094895520926
2019-02-20 06:42:00,0.3850566980159442
2019-02-20 06:45:00,0.41097281913141614
2019-02-20 06:48:00,0.43604325065359717
2019-02-20 06:51:00,0.4566504328276437
2019-02-20 06:54:00,0.42455407343715024
2019-02-20 06:57:00,0.46986351331378273
2019-02-20 07:00:00,0.4397799228280519
2019-02-20 07:03:00,0.36686516156066773
2019-02-20 07:06:00,0.44800826218272505
2019-02-20 07:09:00,0.4316236173094694
2019-02-20 07:12:00,0.39805400045798933
2019-02-20 07:15:00,0.4269378512700541
2019-02-20 07:18:00,0.3554398469785838
2019-02-20 07:21:00,0.41313666547222283
2019-02-20 07:24:00,0.3865301311342364
2019-02-20 07:27:00,0.4780180252932382
2019-02-20 07:30:00,0.5369181557041998
2019-02-20 07:33:00,0.4964336518885375
2019-02-20 07:36:00,0.5451992609399099
2019-02-20 07:39:00,0.5733156334240448
2019-02-20 07:42:00,0.4490850446211425
2019-02-20 07:45:00,0.4922004760257437
2019-02-20 07:48:00,0.36025635159933245
2019-02-20 07:51:00,0.4413687408173246
2019-02-20 07:54:00,0.5389041038835103
2019-02-20 07:57:00,0.4026593226391242
2019-02-20 08:00:00,0.5131492458721141
2019-02-20 08:03:00,0.3817082021076885
2019-02-20 08:06:00,0.38258226205954315
2019-02-20 08:09:00,0.42087095713264944
2019-02-20 08:12:00,0.4188234307507628
2019-02-20 08:15:00,0.48487574533100997
2019-02-20 08:18:00,0.48670380555768133
2019-02-20 08:21:00,0.4665486380405355
2019-02-20 08:24:00,0.3967849834708659
2019-02-20 08:27:00,0.46460146438812444
2019-02-20 08:30:00,0.4157216089938629
2019-02-20 08:33:00,0.4279091264313024
2019-02-20 08:36:00,0.35977807468475476
2019-02-20 08:39:00,0.3706947577562687
2019-02-20 08:42:00,0.35904633071186254
2019-02-20 08:45:00,0.4192891643396024
2019-02-20 08:48:00,0.3931168688110347
2019-02-20 08:51:00,0.34783973402426227
2019-02-20 08:54:00,0.48392252077690046
2019-02-20 08:57:00,0.3744711843723394
2019-02-20 09:00:00,0.3497666208381247
2019-02-20 09:03:00,0.46932397831756134
2019-02-20 09:06:00,0.33320134756320385
2019-02-20 09:09:00,0.2978931946486796
2019-02-20 09:12:00,0.3823257401598994
2019-02-20 09:15:00,0.4605360042425559
2019-02-20 09:18:00,0.42302946856045764
2019-02-20 09:21:00,0.4051237116462971
2019-02-20 09:24:00,0.35216206134498407
2019-02-20 09:27:00,0.23164591570872517
2019-02-20 09:30:00,0.3372495546067853
2019-02-20 09:33:00,0.3106629538106631
2019-02-20 09:36:00,0.32520683401725137
2019-02-20 09:39:00,0.40206806999987066
2019-02-20 09:42:00,0.45998621357068714
2019-02-20 09:45:00,0.26208352390830214
2019-02-20 09:48:00,0.36608122208758687
2019-02-20 09:51:00,0.3687833779527523
2019-02-20 09:54:00,0.44131401268970194
2019-02-20 09:57:00,0.37344623803272725
2019-02-20 10:00:00,0.29770104123889496
2019-02-20 10:03:00,0.2601848524589627
2019-02-20 10:06:00,0.3188580252122506
2019-02-20 10:09:00,0.2852882805425452
2019-02-20 10:12:00,0.30969249872720184
2019-02-20 10:15:00,0.2580375852070915
2019-02-20 10:18:00,0.17634111200624147
2019-02-20 10:21:00,0.18877305845484216
2019-02-20 10:24:00,0.19018893599809417
2019-02-20 10:27:00,0.18218877145261558
2019-02-20 10:30:00,0.20837435593745113
2019-02-20 10:33:00,0.14395903121368292
2019-02-20 10:36:00,0.14096403617719488
2019-02-20 10:39:00,0.10101720253953772
2019-02-20 10:42:00,-0.00350814665659982
2019-02-20 10:45:00,0.0715044927666213
2019-02-20 10:48:00,0.0226688275930087
2019-02-20 10:51:00,0.016722796162582654
2019-02-20 10:54:00,-0.016311234010288445
2019-02-20 10:57:00,-0.12167347450247235
2019-02-20 11:00:00,-0.11318093558315923
2019-02-20 11:03:00,-0.06311902985743245
2019-02-20 11:06:00,-0.06230397316011249
2019-02-20 11:09:00,-0.1680413419591673
2019-02-20 11:12:00,-0.16353208068437652
2019-02-20 11:15:00,-0.12878784728900428
2019-02-20 11:18:00,-0.190302017325223
2019-02-20 11:21:00,-0.17389825462311137
2019-02-20 11:24:00,-0.1626314911334248
2019-02-20 11:27:00,-0.16653259084307592
2019-02-20 11:30:00,-0.14608949876213728
2019-02-20 11:33:00,-0.13120116268237325
2019-02-20 11:36:00,-0.17785940780714782
2019-02-20 11:39:00,-0.19797844434594936
2019-02-20 11:42:00,-0.14532891603431608
2019-02-20 11:45:00,-0.09303431364372727
2019-02-20 11:48:00,-0.19955008465200308
2019-02-20 11:51:00,-0.16658590950652297
2019-02-20 11:54:00,-0.22349498198082074
2019-02-20 11:57:00,-0.1863209461435531
2019-02-20 12:00:00,-0.11537042428130917
2019-02-20 12:03:00,-0.17894687782091978
2019-02-20 12:06:00,-0.17477124291713153
2019-02-20 12:09:00,-0.1468603611157846
2019-02-20 12:12:00,-0.24590969807508145
2019-02-20 12:15:00,-0.2582427687947302
2019-02-20 12:18:00,-0.17020739879041002
2019-02-20 12:21:00,-0.25258275764326754
2019-02-20 12:24:00,-0.26192470654120825
2019-02-20 12:27:00,-0.12601848725802256
2019-02-20 12:30:00,-0.24853023213324832
2019-02-20 12:33:00,-0.2772431248403677
2019-02-20 12:36:00,-0.46420137498199665
2019-02-20 12:39:00,-0.335107273650749
2019-02-20 12:42:00,-0.2698400258759648
2019-02-20 12:45:00,-0.2554801030489102
2019-02-20 12:48:00,-0.4413484445542508
2019-02-20 12:51:00,-0.4523000260408594
2019-02-20 12:54:00,-0.3608624259488238
2019-02-20 12:57:00,-0.3750096921099271
2019-02-20 13:00:00,-0.3280568283273624
2019-02-20 13:03:00,-0.3536412041494259
2019-02-20 13:06:00,-0.3939175856862107
2019-02-20 13:09:00,-0.47724465956690665
2019-02-20 13:12:00,-0.2852232693987844
2019-02-20 13:15:00,-0.291931599866075
2019-02-20 13:18:00,-0.275136789798637
2019-02-20 13:21:00,-0.40189631887500354
2019-02-20 13:24:00,-0.4377356289410841
2019-02-20 13:27:00,-0.3959049706400606
2019-02-20 13:30:00,-0.4100789546538408
2019-02-20 13:33:00,-0.42922756555356045
2019-02-20 13:36:00,-0.4410701338258036
2019-02-20 13:39:00,-0.39583928662358403
2019-02-20 13:42:00,-0.4290641065397267
2019-02-20 13:45:00,-0.4338977663036303
2019-02-20 13:48:00,-0.277859510671135
2019-02-20 13:51:00,-0.4357909135157456
2019-02-20 13:54:00,-0.3899063106712788
2019-02-20 13:57:00,-0.37468112219227123
2019-02-20 14:00:00,-0.3128418009241045
2019-02-20 14:03:00,-0.28151899488369736
2019-02-20 14:06:00,-0.30295557897386516
2019-02-20 14:09:00,-0.41001654289971157
2019-02-20 14:12:00,-0.22265700520955534
2019-02-20 14:15:00,-0.25426568715812436
2019-02-20 14:18:00,-0.20876824912221537
2019-02-20 14:21:00,-0.2638689684711153
2019-02-20 14:24:00,-0.2984058149783664
2019-02-20 14:27:00,-0.4129383941104834
2019-02-20 14:30:00,-0.3122358494073296
2019-02-20 14:33:00,-0.19863041316091312
2019-02-20 14:36:00,-0.26667243980830335
2019-02-20 14:39:00,-0.08706135777646296
2019-02-20 14:42:00,-0.16775523186686314
2019-02-20 14:45:00,-0.09930577222797865
2019-02-20 14:48:00,-0.09956688567916672
2019-02-20 14:51:00,-0.08173114800183612
2019-02-20 14:54:00,-0.12732820318058202
2019-02-20 14:57:00,0.0795835693737672
2019-02-20 15:00:00,-0.06562632360214593
2019-02-20 15:03:00,-0.029135510563833122
2019-02-20 15:06:00,0.11976039290982499
2019-02-20 15:09:00,0.15183994586561766
2019-02-20 15:12:00,0.06968397049564601
2019-02-20 15:15:00,0.16350625850122924
2019-02-20 15:18:00,0.09542778468721735
2019-02-20 15:21:00,0.12225940678439429
2019-02-20 15:24:00,0.1407556196080577
2019-02-20 15:27:00,0.05370502427410884
2019-02-20 15:30:00,0.15747601397640665
2019-02-20 15:33:00,0.10688684305455354
2019-02-20 15:36:00,0.09744284085212485
2019-02-20 15:39:00,0.115852635155818
2019-02-20 15:42:00,0.17228182443727746
2019-02-20 15:45:00,0.1374996835975253
2019-02-20 15:48:00,0.07050645520183707
2019-02-20 15:51:00,0.1486210224557567
2019-02-20 15:54:00,0.5151705360244705
2019-02-20 15:57:00,0.5522406180587609
2019-02-20 16:00:00,0.5446613591146843
2019-02-20 16:03:00,0.4481012312409689
2019-02-20 16:06:00,0.2796180433397808
2019-02-20 16:09:00,0.2862416431989345
2019-02-20 16:12:00,0.2822150368232883
2019-02-20 16:15:00,0.2900028062513229
2019-02-20 16:18:00,0.30900804469047216
2019-02-20 16:21:00,0.31341607607487276
2019-02-20 16:24:00,0.29078438506104476
2019-02-20 16:27:00,0.2567563467231935
2019-02-20 16:30:00,0.2551988532612768
2019-02-20 16:33:00,0.34261477328209367
2019-02-20 16:36:00,0.32511154263096387
2019-02-20 16:39:00,0.22619952984547353
2019-02-20 16:42:00,0.21696096758887506
2019-02-20 16:45:00,0.2814895680623408
2019-02-20 16:48:00,0.18720743496834302
2019-02-20 16:51:00,0.23034879277497566
2019-02-20 16:54:00,0.24261106723906778
2019-02-20 16:57:00,0.29716353717094535
2019-02-20 17:00:00,0.3075640390503622
2019-02-20 17:03:00,0.37671143956225706
2019-02-20 17:06:00,0.3262860666986285
2019-02-20 17:09:00,0.3656321927689987
2019-02-20 17:12:00,0.5043497560308765
2019-02-20 17:15:00,0.5693990717971928
2019-02-20 17:18:00,0.602757361211161
2019-02-20 17:21:00,0.4775670720641756
2019-02-20 17:24:00,0.3881764155857468
2019-02-20 17:27:00,0.35469164309438383
2019-02-20 17:30:00,0.2714902369619949
2019-02-20 17:33:00,0.26779805057884687
2019-02-20 17:36:00,0.27667201631459193
2019-02-20 17:39:00,0.30824622264174195
2019-02-20 17:42:00,0.26218966547611444
2019-02-20 17:45:00,0.2565558083663291
2019-02-20 17:48:00,0.32667153778982083
2019-02-20 17:51:00,0.3394022809454782
2019-02-20 17:54:00,0.2664932525941026
2019-02-20 17:57:00,0.2916265316044928
2019-02-20 18:00:00,0.4502405429869327
2019-02-20 18:03:00,0.44596661211784294
2019-02-20 18:06:00,0.45065585147489173
2019-02-20 18:09:00,0.38128786603454046
2019-02-20 18:12:00,0.3919657123222464
2019-02-20 18:15:00,0.3246796931078393
2019-02-20 18:18:00,0.450475527296021
2019-02-20 18:21:00,0.40477219656162333
2019-02-20 18:24:00,0.287772521336251
2019-02-20 18:27:00,0.3698488959643669
2019-02-20 18:30:00,0.3173807625687459
2019-02-20 18:33:00,0.26613335818314
2019-02-20 18:36:00,0.284281286235057
2019-02-20 18:39:00,0.24982500510435557
2019-02-20 18:42:00,0.3183857298773205
2019-02-20 18:45:00,0.28879878056682173
2019-02-20 18:48:00,0.28941452470536433
2019-02-20 18:51:00,0.3133827800545532
2019-02-20 18:54:00,
2019-02-20 18:57:00,
2019-02-20 19:00:00,
2019-02-20 19:03:00,0.330900601709061
2019-02-20 19:06:00,0.2588994007767269
2019-02-20 19:09:00,0.2684763846646092
2019-02-20 19:12:00,0.28070464873536594
2019-02-20 19:15:00,0.2604598368999973
2019-02-20 19:18:00,0.22277063587910106
2019-02-20 19:21:00,0.2925309837108898
2019-02-20 19:24:00,0.1708685150272231
2019-02-20 19:27:00,0.17799900894465281
2019-02-20 19:30:00,0.2292260990857926
2019-02-20 19:33:00,0.33431786373671457
2019-02-20 19:36:00,0.17697414685642343
2019-02-20 19:39:00,0.3294940337679577
2019-02-20 19:42:00,0.24622196903141003
2019-02-20 19:45:00,0.2409907856896325
2019-02-20 19:48:00,0.2343403348164088
2019-02-20 19:51:00,0.2608092285757948
2019-02-20 19:54:00,0.2369378418069914
2019-02-20 19:57:00,0.19002511467601835
2019-02-20 20:00:00,0.22959212845489674
2019-02-20 20:03:00,0.1628101117689198
2019-02-20 20:06:00,0.22964119529524396
2019-02-20 20:09:00,0.24966659482981868
2019-02-20 20:12:00,0.28646339055876524
2019-02-20 20:15:00,0.2894854377652223
2019-02-20 20:18:00,0.25579780084410686
2019-02-20 20:21:00,0.2829585951261038
2019-02-20 20:24:00,0.2429500647203895
2019-02-20 20:27:00,0.1321609456256283
2019-02-20 20:30:00,0.22372478157325304
2019-02-20 20:33:00,0.2517792906506884
2019-02-20 20:36:00,0.26655615812325095
2019-02-20 20:39:00,0.3094048427555549
2019-02-20 20:42:00,0.27243025527695863
2019-02-20 20:45:00,0.2578977567357583
2019-02-20 20:48:00,0.22814318924008603
2019-02-20 20:51:00,0.13467297098429754
2019-02-20 20:54:00,0.2691002655437842
2019-02-20 20:57:00,0.24045389195191547
2019-02-20 21:00:00,0.2649896413518604
2019-02-20 21:03:00,0.16341650692555731
2019-02-20 21:06:00,0.26838665080259716
2019-02-20 21:09:00,0.2505476307558183
2019-02-20 21:12:00,0.25067335069792307
2019-02-20 21:15:00,0.28863311553669746
2019-02-20 21:18:00,0.2639570343313835
2019-02-20 21:21:00,0.17545325833066272
2019-02-20 21:24:00,0.26215037483905235
2019-02-20 21:27:00,0.16501978873981216
2019-02-20 21:30:00,0.254047303838945
2019-02-20 21:33:00,0.2246220121571696
2019-02-20 21:36:00,0.17178289552674642
2019-02-20 21:39:00,0.16940772694152884
2019-02-20 21:42:00,0.2969497540724433
2019-02-20 21:45:00,0.1650755541454032
2019-02-20 21:48:00,0.25221992818143235
2019-02-20 21:51:00,0.22577065627700676
2019-02-20 21:54:00,0.29090519149343663
2019-02-20 21:57:00,0.33981251669723633
2019-02-20 22:00:00,0.28756704818289336
2019-02-20 22:03:00,0.3102663678368458
2019-02-20 22:06:00,0.3476984126338607
2019-02-20 22:09:00,0.26643233974414215
2019-02-20 22:12:00,0.24402582773984705
2019-02-20 22:15:00,0.2850693254832777
2019-02-20 22:18:00,0.23854276554902754
2019-02-20 22:21:00,0.19975017872098988
2019-02-20 22:24:00,0.2434118202844502
2019-02-20 22:27:00,0.18350661279873748
2019-02-20 22:30:00,0.1908216449472775
2019-02-20 22:33:00,0.2780601491945731
2019-02-20 22:36:00,0.2549015801665746
2019-02-20 22:39:00,0.2323342324807527
2019-02-20 22:42:00,0.20587675136238204
2019-02-20 22:45:00,0.2170769376139674
2019-02-20 22:48:00,0.13172384073641297
2019-02-20 22:51:00,0.1793191382396344
2019-02-20 22:54:00,0.25683851502162725
2019-02-20 22:57:00,0.2630403233240486
2019-02-20 23:00:00,0.22066094056509655
2019-02-20 23:03:00,0.1820443873633053
2019-02-20 23:06:00,0.15623482211742612
2019-02-20 23:09:00,0.14922261194385555
2019-02-20 23:12:00,0.28220832754516323
2019-02-20 23:15:00,0.27927693242304485
2019-02-20 23:18:00,0.2354980089593255
2019-02-20 23:21:00,0.30729714717131174
2019-02-20 23:24:00,0.2669430026929831
2019-02-20 23:27:00,0.2433037347368554
2019-02-20 23:30:00,0.29529695791086397
2019-02-20 23:33:00,0.20010138870674155
2019-02-20 23:36:00,0.25718331293495567
2019-02-20 23:39:00,0.25157453807332786
2019-02-20 23:42:00,0.2042384569685396
2019-02-20 23:45:00,0.20955645868025385
2019-02-20 23:48:00,0.17705980942645283
2019-02-20 23:51:00,0.2748762013073929
2019-02-20 23:54:00,0.22614086787899623
2019-02-20 23:57:00,0.23484250009477137
2019-02-21 00:00:00,0.24842600254635272
2019-02-21 00:03:00,0.24790873332966612
2019-02-21 00:06:00,0.2732961922025652
2019-02-21 00:09:00,0.23128285579963404
2019-02-21 00:12:00,0.2908798417805656
2019-02-21 00:15:00,0.3372597064126239
2019-02-21 00:18:00,0.36090203165417734
2019-02-21 00:21:00,0.3028519042297262
2019-02-21 00:24:00,0.324133880354907
2019-02-21 00:27:00,0.19768264885044573
2019-02-21 00:30:00,0.2696482512172338
2019-02-21 00:33:00,0.31862338737164464
2019-02-21 00:36:00,0.2559276858664248
2019-02-21 00:39:00,0.22755953635959258
2019-02-21 00:42:00,0.33470451021531744
2019-02-21 00:45:00,0.23927166672757494
2019-02-21 00:48:00,0.27696634201032566
2019-02-21 00:51:00,0.2720771971435738
2019-02-21 00:54:00,0.28543711931791904
2019-02-21 00:57:00,0.2565914583275912
2019-02-21 01:00:00,0.27085269776665655
2019-02-21 01:03:00,0.21770433703676417
2019-02-21 01:06:00,0.24101531591895764
2019-02-21 01:09:00,0.27824886598381227
2019-02-21 01:12:00,0.4001855893593529
2019-02-21 01:15:00,0.30741190666475404
2019-02-21 01:18:00,0.33690341382236966
2019-02-21 01:21:00,0.33239323356406203
2019-02-21 01:24:00,0.37345491077599036
2019-02-21 01:27:00,0.3346872165296304
2019-02-21 01:30:00,0.2800234747505783
2019-02-21 01:33:00,0.2979206082271162
2019-02-21 01:36:00,0.26574020966523904
2019-02-21 01:39:00,0.3088402489709665
2019-02-21 01:42:00,0.20147466801233804
2019-02-21 01:45:00,0.26061394448265673
2019-02-21 01:48:00,0.19688488498877632
2019-02-21 01:51:00,0.23932542509658106
2019-02-21 01:54:00,0.27256808208937855
2019-02-21 01:57:00,0.29067887947621784
2019-02-21 02:00:00,0.32688548922618565
2019-02-21 02:03:00,0.3709518701534762
2019-02-21 02:06:00,0.28436446378316305
2019-02-21 02:09:00,0.29812468166454664
2019-02-21 02:12:00,0.2902651746611582
2019-02-21 02:15:00,0.29758845924618527
2019-02-21 02:18:00,0.25346540943360196
2019-02-21 02:21:00,0.3260835095541097
2019-02-21 02:24:00,0.36373716378210474
2019-02-21 02:27:00,0.23446696965731917
2019-02-21 02:30:00,0.3483177236268489
2019-02-21 02:33:00,0.2779442874657434
2019-02-21 02:36:00,0.2831672174733626
2019-02-21 02:39:00,0.35622294276129196
2019-02-21 02:42:00,0.3096256154020125
2019-02-21 02:45:00,0.26731691949112246
2019-02-21 02:48:00,0.29678386570259363
2019-02-21 02:51:00,0.3498675228123602
2019-02-21 02:54:00,0.3635676521178084
2019-02-21 02:57:00,0.36032285527733166
2019-02-21 03:00:00,0.33101632347171517
2019-02-21 03:03:00,0.2060511356719985
2019-02-21 03:06:00,0.34671482403126674
2019-02-21 03:09:00,0.317617944495737
2019-02-21 03:12:00,0.3223386269029902
2019-02-21 03:15:00,0.386312671314613
2019-02-21 03:18:00,0.3020041029841991
2019-02-21 03:21:00,0.328997301569359
2019-02-21 03:24:00,0.43176137462251063
2019-02-21 03:27:00,0.34809607899507
2019-02-21 03:30:00,0.3413757342700592
2019-02-21 03:33:00,0.2516292198816359
2019-02-21 03:36:00,0.318373841056939
2019-02-21 03:39:00,0.260014596617566
2019-02-21 03:42:00,0.2706336922087189
2019-02-21 03:45:00,0.3824168439036839
2019-02-21 03:48:00,0.2654800775460444
2019-02-21 03:51:00,0.33644783149208024
2019-02-21 03:54:00,0.34477005383865844
2019-02-21 03:57:00,0.42838589612438227
2019-02-21 04:00:00,0.37232808487505054
2019-02-21 04:03:00,0.33304701515754687
2019-02-21 04:06:00,0.3527878048560069
2019-02-21 04:09:00,0.31761818805637176
2019-02-21 04:12:00,0.3989287342872103
2019-02-21 04:15:00,0.3582270113557229
2019-02-21 04:18:00,0.46966000566345656
2019-02-21 04:21:00,0.33555235682433704
2019-02-21 04:24:00,0.35833042918824276
2019-02-21 04:27:00,0.38204582653031594
2019-02-21 04:30:00,0.3312730441342069
2019-02-21 04:33:00,0.442279495982973
2019-02-21 04:36:00,0.39997890689295446
2019-02-21 04:39:00,0.38032154105241034
2019-02-21 04:42:00,0.2859062931627818
2019-02-21 04:45:00,0.3510759448534486
2019-02-21 04:48:00,0.40647919946985667
2019-02-21 04:51:00,0.3525846572199498
2019-02-21 04:54:00,0.34096320311925865
2019-02-21 04:57:00,0.4035423242127081
2019-02-21 05:00:00,0.4807771569091983
2019-02-21 05:03:00,0.380176007187913
2019-02-21 05:06:00,0.4101158913155132
2019-02-21 05:09:00,0.3531903497546409
2019-02-21 05:12:00,0.330486663006468
2019-02-21 05:15:00,0.3549906546139141
2019-02-21 05:18:00,0.33727410998233154
2019-02-21 05:21:00,0.41416166881720073
2019-02-21 05:24:00,0.36070787462813314
2019-02-21 05:27:00,0.4021500981592112
2019-02-21 05:30:00,0.309633469966343
2019-02-21 05:33:00,0.40693843002213725
2019-02-21 05:36:00,0.43876997658617256
2019-02-21 05:39:00,0.3139653169532153
2019-02-21 05:42:00,0.3210430346977091
2019-02-21 05:45:00,0.3181141320855545
2019-02-21 05:48:00,0.3304798468310537
2019-02-21 05:51:00,0.30653491121637444
2019-02-21 05:54:00,0.35756450856951005
2019-02-21 05:57:00,0.3819171406204305
2019-02-21 06:00:00,0.33463402491111083
2019-02-21 06:03:00,0.3210609650134302
2019-02-21 06:06:00,0.3784298685873182
2019-02-21 06:09:00,0.28693990032951433
2019-02-21 06:12:00,0.3296698760153163
2019-02-21 06:15:00,0.4108190746819673
2019-02-21 06:18:00,0.25815481180211464
2019-02-21 06:21:00,0.38615041657919846
2019-02-21 06:24:00,0.3076974523621061
2019-02-21 06:27:00,0.3823627761216244
2019-02-21 06:30:00,0.39777891167932466
2019-02-21 06:33:00,0.4405639245779298
2019-02-21 06:36:00,0.38161906580427285
2019-02-21 06:39:00,0.34740728946070476
2019-02-21 06:42:00,0.3092212046811369
2019-02-21 06:45:00,0.4020188693323803
2019-02-21 06:48:00,0.3112952084202334
2019-02-21 06:51:00,0.35443711137861555
2019-02-21 06:54:00,0.33554385640258033
2019-02-21 06:57:00,0.3039420793555223
2019-02-21 07:00:00,0.3617064923765838
2019-02-21 07:03:00,0.42645870651972473
2019-02-21 07:06:00,0.3105609816105357
2019-02-21 07:09:00,0.4750549506919697
2019-02-21 07:12:00,0.3499956928404231
2019-02-21 07:15:00,0.4128888355020308
2019-02-21 07:18:00,0.3501749651294972
2019-02-21 07:21:00,0.3762559209532128
2019-02-21 07:24:00,0.3235872805287272
2019-02-21 07:27:00,0.38272771492040647
2019-02-21 07:30:00,0.30934726417154934
2019-02-21 07:33:00,0.31687268739852925
2019-02-21 07:36:00,0.3553014405489989
2019-02-21 07:39:00,0.34001080279148255
2019-02-21 07:42:00,0.2610688103108032
2019-02-21 07:45:00,0.308116443461131
2019-02-21 07:48:00,0.3983561979053434
2019-02-21 07:51:00,0.3172250548475404
2019-02-21 07:54:00,0.30212468260180003
2019-02-21 07:57:00,0.3413486421341645
2019-02-21 08:00:00,0.32114705764803375
2019-02-21 08:03:00,0.3729122648386465
2019-02-21 08:06:00,0.2843436076225885
2019-02-21 08:09:00,0.3413170662549305
2019-02-21 08:12:00,0.3285994356684796
2019-02-21 08:15:00,0.4481815584608171
2019-02-21 08:18:00,0.27726914307527295
2019-02-21 08:21:00,0.35474327640270076
2019-02-21 08:24:00,0.3466770496518734
2019-02-21 08:27:00,0.3373530565156102
2019-02-21 08:30:00,0.32839331894234647
2019-02-21 08:33:00,0.265315737282549
2019-02-21 08:36:00,0.32699073122574873
2019-02-21 08:39:00,0.35321305867682895
2019-02-21 08:42:00,0.2675105715278505
2019-02-21 08:45:00,0.19903057627180942
2019-02-21 08:48:00,0.275333025618238
2019-02-21 08:51:00,0.23503451461021996
2019-02-21 08:54:00,0.2940642585304545
2019-02-21 08:57:00,0.33265868183997327
2019-02-21 09:00:00,0.25489556972723904
2019-02-21 09:03:00,0.19509617432515824
2019-02-21 09:06:00,0.251879115739996
2019-02-21 09:09:00,0.3133714027154042
2019-02-21 09:12:00,0.20411708105109483
2019-02-21 09:15:00,0.28334873096537194
2019-02-21 09:18:00,0.22228204817042752
2019-02-21 09:21:00,0.25652209194373654
2019-02-21 09:24:00,0.15266507382119698
2019-02-21 09:27:00,0.100602299548882
2019-02-21 09:30:00,0.20341297514011103
2019-02-21 09:33:00,0.10631342134405486
2019-02-21 09:36:00,0.11268738750897
2019-02-21 09:39:00,0.12173508960592017
2019-02-21 09:42:00,0.16366007247910375
2019-02-21 09:45:00,0.012008213023932512
2019-02-21 09:48:00,0.13829833952610215
2019-02-21 09:51:00,0.08291318081711552
2019-02-21 09:54:00,0.01261208290736704
2019-02-21 09:57:00,0.07736756281889257
2019-02-21 10:00:00,0.0568937625382091
2019-02-21 10:03:00,0.06770096593294284
2019-02-21 10:06:00,-0.026688510195754134
2019-02-21 10:09:00,-0.0589437566337665
2019-02-21 10:12:00,-0.02318243536956288
2019-02-21 10:15:00,0.020284915167735562
2019-02-21 10:18:00,-0.03536211964666336
2019-02-21 10:21:00,-0.048607110854050006
2019-02-21 10:24:00,-0.08271058073529503
2019-02-21 10:27:00,-0.13972766288782168
2019-02-21 10:30:00,-0.07828611443818545
2019-02-21 10:33:00,-0.10733185854991234
2019-02-21 10:36:00,-0.0874829321710422
2019-02-21 10:39:00,-0.21365185652092578
2019-02-21 10:42:00,-0.1165217765241664
2019-02-21 10:45:00,-0.10641908584409521
2019-02-21 10:48:00,-0.13051792070331203
2019-02-21 10:51:00,-0.09159033427442864
2019-02-21 10:54:00,-0.20511482759667388
2019-02-21 10:57:00,-0.2312341368391344
2019-02-21 11:00:00,-0.1643892137009857
2019-02-21 11:03:00,-0.15610765377471125
2019-02-21 11:06:00,-0.21884153867574696
2019-02-21 11:09:00,-0.15123752921391542
2019-02-21 11:12:00,-0.20803968830881558
2019-02-21 11:15:00,-0.24154829245100018
2019-02-21 11:18:00,-0.17197562110044373
2019-02-21 11:21:00,-0.24212773431634105
2019-02-21 11:24:00,-0.21401264575871437
2019-02-21 11:27:00,-0.2546084635447414
2019-02-21 11:30:00,-0.17642588506151924
2019-02-21 11:33:00,-0.2885086967893358
2019-02-21 11:36:00,-0.1653875700016556
2019-02-21 11:39:00,-0.21801339496244054
2019-02-21 11:42:00,-0.2741705025167107
2019-02-21 11:45:00,-0.28565907834308746
2019-02-21 11:48:00,-0.2902799183970046
2019-02-21 11:51:00,-0.2417256751364789
2019-02-21 11:54:00,-0.30821816071846797
2019-02-21 11:57:00,-0.21670899225057383
2019-02-21 12:00:00,-0.3008975693869047
2019-02-21 12:03:00,-0.3567475373747584
2019-02-21 12:06:00,-0.3854207523181685
2019-02-21 12:09:00,-0.4258147608241529
2019-02-21 12:12:00,-0.3757371023895075
2019-02-21 12:15:00,-0.2315305640324823
2019-02-21 12:18:00,-0.41364268604735344
2019-02-21 12:21:00,-0.36920490524255456
2019-02-21 12:24:00,-0.3643060185111153
2019-02-21 12:27:00,-0.2993300270234158
2019-02-21 12:30:00,-0.37136324386455044
2019-02-21 12:33:00,-0.4025325172225962
2019-02-21 12:36:00,-0.5129439660391313
2019-02-21 12:39:00,-0.3613692278248095
2019-02-21 12:42:00,-0.42975588863117764
2019-02-21 12:45:00,-0.36363517194615724
2019-02-21 12:48:00,-0.3778407353956936
2019-02-21 12:51:00,-0.3020880450382606
2019-02-21 12:54:00,-0.4049196701500364
2019-02-21 12:57:00,-0.36657771983288967
2019-02-21 13:00:00,-0.3954944720088065
2019-02-21 13:03:00,-0.46117197117530395
2019-02-21 13:06:00,-0.4138271338374011
2019-02-21 13:09:00,-0.4035417667104184
2019-02-21 13:12:00,-0.35373588843634707
2019-02-21 13:15:00,-0.31576892008013147
2019-02-21 13:18:00,-0.3981552392728531
2019-02-21 13:21:00,-0.347896101117783
2019-02-21 13:24:00,-0.3322093073360861
2019-02-21 13:27:00,-0.3316301369250141
2019-02-21 13:30:00,-0.34295747304418
2019-02-21 13:33:00,-0.3271371875769091
2019-02-21 13:36:00,-0.40010942144590445
2019-02-21 13:39:00,-0.4686141765203615
2019-02-21 13:42:00,-0.3749427866421229
2019-02-21 13:45:00,-0.46750778997022735
2019-02-21 13:48:00,-0.3280435788137197
2019-02-21 13:51:00,-0.4096872998889012
2019-02-21 13:54:00,-0.30591510584389425
2019-02-21 13:57:00,-0.3640012005575386
2019-02-21 14:00:00,-0.4205926140665497
2019-02-21 14:03:00,-0.4347067521231338
2019-02-21 14:06:00,-0.3766808449177006
2019-02-21 14:09:00,-0.4347143226037815
2019-02-21 14:12:00,-0.39513820813380107
2019-02-21 14:15:00,-0.41832345697110895
2019-02-21 14:18:00,-0.46610539068592516
2019-02-21 14:21:00,-0.48060911216691693
2019-02-21 14:24:00,-0.33395687318517275
2019-02-21 14:27:00,-0.4234959439370982
2019-02-21 14:30:00,-0.5354406274213943
2019-02-21 14:33:00,-0.40815437840802815
2019-02-21 14:36:00,-0.3487336819403595
2019-02-21 14:39:00,-0.3494704047696473
2019-02-21 14:42:00,-0.3387148520943697
2019-02-21 14:45:00,-0.4634934896505456
2019-02-21 14:48:00,-0.37607215150086404
2019-02-21 14:51:00,-0.4110623711293897
2019-02-21 14:54:00,-0.5439449237314875
2019-02-21 14:57:00,-0.46802197065852624
2019-02-21 15:00:00,-0.3513058396817428
2019-02-21 15:03:00,-0.38921835247174386
2019-02-21 15:06:00,-0.3428683349969788
2019-02-21 15:09:00,-0.2554515975407412
2019-02-21 15:12:00,-0.5269443998475936
2019-02-21 15:15:00,-0.3401518513959445
2019-02-21 15:18:00,-0.40669283103352427
2019-02-21 15:21:00,-0.40194734486834705
2019-02-21 15:24:00,-0.35420150961033414
2019-02-21 15:27:00,-0.372540019638393
2019-02-21 15:30:00,-0.34951441427915597
2019-02-21 15:33:00,-0.4474847006293885
2019-02-21 15:36:00,-0.3865763551709165
2019-02-21 15:39:00,-0.49653992418791404
2019-02-21 15:42:00,-0.5141437129931319
2019-02-21 15:45:00,-0.5055060228012849
2019-02-21 15:48:00,-0.3532074671856549
2019-02-21 15:51:00,-0.42204097114137085
2019-02-21 15:54:00,-0.36729012163914376
2019-02-21 15:57:00,-0.3652366294530225
2019-02-21 16:00:00,-0.33747628174626243
2019-02-21 16:03:00,-0.5262638593195561
2019-02-21 16:06:00,-0.41952583630057916
2019-02-21 16:09:00,-0.5029007908348717
2019-02-21 16:12:00,-0.4467903765625465
2019-02-21 16:15:00,-0.49982264321204184
2019-02-21 16:18:00,-0.4287613165093944
2019-02-21 16:21:00,-0.4814345528671993
2019-02-21 16:24:00,-0.2663730343596171
2019-02-21 16:27:00,-0.4069503817892155
2019-02-21 16:30:00,-0.5014434415909363
2019-02-21 16:33:00,-0.40850910966241827
2019-02-21 16:36:00,-0.4503200203940878
2019-02-21 16:39:00,-0.5584848298793759
2019-02-21 16:42:00,-0.5051589051412861
2019-02-21 16:45:00,-0.49453002252533906
2019-02-21 16:48:00,-0.5001063677363504
2019-02-21 16:51:00,-0.5125861302747126
2019-02-21 16:54:00,-0.6073874065276073
2019-02-21 16:57:00,-0.47261388515278213
2019-02-21 17:00:00,-0.34800381737761654
2019-02-21 17:03:00,-0.42429752328376935
2019-02-21 17:06:00,-0.44229413619825664
2019-02-21 17:09:00,-0.34314846502934415
2019-02-21 17:12:00,-0.400280937159323
2019-02-21 17:15:00,-0.4464733649157324
2019-02-21 17:18:00,-0.3797798832382
2019-02-21 17:21:00,-0.3934766399966634
2019-02-21 17:24:00,-0.32816096385710125
2019-02-21 17:27:00,-0.48729377474239755
2019-02-21 17:30:00,-0.44606882609525655
2019-02-21 17:33:00,-0.3202926253483156
2019-02-21 17:36:00,-0.3822692347010843
2019-02-21 17:39:00,-0.5123070644511927
2019-02-21 17:42:00,-0.3650447505680745
2019-02-21 17:45:00,-0.4111145908875642
2019-02-21 17:48:00,-0.4546527053984164
2019-02-21 17:51:00,-0.4669259965883157
2019-02-21 17:54:00,-0.4183240525742349
2019-02-21 17:57:00,-0.4270707381586476
2019-02-21 18:00:00,-0.3727825233639237
2019-02-21 18:03:00,-0.33638142209025546
2019-02-21 18:06:00,-0.3839832554362488
2019-02-21 18:09:00,-0.33720774358494054
2019-02-21 18:12:00,-0.3293730736947964
2019-02-21 18:15:00,-0.3680167099589653
2019-02-21 18:18:00,-0.32956996818325024
2019-02-21 18:21:00,-0.2900378304076412
2019-02-21 18:24:00,-0.29827983577820305
2019-02-21 18:27:00,-0.27587259985278934
2019-02-21 18:30:00,-0.2902846385625253
2019-02-21 18:33:00,-0.23560781662786212
2019-02-21 18:36:00,-0.21990846444441559
2019-02-21 18:39:00,-0.22116441738467074
2019-02-21 18:42:00,-0.3844802916785852
2019-02-21 18:45:00,-0.35423353871948393
2019-02-21 18:48:00,-0.29365192418464403
2019-02-21 18:51:00,-0.3879258296436774
2019-02-21 18:54:00,-0.3363072430502143
2019-02-21 18:57:00,
2019-02-21 19:00:00,
2019-02-21 19:03:00,-0.33503209029902337
2019-02-21 19:06:00,-0.29819530047296894
2019-02-21 19:09:00,-0.4000146137011029
2019-02-21 19:12:00,-0.3024552970353511
2019-02-21 19:15:00,-0.33302405918442446
2019-02-21 19:18:00,-0.20978111464802396
2019-02-21 19:21:00,-0.266928384258847
2019-02-21 19:24:00,-0.20128704410535647
2019-02-21 19:27:00,-0.2776368793976758
2019-02-21 19:30:00,-0.30247262100721173
2019-02-21 19:33:00,-0.321647443798156
2019-02-21 19:36:00,-0.3088499950395658
2019-02-21 19:39:00,-0.25600246839297824
2019-02-21 19:42:00,-0.34939008717014985
2019-02-21 19:45:00,-0.3337761921902711
2019-02-21 19:48:00,-0.27281402660275944
2019-02-21 19:51:00,-0.25533511509081563
2019-02-21 19:54:00,-0.19263222825441062
2019-02-21 19:57:00,-0.19797986880831786
2019-02-21 20:00:00,-0.29118191034814345
2019-02-21 20:03:00,-0.1561894024433741
2019-02-21 20:06:00,-0.180784882101932
2019-02-21 20:09:00,-0.2122051141050747
2019-02-21 20:12:00,-0.20261078466069193
2019-02-21 20:15:00,-0.2113599337938581
2019-02-21 20:18:00,-0.15709337022855152
2019-02-21 20:21:00,-0.1950549008686835
2019-02-21 20:24:00,-0.2000791953581711
2019-02-21 20:27:00,-0.20063355549200423
2019-02-21 20:30:00,-0.13185844577213857
2019-02-21 20:33:00,-0.05984065202000011
2019-02-21 20:36:00,-0.027038682222610078
2019-02-21 20:39:00,-0.10081040173736255
2019-02-21 20:42:00,-0.08810499468836497
2019-02-21 20:45:00,-0.1603052973063086
2019-02-21 20:48:00,-0.04056873767115121
2019-02-21 20:51:00,-0.15150598728553177
2019-02-21 20:54:00,-0.06831332918557109
2019-02-21 20:57:00,-0.04850412072750032
2019-02-21 21:00:00,-0.11585981259702294
2019-02-21 21:03:00,-0.10859456813568613
2019-02-21 21:06:00,-0.05345304745293333
2019-02-21 21:09:00,-0.06885111240046626
2019-02-21 21:12:00,0.026763351021031667
2019-02-21 21:15:00,-0.06918534911466168
2019-02-21 21:18:00,0.06608508520776013
2019-02-21 21:21:00,0.034169710744208714
2019-02-21 21:24:00,-0.042867736122104816
2019-02-21 21:27:00,0.20264401310100766
2019-02-21 21:30:00,0.11149444798178365
2019-02-21 21:33:00,0.02500635295388065
2019-02-21 21:36:00,0.07667319400513861
2019-02-21 21:39:00,0.030369566511183166
2019-02-21 21:42:00,0.0753870963453096
2019-02-21 21:45:00,0.026655279330043413
2019-02-21 21:48:00,0.021835125095947205
2019-02-21 21:51:00,-0.10147898441442749
2019-02-21 21:54:00,0.05028434292972861
2019-02-21 21:57:00,-0.006284822559791792
2019-02-21 22:00:00,0.08692987072396363
2019-02-21 22:03:00,0.026859268957139193
2019-02-21 22:06:00,0.061835702861515074
2019-02-21 22:09:00,0.06156980446888838
2019-02-21 22:12:00,0.10117207662068495
2019-02-21 22:15:00,0.13382213821972755
2019-02-21 22:18:00,0.1346998901831853
2019-02-21 22:21:00,0.07303692660036631
2019-02-21 22:24:00,0.07186096351961169
2019-02-21 22:27:00,0.019583286178828985
2019-02-21 22:30:00,0.03923940286324523
2019-02-21 22:33:00,0.06131714365790231
2019-02-21 22:36:00,0.040147968208373186
2019-02-21 22:39:00,0.04949624246961548
2019-02-21 22:42:00,-0.04135698328389026
2019-02-21 22:45:00,0.015798598343963022
2019-02-21 22:48:00,-0.02171625412205458
2019-02-21 22:51:00,0.06458356789653408
2019-02-21 22:54:00,-0.01802878123737628
2019-02-21 22:57:00,0.026295862442168527
2019-02-21 23:00:00,0.051327570511148224
2019-02-21 23:03:00,0.008667985375666376
2019-02-21 23:06:00,0.03109500875990534
2019-02-21 23:09:00,0.05358899035189779
2019-02-21 23:12:00,-0.02647434390144099
2019-02-21 23:15:00,-0.0015666570763528398
2019-02-21 23:18:00,-0.015029532523101352
2019-02-21 23:21:00,-0.06300312124091079
2019-02-21 23:24:00,-0.01909669275056558
2019-02-21 23:27:00,0.013127709303944357
2019-02-21 23:30:00,-0.04594485880301136
2019-02-21 23:33:00,0.02084271165301743
2019-02-21 23:36:00,-0.013600655883351465
2019-02-21 23:39:00,-0.05915270824249319
2019-02-21 23:42:00,-0.01423512548041117
2019-02-21 23:45:00,0.13090777789233243
2019-02-21 23:48:00,-0.07357487420307507
2019-02-21 23:51:00,0.05411196324109824
2019-02-21 23:54:00,-0.02537626946588034
2019-02-21 23:57:00,0.045440778454292285
2019-02-22 00:00:00,0.015939848815833102
2019-02-22 00:03:00,0.04273186888087821
2019-02-22 00:06:00,0.020769444568941253
2019-02-22 00:09:00,0.05149335167010349
2019-02-22 00:12:00,-0.003428312911012199
2019-02-22 00:15:00,-0.015540347961803036
2019-02-22 00:18:00,-0.09458897945535227
2019-02-22 00:21:00,-0.03742476164325126
2019-02-22 00:24:00,0.06301467317308607
2019-02-22 00:27:00,-0.008666702530376824
2019-02-22 00:30:00,0.06338891336810093
2019-02-22 00:33:00,0.021125082296578057
2019-02-22 00:36:00,0.027609173817040755
2019-02-22 00:39:00,0.012814409395559778
2019-02-22 00:42:00,0.1255374288070925
2019-02-22 00:45:00,0.029445921143292253
2019-02-22 00:48:00,-0.0034822808012222595
2019-02-22 00:51:00,0.05804549677310433
2019-02-22 00:54:00,0.04311195454931749
2019-02-22 00:57:00,0.10123929334457671
2019-02-22 01:00:00,0.10385576146967423
2019-02-22 01:03:00,0.057250777153114996
2019-02-22 01:06:00,0.06865832501483737
2019-02-22 01:09:00,0.08009219346081409
2019-02-22 01:12:00,0.059460497152826974
2019-02-22 01:15:00,0.039275354198366585
2019-02-22 01:18:00,0.10409515254309554
2019-02-22 01:21:00,-0.02663722344988173
2019-02-22 01:24:00,0.12424122549771255
2019-02-22 01:27:00,0.060184613690807964
2019-02-22 01:30:00,0.13562154861989484
2019-02-22 01:33:00,0.08727919862394629
2019-02-22 01:36:00,0.14255364776892065
2019-02-22 01:39:00,0.10573283228688979
2019-02-22 01:42:00,0.12426295703528467
2019-02-22 01:45:00,0.12802557723466634
2019-02-22 01:48:00,0.17102036664221032
2019-02-22 01:51:00,0.09942117808066087
2019-02-22 01:54:00,0.11853123053515446
2019-02-22 01:57:00,0.16964326760091808
2019-02-22 02:00:00,0.14984408343599398
2019-02-22 02:03:00,0.13903256724131552
2019-02-22 02:06:00,0.19401723003721827
2019-02-22 02:09:00,0.19333431723572403
2019-02-22 02:12:00,0.11086487488580588
2019-02-22 02:15:00,0.23894232708357777
2019-02-22 02:18:00,0.22251663536610522
2019-02-22 02:21:00,0.25709191107966944
2019-02-22 02:24:00,0.12779811617366477
2019-02-22 02:27:00,0.12376398207902639
2019-02-22 02:30:00,0.225275313461907
2019-02-22 02:33:00,0.1710077334723792
2019-02-22 02:36:00,0.16768043466458948
2019-02-22 02:39:00,0.21066491059247028
2019-02-22 02:42:00,0.24797818750755596
2019-02-22 02:45:00,0.21066372116871435
2019-02-22 02:48:00,0.1624416724912976
2019-02-22 02:51:00,0.1181934898593795
2019-02-22 02:54:00,0.23143256536639
2019-02-22 02:57:00,0.23840092762350196
2019-02-22 03:00:00,0.20331003520436752
2019-02-22 03:03:00,0.212249689232749
2019-02-22 03:06:00,0.2802876267012948
2019-02-22 03:09:00,0.2582732800692611
2019-02-22 03:12:00,0.2814431960437105
2019-02-22 03:15:00,0.2381838543923891
2019-02-22 03:18:00,0.26067646654456667
2019-02-22 03:21:00,0.20886613981508617
2019-02-22 03:24:00,0.14062905922901336
2019-02-22 03:27:00,0.29403656776156595
2019-02-22 03:30:00,0.27979072466831667
2019-02-22 03:33:00,0.2849406448063405
2019-02-22 03:36:00,0.3164214823689804
2019-02-22 03:39:00,0.3336292382288093
2019-02-22 03:42:00,0.34359731189380227
2019-02-22 03:45:00,0.2439624799328044
2019-02-22 03:48:00,0.26754354988173645
2019-02-22 03:51:00,0.19968820278955945
2019-02-22 03:54:00,0.2906043969421148
2019-02-22 03:57:00,0.24012867927189063
2019-02-22 04:00:00,0.2497535092239218
2019-02-22 04:03:00,0.33196478653377426
2019-02-22 04:06:00,0.2858945798552668
2019-02-22 04:09:00,0.2864599691575904
2019-02-22 04:12:00,0.25062399157275195
2019-02-22 04:15:00,0.24622944425442483
2019-02-22 04:18:00,0.2713860666329424
2019-02-22 04:21:00,0.23447230243272088
2019-02-22 04:24:00,0.3146093228118616
2019-02-22 04:27:00,0.25563099161689706
2019-02-22 04:30:00,0.3134937555698798
2019-02-22 04:33:00,0.24287621838698215
2019-02-22 04:36:00,0.3831996784802527
2019-02-22 04:39:00,0.26053459952782987
2019-02-22 04:42:00,0.33643659422841665
2019-02-22 04:45:00,0.31527467510801443
2019-02-22 04:48:00,0.25952339229542076
2019-02-22 04:51:00,0.33229746921927017
2019-02-22 04:54:00,0.33142047910752126
2019-02-22 04:57:00,0.32530961321896257
2019-02-22 05:00:00,0.40152035518963203
2019-02-22 05:03:00,0.3158440598652419
2019-02-22 05:06:00,0.37874501655340964
2019-02-22 05:09:00,0.3938776601621612
2019-02-22 05:12:00,0.3242520329353056
2019-02-22 05:15:00,0.2827925338438604
2019-02-22 05:18:00,0.37936092531936083
2019-02-22 05:21:00,0.31096442917458944
2019-02-22 05:24:00,0.32825580833309687
2019-02-22 05:27:00,0.367168635085136
2019-02-22 05:30:00,0.3524455970594431
2019-02-22 05:33:00,0.45928328044220734
2019-02-22 05:36:00,0.3580738543856796
2019-02-22 05:39:00,0.33017535801383247
2019-02-22 05:42:00,0.45319886783943275
2019-02-22 05:45:00,0.4377267197598371
2019-02-22 05:48:00,0.39284645661012974
2019-02-22 05:51:00,0.45887604539495896
2019-02-22 05:54:00,0.3262584813206786
2019-02-22 05:57:00,0.36134685180559245
2019-02-22 06:00:00,0.29565502863363236
2019-02-22 06:03:00,0.3221172204961249
2019-02-22 06:06:00,0.3624665658948629
2019-02-22 06:09:00,0.3941327972806903
2019-02-22 06:12:00,0.3634122156135504
2019-02-22 06:15:00,0.39778006458863047
2019-02-22 06:18:00,0.3668236010398118
2019-02-22 06:21:00,0.35551382279783184
2019-02-22 06:24:00,0.3995808210065661
2019-02-22 06:27:00,0.3392540483874882
2019-02-22 06:30:00,0.4032676775765367
2019-02-22 06:33:00,0.4154072646599616
2019-02-22 06:36:00,0.3338382556727879
2019-02-22 06:39:00,0.45999028539625897
2019-02-22 06:42:00,0.46520012095021457
2019-02-22 06:45:00,0.4391911185429649
2019-02-22 06:48:00,0.42639271417613145
2019-02-22 06:51:00,0.5023922983426132
2019-02-22 06:54:00,0.43431289106882787
2019-02-22 06:57:00,0.42601535600255147
2019-02-22 07:00:00,0.33811393513354915
2019-02-22 07:03:00,0.4076506060295628
2019-02-22 07:06:00,0.3613392298134386
2019-02-22 07:09:00,0.4584021802479583
2019-02-22 07:12:00,0.43444072262684585
2019-02-22 07:15:00,0.42565903866102417
2019-02-22 07:18:00,0.4200875626460743
2019-02-22 07:21:00,0.3717765070815062
2019-02-22 07:24:00,0.39291651702086483
2019-02-22 07:27:00,0.36010635998371754
2019-02-22 07:30:00,0.43947994953009584
2019-02-22 07:33:00,0.49540420415053177
2019-02-22 07:36:00,0.3907423907023144
2019-02-22 07:39:00,0.4582172720137123
2019-02-22 07:42:00,0.34610359098331855
2019-02-22 07:45:00,0.43869109339198076
2019-02-22 07:48:00,0.36621421722082914
2019-02-22 07:51:00,0.35929254812168665
2019-02-22 07:54:00,0.3810812787586997
2019-02-22 07:57:00,0.37189771318668363
2019-02-22 08:00:00,0.4409704849769014
2019-02-22 08:03:00,0.37774845876168683
2019-02-22 08:06:00,0.3662969378320895
2019-02-22 08:09:00,0.3347672051292534
2019-02-22 08:12:00,0.35530743176417445
2019-02-22 08:15:00,0.31854359307493496
2019-02-22 08:18:00,0.3303036314001133
2019-02-22 08:21:00,0.3452090540490076
2019-02-22 08:24:00,0.21741128792967856
2019-02-22 08:27:00,0.27079971949154924
2019-02-22 08:30:00,0.3706711316687574
2019-02-22 08:33:00,0.2755944061260607
2019-02-22 08:36:00,0.2505173617414016
2019-02-22 08:39:00,0.20485757737628774
2019-02-22 08:42:00,0.26905827215557565
2019-02-22 08:45:00,0.30757068811669797
2019-02-22 08:48:00,0.22050512828803903
2019-02-22 08:51:00,0.32281034116687124
2019-02-22 08:54:00,0.18333357611152223
2019-02-22 08:57:00,0.1667990099675194
2019-02-22 09:00:00,0.25789169358591835
2019-02-22 09:03:00,0.23900534803516393
2019-02-22 09:06:00,0.18970632951248945
2019-02-22 09:09:00,0.15494231408456471
2019-02-22 09:12:00,0.06169600437254985
2019-02-22 09:15:00,0.10465866705254712
2019-02-22 09:18:00,0.027381363912923007
2019-02-22 09:21:00,0.10421203342093577
2019-02-22 09:24:00,0.03403615794536563
2019-02-22 09:27:00,0.015741046145478776
2019-02-22 09:30:00,0.0995703566995303
2019-02-22 09:33:00,-0.009642487204246208
2019-02-22 09:36:00,0.020709971480130207
2019-02-22 09:39:00,0.03853522307781532
2019-02-22 09:42:00,-0.0284877170744835
2019-02-22 09:45:00,0.030892965682767226
2019-02-22 09:48:00,0.006456109526823184
2019-02-22 09:51:00,-0.0283268441219775
2019-02-22 09:54:00,-0.11514276072904295
2019-02-22 09:57:00,-0.09100289730082523
2019-02-22 10:00:00,-0.1297880690593729
2019-02-22 10:03:00,-0.09178245136052965
2019-02-22 10:06:00,-0.08774022869948794
2019-02-22 10:09:00,-0.1636931486672779
2019-02-22 10:12:00,-0.15247608781800182
2019-02-22 10:15:00,-0.13786654853367963
2019-02-22 10:18:00,-0.20629400397177733
2019-02-22 10:21:00,-0.174185198616442
2019-02-22 10:24:00,-0.11788687780398277
2019-02-22 10:27:00,-0.2666512797690075
2019-02-22 10:30:00,-0.14597612965775397
2019-02-22 10:33:00,-0.17607240437882865
2019-02-22 10:36:00,-0.20983440709062506
2019-02-22 10:39:00,-0.2532461011107898
2019-02-22 10:42:00,-0.24354759917525826
2019-02-22 10:45:00,-0.17648749606564706
2019-02-22 10:48:00,-0.23886518181382144
2019-02-22 10:51:00,-0.32949125899409637
2019-02-22 10:54:00,-0.24219376079901167
2019-02-22 10:57:00,-0.33838469954400807
2019-02-22 11:00:00,-0.23653679460829835
2019-02-22 11:03:00,-0.2646595829718308
2019-02-22 11:06:00,-0.3285004150175723
2019-02-22 11:09:00,-0.3352753276469116
2019-02-22 11:12:00,-0.3152034058400659
2019-02-22 11:15:00,-0.2809647168871834
2019-02-22 11:18:00,-0.263947264972046
2019-02-22 11:21:00,-0.3486005784716326
2019-02-22 11:24:00,-0.2598117197719034
2019-02-22 11:27:00,-0.29408098437545505
2019-02-22 11:30:00,-0.34158499437040746
2019-02-22 11:33:00,-0.31772733201091796
2019-02-22 11:36:00,-0.3330637793563369
2019-02-22 11:39:00,-0.22540941952428284
2019-02-22 11:42:00,-0.36975469981973674
2019-02-22 11:45:00,-0.36586701075441397
2019-02-22 11:48:00,-0.32215028142297797
2019-02-22 11:51:00,-0.358161713123593
2019-02-22 11:54:00,-0.320032920826236
2019-02-22 11:57:00,-0.3021184669776176
2019-02-22 12:00:00,-0.35969734644589835
2019-02-22 12:03:00,-0.331524589684534
2019-02-22 12:06:00,-0.27680079331753404
2019-02-22 12:09:00,-0.267114856280557
2019-02-22 12:12:00,-0.3688945613507144
2019-02-22 12:15:00,-0.2876558394725066
2019-02-22 12:18:00,-0.34699115516599477
2019-02-22 12:21:00,-0.29493568241394996
2019-02-22 12:24:00,-0.34188401917771216
2019-02-22 12:27:00,-0.31839199013677444
2019-02-22 12:30:00,-0.41566225716718463
2019-02-22 12:33:00,-0.4561538342200606
2019-02-22 12:36:00,-0.35211524527784377
2019-02-22 12:39:00,-0.4663153353869802
2019-02-22 12:42:00,-0.39226377671752743
2019-02-22 12:45:00,-0.5123044076560745
2019-02-22 12:48:00,-0.39024890797702483
2019-02-22 12:51:00,-0.46631788289414544
2019-02-22 12:54:00,-0.39106804789406624
2019-02-22 12:57:00,-0.46988589258637603
2019-02-22 13:00:00,-0.3480380746822789
2019-02-22 13:03:00,-0.47638790942363585
2019-02-22 13:06:00,-0.46555571639055415
2019-02-22 13:09:00,-0.4112908785769491
2019-02-22 13:12:00,-0.4822697258908306
2019-02-22 13:15:00,-0.3654933812520653
2019-02-22 13:18:00,-0.4204860237638286
2019-02-22 13:21:00,-0.35966364432556475
2019-02-22 13:24:00,-0.324401736434595
2019-02-22 13:27:00,-0.4369185981626629
2019-02-22 13:30:00,-0.3450098538282873
2019-02-22 13:33:00,-0.40491723659124546
2019-02-22 13:36:00,-0.4415418105522235
2019-02-22 13:39:00,-0.3745763557743089
2019-02-22 13:42:00,-0.4724856850138508
2019-02-22 13:45:00,-0.4224830702978011
2019-02-22 13:48:00,-0.35911746661378174
2019-02-22 13:51:00,-0.4049936389079676
2019-02-22 13:54:00,-0.3021190086224692
2019-02-22 13:57:00,-0.3565966654402928
2019-02-22 14:00:00,-0.4398206964548308
2019-02-22 14:03:00,-0.46831210714697136
2019-02-22 14:06:00,-0.48415665590249546
2019-02-22 14:09:00,-0.4680530639130325
2019-02-22 14:12:00,-0.4172265438185718
2019-02-22 14:15:00,-0.3311023450761468
2019-02-22 14:18:00,-0.2918123021698307
2019-02-22 14:21:00,-0.42838333338602297
2019-02-22 14:24:00,-0.3429850419697118
2019-02-22 14:27:00,-0.22310110006350214
2019-02-22 14:30:00,-0.4054225535133469
2019-02-22 14:33:00,-0.2469525929518568
2019-02-22 14:36:00,-0.37567675990106864
2019-02-22 14:39:00,-0.3826113226860457
2019-02-22 14:42:00,-0.32106795235324626
2019-02-22 14:45:00,-0.34262464638010215
2019-02-22 14:48:00,-0.3924046573763462
2019-02-22 14:51:00,-0.4249233958533978
2019-02-22 14:54:00,-0.3548652568837838
2019-02-22 14:57:00,-0.3385572448974017
2019-02-22 15:00:00,-0.4148709063171623
2019-02-22 15:03:00,-0.34860269319085546
2019-02-22 15:06:00,-0.3861967761441747
2019-02-22 15:09:00,-0.22701252316409182
2019-02-22 15:12:00,-0.21235167844906755
2019-02-22 15:15:00,-0.3028177973554307
2019-02-22 15:18:00,-0.34413159725744435
2019-02-22 15:21:00,-0.3742077387831273
2019-02-22 15:24:00,-0.4603822988518118
2019-02-22 15:27:00,-0.3757492237625115
2019-02-22 15:30:00,-0.2859590870610873
2019-02-22 15:33:00,-0.40890359160471235
2019-02-22 15:36:00,-0.4623843800264922
2019-02-22 15:39:00,-0.4509722653038466
2019-02-22 15:42:00,-0.41212629208149565
2019-02-22 15:45:00,-0.32930537646370794
2019-02-22 15:48:00,-0.4676782276400786
2019-02-22 15:51:00,-0.38605186222554266
2019-02-22 15:54:00,-0.3833054996632086
2019-02-22 15:57:00,-0.34663528291014245
2019-02-22 16:00:00,-0.4494696086266572
2019-02-22 16:03:00,-0.41643849422189305
2019-02-22 16:06:00,-0.39646339187697777
2019-02-22 16:09:00,-0.39841128400837533
2019-02-22 16:12:00,-0.30660197620341023
2019-02-22 16:15:00,-0.3485277732784766
2019-02-22 16:18:00,-0.3466337402807653
2019-02-22 16:21:00,-0.3482497024540976
2019-02-22 16:24:00,-0.31559478589235823
2019-02-22 16:27:00,-0.4463726413796394
2019-02-22 16:30:00,-0.4148040518847438
2019-02-22 16:33:00,-0.40585423180118596
2019-02-22 16:36:00,-0.31054267202915753
2019-02-22 16:39:00,-0.36853148429020166
2019-02-22 16:42:00,-0.3201717387251506
2019-02-22 16:45:00,-0.3955637778778396
2019-02-22 16:48:00,-0.3724478253391226
2019-02-22 16:51:00,-0.35713322565516137
2019-02-22 16:54:00,-0.3199331861636665
2019-02-22 16:57:00,-0.40161959800036584
2019-02-22 17:00:00,-0.3265354044938249
2019-02-22 17:03:00,-0.3951660315390768
2019-02-22 17:06:00,-0.27426812351285434
2019-02-22 17:09:00,-0.36851305055785133
2019-02-22 17:12:00,-0.3710321670556027
2019-02-22 17:15:00,-0.3008425377281583
2019-02-22 17:18:00,-0.23485921156429868
2019-02-22 17:21:00,-0.2519925713761495
2019-02-22 17:24:00,-0.3277377573249396
2019-02-22 17:27:00,-0.38230898545180025
2019-02-22 17:30:00,-0.37988905535343065
2019-02-22 17:33:00,-0.3810709292737329
2019-02-22 17:36:00,-0.372321146824504
2019-02-22 17:39:00,-0.3839105086162249
2019-02-22 17:42:00,-0.2951741507071688
2019-02-22 17:45:00,-0.3798984849156568
2019-02-22 17:48:00,-0.3671433354536475
2019-02-22 17:51:00,-0.37239570097563046
2019-02-22 17:54:00,-0.31881227379000165
2019-02-22 17:57:00,-0.3204274115063299
2019-02-22 18:00:00,-0.2997429991153808
2019-02-22 18:03:00,-0.32473539734559154
2019-02-22 18:06:00,-0.31289568826821323
2019-02-22 18:09:00,-0.23823397897376708
2019-02-22 18:12:00,-0.25353049741511313
2019-02-22 18:15:00,-0.32407673522703817
2019-02-22 18:18:00,-0.2564727800923947
2019-02-22 18:21:00,-0.2894400238724302
2019-02-22 18:24:00,-0.23643038856715748
2019-02-22 18:27:00,-0.38451756082309885
2019-02-22 18:30:00,-0.30338455826210975
2019-02-22 18:33:00,-0.2536931061738983
2019-02-22 18:36:00,-0.3202868380886912
2019-02-22 18:39:00,-0.2934143993439875
2019-02-22 18:42:00,-0.3277340040643253
2019-02-22 18:45:00,-0.23261532793850392
2019-02-22 18:48:00,-0.3233312642338433
2019-02-22 18:51:00,-0.21502449574535376
2019-02-22 18:54:00,
2019-02-22 18:57:00,
2019-02-22 19:00:00,
2019-02-22 19:03:00,-0.2160954854581405
2019-02-22 19:06:00,-0.16957594520198427
2019-02-22 19:09:00,-0.20681679160281874
2019-02-22 19:12:00,-0.16407139303004215
2019-02-22 19:15:00,-0.11037970365686078
2019-02-22 19:18:00,-0.04947843851886091
2019-02-22 19:21:00,-0.06115827730991441
2019-02-22 19:24:00,-0.11906975845602119
2019-02-22 19:27:00,-0.10000179045914592
2019-02-22 19:30:00,-0.0704064585015658
2019-02-22 19:33:00,-0.1694834292241012
2019-02-22 19:36:00,-0.0909953646315671
2019-02-22 19:39:00,-0.16400113409690675
2019-02-22 19:42:00,-0.16904109566212355
2019-02-22 19:45:00,-0.19663276923103012
2019-02-22 19:48:00,-0.13050295146081226
2019-02-22 19:51:00,-0.08985963732857272
2019-02-22 19:54:00,-0.04777295829484274
2019-02-22 19:57:00,-0.1406881326962548
2019-02-22 20:00:00,-0.05330493033773109
2019-02-22 20:03:00,-0.16987830669330606
2019-02-22 20:06:00,-0.17991661208986898
2019-02-22 20:09:00,-0.07615622832327062
2019-02-22 20:12:00,-0.08262161962642267
2019-02-22 20:15:00,-0.03526549610285201
2019-02-22 20:18:00,0.008799554081463157
2019-02-22 20:21:00,-0.08087298238444873
2019-02-22 20:24:00,-0.09273956188167176
2019-02-22 20:27:00,0.029891309377092057
2019-02-22 20:30:00,-0.06996594042033166
2019-02-22 20:33:00,-0.06176210226379908
2019-02-22 20:36:00,-0.04967756166530535
2019-02-22 20:39:00,0.06036519600206702
2019-02-22 20:42:00,0.0012530196761417756
2019-02-22 20:45:00,-0.028879023174283702
2019-02-22 20:48:00,-0.040362007266594446
2019-02-22 20:51:00,0.0013900304203389169
2019-02-22 20:54:00,-0.029075085227361797
2019-02-22 20:57:00,-0.06191149015052133
2019-02-22 21:00:00,0.05981198013023459
2019-02-22 21:03:00,-0.019528843907039573
2019-02-22 21:06:00,-0.08163099320358924
2019-02-22 21:09:00,-0.14128537776679195
2019-02-22 21:12:00,-0.11101112528672274
2019-02-22 21:15:00,-0.04757050704114363
2019-02-22 21:18:00,0.03679523531081941
2019-02-22 21:21:00,-0.03800269050384486
2019-02-22 21:24:00,0.028851874470092298
2019-02-22 21:27:00,-0.07880554743439916
2019-02-22 21:30:00,-0.08333496041086619
2019-02-22 21:33:00,-0.08952104721464593
2019-02-22 21:36:00,0.00745823260291445
2019-02-22 21:39:00,0.048627734491844876
2019-02-22 21:42:00,0.10148458892660983
2019-02-22 21:45:00,0.22456634893904948
2019-02-22 21:48:00,0.10242031418260922
2019-02-22 21:51:00,0.24081752479173701
2019-02-22 21:54:00,0.2534753470698661
2019-02-22 21:57:00,0.3192859374599948
2019-02-22 22:00:00,0.21981802280134843
2019-02-22 22:03:00,0.3074414095588054
2019-02-22 22:06:00,0.3499204622688694
2019-02-22 22:09:00,0.4534292923302701
2019-02-22 22:12:00,0.409196861574344
2019-02-22 22:15:00,0.1788957443250183
2019-02-22 22:18:00,0.28558722839602524
2019-02-22 22:21:00,0.15133957914440543
2019-02-22 22:24:00,0.012694386595171636
2019-02-22 22:27:00,-0.01648210548859197
2019-02-22 22:30:00,-0.010122779332448317
2019-02-22 22:33:00,-0.047628841148991796
2019-02-22 22:36:00,0.08771379535551205
2019-02-22 22:39:00,0.0946176625999442
2019-02-22 22:42:00,0.07578962317279547
2019-02-22 22:45:00,0.16370062748131886
2019-02-22 22:48:00,0.158286100575026
2019-02-22 22:51:00,0.04911595008212544
2019-02-22 22:54:00,0.14672383000856826
2019-02-22 22:57:00,0.10539200311183095
2019-02-22 23:00:00,0.07848774026268757
2019-02-22 23:03:00,-0.04278179707984009
2019-02-22 23:06:00,0.02568268774086846
2019-02-22 23:09:00,-0.001553773033208472
2019-02-22 23:12:00,0.15634629095825403
2019-02-22 23:15:00,0.16356202696158562
2019-02-22 23:18:00,0.01155197395991081
2019-02-22 23:21:00,0.11358210648990053
2019-02-22 23:24:00,0.07500227867251397
2019-02-22 23:27:00,0.13591189199581777
2019-02-22 23:30:00,-0.031548389880072136
2019-02-22 23:33:00,0.07125458650210703
2019-02-22 23:36:00,0.047818127376615394
2019-02-22 23:39:00,0.05530899571607506
2019-02-22 23:42:00,0.12102908762659581
2019-02-22 23:45:00,0.055523683044157224
2019-02-22 23:48:00,-0.07676173999004732
2019-02-22 23:51:00,0.016435939431630686
2019-02-22 23:54:00,-0.002300622709697109
2019-02-22 23:57:00,-0.00312744607043669
2019-02-23 00:00:00,-0.003415774371774205
2019-02-23 00:03:00,0.08849982558717784
2019-02-23 00:06:00,0.05983419974648996
2019-02-23 00:09:00,0.05711696724540616
2019-02-23 00:12:00,0.04611973325927465
2019-02-23 00:15:00,-0.07865989410061047
2019-02-23 00:18:00,0.05127053246900459
2019-02-23 00:21:00,0.04669444919477428
2019-02-23 00:24:00,0.11702476253924488
2019-02-23 00:27:00,0.2279597405753293
2019-02-23 00:30:00,0.39237208481728203
2019-02-23 00:33:00,0.39904441183045947
2019-02-23 00:36:00,0.38716617093831474
2019-02-23 00:39:00,0.24083407840163318
2019-02-23 00:42:00,0.2862093036369515
2019-02-23 00:45:00,0.09883386238300318
2019-02-23 00:48:00,0.10321101131268051
2019-02-23 00:51:00,0.13394267445045216
2019-02-23 00:54:00,0.06095034628867779
2019-02-23 00:57:00,0.035558033013671775
2019-02-23 01:00:00,0.07787842881242568
2019-02-23 01:03:00,0.049846844049341144
2019-02-23 01:06:00,-0.05127230269658867
2019-02-23 01:09:00,0.04596799151124742
2019-02-23 01:12:00,0.12122780708529035
2019-02-23 01:15:00,-0.09665893980798046
2019-02-23 01:18:00,-0.01822222231152182
2019-02-23 01:21:00,0.08830897705735197
2019-02-23 01:24:00,0.06316870416389975
2019-02-23 01:27:00,0.06070364607006695
2019-02-23 01:30:00,0.03221292700692402
2019-02-23 01:33:00,0.08340851193872822
2019-02-23 01:36:00,0.04796409660292511
2019-02-23 01:39:00,0.08507672541855982
2019-02-23 01:42:00,0.15591567459966882
2019-02-23 01:45:00,0.15296107662226177
2019-02-23 01:48:00,0.12593494572575992
2019-02-23 01:51:00,0.1128874186288158
2019-02-23 01:54:00,0.13885153454435795
2019-02-23 01:57:00,0.13009450070740058
2019-02-23 02:00:00,-0.013193261424930824
2019-02-23 02:03:00,0.08864773103499601
2019-02-23 02:06:00,0.11020483235563461
2019-02-23 02:09:00,-0.014230057725342249
2019-02-23 02:12:00,0.1695588292913044
2019-02-23 02:15:00,0.12468888485244634
2019-02-23 02:18:00,-0.04100829958895247
2019-02-23 02:21:00,0.009577340877456209
2019-02-23 02:24:00,0.06498773805213887
2019-02-23 02:27:00,-0.07970412351079403
2019-02-23 02:30:00,-0.08625310077081849
2019-02-23 02:33:00,-0.020276642495730357
2019-02-23 02:36:00,-0.06769748446225776
2019-02-23 02:39:00,-0.04611956728552968
2019-02-23 02:42:00,0.05677124957725255
2019-02-23 02:45:00,0.08239329973054055
2019-02-23 02:48:00,-0.0492636503431072
2019-02-23 02:51:00,0.11398359482979004
2019-02-23 02:54:00,0.05796556128780139
2019-02-23 02:57:00,0.10072003980349109
2019-02-23 03:00:00,0.16321971259066004
2019-02-23 03:03:00,0.0832738342983248
2019-02-23 03:06:00,0.12686580164239558
2019-02-23 03:09:00,0.005846216022348472
2019-02-23 03:12:00,0.03800172021067283
2019-02-23 03:15:00,-0.010433454262908981
2019-02-23 03:18:00,0.004435517532556332
2019-02-23 03:21:00,-0.04008210333341822
2019-02-23 03:24:00,0.11760006820941271
2019-02-23 03:27:00,0.0449040022290319
2019-02-23 03:30:00,0.08786958221446639
2019-02-23 03:33:00,0.03827584185074784
2019-02-23 03:36:00,0.09853372270112004
2019-02-23 03:39:00,0.15886102626507181
2019-02-23 03:42:00,0.10444802378788154
2019-02-23 03:45:00,0.14027443644772575
2019-02-23 03:48:00,0.1182768622430217
2019-02-23 03:51:00,0.12245666762436258
2019-02-23 03:54:00,0.12105041898450963
2019-02-23 03:57:00,0.16222287181290085
2019-02-23 04:00:00,0.12750824667614324
2019-02-23 04:03:00,0.11698476720181361
2019-02-23 04:06:00,0.17925101665747434
2019-02-23 04:09:00,0.1734198837783083
2019-02-23 04:12:00,0.12910425319529395
2019-02-23 04:15:00,0.2117928100087738
2019-02-23 04:18:00,0.2945497537686492
2019-02-23 04:21:00,0.21334614866407264
2019-02-23 04:24:00,0.07994845239699089
2019-02-23 04:27:00,0.17311546824657853
2019-02-23 04:30:00,0.13844814018818852
2019-02-23 04:33:00,0.2167299613640239
2019-02-23 04:36:00,0.19236177462204296
2019-02-23 04:39:00,0.17453998518101344
2019-02-23 04:42:00,0.17555970379174823
2019-02-23 04:45:00,0.08021396881360943
2019-02-23 04:48:00,0.121820699412865
2019-02-23 04:51:00,0.11674916299671168
2019-02-23 04:54:00,0.16176161367411623
2019-02-23 04:57:00,0.25776850772359694
2019-02-23 05:00:00,0.21961756432426682
2019-02-23 05:03:00,0.24896314279970966
2019-02-23 05:06:00,0.16643157646768714
2019-02-23 05:09:00,0.10863098323164877
2019-02-23 05:12:00,0.241096421624718
2019-02-23 05:15:00,0.24519567316650637
2019-02-23 05:18:00,0.1270342320860891
2019-02-23 05:21:00,0.09968750536063453
2019-02-23 05:24:00,0.09040672673643257
2019-02-23 05:27:00,0.0958408684754204
2019-02-23 05:30:00,0.07000976266630232
2019-02-23 05:33:00,0.1231922031657291
2019-02-23 05:36:00,0.12233202389757025
2019-02-23 05:39:00,0.14132218934014418
2019-02-23 05:42:00,0.16594622540691262
2019-02-23 05:45:00,0.14483025688775797
2019-02-23 05:48:00,0.17959300088051577
2019-02-23 05:51:00,0.03867265699540212
2019-02-23 05:54:00,0.18740839871151138
2019-02-23 05:57:00,0.1855522672403822
2019-02-23 06:00:00,0.1275131684403732
2019-02-23 06:03:00,0.1714262383111418
2019-02-23 06:06:00,0.10048230799372959
2019-02-23 06:09:00,0.15697018004334495
2019-02-23 06:12:00,0.08812608677590106
2019-02-23 06:15:00,0.14958533567642007
2019-02-23 06:18:00,0.14846602875326198
2019-02-23 06:21:00,0.1293055009849695
2019-02-23 06:24:00,0.21929066056333113
2019-02-23 06:27:00,0.26991200088832557
2019-02-23 06:30:00,0.1447014200732042
2019-02-23 06:33:00,0.21723912215469454
2019-02-23 06:36:00,0.10767718736212828
2019-02-23 06:39:00,0.11336502534203419
2019-02-23 06:42:00,0.27636256770597356
2019-02-23 06:45:00,0.06942149618146232
2019-02-23 06:48:00,0.13886365470222017
2019-02-23 06:51:00,0.11889017602021568
2019-02-23 06:54:00,0.13873847889504987
2019-02-23 06:57:00,0.11875790028011579
2019-02-23 07:00:00,0.12439008777266736
2019-02-23 07:03:00,0.19780437131242934
2019-02-23 07:06:00,0.13757925959157546
2019-02-23 07:09:00,0.18844604999281955
2019-02-23 07:12:00,0.20138220942379803
2019-02-23 07:15:00,0.2096056299882889
2019-02-23 07:18:00,0.1548305607142879
2019-02-23 07:21:00,0.1480429397410603
2019-02-23 07:24:00,0.250252529210627
2019-02-23 07:27:00,0.20484516988653922
2019-02-23 07:30:00,0.22836994848790937
2019-02-23 07:33:00,0.2142399955666292
2019-02-23 07:36:00,0.21965900304689967
2019-02-23 07:39:00,0.17684856314514263
2019-02-23 07:42:00,0.13555235160691836
2019-02-23 07:45:00,0.14305109287971618
2019-02-23 07:48:00,0.12889830520850865
2019-02-23 07:51:00,0.14711147773414268
2019-02-23 07:54:00,0.21946403875602982
2019-02-23 07:57:00,0.1364813417469577
2019-02-23 08:00:00,0.1674570251882983
2019-02-23 08:03:00,0.26007835924860956
2019-02-23 08:06:00,0.19744414210805417
2019-02-23 08:09:00,0.16414960775051668
2019-02-23 08:12:00,0.16812918944964395
2019-02-23 08:15:00,0.2514647518179345
2019-02-23 08:18:00,0.17630571547869067
2019-02-23 08:21:00,0.17922443886499195
2019-02-23 08:24:00,0.06198955260765615
2019-02-23 08:27:00,0.22333326833063438
2019-02-23 08:30:00,0.24743395887901443
2019-02-23 08:33:00,0.19216673822324992
2019-02-23 08:36:00,0.20228558103661953
2019-02-23 08:39:00,0.20055955711598017
2019-02-23 08:42:00,0.13589401731167072
2019-02-23 08:45:00,0.14454958852724076
2019-02-23 08:48:00,0.18464330013000563
2019-02-23 08:51:00,0.126291387729907
2019-02-23 08:54:00,0.152194865169065
2019-02-23 08:57:00,0.0428074653776207
2019-02-23 09:00:00,0.08063432892822675
2019-02-23 09:03:00,0.030743949350494404
2019-02-23 09:06:00,-0.019470695431493823
2019-02-23 09:09:00,0.051948772362209183
2019-02-23 09:12:00,-0.008237450721594541
2019-02-23 09:15:00,0.06311335467512436
2019-02-23 09:18:00,0.04669164770967882
2019-02-23 09:21:00,0.12033598535697365
2019-02-23 09:24:00,0.06017123173216987
2019-02-23 09:27:00,0.06994984188776243
2019-02-23 09:30:00,0.08327641521663054
2019-02-23 09:33:00,0.0022255931118593253
2019-02-23 09:36:00,0.10265662505338469
2019-02-23 09:39:00,0.019934582962036984
2019-02-23 09:42:00,0.0018806989141921804
2019-02-23 09:45:00,0.0058465565304004485
2019-02-23 09:48:00,0.006415388469633854
2019-02-23 09:51:00,0.05016089619385866
2019-02-23 09:54:00,-0.12780968433685302
2019-02-23 09:57:00,0.02259610169409143
2019-02-23 10:00:00,-0.010479849816078968
2019-02-23 10:03:00,-0.04519488680352879
2019-02-23 10:06:00,-0.1216200253821853
2019-02-23 10:09:00,-0.12277931895408756
2019-02-23 10:12:00,-0.09383031128487573
2019-02-23 10:15:00,-0.09322974999491862
2019-02-23 10:18:00,-0.16702349264443228
2019-02-23 10:21:00,-0.18380415313180265
2019-02-23 10:24:00,-0.15402926510512316
2019-02-23 10:27:00,-0.06240178144355468
2019-02-23 10:30:00,-0.17776913204033917
2019-02-23 10:33:00,-0.16473838570311727
2019-02-23 10:36:00,-0.14577166107926587
2019-02-23 10:39:00,-0.3073633994866327
2019-02-23 10:42:00,-0.20823282424601075
2019-02-23 10:45:00,-0.18475070655063064
2019-02-23 10:48:00,-0.07830520689765308
2019-02-23 10:51:00,-0.23838260131572042
2019-02-23 10:54:00,-0.21488387049936364
2019-02-23 10:57:00,-0.23051933171376504
2019-02-23 11:00:00,-0.13584765835463486
2019-02-23 11:03:00,-0.19769811695203998
2019-02-23 11:06:00,-0.25610273424479146
2019-02-23 11:09:00,-0.2229950094489368
2019-02-23 11:12:00,-0.16664510139383992
2019-02-23 11:15:00,-0.16247201684831225
2019-02-23 11:18:00,-0.21644624269748647
2019-02-23 11:21:00,-0.24321595965176357
2019-02-23 11:24:00,-0.29989213040767027
2019-02-23 11:27:00,-0.23733756603570555
2019-02-23 11:30:00,-0.31381391926299784
2019-02-23 11:33:00,-0.27374015321368006
2019-02-23 11:36:00,-0.17038290165629633
2019-02-23 11:39:00,-0.15236150439454832
2019-02-23 11:42:00,-0.0677931258558715
2019-02-23 11:45:00,-0.036530628852005975
2019-02-23 11:48:00,-0.05328453233585151
2019-02-23 11:51:00,-0.14703744458807932
2019-02-23 11:54:00,-0.029714554317024522
2019-02-23 11:57:00,-0.0875018358534021
2019-02-23 12:00:00,-0.07900154659819236
2019-02-23 12:03:00,-0.10317619613897477
2019-02-23 12:06:00,-0.13027963632430328
2019-02-23 12:09:00,-0.1676025229682523
2019-02-23 12:12:00,-0.18047220620894677
2019-02-23 12:15:00,-0.2094776584406759
2019-02-23 12:18:00,-0.19761650279070864
2019-02-23 12:21:00,-0.2379138824166489
2019-02-23 12:24:00,-0.175216359024148
2019-02-23 12:27:00,-0.08545166471446919
2019-02-23 12:30:00,-0.17901262086712677
2019-02-23 12:33:00,-0.24578023203696375
2019-02-23 12:36:00,-0.05465188631927731
2019-02-23 12:39:00,-0.14154581800306687
2019-02-23 12:42:00,-0.1720970205743697
2019-02-23 12:45:00,-0.12093177895718554
2019-02-23 12:48:00,-0.23607027053537877
2019-02-23 12:51:00,-0.20868602977390083
2019-02-23 12:54:00,-0.22071966422896594
2019-02-23 12:57:00,-0.31038354083995046
2019-02-23 13:00:00,-0.25921677205553806
2019-02-23 13:03:00,-0.1977773284214095
2019-02-23 13:06:00,-0.22788388060382658
2019-02-23 13:09:00,-0.2815899782792144
2019-02-23 13:12:00,-0.2459822570255028
2019-02-23 13:15:00,-0.3093873540164509
2019-02-23 13:18:00,-0.31419578428750583
2019-02-23 13:21:00,-0.162644865677521
2019-02-23 13:24:00,-0.27671896411033003
2019-02-23 13:27:00,-0.24569504512834328
2019-02-23 13:30:00,-0.18794454530706162
2019-02-23 13:33:00,-0.220460813598379
2019-02-23 13:36:00,-0.2619895081897994
2019-02-23 13:39:00,-0.22512619895888974
2019-02-23 13:42:00,-0.29297288803877564
2019-02-23 13:45:00,-0.22706986305411192
2019-02-23 13:48:00,-0.17165114280408034
2019-02-23 13:51:00,-0.1779562883515382
2019-02-23 13:54:00,-0.314248118385251
2019-02-23 13:57:00,-0.22807215727664243
2019-02-23 14:00:00,-0.1735125455249431
2019-02-23 14:03:00,-0.1719942625670683
2019-02-23 14:06:00,-0.15991647184603153
2019-02-23 14:09:00,-0.054266387534312344
2019-02-23 14:12:00,-0.01867166935721798
2019-02-23 14:15:00,-0.0790957548648521
2019-02-23 14:18:00,-0.05324881147680571
2019-02-23 14:21:00,0.015583026366186914
2019-02-23 14:24:00,-0.06824125284316551
2019-02-23 14:27:00,-0.16498554265399434
2019-02-23 14:30:00,-0.1858106159634758
2019-02-23 14:33:00,-0.3440306303084526
2019-02-23 14:36:00,-0.21016764764397067
2019-02-23 14:39:00,-0.20881362660514924
2019-02-23 14:42:00,-0.19779935990726472
2019-02-23 14:45:00,-0.2786956795243327
2019-02-23 14:48:00,-0.2470179517001725
2019-02-23 14:51:00,-0.18236462751031013
2019-02-23 14:54:00,-0.2061710043083167
2019-02-23 14:57:00,-0.21779468365673438
2019-02-23 15:00:00,-0.255792097732467
2019-02-23 15:03:00,-0.18985268037499736
2019-02-23 15:06:00,-0.17050944065562135
2019-02-23 15:09:00,-0.09741934460703305
2019-02-23 15:12:00,-0.2086754446585246
2019-02-23 15:15:00,-0.2311540630073523
2019-02-23 15:18:00,-0.24127636082164372
2019-02-23 15:21:00,-0.24183168795150323
2019-02-23 15:24:00,-0.2392150835385678
2019-02-23 15:27:00,-0.17504653122927039
2019-02-23 15:30:00,-0.1630394287569743
2019-02-23 15:33:00,-0.22645065269574616
2019-02-23 15:36:00,-0.22871170717434097
2019-02-23 15:39:00,-0.1855138910777896
2019-02-23 15:42:00,-0.18575202499857824
2019-02-23 15:45:00,-0.1251604596631637
2019-02-23 15:48:00,-0.18363544408703092
2019-02-23 15:51:00,-0.25710257590253605
2019-02-23 15:54:00,-0.253884606233612
2019-02-23 15:57:00,-0.2847783364481984
2019-02-23 16:00:00,-0.2577014126326844
2019-02-23 16:03:00,-0.28655788190087605
2019-02-23 16:06:00,-0.24561074698698349
2019-02-23 16:09:00,-0.28895335036861525
2019-02-23 16:12:00,-0.26465960092809837
2019-02-23 16:15:00,-0.21298816154114775
2019-02-23 16:18:00,-0.2991742553865606
2019-02-23 16:21:00,-0.2693046513949753
2019-02-23 16:24:00,-0.2996757948820914
2019-02-23 16:27:00,-0.2641771543626419
2019-02-23 16:30:00,-0.2781948062775541
2019-02-23 16:33:00,-0.270309922069373
2019-02-23 16:36:00,-0.20850436987939247
2019-02-23 16:39:00,-0.3004686014325557
2019-02-23 16:42:00,-0.24083488896968674
2019-02-23 16:45:00,-0.20777542813448235
2019-02-23 16:48:00,-0.1983334870260478
2019-02-23 16:51:00,-0.0923989831048857
2019-02-23 16:54:00,-0.2745052743622409
2019-02-23 16:57:00,-0.2774043823134775
2019-02-23 17:00:00,-0.2314846223381437
2019-02-23 17:03:00,-0.2759997367257938
2019-02-23 17:06:00,-0.3165230094003846
2019-02-23 17:09:00,-0.23926012738542113
2019-02-23 17:12:00,-0.20956511431239733
2019-02-23 17:15:00,-0.1855727610607687
2019-02-23 17:18:00,-0.11413823199296758
2019-02-23 17:21:00,-0.13810850672462038
2019-02-23 17:24:00,-0.07941287657854446
2019-02-23 17:27:00,-0.14286585003907248
2019-02-23 17:30:00,-0.11414645503543852
2019-02-23 17:33:00,-0.22378214470859348
2019-02-23 17:36:00,-0.15723441657451076
2019-02-23 17:39:00,-0.09609366233570427
2019-02-23 17:42:00,-0.15020443257276384
2019-02-23 17:45:00,-0.03395134972964797
2019-02-23 17:48:00,-0.014797236604238151
2019-02-23 17:51:00,0.027249938993918477
2019-02-23 17:54:00,0.09597355197217894
2019-02-23 17:57:00,0.01744506115949207
2019-02-23 18:00:00,0.09510112419235384
2019-02-23 18:03:00,0.12282189195173032
2019-02-23 18:06:00,-0.04023735919423643
2019-02-23 18:09:00,0.19564093356791545
2019-02-23 18:12:00,0.15436930221369494
2019-02-23 18:15:00,0.14873419440993985
2019-02-23 18:18:00,0.10158087290352569
2019-02-23 18:21:00,0.21247286105614194
2019-02-23 18:24:00,0.2571759742315294
2019-02-23 18:27:00,0.27770343489925153
2019-02-23 18:30:00,0.30057096377259995
2019-02-23 18:33:00,0.3147679797964429
2019-02-23 18:36:00,0.315963454721782
2019-02-23 18:39:00,0.40962818714149307
2019-02-23 18:42:00,0.35092443316244726
2019-02-23 18:45:00,0.2617432249290914
2019-02-23 18:48:00,0.2511085807283848
2019-02-23 18:51:00,0.25726535021141217
2019-02-23 18:54:00,
2019-02-23 18:57:00,
2019-02-23 19:00:00,
2019-02-23 19:03:00,0.3658579920638658
2019-02-23 19:06:00,0.4516980889166575
2019-02-23 19:09:00,0.2984412923943296
2019-02-23 19:12:00,0.4082164571315161
2019-02-23 19:15:00,0.3151473361245394
2019-02-23 19:18:00,0.30965424646456086
2019-02-23 19:21:00,0.30809751623263537
2019-02-23 19:24:00,0.2659682532010379
2019-02-23 19:27:00,0.31401158586066913
2019-02-23 19:30:00,0.27716885652586143
2019-02-23 19:33:00,0.2724614226536346
2019-02-23 19:36:00,0.2717802857237075
2019-02-23 19:39:00,0.35379258009851355
2019-02-23 19:42:00,0.45799477948889944
2019-02-23 19:45:00,0.3461280574229022
2019-02-23 19:48:00,0.2685404556088429
2019-02-23 19:51:00,0.282401677031487
2019-02-23 19:54:00,0.2810052086784367
2019-02-23 19:57:00,0.30100800476611766
2019-02-23 20:00:00,0.23347770818122626
2019-02-23 20:03:00,0.20997132266705876
2019-02-23 20:06:00,0.2336604963853688
2019-02-23 20:09:00,0.2770185738268651
2019-02-23 20:12:00,0.496205926182256
2019-02-23 20:15:00,0.2866986754419827
2019-02-23 20:18:00,0.23756936415043128
2019-02-23 20:21:00,0.26605267252779186
2019-02-23 20:24:00,0.30793837800439405
2019-02-23 20:27:00,0.29261354682819274
2019-02-23 20:30:00,0.3411053740840657
2019-02-23 20:33:00,0.3307388545765093
2019-02-23 20:36:00,0.3709602289677605
2019-02-23 20:39:00,0.39381338910959585
2019-02-23 20:42:00,0.3566397365614762
2019-02-23 20:45:00,0.30835768357638926
2019-02-23 20:48:00,0.30279468471786686
2019-02-23 20:51:00,0.22878517030329704
2019-02-23 20:54:00,0.3362436553029511
2019-02-23 20:57:00,0.3495656065588264
2019-02-23 21:00:00,0.3195510857419208
2019-02-23 21:03:00,0.26052690370846676
2019-02-23 21:06:00,0.28476652509601763
2019-02-23 21:09:00,0.2605913032401759
2019-02-23 21:12:00,0.2995326953819699
2019-02-23 21:15:00,0.25066632933254596
2019-02-23 21:18:00,0.26320846399266884
2019-02-23 21:21:00,0.20115933578659906
2019-02-23 21:24:00,0.2732206839020819
2019-02-23 21:27:00,0.2782220231035808
2019-02-23 21:30:00,0.21149856971197778
2019-02-23 21:33:00,0.2859077952896314
2019-02-23 21:36:00,0.23744501297420584
2019-02-23 21:39:00,0.22195522866701367
2019-02-23 21:42:00,0.25761110757332517
2019-02-23 21:45:00,0.36903963078418656
2019-02-23 21:48:00,0.2697643486130801
2019-02-23 21:51:00,0.25319188630192
2019-02-23 21:54:00,0.2724897700285851
2019-02-23 21:57:00,0.2359984573384395
2019-02-23 22:00:00,0.25085353288324086
2019-02-23 22:03:00,0.27406646015356273
2019-02-23 22:06:00,0.2958206265371359
2019-02-23 22:09:00,0.21589673197297543
2019-02-23 22:12:00,0.28338790097654964
2019-02-23 22:15:00,0.2523262355986162
2019-02-23 22:18:00,0.30478422364546987
2019-02-23 22:21:00,0.21067900559586406
2019-02-23 22:24:00,0.23803321976407688
2019-02-23 22:27:00,0.19430108404168323
2019-02-23 22:30:00,0.27934008727390847
2019-02-23 22:33:00,0.2578901446798909
2019-02-23 22:36:00,0.1590154231163865
2019-02-23 22:39:00,0.203337853371238
2019-02-23 22:42:00,0.11476577584835468
2019-02-23 22:45:00,0.1180944030281239
2019-02-23 22:48:00,0.18084225913014507
2019-02-23 22:51:00,0.09680122115588574
2019-02-23 22:54:00,0.2515198209329128
2019-02-23 22:57:00,0.19353969069288723
2019-02-23 23:00:00,0.21106143391341448
2019-02-23 23:03:00,0.23166816455682238
2019-02-23 23:06:00,0.313807593245258
2019-02-23 23:09:00,0.244809759338807
2019-02-23 23:12:00,0.2418686106375958
2019-02-23 23:15:00,0.25857618348618416
2019-02-23 23:18:00,0.24942052151004646
2019-02-23 23:21:00,0.365740285255697
2019-02-23 23:24:00,0.1808264007322009
2019-02-23 23:27:00,0.2370358163852302
2019-02-23 23:30:00,0.19293852569234105
2019-02-23 23:33:00,0.20131517465154047
2019-02-23 23:36:00,0.19208206639132186
2019-02-23 23:39:00,0.20182780855986948
2019-02-23 23:42:00,0.19210124819397834
2019-02-23 23:45:00,0.16121702104743463
2019-02-23 23:48:00,0.16415790935354835
2019-02-23 23:51:00,0.18934365155632804
2019-02-23 23:54:00,0.18669126563838745
2019-02-23 23:57:00,0.1989044624213534
2019-02-24 00:00:00,0.23234890378137152
2019-02-24 00:03:00,0.12573909595676014
2019-02-24 00:06:00,0.16552919369303254
2019-02-24 00:09:00,0.21090183962087394
2019-02-24 00:12:00,0.17623985503223594
2019-02-24 00:15:00,0.14450661924786345
2019-02-24 00:18:00,0.3069969678887787
2019-02-24 00:21:00,0.12860313024401648
2019-02-24 00:24:00,0.15650113890603734
2019-02-24 00:27:00,0.16785970269091877
2019-02-24 00:30:00,0.1349629727387196
2019-02-24 00:33:00,0.14834402535473146
2019-02-24 00:36:00,0.09615447648224063
2019-02-24 00:39:00,0.14060706828871616
2019-02-24 00:42:00,0.22627470110086279
2019-02-24 00:45:00,0.2536305550263478
2019-02-24 00:48:00,0.16063406451746687
2019-02-24 00:51:00,0.2036507428883283
2019-02-24 00:54:00,0.23833291225844278
2019-02-24 00:57:00,0.23228568063723287
2019-02-24 01:00:00,0.18381790164943368
2019-02-24 01:03:00,0.31893834793646647
2019-02-24 01:06:00,0.23276621588581747
2019-02-24 01:09:00,0.19022509427583145
2019-02-24 01:12:00,0.15662481201252376
2019-02-24 01:15:00,0.21330173169411637
2019-02-24 01:18:00,0.2174987854800179
2019-02-24 01:21:00,0.2692887578099885
2019-02-24 01:24:00,0.2579845106326957
2019-02-24 01:27:00,0.20639878178724302
2019-02-24 01:30:00,0.2765038885861486
2019-02-24 01:33:00,0.23659135011314447
2019-02-24 01:36:00,0.18577426737368796
2019-02-24 01:39:00,0.28190311362834564
2019-02-24 01:42:00,0.1992421167671523
2019-02-24 01:45:00,0.2970241719575597
2019-02-24 01:48:00,0.23169920615362116
2019-02-24 01:51:00,0.23059496782741462
2019-02-24 01:54:00,0.18494409906867304
2019-02-24 01:57:00,0.2499812476179386
2019-02-24 02:00:00,0.21094957897048516
2019-02-24 02:03:00,0.23415191216929543
2019-02-24 02:06:00,0.2715250485180718
2019-02-24 02:09:00,0.2887617669086353
2019-02-24 02:12:00,0.3040393168846549
2019-02-24 02:15:00,0.2653266061163322
2019-02-24 02:18:00,0.20144149561946278
2019-02-24 02:21:00,0.23863385820362737
2019-02-24 02:24:00,0.26213052893990607
2019-02-24 02:27:00,0.20481753811532144
2019-02-24 02:30:00,0.22732517792508133
2019-02-24 02:33:00,0.2621205730176257
2019-02-24 02:36:00,0.26814137544778305
2019-02-24 02:39:00,0.3041957176645269
2019-02-24 02:42:00,0.20374038407516082
2019-02-24 02:45:00,0.26770347922507653
2019-02-24 02:48:00,0.33184436053755917
2019-02-24 02:51:00,0.31944055108021985
2019-02-24 02:54:00,0.23973757305105892
2019-02-24 02:57:00,0.2542634808634716
2019-02-24 03:00:00,0.22993519017563813
2019-02-24 03:03:00,0.3402344103567998
2019-02-24 03:06:00,0.3687588533105668
2019-02-24 03:09:00,0.29792388828798266
2019-02-24 03:12:00,0.33581769036084097
2019-02-24 03:15:00,0.2262982289552724
2019-02-24 03:18:00,0.1978179265433937
2019-02-24 03:21:00,0.2211260375730717
2019-02-24 03:24:00,0.2624884078423406
2019-02-24 03:27:00,0.23309596393153242
2019-02-24 03:30:00,0.2443917366188657
2019-02-24 03:33:00,0.12684013359688606
2019-02-24 03:36:00,0.183695161763751
2019-02-24 03:39:00,0.18923836278895578
2019-02-24 03:42:00,0.2276820539207165
2019-02-24 03:45:00,0.2773162005859149
2019-02-24 03:48:00,0.25315312077384533
2019-02-24 03:51:00,0.15044854348656145
2019-02-24 03:54:00,0.21165636681490696
2019-02-24 03:57:00,0.30830283107889045
2019-02-24 04:00:00,0.24969477454629896
2019-02-24 04:03:00,0.21080016993659
2019-02-24 04:06:00,0.19830662732903193
2019-02-24 04:09:00,0.2602832562885169
2019-02-24 04:12:00,0.28674440371338505
2019-02-24 04:15:00,0.22469123957876036
2019-02-24 04:18:00,0.3069327048478385
2019-02-24 04:21:00,0.25001293641480515
2019-02-24 04:24:00,0.3125731670764367
2019-02-24 04:27:00,0.32527312783082607
2019-02-24 04:30:00,0.2204800172241903
2019-02-24 04:33:00,0.30237070436879776
2019-02-24 04:36:00,0.3567897105102702
2019-02-24 04:39:00,0.2405840022924508
2019-02-24 04:42:00,0.30264930786921695
2019-02-24 04:45:00,0.3245701726509651
2019-02-24 04:48:00,0.2689121333251592
2019-02-24 04:51:00,0.29657191722958487
2019-02-24 04:54:00,0.3339520944704759
2019-02-24 04:57:00,0.4112765821173525
2019-02-24 05:00:00,0.20551765889734952
2019-02-24 05:03:00,0.3123120085646178
2019-02-24 05:06:00,0.21222679661593702
2019-02-24 05:09:00,0.2263543010255944
2019-02-24 05:12:00,0.29751143686854675
2019-02-24 05:15:00,0.3139870929048243
2019-02-24 05:18:00,0.29561395871132845
2019-02-24 05:21:00,0.23623855080973044
2019-02-24 05:24:00,0.22457699781165275
2019-02-24 05:27:00,0.28399740352250546
2019-02-24 05:30:00,0.2909987278141557
2019-02-24 05:33:00,0.2792107559633905
2019-02-24 05:36:00,0.19138014205941545
2019-02-24 05:39:00,0.3390710374295054
2019-02-24 05:42:00,0.3857861054939349
2019-02-24 05:45:00,0.2803384214846574
2019-02-24 05:48:00,0.3458828160852363
2019-02-24 05:51:00,0.2661799083622327
2019-02-24 05:54:00,0.29075355811869485
2019-02-24 05:57:00,0.3063012945556238
2019-02-24 06:00:00,0.16891679494727896
2019-02-24 06:03:00,0.3157004687946596
2019-02-24 06:06:00,0.19881646110121665
2019-02-24 06:09:00,0.2528932285523524
2019-02-24 06:12:00,0.247466301458644
2019-02-24 06:15:00,0.22785610275263934
2019-02-24 06:18:00,0.22028357210928107
2019-02-24 06:21:00,0.22061099716643184
2019-02-24 06:24:00,0.21556596937870154
2019-02-24 06:27:00,0.24045228034083266
2019-02-24 06:30:00,0.2599226565580466
2019-02-24 06:33:00,0.2673312978202489
2019-02-24 06:36:00,0.3416687041997193
2019-02-24 06:39:00,0.283762459054401
2019-02-24 06:42:00,0.207430122739936
2019-02-24 06:45:00,0.30014344430588835
2019-02-24 06:48:00,0.19098312919726368
2019-02-24 06:51:00,0.14317818294080098
2019-02-24 06:54:00,0.2525617983866937
2019-02-24 06:57:00,0.1936020018340514
2019-02-24 07:00:00,0.26833506207105984
2019-02-24 07:03:00,0.3331391183560868
2019-02-24 07:06:00,0.2830787624763502
2019-02-24 07:09:00,0.2741984624692577
2019-02-24 07:12:00,0.22390649142209895
2019-02-24 07:15:00,0.3181721749787698
2019-02-24 07:18:00,0.2523314615810932
2019-02-24 07:21:00,0.3088959722192044
2019-02-24 07:24:00,0.32100399109503996
2019-02-24 07:27:00,0.2156475698125746
2019-02-24 07:30:00,0.1617415868581702
2019-02-24 07:33:00,0.3283213112412682
2019-02-24 07:36:00,0.2222410774483592
2019-02-24 07:39:00,0.35264319047439585
2019-02-24 07:42:00,0.2047618523911865
2019-02-24 07:45:00,0.369089212902054
2019-02-24 07:48:00,0.30073882549118025
2019-02-24 07:51:00,0.3083608408426812
2019-02-24 07:54:00,0.22861568702779778
2019-02-24 07:57:00,0.2808079413061364
2019-02-24 08:00:00,0.2547971847167787
2019-02-24 08:03:00,0.2339360102789101
2019-02-24 08:06:00,0.2875411530919223
2019-02-24 08:09:00,0.14049539503037067
2019-02-24 08:12:00,0.2558130329255732
2019-02-24 08:15:00,0.26782175959681354
2019-02-24 08:18:00,0.2168290135464872
2019-02-24 08:21:00,0.2118875039701038
2019-02-24 08:24:00,0.23997899308693604
2019-02-24 08:27:00,0.24426436700161958
2019-02-24 08:30:00,0.24781301331455552
2019-02-24 08:33:00,0.25753837660045065
2019-02-24 08:36:00,0.17380747006802721
2019-02-24 08:39:00,0.2935157229740071
2019-02-24 08:42:00,0.20315362701626327
2019-02-24 08:45:00,0.27055069286467415
2019-02-24 08:48:00,0.23285879169884538
2019-02-24 08:51:00,0.14918841490299428
2019-02-24 08:54:00,0.19207754970801716
2019-02-24 08:57:00,0.05610286933040243
2019-02-24 09:00:00,0.14508954202455016
2019-02-24 09:03:00,0.1555265352555466
2019-02-24 09:06:00,0.07348546627099495
2019-02-24 09:09:00,0.02506719742501673
2019-02-24 09:12:00,0.13117451109650347
2019-02-24 09:15:00,0.16703570286853164
2019-02-24 09:18:00,0.046278048107467384
2019-02-24 09:21:00,0.09828611303225898
2019-02-24 09:24:00,0.1335225017875814
2019-02-24 09:27:00,0.20623560505703153
2019-02-24 09:30:00,0.06869428808948896
2019-02-24 09:33:00,0.09896931464038516
2019-02-24 09:36:00,0.10371401696954763
2019-02-24 09:39:00,0.10052406206256137
2019-02-24 09:42:00,-0.052953397886824405
2019-02-24 09:45:00,-0.0052468952401341085
2019-02-24 09:48:00,0.022356267188342827
2019-02-24 09:51:00,0.025094340551675032
2019-02-24 09:54:00,0.1660447113763439
2019-02-24 09:57:00,0.02703514689358144
2019-02-24 10:00:00,0.09000491879027095
2019-02-24 10:03:00,0.07147143149563817
2019-02-24 10:06:00,0.15832772371317105
2019-02-24 10:09:00,0.06434185979821905
2019-02-24 10:12:00,0.037871160867553044
2019-02-24 10:15:00,0.0009096880281163067
2019-02-24 10:18:00,0.01494423915067955
2019-02-24 10:21:00,0.012205057625408244
2019-02-24 10:24:00,0.005427066364006805
2019-02-24 10:27:00,-0.002078287378822097
2019-02-24 10:30:00,-0.03569533630923161
2019-02-24 10:33:00,-0.0011986129073875418
2019-02-24 10:36:00,-0.02855584727473115
2019-02-24 10:39:00,-0.0190013571984764
2019-02-24 10:42:00,-0.1296469456293039
2019-02-24 10:45:00,-0.036357560225326324
2019-02-24 10:48:00,-0.11855127752818362
2019-02-24 10:51:00,-0.04643446592979217
2019-02-24 10:54:00,-0.10700326709934416
2019-02-24 10:57:00,0.0013714624730027936
2019-02-24 11:00:00,-0.055517974441841034
2019-02-24 11:03:00,-0.10725214708116937
2019-02-24 11:06:00,-0.012120325961916478
2019-02-24 11:09:00,-0.08417197496675044
2019-02-24 11:12:00,-0.10567486201034626
2019-02-24 11:15:00,0.017219684587530537
2019-02-24 11:18:00,-0.12426787364188385
2019-02-24 11:21:00,-0.11133504667338912
2019-02-24 11:24:00,-0.11604652686679628
2019-02-24 11:27:00,-0.11709424964021764
2019-02-24 11:30:00,-0.05189364885274017
2019-02-24 11:33:00,-0.09509260973953815
2019-02-24 11:36:00,-0.054786025888461154
2019-02-24 11:39:00,-0.011654187287206241
2019-02-24 11:42:00,-0.09735399908100817
2019-02-24 11:45:00,-0.15633362700305042
2019-02-24 11:48:00,-0.08080003680538539
2019-02-24 11:51:00,-0.2299717764456659
2019-02-24 11:54:00,-0.1956374636279179
2019-02-24 11:57:00,-0.12290460580021545
2019-02-24 12:00:00,-0.17579685050588978
2019-02-24 12:03:00,-0.17083205879822572
2019-02-24 12:06:00,-0.2076920938233684
2019-02-24 12:09:00,-0.2192039176710523
2019-02-24 12:12:00,-0.3616335224880345
2019-02-24 12:15:00,-0.21115502641322337
2019-02-24 12:18:00,-0.2899520067599042
2019-02-24 12:21:00,-0.20472024525656707
2019-02-24 12:24:00,-0.3176168962792758
2019-02-24 12:27:00,-0.20144803070292028
2019-02-24 12:30:00,-0.22117638262875516
2019-02-24 12:33:00,-0.28695924763809444
2019-02-24 12:36:00,-0.31081731077006225
2019-02-24 12:39:00,-0.14200120513083903
2019-02-24 12:42:00,-0.18339592755120293
2019-02-24 12:45:00,-0.20757204292556253
2019-02-24 12:48:00,-0.16744477095278398
2019-02-24 12:51:00,-0.22738024892305475
2019-02-24 12:54:00,-0.3594504416953441
2019-02-24 12:57:00,-0.33656005778925646
2019-02-24 13:00:00,-0.3278964870024197
2019-02-24 13:03:00,-0.2676509972956751
2019-02-24 13:06:00,-0.40562600547173133
2019-02-24 13:09:00,-0.3308662262412554
2019-02-24 13:12:00,-0.30392901566858654
2019-02-24 13:15:00,-0.390009075779858
2019-02-24 13:18:00,-0.35203264717137017
2019-02-24 13:21:00,-0.43054203840620175
2019-02-24 13:24:00,-0.35728644659553765
2019-02-24 13:27:00,-0.37280727760565924
2019-02-24 13:30:00,-0.35912532428693567
2019-02-24 13:33:00,-0.38001954644101943
2019-02-24 13:36:00,-0.4588020114670144
2019-02-24 13:39:00,-0.4949412838768694
2019-02-24 13:42:00,-0.34000300824595797
2019-02-24 13:45:00,-0.4747838489643641
2019-02-24 13:48:00,-0.3327989984837245
2019-02-24 13:51:00,-0.4121236513953477
2019-02-24 13:54:00,-0.3979076063203024
2019-02-24 13:57:00,-0.49587949325274394
2019-02-24 14:00:00,-0.3810761045179447
2019-02-24 14:03:00,-0.36975195133982197
2019-02-24 14:06:00,-0.42003489373161074
2019-02-24 14:09:00,-0.37780593174016985
2019-02-24 14:12:00,-0.3093209967774442
2019-02-24 14:15:00,-0.355697312755467
2019-02-24 14:18:00,-0.3199467507006375
2019-02-24 14:21:00,-0.36143233640262906
2019-02-24 14:24:00,-0.3537019997604034
2019-02-24 14:27:00,-0.4060322557993459
2019-02-24 14:30:00,-0.33932334979584766
2019-02-24 14:33:00,-0.40233823157745974
2019-02-24 14:36:00,-0.4433580445340226
2019-02-24 14:39:00,-0.41265216478427647
2019-02-24 14:42:00,-0.36811862930596817
2019-02-24 14:45:00,-0.35548816396647
2019-02-24 14:48:00,-0.2160466932762688
2019-02-24 14:51:00,-0.37591151381570853
2019-02-24 14:54:00,-0.26044504233061616
2019-02-24 14:57:00,-0.22642801148543867
2019-02-24 15:00:00,-0.13127311831220823
2019-02-24 15:03:00,-0.1036949228750359
2019-02-24 15:06:00,-0.11797767795070513
2019-02-24 15:09:00,-0.15758801407270084
2019-02-24 15:12:00,-0.12487199946400551
2019-02-24 15:15:00,0.1524345360753614
2019-02-24 15:18:00,0.10163897373763575
2019-02-24 15:21:00,-0.01805299434073504
2019-02-24 15:24:00,-0.21291180301903978
2019-02-24 15:27:00,-0.08806685939811132
2019-02-24 15:30:00,-0.017798646432254372
2019-02-24 15:33:00,0.004384754272109603
2019-02-24 15:36:00,0.07472242581144428
2019-02-24 15:39:00,0.077434721593022
2019-02-24 15:42:00,0.12961269673343168
2019-02-24 15:45:00,0.6086198235294091
2019-02-24 15:48:00,0.6074207427341776
2019-02-24 15:51:00,0.6680185033735597
2019-02-24 15:54:00,0.623913072996686
2019-02-24 15:57:00,0.7463960100935765
2019-02-24 16:00:00,0.5400520504391579
2019-02-24 16:03:00,0.46816853113773504
2019-02-24 16:06:00,0.34344987787505943
2019-02-24 16:09:00,0.5050189810650068
2019-02-24 16:12:00,0.43719985288913676
2019-02-24 16:15:00,0.27344416920453796
2019-02-24 16:18:00,0.39660862096167193
2019-02-24 16:21:00,0.3324030959282709
2019-02-24 16:24:00,0.37611756660442097
2019-02-24 16:27:00,0.45795115744681425
2019-02-24 16:30:00,0.27633711108268244
2019-02-24 16:33:00,0.3359398160197884
2019-02-24 16:36:00,0.34157416456429246
2019-02-24 16:39:00,0.4703848274907614
2019-02-24 16:42:00,0.38452656711922373
2019-02-24 16:45:00,0.4010212139023679
2019-02-24 16:48:00,0.33389181257717837
2019-02-24 16:51:00,0.3728282863049799
2019-02-24 16:54:00,0.4180913893151228
2019-02-24 16:57:00,0.3958911580838844
2019-02-24 17:00:00,0.4116785029261223
2019-02-24 17:03:00,0.42715183446614446
2019-02-24 17:06:00,0.3556500846763697
2019-02-24 17:09:00,0.2898070606970009
2019-02-24 17:12:00,0.29763430833594384
2019-02-24 17:15:00,0.22848448420683098
2019-02-24 17:18:00,0.29760220933712844
2019-02-24 17:21:00,0.297638601306744
2019-02-24 17:24:00,0.32011778029374227
2019-02-24 17:27:00,0.37127609120381067
2019-02-24 17:30:00,0.48887698434003823
2019-02-24 17:33:00,0.5981870613621822
2019-02-24 17:36:00,0.5530514117218104
2019-02-24 17:39:00,0.3816976522984987
2019-02-24 17:42:00,0.4029762637768499
2019-02-24 17:45:00,0.36268629665988783
2019-02-24 17:48:00,0.2238498258531081
2019-02-24 17:51:00,0.27098766885717396
2019-02-24 17:54:00,0.2783350797705566
2019-02-24 17:57:00,0.24896535832317568
2019-02-24 18:00:00,0.39486760631535844
2019-02-24 18:03:00,0.48327331575342214
2019-02-24 18:06:00,0.5141136583289381
2019-02-24 18:09:00,0.4652870322614149
2019-02-24 18:12:00,0.36068782611050665
2019-02-24 18:15:00,0.35066762881302793
2019-02-24 18:18:00,0.2780141414348236
2019-02-24 18:21:00,0.23987063162456934
2019-02-24 18:24:00,0.08828210470568365
2019-02-24 18:27:00,0.1082644124574017
2019-02-24 18:30:00,0.20101694160047145
2019-02-24 18:33:00,0.03812554329579143
2019-02-24 18:36:00,0.1444207193800935
2019-02-24 18:39:00,0.11873439572622146
2019-02-24 18:42:00,0.06759988173195097
2019-02-24 18:45:00,0.12703105164979434
2019-02-24 18:48:00,0.2389680214417922
2019-02-24 18:51:00,0.10084485726866887
2019-02-24 18:54:00,0.15131535350764125
2019-02-24 18:57:00,
2019-02-24 19:00:00,
2019-02-24 19:03:00,0.17278157589669263
2019-02-24 19:06:00,0.20304908058921
2019-02-24 19:09:00,0.13702466257461765
2019-02-24 19:12:00,0.16046101934398393
2019-02-24 19:15:00,0.1490683727375881
2019-02-24 19:18:00,0.13184964761609308
2019-02-24 19:21:00,0.2156303143304399
2019-02-24 19:24:00,0.11190171061537058
2019-02-24 19:27:00,0.17298033844662086
2019-02-24 19:30:00,0.15949318383354694
2019-02-24 19:33:00,0.11100673846908649
2019-02-24 19:36:00,0.21925040829461295
2019-02-24 19:39:00,0.18258288357310448
2019-02-24 19:42:00,0.16728746545783224
2019-02-24 19:45:00,0.17117718248317715
2019-02-24 19:48:00,0.06350361596145149
2019-02-24 19:51:00,0.14795169889822546
2019-02-24 19:54:00,0.21653293455847233
2019-02-24 19:57:00,0.2289474308465742
2019-02-24 20:00:00,0.192112205023534
2019-02-24 20:03:00,0.2439102624557563
2019-02-24 20:06:00,0.19960075009015554
2019-02-24 20:09:00,0.22295940491790134
2019-02-24 20:12:00,0.29460618865118704
2019-02-24 20:15:00,0.21817266971714844
2019-02-24 20:18:00,0.17189815695070365
2019-02-24 20:21:00,0.24276873356132
2019-02-24 20:24:00,0.3008142091586592
2019-02-24 20:27:00,0.22552590302751696
2019-02-24 20:30:00,0.26039134087318416
2019-02-24 20:33:00,0.3026500099638838
2019-02-24 20:36:00,0.1664156019203915
2019-02-24 20:39:00,0.2957353158436149
2019-02-24 20:42:00,0.2814366761203928
2019-02-24 20:45:00,0.15613628147821146
2019-02-24 20:48:00,0.2841292984645065
2019-02-24 20:51:00,0.2579941284036522
2019-02-24 20:54:00,0.19361114308117067
2019-02-24 20:57:00,0.1650864983002407
2019-02-24 21:00:00,0.16016817562552887
2019-02-24 21:03:00,0.07024150220951242
2019-02-24 21:06:00,0.1712259266116689
2019-02-24 21:09:00,0.15493645482052898
2019-02-24 21:12:00,0.09393363119073683
2019-02-24 21:15:00,0.19504237437530492
2019-02-24 21:18:00,0.11509500089982794
2019-02-24 21:21:00,0.22974385994052682
2019-02-24 21:24:00,0.08396241106282787
2019-02-24 21:27:00,0.19271018808461804
2019-02-24 21:30:00,0.15313367009423473
2019-02-24 21:33:00,0.1058425877209288
2019-02-24 21:36:00,0.24886494856690433
2019-02-24 21:39:00,0.09584633417443911
2019-02-24 21:42:00,0.12912640588473323
2019-02-24 21:45:00,0.22968603416745736
2019-02-24 21:48:00,0.19129546625310923
2019-02-24 21:51:00,0.26499794629233975
2019-02-24 21:54:00,0.21208909766983197
2019-02-24 21:57:00,0.16960871510042352
2019-02-24 22:00:00,0.25907407040926955
2019-02-24 22:03:00,0.21946767241087173
2019-02-24 22:06:00,0.2553766697967035
2019-02-24 22:09:00,0.25411439409072045
2019-02-24 22:12:00,0.18910562561762845
2019-02-24 22:15:00,0.16519675542957657
2019-02-24 22:18:00,0.17763085090984987
2019-02-24 22:21:00,0.15452427493528376
2019-02-24 22:24:00,0.2716032057594475
2019-02-24 22:27:00,0.23338621793823222
2019-02-24 22:30:00,0.2605485816879991
2019-02-24 22:33:00,0.18423819661319385
2019-02-24 22:36:00,0.21028361608142632
2019-02-24 22:39:00,0.23012376554561342
2019-02-24 22:42:00,0.19464014230061366
2019-02-24 22:45:00,0.23221660167388336
2019-02-24 22:48:00,0.21011610510817036
2019-02-24 22:51:00,0.14517582442420007
2019-02-24 22:54:00,0.1382701513435336
2019-02-24 22:57:00,0.19913435806660118
2019-02-24 23:00:00,0.22111065914765504
2019-02-24 23:03:00,0.32332320386603897
2019-02-24 23:06:00,0.15316195956950196
2019-02-24 23:09:00,0.22850854548687494
2019-02-24 23:12:00,0.1726424586676103
2019-02-24 23:15:00,0.30126063217846877
2019-02-24 23:18:00,0.237377951439953
2019-02-24 23:21:00,0.21266064521086037
2019-02-24 23:24:00,0.1943691479415861
2019-02-24 23:27:00,0.26075754253480454
2019-02-24 23:30:00,0.24188437264331242
2019-02-24 23:33:00,0.20248313696282594
2019-02-24 23:36:00,0.2288719108752275
2019-02-24 23:39:00,0.211303190426122
2019-02-24 23:42:00,0.2686482092340725
2019-02-24 23:45:00,0.2261076418100174
2019-02-24 23:48:00,0.21947738175748555
2019-02-24 23:51:00,0.20502162599012763
2019-02-24 23:54:00,0.353564592441046
2019-02-24 23:57:00,0.1414663148426598
2019-02-25 00:00:00,0.22572745921070236
2019-02-25 00:03:00,0.27218442066435955
2019-02-25 00:06:00,0.2346518125718262
2019-02-25 00:09:00,0.3181849778883361
2019-02-25 00:12:00,0.35477908453583495
2019-02-25 00:15:00,0.2959987452526889
2019-02-25 00:18:00,0.18077782278578525
2019-02-25 00:21:00,0.24549692106933207
2019-02-25 00:24:00,0.30957390051412403
2019-02-25 00:27:00,0.3177292713570523
2019-02-25 00:30:00,0.28148243571746434
2019-02-25 00:33:00,0.1929939084125749
2019-02-25 00:36:00,0.1884364125327238
2019-02-25 00:39:00,0.2549024795521859
2019-02-25 00:42:00,0.16731768156341786
2019-02-25 00:45:00,0.31817942898032925
2019-02-25 00:48:00,0.23937825752523167
2019-02-25 00:51:00,0.3696788507760971
2019-02-25 00:54:00,0.2959620498448885
2019-02-25 00:57:00,0.24803140630081089
2019-02-25 01:00:00,0.29509017693663964
2019-02-25 01:03:00,0.4014067322166852
2019-02-25 01:06:00,0.3686372765936312
2019-02-25 01:09:00,0.3489665047814583
2019-02-25 01:12:00,0.42555522728110873
2019-02-25 01:15:00,0.2649225950189589
2019-02-25 01:18:00,0.3258987719731863
2019-02-25 01:21:00,0.29936645328712075
2019-02-25 01:24:00,0.3139960355861149
2019-02-25 01:27:00,0.2845098263614432
2019-02-25 01:30:00,0.2778344528766752
2019-02-25 01:33:00,0.30698079935064015
2019-02-25 01:36:00,0.3742862581825648
2019-02-25 01:39:00,0.3372929103303477
2019-02-25 01:42:00,0.31897870711748055
2019-02-25 01:45:00,0.34391399396622546
2019-02-25 01:48:00,0.4174598458147898
2019-02-25 01:51:00,0.34366951232226484
2019-02-25 01:54:00,0.36128352863005375
2019-02-25 01:57:00,0.3594317391618347
2019-02-25 02:00:00,0.26108762561784715
2019-02-25 02:03:00,0.3364576976564422
2019-02-25 02:06:00,0.33261191011223445
2019-02-25 02:09:00,0.37704264290971423
2019-02-25 02:12:00,0.28445435800301766
2019-02-25 02:15:00,0.30918828568644585
2019-02-25 02:18:00,0.28154549389256545
2019-02-25 02:21:00,0.22116523736650606
2019-02-25 02:24:00,0.29699197615121875
2019-02-25 02:27:00,0.2859089225948992
2019-02-25 02:30:00,0.29992782180733
2019-02-25 02:33:00,0.3321023117736672
2019-02-25 02:36:00,0.2781653343505468
2019-02-25 02:39:00,0.2926685446688566
2019-02-25 02:42:00,0.2748559577465812
2019-02-25 02:45:00,0.3235208141294379
2019-02-25 02:48:00,0.3866744711504566
2019-02-25 02:51:00,0.24180254858902117
2019-02-25 02:54:00,0.3005149650115868
2019-02-25 02:57:00,0.2798059693583923
2019-02-25 03:00:00,0.3213738022319035
2019-02-25 03:03:00,0.3600162525783617
2019-02-25 03:06:00,0.34775191588249754
2019-02-25 03:09:00,0.28609946901968897
2019-02-25 03:12:00,0.22660305343839582
2019-02-25 03:15:00,0.32777177828205595
2019-02-25 03:18:00,0.21274636827183713
2019-02-25 03:21:00,0.27500783872665124
2019-02-25 03:24:00,0.21758706386344784
2019-02-25 03:27:00,0.3098406887988858
2019-02-25 03:30:00,0.3777925366929935
2019-02-25 03:33:00,0.30833112028767573
2019-02-25 03:36:00,0.24305900527480162
2019-02-25 03:39:00,0.3146882875531105
2019-02-25 03:42:00,0.39659848246145657
2019-02-25 03:45:00,0.34299059498135875
2019-02-25 03:48:00,0.21016890322704285
2019-02-25 03:51:00,0.31196300961101997
2019-02-25 03:54:00,0.3663015355687662
2019-02-25 03:57:00,0.24913740392440786
2019-02-25 04:00:00,0.3089250669997341
2019-02-25 04:03:00,0.31019379486281196
2019-02-25 04:06:00,0.32879734147400086
2019-02-25 04:09:00,0.2974477923090717
2019-02-25 04:12:00,0.351449604625941
2019-02-25 04:15:00,0.2817876732759146
2019-02-25 04:18:00,0.3073683962919631
2019-02-25 04:21:00,0.2680427570653592
2019-02-25 04:24:00,0.3243569861528499
2019-02-25 04:27:00,0.30820175617083123
2019-02-25 04:30:00,0.2940409134151878
2019-02-25 04:33:00,0.33649951035090453
2019-02-25 04:36:00,0.3122367252353797
2019-02-25 04:39:00,0.4396306041494995
2019-02-25 04:42:00,0.30886956006304445
2019-02-25 04:45:00,0.35316282999724535
2019-02-25 04:48:00,0.345020050535652
2019-02-25 04:51:00,0.36470343515640025
2019-02-25 04:54:00,0.3854202242441147
2019-02-25 04:57:00,0.24927374213615394
2019-02-25 05:00:00,0.42038281893911744
2019-02-25 05:03:00,0.2780557582913161
2019-02-25 05:06:00,0.3132037728593673
2019-02-25 05:09:00,0.33500087752906893
2019-02-25 05:12:00,0.24091879521387227
2019-02-25 05:15:00,0.27359855741167394
2019-02-25 05:18:00,0.22307172858256763
2019-02-25 05:21:00,0.2637465747647525
2019-02-25 05:24:00,0.3109434049534343
2019-02-25 05:27:00,0.25211376728907453
2019-02-25 05:30:00,0.3305294256505249
2019-02-25 05:33:00,0.3240590517373221
2019-02-25 05:36:00,0.3184568467843292
2019-02-25 05:39:00,0.37830650481333805
2019-02-25 05:42:00,0.4809616046124461
2019-02-25 05:45:00,0.2674625676620508
2019-02-25 05:48:00,0.3781652647367082
2019-02-25 05:51:00,0.3701272535332123
2019-02-25 05:54:00,0.2727463519468074
2019-02-25 05:57:00,0.3494534180758819
2019-02-25 06:00:00,0.33151659717339044
2019-02-25 06:03:00,0.31729630130911346
2019-02-25 06:06:00,0.2619445681181105
2019-02-25 06:09:00,0.3786863295993612
2019-02-25 06:12:00,0.33607880064067785
2019-02-25 06:15:00,0.36878810548807905
2019-02-25 06:18:00,0.3775849111621028
2019-02-25 06:21:00,0.38045288209292494
2019-02-25 06:24:00,0.34148644029596653
2019-02-25 06:27:00,0.3836387513854902
2019-02-25 06:30:00,0.3220928751273391
2019-02-25 06:33:00,0.40898340464895
2019-02-25 06:36:00,0.37540479083924083
2019-02-25 06:39:00,0.39948730852955805
2019-02-25 06:42:00,0.36672308588737224
2019-02-25 06:45:00,0.365181165078468
2019-02-25 06:48:00,0.36058239015522986
2019-02-25 06:51:00,0.33939967398441695
2019-02-25 06:54:00,0.4135347579154427
2019-02-25 06:57:00,0.3232821791837637
2019-02-25 07:00:00,0.40070334325150725
2019-02-25 07:03:00,0.39359663240117015
2019-02-25 07:06:00,0.3056724919797489
2019-02-25 07:09:00,0.4417407796360635
2019-02-25 07:12:00,0.38796973879414054
2019-02-25 07:15:00,0.35125520757435424
2019-02-25 07:18:00,0.3771347734572146
2019-02-25 07:21:00,0.42672739659212766
2019-02-25 07:24:00,0.3633934439009181
2019-02-25 07:27:00,0.2899795078500915
2019-02-25 07:30:00,0.30293286957305554
2019-02-25 07:33:00,0.4403057198778697
2019-02-25 07:36:00,0.39971166165088334
2019-02-25 07:39:00,0.38139733882525206
2019-02-25 07:42:00,0.37096365649506424
2019-02-25 07:45:00,0.4086696227429343
2019-02-25 07:48:00,0.27075048039688454
2019-02-25 07:51:00,0.3421002932385022
2019-02-25 07:54:00,0.26626639957623865
2019-02-25 07:57:00,0.3021433186725062
2019-02-25 08:00:00,0.315300224022792
2019-02-25 08:03:00,0.37666359378908965
2019-02-25 08:06:00,0.3811242343183494
2019-02-25 08:09:00,0.3366046070056541
2019-02-25 08:12:00,0.27912055984359085
2019-02-25 08:15:00,0.2933361684515603
2019-02-25 08:18:00,0.33761457107152637
2019-02-25 08:21:00,0.2890939849738743
2019-02-25 08:24:00,0.34924661898440945
2019-02-25 08:27:00,0.3410616178605892
2019-02-25 08:30:00,0.33728760766854293
2019-02-25 08:33:00,0.26429572027512904
2019-02-25 08:36:00,0.17932623548614401
2019-02-25 08:39:00,0.29116933936512623
2019-02-25 08:42:00,0.23527451629524876
2019-02-25 08:45:00,0.25601909142807244
2019-02-25 08:48:00,0.2227585611888685
2019-02-25 08:51:00,0.1883723515753104
2019-02-25 08:54:00,0.16978225732793817
2019-02-25 08:57:00,0.12137725755013662
2019-02-25 09:00:00,0.1546638537785725
2019-02-25 09:03:00,0.14482662375496602
2019-02-25 09:06:00,0.13169947139328997
2019-02-25 09:09:00,0.13584005199174953
2019-02-25 09:12:00,0.13581551345180287
2019-02-25 09:15:00,0.16802791081005353
2019-02-25 09:18:00,0.12561924669466862
2019-02-25 09:21:00,0.04376387095607015
2019-02-25 09:24:00,0.09704299426891794
2019-02-25 09:27:00,0.05881456621239067
2019-02-25 09:30:00,0.07210135673233253
2019-02-25 09:33:00,0.12041451630676647
2019-02-25 09:36:00,0.09798319243213882
2019-02-25 09:39:00,0.09066547799636737
2019-02-25 09:42:00,0.040722175990936194
2019-02-25 09:45:00,0.12030194935044847
2019-02-25 09:48:00,0.026085379623395966
2019-02-25 09:51:00,0.08789704638263629
2019-02-25 09:54:00,0.0038209844213952238
2019-02-25 09:57:00,0.03614688306265634
2019-02-25 10:00:00,0.05758877829106268
2019-02-25 10:03:00,0.06039386910191524
2019-02-25 10:06:00,-0.07369468780058241
2019-02-25 10:09:00,-0.09315097845245646
2019-02-25 10:12:00,-0.0254248133799706
2019-02-25 10:15:00,-0.0793014986425078
2019-02-25 10:18:00,-0.026587482174818433
2019-02-25 10:21:00,-0.05525233563668053
2019-02-25 10:24:00,-0.14001716867841196
2019-02-25 10:27:00,0.02358340219313959
2019-02-25 10:30:00,-0.006171017091446629
2019-02-25 10:33:00,-0.14975956750146224
2019-02-25 10:36:00,-0.11943307461064023
2019-02-25 10:39:00,-0.07396552650561716
2019-02-25 10:42:00,0.008382066726483117
2019-02-25 10:45:00,-0.0524297352535541
2019-02-25 10:48:00,0.04760742529441586
2019-02-25 10:51:00,0.043318905887929304
2019-02-25 10:54:00,-0.000939424983414483
2019-02-25 10:57:00,0.015556751405767955
2019-02-25 11:00:00,0.13083927784651905
2019-02-25 11:03:00,-0.02607684705100155
2019-02-25 11:06:00,-0.007513747088296441
2019-02-25 11:09:00,0.06349989920920507
2019-02-25 11:12:00,0.00998799489400426
2019-02-25 11:15:00,-0.001183806728477066
2019-02-25 11:18:00,0.01750067343795081
2019-02-25 11:21:00,-0.012334588256578627
2019-02-25 11:24:00,0.05118065294959706
2019-02-25 11:27:00,0.021223408638832097
2019-02-25 11:30:00,0.0300005318596277
2019-02-25 11:33:00,0.04241291462932395
2019-02-25 11:36:00,0.02149546533985358
2019-02-25 11:39:00,-0.011021847144604635
2019-02-25 11:42:00,-0.009887798431520878
2019-02-25 11:45:00,0.04928858858284002
2019-02-25 11:48:00,-0.022032696664552986
2019-02-25 11:51:00,-0.05303836139910345
2019-02-25 11:54:00,-0.050414350011806164
2019-02-25 11:57:00,0.08471912607933518
2019-02-25 12:00:00,-0.08170334119222389
2019-02-25 12:03:00,-0.0821823922408953
2019-02-25 12:06:00,0.05540482765519528
2019-02-25 12:09:00,-0.03613901559748456
2019-02-25 12:12:00,-0.028750103557172224
2019-02-25 12:15:00,-0.042961134709230464
2019-02-25 12:18:00,-0.05652066796477584
2019-02-25 12:21:00,-0.007633308588538057
2019-02-25 12:24:00,0.043732004008290914
2019-02-25 12:27:00,-0.03011272602105919
2019-02-25 12:30:00,0.028684990415285938
2019-02-25 12:33:00,-0.10098132195366816
2019-02-25 12:36:00,-0.0309584829758478
2019-02-25 12:39:00,-0.054588685200201326
2019-02-25 12:42:00,0.02927588501330547
2019-02-25 12:45:00,-0.09696374115759454
2019-02-25 12:48:00,-0.1625026474923743
2019-02-25 12:51:00,-0.17512160235907004
2019-02-25 12:54:00,-0.14999072905408184
2019-02-25 12:57:00,-0.09151950380686458
2019-02-25 13:00:00,-0.1338768227295759
2019-02-25 13:03:00,-0.10403884400375318
2019-02-25 13:06:00,-0.15282655108387644
2019-02-25 13:09:00,-0.09153590628375241
2019-02-25 13:12:00,-0.09900845715515061
2019-02-25 13:15:00,-0.18365718340442072
2019-02-25 13:18:00,-0.3645854226319898
2019-02-25 13:21:00,-0.24248450687775858
2019-02-25 13:24:00,-0.2548645436044694
2019-02-25 13:27:00,-0.23467373922045454
2019-02-25 13:30:00,-0.14359982799646787
2019-02-25 13:33:00,-0.25490120202283606
2019-02-25 13:36:00,-0.3668175965710816
2019-02-25 13:39:00,-0.17582645069705904
2019-02-25 13:42:00,-0.32214880259880374
2019-02-25 13:45:00,-0.3081511798098404
2019-02-25 13:48:00,-0.24931598553575895
2019-02-25 13:51:00,-0.3030642412174416
2019-02-25 13:54:00,-0.38097253500455963
2019-02-25 13:57:00,-0.37517244610370426
2019-02-25 14:00:00,-0.3197106112384063
2019-02-25 14:03:00,-0.42375912671997185
2019-02-25 14:06:00,-0.23863452751044179
2019-02-25 14:09:00,-0.3944288986671154
2019-02-25 14:12:00,-0.27660309791394866
2019-02-25 14:15:00,-0.40716787196976156
2019-02-25 14:18:00,-0.293912453666735
2019-02-25 14:21:00,-0.33877979017313464
2019-02-25 14:24:00,-0.3097550520310506
2019-02-25 14:27:00,-0.4024625362662846
2019-02-25 14:30:00,-0.4828696190239157
2019-02-25 14:33:00,-0.2683279887344838
2019-02-25 14:36:00,-0.35963907751971647
2019-02-25 14:39:00,-0.33936061496154935
2019-02-25 14:42:00,-0.2924791968611089
2019-02-25 14:45:00,-0.36285056179184494
2019-02-25 14:48:00,-0.3484938968153415
2019-02-25 14:51:00,-0.29757279325275476
2019-02-25 14:54:00,-0.3473218706396324
2019-02-25 14:57:00,-0.37288292906566767
2019-02-25 15:00:00,-0.3439063641552593
2019-02-25 15:03:00,-0.30238991816383987
2019-02-25 15:06:00,-0.3679615223210817
2019-02-25 15:09:00,-0.32747115926474635
2019-02-25 15:12:00,-0.4714890440040449
2019-02-25 15:15:00,-0.3996015680596656
2019-02-25 15:18:00,-0.2853017674353282
2019-02-25 15:21:00,-0.3544221314902529
2019-02-25 15:24:00,-0.4406792824315744
2019-02-25 15:27:00,-0.35448297523549854
2019-02-25 15:30:00,-0.4382801045684914
2019-02-25 15:33:00,-0.31837868108505063
2019-02-25 15:36:00,-0.3591125724271933
2019-02-25 15:39:00,-0.38414448381456623
2019-02-25 15:42:00,-0.34492768115433137
2019-02-25 15:45:00,-0.30841846096939207
2019-02-25 15:48:00,-0.4116557947468209
2019-02-25 15:51:00,-0.36843537617818356
2019-02-25 15:54:00,-0.3219051660579453
2019-02-25 15:57:00,-0.3716045834258921
2019-02-25 16:00:00,-0.2938587317854058
2019-02-25 16:03:00,-0.34223308594226864
2019-02-25 16:06:00,-0.40599462468907177
2019-02-25 16:09:00,-0.3750623488719498
2019-02-25 16:12:00,-0.3603799825628471
2019-02-25 16:15:00,-0.29077854794013547
2019-02-25 16:18:00,-0.3243884603957099
2019-02-25 16:21:00,-0.2775500859277713
2019-02-25 16:24:00,-0.3349455297956183
2019-02-25 16:27:00,-0.23433575219098657
2019-02-25 16:30:00,-0.28952053124442045
2019-02-25 16:33:00,-0.243816170967591
2019-02-25 16:36:00,-0.2091353501039066
2019-02-25 16:39:00,-0.30510127363078254
2019-02-25 16:42:00,-0.29569013625314255
2019-02-25 16:45:00,-0.18348501374055104
2019-02-25 16:48:00,-0.26698510295892675
2019-02-25 16:51:00,-0.2831221036417446
2019-02-25 16:54:00,-0.20350400914236388
2019-02-25 16:57:00,-0.22037755096681622
2019-02-25 17:00:00,-0.1388877587934303
2019-02-25 17:03:00,-0.16278563421133185
2019-02-25 17:06:00,-0.23290825150814953
2019-02-25 17:09:00,-0.1544105632717674
2019-02-25 17:12:00,-0.28275773225692546
2019-02-25 17:15:00,-0.17546673539777657
2019-02-25 17:18:00,-0.19228155234713995
2019-02-25 17:21:00,-0.17552957921276402
2019-02-25 17:24:00,-0.21952058849262812
2019-02-25 17:27:00,-0.24189038182731792
2019-02-25 17:30:00,-0.1771150757998612
2019-02-25 17:33:00,-0.12405520806800041
2019-02-25 17:36:00,-0.0028255833498178617
2019-02-25 17:39:00,-0.10966030034120422
2019-02-25 17:42:00,-0.1870819681327589
2019-02-25 17:45:00,-0.049893696624167205
2019-02-25 17:48:00,-0.06802212638893934
2019-02-25 17:51:00,-0.09992398131356595
2019-02-25 17:54:00,-0.11148100630089175
2019-02-25 17:57:00,-0.12524017721148084
2019-02-25 18:00:00,-0.2102449972684326
2019-02-25 18:03:00,-0.22916634496499455
2019-02-25 18:06:00,-0.2269381463131026
2019-02-25 18:09:00,-0.1502503670610622
2019-02-25 18:12:00,-0.24514180261246565
2019-02-25 18:15:00,-0.2785590449121287
2019-02-25 18:18:00,-0.1835753535265212
2019-02-25 18:21:00,-0.2927020224480543
2019-02-25 18:24:00,-0.1284603201598884
2019-02-25 18:27:00,-0.1527994457523505
2019-02-25 18:30:00,-0.13537099116848594
2019-02-25 18:33:00,-0.17023399320203225
2019-02-25 18:36:00,-0.1856933558067908
2019-02-25 18:39:00,-0.1016647939383688
2019-02-25 18:42:00,-0.14612452782262153
2019-02-25 18:45:00,-0.10474639771194916
2019-02-25 18:48:00,-0.19893597043494538
2019-02-25 18:51:00,-0.1767942430022913
2019-02-25 18:54:00,
2019-02-25 18:57:00,
2019-02-25 19:00:00,
2019-02-25 19:03:00,-0.10181801982275829
2019-02-25 19:06:00,-0.15301561100432082
2019-02-25 19:09:00,-0.069002475373793
2019-02-25 19:12:00,-0.1285857749076058
2019-02-25 19:15:00,-0.11398912889632129
2019-02-25 19:18:00,-0.14293366897101123
2019-02-25 19:21:00,-0.08448076932842241
2019-02-25 19:24:00,-0.1251598666319751
2019-02-25 19:27:00,-0.11556183053841096
2019-02-25 19:30:00,-0.10627796171064574
2019-02-25 19:33:00,-0.17942809135553262
2019-02-25 19:36:00,-0.10986993835217618
2019-02-25 19:39:00,-0.05138814840023542
2019-02-25 19:42:00,-0.04179673031978837
2019-02-25 19:45:00,0.0397541789189404
2019-02-25 19:48:00,0.07105699255879472
2019-02-25 19:51:00,-0.0612498320322743
2019-02-25 19:54:00,0.06868171796446632
2019-02-25 19:57:00,-0.049340827261517006
2019-02-25 20:00:00,0.10768745392749679
2019-02-25 20:03:00,0.06386733817640788
2019-02-25 20:06:00,0.002105753423563783
2019-02-25 20:09:00,0.06505300242019985
2019-02-25 20:12:00,0.020235613175486833
2019-02-25 20:15:00,0.07270780560173762
2019-02-25 20:18:00,0.10543668197306033
2019-02-25 20:21:00,-0.040556859822629576
2019-02-25 20:24:00,0.009474308295978062
2019-02-25 20:27:00,0.09396425768943573
2019-02-25 20:30:00,0.10632446537385931
2019-02-25 20:33:00,0.06084218332046021
2019-02-25 20:36:00,0.14463928547752403
2019-02-25 20:39:00,0.05110745016753526
2019-02-25 20:42:00,0.07205259724963753
2019-02-25 20:45:00,0.03226908642255921
2019-02-25 20:48:00,-0.07503995717860334
2019-02-25 20:51:00,0.06631456318359596
2019-02-25 20:54:00,0.040531690168165824
2019-02-25 20:57:00,0.03363447887477378
2019-02-25 21:00:00,0.06422562510482521
2019-02-25 21:03:00,0.10390166128172496
2019-02-25 21:06:00,0.0672167366182066
2019-02-25 21:09:00,0.0015146218132144895
2019-02-25 21:12:00,0.01935826461368606
2019-02-25 21:15:00,0.046200743108158804
2019-02-25 21:18:00,0.0356045521367605
2019-02-25 21:21:00,0.08122110411756012
2019-02-25 21:24:00,0.15591318816876765
2019-02-25 21:27:00,0.17976234399810664
2019-02-25 21:30:00,0.002083426553610934
2019-02-25 21:33:00,0.11279778562123965
2019-02-25 21:36:00,0.06821809162102
2019-02-25 21:39:00,0.10056512104654303
2019-02-25 21:42:00,0.13109719685843402
2019-02-25 21:45:00,-0.0021300920873272844
2019-02-25 21:48:00,0.13543022525254855
2019-02-25 21:51:00,0.10206214766839139
2019-02-25 21:54:00,0.15201655058774577
2019-02-25 21:57:00,0.10949130662686457
2019-02-25 22:00:00,0.18441599720074464
2019-02-25 22:03:00,0.16750769664906784
2019-02-25 22:06:00,0.10010096273578029
2019-02-25 22:09:00,0.23994343432207188
2019-02-25 22:12:00,0.18737920064876334
2019-02-25 22:15:00,0.16633850127152527
2019-02-25 22:18:00,0.09336203923584208
2019-02-25 22:21:00,0.1107994355311348
2019-02-25 22:24:00,0.15615759605714175
2019-02-25 22:27:00,0.18741840135243137
2019-02-25 22:30:00,0.16339078903592963
2019-02-25 22:33:00,0.17717023280727062
2019-02-25 22:36:00,0.1973461009004609
2019-02-25 22:39:00,0.05475556482542743
2019-02-25 22:42:00,0.10764210372889238
2019-02-25 22:45:00,0.20094059253023033
2019-02-25 22:48:00,0.21758778184909033
2019-02-25 22:51:00,0.26303256920340345
2019-02-25 22:54:00,0.12043705054185239
2019-02-25 22:57:00,0.22696934527471058
2019-02-25 23:00:00,0.20990107073919262
2019-02-25 23:03:00,0.20352544053400834
2019-02-25 23:06:00,0.1998077395159612
2019-02-25 23:09:00,0.1591200595306077
2019-02-25 23:12:00,0.19262854218027314
2019-02-25 23:15:00,0.18970498326018514
2019-02-25 23:18:00,0.22585894054969913
2019-02-25 23:21:00,0.11552503958102989
2019-02-25 23:24:00,0.18583274384599235
2019-02-25 23:27:00,0.24500124164552517
2019-02-25 23:30:00,0.2151244921033708
2019-02-25 23:33:00,0.13239934152397836
2019-02-25 23:36:00,0.12154797873870393
2019-02-25 23:39:00,0.0720096816734781
2019-02-25 23:42:00,0.10762474045213821
2019-02-25 23:45:00,0.049853015587416394
2019-02-25 23:48:00,0.043797783407853785
2019-02-25 23:51:00,0.1270271692350775
2019-02-25 23:54:00,0.09690261648319165
2019-02-25 23:57:00,0.10560243765615951
2019-02-26 00:00:00,0.2235801358884828
2019-02-26 00:03:00,0.1307228991718148
2019-02-26 00:06:00,0.26963159440163054
2019-02-26 00:09:00,0.19275508469581837
2019-02-26 00:12:00,0.2237724850525069
2019-02-26 00:15:00,0.16920016014250905
2019-02-26 00:18:00,0.15451620235751307
2019-02-26 00:21:00,0.1568568463902693
2019-02-26 00:24:00,0.1647326898583401
2019-02-26 00:27:00,0.1592114280636565
2019-02-26 00:30:00,0.13487692698532783
2019-02-26 00:33:00,0.1458960015280013
2019-02-26 00:36:00,0.1498171336162386
2019-02-26 00:39:00,0.12932812762556978
2019-02-26 00:42:00,0.18697707032322342
2019-02-26 00:45:00,0.19984721633824165
2019-02-26 00:48:00,0.2489530067644523
2019-02-26 00:51:00,0.1451071586198509
2019-02-26 00:54:00,0.14469964670416857
2019-02-26 00:57:00,0.1439337122519646
2019-02-26 01:00:00,0.13927775745668214
2019-02-26 01:03:00,0.1946075658259474
2019-02-26 01:06:00,0.12530876076755249
2019-02-26 01:09:00,0.18856462016077558
2019-02-26 01:12:00,0.15586318561446433
2019-02-26 01:15:00,0.15912185648102195
2019-02-26 01:18:00,0.11236122464396203
2019-02-26 01:21:00,0.25317803858473553
2019-02-26 01:24:00,0.20601386647786057
2019-02-26 01:27:00,0.18292449375860542
2019-02-26 01:30:00,0.17669347164172677
2019-02-26 01:33:00,0.1667563906032683
2019-02-26 01:36:00,0.20950855914139765
2019-02-26 01:39:00,0.31950169177008547
2019-02-26 01:42:00,0.2101778061048094
2019-02-26 01:45:00,0.2636817202732118
2019-02-26 01:48:00,0.2478670469626536
2019-02-26 01:51:00,0.347903425760137
2019-02-26 01:54:00,0.2514239814620396
2019-02-26 01:57:00,0.21795129826864468
2019-02-26 02:00:00,0.22360864106519784
2019-02-26 02:03:00,0.2596912332216448
2019-02-26 02:06:00,0.2432630215199083
2019-02-26 02:09:00,0.2847619084640769
2019-02-26 02:12:00,0.276120739586986
2019-02-26 02:15:00,0.2614849927053342
2019-02-26 02:18:00,0.2522070701579082
2019-02-26 02:21:00,0.3301763182203672
2019-02-26 02:24:00,0.29249989640766216
2019-02-26 02:27:00,0.3164428572571296
2019-02-26 02:30:00,0.24499608564900655
2019-02-26 02:33:00,0.14283101028200917
2019-02-26 02:36:00,0.2748013902823345
2019-02-26 02:39:00,0.27659323332522945
2019-02-26 02:42:00,0.2680228856674489
2019-02-26 02:45:00,0.30053147688653326
2019-02-26 02:48:00,0.23428123601206607
2019-02-26 02:51:00,0.30001381349592293
2019-02-26 02:54:00,0.2298602909100964
2019-02-26 02:57:00,0.27771017043420443
2019-02-26 03:00:00,0.21777728076472158
2019-02-26 03:03:00,0.2928981670416988
2019-02-26 03:06:00,0.2682140031463405
2019-02-26 03:09:00,0.30944408811132007
2019-02-26 03:12:00,0.25223993474736517
2019-02-26 03:15:00,0.26765922433406786
2019-02-26 03:18:00,0.3502297074092553
2019-02-26 03:21:00,0.24543322387870603
2019-02-26 03:24:00,0.191391585353756
2019-02-26 03:27:00,0.24951499079327277
2019-02-26 03:30:00,0.24412907918855353
2019-02-26 03:33:00,0.19997055824256904
2019-02-26 03:36:00,0.24396946183333057
2019-02-26 03:39:00,0.24024200099341897
2019-02-26 03:42:00,0.2649523613094402
2019-02-26 03:45:00,0.20226227347143322
2019-02-26 03:48:00,0.2867018347066619
2019-02-26 03:51:00,0.3194196224745838
2019-02-26 03:54:00,0.20661023406597678
2019-02-26 03:57:00,0.3481686545685534
2019-02-26 04:00:00,0.16110731564288017
2019-02-26 04:03:00,0.2878650230807125
2019-02-26 04:06:00,0.19755507290273044
2019-02-26 04:09:00,0.34100299526483013
2019-02-26 04:12:00,0.25529170597872053
2019-02-26 04:15:00,0.24219263161546678
2019-02-26 04:18:00,0.298256168948285
2019-02-26 04:21:00,0.1849555557387248
2019-02-26 04:24:00,0.3035897857634495
2019-02-26 04:27:00,0.2426003984639351
2019-02-26 04:30:00,0.22938348549240573
2019-02-26 04:33:00,0.29509193159151437
2019-02-26 04:36:00,0.295455999809235
2019-02-26 04:39:00,0.1938774240822454
2019-02-26 04:42:00,0.29531944009147537
2019-02-26 04:45:00,0.27175369896428947
2019-02-26 04:48:00,0.22246377356691482
2019-02-26 04:51:00,0.33700852351324784
2019-02-26 04:54:00,0.2522357757208056
2019-02-26 04:57:00,0.23237240981376317
2019-02-26 05:00:00,0.21309807965724303
2019-02-26 05:03:00,0.20484813759145482
2019-02-26 05:06:00,0.23166945614912038
2019-02-26 05:09:00,0.24545742195294906
2019-02-26 05:12:00,0.21942185767431965
2019-02-26 05:15:00,0.17934089765907402
2019-02-26 05:18:00,0.19704627579795897
2019-02-26 05:21:00,0.20491788900568508
2019-02-26 05:24:00,0.26702947695878265
2019-02-26 05:27:00,0.21796984815841824
2019-02-26 05:30:00,0.257144485107176
2019-02-26 05:33:00,0.20283883737943142
2019-02-26 05:36:00,0.20895120185537053
2019-02-26 05:39:00,0.21738300626128648
2019-02-26 05:42:00,0.285332276279064
2019-02-26 05:45:00,0.22474865432099023
2019-02-26 05:48:00,0.262300497542185
2019-02-26 05:51:00,0.27069734159016434
2019-02-26 05:54:00,0.15105751660172473
2019-02-26 05:57:00,0.3510950943080502
2019-02-26 06:00:00,0.23850678390465418
2019-02-26 06:03:00,0.2605582073201731
2019-02-26 06:06:00,0.329226187139227
2019-02-26 06:09:00,0.3577061805920039
2019-02-26 06:12:00,0.3807197760538088
2019-02-26 06:15:00,0.35561199641523444
2019-02-26 06:18:00,0.3401216392954325
2019-02-26 06:21:00,0.23675277524336025
2019-02-26 06:24:00,0.3001493844307106
2019-02-26 06:27:00,0.20571786637890455
2019-02-26 06:30:00,0.2842719754857512
2019-02-26 06:33:00,0.24343956501104458
2019-02-26 06:36:00,0.23279907576710457
2019-02-26 06:39:00,0.23674859541472415
2019-02-26 06:42:00,0.22421805776821202
2019-02-26 06:45:00,0.249777395550268
2019-02-26 06:48:00,0.32316201333190975
2019-02-26 06:51:00,0.22866196738061717
2019-02-26 06:54:00,0.18638122382412803
2019-02-26 06:57:00,0.17505189787772224
2019-02-26 07:00:00,0.25090734823811545
2019-02-26 07:03:00,0.247356533981133
2019-02-26 07:06:00,0.23953268030135177
2019-02-26 07:09:00,0.22391659035770317
2019-02-26 07:12:00,0.20493323847227884
2019-02-26 07:15:00,0.08367369458483154
2019-02-26 07:18:00,0.15914999671491614
2019-02-26 07:21:00,0.1586912626799517
2019-02-26 07:24:00,0.16572783649252187
2019-02-26 07:27:00,0.13661220884580416
2019-02-26 07:30:00,0.1100569829064284
2019-02-26 07:33:00,0.16062768600949084
2019-02-26 07:36:00,0.19303869700172527
2019-02-26 07:39:00,0.24961542810638093
2019-02-26 07:42:00,0.25176474130506676
2019-02-26 07:45:00,0.18271156995353977
2019-02-26 07:48:00,0.11025971947145763
2019-02-26 07:51:00,0.20440306914957773
2019-02-26 07:54:00,0.14417041039325795
2019-02-26 07:57:00,0.1578930149557891
2019-02-26 08:00:00,0.3018194291203713
2019-02-26 08:03:00,0.2903579750487779
2019-02-26 08:06:00,0.15678577472550614
2019-02-26 08:09:00,0.224439111854565
2019-02-26 08:12:00,0.2055136024366675
2019-02-26 08:15:00,0.09653356899872279
2019-02-26 08:18:00,0.05372532006816755
2019-02-26 08:21:00,0.1837628184479172
2019-02-26 08:24:00,0.12186818174313885
2019-02-26 08:27:00,0.2292336657336591
2019-02-26 08:30:00,0.19259870258883893
2019-02-26 08:33:00,0.05924302443582974
2019-02-26 08:36:00,0.14890779846638225
2019-02-26 08:39:00,0.11068452424865427
2019-02-26 08:42:00,0.23774836088529128
2019-02-26 08:45:00,0.13006271729989294
2019-02-26 08:48:00,0.12198325393609366
2019-02-26 08:51:00,0.11007819849277212
2019-02-26 08:54:00,0.4827053711685494
2019-02-26 08:57:00,0.07714524907646592
2019-02-26 09:00:00,0.10424384926398034
2019-02-26 09:03:00,0.12575133852618592
2019-02-26 09:06:00,0.1217644801297979
2019-02-26 09:09:00,0.12069800149885168
2019-02-26 09:12:00,0.0824232183876461
2019-02-26 09:15:00,0.10428727090993561
2019-02-26 09:18:00,0.0675778732377239
2019-02-26 09:21:00,0.0038970834319798087
2019-02-26 09:24:00,0.07793000175547604
2019-02-26 09:27:00,0.041108476710689956
2019-02-26 09:30:00,0.10011844922081536
2019-02-26 09:33:00,0.07481860539894569
2019-02-26 09:36:00,-0.01178207253195751
2019-02-26 09:39:00,0.022797835857147675
2019-02-26 09:42:00,-0.011477128720457586
2019-02-26 09:45:00,-0.00573172438379288
2019-02-26 09:48:00,0.02481569209379586
2019-02-26 09:51:00,-0.12237014029796
2019-02-26 09:54:00,-0.09973568884032602
2019-02-26 09:57:00,-0.06314204037505533
2019-02-26 10:00:00,-0.041558037302195316
2019-02-26 10:03:00,-0.0988596714319101
2019-02-26 10:06:00,-0.05667656942512167
2019-02-26 10:09:00,-0.13683853029345983
2019-02-26 10:12:00,-0.14172550678057405
2019-02-26 10:15:00,-0.16497780417921604
2019-02-26 10:18:00,-0.16638136257091674
2019-02-26 10:21:00,-0.1994782854674213
2019-02-26 10:24:00,-0.05277658475381486
2019-02-26 10:27:00,-0.15379712031648296
2019-02-26 10:30:00,-0.07950897333455487
2019-02-26 10:33:00,-0.20637437714771067
2019-02-26 10:36:00,-0.1289338702481473
2019-02-26 10:39:00,-0.06714253943624726
2019-02-26 10:42:00,-0.11647981445520372
2019-02-26 10:45:00,-0.18266845948340915
2019-02-26 10:48:00,-0.12724178562717725
2019-02-26 10:51:00,-0.09430933761501592
2019-02-26 10:54:00,-0.09346822282770972
2019-02-26 10:57:00,-0.10834211792757742
2019-02-26 11:00:00,-0.12229249922290819
2019-02-26 11:03:00,-0.17274751085369644
2019-02-26 11:06:00,-0.2171952722986248
2019-02-26 11:09:00,-0.30264351472061435
2019-02-26 11:12:00,-0.279753750927739
2019-02-26 11:15:00,-0.25638589419924074
2019-02-26 11:18:00,-0.23214973539779749
2019-02-26 11:21:00,-0.12516520987634294
2019-02-26 11:24:00,-0.14533446363822122
2019-02-26 11:27:00,-0.21171531211126648
2019-02-26 11:30:00,-0.17796558978324128
2019-02-26 11:33:00,-0.23664901928555082
2019-02-26 11:36:00,-0.1894849175664035
2019-02-26 11:39:00,-0.2393530895042204
2019-02-26 11:42:00,-0.3065236683760304
2019-02-26 11:45:00,-0.15270883207557517
2019-02-26 11:48:00,-0.11826347019297145
2019-02-26 11:51:00,-0.10910726273550608
2019-02-26 11:54:00,-0.15586921730420045
2019-02-26 11:57:00,-0.13473078289524665
2019-02-26 12:00:00,-0.11947518508435451
2019-02-26 12:03:00,-0.06791153615853318
2019-02-26 12:06:00,-0.08907510689800802
2019-02-26 12:09:00,-0.150797008926304
2019-02-26 12:12:00,-0.08314114335962586
2019-02-26 12:15:00,-0.15046293757666263
2019-02-26 12:18:00,-0.24262210746911705
2019-02-26 12:21:00,-0.21112727870365688
2019-02-26 12:24:00,-0.14295658435793257
2019-02-26 12:27:00,-0.2014252489425985
2019-02-26 12:30:00,-0.24759541330456614
2019-02-26 12:33:00,-0.22764653363367415
2019-02-26 12:36:00,-0.20028384361552298
2019-02-26 12:39:00,-0.1817251246284286
2019-02-26 12:42:00,-0.21139440568634882
2019-02-26 12:45:00,-0.1784786869824302
2019-02-26 12:48:00,-0.17580106610824942
2019-02-26 12:51:00,-0.15157271213081458
2019-02-26 12:54:00,-0.15856603019233262
2019-02-26 12:57:00,-0.15628409975613522
2019-02-26 13:00:00,-0.1899791329863092
2019-02-26 13:03:00,-0.15858343902249317
2019-02-26 13:06:00,-0.1372627777186608
2019-02-26 13:09:00,-0.19885522425522595
2019-02-26 13:12:00,-0.12462291428204253
2019-02-26 13:15:00,-0.06851756370735984
2019-02-26 13:18:00,-0.050004480837515075
2019-02-26 13:21:00,-0.09288595895515073
2019-02-26 13:24:00,-0.0195787058564747
2019-02-26 13:27:00,-0.06992908799156794
2019-02-26 13:30:00,-0.07560535512868682
2019-02-26 13:33:00,-0.13111326094724518
2019-02-26 13:36:00,-0.10400549437400741
2019-02-26 13:39:00,-0.054108566301465544
2019-02-26 13:42:00,0.008619117085231665
2019-02-26 13:45:00,-0.01653692670174678
2019-02-26 13:48:00,-0.07067336452183781
2019-02-26 13:51:00,-0.018439794489495398
2019-02-26 13:54:00,-0.14969545055697608
2019-02-26 13:57:00,-0.15555178998727115
2019-02-26 14:00:00,-0.15160026202232757
2019-02-26 14:03:00,-0.11705530497641803
2019-02-26 14:06:00,-0.2152215274221021
2019-02-26 14:09:00,-0.12672421210510265
2019-02-26 14:12:00,-0.19457653615324944
2019-02-26 14:15:00,-0.1672909772051412
2019-02-26 14:18:00,-0.2809661632271627
2019-02-26 14:21:00,-0.28371680312085346
2019-02-26 14:24:00,-0.15200287714708338
2019-02-26 14:27:00,-0.1630679433087039
2019-02-26 14:30:00,-0.08289714833335893
2019-02-26 14:33:00,-0.10059102877528403
2019-02-26 14:36:00,-0.03992965021092232
2019-02-26 14:39:00,-0.11234674305819681
2019-02-26 14:42:00,-0.07985208772078067
2019-02-26 14:45:00,-0.16028383220168507
2019-02-26 14:48:00,-0.17806017105874616
2019-02-26 14:51:00,-0.18908225113403887
2019-02-26 14:54:00,-0.1735283283871354
2019-02-26 14:57:00,-0.18946397823077632
2019-02-26 15:00:00,-0.22499121285596857
2019-02-26 15:03:00,-0.1833493288351633
2019-02-26 15:06:00,-0.12098110422334685
2019-02-26 15:09:00,-0.12557423068335538
2019-02-26 15:12:00,-0.19576045624762628
2019-02-26 15:15:00,-0.1831658687970048
2019-02-26 15:18:00,-0.20595773038905918
2019-02-26 15:21:00,-0.21000684625289523
2019-02-26 15:24:00,-0.2612728649778546
2019-02-26 15:27:00,-0.12223607853860585
2019-02-26 15:30:00,-0.18500641149199737
2019-02-26 15:33:00,-0.1876747156013039
2019-02-26 15:36:00,-0.16045317892439925
2019-02-26 15:39:00,-0.1202110913881711
2019-02-26 15:42:00,-0.0921926486466873
2019-02-26 15:45:00,-0.041437555286904626
2019-02-26 15:48:00,-0.000697743012437968
2019-02-26 15:51:00,0.036980393030887626
2019-02-26 15:54:00,0.031108466486728048
2019-02-26 15:57:00,0.13825039754448198
2019-02-26 16:00:00,0.16703305980223604
2019-02-26 16:03:00,0.23589589819613366
2019-02-26 16:06:00,0.2293131888689004
2019-02-26 16:09:00,0.1790237001321202
2019-02-26 16:12:00,0.21937589717083483
2019-02-26 16:15:00,0.2649190129642989
2019-02-26 16:18:00,0.31467638568778966
2019-02-26 16:21:00,0.27918906670782917
2019-02-26 16:24:00,0.19912808273852534
2019-02-26 16:27:00,0.15777300129678906
2019-02-26 16:30:00,-0.01755608963526356
2019-02-26 16:33:00,0.04045480949417879
2019-02-26 16:36:00,0.03348937184739498
2019-02-26 16:39:00,0.03239323293337293
2019-02-26 16:42:00,0.11462618844655026
2019-02-26 16:45:00,0.08758789913321152
2019-02-26 16:48:00,0.09132960226645537
2019-02-26 16:51:00,0.1393263272534
2019-02-26 16:54:00,0.12932570938880872
2019-02-26 16:57:00,0.17383222177682
2019-02-26 17:00:00,0.25090952846795744
2019-02-26 17:03:00,0.1594986691505369
2019-02-26 17:06:00,0.17389770629461054
2019-02-26 17:09:00,0.29953421278645465
2019-02-26 17:12:00,0.34768757102472136
2019-02-26 17:15:00,0.3528833241357461
2019-02-26 17:18:00,0.2944889995836206
2019-02-26 17:21:00,0.19704642656171245
2019-02-26 17:24:00,0.18041813960837771
2019-02-26 17:27:00,0.17412602314482228
2019-02-26 17:30:00,0.14103844894185613
2019-02-26 17:33:00,0.37257892306820395
2019-02-26 17:36:00,0.29423904639884313
2019-02-26 17:39:00,0.38721556576933835
2019-02-26 17:42:00,0.35643441411502863
2019-02-26 17:45:00,0.3376413137846157
2019-02-26 17:48:00,0.4495046696399072
2019-02-26 17:51:00,0.43245520956168093
2019-02-26 17:54:00,0.4231369476840996
2019-02-26 17:57:00,0.2955201701678334
2019-02-26 18:00:00,0.21361905320617325
2019-02-26 18:03:00,0.20885260880777423
2019-02-26 18:06:00,0.3555015398488308
2019-02-26 18:09:00,0.21734244815991133
2019-02-26 18:12:00,0.2367986296970912
2019-02-26 18:15:00,0.29520792600550294
2019-02-26 18:18:00,0.2160036998007513
2019-02-26 18:21:00,0.2548754052130562
2019-02-26 18:24:00,0.2875585425362033
2019-02-26 18:27:00,0.29706594226706784
2019-02-26 18:30:00,0.31546400929209995
2019-02-26 18:33:00,0.3191243901168832
2019-02-26 18:36:00,0.3139592411999388
2019-02-26 18:39:00,0.2544529064729204
2019-02-26 18:42:00,0.20160141395831488
2019-02-26 18:45:00,0.24315373104678883
2019-02-26 18:48:00,0.24321214089212617
2019-02-26 18:51:00,0.30541679147052037
2019-02-26 18:54:00,
2019-02-26 18:57:00,
2019-02-26 19:00:00,
2019-02-26 19:03:00,0.35452139540524286
2019-02-26 19:06:00,0.3527070226290334
2019-02-26 19:09:00,0.33053554501856297
2019-02-26 19:12:00,0.48798215322517535
2019-02-26 19:15:00,0.5444873053195352
2019-02-26 19:18:00,0.489251548226207
2019-02-26 19:21:00,0.4124629990383255
2019-02-26 19:24:00,0.39024173632941483
2019-02-26 19:27:00,0.5007503915192046
2019-02-26 19:30:00,0.455155193044277
2019-02-26 19:33:00,0.5460741019055035
2019-02-26 19:36:00,0.4922231722495667
2019-02-26 19:39:00,0.4656423644210008
2019-02-26 19:42:00,0.5248711503073196
2019-02-26 19:45:00,0.5061377873944934
2019-02-26 19:48:00,0.4572809711065702
2019-02-26 19:51:00,0.45556812100232946
2019-02-26 19:54:00,0.4015002355143338
2019-02-26 19:57:00,0.4108863860876113
2019-02-26 20:00:00,0.3302942229431096
2019-02-26 20:03:00,0.34566399144779325
2019-02-26 20:06:00,0.3726914830268129
2019-02-26 20:09:00,0.42071705493941636
2019-02-26 20:12:00,0.49474183900218804
2019-02-26 20:15:00,0.5269681760338472
2019-02-26 20:18:00,0.5148547410308879
2019-02-26 20:21:00,0.5121290412275243
2019-02-26 20:24:00,0.5728493668089527
2019-02-26 20:27:00,0.572259000891961
2019-02-26 20:30:00,0.5640094160654598
2019-02-26 20:33:00,0.5618474441515673
2019-02-26 20:36:00,0.6228762589595362
2019-02-26 20:39:00,0.5954470302003187
2019-02-26 20:42:00,0.603979432199651
2019-02-26 20:45:00,0.5255561596646317
2019-02-26 20:48:00,0.5735007283587379
2019-02-26 20:51:00,0.5749385583665116
2019-02-26 20:54:00,0.4421225235724364
2019-02-26 20:57:00,0.48358942507542224
2019-02-26 21:00:00,0.4649274975128037
2019-02-26 21:03:00,0.4379995378553758
2019-02-26 21:06:00,0.36017338415689437
2019-02-26 21:09:00,0.2639903217645383
2019-02-26 21:12:00,0.3061238621159532
2019-02-26 21:15:00,0.2807057680198568
2019-02-26 21:18:00,0.36017682838433984
2019-02-26 21:21:00,0.3759848860084958
2019-02-26 21:24:00,0.4985907068851816
2019-02-26 21:27:00,0.43046668125964516
2019-02-26 21:30:00,0.4252228045487527
2019-02-26 21:33:00,0.3756073249880387
2019-02-26 21:36:00,0.37217411400365563
2019-02-26 21:39:00,0.468141946546325
2019-02-26 21:42:00,0.44108919659646517
2019-02-26 21:45:00,0.49084266341543525
2019-02-26 21:48:00,0.4830230130027644
2019-02-26 21:51:00,0.38487265345764854
2019-02-26 21:54:00,0.4516218532104972
2019-02-26 21:57:00,0.42633588217483975
2019-02-26 22:00:00,0.4383444825570564
2019-02-26 22:03:00,0.37374710134736233
2019-02-26 22:06:00,0.38981250042570537
2019-02-26 22:09:00,0.41661469685345764
2019-02-26 22:12:00,0.40119373578875184
2019-02-26 22:15:00,0.3310506849488206
2019-02-26 22:18:00,0.2890890214275714
2019-02-26 22:21:00,0.3522795614106826
2019-02-26 22:24:00,0.3609119688100577
2019-02-26 22:27:00,0.4339177362843998
2019-02-26 22:30:00,0.44002416807984446
2019-02-26 22:33:00,0.2502234753922039
2019-02-26 22:36:00,0.2490942362600208
2019-02-26 22:39:00,0.40867441137726246
2019-02-26 22:42:00,0.4146316515639228
2019-02-26 22:45:00,0.44007100834846824
2019-02-26 22:48:00,0.4660739808341532
2019-02-26 22:51:00,0.3530755825867118
2019-02-26 22:54:00,0.42349502720259125
2019-02-26 22:57:00,0.39946812195199755
2019-02-26 23:00:00,0.3331914314906044
2019-02-26 23:03:00,0.3602848480962848
2019-02-26 23:06:00,0.35248504112138335
2019-02-26 23:09:00,0.3831981363308046
2019-02-26 23:12:00,0.3929654258949995
2019-02-26 23:15:00,0.4225120114429046
2019-02-26 23:18:00,0.3863773027607067
2019-02-26 23:21:00,0.3856459432395809
2019-02-26 23:24:00,0.39876605070139703
2019-02-26 23:27:00,0.3620719315623546
2019-02-26 23:30:00,0.5064128517082622
2019-02-26 23:33:00,0.42342566325277176
2019-02-26 23:36:00,0.40950598240800673
2019-02-26 23:39:00,0.39078896715193423
2019-02-26 23:42:00,0.4541526649962293
2019-02-26 23:45:00,0.38806375618531774
2019-02-26 23:48:00,0.45611419420885113
2019-02-26 23:51:00,0.5267619476320533
2019-02-26 23:54:00,0.4297028840299504
2019-02-26 23:57:00,0.43492206612825157
2019-02-27 00:00:00,0.4684882021912813
2019-02-27 00:03:00,0.4074008182351463
2019-02-27 00:06:00,0.520231851736412
2019-02-27 00:09:00,0.5068963228356438
2019-02-27 00:12:00,0.4615119612369085
2019-02-27 00:15:00,0.42767867810039206
2019-02-27 00:18:00,0.41870438330630577
2019-02-27 00:21:00,0.535898401899658
2019-02-27 00:24:00,0.5571138336154036
2019-02-27 00:27:00,0.4312585663917048
2019-02-27 00:30:00,0.4308769686784899
2019-02-27 00:33:00,0.4521765806970848
2019-02-27 00:36:00,0.3715023994396347
2019-02-27 00:39:00,0.4899468016314472
2019-02-27 00:42:00,0.41464165202040704
2019-02-27 00:45:00,0.40045558786312085
2019-02-27 00:48:00,0.39965908622906454
2019-02-27 00:51:00,0.4737305159120524
2019-02-27 00:54:00,0.463469711276673
2019-02-27 00:57:00,0.3572445560582196
2019-02-27 01:00:00,0.5173911983108042
2019-02-27 01:03:00,0.3745021645891029
2019-02-27 01:06:00,0.47073842175251457
2019-02-27 01:09:00,0.5027366355761274
2019-02-27 01:12:00,0.5333551817720945
2019-02-27 01:15:00,0.4788531591124183
2019-02-27 01:18:00,0.40485822260745863
2019-02-27 01:21:00,0.3576563977878777
2019-02-27 01:24:00,0.43571211380992736
2019-02-27 01:27:00,0.4078549339795927
2019-02-27 01:30:00,0.41839420666485694
2019-02-27 01:33:00,0.4664868418093988
2019-02-27 01:36:00,0.4113572215173349
2019-02-27 01:39:00,0.36203833490753823
2019-02-27 01:42:00,0.4668797361483712
2019-02-27 01:45:00,0.5064047283686932
2019-02-27 01:48:00,0.46734076154905324
2019-02-27 01:51:00,0.4508047911214703
2019-02-27 01:54:00,0.4199894031094118
2019-02-27 01:57:00,0.36987317747525594
2019-02-27 02:00:00,0.4237091834626199
2019-02-27 02:03:00,0.35586990247713857
2019-02-27 02:06:00,0.4192238199117355
2019-02-27 02:09:00,0.37643911420173026
2019-02-27 02:12:00,0.40813307445012015
2019-02-27 02:15:00,0.367167971596416
2019-02-27 02:18:00,0.3770366242883938
2019-02-27 02:21:00,0.39390451944439064
2019-02-27 02:24:00,0.4574731002128942
2019-02-27 02:27:00,0.3735208633270304
2019-02-27 02:30:00,0.3607836500607391
2019-02-27 02:33:00,0.43071088626402343
2019-02-27 02:36:00,0.4920884074962828
2019-02-27 02:39:00,0.2664121786072542
2019-02-27 02:42:00,0.44418130761994234
2019-02-27 02:45:00,0.36906864546455154
2019-02-27 02:48:00,0.36806059716263917
2019-02-27 02:51:00,0.42835101219714034
2019-02-27 02:54:00,0.4505423416014196
2019-02-27 02:57:00,0.43681853285107763
2019-02-27 03:00:00,0.48421659460080946
2019-02-27 03:03:00,0.3497840024243146
2019-02-27 03:06:00,0.4497514814827923
2019-02-27 03:09:00,0.35744452425143436
2019-02-27 03:12:00,0.4278884828215155
2019-02-27 03:15:00,0.39558066789834356
2019-02-27 03:18:00,0.36937615942753155
2019-02-27 03:21:00,0.3639095804572321
2019-02-27 03:24:00,0.45355212521866406
2019-02-27 03:27:00,0.3979964932369171
2019-02-27 03:30:00,0.42826872052978615
2019-02-27 03:33:00,0.2973702129564231
2019-02-27 03:36:00,0.3835372825735135
2019-02-27 03:39:00,0.38258304739002824
2019-02-27 03:42:00,0.3581092682820781
2019-02-27 03:45:00,0.4589740617682878
2019-02-27 03:48:00,0.38969693353226376
2019-02-27 03:51:00,0.38478245132193933
2019-02-27 03:54:00,0.3595476382182028
2019-02-27 03:57:00,0.3722968037885721
2019-02-27 04:00:00,0.2708349947736792
2019-02-27 04:03:00,0.3950257832235593
2019-02-27 04:06:00,0.44669038290317076
2019-02-27 04:09:00,0.3306164220235246
2019-02-27 04:12:00,0.2957156493778257
2019-02-27 04:15:00,0.33946959342540595
2019-02-27 04:18:00,0.4355898951317272
2019-02-27 04:21:00,0.42659944657486903
2019-02-27 04:24:00,0.4594625470857068
2019-02-27 04:27:00,0.32876209484419405
2019-02-27 04:30:00,0.37160479588089856
2019-02-27 04:33:00,0.41090325619649093
2019-02-27 04:36:00,0.3824948963506358
2019-02-27 04:39:00,0.37936318943974356
2019-02-27 04:42:00,0.4462269875547804
2019-02-27 04:45:00,0.30297680146532
2019-02-27 04:48:00,0.32835543252969046
2019-02-27 04:51:00,0.4282148450666341
2019-02-27 04:54:00,0.39232182762231105
2019-02-27 04:57:00,0.25383051831204284
2019-02-27 05:00:00,0.2731168695501083
2019-02-27 05:03:00,0.4404614800872082
2019-02-27 05:06:00,0.3516708491730469
2019-02-27 05:09:00,0.37903177032143276
2019-02-27 05:12:00,0.5142626050651984
2019-02-27 05:15:00,0.25182323957636754
2019-02-27 05:18:00,0.3087061068703747
2019-02-27 05:21:00,0.30139582591380076
2019-02-27 05:24:00,0.3655024441383148
2019-02-27 05:27:00,0.4053638651646452
2019-02-27 05:30:00,0.41765192719901734
2019-02-27 05:33:00,0.3773598892979635
2019-02-27 05:36:00,0.42519841214470944
2019-02-27 05:39:00,0.38956673106832795
2019-02-27 05:42:00,0.4376050654121286
2019-02-27 05:45:00,0.31389422181371174
2019-02-27 05:48:00,0.380988083384068
2019-02-27 05:51:00,0.27526698178866127
2019-02-27 05:54:00,0.44592886196699055
2019-02-27 05:57:00,0.4212301235187397
2019-02-27 06:00:00,0.4608527524966348
2019-02-27 06:03:00,0.42598851589042397
2019-02-27 06:06:00,0.47638280533089983
2019-02-27 06:09:00,0.5649852275969351
2019-02-27 06:12:00,0.4735283656686988
2019-02-27 06:15:00,0.5831408842777819
2019-02-27 06:18:00,0.545304527851215
2019-02-27 06:21:00,0.4717324625808601
2019-02-27 06:24:00,0.42007525884076813
2019-02-27 06:27:00,0.42943529968835037
2019-02-27 06:30:00,0.4161628406463933
2019-02-27 06:33:00,0.47570262548981646
2019-02-27 06:36:00,0.4951244746935686
2019-02-27 06:39:00,0.584785568199834
2019-02-27 06:42:00,0.5226056747055736
2019-02-27 06:45:00,0.5125664398495928
2019-02-27 06:48:00,0.4718233650964976
2019-02-27 06:51:00,0.4899362954231492
2019-02-27 06:54:00,0.5919524699307317
2019-02-27 06:57:00,0.6070575213536813
2019-02-27 07:00:00,0.5926735581316507
2019-02-27 07:03:00,0.5829331852617088
2019-02-27 07:06:00,0.6138891869717895
2019-02-27 07:09:00,0.6340756036544803
2019-02-27 07:12:00,0.6143625663631269
2019-02-27 07:15:00,0.6110032305321624
2019-02-27 07:18:00,0.5968531393662033
2019-02-27 07:21:00,0.47493983133068696
2019-02-27 07:24:00,0.4854891771452685
2019-02-27 07:27:00,0.5532028874632147
2019-02-27 07:30:00,0.455912579331482
2019-02-27 07:33:00,0.5302913328180239
2019-02-27 07:36:00,0.5687999106749544
2019-02-27 07:39:00,0.5042298476033693
2019-02-27 07:42:00,0.5932070822026958
2019-02-27 07:45:00,0.47726516300917865
2019-02-27 07:48:00,0.43976317041767743
2019-02-27 07:51:00,0.3519475463645563
2019-02-27 07:54:00,0.355605533326127
2019-02-27 07:57:00,0.40440594949137676
2019-02-27 08:00:00,0.4154522278760737
2019-02-27 08:03:00,0.5117593946113743
2019-02-27 08:06:00,0.4225765735355367
2019-02-27 08:09:00,0.4375271735772799
2019-02-27 08:12:00,0.3872280307604683
2019-02-27 08:15:00,0.5045688519169289
2019-02-27 08:18:00,0.5111400574281788
2019-02-27 08:21:00,0.5372050825113774
2019-02-27 08:24:00,0.42887053755430316
2019-02-27 08:27:00,0.35927060181444403
2019-02-27 08:30:00,0.444201130541785
2019-02-27 08:33:00,0.4645198545137532
2019-02-27 08:36:00,0.45705231714157435
2019-02-27 08:39:00,0.42626654546501186
2019-02-27 08:42:00,0.3264703538371805
2019-02-27 08:45:00,0.3945005707819291
2019-02-27 08:48:00,0.4178394731392814
2019-02-27 08:51:00,0.4325680489370143
2019-02-27 08:54:00,0.4179893332653819
2019-02-27 08:57:00,0.34469284747871143
2019-02-27 09:00:00,0.42491754520108316
2019-02-27 09:03:00,0.3664336024400541
2019-02-27 09:06:00,0.3398028976724845
2019-02-27 09:09:00,0.3453875661878669
2019-02-27 09:12:00,0.40613071832552805
2019-02-27 09:15:00,0.42411701293139004
2019-02-27 09:18:00,0.41505798598058163
2019-02-27 09:21:00,0.43873716827482667
2019-02-27 09:24:00,0.4068899077909691
2019-02-27 09:27:00,0.43482974966650545
2019-02-27 09:30:00,0.3928927603332113
2019-02-27 09:33:00,0.3856429342353067
2019-02-27 09:36:00,0.4644097521711501
2019-02-27 09:39:00,0.36484251563575754
2019-02-27 09:42:00,0.3339095893418289
2019-02-27 09:45:00,0.362493599028312
2019-02-27 09:48:00,0.3527247407546952
2019-02-27 09:51:00,0.47697495573964943
2019-02-27 09:54:00,0.34169070657674183
2019-02-27 09:57:00,0.37010109177248296
2019-02-27 10:00:00,0.3327932199928796
2019-02-27 10:03:00,0.39150135786968576
2019-02-27 10:06:00,0.3605735945419042
2019-02-27 10:09:00,0.38784511619689965
2019-02-27 10:12:00,0.3211964461182788
2019-02-27 10:15:00,0.39631682157153136
2019-02-27 10:18:00,0.3243472210808136
2019-02-27 10:21:00,0.34885634608735927
2019-02-27 10:24:00,0.3245081010148283
2019-02-27 10:27:00,0.2805729331568614
2019-02-27 10:30:00,0.34000136433456873
2019-02-27 10:33:00,0.2895166458592371
2019-02-27 10:36:00,0.394131612052945
2019-02-27 10:39:00,0.3894598234326736
2019-02-27 10:42:00,0.361746483331558
2019-02-27 10:45:00,0.4002325090626755
2019-02-27 10:48:00,0.3335571964165638
2019-02-27 10:51:00,0.3103819205956597
2019-02-27 10:54:00,0.2535619815886889
2019-02-27 10:57:00,0.3413261965058041
2019-02-27 11:00:00,0.2952299378906673
2019-02-27 11:03:00,0.3888470115436462
2019-02-27 11:06:00,0.3904312490827806
2019-02-27 11:09:00,0.30550561514712626
2019-02-27 11:12:00,0.3761403783976789
2019-02-27 11:15:00,0.29277472555293116
2019-02-27 11:18:00,0.2990834732399321
2019-02-27 11:21:00,0.3041549553132086
2019-02-27 11:24:00,0.3565036265707704
2019-02-27 11:27:00,0.2945975467596327
2019-02-27 11:30:00,0.35338582989862743
2019-02-27 11:33:00,0.2442147777428545
2019-02-27 11:36:00,0.4134924065251653
2019-02-27 11:39:00,0.280815225282538
2019-02-27 11:42:00,0.23279811289728514
2019-02-27 11:45:00,0.31054609033918723
2019-02-27 11:48:00,0.3332567929223842
2019-02-27 11:51:00,0.26825658993521984
2019-02-27 11:54:00,0.29147279641057366
2019-02-27 11:57:00,0.3125789909662444
2019-02-27 12:00:00,0.2923901223963412
2019-02-27 12:03:00,0.3159367765885577
2019-02-27 12:06:00,0.16529459922696788
2019-02-27 12:09:00,0.22982353719999082
2019-02-27 12:12:00,0.2470902009969791
2019-02-27 12:15:00,0.27566312834642304
2019-02-27 12:18:00,0.22100613973657346
2019-02-27 12:21:00,0.23792146384806756
2019-02-27 12:24:00,0.22144909172266125
2019-02-27 12:27:00,0.11008583248502646
2019-02-27 12:30:00,0.1405999549510284
2019-02-27 12:33:00,0.1553616868006884
2019-02-27 12:36:00,0.03765575849047309
2019-02-27 12:39:00,0.21549476486649155
2019-02-27 12:42:00,0.15948164355745575
2019-02-27 12:45:00,0.12975457108240107
2019-02-27 12:48:00,0.12997226852445465
2019-02-27 12:51:00,0.1653325244638495
2019-02-27 12:54:00,0.04609423146678182
2019-02-27 12:57:00,0.08390649105314196
2019-02-27 13:00:00,0.04398491227897239
2019-02-27 13:03:00,0.06495701852628599
2019-02-27 13:06:00,0.04483272423681228
2019-02-27 13:09:00,-0.004385230941011287
2019-02-27 13:12:00,0.08045835949315006
2019-02-27 13:15:00,0.01627257905136048
2019-02-27 13:18:00,0.04678426663508617
2019-02-27 13:21:00,-0.07343978518122185
2019-02-27 13:24:00,0.010719907689406227
2019-02-27 13:27:00,-0.04467880865871621
2019-02-27 13:30:00,-0.0730078542865158
2019-02-27 13:33:00,-0.15729644057148562
2019-02-27 13:36:00,0.0055670604477313645
2019-02-27 13:39:00,-0.008969390309459868
2019-02-27 13:42:00,-0.016624115857666766
2019-02-27 13:45:00,-0.0830403015420984
2019-02-27 13:48:00,-0.015749671189041692
2019-02-27 13:51:00,-0.011826706007525445
2019-02-27 13:54:00,-0.04848374890923424
2019-02-27 13:57:00,-0.06750961894778129
2019-02-27 14:00:00,-0.11237505557465965
2019-02-27 14:03:00,-0.06945731819382672
2019-02-27 14:06:00,-0.009039272673874166
2019-02-27 14:09:00,0.030729577539602815
2019-02-27 14:12:00,-0.020827547232784127
2019-02-27 14:15:00,0.04717630700383779
2019-02-27 14:18:00,-0.01571406449522783
2019-02-27 14:21:00,-0.09943797919413555
2019-02-27 14:24:00,-0.06063919527508688
2019-02-27 14:27:00,-0.028757069002210756
2019-02-27 14:30:00,-0.11107749212345652
2019-02-27 14:33:00,-0.02785415777890421
2019-02-27 14:36:00,-0.0013786842798140242
2019-02-27 14:39:00,-0.03443513544777943
2019-02-27 14:42:00,-0.016090427746576097
2019-02-27 14:45:00,0.010480142904782497
2019-02-27 14:48:00,-0.010486471957676713
2019-02-27 14:51:00,-0.10508597685378618
2019-02-27 14:54:00,-3.9980476913115126e-05
2019-02-27 14:57:00,-0.051234275472836543
2019-02-27 15:00:00,-0.08284998248075226
2019-02-27 15:03:00,-0.1244385460819899
2019-02-27 15:06:00,-0.02136683362249414
2019-02-27 15:09:00,-0.08221648276526139
2019-02-27 15:12:00,-0.09277630794599645
2019-02-27 15:15:00,-0.1066483195348269
2019-02-27 15:18:00,-0.01839749638156718
2019-02-27 15:21:00,-0.08459510291788774
2019-02-27 15:24:00,-0.08282805829469453
2019-02-27 15:27:00,-0.1743637569401244
2019-02-27 15:30:00,-0.04549925278627143
2019-02-27 15:33:00,-0.11831567185993208
2019-02-27 15:36:00,-0.11088983812481956
2019-02-27 15:39:00,-0.18736344818995576
2019-02-27 15:42:00,-0.19422409357019887
2019-02-27 15:45:00,-0.2228025099772708
2019-02-27 15:48:00,-0.2876415002814383
2019-02-27 15:51:00,-0.13016669505714162
2019-02-27 15:54:00,-0.11353674555124371
2019-02-27 15:57:00,-0.21181478252191255
2019-02-27 16:00:00,-0.07518689398671086
2019-02-27 16:03:00,-0.13623682073455257
2019-02-27 16:06:00,-0.1492429396364514
2019-02-27 16:09:00,-0.16870707462328483
2019-02-27 16:12:00,-0.15372491779237407
2019-02-27 16:15:00,-0.25916033680368855
2019-02-27 16:18:00,-0.216811785598793
2019-02-27 16:21:00,-0.1648988014128463
2019-02-27 16:24:00,-0.2559060835235414
2019-02-27 16:27:00,-0.24020955362522045
2019-02-27 16:30:00,-0.28262438190353123
2019-02-27 16:33:00,-0.1774065400805398
2019-02-27 16:36:00,-0.1516854154525049
2019-02-27 16:39:00,-0.058535510231536136
2019-02-27 16:42:00,-0.07296117110792011
2019-02-27 16:45:00,-0.09953100146657334
2019-02-27 16:48:00,-0.13947507906107148
2019-02-27 16:51:00,-0.013914981366951906
2019-02-27 16:54:00,-0.00726872120628741
2019-02-27 16:57:00,-0.006840999364158051
2019-02-27 17:00:00,0.07725575788572314
2019-02-27 17:03:00,0.11762996764713307
2019-02-27 17:06:00,0.18012382808927896
2019-02-27 17:09:00,-0.014690347830025985
2019-02-27 17:12:00,0.06626707156965495
2019-02-27 17:15:00,0.08364610775822712
2019-02-27 17:18:00,0.09935369334090183
2019-02-27 17:21:00,0.19602112831762497
2019-02-27 17:24:00,0.20564745819217478
2019-02-27 17:27:00,0.19389901940957088
2019-02-27 17:30:00,0.1541746594288611
2019-02-27 17:33:00,0.09751523057565237
2019-02-27 17:36:00,0.0015855896381822276
2019-02-27 17:39:00,0.03939827261507389
2019-02-27 17:42:00,0.08299591673966233
2019-02-27 17:45:00,0.043448587870386746
2019-02-27 17:48:00,0.06485519131393858
2019-02-27 17:51:00,0.049477934881679175
2019-02-27 17:54:00,0.08907781862808406
2019-02-27 17:57:00,0.20675558261979177
2019-02-27 18:00:00,0.18354517560158
2019-02-27 18:03:00,0.09812344517177962
2019-02-27 18:06:00,0.0918210166698259
2019-02-27 18:09:00,0.18245386454890422
2019-02-27 18:12:00,0.12083414569536899
2019-02-27 18:15:00,0.18308970982781148
2019-02-27 18:18:00,0.10892744911279806
2019-02-27 18:21:00,0.1301254485973118
2019-02-27 18:24:00,0.11497042166791971
2019-02-27 18:27:00,0.16025666578786968
2019-02-27 18:30:00,0.12108839664398374
2019-02-27 18:33:00,0.22196693065092177
2019-02-27 18:36:00,0.3037281708806745
2019-02-27 18:39:00,0.298092762202657
2019-02-27 18:42:00,0.22185389765445507
2019-02-27 18:45:00,0.31641062808336073
2019-02-27 18:48:00,0.22102166550433822
2019-02-27 18:51:00,0.26935149436781103
2019-02-27 18:54:00,
2019-02-27 18:57:00,
2019-02-27 19:00:00,
2019-02-27 19:03:00,0.2861771735786647
2019-02-27 19:06:00,0.35430276897722024
2019-02-27 19:09:00,0.5129076756761037
2019-02-27 19:12:00,0.5582319619865075
2019-02-27 19:15:00,0.5298664563317175
2019-02-27 19:18:00,0.3598795735927638
2019-02-27 19:21:00,0.2428398933762992
2019-02-27 19:24:00,0.2525515712869719
2019-02-27 19:27:00,0.2349951478793173
2019-02-27 19:30:00,0.23584296673715244
2019-02-27 19:33:00,0.3114732162211453
2019-02-27 19:36:00,0.20520181061908715
2019-02-27 19:39:00,0.25232402754789973
2019-02-27 19:42:00,0.31677244503185875
2019-02-27 19:45:00,0.4729978664256578
2019-02-27 19:48:00,0.4450241578988994
2019-02-27 19:51:00,0.5316107382018345
2019-02-27 19:54:00,0.5302064467341552
2019-02-27 19:57:00,0.44642189732417137
2019-02-27 20:00:00,0.34094264638929417
2019-02-27 20:03:00,0.28825010008335994
2019-02-27 20:06:00,0.4011698370591148
2019-02-27 20:09:00,0.36891901121560977
2019-02-27 20:12:00,0.33089621775701517
2019-02-27 20:15:00,0.3281258247203027
2019-02-27 20:18:00,0.29543534124474036
2019-02-27 20:21:00,0.34485977239029353
2019-02-27 20:24:00,0.47832653108406475
2019-02-27 20:27:00,0.46754039556810767
2019-02-27 20:30:00,0.31718236899274643
2019-02-27 20:33:00,0.3619730393801319
2019-02-27 20:36:00,0.5079026428896327
2019-02-27 20:39:00,0.43917110437928386
2019-02-27 20:42:00,0.4502977748286412
2019-02-27 20:45:00,0.35734161885517324
2019-02-27 20:48:00,0.4212865864861328
2019-02-27 20:51:00,0.41121374222529994
2019-02-27 20:54:00,0.3611281808945819
2019-02-27 20:57:00,0.342213911027045
2019-02-27 21:00:00,0.379625172648673
2019-02-27 21:03:00,0.3727751770809391
2019-02-27 21:06:00,0.3318540510787784
2019-02-27 21:09:00,0.35201021482771466
2019-02-27 21:12:00,0.3576385366861814
2019-02-27 21:15:00,0.31730153582498133
2019-02-27 21:18:00,0.2515169200678997
2019-02-27 21:21:00,0.2389441922157971
2019-02-27 21:24:00,0.26757282548993544
2019-02-27 21:27:00,0.36515803744282493
2019-02-27 21:30:00,0.25866366710067723
2019-02-27 21:33:00,0.25275837955240377
2019-02-27 21:36:00,0.27402280345222607
2019-02-27 21:39:00,0.3530458992626677
2019-02-27 21:42:00,0.3581011100208684
2019-02-27 21:45:00,0.36969365762990947
2019-02-27 21:48:00,0.3943100069985803
2019-02-27 21:51:00,0.4012089251973521
2019-02-27 21:54:00,0.3282097448840773
2019-02-27 21:57:00,0.43198148481724274
2019-02-27 22:00:00,0.49441101181128033
2019-02-27 22:03:00,0.4528999265365883
2019-02-27 22:06:00,0.5460829467651251
2019-02-27 22:09:00,0.43366399267478073
2019-02-27 22:12:00,0.44083210491356795
2019-02-27 22:15:00,0.41293416239790304
2019-02-27 22:18:00,0.44038437093371385
2019-02-27 22:21:00,0.3297341330089125
2019-02-27 22:24:00,0.3366682367902172
2019-02-27 22:27:00,0.36546982741560896
2019-02-27 22:30:00,0.3558307414901378
2019-02-27 22:33:00,0.3293054344471784
2019-02-27 22:36:00,0.3442305574576494
2019-02-27 22:39:00,0.39429362013839864
2019-02-27 22:42:00,0.39722329680620305
2019-02-27 22:45:00,0.3029601261826542
2019-02-27 22:48:00,0.32629179313221357
2019-02-27 22:51:00,0.3342828049979971
2019-02-27 22:54:00,0.3864792854635084
2019-02-27 22:57:00,0.28873380908726176
2019-02-27 23:00:00,0.32804850548035347
2019-02-27 23:03:00,0.4031648005374109
2019-02-27 23:06:00,0.40969886044234727
2019-02-27 23:09:00,0.4241580723658558
2019-02-27 23:12:00,0.33219325234182406
2019-02-27 23:15:00,0.48563215264829296
2019-02-27 23:18:00,0.48227331083819536
2019-02-27 23:21:00,0.35858012202839973
2019-02-27 23:24:00,0.3545548532917451
2019-02-27 23:27:00,0.4390904505855815
2019-02-27 23:30:00,0.3451750707618544
2019-02-27 23:33:00,0.32502595616227836
2019-02-27 23:36:00,0.4116772853847692
2019-02-27 23:39:00,0.3884260940639024
2019-02-27 23:42:00,0.39511110433664953
2019-02-27 23:45:00,0.3252061479815893
2019-02-27 23:48:00,0.31496472780992235
2019-02-27 23:51:00,0.36568761789806103
2019-02-27 23:54:00,0.3355954122206981
2019-02-27 23:57:00,0.45665420053649086
2019-02-28 00:00:00,0.27475412123760634
2019-02-28 00:03:00,0.40757363944874214
2019-02-28 00:06:00,0.42370735042931074
2019-02-28 00:09:00,0.34251517109288443
2019-02-28 00:12:00,0.30179266233039925
2019-02-28 00:15:00,0.4082720266449087
2019-02-28 00:18:00,0.3662397061877982
2019-02-28 00:21:00,0.3658015885362147
2019-02-28 00:24:00,0.29130340693183143
2019-02-28 00:27:00,0.3895818038893708
2019-02-28 00:30:00,0.4122023247180664
2019-02-28 00:33:00,0.3667817149447501
2019-02-28 00:36:00,0.4358745321144397
2019-02-28 00:39:00,0.37311360512933334
2019-02-28 00:42:00,0.38287663830152496
2019-02-28 00:45:00,0.3582862347695368
2019-02-28 00:48:00,0.3750258407266074
2019-02-28 00:51:00,0.45498270444858235
2019-02-28 00:54:00,0.424092985196296
2019-02-28 00:57:00,0.3824912266402407
2019-02-28 01:00:00,0.3780316169708158
2019-02-28 01:03:00,0.3736842004706773
2019-02-28 01:06:00,0.4731794798884721
2019-02-28 01:09:00,0.37004340506774724
2019-02-28 01:12:00,0.47355647869142103
2019-02-28 01:15:00,0.316537232299936
2019-02-28 01:18:00,0.42515888523473677
2019-02-28 01:21:00,0.4514403603135406
2019-02-28 01:24:00,0.38526465575768043
2019-02-28 01:27:00,0.3626949527587726
2019-02-28 01:30:00,0.4427793701537439
2019-02-28 01:33:00,0.4425111111528395
2019-02-28 01:36:00,0.4300967890693528
2019-02-28 01:39:00,0.33533676491549613
2019-02-28 01:42:00,0.33060065078421985
2019-02-28 01:45:00,0.3357010266628322
2019-02-28 01:48:00,0.4520679455055756
2019-02-28 01:51:00,0.36633665643273616
2019-02-28 01:54:00,0.4020963465852674
2019-02-28 01:57:00,0.3553047951585313
2019-02-28 02:00:00,0.280852392458371
2019-02-28 02:03:00,0.3951986291312437
2019-02-28 02:06:00,0.4350705964162671
2019-02-28 02:09:00,0.399365446864806
2019-02-28 02:12:00,0.39407661887156564
2019-02-28 02:15:00,0.3491712630832353
2019-02-28 02:18:00,0.31659512397129674
2019-02-28 02:21:00,0.30788187565343605
2019-02-28 02:24:00,0.4162743330279568
2019-02-28 02:27:00,0.4265368333265087
2019-02-28 02:30:00,0.303037105462181
2019-02-28 02:33:00,0.3357450982141472
2019-02-28 02:36:00,0.3594372773369514
2019-02-28 02:39:00,0.4462095154600547
2019-02-28 02:42:00,0.36839789902489883
2019-02-28 02:45:00,0.3588348468890672
2019-02-28 02:48:00,0.3923512692021518
2019-02-28 02:51:00,0.32851348910503475
2019-02-28 02:54:00,0.4548322040625976
2019-02-28 02:57:00,0.34432737494051935
2019-02-28 03:00:00,0.451000199936459
2019-02-28 03:03:00,0.38557212662078655
2019-02-28 03:06:00,0.363960969701111
2019-02-28 03:09:00,0.3505116912966173
2019-02-28 03:12:00,0.32840519216517805
2019-02-28 03:15:00,0.4404651169233489
2019-02-28 03:18:00,0.3394028969171927
2019-02-28 03:21:00,0.5226260111967349
2019-02-28 03:24:00,0.40459915628497356
2019-02-28 03:27:00,0.41535541866289805
2019-02-28 03:30:00,0.4366761139308437
2019-02-28 03:33:00,0.4033010268130397
2019-02-28 03:36:00,0.39170917428094754
2019-02-28 03:39:00,0.3872820899553062
2019-02-28 03:42:00,0.36759955883377415
2019-02-28 03:45:00,0.49006958578041804
2019-02-28 03:48:00,0.37275068567316794
2019-02-28 03:51:00,0.42056516406620403
2019-02-28 03:54:00,0.39423094155614535
2019-02-28 03:57:00,0.3545264638541994
2019-02-28 04:00:00,0.36980775195110027
2019-02-28 04:03:00,0.3973470239781136
2019-02-28 04:06:00,0.4156348517007018
2019-02-28 04:09:00,0.35857377794309286
2019-02-28 04:12:00,0.34710342034844643
2019-02-28 04:15:00,0.3311579157265214
2019-02-28 04:18:00,0.38041070187352943
2019-02-28 04:21:00,0.41829085216716066
2019-02-28 04:24:00,0.42265942180904403
2019-02-28 04:27:00,0.3807856606076143
2019-02-28 04:30:00,0.4699322697443904
2019-02-28 04:33:00,0.4188310509779285
2019-02-28 04:36:00,0.3941531618763747
2019-02-28 04:39:00,0.4425455116824537
2019-02-28 04:42:00,0.3508259906660669
2019-02-28 04:45:00,0.4927927641896872
2019-02-28 04:48:00,0.4442862299832768
2019-02-28 04:51:00,0.36341538384164096
2019-02-28 04:54:00,0.4141653808658816
2019-02-28 04:57:00,0.3457377473071688
2019-02-28 05:00:00,0.43034121553466775
2019-02-28 05:03:00,0.4374051766903335
2019-02-28 05:06:00,0.4831924899176556
2019-02-28 05:09:00,0.37947116646773793
2019-02-28 05:12:00,0.37698048283959906
2019-02-28 05:15:00,0.3422444017187445
2019-02-28 05:18:00,0.4160112454913474
2019-02-28 05:21:00,0.32901840424187867
2019-02-28 05:24:00,0.4691903930931858
2019-02-28 05:27:00,0.40853555374366124
2019-02-28 05:30:00,0.4590765387359852
2019-02-28 05:33:00,0.49262940074873995
2019-02-28 05:36:00,0.40334364211037155
2019-02-28 05:39:00,0.42622204284521104
2019-02-28 05:42:00,0.4580345559515422
2019-02-28 05:45:00,0.39044173868501275
2019-02-28 05:48:00,0.36861509641244083
2019-02-28 05:51:00,0.5373611989451206
2019-02-28 05:54:00,0.4868736722677909
2019-02-28 05:57:00,0.4499363636183489
2019-02-28 06:00:00,0.3935775533551009
2019-02-28 06:03:00,0.36583253799221893
2019-02-28 06:06:00,0.40301102860797755
2019-02-28 06:09:00,0.3474463115055073
2019-02-28 06:12:00,0.3505544793131321
2019-02-28 06:15:00,0.4316569290518828
2019-02-28 06:18:00,0.4744122812455771
2019-02-28 06:21:00,0.4753417173189973
2019-02-28 06:24:00,0.3750774743804186
2019-02-28 06:27:00,0.4247195919620026
2019-02-28 06:30:00,0.30502808588840935
2019-02-28 06:33:00,0.41078813417681204
2019-02-28 06:36:00,0.48725670045541847
2019-02-28 06:39:00,0.388575555453599
2019-02-28 06:42:00,0.48258486398356126
2019-02-28 06:45:00,0.3853604378662112
2019-02-28 06:48:00,0.44904583138117005
2019-02-28 06:51:00,0.472989017174541
2019-02-28 06:54:00,0.4580107262819979
2019-02-28 06:57:00,0.33728800700851025
2019-02-28 07:00:00,0.4228536602026338
2019-02-28 07:03:00,0.3985751286967343
2019-02-28 07:06:00,0.43949904671961804
2019-02-28 07:09:00,0.47223480792877126
2019-02-28 07:12:00,0.492091898877959
2019-02-28 07:15:00,0.47556066768851224
2019-02-28 07:18:00,0.45719249927662986
2019-02-28 07:21:00,0.428381486257706
2019-02-28 07:24:00,0.44190167790475243
2019-02-28 07:27:00,0.42612062169763476
2019-02-28 07:30:00,0.4157205094090273
2019-02-28 07:33:00,0.4341736919712389
2019-02-28 07:36:00,0.4285106043806195
2019-02-28 07:39:00,0.39864616300161515
2019-02-28 07:42:00,0.3599607581444957
2019-02-28 07:45:00,0.4867091282060869
2019-02-28 07:48:00,0.35842817977083996
2019-02-28 07:51:00,0.3852060573549352
2019-02-28 07:54:00,0.37546027962764583
2019-02-28 07:57:00,0.40458776009825215
2019-02-28 08:00:00,0.3771385899712527
2019-02-28 08:03:00,0.45654213790356835
2019-02-28 08:06:00,0.2791134104469961
2019-02-28 08:09:00,0.2534449417246947
2019-02-28 08:12:00,0.4121135443498929
2019-02-28 08:15:00,0.30583190042545993
2019-02-28 08:18:00,0.3035153290198309
2019-02-28 08:21:00,0.26956443489677895
2019-02-28 08:24:00,0.27210840055585095
2019-02-28 08:27:00,0.3946047252693461
2019-02-28 08:30:00,0.27685779262026244
2019-02-28 08:33:00,0.4409121631668995
2019-02-28 08:36:00,0.25922508076541817
2019-02-28 08:39:00,0.3853469882755576
2019-02-28 08:42:00,0.41524061286708047
2019-02-28 08:45:00,0.28912685395459903
2019-02-28 08:48:00,0.27790497020055227
2019-02-28 08:51:00,0.3225968475817922
2019-02-28 08:54:00,0.24657637518464526
2019-02-28 08:57:00,0.24606876324708082
2019-02-28 09:00:00,0.2675372660365838
2019-02-28 09:03:00,0.24574299066529193
2019-02-28 09:06:00,0.25557180898113074
2019-02-28 09:09:00,0.2613602980132441
2019-02-28 09:12:00,0.20883757741734144
2019-02-28 09:15:00,0.19270324395387206
2019-02-28 09:18:00,0.237215912355623
2019-02-28 09:21:00,0.17777279234962862
2019-02-28 09:24:00,0.11219229796273567
2019-02-28 09:27:00,0.2167700670773911
2019-02-28 09:30:00,0.28646008320447436
2019-02-28 09:33:00,0.175568105726029
2019-02-28 09:36:00,0.10793105968338068
2019-02-28 09:39:00,0.16004162785316112
2019-02-28 09:42:00,0.18406189458710287
2019-02-28 09:45:00,0.06401827378732605
2019-02-28 09:48:00,0.07744162878555017
2019-02-28 09:51:00,0.17474595623190226
2019-02-28 09:54:00,-0.07619889545151182
2019-02-28 09:57:00,-0.0012051832055135492
2019-02-28 10:00:00,0.016603877764453046
2019-02-28 10:03:00,-0.009834947755791745
2019-02-28 10:06:00,-0.006611164320588614
2019-02-28 10:09:00,0.02439243573138583
2019-02-28 10:12:00,-0.029670360164345766
2019-02-28 10:15:00,0.06791624168221233
2019-02-28 10:18:00,-0.05885025046052306
2019-02-28 10:21:00,-0.07457980124780761
2019-02-28 10:24:00,-0.09064131947309306
2019-02-28 10:27:00,-0.10486295841343463
2019-02-28 10:30:00,-0.028516682755594047
2019-02-28 10:33:00,0.014026896254279109
2019-02-28 10:36:00,-0.03534899250638546
2019-02-28 10:39:00,0.01823976298311436
2019-02-28 10:42:00,-0.07758973739890962
2019-02-28 10:45:00,-0.042912459616502474
2019-02-28 10:48:00,-0.15501480559817082
2019-02-28 10:51:00,-0.05198190597889152
2019-02-28 10:54:00,0.01547723839507853
2019-02-28 10:57:00,-0.08939682438858654
2019-02-28 11:00:00,-0.18025982485585246
2019-02-28 11:03:00,-0.1310985199373249
2019-02-28 11:06:00,-0.20367208469787101
2019-02-28 11:09:00,-0.11664291319442555
2019-02-28 11:12:00,-0.10099749865997865
2019-02-28 11:15:00,-0.23652401803707335
2019-02-28 11:18:00,-0.2555833143008499
2019-02-28 11:21:00,-0.13922088127094412
2019-02-28 11:24:00,-0.17104962730508078
2019-02-28 11:27:00,-0.15551599070323618
2019-02-28 11:30:00,-0.15525181596785842
2019-02-28 11:33:00,-0.10531651401788622
2019-02-28 11:36:00,-0.16385954922321844
2019-02-28 11:39:00,-0.11844347860858306
2019-02-28 11:42:00,-0.09203796952454013
2019-02-28 11:45:00,-0.20646511361979947
2019-02-28 11:48:00,-0.17283803079317295
2019-02-28 11:51:00,-0.1617892515253061
2019-02-28 11:54:00,-0.13672217118556773
2019-02-28 11:57:00,-0.13870453753162337
2019-02-28 12:00:00,-0.19375173092089426
2019-02-28 12:03:00,-0.10808415074205868
2019-02-28 12:06:00,-0.04400271403210354
2019-02-28 12:09:00,-0.12162319902336094
2019-02-28 12:12:00,-0.05203484441437922
2019-02-28 12:15:00,-0.09906934421906044
2019-02-28 12:18:00,-0.15501895208933547
2019-02-28 12:21:00,-0.16987708930730605
2019-02-28 12:24:00,-0.22861449357242236
2019-02-28 12:27:00,-0.17978663618771407
2019-02-28 12:30:00,-0.15102086614064092
2019-02-28 12:33:00,-0.26595883491671657
2019-02-28 12:36:00,-0.16742555535142856
2019-02-28 12:39:00,-0.24781734820589918
2019-02-28 12:42:00,-0.2844444338531389
2019-02-28 12:45:00,-0.24271841782683623
2019-02-28 12:48:00,-0.12117301097202926
2019-02-28 12:51:00,-0.16166360751151387
2019-02-28 12:54:00,-0.2576183016911955
2019-02-28 12:57:00,-0.26599374350257676
2019-02-28 13:00:00,-0.29432489624565505
2019-02-28 13:03:00,-0.07933401222175007
2019-02-28 13:06:00,-0.19414198640083669
2019-02-28 13:09:00,-0.22598555344063698
2019-02-28 13:12:00,-0.2570648817785468
2019-02-28 13:15:00,-0.17425831971314665
2019-02-28 13:18:00,-0.2523970772825237
2019-02-28 13:21:00,-0.1974619468714991
2019-02-28 13:24:00,-0.3059164424759615
2019-02-28 13:27:00,-0.23293117394280216
2019-02-28 13:30:00,-0.14425463790053072
2019-02-28 13:33:00,-0.1348186785507437
2019-02-28 13:36:00,-0.23732907207306653
2019-02-28 13:39:00,-0.10146200497422342
2019-02-28 13:42:00,-0.12850091241165273
2019-02-28 13:45:00,-0.1262988962002396
2019-02-28 13:48:00,-0.08168977444148595
2019-02-28 13:51:00,-0.09621596353508721
2019-02-28 13:54:00,-0.12125344347504097
2019-02-28 13:57:00,-0.061475883586922464
2019-02-28 14:00:00,-0.027531886336475964
2019-02-28 14:03:00,-0.11056294150483836
2019-02-28 14:06:00,-0.1914206664372955
2019-02-28 14:09:00,-0.0976526732598586
2019-02-28 14:12:00,-0.16199225462605682
2019-02-28 14:15:00,-0.09906642350091488
2019-02-28 14:18:00,-0.2737665026300533
2019-02-28 14:21:00,-0.22382337514062556
2019-02-28 14:24:00,-0.23594459672119683
2019-02-28 14:27:00,-0.30792059865336796
2019-02-28 14:30:00,-0.2448394615277607
2019-02-28 14:33:00,-0.2690257830026894
2019-02-28 14:36:00,-0.2585350062583416
2019-02-28 14:39:00,-0.19839958630967658
2019-02-28 14:42:00,-0.2394252533917438
2019-02-28 14:45:00,-0.19123654339483664
2019-02-28 14:48:00,-0.26485299976633314
2019-02-28 14:51:00,-0.30480627191661824
2019-02-28 14:54:00,-0.2951017719274205
2019-02-28 14:57:00,-0.3003744800436152
2019-02-28 15:00:00,-0.3727393954154081
2019-02-28 15:03:00,-0.36573825777531965
2019-02-28 15:06:00,-0.29168962976575585
2019-02-28 15:09:00,-0.21532192195951438
2019-02-28 15:12:00,-0.3338613616164139
2019-02-28 15:15:00,-0.2571581513035426
2019-02-28 15:18:00,-0.3813774155267424
2019-02-28 15:21:00,-0.4708341870562549
2019-02-28 15:24:00,-0.2685544612046442
2019-02-28 15:27:00,-0.34826720816909074
2019-02-28 15:30:00,-0.31502178350052645
2019-02-28 15:33:00,-0.2706925043887054
2019-02-28 15:36:00,-0.2584829713418344
2019-02-28 15:39:00,-0.314569144862503
2019-02-28 15:42:00,-0.14561566670539605
2019-02-28 15:45:00,-0.22705588109835162
2019-02-28 15:48:00,-0.18263672564256694
2019-02-28 15:51:00,-0.23753237396783788
2019-02-28 15:54:00,-0.22413614693965656
2019-02-28 15:57:00,-0.2240606009040107
2019-02-28 16:00:00,-0.3310403334944567
2019-02-28 16:03:00,-0.17625144623866618
2019-02-28 16:06:00,-0.21100432457734541
2019-02-28 16:09:00,-0.17677472934963134
2019-02-28 16:12:00,-0.17890465112611764
2019-02-28 16:15:00,-0.22607389749737195
2019-02-28 16:18:00,-0.13931330961378308
2019-02-28 16:21:00,-0.09479534794212441
2019-02-28 16:24:00,-0.20643715745501368
2019-02-28 16:27:00,-0.2921506432099932
2019-02-28 16:30:00,-0.19772764117391262
2019-02-28 16:33:00,-0.200991257350438
2019-02-28 16:36:00,-0.11972466715178598
2019-02-28 16:39:00,-0.10500418960924662
2019-02-28 16:42:00,-0.028640471331698336
2019-02-28 16:45:00,-0.13965966999086277
2019-02-28 16:48:00,-0.2632451720656377
2019-02-28 16:51:00,-0.13994024202321498
2019-02-28 16:54:00,-0.26426266819322564
2019-02-28 16:57:00,-0.237689359390572
2019-02-28 17:00:00,-0.11587649006202128
2019-02-28 17:03:00,-0.14224379034004642
2019-02-28 17:06:00,-0.25110550106285245
2019-02-28 17:09:00,-0.13081897893107453
2019-02-28 17:12:00,-0.2412924783808421
2019-02-28 17:15:00,-0.22079672624568047
2019-02-28 17:18:00,-0.07205881045592832
2019-02-28 17:21:00,-0.08729709804362074
2019-02-28 17:24:00,-0.04572568703764546
2019-02-28 17:27:00,-0.01941717755175887
2019-02-28 17:30:00,0.16411351758972614
2019-02-28 17:33:00,0.1873821628622636
2019-02-28 17:36:00,0.41951292405173035
2019-02-28 17:39:00,0.47629558178448406
2019-02-28 17:42:00,0.21153069422405224
2019-02-28 17:45:00,-0.0696256113049003
2019-02-28 17:48:00,0.11919882537137028
2019-02-28 17:51:00,-0.006665106802415721
2019-02-28 17:54:00,-0.00755394257515718
2019-02-28 17:57:00,0.11664571594945983
2019-02-28 18:00:00,0.2700691132661177
2019-02-28 18:03:00,0.30714015218018176
2019-02-28 18:06:00,0.4611816615259272
2019-02-28 18:09:00,0.2161749271817257
2019-02-28 18:12:00,0.16618413262682452
2019-02-28 18:15:00,0.2529251529113594
2019-02-28 18:18:00,0.3254803954937415
2019-02-28 18:21:00,0.5345324908121825
2019-02-28 18:24:00,0.5543279709173135
2019-02-28 18:27:00,0.6084738977428401
2019-02-28 18:30:00,0.6147473574759488
2019-02-28 18:33:00,0.5915934736361805
2019-02-28 18:36:00,0.5523011964763214
2019-02-28 18:39:00,0.5297376276400882
2019-02-28 18:42:00,0.6366260623579478
2019-02-28 18:45:00,0.5025906651576406
2019-02-28 18:48:00,0.37994991053665217
2019-02-28 18:51:00,0.4010406622842879
2019-02-28 18:54:00,
2019-02-28 18:57:00,
2019-02-28 19:00:00,
2019-02-28 19:03:00,0.27124150055828977
2019-02-28 19:06:00,0.20170297620705924
2019-02-28 19:09:00,0.1578587830890683
2019-02-28 19:12:00,0.2679005193355124
2019-02-28 19:15:00,0.2133415188616823
2019-02-28 19:18:00,0.2907741547485898
2019-02-28 19:21:00,0.20019160611121833
2019-02-28 19:24:00,0.37996581136707164
2019-02-28 19:27:00,0.434925314037514
2019-02-28 19:30:00,0.4447805979168038
2019-02-28 19:33:00,0.4513667572423401
2019-02-28 19:36:00,0.35585920297415896
2019-02-28 19:39:00,0.4869948785859606
2019-02-28 19:42:00,0.4499984912030186
2019-02-28 19:45:00,0.3207070826375684
2019-02-28 19:48:00,0.3760228948017925
2019-02-28 19:51:00,0.4045612353912702
2019-02-28 19:54:00,0.46865112581878066
2019-02-28 19:57:00,0.38643476313097835
2019-02-28 20:00:00,0.4428342459671626
2019-02-28 20:03:00,0.506047000286344
2019-02-28 20:06:00,0.4742024150451698
2019-02-28 20:09:00,0.3933830936881577
2019-02-28 20:12:00,0.3738643186022159
2019-02-28 20:15:00,0.33329634597356517
2019-02-28 20:18:00,0.3866023026624248
2019-02-28 20:21:00,0.4058437352344413
2019-02-28 20:24:00,0.4213475770523587
2019-02-28 20:27:00,0.4283770167284615
2019-02-28 20:30:00,0.4313767199397489
2019-02-28 20:33:00,0.4293825967365592
2019-02-28 20:36:00,0.397777808641365
2019-02-28 20:39:00,0.40925403537272587
2019-02-28 20:42:00,0.4002146364836108
2019-02-28 20:45:00,0.4340969454164565
2019-02-28 20:48:00,0.5216597642268539
2019-02-28 20:51:00,0.46389356110620383
2019-02-28 20:54:00,0.4222022469330682
2019-02-28 20:57:00,0.42142185669928267
2019-02-28 21:00:00,0.3127026128303214
2019-02-28 21:03:00,0.47785550868826476
2019-02-28 21:06:00,0.37553837012455915
2019-02-28 21:09:00,0.43363081253897917
2019-02-28 21:12:00,0.426928524158086
2019-02-28 21:15:00,0.45819549653674585
2019-02-28 21:18:00,0.48102672525789103
2019-02-28 21:21:00,0.3760243070657907
2019-02-28 21:24:00,0.43713727948482983
2019-02-28 21:27:00,0.39628683975496415
2019-02-28 21:30:00,0.4098385386927248
2019-02-28 21:33:00,0.3882728804416615
2019-02-28 21:36:00,0.40764454483502277
2019-02-28 21:39:00,0.4997396490335291
2019-02-28 21:42:00,0.4639809532071695
2019-02-28 21:45:00,0.422359269250137
2019-02-28 21:48:00,0.424336414248387
2019-02-28 21:51:00,0.4638215298461432
2019-02-28 21:54:00,0.3981225547981353
2019-02-28 21:57:00,0.43851808224258093
2019-02-28 22:00:00,0.3932066517627959
2019-02-28 22:03:00,0.47593472598157405
2019-02-28 22:06:00,0.5164508160910373
2019-02-28 22:09:00,0.38419043311876067
2019-02-28 22:12:00,0.4275723977777375
2019-02-28 22:15:00,0.4196033456993291
2019-02-28 22:18:00,0.4128953640125701
2019-02-28 22:21:00,0.43939737582371663
2019-02-28 22:24:00,0.47874632778689374
2019-02-28 22:27:00,0.4566761905255703
2019-02-28 22:30:00,0.5613827505062545
2019-02-28 22:33:00,0.48451390869456645
2019-02-28 22:36:00,0.5028382760796717
2019-02-28 22:39:00,0.4743707781507851
2019-02-28 22:42:00,0.5692892914298113
2019-02-28 22:45:00,0.4559120661663201
2019-02-28 22:48:00,0.45290358356049865
2019-02-28 22:51:00,0.47371032824321446
2019-02-28 22:54:00,0.38162618012114535
2019-02-28 22:57:00,0.42584354727017626
2019-02-28 23:00:00,0.4478852510345064
2019-02-28 23:03:00,0.3789624278188626
2019-02-28 23:06:00,0.37485367855384766
2019-02-28 23:09:00,0.3243288872835137
2019-02-28 23:12:00,0.4562956904064208
2019-02-28 23:15:00,0.43907703400776654
2019-02-28 23:18:00,0.4535760254728416
2019-02-28 23:21:00,0.39751212880014464
2019-02-28 23:24:00,0.3605799424443603
2019-02-28 23:27:00,0.4549046754224264
2019-02-28 23:30:00,0.5022051584311953
2019-02-28 23:33:00,0.4059033439271502
2019-02-28 23:36:00,0.43378318195937027
2019-02-28 23:39:00,0.4282826806491471
2019-02-28 23:42:00,0.5396345065300352
2019-02-28 23:45:00,0.46067783068070867
2019-02-28 23:48:00,0.41222802468502096
2019-02-28 23:51:00,0.4183855278648707
2019-02-28 23:54:00,0.47520067331169
2019-02-28 23:57:00,0.5533202275445888
2019-03-01 00:00:00,0.5135826006530806
2019-03-01 00:03:00,0.4574818485356218
2019-03-01 00:06:00,0.44031428061458655
2019-03-01 00:09:00,0.4670046006732491
2019-03-01 00:12:00,0.4629291014370551
2019-03-01 00:15:00,0.46527408949538085
2019-03-01 00:18:00,0.5325664513238735
2019-03-01 00:21:00,0.4724786798012701
2019-03-01 00:24:00,0.5213186349853913
2019-03-01 00:27:00,0.4202569469795776
2019-03-01 00:30:00,0.4415363758308217
2019-03-01 00:33:00,0.4816725297217772
2019-03-01 00:36:00,0.4913377151709142
2019-03-01 00:39:00,0.49448002068362484
2019-03-01 00:42:00,0.5114459245574494
2019-03-01 00:45:00,0.4781128462212223
2019-03-01 00:48:00,0.507439526713199
2019-03-01 00:51:00,0.5002930882820351
2019-03-01 00:54:00,0.45886970475771705
2019-03-01 00:57:00,0.49903882704222724
2019-03-01 01:00:00,0.5303670183540135
2019-03-01 01:03:00,0.5407366691599691
2019-03-01 01:06:00,0.4974066260131167
2019-03-01 01:09:00,0.6263176170001543
2019-03-01 01:12:00,0.4987795042342782
2019-03-01 01:15:00,0.5914901750887793
2019-03-01 01:18:00,0.5953764701025079
2019-03-01 01:21:00,0.47652651567574367
2019-03-01 01:24:00,0.5517473893492024
2019-03-01 01:27:00,0.498633483245726
2019-03-01 01:30:00,0.5196952112725057
2019-03-01 01:33:00,0.486209721099101
2019-03-01 01:36:00,0.5183124756802613
2019-03-01 01:39:00,0.6027517394023789
2019-03-01 01:42:00,0.5752324270590066
2019-03-01 01:45:00,0.47118520627640237
2019-03-01 01:48:00,0.5614912269123238
2019-03-01 01:51:00,0.5376987273101577
2019-03-01 01:54:00,0.6212910403043566
2019-03-01 01:57:00,0.5339086842985807
2019-03-01 02:00:00,0.6107985463709724
2019-03-01 02:03:00,0.4914640378650006
2019-03-01 02:06:00,0.5561430224351511
2019-03-01 02:09:00,0.4914124660859329
2019-03-01 02:12:00,0.5467230066500406
2019-03-01 02:15:00,0.5412718575014424
2019-03-01 02:18:00,0.5635841113056586
2019-03-01 02:21:00,0.5795991581864541
2019-03-01 02:24:00,0.5537052309362593
2019-03-01 02:27:00,0.5419157452760146
2019-03-01 02:30:00,0.6068583303840569
2019-03-01 02:33:00,0.5870126129675555
2019-03-01 02:36:00,0.5291553374234468
2019-03-01 02:39:00,0.606160389673505
2019-03-01 02:42:00,0.6232837127620314
2019-03-01 02:45:00,0.5544817398441069
2019-03-01 02:48:00,0.5293663800038075
2019-03-01 02:51:00,0.49963881098125285
2019-03-01 02:54:00,0.6026881654902922
2019-03-01 02:57:00,0.5449341786185187
2019-03-01 03:00:00,0.560446732163939
2019-03-01 03:03:00,0.5529122839239449
2019-03-01 03:06:00,0.5004211906021396
2019-03-01 03:09:00,0.5907245763762603
2019-03-01 03:12:00,0.46277154121247577
2019-03-01 03:15:00,0.5741853365490215
2019-03-01 03:18:00,0.4893094705802241
2019-03-01 03:21:00,0.5688559589340798
2019-03-01 03:24:00,0.4356128127005263
2019-03-01 03:27:00,0.4417551317448556
2019-03-01 03:30:00,0.5623529334948216
2019-03-01 03:33:00,0.48861473957350654
2019-03-01 03:36:00,0.6345950657349704
2019-03-01 03:39:00,0.5389477348237506
2019-03-01 03:42:00,0.5708782308352625
2019-03-01 03:45:00,0.5436428920460799
2019-03-01 03:48:00,0.6177543029702406
2019-03-01 03:51:00,0.5089952169789171
2019-03-01 03:54:00,0.6121013964778967
2019-03-01 03:57:00,0.6018433792449969
2019-03-01 04:00:00,0.5977454996398137
2019-03-01 04:03:00,0.5066746056521083
2019-03-01 04:06:00,0.550065089364125
2019-03-01 04:09:00,0.6088288439260054
2019-03-01 04:12:00,0.5397334865859875
2019-03-01 04:15:00,0.6108595658044464
2019-03-01 04:18:00,0.582582546912306
2019-03-01 04:21:00,0.5761251841787498
2019-03-01 04:24:00,0.5555434008021507
2019-03-01 04:27:00,0.5068118784730018
2019-03-01 04:30:00,0.6536140811256814
2019-03-01 04:33:00,0.5337585569190537
2019-03-01 04:36:00,0.6034830472516433
2019-03-01 04:39:00,0.5452287597190661
2019-03-01 04:42:00,0.5341534136957193
2019-03-01 04:45:00,0.5230248351282398
2019-03-01 04:48:00,0.5629436618252157
2019-03-01 04:51:00,0.6218064018515861
2019-03-01 04:54:00,0.5852691666700025
2019-03-01 04:57:00,0.6334936544733409
2019-03-01 05:00:00,0.6425609278466595
2019-03-01 05:03:00,0.5124686986995926
2019-03-01 05:06:00,0.5431223520863568
2019-03-01 05:09:00,0.5173151941959873
2019-03-01 05:12:00,0.5541721962403017
2019-03-01 05:15:00,0.5760464360539572
2019-03-01 05:18:00,0.514316348223133
2019-03-01 05:21:00,0.6191970060376661
2019-03-01 05:24:00,0.618028202909386
2019-03-01 05:27:00,0.5511119749473892
2019-03-01 05:30:00,0.6030245304862092
2019-03-01 05:33:00,0.5117873325223172
2019-03-01 05:36:00,0.6485160312150811
2019-03-01 05:39:00,0.6547400847067593
2019-03-01 05:42:00,0.6164091057847259
2019-03-01 05:45:00,0.5173467673334926
2019-03-01 05:48:00,0.6708297265875558
2019-03-01 05:51:00,0.62387854457495
2019-03-01 05:54:00,0.6064300963976166
2019-03-01 05:57:00,0.6068291966058155
2019-03-01 06:00:00,0.6623837128400965
2019-03-01 06:03:00,0.6007178861947295
2019-03-01 06:06:00,0.5511569777335126
2019-03-01 06:09:00,0.5809284720392043
2019-03-01 06:12:00,0.5085709467208517
2019-03-01 06:15:00,0.5842738059163821
2019-03-01 06:18:00,0.5831566554042524
2019-03-01 06:21:00,0.5084926092980595
2019-03-01 06:24:00,0.578495153779329
2019-03-01 06:27:00,0.6118604716655227
2019-03-01 06:30:00,0.570924452518625
2019-03-01 06:33:00,0.6006980446636021
2019-03-01 06:36:00,0.49424776378509705
2019-03-01 06:39:00,0.6146845730539781
2019-03-01 06:42:00,0.555237747980641
2019-03-01 06:45:00,0.5209488756844394
2019-03-01 06:48:00,0.5275042322705303
2019-03-01 06:51:00,0.48187185095730456
2019-03-01 06:54:00,0.572537922761569
2019-03-01 06:57:00,0.6174356614308181
2019-03-01 07:00:00,0.5311139551483279
2019-03-01 07:03:00,0.5708578941133169
2019-03-01 07:06:00,0.6017669836172104
2019-03-01 07:09:00,0.5627707190730575
2019-03-01 07:12:00,0.5083642515742781
2019-03-01 07:15:00,0.6562405901278794
2019-03-01 07:18:00,0.6229946953702665
2019-03-01 07:21:00,0.4734093335553098
2019-03-01 07:24:00,0.6093675342212919
2019-03-01 07:27:00,0.5537689029650892
2019-03-01 07:30:00,0.5436151323718832
2019-03-01 07:33:00,0.6246914819645895
2019-03-01 07:36:00,0.40886747006408086
2019-03-01 07:39:00,0.6142807451262797
2019-03-01 07:42:00,0.5641925719660321
2019-03-01 07:45:00,0.5000748354885332
2019-03-01 07:48:00,0.5507747864293151
2019-03-01 07:51:00,0.48994783463035674
2019-03-01 07:54:00,0.4904159089427367
2019-03-01 07:57:00,0.4004489968355074
2019-03-01 08:00:00,0.42622625299514993
2019-03-01 08:03:00,0.4783550609194549
2019-03-01 08:06:00,0.5334151165967569
2019-03-01 08:09:00,0.5479073049405656
2019-03-01 08:12:00,0.4605509169674633
2019-03-01 08:15:00,0.37420644283486126
2019-03-01 08:18:00,0.5334741407054366
2019-03-01 08:21:00,0.41984711365859084
2019-03-01 08:24:00,0.450126395691143
2019-03-01 08:27:00,0.3961441480393546
2019-03-01 08:30:00,0.4156007098310397
2019-03-01 08:33:00,0.3354686877001427
2019-03-01 08:36:00,0.3252362804620361
2019-03-01 08:39:00,0.40897091639499195
2019-03-01 08:42:00,0.335037682709185
2019-03-01 08:45:00,0.4493716057695565
2019-03-01 08:48:00,0.48273562114979995
2019-03-01 08:51:00,0.33172371300196346
2019-03-01 08:54:00,0.3315556600640548
2019-03-01 08:57:00,0.41820022029514803
2019-03-01 09:00:00,0.43826624098932143
2019-03-01 09:03:00,0.4195011508648463
2019-03-01 09:06:00,0.3495532662428218
2019-03-01 09:09:00,0.38416826035290796
2019-03-01 09:12:00,0.3697057845889731
2019-03-01 09:15:00,0.34228827902705916
2019-03-01 09:18:00,0.35298862125222286
2019-03-01 09:21:00,0.3027457855239959
2019-03-01 09:24:00,0.22761099916448302
2019-03-01 09:27:00,0.20879747323112952
2019-03-01 09:30:00,0.37173536398341867
2019-03-01 09:33:00,0.26888610893564646
2019-03-01 09:36:00,0.25324712019983053
2019-03-01 09:39:00,0.35432253264610836
2019-03-01 09:42:00,0.1326122519357682
2019-03-01 09:45:00,0.24987459661087996
2019-03-01 09:48:00,0.18259902202902367
2019-03-01 09:51:00,0.18874880641163827
2019-03-01 09:54:00,0.2386589709037139
2019-03-01 09:57:00,0.1962433287653198
2019-03-01 10:00:00,0.1686808669386437
2019-03-01 10:03:00,0.19115842824857054
2019-03-01 10:06:00,0.12588102082963815
2019-03-01 10:09:00,0.1378650713471643
2019-03-01 10:12:00,0.23831925375884566
2019-03-01 10:15:00,0.010365785362807856
2019-03-01 10:18:00,0.05433284747999778
2019-03-01 10:21:00,0.10961942338775543
2019-03-01 10:24:00,0.08514277686714422
2019-03-01 10:27:00,0.0654851269040364
2019-03-01 10:30:00,0.08654660812112525
2019-03-01 10:33:00,-0.025551065179399757
2019-03-01 10:36:00,0.015233664888114617
2019-03-01 10:39:00,0.006220321137220708
2019-03-01 10:42:00,-0.04620565146609579
2019-03-01 10:45:00,-0.05180461412527393
2019-03-01 10:48:00,0.005526134959666251
2019-03-01 10:51:00,-0.06595058191595626
2019-03-01 10:54:00,0.01523955687622447
2019-03-01 10:57:00,-0.048831865607780855
2019-03-01 11:00:00,-0.07651852415710891
2019-03-01 11:03:00,-0.029722813135322212
2019-03-01 11:06:00,-0.08873880295277559
2019-03-01 11:09:00,-0.0917786907884306
2019-03-01 11:12:00,-0.07916047097234014
2019-03-01 11:15:00,-0.020741009930929977
2019-03-01 11:18:00,-0.10514454480528457
2019-03-01 11:21:00,-0.11225927002391245
2019-03-01 11:24:00,-0.13036242534542453
2019-03-01 11:27:00,-0.15588645847230964
2019-03-01 11:30:00,-0.14708163447147626
2019-03-01 11:33:00,-0.1346247661517168
2019-03-01 11:36:00,-0.2034745360771808
2019-03-01 11:39:00,-0.16112527892084927
2019-03-01 11:42:00,-0.17246312889614046
2019-03-01 11:45:00,-0.19937258920867862
2019-03-01 11:48:00,-0.1800877835664778
2019-03-01 11:51:00,-0.16466162767284231
2019-03-01 11:54:00,-0.14539746285157662
2019-03-01 11:57:00,-0.2103581321296133
2019-03-01 12:00:00,-0.11179820530645657
2019-03-01 12:03:00,-0.2885571202808137
2019-03-01 12:06:00,-0.19580241473897786
2019-03-01 12:09:00,-0.2976976628806369
2019-03-01 12:12:00,-0.16734711539959335
2019-03-01 12:15:00,-0.1486930814689913
2019-03-01 12:18:00,-0.15861779923039876
2019-03-01 12:21:00,-0.26302595105852333
2019-03-01 12:24:00,-0.19175103435543406
2019-03-01 12:27:00,-0.35355089796217953
2019-03-01 12:30:00,-0.24203415694972819
2019-03-01 12:33:00,-0.38753031915075553
2019-03-01 12:36:00,-0.2519791709491983
2019-03-01 12:39:00,-0.2972375808724905
2019-03-01 12:42:00,-0.39891366089784697
2019-03-01 12:45:00,-0.4122785404715614
2019-03-01 12:48:00,-0.4333939858250915
2019-03-01 12:51:00,-0.3093112517111649
2019-03-01 12:54:00,-0.40322977808881433
2019-03-01 12:57:00,-0.3084278910251328
2019-03-01 13:00:00,-0.41351136467960714
2019-03-01 13:03:00,-0.382350060624276
2019-03-01 13:06:00,-0.23409459321351278
2019-03-01 13:09:00,-0.3665949120526193
2019-03-01 13:12:00,-0.38645799686077
2019-03-01 13:15:00,-0.2740363422096266
2019-03-01 13:18:00,-0.36314279789638704
2019-03-01 13:21:00,-0.22078684563251727
2019-03-01 13:24:00,-0.25769876545126635
2019-03-01 13:27:00,-0.16768077487989785
2019-03-01 13:30:00,-0.29522590204703647
2019-03-01 13:33:00,-0.24694780878621714
2019-03-01 13:36:00,-0.28117314326777887
2019-03-01 13:39:00,-0.30177166355946383
2019-03-01 13:42:00,-0.2814413410777661
2019-03-01 13:45:00,-0.36787241774084123
2019-03-01 13:48:00,-0.3707414506646387
2019-03-01 13:51:00,-0.3764220891402488
2019-03-01 13:54:00,-0.3672738093404746
2019-03-01 13:57:00,-0.32087801476933464
2019-03-01 14:00:00,-0.33703162826191146
2019-03-01 14:03:00,-0.41124491207847313
2019-03-01 14:06:00,-0.4065491775607484
2019-03-01 14:09:00,-0.27917330331752055
2019-03-01 14:12:00,-0.24800503850565292
2019-03-01 14:15:00,-0.2996024441446252
2019-03-01 14:18:00,-0.3887889450929265
2019-03-01 14:21:00,-0.38460296563852125
2019-03-01 14:24:00,-0.45649463979384564
2019-03-01 14:27:00,-0.38109401613542104
2019-03-01 14:30:00,-0.4492105763898735
2019-03-01 14:33:00,-0.3333637436118124
2019-03-01 14:36:00,-0.46224020637259855
2019-03-01 14:39:00,-0.5029804124828843
2019-03-01 14:42:00,-0.4277786716213541
2019-03-01 14:45:00,-0.4491361914908225
2019-03-01 14:48:00,-0.4543710374264265
2019-03-01 14:51:00,-0.40200831526340153
2019-03-01 14:54:00,-0.32632322922785306
2019-03-01 14:57:00,-0.3546911788340026
2019-03-01 15:00:00,-0.47740126521415505
2019-03-01 15:03:00,-0.4393670893299486
2019-03-01 15:06:00,-0.4876304837895873
2019-03-01 15:09:00,-0.40822674720965324
2019-03-01 15:12:00,-0.2879316061251984
2019-03-01 15:15:00,-0.30992345031188506
2019-03-01 15:18:00,-0.41204456271293566
2019-03-01 15:21:00,-0.3917243551867955
2019-03-01 15:24:00,-0.3406993836180163
2019-03-01 15:27:00,-0.3633685929610806
2019-03-01 15:30:00,-0.37621865385688125
2019-03-01 15:33:00,-0.37556641254712986
2019-03-01 15:36:00,-0.26608788200979916
2019-03-01 15:39:00,-0.2607832524666378
2019-03-01 15:42:00,-0.2933074817864849
2019-03-01 15:45:00,-0.3307193954769332
2019-03-01 15:48:00,-0.4114381678494965
2019-03-01 15:51:00,-0.347620631844336
2019-03-01 15:54:00,-0.4141841882174617
2019-03-01 15:57:00,-0.3169202450931152
2019-03-01 16:00:00,-0.24668004643103814
2019-03-01 16:03:00,-0.37963429808507954
2019-03-01 16:06:00,-0.21047400286624907
2019-03-01 16:09:00,-0.07088736573956567
2019-03-01 16:12:00,-0.0731079820743048
2019-03-01 16:15:00,-0.12674339404685497
2019-03-01 16:18:00,-0.02485647055101481
2019-03-01 16:21:00,-0.0946728958868448
2019-03-01 16:24:00,-0.22932974888232138
2019-03-01 16:27:00,-0.22885127639466418
2019-03-01 16:30:00,-0.08096938130046283
2019-03-01 16:33:00,-0.11402307360270925
2019-03-01 16:36:00,-0.33242619709739074
2019-03-01 16:39:00,-0.24274431550833242
2019-03-01 16:42:00,-0.20502911822342185
2019-03-01 16:45:00,-0.07514290884108732
2019-03-01 16:48:00,-0.04301883458288103
2019-03-01 16:51:00,-0.22026064799132428
2019-03-01 16:54:00,-0.2427470662844371
2019-03-01 16:57:00,-0.1574540342684827
2019-03-01 17:00:00,0.010572995767006432
2019-03-01 17:03:00,-0.21668839742392265
2019-03-01 17:06:00,-0.10906315904918529
2019-03-01 17:09:00,-0.13894917295266396
2019-03-01 17:12:00,-0.2251874599309076
2019-03-01 17:15:00,-0.14108637236290633
2019-03-01 17:18:00,-0.17238467783039368
2019-03-01 17:21:00,-0.06634220670861168
2019-03-01 17:24:00,-0.1684609826403971
2019-03-01 17:27:00,-0.12319211557422705
2019-03-01 17:30:00,-0.1454575616325542
2019-03-01 17:33:00,-0.06938113619287378
2019-03-01 17:36:00,-0.11106801823132173
2019-03-01 17:39:00,-0.04245007902557063
2019-03-01 17:42:00,-0.08917608361952034
2019-03-01 17:45:00,-0.18895720496442436
2019-03-01 17:48:00,-0.18924926881550164
2019-03-01 17:51:00,-0.14422770142226682
2019-03-01 17:54:00,-0.11867617834855082
2019-03-01 17:57:00,-0.1280569984116937
2019-03-01 18:00:00,-0.14981398014657543
2019-03-01 18:03:00,-0.17717977202227075
2019-03-01 18:06:00,-0.08981077085155675
2019-03-01 18:09:00,-0.06194112091310444
2019-03-01 18:12:00,-0.12061674578785642
2019-03-01 18:15:00,-0.048978729602083604
2019-03-01 18:18:00,0.06015981725124675
2019-03-01 18:21:00,-0.007214654033930401
2019-03-01 18:24:00,-0.12635158273053548
2019-03-01 18:27:00,-0.052525454113208525
2019-03-01 18:30:00,-0.04671527639601436
2019-03-01 18:33:00,0.023813888750396472
2019-03-01 18:36:00,-0.06815592699012996
2019-03-01 18:39:00,-0.031629204053558624
2019-03-01 18:42:00,-0.06218274141593838
2019-03-01 18:45:00,0.11032730690902781
2019-03-01 18:48:00,-0.042762898438297725
2019-03-01 18:51:00,0.06393399855892312
2019-03-01 18:54:00,
2019-03-01 18:57:00,
2019-03-01 19:00:00,
2019-03-01 19:03:00,0.04633068872982449
2019-03-01 19:06:00,-0.05782355115786686
2019-03-01 19:09:00,-0.037451918034719256
2019-03-01 19:12:00,-0.051466064588794325
2019-03-01 19:15:00,0.062170180295822774
2019-03-01 19:18:00,0.03149905269191322
2019-03-01 19:21:00,0.012437978645607473
2019-03-01 19:24:00,-0.09809614342532313
2019-03-01 19:27:00,0.0555639198257154
2019-03-01 19:30:00,-0.13246663812873294
2019-03-01 19:33:00,0.007811385087848066
2019-03-01 19:36:00,-0.08383684599914432
2019-03-01 19:39:00,0.03480047671752118
2019-03-01 19:42:00,-0.028770563730290633
2019-03-01 19:45:00,0.02963020407946715
2019-03-01 19:48:00,-0.0438780071739302
2019-03-01 19:51:00,-0.03289205517808114
2019-03-01 19:54:00,-0.05576817447143867
2019-03-01 19:57:00,-0.10508048994347519
2019-03-01 20:00:00,-0.03742329525118748
2019-03-01 20:03:00,-0.02512131106112747
2019-03-01 20:06:00,-0.042465359495224675
2019-03-01 20:09:00,0.06381675670593268
2019-03-01 20:12:00,-0.048323958272305845
2019-03-01 20:15:00,-0.06042781602042169
2019-03-01 20:18:00,0.05887293159503315
2019-03-01 20:21:00,0.06980968833164525
2019-03-01 20:24:00,-0.05522114737351558
2019-03-01 20:27:00,-0.08926280936424291
2019-03-01 20:30:00,0.05066637897300552
2019-03-01 20:33:00,0.03751961615984101
2019-03-01 20:36:00,0.002063953334584312
2019-03-01 20:39:00,-0.03724467080314753
2019-03-01 20:42:00,-0.041575846593332244
2019-03-01 20:45:00,0.019496750805330976
2019-03-01 20:48:00,-0.030545699279286964
2019-03-01 20:51:00,-0.010510361989418016
2019-03-01 20:54:00,-0.043224765905222284
2019-03-01 20:57:00,0.1257846863476857
2019-03-01 21:00:00,0.10433826350674735
2019-03-01 21:03:00,0.12364256402793217
2019-03-01 21:06:00,0.047220764276573846
2019-03-01 21:09:00,0.03863645438252661
2019-03-01 21:12:00,0.09378284318643182
2019-03-01 21:15:00,0.0025567617142314703
2019-03-01 21:18:00,0.09520035419927808
2019-03-01 21:21:00,0.06632162265043462
2019-03-01 21:24:00,0.052491415703059374
2019-03-01 21:27:00,0.09121185826853662
2019-03-01 21:30:00,0.08602907750201894
2019-03-01 21:33:00,0.02355456359339314
2019-03-01 21:36:00,0.06959523729972261
2019-03-01 21:39:00,0.1275581772774217
2019-03-01 21:42:00,0.2504506025603632
2019-03-01 21:45:00,0.2796560641736505
2019-03-01 21:48:00,0.20899053396715317
2019-03-01 21:51:00,0.16817911844930222
2019-03-01 21:54:00,0.14656207409700528
2019-03-01 21:57:00,0.11686438460714044
2019-03-01 22:00:00,0.06384383981662722
2019-03-01 22:03:00,0.03389981451027779
2019-03-01 22:06:00,0.03322139330339269
2019-03-01 22:09:00,0.031032351618705434
2019-03-01 22:12:00,0.011455859186298767
2019-03-01 22:15:00,0.08221269302714518
2019-03-01 22:18:00,0.4152052773000037
2019-03-01 22:21:00,0.5942579334353013
2019-03-01 22:24:00,0.34792290479629173
2019-03-01 22:27:00,0.27536979979595344
2019-03-01 22:30:00,0.1812501988883355
2019-03-01 22:33:00,0.2709154005511323
2019-03-01 22:36:00,0.3829889424113162
2019-03-01 22:39:00,0.27770573371412866
2019-03-01 22:42:00,0.24562721023090717
2019-03-01 22:45:00,0.1859811040399677
2019-03-01 22:48:00,0.17394050028411812
2019-03-01 22:51:00,0.09770196377837692
2019-03-01 22:54:00,0.12635662630941624
2019-03-01 22:57:00,0.11528122556114795
2019-03-01 23:00:00,0.2561184855157421
2019-03-01 23:03:00,0.15293545528254526
2019-03-01 23:06:00,0.16082911970778468
2019-03-01 23:09:00,0.22455414905391535
2019-03-01 23:12:00,0.24927467731953357
2019-03-01 23:15:00,0.3069453386288501
2019-03-01 23:18:00,0.28453547023326564
2019-03-01 23:21:00,0.3119008575424118
2019-03-01 23:24:00,0.271504039489173
2019-03-01 23:27:00,0.3150055051070808
2019-03-01 23:30:00,0.2538141598658967
2019-03-01 23:33:00,0.10319279918070379
2019-03-01 23:36:00,0.10734780159413049
2019-03-01 23:39:00,0.06629384552121564
2019-03-01 23:42:00,0.04896596646671014
2019-03-01 23:45:00,0.049632576662361316
2019-03-01 23:48:00,0.14127693443384715
2019-03-01 23:51:00,0.09793581763614156
2019-03-01 23:54:00,0.07744381303041337
2019-03-01 23:57:00,0.09048791792071142
2019-03-02 00:00:00,0.022841195390810753
2019-03-02 00:03:00,0.09392028757929438
2019-03-02 00:06:00,0.08330932610834907
2019-03-02 00:09:00,0.04048600807556113
2019-03-02 00:12:00,0.06761596742035181
2019-03-02 00:15:00,0.06261569205275919
2019-03-02 00:18:00,0.03656700773370858
2019-03-02 00:21:00,0.3065821764997736
2019-03-02 00:24:00,0.15569485767599645
2019-03-02 00:27:00,0.3859557645791938
2019-03-02 00:30:00,0.20227331469970977
2019-03-02 00:33:00,0.29414757254016877
2019-03-02 00:36:00,0.2884736085011923
2019-03-02 00:39:00,0.1374330229070324
2019-03-02 00:42:00,0.19788839478110276
2019-03-02 00:45:00,0.2049978258628471
2019-03-02 00:48:00,0.1272516316134329
2019-03-02 00:51:00,0.2908377701548943
2019-03-02 00:54:00,0.20935014291382004
2019-03-02 00:57:00,0.19571065675950194
2019-03-02 01:00:00,0.21777914059913428
2019-03-02 01:03:00,0.07849782355856405
2019-03-02 01:06:00,0.12758014716001753
2019-03-02 01:09:00,0.12450069753458592
2019-03-02 01:12:00,0.07683144501396555
2019-03-02 01:15:00,0.09046678101469752
2019-03-02 01:18:00,0.22472544887983759
2019-03-02 01:21:00,0.4655623256037984
2019-03-02 01:24:00,0.596770134347878
2019-03-02 01:27:00,0.46022794253940447
2019-03-02 01:30:00,0.3968579412346003
2019-03-02 01:33:00,0.3541008704575006
2019-03-02 01:36:00,0.2644640887398282
2019-03-02 01:39:00,0.19023633207586954
2019-03-02 01:42:00,0.1553573058167217
2019-03-02 01:45:00,0.2290172492429292
2019-03-02 01:48:00,0.3612747127131115
2019-03-02 01:51:00,0.35151297737473897
2019-03-02 01:54:00,0.41534126198024524
2019-03-02 01:57:00,0.4278711277701177
2019-03-02 02:00:00,0.4815013408091886
2019-03-02 02:03:00,0.34765198153723986
2019-03-02 02:06:00,0.45130665433902095
2019-03-02 02:09:00,0.4908450445093422
2019-03-02 02:12:00,0.3809657317929691
2019-03-02 02:15:00,0.3230423186172402
2019-03-02 02:18:00,0.33448239315612227
2019-03-02 02:21:00,0.22047941946112815
2019-03-02 02:24:00,0.18541009172128042
2019-03-02 02:27:00,0.3098569358713803
2019-03-02 02:30:00,0.21663445243177648
2019-03-02 02:33:00,0.24400353147643727
2019-03-02 02:36:00,0.35323189537643884
2019-03-02 02:39:00,0.4182614262508082
2019-03-02 02:42:00,0.5035939332996122
2019-03-02 02:45:00,0.44327851404511875
2019-03-02 02:48:00,0.4431379501264132
2019-03-02 02:51:00,0.5071601467341793
2019-03-02 02:54:00,0.5815715998558062
2019-03-02 02:57:00,0.521047037769165
2019-03-02 03:00:00,0.5743375495657119
2019-03-02 03:03:00,0.672717333258106
2019-03-02 03:06:00,0.5857916221540336
2019-03-02 03:09:00,0.6899105451844321
2019-03-02 03:12:00,0.5459844874929445
2019-03-02 03:15:00,0.37284010944142665
2019-03-02 03:18:00,0.4207851174446091
2019-03-02 03:21:00,0.41580380690083985
2019-03-02 03:24:00,0.3853658386678944
2019-03-02 03:27:00,0.41482474719413176
2019-03-02 03:30:00,0.38796935938984234
2019-03-02 03:33:00,0.3148886000529387
2019-03-02 03:36:00,0.2443205771340331
2019-03-02 03:39:00,0.2747538691542104
2019-03-02 03:42:00,0.28045435188710144
2019-03-02 03:45:00,0.3430356125120966
2019-03-02 03:48:00,0.3515239688148881
2019-03-02 03:51:00,0.35843994931940415
2019-03-02 03:54:00,0.3645470456155522
2019-03-02 03:57:00,0.3086298392656204
2019-03-02 04:00:00,0.38850605360357804
2019-03-02 04:03:00,0.3832229111803258
2019-03-02 04:06:00,0.2226961630364599
2019-03-02 04:09:00,0.40840589127759586
2019-03-02 04:12:00,0.3300574173960058
2019-03-02 04:15:00,0.2886304665407806
2019-03-02 04:18:00,0.2930742281045582
2019-03-02 04:21:00,0.2908775335237692
2019-03-02 04:24:00,0.43959422599760956
2019-03-02 04:27:00,0.38399489229328765
2019-03-02 04:30:00,0.4198578728148732
2019-03-02 04:33:00,0.6747003549684791
2019-03-02 04:36:00,0.6114761162099853
2019-03-02 04:39:00,0.4334329204411347
2019-03-02 04:42:00,0.48258670289965266
2019-03-02 04:45:00,0.4406995248737644
2019-03-02 04:48:00,0.38678041902653604
2019-03-02 04:51:00,0.42477314933586285
2019-03-02 04:54:00,0.4217327986443138
2019-03-02 04:57:00,0.3438458635516213
2019-03-02 05:00:00,0.4243672130812115
2019-03-02 05:03:00,0.3700520299913137
2019-03-02 05:06:00,0.46540167407277977
2019-03-02 05:09:00,0.32755322492818095
2019-03-02 05:12:00,0.3524755916889717
2019-03-02 05:15:00,0.24099092568945935
2019-03-02 05:18:00,0.34796054789546815
2019-03-02 05:21:00,0.35624183303207246
2019-03-02 05:24:00,0.2872196283145172
2019-03-02 05:27:00,0.38267631645237543
2019-03-02 05:30:00,0.30982705890431816
2019-03-02 05:33:00,0.2888923159788419
2019-03-02 05:36:00,0.3330603726200252
2019-03-02 05:39:00,0.2795015103858418
2019-03-02 05:42:00,0.29787259572759694
2019-03-02 05:45:00,0.317486137340552
2019-03-02 05:48:00,0.3340800355781539
2019-03-02 05:51:00,0.2200091740504604
2019-03-02 05:54:00,0.20008411421298433
2019-03-02 05:57:00,0.23798658265786798
2019-03-02 06:00:00,0.26914081444942894
2019-03-02 06:03:00,0.3263057861499874
2019-03-02 06:06:00,0.31277481431357046
2019-03-02 06:09:00,0.3561275690350385
2019-03-02 06:12:00,0.31044166915131655
2019-03-02 06:15:00,0.4024623676019701
2019-03-02 06:18:00,0.3736585141552382
2019-03-02 06:21:00,0.27066740789985033
2019-03-02 06:24:00,0.376178347702421
2019-03-02 06:27:00,0.2819008445521263
2019-03-02 06:30:00,0.30584555789408796
2019-03-02 06:33:00,0.36580289272455957
2019-03-02 06:36:00,0.27035732587319217
2019-03-02 06:39:00,0.2890741934587595
2019-03-02 06:42:00,0.3524200735745353
2019-03-02 06:45:00,0.2978565644528999
2019-03-02 06:48:00,0.32701824018374737
2019-03-02 06:51:00,0.29459229858639446
2019-03-02 06:54:00,0.33529479396486295
2019-03-02 06:57:00,0.37167763673761556
2019-03-02 07:00:00,0.4089883897576101
2019-03-02 07:03:00,0.21048968436451787
2019-03-02 07:06:00,0.29152106064628924
2019-03-02 07:09:00,0.23255956975719982
2019-03-02 07:12:00,0.2788661712093585
2019-03-02 07:15:00,0.24801242603791707
2019-03-02 07:18:00,0.23134199863073945
2019-03-02 07:21:00,0.2877978562871135
2019-03-02 07:24:00,0.29947316549299785
2019-03-02 07:27:00,0.35297026721104885
2019-03-02 07:30:00,0.2538369010442807
2019-03-02 07:33:00,0.32646246965521186
2019-03-02 07:36:00,0.2311522413746161
2019-03-02 07:39:00,0.28311091281875633
2019-03-02 07:42:00,0.20807027618224083
2019-03-02 07:45:00,0.25977534773323896
2019-03-02 07:48:00,0.22875491959348437
2019-03-02 07:51:00,0.18873030376215638
2019-03-02 07:54:00,0.191881501597436
2019-03-02 07:57:00,0.17896964973863305
2019-03-02 08:00:00,0.2802515150063982
2019-03-02 08:03:00,0.3115558205096818
2019-03-02 08:06:00,0.22629859151118126
2019-03-02 08:09:00,0.3386873868495286
2019-03-02 08:12:00,0.23623492727358553
2019-03-02 08:15:00,0.21558525109350057
2019-03-02 08:18:00,0.22083594804718132
2019-03-02 08:21:00,0.19750924838194805
2019-03-02 08:24:00,0.1536477210129874
2019-03-02 08:27:00,0.1803877235341247
2019-03-02 08:30:00,0.166963132307842
2019-03-02 08:33:00,0.21028068168487835
2019-03-02 08:36:00,0.12133600847880643
2019-03-02 08:39:00,0.1398577540796282
2019-03-02 08:42:00,0.217226645260439
2019-03-02 08:45:00,0.27210376799689584
2019-03-02 08:48:00,0.25353634121921687
2019-03-02 08:51:00,0.21902159069043137
2019-03-02 08:54:00,0.0982389820011349
2019-03-02 08:57:00,0.2250289029472583
2019-03-02 09:00:00,0.17610636379998823
2019-03-02 09:03:00,0.2331340131976276
2019-03-02 09:06:00,0.19469731382480404
2019-03-02 09:09:00,0.28302243733713794
2019-03-02 09:12:00,0.2504523776219685
2019-03-02 09:15:00,0.21379482786193194
2019-03-02 09:18:00,0.28135362718921897
2019-03-02 09:21:00,0.2421228441768335
2019-03-02 09:24:00,0.2981424202977223
2019-03-02 09:27:00,0.22418346766642117
2019-03-02 09:30:00,0.26716396981066737
2019-03-02 09:33:00,0.20583076717753102
2019-03-02 09:36:00,0.15092625534464332
2019-03-02 09:39:00,0.29501693956927966
2019-03-02 09:42:00,0.2722621131572396
2019-03-02 09:45:00,0.22796542315751367
2019-03-02 09:48:00,0.13955326126750833
2019-03-02 09:51:00,0.20511619159771044
2019-03-02 09:54:00,0.1608793586772208
2019-03-02 09:57:00,0.17681981414131087
2019-03-02 10:00:00,0.12107987567463852
2019-03-02 10:03:00,0.12868528715182492
2019-03-02 10:06:00,0.10184668073361536
2019-03-02 10:09:00,0.10036926589009454
2019-03-02 10:12:00,0.09696322899179677
2019-03-02 10:15:00,0.07932971787113274
2019-03-02 10:18:00,0.08179189055118741
2019-03-02 10:21:00,0.10926796698811359
2019-03-02 10:24:00,0.13840981829537213
2019-03-02 10:27:00,0.19085551739425455
2019-03-02 10:30:00,0.17214141647434644
2019-03-02 10:33:00,0.2863177714918379
2019-03-02 10:36:00,0.3081972115985536
2019-03-02 10:39:00,0.24637435605160363
2019-03-02 10:42:00,0.1819485039180222
2019-03-02 10:45:00,0.24913358940051467
2019-03-02 10:48:00,0.2239223651531006
2019-03-02 10:51:00,0.23156120524026846
2019-03-02 10:54:00,0.15734426838463378
2019-03-02 10:57:00,0.07242902840016541
2019-03-02 11:00:00,0.22856333663270334
2019-03-02 11:03:00,0.23234200674329486
2019-03-02 11:06:00,0.24431504086152245
2019-03-02 11:09:00,0.25041697918584305
2019-03-02 11:12:00,0.14634551109321592
2019-03-02 11:15:00,0.24094269758336395
2019-03-02 11:18:00,0.14578381381187455
2019-03-02 11:21:00,0.16654897801646484
2019-03-02 11:24:00,0.3000295200287155
2019-03-02 11:27:00,0.2651885323234069
2019-03-02 11:30:00,0.29406316583771286
2019-03-02 11:33:00,0.13607516615456916
2019-03-02 11:36:00,0.25039361566274465
2019-03-02 11:39:00,0.13217265876858164
2019-03-02 11:42:00,0.15301192334311509
2019-03-02 11:45:00,0.08008420415370665
2019-03-02 11:48:00,0.043031417289626006
2019-03-02 11:51:00,0.08710599591046275
2019-03-02 11:54:00,0.06752473054967822
2019-03-02 11:57:00,0.03645466727374469
2019-03-02 12:00:00,-0.026089447775007102
2019-03-02 12:03:00,-0.04252905697933329
2019-03-02 12:06:00,0.06864644261838748
2019-03-02 12:09:00,-0.009648417466110004
2019-03-02 12:12:00,-0.12319792711616628
2019-03-02 12:15:00,-0.14006034739674078
2019-03-02 12:18:00,-0.1523102088676751
2019-03-02 12:21:00,-0.08197018635320319
2019-03-02 12:24:00,-0.06697053384237961
2019-03-02 12:27:00,-0.0813021380565715
2019-03-02 12:30:00,-0.017009956604738363
2019-03-02 12:33:00,-0.011083712783374722
2019-03-02 12:36:00,-0.09864429032529642
2019-03-02 12:39:00,-0.13247167946974514
2019-03-02 12:42:00,-0.08065659696956118
2019-03-02 12:45:00,-0.09548001601797296
2019-03-02 12:48:00,-0.10476573736747241
2019-03-02 12:51:00,-0.03296607163667886
2019-03-02 12:54:00,-0.2101197720250525
2019-03-02 12:57:00,-0.10048912971336676
2019-03-02 13:00:00,-0.06032311327902562
2019-03-02 13:03:00,-0.050080758210754084
2019-03-02 13:06:00,-0.012541177377954682
2019-03-02 13:09:00,-0.08965012312546605
2019-03-02 13:12:00,-0.18840677687501284
2019-03-02 13:15:00,-0.16136349705288922
2019-03-02 13:18:00,-0.14080674713613917
2019-03-02 13:21:00,-0.22187229913726014
2019-03-02 13:24:00,-0.15885729199493426
2019-03-02 13:27:00,-0.19737722170935967
2019-03-02 13:30:00,-0.09344747330396785
2019-03-02 13:33:00,-0.2447444147229021
2019-03-02 13:36:00,-0.13465726857180016
2019-03-02 13:39:00,-0.2096316413714021
2019-03-02 13:42:00,-0.16601094103953073
2019-03-02 13:45:00,-0.21101076925242523
2019-03-02 13:48:00,-0.2566786497184239
2019-03-02 13:51:00,-0.10767657730559677
2019-03-02 13:54:00,-0.3095165817108523
2019-03-02 13:57:00,-0.19926355238453652
2019-03-02 14:00:00,-0.22420105752746622
2019-03-02 14:03:00,-0.27781788605619795
2019-03-02 14:06:00,-0.22540826782341128
2019-03-02 14:09:00,-0.22327887242278166
2019-03-02 14:12:00,-0.23446427974789685
2019-03-02 14:15:00,-0.18815680227032772
2019-03-02 14:18:00,-0.20854556981458927
2019-03-02 14:21:00,-0.10131236826299528
2019-03-02 14:24:00,-0.054679251695006315
2019-03-02 14:27:00,-0.06989003659884929
2019-03-02 14:30:00,-0.26277709194664567
2019-03-02 14:33:00,-0.16643781501659305
2019-03-02 14:36:00,-0.1820645280070039
2019-03-02 14:39:00,-0.15980488057374487
2019-03-02 14:42:00,-0.18999280354159964
2019-03-02 14:45:00,-0.13380000318181828
2019-03-02 14:48:00,-0.2248296618593031
2019-03-02 14:51:00,-0.19275995139491897
2019-03-02 14:54:00,-0.17866096425484557
2019-03-02 14:57:00,-0.14793653222170633
2019-03-02 15:00:00,-0.14732022650923682
2019-03-02 15:03:00,-0.23816519308809347
2019-03-02 15:06:00,-0.21491671669400603
2019-03-02 15:09:00,-0.24254305283517397
2019-03-02 15:12:00,-0.1752816115383098
2019-03-02 15:15:00,-0.17601750780130487
2019-03-02 15:18:00,-0.1500888845222903
2019-03-02 15:21:00,-0.3191407391213943
2019-03-02 15:24:00,-0.2753933408174589
2019-03-02 15:27:00,-0.15564903861684343
2019-03-02 15:30:00,-0.26652709405180985
2019-03-02 15:33:00,-0.35217690610892305
2019-03-02 15:36:00,-0.22345553055623668
2019-03-02 15:39:00,-0.2884032985931526
2019-03-02 15:42:00,-0.3387502038686421
2019-03-02 15:45:00,-0.2773746507844521
2019-03-02 15:48:00,-0.18497409180008617
2019-03-02 15:51:00,-0.23225446798721805
2019-03-02 15:54:00,-0.2825100133846945
2019-03-02 15:57:00,-0.21904688513780002
2019-03-02 16:00:00,-0.2975438973900282
2019-03-02 16:03:00,-0.26526066226676903
2019-03-02 16:06:00,-0.25369229264765636
2019-03-02 16:09:00,-0.3010980258153495
2019-03-02 16:12:00,-0.25887664700701407
2019-03-02 16:15:00,-0.1455657694883712
2019-03-02 16:18:00,-0.27135300614497737
2019-03-02 16:21:00,-0.24427528469044546
2019-03-02 16:24:00,-0.2978494228865429
2019-03-02 16:27:00,-0.3159060133503431
2019-03-02 16:30:00,-0.17419755038957874
2019-03-02 16:33:00,-0.10021628788325643
2019-03-02 16:36:00,-0.20282672044788796
2019-03-02 16:39:00,-0.07931330489094535
2019-03-02 16:42:00,-0.07966088914287184
2019-03-02 16:45:00,-0.14028340758557079
2019-03-02 16:48:00,-0.1828091938076568
2019-03-02 16:51:00,-0.25422445164366536
2019-03-02 16:54:00,-0.23732261652577336
2019-03-02 16:57:00,-0.27713105613258904
2019-03-02 17:00:00,-0.19795817901371038
2019-03-02 17:03:00,-0.24307119185550619
2019-03-02 17:06:00,-0.20993410604864948
2019-03-02 17:09:00,-0.23937226514505028
2019-03-02 17:12:00,-0.1824853439263734
2019-03-02 17:15:00,-0.24238699398961217
2019-03-02 17:18:00,-0.21859358050716082
2019-03-02 17:21:00,-0.16269475641303188
2019-03-02 17:24:00,-0.19654063564530588
2019-03-02 17:27:00,-0.08815532004945226
2019-03-02 17:30:00,-0.1522679063506871
2019-03-02 17:33:00,-0.17210414305998256
2019-03-02 17:36:00,-0.3126689715391535
2019-03-02 17:39:00,-0.20704937051340266
2019-03-02 17:42:00,-0.22047907782587117
2019-03-02 17:45:00,-0.2484758086965826
2019-03-02 17:48:00,-0.1257970378296136
2019-03-02 17:51:00,-0.2624048049650014
2019-03-02 17:54:00,-0.20475756576661297
2019-03-02 17:57:00,-0.2524085918151968
2019-03-02 18:00:00,-0.1295535059798567
2019-03-02 18:03:00,-0.23070227438944357
2019-03-02 18:06:00,-0.0995801983739284
2019-03-02 18:09:00,-0.07892637830843796
2019-03-02 18:12:00,-0.11802032359310033
2019-03-02 18:15:00,-0.12546254935062962
2019-03-02 18:18:00,-0.1768443402058324
2019-03-02 18:21:00,-0.11230736313478928
2019-03-02 18:24:00,-0.09633145009553346
2019-03-02 18:27:00,-0.12425288509956545
2019-03-02 18:30:00,-0.11929321620181099
2019-03-02 18:33:00,-0.056885586934527055
2019-03-02 18:36:00,-0.10242056290906021
2019-03-02 18:39:00,0.008817187961938089
2019-03-02 18:42:00,-0.08151065429473192
2019-03-02 18:45:00,0.05325707342467467
2019-03-02 18:48:00,-0.08863126315384307
2019-03-02 18:51:00,0.07155338674556333
2019-03-02 18:54:00,
2019-03-02 18:57:00,
2019-03-02 19:00:00,
2019-03-02 19:03:00,-0.09912651213716117
2019-03-02 19:06:00,-0.08176800314447519
2019-03-02 19:09:00,-0.031826603082322436
2019-03-02 19:12:00,-0.006491097935565904
2019-03-02 19:15:00,-0.10271883776613322
2019-03-02 19:18:00,0.06324211841319993
2019-03-02 19:21:00,0.05556944062522007
2019-03-02 19:24:00,0.10054186922565123
2019-03-02 19:27:00,0.16190670952147457
2019-03-02 19:30:00,0.12493772280038229
2019-03-02 19:33:00,0.11493117936907993
2019-03-02 19:36:00,0.10630992671269723
2019-03-02 19:39:00,0.19071556948534862
2019-03-02 19:42:00,0.004985647542127936
2019-03-02 19:45:00,-0.00533582148102596
2019-03-02 19:48:00,-0.026963996686447445
2019-03-02 19:51:00,-0.03386777558694121
2019-03-02 19:54:00,0.0543768144343062
2019-03-02 19:57:00,-0.05069267069717398
2019-03-02 20:00:00,0.016739358124368664
2019-03-02 20:03:00,-0.03674418275761582
2019-03-02 20:06:00,0.011804672357243362
2019-03-02 20:09:00,-0.07688980091592157
2019-03-02 20:12:00,0.03125485774506842
2019-03-02 20:15:00,0.0407499717039741
2019-03-02 20:18:00,0.003313443009005823
2019-03-02 20:21:00,0.12595486906081987
2019-03-02 20:24:00,0.036063263781159094
2019-03-02 20:27:00,0.04604665194898416
2019-03-02 20:30:00,0.08549086329810507
2019-03-02 20:33:00,0.10027680152393259
2019-03-02 20:36:00,0.053005031477084685
2019-03-02 20:39:00,0.1184011916932377
2019-03-02 20:42:00,0.11147245338713674
2019-03-02 20:45:00,0.07635542854353616
2019-03-02 20:48:00,0.10168142063309915
2019-03-02 20:51:00,0.11988802206388982
2019-03-02 20:54:00,0.13572231385398936
2019-03-02 20:57:00,0.110441338487135
2019-03-02 21:00:00,0.14956157680967408
2019-03-02 21:03:00,0.12317102176717754
2019-03-02 21:06:00,0.15697506776331238
2019-03-02 21:09:00,0.16942197175825413
2019-03-02 21:12:00,0.17029607568241545
2019-03-02 21:15:00,0.10004284996580282
2019-03-02 21:18:00,0.1412264459522703
2019-03-02 21:21:00,0.15433667421905284
2019-03-02 21:24:00,0.19523079472998006
2019-03-02 21:27:00,0.11728537098429115
2019-03-02 21:30:00,0.2589645108611194
2019-03-02 21:33:00,0.14691115081399175
2019-03-02 21:36:00,0.15648654752686753
2019-03-02 21:39:00,0.20791993243466322
2019-03-02 21:42:00,0.14613064354728067
2019-03-02 21:45:00,0.1909557367372372
2019-03-02 21:48:00,0.2305012282669736
2019-03-02 21:51:00,0.17619723590678404
2019-03-02 21:54:00,0.19396536554637578
2019-03-02 21:57:00,0.17793417108583753
2019-03-02 22:00:00,0.16778431788867465
2019-03-02 22:03:00,0.16424211040731507
2019-03-02 22:06:00,0.19719591584441787
2019-03-02 22:09:00,0.1704435054157898
2019-03-02 22:12:00,0.23519159040557724
2019-03-02 22:15:00,0.211749379067669
2019-03-02 22:18:00,0.19784050783999874
2019-03-02 22:21:00,0.15376830421843124
2019-03-02 22:24:00,0.2135662317955962
2019-03-02 22:27:00,0.17287782534856433
2019-03-02 22:30:00,0.0776758991009956
2019-03-02 22:33:00,0.3179150455180775
2019-03-02 22:36:00,0.24275254010854042
2019-03-02 22:39:00,0.25021915012587215
2019-03-02 22:42:00,0.27961459933101196
2019-03-02 22:45:00,0.30378621803703254
2019-03-02 22:48:00,0.2689341361972879
2019-03-02 22:51:00,0.16041383975709778
2019-03-02 22:54:00,0.25404987814567903
2019-03-02 22:57:00,0.29102404000701654
2019-03-02 23:00:00,0.20690536470567622
2019-03-02 23:03:00,0.2641938885622608
2019-03-02 23:06:00,0.3323248300453656
2019-03-02 23:09:00,0.28935752200624165
2019-03-02 23:12:00,0.2988707295285735
2019-03-02 23:15:00,0.2949671665977007
2019-03-02 23:18:00,0.31153186646429276
2019-03-02 23:21:00,0.3523693847656659
2019-03-02 23:24:00,0.3752964463237731
2019-03-02 23:27:00,0.22446552503754447
2019-03-02 23:30:00,0.26372264156265146
2019-03-02 23:33:00,0.24202360849750448
2019-03-02 23:36:00,0.24093490534698958
2019-03-02 23:39:00,0.23843922707891352
2019-03-02 23:42:00,0.19944535010347408
2019-03-02 23:45:00,0.24717390088375168
2019-03-02 23:48:00,0.26065793842548146
2019-03-02 23:51:00,0.35181456662257915
2019-03-02 23:54:00,0.21409839420005028
2019-03-02 23:57:00,0.220102704151941
2019-03-03 00:00:00,0.21001841875778382
2019-03-03 00:03:00,0.1982124004558159
2019-03-03 00:06:00,0.22802249746411007
2019-03-03 00:09:00,0.21422099030388608
2019-03-03 00:12:00,0.2076975566616852
2019-03-03 00:15:00,0.2936385595607476
2019-03-03 00:18:00,0.2680913185042755
2019-03-03 00:21:00,0.2073012242123582
2019-03-03 00:24:00,0.2231405526559911
2019-03-03 00:27:00,0.1627989591610799
2019-03-03 00:30:00,0.14944652776091516
2019-03-03 00:33:00,0.24198290623888852
2019-03-03 00:36:00,0.27093774556982453
2019-03-03 00:39:00,0.19762876482764113
2019-03-03 00:42:00,0.2291557628350347
2019-03-03 00:45:00,0.29022433976996354
2019-03-03 00:48:00,0.23272991134427912
2019-03-03 00:51:00,0.21050945307229085
2019-03-03 00:54:00,0.25259068798663975
2019-03-03 00:57:00,0.2684599694356393
2019-03-03 01:00:00,0.32136928125078157
2019-03-03 01:03:00,0.31538344411592334
2019-03-03 01:06:00,0.21526466899280194
2019-03-03 01:09:00,0.30649934059363204
2019-03-03 01:12:00,0.3766975079766439
2019-03-03 01:15:00,0.3829073421819089
2019-03-03 01:18:00,0.31019489462067895
2019-03-03 01:21:00,0.3096292043019844
2019-03-03 01:24:00,0.2542138709680444
2019-03-03 01:27:00,0.2841001185524874
2019-03-03 01:30:00,0.30046988439409006
2019-03-03 01:33:00,0.3886138915448214
2019-03-03 01:36:00,0.23896248767590578
2019-03-03 01:39:00,0.32984009369187106
2019-03-03 01:42:00,0.24420380454000679
2019-03-03 01:45:00,0.3219833570178139
2019-03-03 01:48:00,0.18844535694523756
2019-03-03 01:51:00,0.15090889041459832
2019-03-03 01:54:00,0.15772590681461907
2019-03-03 01:57:00,0.257920184059401
2019-03-03 02:00:00,0.2587877278766655
2019-03-03 02:03:00,0.31476897712531127
2019-03-03 02:06:00,0.28046469626320913
2019-03-03 02:09:00,0.34592721341078914
2019-03-03 02:12:00,0.31053025413035584
2019-03-03 02:15:00,0.28473596762921716
2019-03-03 02:18:00,0.38813434451537887
2019-03-03 02:21:00,0.38608387525471244
2019-03-03 02:24:00,0.3585619722337583
2019-03-03 02:27:00,0.3458958685243374
2019-03-03 02:30:00,0.3342723285338707
2019-03-03 02:33:00,0.38151599959860505
2019-03-03 02:36:00,0.2930111415022907
2019-03-03 02:39:00,0.29744175472285406
2019-03-03 02:42:00,0.24264807898782692
2019-03-03 02:45:00,0.38271159481689665
2019-03-03 02:48:00,0.2911379713053748
2019-03-03 02:51:00,0.310986741424756
2019-03-03 02:54:00,0.28324651959536595
2019-03-03 02:57:00,0.21592723706305605
2019-03-03 03:00:00,0.2527414596434028
2019-03-03 03:03:00,0.24729631957973197
2019-03-03 03:06:00,0.2017421627866156
2019-03-03 03:09:00,0.3314252073407715
2019-03-03 03:12:00,0.2902813757964964
2019-03-03 03:15:00,0.33146454951508986
2019-03-03 03:18:00,0.3551151331427036
2019-03-03 03:21:00,0.32217223368354553
2019-03-03 03:24:00,0.2555125644383338
2019-03-03 03:27:00,0.25267135060965984
2019-03-03 03:30:00,0.3109526236765987
2019-03-03 03:33:00,0.2966593602987473
2019-03-03 03:36:00,0.22591054018585055
2019-03-03 03:39:00,0.3688322578338443
2019-03-03 03:42:00,0.2780879051072134
2019-03-03 03:45:00,0.3414663472110533
2019-03-03 03:48:00,0.36625775228969815
2019-03-03 03:51:00,0.3944414343417293
2019-03-03 03:54:00,0.3239805326429064
2019-03-03 03:57:00,0.25548122877768265
2019-03-03 04:00:00,0.3709788868035844
2019-03-03 04:03:00,0.3235508315705715
2019-03-03 04:06:00,0.4182798628925184
2019-03-03 04:09:00,0.3690307091870295
2019-03-03 04:12:00,0.28540739722592434
2019-03-03 04:15:00,0.23455340044978357
2019-03-03 04:18:00,0.35099849805607164
2019-03-03 04:21:00,0.3870927993580153
2019-03-03 04:24:00,0.34793571883636787
2019-03-03 04:27:00,0.3585587336577305
2019-03-03 04:30:00,0.4220802877147207
2019-03-03 04:33:00,0.4003668622052601
2019-03-03 04:36:00,0.2652445229200566
2019-03-03 04:39:00,0.31349610308552656
2019-03-03 04:42:00,0.4234034755763787
2019-03-03 04:45:00,0.4053793620401507
2019-03-03 04:48:00,0.2644735849134463
2019-03-03 04:51:00,0.4198592066516085
2019-03-03 04:54:00,0.36660374451156486
2019-03-03 04:57:00,0.28544961490302967
2019-03-03 05:00:00,0.3276820421286857
2019-03-03 05:03:00,0.3062391519139851
2019-03-03 05:06:00,0.3632047980867128
2019-03-03 05:09:00,0.3898288587608363
2019-03-03 05:12:00,0.33281506188177445
2019-03-03 05:15:00,0.42007360706674035
2019-03-03 05:18:00,0.3919202472218899
2019-03-03 05:21:00,0.35721989193035597
2019-03-03 05:24:00,0.30051739753770335
2019-03-03 05:27:00,0.27642503517313344
2019-03-03 05:30:00,0.3305716644998711
2019-03-03 05:33:00,0.343418530441852
2019-03-03 05:36:00,0.2956040656235359
2019-03-03 05:39:00,0.3116806474086502
2019-03-03 05:42:00,0.29889169863412235
2019-03-03 05:45:00,0.1958843577042444
2019-03-03 05:48:00,0.360111553730178
2019-03-03 05:51:00,0.3378546780429019
2019-03-03 05:54:00,0.43424581386653927
2019-03-03 05:57:00,0.38787299921466456
2019-03-03 06:00:00,0.4266158071373525
2019-03-03 06:03:00,0.3558034630916609
2019-03-03 06:06:00,0.33611485387723405
2019-03-03 06:09:00,0.3084877736170597
2019-03-03 06:12:00,0.35942571092050457
2019-03-03 06:15:00,0.37500626206826837
2019-03-03 06:18:00,0.3879424632700079
2019-03-03 06:21:00,0.35583323129867495
2019-03-03 06:24:00,0.3279971053641475
2019-03-03 06:27:00,0.3256178493102766
2019-03-03 06:30:00,0.33849702603595233
2019-03-03 06:33:00,0.3525434718764018
2019-03-03 06:36:00,0.3353203424111939
2019-03-03 06:39:00,0.3538550400368763
2019-03-03 06:42:00,0.3551044799747842
2019-03-03 06:45:00,0.27773496979574475
2019-03-03 06:48:00,0.3528618904744576
2019-03-03 06:51:00,0.40950034129730284
2019-03-03 06:54:00,0.3656994607744082
2019-03-03 06:57:00,0.41589824257789587
2019-03-03 07:00:00,0.3707489286586565
2019-03-03 07:03:00,0.35415530502149295
2019-03-03 07:06:00,0.3346282895338959
2019-03-03 07:09:00,0.3597756264585428
2019-03-03 07:12:00,0.3496485039253798
2019-03-03 07:15:00,0.37357345130021713
2019-03-03 07:18:00,0.3755332618541729
2019-03-03 07:21:00,0.3532178694756567
2019-03-03 07:24:00,0.32498874286653745
2019-03-03 07:27:00,0.44650403443631603
2019-03-03 07:30:00,0.40117513736555566
2019-03-03 07:33:00,0.3742945253502512
2019-03-03 07:36:00,0.36238409639787506
2019-03-03 07:39:00,0.3916703591858095
2019-03-03 07:42:00,0.3668327567216352
2019-03-03 07:45:00,0.34947634579032183
2019-03-03 07:48:00,0.3206417265572554
2019-03-03 07:51:00,0.37223752030189416
2019-03-03 07:54:00,0.29556441122582555
2019-03-03 07:57:00,0.4059616437112368
2019-03-03 08:00:00,0.2838021425156967
2019-03-03 08:03:00,0.3609625676236874
2019-03-03 08:06:00,0.382334645482274
2019-03-03 08:09:00,0.3486856916831016
2019-03-03 08:12:00,0.37515565748492463
2019-03-03 08:15:00,0.33529786592077926
2019-03-03 08:18:00,0.2361267965104048
2019-03-03 08:21:00,0.3091965345636254
2019-03-03 08:24:00,0.3193409189235581
2019-03-03 08:27:00,0.3680646191796768
2019-03-03 08:30:00,0.18580180216008557
2019-03-03 08:33:00,0.24457530023255458
2019-03-03 08:36:00,0.3056381660746865
2019-03-03 08:39:00,0.30491706579550737
2019-03-03 08:42:00,0.09778269878904666
2019-03-03 08:45:00,0.3115563992565171
2019-03-03 08:48:00,0.2714853773065329
2019-03-03 08:51:00,0.14546504731760024
2019-03-03 08:54:00,0.17785444939283934
2019-03-03 08:57:00,0.20039495762966908
2019-03-03 09:00:00,0.23381958376774037
2019-03-03 09:03:00,0.1972444259583881
2019-03-03 09:06:00,0.26896386070507106
2019-03-03 09:09:00,0.1617276568674697
2019-03-03 09:12:00,0.20976178497278397
2019-03-03 09:15:00,0.2034051238259167
2019-03-03 09:18:00,0.1711315640317821
2019-03-03 09:21:00,0.11727238625377367
2019-03-03 09:24:00,0.19283787352611625
2019-03-03 09:27:00,0.07754175492539161
2019-03-03 09:30:00,0.020602475533735287
2019-03-03 09:33:00,0.1059559393002587
2019-03-03 09:36:00,0.13535580766478006
2019-03-03 09:39:00,0.06223126306264248
2019-03-03 09:42:00,0.1355152768961716
2019-03-03 09:45:00,0.01658169724930758
2019-03-03 09:48:00,0.104436534943261
2019-03-03 09:51:00,0.011003312577031465
2019-03-03 09:54:00,0.06618282747655257
2019-03-03 09:57:00,0.031229795277283756
2019-03-03 10:00:00,-0.03338399555889282
2019-03-03 10:03:00,-0.010030678836812967
2019-03-03 10:06:00,-0.01716743280638866
2019-03-03 10:09:00,-0.08080081625996627
2019-03-03 10:12:00,-0.008038910957111511
2019-03-03 10:15:00,-0.039117673420037136
2019-03-03 10:18:00,-0.008988456052179572
2019-03-03 10:21:00,0.06965232481451267
2019-03-03 10:24:00,-0.008549840686441712
2019-03-03 10:27:00,-0.05692401757949028
2019-03-03 10:30:00,-0.14320320227272987
2019-03-03 10:33:00,-0.04459885224150639
2019-03-03 10:36:00,-0.14554109671547621
2019-03-03 10:39:00,-0.12184256811286787
2019-03-03 10:42:00,-0.1422429752400376
2019-03-03 10:45:00,-0.12795853947045543
2019-03-03 10:48:00,-0.08415798414046094
2019-03-03 10:51:00,-0.09022052779664591
2019-03-03 10:54:00,-0.15252303266834133
2019-03-03 10:57:00,-0.19549988597066204
2019-03-03 11:00:00,-0.09872832493999795
2019-03-03 11:03:00,-0.12080168726754437
2019-03-03 11:06:00,-0.10660327779373802
2019-03-03 11:09:00,-0.1493117806416535
2019-03-03 11:12:00,-0.16290160106069607
2019-03-03 11:15:00,-0.18309173236104925
2019-03-03 11:18:00,-0.1456968463553494
2019-03-03 11:21:00,-0.18180038593283143
2019-03-03 11:24:00,-0.2522290948520549
2019-03-03 11:27:00,-0.16988638611508122
2019-03-03 11:30:00,-0.1622737385557116
2019-03-03 11:33:00,-0.05569191120099504
2019-03-03 11:36:00,-0.18754060802876893
2019-03-03 11:39:00,-0.24130329370933623
2019-03-03 11:42:00,-0.26784844067913127
2019-03-03 11:45:00,-0.23169440415438203
2019-03-03 11:48:00,-0.21192725877352814
2019-03-03 11:51:00,-0.3298528904498994
2019-03-03 11:54:00,-0.25822831158234294
2019-03-03 11:57:00,-0.23208492948396042
2019-03-03 12:00:00,-0.2904525023373594
2019-03-03 12:03:00,-0.2532825674016408
2019-03-03 12:06:00,-0.19614966175288373
2019-03-03 12:09:00,-0.35601651347286634
2019-03-03 12:12:00,-0.3547490320989368
2019-03-03 12:15:00,-0.35558981639991316
2019-03-03 12:18:00,-0.2719488850270295
2019-03-03 12:21:00,-0.2731376282342808
2019-03-03 12:24:00,-0.345815897122975
2019-03-03 12:27:00,-0.3054993075589323
2019-03-03 12:30:00,-0.2619386486996973
2019-03-03 12:33:00,-0.3084817154750681
2019-03-03 12:36:00,-0.24865369464009746
2019-03-03 12:39:00,-0.27354854922486993
2019-03-03 12:42:00,-0.3000983818731129
2019-03-03 12:45:00,-0.3271746086747953
2019-03-03 12:48:00,-0.29966090904162
2019-03-03 12:51:00,-0.24789328016782974
2019-03-03 12:54:00,-0.3875066527918989
2019-03-03 12:57:00,-0.3587148911801705
2019-03-03 13:00:00,-0.3064019953768593
2019-03-03 13:03:00,-0.3294368182602625
2019-03-03 13:06:00,-0.4438687925648992
2019-03-03 13:09:00,-0.2775242104899007
2019-03-03 13:12:00,-0.365169315189803
2019-03-03 13:15:00,-0.4138890185937498
2019-03-03 13:18:00,-0.4482703413986542
2019-03-03 13:21:00,-0.4036973911909172
2019-03-03 13:24:00,-0.3338327704315134
2019-03-03 13:27:00,-0.47369178716172655
2019-03-03 13:30:00,-0.49980584681986784
2019-03-03 13:33:00,-0.45198467185969093
2019-03-03 13:36:00,-0.39590353483731633
2019-03-03 13:39:00,-0.5170674791644387
2019-03-03 13:42:00,-0.4196676031760376
2019-03-03 13:45:00,-0.4311019207172535
2019-03-03 13:48:00,-0.43064130869777273
2019-03-03 13:51:00,-0.5207897297671025
2019-03-03 13:54:00,-0.4428675529457564
2019-03-03 13:57:00,-0.47681227212200383
2019-03-03 14:00:00,-0.5595982057109836
2019-03-03 14:03:00,-0.4210216859025877
2019-03-03 14:06:00,-0.4553142247988262
2019-03-03 14:09:00,-0.30756565304864125
2019-03-03 14:12:00,-0.24373167377331129
2019-03-03 14:15:00,-0.31455944083546683
2019-03-03 14:18:00,-0.01277179947140894
2019-03-03 14:21:00,-0.11970790505478135
2019-03-03 14:24:00,-0.3140289631468818
2019-03-03 14:27:00,-0.30572196040628796
2019-03-03 14:30:00,-0.27566393243483844
2019-03-03 14:33:00,-0.38255182741158933
2019-03-03 14:36:00,-0.3874244300396299
2019-03-03 14:39:00,-0.2484489229981932
2019-03-03 14:42:00,-0.37684692372323525
2019-03-03 14:45:00,-0.28873530490045596
2019-03-03 14:48:00,-0.3177929217483779
2019-03-03 14:51:00,-0.40593455373181087
2019-03-03 14:54:00,-0.31008082244034085
2019-03-03 14:57:00,-0.2533974277181983
2019-03-03 15:00:00,-0.12465668894708415
2019-03-03 15:03:00,-0.09473810067555632
2019-03-03 15:06:00,-0.14572149350937025
2019-03-03 15:09:00,-0.1036094439344879
2019-03-03 15:12:00,-0.021332015323878295
2019-03-03 15:15:00,0.04232002258737566
2019-03-03 15:18:00,-0.126555688637211
2019-03-03 15:21:00,-0.10443665052849838
2019-03-03 15:24:00,0.025723393492228297
2019-03-03 15:27:00,0.04552791317729543
2019-03-03 15:30:00,0.11744438027756132
2019-03-03 15:33:00,0.2763048428926709
2019-03-03 15:36:00,0.22014968063348306
2019-03-03 15:39:00,-0.018351895772241278
2019-03-03 15:42:00,0.24049954680350538
2019-03-03 15:45:00,0.22431780774309118
2019-03-03 15:48:00,0.3369666829454445
2019-03-03 15:51:00,0.26200934806456644
2019-03-03 15:54:00,0.4754923925955268
2019-03-03 15:57:00,0.24581970905751405
2019-03-03 16:00:00,0.12937547286122708
2019-03-03 16:03:00,0.16099753970149777
2019-03-03 16:06:00,0.08694888330938966
2019-03-03 16:09:00,0.1319995644310552
2019-03-03 16:12:00,0.22438345110475666
2019-03-03 16:15:00,0.21814419258902262
2019-03-03 16:18:00,-0.024446947786429973
2019-03-03 16:21:00,0.10157461360120124
2019-03-03 16:24:00,0.16095525902539976
2019-03-03 16:27:00,0.2904662022367006
2019-03-03 16:30:00,0.40636242667056877
2019-03-03 16:33:00,0.5110521390150211
2019-03-03 16:36:00,0.4771572249656515
2019-03-03 16:39:00,0.45378518093571074
2019-03-03 16:42:00,0.6472274526680053
2019-03-03 16:45:00,0.6404538274292122
2019-03-03 16:48:00,0.5989078856391643
2019-03-03 16:51:00,0.672989839774857
2019-03-03 16:54:00,0.5676967747718322
2019-03-03 16:57:00,0.4919685186768561
2019-03-03 17:00:00,0.4119576799470792
2019-03-03 17:03:00,0.30868142934514253
2019-03-03 17:06:00,0.4691095700742949
2019-03-03 17:09:00,0.48589014738195146
2019-03-03 17:12:00,0.544466253428709
2019-03-03 17:15:00,0.5288346518859726
2019-03-03 17:18:00,0.5402879285803692
2019-03-03 17:21:00,0.3933320740291606
2019-03-03 17:24:00,0.4094437203957568
2019-03-03 17:27:00,0.5017157060084401
2019-03-03 17:30:00,0.552744292609475
2019-03-03 17:33:00,0.6386153801635146
2019-03-03 17:36:00,0.6447473462437756
2019-03-03 17:39:00,0.5815903846278729
2019-03-03 17:42:00,0.43850780621420427
2019-03-03 17:45:00,0.45033122437121165
2019-03-03 17:48:00,0.3119572422234569
2019-03-03 17:51:00,0.20914416751924136
2019-03-03 17:54:00,0.2466045524043352
2019-03-03 17:57:00,0.27808602161564977
2019-03-03 18:00:00,0.2530262127125411
2019-03-03 18:03:00,0.18847819282740375
2019-03-03 18:06:00,0.25309837282583203
2019-03-03 18:09:00,0.3023240843048143
2019-03-03 18:12:00,0.33474091009850326
2019-03-03 18:15:00,0.33004027341718256
2019-03-03 18:18:00,0.3042495206256035
2019-03-03 18:21:00,0.2346519166787857
2019-03-03 18:24:00,0.3003376018896802
2019-03-03 18:27:00,0.2319874183215802
2019-03-03 18:30:00,0.27456595457232424
2019-03-03 18:33:00,0.2962788151057225
2019-03-03 18:36:00,0.19412285300126086
2019-03-03 18:39:00,0.29912395566748273
2019-03-03 18:42:00,0.22967946386438598
2019-03-03 18:45:00,0.2728872071424462
2019-03-03 18:48:00,0.2509422665895613
2019-03-03 18:51:00,0.2665158443244877
2019-03-03 18:54:00,
2019-03-03 18:57:00,
2019-03-03 19:00:00,
2019-03-03 19:03:00,0.34372213207700497
2019-03-03 19:06:00,0.30592833266712205
2019-03-03 19:09:00,0.3843827511084328
2019-03-03 19:12:00,0.2857789933969457
2019-03-03 19:15:00,0.2373003131665996
2019-03-03 19:18:00,0.21990528932303732
2019-03-03 19:21:00,0.2248464172184299
2019-03-03 19:24:00,0.26394724051357343
2019-03-03 19:27:00,0.2773351266221198
2019-03-03 19:30:00,0.3023789626731741
2019-03-03 19:33:00,0.3941207705695433
2019-03-03 19:36:00,0.2994613234790222
2019-03-03 19:39:00,0.3247660095606193
2019-03-03 19:42:00,0.2822109623381266
2019-03-03 19:45:00,0.35048287770825937
2019-03-03 19:48:00,0.31325166813638816
2019-03-03 19:51:00,0.30065629989979925
2019-03-03 19:54:00,0.30795710611437244
2019-03-03 19:57:00,0.3068771704765254
2019-03-03 20:00:00,0.2518654269516105
2019-03-03 20:03:00,0.16013316183193638
2019-03-03 20:06:00,0.34521413739275886
2019-03-03 20:09:00,0.2687604862944113
2019-03-03 20:12:00,0.30766102714898125
2019-03-03 20:15:00,0.34459221904808146
2019-03-03 20:18:00,0.3900436669141527
2019-03-03 20:21:00,0.4153704936680356
2019-03-03 20:24:00,0.35311600045059777
2019-03-03 20:27:00,0.2585902063404433
2019-03-03 20:30:00,0.28855277374833577
2019-03-03 20:33:00,0.18126695652847502
2019-03-03 20:36:00,0.31602955184968096
2019-03-03 20:39:00,0.23264546139159847
2019-03-03 20:42:00,0.30193146776235835
2019-03-03 20:45:00,0.26299100221871186
2019-03-03 20:48:00,0.2768898210252928
2019-03-03 20:51:00,0.30060789505051844
2019-03-03 20:54:00,0.2597643611914009
2019-03-03 20:57:00,0.21659541979903452
2019-03-03 21:00:00,0.2628793010143795
2019-03-03 21:03:00,0.23879367401320906
2019-03-03 21:06:00,0.17325817061004045
2019-03-03 21:09:00,0.3086071058772859
2019-03-03 21:12:00,0.2574848066708455
2019-03-03 21:15:00,0.2661727480752347
2019-03-03 21:18:00,0.20928257758498603
2019-03-03 21:21:00,0.3313502014702294
2019-03-03 21:24:00,0.2746112062241082
2019-03-03 21:27:00,0.3083425165515905
2019-03-03 21:30:00,0.2593625201068903
2019-03-03 21:33:00,0.21171409314735
2019-03-03 21:36:00,0.3686041387198884
2019-03-03 21:39:00,0.21631278407397758
2019-03-03 21:42:00,0.31387939308154955
2019-03-03 21:45:00,0.3219221840668638
2019-03-03 21:48:00,0.2838493607400778
2019-03-03 21:51:00,0.28699740582032973
2019-03-03 21:54:00,0.40580202024318623
2019-03-03 21:57:00,0.37674967227968637
2019-03-03 22:00:00,0.33654585570462814
2019-03-03 22:03:00,0.25225137202369297
2019-03-03 22:06:00,0.3652277103254278
2019-03-03 22:09:00,0.43183056696278754
2019-03-03 22:12:00,0.3147634370456558
2019-03-03 22:15:00,0.31732292869730827
2019-03-03 22:18:00,0.2822420082298436
2019-03-03 22:21:00,0.3891896271978226
2019-03-03 22:24:00,0.41272894072034205
2019-03-03 22:27:00,0.33864274695366703
2019-03-03 22:30:00,0.2941587256065077
2019-03-03 22:33:00,0.2814866773055087
2019-03-03 22:36:00,0.4288624871138609
2019-03-03 22:39:00,0.3974914815947841
2019-03-03 22:42:00,0.35066653815692916
2019-03-03 22:45:00,0.39148208839174004
2019-03-03 22:48:00,0.33695753072942125
2019-03-03 22:51:00,0.3841349264124574
2019-03-03 22:54:00,0.5179691867555789
2019-03-03 22:57:00,0.37826476521166796
2019-03-03 23:00:00,0.5073439477536681
2019-03-03 23:03:00,0.398395133263989
2019-03-03 23:06:00,0.38522273055502865
2019-03-03 23:09:00,0.34682677850554455
2019-03-03 23:12:00,0.3576246736207622
2019-03-03 23:15:00,0.3359899716762129
2019-03-03 23:18:00,0.40959041866852886
2019-03-03 23:21:00,0.4819587442203783
2019-03-03 23:24:00,0.4770096403443631
2019-03-03 23:27:00,0.45106857509506426
2019-03-03 23:30:00,0.31510147770268304
2019-03-03 23:33:00,0.39130201128051567
2019-03-03 23:36:00,0.39202632838976115
2019-03-03 23:39:00,0.438679167373607
2019-03-03 23:42:00,0.3167175990847113
2019-03-03 23:45:00,0.44499810642423654
2019-03-03 23:48:00,0.4224202511176145
2019-03-03 23:51:00,0.4532416487982118
2019-03-03 23:54:00,0.4122459257927744
2019-03-03 23:57:00,0.4517679314385532
2019-03-04 00:00:00,0.3962415001964814
2019-03-04 00:03:00,0.48762941311565555
2019-03-04 00:06:00,0.4840871404692848
2019-03-04 00:09:00,0.43426841314277453
2019-03-04 00:12:00,0.4033517071222832
2019-03-04 00:15:00,0.47069834061062465
2019-03-04 00:18:00,0.3674078577280966
2019-03-04 00:21:00,0.4825963736141148
2019-03-04 00:24:00,0.3869574278156165
2019-03-04 00:27:00,0.5217821129214144
2019-03-04 00:30:00,0.39835971194884223
2019-03-04 00:33:00,0.49054671073042755
2019-03-04 00:36:00,0.44312046474283306
2019-03-04 00:39:00,0.41417921674752733
2019-03-04 00:42:00,0.43352544310806707
2019-03-04 00:45:00,0.4260427286538402
2019-03-04 00:48:00,0.4374037706496665
2019-03-04 00:51:00,0.44033572687561673
2019-03-04 00:54:00,0.4807495854363424
2019-03-04 00:57:00,0.4679108041929112
2019-03-04 01:00:00,0.5019578117924084
2019-03-04 01:03:00,0.45905892206513954
2019-03-04 01:06:00,0.38397373275915925
2019-03-04 01:09:00,0.4283835632492696
2019-03-04 01:12:00,0.47612111103546795
2019-03-04 01:15:00,0.4309624675490227
2019-03-04 01:18:00,0.453822758045078
2019-03-04 01:21:00,0.3970868758835877
2019-03-04 01:24:00,0.5566330220301552
2019-03-04 01:27:00,0.45204527382855986
2019-03-04 01:30:00,0.4150431320999246
2019-03-04 01:33:00,0.5103231857881951
2019-03-04 01:36:00,0.37695772702915065
2019-03-04 01:39:00,0.4298476491239853
2019-03-04 01:42:00,0.36280533167075646
2019-03-04 01:45:00,0.45701010914740436
2019-03-04 01:48:00,0.38056406902006756
2019-03-04 01:51:00,0.5331801672723486
2019-03-04 01:54:00,0.3965820282051027
2019-03-04 01:57:00,0.437200811127866
2019-03-04 02:00:00,0.4478210270106615
2019-03-04 02:03:00,0.4435145188579668
2019-03-04 02:06:00,0.4410185427864235
2019-03-04 02:09:00,0.36726104239107826
2019-03-04 02:12:00,0.44535349887314624
2019-03-04 02:15:00,0.38236033582444406
2019-03-04 02:18:00,0.3542168827473233
2019-03-04 02:21:00,0.46999680637736674
2019-03-04 02:24:00,0.4033899075624845
2019-03-04 02:27:00,0.36620491656742615
2019-03-04 02:30:00,0.3901487313498819
2019-03-04 02:33:00,0.454204302303026
2019-03-04 02:36:00,0.4310912284886399
2019-03-04 02:39:00,0.38234220257038487
2019-03-04 02:42:00,0.299170484004037
2019-03-04 02:45:00,0.34233737341173764
2019-03-04 02:48:00,0.380458663428783
2019-03-04 02:51:00,0.4345543953222659
2019-03-04 02:54:00,0.4047247532889173
2019-03-04 02:57:00,0.43302156792412916
2019-03-04 03:00:00,0.4107191435708728
2019-03-04 03:03:00,0.4833031654604838
2019-03-04 03:06:00,0.3754833379222191
2019-03-04 03:09:00,0.39370966375878425
2019-03-04 03:12:00,0.42333699739907615
2019-03-04 03:15:00,0.4613283861282298
2019-03-04 03:18:00,0.5228267281152057
2019-03-04 03:21:00,0.4060321522698018
2019-03-04 03:24:00,0.4323910782476901
2019-03-04 03:27:00,0.3840390376012124
2019-03-04 03:30:00,0.37880291898744645
2019-03-04 03:33:00,0.5090329846789245
2019-03-04 03:36:00,0.5387300299883009
2019-03-04 03:39:00,0.48342139695114383
2019-03-04 03:42:00,0.5012697866201279
2019-03-04 03:45:00,0.5380151836125151
2019-03-04 03:48:00,0.40380537202526057
2019-03-04 03:51:00,0.5473045863495827
2019-03-04 03:54:00,0.36566704539603734
2019-03-04 03:57:00,0.5531970401861486
2019-03-04 04:00:00,0.5303641690662175
2019-03-04 04:03:00,0.48533480008654806
2019-03-04 04:06:00,0.41399345913316665
2019-03-04 04:09:00,0.3580034054412522
2019-03-04 04:12:00,0.32894109470134936
2019-03-04 04:15:00,0.45979834674920994
2019-03-04 04:18:00,0.4278334933205201
2019-03-04 04:21:00,0.47320007518953844
2019-03-04 04:24:00,0.4699448188738984
2019-03-04 04:27:00,0.5278466285282661
2019-03-04 04:30:00,0.45615618335460795
2019-03-04 04:33:00,0.5408086853781242
2019-03-04 04:36:00,0.47939177111754816
2019-03-04 04:39:00,0.4649165930602521
2019-03-04 04:42:00,0.501157435343373
2019-03-04 04:45:00,0.46999169062047486
2019-03-04 04:48:00,0.4719726828116677
2019-03-04 04:51:00,0.3705320630559754
2019-03-04 04:54:00,0.5072931804799623
2019-03-04 04:57:00,0.4943488213543219
2019-03-04 05:00:00,0.5309650355413282
2019-03-04 05:03:00,0.540780196351136
2019-03-04 05:06:00,0.6319786208546248
2019-03-04 05:09:00,0.5407576130508005
2019-03-04 05:12:00,0.5228023867531988
2019-03-04 05:15:00,0.5070940188264217
2019-03-04 05:18:00,0.4888417858946923
2019-03-04 05:21:00,0.4652809181106363
2019-03-04 05:24:00,0.5113468024929944
2019-03-04 05:27:00,0.5044792004276246
2019-03-04 05:30:00,0.4405188552874506
2019-03-04 05:33:00,0.4403933886885625
2019-03-04 05:36:00,0.4066707645256997
2019-03-04 05:39:00,0.49242559282959064
2019-03-04 05:42:00,0.4544107228413168
2019-03-04 05:45:00,0.4642347937694353
2019-03-04 05:48:00,0.4443736503899345
2019-03-04 05:51:00,0.4721545970134571
2019-03-04 05:54:00,0.49258143585865355
2019-03-04 05:57:00,0.49232123104007997
2019-03-04 06:00:00,0.47454832469139774
2019-03-04 06:03:00,0.4141133074140271
2019-03-04 06:06:00,0.4973583804195414
2019-03-04 06:09:00,0.3864808886771698
2019-03-04 06:12:00,0.45094951249529913
2019-03-04 06:15:00,0.4296580439171862
2019-03-04 06:18:00,0.5112979990122994
2019-03-04 06:21:00,0.5545023280723171
2019-03-04 06:24:00,0.46850604037337007
2019-03-04 06:27:00,0.38746109059133005
2019-03-04 06:30:00,0.5899266108680763
2019-03-04 06:33:00,0.4979421931526531
2019-03-04 06:36:00,0.4673632438407367
2019-03-04 06:39:00,0.5776598010730254
2019-03-04 06:42:00,0.5750279910552649
2019-03-04 06:45:00,0.49080502809664495
2019-03-04 06:48:00,0.47455235000495577
2019-03-04 06:51:00,0.493452033055803
2019-03-04 06:54:00,0.5979712118295311
2019-03-04 06:57:00,0.5623495012352464
2019-03-04 07:00:00,0.5485914110785188
2019-03-04 07:03:00,0.5081549784076174
2019-03-04 07:06:00,0.5041334985860431
2019-03-04 07:09:00,0.5004146714216517
2019-03-04 07:12:00,0.5286021604164262
2019-03-04 07:15:00,0.5701840651424845
2019-03-04 07:18:00,0.46944445611137553
2019-03-04 07:21:00,0.6581785935391622
2019-03-04 07:24:00,0.5694578266056851
2019-03-04 07:27:00,0.6100297340757947
2019-03-04 07:30:00,0.5279310183773305
2019-03-04 07:33:00,0.38409402102035983
2019-03-04 07:36:00,0.5396421063306889
2019-03-04 07:39:00,0.5700355925380336
2019-03-04 07:42:00,0.5449132104415639
2019-03-04 07:45:00,0.5392099202298368
2019-03-04 07:48:00,0.5472257203562094
2019-03-04 07:51:00,0.5903365327196184
2019-03-04 07:54:00,0.567051115980064
2019-03-04 07:57:00,0.49953298044306393
2019-03-04 08:00:00,0.527287080721976
2019-03-04 08:03:00,0.42345516871932887
2019-03-04 08:06:00,0.46960161350449425
2019-03-04 08:09:00,0.5062623747762132
2019-03-04 08:12:00,0.5153835095036925
2019-03-04 08:15:00,0.4207912640199538
2019-03-04 08:18:00,0.4123321753756386
2019-03-04 08:21:00,0.4305834213814137
2019-03-04 08:24:00,0.39164922357218757
2019-03-04 08:27:00,0.43969896957059973
2019-03-04 08:30:00,0.38543319949110355
2019-03-04 08:33:00,0.32192627244256755
2019-03-04 08:36:00,0.40632738206772956
2019-03-04 08:39:00,0.2856353381384338
2019-03-04 08:42:00,0.282109963526068
2019-03-04 08:45:00,0.26638272003390284
2019-03-04 08:48:00,0.2987987905830778
2019-03-04 08:51:00,0.36230171404088196
2019-03-04 08:54:00,0.18777069158994664
2019-03-04 08:57:00,0.32497011242872986
2019-03-04 09:00:00,0.381560620951916
2019-03-04 09:03:00,0.26317839348354255
2019-03-04 09:06:00,0.29729937067480705
2019-03-04 09:09:00,0.2991627073548102
2019-03-04 09:12:00,0.11496961353532242
2019-03-04 09:15:00,0.2502679744716261
2019-03-04 09:18:00,0.22103619549164932
2019-03-04 09:21:00,0.17812471483443915
2019-03-04 09:24:00,0.2670377391654597
2019-03-04 09:27:00,0.18492430437680696
2019-03-04 09:30:00,0.15927865065856395
2019-03-04 09:33:00,0.09196940610650017
2019-03-04 09:36:00,0.20065829854223693
2019-03-04 09:39:00,0.14920536228646597
2019-03-04 09:42:00,0.06306112317508905
2019-03-04 09:45:00,0.17179168922717736
2019-03-04 09:48:00,0.10543655478579694
2019-03-04 09:51:00,0.05423540117902803
2019-03-04 09:54:00,0.07108834963446498
2019-03-04 09:57:00,0.10238569889543214
2019-03-04 10:00:00,0.103041437169054
2019-03-04 10:03:00,-0.05020648567494845
2019-03-04 10:06:00,-0.047595963566436694
2019-03-04 10:09:00,-0.11247682987124108
2019-03-04 10:12:00,-0.04783227487791919
2019-03-04 10:15:00,-0.06936954017891139
2019-03-04 10:18:00,-0.12653926315226727
2019-03-04 10:21:00,-0.11900635138073312
2019-03-04 10:24:00,0.01226390617330253
2019-03-04 10:27:00,-0.10185615545765359
2019-03-04 10:30:00,-0.0837647120608267
2019-03-04 10:33:00,-0.13149398056953032
2019-03-04 10:36:00,-0.16061361316428702
2019-03-04 10:39:00,-0.02235883122659743
2019-03-04 10:42:00,-0.1220564166976601
2019-03-04 10:45:00,-0.07639226998963977
2019-03-04 10:48:00,-0.07767961070896945
2019-03-04 10:51:00,-0.10804832793888863
2019-03-04 10:54:00,-0.14161653197362511
2019-03-04 10:57:00,-0.057490803423263515
2019-03-04 11:00:00,-0.1832747089838449
2019-03-04 11:03:00,-0.050047109893739616
2019-03-04 11:06:00,-0.10037870323105835
2019-03-04 11:09:00,-0.24983325801480305
2019-03-04 11:12:00,-0.20972252238664169
2019-03-04 11:15:00,-0.15075499591813468
2019-03-04 11:18:00,-0.14441795090459664
2019-03-04 11:21:00,-0.17633509521056112
2019-03-04 11:24:00,-0.13228549978992987
2019-03-04 11:27:00,-0.08195985298158348
2019-03-04 11:30:00,0.0027784748446038066
2019-03-04 11:33:00,-0.19776699285057475
2019-03-04 11:36:00,-0.23700976666469842
2019-03-04 11:39:00,-0.20753305984112558
2019-03-04 11:42:00,-0.23986546309015466
2019-03-04 11:45:00,-0.16861902035788034
2019-03-04 11:48:00,-0.10014230032055593
2019-03-04 11:51:00,-0.18134900706581902
2019-03-04 11:54:00,-0.1485160367321896
2019-03-04 11:57:00,-0.22264756722807988
2019-03-04 12:00:00,-0.14788618582133495
2019-03-04 12:03:00,-0.15770932804792892
2019-03-04 12:06:00,-0.2433820393471251
2019-03-04 12:09:00,-0.1329938061034568
2019-03-04 12:12:00,-0.1777625055034946
2019-03-04 12:15:00,-0.2517399491669039
2019-03-04 12:18:00,-0.09370889464224774
2019-03-04 12:21:00,-0.16982299517576394
2019-03-04 12:24:00,-0.2049116520954044
2019-03-04 12:27:00,-0.20665171386229986
2019-03-04 12:30:00,-0.17196851723446116
2019-03-04 12:33:00,-0.23068009297099934
2019-03-04 12:36:00,-0.2322673314840813
2019-03-04 12:39:00,-0.14652183410277075
2019-03-04 12:42:00,-0.24688547439762942
2019-03-04 12:45:00,-0.20440450239408392
2019-03-04 12:48:00,-0.17309099213207446
2019-03-04 12:51:00,-0.24688378431471847
2019-03-04 12:54:00,-0.1364167378250727
2019-03-04 12:57:00,-0.10662673669526157
2019-03-04 13:00:00,-0.22452990818987928
2019-03-04 13:03:00,-0.19809973719810614
2019-03-04 13:06:00,-0.20011374633281775
2019-03-04 13:09:00,-0.26292782938185155
2019-03-04 13:12:00,-0.2304605730031426
2019-03-04 13:15:00,-0.2503455170168536
2019-03-04 13:18:00,-0.2532235635383131
2019-03-04 13:21:00,-0.24833775737488395
2019-03-04 13:24:00,-0.21292563269889797
2019-03-04 13:27:00,-0.1698294744307418
2019-03-04 13:30:00,-0.1747766260782555
2019-03-04 13:33:00,-0.3154457166086786
2019-03-04 13:36:00,-0.22745058411112495
2019-03-04 13:39:00,-0.19988108285809858
2019-03-04 13:42:00,-0.3133764800434733
2019-03-04 13:45:00,-0.2342181383174875
2019-03-04 13:48:00,-0.2734583710522429
2019-03-04 13:51:00,-0.2698202097572562
2019-03-04 13:54:00,-0.3679944686790577
2019-03-04 13:57:00,-0.14166408441519707
2019-03-04 14:00:00,-0.3156235038290447
2019-03-04 14:03:00,-0.22919109489725997
2019-03-04 14:06:00,-0.29551157145004936
2019-03-04 14:09:00,-0.2966491227612664
2019-03-04 14:12:00,-0.32408360046969165
2019-03-04 14:15:00,-0.2751338402572401
2019-03-04 14:18:00,-0.297004890329049
2019-03-04 14:21:00,-0.2885451748508103
2019-03-04 14:24:00,-0.3198409986973729
2019-03-04 14:27:00,-0.3099701770202046
2019-03-04 14:30:00,-0.3321849807398394
2019-03-04 14:33:00,-0.2123470069900577
2019-03-04 14:36:00,-0.29060865647528544
2019-03-04 14:39:00,-0.38609596765974175
2019-03-04 14:42:00,-0.21233016992493958
2019-03-04 14:45:00,-0.2089567895980622
2019-03-04 14:48:00,-0.2972625192026612
2019-03-04 14:51:00,-0.2627353698649699
2019-03-04 14:54:00,-0.22044093375359353
2019-03-04 14:57:00,-0.24996167910416034
2019-03-04 15:00:00,-0.29664966144486016
2019-03-04 15:03:00,-0.28628725443559233
2019-03-04 15:06:00,-0.20221812892617663
2019-03-04 15:09:00,-0.11865169792679353
2019-03-04 15:12:00,-0.1623395431252561
2019-03-04 15:15:00,-0.12800461241766925
2019-03-04 15:18:00,-0.12011729128533943
2019-03-04 15:21:00,-0.024643974310833983
2019-03-04 15:24:00,-0.02916568301981215
2019-03-04 15:27:00,0.0017852764896701956
2019-03-04 15:30:00,0.0690505487414157
2019-03-04 15:33:00,0.09218764675006241
2019-03-04 15:36:00,0.15511414837897064
2019-03-04 15:39:00,0.23936463951775977
2019-03-04 15:42:00,0.19676910671165615
2019-03-04 15:45:00,0.16257462867645245
2019-03-04 15:48:00,0.09244218619886624
2019-03-04 15:51:00,-0.024009541332304707
2019-03-04 15:54:00,-0.10754520401320633
2019-03-04 15:57:00,-0.17721510512058103
2019-03-04 16:00:00,-0.06622520516759778
2019-03-04 16:03:00,-0.026956410483364834
2019-03-04 16:06:00,-0.10812013638735607
2019-03-04 16:09:00,-0.12301821665312218
2019-03-04 16:12:00,-0.09077738599887653
2019-03-04 16:15:00,-0.051537839079344394
2019-03-04 16:18:00,-0.2554509392544446
2019-03-04 16:21:00,-0.16758241905785098
2019-03-04 16:24:00,-0.24644449682227787
2019-03-04 16:27:00,-0.22714935728612318
2019-03-04 16:30:00,-0.2073984449514228
2019-03-04 16:33:00,-0.31940642983914813
2019-03-04 16:36:00,-0.3202798492185366
2019-03-04 16:39:00,-0.29752777088748417
2019-03-04 16:42:00,-0.2846983191105892
2019-03-04 16:45:00,-0.2540365111054257
2019-03-04 16:48:00,-0.2567324664298667
2019-03-04 16:51:00,-0.2617095440700723
2019-03-04 16:54:00,-0.2201741394350165
2019-03-04 16:57:00,-0.268764172942781
2019-03-04 17:00:00,-0.35945595973657873
2019-03-04 17:03:00,-0.25925073581720426
2019-03-04 17:06:00,-0.22200372502646815
2019-03-04 17:09:00,-0.21828235283248887
2019-03-04 17:12:00,-0.24224984469600486
2019-03-04 17:15:00,-0.22082088825754909
2019-03-04 17:18:00,-0.13095646942548456
2019-03-04 17:21:00,-0.12713386146782568
2019-03-04 17:24:00,-0.1279355469064285
2019-03-04 17:27:00,-0.060429942564212524
2019-03-04 17:30:00,-0.0075145072720488315
2019-03-04 17:33:00,0.032408203963257165
2019-03-04 17:36:00,0.03718896059655208
2019-03-04 17:39:00,0.004519091485803983
2019-03-04 17:42:00,-0.026715181436145485
2019-03-04 17:45:00,-0.09058535630589404
2019-03-04 17:48:00,-0.13187757529584587
2019-03-04 17:51:00,-0.10846561698889445
2019-03-04 17:54:00,-0.14907184260061968
2019-03-04 17:57:00,-0.18947877621047837
2019-03-04 18:00:00,-0.3381093090399645
2019-03-04 18:03:00,-0.3126171162573428
2019-03-04 18:06:00,-0.25859515378533615
2019-03-04 18:09:00,-0.173424367311668
2019-03-04 18:12:00,-0.16472226034977666
2019-03-04 18:15:00,-0.00037274888950378227
2019-03-04 18:18:00,0.046951037112251015
2019-03-04 18:21:00,-0.09675050377995831
2019-03-04 18:24:00,-0.1681574997087978
2019-03-04 18:27:00,-0.2006252320923636
2019-03-04 18:30:00,-0.19535504966904682
2019-03-04 18:33:00,-0.10170133852750496
2019-03-04 18:36:00,-0.19189192778134156
2019-03-04 18:39:00,-0.1578787206149741
2019-03-04 18:42:00,-0.30569474806958397
2019-03-04 18:45:00,-0.16877465712894946
2019-03-04 18:48:00,-0.11473932976110746
2019-03-04 18:51:00,-0.09943752943468098
2019-03-04 18:54:00,
2019-03-04 18:57:00,
2019-03-04 19:00:00,
2019-03-04 19:03:00,-0.13478831617464948
2019-03-04 19:06:00,-0.05017433529599202
2019-03-04 19:09:00,-0.1430645259156904
2019-03-04 19:12:00,-0.07938193878516131
2019-03-04 19:15:00,-0.028396173213025122
2019-03-04 19:18:00,-0.07142610001324101
2019-03-04 19:21:00,-0.1920961053020278
2019-03-04 19:24:00,-0.06460413869984905
2019-03-04 19:27:00,-0.05059066639205412
2019-03-04 19:30:00,-0.08136727923192666
2019-03-04 19:33:00,-0.13802444381519763
2019-03-04 19:36:00,-0.061776422164939504
2019-03-04 19:39:00,-0.06771733644382039
2019-03-04 19:42:00,0.0462732626763227
2019-03-04 19:45:00,-0.028074948356902496
2019-03-04 19:48:00,0.01594673741732322
2019-03-04 19:51:00,-0.04171479369119879
2019-03-04 19:54:00,-0.024805826405668085
2019-03-04 19:57:00,0.02855010252272905
2019-03-04 20:00:00,0.11525372473067819
2019-03-04 20:03:00,0.033334595397150224
2019-03-04 20:06:00,-0.010870103919558005
2019-03-04 20:09:00,0.0877248605112868
2019-03-04 20:12:00,0.08981357634354481
2019-03-04 20:15:00,-0.002571873647752909
2019-03-04 20:18:00,0.042190632373262815
2019-03-04 20:21:00,0.04598902384708481
2019-03-04 20:24:00,0.10541612131356715
2019-03-04 20:27:00,-0.01944611957202369
2019-03-04 20:30:00,0.03171221269383295
2019-03-04 20:33:00,-0.03470079213485633
2019-03-04 20:36:00,0.04651278291538574
2019-03-04 20:39:00,-0.01846643088288147
2019-03-04 20:42:00,0.0036405839489361824
2019-03-04 20:45:00,-0.08454311190496355
2019-03-04 20:48:00,0.008075783500089528
2019-03-04 20:51:00,0.06634797320077723
2019-03-04 20:54:00,0.12638391783707448
2019-03-04 20:57:00,0.12545793209886824
2019-03-04 21:00:00,0.1230663309454485
2019-03-04 21:03:00,0.04350979764524254
2019-03-04 21:06:00,0.08845055833558035
2019-03-04 21:09:00,0.042630732898714996
2019-03-04 21:12:00,0.08542234766429146
2019-03-04 21:15:00,0.09967826569936733
2019-03-04 21:18:00,0.12232831527865073
2019-03-04 21:21:00,0.07340928518954115
2019-03-04 21:24:00,0.04539804368209843
2019-03-04 21:27:00,0.07615044885949374
2019-03-04 21:30:00,0.1727276704090741
2019-03-04 21:33:00,0.12420634462625912
2019-03-04 21:36:00,-0.026028378122930462
2019-03-04 21:39:00,0.10610371111914674
2019-03-04 21:42:00,0.13396668381892596
2019-03-04 21:45:00,0.07168401444704386
2019-03-04 21:48:00,0.07081243819152405
2019-03-04 21:51:00,0.14358831201599287
2019-03-04 21:54:00,0.022418705184691134
2019-03-04 21:57:00,0.07006659761981382
2019-03-04 22:00:00,0.018675593362729614
2019-03-04 22:03:00,0.09383880720798743
2019-03-04 22:06:00,0.011597825511842075
2019-03-04 22:09:00,0.00256446475316352
2019-03-04 22:12:00,0.05093904406612637
2019-03-04 22:15:00,0.018159298688203762
2019-03-04 22:18:00,0.13108395299383346
2019-03-04 22:21:00,0.16035193054864294
2019-03-04 22:24:00,0.024801364265783832
2019-03-04 22:27:00,0.13981187682094287
2019-03-04 22:30:00,0.022379672973045217
2019-03-04 22:33:00,0.054002598539796054
2019-03-04 22:36:00,0.18668662077311637
2019-03-04 22:39:00,0.11256121184652557
2019-03-04 22:42:00,0.05057692902698818
2019-03-04 22:45:00,0.09049229315252205
2019-03-04 22:48:00,0.12654493893575136
2019-03-04 22:51:00,-0.016092402926574323
2019-03-04 22:54:00,0.09574883691686864
2019-03-04 22:57:00,0.0028184892580043197
2019-03-04 23:00:00,0.10713197132037067
2019-03-04 23:03:00,-0.05729764369345958
2019-03-04 23:06:00,0.08053169391286019
2019-03-04 23:09:00,0.07410110890731403
2019-03-04 23:12:00,0.04891051523048873
2019-03-04 23:15:00,0.032663393479424485
2019-03-04 23:18:00,0.11104911156212438
2019-03-04 23:21:00,0.1476378528726059
2019-03-04 23:24:00,0.07621727379910226
2019-03-04 23:27:00,0.05529254908100256
2019-03-04 23:30:00,0.1143492730331559
2019-03-04 23:33:00,0.1404212991268423
2019-03-04 23:36:00,0.04996432126262107
2019-03-04 23:39:00,0.13107000907598376
2019-03-04 23:42:00,0.08739843126465985
2019-03-04 23:45:00,0.18717522686267785
2019-03-04 23:48:00,0.15119528712529018
2019-03-04 23:51:00,0.023145453341101074
2019-03-04 23:54:00,0.0831323482112225
2019-03-04 23:57:00,0.11228622688298628
2019-03-05 00:00:00,0.101436997079702
2019-03-05 00:03:00,0.07431585318681755
2019-03-05 00:06:00,0.10810924197687655
2019-03-05 00:09:00,0.08636902424740356
2019-03-05 00:12:00,0.08758968957050683
2019-03-05 00:15:00,0.07318507532409058
2019-03-05 00:18:00,0.14035897891199056
2019-03-05 00:21:00,0.21736129235188173
2019-03-05 00:24:00,0.1917200119997915
2019-03-05 00:27:00,0.23284144711652743
2019-03-05 00:30:00,0.18016126341541394
2019-03-05 00:33:00,0.20497106070416748
2019-03-05 00:36:00,0.2026303322908234
2019-03-05 00:39:00,0.1609251802918834
2019-03-05 00:42:00,0.2722514734677475
2019-03-05 00:45:00,0.12033625937021952
2019-03-05 00:48:00,0.15389751742623048
2019-03-05 00:51:00,0.23962413976158814
2019-03-05 00:54:00,0.400644778133028
2019-03-05 00:57:00,0.168196921577362
2019-03-05 01:00:00,0.2070634979787087
2019-03-05 01:03:00,0.2514796976388993
2019-03-05 01:06:00,0.2746374231105051
2019-03-05 01:09:00,0.22683000952292787
2019-03-05 01:12:00,0.13221220178274962
2019-03-05 01:15:00,0.13780394354529335
2019-03-05 01:18:00,0.24512888369196162
2019-03-05 01:21:00,0.22685048076232306
2019-03-05 01:24:00,0.3082238845058214
2019-03-05 01:27:00,0.2555884102559389
2019-03-05 01:30:00,0.21166933257978826
2019-03-05 01:33:00,0.12100741023442652
2019-03-05 01:36:00,0.14419803610985582
2019-03-05 01:39:00,0.2408702311174693
2019-03-05 01:42:00,0.24352921680315376
2019-03-05 01:45:00,0.11634051941706502
2019-03-05 01:48:00,0.11115657885716246
2019-03-05 01:51:00,0.0597453831284156
2019-03-05 01:54:00,0.23468174591482693
2019-03-05 01:57:00,0.19675091789008547
2019-03-05 02:00:00,0.27485740592425145
2019-03-05 02:03:00,0.27629163221024555
2019-03-05 02:06:00,0.18891866401475
2019-03-05 02:09:00,0.2607185166040722
2019-03-05 02:12:00,0.18033616817791653
2019-03-05 02:15:00,0.27711924093591733
2019-03-05 02:18:00,0.25514300626900877
2019-03-05 02:21:00,0.2238352753238928
2019-03-05 02:24:00,0.2280147181470511
2019-03-05 02:27:00,0.11177497235354394
2019-03-05 02:30:00,0.16166397803101518
2019-03-05 02:33:00,0.1267462677321305
2019-03-05 02:36:00,0.20540679510111204
2019-03-05 02:39:00,0.25163512869283977
2019-03-05 02:42:00,0.2525458253473971
2019-03-05 02:45:00,0.1163345129090203
2019-03-05 02:48:00,0.18527544611089297
2019-03-05 02:51:00,0.17103806177522074
2019-03-05 02:54:00,0.17725381569334786
2019-03-05 02:57:00,0.21388001961412328
2019-03-05 03:00:00,0.22957407629331783
2019-03-05 03:03:00,0.14823715497914236
2019-03-05 03:06:00,0.184116316136965
2019-03-05 03:09:00,0.12858825843682098
2019-03-05 03:12:00,0.15583502721420928
2019-03-05 03:15:00,0.1066517835116656
2019-03-05 03:18:00,0.15597852610437712
2019-03-05 03:21:00,0.13523754768243634
2019-03-05 03:24:00,0.16787828167855423
2019-03-05 03:27:00,0.18037693926657994
2019-03-05 03:30:00,0.2003227508757277
2019-03-05 03:33:00,0.09792091175694395
2019-03-05 03:36:00,0.12448345309701381
2019-03-05 03:39:00,0.1548466230642589
2019-03-05 03:42:00,0.15680969173996573
2019-03-05 03:45:00,0.1136870983163476
2019-03-05 03:48:00,0.08949250848911561
2019-03-05 03:51:00,0.197817245670592
2019-03-05 03:54:00,0.17277164198139872
2019-03-05 03:57:00,0.15032446516789832
2019-03-05 04:00:00,0.11731990780663182
2019-03-05 04:03:00,0.10566300635809966
2019-03-05 04:06:00,0.18155931676363934
2019-03-05 04:09:00,0.24476483605002386
2019-03-05 04:12:00,0.2030618213950106
2019-03-05 04:15:00,0.1478987378714578
2019-03-05 04:18:00,0.1931533228532203
2019-03-05 04:21:00,0.1756007931858221
2019-03-05 04:24:00,0.09788427412718192
2019-03-05 04:27:00,0.1142757185760388
2019-03-05 04:30:00,0.05230986003942917
2019-03-05 04:33:00,0.20293938128088485
2019-03-05 04:36:00,0.2491886182489793
2019-03-05 04:39:00,0.1567001560616177
2019-03-05 04:42:00,0.12513906998896118
2019-03-05 04:45:00,0.16549577085964984
2019-03-05 04:48:00,0.25311209849064653
2019-03-05 04:51:00,0.2424319086360356
2019-03-05 04:54:00,0.24665631436164404
2019-03-05 04:57:00,0.22601172196402786
2019-03-05 05:00:00,0.1887285931113638
2019-03-05 05:03:00,0.19295260405300496
2019-03-05 05:06:00,0.25065790538172905
2019-03-05 05:09:00,0.14453977772643611
2019-03-05 05:12:00,0.16029647127601265
2019-03-05 05:15:00,0.1485658634247784
2019-03-05 05:18:00,0.1717473057280472
2019-03-05 05:21:00,0.3030714437380766
2019-03-05 05:24:00,0.15397876966829926
2019-03-05 05:27:00,0.15449424451645655
2019-03-05 05:30:00,0.23098449228103846
2019-03-05 05:33:00,0.2992714279526467
2019-03-05 05:36:00,0.2705166186175916
2019-03-05 05:39:00,0.23535492860804652
2019-03-05 05:42:00,0.23639894034783993
2019-03-05 05:45:00,0.29763264969898273
2019-03-05 05:48:00,0.19462938058126156
2019-03-05 05:51:00,0.30021818401263545
2019-03-05 05:54:00,0.30417080183212875
2019-03-05 05:57:00,0.2515633740109706
2019-03-05 06:00:00,0.24743344092422603
2019-03-05 06:03:00,0.2907379878074039
2019-03-05 06:06:00,0.29350043576653206
2019-03-05 06:09:00,0.24963458780251813
2019-03-05 06:12:00,0.21575981756933515
2019-03-05 06:15:00,0.27821172383085013
2019-03-05 06:18:00,0.2938396427825296
2019-03-05 06:21:00,0.26152985931742023
2019-03-05 06:24:00,0.2507171688097287
2019-03-05 06:27:00,0.13669736687455725
2019-03-05 06:30:00,0.2644721191024928
2019-03-05 06:33:00,0.18046258025123052
2019-03-05 06:36:00,0.3238739640036101
2019-03-05 06:39:00,0.17213917690980907
2019-03-05 06:42:00,0.27563618422345826
2019-03-05 06:45:00,0.24382281218021262
2019-03-05 06:48:00,0.2506308814112117
2019-03-05 06:51:00,0.2950380477703902
2019-03-05 06:54:00,0.25923948652263107
2019-03-05 06:57:00,0.1776332374021763
2019-03-05 07:00:00,0.23278848032350652
2019-03-05 07:03:00,0.21817608933901056
2019-03-05 07:06:00,0.19635154516430475
2019-03-05 07:09:00,0.10045688550803789
2019-03-05 07:12:00,0.21326936880319636
2019-03-05 07:15:00,0.36895700025422684
2019-03-05 07:18:00,0.48441705825518966
2019-03-05 07:21:00,0.46605917164271204
2019-03-05 07:24:00,0.26885316267362214
2019-03-05 07:27:00,0.3714261905851117
2019-03-05 07:30:00,0.3451371085216124
2019-03-05 07:33:00,0.354222204388293
2019-03-05 07:36:00,0.36930475219065784
2019-03-05 07:39:00,0.26050605257734105
2019-03-05 07:42:00,0.2034816198486169
2019-03-05 07:45:00,0.28232023389244887
2019-03-05 07:48:00,0.2790991543798782
2019-03-05 07:51:00,0.300117012422902
2019-03-05 07:54:00,0.1933000999827641
2019-03-05 07:57:00,0.26820235765131883
2019-03-05 08:00:00,0.2516565698518889
2019-03-05 08:03:00,0.2842238461959141
2019-03-05 08:06:00,0.18903017572893077
2019-03-05 08:09:00,0.24837276310444167
2019-03-05 08:12:00,0.2255669020556752
2019-03-05 08:15:00,0.16457754552948245
2019-03-05 08:18:00,0.06679918708812238
2019-03-05 08:21:00,0.19681684898961294
2019-03-05 08:24:00,0.211252491836035
2019-03-05 08:27:00,0.23848162873815681
2019-03-05 08:30:00,0.14446995690434505
2019-03-05 08:33:00,0.20581938624627583
2019-03-05 08:36:00,0.19014267126294726
2019-03-05 08:39:00,0.22463810840065435
2019-03-05 08:42:00,0.26927853158571224
2019-03-05 08:45:00,0.18836510284603492
2019-03-05 08:48:00,0.17371336206201704
2019-03-05 08:51:00,0.20422353467506582
2019-03-05 08:54:00,0.18269665411787628
2019-03-05 08:57:00,0.15329986471084567
2019-03-05 09:00:00,0.20212342791813853
2019-03-05 09:03:00,0.17001485497371505
2019-03-05 09:06:00,0.08572343692645745
2019-03-05 09:09:00,0.15353447512745788
2019-03-05 09:12:00,0.11357150613997646
2019-03-05 09:15:00,0.17320654776671063
2019-03-05 09:18:00,0.1595143759407165
2019-03-05 09:21:00,0.17247618842327483
2019-03-05 09:24:00,0.19743492895531745
2019-03-05 09:27:00,0.21561329440470445
2019-03-05 09:30:00,0.17671598472617234
2019-03-05 09:33:00,0.14208120943430913
2019-03-05 09:36:00,0.29742528926203704
2019-03-05 09:39:00,0.1490901045474402
2019-03-05 09:42:00,0.10833303895037716
2019-03-05 09:45:00,0.1353450818486408
2019-03-05 09:48:00,0.2217467939844937
2019-03-05 09:51:00,0.09968116230248825
2019-03-05 09:54:00,0.21471098275162603
2019-03-05 09:57:00,0.24154860808903322
2019-03-05 10:00:00,0.20422521290652185
2019-03-05 10:03:00,0.23476239402577903
2019-03-05 10:06:00,0.2454527779893283
2019-03-05 10:09:00,0.191385523532972
2019-03-05 10:12:00,0.07178400508644245
2019-03-05 10:15:00,0.08560668466543575
2019-03-05 10:18:00,0.16855390990883734
2019-03-05 10:21:00,0.15106516851267315
2019-03-05 10:24:00,0.18212183869894716
2019-03-05 10:27:00,0.24862793336814093
2019-03-05 10:30:00,0.0630973516335871
2019-03-05 10:33:00,0.06697044357957793
2019-03-05 10:36:00,0.10513825819793965
2019-03-05 10:39:00,0.1399400841795
2019-03-05 10:42:00,-0.0033625089591851065
2019-03-05 10:45:00,0.03818547718776699
2019-03-05 10:48:00,0.09263183084385673
2019-03-05 10:51:00,0.08764783030954959
2019-03-05 10:54:00,-0.03751868297462124
2019-03-05 10:57:00,0.02784305919419694
2019-03-05 11:00:00,0.1301875397391541
2019-03-05 11:03:00,0.05169485749803471
2019-03-05 11:06:00,0.11815660116604931
2019-03-05 11:09:00,0.0040736858680361365
2019-03-05 11:12:00,0.05421263176310731
2019-03-05 11:15:00,0.10509127894465564
2019-03-05 11:18:00,-0.01523395924880333
2019-03-05 11:21:00,0.005601086999149629
2019-03-05 11:24:00,0.06805485552320079
2019-03-05 11:27:00,0.08732044787615223
2019-03-05 11:30:00,-0.006016589455157373
2019-03-05 11:33:00,0.008470438258314061
2019-03-05 11:36:00,-0.07596004399067624
2019-03-05 11:39:00,0.01163621840231599
2019-03-05 11:42:00,0.045451916103957046
2019-03-05 11:45:00,-0.017670569290146432
2019-03-05 11:48:00,-0.024735236716821873
2019-03-05 11:51:00,-0.019013316455584572
2019-03-05 11:54:00,-0.04885205239861534
2019-03-05 11:57:00,-0.042792610599690306
2019-03-05 12:00:00,-0.003365642753863085
2019-03-05 12:03:00,-0.0381229077195826
2019-03-05 12:06:00,-0.09940297862107172
2019-03-05 12:09:00,-0.12880406227202457
2019-03-05 12:12:00,-0.11177307871440689
2019-03-05 12:15:00,0.019863202445890238
2019-03-05 12:18:00,-0.094401308306999
2019-03-05 12:21:00,-0.15443277038531278
2019-03-05 12:24:00,-0.09677292619898026
2019-03-05 12:27:00,-0.10913899854307374
2019-03-05 12:30:00,-0.17971453831307826
2019-03-05 12:33:00,-0.16694910944096364
2019-03-05 12:36:00,-0.11979423635960984
2019-03-05 12:39:00,-0.17577112048496701
2019-03-05 12:42:00,-0.13951210112560375
2019-03-05 12:45:00,-0.2172541766260565
2019-03-05 12:48:00,-0.1811620482905596
2019-03-05 12:51:00,-0.2358094577916745
2019-03-05 12:54:00,-0.19588223084718948
2019-03-05 12:57:00,-0.136065559038002
2019-03-05 13:00:00,-0.2595636934107688
2019-03-05 13:03:00,-0.10796658041715546
2019-03-05 13:06:00,-0.09362770590433911
2019-03-05 13:09:00,-0.135944315546908
2019-03-05 13:12:00,-0.20490119355832803
2019-03-05 13:15:00,-0.14400783834162212
2019-03-05 13:18:00,-0.3260552727310255
2019-03-05 13:21:00,-0.1965380599732498
2019-03-05 13:24:00,-0.10832778764961404
2019-03-05 13:27:00,-0.3084325695726875
2019-03-05 13:30:00,-0.32528381601309775
2019-03-05 13:33:00,-0.2278891740422182
2019-03-05 13:36:00,-0.2045482758873618
2019-03-05 13:39:00,-0.3738226221673244
2019-03-05 13:42:00,-0.20189193229288094
2019-03-05 13:45:00,-0.27364210734992866
2019-03-05 13:48:00,-0.3070938631017839
2019-03-05 13:51:00,-0.22944220921459646
2019-03-05 13:54:00,-0.22954801900147004
2019-03-05 13:57:00,-0.20436684506347547
2019-03-05 14:00:00,-0.23239476761619926
2019-03-05 14:03:00,-0.25644053612785456
2019-03-05 14:06:00,-0.28519625103706403
2019-03-05 14:09:00,-0.3656088101966475
2019-03-05 14:12:00,-0.3585313532656187
2019-03-05 14:15:00,-0.3235892643647844
2019-03-05 14:18:00,-0.2479175173386352
2019-03-05 14:21:00,-0.31168381505989373
2019-03-05 14:24:00,-0.32520784101274103
2019-03-05 14:27:00,-0.2303646772905381
2019-03-05 14:30:00,-0.26097902959890007
2019-03-05 14:33:00,-0.12113485157220794
2019-03-05 14:36:00,-0.2719037565013309
2019-03-05 14:39:00,-0.1269380667824862
2019-03-05 14:42:00,-0.2371474689267643
2019-03-05 14:45:00,-0.2515398060239704
2019-03-05 14:48:00,-0.25387360760106503
2019-03-05 14:51:00,-0.3622519799696988
2019-03-05 14:54:00,-0.33872739089804327
2019-03-05 14:57:00,-0.38321777610559593
2019-03-05 15:00:00,-0.3393633915255805
2019-03-05 15:03:00,-0.28817077122812407
2019-03-05 15:06:00,-0.36251393098962126
2019-03-05 15:09:00,-0.37637764628146897
2019-03-05 15:12:00,-0.2724755637918861
2019-03-05 15:15:00,-0.2806583180640132
2019-03-05 15:18:00,-0.28024121710609506
2019-03-05 15:21:00,-0.29509206204443217
2019-03-05 15:24:00,-0.2499412340462186
2019-03-05 15:27:00,-0.24109590121116753
2019-03-05 15:30:00,-0.3224279203722631
2019-03-05 15:33:00,-0.2613180634722312
2019-03-05 15:36:00,-0.23691934851109409
2019-03-05 15:39:00,-0.3248228735459975
2019-03-05 15:42:00,-0.2798847139882241
2019-03-05 15:45:00,-0.27044536233012195
2019-03-05 15:48:00,-0.32705876992895355
2019-03-05 15:51:00,-0.2691995112171526
2019-03-05 15:54:00,-0.3482430227413147
2019-03-05 15:57:00,-0.25389884468336277
2019-03-05 16:00:00,-0.2682540196030345
2019-03-05 16:03:00,-0.2587448174092515
2019-03-05 16:06:00,-0.2997331868547235
2019-03-05 16:09:00,-0.26963580182325586
2019-03-05 16:12:00,-0.23628820365513548
2019-03-05 16:15:00,-0.22734655900404732
2019-03-05 16:18:00,-0.20448291001343932
2019-03-05 16:21:00,-0.3420454930597998
2019-03-05 16:24:00,-0.13126855265710446
2019-03-05 16:27:00,-0.15075506232778935
2019-03-05 16:30:00,-0.19478781243327603
2019-03-05 16:33:00,-0.1296481535519547
2019-03-05 16:36:00,-0.15304196884250132
2019-03-05 16:39:00,-0.19390874808544822
2019-03-05 16:42:00,-0.03763144487692216
2019-03-05 16:45:00,-0.1080944494261189
2019-03-05 16:48:00,-0.09360057771613128
2019-03-05 16:51:00,-0.08443969612613955
2019-03-05 16:54:00,-0.14501653693849903
2019-03-05 16:57:00,-0.2688940929102728
2019-03-05 17:00:00,-0.18912590535450136
2019-03-05 17:03:00,-0.3102892363103251
2019-03-05 17:06:00,-0.24801555727236746
2019-03-05 17:09:00,-0.2464304262230712
2019-03-05 17:12:00,-0.23749668914189215
2019-03-05 17:15:00,-0.2041564651329395
2019-03-05 17:18:00,-0.12173073123415179
2019-03-05 17:21:00,-0.14462266922197387
2019-03-05 17:24:00,-0.10990001683597939
2019-03-05 17:27:00,-0.052551241800472326
2019-03-05 17:30:00,0.11363417109538432
2019-03-05 17:33:00,-0.044000071193067924
2019-03-05 17:36:00,-0.024581141237149495
2019-03-05 17:39:00,0.02703419020849651
2019-03-05 17:42:00,-0.09559825409206724
2019-03-05 17:45:00,-0.04415988935710402
2019-03-05 17:48:00,-0.06926385115349376
2019-03-05 17:51:00,-0.053814836991875836
2019-03-05 17:54:00,-0.12623932173698904
2019-03-05 17:57:00,-0.14652236575784627
2019-03-05 18:00:00,-0.16870933073801098
2019-03-05 18:03:00,-0.0836532614044927
2019-03-05 18:06:00,-0.1445264608457819
2019-03-05 18:09:00,-0.09041466059767345
2019-03-05 18:12:00,-0.23309820462475273
2019-03-05 18:15:00,-0.05790441682171377
2019-03-05 18:18:00,-0.06026804561878407
2019-03-05 18:21:00,-0.08944133479036509
2019-03-05 18:24:00,-0.06160659978439753
2019-03-05 18:27:00,-0.03915948587109597
2019-03-05 18:30:00,0.013942270891618591
2019-03-05 18:33:00,-0.00870006104020149
2019-03-05 18:36:00,-0.11292806710321202
2019-03-05 18:39:00,-0.020979331156468106
2019-03-05 18:42:00,-0.04239822552540318
2019-03-05 18:45:00,0.023608007209020343
2019-03-05 18:48:00,0.005308915222428823
2019-03-05 18:51:00,-0.005436056439521053
2019-03-05 18:54:00,
2019-03-05 18:57:00,
2019-03-05 19:00:00,
2019-03-05 19:03:00,0.04867598787194538
2019-03-05 19:06:00,0.01930038373836851
2019-03-05 19:09:00,-0.024634289139214616
2019-03-05 19:12:00,-0.007971060920226591
2019-03-05 19:15:00,-0.00553651889822504
2019-03-05 19:18:00,0.11141546695102988
2019-03-05 19:21:00,-0.02429375301278469
2019-03-05 19:24:00,0.025144118408491067
2019-03-05 19:27:00,0.039193820808577584
2019-03-05 19:30:00,0.03256547968049972
2019-03-05 19:33:00,0.022935374398230124
2019-03-05 19:36:00,-0.04698132571604674
2019-03-05 19:39:00,0.0031286188985859553
2019-03-05 19:42:00,-0.0033882966678220328
2019-03-05 19:45:00,-0.09642896716786709
2019-03-05 19:48:00,-0.04247224245546022
2019-03-05 19:51:00,0.012290058360122202
2019-03-05 19:54:00,-0.02656959175959628
2019-03-05 19:57:00,-0.009858181556182899
2019-03-05 20:00:00,0.024540890468131238
2019-03-05 20:03:00,0.04157911853576479
2019-03-05 20:06:00,0.10715670722487403
2019-03-05 20:09:00,0.0419558329833194
2019-03-05 20:12:00,-0.03212790157016343
2019-03-05 20:15:00,0.040806453269397025
2019-03-05 20:18:00,0.01773768057620373
2019-03-05 20:21:00,-0.0343667135649639
2019-03-05 20:24:00,-0.008605043280454083
2019-03-05 20:27:00,0.02930946039094806
2019-03-05 20:30:00,0.1657263368437043
2019-03-05 20:33:00,0.04263692268170871
2019-03-05 20:36:00,0.07854524198842228
2019-03-05 20:39:00,-0.02080449836853404
2019-03-05 20:42:00,0.01507427604269651
2019-03-05 20:45:00,-0.1067671823747105
2019-03-05 20:48:00,-0.021686516495378783
2019-03-05 20:51:00,-0.04612226160662658
2019-03-05 20:54:00,-0.010355251912983476
2019-03-05 20:57:00,0.0688583337118871
2019-03-05 21:00:00,0.00020626012269531202
2019-03-05 21:03:00,-0.03896566611683738
2019-03-05 21:06:00,0.04493544264767024
2019-03-05 21:09:00,0.03483428511611919
2019-03-05 21:12:00,0.12024790297147092
2019-03-05 21:15:00,0.03869698956970069
2019-03-05 21:18:00,0.011044747219614237
2019-03-05 21:21:00,-0.006213048065944804
2019-03-05 21:24:00,0.046112756885065664
2019-03-05 21:27:00,0.06253961017779375
2019-03-05 21:30:00,0.039309969224234464
2019-03-05 21:33:00,0.03384143267692252
2019-03-05 21:36:00,0.07045629420821342
2019-03-05 21:39:00,0.15894639693993895
2019-03-05 21:42:00,0.030888245938854197
2019-03-05 21:45:00,0.029377889384988976
2019-03-05 21:48:00,0.019237682160280656
2019-03-05 21:51:00,0.03431861270371428
2019-03-05 21:54:00,-0.008474768581891112
2019-03-05 21:57:00,0.02322086040561544
2019-03-05 22:00:00,0.1374965018640637
2019-03-05 22:03:00,0.11849358046691805
2019-03-05 22:06:00,0.12094995379584361
2019-03-05 22:09:00,0.15077730470454753
2019-03-05 22:12:00,0.009092763521891811
2019-03-05 22:15:00,0.1461735856300379
2019-03-05 22:18:00,0.15714562831590229
2019-03-05 22:21:00,0.04620160785469807
2019-03-05 22:24:00,0.10372710229654558
2019-03-05 22:27:00,0.17817075179465292
2019-03-05 22:30:00,0.1671020701264183
2019-03-05 22:33:00,0.08206247960833934
2019-03-05 22:36:00,0.06184891962374195
2019-03-05 22:39:00,0.15246023087962612
2019-03-05 22:42:00,0.16856506738724875
2019-03-05 22:45:00,0.13512469166124674
2019-03-05 22:48:00,0.0750538003588872
2019-03-05 22:51:00,0.1340074843267871
2019-03-05 22:54:00,0.1120102474864666
2019-03-05 22:57:00,0.1563636991900239
2019-03-05 23:00:00,0.07643622799099603
2019-03-05 23:03:00,0.15265044407510686
2019-03-05 23:06:00,0.13807379433995948
2019-03-05 23:09:00,0.07128141230566598
2019-03-05 23:12:00,0.04933358235388141
2019-03-05 23:15:00,0.1214022174741558
2019-03-05 23:18:00,0.11861179148041856
2019-03-05 23:21:00,0.06117519813801664
2019-03-05 23:24:00,0.14662925821386352
2019-03-05 23:27:00,0.10534630912729881
2019-03-05 23:30:00,0.15468016634537207
2019-03-05 23:33:00,0.07269523086466734
2019-03-05 23:36:00,0.12026721446488864
2019-03-05 23:39:00,0.12005904367890707
2019-03-05 23:42:00,0.0943645388956611
2019-03-05 23:45:00,0.09687912184176639
2019-03-05 23:48:00,0.09036300037359979
2019-03-05 23:51:00,0.10720567635672751
2019-03-05 23:54:00,0.22768915160077086
2019-03-05 23:57:00,0.1860439882841547
2019-03-06 00:00:00,0.13594304439459393
2019-03-06 00:03:00,0.0993394616376122
2019-03-06 00:06:00,0.03866799802131027
2019-03-06 00:09:00,0.03552477363211892
2019-03-06 00:12:00,0.1143993892491153
2019-03-06 00:15:00,0.12449434256882341
2019-03-06 00:18:00,0.1241335502494394
2019-03-06 00:21:00,0.13401485132681046
2019-03-06 00:24:00,0.14523771079933567
2019-03-06 00:27:00,0.07669359353656091
2019-03-06 00:30:00,0.11122445174191853
2019-03-06 00:33:00,0.16756185182015315
2019-03-06 00:36:00,0.22606985112116718
2019-03-06 00:39:00,0.11571945805195583
2019-03-06 00:42:00,0.16609773439830633
2019-03-06 00:45:00,0.2536837091607822
2019-03-06 00:48:00,0.1952711029390457
2019-03-06 00:51:00,0.1509641817314673
2019-03-06 00:54:00,0.13676357417904228
2019-03-06 00:57:00,0.19639928781373328
2019-03-06 01:00:00,0.11927519643643336
2019-03-06 01:03:00,0.15486143954723275
2019-03-06 01:06:00,0.18836942785077326
2019-03-06 01:09:00,0.15629602642712825
2019-03-06 01:12:00,0.08412837035530174
2019-03-06 01:15:00,0.23664640031091722
2019-03-06 01:18:00,0.16776306252228324
2019-03-06 01:21:00,0.13190439061190773
2019-03-06 01:24:00,0.3186897521939045
2019-03-06 01:27:00,0.31664593306282995
2019-03-06 01:30:00,0.3076510113901918
2019-03-06 01:33:00,0.30105222547769017
2019-03-06 01:36:00,0.3110558257299658
2019-03-06 01:39:00,0.3872204850898129
2019-03-06 01:42:00,0.30758590020167276
2019-03-06 01:45:00,0.2599527966850701
2019-03-06 01:48:00,0.1977133979884229
2019-03-06 01:51:00,0.21431444104786124
2019-03-06 01:54:00,0.24980993015071817
2019-03-06 01:57:00,0.15541034510226837
2019-03-06 02:00:00,0.2383121700691504
2019-03-06 02:03:00,0.19812443746621966
2019-03-06 02:06:00,0.22903405291935997
2019-03-06 02:09:00,0.147599541316481
2019-03-06 02:12:00,0.09240764337238261
2019-03-06 02:15:00,0.24719017284138545
2019-03-06 02:18:00,0.10953702876491889
2019-03-06 02:21:00,0.23377180533509545
2019-03-06 02:24:00,0.21315701870560133
2019-03-06 02:27:00,0.3145742152194657
2019-03-06 02:30:00,0.1810911696219364
2019-03-06 02:33:00,0.15156848319224991
2019-03-06 02:36:00,0.17797342823337203
2019-03-06 02:39:00,0.24706250079839265
2019-03-06 02:42:00,0.12854604475120368
2019-03-06 02:45:00,0.12528305747360946
2019-03-06 02:48:00,0.1277325159346674
2019-03-06 02:51:00,0.18956722689938488
2019-03-06 02:54:00,0.1875581099707233
2019-03-06 02:57:00,0.14462917745908044
2019-03-06 03:00:00,0.2230463149672346
2019-03-06 03:03:00,0.166162637536047
2019-03-06 03:06:00,0.14645748333140318
2019-03-06 03:09:00,0.12311216121315738
2019-03-06 03:12:00,0.1292777006747201
2019-03-06 03:15:00,0.16678552378914446
2019-03-06 03:18:00,0.2323001117053991
2019-03-06 03:21:00,0.1706022748730902
2019-03-06 03:24:00,0.2478769584565157
2019-03-06 03:27:00,0.22504016095518864
2019-03-06 03:30:00,0.21605482209929505
2019-03-06 03:33:00,0.21768929585505248
2019-03-06 03:36:00,0.1422592157068152
2019-03-06 03:39:00,0.21041090011016195
2019-03-06 03:42:00,0.20292040507018783
2019-03-06 03:45:00,0.24400116838069152
2019-03-06 03:48:00,0.24625687240035177
2019-03-06 03:51:00,0.2428219346768401
2019-03-06 03:54:00,0.3173173376341083
2019-03-06 03:57:00,0.18355213047004781
2019-03-06 04:00:00,0.24061958278616657
2019-03-06 04:03:00,0.21621023226970237
2019-03-06 04:06:00,0.17457228364986577
2019-03-06 04:09:00,0.1847878999022896
2019-03-06 04:12:00,0.2638720339941756
2019-03-06 04:15:00,0.2295546490915399
2019-03-06 04:18:00,0.2394011286291402
2019-03-06 04:21:00,0.3168469617300502
2019-03-06 04:24:00,0.23713777157570348
2019-03-06 04:27:00,0.30200953829529453
2019-03-06 04:30:00,0.1975743410507107
2019-03-06 04:33:00,0.3022230439065652
2019-03-06 04:36:00,0.31252475891358245
2019-03-06 04:39:00,0.24794173259397212
2019-03-06 04:42:00,0.25553210216151
2019-03-06 04:45:00,0.2594596901731734
2019-03-06 04:48:00,0.2639933154307528
2019-03-06 04:51:00,0.2994613234291137
2019-03-06 04:54:00,0.23459682815928318
2019-03-06 04:57:00,0.20299284991483546
2019-03-06 05:00:00,0.24329241052629413
2019-03-06 05:03:00,0.25487581797932535
2019-03-06 05:06:00,0.294333672772666
2019-03-06 05:09:00,0.13875247684092074
2019-03-06 05:12:00,0.23819001560190145
2019-03-06 05:15:00,0.2142319743762755
2019-03-06 05:18:00,0.16711905340656585
2019-03-06 05:21:00,0.1909805486179721
2019-03-06 05:24:00,0.12383683620458896
2019-03-06 05:27:00,0.2055432030105635
2019-03-06 05:30:00,0.22562663576684372
2019-03-06 05:33:00,0.19897733965700581
2019-03-06 05:36:00,0.22440049792493255
2019-03-06 05:39:00,0.28631905748272857
2019-03-06 05:42:00,0.2859178031796432
2019-03-06 05:45:00,0.1756722771288537
2019-03-06 05:48:00,0.2828593235666972
2019-03-06 05:51:00,0.1699959384518479
2019-03-06 05:54:00,0.27556176624699447
2019-03-06 05:57:00,0.30571757219348683
2019-03-06 06:00:00,0.2741786454980115
2019-03-06 06:03:00,0.21153447235849399
2019-03-06 06:06:00,0.2599039576851965
2019-03-06 06:09:00,0.22238695748319515
2019-03-06 06:12:00,0.17258166780737838
2019-03-06 06:15:00,0.25620432595235343
2019-03-06 06:18:00,0.24299897059847808
2019-03-06 06:21:00,0.27874202688548166
2019-03-06 06:24:00,0.25762895238000283
2019-03-06 06:27:00,0.37103807072384143
2019-03-06 06:30:00,0.3740100019796273
2019-03-06 06:33:00,0.33083779532739754
2019-03-06 06:36:00,0.2691970216855566
2019-03-06 06:39:00,0.2407932130718109
2019-03-06 06:42:00,0.33890358964521283
2019-03-06 06:45:00,0.32276598576902416
2019-03-06 06:48:00,0.2856330210359488
2019-03-06 06:51:00,0.36312750399781635
2019-03-06 06:54:00,0.2815360362566821
2019-03-06 06:57:00,0.33811148586676154
2019-03-06 07:00:00,0.27875995599509906
2019-03-06 07:03:00,0.29441915420522946
2019-03-06 07:06:00,0.38217258190712755
2019-03-06 07:09:00,0.33787438099119527
2019-03-06 07:12:00,0.4020378949203405
2019-03-06 07:15:00,0.3975589576231755
2019-03-06 07:18:00,0.3754221295722573
2019-03-06 07:21:00,0.28680898310722114
2019-03-06 07:24:00,0.24034845459129883
2019-03-06 07:27:00,0.2364217418285648
2019-03-06 07:30:00,0.3053374613889446
2019-03-06 07:33:00,0.2526728510392786
2019-03-06 07:36:00,0.30505276024058503
2019-03-06 07:39:00,0.3737302254933752
2019-03-06 07:42:00,0.2912140275182651
2019-03-06 07:45:00,0.4134240490303114
2019-03-06 07:48:00,0.2521807315765159
2019-03-06 07:51:00,0.20939350804798096
2019-03-06 07:54:00,0.21166169007028657
2019-03-06 07:57:00,0.27490848774237975
2019-03-06 08:00:00,0.3112982742238728
2019-03-06 08:03:00,0.29199512453755005
2019-03-06 08:06:00,0.3368151816375189
2019-03-06 08:09:00,0.3416541865393583
2019-03-06 08:12:00,0.20999317278091212
2019-03-06 08:15:00,0.32812993683245395
2019-03-06 08:18:00,0.22484309488396548
2019-03-06 08:21:00,0.2718442256418143
2019-03-06 08:24:00,0.23298278078436852
2019-03-06 08:27:00,0.1247939055522238
2019-03-06 08:30:00,0.30049445772715444
2019-03-06 08:33:00,0.13182744073174035
2019-03-06 08:36:00,0.20867691660123455
2019-03-06 08:39:00,0.22034790294719642
2019-03-06 08:42:00,0.19250610645599409
2019-03-06 08:45:00,0.1964131714299242
2019-03-06 08:48:00,0.22654161154218855
2019-03-06 08:51:00,0.29812218932823953
2019-03-06 08:54:00,0.1480162850864417
2019-03-06 08:57:00,0.2031375705810774
2019-03-06 09:00:00,0.17161879188216744
2019-03-06 09:03:00,0.2883164726200107
2019-03-06 09:06:00,0.14311248106480434
2019-03-06 09:09:00,0.29478148155646977
2019-03-06 09:12:00,0.37282120452255185
2019-03-06 09:15:00,0.3195889408962671
2019-03-06 09:18:00,0.2709985837229283
2019-03-06 09:21:00,0.33174636517685485
2019-03-06 09:24:00,0.24289408649741517
2019-03-06 09:27:00,0.2764881156987826
2019-03-06 09:30:00,0.2259846742300624
2019-03-06 09:33:00,0.20302993435950611
2019-03-06 09:36:00,0.1843262984834837
2019-03-06 09:39:00,0.20856130535838702
2019-03-06 09:42:00,0.2691940815151952
2019-03-06 09:45:00,0.23916178043253922
2019-03-06 09:48:00,0.2871200492663206
2019-03-06 09:51:00,0.25602925688804135
2019-03-06 09:54:00,0.27104670469964276
2019-03-06 09:57:00,0.24730056606472317
2019-03-06 10:00:00,0.16742985338720473
2019-03-06 10:03:00,0.11200842217812124
2019-03-06 10:06:00,0.20958692310250626
2019-03-06 10:09:00,0.19846309086517522
2019-03-06 10:12:00,0.2570658808091366
2019-03-06 10:15:00,0.2611667453195423
2019-03-06 10:18:00,0.3592957128943226
2019-03-06 10:21:00,0.27620338371599473
2019-03-06 10:24:00,0.2662444040623768
2019-03-06 10:27:00,0.2006126296136017
2019-03-06 10:30:00,0.2703858251853717
2019-03-06 10:33:00,0.23721456223893256
2019-03-06 10:36:00,0.2544680327209221
2019-03-06 10:39:00,0.2816788890816042
2019-03-06 10:42:00,0.17457095043994286
2019-03-06 10:45:00,0.1702509198419193
2019-03-06 10:48:00,0.18888550629674228
2019-03-06 10:51:00,0.2657197971212213
2019-03-06 10:54:00,0.2856282139968016
2019-03-06 10:57:00,0.3626270419318871
2019-03-06 11:00:00,0.30957701898404366
2019-03-06 11:03:00,0.2950971009138925
2019-03-06 11:06:00,0.28540890508537586
2019-03-06 11:09:00,0.2427833117125715
2019-03-06 11:12:00,0.27874576827542796
2019-03-06 11:15:00,0.16521894710604101
2019-03-06 11:18:00,0.16597156373399002
2019-03-06 11:21:00,0.1283685597393287
2019-03-06 11:24:00,0.17413684292790776
2019-03-06 11:27:00,0.22553775220922034
2019-03-06 11:30:00,0.10214861555749621
2019-03-06 11:33:00,0.15314202265892618
2019-03-06 11:36:00,0.20124346763810763
2019-03-06 11:39:00,0.04095502989571287
2019-03-06 11:42:00,0.04614062119162554
2019-03-06 11:45:00,0.11787443959650545
2019-03-06 11:48:00,0.06578994889184742
2019-03-06 11:51:00,0.12180219132909542
2019-03-06 11:54:00,0.055592490857179655
2019-03-06 11:57:00,0.052323325547263266
2019-03-06 12:00:00,0.1496739232247819
2019-03-06 12:03:00,0.13638710237069063
2019-03-06 12:06:00,0.14452642307708174
2019-03-06 12:09:00,0.010317075203829518
2019-03-06 12:12:00,0.0010482381562724186
2019-03-06 12:15:00,0.005883254838693119
2019-03-06 12:18:00,-0.065704231125153
2019-03-06 12:21:00,-0.0034361327574288225
2019-03-06 12:24:00,-0.1286161464869906
2019-03-06 12:27:00,-0.1085741250457204
2019-03-06 12:30:00,-0.10687550604507123
2019-03-06 12:33:00,-0.07398868831518257
2019-03-06 12:36:00,-0.01353465356663719
2019-03-06 12:39:00,-0.08243008821517606
2019-03-06 12:42:00,-0.10349341334443807
2019-03-06 12:45:00,-0.15142460047167106
2019-03-06 12:48:00,0.0018957784178610382
2019-03-06 12:51:00,-0.03732461504125695
2019-03-06 12:54:00,-0.11516311230138854
2019-03-06 12:57:00,-0.1870968008279874
2019-03-06 13:00:00,-0.23868451856998263
2019-03-06 13:03:00,-0.054941281628487104
2019-03-06 13:06:00,-0.0982745863724972
2019-03-06 13:09:00,-0.2016653214261055
2019-03-06 13:12:00,-0.17263248709832624
2019-03-06 13:15:00,-0.0962285479618572
2019-03-06 13:18:00,-0.10374746433376458
2019-03-06 13:21:00,-0.17328111692353332
2019-03-06 13:24:00,-0.11958950384911304
2019-03-06 13:27:00,-0.1444878829063896
2019-03-06 13:30:00,-0.16371254121156653
2019-03-06 13:33:00,-0.17711731321446678
2019-03-06 13:36:00,-0.20555023957223284
2019-03-06 13:39:00,-0.19250594473948013
2019-03-06 13:42:00,-0.23536589081021475
2019-03-06 13:45:00,-0.12078371114535003
2019-03-06 13:48:00,-0.20096742893582586
2019-03-06 13:51:00,-0.21016889317991172
2019-03-06 13:54:00,-0.1644002565642495
2019-03-06 13:57:00,-0.20545037914683917
2019-03-06 14:00:00,-0.3196677602252862
2019-03-06 14:03:00,-0.21898619825992682
2019-03-06 14:06:00,-0.06436321188380134
2019-03-06 14:09:00,-0.29916408909741676
2019-03-06 14:12:00,-0.19451740262195472
2019-03-06 14:15:00,-0.28016762949312124
2019-03-06 14:18:00,-0.21950929366141736
2019-03-06 14:21:00,-0.15989275227991584
2019-03-06 14:24:00,-0.273692130466884
2019-03-06 14:27:00,-0.2396185013664649
2019-03-06 14:30:00,-0.2535450301089668
2019-03-06 14:33:00,-0.09626792461830291
2019-03-06 14:36:00,-0.27664691449353995
2019-03-06 14:39:00,-0.250795473937103
2019-03-06 14:42:00,-0.3111182723155821
2019-03-06 14:45:00,-0.3187788936070888
2019-03-06 14:48:00,-0.3660026546172048
2019-03-06 14:51:00,-0.19378438417516008
2019-03-06 14:54:00,-0.4189452366599653
2019-03-06 14:57:00,-0.247452012606459
2019-03-06 15:00:00,-0.27020142744038367
2019-03-06 15:03:00,-0.3841136642851666
2019-03-06 15:06:00,-0.3241794637929729
2019-03-06 15:09:00,-0.31592301073897033
2019-03-06 15:12:00,-0.33190244264636704
2019-03-06 15:15:00,-0.25762019504691125
2019-03-06 15:18:00,-0.2732231087902619
2019-03-06 15:21:00,-0.33909537925120503
2019-03-06 15:24:00,-0.32377627784734386
2019-03-06 15:27:00,-0.28179109102558186
2019-03-06 15:30:00,-0.3727362960937626
2019-03-06 15:33:00,-0.3353870205997964
2019-03-06 15:36:00,-0.3851068285919723
2019-03-06 15:39:00,-0.33130361385815377
2019-03-06 15:42:00,-0.3037574775264602
2019-03-06 15:45:00,-0.32236227116209193
2019-03-06 15:48:00,-0.35655356747747646
2019-03-06 15:51:00,-0.3248246417998075
2019-03-06 15:54:00,-0.3914395730481033
2019-03-06 15:57:00,-0.38461588727460594
2019-03-06 16:00:00,-0.32194567471594837
2019-03-06 16:03:00,-0.29285100771971884
2019-03-06 16:06:00,-0.342093009687062
2019-03-06 16:09:00,-0.3044224563975604
2019-03-06 16:12:00,-0.2261528136507991
2019-03-06 16:15:00,-0.3487158098282066
2019-03-06 16:18:00,-0.37630217608290195
2019-03-06 16:21:00,-0.32365740414894617
2019-03-06 16:24:00,-0.4215702609084815
2019-03-06 16:27:00,-0.3544481200045766
2019-03-06 16:30:00,-0.20441069825318436
2019-03-06 16:33:00,-0.25739134821168363
2019-03-06 16:36:00,-0.39851586328353505
2019-03-06 16:39:00,-0.3061732891763427
2019-03-06 16:42:00,-0.24715576787838245
2019-03-06 16:45:00,-0.3644655975834894
2019-03-06 16:48:00,-0.3148683898981517
2019-03-06 16:51:00,-0.3664154619306146
2019-03-06 16:54:00,-0.29465964985809023
2019-03-06 16:57:00,-0.26142342028816756
2019-03-06 17:00:00,-0.25804065801662546
2019-03-06 17:03:00,-0.284628369426855
2019-03-06 17:06:00,-0.35202829719037254
2019-03-06 17:09:00,-0.26423457165032005
2019-03-06 17:12:00,-0.21038571874510126
2019-03-06 17:15:00,-0.19696935587467124
2019-03-06 17:18:00,-0.25506763970332713
2019-03-06 17:21:00,-0.2572352321789708
2019-03-06 17:24:00,-0.25009202734560176
2019-03-06 17:27:00,-0.1987065129224561
2019-03-06 17:30:00,-0.2752964953315882
2019-03-06 17:33:00,-0.2366611585742362
2019-03-06 17:36:00,-0.190995457705867
2019-03-06 17:39:00,-0.2308251501994505
2019-03-06 17:42:00,-0.25585723659270343
2019-03-06 17:45:00,-0.177914618612931
2019-03-06 17:48:00,-0.1489502974522452
2019-03-06 17:51:00,-0.22863193676084848
2019-03-06 17:54:00,-0.19452129527070383
2019-03-06 17:57:00,-0.12515758266420107
2019-03-06 18:00:00,-0.12090678203077232
2019-03-06 18:03:00,-0.22996242447908344
2019-03-06 18:06:00,-0.1259555524408711
2019-03-06 18:09:00,-0.22041891541908853
2019-03-06 18:12:00,-0.0825729411917564
2019-03-06 18:15:00,-0.19488386913263867
2019-03-06 18:18:00,-0.14374039375258008
2019-03-06 18:21:00,-0.11247371782405935
2019-03-06 18:24:00,-0.15984170706315126
2019-03-06 18:27:00,-0.12088419614707391
2019-03-06 18:30:00,-0.12438567647865284
2019-03-06 18:33:00,-0.10585080221227372
2019-03-06 18:36:00,-0.05987038671491973
2019-03-06 18:39:00,-0.015078202824952314
2019-03-06 18:42:00,-0.02152670465790152
2019-03-06 18:45:00,-0.06761619678451325
2019-03-06 18:48:00,0.0010705248474209839
2019-03-06 18:51:00,-0.05954930666104019
2019-03-06 18:54:00,
2019-03-06 18:57:00,
2019-03-06 19:00:00,
2019-03-06 19:03:00,-0.0060836591359247905
2019-03-06 19:06:00,-0.008276865296011238
2019-03-06 19:09:00,-0.06096104602966079
2019-03-06 19:12:00,-0.08042988680278995
2019-03-06 19:15:00,0.053184973989573336
2019-03-06 19:18:00,-0.10910279320864902
2019-03-06 19:21:00,-0.03888908035764871
2019-03-06 19:24:00,0.023809538055388657
2019-03-06 19:27:00,0.009847583813439087
2019-03-06 19:30:00,-0.047614084144811386
2019-03-06 19:33:00,-0.016378774331826662
2019-03-06 19:36:00,0.08883050698341322
2019-03-06 19:39:00,0.015394947788706759
2019-03-06 19:42:00,-0.012301451245832595
2019-03-06 19:45:00,0.04913056306781982
2019-03-06 19:48:00,-0.04118783843949814
2019-03-06 19:51:00,0.0518790598834471
2019-03-06 19:54:00,0.029262497377715135
2019-03-06 19:57:00,0.02280558334075522
2019-03-06 20:00:00,0.07798532797443158
2019-03-06 20:03:00,-0.013142954060640477
2019-03-06 20:06:00,-0.03902542951789201
2019-03-06 20:09:00,-0.02166165463768266
2019-03-06 20:12:00,0.009685331936225339
2019-03-06 20:15:00,0.10172254046051421
2019-03-06 20:18:00,0.11991880070723937
2019-03-06 20:21:00,-0.025492594244326483
2019-03-06 20:24:00,0.00619674123004188
2019-03-06 20:27:00,-0.009158326424255847
2019-03-06 20:30:00,0.06415897377382862
2019-03-06 20:33:00,0.042393609138741795
2019-03-06 20:36:00,0.12189059351157994
2019-03-06 20:39:00,0.10766668427845616
2019-03-06 20:42:00,-0.02553071797188977
2019-03-06 20:45:00,0.07518530154203518
2019-03-06 20:48:00,0.10571191273328395
2019-03-06 20:51:00,0.021872814264725093
2019-03-06 20:54:00,0.05308472605008774
2019-03-06 20:57:00,0.10004874257003848
2019-03-06 21:00:00,0.039281515333129846
2019-03-06 21:03:00,0.11988753975680311
2019-03-06 21:06:00,-0.010048844820914837
2019-03-06 21:09:00,0.0562425491972931
2019-03-06 21:12:00,0.09187658019362743
2019-03-06 21:15:00,0.13666454217809587
2019-03-06 21:18:00,0.033078355010218274
2019-03-06 21:21:00,0.1173678493964303
2019-03-06 21:24:00,0.07061732675487065
2019-03-06 21:27:00,0.07906408127593068
2019-03-06 21:30:00,0.12030468891674673
2019-03-06 21:33:00,0.04982181059057211
2019-03-06 21:36:00,0.08038273091415249
2019-03-06 21:39:00,0.2652012130282628
2019-03-06 21:42:00,0.12014248512281256
2019-03-06 21:45:00,0.19722555337517633
2019-03-06 21:48:00,0.1379449639536574
2019-03-06 21:51:00,0.1917588695890231
2019-03-06 21:54:00,0.21571927268490754
2019-03-06 21:57:00,0.09184414918570383
2019-03-06 22:00:00,0.3763985749436074
2019-03-06 22:03:00,0.37836723172091524
2019-03-06 22:06:00,0.32065839784206673
2019-03-06 22:09:00,0.13755233202414274
2019-03-06 22:12:00,0.16715342505574426
2019-03-06 22:15:00,0.3259709500703707
2019-03-06 22:18:00,0.32549199458617295
2019-03-06 22:21:00,0.3187223618992334
2019-03-06 22:24:00,0.39817389919676316
2019-03-06 22:27:00,0.634261212893307
2019-03-06 22:30:00,0.40444419104568397
2019-03-06 22:33:00,0.2585604218670028
2019-03-06 22:36:00,0.279344910325392
2019-03-06 22:39:00,0.18450202799067483
2019-03-06 22:42:00,0.21818239540658624
2019-03-06 22:45:00,0.1795131470328215
2019-03-06 22:48:00,0.15864152315919
2019-03-06 22:51:00,0.35777550064199204
2019-03-06 22:54:00,0.27768103368271113
2019-03-06 22:57:00,0.23450865932699116
2019-03-06 23:00:00,0.32093188405212913
2019-03-06 23:03:00,0.38517476613901636
2019-03-06 23:06:00,0.3292250606064613
2019-03-06 23:09:00,0.29106159322918757
2019-03-06 23:12:00,0.4417151029003321
2019-03-06 23:15:00,0.4780286232623894
2019-03-06 23:18:00,0.20418724714164682
2019-03-06 23:21:00,0.25575549493629524
2019-03-06 23:24:00,0.264058492052186
2019-03-06 23:27:00,0.2391181701414098
2019-03-06 23:30:00,0.27947596681059395
2019-03-06 23:33:00,0.18154379608853333
2019-03-06 23:36:00,0.3238662960247325
2019-03-06 23:39:00,0.17848395989960864
2019-03-06 23:42:00,0.20815648864993364
2019-03-06 23:45:00,0.19370156438799313
2019-03-06 23:48:00,0.32559940575663404
2019-03-06 23:51:00,0.10084403886679638
2019-03-06 23:54:00,0.15588945157730905
2019-03-06 23:57:00,0.1773795546358201
2019-03-07 00:00:00,0.24642412151638382
2019-03-07 00:03:00,0.19925099855606732
2019-03-07 00:06:00,0.19269589308601098
2019-03-07 00:09:00,0.2063746140899525
2019-03-07 00:12:00,0.2868838057181051
2019-03-07 00:15:00,0.3342283284890186
2019-03-07 00:18:00,0.3749004328113301
2019-03-07 00:21:00,0.2938278482158694
2019-03-07 00:24:00,0.2569789566420013
2019-03-07 00:27:00,0.317385714284228
2019-03-07 00:30:00,0.24621132908453092
2019-03-07 00:33:00,0.3266567490193779
2019-03-07 00:36:00,0.2613012801303398
2019-03-07 00:39:00,0.21186200896784158
2019-03-07 00:42:00,0.37186334445675584
2019-03-07 00:45:00,0.2370541946576168
2019-03-07 00:48:00,0.3762480591493045
2019-03-07 00:51:00,0.288384439513095
2019-03-07 00:54:00,0.20965138513940929
2019-03-07 00:57:00,0.22116466557974945
2019-03-07 01:00:00,0.30366381010202304
2019-03-07 01:03:00,0.2184010881139784
2019-03-07 01:06:00,0.2703595566865715
2019-03-07 01:09:00,0.26670026800070445
2019-03-07 01:12:00,0.2542354738714607
2019-03-07 01:15:00,0.237426926935143
2019-03-07 01:18:00,0.20007103394061687
2019-03-07 01:21:00,0.23101753880774822
2019-03-07 01:24:00,0.2563971815363857
2019-03-07 01:27:00,0.23921881731007488
2019-03-07 01:30:00,0.25127530336993686
2019-03-07 01:33:00,0.18239866951819295
2019-03-07 01:36:00,0.2699067642810178
2019-03-07 01:39:00,0.25979575580419123
2019-03-07 01:42:00,0.19969776793413985
2019-03-07 01:45:00,0.2704379397315506
2019-03-07 01:48:00,0.2621342879561439
2019-03-07 01:51:00,0.20218577832662277
2019-03-07 01:54:00,0.306677654971395
2019-03-07 01:57:00,0.24014263375534028
2019-03-07 02:00:00,0.25596586907857954
2019-03-07 02:03:00,0.317174916871636
2019-03-07 02:06:00,0.2985685674150318
2019-03-07 02:09:00,0.26464471237233056
2019-03-07 02:12:00,0.22622948135426668
2019-03-07 02:15:00,0.28863707862660704
2019-03-07 02:18:00,0.25273839390939656
2019-03-07 02:21:00,0.23378330095931688
2019-03-07 02:24:00,0.26391521960567843
2019-03-07 02:27:00,0.21248816088524336
2019-03-07 02:30:00,0.22274117733064713
2019-03-07 02:33:00,0.3084148686787671
2019-03-07 02:36:00,0.23803676178988553
2019-03-07 02:39:00,0.16662501876959368
2019-03-07 02:42:00,0.24780673383065732
2019-03-07 02:45:00,0.2927635351160802
2019-03-07 02:48:00,0.2934997710219136
2019-03-07 02:51:00,0.21144901134562133
2019-03-07 02:54:00,0.3317026435677235
2019-03-07 02:57:00,0.3680624484903774
2019-03-07 03:00:00,0.21753573814481797
2019-03-07 03:03:00,0.29746883641655586
2019-03-07 03:06:00,0.3620847618919356
2019-03-07 03:09:00,0.297793432909657
2019-03-07 03:12:00,0.40509368546770474
2019-03-07 03:15:00,0.30026685293699984
2019-03-07 03:18:00,0.2970197592004524
2019-03-07 03:21:00,0.3669672896729139
2019-03-07 03:24:00,0.282651135893218
2019-03-07 03:27:00,0.2989412886609557
2019-03-07 03:30:00,0.38388013246390074
2019-03-07 03:33:00,0.3972004560638993
2019-03-07 03:36:00,0.3384744496359531
2019-03-07 03:39:00,0.357499237800198
2019-03-07 03:42:00,0.36572977193583256
2019-03-07 03:45:00,0.36609001696751875
2019-03-07 03:48:00,0.42628244646971325
2019-03-07 03:51:00,0.38838078129623455
2019-03-07 03:54:00,0.4202788648403839
2019-03-07 03:57:00,0.3242253574939582
2019-03-07 04:00:00,0.43630629060277215
2019-03-07 04:03:00,0.3393833942752167
2019-03-07 04:06:00,0.37831198266655974
2019-03-07 04:09:00,0.36295118669244175
2019-03-07 04:12:00,0.3421609432366495
2019-03-07 04:15:00,0.3977410376235184
2019-03-07 04:18:00,0.2875887520637548
2019-03-07 04:21:00,0.32467839905240226
2019-03-07 04:24:00,0.37781495371058327
2019-03-07 04:27:00,0.3226200825006913
2019-03-07 04:30:00,0.38122845559917096
2019-03-07 04:33:00,0.32967946417784333
2019-03-07 04:36:00,0.4227683030770777
2019-03-07 04:39:00,0.35107919825503586
2019-03-07 04:42:00,0.34474096434570356
2019-03-07 04:45:00,0.2860877670100308
2019-03-07 04:48:00,0.22033504679154703
2019-03-07 04:51:00,0.3081883761655604
2019-03-07 04:54:00,0.30643517536691434
2019-03-07 04:57:00,0.23502058752455923
2019-03-07 05:00:00,0.24224926149810244
2019-03-07 05:03:00,0.3216638875304625
2019-03-07 05:06:00,0.2951686907093176
2019-03-07 05:09:00,0.30258518284307456
2019-03-07 05:12:00,0.25087498503552297
2019-03-07 05:15:00,0.3103232484918408
2019-03-07 05:18:00,0.325784269013468
2019-03-07 05:21:00,0.30128138549491723
2019-03-07 05:24:00,0.16690096311361913
2019-03-07 05:27:00,0.3302156506825895
2019-03-07 05:30:00,0.2657462470848486
2019-03-07 05:33:00,0.4163158565235108
2019-03-07 05:36:00,0.3026126838959158
2019-03-07 05:39:00,0.27196260565284547
2019-03-07 05:42:00,0.38074032755969256
2019-03-07 05:45:00,0.3524403825877016
2019-03-07 05:48:00,0.1966214733275251
2019-03-07 05:51:00,0.2825428516183024
2019-03-07 05:54:00,0.3894966177702486
2019-03-07 05:57:00,0.33218250590840626
2019-03-07 06:00:00,0.3362436050051656
2019-03-07 06:03:00,0.3572728965255578
2019-03-07 06:06:00,0.26612011915182165
2019-03-07 06:09:00,0.356323364949958
2019-03-07 06:12:00,0.3906849656630129
2019-03-07 06:15:00,0.3352229967934477
2019-03-07 06:18:00,0.3338888453413347
2019-03-07 06:21:00,0.31818324074430393
2019-03-07 06:24:00,0.3639401879217985
2019-03-07 06:27:00,0.24529596250886243
2019-03-07 06:30:00,0.40954550147483815
2019-03-07 06:33:00,0.2744610610385507
2019-03-07 06:36:00,0.3856541351898386
2019-03-07 06:39:00,0.2723315760059677
2019-03-07 06:42:00,0.3382908342584301
2019-03-07 06:45:00,0.4129376730215313
2019-03-07 06:48:00,0.38081099423629894
2019-03-07 06:51:00,0.3762670621856614
2019-03-07 06:54:00,0.26068791336695085
2019-03-07 06:57:00,0.3528322050249244
2019-03-07 07:00:00,0.31003692589166576
2019-03-07 07:03:00,0.3244716071718017
2019-03-07 07:06:00,0.3619530333083958
2019-03-07 07:09:00,0.3543873472760879
2019-03-07 07:12:00,0.30264633019874054
2019-03-07 07:15:00,0.3442305101826264
2019-03-07 07:18:00,0.2999735249530886
2019-03-07 07:21:00,0.32175427383299393
2019-03-07 07:24:00,0.373743174182664
2019-03-07 07:27:00,0.3089382114761179
2019-03-07 07:30:00,0.3799376311269498
2019-03-07 07:33:00,0.37121063776288565
2019-03-07 07:36:00,0.433789961021148
2019-03-07 07:39:00,0.22597508796991406
2019-03-07 07:42:00,0.34389148704980244
2019-03-07 07:45:00,0.2352541672672146
2019-03-07 07:48:00,0.37934173646829095
2019-03-07 07:51:00,0.3259812822295771
2019-03-07 07:54:00,0.3266247082078735
2019-03-07 07:57:00,0.371693557113133
2019-03-07 08:00:00,0.3508101183410872
2019-03-07 08:03:00,0.40349187170579626
2019-03-07 08:06:00,0.3035223597610752
2019-03-07 08:09:00,0.2991519931130142
2019-03-07 08:12:00,0.255720382423533
2019-03-07 08:15:00,0.19183834462648974
2019-03-07 08:18:00,0.22472033842956307
2019-03-07 08:21:00,0.19409217802780176
2019-03-07 08:24:00,0.26531781754295025
2019-03-07 08:27:00,0.23863860169819873
2019-03-07 08:30:00,0.17143647004917284
2019-03-07 08:33:00,0.1765646080474994
2019-03-07 08:36:00,0.22663585970434497
2019-03-07 08:39:00,0.27834066330586893
2019-03-07 08:42:00,0.1581098337993012
2019-03-07 08:45:00,0.23095691613991676
2019-03-07 08:48:00,0.2537771075463411
2019-03-07 08:51:00,0.26444727451126937
2019-03-07 08:54:00,0.14428872536876725
2019-03-07 08:57:00,0.25349632263584
2019-03-07 09:00:00,0.17981749918789092
2019-03-07 09:03:00,0.16839867493172278
2019-03-07 09:06:00,0.14581129799660175
2019-03-07 09:09:00,0.20812493896869455
2019-03-07 09:12:00,0.19908383946938102
2019-03-07 09:15:00,0.1286801417286938
2019-03-07 09:18:00,0.18039788343395458
2019-03-07 09:21:00,0.2014106422575992
2019-03-07 09:24:00,0.2691094879668867
2019-03-07 09:27:00,0.161061884846049
2019-03-07 09:30:00,0.1454826439658632
2019-03-07 09:33:00,0.20343161560310818
2019-03-07 09:36:00,0.16569034102610658
2019-03-07 09:39:00,0.23622054850164886
2019-03-07 09:42:00,0.29856233043517477
2019-03-07 09:45:00,0.25358863157202904
2019-03-07 09:48:00,0.14132395355687777
2019-03-07 09:51:00,0.19980781270459147
2019-03-07 09:54:00,0.14702468911696087
2019-03-07 09:57:00,0.19542273072454464
2019-03-07 10:00:00,0.11035580154123181
2019-03-07 10:03:00,0.18457868873883854
2019-03-07 10:06:00,0.2505677365620613
2019-03-07 10:09:00,-0.001710191786401083
2019-03-07 10:12:00,0.05569216968564206
2019-03-07 10:15:00,0.08807444479674587
2019-03-07 10:18:00,0.06586620760043616
2019-03-07 10:21:00,-9.403269302765693e-05
2019-03-07 10:24:00,-0.0018601689047272885
2019-03-07 10:27:00,0.14278317194487045
2019-03-07 10:30:00,-0.016278335668687305
2019-03-07 10:33:00,0.030931931536429147
2019-03-07 10:36:00,0.07795067977707504
2019-03-07 10:39:00,0.037943547997997484
2019-03-07 10:42:00,0.005114326235286626
2019-03-07 10:45:00,-0.028659150486475937
2019-03-07 10:48:00,-0.034885575278906344
2019-03-07 10:51:00,0.03574963523203678
2019-03-07 10:54:00,0.039695350370038796
2019-03-07 10:57:00,0.037754433655095454
2019-03-07 11:00:00,-0.015676327940184365
2019-03-07 11:03:00,0.03774522097194222
2019-03-07 11:06:00,0.060363821689406905
2019-03-07 11:09:00,0.023890234621887885
2019-03-07 11:12:00,0.047403188833357035
2019-03-07 11:15:00,0.07050598830619492
2019-03-07 11:18:00,-0.036049074337313414
2019-03-07 11:21:00,-0.08526339143804762
2019-03-07 11:24:00,-0.020914152406930953
2019-03-07 11:27:00,0.05727570768510759
2019-03-07 11:30:00,-0.015420233752081458
2019-03-07 11:33:00,-0.14867119223390546
2019-03-07 11:36:00,-0.08537103789370803
2019-03-07 11:39:00,-0.014139154193173908
2019-03-07 11:42:00,-0.05390746577609207
2019-03-07 11:45:00,-0.1240346011368274
2019-03-07 11:48:00,-0.018025755245616892
2019-03-07 11:51:00,-0.049885648635211055
2019-03-07 11:54:00,-0.036267607338913876
2019-03-07 11:57:00,-0.10539841795218763
2019-03-07 12:00:00,0.1640735305707608
2019-03-07 12:03:00,0.04023207369357351
2019-03-07 12:06:00,0.15068937057094445
2019-03-07 12:09:00,0.06113539187896322
2019-03-07 12:12:00,-0.02191437585111089
2019-03-07 12:15:00,-0.029280115797234885
2019-03-07 12:18:00,-0.05873322358814903
2019-03-07 12:21:00,-0.07032613942044463
2019-03-07 12:24:00,-0.09875372502591517
2019-03-07 12:27:00,0.04274826089249473
2019-03-07 12:30:00,-0.03858934051237384
2019-03-07 12:33:00,-0.03561790206879323
2019-03-07 12:36:00,-0.18495586516269213
2019-03-07 12:39:00,-0.14838217424130562
2019-03-07 12:42:00,-0.05228886206560901
2019-03-07 12:45:00,-0.029803119574751236
2019-03-07 12:48:00,-0.12363570055168793
2019-03-07 12:51:00,-0.14794216585113418
2019-03-07 12:54:00,0.016564519464623118
2019-03-07 12:57:00,-0.21115916178564476
2019-03-07 13:00:00,-0.21255243926759704
2019-03-07 13:03:00,-0.15304398207609893
2019-03-07 13:06:00,-0.18430523111499042
2019-03-07 13:09:00,-0.24540216244906787
2019-03-07 13:12:00,-0.15487000400116813
2019-03-07 13:15:00,-0.1109103343122797
2019-03-07 13:18:00,-0.20896908671215897
2019-03-07 13:21:00,-0.23690729480864547
2019-03-07 13:24:00,-0.20710019079587028
2019-03-07 13:27:00,-0.23872493766839398
2019-03-07 13:30:00,-0.21055492000954246
2019-03-07 13:33:00,-0.19644747241414962
2019-03-07 13:36:00,-0.15004689219085776
2019-03-07 13:39:00,-0.21691053880067557
2019-03-07 13:42:00,-0.25282177722016286
2019-03-07 13:45:00,-0.17867919098097218
2019-03-07 13:48:00,-0.17056640118079258
2019-03-07 13:51:00,-0.2391793353281173
2019-03-07 13:54:00,-0.0987345268365516
2019-03-07 13:57:00,-0.06408580391183705
2019-03-07 14:00:00,-0.08661859522175064
2019-03-07 14:03:00,-0.20181847908764894
2019-03-07 14:06:00,-0.18753949694905714
2019-03-07 14:09:00,-0.07746567685660466
2019-03-07 14:12:00,-0.14832604370729996
2019-03-07 14:15:00,-0.025024917482483033
2019-03-07 14:18:00,-0.0973302003048957
2019-03-07 14:21:00,-0.11774649747258081
2019-03-07 14:24:00,-0.013361535082879072
2019-03-07 14:27:00,-0.028039303875061705
2019-03-07 14:30:00,0.011040660749642939
2019-03-07 14:33:00,-0.13623032287790693
2019-03-07 14:36:00,-0.08025214941886816
2019-03-07 14:39:00,-0.030943594336690694
2019-03-07 14:42:00,-0.026340205513292858
2019-03-07 14:45:00,-0.12209234337348107
2019-03-07 14:48:00,-0.2461159050693027
2019-03-07 14:51:00,-0.2617096515971298
2019-03-07 14:54:00,-0.26525217896056574
2019-03-07 14:57:00,-0.12988306729727128
2019-03-07 15:00:00,-0.2510360149889834
2019-03-07 15:03:00,-0.16472145197207055
2019-03-07 15:06:00,-0.18353691467268618
2019-03-07 15:09:00,-0.10558193653332637
2019-03-07 15:12:00,-0.07646510278675578
2019-03-07 15:15:00,-0.07887319780195412
2019-03-07 15:18:00,-0.2708449890516249
2019-03-07 15:21:00,-0.1308543254574488
2019-03-07 15:24:00,-0.27153902354109505
2019-03-07 15:27:00,-0.13796517751092097
2019-03-07 15:30:00,-0.11027747853825076
2019-03-07 15:33:00,-0.21808697903099983
2019-03-07 15:36:00,-0.23664626205044215
2019-03-07 15:39:00,-0.23875665010007197
2019-03-07 15:42:00,-0.21933259777597414
2019-03-07 15:45:00,-0.19887915654032895
2019-03-07 15:48:00,-0.2333252730306299
2019-03-07 15:51:00,-0.19429300848202047
2019-03-07 15:54:00,-0.20210388200473517
2019-03-07 15:57:00,-0.2720911419423828
2019-03-07 16:00:00,-0.1214297139330256
2019-03-07 16:03:00,-0.1904965941748742
2019-03-07 16:06:00,-0.12005502700168336
2019-03-07 16:09:00,-0.057972636287502155
2019-03-07 16:12:00,-0.12954970062634175
2019-03-07 16:15:00,0.045940028796962906
2019-03-07 16:18:00,-0.013156610752673714
2019-03-07 16:21:00,-0.08345981742189679
2019-03-07 16:24:00,-0.11691657630655072
2019-03-07 16:27:00,-0.07731987869505019
2019-03-07 16:30:00,-0.1602264429650404
2019-03-07 16:33:00,-0.23285491586523221
2019-03-07 16:36:00,-0.12987847766561345
2019-03-07 16:39:00,-0.15263373686343584
2019-03-07 16:42:00,-0.13328321896159423
2019-03-07 16:45:00,-0.14194869331993232
2019-03-07 16:48:00,-0.10251630500869169
2019-03-07 16:51:00,-0.10669440353245818
2019-03-07 16:54:00,-0.14585726675119304
2019-03-07 16:57:00,-0.17004373379870685
2019-03-07 17:00:00,-0.034751082382058485
2019-03-07 17:03:00,-0.14585550355081978
2019-03-07 17:06:00,-0.05785788127479918
2019-03-07 17:09:00,-0.12631226919859273
2019-03-07 17:12:00,-0.04474070393882812
2019-03-07 17:15:00,-0.04270277277328205
2019-03-07 17:18:00,-0.2589029590659493
2019-03-07 17:21:00,-0.1877960777349017
2019-03-07 17:24:00,-0.17526570454060675
2019-03-07 17:27:00,-0.12319849420913442
2019-03-07 17:30:00,-0.17821649691887842
2019-03-07 17:33:00,-0.2723368992838573
2019-03-07 17:36:00,-0.0800714571561798
2019-03-07 17:39:00,-0.1309743352878172
2019-03-07 17:42:00,-0.1364426217979826
2019-03-07 17:45:00,-0.21209057603334713
2019-03-07 17:48:00,-0.17870813326317148
2019-03-07 17:51:00,-0.1109250099059409
2019-03-07 17:54:00,-0.10104529582667965
2019-03-07 17:57:00,-0.195608735805763
2019-03-07 18:00:00,-0.04134531327957802
2019-03-07 18:03:00,-0.005875867960867254
2019-03-07 18:06:00,-0.09415376663162078
2019-03-07 18:09:00,-0.10623170518397274
2019-03-07 18:12:00,-0.042165167653081426
2019-03-07 18:15:00,-0.07792613930877224
2019-03-07 18:18:00,-0.1312383865032416
2019-03-07 18:21:00,-0.05556211138303979
2019-03-07 18:24:00,-0.1146268530911243
2019-03-07 18:27:00,0.009262371807494674
2019-03-07 18:30:00,-0.09451095927659026
2019-03-07 18:33:00,-0.08161882533050857
2019-03-07 18:36:00,-0.07003719132427477
2019-03-07 18:39:00,0.07059063696232215
2019-03-07 18:42:00,0.08997974875961745
2019-03-07 18:45:00,0.04404719775772037
2019-03-07 18:48:00,-0.05073437950778725
2019-03-07 18:51:00,0.06880055471594915
2019-03-07 18:54:00,
2019-03-07 18:57:00,
2019-03-07 19:00:00,
2019-03-07 19:03:00,-0.1264880404785913
2019-03-07 19:06:00,0.06854173553483633
2019-03-07 19:09:00,-0.014048480909991667
2019-03-07 19:12:00,-0.019740689465834294
2019-03-07 19:15:00,0.01873005899386726
2019-03-07 19:18:00,0.11094555805442496
2019-03-07 19:21:00,-0.0010977563969163384
2019-03-07 19:24:00,-0.0005970060300910518
2019-03-07 19:27:00,-0.07284298555373425
2019-03-07 19:30:00,-0.11142677211125829
2019-03-07 19:33:00,0.11343656938510094
2019-03-07 19:36:00,0.0029259582045710886
2019-03-07 19:39:00,0.02121436687593814
2019-03-07 19:42:00,0.021116652479975073
2019-03-07 19:45:00,0.010130039518458034
2019-03-07 19:48:00,0.02414638700673777
2019-03-07 19:51:00,-0.016575936883555187
2019-03-07 19:54:00,-0.009301949144173705
2019-03-07 19:57:00,-0.09945379670506327
2019-03-07 20:00:00,0.018401116514780824
2019-03-07 20:03:00,-0.030506840504415322
2019-03-07 20:06:00,-0.06845683296376137
2019-03-07 20:09:00,-0.07286186183659993
2019-03-07 20:12:00,0.007559099733839503
2019-03-07 20:15:00,-0.024477929957811284
2019-03-07 20:18:00,-0.046474229482157625
2019-03-07 20:21:00,-0.08338506063108753
2019-03-07 20:24:00,0.02410584840657748
2019-03-07 20:27:00,-0.02067720009409868
2019-03-07 20:30:00,-0.05499632847312341
2019-03-07 20:33:00,-0.06015555397470962
2019-03-07 20:36:00,0.012567796315806845
2019-03-07 20:39:00,0.10476366631075962
2019-03-07 20:42:00,0.1195299700222563
2019-03-07 20:45:00,-0.01708779246132508
2019-03-07 20:48:00,0.08369237086918702
2019-03-07 20:51:00,-0.027922893692220896
2019-03-07 20:54:00,-0.012180250482572319
2019-03-07 20:57:00,0.047715513776893204
2019-03-07 21:00:00,0.049349093982641534
2019-03-07 21:03:00,0.01981554228399318
2019-03-07 21:06:00,0.11084594662224845
2019-03-07 21:09:00,0.018406797358920812
2019-03-07 21:12:00,0.04905688974037048
2019-03-07 21:15:00,0.10448738697078852
2019-03-07 21:18:00,-0.0017448408054292486
2019-03-07 21:21:00,0.049800044433197854
2019-03-07 21:24:00,0.19852682041715752
2019-03-07 21:27:00,0.11147598525371905
2019-03-07 21:30:00,0.1149640353106065
2019-03-07 21:33:00,0.12115289938793694
2019-03-07 21:36:00,0.23195023173724394
2019-03-07 21:39:00,0.07111833508088239
2019-03-07 21:42:00,0.13584935466133174
2019-03-07 21:45:00,0.1737113908889114
2019-03-07 21:48:00,0.2690824953103288
2019-03-07 21:51:00,0.1624480924042473
2019-03-07 21:54:00,0.21993101211421617
2019-03-07 21:57:00,0.18220790637508344
2019-03-07 22:00:00,0.27572547858574126
2019-03-07 22:03:00,0.20598946627546866
2019-03-07 22:06:00,0.2075919525370864
2019-03-07 22:09:00,0.17737519139325286
2019-03-07 22:12:00,0.11583997566066273
2019-03-07 22:15:00,0.10226710419141227
2019-03-07 22:18:00,0.01249618650535922
2019-03-07 22:21:00,0.09166259343101046
2019-03-07 22:24:00,0.13361803250990079
2019-03-07 22:27:00,0.04451560749606642
2019-03-07 22:30:00,0.026959811873155104
2019-03-07 22:33:00,0.030328838583614015
2019-03-07 22:36:00,0.06398154688395152
2019-03-07 22:39:00,0.0756528008753321
2019-03-07 22:42:00,0.06087293382466896
2019-03-07 22:45:00,0.018177414499518818
2019-03-07 22:48:00,0.12645400423787123
2019-03-07 22:51:00,0.08685840067704476
2019-03-07 22:54:00,0.10219940486007317
2019-03-07 22:57:00,0.11138696385597768
2019-03-07 23:00:00,0.07153934196179534
2019-03-07 23:03:00,0.04267153617331587
2019-03-07 23:06:00,0.12977281561410337
2019-03-07 23:09:00,0.0021241808098579895
2019-03-07 23:12:00,0.0015928922833836623
2019-03-07 23:15:00,0.19430613079106251
2019-03-07 23:18:00,0.034230740519490155
2019-03-07 23:21:00,0.10528356980427134
2019-03-07 23:24:00,0.09643000766493515
2019-03-07 23:27:00,0.01436196044829785
2019-03-07 23:30:00,0.098434286982922
2019-03-07 23:33:00,0.036622922318883866
2019-03-07 23:36:00,0.09765891029269369
2019-03-07 23:39:00,0.052328791792376705
2019-03-07 23:42:00,0.06092169884590248
2019-03-07 23:45:00,0.0834322661254987
2019-03-07 23:48:00,0.05340095814102597
2019-03-07 23:51:00,0.0032499299106802937
2019-03-07 23:54:00,0.04962671152100029
2019-03-07 23:57:00,0.04561513144199125
2019-03-08 00:00:00,0.10266434768300314
2019-03-08 00:03:00,0.1225481509460451
2019-03-08 00:06:00,0.10083385911332243
2019-03-08 00:09:00,0.10090688260737579
2019-03-08 00:12:00,0.13089451379346428
2019-03-08 00:15:00,0.016382365999788817
2019-03-08 00:18:00,0.08084267863603145
2019-03-08 00:21:00,0.0065407151176941625
2019-03-08 00:24:00,0.021175412883337685
2019-03-08 00:27:00,0.10005676804149743
2019-03-08 00:30:00,0.0695082781718952
2019-03-08 00:33:00,0.03628376226521368
2019-03-08 00:36:00,0.07464335088650387
2019-03-08 00:39:00,0.15485767891658497
2019-03-08 00:42:00,0.1645609248898836
2019-03-08 00:45:00,0.23927699038256378
2019-03-08 00:48:00,0.21903362823474026
2019-03-08 00:51:00,0.14316862107858697
2019-03-08 00:54:00,0.20057352856218813
2019-03-08 00:57:00,0.20138319876184596
2019-03-08 01:00:00,0.22330290142201648
2019-03-08 01:03:00,0.18691295082498982
2019-03-08 01:06:00,0.22155986728608923
2019-03-08 01:09:00,0.17392548043738998
2019-03-08 01:12:00,0.21664646840832802
2019-03-08 01:15:00,0.17866539915689827
2019-03-08 01:18:00,0.16918346438734488
2019-03-08 01:21:00,0.24587285912008383
2019-03-08 01:24:00,0.3099606211793571
2019-03-08 01:27:00,0.27438649279451965
2019-03-08 01:30:00,0.2886444705096096
2019-03-08 01:33:00,0.20130735019444046
2019-03-08 01:36:00,0.2595407156591705
2019-03-08 01:39:00,0.0763940960194418
2019-03-08 01:42:00,0.07603643323011511
2019-03-08 01:45:00,0.14753272982579801
2019-03-08 01:48:00,0.19918281763813184
2019-03-08 01:51:00,0.23732812703264017
2019-03-08 01:54:00,0.20696121878853546
2019-03-08 01:57:00,0.1965020684961587
2019-03-08 02:00:00,0.2570091731757884
2019-03-08 02:03:00,0.16449839257791155
2019-03-08 02:06:00,0.3193781277793164
2019-03-08 02:09:00,0.2828830170191168
2019-03-08 02:12:00,0.28315465898322145
2019-03-08 02:15:00,0.36683432037699504
2019-03-08 02:18:00,0.35655530459598594
2019-03-08 02:21:00,0.41452623273983136
2019-03-08 02:24:00,0.32447286136385856
2019-03-08 02:27:00,0.3730208713004117
2019-03-08 02:30:00,0.3007485340952485
2019-03-08 02:33:00,0.3466475142629406
2019-03-08 02:36:00,0.26552042854928004
2019-03-08 02:39:00,0.20592621467346817
2019-03-08 02:42:00,0.18144487299775847
2019-03-08 02:45:00,0.12993003460348973
2019-03-08 02:48:00,0.2561245160002841
2019-03-08 02:51:00,0.25900268040840047
2019-03-08 02:54:00,0.1930996106465841
2019-03-08 02:57:00,0.23107258205931203
2019-03-08 03:00:00,0.2784446419714186
2019-03-08 03:03:00,0.2441791682054486
2019-03-08 03:06:00,0.16607125770048015
2019-03-08 03:09:00,0.22638595915947235
2019-03-08 03:12:00,0.21652147027913315
2019-03-08 03:15:00,0.25175131221982383
2019-03-08 03:18:00,0.2304734149653882
2019-03-08 03:21:00,0.23329599351376373
2019-03-08 03:24:00,0.32794245128428656
2019-03-08 03:27:00,0.2945279275450048
2019-03-08 03:30:00,0.22432484766767402
2019-03-08 03:33:00,0.1874304925946717
2019-03-08 03:36:00,0.3174431394713224
2019-03-08 03:39:00,0.23633923502433163
2019-03-08 03:42:00,0.21640630356142765
2019-03-08 03:45:00,0.20684023427804732
2019-03-08 03:48:00,0.18895219713488132
2019-03-08 03:51:00,0.25360576788261824
2019-03-08 03:54:00,0.164945806159551
2019-03-08 03:57:00,0.20448448959854204
2019-03-08 04:00:00,0.21513926398057492
2019-03-08 04:03:00,0.20814341402297032
2019-03-08 04:06:00,0.1368086567644582
2019-03-08 04:09:00,0.19853851313729365
2019-03-08 04:12:00,0.25165452546428924
2019-03-08 04:15:00,0.11954912038328303
2019-03-08 04:18:00,0.21841348945309846
2019-03-08 04:21:00,0.17535570883524088
2019-03-08 04:24:00,0.22790790349120016
2019-03-08 04:27:00,0.28379319537208403
2019-03-08 04:30:00,0.17565666192950857
2019-03-08 04:33:00,0.20312683700319667
2019-03-08 04:36:00,0.18343743412725644
2019-03-08 04:39:00,0.2460270820935193
2019-03-08 04:42:00,0.2163566038972249
2019-03-08 04:45:00,0.2080145031827101
2019-03-08 04:48:00,0.22463456980995034
2019-03-08 04:51:00,0.19836810296669682
2019-03-08 04:54:00,0.21476386737379016
2019-03-08 04:57:00,0.1770698746273638
2019-03-08 05:00:00,0.2880812056630475
2019-03-08 05:03:00,0.13666656541329303
2019-03-08 05:06:00,0.30060837098733373
2019-03-08 05:09:00,0.20508616597709306
2019-03-08 05:12:00,0.24088444134804377
2019-03-08 05:15:00,0.197513818319635
2019-03-08 05:18:00,0.22942876512780686
2019-03-08 05:21:00,0.20853504941152323
2019-03-08 05:24:00,0.26833001677186985
2019-03-08 05:27:00,0.18296809998599883
2019-03-08 05:30:00,0.23208279090829365
2019-03-08 05:33:00,0.15187889422969647
2019-03-08 05:36:00,0.3381189134516944
2019-03-08 05:39:00,0.16071276064053563
2019-03-08 05:42:00,0.2448538387182566
2019-03-08 05:45:00,0.2557182627855923
2019-03-08 05:48:00,0.3177455478815432
2019-03-08 05:51:00,0.25994390774206977
2019-03-08 05:54:00,0.28135678411109666
2019-03-08 05:57:00,0.2184980636333762
2019-03-08 06:00:00,0.2789500724591676
2019-03-08 06:03:00,0.3068756906035901
2019-03-08 06:06:00,0.2580517608855075
2019-03-08 06:09:00,0.22969256643654035
2019-03-08 06:12:00,0.20665395037252665
2019-03-08 06:15:00,0.33194396082905087
2019-03-08 06:18:00,0.40904661365175343
2019-03-08 06:21:00,0.39598386591745793
2019-03-08 06:24:00,0.3021284309097041
2019-03-08 06:27:00,0.318715060669831
2019-03-08 06:30:00,0.30535870386580655
2019-03-08 06:33:00,0.33638712494627043
2019-03-08 06:36:00,0.40383771877594654
2019-03-08 06:39:00,0.2431042404590471
2019-03-08 06:42:00,0.4318873629039217
2019-03-08 06:45:00,0.24021022475847076
2019-03-08 06:48:00,0.2838424087076987
2019-03-08 06:51:00,0.26835088938503304
2019-03-08 06:54:00,0.2976230868284233
2019-03-08 06:57:00,0.3089590626178733
2019-03-08 07:00:00,0.29699540899520116
2019-03-08 07:03:00,0.3181788550874103
2019-03-08 07:06:00,0.3660952264511934
2019-03-08 07:09:00,0.38078686773405934
2019-03-08 07:12:00,0.41258837842036655
2019-03-08 07:15:00,0.3692747243788972
2019-03-08 07:18:00,0.3028321997310286
2019-03-08 07:21:00,0.42370949948377756
2019-03-08 07:24:00,0.3360543546707504
2019-03-08 07:27:00,0.31068498479868367
2019-03-08 07:30:00,0.3031799190213178
2019-03-08 07:33:00,0.3080093920927425
2019-03-08 07:36:00,0.26641865664453235
2019-03-08 07:39:00,0.26212796382532133
2019-03-08 07:42:00,0.2712018794568394
2019-03-08 07:45:00,0.3115875742327603
2019-03-08 07:48:00,0.2584293190949438
2019-03-08 07:51:00,0.3333492350575966
2019-03-08 07:54:00,0.2680791546997625
2019-03-08 07:57:00,0.2949975122535875
2019-03-08 08:00:00,0.2526624477644077
2019-03-08 08:03:00,0.2996932981936311
2019-03-08 08:06:00,0.35077637704875997
2019-03-08 08:09:00,0.3351228962926598
2019-03-08 08:12:00,0.3525066779141639
2019-03-08 08:15:00,0.4073934204340617
2019-03-08 08:18:00,0.35367618277763313
2019-03-08 08:21:00,0.3192574779683355
2019-03-08 08:24:00,0.2500258319842601
2019-03-08 08:27:00,0.29326510963647934
2019-03-08 08:30:00,0.2871914050996338
2019-03-08 08:33:00,0.2730415812683873
2019-03-08 08:36:00,0.30438398049244597
2019-03-08 08:39:00,0.2900084169991146
2019-03-08 08:42:00,0.3533662897632439
2019-03-08 08:45:00,0.3456841216929547
2019-03-08 08:48:00,0.22135933038271105
2019-03-08 08:51:00,0.30220112619576867
2019-03-08 08:54:00,0.24908976290657847
2019-03-08 08:57:00,0.2725353735759768
2019-03-08 09:00:00,0.24908704624465372
2019-03-08 09:03:00,0.20400737227572563
2019-03-08 09:06:00,0.2239489093370821
2019-03-08 09:09:00,0.28098292671359104
2019-03-08 09:12:00,0.27360622113565114
2019-03-08 09:15:00,0.17231002440490784
2019-03-08 09:18:00,0.23365373315544957
2019-03-08 09:21:00,0.22168703697968795
2019-03-08 09:24:00,0.18008241536165315
2019-03-08 09:27:00,0.10426437264112565
2019-03-08 09:30:00,0.1439096524644583
2019-03-08 09:33:00,0.08955975688326134
2019-03-08 09:36:00,0.16380185851977558
2019-03-08 09:39:00,0.1627193013933379
2019-03-08 09:42:00,0.19444030826366543
2019-03-08 09:45:00,0.2090333965687705
2019-03-08 09:48:00,0.12331170702179861
2019-03-08 09:51:00,0.08715547760220943
2019-03-08 09:54:00,0.1253694356423125
2019-03-08 09:57:00,0.13094468993961073
2019-03-08 10:00:00,0.06130710388600846
2019-03-08 10:03:00,0.15287271906345268
2019-03-08 10:06:00,0.016709779070652075
2019-03-08 10:09:00,0.04552074125984973
2019-03-08 10:12:00,0.12533765581525813
2019-03-08 10:15:00,0.12095377498451398
2019-03-08 10:18:00,0.12434982813675788
2019-03-08 10:21:00,0.025541174084821705
2019-03-08 10:24:00,0.04668693688097392
2019-03-08 10:27:00,-0.005204132731250866
2019-03-08 10:30:00,0.02328837285534746
2019-03-08 10:33:00,-0.007471565734988417
2019-03-08 10:36:00,-0.008925969430492842
2019-03-08 10:39:00,0.006083782183452513
2019-03-08 10:42:00,0.04503136827639764
2019-03-08 10:45:00,0.006111443250858883
2019-03-08 10:48:00,0.022630868421970263
2019-03-08 10:51:00,0.008996090731614004
2019-03-08 10:54:00,0.02021310122881914
2019-03-08 10:57:00,0.040471958368527794
2019-03-08 11:00:00,0.09386230853630195
2019-03-08 11:03:00,0.04488704119984277
2019-03-08 11:06:00,0.02783911797342853
2019-03-08 11:09:00,0.018017102822511788
2019-03-08 11:12:00,0.056345123851997414
2019-03-08 11:15:00,0.07553735884710022
2019-03-08 11:18:00,0.02494905133227121
2019-03-08 11:21:00,0.01368821043246271
2019-03-08 11:24:00,0.02070768572474435
2019-03-08 11:27:00,0.10117278173686373
2019-03-08 11:30:00,0.15746770748512517
2019-03-08 11:33:00,0.14488644731648037
2019-03-08 11:36:00,0.1152974390485042
2019-03-08 11:39:00,0.11296380342037082
2019-03-08 11:42:00,0.1058545880638917
2019-03-08 11:45:00,0.010162385447529232
2019-03-08 11:48:00,0.16394430110381109
2019-03-08 11:51:00,0.10838776750358647
2019-03-08 11:54:00,0.17496616178885915
2019-03-08 11:57:00,0.22030881617371278
2019-03-08 12:00:00,0.16164158111109828
2019-03-08 12:03:00,0.14092541730667563
2019-03-08 12:06:00,0.3083416990932051
2019-03-08 12:09:00,0.17060184097442743
2019-03-08 12:12:00,0.32276965105182853
2019-03-08 12:15:00,0.3054417883072915
2019-03-08 12:18:00,0.1526493368737647
2019-03-08 12:21:00,0.0548471260850647
2019-03-08 12:24:00,0.08820019441236582
2019-03-08 12:27:00,0.07277164234216116
2019-03-08 12:30:00,0.07093115317030652
2019-03-08 12:33:00,0.05069143843019219
2019-03-08 12:36:00,-0.023486809992334656
2019-03-08 12:39:00,-0.012857307760953063
2019-03-08 12:42:00,-0.01943859658274505
2019-03-08 12:45:00,-0.05299725431251545
2019-03-08 12:48:00,-0.013219913764430657
2019-03-08 12:51:00,-0.05149288198248314
2019-03-08 12:54:00,-0.013393099820348198
2019-03-08 12:57:00,-0.08958177421629898
2019-03-08 13:00:00,-0.00839619596825969
2019-03-08 13:03:00,-0.0652929703613836
2019-03-08 13:06:00,-0.11216772613875037
2019-03-08 13:09:00,-0.2020460969588953
2019-03-08 13:12:00,-0.1218632082008071
2019-03-08 13:15:00,-0.04129870835828342
2019-03-08 13:18:00,0.02149464560955039
2019-03-08 13:21:00,0.01277710599481452
2019-03-08 13:24:00,-0.08091675071904092
2019-03-08 13:27:00,-0.0912709513554546
2019-03-08 13:30:00,-0.14128937044029044
2019-03-08 13:33:00,-0.07546205362336877
2019-03-08 13:36:00,-0.04480447119368591
2019-03-08 13:39:00,-0.1655743892662258
2019-03-08 13:42:00,-0.1379457047206074
2019-03-08 13:45:00,-0.13736981072008803
2019-03-08 13:48:00,-0.20504118471370703
2019-03-08 13:51:00,-0.19540407403025029
2019-03-08 13:54:00,-0.16471718137410107
2019-03-08 13:57:00,-0.2866599243756127
2019-03-08 14:00:00,-0.18486859302873881
2019-03-08 14:03:00,-0.16396455538847476
2019-03-08 14:06:00,-0.18303714025176987
2019-03-08 14:09:00,-0.26755437999577225
2019-03-08 14:12:00,-0.053080755465032325
2019-03-08 14:15:00,-0.1922416030045042
2019-03-08 14:18:00,-0.17353096484947628
2019-03-08 14:21:00,-0.19024245121698868
2019-03-08 14:24:00,-0.1530974916803416
2019-03-08 14:27:00,-0.2863567795234303
2019-03-08 14:30:00,-0.2452496460200564
2019-03-08 14:33:00,-0.2752039397598196
2019-03-08 14:36:00,-0.28467098816616954
2019-03-08 14:39:00,-0.256317515922035
2019-03-08 14:42:00,-0.16147019008030838
2019-03-08 14:45:00,-0.3146871242761904
2019-03-08 14:48:00,-0.22923481078021268
2019-03-08 14:51:00,-0.2045185670116325
2019-03-08 14:54:00,-0.29425599765255583
2019-03-08 14:57:00,-0.1903587648738494
2019-03-08 15:00:00,-0.2922137119002173
2019-03-08 15:03:00,-0.3269863043581722
2019-03-08 15:06:00,-0.213965209950004
2019-03-08 15:09:00,-0.4099793991525189
2019-03-08 15:12:00,-0.2896704098833993
2019-03-08 15:15:00,-0.359210652287004
2019-03-08 15:18:00,-0.41722599501110835
2019-03-08 15:21:00,-0.2419640956847502
2019-03-08 15:24:00,-0.1921777814335428
2019-03-08 15:27:00,-0.2385767877045737
2019-03-08 15:30:00,-0.28494930906583704
2019-03-08 15:33:00,-0.12287512720234872
2019-03-08 15:36:00,-0.20738644547361673
2019-03-08 15:39:00,-0.21141801586924203
2019-03-08 15:42:00,-0.23077600240810625
2019-03-08 15:45:00,-0.12864710994358575
2019-03-08 15:48:00,-0.0520524250445078
2019-03-08 15:51:00,-0.13340755926259362
2019-03-08 15:54:00,-0.14537341681466387
2019-03-08 15:57:00,-0.18171089370417803
2019-03-08 16:00:00,-0.18380657885182927
2019-03-08 16:03:00,-0.29205840244190995
2019-03-08 16:06:00,-0.3287478251068592
2019-03-08 16:09:00,-0.16283098384553796
2019-03-08 16:12:00,-0.26126678180543195
2019-03-08 16:15:00,-0.2621630510037676
2019-03-08 16:18:00,-0.2938026735093331
2019-03-08 16:21:00,-0.2140355236186906
2019-03-08 16:24:00,-0.2041477233723299
2019-03-08 16:27:00,-0.3118598718918406
2019-03-08 16:30:00,-0.21433017164116563
2019-03-08 16:33:00,-0.26343150546432526
2019-03-08 16:36:00,-0.2290454321698121
2019-03-08 16:39:00,-0.2043384503073753
2019-03-08 16:42:00,-0.23451525670537876
2019-03-08 16:45:00,-0.17619617303694213
2019-03-08 16:48:00,-0.33429499790764794
2019-03-08 16:51:00,-0.1797409685381126
2019-03-08 16:54:00,-0.21456906665571296
2019-03-08 16:57:00,-0.2759777365317859
2019-03-08 17:00:00,-0.30376762846969996
2019-03-08 17:03:00,-0.33984944546796214
2019-03-08 17:06:00,-0.17344024335335462
2019-03-08 17:09:00,-0.2870448035246227
2019-03-08 17:12:00,-0.2027873308631456
2019-03-08 17:15:00,-0.3241845670976886
2019-03-08 17:18:00,-0.2703092164422287
2019-03-08 17:21:00,-0.21927574942355932
2019-03-08 17:24:00,-0.3235388982174072
2019-03-08 17:27:00,-0.20941263631812035
2019-03-08 17:30:00,-0.24889843714140625
2019-03-08 17:33:00,-0.22791990648994442
2019-03-08 17:36:00,-0.2865004280862422
2019-03-08 17:39:00,-0.1370162990859285
2019-03-08 17:42:00,-0.2804124577888274
2019-03-08 17:45:00,-0.20347215592988732
2019-03-08 17:48:00,-0.23164785697622392
2019-03-08 17:51:00,-0.12919974938643008
2019-03-08 17:54:00,-0.20750666744197588
2019-03-08 17:57:00,-0.12735580898782928
2019-03-08 18:00:00,-0.021574119860360952
2019-03-08 18:03:00,-0.12298040450775716
2019-03-08 18:06:00,-0.12810353736313118
2019-03-08 18:09:00,-0.20597354590654504
2019-03-08 18:12:00,-0.06263183445742015
2019-03-08 18:15:00,-0.15605055105271504
2019-03-08 18:18:00,-0.13769667678622
2019-03-08 18:21:00,-0.09764305667425788
2019-03-08 18:24:00,-0.08510146344258374
2019-03-08 18:27:00,-0.06585501103700153
2019-03-08 18:30:00,-0.09113957473840628
2019-03-08 18:33:00,-0.07071139425096362
2019-03-08 18:36:00,0.015720724241475637
2019-03-08 18:39:00,-0.029179076053878816
2019-03-08 18:42:00,-0.04938804506036831
2019-03-08 18:45:00,-0.03138817619105794
2019-03-08 18:48:00,0.045078051179075374
2019-03-08 18:51:00,-0.007590146649988583
2019-03-08 18:54:00,-0.08572795537594402
2019-03-08 18:57:00,
2019-03-08 19:00:00,
2019-03-08 19:03:00,0.09490652550505274
2019-03-08 19:06:00,0.10549866299817268
2019-03-08 19:09:00,0.09883994189164014
2019-03-08 19:12:00,0.08635776321960975
2019-03-08 19:15:00,-0.0072935712069579495
2019-03-08 19:18:00,0.11560930394233537
2019-03-08 19:21:00,0.10865569176183953
2019-03-08 19:24:00,0.08433447203270816
2019-03-08 19:27:00,0.06600559881712798
2019-03-08 19:30:00,-0.012963906219397359
2019-03-08 19:33:00,0.004058597028574695
2019-03-08 19:36:00,-0.0365448767148564
2019-03-08 19:39:00,0.09530724921631872
2019-03-08 19:42:00,0.11483488941149744
2019-03-08 19:45:00,0.04896379338316592
2019-03-08 19:48:00,0.056372727898121866
2019-03-08 19:51:00,-0.018324180428635373
2019-03-08 19:54:00,-0.12572762481755717
2019-03-08 19:57:00,-0.02342018013564484
2019-03-08 20:00:00,0.1100512103237179
2019-03-08 20:03:00,-0.04859441562689426
2019-03-08 20:06:00,-0.09044597535364574
2019-03-08 20:09:00,0.024681294282061117
2019-03-08 20:12:00,0.0328642857737691
2019-03-08 20:15:00,0.0358968859414972
2019-03-08 20:18:00,-0.05725684537867437
2019-03-08 20:21:00,-0.04669796036870366
2019-03-08 20:24:00,-0.04319000021661168
2019-03-08 20:27:00,-0.04532397445632341
2019-03-08 20:30:00,0.10849905652440839
2019-03-08 20:33:00,0.05869083245147522
2019-03-08 20:36:00,0.06060399153659546
2019-03-08 20:39:00,0.02851650282303808
2019-03-08 20:42:00,-0.00251025403025551
2019-03-08 20:45:00,-0.0030433504299480774
2019-03-08 20:48:00,-0.013776008712852672
2019-03-08 20:51:00,0.08574795762035592
2019-03-08 20:54:00,0.10604574498370312
2019-03-08 20:57:00,0.10039684315665909
2019-03-08 21:00:00,0.15044908290951753
2019-03-08 21:03:00,0.16459178784276673
2019-03-08 21:06:00,0.1681573296908141
2019-03-08 21:09:00,0.09146784723537849
2019-03-08 21:12:00,0.13671351518325991
2019-03-08 21:15:00,0.11900359722449139
2019-03-08 21:18:00,0.10861162640406974
2019-03-08 21:21:00,0.244514370593663
2019-03-08 21:24:00,0.38497832524967635
2019-03-08 21:27:00,0.2600941263849563
2019-03-08 21:30:00,0.100705230211247
2019-03-08 21:33:00,0.1138305209117334
2019-03-08 21:36:00,0.07824590019441757
2019-03-08 21:39:00,0.07541854450772689
2019-03-08 21:42:00,0.12233668974801049
2019-03-08 21:45:00,0.06324344054559106
2019-03-08 21:48:00,0.14165791550669837
2019-03-08 21:51:00,0.05177476713777196
2019-03-08 21:54:00,0.07364485163384416
2019-03-08 21:57:00,0.1484687022266371
2019-03-08 22:00:00,0.21170589658606787
2019-03-08 22:03:00,0.20375408313879007
2019-03-08 22:06:00,0.05872856321883546
2019-03-08 22:09:00,0.11708726740232578
2019-03-08 22:12:00,0.22908997468459802
2019-03-08 22:15:00,0.19881909096034178
2019-03-08 22:18:00,0.15230618963425968
2019-03-08 22:21:00,0.1850880574812095
2019-03-08 22:24:00,0.09785740812287713
2019-03-08 22:27:00,0.17651376798067986
2019-03-08 22:30:00,0.04815283072503007
2019-03-08 22:33:00,0.2385462160389693
2019-03-08 22:36:00,0.14512247285017565
2019-03-08 22:39:00,0.21642599955055175
2019-03-08 22:42:00,0.14905997124736814
2019-03-08 22:45:00,0.1735928440722887
2019-03-08 22:48:00,0.04664120790164361
2019-03-08 22:51:00,0.07474922699958597
2019-03-08 22:54:00,0.08457761035361955
2019-03-08 22:57:00,0.09543276945009893
2019-03-08 23:00:00,0.07667123846823642
2019-03-08 23:03:00,0.14894386988493125
2019-03-08 23:06:00,0.09959369056105061
2019-03-08 23:09:00,0.11321780157004468
2019-03-08 23:12:00,0.1983596836577135
2019-03-08 23:15:00,0.11267379306968905
2019-03-08 23:18:00,0.08218305441113216
2019-03-08 23:21:00,0.12451655258706751
2019-03-08 23:24:00,0.11042603398101392
2019-03-08 23:27:00,0.043711354792890234
2019-03-08 23:30:00,0.12314857677426971
2019-03-08 23:33:00,0.13858933479696134
2019-03-08 23:36:00,0.06391722753153317
2019-03-08 23:39:00,0.10273988145127078
2019-03-08 23:42:00,0.14968080214708834
2019-03-08 23:45:00,0.05942436443621091
2019-03-08 23:48:00,0.18181649566548685
2019-03-08 23:51:00,0.15424281541044138
2019-03-08 23:54:00,0.072381539493108
2019-03-08 23:57:00,0.11140401681632284
2019-03-09 00:00:00,0.00494596476011111
2019-03-09 00:03:00,0.160482900091381
2019-03-09 00:06:00,0.12133413211574862
2019-03-09 00:09:00,0.005966128228408252
2019-03-09 00:12:00,0.04575018415278009
2019-03-09 00:15:00,0.11960275938542964
2019-03-09 00:18:00,0.1462768159362895
2019-03-09 00:21:00,0.030945307740466887
2019-03-09 00:24:00,0.01636193848798939
2019-03-09 00:27:00,0.08145540610979651
2019-03-09 00:30:00,0.11558210609740627
2019-03-09 00:33:00,0.058160160867885224
2019-03-09 00:36:00,0.04351487856075664
2019-03-09 00:39:00,0.05093595196944989
2019-03-09 00:42:00,0.09092738045870874
2019-03-09 00:45:00,0.05994773841547385
2019-03-09 00:48:00,0.1443991443971413
2019-03-09 00:51:00,-0.008342188886729218
2019-03-09 00:54:00,0.003676491218641331
2019-03-09 00:57:00,0.19941952581768874
2019-03-09 01:00:00,0.1174017240943499
2019-03-09 01:03:00,0.17030383563638907
2019-03-09 01:06:00,0.03784343827788916
2019-03-09 01:09:00,0.06164394274503593
2019-03-09 01:12:00,0.14570143532938573
2019-03-09 01:15:00,0.07280712988284677
2019-03-09 01:18:00,0.1409522864840369
2019-03-09 01:21:00,0.08281889601443027
2019-03-09 01:24:00,0.07653555279296143
2019-03-09 01:27:00,0.1612220080365887
2019-03-09 01:30:00,0.21512255054312845
2019-03-09 01:33:00,0.1408124443585166
2019-03-09 01:36:00,0.12545677365829988
2019-03-09 01:39:00,0.1510151550081673
2019-03-09 01:42:00,0.12036307871056806
2019-03-09 01:45:00,0.23559956354461065
2019-03-09 01:48:00,0.21646671812584373
2019-03-09 01:51:00,0.19445058244718894
2019-03-09 01:54:00,0.23900635128711656
2019-03-09 01:57:00,0.29555931667488267
2019-03-09 02:00:00,0.17328556472585888
2019-03-09 02:03:00,0.12121322146271041
2019-03-09 02:06:00,0.14362107521395728
2019-03-09 02:09:00,0.14600224288983554
2019-03-09 02:12:00,0.22324744170515487
2019-03-09 02:15:00,0.1714834391385125
2019-03-09 02:18:00,0.19233761064748478
2019-03-09 02:21:00,0.11869580850776629
2019-03-09 02:24:00,0.08362933892357205
2019-03-09 02:27:00,0.16819842210213665
2019-03-09 02:30:00,0.19577533002558312
2019-03-09 02:33:00,0.09751764113048011
2019-03-09 02:36:00,0.15057021188908948
2019-03-09 02:39:00,0.10489503429647584
2019-03-09 02:42:00,0.20580877587565283
2019-03-09 02:45:00,0.3047489695023273
2019-03-09 02:48:00,0.2515647429446517
2019-03-09 02:51:00,0.2306741852666505
2019-03-09 02:54:00,0.2505100965363454
2019-03-09 02:57:00,0.19568362869705425
2019-03-09 03:00:00,0.2307496898580439
2019-03-09 03:03:00,0.24508573729650607
2019-03-09 03:06:00,0.22736913513432455
2019-03-09 03:09:00,0.15878324327968585
2019-03-09 03:12:00,0.19889829236996093
2019-03-09 03:15:00,0.12266755350526637
2019-03-09 03:18:00,0.051588049142537784
2019-03-09 03:21:00,0.1959934169852886
2019-03-09 03:24:00,0.266984296933515
2019-03-09 03:27:00,0.31454270847530097
2019-03-09 03:30:00,0.31279360456022687
2019-03-09 03:33:00,0.18267100584500895
2019-03-09 03:36:00,0.17258703974965783
2019-03-09 03:39:00,0.08228826104317477
2019-03-09 03:42:00,0.11431863369034545
2019-03-09 03:45:00,0.12004427684536267
2019-03-09 03:48:00,0.12349016422450632
2019-03-09 03:51:00,0.08689351766884101
2019-03-09 03:54:00,0.08854025679636379
2019-03-09 03:57:00,0.023132057233567593
2019-03-09 04:00:00,0.01897424753303767
2019-03-09 04:03:00,0.08061441119298252
2019-03-09 04:06:00,0.10660737185099833
2019-03-09 04:09:00,0.1929771757825165
2019-03-09 04:12:00,0.2865525765745929
2019-03-09 04:15:00,0.1855706380462152
2019-03-09 04:18:00,0.11961085535540406
2019-03-09 04:21:00,0.24273172404303978
2019-03-09 04:24:00,0.2813807026820996
2019-03-09 04:27:00,0.25872802304184006
2019-03-09 04:30:00,0.2045184733930796
2019-03-09 04:33:00,0.23372361441550993
2019-03-09 04:36:00,0.26791501188586153
2019-03-09 04:39:00,0.201111889441961
2019-03-09 04:42:00,0.3750123325340269
2019-03-09 04:45:00,0.3806175469748041
2019-03-09 04:48:00,0.3351721679401294
2019-03-09 04:51:00,0.3553922140309851
2019-03-09 04:54:00,0.3318253784239573
2019-03-09 04:57:00,0.3601182126981257
2019-03-09 05:00:00,0.31364162055160705
2019-03-09 05:03:00,0.2626471722417705
2019-03-09 05:06:00,0.46338774287727347
2019-03-09 05:09:00,0.3566831796227916
2019-03-09 05:12:00,0.29429376277926167
2019-03-09 05:15:00,0.29584288093542455
2019-03-09 05:18:00,0.27943910156665197
2019-03-09 05:21:00,0.2823181079173196
2019-03-09 05:24:00,0.32533987085008675
2019-03-09 05:27:00,0.3003037522263412
2019-03-09 05:30:00,0.2985933087315402
2019-03-09 05:33:00,0.30027806597433937
2019-03-09 05:36:00,0.25122130631632444
2019-03-09 05:39:00,0.27255348099174626
2019-03-09 05:42:00,0.3464122743108078
2019-03-09 05:45:00,0.2601103277876291
2019-03-09 05:48:00,0.2951870503476357
2019-03-09 05:51:00,0.38284333635454004
2019-03-09 05:54:00,0.36968103473776637
2019-03-09 05:57:00,0.3718992397733132
2019-03-09 06:00:00,0.3178517942559438
2019-03-09 06:03:00,0.33234671286686535
2019-03-09 06:06:00,0.38291740875217783
2019-03-09 06:09:00,0.3888600487019289
2019-03-09 06:12:00,0.34927782045696176
2019-03-09 06:15:00,0.3835155353769437
2019-03-09 06:18:00,0.3509056932842327
2019-03-09 06:21:00,0.38095714770099676
2019-03-09 06:24:00,0.27567319902755116
2019-03-09 06:27:00,0.333063626437081
2019-03-09 06:30:00,0.4033224228243171
2019-03-09 06:33:00,0.3118619910100051
2019-03-09 06:36:00,0.3532264544060695
2019-03-09 06:39:00,0.3182643010579227
2019-03-09 06:42:00,0.26464424177748924
2019-03-09 06:45:00,0.24347559603126
2019-03-09 06:48:00,0.29201246286123705
2019-03-09 06:51:00,0.2341129459668423
2019-03-09 06:54:00,0.275253093404217
2019-03-09 06:57:00,0.3078108509323556
2019-03-09 07:00:00,0.27388913875802245
2019-03-09 07:03:00,0.3708876489087629
2019-03-09 07:06:00,0.2926492338851858
2019-03-09 07:09:00,0.37083113017479263
2019-03-09 07:12:00,0.3657134034253886
2019-03-09 07:15:00,0.3222884715948453
2019-03-09 07:18:00,0.3815622911814671
2019-03-09 07:21:00,0.3518601811912845
2019-03-09 07:24:00,0.3395772693846766
2019-03-09 07:27:00,0.29470657641269327
2019-03-09 07:30:00,0.3212261209030203
2019-03-09 07:33:00,0.40181944933976865
2019-03-09 07:36:00,0.32655192895794016
2019-03-09 07:39:00,0.34832264180693073
2019-03-09 07:42:00,0.3163659229511495
2019-03-09 07:45:00,0.3530028732744199
2019-03-09 07:48:00,0.31472543887758775
2019-03-09 07:51:00,0.18971309575317719
2019-03-09 07:54:00,0.348234212680552
2019-03-09 07:57:00,0.3142142196753639
2019-03-09 08:00:00,0.2927474916340316
2019-03-09 08:03:00,0.31455139249601416
2019-03-09 08:06:00,0.3639768724764849
2019-03-09 08:09:00,0.26376311559056376
2019-03-09 08:12:00,0.2390289238129526
2019-03-09 08:15:00,0.29006741782046674
2019-03-09 08:18:00,0.26352679474911156
2019-03-09 08:21:00,0.25305850553633036
2019-03-09 08:24:00,0.1830811115004849
2019-03-09 08:27:00,0.1190245839235331
2019-03-09 08:30:00,0.19474178656457752
2019-03-09 08:33:00,0.16072464625347038
2019-03-09 08:36:00,0.18783835518746628
2019-03-09 08:39:00,0.04928245875618131
2019-03-09 08:42:00,0.10676640166559537
2019-03-09 08:45:00,0.047835108537697124
2019-03-09 08:48:00,0.09336739117929937
2019-03-09 08:51:00,-0.03795814940320952
2019-03-09 08:54:00,-0.031017447433271172
2019-03-09 08:57:00,0.04234594767655153
2019-03-09 09:00:00,0.08345582291190112
2019-03-09 09:03:00,-0.008521624995410093
2019-03-09 09:06:00,-0.06171568317859055
2019-03-09 09:09:00,-0.03027081455405778
2019-03-09 09:12:00,-0.02564590218577223
2019-03-09 09:15:00,-0.03660818485849404
2019-03-09 09:18:00,0.022763821272349105
2019-03-09 09:21:00,0.02115625660889009
2019-03-09 09:24:00,-0.05046044237224123
2019-03-09 09:27:00,-0.06601724935683251
2019-03-09 09:30:00,-0.13920475655055498
2019-03-09 09:33:00,-0.08305910060408905
2019-03-09 09:36:00,-0.09274293946901935
2019-03-09 09:39:00,-0.07545606516112002
2019-03-09 09:42:00,-0.10300359564655537
2019-03-09 09:45:00,-0.012195325607933682
2019-03-09 09:48:00,-0.14336458099984384
2019-03-09 09:51:00,-0.1023591947193836
2019-03-09 09:54:00,-0.11709297585611012
2019-03-09 09:57:00,-0.10844407441624071
2019-03-09 10:00:00,-0.054548522403024435
2019-03-09 10:03:00,-0.14825621065733685
2019-03-09 10:06:00,-0.18164825933143902
2019-03-09 10:09:00,-0.10823050933549894
2019-03-09 10:12:00,-0.04276040685243743
2019-03-09 10:15:00,-0.07468765092369267
2019-03-09 10:18:00,-0.19475953161770576
2019-03-09 10:21:00,-0.09100116408563963
2019-03-09 10:24:00,-0.13727590190688943
2019-03-09 10:27:00,-0.1246981586560878
2019-03-09 10:30:00,-0.08558902229981413
2019-03-09 10:33:00,-0.19014228560155289
2019-03-09 10:36:00,-0.06965954931564511
2019-03-09 10:39:00,-0.11140962862629067
2019-03-09 10:42:00,-0.1945988480475762
2019-03-09 10:45:00,-0.2599668708846252
2019-03-09 10:48:00,-0.12390458932941328
2019-03-09 10:51:00,-0.1583388381837949
2019-03-09 10:54:00,-0.1305535482254072
2019-03-09 10:57:00,-0.1930826189527579
2019-03-09 11:00:00,-0.23238492128893995
2019-03-09 11:03:00,-0.19236995269966428
2019-03-09 11:06:00,-0.23940856304983527
2019-03-09 11:09:00,-0.1944101052670817
2019-03-09 11:12:00,-0.30356727967830466
2019-03-09 11:15:00,-0.2796313382374933
2019-03-09 11:18:00,-0.23260265131824553
2019-03-09 11:21:00,-0.19166812787761955
2019-03-09 11:24:00,-0.23631202648687122
2019-03-09 11:27:00,-0.24723701871113235
2019-03-09 11:30:00,-0.27789295685767
2019-03-09 11:33:00,-0.24243426881298547
2019-03-09 11:36:00,-0.2719611077237687
2019-03-09 11:39:00,-0.29113564202555153
2019-03-09 11:42:00,-0.2280919559930794
2019-03-09 11:45:00,-0.2833293307529061
2019-03-09 11:48:00,-0.32305222216268703
2019-03-09 11:51:00,-0.23500096562332828
2019-03-09 11:54:00,-0.32522176002134984
2019-03-09 11:57:00,-0.3857942192591395
2019-03-09 12:00:00,-0.39029417532043453
2019-03-09 12:03:00,-0.28742120124894655
2019-03-09 12:06:00,-0.3290569533130565
2019-03-09 12:09:00,-0.3279725957586379
2019-03-09 12:12:00,-0.3802472753732786
2019-03-09 12:15:00,-0.41156811400372817
2019-03-09 12:18:00,-0.27702695064920135
2019-03-09 12:21:00,-0.36629045365526736
2019-03-09 12:24:00,-0.3342300124335793
2019-03-09 12:27:00,-0.49769792938531054
2019-03-09 12:30:00,-0.4493664528837371
2019-03-09 12:33:00,-0.24417628237739564
2019-03-09 12:36:00,-0.22282327031854265
2019-03-09 12:39:00,-0.4165441953845743
2019-03-09 12:42:00,-0.4254151606562573
2019-03-09 12:45:00,-0.26490333874994576
2019-03-09 12:48:00,-0.39239646735404676
2019-03-09 12:51:00,-0.4768121525090123
2019-03-09 12:54:00,-0.4419153133449072
2019-03-09 12:57:00,-0.4800692795004693
2019-03-09 13:00:00,-0.4663818812060754
2019-03-09 13:03:00,-0.48428982732383474
2019-03-09 13:06:00,-0.38061711149453004
2019-03-09 13:09:00,-0.4184084639886123
2019-03-09 13:12:00,-0.32504002513866226
2019-03-09 13:15:00,-0.3610105875009708
2019-03-09 13:18:00,-0.3867427887924464
2019-03-09 13:21:00,-0.48613516397011836
2019-03-09 13:24:00,-0.49131512481380923
2019-03-09 13:27:00,-0.3596365579463736
2019-03-09 13:30:00,-0.24593582372875744
2019-03-09 13:33:00,-0.2913594819601144
2019-03-09 13:36:00,-0.44567092424370003
2019-03-09 13:39:00,-0.28936677150733203
2019-03-09 13:42:00,-0.2695176078055397
2019-03-09 13:45:00,-0.3340315510360483
2019-03-09 13:48:00,-0.4116689648099623
2019-03-09 13:51:00,-0.2631474126104649
2019-03-09 13:54:00,-0.28602413735472965
2019-03-09 13:57:00,-0.3799561031430585
2019-03-09 14:00:00,-0.41608454055983657
2019-03-09 14:03:00,-0.4554787418564388
2019-03-09 14:06:00,-0.5618540965990633
2019-03-09 14:09:00,-0.4173002311040932
2019-03-09 14:12:00,-0.4384004340257661
2019-03-09 14:15:00,-0.31249297840156487
2019-03-09 14:18:00,-0.2936936267294641
2019-03-09 14:21:00,-0.20267274422752735
2019-03-09 14:24:00,-0.3597214319075306
2019-03-09 14:27:00,-0.29269219365937715
2019-03-09 14:30:00,-0.30668677032906544
2019-03-09 14:33:00,-0.28719476290183366
2019-03-09 14:36:00,-0.25977703132815577
2019-03-09 14:39:00,-0.3478073899720471
2019-03-09 14:42:00,-0.5216594668275434
2019-03-09 14:45:00,-0.5057501751347218
2019-03-09 14:48:00,-0.4945743052892908
2019-03-09 14:51:00,-0.5259708989518117
2019-03-09 14:54:00,-0.6159510615854629
2019-03-09 14:57:00,-0.5943346825158642
2019-03-09 15:00:00,-0.4295936821821442
2019-03-09 15:03:00,-0.40277038434754786
2019-03-09 15:06:00,-0.36081909561181646
2019-03-09 15:09:00,-0.38726723868330737
2019-03-09 15:12:00,-0.3884447860563114
2019-03-09 15:15:00,-0.24782947324018778
2019-03-09 15:18:00,-0.29844300669316226
2019-03-09 15:21:00,-0.441154735264945
2019-03-09 15:24:00,-0.2885165857310312
2019-03-09 15:27:00,-0.33313855979901064
2019-03-09 15:30:00,-0.22440338622686795
2019-03-09 15:33:00,-0.2457067742394088
2019-03-09 15:36:00,-0.2012624247241206
2019-03-09 15:39:00,-0.33239951863623673
2019-03-09 15:42:00,-0.39715832085977354
2019-03-09 15:45:00,-0.39819561182673624
2019-03-09 15:48:00,-0.47404483830638355
2019-03-09 15:51:00,-0.4096228165167872
2019-03-09 15:54:00,-0.4703582247665281
2019-03-09 15:57:00,-0.49561768452480237
2019-03-09 16:00:00,-0.5153027203193687
2019-03-09 16:03:00,-0.3318798700968273
2019-03-09 16:06:00,-0.5116266008041066
2019-03-09 16:09:00,-0.5682597640789595
2019-03-09 16:12:00,-0.5215578812715762
2019-03-09 16:15:00,-0.5287524459548081
2019-03-09 16:18:00,-0.5261129847468737
2019-03-09 16:21:00,-0.47996840122590356
2019-03-09 16:24:00,-0.4983712869191663
2019-03-09 16:27:00,-0.49617715258523276
2019-03-09 16:30:00,-0.5444365293715236
2019-03-09 16:33:00,-0.5207288822025475
2019-03-09 16:36:00,-0.5531014457068295
2019-03-09 16:39:00,-0.4926741499702416
2019-03-09 16:42:00,-0.49584764691007877
2019-03-09 16:45:00,-0.5144953900469318
2019-03-09 16:48:00,-0.4630654436910504
2019-03-09 16:51:00,-0.4364931828201293
2019-03-09 16:54:00,-0.436696687639369
2019-03-09 16:57:00,-0.37515755721057076
2019-03-09 17:00:00,-0.4531607797648576
2019-03-09 17:03:00,-0.37677959862554644
2019-03-09 17:06:00,-0.5102211852556024
2019-03-09 17:09:00,-0.41829004076231513
2019-03-09 17:12:00,-0.3540340693299413
2019-03-09 17:15:00,-0.5200870582639823
2019-03-09 17:18:00,-0.5059475337258732
2019-03-09 17:21:00,-0.4365750515954119
2019-03-09 17:24:00,-0.4381026358541362
2019-03-09 17:27:00,-0.3890023617606744
2019-03-09 17:30:00,-0.4211010904539876
2019-03-09 17:33:00,-0.3906495728290338
2019-03-09 17:36:00,-0.41554525603964976
2019-03-09 17:39:00,-0.3921265135252838
2019-03-09 17:42:00,-0.3446351568478576
2019-03-09 17:45:00,-0.32117186255590013
2019-03-09 17:48:00,-0.46553467427924033
2019-03-09 17:51:00,-0.5060453943369794
2019-03-09 17:54:00,-0.42209538654770995
2019-03-09 17:57:00,-0.3805465631405127
2019-03-09 18:00:00,-0.32994849149241645
2019-03-09 18:03:00,-0.3336856201559044
2019-03-09 18:06:00,-0.34002358498764806
2019-03-09 18:09:00,-0.31783952989906084
2019-03-09 18:12:00,-0.4125611872430568
2019-03-09 18:15:00,-0.33962141980879323
2019-03-09 18:18:00,-0.34058387445622884
2019-03-09 18:21:00,-0.22660112898648777
2019-03-09 18:24:00,-0.363968168148574
2019-03-09 18:27:00,-0.29072591448385765
2019-03-09 18:30:00,-0.25434536319960444
2019-03-09 18:33:00,-0.24100499709567202
2019-03-09 18:36:00,-0.3055561063668506
2019-03-09 18:39:00,-0.32033713356207727
2019-03-09 18:42:00,-0.2258429504163928
2019-03-09 18:45:00,-0.3466708277048838
2019-03-09 18:48:00,-0.2708146601987096
2019-03-09 18:51:00,-0.32750639020304106
2019-03-09 18:54:00,
2019-03-09 18:57:00,
2019-03-09 19:00:00,
2019-03-09 19:03:00,-0.24348122015101126
2019-03-09 19:06:00,-0.24020120410210666
2019-03-09 19:09:00,-0.20323612972123328
2019-03-09 19:12:00,-0.19274298019729486
2019-03-09 19:15:00,-0.3602373307118114
2019-03-09 19:18:00,-0.21381399423688663
2019-03-09 19:21:00,-0.29485281663573915
2019-03-09 19:24:00,-0.2729902280266856
2019-03-09 19:27:00,-0.2679245278317808
2019-03-09 19:30:00,-0.2919706828805033
2019-03-09 19:33:00,-0.33242634785727887
2019-03-09 19:36:00,-0.22043401676535268
2019-03-09 19:39:00,-0.25139202862266075
2019-03-09 19:42:00,-0.22679274555395068
2019-03-09 19:45:00,-0.22555435989909256
2019-03-09 19:48:00,-0.21592243307361514
2019-03-09 19:51:00,-0.23623174823666204
2019-03-09 19:54:00,-0.2813393985146604
2019-03-09 19:57:00,-0.25387873628204716
2019-03-09 20:00:00,-0.10108393995346887
2019-03-09 20:03:00,-0.15007759205468574
2019-03-09 20:06:00,-0.1682228011461575
2019-03-09 20:09:00,-0.11318572626998957
2019-03-09 20:12:00,-0.16153915712499156
2019-03-09 20:15:00,-0.15608829937593782
2019-03-09 20:18:00,-0.18987543271185814
2019-03-09 20:21:00,-0.15648983913223447
2019-03-09 20:24:00,-0.24111026133289215
2019-03-09 20:27:00,-0.19766114340302465
2019-03-09 20:30:00,-0.11865172698975357
2019-03-09 20:33:00,-0.20349609798626034
2019-03-09 20:36:00,-0.11325943679122474
2019-03-09 20:39:00,-0.05929857044270648
2019-03-09 20:42:00,-0.13828956350266708
2019-03-09 20:45:00,-0.1715181640697665
2019-03-09 20:48:00,-0.1900941818966544
2019-03-09 20:51:00,-0.08908680510137401
2019-03-09 20:54:00,-0.11788730118684043
2019-03-09 20:57:00,-0.07984181574147442
2019-03-09 21:00:00,-0.1298653175591653
2019-03-09 21:03:00,-0.16267263008018062
2019-03-09 21:06:00,-0.1679071239879022
2019-03-09 21:09:00,-0.13205104876175255
2019-03-09 21:12:00,-0.10230402393614213
2019-03-09 21:15:00,-0.1015887092628418
2019-03-09 21:18:00,-0.056669506713944884
2019-03-09 21:21:00,-0.09097853708067305
2019-03-09 21:24:00,-0.06638270104036792
2019-03-09 21:27:00,-0.14165222738273542
2019-03-09 21:30:00,-0.08383715434524674
2019-03-09 21:33:00,-0.21526674796660927
2019-03-09 21:36:00,-0.12129335190928714
2019-03-09 21:39:00,-0.07352659755241575
2019-03-09 21:42:00,-0.1727922793529615
2019-03-09 21:45:00,-0.15114089136710618
2019-03-09 21:48:00,-0.09927239695662138
2019-03-09 21:51:00,-0.16241649075578835
2019-03-09 21:54:00,-0.21835752108205497
2019-03-09 21:57:00,-0.06742899343561248
2019-03-09 22:00:00,-0.021549373599498267
2019-03-09 22:03:00,-0.0815875013186087
2019-03-09 22:06:00,-0.0831517134078581
2019-03-09 22:09:00,-0.04461634523488556
2019-03-09 22:12:00,0.02175181180598429
2019-03-09 22:15:00,0.00834971725515743
2019-03-09 22:18:00,-0.06620311501353626
2019-03-09 22:21:00,0.028591718235645658
2019-03-09 22:24:00,0.027942517452288484
2019-03-09 22:27:00,0.1620530469199366
2019-03-09 22:30:00,0.04117264974513546
2019-03-09 22:33:00,-0.13466302458175505
2019-03-09 22:36:00,0.0356617086771962
2019-03-09 22:39:00,0.010809890440555137
2019-03-09 22:42:00,0.10457862438238408
2019-03-09 22:45:00,-0.02451507245501716
2019-03-09 22:48:00,0.10017234594431557
2019-03-09 22:51:00,0.03751542342445191
2019-03-09 22:54:00,0.026273782507246324
2019-03-09 22:57:00,0.013461758124151402
2019-03-09 23:00:00,0.01108686996161623
2019-03-09 23:03:00,-0.006212124193723412
2019-03-09 23:06:00,-0.02334646731247858
2019-03-09 23:09:00,0.04025852844972633
2019-03-09 23:12:00,0.023681411713710077
2019-03-09 23:15:00,-0.12749951535187165
2019-03-09 23:18:00,-0.055521165407185435
2019-03-09 23:21:00,-0.041042607369149664
2019-03-09 23:24:00,-0.07466829927938079
2019-03-09 23:27:00,-0.05897797718904485
2019-03-09 23:30:00,0.01049508172457081
2019-03-09 23:33:00,0.026760306947664958
2019-03-09 23:36:00,0.04404641106810914
2019-03-09 23:39:00,0.06367442415279356
2019-03-09 23:42:00,0.007484576269916943
2019-03-09 23:45:00,0.01709589277510304
2019-03-09 23:48:00,0.17172938055392706
2019-03-09 23:51:00,0.16647183787171116
2019-03-09 23:54:00,0.08905417077500033
2019-03-09 23:57:00,0.21218472917132658
2019-03-10 00:00:00,0.23987796920954452
2019-03-10 00:03:00,0.11796475607974344
2019-03-10 00:06:00,0.1396516530406302
2019-03-10 00:09:00,0.05773079965803163
2019-03-10 00:12:00,0.11074399476819963
2019-03-10 00:15:00,0.11691202483694951
2019-03-10 00:18:00,0.15248421220189812
2019-03-10 00:21:00,0.061949472508047165
2019-03-10 00:24:00,0.11494824579261831
2019-03-10 00:27:00,0.23461858392772683
2019-03-10 00:30:00,0.23464729442855514
2019-03-10 00:33:00,0.2128964718666566
2019-03-10 00:36:00,0.24663669644928632
2019-03-10 00:39:00,0.17322669170749805
2019-03-10 00:42:00,0.19174727298621974
2019-03-10 00:45:00,0.11305100682182001
2019-03-10 00:48:00,0.06806852307357758
2019-03-10 00:51:00,0.14266932621018213
2019-03-10 00:54:00,0.08587331045794144
2019-03-10 00:57:00,0.10994318961604677
2019-03-10 01:00:00,0.08659349110996573
2019-03-10 01:03:00,0.14310918118724203
2019-03-10 01:06:00,0.0019504317708651797
2019-03-10 01:09:00,0.11421503677524925
2019-03-10 01:12:00,0.14278452704087385
2019-03-10 01:15:00,0.10903752042582937
2019-03-10 01:18:00,0.1072951364753294
2019-03-10 01:21:00,0.06257294881891085
2019-03-10 01:24:00,0.06302214791469396
2019-03-10 01:27:00,0.1055327983012262
2019-03-10 01:30:00,0.04231573691009771
2019-03-10 01:33:00,0.055953858315604066
2019-03-10 01:36:00,0.08960659526286463
2019-03-10 01:39:00,0.039385597956083984
2019-03-10 01:42:00,-0.04130036169641471
2019-03-10 01:45:00,0.07362872850120539
2019-03-10 01:48:00,0.05649638860899131
2019-03-10 01:51:00,0.039999544026613876
2019-03-10 01:54:00,0.06679940317411592
2019-03-10 01:57:00,0.12851043469743217
2019-03-10 02:00:00,0.10859111578599823
2019-03-10 02:03:00,0.1668225420841054
2019-03-10 02:06:00,0.08825906246744353
2019-03-10 02:09:00,0.14962833828809607
2019-03-10 02:12:00,0.1078921381410396
2019-03-10 02:15:00,0.14821728103555643
2019-03-10 02:18:00,0.1439596186345966
2019-03-10 02:21:00,0.17932599475307143
2019-03-10 02:24:00,0.04226531339583062
2019-03-10 02:27:00,0.13363626983488075
2019-03-10 02:30:00,0.16624574917204882
2019-03-10 02:33:00,0.14878903939137444
2019-03-10 02:36:00,0.10095352746208164
2019-03-10 02:39:00,0.08623650038578035
2019-03-10 02:42:00,0.09185085561983897
2019-03-10 02:45:00,0.11510124458754944
2019-03-10 02:48:00,0.19325623281361004
2019-03-10 02:51:00,0.12077479152321757
2019-03-10 02:54:00,0.11129513037030847
2019-03-10 02:57:00,0.19228943544385402
2019-03-10 03:00:00,0.14807998902239206
2019-03-10 03:03:00,0.18439837921755498
2019-03-10 03:06:00,0.2009502971795314
2019-03-10 03:09:00,0.21763367421237945
2019-03-10 03:12:00,0.24210562771588684
2019-03-10 03:15:00,0.2090337278214065
2019-03-10 03:18:00,0.16714369350660263
2019-03-10 03:21:00,0.2924097281950253
2019-03-10 03:24:00,0.24995959130467327
2019-03-10 03:27:00,0.24792799852929193
2019-03-10 03:30:00,0.27628836435292214
2019-03-10 03:33:00,0.21934827715944039
2019-03-10 03:36:00,0.14034995225222247
2019-03-10 03:39:00,0.17238671704689068
2019-03-10 03:42:00,0.23192256630278507
2019-03-10 03:45:00,0.17488050371156305
2019-03-10 03:48:00,0.12496442460150092
2019-03-10 03:51:00,0.18013063455219935
2019-03-10 03:54:00,0.1544806616860228
2019-03-10 03:57:00,0.1522722741300413
2019-03-10 04:00:00,0.19716811651733224
2019-03-10 04:03:00,0.29701592799165155
2019-03-10 04:06:00,0.19545239438031103
2019-03-10 04:09:00,0.11212622916923465
2019-03-10 04:12:00,0.21102577582632875
2019-03-10 04:15:00,0.24292737213568216
2019-03-10 04:18:00,0.20591135262463922
2019-03-10 04:21:00,0.22069137201310696
2019-03-10 04:24:00,0.19917778172271028
2019-03-10 04:27:00,0.09385094133006078
2019-03-10 04:30:00,0.11362295349766782
2019-03-10 04:33:00,0.1857840984937411
2019-03-10 04:36:00,0.17187140942820633
2019-03-10 04:39:00,0.21249117640678605
2019-03-10 04:42:00,0.1838556074214921
2019-03-10 04:45:00,0.15393163981718772
2019-03-10 04:48:00,0.19245957499668975
2019-03-10 04:51:00,0.1581345709261086
2019-03-10 04:54:00,0.1708507669132473
2019-03-10 04:57:00,0.20931098371107737
2019-03-10 05:00:00,0.23833239771062154
2019-03-10 05:03:00,0.1822844183569714
2019-03-10 05:06:00,0.18113006029454937
2019-03-10 05:09:00,0.37709280851134963
2019-03-10 05:12:00,0.31738094123829796
2019-03-10 05:15:00,0.2462614062854982
2019-03-10 05:18:00,0.3207179056170162
2019-03-10 05:21:00,0.306304717181888
2019-03-10 05:24:00,0.2826556859279208
2019-03-10 05:27:00,0.2761179991895233
2019-03-10 05:30:00,0.27661654743030795
2019-03-10 05:33:00,0.34978835918400364
2019-03-10 05:36:00,0.42848130620615166
2019-03-10 05:39:00,0.29576184588722754
2019-03-10 05:42:00,0.3407396532515463
2019-03-10 05:45:00,0.45472134626612615
2019-03-10 05:48:00,0.3161179397696401
2019-03-10 05:51:00,0.23061968892676532
2019-03-10 05:54:00,0.22297806734104597
2019-03-10 05:57:00,0.23151954319246215
2019-03-10 06:00:00,0.3360430008905837
2019-03-10 06:03:00,0.31485791524607976
2019-03-10 06:06:00,0.3499587015799648
2019-03-10 06:09:00,0.29733937936845223
2019-03-10 06:12:00,0.3028811718804718
2019-03-10 06:15:00,0.22146535647652854
2019-03-10 06:18:00,0.22476521557945262
2019-03-10 06:21:00,0.2902456697861453
2019-03-10 06:24:00,0.19963938538251114
2019-03-10 06:27:00,0.16929287617421096
2019-03-10 06:30:00,0.21179454048274238
2019-03-10 06:33:00,0.08314964362369892
2019-03-10 06:36:00,0.18142549146267584
2019-03-10 06:39:00,0.2811998140999208
2019-03-10 06:42:00,0.2181014375711925
2019-03-10 06:45:00,0.22872661395905425
2019-03-10 06:48:00,0.2819196358055365
2019-03-10 06:51:00,0.21488163885163658
2019-03-10 06:54:00,0.3163000771854172
2019-03-10 06:57:00,0.256434203331537
2019-03-10 07:00:00,0.35680624422769824
2019-03-10 07:03:00,0.28581067040960306
2019-03-10 07:06:00,0.2620198006794112
2019-03-10 07:09:00,0.3261231724676463
2019-03-10 07:12:00,0.2462246130425001
2019-03-10 07:15:00,0.1314999928557654
2019-03-10 07:18:00,0.16635092219331682
2019-03-10 07:21:00,0.21841046628617278
2019-03-10 07:24:00,0.1893582520768291
2019-03-10 07:27:00,0.2537894115907875
2019-03-10 07:30:00,0.2601005676467594
2019-03-10 07:33:00,0.16621138816401526
2019-03-10 07:36:00,0.0575852290399439
2019-03-10 07:39:00,0.18196164084372413
2019-03-10 07:42:00,0.1591499162785226
2019-03-10 07:45:00,0.22377460092786805
2019-03-10 07:48:00,0.16973297886090677
2019-03-10 07:51:00,0.14647726382298742
2019-03-10 07:54:00,0.09128086095665822
2019-03-10 07:57:00,0.2213745615859466
2019-03-10 08:00:00,0.28726238471620036
2019-03-10 08:03:00,0.24486958922648228
2019-03-10 08:06:00,0.17596002935812294
2019-03-10 08:09:00,0.2164531338485176
2019-03-10 08:12:00,0.22249701154350987
2019-03-10 08:15:00,0.1985733183973366
2019-03-10 08:18:00,0.19978865473035512
2019-03-10 08:21:00,0.1130541100769733
2019-03-10 08:24:00,0.041114596858449204
2019-03-10 08:27:00,0.07125606707808174
2019-03-10 08:30:00,0.16825475509597254
2019-03-10 08:33:00,0.08657906045920072
2019-03-10 08:36:00,0.14424263374434076
2019-03-10 08:39:00,0.12507825611555745
2019-03-10 08:42:00,0.13576035546634557
2019-03-10 08:45:00,0.05593008905850638
2019-03-10 08:48:00,-0.044242845135897824
2019-03-10 08:51:00,0.010968439176906486
2019-03-10 08:54:00,0.12555844376862524
2019-03-10 08:57:00,0.08546907085667499
2019-03-10 09:00:00,0.12491473070480197
2019-03-10 09:03:00,0.10074050758169051
2019-03-10 09:06:00,0.03626022229212822
2019-03-10 09:09:00,0.021595599029183177
2019-03-10 09:12:00,0.023331004940644107
2019-03-10 09:15:00,0.040245556797060544
2019-03-10 09:18:00,0.015798802440031068
2019-03-10 09:21:00,-0.08618371710298334
2019-03-10 09:24:00,-0.02333705079269066
2019-03-10 09:27:00,0.029928416575103256
2019-03-10 09:30:00,-0.057870764820222576
2019-03-10 09:33:00,-0.0452678500406023
2019-03-10 09:36:00,-0.09210540513703336
2019-03-10 09:39:00,-0.1049414442849752
2019-03-10 09:42:00,-0.10755810169575852
2019-03-10 09:45:00,-0.12394320722512475
2019-03-10 09:48:00,-0.10090542717853168
2019-03-10 09:51:00,-0.060066970572052014
2019-03-10 09:54:00,-0.1598652572435526
2019-03-10 09:57:00,-0.046674471417873065
2019-03-10 10:00:00,-0.09172813541846381
2019-03-10 10:03:00,-0.15331239415655773
2019-03-10 10:06:00,-0.1290332697782901
2019-03-10 10:09:00,-0.14906600690119376
2019-03-10 10:12:00,-0.13254500737906483
2019-03-10 10:15:00,-0.1736718836170894
2019-03-10 10:18:00,-0.21447789180200516
2019-03-10 10:21:00,-0.1234124187725456
2019-03-10 10:24:00,-0.1032881788398754
2019-03-10 10:27:00,-0.25550860617528315
2019-03-10 10:30:00,-0.048418167968918624
2019-03-10 10:33:00,-0.24106613628885043
2019-03-10 10:36:00,-0.2441030193805318
2019-03-10 10:39:00,-0.1375824777028356
2019-03-10 10:42:00,-0.22352980800434352
2019-03-10 10:45:00,-0.11531768810164067
2019-03-10 10:48:00,-0.12739681165464845
2019-03-10 10:51:00,-0.28335682663475836
2019-03-10 10:54:00,-0.34497213963931017
2019-03-10 10:57:00,-0.2744138172217845
2019-03-10 11:00:00,-0.21809773691916234
2019-03-10 11:03:00,-0.28847337260560835
2019-03-10 11:06:00,-0.33532949334943396
2019-03-10 11:09:00,-0.26476480416931736
2019-03-10 11:12:00,-0.3466575203086677
2019-03-10 11:15:00,-0.2526275981304025
2019-03-10 11:18:00,-0.26844730204584266
2019-03-10 11:21:00,-0.2606095517431868
2019-03-10 11:24:00,-0.2966909269622988
2019-03-10 11:27:00,-0.3453099815222913
2019-03-10 11:30:00,-0.2536631779908589
2019-03-10 11:33:00,-0.329936236204162
2019-03-10 11:36:00,-0.272682602647933
2019-03-10 11:39:00,-0.33500227526218396
2019-03-10 11:42:00,-0.3265326083793525
2019-03-10 11:45:00,-0.32471982244305764
2019-03-10 11:48:00,-0.3426274444947808
2019-03-10 11:51:00,-0.21997394836080275
2019-03-10 11:54:00,-0.4291668914840443
2019-03-10 11:57:00,-0.3995744438931865
2019-03-10 12:00:00,-0.2893926317526052
2019-03-10 12:03:00,-0.19260680479578696
2019-03-10 12:06:00,-0.14042360658487496
2019-03-10 12:09:00,-0.18854549913356777
2019-03-10 12:12:00,-0.15464943731683434
2019-03-10 12:15:00,-0.2470392557654577
2019-03-10 12:18:00,-0.1395892418458402
2019-03-10 12:21:00,-0.231464625515855
2019-03-10 12:24:00,-0.2783701940902006
2019-03-10 12:27:00,-0.1949910625952498
2019-03-10 12:30:00,-0.1760376824972809
2019-03-10 12:33:00,-0.33103183961657123
2019-03-10 12:36:00,-0.27247969773173963
2019-03-10 12:39:00,-0.23464567538252368
2019-03-10 12:42:00,-0.268432556995549
2019-03-10 12:45:00,-0.17984030653252603
2019-03-10 12:48:00,-0.1684435218070348
2019-03-10 12:51:00,-0.26391762960173537
2019-03-10 12:54:00,-0.18001133071237518
2019-03-10 12:57:00,-0.015132441907894645
2019-03-10 13:00:00,0.14451715962240996
2019-03-10 13:03:00,-0.048455582228712046
2019-03-10 13:06:00,-0.12754431444511738
2019-03-10 13:09:00,0.011493537414253296
2019-03-10 13:12:00,-0.010907547977183185
2019-03-10 13:15:00,0.02885717291627543
2019-03-10 13:18:00,0.03549957251817659
2019-03-10 13:21:00,0.07527282926980661
2019-03-10 13:24:00,0.0704792764731792
2019-03-10 13:27:00,-0.046380317397108684
2019-03-10 13:30:00,0.12388597346949837
2019-03-10 13:33:00,0.26527213522251714
2019-03-10 13:36:00,0.18660335326933364
2019-03-10 13:39:00,0.25771062846479253
2019-03-10 13:42:00,0.15185060663196737
2019-03-10 13:45:00,0.08189937397548874
2019-03-10 13:48:00,-0.034464371803778704
2019-03-10 13:51:00,0.2244923573714459
2019-03-10 13:54:00,0.16445782491467753
2019-03-10 13:57:00,0.07543286154469797
2019-03-10 14:00:00,0.14599466961118424
2019-03-10 14:03:00,0.18637712469268308
2019-03-10 14:06:00,-0.0658125315972029
2019-03-10 14:09:00,-0.15772911139794132
2019-03-10 14:12:00,-0.10340241646395043
2019-03-10 14:15:00,-0.15739170271763214
2019-03-10 14:18:00,-0.1365267207609122
2019-03-10 14:21:00,-0.11401344354339926
2019-03-10 14:24:00,0.08287312410959657
2019-03-10 14:27:00,0.11438543140030788
2019-03-10 14:30:00,0.08102747281742495
2019-03-10 14:33:00,0.0009018133391123229
2019-03-10 14:36:00,-0.0403520141936724
2019-03-10 14:39:00,-0.13772473293852272
2019-03-10 14:42:00,-0.08666460879675242
2019-03-10 14:45:00,-0.07897014220435494
2019-03-10 14:48:00,-0.09940719219156335
2019-03-10 14:51:00,-0.11271813931739416
2019-03-10 14:54:00,0.01617766126372544
2019-03-10 14:57:00,-0.12106956890835363
2019-03-10 15:00:00,-0.202657484183419
2019-03-10 15:03:00,-0.12396109399622901
2019-03-10 15:06:00,0.041016128489502535
2019-03-10 15:09:00,0.05412674684447438
2019-03-10 15:12:00,-0.062067608905920224
2019-03-10 15:15:00,-0.13495763213103373
2019-03-10 15:18:00,-0.23024957237146282
2019-03-10 15:21:00,-0.3384984518355054
2019-03-10 15:24:00,-0.2302423965984417
2019-03-10 15:27:00,-0.2204963490735281
2019-03-10 15:30:00,-0.34120938903646447
2019-03-10 15:33:00,-0.21098569007233436
2019-03-10 15:36:00,-0.24996492158697947
2019-03-10 15:39:00,-0.3507900316483301
2019-03-10 15:42:00,-0.14111937084800275
2019-03-10 15:45:00,-0.13875035334586983
2019-03-10 15:48:00,-0.21595704164519702
2019-03-10 15:51:00,-0.24678520342939692
2019-03-10 15:54:00,-0.3572511083286827
2019-03-10 15:57:00,-0.2836658243837178
2019-03-10 16:00:00,-0.24286497644698102
2019-03-10 16:03:00,-0.2935020328355904
2019-03-10 16:06:00,-0.2854970249925941
2019-03-10 16:09:00,-0.3145886712226229
2019-03-10 16:12:00,-0.4146347178555061
2019-03-10 16:15:00,-0.25912456548172713
2019-03-10 16:18:00,-0.14714906052358856
2019-03-10 16:21:00,0.07625414844818579
2019-03-10 16:24:00,0.21228670957964368
2019-03-10 16:27:00,0.20656411677015285
2019-03-10 16:30:00,0.07804040557988401
2019-03-10 16:33:00,0.1288935495502983
2019-03-10 16:36:00,0.40099680298607154
2019-03-10 16:39:00,0.3093358345886372
2019-03-10 16:42:00,0.4278491177188357
2019-03-10 16:45:00,0.44097287006422903
2019-03-10 16:48:00,0.49809690236384085
2019-03-10 16:51:00,0.3859293744781098
2019-03-10 16:54:00,0.3283510830129899
2019-03-10 16:57:00,0.13592902162099563
2019-03-10 17:00:00,0.25154987541202445
2019-03-10 17:03:00,0.581353284315071
2019-03-10 17:06:00,0.3638470288992153
2019-03-10 17:09:00,0.146262169828276
2019-03-10 17:12:00,0.17718690266781323
2019-03-10 17:15:00,0.398638710123123
2019-03-10 17:18:00,0.5154777188225239
2019-03-10 17:21:00,0.5600958411264401
2019-03-10 17:24:00,0.5491370164738214
2019-03-10 17:27:00,0.5696312170425131
2019-03-10 17:30:00,0.47644297560862015
2019-03-10 17:33:00,0.553520426756279
2019-03-10 17:36:00,-0.08984309661184398
2019-03-10 17:39:00,0.12372070948907776
2019-03-10 17:42:00,0.09781022587782218
2019-03-10 17:45:00,0.1993920242559284
2019-03-10 17:48:00,0.26498213065212894
2019-03-10 17:51:00,0.1571763217165767
2019-03-10 17:54:00,0.5929778600313966
2019-03-10 17:57:00,0.8382314764180023
2019-03-10 18:00:00,0.5584751747972518
2019-03-10 18:03:00,0.3467965290060988
2019-03-10 18:06:00,0.33694374573735786
2019-03-10 18:09:00,0.2786267455902589
2019-03-10 18:12:00,0.5027776974497442
2019-03-10 18:15:00,0.2467079898630118
2019-03-10 18:18:00,0.24915319472722786
2019-03-10 18:21:00,0.25828934401039305
2019-03-10 18:24:00,0.32769042022584927
2019-03-10 18:27:00,-0.37579916171131345
2019-03-10 18:30:00,0.4636817925349419
2019-03-10 18:33:00,0.2926676561372119
2019-03-10 18:36:00,0.2563225895326582
2019-03-10 18:39:00,0.32278647295390783
2019-03-10 18:42:00,0.2491381509453845
2019-03-10 18:45:00,0.20175628609462137
2019-03-10 18:48:00,0.15566976617890305
2019-03-10 18:51:00,0.20238886596700922
2019-03-10 18:54:00,
2019-03-10 18:57:00,
2019-03-10 19:00:00,
2019-03-10 19:03:00,0.1145381157165275
2019-03-10 19:06:00,0.18543264151884387
2019-03-10 19:09:00,0.3469833599335175
2019-03-10 19:12:00,0.5532793930464663
2019-03-10 19:15:00,0.5259009508175723
2019-03-10 19:18:00,0.443298447054417
2019-03-10 19:21:00,0.48301317275610245
2019-03-10 19:24:00,0.2535097189594353
2019-03-10 19:27:00,0.2414983313770449
2019-03-10 19:30:00,0.22042789895556325
2019-03-10 19:33:00,0.28351125790487686
2019-03-10 19:36:00,0.26680403219995696
2019-03-10 19:39:00,0.23711718219436762
2019-03-10 19:42:00,0.1985616729124331
2019-03-10 19:45:00,0.2277204383958633
2019-03-10 19:48:00,0.17656067706428757
2019-03-10 19:51:00,0.22324751007272425
2019-03-10 19:54:00,0.16731945611837773
2019-03-10 19:57:00,0.18950357056900202
2019-03-10 20:00:00,0.1129201092712151
2019-03-10 20:03:00,0.12847500429961656
2019-03-10 20:06:00,0.25312761284658336
2019-03-10 20:09:00,0.2611299906324689
2019-03-10 20:12:00,0.15970068442192087
2019-03-10 20:15:00,0.3387665011455283
2019-03-10 20:18:00,0.2848574187835311
2019-03-10 20:21:00,0.2480072681307206
2019-03-10 20:24:00,0.23373984681205684
2019-03-10 20:27:00,0.26909484987032783
2019-03-10 20:30:00,0.25731385548095886
2019-03-10 20:33:00,0.24489138005031919
2019-03-10 20:36:00,0.21897594439690238
2019-03-10 20:39:00,0.2070375660478021
2019-03-10 20:42:00,0.23576168086469806
2019-03-10 20:45:00,0.16763352296374023
2019-03-10 20:48:00,0.3024865474855005
2019-03-10 20:51:00,0.25863094525215047
2019-03-10 20:54:00,0.14302553246506022
2019-03-10 20:57:00,0.1348697560865162
2019-03-10 21:00:00,0.12457227955820827
2019-03-10 21:03:00,0.11819573323629129
2019-03-10 21:06:00,0.16689118063783326
2019-03-10 21:09:00,0.06314921139744456
2019-03-10 21:12:00,0.20136878378502843
2019-03-10 21:15:00,0.290926667554686
2019-03-10 21:18:00,0.23724352244641977
2019-03-10 21:21:00,0.2871061947423641
2019-03-10 21:24:00,0.2560043826029528
2019-03-10 21:27:00,0.2823673815661891
2019-03-10 21:30:00,0.25752104123432673
2019-03-10 21:33:00,0.26878823707738775
2019-03-10 21:36:00,0.19802123591398413
2019-03-10 21:39:00,0.27656203196698925
2019-03-10 21:42:00,0.24443003207289848
2019-03-10 21:45:00,0.23542775513493552
2019-03-10 21:48:00,0.23245713583929728
2019-03-10 21:51:00,0.1260778892051917
2019-03-10 21:54:00,0.21837567850934647
2019-03-10 21:57:00,0.1656639488335827
2019-03-10 22:00:00,0.17893387571137964
2019-03-10 22:03:00,0.21839151666517864
2019-03-10 22:06:00,0.23221611133737952
2019-03-10 22:09:00,0.1471053924395278
2019-03-10 22:12:00,0.22747455236270753
2019-03-10 22:15:00,0.21992947171781907
2019-03-10 22:18:00,0.16025332634114875
2019-03-10 22:21:00,0.20363597318214488
2019-03-10 22:24:00,0.16280741917080377
2019-03-10 22:27:00,0.3803541257490224
2019-03-10 22:30:00,0.22810967254326897
2019-03-10 22:33:00,0.15523629127164895
2019-03-10 22:36:00,0.21083520031896796
2019-03-10 22:39:00,0.28891096714625064
2019-03-10 22:42:00,0.24275347933951252
2019-03-10 22:45:00,0.19196909565675924
2019-03-10 22:48:00,0.22035525065132333
2019-03-10 22:51:00,0.2599614921424518
2019-03-10 22:54:00,0.31984786154202993
2019-03-10 22:57:00,0.15749996254714915
2019-03-10 23:00:00,0.2186972870222803
2019-03-10 23:03:00,0.18956111455372593
2019-03-10 23:06:00,0.19522984608516936
2019-03-10 23:09:00,0.2001593348434767
2019-03-10 23:12:00,0.24132300951686148
2019-03-10 23:15:00,0.18988935997100498
2019-03-10 23:18:00,0.24005742003294017
2019-03-10 23:21:00,0.30780638578198705
2019-03-10 23:24:00,0.29809191923408207
2019-03-10 23:27:00,0.22603219688329546
2019-03-10 23:30:00,0.31161686344756845
2019-03-10 23:33:00,0.26140346093706057
2019-03-10 23:36:00,0.28288898297046217
2019-03-10 23:39:00,0.2742495364800561
2019-03-10 23:42:00,0.201836936653649
2019-03-10 23:45:00,0.24885496328028012
2019-03-10 23:48:00,0.255524395228349
2019-03-10 23:51:00,0.1724289050495713
2019-03-10 23:54:00,0.21176270087147486
2019-03-10 23:57:00,0.2541837495798518
2019-03-11 00:00:00,0.21305686293425197
2019-03-11 00:03:00,0.20175681510460208
2019-03-11 00:06:00,0.196423244950779
2019-03-11 00:09:00,0.2940850378554387
2019-03-11 00:12:00,0.16634925474096462
2019-03-11 00:15:00,0.28868076164451395
2019-03-11 00:18:00,0.23391548876099932
2019-03-11 00:21:00,0.20770941263106124
2019-03-11 00:24:00,0.2427450010079042
2019-03-11 00:27:00,0.28173199915750047
2019-03-11 00:30:00,0.2996992769434996
2019-03-11 00:33:00,0.1965781895265195
2019-03-11 00:36:00,0.23697550951953872
2019-03-11 00:39:00,0.2362821019837611
2019-03-11 00:42:00,0.21582967292590638
2019-03-11 00:45:00,0.25992705717817444
2019-03-11 00:48:00,0.23105617782414356
2019-03-11 00:51:00,0.24022679730359187
2019-03-11 00:54:00,0.27221510855571296
2019-03-11 00:57:00,0.29770017148217676
2019-03-11 01:00:00,0.1883911197892303
2019-03-11 01:03:00,0.20417380308185784
2019-03-11 01:06:00,0.23080594518273756
2019-03-11 01:09:00,0.23704233435836386
2019-03-11 01:12:00,0.18664839080759066
2019-03-11 01:15:00,0.17642920557227626
2019-03-11 01:18:00,0.29363066811458793
2019-03-11 01:21:00,0.17932436897103798
2019-03-11 01:24:00,0.30087633109542367
2019-03-11 01:27:00,0.27893955898315426
2019-03-11 01:30:00,0.25690742441287284
2019-03-11 01:33:00,0.14748087212507244
2019-03-11 01:36:00,0.24336368633805705
2019-03-11 01:39:00,0.30756264321473736
2019-03-11 01:42:00,0.24731737087910233
2019-03-11 01:45:00,0.2427029515691288
2019-03-11 01:48:00,0.29272360685354215
2019-03-11 01:51:00,0.3146954272701805
2019-03-11 01:54:00,0.330983900488377
2019-03-11 01:57:00,0.2563547704160669
2019-03-11 02:00:00,0.2429317100135222
2019-03-11 02:03:00,0.27872989503646295
2019-03-11 02:06:00,0.20350618358440897
2019-03-11 02:09:00,0.15533692547597866
2019-03-11 02:12:00,0.31397924907145125
2019-03-11 02:15:00,0.2556892490102314
2019-03-11 02:18:00,0.21518159340899956
2019-03-11 02:21:00,0.19333832316402777
2019-03-11 02:24:00,0.2322944666017861
2019-03-11 02:27:00,0.2602334940773403
2019-03-11 02:30:00,0.17283163401054935
2019-03-11 02:33:00,0.2699117067057273
2019-03-11 02:36:00,0.27117291097329144
2019-03-11 02:39:00,0.20185698560158016
2019-03-11 02:42:00,0.211757792728406
2019-03-11 02:45:00,0.1850469119453919
2019-03-11 02:48:00,0.2458149939623695
2019-03-11 02:51:00,0.21024156391717952
2019-03-11 02:54:00,0.1671851521375629
2019-03-11 02:57:00,0.06570222309966312
2019-03-11 03:00:00,0.26100133042405105
2019-03-11 03:03:00,0.15526915203400904
2019-03-11 03:06:00,0.255428462851512
2019-03-11 03:09:00,0.2075312736639603
2019-03-11 03:12:00,0.19113328742537306
2019-03-11 03:15:00,0.14913033400245013
2019-03-11 03:18:00,0.24181923795043758
2019-03-11 03:21:00,0.2512064766073081
2019-03-11 03:24:00,0.25104864189211185
2019-03-11 03:27:00,0.22249537185444979
2019-03-11 03:30:00,0.2329341385240582
2019-03-11 03:33:00,0.31232273729705184
2019-03-11 03:36:00,0.21887408167333433
2019-03-11 03:39:00,0.16518540944116467
2019-03-11 03:42:00,0.20376640301572024
2019-03-11 03:45:00,0.2401480796947908
2019-03-11 03:48:00,0.2883898982083224
2019-03-11 03:51:00,0.27808537023253166
2019-03-11 03:54:00,0.2877793361298018
2019-03-11 03:57:00,0.33825888437479534
2019-03-11 04:00:00,0.2956912725784946
2019-03-11 04:03:00,0.3628049390971455
2019-03-11 04:06:00,0.3136412589529982
2019-03-11 04:09:00,0.2550463395550082
2019-03-11 04:12:00,0.24781554360475866
2019-03-11 04:15:00,0.2593249636260566
2019-03-11 04:18:00,0.18804816461909013
2019-03-11 04:21:00,0.2343891332807857
2019-03-11 04:24:00,0.23302539854137194
2019-03-11 04:27:00,0.31686802536063396
2019-03-11 04:30:00,0.24453281262407245
2019-03-11 04:33:00,0.30474655117052407
2019-03-11 04:36:00,0.2490899799597628
2019-03-11 04:39:00,0.2048041589478089
2019-03-11 04:42:00,0.31629136981752026
2019-03-11 04:45:00,0.287449870580474
2019-03-11 04:48:00,0.2335031911827059
2019-03-11 04:51:00,0.3462161860899755
2019-03-11 04:54:00,0.27941929814051036
2019-03-11 04:57:00,0.2309813275398369
2019-03-11 05:00:00,0.27743710562850765
2019-03-11 05:03:00,0.2455749533152698
2019-03-11 05:06:00,0.2274756305667438
2019-03-11 05:09:00,0.22306985067336882
2019-03-11 05:12:00,0.24490669369083662
2019-03-11 05:15:00,0.30596458256439973
2019-03-11 05:18:00,0.3028490089193383
2019-03-11 05:21:00,0.25908515620102435
2019-03-11 05:24:00,0.26242218538868656
2019-03-11 05:27:00,0.2079950877021588
2019-03-11 05:30:00,0.35159694048644496
2019-03-11 05:33:00,0.24837359884605803
2019-03-11 05:36:00,0.24865406822516434
2019-03-11 05:39:00,0.21611276214355257
2019-03-11 05:42:00,0.41334221872295984
2019-03-11 05:45:00,0.4195333962029508
2019-03-11 05:48:00,0.28432807329437537
2019-03-11 05:51:00,0.29802659720780866
2019-03-11 05:54:00,0.31869155596297105
2019-03-11 05:57:00,0.31419826868568634
2019-03-11 06:00:00,0.2925428066232598
2019-03-11 06:03:00,0.28423382673821607
2019-03-11 06:06:00,0.3217087987870286
2019-03-11 06:09:00,0.3826040622903406
2019-03-11 06:12:00,0.2888219016069229
2019-03-11 06:15:00,0.36039053846127445
2019-03-11 06:18:00,0.2399572530155183
2019-03-11 06:21:00,0.2819023930020421
2019-03-11 06:24:00,0.34214702319115986
2019-03-11 06:27:00,0.2504108262022555
2019-03-11 06:30:00,0.2918483453204317
2019-03-11 06:33:00,0.24351249575300926
2019-03-11 06:36:00,0.32923761093945814
2019-03-11 06:39:00,0.2534799406789148
2019-03-11 06:42:00,0.3674227904138547
2019-03-11 06:45:00,0.34176845037256953
2019-03-11 06:48:00,0.23606063841890546
2019-03-11 06:51:00,0.28962242732916366
2019-03-11 06:54:00,0.2912605860947224
2019-03-11 06:57:00,0.28411005065527206
2019-03-11 07:00:00,0.36114336859395735
2019-03-11 07:03:00,0.35483065057781005
2019-03-11 07:06:00,0.28569648764363365
2019-03-11 07:09:00,0.264988137781188
2019-03-11 07:12:00,0.23371167887768252
2019-03-11 07:15:00,0.24066248707742943
2019-03-11 07:18:00,0.296601258112446
2019-03-11 07:21:00,0.29742252482674303
2019-03-11 07:24:00,0.28742401962193753
2019-03-11 07:27:00,0.25980726477689586
2019-03-11 07:30:00,0.2082061202144132
2019-03-11 07:33:00,0.29301725633138176
2019-03-11 07:36:00,0.22521056867350353
2019-03-11 07:39:00,0.3251371679620547
2019-03-11 07:42:00,0.31436314824236433
2019-03-11 07:45:00,0.30180282351443566
2019-03-11 07:48:00,0.3242785147450036
2019-03-11 07:51:00,0.3151428035567392
2019-03-11 07:54:00,0.22796157683706042
2019-03-11 07:57:00,0.26414156984765214
2019-03-11 08:00:00,0.32565325888879215
2019-03-11 08:03:00,0.32302365553204027
2019-03-11 08:06:00,0.2719311891257803
2019-03-11 08:09:00,0.3012919237792744
2019-03-11 08:12:00,0.24821607020811598
2019-03-11 08:15:00,0.2690846958532802
2019-03-11 08:18:00,0.25651607420405753
2019-03-11 08:21:00,0.17128631034546515
2019-03-11 08:24:00,0.1733274621493024
2019-03-11 08:27:00,0.2544028954890223
2019-03-11 08:30:00,0.19286833669491443
2019-03-11 08:33:00,0.22221868944944845
2019-03-11 08:36:00,0.19615863951253232
2019-03-11 08:39:00,0.27441511538586383
2019-03-11 08:42:00,0.2472001652516269
2019-03-11 08:45:00,0.25218199457611945
2019-03-11 08:48:00,0.16866295978360313
2019-03-11 08:51:00,0.13435956962956652
2019-03-11 08:54:00,0.17962381548369422
2019-03-11 08:57:00,-0.02394694938647035
2019-03-11 09:00:00,0.2150571379809776
2019-03-11 09:03:00,0.13582607825185278
2019-03-11 09:06:00,0.20219902798021394
2019-03-11 09:09:00,0.1388487071367308
2019-03-11 09:12:00,0.19187412975890084
2019-03-11 09:15:00,0.05715747429098883
2019-03-11 09:18:00,0.08702345033560732
2019-03-11 09:21:00,0.13113845358384424
2019-03-11 09:24:00,0.16796994733283555
2019-03-11 09:27:00,0.18393835766829625
2019-03-11 09:30:00,0.09864747817272246
2019-03-11 09:33:00,0.08989950925939638
2019-03-11 09:36:00,0.12501698859307453
2019-03-11 09:39:00,0.10627770194076902
2019-03-11 09:42:00,0.027814652418555852
2019-03-11 09:45:00,0.10825851873005377
2019-03-11 09:48:00,-0.009992632080582098
2019-03-11 09:51:00,0.11460451777321623
2019-03-11 09:54:00,0.008488701624628447
2019-03-11 09:57:00,0.08419686372911883
2019-03-11 10:00:00,-0.017704205532993456
2019-03-11 10:03:00,0.0075533863446253235
2019-03-11 10:06:00,0.06864033255141067
2019-03-11 10:09:00,0.012458962384243932
2019-03-11 10:12:00,0.016956537162513996
2019-03-11 10:15:00,-0.05719070300739304
2019-03-11 10:18:00,-0.1234901429810975
2019-03-11 10:21:00,-0.044883717089931
2019-03-11 10:24:00,-0.0932035785446601
2019-03-11 10:27:00,-0.10543857901421916
2019-03-11 10:30:00,-0.17675117299154408
2019-03-11 10:33:00,-0.09986104364890025
2019-03-11 10:36:00,-0.09095091899126828
2019-03-11 10:39:00,-0.004609243179515943
2019-03-11 10:42:00,-0.09970721209452904
2019-03-11 10:45:00,-0.17219029096878558
2019-03-11 10:48:00,-0.08113562609372593
2019-03-11 10:51:00,-0.08317044278271624
2019-03-11 10:54:00,-0.1976251767284225
2019-03-11 10:57:00,-0.1376026906978609
2019-03-11 11:00:00,-0.16986750226539016
2019-03-11 11:03:00,-0.14560899607022293
2019-03-11 11:06:00,-0.10927838924641264
2019-03-11 11:09:00,-0.1803470810282306
2019-03-11 11:12:00,-0.19738732388890412
2019-03-11 11:15:00,-0.1513028099575422
2019-03-11 11:18:00,-0.21389710948619722
2019-03-11 11:21:00,-0.10669417777705803
2019-03-11 11:24:00,-0.18365189244428848
2019-03-11 11:27:00,-0.30361790981856984
2019-03-11 11:30:00,-0.29430257023420836
2019-03-11 11:33:00,-0.13260768704458314
2019-03-11 11:36:00,-0.2607261892831616
2019-03-11 11:39:00,-0.21491708845741186
2019-03-11 11:42:00,-0.2253367399496824
2019-03-11 11:45:00,-0.19429590869992808
2019-03-11 11:48:00,-0.2592312861756909
2019-03-11 11:51:00,-0.33211942381603876
2019-03-11 11:54:00,-0.2440073931023221
2019-03-11 11:57:00,-0.23356816979730866
2019-03-11 12:00:00,-0.2560415662263722
2019-03-11 12:03:00,-0.28714711003203774
2019-03-11 12:06:00,-0.3106257057002608
2019-03-11 12:09:00,-0.24040935054222246
2019-03-11 12:12:00,-0.3504815287433871
2019-03-11 12:15:00,-0.27504403004149935
2019-03-11 12:18:00,-0.40305578651390306
2019-03-11 12:21:00,-0.2916567845251734
2019-03-11 12:24:00,-0.2987075594091948
2019-03-11 12:27:00,-0.3426201907479367
2019-03-11 12:30:00,-0.3506296205385979
2019-03-11 12:33:00,-0.3965425361056987
2019-03-11 12:36:00,-0.3362919962310684
2019-03-11 12:39:00,-0.3660581485125931
2019-03-11 12:42:00,-0.40829935382191707
2019-03-11 12:45:00,-0.3201405452827544
2019-03-11 12:48:00,-0.3041513133470062
2019-03-11 12:51:00,-0.40999583058800226
2019-03-11 12:54:00,-0.3997406231754326
2019-03-11 12:57:00,-0.2832171425750971
2019-03-11 13:00:00,-0.5000328992886125
2019-03-11 13:03:00,-0.35696587830625504
2019-03-11 13:06:00,-0.45290615714992555
2019-03-11 13:09:00,-0.38791394260346124
2019-03-11 13:12:00,-0.4027010373026769
2019-03-11 13:15:00,-0.4638502749438089
2019-03-11 13:18:00,-0.399391155170008
2019-03-11 13:21:00,-0.48636661436609074
2019-03-11 13:24:00,-0.4098608911884867
2019-03-11 13:27:00,-0.4235089383180366
2019-03-11 13:30:00,-0.3063857747859515
2019-03-11 13:33:00,-0.2955931350418268
2019-03-11 13:36:00,-0.21862054090229321
2019-03-11 13:39:00,-0.275125773950208
2019-03-11 13:42:00,-0.28972025166257254
2019-03-11 13:45:00,-0.361693291761469
2019-03-11 13:48:00,-0.3734694238374914
2019-03-11 13:51:00,-0.3742319596076982
2019-03-11 13:54:00,-0.42618494945668317
2019-03-11 13:57:00,-0.4631730545585242
2019-03-11 14:00:00,-0.3392525141848637
2019-03-11 14:03:00,-0.30165393448112354
2019-03-11 14:06:00,-0.30702171260787736
2019-03-11 14:09:00,-0.35121064572041405
2019-03-11 14:12:00,-0.24675701897200497
2019-03-11 14:15:00,-0.25334299192542176
2019-03-11 14:18:00,-0.128844478436406
2019-03-11 14:21:00,-0.04738967490084178
2019-03-11 14:24:00,-0.09063263807331623
2019-03-11 14:27:00,-0.027048493440588572
2019-03-11 14:30:00,-0.08941389934432209
2019-03-11 14:33:00,-0.21315819046719753
2019-03-11 14:36:00,-0.14199042288868213
2019-03-11 14:39:00,-0.09138413063379858
2019-03-11 14:42:00,-0.13639469959588268
2019-03-11 14:45:00,-0.34547444403574445
2019-03-11 14:48:00,-0.2381325667556098
2019-03-11 14:51:00,-0.11655958490479179
2019-03-11 14:54:00,-0.18374109122561322
2019-03-11 14:57:00,-0.204578456973195
2019-03-11 15:00:00,-0.23743437929073252
2019-03-11 15:03:00,-0.2078796724505878
2019-03-11 15:06:00,-0.14673143206658779
2019-03-11 15:09:00,-0.08980145781094961
2019-03-11 15:12:00,-0.13903763568407612
2019-03-11 15:15:00,-0.13593076579803665
2019-03-11 15:18:00,-0.06236663943275289
2019-03-11 15:21:00,-0.0377359123922929
2019-03-11 15:24:00,0.12420515852579683
2019-03-11 15:27:00,0.10100195340783102
2019-03-11 15:30:00,0.12829106688377578
2019-03-11 15:33:00,0.17392841186688202
2019-03-11 15:36:00,0.2342565397408407
2019-03-11 15:39:00,0.0654988295021326
2019-03-11 15:42:00,-0.02895097850188222
2019-03-11 15:45:00,0.36177823528572617
2019-03-11 15:48:00,0.392588291917491
2019-03-11 15:51:00,0.4177279826983522
2019-03-11 15:54:00,0.4272971027097583
2019-03-11 15:57:00,0.19658685947666754
2019-03-11 16:00:00,0.21998030109631372
2019-03-11 16:03:00,0.2627132899967819
2019-03-11 16:06:00,0.3517426063903599
2019-03-11 16:09:00,0.23403161957668317
2019-03-11 16:12:00,0.14247913379591637
2019-03-11 16:15:00,0.2974829382508233
2019-03-11 16:18:00,0.2807536724332067
2019-03-11 16:21:00,0.2454941416514771
2019-03-11 16:24:00,0.4070259100269027
2019-03-11 16:27:00,0.39370708970790247
2019-03-11 16:30:00,0.3037921024486536
2019-03-11 16:33:00,0.3661140278306334
2019-03-11 16:36:00,0.2814183087100446
2019-03-11 16:39:00,0.18976443346764427
2019-03-11 16:42:00,0.16406035422846799
2019-03-11 16:45:00,0.17654745425306828
2019-03-11 16:48:00,0.35711835907579825
2019-03-11 16:51:00,0.39169987288028096
2019-03-11 16:54:00,0.4045452078976268
2019-03-11 16:57:00,0.41320440926267565
2019-03-11 17:00:00,0.31769686884575776
2019-03-11 17:03:00,0.30822211891057805
2019-03-11 17:06:00,0.3713488709532271
2019-03-11 17:09:00,0.32308950880343446
2019-03-11 17:12:00,0.4293775160480209
2019-03-11 17:15:00,0.31969399078104743
2019-03-11 17:18:00,0.25952457245887217
2019-03-11 17:21:00,0.18208519386189437
2019-03-11 17:24:00,0.1477258878669545
2019-03-11 17:27:00,0.19167975640800705
2019-03-11 17:30:00,0.25416802032918895
2019-03-11 17:33:00,0.1987976661549169
2019-03-11 17:36:00,0.19877976345821935
2019-03-11 17:39:00,0.24339916398287187
2019-03-11 17:42:00,0.18367150898785667
2019-03-11 17:45:00,0.14904612386391136
2019-03-11 17:48:00,0.16148217641676865
2019-03-11 17:51:00,0.15506602168426298
2019-03-11 17:54:00,0.20034305354840853
2019-03-11 17:57:00,0.13898464985385317
2019-03-11 18:00:00,0.18098800721008956
2019-03-11 18:03:00,0.15829354112673855
2019-03-11 18:06:00,0.24973828929392994
2019-03-11 18:09:00,0.11839844841733793
2019-03-11 18:12:00,0.19797150803412933
2019-03-11 18:15:00,0.23287449804325888
2019-03-11 18:18:00,0.11699177952874606
2019-03-11 18:21:00,0.1877163603412555
2019-03-11 18:24:00,0.16120448039998792
2019-03-11 18:27:00,0.22072519350183484
2019-03-11 18:30:00,0.13340728366864596
2019-03-11 18:33:00,0.13896607779935266
2019-03-11 18:36:00,0.20273394956370794
2019-03-11 18:39:00,0.15696372690973703
2019-03-11 18:42:00,0.14713537382374398
2019-03-11 18:45:00,0.24728713920109158
2019-03-11 18:48:00,0.26447835513022255
2019-03-11 18:51:00,0.20248620874463086
2019-03-11 18:54:00,0.25926568110725157
2019-03-11 18:57:00,
2019-03-11 19:00:00,
2019-03-11 19:03:00,0.2571020380311211
2019-03-11 19:06:00,0.27494929903525644
2019-03-11 19:09:00,0.32874331293851355
2019-03-11 19:12:00,0.23372753730592422
2019-03-11 19:15:00,0.3452073719398072
2019-03-11 19:18:00,0.3615925624126817
2019-03-11 19:21:00,0.33984569589966895
2019-03-11 19:24:00,0.3321475563714671
2019-03-11 19:27:00,0.32828101533738163
2019-03-11 19:30:00,0.24635114110088807
2019-03-11 19:33:00,0.36943329650989654
2019-03-11 19:36:00,0.3603728741001646
2019-03-11 19:39:00,0.3334545349342761
2019-03-11 19:42:00,0.28313920714691676
2019-03-11 19:45:00,0.20212368650703638
2019-03-11 19:48:00,0.2768463222627702
2019-03-11 19:51:00,0.2853012784074167
2019-03-11 19:54:00,0.27559418772062827
2019-03-11 19:57:00,0.31073081764077415
2019-03-11 20:00:00,0.28179019035684405
2019-03-11 20:03:00,0.3280670612679728
2019-03-11 20:06:00,0.21603270059858914
2019-03-11 20:09:00,0.2587570884368233
2019-03-11 20:12:00,0.24065736027495177
2019-03-11 20:15:00,0.12133456513231522
2019-03-11 20:18:00,0.2573841875293965
2019-03-11 20:21:00,0.13758122594475708
2019-03-11 20:24:00,0.17006190572965352
2019-03-11 20:27:00,0.08999292287722938
2019-03-11 20:30:00,0.20827371637165015
2019-03-11 20:33:00,0.21000448323002274
2019-03-11 20:36:00,0.2192481950546039
2019-03-11 20:39:00,0.22725917987628463
2019-03-11 20:42:00,0.12486567077803556
2019-03-11 20:45:00,0.12148936024419754
2019-03-11 20:48:00,0.25793156955143104
2019-03-11 20:51:00,0.183865509553641
2019-03-11 20:54:00,0.23179770238289166
2019-03-11 20:57:00,0.251471752444445
2019-03-11 21:00:00,0.20971499660635118
2019-03-11 21:03:00,0.2060955088709875
2019-03-11 21:06:00,0.20875572735599235
2019-03-11 21:09:00,0.17345522641795696
2019-03-11 21:12:00,0.35186292430375943
2019-03-11 21:15:00,0.21172728737360558
2019-03-11 21:18:00,0.2377728404607069
2019-03-11 21:21:00,0.23980721780662861
2019-03-11 21:24:00,0.3221570342943778
2019-03-11 21:27:00,0.4063409365616053
2019-03-11 21:30:00,0.28588055542013535
2019-03-11 21:33:00,0.22066322987916465
2019-03-11 21:36:00,0.2327414481066512
2019-03-11 21:39:00,0.21870646379971959
2019-03-11 21:42:00,0.22984318442837548
2019-03-11 21:45:00,0.27222917112834466
2019-03-11 21:48:00,0.1867249332166807
2019-03-11 21:51:00,0.3924346562196206
2019-03-11 21:54:00,0.42603369144944736
2019-03-11 21:57:00,0.3620790823967468
2019-03-11 22:00:00,0.3359465057864668
2019-03-11 22:03:00,0.38265331896707266
2019-03-11 22:06:00,0.26046375288558465
2019-03-11 22:09:00,0.3473633075512339
2019-03-11 22:12:00,0.25093453233029095
2019-03-11 22:15:00,0.23440608033979515
2019-03-11 22:18:00,0.3107161257250368
2019-03-11 22:21:00,0.24733682477636876
2019-03-11 22:24:00,0.18718662966966804
2019-03-11 22:27:00,0.22328872282503198
2019-03-11 22:30:00,0.22888430184923436
2019-03-11 22:33:00,0.21472089315443554
2019-03-11 22:36:00,0.30538438443329596
2019-03-11 22:39:00,0.29051581879718924
2019-03-11 22:42:00,0.20830809383033966
2019-03-11 22:45:00,0.2917824160983855
2019-03-11 22:48:00,0.18653380257586605
2019-03-11 22:51:00,0.2857425543823524
2019-03-11 22:54:00,0.2576112487719797
2019-03-11 22:57:00,0.39304132412098625
2019-03-11 23:00:00,0.2498721371680972
2019-03-11 23:03:00,0.28578606905989545
2019-03-11 23:06:00,0.23238440004257654
2019-03-11 23:09:00,0.1784800533163775
2019-03-11 23:12:00,0.3586954749115421
2019-03-11 23:15:00,0.2802500089706541
2019-03-11 23:18:00,0.2655224601961663
2019-03-11 23:21:00,0.23029139828651068
2019-03-11 23:24:00,0.3450320153356756
2019-03-11 23:27:00,0.30509846624983084
2019-03-11 23:30:00,0.17139254724867214
2019-03-11 23:33:00,0.3749599380406039
2019-03-11 23:36:00,0.2865747552785365
2019-03-11 23:39:00,0.34415946258570784
2019-03-11 23:42:00,0.3532968766626823
2019-03-11 23:45:00,0.30671070524630295
2019-03-11 23:48:00,0.29527649187019733
2019-03-11 23:51:00,0.2977543398372404
2019-03-11 23:54:00,0.3821994064038563
2019-03-11 23:57:00,0.3485154641837198
2019-03-12 00:00:00,0.3426882950772665
2019-03-12 00:03:00,0.25754707033587465
2019-03-12 00:06:00,0.26567292555654376
2019-03-12 00:09:00,0.4013712487797534
2019-03-12 00:12:00,0.4061294059857232
2019-03-12 00:15:00,0.31798744866728157
2019-03-12 00:18:00,0.3486794245266651
2019-03-12 00:21:00,0.28982614342095303
2019-03-12 00:24:00,0.3648760186782738
2019-03-12 00:27:00,0.3057751111524567
2019-03-12 00:30:00,0.34588270435097
2019-03-12 00:33:00,0.34438502244830715
2019-03-12 00:36:00,0.34042240030794346
2019-03-12 00:39:00,0.33033089253029857
2019-03-12 00:42:00,0.3040290274599329
2019-03-12 00:45:00,0.3530889013291585
2019-03-12 00:48:00,0.20570056553214044
2019-03-12 00:51:00,0.17989728710983854
2019-03-12 00:54:00,0.32453806588927137
2019-03-12 00:57:00,0.3106679442045106
2019-03-12 01:00:00,0.23916801558635825
2019-03-12 01:03:00,0.25693688194547804
2019-03-12 01:06:00,0.3104011785156331
2019-03-12 01:09:00,0.23480415264725707
2019-03-12 01:12:00,0.2028002480926716
2019-03-12 01:15:00,0.22016650181001296
2019-03-12 01:18:00,0.2618398049278312
2019-03-12 01:21:00,0.23657786741028985
2019-03-12 01:24:00,0.2998674354893751
2019-03-12 01:27:00,0.29143484864221136
2019-03-12 01:30:00,0.30484952737737103
2019-03-12 01:33:00,0.2788380707343663
2019-03-12 01:36:00,0.26035886222354065
2019-03-12 01:39:00,0.3240812018959218
2019-03-12 01:42:00,0.3863206575837239
2019-03-12 01:45:00,0.3438731863465705
2019-03-12 01:48:00,0.31271932983406714
2019-03-12 01:51:00,0.34011377153547073
2019-03-12 01:54:00,0.3847969507193625
2019-03-12 01:57:00,0.3481521197666666
2019-03-12 02:00:00,0.3803353391271571
2019-03-12 02:03:00,0.3318331076945924
2019-03-12 02:06:00,0.32667651537354914
2019-03-12 02:09:00,0.327219729002195
2019-03-12 02:12:00,0.3981488247699758
2019-03-12 02:15:00,0.3315202959555563
2019-03-12 02:18:00,0.272229108568979
2019-03-12 02:21:00,0.3114812179596811
2019-03-12 02:24:00,0.3140400621136905
2019-03-12 02:27:00,0.2642282145503714
2019-03-12 02:30:00,0.2736217623464654
2019-03-12 02:33:00,0.284068062333688
2019-03-12 02:36:00,0.2896132477808351
2019-03-12 02:39:00,0.21565630831037197
2019-03-12 02:42:00,0.301816182848313
2019-03-12 02:45:00,0.27059628424461835
2019-03-12 02:48:00,0.31293050240918774
2019-03-12 02:51:00,0.26134094220719817
2019-03-12 02:54:00,0.279350978200398
2019-03-12 02:57:00,0.30387710810913404
2019-03-12 03:00:00,0.2626914292666811
2019-03-12 03:03:00,0.3546234611700356
2019-03-12 03:06:00,0.323565154154835
2019-03-12 03:09:00,0.3421782739882815
2019-03-12 03:12:00,0.39097336519478176
2019-03-12 03:15:00,0.26779209761929224
2019-03-12 03:18:00,0.3535220130457333
2019-03-12 03:21:00,0.24591258539561522
2019-03-12 03:24:00,0.3790276268201751
2019-03-12 03:27:00,0.39860001058559646
2019-03-12 03:30:00,0.4030408662964078
2019-03-12 03:33:00,0.3816335706130758
2019-03-12 03:36:00,0.3670118313551711
2019-03-12 03:39:00,0.36350617014323916
2019-03-12 03:42:00,0.3110365309315739
2019-03-12 03:45:00,0.3494851404623205
2019-03-12 03:48:00,0.30865294139044863
2019-03-12 03:51:00,0.4080603803440681
2019-03-12 03:54:00,0.28586026665487907
2019-03-12 03:57:00,0.3040544355668544
2019-03-12 04:00:00,0.3336172838243101
2019-03-12 04:03:00,0.3465063105157924
2019-03-12 04:06:00,0.29334880147752074
2019-03-12 04:09:00,0.47060923494501594
2019-03-12 04:12:00,0.32156648052870196
2019-03-12 04:15:00,0.3359674937665318
2019-03-12 04:18:00,0.3738573480593459
2019-03-12 04:21:00,0.4270508387170935
2019-03-12 04:24:00,0.38128634907508285
2019-03-12 04:27:00,0.30551927614908436
2019-03-12 04:30:00,0.4081769361333727
2019-03-12 04:33:00,0.39966086497651077
2019-03-12 04:36:00,0.47050607737185146
2019-03-12 04:39:00,0.3900969817652822
2019-03-12 04:42:00,0.3653472209551296
2019-03-12 04:45:00,0.3441723804670005
2019-03-12 04:48:00,0.28634476290039856
2019-03-12 04:51:00,0.33051736739361104
2019-03-12 04:54:00,0.3150402290637544
2019-03-12 04:57:00,0.2523467655404943
2019-03-12 05:00:00,0.30825685825413984
2019-03-12 05:03:00,0.37106023553354817
2019-03-12 05:06:00,0.39731290047274115
2019-03-12 05:09:00,0.3751492940872936
2019-03-12 05:12:00,0.3256389026448687
2019-03-12 05:15:00,0.28366882822137995
2019-03-12 05:18:00,0.3528540531709723
2019-03-12 05:21:00,0.386573261171236
2019-03-12 05:24:00,0.32796420130165416
2019-03-12 05:27:00,0.32745930632592035
2019-03-12 05:30:00,0.39223483126841074
2019-03-12 05:33:00,0.4386270020314669
2019-03-12 05:36:00,0.31151923966564254
2019-03-12 05:39:00,0.3970981794574868
2019-03-12 05:42:00,0.3516981211577104
2019-03-12 05:45:00,0.29469701950114313
2019-03-12 05:48:00,0.39311044291781627
2019-03-12 05:51:00,0.391104882162324
2019-03-12 05:54:00,0.35021853205830666
2019-03-12 05:57:00,0.3047327577804708
2019-03-12 06:00:00,0.36303194468627
2019-03-12 06:03:00,0.3567178421299104
2019-03-12 06:06:00,0.3044797820136296
2019-03-12 06:09:00,0.36916051476606526
2019-03-12 06:12:00,0.32920872136264734
2019-03-12 06:15:00,0.3641207093668868
2019-03-12 06:18:00,0.3654653094553737
2019-03-12 06:21:00,0.2859475424344282
2019-03-12 06:24:00,0.32505071158772125
2019-03-12 06:27:00,0.2936141948457589
2019-03-12 06:30:00,0.3768777909102141
2019-03-12 06:33:00,0.45603995680346543
2019-03-12 06:36:00,0.3583654757804311
2019-03-12 06:39:00,0.3906359629068561
2019-03-12 06:42:00,0.3602189045960813
2019-03-12 06:45:00,0.4482120867971844
2019-03-12 06:48:00,0.2767988963509538
2019-03-12 06:51:00,0.34335728543982214
2019-03-12 06:54:00,0.43308951950177743
2019-03-12 06:57:00,0.30286030094674743
2019-03-12 07:00:00,0.3846492260862533
2019-03-12 07:03:00,0.4476383786686142
2019-03-12 07:06:00,0.4019848690844583
2019-03-12 07:09:00,0.34736493816757275
2019-03-12 07:12:00,0.39746437399389833
2019-03-12 07:15:00,0.4065817191510064
2019-03-12 07:18:00,0.3665864600283726
2019-03-12 07:21:00,0.39228169257830814
2019-03-12 07:24:00,0.2668652024663629
2019-03-12 07:27:00,0.43303462578126073
2019-03-12 07:30:00,0.47009297255681304
2019-03-12 07:33:00,0.36335536421080405
2019-03-12 07:36:00,0.3821548504458292
2019-03-12 07:39:00,0.31033808603586976
2019-03-12 07:42:00,0.39786685531839794
2019-03-12 07:45:00,0.38478046553132117
2019-03-12 07:48:00,0.35057023927026876
2019-03-12 07:51:00,0.4008239165395935
2019-03-12 07:54:00,0.42188589428678824
2019-03-12 07:57:00,0.3836941400707019
2019-03-12 08:00:00,0.3263540661729962
2019-03-12 08:03:00,0.36240504727396683
2019-03-12 08:06:00,0.3853121529803616
2019-03-12 08:09:00,0.3960763243391625
2019-03-12 08:12:00,0.3620766771800277
2019-03-12 08:15:00,0.31284837765036855
2019-03-12 08:18:00,0.36734065953226036
2019-03-12 08:21:00,0.30367774676096815
2019-03-12 08:24:00,0.3285379924287213
2019-03-12 08:27:00,0.2965479835195879
2019-03-12 08:30:00,0.3050418258169998
2019-03-12 08:33:00,0.26017268530210913
2019-03-12 08:36:00,0.24430090136900162
2019-03-12 08:39:00,0.3340737541985277
2019-03-12 08:42:00,0.28486643702200354
2019-03-12 08:45:00,0.22655979880465793
2019-03-12 08:48:00,0.3335842402887579
2019-03-12 08:51:00,0.40261874963465516
2019-03-12 08:54:00,0.30040464238965114
2019-03-12 08:57:00,0.22195608663503208
2019-03-12 09:00:00,0.16750294716274539
2019-03-12 09:03:00,0.3447803986522331
2019-03-12 09:06:00,0.18770542563567005
2019-03-12 09:09:00,0.22410086415374053
2019-03-12 09:12:00,0.20826857243031327
2019-03-12 09:15:00,0.14855637543416833
2019-03-12 09:18:00,0.10110374451858206
2019-03-12 09:21:00,0.1963674874761523
2019-03-12 09:24:00,0.23935826264340676
2019-03-12 09:27:00,0.1775112265485177
2019-03-12 09:30:00,0.08320346074145846
2019-03-12 09:33:00,0.06716431979293702
2019-03-12 09:36:00,0.1331426454803477
2019-03-12 09:39:00,-0.03960452177835805
2019-03-12 09:42:00,0.04525927273675734
2019-03-12 09:45:00,0.039555856118738575
2019-03-12 09:48:00,0.04639685689249973
2019-03-12 09:51:00,0.05080443921190181
2019-03-12 09:54:00,-0.02694838346673123
2019-03-12 09:57:00,-0.06734193879145778
2019-03-12 10:00:00,0.026865401787972587
2019-03-12 10:03:00,-0.009217711694986974
2019-03-12 10:06:00,-0.07717453941461372
2019-03-12 10:09:00,0.028214188667675444
2019-03-12 10:12:00,0.002564631077291324
2019-03-12 10:15:00,-0.03212053617869515
2019-03-12 10:18:00,-0.003768256393414049
2019-03-12 10:21:00,-0.0473841272869322
2019-03-12 10:24:00,-0.05580580390039813
2019-03-12 10:27:00,-0.09254322192691689
2019-03-12 10:30:00,-0.08415666885730388
2019-03-12 10:33:00,-0.07895710698340963
2019-03-12 10:36:00,-0.1841095746504493
2019-03-12 10:39:00,-0.10717976689431907
2019-03-12 10:42:00,-0.05145837650786689
2019-03-12 10:45:00,-0.08369352759729054
2019-03-12 10:48:00,-0.15804486093804826
2019-03-12 10:51:00,-0.15114045394636832
2019-03-12 10:54:00,-0.23873391869483385
2019-03-12 10:57:00,-0.16184449894859654
2019-03-12 11:00:00,-0.1679187820899415
2019-03-12 11:03:00,-0.24795510863850723
2019-03-12 11:06:00,-0.1756125079007802
2019-03-12 11:09:00,-0.1259650664069909
2019-03-12 11:12:00,-0.21731633325623534
2019-03-12 11:15:00,-0.27519278446806084
2019-03-12 11:18:00,-0.2675761080982966
2019-03-12 11:21:00,-0.21917593784291967
2019-03-12 11:24:00,-0.2311621208256156
2019-03-12 11:27:00,-0.23695328530567394
2019-03-12 11:30:00,-0.22060097497694642
2019-03-12 11:33:00,-0.236388655343319
2019-03-12 11:36:00,-0.2911709535512159
2019-03-12 11:39:00,-0.29292484911508154
2019-03-12 11:42:00,-0.39641986408690855
2019-03-12 11:45:00,-0.2469416672363991
2019-03-12 11:48:00,-0.1779120587686407
2019-03-12 11:51:00,-0.1931067714089636
2019-03-12 11:54:00,-0.30243313903588387
2019-03-12 11:57:00,-0.24154534637409597
2019-03-12 12:00:00,-0.26490004401267697
2019-03-12 12:03:00,-0.16313803989066855
2019-03-12 12:06:00,-0.3058727525182121
2019-03-12 12:09:00,-0.31684305725246986
2019-03-12 12:12:00,-0.3756436355591859
2019-03-12 12:15:00,-0.2848781986378981
2019-03-12 12:18:00,-0.2969457931214947
2019-03-12 12:21:00,-0.22830797075801001
2019-03-12 12:24:00,-0.26738246572892876
2019-03-12 12:27:00,-0.2716625269404176
2019-03-12 12:30:00,-0.19444755742659936
2019-03-12 12:33:00,-0.23097270221433064
2019-03-12 12:36:00,-0.2598863817478332
2019-03-12 12:39:00,-0.25465465638853857
2019-03-12 12:42:00,-0.19149813405908844
2019-03-12 12:45:00,-0.23516860267778839
2019-03-12 12:48:00,-0.24724618657393194
2019-03-12 12:51:00,-0.24946919906898302
2019-03-12 12:54:00,-0.24697429348583455
2019-03-12 12:57:00,-0.36150364716337435
2019-03-12 13:00:00,-0.25161550377799813
2019-03-12 13:03:00,-0.35108596182323026
2019-03-12 13:06:00,-0.36841659176144503
2019-03-12 13:09:00,-0.291289046937834
2019-03-12 13:12:00,-0.36065846481443486
2019-03-12 13:15:00,-0.3349095005810341
2019-03-12 13:18:00,-0.3914799186624123
2019-03-12 13:21:00,-0.24844258087540538
2019-03-12 13:24:00,-0.37274791186280254
2019-03-12 13:27:00,-0.3706975406190054
2019-03-12 13:30:00,-0.44010930129110193
2019-03-12 13:33:00,-0.427032653093363
2019-03-12 13:36:00,-0.4426187809695534
2019-03-12 13:39:00,-0.4323713330531973
2019-03-12 13:42:00,-0.3403925054434467
2019-03-12 13:45:00,-0.3308333825866612
2019-03-12 13:48:00,-0.4660753850126298
2019-03-12 13:51:00,-0.3963789582099366
2019-03-12 13:54:00,-0.4754659551650775
2019-03-12 13:57:00,-0.3819155082713337
2019-03-12 14:00:00,-0.43864501945830625
2019-03-12 14:03:00,-0.4252987088678424
2019-03-12 14:06:00,-0.4677348045470353
2019-03-12 14:09:00,-0.37917325577944894
2019-03-12 14:12:00,-0.4509401153441104
2019-03-12 14:15:00,-0.4086577245994931
2019-03-12 14:18:00,-0.38501103050742813
2019-03-12 14:21:00,-0.49391057892705703
2019-03-12 14:24:00,-0.3266147446349237
2019-03-12 14:27:00,-0.3985936135442216
2019-03-12 14:30:00,-0.38198754061835416
2019-03-12 14:33:00,-0.30614568549970045
2019-03-12 14:36:00,-0.35176745482760907
2019-03-12 14:39:00,-0.3232821466343694
2019-03-12 14:42:00,-0.3346520935360786
2019-03-12 14:45:00,-0.34130260998574613
2019-03-12 14:48:00,-0.23283644477260168
2019-03-12 14:51:00,-0.2905727199229773
2019-03-12 14:54:00,-0.209036613123601
2019-03-12 14:57:00,-0.16004684900764232
2019-03-12 15:00:00,-0.24453596175118264
2019-03-12 15:03:00,0.019452979147501992
2019-03-12 15:06:00,-0.14706595748413065
2019-03-12 15:09:00,-0.1331425690929109
2019-03-12 15:12:00,0.007667921181507609
2019-03-12 15:15:00,-0.1583401336883412
2019-03-12 15:18:00,-0.04959253617988679
2019-03-12 15:21:00,-0.06542674814795646
2019-03-12 15:24:00,-0.03901208900680331
2019-03-12 15:27:00,-0.160643689582173
2019-03-12 15:30:00,-0.14198744975232103
2019-03-12 15:33:00,-0.0600900067636303
2019-03-12 15:36:00,-0.017081610460479624
2019-03-12 15:39:00,0.01785577443473585
2019-03-12 15:42:00,0.05110981327271702
2019-03-12 15:45:00,0.019610873477290625
2019-03-12 15:48:00,0.00039659962476434885
2019-03-12 15:51:00,-0.006152240608230386
2019-03-12 15:54:00,-0.07241984711401983
2019-03-12 15:57:00,0.16959120505202918
2019-03-12 16:00:00,0.4282793001418099
2019-03-12 16:03:00,0.3108703459080857
2019-03-12 16:06:00,0.39281115216294893
2019-03-12 16:09:00,0.4082994182716675
2019-03-12 16:12:00,0.21955494660375052
2019-03-12 16:15:00,0.029844194504960342
2019-03-12 16:18:00,0.41034488141571046
2019-03-12 16:21:00,0.2935943463516537
2019-03-12 16:24:00,0.20370586675352342
2019-03-12 16:27:00,0.3168949993732326
2019-03-12 16:30:00,0.4321606840283039
2019-03-12 16:33:00,0.3369118549263135
2019-03-12 16:36:00,0.3042184899833842
2019-03-12 16:39:00,0.2930185443779578
2019-03-12 16:42:00,0.26923630749820404
2019-03-12 16:45:00,0.2218301705214003
2019-03-12 16:48:00,0.23757042675742923
2019-03-12 16:51:00,0.25728649795104275
2019-03-12 16:54:00,0.21760666716653532
2019-03-12 16:57:00,0.292410229686368
2019-03-12 17:00:00,0.3285932574913204
2019-03-12 17:03:00,0.3181562766205275
2019-03-12 17:06:00,0.36885820025634075
2019-03-12 17:09:00,0.2959266495777797
2019-03-12 17:12:00,0.2548350096472518
2019-03-12 17:15:00,0.41509631526014346
2019-03-12 17:18:00,0.29455969841995966
2019-03-12 17:21:00,0.2964975159107439
2019-03-12 17:24:00,0.3471774971595778
2019-03-12 17:27:00,0.34855404731786166
2019-03-12 17:30:00,0.3384989008583261
2019-03-12 17:33:00,0.3609072145594041
2019-03-12 17:36:00,0.4355496979978284
2019-03-12 17:39:00,0.28003394628314027
2019-03-12 17:42:00,0.35032535693659383
2019-03-12 17:45:00,0.25466831065210727
2019-03-12 17:48:00,0.3331331365249639
2019-03-12 17:51:00,0.30348905907573
2019-03-12 17:54:00,0.4227215173430068
2019-03-12 17:57:00,0.38300734332443653
2019-03-12 18:00:00,0.36094984167527855
2019-03-12 18:03:00,0.266251695665062
2019-03-12 18:06:00,0.2256113507032751
2019-03-12 18:09:00,0.24173115525348976
2019-03-12 18:12:00,0.2966202221343224
2019-03-12 18:15:00,0.25628204568943147
2019-03-12 18:18:00,0.06531155886540319
2019-03-12 18:21:00,0.2719735623018664
2019-03-12 18:24:00,0.12040628807920939
2019-03-12 18:27:00,0.14049704005321928
2019-03-12 18:30:00,0.23829947231462256
2019-03-12 18:33:00,0.24803172945905771
2019-03-12 18:36:00,0.2477702233958894
2019-03-12 18:39:00,0.0841896221877505
2019-03-12 18:42:00,0.24550372299881928
2019-03-12 18:45:00,0.3200656683837906
2019-03-12 18:48:00,0.27363669126833656
2019-03-12 18:51:00,0.41889237136308566
2019-03-12 18:54:00,
2019-03-12 18:57:00,
2019-03-12 19:00:00,
2019-03-12 19:03:00,0.3473215458829486
2019-03-12 19:06:00,0.3022412654293589
2019-03-12 19:09:00,0.41172158804505443
2019-03-12 19:12:00,0.39356971239379845
2019-03-12 19:15:00,0.2986209456265101
2019-03-12 19:18:00,0.35409005422900464
2019-03-12 19:21:00,0.2530275673039455
2019-03-12 19:24:00,0.23008292617396364
2019-03-12 19:27:00,0.18858569544056536
2019-03-12 19:30:00,0.23601002259272263
2019-03-12 19:33:00,0.26835427141065793
2019-03-12 19:36:00,0.21496485937069565
2019-03-12 19:39:00,0.28024193919355866
2019-03-12 19:42:00,0.21988718550636577
2019-03-12 19:45:00,0.3195565679749848
2019-03-12 19:48:00,0.3241827299962665
2019-03-12 19:51:00,0.36037777705348617
2019-03-12 19:54:00,0.3608480704276644
2019-03-12 19:57:00,0.3633647175466308
2019-03-12 20:00:00,0.38376634942045484
2019-03-12 20:03:00,0.29209443332030105
2019-03-12 20:06:00,0.2372972758915921
2019-03-12 20:09:00,0.15616063529682833
2019-03-12 20:12:00,0.22953455175849058
2019-03-12 20:15:00,0.3558735408059306
2019-03-12 20:18:00,0.19931544052809613
2019-03-12 20:21:00,0.2092886203822104
2019-03-12 20:24:00,0.18465086700678057
2019-03-12 20:27:00,0.16223213749213983
2019-03-12 20:30:00,0.206874621328609
2019-03-12 20:33:00,0.24785429968403605
2019-03-12 20:36:00,0.21418270573263953
2019-03-12 20:39:00,0.2692163576242592
2019-03-12 20:42:00,0.17233094486272194
2019-03-12 20:45:00,0.26209302350571306
2019-03-12 20:48:00,0.20141506735518533
2019-03-12 20:51:00,0.2335190110500207
2019-03-12 20:54:00,0.1733698843575553
2019-03-12 20:57:00,0.26616164806978304
2019-03-12 21:00:00,0.25342332047370064
2019-03-12 21:03:00,0.11971583894654714
2019-03-12 21:06:00,0.2793717706664438
2019-03-12 21:09:00,0.19343311789123163
2019-03-12 21:12:00,0.3723267255074916
2019-03-12 21:15:00,0.1944844544833586
2019-03-12 21:18:00,0.23154519662568873
2019-03-12 21:21:00,0.26072510966235996
2019-03-12 21:24:00,0.18996978121379016
2019-03-12 21:27:00,0.24606664410822532
2019-03-12 21:30:00,0.26469719071985764
2019-03-12 21:33:00,0.1363793859440534
2019-03-12 21:36:00,0.1516407966852853
2019-03-12 21:39:00,0.287900169996135
2019-03-12 21:42:00,0.2530035771499115
2019-03-12 21:45:00,0.22507943957253929
2019-03-12 21:48:00,0.2741322368510737
2019-03-12 21:51:00,0.4233586555531019
2019-03-12 21:54:00,0.33176571824412804
2019-03-12 21:57:00,0.49954764540967744
2019-03-12 22:00:00,0.5358321766931908
2019-03-12 22:03:00,0.5532869734405494
2019-03-12 22:06:00,0.5326705771744287
2019-03-12 22:09:00,0.5752793884771563
2019-03-12 22:12:00,0.641267294458828
2019-03-12 22:15:00,0.6404513754154095
2019-03-12 22:18:00,0.6709406931501007
2019-03-12 22:21:00,0.6258137132302863
2019-03-12 22:24:00,0.4669908854473306
2019-03-12 22:27:00,0.45385128624792515
2019-03-12 22:30:00,0.3421232896200763
2019-03-12 22:33:00,0.20689634586125294
2019-03-12 22:36:00,0.40487224975271374
2019-03-12 22:39:00,0.23822994001625375
2019-03-12 22:42:00,0.33434855396023977
2019-03-12 22:45:00,0.2629876697064901
2019-03-12 22:48:00,0.20436219609092632
2019-03-12 22:51:00,0.17719804970431596
2019-03-12 22:54:00,0.1786380525035156
2019-03-12 22:57:00,0.10363798667003721
2019-03-12 23:00:00,0.21480688790262548
2019-03-12 23:03:00,0.20619320449878842
2019-03-12 23:06:00,0.2685545177077415
2019-03-12 23:09:00,0.1879957883429597
2019-03-12 23:12:00,0.2597986343239995
2019-03-12 23:15:00,0.18255038669508394
2019-03-12 23:18:00,0.20777908642463672
2019-03-12 23:21:00,0.2574340343736594
2019-03-12 23:24:00,0.27597422243366054
2019-03-12 23:27:00,0.23284151711567347
2019-03-12 23:30:00,0.19199413645048935
2019-03-12 23:33:00,0.18038816062431806
2019-03-12 23:36:00,0.2296152359862731
2019-03-12 23:39:00,0.19255008195892742
2019-03-12 23:42:00,0.2951457089851033
2019-03-12 23:45:00,0.2602743086367809
2019-03-12 23:48:00,0.16059279853294584
2019-03-12 23:51:00,0.17851102043624678
2019-03-12 23:54:00,0.14952216762213766
2019-03-12 23:57:00,0.2512208941408858
2019-03-13 00:00:00,0.17423187415067787
2019-03-13 00:03:00,0.238109673010797
2019-03-13 00:06:00,0.19399745057347673
2019-03-13 00:09:00,0.13079068776283975
2019-03-13 00:12:00,0.17247744662358855
2019-03-13 00:15:00,0.20446386138092976
2019-03-13 00:18:00,0.17809979150888466
2019-03-13 00:21:00,0.20598841965369274
2019-03-13 00:24:00,0.16708104151882708
2019-03-13 00:27:00,0.31530175565853824
2019-03-13 00:30:00,0.22050343529252814
2019-03-13 00:33:00,0.187251112870797
2019-03-13 00:36:00,0.20966537043756261
2019-03-13 00:39:00,0.2115294900197
2019-03-13 00:42:00,0.2525770947750061
2019-03-13 00:45:00,0.08332373424769912
2019-03-13 00:48:00,0.18992621273645227
2019-03-13 00:51:00,0.24328643173902265
2019-03-13 00:54:00,0.1692964356716402
2019-03-13 00:57:00,0.22280753645424056
2019-03-13 01:00:00,0.3182802700932257
2019-03-13 01:03:00,0.22752919818685768
2019-03-13 01:06:00,0.2109323956817093
2019-03-13 01:09:00,0.28636867067319827
2019-03-13 01:12:00,0.21149223876233236
2019-03-13 01:15:00,0.2943204091872076
2019-03-13 01:18:00,0.22054019604553332
2019-03-13 01:21:00,0.2570781663175694
2019-03-13 01:24:00,0.4354102586893873
2019-03-13 01:27:00,0.2785503931174844
2019-03-13 01:30:00,0.24706913616779502
2019-03-13 01:33:00,0.29172295754506194
2019-03-13 01:36:00,0.3263911374489794
2019-03-13 01:39:00,0.29262389419085366
2019-03-13 01:42:00,0.2349158468412611
2019-03-13 01:45:00,0.20211351844397996
2019-03-13 01:48:00,0.27019836651044216
2019-03-13 01:51:00,0.3084187214273584
2019-03-13 01:54:00,0.2721361281511463
2019-03-13 01:57:00,0.23324059474248315
2019-03-13 02:00:00,0.25958675283555976
2019-03-13 02:03:00,0.24510113122369148
2019-03-13 02:06:00,0.3268140056611628
2019-03-13 02:09:00,0.2804778101846068
2019-03-13 02:12:00,0.2580437682590855
2019-03-13 02:15:00,0.2702024092562283
2019-03-13 02:18:00,0.2577689337675224
2019-03-13 02:21:00,0.273247565886777
2019-03-13 02:24:00,0.36147396732934567
2019-03-13 02:27:00,0.25968662343007054
2019-03-13 02:30:00,0.3077605721411487
2019-03-13 02:33:00,0.34450457680679847
2019-03-13 02:36:00,0.2259637420544891
2019-03-13 02:39:00,0.32605657513670394
2019-03-13 02:42:00,0.25866914804424823
2019-03-13 02:45:00,0.3464474406457043
2019-03-13 02:48:00,0.25820972696112676
2019-03-13 02:51:00,0.4275069672241898
2019-03-13 02:54:00,0.22780535405394176
2019-03-13 02:57:00,0.2241428667606442
2019-03-13 03:00:00,0.32862745855146613
2019-03-13 03:03:00,0.3313722304617954
2019-03-13 03:06:00,0.36005193721035766
2019-03-13 03:09:00,0.32470086522306474
2019-03-13 03:12:00,0.24903025234442566
2019-03-13 03:15:00,0.3768200699830686
2019-03-13 03:18:00,0.2566286346070683
2019-03-13 03:21:00,0.4016562966046422
2019-03-13 03:24:00,0.3287029500943959
2019-03-13 03:27:00,0.2861130618842367
2019-03-13 03:30:00,0.2824751582801355
2019-03-13 03:33:00,0.31627493104724635
2019-03-13 03:36:00,0.2549574050354977
2019-03-13 03:39:00,0.28672655553521054
2019-03-13 03:42:00,0.2925129345258597
2019-03-13 03:45:00,0.2924418729174363
2019-03-13 03:48:00,0.2820531385522713
2019-03-13 03:51:00,0.35686905925166457
2019-03-13 03:54:00,0.3120902205419611
2019-03-13 03:57:00,0.39465289272544624
2019-03-13 04:00:00,0.251826003540657
2019-03-13 04:03:00,0.25568497476098173
2019-03-13 04:06:00,0.24718836043160763
2019-03-13 04:09:00,0.38721251377421595
2019-03-13 04:12:00,0.3500370068151142
2019-03-13 04:15:00,0.37429325472515984
2019-03-13 04:18:00,0.31460172156653243
2019-03-13 04:21:00,0.41661580965137546
2019-03-13 04:24:00,0.3930093822443155
2019-03-13 04:27:00,0.2947383753240729
2019-03-13 04:30:00,0.39900290023405205
2019-03-13 04:33:00,0.3103982420915372
2019-03-13 04:36:00,0.3557760408080526
2019-03-13 04:39:00,0.36093532989826826
2019-03-13 04:42:00,0.3029823459012846
2019-03-13 04:45:00,0.34046777384645566
2019-03-13 04:48:00,0.4056050516833807
2019-03-13 04:51:00,0.36326105294426725
2019-03-13 04:54:00,0.418957032916353
2019-03-13 04:57:00,0.3770775948829055
2019-03-13 05:00:00,0.31394280429390164
2019-03-13 05:03:00,0.32461670827495936
2019-03-13 05:06:00,0.3777607471853912
2019-03-13 05:09:00,0.32457945481638717
2019-03-13 05:12:00,0.33804941318658166
2019-03-13 05:15:00,0.365473462443731
2019-03-13 05:18:00,0.38737992785917186
2019-03-13 05:21:00,0.38655196660863567
2019-03-13 05:24:00,0.38285125453751334
2019-03-13 05:27:00,0.3699941289061712
2019-03-13 05:30:00,0.4914006305728549
2019-03-13 05:33:00,0.4162425021476679
2019-03-13 05:36:00,0.4474638612720696
2019-03-13 05:39:00,0.42347514321784274
2019-03-13 05:42:00,0.403124174988875
2019-03-13 05:45:00,0.4135810890459197
2019-03-13 05:48:00,0.44292038952090707
2019-03-13 05:51:00,0.37748414014265563
2019-03-13 05:54:00,0.39922377479160787
2019-03-13 05:57:00,0.36156675044219355
2019-03-13 06:00:00,0.48924968220819665
2019-03-13 06:03:00,0.42347515042285977
2019-03-13 06:06:00,0.4274400107516385
2019-03-13 06:09:00,0.40999932146405627
2019-03-13 06:12:00,0.4451651415749325
2019-03-13 06:15:00,0.36983521982568845
2019-03-13 06:18:00,0.4124012350866906
2019-03-13 06:21:00,0.4420634284786047
2019-03-13 06:24:00,0.43677556374700544
2019-03-13 06:27:00,0.5110901913123485
2019-03-13 06:30:00,0.410819869871375
2019-03-13 06:33:00,0.4161954406228574
2019-03-13 06:36:00,0.36115595785292953
2019-03-13 06:39:00,0.43364071075257016
2019-03-13 06:42:00,0.3527028358140001
2019-03-13 06:45:00,0.37735109987727355
2019-03-13 06:48:00,0.4490450889343265
2019-03-13 06:51:00,0.38718824732694657
2019-03-13 06:54:00,0.3557919788578374
2019-03-13 06:57:00,0.4217987374175891
2019-03-13 07:00:00,0.4955110431606613
2019-03-13 07:03:00,0.4623347050713278
2019-03-13 07:06:00,0.38070940663260444
2019-03-13 07:09:00,0.36066325546136113
2019-03-13 07:12:00,0.3997921589589737
2019-03-13 07:15:00,0.445493144632394
2019-03-13 07:18:00,0.3758442564521829
2019-03-13 07:21:00,0.3562468224795907
2019-03-13 07:24:00,0.3928491072764473
2019-03-13 07:27:00,0.4616210403099217
2019-03-13 07:30:00,0.433269702499274
2019-03-13 07:33:00,0.4597171226220098
2019-03-13 07:36:00,0.3689012925992188
2019-03-13 07:39:00,0.42182772313054784
2019-03-13 07:42:00,0.4392482501808672
2019-03-13 07:45:00,0.36947237360686813
2019-03-13 07:48:00,0.3897533878742365
2019-03-13 07:51:00,0.29373958825141244
2019-03-13 07:54:00,0.3285272499146572
2019-03-13 07:57:00,0.41094654475983816
2019-03-13 08:00:00,0.3576006845376014
2019-03-13 08:03:00,0.37494980953317736
2019-03-13 08:06:00,0.32504139636000673
2019-03-13 08:09:00,0.2492785538254907
2019-03-13 08:12:00,0.26853669913452904
2019-03-13 08:15:00,0.4477057729011449
2019-03-13 08:18:00,0.37971246180796925
2019-03-13 08:21:00,0.31534479397868154
2019-03-13 08:24:00,0.27916432311479866
2019-03-13 08:27:00,0.2533924440468809
2019-03-13 08:30:00,0.21108618313758143
2019-03-13 08:33:00,0.16264086147617718
2019-03-13 08:36:00,0.2355554063708496
2019-03-13 08:39:00,0.15349300142952416
2019-03-13 08:42:00,0.12062731739786159
2019-03-13 08:45:00,0.12252487179733862
2019-03-13 08:48:00,0.16478155731306288
2019-03-13 08:51:00,0.07374518879021252
2019-03-13 08:54:00,0.1984960504436799
2019-03-13 08:57:00,0.07989630334947151
2019-03-13 09:00:00,0.09451212808568243
2019-03-13 09:03:00,0.08153087645092683
2019-03-13 09:06:00,-0.029791602349746427
2019-03-13 09:09:00,0.033972320851717086
2019-03-13 09:12:00,0.0026640218157467643
2019-03-13 09:15:00,0.031836055259816476
2019-03-13 09:18:00,0.04703813460014317
2019-03-13 09:21:00,-0.04313770165106234
2019-03-13 09:24:00,-0.01769815835677946
2019-03-13 09:27:00,0.03330270489772147
2019-03-13 09:30:00,0.13860798258980367
2019-03-13 09:33:00,-0.008952672682823959
2019-03-13 09:36:00,-0.01652934410213902
2019-03-13 09:39:00,0.0569142079960443
2019-03-13 09:42:00,-0.03974810819261165
2019-03-13 09:45:00,0.08116559113682342
2019-03-13 09:48:00,-0.06667160579047504
2019-03-13 09:51:00,-0.07329373602311762
2019-03-13 09:54:00,-0.03313440492956943
2019-03-13 09:57:00,-0.06638968222500807
2019-03-13 10:00:00,0.074691128547272
2019-03-13 10:03:00,0.0172477615247999
2019-03-13 10:06:00,-0.03345455340814851
2019-03-13 10:09:00,0.04511764967827503
2019-03-13 10:12:00,-0.032618371216869946
2019-03-13 10:15:00,-0.015322429039599683
2019-03-13 10:18:00,0.0161698926436884
2019-03-13 10:21:00,-0.05089056552941429
2019-03-13 10:24:00,-0.043339710789950914
2019-03-13 10:27:00,-0.1409984433045679
2019-03-13 10:30:00,-0.12024236347934902
2019-03-13 10:33:00,-0.12309961836814409
2019-03-13 10:36:00,-0.10901495308337417
2019-03-13 10:39:00,-0.11585819232868744
2019-03-13 10:42:00,-0.14053660912856003
2019-03-13 10:45:00,-0.1025621770488101
2019-03-13 10:48:00,-0.15630076575251906
2019-03-13 10:51:00,-0.008737139436505004
2019-03-13 10:54:00,-0.18208096769740223
2019-03-13 10:57:00,-0.08158679978225791
2019-03-13 11:00:00,-0.08689380512879552
2019-03-13 11:03:00,-0.1711468120694235
2019-03-13 11:06:00,-0.1059912313754694
2019-03-13 11:09:00,-0.03962454090299161
2019-03-13 11:12:00,-0.1978217611036257
2019-03-13 11:15:00,-0.2090486711861672
2019-03-13 11:18:00,-0.20878835250130123
2019-03-13 11:21:00,-0.09127560272560231
2019-03-13 11:24:00,-0.25465662803929945
2019-03-13 11:27:00,-0.20211987203873605
2019-03-13 11:30:00,-0.2545995065497664
2019-03-13 11:33:00,-0.12843872445068882
2019-03-13 11:36:00,-0.238076633265905
2019-03-13 11:39:00,-0.22231288432357132
2019-03-13 11:42:00,-0.2438376636567341
2019-03-13 11:45:00,-0.16629169742230943
2019-03-13 11:48:00,-0.2847727650530487
2019-03-13 11:51:00,-0.2167946803518248
2019-03-13 11:54:00,-0.2169702274940164
2019-03-13 11:57:00,-0.19435614483387553
2019-03-13 12:00:00,-0.15711713708731168
2019-03-13 12:03:00,-0.2654107737437812
2019-03-13 12:06:00,-0.24229316816916935
2019-03-13 12:09:00,-0.23880159737012718
2019-03-13 12:12:00,-0.20158134964987084
2019-03-13 12:15:00,-0.2978348099508139
2019-03-13 12:18:00,-0.29542695755992554
2019-03-13 12:21:00,-0.27404175800353414
2019-03-13 12:24:00,-0.39673401507764083
2019-03-13 12:27:00,-0.3234272205280604
2019-03-13 12:30:00,-0.29692854824332926
2019-03-13 12:33:00,-0.3120472150661726
2019-03-13 12:36:00,-0.23622192223467664
2019-03-13 12:39:00,-0.3266622093067326
2019-03-13 12:42:00,-0.2667858579918061
2019-03-13 12:45:00,-0.2948400432859444
2019-03-13 12:48:00,-0.34182787346560417
2019-03-13 12:51:00,-0.34754664374372624
2019-03-13 12:54:00,-0.3003820127171366
2019-03-13 12:57:00,-0.3349170870341709
2019-03-13 13:00:00,-0.35076852558182736
2019-03-13 13:03:00,-0.3218184520204659
2019-03-13 13:06:00,-0.447476738033572
2019-03-13 13:09:00,-0.36462436680454857
2019-03-13 13:12:00,-0.3729759300007345
2019-03-13 13:15:00,-0.3199843741074915
2019-03-13 13:18:00,-0.38599895736467715
2019-03-13 13:21:00,-0.3954598141765473
2019-03-13 13:24:00,-0.38948576581930183
2019-03-13 13:27:00,-0.24638659296340393
2019-03-13 13:30:00,-0.3960353149053617
2019-03-13 13:33:00,-0.45198591934769183
2019-03-13 13:36:00,-0.29043055814440777
2019-03-13 13:39:00,-0.29977186512894605
2019-03-13 13:42:00,-0.3092573549417921
2019-03-13 13:45:00,-0.25495885520018646
2019-03-13 13:48:00,-0.3840808124552382
2019-03-13 13:51:00,-0.3938128870930768
2019-03-13 13:54:00,-0.43014326386327184
2019-03-13 13:57:00,-0.3999852469628422
2019-03-13 14:00:00,-0.3341907639113515
2019-03-13 14:03:00,-0.2945135788322091
2019-03-13 14:06:00,-0.3062270092182189
2019-03-13 14:09:00,-0.40464537364766784
2019-03-13 14:12:00,-0.41010680862001436
2019-03-13 14:15:00,-0.37346363858574705
2019-03-13 14:18:00,-0.3665313825553653
2019-03-13 14:21:00,-0.41425477981391623
2019-03-13 14:24:00,-0.35041534623945836
2019-03-13 14:27:00,-0.45797358245363284
2019-03-13 14:30:00,-0.42595121635093847
2019-03-13 14:33:00,-0.36031720275991574
2019-03-13 14:36:00,-0.32770971734930754
2019-03-13 14:39:00,-0.38752139756860515
2019-03-13 14:42:00,-0.37486429346733985
2019-03-13 14:45:00,-0.47554951108952537
2019-03-13 14:48:00,-0.3662296981186728
2019-03-13 14:51:00,-0.42706445961664485
2019-03-13 14:54:00,-0.23398015418945306
2019-03-13 14:57:00,-0.49125174215822653
2019-03-13 15:00:00,-0.353739377318675
2019-03-13 15:03:00,-0.39354070316159095
2019-03-13 15:06:00,-0.3914894869925547
2019-03-13 15:09:00,-0.3063087847415318
2019-03-13 15:12:00,-0.3259149017038112
2019-03-13 15:15:00,-0.4520736168179269
2019-03-13 15:18:00,-0.39963215791766515
2019-03-13 15:21:00,-0.3508963756015646
2019-03-13 15:24:00,-0.3388268138316448
2019-03-13 15:27:00,-0.3261728568681974
2019-03-13 15:30:00,-0.3970794518193088
2019-03-13 15:33:00,-0.29670982100094534
2019-03-13 15:36:00,-0.40777667866757383
2019-03-13 15:39:00,-0.3800580548279413
2019-03-13 15:42:00,-0.3174170426499927
2019-03-13 15:45:00,-0.2789568507821514
2019-03-13 15:48:00,-0.22015793360100133
2019-03-13 15:51:00,-0.10669997213830129
2019-03-13 15:54:00,-0.1686034945161623
2019-03-13 15:57:00,-0.22351652949015488
2019-03-13 16:00:00,-0.17327600527579534
2019-03-13 16:03:00,-0.20694591486704894
2019-03-13 16:06:00,-0.21950257970536313
2019-03-13 16:09:00,-0.08761886412946751
2019-03-13 16:12:00,-0.20432967959237658
2019-03-13 16:15:00,-0.13661644611187285
2019-03-13 16:18:00,-0.10679093908055393
2019-03-13 16:21:00,-0.2105787786097153
2019-03-13 16:24:00,-0.1406107436176285
2019-03-13 16:27:00,-0.18974790484446658
2019-03-13 16:30:00,-0.19839152127724446
2019-03-13 16:33:00,-0.16033648916976517
2019-03-13 16:36:00,-0.15391105222335
2019-03-13 16:39:00,-0.13714592187034214
2019-03-13 16:42:00,-0.20941002232223127
2019-03-13 16:45:00,-0.12386310831072933
2019-03-13 16:48:00,-0.2966712951051136
2019-03-13 16:51:00,-0.21940869340158997
2019-03-13 16:54:00,-0.31105298960574146
2019-03-13 16:57:00,-0.2995583434111495
2019-03-13 17:00:00,-0.2966231799813954
2019-03-13 17:03:00,-0.23317244172955043
2019-03-13 17:06:00,-0.2617569899536534
2019-03-13 17:09:00,-0.2490513039272173
2019-03-13 17:12:00,-0.2077093733802826
2019-03-13 17:15:00,-0.2822352837643507
2019-03-13 17:18:00,-0.23504830088830886
2019-03-13 17:21:00,-0.29662229411201224
2019-03-13 17:24:00,-0.24621289380394273
2019-03-13 17:27:00,-0.3772184915314938
2019-03-13 17:30:00,-0.23474037641091172
2019-03-13 17:33:00,-0.25131755288396107
2019-03-13 17:36:00,-0.4132092630929378
2019-03-13 17:39:00,-0.37651720485803253
2019-03-13 17:42:00,-0.3216687279091275
2019-03-13 17:45:00,-0.2798799472776068
2019-03-13 17:48:00,-0.2780312067866362
2019-03-13 17:51:00,-0.3013353505843952
2019-03-13 17:54:00,-0.3404886644385101
2019-03-13 17:57:00,-0.2685427958256241
2019-03-13 18:00:00,-0.17812237211916226
2019-03-13 18:03:00,-0.23761179562518464
2019-03-13 18:06:00,-0.2918501014071353
2019-03-13 18:09:00,-0.24120232857512747
2019-03-13 18:12:00,-0.2907476204821364
2019-03-13 18:15:00,-0.19789128198999606
2019-03-13 18:18:00,-0.2957873694739419
2019-03-13 18:21:00,-0.27372830399895065
2019-03-13 18:24:00,-0.2215295083580031
2019-03-13 18:27:00,-0.24931512480003448
2019-03-13 18:30:00,-0.3366781895066424
2019-03-13 18:33:00,-0.30012259528007235
2019-03-13 18:36:00,-0.18804873410994105
2019-03-13 18:39:00,-0.2511290844161067
2019-03-13 18:42:00,-0.23029188379553034
2019-03-13 18:45:00,-0.1755895606062836
2019-03-13 18:48:00,-0.16785189548301105
2019-03-13 18:51:00,-0.22726402383364075
2019-03-13 18:54:00,
2019-03-13 18:57:00,
2019-03-13 19:00:00,
2019-03-13 19:03:00,-0.2111306001818889
2019-03-13 19:06:00,-0.08899170425621605
2019-03-13 19:09:00,-0.16651436629592808
2019-03-13 19:12:00,-0.1570121056076914
2019-03-13 19:15:00,-0.09242261725108847
2019-03-13 19:18:00,-0.20672296874511176
2019-03-13 19:21:00,-0.13500358137787316
2019-03-13 19:24:00,-0.08383658206827249
2019-03-13 19:27:00,-0.0879159698621379
2019-03-13 19:30:00,-0.1428535814682732
2019-03-13 19:33:00,-0.18627754797375928
2019-03-13 19:36:00,-0.11264301660253295
2019-03-13 19:39:00,-0.15613285723412673
2019-03-13 19:42:00,-0.09006380974648209
2019-03-13 19:45:00,-0.025153984380608563
2019-03-13 19:48:00,-0.05229606936831033
2019-03-13 19:51:00,-0.02764934559723997
2019-03-13 19:54:00,-0.07173849161239332
2019-03-13 19:57:00,-0.034810495725366764
2019-03-13 20:00:00,-0.04487041766344646
2019-03-13 20:03:00,0.029714672928605523
2019-03-13 20:06:00,0.048870885165570144
2019-03-13 20:09:00,0.0817100607074508
2019-03-13 20:12:00,0.07017348460755102
2019-03-13 20:15:00,0.027003179715109127
2019-03-13 20:18:00,0.09502400809100209
2019-03-13 20:21:00,0.06781691533524281
2019-03-13 20:24:00,0.05497400720736323
2019-03-13 20:27:00,-0.0499646672842573
2019-03-13 20:30:00,0.026144291907201023
2019-03-13 20:33:00,0.02901595050082051
2019-03-13 20:36:00,0.013284082766688243
2019-03-13 20:39:00,0.03868189441590175
2019-03-13 20:42:00,0.023367618644897448
2019-03-13 20:45:00,-0.00023305922223926245
2019-03-13 20:48:00,0.029422629389273425
2019-03-13 20:51:00,0.06313626490270963
2019-03-13 20:54:00,0.13836778453332954
2019-03-13 20:57:00,0.07512554411431438
2019-03-13 21:00:00,0.019086197098488356
2019-03-13 21:03:00,0.05206469786656953
2019-03-13 21:06:00,0.12439549105198466
2019-03-13 21:09:00,0.11919151902611702
2019-03-13 21:12:00,0.1264496306675369
2019-03-13 21:15:00,0.1426368215417142
2019-03-13 21:18:00,0.25481224223483423
2019-03-13 21:21:00,0.10775966564210648
2019-03-13 21:24:00,0.15854401592707745
2019-03-13 21:27:00,0.059196384637346
2019-03-13 21:30:00,0.10465662675647991
2019-03-13 21:33:00,0.17846854682204594
2019-03-13 21:36:00,0.1917478199462721
2019-03-13 21:39:00,0.0983563110116279
2019-03-13 21:42:00,0.1308037833683784
2019-03-13 21:45:00,0.1710064207837263
2019-03-13 21:48:00,0.11768293833654297
2019-03-13 21:51:00,0.10179976630320198
2019-03-13 21:54:00,0.10995837023926924
2019-03-13 21:57:00,0.20157073008510906
2019-03-13 22:00:00,0.13891944563204106
2019-03-13 22:03:00,0.19785452893972888
2019-03-13 22:06:00,0.22783660409459117
2019-03-13 22:09:00,0.2649189165334178
2019-03-13 22:12:00,0.2647947817275167
2019-03-13 22:15:00,0.1330229519749082
2019-03-13 22:18:00,0.18324604349061246
2019-03-13 22:21:00,0.1187972622630582
2019-03-13 22:24:00,0.14301106098389482
2019-03-13 22:27:00,0.19815369253029758
2019-03-13 22:30:00,0.15354133461829633
2019-03-13 22:33:00,0.14693347216814345
2019-03-13 22:36:00,0.12067969678759027
2019-03-13 22:39:00,0.12308583098945292
2019-03-13 22:42:00,0.06949350188500603
2019-03-13 22:45:00,0.14010744970232736
2019-03-13 22:48:00,0.10068562350426191
2019-03-13 22:51:00,0.11630131015238021
2019-03-13 22:54:00,0.177310218029902
2019-03-13 22:57:00,0.2333351854205148
2019-03-13 23:00:00,0.18032771696425698
2019-03-13 23:03:00,0.2353474073118491
2019-03-13 23:06:00,0.153215399858027
2019-03-13 23:09:00,0.11658903195001358
2019-03-13 23:12:00,0.17191691787087393
2019-03-13 23:15:00,0.20448962367424883
2019-03-13 23:18:00,0.308113897257158
2019-03-13 23:21:00,0.21127392226492248
2019-03-13 23:24:00,0.24745457054632425
2019-03-13 23:27:00,0.17827709215470122
2019-03-13 23:30:00,0.16142637047482822
2019-03-13 23:33:00,0.08475281637180387
2019-03-13 23:36:00,0.17838575738403506
2019-03-13 23:39:00,0.1889024243409949
2019-03-13 23:42:00,0.0788285549473926
2019-03-13 23:45:00,0.17554842450766728
2019-03-13 23:48:00,0.21714088503858875
2019-03-13 23:51:00,0.2561631193927383
2019-03-13 23:54:00,0.16496035519190855
2019-03-13 23:57:00,0.24897276428498571
2019-03-14 00:00:00,0.24198081742383692
2019-03-14 00:03:00,0.26614458984448675
2019-03-14 00:06:00,0.24658848114654575
2019-03-14 00:09:00,0.22188123434608542
2019-03-14 00:12:00,0.2297533975324768
2019-03-14 00:15:00,0.2646174445916927
2019-03-14 00:18:00,0.16527213140972208
2019-03-14 00:21:00,0.2926309708810777
2019-03-14 00:24:00,0.22854316315721235
2019-03-14 00:27:00,0.27321469751194627
2019-03-14 00:30:00,0.17591394009372152
2019-03-14 00:33:00,0.18412994256698312
2019-03-14 00:36:00,0.16166748976286271
2019-03-14 00:39:00,0.23335471524808327
2019-03-14 00:42:00,0.1724084295818784
2019-03-14 00:45:00,0.3086736927223228
2019-03-14 00:48:00,0.11695776000499336
2019-03-14 00:51:00,0.16752999914518796
2019-03-14 00:54:00,0.091030687123407
2019-03-14 00:57:00,0.16484005545066793
2019-03-14 01:00:00,0.1990517733875663
2019-03-14 01:03:00,0.1441411408645763
2019-03-14 01:06:00,0.08637953675645349
2019-03-14 01:09:00,0.1128461463076178
2019-03-14 01:12:00,0.2041666333370813
2019-03-14 01:15:00,0.2461228831017479
2019-03-14 01:18:00,0.27068597337938627
2019-03-14 01:21:00,0.2294816134086659
2019-03-14 01:24:00,0.20916070170380863
2019-03-14 01:27:00,0.25428088657605485
2019-03-14 01:30:00,0.24016491797084427
2019-03-14 01:33:00,0.17240220450548804
2019-03-14 01:36:00,0.3336278158485584
2019-03-14 01:39:00,0.234106498073686
2019-03-14 01:42:00,0.33012848817207896
2019-03-14 01:45:00,0.31533901083383853
2019-03-14 01:48:00,0.24118310967958223
2019-03-14 01:51:00,0.17911954520775453
2019-03-14 01:54:00,0.38646304739535253
2019-03-14 01:57:00,0.29413997848706686
2019-03-14 02:00:00,0.28120940059937993
2019-03-14 02:03:00,0.21193455944370498
2019-03-14 02:06:00,0.15683640254695774
2019-03-14 02:09:00,0.13540700231891378
2019-03-14 02:12:00,0.09667387242149061
2019-03-14 02:15:00,0.19335016447604403
2019-03-14 02:18:00,0.20489240829095934
2019-03-14 02:21:00,0.20204342700571942
2019-03-14 02:24:00,0.26690939306354267
2019-03-14 02:27:00,0.2956829945262598
2019-03-14 02:30:00,0.23439774952061043
2019-03-14 02:33:00,0.27136831597294986
2019-03-14 02:36:00,0.35847412242168275
2019-03-14 02:39:00,0.35093571145068836
2019-03-14 02:42:00,0.25474444344990843
2019-03-14 02:45:00,0.24462301939576037
2019-03-14 02:48:00,0.33655932007820866
2019-03-14 02:51:00,0.3410718889646773
2019-03-14 02:54:00,0.29012185312200245
2019-03-14 02:57:00,0.26081045883495335
2019-03-14 03:00:00,0.23310850995596866
2019-03-14 03:03:00,0.19995401462671225
2019-03-14 03:06:00,0.32187609858334554
2019-03-14 03:09:00,0.25447335647857017
2019-03-14 03:12:00,0.15365499949621153
2019-03-14 03:15:00,0.23525949010348768
2019-03-14 03:18:00,0.2880815769802325
2019-03-14 03:21:00,0.28326855708462517
2019-03-14 03:24:00,0.25187687075191434
2019-03-14 03:27:00,0.3322262966529479
2019-03-14 03:30:00,0.3026851544095166
2019-03-14 03:33:00,0.24383231705559183
2019-03-14 03:36:00,0.3567844950202925
2019-03-14 03:39:00,0.3189206116022092
2019-03-14 03:42:00,0.3171355865194414
2019-03-14 03:45:00,0.19138644950942307
2019-03-14 03:48:00,0.31259173102608884
2019-03-14 03:51:00,0.43624329621326297
2019-03-14 03:54:00,0.3002974480185685
2019-03-14 03:57:00,0.2551661369615772
2019-03-14 04:00:00,0.32150441449130085
2019-03-14 04:03:00,0.2363975383448178
2019-03-14 04:06:00,0.2342381227477972
2019-03-14 04:09:00,0.2956217865137205
2019-03-14 04:12:00,0.2739222650719171
2019-03-14 04:15:00,0.30877031395579024
2019-03-14 04:18:00,0.3111568619990521
2019-03-14 04:21:00,0.19696398946041427
2019-03-14 04:24:00,0.19566222204889527
2019-03-14 04:27:00,0.17459830350128414
2019-03-14 04:30:00,0.19811151284244488
2019-03-14 04:33:00,0.3573976423541012
2019-03-14 04:36:00,0.3238812849638748
2019-03-14 04:39:00,0.30417163025430227
2019-03-14 04:42:00,0.28437510254889276
2019-03-14 04:45:00,0.28414863291726533
2019-03-14 04:48:00,0.28720256716707127
2019-03-14 04:51:00,0.3300600819095507
2019-03-14 04:54:00,0.3416263178205554
2019-03-14 04:57:00,0.3374421820609541
2019-03-14 05:00:00,0.2506811488521521
2019-03-14 05:03:00,0.3813240783854326
2019-03-14 05:06:00,0.22833883333424865
2019-03-14 05:09:00,0.3058234948236418
2019-03-14 05:12:00,0.3346523657513103
2019-03-14 05:15:00,0.2481177706596327
2019-03-14 05:18:00,0.2821990465477029
2019-03-14 05:21:00,0.314173380495788
2019-03-14 05:24:00,0.26190090794074194
2019-03-14 05:27:00,0.28623369679229427
2019-03-14 05:30:00,0.20953434737509724
2019-03-14 05:33:00,0.35139747801048316
2019-03-14 05:36:00,0.35158546152371173
2019-03-14 05:39:00,0.26034181329583816
2019-03-14 05:42:00,0.38811878997159965
2019-03-14 05:45:00,0.2795983576658614
2019-03-14 05:48:00,0.4018514388741323
2019-03-14 05:51:00,0.3912468059733101
2019-03-14 05:54:00,0.3624676662972206
2019-03-14 05:57:00,0.26215981148862966
2019-03-14 06:00:00,0.40946001551219524
2019-03-14 06:03:00,0.3709439466899198
2019-03-14 06:06:00,0.28169452831923536
2019-03-14 06:09:00,0.18504913374823673
2019-03-14 06:12:00,0.268882529714233
2019-03-14 06:15:00,0.24979952895284896
2019-03-14 06:18:00,0.26390763262827477
2019-03-14 06:21:00,0.14440053793867946
2019-03-14 06:24:00,0.15031848814533078
2019-03-14 06:27:00,0.23892825466725753
2019-03-14 06:30:00,0.3481135104502755
2019-03-14 06:33:00,0.3493287680684034
2019-03-14 06:36:00,0.384233880005695
2019-03-14 06:39:00,0.4591195297005015
2019-03-14 06:42:00,0.3582128529445754
2019-03-14 06:45:00,0.3236946800005285
2019-03-14 06:48:00,0.2696928609943825
2019-03-14 06:51:00,0.24904167186048198
2019-03-14 06:54:00,0.19794597876870057
2019-03-14 06:57:00,0.31586283899656564
2019-03-14 07:00:00,0.24577157678510275
2019-03-14 07:03:00,0.23194935716219334
2019-03-14 07:06:00,0.25893593771337464
2019-03-14 07:09:00,0.1726086234615991
2019-03-14 07:12:00,0.19026737532868765
2019-03-14 07:15:00,0.2167054067028289
2019-03-14 07:18:00,0.10629935477965091
2019-03-14 07:21:00,0.31920768360726015
2019-03-14 07:24:00,0.30828160046900166
2019-03-14 07:27:00,0.23948672653784797
2019-03-14 07:30:00,0.26622910812216105
2019-03-14 07:33:00,0.2289841007947757
2019-03-14 07:36:00,0.28684640421784025
2019-03-14 07:39:00,0.24420354625107166
2019-03-14 07:42:00,0.3573366367704125
2019-03-14 07:45:00,0.35814058850843367
2019-03-14 07:48:00,0.2724734822471646
2019-03-14 07:51:00,0.27650127336238484
2019-03-14 07:54:00,0.2630736840799841
2019-03-14 07:57:00,0.25053868301517923
2019-03-14 08:00:00,0.2372352488831666
2019-03-14 08:03:00,0.2746720960302014
2019-03-14 08:06:00,0.3789676489323597
2019-03-14 08:09:00,0.2938559313388396
2019-03-14 08:12:00,0.2560224533454516
2019-03-14 08:15:00,0.315841478219852
2019-03-14 08:18:00,0.2522940472402979
2019-03-14 08:21:00,0.26336270203057666
2019-03-14 08:24:00,0.2192798200121615
2019-03-14 08:27:00,0.2113190680266257
2019-03-14 08:30:00,0.3184485288468295
2019-03-14 08:33:00,0.3230625759471195
2019-03-14 08:36:00,0.1806615498113615
2019-03-14 08:39:00,0.25220580355357924
2019-03-14 08:42:00,0.325381484190018
2019-03-14 08:45:00,0.23130373031074214
2019-03-14 08:48:00,0.26185518563738697
2019-03-14 08:51:00,0.32573444327533707
2019-03-14 08:54:00,0.21981483358388232
2019-03-14 08:57:00,0.23774676134974015
2019-03-14 09:00:00,0.25440972229012004
2019-03-14 09:03:00,0.26426859363272115
2019-03-14 09:06:00,0.28141972159744455
2019-03-14 09:09:00,0.3147228103082398
2019-03-14 09:12:00,0.3118576137543414
2019-03-14 09:15:00,0.2505220268812991
2019-03-14 09:18:00,0.20649076366004238
2019-03-14 09:21:00,0.2911681595854816
2019-03-14 09:24:00,0.2151138198953504
2019-03-14 09:27:00,0.14389602180563088
2019-03-14 09:30:00,0.044023417988569236
2019-03-14 09:33:00,0.14699220955492365
2019-03-14 09:36:00,0.1170563361554855
2019-03-14 09:39:00,0.13525451848397552
2019-03-14 09:42:00,0.06460530986043977
2019-03-14 09:45:00,-0.02329736680718497
2019-03-14 09:48:00,0.007641392629693655
2019-03-14 09:51:00,0.04659852376244089
2019-03-14 09:54:00,0.011359338009356179
2019-03-14 09:57:00,-0.006764438114942095
2019-03-14 10:00:00,-0.06262785196099685
2019-03-14 10:03:00,-0.047523063420953804
2019-03-14 10:06:00,-0.05974185917074237
2019-03-14 10:09:00,-0.005617840194759083
2019-03-14 10:12:00,-0.060287749984638594
2019-03-14 10:15:00,-0.02739420114215818
2019-03-14 10:18:00,0.02822212927549117
2019-03-14 10:21:00,-0.018338482920853494
2019-03-14 10:24:00,-0.08399281633234068
2019-03-14 10:27:00,-0.025695720696205626
2019-03-14 10:30:00,-0.06420939760403144
2019-03-14 10:33:00,-0.03739006973449932
2019-03-14 10:36:00,-0.021896269557601045
2019-03-14 10:39:00,-0.06075815053861788
2019-03-14 10:42:00,-0.03262973775093769
2019-03-14 10:45:00,0.006293017186635552
2019-03-14 10:48:00,-0.07880132817200547
2019-03-14 10:51:00,-0.09963221489744001
2019-03-14 10:54:00,-0.02347346788150162
2019-03-14 10:57:00,0.04059704671482223
2019-03-14 11:00:00,-0.01703948863973892
2019-03-14 11:03:00,0.07223929403801321
2019-03-14 11:06:00,-0.002268721197879131
2019-03-14 11:09:00,0.07093098978128864
2019-03-14 11:12:00,-0.012613037167284347
2019-03-14 11:15:00,0.015671927708467592
2019-03-14 11:18:00,0.13459452409074402
2019-03-14 11:21:00,-0.0025648576551020597
2019-03-14 11:24:00,-0.07609397332981871
2019-03-14 11:27:00,-0.12264776502291852
2019-03-14 11:30:00,-0.12449555914730581
2019-03-14 11:33:00,-0.04766717966367651
2019-03-14 11:36:00,0.03652099821425736
2019-03-14 11:39:00,-0.05235304294967591
2019-03-14 11:42:00,0.00847026677223539
2019-03-14 11:45:00,-0.08013412981983947
2019-03-14 11:48:00,-0.11210978378318259
2019-03-14 11:51:00,-0.07685628358797203
2019-03-14 11:54:00,-0.10958208630489708
2019-03-14 11:57:00,-0.07140646343560775
2019-03-14 12:00:00,-0.2586083915433619
2019-03-14 12:03:00,-0.17964782774419064
2019-03-14 12:06:00,-0.15218297279744775
2019-03-14 12:09:00,-0.11531848775484832
2019-03-14 12:12:00,-0.06147761877986113
2019-03-14 12:15:00,-0.1231571351651155
2019-03-14 12:18:00,-0.03806082116904008
2019-03-14 12:21:00,-0.16460677819827652
2019-03-14 12:24:00,-0.22743999859477526
2019-03-14 12:27:00,-0.15741934953808823
2019-03-14 12:30:00,-0.1364714792812265
2019-03-14 12:33:00,-0.26704544566484856
2019-03-14 12:36:00,-0.15715853794068835
2019-03-14 12:39:00,-0.22787207842918633
2019-03-14 12:42:00,-0.28714403135239763
2019-03-14 12:45:00,-0.21339006754288903
2019-03-14 12:48:00,-0.16922094136145915
2019-03-14 12:51:00,-0.33120649894590315
2019-03-14 12:54:00,-0.2617914269662833
2019-03-14 12:57:00,-0.12050938986226356
2019-03-14 13:00:00,-0.11866044223370409
2019-03-14 13:03:00,-0.16698933177525532
2019-03-14 13:06:00,-0.17683493575788134
2019-03-14 13:09:00,-0.1200362596745208
2019-03-14 13:12:00,-0.10709735842175405
2019-03-14 13:15:00,0.0617833194760351
2019-03-14 13:18:00,0.05311871700217807
2019-03-14 13:21:00,0.05100307564453033
2019-03-14 13:24:00,0.19313360778210154
2019-03-14 13:27:00,0.10638966618677159
2019-03-14 13:30:00,0.2871060752283938
2019-03-14 13:33:00,0.34316389114076173
2019-03-14 13:36:00,0.33306469009130524
2019-03-14 13:39:00,0.19600441444595162
2019-03-14 13:42:00,0.2307313883194979
2019-03-14 13:45:00,0.1851513924431174
2019-03-14 13:48:00,0.1497543768393257
2019-03-14 13:51:00,-0.008558955158719073
2019-03-14 13:54:00,-0.07308682564405444
2019-03-14 13:57:00,-0.06694923531478025
2019-03-14 14:00:00,-0.037738689492584854
2019-03-14 14:03:00,-0.020482603066795946
2019-03-14 14:06:00,-0.013259901204492053
2019-03-14 14:09:00,0.07479115413894988
2019-03-14 14:12:00,-0.041700200480249805
2019-03-14 14:15:00,-0.04022098338259639
2019-03-14 14:18:00,-0.10025881180365559
2019-03-14 14:21:00,-0.1562651255700871
2019-03-14 14:24:00,-0.1281827090989509
2019-03-14 14:27:00,-0.15020536331866197
2019-03-14 14:30:00,-0.1516134603227215
2019-03-14 14:33:00,-0.16139802409202275
2019-03-14 14:36:00,-0.1473386060761186
2019-03-14 14:39:00,-0.17148688969234627
2019-03-14 14:42:00,-0.16591301438370465
2019-03-14 14:45:00,-0.11843404223191101
2019-03-14 14:48:00,-0.07689533582509966
2019-03-14 14:51:00,-0.08098190815184125
2019-03-14 14:54:00,-0.08307321981448013
2019-03-14 14:57:00,0.10106828027312531
2019-03-14 15:00:00,-0.0159648292909651
2019-03-14 15:03:00,-0.00859538143527061
2019-03-14 15:06:00,-0.039472617631986395
2019-03-14 15:09:00,-0.10938412040849244
2019-03-14 15:12:00,-0.021761063097983424
2019-03-14 15:15:00,-0.11363041532382567
2019-03-14 15:18:00,-0.03205984508997517
2019-03-14 15:21:00,-0.09207134805461692
2019-03-14 15:24:00,-0.09560773553874924
2019-03-14 15:27:00,-0.1019431288552255
2019-03-14 15:30:00,-0.10348258764662432
2019-03-14 15:33:00,-0.0866279008898232
2019-03-14 15:36:00,-0.1449603092733014
2019-03-14 15:39:00,-0.18316290402901814
2019-03-14 15:42:00,-0.11543490258793554
2019-03-14 15:45:00,-0.15804360982673415
2019-03-14 15:48:00,-0.12116699690892574
2019-03-14 15:51:00,-0.2680952799831289
2019-03-14 15:54:00,-0.2334639099677247
2019-03-14 15:57:00,-0.23181861266147052
2019-03-14 16:00:00,-0.20125668434434374
2019-03-14 16:03:00,-0.16101503767526992
2019-03-14 16:06:00,-0.12959320177628797
2019-03-14 16:09:00,-0.1445762929958505
2019-03-14 16:12:00,-0.13070696097815926
2019-03-14 16:15:00,-0.25646164219779166
2019-03-14 16:18:00,-0.10273513288746017
2019-03-14 16:21:00,-0.17280753199923993
2019-03-14 16:24:00,-0.22702280749530246
2019-03-14 16:27:00,-0.1815919016390808
2019-03-14 16:30:00,-0.03129833330569909
2019-03-14 16:33:00,-0.18894471322442996
2019-03-14 16:36:00,-0.16087604616870976
2019-03-14 16:39:00,-0.1258683306776902
2019-03-14 16:42:00,-0.1692168534858638
2019-03-14 16:45:00,-0.2330112199952623
2019-03-14 16:48:00,-0.28187880759543305
2019-03-14 16:51:00,-0.21403997203753988
2019-03-14 16:54:00,-0.1630115393419942
2019-03-14 16:57:00,-0.20089289247039233
2019-03-14 17:00:00,-0.12353323156645502
2019-03-14 17:03:00,-0.180556885426995
2019-03-14 17:06:00,-0.15755966552626433
2019-03-14 17:09:00,-0.10893682476893218
2019-03-14 17:12:00,-0.015038834810013668
2019-03-14 17:15:00,-0.10323587376154819
2019-03-14 17:18:00,-0.09705145259027859
2019-03-14 17:21:00,-0.11288524297452796
2019-03-14 17:24:00,-0.04749116603551329
2019-03-14 17:27:00,-0.04287160575188409
2019-03-14 17:30:00,0.006080744714267894
2019-03-14 17:33:00,0.06224742668820227
2019-03-14 17:36:00,0.0010305067924036848
2019-03-14 17:39:00,-0.026890056495176395
2019-03-14 17:42:00,-0.12369351643644677
2019-03-14 17:45:00,-0.027193883360041582
2019-03-14 17:48:00,-0.08863243946512966
2019-03-14 17:51:00,-0.06427530151245264
2019-03-14 17:54:00,-0.11160216506442566
2019-03-14 17:57:00,-0.10824624584489584
2019-03-14 18:00:00,-0.04580710263911669
2019-03-14 18:03:00,-0.09345713501960518
2019-03-14 18:06:00,-0.05784597316642248
2019-03-14 18:09:00,-0.03604762905189318
2019-03-14 18:12:00,-0.011570415166715975
2019-03-14 18:15:00,-0.08365653019887986
2019-03-14 18:18:00,-0.025653292253196014
2019-03-14 18:21:00,-0.07016817942320586
2019-03-14 18:24:00,-0.09927012111404565
2019-03-14 18:27:00,-0.0037114252601782027
2019-03-14 18:30:00,-0.15035574582492472
2019-03-14 18:33:00,-0.06561090923588608
2019-03-14 18:36:00,-0.08956108515729966
2019-03-14 18:39:00,-0.036223647635779344
2019-03-14 18:42:00,-0.06872134771833771
2019-03-14 18:45:00,0.08669571222611694
2019-03-14 18:48:00,-0.0006037043473838821
2019-03-14 18:51:00,0.004338953286833203
2019-03-14 18:54:00,
2019-03-14 18:57:00,
2019-03-14 19:00:00,
2019-03-14 19:03:00,0.05631319747311636
2019-03-14 19:06:00,0.019541824747420833
2019-03-14 19:09:00,0.007818563430816994
2019-03-14 19:12:00,0.13225880781857313
2019-03-14 19:15:00,0.016773054634086293
2019-03-14 19:18:00,0.02970572914813374
2019-03-14 19:21:00,0.07380390291143613
2019-03-14 19:24:00,0.05951670043521062
2019-03-14 19:27:00,-0.023483196946983753
2019-03-14 19:30:00,0.14590062123903635
2019-03-14 19:33:00,0.00768981925892831
2019-03-14 19:36:00,0.05650806224690541
2019-03-14 19:39:00,-0.05081853918568413
2019-03-14 19:42:00,-0.0533437630890603
2019-03-14 19:45:00,-0.02631061579990046
2019-03-14 19:48:00,0.06393875994564269
2019-03-14 19:51:00,0.08760932923797782
2019-03-14 19:54:00,0.12107670328151698
2019-03-14 19:57:00,0.14270411047857579
2019-03-14 20:00:00,-0.01606262056623109
2019-03-14 20:03:00,0.10583043754951404
2019-03-14 20:06:00,0.16074214311214519
2019-03-14 20:09:00,0.14574254223811067
2019-03-14 20:12:00,0.20496952913845234
2019-03-14 20:15:00,0.2382437315786774
2019-03-14 20:18:00,0.18984324049529278
2019-03-14 20:21:00,0.15291816938082547
2019-03-14 20:24:00,0.12804945157267866
2019-03-14 20:27:00,0.14176400880489837
2019-03-14 20:30:00,0.17996266797950966
2019-03-14 20:33:00,0.20666211385082534
2019-03-14 20:36:00,0.176831427544073
2019-03-14 20:39:00,0.15688576832155832
2019-03-14 20:42:00,0.22160833053675333
2019-03-14 20:45:00,0.09825104116106331
2019-03-14 20:48:00,0.13787035685902538
2019-03-14 20:51:00,0.1584290492319269
2019-03-14 20:54:00,0.14677890853340614
2019-03-14 20:57:00,0.24010388130039928
2019-03-14 21:00:00,0.1949192305328893
2019-03-14 21:03:00,0.1259665821966678
2019-03-14 21:06:00,0.08392593952231664
2019-03-14 21:09:00,0.06062014678934702
2019-03-14 21:12:00,0.10428641812757178
2019-03-14 21:15:00,0.10695557751455453
2019-03-14 21:18:00,0.05739217292256171
2019-03-14 21:21:00,0.06248614963823229
2019-03-14 21:24:00,0.04280902460720881
2019-03-14 21:27:00,0.04316466060640778
2019-03-14 21:30:00,0.031055846264962383
2019-03-14 21:33:00,-0.08950199648529633
2019-03-14 21:36:00,0.04599639564065683
2019-03-14 21:39:00,-0.016101634233905315
2019-03-14 21:42:00,-0.03164895359827824
2019-03-14 21:45:00,0.04574398826753168
2019-03-14 21:48:00,-0.017205350615199677
2019-03-14 21:51:00,0.010001015677289615
2019-03-14 21:54:00,0.10225128139950357
2019-03-14 21:57:00,0.10759245743719248
2019-03-14 22:00:00,0.14994952271649709
2019-03-14 22:03:00,0.025013696466373858
2019-03-14 22:06:00,0.05943630312236792
2019-03-14 22:09:00,0.04915335049412306
2019-03-14 22:12:00,0.05850760506899633
2019-03-14 22:15:00,0.06842078801287244
2019-03-14 22:18:00,0.06508879629757303
2019-03-14 22:21:00,0.05856952935636173
2019-03-14 22:24:00,0.015142147637789094
2019-03-14 22:27:00,0.03179477262915498
2019-03-14 22:30:00,0.11208756779683426
2019-03-14 22:33:00,0.03740533135919577
2019-03-14 22:36:00,0.08675693153912789
2019-03-14 22:39:00,0.10199705835066197
2019-03-14 22:42:00,-0.012654952292905364
2019-03-14 22:45:00,0.05229411309272791
2019-03-14 22:48:00,0.14360557987242828
2019-03-14 22:51:00,0.18992069603041273
2019-03-14 22:54:00,0.14806382686430197
2019-03-14 22:57:00,0.16799057708431064
2019-03-14 23:00:00,0.2186486444899174
2019-03-14 23:03:00,0.20277797239072015
2019-03-14 23:06:00,0.13673875397432766
2019-03-14 23:09:00,0.11433228374482951
2019-03-14 23:12:00,0.09429735330149924
2019-03-14 23:15:00,0.03635826845447809
2019-03-14 23:18:00,0.10142856319328075
2019-03-14 23:21:00,0.08319594348699866
2019-03-14 23:24:00,0.10636098022632723
2019-03-14 23:27:00,0.07900977403016896
2019-03-14 23:30:00,0.0904636767785405
2019-03-14 23:33:00,0.1917852714021251
2019-03-14 23:36:00,0.09331014935509074
2019-03-14 23:39:00,0.030642234484275832
2019-03-14 23:42:00,0.07692323702997328
2019-03-14 23:45:00,0.1691785405275823
2019-03-14 23:48:00,0.12960256480573662
2019-03-14 23:51:00,0.14312084610520515
2019-03-14 23:54:00,0.10245721564336918
2019-03-14 23:57:00,0.08739499458187083
2019-03-15 00:00:00,0.05437154634574881
2019-03-15 00:03:00,0.12459097669704988
2019-03-15 00:06:00,0.1605821125588136
2019-03-15 00:09:00,0.17030547096294413
2019-03-15 00:12:00,0.16885040017797337
2019-03-15 00:15:00,0.17890648557079203
2019-03-15 00:18:00,0.14910878413616047
2019-03-15 00:21:00,0.17180340905019875
2019-03-15 00:24:00,0.10525524937503405
2019-03-15 00:27:00,0.1169714422176753
2019-03-15 00:30:00,0.15872993456508766
2019-03-15 00:33:00,0.1687027717734395
2019-03-15 00:36:00,0.2594887819580549
2019-03-15 00:39:00,0.21373543011981155
2019-03-15 00:42:00,0.1570993040373878
2019-03-15 00:45:00,0.18816677913889635
2019-03-15 00:48:00,0.2757490041121855
2019-03-15 00:51:00,0.23147750942473522
2019-03-15 00:54:00,0.17187451808877086
2019-03-15 00:57:00,0.1768652614138091
2019-03-15 01:00:00,0.18641413784297356
2019-03-15 01:03:00,0.1319037811438193
2019-03-15 01:06:00,0.16349038298113783
2019-03-15 01:09:00,0.15375890343119636
2019-03-15 01:12:00,0.17823748977309606
2019-03-15 01:15:00,0.10523443086970019
2019-03-15 01:18:00,0.1676653049129868
2019-03-15 01:21:00,0.23111489654570505
2019-03-15 01:24:00,0.15103652075833907
2019-03-15 01:27:00,0.21802185743422342
2019-03-15 01:30:00,0.09293846905126202
2019-03-15 01:33:00,0.16266785997873967
2019-03-15 01:36:00,0.16668586235778093
2019-03-15 01:39:00,0.17972773225852734
2019-03-15 01:42:00,0.14927835032830217
2019-03-15 01:45:00,0.16042745326274144
2019-03-15 01:48:00,0.20039061711622708
2019-03-15 01:51:00,0.1970287424437629
2019-03-15 01:54:00,0.24373521346853977
2019-03-15 01:57:00,0.1614663727267498
2019-03-15 02:00:00,0.24209603740570174
2019-03-15 02:03:00,0.17955797063206091
2019-03-15 02:06:00,0.2440823046405285
2019-03-15 02:09:00,0.20631453608791617
2019-03-15 02:12:00,0.19774925402754207
2019-03-15 02:15:00,0.25189374775885653
2019-03-15 02:18:00,0.19218564499527702
2019-03-15 02:21:00,0.2010785773731527
2019-03-15 02:24:00,0.1672813339329764
2019-03-15 02:27:00,0.16196692477353736
2019-03-15 02:30:00,0.20598252575211973
2019-03-15 02:33:00,0.2183067763214126
2019-03-15 02:36:00,0.18840099399449173
2019-03-15 02:39:00,0.089260329620231
2019-03-15 02:42:00,0.21767592672915725
2019-03-15 02:45:00,0.20172964461966103
2019-03-15 02:48:00,0.012639434971674746
2019-03-15 02:51:00,0.1346160270898622
2019-03-15 02:54:00,0.23148965716166003
2019-03-15 02:57:00,0.2437157549773019
2019-03-15 03:00:00,0.14514258526435242
2019-03-15 03:03:00,0.19245600870033286
2019-03-15 03:06:00,0.20302842371194174
2019-03-15 03:09:00,0.0684333990557775
2019-03-15 03:12:00,0.23269931717072723
2019-03-15 03:15:00,0.11184182818777799
2019-03-15 03:18:00,0.2841645590629014
2019-03-15 03:21:00,0.21248674295048886
2019-03-15 03:24:00,0.20514719754572752
2019-03-15 03:27:00,0.2155831259981369
2019-03-15 03:30:00,0.14786389337967876
2019-03-15 03:33:00,0.17300674737111876
2019-03-15 03:36:00,0.24073138402332006
2019-03-15 03:39:00,0.17583046795544988
2019-03-15 03:42:00,0.21789684995189873
2019-03-15 03:45:00,0.17130271369711636
2019-03-15 03:48:00,0.3503420406612463
2019-03-15 03:51:00,0.2613630714740225
2019-03-15 03:54:00,0.2879309025467478
2019-03-15 03:57:00,0.3007496797432623
2019-03-15 04:00:00,0.23100499454807277
2019-03-15 04:03:00,0.1998908559411916
2019-03-15 04:06:00,0.411665777706844
2019-03-15 04:09:00,0.29163131404277465
2019-03-15 04:12:00,0.30645792329568167
2019-03-15 04:15:00,0.22929049292559966
2019-03-15 04:18:00,0.18675615668718137
2019-03-15 04:21:00,0.20507969871317755
2019-03-15 04:24:00,0.37376109192609874
2019-03-15 04:27:00,0.2374554199766976
2019-03-15 04:30:00,0.17418047841522366
2019-03-15 04:33:00,0.2867656651563948
2019-03-15 04:36:00,0.24623985055313824
2019-03-15 04:39:00,0.27620667448451286
2019-03-15 04:42:00,0.24737406037132814
2019-03-15 04:45:00,0.36730624008475843
2019-03-15 04:48:00,0.2917613312590106
2019-03-15 04:51:00,0.37824794665954187
2019-03-15 04:54:00,0.32328272183701756
2019-03-15 04:57:00,0.1907434775080219
2019-03-15 05:00:00,0.2414875526542346
2019-03-15 05:03:00,0.14180109533396035
2019-03-15 05:06:00,0.23842464876918257
2019-03-15 05:09:00,0.24461881767251725
2019-03-15 05:12:00,0.2690916648228381
2019-03-15 05:15:00,0.14577715101682998
2019-03-15 05:18:00,0.26570109088925165
2019-03-15 05:21:00,0.19426942324497531
2019-03-15 05:24:00,0.276781091726491
2019-03-15 05:27:00,0.2677260041014051
2019-03-15 05:30:00,0.3060764212754066
2019-03-15 05:33:00,0.19711490870713533
2019-03-15 05:36:00,0.2613695186166183
2019-03-15 05:39:00,0.24645325218949665
2019-03-15 05:42:00,0.23300053544511456
2019-03-15 05:45:00,0.22124015456233792
2019-03-15 05:48:00,0.2626274059516618
2019-03-15 05:51:00,0.22210002569244125
2019-03-15 05:54:00,0.2960925669557355
2019-03-15 05:57:00,0.24963277630297398
2019-03-15 06:00:00,0.26261296687613367
2019-03-15 06:03:00,0.27290177825796036
2019-03-15 06:06:00,0.2006715008651554
2019-03-15 06:09:00,0.23945269180211426
2019-03-15 06:12:00,0.19303090115090527
2019-03-15 06:15:00,0.13860185564976746
2019-03-15 06:18:00,0.29557516784376503
2019-03-15 06:21:00,0.20573192265561602
2019-03-15 06:24:00,0.15940657824785376
2019-03-15 06:27:00,0.22856808840481335
2019-03-15 06:30:00,0.19842502371193405
2019-03-15 06:33:00,0.26307422627144206
2019-03-15 06:36:00,0.25685594880758345
2019-03-15 06:39:00,0.2736390769472905
2019-03-15 06:42:00,0.2015483009244008
2019-03-15 06:45:00,0.236265484406033
2019-03-15 06:48:00,0.23577706211693794
2019-03-15 06:51:00,0.2593397811945124
2019-03-15 06:54:00,0.32932360344221934
2019-03-15 06:57:00,0.2702141039483763
2019-03-15 07:00:00,0.18920375328031014
2019-03-15 07:03:00,0.21119145937495887
2019-03-15 07:06:00,0.2709104276120229
2019-03-15 07:09:00,0.23111224979550116
2019-03-15 07:12:00,0.21378495116090335
2019-03-15 07:15:00,0.22957535032077203
2019-03-15 07:18:00,0.16268851131047768
2019-03-15 07:21:00,0.3640605883026069
2019-03-15 07:24:00,0.286301700726483
2019-03-15 07:27:00,0.31277171163782214
2019-03-15 07:30:00,0.17138889168961668
2019-03-15 07:33:00,0.10392723157951878
2019-03-15 07:36:00,0.11592505423402599
2019-03-15 07:39:00,0.13264145712571462
2019-03-15 07:42:00,0.19436576995343557
2019-03-15 07:45:00,0.13265498787086472
2019-03-15 07:48:00,0.19630937000675885
2019-03-15 07:51:00,0.20264181840059337
2019-03-15 07:54:00,0.18397532371864145
2019-03-15 07:57:00,0.2021540594443536
2019-03-15 08:00:00,0.22654304987332807
2019-03-15 08:03:00,0.19920243428197182
2019-03-15 08:06:00,0.08009053398359356
2019-03-15 08:09:00,0.2754325745964934
2019-03-15 08:12:00,0.1358164600921441
2019-03-15 08:15:00,0.15045094524043634
2019-03-15 08:18:00,0.11616308207186421
2019-03-15 08:21:00,0.09121589352088222
2019-03-15 08:24:00,0.07971598651096201
2019-03-15 08:27:00,0.07900020888416748
2019-03-15 08:30:00,0.03694237862174532
2019-03-15 08:33:00,0.060870437664561905
2019-03-15 08:36:00,0.09780286018326478
2019-03-15 08:39:00,0.018111811206495076
2019-03-15 08:42:00,0.07561378116065498
2019-03-15 08:45:00,0.06525127107295248
2019-03-15 08:48:00,0.09511372984025002
2019-03-15 08:51:00,0.07693477862005693
2019-03-15 08:54:00,0.04555856089189092
2019-03-15 08:57:00,0.05653213133462032
2019-03-15 09:00:00,0.009378679528424527
2019-03-15 09:03:00,0.06555244811102057
2019-03-15 09:06:00,0.02430048533040008
2019-03-15 09:09:00,0.013096850739714228
2019-03-15 09:12:00,-0.0082882104707096
2019-03-15 09:15:00,-0.03729308985515445
2019-03-15 09:18:00,-0.014485935307448017
2019-03-15 09:21:00,0.09161644007451741
2019-03-15 09:24:00,-0.03842266795851401
2019-03-15 09:27:00,-0.1310425615476447
2019-03-15 09:30:00,-0.04891162927486903
2019-03-15 09:33:00,0.07031179273644739
2019-03-15 09:36:00,-0.08432836460940507
2019-03-15 09:39:00,-0.0718269541233667
2019-03-15 09:42:00,0.0012646254151036374
2019-03-15 09:45:00,-0.1359480017107444
2019-03-15 09:48:00,-0.019975806077752623
2019-03-15 09:51:00,0.01786825813496762
2019-03-15 09:54:00,-0.02484021074337761
2019-03-15 09:57:00,-0.057907380702488354
2019-03-15 10:00:00,-0.0432229109641753
2019-03-15 10:03:00,0.03736381882254136
2019-03-15 10:06:00,-0.04442138806399498
2019-03-15 10:09:00,-0.08023072290711752
2019-03-15 10:12:00,-0.0704285994924021
2019-03-15 10:15:00,-0.1932688167504466
2019-03-15 10:18:00,-0.11065877898988674
2019-03-15 10:21:00,-0.16143386356759493
2019-03-15 10:24:00,-0.14517129376491766
2019-03-15 10:27:00,-0.0797889517192516
2019-03-15 10:30:00,-0.10526727524887747
2019-03-15 10:33:00,-0.24196585545257676
2019-03-15 10:36:00,-0.07072243919128596
2019-03-15 10:39:00,-0.08946514765381153
2019-03-15 10:42:00,-0.257845907248452
2019-03-15 10:45:00,-0.22130039558334147
2019-03-15 10:48:00,-0.20232618366014776
2019-03-15 10:51:00,-0.08066527966133208
2019-03-15 10:54:00,-0.033757150311828354
2019-03-15 10:57:00,-0.1960765195356089
2019-03-15 11:00:00,-0.07428880763177403
2019-03-15 11:03:00,-0.16363040807669904
2019-03-15 11:06:00,-0.055907111619660554
2019-03-15 11:09:00,-0.14086326618144085
2019-03-15 11:12:00,-0.28276472078198367
2019-03-15 11:15:00,-0.25600348184764243
2019-03-15 11:18:00,-0.20823120260195083
2019-03-15 11:21:00,-0.25148865153903444
2019-03-15 11:24:00,-0.20114879048810508
2019-03-15 11:27:00,-0.13323351866580424
2019-03-15 11:30:00,-0.18289122941325786
2019-03-15 11:33:00,-0.14853221523947013
2019-03-15 11:36:00,-0.18712225398155624
2019-03-15 11:39:00,-0.16696302025644627
2019-03-15 11:42:00,-0.23160614284995518
2019-03-15 11:45:00,-0.18368075191062871
2019-03-15 11:48:00,-0.17527047688145103
2019-03-15 11:51:00,-0.13538233773010688
2019-03-15 11:54:00,-0.29580582653551346
2019-03-15 11:57:00,-0.12996329148251107
2019-03-15 12:00:00,-0.16667387643605025
2019-03-15 12:03:00,-0.16955257767170906
2019-03-15 12:06:00,-0.1868987331390599
2019-03-15 12:09:00,-0.18071722445978367
2019-03-15 12:12:00,-0.1284562503749953
2019-03-15 12:15:00,-0.31557730281343765
2019-03-15 12:18:00,-0.24706485182372262
2019-03-15 12:21:00,-0.2283546701937098
2019-03-15 12:24:00,-0.13627628803880043
2019-03-15 12:27:00,-0.2636559892360424
2019-03-15 12:30:00,-0.2269299827681266
2019-03-15 12:33:00,-0.3091498928611145
2019-03-15 12:36:00,-0.14977430461789254
2019-03-15 12:39:00,-0.23055593996394919
2019-03-15 12:42:00,-0.297915706944309
2019-03-15 12:45:00,-0.30651580231472053
2019-03-15 12:48:00,-0.2517419528641085
2019-03-15 12:51:00,-0.24546063620095993
2019-03-15 12:54:00,-0.25998447139193104
2019-03-15 12:57:00,-0.1826407959208609
2019-03-15 13:00:00,-0.2768742236771118
2019-03-15 13:03:00,-0.30168897395759586
2019-03-15 13:06:00,-0.30278683198469025
2019-03-15 13:09:00,-0.26806090247180236
2019-03-15 13:12:00,-0.30165076404307456
2019-03-15 13:15:00,-0.1875534774640073
2019-03-15 13:18:00,-0.27018053477553394
2019-03-15 13:21:00,-0.3638231611619176
2019-03-15 13:24:00,-0.2853808529091566
2019-03-15 13:27:00,-0.24175798850183128
2019-03-15 13:30:00,-0.09269252958910101
2019-03-15 13:33:00,-0.08151279879098183
2019-03-15 13:36:00,-0.11457687856238863
2019-03-15 13:39:00,-0.17014859562920037
2019-03-15 13:42:00,-0.18516862317483174
2019-03-15 13:45:00,-0.22989875011631966
2019-03-15 13:48:00,-0.3118374320309272
2019-03-15 13:51:00,-0.1717751597810775
2019-03-15 13:54:00,-0.1777861748071814
2019-03-15 13:57:00,-0.2744275944774017
2019-03-15 14:00:00,-0.17926519665809337
2019-03-15 14:03:00,-0.08849543918341851
2019-03-15 14:06:00,-0.10751475537557553
2019-03-15 14:09:00,-0.08748836045771213
2019-03-15 14:12:00,-0.04174114079665969
2019-03-15 14:15:00,-0.0292691056199601
2019-03-15 14:18:00,-0.07391367324260045
2019-03-15 14:21:00,-0.12292500006350338
2019-03-15 14:24:00,-0.11821838610359237
2019-03-15 14:27:00,-0.1779007868533995
2019-03-15 14:30:00,-0.3241977305922319
2019-03-15 14:33:00,-0.25189933617349425
2019-03-15 14:36:00,-0.2220456780083282
2019-03-15 14:39:00,-0.16829197983520316
2019-03-15 14:42:00,-0.1438975941962326
2019-03-15 14:45:00,-0.2267864865766569
2019-03-15 14:48:00,-0.14355749233004644
2019-03-15 14:51:00,-0.17990874981899196
2019-03-15 14:54:00,-0.1339881726722183
2019-03-15 14:57:00,-0.2280196088038906
2019-03-15 15:00:00,-0.2016331820668711
2019-03-15 15:03:00,-0.17347618546597232
2019-03-15 15:06:00,-0.24685129886631785
2019-03-15 15:09:00,-0.241287063434811
2019-03-15 15:12:00,-0.17498440407035787
2019-03-15 15:15:00,-0.1933294425157328
2019-03-15 15:18:00,-0.193838232791677
2019-03-15 15:21:00,-0.08080038638581755
2019-03-15 15:24:00,-0.1232797473266487
2019-03-15 15:27:00,-0.10583316080169425
2019-03-15 15:30:00,-0.1299180231918058
2019-03-15 15:33:00,-0.2196509825691919
2019-03-15 15:36:00,-0.3192818476143202
2019-03-15 15:39:00,-0.2969007296134123
2019-03-15 15:42:00,-0.28677305975122636
2019-03-15 15:45:00,-0.2031689948344706
2019-03-15 15:48:00,-0.1605644817474854
2019-03-15 15:51:00,-0.2805468525282322
2019-03-15 15:54:00,-0.1420323208419063
2019-03-15 15:57:00,-0.14575108054128805
2019-03-15 16:00:00,-0.2103582344377628
2019-03-15 16:03:00,-0.13394390008164692
2019-03-15 16:06:00,-0.19963530896779957
2019-03-15 16:09:00,-0.21603751150144035
2019-03-15 16:12:00,-0.16058692315311873
2019-03-15 16:15:00,-0.23276409813490773
2019-03-15 16:18:00,-0.19775337874386878
2019-03-15 16:21:00,-0.20357840270679617
2019-03-15 16:24:00,-0.2065129012186162
2019-03-15 16:27:00,-0.20751896642849488
2019-03-15 16:30:00,-0.11477445951442178
2019-03-15 16:33:00,-0.022689703985520282
2019-03-15 16:36:00,-0.11815805409440827
2019-03-15 16:39:00,-0.1312463547249081
2019-03-15 16:42:00,-0.17342384030570202
2019-03-15 16:45:00,-0.21328481859546855
2019-03-15 16:48:00,-0.24579947227010734
2019-03-15 16:51:00,-0.21001246284123454
2019-03-15 16:54:00,-0.16623594674558717
2019-03-15 16:57:00,-0.20514585240539418
2019-03-15 17:00:00,-0.11919412725296752
2019-03-15 17:03:00,-0.15910639949726146
2019-03-15 17:06:00,-0.06952360651928302
2019-03-15 17:09:00,-0.12595778227432675
2019-03-15 17:12:00,-0.10043921501551267
2019-03-15 17:15:00,-0.1331815270758625
2019-03-15 17:18:00,-0.13517416250527958
2019-03-15 17:21:00,-0.13843583704976936
2019-03-15 17:24:00,-0.09731260757212112
2019-03-15 17:27:00,-0.10302126877684259
2019-03-15 17:30:00,-0.09845158608044358
2019-03-15 17:33:00,-0.21932370818592517
2019-03-15 17:36:00,-0.175973437292555
2019-03-15 17:39:00,-0.16846681812069164
2019-03-15 17:42:00,-0.18884919302723802
2019-03-15 17:45:00,-0.08369368835224122
2019-03-15 17:48:00,-0.07595313244308954
2019-03-15 17:51:00,-0.07153228635519326
2019-03-15 17:54:00,-0.12119730832870346
2019-03-15 17:57:00,-0.13749305411482737
2019-03-15 18:00:00,-0.1578491313939594
2019-03-15 18:03:00,-0.08648148144095558
2019-03-15 18:06:00,-0.09022977422614531
2019-03-15 18:09:00,-0.004447645014636237
2019-03-15 18:12:00,0.013938140722302705
2019-03-15 18:15:00,-0.11162779116068577
2019-03-15 18:18:00,-0.07297652154460366
2019-03-15 18:21:00,-0.038431007512087945
2019-03-15 18:24:00,-0.10238180276468256
2019-03-15 18:27:00,-0.09584588416549877
2019-03-15 18:30:00,-0.07187117022425582
2019-03-15 18:33:00,-0.029805771118105895
2019-03-15 18:36:00,-0.13783960178921006
2019-03-15 18:39:00,-0.0034776797349991284
2019-03-15 18:42:00,0.014220212271027322
2019-03-15 18:45:00,0.04196405170006301
2019-03-15 18:48:00,0.02899313116989788
2019-03-15 18:51:00,-0.07431673027906527
2019-03-15 18:54:00,
2019-03-15 18:57:00,
2019-03-15 19:00:00,
2019-03-15 19:03:00,0.07125937343744226
2019-03-15 19:06:00,0.02933072725340935
2019-03-15 19:09:00,0.06531936996776722
2019-03-15 19:12:00,-0.03335971350696809
2019-03-15 19:15:00,0.0984544944306549
2019-03-15 19:18:00,0.07959184589628876
2019-03-15 19:21:00,0.03731709620461743
2019-03-15 19:24:00,0.0826587158893517
2019-03-15 19:27:00,0.04085027065156055
2019-03-15 19:30:00,0.06551871587089408
2019-03-15 19:33:00,0.0019340812167456534
2019-03-15 19:36:00,0.10850033749801469
2019-03-15 19:39:00,0.04803545625293282
2019-03-15 19:42:00,-0.012026132341304674
2019-03-15 19:45:00,-0.025705166077955255
2019-03-15 19:48:00,0.06990152962185903
2019-03-15 19:51:00,0.0848527219690709
2019-03-15 19:54:00,-0.03772287124189688
2019-03-15 19:57:00,0.04687348775638611
2019-03-15 20:00:00,0.10085192303887425
2019-03-15 20:03:00,-0.019885165939911076
2019-03-15 20:06:00,-0.018504459441828658
2019-03-15 20:09:00,0.1130517516247096
2019-03-15 20:12:00,-0.04064810525670737
2019-03-15 20:15:00,0.08766571855477423
2019-03-15 20:18:00,0.09352896561284751
2019-03-15 20:21:00,0.10675377778562734
2019-03-15 20:24:00,0.09543124182044949
2019-03-15 20:27:00,0.03843239488304562
2019-03-15 20:30:00,0.028192075156596275
2019-03-15 20:33:00,0.03510671752195549
2019-03-15 20:36:00,0.03535975880163278
2019-03-15 20:39:00,0.05111269490475934
2019-03-15 20:42:00,0.12442342229059022
2019-03-15 20:45:00,0.015392967154639337
2019-03-15 20:48:00,0.13559059238258442
2019-03-15 20:51:00,0.05258607865170006
2019-03-15 20:54:00,0.04471818274919315
2019-03-15 20:57:00,0.10861718734645365
2019-03-15 21:00:00,0.00028954114992529867
2019-03-15 21:03:00,0.15141060226153513
2019-03-15 21:06:00,0.018592297796658386
2019-03-15 21:09:00,0.09044524219990535
2019-03-15 21:12:00,0.11616888814546655
2019-03-15 21:15:00,0.0403259526502211
2019-03-15 21:18:00,0.10760749551712934
2019-03-15 21:21:00,0.037983699332585275
2019-03-15 21:24:00,0.019648989796962724
2019-03-15 21:27:00,0.0026941415494547982
2019-03-15 21:30:00,0.03461151999130152
2019-03-15 21:33:00,0.018792082947925337
2019-03-15 21:36:00,0.019012251691435722
2019-03-15 21:39:00,0.02799882650640484
2019-03-15 21:42:00,0.043448424154235
2019-03-15 21:45:00,0.03255411027453192
2019-03-15 21:48:00,0.060603266157556845
2019-03-15 21:51:00,0.07787279563092397
2019-03-15 21:54:00,0.10178321528633205
2019-03-15 21:57:00,-0.01622708471614942
2019-03-15 22:00:00,0.06711018367258248
2019-03-15 22:03:00,0.150088398641401
2019-03-15 22:06:00,0.1440204214762275
2019-03-15 22:09:00,0.17999275546645777
2019-03-15 22:12:00,0.12300797767710492
2019-03-15 22:15:00,0.16448373468472255
2019-03-15 22:18:00,0.16658611145521718
2019-03-15 22:21:00,0.15839325014923133
2019-03-15 22:24:00,0.10801325631990721
2019-03-15 22:27:00,0.12549719695181238
2019-03-15 22:30:00,0.1287857701813664
2019-03-15 22:33:00,0.09561742043092636
2019-03-15 22:36:00,0.02856221134544512
2019-03-15 22:39:00,0.14594972820827934
2019-03-15 22:42:00,0.09525438549189857
2019-03-15 22:45:00,0.11824427912932833
2019-03-15 22:48:00,0.1671806579624331
2019-03-15 22:51:00,0.03417047745426771
2019-03-15 22:54:00,0.1234804745606084
2019-03-15 22:57:00,0.059460905713365264
2019-03-15 23:00:00,0.13750662790158685
2019-03-15 23:03:00,0.22495317322750452
2019-03-15 23:06:00,0.1528258315789799
2019-03-15 23:09:00,0.11294565346832997
2019-03-15 23:12:00,0.17607236671477722
2019-03-15 23:15:00,0.21394637940124994
2019-03-15 23:18:00,0.1647420627996894
2019-03-15 23:21:00,0.2215037212072275
2019-03-15 23:24:00,0.2579084534348226
2019-03-15 23:27:00,0.19189309322598547
2019-03-15 23:30:00,0.2506076692413899
2019-03-15 23:33:00,0.1805181384561365
2019-03-15 23:36:00,0.1823511730935934
2019-03-15 23:39:00,0.2895966599445501
2019-03-15 23:42:00,0.18333819828211517
2019-03-15 23:45:00,0.1777370324478511
2019-03-15 23:48:00,0.21531294626873887
2019-03-15 23:51:00,0.19264894124796683
2019-03-15 23:54:00,0.1952059913352855
2019-03-15 23:57:00,0.25967783881611695
2019-03-16 00:00:00,0.29377247157015063
2019-03-16 00:03:00,0.21164286378746056
2019-03-16 00:06:00,0.16798794997049527
2019-03-16 00:09:00,0.19358529441950623
2019-03-16 00:12:00,0.21769099557843674
2019-03-16 00:15:00,0.2509452715815996
2019-03-16 00:18:00,0.22964223949657026
2019-03-16 00:21:00,0.16013757951026264
2019-03-16 00:24:00,0.20128694719147688
2019-03-16 00:27:00,0.1648462351016633
2019-03-16 00:30:00,0.18782270222232
2019-03-16 00:33:00,0.29052530469220983
2019-03-16 00:36:00,0.22753854351032032
2019-03-16 00:39:00,0.2248966763449971
2019-03-16 00:42:00,0.33657842141548144
2019-03-16 00:45:00,0.2503746598667931
2019-03-16 00:48:00,0.20253028696805586
2019-03-16 00:51:00,0.2109729155889113
2019-03-16 00:54:00,0.27088337367473514
2019-03-16 00:57:00,0.265700561344147
2019-03-16 01:00:00,0.20898864960980745
2019-03-16 01:03:00,0.22238322439636704
2019-03-16 01:06:00,0.24566121723478318
2019-03-16 01:09:00,0.06699406408449704
2019-03-16 01:12:00,0.24660625011614457
2019-03-16 01:15:00,0.19278988451861778
2019-03-16 01:18:00,0.11816567410011203
2019-03-16 01:21:00,0.1496650395320671
2019-03-16 01:24:00,0.2540693779154708
2019-03-16 01:27:00,0.21405592761504977
2019-03-16 01:30:00,0.06538667798918141
2019-03-16 01:33:00,0.12717147246928562
2019-03-16 01:36:00,0.1316460297169897
2019-03-16 01:39:00,0.26116363664829123
2019-03-16 01:42:00,0.20578921247022208
2019-03-16 01:45:00,0.20621946412649095
2019-03-16 01:48:00,0.26498883745722424
2019-03-16 01:51:00,0.12961356643211275
2019-03-16 01:54:00,0.2830820313963045
2019-03-16 01:57:00,0.2566436062859907
2019-03-16 02:00:00,0.30886461872040627
2019-03-16 02:03:00,0.26172588000036967
2019-03-16 02:06:00,0.208405996795193
2019-03-16 02:09:00,0.25846116128019503
2019-03-16 02:12:00,0.323169422574324
2019-03-16 02:15:00,0.19045398816899706
2019-03-16 02:18:00,0.24884698433362473
2019-03-16 02:21:00,0.13029873960761051
2019-03-16 02:24:00,0.33090506167883404
2019-03-16 02:27:00,0.2492978371890331
2019-03-16 02:30:00,0.17833147526255289
2019-03-16 02:33:00,0.11472748917753961
2019-03-16 02:36:00,0.10778674616858552
2019-03-16 02:39:00,0.3087853296549383
2019-03-16 02:42:00,0.21954938086099673
2019-03-16 02:45:00,0.15931239807707698
2019-03-16 02:48:00,0.1783080895582998
2019-03-16 02:51:00,0.22803812620117014
2019-03-16 02:54:00,0.3349404788193624
2019-03-16 02:57:00,0.22459586821804578
2019-03-16 03:00:00,0.2703346328311227
2019-03-16 03:03:00,0.29083774263818896
2019-03-16 03:06:00,0.2811767077596983
2019-03-16 03:09:00,0.29692869152336243
2019-03-16 03:12:00,0.32109568812654743
2019-03-16 03:15:00,0.2014834884132597
2019-03-16 03:18:00,0.1482931976064492
2019-03-16 03:21:00,0.24301083077631347
2019-03-16 03:24:00,0.22879851165913578
2019-03-16 03:27:00,0.25441737733848413
2019-03-16 03:30:00,0.19776713311233607
2019-03-16 03:33:00,0.2665694125643654
2019-03-16 03:36:00,0.1651784755649146
2019-03-16 03:39:00,0.24294066383799873
2019-03-16 03:42:00,0.15186959168198655
2019-03-16 03:45:00,0.1260587115922931
2019-03-16 03:48:00,0.21786525700503034
2019-03-16 03:51:00,0.2303586445776773
2019-03-16 03:54:00,0.10022166020962686
2019-03-16 03:57:00,0.05873460571206124
2019-03-16 04:00:00,0.19800086293855657
2019-03-16 04:03:00,0.18949647603591302
2019-03-16 04:06:00,0.26769381372855605
2019-03-16 04:09:00,0.2920980717659063
2019-03-16 04:12:00,0.21570752081748878
2019-03-16 04:15:00,0.1422718835636374
2019-03-16 04:18:00,0.19456636104075642
2019-03-16 04:21:00,0.2729307206694216
2019-03-16 04:24:00,0.23781824951345243
2019-03-16 04:27:00,0.18510516800938603
2019-03-16 04:30:00,0.2863356387635463
2019-03-16 04:33:00,0.1621401616717435
2019-03-16 04:36:00,0.16980035548294836
2019-03-16 04:39:00,0.1899493032469195
2019-03-16 04:42:00,0.2427242689130935
2019-03-16 04:45:00,0.1934078735128537
2019-03-16 04:48:00,0.3123725349246911
2019-03-16 04:51:00,0.2775401536623576
2019-03-16 04:54:00,0.25128182003965094
2019-03-16 04:57:00,0.23151964440717165
2019-03-16 05:00:00,0.2646901317917809
2019-03-16 05:03:00,0.2160289941496103
2019-03-16 05:06:00,0.2463033876763916
2019-03-16 05:09:00,0.23660060481012124
2019-03-16 05:12:00,0.2408839442159092
2019-03-16 05:15:00,0.24963360398686518
2019-03-16 05:18:00,0.28189988124699994
2019-03-16 05:21:00,0.13681938167331964
2019-03-16 05:24:00,0.23958052640779215
2019-03-16 05:27:00,0.24084211998342653
2019-03-16 05:30:00,0.23915054673227587
2019-03-16 05:33:00,0.2770029514690009
2019-03-16 05:36:00,0.31158398624216943
2019-03-16 05:39:00,0.19581075859287012
2019-03-16 05:42:00,0.2735554693193194
2019-03-16 05:45:00,0.17515266919673422
2019-03-16 05:48:00,0.2155930265944903
2019-03-16 05:51:00,0.25937220481250733
2019-03-16 05:54:00,0.29231984235235586
2019-03-16 05:57:00,0.2651905667577239
2019-03-16 06:00:00,0.25286488362212367
2019-03-16 06:03:00,0.2571896226527315
2019-03-16 06:06:00,0.28804899686707586
2019-03-16 06:09:00,0.3303108416819782
2019-03-16 06:12:00,0.17734509586989589
2019-03-16 06:15:00,0.21018032109293472
2019-03-16 06:18:00,0.26215361462959663
2019-03-16 06:21:00,0.3094630897297179
2019-03-16 06:24:00,0.27913157816038847
2019-03-16 06:27:00,0.2502496179456557
2019-03-16 06:30:00,0.22893380819544973
2019-03-16 06:33:00,0.15215368356911085
2019-03-16 06:36:00,0.27264852000269
2019-03-16 06:39:00,0.10408142411318977
2019-03-16 06:42:00,0.2622005902583169
2019-03-16 06:45:00,0.28807134728793926
2019-03-16 06:48:00,0.24785633318799682
2019-03-16 06:51:00,0.29264134941564635
2019-03-16 06:54:00,0.2863949250123028
2019-03-16 06:57:00,0.2522264841237529
2019-03-16 07:00:00,0.2255283164789148
2019-03-16 07:03:00,0.2539968766093921
2019-03-16 07:06:00,0.23643377203916316
2019-03-16 07:09:00,0.2131004041008282
2019-03-16 07:12:00,0.2554140083384482
2019-03-16 07:15:00,0.3060597475268878
2019-03-16 07:18:00,0.16279322066480972
2019-03-16 07:21:00,0.15156693568070523
2019-03-16 07:24:00,0.18535724698818967
2019-03-16 07:27:00,0.24329959001113366
2019-03-16 07:30:00,0.18987111427418313
2019-03-16 07:33:00,0.18060681911822485
2019-03-16 07:36:00,0.2333467545528265
2019-03-16 07:39:00,0.29230406326553293
2019-03-16 07:42:00,0.15898656858104232
2019-03-16 07:45:00,0.20656093387174224
2019-03-16 07:48:00,0.2313606957376919
2019-03-16 07:51:00,0.1700343289184616
2019-03-16 07:54:00,0.16666268780267046
2019-03-16 07:57:00,0.15870508706439068
2019-03-16 08:00:00,0.12727987730596624
2019-03-16 08:03:00,0.25046273642237793
2019-03-16 08:06:00,0.21000000631391913
2019-03-16 08:09:00,0.13794789834810217
2019-03-16 08:12:00,0.19081491480312707
2019-03-16 08:15:00,0.17001898983977526
2019-03-16 08:18:00,0.16768402679122119
2019-03-16 08:21:00,0.14079141708737097
2019-03-16 08:24:00,0.1518268907660172
2019-03-16 08:27:00,0.15631982874668893
2019-03-16 08:30:00,0.11595657288796701
2019-03-16 08:33:00,0.10338766323212667
2019-03-16 08:36:00,0.08068996931427819
2019-03-16 08:39:00,0.0436573722103617
2019-03-16 08:42:00,0.11154072464239562
2019-03-16 08:45:00,0.03536080486486526
2019-03-16 08:48:00,0.04020444236437015
2019-03-16 08:51:00,0.05587359215940069
2019-03-16 08:54:00,-0.035893661301884094
2019-03-16 08:57:00,0.07934903037323693
2019-03-16 09:00:00,0.016255662391017722
2019-03-16 09:03:00,0.08459941020316819
2019-03-16 09:06:00,0.10273991052577003
2019-03-16 09:09:00,0.05687534619852386
2019-03-16 09:12:00,0.06206001311113596
2019-03-16 09:15:00,0.07020675586505831
2019-03-16 09:18:00,0.09755856244510142
2019-03-16 09:21:00,0.027505556726850955
2019-03-16 09:24:00,0.11080195712844443
2019-03-16 09:27:00,0.09658292348166242
2019-03-16 09:30:00,0.16654814478533808
2019-03-16 09:33:00,0.14110697732650124
2019-03-16 09:36:00,0.12218664477671837
2019-03-16 09:39:00,0.023235070345720032
2019-03-16 09:42:00,0.03841974401592552
2019-03-16 09:45:00,0.10454394129322964
2019-03-16 09:48:00,0.06144260263619117
2019-03-16 09:51:00,-0.03220924592420715
2019-03-16 09:54:00,0.18531745500939678
2019-03-16 09:57:00,0.1149605430547922
2019-03-16 10:00:00,0.1798386220982593
2019-03-16 10:03:00,0.06498685760357148
2019-03-16 10:06:00,0.1767925284912053
2019-03-16 10:09:00,0.13201887627462838
2019-03-16 10:12:00,0.17109275311463534
2019-03-16 10:15:00,0.05011816410984693
2019-03-16 10:18:00,0.056915720505173795
2019-03-16 10:21:00,0.07222651879322939
2019-03-16 10:24:00,-0.014048293342455054
2019-03-16 10:27:00,0.08212916270917958
2019-03-16 10:30:00,0.07731020683706902
2019-03-16 10:33:00,0.0010626116556409215
2019-03-16 10:36:00,0.03620843658330841
2019-03-16 10:39:00,0.12449677261975012
2019-03-16 10:42:00,0.08243964050905106
2019-03-16 10:45:00,0.18107435141592987
2019-03-16 10:48:00,0.19156915541998387
2019-03-16 10:51:00,0.04667635683534854
2019-03-16 10:54:00,0.13598962759755295
2019-03-16 10:57:00,0.18609444780821605
2019-03-16 11:00:00,0.15569592930938825
2019-03-16 11:03:00,0.16116842443398127
2019-03-16 11:06:00,-0.04963724265394376
2019-03-16 11:09:00,0.04529344537900215
2019-03-16 11:12:00,0.1313950590957802
2019-03-16 11:15:00,0.05698296690201232
2019-03-16 11:18:00,0.044363911575715065
2019-03-16 11:21:00,0.05860110186659995
2019-03-16 11:24:00,-0.050042686333995334
2019-03-16 11:27:00,-0.01790966864297161
2019-03-16 11:30:00,0.06546158406899849
2019-03-16 11:33:00,0.0008039836658326749
2019-03-16 11:36:00,-0.09709894061160185
2019-03-16 11:39:00,-0.0691857272624361
2019-03-16 11:42:00,0.026854999817146563
2019-03-16 11:45:00,-0.14658288566539568
2019-03-16 11:48:00,-0.16196279061421137
2019-03-16 11:51:00,-0.09251873858863746
2019-03-16 11:54:00,-0.10542716654254036
2019-03-16 11:57:00,-0.009313186789086103
2019-03-16 12:00:00,-0.05007783733714177
2019-03-16 12:03:00,-0.03266208275789495
2019-03-16 12:06:00,-0.08602837747804415
2019-03-16 12:09:00,-0.013155329763833379
2019-03-16 12:12:00,-0.08610876247377064
2019-03-16 12:15:00,-0.1372393805748402
2019-03-16 12:18:00,-0.07034975318845227
2019-03-16 12:21:00,-0.20251182972924653
2019-03-16 12:24:00,-0.10649670749847928
2019-03-16 12:27:00,-0.12250115060993494
2019-03-16 12:30:00,-0.09682815486382879
2019-03-16 12:33:00,-0.09223005271331886
2019-03-16 12:36:00,0.07871160478816819
2019-03-16 12:39:00,-0.0872123605155366
2019-03-16 12:42:00,-0.10106038975277443
2019-03-16 12:45:00,-0.051766181063726435
2019-03-16 12:48:00,-0.17754320258944745
2019-03-16 12:51:00,-0.13860301591529378
2019-03-16 12:54:00,-0.16418824128720644
2019-03-16 12:57:00,-0.06283295114945986
2019-03-16 13:00:00,-0.16865089717117598
2019-03-16 13:03:00,-0.13522730892634627
2019-03-16 13:06:00,-0.17340175604590513
2019-03-16 13:09:00,-0.09575570137377554
2019-03-16 13:12:00,-0.2309916927156337
2019-03-16 13:15:00,-0.18831074093611733
2019-03-16 13:18:00,-0.21073932837919074
2019-03-16 13:21:00,-0.18843105104389224
2019-03-16 13:24:00,-0.19544540351654405
2019-03-16 13:27:00,-0.21425566853679356
2019-03-16 13:30:00,-0.29449592077668285
2019-03-16 13:33:00,-0.15114673964109215
2019-03-16 13:36:00,-0.11122302857040722
2019-03-16 13:39:00,-0.14307493234775848
2019-03-16 13:42:00,-0.13924350270957575
2019-03-16 13:45:00,-0.13479444594207735
2019-03-16 13:48:00,-0.2833892292591145
2019-03-16 13:51:00,-0.23880276338593376
2019-03-16 13:54:00,-0.2882191080894927
2019-03-16 13:57:00,-0.2756191987647867
2019-03-16 14:00:00,-0.27569077952347243
2019-03-16 14:03:00,-0.3523114416469184
2019-03-16 14:06:00,-0.3238660843532557
2019-03-16 14:09:00,-0.35333750792841556
2019-03-16 14:12:00,-0.2931465206133339
2019-03-16 14:15:00,-0.3467327452441964
2019-03-16 14:18:00,-0.2660674240817116
2019-03-16 14:21:00,-0.3929022089913019
2019-03-16 14:24:00,-0.4020429990586649
2019-03-16 14:27:00,-0.36652315070108443
2019-03-16 14:30:00,-0.42524078229172346
2019-03-16 14:33:00,-0.4002718870099784
2019-03-16 14:36:00,-0.38080983446553773
2019-03-16 14:39:00,-0.30176889435483645
2019-03-16 14:42:00,-0.37274590213979764
2019-03-16 14:45:00,-0.3447703393483721
2019-03-16 14:48:00,-0.4277586250584591
2019-03-16 14:51:00,-0.3181351465916009
2019-03-16 14:54:00,-0.3485255177930071
2019-03-16 14:57:00,-0.34135721084618353
2019-03-16 15:00:00,-0.3480536062961619
2019-03-16 15:03:00,-0.2417929710213116
2019-03-16 15:06:00,-0.18852149999048606
2019-03-16 15:09:00,-0.19718758420503946
2019-03-16 15:12:00,-0.21007967259578209
2019-03-16 15:15:00,-0.25567196331166997
2019-03-16 15:18:00,-0.24238926544398964
2019-03-16 15:21:00,-0.18153220592427033
2019-03-16 15:24:00,-0.25820336525185894
2019-03-16 15:27:00,-0.21039901911626657
2019-03-16 15:30:00,-0.34655904751275557
2019-03-16 15:33:00,-0.29662089445901074
2019-03-16 15:36:00,-0.30422251454029947
2019-03-16 15:39:00,-0.2605048652440587
2019-03-16 15:42:00,-0.4030621503875409
2019-03-16 15:45:00,-0.35117698796187824
2019-03-16 15:48:00,-0.4029955280867057
2019-03-16 15:51:00,-0.33482843793996153
2019-03-16 15:54:00,-0.35200255371387357
2019-03-16 15:57:00,-0.3571607642187473
2019-03-16 16:00:00,-0.30687555101206954
2019-03-16 16:03:00,-0.329917282379256
2019-03-16 16:06:00,-0.34424212464546144
2019-03-16 16:09:00,-0.2763983297567165
2019-03-16 16:12:00,-0.3402630748304887
2019-03-16 16:15:00,-0.2982335894067205
2019-03-16 16:18:00,-0.3507671806242456
2019-03-16 16:21:00,-0.36708086346965274
2019-03-16 16:24:00,-0.233697800501659
2019-03-16 16:27:00,-0.3267164965847087
2019-03-16 16:30:00,-0.2606930376802552
2019-03-16 16:33:00,-0.37799501546334113
2019-03-16 16:36:00,-0.3327881175378593
2019-03-16 16:39:00,-0.19283288872298954
2019-03-16 16:42:00,-0.29414186788949337
2019-03-16 16:45:00,-0.3369417915327517
2019-03-16 16:48:00,-0.28313734765720255
2019-03-16 16:51:00,-0.29290158131829
2019-03-16 16:54:00,-0.3591262494256853
2019-03-16 16:57:00,-0.21828121774854026
2019-03-16 17:00:00,-0.18765502571739034
2019-03-16 17:03:00,-0.293343290537905
2019-03-16 17:06:00,-0.264688129344961
2019-03-16 17:09:00,-0.2522645707917377
2019-03-16 17:12:00,-0.33550321456988286
2019-03-16 17:15:00,-0.24087857781455568
2019-03-16 17:18:00,-0.2621052487679094
2019-03-16 17:21:00,-0.25365043634070616
2019-03-16 17:24:00,-0.24477893189788347
2019-03-16 17:27:00,-0.18253352224451191
2019-03-16 17:30:00,-0.19412759110139177
2019-03-16 17:33:00,-0.21116682944642662
2019-03-16 17:36:00,-0.038318167228624134
2019-03-16 17:39:00,-0.15416266063499506
2019-03-16 17:42:00,-0.1832113963522488
2019-03-16 17:45:00,-0.08894083553883547
2019-03-16 17:48:00,-0.134801979565907
2019-03-16 17:51:00,-0.0822054985060845
2019-03-16 17:54:00,-0.20583791381386618
2019-03-16 17:57:00,-0.1247831564861599
2019-03-16 18:00:00,-0.09039831326191461
2019-03-16 18:03:00,-0.13685290322649735
2019-03-16 18:06:00,-0.08964523021711557
2019-03-16 18:09:00,-0.05860201189801728
2019-03-16 18:12:00,-0.08219660477340085
2019-03-16 18:15:00,-0.15816440566021583
2019-03-16 18:18:00,-0.062412182272112204
2019-03-16 18:21:00,-0.12048078270106544
2019-03-16 18:24:00,-0.1827974315648362
2019-03-16 18:27:00,-0.1055808172069419
2019-03-16 18:30:00,-0.1420128086702448
2019-03-16 18:33:00,-0.05342910479174634
2019-03-16 18:36:00,-0.045310648739302906
2019-03-16 18:39:00,0.005403409064854259
2019-03-16 18:42:00,-0.09975246706102325
2019-03-16 18:45:00,-0.03660921199821132
2019-03-16 18:48:00,-0.16929524377712823
2019-03-16 18:51:00,-0.0330797429723475
2019-03-16 18:54:00,-0.026334419721138147
2019-03-16 18:57:00,-0.053693395033178604
2019-03-16 19:00:00,0.08261202178874782
2019-03-16 19:03:00,-0.035756283767739205
2019-03-16 19:06:00,0.09766187406944482
2019-03-16 19:09:00,0.01387270858924694
2019-03-16 19:12:00,-0.023865444495299926
2019-03-16 19:15:00,0.007335748282855548
2019-03-16 19:18:00,0.05728504251914046
2019-03-16 19:21:00,0.03250246175991833
2019-03-16 19:24:00,-0.006243888304993561
2019-03-16 19:27:00,-0.00797209280824518
2019-03-16 19:30:00,0.07019257963293057
2019-03-16 19:33:00,0.05972839348089565
2019-03-16 19:36:00,0.010732145298163687
2019-03-16 19:39:00,-0.04946815654847114
2019-03-16 19:42:00,0.08227918104643095
2019-03-16 19:45:00,0.021817843226074274
2019-03-16 19:48:00,0.09614074087892277
2019-03-16 19:51:00,-0.0032849595413040333
2019-03-16 19:54:00,-0.0841471603432069
2019-03-16 19:57:00,0.022253728685825536
2019-03-16 20:00:00,-0.03867212316822588
2019-03-16 20:03:00,-0.020809584643814105
2019-03-16 20:06:00,-0.059174042965310036
2019-03-16 20:09:00,-0.06943868342847281
2019-03-16 20:12:00,0.021444075356612302
2019-03-16 20:15:00,-0.03153321975048584
2019-03-16 20:18:00,0.011713514969471817
2019-03-16 20:21:00,-0.010656049149588398
2019-03-16 20:24:00,0.0335610632200769
2019-03-16 20:27:00,-0.01608718658297903
2019-03-16 20:30:00,-0.07833085297545495
2019-03-16 20:33:00,0.03971398065215226
2019-03-16 20:36:00,0.1308789405639459
2019-03-16 20:39:00,0.1140380275702455
2019-03-16 20:42:00,0.07320479619301068
2019-03-16 20:45:00,0.022072722026678093
2019-03-16 20:48:00,0.020336193198318142
2019-03-16 20:51:00,-0.14249597211613718
2019-03-16 20:54:00,0.03481120322027209
2019-03-16 20:57:00,-0.03490608360630176
2019-03-16 21:00:00,0.0916580428104794
2019-03-16 21:03:00,-0.03985610134145645
2019-03-16 21:06:00,0.015097683771898573
2019-03-16 21:09:00,-0.007409612007222677
2019-03-16 21:12:00,-0.06459445795235297
2019-03-16 21:15:00,-0.04281122188882591
2019-03-16 21:18:00,-0.08033064302964021
2019-03-16 21:21:00,-0.04404555457239212
2019-03-16 21:24:00,0.046992891413140114
2019-03-16 21:27:00,0.024046125800964546
2019-03-16 21:30:00,0.03004142975146351
2019-03-16 21:33:00,0.03741973332756743
2019-03-16 21:36:00,0.03623974442444933
2019-03-16 21:39:00,-0.02040857744685809
2019-03-16 21:42:00,0.10466401091713351
2019-03-16 21:45:00,0.059308193349863814
2019-03-16 21:48:00,0.01801231236646572
2019-03-16 21:51:00,0.13262970223399861
2019-03-16 21:54:00,0.06732883284666968
2019-03-16 21:57:00,-0.01385304601842563
2019-03-16 22:00:00,0.06477896078126832
2019-03-16 22:03:00,0.006666080609818437
2019-03-16 22:06:00,0.13431495738677768
2019-03-16 22:09:00,0.11428260121653011
2019-03-16 22:12:00,0.07827239723803814
2019-03-16 22:15:00,0.08917832065685616
2019-03-16 22:18:00,0.19335448649985665
2019-03-16 22:21:00,0.1510531632766856
2019-03-16 22:24:00,0.09096195653847872
2019-03-16 22:27:00,0.18213117669995427
2019-03-16 22:30:00,0.14899893143655163
2019-03-16 22:33:00,0.27976992691878877
2019-03-16 22:36:00,0.2649377035720022
2019-03-16 22:39:00,0.15886779362358538
2019-03-16 22:42:00,0.11888522110302802
2019-03-16 22:45:00,0.21047397123351175
2019-03-16 22:48:00,0.16251795328770413
2019-03-16 22:51:00,0.20437175306403788
2019-03-16 22:54:00,0.17864023866940215
2019-03-16 22:57:00,0.10066382932802753
2019-03-16 23:00:00,0.21696741307931688
2019-03-16 23:03:00,0.11800425710868012
2019-03-16 23:06:00,0.15707895532187877
2019-03-16 23:09:00,0.19771217216094783
2019-03-16 23:12:00,0.0958756209549847
2019-03-16 23:15:00,0.13628921360879076
2019-03-16 23:18:00,0.04562225785826968
2019-03-16 23:21:00,0.13944688993944965
2019-03-16 23:24:00,0.17974809400226377
2019-03-16 23:27:00,0.11224778638103317
2019-03-16 23:30:00,0.1664375494746082
2019-03-16 23:33:00,0.07724753839158893
2019-03-16 23:36:00,0.058300100676319744
2019-03-16 23:39:00,0.1880278830525981
2019-03-16 23:42:00,0.10253623463205486
2019-03-16 23:45:00,0.14610988244629652
2019-03-16 23:48:00,0.1234849233083537
2019-03-16 23:51:00,0.19601254744196694
2019-03-16 23:54:00,0.16092466838102837
2019-03-16 23:57:00,0.13298475172916824
2019-03-17 00:00:00,0.19903088182826423
2019-03-17 00:03:00,0.11234676520905396
2019-03-17 00:06:00,0.16856764847614158
2019-03-17 00:09:00,0.09108852051986105
2019-03-17 00:12:00,0.09676270355515726
2019-03-17 00:15:00,0.19086792984069234
2019-03-17 00:18:00,0.18466464959766427
2019-03-17 00:21:00,0.1641942828346714
2019-03-17 00:24:00,0.17629041110512844
2019-03-17 00:27:00,0.09222639399609989
2019-03-17 00:30:00,0.18198814578244082
2019-03-17 00:33:00,0.15111569923749357
2019-03-17 00:36:00,0.11810431236546037
2019-03-17 00:39:00,0.15969310824704053
2019-03-17 00:42:00,0.14376773092277517
2019-03-17 00:45:00,0.1471618721002983
2019-03-17 00:48:00,0.12391904951726929
2019-03-17 00:51:00,0.0783192404992974
2019-03-17 00:54:00,0.16695687383258928
2019-03-17 00:57:00,0.029517186053737987
2019-03-17 01:00:00,0.22320591885875274
2019-03-17 01:03:00,0.15941504157791542
2019-03-17 01:06:00,0.12546281559212957
2019-03-17 01:09:00,0.113065828929507
2019-03-17 01:12:00,0.09779422494938217
2019-03-17 01:15:00,0.21776017586398666
2019-03-17 01:18:00,0.12970680863560347
2019-03-17 01:21:00,0.17146706996055627
2019-03-17 01:24:00,0.11157954540016135
2019-03-17 01:27:00,0.12989349608869816
2019-03-17 01:30:00,0.08402643666374843
2019-03-17 01:33:00,0.1333822362482806
2019-03-17 01:36:00,0.1969905342644438
2019-03-17 01:39:00,0.09674723709150612
2019-03-17 01:42:00,0.2345308535855679
2019-03-17 01:45:00,0.19636988180099024
2019-03-17 01:48:00,0.20797330237263623
2019-03-17 01:51:00,0.2435130657793252
2019-03-17 01:54:00,0.19091610262000813
2019-03-17 01:57:00,0.12867239147266218
2019-03-17 02:00:00,0.08436640517010119
2019-03-17 02:03:00,0.2021670522799468
2019-03-17 02:06:00,0.18905394160964306
2019-03-17 02:09:00,0.2846014622458597
2019-03-17 02:12:00,0.231160084245289
2019-03-17 02:15:00,0.2554445015184683
2019-03-17 02:18:00,0.06987674380042108
2019-03-17 02:21:00,0.24624853644985478
2019-03-17 02:24:00,0.12446687720182581
2019-03-17 02:27:00,0.16719659389229946
2019-03-17 02:30:00,0.08782536063779389
2019-03-17 02:33:00,0.2587974806299371
2019-03-17 02:36:00,0.22903427149623212
2019-03-17 02:39:00,0.11723635984452585
2019-03-17 02:42:00,0.2534663014067746
2019-03-17 02:45:00,0.13021448276299452
2019-03-17 02:48:00,0.17018541949499877
2019-03-17 02:51:00,0.18427575703702814
2019-03-17 02:54:00,0.24773208411380665
2019-03-17 02:57:00,0.17865437950422347
2019-03-17 03:00:00,0.2422807056639158
2019-03-17 03:03:00,0.12153015964935321
2019-03-17 03:06:00,0.1277803972893139
2019-03-17 03:09:00,0.2754532598839887
2019-03-17 03:12:00,0.18078197734342893
2019-03-17 03:15:00,0.16166212033630245
2019-03-17 03:18:00,0.2595297768169189
2019-03-17 03:21:00,0.21282586424865713
2019-03-17 03:24:00,0.22812118951355842
2019-03-17 03:27:00,0.20269652900975643
2019-03-17 03:30:00,0.21946084301742985
2019-03-17 03:33:00,0.19072165453599155
2019-03-17 03:36:00,0.2504140331897702
2019-03-17 03:39:00,0.24686361869243
2019-03-17 03:42:00,0.27311734829550005
2019-03-17 03:45:00,0.3748446205581786
2019-03-17 03:48:00,0.24058128306415938
2019-03-17 03:51:00,0.29057566963842874
2019-03-17 03:54:00,0.35467593938642494
2019-03-17 03:57:00,0.13368666143060182
2019-03-17 04:00:00,0.19966565924318047
2019-03-17 04:03:00,0.21948721289959394
2019-03-17 04:06:00,0.21183648043700032
2019-03-17 04:09:00,0.2264181162480554
2019-03-17 04:12:00,0.13165561899222666
2019-03-17 04:15:00,0.2653469341838104
2019-03-17 04:18:00,0.26203016138651947
2019-03-17 04:21:00,0.4451014442578298
2019-03-17 04:24:00,0.3521728791891974
2019-03-17 04:27:00,0.3439145592136583
2019-03-17 04:30:00,0.26272169945315227
2019-03-17 04:33:00,0.30467437393502905
2019-03-17 04:36:00,0.23966532582113587
2019-03-17 04:39:00,0.18824461721715124
2019-03-17 04:42:00,0.2660182142604981
2019-03-17 04:45:00,0.19261306990034655
2019-03-17 04:48:00,0.24578011856561943
2019-03-17 04:51:00,0.23166132947676488
2019-03-17 04:54:00,0.24950212100458202
2019-03-17 04:57:00,0.2379515055457091
2019-03-17 05:00:00,0.31884359549621877
2019-03-17 05:03:00,0.17235436622297584
2019-03-17 05:06:00,0.18355740533132803
2019-03-17 05:09:00,0.3225266832387206
2019-03-17 05:12:00,0.20701149824401455
2019-03-17 05:15:00,0.23364985863594256
2019-03-17 05:18:00,0.24223632287686314
2019-03-17 05:21:00,0.26964477603917203
2019-03-17 05:24:00,0.24739266090938372
2019-03-17 05:27:00,0.1634735018212723
2019-03-17 05:30:00,0.1985550621673724
2019-03-17 05:33:00,0.180930330389117
2019-03-17 05:36:00,0.3411202502267088
2019-03-17 05:39:00,0.2485196914345238
2019-03-17 05:42:00,0.17573590286303897
2019-03-17 05:45:00,0.21384593721813872
2019-03-17 05:48:00,0.15386190609586947
2019-03-17 05:51:00,0.24107275172406162
2019-03-17 05:54:00,0.2543312022714872
2019-03-17 05:57:00,0.22541137581168869
2019-03-17 06:00:00,0.13824642344582116
2019-03-17 06:03:00,0.2002010024987726
2019-03-17 06:06:00,0.19678068586000563
2019-03-17 06:09:00,0.15444883702565448
2019-03-17 06:12:00,0.19440804497065756
2019-03-17 06:15:00,0.11744308510714063
2019-03-17 06:18:00,0.2564554783991184
2019-03-17 06:21:00,0.0997207521652399
2019-03-17 06:24:00,0.22201842281248219
2019-03-17 06:27:00,0.15823100284353586
2019-03-17 06:30:00,0.21293290641989415
2019-03-17 06:33:00,0.195095111618798
2019-03-17 06:36:00,0.3046023492560721
2019-03-17 06:39:00,0.2031031847112672
2019-03-17 06:42:00,0.2244232690927106
2019-03-17 06:45:00,0.1637829630345209
2019-03-17 06:48:00,0.14744594612795936
2019-03-17 06:51:00,0.21409465595411348
2019-03-17 06:54:00,0.23832327881467563
2019-03-17 06:57:00,0.296810325443289
2019-03-17 07:00:00,0.1636771536290098
2019-03-17 07:03:00,0.2683797300931019
2019-03-17 07:06:00,0.3002602385309956
2019-03-17 07:09:00,0.24390745892173982
2019-03-17 07:12:00,0.15962112783603288
2019-03-17 07:15:00,0.18875440185968273
2019-03-17 07:18:00,0.1898848025629718
2019-03-17 07:21:00,0.2594757242911214
2019-03-17 07:24:00,0.20918560074426296
2019-03-17 07:27:00,0.2069963123155958
2019-03-17 07:30:00,0.1773678797836169
2019-03-17 07:33:00,0.21682738463192663
2019-03-17 07:36:00,0.24671744282301233
2019-03-17 07:39:00,0.224815580797042
2019-03-17 07:42:00,0.21982997110939095
2019-03-17 07:45:00,0.14134293709912527
2019-03-17 07:48:00,0.06547158049272639
2019-03-17 07:51:00,0.12009148758232868
2019-03-17 07:54:00,0.07712335753916477
2019-03-17 07:57:00,0.08958058700045513
2019-03-17 08:00:00,0.09245646692369291
2019-03-17 08:03:00,0.22989719650087181
2019-03-17 08:06:00,0.20737456178056846
2019-03-17 08:09:00,0.1927490112748842
2019-03-17 08:12:00,0.15543537013206787
2019-03-17 08:15:00,0.26282754056393287
2019-03-17 08:18:00,0.18843169643889723
2019-03-17 08:21:00,0.14769770681721184
2019-03-17 08:24:00,0.23223087822151456
2019-03-17 08:27:00,0.16907225687555183
2019-03-17 08:30:00,0.18805525410920154
2019-03-17 08:33:00,0.15821763037502024
2019-03-17 08:36:00,0.19568686467147245
2019-03-17 08:39:00,0.1909852507315577
2019-03-17 08:42:00,0.15408651973564247
2019-03-17 08:45:00,0.1600031031964022
2019-03-17 08:48:00,0.10301162731275326
2019-03-17 08:51:00,0.13024751868903195
2019-03-17 08:54:00,0.09646885015519047
2019-03-17 08:57:00,0.08822565802148574
2019-03-17 09:00:00,0.06822836021240164
2019-03-17 09:03:00,0.13756600630625826
2019-03-17 09:06:00,-0.008229999650666286
2019-03-17 09:09:00,0.12098534100164215
2019-03-17 09:12:00,-0.030322642062230898
2019-03-17 09:15:00,0.03281925301297406
2019-03-17 09:18:00,-0.027199718926567584
2019-03-17 09:21:00,-0.05265969996116837
2019-03-17 09:24:00,0.09729230323074489
2019-03-17 09:27:00,-0.12620515177076186
2019-03-17 09:30:00,-0.0760253171862928
2019-03-17 09:33:00,-0.0405236127455737
2019-03-17 09:36:00,-0.013954893266941326
2019-03-17 09:39:00,-0.003847274058102812
2019-03-17 09:42:00,-0.18169048384567077
2019-03-17 09:45:00,-0.11242719044400928
2019-03-17 09:48:00,-0.09699499952614588
2019-03-17 09:51:00,0.010912003328257924
2019-03-17 09:54:00,-0.09657956124289058
2019-03-17 09:57:00,-0.09855810088475891
2019-03-17 10:00:00,-0.04488637247072802
2019-03-17 10:03:00,-0.07147899524522927
2019-03-17 10:06:00,-0.042274580281969065
2019-03-17 10:09:00,-0.03784676460168157
2019-03-17 10:12:00,-0.015368438100551884
2019-03-17 10:15:00,-0.027660088036213892
2019-03-17 10:18:00,0.020274263303576845
2019-03-17 10:21:00,-0.11907577238986278
2019-03-17 10:24:00,-0.04171525348556315
2019-03-17 10:27:00,-0.0518576884196591
2019-03-17 10:30:00,-0.08998578080735342
2019-03-17 10:33:00,-0.06479912947258981
2019-03-17 10:36:00,-0.13336536114820774
2019-03-17 10:39:00,-0.12658684527889363
2019-03-17 10:42:00,-0.04782237811105006
2019-03-17 10:45:00,-0.21599718180857508
2019-03-17 10:48:00,-0.20269969794259168
2019-03-17 10:51:00,-0.17746204217070272
2019-03-17 10:54:00,-0.07940701955169516
2019-03-17 10:57:00,-0.15191986149619652
2019-03-17 11:00:00,-0.14706146426124178
2019-03-17 11:03:00,-0.17310150740689778
2019-03-17 11:06:00,-0.22656798750097096
2019-03-17 11:09:00,-0.17434554692522397
2019-03-17 11:12:00,-0.12990882733197395
2019-03-17 11:15:00,-0.15326852524520973
2019-03-17 11:18:00,-0.1798005332365733
2019-03-17 11:21:00,-0.1959236782167295
2019-03-17 11:24:00,-0.2425845278303882
2019-03-17 11:27:00,-0.19160333798527063
2019-03-17 11:30:00,-0.2533492553905603
2019-03-17 11:33:00,-0.29763238793748314
2019-03-17 11:36:00,-0.21318268414177055
2019-03-17 11:39:00,-0.2947996977011371
2019-03-17 11:42:00,-0.2594902482533712
2019-03-17 11:45:00,-0.28982817976316255
2019-03-17 11:48:00,-0.11983544264637658
2019-03-17 11:51:00,-0.17000032182534142
2019-03-17 11:54:00,-0.19233945464884528
2019-03-17 11:57:00,-0.30201860311007067
2019-03-17 12:00:00,-0.2835141475005116
2019-03-17 12:03:00,-0.19030374664038163
2019-03-17 12:06:00,-0.2708359479190108
2019-03-17 12:09:00,-0.19117647191689002
2019-03-17 12:12:00,-0.24654278607192737
2019-03-17 12:15:00,-0.1615261964807928
2019-03-17 12:18:00,-0.18781916956010036
2019-03-17 12:21:00,-0.23215982592358841
2019-03-17 12:24:00,-0.26826080786423745
2019-03-17 12:27:00,-0.19988357596690776
2019-03-17 12:30:00,-0.24823589589919948
2019-03-17 12:33:00,-0.26628038706434154
2019-03-17 12:36:00,-0.399962406543068
2019-03-17 12:39:00,-0.31176672779918135
2019-03-17 12:42:00,-0.3041015269810714
2019-03-17 12:45:00,-0.39765450802804025
2019-03-17 12:48:00,-0.3471999850351608
2019-03-17 12:51:00,-0.24810232260040266
2019-03-17 12:54:00,-0.4088050102951115
2019-03-17 12:57:00,-0.37136320040019655
2019-03-17 13:00:00,-0.31879622705861266
2019-03-17 13:03:00,-0.2909321185312592
2019-03-17 13:06:00,-0.4136632030034093
2019-03-17 13:09:00,-0.2927438792189605
2019-03-17 13:12:00,-0.3433585533247765
2019-03-17 13:15:00,-0.2713759272173206
2019-03-17 13:18:00,-0.28194646142674173
2019-03-17 13:21:00,-0.39959159764089236
2019-03-17 13:24:00,-0.23221750092619686
2019-03-17 13:27:00,-0.3289687785819524
2019-03-17 13:30:00,-0.1852387930721875
2019-03-17 13:33:00,-0.24740753077918498
2019-03-17 13:36:00,-0.25660511464309366
2019-03-17 13:39:00,-0.2493923661008921
2019-03-17 13:42:00,-0.31466622344748885
2019-03-17 13:45:00,-0.26053706938483856
2019-03-17 13:48:00,-0.2917245057383866
2019-03-17 13:51:00,-0.2690210430575348
2019-03-17 13:54:00,-0.25847347454015335
2019-03-17 13:57:00,-0.27534921630905274
2019-03-17 14:00:00,-0.2539377835685741
2019-03-17 14:03:00,-0.2869357052742316
2019-03-17 14:06:00,-0.11554508908909611
2019-03-17 14:09:00,-0.20703536509347487
2019-03-17 14:12:00,-0.1614422068188901
2019-03-17 14:15:00,-0.30599182348225895
2019-03-17 14:18:00,-0.27770175568190325
2019-03-17 14:21:00,-0.3893000864673013
2019-03-17 14:24:00,-0.35780733968454115
2019-03-17 14:27:00,-0.3802380109175374
2019-03-17 14:30:00,-0.4055256787447661
2019-03-17 14:33:00,-0.2503824755293067
2019-03-17 14:36:00,-0.2838326342410369
2019-03-17 14:39:00,-0.4378701349129983
2019-03-17 14:42:00,-0.3868914149925331
2019-03-17 14:45:00,-0.2551629368545605
2019-03-17 14:48:00,-0.3449833354985685
2019-03-17 14:51:00,-0.3240746770450187
2019-03-17 14:54:00,-0.3118377818604472
2019-03-17 14:57:00,-0.2140976627783857
2019-03-17 15:00:00,-0.3096800225776519
2019-03-17 15:03:00,-0.23192339679184215
2019-03-17 15:06:00,-0.22954098364743913
2019-03-17 15:09:00,-0.2779614387457059
2019-03-17 15:12:00,-0.20712852028424322
2019-03-17 15:15:00,-0.2068989673372812
2019-03-17 15:18:00,-0.20658617254377987
2019-03-17 15:21:00,-0.2979321312241723
2019-03-17 15:24:00,-0.3179953717712465
2019-03-17 15:27:00,-0.368927028555845
2019-03-17 15:30:00,-0.3779873627894972
2019-03-17 15:33:00,-0.40429406609564467
2019-03-17 15:36:00,-0.28910923446244396
2019-03-17 15:39:00,-0.3294912974156432
2019-03-17 15:42:00,-0.3472684841452178
2019-03-17 15:45:00,-0.2849360543703483
2019-03-17 15:48:00,-0.17260635098506327
2019-03-17 15:51:00,-0.33420780951826146
2019-03-17 15:54:00,-0.3816929249383634
2019-03-17 15:57:00,-0.41888006674611233
2019-03-17 16:00:00,-0.3943244846811922
2019-03-17 16:03:00,-0.31577363539162207
2019-03-17 16:06:00,-0.30664325031102635
2019-03-17 16:09:00,-0.45414668637550903
2019-03-17 16:12:00,-0.45376373171160367
2019-03-17 16:15:00,-0.4640909255261363
2019-03-17 16:18:00,-0.3929343744926541
2019-03-17 16:21:00,-0.3437183302839344
2019-03-17 16:24:00,-0.3909192297224422
2019-03-17 16:27:00,-0.42601414355925726
2019-03-17 16:30:00,-0.328351084682879
2019-03-17 16:33:00,-0.33069492592346705
2019-03-17 16:36:00,-0.2861013424142129
2019-03-17 16:39:00,-0.40042498609301447
2019-03-17 16:42:00,-0.27282973224191664
2019-03-17 16:45:00,-0.16550496906211265
2019-03-17 16:48:00,-0.24460823145125232
2019-03-17 16:51:00,-0.20770426837520972
2019-03-17 16:54:00,-0.261587910796095
2019-03-17 16:57:00,-0.3642381177734251
2019-03-17 17:00:00,-0.3044589775812483
2019-03-17 17:03:00,-0.2884574639508628
2019-03-17 17:06:00,-0.2399395410130296
2019-03-17 17:09:00,-0.22574722380016965
2019-03-17 17:12:00,-0.2006753606882512
2019-03-17 17:15:00,-0.18475044664893403
2019-03-17 17:18:00,-0.24749290205971874
2019-03-17 17:21:00,-0.23065775058074678
2019-03-17 17:24:00,-0.22811983119896695
2019-03-17 17:27:00,-0.26258545370177444
2019-03-17 17:30:00,-0.25085571739526813
2019-03-17 17:33:00,-0.32075366637246816
2019-03-17 17:36:00,-0.21308750457671977
2019-03-17 17:39:00,-0.2844452612777104
2019-03-17 17:42:00,-0.18498165900075492
2019-03-17 17:45:00,-0.2850067628550619
2019-03-17 17:48:00,-0.22599227911268827
2019-03-17 17:51:00,-0.17346638117123803
2019-03-17 17:54:00,-0.29968339092994256
2019-03-17 17:57:00,-0.21976261540294217
2019-03-17 18:00:00,-0.23599932186124306
2019-03-17 18:03:00,-0.10010395664380667
2019-03-17 18:06:00,-0.05070462605533521
2019-03-17 18:09:00,-0.14964006759913673
2019-03-17 18:12:00,-0.17907062743790902
2019-03-17 18:15:00,-0.19240784473743133
2019-03-17 18:18:00,-0.06442618535504607
2019-03-17 18:21:00,-0.11646182209449307
2019-03-17 18:24:00,-0.06515315100347152
2019-03-17 18:27:00,-0.008090290190978067
2019-03-17 18:30:00,-0.06291319438389564
2019-03-17 18:33:00,0.01686163921942807
2019-03-17 18:36:00,-0.005423918064309419
2019-03-17 18:39:00,-0.04093501329555238
2019-03-17 18:42:00,-0.11296297720241455
2019-03-17 18:45:00,-0.010109361935064953
2019-03-17 18:48:00,-0.06228976849746459
2019-03-17 18:51:00,-0.03738126494374683
2019-03-17 18:54:00,9.609490615503091e-05
2019-03-17 18:57:00,-0.08210902743417137
2019-03-17 19:00:00,-0.043574178124060836
2019-03-17 19:03:00,-0.039130826519908624
2019-03-17 19:06:00,-0.021322449370984486
2019-03-17 19:09:00,-0.0387900974348554
2019-03-17 19:12:00,-0.041785018407495045
2019-03-17 19:15:00,-0.0853818710039036
2019-03-17 19:18:00,-0.0377182836771226
2019-03-17 19:21:00,-0.03179574915276362
2019-03-17 19:24:00,0.03715302197423398
2019-03-17 19:27:00,-0.07151317587664607
2019-03-17 19:30:00,0.09178233216323406
2019-03-17 19:33:00,0.08993346945084113
2019-03-17 19:36:00,0.047079068002119584
2019-03-17 19:39:00,-0.021321258783530084
2019-03-17 19:42:00,-0.037532423664401904
2019-03-17 19:45:00,0.03582444310535493
2019-03-17 19:48:00,-0.006378121893703792
2019-03-17 19:51:00,0.014502033847975326
2019-03-17 19:54:00,-0.03569948442475379
2019-03-17 19:57:00,0.019739152328668297
2019-03-17 20:00:00,-0.028146809128259065
2019-03-17 20:03:00,0.04481670287975703
2019-03-17 20:06:00,0.10556247326036328
2019-03-17 20:09:00,-0.03259462589392115
2019-03-17 20:12:00,0.06566004574517592
2019-03-17 20:15:00,0.007772286785666438
2019-03-17 20:18:00,-0.01925580965996687
2019-03-17 20:21:00,0.09581532513175262
2019-03-17 20:24:00,-0.020452198224575113
2019-03-17 20:27:00,0.04676794469600054
2019-03-17 20:30:00,-0.03644829977497466
2019-03-17 20:33:00,0.006216282014122498
2019-03-17 20:36:00,0.019551869584006454
2019-03-17 20:39:00,-0.02241911136860608
2019-03-17 20:42:00,-0.03651513382817484
2019-03-17 20:45:00,0.023376996468471134
2019-03-17 20:48:00,0.036726331019622194
2019-03-17 20:51:00,0.043494401038174146
2019-03-17 20:54:00,0.09332079465508514
2019-03-17 20:57:00,0.20063749836828038
2019-03-17 21:00:00,0.12748022295846795
2019-03-17 21:03:00,0.148207930203057
2019-03-17 21:06:00,0.093456380206419
2019-03-17 21:09:00,0.12479463092410015
2019-03-17 21:12:00,0.11900619435880344
2019-03-17 21:15:00,0.2308889754408483
2019-03-17 21:18:00,0.13287738702285878
2019-03-17 21:21:00,0.1432310928389029
2019-03-17 21:24:00,0.12821188724791455
2019-03-17 21:27:00,0.1480962382548796
2019-03-17 21:30:00,0.16531855125930406
2019-03-17 21:33:00,0.13186222531999192
2019-03-17 21:36:00,0.2171214668616699
2019-03-17 21:39:00,0.20819635007876514
2019-03-17 21:42:00,0.1768465441784315
2019-03-17 21:45:00,0.19280834512034062
2019-03-17 21:48:00,0.19164250491809298
2019-03-17 21:51:00,0.1275914116366721
2019-03-17 21:54:00,0.1421943591497552
2019-03-17 21:57:00,0.17815627946777113
2019-03-17 22:00:00,0.06988940563337565
2019-03-17 22:03:00,0.1691353037347767
2019-03-17 22:06:00,0.18092581768138416
2019-03-17 22:09:00,0.013608732125760525
2019-03-17 22:12:00,0.10119233456401844
2019-03-17 22:15:00,0.048152020437157717
2019-03-17 22:18:00,-0.044101277005665906
2019-03-17 22:21:00,0.06616412884534384
2019-03-17 22:24:00,0.17902999336803305
2019-03-17 22:27:00,0.08749783113319154
2019-03-17 22:30:00,0.10680769401221824
2019-03-17 22:33:00,0.08587914004840513
2019-03-17 22:36:00,0.06358495942828313
2019-03-17 22:39:00,0.047598483056106033
2019-03-17 22:42:00,0.010099738405585867
2019-03-17 22:45:00,0.0365187624348664
2019-03-17 22:48:00,-0.04137410307254186
2019-03-17 22:51:00,-0.03899565344755729
2019-03-17 22:54:00,-0.01390484959455307
2019-03-17 22:57:00,-0.05214167298169059
2019-03-17 23:00:00,0.011955007015671981
2019-03-17 23:03:00,0.0654061853147141
2019-03-17 23:06:00,-0.10761553676491076
2019-03-17 23:09:00,0.04896538362714864
2019-03-17 23:12:00,-0.01883635110277737
2019-03-17 23:15:00,0.05773359331863048
2019-03-17 23:18:00,0.13043081201965379
2019-03-17 23:21:00,0.21245458706653153
2019-03-17 23:24:00,0.09167643879283105
2019-03-17 23:27:00,0.0533473017952133
2019-03-17 23:30:00,0.07270421352046696
2019-03-17 23:33:00,0.09862908903613743
2019-03-17 23:36:00,0.07939742985814746
2019-03-17 23:39:00,0.023100538783808133
2019-03-17 23:42:00,0.057180566882038875
2019-03-17 23:45:00,0.05526435669520424
2019-03-17 23:48:00,0.08225292584489807
2019-03-17 23:51:00,0.03373891813072305
2019-03-17 23:54:00,0.12362952184838605
2019-03-17 23:57:00,0.053838154718221176
2019-03-18 00:00:00,0.11224966408593673
2019-03-18 00:03:00,0.08607468868268597
2019-03-18 00:06:00,0.0909296564530564
2019-03-18 00:09:00,0.12372783594042858
2019-03-18 00:12:00,0.025843040001916506
2019-03-18 00:15:00,0.03344142518216131
2019-03-18 00:18:00,0.11035441182269778
2019-03-18 00:21:00,0.11002483677441433
2019-03-18 00:24:00,0.1676053467554084
2019-03-18 00:27:00,0.17742340831989623
2019-03-18 00:30:00,0.21818769383764902
2019-03-18 00:33:00,0.13649679419916083
2019-03-18 00:36:00,0.16059055409425582
2019-03-18 00:39:00,0.033021449820012094
2019-03-18 00:42:00,0.10972935227357539
2019-03-18 00:45:00,0.20865359911448422
2019-03-18 00:48:00,0.13260057544442816
2019-03-18 00:51:00,0.18229992024595276
2019-03-18 00:54:00,0.22142557050045752
2019-03-18 00:57:00,0.1885444740710227
2019-03-18 01:00:00,0.206790157015746
2019-03-18 01:03:00,0.1086126886750094
2019-03-18 01:06:00,0.14527489075169342
2019-03-18 01:09:00,0.11378002024139278
2019-03-18 01:12:00,0.11101419402297097
2019-03-18 01:15:00,0.1964335519433007
2019-03-18 01:18:00,0.11017605395971941
2019-03-18 01:21:00,0.1856153110289256
2019-03-18 01:24:00,0.19258194453374244
2019-03-18 01:27:00,0.1644046067679028
2019-03-18 01:30:00,0.16527371507197586
2019-03-18 01:33:00,0.17701956514019912
2019-03-18 01:36:00,0.2625498404548239
2019-03-18 01:39:00,0.20140792480634673
2019-03-18 01:42:00,0.252486200906219
2019-03-18 01:45:00,0.19396265338912144
2019-03-18 01:48:00,0.22722890527302297
2019-03-18 01:51:00,0.14967046084666435
2019-03-18 01:54:00,0.22483801730419373
2019-03-18 01:57:00,0.1856470453050747
2019-03-18 02:00:00,0.2820316082130603
2019-03-18 02:03:00,0.24534684318700783
2019-03-18 02:06:00,0.1936971990689358
2019-03-18 02:09:00,0.1799210730696359
2019-03-18 02:12:00,0.19116322857109935
2019-03-18 02:15:00,0.06756495222577996
2019-03-18 02:18:00,0.2449129518738573
2019-03-18 02:21:00,0.23534679920760482
2019-03-18 02:24:00,0.169922990985242
2019-03-18 02:27:00,0.2173766284413432
2019-03-18 02:30:00,0.1748419412461999
2019-03-18 02:33:00,0.18700544874320713
2019-03-18 02:36:00,0.20254937332140344
2019-03-18 02:39:00,0.23698382551390296
2019-03-18 02:42:00,0.11770077115301092
2019-03-18 02:45:00,0.15954289546760947
2019-03-18 02:48:00,0.2379317504923506
2019-03-18 02:51:00,0.14620018394930412
2019-03-18 02:54:00,0.18381432512939
2019-03-18 02:57:00,0.18847301581479314
2019-03-18 03:00:00,0.23824843855538802
2019-03-18 03:03:00,0.22437060237763262
2019-03-18 03:06:00,0.1628143664363506
2019-03-18 03:09:00,0.1925948213530546
2019-03-18 03:12:00,0.2454552324489896
2019-03-18 03:15:00,0.1336401046823994
2019-03-18 03:18:00,0.08685719780550016
2019-03-18 03:21:00,0.2589652601145076
2019-03-18 03:24:00,0.20466895334686797
2019-03-18 03:27:00,0.2391314274581191
2019-03-18 03:30:00,0.17344303079005385
2019-03-18 03:33:00,0.16022462013683025
2019-03-18 03:36:00,0.14740354413305568
2019-03-18 03:39:00,0.24847848166371023
2019-03-18 03:42:00,0.24457741147381284
2019-03-18 03:45:00,0.1920581524173599
2019-03-18 03:48:00,0.21408491214356218
2019-03-18 03:51:00,0.1625070984327408
2019-03-18 03:54:00,0.23117863097519376
2019-03-18 03:57:00,0.11051770592951016
2019-03-18 04:00:00,0.17048969180939366
2019-03-18 04:03:00,0.25687892029196746
2019-03-18 04:06:00,0.16778645007241266
2019-03-18 04:09:00,0.10652659760233973
2019-03-18 04:12:00,0.11060943979697413
2019-03-18 04:15:00,0.15543076495578134
2019-03-18 04:18:00,0.2088078295773812
2019-03-18 04:21:00,0.22603166986277756
2019-03-18 04:24:00,0.16388518783475092
2019-03-18 04:27:00,0.21592792706991304
2019-03-18 04:30:00,0.279272306203211
2019-03-18 04:33:00,0.2454175247600574
2019-03-18 04:36:00,0.1947856262922869
2019-03-18 04:39:00,0.28591081866221657
2019-03-18 04:42:00,0.27451062752089683
2019-03-18 04:45:00,0.36472414821537313
2019-03-18 04:48:00,0.20747443963728074
2019-03-18 04:51:00,0.27637895345230845
2019-03-18 04:54:00,0.1784413172689483
2019-03-18 04:57:00,0.2427752786338715
2019-03-18 05:00:00,0.13193260748693092
2019-03-18 05:03:00,0.08350748174615319
2019-03-18 05:06:00,0.15422443267652852
2019-03-18 05:09:00,0.16261180762580807
2019-03-18 05:12:00,0.14189001185332017
2019-03-18 05:15:00,0.23654233140143788
2019-03-18 05:18:00,0.1917948776606977
2019-03-18 05:21:00,0.2907607979763043
2019-03-18 05:24:00,0.21954858775353614
2019-03-18 05:27:00,0.29452781351932344
2019-03-18 05:30:00,0.17216454253446045
2019-03-18 05:33:00,0.16055953618030117
2019-03-18 05:36:00,0.2792506698187367
2019-03-18 05:39:00,0.22229409815940926
2019-03-18 05:42:00,0.33608871583862765
2019-03-18 05:45:00,0.29380198739499974
2019-03-18 05:48:00,0.26525847970816585
2019-03-18 05:51:00,0.20170571623265232
2019-03-18 05:54:00,0.22659276233247283
2019-03-18 05:57:00,0.19954944739816938
2019-03-18 06:00:00,0.255973220553642
2019-03-18 06:03:00,0.2624704381016727
2019-03-18 06:06:00,0.23938568205028332
2019-03-18 06:09:00,0.30378819877125807
2019-03-18 06:12:00,0.16452278548928234
2019-03-18 06:15:00,0.19733148203050632
2019-03-18 06:18:00,0.25688724266632335
2019-03-18 06:21:00,0.09454967122240987
2019-03-18 06:24:00,0.12857151137870915
2019-03-18 06:27:00,0.24699006608375385
2019-03-18 06:30:00,0.2225800208531723
2019-03-18 06:33:00,0.19204896242359837
2019-03-18 06:36:00,0.1819061395858057
2019-03-18 06:39:00,0.2520369649192844
2019-03-18 06:42:00,0.22615410071364295
2019-03-18 06:45:00,0.28356346569268
2019-03-18 06:48:00,0.3031313354493932
2019-03-18 06:51:00,0.16522149014787146
2019-03-18 06:54:00,0.16559849623496348
2019-03-18 06:57:00,0.2008455715485411
2019-03-18 07:00:00,0.18315946638364267
2019-03-18 07:03:00,0.16019998255956125
2019-03-18 07:06:00,0.20508154713041904
2019-03-18 07:09:00,0.26132444281250855
2019-03-18 07:12:00,0.3055733693080356
2019-03-18 07:15:00,0.2482554915268338
2019-03-18 07:18:00,0.14568477292982607
2019-03-18 07:21:00,0.19320542800062412
2019-03-18 07:24:00,
2019-03-18 07:27:00,0.21705177347212157
2019-03-18 07:30:00,0.1934898550095454
2019-03-18 07:33:00,0.2027644584167092
2019-03-18 07:36:00,0.20636691605653823
2019-03-18 07:39:00,0.22336486559754576
2019-03-18 07:42:00,0.289590443540817
2019-03-18 07:45:00,0.1214401003055059
2019-03-18 07:48:00,0.10814520236510816
2019-03-18 07:51:00,0.20060855806792688
2019-03-18 07:54:00,0.20773665234457894
2019-03-18 07:57:00,0.10840158295650326
2019-03-18 08:00:00,0.13066313323554368
2019-03-18 08:03:00,0.16438685298612654
2019-03-18 08:06:00,0.23730615571770386
2019-03-18 08:09:00,0.1830649602496237
2019-03-18 08:12:00,0.2108477783182252
2019-03-18 08:15:00,0.18227874451719117
2019-03-18 08:18:00,0.19782890791435648
2019-03-18 08:21:00,0.12855515407670737
2019-03-18 08:24:00,0.0727450754458232
2019-03-18 08:27:00,0.16809957868082392
2019-03-18 08:30:00,0.20433379958120668
2019-03-18 08:33:00,0.2480138066530344
2019-03-18 08:36:00,0.23853069562170504
2019-03-18 08:39:00,0.19612749760972292
2019-03-18 08:42:00,0.1642081826073536
2019-03-18 08:45:00,0.12642961391293284
2019-03-18 08:48:00,0.10437861262073511
2019-03-18 08:51:00,0.2265731035984686
2019-03-18 08:54:00,0.06696229176407087
2019-03-18 08:57:00,0.16705572654922207
2019-03-18 09:00:00,0.08581209940308554
2019-03-18 09:03:00,0.10770705990171336
2019-03-18 09:06:00,0.1134398536921708
2019-03-18 09:09:00,0.17855481697802134
2019-03-18 09:12:00,0.16340492169268828
2019-03-18 09:15:00,0.20552869009344477
2019-03-18 09:18:00,0.16137500611012
2019-03-18 09:21:00,0.11739440541407475
2019-03-18 09:24:00,0.08858340028416478
2019-03-18 09:27:00,0.1054689184109634
2019-03-18 09:30:00,0.019803752938514663
2019-03-18 09:33:00,0.13925230345779482
2019-03-18 09:36:00,0.07737498257296238
2019-03-18 09:39:00,0.16820747964180782
2019-03-18 09:42:00,0.26405611330835654
2019-03-18 09:45:00,0.2403425109665136
2019-03-18 09:48:00,0.1586971469148466
2019-03-18 09:51:00,0.4369275081589876
2019-03-18 09:54:00,0.2628764968363839
2019-03-18 09:57:00,0.19791787190007426
2019-03-18 10:00:00,0.21706407136127837
2019-03-18 10:03:00,0.11037504777925733
2019-03-18 10:06:00,-0.05682233090186628
2019-03-18 10:09:00,-0.0008176914783462053
2019-03-18 10:12:00,-0.042583376789934846
2019-03-18 10:15:00,0.002108891842738103
2019-03-18 10:18:00,-0.033009811121701205
2019-03-18 10:21:00,-0.058306115615323506
2019-03-18 10:24:00,0.1457674487904228
2019-03-18 10:27:00,0.09696279329074287
2019-03-18 10:30:00,0.16552464015921942
2019-03-18 10:33:00,0.00699322490453369
2019-03-18 10:36:00,-0.008454895864758782
2019-03-18 10:39:00,-0.12190474378587624
2019-03-18 10:42:00,0.01901600419927263
2019-03-18 10:45:00,-0.023533985029189353
2019-03-18 10:48:00,0.09711205731372274
2019-03-18 10:51:00,0.0385847837129063
2019-03-18 10:54:00,0.04035191823703599
2019-03-18 10:57:00,0.08383322280815264
2019-03-18 11:00:00,0.00942832588299325
2019-03-18 11:03:00,0.04785790039886706
2019-03-18 11:06:00,-0.01973839382640108
2019-03-18 11:09:00,0.006151782088409163
2019-03-18 11:12:00,-0.06450934401590303
2019-03-18 11:15:00,-0.045715887088420004
2019-03-18 11:18:00,0.02557176339939815
2019-03-18 11:21:00,-0.061087115041175366
2019-03-18 11:24:00,0.05297283074963843
2019-03-18 11:27:00,-0.08620310085518668
2019-03-18 11:30:00,0.07360536168164344
2019-03-18 11:33:00,0.01325885894982548
2019-03-18 11:36:00,0.018129922733692183
2019-03-18 11:39:00,-0.005593703212809942
2019-03-18 11:42:00,-0.048680811130225266
2019-03-18 11:45:00,-0.06913886901583055
2019-03-18 11:48:00,-0.03538364187386378
2019-03-18 11:51:00,-0.07789487994011779
2019-03-18 11:54:00,-0.06183983076812183
2019-03-18 11:57:00,0.04159223712122184
2019-03-18 12:00:00,-0.004555583834019217
2019-03-18 12:03:00,-0.07370744304353138
2019-03-18 12:06:00,-0.0749130630036916
2019-03-18 12:09:00,0.005341256067993072
2019-03-18 12:12:00,-0.059620118458610705
2019-03-18 12:15:00,-0.0067090986819380305
2019-03-18 12:18:00,-0.03964577864741159
2019-03-18 12:21:00,-0.014644819384272978
2019-03-18 12:24:00,-0.10273843078499567
2019-03-18 12:27:00,-0.11821261450245402
2019-03-18 12:30:00,-0.04266212906236433
2019-03-18 12:33:00,-0.029491628924176894
2019-03-18 12:36:00,0.002412531983793542
2019-03-18 12:39:00,-0.012137265293233668
2019-03-18 12:42:00,-0.04990639474624459
2019-03-18 12:45:00,-0.05895183795519188
2019-03-18 12:48:00,-0.032834313039586505
2019-03-18 12:51:00,-0.06967810496081484
2019-03-18 12:54:00,0.08573563273967011
2019-03-18 12:57:00,0.05281654736103292
2019-03-18 13:00:00,-0.03719849071029557
2019-03-18 13:03:00,-0.04325207714714452
2019-03-18 13:06:00,-0.005316595119154499
2019-03-18 13:09:00,-0.024039582258183145
2019-03-18 13:12:00,-0.06249031553198847
2019-03-18 13:15:00,-0.08537085230216235
2019-03-18 13:18:00,0.011680583361908248
2019-03-18 13:21:00,-0.022613684042823934
2019-03-18 13:24:00,-0.03893850118879527
2019-03-18 13:27:00,-0.05646685130778906
2019-03-18 13:30:00,-0.08181340899511724
2019-03-18 13:33:00,0.05220078720850552
2019-03-18 13:36:00,-0.05846689778303471
2019-03-18 13:39:00,-0.027802669848824735
2019-03-18 13:42:00,-0.04412629658179412
2019-03-18 13:45:00,0.046701675377732954
2019-03-18 13:48:00,-0.09502388632512293
2019-03-18 13:51:00,-0.031343676100846096
2019-03-18 13:54:00,-0.0382579648167507
2019-03-18 13:57:00,-0.06834788427391914
2019-03-18 14:00:00,0.010323356196352051
2019-03-18 14:03:00,-0.10300681954629454
2019-03-18 14:06:00,0.0292611699183567
2019-03-18 14:09:00,-0.0707584033737021
2019-03-18 14:12:00,-0.07204964306066586
2019-03-18 14:15:00,0.03063972903288459
2019-03-18 14:18:00,-0.006247979842385121
2019-03-18 14:21:00,-0.016353994358723867
2019-03-18 14:24:00,-0.03628366053897025
2019-03-18 14:27:00,-0.07911212467729456
2019-03-18 14:30:00,-0.09471400907239058
2019-03-18 14:33:00,-0.009387922050507314
2019-03-18 14:36:00,-0.024310048586983157
2019-03-18 14:39:00,-0.21470134509559102
2019-03-18 14:42:00,-0.22443288872852918
2019-03-18 14:45:00,-0.07081894384907628
2019-03-18 14:48:00,-0.11236323638212298
2019-03-18 14:51:00,-0.10922130586828871
2019-03-18 14:54:00,-0.08181381420672551
2019-03-18 14:57:00,-0.03911831560310475
2019-03-18 15:00:00,-0.1572238181122998
2019-03-18 15:03:00,-0.14177987914746382
2019-03-18 15:06:00,-0.17936953751012652
2019-03-18 15:09:00,-0.09246914251622229
2019-03-18 15:12:00,-0.1636440820124676
2019-03-18 15:15:00,-0.13145203069490208
2019-03-18 15:18:00,-0.2526038360991265
2019-03-18 15:21:00,-0.17891117746700047
2019-03-18 15:24:00,-0.15782712352904582
2019-03-18 15:27:00,-0.16624245342597987
2019-03-18 15:30:00,-0.030634089606451198
2019-03-18 15:33:00,-0.21171759243929955
2019-03-18 15:36:00,-0.15947304609682078
2019-03-18 15:39:00,-0.1212192969965713
2019-03-18 15:42:00,-0.017472919779606855
2019-03-18 15:45:00,-0.1761657951197435
2019-03-18 15:48:00,-0.05458553119831322
2019-03-18 15:51:00,0.028096997695172377
2019-03-18 15:54:00,-0.11876456238411492
2019-03-18 15:57:00,-0.14909403322923254
2019-03-18 16:00:00,-0.05402695396406898
2019-03-18 16:03:00,-0.1468789839327087
2019-03-18 16:06:00,-0.14469438466164775
2019-03-18 16:09:00,-0.08057295171238366
2019-03-18 16:12:00,-0.08344657825728063
2019-03-18 16:15:00,-0.025347608786319142
2019-03-18 16:18:00,-0.05396965760542116
2019-03-18 16:21:00,-0.11806303663496465
2019-03-18 16:24:00,-0.06669419199317872
2019-03-18 16:27:00,-0.08436935586854588
2019-03-18 16:30:00,-0.041498677831441455
2019-03-18 16:33:00,-0.12441834760011261
2019-03-18 16:36:00,-0.13832236016770594
2019-03-18 16:39:00,-0.14097478952965048
2019-03-18 16:42:00,-0.045277978998683466
2019-03-18 16:45:00,-0.10347971327053074
2019-03-18 16:48:00,-0.1255782122091773
2019-03-18 16:51:00,-0.14225536255838733
2019-03-18 16:54:00,-0.12816329261738701
2019-03-18 16:57:00,-0.11495036393068858
2019-03-18 17:00:00,-0.1395514902786772
2019-03-18 17:03:00,-0.09190559705712076
2019-03-18 17:06:00,-0.08515862217200265
2019-03-18 17:09:00,-0.15213974374211148
2019-03-18 17:12:00,-0.07501903283036881
2019-03-18 17:15:00,-0.13600213460642863
2019-03-18 17:18:00,-0.09505256321165234
2019-03-18 17:21:00,-0.15482633544326063
2019-03-18 17:24:00,-0.22714124677713698
2019-03-18 17:27:00,-0.17564567150964194
2019-03-18 17:30:00,-0.19558590925424824
2019-03-18 17:33:00,-0.21920781846074533
2019-03-18 17:36:00,-0.1166265733092473
2019-03-18 17:39:00,-0.09294727337766062
2019-03-18 17:42:00,-0.09309390728179778
2019-03-18 17:45:00,-0.10804723246548065
2019-03-18 17:48:00,-0.19227465415525558
2019-03-18 17:51:00,-0.17702990734994728
2019-03-18 17:54:00,-0.18131764657135818
2019-03-18 17:57:00,-0.19420274282401806
2019-03-18 18:00:00,-0.25083792541454386
2019-03-18 18:03:00,-0.13507808450594894
2019-03-18 18:06:00,-0.13287917442266917
2019-03-18 18:09:00,-0.08217136475150255
2019-03-18 18:12:00,-0.16031429536064934
2019-03-18 18:15:00,-0.23603314497870542
2019-03-18 18:18:00,-0.14799025158896484
2019-03-18 18:21:00,-0.19344382874419352
2019-03-18 18:24:00,-0.07313504268881843
2019-03-18 18:27:00,-0.08036932153680709
2019-03-18 18:30:00,-0.14385309598151252
2019-03-18 18:33:00,-0.09671654671257102
2019-03-18 18:36:00,-0.10900434718757879
2019-03-18 18:39:00,-0.10754440780686991
2019-03-18 18:42:00,-0.12246254659083888
2019-03-18 18:45:00,-0.12835842997071722
2019-03-18 18:48:00,-0.08956018156266055
2019-03-18 18:51:00,-0.1611331121122248
2019-03-18 18:54:00,-0.15968671676154145
2019-03-18 18:57:00,-0.13074568470295844
2019-03-18 19:00:00,-0.1552774564775632
2019-03-18 19:03:00,-0.15361876247868622
2019-03-18 19:06:00,-0.1885613948010132
2019-03-18 19:09:00,-0.14008801272984783
2019-03-18 19:12:00,-0.18741394629989827
2019-03-18 19:15:00,-0.1526737053094962
2019-03-18 19:18:00,-0.16698914012465593
2019-03-18 19:21:00,-0.09663088880358828
2019-03-18 19:24:00,-0.17961171197237036
2019-03-18 19:27:00,-0.18087920829958648
2019-03-18 19:30:00,-0.10902785569987827
2019-03-18 19:33:00,-0.030689316038376546
2019-03-18 19:36:00,-0.0811705059300607
2019-03-18 19:39:00,-0.06502785164923353
2019-03-18 19:42:00,-0.00838150829810047
2019-03-18 19:45:00,-0.03131315869705986
2019-03-18 19:48:00,-0.016219699348141603
2019-03-18 19:51:00,-0.09479362467283181
2019-03-18 19:54:00,-0.021849941054597366
2019-03-18 19:57:00,-0.056108903312406255
2019-03-18 20:00:00,-0.10942621840325728
2019-03-18 20:03:00,-0.08738635755321411
2019-03-18 20:06:00,0.007846898733419039
2019-03-18 20:09:00,-0.0036729424961663426
2019-03-18 20:12:00,-0.030458362423814833
2019-03-18 20:15:00,-0.06420652344803557
2019-03-18 20:18:00,-0.03239236447490157
2019-03-18 20:21:00,-0.07697720317861467
2019-03-18 20:24:00,-0.1315339348290081
2019-03-18 20:27:00,-0.02717775498518904
2019-03-18 20:30:00,-0.06308189746494008
2019-03-18 20:33:00,-0.007761118541338874
2019-03-18 20:36:00,-0.024931538414648458
2019-03-18 20:39:00,0.00700345494362864
2019-03-18 20:42:00,-0.01413018350405082
2019-03-18 20:45:00,0.026529472438994617
2019-03-18 20:48:00,-0.06561411163391995
2019-03-18 20:51:00,-0.06313649844224756
2019-03-18 20:54:00,-0.1547869078871713
2019-03-18 20:57:00,-0.06550321827455718
2019-03-18 21:00:00,-0.06889142037613283
2019-03-18 21:03:00,-0.015034851894199619
2019-03-18 21:06:00,-0.06587847533427293
2019-03-18 21:09:00,-0.07138183224702743
2019-03-18 21:12:00,-0.03594024194632084
2019-03-18 21:15:00,0.031058580667945535
2019-03-18 21:18:00,0.016294911050977134
2019-03-18 21:21:00,0.11728956383285549
2019-03-18 21:24:00,0.16275275783902998
2019-03-18 21:27:00,0.12379747477126557
2019-03-18 21:30:00,0.17235689541013244
2019-03-18 21:33:00,0.07254054964971601
2019-03-18 21:36:00,0.13309218610788776
2019-03-18 21:39:00,0.05702585019412254
2019-03-18 21:42:00,0.1555738659266126
2019-03-18 21:45:00,0.02052421001684479
2019-03-18 21:48:00,0.14936454396001864
2019-03-18 21:51:00,0.2517243104167619
2019-03-18 21:54:00,0.42330267509760233
2019-03-18 21:57:00,0.36168588279855385
2019-03-18 22:00:00,0.36550249138997515
2019-03-18 22:03:00,0.11095243410028388
2019-03-18 22:06:00,0.17423191779977287
2019-03-18 22:09:00,0.19434335327906638
2019-03-18 22:12:00,0.26950771112859684
2019-03-18 22:15:00,0.258074856983626
2019-03-18 22:18:00,0.08646239742591888
2019-03-18 22:21:00,0.17675269582946385
2019-03-18 22:24:00,0.17187097483463276
2019-03-18 22:27:00,0.22063215413629678
2019-03-18 22:30:00,0.19486842788148806
2019-03-18 22:33:00,-0.08925448982523676
2019-03-18 22:36:00,0.12372859374505651
2019-03-18 22:39:00,0.0996388329082265
2019-03-18 22:42:00,0.24380622622936698
2019-03-18 22:45:00,0.23353260067955262
2019-03-18 22:48:00,0.21392355026637233
2019-03-18 22:51:00,0.17455469645540234
2019-03-18 22:54:00,0.2210793872211525
2019-03-18 22:57:00,0.19746838198921068
2019-03-18 23:00:00,0.1652677149027113
2019-03-18 23:03:00,0.09658717844001785
2019-03-18 23:06:00,0.11952714449091673
2019-03-18 23:09:00,0.0954955070901633
2019-03-18 23:12:00,0.4669354501333487
2019-03-18 23:15:00,0.2715667912287927
2019-03-18 23:18:00,0.16721996664409744
2019-03-18 23:21:00,0.22016022466243612
2019-03-18 23:24:00,0.2315715154433633
2019-03-18 23:27:00,0.30447743323202303
2019-03-18 23:30:00,0.2646219401380563
2019-03-18 23:33:00,0.45846855894836835
2019-03-18 23:36:00,0.4566975571955254
2019-03-18 23:39:00,0.5025035932275159
2019-03-18 23:42:00,0.5509125060963243
2019-03-18 23:45:00,0.4473364153724333
2019-03-18 23:48:00,0.5005128033538995
2019-03-18 23:51:00,0.47979226423160526
2019-03-18 23:54:00,0.4974102836537213
2019-03-18 23:57:00,0.3348683754931585
2019-03-19 00:00:00,0.2792012635089236
2019-03-19 00:03:00,0.2431486809489911
2019-03-19 00:06:00,0.25536979717855957
2019-03-19 00:09:00,0.2938096147227611
2019-03-19 00:12:00,0.29499178172738993
2019-03-19 00:15:00,0.27858322684835457
2019-03-19 00:18:00,0.2886254508956654
2019-03-19 00:21:00,0.2908677186433124
2019-03-19 00:24:00,0.40134969518089747
2019-03-19 00:27:00,0.31304155989369065
2019-03-19 00:30:00,0.4649573453500011
2019-03-19 00:33:00,0.36382450903033714
2019-03-19 00:36:00,0.4091272617698678
2019-03-19 00:39:00,0.5017924972144101
2019-03-19 00:42:00,0.4757314732973441
2019-03-19 00:45:00,0.4028228167883867
2019-03-19 00:48:00,0.3741904681288588
2019-03-19 00:51:00,0.4716102847119146
2019-03-19 00:54:00,0.31493016313601174
2019-03-19 00:57:00,0.27125854103871916
2019-03-19 01:00:00,0.33287620554671093
2019-03-19 01:03:00,0.3517169625839074
2019-03-19 01:06:00,0.3855692029449642
2019-03-19 01:09:00,0.46119842920757037
2019-03-19 01:12:00,0.4220031907789803
2019-03-19 01:15:00,0.5287627327147106
2019-03-19 01:18:00,0.5572672044983165
2019-03-19 01:21:00,0.6223446172289187
2019-03-19 01:24:00,0.6152725824894105
2019-03-19 01:27:00,0.6764415809670936
2019-03-19 01:30:00,0.7153593219838399
2019-03-19 01:33:00,0.7026145252553988
2019-03-19 01:36:00,0.6530659780052588
2019-03-19 01:39:00,0.6524703148935487
2019-03-19 01:42:00,0.6718191750127858
2019-03-19 01:45:00,0.7442604482970978
2019-03-19 01:48:00,0.7785582421663548
2019-03-19 01:51:00,0.7744564326201839
2019-03-19 01:54:00,0.8241433984288733
2019-03-19 01:57:00,0.6935997080166203
2019-03-19 02:00:00,0.6779395176163234
2019-03-19 02:03:00,0.6745293081790464
2019-03-19 02:06:00,0.6588368709953443
2019-03-19 02:09:00,0.5899461665291597
2019-03-19 02:12:00,0.5843112690222938
2019-03-19 02:15:00,0.6152756759807403
2019-03-19 02:18:00,0.577785444936751
2019-03-19 02:21:00,0.5521159972026908
2019-03-19 02:24:00,0.4412723615898244
2019-03-19 02:27:00,0.5751483719591874
2019-03-19 02:30:00,0.5709132473513705
2019-03-19 02:33:00,0.5385823475164102
2019-03-19 02:36:00,0.6181388185807464
2019-03-19 02:39:00,0.563032157513021
2019-03-19 02:42:00,0.588699752632408
2019-03-19 02:45:00,0.5861430515461166
2019-03-19 02:48:00,0.6706287069951031
2019-03-19 02:51:00,0.580581694412615
2019-03-19 02:54:00,0.5814956977457655
2019-03-19 02:57:00,0.5814358755839635
2019-03-19 03:00:00,0.5842157150019034
2019-03-19 03:03:00,0.7362035094792532
2019-03-19 03:06:00,0.6951518280598634
2019-03-19 03:09:00,0.6631577997932823
2019-03-19 03:12:00,0.6556422098522035
2019-03-19 03:15:00,0.5980196908829498
2019-03-19 03:18:00,0.6066112798060885
2019-03-19 03:21:00,0.5292060407214763
2019-03-19 03:24:00,0.5662846534538062
2019-03-19 03:27:00,0.5072648139503713
2019-03-19 03:30:00,0.5351423883205371
2019-03-19 03:33:00,0.4797153139749639
2019-03-19 03:36:00,0.35692701857101383
2019-03-19 03:39:00,0.4131120424744381
2019-03-19 03:42:00,0.4488250709067074
2019-03-19 03:45:00,0.4832701403465762
2019-03-19 03:48:00,0.46711672290092565
2019-03-19 03:51:00,0.3817719623285143
2019-03-19 03:54:00,0.4538335785969707
2019-03-19 03:57:00,0.40708860561124993
2019-03-19 04:00:00,0.43082211320830766
2019-03-19 04:03:00,0.4524656396324076
2019-03-19 04:06:00,0.37744434019538176
2019-03-19 04:09:00,0.3591363624040582
2019-03-19 04:12:00,0.401772579840042
2019-03-19 04:15:00,0.44190057353881684
2019-03-19 04:18:00,0.4765118037588536
2019-03-19 04:21:00,0.3586135476270442
2019-03-19 04:24:00,0.4170722441942871
2019-03-19 04:27:00,0.43136183738101863
2019-03-19 04:30:00,0.42998056589328826
2019-03-19 04:33:00,0.4109488526783025
2019-03-19 04:36:00,0.4153118111396452
2019-03-19 04:39:00,0.3876928721933268
2019-03-19 04:42:00,0.44192830172096365
2019-03-19 04:45:00,0.32788858659449716
2019-03-19 04:48:00,0.4613647787148807
2019-03-19 04:51:00,0.4374402866081937
2019-03-19 04:54:00,0.405813138332519
2019-03-19 04:57:00,0.38263146697119055
2019-03-19 05:00:00,0.4295835094831659
2019-03-19 05:03:00,0.4585051137879077
2019-03-19 05:06:00,0.40253219153186137
2019-03-19 05:09:00,0.3996824820927145
2019-03-19 05:12:00,0.33525692359563664
2019-03-19 05:15:00,0.5529438202707411
2019-03-19 05:18:00,0.8550681390197497
2019-03-19 05:21:00,0.7405797540355934
2019-03-19 05:24:00,0.658792598026821
2019-03-19 05:27:00,0.5519188750308786
2019-03-19 05:30:00,0.6176300066617273
2019-03-19 05:33:00,0.5850442966645346
2019-03-19 05:36:00,0.4985770013619799
2019-03-19 05:39:00,0.536138376283418
2019-03-19 05:42:00,0.6228949775266983
2019-03-19 05:45:00,0.483961531574721
2019-03-19 05:48:00,0.4984757256907528
2019-03-19 05:51:00,0.48723815597514886
2019-03-19 05:54:00,0.647787521332873
2019-03-19 05:57:00,0.6110717532019407
2019-03-19 06:00:00,0.7059020805477303
2019-03-19 06:03:00,0.6392415344898836
2019-03-19 06:06:00,0.6376584111480383
2019-03-19 06:09:00,0.6951362547254689
2019-03-19 06:12:00,0.7537334489271643
2019-03-19 06:15:00,0.7356944442049667
2019-03-19 06:18:00,0.718579517184935
2019-03-19 06:21:00,0.6952981602874502
2019-03-19 06:24:00,0.706556367902806
2019-03-19 06:27:00,0.7395785688871115
2019-03-19 06:30:00,0.7019411094510133
2019-03-19 06:33:00,0.6937534608961187
2019-03-19 06:36:00,0.6674958679101337
2019-03-19 06:39:00,0.6148273384503113
2019-03-19 06:42:00,0.5807123384216766
2019-03-19 06:45:00,0.5936863448848158
2019-03-19 06:48:00,0.5900818352916417
2019-03-19 06:51:00,0.61147978899794
2019-03-19 06:54:00,0.5727892729266841
2019-03-19 06:57:00,0.5082193229790732
2019-03-19 07:00:00,0.6325239744189162
2019-03-19 07:03:00,0.5729277564605582
2019-03-19 07:06:00,0.4693559037106638
2019-03-19 07:09:00,0.4898008542911043
2019-03-19 07:12:00,0.5012592455460094
2019-03-19 07:15:00,0.4469980733475154
2019-03-19 07:18:00,0.48489597301431786
2019-03-19 07:21:00,0.5384090418826872
2019-03-19 07:24:00,0.45621497445620207
2019-03-19 07:27:00,0.42854316583014906
2019-03-19 07:30:00,0.5298534209502463
2019-03-19 07:33:00,0.5223193231806249
2019-03-19 07:36:00,0.5287345582642615
2019-03-19 07:39:00,0.5427672182897254
2019-03-19 07:42:00,0.5744872834938519
2019-03-19 07:45:00,0.583420067850966
2019-03-19 07:48:00,0.5561491468088207
2019-03-19 07:51:00,0.5511545867090604
2019-03-19 07:54:00,0.5190345054716659
2019-03-19 07:57:00,0.3915303469362925
2019-03-19 08:00:00,0.3783003039028472
2019-03-19 08:03:00,0.4097079630770395
2019-03-19 08:06:00,0.32985161860227663
2019-03-19 08:09:00,0.41248989119674206
2019-03-19 08:12:00,0.33837109079456695
2019-03-19 08:15:00,0.3874523335886124
2019-03-19 08:18:00,0.338222934055068
2019-03-19 08:21:00,0.3661282442931224
2019-03-19 08:24:00,0.4248775708931021
2019-03-19 08:27:00,0.45823137914942436
2019-03-19 08:30:00,0.32272128844419967
2019-03-19 08:33:00,0.4374979204562237
2019-03-19 08:36:00,0.482039938116543
2019-03-19 08:39:00,0.3623600298137717
2019-03-19 08:42:00,0.4340024231833013
2019-03-19 08:45:00,0.33137383329557224
2019-03-19 08:48:00,0.43990318641948534
2019-03-19 08:51:00,0.41128855234654793
2019-03-19 08:54:00,0.4413639747108391
2019-03-19 08:57:00,0.4829270560622376
2019-03-19 09:00:00,0.4125418948431161
2019-03-19 09:03:00,0.5057090088317295
2019-03-19 09:06:00,0.3679870053312584
2019-03-19 09:09:00,0.3707273780029823
2019-03-19 09:12:00,0.3727845444249738
2019-03-19 09:15:00,0.24985946896987343
2019-03-19 09:18:00,0.2530132540340446
2019-03-19 09:21:00,0.3942551761247728
2019-03-19 09:24:00,0.23465488035515136
2019-03-19 09:27:00,0.33267292567387585
2019-03-19 09:30:00,0.38770564538651797
2019-03-19 09:33:00,0.2615297213835106
2019-03-19 09:36:00,0.3055544943649693
2019-03-19 09:39:00,0.30818379128675133
2019-03-19 09:42:00,0.2732951392210339
2019-03-19 09:45:00,0.3033294402179081
2019-03-19 09:48:00,0.4025887312796499
2019-03-19 09:51:00,0.3260851040635089
2019-03-19 09:54:00,0.31174391548307767
2019-03-19 09:57:00,0.40025363645031575
2019-03-19 10:00:00,0.2995462907382489
2019-03-19 10:03:00,0.2842327203067043
2019-03-19 10:06:00,0.32512270168678015
2019-03-19 10:09:00,0.34621085641452964
2019-03-19 10:12:00,
2019-03-19 10:15:00,
2019-03-19 10:18:00,
2019-03-19 10:21:00,
2019-03-19 10:24:00,
2019-03-19 10:27:00,
2019-03-19 10:30:00,0.1832044557358472
2019-03-19 10:33:00,0.1640548142966054
2019-03-19 10:36:00,0.1263629078385975
2019-03-19 10:39:00,0.16532430867647463
2019-03-19 10:42:00,0.10909559155970783
2019-03-19 10:45:00,0.28656802352014665
2019-03-19 10:48:00,0.21418378556165862
2019-03-19 10:51:00,0.23521631878782046
2019-03-19 10:54:00,0.1744964748829716
2019-03-19 10:57:00,0.15384365626340468
2019-03-19 11:00:00,0.010482441919918983
2019-03-19 11:03:00,0.06053326892094901
2019-03-19 11:06:00,0.12792076365604999
2019-03-19 11:09:00,0.06314798806755562
2019-03-19 11:12:00,0.08097945726137823
2019-03-19 11:15:00,0.11423704163303228
2019-03-19 11:18:00,0.09551915126201038
2019-03-19 11:21:00,0.08625153256281237
2019-03-19 11:24:00,0.06391144749716204
2019-03-19 11:27:00,0.12852687986162437
2019-03-19 11:30:00,0.07450084837608983
2019-03-19 11:33:00,0.05130205518685216
2019-03-19 11:36:00,0.043310171323923896
2019-03-19 11:39:00,-0.021094200884590464
2019-03-19 11:42:00,0.07821618940045028
2019-03-19 11:45:00,-0.051521156893102216
2019-03-19 11:48:00,0.007995206309544756
2019-03-19 11:51:00,-0.03520446584821002
2019-03-19 11:54:00,0.0011807418281364335
2019-03-19 11:57:00,-0.07350628232592271
2019-03-19 12:00:00,-0.03436375444528039
2019-03-19 12:03:00,-0.1433408131153442
2019-03-19 12:06:00,-0.023533629982011917
2019-03-19 12:09:00,-0.10797774031169638
2019-03-19 12:12:00,-0.14503653974350073
2019-03-19 12:15:00,-0.12514839334932049
2019-03-19 12:18:00,-0.1931770565639681
2019-03-19 12:21:00,-0.13095696507639332
2019-03-19 12:24:00,-0.1443922072316468
2019-03-19 12:27:00,-0.12673234413369983
2019-03-19 12:30:00,-0.1689035696807082
2019-03-19 12:33:00,-0.10167141215936226
2019-03-19 12:36:00,-0.13015415073209624
2019-03-19 12:39:00,-0.22801876120900033
2019-03-19 12:42:00,-0.17989174436519306
2019-03-19 12:45:00,-0.10816980740150939
2019-03-19 12:48:00,-0.09575786096479533
2019-03-19 12:51:00,-0.243546526675118
2019-03-19 12:54:00,-0.13017494637693972
2019-03-19 12:57:00,-0.22660676851415928
2019-03-19 13:00:00,-0.22228292336035338
2019-03-19 13:03:00,-0.13500893141662118
2019-03-19 13:06:00,-0.14519945674135215
2019-03-19 13:09:00,-0.22736869090653045
2019-03-19 13:12:00,-0.10845704048722382
2019-03-19 13:15:00,-0.059028698618988074
2019-03-19 13:18:00,-0.08925434727655102
2019-03-19 13:21:00,-0.1735969509988422
2019-03-19 13:24:00,-0.16886173506480873
2019-03-19 13:27:00,-0.23143103748753902
2019-03-19 13:30:00,-0.11129553762913247
2019-03-19 13:33:00,-0.1450653201370642
2019-03-19 13:36:00,-0.11319398133616687
2019-03-19 13:39:00,-0.17331340208698975
2019-03-19 13:42:00,-0.22290708927960168
2019-03-19 13:45:00,-0.12571772124005065
2019-03-19 13:48:00,-0.10159868992144538
2019-03-19 13:51:00,-0.09953158363850889
2019-03-19 13:54:00,-0.1553684824366428
2019-03-19 13:57:00,-0.06695531632681195
2019-03-19 14:00:00,-0.11150023273143006
2019-03-19 14:03:00,-0.12208899806876161
2019-03-19 14:06:00,-0.17235884099630994
2019-03-19 14:09:00,-0.13441701736115874
2019-03-19 14:12:00,-0.08807104325325099
2019-03-19 14:15:00,-0.1716415333102077
2019-03-19 14:18:00,0.004422212569181738
2019-03-19 14:21:00,-0.03980488090422796
2019-03-19 14:24:00,-0.07180979434014034
2019-03-19 14:27:00,-0.02336306397126009
2019-03-19 14:30:00,-0.07052184973275644
2019-03-19 14:33:00,-0.01626967489363551
2019-03-19 14:36:00,-0.02177351517485704
2019-03-19 14:39:00,0.10036901847047375
2019-03-19 14:42:00,0.030401118364579816
2019-03-19 14:45:00,0.024017569861428
2019-03-19 14:48:00,-0.044990874937013814
2019-03-19 14:51:00,-0.23514851795715686
2019-03-19 14:54:00,-0.11873652526054457
2019-03-19 14:57:00,-0.1990536044704072
2019-03-19 15:00:00,-0.2129884827619435
2019-03-19 15:03:00,-0.04650300413993591
2019-03-19 15:06:00,-0.1326090302084708
2019-03-19 15:09:00,-0.1843747284095798
2019-03-19 15:12:00,-0.22566886305298794
2019-03-19 15:15:00,-0.12300671693913046
2019-03-19 15:18:00,-0.16087597603876702
2019-03-19 15:21:00,-0.12127472142327633
2019-03-19 15:24:00,-0.08824513813743806
2019-03-19 15:27:00,-0.15230437920979512
2019-03-19 15:30:00,-0.2640818635659343
2019-03-19 15:33:00,-0.18567620354934888
2019-03-19 15:36:00,-0.15580025256900853
2019-03-19 15:39:00,-0.19000968472090562
2019-03-19 15:42:00,-0.15258507650548836
2019-03-19 15:45:00,-0.06507490136226579
2019-03-19 15:48:00,-0.1507645530612649
2019-03-19 15:51:00,-0.12301122977493151
2019-03-19 15:54:00,-0.10305617348279839
2019-03-19 15:57:00,-0.1774547435698537
2019-03-19 16:00:00,-0.18772312981587902
2019-03-19 16:03:00,-0.1366579020265135
2019-03-19 16:06:00,-0.13818163575228937
2019-03-19 16:09:00,-0.12602168342908726
2019-03-19 16:12:00,-0.1507216489072789
2019-03-19 16:15:00,-0.20397847539084069
2019-03-19 16:18:00,-0.18714876482238196
2019-03-19 16:21:00,-0.12216150655194724
2019-03-19 16:24:00,-0.11867619923890516
2019-03-19 16:27:00,-0.051778298965075464
2019-03-19 16:30:00,-0.0734344672891325
2019-03-19 16:33:00,-0.16129303569630338
2019-03-19 16:36:00,-0.08612384641725157
2019-03-19 16:39:00,-0.13018352238464104
2019-03-19 16:42:00,-0.13558125946792643
2019-03-19 16:45:00,-0.17892609553496186
2019-03-19 16:48:00,-0.12068255077804224
2019-03-19 16:51:00,-0.1460024739861865
2019-03-19 16:54:00,-0.1971186395442146
2019-03-19 16:57:00,-0.15930295996292898
2019-03-19 17:00:00,-0.20783171004273981
2019-03-19 17:03:00,-0.17586842792695734
2019-03-19 17:06:00,-0.2792149083446702
2019-03-19 17:09:00,-0.20758797105526128
2019-03-19 17:12:00,-0.17674723302019402
2019-03-19 17:15:00,-0.19458378989776293
2019-03-19 17:18:00,-0.22089599062258003
2019-03-19 17:21:00,-0.1760815715626336
2019-03-19 17:24:00,-0.10094307974566163
2019-03-19 17:27:00,-0.11850678714228025
2019-03-19 17:30:00,-0.19430137202681408
2019-03-19 17:33:00,-0.15826884404447128
2019-03-19 17:36:00,-0.1598003302895563
2019-03-19 17:39:00,-0.1664533801438779
2019-03-19 17:42:00,-0.0936748602725288
2019-03-19 17:45:00,-0.15338218939081116
2019-03-19 17:48:00,-0.07872802433098514
2019-03-19 17:51:00,-0.11182214953470293
2019-03-19 17:54:00,-0.13483380379574328
2019-03-19 17:57:00,-0.1039075139286183
2019-03-19 18:00:00,-0.1373340304672297
2019-03-19 18:03:00,-0.08816496234248916
2019-03-19 18:06:00,-0.11762529404660427
2019-03-19 18:09:00,-0.12021944277671537
2019-03-19 18:12:00,-0.17903801725015
2019-03-19 18:15:00,-0.1475494307709937
2019-03-19 18:18:00,-0.13796550430919297
2019-03-19 18:21:00,-0.07745995979013287
2019-03-19 18:24:00,-0.1560478100039404
2019-03-19 18:27:00,-0.0991424576972122
2019-03-19 18:30:00,-0.12598998366064507
2019-03-19 18:33:00,-0.10729829263971169
2019-03-19 18:36:00,-0.0774075753185457
2019-03-19 18:39:00,-0.06306870099871276
2019-03-19 18:42:00,-0.02494125470838071
2019-03-19 18:45:00,-0.03229871130338324
2019-03-19 18:48:00,0.01095325661623292
2019-03-19 18:51:00,
2019-03-19 18:54:00,
2019-03-19 18:57:00,
2019-03-19 19:00:00,
2019-03-19 19:03:00,-0.132465622596726
2019-03-19 19:06:00,-0.09982974090263497
2019-03-19 19:09:00,-0.10184921356949417
2019-03-19 19:12:00,-0.13093599686129664
2019-03-19 19:15:00,-0.020099414942592375
2019-03-19 19:18:00,-0.005790187766308463
2019-03-19 19:21:00,-0.015212719292549082
2019-03-19 19:24:00,-0.04720633855640699
2019-03-19 19:27:00,-0.04333144882684792
2019-03-19 19:30:00,-0.09888476720647077
2019-03-19 19:33:00,-0.006527397293666581
2019-03-19 19:36:00,-0.03089547241006585
2019-03-19 19:39:00,-0.00035519705642172994
2019-03-19 19:42:00,-0.02254358528676903
2019-03-19 19:45:00,0.0573895435931604
2019-03-19 19:48:00,0.013622132622629124
2019-03-19 19:51:00,0.06377796047655693
2019-03-19 19:54:00,0.04294513336935779
2019-03-19 19:57:00,0.041606099939258456
2019-03-19 20:00:00,-0.03259159031802028
2019-03-19 20:03:00,0.007071750251611775
2019-03-19 20:06:00,-0.010440179297631857
2019-03-19 20:09:00,0.04696965093194194
2019-03-19 20:12:00,0.07158362553570896
2019-03-19 20:15:00,-0.007556378990329904
2019-03-19 20:18:00,0.08895025601026418
2019-03-19 20:21:00,0.07115444910425595
2019-03-19 20:24:00,0.10621798170149077
2019-03-19 20:27:00,0.1539411540516653
2019-03-19 20:30:00,0.09216257482432866
2019-03-19 20:33:00,0.0979753343905827
2019-03-19 20:36:00,0.1516062636835045
2019-03-19 20:39:00,0.12196816590460458
2019-03-19 20:42:00,0.19425365862514354
2019-03-19 20:45:00,0.09839442649064267
2019-03-19 20:48:00,0.09934422144289101
2019-03-19 20:51:00,0.11127444051430757
2019-03-19 20:54:00,0.09977843938492015
2019-03-19 20:57:00,0.1847074446503143
2019-03-19 21:00:00,0.1675353340165202
2019-03-19 21:03:00,0.061798248717991555
2019-03-19 21:06:00,0.2121903819814861
2019-03-19 21:09:00,0.18022725689058916
2019-03-19 21:12:00,0.2532430132165473
2019-03-19 21:15:00,0.20909326770026837
2019-03-19 21:18:00,0.1050375500688574
2019-03-19 21:21:00,0.25585441905957396
2019-03-19 21:24:00,0.1924567755171438
2019-03-19 21:27:00,0.2651593063700943
2019-03-19 21:30:00,0.37360452114040754
2019-03-19 21:33:00,0.24746115213935127
2019-03-19 21:36:00,0.2016755318998662
2019-03-19 21:39:00,0.31437591395553
2019-03-19 21:42:00,0.19393241927349436
2019-03-19 21:45:00,0.2060667298354133
2019-03-19 21:48:00,0.15802749988921505
2019-03-19 21:51:00,0.21270534362491844
2019-03-19 21:54:00,0.20661148092381154
2019-03-19 21:57:00,0.23623768762655573
2019-03-19 22:00:00,0.20350353228667473
2019-03-19 22:03:00,0.18711995299509
2019-03-19 22:06:00,0.1961347306562402
2019-03-19 22:09:00,0.24946316332938068
2019-03-19 22:12:00,0.2058818282502557
2019-03-19 22:15:00,0.3012428083740133
2019-03-19 22:18:00,0.2511627600960651
2019-03-19 22:21:00,0.15610399226756044
2019-03-19 22:24:00,0.23633840568476217
2019-03-19 22:27:00,0.3021016114746544
2019-03-19 22:30:00,0.276385854615512
2019-03-19 22:33:00,0.30748688537016733
2019-03-19 22:36:00,0.2831342346360657
2019-03-19 22:39:00,0.22188357624185073
2019-03-19 22:42:00,0.36258306903158655
2019-03-19 22:45:00,0.29759556725434777
2019-03-19 22:48:00,0.21325922119677898
2019-03-19 22:51:00,0.2207407145971274
2019-03-19 22:54:00,0.20174789715827046
2019-03-19 22:57:00,0.24107528664563915
2019-03-19 23:00:00,0.3099066041647802
2019-03-19 23:03:00,0.22813213154643108
2019-03-19 23:06:00,0.16961143472110507
2019-03-19 23:09:00,0.16124469791520823
2019-03-19 23:12:00,0.22871162381773047
2019-03-19 23:15:00,0.19961706561417714
2019-03-19 23:18:00,0.1759022973374158
2019-03-19 23:21:00,0.19709026859010237
2019-03-19 23:24:00,0.19258396576935866
2019-03-19 23:27:00,0.20263436296301052
2019-03-19 23:30:00,0.21367270550746298
2019-03-19 23:33:00,0.18030959279064973
2019-03-19 23:36:00,0.20743192126934673
2019-03-19 23:39:00,0.21339583091361192
2019-03-19 23:42:00,0.28411373674435936
2019-03-19 23:45:00,0.159006415028216
2019-03-19 23:48:00,0.2712908580350586
2019-03-19 23:51:00,0.2341142323300005
2019-03-19 23:54:00,0.20599277788420522
2019-03-19 23:57:00,0.2967311526066396
2019-03-20 00:00:00,0.3098756733488699
2019-03-20 00:03:00,0.2705760869965843
2019-03-20 00:06:00,0.2204866672273056
2019-03-20 00:09:00,0.2575949888203013
2019-03-20 00:12:00,0.23796065792231502
2019-03-20 00:15:00,0.1781496260632025
2019-03-20 00:18:00,0.28613257881943355
2019-03-20 00:21:00,0.21194215771839708
2019-03-20 00:24:00,0.3012595000889178
2019-03-20 00:27:00,0.23887128463428553
2019-03-20 00:30:00,0.19651800402982644
2019-03-20 00:33:00,0.2282611361259228
2019-03-20 00:36:00,0.21865521310485292
2019-03-20 00:39:00,0.2635779826800899
2019-03-20 00:42:00,0.24203787215191142
2019-03-20 00:45:00,0.19229401375656607
2019-03-20 00:48:00,0.1870610858779287
2019-03-20 00:51:00,0.14620898756390943
2019-03-20 00:54:00,0.21063989782942372
2019-03-20 00:57:00,0.30653832758645194
2019-03-20 01:00:00,0.15118772225639532
2019-03-20 01:03:00,0.17658738032889687
2019-03-20 01:06:00,0.20277726064534818
2019-03-20 01:09:00,0.2514096186160373
2019-03-20 01:12:00,0.16125006122416607
2019-03-20 01:15:00,0.18973776189614
2019-03-20 01:18:00,0.20258927933360837
2019-03-20 01:21:00,0.17852968751532217
2019-03-20 01:24:00,0.18519166230913697
2019-03-20 01:27:00,0.20948009287099012
2019-03-20 01:30:00,0.3006035131546696
2019-03-20 01:33:00,0.26114759411206023
2019-03-20 01:36:00,0.24605236848645973
2019-03-20 01:39:00,0.24513467543636125
2019-03-20 01:42:00,0.3386261466056908
2019-03-20 01:45:00,0.34051906746606164
2019-03-20 01:48:00,0.2894765626848539
2019-03-20 01:51:00,0.24876430716130926
2019-03-20 01:54:00,0.2881061457363785
2019-03-20 01:57:00,0.244853970669908
2019-03-20 02:00:00,0.3156607043159738
2019-03-20 02:03:00,0.32725289304875105
2019-03-20 02:06:00,0.22852847160248757
2019-03-20 02:09:00,0.28048442797665984
2019-03-20 02:12:00,0.2995862115919863
2019-03-20 02:15:00,0.3215164035346447
2019-03-20 02:18:00,0.29407054692200063
2019-03-20 02:21:00,0.2511168451322874
2019-03-20 02:24:00,0.2516311159529323
2019-03-20 02:27:00,0.26876566451863937
2019-03-20 02:30:00,0.21527807501496454
2019-03-20 02:33:00,0.28523717706951857
2019-03-20 02:36:00,0.3008797737570603
2019-03-20 02:39:00,0.2740746142443413
2019-03-20 02:42:00,0.30745549793533655
2019-03-20 02:45:00,0.29334129083002836
2019-03-20 02:48:00,0.26110727079242224
2019-03-20 02:51:00,0.2670086857112892
2019-03-20 02:54:00,0.3447631152665167
2019-03-20 02:57:00,0.21260808318805857
2019-03-20 03:00:00,0.3529095664029569
2019-03-20 03:03:00,0.2932425471451552
2019-03-20 03:06:00,0.3250545845609736
2019-03-20 03:09:00,0.28494278284830443
2019-03-20 03:12:00,0.36805423558820394
2019-03-20 03:15:00,0.31818096499972626
2019-03-20 03:18:00,0.2756302154261334
2019-03-20 03:21:00,0.31906962259500915
2019-03-20 03:24:00,0.2960961869486596
2019-03-20 03:27:00,0.22737220925995416
2019-03-20 03:30:00,0.25322747457767036
2019-03-20 03:33:00,0.2658793308156646
2019-03-20 03:36:00,0.24402249889357108
2019-03-20 03:39:00,0.2673649517126364
2019-03-20 03:42:00,0.2105931290591343
2019-03-20 03:45:00,0.278879512174683
2019-03-20 03:48:00,0.33236590617184447
2019-03-20 03:51:00,0.28251326151405465
2019-03-20 03:54:00,0.3170027613252273
2019-03-20 03:57:00,0.22049108372016235
2019-03-20 04:00:00,0.1505261280620971
2019-03-20 04:03:00,0.2504359929536122
2019-03-20 04:06:00,0.27286585904289495
2019-03-20 04:09:00,0.216460110709761
2019-03-20 04:12:00,0.2728447032024519
2019-03-20 04:15:00,0.2280945673182373
2019-03-20 04:18:00,0.26040054716139593
2019-03-20 04:21:00,0.2754408390791241
2019-03-20 04:24:00,0.30249034143031395
2019-03-20 04:27:00,0.2649645275855619
2019-03-20 04:30:00,0.34524541847326873
2019-03-20 04:33:00,0.23434768939654305
2019-03-20 04:36:00,0.2679234332456417
2019-03-20 04:39:00,0.18521015941666974
2019-03-20 04:42:00,0.14627388808662545
2019-03-20 04:45:00,0.23136214964762303
2019-03-20 04:48:00,0.1476538298579726
2019-03-20 04:51:00,0.2330658842757316
2019-03-20 04:54:00,0.25584191670361633
2019-03-20 04:57:00,0.18150532655920415
2019-03-20 05:00:00,0.3083208240500994
2019-03-20 05:03:00,0.23141843903766812
2019-03-20 05:06:00,0.20201850978963876
2019-03-20 05:09:00,0.201255071879757
2019-03-20 05:12:00,0.16128984140044622
2019-03-20 05:15:00,0.2762257050215453
2019-03-20 05:18:00,0.2041164821857251
2019-03-20 05:21:00,0.288306571151395
2019-03-20 05:24:00,0.33511844103793464
2019-03-20 05:27:00,0.25548639804293316
2019-03-20 05:30:00,0.24098071797533294
2019-03-20 05:33:00,0.23010641621664263
2019-03-20 05:36:00,0.22609253693445908
2019-03-20 05:39:00,0.10274567179538963
2019-03-20 05:42:00,0.17042506565235271
2019-03-20 05:45:00,0.22775396534433412
2019-03-20 05:48:00,0.14830105159103368
2019-03-20 05:51:00,0.25040268438539215
2019-03-20 05:54:00,0.21849552178787235
2019-03-20 05:57:00,0.12741273132951392
2019-03-20 06:00:00,0.14038355844428452
2019-03-20 06:03:00,0.19061363791678332
2019-03-20 06:06:00,0.3014208705736223
2019-03-20 06:09:00,0.19291616211205564
2019-03-20 06:12:00,0.150008504680045
2019-03-20 06:15:00,0.1599594829069133
2019-03-20 06:18:00,0.19333841664405327
2019-03-20 06:21:00,0.21491943130024538
2019-03-20 06:24:00,0.15956598017749002
2019-03-20 06:27:00,0.3424006018938712
2019-03-20 06:30:00,0.12100008420605946
2019-03-20 06:33:00,0.18549348074463978
2019-03-20 06:36:00,0.21750940623167025
2019-03-20 06:39:00,0.18882830043668264
2019-03-20 06:42:00,0.3024527595078439
2019-03-20 06:45:00,0.19782814586670838
2019-03-20 06:48:00,0.24962114553761694
2019-03-20 06:51:00,0.28291651382636473
2019-03-20 06:54:00,0.2740174731007414
2019-03-20 06:57:00,0.2673907843595771
2019-03-20 07:00:00,0.3040315540637266
2019-03-20 07:03:00,0.1986009444307797
2019-03-20 07:06:00,0.25243333109790456
2019-03-20 07:09:00,0.30987057743487867
2019-03-20 07:12:00,0.2839119703138522
2019-03-20 07:15:00,0.2411108144648324
2019-03-20 07:18:00,0.19188636734520514
2019-03-20 07:21:00,0.24803922011432178
2019-03-20 07:24:00,0.23290175714487305
2019-03-20 07:27:00,0.2717559434956911
2019-03-20 07:30:00,0.17928141717226254
2019-03-20 07:33:00,0.17702654452489242
2019-03-20 07:36:00,0.19985453880144632
2019-03-20 07:39:00,0.21837912310928687
2019-03-20 07:42:00,0.2449942614227325
2019-03-20 07:45:00,0.2894256542585367
2019-03-20 07:48:00,0.22883993868458674
2019-03-20 07:51:00,0.18737844116094493
2019-03-20 07:54:00,0.2668980813102735
2019-03-20 07:57:00,0.25702249138737443
2019-03-20 08:00:00,0.2624664789501594
2019-03-20 08:03:00,0.33096808845584746
2019-03-20 08:06:00,0.19303864580348318
2019-03-20 08:09:00,0.24926479964364034
2019-03-20 08:12:00,0.2021917439705021
2019-03-20 08:15:00,0.22443685902567267
2019-03-20 08:18:00,0.09457556433329728
2019-03-20 08:21:00,0.21061650262623743
2019-03-20 08:24:00,0.255026385947815
2019-03-20 08:27:00,0.29424330057662473
2019-03-20 08:30:00,0.25166417732174295
2019-03-20 08:33:00,0.3004526900290898
2019-03-20 08:36:00,0.1865971077430686
2019-03-20 08:39:00,0.2486920479908008
2019-03-20 08:42:00,0.28899454452351847
2019-03-20 08:45:00,0.12269327913884354
2019-03-20 08:48:00,0.23054722379578152
2019-03-20 08:51:00,0.2682035194446257
2019-03-20 08:54:00,0.25788311496080496
2019-03-20 08:57:00,0.22385264540844219
2019-03-20 09:00:00,0.2303222669615934
2019-03-20 09:03:00,0.17720743169883235
2019-03-20 09:06:00,0.12428931188429715
2019-03-20 09:09:00,0.22418492743116758
2019-03-20 09:12:00,0.10912528931640963
2019-03-20 09:15:00,0.16353190572124277
2019-03-20 09:18:00,0.12233123714804606
2019-03-20 09:21:00,0.20769058220349734
2019-03-20 09:24:00,0.17423265159033008
2019-03-20 09:27:00,0.20081657680151466
2019-03-20 09:30:00,0.06667216975063184
2019-03-20 09:33:00,0.08092528338585225
2019-03-20 09:36:00,0.08458826735181901
2019-03-20 09:39:00,0.012034980237729087
2019-03-20 09:42:00,0.08765515613180241
2019-03-20 09:45:00,0.09124182756062282
2019-03-20 09:48:00,-0.044424745168555546
2019-03-20 09:51:00,0.05905605555506099
2019-03-20 09:54:00,0.03296247842911271
2019-03-20 09:57:00,0.11813599527255292
2019-03-20 10:00:00,0.044673556282873506
2019-03-20 10:03:00,0.01994036519590736
2019-03-20 10:06:00,0.019909009194975624
2019-03-20 10:09:00,0.054627480561350694
2019-03-20 10:12:00,0.002910513690892458
2019-03-20 10:15:00,0.09602066539378029
2019-03-20 10:18:00,0.048698223801125096
2019-03-20 10:21:00,-0.027835347879545225
2019-03-20 10:24:00,0.004632948730488806
2019-03-20 10:27:00,-0.05507926583504741
2019-03-20 10:30:00,0.05719841524461344
2019-03-20 10:33:00,-0.01597679176757083
2019-03-20 10:36:00,-0.030262947272603924
2019-03-20 10:39:00,-0.09276174970068496
2019-03-20 10:42:00,-0.09381922015990085
2019-03-20 10:45:00,-0.13084499421438522
2019-03-20 10:48:00,0.10879134775410648
2019-03-20 10:51:00,-0.024667111645385376
2019-03-20 10:54:00,-0.09418658113003175
2019-03-20 10:57:00,-0.11455851208779677
2019-03-20 11:00:00,-0.11935977517225638
2019-03-20 11:03:00,0.012691729885489167
2019-03-20 11:06:00,-0.014098309570215406
2019-03-20 11:09:00,0.01923177015902411
2019-03-20 11:12:00,-0.08460641680625258
2019-03-20 11:15:00,-0.06811600225654502
2019-03-20 11:18:00,-0.07764528086738665
2019-03-20 11:21:00,-0.10959888574416254
2019-03-20 11:24:00,-0.11136294463256036
2019-03-20 11:27:00,-0.13096874993453866
2019-03-20 11:30:00,-0.1701659831642246
2019-03-20 11:33:00,-0.2568560159333515
2019-03-20 11:36:00,-0.14071157604519158
2019-03-20 11:39:00,-0.15439149710800848
2019-03-20 11:42:00,-0.2544484385566079
2019-03-20 11:45:00,-0.2687848802187318
2019-03-20 11:48:00,-0.1653892198848439
2019-03-20 11:51:00,-0.23931170585336758
2019-03-20 11:54:00,-0.20259456864329195
2019-03-20 11:57:00,-0.21282141691591505
2019-03-20 12:00:00,-0.18388094051204007
2019-03-20 12:03:00,-0.20572297005310247
2019-03-20 12:06:00,-0.22618618138267266
2019-03-20 12:09:00,-0.25006649587305674
2019-03-20 12:12:00,-0.19831539250316155
2019-03-20 12:15:00,-0.3444421392529762
2019-03-20 12:18:00,-0.2932746308987362
2019-03-20 12:21:00,-0.18555359640168945
2019-03-20 12:24:00,-0.2742801935157786
2019-03-20 12:27:00,-0.23372359566309342
2019-03-20 12:30:00,-0.2055171441157313
2019-03-20 12:33:00,-0.2697508738492047
2019-03-20 12:36:00,-0.26919093275381556
2019-03-20 12:39:00,-0.25526072194531935
2019-03-20 12:42:00,-0.33431300698543964
2019-03-20 12:45:00,-0.35831351350498153
2019-03-20 12:48:00,-0.31329647743064015
2019-03-20 12:51:00,-0.28147218719482225
2019-03-20 12:54:00,-0.27292409388348915
2019-03-20 12:57:00,-0.36215179301666467
2019-03-20 13:00:00,-0.35692922545098327
2019-03-20 13:03:00,-0.33209749649148534
2019-03-20 13:06:00,-0.24486284339121767
2019-03-20 13:09:00,-0.30189744570168386
2019-03-20 13:12:00,-0.3475069593785065
2019-03-20 13:15:00,-0.3242977428974996
2019-03-20 13:18:00,-0.29867189209426215
2019-03-20 13:21:00,-0.2552794040399249
2019-03-20 13:24:00,-0.3371437461782989
2019-03-20 13:27:00,-0.43563479438802233
2019-03-20 13:30:00,-0.4618671956772573
2019-03-20 13:33:00,-0.38125505439745666
2019-03-20 13:36:00,-0.43076625417296555
2019-03-20 13:39:00,-0.46800285781688444
2019-03-20 13:42:00,-0.5488819745289106
2019-03-20 13:45:00,-0.4313920832262852
2019-03-20 13:48:00,-0.3456608522254214
2019-03-20 13:51:00,-0.23629594110713015
2019-03-20 13:54:00,-0.31549775192706875
2019-03-20 13:57:00,-0.2623380789759153
2019-03-20 14:00:00,-0.3268516997686106
2019-03-20 14:03:00,-0.28113918078042843
2019-03-20 14:06:00,-0.3193997195550651
2019-03-20 14:09:00,-0.3491594536804996
2019-03-20 14:12:00,-0.20788276003065675
2019-03-20 14:15:00,-0.1759173584889595
2019-03-20 14:18:00,-0.0952209850181589
2019-03-20 14:21:00,-0.2592287621031346
2019-03-20 14:24:00,-0.2860873819458334
2019-03-20 14:27:00,-0.25106522819964994
2019-03-20 14:30:00,-0.20716807516953395
2019-03-20 14:33:00,-0.25615999165182757
2019-03-20 14:36:00,-0.1889431272864499
2019-03-20 14:39:00,-0.2806485182431402
2019-03-20 14:42:00,-0.1300574007002524
2019-03-20 14:45:00,-0.17487829812159816
2019-03-20 14:48:00,0.04504518257976997
2019-03-20 14:51:00,0.07560991427237695
2019-03-20 14:54:00,-0.217633974212049
2019-03-20 14:57:00,-0.1338750062109284
2019-03-20 15:00:00,-0.03328960420685689
2019-03-20 15:03:00,0.06477471878656615
2019-03-20 15:06:00,-0.09458803549631511
2019-03-20 15:09:00,-0.07000360457664101
2019-03-20 15:12:00,-0.07766176875799147
2019-03-20 15:15:00,0.05643732041647809
2019-03-20 15:18:00,0.03407570597931908
2019-03-20 15:21:00,0.017995011470361533
2019-03-20 15:24:00,0.010662635016331024
2019-03-20 15:27:00,0.037457038736761206
2019-03-20 15:30:00,0.13919822114883118
2019-03-20 15:33:00,0.1904439391281585
2019-03-20 15:36:00,0.17985840679079956
2019-03-20 15:39:00,0.14582600561442405
2019-03-20 15:42:00,0.2144098307975355
2019-03-20 15:45:00,0.30259497420615844
2019-03-20 15:48:00,0.35528368337759275
2019-03-20 15:51:00,0.28788922752704593
2019-03-20 15:54:00,0.377856957621475
2019-03-20 15:57:00,0.38952242759489764
2019-03-20 16:00:00,0.2907891347386453
2019-03-20 16:03:00,0.34084174812107904
2019-03-20 16:06:00,0.29681456507421444
2019-03-20 16:09:00,0.2299815338569715
2019-03-20 16:12:00,0.24139636556020605
2019-03-20 16:15:00,0.20566185001780468
2019-03-20 16:18:00,0.035149797868029964
2019-03-20 16:21:00,0.07663579901503681
2019-03-20 16:24:00,0.08730007321349831
2019-03-20 16:27:00,-0.03576405042389297
2019-03-20 16:30:00,0.14182627065764564
2019-03-20 16:33:00,0.13732843924447025
2019-03-20 16:36:00,0.1437443939462355
2019-03-20 16:39:00,0.07676624074048277
2019-03-20 16:42:00,0.010329472846535737
2019-03-20 16:45:00,0.048765205329118544
2019-03-20 16:48:00,0.03415250785621993
2019-03-20 16:51:00,-0.04034403166576794
2019-03-20 16:54:00,0.10145726107771225
2019-03-20 16:57:00,0.10254395058643695
2019-03-20 17:00:00,0.15031490268819425
2019-03-20 17:03:00,0.12541241508853318
2019-03-20 17:06:00,0.20154627823421833
2019-03-20 17:09:00,0.17631084896919447
2019-03-20 17:12:00,0.1859229078354474
2019-03-20 17:15:00,0.2671532081307646
2019-03-20 17:18:00,0.2500434618831946
2019-03-20 17:21:00,0.2666453516325191
2019-03-20 17:24:00,0.12727732300498928
2019-03-20 17:27:00,0.12212253575876275
2019-03-20 17:30:00,0.1581716141981815
2019-03-20 17:33:00,0.13126358923852877
2019-03-20 17:36:00,0.23322439072956058
2019-03-20 17:39:00,0.2088098018940059
2019-03-20 17:42:00,0.26207073750310883
2019-03-20 17:45:00,0.2852518660283181
2019-03-20 17:48:00,0.2701743575248088
2019-03-20 17:51:00,0.3347398114760267
2019-03-20 17:54:00,0.370419691939162
2019-03-20 17:57:00,0.4148414978376991
2019-03-20 18:00:00,0.44029799565669236
2019-03-20 18:03:00,0.25911366734931107
2019-03-20 18:06:00,0.35790794657305014
2019-03-20 18:09:00,0.22182228188825093
2019-03-20 18:12:00,0.2705581603023006
2019-03-20 18:15:00,0.1301019810057369
2019-03-20 18:18:00,0.1403632084261517
2019-03-20 18:21:00,0.1732878968617797
2019-03-20 18:24:00,0.1500300114894344
2019-03-20 18:27:00,0.2340187803915228
2019-03-20 18:30:00,0.1383715453938521
2019-03-20 18:33:00,0.14437993695548812
2019-03-20 18:36:00,0.27259005298185457
2019-03-20 18:39:00,0.1926187522861369
2019-03-20 18:42:00,0.18443076405560532
2019-03-20 18:45:00,0.11520278785781102
2019-03-20 18:48:00,0.15551332844313492
2019-03-20 18:51:00,0.17275726692190574
2019-03-20 18:54:00,
2019-03-20 18:57:00,
2019-03-20 19:00:00,
2019-03-20 19:03:00,0.17956167612493346
2019-03-20 19:06:00,0.2022272864834349
2019-03-20 19:09:00,0.1229600067786123
2019-03-20 19:12:00,0.11222778720519955
2019-03-20 19:15:00,0.09754173693499979
2019-03-20 19:18:00,0.10101223326029185
2019-03-20 19:21:00,0.12567170064806987
2019-03-20 19:24:00,0.10615559161470856
2019-03-20 19:27:00,0.14409961362321155
2019-03-20 19:30:00,0.11398381839075
2019-03-20 19:33:00,0.22955695610579596
2019-03-20 19:36:00,0.20016864324679773
2019-03-20 19:39:00,0.25379434185975924
2019-03-20 19:42:00,0.19146406935362847
2019-03-20 19:45:00,0.2206475671104613
2019-03-20 19:48:00,0.29183936425499724
2019-03-20 19:51:00,0.19771614907841695
2019-03-20 19:54:00,0.15148346010357727
2019-03-20 19:57:00,0.17602424603575173
2019-03-20 20:00:00,0.17658951351683072
2019-03-20 20:03:00,0.24567039105147614
2019-03-20 20:06:00,0.1434982528255091
2019-03-20 20:09:00,0.11204601074820175
2019-03-20 20:12:00,0.10317472104668468
2019-03-20 20:15:00,0.16228329490593296
2019-03-20 20:18:00,0.09971698371396087
2019-03-20 20:21:00,0.13587810616115803
2019-03-20 20:24:00,0.0978075487167871
2019-03-20 20:27:00,0.0755282931511374
2019-03-20 20:30:00,0.16497499284679407
2019-03-20 20:33:00,0.18040185770257722
2019-03-20 20:36:00,0.23281953163632352
2019-03-20 20:39:00,0.19404515581658188
2019-03-20 20:42:00,0.1369329245575841
2019-03-20 20:45:00,0.13073240293812205
2019-03-20 20:48:00,0.13584458778069575
2019-03-20 20:51:00,0.21933276256311274
2019-03-20 20:54:00,0.23029081531825568
2019-03-20 20:57:00,0.19180177543307764
2019-03-20 21:00:00,0.1851738994078005
2019-03-20 21:03:00,0.18259101343096518
2019-03-20 21:06:00,0.1659208020217875
2019-03-20 21:09:00,0.12172771961172657
2019-03-20 21:12:00,0.1599798090031186
2019-03-20 21:15:00,0.1360170624715238
2019-03-20 21:18:00,0.10010776267051824
2019-03-20 21:21:00,0.07461995353230577
2019-03-20 21:24:00,0.08552981538213089
2019-03-20 21:27:00,0.07899630231639776
2019-03-20 21:30:00,0.11853110401477807
2019-03-20 21:33:00,0.19920728919930752
2019-03-20 21:36:00,0.21735744707530102
2019-03-20 21:39:00,0.17063299845938218
2019-03-20 21:42:00,0.12024338981353822
2019-03-20 21:45:00,0.11655703023774322
2019-03-20 21:48:00,0.0716315525975233
2019-03-20 21:51:00,0.19434480041519464
2019-03-20 21:54:00,0.15110992422143
2019-03-20 21:57:00,0.16225393674392308
2019-03-20 22:00:00,0.09793427513233155
2019-03-20 22:03:00,0.10513604885011318
2019-03-20 22:06:00,0.09501383792257911
2019-03-20 22:09:00,0.09365937001723523
2019-03-20 22:12:00,0.0954628441640466
2019-03-20 22:15:00,0.10556724472979795
2019-03-20 22:18:00,0.058390068481173785
2019-03-20 22:21:00,0.17594365304614712
2019-03-20 22:24:00,0.07172098970585239
2019-03-20 22:27:00,0.24230432034619298
2019-03-20 22:30:00,0.19005679902028305
2019-03-20 22:33:00,0.11673658147179822
2019-03-20 22:36:00,0.10227189265867764
2019-03-20 22:39:00,0.1892391827047959
2019-03-20 22:42:00,0.13960350829540857
2019-03-20 22:45:00,0.1562323568777515
2019-03-20 22:48:00,0.18400399826822422
2019-03-20 22:51:00,0.12244520941248993
2019-03-20 22:54:00,0.18299027221212327
2019-03-20 22:57:00,0.2006851752009311
2019-03-20 23:00:00,0.11710013858925095
2019-03-20 23:03:00,0.26842507876722266
2019-03-20 23:06:00,0.09786518006785627
2019-03-20 23:09:00,0.10523180660868547
2019-03-20 23:12:00,0.14320586603918173
2019-03-20 23:15:00,0.1881820862982977
2019-03-20 23:18:00,0.15235088437862032
2019-03-20 23:21:00,0.08554095110048365
2019-03-20 23:24:00,0.08009526675749612
2019-03-20 23:27:00,0.1613566705183871
2019-03-20 23:30:00,0.155077086099368
2019-03-20 23:33:00,0.1747719937147849
2019-03-20 23:36:00,0.19791210812513782
2019-03-20 23:39:00,0.14849576500301964
2019-03-20 23:42:00,0.23838734021501296
2019-03-20 23:45:00,0.1540373020245056
2019-03-20 23:48:00,0.15465242937733592
2019-03-20 23:51:00,0.25095876724094524
2019-03-20 23:54:00,0.2904641195615909
2019-03-20 23:57:00,0.18934960423632674
2019-03-21 00:00:00,0.2001142872965147
2019-03-21 00:03:00,0.23716967981727066
2019-03-21 00:06:00,0.16225098318835762
2019-03-21 00:09:00,0.23932832600257825
2019-03-21 00:12:00,0.2174534791999463
2019-03-21 00:15:00,0.1973336280131548
2019-03-21 00:18:00,0.3173728277076293
2019-03-21 00:21:00,0.21413115314754805
2019-03-21 00:24:00,0.29952811741196683
2019-03-21 00:27:00,0.28697036338212456
2019-03-21 00:30:00,0.24643541167188232
2019-03-21 00:33:00,0.2475166413852321
2019-03-21 00:36:00,0.2765415219556644
2019-03-21 00:39:00,0.2473807387062834
2019-03-21 00:42:00,0.315609663057387
2019-03-21 00:45:00,0.33427298883304957
2019-03-21 00:48:00,0.33553125583051724
2019-03-21 00:51:00,0.22038454861984746
2019-03-21 00:54:00,0.2788150251919319
2019-03-21 00:57:00,0.21103763603730386
2019-03-21 01:00:00,0.3471916960501744
2019-03-21 01:03:00,0.2709770464118151
2019-03-21 01:06:00,0.27751422709366125
2019-03-21 01:09:00,0.34033830516102626
2019-03-21 01:12:00,0.26141296497047506
2019-03-21 01:15:00,0.29778778058505395
2019-03-21 01:18:00,0.2796239302851973
2019-03-21 01:21:00,0.25657261883628735
2019-03-21 01:24:00,0.3272378288575055
2019-03-21 01:27:00,0.28027917082886233
2019-03-21 01:30:00,0.32139101996881436
2019-03-21 01:33:00,0.3759028818024035
2019-03-21 01:36:00,0.2749026306805149
2019-03-21 01:39:00,0.2956412981071139
2019-03-21 01:42:00,0.26300289074401917
2019-03-21 01:45:00,0.1545296741802531
2019-03-21 01:48:00,0.2839590408962067
2019-03-21 01:51:00,0.27217687284036174
2019-03-21 01:54:00,0.2885875459419367
2019-03-21 01:57:00,0.35196454387141785
2019-03-21 02:00:00,0.23541649736927184
2019-03-21 02:03:00,0.24074105876030671
2019-03-21 02:06:00,0.24391828535095783
2019-03-21 02:09:00,0.27437582651674575
2019-03-21 02:12:00,0.25392275562813893
2019-03-21 02:15:00,0.21389327837653127
2019-03-21 02:18:00,0.2991536363713294
2019-03-21 02:21:00,0.38129082903122935
2019-03-21 02:24:00,0.24652089502171748
2019-03-21 02:27:00,0.29687772082525044
2019-03-21 02:30:00,0.29886292543460513
2019-03-21 02:33:00,0.23613445540945577
2019-03-21 02:36:00,0.3093656206283981
2019-03-21 02:39:00,0.2984647136864851
2019-03-21 02:42:00,0.29987565729385324
2019-03-21 02:45:00,0.29417373936945523
2019-03-21 02:48:00,0.24007056726321707
2019-03-21 02:51:00,0.20700670993346648
2019-03-21 02:54:00,0.3099870805081082
2019-03-21 02:57:00,0.386999504080336
2019-03-21 03:00:00,0.2693017912660025
2019-03-21 03:03:00,0.29542356683435855
2019-03-21 03:06:00,0.31180508529888584
2019-03-21 03:09:00,0.24144463082103584
2019-03-21 03:12:00,0.3209028487581804
2019-03-21 03:15:00,0.25848118003847276
2019-03-21 03:18:00,0.2153078447447001
2019-03-21 03:21:00,0.28067353684815544
2019-03-21 03:24:00,0.29405660506182585
2019-03-21 03:27:00,0.19984982660503192
2019-03-21 03:30:00,0.3424056982169077
2019-03-21 03:33:00,0.24766651888990054
2019-03-21 03:36:00,0.3045852772773969
2019-03-21 03:39:00,0.3167628795616224
2019-03-21 03:42:00,0.29907448562067884
2019-03-21 03:45:00,0.31570368152642914
2019-03-21 03:48:00,0.23905717369217427
2019-03-21 03:51:00,0.3121965795093615
2019-03-21 03:54:00,0.3005631192700662
2019-03-21 03:57:00,0.24701521940221483
2019-03-21 04:00:00,0.2742973332411225
2019-03-21 04:03:00,0.3392465274287133
2019-03-21 04:06:00,0.24916360247806324
2019-03-21 04:09:00,0.3692259719192066
2019-03-21 04:12:00,0.2714706323876044
2019-03-21 04:15:00,0.29155143458513066
2019-03-21 04:18:00,0.28169291431731835
2019-03-21 04:21:00,0.30112105113710186
2019-03-21 04:24:00,0.23650280450198125
2019-03-21 04:27:00,0.3496621331224219
2019-03-21 04:30:00,0.33802794618850385
2019-03-21 04:33:00,0.24705044761481076
2019-03-21 04:36:00,0.37613628331689597
2019-03-21 04:39:00,0.2831015505317396
2019-03-21 04:42:00,0.2672853826687174
2019-03-21 04:45:00,0.35886705417857456
2019-03-21 04:48:00,0.24869862221612493
2019-03-21 04:51:00,0.2563133664297652
2019-03-21 04:54:00,0.33063657637228516
2019-03-21 04:57:00,0.28067672491914664
2019-03-21 05:00:00,0.3498082926593611
2019-03-21 05:03:00,0.2925693330010404
2019-03-21 05:06:00,0.35009530527406696
2019-03-21 05:09:00,0.27898058853116936
2019-03-21 05:12:00,0.23716559407637305
2019-03-21 05:15:00,0.29627036556138364
2019-03-21 05:18:00,0.35581756080358673
2019-03-21 05:21:00,0.26814604631579186
2019-03-21 05:24:00,0.2921069190353478
2019-03-21 05:27:00,0.34351576122742244
2019-03-21 05:30:00,0.38435424055631984
2019-03-21 05:33:00,0.33724002495000605
2019-03-21 05:36:00,0.44131656902470695
2019-03-21 05:39:00,0.3020361988317859
2019-03-21 05:42:00,0.3208257781983548
2019-03-21 05:45:00,0.31068168948428365
2019-03-21 05:48:00,0.3341349457686533
2019-03-21 05:51:00,0.3500605877078442
2019-03-21 05:54:00,0.2969189616494532
2019-03-21 05:57:00,0.20539125941775183
2019-03-21 06:00:00,0.24968990211073105
2019-03-21 06:03:00,0.33199254407207945
2019-03-21 06:06:00,0.24749977600720285
2019-03-21 06:09:00,0.27553278283062355
2019-03-21 06:12:00,0.39052413652956375
2019-03-21 06:15:00,0.30776984260211293
2019-03-21 06:18:00,0.2949389566347236
2019-03-21 06:21:00,0.2560478312674377
2019-03-21 06:24:00,0.3064611945957836
2019-03-21 06:27:00,0.2610692762379472
2019-03-21 06:30:00,0.3224518302019419
2019-03-21 06:33:00,0.24947240845551732
2019-03-21 06:36:00,0.3209431363576982
2019-03-21 06:39:00,0.2390038043909044
2019-03-21 06:42:00,0.3118060264260407
2019-03-21 06:45:00,0.29011029987196935
2019-03-21 06:48:00,0.31874997678528416
2019-03-21 06:51:00,0.2692008172933811
2019-03-21 06:54:00,0.2856185021691431
2019-03-21 06:57:00,0.3164062298890258
2019-03-21 07:00:00,0.252449303380331
2019-03-21 07:03:00,0.151614212057666
2019-03-21 07:06:00,0.2739273123019643
2019-03-21 07:09:00,0.33271035372683855
2019-03-21 07:12:00,0.29978096912230967
2019-03-21 07:15:00,0.38540189654435153
2019-03-21 07:18:00,0.23928151448319568
2019-03-21 07:21:00,0.2346840000744237
2019-03-21 07:24:00,0.25115718355061745
2019-03-21 07:27:00,0.3379713817059269
2019-03-21 07:30:00,0.28075440767293003
2019-03-21 07:33:00,0.273872227904576
2019-03-21 07:36:00,0.17346091780183315
2019-03-21 07:39:00,0.19162869260969728
2019-03-21 07:42:00,0.30514723050686143
2019-03-21 07:45:00,0.28431259152699795
2019-03-21 07:48:00,0.2798318509705382
2019-03-21 07:51:00,0.2579101181937631
2019-03-21 07:54:00,0.2604081216607028
2019-03-21 07:57:00,0.21956705692520018
2019-03-21 08:00:00,0.28920296612869834
2019-03-21 08:03:00,0.21378212209720004
2019-03-21 08:06:00,0.38065305992279264
2019-03-21 08:09:00,0.2525402194324897
2019-03-21 08:12:00,0.20148835201882775
2019-03-21 08:15:00,0.3066970341723163
2019-03-21 08:18:00,0.311009558564308
2019-03-21 08:21:00,0.27946490827940806
2019-03-21 08:24:00,0.2714710795042379
2019-03-21 08:27:00,0.2949366453347011
2019-03-21 08:30:00,0.22139376403629285
2019-03-21 08:33:00,0.21122035557561958
2019-03-21 08:36:00,0.19954168217770984
2019-03-21 08:39:00,0.20834462154357425
2019-03-21 08:42:00,0.2758430988249643
2019-03-21 08:45:00,0.2303765214659279
2019-03-21 08:48:00,0.21706621816309735
2019-03-21 08:51:00,0.19080655774001798
2019-03-21 08:54:00,0.174934197933851
2019-03-21 08:57:00,0.2710335455804511
2019-03-21 09:00:00,0.20903199307662135
2019-03-21 09:03:00,0.18829332357097428
2019-03-21 09:06:00,0.185011720102068
2019-03-21 09:09:00,0.28632452226293026
2019-03-21 09:12:00,0.08840914345398687
2019-03-21 09:15:00,0.22805002094952442
2019-03-21 09:18:00,0.11749645386822749
2019-03-21 09:21:00,0.16414494284271086
2019-03-21 09:24:00,0.18116513764641695
2019-03-21 09:27:00,0.08643291533792308
2019-03-21 09:30:00,0.1516336410326744
2019-03-21 09:33:00,0.06930209793972608
2019-03-21 09:36:00,-0.008249974183684117
2019-03-21 09:39:00,-0.08556923120625015
2019-03-21 09:42:00,0.12260117309682528
2019-03-21 09:45:00,0.040524683513581294
2019-03-21 09:48:00,0.15457972875321957
2019-03-21 09:51:00,0.10192976350475647
2019-03-21 09:54:00,0.137398259757731
2019-03-21 09:57:00,0.13558916119427522
2019-03-21 10:00:00,0.028354191982259636
2019-03-21 10:03:00,0.058639049395992515
2019-03-21 10:06:00,0.09414183414992294
2019-03-21 10:09:00,0.062263907648514305
2019-03-21 10:12:00,-0.001725774630244814
2019-03-21 10:15:00,0.14819381992714398
2019-03-21 10:18:00,0.029593317738772384
2019-03-21 10:21:00,0.035563048536175756
2019-03-21 10:24:00,0.11514182381233695
2019-03-21 10:27:00,0.11358188042959227
2019-03-21 10:30:00,0.03715085672661189
2019-03-21 10:33:00,0.11350246506293615
2019-03-21 10:36:00,0.1142639067094251
2019-03-21 10:39:00,0.0538628030095083
2019-03-21 10:42:00,0.07653173084560194
2019-03-21 10:45:00,0.034889927669723875
2019-03-21 10:48:00,0.012869197957002143
2019-03-21 10:51:00,0.008088509267167865
2019-03-21 10:54:00,0.05037618229749796
2019-03-21 10:57:00,-0.0012215658414902464
2019-03-21 11:00:00,0.10997760554653269
2019-03-21 11:03:00,0.08242059637956345
2019-03-21 11:06:00,0.06174398092611
2019-03-21 11:09:00,0.040399978740026654
2019-03-21 11:12:00,0.025078516482778923
2019-03-21 11:15:00,0.0002587574291510464
2019-03-21 11:18:00,0.09212963728049317
2019-03-21 11:21:00,0.0028973709020760907
2019-03-21 11:24:00,0.004528790580650366
2019-03-21 11:27:00,-0.10426427732755883
2019-03-21 11:30:00,-0.02808195357386012
2019-03-21 11:33:00,-0.032086244363597416
2019-03-21 11:36:00,-0.11228296253665349
2019-03-21 11:39:00,-0.04135553157271943
2019-03-21 11:42:00,-0.152395870088867
2019-03-21 11:45:00,-0.10173018733337358
2019-03-21 11:48:00,-0.006827453838866404
2019-03-21 11:51:00,0.03279041112051573
2019-03-21 11:54:00,-0.04259907497760196
2019-03-21 11:57:00,0.04382742450235355
2019-03-21 12:00:00,0.07801261877222032
2019-03-21 12:03:00,0.039532447153419525
2019-03-21 12:06:00,0.09498077646787806
2019-03-21 12:09:00,0.1767952279834617
2019-03-21 12:12:00,0.08037578296244874
2019-03-21 12:15:00,0.11207229463252588
2019-03-21 12:18:00,0.12807896385191953
2019-03-21 12:21:00,0.03432037759046125
2019-03-21 12:24:00,0.008336159426733047
2019-03-21 12:27:00,0.07084967480358273
2019-03-21 12:30:00,0.11901899612269062
2019-03-21 12:33:00,0.05723325946610203
2019-03-21 12:36:00,-0.10340096326450521
2019-03-21 12:39:00,-0.17137590884658493
2019-03-21 12:42:00,-0.11639694978492798
2019-03-21 12:45:00,-0.10447278363352552
2019-03-21 12:48:00,-0.10787548585693685
2019-03-21 12:51:00,-0.1859918460124277
2019-03-21 12:54:00,-0.10694221851571228
2019-03-21 12:57:00,-0.022329630511592313
2019-03-21 13:00:00,-0.10295813728561143
2019-03-21 13:03:00,-0.05029725781059824
2019-03-21 13:06:00,-0.1518557320678724
2019-03-21 13:09:00,-0.16416835791619633
2019-03-21 13:12:00,-0.15718828562256704
2019-03-21 13:15:00,-0.0620516460919589
2019-03-21 13:18:00,-0.16651739906507146
2019-03-21 13:21:00,-0.3098618135014135
2019-03-21 13:24:00,-0.2803051105356644
2019-03-21 13:27:00,-0.3138826567470687
2019-03-21 13:30:00,-0.28978714250052917
2019-03-21 13:33:00,-0.1981058647480154
2019-03-21 13:36:00,-0.18012178231265352
2019-03-21 13:39:00,-0.20804578136778673
2019-03-21 13:42:00,-0.07886500789345519
2019-03-21 13:45:00,0.06060233078596866
2019-03-21 13:48:00,0.0086855703590345
2019-03-21 13:51:00,-0.03658575032795852
2019-03-21 13:54:00,-0.16221698193811562
2019-03-21 13:57:00,-0.22037238375219204
2019-03-21 14:00:00,-0.1197440892395889
2019-03-21 14:03:00,-0.17317022419700834
2019-03-21 14:06:00,-0.07872623140747237
2019-03-21 14:09:00,-0.08549366436380978
2019-03-21 14:12:00,0.06084677491543289
2019-03-21 14:15:00,-0.03691263678359746
2019-03-21 14:18:00,0.16460725268689202
2019-03-21 14:21:00,0.31259108208513453
2019-03-21 14:24:00,0.46187051058262796
2019-03-21 14:27:00,0.38319759642024565
2019-03-21 14:30:00,0.23637520976046744
2019-03-21 14:33:00,0.1397117033616837
2019-03-21 14:36:00,0.22205241442662782
2019-03-21 14:39:00,0.12228698765682111
2019-03-21 14:42:00,0.19123949131625295
2019-03-21 14:45:00,0.10999268094684567
2019-03-21 14:48:00,0.14401748091745503
2019-03-21 14:51:00,0.34882092234494166
2019-03-21 14:54:00,0.3498389552823369
2019-03-21 14:57:00,0.4431539120403727
2019-03-21 15:00:00,0.4358284398265937
2019-03-21 15:03:00,0.35991136253176137
2019-03-21 15:06:00,0.3930747299062318
2019-03-21 15:09:00,0.3797452558150667
2019-03-21 15:12:00,0.4617195404517247
2019-03-21 15:15:00,0.5110152851079306
2019-03-21 15:18:00,0.5397750405282409
2019-03-21 15:21:00,0.4658503749200804
2019-03-21 15:24:00,0.6403249954928469
2019-03-21 15:27:00,0.6335617512466456
2019-03-21 15:30:00,0.6657104073611322
2019-03-21 15:33:00,0.5816375979829331
2019-03-21 15:36:00,0.568767036717702
2019-03-21 15:39:00,0.6121189226387855
2019-03-21 15:42:00,0.7276170425197392
2019-03-21 15:45:00,0.6094096811037844
2019-03-21 15:48:00,0.6649023662004652
2019-03-21 15:51:00,0.6842700440347471
2019-03-21 15:54:00,0.743717588040397
2019-03-21 15:57:00,0.6629607318966464
2019-03-21 16:00:00,0.6898088288414783
2019-03-21 16:03:00,0.7120328672025948
2019-03-21 16:06:00,0.6627320596479649
2019-03-21 16:09:00,0.5919394521226309
2019-03-21 16:12:00,0.5126739754116443
2019-03-21 16:15:00,0.5940590903553584
2019-03-21 16:18:00,0.5494075376479373
2019-03-21 16:21:00,0.46425277758345374
2019-03-21 16:24:00,0.4764769421004189
2019-03-21 16:27:00,0.45682301387421376
2019-03-21 16:30:00,0.39520118175971675
2019-03-21 16:33:00,0.36771294059860793
2019-03-21 16:36:00,0.42029156070378804
2019-03-21 16:39:00,0.4066046432649273
2019-03-21 16:42:00,0.32221014455785735
2019-03-21 16:45:00,0.4132261532250254
2019-03-21 16:48:00,0.3440039934625361
2019-03-21 16:51:00,0.3496133142267581
2019-03-21 16:54:00,0.2953584520163304
2019-03-21 16:57:00,0.28406919838153044
2019-03-21 17:00:00,0.23313652711868826
2019-03-21 17:03:00,0.24685982958413888
2019-03-21 17:06:00,0.39827870525482467
2019-03-21 17:09:00,0.44472348246398496
2019-03-21 17:12:00,0.5296296870654373
2019-03-21 17:15:00,0.477096013717869
2019-03-21 17:18:00,0.46309466310640346
2019-03-21 17:21:00,0.5167076305834257
2019-03-21 17:24:00,0.4472878305986683
2019-03-21 17:27:00,0.4991741091951667
2019-03-21 17:30:00,0.5094567395501599
2019-03-21 17:33:00,0.49731269218261787
2019-03-21 17:36:00,0.46145209807872334
2019-03-21 17:39:00,0.45728334149868033
2019-03-21 17:42:00,0.41796962513529934
2019-03-21 17:45:00,0.49101099222122
2019-03-21 17:48:00,0.5996079694950254
2019-03-21 17:51:00,0.5759140730365289
2019-03-21 17:54:00,0.5186496187473608
2019-03-21 17:57:00,0.3491511068870068
2019-03-21 18:00:00,0.27911421641806555
2019-03-21 18:03:00,0.38103638088347225
2019-03-21 18:06:00,0.39616716735690716
2019-03-21 18:09:00,0.36972418589806466
2019-03-21 18:12:00,0.3848063687429999
2019-03-21 18:15:00,0.34721263377923606
2019-03-21 18:18:00,0.36373418283176306
2019-03-21 18:21:00,0.3391670366831363
2019-03-21 18:24:00,0.3070578164309268
2019-03-21 18:27:00,0.36285616767747797
2019-03-21 18:30:00,0.4256742408216496
2019-03-21 18:33:00,0.35089219929454885
2019-03-21 18:36:00,0.38007138344721625
2019-03-21 18:39:00,0.2642998048717118
2019-03-21 18:42:00,0.33632312799215924
2019-03-21 18:45:00,0.35247622085131525
2019-03-21 18:48:00,0.3771138949418287
2019-03-21 18:51:00,0.376283142480645
2019-03-21 18:54:00,
2019-03-21 18:57:00,
2019-03-21 19:00:00,
2019-03-21 19:03:00,0.3303379646058602
2019-03-21 19:06:00,0.4278573642568517
2019-03-21 19:09:00,0.3134694237630242
2019-03-21 19:12:00,0.2710808398550171
2019-03-21 19:15:00,0.39347589977415964
2019-03-21 19:18:00,0.3986615563707687
2019-03-21 19:21:00,0.31226523633836223
2019-03-21 19:24:00,0.3612809813066633
2019-03-21 19:27:00,0.3575592749800762
2019-03-21 19:30:00,0.3882090864709653
2019-03-21 19:33:00,0.30244312992056166
2019-03-21 19:36:00,0.343130845725625
2019-03-21 19:39:00,0.4248804698455615
2019-03-21 19:42:00,0.36838585092186804
2019-03-21 19:45:00,0.4385352291570257
2019-03-21 19:48:00,0.34365746298652766
2019-03-21 19:51:00,0.42625604367196956
2019-03-21 19:54:00,0.4056691077446999
2019-03-21 19:57:00,0.3263395225309864
2019-03-21 20:00:00,0.41414703613349957
2019-03-21 20:03:00,0.403870447608881
2019-03-21 20:06:00,0.37626500257886164
2019-03-21 20:09:00,0.37589376642887373
2019-03-21 20:12:00,0.36072004398903346
2019-03-21 20:15:00,0.29324584679261534
2019-03-21 20:18:00,0.383153141714331
2019-03-21 20:21:00,0.40624736679825446
2019-03-21 20:24:00,0.24483209263752315
2019-03-21 20:27:00,0.3751830441599395
2019-03-21 20:30:00,0.33353782664948994
2019-03-21 20:33:00,0.3158537976706839
2019-03-21 20:36:00,0.3186791453701403
2019-03-21 20:39:00,0.36580338833545056
2019-03-21 20:42:00,0.3907731812133761
2019-03-21 20:45:00,0.3296058841401077
2019-03-21 20:48:00,0.4565996644583947
2019-03-21 20:51:00,0.30738010101737245
2019-03-21 20:54:00,0.3605139625606739
2019-03-21 20:57:00,0.34232311406606186
2019-03-21 21:00:00,0.4109472661482414
2019-03-21 21:03:00,0.3206588466968583
2019-03-21 21:06:00,0.25382240286324986
2019-03-21 21:09:00,0.29325939251043565
2019-03-21 21:12:00,0.3657123918601428
2019-03-21 21:15:00,0.3446087220781351
2019-03-21 21:18:00,0.3271427170654988
2019-03-21 21:21:00,0.27881582547678363
2019-03-21 21:24:00,0.16613690426953553
2019-03-21 21:27:00,0.33530596546256675
2019-03-21 21:30:00,0.38038719068509863
2019-03-21 21:33:00,0.32696741296558685
2019-03-21 21:36:00,0.284468520752057
2019-03-21 21:39:00,0.2886908435836517
2019-03-21 21:42:00,0.17867311729548874
2019-03-21 21:45:00,0.3290252596282812
2019-03-21 21:48:00,0.2784080326796925
2019-03-21 21:51:00,0.3264094757059297
2019-03-21 21:54:00,0.35438915633454826
2019-03-21 21:57:00,0.29956389413251827
2019-03-21 22:00:00,0.3546373171916457
2019-03-21 22:03:00,0.3798101003382044
2019-03-21 22:06:00,0.3154288692672935
2019-03-21 22:09:00,0.3094532213262937
2019-03-21 22:12:00,0.31262304670337926
2019-03-21 22:15:00,0.33175136504650027
2019-03-21 22:18:00,0.31023415229162765
2019-03-21 22:21:00,0.2957366491412472
2019-03-21 22:24:00,0.2881701872486815
2019-03-21 22:27:00,0.2585929012436736
2019-03-21 22:30:00,0.22806781134062248
2019-03-21 22:33:00,0.30569591695893905
2019-03-21 22:36:00,0.2594174836061711
2019-03-21 22:39:00,0.2899988650424916
2019-03-21 22:42:00,0.3270012816373651
2019-03-21 22:45:00,0.21741257838522188
2019-03-21 22:48:00,0.25215227431084486
2019-03-21 22:51:00,0.3763435941198736
2019-03-21 22:54:00,0.37961640746806324
2019-03-21 22:57:00,0.34659250717839996
2019-03-21 23:00:00,0.34095313780193237
2019-03-21 23:03:00,0.320281184552357
2019-03-21 23:06:00,0.3151126250527909
2019-03-21 23:09:00,0.30582601889022953
2019-03-21 23:12:00,0.248646944680047
2019-03-21 23:15:00,0.3571670589716973
2019-03-21 23:18:00,0.259223429011854
2019-03-21 23:21:00,0.26973596719136594
2019-03-21 23:24:00,0.3235818185750645
2019-03-21 23:27:00,0.2917339241147374
2019-03-21 23:30:00,0.29893102226702695
2019-03-21 23:33:00,0.3648100101170826
2019-03-21 23:36:00,0.3279085658780332
2019-03-21 23:39:00,0.2522125404235567
2019-03-21 23:42:00,0.3924423454972725
2019-03-21 23:45:00,0.4753585586854001
2019-03-21 23:48:00,0.38821472159708037
2019-03-21 23:51:00,0.3140181592387421
2019-03-21 23:54:00,0.3404312969566945
2019-03-21 23:57:00,0.37173666664421035
2019-03-22 00:00:00,0.27968566903371084
2019-03-22 00:03:00,0.3321008277420674
2019-03-22 00:06:00,0.2584136397121597
2019-03-22 00:09:00,0.2689493449191218
2019-03-22 00:12:00,0.2946340735750823
2019-03-22 00:15:00,0.2555779561454301
2019-03-22 00:18:00,0.2721770227461775
2019-03-22 00:21:00,0.36174449570557954
2019-03-22 00:24:00,0.2929223794699283
2019-03-22 00:27:00,0.29387122193571713
2019-03-22 00:30:00,0.3088468022094162
2019-03-22 00:33:00,0.39271961532449495
2019-03-22 00:36:00,0.3697069779503295
2019-03-22 00:39:00,0.3557225638978707
2019-03-22 00:42:00,0.307171395317539
2019-03-22 00:45:00,0.26031352611744296
2019-03-22 00:48:00,0.2967189120308831
2019-03-22 00:51:00,0.3287705306169073
2019-03-22 00:54:00,0.37444302799269735
2019-03-22 00:57:00,0.4180423009139531
2019-03-22 01:00:00,0.34105919866811973
2019-03-22 01:03:00,0.39619928139109106
2019-03-22 01:06:00,0.4702282008851739
2019-03-22 01:09:00,0.34155520747219725
2019-03-22 01:12:00,0.38634019627954785
2019-03-22 01:15:00,0.3986492918823501
2019-03-22 01:18:00,0.35384256620113774
2019-03-22 01:21:00,0.2951040797182145
2019-03-22 01:24:00,0.3145257261097072
2019-03-22 01:27:00,0.31078683507087135
2019-03-22 01:30:00,0.3136745987507652
2019-03-22 01:33:00,0.35190987659620987
2019-03-22 01:36:00,0.29733457835470745
2019-03-22 01:39:00,0.30625886326333784
2019-03-22 01:42:00,0.29035071493547093
2019-03-22 01:45:00,0.2536756673664513
2019-03-22 01:48:00,0.30982967551966567
2019-03-22 01:51:00,0.1954353693478197
2019-03-22 01:54:00,0.3386115611058358
2019-03-22 01:57:00,0.24807218858836677
2019-03-22 02:00:00,0.2654454915814881
2019-03-22 02:03:00,0.31732241342893985
2019-03-22 02:06:00,0.3333215674265375
2019-03-22 02:09:00,0.2440561861821493
2019-03-22 02:12:00,0.3125835909353327
2019-03-22 02:15:00,0.3681409247411125
2019-03-22 02:18:00,0.2764033491828286
2019-03-22 02:21:00,0.3451888627959079
2019-03-22 02:24:00,0.3534639044676169
2019-03-22 02:27:00,0.2959687065816752
2019-03-22 02:30:00,0.3658383044134439
2019-03-22 02:33:00,0.3580040591152738
2019-03-22 02:36:00,0.33287092250446904
2019-03-22 02:39:00,0.3260224270844674
2019-03-22 02:42:00,0.37431388765747897
2019-03-22 02:45:00,0.2790367361319568
2019-03-22 02:48:00,0.3741780271346329
2019-03-22 02:51:00,0.3117880058283049
2019-03-22 02:54:00,0.3783020142533928
2019-03-22 02:57:00,0.35887717591469936
2019-03-22 03:00:00,0.25882928926586146
2019-03-22 03:03:00,0.3910895224006481
2019-03-22 03:06:00,0.35966582792735835
2019-03-22 03:09:00,0.33014888466868797
2019-03-22 03:12:00,0.38740376407440635
2019-03-22 03:15:00,0.34200399509433055
2019-03-22 03:18:00,0.33836252221493623
2019-03-22 03:21:00,0.2961208467686447
2019-03-22 03:24:00,0.3882041009425734
2019-03-22 03:27:00,0.3461808996458444
2019-03-22 03:30:00,0.29177528127235064
2019-03-22 03:33:00,0.47692691822794586
2019-03-22 03:36:00,0.31930449832623253
2019-03-22 03:39:00,0.43290324816558723
2019-03-22 03:42:00,0.3738185160168541
2019-03-22 03:45:00,0.42625775990461534
2019-03-22 03:48:00,0.377801811958534
2019-03-22 03:51:00,0.3389875671641107
2019-03-22 03:54:00,0.3744241875355101
2019-03-22 03:57:00,0.351740627407537
2019-03-22 04:00:00,0.35314516670604235
2019-03-22 04:03:00,0.3682192010920744
2019-03-22 04:06:00,0.23866793519238172
2019-03-22 04:09:00,0.3225102474129926
2019-03-22 04:12:00,0.32486090203576623
2019-03-22 04:15:00,0.32519204577261007
2019-03-22 04:18:00,0.27697898476782257
2019-03-22 04:21:00,0.275751927092756
2019-03-22 04:24:00,0.30013819817645526
2019-03-22 04:27:00,0.23538338387993463
2019-03-22 04:30:00,0.312493461045392
2019-03-22 04:33:00,0.3233486040060711
2019-03-22 04:36:00,0.27537056765669377
2019-03-22 04:39:00,0.3466407833781773
2019-03-22 04:42:00,0.3652475398795332
2019-03-22 04:45:00,0.36934136861128763
2019-03-22 04:48:00,0.3299580546195102
2019-03-22 04:51:00,0.2769414908915451
2019-03-22 04:54:00,0.33697190365734286
2019-03-22 04:57:00,0.3120216009135106
2019-03-22 05:00:00,0.3728164004580776
2019-03-22 05:03:00,0.27101305896036365
2019-03-22 05:06:00,0.32527935790835727
2019-03-22 05:09:00,0.29923790463811883
2019-03-22 05:12:00,0.3186019804649618
2019-03-22 05:15:00,0.3016480865203448
2019-03-22 05:18:00,0.2639199519273916
2019-03-22 05:21:00,0.32562841750103644
2019-03-22 05:24:00,0.39328760351043
2019-03-22 05:27:00,0.38382995079342663
2019-03-22 05:30:00,0.28286610443967675
2019-03-22 05:33:00,0.3383257139898319
2019-03-22 05:36:00,0.30192745467388704
2019-03-22 05:39:00,0.3286224728560114
2019-03-22 05:42:00,0.2985133767759294
2019-03-22 05:45:00,0.3441208316186817
2019-03-22 05:48:00,0.2947949086942572
2019-03-22 05:51:00,0.33140690296420416
2019-03-22 05:54:00,0.38207679196557365
2019-03-22 05:57:00,0.40413622546111583
2019-03-22 06:00:00,0.33111302151223754
2019-03-22 06:03:00,0.3713090232591867
2019-03-22 06:06:00,0.34174604119709784
2019-03-22 06:09:00,0.3461672350076128
2019-03-22 06:12:00,0.3884835194556331
2019-03-22 06:15:00,0.3659918944213132
2019-03-22 06:18:00,0.3932753722377811
2019-03-22 06:21:00,0.33816770397055507
2019-03-22 06:24:00,0.33270609583740907
2019-03-22 06:27:00,0.3194415374003938
2019-03-22 06:30:00,0.28774766144113073
2019-03-22 06:33:00,0.292650206938049
2019-03-22 06:36:00,0.3452310263980962
2019-03-22 06:39:00,0.37734047620597266
2019-03-22 06:42:00,0.35146888326522685
2019-03-22 06:45:00,0.30702558618997955
2019-03-22 06:48:00,0.33005114661500556
2019-03-22 06:51:00,0.3293835401193519
2019-03-22 06:54:00,0.3546017049504826
2019-03-22 06:57:00,0.32747344333461115
2019-03-22 07:00:00,0.44673525254819424
2019-03-22 07:03:00,0.4107331659581632
2019-03-22 07:06:00,0.3561590631371132
2019-03-22 07:09:00,0.40720772392620574
2019-03-22 07:12:00,0.40398787596222974
2019-03-22 07:15:00,0.33620074437754965
2019-03-22 07:18:00,0.3230805895201456
2019-03-22 07:21:00,0.3097388816532316
2019-03-22 07:24:00,0.46457274267976345
2019-03-22 07:27:00,0.4009512085055462
2019-03-22 07:30:00,0.3546434499685347
2019-03-22 07:33:00,0.32066826650617486
2019-03-22 07:36:00,0.3729113679850684
2019-03-22 07:39:00,0.3011330487302075
2019-03-22 07:42:00,0.23969546790800678
2019-03-22 07:45:00,0.2073081861244077
2019-03-22 07:48:00,0.29633498498196786
2019-03-22 07:51:00,0.24527695949910822
2019-03-22 07:54:00,0.275554843618977
2019-03-22 07:57:00,0.2701593675746494
2019-03-22 08:00:00,0.2893590225478988
2019-03-22 08:03:00,0.3433769232142936
2019-03-22 08:06:00,0.30442444167016447
2019-03-22 08:09:00,0.15519165751044284
2019-03-22 08:12:00,0.27355022794557726
2019-03-22 08:15:00,0.30669059161493806
2019-03-22 08:18:00,0.23793939946926912
2019-03-22 08:21:00,0.24599982809212406
2019-03-22 08:24:00,0.24173226605000764
2019-03-22 08:27:00,0.23757668329562875
2019-03-22 08:30:00,0.25039877620474726
2019-03-22 08:33:00,0.25763003235960014
2019-03-22 08:36:00,0.2732763726937151
2019-03-22 08:39:00,0.31262881663207054
2019-03-22 08:42:00,0.3265453686580031
2019-03-22 08:45:00,0.222495118180575
2019-03-22 08:48:00,0.39665670739316283
2019-03-22 08:51:00,0.25142355139439587
2019-03-22 08:54:00,0.3021571108943135
2019-03-22 08:57:00,0.19220084781886726
2019-03-22 09:00:00,0.19605007738272207
2019-03-22 09:03:00,0.19962949250145812
2019-03-22 09:06:00,0.2617052714043666
2019-03-22 09:09:00,0.20683522063711735
2019-03-22 09:12:00,0.23913747683394604
2019-03-22 09:15:00,0.3275449295201156
2019-03-22 09:18:00,0.15343477603806832
2019-03-22 09:21:00,0.17536849040106972
2019-03-22 09:24:00,0.11753796811854045
2019-03-22 09:27:00,0.27230377129302497
2019-03-22 09:30:00,0.1863624619612665
2019-03-22 09:33:00,0.2746531910887029
2019-03-22 09:36:00,0.29327329712100436
2019-03-22 09:39:00,0.2124980301763344
2019-03-22 09:42:00,0.1747773439204252
2019-03-22 09:45:00,0.1884696158813881
2019-03-22 09:48:00,0.17937128036624017
2019-03-22 09:51:00,0.15526569034824433
2019-03-22 09:54:00,0.06799730916594626
2019-03-22 09:57:00,0.1169769849180966
2019-03-22 10:00:00,0.07696094688344601
2019-03-22 10:03:00,0.08295089087818042
2019-03-22 10:06:00,0.021978716337457627
2019-03-22 10:09:00,0.13704571795489073
2019-03-22 10:12:00,0.14503702713142275
2019-03-22 10:15:00,0.09383239190975701
2019-03-22 10:18:00,0.04557588195137896
2019-03-22 10:21:00,0.020852060136689943
2019-03-22 10:24:00,0.17178999713900112
2019-03-22 10:27:00,0.05328684081212032
2019-03-22 10:30:00,0.06919147225119104
2019-03-22 10:33:00,0.012650583894981082
2019-03-22 10:36:00,-0.017445499334144188
2019-03-22 10:39:00,0.12344457011039367
2019-03-22 10:42:00,0.11007330931442993
2019-03-22 10:45:00,-0.013435250448708302
2019-03-22 10:48:00,0.07246019695293171
2019-03-22 10:51:00,0.07490056550426516
2019-03-22 10:54:00,0.013857712628180252
2019-03-22 10:57:00,0.03150140320047967
2019-03-22 11:00:00,-0.01106333618025701
2019-03-22 11:03:00,0.041752991243299675
2019-03-22 11:06:00,0.12488425850244766
2019-03-22 11:09:00,0.05559562588285871
2019-03-22 11:12:00,-0.033814795138368936
2019-03-22 11:15:00,0.03154655146153118
2019-03-22 11:18:00,0.10315967779951052
2019-03-22 11:21:00,0.0032993686829172475
2019-03-22 11:24:00,-0.0006254659600131163
2019-03-22 11:27:00,0.07835300199741368
2019-03-22 11:30:00,0.010222928576297363
2019-03-22 11:33:00,-0.019312739824158598
2019-03-22 11:36:00,0.060705114956363104
2019-03-22 11:39:00,0.010956557117424381
2019-03-22 11:42:00,0.0129564246881273
2019-03-22 11:45:00,0.017654918698724487
2019-03-22 11:48:00,0.028655214518948924
2019-03-22 11:51:00,0.01607624084044801
2019-03-22 11:54:00,0.021237301832684352
2019-03-22 11:57:00,0.1043300965287699
2019-03-22 12:00:00,0.002578478867292233
2019-03-22 12:03:00,0.03203216841558287
2019-03-22 12:06:00,-0.04844803119470953
2019-03-22 12:09:00,0.013528035220190304
2019-03-22 12:12:00,0.005480100732881965
2019-03-22 12:15:00,0.02149124683211312
2019-03-22 12:18:00,0.05670577763879692
2019-03-22 12:21:00,-0.03151217193163802
2019-03-22 12:24:00,-0.06356374802061282
2019-03-22 12:27:00,0.026550497351479407
2019-03-22 12:30:00,0.06770964956120906
2019-03-22 12:33:00,0.1364971743486194
2019-03-22 12:36:00,0.13004675701034785
2019-03-22 12:39:00,0.12512651999850277
2019-03-22 12:42:00,0.0907476614480629
2019-03-22 12:45:00,0.17969469053508647
2019-03-22 12:48:00,0.17567376674395518
2019-03-22 12:51:00,0.11710508699150068
2019-03-22 12:54:00,0.12221471558234498
2019-03-22 12:57:00,-0.034291342723065554
2019-03-22 13:00:00,0.19449675844248304
2019-03-22 13:03:00,0.11380977270312087
2019-03-22 13:06:00,0.1024741149568058
2019-03-22 13:09:00,0.048505023046232054
2019-03-22 13:12:00,-0.06746626483010232
2019-03-22 13:15:00,0.001012462259836866
2019-03-22 13:18:00,0.010356580117218073
2019-03-22 13:21:00,-0.02476134295528709
2019-03-22 13:24:00,-0.03502330611496518
2019-03-22 13:27:00,-0.0765072077948048
2019-03-22 13:30:00,-0.00544851338730723
2019-03-22 13:33:00,-0.13135461278221783
2019-03-22 13:36:00,-0.16248440563578015
2019-03-22 13:39:00,-0.17545255741384835
2019-03-22 13:42:00,-0.10155850306523462
2019-03-22 13:45:00,-0.09819497528843613
2019-03-22 13:48:00,-0.0027114276931570203
2019-03-22 13:51:00,-0.027457206793087607
2019-03-22 13:54:00,0.059064227019177906
2019-03-22 13:57:00,0.010598946892514505
2019-03-22 14:00:00,-0.13471225320591884
2019-03-22 14:03:00,-0.08620758216198965
2019-03-22 14:06:00,-0.08809646429358509
2019-03-22 14:09:00,-0.016477040956317524
2019-03-22 14:12:00,-0.05550147057857657
2019-03-22 14:15:00,-0.01251401219218451
2019-03-22 14:18:00,-0.14961672143118676
2019-03-22 14:21:00,-0.04951196455004947
2019-03-22 14:24:00,0.0546530084944834
2019-03-22 14:27:00,0.03920186609701659
2019-03-22 14:30:00,-0.11793649956211993
2019-03-22 14:33:00,-0.13125066048854706
2019-03-22 14:36:00,-0.027563992228635925
2019-03-22 14:39:00,-0.05002714838360589
2019-03-22 14:42:00,-0.0806593323487732
2019-03-22 14:45:00,-0.07278935085122384
2019-03-22 14:48:00,-0.026731285499465685
2019-03-22 14:51:00,-0.036034526379808085
2019-03-22 14:54:00,-0.08202417113136562
2019-03-22 14:57:00,-0.12457097651747517
2019-03-22 15:00:00,-0.12852448107292958
2019-03-22 15:03:00,-0.22194873394528258
2019-03-22 15:06:00,-0.1971675204845269
2019-03-22 15:09:00,-0.13221993795389153
2019-03-22 15:12:00,-0.19853748519346937
2019-03-22 15:15:00,0.04736411671723317
2019-03-22 15:18:00,-0.012796991925711154
2019-03-22 15:21:00,0.10187692185246533
2019-03-22 15:24:00,0.1214020580140982
2019-03-22 15:27:00,0.2247945033520864
2019-03-22 15:30:00,0.34250844220537147
2019-03-22 15:33:00,0.245267911316148
2019-03-22 15:36:00,0.33842064408565875
2019-03-22 15:39:00,0.28242038161806704
2019-03-22 15:42:00,0.17312382094473833
2019-03-22 15:45:00,0.18509784393882
2019-03-22 15:48:00,0.09061380057613633
2019-03-22 15:51:00,-0.04119640920288248
2019-03-22 15:54:00,-0.04241257771479923
2019-03-22 15:57:00,-0.025356624106620984
2019-03-22 16:00:00,-0.013021807469101532
2019-03-22 16:03:00,-0.08310865845288617
2019-03-22 16:06:00,-0.0713919484167036
2019-03-22 16:09:00,-0.07128293995970125
2019-03-22 16:12:00,-0.026444524632097455
2019-03-22 16:15:00,0.02560819612023124
2019-03-22 16:18:00,9.183873964957456e-05
2019-03-22 16:21:00,0.04241446268730442
2019-03-22 16:24:00,0.05424425261435317
2019-03-22 16:27:00,0.02501558430952855
2019-03-22 16:30:00,-0.010569270279120246
2019-03-22 16:33:00,0.005919183454409449
2019-03-22 16:36:00,-0.16946873125374395
2019-03-22 16:39:00,0.013660047120993113
2019-03-22 16:42:00,0.09646763153108395
2019-03-22 16:45:00,0.08388039612060538
2019-03-22 16:48:00,-0.24592981370307143
2019-03-22 16:51:00,-0.005884650596328811
2019-03-22 16:54:00,0.08337588462075018
2019-03-22 16:57:00,0.061488250567549585
2019-03-22 17:00:00,0.1038000741859264
2019-03-22 17:03:00,0.041619920308789915
2019-03-22 17:06:00,0.1385609781835342
2019-03-22 17:09:00,0.12794943651414314
2019-03-22 17:12:00,0.3200459335012624
2019-03-22 17:15:00,0.23495452360521085
2019-03-22 17:18:00,0.28827988868943066
2019-03-22 17:21:00,0.25639472224094106
2019-03-22 17:24:00,0.2930466166016572
2019-03-22 17:27:00,0.3003569591064661
2019-03-22 17:30:00,0.15194977077908334
2019-03-22 17:33:00,0.1937337662092773
2019-03-22 17:36:00,0.30061103619397045
2019-03-22 17:39:00,0.39369447804892843
2019-03-22 17:42:00,0.41782983379238203
2019-03-22 17:45:00,0.375518565905395
2019-03-22 17:48:00,0.4353629369635428
2019-03-22 17:51:00,0.39103920573342066
2019-03-22 17:54:00,0.422784978827508
2019-03-22 17:57:00,0.39889847753192953
2019-03-22 18:00:00,0.5083756669367858
2019-03-22 18:03:00,0.5102180555161908
2019-03-22 18:06:00,0.4000483034076865
2019-03-22 18:09:00,0.48583135285394974
2019-03-22 18:12:00,0.5042701024269718
2019-03-22 18:15:00,0.45148076248005964
2019-03-22 18:18:00,0.47919499110224706
2019-03-22 18:21:00,0.4866385489190179
2019-03-22 18:24:00,0.4635002330271618
2019-03-22 18:27:00,0.41035961968646006
2019-03-22 18:30:00,0.35324693667689644
2019-03-22 18:33:00,0.24078430756009084
2019-03-22 18:36:00,0.26669550842717626
2019-03-22 18:39:00,0.1809196887750204
2019-03-22 18:42:00,0.16125487363342472
2019-03-22 18:45:00,0.25301536018463366
2019-03-22 18:48:00,0.26018926944112764
2019-03-22 18:51:00,0.2976594970285191
2019-03-22 18:54:00,0.29876502297071283
2019-03-22 18:57:00,
2019-03-22 19:00:00,
2019-03-22 19:03:00,0.2171551269992733
2019-03-22 19:06:00,0.27213459679933294
2019-03-22 19:09:00,0.2942238315735608
2019-03-22 19:12:00,0.35843068168003356
2019-03-22 19:15:00,0.2682081056015022
2019-03-22 19:18:00,0.3738751096378792
2019-03-22 19:21:00,0.3930217678686745
2019-03-22 19:24:00,0.2358662368699811
2019-03-22 19:27:00,0.2874952278696128
2019-03-22 19:30:00,0.2830816601894526
2019-03-22 19:33:00,0.27203775021996535
2019-03-22 19:36:00,0.29681528508689325
2019-03-22 19:39:00,0.22572745866398236
2019-03-22 19:42:00,0.3217824024635547
2019-03-22 19:45:00,0.3222607881391468
2019-03-22 19:48:00,0.29611060500826625
2019-03-22 19:51:00,0.33893427597172376
2019-03-22 19:54:00,0.2725457613861977
2019-03-22 19:57:00,0.23653326999004776
2019-03-22 20:00:00,0.3707822195477206
2019-03-22 20:03:00,0.30233873205213513
2019-03-22 20:06:00,0.3164688266493272
2019-03-22 20:09:00,0.28172694785433805
2019-03-22 20:12:00,0.27545565710994424
2019-03-22 20:15:00,0.3199634491522829
2019-03-22 20:18:00,0.3404220553437085
2019-03-22 20:21:00,0.2804017196374389
2019-03-22 20:24:00,0.29895143672399627
2019-03-22 20:27:00,0.27292811005588646
2019-03-22 20:30:00,0.29528318055537284
2019-03-22 20:33:00,0.3577058001470732
2019-03-22 20:36:00,0.32619046578406596
2019-03-22 20:39:00,0.35737328355378395
2019-03-22 20:42:00,0.20273808823361605
2019-03-22 20:45:00,0.26440887879323327
2019-03-22 20:48:00,0.25369862220401274
2019-03-22 20:51:00,0.22485356691845482
2019-03-22 20:54:00,0.2366852490112592
2019-03-22 20:57:00,0.2659488174131184
2019-03-22 21:00:00,0.30799867999127173
2019-03-22 21:03:00,0.2352863978167079
2019-03-22 21:06:00,0.21628816475265467
2019-03-22 21:09:00,0.20139826526400384
2019-03-22 21:12:00,0.26491358406047993
2019-03-22 21:15:00,0.24279884057892787
2019-03-22 21:18:00,0.32876531908857487
2019-03-22 21:21:00,0.3122801424373165
2019-03-22 21:24:00,0.25913229202393495
2019-03-22 21:27:00,0.37689108172276065
2019-03-22 21:30:00,0.2851304605670748
2019-03-22 21:33:00,0.356861789606171
2019-03-22 21:36:00,0.30400192810878934
2019-03-22 21:39:00,0.2823205612311881
2019-03-22 21:42:00,0.29312485591407267
2019-03-22 21:45:00,0.24633392675087862
2019-03-22 21:48:00,0.21006839548965672
2019-03-22 21:51:00,0.2598595402897672
2019-03-22 21:54:00,0.22536352529817805
2019-03-22 21:57:00,0.2651557673672187
2019-03-22 22:00:00,0.2433279003133748
2019-03-22 22:03:00,0.2853833121429261
2019-03-22 22:06:00,0.3048243980776988
2019-03-22 22:09:00,0.27774926961393476
2019-03-22 22:12:00,0.359490656658636
2019-03-22 22:15:00,0.26417390455139866
2019-03-22 22:18:00,0.2231437564464045
2019-03-22 22:21:00,0.17348593549598945
2019-03-22 22:24:00,0.31997353748204205
2019-03-22 22:27:00,0.2634119247834974
2019-03-22 22:30:00,0.2866241978270523
2019-03-22 22:33:00,0.24400130720061952
2019-03-22 22:36:00,0.2843594451157969
2019-03-22 22:39:00,0.22007622431516438
2019-03-22 22:42:00,0.1821538593252967
2019-03-22 22:45:00,0.33837648918404284
2019-03-22 22:48:00,0.3257705234289574
2019-03-22 22:51:00,0.1755344978788571
2019-03-22 22:54:00,0.21374497310574725
2019-03-22 22:57:00,0.31686184995515987
2019-03-22 23:00:00,0.2612810768409872
2019-03-22 23:03:00,0.3347312228671626
2019-03-22 23:06:00,0.2367887133885347
2019-03-22 23:09:00,0.2732407725015946
2019-03-22 23:12:00,0.3237059632382966
2019-03-22 23:15:00,0.3487184661644278
2019-03-22 23:18:00,0.48416753791542533
2019-03-22 23:21:00,0.5228900700072927
2019-03-22 23:24:00,0.6665681527718448
2019-03-22 23:27:00,0.7012624160466316
2019-03-22 23:30:00,0.7133215310664127
2019-03-22 23:33:00,0.49646389884946984
2019-03-22 23:36:00,0.5601123481046102
2019-03-22 23:39:00,0.41835478744479815
2019-03-22 23:42:00,0.3379488892789482
2019-03-22 23:45:00,0.3642867195006829
2019-03-22 23:48:00,0.3974110470892924
2019-03-22 23:51:00,0.38664699148785076
2019-03-22 23:54:00,0.3119358150433982
2019-03-22 23:57:00,0.4039921337824808
2019-03-23 00:00:00,0.42635341005717464
2019-03-23 00:03:00,0.3512804785652861
2019-03-23 00:06:00,0.2792268560844491
2019-03-23 00:09:00,0.3795357987544321
2019-03-23 00:12:00,0.34805932194001343
2019-03-23 00:15:00,0.3567625905664613
2019-03-23 00:18:00,0.4033647836305363
2019-03-23 00:21:00,0.366136369794674
2019-03-23 00:24:00,0.35588119208733815
2019-03-23 00:27:00,0.34805645398211027
2019-03-23 00:30:00,0.3605660846768046
2019-03-23 00:33:00,0.4295678739658797
2019-03-23 00:36:00,0.35596670902418737
2019-03-23 00:39:00,0.40370724434694694
2019-03-23 00:42:00,0.29453113051488344
2019-03-23 00:45:00,0.32922989805473435
2019-03-23 00:48:00,0.26604548738430367
2019-03-23 00:51:00,0.27743232502052706
2019-03-23 00:54:00,0.29570222540678515
2019-03-23 00:57:00,0.345830706502511
2019-03-23 01:00:00,0.2810072042117895
2019-03-23 01:03:00,0.26043473510895865
2019-03-23 01:06:00,0.22408638402748693
2019-03-23 01:09:00,0.16432063005959208
2019-03-23 01:12:00,0.28281773797647247
2019-03-23 01:15:00,0.25601226969507707
2019-03-23 01:18:00,0.3154702014859936
2019-03-23 01:21:00,0.3991397945849826
2019-03-23 01:24:00,0.32143419680869556
2019-03-23 01:27:00,0.38160826698572237
2019-03-23 01:30:00,0.32195165383262747
2019-03-23 01:33:00,0.3770090623551141
2019-03-23 01:36:00,0.287754431160522
2019-03-23 01:39:00,0.323441305349661
2019-03-23 01:42:00,0.2805551376220592
2019-03-23 01:45:00,0.3266511876523168
2019-03-23 01:48:00,0.36335090816510274
2019-03-23 01:51:00,0.2636351764583651
2019-03-23 01:54:00,0.21956378170659718
2019-03-23 01:57:00,0.40078846318687056
2019-03-23 02:00:00,0.23668980637251025
2019-03-23 02:03:00,0.36790092618576864
2019-03-23 02:06:00,0.2647625390422945
2019-03-23 02:09:00,0.3796115471752728
2019-03-23 02:12:00,0.37442839341940726
2019-03-23 02:15:00,0.36958980446127043
2019-03-23 02:18:00,0.38968510154353453
2019-03-23 02:21:00,0.38444837607374893
2019-03-23 02:24:00,0.27124618185001736
2019-03-23 02:27:00,0.34124832615236755
2019-03-23 02:30:00,0.4508270613155787
2019-03-23 02:33:00,0.38695350699941855
2019-03-23 02:36:00,0.3187634552925829
2019-03-23 02:39:00,0.29864672386230495
2019-03-23 02:42:00,0.2868758646569063
2019-03-23 02:45:00,0.41113658189311764
2019-03-23 02:48:00,0.3409093139310926
2019-03-23 02:51:00,0.2975476140871365
2019-03-23 02:54:00,0.33091389702838114
2019-03-23 02:57:00,0.3539482148097477
2019-03-23 03:00:00,0.3606126005680039
2019-03-23 03:03:00,0.49214225474383966
2019-03-23 03:06:00,0.3872691325991582
2019-03-23 03:09:00,0.4610921826754293
2019-03-23 03:12:00,0.39814543880646625
2019-03-23 03:15:00,0.3798986078183475
2019-03-23 03:18:00,0.26421084001742656
2019-03-23 03:21:00,0.3908850182389756
2019-03-23 03:24:00,0.3735737205217333
2019-03-23 03:27:00,0.4290457450217673
2019-03-23 03:30:00,0.4883069063977814
2019-03-23 03:33:00,0.46834754509052345
2019-03-23 03:36:00,0.45047040317172105
2019-03-23 03:39:00,0.3431597838359721
2019-03-23 03:42:00,0.3502821239770242
2019-03-23 03:45:00,0.30984104904325704
2019-03-23 03:48:00,0.3157632509052064
2019-03-23 03:51:00,0.38311972772834224
2019-03-23 03:54:00,0.3501342222214703
2019-03-23 03:57:00,0.31667748016394626
2019-03-23 04:00:00,0.33703874780519527
2019-03-23 04:03:00,0.31346702434620966
2019-03-23 04:06:00,0.2744837145760357
2019-03-23 04:09:00,0.36580596584667546
2019-03-23 04:12:00,0.2877124868169858
2019-03-23 04:15:00,0.3938385967157956
2019-03-23 04:18:00,0.24702087635216685
2019-03-23 04:21:00,0.2996661730065284
2019-03-23 04:24:00,0.29583480296969356
2019-03-23 04:27:00,0.29026197950082633
2019-03-23 04:30:00,0.3047558555516048
2019-03-23 04:33:00,0.3936189976442961
2019-03-23 04:36:00,0.3028902344635753
2019-03-23 04:39:00,0.3539152937937615
2019-03-23 04:42:00,0.30318034989846865
2019-03-23 04:45:00,0.28163586248530237
2019-03-23 04:48:00,0.4609747837941427
2019-03-23 04:51:00,0.2415393771431127
2019-03-23 04:54:00,0.30816167113636084
2019-03-23 04:57:00,0.27230827905628985
2019-03-23 05:00:00,0.2584349686442238
2019-03-23 05:03:00,0.3382680114777372
2019-03-23 05:06:00,0.3048586101212436
2019-03-23 05:09:00,0.27443373791533077
2019-03-23 05:12:00,0.2551027664056278
2019-03-23 05:15:00,0.3106799198124577
2019-03-23 05:18:00,0.25058224963288467
2019-03-23 05:21:00,0.2540242519282856
2019-03-23 05:24:00,0.2579366330728021
2019-03-23 05:27:00,0.27281377424776565
2019-03-23 05:30:00,0.30095606102162265
2019-03-23 05:33:00,0.3548518074099434
2019-03-23 05:36:00,0.3254258740400928
2019-03-23 05:39:00,0.3366610291005827
2019-03-23 05:42:00,0.3294407031028186
2019-03-23 05:45:00,0.2822699434094602
2019-03-23 05:48:00,0.23431180215419545
2019-03-23 05:51:00,0.244990772766414
2019-03-23 05:54:00,0.28424416074108194
2019-03-23 05:57:00,0.31039731452392516
2019-03-23 06:00:00,0.2938017366784038
2019-03-23 06:03:00,0.2845344442632154
2019-03-23 06:06:00,0.3153271323578224
2019-03-23 06:09:00,0.34754848095462876
2019-03-23 06:12:00,0.32337949830099433
2019-03-23 06:15:00,0.3864766240936319
2019-03-23 06:18:00,0.3981984413573514
2019-03-23 06:21:00,0.4102510845439724
2019-03-23 06:24:00,0.4005703670786147
2019-03-23 06:27:00,0.38060367970967945
2019-03-23 06:30:00,0.3107948733302237
2019-03-23 06:33:00,0.2377497910838997
2019-03-23 06:36:00,0.36652246342862327
2019-03-23 06:39:00,0.3891337039808036
2019-03-23 06:42:00,0.2709689392522705
2019-03-23 06:45:00,0.3577415552091452
2019-03-23 06:48:00,0.28476155977443796
2019-03-23 06:51:00,0.3219352631568313
2019-03-23 06:54:00,0.3545499090025146
2019-03-23 06:57:00,0.3578007453886016
2019-03-23 07:00:00,0.3054228243861985
2019-03-23 07:03:00,0.2764649049501031
2019-03-23 07:06:00,0.31264431058218634
2019-03-23 07:09:00,0.2968559792459473
2019-03-23 07:12:00,0.3508825311638475
2019-03-23 07:15:00,0.36069766217070764
2019-03-23 07:18:00,0.23765683798006876
2019-03-23 07:21:00,0.41799279916023124
2019-03-23 07:24:00,0.539300246630205
2019-03-23 07:27:00,0.4416112385104043
2019-03-23 07:30:00,0.3721209482580434
2019-03-23 07:33:00,0.40605158181932666
2019-03-23 07:36:00,0.4118255564527544
2019-03-23 07:39:00,0.3122445813027639
2019-03-23 07:42:00,0.4170571285799838
2019-03-23 07:45:00,0.3385167826085649
2019-03-23 07:48:00,0.3465178828044486
2019-03-23 07:51:00,0.2153100064568889
2019-03-23 07:54:00,0.2051222688273242
2019-03-23 07:57:00,0.31535118653920335
2019-03-23 08:00:00,0.34233474946807974
2019-03-23 08:03:00,0.2551521562303378
2019-03-23 08:06:00,0.32740314987830743
2019-03-23 08:09:00,0.3035531157283913
2019-03-23 08:12:00,0.26838015921174474
2019-03-23 08:15:00,0.3173723020507282
2019-03-23 08:18:00,0.19399689288280797
2019-03-23 08:21:00,0.2650007940163164
2019-03-23 08:24:00,0.17646396088946403
2019-03-23 08:27:00,0.2619027591390477
2019-03-23 08:30:00,0.1179403877146683
2019-03-23 08:33:00,0.19645600683503517
2019-03-23 08:36:00,0.19407029222179517
2019-03-23 08:39:00,0.25907684831685174
2019-03-23 08:42:00,0.2600322561598887
2019-03-23 08:45:00,0.12880696410411474
2019-03-23 08:48:00,0.2035448172028964
2019-03-23 08:51:00,0.3250518703012517
2019-03-23 08:54:00,0.22320546650291817
2019-03-23 08:57:00,0.25963383523247785
2019-03-23 09:00:00,0.2210183952572038
2019-03-23 09:03:00,0.18264931307356846
2019-03-23 09:06:00,0.17016817369744786
2019-03-23 09:09:00,0.17224627286458372
2019-03-23 09:12:00,0.18291778114155477
2019-03-23 09:15:00,0.16718367485441377
2019-03-23 09:18:00,0.1716981944696272
2019-03-23 09:21:00,0.10231150930383137
2019-03-23 09:24:00,0.1938810268085831
2019-03-23 09:27:00,0.17854088743268903
2019-03-23 09:30:00,0.1619303323954
2019-03-23 09:33:00,0.28106420877634264
2019-03-23 09:36:00,0.09151343167133064
2019-03-23 09:39:00,0.22339562656469525
2019-03-23 09:42:00,0.20213681444744225
2019-03-23 09:45:00,0.21251570886630589
2019-03-23 09:48:00,0.10541207837979982
2019-03-23 09:51:00,0.20259321295674226
2019-03-23 09:54:00,0.15130616096365657
2019-03-23 09:57:00,0.23677620065859628
2019-03-23 10:00:00,0.23722255760924327
2019-03-23 10:03:00,0.2818223965367679
2019-03-23 10:06:00,0.20505080219476213
2019-03-23 10:09:00,0.24176916943150673
2019-03-23 10:12:00,0.27579281450164217
2019-03-23 10:15:00,0.2689272581165483
2019-03-23 10:18:00,0.22853008405888886
2019-03-23 10:21:00,0.15222297487048309
2019-03-23 10:24:00,0.15788117965490756
2019-03-23 10:27:00,0.13540976867943755
2019-03-23 10:30:00,0.19331088591889056
2019-03-23 10:33:00,0.1492141945910248
2019-03-23 10:36:00,0.09727211942976055
2019-03-23 10:39:00,0.14380710172105182
2019-03-23 10:42:00,0.08062648707112885
2019-03-23 10:45:00,0.14584478158604952
2019-03-23 10:48:00,0.18538001251943115
2019-03-23 10:51:00,0.1677720622424772
2019-03-23 10:54:00,0.28246324655981425
2019-03-23 10:57:00,0.23042964731604343
2019-03-23 11:00:00,0.07051836472658124
2019-03-23 11:03:00,0.13396794376910748
2019-03-23 11:06:00,0.09477422202394337
2019-03-23 11:09:00,0.12414113947545502
2019-03-23 11:12:00,0.12098588054573156
2019-03-23 11:15:00,0.08795646087509112
2019-03-23 11:18:00,0.04441195789200947
2019-03-23 11:21:00,0.17180618441591378
2019-03-23 11:24:00,0.10691287461395405
2019-03-23 11:27:00,0.06101154543625853
2019-03-23 11:30:00,0.015881901782734076
2019-03-23 11:33:00,0.07394467585896791
2019-03-23 11:36:00,0.17760931947526615
2019-03-23 11:39:00,0.007779163865222927
2019-03-23 11:42:00,0.05984066208236527
2019-03-23 11:45:00,-0.007299776817262682
2019-03-23 11:48:00,-0.015010632976384386
2019-03-23 11:51:00,0.05586807890944101
2019-03-23 11:54:00,0.09770961837551795
2019-03-23 11:57:00,0.03709778112323647
2019-03-23 12:00:00,0.11928245683515115
2019-03-23 12:03:00,-0.021666836819463242
2019-03-23 12:06:00,0.04317692918368721
2019-03-23 12:09:00,-0.05275928698682719
2019-03-23 12:12:00,0.02673506656878999
2019-03-23 12:15:00,0.0311078740696189
2019-03-23 12:18:00,0.0675523870103234
2019-03-23 12:21:00,-0.038163868312210525
2019-03-23 12:24:00,-0.02987987506026002
2019-03-23 12:27:00,0.04869964106046609
2019-03-23 12:30:00,0.04457826207533344
2019-03-23 12:33:00,0.01113295031063899
2019-03-23 12:36:00,-0.11652952071614209
2019-03-23 12:39:00,-0.10919676074860263
2019-03-23 12:42:00,-0.13033465536562971
2019-03-23 12:45:00,-0.07068722469261957
2019-03-23 12:48:00,-0.0706429419063852
2019-03-23 12:51:00,-0.15920755260555097
2019-03-23 12:54:00,-0.05782766533076256
2019-03-23 12:57:00,-0.06783248054432534
2019-03-23 13:00:00,-0.1224665766425801
2019-03-23 13:03:00,-0.13340486731726742
2019-03-23 13:06:00,-0.19315680291742865
2019-03-23 13:09:00,-0.23775240798704544
2019-03-23 13:12:00,-0.15012843165499135
2019-03-23 13:15:00,-0.16468417780373557
2019-03-23 13:18:00,-0.16359400746853225
2019-03-23 13:21:00,-0.29925851596988196
2019-03-23 13:24:00,-0.20590378080549954
2019-03-23 13:27:00,-0.24434301269428715
2019-03-23 13:30:00,-0.18721301943281787
2019-03-23 13:33:00,-0.12479169348051755
2019-03-23 13:36:00,-0.21376846061815513
2019-03-23 13:39:00,-0.21166216843982966
2019-03-23 13:42:00,-0.23624724719996948
2019-03-23 13:45:00,-0.2675161936024324
2019-03-23 13:48:00,-0.18235200562185128
2019-03-23 13:51:00,-0.2410149844833427
2019-03-23 13:54:00,-0.2801814979653159
2019-03-23 13:57:00,-0.26118670789941234
2019-03-23 14:00:00,-0.2136025231087615
2019-03-23 14:03:00,-0.27292858370225304
2019-03-23 14:06:00,-0.3937256725798761
2019-03-23 14:09:00,-0.30363801580847394
2019-03-23 14:12:00,-0.36821546293197116
2019-03-23 14:15:00,-0.39992488000729054
2019-03-23 14:18:00,-0.37023490777283996
2019-03-23 14:21:00,-0.3672029973726012
2019-03-23 14:24:00,-0.2930844895317364
2019-03-23 14:27:00,-0.3970155242430451
2019-03-23 14:30:00,-0.3518732159370188
2019-03-23 14:33:00,-0.4407591543830449
2019-03-23 14:36:00,-0.3808443761126341
2019-03-23 14:39:00,-0.3488003949270251
2019-03-23 14:42:00,-0.3483142008257687
2019-03-23 14:45:00,-0.3151831555611011
2019-03-23 14:48:00,-0.27786645610223104
2019-03-23 14:51:00,-0.39576068078048365
2019-03-23 14:54:00,-0.1805397852524493
2019-03-23 14:57:00,-0.22934870113556372
2019-03-23 15:00:00,-0.09498311965705852
2019-03-23 15:03:00,-0.10237931497971431
2019-03-23 15:06:00,-0.30539030041387605
2019-03-23 15:09:00,-0.22752290992099233
2019-03-23 15:12:00,-0.20491178818485878
2019-03-23 15:15:00,-0.30050804922206
2019-03-23 15:18:00,-0.40997501362784305
2019-03-23 15:21:00,-0.35775520996128307
2019-03-23 15:24:00,-0.26060523810315317
2019-03-23 15:27:00,-0.2476192140935609
2019-03-23 15:30:00,-0.19673925565382433
2019-03-23 15:33:00,-0.3101401775030581
2019-03-23 15:36:00,-0.2781485213153587
2019-03-23 15:39:00,-0.4393368084472513
2019-03-23 15:42:00,-0.3008100052544478
2019-03-23 15:45:00,-0.2924318591287829
2019-03-23 15:48:00,-0.18316993836094753
2019-03-23 15:51:00,-0.22456183022751475
2019-03-23 15:54:00,-0.1983572123893964
2019-03-23 15:57:00,-0.1307267744552405
2019-03-23 16:00:00,-0.1611221037516657
2019-03-23 16:03:00,-0.20770715035234844
2019-03-23 16:06:00,-0.1003368245229126
2019-03-23 16:09:00,-0.17860221227948614
2019-03-23 16:12:00,-0.18012865566225855
2019-03-23 16:15:00,-0.0949062712908244
2019-03-23 16:18:00,-0.20825854465624616
2019-03-23 16:21:00,-0.21436947431686804
2019-03-23 16:24:00,-0.10959509783145904
2019-03-23 16:27:00,-0.1523949271555125
2019-03-23 16:30:00,-0.032247797673278455
2019-03-23 16:33:00,0.026316365393938668
2019-03-23 16:36:00,0.08508563135018221
2019-03-23 16:39:00,0.052120544300294114
2019-03-23 16:42:00,-0.06202463406845027
2019-03-23 16:45:00,-0.006057240943505349
2019-03-23 16:48:00,0.015265796440246504
2019-03-23 16:51:00,0.13833813930983752
2019-03-23 16:54:00,0.04327776975770803
2019-03-23 16:57:00,-0.02025294614441009
2019-03-23 17:00:00,-0.18803872350667916
2019-03-23 17:03:00,-0.271227517869022
2019-03-23 17:06:00,-0.2793787932156988
2019-03-23 17:09:00,-0.21143238540861375
2019-03-23 17:12:00,-0.2375543443317838
2019-03-23 17:15:00,-0.3130413613259293
2019-03-23 17:18:00,-0.28071271176554546
2019-03-23 17:21:00,-0.378126026598693
2019-03-23 17:24:00,-0.2585913050337467
2019-03-23 17:27:00,-0.3498013894612768
2019-03-23 17:30:00,-0.22835372465561932
2019-03-23 17:33:00,-0.339014180732363
2019-03-23 17:36:00,-0.24851661269798342
2019-03-23 17:39:00,-0.2292092512242334
2019-03-23 17:42:00,-0.14770149160807478
2019-03-23 17:45:00,-0.16333260480490708
2019-03-23 17:48:00,-0.17775315230170463
2019-03-23 17:51:00,-0.13988883762863225
2019-03-23 17:54:00,-0.23198929497453946
2019-03-23 17:57:00,-0.09437214839448416
2019-03-23 18:00:00,-0.18834316458594458
2019-03-23 18:03:00,-0.14055801683025493
2019-03-23 18:06:00,-0.19618770348330372
2019-03-23 18:09:00,-0.21731082115508116
2019-03-23 18:12:00,-0.2909180371181037
2019-03-23 18:15:00,-0.22643783064017953
2019-03-23 18:18:00,-0.2262633427851597
2019-03-23 18:21:00,-0.17028832954827067
2019-03-23 18:24:00,-0.1851116124681198
2019-03-23 18:27:00,-0.2458820394700183
2019-03-23 18:30:00,-0.09953193311764608
2019-03-23 18:33:00,-0.08344470359065781
2019-03-23 18:36:00,-0.15942230718911787
2019-03-23 18:39:00,-0.23324112355123816
2019-03-23 18:42:00,-0.13451187746255755
2019-03-23 18:45:00,-0.0996208696700478
2019-03-23 18:48:00,-0.15757623247145602
2019-03-23 18:51:00,-0.1192122310703212
2019-03-23 18:54:00,-0.20838236920485542
2019-03-23 18:57:00,
2019-03-23 19:00:00,
2019-03-23 19:03:00,-0.05768542085718309
2019-03-23 19:06:00,-0.13508466046249623
2019-03-23 19:09:00,-0.18723094505844529
2019-03-23 19:12:00,-0.10287545217488514
2019-03-23 19:15:00,-0.17697636382649762
2019-03-23 19:18:00,-0.17900669245324252
2019-03-23 19:21:00,-0.09338776692669626
2019-03-23 19:24:00,-0.06870631394457405
2019-03-23 19:27:00,-0.11491068377733882
2019-03-23 19:30:00,-0.10013404801230763
2019-03-23 19:33:00,-0.10059923267277782
2019-03-23 19:36:00,-0.08768285826431566
2019-03-23 19:39:00,-0.1566888737085037
2019-03-23 19:42:00,-0.15377063319260742
2019-03-23 19:45:00,-0.132678946956446
2019-03-23 19:48:00,-0.06369293222638817
2019-03-23 19:51:00,-0.07259591439037649
2019-03-23 19:54:00,-0.0687755902847016
2019-03-23 19:57:00,-0.017842125374102125
2019-03-23 20:00:00,-0.04046363046006718
2019-03-23 20:03:00,-0.044988463683012014
2019-03-23 20:06:00,0.06517692369681072
2019-03-23 20:09:00,0.043057281540370695
2019-03-23 20:12:00,0.07012152188030996
2019-03-23 20:15:00,0.013063181902623455
2019-03-23 20:18:00,0.06731861503470782
2019-03-23 20:21:00,0.03209600744992258
2019-03-23 20:24:00,0.038534138368902404
2019-03-23 20:27:00,0.09982701010261508
2019-03-23 20:30:00,0.05788831166972841
2019-03-23 20:33:00,0.008819513450418981
2019-03-23 20:36:00,-0.11292372704195941
2019-03-23 20:39:00,0.025573458605606447
2019-03-23 20:42:00,0.03719656100480506
2019-03-23 20:45:00,0.0077479930714616785
2019-03-23 20:48:00,0.06009863993830322
2019-03-23 20:51:00,0.03652076866256948
2019-03-23 20:54:00,-0.001696778004202315
2019-03-23 20:57:00,0.03622828893065844
2019-03-23 21:00:00,0.028163204343627513
2019-03-23 21:03:00,0.017116769284029942
2019-03-23 21:06:00,0.0501730349262175
2019-03-23 21:09:00,-0.03422948302892337
2019-03-23 21:12:00,0.06342308598442514
2019-03-23 21:15:00,-0.01818275911409728
2019-03-23 21:18:00,0.024334944247073054
2019-03-23 21:21:00,0.013803727165054624
2019-03-23 21:24:00,0.09560951370605153
2019-03-23 21:27:00,0.1802534366805162
2019-03-23 21:30:00,0.1592202899614108
2019-03-23 21:33:00,0.16379546758906827
2019-03-23 21:36:00,0.0017409471151381695
2019-03-23 21:39:00,0.03734100784521388
2019-03-23 21:42:00,0.07512041967430605
2019-03-23 21:45:00,0.07670943393844709
2019-03-23 21:48:00,0.0439785860886559
2019-03-23 21:51:00,0.07452651435869484
2019-03-23 21:54:00,0.02951130862680884
2019-03-23 21:57:00,0.05419737821921444
2019-03-23 22:00:00,-0.009698591003370893
2019-03-23 22:03:00,0.01585138219070359
2019-03-23 22:06:00,0.03713569557265828
2019-03-23 22:09:00,0.06441401852913486
2019-03-23 22:12:00,-0.011194521330594398
2019-03-23 22:15:00,0.21113272449122178
2019-03-23 22:18:00,0.07604912207682446
2019-03-23 22:21:00,0.055863977974013324
2019-03-23 22:24:00,0.15359888543042644
2019-03-23 22:27:00,0.02530346538935646
2019-03-23 22:30:00,0.0441464493455328
2019-03-23 22:33:00,0.08006183494575225
2019-03-23 22:36:00,0.08085513786369347
2019-03-23 22:39:00,0.12614460377363912
2019-03-23 22:42:00,0.10500206946841217
2019-03-23 22:45:00,0.03329502351158453
2019-03-23 22:48:00,0.03672548070909443
2019-03-23 22:51:00,0.019451835966094677
2019-03-23 22:54:00,0.07744321240960517
2019-03-23 22:57:00,0.1045702836722171
2019-03-23 23:00:00,0.10105342310771448
2019-03-23 23:03:00,0.09921858429424901
2019-03-23 23:06:00,0.10647569811652602
2019-03-23 23:09:00,0.054833470523135475
2019-03-23 23:12:00,0.07229878011389701
2019-03-23 23:15:00,0.10163971311328623
2019-03-23 23:18:00,0.3092979344766036
2019-03-23 23:21:00,0.13217355528445296
2019-03-23 23:24:00,0.0811771622797437
2019-03-23 23:27:00,0.207310899734523
2019-03-23 23:30:00,0.12907838062267274
2019-03-23 23:33:00,0.029617773596328334
2019-03-23 23:36:00,0.08344010377442146
2019-03-23 23:39:00,0.04920996191015092
2019-03-23 23:42:00,0.0021630837003954184
2019-03-23 23:45:00,0.03163636374029011
2019-03-23 23:48:00,0.12125492387002623
2019-03-23 23:51:00,0.09012077164101129
2019-03-23 23:54:00,0.11811464944884165
2019-03-23 23:57:00,0.07564375502539633
2019-03-24 00:00:00,0.1125550689162651
2019-03-24 00:03:00,-0.020970015471391434
2019-03-24 00:06:00,0.08894412022794995
2019-03-24 00:09:00,0.1270423368438287
2019-03-24 00:12:00,0.11611307237069468
2019-03-24 00:15:00,0.06199312741682661
2019-03-24 00:18:00,0.13528680093736511
2019-03-24 00:21:00,0.18236378115989282
2019-03-24 00:24:00,0.14336214250045032
2019-03-24 00:27:00,0.19499016845577444
2019-03-24 00:30:00,0.14179459091150193
2019-03-24 00:33:00,0.14476071398024715
2019-03-24 00:36:00,0.10400161554213128
2019-03-24 00:39:00,0.04526576359040746
2019-03-24 00:42:00,0.14707519062966412
2019-03-24 00:45:00,0.061555522374931115
2019-03-24 00:48:00,0.01594133043244028
2019-03-24 00:51:00,0.15330657930178404
2019-03-24 00:54:00,0.12683815980636837
2019-03-24 00:57:00,0.10767101456337969
2019-03-24 01:00:00,0.06992907347444088
2019-03-24 01:03:00,0.21677553826793883
2019-03-24 01:06:00,0.222693890099265
2019-03-24 01:09:00,0.14893263279435587
2019-03-24 01:12:00,0.10643945213496409
2019-03-24 01:15:00,0.13736410852965264
2019-03-24 01:18:00,0.16216996248277837
2019-03-24 01:21:00,0.08389079206216365
2019-03-24 01:24:00,0.09419807282830561
2019-03-24 01:27:00,0.1606899749342574
2019-03-24 01:30:00,0.11328208501277004
2019-03-24 01:33:00,0.13117215436267315
2019-03-24 01:36:00,0.20611771328071882
2019-03-24 01:39:00,0.24771070922980698
2019-03-24 01:42:00,0.19050784438627488
2019-03-24 01:45:00,-0.04213284528634631
2019-03-24 01:48:00,0.10063465620692114
2019-03-24 01:51:00,0.21352281663791928
2019-03-24 01:54:00,0.20598376878774616
2019-03-24 01:57:00,0.024704638197817985
2019-03-24 02:00:00,0.1452812347773147
2019-03-24 02:03:00,0.30408093645593226
2019-03-24 02:06:00,0.27055339569704984
2019-03-24 02:09:00,0.3103622294070192
2019-03-24 02:12:00,0.17081400748560327
2019-03-24 02:15:00,0.20047566141403195
2019-03-24 02:18:00,0.24724246692818497
2019-03-24 02:21:00,0.2562313717543816
2019-03-24 02:24:00,0.22477797397112909
2019-03-24 02:27:00,0.23547205444924657
2019-03-24 02:30:00,0.27163566928339833
2019-03-24 02:33:00,0.16820514331459435
2019-03-24 02:36:00,0.2321078168260442
2019-03-24 02:39:00,0.21536025279067417
2019-03-24 02:42:00,0.21217872844664498
2019-03-24 02:45:00,0.20150716283131942
2019-03-24 02:48:00,0.12626407375154258
2019-03-24 02:51:00,0.15500511709404918
2019-03-24 02:54:00,0.21623148328393427
2019-03-24 02:57:00,0.19710892192136953
2019-03-24 03:00:00,0.3192271612741706
2019-03-24 03:03:00,0.3162561796684713
2019-03-24 03:06:00,0.2790653265762444
2019-03-24 03:09:00,0.2833008197937943
2019-03-24 03:12:00,0.22607023910143198
2019-03-24 03:15:00,0.19938936845289845
2019-03-24 03:18:00,0.2745244690459572
2019-03-24 03:21:00,0.25111622201671935
2019-03-24 03:24:00,0.2849223277524402
2019-03-24 03:27:00,0.2701086703590363
2019-03-24 03:30:00,0.20894242867967705
2019-03-24 03:33:00,0.24431311163743885
2019-03-24 03:36:00,0.2589316113849236
2019-03-24 03:39:00,0.3319746043448504
2019-03-24 03:42:00,0.33098301491611437
2019-03-24 03:45:00,0.30818913747322085
2019-03-24 03:48:00,0.3482775424120632
2019-03-24 03:51:00,0.36031167517666063
2019-03-24 03:54:00,0.27798552252966147
2019-03-24 03:57:00,0.258825973566843
2019-03-24 04:00:00,0.25069608956141565
2019-03-24 04:03:00,0.2525852432121951
2019-03-24 04:06:00,0.2300813318321957
2019-03-24 04:09:00,0.21256403161424942
2019-03-24 04:12:00,0.31401209713197886
2019-03-24 04:15:00,0.2503427433431398
2019-03-24 04:18:00,0.298286302181225
2019-03-24 04:21:00,0.27689021148194115
2019-03-24 04:24:00,0.28180176831989456
2019-03-24 04:27:00,0.22396761098758589
2019-03-24 04:30:00,0.32745101232069374
2019-03-24 04:33:00,0.2401557015772937
2019-03-24 04:36:00,0.18936016553823265
2019-03-24 04:39:00,0.2336725121855352
2019-03-24 04:42:00,0.1547712267777115
2019-03-24 04:45:00,0.2747443349805394
2019-03-24 04:48:00,0.2749529566578417
2019-03-24 04:51:00,0.28543741567744974
2019-03-24 04:54:00,0.25901108684712426
2019-03-24 04:57:00,0.20072734353755095
2019-03-24 05:00:00,0.2283077579022006
2019-03-24 05:03:00,0.19947219219267254
2019-03-24 05:06:00,0.30894582656293323
2019-03-24 05:09:00,0.30549030642094976
2019-03-24 05:12:00,0.18636663607770743
2019-03-24 05:15:00,0.2846214030716965
2019-03-24 05:18:00,0.2810999230251241
2019-03-24 05:21:00,0.22059682521916102
2019-03-24 05:24:00,0.23283041840937813
2019-03-24 05:27:00,0.23118273665835432
2019-03-24 05:30:00,0.24283830423689778
2019-03-24 05:33:00,0.2757721653377416
2019-03-24 05:36:00,0.1985489075506166
2019-03-24 05:39:00,0.29506277921382207
2019-03-24 05:42:00,0.3072423009725753
2019-03-24 05:45:00,0.17063059606789466
2019-03-24 05:48:00,0.20066236393296322
2019-03-24 05:51:00,0.2160876176894817
2019-03-24 05:54:00,0.2668454518186536
2019-03-24 05:57:00,0.1893954229047381
2019-03-24 06:00:00,0.3420761792269218
2019-03-24 06:03:00,0.28660839521336356
2019-03-24 06:06:00,0.2871797037039414
2019-03-24 06:09:00,0.1282642267783558
2019-03-24 06:12:00,0.267017815481438
2019-03-24 06:15:00,0.16706030863872456
2019-03-24 06:18:00,0.14048580503663288
2019-03-24 06:21:00,0.11100282443953802
2019-03-24 06:24:00,0.1197864155827233
2019-03-24 06:27:00,0.25474147581780926
2019-03-24 06:30:00,0.2543784684145294
2019-03-24 06:33:00,0.24149082244645115
2019-03-24 06:36:00,0.30293199073855703
2019-03-24 06:39:00,0.26709851971600074
2019-03-24 06:42:00,0.24006476419793898
2019-03-24 06:45:00,0.2421807046261506
2019-03-24 06:48:00,0.23113282120721124
2019-03-24 06:51:00,0.3022410337801489
2019-03-24 06:54:00,0.20041507641934686
2019-03-24 06:57:00,0.2521399757854965
2019-03-24 07:00:00,0.233549258592177
2019-03-24 07:03:00,0.24455735485247487
2019-03-24 07:06:00,0.25180345626802136
2019-03-24 07:09:00,0.2502779691163255
2019-03-24 07:12:00,0.21737251183651551
2019-03-24 07:15:00,0.250355222465771
2019-03-24 07:18:00,0.3270413349017076
2019-03-24 07:21:00,0.2776701991298296
2019-03-24 07:24:00,0.28463815163684103
2019-03-24 07:27:00,0.19893643074027523
2019-03-24 07:30:00,0.3352886668304791
2019-03-24 07:33:00,0.22065068595537696
2019-03-24 07:36:00,0.2640150468630509
2019-03-24 07:39:00,0.13381559602828474
2019-03-24 07:42:00,0.27493103112306017
2019-03-24 07:45:00,0.29059701580166575
2019-03-24 07:48:00,0.19944915189847734
2019-03-24 07:51:00,0.22710901016722573
2019-03-24 07:54:00,0.2830127801112212
2019-03-24 07:57:00,0.22134519760999183
2019-03-24 08:00:00,0.21811379716257306
2019-03-24 08:03:00,0.17403719469194812
2019-03-24 08:06:00,0.22996269328336894
2019-03-24 08:09:00,0.19875963563185906
2019-03-24 08:12:00,0.24844309362612194
2019-03-24 08:15:00,0.1993118650682959
2019-03-24 08:18:00,0.14971000163848203
2019-03-24 08:21:00,0.21556949642967993
2019-03-24 08:24:00,0.16366553764174796
2019-03-24 08:27:00,0.1596154189793424
2019-03-24 08:30:00,0.09174563254015311
2019-03-24 08:33:00,0.090611039723683
2019-03-24 08:36:00,0.15050519491859404
2019-03-24 08:39:00,0.1410037437206597
2019-03-24 08:42:00,0.1317738713838139
2019-03-24 08:45:00,0.12891137389345886
2019-03-24 08:48:00,0.09436127300898534
2019-03-24 08:51:00,0.03696231041408282
2019-03-24 08:54:00,0.13267705884970837
2019-03-24 08:57:00,0.11378923880761249
2019-03-24 09:00:00,0.05104547529026604
2019-03-24 09:03:00,0.06696897731620766
2019-03-24 09:06:00,0.021159302344187836
2019-03-24 09:09:00,-0.022789791014929506
2019-03-24 09:12:00,0.03170419138535863
2019-03-24 09:15:00,0.005905807735018698
2019-03-24 09:18:00,-0.08473270967880353
2019-03-24 09:21:00,-0.11047426431400709
2019-03-24 09:24:00,-0.08141112073184331
2019-03-24 09:27:00,-0.04860225281674957
2019-03-24 09:30:00,-0.10172212352352972
2019-03-24 09:33:00,-0.11315131563060277
2019-03-24 09:36:00,-0.07679916064614645
2019-03-24 09:39:00,-0.17061117523871872
2019-03-24 09:42:00,-0.10346475727084226
2019-03-24 09:45:00,-0.17071338254214652
2019-03-24 09:48:00,-0.14695381240375127
2019-03-24 09:51:00,-0.12242831072973104
2019-03-24 09:54:00,-0.17050597658845845
2019-03-24 09:57:00,-0.194403721041283
2019-03-24 10:00:00,0.0015613487187238206
2019-03-24 10:03:00,-0.020163289831714337
2019-03-24 10:06:00,-0.21243527514292282
2019-03-24 10:09:00,-0.23477145403819577
2019-03-24 10:12:00,-0.11864291864833376
2019-03-24 10:15:00,-0.06931507042406793
2019-03-24 10:18:00,-0.13082040855300647
2019-03-24 10:21:00,-0.22203166340398184
2019-03-24 10:24:00,-0.09974635487111527
2019-03-24 10:27:00,-0.07051967999507269
2019-03-24 10:30:00,-0.01929460836100816
2019-03-24 10:33:00,-0.01043054758093831
2019-03-24 10:36:00,-0.14316770059053852
2019-03-24 10:39:00,-0.049551932340989424
2019-03-24 10:42:00,-0.11578975895776011
2019-03-24 10:45:00,-0.10162997188496092
2019-03-24 10:48:00,-0.14605923949108046
2019-03-24 10:51:00,-0.21204909562823104
2019-03-24 10:54:00,-0.13297281547852435
2019-03-24 10:57:00,-0.15667840529260957
2019-03-24 11:00:00,-0.17380092770025612
2019-03-24 11:03:00,-0.26228632557092624
2019-03-24 11:06:00,-0.07203045255204188
2019-03-24 11:09:00,-0.16846949722486215
2019-03-24 11:12:00,-0.2913917299204627
2019-03-24 11:15:00,-0.23913192279098894
2019-03-24 11:18:00,-0.2629097756883425
2019-03-24 11:21:00,-0.2286127784832388
2019-03-24 11:24:00,-0.03253213187468873
2019-03-24 11:27:00,0.058032361046173264
2019-03-24 11:30:00,0.05127365536208117
2019-03-24 11:33:00,-0.1920205526679979
2019-03-24 11:36:00,0.027311837748186463
2019-03-24 11:39:00,-0.06910711647492462
2019-03-24 11:42:00,0.04280125003805324
2019-03-24 11:45:00,0.03759647710285208
2019-03-24 11:48:00,-0.04624140989460557
2019-03-24 11:51:00,-0.03920273712594735
2019-03-24 11:54:00,-0.027424937820001105
2019-03-24 11:57:00,-0.08337309473211008
2019-03-24 12:00:00,-0.1547122544095032
2019-03-24 12:03:00,-0.26188548140981993
2019-03-24 12:06:00,-0.3546527229750609
2019-03-24 12:09:00,-0.3301373587722196
2019-03-24 12:12:00,-0.16607148211704725
2019-03-24 12:15:00,-0.2666858591578034
2019-03-24 12:18:00,-0.2670552384151961
2019-03-24 12:21:00,-0.1668819579930414
2019-03-24 12:24:00,-0.24541871447331687
2019-03-24 12:27:00,-0.19480118702347227
2019-03-24 12:30:00,-0.27479086944720166
2019-03-24 12:33:00,-0.16754292689518024
2019-03-24 12:36:00,-0.21645717545089838
2019-03-24 12:39:00,-0.25488817570214906
2019-03-24 12:42:00,-0.09455387961423867
2019-03-24 12:45:00,0.21285678239939898
2019-03-24 12:48:00,0.11785138802156325
2019-03-24 12:51:00,0.11503932118336024
2019-03-24 12:54:00,0.3070539110443633
2019-03-24 12:57:00,0.29742716532109625
2019-03-24 13:00:00,0.31967837245412056
2019-03-24 13:03:00,0.3360616756734771
2019-03-24 13:06:00,0.40076433570874315
2019-03-24 13:09:00,0.5337196716952803
2019-03-24 13:12:00,0.33573702328953914
2019-03-24 13:15:00,0.28044406002095457
2019-03-24 13:18:00,0.3153302604056307
2019-03-24 13:21:00,0.1831210435389039
2019-03-24 13:24:00,0.057970253886310275
2019-03-24 13:27:00,0.337404563588791
2019-03-24 13:30:00,0.34031490956675725
2019-03-24 13:33:00,0.3055115238583994
2019-03-24 13:36:00,0.15036947785921484
2019-03-24 13:39:00,0.1640918620461207
2019-03-24 13:42:00,0.31411922716756635
2019-03-24 13:45:00,0.1823061474823362
2019-03-24 13:48:00,0.1816232167892622
2019-03-24 13:51:00,0.21314139682175437
2019-03-24 13:54:00,0.14497771071717125
2019-03-24 13:57:00,0.24265412509157613
2019-03-24 14:00:00,0.24655351562842043
2019-03-24 14:03:00,0.15235280260299078
2019-03-24 14:06:00,0.051770330254043984
2019-03-24 14:09:00,0.29548218832741213
2019-03-24 14:12:00,0.3875637466359194
2019-03-24 14:15:00,0.3742838973645348
2019-03-24 14:18:00,0.23435622739276596
2019-03-24 14:21:00,0.4599536325593476
2019-03-24 14:24:00,0.4338775461502564
2019-03-24 14:27:00,0.5671452888454951
2019-03-24 14:30:00,0.5631272791548554
2019-03-24 14:33:00,0.3846350652920023
2019-03-24 14:36:00,0.3626785114273048
2019-03-24 14:39:00,0.3555936411451057
2019-03-24 14:42:00,0.17994936285793983
2019-03-24 14:45:00,0.26427185841214396
2019-03-24 14:48:00,0.40330272918453147
2019-03-24 14:51:00,0.34076920194615923
2019-03-24 14:54:00,0.3244311319740518
2019-03-24 14:57:00,0.1962006118865247
2019-03-24 15:00:00,0.17177620259110427
2019-03-24 15:03:00,0.28255658697838726
2019-03-24 15:06:00,0.32346333877160305
2019-03-24 15:09:00,0.37630020780210316
2019-03-24 15:12:00,0.4957659328030104
2019-03-24 15:15:00,0.49628489603065873
2019-03-24 15:18:00,0.5298350316430174
2019-03-24 15:21:00,0.5473212825616542
2019-03-24 15:24:00,0.42245085474996813
2019-03-24 15:27:00,0.4128235769522348
2019-03-24 15:30:00,0.3858239867738007
2019-03-24 15:33:00,0.38296334493242057
2019-03-24 15:36:00,0.35369266662939935
2019-03-24 15:39:00,0.38977017477679965
2019-03-24 15:42:00,0.4133100047205289
2019-03-24 15:45:00,0.3612727944094445
2019-03-24 15:48:00,0.34331014074939503
2019-03-24 15:51:00,0.431344524272788
2019-03-24 15:54:00,0.3357048633104682
2019-03-24 15:57:00,0.42187811116610874
2019-03-24 16:00:00,0.3905474819731012
2019-03-24 16:03:00,0.3456843804256664
2019-03-24 16:06:00,0.38811093048144585
2019-03-24 16:09:00,0.40143167742456853
2019-03-24 16:12:00,0.405570745775492
2019-03-24 16:15:00,0.38986932530565355
2019-03-24 16:18:00,0.4337657793407743
2019-03-24 16:21:00,0.4916226399108723
2019-03-24 16:24:00,0.449515590099395
2019-03-24 16:27:00,0.4229430572154911
2019-03-24 16:30:00,0.48334934126887674
2019-03-24 16:33:00,0.531934139127145
2019-03-24 16:36:00,0.5375564587508279
2019-03-24 16:39:00,0.5256897101251639
2019-03-24 16:42:00,0.4804863114483169
2019-03-24 16:45:00,0.4598440681857028
2019-03-24 16:48:00,0.41884202101442725
2019-03-24 16:51:00,0.6048661338496686
2019-03-24 16:54:00,0.45838623085586505
2019-03-24 16:57:00,0.48620745965911283
2019-03-24 17:00:00,0.4566354407359654
2019-03-24 17:03:00,0.46717827399658063
2019-03-24 17:06:00,0.4032258717766126
2019-03-24 17:09:00,0.5144409468220488
2019-03-24 17:12:00,0.458539578416719
2019-03-24 17:15:00,0.5116816974358471
2019-03-24 17:18:00,0.44620118315214086
2019-03-24 17:21:00,0.5194968181268678
2019-03-24 17:24:00,0.5464414035091636
2019-03-24 17:27:00,0.5326308981978514
2019-03-24 17:30:00,0.4566890259298475
2019-03-24 17:33:00,0.4454639532870601
2019-03-24 17:36:00,0.42390035737065546
2019-03-24 17:39:00,0.4556298484930039
2019-03-24 17:42:00,0.38080968513349944
2019-03-24 17:45:00,0.41645428464704537
2019-03-24 17:48:00,0.43388015958743154
2019-03-24 17:51:00,0.43462041275324736
2019-03-24 17:54:00,0.49779825252937826
2019-03-24 17:57:00,0.4281144535468684
2019-03-24 18:00:00,0.3846805967427258
2019-03-24 18:03:00,0.4366738787936697
2019-03-24 18:06:00,0.4752858629593675
2019-03-24 18:09:00,0.44755826095240536
2019-03-24 18:12:00,0.5549894726869979
2019-03-24 18:15:00,0.49718717197595197
2019-03-24 18:18:00,0.4146265872132062
2019-03-24 18:21:00,0.4594966922317667
2019-03-24 18:24:00,0.47151129037797546
2019-03-24 18:27:00,0.4518928561556663
2019-03-24 18:30:00,0.36027411470576
2019-03-24 18:33:00,0.3877242773180569
2019-03-24 18:36:00,0.44463979873489734
2019-03-24 18:39:00,0.3011719946967446
2019-03-24 18:42:00,0.38720153208026886
2019-03-24 18:45:00,0.40904947061505936
2019-03-24 18:48:00,0.44116187001179696
2019-03-24 18:51:00,0.31725057524090516
2019-03-24 18:54:00,0.3291554755390962
2019-03-24 18:57:00,
2019-03-24 19:00:00,
2019-03-24 19:03:00,0.5379058402804162
2019-03-24 19:06:00,0.5152930315156823
2019-03-24 19:09:00,0.4806576940405307
2019-03-24 19:12:00,0.44159340770067956
2019-03-24 19:15:00,0.47999420412867266
2019-03-24 19:18:00,0.49710040936378164
2019-03-24 19:21:00,0.5524965179297396
2019-03-24 19:24:00,0.4942049742095378
2019-03-24 19:27:00,0.5697782221105285
2019-03-24 19:30:00,0.6046644559535252
2019-03-24 19:33:00,0.4496850544907147
2019-03-24 19:36:00,0.5876446043281476
2019-03-24 19:39:00,0.6197066615104063
2019-03-24 19:42:00,0.6395213169510043
2019-03-24 19:45:00,0.6740901524007086
2019-03-24 19:48:00,0.6352108588605461
2019-03-24 19:51:00,0.5850946413972906
2019-03-24 19:54:00,0.5046851029625259
2019-03-24 19:57:00,0.5258692504275473
2019-03-24 20:00:00,0.572609135015739
2019-03-24 20:03:00,0.6684931908208682
2019-03-24 20:06:00,0.7197381267475293
2019-03-24 20:09:00,0.6033877719014527
2019-03-24 20:12:00,0.4969107747837711
2019-03-24 20:15:00,0.6185977254889394
2019-03-24 20:18:00,0.5796710198621895
2019-03-24 20:21:00,0.5483178919628244
2019-03-24 20:24:00,0.4976945634734875
2019-03-24 20:27:00,0.6077143994168637
2019-03-24 20:30:00,0.4684208639217786
2019-03-24 20:33:00,0.5073854293900126
2019-03-24 20:36:00,0.5724901569979011
2019-03-24 20:39:00,0.6376930655101773
2019-03-24 20:42:00,0.5393987392752706
2019-03-24 20:45:00,0.5694722262825849
2019-03-24 20:48:00,0.4713254978126997
2019-03-24 20:51:00,0.4720068561617836
2019-03-24 20:54:00,0.4763595954271409
2019-03-24 20:57:00,0.5114507071750722
2019-03-24 21:00:00,0.5265998164477992
2019-03-24 21:03:00,0.42562031066745476
2019-03-24 21:06:00,0.4956179687898725
2019-03-24 21:09:00,0.4661002669633376
2019-03-24 21:12:00,0.4879564710417412
2019-03-24 21:15:00,0.5325278496918031
2019-03-24 21:18:00,0.4577805249645053
2019-03-24 21:21:00,0.4540520068194951
2019-03-24 21:24:00,0.4814495179085725
2019-03-24 21:27:00,0.516618132631379
2019-03-24 21:30:00,0.4284193128038396
2019-03-24 21:33:00,0.4619002801981651
2019-03-24 21:36:00,0.4444314495883077
2019-03-24 21:39:00,0.48285459782925955
2019-03-24 21:42:00,0.466609938463705
2019-03-24 21:45:00,0.4013962157417268
2019-03-24 21:48:00,0.462203939103631
2019-03-24 21:51:00,0.3555495612312143
2019-03-24 21:54:00,0.506393077856103
2019-03-24 21:57:00,0.4006361893039525
2019-03-24 22:00:00,0.3903871883444481
2019-03-24 22:03:00,0.5343395420635488
2019-03-24 22:06:00,0.2935237175813654
2019-03-24 22:09:00,0.327002082591207
2019-03-24 22:12:00,0.33490718634914174
2019-03-24 22:15:00,0.435997788218458
2019-03-24 22:18:00,0.4184394583392077
2019-03-24 22:21:00,0.4944254364974654
2019-03-24 22:24:00,0.4645306455022933
2019-03-24 22:27:00,0.41997957713107326
2019-03-24 22:30:00,0.4405517029440489
2019-03-24 22:33:00,0.4237026815124523
2019-03-24 22:36:00,0.47661776983710524
2019-03-24 22:39:00,0.4046180730817355
2019-03-24 22:42:00,0.37621755194254547
2019-03-24 22:45:00,0.30985787435417933
2019-03-24 22:48:00,0.3680525973427393
2019-03-24 22:51:00,0.3763551017852933
2019-03-24 22:54:00,0.4325679302399976
2019-03-24 22:57:00,0.5062697450716769
2019-03-24 23:00:00,0.39262744192552645
2019-03-24 23:03:00,0.3774628612766264
2019-03-24 23:06:00,0.46146089033652515
2019-03-24 23:09:00,0.4114336928293483
2019-03-24 23:12:00,0.37999843064949346
2019-03-24 23:15:00,0.35559669209146705
2019-03-24 23:18:00,0.4737444551380463
2019-03-24 23:21:00,0.3841251968613051
2019-03-24 23:24:00,0.43135757929337615
2019-03-24 23:27:00,0.4867158314463609
2019-03-24 23:30:00,0.43749966506652527
2019-03-24 23:33:00,0.4857544985599702
2019-03-24 23:36:00,0.47025544573818934
2019-03-24 23:39:00,0.4666995925003903
2019-03-24 23:42:00,0.42796899497659524
2019-03-24 23:45:00,0.39838225685684847
2019-03-24 23:48:00,0.40617214922440326
2019-03-24 23:51:00,0.5048643566639726
2019-03-24 23:54:00,0.45446754717102067
2019-03-24 23:57:00,0.4663618499214408
2019-03-25 00:00:00,0.5785300613347886
2019-03-25 00:03:00,0.5022226289980267
2019-03-25 00:06:00,0.5103744309963645
2019-03-25 00:09:00,0.4578469567267689
2019-03-25 00:12:00,0.562217159708041
2019-03-25 00:15:00,0.49243359444352564
2019-03-25 00:18:00,0.5218942846849473
2019-03-25 00:21:00,0.5134639891413144
2019-03-25 00:24:00,0.4631348259181891
2019-03-25 00:27:00,0.6050979282110802
2019-03-25 00:30:00,0.5303915989974826
2019-03-25 00:33:00,0.5726322429204629
2019-03-25 00:36:00,0.43873037521927927
2019-03-25 00:39:00,0.46389007967229645
2019-03-25 00:42:00,0.5336343873895544
2019-03-25 00:45:00,0.45581929623494943
2019-03-25 00:48:00,0.5046204094496716
2019-03-25 00:51:00,0.5556737899174209
2019-03-25 00:54:00,0.5456506694858945
2019-03-25 00:57:00,0.4953071865210177
2019-03-25 01:00:00,0.4765847097381197
2019-03-25 01:03:00,0.45056387630836525
2019-03-25 01:06:00,0.5478230467933827
2019-03-25 01:09:00,0.4762846938154439
2019-03-25 01:12:00,0.43563585057461296
2019-03-25 01:15:00,0.5328510599933907
2019-03-25 01:18:00,0.5084698292560574
2019-03-25 01:21:00,0.5168145143716742
2019-03-25 01:24:00,0.43282138139835524
2019-03-25 01:27:00,0.4780193758227824
2019-03-25 01:30:00,0.5702146482724402
2019-03-25 01:33:00,0.44540158154194387
2019-03-25 01:36:00,0.4370875025801979
2019-03-25 01:39:00,0.45191182367403826
2019-03-25 01:42:00,0.5169248547996972
2019-03-25 01:45:00,0.4801486186539705
2019-03-25 01:48:00,0.5487370041402642
2019-03-25 01:51:00,0.36553451924299907
2019-03-25 01:54:00,0.42877542380836076
2019-03-25 01:57:00,0.5624544388991808
2019-03-25 02:00:00,0.49630545446814267
2019-03-25 02:03:00,0.49447862777009277
2019-03-25 02:06:00,0.39896755299542974
2019-03-25 02:09:00,0.5749621609558062
2019-03-25 02:12:00,0.4172216379617453
2019-03-25 02:15:00,0.5193858561743241
2019-03-25 02:18:00,0.45092969043355424
2019-03-25 02:21:00,0.4540032128025473
2019-03-25 02:24:00,0.5184973258508876
2019-03-25 02:27:00,0.511087411176959
2019-03-25 02:30:00,0.45951055826418497
2019-03-25 02:33:00,0.5558813432652414
2019-03-25 02:36:00,0.5791776209140949
2019-03-25 02:39:00,0.558661163484885
2019-03-25 02:42:00,0.457933390118626
2019-03-25 02:45:00,0.5014699126435858
2019-03-25 02:48:00,0.48624082122177015
2019-03-25 02:51:00,0.6189600224220726
2019-03-25 02:54:00,0.48096473437635723
2019-03-25 02:57:00,0.44231444464548986
2019-03-25 03:00:00,0.46997751150360045
2019-03-25 03:03:00,0.6068747652301454
2019-03-25 03:06:00,0.5394192874278474
2019-03-25 03:09:00,0.5212042714534846
2019-03-25 03:12:00,0.5677822172536366
2019-03-25 03:15:00,0.4391430404880907
2019-03-25 03:18:00,0.5068247874845611
2019-03-25 03:21:00,0.5290665434411039
2019-03-25 03:24:00,0.5854055053922593
2019-03-25 03:27:00,0.47123390481743854
2019-03-25 03:30:00,0.5959138420438421
2019-03-25 03:33:00,0.5224417865923101
2019-03-25 03:36:00,0.5431103515619498
2019-03-25 03:39:00,0.4993812009309977
2019-03-25 03:42:00,0.5255221824993441
2019-03-25 03:45:00,0.47076516596297324
2019-03-25 03:48:00,0.48932921599265455
2019-03-25 03:51:00,0.4606695030687433
2019-03-25 03:54:00,0.45489256152808366
2019-03-25 03:57:00,0.4561016086096288
2019-03-25 04:00:00,0.5507510660798971
2019-03-25 04:03:00,0.4746481834926044
2019-03-25 04:06:00,0.44631015911517125
2019-03-25 04:09:00,0.48955984104520667
2019-03-25 04:12:00,0.4606210392502703
2019-03-25 04:15:00,0.49292576482071127
2019-03-25 04:18:00,0.4177597720263293
2019-03-25 04:21:00,0.44415667898454103
2019-03-25 04:24:00,0.4507997129883279
2019-03-25 04:27:00,0.4836872932801839
2019-03-25 04:30:00,0.5463096644720054
2019-03-25 04:33:00,0.41701691881854686
2019-03-25 04:36:00,0.4753264596411668
2019-03-25 04:39:00,0.43315526423776873
2019-03-25 04:42:00,0.4560991705234301
2019-03-25 04:45:00,0.4791687355262866
2019-03-25 04:48:00,0.4567630342339726
2019-03-25 04:51:00,0.49063564924421144
2019-03-25 04:54:00,0.48248715524846375
2019-03-25 04:57:00,0.5612795335707119
2019-03-25 05:00:00,0.49786647825362706
2019-03-25 05:03:00,0.4771241589224928
2019-03-25 05:06:00,0.5356653446862083
2019-03-25 05:09:00,0.3999892454841074
2019-03-25 05:12:00,0.45530108978488215
2019-03-25 05:15:00,0.5607503697347056
2019-03-25 05:18:00,0.46315349332229516
2019-03-25 05:21:00,0.5000092621011163
2019-03-25 05:24:00,0.4650333716236901
2019-03-25 05:27:00,0.5368179241096982
2019-03-25 05:30:00,0.5251194276112301
2019-03-25 05:33:00,0.49349160360964106
2019-03-25 05:36:00,0.43648621392827636
2019-03-25 05:39:00,0.5959011277550417
2019-03-25 05:42:00,0.5347576107805594
2019-03-25 05:45:00,0.5718621950849752
2019-03-25 05:48:00,0.5679758745322374
2019-03-25 05:51:00,0.44495784254644377
2019-03-25 05:54:00,0.5013079070824915
2019-03-25 05:57:00,0.5553237649175458
2019-03-25 06:00:00,0.5245031909834665
2019-03-25 06:03:00,0.4761171067353871
2019-03-25 06:06:00,0.5454499121904632
2019-03-25 06:09:00,0.48926461710749436
2019-03-25 06:12:00,0.5727149771149129
2019-03-25 06:15:00,0.5079087571180594
2019-03-25 06:18:00,0.477355632767285
2019-03-25 06:21:00,0.5004794405073767
2019-03-25 06:24:00,0.45256980800729707
2019-03-25 06:27:00,0.4794227824190216
2019-03-25 06:30:00,0.469263068600867
2019-03-25 06:33:00,0.5050391421816585
2019-03-25 06:36:00,0.5476675578678396
2019-03-25 06:39:00,0.5399647956192553
2019-03-25 06:42:00,0.6033478151102258
2019-03-25 06:45:00,0.5285547013912151
2019-03-25 06:48:00,0.5956749770533065
2019-03-25 06:51:00,0.5515360833662726
2019-03-25 06:54:00,0.586343086013926
2019-03-25 06:57:00,0.5868650761682943
2019-03-25 07:00:00,0.4847433591589265
2019-03-25 07:03:00,0.5069173400051454
2019-03-25 07:06:00,0.5433030507884382
2019-03-25 07:09:00,0.5338696880251632
2019-03-25 07:12:00,0.5771986776480844
2019-03-25 07:15:00,0.5878772078251586
2019-03-25 07:18:00,0.6362778544172443
2019-03-25 07:21:00,0.6149076537550968
2019-03-25 07:24:00,0.6198030918744735
2019-03-25 07:27:00,0.5547143166098749
2019-03-25 07:30:00,0.5600818939959709
2019-03-25 07:33:00,0.565716022221693
2019-03-25 07:36:00,0.5452122633554382
2019-03-25 07:39:00,0.62826462653004
2019-03-25 07:42:00,0.5666656844555291
2019-03-25 07:45:00,0.6348783876402422
2019-03-25 07:48:00,0.5971499928575099
2019-03-25 07:51:00,0.5191580547302124
2019-03-25 07:54:00,0.5176003278887151
2019-03-25 07:57:00,0.5358489716167014
2019-03-25 08:00:00,0.4799535519914002
2019-03-25 08:03:00,0.36694603102904466
2019-03-25 08:06:00,0.5111314709633348
2019-03-25 08:09:00,0.49791903395657755
2019-03-25 08:12:00,0.5478867855263161
2019-03-25 08:15:00,0.5129683901828912
2019-03-25 08:18:00,0.3884277785128347
2019-03-25 08:21:00,0.5089912929345246
2019-03-25 08:24:00,0.52881163641581
2019-03-25 08:27:00,0.4915993506509153
2019-03-25 08:30:00,0.42756700148788696
2019-03-25 08:33:00,0.4315279885292398
2019-03-25 08:36:00,0.41074853546336954
2019-03-25 08:39:00,0.4631509482870797
2019-03-25 08:42:00,0.4444026718258556
2019-03-25 08:45:00,0.4393644345153689
2019-03-25 08:48:00,0.4082978970890281
2019-03-25 08:51:00,0.44705157061383716
2019-03-25 08:54:00,0.38759030594769683
2019-03-25 08:57:00,0.360354168308902
2019-03-25 09:00:00,0.47239600635936085
2019-03-25 09:03:00,0.45708054328315484
2019-03-25 09:06:00,0.3504403402630487
2019-03-25 09:09:00,0.46436248107835354
2019-03-25 09:12:00,0.38782827935841624
2019-03-25 09:15:00,0.3663346509754888
2019-03-25 09:18:00,0.38180453364941513
2019-03-25 09:21:00,0.3578893961697531
2019-03-25 09:24:00,0.31335817771474694
2019-03-25 09:27:00,0.3454484887060971
2019-03-25 09:30:00,0.3011114670089228
2019-03-25 09:33:00,0.25215232665999565
2019-03-25 09:36:00,0.31603685353348965
2019-03-25 09:39:00,0.23085879340317206
2019-03-25 09:42:00,0.2798179833696395
2019-03-25 09:45:00,0.219747266947536
2019-03-25 09:48:00,0.13745439180365793
2019-03-25 09:51:00,0.19691152866943185
2019-03-25 09:54:00,0.1272208038600411
2019-03-25 09:57:00,0.05593727879602284
2019-03-25 10:00:00,0.13430268833559467
2019-03-25 10:03:00,0.026729054638451544
2019-03-25 10:06:00,0.07149510463386832
2019-03-25 10:09:00,-0.03507693237492049
2019-03-25 10:12:00,0.0005625306234264826
2019-03-25 10:15:00,-0.031366825031568624
2019-03-25 10:18:00,0.06772006456549207
2019-03-25 10:21:00,-0.07230761084809956
2019-03-25 10:24:00,-0.16100327050747865
2019-03-25 10:27:00,-0.19820279432417465
2019-03-25 10:30:00,-0.11990070916402829
2019-03-25 10:33:00,-0.123041210573831
2019-03-25 10:36:00,-0.1960076823986583
2019-03-25 10:39:00,-0.18516341354632004
2019-03-25 10:42:00,-0.12440430583615125
2019-03-25 10:45:00,-0.19949950036954078
2019-03-25 10:48:00,-0.14995801331349412
2019-03-25 10:51:00,-0.1771722411572796
2019-03-25 10:54:00,-0.1293130338091828
2019-03-25 10:57:00,-0.1955319238593347
2019-03-25 11:00:00,-0.25242791477268156
2019-03-25 11:03:00,-0.20999823137788098
2019-03-25 11:06:00,-0.16123371461833358
2019-03-25 11:09:00,-0.203517191945366
2019-03-25 11:12:00,-0.17313556382418938
2019-03-25 11:15:00,-0.20088639788349383
2019-03-25 11:18:00,-0.2517317049095027
2019-03-25 11:21:00,-0.16585939751024625
2019-03-25 11:24:00,-0.2132800666760204
2019-03-25 11:27:00,-0.2733793660313495
2019-03-25 11:30:00,-0.24034541157607237
2019-03-25 11:33:00,-0.24072966511687355
2019-03-25 11:36:00,-0.3177825204076612
2019-03-25 11:39:00,-0.23976461386581605
2019-03-25 11:42:00,-0.11788385611936292
2019-03-25 11:45:00,-0.2710407109526045
2019-03-25 11:48:00,-0.3691437577797956
2019-03-25 11:51:00,-0.2779206132774448
2019-03-25 11:54:00,-0.2829020949797041
2019-03-25 11:57:00,-0.34042447462468317
2019-03-25 12:00:00,-0.35318873768983394
2019-03-25 12:03:00,-0.31245480016343663
2019-03-25 12:06:00,-0.33966426634231084
2019-03-25 12:09:00,-0.43566663418272356
2019-03-25 12:12:00,-0.3466257040385585
2019-03-25 12:15:00,-0.43573812067461404
2019-03-25 12:18:00,-0.38930874210149113
2019-03-25 12:21:00,-0.38594602754523066
2019-03-25 12:24:00,-0.426536023889696
2019-03-25 12:27:00,-0.3765735776564725
2019-03-25 12:30:00,-0.45305251137045843
2019-03-25 12:33:00,-0.37896830555581573
2019-03-25 12:36:00,-0.4109581327787737
2019-03-25 12:39:00,-0.34797445630658785
2019-03-25 12:42:00,-0.41792190790329187
2019-03-25 12:45:00,-0.40004606759953276
2019-03-25 12:48:00,-0.440892331103953
2019-03-25 12:51:00,-0.32252554980499326
2019-03-25 12:54:00,-0.4205929228485843
2019-03-25 12:57:00,-0.4171159581816255
2019-03-25 13:00:00,-0.37897105722237256
2019-03-25 13:03:00,-0.4503950442796736
2019-03-25 13:06:00,-0.37292524961810614
2019-03-25 13:09:00,-0.4099009548594381
2019-03-25 13:12:00,-0.328543752534074
2019-03-25 13:15:00,-0.36718104259392703
2019-03-25 13:18:00,-0.3530296311026859
2019-03-25 13:21:00,-0.3488986305181925
2019-03-25 13:24:00,-0.39482033977066067
2019-03-25 13:27:00,-0.31548679832042126
2019-03-25 13:30:00,-0.35804700437898873
2019-03-25 13:33:00,-0.4339537484875109
2019-03-25 13:36:00,-0.5035384515387022
2019-03-25 13:39:00,-0.44705814105702757
2019-03-25 13:42:00,-0.34026714608097564
2019-03-25 13:45:00,-0.35677157678497906
2019-03-25 13:48:00,-0.412118488127021
2019-03-25 13:51:00,-0.42660675985115404
2019-03-25 13:54:00,-0.35874261065822566
2019-03-25 13:57:00,-0.35255584404632145
2019-03-25 14:00:00,-0.4105277688927913
2019-03-25 14:03:00,-0.2820151395565631
2019-03-25 14:06:00,-0.2685906657152941
2019-03-25 14:09:00,-0.2689758618457745
2019-03-25 14:12:00,-0.2445555122208134
2019-03-25 14:15:00,-0.1048837885207945
2019-03-25 14:18:00,-0.2293867543799024
2019-03-25 14:21:00,-0.24603855301819522
2019-03-25 14:24:00,-0.2935968890118943
2019-03-25 14:27:00,-0.19328021158588626
2019-03-25 14:30:00,-0.40552381972582907
2019-03-25 14:33:00,-0.3156548861662145
2019-03-25 14:36:00,-0.37087469150753805
2019-03-25 14:39:00,-0.33006229914570895
2019-03-25 14:42:00,-0.30130505991701284
2019-03-25 14:45:00,-0.3254676315066263
2019-03-25 14:48:00,-0.2371382253563752
2019-03-25 14:51:00,-0.294648928322772
2019-03-25 14:54:00,-0.3152149722120612
2019-03-25 14:57:00,-0.25356508281686274
2019-03-25 15:00:00,-0.1859858589139094
2019-03-25 15:03:00,-0.4038962110438433
2019-03-25 15:06:00,-0.30029662718072814
2019-03-25 15:09:00,-0.31609785415872693
2019-03-25 15:12:00,-0.3105035437994843
2019-03-25 15:15:00,-0.29418012623983714
2019-03-25 15:18:00,-0.2116168470963089
2019-03-25 15:21:00,-0.2864345011682303
2019-03-25 15:24:00,-0.2934475248327999
2019-03-25 15:27:00,-0.451783464094035
2019-03-25 15:30:00,-0.3539216339626705
2019-03-25 15:33:00,-0.4234168989963223
2019-03-25 15:36:00,-0.2790059011795165
2019-03-25 15:39:00,-0.18617282312942507
2019-03-25 15:42:00,-0.2247841348618067
2019-03-25 15:45:00,-0.16149726576469448
2019-03-25 15:48:00,-0.16114518241965925
2019-03-25 15:51:00,0.21699011987050199
2019-03-25 15:54:00,0.41645536434788255
2019-03-25 15:57:00,0.2370997498219367
2019-03-25 16:00:00,0.31638005310406925
2019-03-25 16:03:00,0.3741105694589919
2019-03-25 16:06:00,0.3479443946523588
2019-03-25 16:09:00,0.5327485929369118
2019-03-25 16:12:00,
2019-03-25 16:15:00,
2019-03-25 16:18:00,
2019-03-25 16:21:00,
2019-03-25 16:24:00,
2019-03-25 16:27:00,
2019-03-25 16:30:00,
2019-03-25 16:33:00,
2019-03-25 16:36:00,
2019-03-25 16:39:00,
2019-03-25 16:42:00,
2019-03-25 16:45:00,
2019-03-25 16:48:00,
2019-03-25 16:51:00,
2019-03-25 16:54:00,
2019-03-25 16:57:00,
2019-03-25 17:00:00,
2019-03-25 17:03:00,
2019-03-25 17:06:00,
2019-03-25 17:09:00,
2019-03-25 17:12:00,
2019-03-25 17:15:00,
2019-03-25 17:18:00,
2019-03-25 17:21:00,
2019-03-25 17:24:00,
2019-03-25 17:27:00,
2019-03-25 17:30:00,
2019-03-25 17:33:00,
2019-03-25 17:36:00,
2019-03-25 17:39:00,
2019-03-25 17:42:00,
2019-03-25 17:45:00,
2019-03-25 17:48:00,
2019-03-25 17:51:00,
2019-03-25 17:54:00,
2019-03-25 17:57:00,
2019-03-25 18:00:00,
2019-03-25 18:03:00,
2019-03-25 18:06:00,
2019-03-25 18:09:00,
2019-03-25 18:12:00,
2019-03-25 18:15:00,
2019-03-25 18:18:00,
2019-03-25 18:21:00,
2019-03-25 18:24:00,
2019-03-25 18:27:00,
2019-03-25 18:30:00,
2019-03-25 18:33:00,
2019-03-25 18:36:00,
2019-03-25 18:39:00,
2019-03-25 18:42:00,
2019-03-25 18:45:00,
2019-03-25 18:48:00,
2019-03-25 18:51:00,
2019-03-25 18:54:00,
2019-03-25 18:57:00,
2019-03-25 19:00:00,
2019-03-25 19:03:00,
2019-03-25 19:06:00,
2019-03-25 19:09:00,
2019-03-25 19:12:00,
2019-03-25 19:15:00,
2019-03-25 19:18:00,
2019-03-25 19:21:00,
2019-03-25 19:24:00,
2019-03-25 19:27:00,
2019-03-25 19:30:00,
2019-03-25 19:33:00,
2019-03-25 19:36:00,
2019-03-25 19:39:00,
2019-03-25 19:42:00,
2019-03-25 19:45:00,
2019-03-25 19:48:00,
2019-03-25 19:51:00,
2019-03-25 19:54:00,
2019-03-25 19:57:00,
2019-03-25 20:00:00,
2019-03-25 20:03:00,
2019-03-25 20:06:00,
2019-03-25 20:09:00,
2019-03-25 20:12:00,
2019-03-25 20:15:00,
2019-03-25 20:18:00,
2019-03-25 20:21:00,
2019-03-25 20:24:00,
2019-03-25 20:27:00,
2019-03-25 20:30:00,0.36193751897667426
2019-03-25 20:33:00,0.23781093875589931
2019-03-25 20:36:00,0.38256541944940636
2019-03-25 20:39:00,
2019-03-25 20:42:00,0.42646774428914114
2019-03-25 20:45:00,0.4611647168981676
2019-03-25 20:48:00,0.3858736736493711
2019-03-25 20:51:00,0.506621368936294
2019-03-25 20:54:00,0.44354954654266976
2019-03-25 20:57:00,0.5230640929984816
2019-03-25 21:00:00,0.4038110496070999
2019-03-25 21:03:00,0.4417697149086166
2019-03-25 21:06:00,0.4589511224262992
2019-03-25 21:09:00,0.4868069798749275
2019-03-25 21:12:00,0.34562923604391926
2019-03-25 21:15:00,
2019-03-25 21:18:00,0.3486233942140302
2019-03-25 21:21:00,0.3242404139774635
2019-03-25 21:24:00,0.3033921683926337
2019-03-25 21:27:00,0.3825054067909832
2019-03-25 21:30:00,0.29099915033606294
2019-03-25 21:33:00,0.3106057218611227
2019-03-25 21:36:00,0.35089945225394104
2019-03-25 21:39:00,0.4582910598849139
2019-03-25 21:42:00,
2019-03-25 21:45:00,0.36301226213458904
2019-03-25 21:48:00,0.39292120947777676
2019-03-25 21:51:00,0.3815883954118817
2019-03-25 21:54:00,0.5617808865184202
2019-03-25 21:57:00,0.3679299265616578
2019-03-25 22:00:00,0.3264655098438425
2019-03-25 22:03:00,0.4500351091087964
2019-03-25 22:06:00,0.35906798452600697
2019-03-25 22:09:00,0.4177873790627018
2019-03-25 22:12:00,0.3645862437706455
2019-03-25 22:15:00,0.4627444480664735
2019-03-25 22:18:00,0.46704698745008955
2019-03-25 22:21:00,0.3696222771458224
2019-03-25 22:24:00,0.3582822043346141
2019-03-25 22:27:00,0.37769585075079704
2019-03-25 22:30:00,0.31840860786991243
2019-03-25 22:33:00,0.22187645342143014
2019-03-25 22:36:00,
2019-03-25 22:39:00,0.27012684104806794
2019-03-25 22:42:00,0.3003804572366562
2019-03-25 22:45:00,0.31120392791285667
2019-03-25 22:48:00,0.3338574009426907
2019-03-25 22:51:00,0.38241592967904126
2019-03-25 22:54:00,0.32488469948901866
2019-03-25 22:57:00,0.3278465776206758
2019-03-25 23:00:00,
2019-03-25 23:03:00,0.32470726925129156
2019-03-25 23:06:00,0.3455995679445891
2019-03-25 23:09:00,
2019-03-25 23:12:00,0.3596288147718951
2019-03-25 23:15:00,0.35766359487854515
2019-03-25 23:18:00,0.35438667799422774
2019-03-25 23:21:00,0.3508812535554853
2019-03-25 23:24:00,0.355738907646753
2019-03-25 23:27:00,0.3679874071168001
2019-03-25 23:30:00,0.3020535576619636
2019-03-25 23:33:00,0.348250537512115
2019-03-25 23:36:00,0.3147701170179289
2019-03-25 23:39:00,0.2884792813820809
2019-03-25 23:42:00,0.331985385777557
2019-03-25 23:45:00,0.33958210455915605
2019-03-25 23:48:00,0.4040023844073062
2019-03-25 23:51:00,0.2895696053882375
2019-03-25 23:54:00,0.3009479576393801
2019-03-25 23:57:00,0.3952576349522019
2019-03-26 00:00:00,0.29596618163884614
2019-03-26 00:03:00,0.2760379007244751
2019-03-26 00:06:00,0.3024085161092671
2019-03-26 00:09:00,0.3520558200172559
2019-03-26 00:12:00,0.33834198332249343
2019-03-26 00:15:00,0.34308915171510534
2019-03-26 00:18:00,0.2751507317828441
2019-03-26 00:21:00,0.24306276242214153
2019-03-26 00:24:00,0.2710972655419255
2019-03-26 00:27:00,0.29030476161949537
2019-03-26 00:30:00,0.3622453086639439
2019-03-26 00:33:00,0.39001159015964504
2019-03-26 00:36:00,0.5019840567366032
2019-03-26 00:39:00,0.34144713843056707
2019-03-26 00:42:00,0.3416221767739671
2019-03-26 00:45:00,0.3948056397850337
2019-03-26 00:48:00,0.2908289260813035
2019-03-26 00:51:00,0.2526039749690767
2019-03-26 00:54:00,0.2859123334174569
2019-03-26 00:57:00,0.43014105483666754
2019-03-26 01:00:00,0.40504512058669206
2019-03-26 01:03:00,0.33856774835675196
2019-03-26 01:06:00,0.38080955458963217
2019-03-26 01:09:00,0.4447133906582508
2019-03-26 01:12:00,0.35472936899373053
2019-03-26 01:15:00,0.40467470219942925
2019-03-26 01:18:00,0.5691932290461068
2019-03-26 01:21:00,0.5240133390812503
2019-03-26 01:24:00,0.517390816914201
2019-03-26 01:27:00,0.5505355768263485
2019-03-26 01:30:00,0.4847277870636617
2019-03-26 01:33:00,0.6110001530955742
2019-03-26 01:36:00,0.6211604188010824
2019-03-26 01:39:00,0.652748132631757
2019-03-26 01:42:00,0.6838073074860063
2019-03-26 01:45:00,0.6954218124407703
2019-03-26 01:48:00,0.6983319199441098
2019-03-26 01:51:00,0.6319849982555752
2019-03-26 01:54:00,0.6240564475763222
2019-03-26 01:57:00,0.5101415727343692
2019-03-26 02:00:00,0.4901426522954466
2019-03-26 02:03:00,0.5589455767398022
2019-03-26 02:06:00,0.49425002632392534
2019-03-26 02:09:00,0.46082078551501127
2019-03-26 02:12:00,0.46718990437921093
2019-03-26 02:15:00,0.429684034249874
2019-03-26 02:18:00,0.3735644529810429
2019-03-26 02:21:00,0.37336245396414824
2019-03-26 02:24:00,0.34929039050445
2019-03-26 02:27:00,0.3639768128435321
2019-03-26 02:30:00,0.336057348655288
2019-03-26 02:33:00,0.3826040005709501
2019-03-26 02:36:00,0.3103821206938733
2019-03-26 02:39:00,0.3519122487417121
2019-03-26 02:42:00,0.3660205016084319
2019-03-26 02:45:00,0.37697883877535787
2019-03-26 02:48:00,0.316846626008612
2019-03-26 02:51:00,0.26516942071651783
2019-03-26 02:54:00,0.33433422470000096
2019-03-26 02:57:00,0.33574024389133683
2019-03-26 03:00:00,0.3116119317596713
2019-03-26 03:03:00,0.3893339047365316
2019-03-26 03:06:00,0.3795600259665548
2019-03-26 03:09:00,0.34261577055661974
2019-03-26 03:12:00,0.4749600737486048
2019-03-26 03:15:00,0.33565425208325905
2019-03-26 03:18:00,0.3953960870533706
2019-03-26 03:21:00,0.37742531317451267
2019-03-26 03:24:00,0.33448836179968566
2019-03-26 03:27:00,0.2989490517978197
2019-03-26 03:30:00,0.38789775907025614
2019-03-26 03:33:00,0.37668409176563955
2019-03-26 03:36:00,0.3890076191765388
2019-03-26 03:39:00,0.3986444542211416
2019-03-26 03:42:00,0.3667751379620654
2019-03-26 03:45:00,0.42762612052109716
2019-03-26 03:48:00,0.33325305905327696
2019-03-26 03:51:00,0.2315262938107594
2019-03-26 03:54:00,0.39342655755990563
2019-03-26 03:57:00,0.37083269465853164
2019-03-26 04:00:00,0.317796354313316
2019-03-26 04:03:00,0.31097208050596237
2019-03-26 04:06:00,0.357329535424185
2019-03-26 04:09:00,0.4236856965355855
2019-03-26 04:12:00,0.452956112642255
2019-03-26 04:15:00,0.44957070562196577
2019-03-26 04:18:00,0.49143314293871754
2019-03-26 04:21:00,0.40478349104517974
2019-03-26 04:24:00,0.40325522174828166
2019-03-26 04:27:00,0.2252873391885828
2019-03-26 04:30:00,0.3983739248648135
2019-03-26 04:33:00,0.3134309560992392
2019-03-26 04:36:00,0.40086089590380425
2019-03-26 04:39:00,0.37735900073522544
2019-03-26 04:42:00,0.34308878704376866
2019-03-26 04:45:00,0.3868337631982399
2019-03-26 04:48:00,0.32729585529847327
2019-03-26 04:51:00,0.3314422970068449
2019-03-26 04:54:00,0.3271453268390019
2019-03-26 04:57:00,0.28092433702602193
2019-03-26 05:00:00,0.38691545694229035
2019-03-26 05:03:00,0.3138677691802627
2019-03-26 05:06:00,0.31247979260768943
2019-03-26 05:09:00,0.27179903299713715
2019-03-26 05:12:00,0.31150764224912564
2019-03-26 05:15:00,0.31140803480752766
2019-03-26 05:18:00,0.37470840085126156
2019-03-26 05:21:00,0.34375994946520905
2019-03-26 05:24:00,0.309936795924898
2019-03-26 05:27:00,0.3249664202920144
2019-03-26 05:30:00,0.3465960152296361
2019-03-26 05:33:00,0.3380161888128441
2019-03-26 05:36:00,0.38082949793749776
2019-03-26 05:39:00,0.38604663485949686
2019-03-26 05:42:00,0.28749855959767956
2019-03-26 05:45:00,0.3424875347186003
2019-03-26 05:48:00,0.31132059300682613
2019-03-26 05:51:00,0.2677097011085152
2019-03-26 05:54:00,0.30435069883287724
2019-03-26 05:57:00,0.35891412926474686
2019-03-26 06:00:00,0.4212430570926813
2019-03-26 06:03:00,0.3116607517328589
2019-03-26 06:06:00,0.4670653268572664
2019-03-26 06:09:00,0.2954335427893966
2019-03-26 06:12:00,0.3440452271441927
2019-03-26 06:15:00,0.2990109969695709
2019-03-26 06:18:00,0.278972112572319
2019-03-26 06:21:00,0.32133693235221017
2019-03-26 06:24:00,0.26430515255452747
2019-03-26 06:27:00,0.41511233520242286
2019-03-26 06:30:00,0.3171551809711559
2019-03-26 06:33:00,0.3992358886492866
2019-03-26 06:36:00,0.28625512896098826
2019-03-26 06:39:00,0.34397926332280804
2019-03-26 06:42:00,0.28121370312453564
2019-03-26 06:45:00,0.4716457446553477
2019-03-26 06:48:00,0.3061441919494996
2019-03-26 06:51:00,0.3465815712649487
2019-03-26 06:54:00,0.4462451953361324
2019-03-26 06:57:00,0.4321909098382548
2019-03-26 07:00:00,0.28988729627928933
2019-03-26 07:03:00,0.31686243859360275
2019-03-26 07:06:00,0.3669754729220358
2019-03-26 07:09:00,0.2951410925213054
2019-03-26 07:12:00,0.39247766070457146
2019-03-26 07:15:00,0.3885118761676267
2019-03-26 07:18:00,0.3979263967747215
2019-03-26 07:21:00,0.24877804437181794
2019-03-26 07:24:00,0.2939910672624819
2019-03-26 07:27:00,0.351220610799885
2019-03-26 07:30:00,0.3405870388045855
2019-03-26 07:33:00,0.2630950747316092
2019-03-26 07:36:00,0.28791867433523066
2019-03-26 07:39:00,0.3293389786632588
2019-03-26 07:42:00,0.3022590684877855
2019-03-26 07:45:00,0.381037671471006
2019-03-26 07:48:00,0.2747111196150058
2019-03-26 07:51:00,0.3300367315505923
2019-03-26 07:54:00,0.2969475301459852
2019-03-26 07:57:00,0.26967253645864275
2019-03-26 08:00:00,0.3739167182178562
2019-03-26 08:03:00,0.32120994864936847
2019-03-26 08:06:00,0.2835813578769262
2019-03-26 08:09:00,0.30894011900926444
2019-03-26 08:12:00,0.22659775235229063
2019-03-26 08:15:00,0.2583133466668528
2019-03-26 08:18:00,0.23054320897193747
2019-03-26 08:21:00,0.29669992669590783
2019-03-26 08:24:00,0.3298167453807537
2019-03-26 08:27:00,0.32542591695766987
2019-03-26 08:30:00,0.3116399168678754
2019-03-26 08:33:00,0.25736305257254344
2019-03-26 08:36:00,0.26170360752598754
2019-03-26 08:39:00,0.28864495421061065
2019-03-26 08:42:00,0.22090497307283385
2019-03-26 08:45:00,0.2730941081937317
2019-03-26 08:48:00,0.28534756706301323
2019-03-26 08:51:00,0.3394015838938458
2019-03-26 08:54:00,0.21440326287057587
2019-03-26 08:57:00,0.19109441830198648
2019-03-26 09:00:00,0.10041077905975726
2019-03-26 09:03:00,0.27954799230184335
2019-03-26 09:06:00,0.19975903978473752
2019-03-26 09:09:00,0.2456485899236327
2019-03-26 09:12:00,0.13690642859029367
2019-03-26 09:15:00,0.25476744806718443
2019-03-26 09:18:00,0.16220040828079618
2019-03-26 09:21:00,0.17107326500104136
2019-03-26 09:24:00,0.2683996869680527
2019-03-26 09:27:00,0.20618530520482636
2019-03-26 09:30:00,0.24237315317105868
2019-03-26 09:33:00,0.28356493851310915
2019-03-26 09:36:00,0.2193049388796453
2019-03-26 09:39:00,-0.01180270957479479
2019-03-26 09:42:00,0.4592147814885834
2019-03-26 09:45:00,0.13141119163179837
2019-03-26 09:48:00,0.06609805764060184
2019-03-26 09:51:00,0.08087909203379695
2019-03-26 09:54:00,0.12350025340350612
2019-03-26 09:57:00,0.10831901593053317
2019-03-26 10:00:00,0.1066986206098477
2019-03-26 10:03:00,0.12317706895350966
2019-03-26 10:06:00,0.11800520631140898
2019-03-26 10:09:00,0.09118499949141778
2019-03-26 10:12:00,0.030975254767668048
2019-03-26 10:15:00,0.03315568209012554
2019-03-26 10:18:00,0.12453255472252067
2019-03-26 10:21:00,0.02624656523869362
2019-03-26 10:24:00,0.10240775320539797
2019-03-26 10:27:00,0.19139305744465673
2019-03-26 10:30:00,0.061293434660285584
2019-03-26 10:33:00,-0.019747095633135814
2019-03-26 10:36:00,0.10134650415147917
2019-03-26 10:39:00,0.04623189948938489
2019-03-26 10:42:00,0.08238276894149976
2019-03-26 10:45:00,0.005590227302832318
2019-03-26 10:48:00,-0.017014283876505942
2019-03-26 10:51:00,0.06366442748338841
2019-03-26 10:54:00,-0.02825677877478938
2019-03-26 10:57:00,-0.026617314407928916
2019-03-26 11:00:00,-0.10776786940056127
2019-03-26 11:03:00,0.0052552031121990694
2019-03-26 11:06:00,0.02277802931325823
2019-03-26 11:09:00,-0.10018772625994643
2019-03-26 11:12:00,-0.05025176146909871
2019-03-26 11:15:00,0.0014974117032124923
2019-03-26 11:18:00,-0.0409705529701796
2019-03-26 11:21:00,0.1389641731437905
2019-03-26 11:24:00,0.39532131997958686
2019-03-26 11:27:00,0.48255925030048274
2019-03-26 11:30:00,0.5298021288154473
2019-03-26 11:33:00,0.26945702109156855
2019-03-26 11:36:00,0.2771739733852314
2019-03-26 11:39:00,0.10003732509915153
2019-03-26 11:42:00,0.05888329891644162
2019-03-26 11:45:00,0.12334764573176926
2019-03-26 11:48:00,-0.043560278022141574
2019-03-26 11:51:00,0.0363132423842103
2019-03-26 11:54:00,0.025421774189169355
2019-03-26 11:57:00,-0.023183629316577026
2019-03-26 12:00:00,0.05953594252622452
2019-03-26 12:03:00,0.16652633858296895
2019-03-26 12:06:00,0.1423916879307967
2019-03-26 12:09:00,0.01868498590715717
2019-03-26 12:12:00,0.09522427936252598
2019-03-26 12:15:00,0.0431253456707168
2019-03-26 12:18:00,0.07143661718743033
2019-03-26 12:21:00,0.07439083822583825
2019-03-26 12:24:00,0.16091479946049958
2019-03-26 12:27:00,0.09025454930718979
2019-03-26 12:30:00,0.15451316077508181
2019-03-26 12:33:00,0.09687658888969963
2019-03-26 12:36:00,0.04034777848954718
2019-03-26 12:39:00,0.11264182708731596
2019-03-26 12:42:00,0.01139191643119375
2019-03-26 12:45:00,0.10026618609271054
2019-03-26 12:48:00,0.0365736505644918
2019-03-26 12:51:00,0.03769809738867025
2019-03-26 12:54:00,0.047667199372938285
2019-03-26 12:57:00,0.1635268253435811
2019-03-26 13:00:00,0.17655864927581888
2019-03-26 13:03:00,0.13805498411454664
2019-03-26 13:06:00,0.1723478738794597
2019-03-26 13:09:00,0.22406328754379956
2019-03-26 13:12:00,0.17774469870499843
2019-03-26 13:15:00,0.11103445947111368
2019-03-26 13:18:00,0.03708555583756379
2019-03-26 13:21:00,-0.028056025796672657
2019-03-26 13:24:00,0.05497466225938297
2019-03-26 13:27:00,0.05946306627726017
2019-03-26 13:30:00,-0.012169504168866752
2019-03-26 13:33:00,-0.03341043703841251
2019-03-26 13:36:00,0.0078115366359838845
2019-03-26 13:39:00,-0.029408200708871846
2019-03-26 13:42:00,0.051984480288297163
2019-03-26 13:45:00,-0.017116209370726665
2019-03-26 13:48:00,0.03664040792011747
2019-03-26 13:51:00,-0.03475533762809846
2019-03-26 13:54:00,-0.06204197419617685
2019-03-26 13:57:00,-0.013756501068144189
2019-03-26 14:00:00,0.019974756753640577
2019-03-26 14:03:00,-0.015222866105659705
2019-03-26 14:06:00,0.0692558049629497
2019-03-26 14:09:00,-0.014733349979394461
2019-03-26 14:12:00,0.010466463452473818
2019-03-26 14:15:00,0.03983542879137758
2019-03-26 14:18:00,0.0523911322130175
2019-03-26 14:21:00,-0.11787260869448346
2019-03-26 14:24:00,0.03308006709283973
2019-03-26 14:27:00,0.030854113442217113
2019-03-26 14:30:00,-0.1280120404512104
2019-03-26 14:33:00,-0.005517816516146468
2019-03-26 14:36:00,-0.16743741948272373
2019-03-26 14:39:00,-0.06174377018589894
2019-03-26 14:42:00,-0.1634365536086193
2019-03-26 14:45:00,-0.22312174817977848
2019-03-26 14:48:00,-0.15516172518442772
2019-03-26 14:51:00,-0.08420307225736678
2019-03-26 14:54:00,-0.14429776461008714
2019-03-26 14:57:00,-0.16233034931372003
2019-03-26 15:00:00,-0.05217980355075724
2019-03-26 15:03:00,-0.11285522116611446
2019-03-26 15:06:00,-0.11428943370839306
2019-03-26 15:09:00,-0.17014238013791783
2019-03-26 15:12:00,-0.08531981908305397
2019-03-26 15:15:00,-0.1622560872835379
2019-03-26 15:18:00,-0.11806995954458444
2019-03-26 15:21:00,-0.07924643424433953
2019-03-26 15:24:00,-0.09425339917925157
2019-03-26 15:27:00,-0.007033749240349607
2019-03-26 15:30:00,-0.22028047893911662
2019-03-26 15:33:00,-0.15042061377374694
2019-03-26 15:36:00,-0.11123788103412835
2019-03-26 15:39:00,-0.07643637038830775
2019-03-26 15:42:00,0.026135325818245292
2019-03-26 15:45:00,-0.016623249714939448
2019-03-26 15:48:00,-0.07503629914322119
2019-03-26 15:51:00,-0.04182487529374157
2019-03-26 15:54:00,-0.08725448367289346
2019-03-26 15:57:00,-0.068682964507218
2019-03-26 16:00:00,-0.18409221940123643
2019-03-26 16:03:00,-0.07785600490802835
2019-03-26 16:06:00,-0.058917593971955284
2019-03-26 16:09:00,-0.026437978007265883
2019-03-26 16:12:00,-0.12432817908074867
2019-03-26 16:15:00,0.009154162445497604
2019-03-26 16:18:00,-0.08627403726927696
2019-03-26 16:21:00,-0.053633735150299344
2019-03-26 16:24:00,-0.003227067089881075
2019-03-26 16:27:00,0.02855890003206696
2019-03-26 16:30:00,-0.0015523602506277712
2019-03-26 16:33:00,-0.07591255229147009
2019-03-26 16:36:00,-0.07806889611094903
2019-03-26 16:39:00,0.03290383782535855
2019-03-26 16:42:00,0.04176802495044285
2019-03-26 16:45:00,-0.07436083284460437
2019-03-26 16:48:00,0.060460330111936855
2019-03-26 16:51:00,0.046636987142619546
2019-03-26 16:54:00,0.006447829657247439
2019-03-26 16:57:00,0.02234956458198667
2019-03-26 17:00:00,0.00915236809697717
2019-03-26 17:03:00,0.09265635907524938
2019-03-26 17:06:00,0.015057365907921394
2019-03-26 17:09:00,-0.023890856417949635
2019-03-26 17:12:00,-0.022675846858533077
2019-03-26 17:15:00,0.14134357407726839
2019-03-26 17:18:00,0.01806847983601756
2019-03-26 17:21:00,0.058863609085051394
2019-03-26 17:24:00,0.10174995825144606
2019-03-26 17:27:00,0.03477937517840246
2019-03-26 17:30:00,0.05128855645745034
2019-03-26 17:33:00,-0.009015211398264
2019-03-26 17:36:00,-0.027256740001291746
2019-03-26 17:39:00,0.15310554905971685
2019-03-26 17:42:00,0.08849862918958706
2019-03-26 17:45:00,-0.01360543222619981
2019-03-26 17:48:00,0.0718396726427386
2019-03-26 17:51:00,0.10303956072272058
2019-03-26 17:54:00,0.018621392209468013
2019-03-26 17:57:00,-0.013043709059843422
2019-03-26 18:00:00,0.05681988187126308
2019-03-26 18:03:00,0.08418394892237302
2019-03-26 18:06:00,0.024583062851718296
2019-03-26 18:09:00,0.07318072562082989
2019-03-26 18:12:00,0.004857766536190411
2019-03-26 18:15:00,-0.01334208267132908
2019-03-26 18:18:00,-0.008357067282190656
2019-03-26 18:21:00,0.002249511897616685
2019-03-26 18:24:00,0.09272894621733485
2019-03-26 18:27:00,0.019548145201895295
2019-03-26 18:30:00,0.05730207840809953
2019-03-26 18:33:00,0.09503900308516222
2019-03-26 18:36:00,0.03687221919182093
2019-03-26 18:39:00,0.03733465832510774
2019-03-26 18:42:00,0.046760636104693276
2019-03-26 18:45:00,0.08149921560595885
2019-03-26 18:48:00,0.059520881844093765
2019-03-26 18:51:00,0.043139390063629435
2019-03-26 18:54:00,
2019-03-26 18:57:00,
2019-03-26 19:00:00,
2019-03-26 19:03:00,0.02107314629870416
2019-03-26 19:06:00,0.04942552949808032
2019-03-26 19:09:00,-0.03605983937080737
2019-03-26 19:12:00,0.10896415948997173
2019-03-26 19:15:00,0.10546140107595647
2019-03-26 19:18:00,0.07246945012889228
2019-03-26 19:21:00,0.04765538281236559
2019-03-26 19:24:00,0.09836807309028472
2019-03-26 19:27:00,0.13133900677070187
2019-03-26 19:30:00,0.01658233901582662
2019-03-26 19:33:00,0.004950561025395928
2019-03-26 19:36:00,0.18141729204216972
2019-03-26 19:39:00,0.1039839335353463
2019-03-26 19:42:00,0.0822367094646097
2019-03-26 19:45:00,0.000997101318262139
2019-03-26 19:48:00,0.06573836453213744
2019-03-26 19:51:00,0.027306471530437193
2019-03-26 19:54:00,0.11047294795605467
2019-03-26 19:57:00,0.05672485111625747
2019-03-26 20:00:00,0.12203394289707603
2019-03-26 20:03:00,-0.04933916590584886
2019-03-26 20:06:00,0.04591772361573021
2019-03-26 20:09:00,0.1291010939833086
2019-03-26 20:12:00,0.15686727200608175
2019-03-26 20:15:00,0.17095145576928417
2019-03-26 20:18:00,0.11066680170279142
2019-03-26 20:21:00,0.1522603299227967
2019-03-26 20:24:00,0.073482590073354
2019-03-26 20:27:00,0.21999305305496364
2019-03-26 20:30:00,0.11073447854414553
2019-03-26 20:33:00,0.13080179165990558
2019-03-26 20:36:00,0.10484341098793948
2019-03-26 20:39:00,0.06370148058937275
2019-03-26 20:42:00,0.11289423719449587
2019-03-26 20:45:00,0.02402673918192022
2019-03-26 20:48:00,0.03485557947783491
2019-03-26 20:51:00,0.07774497991704266
2019-03-26 20:54:00,0.03221826705936337
2019-03-26 20:57:00,0.09788768996196495
2019-03-26 21:00:00,0.060060701368058744
2019-03-26 21:03:00,0.06704575765530763
2019-03-26 21:06:00,0.11987567433294544
2019-03-26 21:09:00,0.0781932363252622
2019-03-26 21:12:00,0.02786200221589752
2019-03-26 21:15:00,0.1926567215018622
2019-03-26 21:18:00,0.14523991827246618
2019-03-26 21:21:00,0.14341820717396558
2019-03-26 21:24:00,0.19036888166499466
2019-03-26 21:27:00,0.10031812544696095
2019-03-26 21:30:00,0.0633172040591603
2019-03-26 21:33:00,0.17828662793840522
2019-03-26 21:36:00,0.10742045478991713
2019-03-26 21:39:00,0.13004502584368538
2019-03-26 21:42:00,0.15309006122691926
2019-03-26 21:45:00,0.16464593464866084
2019-03-26 21:48:00,0.16482136519090318
2019-03-26 21:51:00,0.20662154693440016
2019-03-26 21:54:00,0.1800179859369564
2019-03-26 21:57:00,0.1520445667966328
2019-03-26 22:00:00,0.043596714806653836
2019-03-26 22:03:00,0.21331563074357973
2019-03-26 22:06:00,-0.009578761928139556
2019-03-26 22:09:00,0.17931378679162435
2019-03-26 22:12:00,0.21315635582794812
2019-03-26 22:15:00,0.15701815064466018
2019-03-26 22:18:00,0.13891395028690567
2019-03-26 22:21:00,0.16704668850957205
2019-03-26 22:24:00,0.2556687832793614
2019-03-26 22:27:00,0.18337578632491613
2019-03-26 22:30:00,0.17259169135729735
2019-03-26 22:33:00,0.10690305240046882
2019-03-26 22:36:00,0.19690631695789307
2019-03-26 22:39:00,0.22938899711363092
2019-03-26 22:42:00,0.13927559547079227
2019-03-26 22:45:00,0.21177092592580493
2019-03-26 22:48:00,0.2229304738726796
2019-03-26 22:51:00,0.24412753383052177
2019-03-26 22:54:00,0.3273560064098433
2019-03-26 22:57:00,0.22586193946057165
2019-03-26 23:00:00,0.3296319316557401
2019-03-26 23:03:00,0.20060739535870198
2019-03-26 23:06:00,0.19050856925332482
2019-03-26 23:09:00,0.15205975005812888
2019-03-26 23:12:00,0.15347134706371435
2019-03-26 23:15:00,0.19574373100238063
2019-03-26 23:18:00,0.22516401554094045
2019-03-26 23:21:00,0.16318556406736207
2019-03-26 23:24:00,0.26675302868926565
2019-03-26 23:27:00,0.13358899251124967
2019-03-26 23:30:00,0.16103707750920648
2019-03-26 23:33:00,0.20640170373400224
2019-03-26 23:36:00,0.2119525827703228
2019-03-26 23:39:00,0.2398057321034912
2019-03-26 23:42:00,0.24145003546232147
2019-03-26 23:45:00,0.24498450430706953
2019-03-26 23:48:00,0.2221993503440558
2019-03-26 23:51:00,0.2408103940222759
2019-03-26 23:54:00,0.22081493135328856
2019-03-26 23:57:00,0.1933885246930913
2019-03-27 00:00:00,0.341308301229617
2019-03-27 00:03:00,0.27479365364359865
2019-03-27 00:06:00,0.23730677957541957
2019-03-27 00:09:00,0.2627227101634162
2019-03-27 00:12:00,0.21327286760470088
2019-03-27 00:15:00,0.24867696335002165
2019-03-27 00:18:00,0.1589869102667194
2019-03-27 00:21:00,0.26711879686564544
2019-03-27 00:24:00,0.20148238445807465
2019-03-27 00:27:00,0.2855439109445115
2019-03-27 00:30:00,0.2550249497650725
2019-03-27 00:33:00,0.25425363444082905
2019-03-27 00:36:00,0.19572029579910577
2019-03-27 00:39:00,0.1669381724439063
2019-03-27 00:42:00,0.14880787649661897
2019-03-27 00:45:00,0.27638980254931766
2019-03-27 00:48:00,0.15496176336591816
2019-03-27 00:51:00,0.18073435632413748
2019-03-27 00:54:00,0.23201134919241895
2019-03-27 00:57:00,0.18385998681827687
2019-03-27 01:00:00,0.22740616962607874
2019-03-27 01:03:00,0.1633838401593266
2019-03-27 01:06:00,0.23953991228319182
2019-03-27 01:09:00,0.2702192886812895
2019-03-27 01:12:00,0.21876636638734226
2019-03-27 01:15:00,0.21349025766323848
2019-03-27 01:18:00,0.20272552635799457
2019-03-27 01:21:00,0.20509759975033148
2019-03-27 01:24:00,0.2603429820840688
2019-03-27 01:27:00,0.22109586636986478
2019-03-27 01:30:00,0.20450284324823542
2019-03-27 01:33:00,0.24264802164992716
2019-03-27 01:36:00,0.24340697915363307
2019-03-27 01:39:00,0.19308371275621994
2019-03-27 01:42:00,0.2395899180491483
2019-03-27 01:45:00,0.2312240292841352
2019-03-27 01:48:00,0.24121811236858548
2019-03-27 01:51:00,0.3295601836471178
2019-03-27 01:54:00,0.22078891411740642
2019-03-27 01:57:00,0.2249992878387843
2019-03-27 02:00:00,0.12709550771910472
2019-03-27 02:03:00,0.25628948809816166
2019-03-27 02:06:00,0.1516573565097019
2019-03-27 02:09:00,0.25325659119710053
2019-03-27 02:12:00,0.28268558153433787
2019-03-27 02:15:00,0.23876018056461135
2019-03-27 02:18:00,0.26487874341580664
2019-03-27 02:21:00,0.2704603583051153
2019-03-27 02:24:00,0.1979616280245864
2019-03-27 02:27:00,0.19649806951906612
2019-03-27 02:30:00,0.25067176827502635
2019-03-27 02:33:00,0.17951267214942845
2019-03-27 02:36:00,0.2921646012836163
2019-03-27 02:39:00,0.243631089585449
2019-03-27 02:42:00,0.20561902606249305
2019-03-27 02:45:00,0.23257843477296092
2019-03-27 02:48:00,0.24081972375967098
2019-03-27 02:51:00,0.3012375992128682
2019-03-27 02:54:00,0.2163073937154536
2019-03-27 02:57:00,0.18959984819787223
2019-03-27 03:00:00,0.16359319321719568
2019-03-27 03:03:00,0.2570720094779517
2019-03-27 03:06:00,0.22135998823722502
2019-03-27 03:09:00,0.312338821309595
2019-03-27 03:12:00,0.18810098758831373
2019-03-27 03:15:00,0.2585480113178278
2019-03-27 03:18:00,0.2375656562338122
2019-03-27 03:21:00,0.21003518044472003
2019-03-27 03:24:00,0.2315744597795515
2019-03-27 03:27:00,0.2098271386739725
2019-03-27 03:30:00,0.2179939128428714
2019-03-27 03:33:00,0.20185225236878068
2019-03-27 03:36:00,0.3005570161947162
2019-03-27 03:39:00,0.27199805976090374
2019-03-27 03:42:00,0.3406937827504066
2019-03-27 03:45:00,0.1792835366435952
2019-03-27 03:48:00,0.2403498389190304
2019-03-27 03:51:00,0.27988788537390974
2019-03-27 03:54:00,0.3150664641381127
2019-03-27 03:57:00,0.19878223857716648
2019-03-27 04:00:00,0.23544155096590202
2019-03-27 04:03:00,0.21913946261997808
2019-03-27 04:06:00,0.24749617461287698
2019-03-27 04:09:00,0.31060075571298285
2019-03-27 04:12:00,0.2572716998103033
2019-03-27 04:15:00,0.20188637070339155
2019-03-27 04:18:00,0.2931301079065065
2019-03-27 04:21:00,0.3027062560555578
2019-03-27 04:24:00,0.2202096070427615
2019-03-27 04:27:00,0.25673491070699583
2019-03-27 04:30:00,0.29764279901445434
2019-03-27 04:33:00,0.2858900904819279
2019-03-27 04:36:00,0.25455959172921894
2019-03-27 04:39:00,0.30100363184345724
2019-03-27 04:42:00,0.2538096209519267
2019-03-27 04:45:00,0.31311914871906765
2019-03-27 04:48:00,0.2994290807224047
2019-03-27 04:51:00,0.16008665759375162
2019-03-27 04:54:00,0.2995349972395047
2019-03-27 04:57:00,0.36243832045460067
2019-03-27 05:00:00,0.33653489474795606
2019-03-27 05:03:00,0.2669985651861566
2019-03-27 05:06:00,0.2599927768663406
2019-03-27 05:09:00,0.2959531319129951
2019-03-27 05:12:00,0.32582326945589557
2019-03-27 05:15:00,0.26748889926773245
2019-03-27 05:18:00,0.3462496716115311
2019-03-27 05:21:00,0.367764885310919
2019-03-27 05:24:00,0.29562084001787525
2019-03-27 05:27:00,0.289902582266393
2019-03-27 05:30:00,0.354412968080851
2019-03-27 05:33:00,0.29149591138224196
2019-03-27 05:36:00,0.3130433170667857
2019-03-27 05:39:00,0.3246506083673353
2019-03-27 05:42:00,0.35825915967654964
2019-03-27 05:45:00,0.2579318246272919
2019-03-27 05:48:00,0.2561729287729122
2019-03-27 05:51:00,0.2419871264466451
2019-03-27 05:54:00,0.13689506168861953
2019-03-27 05:57:00,0.20057510366211773
2019-03-27 06:00:00,0.22633125779640295
2019-03-27 06:03:00,0.3169332165679748
2019-03-27 06:06:00,0.24347984898514596
2019-03-27 06:09:00,0.2812882271858257
2019-03-27 06:12:00,0.19820251756658536
2019-03-27 06:15:00,0.281266528459696
2019-03-27 06:18:00,0.31619524764704465
2019-03-27 06:21:00,0.2516452689679909
2019-03-27 06:24:00,0.2364888836970067
2019-03-27 06:27:00,0.2883080021376827
2019-03-27 06:30:00,0.32282393577185076
2019-03-27 06:33:00,0.3347196317881753
2019-03-27 06:36:00,0.27598265417543644
2019-03-27 06:39:00,0.25302680101287933
2019-03-27 06:42:00,0.2823656220914472
2019-03-27 06:45:00,0.26478819913268126
2019-03-27 06:48:00,0.2511374447414596
2019-03-27 06:51:00,0.27389786515789183
2019-03-27 06:54:00,0.19455408410624386
2019-03-27 06:57:00,0.28225779971353404
2019-03-27 07:00:00,0.30191477745233897
2019-03-27 07:03:00,0.2211793211875488
2019-03-27 07:06:00,0.2264989676409641
2019-03-27 07:09:00,0.24863614820219482
2019-03-27 07:12:00,0.1810849260428995
2019-03-27 07:15:00,0.34032081492392763
2019-03-27 07:18:00,0.1433886781131264
2019-03-27 07:21:00,0.28088172024547475
2019-03-27 07:24:00,0.32612738474438174
2019-03-27 07:27:00,0.12295869547392613
2019-03-27 07:30:00,0.33506823175241607
2019-03-27 07:33:00,0.1901990930838906
2019-03-27 07:36:00,0.2110009304833511
2019-03-27 07:39:00,0.19209974805158936
2019-03-27 07:42:00,0.27727902774978475
2019-03-27 07:45:00,0.1433970576162551
2019-03-27 07:48:00,0.23037041365654432
2019-03-27 07:51:00,0.24581055864922519
2019-03-27 07:54:00,0.2116720889972612
2019-03-27 07:57:00,0.17181566888058342
2019-03-27 08:00:00,0.19528802044527538
2019-03-27 08:03:00,0.14991933417621794
2019-03-27 08:06:00,0.17721337662777614
2019-03-27 08:09:00,0.20309558331229027
2019-03-27 08:12:00,0.2993504820470321
2019-03-27 08:15:00,0.2364014824794367
2019-03-27 08:18:00,0.15417998551424716
2019-03-27 08:21:00,0.29457126223604746
2019-03-27 08:24:00,0.1276844943953961
2019-03-27 08:27:00,0.2101812427837899
2019-03-27 08:30:00,0.20553843845419806
2019-03-27 08:33:00,0.12270652660521364
2019-03-27 08:36:00,0.0643638325543634
2019-03-27 08:39:00,0.17610089735950396
2019-03-27 08:42:00,0.19917570483102054
2019-03-27 08:45:00,0.1796626846399363
2019-03-27 08:48:00,0.12713455721933542
2019-03-27 08:51:00,0.20338563369659823
2019-03-27 08:54:00,-0.23023181978368257
2019-03-27 08:57:00,0.31392397439026354
2019-03-27 09:00:00,0.1178459270078065
2019-03-27 09:03:00,0.1929569047891846
2019-03-27 09:06:00,0.24649987710125743
2019-03-27 09:09:00,0.22501914423315839
2019-03-27 09:12:00,0.17192498190638617
2019-03-27 09:15:00,0.01801604618924557
2019-03-27 09:18:00,0.09021855977078985
2019-03-27 09:21:00,0.14178422932877766
2019-03-27 09:24:00,-0.22378167041074448
2019-03-27 09:27:00,0.12290168037890226
2019-03-27 09:30:00,0.08387002995578996
2019-03-27 09:33:00,0.19439121976756724
2019-03-27 09:36:00,0.11298693701962748
2019-03-27 09:39:00,0.1956644315270637
2019-03-27 09:42:00,0.19974102771499247
2019-03-27 09:45:00,0.21217063833785232
2019-03-27 09:48:00,0.07498936996046268
2019-03-27 09:51:00,0.04419352638927876
2019-03-27 09:54:00,0.055582271167338604
2019-03-27 09:57:00,0.00988817317113444
2019-03-27 10:00:00,0.10461156779899738
2019-03-27 10:03:00,0.11859747758938965
2019-03-27 10:06:00,0.13633220376658528
2019-03-27 10:09:00,0.10067842582895992
2019-03-27 10:12:00,0.11132995368495813
2019-03-27 10:15:00,0.04243290049436155
2019-03-27 10:18:00,0.08273093867319403
2019-03-27 10:21:00,0.02716513517509611
2019-03-27 10:24:00,0.032777302259319185
2019-03-27 10:27:00,0.10633146451425546
2019-03-27 10:30:00,0.04397007088249438
2019-03-27 10:33:00,-0.03727241667274939
2019-03-27 10:36:00,0.056314545944417205
2019-03-27 10:39:00,0.10300240493796764
2019-03-27 10:42:00,-0.000629921004190237
2019-03-27 10:45:00,0.07149653267816802
2019-03-27 10:48:00,0.0865017665194614
2019-03-27 10:51:00,0.08610105186556893
2019-03-27 10:54:00,0.15610703132193748
2019-03-27 10:57:00,0.16836304148102954
2019-03-27 11:00:00,0.1533438646785612
2019-03-27 11:03:00,0.14840685377782847
2019-03-27 11:06:00,0.12617144617126996
2019-03-27 11:09:00,0.17571662747479877
2019-03-27 11:12:00,0.17337703539789118
2019-03-27 11:15:00,0.138676701453619
2019-03-27 11:18:00,0.1189640368472169
2019-03-27 11:21:00,0.034515143089151934
2019-03-27 11:24:00,0.1731412224978044
2019-03-27 11:27:00,0.06228753985499225
2019-03-27 11:30:00,0.07039750723691895
2019-03-27 11:33:00,-0.024194386282772484
2019-03-27 11:36:00,0.07261203644844727
2019-03-27 11:39:00,0.025208532990347976
2019-03-27 11:42:00,0.1708311887338141
2019-03-27 11:45:00,0.05487099454677491
2019-03-27 11:48:00,0.12309922668964646
2019-03-27 11:51:00,0.1417133352805422
2019-03-27 11:54:00,0.19842162229360838
2019-03-27 11:57:00,0.02420860144547987
2019-03-27 12:00:00,0.029336021823212377
2019-03-27 12:03:00,0.00631331651840128
2019-03-27 12:06:00,0.03683147638611217
2019-03-27 12:09:00,0.05642063610508785
2019-03-27 12:12:00,0.14047584195685658
2019-03-27 12:15:00,0.11756709990578429
2019-03-27 12:18:00,0.055328326898120395
2019-03-27 12:21:00,-0.0207947801317232
2019-03-27 12:24:00,0.03469813300370106
2019-03-27 12:27:00,0.10355898188367973
2019-03-27 12:30:00,0.037358420080011
2019-03-27 12:33:00,0.07857898936697438
2019-03-27 12:36:00,0.02128091183107017
2019-03-27 12:39:00,0.10041130141365784
2019-03-27 12:42:00,0.03282467394734567
2019-03-27 12:45:00,0.049715795232486926
2019-03-27 12:48:00,0.04227887193951574
2019-03-27 12:51:00,0.039188010890029545
2019-03-27 12:54:00,0.11200343132543367
2019-03-27 12:57:00,0.142403992666857
2019-03-27 13:00:00,0.09216221020386683
2019-03-27 13:03:00,-0.01383464320974781
2019-03-27 13:06:00,-0.030891390308454447
2019-03-27 13:09:00,-0.10372545297957458
2019-03-27 13:12:00,0.05857131496730972
2019-03-27 13:15:00,-0.06480083182600538
2019-03-27 13:18:00,-0.05265915850134206
2019-03-27 13:21:00,-0.14642948558758917
2019-03-27 13:24:00,-0.028283099486998253
2019-03-27 13:27:00,-0.13569890769394988
2019-03-27 13:30:00,-0.021162761930611396
2019-03-27 13:33:00,-0.15474782996346903
2019-03-27 13:36:00,-0.03639256655281997
2019-03-27 13:39:00,-0.07673607554659156
2019-03-27 13:42:00,-0.23426548471377373
2019-03-27 13:45:00,-0.18944041332940742
2019-03-27 13:48:00,-0.0524646895096339
2019-03-27 13:51:00,-0.10621594825977354
2019-03-27 13:54:00,-0.1439164599966034
2019-03-27 13:57:00,-0.20699570689407665
2019-03-27 14:00:00,-0.1957490476392536
2019-03-27 14:03:00,-0.2536807434472621
2019-03-27 14:06:00,-0.11452091607560533
2019-03-27 14:09:00,-0.09534018098906927
2019-03-27 14:12:00,-0.09011680668686495
2019-03-27 14:15:00,-0.08530603506261514
2019-03-27 14:18:00,-0.11616032850565716
2019-03-27 14:21:00,-0.1420609916721105
2019-03-27 14:24:00,-0.09425942880614002
2019-03-27 14:27:00,-0.16881658347841721
2019-03-27 14:30:00,-0.12482028368452802
2019-03-27 14:33:00,-0.16830353143797083
2019-03-27 14:36:00,-0.12078987330772861
2019-03-27 14:39:00,-0.24582739228645778
2019-03-27 14:42:00,-0.06275794424243486
2019-03-27 14:45:00,-0.12413864230120453
2019-03-27 14:48:00,-0.21313255645310392
2019-03-27 14:51:00,-0.15747671334042934
2019-03-27 14:54:00,-0.12773164519012425
2019-03-27 14:57:00,-0.1779434034406222
2019-03-27 15:00:00,-0.18747936190828796
2019-03-27 15:03:00,-0.1550836777329323
2019-03-27 15:06:00,-0.16438729683744668
2019-03-27 15:09:00,-0.17178286818312927
2019-03-27 15:12:00,-0.2037355508129508
2019-03-27 15:15:00,-0.14986503472442791
2019-03-27 15:18:00,-0.1828401269409028
2019-03-27 15:21:00,-0.16059174379682872
2019-03-27 15:24:00,-0.13445170922329908
2019-03-27 15:27:00,-0.2811515621472722
2019-03-27 15:30:00,-0.3017667250182967
2019-03-27 15:33:00,-0.13850409030357014
2019-03-27 15:36:00,-0.12404599792597537
2019-03-27 15:39:00,-0.14598253516163595
2019-03-27 15:42:00,-0.2157243408174736
2019-03-27 15:45:00,-0.2169886499967788
2019-03-27 15:48:00,-0.23082998798867038
2019-03-27 15:51:00,-0.12961884438004745
2019-03-27 15:54:00,-0.13567569279342706
2019-03-27 15:57:00,-0.12245848756111855
2019-03-27 16:00:00,-0.16529699415957566
2019-03-27 16:03:00,-0.2766954888604687
2019-03-27 16:06:00,-0.17848141747373347
2019-03-27 16:09:00,-0.18831750505381706
2019-03-27 16:12:00,-0.14471346210495994
2019-03-27 16:15:00,-0.20792672296835235
2019-03-27 16:18:00,-0.19125704355940343
2019-03-27 16:21:00,-0.13402247593501215
2019-03-27 16:24:00,-0.13942792048669617
2019-03-27 16:27:00,-0.24298347502781326
2019-03-27 16:30:00,-0.13944131409709826
2019-03-27 16:33:00,-0.07402253026111794
2019-03-27 16:36:00,-0.14378173016058327
2019-03-27 16:39:00,-0.05564716825574578
2019-03-27 16:42:00,-0.12130009082471815
2019-03-27 16:45:00,-0.06939618899912148
2019-03-27 16:48:00,-0.12039529218833422
2019-03-27 16:51:00,-0.10100201563415112
2019-03-27 16:54:00,-0.14993024038597014
2019-03-27 16:57:00,-0.1286424284999157
2019-03-27 17:00:00,-0.07435255264869056
2019-03-27 17:03:00,-0.08782468763388351
2019-03-27 17:06:00,0.0043175936642683155
2019-03-27 17:09:00,0.01652684880008337
2019-03-27 17:12:00,-0.047224457771619655
2019-03-27 17:15:00,-0.10466358004237009
2019-03-27 17:18:00,-0.07221810644210791
2019-03-27 17:21:00,-0.08874416653486605
2019-03-27 17:24:00,-0.11601143665950531
2019-03-27 17:27:00,-0.09560823340581237
2019-03-27 17:30:00,-0.08961178389751012
2019-03-27 17:33:00,-0.1374552021414388
2019-03-27 17:36:00,-0.09523108069953423
2019-03-27 17:39:00,-0.08041676191271563
2019-03-27 17:42:00,-0.0035625583964815632
2019-03-27 17:45:00,-0.06024281454438096
2019-03-27 17:48:00,0.05042688019375419
2019-03-27 17:51:00,0.06368873465243041
2019-03-27 17:54:00,0.052592270696663945
2019-03-27 17:57:00,0.04797608088637162
2019-03-27 18:00:00,0.00492426116278466
2019-03-27 18:03:00,-0.0855011842356248
2019-03-27 18:06:00,0.0022022644333787866
2019-03-27 18:09:00,0.023192973145341966
2019-03-27 18:12:00,0.04287686104612476
2019-03-27 18:15:00,0.0034815490658388626
2019-03-27 18:18:00,0.03856097381122936
2019-03-27 18:21:00,0.03420163898482542
2019-03-27 18:24:00,0.04624200834882686
2019-03-27 18:27:00,0.0504447507533996
2019-03-27 18:30:00,-0.06756455282379648
2019-03-27 18:33:00,0.1745024449728021
2019-03-27 18:36:00,0.08645668413691965
2019-03-27 18:39:00,0.0842095514951211
2019-03-27 18:42:00,0.051234214824319224
2019-03-27 18:45:00,0.12724238116823017
2019-03-27 18:48:00,0.16430147260797412
2019-03-27 18:51:00,0.06139784282265737
2019-03-27 18:54:00,
2019-03-27 18:57:00,
2019-03-27 19:00:00,
2019-03-27 19:03:00,0.013041374466467914
2019-03-27 19:06:00,-0.019548250458797156
2019-03-27 19:09:00,0.09697372628983203
2019-03-27 19:12:00,0.03313336872002992
2019-03-27 19:15:00,0.08973584345397967
2019-03-27 19:18:00,0.04486671083793681
2019-03-27 19:21:00,0.10435999578527344
2019-03-27 19:24:00,0.10896774109590979
2019-03-27 19:27:00,0.15493943418567824
2019-03-27 19:30:00,0.037199857551456716
2019-03-27 19:33:00,0.07068536823067006
2019-03-27 19:36:00,0.07423225667139377
2019-03-27 19:39:00,0.09429121518667216
2019-03-27 19:42:00,0.04111924678466039
2019-03-27 19:45:00,0.05930601833506444
2019-03-27 19:48:00,0.04345307844209856
2019-03-27 19:51:00,0.030619905661581015
2019-03-27 19:54:00,0.08437141072039367
2019-03-27 19:57:00,0.12441552706002312
2019-03-27 20:00:00,0.08191844452682062
2019-03-27 20:03:00,0.16828568200475047
2019-03-27 20:06:00,0.043474821005190734
2019-03-27 20:09:00,0.0996018550511053
2019-03-27 20:12:00,0.17377124393317445
2019-03-27 20:15:00,0.04470077872304046
2019-03-27 20:18:00,0.006757692025018969
2019-03-27 20:21:00,0.06560579386569998
2019-03-27 20:24:00,0.06845425232211255
2019-03-27 20:27:00,0.12091289349064027
2019-03-27 20:30:00,0.1074197217820938
2019-03-27 20:33:00,0.09222127118113121
2019-03-27 20:36:00,0.07590808134892768
2019-03-27 20:39:00,-0.011445000500145852
2019-03-27 20:42:00,0.06204781676387938
2019-03-27 20:45:00,0.009764176287944792
2019-03-27 20:48:00,0.11108149414064883
2019-03-27 20:51:00,0.17782519991249046
2019-03-27 20:54:00,0.28433677042016825
2019-03-27 20:57:00,0.049753645374778444
2019-03-27 21:00:00,0.11873214288277723
2019-03-27 21:03:00,0.1276655380567604
2019-03-27 21:06:00,0.13769429923343068
2019-03-27 21:09:00,0.15627790709197598
2019-03-27 21:12:00,0.1613727338051376
2019-03-27 21:15:00,0.06899247053689805
2019-03-27 21:18:00,0.2053274200937949
2019-03-27 21:21:00,0.15810425170559483
2019-03-27 21:24:00,0.11968311922356634
2019-03-27 21:27:00,0.10948528726612494
2019-03-27 21:30:00,0.1218923226109041
2019-03-27 21:33:00,0.1610448187659017
2019-03-27 21:36:00,0.11699122393577
2019-03-27 21:39:00,0.13328128890003654
2019-03-27 21:42:00,-0.0034241065813489513
2019-03-27 21:45:00,0.06209209056657983
2019-03-27 21:48:00,0.10137877376382676
2019-03-27 21:51:00,0.09210198873819309
2019-03-27 21:54:00,0.17626724681468886
2019-03-27 21:57:00,0.05606004114048346
2019-03-27 22:00:00,0.0248929687410282
2019-03-27 22:03:00,0.055210448116326916
2019-03-27 22:06:00,0.11737001191607987
2019-03-27 22:09:00,0.18613407724961917
2019-03-27 22:12:00,0.10563162291504113
2019-03-27 22:15:00,0.10396371385309067
2019-03-27 22:18:00,-0.015127754407785687
2019-03-27 22:21:00,0.1344241945901672
2019-03-27 22:24:00,0.1252072692816455
2019-03-27 22:27:00,0.12412652371500599
2019-03-27 22:30:00,0.05538437609357061
2019-03-27 22:33:00,0.11448803653229334
2019-03-27 22:36:00,0.15650671131163563
2019-03-27 22:39:00,0.20003199514059133
2019-03-27 22:42:00,0.1391692320315201
2019-03-27 22:45:00,0.12879756566309197
2019-03-27 22:48:00,0.13351140254820848
2019-03-27 22:51:00,0.19845353871897942
2019-03-27 22:54:00,0.14460500801681064
2019-03-27 22:57:00,0.21440448295754777
2019-03-27 23:00:00,0.18758293324339093
2019-03-27 23:03:00,0.15116728198518103
2019-03-27 23:06:00,0.22700704187923293
2019-03-27 23:09:00,0.20240195293541774
2019-03-27 23:12:00,0.24342556610008614
2019-03-27 23:15:00,0.052259724020643716
2019-03-27 23:18:00,0.07135490752909845
2019-03-27 23:21:00,0.0446046019974915
2019-03-27 23:24:00,0.14241301502283932
2019-03-27 23:27:00,0.18889155830186155
2019-03-27 23:30:00,0.12247833876352843
2019-03-27 23:33:00,0.09236827156576055
2019-03-27 23:36:00,0.1627060644330527
2019-03-27 23:39:00,0.1720493616834915
2019-03-27 23:42:00,0.13147903838807906
2019-03-27 23:45:00,0.12657361284834678
2019-03-27 23:48:00,0.1454800120804407
2019-03-27 23:51:00,0.2027092418918528
2019-03-27 23:54:00,0.16639238242930787
2019-03-27 23:57:00,0.19660044841208446
2019-03-28 00:00:00,0.23867505734187944
2019-03-28 00:03:00,0.1726197270851344
2019-03-28 00:06:00,0.12891924419210454
2019-03-28 00:09:00,0.2116055804519874
2019-03-28 00:12:00,0.252193657285261
2019-03-28 00:15:00,0.19362067992659604
2019-03-28 00:18:00,0.09366969184839036
2019-03-28 00:21:00,0.2959355625367266
2019-03-28 00:24:00,0.26801319202928653
2019-03-28 00:27:00,0.2591656667269149
2019-03-28 00:30:00,0.25758506725503594
2019-03-28 00:33:00,0.2487786451031866
2019-03-28 00:36:00,0.19000883871626684
2019-03-28 00:39:00,0.25605146880974416
2019-03-28 00:42:00,0.254223110123462
2019-03-28 00:45:00,0.18114609669225956
2019-03-28 00:48:00,0.15935672895460584
2019-03-28 00:51:00,0.23409999202846166
2019-03-28 00:54:00,0.24071083545339889
2019-03-28 00:57:00,0.2712049458586421
2019-03-28 01:00:00,0.23366852751752276
2019-03-28 01:03:00,0.19146015677443984
2019-03-28 01:06:00,0.24860947780939568
2019-03-28 01:09:00,0.22893474569690397
2019-03-28 01:12:00,0.16427845910686756
2019-03-28 01:15:00,0.3171872843586243
2019-03-28 01:18:00,0.2687474612181404
2019-03-28 01:21:00,0.2771160274980957
2019-03-28 01:24:00,0.3016947705480675
2019-03-28 01:27:00,0.34465713280729915
2019-03-28 01:30:00,0.28147930550693445
2019-03-28 01:33:00,0.22031812122054362
2019-03-28 01:36:00,0.2841455944927702
2019-03-28 01:39:00,0.3708857403349839
2019-03-28 01:42:00,0.3062730119750654
2019-03-28 01:45:00,0.3311242390905704
2019-03-28 01:48:00,0.2665744590364625
2019-03-28 01:51:00,0.3104717267262913
2019-03-28 01:54:00,0.32034890361910584
2019-03-28 01:57:00,0.29321844371258976
2019-03-28 02:00:00,0.2891179094416998
2019-03-28 02:03:00,0.15100335200111203
2019-03-28 02:06:00,0.3105086207658019
2019-03-28 02:09:00,0.2556344127231682
2019-03-28 02:12:00,0.21391008109037557
2019-03-28 02:15:00,0.2978042080662817
2019-03-28 02:18:00,0.32442354553415953
2019-03-28 02:21:00,0.19864902273712914
2019-03-28 02:24:00,0.24495441230476445
2019-03-28 02:27:00,0.3225960542867483
2019-03-28 02:30:00,0.3153059899189543
2019-03-28 02:33:00,0.2546222356161252
2019-03-28 02:36:00,0.23194647024013193
2019-03-28 02:39:00,0.2010027434668018
2019-03-28 02:42:00,0.29745713040802
2019-03-28 02:45:00,0.292065173664696
2019-03-28 02:48:00,0.2575004847805076
2019-03-28 02:51:00,0.37159487934650315
2019-03-28 02:54:00,0.3751348584684706
2019-03-28 02:57:00,0.24277533238159776
2019-03-28 03:00:00,0.30322263379895276
2019-03-28 03:03:00,0.2750116806576557
2019-03-28 03:06:00,0.20802620115244963
2019-03-28 03:09:00,0.2856720569824347
2019-03-28 03:12:00,0.23532557966211698
2019-03-28 03:15:00,0.34115319020588686
2019-03-28 03:18:00,0.322569000225883
2019-03-28 03:21:00,0.2952421874181823
2019-03-28 03:24:00,0.24498000071292836
2019-03-28 03:27:00,0.21990603850309753
2019-03-28 03:30:00,0.37110620642130243
2019-03-28 03:33:00,0.15026793214781264
2019-03-28 03:36:00,0.21033751985328308
2019-03-28 03:39:00,0.2677915197278935
2019-03-28 03:42:00,0.3351440158529613
2019-03-28 03:45:00,0.23011971969140177
2019-03-28 03:48:00,0.2080460143305345
2019-03-28 03:51:00,0.22088399325872388
2019-03-28 03:54:00,0.2231505267552052
2019-03-28 03:57:00,0.26340437826223706
2019-03-28 04:00:00,0.22144772909075527
2019-03-28 04:03:00,0.2566714059141191
2019-03-28 04:06:00,0.28622996861741967
2019-03-28 04:09:00,0.25993975508310996
2019-03-28 04:12:00,0.23710871399015332
2019-03-28 04:15:00,0.3022179765358146
2019-03-28 04:18:00,0.3220189356759988
2019-03-28 04:21:00,0.3376542199404753
2019-03-28 04:24:00,0.33285949988624
2019-03-28 04:27:00,0.2944427449540399
2019-03-28 04:30:00,0.2665808583429339
2019-03-28 04:33:00,0.30852898838617193
2019-03-28 04:36:00,0.22899083393883757
2019-03-28 04:39:00,0.32071423795599685
2019-03-28 04:42:00,0.30352979816871084
2019-03-28 04:45:00,0.26229774221934576
2019-03-28 04:48:00,0.4285991870609678
2019-03-28 04:51:00,0.40162316575282375
2019-03-28 04:54:00,0.3882550930057391
2019-03-28 04:57:00,0.40535543081557535
2019-03-28 05:00:00,0.2686813494974558
2019-03-28 05:03:00,0.24939638914838724
2019-03-28 05:06:00,0.2610777872319545
2019-03-28 05:09:00,0.3704220810754464
2019-03-28 05:12:00,0.2318064287481434
2019-03-28 05:15:00,0.3209805966207
2019-03-28 05:18:00,0.23256746350591584
2019-03-28 05:21:00,0.37182442521481107
2019-03-28 05:24:00,0.30479798342270215
2019-03-28 05:27:00,0.2968417262129037
2019-03-28 05:30:00,0.3053899794468862
2019-03-28 05:33:00,0.2080815539599712
2019-03-28 05:36:00,0.312550013871828
2019-03-28 05:39:00,0.37706054377810005
2019-03-28 05:42:00,0.29519608941387787
2019-03-28 05:45:00,0.281211059053021
2019-03-28 05:48:00,0.2639269128170554
2019-03-28 05:51:00,0.3108519537357779
2019-03-28 05:54:00,0.3449232586066273
2019-03-28 05:57:00,0.29329565666608914
2019-03-28 06:00:00,0.18823325370749444
2019-03-28 06:03:00,0.2733536112968977
2019-03-28 06:06:00,0.3662483808255388
2019-03-28 06:09:00,0.227168877765223
2019-03-28 06:12:00,0.3434797820924018
2019-03-28 06:15:00,0.22012746352373824
2019-03-28 06:18:00,0.20772218192473701
2019-03-28 06:21:00,0.18531359634062028
2019-03-28 06:24:00,0.2715140697216043
2019-03-28 06:27:00,0.1642415929800336
2019-03-28 06:30:00,0.14676934196165803
2019-03-28 06:33:00,0.19864218699655112
2019-03-28 06:36:00,0.12274451279671439
2019-03-28 06:39:00,0.3647657191432927
2019-03-28 06:42:00,0.2326537661168686
2019-03-28 06:45:00,0.26529457792537414
2019-03-28 06:48:00,0.1991075974037244
2019-03-28 06:51:00,0.24632789988146442
2019-03-28 06:54:00,0.21659101172002693
2019-03-28 06:57:00,0.21790786133993834
2019-03-28 07:00:00,0.26948812498159214
2019-03-28 07:03:00,0.2565312249792555
2019-03-28 07:06:00,0.22033035827638514
2019-03-28 07:09:00,0.27303326224443936
2019-03-28 07:12:00,0.1708148915942047
2019-03-28 07:15:00,0.2789465166267746
2019-03-28 07:18:00,0.35160289824619895
2019-03-28 07:21:00,0.18467357457365097
2019-03-28 07:24:00,0.24721514442751413
2019-03-28 07:27:00,0.1926805491182222
2019-03-28 07:30:00,0.27774640009727136
2019-03-28 07:33:00,0.28510833306575023
2019-03-28 07:36:00,0.2772829998771158
2019-03-28 07:39:00,0.13232201080302275
2019-03-28 07:42:00,0.2304295689455671
2019-03-28 07:45:00,0.27207840539063
2019-03-28 07:48:00,0.2798994282262015
2019-03-28 07:51:00,0.2435313048476928
2019-03-28 07:54:00,0.24581931047333683
2019-03-28 07:57:00,0.1974278666021405
2019-03-28 08:00:00,0.2923890386342123
2019-03-28 08:03:00,0.22999031330510888
2019-03-28 08:06:00,0.15597856067546445
2019-03-28 08:09:00,0.28321333277926897
2019-03-28 08:12:00,0.21164348128456822
2019-03-28 08:15:00,0.19285541084155966
2019-03-28 08:18:00,0.24772722455173835
2019-03-28 08:21:00,0.2760249661494072
2019-03-28 08:24:00,0.20515481096998656
2019-03-28 08:27:00,0.22356362034599897
2019-03-28 08:30:00,0.25996052062942
2019-03-28 08:33:00,0.23846295921487126
2019-03-28 08:36:00,0.2355566468517054
2019-03-28 08:39:00,0.18522341014335097
2019-03-28 08:42:00,0.1997116408515467
2019-03-28 08:45:00,0.12795508610668094
2019-03-28 08:48:00,0.10536950690993763
2019-03-28 08:51:00,0.203574823038025
2019-03-28 08:54:00,0.1393762240715546
2019-03-28 08:57:00,0.10927251937818028
2019-03-28 09:00:00,0.08183847969144153
2019-03-28 09:03:00,0.06815220647922615
2019-03-28 09:06:00,0.023823947070923168
2019-03-28 09:09:00,0.06055926810734036
2019-03-28 09:12:00,0.05390966995054214
2019-03-28 09:15:00,0.06313666779971072
2019-03-28 09:18:00,0.11993954080617186
2019-03-28 09:21:00,0.03624308212528149
2019-03-28 09:24:00,0.12681062007675337
2019-03-28 09:27:00,0.04531555691005451
2019-03-28 09:30:00,0.1315791143226761
2019-03-28 09:33:00,0.07119846243864458
2019-03-28 09:36:00,0.12514389841379625
2019-03-28 09:39:00,0.08546571163333283
2019-03-28 09:42:00,0.008819036223712828
2019-03-28 09:45:00,0.04252234860319959
2019-03-28 09:48:00,-0.03814707840479059
2019-03-28 09:51:00,-0.0006339242947888124
2019-03-28 09:54:00,0.07334583905083036
2019-03-28 09:57:00,-0.15659046899071427
2019-03-28 10:00:00,-0.056659486991748054
2019-03-28 10:03:00,-0.06396571108149374
2019-03-28 10:06:00,-0.027665892287700444
2019-03-28 10:09:00,-0.06480943861367905
2019-03-28 10:12:00,-0.06187659490041142
2019-03-28 10:15:00,-0.031543520164461825
2019-03-28 10:18:00,-0.052884127103482115
2019-03-28 10:21:00,-0.03238027861868886
2019-03-28 10:24:00,-0.0906044771248844
2019-03-28 10:27:00,-0.1092878727932316
2019-03-28 10:30:00,-0.06602844961241772
2019-03-28 10:33:00,-0.10166235375868382
2019-03-28 10:36:00,-0.03841330585100877
2019-03-28 10:39:00,-0.05196211059296729
2019-03-28 10:42:00,-0.1641159583302283
2019-03-28 10:45:00,-0.1460605584840664
2019-03-28 10:48:00,-0.23288319698633586
2019-03-28 10:51:00,-0.020180916080903444
2019-03-28 10:54:00,-0.1256217464832048
2019-03-28 10:57:00,-0.08331805395425818
2019-03-28 11:00:00,-0.07800293132714842
2019-03-28 11:03:00,-0.10110987392613424
2019-03-28 11:06:00,-0.10024559416609691
2019-03-28 11:09:00,-0.13260824641884028
2019-03-28 11:12:00,-0.1431318177546359
2019-03-28 11:15:00,-0.1244187338479037
2019-03-28 11:18:00,-0.23350342239717747
2019-03-28 11:21:00,-0.21370889286828287
2019-03-28 11:24:00,-0.19808325874726052
2019-03-28 11:27:00,-0.1543282025567123
2019-03-28 11:30:00,-0.19243498502515877
2019-03-28 11:33:00,-0.2621419901290096
2019-03-28 11:36:00,-0.16157177198135741
2019-03-28 11:39:00,-0.25484416473915417
2019-03-28 11:42:00,-0.17221225471831758
2019-03-28 11:45:00,-0.23303596183092168
2019-03-28 11:48:00,-0.2101028169113306
2019-03-28 11:51:00,-0.18212808480149079
2019-03-28 11:54:00,-0.14079252224098582
2019-03-28 11:57:00,-0.3015909588519321
2019-03-28 12:00:00,-0.1996400606586235
2019-03-28 12:03:00,-0.219695566305802
2019-03-28 12:06:00,-0.27653320271309667
2019-03-28 12:09:00,-0.1101454544082685
2019-03-28 12:12:00,-0.17231000011048536
2019-03-28 12:15:00,-0.16041135383909477
2019-03-28 12:18:00,-0.2355515795841825
2019-03-28 12:21:00,-0.2573922626494891
2019-03-28 12:24:00,-0.16743302369530966
2019-03-28 12:27:00,-0.133711047462441
2019-03-28 12:30:00,-0.17285814245173015
2019-03-28 12:33:00,-0.16630902574684114
2019-03-28 12:36:00,-0.17098075898644538
2019-03-28 12:39:00,-0.12878570239121245
2019-03-28 12:42:00,-0.10164235609079242
2019-03-28 12:45:00,-0.1778047377057419
2019-03-28 12:48:00,-0.08280376217072671
2019-03-28 12:51:00,-0.09162980821110978
2019-03-28 12:54:00,-0.02203237160028948
2019-03-28 12:57:00,-0.13735500522193433
2019-03-28 13:00:00,-0.17830074244335492
2019-03-28 13:03:00,-0.18312528510216453
2019-03-28 13:06:00,-0.21109108451918246
2019-03-28 13:09:00,-0.31221270672125456
2019-03-28 13:12:00,-0.11745113664932205
2019-03-28 13:15:00,-0.24876948094862428
2019-03-28 13:18:00,-0.2990389130373501
2019-03-28 13:21:00,-0.2931419633613359
2019-03-28 13:24:00,-0.2061297560554749
2019-03-28 13:27:00,-0.18989261748572517
2019-03-28 13:30:00,-0.2329892065275203
2019-03-28 13:33:00,-0.30911599427020064
2019-03-28 13:36:00,-0.22937056789089638
2019-03-28 13:39:00,-0.15858359425499202
2019-03-28 13:42:00,-0.18030617573606378
2019-03-28 13:45:00,-0.19869177267986515
2019-03-28 13:48:00,-0.1713185800962833
2019-03-28 13:51:00,-0.25178234143635336
2019-03-28 13:54:00,-0.30931699437439875
2019-03-28 13:57:00,-0.2880696449535094
2019-03-28 14:00:00,-0.2770271387806815
2019-03-28 14:03:00,-0.1083915440951273
2019-03-28 14:06:00,-0.0849890070066408
2019-03-28 14:09:00,-0.13057378710846024
2019-03-28 14:12:00,-0.17164503969098632
2019-03-28 14:15:00,-0.3913074937423744
2019-03-28 14:18:00,-0.2299356945850377
2019-03-28 14:21:00,-0.3684253636703261
2019-03-28 14:24:00,-0.3536032915852161
2019-03-28 14:27:00,-0.2361824677599884
2019-03-28 14:30:00,-0.2541746058681724
2019-03-28 14:33:00,-0.1699632546203702
2019-03-28 14:36:00,-0.1416244412640708
2019-03-28 14:39:00,-0.10056639300319148
2019-03-28 14:42:00,-0.1900806794288883
2019-03-28 14:45:00,-0.12686386530521077
2019-03-28 14:48:00,-0.2051593421044231
2019-03-28 14:51:00,-0.2094646860189755
2019-03-28 14:54:00,-0.1777855818838816
2019-03-28 14:57:00,-0.19993048261164859
2019-03-28 15:00:00,-0.216285776509892
2019-03-28 15:03:00,-0.16305608701793517
2019-03-28 15:06:00,-0.17903894134133225
2019-03-28 15:09:00,-0.37954716975832525
2019-03-28 15:12:00,-0.01901486426692145
2019-03-28 15:15:00,-0.1228024837138264
2019-03-28 15:18:00,-0.17035752046962216
2019-03-28 15:21:00,-0.2930186481188457
2019-03-28 15:24:00,-0.23847673716284135
2019-03-28 15:27:00,-0.21992404982592006
2019-03-28 15:30:00,-0.2867965518452138
2019-03-28 15:33:00,-0.14018956951912287
2019-03-28 15:36:00,-0.2719649920464349
2019-03-28 15:39:00,-0.21503789666189732
2019-03-28 15:42:00,-0.21920926213732628
2019-03-28 15:45:00,-0.25754229551080243
2019-03-28 15:48:00,-0.1503049083762562
2019-03-28 15:51:00,-0.24387729931260083
2019-03-28 15:54:00,-0.24479313293483074
2019-03-28 15:57:00,-0.32420236449803497
2019-03-28 16:00:00,-0.23274379850590776
2019-03-28 16:03:00,-0.24967803150337886
2019-03-28 16:06:00,-0.09542443348766483
2019-03-28 16:09:00,-0.18799752987047214
2019-03-28 16:12:00,-0.16328586386686084
2019-03-28 16:15:00,-0.11471744840457632
2019-03-28 16:18:00,-0.19617662200113273
2019-03-28 16:21:00,-0.27548046204680077
2019-03-28 16:24:00,-0.2870023720323047
2019-03-28 16:27:00,-0.17939326990500604
2019-03-28 16:30:00,-0.16753944493075323
2019-03-28 16:33:00,-0.06846377941519677
2019-03-28 16:36:00,0.033745011748465004
2019-03-28 16:39:00,-0.19948312196021334
2019-03-28 16:42:00,-0.009770339620445156
2019-03-28 16:45:00,0.1824333119051289
2019-03-28 16:48:00,0.11847276585359623
2019-03-28 16:51:00,0.21151625149946085
2019-03-28 16:54:00,0.2786267222357992
2019-03-28 16:57:00,0.35035830292457604
2019-03-28 17:00:00,0.3112109321508001
2019-03-28 17:03:00,0.4489390055276772
2019-03-28 17:06:00,0.4666599297834182
2019-03-28 17:09:00,0.4586263654124991
2019-03-28 17:12:00,0.49071688515431333
2019-03-28 17:15:00,0.5067218817533785
2019-03-28 17:18:00,0.48740824082312884
2019-03-28 17:21:00,0.3593242213569283
2019-03-28 17:24:00,0.20833909373834558
2019-03-28 17:27:00,0.2739906710563105
2019-03-28 17:30:00,0.3234749057362478
2019-03-28 17:33:00,0.3105422449226012
2019-03-28 17:36:00,0.3968158745641972
2019-03-28 17:39:00,0.3834405834907102
2019-03-28 17:42:00,0.4843953136072514
2019-03-28 17:45:00,0.5134023702138961
2019-03-28 17:48:00,0.6587676687485668
2019-03-28 17:51:00,0.5953471657271052
2019-03-28 17:54:00,0.4392803546567734
2019-03-28 17:57:00,0.3210208060950208
2019-03-28 18:00:00,0.37124008022044563
2019-03-28 18:03:00,0.2873088269677737
2019-03-28 18:06:00,0.2550820032162733
2019-03-28 18:09:00,0.2131843757590559
2019-03-28 18:12:00,0.2541024449171232
2019-03-28 18:15:00,0.27345144858281856
2019-03-28 18:18:00,0.3843978280105489
2019-03-28 18:21:00,0.343589199701853
2019-03-28 18:24:00,0.40287451185304235
2019-03-28 18:27:00,0.3953511290100664
2019-03-28 18:30:00,0.42679225455742653
2019-03-28 18:33:00,0.35811772400114705
2019-03-28 18:36:00,0.5737794090892976
2019-03-28 18:39:00,0.508652420542262
2019-03-28 18:42:00,0.5905755655073222
2019-03-28 18:45:00,0.49291814518619503
2019-03-28 18:48:00,0.4576923205857497
2019-03-28 18:51:00,0.36104205317303695
2019-03-28 18:54:00,0.2870105234682683
2019-03-28 18:57:00,
2019-03-28 19:00:00,
2019-03-28 19:03:00,0.08288768449824602
2019-03-28 19:06:00,0.05015804319896233
2019-03-28 19:09:00,0.1651814001338039
2019-03-28 19:12:00,0.10653425073303424
2019-03-28 19:15:00,0.08615555901047856
2019-03-28 19:18:00,0.1713123329384416
2019-03-28 19:21:00,0.08682821773658134
2019-03-28 19:24:00,0.20524665366036743
2019-03-28 19:27:00,0.24138236891826637
2019-03-28 19:30:00,0.2975357497068103
2019-03-28 19:33:00,0.11393361587221307
2019-03-28 19:36:00,0.20242270994498313
2019-03-28 19:39:00,0.20069294845211516
2019-03-28 19:42:00,0.2118465986454794
2019-03-28 19:45:00,0.25153018855854725
2019-03-28 19:48:00,0.2639730146805732
2019-03-28 19:51:00,0.27566861877267
2019-03-28 19:54:00,0.3320397584303123
2019-03-28 19:57:00,0.32044223218218804
2019-03-28 20:00:00,0.333540560036397
2019-03-28 20:03:00,0.33615538098376874
2019-03-28 20:06:00,0.43206559877415884
2019-03-28 20:09:00,0.456271337072792
2019-03-28 20:12:00,0.5249385660488315
2019-03-28 20:15:00,0.5623495590229481
2019-03-28 20:18:00,0.4991095903635028
2019-03-28 20:21:00,0.4000975253294996
2019-03-28 20:24:00,0.40931272310479017
2019-03-28 20:27:00,0.26708914770171077
2019-03-28 20:30:00,0.18144364224900755
2019-03-28 20:33:00,0.12957067282758317
2019-03-28 20:36:00,0.06481264668877884
2019-03-28 20:39:00,0.16423269558504217
2019-03-28 20:42:00,0.19641526599502868
2019-03-28 20:45:00,0.33461750460259054
2019-03-28 20:48:00,0.1742782695811229
2019-03-28 20:51:00,0.16122655887062365
2019-03-28 20:54:00,0.14821890615928623
2019-03-28 20:57:00,0.15240496061369413
2019-03-28 21:00:00,0.15460946448604318
2019-03-28 21:03:00,0.17637055488796705
2019-03-28 21:06:00,0.1340951321865873
2019-03-28 21:09:00,0.10681570411117036
2019-03-28 21:12:00,0.1703481092353627
2019-03-28 21:15:00,0.1742929762472727
2019-03-28 21:18:00,0.1901354618362916
2019-03-28 21:21:00,0.16280131665268982
2019-03-28 21:24:00,0.2441832635411174
2019-03-28 21:27:00,0.23659332099072117
2019-03-28 21:30:00,0.16998082578345475
2019-03-28 21:33:00,0.12821879689414573
2019-03-28 21:36:00,0.13698264481519118
2019-03-28 21:39:00,0.21618857656585533
2019-03-28 21:42:00,0.09423351016755532
2019-03-28 21:45:00,0.1618068642402477
2019-03-28 21:48:00,0.26073070760566
2019-03-28 21:51:00,0.19357589320702573
2019-03-28 21:54:00,0.16426496314670658
2019-03-28 21:57:00,0.25809902034876586
2019-03-28 22:00:00,0.18919117099329696
2019-03-28 22:03:00,0.20936327659876497
2019-03-28 22:06:00,0.12194360836389251
2019-03-28 22:09:00,0.3127698170750932
2019-03-28 22:12:00,0.23946285414803015
2019-03-28 22:15:00,0.3045480069890232
2019-03-28 22:18:00,0.21831790460998945
2019-03-28 22:21:00,0.12012432534407935
2019-03-28 22:24:00,0.08916563168179437
2019-03-28 22:27:00,0.2554886789726538
2019-03-28 22:30:00,0.1590205352155749
2019-03-28 22:33:00,0.15873545452944882
2019-03-28 22:36:00,0.22213485090298946
2019-03-28 22:39:00,0.3177459983545532
2019-03-28 22:42:00,0.3390247929150405
2019-03-28 22:45:00,0.32056329296324293
2019-03-28 22:48:00,0.4079409899758275
2019-03-28 22:51:00,0.44327118899269635
2019-03-28 22:54:00,0.4516555108476723
2019-03-28 22:57:00,0.5167597489992204
2019-03-28 23:00:00,0.3843535606323485
2019-03-28 23:03:00,0.42832593776455496
2019-03-28 23:06:00,0.2826142744477238
2019-03-28 23:09:00,0.3604095013882329
2019-03-28 23:12:00,0.3606923453857007
2019-03-28 23:15:00,0.28236271398697
2019-03-28 23:18:00,0.23734885667727212
2019-03-28 23:21:00,0.20551506714525658
2019-03-28 23:24:00,0.2916703404351324
2019-03-28 23:27:00,0.2493034688817488
2019-03-28 23:30:00,0.14768871923757843
2019-03-28 23:33:00,0.14933556635469358
2019-03-28 23:36:00,0.22665737053034718
2019-03-28 23:39:00,0.18519254342788827
2019-03-28 23:42:00,0.29739385806840346
2019-03-28 23:45:00,0.2974887446884509
2019-03-28 23:48:00,0.3056873614584106
2019-03-28 23:51:00,0.3221884041652743
2019-03-28 23:54:00,0.36012574274548115
2019-03-28 23:57:00,0.2991566272081059
2019-03-29 00:00:00,0.25016405922946205
2019-03-29 00:03:00,0.25034671075530923
2019-03-29 00:06:00,0.3277490025163843
2019-03-29 00:09:00,0.252925621193981
2019-03-29 00:12:00,0.3003333327944233
2019-03-29 00:15:00,0.3170913051850448
2019-03-29 00:18:00,0.3310596262351737
2019-03-29 00:21:00,0.28127430836099165
2019-03-29 00:24:00,0.30122574447989336
2019-03-29 00:27:00,0.2723905061990308
2019-03-29 00:30:00,0.18876102243126525
2019-03-29 00:33:00,0.16876180914107408
2019-03-29 00:36:00,0.21288906897694915
2019-03-29 00:39:00,0.23896583320822629
2019-03-29 00:42:00,0.29388891340300916
2019-03-29 00:45:00,0.21006787808147465
2019-03-29 00:48:00,0.26807096029494915
2019-03-29 00:51:00,0.3441277873806712
2019-03-29 00:54:00,0.25433379238774023
2019-03-29 00:57:00,0.2563981005998812
2019-03-29 01:00:00,0.2141695884149044
2019-03-29 01:03:00,0.2980288220760485
2019-03-29 01:06:00,0.24211272043271492
2019-03-29 01:09:00,0.07577453822585767
2019-03-29 01:12:00,0.19165772006579118
2019-03-29 01:15:00,0.2809740254499502
2019-03-29 01:18:00,0.2908485412770574
2019-03-29 01:21:00,0.3349172892731076
2019-03-29 01:24:00,0.4776613761800377
2019-03-29 01:27:00,0.3629501671064759
2019-03-29 01:30:00,0.29676615289344
2019-03-29 01:33:00,0.39208691623298364
2019-03-29 01:36:00,0.2817180207000547
2019-03-29 01:39:00,0.272699115318801
2019-03-29 01:42:00,0.2411426611670322
2019-03-29 01:45:00,0.19677035279318034
2019-03-29 01:48:00,0.2187818809944133
2019-03-29 01:51:00,0.2419755076260799
2019-03-29 01:54:00,0.29183513548252904
2019-03-29 01:57:00,0.2442005402329528
2019-03-29 02:00:00,0.3094259420232106
2019-03-29 02:03:00,0.40988149471724
2019-03-29 02:06:00,0.662307553249434
2019-03-29 02:09:00,0.6162987366857351
2019-03-29 02:12:00,0.719174707279592
2019-03-29 02:15:00,0.6530821161230165
2019-03-29 02:18:00,0.6864730155077154
2019-03-29 02:21:00,0.5690590869450602
2019-03-29 02:24:00,0.46962627401268264
2019-03-29 02:27:00,0.435620452572266
2019-03-29 02:30:00,0.49809847768688087
2019-03-29 02:33:00,0.39779094501142254
2019-03-29 02:36:00,0.3157379411983925
2019-03-29 02:39:00,0.3457499214879931
2019-03-29 02:42:00,0.2511614203276622
2019-03-29 02:45:00,0.1814751151304108
2019-03-29 02:48:00,0.10171702989157438
2019-03-29 02:51:00,0.09000058523128018
2019-03-29 02:54:00,0.08859648992637403
2019-03-29 02:57:00,0.07062499090176289
2019-03-29 03:00:00,0.1051547958798551
2019-03-29 03:03:00,0.04417120641994643
2019-03-29 03:06:00,0.08292023650108149
2019-03-29 03:09:00,0.19672985743983418
2019-03-29 03:12:00,0.15109967500939092
2019-03-29 03:15:00,0.02129303980353825
2019-03-29 03:18:00,0.14251025518990446
2019-03-29 03:21:00,0.18191247978131742
2019-03-29 03:24:00,0.24809411556401528
2019-03-29 03:27:00,0.2312982939110384
2019-03-29 03:30:00,0.29682789017851974
2019-03-29 03:33:00,0.3272067366447118
2019-03-29 03:36:00,0.3445378174606617
2019-03-29 03:39:00,0.3297011754090704
2019-03-29 03:42:00,0.3377200387352559
2019-03-29 03:45:00,0.3745682356537259
2019-03-29 03:48:00,0.4511400305291886
2019-03-29 03:51:00,0.4993310268497453
2019-03-29 03:54:00,0.5633750503438932
2019-03-29 03:57:00,0.43278661189924605
2019-03-29 04:00:00,0.4767240303351059
2019-03-29 04:03:00,0.545217103005541
2019-03-29 04:06:00,0.5081492104072822
2019-03-29 04:09:00,0.6050671022723009
2019-03-29 04:12:00,0.6105734372182496
2019-03-29 04:15:00,0.5467597436538654
2019-03-29 04:18:00,0.645249171919204
2019-03-29 04:21:00,0.6885900234064479
2019-03-29 04:24:00,0.6716929683319108
2019-03-29 04:27:00,0.7709720833719302
2019-03-29 04:30:00,0.6469655461576167
2019-03-29 04:33:00,0.5062088513394087
2019-03-29 04:36:00,0.5923108093746805
2019-03-29 04:39:00,0.722338215830689
2019-03-29 04:42:00,0.6349112555475926
2019-03-29 04:45:00,0.6569159319403752
2019-03-29 04:48:00,0.715057368571479
2019-03-29 04:51:00,0.68147107509634
2019-03-29 04:54:00,0.5748865400713612
2019-03-29 04:57:00,0.7188797950973367
2019-03-29 05:00:00,0.6433423916231504
2019-03-29 05:03:00,0.5955869319248563
2019-03-29 05:06:00,0.5781337128913719
2019-03-29 05:09:00,0.5949144909713482
2019-03-29 05:12:00,0.6101559711151481
2019-03-29 05:15:00,0.586872787990842
2019-03-29 05:18:00,0.6482684876155531
2019-03-29 05:21:00,0.61311640319866
2019-03-29 05:24:00,0.5812442073227544
2019-03-29 05:27:00,0.5522014061882601
2019-03-29 05:30:00,0.650965039161747
2019-03-29 05:33:00,0.6477758317798248
2019-03-29 05:36:00,0.6155381193474909
2019-03-29 05:39:00,0.567407729022932
2019-03-29 05:42:00,0.6128918984974234
2019-03-29 05:45:00,0.5672778205834561
2019-03-29 05:48:00,0.6667150626384455
2019-03-29 05:51:00,0.5493824827722733
2019-03-29 05:54:00,0.6509719676462282
2019-03-29 05:57:00,0.5995664328580119
2019-03-29 06:00:00,0.631225401271422
2019-03-29 06:03:00,0.5819129461742136
2019-03-29 06:06:00,0.5617141739586486
2019-03-29 06:09:00,0.5478374095795857
2019-03-29 06:12:00,0.5154721499487209
2019-03-29 06:15:00,0.49682562029693145
2019-03-29 06:18:00,0.5147224435167459
2019-03-29 06:21:00,0.5526121577671006
2019-03-29 06:24:00,0.500855285786372
2019-03-29 06:27:00,0.4791371785510137
2019-03-29 06:30:00,0.5596998007937373
2019-03-29 06:33:00,0.4758221037697581
2019-03-29 06:36:00,0.4885912245810573
2019-03-29 06:39:00,0.5627568767821458
2019-03-29 06:42:00,0.4475438279059176
2019-03-29 06:45:00,0.4843606435642869
2019-03-29 06:48:00,0.48229088807818243
2019-03-29 06:51:00,0.4600415006350431
2019-03-29 06:54:00,0.5070739433625704
2019-03-29 06:57:00,0.46213881502063714
2019-03-29 07:00:00,0.5895651636761272
2019-03-29 07:03:00,0.547209335105947
2019-03-29 07:06:00,0.5427845385441401
2019-03-29 07:09:00,0.5202224831169815
2019-03-29 07:12:00,0.5174009551950576
2019-03-29 07:15:00,0.5435468274115465
2019-03-29 07:18:00,0.5236173190073146
2019-03-29 07:21:00,0.5533649141707428
2019-03-29 07:24:00,0.5823567619229948
2019-03-29 07:27:00,0.4894020750992354
2019-03-29 07:30:00,0.5324661656792387
2019-03-29 07:33:00,0.4982492544515935
2019-03-29 07:36:00,0.5135154905666468
2019-03-29 07:39:00,0.5138192534465702
2019-03-29 07:42:00,0.4307299981987853
2019-03-29 07:45:00,0.5469558178721172
2019-03-29 07:48:00,0.4764062294586324
2019-03-29 07:51:00,0.48987383698943177
2019-03-29 07:54:00,0.5054766344468362
2019-03-29 07:57:00,0.4777789623569788
2019-03-29 08:00:00,0.48025967461620667
2019-03-29 08:03:00,0.5070737556509357
2019-03-29 08:06:00,0.5259320110581029
2019-03-29 08:09:00,0.3933009403401684
2019-03-29 08:12:00,0.5278301413835607
2019-03-29 08:15:00,0.5002056828557215
2019-03-29 08:18:00,0.4932717792803487
2019-03-29 08:21:00,0.47329819577100807
2019-03-29 08:24:00,0.4893805723246487
2019-03-29 08:27:00,0.4919968645606332
2019-03-29 08:30:00,0.4918939755512497
2019-03-29 08:33:00,0.5595696167854385
2019-03-29 08:36:00,0.47445229978097814
2019-03-29 08:39:00,0.46315879278211014
2019-03-29 08:42:00,0.5214924919555983
2019-03-29 08:45:00,0.5042148813999461
2019-03-29 08:48:00,0.46169824482257127
2019-03-29 08:51:00,0.5008459462235351
2019-03-29 08:54:00,0.4986632063937577
2019-03-29 08:57:00,0.5004079671173827
2019-03-29 09:00:00,0.4294916504136381
2019-03-29 09:03:00,0.540601809825489
2019-03-29 09:06:00,0.4033191652597452
2019-03-29 09:09:00,0.4666146474792754
2019-03-29 09:12:00,0.503030442700549
2019-03-29 09:15:00,0.38040719500384057
2019-03-29 09:18:00,0.4226422937445591
2019-03-29 09:21:00,0.4077186732486666
2019-03-29 09:24:00,0.4151297632382125
2019-03-29 09:27:00,0.41494332108368326
2019-03-29 09:30:00,0.3975233597028023
2019-03-29 09:33:00,0.5142609993980614
2019-03-29 09:36:00,0.3885101986222139
2019-03-29 09:39:00,0.43742124538403004
2019-03-29 09:42:00,0.4024869477646007
2019-03-29 09:45:00,0.3923720734815106
2019-03-29 09:48:00,0.28331492097441924
2019-03-29 09:51:00,0.37553592506588984
2019-03-29 09:54:00,0.4280798695037902
2019-03-29 09:57:00,0.2878515514885862
2019-03-29 10:00:00,0.34622976002225414
2019-03-29 10:03:00,0.26398758368969766
2019-03-29 10:06:00,0.37088994417314325
2019-03-29 10:09:00,0.34624688022830696
2019-03-29 10:12:00,0.3339227912086926
2019-03-29 10:15:00,0.31667729398077427
2019-03-29 10:18:00,0.31165617025874326
2019-03-29 10:21:00,0.25675598682761347
2019-03-29 10:24:00,0.33675581274940214
2019-03-29 10:27:00,0.2711042029094983
2019-03-29 10:30:00,0.2373802135463734
2019-03-29 10:33:00,0.2780992604609196
2019-03-29 10:36:00,0.282460494257748
2019-03-29 10:39:00,0.2531853626223892
2019-03-29 10:42:00,0.31075559094398386
2019-03-29 10:45:00,0.2642893042336709
2019-03-29 10:48:00,0.2437672331221279
2019-03-29 10:51:00,0.289395923463303
2019-03-29 10:54:00,0.3168462775768148
2019-03-29 10:57:00,0.28138624403322865
2019-03-29 11:00:00,0.18518090655925334
2019-03-29 11:03:00,0.2690311324874983
2019-03-29 11:06:00,0.27642980094140057
2019-03-29 11:09:00,0.3126971277283701
2019-03-29 11:12:00,0.2636770907493542
2019-03-29 11:15:00,0.26686898147386273
2019-03-29 11:18:00,0.22575229335365066
2019-03-29 11:21:00,0.20206296034052684
2019-03-29 11:24:00,0.21747591071863326
2019-03-29 11:27:00,0.23911703742550117
2019-03-29 11:30:00,0.23837630017669653
2019-03-29 11:33:00,0.2425143764423865
2019-03-29 11:36:00,0.20360960969213693
2019-03-29 11:39:00,0.17901268917069046
2019-03-29 11:42:00,0.14757531428756465
2019-03-29 11:45:00,0.2316359197702127
2019-03-29 11:48:00,0.17252264252977056
2019-03-29 11:51:00,0.21643650565380312
2019-03-29 11:54:00,0.14439328161478215
2019-03-29 11:57:00,0.20060457468485993
2019-03-29 12:00:00,0.21817926019701872
2019-03-29 12:03:00,0.2058400187787015
2019-03-29 12:06:00,0.10294504474910582
2019-03-29 12:09:00,0.17852231169746346
2019-03-29 12:12:00,0.20366311035809304
2019-03-29 12:15:00,0.20950657122995153
2019-03-29 12:18:00,0.26463333315331283
2019-03-29 12:21:00,0.28812370585046665
2019-03-29 12:24:00,0.18945697350164892
2019-03-29 12:27:00,0.18703261939657523
2019-03-29 12:30:00,0.21895900922510236
2019-03-29 12:33:00,0.27991434707058716
2019-03-29 12:36:00,0.150975471692675
2019-03-29 12:39:00,0.25023245327145105
2019-03-29 12:42:00,0.14617458947623163
2019-03-29 12:45:00,0.18838065025113337
2019-03-29 12:48:00,0.1935186648876197
2019-03-29 12:51:00,0.19422064204604794
2019-03-29 12:54:00,0.08845617878347412
2019-03-29 12:57:00,0.15434978945552302
2019-03-29 13:00:00,0.17721187025404106
2019-03-29 13:03:00,0.10398411794932372
2019-03-29 13:06:00,0.15063230349488776
2019-03-29 13:09:00,0.14944982239512683
2019-03-29 13:12:00,0.12116535418806507
2019-03-29 13:15:00,0.15623315227122703
2019-03-29 13:18:00,0.03876912550384759
2019-03-29 13:21:00,0.057176519620952604
2019-03-29 13:24:00,-0.03135914951042196
2019-03-29 13:27:00,0.08869975877070146
2019-03-29 13:30:00,0.047235510171788064
2019-03-29 13:33:00,0.04187343994027515
2019-03-29 13:36:00,-0.04932373441249638
2019-03-29 13:39:00,0.012982991375281472
2019-03-29 13:42:00,0.08367720924883315
2019-03-29 13:45:00,0.06868274522827278
2019-03-29 13:48:00,0.011904987595187322
2019-03-29 13:51:00,-0.11841847959345841
2019-03-29 13:54:00,0.0911720288485185
2019-03-29 13:57:00,-0.01759801486826973
2019-03-29 14:00:00,0.0077410926572838434
2019-03-29 14:03:00,-0.02737830777198269
2019-03-29 14:06:00,0.025884002726741073
2019-03-29 14:09:00,-0.0901336256543459
2019-03-29 14:12:00,-0.06222910109067925
2019-03-29 14:15:00,-0.01210993193944887
2019-03-29 14:18:00,-0.13580778516183045
2019-03-29 14:21:00,0.004076811421441562
2019-03-29 14:24:00,-0.021541601330284266
2019-03-29 14:27:00,0.010345442239213298
2019-03-29 14:30:00,-0.00953403757301885
2019-03-29 14:33:00,-0.07553043195548526
2019-03-29 14:36:00,-0.049189397661109524
2019-03-29 14:39:00,-0.07048127177330343
2019-03-29 14:42:00,-0.025153719611182623
2019-03-29 14:45:00,-0.08102073576634439
2019-03-29 14:48:00,-0.13398275951453797
2019-03-29 14:51:00,-0.10105632319454116
2019-03-29 14:54:00,-0.12009713685495171
2019-03-29 14:57:00,0.06678663906046722
2019-03-29 15:00:00,0.013839359328699175
2019-03-29 15:03:00,-0.01939256368569886
2019-03-29 15:06:00,-0.012778143186608304
2019-03-29 15:09:00,0.03506806306592125
2019-03-29 15:12:00,-0.12700690678343562
2019-03-29 15:15:00,-0.05078924385395567
2019-03-29 15:18:00,-0.018581120505757553
2019-03-29 15:21:00,-0.07713789669020343
2019-03-29 15:24:00,-0.06191163233182806
2019-03-29 15:27:00,-0.11213520921563713
2019-03-29 15:30:00,-0.08445751051027628
2019-03-29 15:33:00,-0.026259935950292856
2019-03-29 15:36:00,-0.004654800941864323
2019-03-29 15:39:00,0.010869955186251445
2019-03-29 15:42:00,0.08143268898174938
2019-03-29 15:45:00,-0.08100736596253455
2019-03-29 15:48:00,0.11769253842260241
2019-03-29 15:51:00,0.05542254219540155
2019-03-29 15:54:00,0.0972910603649666
2019-03-29 15:57:00,0.08599439624856586
2019-03-29 16:00:00,0.06965821730267407
2019-03-29 16:03:00,0.028955300754716973
2019-03-29 16:06:00,-0.03338021247782308
2019-03-29 16:09:00,-0.1828160594996575
2019-03-29 16:12:00,-0.19625610052196407
2019-03-29 16:15:00,-0.10712526229917785
2019-03-29 16:18:00,-0.17217875600266552
2019-03-29 16:21:00,0.010657336761937586
2019-03-29 16:24:00,-0.0699222602052032
2019-03-29 16:27:00,-0.15949172063676542
2019-03-29 16:30:00,-0.08922563641152692
2019-03-29 16:33:00,-0.14884639210526984
2019-03-29 16:36:00,-0.0788620776320954
2019-03-29 16:39:00,0.005820559315452556
2019-03-29 16:42:00,0.041796889336012555
2019-03-29 16:45:00,-0.047013433791164516
2019-03-29 16:48:00,-0.12439875639461206
2019-03-29 16:51:00,-0.05964356380644631
2019-03-29 16:54:00,-0.20292969869058197
2019-03-29 16:57:00,-0.2086064860000647
2019-03-29 17:00:00,-0.16748129839436388
2019-03-29 17:03:00,-0.07612872857129105
2019-03-29 17:06:00,-0.0846426362834336
2019-03-29 17:09:00,-0.13384324877023346
2019-03-29 17:12:00,-0.16158846744070843
2019-03-29 17:15:00,-0.18768024098750402
2019-03-29 17:18:00,-0.10832792849129191
2019-03-29 17:21:00,-0.16172374856245142
2019-03-29 17:24:00,-0.1772680537860083
2019-03-29 17:27:00,-0.2511853825690764
2019-03-29 17:30:00,-0.16941821720382677
2019-03-29 17:33:00,-0.1349671221329345
2019-03-29 17:36:00,-0.15820685473914864
2019-03-29 17:39:00,-0.17688122201394663
2019-03-29 17:42:00,-0.07782013597488913
2019-03-29 17:45:00,-0.09362112733919048
2019-03-29 17:48:00,0.08509518484703449
2019-03-29 17:51:00,0.016459794964021057
2019-03-29 17:54:00,-0.05224770213357033
2019-03-29 17:57:00,0.03704677570840431
2019-03-29 18:00:00,0.03033374451064219
2019-03-29 18:03:00,0.11449237157984271
2019-03-29 18:06:00,0.05019091079645932
2019-03-29 18:09:00,-0.005809171560088089
2019-03-29 18:12:00,0.08529746757551493
2019-03-29 18:15:00,0.024728375460313146
2019-03-29 18:18:00,0.0689437465687206
2019-03-29 18:21:00,0.04114602273335777
2019-03-29 18:24:00,0.053431098124804066
2019-03-29 18:27:00,0.014587738677676043
2019-03-29 18:30:00,0.09531546684934256
2019-03-29 18:33:00,0.12631414111967842
2019-03-29 18:36:00,0.031849239896189374
2019-03-29 18:39:00,0.028903431603907848
2019-03-29 18:42:00,0.039054937660239375
2019-03-29 18:45:00,0.06762094556802367
2019-03-29 18:48:00,0.11227590085184147
2019-03-29 18:51:00,0.059383563620201585
2019-03-29 18:54:00,
2019-03-29 18:57:00,
2019-03-29 19:00:00,
2019-03-29 19:03:00,0.05149709133399938
2019-03-29 19:06:00,0.06675911617480779
2019-03-29 19:09:00,0.10114124324587692
2019-03-29 19:12:00,0.11028258048571615
2019-03-29 19:15:00,0.05987911642250765
2019-03-29 19:18:00,0.17407278458296105
2019-03-29 19:21:00,0.09923022496155909
2019-03-29 19:24:00,0.09276610220746306
2019-03-29 19:27:00,0.10576270484381212
2019-03-29 19:30:00,0.15827547105197937
2019-03-29 19:33:00,0.002978247863723027
2019-03-29 19:36:00,0.13782074241169084
2019-03-29 19:39:00,0.1078585977087414
2019-03-29 19:42:00,0.10283230514085062
2019-03-29 19:45:00,0.05844356348291058
2019-03-29 19:48:00,0.18587993295318483
2019-03-29 19:51:00,0.16836101168848927
2019-03-29 19:54:00,0.16883814819334475
2019-03-29 19:57:00,0.17617907971515478
2019-03-29 20:00:00,0.131184387408382
2019-03-29 20:03:00,0.07867646406759832
2019-03-29 20:06:00,0.06915000716696795
2019-03-29 20:09:00,0.12135444821126384
2019-03-29 20:12:00,0.12941387652216463
2019-03-29 20:15:00,0.14021197955696607
2019-03-29 20:18:00,0.08188690326238657
2019-03-29 20:21:00,0.08930937040491926
2019-03-29 20:24:00,0.21039435704955167
2019-03-29 20:27:00,0.07909350694461637
2019-03-29 20:30:00,0.04142965930822129
2019-03-29 20:33:00,-0.0009772064418029913
2019-03-29 20:36:00,0.11281855559371934
2019-03-29 20:39:00,0.05562799555923448
2019-03-29 20:42:00,0.0526888961699683
2019-03-29 20:45:00,0.16680884943468754
2019-03-29 20:48:00,0.07362432455795442
2019-03-29 20:51:00,0.04848088576363807
2019-03-29 20:54:00,-0.01102934437528802
2019-03-29 20:57:00,0.14443592702912156
2019-03-29 21:00:00,0.12137451915276642
2019-03-29 21:03:00,0.09211061782445995
2019-03-29 21:06:00,0.22294469382882198
2019-03-29 21:09:00,0.21352896871286475
2019-03-29 21:12:00,0.06203865720522117
2019-03-29 21:15:00,0.11540563435715967
2019-03-29 21:18:00,0.08503869272772135
2019-03-29 21:21:00,0.10107094137919148
2019-03-29 21:24:00,0.11931074369493899
2019-03-29 21:27:00,0.17367987823388376
2019-03-29 21:30:00,0.12438522340158897
2019-03-29 21:33:00,0.2154030305432002
2019-03-29 21:36:00,0.051485294822953165
2019-03-29 21:39:00,0.12954215163091476
2019-03-29 21:42:00,0.1078655213174784
2019-03-29 21:45:00,0.10591342693447814
2019-03-29 21:48:00,0.16998352667695826
2019-03-29 21:51:00,0.17275318516396965
2019-03-29 21:54:00,0.12526638681640634
2019-03-29 21:57:00,0.1680114999535931
2019-03-29 22:00:00,0.18337913491461677
2019-03-29 22:03:00,0.27794684602838515
2019-03-29 22:06:00,0.09963527514372572
2019-03-29 22:09:00,0.19902675350579102
2019-03-29 22:12:00,0.18856735274977154
2019-03-29 22:15:00,0.3092304034955191
2019-03-29 22:18:00,0.20843884888387265
2019-03-29 22:21:00,0.09114804048283531
2019-03-29 22:24:00,0.16277691556780383
2019-03-29 22:27:00,0.19592819704553222
2019-03-29 22:30:00,0.10514954292153789
2019-03-29 22:33:00,0.2192949401234614
2019-03-29 22:36:00,0.17258085495637943
2019-03-29 22:39:00,0.09925297610561756
2019-03-29 22:42:00,0.19574588709127738
2019-03-29 22:45:00,0.20560621599923934
2019-03-29 22:48:00,0.10780892086160065
2019-03-29 22:51:00,0.14584435375536486
2019-03-29 22:54:00,0.17013323930569868
2019-03-29 22:57:00,0.17431709124036843
2019-03-29 23:00:00,0.20123628727981213
2019-03-29 23:03:00,0.19838944358019717
2019-03-29 23:06:00,0.18710292992403765
2019-03-29 23:09:00,0.11778954015602494
2019-03-29 23:12:00,0.18682143227016468
2019-03-29 23:15:00,0.20367719490690206
2019-03-29 23:18:00,0.2560362019818285
2019-03-29 23:21:00,0.15033204509512643
2019-03-29 23:24:00,0.15648511104598128
2019-03-29 23:27:00,0.21073666456999263
2019-03-29 23:30:00,0.140973001070563
2019-03-29 23:33:00,0.158009947392884
2019-03-29 23:36:00,0.25556895419805414
2019-03-29 23:39:00,0.24190127879677448
2019-03-29 23:42:00,0.30200180635000606
2019-03-29 23:45:00,0.21934752263638302
2019-03-29 23:48:00,0.26889483116173096
2019-03-29 23:51:00,0.18917646471760463
2019-03-29 23:54:00,0.17146755363319244
2019-03-29 23:57:00,0.19652772854482237
2019-03-30 00:00:00,0.11662935637519922
2019-03-30 00:03:00,0.17561118487822114
2019-03-30 00:06:00,0.2938733534985545
2019-03-30 00:09:00,0.1929950954369133
2019-03-30 00:12:00,0.14522340071039253
2019-03-30 00:15:00,0.26861944691961526
2019-03-30 00:18:00,0.29452801122505434
2019-03-30 00:21:00,0.28049020173949657
2019-03-30 00:24:00,0.3052877913605698
2019-03-30 00:27:00,0.30359727385985025
2019-03-30 00:30:00,0.37564413875560376
2019-03-30 00:33:00,0.44108544138225625
2019-03-30 00:36:00,0.3495051730593559
2019-03-30 00:39:00,0.4391297681472679
2019-03-30 00:42:00,0.4115173275136499
2019-03-30 00:45:00,0.2693957813916654
2019-03-30 00:48:00,0.37198722921704075
2019-03-30 00:51:00,0.40343104831413257
2019-03-30 00:54:00,0.3093003103181786
2019-03-30 00:57:00,0.38003419216943257
2019-03-30 01:00:00,0.4276536357259033
2019-03-30 01:03:00,0.35515706982533857
2019-03-30 01:06:00,0.3867588123226824
2019-03-30 01:09:00,0.3719968078722786
2019-03-30 01:12:00,0.24671143973472454
2019-03-30 01:15:00,0.29189719116493507
2019-03-30 01:18:00,0.28892848870418675
2019-03-30 01:21:00,0.3472185877788547
2019-03-30 01:24:00,0.297602072959819
2019-03-30 01:27:00,0.18453093138271015
2019-03-30 01:30:00,0.22579688536075082
2019-03-30 01:33:00,0.22730081794020407
2019-03-30 01:36:00,0.23163547475701307
2019-03-30 01:39:00,0.21015463483826125
2019-03-30 01:42:00,0.26710260215725157
2019-03-30 01:45:00,0.23566759329469278
2019-03-30 01:48:00,0.20480899657360396
2019-03-30 01:51:00,0.3478822746490664
2019-03-30 01:54:00,0.1962426676374207
2019-03-30 01:57:00,0.2406130890158238
2019-03-30 02:00:00,0.26921046126278725
2019-03-30 02:03:00,0.2687958295354633
2019-03-30 02:06:00,0.24705041073042366
2019-03-30 02:09:00,0.29668901569482387
2019-03-30 02:12:00,0.2900251258377011
2019-03-30 02:15:00,0.32595900687243784
2019-03-30 02:18:00,0.40859816036345364
2019-03-30 02:21:00,0.2742716628662265
2019-03-30 02:24:00,0.30691601828095827
2019-03-30 02:27:00,0.3693234397213132
2019-03-30 02:30:00,0.34458616414281096
2019-03-30 02:33:00,0.328620459770093
2019-03-30 02:36:00,0.3378692687215903
2019-03-30 02:39:00,0.3944597864442585
2019-03-30 02:42:00,0.4210041447159938
2019-03-30 02:45:00,0.35460582102490434
2019-03-30 02:48:00,0.4626789151120647
2019-03-30 02:51:00,0.3491208232437657
2019-03-30 02:54:00,0.420492983440397
2019-03-30 02:57:00,0.3912212893649212
2019-03-30 03:00:00,0.4037297416348906
2019-03-30 03:03:00,0.35975166174927153
2019-03-30 03:06:00,0.37522661512724653
2019-03-30 03:09:00,0.3794092951111452
2019-03-30 03:12:00,0.3090024568253966
2019-03-30 03:15:00,0.383751366276897
2019-03-30 03:18:00,0.29376446060564376
2019-03-30 03:21:00,0.30763868034370034
2019-03-30 03:24:00,0.3750054117322179
2019-03-30 03:27:00,0.35487563376892695
2019-03-30 03:30:00,0.4618881676133242
2019-03-30 03:33:00,0.36774559126371287
2019-03-30 03:36:00,0.39805352811555395
2019-03-30 03:39:00,0.3691709083170167
2019-03-30 03:42:00,0.4223471872598452
2019-03-30 03:45:00,0.38809122615543856
2019-03-30 03:48:00,0.3527113869637333
2019-03-30 03:51:00,0.3558889957382121
2019-03-30 03:54:00,0.40825235984146957
2019-03-30 03:57:00,0.4337061999029288
2019-03-30 04:00:00,0.4817679749212971
2019-03-30 04:03:00,0.3298452578511615
2019-03-30 04:06:00,0.4252704918943664
2019-03-30 04:09:00,0.3944036522655665
2019-03-30 04:12:00,0.47718060472408297
2019-03-30 04:15:00,0.42706736049581195
2019-03-30 04:18:00,0.429814864485877
2019-03-30 04:21:00,0.35209907995709955
2019-03-30 04:24:00,0.4674044528985064
2019-03-30 04:27:00,0.40744130924502997
2019-03-30 04:30:00,0.4217649051590229
2019-03-30 04:33:00,0.3980189768265632
2019-03-30 04:36:00,0.4413002592320936
2019-03-30 04:39:00,0.4172870772641204
2019-03-30 04:42:00,0.4263544556936836
2019-03-30 04:45:00,0.3402378520373759
2019-03-30 04:48:00,0.3702824924893662
2019-03-30 04:51:00,0.5047004766083774
2019-03-30 04:54:00,0.4153640303060797
2019-03-30 04:57:00,0.3428974894928274
2019-03-30 05:00:00,0.4295488308837889
2019-03-30 05:03:00,0.35245609475572337
2019-03-30 05:06:00,0.36594602337811466
2019-03-30 05:09:00,0.4147571049337557
2019-03-30 05:12:00,0.46165215316159447
2019-03-30 05:15:00,0.42758080955201194
2019-03-30 05:18:00,0.3581630748074076
2019-03-30 05:21:00,0.3660319441468687
2019-03-30 05:24:00,0.4572248722688528
2019-03-30 05:27:00,0.32883589107558464
2019-03-30 05:30:00,0.4043477025820721
2019-03-30 05:33:00,0.37333819723585293
2019-03-30 05:36:00,0.39687809766536475
2019-03-30 05:39:00,0.37992171325527124
2019-03-30 05:42:00,0.3600881453160696
2019-03-30 05:45:00,0.3858990836408793
2019-03-30 05:48:00,0.3736762842407302
2019-03-30 05:51:00,0.43609489494804166
2019-03-30 05:54:00,0.3206750038050359
2019-03-30 05:57:00,0.35525159191604416
2019-03-30 06:00:00,0.3625009720430512
2019-03-30 06:03:00,0.41625936542902764
2019-03-30 06:06:00,0.3998533878854573
2019-03-30 06:09:00,0.3247281101340036
2019-03-30 06:12:00,0.42729814626244433
2019-03-30 06:15:00,0.4080476746798922
2019-03-30 06:18:00,0.29504894119202163
2019-03-30 06:21:00,0.4698569107752064
2019-03-30 06:24:00,0.35435191915280484
2019-03-30 06:27:00,0.38732906801084255
2019-03-30 06:30:00,0.4396020787292514
2019-03-30 06:33:00,0.3084366509236247
2019-03-30 06:36:00,0.45684915908964285
2019-03-30 06:39:00,0.3386901867461347
2019-03-30 06:42:00,0.4159693175986945
2019-03-30 06:45:00,0.4135171089168921
2019-03-30 06:48:00,0.3288600715910661
2019-03-30 06:51:00,0.5006045967276123
2019-03-30 06:54:00,0.4352575275838717
2019-03-30 06:57:00,0.5379853267491512
2019-03-30 07:00:00,0.4821229621020393
2019-03-30 07:03:00,0.44322659382584106
2019-03-30 07:06:00,0.46087977405966285
2019-03-30 07:09:00,0.4619511637607161
2019-03-30 07:12:00,0.5102694996971877
2019-03-30 07:15:00,0.5780375666795976
2019-03-30 07:18:00,0.5236613321105779
2019-03-30 07:21:00,0.510092503139731
2019-03-30 07:24:00,0.4718777058819228
2019-03-30 07:27:00,0.5047399522496221
2019-03-30 07:30:00,0.5345760192110447
2019-03-30 07:33:00,0.47101936138261635
2019-03-30 07:36:00,0.41643302929782067
2019-03-30 07:39:00,0.4376239479643118
2019-03-30 07:42:00,0.4528822389104903
2019-03-30 07:45:00,0.4103697841877647
2019-03-30 07:48:00,0.45500164032398516
2019-03-30 07:51:00,0.4270746730734345
2019-03-30 07:54:00,0.4389992613588447
2019-03-30 07:57:00,0.3625326926801904
2019-03-30 08:00:00,0.33295306839607974
2019-03-30 08:03:00,0.41051984646105666
2019-03-30 08:06:00,0.49306471563659215
2019-03-30 08:09:00,0.41298815933470223
2019-03-30 08:12:00,0.41032509486092295
2019-03-30 08:15:00,0.28935901746490345
2019-03-30 08:18:00,0.33795206056009874
2019-03-30 08:21:00,0.34786111931106234
2019-03-30 08:24:00,0.3915095335414662
2019-03-30 08:27:00,0.3290322378991277
2019-03-30 08:30:00,0.3063816459955433
2019-03-30 08:33:00,0.3075497444252733
2019-03-30 08:36:00,0.3697012202019323
2019-03-30 08:39:00,0.382910208368628
2019-03-30 08:42:00,0.30918490246580177
2019-03-30 08:45:00,0.40733433934161667
2019-03-30 08:48:00,0.3890100500103131
2019-03-30 08:51:00,0.3941241321281268
2019-03-30 08:54:00,0.3451299687079086
2019-03-30 08:57:00,0.3568334657481955
2019-03-30 09:00:00,0.27620192120633646
2019-03-30 09:03:00,0.4163916248085684
2019-03-30 09:06:00,0.28794231387769287
2019-03-30 09:09:00,0.26264409920156595
2019-03-30 09:12:00,0.3020210517517512
2019-03-30 09:15:00,0.3032693075564339
2019-03-30 09:18:00,0.3760554421212987
2019-03-30 09:21:00,0.35775936596803604
2019-03-30 09:24:00,0.3721627526624047
2019-03-30 09:27:00,0.3036839640643052
2019-03-30 09:30:00,0.2135122408776624
2019-03-30 09:33:00,0.17984694297484793
2019-03-30 09:36:00,0.2835199778565425
2019-03-30 09:39:00,0.2683879384983925
2019-03-30 09:42:00,0.22087584729058563
2019-03-30 09:45:00,0.35930435386825366
2019-03-30 09:48:00,0.18393890418519732
2019-03-30 09:51:00,0.20951937682679045
2019-03-30 09:54:00,0.24839989324794942
2019-03-30 09:57:00,0.18863720787101101
2019-03-30 10:00:00,0.12529662530153018
2019-03-30 10:03:00,0.20063216208654922
2019-03-30 10:06:00,0.0997548817738334
2019-03-30 10:09:00,0.0463531848388925
2019-03-30 10:12:00,0.006621452900617442
2019-03-30 10:15:00,0.02006878695544856
2019-03-30 10:18:00,0.04452041879750368
2019-03-30 10:21:00,-0.05135924885178156
2019-03-30 10:24:00,0.08881723397212227
2019-03-30 10:27:00,-0.009715033229497294
2019-03-30 10:30:00,-0.07957373148917668
2019-03-30 10:33:00,-0.11999994780063616
2019-03-30 10:36:00,-0.07770070127088502
2019-03-30 10:39:00,-0.000887156917883658
2019-03-30 10:42:00,-0.04608198857448542
2019-03-30 10:45:00,-0.03862993656071012
2019-03-30 10:48:00,0.03597322255194513
2019-03-30 10:51:00,-0.04337840542206095
2019-03-30 10:54:00,-0.09167812698819944
2019-03-30 10:57:00,-0.03384875458016268
2019-03-30 11:00:00,-0.1096551976330602
2019-03-30 11:03:00,-0.18405272708588427
2019-03-30 11:06:00,-0.11393777670650707
2019-03-30 11:09:00,-0.17312250588634015
2019-03-30 11:12:00,-0.12546644336595136
2019-03-30 11:15:00,-0.18191878819794738
2019-03-30 11:18:00,-0.2503039480626512
2019-03-30 11:21:00,-0.10333506013108718
2019-03-30 11:24:00,-0.21976493547043674
2019-03-30 11:27:00,-0.05422888709858853
2019-03-30 11:30:00,-0.12215472436918162
2019-03-30 11:33:00,-0.16537403063767897
2019-03-30 11:36:00,-0.12258106717644068
2019-03-30 11:39:00,-0.25865041266541766
2019-03-30 11:42:00,-0.2340385818838513
2019-03-30 11:45:00,-0.16263680624177823
2019-03-30 11:48:00,-0.14918420961572565
2019-03-30 11:51:00,-0.1772242829769084
2019-03-30 11:54:00,-0.11271068924554584
2019-03-30 11:57:00,0.03820575572353846
2019-03-30 12:00:00,0.3282028205021561
2019-03-30 12:03:00,0.3024025230139955
2019-03-30 12:06:00,0.05993858603784474
2019-03-30 12:09:00,-0.03917024983030615
2019-03-30 12:12:00,-0.35081174760870226
2019-03-30 12:15:00,-0.34404519578367854
2019-03-30 12:18:00,-0.12636486311350836
2019-03-30 12:21:00,-0.2175401726813675
2019-03-30 12:24:00,-0.2903514843294488
2019-03-30 12:27:00,-0.233777781262404
2019-03-30 12:30:00,-0.3328576966289347
2019-03-30 12:33:00,-0.2998571918499806
2019-03-30 12:36:00,-0.2927790787686604
2019-03-30 12:39:00,-0.32268640405419546
2019-03-30 12:42:00,-0.31391997132942606
2019-03-30 12:45:00,-0.27411506641806227
2019-03-30 12:48:00,-0.3265071411202598
2019-03-30 12:51:00,-0.24364446838421827
2019-03-30 12:54:00,-0.22236835615768769
2019-03-30 12:57:00,-0.2496227368297923
2019-03-30 13:00:00,-0.21900084145710252
2019-03-30 13:03:00,-0.26408188152157663
2019-03-30 13:06:00,-0.36789501060485463
2019-03-30 13:09:00,-0.23798162623603503
2019-03-30 13:12:00,-0.26331973179497936
2019-03-30 13:15:00,-0.1441323307693665
2019-03-30 13:18:00,-0.2902830152915499
2019-03-30 13:21:00,-0.25555441204511453
2019-03-30 13:24:00,-0.22274791104405267
2019-03-30 13:27:00,-0.22130490295757
2019-03-30 13:30:00,-0.2006300292877654
2019-03-30 13:33:00,-0.11635613503881359
2019-03-30 13:36:00,-0.2717392176192561
2019-03-30 13:39:00,-0.27640225897175696
2019-03-30 13:42:00,-0.3397770468589556
2019-03-30 13:45:00,-0.26568813755642395
2019-03-30 13:48:00,-0.24913198548375703
2019-03-30 13:51:00,-0.11798569105928891
2019-03-30 13:54:00,-0.26398158812281736
2019-03-30 13:57:00,-0.27554266667078764
2019-03-30 14:00:00,-0.2797563609628355
2019-03-30 14:03:00,-0.3097426413297626
2019-03-30 14:06:00,-0.28744298525873546
2019-03-30 14:09:00,-0.16982572352804937
2019-03-30 14:12:00,0.0013888269749600113
2019-03-30 14:15:00,0.00984865457894557
2019-03-30 14:18:00,-0.0015768668388886908
2019-03-30 14:21:00,-0.04784938077972356
2019-03-30 14:24:00,-0.0575852305915987
2019-03-30 14:27:00,0.14379976087792556
2019-03-30 14:30:00,0.11241095222362674
2019-03-30 14:33:00,0.158712119607344
2019-03-30 14:36:00,0.12450987887660858
2019-03-30 14:39:00,0.21343598644313033
2019-03-30 14:42:00,0.15641365330117196
2019-03-30 14:45:00,0.08538159075510521
2019-03-30 14:48:00,0.12624973726224198
2019-03-30 14:51:00,0.0867128522618259
2019-03-30 14:54:00,0.09597870004137121
2019-03-30 14:57:00,0.048424132245884266
2019-03-30 15:00:00,0.13104352816776554
2019-03-30 15:03:00,0.12858240069652993
2019-03-30 15:06:00,0.032634156423341665
2019-03-30 15:09:00,0.15411989567815
2019-03-30 15:12:00,0.11799834960919497
2019-03-30 15:15:00,-0.10445394099167515
2019-03-30 15:18:00,-0.1799215909466625
2019-03-30 15:21:00,-0.2914098820696154
2019-03-30 15:24:00,-0.3423175681466546
2019-03-30 15:27:00,-0.3733660068319864
2019-03-30 15:30:00,-0.3578264413577017
2019-03-30 15:33:00,-0.3032874180387921
2019-03-30 15:36:00,-0.3318013360604368
2019-03-30 15:39:00,-0.22428163686333846
2019-03-30 15:42:00,-0.236864934950745
2019-03-30 15:45:00,-0.2683859608378043
2019-03-30 15:48:00,-0.3272316795769825
2019-03-30 15:51:00,-0.28138242132013147
2019-03-30 15:54:00,-0.2774594689098535
2019-03-30 15:57:00,-0.3116409022781568
2019-03-30 16:00:00,-0.3622405626028353
2019-03-30 16:03:00,-0.34692861903698713
2019-03-30 16:06:00,-0.25639954837288315
2019-03-30 16:09:00,-0.3404577797437014
2019-03-30 16:12:00,-0.30535219049875195
2019-03-30 16:15:00,-0.24013882325397162
2019-03-30 16:18:00,-0.2289506581061005
2019-03-30 16:21:00,-0.1754081714819904
2019-03-30 16:24:00,-0.2751490387761919
2019-03-30 16:27:00,-0.27023933138787015
2019-03-30 16:30:00,-0.30370274257114716
2019-03-30 16:33:00,-0.3651570984808359
2019-03-30 16:36:00,-0.2722421206881336
2019-03-30 16:39:00,-0.26990122507226033
2019-03-30 16:42:00,-0.3286959495127917
2019-03-30 16:45:00,-0.2968687776970569
2019-03-30 16:48:00,-0.37768382798827815
2019-03-30 16:51:00,-0.30553321512354614
2019-03-30 16:54:00,-0.38166545656469
2019-03-30 16:57:00,-0.34574677233842976
2019-03-30 17:00:00,-0.22508714399242535
2019-03-30 17:03:00,-0.1867395666119478
2019-03-30 17:06:00,-0.1926126716697354
2019-03-30 17:09:00,-0.19722590647842253
2019-03-30 17:12:00,-0.23746637710900131
2019-03-30 17:15:00,-0.1906994490380498
2019-03-30 17:18:00,-0.3773507971716299
2019-03-30 17:21:00,-0.2842929001632797
2019-03-30 17:24:00,-0.26731549449590375
2019-03-30 17:27:00,-0.14125547857867105
2019-03-30 17:30:00,-0.24280521880581318
2019-03-30 17:33:00,-0.19867749229143783
2019-03-30 17:36:00,-0.323314967418014
2019-03-30 17:39:00,-0.1701350201897185
2019-03-30 17:42:00,-0.28897802440098985
2019-03-30 17:45:00,-0.24679892211486276
2019-03-30 17:48:00,-0.23515102278270206
2019-03-30 17:51:00,-0.15484299456949202
2019-03-30 17:54:00,-0.18883057293976435
2019-03-30 17:57:00,-0.22979984752538485
2019-03-30 18:00:00,-0.15848419393137192
2019-03-30 18:03:00,-0.10407661631660403
2019-03-30 18:06:00,-0.09546226446246919
2019-03-30 18:09:00,-0.1354799694272515
2019-03-30 18:12:00,-0.17188999712283248
2019-03-30 18:15:00,-0.19984201763799092
2019-03-30 18:18:00,-0.1693710632155785
2019-03-30 18:21:00,-0.16699846945977015
2019-03-30 18:24:00,-0.18558490771516745
2019-03-30 18:27:00,-0.11657930721167986
2019-03-30 18:30:00,-0.17378965227396748
2019-03-30 18:33:00,-0.255463467196023
2019-03-30 18:36:00,-0.20218268498132375
2019-03-30 18:39:00,-0.07069987249030873
2019-03-30 18:42:00,-0.11759929899005783
2019-03-30 18:45:00,-0.08374552376983502
2019-03-30 18:48:00,-0.06577246792699043
2019-03-30 18:51:00,-0.09658408115330985
2019-03-30 18:54:00,
2019-03-30 18:57:00,
2019-03-30 19:00:00,
2019-03-30 19:03:00,-0.19287658457358248
2019-03-30 19:06:00,-0.10255069340144018
2019-03-30 19:09:00,-0.1052911547945996
2019-03-30 19:12:00,-0.01745574490985291
2019-03-30 19:15:00,-0.06891161851490324
2019-03-30 19:18:00,-0.16068495901771485
2019-03-30 19:21:00,-0.056578608656366214
2019-03-30 19:24:00,-0.12425027536659172
2019-03-30 19:27:00,0.0690608484733275
2019-03-30 19:30:00,-0.06354931728685642
2019-03-30 19:33:00,-0.08032408323464324
2019-03-30 19:36:00,-0.1376037862866042
2019-03-30 19:39:00,-0.1166142517340063
2019-03-30 19:42:00,0.007947797829899628
2019-03-30 19:45:00,0.05381074577690015
2019-03-30 19:48:00,0.04263877177112363
2019-03-30 19:51:00,0.08121736059109708
2019-03-30 19:54:00,0.06122579142743234
2019-03-30 19:57:00,0.1037290911390869
2019-03-30 20:00:00,0.04336838817749822
2019-03-30 20:03:00,0.012950461403931968
2019-03-30 20:06:00,0.030912193371420926
2019-03-30 20:09:00,0.09782378564500505
2019-03-30 20:12:00,0.08639428940438165
2019-03-30 20:15:00,0.06966170898527935
2019-03-30 20:18:00,0.09298858644962138
2019-03-30 20:21:00,0.05785989682556192
2019-03-30 20:24:00,0.018287419597072585
2019-03-30 20:27:00,0.029536646733390626
2019-03-30 20:30:00,0.09781918626595143
2019-03-30 20:33:00,0.017395819535806822
2019-03-30 20:36:00,-0.020219173879354457
2019-03-30 20:39:00,0.0689519838553565
2019-03-30 20:42:00,-0.01553400255249926
2019-03-30 20:45:00,0.03178453487231536
2019-03-30 20:48:00,-0.10358340619904993
2019-03-30 20:51:00,0.03238900028861735
2019-03-30 20:54:00,0.08609937796796885
2019-03-30 20:57:00,0.03674858763378097
2019-03-30 21:00:00,0.011360345684011008
2019-03-30 21:03:00,-0.003665765511641439
2019-03-30 21:06:00,-0.007660690577438345
2019-03-30 21:09:00,0.0186518578195205
2019-03-30 21:12:00,-0.013479022052649725
2019-03-30 21:15:00,0.03532909134310103
2019-03-30 21:18:00,-0.015273825623182802
2019-03-30 21:21:00,0.01898260070794322
2019-03-30 21:24:00,0.11639650947353175
2019-03-30 21:27:00,0.04942513230724899
2019-03-30 21:30:00,-0.0412785276635077
2019-03-30 21:33:00,0.029072326231187162
2019-03-30 21:36:00,-0.08870169593302535
2019-03-30 21:39:00,0.13928420493965632
2019-03-30 21:42:00,0.08114972166964662
2019-03-30 21:45:00,0.12859633970577988
2019-03-30 21:48:00,0.08668081942914796
2019-03-30 21:51:00,0.08170515521288735
2019-03-30 21:54:00,0.12751776611082732
2019-03-30 21:57:00,0.08004534134323649
2019-03-30 22:00:00,0.060494272007360905
2019-03-30 22:03:00,0.07689310916953218
2019-03-30 22:06:00,0.05135534377956219
2019-03-30 22:09:00,0.049308284814060244
2019-03-30 22:12:00,0.07814791667976806
2019-03-30 22:15:00,0.12823573369513497
2019-03-30 22:18:00,0.021379076400592112
2019-03-30 22:21:00,0.03242329889917528
2019-03-30 22:24:00,0.06157581830808567
2019-03-30 22:27:00,0.028568171183735558
2019-03-30 22:30:00,0.17721172052148404
2019-03-30 22:33:00,0.11876481274771322
2019-03-30 22:36:00,0.03243237376136676
2019-03-30 22:39:00,0.06408860776673464
2019-03-30 22:42:00,0.04619747400062124
2019-03-30 22:45:00,0.014263165456668503
2019-03-30 22:48:00,0.05111127832662987
2019-03-30 22:51:00,0.055838703807580714
2019-03-30 22:54:00,-0.005060992738151526
2019-03-30 22:57:00,0.0632179694624142
2019-03-30 23:00:00,0.08577363635902202
2019-03-30 23:03:00,-0.01369116432761075
2019-03-30 23:06:00,-0.0101028388834834
2019-03-30 23:09:00,0.1637011128548238
2019-03-30 23:12:00,0.08627491142942745
2019-03-30 23:15:00,0.15592246788327202
2019-03-30 23:18:00,0.15556174499550934
2019-03-30 23:21:00,0.1262742312135856
2019-03-30 23:24:00,0.0841413709073322
2019-03-30 23:27:00,0.10603412284137903
2019-03-30 23:30:00,0.1293018476483212
2019-03-30 23:33:00,0.04696077339082194
2019-03-30 23:36:00,0.03971114660475905
2019-03-30 23:39:00,0.07611260131210429
2019-03-30 23:42:00,0.016233536317258768
2019-03-30 23:45:00,0.08771707342270929
2019-03-30 23:48:00,0.06826916054200183
2019-03-30 23:51:00,0.050458508991880535
2019-03-30 23:54:00,0.035574689909651624
2019-03-30 23:57:00,0.18875936687533112
2019-03-31 00:00:00,0.148159724057507
2019-03-31 00:03:00,0.12911084977713472
2019-03-31 00:06:00,0.18358066655105176
2019-03-31 00:09:00,0.1280418540982282
2019-03-31 00:12:00,0.13765255237984775
2019-03-31 00:15:00,0.10918072378274246
2019-03-31 00:18:00,0.11696704020192783
2019-03-31 00:21:00,0.07520740236157053
2019-03-31 00:24:00,0.05805392745804738
2019-03-31 00:27:00,0.16627370127054064
2019-03-31 00:30:00,0.03459063797259887
2019-03-31 00:33:00,0.13769836385080225
2019-03-31 00:36:00,0.13816326798456657
2019-03-31 00:39:00,0.0550160456134563
2019-03-31 00:42:00,0.04999529852153728
2019-03-31 00:45:00,0.06365853394396481
2019-03-31 00:48:00,0.10037729666021278
2019-03-31 00:51:00,0.03452522832839122
2019-03-31 00:54:00,0.12967073651140026
2019-03-31 00:57:00,-0.03555043965934601
2019-03-31 01:00:00,-0.04142301388822034
2019-03-31 01:03:00,0.022811252203666754
2019-03-31 01:06:00,0.14735144225682006
2019-03-31 01:09:00,0.07765462028856973
2019-03-31 01:12:00,0.09931590884372099
2019-03-31 01:15:00,0.1335706170790445
2019-03-31 01:18:00,0.1430518957500908
2019-03-31 01:21:00,0.1177149987076973
2019-03-31 01:24:00,0.23341901001793985
2019-03-31 01:27:00,0.12250634468767885
2019-03-31 01:30:00,0.1424581793326638
2019-03-31 01:33:00,0.12821554948453695
2019-03-31 01:36:00,0.21974666593598613
2019-03-31 01:39:00,0.142938500815319
2019-03-31 01:42:00,0.1559704057572162
2019-03-31 01:45:00,0.1276313104785345
2019-03-31 01:48:00,0.1782957033706225
2019-03-31 01:51:00,0.16801742392431152
2019-03-31 01:54:00,0.24799381293865963
2019-03-31 01:57:00,0.2099512941259718
2019-03-31 02:00:00,0.1028481300828048
2019-03-31 02:03:00,0.23785816582397956
2019-03-31 02:06:00,0.09028761973291921
2019-03-31 02:09:00,0.15463141852768558
2019-03-31 02:12:00,0.1185483182021585
2019-03-31 02:15:00,0.17801505417469343
2019-03-31 02:18:00,0.1388891406319317
2019-03-31 02:21:00,0.1300779244947421
2019-03-31 02:24:00,0.14902462482046985
2019-03-31 02:27:00,0.05619116270474933
2019-03-31 02:30:00,0.09270203416701861
2019-03-31 02:33:00,0.16364460107649847
2019-03-31 02:36:00,0.20541151376181688
2019-03-31 02:39:00,0.29744994078663467
2019-03-31 02:42:00,0.20501252867069297
2019-03-31 02:45:00,0.21852227017097903
2019-03-31 02:48:00,0.18913053202186347
2019-03-31 02:51:00,0.14761803480075741
2019-03-31 02:54:00,0.14192437320122053
2019-03-31 02:57:00,0.09827422892198001
2019-03-31 03:00:00,0.14900461567452794
2019-03-31 03:03:00,0.16457613197889032
2019-03-31 03:06:00,0.12664789533278054
2019-03-31 03:09:00,0.11047450069384013
2019-03-31 03:12:00,0.15080847596459535
2019-03-31 03:15:00,0.14671303665920732
2019-03-31 03:18:00,0.05954872401116518
2019-03-31 03:21:00,0.1621502636814398
2019-03-31 03:24:00,0.03203030907820903
2019-03-31 03:27:00,0.15110775977774438
2019-03-31 03:30:00,0.12476662245353509
2019-03-31 03:33:00,0.20375487134379
2019-03-31 03:36:00,0.07027945785256406
2019-03-31 03:39:00,0.159192509397883
2019-03-31 03:42:00,0.2456557391154206
2019-03-31 03:45:00,0.2937247475007325
2019-03-31 03:48:00,0.15309161189037468
2019-03-31 03:51:00,0.20649132314707686
2019-03-31 03:54:00,0.3106710593241928
2019-03-31 03:57:00,0.10276753984919651
2019-03-31 04:00:00,0.28001992306894863
2019-03-31 04:03:00,0.19076910524620416
2019-03-31 04:06:00,0.38045229248683654
2019-03-31 04:09:00,0.2814819311286101
2019-03-31 04:12:00,0.26971150801847443
2019-03-31 04:15:00,0.23740892819034798
2019-03-31 04:18:00,0.37564221257702
2019-03-31 04:21:00,0.3250768450722603
2019-03-31 04:24:00,0.19672395839211276
2019-03-31 04:27:00,0.1744082827751754
2019-03-31 04:30:00,0.3202430762771087
2019-03-31 04:33:00,0.3121893150231472
2019-03-31 04:36:00,0.29243823174692807
2019-03-31 04:39:00,0.3082179033054331
2019-03-31 04:42:00,0.30980311952117745
2019-03-31 04:45:00,0.18697383562363257
2019-03-31 04:48:00,0.2715612154519249
2019-03-31 04:51:00,0.26059690347045716
2019-03-31 04:54:00,0.22062239794502148
2019-03-31 04:57:00,0.22168044560800126
2019-03-31 05:00:00,0.26262507976088045
2019-03-31 05:03:00,0.3090334158081305
2019-03-31 05:06:00,0.22319640939741703
2019-03-31 05:09:00,0.2949887536628353
2019-03-31 05:12:00,0.20681648644216466
2019-03-31 05:15:00,0.1778077835438694
2019-03-31 05:18:00,0.3226343324596428
2019-03-31 05:21:00,0.2245605491708602
2019-03-31 05:24:00,0.2633811676919322
2019-03-31 05:27:00,0.327497114858204
2019-03-31 05:30:00,0.25833745794869856
2019-03-31 05:33:00,0.30539560552324474
2019-03-31 05:36:00,0.32131052227811097
2019-03-31 05:39:00,0.2704771828706498
2019-03-31 05:42:00,0.32737733015460435
2019-03-31 05:45:00,0.29397502480748017
2019-03-31 05:48:00,0.34406253832071343
2019-03-31 05:51:00,0.12830729521800777
2019-03-31 05:54:00,0.3147695730150417
2019-03-31 05:57:00,0.25984954564188456
2019-03-31 06:00:00,0.31994091469823616
2019-03-31 06:03:00,0.37670732678441254
2019-03-31 06:06:00,0.39147057562456666
2019-03-31 06:09:00,0.2654463885852465
2019-03-31 06:12:00,0.37504515576773656
2019-03-31 06:15:00,0.3051987051741776
2019-03-31 06:18:00,0.35142576179725893
2019-03-31 06:21:00,0.3258690897195038
2019-03-31 06:24:00,0.2419945574962412
2019-03-31 06:27:00,0.3431356174815505
2019-03-31 06:30:00,0.29636118467396955
2019-03-31 06:33:00,0.24651252790624767
2019-03-31 06:36:00,0.27848901937232995
2019-03-31 06:39:00,0.24211534404361146
2019-03-31 06:42:00,0.35232555643415253
2019-03-31 06:45:00,0.3005641918454671
2019-03-31 06:48:00,0.3190718639818897
2019-03-31 06:51:00,0.22883346219498435
2019-03-31 06:54:00,0.24800556922764372
2019-03-31 06:57:00,0.2561462387554343
2019-03-31 07:00:00,0.2540949465679887
2019-03-31 07:03:00,0.23660581638199574
2019-03-31 07:06:00,0.34396217254129624
2019-03-31 07:09:00,0.27386310347725384
2019-03-31 07:12:00,0.32045773049560466
2019-03-31 07:15:00,0.28412365595852407
2019-03-31 07:18:00,0.2902063059970601
2019-03-31 07:21:00,0.2771866173005151
2019-03-31 07:24:00,0.23411600089696094
2019-03-31 07:27:00,0.21279327644481327
2019-03-31 07:30:00,0.26054131917277346
2019-03-31 07:33:00,0.22108790871129713
2019-03-31 07:36:00,0.2998461207469063
2019-03-31 07:39:00,0.2329792723859896
2019-03-31 07:42:00,0.30744395318822626
2019-03-31 07:45:00,0.17966616578371486
2019-03-31 07:48:00,0.18528236855445357
2019-03-31 07:51:00,0.15601407293462444
2019-03-31 07:54:00,0.19925997798162598
2019-03-31 07:57:00,0.21104327682905932
2019-03-31 08:00:00,0.18813851611713517
2019-03-31 08:03:00,0.152759638656903
2019-03-31 08:06:00,0.3187479323759703
2019-03-31 08:09:00,0.1783154666328528
2019-03-31 08:12:00,0.22418523559690584
2019-03-31 08:15:00,0.2041916678896314
2019-03-31 08:18:00,0.2076343267092966
2019-03-31 08:21:00,0.14387211757468776
2019-03-31 08:24:00,0.21503116818070112
2019-03-31 08:27:00,0.2590530658116563
2019-03-31 08:30:00,0.17624149092728203
2019-03-31 08:33:00,0.13613620254722036
2019-03-31 08:36:00,0.12588074252863635
2019-03-31 08:39:00,0.21869865170941694
2019-03-31 08:42:00,0.06330145677793553
2019-03-31 08:45:00,0.000481351708344846
2019-03-31 08:48:00,0.12500098345003607
2019-03-31 08:51:00,0.052124708424173605
2019-03-31 08:54:00,0.016696378509266196
2019-03-31 08:57:00,0.08749949002464064
2019-03-31 09:00:00,0.1357051699945373
2019-03-31 09:03:00,0.08444767432519029
2019-03-31 09:06:00,0.015378225506708532
2019-03-31 09:09:00,-0.030554720438260574
2019-03-31 09:12:00,-0.022213477388390857
2019-03-31 09:15:00,-0.07427956194396756
2019-03-31 09:18:00,-0.06746907598630969
2019-03-31 09:21:00,-0.11613577506165029
2019-03-31 09:24:00,-0.13996546179902225
2019-03-31 09:27:00,-0.007676373108324697
2019-03-31 09:30:00,-0.009480212874791505
2019-03-31 09:33:00,-0.11976193455058137
2019-03-31 09:36:00,-0.12184116708323245
2019-03-31 09:39:00,-0.10439135652831055
2019-03-31 09:42:00,-0.18379256801881638
2019-03-31 09:45:00,-0.14214063117992737
2019-03-31 09:48:00,-0.24054276568466548
2019-03-31 09:51:00,-0.20085820640633756
2019-03-31 09:54:00,-0.0831505075249197
2019-03-31 09:57:00,-0.1113091049940067
2019-03-31 10:00:00,-0.11813472270000602
2019-03-31 10:03:00,-0.14298247242254547
2019-03-31 10:06:00,-0.12150651055316075
2019-03-31 10:09:00,-0.21339432351692267
2019-03-31 10:12:00,-0.21055218290956645
2019-03-31 10:15:00,-0.13458461214037243
2019-03-31 10:18:00,-0.22381894640221844
2019-03-31 10:21:00,-0.2690683939185874
2019-03-31 10:24:00,-0.18228271091720671
2019-03-31 10:27:00,-0.28087511669178866
2019-03-31 10:30:00,-0.30166468680721437
2019-03-31 10:33:00,-0.2767286036528276
2019-03-31 10:36:00,-0.31560138473446386
2019-03-31 10:39:00,-0.2480477972730455
2019-03-31 10:42:00,-0.2894070502171644
2019-03-31 10:45:00,-0.31101656311597026
2019-03-31 10:48:00,-0.2787242002466428
2019-03-31 10:51:00,-0.15499371950068053
2019-03-31 10:54:00,-0.2996993425163055
2019-03-31 10:57:00,-0.27236242409321676
2019-03-31 11:00:00,-0.3396558748544294
2019-03-31 11:03:00,-0.3498837758517084
2019-03-31 11:06:00,-0.37943150486256627
2019-03-31 11:09:00,-0.3051262056592918
2019-03-31 11:12:00,-0.31666067201223314
2019-03-31 11:15:00,-0.44225198186950365
2019-03-31 11:18:00,-0.3376474921476529
2019-03-31 11:21:00,-0.31186536307882307
2019-03-31 11:24:00,-0.26081621861641224
2019-03-31 11:27:00,-0.4085023184551346
2019-03-31 11:30:00,-0.3594006684153328
2019-03-31 11:33:00,-0.3222061805470844
2019-03-31 11:36:00,-0.4392471122473012
2019-03-31 11:39:00,-0.27718354413946145
2019-03-31 11:42:00,-0.2452239835742489
2019-03-31 11:45:00,-0.3446336676718147
2019-03-31 11:48:00,-0.38137096545409577
2019-03-31 11:51:00,-0.28091752815578275
2019-03-31 11:54:00,-0.3419529461825732
2019-03-31 11:57:00,-0.3307037365981387
2019-03-31 12:00:00,-0.018215526461688114
2019-03-31 12:03:00,0.1370826793249762
2019-03-31 12:06:00,-0.149086272258387
2019-03-31 12:09:00,-0.25856568601005847
2019-03-31 12:12:00,-0.3524190628655788
2019-03-31 12:15:00,-0.46634767363912033
2019-03-31 12:18:00,-0.3680144653972093
2019-03-31 12:21:00,-0.3073053179799672
2019-03-31 12:24:00,-0.36413332084669037
2019-03-31 12:27:00,-0.4848092521403373
2019-03-31 12:30:00,-0.44848947531221484
2019-03-31 12:33:00,-0.29101340842220225
2019-03-31 12:36:00,-0.30809793225813564
2019-03-31 12:39:00,-0.11392094380931894
2019-03-31 12:42:00,0.02673512819478674
2019-03-31 12:45:00,-0.13875930205466602
2019-03-31 12:48:00,-0.3250098473387766
2019-03-31 12:51:00,-0.14778497646329924
2019-03-31 12:54:00,-0.08296552517191458
2019-03-31 12:57:00,-0.10031958909416971
2019-03-31 13:00:00,-0.06585434775149679
2019-03-31 13:03:00,-0.04142320711645198
2019-03-31 13:06:00,-0.21044460898809803
2019-03-31 13:09:00,-0.06097461848742114
2019-03-31 13:12:00,-0.058948302214901105
2019-03-31 13:15:00,0.0125190267830817
2019-03-31 13:18:00,-0.0020757436896587933
2019-03-31 13:21:00,-0.09376198363270305
2019-03-31 13:24:00,0.08850580278709685
2019-03-31 13:27:00,-0.010058601347509466
2019-03-31 13:30:00,0.006701804750832707
2019-03-31 13:33:00,0.060226378831202965
2019-03-31 13:36:00,0.11179190982352338
2019-03-31 13:39:00,-0.18120590447972518
2019-03-31 13:42:00,-0.2856367697180531
2019-03-31 13:45:00,-0.09465638083963768
2019-03-31 13:48:00,-0.17592301983506786
2019-03-31 13:51:00,-0.08740924538284389
2019-03-31 13:54:00,-0.2616239842580512
2019-03-31 13:57:00,-0.20292892639224647
2019-03-31 14:00:00,-0.13340557376636752
2019-03-31 14:03:00,-0.10400622082494237
2019-03-31 14:06:00,0.03603293006790409
2019-03-31 14:09:00,0.06758694495169948
2019-03-31 14:12:00,0.08451661549230494
2019-03-31 14:15:00,0.20074419534631716
2019-03-31 14:18:00,0.1688743736510787
2019-03-31 14:21:00,0.11478108529541942
2019-03-31 14:24:00,0.07438311557547195
2019-03-31 14:27:00,0.0004908388745548109
2019-03-31 14:30:00,0.008908283643734194
2019-03-31 14:33:00,-0.06000530478553401
2019-03-31 14:36:00,-0.08616421824410736
2019-03-31 14:39:00,0.0028885478348001925
2019-03-31 14:42:00,0.04475157215091485
2019-03-31 14:45:00,0.04506319325895447
2019-03-31 14:48:00,0.08992731851816416
2019-03-31 14:51:00,0.010999121270742762
2019-03-31 14:54:00,-0.02477659052232184
2019-03-31 14:57:00,-0.012420236897128234
2019-03-31 15:00:00,-0.12599649946378122
2019-03-31 15:03:00,0.025396285382612405
2019-03-31 15:06:00,-0.028531611544281077
2019-03-31 15:09:00,0.030845626887867184
2019-03-31 15:12:00,0.027427466569236003
2019-03-31 15:15:00,0.15244208727960995
2019-03-31 15:18:00,0.2207187424219228
2019-03-31 15:21:00,0.23801273413272384
2019-03-31 15:24:00,0.22034131469314389
2019-03-31 15:27:00,0.24015661467637983
2019-03-31 15:30:00,0.2010486776426319
2019-03-31 15:33:00,0.23013731767230183
2019-03-31 15:36:00,0.054346241128882866
2019-03-31 15:39:00,0.10820509648908683
2019-03-31 15:42:00,0.07079123320556846
2019-03-31 15:45:00,0.02999999427754574
2019-03-31 15:48:00,0.04952099440600932
2019-03-31 15:51:00,0.06279286613232671
2019-03-31 15:54:00,-0.08438097750251927
2019-03-31 15:57:00,-0.086300721737814
2019-03-31 16:00:00,0.034998197812626586
2019-03-31 16:03:00,-0.03664807474058307
2019-03-31 16:06:00,-0.05011884695983326
2019-03-31 16:09:00,-0.028401195847152394
2019-03-31 16:12:00,0.046208851280766794
2019-03-31 16:15:00,0.023599217954540563
2019-03-31 16:18:00,0.10011203062413188
2019-03-31 16:21:00,0.006746507550303704
2019-03-31 16:24:00,-0.05305922493772641
2019-03-31 16:27:00,0.019991693366137042
2019-03-31 16:30:00,-0.0051248450856746786
2019-03-31 16:33:00,-0.0902053441761268
2019-03-31 16:36:00,-0.10204422426136261
2019-03-31 16:39:00,-0.1803545206279864
2019-03-31 16:42:00,-0.13961832677495067
2019-03-31 16:45:00,-0.1899084265342026
2019-03-31 16:48:00,-0.13642544848863736
2019-03-31 16:51:00,-0.19928396070827148
2019-03-31 16:54:00,-0.1904911764668782
2019-03-31 16:57:00,-0.1085602084351649
2019-03-31 17:00:00,-0.08406562248421778
2019-03-31 17:03:00,-0.068402561722678
2019-03-31 17:06:00,-0.08261869941463829
2019-03-31 17:09:00,-0.11840287461149046
2019-03-31 17:12:00,-0.15232655237616655
2019-03-31 17:15:00,-0.13453272286432139
2019-03-31 17:18:00,-0.1948389182819028
2019-03-31 17:21:00,-0.24497014913254134
2019-03-31 17:24:00,-0.2785271112306873
2019-03-31 17:27:00,-0.07159157929322646
2019-03-31 17:30:00,-0.17833827338188257
2019-03-31 17:33:00,-0.07590530439370013
2019-03-31 17:36:00,-0.10731652781424827
2019-03-31 17:39:00,0.03028504546819022
2019-03-31 17:42:00,-0.08943537457241746
2019-03-31 17:45:00,-0.04427679390931871
2019-03-31 17:48:00,-0.15172536534225856
2019-03-31 17:51:00,0.0027394582347142205
2019-03-31 17:54:00,-0.11925207816574357
2019-03-31 17:57:00,-0.11047657599453942
2019-03-31 18:00:00,-0.14428311436739705
2019-03-31 18:03:00,-0.27174105826168216
2019-03-31 18:06:00,-0.15428358572887646
2019-03-31 18:09:00,-0.11914884743714538
2019-03-31 18:12:00,-0.19482617447573602
2019-03-31 18:15:00,0.002594719135458945
2019-03-31 18:18:00,-0.14707329208351894
2019-03-31 18:21:00,-0.0922369817182016
2019-03-31 18:24:00,-0.16631894735627384
2019-03-31 18:27:00,-0.14115351171523116
2019-03-31 18:30:00,-0.20255035026701762
2019-03-31 18:33:00,-0.15785557198785227
2019-03-31 18:36:00,-0.15759382543637912
2019-03-31 18:39:00,-0.12199626965565358
2019-03-31 18:42:00,-0.10813795851510122
2019-03-31 18:45:00,-0.1206411606739266
2019-03-31 18:48:00,-0.16755418024536084
2019-03-31 18:51:00,-0.19935301557137564
2019-03-31 18:54:00,
2019-03-31 18:57:00,
2019-03-31 19:00:00,
2019-03-31 19:03:00,-0.1494318766754077
2019-03-31 19:06:00,-0.10615101536689053
2019-03-31 19:09:00,-0.08885440594133343
2019-03-31 19:12:00,0.11082505833269352
2019-03-31 19:15:00,0.06864884681402827
2019-03-31 19:18:00,0.06202085900366683
2019-03-31 19:21:00,-0.0734995806515144
2019-03-31 19:24:00,0.023962318736664656
2019-03-31 19:27:00,0.10724658567386314
2019-03-31 19:30:00,0.043460210527030085
2019-03-31 19:33:00,-0.005862880364020384
2019-03-31 19:36:00,-0.07310808984982486
2019-03-31 19:39:00,-0.10502933027896688
2019-03-31 19:42:00,-0.024928691055777108
2019-03-31 19:45:00,-0.10803058514534314
2019-03-31 19:48:00,-0.08031919733628001
2019-03-31 19:51:00,0.02735703887424279
2019-03-31 19:54:00,-0.01608771860850311
2019-03-31 19:57:00,-0.13603312219441932
2019-03-31 20:00:00,-0.10781746454574659
2019-03-31 20:03:00,-0.011695786681571008
2019-03-31 20:06:00,-0.0958512662823523
2019-03-31 20:09:00,-0.04006022959117672
2019-03-31 20:12:00,-0.14439735584807067
2019-03-31 20:15:00,0.01899776119313401
2019-03-31 20:18:00,-0.07487503982389399
2019-03-31 20:21:00,0.021307589135005855
2019-03-31 20:24:00,-0.09484085980687951
2019-03-31 20:27:00,-0.10143469512416914
2019-03-31 20:30:00,-0.07724451583737846
2019-03-31 20:33:00,-0.05693368852718095
2019-03-31 20:36:00,-0.0756689375562587
2019-03-31 20:39:00,-0.08679230515423342
2019-03-31 20:42:00,-0.08033357296937993
2019-03-31 20:45:00,-0.11692487543825791
2019-03-31 20:48:00,-0.07353552120457607
2019-03-31 20:51:00,-0.19376151029160837
2019-03-31 20:54:00,-0.08092609003620055
2019-03-31 20:57:00,-0.1767693573114002
2019-03-31 21:00:00,-0.16310277933644102
2019-03-31 21:03:00,-0.1102923550174637
2019-03-31 21:06:00,-0.1086145799940823
2019-03-31 21:09:00,-0.0506272596777535
2019-03-31 21:12:00,-0.04355611684263749
2019-03-31 21:15:00,0.023358375796703967
2019-03-31 21:18:00,-0.09176727287103859
2019-03-31 21:21:00,0.07638144339517794
2019-03-31 21:24:00,-0.004940241859628713
2019-03-31 21:27:00,-0.044846931990377925
2019-03-31 21:30:00,-0.10746248695932081
2019-03-31 21:33:00,-0.003811064163528499
2019-03-31 21:36:00,-0.09113702506544996
2019-03-31 21:39:00,-0.09032264074943441
2019-03-31 21:42:00,-0.2003817611988552
2019-03-31 21:45:00,-0.09154327769635984
2019-03-31 21:48:00,-0.13444075586875215
2019-03-31 21:51:00,-0.05371056781547168
2019-03-31 21:54:00,-0.07396318933706425
2019-03-31 21:57:00,-0.07814529547789562
2019-03-31 22:00:00,-0.12889984625377338
2019-03-31 22:03:00,-0.0453931697905432
2019-03-31 22:06:00,-0.11467258258920765
2019-03-31 22:09:00,-0.0339348989613768
2019-03-31 22:12:00,-0.10309311932763876
2019-03-31 22:15:00,0.06946858581693505
2019-03-31 22:18:00,-0.0971295667976051
2019-03-31 22:21:00,0.16050884440511481
2019-03-31 22:24:00,-0.029212822661179416
2019-03-31 22:27:00,0.12020566345842099
2019-03-31 22:30:00,0.09656643944873622
2019-03-31 22:33:00,0.06891562140907581
2019-03-31 22:36:00,0.022345869345087976
2019-03-31 22:39:00,0.03610817689815349
2019-03-31 22:42:00,-0.056494620881494484
2019-03-31 22:45:00,-0.05667094851742149
2019-03-31 22:48:00,-0.056523308740622724
2019-03-31 22:51:00,0.10960923197728789
2019-03-31 22:54:00,-0.018219975208637607
2019-03-31 22:57:00,-0.09365212908613785
2019-03-31 23:00:00,0.02335959234096663
2019-03-31 23:03:00,-0.10931657526464278
2019-03-31 23:06:00,0.025933085710619252
2019-03-31 23:09:00,-0.004807563519307223
2019-03-31 23:12:00,-0.07355384379167162
2019-03-31 23:15:00,0.06366053267231564
2019-03-31 23:18:00,0.04632302700974833
2019-03-31 23:21:00,-0.055791267565439284
2019-03-31 23:24:00,-0.06409158704383344
2019-03-31 23:27:00,-0.08984574141817347
2019-03-31 23:30:00,0.07865370843143182
2019-03-31 23:33:00,0.08393479254402791
2019-03-31 23:36:00,0.18618164532500714
2019-03-31 23:39:00,0.06402485493049426
2019-03-31 23:42:00,0.03437459882127314
2019-03-31 23:45:00,0.022653249063523617
2019-03-31 23:48:00,0.0034339010994699493
2019-03-31 23:51:00,0.08149648485931493
2019-03-31 23:54:00,0.10193047175351921
2019-03-31 23:57:00,0.15863145907320586
2019-04-01 00:00:00,0.09404022014007296
2019-04-01 00:03:00,0.023631820381012858
2019-04-01 00:06:00,-0.14632024384081888
2019-04-01 00:09:00,-0.06567532141292531
2019-04-01 00:12:00,-0.013094320141419757
2019-04-01 00:15:00,0.055525843655573226
2019-04-01 00:18:00,0.1255178439756719
2019-04-01 00:21:00,0.11831812637490202
2019-04-01 00:24:00,0.15164466080295824
2019-04-01 00:27:00,0.16935340584893765
2019-04-01 00:30:00,0.2039009532047089
2019-04-01 00:33:00,0.1474330693954471
2019-04-01 00:36:00,0.08204805153928874
2019-04-01 00:39:00,0.21261191556806125
2019-04-01 00:42:00,0.14591473337850402
2019-04-01 00:45:00,0.2005282894941729
2019-04-01 00:48:00,0.2330120954372319
2019-04-01 00:51:00,0.18996997447328567
2019-04-01 00:54:00,0.2749229865478924
2019-04-01 00:57:00,0.21518748360398376
2019-04-01 01:00:00,0.3050811500936561
2019-04-01 01:03:00,0.1986780119717082
2019-04-01 01:06:00,0.17948782149210274
2019-04-01 01:09:00,0.23081035387389193
2019-04-01 01:12:00,0.23022040784712772
2019-04-01 01:15:00,0.2657018765484622
2019-04-01 01:18:00,0.2792443584226021
2019-04-01 01:21:00,0.327700964630651
2019-04-01 01:24:00,0.34601810718879733
2019-04-01 01:27:00,0.37496073785223416
2019-04-01 01:30:00,0.3758037352182555
2019-04-01 01:33:00,0.4030223696513531
2019-04-01 01:36:00,0.3351910576095065
2019-04-01 01:39:00,0.35617465586818753
2019-04-01 01:42:00,0.3632138522586388
2019-04-01 01:45:00,0.4044421354663541
2019-04-01 01:48:00,0.24593809431127056
2019-04-01 01:51:00,0.3445758061682227
2019-04-01 01:54:00,0.36272468362000154
2019-04-01 01:57:00,0.34006738619342514
2019-04-01 02:00:00,0.34422472898211254
2019-04-01 02:03:00,0.3727510551502746
2019-04-01 02:06:00,0.436838236674987
2019-04-01 02:09:00,0.3652151641036312
2019-04-01 02:12:00,0.3643980906633715
2019-04-01 02:15:00,0.3583707951259498
2019-04-01 02:18:00,0.3594727688673629
2019-04-01 02:21:00,0.36351501846473866
2019-04-01 02:24:00,0.39512498071815116
2019-04-01 02:27:00,0.3955859143014777
2019-04-01 02:30:00,0.3522378107211921
2019-04-01 02:33:00,0.3385944573857387
2019-04-01 02:36:00,0.4249514378912522
2019-04-01 02:39:00,0.30063547318712835
2019-04-01 02:42:00,0.37406442425441355
2019-04-01 02:45:00,0.40985570381207026
2019-04-01 02:48:00,0.33599985888878336
2019-04-01 02:51:00,0.303887058762939
2019-04-01 02:54:00,0.2265574530883896
2019-04-01 02:57:00,0.3569733842793994
2019-04-01 03:00:00,0.3655222371016862
2019-04-01 03:03:00,0.35897193686344053
2019-04-01 03:06:00,0.4413424323981303
2019-04-01 03:09:00,0.3861429524557707
2019-04-01 03:12:00,0.4669747380376066
2019-04-01 03:15:00,0.3998977962538106
2019-04-01 03:18:00,0.3053329282466848
2019-04-01 03:21:00,0.37218707796972694
2019-04-01 03:24:00,0.36779057854312214
2019-04-01 03:27:00,0.3721126341003469
2019-04-01 03:30:00,0.42399470228286873
2019-04-01 03:33:00,0.3719093515339864
2019-04-01 03:36:00,0.4163112787840646
2019-04-01 03:39:00,0.36191923734912734
2019-04-01 03:42:00,0.24306871990540913
2019-04-01 03:45:00,0.40410425128300176
2019-04-01 03:48:00,0.26832678004979016
2019-04-01 03:51:00,0.3071445546814857
2019-04-01 03:54:00,0.4188521453510248
2019-04-01 03:57:00,0.385444606502233
2019-04-01 04:00:00,0.4144545584263142
2019-04-01 04:03:00,0.3107649735588325
2019-04-01 04:06:00,0.4071961225450309
2019-04-01 04:09:00,0.38584269695809326
2019-04-01 04:12:00,0.40481548191519323
2019-04-01 04:15:00,0.42630210119182266
2019-04-01 04:18:00,0.4602205318599317
2019-04-01 04:21:00,0.37548925588941984
2019-04-01 04:24:00,0.40665743364843365
2019-04-01 04:27:00,0.42715743459012856
2019-04-01 04:30:00,0.3225606244239998
2019-04-01 04:33:00,0.3497039837370721
2019-04-01 04:36:00,0.37174776395431763
2019-04-01 04:39:00,0.4254004079876381
2019-04-01 04:42:00,0.40547144920213896
2019-04-01 04:45:00,0.38084722955932193
2019-04-01 04:48:00,0.37529471783187773
2019-04-01 04:51:00,0.4666347296778781
2019-04-01 04:54:00,0.4048388141999908
2019-04-01 04:57:00,0.431202191908028
2019-04-01 05:00:00,0.38392120525554674
2019-04-01 05:03:00,0.4555825043845516
2019-04-01 05:06:00,0.4471449382074866
2019-04-01 05:09:00,0.4471568810765234
2019-04-01 05:12:00,0.45488174293132033
2019-04-01 05:15:00,0.3843247005586363
2019-04-01 05:18:00,0.4157096908475637
2019-04-01 05:21:00,0.3674899593656846
2019-04-01 05:24:00,0.35290118746507915
2019-04-01 05:27:00,0.41711061595526644
2019-04-01 05:30:00,0.46564480195030455
2019-04-01 05:33:00,0.399042700166774
2019-04-01 05:36:00,0.4369541387083018
2019-04-01 05:39:00,0.40119424300741
2019-04-01 05:42:00,0.4987798014478244
2019-04-01 05:45:00,0.5945554861559685
2019-04-01 05:48:00,0.5538774563694346
2019-04-01 05:51:00,0.5182573859449917
2019-04-01 05:54:00,0.5182738898713524
2019-04-01 05:57:00,0.5080820173129723
2019-04-01 06:00:00,0.3983767095621715
2019-04-01 06:03:00,0.4872347044376397
2019-04-01 06:06:00,0.4798052311351739
2019-04-01 06:09:00,0.4398813279317437
2019-04-01 06:12:00,0.38859943664442653
2019-04-01 06:15:00,0.378784084617223
2019-04-01 06:18:00,0.4294085633219993
2019-04-01 06:21:00,0.5127420669030016
2019-04-01 06:24:00,0.4319836387175542
2019-04-01 06:27:00,0.5042490825267123
2019-04-01 06:30:00,0.4162181226786288
2019-04-01 06:33:00,0.3759658214596584
2019-04-01 06:36:00,0.4318063405147541
2019-04-01 06:39:00,0.4846537363246739
2019-04-01 06:42:00,0.48410113048709036
2019-04-01 06:45:00,0.44776270717272837
2019-04-01 06:48:00,0.4039508934938567
2019-04-01 06:51:00,0.447513914945489
2019-04-01 06:54:00,0.4421872836310854
2019-04-01 06:57:00,0.46999406678355626
2019-04-01 07:00:00,0.4062339216843043
2019-04-01 07:03:00,0.420139168376636
2019-04-01 07:06:00,0.37728765712461154
2019-04-01 07:09:00,0.35075422570605497
2019-04-01 07:12:00,0.5170859236739602
2019-04-01 07:15:00,0.38780837350776665
2019-04-01 07:18:00,0.45276703332831403
2019-04-01 07:21:00,0.4360129963345116
2019-04-01 07:24:00,0.47421960445450395
2019-04-01 07:27:00,0.4104196377379594
2019-04-01 07:30:00,0.38122696323932814
2019-04-01 07:33:00,0.34479936912259745
2019-04-01 07:36:00,0.4163989377718167
2019-04-01 07:39:00,0.39780712853485056
2019-04-01 07:42:00,0.47832785591151605
2019-04-01 07:45:00,0.382258900557531
2019-04-01 07:48:00,0.4029839713757042
2019-04-01 07:51:00,0.3755051733487562
2019-04-01 07:54:00,0.39310383007591554
2019-04-01 07:57:00,0.4204206164349671
2019-04-01 08:00:00,0.4103376511784518
2019-04-01 08:03:00,0.37506326735581297
2019-04-01 08:06:00,0.48990323636689936
2019-04-01 08:09:00,0.3783982988270509
2019-04-01 08:12:00,0.3787741605357837
2019-04-01 08:15:00,0.36566996970913124
2019-04-01 08:18:00,0.35384460410165275
2019-04-01 08:21:00,0.37361845244606684
2019-04-01 08:24:00,0.2912693697321629
2019-04-01 08:27:00,0.3102896434045874
2019-04-01 08:30:00,0.45963578054312393
2019-04-01 08:33:00,0.4600501835927844
2019-04-01 08:36:00,0.45054488195535214
2019-04-01 08:39:00,0.39344930490580055
2019-04-01 08:42:00,0.38824813879477915
2019-04-01 08:45:00,0.41598269403408494
2019-04-01 08:48:00,0.3009214588300324
2019-04-01 08:51:00,0.3553171729449218
2019-04-01 08:54:00,0.3014379558206315
2019-04-01 08:57:00,0.28432301412965444
2019-04-01 09:00:00,0.23609515604488251
2019-04-01 09:03:00,0.30757311247680263
2019-04-01 09:06:00,0.23545236749765763
2019-04-01 09:09:00,0.24404239069241385
2019-04-01 09:12:00,0.2608068838824238
2019-04-01 09:15:00,0.2328503270056217
2019-04-01 09:18:00,0.24081839655701742
2019-04-01 09:21:00,0.3047085590919778
2019-04-01 09:24:00,0.3412433886718418
2019-04-01 09:27:00,0.17801605927274977
2019-04-01 09:30:00,0.2319723371302871
2019-04-01 09:33:00,0.19444397471920638
2019-04-01 09:36:00,0.2275983701680957
2019-04-01 09:39:00,0.19064373043380556
2019-04-01 09:42:00,0.17667706008342066
2019-04-01 09:45:00,0.2177957023996555
2019-04-01 09:48:00,0.2667817000777859
2019-04-01 09:51:00,0.20637579733846678
2019-04-01 09:54:00,0.2502719689031778
2019-04-01 09:57:00,0.17389139381856467
2019-04-01 10:00:00,0.19340871452021702
2019-04-01 10:03:00,0.2611942765860249
2019-04-01 10:06:00,0.235721285658542
2019-04-01 10:09:00,0.20074871634426472
2019-04-01 10:12:00,0.24339158321487275
2019-04-01 10:15:00,0.18650460829439908
2019-04-01 10:18:00,0.20008511148353136
2019-04-01 10:21:00,0.1620981861245241
2019-04-01 10:24:00,0.20038531092501444
2019-04-01 10:27:00,0.13575788330092564
2019-04-01 10:30:00,0.13073212875792706
2019-04-01 10:33:00,0.16699480091671148
2019-04-01 10:36:00,0.10305980292775985
2019-04-01 10:39:00,0.13655734257616814
2019-04-01 10:42:00,0.03141874045741133
2019-04-01 10:45:00,0.07881552726638574
2019-04-01 10:48:00,0.043556144083538584
2019-04-01 10:51:00,0.05553601929722163
2019-04-01 10:54:00,0.09595947151467499
2019-04-01 10:57:00,0.08251919869246649
2019-04-01 11:00:00,-0.0034774633616052597
2019-04-01 11:03:00,0.06454352453579304
2019-04-01 11:06:00,0.02920011846686066
2019-04-01 11:09:00,0.089790493695034
2019-04-01 11:12:00,0.07530369923523494
2019-04-01 11:15:00,0.02938231439242145
2019-04-01 11:18:00,-0.011762252368669124
2019-04-01 11:21:00,0.0755223835377592
2019-04-01 11:24:00,-0.05584817476017179
2019-04-01 11:27:00,0.01222556605750924
2019-04-01 11:30:00,0.031165024473978065
2019-04-01 11:33:00,-0.028683532760112485
2019-04-01 11:36:00,0.025980504730455323
2019-04-01 11:39:00,0.043036724600767684
2019-04-01 11:42:00,-0.031081379435647705
2019-04-01 11:45:00,-0.0386502811321634
2019-04-01 11:48:00,0.011282179962677219
2019-04-01 11:51:00,-0.05108814213832602
2019-04-01 11:54:00,0.032588215829207456
2019-04-01 11:57:00,0.025434329377731046
2019-04-01 12:00:00,0.49615847318102624
2019-04-01 12:03:00,0.01821590342649415
2019-04-01 12:06:00,0.22135736826305674
2019-04-01 12:09:00,0.05917039581368044
2019-04-01 12:12:00,-0.14749861468931158
2019-04-01 12:15:00,-0.15497048415113568
2019-04-01 12:18:00,-0.1619206711256993
2019-04-01 12:21:00,-0.12665045889735893
2019-04-01 12:24:00,-0.15765922136904464
2019-04-01 12:27:00,-0.28397053833680275
2019-04-01 12:30:00,-0.1865995240040661
2019-04-01 12:33:00,-0.23738254831800987
2019-04-01 12:36:00,-0.2192877720236197
2019-04-01 12:39:00,-0.20164229848745663
2019-04-01 12:42:00,-0.2703326264647785
2019-04-01 12:45:00,-0.3562660751659905
2019-04-01 12:48:00,-0.2530064481129557
2019-04-01 12:51:00,-0.27136262494974517
2019-04-01 12:54:00,0.21959539211377432
2019-04-01 12:57:00,0.4677883986208258
2019-04-01 13:00:00,0.30309702122900717
2019-04-01 13:03:00,0.10361719879261955
2019-04-01 13:06:00,0.08589832452247492
2019-04-01 13:09:00,0.15401513130467492
2019-04-01 13:12:00,-0.028867672025853608
2019-04-01 13:15:00,-0.0742211462733735
2019-04-01 13:18:00,0.008514411608757655
2019-04-01 13:21:00,0.05322476852751379
2019-04-01 13:24:00,-0.002284095190134394
2019-04-01 13:27:00,0.07111678113125208
2019-04-01 13:30:00,0.009359231649341382
2019-04-01 13:33:00,0.10963900241881674
2019-04-01 13:36:00,0.1467157081860364
2019-04-01 13:39:00,0.0717998490981131
2019-04-01 13:42:00,0.0761209840913466
2019-04-01 13:45:00,0.09500253826428207
2019-04-01 13:48:00,0.09358364410883269
2019-04-01 13:51:00,0.13368319110321636
2019-04-01 13:54:00,0.0878438760098561
2019-04-01 13:57:00,-0.00013190975130328297
2019-04-01 14:00:00,0.06974536783258145
2019-04-01 14:03:00,0.047496162056290814
2019-04-01 14:06:00,0.19241039118855952
2019-04-01 14:09:00,0.13909991292695167
2019-04-01 14:12:00,0.025587320545184866
2019-04-01 14:15:00,0.0872642315706571
2019-04-01 14:18:00,0.0769600464198561
2019-04-01 14:21:00,0.024967532341861443
2019-04-01 14:24:00,-0.026800031443542593
2019-04-01 14:27:00,0.061481674618050874
2019-04-01 14:30:00,0.03897174705787165
2019-04-01 14:33:00,-0.00023128171540065523
2019-04-01 14:36:00,0.06239604356420614
2019-04-01 14:39:00,-0.03188680594797688
2019-04-01 14:42:00,-0.13791103845687758
2019-04-01 14:45:00,-0.18031822711350287
2019-04-01 14:48:00,-0.04043476223807829
2019-04-01 14:51:00,0.008315687876574884
2019-04-01 14:54:00,-0.07930346284064171
2019-04-01 14:57:00,-0.0004624723126767094
2019-04-01 15:00:00,0.0629359010454209
2019-04-01 15:03:00,0.2613222660879728
2019-04-01 15:06:00,0.4134066997231116
2019-04-01 15:09:00,0.27246139289746907
2019-04-01 15:12:00,0.12102024608066131
2019-04-01 15:15:00,0.1522048584940876
2019-04-01 15:18:00,0.24160122679467122
2019-04-01 15:21:00,0.1095845900535437
2019-04-01 15:24:00,0.066024922119027
2019-04-01 15:27:00,0.19709345976400527
2019-04-01 15:30:00,0.10798096846281169
2019-04-01 15:33:00,0.20451525094404133
2019-04-01 15:36:00,0.20110066022721185
2019-04-01 15:39:00,0.23563460530101565
2019-04-01 15:42:00,0.1490018597722269
2019-04-01 15:45:00,0.07800198512751422
2019-04-01 15:48:00,0.003652014791327929
2019-04-01 15:51:00,0.09912388676355022
2019-04-01 15:54:00,0.028299275918016065
2019-04-01 15:57:00,0.10408830144984904
2019-04-01 16:00:00,0.11025771234045578
2019-04-01 16:03:00,0.08500095992275192
2019-04-01 16:06:00,0.16996425641912083
2019-04-01 16:09:00,0.10258622303030052
2019-04-01 16:12:00,-0.03614323701754074
2019-04-01 16:15:00,0.08337115270569484
2019-04-01 16:18:00,0.06702055570644916
2019-04-01 16:21:00,0.0459924821687423
2019-04-01 16:24:00,0.12471269099643223
2019-04-01 16:27:00,0.08174752235834148
2019-04-01 16:30:00,0.10349211005791403
2019-04-01 16:33:00,0.10616688702361898
2019-04-01 16:36:00,-0.06398359822395605
2019-04-01 16:39:00,0.10832766321163945
2019-04-01 16:42:00,-0.0738654755472794
2019-04-01 16:45:00,0.009162814562557742
2019-04-01 16:48:00,0.14877530315845888
2019-04-01 16:51:00,-0.02359564026608041
2019-04-01 16:54:00,0.09028564570377284
2019-04-01 16:57:00,-0.014353348600934623
2019-04-01 17:00:00,-0.03758357911209487
2019-04-01 17:03:00,-0.0228154071533595
2019-04-01 17:06:00,-0.07317020087157289
2019-04-01 17:09:00,-0.10626164176318298
2019-04-01 17:12:00,-0.16934839294913218
2019-04-01 17:15:00,-0.10394709572267402
2019-04-01 17:18:00,-0.04873137117812121
2019-04-01 17:21:00,0.17207365785577622
2019-04-01 17:24:00,0.3373079895625892
2019-04-01 17:27:00,0.39931402418659445
2019-04-01 17:30:00,0.30837899374637345
2019-04-01 17:33:00,0.2259226327835222
2019-04-01 17:36:00,0.19195001585779892
2019-04-01 17:39:00,0.20327246783483588
2019-04-01 17:42:00,0.09564847476633531
2019-04-01 17:45:00,0.05643609973463981
2019-04-01 17:48:00,0.0581146971551334
2019-04-01 17:51:00,-0.009994749420854987
2019-04-01 17:54:00,-0.013019780749857546
2019-04-01 17:57:00,-9.984303005694528e-06
2019-04-01 18:00:00,0.08603122321073897
2019-04-01 18:03:00,0.17798671041862235
2019-04-01 18:06:00,0.31291870168860214
2019-04-01 18:09:00,0.2714682033818008
2019-04-01 18:12:00,0.2842709556952059
2019-04-01 18:15:00,0.4234662154550506
2019-04-01 18:18:00,0.38324896552580867
2019-04-01 18:21:00,0.45219563523562556
2019-04-01 18:24:00,0.279716378022556
2019-04-01 18:27:00,0.1850312965762555
2019-04-01 18:30:00,0.07912426960245966
2019-04-01 18:33:00,0.17635308551120943
2019-04-01 18:36:00,0.13482956615155217
2019-04-01 18:39:00,0.24483119082327676
2019-04-01 18:42:00,0.3961885534692442
2019-04-01 18:45:00,0.35382952999242434
2019-04-01 18:48:00,0.3425081964344372
2019-04-01 18:51:00,0.6392971581555571
2019-04-01 18:54:00,
2019-04-01 18:57:00,
2019-04-01 19:00:00,
2019-04-01 19:03:00,0.6577739603874306
2019-04-01 19:06:00,0.7276348644583663
2019-04-01 19:09:00,0.7664721844057567
2019-04-01 19:12:00,0.5915328119416472
2019-04-01 19:15:00,0.42888108262451397
2019-04-01 19:18:00,0.43839910938123694
2019-04-01 19:21:00,0.4003547823523377
2019-04-01 19:24:00,0.3905741114500074
2019-04-01 19:27:00,0.36324116881121427
2019-04-01 19:30:00,0.3588196962179495
2019-04-01 19:33:00,0.3577001615531117
2019-04-01 19:36:00,0.3345879615650915
2019-04-01 19:39:00,0.4996886828008087
2019-04-01 19:42:00,0.554640612644107
2019-04-01 19:45:00,0.58674890527152
2019-04-01 19:48:00,0.47052524215376934
2019-04-01 19:51:00,0.5129116292750382
2019-04-01 19:54:00,0.4453239874117685
2019-04-01 19:57:00,0.4474857438996196
2019-04-01 20:00:00,0.258452186720433
2019-04-01 20:03:00,0.2620497443937211
2019-04-01 20:06:00,0.13170641957248108
2019-04-01 20:09:00,0.1546087622758705
2019-04-01 20:12:00,0.33053596063786017
2019-04-01 20:15:00,0.2677860023410972
2019-04-01 20:18:00,0.32598682922065336
2019-04-01 20:21:00,0.2809270904455161
2019-04-01 20:24:00,0.38516312549484155
2019-04-01 20:27:00,0.3396915530300362
2019-04-01 20:30:00,0.4317524410329838
2019-04-01 20:33:00,0.3535617168388967
2019-04-01 20:36:00,0.37108963672829987
2019-04-01 20:39:00,0.31626087123618163
2019-04-01 20:42:00,0.5260019703463286
2019-04-01 20:45:00,0.3586273071366577
2019-04-01 20:48:00,0.3812567246973799
2019-04-01 20:51:00,0.4536476982231079
2019-04-01 20:54:00,0.36359152471283096
2019-04-01 20:57:00,0.2624685991857518
2019-04-01 21:00:00,0.2749541051727533
2019-04-01 21:03:00,0.3042009723462229
2019-04-01 21:06:00,0.33123664081961124
2019-04-01 21:09:00,0.3421855192651151
2019-04-01 21:12:00,0.4409186666271694
2019-04-01 21:15:00,0.5409622289328695
2019-04-01 21:18:00,0.49013041398558244
2019-04-01 21:21:00,0.4556820182529009
2019-04-01 21:24:00,0.47992248431063445
2019-04-01 21:27:00,0.48059878340029627
2019-04-01 21:30:00,0.48851181110615016
2019-04-01 21:33:00,0.4880336060062973
2019-04-01 21:36:00,0.47658345014656334
2019-04-01 21:39:00,0.4513041817516523
2019-04-01 21:42:00,0.3893267325840384
2019-04-01 21:45:00,0.35868044665920706
2019-04-01 21:48:00,0.47417507547788773
2019-04-01 21:51:00,0.39679509182445827
2019-04-01 21:54:00,0.41456922291001774
2019-04-01 21:57:00,0.3923315871990667
2019-04-01 22:00:00,0.36918461942531167
2019-04-01 22:03:00,0.33015807277053
2019-04-01 22:06:00,0.4345011532831222
2019-04-01 22:09:00,0.38988727441233095
2019-04-01 22:12:00,0.35683121480184354
2019-04-01 22:15:00,0.4083904264076068
2019-04-01 22:18:00,0.42833127443356034
2019-04-01 22:21:00,0.4278925974707022
2019-04-01 22:24:00,0.47221722513540954
2019-04-01 22:27:00,0.46561352340370377
2019-04-01 22:30:00,0.5347318772531935
2019-04-01 22:33:00,0.5098622503693377
2019-04-01 22:36:00,0.4361715621914186
2019-04-01 22:39:00,0.4390966877218716
2019-04-01 22:42:00,0.39487522610983206
2019-04-01 22:45:00,0.3815793170206234
2019-04-01 22:48:00,0.3741063857265772
2019-04-01 22:51:00,0.4017427618317697
2019-04-01 22:54:00,0.3655841782159541
2019-04-01 22:57:00,0.3383940455431116
2019-04-01 23:00:00,0.3624444959655193
2019-04-01 23:03:00,0.40625200569246545
2019-04-01 23:06:00,0.30831429887842887
2019-04-01 23:09:00,0.3303630763633123
2019-04-01 23:12:00,0.3022945062292024
2019-04-01 23:15:00,0.3959227266680614
2019-04-01 23:18:00,0.3568576746581016
2019-04-01 23:21:00,0.49150295508945874
2019-04-01 23:24:00,0.534331949836826
2019-04-01 23:27:00,0.5981283001416955
2019-04-01 23:30:00,0.5946441786052219
2019-04-01 23:33:00,0.6021403712250049
2019-04-01 23:36:00,0.5675210215064794
2019-04-01 23:39:00,0.5282937765956603
2019-04-01 23:42:00,0.5509805794536646
2019-04-01 23:45:00,0.5902788550100695
2019-04-01 23:48:00,0.4900862325793014
2019-04-01 23:51:00,0.4495817973991052
2019-04-01 23:54:00,0.4074097661965652
2019-04-01 23:57:00,0.4049235777648619
2019-04-02 00:00:00,0.3994975316148839
2019-04-02 00:03:00,0.3500416499842345
2019-04-02 00:06:00,0.2660887027224703
2019-04-02 00:09:00,0.24711832428130265
2019-04-02 00:12:00,0.31638636179764035
2019-04-02 00:15:00,0.24946473597594832
2019-04-02 00:18:00,0.31542472951332456
2019-04-02 00:21:00,0.286077037434211
2019-04-02 00:24:00,0.2736067366764132
2019-04-02 00:27:00,0.275477876639286
2019-04-02 00:30:00,0.2759657230192829
2019-04-02 00:33:00,0.2821169754921584
2019-04-02 00:36:00,0.25784132944693283
2019-04-02 00:39:00,0.37569586370119623
2019-04-02 00:42:00,0.1973420644616226
2019-04-02 00:45:00,0.26920400700589653
2019-04-02 00:48:00,0.28925616006620203
2019-04-02 00:51:00,0.328187615978095
2019-04-02 00:54:00,0.3191775153579215
2019-04-02 00:57:00,0.2448178977142561
2019-04-02 01:00:00,0.26735140871380736
2019-04-02 01:03:00,0.37129565168220324
2019-04-02 01:06:00,0.30817328395608
2019-04-02 01:09:00,0.2655563940040224
2019-04-02 01:12:00,0.2040137289434938
2019-04-02 01:15:00,0.3414965642433003
2019-04-02 01:18:00,0.47032183103578973
2019-04-02 01:21:00,0.2626838157297584
2019-04-02 01:24:00,0.3538136560625844
2019-04-02 01:27:00,0.27010787491536803
2019-04-02 01:30:00,0.31307063237483135
2019-04-02 01:33:00,0.37461884921901856
2019-04-02 01:36:00,0.4327360340690234
2019-04-02 01:39:00,0.30871142365975857
2019-04-02 01:42:00,0.41755418158231805
2019-04-02 01:45:00,0.3894193556947698
2019-04-02 01:48:00,0.23437367373435336
2019-04-02 01:51:00,0.4024763783283447
2019-04-02 01:54:00,0.2982454016506608
2019-04-02 01:57:00,0.3724891429036461
2019-04-02 02:00:00,0.3703340009263343
2019-04-02 02:03:00,0.3371007828620236
2019-04-02 02:06:00,0.3455306278672765
2019-04-02 02:09:00,0.3643428387815675
2019-04-02 02:12:00,0.36507130440082847
2019-04-02 02:15:00,0.3265611746813306
2019-04-02 02:18:00,0.3588929038831452
2019-04-02 02:21:00,0.3231329885906007
2019-04-02 02:24:00,0.3347174031436566
2019-04-02 02:27:00,0.3793626336437228
2019-04-02 02:30:00,0.33696901995602957
2019-04-02 02:33:00,0.31737862233842407
2019-04-02 02:36:00,0.30348924065799565
2019-04-02 02:39:00,0.2683479105684228
2019-04-02 02:42:00,0.3542105898219461
2019-04-02 02:45:00,0.21197328957083528
2019-04-02 02:48:00,0.2714105417831547
2019-04-02 02:51:00,0.335955585006559
2019-04-02 02:54:00,0.3134684752703265
2019-04-02 02:57:00,0.35620578073957176
2019-04-02 03:00:00,0.37049538375839575
2019-04-02 03:03:00,0.3203933320872352
2019-04-02 03:06:00,0.391671702992312
2019-04-02 03:09:00,0.39567907758492993
2019-04-02 03:12:00,0.31223709387870713
2019-04-02 03:15:00,0.22584291705356918
2019-04-02 03:18:00,0.3022997299436838
2019-04-02 03:21:00,0.3631810308220338
2019-04-02 03:24:00,0.3761986898632017
2019-04-02 03:27:00,0.27936488840896345
2019-04-02 03:30:00,0.28039469291968544
2019-04-02 03:33:00,0.42692530980122
2019-04-02 03:36:00,0.36264855191535617
2019-04-02 03:39:00,0.324111081853971
2019-04-02 03:42:00,0.32205235333378823
2019-04-02 03:45:00,0.3488404428255194
2019-04-02 03:48:00,0.3730595821066345
2019-04-02 03:51:00,0.36971276042311274
2019-04-02 03:54:00,0.3842100624014506
2019-04-02 03:57:00,0.3045080208505624
2019-04-02 04:00:00,0.3267516221254141
2019-04-02 04:03:00,0.2947870485460271
2019-04-02 04:06:00,0.3513886268378883
2019-04-02 04:09:00,0.39245394222137975
2019-04-02 04:12:00,0.39545382266220486
2019-04-02 04:15:00,0.3266871890064067
2019-04-02 04:18:00,0.382402175896857
2019-04-02 04:21:00,0.37075041691934985
2019-04-02 04:24:00,0.46440457813582725
2019-04-02 04:27:00,0.4195851640956221
2019-04-02 04:30:00,0.3541956318998132
2019-04-02 04:33:00,0.467715593201774
2019-04-02 04:36:00,0.4940012692022151
2019-04-02 04:39:00,0.4229125471140378
2019-04-02 04:42:00,0.5134383001764604
2019-04-02 04:45:00,0.5485144095061969
2019-04-02 04:48:00,0.6455649006879867
2019-04-02 04:51:00,0.49936607056110915
2019-04-02 04:54:00,0.42757268476344734
2019-04-02 04:57:00,0.4861843378493518
2019-04-02 05:00:00,0.45227148830230135
2019-04-02 05:03:00,0.42039657638156314
2019-04-02 05:06:00,0.4016212076081729
2019-04-02 05:09:00,0.3521342090914459
2019-04-02 05:12:00,0.32235147716761503
2019-04-02 05:15:00,0.32652494228426576
2019-04-02 05:18:00,0.33014238684927477
2019-04-02 05:21:00,0.4078116680398125
2019-04-02 05:24:00,0.439742140396163
2019-04-02 05:27:00,0.3789040548745106
2019-04-02 05:30:00,0.35171364005969963
2019-04-02 05:33:00,0.3825920019968976
2019-04-02 05:36:00,0.3703519831981339
2019-04-02 05:39:00,0.4220746033864202
2019-04-02 05:42:00,0.499405818594596
2019-04-02 05:45:00,0.45969252600298205
2019-04-02 05:48:00,0.5350756534459151
2019-04-02 05:51:00,0.4671445329125845
2019-04-02 05:54:00,0.5257616375438374
2019-04-02 05:57:00,0.48556054682865124
2019-04-02 06:00:00,0.4771905862491508
2019-04-02 06:03:00,0.43975238581469966
2019-04-02 06:06:00,0.4932580708469345
2019-04-02 06:09:00,0.5014060445262771
2019-04-02 06:12:00,0.5961815731696447
2019-04-02 06:15:00,0.4630851163526586
2019-04-02 06:18:00,0.45034708889426156
2019-04-02 06:21:00,0.5062316666293327
2019-04-02 06:24:00,0.43248624691256055
2019-04-02 06:27:00,0.4598715220152485
2019-04-02 06:30:00,0.3592224094279004
2019-04-02 06:33:00,0.516833291702028
2019-04-02 06:36:00,0.4168397095124874
2019-04-02 06:39:00,0.37431616688633085
2019-04-02 06:42:00,0.42207808793835966
2019-04-02 06:45:00,0.4081168144048206
2019-04-02 06:48:00,0.37862752636209507
2019-04-02 06:51:00,0.3301568972701716
2019-04-02 06:54:00,0.3817339642575348
2019-04-02 06:57:00,0.42949488393895763
2019-04-02 07:00:00,0.2446081937451936
2019-04-02 07:03:00,0.40538760609405244
2019-04-02 07:06:00,0.31812984816724565
2019-04-02 07:09:00,0.49399531541104125
2019-04-02 07:12:00,0.4481126986055983
2019-04-02 07:15:00,0.41059601132116086
2019-04-02 07:18:00,0.4500760139254112
2019-04-02 07:21:00,0.5300779627256134
2019-04-02 07:24:00,0.41258505652632493
2019-04-02 07:27:00,0.31496479695255175
2019-04-02 07:30:00,0.44234631891248455
2019-04-02 07:33:00,0.3168738164759475
2019-04-02 07:36:00,0.27743782772409986
2019-04-02 07:39:00,0.2012376722223621
2019-04-02 07:42:00,0.3067167368288892
2019-04-02 07:45:00,0.25010476196769105
2019-04-02 07:48:00,0.358611570200253
2019-04-02 07:51:00,0.385344271255633
2019-04-02 07:54:00,0.3044821504341826
2019-04-02 07:57:00,0.27875800877126267
2019-04-02 08:00:00,0.3144439420578351
2019-04-02 08:03:00,0.2999106029902805
2019-04-02 08:06:00,0.30814549809588243
2019-04-02 08:09:00,0.40352503191672895
2019-04-02 08:12:00,0.29079441610821277
2019-04-02 08:15:00,0.42041673521850953
2019-04-02 08:18:00,0.3265253245667168
2019-04-02 08:21:00,0.36458765799142157
2019-04-02 08:24:00,0.3852366901193136
2019-04-02 08:27:00,0.3751704891474219
2019-04-02 08:30:00,0.344901918726066
2019-04-02 08:33:00,0.31234693147763437
2019-04-02 08:36:00,0.3466686417673941
2019-04-02 08:39:00,0.3165342879160562
2019-04-02 08:42:00,0.3284191932391991
2019-04-02 08:45:00,0.2314500995516937
2019-04-02 08:48:00,0.2808451536186567
2019-04-02 08:51:00,0.31358042711764256
2019-04-02 08:54:00,0.3428187430210414
2019-04-02 08:57:00,0.32235353021741275
2019-04-02 09:00:00,0.3301429067573167
2019-04-02 09:03:00,0.31705191772607577
2019-04-02 09:06:00,0.2154452737615884
2019-04-02 09:09:00,0.290154127929668
2019-04-02 09:12:00,0.2910451393907465
2019-04-02 09:15:00,0.3645614492598952
2019-04-02 09:18:00,0.2687475159985979
2019-04-02 09:21:00,0.3060881214397
2019-04-02 09:24:00,0.2964298651959325
2019-04-02 09:27:00,0.31884825786102056
2019-04-02 09:30:00,0.225343598055872
2019-04-02 09:33:00,0.3259427345684003
2019-04-02 09:36:00,0.32318444493023435
2019-04-02 09:39:00,0.28042851527681023
2019-04-02 09:42:00,0.29613714759517507
2019-04-02 09:45:00,0.3595112719527833
2019-04-02 09:48:00,0.3095066025358051
2019-04-02 09:51:00,0.1884658219147468
2019-04-02 09:54:00,0.1990434979092015
2019-04-02 09:57:00,0.2547308700423514
2019-04-02 10:00:00,0.2410148003475001
2019-04-02 10:03:00,0.2256918482914898
2019-04-02 10:06:00,0.17135311815275145
2019-04-02 10:09:00,0.15619953795720676
2019-04-02 10:12:00,0.18736117206458403
2019-04-02 10:15:00,0.1769533733793196
2019-04-02 10:18:00,0.15325573430919803
2019-04-02 10:21:00,0.043898661632681524
2019-04-02 10:24:00,0.04876205489483709
2019-04-02 10:27:00,0.18493615227549753
2019-04-02 10:30:00,0.06710842849201981
2019-04-02 10:33:00,0.20439119419728513
2019-04-02 10:36:00,0.2660166814025615
2019-04-02 10:39:00,0.1841021837635708
2019-04-02 10:42:00,0.10965052337354564
2019-04-02 10:45:00,0.2735869729904721
2019-04-02 10:48:00,0.17926476509381928
2019-04-02 10:51:00,0.09654274285310294
2019-04-02 10:54:00,0.08872506804715385
2019-04-02 10:57:00,0.14512793400672308
2019-04-02 11:00:00,0.17329491385061147
2019-04-02 11:03:00,0.1389394440116689
2019-04-02 11:06:00,0.0745885438558389
2019-04-02 11:09:00,0.19790282653565328
2019-04-02 11:12:00,0.17806980568803965
2019-04-02 11:15:00,0.14091353608625923
2019-04-02 11:18:00,0.1414820045279157
2019-04-02 11:21:00,0.1219630899191202
2019-04-02 11:24:00,0.0996183702319513
2019-04-02 11:27:00,0.06827624336966664
2019-04-02 11:30:00,0.10539222362916689
2019-04-02 11:33:00,0.1204825938135059
2019-04-02 11:36:00,0.0401660650675808
2019-04-02 11:39:00,-0.015142641994032147
2019-04-02 11:42:00,0.033628513825703976
2019-04-02 11:45:00,-0.008343304684615305
2019-04-02 11:48:00,-0.002711240792848457
2019-04-02 11:51:00,0.057401573927450045
2019-04-02 11:54:00,-0.03585536245043386
2019-04-02 11:57:00,0.024299207735737127
2019-04-02 12:00:00,-0.08627932140569783
2019-04-02 12:03:00,-0.004995761089219286
2019-04-02 12:06:00,0.04294302878832923
2019-04-02 12:09:00,-0.05485155374486794
2019-04-02 12:12:00,-0.12696138061187412
2019-04-02 12:15:00,-0.11956256744548455
2019-04-02 12:18:00,-0.025093751854115
2019-04-02 12:21:00,-0.13850552630691482
2019-04-02 12:24:00,-0.07398016912225103
2019-04-02 12:27:00,-0.07244912799933445
2019-04-02 12:30:00,-0.13285338725984275
2019-04-02 12:33:00,-0.12581651575084152
2019-04-02 12:36:00,-0.07647738645630398
2019-04-02 12:39:00,-0.1551465142190409
2019-04-02 12:42:00,-0.24857641275559672
2019-04-02 12:45:00,-0.2424110687604184
2019-04-02 12:48:00,-0.2950544088523088
2019-04-02 12:51:00,-0.09342475651430959
2019-04-02 12:54:00,-0.27046017583137427
2019-04-02 12:57:00,-0.19568125897308164
2019-04-02 13:00:00,-0.23734944236485944
2019-04-02 13:03:00,-0.21411670931274784
2019-04-02 13:06:00,-0.40438845059401274
2019-04-02 13:09:00,-0.40211299893366004
2019-04-02 13:12:00,-0.2760685235923006
2019-04-02 13:15:00,-0.3505309915245789
2019-04-02 13:18:00,-0.3784940364762406
2019-04-02 13:21:00,-0.2564971790739605
2019-04-02 13:24:00,-0.3382993894821311
2019-04-02 13:27:00,-0.3729871778207894
2019-04-02 13:30:00,-0.35966721851303873
2019-04-02 13:33:00,-0.4661693477427207
2019-04-02 13:36:00,-0.29935428910749806
2019-04-02 13:39:00,-0.3218828491613408
2019-04-02 13:42:00,-0.25521171201904735
2019-04-02 13:45:00,-0.3214708512037987
2019-04-02 13:48:00,-0.24003248131941746
2019-04-02 13:51:00,-0.19758201176131251
2019-04-02 13:54:00,-0.3214977175169338
2019-04-02 13:57:00,-0.21234261856659487
2019-04-02 14:00:00,-0.3554704711727936
2019-04-02 14:03:00,-0.2322834562488083
2019-04-02 14:06:00,-0.19414263680346266
2019-04-02 14:09:00,-0.16683996132542234
2019-04-02 14:12:00,-0.09787715958606213
2019-04-02 14:15:00,-0.21080912212903513
2019-04-02 14:18:00,-0.08314603674870114
2019-04-02 14:21:00,-0.22838535897034262
2019-04-02 14:24:00,-0.20245601620706566
2019-04-02 14:27:00,-0.27175490670862246
2019-04-02 14:30:00,-0.22938606019937424
2019-04-02 14:33:00,-0.1148616506384883
2019-04-02 14:36:00,-0.19402443650108125
2019-04-02 14:39:00,-0.22324985168728517
2019-04-02 14:42:00,-0.02985720494382349
2019-04-02 14:45:00,0.053489316360980865
2019-04-02 14:48:00,-0.03609151919039277
2019-04-02 14:51:00,-0.12528333602142538
2019-04-02 14:54:00,0.00883323229004418
2019-04-02 14:57:00,0.03473016736870704
2019-04-02 15:00:00,-0.13288804252442787
2019-04-02 15:03:00,-0.005490009128834572
2019-04-02 15:06:00,-0.14198826589512237
2019-04-02 15:09:00,-0.12297089996593513
2019-04-02 15:12:00,-0.17553462553883037
2019-04-02 15:15:00,-0.11820334005631139
2019-04-02 15:18:00,-0.2452000886680139
2019-04-02 15:21:00,-0.18559927735634574
2019-04-02 15:24:00,-0.12061440152388059
2019-04-02 15:27:00,-0.055000288053975055
2019-04-02 15:30:00,-0.054091731887012884
2019-04-02 15:33:00,-0.17182928606479209
2019-04-02 15:36:00,-0.18119221176647216
2019-04-02 15:39:00,-0.23481848511033832
2019-04-02 15:42:00,-0.07825286002241683
2019-04-02 15:45:00,-0.11923306107871667
2019-04-02 15:48:00,-0.10388561286600861
2019-04-02 15:51:00,-0.05013935638532985
2019-04-02 15:54:00,-0.19170176600823652
2019-04-02 15:57:00,-0.024272119908232526
2019-04-02 16:00:00,-0.09320168713503563
2019-04-02 16:03:00,-0.15759526937290502
2019-04-02 16:06:00,-0.1421880999146765
2019-04-02 16:09:00,-0.07758845060226349
2019-04-02 16:12:00,-0.21425723867122315
2019-04-02 16:15:00,-0.17145332930829227
2019-04-02 16:18:00,-0.03474389771247388
2019-04-02 16:21:00,-0.09799948166175909
2019-04-02 16:24:00,-0.09325388793530465
2019-04-02 16:27:00,-0.015197924199128465
2019-04-02 16:30:00,-0.066770083641984
2019-04-02 16:33:00,-0.07983565551643323
2019-04-02 16:36:00,-0.014568308644641093
2019-04-02 16:39:00,-0.001120524692851177
2019-04-02 16:42:00,-0.012424640041672319
2019-04-02 16:45:00,-0.015169737303438069
2019-04-02 16:48:00,-0.09575190263660716
2019-04-02 16:51:00,-0.01801933545624479
2019-04-02 16:54:00,-0.07434798450094604
2019-04-02 16:57:00,-0.09370978450868961
2019-04-02 17:00:00,-0.07413656211798525
2019-04-02 17:03:00,-0.03695877757024846
2019-04-02 17:06:00,-0.11718891429251244
2019-04-02 17:09:00,-0.15671590852605277
2019-04-02 17:12:00,-0.1663323532401364
2019-04-02 17:15:00,-0.22825312488112104
2019-04-02 17:18:00,-0.14048770630074614
2019-04-02 17:21:00,-0.15406650952718337
2019-04-02 17:24:00,-0.1333268118343085
2019-04-02 17:27:00,-0.12845137033281162
2019-04-02 17:30:00,-0.24047875372025374
2019-04-02 17:33:00,-0.13446697089904092
2019-04-02 17:36:00,-0.06766929780951614
2019-04-02 17:39:00,-0.09596985164478156
2019-04-02 17:42:00,-0.03167421946881177
2019-04-02 17:45:00,-0.015524261633174774
2019-04-02 17:48:00,-0.011529187360963533
2019-04-02 17:51:00,0.03181508320108151
2019-04-02 17:54:00,0.014835170193748581
2019-04-02 17:57:00,-0.045260857350513106
2019-04-02 18:00:00,-0.011080339081161128
2019-04-02 18:03:00,-0.026004202225692552
2019-04-02 18:06:00,-0.03196670664641488
2019-04-02 18:09:00,0.026728169439365956
2019-04-02 18:12:00,-0.0017089805712657835
2019-04-02 18:15:00,-0.010641559933219469
2019-04-02 18:18:00,0.009444435520208572
2019-04-02 18:21:00,0.10004009905543398
2019-04-02 18:24:00,0.11597716204960307
2019-04-02 18:27:00,0.031219440630309236
2019-04-02 18:30:00,0.05120435106812238
2019-04-02 18:33:00,0.0056479623420386815
2019-04-02 18:36:00,0.08937121333565301
2019-04-02 18:39:00,0.0643629963022363
2019-04-02 18:42:00,0.09004224578922049
2019-04-02 18:45:00,-0.0018526002446037637
2019-04-02 18:48:00,0.08690338725125457
2019-04-02 18:51:00,0.10698080903108576
2019-04-02 18:54:00,
2019-04-02 18:57:00,
2019-04-02 19:00:00,
2019-04-02 19:03:00,0.08637178579215288
2019-04-02 19:06:00,0.12275476165626742
2019-04-02 19:09:00,0.13293385813591385
2019-04-02 19:12:00,0.06338067889379317
2019-04-02 19:15:00,0.2002027281899359
2019-04-02 19:18:00,0.1732631656882404
2019-04-02 19:21:00,0.14889794699706727
2019-04-02 19:24:00,0.18162763505648627
2019-04-02 19:27:00,0.2467833882983541
2019-04-02 19:30:00,0.14034148478089037
2019-04-02 19:33:00,0.1442238402052567
2019-04-02 19:36:00,0.22983919002274433
2019-04-02 19:39:00,0.23290627622583315
2019-04-02 19:42:00,0.2609265038781814
2019-04-02 19:45:00,0.1652484128537708
2019-04-02 19:48:00,0.19797856875379694
2019-04-02 19:51:00,0.1660811371726254
2019-04-02 19:54:00,0.10666513094918173
2019-04-02 19:57:00,0.20279993328205137
2019-04-02 20:00:00,0.21645404374800137
2019-04-02 20:03:00,0.20098488296059713
2019-04-02 20:06:00,0.14052043831804895
2019-04-02 20:09:00,0.1673366252869073
2019-04-02 20:12:00,0.26346400523260627
2019-04-02 20:15:00,0.11260202656177398
2019-04-02 20:18:00,0.1326246077911719
2019-04-02 20:21:00,0.180400792704404
2019-04-02 20:24:00,0.29017525821768686
2019-04-02 20:27:00,0.11686738727172497
2019-04-02 20:30:00,0.19107839434116158
2019-04-02 20:33:00,0.18870976439825426
2019-04-02 20:36:00,0.1178844674013817
2019-04-02 20:39:00,0.10968706084520363
2019-04-02 20:42:00,0.21420085771239883
2019-04-02 20:45:00,0.2037988405684814
2019-04-02 20:48:00,0.16460633632135568
2019-04-02 20:51:00,0.26035967144053984
2019-04-02 20:54:00,0.08921187869663072
2019-04-02 20:57:00,0.10355523116032828
2019-04-02 21:00:00,0.19456033769557735
2019-04-02 21:03:00,0.07773909782002875
2019-04-02 21:06:00,0.16037230689067883
2019-04-02 21:09:00,0.19397810903961954
2019-04-02 21:12:00,0.11838283232373215
2019-04-02 21:15:00,0.15536163531436387
2019-04-02 21:18:00,0.20445917053774565
2019-04-02 21:21:00,0.1283444349706997
2019-04-02 21:24:00,0.07086092828325263
2019-04-02 21:27:00,0.08487391514893261
2019-04-02 21:30:00,0.06577986925424284
2019-04-02 21:33:00,0.1502607150198969
2019-04-02 21:36:00,0.27415363807028825
2019-04-02 21:39:00,0.1862102453683292
2019-04-02 21:42:00,0.1899695078383843
2019-04-02 21:45:00,0.2681651302062278
2019-04-02 21:48:00,0.22173672693713797
2019-04-02 21:51:00,0.12306528171802711
2019-04-02 21:54:00,0.3122353526421193
2019-04-02 21:57:00,0.27016198150448645
2019-04-02 22:00:00,0.1467625240989605
2019-04-02 22:03:00,0.17587217354912354
2019-04-02 22:06:00,0.14977791228363913
2019-04-02 22:09:00,0.26450410139375435
2019-04-02 22:12:00,0.10909005656458248
2019-04-02 22:15:00,0.27009795118311786
2019-04-02 22:18:00,0.26055778618911063
2019-04-02 22:21:00,0.17146889768173423
2019-04-02 22:24:00,0.1711818531570657
2019-04-02 22:27:00,0.23640436200747672
2019-04-02 22:30:00,0.23015650373946528
2019-04-02 22:33:00,0.15781981050258764
2019-04-02 22:36:00,0.2555042027574359
2019-04-02 22:39:00,0.23613450841145323
2019-04-02 22:42:00,0.22272014660342165
2019-04-02 22:45:00,0.2434627884646261
2019-04-02 22:48:00,0.26684811199606884
2019-04-02 22:51:00,0.31104992515201957
2019-04-02 22:54:00,0.19258157403805853
2019-04-02 22:57:00,0.26220294974046965
2019-04-02 23:00:00,0.26869499387947826
2019-04-02 23:03:00,0.33647499319442886
2019-04-02 23:06:00,0.31074493032139117
2019-04-02 23:09:00,0.29426635093153664
2019-04-02 23:12:00,0.322850492054954
2019-04-02 23:15:00,0.22147113120695394
2019-04-02 23:18:00,0.22044766581126396
2019-04-02 23:21:00,0.22680999253105938
2019-04-02 23:24:00,0.22864829550502463
2019-04-02 23:27:00,0.2687674522425709
2019-04-02 23:30:00,0.27555240249557755
2019-04-02 23:33:00,0.35066854886099463
2019-04-02 23:36:00,0.22197230420488268
2019-04-02 23:39:00,0.21484084007937554
2019-04-02 23:42:00,0.2040971391290327
2019-04-02 23:45:00,0.3499909293474275
2019-04-02 23:48:00,0.2774596953539117
2019-04-02 23:51:00,0.2621425531732484
2019-04-02 23:54:00,0.39319031356762935
2019-04-02 23:57:00,0.24154258662554184
2019-04-03 00:00:00,0.33063799494129853
2019-04-03 00:03:00,0.2527667897888932
2019-04-03 00:06:00,0.1654891621042225
2019-04-03 00:09:00,0.2986655234660702
2019-04-03 00:12:00,0.3627549357821067
2019-04-03 00:15:00,0.2707252509273985
2019-04-03 00:18:00,0.28876057200773175
2019-04-03 00:21:00,0.29473795800765856
2019-04-03 00:24:00,0.2987602319731195
2019-04-03 00:27:00,0.20088255205928363
2019-04-03 00:30:00,0.3022424119344578
2019-04-03 00:33:00,0.3145299240794657
2019-04-03 00:36:00,0.14048694330841727
2019-04-03 00:39:00,0.2996606849428076
2019-04-03 00:42:00,0.19766787142128805
2019-04-03 00:45:00,0.17517686470210947
2019-04-03 00:48:00,0.2714547414876165
2019-04-03 00:51:00,0.2244830209941142
2019-04-03 00:54:00,0.22867449088954572
2019-04-03 00:57:00,0.29931811252743046
2019-04-03 01:00:00,0.2925988221045941
2019-04-03 01:03:00,0.25534049880957355
2019-04-03 01:06:00,0.28188113306231344
2019-04-03 01:09:00,0.2172675629205969
2019-04-03 01:12:00,0.16744999993233023
2019-04-03 01:15:00,0.2036213446666011
2019-04-03 01:18:00,0.27755467507972753
2019-04-03 01:21:00,0.3227811684128028
2019-04-03 01:24:00,0.3316226717153654
2019-04-03 01:27:00,0.1876677975911889
2019-04-03 01:30:00,0.3177984502836466
2019-04-03 01:33:00,0.3752686254964033
2019-04-03 01:36:00,0.3732596367912606
2019-04-03 01:39:00,0.23673878781261237
2019-04-03 01:42:00,0.3786845433319286
2019-04-03 01:45:00,0.34170335936892116
2019-04-03 01:48:00,0.3114932353730637
2019-04-03 01:51:00,0.3117656486559781
2019-04-03 01:54:00,0.32188077038415486
2019-04-03 01:57:00,0.3499985093758937
2019-04-03 02:00:00,0.2628847790373925
2019-04-03 02:03:00,0.3461665442856088
2019-04-03 02:06:00,0.3097461694699746
2019-04-03 02:09:00,0.2173983739438654
2019-04-03 02:12:00,0.31621600489842194
2019-04-03 02:15:00,0.17705694294943441
2019-04-03 02:18:00,0.30693137600383125
2019-04-03 02:21:00,0.23740466223125622
2019-04-03 02:24:00,0.27091026461670253
2019-04-03 02:27:00,0.27304968879747094
2019-04-03 02:30:00,0.2676932593002448
2019-04-03 02:33:00,0.2771655213528561
2019-04-03 02:36:00,0.19799415509834262
2019-04-03 02:39:00,0.1554843080667183
2019-04-03 02:42:00,0.2656407626237183
2019-04-03 02:45:00,0.29713642867636736
2019-04-03 02:48:00,0.2954504365213211
2019-04-03 02:51:00,0.22257391850575914
2019-04-03 02:54:00,0.3397519474767705
2019-04-03 02:57:00,0.36002024166151614
2019-04-03 03:00:00,0.36270089674843575
2019-04-03 03:03:00,0.2941092611886802
2019-04-03 03:06:00,0.23280979928995293
2019-04-03 03:09:00,0.31192460526517607
2019-04-03 03:12:00,0.30975425828683
2019-04-03 03:15:00,0.35758501100281137
2019-04-03 03:18:00,0.41742649831343215
2019-04-03 03:21:00,0.3763137847197413
2019-04-03 03:24:00,0.2973434710198717
2019-04-03 03:27:00,0.33555872314832413
2019-04-03 03:30:00,0.3535614595813854
2019-04-03 03:33:00,0.35800667282416043
2019-04-03 03:36:00,0.28126800624909265
2019-04-03 03:39:00,0.3787367952768932
2019-04-03 03:42:00,0.3364866839920069
2019-04-03 03:45:00,0.39415141200584003
2019-04-03 03:48:00,0.32443080275459124
2019-04-03 03:51:00,0.29235980770010883
2019-04-03 03:54:00,0.4031055916966011
2019-04-03 03:57:00,0.31763645991787826
2019-04-03 04:00:00,0.3397244862360935
2019-04-03 04:03:00,0.3389539585180046
2019-04-03 04:06:00,0.40914354842635703
2019-04-03 04:09:00,0.3802607700845897
2019-04-03 04:12:00,0.32018063755123194
2019-04-03 04:15:00,0.2921294252582243
2019-04-03 04:18:00,0.39831911532343156
2019-04-03 04:21:00,0.3261837694281553
2019-04-03 04:24:00,0.3089776054441131
2019-04-03 04:27:00,0.43067215757167787
2019-04-03 04:30:00,0.2712070339036359
2019-04-03 04:33:00,0.29691208059119845
2019-04-03 04:36:00,0.31389130144327737
2019-04-03 04:39:00,0.30881538507270534
2019-04-03 04:42:00,0.3375374794952677
2019-04-03 04:45:00,0.381751079255082
2019-04-03 04:48:00,0.36920287858481515
2019-04-03 04:51:00,0.26530951325514707
2019-04-03 04:54:00,0.27622296750217856
2019-04-03 04:57:00,0.31151140523832055
2019-04-03 05:00:00,0.36299857935915725
2019-04-03 05:03:00,0.347045803140702
2019-04-03 05:06:00,0.3921598665751276
2019-04-03 05:09:00,0.31838164298818583
2019-04-03 05:12:00,0.3124711969263103
2019-04-03 05:15:00,0.42202174617557375
2019-04-03 05:18:00,0.3805650858006402
2019-04-03 05:21:00,0.32657071004734917
2019-04-03 05:24:00,0.3190987450834655
2019-04-03 05:27:00,0.34163094561137086
2019-04-03 05:30:00,0.3203728527201406
2019-04-03 05:33:00,0.2787511330741381
2019-04-03 05:36:00,0.37598489827320236
2019-04-03 05:39:00,0.37165642636091434
2019-04-03 05:42:00,0.30554638944835233
2019-04-03 05:45:00,0.29796163444541435
2019-04-03 05:48:00,0.298460154270515
2019-04-03 05:51:00,0.33487414554747374
2019-04-03 05:54:00,0.36413207368298117
2019-04-03 05:57:00,0.37034052939009143
2019-04-03 06:00:00,0.3762996047408933
2019-04-03 06:03:00,0.28023340524049445
2019-04-03 06:06:00,0.4080650506228949
2019-04-03 06:09:00,0.3269185487030768
2019-04-03 06:12:00,0.41781283768159483
2019-04-03 06:15:00,0.339338840638959
2019-04-03 06:18:00,0.36144857353525595
2019-04-03 06:21:00,0.2945871907746209
2019-04-03 06:24:00,0.2836127496345284
2019-04-03 06:27:00,0.40405523654374065
2019-04-03 06:30:00,0.3599383236480662
2019-04-03 06:33:00,0.30897032953691905
2019-04-03 06:36:00,0.2978377286549403
2019-04-03 06:39:00,0.28722943013235636
2019-04-03 06:42:00,0.34472168652382607
2019-04-03 06:45:00,0.35612763867493413
2019-04-03 06:48:00,0.3410695878318961
2019-04-03 06:51:00,0.3508199886006196
2019-04-03 06:54:00,0.2991147256666409
2019-04-03 06:57:00,0.31504149688078087
2019-04-03 07:00:00,0.4065994961974866
2019-04-03 07:03:00,0.2492648798096866
2019-04-03 07:06:00,0.42896713252372365
2019-04-03 07:09:00,0.3691878381323477
2019-04-03 07:12:00,0.3158749127681517
2019-04-03 07:15:00,0.372564814564214
2019-04-03 07:18:00,0.33817895517734087
2019-04-03 07:21:00,0.3291851858051018
2019-04-03 07:24:00,0.3334217612738257
2019-04-03 07:27:00,0.3930032348245618
2019-04-03 07:30:00,0.44099042496037555
2019-04-03 07:33:00,0.3533087891265154
2019-04-03 07:36:00,0.3258893506813365
2019-04-03 07:39:00,0.36806233634877117
2019-04-03 07:42:00,0.31603649997003913
2019-04-03 07:45:00,0.31744588280986363
2019-04-03 07:48:00,0.30904130457690826
2019-04-03 07:51:00,0.4188534848772747
2019-04-03 07:54:00,0.33796832258775567
2019-04-03 07:57:00,0.4439738526317569
2019-04-03 08:00:00,0.2945854958936138
2019-04-03 08:03:00,0.3160380494697961
2019-04-03 08:06:00,0.28022561659821577
2019-04-03 08:09:00,0.28717385776531046
2019-04-03 08:12:00,0.2315537448096734
2019-04-03 08:15:00,0.31863667023924336
2019-04-03 08:18:00,0.24510731676042496
2019-04-03 08:21:00,0.29388232943773573
2019-04-03 08:24:00,0.299083294778427
2019-04-03 08:27:00,0.21046824469203784
2019-04-03 08:30:00,0.2767352910424279
2019-04-03 08:33:00,0.12229293573125233
2019-04-03 08:36:00,0.14405206187160502
2019-04-03 08:39:00,0.22899873738424503
2019-04-03 08:42:00,0.18757612039877358
2019-04-03 08:45:00,0.18176022041859596
2019-04-03 08:48:00,0.2179418008720404
2019-04-03 08:51:00,0.19798820899040948
2019-04-03 08:54:00,0.08629034816095782
2019-04-03 08:57:00,0.18887115219388306
2019-04-03 09:00:00,0.23072580910644547
2019-04-03 09:03:00,0.14815658109677088
2019-04-03 09:06:00,0.22937402278574837
2019-04-03 09:09:00,0.14418740643918682
2019-04-03 09:12:00,0.1520618698614271
2019-04-03 09:15:00,0.10944623706666334
2019-04-03 09:18:00,0.11575404990827565
2019-04-03 09:21:00,0.15005392130996142
2019-04-03 09:24:00,0.11059726394415748
2019-04-03 09:27:00,0.1027775911307458
2019-04-03 09:30:00,0.016876355937654353
2019-04-03 09:33:00,0.21773197614948003
2019-04-03 09:36:00,0.24591964508249475
2019-04-03 09:39:00,0.09498846971536068
2019-04-03 09:42:00,0.12741320308680315
2019-04-03 09:45:00,0.08211186299251949
2019-04-03 09:48:00,0.1474749155746622
2019-04-03 09:51:00,0.021885956114601868
2019-04-03 09:54:00,0.001649334211151654
2019-04-03 09:57:00,0.035247448436905415
2019-04-03 10:00:00,0.10500495699750445
2019-04-03 10:03:00,0.01394756700005928
2019-04-03 10:06:00,0.05517118139221111
2019-04-03 10:09:00,-0.03043148891134706
2019-04-03 10:12:00,0.01908684714123865
2019-04-03 10:15:00,-0.025837587868920764
2019-04-03 10:18:00,-0.044690138501437104
2019-04-03 10:21:00,-0.011677364931870216
2019-04-03 10:24:00,0.12165486232834155
2019-04-03 10:27:00,0.014510669982314539
2019-04-03 10:30:00,-0.01991532866674106
2019-04-03 10:33:00,-0.04151253706834268
2019-04-03 10:36:00,0.07073752125353394
2019-04-03 10:39:00,0.20114432556562178
2019-04-03 10:42:00,0.06857830182366342
2019-04-03 10:45:00,0.0900326986508162
2019-04-03 10:48:00,0.0694047786680585
2019-04-03 10:51:00,0.08825271945613622
2019-04-03 10:54:00,0.07648612295940893
2019-04-03 10:57:00,0.13540708695001058
2019-04-03 11:00:00,0.15900146152978323
2019-04-03 11:03:00,-0.016300902656723792
2019-04-03 11:06:00,0.20587404376931318
2019-04-03 11:09:00,0.07197310585758032
2019-04-03 11:12:00,0.08930070947297963
2019-04-03 11:15:00,0.08761507867961882
2019-04-03 11:18:00,0.06895094862738915
2019-04-03 11:21:00,0.019571157890936774
2019-04-03 11:24:00,0.006399858638985734
2019-04-03 11:27:00,0.04490131258688734
2019-04-03 11:30:00,0.01412569388907059
2019-04-03 11:33:00,-0.03472719981436967
2019-04-03 11:36:00,-0.004387111440621538
2019-04-03 11:39:00,0.09991647447151308
2019-04-03 11:42:00,-0.05964032687660392
2019-04-03 11:45:00,-0.11159668299262648
2019-04-03 11:48:00,0.07947642078732997
2019-04-03 11:51:00,-0.013830769234118634
2019-04-03 11:54:00,0.017911877421056488
2019-04-03 11:57:00,0.0614864422101391
2019-04-03 12:00:00,-0.016223160872129938
2019-04-03 12:03:00,0.04365806720988985
2019-04-03 12:06:00,-0.0446480270675238
2019-04-03 12:09:00,-0.05673823888071183
2019-04-03 12:12:00,-0.02384810408574367
2019-04-03 12:15:00,-0.07463662289160311
2019-04-03 12:18:00,-0.04736298317953924
2019-04-03 12:21:00,-0.11020132122166615
2019-04-03 12:24:00,-0.10718588367802795
2019-04-03 12:27:00,0.012981738975270218
2019-04-03 12:30:00,0.03282334042171442
2019-04-03 12:33:00,0.006402226197053551
2019-04-03 12:36:00,-0.14856451942779358
2019-04-03 12:39:00,-0.031225348097223105
2019-04-03 12:42:00,-0.14182468209889976
2019-04-03 12:45:00,-0.06458806709736109
2019-04-03 12:48:00,-0.10092707548233193
2019-04-03 12:51:00,-0.18884112820393284
2019-04-03 12:54:00,-0.19904596362653137
2019-04-03 12:57:00,-0.22822640120068627
2019-04-03 13:00:00,-0.155628376888842
2019-04-03 13:03:00,-0.06687611944454375
2019-04-03 13:06:00,-0.2297068248652181
2019-04-03 13:09:00,-0.2130835567584768
2019-04-03 13:12:00,-0.23456886992210002
2019-04-03 13:15:00,-0.1922233237526143
2019-04-03 13:18:00,-0.24423574337987475
2019-04-03 13:21:00,-0.31345762742967054
2019-04-03 13:24:00,-0.16337837561809465
2019-04-03 13:27:00,-0.2623719478344242
2019-04-03 13:30:00,-0.2324559448901482
2019-04-03 13:33:00,-0.2086830184046562
2019-04-03 13:36:00,-0.28236205439259265
2019-04-03 13:39:00,-0.3052089073066213
2019-04-03 13:42:00,-0.23834050674366836
2019-04-03 13:45:00,-0.22475154236633443
2019-04-03 13:48:00,-0.20867029762513312
2019-04-03 13:51:00,-0.3595281615942554
2019-04-03 13:54:00,-0.42970485464786634
2019-04-03 13:57:00,-0.2320004916021503
2019-04-03 14:00:00,-0.1733963880888041
2019-04-03 14:03:00,-0.2922784007956807
2019-04-03 14:06:00,-0.25880152243775
2019-04-03 14:09:00,-0.1813703488273859
2019-04-03 14:12:00,-0.22093464194870194
2019-04-03 14:15:00,-0.25232033363721484
2019-04-03 14:18:00,-0.17058967980119633
2019-04-03 14:21:00,-0.27025499879050585
2019-04-03 14:24:00,-0.10618059722168027
2019-04-03 14:27:00,0.04352189872133749
2019-04-03 14:30:00,-0.021857641711960696
2019-04-03 14:33:00,0.0831922886353027
2019-04-03 14:36:00,-0.028893042760671506
2019-04-03 14:39:00,0.04624018293390009
2019-04-03 14:42:00,0.027355355288477767
2019-04-03 14:45:00,-0.04756470674527691
2019-04-03 14:48:00,-0.080658567937121
2019-04-03 14:51:00,-0.13781984611779308
2019-04-03 14:54:00,-0.11505314766606034
2019-04-03 14:57:00,0.013407000574716221
2019-04-03 15:00:00,-0.010807427262818692
2019-04-03 15:03:00,-0.034140752431255805
2019-04-03 15:06:00,-0.08510284537146617
2019-04-03 15:09:00,-0.03801358362790097
2019-04-03 15:12:00,0.05824999316013191
2019-04-03 15:15:00,-0.04888941925958079
2019-04-03 15:18:00,0.03779135366414721
2019-04-03 15:21:00,-0.0829540205203898
2019-04-03 15:24:00,-0.13691441050332287
2019-04-03 15:27:00,0.04060310053472449
2019-04-03 15:30:00,0.03883776862727473
2019-04-03 15:33:00,0.05265342397592576
2019-04-03 15:36:00,-0.14647548743829475
2019-04-03 15:39:00,-0.2298713156337726
2019-04-03 15:42:00,-0.2211967708221323
2019-04-03 15:45:00,-0.24049216227064107
2019-04-03 15:48:00,-0.3260412709556135
2019-04-03 15:51:00,-0.17462962210180422
2019-04-03 15:54:00,-0.1835825059072249
2019-04-03 15:57:00,-0.18365363216503283
2019-04-03 16:00:00,-0.18237580243078355
2019-04-03 16:03:00,-0.22193461196485487
2019-04-03 16:06:00,-0.10544161464940771
2019-04-03 16:09:00,-0.1915291446265428
2019-04-03 16:12:00,-0.16382248785544107
2019-04-03 16:15:00,-0.1846439646266731
2019-04-03 16:18:00,-0.10917193945982717
2019-04-03 16:21:00,-0.021037345568686305
2019-04-03 16:24:00,-0.03412045642494377
2019-04-03 16:27:00,-0.11766988112390209
2019-04-03 16:30:00,-0.10724745299711458
2019-04-03 16:33:00,-0.12674677791801514
2019-04-03 16:36:00,-0.06263968512490692
2019-04-03 16:39:00,-0.10908053362902592
2019-04-03 16:42:00,-0.04783532738719032
2019-04-03 16:45:00,-0.1334056734891078
2019-04-03 16:48:00,-0.01576436726065822
2019-04-03 16:51:00,-0.1374041243764168
2019-04-03 16:54:00,-0.0375887782157065
2019-04-03 16:57:00,-0.08083018857166735
2019-04-03 17:00:00,-0.16116266850542615
2019-04-03 17:03:00,-0.13878659803577875
2019-04-03 17:06:00,-0.07851267371540871
2019-04-03 17:09:00,-0.08580352917522305
2019-04-03 17:12:00,-0.06639519515783832
2019-04-03 17:15:00,-0.09905712868732053
2019-04-03 17:18:00,-0.10466193369433086
2019-04-03 17:21:00,0.020428771639217302
2019-04-03 17:24:00,-0.012005099489897475
2019-04-03 17:27:00,-0.028106952674590957
2019-04-03 17:30:00,-0.14828346400804548
2019-04-03 17:33:00,-0.058876492956187576
2019-04-03 17:36:00,-0.05895646818504474
2019-04-03 17:39:00,0.10785329663764287
2019-04-03 17:42:00,-0.013254177354156127
2019-04-03 17:45:00,-0.0021333482717409424
2019-04-03 17:48:00,-0.060281616235101865
2019-04-03 17:51:00,0.03160729598147327
2019-04-03 17:54:00,0.009052285029497398
2019-04-03 17:57:00,-0.011375841316180413
2019-04-03 18:00:00,0.03831414539678235
2019-04-03 18:03:00,-0.025400198420243214
2019-04-03 18:06:00,-0.01644443105664095
2019-04-03 18:09:00,0.014928975544307832
2019-04-03 18:12:00,-0.09978419149695128
2019-04-03 18:15:00,-0.21169931768878314
2019-04-03 18:18:00,-0.04745268590585283
2019-04-03 18:21:00,-0.023383508230665484
2019-04-03 18:24:00,-0.036538904050985366
2019-04-03 18:27:00,-0.030828866510773878
2019-04-03 18:30:00,-0.0821356886999638
2019-04-03 18:33:00,-0.07441061213529565
2019-04-03 18:36:00,-0.02149582445457554
2019-04-03 18:39:00,-0.038270298405450376
2019-04-03 18:42:00,-0.041229236944843706
2019-04-03 18:45:00,0.0459262197884982
2019-04-03 18:48:00,0.013751930744945184
2019-04-03 18:51:00,-0.031369356658387915
2019-04-03 18:54:00,-0.09292452991536493
2019-04-03 18:57:00,
2019-04-03 19:00:00,
2019-04-03 19:03:00,-0.004015641415264781
2019-04-03 19:06:00,0.010802873016871217
2019-04-03 19:09:00,-0.028173924330360478
2019-04-03 19:12:00,0.02057407435222558
2019-04-03 19:15:00,-0.09568125939011907
2019-04-03 19:18:00,-0.04677561261013352
2019-04-03 19:21:00,0.02347488312079804
2019-04-03 19:24:00,-0.02418157425933032
2019-04-03 19:27:00,-0.031287661681915324
2019-04-03 19:30:00,0.011837146590323755
2019-04-03 19:33:00,0.004486238702213541
2019-04-03 19:36:00,0.060832785446621074
2019-04-03 19:39:00,0.032173668806194655
2019-04-03 19:42:00,0.011974613269558176
2019-04-03 19:45:00,0.04469718499524333
2019-04-03 19:48:00,0.02951638583448357
2019-04-03 19:51:00,0.02090784633929843
2019-04-03 19:54:00,-0.03382209543906356
2019-04-03 19:57:00,0.09238800978937434
2019-04-03 20:00:00,0.11139184067019414
2019-04-03 20:03:00,0.1140697433177138
2019-04-03 20:06:00,-0.011422696411557354
2019-04-03 20:09:00,0.00730807107390774
2019-04-03 20:12:00,-0.02207427620243152
2019-04-03 20:15:00,0.12172002559219663
2019-04-03 20:18:00,0.019667501619665018
2019-04-03 20:21:00,0.07043555356705156
2019-04-03 20:24:00,0.14449802724163874
2019-04-03 20:27:00,0.06297719602736152
2019-04-03 20:30:00,0.042020988286026295
2019-04-03 20:33:00,0.023995947382957183
2019-04-03 20:36:00,0.12037153551409574
2019-04-03 20:39:00,0.2113858431243898
2019-04-03 20:42:00,0.22632522335192107
2019-04-03 20:45:00,0.12706401583994875
2019-04-03 20:48:00,0.11105961739463055
2019-04-03 20:51:00,0.18891662639487095
2019-04-03 20:54:00,0.20560741351414435
2019-04-03 20:57:00,0.18812242512956345
2019-04-03 21:00:00,0.13530422381194285
2019-04-03 21:03:00,0.2067646083646082
2019-04-03 21:06:00,0.14302491822144248
2019-04-03 21:09:00,0.15087367728983736
2019-04-03 21:12:00,0.06488231969689195
2019-04-03 21:15:00,0.1398802810053894
2019-04-03 21:18:00,0.18813319486599767
2019-04-03 21:21:00,0.17428115425610713
2019-04-03 21:24:00,0.17665412392614144
2019-04-03 21:27:00,0.17083541903195965
2019-04-03 21:30:00,0.10555189288385236
2019-04-03 21:33:00,0.19749916389639566
2019-04-03 21:36:00,0.22396659654458517
2019-04-03 21:39:00,0.20791953832690524
2019-04-03 21:42:00,0.18609733586441735
2019-04-03 21:45:00,0.13189983475143663
2019-04-03 21:48:00,0.30532414866638646
2019-04-03 21:51:00,0.23290120232650224
2019-04-03 21:54:00,0.21228560346099812
2019-04-03 21:57:00,0.18129034250893028
2019-04-03 22:00:00,0.21856619480695372
2019-04-03 22:03:00,0.07784398514826307
2019-04-03 22:06:00,0.24069696690293085
2019-04-03 22:09:00,0.2488960621446381
2019-04-03 22:12:00,0.19970486175202495
2019-04-03 22:15:00,0.15469768831985675
2019-04-03 22:18:00,0.11594800973477959
2019-04-03 22:21:00,0.2560175109388183
2019-04-03 22:24:00,0.06627360406127991
2019-04-03 22:27:00,0.24329913981858908
2019-04-03 22:30:00,0.15687897125513928
2019-04-03 22:33:00,0.10670200887159353
2019-04-03 22:36:00,0.2834195466456322
2019-04-03 22:39:00,0.17998870124046107
2019-04-03 22:42:00,0.13910094177373367
2019-04-03 22:45:00,0.17267189596668686
2019-04-03 22:48:00,0.16385115557562813
2019-04-03 22:51:00,0.1077570115384674
2019-04-03 22:54:00,0.0904774780726143
2019-04-03 22:57:00,0.11180856537220052
2019-04-03 23:00:00,0.06251040227931526
2019-04-03 23:03:00,0.13956683054794894
2019-04-03 23:06:00,0.02443682984977613
2019-04-03 23:09:00,0.10913092480245723
2019-04-03 23:12:00,0.1821152989096504
2019-04-03 23:15:00,0.21543392306921305
2019-04-03 23:18:00,0.22140415362872545
2019-04-03 23:21:00,0.16034799399830035
2019-04-03 23:24:00,0.09383557581469404
2019-04-03 23:27:00,0.20196706445051404
2019-04-03 23:30:00,0.20406596827427848
2019-04-03 23:33:00,0.33378058208722905
2019-04-03 23:36:00,0.1833832415953225
2019-04-03 23:39:00,0.24301729334581523
2019-04-03 23:42:00,0.3035267092117806
2019-04-03 23:45:00,0.3496774335908981
2019-04-03 23:48:00,0.20102875495626904
2019-04-03 23:51:00,0.27709436841405477
2019-04-03 23:54:00,0.30200418368320925
2019-04-03 23:57:00,0.19883205659084524
2019-04-04 00:00:00,0.17493870188695837
2019-04-04 00:03:00,0.307188670489154
2019-04-04 00:06:00,0.1981365800930348
2019-04-04 00:09:00,0.3341892371419135
2019-04-04 00:12:00,0.2395872589425494
2019-04-04 00:15:00,0.18926023248889123
2019-04-04 00:18:00,0.27068404828298753
2019-04-04 00:21:00,0.21194150264165046
2019-04-04 00:24:00,0.31637197267144757
2019-04-04 00:27:00,0.2470411002301489
2019-04-04 00:30:00,0.2692128599306898
2019-04-04 00:33:00,0.2924018282577663
2019-04-04 00:36:00,0.3315095653453568
2019-04-04 00:39:00,0.13761083096994753
2019-04-04 00:42:00,0.26231549517490294
2019-04-04 00:45:00,0.2897650418072999
2019-04-04 00:48:00,0.2899909135578014
2019-04-04 00:51:00,0.21910990390898633
2019-04-04 00:54:00,0.3415727473895913
2019-04-04 00:57:00,0.20399131873449505
2019-04-04 01:00:00,0.2074036878067318
2019-04-04 01:03:00,0.21827951644843324
2019-04-04 01:06:00,0.13655401915224274
2019-04-04 01:09:00,0.3375084723909936
2019-04-04 01:12:00,0.2572666258548679
2019-04-04 01:15:00,0.23033334912133796
2019-04-04 01:18:00,0.2871990510618616
2019-04-04 01:21:00,0.2654823607123262
2019-04-04 01:24:00,0.36270023966500275
2019-04-04 01:27:00,0.23099658224583663
2019-04-04 01:30:00,0.28984216109967065
2019-04-04 01:33:00,0.218778689167209
2019-04-04 01:36:00,0.24820155548428602
2019-04-04 01:39:00,0.1780030935028094
2019-04-04 01:42:00,0.2591843627390631
2019-04-04 01:45:00,0.21859956625610266
2019-04-04 01:48:00,0.21792262419398867
2019-04-04 01:51:00,0.21149451674324382
2019-04-04 01:54:00,0.16819201895708602
2019-04-04 01:57:00,0.12389969773681742
2019-04-04 02:00:00,0.08228390501477634
2019-04-04 02:03:00,0.17148024820306773
2019-04-04 02:06:00,0.15323021436256568
2019-04-04 02:09:00,0.16636328296669944
2019-04-04 02:12:00,0.20182484950862545
2019-04-04 02:15:00,0.16335864670247702
2019-04-04 02:18:00,0.23233623285085514
2019-04-04 02:21:00,0.20894994817740553
2019-04-04 02:24:00,0.27851114998196635
2019-04-04 02:27:00,0.2380187334347852
2019-04-04 02:30:00,0.26309114091583297
2019-04-04 02:33:00,0.2648740834301293
2019-04-04 02:36:00,0.29708260841920264
2019-04-04 02:39:00,0.32400179209156477
2019-04-04 02:42:00,0.18346762425204588
2019-04-04 02:45:00,0.17468264043935733
2019-04-04 02:48:00,0.039373602776663574
2019-04-04 02:51:00,0.1831204090952383
2019-04-04 02:54:00,0.194846965903821
2019-04-04 02:57:00,0.24500391560377466
2019-04-04 03:00:00,0.3009729796103784
2019-04-04 03:03:00,0.21518634502882605
2019-04-04 03:06:00,0.141098727132146
2019-04-04 03:09:00,0.19993053144031592
2019-04-04 03:12:00,0.1977942525927574
2019-04-04 03:15:00,0.1681092037508165
2019-04-04 03:18:00,0.2162780185241786
2019-04-04 03:21:00,0.21937683325427315
2019-04-04 03:24:00,0.23824148522561472
2019-04-04 03:27:00,0.21953473415447888
2019-04-04 03:30:00,0.2129095919615338
2019-04-04 03:33:00,0.16700357125142773
2019-04-04 03:36:00,0.17976231201191695
2019-04-04 03:39:00,0.2366342253020548
2019-04-04 03:42:00,0.19276164576319843
2019-04-04 03:45:00,0.19369487219250914
2019-04-04 03:48:00,0.19266542806303733
2019-04-04 03:51:00,0.3110247588047059
2019-04-04 03:54:00,0.17352419973479982
2019-04-04 03:57:00,0.2749845249901455
2019-04-04 04:00:00,0.16058670893005456
2019-04-04 04:03:00,0.22869085741604067
2019-04-04 04:06:00,0.21966801973968586
2019-04-04 04:09:00,0.19809115498151186
2019-04-04 04:12:00,0.2360014798242105
2019-04-04 04:15:00,0.12930524427383716
2019-04-04 04:18:00,0.23329683367330745
2019-04-04 04:21:00,0.16112759090924555
2019-04-04 04:24:00,0.19481225152537718
2019-04-04 04:27:00,0.14984900159851122
2019-04-04 04:30:00,0.197731221762524
2019-04-04 04:33:00,0.27382951659501487
2019-04-04 04:36:00,0.2170661891450436
2019-04-04 04:39:00,0.1761537971362941
2019-04-04 04:42:00,0.13508718202069758
2019-04-04 04:45:00,0.20398914707942595
2019-04-04 04:48:00,0.21467576513629183
2019-04-04 04:51:00,0.17677229279928497
2019-04-04 04:54:00,0.24812902641104984
2019-04-04 04:57:00,0.1824893220617696
2019-04-04 05:00:00,0.21523490406855217
2019-04-04 05:03:00,0.2494086796590409
2019-04-04 05:06:00,0.3106096076199947
2019-04-04 05:09:00,0.30818850297652034
2019-04-04 05:12:00,0.2505789746646201
2019-04-04 05:15:00,0.2537038633044517
2019-04-04 05:18:00,0.27823832567565887
2019-04-04 05:21:00,0.29787513147653044
2019-04-04 05:24:00,0.3491559202411736
2019-04-04 05:27:00,0.22774100289387889
2019-04-04 05:30:00,0.22700702139798068
2019-04-04 05:33:00,0.25495126654419664
2019-04-04 05:36:00,0.2890570077209986
2019-04-04 05:39:00,0.1148466230278018
2019-04-04 05:42:00,0.27425760546088895
2019-04-04 05:45:00,0.1882884471509101
2019-04-04 05:48:00,0.25955819665375657
2019-04-04 05:51:00,0.1828106540101544
2019-04-04 05:54:00,0.24973966583570473
2019-04-04 05:57:00,0.247091290353751
2019-04-04 06:00:00,0.2670564169243903
2019-04-04 06:03:00,0.2663325127368239
2019-04-04 06:06:00,0.2959872582936782
2019-04-04 06:09:00,0.20976319336500637
2019-04-04 06:12:00,0.35796832470333584
2019-04-04 06:15:00,0.22023089178020427
2019-04-04 06:18:00,0.1694582306195116
2019-04-04 06:21:00,0.28642908995630023
2019-04-04 06:24:00,0.37974325406770504
2019-04-04 06:27:00,0.3836431986371167
2019-04-04 06:30:00,0.3829878023462925
2019-04-04 06:33:00,0.2777061051770602
2019-04-04 06:36:00,0.2520134264009357
2019-04-04 06:39:00,0.2894061306081994
2019-04-04 06:42:00,0.35885858883557376
2019-04-04 06:45:00,0.20829611673730142
2019-04-04 06:48:00,0.3112144390158278
2019-04-04 06:51:00,0.3695729566288719
2019-04-04 06:54:00,0.32837369630397006
2019-04-04 06:57:00,0.2711077117930927
2019-04-04 07:00:00,0.40710976025559376
2019-04-04 07:03:00,0.29809966293902335
2019-04-04 07:06:00,0.2909488883410063
2019-04-04 07:09:00,0.29523400762991514
2019-04-04 07:12:00,0.3715322500486309
2019-04-04 07:15:00,0.2970811772804609
2019-04-04 07:18:00,0.3782416309009591
2019-04-04 07:21:00,0.23822798962328307
2019-04-04 07:24:00,0.2548047861382088
2019-04-04 07:27:00,0.30198788703518176
2019-04-04 07:30:00,0.285986433407345
2019-04-04 07:33:00,0.21484771875185515
2019-04-04 07:36:00,0.3523827169472611
2019-04-04 07:39:00,0.3368488947331798
2019-04-04 07:42:00,0.32384092973455836
2019-04-04 07:45:00,0.27171677292227514
2019-04-04 07:48:00,0.361285843938731
2019-04-04 07:51:00,0.19397598470470712
2019-04-04 07:54:00,0.16746412953682466
2019-04-04 07:57:00,0.2065070176186623
2019-04-04 08:00:00,0.15435347960197987
2019-04-04 08:03:00,0.19615638077874564
2019-04-04 08:06:00,0.28016771092848103
2019-04-04 08:09:00,0.2017076231661008
2019-04-04 08:12:00,0.20618158315238588
2019-04-04 08:15:00,0.23838849416364383
2019-04-04 08:18:00,0.24061543258505935
2019-04-04 08:21:00,0.30454188313194663
2019-04-04 08:24:00,0.23728880307112377
2019-04-04 08:27:00,0.2008471439013988
2019-04-04 08:30:00,0.3865494341895328
2019-04-04 08:33:00,0.26875744047976013
2019-04-04 08:36:00,0.3190556654196257
2019-04-04 08:39:00,0.2701469571601365
2019-04-04 08:42:00,0.24138518797434472
2019-04-04 08:45:00,0.2425595651114918
2019-04-04 08:48:00,0.1859590802177422
2019-04-04 08:51:00,0.20441918896142397
2019-04-04 08:54:00,0.23611766426319036
2019-04-04 08:57:00,0.162214369707101
2019-04-04 09:00:00,0.29165240779519763
2019-04-04 09:03:00,0.20437483987382166
2019-04-04 09:06:00,0.2310900207714326
2019-04-04 09:09:00,0.06039371437952923
2019-04-04 09:12:00,0.10826433442406369
2019-04-04 09:15:00,0.18115381818523701
2019-04-04 09:18:00,0.06646555477612992
2019-04-04 09:21:00,0.16495337478778538
2019-04-04 09:24:00,0.1287639846455022
2019-04-04 09:27:00,0.1392519731214179
2019-04-04 09:30:00,0.11753703031774876
2019-04-04 09:33:00,0.19182329996499448
2019-04-04 09:36:00,0.27120688376811586
2019-04-04 09:39:00,0.2574763430127973
2019-04-04 09:42:00,0.24908919432402854
2019-04-04 09:45:00,0.2881001344846936
2019-04-04 09:48:00,0.2773433328729311
2019-04-04 09:51:00,0.3075610161743043
2019-04-04 09:54:00,0.27201408627973933
2019-04-04 09:57:00,0.23097817931699183
2019-04-04 10:00:00,0.34861706651582836
2019-04-04 10:03:00,0.2642278299398413
2019-04-04 10:06:00,0.48262879202525255
2019-04-04 10:09:00,0.31050231382727134
2019-04-04 10:12:00,0.3507567907196858
2019-04-04 10:15:00,0.3664390906084236
2019-04-04 10:18:00,0.4056229455033531
2019-04-04 10:21:00,0.3903772890192272
2019-04-04 10:24:00,0.3146938260920251
2019-04-04 10:27:00,0.434418406611087
2019-04-04 10:30:00,0.331756352896889
2019-04-04 10:33:00,0.3768424629249125
2019-04-04 10:36:00,0.2417653314588506
2019-04-04 10:39:00,0.3296308128785199
2019-04-04 10:42:00,0.3231318100636713
2019-04-04 10:45:00,0.27874865426753104
2019-04-04 10:48:00,0.23166392566787408
2019-04-04 10:51:00,0.37593041392437954
2019-04-04 10:54:00,0.28266338102548616
2019-04-04 10:57:00,0.2222833225590648
2019-04-04 11:00:00,0.2491547808479595
2019-04-04 11:03:00,0.23013178703934045
2019-04-04 11:06:00,0.20884777483695416
2019-04-04 11:09:00,0.26411375049099206
2019-04-04 11:12:00,0.270345557272492
2019-04-04 11:15:00,0.15605176755792627
2019-04-04 11:18:00,0.15614046752051536
2019-04-04 11:21:00,0.19972179399007928
2019-04-04 11:24:00,0.03800780307886953
2019-04-04 11:27:00,0.05454689571411109
2019-04-04 11:30:00,0.06825340424330761
2019-04-04 11:33:00,0.1451295393570149
2019-04-04 11:36:00,0.03901681261191925
2019-04-04 11:39:00,0.13773665922968803
2019-04-04 11:42:00,0.06743568654775345
2019-04-04 11:45:00,-0.0819049110443757
2019-04-04 11:48:00,0.030803519422988757
2019-04-04 11:51:00,-0.08869178157789293
2019-04-04 11:54:00,0.040414913060487834
2019-04-04 11:57:00,0.0605194619025724
2019-04-04 12:00:00,-0.021142013498263168
2019-04-04 12:03:00,-0.029551668674400844
2019-04-04 12:06:00,0.01750762597390576
2019-04-04 12:09:00,0.09200644763024002
2019-04-04 12:12:00,-0.11658510500564034
2019-04-04 12:15:00,0.049222811793356414
2019-04-04 12:18:00,-0.009936980321356259
2019-04-04 12:21:00,-0.05704336089343087
2019-04-04 12:24:00,-0.06835391157198956
2019-04-04 12:27:00,-0.02646193254810214
2019-04-04 12:30:00,-0.02671715256076368
2019-04-04 12:33:00,-0.10575100570684981
2019-04-04 12:36:00,-0.14849238353008332
2019-04-04 12:39:00,-0.09311930314686379
2019-04-04 12:42:00,-0.08283283022075238
2019-04-04 12:45:00,-0.07100268884704519
2019-04-04 12:48:00,-0.08033875213794772
2019-04-04 12:51:00,-0.08916859403905164
2019-04-04 12:54:00,-0.10081672696691157
2019-04-04 12:57:00,-0.1276888783229424
2019-04-04 13:00:00,-0.052900965878222905
2019-04-04 13:03:00,-0.019078847325317838
2019-04-04 13:06:00,-0.01783078776821867
2019-04-04 13:09:00,-0.08506505623978455
2019-04-04 13:12:00,-0.19849936495575093
2019-04-04 13:15:00,-0.08135986158390551
2019-04-04 13:18:00,-0.06850315335128698
2019-04-04 13:21:00,-0.09708475679866524
2019-04-04 13:24:00,-0.20783088748908085
2019-04-04 13:27:00,-0.1777971512386216
2019-04-04 13:30:00,-0.08113943477678731
2019-04-04 13:33:00,-0.18880686021873316
2019-04-04 13:36:00,-0.2217430671445868
2019-04-04 13:39:00,-0.17102776380681917
2019-04-04 13:42:00,-0.16739539971757722
2019-04-04 13:45:00,-0.21018055089672316
2019-04-04 13:48:00,-0.22025568918536464
2019-04-04 13:51:00,-0.270987438781674
2019-04-04 13:54:00,-0.20804251655675898
2019-04-04 13:57:00,-0.23604886124326185
2019-04-04 14:00:00,-0.23216352321031763
2019-04-04 14:03:00,-0.25626359238839314
2019-04-04 14:06:00,-0.22154379311092498
2019-04-04 14:09:00,-0.30142484047200924
2019-04-04 14:12:00,-0.09176763576135727
2019-04-04 14:15:00,-0.16026225153353835
2019-04-04 14:18:00,-0.20913835823409954
2019-04-04 14:21:00,-0.17889317915989977
2019-04-04 14:24:00,-0.15635739981945562
2019-04-04 14:27:00,-0.017586819768098394
2019-04-04 14:30:00,-0.12623696797186312
2019-04-04 14:33:00,-0.12229114246804329
2019-04-04 14:36:00,-0.14007712997198496
2019-04-04 14:39:00,-0.17617154944446156
2019-04-04 14:42:00,-0.1794462106158221
2019-04-04 14:45:00,-0.14849848884603034
2019-04-04 14:48:00,0.05235207573974776
2019-04-04 14:51:00,-0.18160887956230454
2019-04-04 14:54:00,-0.1835842786296098
2019-04-04 14:57:00,-0.24317447283777938
2019-04-04 15:00:00,-0.2610420650858032
2019-04-04 15:03:00,-0.19365747275719514
2019-04-04 15:06:00,-0.2587583191290719
2019-04-04 15:09:00,-0.14556716285056837
2019-04-04 15:12:00,-0.2622640675138541
2019-04-04 15:15:00,-0.23521940982516298
2019-04-04 15:18:00,-0.2535609567470942
2019-04-04 15:21:00,-0.22252960160733437
2019-04-04 15:24:00,-0.11167189257923837
2019-04-04 15:27:00,-0.2053085843158442
2019-04-04 15:30:00,-0.1586171716343756
2019-04-04 15:33:00,-0.07306916475812386
2019-04-04 15:36:00,-0.0959292191816985
2019-04-04 15:39:00,0.08488612871701662
2019-04-04 15:42:00,-0.09528202515832618
2019-04-04 15:45:00,-0.13789104231778992
2019-04-04 15:48:00,-0.12275844939404124
2019-04-04 15:51:00,-0.02537839995164859
2019-04-04 15:54:00,-0.056355024273159415
2019-04-04 15:57:00,0.0818905585958305
2019-04-04 16:00:00,-0.012657846779404736
2019-04-04 16:03:00,-0.06629234218985403
2019-04-04 16:06:00,0.039479641566572354
2019-04-04 16:09:00,0.028908780241806653
2019-04-04 16:12:00,0.05457151923252468
2019-04-04 16:15:00,0.09934633883517563
2019-04-04 16:18:00,-0.06212953161417545
2019-04-04 16:21:00,0.0693711242814743
2019-04-04 16:24:00,0.053928132857549826
2019-04-04 16:27:00,-0.03357839572379362
2019-04-04 16:30:00,0.02053577074354962
2019-04-04 16:33:00,0.08657850822282853
2019-04-04 16:36:00,0.08113251903353103
2019-04-04 16:39:00,-0.04573525514689436
2019-04-04 16:42:00,0.051029220736950265
2019-04-04 16:45:00,-0.07500798562188038
2019-04-04 16:48:00,-0.11194022383784841
2019-04-04 16:51:00,0.009169755181176242
2019-04-04 16:54:00,0.05567293841392029
2019-04-04 16:57:00,-0.010573981528068543
2019-04-04 17:00:00,0.024639269074612002
2019-04-04 17:03:00,0.02995494326012249
2019-04-04 17:06:00,0.04865735140970173
2019-04-04 17:09:00,-0.004813083898284276
2019-04-04 17:12:00,-0.09416159366662669
2019-04-04 17:15:00,-0.06669983071304841
2019-04-04 17:18:00,-0.06370376827550217
2019-04-04 17:21:00,0.016311201348514714
2019-04-04 17:24:00,-0.0989229506658944
2019-04-04 17:27:00,-0.061647349766644766
2019-04-04 17:30:00,-0.12025573008088486
2019-04-04 17:33:00,-0.03247704158945908
2019-04-04 17:36:00,-0.09058905120514282
2019-04-04 17:39:00,-0.056396179059788665
2019-04-04 17:42:00,-0.07140313355074568
2019-04-04 17:45:00,-0.02847718698222934
2019-04-04 17:48:00,0.048782268093191306
2019-04-04 17:51:00,0.06394965440227907
2019-04-04 17:54:00,0.1356866167428734
2019-04-04 17:57:00,0.10264751503490288
2019-04-04 18:00:00,0.11415967817146111
2019-04-04 18:03:00,0.05350346782915949
2019-04-04 18:06:00,0.1583689301518234
2019-04-04 18:09:00,0.2989067669418546
2019-04-04 18:12:00,0.2477352190384181
2019-04-04 18:15:00,0.20926019759690462
2019-04-04 18:18:00,0.39979258752924807
2019-04-04 18:21:00,0.39360532778260904
2019-04-04 18:24:00,0.4676341665019663
2019-04-04 18:27:00,0.33762870149723767
2019-04-04 18:30:00,0.37112107395012117
2019-04-04 18:33:00,0.386938780225762
2019-04-04 18:36:00,0.411185970281565
2019-04-04 18:39:00,0.37545710900684526
2019-04-04 18:42:00,0.363156501271078
2019-04-04 18:45:00,0.2789889866428439
2019-04-04 18:48:00,0.410653079609574
2019-04-04 18:51:00,0.41868426533937964
2019-04-04 18:54:00,
2019-04-04 18:57:00,
2019-04-04 19:00:00,
2019-04-04 19:03:00,0.4785645837037009
2019-04-04 19:06:00,0.46679554338680873
2019-04-04 19:09:00,0.3255156592485946
2019-04-04 19:12:00,0.5868127326722288
2019-04-04 19:15:00,0.503029788322408
2019-04-04 19:18:00,0.427535096255383
2019-04-04 19:21:00,0.36071967787978565
2019-04-04 19:24:00,0.3710789129687555
2019-04-04 19:27:00,0.3407278723678928
2019-04-04 19:30:00,0.2883101066704512
2019-04-04 19:33:00,0.30238238058262823
2019-04-04 19:36:00,0.25302324041490465
2019-04-04 19:39:00,0.21268077252312878
2019-04-04 19:42:00,0.14240116153501958
2019-04-04 19:45:00,0.2187480031168434
2019-04-04 19:48:00,0.13676416163804106
2019-04-04 19:51:00,0.1989268564508393
2019-04-04 19:54:00,0.22025831929408923
2019-04-04 19:57:00,0.165532332015232
2019-04-04 20:00:00,0.25488284690118235
2019-04-04 20:03:00,0.2315538334191274
2019-04-04 20:06:00,0.2131573895476322
2019-04-04 20:09:00,0.1675776423974753
2019-04-04 20:12:00,0.2648088606761121
2019-04-04 20:15:00,0.2647244158937383
2019-04-04 20:18:00,0.33553087850611973
2019-04-04 20:21:00,0.21374641715618736
2019-04-04 20:24:00,0.4261024648283751
2019-04-04 20:27:00,0.39322390474637814
2019-04-04 20:30:00,0.3895968770428908
2019-04-04 20:33:00,0.4809356675912113
2019-04-04 20:36:00,0.5686186443780343
2019-04-04 20:39:00,0.6587413643484297
2019-04-04 20:42:00,0.5335705220048794
2019-04-04 20:45:00,0.551263545580639
2019-04-04 20:48:00,0.6675931662611561
2019-04-04 20:51:00,0.703933823610214
2019-04-04 20:54:00,0.7034766820201526
2019-04-04 20:57:00,0.7437716083996406
2019-04-04 21:00:00,0.6120622471561887
2019-04-04 21:03:00,0.6923297566592055
2019-04-04 21:06:00,0.7441456174802283
2019-04-04 21:09:00,0.6032857979724895
2019-04-04 21:12:00,0.7153423558670511
2019-04-04 21:15:00,0.6170989752976084
2019-04-04 21:18:00,0.5412088579847136
2019-04-04 21:21:00,0.43463874088649845
2019-04-04 21:24:00,0.2803328966341496
2019-04-04 21:27:00,0.21993618223518752
2019-04-04 21:30:00,0.25136962178407884
2019-04-04 21:33:00,0.41195855370079926
2019-04-04 21:36:00,0.45307110975585374
2019-04-04 21:39:00,0.611034652525916
2019-04-04 21:42:00,0.6660709176599084
2019-04-04 21:45:00,0.7571243059994117
2019-04-04 21:48:00,0.5144118336963288
2019-04-04 21:51:00,0.38074650583268976
2019-04-04 21:54:00,0.3151431066519308
2019-04-04 21:57:00,0.3691540868502443
2019-04-04 22:00:00,0.4009290789450688
2019-04-04 22:03:00,0.33960658714852343
2019-04-04 22:06:00,0.3470463007145099
2019-04-04 22:09:00,0.39654942676423843
2019-04-04 22:12:00,0.40853090800618475
2019-04-04 22:15:00,0.40490400381605696
2019-04-04 22:18:00,0.3464987070232155
2019-04-04 22:21:00,0.23815671609855826
2019-04-04 22:24:00,0.38692631036013836
2019-04-04 22:27:00,0.2572581865081247
2019-04-04 22:30:00,0.16651872125174805
2019-04-04 22:33:00,0.22064797592150853
2019-04-04 22:36:00,0.2581075236010406
2019-04-04 22:39:00,0.24146951765646918
2019-04-04 22:42:00,0.15135744095459813
2019-04-04 22:45:00,0.19707329499755133
2019-04-04 22:48:00,0.19162490150341682
2019-04-04 22:51:00,0.185180973289107
2019-04-04 22:54:00,0.21073544374723951
2019-04-04 22:57:00,0.17658089248635633
2019-04-04 23:00:00,0.15950605978218846
2019-04-04 23:03:00,0.22496204862051172
2019-04-04 23:06:00,0.15756855795160618
2019-04-04 23:09:00,0.2280282064056678
2019-04-04 23:12:00,0.29504898152180203
2019-04-04 23:15:00,0.18673769076667668
2019-04-04 23:18:00,0.24903472377945945
2019-04-04 23:21:00,0.20721689261688425
2019-04-04 23:24:00,0.3085199612792735
2019-04-04 23:27:00,0.243584131825628
2019-04-04 23:30:00,0.22103270820184662
2019-04-04 23:33:00,0.20180927047891828
2019-04-04 23:36:00,0.2314805129902311
2019-04-04 23:39:00,0.21266800058333502
2019-04-04 23:42:00,0.273441498918487
2019-04-04 23:45:00,0.3219821083367833
2019-04-04 23:48:00,0.34438578158028577
2019-04-04 23:51:00,0.262416017980172
2019-04-04 23:54:00,0.3195579533016826
2019-04-04 23:57:00,0.2720520513030351
2019-04-05 00:00:00,0.30630329721714133
2019-04-05 00:03:00,0.28652558685178064
2019-04-05 00:06:00,0.2934522406596898
2019-04-05 00:09:00,0.341654378193482
2019-04-05 00:12:00,0.2700877321969415
2019-04-05 00:15:00,0.3703610223003011
2019-04-05 00:18:00,0.30602209280601755
2019-04-05 00:21:00,0.3932032643241996
2019-04-05 00:24:00,0.3566026422024038
2019-04-05 00:27:00,0.3337432188793059
2019-04-05 00:30:00,0.43607624673302325
2019-04-05 00:33:00,0.3703496265590047
2019-04-05 00:36:00,0.4113410994008291
2019-04-05 00:39:00,0.49275445826270925
2019-04-05 00:42:00,0.5126138885668183
2019-04-05 00:45:00,0.5205374958597417
2019-04-05 00:48:00,0.5066015886761761
2019-04-05 00:51:00,0.5272440789736947
2019-04-05 00:54:00,0.4295438165323162
2019-04-05 00:57:00,0.5233653790657513
2019-04-05 01:00:00,0.46717614441121214
2019-04-05 01:03:00,0.5794115007909113
2019-04-05 01:06:00,0.45120589859931215
2019-04-05 01:09:00,0.41731961954513963
2019-04-05 01:12:00,0.2848242994704151
2019-04-05 01:15:00,0.4495762365439191
2019-04-05 01:18:00,0.42372038837976334
2019-04-05 01:21:00,0.4319509176995098
2019-04-05 01:24:00,0.4371696328473149
2019-04-05 01:27:00,0.42860600709946084
2019-04-05 01:30:00,0.4943611267062238
2019-04-05 01:33:00,0.495183986805273
2019-04-05 01:36:00,0.5528350192014386
2019-04-05 01:39:00,0.5345121398157175
2019-04-05 01:42:00,0.6185847156254454
2019-04-05 01:45:00,0.5621330858383544
2019-04-05 01:48:00,0.5462542516602298
2019-04-05 01:51:00,0.5422800861667838
2019-04-05 01:54:00,0.7022647074160204
2019-04-05 01:57:00,0.6210657325385682
2019-04-05 02:00:00,0.5988667055562473
2019-04-05 02:03:00,0.5433675111883076
2019-04-05 02:06:00,0.6066922171719966
2019-04-05 02:09:00,0.6465150911284354
2019-04-05 02:12:00,0.6870164794623861
2019-04-05 02:15:00,0.644499851479793
2019-04-05 02:18:00,0.6677950689289673
2019-04-05 02:21:00,0.568732735900312
2019-04-05 02:24:00,0.5492715437913489
2019-04-05 02:27:00,0.5536613316215835
2019-04-05 02:30:00,0.5392227572160664
2019-04-05 02:33:00,0.6734345262286183
2019-04-05 02:36:00,0.5982117438350087
2019-04-05 02:39:00,0.7524219773067671
2019-04-05 02:42:00,0.7552982026533073
2019-04-05 02:45:00,0.6448468785955583
2019-04-05 02:48:00,0.7802768692219502
2019-04-05 02:51:00,0.7624962138307865
2019-04-05 02:54:00,0.7730102966928598
2019-04-05 02:57:00,0.7275543820810526
2019-04-05 03:00:00,0.8159836374114207
2019-04-05 03:03:00,0.7489662998908102
2019-04-05 03:06:00,0.625244099451038
2019-04-05 03:09:00,0.5715015793613247
2019-04-05 03:12:00,0.6832533300874957
2019-04-05 03:15:00,0.5599172731252793
2019-04-05 03:18:00,0.5412601326491995
2019-04-05 03:21:00,0.6854713478489316
2019-04-05 03:24:00,0.6971391467702119
2019-04-05 03:27:00,0.7639598272244825
2019-04-05 03:30:00,0.7085947651315792
2019-04-05 03:33:00,0.7030552395905829
2019-04-05 03:36:00,0.6526659014040774
2019-04-05 03:39:00,0.7518512781662139
2019-04-05 03:42:00,0.7073879750634546
2019-04-05 03:45:00,0.5972025073072587
2019-04-05 03:48:00,0.6116219887927059
2019-04-05 03:51:00,0.5491017327336749
2019-04-05 03:54:00,0.512879558882787
2019-04-05 03:57:00,0.6218483911146677
2019-04-05 04:00:00,0.7588603163199537
2019-04-05 04:03:00,0.808254522181528
2019-04-05 04:06:00,0.8366395168765735
2019-04-05 04:09:00,0.5862507812519766
2019-04-05 04:12:00,0.6592820330435529
2019-04-05 04:15:00,0.5672331895505067
2019-04-05 04:18:00,0.5651947022140575
2019-04-05 04:21:00,0.41658935470775305
2019-04-05 04:24:00,0.4817218877674918
2019-04-05 04:27:00,0.44789698782864207
2019-04-05 04:30:00,0.5598919625356302
2019-04-05 04:33:00,0.6238223671148262
2019-04-05 04:36:00,0.7098174600474181
2019-04-05 04:39:00,0.7752298620823694
2019-04-05 04:42:00,0.7715196377239977
2019-04-05 04:45:00,0.7877784452256833
2019-04-05 04:48:00,0.8395079389034663
2019-04-05 04:51:00,0.8052277331638606
2019-04-05 04:54:00,0.6755587322319911
2019-04-05 04:57:00,0.5833914639297291
2019-04-05 05:00:00,0.5749500063909636
2019-04-05 05:03:00,0.6498280223250958
2019-04-05 05:06:00,0.6644334917559149
2019-04-05 05:09:00,0.5050582337011633
2019-04-05 05:12:00,0.41809054443484683
2019-04-05 05:15:00,0.444885220421952
2019-04-05 05:18:00,0.401464250000231
2019-04-05 05:21:00,0.4562130673762681
2019-04-05 05:24:00,0.47532861143548644
2019-04-05 05:27:00,0.4263824663218543
2019-04-05 05:30:00,0.4196748317139054
2019-04-05 05:33:00,0.43677699939246395
2019-04-05 05:36:00,0.3812257959605745
2019-04-05 05:39:00,0.34204428009957155
2019-04-05 05:42:00,0.3460211187641562
2019-04-05 05:45:00,0.3610570646850988
2019-04-05 05:48:00,0.3776492397303741
2019-04-05 05:51:00,0.37952467916630894
2019-04-05 05:54:00,0.41315350850879895
2019-04-05 05:57:00,0.4330123230645313
2019-04-05 06:00:00,0.3189798528727579
2019-04-05 06:03:00,0.4116651914688987
2019-04-05 06:06:00,0.38501285908068894
2019-04-05 06:09:00,0.38117320945133315
2019-04-05 06:12:00,0.3780034588647254
2019-04-05 06:15:00,0.31781128390264257
2019-04-05 06:18:00,0.36014782030372317
2019-04-05 06:21:00,0.3150107273772278
2019-04-05 06:24:00,0.37804275862964687
2019-04-05 06:27:00,0.4205288298345522
2019-04-05 06:30:00,0.4643517502213399
2019-04-05 06:33:00,0.3988897485473899
2019-04-05 06:36:00,0.29641997976477796
2019-04-05 06:39:00,0.4430932502698397
2019-04-05 06:42:00,0.48545431165462105
2019-04-05 06:45:00,0.49513714857840796
2019-04-05 06:48:00,0.4573796147626581
2019-04-05 06:51:00,0.5130358577663401
2019-04-05 06:54:00,0.3891155789048639
2019-04-05 06:57:00,0.4683900524680098
2019-04-05 07:00:00,0.5013250607792088
2019-04-05 07:03:00,0.4616294565978478
2019-04-05 07:06:00,0.43523205113103813
2019-04-05 07:09:00,0.48049535169582214
2019-04-05 07:12:00,0.4108257321080373
2019-04-05 07:15:00,0.4939270244152567
2019-04-05 07:18:00,0.479355615590805
2019-04-05 07:21:00,0.42415454641974293
2019-04-05 07:24:00,0.44091768923988184
2019-04-05 07:27:00,0.4653626390870613
2019-04-05 07:30:00,0.48644375119380356
2019-04-05 07:33:00,0.3020949423086563
2019-04-05 07:36:00,0.411220885166415
2019-04-05 07:39:00,0.42574153512293833
2019-04-05 07:42:00,0.47552067681277777
2019-04-05 07:45:00,0.4439322751339887
2019-04-05 07:48:00,0.4295437550278507
2019-04-05 07:51:00,0.21378606623380847
2019-04-05 07:54:00,0.33319769999434357
2019-04-05 07:57:00,0.2757240997545978
2019-04-05 08:00:00,0.3254993552416181
2019-04-05 08:03:00,0.29853037449146314
2019-04-05 08:06:00,0.343907235540712
2019-04-05 08:09:00,0.3545798336456869
2019-04-05 08:12:00,0.2928279511307892
2019-04-05 08:15:00,0.27884671990568677
2019-04-05 08:18:00,0.3277309830545505
2019-04-05 08:21:00,0.34401855546650495
2019-04-05 08:24:00,0.2229673104384915
2019-04-05 08:27:00,0.24958607617924145
2019-04-05 08:30:00,0.21466168227573235
2019-04-05 08:33:00,0.34260809767738465
2019-04-05 08:36:00,0.17247732712121433
2019-04-05 08:39:00,0.11385097218732199
2019-04-05 08:42:00,0.12228234037496577
2019-04-05 08:45:00,0.1368021024613313
2019-04-05 08:48:00,0.11859106709800926
2019-04-05 08:51:00,0.16650847945334135
2019-04-05 08:54:00,0.11112288955303029
2019-04-05 08:57:00,0.14289620264105451
2019-04-05 09:00:00,0.18431336274903742
2019-04-05 09:03:00,0.18694457986032376
2019-04-05 09:06:00,0.2759147845812322
2019-04-05 09:09:00,0.1567881059373235
2019-04-05 09:12:00,0.13662795756988544
2019-04-05 09:15:00,0.17891980463139134
2019-04-05 09:18:00,0.16838122364214314
2019-04-05 09:21:00,0.2131432527880861
2019-04-05 09:24:00,0.18836783766613507
2019-04-05 09:27:00,0.15085645907282696
2019-04-05 09:30:00,0.09932276871217027
2019-04-05 09:33:00,0.12955214135968163
2019-04-05 09:36:00,0.2088273852729685
2019-04-05 09:39:00,0.15633244013605463
2019-04-05 09:42:00,0.06047291364222929
2019-04-05 09:45:00,0.15808548316255155
2019-04-05 09:48:00,0.15049904236468592
2019-04-05 09:51:00,0.024605171957659877
2019-04-05 09:54:00,0.14047469047488903
2019-04-05 09:57:00,0.15353761971442736
2019-04-05 10:00:00,0.04654054059159307
2019-04-05 10:03:00,0.14474595704103876
2019-04-05 10:06:00,0.16246492131949708
2019-04-05 10:09:00,0.18364473949799276
2019-04-05 10:12:00,0.24403491214235373
2019-04-05 10:15:00,0.1550950291785398
2019-04-05 10:18:00,0.2465125151744587
2019-04-05 10:21:00,0.16372134332766564
2019-04-05 10:24:00,0.19760459646090567
2019-04-05 10:27:00,0.21084010587316016
2019-04-05 10:30:00,0.19068149349129726
2019-04-05 10:33:00,0.1634255557795541
2019-04-05 10:36:00,0.1605423681281195
2019-04-05 10:39:00,0.1709675614953312
2019-04-05 10:42:00,0.1459826023453843
2019-04-05 10:45:00,0.17220686060363732
2019-04-05 10:48:00,0.13097899415265601
2019-04-05 10:51:00,0.13788492417540965
2019-04-05 10:54:00,0.13163752931626505
2019-04-05 10:57:00,0.22382079296556867
2019-04-05 11:00:00,0.1386423199227238
2019-04-05 11:03:00,0.09211746718005998
2019-04-05 11:06:00,-0.07806127601895696
2019-04-05 11:09:00,0.1000680281139239
2019-04-05 11:12:00,0.06815232952197903
2019-04-05 11:15:00,0.08781730203332927
2019-04-05 11:18:00,0.004327475563172811
2019-04-05 11:21:00,0.03884747150402745
2019-04-05 11:24:00,0.014109901795563928
2019-04-05 11:27:00,0.0794392212237085
2019-04-05 11:30:00,0.044505611798740574
2019-04-05 11:33:00,-0.0027396023447181506
2019-04-05 11:36:00,0.11553520861474453
2019-04-05 11:39:00,0.05135239028845717
2019-04-05 11:42:00,0.07245203992067673
2019-04-05 11:45:00,0.07442315187739723
2019-04-05 11:48:00,0.11333570301752616
2019-04-05 11:51:00,-0.05481393529100842
2019-04-05 11:54:00,0.2579874547672034
2019-04-05 11:57:00,0.31949098420301425
2019-04-05 12:00:00,0.03586010308504228
2019-04-05 12:03:00,0.01881312155012438
2019-04-05 12:06:00,-0.010291379813338608
2019-04-05 12:09:00,0.16919455149769647
2019-04-05 12:12:00,0.17689657623247967
2019-04-05 12:15:00,0.11167558740635286
2019-04-05 12:18:00,0.1920250209778942
2019-04-05 12:21:00,0.04841194203328314
2019-04-05 12:24:00,0.1148255369316189
2019-04-05 12:27:00,-0.003813066305724533
2019-04-05 12:30:00,0.014776670582989482
2019-04-05 12:33:00,-0.040333401192128804
2019-04-05 12:36:00,0.08209588794790079
2019-04-05 12:39:00,0.07605356128459562
2019-04-05 12:42:00,0.03614337612697227
2019-04-05 12:45:00,0.014653608006710783
2019-04-05 12:48:00,0.08878526339259452
2019-04-05 12:51:00,0.07643847647375424
2019-04-05 12:54:00,0.0816799006479414
2019-04-05 12:57:00,0.04619919039669185
2019-04-05 13:00:00,0.11026848186867255
2019-04-05 13:03:00,0.15237880910086687
2019-04-05 13:06:00,0.04233431965349155
2019-04-05 13:09:00,0.055646873139323816
2019-04-05 13:12:00,-0.14185513805267647
2019-04-05 13:15:00,0.045674236401850976
2019-04-05 13:18:00,0.06303586165944353
2019-04-05 13:21:00,-0.021562578687905898
2019-04-05 13:24:00,0.031927257275810916
2019-04-05 13:27:00,0.07211365968561267
2019-04-05 13:30:00,0.0030370710721854266
2019-04-05 13:33:00,-0.08342811848132214
2019-04-05 13:36:00,0.01936503115297228
2019-04-05 13:39:00,0.031950079387968344
2019-04-05 13:42:00,-0.04853493620379368
2019-04-05 13:45:00,-0.15492228540915676
2019-04-05 13:48:00,-0.06179876668215911
2019-04-05 13:51:00,-0.11458008904651251
2019-04-05 13:54:00,-0.16362324864280708
2019-04-05 13:57:00,-0.20475301494741416
2019-04-05 14:00:00,-0.12943698655311664
2019-04-05 14:03:00,-0.14949656522298937
2019-04-05 14:06:00,-0.12156629342166525
2019-04-05 14:09:00,-0.18212258068263054
2019-04-05 14:12:00,-0.11524461532286523
2019-04-05 14:15:00,-0.20857132862164462
2019-04-05 14:18:00,-0.16956250521371885
2019-04-05 14:21:00,-0.12209183414978497
2019-04-05 14:24:00,-0.12696444417122166
2019-04-05 14:27:00,-0.20287299039250684
2019-04-05 14:30:00,-0.20612970024888
2019-04-05 14:33:00,-0.1882295818850821
2019-04-05 14:36:00,-0.1831025500929968
2019-04-05 14:39:00,-0.1968945527863184
2019-04-05 14:42:00,-0.14990971238466955
2019-04-05 14:45:00,-0.1856930035348796
2019-04-05 14:48:00,-0.14110066833183055
2019-04-05 14:51:00,-0.12371704295259178
2019-04-05 14:54:00,-0.18189012895749102
2019-04-05 14:57:00,-0.2064307210662264
2019-04-05 15:00:00,-0.20804520826590078
2019-04-05 15:03:00,-0.18664954952186008
2019-04-05 15:06:00,-0.17079921593369818
2019-04-05 15:09:00,-0.23390278736900427
2019-04-05 15:12:00,-0.13662496437763139
2019-04-05 15:15:00,-0.20000944688183608
2019-04-05 15:18:00,-0.11403757771381606
2019-04-05 15:21:00,-0.12133622376336461
2019-04-05 15:24:00,-0.25522741248727243
2019-04-05 15:27:00,-0.1566024091680447
2019-04-05 15:30:00,-0.24410999585745685
2019-04-05 15:33:00,-0.12449380426630796
2019-04-05 15:36:00,-0.15031130369862922
2019-04-05 15:39:00,-0.07021115342968187
2019-04-05 15:42:00,-0.06380320618774249
2019-04-05 15:45:00,-0.04625554994976255
2019-04-05 15:48:00,-0.05456159132523908
2019-04-05 15:51:00,-0.017965938418512906
2019-04-05 15:54:00,-0.06130729852151262
2019-04-05 15:57:00,-0.16735877823288092
2019-04-05 16:00:00,-0.1994699934379014
2019-04-05 16:03:00,-0.17229461761149878
2019-04-05 16:06:00,-0.16675976685189653
2019-04-05 16:09:00,-0.1729891058952262
2019-04-05 16:12:00,-0.09739977299739166
2019-04-05 16:15:00,-0.042075251793676216
2019-04-05 16:18:00,-0.16336753413372662
2019-04-05 16:21:00,-0.06850451947946112
2019-04-05 16:24:00,-0.0763065475791791
2019-04-05 16:27:00,-0.06383649521370671
2019-04-05 16:30:00,-0.10061934232811609
2019-04-05 16:33:00,-0.11580641205205211
2019-04-05 16:36:00,-0.12739025542663285
2019-04-05 16:39:00,-0.21331519514177444
2019-04-05 16:42:00,-0.22712485288866446
2019-04-05 16:45:00,-0.13608329828213073
2019-04-05 16:48:00,-0.12014187693478107
2019-04-05 16:51:00,0.015572063773959144
2019-04-05 16:54:00,-0.08651617884112284
2019-04-05 16:57:00,0.04364438609042054
2019-04-05 17:00:00,0.1615124946380888
2019-04-05 17:03:00,0.2787765668364841
2019-04-05 17:06:00,0.1539499236262145
2019-04-05 17:09:00,0.22039692849892845
2019-04-05 17:12:00,0.2468821833111292
2019-04-05 17:15:00,0.36807177677673053
2019-04-05 17:18:00,0.3824394261068278
2019-04-05 17:21:00,0.3579434326814521
2019-04-05 17:24:00,0.4406706003512113
2019-04-05 17:27:00,0.37738265705701224
2019-04-05 17:30:00,0.4053222165149464
2019-04-05 17:33:00,0.4955080986024427
2019-04-05 17:36:00,0.4587192920699863
2019-04-05 17:39:00,0.5285134919530492
2019-04-05 17:42:00,0.3635879794241532
2019-04-05 17:45:00,0.22770841543939468
2019-04-05 17:48:00,0.19869349025879046
2019-04-05 17:51:00,0.16332908670915458
2019-04-05 17:54:00,0.17813568542527491
2019-04-05 17:57:00,0.24022112901241144
2019-04-05 18:00:00,0.2540772070746584
2019-04-05 18:03:00,0.2490899827326416
2019-04-05 18:06:00,0.23735660126038738
2019-04-05 18:09:00,0.31407609836463735
2019-04-05 18:12:00,0.23139593451173823
2019-04-05 18:15:00,0.26882214806664706
2019-04-05 18:18:00,0.3096774333345138
2019-04-05 18:21:00,0.3065536083982465
2019-04-05 18:24:00,0.2640681007193848
2019-04-05 18:27:00,0.2685481859330707
2019-04-05 18:30:00,0.3106220532282009
2019-04-05 18:33:00,0.3122890366429374
2019-04-05 18:36:00,0.35598726406033165
2019-04-05 18:39:00,0.32782656011852396
2019-04-05 18:42:00,0.25480398751000166
2019-04-05 18:45:00,0.21800876165468708
2019-04-05 18:48:00,0.26152982995103
2019-04-05 18:51:00,0.29078202197820247
2019-04-05 18:54:00,
2019-04-05 18:57:00,
2019-04-05 19:00:00,
2019-04-05 19:03:00,0.2814128937392866
2019-04-05 19:06:00,0.19398976388725941
2019-04-05 19:09:00,0.32171649593340135
2019-04-05 19:12:00,0.40252547865588895
2019-04-05 19:15:00,0.35580978780268424
2019-04-05 19:18:00,0.6074625988891853
2019-04-05 19:21:00,0.5542015277209771
2019-04-05 19:24:00,0.5052731812141928
2019-04-05 19:27:00,0.5245553052288869
2019-04-05 19:30:00,0.5756705863457228
2019-04-05 19:33:00,0.5896032931802324
2019-04-05 19:36:00,0.5123177036023776
2019-04-05 19:39:00,0.4607118734107871
2019-04-05 19:42:00,0.43869951649026007
2019-04-05 19:45:00,0.3900003127387208
2019-04-05 19:48:00,0.3558543024822711
2019-04-05 19:51:00,0.3742817858769172
2019-04-05 19:54:00,0.4988112773492617
2019-04-05 19:57:00,0.408924862166657
2019-04-05 20:00:00,0.5998984130811778
2019-04-05 20:03:00,0.5567466415984086
2019-04-05 20:06:00,0.6288437616730675
2019-04-05 20:09:00,0.6004328997662469
2019-04-05 20:12:00,0.6144622595920168
2019-04-05 20:15:00,0.6079406817484028
2019-04-05 20:18:00,0.7073025431370183
2019-04-05 20:21:00,0.599825984906488
2019-04-05 20:24:00,0.5487876790133441
2019-04-05 20:27:00,0.4843418091035687
2019-04-05 20:30:00,0.4395299908955508
2019-04-05 20:33:00,0.37027350706961215
2019-04-05 20:36:00,0.4276870606609009
2019-04-05 20:39:00,0.4254345134951336
2019-04-05 20:42:00,0.48333188674735084
2019-04-05 20:45:00,0.4036602040497428
2019-04-05 20:48:00,0.3944512586531346
2019-04-05 20:51:00,0.45750079196471916
2019-04-05 20:54:00,0.3107595092589577
2019-04-05 20:57:00,0.3267698839978834
2019-04-05 21:00:00,0.424225177113442
2019-04-05 21:03:00,0.38665042169225217
2019-04-05 21:06:00,0.4830923578303441
2019-04-05 21:09:00,0.4261049124812075
2019-04-05 21:12:00,0.5256485375210218
2019-04-05 21:15:00,0.6213892558696443
2019-04-05 21:18:00,0.5354140776668714
2019-04-05 21:21:00,0.5728713150741669
2019-04-05 21:24:00,0.4767403307685072
2019-04-05 21:27:00,0.41631508490672786
2019-04-05 21:30:00,0.48102769899645637
2019-04-05 21:33:00,0.48363895896960685
2019-04-05 21:36:00,0.5787932653822168
2019-04-05 21:39:00,0.6625093822367489
2019-04-05 21:42:00,0.5654153631375038
2019-04-05 21:45:00,0.6348968173982712
2019-04-05 21:48:00,0.5881492870848888
2019-04-05 21:51:00,0.517850864010029
2019-04-05 21:54:00,0.5308435396491404
2019-04-05 21:57:00,0.4568334543324113
2019-04-05 22:00:00,0.5070994127398194
2019-04-05 22:03:00,0.5273511356517133
2019-04-05 22:06:00,0.34651316310356606
2019-04-05 22:09:00,0.3250019686620931
2019-04-05 22:12:00,0.34527819572616636
2019-04-05 22:15:00,0.39118662003050986
2019-04-05 22:18:00,0.3403501987632467
2019-04-05 22:21:00,0.34999013936192114
2019-04-05 22:24:00,0.39357590699717093
2019-04-05 22:27:00,0.3980101870176327
2019-04-05 22:30:00,0.4768167128601135
2019-04-05 22:33:00,0.3813491816164287
2019-04-05 22:36:00,0.4115235102502197
2019-04-05 22:39:00,0.3434079366712126
2019-04-05 22:42:00,0.3645964542330944
2019-04-05 22:45:00,0.3940424668591618
2019-04-05 22:48:00,0.3394762413802823
2019-04-05 22:51:00,0.34416818332601906
2019-04-05 22:54:00,0.33747602832886514
2019-04-05 22:57:00,0.3003929057850314
2019-04-05 23:00:00,0.37850158019915625
2019-04-05 23:03:00,0.4317451391409577
2019-04-05 23:06:00,0.38389937361245074
2019-04-05 23:09:00,0.42895738002437156
2019-04-05 23:12:00,0.3077682161559778
2019-04-05 23:15:00,0.3524708302027193
2019-04-05 23:18:00,0.39354619502506694
2019-04-05 23:21:00,0.3740001440362448
2019-04-05 23:24:00,0.46317495287433985
2019-04-05 23:27:00,0.40560263947941166
2019-04-05 23:30:00,0.40855031305778766
2019-04-05 23:33:00,0.46572394062701505
2019-04-05 23:36:00,0.44870031729766424
2019-04-05 23:39:00,0.4079603639978018
2019-04-05 23:42:00,0.35935976208941156
2019-04-05 23:45:00,0.40816980169330463
2019-04-05 23:48:00,0.4870095691192091
2019-04-05 23:51:00,0.4030147935987429
2019-04-05 23:54:00,0.41097974391044545
2019-04-05 23:57:00,0.3386237699203889
2019-04-06 00:00:00,0.4087318789214578
2019-04-06 00:03:00,0.39308017076814394
2019-04-06 00:06:00,0.4107475649382195
2019-04-06 00:09:00,0.33809916297644804
2019-04-06 00:12:00,0.32116647473316107
2019-04-06 00:15:00,0.4324293557515375
2019-04-06 00:18:00,0.4128699962055862
2019-04-06 00:21:00,0.3401724927329042
2019-04-06 00:24:00,0.3822588556676578
2019-04-06 00:27:00,0.38373771788246813
2019-04-06 00:30:00,0.2934535206962323
2019-04-06 00:33:00,0.4327888823618764
2019-04-06 00:36:00,0.3452959630915302
2019-04-06 00:39:00,0.40848701054108005
2019-04-06 00:42:00,0.48255814798108077
2019-04-06 00:45:00,0.443026788134091
2019-04-06 00:48:00,0.48059306136997293
2019-04-06 00:51:00,0.4971652487853362
2019-04-06 00:54:00,0.44552281485607637
2019-04-06 00:57:00,0.4718213211568809
2019-04-06 01:00:00,0.4831179211248582
2019-04-06 01:03:00,0.4354416820648339
2019-04-06 01:06:00,0.4989233083408635
2019-04-06 01:09:00,0.45094877206355477
2019-04-06 01:12:00,0.4889782064834094
2019-04-06 01:15:00,0.5057484204763796
2019-04-06 01:18:00,0.553204234036059
2019-04-06 01:21:00,0.5114349668400564
2019-04-06 01:24:00,0.5249946491333048
2019-04-06 01:27:00,0.5353221507662624
2019-04-06 01:30:00,0.5264990949681874
2019-04-06 01:33:00,0.4686353943444601
2019-04-06 01:36:00,0.5181581744144523
2019-04-06 01:39:00,0.5746679576937481
2019-04-06 01:42:00,0.5464247851081154
2019-04-06 01:45:00,0.47247253298758096
2019-04-06 01:48:00,0.502600069092864
2019-04-06 01:51:00,0.552278006570873
2019-04-06 01:54:00,0.5079908947732861
2019-04-06 01:57:00,0.49331107531969565
2019-04-06 02:00:00,0.5251246832970082
2019-04-06 02:03:00,0.5420973964954783
2019-04-06 02:06:00,0.5872055262703952
2019-04-06 02:09:00,0.5620856472578453
2019-04-06 02:12:00,0.5554663578774353
2019-04-06 02:15:00,0.57311383842125
2019-04-06 02:18:00,0.5871800486827397
2019-04-06 02:21:00,0.5365444340650924
2019-04-06 02:24:00,0.5782496978412723
2019-04-06 02:27:00,0.5268943910047597
2019-04-06 02:30:00,0.5300181478675086
2019-04-06 02:33:00,0.5800091208408844
2019-04-06 02:36:00,0.4664140346965837
2019-04-06 02:39:00,0.46123825814913744
2019-04-06 02:42:00,0.5051235513878396
2019-04-06 02:45:00,0.5128383224630966
2019-04-06 02:48:00,0.5753870002172334
2019-04-06 02:51:00,0.552549490519084
2019-04-06 02:54:00,0.4760193599881859
2019-04-06 02:57:00,0.4791531903438795
2019-04-06 03:00:00,0.49212517255870125
2019-04-06 03:03:00,0.5261041705434195
2019-04-06 03:06:00,0.42280151265612176
2019-04-06 03:09:00,0.4995352633042671
2019-04-06 03:12:00,0.4723200010381561
2019-04-06 03:15:00,0.47754574182596343
2019-04-06 03:18:00,0.4118485025267091
2019-04-06 03:21:00,0.42260266985329054
2019-04-06 03:24:00,0.4605534611618509
2019-04-06 03:27:00,0.4485819290788413
2019-04-06 03:30:00,0.5547173275584782
2019-04-06 03:33:00,0.5197654457233511
2019-04-06 03:36:00,0.4991280416832069
2019-04-06 03:39:00,0.5908188870636764
2019-04-06 03:42:00,0.5550645839408048
2019-04-06 03:45:00,0.5113357496925346
2019-04-06 03:48:00,0.5445341724940249
2019-04-06 03:51:00,0.5108977215899131
2019-04-06 03:54:00,0.4508996247061532
2019-04-06 03:57:00,0.5085439461847159
2019-04-06 04:00:00,0.5185398793008176
2019-04-06 04:03:00,0.529229256406893
2019-04-06 04:06:00,0.6571331841661845
2019-04-06 04:09:00,0.5527061123630688
2019-04-06 04:12:00,0.4888618447189401
2019-04-06 04:15:00,0.5389697279176744
2019-04-06 04:18:00,0.458404268946083
2019-04-06 04:21:00,0.4719192814802682
2019-04-06 04:24:00,0.44559865006857535
2019-04-06 04:27:00,0.5383191012279553
2019-04-06 04:30:00,0.4672093147291889
2019-04-06 04:33:00,0.4784414151455394
2019-04-06 04:36:00,0.41207485419204204
2019-04-06 04:39:00,0.5449569595964476
2019-04-06 04:42:00,0.5482486221369527
2019-04-06 04:45:00,0.4647181867208019
2019-04-06 04:48:00,0.42478908165946905
2019-04-06 04:51:00,0.46153398673652646
2019-04-06 04:54:00,0.4396911592669426
2019-04-06 04:57:00,0.5399586689422904
2019-04-06 05:00:00,0.4823968314429976
2019-04-06 05:03:00,0.47631865402360063
2019-04-06 05:06:00,0.48126993478632585
2019-04-06 05:09:00,0.49927615514644685
2019-04-06 05:12:00,0.4979456770208799
2019-04-06 05:15:00,0.3495477086437404
2019-04-06 05:18:00,0.43482453887492056
2019-04-06 05:21:00,0.48076987355494794
2019-04-06 05:24:00,0.43343299370820887
2019-04-06 05:27:00,0.4407412113745295
2019-04-06 05:30:00,0.4197566151719343
2019-04-06 05:33:00,0.5314695929291702
2019-04-06 05:36:00,0.3062995826276733
2019-04-06 05:39:00,0.42689384468616254
2019-04-06 05:42:00,0.42448601610675496
2019-04-06 05:45:00,0.39343715156832104
2019-04-06 05:48:00,0.38836209097291885
2019-04-06 05:51:00,0.4397592815624307
2019-04-06 05:54:00,0.5343186827012687
2019-04-06 05:57:00,0.46897708203727007
2019-04-06 06:00:00,0.465539496255019
2019-04-06 06:03:00,0.4104367685307011
2019-04-06 06:06:00,0.4282771441826867
2019-04-06 06:09:00,0.43474453212689923
2019-04-06 06:12:00,0.4627960509203035
2019-04-06 06:15:00,0.45451153630341423
2019-04-06 06:18:00,0.47497098070806487
2019-04-06 06:21:00,0.48555687674723913
2019-04-06 06:24:00,0.35817727933249444
2019-04-06 06:27:00,0.37520621418087785
2019-04-06 06:30:00,0.37107083782962036
2019-04-06 06:33:00,0.45230530553749304
2019-04-06 06:36:00,0.41293104587191465
2019-04-06 06:39:00,0.4168647221887909
2019-04-06 06:42:00,0.4813751420952599
2019-04-06 06:45:00,0.39416686265656153
2019-04-06 06:48:00,0.4352806167646577
2019-04-06 06:51:00,0.48539192379149654
2019-04-06 06:54:00,0.4629921838086375
2019-04-06 06:57:00,0.40003841067493795
2019-04-06 07:00:00,0.5244857827210581
2019-04-06 07:03:00,0.5427304923823044
2019-04-06 07:06:00,0.46995265499435845
2019-04-06 07:09:00,0.5246141178492962
2019-04-06 07:12:00,0.5635758141637552
2019-04-06 07:15:00,0.5419327726022516
2019-04-06 07:18:00,0.502971124785347
2019-04-06 07:21:00,0.43968319804520206
2019-04-06 07:24:00,0.4665943524512386
2019-04-06 07:27:00,0.5629558857760344
2019-04-06 07:30:00,0.6209301612278182
2019-04-06 07:33:00,0.5094512280260233
2019-04-06 07:36:00,0.5312234163015432
2019-04-06 07:39:00,0.5344932186917504
2019-04-06 07:42:00,0.4024032533469608
2019-04-06 07:45:00,0.48936188338780084
2019-04-06 07:48:00,0.4095109858837418
2019-04-06 07:51:00,0.5775654827458538
2019-04-06 07:54:00,0.38923142845891334
2019-04-06 07:57:00,0.389128007179238
2019-04-06 08:00:00,0.483148692357247
2019-04-06 08:03:00,0.397286331124576
2019-04-06 08:06:00,0.5168664531020113
2019-04-06 08:09:00,0.5059722057559384
2019-04-06 08:12:00,0.442737771455711
2019-04-06 08:15:00,0.5041748190760131
2019-04-06 08:18:00,0.59397497636769
2019-04-06 08:21:00,0.49968800025573046
2019-04-06 08:24:00,0.5050680134086178
2019-04-06 08:27:00,0.4741482637348895
2019-04-06 08:30:00,0.3794193796995273
2019-04-06 08:33:00,0.3932439623841333
2019-04-06 08:36:00,0.3900103142903504
2019-04-06 08:39:00,0.3999867534213877
2019-04-06 08:42:00,0.34000400721600954
2019-04-06 08:45:00,0.4643222398370881
2019-04-06 08:48:00,0.39614806950100956
2019-04-06 08:51:00,0.46207731895793813
2019-04-06 08:54:00,0.4405964476710551
2019-04-06 08:57:00,0.47168199603430594
2019-04-06 09:00:00,0.44984739675487617
2019-04-06 09:03:00,0.4220601419164609
2019-04-06 09:06:00,0.28177713260612336
2019-04-06 09:09:00,0.35852237032963785
2019-04-06 09:12:00,0.3321562627544381
2019-04-06 09:15:00,0.21070329259839582
2019-04-06 09:18:00,0.3450769913932845
2019-04-06 09:21:00,0.35944617580889826
2019-04-06 09:24:00,0.32821086499217245
2019-04-06 09:27:00,0.19964925969668457
2019-04-06 09:30:00,0.2734572874724108
2019-04-06 09:33:00,0.21471539290968167
2019-04-06 09:36:00,0.25340940043201954
2019-04-06 09:39:00,0.28135919468036263
2019-04-06 09:42:00,0.28995588906627745
2019-04-06 09:45:00,0.28208553858473806
2019-04-06 09:48:00,0.23717114792691518
2019-04-06 09:51:00,0.22642945456243524
2019-04-06 09:54:00,0.19447026666193779
2019-04-06 09:57:00,0.21743757852914314
2019-04-06 10:00:00,0.1900884511308618
2019-04-06 10:03:00,0.1411843346583055
2019-04-06 10:06:00,0.14923706031174788
2019-04-06 10:09:00,0.0996766142307024
2019-04-06 10:12:00,0.13192675264753007
2019-04-06 10:15:00,0.09166933658724474
2019-04-06 10:18:00,0.14066136350965053
2019-04-06 10:21:00,-0.005025018136734616
2019-04-06 10:24:00,0.047691278049342145
2019-04-06 10:27:00,0.07541020413236765
2019-04-06 10:30:00,0.027303146337430917
2019-04-06 10:33:00,-0.021680116976028785
2019-04-06 10:36:00,0.011849591216389399
2019-04-06 10:39:00,0.07332262185605032
2019-04-06 10:42:00,-0.03601309307907741
2019-04-06 10:45:00,-0.0034351362399434038
2019-04-06 10:48:00,0.02075476800001752
2019-04-06 10:51:00,0.05035415515283148
2019-04-06 10:54:00,-0.043039252252867755
2019-04-06 10:57:00,-0.0690072050833237
2019-04-06 11:00:00,-0.08412374616415264
2019-04-06 11:03:00,-0.10640422674748606
2019-04-06 11:06:00,-0.1168148193576144
2019-04-06 11:09:00,-0.06045413377950126
2019-04-06 11:12:00,-0.17354743977614362
2019-04-06 11:15:00,0.03501220597854626
2019-04-06 11:18:00,-0.12132142480464836
2019-04-06 11:21:00,-0.21913695776834174
2019-04-06 11:24:00,-0.049872173465587366
2019-04-06 11:27:00,-0.17210430363894602
2019-04-06 11:30:00,-0.14816336928487317
2019-04-06 11:33:00,-0.07318823927357698
2019-04-06 11:36:00,-0.03861459395415068
2019-04-06 11:39:00,-0.12419181062915641
2019-04-06 11:42:00,-0.12049725672676459
2019-04-06 11:45:00,-0.25450994384436854
2019-04-06 11:48:00,-0.16736998527619562
2019-04-06 11:51:00,-0.1373103574627521
2019-04-06 11:54:00,0.34998804171391384
2019-04-06 11:57:00,0.30686930513212474
2019-04-06 12:00:00,0.1991572010517757
2019-04-06 12:03:00,0.11384027104014649
2019-04-06 12:06:00,0.10424799084614733
2019-04-06 12:09:00,0.15932083494755034
2019-04-06 12:12:00,-0.14984606697157687
2019-04-06 12:15:00,-0.2093803482715657
2019-04-06 12:18:00,-0.25290202527475003
2019-04-06 12:21:00,-0.2750421316426923
2019-04-06 12:24:00,-0.23321000609081466
2019-04-06 12:27:00,-0.3595855158844756
2019-04-06 12:30:00,-0.2390457539951285
2019-04-06 12:33:00,-0.24282089059693135
2019-04-06 12:36:00,-0.2716859968128915
2019-04-06 12:39:00,-0.282629726487869
2019-04-06 12:42:00,-0.2793653197297772
2019-04-06 12:45:00,-0.3377685766580498
2019-04-06 12:48:00,-0.26351372604057133
2019-04-06 12:51:00,-0.3268961320916901
2019-04-06 12:54:00,-0.2766401107181764
2019-04-06 12:57:00,-0.38593255031753415
2019-04-06 13:00:00,-0.41436790436341653
2019-04-06 13:03:00,-0.34660577861046704
2019-04-06 13:06:00,-0.4152641974745279
2019-04-06 13:09:00,-0.42632414788164397
2019-04-06 13:12:00,-0.47187509653804227
2019-04-06 13:15:00,-0.2811470329764916
2019-04-06 13:18:00,-0.3574341632458413
2019-04-06 13:21:00,-0.42086820887254817
2019-04-06 13:24:00,-0.4110235633886532
2019-04-06 13:27:00,-0.3809668136178175
2019-04-06 13:30:00,-0.2902055949494411
2019-04-06 13:33:00,-0.36228932273161263
2019-04-06 13:36:00,-0.47764078578086355
2019-04-06 13:39:00,-0.44651719995960093
2019-04-06 13:42:00,-0.3978116978878461
2019-04-06 13:45:00,-0.41859077227667285
2019-04-06 13:48:00,-0.432049697914465
2019-04-06 13:51:00,-0.45239394909128805
2019-04-06 13:54:00,-0.3906817949257402
2019-04-06 13:57:00,-0.40529931440948985
2019-04-06 14:00:00,-0.4205597457998351
2019-04-06 14:03:00,-0.44357627074481343
2019-04-06 14:06:00,-0.4819340971608881
2019-04-06 14:09:00,-0.38830798780736586
2019-04-06 14:12:00,-0.45298592178676245
2019-04-06 14:15:00,-0.4092270751127103
2019-04-06 14:18:00,-0.3796923964111443
2019-04-06 14:21:00,-0.4818832886221003
2019-04-06 14:24:00,-0.4167396108316552
2019-04-06 14:27:00,-0.2530895519105911
2019-04-06 14:30:00,-0.288832595867234
2019-04-06 14:33:00,-0.2324710631621656
2019-04-06 14:36:00,-0.18274485163061627
2019-04-06 14:39:00,-0.2687528843242717
2019-04-06 14:42:00,-0.36270082720557184
2019-04-06 14:45:00,-0.159189611477359
2019-04-06 14:48:00,-0.2815082278723935
2019-04-06 14:51:00,-0.18872500960071648
2019-04-06 14:54:00,-0.11736695670953168
2019-04-06 14:57:00,0.01705432871335688
2019-04-06 15:00:00,-0.010123046533692559
2019-04-06 15:03:00,-0.0235972613602371
2019-04-06 15:06:00,-0.08086059208676488
2019-04-06 15:09:00,-0.13146649758920148
2019-04-06 15:12:00,-0.1293309734705872
2019-04-06 15:15:00,-0.1383434758332669
2019-04-06 15:18:00,-0.200526092980283
2019-04-06 15:21:00,-0.26751176853179004
2019-04-06 15:24:00,-0.2788404519283745
2019-04-06 15:27:00,-0.15609024193213372
2019-04-06 15:30:00,-0.13770711908250632
2019-04-06 15:33:00,0.008909306075054246
2019-04-06 15:36:00,0.05678178340787099
2019-04-06 15:39:00,0.03388790297117339
2019-04-06 15:42:00,0.0830688104889532
2019-04-06 15:45:00,-0.038139658662657894
2019-04-06 15:48:00,0.1489816469289167
2019-04-06 15:51:00,0.060994632834308504
2019-04-06 15:54:00,0.17559489511234005
2019-04-06 15:57:00,0.1125465293051775
2019-04-06 16:00:00,0.16404351640147752
2019-04-06 16:03:00,0.07172746568301136
2019-04-06 16:06:00,-0.1069740868697977
2019-04-06 16:09:00,-0.07376620417301183
2019-04-06 16:12:00,-0.14974949446042274
2019-04-06 16:15:00,-0.04904903227344448
2019-04-06 16:18:00,-0.06771789968979647
2019-04-06 16:21:00,-0.09072623362055765
2019-04-06 16:24:00,-0.19657008996159675
2019-04-06 16:27:00,0.0016289800265099075
2019-04-06 16:30:00,0.10082938822870346
2019-04-06 16:33:00,-0.004783664866295112
2019-04-06 16:36:00,0.030492773738160395
2019-04-06 16:39:00,0.17733181771603768
2019-04-06 16:42:00,0.08701381931274454
2019-04-06 16:45:00,0.3442832850406603
2019-04-06 16:48:00,0.4689309830176853
2019-04-06 16:51:00,0.30511859692381904
2019-04-06 16:54:00,0.2919107347692602
2019-04-06 16:57:00,0.2966396726773155
2019-04-06 17:00:00,0.22917018556506719
2019-04-06 17:03:00,0.2711060017207956
2019-04-06 17:06:00,0.261641980237755
2019-04-06 17:09:00,0.32326676732907345
2019-04-06 17:12:00,0.36466833964698253
2019-04-06 17:15:00,0.356123858803187
2019-04-06 17:18:00,0.3785846780109523
2019-04-06 17:21:00,0.34521808817464716
2019-04-06 17:24:00,0.3377925140529783
2019-04-06 17:27:00,0.43326176428490726
2019-04-06 17:30:00,0.4810877209616251
2019-04-06 17:33:00,0.5494336424796984
2019-04-06 17:36:00,0.5676815665864865
2019-04-06 17:39:00,0.521544944502125
2019-04-06 17:42:00,0.6419975275319416
2019-04-06 17:45:00,0.6458212132316135
2019-04-06 17:48:00,0.748731761626118
2019-04-06 17:51:00,0.7394375225915155
2019-04-06 17:54:00,0.7908416238373093
2019-04-06 17:57:00,0.7789858582905822
2019-04-06 18:00:00,0.7209070626193466
2019-04-06 18:03:00,0.6952483371107974
2019-04-06 18:06:00,0.6334206765770887
2019-04-06 18:09:00,0.7115849374358731
2019-04-06 18:12:00,0.7235872288446217
2019-04-06 18:15:00,0.6274993319037776
2019-04-06 18:18:00,0.6577911247640031
2019-04-06 18:21:00,0.6516618729234551
2019-04-06 18:24:00,0.50561194279652
2019-04-06 18:27:00,0.502156392497568
2019-04-06 18:30:00,0.6007621664834346
2019-04-06 18:33:00,0.5217471327087537
2019-04-06 18:36:00,0.5775790860193979
2019-04-06 18:39:00,0.4462865008747485
2019-04-06 18:42:00,0.3727449911069698
2019-04-06 18:45:00,0.40038897524812
2019-04-06 18:48:00,0.45753584790116975
2019-04-06 18:51:00,0.39251137152535875
2019-04-06 18:54:00,0.37471816415455805
2019-04-06 18:57:00,
2019-04-06 19:00:00,
2019-04-06 19:03:00,0.443412328987165
2019-04-06 19:06:00,0.34697170331446614
2019-04-06 19:09:00,0.3645784153403042
2019-04-06 19:12:00,0.35185907891656143
2019-04-06 19:15:00,0.38859761429228
2019-04-06 19:18:00,0.39074118038109873
2019-04-06 19:21:00,0.47616408864496407
2019-04-06 19:24:00,0.3475584037153112
2019-04-06 19:27:00,0.41626338286425835
2019-04-06 19:30:00,0.40674407676777946
2019-04-06 19:33:00,0.3349824175310232
2019-04-06 19:36:00,0.28551163098848065
2019-04-06 19:39:00,0.40721479754949996
2019-04-06 19:42:00,0.34387163821924105
2019-04-06 19:45:00,0.29458734266955844
2019-04-06 19:48:00,0.3318429368640068
2019-04-06 19:51:00,0.4107237203058389
2019-04-06 19:54:00,0.41256841802362487
2019-04-06 19:57:00,0.35235438834638444
2019-04-06 20:00:00,0.37893849979917604
2019-04-06 20:03:00,0.3149954158201922
2019-04-06 20:06:00,0.2690770188998499
2019-04-06 20:09:00,0.2782747406008639
2019-04-06 20:12:00,0.3077516301967762
2019-04-06 20:15:00,0.40031633322359994
2019-04-06 20:18:00,0.33314832490913204
2019-04-06 20:21:00,0.3920274781033868
2019-04-06 20:24:00,0.3026250699156776
2019-04-06 20:27:00,0.3700399399738785
2019-04-06 20:30:00,0.3760946152496558
2019-04-06 20:33:00,0.33095816392517463
2019-04-06 20:36:00,0.3510151710149785
2019-04-06 20:39:00,0.2545599182137721
2019-04-06 20:42:00,0.3413054772356645
2019-04-06 20:45:00,0.3652726328780318
2019-04-06 20:48:00,0.31748358645279495
2019-04-06 20:51:00,0.29012016469067703
2019-04-06 20:54:00,0.29215751920696675
2019-04-06 20:57:00,0.2793674512175812
2019-04-06 21:00:00,0.26769729704153633
2019-04-06 21:03:00,0.2421941496018576
2019-04-06 21:06:00,0.3842838601532321
2019-04-06 21:09:00,0.29587061434148154
2019-04-06 21:12:00,0.27070453438091135
2019-04-06 21:15:00,0.40807565884745145
2019-04-06 21:18:00,0.3203726263321869
2019-04-06 21:21:00,0.33658073234659014
2019-04-06 21:24:00,0.32914665145517574
2019-04-06 21:27:00,0.5148062162587053
2019-04-06 21:30:00,0.2813757050719232
2019-04-06 21:33:00,0.4326268092243595
2019-04-06 21:36:00,0.4946383208942393
2019-04-06 21:39:00,0.42230501106837437
2019-04-06 21:42:00,0.31261413529460924
2019-04-06 21:45:00,0.30591938915040373
2019-04-06 21:48:00,0.3206144171856522
2019-04-06 21:51:00,0.29893001938353336
2019-04-06 21:54:00,0.32528233165265874
2019-04-06 21:57:00,0.38720749797323606
2019-04-06 22:00:00,0.2721617743721936
2019-04-06 22:03:00,0.2163338183949577
2019-04-06 22:06:00,0.2867890084778537
2019-04-06 22:09:00,0.2680369011699213
2019-04-06 22:12:00,0.2409259870371443
2019-04-06 22:15:00,0.36360289483860697
2019-04-06 22:18:00,0.3265897096467256
2019-04-06 22:21:00,0.3316734452359924
2019-04-06 22:24:00,0.3635114925397147
2019-04-06 22:27:00,0.36195520023619565
2019-04-06 22:30:00,0.4324736213914093
2019-04-06 22:33:00,0.39976350384745274
2019-04-06 22:36:00,0.42265317947965286
2019-04-06 22:39:00,0.3632624670099176
2019-04-06 22:42:00,0.3857922857613971
2019-04-06 22:45:00,0.24406391718270015
2019-04-06 22:48:00,0.3741329987051927
2019-04-06 22:51:00,0.35260591314619205
2019-04-06 22:54:00,0.37823742577273833
2019-04-06 22:57:00,0.3643072805787142
2019-04-06 23:00:00,0.400531425935867
2019-04-06 23:03:00,0.3652799234722579
2019-04-06 23:06:00,0.3335015866910567
2019-04-06 23:09:00,0.3872516424965511
2019-04-06 23:12:00,0.41542867271141404
2019-04-06 23:15:00,0.5267580363313868
2019-04-06 23:18:00,0.7163816000692123
2019-04-06 23:21:00,0.5338975672280526
2019-04-06 23:24:00,0.4635467218670897
2019-04-06 23:27:00,0.40629672908744396
2019-04-06 23:30:00,0.37848819110070053
2019-04-06 23:33:00,0.4082168905297294
2019-04-06 23:36:00,0.33619130025368804
2019-04-06 23:39:00,0.3405158334900875
2019-04-06 23:42:00,0.26223684276283166
2019-04-06 23:45:00,0.4626380822628562
2019-04-06 23:48:00,0.6423473048903361
2019-04-06 23:51:00,0.7029532736648889
2019-04-06 23:54:00,0.8237760145247535
2019-04-06 23:57:00,0.8927880046356904
2019-04-07 00:00:00,0.7612428900920349
2019-04-07 00:03:00,0.5794642076454011
2019-04-07 00:06:00,0.4489190172122903
2019-04-07 00:09:00,0.3289403375129041
2019-04-07 00:12:00,0.44468473318079305
2019-04-07 00:15:00,0.373902561097168
2019-04-07 00:18:00,0.35708532382665226
2019-04-07 00:21:00,0.347893158845352
2019-04-07 00:24:00,0.35928489109466
2019-04-07 00:27:00,0.3658928709509155
2019-04-07 00:30:00,0.4337666285178443
2019-04-07 00:33:00,0.3740266817126212
2019-04-07 00:36:00,0.33731617132832525
2019-04-07 00:39:00,0.40816338181150513
2019-04-07 00:42:00,0.3374856000658042
2019-04-07 00:45:00,0.3782182965697416
2019-04-07 00:48:00,0.3611439999659183
2019-04-07 00:51:00,0.38785894715664426
2019-04-07 00:54:00,0.2630335705968605
2019-04-07 00:57:00,0.3816234310212394
2019-04-07 01:00:00,0.41275440575265065
2019-04-07 01:03:00,0.29987771432263344
2019-04-07 01:06:00,0.23716819950277568
2019-04-07 01:09:00,0.29758572883037004
2019-04-07 01:12:00,0.31290220942577207
2019-04-07 01:15:00,0.2858776328745307
2019-04-07 01:18:00,0.30357920764691926
2019-04-07 01:21:00,0.296971451800232
2019-04-07 01:24:00,0.27142527581753484
2019-04-07 01:27:00,0.35532913865023374
2019-04-07 01:30:00,0.3718154748553957
2019-04-07 01:33:00,0.3270836457305677
2019-04-07 01:36:00,0.4212270395890414
2019-04-07 01:39:00,0.26658540451785484
2019-04-07 01:42:00,0.35425976436209794
2019-04-07 01:45:00,0.32640900994874755
2019-04-07 01:48:00,0.2725644027083831
2019-04-07 01:51:00,0.26060982737141103
2019-04-07 01:54:00,0.2846166503213112
2019-04-07 01:57:00,0.32115545134416834
2019-04-07 02:00:00,0.31813259833080565
2019-04-07 02:03:00,0.41668957368551673
2019-04-07 02:06:00,0.3274698184584395
2019-04-07 02:09:00,0.3774901604595584
2019-04-07 02:12:00,0.2576610530463199
2019-04-07 02:15:00,0.4524821072364489
2019-04-07 02:18:00,0.3725033861908287
2019-04-07 02:21:00,0.3759542486311602
2019-04-07 02:24:00,0.3904136674462393
2019-04-07 02:27:00,0.4354184969784569
2019-04-07 02:30:00,0.39003229459291333
2019-04-07 02:33:00,0.3823185148152106
2019-04-07 02:36:00,0.4069110828856424
2019-04-07 02:39:00,0.4473657598229579
2019-04-07 02:42:00,0.359925014557291
2019-04-07 02:45:00,0.30620607284981816
2019-04-07 02:48:00,0.36729077584971037
2019-04-07 02:51:00,0.4215758904389304
2019-04-07 02:54:00,0.35161446317493983
2019-04-07 02:57:00,0.34047088289582916
2019-04-07 03:00:00,0.3227746017698223
2019-04-07 03:03:00,0.3223750395027878
2019-04-07 03:06:00,0.3195414440546642
2019-04-07 03:09:00,0.2792360886178358
2019-04-07 03:12:00,0.3255276425354623
2019-04-07 03:15:00,0.35056996265365115
2019-04-07 03:18:00,0.4055538039066846
2019-04-07 03:21:00,0.29779195774949585
2019-04-07 03:24:00,0.3459846977752363
2019-04-07 03:27:00,0.3714901709677747
2019-04-07 03:30:00,0.48184601393711546
2019-04-07 03:33:00,0.38183731354712336
2019-04-07 03:36:00,0.30925029200119525
2019-04-07 03:39:00,0.422978868866835
2019-04-07 03:42:00,0.42805598157536906
2019-04-07 03:45:00,0.3093539584947962
2019-04-07 03:48:00,0.3803887344076884
2019-04-07 03:51:00,0.4285396473956098
2019-04-07 03:54:00,0.2868063415171491
2019-04-07 03:57:00,0.33649447861790804
2019-04-07 04:00:00,0.33149219666205454
2019-04-07 04:03:00,0.33964566253968087
2019-04-07 04:06:00,0.37496812349223774
2019-04-07 04:09:00,0.3663026031457548
2019-04-07 04:12:00,0.2855505459270944
2019-04-07 04:15:00,0.36733599193092914
2019-04-07 04:18:00,0.2615238562100899
2019-04-07 04:21:00,0.3241381038888562
2019-04-07 04:24:00,0.4217690255061939
2019-04-07 04:27:00,0.3018484592759023
2019-04-07 04:30:00,0.3611220841090699
2019-04-07 04:33:00,0.3359106094351887
2019-04-07 04:36:00,0.29335949430651453
2019-04-07 04:39:00,0.39256306188292456
2019-04-07 04:42:00,0.4357360286438734
2019-04-07 04:45:00,0.396382486848438
2019-04-07 04:48:00,0.44093091978083976
2019-04-07 04:51:00,0.37722276190413595
2019-04-07 04:54:00,0.35040531490597004
2019-04-07 04:57:00,0.3633603451523868
2019-04-07 05:00:00,0.3876746570028331
2019-04-07 05:03:00,0.3822981743970786
2019-04-07 05:06:00,0.315760653113216
2019-04-07 05:09:00,0.40855246984790483
2019-04-07 05:12:00,0.32845908173840144
2019-04-07 05:15:00,0.33155026192497417
2019-04-07 05:18:00,0.40046270694347186
2019-04-07 05:21:00,0.3262411927503308
2019-04-07 05:24:00,0.3391928403673887
2019-04-07 05:27:00,0.3186747943439059
2019-04-07 05:30:00,0.40290512170440707
2019-04-07 05:33:00,0.4436088165983847
2019-04-07 05:36:00,0.31417407220959603
2019-04-07 05:39:00,0.35400354294250747
2019-04-07 05:42:00,0.44997376900363406
2019-04-07 05:45:00,0.36582912103017406
2019-04-07 05:48:00,0.4625631903002727
2019-04-07 05:51:00,0.3619700546145168
2019-04-07 05:54:00,0.38268327912953737
2019-04-07 05:57:00,0.397876557833456
2019-04-07 06:00:00,0.39792586475050484
2019-04-07 06:03:00,0.41043688435075865
2019-04-07 06:06:00,0.3935045820471714
2019-04-07 06:09:00,0.30546427344432914
2019-04-07 06:12:00,0.3860184964557902
2019-04-07 06:15:00,0.3578504586441227
2019-04-07 06:18:00,0.34322456021868675
2019-04-07 06:21:00,0.3180651901741385
2019-04-07 06:24:00,0.3470430540530174
2019-04-07 06:27:00,0.36728821270310164
2019-04-07 06:30:00,0.3917976654092854
2019-04-07 06:33:00,0.3514688084873683
2019-04-07 06:36:00,0.4156589629075711
2019-04-07 06:39:00,0.30003909529534667
2019-04-07 06:42:00,0.3500425823820592
2019-04-07 06:45:00,0.2963272989442203
2019-04-07 06:48:00,0.300346093501787
2019-04-07 06:51:00,0.3398251704385302
2019-04-07 06:54:00,0.37048270003748485
2019-04-07 06:57:00,0.3953283030280659
2019-04-07 07:00:00,0.36375078158232554
2019-04-07 07:03:00,0.43683441430596304
2019-04-07 07:06:00,0.3615546597951038
2019-04-07 07:09:00,0.39318710953898517
2019-04-07 07:12:00,0.4058208761545643
2019-04-07 07:15:00,0.2993937359882466
2019-04-07 07:18:00,0.45012065379717114
2019-04-07 07:21:00,0.42529731990117625
2019-04-07 07:24:00,0.4403919232820499
2019-04-07 07:27:00,0.4788813234030158
2019-04-07 07:30:00,0.47179068097750587
2019-04-07 07:33:00,0.4770022707007229
2019-04-07 07:36:00,0.436459847231788
2019-04-07 07:39:00,0.3311857535107947
2019-04-07 07:42:00,0.3779720498510528
2019-04-07 07:45:00,0.3735980277688782
2019-04-07 07:48:00,0.42904080302378134
2019-04-07 07:51:00,0.30850180114174464
2019-04-07 07:54:00,0.3218085005707394
2019-04-07 07:57:00,0.2703249711300373
2019-04-07 08:00:00,0.41895967098031406
2019-04-07 08:03:00,0.28067918140834536
2019-04-07 08:06:00,0.3833985389727559
2019-04-07 08:09:00,0.33425326475531847
2019-04-07 08:12:00,0.3263239183348219
2019-04-07 08:15:00,0.37293716016915823
2019-04-07 08:18:00,0.42790692152618703
2019-04-07 08:21:00,0.2943503180813991
2019-04-07 08:24:00,0.300146121737896
2019-04-07 08:27:00,0.390548550560311
2019-04-07 08:30:00,0.2627385373281186
2019-04-07 08:33:00,0.2770886472357006
2019-04-07 08:36:00,0.2510272711501216
2019-04-07 08:39:00,0.2953672543897028
2019-04-07 08:42:00,0.2785608874111176
2019-04-07 08:45:00,0.3470375865358051
2019-04-07 08:48:00,0.22126192986928572
2019-04-07 08:51:00,0.284014002996571
2019-04-07 08:54:00,0.01008694073522065
2019-04-07 08:57:00,0.20125471159110475
2019-04-07 09:00:00,0.1503957413901844
2019-04-07 09:03:00,0.23648066704595294
2019-04-07 09:06:00,0.2556944679441244
2019-04-07 09:09:00,0.27291546721801296
2019-04-07 09:12:00,0.21048357930845896
2019-04-07 09:15:00,0.23277866805545955
2019-04-07 09:18:00,0.2515575454811483
2019-04-07 09:21:00,0.15878494220032735
2019-04-07 09:24:00,0.13397389895146716
2019-04-07 09:27:00,0.10235569197880068
2019-04-07 09:30:00,0.28273358798088566
2019-04-07 09:33:00,0.20137502038892308
2019-04-07 09:36:00,0.20208533900688508
2019-04-07 09:39:00,0.22603387696653954
2019-04-07 09:42:00,0.23503642987810736
2019-04-07 09:45:00,0.130859688600367
2019-04-07 09:48:00,0.10989496981829916
2019-04-07 09:51:00,0.16750741516227663
2019-04-07 09:54:00,0.014111110709109198
2019-04-07 09:57:00,0.16333232092216576
2019-04-07 10:00:00,0.039515777853125655
2019-04-07 10:03:00,0.11782187096252983
2019-04-07 10:06:00,0.04878607033145954
2019-04-07 10:09:00,0.023195383981146733
2019-04-07 10:12:00,0.03883139790741552
2019-04-07 10:15:00,0.0020547520733202873
2019-04-07 10:18:00,0.12494244204708593
2019-04-07 10:21:00,0.03956938675281663
2019-04-07 10:24:00,0.06702879222808633
2019-04-07 10:27:00,0.026768293912482477
2019-04-07 10:30:00,0.022360287084495667
2019-04-07 10:33:00,0.068621479144781
2019-04-07 10:36:00,0.030646893549771903
2019-04-07 10:39:00,-0.04045991305503094
2019-04-07 10:42:00,0.015663537096031632
2019-04-07 10:45:00,-0.0741128713617627
2019-04-07 10:48:00,-0.1230987191442523
2019-04-07 10:51:00,-0.06703627399849665
2019-04-07 10:54:00,-0.13200756741304076
2019-04-07 10:57:00,-0.1035019713177121
2019-04-07 11:00:00,-0.05910768871592609
2019-04-07 11:03:00,-0.09524189094554458
2019-04-07 11:06:00,-0.08765143110116469
2019-04-07 11:09:00,-0.043015282754367945
2019-04-07 11:12:00,-0.14874797660939976
2019-04-07 11:15:00,-0.20146478756390707
2019-04-07 11:18:00,-0.2250242940360181
2019-04-07 11:21:00,-0.1586770297464568
2019-04-07 11:24:00,-0.15981330366855673
2019-04-07 11:27:00,-0.14831291359604393
2019-04-07 11:30:00,-0.22361521892230485
2019-04-07 11:33:00,-0.10334203948559662
2019-04-07 11:36:00,-0.17092254603636547
2019-04-07 11:39:00,-0.16788313794171472
2019-04-07 11:42:00,-0.1499706466042312
2019-04-07 11:45:00,-0.09529685088637052
2019-04-07 11:48:00,-0.20268441167490892
2019-04-07 11:51:00,-0.19070689981191435
2019-04-07 11:54:00,0.28127504384809754
2019-04-07 11:57:00,0.3416057408980464
2019-04-07 12:00:00,-0.17924866909373804
2019-04-07 12:03:00,-0.11503156670727321
2019-04-07 12:06:00,0.23299437217718832
2019-04-07 12:09:00,-0.15836057212868582
2019-04-07 12:12:00,-0.22728472041694658
2019-04-07 12:15:00,-0.11317021523342419
2019-04-07 12:18:00,-0.1077814614258159
2019-04-07 12:21:00,-0.1881894544123952
2019-04-07 12:24:00,-0.15992063983037497
2019-04-07 12:27:00,-0.23877453483686395
2019-04-07 12:30:00,-0.2702473293649632
2019-04-07 12:33:00,-0.26833711867124066
2019-04-07 12:36:00,-0.2677231565195939
2019-04-07 12:39:00,-0.30756340523970493
2019-04-07 12:42:00,-0.2843873011984215
2019-04-07 12:45:00,-0.3044956545684272
2019-04-07 12:48:00,-0.2205367843250201
2019-04-07 12:51:00,-0.3050666338517658
2019-04-07 12:54:00,-0.16072148458755464
2019-04-07 12:57:00,-0.2432929495547569
2019-04-07 13:00:00,-0.2514594695045389
2019-04-07 13:03:00,-0.11180338180173521
2019-04-07 13:06:00,-0.12708558079390286
2019-04-07 13:09:00,-0.22974138583748527
2019-04-07 13:12:00,-0.22251022543741783
2019-04-07 13:15:00,-0.17578991762945861
2019-04-07 13:18:00,-0.20811157503817412
2019-04-07 13:21:00,-0.2745714889227884
2019-04-07 13:24:00,-0.258186289843195
2019-04-07 13:27:00,-0.24339892934455065
2019-04-07 13:30:00,-0.303591717376662
2019-04-07 13:33:00,-0.12897834768500616
2019-04-07 13:36:00,-0.05780170067725976
2019-04-07 13:39:00,-0.22600958231885215
2019-04-07 13:42:00,0.12018542233153084
2019-04-07 13:45:00,-0.022318863112559484
2019-04-07 13:48:00,0.341759900120735
2019-04-07 13:51:00,0.29248930708456555
2019-04-07 13:54:00,0.29145854583913433
2019-04-07 13:57:00,0.36079851695984644
2019-04-07 14:00:00,0.208832373124892
2019-04-07 14:03:00,0.14028944423404255
2019-04-07 14:06:00,0.04565109894872421
2019-04-07 14:09:00,0.09819344779918993
2019-04-07 14:12:00,0.1332053865463081
2019-04-07 14:15:00,0.07984552335591388
2019-04-07 14:18:00,0.19666175712586664
2019-04-07 14:21:00,0.2269061821438072
2019-04-07 14:24:00,0.29448876032512317
2019-04-07 14:27:00,0.2927641541504613
2019-04-07 14:30:00,0.20381432404997213
2019-04-07 14:33:00,0.1773368538680984
2019-04-07 14:36:00,0.14913447109387334
2019-04-07 14:39:00,0.05453608008230049
2019-04-07 14:42:00,0.0008585650791701482
2019-04-07 14:45:00,-0.009570034709497577
2019-04-07 14:48:00,-0.014573338664206403
2019-04-07 14:51:00,-0.10411145695593405
2019-04-07 14:54:00,-0.07303227905259746
2019-04-07 14:57:00,-0.0822491101858418
2019-04-07 15:00:00,-0.09366757300631434
2019-04-07 15:03:00,-0.05615277255981255
2019-04-07 15:06:00,-0.07130767015297579
2019-04-07 15:09:00,-0.024654274184570113
2019-04-07 15:12:00,-0.0008514722605355018
2019-04-07 15:15:00,0.02296188117981046
2019-04-07 15:18:00,0.07392955374467647
2019-04-07 15:21:00,0.1554215993012349
2019-04-07 15:24:00,0.027002131002745955
2019-04-07 15:27:00,-0.013529861383688058
2019-04-07 15:30:00,0.11390491258254087
2019-04-07 15:33:00,0.03455545615008759
2019-04-07 15:36:00,0.08012995236674669
2019-04-07 15:39:00,0.10439895867216364
2019-04-07 15:42:00,-0.019724561681414343
2019-04-07 15:45:00,0.043419463942313996
2019-04-07 15:48:00,0.04254471481476685
2019-04-07 15:51:00,0.15310217975076057
2019-04-07 15:54:00,0.10573663531732791
2019-04-07 15:57:00,0.08681872362473086
2019-04-07 16:00:00,0.18233153028415927
2019-04-07 16:03:00,0.1020780844189062
2019-04-07 16:06:00,0.047932573671914724
2019-04-07 16:09:00,0.049453833539644165
2019-04-07 16:12:00,0.09025285072186762
2019-04-07 16:15:00,0.23887295548371412
2019-04-07 16:18:00,0.20174572673607827
2019-04-07 16:21:00,0.1101968930057069
2019-04-07 16:24:00,0.052550878245142485
2019-04-07 16:27:00,0.02411671066187182
2019-04-07 16:30:00,0.06502220916473789
2019-04-07 16:33:00,0.07623512548394729
2019-04-07 16:36:00,0.06396205430451118
2019-04-07 16:39:00,0.11814899575517757
2019-04-07 16:42:00,0.11268618215547122
2019-04-07 16:45:00,0.07667764360132878
2019-04-07 16:48:00,0.163443151095521
2019-04-07 16:51:00,-0.01601525749163102
2019-04-07 16:54:00,-0.04644011329406794
2019-04-07 16:57:00,0.0039739674487009324
2019-04-07 17:00:00,-0.03828622009808669
2019-04-07 17:03:00,-0.01204664618114748
2019-04-07 17:06:00,-0.12169171640130116
2019-04-07 17:09:00,-0.04590336235497716
2019-04-07 17:12:00,-0.029208509004035932
2019-04-07 17:15:00,0.03787935694060707
2019-04-07 17:18:00,-0.11383246243809708
2019-04-07 17:21:00,-0.08584366541327881
2019-04-07 17:24:00,-0.1191939120309371
2019-04-07 17:27:00,-0.11760416292128184
2019-04-07 17:30:00,-0.12932037750590553
2019-04-07 17:33:00,-0.1449007727557614
2019-04-07 17:36:00,-0.20063959883026428
2019-04-07 17:39:00,-0.08196577065609745
2019-04-07 17:42:00,-0.035276539486744696
2019-04-07 17:45:00,-0.14321025964227374
2019-04-07 17:48:00,-0.0701472468804809
2019-04-07 17:51:00,0.01995080760889323
2019-04-07 17:54:00,-0.11622078112378631
2019-04-07 17:57:00,-0.06378903389418156
2019-04-07 18:00:00,-0.10225524384253504
2019-04-07 18:03:00,-0.0296719166669277
2019-04-07 18:06:00,-0.12361764529919128
2019-04-07 18:09:00,-0.1188213012251822
2019-04-07 18:12:00,-0.020425073214994427
2019-04-07 18:15:00,-0.10011675798557462
2019-04-07 18:18:00,-0.16852531624510902
2019-04-07 18:21:00,-0.052658631203769346
2019-04-07 18:24:00,-0.010988248197350003
2019-04-07 18:27:00,-0.05314451260625219
2019-04-07 18:30:00,-0.0028258777742848906
2019-04-07 18:33:00,0.014638211921635502
2019-04-07 18:36:00,0.039155446097197455
2019-04-07 18:39:00,0.019257411535022584
2019-04-07 18:42:00,0.009645478450238443
2019-04-07 18:45:00,-0.028442781129569994
2019-04-07 18:48:00,0.0029294401704760276
2019-04-07 18:51:00,0.08387705542185131
2019-04-07 18:54:00,
2019-04-07 18:57:00,
2019-04-07 19:00:00,
2019-04-07 19:03:00,-0.06058711270014783
2019-04-07 19:06:00,-0.07148198307231723
2019-04-07 19:09:00,-0.033482807979453355
2019-04-07 19:12:00,-0.011874516830232551
2019-04-07 19:15:00,-0.09007308956444149
2019-04-07 19:18:00,0.02159206442689765
2019-04-07 19:21:00,-0.020621843405194795
2019-04-07 19:24:00,-0.052335294234978846
2019-04-07 19:27:00,0.03615436343386591
2019-04-07 19:30:00,-0.09476911050182935
2019-04-07 19:33:00,0.03943438216958839
2019-04-07 19:36:00,-0.05619088108494452
2019-04-07 19:39:00,-0.005202035427259943
2019-04-07 19:42:00,-0.07099746898950343
2019-04-07 19:45:00,0.02950482512136432
2019-04-07 19:48:00,0.053232305666313096
2019-04-07 19:51:00,-0.033566696648563266
2019-04-07 19:54:00,0.07225721328234158
2019-04-07 19:57:00,-0.002974052529737037
2019-04-07 20:00:00,-0.005419820287215771
2019-04-07 20:03:00,0.022439719876786057
2019-04-07 20:06:00,-0.009353782787968612
2019-04-07 20:09:00,0.04844373397651225
2019-04-07 20:12:00,0.0282577902793264
2019-04-07 20:15:00,0.14430146266283828
2019-04-07 20:18:00,0.12419520248812432
2019-04-07 20:21:00,0.015272891902725405
2019-04-07 20:24:00,0.09209567513340744
2019-04-07 20:27:00,-0.0244761920874339
2019-04-07 20:30:00,0.04595034582501967
2019-04-07 20:33:00,0.037808364891873225
2019-04-07 20:36:00,0.14540299403040535
2019-04-07 20:39:00,0.009523502114802795
2019-04-07 20:42:00,0.05168807198282366
2019-04-07 20:45:00,0.0006152583662810684
2019-04-07 20:48:00,0.07485301575127323
2019-04-07 20:51:00,0.03435010778258629
2019-04-07 20:54:00,0.2020007562149999
2019-04-07 20:57:00,0.1397461191718321
2019-04-07 21:00:00,0.0556421595524057
2019-04-07 21:03:00,0.1687561161319877
2019-04-07 21:06:00,0.10056726243510639
2019-04-07 21:09:00,0.117260890657235
2019-04-07 21:12:00,0.1186932927878388
2019-04-07 21:15:00,0.06107402916740057
2019-04-07 21:18:00,0.10375482431936689
2019-04-07 21:21:00,0.03593606170011299
2019-04-07 21:24:00,0.1244221900882394
2019-04-07 21:27:00,0.1618544328202347
2019-04-07 21:30:00,0.10595780638169572
2019-04-07 21:33:00,0.03961686914345819
2019-04-07 21:36:00,0.07410973315188585
2019-04-07 21:39:00,0.08759418534367569
2019-04-07 21:42:00,0.16014386976763717
2019-04-07 21:45:00,0.17904502212593343
2019-04-07 21:48:00,0.16983829016737673
2019-04-07 21:51:00,0.094341235236584
2019-04-07 21:54:00,0.04699912387519589
2019-04-07 21:57:00,0.0776229834627884
2019-04-07 22:00:00,0.20458411989073966
2019-04-07 22:03:00,0.1621309730780922
2019-04-07 22:06:00,0.19876888448533236
2019-04-07 22:09:00,0.45119201459482383
2019-04-07 22:12:00,0.47717983711430634
2019-04-07 22:15:00,0.48900224238593637
2019-04-07 22:18:00,0.618577952786552
2019-04-07 22:21:00,0.6685883040512977
2019-04-07 22:24:00,0.4706146673790954
2019-04-07 22:27:00,0.3707507318056287
2019-04-07 22:30:00,0.6149926163643613
2019-04-07 22:33:00,0.6578697259090518
2019-04-07 22:36:00,0.6030601914563363
2019-04-07 22:39:00,0.6109384625646612
2019-04-07 22:42:00,0.4861942825180563
2019-04-07 22:45:00,0.435532982123334
2019-04-07 22:48:00,0.3509786997793185
2019-04-07 22:51:00,0.25124668147293505
2019-04-07 22:54:00,0.29851746049985195
2019-04-07 22:57:00,0.2997158334651431
2019-04-07 23:00:00,0.4249715183215699
2019-04-07 23:03:00,0.32617040460502267
2019-04-07 23:06:00,0.5024015229248562
2019-04-07 23:09:00,0.5199674290592498
2019-04-07 23:12:00,0.4890094882019298
2019-04-07 23:15:00,0.4637966060612939
2019-04-07 23:18:00,0.39116982348582496
2019-04-07 23:21:00,0.42388839333250417
2019-04-07 23:24:00,0.1760936924803218
2019-04-07 23:27:00,0.46905849616871365
2019-04-07 23:30:00,0.23151302589923262
2019-04-07 23:33:00,0.3710967090102031
2019-04-07 23:36:00,0.21315128505619896
2019-04-07 23:39:00,0.31194272369845066
2019-04-07 23:42:00,0.095692546863404
2019-04-07 23:45:00,0.182295731118586
2019-04-07 23:48:00,0.49766676521295494
2019-04-07 23:51:00,0.4568485308566892
2019-04-07 23:54:00,0.7453367468357897
2019-04-07 23:57:00,0.6955440611679933
2019-04-08 00:00:00,0.48977959355556777
2019-04-08 00:03:00,0.3855614847154243
2019-04-08 00:06:00,0.3612058031587253
2019-04-08 00:09:00,0.23642091514147978
2019-04-08 00:12:00,0.11741252321576212
2019-04-08 00:15:00,0.24145260895744514
2019-04-08 00:18:00,0.35836179904856635
2019-04-08 00:21:00,0.25730543070466183
2019-04-08 00:24:00,0.10097634681238787
2019-04-08 00:27:00,0.14117554898348317
2019-04-08 00:30:00,0.21318582921429652
2019-04-08 00:33:00,0.23520891029158975
2019-04-08 00:36:00,0.21508103564718795
2019-04-08 00:39:00,0.29017461627955754
2019-04-08 00:42:00,0.4137704673094049
2019-04-08 00:45:00,0.36536117337527685
2019-04-08 00:48:00,0.2926955745591613
2019-04-08 00:51:00,0.351067446378579
2019-04-08 00:54:00,0.4405705923392702
2019-04-08 00:57:00,0.2978878890744454
2019-04-08 01:00:00,0.33826251159234744
2019-04-08 01:03:00,0.4574373868617272
2019-04-08 01:06:00,0.2546891714845856
2019-04-08 01:09:00,0.41736238965359007
2019-04-08 01:12:00,0.3274133931348615
2019-04-08 01:15:00,0.3710851879278039
2019-04-08 01:18:00,0.35667723173799004
2019-04-08 01:21:00,0.4001312376930173
2019-04-08 01:24:00,0.27951697723085545
2019-04-08 01:27:00,0.34436896668637473
2019-04-08 01:30:00,0.2702780012920698
2019-04-08 01:33:00,0.3503776979950999
2019-04-08 01:36:00,0.325237588643688
2019-04-08 01:39:00,0.34330618546147207
2019-04-08 01:42:00,0.46222427707215274
2019-04-08 01:45:00,0.33327403335061945
2019-04-08 01:48:00,0.4695035835785575
2019-04-08 01:51:00,0.33483848079913514
2019-04-08 01:54:00,0.41675735174993633
2019-04-08 01:57:00,0.2827037877910925
2019-04-08 02:00:00,0.2529279785576364
2019-04-08 02:03:00,0.2995691547108663
2019-04-08 02:06:00,0.2454099196325501
2019-04-08 02:09:00,0.3625868284732974
2019-04-08 02:12:00,0.274825723115498
2019-04-08 02:15:00,0.24625576040381247
2019-04-08 02:18:00,0.3303358326325565
2019-04-08 02:21:00,0.340742840498649
2019-04-08 02:24:00,0.3074781321373621
2019-04-08 02:27:00,0.3373746962307109
2019-04-08 02:30:00,0.3689931081640907
2019-04-08 02:33:00,0.33936333956938824
2019-04-08 02:36:00,0.38584368439893524
2019-04-08 02:39:00,0.3994697306268904
2019-04-08 02:42:00,0.41131301773936
2019-04-08 02:45:00,0.539579580985162
2019-04-08 02:48:00,0.5418219460744353
2019-04-08 02:51:00,0.4616800683530755
2019-04-08 02:54:00,0.3839052685708566
2019-04-08 02:57:00,0.431870009784177
2019-04-08 03:00:00,0.25756611711108235
2019-04-08 03:03:00,0.2139784043012014
2019-04-08 03:06:00,0.2410237485925677
2019-04-08 03:09:00,0.35341668437439466
2019-04-08 03:12:00,0.27435074921987734
2019-04-08 03:15:00,0.2962596630366079
2019-04-08 03:18:00,0.3638265623357597
2019-04-08 03:21:00,0.3339795450419274
2019-04-08 03:24:00,0.32471526227260483
2019-04-08 03:27:00,0.3598896002380343
2019-04-08 03:30:00,0.33296322648101295
2019-04-08 03:33:00,0.4127223447834467
2019-04-08 03:36:00,0.4334844149876176
2019-04-08 03:39:00,0.4229929255938032
2019-04-08 03:42:00,0.41683020151754135
2019-04-08 03:45:00,0.44002306455359985
2019-04-08 03:48:00,0.4740146513863124
2019-04-08 03:51:00,0.41103855481492246
2019-04-08 03:54:00,0.4365595203967132
2019-04-08 03:57:00,0.40953700775679636
2019-04-08 04:00:00,0.5028336574475816
2019-04-08 04:03:00,0.49145433947296624
2019-04-08 04:06:00,0.43286243740175223
2019-04-08 04:09:00,0.4116063820836757
2019-04-08 04:12:00,0.4068144111471952
2019-04-08 04:15:00,0.4919448029213527
2019-04-08 04:18:00,0.5442434381512271
2019-04-08 04:21:00,0.4572813318559952
2019-04-08 04:24:00,0.4133808836405706
2019-04-08 04:27:00,0.4637925763285011
2019-04-08 04:30:00,0.45624391661283425
2019-04-08 04:33:00,0.40568552003401237
2019-04-08 04:36:00,0.38443389817945217
2019-04-08 04:39:00,0.4865186642505819
2019-04-08 04:42:00,0.4854730042707729
2019-04-08 04:45:00,0.4152073149151647
2019-04-08 04:48:00,0.4355896056279107
2019-04-08 04:51:00,0.48741825561330643
2019-04-08 04:54:00,0.3688369327670671
2019-04-08 04:57:00,0.50108259327925
2019-04-08 05:00:00,0.5068245412037413
2019-04-08 05:03:00,0.5016642387370212
2019-04-08 05:06:00,0.43029735952245574
2019-04-08 05:09:00,0.42801602596557586
2019-04-08 05:12:00,0.46094667646411835
2019-04-08 05:15:00,0.38653851268668404
2019-04-08 05:18:00,0.4476989071338835
2019-04-08 05:21:00,0.39949318937630096
2019-04-08 05:24:00,0.41155270978777025
2019-04-08 05:27:00,0.49945623159908337
2019-04-08 05:30:00,0.29374477444468994
2019-04-08 05:33:00,0.4267814765208868
2019-04-08 05:36:00,0.3632634618693942
2019-04-08 05:39:00,0.4385830462542799
2019-04-08 05:42:00,0.2968601450510846
2019-04-08 05:45:00,0.39719912718379646
2019-04-08 05:48:00,0.37950511512741514
2019-04-08 05:51:00,0.40985506096825475
2019-04-08 05:54:00,0.36615377604715604
2019-04-08 05:57:00,0.38392830368451314
2019-04-08 06:00:00,0.39641207955349955
2019-04-08 06:03:00,0.34273286637233014
2019-04-08 06:06:00,0.32469250526156657
2019-04-08 06:09:00,0.3715808796137594
2019-04-08 06:12:00,0.3134830074684487
2019-04-08 06:15:00,0.4272421949206091
2019-04-08 06:18:00,0.4143724139846654
2019-04-08 06:21:00,0.3611983542623989
2019-04-08 06:24:00,0.3942001195505327
2019-04-08 06:27:00,0.41365851834933665
2019-04-08 06:30:00,0.4000401669488838
2019-04-08 06:33:00,0.33025854493774887
2019-04-08 06:36:00,0.4261918149726398
2019-04-08 06:39:00,0.4008997550133131
2019-04-08 06:42:00,0.4164669857306649
2019-04-08 06:45:00,0.4719173683616873
2019-04-08 06:48:00,0.4226320487560429
2019-04-08 06:51:00,0.4641068049971864
2019-04-08 06:54:00,0.46799572857423755
2019-04-08 06:57:00,0.4670486776951748
2019-04-08 07:00:00,0.4115391140937845
2019-04-08 07:03:00,0.5086563843597105
2019-04-08 07:06:00,0.48448069807153615
2019-04-08 07:09:00,0.3621683104047406
2019-04-08 07:12:00,0.46199901323450376
2019-04-08 07:15:00,0.3565410981251489
2019-04-08 07:18:00,0.41499590663818253
2019-04-08 07:21:00,0.452969412887569
2019-04-08 07:24:00,0.4108545872812215
2019-04-08 07:27:00,0.3403875227831463
2019-04-08 07:30:00,0.5179011552101542
2019-04-08 07:33:00,0.32370476530547876
2019-04-08 07:36:00,0.48801665684027284
2019-04-08 07:39:00,0.30366874492966645
2019-04-08 07:42:00,0.3550319160569302
2019-04-08 07:45:00,0.38926144978387356
2019-04-08 07:48:00,0.3496510659279011
2019-04-08 07:51:00,0.34112419767063784
2019-04-08 07:54:00,0.32340752053147526
2019-04-08 07:57:00,0.3441864916233044
2019-04-08 08:00:00,0.33783337354918785
2019-04-08 08:03:00,0.4732875596683357
2019-04-08 08:06:00,0.35139518976075124
2019-04-08 08:09:00,0.3089016296091245
2019-04-08 08:12:00,0.3646029889042097
2019-04-08 08:15:00,0.22757839533312563
2019-04-08 08:18:00,0.33459227596318897
2019-04-08 08:21:00,0.28182477968664443
2019-04-08 08:24:00,0.2270898529434362
2019-04-08 08:27:00,0.26710649117518415
2019-04-08 08:30:00,0.23952657925048015
2019-04-08 08:33:00,0.2896845945476798
2019-04-08 08:36:00,0.34714775132476916
2019-04-08 08:39:00,0.14925391227296814
2019-04-08 08:42:00,0.23560118254039253
2019-04-08 08:45:00,0.22061482155777412
2019-04-08 08:48:00,0.2624899918976098
2019-04-08 08:51:00,0.13022373944357923
2019-04-08 08:54:00,0.22627435230322135
2019-04-08 08:57:00,0.16273750150924116
2019-04-08 09:00:00,0.16989991826159212
2019-04-08 09:03:00,0.16532294802055958
2019-04-08 09:06:00,0.19239087052778814
2019-04-08 09:09:00,0.0975057254684657
2019-04-08 09:12:00,0.10150691683486457
2019-04-08 09:15:00,0.18710276745679266
2019-04-08 09:18:00,0.18471036827531861
2019-04-08 09:21:00,-0.003783222032154754
2019-04-08 09:24:00,0.15598195395762104
2019-04-08 09:27:00,0.0826642733375138
2019-04-08 09:30:00,0.17101368450062182
2019-04-08 09:33:00,0.07202076002005242
2019-04-08 09:36:00,0.04872459100187143
2019-04-08 09:39:00,0.06635850450516045
2019-04-08 09:42:00,0.14218794075708274
2019-04-08 09:45:00,-0.037287595086013425
2019-04-08 09:48:00,-0.07246604863610173
2019-04-08 09:51:00,-0.041680264636909214
2019-04-08 09:54:00,-0.09233777110881647
2019-04-08 09:57:00,-0.06443897983433544
2019-04-08 10:00:00,-0.10057778535855277
2019-04-08 10:03:00,-0.022551100442626648
2019-04-08 10:06:00,-0.05086037441554936
2019-04-08 10:09:00,-0.08044915391326413
2019-04-08 10:12:00,-0.06450846608049687
2019-04-08 10:15:00,-0.1891563950177897
2019-04-08 10:18:00,-0.1401208492198407
2019-04-08 10:21:00,-0.18956894842170868
2019-04-08 10:24:00,-0.19493636813865578
2019-04-08 10:27:00,-0.22858731869786197
2019-04-08 10:30:00,-0.18200679281977727
2019-04-08 10:33:00,-0.21684972848282769
2019-04-08 10:36:00,-0.18604307986339563
2019-04-08 10:39:00,-0.12204781245992535
2019-04-08 10:42:00,-0.2060429470013787
2019-04-08 10:45:00,-0.1498560139973506
2019-04-08 10:48:00,-0.1992047913586248
2019-04-08 10:51:00,-0.12986210353551542
2019-04-08 10:54:00,-0.26103998788357785
2019-04-08 10:57:00,-0.18526461791225302
2019-04-08 11:00:00,-0.14548046321795027
2019-04-08 11:03:00,-0.15702945518694378
2019-04-08 11:06:00,-0.3704703313881623
2019-04-08 11:09:00,-0.25468202859610756
2019-04-08 11:12:00,-0.3264395284436432
2019-04-08 11:15:00,-0.2594587088274807
2019-04-08 11:18:00,-0.27359872488358405
2019-04-08 11:21:00,-0.2244133290072341
2019-04-08 11:24:00,-0.24132762148747133
2019-04-08 11:27:00,-0.25948009254415183
2019-04-08 11:30:00,-0.274939403174983
2019-04-08 11:33:00,-0.26051059130594467
2019-04-08 11:36:00,-0.287032436167749
2019-04-08 11:39:00,-0.25721598856972605
2019-04-08 11:42:00,-0.29960513132073174
2019-04-08 11:45:00,-0.17924369398519957
2019-04-08 11:48:00,-0.22176759579951977
2019-04-08 11:51:00,-0.29479824918234954
2019-04-08 11:54:00,0.05840469142009397
2019-04-08 11:57:00,0.15371573312967257
2019-04-08 12:00:00,0.2230178556172291
2019-04-08 12:03:00,0.3008083730009048
2019-04-08 12:06:00,0.3392830099786579
2019-04-08 12:09:00,0.35290415337652803
2019-04-08 12:12:00,-0.1510206886399601
2019-04-08 12:15:00,-0.2770864985378694
2019-04-08 12:18:00,-0.14062237100347375
2019-04-08 12:21:00,-0.2124207482719953
2019-04-08 12:24:00,-0.17751909298942792
2019-04-08 12:27:00,-0.21161407974256008
2019-04-08 12:30:00,-0.09063597429366155
2019-04-08 12:33:00,-0.24119509913083448
2019-04-08 12:36:00,-0.16943306667747038
2019-04-08 12:39:00,-0.1940590200943575
2019-04-08 12:42:00,-0.23216529612096792
2019-04-08 12:45:00,-0.18396850473885706
2019-04-08 12:48:00,-0.25312125104841243
2019-04-08 12:51:00,-0.16537075096522358
2019-04-08 12:54:00,-0.29476055786415145
2019-04-08 12:57:00,-0.20656013471779033
2019-04-08 13:00:00,-0.2190492481365709
2019-04-08 13:03:00,-0.19956182678760115
2019-04-08 13:06:00,-0.14068878171389088
2019-04-08 13:09:00,-0.19100038120484442
2019-04-08 13:12:00,-0.20603557348852064
2019-04-08 13:15:00,-0.1959581944726665
2019-04-08 13:18:00,-0.19921355473053382
2019-04-08 13:21:00,-0.11677416685620301
2019-04-08 13:24:00,-0.038732068197646186
2019-04-08 13:27:00,-0.18799629608912483
2019-04-08 13:30:00,-0.13692056866022995
2019-04-08 13:33:00,-0.19512567472708042
2019-04-08 13:36:00,-0.16104112050339836
2019-04-08 13:39:00,-0.15110474856840028
2019-04-08 13:42:00,-0.2016250028819968
2019-04-08 13:45:00,-0.10247439944686221
2019-04-08 13:48:00,-0.034458778875318785
2019-04-08 13:51:00,-0.19276167385811505
2019-04-08 13:54:00,-0.15606310713127414
2019-04-08 13:57:00,-0.1672175890919334
2019-04-08 14:00:00,-0.18948251030286656
2019-04-08 14:03:00,-0.24482098100895655
2019-04-08 14:06:00,-0.21867180310465528
2019-04-08 14:09:00,-0.2950418765946097
2019-04-08 14:12:00,-0.20853810074027024
2019-04-08 14:15:00,-0.23198594678916606
2019-04-08 14:18:00,-0.29270438626042505
2019-04-08 14:21:00,-0.3106824684422804
2019-04-08 14:24:00,-0.22309981682832358
2019-04-08 14:27:00,-0.1690525276274002
2019-04-08 14:30:00,-0.22128851751699585
2019-04-08 14:33:00,-0.1524640063758511
2019-04-08 14:36:00,-0.06179154378963858
2019-04-08 14:39:00,-0.1671597943959
2019-04-08 14:42:00,-0.2775446641089161
2019-04-08 14:45:00,-0.19611253026164377
2019-04-08 14:48:00,-0.2949510323937261
2019-04-08 14:51:00,-0.21650163670369693
2019-04-08 14:54:00,-0.21011071090123323
2019-04-08 14:57:00,-0.13507661768829848
2019-04-08 15:00:00,-0.12289973555334655
2019-04-08 15:03:00,-0.16424530423415717
2019-04-08 15:06:00,-0.1912009824943084
2019-04-08 15:09:00,-0.06345086060014182
2019-04-08 15:12:00,-0.09551784476690273
2019-04-08 15:15:00,-0.06303155481418798
2019-04-08 15:18:00,-0.1208975627494624
2019-04-08 15:21:00,0.06286848158953262
2019-04-08 15:24:00,-0.017412764071195852
2019-04-08 15:27:00,0.01693842324630168
2019-04-08 15:30:00,-0.08182663237738552
2019-04-08 15:33:00,0.04183281468607447
2019-04-08 15:36:00,0.11813556728947106
2019-04-08 15:39:00,0.2468673984229781
2019-04-08 15:42:00,0.0751968003824004
2019-04-08 15:45:00,0.1725115895280851
2019-04-08 15:48:00,0.3095557724199125
2019-04-08 15:51:00,0.18368336327660018
2019-04-08 15:54:00,-0.054552966965047744
2019-04-08 15:57:00,-0.020476290522083218
2019-04-08 16:00:00,-0.2204154745672895
2019-04-08 16:03:00,-0.1360784343917203
2019-04-08 16:06:00,0.10965008148713196
2019-04-08 16:09:00,0.12804752169722633
2019-04-08 16:12:00,0.14350155022128774
2019-04-08 16:15:00,0.20324490729581157
2019-04-08 16:18:00,0.13718787979917124
2019-04-08 16:21:00,0.24038721670689256
2019-04-08 16:24:00,0.24381530142039765
2019-04-08 16:27:00,0.265932574579665
2019-04-08 16:30:00,0.24365164159985397
2019-04-08 16:33:00,0.019670346251132287
2019-04-08 16:36:00,0.0042950025548975646
2019-04-08 16:39:00,0.01822821912554673
2019-04-08 16:42:00,-0.0782525540049619
2019-04-08 16:45:00,-0.11281947897538203
2019-04-08 16:48:00,-0.05542390794653329
2019-04-08 16:51:00,-0.05962562946547223
2019-04-08 16:54:00,0.050987063838704216
2019-04-08 16:57:00,0.0876143498581996
2019-04-08 17:00:00,-0.0670782324697825
2019-04-08 17:03:00,-0.049953400972412965
2019-04-08 17:06:00,0.035585497507213404
2019-04-08 17:09:00,0.02937152424897249
2019-04-08 17:12:00,0.06951537190360568
2019-04-08 17:15:00,-0.005724229427357841
2019-04-08 17:18:00,0.05782690309519012
2019-04-08 17:21:00,-0.07209661421774172
2019-04-08 17:24:00,0.06790484707431688
2019-04-08 17:27:00,-0.037807649857654724
2019-04-08 17:30:00,0.07317614411005025
2019-04-08 17:33:00,-0.014467361694983083
2019-04-08 17:36:00,0.06803338987174357
2019-04-08 17:39:00,0.12183406584341583
2019-04-08 17:42:00,0.043774796930335924
2019-04-08 17:45:00,0.028709937417261244
2019-04-08 17:48:00,-0.05635500351382916
2019-04-08 17:51:00,0.04732301573375253
2019-04-08 17:54:00,0.021759909214608797
2019-04-08 17:57:00,-0.06483009004881524
2019-04-08 18:00:00,-0.05326256069582769
2019-04-08 18:03:00,0.02687291979884776
2019-04-08 18:06:00,0.0038410919120224207
2019-04-08 18:09:00,0.03922769686158745
2019-04-08 18:12:00,0.057936041337598
2019-04-08 18:15:00,-0.08446540305612871
2019-04-08 18:18:00,-0.0630891604045587
2019-04-08 18:21:00,-0.14001048331505217
2019-04-08 18:24:00,-0.037683788279423425
2019-04-08 18:27:00,-0.06776559695845208
2019-04-08 18:30:00,-0.009184749798748726
2019-04-08 18:33:00,-0.10983157541744504
2019-04-08 18:36:00,-0.07539669853485975
2019-04-08 18:39:00,-0.0531261940324157
2019-04-08 18:42:00,-0.05001773703912704
2019-04-08 18:45:00,0.05121640005688732
2019-04-08 18:48:00,0.06598129083221238
2019-04-08 18:51:00,0.021822448382408766
2019-04-08 18:54:00,0.07580404330394686
2019-04-08 18:57:00,
2019-04-08 19:00:00,
2019-04-08 19:03:00,-0.02483597789654368
2019-04-08 19:06:00,0.1529491890069039
2019-04-08 19:09:00,-0.02254682370306682
2019-04-08 19:12:00,0.050843598645087695
2019-04-08 19:15:00,-0.04613898605106215
2019-04-08 19:18:00,0.09951271970902553
2019-04-08 19:21:00,0.004110225265549161
2019-04-08 19:24:00,0.10406677035120993
2019-04-08 19:27:00,0.0020588225129927196
2019-04-08 19:30:00,0.04406864365716956
2019-04-08 19:33:00,0.08978448860972321
2019-04-08 19:36:00,0.17180358757656222
2019-04-08 19:39:00,0.02998179145265567
2019-04-08 19:42:00,0.055983838228996774
2019-04-08 19:45:00,0.08138761385072257
2019-04-08 19:48:00,0.11453935482103361
2019-04-08 19:51:00,0.04901394281097282
2019-04-08 19:54:00,0.09962191126010111
2019-04-08 19:57:00,0.14594857506722292
2019-04-08 20:00:00,0.12475051740182153
2019-04-08 20:03:00,0.07504505195299771
2019-04-08 20:06:00,0.2556929576527409
2019-04-08 20:09:00,0.195614750859761
2019-04-08 20:12:00,0.21564275731850557
2019-04-08 20:15:00,0.26901642444659046
2019-04-08 20:18:00,0.18882659816364367
2019-04-08 20:21:00,0.17038787280995393
2019-04-08 20:24:00,0.26829420942749493
2019-04-08 20:27:00,0.16427914228682994
2019-04-08 20:30:00,0.10541169184205046
2019-04-08 20:33:00,0.1605896783693197
2019-04-08 20:36:00,0.24883658254225338
2019-04-08 20:39:00,0.19213790575241774
2019-04-08 20:42:00,0.1310942442270857
2019-04-08 20:45:00,0.1402528231725455
2019-04-08 20:48:00,0.17780253500529852
2019-04-08 20:51:00,0.13676157147602908
2019-04-08 20:54:00,0.11938202466643588
2019-04-08 20:57:00,0.07047747903527579
2019-04-08 21:00:00,0.20812052475417886
2019-04-08 21:03:00,0.14468891714449228
2019-04-08 21:06:00,0.2112350129123115
2019-04-08 21:09:00,0.1650710941026432
2019-04-08 21:12:00,0.19005960575657355
2019-04-08 21:15:00,0.12122103513814864
2019-04-08 21:18:00,0.16275495789892602
2019-04-08 21:21:00,0.19854470001030222
2019-04-08 21:24:00,0.11236607735253301
2019-04-08 21:27:00,0.12401848900412915
2019-04-08 21:30:00,0.17929499913691416
2019-04-08 21:33:00,0.22855848597328077
2019-04-08 21:36:00,0.14654844451126792
2019-04-08 21:39:00,0.15788728613472358
2019-04-08 21:42:00,0.218229443325356
2019-04-08 21:45:00,0.13830863299187968
2019-04-08 21:48:00,0.191965555093077
2019-04-08 21:51:00,0.31913355689471246
2019-04-08 21:54:00,0.22109261971274918
2019-04-08 21:57:00,0.16877566148860979
2019-04-08 22:00:00,0.22005191611168584
2019-04-08 22:03:00,0.1889789541920095
2019-04-08 22:06:00,0.16212866289140493
2019-04-08 22:09:00,0.22150085284005172
2019-04-08 22:12:00,0.19615295188850723
2019-04-08 22:15:00,0.2018600916388209
2019-04-08 22:18:00,0.1884874908298002
2019-04-08 22:21:00,0.24674831112326956
2019-04-08 22:24:00,0.15383011589699436
2019-04-08 22:27:00,0.20590679819673596
2019-04-08 22:30:00,0.2547153976718164
2019-04-08 22:33:00,0.28655217295107605
2019-04-08 22:36:00,0.1700977121674896
2019-04-08 22:39:00,0.23759707105591588
2019-04-08 22:42:00,0.21183850555701156
2019-04-08 22:45:00,0.16786385164658668
2019-04-08 22:48:00,0.15785743077998404
2019-04-08 22:51:00,0.14956325533250947
2019-04-08 22:54:00,0.24167017002912417
2019-04-08 22:57:00,0.21534113858547244
2019-04-08 23:00:00,0.22785050592364087
2019-04-08 23:03:00,0.18039848603672226
2019-04-08 23:06:00,0.24314072578215473
2019-04-08 23:09:00,0.13479894655836233
2019-04-08 23:12:00,0.18893498007781773
2019-04-08 23:15:00,0.17688717749297211
2019-04-08 23:18:00,0.2304491225781362
2019-04-08 23:21:00,0.2529490071207192
2019-04-08 23:24:00,0.1589136360483394
2019-04-08 23:27:00,0.2131356530459243
2019-04-08 23:30:00,0.19287385435990245
2019-04-08 23:33:00,0.3126609393250419
2019-04-08 23:36:00,0.2213057541484318
2019-04-08 23:39:00,0.27547923259101026
2019-04-08 23:42:00,0.2430714410188557
2019-04-08 23:45:00,0.1796915683081579
2019-04-08 23:48:00,0.13025928561057754
2019-04-08 23:51:00,0.24134489383885693
2019-04-08 23:54:00,0.2714324073018588
2019-04-08 23:57:00,0.15642487587092546
2019-04-09 00:00:00,0.2821318090485079
2019-04-09 00:03:00,0.2003734831830002
2019-04-09 00:06:00,0.2029461639500596
2019-04-09 00:09:00,0.26731412857071746
2019-04-09 00:12:00,0.22867328240488405
2019-04-09 00:15:00,0.17348645780413108
2019-04-09 00:18:00,0.2378556762873245
2019-04-09 00:21:00,0.24715348977554186
2019-04-09 00:24:00,0.29547737330159407
2019-04-09 00:27:00,0.1943352861032963
2019-04-09 00:30:00,0.17940153347689147
2019-04-09 00:33:00,0.10301746157682601
2019-04-09 00:36:00,0.10519729861573524
2019-04-09 00:39:00,0.21224916909795866
2019-04-09 00:42:00,0.19637383002265096
2019-04-09 00:45:00,0.26823207952236316
2019-04-09 00:48:00,0.21120299477144044
2019-04-09 00:51:00,0.22510998063262377
2019-04-09 00:54:00,0.20867580672120312
2019-04-09 00:57:00,0.15805976353846063
2019-04-09 01:00:00,0.14948957447188604
2019-04-09 01:03:00,0.26958726398777344
2019-04-09 01:06:00,0.19185779237710676
2019-04-09 01:09:00,0.09527805877587525
2019-04-09 01:12:00,0.1400826995172224
2019-04-09 01:15:00,0.2080804811924395
2019-04-09 01:18:00,0.20104448242665285
2019-04-09 01:21:00,0.17932924103570258
2019-04-09 01:24:00,0.17790560111887999
2019-04-09 01:27:00,0.2407767871593478
2019-04-09 01:30:00,0.28922945530297284
2019-04-09 01:33:00,0.2553103494201423
2019-04-09 01:36:00,0.26288296653882526
2019-04-09 01:39:00,0.12333275743759486
2019-04-09 01:42:00,0.254345864285483
2019-04-09 01:45:00,0.2223350670964237
2019-04-09 01:48:00,0.22549552674433926
2019-04-09 01:51:00,0.19873104062520497
2019-04-09 01:54:00,0.3181559789197195
2019-04-09 01:57:00,0.3180459405176066
2019-04-09 02:00:00,0.24100549454169595
2019-04-09 02:03:00,0.24590190379097976
2019-04-09 02:06:00,0.2608850346108511
2019-04-09 02:09:00,0.1859300598693494
2019-04-09 02:12:00,0.17001862222389263
2019-04-09 02:15:00,0.291105117813629
2019-04-09 02:18:00,0.24742827486562646
2019-04-09 02:21:00,0.2810591266983806
2019-04-09 02:24:00,0.3252805057396131
2019-04-09 02:27:00,0.17577363354871522
2019-04-09 02:30:00,0.2733500028457456
2019-04-09 02:33:00,0.27215004172416
2019-04-09 02:36:00,0.2681460051549607
2019-04-09 02:39:00,0.2561517910435782
2019-04-09 02:42:00,0.2958068400992033
2019-04-09 02:45:00,0.2656072847050268
2019-04-09 02:48:00,0.2585279809189842
2019-04-09 02:51:00,0.3128453147657524
2019-04-09 02:54:00,0.2641671463365469
2019-04-09 02:57:00,0.2819035568794561
2019-04-09 03:00:00,0.2900096548867168
2019-04-09 03:03:00,0.2847661684803029
2019-04-09 03:06:00,0.23526497265663693
2019-04-09 03:09:00,0.18235163416613887
2019-04-09 03:12:00,0.2823491613244755
2019-04-09 03:15:00,0.2825527858370265
2019-04-09 03:18:00,0.17076278388486799
2019-04-09 03:21:00,0.24631770826886168
2019-04-09 03:24:00,0.26886716457158855
2019-04-09 03:27:00,0.27235944119644273
2019-04-09 03:30:00,0.23913231885632058
2019-04-09 03:33:00,0.28353147931602507
2019-04-09 03:36:00,0.24987695207397564
2019-04-09 03:39:00,0.17016130007777974
2019-04-09 03:42:00,0.28117665560921523
2019-04-09 03:45:00,0.2324470051542562
2019-04-09 03:48:00,0.18289357866939326
2019-04-09 03:51:00,0.24862736975995858
2019-04-09 03:54:00,0.2687592781397825
2019-04-09 03:57:00,0.29022641177624564
2019-04-09 04:00:00,0.33365101141600917
2019-04-09 04:03:00,0.3183435390295699
2019-04-09 04:06:00,0.30355446795249463
2019-04-09 04:09:00,0.2900523393472554
2019-04-09 04:12:00,0.21100973488819363
2019-04-09 04:15:00,0.2757597956237987
2019-04-09 04:18:00,0.3117804898647023
2019-04-09 04:21:00,0.3005105455310968
2019-04-09 04:24:00,0.38951100502021063
2019-04-09 04:27:00,0.333215768218281
2019-04-09 04:30:00,0.31281542763662173
2019-04-09 04:33:00,0.20865482079841513
2019-04-09 04:36:00,0.23158442003671098
2019-04-09 04:39:00,0.2476781424352339
2019-04-09 04:42:00,0.21301252543645433
2019-04-09 04:45:00,0.20890217175025327
2019-04-09 04:48:00,0.3271581157467267
2019-04-09 04:51:00,0.31731480727188455
2019-04-09 04:54:00,0.20724584569688886
2019-04-09 04:57:00,0.29899688962410664
2019-04-09 05:00:00,0.22769125614593122
2019-04-09 05:03:00,0.2177536130841986
2019-04-09 05:06:00,0.15603297284133077
2019-04-09 05:09:00,0.2994712500735659
2019-04-09 05:12:00,0.23843298771078025
2019-04-09 05:15:00,0.24157597204748527
2019-04-09 05:18:00,0.29230391516114196
2019-04-09 05:21:00,0.2027102948993047
2019-04-09 05:24:00,0.2710086264894471
2019-04-09 05:27:00,0.15001802684315635
2019-04-09 05:30:00,0.296016767746778
2019-04-09 05:33:00,0.289929059215865
2019-04-09 05:36:00,0.21168332406682566
2019-04-09 05:39:00,0.2541652427736949
2019-04-09 05:42:00,0.28729242117782405
2019-04-09 05:45:00,0.3244981487380869
2019-04-09 05:48:00,0.25895660046290914
2019-04-09 05:51:00,0.29500685087390366
2019-04-09 05:54:00,0.32434917619048065
2019-04-09 05:57:00,0.17461646683494791
2019-04-09 06:00:00,0.3159827741191066
2019-04-09 06:03:00,0.23900512867169255
2019-04-09 06:06:00,0.2735338740672546
2019-04-09 06:09:00,0.22274950162398
2019-04-09 06:12:00,0.2319090022626824
2019-04-09 06:15:00,0.29150958914766534
2019-04-09 06:18:00,0.3539212923766968
2019-04-09 06:21:00,0.32900918291602466
2019-04-09 06:24:00,0.40720082425934834
2019-04-09 06:27:00,0.19917997472600746
2019-04-09 06:30:00,0.24941996650613873
2019-04-09 06:33:00,0.34470424030553204
2019-04-09 06:36:00,0.2993348764559869
2019-04-09 06:39:00,0.30487355505994174
2019-04-09 06:42:00,0.3086929599674022
2019-04-09 06:45:00,0.2882652588733663
2019-04-09 06:48:00,0.3628123631420408
2019-04-09 06:51:00,0.2432942200927073
2019-04-09 06:54:00,0.38451769433896743
2019-04-09 06:57:00,0.2682101774231569
2019-04-09 07:00:00,0.2773720453831743
2019-04-09 07:03:00,0.31279031039895244
2019-04-09 07:06:00,0.24970791465324282
2019-04-09 07:09:00,0.30865307292060606
2019-04-09 07:12:00,0.30962394143625716
2019-04-09 07:15:00,0.30959688282996467
2019-04-09 07:18:00,0.2357325821309928
2019-04-09 07:21:00,0.23399265381794976
2019-04-09 07:24:00,0.36118538028637204
2019-04-09 07:27:00,0.32670956932906847
2019-04-09 07:30:00,0.289651876015796
2019-04-09 07:33:00,0.22173134260077632
2019-04-09 07:36:00,0.1872773004511714
2019-04-09 07:39:00,0.300864109816132
2019-04-09 07:42:00,0.1439378370976101
2019-04-09 07:45:00,0.19591741107979033
2019-04-09 07:48:00,0.2166947733982738
2019-04-09 07:51:00,0.24460755401406686
2019-04-09 07:54:00,0.1741855097665166
2019-04-09 07:57:00,0.2541966759578145
2019-04-09 08:00:00,0.18462085566648057
2019-04-09 08:03:00,0.29233758983838243
2019-04-09 08:06:00,0.14411555599303938
2019-04-09 08:09:00,0.13645349677597096
2019-04-09 08:12:00,0.1973517501054971
2019-04-09 08:15:00,0.2031741156508815
2019-04-09 08:18:00,0.19007312238102259
2019-04-09 08:21:00,0.16230653122403282
2019-04-09 08:24:00,0.1798375975930071
2019-04-09 08:27:00,0.15857952049231017
2019-04-09 08:30:00,0.11697066073179485
2019-04-09 08:33:00,0.13238421099379138
2019-04-09 08:36:00,0.12875406566075753
2019-04-09 08:39:00,0.18362815215027695
2019-04-09 08:42:00,0.09257761186319158
2019-04-09 08:45:00,0.056156462520561945
2019-04-09 08:48:00,0.12359299088291209
2019-04-09 08:51:00,0.06413921580531223
2019-04-09 08:54:00,0.09736355001780339
2019-04-09 08:57:00,0.07309356218576113
2019-04-09 09:00:00,0.047579489731845115
2019-04-09 09:03:00,0.08261254737249146
2019-04-09 09:06:00,0.05338033940608966
2019-04-09 09:09:00,0.05759013339059038
2019-04-09 09:12:00,0.11996172124315763
2019-04-09 09:15:00,0.0009975488610507455
2019-04-09 09:18:00,0.024900554361295235
2019-04-09 09:21:00,0.05818992857587091
2019-04-09 09:24:00,-0.08809224393502291
2019-04-09 09:27:00,-0.11219131197805154
2019-04-09 09:30:00,-0.010908509135560962
2019-04-09 09:33:00,0.03789694236070318
2019-04-09 09:36:00,0.018757599506955103
2019-04-09 09:39:00,0.06666869499264294
2019-04-09 09:42:00,-0.047644996097290004
2019-04-09 09:45:00,0.11049154790100602
2019-04-09 09:48:00,0.009028453200983222
2019-04-09 09:51:00,0.06646720165008446
2019-04-09 09:54:00,0.07215545584875827
2019-04-09 09:57:00,0.10346075962957002
2019-04-09 10:00:00,0.17257538429475971
2019-04-09 10:03:00,0.24619072376748363
2019-04-09 10:06:00,0.24941603444443672
2019-04-09 10:09:00,0.20328585012282474
2019-04-09 10:12:00,0.16072937727318504
2019-04-09 10:15:00,0.09316863561980426
2019-04-09 10:18:00,-0.1410303941007669
2019-04-09 10:21:00,-0.01756455441898197
2019-04-09 10:24:00,0.024238216895639653
2019-04-09 10:27:00,0.0344631575362655
2019-04-09 10:30:00,-0.02727897124100309
2019-04-09 10:33:00,0.06359810574383573
2019-04-09 10:36:00,-0.056095504060976964
2019-04-09 10:39:00,-0.06351067813199052
2019-04-09 10:42:00,0.017248739547540026
2019-04-09 10:45:00,-0.05458097134351192
2019-04-09 10:48:00,-0.1782292116081976
2019-04-09 10:51:00,-0.18108091107541213
2019-04-09 10:54:00,-0.1487272536518276
2019-04-09 10:57:00,-0.18311479554205334
2019-04-09 11:00:00,-0.017264264029165588
2019-04-09 11:03:00,-0.03759787898366085
2019-04-09 11:06:00,0.3753871014359902
2019-04-09 11:09:00,0.15855665262171215
2019-04-09 11:12:00,0.12088367629974073
2019-04-09 11:15:00,0.16487778610274972
2019-04-09 11:18:00,0.21165400058538353
2019-04-09 11:21:00,-0.007132529137152233
2019-04-09 11:24:00,0.11873705087572262
2019-04-09 11:27:00,0.04826402779087857
2019-04-09 11:30:00,0.11159216809221562
2019-04-09 11:33:00,-0.0006090139502816783
2019-04-09 11:36:00,0.06390147100887589
2019-04-09 11:39:00,0.1249324784437249
2019-04-09 11:42:00,0.108979190424634
2019-04-09 11:45:00,0.21215181571136554
2019-04-09 11:48:00,0.1095262510827979
2019-04-09 11:51:00,0.06584427765568535
2019-04-09 11:54:00,0.0245439039757116
2019-04-09 11:57:00,-0.013959576450702116
2019-04-09 12:00:00,0.07308061918928388
2019-04-09 12:03:00,0.21531132723731616
2019-04-09 12:06:00,0.407156329196539
2019-04-09 12:09:00,0.22434704233211278
2019-04-09 12:12:00,-0.05970631244827018
2019-04-09 12:15:00,0.028628567507325897
2019-04-09 12:18:00,-0.07379595071500944
2019-04-09 12:21:00,-0.055222550117662195
2019-04-09 12:24:00,-0.015957952057306102
2019-04-09 12:27:00,-0.1533845984445179
2019-04-09 12:30:00,-0.05560944162618853
2019-04-09 12:33:00,-0.07731019243118453
2019-04-09 12:36:00,-0.14079027771441588
2019-04-09 12:39:00,-0.05949376487507152
2019-04-09 12:42:00,-0.07634402693088305
2019-04-09 12:45:00,-0.2259531703493849
2019-04-09 12:48:00,-0.04262720793531116
2019-04-09 12:51:00,-0.011074889372764574
2019-04-09 12:54:00,-0.0607579599978294
2019-04-09 12:57:00,-0.0007492557365935681
2019-04-09 13:00:00,-0.12388450292269226
2019-04-09 13:03:00,-0.1057267018364314
2019-04-09 13:06:00,-0.09188622676629166
2019-04-09 13:09:00,-0.14753289764280453
2019-04-09 13:12:00,-0.11326947551430067
2019-04-09 13:15:00,-0.0946907291321395
2019-04-09 13:18:00,-0.08779730904899452
2019-04-09 13:21:00,-0.14964603029193313
2019-04-09 13:24:00,0.050358844082268206
2019-04-09 13:27:00,-0.11881519760527226
2019-04-09 13:30:00,0.01778764181335646
2019-04-09 13:33:00,-0.04317504799018934
2019-04-09 13:36:00,0.16108972794324927
2019-04-09 13:39:00,-0.043660274594458315
2019-04-09 13:42:00,-0.043624413484508295
2019-04-09 13:45:00,0.0799801926903001
2019-04-09 13:48:00,0.02838946577611523
2019-04-09 13:51:00,0.10489382430142768
2019-04-09 13:54:00,0.06029786654920599
2019-04-09 13:57:00,0.03462722662442275
2019-04-09 14:00:00,0.37200085716767717
2019-04-09 14:03:00,0.47855451157545303
2019-04-09 14:06:00,0.5950031615467992
2019-04-09 14:09:00,0.3280702948509884
2019-04-09 14:12:00,0.1696776004532694
2019-04-09 14:15:00,0.19209661032709846
2019-04-09 14:18:00,0.26969102212899543
2019-04-09 14:21:00,0.26439509444145415
2019-04-09 14:24:00,0.20585946275531342
2019-04-09 14:27:00,0.03655953395838196
2019-04-09 14:30:00,-0.005592947810725946
2019-04-09 14:33:00,0.007787376926046363
2019-04-09 14:36:00,0.06201326578172939
2019-04-09 14:39:00,0.12932290440505767
2019-04-09 14:42:00,0.22651625303154788
2019-04-09 14:45:00,0.24061384567596633
2019-04-09 14:48:00,0.35195665540948085
2019-04-09 14:51:00,0.31462995302268837
2019-04-09 14:54:00,0.36021254994761875
2019-04-09 14:57:00,0.24684738079173485
2019-04-09 15:00:00,0.26962064121875073
2019-04-09 15:03:00,0.32258910174124367
2019-04-09 15:06:00,0.19384759759202552
2019-04-09 15:09:00,0.29095944303827537
2019-04-09 15:12:00,0.17487621182220892
2019-04-09 15:15:00,0.2639581249368348
2019-04-09 15:18:00,0.2520051051554333
2019-04-09 15:21:00,0.3252177626585535
2019-04-09 15:24:00,0.3008087493760172
2019-04-09 15:27:00,0.3926677498904496
2019-04-09 15:30:00,0.3001843321872002
2019-04-09 15:33:00,0.23837025054376682
2019-04-09 15:36:00,0.4280512240667349
2019-04-09 15:39:00,0.37657060050531754
2019-04-09 15:42:00,0.2546459427329637
2019-04-09 15:45:00,0.3215256573141687
2019-04-09 15:48:00,0.23917982986478137
2019-04-09 15:51:00,0.36674916278496994
2019-04-09 15:54:00,0.34290578470034916
2019-04-09 15:57:00,0.3509386614159098
2019-04-09 16:00:00,0.27782055731881883
2019-04-09 16:03:00,0.3187872159626295
2019-04-09 16:06:00,0.24886639507826658
2019-04-09 16:09:00,0.2412632312720575
2019-04-09 16:12:00,0.38839349976910853
2019-04-09 16:15:00,0.30430196753661676
2019-04-09 16:18:00,0.3014141937019872
2019-04-09 16:21:00,0.2817567598764299
2019-04-09 16:24:00,0.27316748513976563
2019-04-09 16:27:00,0.23743672355811896
2019-04-09 16:30:00,0.1663685709071956
2019-04-09 16:33:00,0.2678404506254424
2019-04-09 16:36:00,0.2230157820098384
2019-04-09 16:39:00,0.1796228560712052
2019-04-09 16:42:00,0.2459620164972307
2019-04-09 16:45:00,0.2033980571162033
2019-04-09 16:48:00,0.24910551965746208
2019-04-09 16:51:00,0.23692246836804998
2019-04-09 16:54:00,0.14825181295520906
2019-04-09 16:57:00,0.17628861181788125
2019-04-09 17:00:00,0.11664691093591273
2019-04-09 17:03:00,0.07561238610742294
2019-04-09 17:06:00,0.2056221968734917
2019-04-09 17:09:00,0.1966623333793791
2019-04-09 17:12:00,0.07603141817554615
2019-04-09 17:15:00,0.08945254127434055
2019-04-09 17:18:00,0.10335255651278885
2019-04-09 17:21:00,0.12604495505286195
2019-04-09 17:24:00,0.12362415500308543
2019-04-09 17:27:00,0.1011489605857605
2019-04-09 17:30:00,0.12651005547098748
2019-04-09 17:33:00,0.07249493409290153
2019-04-09 17:36:00,0.20192802203263227
2019-04-09 17:39:00,0.18661595906206685
2019-04-09 17:42:00,0.15241639001749263
2019-04-09 17:45:00,0.1818649376628514
2019-04-09 17:48:00,0.18274273261664575
2019-04-09 17:51:00,0.1475772642364177
2019-04-09 17:54:00,0.11465942299838616
2019-04-09 17:57:00,0.22057936153441915
2019-04-09 18:00:00,0.12340304304478877
2019-04-09 18:03:00,0.20228739176667432
2019-04-09 18:06:00,0.17675636531856753
2019-04-09 18:09:00,0.12923592259670613
2019-04-09 18:12:00,0.1514288404140416
2019-04-09 18:15:00,0.18667737127498185
2019-04-09 18:18:00,0.23622158400337412
2019-04-09 18:21:00,0.11532850632050895
2019-04-09 18:24:00,0.11869842984788193
2019-04-09 18:27:00,0.17129942339335003
2019-04-09 18:30:00,0.179250873112494
2019-04-09 18:33:00,0.17216320751441572
2019-04-09 18:36:00,0.1727388556851679
2019-04-09 18:39:00,0.273421883569938
2019-04-09 18:42:00,0.22520975842553526
2019-04-09 18:45:00,0.17343963405966178
2019-04-09 18:48:00,0.21708353839568417
2019-04-09 18:51:00,0.20384909424285524
2019-04-09 18:54:00,
2019-04-09 18:57:00,
2019-04-09 19:00:00,
2019-04-09 19:03:00,0.2606005596209684
2019-04-09 19:06:00,0.19680440187238446
2019-04-09 19:09:00,0.196032298586033
2019-04-09 19:12:00,0.20692867393967163
2019-04-09 19:15:00,0.221562300621315
2019-04-09 19:18:00,0.2193729146277974
2019-04-09 19:21:00,0.20659829064732094
2019-04-09 19:24:00,0.24036809547413895
2019-04-09 19:27:00,0.16833075394004027
2019-04-09 19:30:00,0.20986703511454152
2019-04-09 19:33:00,0.09125080196366753
2019-04-09 19:36:00,0.1923593755470847
2019-04-09 19:39:00,0.2412579106980388
2019-04-09 19:42:00,0.16309953030139468
2019-04-09 19:45:00,0.18014272214554694
2019-04-09 19:48:00,0.1784164866712672
2019-04-09 19:51:00,0.17969705152830784
2019-04-09 19:54:00,0.3885196298666074
2019-04-09 19:57:00,0.33036550351249616
2019-04-09 20:00:00,0.16386223145309486
2019-04-09 20:03:00,0.2002974527226229
2019-04-09 20:06:00,0.12760603527402736
2019-04-09 20:09:00,0.28819236685433225
2019-04-09 20:12:00,0.274276023166351
2019-04-09 20:15:00,0.22701035262952018
2019-04-09 20:18:00,0.2570688277616
2019-04-09 20:21:00,0.2554278208326082
2019-04-09 20:24:00,0.23458799287158172
2019-04-09 20:27:00,0.24065158129917563
2019-04-09 20:30:00,0.3346718311759105
2019-04-09 20:33:00,0.23877508498929956
2019-04-09 20:36:00,0.30855880814669945
2019-04-09 20:39:00,0.3828610643556658
2019-04-09 20:42:00,0.1825675827192299
2019-04-09 20:45:00,0.25028178284236446
2019-04-09 20:48:00,0.3460701372144399
2019-04-09 20:51:00,0.3472575318000395
2019-04-09 20:54:00,0.2994336151405719
2019-04-09 20:57:00,0.25027548889272566
2019-04-09 21:00:00,0.23858260924680508
2019-04-09 21:03:00,0.25788683732707796
2019-04-09 21:06:00,0.28140480083777675
2019-04-09 21:09:00,0.2548063767183635
2019-04-09 21:12:00,0.2819831055574582
2019-04-09 21:15:00,0.2602589344102739
2019-04-09 21:18:00,0.3049205014683025
2019-04-09 21:21:00,0.35309715795176544
2019-04-09 21:24:00,0.3111954975783533
2019-04-09 21:27:00,0.3612901812740006
2019-04-09 21:30:00,0.2518768475725892
2019-04-09 21:33:00,0.32620618703316495
2019-04-09 21:36:00,0.2442281738159977
2019-04-09 21:39:00,0.25150672158309817
2019-04-09 21:42:00,0.22280825111204194
2019-04-09 21:45:00,0.3155470697229248
2019-04-09 21:48:00,0.2965670021770279
2019-04-09 21:51:00,0.29380499335331933
2019-04-09 21:54:00,0.24283561687371957
2019-04-09 21:57:00,0.37375653076838944
2019-04-09 22:00:00,0.31731681903499975
2019-04-09 22:03:00,0.21268784422591125
2019-04-09 22:06:00,0.23971328804464065
2019-04-09 22:09:00,0.2256991697196895
2019-04-09 22:12:00,0.2653529800584806
2019-04-09 22:15:00,0.36818501476534493
2019-04-09 22:18:00,0.30389137050917725
2019-04-09 22:21:00,0.24399356477715628
2019-04-09 22:24:00,0.29698871870471066
2019-04-09 22:27:00,0.21502433596873516
2019-04-09 22:30:00,0.38780553584660993
2019-04-09 22:33:00,0.16626073890114412
2019-04-09 22:36:00,0.2682734671472531
2019-04-09 22:39:00,0.22572967962435087
2019-04-09 22:42:00,0.3536843436157824
2019-04-09 22:45:00,0.31657298959839864
2019-04-09 22:48:00,0.33079977764663226
2019-04-09 22:51:00,0.3072548934595716
2019-04-09 22:54:00,0.23780586812489446
2019-04-09 22:57:00,0.27072444470269375
2019-04-09 23:00:00,0.3008284454999739
2019-04-09 23:03:00,0.32898050652465827
2019-04-09 23:06:00,0.290631195560195
2019-04-09 23:09:00,0.3338183412621447
2019-04-09 23:12:00,0.30191668127042703
2019-04-09 23:15:00,0.3820824363801876
2019-04-09 23:18:00,0.360973101455329
2019-04-09 23:21:00,0.37194388838418035
2019-04-09 23:24:00,0.29518489078861876
2019-04-09 23:27:00,0.2966904945161559
2019-04-09 23:30:00,0.24560294668111737
2019-04-09 23:33:00,0.2774417164513352
2019-04-09 23:36:00,0.2595097892552758
2019-04-09 23:39:00,0.3448026188095241
2019-04-09 23:42:00,0.2804073835471286
2019-04-09 23:45:00,0.39108036743772345
2019-04-09 23:48:00,0.3242117816361656
2019-04-09 23:51:00,0.347024974607848
2019-04-09 23:54:00,0.3975919037358153
2019-04-09 23:57:00,0.23782089323970013
2019-04-10 00:00:00,0.3422559889957597
2019-04-10 00:03:00,0.3415306009000574
2019-04-10 00:06:00,0.29041560653672605
2019-04-10 00:09:00,0.2971972900319315
2019-04-10 00:12:00,0.3434290385946497
2019-04-10 00:15:00,0.35613987036202843
2019-04-10 00:18:00,0.3728836826020938
2019-04-10 00:21:00,0.3963157860272304
2019-04-10 00:24:00,0.3681885502080604
2019-04-10 00:27:00,0.25606533633634854
2019-04-10 00:30:00,0.347380906621936
2019-04-10 00:33:00,0.3708090914703348
2019-04-10 00:36:00,0.3043083237399742
2019-04-10 00:39:00,0.3851665074581092
2019-04-10 00:42:00,0.3814605921751877
2019-04-10 00:45:00,0.30828807665238855
2019-04-10 00:48:00,0.3464073025465382
2019-04-10 00:51:00,0.3837348663825537
2019-04-10 00:54:00,0.29632072906173335
2019-04-10 00:57:00,0.3942128994434029
2019-04-10 01:00:00,0.3034384207504104
2019-04-10 01:03:00,0.4013300655639682
2019-04-10 01:06:00,0.42685123418368676
2019-04-10 01:09:00,0.29531187126821123
2019-04-10 01:12:00,0.3678267235901558
2019-04-10 01:15:00,0.29258951879597817
2019-04-10 01:18:00,0.3435255020461341
2019-04-10 01:21:00,0.32066850550052095
2019-04-10 01:24:00,0.3271077523768895
2019-04-10 01:27:00,0.3363201992730751
2019-04-10 01:30:00,0.3594368986644554
2019-04-10 01:33:00,0.4342430350257587
2019-04-10 01:36:00,0.38061504191091444
2019-04-10 01:39:00,0.4387009502555088
2019-04-10 01:42:00,0.3038919750811715
2019-04-10 01:45:00,0.5042332010651762
2019-04-10 01:48:00,0.44121049376406063
2019-04-10 01:51:00,0.40294769411946163
2019-04-10 01:54:00,0.4061188563194946
2019-04-10 01:57:00,0.3977984341582328
2019-04-10 02:00:00,0.34986410067614315
2019-04-10 02:03:00,0.3704765769145979
2019-04-10 02:06:00,0.3547403262645048
2019-04-10 02:09:00,0.4255978704555332
2019-04-10 02:12:00,0.27694691680329697
2019-04-10 02:15:00,0.4061114637002561
2019-04-10 02:18:00,0.4442139522498678
2019-04-10 02:21:00,0.41838477639942084
2019-04-10 02:24:00,0.4211851751153972
2019-04-10 02:27:00,0.38864788641990344
2019-04-10 02:30:00,0.4356431706033277
2019-04-10 02:33:00,0.4077562205985146
2019-04-10 02:36:00,0.3541127939847115
2019-04-10 02:39:00,0.3803021615427724
2019-04-10 02:42:00,0.33686800737837075
2019-04-10 02:45:00,0.3363632243049324
2019-04-10 02:48:00,0.43694681341469277
2019-04-10 02:51:00,0.34096642080316997
2019-04-10 02:54:00,0.41930599693989734
2019-04-10 02:57:00,0.38811826112919334
2019-04-10 03:00:00,0.40134401075454207
2019-04-10 03:03:00,0.4158620336262402
2019-04-10 03:06:00,0.28490541623853005
2019-04-10 03:09:00,0.43497874349566246
2019-04-10 03:12:00,0.26987004672918147
2019-04-10 03:15:00,0.36270426540068
2019-04-10 03:18:00,0.346278852515411
2019-04-10 03:21:00,0.33053895913366205
2019-04-10 03:24:00,0.2955841876431009
2019-04-10 03:27:00,0.3388082841819937
2019-04-10 03:30:00,0.29138536044609964
2019-04-10 03:33:00,0.31754153019301157
2019-04-10 03:36:00,0.369822749288403
2019-04-10 03:39:00,0.36035793424787244
2019-04-10 03:42:00,0.29731609246846347
2019-04-10 03:45:00,0.38117501203811344
2019-04-10 03:48:00,0.31103131789137706
2019-04-10 03:51:00,0.43666568268315586
2019-04-10 03:54:00,0.3281701129400858
2019-04-10 03:57:00,0.3687118261131559
2019-04-10 04:00:00,0.3125717088053648
2019-04-10 04:03:00,0.3073172365963046
2019-04-10 04:06:00,0.39214381243579055
2019-04-10 04:09:00,0.3514482645227872
2019-04-10 04:12:00,0.32429703392307374
2019-04-10 04:15:00,0.389353565821807
2019-04-10 04:18:00,0.2863243580773087
2019-04-10 04:21:00,0.3077743836950617
2019-04-10 04:24:00,0.3197152414065272
2019-04-10 04:27:00,0.3497298654916108
2019-04-10 04:30:00,0.26256152217285944
2019-04-10 04:33:00,0.299144870585053
2019-04-10 04:36:00,0.33628438849427766
2019-04-10 04:39:00,0.33474762877386866
2019-04-10 04:42:00,0.2834316937206154
2019-04-10 04:45:00,0.2766552947984451
2019-04-10 04:48:00,0.366221211743607
2019-04-10 04:51:00,0.30254232836000483
2019-04-10 04:54:00,0.32319573768313603
2019-04-10 04:57:00,0.3586282018044926
2019-04-10 05:00:00,0.38054256181931123
2019-04-10 05:03:00,0.30583501255262036
2019-04-10 05:06:00,0.32551692361573714
2019-04-10 05:09:00,0.3533815134949805
2019-04-10 05:12:00,0.3404974448895359
2019-04-10 05:15:00,0.2661916959272048
2019-04-10 05:18:00,0.30936689022257724
2019-04-10 05:21:00,0.41470054174135385
2019-04-10 05:24:00,0.30444535427363917
2019-04-10 05:27:00,0.2976979998652496
2019-04-10 05:30:00,0.2737491505394587
2019-04-10 05:33:00,0.2864981211703821
2019-04-10 05:36:00,0.32495562078150897
2019-04-10 05:39:00,0.36657970948823504
2019-04-10 05:42:00,0.37280929190677625
2019-04-10 05:45:00,0.42404297263254875
2019-04-10 05:48:00,0.30228183748954507
2019-04-10 05:51:00,0.30989273715306354
2019-04-10 05:54:00,0.30357343382769386
2019-04-10 05:57:00,0.30242020617021126
2019-04-10 06:00:00,0.24189750544195476
2019-04-10 06:03:00,0.32903674347312517
2019-04-10 06:06:00,0.32641710799430257
2019-04-10 06:09:00,0.33655071725206653
2019-04-10 06:12:00,0.3342685027250809
2019-04-10 06:15:00,0.2814479655739319
2019-04-10 06:18:00,0.38268933933477456
2019-04-10 06:21:00,0.38309102827435026
2019-04-10 06:24:00,0.25044780761004404
2019-04-10 06:27:00,0.29984095613929185
2019-04-10 06:30:00,0.365837698231644
2019-04-10 06:33:00,0.2861496359790294
2019-04-10 06:36:00,0.26091930844830813
2019-04-10 06:39:00,0.3506400885360108
2019-04-10 06:42:00,0.32762577103682133
2019-04-10 06:45:00,0.32489768948261144
2019-04-10 06:48:00,0.3122765430991876
2019-04-10 06:51:00,0.2873832432328527
2019-04-10 06:54:00,0.24788197850824645
2019-04-10 06:57:00,0.3371329779470784
2019-04-10 07:00:00,0.2866509857378219
2019-04-10 07:03:00,0.34053534210062253
2019-04-10 07:06:00,0.20992170090886475
2019-04-10 07:09:00,0.2021851056645687
2019-04-10 07:12:00,0.15399285154012432
2019-04-10 07:15:00,0.30304779277577154
2019-04-10 07:18:00,0.26512224407173335
2019-04-10 07:21:00,0.2653294724329385
2019-04-10 07:24:00,0.32804557022558356
2019-04-10 07:27:00,0.3412761569578606
2019-04-10 07:30:00,0.3304292984099675
2019-04-10 07:33:00,0.2728505600826452
2019-04-10 07:36:00,0.2521018155403567
2019-04-10 07:39:00,0.25491522384243126
2019-04-10 07:42:00,0.2926375255867697
2019-04-10 07:45:00,0.3155013892144325
2019-04-10 07:48:00,0.2869827903753617
2019-04-10 07:51:00,0.25833655346514206
2019-04-10 07:54:00,0.24633211595761395
2019-04-10 07:57:00,0.2665957847522691
2019-04-10 08:00:00,0.2125915829010978
2019-04-10 08:03:00,0.2371084381431956
2019-04-10 08:06:00,0.29966259070118895
2019-04-10 08:09:00,0.22743235138352702
2019-04-10 08:12:00,0.21520708307036784
2019-04-10 08:15:00,0.12636333060692095
2019-04-10 08:18:00,0.25180356559809525
2019-04-10 08:21:00,0.19482409033525983
2019-04-10 08:24:00,0.14923404808433816
2019-04-10 08:27:00,0.1581872781426341
2019-04-10 08:30:00,0.18567678692312484
2019-04-10 08:33:00,0.17303306411713493
2019-04-10 08:36:00,0.04237497357939901
2019-04-10 08:39:00,0.16360336446109613
2019-04-10 08:42:00,0.18751932533433546
2019-04-10 08:45:00,0.11027634707784273
2019-04-10 08:48:00,0.11178583246112339
2019-04-10 08:51:00,0.13270491912959415
2019-04-10 08:54:00,0.191670868944243
2019-04-10 08:57:00,0.17181774231545432
2019-04-10 09:00:00,0.2251225769251164
2019-04-10 09:03:00,0.13201535947365528
2019-04-10 09:06:00,0.1428613601360098
2019-04-10 09:09:00,0.047248262316770706
2019-04-10 09:12:00,0.17970618411322903
2019-04-10 09:15:00,0.15305552890310992
2019-04-10 09:18:00,0.011001543317945561
2019-04-10 09:21:00,0.059469696904500324
2019-04-10 09:24:00,0.13736181553076676
2019-04-10 09:27:00,-0.006726676627465622
2019-04-10 09:30:00,0.0667197542590543
2019-04-10 09:33:00,-0.03869338233033659
2019-04-10 09:36:00,0.0652195454873663
2019-04-10 09:39:00,0.11786536770239309
2019-04-10 09:42:00,0.015076622998265066
2019-04-10 09:45:00,0.08492750695842233
2019-04-10 09:48:00,0.026889405565668767
2019-04-10 09:51:00,-0.007367736452522422
2019-04-10 09:54:00,-0.04679387228429732
2019-04-10 09:57:00,0.04265085769009147
2019-04-10 10:00:00,0.08413191632780581
2019-04-10 10:03:00,0.03387931083051399
2019-04-10 10:06:00,0.04334429079943902
2019-04-10 10:09:00,-0.01491604274559677
2019-04-10 10:12:00,-0.01288815065572635
2019-04-10 10:15:00,-0.04119011947545914
2019-04-10 10:18:00,0.08279945379462106
2019-04-10 10:21:00,0.019979405118306204
2019-04-10 10:24:00,0.11851572527046983
2019-04-10 10:27:00,0.02844698842068283
2019-04-10 10:30:00,0.012825241913219543
2019-04-10 10:33:00,-0.024576510007250363
2019-04-10 10:36:00,-0.18897481357123525
2019-04-10 10:39:00,-0.169024716318404
2019-04-10 10:42:00,-0.055035378606476115
2019-04-10 10:45:00,0.047534843751122935
2019-04-10 10:48:00,0.021416017809826826
2019-04-10 10:51:00,-0.0006099138660715653
2019-04-10 10:54:00,0.08073852311599694
2019-04-10 10:57:00,-0.006126933329028361
2019-04-10 11:00:00,-0.04792247751834111
2019-04-10 11:03:00,0.019251815523546156
2019-04-10 11:06:00,-0.024096757720030837
2019-04-10 11:09:00,-0.1271716915563843
2019-04-10 11:12:00,0.06677833457507631
2019-04-10 11:15:00,0.04603725780435752
2019-04-10 11:18:00,-0.04308229844497191
2019-04-10 11:21:00,0.005531828959419727
2019-04-10 11:24:00,-0.004446448543262704
2019-04-10 11:27:00,0.08532672700857802
2019-04-10 11:30:00,-0.03679711778949013
2019-04-10 11:33:00,-0.03743190671161756
2019-04-10 11:36:00,-0.1517678182648865
2019-04-10 11:39:00,-0.10852228232755579
2019-04-10 11:42:00,-0.06769277691569187
2019-04-10 11:45:00,-0.1302688249772359
2019-04-10 11:48:00,-0.0970441289684345
2019-04-10 11:51:00,0.0320182616336524
2019-04-10 11:54:00,-0.11744935146782609
2019-04-10 11:57:00,-0.10903001254371247
2019-04-10 12:00:00,-0.06033792153453987
2019-04-10 12:03:00,-0.07743317202198341
2019-04-10 12:06:00,0.05703663117333235
2019-04-10 12:09:00,-0.14083476084141466
2019-04-10 12:12:00,-0.06478886833343722
2019-04-10 12:15:00,-0.14050914292096195
2019-04-10 12:18:00,-0.14293374643824563
2019-04-10 12:21:00,-0.12995983615860496
2019-04-10 12:24:00,-0.06200626200842407
2019-04-10 12:27:00,-0.15765444643898263
2019-04-10 12:30:00,-0.08740948076700761
2019-04-10 12:33:00,-0.16294745612685801
2019-04-10 12:36:00,0.002911739237447364
2019-04-10 12:39:00,0.13702873974659724
2019-04-10 12:42:00,-0.02608664088495516
2019-04-10 12:45:00,-0.051419951178786505
2019-04-10 12:48:00,0.0018752248900000268
2019-04-10 12:51:00,0.26648586435669586
2019-04-10 12:54:00,0.29224038897854143
2019-04-10 12:57:00,0.2529544171289331
2019-04-10 13:00:00,0.17393244223694637
2019-04-10 13:03:00,0.17074920292014895
2019-04-10 13:06:00,0.08361488805019235
2019-04-10 13:09:00,0.03649902044230657
2019-04-10 13:12:00,0.2303061454107933
2019-04-10 13:15:00,0.05791062618726528
2019-04-10 13:18:00,0.23732754899879183
2019-04-10 13:21:00,0.30079263520974564
2019-04-10 13:24:00,0.2042103194830247
2019-04-10 13:27:00,0.14556345695211803
2019-04-10 13:30:00,0.10951294266544664
2019-04-10 13:33:00,0.056846356620212646
2019-04-10 13:36:00,0.058683630988070945
2019-04-10 13:39:00,0.11677791640471469
2019-04-10 13:42:00,0.2823733832098583
2019-04-10 13:45:00,0.16177114836756346
2019-04-10 13:48:00,0.11436870005428545
2019-04-10 13:51:00,0.21781573426608247
2019-04-10 13:54:00,0.08420868158975736
2019-04-10 13:57:00,-0.0005314762125863126
2019-04-10 14:00:00,0.08657152107662114
2019-04-10 14:03:00,0.0375766626958125
2019-04-10 14:06:00,0.06636268248979604
2019-04-10 14:09:00,0.13792884855922694
2019-04-10 14:12:00,0.11086105526214851
2019-04-10 14:15:00,0.12695129891966417
2019-04-10 14:18:00,0.04617677579699375
2019-04-10 14:21:00,0.0026780384517905986
2019-04-10 14:24:00,-0.02047580209176658
2019-04-10 14:27:00,-0.019313234035337246
2019-04-10 14:30:00,-0.07428026696777579
2019-04-10 14:33:00,0.004534756635166559
2019-04-10 14:36:00,-0.13896144448926862
2019-04-10 14:39:00,-0.10715299302012227
2019-04-10 14:42:00,-0.20065768004513984
2019-04-10 14:45:00,-0.08447905483370732
2019-04-10 14:48:00,-0.08845085660891527
2019-04-10 14:51:00,-0.06488338349959122
2019-04-10 14:54:00,-0.07393700819937976
2019-04-10 14:57:00,-0.11735843168270321
2019-04-10 15:00:00,-0.03876062075954678
2019-04-10 15:03:00,-0.11869109314761772
2019-04-10 15:06:00,-0.023569387834754707
2019-04-10 15:09:00,-0.006923124452441698
2019-04-10 15:12:00,-0.2424360329465003
2019-04-10 15:15:00,-0.17708565773057217
2019-04-10 15:18:00,-0.1994471985279347
2019-04-10 15:21:00,-0.1253311616194992
2019-04-10 15:24:00,-0.3153671041579855
2019-04-10 15:27:00,-0.20039209382076706
2019-04-10 15:30:00,-0.28978648027026566
2019-04-10 15:33:00,-0.11520563018888197
2019-04-10 15:36:00,-0.25522369025026137
2019-04-10 15:39:00,-0.23192331054076476
2019-04-10 15:42:00,-0.3013466298795606
2019-04-10 15:45:00,-0.18621847573541572
2019-04-10 15:48:00,-0.20168558945397308
2019-04-10 15:51:00,-0.187407305678164
2019-04-10 15:54:00,-0.2423856354275813
2019-04-10 15:57:00,-0.24570984833627563
2019-04-10 16:00:00,-0.1423634409547958
2019-04-10 16:03:00,-0.06543354874207807
2019-04-10 16:06:00,-0.08105034928240684
2019-04-10 16:09:00,-0.045741959178258185
2019-04-10 16:12:00,-0.017101644440003838
2019-04-10 16:15:00,-0.11467792943176391
2019-04-10 16:18:00,-0.0017024453546241602
2019-04-10 16:21:00,-0.10865568711847118
2019-04-10 16:24:00,-0.136536747992011
2019-04-10 16:27:00,-0.07364454086501837
2019-04-10 16:30:00,-0.13865813259144488
2019-04-10 16:33:00,-0.18388256409656378
2019-04-10 16:36:00,-0.16854754130167748
2019-04-10 16:39:00,-0.17502625838341146
2019-04-10 16:42:00,-0.17215741436939425
2019-04-10 16:45:00,-0.04331919683562546
2019-04-10 16:48:00,-0.10443143949356681
2019-04-10 16:51:00,-0.0719491171424238
2019-04-10 16:54:00,-0.17661799884939455
2019-04-10 16:57:00,-0.10313006223742605
2019-04-10 17:00:00,-0.1187844162852798
2019-04-10 17:03:00,-0.0717303695563487
2019-04-10 17:06:00,-0.14622625687752588
2019-04-10 17:09:00,-0.04964235303549458
2019-04-10 17:12:00,-0.06944982974511049
2019-04-10 17:15:00,-0.05118374355652122
2019-04-10 17:18:00,-0.07743887366694935
2019-04-10 17:21:00,-0.1045386104187287
2019-04-10 17:24:00,-0.037816996386254687
2019-04-10 17:27:00,-0.12376031524240716
2019-04-10 17:30:00,0.016652178964932318
2019-04-10 17:33:00,0.04080774539954746
2019-04-10 17:36:00,-0.024393106400225406
2019-04-10 17:39:00,0.016642703764603084
2019-04-10 17:42:00,-0.0021498065033256353
2019-04-10 17:45:00,-0.013704239378739658
2019-04-10 17:48:00,0.0007831614451561109
2019-04-10 17:51:00,-0.06726056660778568
2019-04-10 17:54:00,-0.03997011906523085
2019-04-10 17:57:00,0.01863520965088128
2019-04-10 18:00:00,-0.02678565299498814
2019-04-10 18:03:00,-0.03842712619604072
2019-04-10 18:06:00,-0.019971981882292766
2019-04-10 18:09:00,-0.019970212373380036
2019-04-10 18:12:00,0.13888330732578424
2019-04-10 18:15:00,-0.017526597197729643
2019-04-10 18:18:00,0.05680337034397098
2019-04-10 18:21:00,-0.004836253906319143
2019-04-10 18:24:00,0.11366070223175484
2019-04-10 18:27:00,0.09738089543674278
2019-04-10 18:30:00,0.06772895441412174
2019-04-10 18:33:00,0.21104659228029732
2019-04-10 18:36:00,0.12717754575663776
2019-04-10 18:39:00,0.5715020465331122
2019-04-10 18:42:00,0.5692414476116028
2019-04-10 18:45:00,0.2665785365401234
2019-04-10 18:48:00,0.17963663865492663
2019-04-10 18:51:00,0.04965159487846904
2019-04-10 18:54:00,
2019-04-10 18:57:00,
2019-04-10 19:00:00,
2019-04-10 19:03:00,-0.04624909063477389
2019-04-10 19:06:00,0.05025452075926751
2019-04-10 19:09:00,0.0458848036080326
2019-04-10 19:12:00,0.030619175143499433
2019-04-10 19:15:00,0.011623977366468807
2019-04-10 19:18:00,0.12886181490972604
2019-04-10 19:21:00,0.044561730897953566
2019-04-10 19:24:00,0.1302789663844237
2019-04-10 19:27:00,0.09358133585544692
2019-04-10 19:30:00,0.06280034546995239
2019-04-10 19:33:00,0.022623353829089865
2019-04-10 19:36:00,-0.08166306341905738
2019-04-10 19:39:00,0.04456214202150477
2019-04-10 19:42:00,0.09933276722921391
2019-04-10 19:45:00,0.09780121991758506
2019-04-10 19:48:00,0.07462950394562995
2019-04-10 19:51:00,0.17220663055763907
2019-04-10 19:54:00,0.22103377514088152
2019-04-10 19:57:00,0.0707878061870133
2019-04-10 20:00:00,0.20715603274504701
2019-04-10 20:03:00,0.14109235293284428
2019-04-10 20:06:00,0.26894217950797383
2019-04-10 20:09:00,0.49565323068065936
2019-04-10 20:12:00,0.5969846695656429
2019-04-10 20:15:00,0.5067545904108215
2019-04-10 20:18:00,0.5541087287822961
2019-04-10 20:21:00,0.580992366933458
2019-04-10 20:24:00,0.5627847138496236
2019-04-10 20:27:00,0.6050305231781863
2019-04-10 20:30:00,0.5979124511042073
2019-04-10 20:33:00,0.5549017465280031
2019-04-10 20:36:00,0.5928509342306825
2019-04-10 20:39:00,0.6070286592132561
2019-04-10 20:42:00,0.6286662806543859
2019-04-10 20:45:00,0.5908422717336066
2019-04-10 20:48:00,0.613880875827931
2019-04-10 20:51:00,0.6349711765143411
2019-04-10 20:54:00,0.5326594713923214
2019-04-10 20:57:00,0.513987877880254
2019-04-10 21:00:00,0.36786634289734366
2019-04-10 21:03:00,0.3926677199264077
2019-04-10 21:06:00,0.18409026041962306
2019-04-10 21:09:00,0.17999200291092166
2019-04-10 21:12:00,0.10787369650574874
2019-04-10 21:15:00,0.13597070361089436
2019-04-10 21:18:00,0.15333320120902272
2019-04-10 21:21:00,0.1097109619239518
2019-04-10 21:24:00,0.28181205272892385
2019-04-10 21:27:00,0.22457134605434703
2019-04-10 21:30:00,0.3817956958814648
2019-04-10 21:33:00,0.4462548050248074
2019-04-10 21:36:00,0.37651219998656416
2019-04-10 21:39:00,0.3889234158522754
2019-04-10 21:42:00,0.3042275864766566
2019-04-10 21:45:00,0.44045512685590893
2019-04-10 21:48:00,0.5197916585838698
2019-04-10 21:51:00,0.5128310975464956
2019-04-10 21:54:00,0.47617408521017524
2019-04-10 21:57:00,0.5021186956503243
2019-04-10 22:00:00,0.5404207862555381
2019-04-10 22:03:00,0.6990912670506759
2019-04-10 22:06:00,0.7316568921389148
2019-04-10 22:09:00,0.651513582288942
2019-04-10 22:12:00,0.5602155905597783
2019-04-10 22:15:00,0.4329825098879496
2019-04-10 22:18:00,0.43155344767745873
2019-04-10 22:21:00,0.31815931297097677
2019-04-10 22:24:00,0.329854929746773
2019-04-10 22:27:00,0.3221944923726596
2019-04-10 22:30:00,0.37087365620709534
2019-04-10 22:33:00,0.515279007937977
2019-04-10 22:36:00,0.558073836122901
2019-04-10 22:39:00,0.6698816475069407
2019-04-10 22:42:00,0.3690269492988705
2019-04-10 22:45:00,0.3602324227371696
2019-04-10 22:48:00,0.3394491728191724
2019-04-10 22:51:00,0.3162911010126095
2019-04-10 22:54:00,0.25768662086659333
2019-04-10 22:57:00,0.327905749959541
2019-04-10 23:00:00,0.4066111530531771
2019-04-10 23:03:00,0.49661447690738214
2019-04-10 23:06:00,0.5471340358878933
2019-04-10 23:09:00,0.515367207224017
2019-04-10 23:12:00,0.47482332047263753
2019-04-10 23:15:00,0.3746037178495385
2019-04-10 23:18:00,0.4548822714539824
2019-04-10 23:21:00,0.4556158070641345
2019-04-10 23:24:00,0.3572460485169131
2019-04-10 23:27:00,0.3772711585346542
2019-04-10 23:30:00,0.4584573937231653
2019-04-10 23:33:00,0.4067241413126226
2019-04-10 23:36:00,0.45901704603397775
2019-04-10 23:39:00,0.4630580558511497
2019-04-10 23:42:00,0.5223772042709811
2019-04-10 23:45:00,0.5279664066681562
2019-04-10 23:48:00,0.5385853069341238
2019-04-10 23:51:00,0.5319556928205316
2019-04-10 23:54:00,0.5505235323277589
2019-04-10 23:57:00,0.5273782034728356
2019-04-11 00:00:00,0.5361658533897753
2019-04-11 00:03:00,0.5143873016663179
2019-04-11 00:06:00,0.5654724997198741
2019-04-11 00:09:00,0.569029070314059
2019-04-11 00:12:00,0.45376442162654484
2019-04-11 00:15:00,0.5427138362036885
2019-04-11 00:18:00,0.5414753296562935
2019-04-11 00:21:00,0.5286936561178095
2019-04-11 00:24:00,0.6018036273716234
2019-04-11 00:27:00,0.5081623809804796
2019-04-11 00:30:00,0.4707421319843661
2019-04-11 00:33:00,0.44304238797826656
2019-04-11 00:36:00,0.4537906869269932
2019-04-11 00:39:00,0.4999577135739628
2019-04-11 00:42:00,0.5283127126782006
2019-04-11 00:45:00,0.42750697454761166
2019-04-11 00:48:00,0.43060714945158907
2019-04-11 00:51:00,0.45389302825901723
2019-04-11 00:54:00,0.45015299076106885
2019-04-11 00:57:00,0.41496351949945165
2019-04-11 01:00:00,0.34885121076280257
2019-04-11 01:03:00,0.40831853652935024
2019-04-11 01:06:00,0.3895104189695644
2019-04-11 01:09:00,0.4444933014514163
2019-04-11 01:12:00,0.45564437876510056
2019-04-11 01:15:00,0.4096510192459277
2019-04-11 01:18:00,0.4025755197844205
2019-04-11 01:21:00,0.4255105522832423
2019-04-11 01:24:00,0.3978551109071873
2019-04-11 01:27:00,0.3895719276836189
2019-04-11 01:30:00,0.4703882701526254
2019-04-11 01:33:00,0.47740717711627667
2019-04-11 01:36:00,0.4563048929691149
2019-04-11 01:39:00,0.3529312320441136
2019-04-11 01:42:00,0.5157186953013024
2019-04-11 01:45:00,0.3891541097999607
2019-04-11 01:48:00,0.4269926334113734
2019-04-11 01:51:00,0.470680128619108
2019-04-11 01:54:00,0.4283323156507777
2019-04-11 01:57:00,0.3409663831517378
2019-04-11 02:00:00,0.4737056055419657
2019-04-11 02:03:00,0.3786462466934495
2019-04-11 02:06:00,0.40250530781815996
2019-04-11 02:09:00,0.44440388832248345
2019-04-11 02:12:00,0.3499329087582055
2019-04-11 02:15:00,0.44673215745621064
2019-04-11 02:18:00,0.3942660042284274
2019-04-11 02:21:00,0.37879178987338946
2019-04-11 02:24:00,0.33816153926989045
2019-04-11 02:27:00,0.46447481668189994
2019-04-11 02:30:00,0.44453110038631394
2019-04-11 02:33:00,0.32367862684321835
2019-04-11 02:36:00,0.4806719064002891
2019-04-11 02:39:00,0.3598757564626567
2019-04-11 02:42:00,0.42722576130847756
2019-04-11 02:45:00,0.4570874363554367
2019-04-11 02:48:00,0.39576751569887847
2019-04-11 02:51:00,0.36374947420989656
2019-04-11 02:54:00,0.4348254966048444
2019-04-11 02:57:00,0.38678161032447633
2019-04-11 03:00:00,0.4266166423972777
2019-04-11 03:03:00,0.4809433887534169
2019-04-11 03:06:00,0.44407495304250233
2019-04-11 03:09:00,0.35847166448218104
2019-04-11 03:12:00,0.4429600414272272
2019-04-11 03:15:00,0.4393773721374714
2019-04-11 03:18:00,0.43266330335376324
2019-04-11 03:21:00,0.4967268188638059
2019-04-11 03:24:00,0.4800127664591969
2019-04-11 03:27:00,0.50906537356542
2019-04-11 03:30:00,0.4151097802640038
2019-04-11 03:33:00,0.598301785006413
2019-04-11 03:36:00,0.44214545728624444
2019-04-11 03:39:00,0.5420644510720081
2019-04-11 03:42:00,0.5017088174235482
2019-04-11 03:45:00,0.5217506762658104
2019-04-11 03:48:00,0.4754144091062358
2019-04-11 03:51:00,0.504498813802627
2019-04-11 03:54:00,0.551601566117256
2019-04-11 03:57:00,0.5358154783304485
2019-04-11 04:00:00,0.4605130931104213
2019-04-11 04:03:00,0.47704291370331475
2019-04-11 04:06:00,0.43006662096013315
2019-04-11 04:09:00,0.474637325508354
2019-04-11 04:12:00,0.5043782785540998
2019-04-11 04:15:00,0.5517917529615488
2019-04-11 04:18:00,0.4903732798093756
2019-04-11 04:21:00,0.507467583094467
2019-04-11 04:24:00,0.41771359674106634
2019-04-11 04:27:00,0.45755048618195815
2019-04-11 04:30:00,0.45967234749770114
2019-04-11 04:33:00,0.44524439150541184
2019-04-11 04:36:00,0.5099140973143221
2019-04-11 04:39:00,0.6406310270003814
2019-04-11 04:42:00,0.552296318962533
2019-04-11 04:45:00,0.46695977778563247
2019-04-11 04:48:00,0.3831029137732571
2019-04-11 04:51:00,0.49959421202379417
2019-04-11 04:54:00,0.4472585440923922
2019-04-11 04:57:00,0.5197644238225507
2019-04-11 05:00:00,0.40206825052172235
2019-04-11 05:03:00,0.4437272465208366
2019-04-11 05:06:00,0.48777636403366387
2019-04-11 05:09:00,0.45741515795759824
2019-04-11 05:12:00,0.48386139414850504
2019-04-11 05:15:00,0.3974981987577735
2019-04-11 05:18:00,0.5297904530612527
2019-04-11 05:21:00,0.4320759796232778
2019-04-11 05:24:00,0.48238706283126476
2019-04-11 05:27:00,0.4715011874848756
2019-04-11 05:30:00,0.46281307086684365
2019-04-11 05:33:00,0.5275699398474671
2019-04-11 05:36:00,0.45490404689451225
2019-04-11 05:39:00,0.43607916909462574
2019-04-11 05:42:00,0.4409292777703513
2019-04-11 05:45:00,0.4813121703109573
2019-04-11 05:48:00,0.4876045916930707
2019-04-11 05:51:00,0.46937736566565036
2019-04-11 05:54:00,0.4720571567903562
2019-04-11 05:57:00,0.38785170929753576
2019-04-11 06:00:00,0.458204022205166
2019-04-11 06:03:00,0.51514422041447
2019-04-11 06:06:00,0.4835290162075694
2019-04-11 06:09:00,0.478909212785652
2019-04-11 06:12:00,0.5170907078300502
2019-04-11 06:15:00,0.4203999546944033
2019-04-11 06:18:00,0.32777557561229287
2019-04-11 06:21:00,0.44134166811363684
2019-04-11 06:24:00,0.48991743655619757
2019-04-11 06:27:00,0.4005033405719587
2019-04-11 06:30:00,0.4935381575036786
2019-04-11 06:33:00,0.4159280318011156
2019-04-11 06:36:00,0.4398124755290951
2019-04-11 06:39:00,0.3911244367490667
2019-04-11 06:42:00,0.4438604040518044
2019-04-11 06:45:00,0.42552726009387243
2019-04-11 06:48:00,0.5261062441063018
2019-04-11 06:51:00,0.4823619148156695
2019-04-11 06:54:00,0.4056775913390993
2019-04-11 06:57:00,0.39853089528327246
2019-04-11 07:00:00,0.4441942474984444
2019-04-11 07:03:00,0.4797827781838464
2019-04-11 07:06:00,0.49956637745145827
2019-04-11 07:09:00,0.44061980902267806
2019-04-11 07:12:00,0.5905743604235454
2019-04-11 07:15:00,0.5310223576144608
2019-04-11 07:18:00,0.44701790774121264
2019-04-11 07:21:00,0.5283103502616768
2019-04-11 07:24:00,0.43893990974254393
2019-04-11 07:27:00,0.5029448941972987
2019-04-11 07:30:00,0.4560215971992534
2019-04-11 07:33:00,0.496216394589851
2019-04-11 07:36:00,0.531039569577274
2019-04-11 07:39:00,0.5331936530321855
2019-04-11 07:42:00,0.4631678796375809
2019-04-11 07:45:00,0.4342345189718344
2019-04-11 07:48:00,0.38626178186984816
2019-04-11 07:51:00,0.5168570870803251
2019-04-11 07:54:00,0.4054191723072904
2019-04-11 07:57:00,0.471594210623266
2019-04-11 08:00:00,0.5045368052913091
2019-04-11 08:03:00,0.4908590195602187
2019-04-11 08:06:00,0.44240916723509827
2019-04-11 08:09:00,0.45606157020716864
2019-04-11 08:12:00,0.4304894629175351
2019-04-11 08:15:00,0.45520975452757284
2019-04-11 08:18:00,0.46291046342560094
2019-04-11 08:21:00,0.3712091251451284
2019-04-11 08:24:00,0.3976595310252833
2019-04-11 08:27:00,0.3784560406049877
2019-04-11 08:30:00,0.40769161315853353
2019-04-11 08:33:00,0.3448749581925199
2019-04-11 08:36:00,0.48903368384270607
2019-04-11 08:39:00,0.45613054197752945
2019-04-11 08:42:00,0.3931445807027103
2019-04-11 08:45:00,0.37257582156837543
2019-04-11 08:48:00,0.3388646779925466
2019-04-11 08:51:00,0.38778262432145993
2019-04-11 08:54:00,0.33972012935089424
2019-04-11 08:57:00,0.35678915314298365
2019-04-11 09:00:00,0.3749364387040828
2019-04-11 09:03:00,0.3931709765334972
2019-04-11 09:06:00,0.3546648981229623
2019-04-11 09:09:00,0.3773454948686208
2019-04-11 09:12:00,0.27594090060580356
2019-04-11 09:15:00,0.38692366151326496
2019-04-11 09:18:00,0.30653948369479167
2019-04-11 09:21:00,0.2896967579306988
2019-04-11 09:24:00,0.336625900016827
2019-04-11 09:27:00,0.33490273085885747
2019-04-11 09:30:00,0.24091889508099484
2019-04-11 09:33:00,0.27016685908790805
2019-04-11 09:36:00,0.2529035658380394
2019-04-11 09:39:00,0.3010767848574005
2019-04-11 09:42:00,0.15053487899223228
2019-04-11 09:45:00,0.26873962608192414
2019-04-11 09:48:00,0.2992407110639306
2019-04-11 09:51:00,0.2000296823740655
2019-04-11 09:54:00,0.23783265768810224
2019-04-11 09:57:00,0.17507518511069975
2019-04-11 10:00:00,0.27172419376177004
2019-04-11 10:03:00,0.08340354862690447
2019-04-11 10:06:00,0.07967683094869926
2019-04-11 10:09:00,0.18260241879289651
2019-04-11 10:12:00,0.10574404595581655
2019-04-11 10:15:00,0.11633317421143374
2019-04-11 10:18:00,0.05127375409136903
2019-04-11 10:21:00,0.020425155003124473
2019-04-11 10:24:00,-0.011686007757305106
2019-04-11 10:27:00,0.06818836357456348
2019-04-11 10:30:00,0.14933259625860273
2019-04-11 10:33:00,-0.06601053389022127
2019-04-11 10:36:00,-0.06412448643936841
2019-04-11 10:39:00,0.038224938861105784
2019-04-11 10:42:00,0.05871088349863385
2019-04-11 10:45:00,-0.048682868741252605
2019-04-11 10:48:00,0.009463407480950536
2019-04-11 10:51:00,-0.08113297447124523
2019-04-11 10:54:00,-0.09156190523594887
2019-04-11 10:57:00,-0.1489981946213561
2019-04-11 11:00:00,-0.07548700033032674
2019-04-11 11:03:00,-0.012130217630897278
2019-04-11 11:06:00,-0.183661230380892
2019-04-11 11:09:00,-0.1421512946365624
2019-04-11 11:12:00,-0.11345415122457325
2019-04-11 11:15:00,-0.07239881755992883
2019-04-11 11:18:00,-0.16758971323434935
2019-04-11 11:21:00,-0.25553893680961437
2019-04-11 11:24:00,-0.14011312830660927
2019-04-11 11:27:00,-0.12068716680573743
2019-04-11 11:30:00,-0.13615538952683437
2019-04-11 11:33:00,-0.1565390437602332
2019-04-11 11:36:00,-0.18105359365631557
2019-04-11 11:39:00,-0.11451989476876179
2019-04-11 11:42:00,-0.26419984587346335
2019-04-11 11:45:00,-0.23572384509441235
2019-04-11 11:48:00,-0.24059139485262904
2019-04-11 11:51:00,-0.24153246390125105
2019-04-11 11:54:00,-0.05779348582518651
2019-04-11 11:57:00,-0.07196243312466777
2019-04-11 12:00:00,0.022493917760698423
2019-04-11 12:03:00,0.11377294942803928
2019-04-11 12:06:00,0.20016792885871837
2019-04-11 12:09:00,-0.3006690662739402
2019-04-11 12:12:00,-0.22781126887122127
2019-04-11 12:15:00,-0.23452627333028886
2019-04-11 12:18:00,-0.20520065152044253
2019-04-11 12:21:00,-0.2566942864898465
2019-04-11 12:24:00,-0.1828376144752042
2019-04-11 12:27:00,-0.25110472456844946
2019-04-11 12:30:00,-0.29088779461233116
2019-04-11 12:33:00,-0.23799308427311416
2019-04-11 12:36:00,-0.2779014756583251
2019-04-11 12:39:00,-0.20243559203436234
2019-04-11 12:42:00,-0.2926285687981931
2019-04-11 12:45:00,-0.31510216909913424
2019-04-11 12:48:00,-0.3635713462601302
2019-04-11 12:51:00,-0.23022284325713827
2019-04-11 12:54:00,-0.31037820666409743
2019-04-11 12:57:00,-0.320947878922766
2019-04-11 13:00:00,-0.34892560722732924
2019-04-11 13:03:00,-0.36025577840547385
2019-04-11 13:06:00,-0.34000940278946246
2019-04-11 13:09:00,-0.3223148028532705
2019-04-11 13:12:00,-0.34874284151845814
2019-04-11 13:15:00,-0.29536963049997667
2019-04-11 13:18:00,-0.3944782502654789
2019-04-11 13:21:00,-0.41735693547241226
2019-04-11 13:24:00,-0.35957914590579776
2019-04-11 13:27:00,-0.34991526352212077
2019-04-11 13:30:00,-0.29938162451759354
2019-04-11 13:33:00,-0.3858397669870328
2019-04-11 13:36:00,-0.35918841492241427
2019-04-11 13:39:00,-0.3070326410477833
2019-04-11 13:42:00,-0.3195479924987694
2019-04-11 13:45:00,-0.3768771462057998
2019-04-11 13:48:00,-0.23125278835482277
2019-04-11 13:51:00,-0.41730359720565957
2019-04-11 13:54:00,-0.3334445537763031
2019-04-11 13:57:00,-0.41844025744933333
2019-04-11 14:00:00,-0.4405189119575539
2019-04-11 14:03:00,-0.4414854942124862
2019-04-11 14:06:00,-0.3869212872020853
2019-04-11 14:09:00,-0.37709730544622744
2019-04-11 14:12:00,-0.3526254908109081
2019-04-11 14:15:00,-0.3213021301225467
2019-04-11 14:18:00,-0.280911356009824
2019-04-11 14:21:00,-0.37001962818595757
2019-04-11 14:24:00,-0.43036074922031275
2019-04-11 14:27:00,-0.48368998865436197
2019-04-11 14:30:00,-0.3475882259706964
2019-04-11 14:33:00,-0.28626728409807356
2019-04-11 14:36:00,-0.3974214145581527
2019-04-11 14:39:00,-0.3870819224690649
2019-04-11 14:42:00,-0.35013663551853824
2019-04-11 14:45:00,-0.3277980092579469
2019-04-11 14:48:00,-0.39701901002183604
2019-04-11 14:51:00,-0.4044710667653817
2019-04-11 14:54:00,-0.34818312076640723
2019-04-11 14:57:00,-0.34964546763148974
2019-04-11 15:00:00,-0.3832931257937844
2019-04-11 15:03:00,-0.21333319651006377
2019-04-11 15:06:00,-0.3376120026755416
2019-04-11 15:09:00,-0.2486295932056919
2019-04-11 15:12:00,-0.339858159035316
2019-04-11 15:15:00,-0.40316929996242834
2019-04-11 15:18:00,-0.33077244926982985
2019-04-11 15:21:00,-0.3553925627321064
2019-04-11 15:24:00,-0.3778052942853378
2019-04-11 15:27:00,-0.373775677967501
2019-04-11 15:30:00,-0.29557744058104163
2019-04-11 15:33:00,-0.26828889055110494
2019-04-11 15:36:00,-0.31033658895393046
2019-04-11 15:39:00,-0.3635956715404518
2019-04-11 15:42:00,-0.39021371814726535
2019-04-11 15:45:00,-0.32162869406118944
2019-04-11 15:48:00,-0.4056198763419161
2019-04-11 15:51:00,-0.32188366497211973
2019-04-11 15:54:00,-0.32408493613593237
2019-04-11 15:57:00,-0.3379922438170979
2019-04-11 16:00:00,-0.4618516457580313
2019-04-11 16:03:00,-0.32712055397803397
2019-04-11 16:06:00,-0.2863554762078593
2019-04-11 16:09:00,-0.3418508779347462
2019-04-11 16:12:00,-0.3347067855667092
2019-04-11 16:15:00,-0.4190724852525136
2019-04-11 16:18:00,-0.2270673621356991
2019-04-11 16:21:00,-0.2957340044570742
2019-04-11 16:24:00,-0.3163081805551542
2019-04-11 16:27:00,-0.41922633399303777
2019-04-11 16:30:00,-0.2970977085337836
2019-04-11 16:33:00,-0.23835031484031788
2019-04-11 16:36:00,-0.32569225859788276
2019-04-11 16:39:00,-0.22579801429498048
2019-04-11 16:42:00,-0.3105502662514823
2019-04-11 16:45:00,-0.3039625732004083
2019-04-11 16:48:00,-0.33164102910274096
2019-04-11 16:51:00,-0.2876103142878037
2019-04-11 16:54:00,-0.3511190659292538
2019-04-11 16:57:00,-0.31835359751443093
2019-04-11 17:00:00,-0.2394407437323025
2019-04-11 17:03:00,-0.33449379910302923
2019-04-11 17:06:00,-0.18773789607809022
2019-04-11 17:09:00,-0.2927392581655681
2019-04-11 17:12:00,-0.17729768694800896
2019-04-11 17:15:00,-0.2139484099993183
2019-04-11 17:18:00,-0.3546716259986056
2019-04-11 17:21:00,-0.22552225777889134
2019-04-11 17:24:00,-0.17480127109661225
2019-04-11 17:27:00,-0.19961251111453748
2019-04-11 17:30:00,-0.2090133567928092
2019-04-11 17:33:00,-0.18608851391201142
2019-04-11 17:36:00,-0.22846353895533866
2019-04-11 17:39:00,-0.15632708349863833
2019-04-11 17:42:00,-0.20988252109924588
2019-04-11 17:45:00,-0.16143265164078002
2019-04-11 17:48:00,-0.1609733480809723
2019-04-11 17:51:00,-0.15041055097674416
2019-04-11 17:54:00,-0.1381339957034129
2019-04-11 17:57:00,-0.1793609700040406
2019-04-11 18:00:00,-0.1882819779499414
2019-04-11 18:03:00,-0.18046605663488435
2019-04-11 18:06:00,-0.1928559231407121
2019-04-11 18:09:00,-0.14909946523999906
2019-04-11 18:12:00,-0.21676543301413176
2019-04-11 18:15:00,-0.11425764149015549
2019-04-11 18:18:00,-0.13329542190382426
2019-04-11 18:21:00,-0.1170788912049261
2019-04-11 18:24:00,-0.1326783096766917
2019-04-11 18:27:00,-0.02790777777323683
2019-04-11 18:30:00,-0.06646423789771916
2019-04-11 18:33:00,-0.10979145199894447
2019-04-11 18:36:00,-0.027595933628219882
2019-04-11 18:39:00,-0.1373139051823955
2019-04-11 18:42:00,-0.11994426537296476
2019-04-11 18:45:00,-0.11982694100743174
2019-04-11 18:48:00,-0.037099924035999265
2019-04-11 18:51:00,-0.11000791172847357
2019-04-11 18:54:00,
2019-04-11 18:57:00,
2019-04-11 19:00:00,
2019-04-11 19:03:00,-0.124524651088052
2019-04-11 19:06:00,-0.16547962565744
2019-04-11 19:09:00,-0.13629840112537295
2019-04-11 19:12:00,-0.04811661050143812
2019-04-11 19:15:00,-0.05698293466014093
2019-04-11 19:18:00,-0.14993737560126874
2019-04-11 19:21:00,-0.07073935628619665
2019-04-11 19:24:00,-0.06178171728203097
2019-04-11 19:27:00,-0.08679746687340639
2019-04-11 19:30:00,0.0053049422918434175
2019-04-11 19:33:00,0.012203144813497602
2019-04-11 19:36:00,-0.2018517914198128
2019-04-11 19:39:00,0.005032978902590912
2019-04-11 19:42:00,-0.09148982685411511
2019-04-11 19:45:00,-0.011963563542678912
2019-04-11 19:48:00,-0.06375520563557302
2019-04-11 19:51:00,-0.1666884455322588
2019-04-11 19:54:00,-0.0792552387242722
2019-04-11 19:57:00,-0.037643612056399434
2019-04-11 20:00:00,0.007877973650124659
2019-04-11 20:03:00,-0.026037399633935365
2019-04-11 20:06:00,-0.04053139165102948
2019-04-11 20:09:00,0.00838166558702369
2019-04-11 20:12:00,-0.023253674258853607
2019-04-11 20:15:00,0.008192149592105125
2019-04-11 20:18:00,0.002036253999051496
2019-04-11 20:21:00,0.08136172073994885
2019-04-11 20:24:00,-0.029539744280100422
2019-04-11 20:27:00,0.061293453820098875
2019-04-11 20:30:00,0.04648576321000064
2019-04-11 20:33:00,0.03617135637392721
2019-04-11 20:36:00,0.0372601751735715
2019-04-11 20:39:00,0.07837027402905505
2019-04-11 20:42:00,0.09623754236048399
2019-04-11 20:45:00,0.16584608458845196
2019-04-11 20:48:00,0.03960887142130787
2019-04-11 20:51:00,0.001876784461387615
2019-04-11 20:54:00,0.0884150266292636
2019-04-11 20:57:00,0.08608397828328407
2019-04-11 21:00:00,0.06131649788892446
2019-04-11 21:03:00,0.06286080413997297
2019-04-11 21:06:00,-0.11555135339642675
2019-04-11 21:09:00,0.04531368402416547
2019-04-11 21:12:00,0.03672764151633601
2019-04-11 21:15:00,0.03801706202057176
2019-04-11 21:18:00,0.013276440459719652
2019-04-11 21:21:00,0.027271424412390388
2019-04-11 21:24:00,0.06590139436099207
2019-04-11 21:27:00,0.0739320802582597
2019-04-11 21:30:00,0.11288172062876356
2019-04-11 21:33:00,0.22190437023886034
2019-04-11 21:36:00,0.042975307349252034
2019-04-11 21:39:00,0.044957475903402155
2019-04-11 21:42:00,0.10878411397453647
2019-04-11 21:45:00,0.11208217286821309
2019-04-11 21:48:00,0.13908651376118542
2019-04-11 21:51:00,0.14825894394783745
2019-04-11 21:54:00,0.10738672641946323
2019-04-11 21:57:00,0.15062608266561028
2019-04-11 22:00:00,0.11889692737207724
2019-04-11 22:03:00,0.130902963173412
2019-04-11 22:06:00,0.13540825689347002
2019-04-11 22:09:00,0.211756275888888
2019-04-11 22:12:00,0.13868198586976632
2019-04-11 22:15:00,0.12983744268632336
2019-04-11 22:18:00,0.1351585246789
2019-04-11 22:21:00,0.16634693624621377
2019-04-11 22:24:00,0.129429309424836
2019-04-11 22:27:00,0.11657090253521574
2019-04-11 22:30:00,0.14438391027732678
2019-04-11 22:33:00,0.17922243789695358
2019-04-11 22:36:00,0.14069675711618856
2019-04-11 22:39:00,0.1587084589180563
2019-04-11 22:42:00,0.18724197239936302
2019-04-11 22:45:00,0.1806371581145072
2019-04-11 22:48:00,0.25101113333630565
2019-04-11 22:51:00,0.1862326367767082
2019-04-11 22:54:00,0.11110516544778193
2019-04-11 22:57:00,0.2355198850705733
2019-04-11 23:00:00,0.10168982057155063
2019-04-11 23:03:00,0.1373355250568693
2019-04-11 23:06:00,0.20000769230381366
2019-04-11 23:09:00,0.15396238385159222
2019-04-11 23:12:00,0.17992126625313176
2019-04-11 23:15:00,0.19139688966640733
2019-04-11 23:18:00,0.13023136051782558
2019-04-11 23:21:00,0.17977714783029342
2019-04-11 23:24:00,0.14894316312648925
2019-04-11 23:27:00,0.19202130554134555
2019-04-11 23:30:00,0.20549886335760448
2019-04-11 23:33:00,0.14741162661857743
2019-04-11 23:36:00,0.16168831705516595
2019-04-11 23:39:00,0.05427732094233306
2019-04-11 23:42:00,0.1204101533986659
2019-04-11 23:45:00,0.04201078222524757
2019-04-11 23:48:00,0.06549613351296557
2019-04-11 23:51:00,0.2151062617374464
2019-04-11 23:54:00,0.08296268783306004
2019-04-11 23:57:00,0.12289945083711018
2019-04-12 00:00:00,0.08178893467470516
2019-04-12 00:03:00,0.14814721926342145
2019-04-12 00:06:00,0.16593472483930327
2019-04-12 00:09:00,0.09479148730946463
2019-04-12 00:12:00,0.1306969118890038
2019-04-12 00:15:00,0.10743454624241622
2019-04-12 00:18:00,0.0948598599837851
2019-04-12 00:21:00,0.16006296886240534
2019-04-12 00:24:00,0.202629982037422
2019-04-12 00:27:00,0.18383655127507836
2019-04-12 00:30:00,0.23622435804486486
2019-04-12 00:33:00,0.3026377737701864
2019-04-12 00:36:00,0.19689428152042865
2019-04-12 00:39:00,0.18099350992542895
2019-04-12 00:42:00,0.21128488795159228
2019-04-12 00:45:00,0.2324784397413282
2019-04-12 00:48:00,0.2554079889231957
2019-04-12 00:51:00,0.2524302096995257
2019-04-12 00:54:00,0.22115995628291785
2019-04-12 00:57:00,0.28725502797146873
2019-04-12 01:00:00,0.216944408253255
2019-04-12 01:03:00,0.23754903135102268
2019-04-12 01:06:00,0.2907215015146676
2019-04-12 01:09:00,0.30537336051446573
2019-04-12 01:12:00,0.2773237126482968
2019-04-12 01:15:00,0.26180004004112334
2019-04-12 01:18:00,0.2315593317805451
2019-04-12 01:21:00,0.2269732629017085
2019-04-12 01:24:00,0.2230913973761517
2019-04-12 01:27:00,0.32661407809911225
2019-04-12 01:30:00,0.21260789628883003
2019-04-12 01:33:00,0.3000964726793427
2019-04-12 01:36:00,0.24970107404305963
2019-04-12 01:39:00,0.2859918873837728
2019-04-12 01:42:00,0.3894667365964892
2019-04-12 01:45:00,0.12632043171493024
2019-04-12 01:48:00,0.24141236033909763
2019-04-12 01:51:00,0.19384682533825526
2019-04-12 01:54:00,0.30850185122903895
2019-04-12 01:57:00,0.22406451497636226
2019-04-12 02:00:00,0.24878921585747094
2019-04-12 02:03:00,0.23433917412251049
2019-04-12 02:06:00,0.2483171114715219
2019-04-12 02:09:00,0.17277176477256262
2019-04-12 02:12:00,0.20984863838151568
2019-04-12 02:15:00,0.16152102964076676
2019-04-12 02:18:00,0.18661477954850625
2019-04-12 02:21:00,0.11124551076335365
2019-04-12 02:24:00,0.13318514272174298
2019-04-12 02:27:00,0.18653277889973197
2019-04-12 02:30:00,0.18015122203286182
2019-04-12 02:33:00,0.1628043600263709
2019-04-12 02:36:00,0.23704576285507528
2019-04-12 02:39:00,0.26857045823908265
2019-04-12 02:42:00,0.2224448946072357
2019-04-12 02:45:00,0.31530489248677895
2019-04-12 02:48:00,0.24616028392438238
2019-04-12 02:51:00,0.28136593291395684
2019-04-12 02:54:00,0.1895611166795561
2019-04-12 02:57:00,0.32330556147559264
2019-04-12 03:00:00,0.32522155620029025
2019-04-12 03:03:00,0.30414072601763564
2019-04-12 03:06:00,0.3589419471062456
2019-04-12 03:09:00,0.3047815187899232
2019-04-12 03:12:00,0.23306721852873125
2019-04-12 03:15:00,0.31499167419320884
2019-04-12 03:18:00,0.25282066457884866
2019-04-12 03:21:00,0.2372394008690435
2019-04-12 03:24:00,0.3288401426014502
2019-04-12 03:27:00,0.26139199680847014
2019-04-12 03:30:00,0.2886161385677042
2019-04-12 03:33:00,0.27584800537448473
2019-04-12 03:36:00,0.26296838610340956
2019-04-12 03:39:00,0.3003935540221505
2019-04-12 03:42:00,0.3460227406341687
2019-04-12 03:45:00,0.2922227013422116
2019-04-12 03:48:00,0.3033689398902766
2019-04-12 03:51:00,0.2438294767773641
2019-04-12 03:54:00,0.2398267981715776
2019-04-12 03:57:00,0.3567797879782688
2019-04-12 04:00:00,0.30276056935008455
2019-04-12 04:03:00,0.23592165901391127
2019-04-12 04:06:00,0.3640124643983995
2019-04-12 04:09:00,0.24204047417026686
2019-04-12 04:12:00,0.22707088346976434
2019-04-12 04:15:00,0.38431446439460615
2019-04-12 04:18:00,0.3196895549424994
2019-04-12 04:21:00,0.31225593722757594
2019-04-12 04:24:00,0.31032801533854126
2019-04-12 04:27:00,0.19801047012128947
2019-04-12 04:30:00,0.29264270433333195
2019-04-12 04:33:00,0.34187392279307005
2019-04-12 04:36:00,0.2764284423639083
2019-04-12 04:39:00,0.310926907719022
2019-04-12 04:42:00,0.2425427871474426
2019-04-12 04:45:00,0.3330057601891667
2019-04-12 04:48:00,0.42238852523774995
2019-04-12 04:51:00,0.3306787297125311
2019-04-12 04:54:00,0.38052988322391457
2019-04-12 04:57:00,0.30280161332478883
2019-04-12 05:00:00,0.282520546069577
2019-04-12 05:03:00,0.2830228658198166
2019-04-12 05:06:00,0.23789171151383925
2019-04-12 05:09:00,0.2605143535397474
2019-04-12 05:12:00,0.2723366029192107
2019-04-12 05:15:00,0.30748733066337763
2019-04-12 05:18:00,0.16957423180377873
2019-04-12 05:21:00,0.19704622087374446
2019-04-12 05:24:00,0.28796420521973687
2019-04-12 05:27:00,0.3027285014629797
2019-04-12 05:30:00,0.16586673762088822
2019-04-12 05:33:00,0.2467978621381235
2019-04-12 05:36:00,0.19491450979529645
2019-04-12 05:39:00,0.08816599999835262
2019-04-12 05:42:00,0.2027192406665108
2019-04-12 05:45:00,0.27476576421042864
2019-04-12 05:48:00,0.24857857889026036
2019-04-12 05:51:00,0.2550244502647274
2019-04-12 05:54:00,0.2095955002929486
2019-04-12 05:57:00,0.23177049543625117
2019-04-12 06:00:00,0.316374818770214
2019-04-12 06:03:00,0.2043860182754429
2019-04-12 06:06:00,0.23056610738200334
2019-04-12 06:09:00,0.23975877532745926
2019-04-12 06:12:00,0.29850907145117844
2019-04-12 06:15:00,0.23737592604697966
2019-04-12 06:18:00,0.27681957943735824
2019-04-12 06:21:00,0.373774170861509
2019-04-12 06:24:00,0.27668411902789103
2019-04-12 06:27:00,0.2605775448098484
2019-04-12 06:30:00,0.2184822525127288
2019-04-12 06:33:00,0.28016982336811225
2019-04-12 06:36:00,0.33499591622012304
2019-04-12 06:39:00,0.20987050401487295
2019-04-12 06:42:00,0.3579692661218701
2019-04-12 06:45:00,0.3031317890544756
2019-04-12 06:48:00,0.3683485861255349
2019-04-12 06:51:00,0.294343696251417
2019-04-12 06:54:00,0.2761604154609927
2019-04-12 06:57:00,0.3998178984735432
2019-04-12 07:00:00,0.33520133169133715
2019-04-12 07:03:00,0.366913675372075
2019-04-12 07:06:00,0.2944291723630954
2019-04-12 07:09:00,0.3052234099558291
2019-04-12 07:12:00,0.24036484248017587
2019-04-12 07:15:00,0.2540804981277347
2019-04-12 07:18:00,0.3176057336306144
2019-04-12 07:21:00,0.2708229368151933
2019-04-12 07:24:00,0.28060738026664467
2019-04-12 07:27:00,0.2985794122709535
2019-04-12 07:30:00,0.20185706627091804
2019-04-12 07:33:00,0.2867534870108557
2019-04-12 07:36:00,0.247528785569898
2019-04-12 07:39:00,0.2754867528164482
2019-04-12 07:42:00,0.2994787100662393
2019-04-12 07:45:00,0.15687151288909718
2019-04-12 07:48:00,0.3041945500466454
2019-04-12 07:51:00,0.3286576360570166
2019-04-12 07:54:00,0.25687126384769954
2019-04-12 07:57:00,0.1824125768168301
2019-04-12 08:00:00,0.3038891473359513
2019-04-12 08:03:00,0.24318034292349466
2019-04-12 08:06:00,0.19490900557423174
2019-04-12 08:09:00,0.21893518578883686
2019-04-12 08:12:00,0.20831108133518228
2019-04-12 08:15:00,0.2097629100005065
2019-04-12 08:18:00,0.18102259249775443
2019-04-12 08:21:00,0.23540196332010055
2019-04-12 08:24:00,0.24535424969076303
2019-04-12 08:27:00,0.1533915898644409
2019-04-12 08:30:00,0.10402348372872439
2019-04-12 08:33:00,0.07267065740967382
2019-04-12 08:36:00,0.15959811989228
2019-04-12 08:39:00,0.07566719263257937
2019-04-12 08:42:00,0.13585330526046846
2019-04-12 08:45:00,0.08323751239595367
2019-04-12 08:48:00,0.05597030621999011
2019-04-12 08:51:00,0.15842739204219924
2019-04-12 08:54:00,0.12411971654790932
2019-04-12 08:57:00,0.051302486391193725
2019-04-12 09:00:00,0.04156141926227974
2019-04-12 09:03:00,0.08804403261274274
2019-04-12 09:06:00,0.06138620721060306
2019-04-12 09:09:00,0.07327665838903386
2019-04-12 09:12:00,0.05422408837898729
2019-04-12 09:15:00,0.000972895140705532
2019-04-12 09:18:00,0.03618829731686901
2019-04-12 09:21:00,-0.06944756847519784
2019-04-12 09:24:00,-0.02144983359090702
2019-04-12 09:27:00,0.046245595823506847
2019-04-12 09:30:00,-0.1131428935913732
2019-04-12 09:33:00,-0.13610054795083215
2019-04-12 09:36:00,-0.05196166696526916
2019-04-12 09:39:00,-0.09538453933168967
2019-04-12 09:42:00,-0.10314952481144246
2019-04-12 09:45:00,-0.0746052896281526
2019-04-12 09:48:00,-0.15998467012059336
2019-04-12 09:51:00,-0.1133946554688805
2019-04-12 09:54:00,-0.0857714584432756
2019-04-12 09:57:00,-0.055598482801997307
2019-04-12 10:00:00,-0.135384820446518
2019-04-12 10:03:00,-0.11474558321799577
2019-04-12 10:06:00,-0.09087032423173014
2019-04-12 10:09:00,-0.13425489088552922
2019-04-12 10:12:00,-0.1997726664536117
2019-04-12 10:15:00,-0.1044809572002805
2019-04-12 10:18:00,-0.25854878461552744
2019-04-12 10:21:00,-0.1706798742486626
2019-04-12 10:24:00,-0.17122440867115074
2019-04-12 10:27:00,-0.07271522598421143
2019-04-12 10:30:00,-0.20140789415449944
2019-04-12 10:33:00,-0.2432364946939174
2019-04-12 10:36:00,-0.13578911198612786
2019-04-12 10:39:00,-0.25105157390049726
2019-04-12 10:42:00,-0.21928644380250262
2019-04-12 10:45:00,-0.2266326721900782
2019-04-12 10:48:00,-0.245828446612677
2019-04-12 10:51:00,-0.1709214329842439
2019-04-12 10:54:00,-0.31847713262720845
2019-04-12 10:57:00,-0.2747961745646421
2019-04-12 11:00:00,-0.2646333384752211
2019-04-12 11:03:00,-0.3973421536153978
2019-04-12 11:06:00,-0.323608420009748
2019-04-12 11:09:00,-0.3547758889251327
2019-04-12 11:12:00,-0.34578419269388405
2019-04-12 11:15:00,-0.32190858099625075
2019-04-12 11:18:00,-0.34965439174658286
2019-04-12 11:21:00,-0.34280966358181786
2019-04-12 11:24:00,-0.3720632521917082
2019-04-12 11:27:00,-0.4064972401018281
2019-04-12 11:30:00,-0.34192438187534435
2019-04-12 11:33:00,-0.3773315998581097
2019-04-12 11:36:00,-0.2992409021439357
2019-04-12 11:39:00,-0.260227205189949
2019-04-12 11:42:00,-0.27482651495597565
2019-04-12 11:45:00,-0.310237309217257
2019-04-12 11:48:00,-0.46212200801898007
2019-04-12 11:51:00,-0.33724740796645847
2019-04-12 11:54:00,-0.276249468536264
2019-04-12 11:57:00,-0.32642431937244965
2019-04-12 12:00:00,-0.32346618175915864
2019-04-12 12:03:00,-0.3423102388127859
2019-04-12 12:06:00,-0.3244145141553645
2019-04-12 12:09:00,-0.37873388214421766
2019-04-12 12:12:00,-0.2882919304460074
2019-04-12 12:15:00,-0.4709691520171191
2019-04-12 12:18:00,-0.46372738253307944
2019-04-12 12:21:00,-0.4965122509929074
2019-04-12 12:24:00,-0.47047205772958023
2019-04-12 12:27:00,-0.3812848848373278
2019-04-12 12:30:00,-0.38368675990079737
2019-04-12 12:33:00,-0.3975129794540635
2019-04-12 12:36:00,-0.4243260107941751
2019-04-12 12:39:00,-0.3623621404572077
2019-04-12 12:42:00,-0.3839928988136876
2019-04-12 12:45:00,-0.2997916440881454
2019-04-12 12:48:00,-0.38097498910815375
2019-04-12 12:51:00,-0.4360955615159128
2019-04-12 12:54:00,-0.43437814715719014
2019-04-12 12:57:00,-0.4625833397068959
2019-04-12 13:00:00,-0.46879642040676117
2019-04-12 13:03:00,-0.49510276177511514
2019-04-12 13:06:00,-0.4052257132909176
2019-04-12 13:09:00,-0.3876414795847154
2019-04-12 13:12:00,-0.37195705837649484
2019-04-12 13:15:00,-0.4476624123506099
2019-04-12 13:18:00,-0.4061126277465519
2019-04-12 13:21:00,-0.40485417253472633
2019-04-12 13:24:00,-0.36423115253745664
2019-04-12 13:27:00,-0.3492105300442745
2019-04-12 13:30:00,-0.47900965765637693
2019-04-12 13:33:00,-0.43975250345800987
2019-04-12 13:36:00,-0.32223428792542563
2019-04-12 13:39:00,-0.3102619477162989
2019-04-12 13:42:00,-0.3882657509799401
2019-04-12 13:45:00,-0.246468143519337
2019-04-12 13:48:00,-0.2853993009089777
2019-04-12 13:51:00,-0.35170466577596926
2019-04-12 13:54:00,-0.22654947271814763
2019-04-12 13:57:00,-0.26032960985509135
2019-04-12 14:00:00,-0.4554095621561487
2019-04-12 14:03:00,-0.3310830903859028
2019-04-12 14:06:00,-0.34702638918241746
2019-04-12 14:09:00,-0.3226041533233115
2019-04-12 14:12:00,-0.3457121520940518
2019-04-12 14:15:00,-0.2838450977374123
2019-04-12 14:18:00,-0.37828247590550745
2019-04-12 14:21:00,-0.41683504299305696
2019-04-12 14:24:00,-0.38496250788239195
2019-04-12 14:27:00,-0.4362850464314647
2019-04-12 14:30:00,-0.46278079394318183
2019-04-12 14:33:00,-0.4053667577497322
2019-04-12 14:36:00,-0.3408667824051008
2019-04-12 14:39:00,-0.31446958872828645
2019-04-12 14:42:00,-0.5163833744084627
2019-04-12 14:45:00,-0.479547814654552
2019-04-12 14:48:00,-0.4441932430505062
2019-04-12 14:51:00,-0.4540344175973132
2019-04-12 14:54:00,-0.4589777611389536
2019-04-12 14:57:00,-0.47213064853565356
2019-04-12 15:00:00,-0.48509972218744224
2019-04-12 15:03:00,-0.3955891641982703
2019-04-12 15:06:00,-0.4545506189364801
2019-04-12 15:09:00,-0.41989786111946614
2019-04-12 15:12:00,-0.45708272902783165
2019-04-12 15:15:00,-0.5103737171797889
2019-04-12 15:18:00,-0.5561087340630024
2019-04-12 15:21:00,-0.6078174558359706
2019-04-12 15:24:00,-0.45076841513127874
2019-04-12 15:27:00,-0.5729610635874565
2019-04-12 15:30:00,-0.6218544075211412
2019-04-12 15:33:00,-0.5980465269881847
2019-04-12 15:36:00,-0.5454802390297573
2019-04-12 15:39:00,-0.5257434214665864
2019-04-12 15:42:00,-0.5151913249747508
2019-04-12 15:45:00,-0.468961507904055
2019-04-12 15:48:00,-0.5788304540504896
2019-04-12 15:51:00,-0.5497214649353737
2019-04-12 15:54:00,-0.5181347322281908
2019-04-12 15:57:00,-0.510548648053998
2019-04-12 16:00:00,-0.4864083698727768
2019-04-12 16:03:00,-0.49283550104308915
2019-04-12 16:06:00,-0.5643506387078219
2019-04-12 16:09:00,-0.446707342960849
2019-04-12 16:12:00,-0.4841666308814183
2019-04-12 16:15:00,-0.4216553635261562
2019-04-12 16:18:00,-0.5209097058753969
2019-04-12 16:21:00,-0.5022790248777369
2019-04-12 16:24:00,-0.4162860840708049
2019-04-12 16:27:00,-0.4241220380226878
2019-04-12 16:30:00,-0.545823088476368
2019-04-12 16:33:00,-0.47543759406715935
2019-04-12 16:36:00,-0.3921075121779154
2019-04-12 16:39:00,-0.46170877605607075
2019-04-12 16:42:00,-0.4391221022369223
2019-04-12 16:45:00,-0.510585078536792
2019-04-12 16:48:00,-0.43182419056330446
2019-04-12 16:51:00,-0.4246122986066325
2019-04-12 16:54:00,-0.47142758679967756
2019-04-12 16:57:00,-0.45071605690810657
2019-04-12 17:00:00,-0.5420267135789345
2019-04-12 17:03:00,-0.6215557127079023
2019-04-12 17:06:00,-0.5010751808136433
2019-04-12 17:09:00,-0.5030065595010456
2019-04-12 17:12:00,-0.4792603140389815
2019-04-12 17:15:00,-0.46289127684690357
2019-04-12 17:18:00,-0.47819216846659174
2019-04-12 17:21:00,-0.42634594642470347
2019-04-12 17:24:00,-0.4333096613767111
2019-04-12 17:27:00,-0.3478006516787673
2019-04-12 17:30:00,-0.4206357006449366
2019-04-12 17:33:00,-0.4098269628436242
2019-04-12 17:36:00,-0.2548293832393824
2019-04-12 17:39:00,-0.2919002583051338
2019-04-12 17:42:00,-0.17901212230532337
2019-04-12 17:45:00,-0.16521820927647468
2019-04-12 17:48:00,-0.1265361769773108
2019-04-12 17:51:00,-0.16196126614414652
2019-04-12 17:54:00,-0.17472681619193509
2019-04-12 17:57:00,-0.28723043886833466
2019-04-12 18:00:00,-0.1871187363029776
2019-04-12 18:03:00,-0.2071946164712699
2019-04-12 18:06:00,-0.2728405937134539
2019-04-12 18:09:00,-0.2256270753142644
2019-04-12 18:12:00,-0.19631846136627473
2019-04-12 18:15:00,-0.14266998583468649
2019-04-12 18:18:00,-0.024597271583161273
2019-04-12 18:21:00,-0.15190765575124487
2019-04-12 18:24:00,-0.13481945480344848
2019-04-12 18:27:00,-0.14605045018578267
2019-04-12 18:30:00,-0.13697283940422267
2019-04-12 18:33:00,-0.22647736350415926
2019-04-12 18:36:00,-0.17142401927532092
2019-04-12 18:39:00,-0.11031756393418846
2019-04-12 18:42:00,-0.14336151706271494
2019-04-12 18:45:00,-0.1466279204241232
2019-04-12 18:48:00,-0.2796595223506415
2019-04-12 18:51:00,-0.18877432791771298
2019-04-12 18:54:00,
2019-04-12 18:57:00,
2019-04-12 19:00:00,
2019-04-12 19:03:00,-0.1649455631701926
2019-04-12 19:06:00,-0.22488497800804907
2019-04-12 19:09:00,-0.1908184715001653
2019-04-12 19:12:00,-0.3162574603955477
2019-04-12 19:15:00,-0.21247810179852422
2019-04-12 19:18:00,-0.17025044699977343
2019-04-12 19:21:00,-0.1954446135194985
2019-04-12 19:24:00,-0.13044448151453025
2019-04-12 19:27:00,-0.1548299603644523
2019-04-12 19:30:00,-0.1070863012411678
2019-04-12 19:33:00,-0.21687194611172345
2019-04-12 19:36:00,-0.1811727745559324
2019-04-12 19:39:00,-0.10619280045602864
2019-04-12 19:42:00,-0.05412350668518684
2019-04-12 19:45:00,-0.0411952062457317
2019-04-12 19:48:00,-0.16908905180616784
2019-04-12 19:51:00,-0.2226734427537167
2019-04-12 19:54:00,-0.025022277355787992
2019-04-12 19:57:00,-0.1222670019664065
2019-04-12 20:00:00,-0.02436708287723377
2019-04-12 20:03:00,-0.024400334378412936
2019-04-12 20:06:00,-0.09582597120225955
2019-04-12 20:09:00,-0.030258170849208454
2019-04-12 20:12:00,-0.053786053316514426
2019-04-12 20:15:00,-0.037882224114468954
2019-04-12 20:18:00,-0.12239350753793588
2019-04-12 20:21:00,-0.12070674896784794
2019-04-12 20:24:00,-0.11113758850319755
2019-04-12 20:27:00,-0.11137776289723433
2019-04-12 20:30:00,-0.0036250097144261417
2019-04-12 20:33:00,-0.1001853020238741
2019-04-12 20:36:00,-0.07419787864358796
2019-04-12 20:39:00,-0.05457625361765395
2019-04-12 20:42:00,0.017795285470299405
2019-04-12 20:45:00,0.05286209037097933
2019-04-12 20:48:00,-0.07455758930524325
2019-04-12 20:51:00,0.00485755990700909
2019-04-12 20:54:00,-0.02144049928045888
2019-04-12 20:57:00,0.08845464973660455
2019-04-12 21:00:00,-0.037540526931422846
2019-04-12 21:03:00,0.020906587981528446
2019-04-12 21:06:00,-0.06049421819017198
2019-04-12 21:09:00,-0.015899600338059372
2019-04-12 21:12:00,-0.030546676029189257
2019-04-12 21:15:00,-0.04588381664592589
2019-04-12 21:18:00,0.0025831132692815117
2019-04-12 21:21:00,0.013560918159441826
2019-04-12 21:24:00,0.05883600697904967
2019-04-12 21:27:00,-0.01990233081500037
2019-04-12 21:30:00,0.04668265403500982
2019-04-12 21:33:00,-0.09651528651204444
2019-04-12 21:36:00,-0.02928000367802497
2019-04-12 21:39:00,-0.0659561326535254
2019-04-12 21:42:00,-0.007952696199936327
2019-04-12 21:45:00,-0.024682746300129565
2019-04-12 21:48:00,-0.061689672919783334
2019-04-12 21:51:00,-0.07307665174340627
2019-04-12 21:54:00,-0.13971272771550503
2019-04-12 21:57:00,0.016601261236189657
2019-04-12 22:00:00,-0.09579941332469843
2019-04-12 22:03:00,-0.06260635178171015
2019-04-12 22:06:00,-0.022184844005209925
2019-04-12 22:09:00,0.05429079788302715
2019-04-12 22:12:00,-0.01297899384212542
2019-04-12 22:15:00,0.003768806417667747
2019-04-12 22:18:00,-0.022303758727446166
2019-04-12 22:21:00,-0.05199443540698212
2019-04-12 22:24:00,0.012229639155179939
2019-04-12 22:27:00,-0.1592920032938423
2019-04-12 22:30:00,-0.034005300061551225
2019-04-12 22:33:00,-0.03814017923895108
2019-04-12 22:36:00,-0.01231937312172704
2019-04-12 22:39:00,0.04102143235388667
2019-04-12 22:42:00,0.13867991709895477
2019-04-12 22:45:00,0.12415483499245283
2019-04-12 22:48:00,0.12228382659213821
2019-04-12 22:51:00,0.05773266368601071
2019-04-12 22:54:00,0.08311679031481845
2019-04-12 22:57:00,0.0744823682254605
2019-04-12 23:00:00,0.16116327404984077
2019-04-12 23:03:00,0.14095019606969572
2019-04-12 23:06:00,-0.018166016419854714
2019-04-12 23:09:00,0.0723967471853939
2019-04-12 23:12:00,0.12509401682581256
2019-04-12 23:15:00,0.04396174599344249
2019-04-12 23:18:00,-0.006011722666812602
2019-04-12 23:21:00,0.061556655266088
2019-04-12 23:24:00,0.04515730533705664
2019-04-12 23:27:00,0.09727104677341458
2019-04-12 23:30:00,0.02108565623376535
2019-04-12 23:33:00,-0.004027839226921515
2019-04-12 23:36:00,-0.041837672276415105
2019-04-12 23:39:00,0.0018716379337888611
2019-04-12 23:42:00,0.03417089628959502
2019-04-12 23:45:00,0.0256813827633664
2019-04-12 23:48:00,0.11895241464736728
2019-04-12 23:51:00,0.09870314588010842
2019-04-12 23:54:00,0.18271235544756337
2019-04-12 23:57:00,0.19530927865565673
2019-04-13 00:00:00,0.10768883337328816
2019-04-13 00:03:00,0.12567811656299455
2019-04-13 00:06:00,0.16850644588248542
2019-04-13 00:09:00,0.1647146307670937
2019-04-13 00:12:00,0.20381957030673448
2019-04-13 00:15:00,0.1149559776803244
2019-04-13 00:18:00,0.18041754707553537
2019-04-13 00:21:00,0.09273778190475923
2019-04-13 00:24:00,0.0282953935964656
2019-04-13 00:27:00,0.13583237413763527
2019-04-13 00:30:00,0.1806031337771401
2019-04-13 00:33:00,0.1359679947447603
2019-04-13 00:36:00,-0.010147387511892703
2019-04-13 00:39:00,0.02558596562130333
2019-04-13 00:42:00,0.04593514538959198
2019-04-13 00:45:00,0.10450544052184796
2019-04-13 00:48:00,0.0503384134496514
2019-04-13 00:51:00,-0.036690372762848256
2019-04-13 00:54:00,0.12451240388594442
2019-04-13 00:57:00,0.11616648391304807
2019-04-13 01:00:00,0.03082840298549172
2019-04-13 01:03:00,0.028364679580874963
2019-04-13 01:06:00,0.05753256265035134
2019-04-13 01:09:00,0.1582636404032769
2019-04-13 01:12:00,0.10045122456546096
2019-04-13 01:15:00,0.03584516935376314
2019-04-13 01:18:00,0.10349061580024
2019-04-13 01:21:00,0.11022477564159772
2019-04-13 01:24:00,0.15307842977790642
2019-04-13 01:27:00,0.14674059498241832
2019-04-13 01:30:00,0.17070428800764148
2019-04-13 01:33:00,0.10910976885708124
2019-04-13 01:36:00,0.10528151830129673
2019-04-13 01:39:00,0.1381486928476079
2019-04-13 01:42:00,0.08783538704068405
2019-04-13 01:45:00,0.19916453708123072
2019-04-13 01:48:00,0.24526730059972124
2019-04-13 01:51:00,0.2201714288218568
2019-04-13 01:54:00,0.13151756818626836
2019-04-13 01:57:00,0.20716156766110316
2019-04-13 02:00:00,0.22605815385679762
2019-04-13 02:03:00,0.2923847547312448
2019-04-13 02:06:00,0.21262797475372963
2019-04-13 02:09:00,0.14999898558801306
2019-04-13 02:12:00,0.16436544473970116
2019-04-13 02:15:00,0.06886854687616051
2019-04-13 02:18:00,0.1307884228281182
2019-04-13 02:21:00,0.1506410331743382
2019-04-13 02:24:00,0.12906869031326096
2019-04-13 02:27:00,0.09414036263314074
2019-04-13 02:30:00,0.162537086929035
2019-04-13 02:33:00,0.19545361461376842
2019-04-13 02:36:00,0.18894837066892478
2019-04-13 02:39:00,0.1420272972113139
2019-04-13 02:42:00,0.19809070651342608
2019-04-13 02:45:00,0.18085327651891703
2019-04-13 02:48:00,0.24980340888242836
2019-04-13 02:51:00,0.11051901130622355
2019-04-13 02:54:00,0.17391325130563473
2019-04-13 02:57:00,0.15945988177202253
2019-04-13 03:00:00,0.2122864499666548
2019-04-13 03:03:00,0.05650788152502173
2019-04-13 03:06:00,0.16348838020809353
2019-04-13 03:09:00,0.19290862097477657
2019-04-13 03:12:00,0.16091428654522133
2019-04-13 03:15:00,0.08572484848940576
2019-04-13 03:18:00,0.17632893953469875
2019-04-13 03:21:00,0.18116531107813216
2019-04-13 03:24:00,0.2913791098039269
2019-04-13 03:27:00,0.2190398337141346
2019-04-13 03:30:00,0.1588718382464549
2019-04-13 03:33:00,0.2667419033599572
2019-04-13 03:36:00,0.18940886379647282
2019-04-13 03:39:00,0.21287190467802475
2019-04-13 03:42:00,0.30009656631682446
2019-04-13 03:45:00,0.3127034794642327
2019-04-13 03:48:00,0.2145003810052799
2019-04-13 03:51:00,0.2219062580335276
2019-04-13 03:54:00,0.18742921926980216
2019-04-13 03:57:00,0.20790799089388656
2019-04-13 04:00:00,0.18550740312252856
2019-04-13 04:03:00,0.2878788590021486
2019-04-13 04:06:00,0.21522605566326547
2019-04-13 04:09:00,0.15325509461791853
2019-04-13 04:12:00,0.18708034183106292
2019-04-13 04:15:00,0.16424406132699687
2019-04-13 04:18:00,0.22152688416406363
2019-04-13 04:21:00,0.22232412637271182
2019-04-13 04:24:00,0.20402629000165007
2019-04-13 04:27:00,0.16997707159930542
2019-04-13 04:30:00,0.2548902154595112
2019-04-13 04:33:00,0.15725799725777279
2019-04-13 04:36:00,0.1326085303826403
2019-04-13 04:39:00,0.16697369463099676
2019-04-13 04:42:00,0.1647950188958589
2019-04-13 04:45:00,0.2808837521183136
2019-04-13 04:48:00,0.29171325506530366
2019-04-13 04:51:00,0.19619753478548319
2019-04-13 04:54:00,0.17609618259155013
2019-04-13 04:57:00,0.2872511593442937
2019-04-13 05:00:00,0.2824592453145556
2019-04-13 05:03:00,0.24085036670868476
2019-04-13 05:06:00,0.2161647029659548
2019-04-13 05:09:00,0.3227744932365795
2019-04-13 05:12:00,0.17016160732794106
2019-04-13 05:15:00,0.176299510012484
2019-04-13 05:18:00,0.24851534106954887
2019-04-13 05:21:00,0.24559436009758429
2019-04-13 05:24:00,0.20823820653208713
2019-04-13 05:27:00,0.19395954402449433
2019-04-13 05:30:00,0.20137851055233114
2019-04-13 05:33:00,0.16343102584426106
2019-04-13 05:36:00,0.13624334083175427
2019-04-13 05:39:00,0.1623330434251784
2019-04-13 05:42:00,0.17356678398181202
2019-04-13 05:45:00,0.3071191227507484
2019-04-13 05:48:00,0.2054572053490915
2019-04-13 05:51:00,0.22667837429145266
2019-04-13 05:54:00,0.13262308751808405
2019-04-13 05:57:00,0.21633850701891788
2019-04-13 06:00:00,0.11875614246400801
2019-04-13 06:03:00,0.18011885454910725
2019-04-13 06:06:00,0.14487067836489587
2019-04-13 06:09:00,0.19624099196795441
2019-04-13 06:12:00,0.13030725142914434
2019-04-13 06:15:00,0.1751306091697984
2019-04-13 06:18:00,0.21445935600820576
2019-04-13 06:21:00,0.2214035311079101
2019-04-13 06:24:00,0.11825086322704692
2019-04-13 06:27:00,0.2752930319817324
2019-04-13 06:30:00,0.23864088340138778
2019-04-13 06:33:00,0.17489792683204541
2019-04-13 06:36:00,0.22316977483285427
2019-04-13 06:39:00,0.17459900312178434
2019-04-13 06:42:00,0.2235076516063259
2019-04-13 06:45:00,0.19072016241278789
2019-04-13 06:48:00,0.1443310672023017
2019-04-13 06:51:00,0.21733482429067408
2019-04-13 06:54:00,0.17301505241727
2019-04-13 06:57:00,0.21067650180680175
2019-04-13 07:00:00,0.21425944504346717
2019-04-13 07:03:00,0.27758989738197215
2019-04-13 07:06:00,0.2830061664593586
2019-04-13 07:09:00,0.20744174789672343
2019-04-13 07:12:00,0.19845868221068486
2019-04-13 07:15:00,0.26993976493525906
2019-04-13 07:18:00,0.20582628375774448
2019-04-13 07:21:00,0.20435785617939928
2019-04-13 07:24:00,0.2838557527885541
2019-04-13 07:27:00,0.2250600627422159
2019-04-13 07:30:00,0.28322983827774806
2019-04-13 07:33:00,0.2473110253440609
2019-04-13 07:36:00,0.26800696620182407
2019-04-13 07:39:00,0.21172440668590298
2019-04-13 07:42:00,0.17057315222024272
2019-04-13 07:45:00,0.24924944154287232
2019-04-13 07:48:00,0.3152383787822828
2019-04-13 07:51:00,0.19317305661138562
2019-04-13 07:54:00,0.2938081547609954
2019-04-13 07:57:00,0.10155606068639145
2019-04-13 08:00:00,0.17898030525998365
2019-04-13 08:03:00,0.13409632946377315
2019-04-13 08:06:00,0.2063408156781179
2019-04-13 08:09:00,0.2628530029587637
2019-04-13 08:12:00,0.16548036261389143
2019-04-13 08:15:00,0.09113190265173898
2019-04-13 08:18:00,0.12325754415184065
2019-04-13 08:21:00,0.1711937554734959
2019-04-13 08:24:00,0.05569381060035994
2019-04-13 08:27:00,0.14236911231529348
2019-04-13 08:30:00,0.030832122765161785
2019-04-13 08:33:00,0.11312187699985543
2019-04-13 08:36:00,-0.015715096988230925
2019-04-13 08:39:00,0.025195299585789144
2019-04-13 08:42:00,-0.025869440702308566
2019-04-13 08:45:00,0.0850715838009819
2019-04-13 08:48:00,0.045181961785942804
2019-04-13 08:51:00,0.024174608803321007
2019-04-13 08:54:00,0.053464213949098394
2019-04-13 08:57:00,0.05948784524451867
2019-04-13 09:00:00,0.08057426014028124
2019-04-13 09:03:00,0.028844663581594432
2019-04-13 09:06:00,-0.03162728884029775
2019-04-13 09:09:00,-0.08686890674681536
2019-04-13 09:12:00,0.04354651696223755
2019-04-13 09:15:00,0.06584072981519284
2019-04-13 09:18:00,0.027828241531722142
2019-04-13 09:21:00,0.04138654975463396
2019-04-13 09:24:00,0.14415784555541222
2019-04-13 09:27:00,0.09733212261448898
2019-04-13 09:30:00,0.10607010356153523
2019-04-13 09:33:00,0.09011216818316825
2019-04-13 09:36:00,0.04929691596146313
2019-04-13 09:39:00,0.04781895680054049
2019-04-13 09:42:00,0.06673156534799318
2019-04-13 09:45:00,0.08665186940277181
2019-04-13 09:48:00,0.06172380545962142
2019-04-13 09:51:00,0.014572926053688207
2019-04-13 09:54:00,-0.028341868962684202
2019-04-13 09:57:00,-0.05513524688558391
2019-04-13 10:00:00,-0.09855789478649513
2019-04-13 10:03:00,-0.07146742347151758
2019-04-13 10:06:00,-0.2587229952650887
2019-04-13 10:09:00,-0.23454633207859388
2019-04-13 10:12:00,-0.1731940054315828
2019-04-13 10:15:00,-0.22085260560453435
2019-04-13 10:18:00,-0.18373457077353805
2019-04-13 10:21:00,-0.20701047513659887
2019-04-13 10:24:00,-0.21547449565667876
2019-04-13 10:27:00,-0.22038476921090933
2019-04-13 10:30:00,-0.2018742236906519
2019-04-13 10:33:00,-0.286596431435612
2019-04-13 10:36:00,-0.18660716372613706
2019-04-13 10:39:00,-0.262972540584542
2019-04-13 10:42:00,-0.35019577855200623
2019-04-13 10:45:00,-0.27601949025626027
2019-04-13 10:48:00,-0.23976805888531771
2019-04-13 10:51:00,-0.20699809734065866
2019-04-13 10:54:00,-0.2719926728206019
2019-04-13 10:57:00,-0.202288157597593
2019-04-13 11:00:00,-0.16676614762712916
2019-04-13 11:03:00,-0.12163472349789117
2019-04-13 11:06:00,-0.2013251681422048
2019-04-13 11:09:00,-0.18515125245056652
2019-04-13 11:12:00,-0.11113037170315465
2019-04-13 11:15:00,-0.15399922518565745
2019-04-13 11:18:00,-0.22289310492959657
2019-04-13 11:21:00,-0.16468075927321024
2019-04-13 11:24:00,-0.2680466989221486
2019-04-13 11:27:00,-0.24426770508989648
2019-04-13 11:30:00,-0.210838199692148
2019-04-13 11:33:00,-0.29719400001664553
2019-04-13 11:36:00,-0.2919320120835778
2019-04-13 11:39:00,-0.2458960796845986
2019-04-13 11:42:00,-0.3332721860826382
2019-04-13 11:45:00,-0.2599016971736319
2019-04-13 11:48:00,-0.23681633888202214
2019-04-13 11:51:00,-0.3052315792765512
2019-04-13 11:54:00,-0.2539653148515981
2019-04-13 11:57:00,-0.16934333351747455
2019-04-13 12:00:00,-0.3096223813192296
2019-04-13 12:03:00,-0.33595758924076335
2019-04-13 12:06:00,-0.2909715654618594
2019-04-13 12:09:00,-0.3741094638314735
2019-04-13 12:12:00,-0.3184968167648776
2019-04-13 12:15:00,-0.24748995396549844
2019-04-13 12:18:00,-0.2958255119771138
2019-04-13 12:21:00,-0.28596491724874795
2019-04-13 12:24:00,-0.3635131516690535
2019-04-13 12:27:00,-0.3229365697278581
2019-04-13 12:30:00,-0.4000890808074473
2019-04-13 12:33:00,-0.40589219621648454
2019-04-13 12:36:00,-0.3073345340216065
2019-04-13 12:39:00,-0.39219228820581975
2019-04-13 12:42:00,-0.3711204092803655
2019-04-13 12:45:00,-0.40929035178498907
2019-04-13 12:48:00,-0.3558312137326425
2019-04-13 12:51:00,-0.36758425805044226
2019-04-13 12:54:00,-0.3824489608633712
2019-04-13 12:57:00,-0.4039646795044973
2019-04-13 13:00:00,-0.2719692277718764
2019-04-13 13:03:00,-0.3532282862371403
2019-04-13 13:06:00,-0.28649852515002294
2019-04-13 13:09:00,-0.2331002910002553
2019-04-13 13:12:00,-0.2300020991879137
2019-04-13 13:15:00,-0.26140667724899913
2019-04-13 13:18:00,-0.2611137367584888
2019-04-13 13:21:00,-0.18817387944721986
2019-04-13 13:24:00,-0.2782146705974924
2019-04-13 13:27:00,-0.3508305350715091
2019-04-13 13:30:00,-0.32786509026340127
2019-04-13 13:33:00,-0.35093765718374925
2019-04-13 13:36:00,-0.32506456839371367
2019-04-13 13:39:00,-0.3148728737828037
2019-04-13 13:42:00,-0.3325193920997549
2019-04-13 13:45:00,-0.3532242333136537
2019-04-13 13:48:00,-0.3337260464874703
2019-04-13 13:51:00,-0.32012707882705627
2019-04-13 13:54:00,-0.23027508115762885
2019-04-13 13:57:00,-0.3539436082598968
2019-04-13 14:00:00,-0.37885707337341046
2019-04-13 14:03:00,-0.24550940471829108
2019-04-13 14:06:00,-0.35141854233540926
2019-04-13 14:09:00,-0.4058539933851648
2019-04-13 14:12:00,-0.4104991333370549
2019-04-13 14:15:00,-0.4315723464331995
2019-04-13 14:18:00,-0.3558032770787918
2019-04-13 14:21:00,-0.4725832054558623
2019-04-13 14:24:00,-0.5003766675648649
2019-04-13 14:27:00,-0.44834222199057194
2019-04-13 14:30:00,-0.41069788714895594
2019-04-13 14:33:00,-0.45174423605095626
2019-04-13 14:36:00,-0.4168412653748419
2019-04-13 14:39:00,-0.47704623126236356
2019-04-13 14:42:00,-0.4647054594157112
2019-04-13 14:45:00,-0.5611877228069488
2019-04-13 14:48:00,-0.4715309081735768
2019-04-13 14:51:00,-0.43116969133467364
2019-04-13 14:54:00,-0.4523079717394012
2019-04-13 14:57:00,-0.42594371181627366
2019-04-13 15:00:00,-0.3394255905045611
2019-04-13 15:03:00,-0.3816534711376107
2019-04-13 15:06:00,-0.413864398569217
2019-04-13 15:09:00,-0.4111282958588731
2019-04-13 15:12:00,-0.5063826098827917
2019-04-13 15:15:00,-0.4774621821742926
2019-04-13 15:18:00,-0.4504780433197766
2019-04-13 15:21:00,-0.42137251831519507
2019-04-13 15:24:00,-0.4457395679123124
2019-04-13 15:27:00,-0.35850401363370565
2019-04-13 15:30:00,-0.3134555620188735
2019-04-13 15:33:00,-0.40072074126049984
2019-04-13 15:36:00,-0.3696285990849333
2019-04-13 15:39:00,-0.3569740828856993
2019-04-13 15:42:00,-0.36091446868704224
2019-04-13 15:45:00,-0.2828302105814373
2019-04-13 15:48:00,-0.34848198704213473
2019-04-13 15:51:00,-0.29943007722891934
2019-04-13 15:54:00,-0.19408821555146005
2019-04-13 15:57:00,-0.24187944759091806
2019-04-13 16:00:00,-0.379945950298918
2019-04-13 16:03:00,-0.4227433825412277
2019-04-13 16:06:00,-0.2939622936456203
2019-04-13 16:09:00,-0.2335100691364005
2019-04-13 16:12:00,-0.35911021759920914
2019-04-13 16:15:00,-0.29808436912151137
2019-04-13 16:18:00,-0.36131418300084306
2019-04-13 16:21:00,-0.3684689224137401
2019-04-13 16:24:00,-0.36800083105055137
2019-04-13 16:27:00,-0.4240051808400267
2019-04-13 16:30:00,-0.37791665921531603
2019-04-13 16:33:00,-0.38257771237437055
2019-04-13 16:36:00,-0.24292753414181334
2019-04-13 16:39:00,-0.29342049309946105
2019-04-13 16:42:00,-0.14648010480374296
2019-04-13 16:45:00,-0.3631247577384329
2019-04-13 16:48:00,-0.3367818570314398
2019-04-13 16:51:00,-0.33320128914755287
2019-04-13 16:54:00,-0.37758733755850926
2019-04-13 16:57:00,-0.21943487136684325
2019-04-13 17:00:00,-0.40986064479380957
2019-04-13 17:03:00,-0.22461925706966213
2019-04-13 17:06:00,-0.2298519740983238
2019-04-13 17:09:00,-0.2662739743291809
2019-04-13 17:12:00,-0.3852854247982691
2019-04-13 17:15:00,-0.48318785009161047
2019-04-13 17:18:00,-0.4090840232194637
2019-04-13 17:21:00,-0.28189721647220267
2019-04-13 17:24:00,-0.20734524799962628
2019-04-13 17:27:00,-0.3119573318504649
2019-04-13 17:30:00,-0.28035592241485574
2019-04-13 17:33:00,-0.37363311426787504
2019-04-13 17:36:00,-0.3447340349235901
2019-04-13 17:39:00,-0.22454598755439292
2019-04-13 17:42:00,-0.36843881263092726
2019-04-13 17:45:00,-0.3465531502259296
2019-04-13 17:48:00,-0.2441994172228874
2019-04-13 17:51:00,-0.31228093565232484
2019-04-13 17:54:00,-0.3063544295980023
2019-04-13 17:57:00,-0.26899024798802884
2019-04-13 18:00:00,-0.24443742343675012
2019-04-13 18:03:00,-0.29006866940005693
2019-04-13 18:06:00,-0.21996704443625958
2019-04-13 18:09:00,-0.29460299831362136
2019-04-13 18:12:00,-0.305709398574038
2019-04-13 18:15:00,-0.24780201759330112
2019-04-13 18:18:00,-0.30730063794868556
2019-04-13 18:21:00,-0.23090259171556227
2019-04-13 18:24:00,-0.2350293256022269
2019-04-13 18:27:00,-0.22324095784620113
2019-04-13 18:30:00,-0.16602354023763155
2019-04-13 18:33:00,-0.24223688681604472
2019-04-13 18:36:00,-0.18179438761342226
2019-04-13 18:39:00,-0.2353258637581348
2019-04-13 18:42:00,-0.34226371732165717
2019-04-13 18:45:00,-0.23408521278958005
2019-04-13 18:48:00,-0.27045566013828193
2019-04-13 18:51:00,-0.2549223443312485
2019-04-13 18:54:00,
2019-04-13 18:57:00,
2019-04-13 19:00:00,
2019-04-13 19:03:00,-0.1981616310549157
2019-04-13 19:06:00,-0.31433260914752736
2019-04-13 19:09:00,-0.1660715042679044
2019-04-13 19:12:00,-0.1063932746137084
2019-04-13 19:15:00,-0.04063521004508175
2019-04-13 19:18:00,-0.16806021928073278
2019-04-13 19:21:00,-0.0650841447099424
2019-04-13 19:24:00,-0.17492562214459895
2019-04-13 19:27:00,-0.208165440192829
2019-04-13 19:30:00,-0.1619499393105457
2019-04-13 19:33:00,-0.13343632255526927
2019-04-13 19:36:00,-0.10531471358353883
2019-04-13 19:39:00,-0.031078748183460903
2019-04-13 19:42:00,-0.11726544962840535
2019-04-13 19:45:00,-0.19238430389708583
2019-04-13 19:48:00,-0.1512591433330499
2019-04-13 19:51:00,-0.06943192029990541
2019-04-13 19:54:00,-0.14793028586251467
2019-04-13 19:57:00,-0.1443613869831779
2019-04-13 20:00:00,0.003419006217086462
2019-04-13 20:03:00,-0.12409034003121633
2019-04-13 20:06:00,-0.09875334728457119
2019-04-13 20:09:00,-0.23832964642991783
2019-04-13 20:12:00,-0.09821102072044141
2019-04-13 20:15:00,-0.08818557054661369
2019-04-13 20:18:00,-0.09862356415754903
2019-04-13 20:21:00,-0.1255607831526504
2019-04-13 20:24:00,-0.12710121200626645
2019-04-13 20:27:00,-0.050164100199140194
2019-04-13 20:30:00,-0.04782675343153642
2019-04-13 20:33:00,0.06112322118559632
2019-04-13 20:36:00,0.018214084272642594
2019-04-13 20:39:00,0.04744842138433114
2019-04-13 20:42:00,0.2629834415723735
2019-04-13 20:45:00,0.31623879489148976
2019-04-13 20:48:00,0.3562986646768991
2019-04-13 20:51:00,0.33038915590066154
2019-04-13 20:54:00,0.12713363594548355
2019-04-13 20:57:00,-0.05491155473856679
2019-04-13 21:00:00,-0.07852763891884251
2019-04-13 21:03:00,0.07409732040588324
2019-04-13 21:06:00,0.025725268094390685
2019-04-13 21:09:00,-0.08278941402664941
2019-04-13 21:12:00,-0.029637209165798595
2019-04-13 21:15:00,0.013000481929339003
2019-04-13 21:18:00,-0.07433676220722418
2019-04-13 21:21:00,0.01660139460454957
2019-04-13 21:24:00,0.03330091096876231
2019-04-13 21:27:00,-0.03337094441315003
2019-04-13 21:30:00,-0.029413432353180724
2019-04-13 21:33:00,0.009773606297699189
2019-04-13 21:36:00,0.0007873368329001096
2019-04-13 21:39:00,-0.09085328423122974
2019-04-13 21:42:00,-0.0046335431916304515
2019-04-13 21:45:00,0.04580486520268323
2019-04-13 21:48:00,-0.018091523900011452
2019-04-13 21:51:00,0.07986760082911815
2019-04-13 21:54:00,0.11921229187623794
2019-04-13 21:57:00,0.09511107818849496
2019-04-13 22:00:00,0.17250911836106297
2019-04-13 22:03:00,0.13418885254731094
2019-04-13 22:06:00,0.06674358358344534
2019-04-13 22:09:00,0.07946923070329603
2019-04-13 22:12:00,0.06815075970263251
2019-04-13 22:15:00,0.11761283516028698
2019-04-13 22:18:00,0.04837046764743036
2019-04-13 22:21:00,0.0012067262281902913
2019-04-13 22:24:00,0.18690205717388153
2019-04-13 22:27:00,0.15017057126107147
2019-04-13 22:30:00,0.09216412786560113
2019-04-13 22:33:00,0.14088510840656454
2019-04-13 22:36:00,0.12901638206182042
2019-04-13 22:39:00,0.19234746118047497
2019-04-13 22:42:00,0.2649631335589788
2019-04-13 22:45:00,0.22892140421799922
2019-04-13 22:48:00,0.26287654290450746
2019-04-13 22:51:00,0.19298002557206928
2019-04-13 22:54:00,0.2131815118899567
2019-04-13 22:57:00,0.26116370221126317
2019-04-13 23:00:00,0.35730646321889026
2019-04-13 23:03:00,0.3319531050013893
2019-04-13 23:06:00,0.2858603104316444
2019-04-13 23:09:00,0.3246634341496133
2019-04-13 23:12:00,0.2718101829854618
2019-04-13 23:15:00,0.220613170540787
2019-04-13 23:18:00,0.18866480685738907
2019-04-13 23:21:00,0.1988689358771012
2019-04-13 23:24:00,0.2741492580676663
2019-04-13 23:27:00,0.21825735662088164
2019-04-13 23:30:00,0.22316425972013576
2019-04-13 23:33:00,0.19728608583244522
2019-04-13 23:36:00,0.3864302390816192
2019-04-13 23:39:00,0.33545234896348575
2019-04-13 23:42:00,0.30909948861028624
2019-04-13 23:45:00,0.36759721562333425
2019-04-13 23:48:00,0.30200587686204017
2019-04-13 23:51:00,0.35569264798101585
2019-04-13 23:54:00,0.38863900335178414
2019-04-13 23:57:00,0.3756008444041754
2019-04-14 00:00:00,0.3574710374010692
2019-04-14 00:03:00,0.509004303087238
2019-04-14 00:06:00,0.40326921202392896
2019-04-14 00:09:00,0.4727131707057879
2019-04-14 00:12:00,0.46260962730275423
2019-04-14 00:15:00,0.444727311045483
2019-04-14 00:18:00,0.5213891233090067
2019-04-14 00:21:00,0.45142570052991005
2019-04-14 00:24:00,0.5162240121401851
2019-04-14 00:27:00,0.515182070287949
2019-04-14 00:30:00,0.43986949994763336
2019-04-14 00:33:00,0.4401644272195995
2019-04-14 00:36:00,0.43542108169862104
2019-04-14 00:39:00,0.4448748115869421
2019-04-14 00:42:00,0.4758972813368132
2019-04-14 00:45:00,0.4748498461694908
2019-04-14 00:48:00,0.40390873838435937
2019-04-14 00:51:00,0.38719692941344874
2019-04-14 00:54:00,0.4445131434907239
2019-04-14 00:57:00,0.3885536908749714
2019-04-14 01:00:00,0.4398567290696178
2019-04-14 01:03:00,0.42520296934935686
2019-04-14 01:06:00,0.37468448612145266
2019-04-14 01:09:00,0.38348451830751173
2019-04-14 01:12:00,0.37370257233976645
2019-04-14 01:15:00,0.4929777898602765
2019-04-14 01:18:00,0.4355042379428937
2019-04-14 01:21:00,0.5546021672863617
2019-04-14 01:24:00,0.38246784542354817
2019-04-14 01:27:00,0.43200552891363486
2019-04-14 01:30:00,0.46555288406983664
2019-04-14 01:33:00,0.4325494289038261
2019-04-14 01:36:00,0.4235769502531639
2019-04-14 01:39:00,0.3732498934089108
2019-04-14 01:42:00,0.49082420615849287
2019-04-14 01:45:00,0.47559269170403695
2019-04-14 01:48:00,0.44198870814852853
2019-04-14 01:51:00,0.370265823974421
2019-04-14 01:54:00,0.39293666057136534
2019-04-14 01:57:00,0.44196097508353205
2019-04-14 02:00:00,0.3799878697415693
2019-04-14 02:03:00,0.275602152117699
2019-04-14 02:06:00,0.4271801588298558
2019-04-14 02:09:00,0.32736748757270107
2019-04-14 02:12:00,0.3110893603405316
2019-04-14 02:15:00,0.2987966814237666
2019-04-14 02:18:00,0.2636481328250966
2019-04-14 02:21:00,0.26858518563426514
2019-04-14 02:24:00,0.29722139860530206
2019-04-14 02:27:00,0.32505899172389263
2019-04-14 02:30:00,0.26504274641183656
2019-04-14 02:33:00,0.25010324544626883
2019-04-14 02:36:00,0.26934470926431686
2019-04-14 02:39:00,0.18449534265545253
2019-04-14 02:42:00,0.20648893674302826
2019-04-14 02:45:00,0.20029646771706666
2019-04-14 02:48:00,0.2609529869868652
2019-04-14 02:51:00,0.3561780579371998
2019-04-14 02:54:00,0.24003841395875725
2019-04-14 02:57:00,0.3076935453086662
2019-04-14 03:00:00,0.28078400510361234
2019-04-14 03:03:00,0.2339807776362477
2019-04-14 03:06:00,0.21899603922395272
2019-04-14 03:09:00,0.2609638867409103
2019-04-14 03:12:00,0.26232418251169065
2019-04-14 03:15:00,0.26265284053403093
2019-04-14 03:18:00,0.32654474999981176
2019-04-14 03:21:00,0.2966813214065951
2019-04-14 03:24:00,0.29627428434343983
2019-04-14 03:27:00,0.21226587895824878
2019-04-14 03:30:00,0.2785987309562188
2019-04-14 03:33:00,0.30503273137895803
2019-04-14 03:36:00,0.26039839498758965
2019-04-14 03:39:00,0.2646533842027452
2019-04-14 03:42:00,0.29592382310750054
2019-04-14 03:45:00,0.23736463615591674
2019-04-14 03:48:00,0.2512796901813772
2019-04-14 03:51:00,0.3576534182669775
2019-04-14 03:54:00,0.35441811141834023
2019-04-14 03:57:00,0.31422881226257005
2019-04-14 04:00:00,0.2399641904580676
2019-04-14 04:03:00,0.2904058169258974
2019-04-14 04:06:00,0.36226933189249166
2019-04-14 04:09:00,0.272555913628139
2019-04-14 04:12:00,0.2431957936978506
2019-04-14 04:15:00,0.26872232004842544
2019-04-14 04:18:00,0.36884069900037275
2019-04-14 04:21:00,0.2793212803806
2019-04-14 04:24:00,0.4468334661240192
2019-04-14 04:27:00,0.2601363926342515
2019-04-14 04:30:00,0.31060765412814817
2019-04-14 04:33:00,0.4038937107196716
2019-04-14 04:36:00,0.40363453020398765
2019-04-14 04:39:00,0.4141647696930022
2019-04-14 04:42:00,0.20107897559836374
2019-04-14 04:45:00,0.3671338959272248
2019-04-14 04:48:00,0.39291168970436274
2019-04-14 04:51:00,0.4186160571499613
2019-04-14 04:54:00,0.321850173455573
2019-04-14 04:57:00,0.25339403551225814
2019-04-14 05:00:00,0.28652753134792874
2019-04-14 05:03:00,0.39175284230788066
2019-04-14 05:06:00,0.34170195136721304
2019-04-14 05:09:00,0.35051005291654747
2019-04-14 05:12:00,0.3205290993855101
2019-04-14 05:15:00,0.2559312219638059
2019-04-14 05:18:00,0.30911327504577457
2019-04-14 05:21:00,0.33317737043961415
2019-04-14 05:24:00,0.34394490056826044
2019-04-14 05:27:00,0.3064416883826766
2019-04-14 05:30:00,0.2669015333241873
2019-04-14 05:33:00,0.3355101517005892
2019-04-14 05:36:00,0.2614919645404825
2019-04-14 05:39:00,0.32998751244906543
2019-04-14 05:42:00,0.3005188725794028
2019-04-14 05:45:00,0.2979328890933175
2019-04-14 05:48:00,0.4205479933081051
2019-04-14 05:51:00,0.38738011539527406
2019-04-14 05:54:00,0.309193512658851
2019-04-14 05:57:00,0.36137153570217606
2019-04-14 06:00:00,0.37422833185229365
2019-04-14 06:03:00,0.343682229679132
2019-04-14 06:06:00,0.3440717809791636
2019-04-14 06:09:00,0.36532707955740307
2019-04-14 06:12:00,0.3983800070188295
2019-04-14 06:15:00,0.40623659150827507
2019-04-14 06:18:00,0.3685466229654253
2019-04-14 06:21:00,0.3789530641797114
2019-04-14 06:24:00,0.28592127223367925
2019-04-14 06:27:00,0.33263349074331927
2019-04-14 06:30:00,0.37327604817676274
2019-04-14 06:33:00,0.3692696704852665
2019-04-14 06:36:00,0.3045862673984061
2019-04-14 06:39:00,0.42039543004625557
2019-04-14 06:42:00,0.33705702616430244
2019-04-14 06:45:00,0.5192511409170493
2019-04-14 06:48:00,0.3535712685130079
2019-04-14 06:51:00,0.3886311537112874
2019-04-14 06:54:00,0.36036312369492407
2019-04-14 06:57:00,0.3615747224215511
2019-04-14 07:00:00,0.35657627888195975
2019-04-14 07:03:00,0.35014507164333963
2019-04-14 07:06:00,0.3939520565836574
2019-04-14 07:09:00,0.38171781471675104
2019-04-14 07:12:00,0.3033469997806151
2019-04-14 07:15:00,0.3856111297131406
2019-04-14 07:18:00,0.4225087896290347
2019-04-14 07:21:00,0.37629823180350286
2019-04-14 07:24:00,0.39670455847601716
2019-04-14 07:27:00,0.3655042679598637
2019-04-14 07:30:00,0.38430315107223123
2019-04-14 07:33:00,0.29553692402026854
2019-04-14 07:36:00,0.43603077151436764
2019-04-14 07:39:00,0.39655126895058856
2019-04-14 07:42:00,0.3648358387696362
2019-04-14 07:45:00,0.3390928547147496
2019-04-14 07:48:00,0.32019385289930824
2019-04-14 07:51:00,0.38405777793491325
2019-04-14 07:54:00,0.19944547409147617
2019-04-14 07:57:00,0.32412718670082086
2019-04-14 08:00:00,0.2852055193832257
2019-04-14 08:03:00,0.2648316307789855
2019-04-14 08:06:00,0.3574442445317345
2019-04-14 08:09:00,0.32047319440511046
2019-04-14 08:12:00,0.252640823899867
2019-04-14 08:15:00,0.20299921879791327
2019-04-14 08:18:00,0.2869856156054311
2019-04-14 08:21:00,0.19538428710859534
2019-04-14 08:24:00,0.27483984696795005
2019-04-14 08:27:00,0.35231152728891857
2019-04-14 08:30:00,0.2750093445916377
2019-04-14 08:33:00,0.20809997854701123
2019-04-14 08:36:00,0.21884825593247115
2019-04-14 08:39:00,0.1917731424304634
2019-04-14 08:42:00,0.23126954617424644
2019-04-14 08:45:00,0.2799623560721898
2019-04-14 08:48:00,0.15602112203868046
2019-04-14 08:51:00,0.16429114308959925
2019-04-14 08:54:00,0.05743773333597346
2019-04-14 08:57:00,0.12982291700069482
2019-04-14 09:00:00,0.13636187285072765
2019-04-14 09:03:00,0.22001620311499437
2019-04-14 09:06:00,0.20085576216655454
2019-04-14 09:09:00,0.17537103215209981
2019-04-14 09:12:00,0.21047478537161624
2019-04-14 09:15:00,0.17462199836074888
2019-04-14 09:18:00,0.13546913197717458
2019-04-14 09:21:00,0.11683212240421881
2019-04-14 09:24:00,-0.025950431823162035
2019-04-14 09:27:00,0.11818233374879128
2019-04-14 09:30:00,0.02789866860860002
2019-04-14 09:33:00,-0.0011334367160316106
2019-04-14 09:36:00,0.08662609796795095
2019-04-14 09:39:00,0.13015061040437104
2019-04-14 09:42:00,0.12442496380674584
2019-04-14 09:45:00,0.10118472601999429
2019-04-14 09:48:00,0.05641038234227835
2019-04-14 09:51:00,0.057184370305833454
2019-04-14 09:54:00,0.07573998007876526
2019-04-14 09:57:00,0.039740672712866854
2019-04-14 10:00:00,0.13287078539360664
2019-04-14 10:03:00,0.06090484578419364
2019-04-14 10:06:00,-0.00623774710214775
2019-04-14 10:09:00,-0.014792055687792072
2019-04-14 10:12:00,0.03198720291157997
2019-04-14 10:15:00,-0.09238134879166182
2019-04-14 10:18:00,-0.050025138003320535
2019-04-14 10:21:00,-0.05359706802664732
2019-04-14 10:24:00,-0.0005767737241626492
2019-04-14 10:27:00,-0.05268895677102137
2019-04-14 10:30:00,-0.15318934980894028
2019-04-14 10:33:00,-0.07478064632920223
2019-04-14 10:36:00,0.0035242571128719646
2019-04-14 10:39:00,-0.05434919581432496
2019-04-14 10:42:00,-0.0445871113321914
2019-04-14 10:45:00,-0.16170298802842353
2019-04-14 10:48:00,-0.10860280913243514
2019-04-14 10:51:00,-0.04107382731990583
2019-04-14 10:54:00,-0.08189737998895907
2019-04-14 10:57:00,-0.135029396866571
2019-04-14 11:00:00,-0.11612060275251679
2019-04-14 11:03:00,-0.1767072722576586
2019-04-14 11:06:00,-0.1682901827239789
2019-04-14 11:09:00,-0.0891667305012902
2019-04-14 11:12:00,-0.1654941857337917
2019-04-14 11:15:00,-0.1218772246302251
2019-04-14 11:18:00,-0.1296918484958951
2019-04-14 11:21:00,-0.19985290286541613
2019-04-14 11:24:00,-0.23708387373909545
2019-04-14 11:27:00,-0.19817482561592215
2019-04-14 11:30:00,-0.17098915818195337
2019-04-14 11:33:00,-0.3337109275773855
2019-04-14 11:36:00,-0.21169949817988254
2019-04-14 11:39:00,-0.2897038831699206
2019-04-14 11:42:00,-0.3962694360383239
2019-04-14 11:45:00,-0.24016759063312065
2019-04-14 11:48:00,-0.2193201827344069
2019-04-14 11:51:00,-0.32645222659277806
2019-04-14 11:54:00,-0.3767096765056408
2019-04-14 11:57:00,-0.39392994705735873
2019-04-14 12:00:00,-0.2662147617420487
2019-04-14 12:03:00,-0.41609104846901346
2019-04-14 12:06:00,-0.2243891541505718
2019-04-14 12:09:00,-0.19849644889143292
2019-04-14 12:12:00,-0.23880192765653874
2019-04-14 12:15:00,-0.2895737265162097
2019-04-14 12:18:00,-0.27582569805707635
2019-04-14 12:21:00,-0.31773444621467206
2019-04-14 12:24:00,-0.36552933644281893
2019-04-14 12:27:00,-0.292742765930484
2019-04-14 12:30:00,-0.1966641952994337
2019-04-14 12:33:00,-0.3399352366315611
2019-04-14 12:36:00,-0.13216003838743973
2019-04-14 12:39:00,-0.18792189899562572
2019-04-14 12:42:00,-0.08552529511462126
2019-04-14 12:45:00,-0.14599512364208067
2019-04-14 12:48:00,-0.22055204620602353
2019-04-14 12:51:00,-0.2999226834451747
2019-04-14 12:54:00,-0.1996758176597382
2019-04-14 12:57:00,-0.2200950586950512
2019-04-14 13:00:00,-0.16287687550925511
2019-04-14 13:03:00,-0.26170180216030303
2019-04-14 13:06:00,-0.34253261087127385
2019-04-14 13:09:00,-0.27146417542724066
2019-04-14 13:12:00,-0.37482892977772053
2019-04-14 13:15:00,-0.2847810226490992
2019-04-14 13:18:00,-0.308732703160274
2019-04-14 13:21:00,-0.2118674904881459
2019-04-14 13:24:00,-0.2891420889893652
2019-04-14 13:27:00,-0.2087864561564743
2019-04-14 13:30:00,-0.1398167062196194
2019-04-14 13:33:00,-0.15991121560244892
2019-04-14 13:36:00,-0.2964887813871542
2019-04-14 13:39:00,-0.2657527196114984
2019-04-14 13:42:00,-0.21249091818492616
2019-04-14 13:45:00,-0.19628263609536134
2019-04-14 13:48:00,-0.3235005055236684
2019-04-14 13:51:00,-0.23752113460335522
2019-04-14 13:54:00,-0.27654912879120275
2019-04-14 13:57:00,-0.26656146955338045
2019-04-14 14:00:00,-0.2868059310067679
2019-04-14 14:03:00,-0.3757396634626389
2019-04-14 14:06:00,-0.3020672345939488
2019-04-14 14:09:00,-0.4040683037272288
2019-04-14 14:12:00,-0.11807560667807593
2019-04-14 14:15:00,-0.08933948385407575
2019-04-14 14:18:00,0.12472771060828336
2019-04-14 14:21:00,0.13251199877635145
2019-04-14 14:24:00,0.19351522433538548
2019-04-14 14:27:00,0.256752421766123
2019-04-14 14:30:00,0.07161683995815338
2019-04-14 14:33:00,0.2695573897916006
2019-04-14 14:36:00,0.17329005124128116
2019-04-14 14:39:00,0.2886578434124658
2019-04-14 14:42:00,0.2235842266961754
2019-04-14 14:45:00,0.25860682333859586
2019-04-14 14:48:00,0.406762107189536
2019-04-14 14:51:00,0.2990416323441991
2019-04-14 14:54:00,0.2033656312391372
2019-04-14 14:57:00,0.17402020274863617
2019-04-14 15:00:00,0.3046259227972996
2019-04-14 15:03:00,0.396107639197794
2019-04-14 15:06:00,0.3243879877461495
2019-04-14 15:09:00,0.4212870850548711
2019-04-14 15:12:00,0.24948979500902624
2019-04-14 15:15:00,0.32459617932147466
2019-04-14 15:18:00,0.27602486942225823
2019-04-14 15:21:00,0.4589673532498182
2019-04-14 15:24:00,0.36189473635494096
2019-04-14 15:27:00,0.07188180317024262
2019-04-14 15:30:00,0.032780225597434764
2019-04-14 15:33:00,0.18264542995780175
2019-04-14 15:36:00,0.06572172136026211
2019-04-14 15:39:00,0.2502168386821495
2019-04-14 15:42:00,0.2092173976505478
2019-04-14 15:45:00,0.07344201648078297
2019-04-14 15:48:00,-0.09603699166785873
2019-04-14 15:51:00,-0.11823202112969966
2019-04-14 15:54:00,-0.08151796732585126
2019-04-14 15:57:00,-0.10800267364976435
2019-04-14 16:00:00,-0.045033889834940055
2019-04-14 16:03:00,-0.1329039005465802
2019-04-14 16:06:00,-0.122640734522804
2019-04-14 16:09:00,-0.08682409166283378
2019-04-14 16:12:00,0.04076109090516411
2019-04-14 16:15:00,0.08699855032580217
2019-04-14 16:18:00,-0.12373580900998604
2019-04-14 16:21:00,-0.13249267598058623
2019-04-14 16:24:00,-0.17955085313053587
2019-04-14 16:27:00,-0.1559894512796518
2019-04-14 16:30:00,-0.07525100275319119
2019-04-14 16:33:00,-0.17043696702955913
2019-04-14 16:36:00,0.08343061647735794
2019-04-14 16:39:00,-0.0500184523203302
2019-04-14 16:42:00,-0.10224769162431357
2019-04-14 16:45:00,0.03349486302136029
2019-04-14 16:48:00,-0.09908660526576796
2019-04-14 16:51:00,-0.016706989351064294
2019-04-14 16:54:00,0.06194546084043395
2019-04-14 16:57:00,0.20213756752258405
2019-04-14 17:00:00,0.09637477572897524
2019-04-14 17:03:00,-0.06634926358645998
2019-04-14 17:06:00,-0.10408486526637262
2019-04-14 17:09:00,-0.09679671821015745
2019-04-14 17:12:00,-0.16110960318485468
2019-04-14 17:15:00,-0.14575639002964635
2019-04-14 17:18:00,-0.07208936492628482
2019-04-14 17:21:00,-0.1186883658762099
2019-04-14 17:24:00,-0.14056304848082846
2019-04-14 17:27:00,-0.14904664530877199
2019-04-14 17:30:00,-0.11280573024663454
2019-04-14 17:33:00,-0.1154367479607572
2019-04-14 17:36:00,-0.05750679468059161
2019-04-14 17:39:00,0.052302489712417355
2019-04-14 17:42:00,0.06468138236976984
2019-04-14 17:45:00,0.06685728932762913
2019-04-14 17:48:00,-0.04880637558710532
2019-04-14 17:51:00,-0.09603274112367899
2019-04-14 17:54:00,0.00513512914869807
2019-04-14 17:57:00,-0.023198315799106695
2019-04-14 18:00:00,-0.05850893982164962
2019-04-14 18:03:00,0.03813998882640135
2019-04-14 18:06:00,0.11168705051375127
2019-04-14 18:09:00,0.35004249814022614
2019-04-14 18:12:00,0.3511792119435313
2019-04-14 18:15:00,0.43707263171791055
2019-04-14 18:18:00,0.42916017363694436
2019-04-14 18:21:00,0.3366067899116274
2019-04-14 18:24:00,0.405235386645586
2019-04-14 18:27:00,0.393759434655351
2019-04-14 18:30:00,0.47114947735917667
2019-04-14 18:33:00,0.2232824454856086
2019-04-14 18:36:00,0.1723817108789376
2019-04-14 18:39:00,0.16158781993186722
2019-04-14 18:42:00,0.08247879744715192
2019-04-14 18:45:00,0.21764312594484636
2019-04-14 18:48:00,0.24756425577504615
2019-04-14 18:51:00,0.07020578166799396
2019-04-14 18:54:00,0.16128049139592804
2019-04-14 18:57:00,
2019-04-14 19:00:00,
2019-04-14 19:03:00,0.15768176806471956
2019-04-14 19:06:00,0.006394232554498558
2019-04-14 19:09:00,0.002115107280474149
2019-04-14 19:12:00,0.2117780599127741
2019-04-14 19:15:00,0.266461499458444
2019-04-14 19:18:00,0.3834798896065763
2019-04-14 19:21:00,0.30628576347476155
2019-04-14 19:24:00,0.36106391526510606
2019-04-14 19:27:00,0.40983982876014124
2019-04-14 19:30:00,0.31896797150227485
2019-04-14 19:33:00,0.31081137294449945
2019-04-14 19:36:00,0.25511158505838694
2019-04-14 19:39:00,0.3499745891782027
2019-04-14 19:42:00,0.46250005841432085
2019-04-14 19:45:00,0.31664579661043035
2019-04-14 19:48:00,0.3598528873100122
2019-04-14 19:51:00,0.4012920145644898
2019-04-14 19:54:00,0.4224264843841752
2019-04-14 19:57:00,0.3499736460435088
2019-04-14 20:00:00,0.4484683803149778
2019-04-14 20:03:00,0.29129753967868055
2019-04-14 20:06:00,0.31456051563446863
2019-04-14 20:09:00,0.20828622936522834
2019-04-14 20:12:00,0.1534542543444104
2019-04-14 20:15:00,0.03722801610541637
2019-04-14 20:18:00,0.006687462828494972
2019-04-14 20:21:00,-0.050716084591329036
2019-04-14 20:24:00,-0.03257840227269071
2019-04-14 20:27:00,-0.028741246012884858
2019-04-14 20:30:00,-0.05360578616114253
2019-04-14 20:33:00,-0.02458270007008423
2019-04-14 20:36:00,0.05874200287689746
2019-04-14 20:39:00,0.06348419752788459
2019-04-14 20:42:00,0.02524690304954902
2019-04-14 20:45:00,0.17037154920279818
2019-04-14 20:48:00,0.16813995954476013
2019-04-14 20:51:00,0.25712797565773826
2019-04-14 20:54:00,0.34901626650349726
2019-04-14 20:57:00,0.2907254418995535
2019-04-14 21:00:00,0.27585986005783525
2019-04-14 21:03:00,0.46262315615825855
2019-04-14 21:06:00,0.49124354117304847
2019-04-14 21:09:00,0.3230997651895109
2019-04-14 21:12:00,0.41189763109105115
2019-04-14 21:15:00,0.3243647100291014
2019-04-14 21:18:00,0.2967316631837775
2019-04-14 21:21:00,0.23927613385649238
2019-04-14 21:24:00,0.34354375721403585
2019-04-14 21:27:00,0.24875879284877556
2019-04-14 21:30:00,0.23338755471536388
2019-04-14 21:33:00,0.1976313343790821
2019-04-14 21:36:00,0.24895752065350507
2019-04-14 21:39:00,0.2208106193223216
2019-04-14 21:42:00,0.350565488010659
2019-04-14 21:45:00,0.45230040392982573
2019-04-14 21:48:00,0.35512957029510517
2019-04-14 21:51:00,0.3323346411158923
2019-04-14 21:54:00,0.20949970869583012
2019-04-14 21:57:00,0.31894283653622324
2019-04-14 22:00:00,0.2503800901085924
2019-04-14 22:03:00,0.35174834800739063
2019-04-14 22:06:00,0.4570845999796802
2019-04-14 22:09:00,0.3636301179173529
2019-04-14 22:12:00,0.43076152815217483
2019-04-14 22:15:00,0.40220277657965653
2019-04-14 22:18:00,0.26187738943201566
2019-04-14 22:21:00,0.30035018189357743
2019-04-14 22:24:00,0.3104935798294264
2019-04-14 22:27:00,0.31001095188361205
2019-04-14 22:30:00,0.30752501736213844
2019-04-14 22:33:00,0.2577121203855768
2019-04-14 22:36:00,0.25156730811988837
2019-04-14 22:39:00,0.37731245526299517
2019-04-14 22:42:00,0.3301480704096207
2019-04-14 22:45:00,0.30900083231756525
2019-04-14 22:48:00,0.32572760854509397
2019-04-14 22:51:00,0.1684393185614681
2019-04-14 22:54:00,0.21527985982015707
2019-04-14 22:57:00,0.26241175268273764
2019-04-14 23:00:00,0.26297135887529066
2019-04-14 23:03:00,0.3744103507119121
2019-04-14 23:06:00,0.29009120918584586
2019-04-14 23:09:00,0.2846362015143882
2019-04-14 23:12:00,0.28141199903075176
2019-04-14 23:15:00,0.3804637925993575
2019-04-14 23:18:00,0.24266090175768795
2019-04-14 23:21:00,0.3383577566033864
2019-04-14 23:24:00,0.3832452560173465
2019-04-14 23:27:00,0.23249472042567731
2019-04-14 23:30:00,0.3452912651191582
2019-04-14 23:33:00,0.28544790657008434
2019-04-14 23:36:00,0.2752461232018959
2019-04-14 23:39:00,0.2503251855608255
2019-04-14 23:42:00,0.311208805545391
2019-04-14 23:45:00,0.3178622162213287
2019-04-14 23:48:00,0.2929992247273958
2019-04-14 23:51:00,0.21171888522553672
2019-04-14 23:54:00,0.2883586839166128
2019-04-14 23:57:00,0.3129249910243743
2019-04-15 00:00:00,0.24381017994363674
2019-04-15 00:03:00,0.25997297529380603
2019-04-15 00:06:00,0.3418758138413409
2019-04-15 00:09:00,0.24416057683811232
2019-04-15 00:12:00,0.28943466835983145
2019-04-15 00:15:00,0.35290702852847744
2019-04-15 00:18:00,0.30134722607482445
2019-04-15 00:21:00,0.2307783651691011
2019-04-15 00:24:00,0.27069869949320946
2019-04-15 00:27:00,0.27540521349448
2019-04-15 00:30:00,0.2199126225453938
2019-04-15 00:33:00,0.3100473956370706
2019-04-15 00:36:00,0.2645884878804736
2019-04-15 00:39:00,0.2953251182848362
2019-04-15 00:42:00,0.3079906579644103
2019-04-15 00:45:00,0.2672697909994781
2019-04-15 00:48:00,0.30725450370846374
2019-04-15 00:51:00,0.36548336884715127
2019-04-15 00:54:00,0.42246266619412154
2019-04-15 00:57:00,0.3228884621510133
2019-04-15 01:00:00,0.3348427218332972
2019-04-15 01:03:00,0.3088673236145496
2019-04-15 01:06:00,0.32234519311219856
2019-04-15 01:09:00,0.35412160819697647
2019-04-15 01:12:00,0.2634183109535684
2019-04-15 01:15:00,0.2492258987307423
2019-04-15 01:18:00,0.2159904598419189
2019-04-15 01:21:00,0.2987502838470846
2019-04-15 01:24:00,0.341263742666456
2019-04-15 01:27:00,0.4055161481463756
2019-04-15 01:30:00,0.2735389728397877
2019-04-15 01:33:00,0.2493707605917166
2019-04-15 01:36:00,0.2371550236953226
2019-04-15 01:39:00,0.32795372791758837
2019-04-15 01:42:00,0.29261337876454263
2019-04-15 01:45:00,0.25585509261503603
2019-04-15 01:48:00,0.2367577847117559
2019-04-15 01:51:00,0.2695024377630375
2019-04-15 01:54:00,0.27216995200933525
2019-04-15 01:57:00,0.29139167135730304
2019-04-15 02:00:00,0.37232580770250934
2019-04-15 02:03:00,0.3804705331612013
2019-04-15 02:06:00,0.32576685511111236
2019-04-15 02:09:00,0.33361769623718374
2019-04-15 02:12:00,0.3052349230955542
2019-04-15 02:15:00,0.3244961900903718
2019-04-15 02:18:00,0.2973517600435116
2019-04-15 02:21:00,0.28857563374634765
2019-04-15 02:24:00,0.3063738425652218
2019-04-15 02:27:00,0.2766053770376402
2019-04-15 02:30:00,0.37980556952885536
2019-04-15 02:33:00,0.2652035909884489
2019-04-15 02:36:00,0.33070536187921107
2019-04-15 02:39:00,0.4593510593575161
2019-04-15 02:42:00,0.22912197544860646
2019-04-15 02:45:00,0.317238748687771
2019-04-15 02:48:00,0.26853352771786376
2019-04-15 02:51:00,0.3078807973995481
2019-04-15 02:54:00,0.3009099600664058
2019-04-15 02:57:00,0.34792440700124416
2019-04-15 03:00:00,0.40823266567656447
2019-04-15 03:03:00,0.3065635111561278
2019-04-15 03:06:00,0.6056421603519198
2019-04-15 03:09:00,0.6871896496156182
2019-04-15 03:12:00,0.5056111196884103
2019-04-15 03:15:00,0.4496343241657428
2019-04-15 03:18:00,0.540687469721604
2019-04-15 03:21:00,0.42583141118188905
2019-04-15 03:24:00,0.28590595954023
2019-04-15 03:27:00,0.29868529926369547
2019-04-15 03:30:00,0.24987801640293128
2019-04-15 03:33:00,0.287256844451349
2019-04-15 03:36:00,0.3784556873949896
2019-04-15 03:39:00,0.34655115863409947
2019-04-15 03:42:00,0.3349224801174273
2019-04-15 03:45:00,0.2593395895374897
2019-04-15 03:48:00,0.4353022890842908
2019-04-15 03:51:00,0.45652107762782634
2019-04-15 03:54:00,0.4734157317121799
2019-04-15 03:57:00,0.4569908227201722
2019-04-15 04:00:00,0.4212543539389344
2019-04-15 04:03:00,0.5308543357950839
2019-04-15 04:06:00,0.4732871160888976
2019-04-15 04:09:00,0.556136677973825
2019-04-15 04:12:00,0.3928577323314357
2019-04-15 04:15:00,0.433983185100999
2019-04-15 04:18:00,0.6396629857302969
2019-04-15 04:21:00,0.7277490977695038
2019-04-15 04:24:00,0.7321816490874085
2019-04-15 04:27:00,0.754174718825027
2019-04-15 04:30:00,0.6890366889846291
2019-04-15 04:33:00,0.7176771037195522
2019-04-15 04:36:00,0.6496576669188698
2019-04-15 04:39:00,0.6442975463875769
2019-04-15 04:42:00,0.5168086623017984
2019-04-15 04:45:00,0.4061903223823151
2019-04-15 04:48:00,0.30246166044537404
2019-04-15 04:51:00,0.39953221909547665
2019-04-15 04:54:00,0.2781079611724522
2019-04-15 04:57:00,0.2801122997656762
2019-04-15 05:00:00,0.31834649792597247
2019-04-15 05:03:00,0.2490440324671681
2019-04-15 05:06:00,0.2753929234888801
2019-04-15 05:09:00,0.2482395562724946
2019-04-15 05:12:00,0.5917476682880078
2019-04-15 05:15:00,0.5882145887493948
2019-04-15 05:18:00,0.543608319170005
2019-04-15 05:21:00,0.39917660631022045
2019-04-15 05:24:00,0.28898818835278917
2019-04-15 05:27:00,0.3129186896334204
2019-04-15 05:30:00,0.4723770703512855
2019-04-15 05:33:00,0.35240535138052564
2019-04-15 05:36:00,0.27247789750515494
2019-04-15 05:39:00,0.29373754831397036
2019-04-15 05:42:00,0.41082881906464763
2019-04-15 05:45:00,0.46091095711955177
2019-04-15 05:48:00,0.5507696110103666
2019-04-15 05:51:00,0.42196507009191464
2019-04-15 05:54:00,0.3730512196660243
2019-04-15 05:57:00,0.3307648721626606
2019-04-15 06:00:00,0.2666878398505901
2019-04-15 06:03:00,0.31141653358190524
2019-04-15 06:06:00,0.25266581083661777
2019-04-15 06:09:00,0.2840575718697096
2019-04-15 06:12:00,0.3097273050886429
2019-04-15 06:15:00,0.3235356014079116
2019-04-15 06:18:00,0.3245531028479718
2019-04-15 06:21:00,0.2928779038507514
2019-04-15 06:24:00,0.34148966993979
2019-04-15 06:27:00,0.37567143595828156
2019-04-15 06:30:00,0.4037635344354271
2019-04-15 06:33:00,0.37880027415758377
2019-04-15 06:36:00,0.3739060201691018
2019-04-15 06:39:00,0.35396720375769064
2019-04-15 06:42:00,0.27439530868014117
2019-04-15 06:45:00,0.33711553506469727
2019-04-15 06:48:00,0.24173217285056126
2019-04-15 06:51:00,0.30890022835728814
2019-04-15 06:54:00,0.28263280103129773
2019-04-15 06:57:00,0.3199965280452943
2019-04-15 07:00:00,0.49188313254336435
2019-04-15 07:03:00,0.4347462490886187
2019-04-15 07:06:00,0.29037639483317434
2019-04-15 07:09:00,0.3361067465281167
2019-04-15 07:12:00,0.3739843114758514
2019-04-15 07:15:00,0.33051021096190425
2019-04-15 07:18:00,0.4084989845417226
2019-04-15 07:21:00,0.35851630303960746
2019-04-15 07:24:00,0.33288330433703095
2019-04-15 07:27:00,0.4055411236819282
2019-04-15 07:30:00,0.4672541506164407
2019-04-15 07:33:00,0.372218903698581
2019-04-15 07:36:00,0.3010020495479466
2019-04-15 07:39:00,0.27961402845164685
2019-04-15 07:42:00,0.346959956544481
2019-04-15 07:45:00,0.28548205905985924
2019-04-15 07:48:00,0.3060853007613673
2019-04-15 07:51:00,0.36967471445206
2019-04-15 07:54:00,0.45326747912065457
2019-04-15 07:57:00,0.4269034654932966
2019-04-15 08:00:00,0.3805774797956474
2019-04-15 08:03:00,0.27997991065132055
2019-04-15 08:06:00,0.39325468059951163
2019-04-15 08:09:00,0.22243287625053654
2019-04-15 08:12:00,0.3013786357299182
2019-04-15 08:15:00,0.13003303940303113
2019-04-15 08:18:00,0.2260533455897189
2019-04-15 08:21:00,0.17771052991105307
2019-04-15 08:24:00,0.206949058134569
2019-04-15 08:27:00,0.16633886292441957
2019-04-15 08:30:00,0.19544316061382006
2019-04-15 08:33:00,0.15655719238230859
2019-04-15 08:36:00,0.2582222408682924
2019-04-15 08:39:00,0.12702892066369031
2019-04-15 08:42:00,0.1503407169809634
2019-04-15 08:45:00,0.17440970800902278
2019-04-15 08:48:00,0.13692884028228036
2019-04-15 08:51:00,0.1267656289821275
2019-04-15 08:54:00,0.20189140725182142
2019-04-15 08:57:00,0.22628671405732348
2019-04-15 09:00:00,0.15047735625995529
2019-04-15 09:03:00,0.20612154550627793
2019-04-15 09:06:00,0.17700729313691
2019-04-15 09:09:00,0.175551876229747
2019-04-15 09:12:00,0.20061827911700902
2019-04-15 09:15:00,0.14024156625947626
2019-04-15 09:18:00,0.18411096628875612
2019-04-15 09:21:00,0.15249763532904126
2019-04-15 09:24:00,0.10076273157466176
2019-04-15 09:27:00,0.0793705269873044
2019-04-15 09:30:00,0.19085281723664593
2019-04-15 09:33:00,0.143796671734151
2019-04-15 09:36:00,0.06916219371663601
2019-04-15 09:39:00,0.08460076308398357
2019-04-15 09:42:00,0.028232503668220943
2019-04-15 09:45:00,0.0448105804131842
2019-04-15 09:48:00,0.021988235613719098
2019-04-15 09:51:00,0.04624479996431319
2019-04-15 09:54:00,0.021578668021732028
2019-04-15 09:57:00,-0.03484377213925427
2019-04-15 10:00:00,-0.028697834440436054
2019-04-15 10:03:00,-0.16988013494614052
2019-04-15 10:06:00,-0.03713831837745829
2019-04-15 10:09:00,-0.13039044332919048
2019-04-15 10:12:00,0.0258790735639991
2019-04-15 10:15:00,-0.03363288763080163
2019-04-15 10:18:00,-0.05916480101552679
2019-04-15 10:21:00,-0.06593186052799638
2019-04-15 10:24:00,0.051823141805130035
2019-04-15 10:27:00,-0.10544758414903299
2019-04-15 10:30:00,-0.14689954808676475
2019-04-15 10:33:00,-0.08123113657387648
2019-04-15 10:36:00,-0.0872036751099472
2019-04-15 10:39:00,-0.11644092786673355
2019-04-15 10:42:00,-0.06873628258176723
2019-04-15 10:45:00,-0.13835141647348337
2019-04-15 10:48:00,-0.1670381492457409
2019-04-15 10:51:00,-0.2373733964259941
2019-04-15 10:54:00,-0.03270646829224688
2019-04-15 10:57:00,-0.13123994025681895
2019-04-15 11:00:00,-0.1490995557211363
2019-04-15 11:03:00,-0.20576037611772335
2019-04-15 11:06:00,-0.03095837023107606
2019-04-15 11:09:00,-0.23356070490314096
2019-04-15 11:12:00,-0.2585267403743501
2019-04-15 11:15:00,-0.161626932429499
2019-04-15 11:18:00,-0.20180488549038955
2019-04-15 11:21:00,-0.25052275571613336
2019-04-15 11:24:00,-0.28540287549571985
2019-04-15 11:27:00,-0.27408956864650236
2019-04-15 11:30:00,-0.24761635394230552
2019-04-15 11:33:00,-0.25067932646800273
2019-04-15 11:36:00,-0.37328590633643444
2019-04-15 11:39:00,-0.21125300025676097
2019-04-15 11:42:00,-0.30810276540893256
2019-04-15 11:45:00,-0.13678798312264462
2019-04-15 11:48:00,-0.1750743824127312
2019-04-15 11:51:00,-0.24465131720063482
2019-04-15 11:54:00,-0.21385462268739275
2019-04-15 11:57:00,-0.21407801462765974
2019-04-15 12:00:00,-0.28926885224228727
2019-04-15 12:03:00,-0.1706578263015217
2019-04-15 12:06:00,-0.3420179298513517
2019-04-15 12:09:00,-0.29185651857523
2019-04-15 12:12:00,-0.15733680269943306
2019-04-15 12:15:00,-0.29273474570379676
2019-04-15 12:18:00,-0.355026196247195
2019-04-15 12:21:00,-0.23028708377495377
2019-04-15 12:24:00,-0.3335883982985024
2019-04-15 12:27:00,-0.20036169971194795
2019-04-15 12:30:00,-0.23599932427703152
2019-04-15 12:33:00,-0.2707537369042825
2019-04-15 12:36:00,-0.3650412004029704
2019-04-15 12:39:00,-0.2680502995880829
2019-04-15 12:42:00,-0.4061873731805008
2019-04-15 12:45:00,-0.3761943910428158
2019-04-15 12:48:00,-0.2748323378429518
2019-04-15 12:51:00,-0.36904939367889256
2019-04-15 12:54:00,-0.3874377102806079
2019-04-15 12:57:00,-0.41908565175828016
2019-04-15 13:00:00,-0.25202453340631337
2019-04-15 13:03:00,-0.4053295457717354
2019-04-15 13:06:00,-0.37003510053460786
2019-04-15 13:09:00,-0.33648130447454605
2019-04-15 13:12:00,-0.3360046447995728
2019-04-15 13:15:00,-0.38681709091088123
2019-04-15 13:18:00,-0.49452304973078753
2019-04-15 13:21:00,-0.2588493684560831
2019-04-15 13:24:00,-0.479504399224993
2019-04-15 13:27:00,-0.3694312648744358
2019-04-15 13:30:00,-0.29291418442994654
2019-04-15 13:33:00,-0.23403958171417116
2019-04-15 13:36:00,-0.2928245667777105
2019-04-15 13:39:00,-0.36224842182383554
2019-04-15 13:42:00,-0.3514320478818149
2019-04-15 13:45:00,-0.3015850070120223
2019-04-15 13:48:00,-0.3858968172232835
2019-04-15 13:51:00,-0.3183009952611542
2019-04-15 13:54:00,-0.4065779300999566
2019-04-15 13:57:00,-0.454596234019391
2019-04-15 14:00:00,-0.3029963744710926
2019-04-15 14:03:00,-0.3963329659494548
2019-04-15 14:06:00,-0.2980305383126165
2019-04-15 14:09:00,-0.37934717613228486
2019-04-15 14:12:00,-0.2108222091436005
2019-04-15 14:15:00,-0.27369648154956394
2019-04-15 14:18:00,-0.21678994995340872
2019-04-15 14:21:00,-0.2382863314237511
2019-04-15 14:24:00,-0.17987053628621652
2019-04-15 14:27:00,-0.2958187521290938
2019-04-15 14:30:00,-0.38064938717786845
2019-04-15 14:33:00,-0.3108366627688497
2019-04-15 14:36:00,-0.37088603236969675
2019-04-15 14:39:00,-0.303017073247247
2019-04-15 14:42:00,-0.39374371004049635
2019-04-15 14:45:00,-0.44003800017134154
2019-04-15 14:48:00,-0.35945820837878273
2019-04-15 14:51:00,-0.3316805862352794
2019-04-15 14:54:00,-0.2524156380389968
2019-04-15 14:57:00,-0.33441218952054896
2019-04-15 15:00:00,-0.3555563589051758
2019-04-15 15:03:00,-0.28088532024412416
2019-04-15 15:06:00,-0.2866915691108147
2019-04-15 15:09:00,-0.41131423075387374
2019-04-15 15:12:00,-0.43537926420566464
2019-04-15 15:15:00,-0.4364980101069591
2019-04-15 15:18:00,-0.3626952480048544
2019-04-15 15:21:00,-0.3433105044998115
2019-04-15 15:24:00,-0.3435712002557807
2019-04-15 15:27:00,-0.2640740069346066
2019-04-15 15:30:00,-0.19385992887907832
2019-04-15 15:33:00,-0.15607675413411926
2019-04-15 15:36:00,-0.1873960350529842
2019-04-15 15:39:00,-0.06798389700219332
2019-04-15 15:42:00,0.032096729016700465
2019-04-15 15:45:00,-0.015804527425814285
2019-04-15 15:48:00,-0.2004775614965979
2019-04-15 15:51:00,-0.2573623828694167
2019-04-15 15:54:00,-0.2769417856527525
2019-04-15 15:57:00,-0.19737984622287286
2019-04-15 16:00:00,-0.22772845240064044
2019-04-15 16:03:00,-0.17246953059185444
2019-04-15 16:06:00,-0.22934084130218935
2019-04-15 16:09:00,-0.16320435863929106
2019-04-15 16:12:00,-0.19705849779955997
2019-04-15 16:15:00,-0.13207166345637233
2019-04-15 16:18:00,-0.17924071950244524
2019-04-15 16:21:00,-0.2288096227545111
2019-04-15 16:24:00,-0.20665853814193724
2019-04-15 16:27:00,-0.2667908356019666
2019-04-15 16:30:00,-0.31096188088940835
2019-04-15 16:33:00,-0.2656328176955185
2019-04-15 16:36:00,-0.24767404441729468
2019-04-15 16:39:00,-0.2934371455982614
2019-04-15 16:42:00,-0.2751906785377969
2019-04-15 16:45:00,-0.24003176035853357
2019-04-15 16:48:00,-0.2417476260981175
2019-04-15 16:51:00,-0.3218880223088263
2019-04-15 16:54:00,-0.2766810533002513
2019-04-15 16:57:00,-0.2816849609951646
2019-04-15 17:00:00,-0.24808825231156106
2019-04-15 17:03:00,-0.26324206894236113
2019-04-15 17:06:00,-0.22673690093347432
2019-04-15 17:09:00,-0.10620369409451769
2019-04-15 17:12:00,-0.19832804664468995
2019-04-15 17:15:00,-0.2396355724600312
2019-04-15 17:18:00,-0.2797101601873351
2019-04-15 17:21:00,-0.28815171946138207
2019-04-15 17:24:00,-0.21360103665870156
2019-04-15 17:27:00,-0.3233096049334563
2019-04-15 17:30:00,-0.2285393525542645
2019-04-15 17:33:00,-0.19632991835845814
2019-04-15 17:36:00,-0.19629112678370575
2019-04-15 17:39:00,-0.21056417800554073
2019-04-15 17:42:00,-0.18251914454111784
2019-04-15 17:45:00,-0.24288674209833516
2019-04-15 17:48:00,-0.2403034289333732
2019-04-15 17:51:00,-0.11790661923583912
2019-04-15 17:54:00,-0.17132641922455605
2019-04-15 17:57:00,-0.17001667318868385
2019-04-15 18:00:00,-0.1850795855705769
2019-04-15 18:03:00,-0.24462599991392153
2019-04-15 18:06:00,-0.09094568579456563
2019-04-15 18:09:00,-0.15476062892389564
2019-04-15 18:12:00,-0.1713410468361758
2019-04-15 18:15:00,-0.03035872797738648
2019-04-15 18:18:00,-0.06810243966987173
2019-04-15 18:21:00,-0.11983817239689643
2019-04-15 18:24:00,-0.08544005660405674
2019-04-15 18:27:00,-0.017318612845770076
2019-04-15 18:30:00,-0.07748654864394666
2019-04-15 18:33:00,-0.0865820540290656
2019-04-15 18:36:00,-0.027665414041678105
2019-04-15 18:39:00,-0.034422031844655976
2019-04-15 18:42:00,-0.023776045405668356
2019-04-15 18:45:00,0.06235121670306398
2019-04-15 18:48:00,0.04016345640684449
2019-04-15 18:51:00,0.07310377472384744
2019-04-15 18:54:00,0.05301746352830605
2019-04-15 18:57:00,
2019-04-15 19:00:00,
2019-04-15 19:03:00,-0.11779360636768388
2019-04-15 19:06:00,-0.10912819905053084
2019-04-15 19:09:00,-0.049464853625352134
2019-04-15 19:12:00,0.012943686430105572
2019-04-15 19:15:00,-0.06356084724660604
2019-04-15 19:18:00,0.008063683645445963
2019-04-15 19:21:00,-0.02484603983970146
2019-04-15 19:24:00,-0.004858931928765742
2019-04-15 19:27:00,-0.011826804567476756
2019-04-15 19:30:00,0.023114822901391108
2019-04-15 19:33:00,0.0807464496002126
2019-04-15 19:36:00,0.0395701447838519
2019-04-15 19:39:00,0.058416206720892205
2019-04-15 19:42:00,0.030249503097422803
2019-04-15 19:45:00,-0.014482683888957126
2019-04-15 19:48:00,-0.011172501898442988
2019-04-15 19:51:00,-0.019640320274504575
2019-04-15 19:54:00,0.02498614079138406
2019-04-15 19:57:00,-0.03705027089773694
2019-04-15 20:00:00,-0.05613353068918059
2019-04-15 20:03:00,0.007389959807596824
2019-04-15 20:06:00,0.07166875226647562
2019-04-15 20:09:00,0.019635539534192503
2019-04-15 20:12:00,0.04373524796363881
2019-04-15 20:15:00,0.04799990018119615
2019-04-15 20:18:00,0.014987638266745762
2019-04-15 20:21:00,0.03697822252672722
2019-04-15 20:24:00,-0.037481212943930586
2019-04-15 20:27:00,0.0015155384317608878
2019-04-15 20:30:00,0.07388769018700714
2019-04-15 20:33:00,0.09466582865888995
2019-04-15 20:36:00,0.03512472088885943
2019-04-15 20:39:00,0.04075650276945453
2019-04-15 20:42:00,0.11407567627185244
2019-04-15 20:45:00,0.05106270201542884
2019-04-15 20:48:00,0.029117701002405738
2019-04-15 20:51:00,-0.00396887691658776
2019-04-15 20:54:00,0.11578718229213791
2019-04-15 20:57:00,0.08388392773616715
2019-04-15 21:00:00,0.011656770536546901
2019-04-15 21:03:00,0.038554046821218435
2019-04-15 21:06:00,0.052371704092763594
2019-04-15 21:09:00,0.010611938455724612
2019-04-15 21:12:00,0.07172665800510458
2019-04-15 21:15:00,0.14478154044405755
2019-04-15 21:18:00,0.06449764219485132
2019-04-15 21:21:00,0.06782492620646963
2019-04-15 21:24:00,0.13351262630192196
2019-04-15 21:27:00,0.16625617364661593
2019-04-15 21:30:00,0.06807311642580771
2019-04-15 21:33:00,0.024350250925351702
2019-04-15 21:36:00,0.10452690504735074
2019-04-15 21:39:00,0.10892876306024846
2019-04-15 21:42:00,0.16526934872808852
2019-04-15 21:45:00,0.11798971299924688
2019-04-15 21:48:00,0.21183152814751338
2019-04-15 21:51:00,0.194624105859873
2019-04-15 21:54:00,0.1656933401485503
2019-04-15 21:57:00,0.11721387662367988
2019-04-15 22:00:00,0.07257269758275697
2019-04-15 22:03:00,0.035657827677709975
2019-04-15 22:06:00,0.02828633954459292
2019-04-15 22:09:00,0.15313466703787526
2019-04-15 22:12:00,0.07767010353740034
2019-04-15 22:15:00,0.08872754618846557
2019-04-15 22:18:00,0.12310463125851356
2019-04-15 22:21:00,0.04422301453371347
2019-04-15 22:24:00,0.15263303374348425
2019-04-15 22:27:00,0.18294610543892986
2019-04-15 22:30:00,0.14697259194792878
2019-04-15 22:33:00,0.1565710619522065
2019-04-15 22:36:00,0.2120982659196784
2019-04-15 22:39:00,0.11923342888530897
2019-04-15 22:42:00,0.14207648652080707
2019-04-15 22:45:00,0.20865889634518453
2019-04-15 22:48:00,0.2280230480641876
2019-04-15 22:51:00,0.12865602628642137
2019-04-15 22:54:00,0.06863290289800261
2019-04-15 22:57:00,0.14680788855378069
2019-04-15 23:00:00,0.2860649467305052
2019-04-15 23:03:00,0.19474719671558205
2019-04-15 23:06:00,0.18164873763174683
2019-04-15 23:09:00,0.09213003866301506
2019-04-15 23:12:00,0.15603199136171497
2019-04-15 23:15:00,0.13829667870612639
2019-04-15 23:18:00,0.08848972987300385
2019-04-15 23:21:00,0.10963607068765668
2019-04-15 23:24:00,0.06709632313777547
2019-04-15 23:27:00,0.1300298263543027
2019-04-15 23:30:00,0.20220960103466723
2019-04-15 23:33:00,0.23485447380130609
2019-04-15 23:36:00,0.24055055513491652
2019-04-15 23:39:00,0.17030885421593212
2019-04-15 23:42:00,0.16143155980159918
2019-04-15 23:45:00,0.11936754663042848
2019-04-15 23:48:00,0.1601399762561755
2019-04-15 23:51:00,0.17831531231394138
2019-04-15 23:54:00,0.10131554467852766
2019-04-15 23:57:00,0.17137082889246358
2019-04-16 00:00:00,0.170478832874835
2019-04-16 00:03:00,0.03969728660263172
2019-04-16 00:06:00,0.16224821401016243
2019-04-16 00:09:00,0.15867740347630388
2019-04-16 00:12:00,0.07186306217573701
2019-04-16 00:15:00,0.03994059603905953
2019-04-16 00:18:00,0.19762539149866143
2019-04-16 00:21:00,0.14069824425274646
2019-04-16 00:24:00,0.07712169946381664
2019-04-16 00:27:00,0.06162992917580823
2019-04-16 00:30:00,0.19676634056719422
2019-04-16 00:33:00,0.09788734153386258
2019-04-16 00:36:00,0.1322614699482756
2019-04-16 00:39:00,0.06456171909201203
2019-04-16 00:42:00,0.15094926036351808
2019-04-16 00:45:00,0.13217778996846619
2019-04-16 00:48:00,0.08490049726100324
2019-04-16 00:51:00,0.08491707642627944
2019-04-16 00:54:00,0.09237308928919674
2019-04-16 00:57:00,0.04705115941794702
2019-04-16 01:00:00,0.09322733192101396
2019-04-16 01:03:00,0.10415409220667016
2019-04-16 01:06:00,0.13905878545023143
2019-04-16 01:09:00,0.107003156051519
2019-04-16 01:12:00,0.04821778595226078
2019-04-16 01:15:00,0.11953484903455092
2019-04-16 01:18:00,0.11385086807217704
2019-04-16 01:21:00,0.17304661212801875
2019-04-16 01:24:00,0.20679938916430274
2019-04-16 01:27:00,0.15918425069594377
2019-04-16 01:30:00,0.2011120797992021
2019-04-16 01:33:00,0.19519323044795556
2019-04-16 01:36:00,0.28557543448607703
2019-04-16 01:39:00,0.3090263739933903
2019-04-16 01:42:00,0.2422960551410256
2019-04-16 01:45:00,0.26173442489124454
2019-04-16 01:48:00,0.15634778617339862
2019-04-16 01:51:00,0.22868602667540472
2019-04-16 01:54:00,0.24563232359002996
2019-04-16 01:57:00,0.30416713153130104
2019-04-16 02:00:00,0.2874929707258502
2019-04-16 02:03:00,0.30509022336093494
2019-04-16 02:06:00,0.27581669150822563
2019-04-16 02:09:00,0.2770642354986421
2019-04-16 02:12:00,0.34070324894889836
2019-04-16 02:15:00,0.30419907545740443
2019-04-16 02:18:00,0.3215146720941675
2019-04-16 02:21:00,0.288085509967857
2019-04-16 02:24:00,0.24902979265010572
2019-04-16 02:27:00,0.18662507219602276
2019-04-16 02:30:00,0.3103339714974709
2019-04-16 02:33:00,0.2798904517675851
2019-04-16 02:36:00,0.2730223045261937
2019-04-16 02:39:00,0.42946418788591245
2019-04-16 02:42:00,0.22777739518215867
2019-04-16 02:45:00,0.25054737351314316
2019-04-16 02:48:00,0.28985319179270164
2019-04-16 02:51:00,0.26656929309285715
2019-04-16 02:54:00,0.3079716049263084
2019-04-16 02:57:00,0.2590161018194408
2019-04-16 03:00:00,0.19689812433824727
2019-04-16 03:03:00,0.26405292688457394
2019-04-16 03:06:00,0.29891255446506193
2019-04-16 03:09:00,0.30209236302681575
2019-04-16 03:12:00,0.32248753588220325
2019-04-16 03:15:00,0.19220325709244435
2019-04-16 03:18:00,0.25408953230402176
2019-04-16 03:21:00,0.24296306733805295
2019-04-16 03:24:00,0.20761591706082072
2019-04-16 03:27:00,0.2652991081689038
2019-04-16 03:30:00,0.261189235354891
2019-04-16 03:33:00,0.2036651410623449
2019-04-16 03:36:00,0.33025254000426685
2019-04-16 03:39:00,0.2808561042818951
2019-04-16 03:42:00,0.2428397549397232
2019-04-16 03:45:00,0.35578764701517684
2019-04-16 03:48:00,0.31041150422947794
2019-04-16 03:51:00,0.341666521898901
2019-04-16 03:54:00,0.337943069655978
2019-04-16 03:57:00,0.28574925348306124
2019-04-16 04:00:00,0.21566264293301174
2019-04-16 04:03:00,0.3392052817570743
2019-04-16 04:06:00,0.2900840502795745
2019-04-16 04:09:00,0.3527304456169986
2019-04-16 04:12:00,0.3538004933992056
2019-04-16 04:15:00,0.2570020640813482
2019-04-16 04:18:00,0.30232224438202593
2019-04-16 04:21:00,0.2950635369535348
2019-04-16 04:24:00,0.3534587429258522
2019-04-16 04:27:00,0.35888007181569037
2019-04-16 04:30:00,0.3068503953555819
2019-04-16 04:33:00,0.2986230488092474
2019-04-16 04:36:00,0.17340597793236157
2019-04-16 04:39:00,0.2371234082704632
2019-04-16 04:42:00,0.28952165797522866
2019-04-16 04:45:00,0.15929553194445134
2019-04-16 04:48:00,0.2359598229902531
2019-04-16 04:51:00,0.2293369958031235
2019-04-16 04:54:00,0.2587154516526766
2019-04-16 04:57:00,0.25951781432587495
2019-04-16 05:00:00,0.24624000884870156
2019-04-16 05:03:00,0.26173621254639556
2019-04-16 05:06:00,0.27272891903203345
2019-04-16 05:09:00,0.30457615164283425
2019-04-16 05:12:00,0.26572433558476405
2019-04-16 05:15:00,0.2818211672290545
2019-04-16 05:18:00,0.26590370724426293
2019-04-16 05:21:00,0.19409593522271962
2019-04-16 05:24:00,0.3729270616446456
2019-04-16 05:27:00,0.2875064231379838
2019-04-16 05:30:00,0.25237118626392885
2019-04-16 05:33:00,0.24027713541300955
2019-04-16 05:36:00,0.2732224351517516
2019-04-16 05:39:00,0.21938387455026032
2019-04-16 05:42:00,0.24287684174100832
2019-04-16 05:45:00,0.24739945828855525
2019-04-16 05:48:00,0.2719349451845119
2019-04-16 05:51:00,0.25823173390375587
2019-04-16 05:54:00,0.20232613513246633
2019-04-16 05:57:00,0.23677146884307376
2019-04-16 06:00:00,0.23895902467188535
2019-04-16 06:03:00,0.34275707962984825
2019-04-16 06:06:00,0.2914960643375366
2019-04-16 06:09:00,0.27848076288711354
2019-04-16 06:12:00,0.19144300086816202
2019-04-16 06:15:00,0.16731363171351177
2019-04-16 06:18:00,0.17634376868420532
2019-04-16 06:21:00,0.22943052746023795
2019-04-16 06:24:00,0.19659782168849915
2019-04-16 06:27:00,0.17414716167172628
2019-04-16 06:30:00,0.23058200417546004
2019-04-16 06:33:00,0.19987491521618495
2019-04-16 06:36:00,0.16966708995562385
2019-04-16 06:39:00,0.17093228287535567
2019-04-16 06:42:00,0.3483647464346973
2019-04-16 06:45:00,0.21446463504128133
2019-04-16 06:48:00,0.2771257919945924
2019-04-16 06:51:00,0.2186520227537585
2019-04-16 06:54:00,0.23971010063547737
2019-04-16 06:57:00,0.2338335214806193
2019-04-16 07:00:00,0.14186737078921396
2019-04-16 07:03:00,0.2000040376503307
2019-04-16 07:06:00,0.18343325237782437
2019-04-16 07:09:00,0.2912522931820263
2019-04-16 07:12:00,0.2198017580555529
2019-04-16 07:15:00,0.171810000587584
2019-04-16 07:18:00,0.26795546306573215
2019-04-16 07:21:00,0.18439845693768575
2019-04-16 07:24:00,0.20927515629949767
2019-04-16 07:27:00,0.27990404694747895
2019-04-16 07:30:00,0.2386736766662807
2019-04-16 07:33:00,0.1813223110580111
2019-04-16 07:36:00,0.24110177979588343
2019-04-16 07:39:00,0.1742451321387648
2019-04-16 07:42:00,0.21917262570752882
2019-04-16 07:45:00,0.1579448669584167
2019-04-16 07:48:00,0.2434463436451324
2019-04-16 07:51:00,0.1173803315261921
2019-04-16 07:54:00,0.20508791734977194
2019-04-16 07:57:00,0.22256536866888155
2019-04-16 08:00:00,0.11215780049019486
2019-04-16 08:03:00,0.1542814590366106
2019-04-16 08:06:00,0.1159432943947536
2019-04-16 08:09:00,0.09927395205471612
2019-04-16 08:12:00,0.1534130031786276
2019-04-16 08:15:00,0.032747257018684195
2019-04-16 08:18:00,0.13473347078689812
2019-04-16 08:21:00,0.10133090695165947
2019-04-16 08:24:00,0.03641294569121101
2019-04-16 08:27:00,0.049868832088861836
2019-04-16 08:30:00,0.08441540494629862
2019-04-16 08:33:00,0.03618283749614193
2019-04-16 08:36:00,-0.010936291832763345
2019-04-16 08:39:00,0.03174022177176994
2019-04-16 08:42:00,0.10186525703198868
2019-04-16 08:45:00,-0.05218540782919945
2019-04-16 08:48:00,0.11629117086579299
2019-04-16 08:51:00,0.02946741461300917
2019-04-16 08:54:00,-0.001490826594988448
2019-04-16 08:57:00,0.027090808698631008
2019-04-16 09:00:00,-0.00576485277571237
2019-04-16 09:03:00,0.011190806448439616
2019-04-16 09:06:00,-0.16260415224877534
2019-04-16 09:09:00,-0.08583833733268875
2019-04-16 09:12:00,-0.06964293967905633
2019-04-16 09:15:00,-0.06932816878770609
2019-04-16 09:18:00,-0.04587305741688397
2019-04-16 09:21:00,-0.11997968130793879
2019-04-16 09:24:00,-0.08771856448424842
2019-04-16 09:27:00,-0.04674080186049423
2019-04-16 09:30:00,-0.11295874328442324
2019-04-16 09:33:00,-0.08237793361604417
2019-04-16 09:36:00,-0.06805907975535774
2019-04-16 09:39:00,-0.05288217512662641
2019-04-16 09:42:00,0.006038078342044173
2019-04-16 09:45:00,-0.10014136803226847
2019-04-16 09:48:00,-0.13837372594906583
2019-04-16 09:51:00,-0.06009509950888514
2019-04-16 09:54:00,-0.0748737299837785
2019-04-16 09:57:00,-0.1804047904410595
2019-04-16 10:00:00,-0.08725848643683776
2019-04-16 10:03:00,-0.08594969767267457
2019-04-16 10:06:00,-0.11662430231905319
2019-04-16 10:09:00,-0.1619988480725283
2019-04-16 10:12:00,-0.11588220409555561
2019-04-16 10:15:00,-0.12638017511881117
2019-04-16 10:18:00,-0.14046689420604253
2019-04-16 10:21:00,-0.1658469026069156
2019-04-16 10:24:00,-0.15080545910069532
2019-04-16 10:27:00,-0.15421164168304813
2019-04-16 10:30:00,-0.0881537095128806
2019-04-16 10:33:00,-0.1682097131987348
2019-04-16 10:36:00,-0.17204311396943694
2019-04-16 10:39:00,-0.27792921245730895
2019-04-16 10:42:00,-0.19594642245988325
2019-04-16 10:45:00,-0.20639025744981154
2019-04-16 10:48:00,-0.23235912647368195
2019-04-16 10:51:00,-0.1633605537641074
2019-04-16 10:54:00,-0.1692761751052103
2019-04-16 10:57:00,-0.045885923172988896
2019-04-16 11:00:00,-0.07660851384105172
2019-04-16 11:03:00,-0.15127855809913626
2019-04-16 11:06:00,-0.19331386836500997
2019-04-16 11:09:00,-0.11751924277774606
2019-04-16 11:12:00,-0.23564054295468395
2019-04-16 11:15:00,-0.14887466208148226
2019-04-16 11:18:00,-0.14630961264253983
2019-04-16 11:21:00,-0.10503934286401773
2019-04-16 11:24:00,-0.13943127057444826
2019-04-16 11:27:00,-0.20559644003299127
2019-04-16 11:30:00,-0.2271764626165691
2019-04-16 11:33:00,-0.23405472113933
2019-04-16 11:36:00,-0.16969644861683264
2019-04-16 11:39:00,-0.23102086583588743
2019-04-16 11:42:00,-0.24812133848661233
2019-04-16 11:45:00,-0.1617951119772556
2019-04-16 11:48:00,-0.08278279402350108
2019-04-16 11:51:00,-0.19438764528854335
2019-04-16 11:54:00,-0.14146514761694107
2019-04-16 11:57:00,-0.14614063828145163
2019-04-16 12:00:00,-0.2244096352058591
2019-04-16 12:03:00,-0.31187934348906765
2019-04-16 12:06:00,-0.3933439649340471
2019-04-16 12:09:00,-0.32879254511124145
2019-04-16 12:12:00,-0.4688621312649843
2019-04-16 12:15:00,-0.4354720644662393
2019-04-16 12:18:00,-0.39702182524354157
2019-04-16 12:21:00,-0.3779816431174936
2019-04-16 12:24:00,-0.39764800831346747
2019-04-16 12:27:00,-0.4634035242134473
2019-04-16 12:30:00,-0.42559252218467236
2019-04-16 12:33:00,-0.4899745052691742
2019-04-16 12:36:00,-0.37297217787175896
2019-04-16 12:39:00,-0.4837776510536287
2019-04-16 12:42:00,-0.3805843224394607
2019-04-16 12:45:00,-0.44109437592288714
2019-04-16 12:48:00,-0.4135126328131946
2019-04-16 12:51:00,-0.36849026120950157
2019-04-16 12:54:00,-0.3572109426742145
2019-04-16 12:57:00,-0.40470359892191254
2019-04-16 13:00:00,-0.4121197664539409
2019-04-16 13:03:00,-0.4421620495823504
2019-04-16 13:06:00,-0.37148205600220763
2019-04-16 13:09:00,-0.3589249083947834
2019-04-16 13:12:00,-0.27769765690152326
2019-04-16 13:15:00,-0.4374761755887562
2019-04-16 13:18:00,-0.27662803209710773
2019-04-16 13:21:00,-0.38655256102885005
2019-04-16 13:24:00,-0.37869094642559276
2019-04-16 13:27:00,-0.33125141693750493
2019-04-16 13:30:00,-0.263094411277109
2019-04-16 13:33:00,-0.29567968140503353
2019-04-16 13:36:00,-0.22902552825212297
2019-04-16 13:39:00,-0.2348745301048325
2019-04-16 13:42:00,-0.3168996986086654
2019-04-16 13:45:00,-0.1782714044083491
2019-04-16 13:48:00,-0.19709805896951593
2019-04-16 13:51:00,-0.23529166557710823
2019-04-16 13:54:00,-0.16787913907353413
2019-04-16 13:57:00,-0.08586462382049831
2019-04-16 14:00:00,-0.16423120291022997
2019-04-16 14:03:00,-0.11949057585826495
2019-04-16 14:06:00,-0.06043113597559113
2019-04-16 14:09:00,-0.1325058753532744
2019-04-16 14:12:00,-0.20927215555275325
2019-04-16 14:15:00,-0.16031433455691513
2019-04-16 14:18:00,-0.20815980380149313
2019-04-16 14:21:00,-0.23465004787794896
2019-04-16 14:24:00,-0.36253749183339323
2019-04-16 14:27:00,-0.32504341899175415
2019-04-16 14:30:00,-0.4176759641982244
2019-04-16 14:33:00,-0.3192313962415483
2019-04-16 14:36:00,-0.30596456962757657
2019-04-16 14:39:00,-0.3160247208499527
2019-04-16 14:42:00,-0.34456875738840154
2019-04-16 14:45:00,-0.2778750031231425
2019-04-16 14:48:00,-0.28992848540127625
2019-04-16 14:51:00,-0.3396028465526797
2019-04-16 14:54:00,-0.3728231068639616
2019-04-16 14:57:00,-0.2564066448042013
2019-04-16 15:00:00,-0.36868324742584946
2019-04-16 15:03:00,-0.4186674198221567
2019-04-16 15:06:00,-0.4304019885960315
2019-04-16 15:09:00,-0.4332337508664068
2019-04-16 15:12:00,-0.3366770503461112
2019-04-16 15:15:00,-0.38478328991675426
2019-04-16 15:18:00,-0.36178804204865855
2019-04-16 15:21:00,-0.42497087058922034
2019-04-16 15:24:00,-0.4498819682390831
2019-04-16 15:27:00,-0.4731698297728144
2019-04-16 15:30:00,-0.46419239079187946
2019-04-16 15:33:00,-0.4581928610792261
2019-04-16 15:36:00,-0.45473372570467063
2019-04-16 15:39:00,-0.4124142487459608
2019-04-16 15:42:00,-0.31574440968228146
2019-04-16 15:45:00,-0.3832410177237193
2019-04-16 15:48:00,-0.3924801594949372
2019-04-16 15:51:00,-0.22142839235687006
2019-04-16 15:54:00,-0.3215554003384682
2019-04-16 15:57:00,-0.32915846445672514
2019-04-16 16:00:00,-0.2814887408799791
2019-04-16 16:03:00,-0.34568132554750264
2019-04-16 16:06:00,-0.35113004336767517
2019-04-16 16:09:00,-0.3959006443195108
2019-04-16 16:12:00,-0.4198345876881149
2019-04-16 16:15:00,-0.4000341011683872
2019-04-16 16:18:00,-0.40915829801139125
2019-04-16 16:21:00,-0.39873083231458395
2019-04-16 16:24:00,-0.34911449285652907
2019-04-16 16:27:00,-0.345068098917352
2019-04-16 16:30:00,-0.38083417363765193
2019-04-16 16:33:00,-0.40983586060730204
2019-04-16 16:36:00,-0.4357484255987174
2019-04-16 16:39:00,-0.4044641221905749
2019-04-16 16:42:00,-0.4036381047970963
2019-04-16 16:45:00,-0.3311590575975174
2019-04-16 16:48:00,-0.4545269517187194
2019-04-16 16:51:00,-0.4266884960803168
2019-04-16 16:54:00,-0.28194777867281573
2019-04-16 16:57:00,-0.29762965351272896
2019-04-16 17:00:00,-0.27827411962829274
2019-04-16 17:03:00,-0.3545199787562865
2019-04-16 17:06:00,-0.29126612984333633
2019-04-16 17:09:00,-0.35957819356423215
2019-04-16 17:12:00,-0.2198402771698511
2019-04-16 17:15:00,-0.24521708254502528
2019-04-16 17:18:00,-0.27470992624739665
2019-04-16 17:21:00,-0.3261183175869178
2019-04-16 17:24:00,-0.31058071736828197
2019-04-16 17:27:00,-0.3550240306861383
2019-04-16 17:30:00,-0.2991116116813828
2019-04-16 17:33:00,-0.364516883784745
2019-04-16 17:36:00,-0.330293799345327
2019-04-16 17:39:00,-0.323820580431061
2019-04-16 17:42:00,-0.28791182639446333
2019-04-16 17:45:00,-0.20234365232141727
2019-04-16 17:48:00,-0.09554698522322269
2019-04-16 17:51:00,-0.16852093544491709
2019-04-16 17:54:00,-0.15223504072696414
2019-04-16 17:57:00,-0.20975473483036922
2019-04-16 18:00:00,-0.20415709457330422
2019-04-16 18:03:00,-0.15382803009578083
2019-04-16 18:06:00,-0.23542658282792672
2019-04-16 18:09:00,-0.18973650044029
2019-04-16 18:12:00,-0.27137549138723216
2019-04-16 18:15:00,-0.2511444470839592
2019-04-16 18:18:00,-0.1931199073778771
2019-04-16 18:21:00,-0.2120583323091978
2019-04-16 18:24:00,-0.1794292045863699
2019-04-16 18:27:00,-0.12724621278181303
2019-04-16 18:30:00,-0.25237739015079796
2019-04-16 18:33:00,-0.17765848481036528
2019-04-16 18:36:00,-0.23632878323707018
2019-04-16 18:39:00,-0.20164001846865176
2019-04-16 18:42:00,-0.11363166673822889
2019-04-16 18:45:00,-0.33321682792490037
2019-04-16 18:48:00,-0.2572447649548053
2019-04-16 18:51:00,-0.17049758007607352
2019-04-16 18:54:00,
2019-04-16 18:57:00,
2019-04-16 19:00:00,
2019-04-16 19:03:00,-0.26030266502476707
2019-04-16 19:06:00,-0.15005104330600716
2019-04-16 19:09:00,-0.1895347475244762
2019-04-16 19:12:00,-0.11758806867976546
2019-04-16 19:15:00,-0.1471123888725856
2019-04-16 19:18:00,-0.26389061153895454
2019-04-16 19:21:00,-0.1451895172695572
2019-04-16 19:24:00,-0.17976220027725276
2019-04-16 19:27:00,-0.14482107822794887
2019-04-16 19:30:00,-0.1359872744105246
2019-04-16 19:33:00,-0.18163178882531383
2019-04-16 19:36:00,-0.17331075921237016
2019-04-16 19:39:00,-0.17029907118075016
2019-04-16 19:42:00,-0.18326750910915734
2019-04-16 19:45:00,-0.211326074633007
2019-04-16 19:48:00,-0.21569077835158623
2019-04-16 19:51:00,-0.2124190050700463
2019-04-16 19:54:00,-0.20467241600675834
2019-04-16 19:57:00,-0.19157622464399537
2019-04-16 20:00:00,-0.15510647428544644
2019-04-16 20:03:00,-0.14216195091927375
2019-04-16 20:06:00,-0.13050222461981775
2019-04-16 20:09:00,-0.14899736320592183
2019-04-16 20:12:00,-0.020117056777451126
2019-04-16 20:15:00,-0.07481768547808088
2019-04-16 20:18:00,-0.08690799460970311
2019-04-16 20:21:00,-0.0716799960125627
2019-04-16 20:24:00,-0.06622256581198371
2019-04-16 20:27:00,-0.12700004083905014
2019-04-16 20:30:00,-0.12951224853026133
2019-04-16 20:33:00,-0.06475393123014328
2019-04-16 20:36:00,-0.06218476936641082
2019-04-16 20:39:00,-0.09241272500526065
2019-04-16 20:42:00,-0.002146359958146604
2019-04-16 20:45:00,-0.06326441604329602
2019-04-16 20:48:00,-0.057218587162196854
2019-04-16 20:51:00,-0.0031784275756763236
2019-04-16 20:54:00,-0.08612010915106794
2019-04-16 20:57:00,-0.08472517903470589
2019-04-16 21:00:00,-0.0727426913540512
2019-04-16 21:03:00,-0.039446818803185124
2019-04-16 21:06:00,-0.08553088689910737
2019-04-16 21:09:00,-0.15559983836993752
2019-04-16 21:12:00,-0.025532700597977964
2019-04-16 21:15:00,-0.04852591220407021
2019-04-16 21:18:00,-0.0592027877463579
2019-04-16 21:21:00,-0.04057344140147734
2019-04-16 21:24:00,0.002302119337059594
2019-04-16 21:27:00,0.04857259013124349
2019-04-16 21:30:00,0.009588358575399525
2019-04-16 21:33:00,0.09384645404321645
2019-04-16 21:36:00,-0.02613493565763747
2019-04-16 21:39:00,0.02033726126461488
2019-04-16 21:42:00,0.0003714660307991835
2019-04-16 21:45:00,-0.04082976946824601
2019-04-16 21:48:00,-0.0517535747015927
2019-04-16 21:51:00,-0.05241450239810774
2019-04-16 21:54:00,-0.08536348903339785
2019-04-16 21:57:00,-0.06337622828931444
2019-04-16 22:00:00,-0.025611419044253125
2019-04-16 22:03:00,-0.019442580557438305
2019-04-16 22:06:00,-0.0759432518108838
2019-04-16 22:09:00,0.00799638455589502
2019-04-16 22:12:00,1.785613585525425e-05
2019-04-16 22:15:00,-0.061334274981618364
2019-04-16 22:18:00,0.07230997264974803
2019-04-16 22:21:00,0.013929899959634895
2019-04-16 22:24:00,0.025530673655225655
2019-04-16 22:27:00,-0.05890915568755872
2019-04-16 22:30:00,-0.07629655394731572
2019-04-16 22:33:00,0.026180552516620992
2019-04-16 22:36:00,-0.0709565604553859
2019-04-16 22:39:00,0.021107970949117316
2019-04-16 22:42:00,0.04780505583323702
2019-04-16 22:45:00,-0.11233690076829816
2019-04-16 22:48:00,-0.10179293940524303
2019-04-16 22:51:00,-0.04362400764051699
2019-04-16 22:54:00,-0.08631034914230895
2019-04-16 22:57:00,-0.07163856860415763
2019-04-16 23:00:00,-0.03280680864952501
2019-04-16 23:03:00,-0.02809568600827106
2019-04-16 23:06:00,-0.10080386039049927
2019-04-16 23:09:00,0.023961530779843088
2019-04-16 23:12:00,0.05854211168804113
2019-04-16 23:15:00,-0.045445909900649895
2019-04-16 23:18:00,0.008228735532668452
2019-04-16 23:21:00,0.07736542622683373
2019-04-16 23:24:00,0.03673776108735183
2019-04-16 23:27:00,-0.005425747135518577
2019-04-16 23:30:00,-0.04142635500954839
2019-04-16 23:33:00,-0.06177690701809979
2019-04-16 23:36:00,-0.0005820768655553366
2019-04-16 23:39:00,0.004696851084872833
2019-04-16 23:42:00,0.06449196925598244
2019-04-16 23:45:00,-0.09539154929507276
2019-04-16 23:48:00,-0.07083865916797549
2019-04-16 23:51:00,-0.03198749424467451
2019-04-16 23:54:00,-0.05603216796691868
2019-04-16 23:57:00,0.03148603565068697
2019-04-17 00:00:00,0.0049308274672625885
2019-04-17 00:03:00,-0.07191362922094413
2019-04-17 00:06:00,0.049958945413607125
2019-04-17 00:09:00,0.044522946745132685
2019-04-17 00:12:00,0.013693450131427198
2019-04-17 00:15:00,0.04270309153946528
2019-04-17 00:18:00,0.053245082562341395
2019-04-17 00:21:00,-0.05317532366706246
2019-04-17 00:24:00,-0.044028051487600806
2019-04-17 00:27:00,0.13239122042375584
2019-04-17 00:30:00,0.015562240108920378
2019-04-17 00:33:00,0.03137526125073009
2019-04-17 00:36:00,0.06199792799088755
2019-04-17 00:39:00,0.06966559242454196
2019-04-17 00:42:00,0.10475022708067172
2019-04-17 00:45:00,-0.09712626450823336
2019-04-17 00:48:00,0.015567318590569812
2019-04-17 00:51:00,-0.015140257037046467
2019-04-17 00:54:00,0.01718344463631638
2019-04-17 00:57:00,-0.00936943253532263
2019-04-17 01:00:00,0.004675748307363392
2019-04-17 01:03:00,0.004015011088142728
2019-04-17 01:06:00,0.1143566820105093
2019-04-17 01:09:00,0.10771683102126417
2019-04-17 01:12:00,0.07903558794970422
2019-04-17 01:15:00,0.10485125985280774
2019-04-17 01:18:00,0.06346070710355889
2019-04-17 01:21:00,0.07123965691249623
2019-04-17 01:24:00,-0.0015446400464043109
2019-04-17 01:27:00,0.005803937492373734
2019-04-17 01:30:00,-0.03621950669105445
2019-04-17 01:33:00,0.03968736534727668
2019-04-17 01:36:00,0.033556029679402855
2019-04-17 01:39:00,0.04505422225071243
2019-04-17 01:42:00,0.07661467976180347
2019-04-17 01:45:00,0.0998033201447015
2019-04-17 01:48:00,0.018989744115970097
2019-04-17 01:51:00,0.07607320541842455
2019-04-17 01:54:00,0.17534518014900868
2019-04-17 01:57:00,0.12734521640186358
2019-04-17 02:00:00,0.10385755874239067
2019-04-17 02:03:00,0.05237785004266016
2019-04-17 02:06:00,0.09887553945674199
2019-04-17 02:09:00,0.11964118186068617
2019-04-17 02:12:00,0.0879481883487756
2019-04-17 02:15:00,0.123001989376462
2019-04-17 02:18:00,0.026749775355824568
2019-04-17 02:21:00,0.14549401016648744
2019-04-17 02:24:00,0.11341608443376572
2019-04-17 02:27:00,0.13274017047740472
2019-04-17 02:30:00,-7.744897720840527e-05
2019-04-17 02:33:00,0.04193948051880625
2019-04-17 02:36:00,0.03666171107340688
2019-04-17 02:39:00,0.03344455511057731
2019-04-17 02:42:00,0.0407234087746815
2019-04-17 02:45:00,0.06669619307712082
2019-04-17 02:48:00,0.17016546718451764
2019-04-17 02:51:00,0.05931131163026748
2019-04-17 02:54:00,0.14867829027349444
2019-04-17 02:57:00,0.05620447826237296
2019-04-17 03:00:00,0.04481065440262455
2019-04-17 03:03:00,0.06856859607421484
2019-04-17 03:06:00,0.03942805332053467
2019-04-17 03:09:00,0.025292335448000358
2019-04-17 03:12:00,0.046997253544873274
2019-04-17 03:15:00,0.014290671042772374
2019-04-17 03:18:00,0.02893719912412962
2019-04-17 03:21:00,0.037284222540392875
2019-04-17 03:24:00,0.06363100937818444
2019-04-17 03:27:00,0.1535597155170194
2019-04-17 03:30:00,0.13343840989881528
2019-04-17 03:33:00,0.06585688400497247
2019-04-17 03:36:00,0.205507724996437
2019-04-17 03:39:00,0.12771121400845686
2019-04-17 03:42:00,0.020073821888047405
2019-04-17 03:45:00,0.14302118533669272
2019-04-17 03:48:00,0.07721678794126774
2019-04-17 03:51:00,0.1460245080901359
2019-04-17 03:54:00,0.24498592576719602
2019-04-17 03:57:00,0.05287083846587848
2019-04-17 04:00:00,-0.0013408780271220166
2019-04-17 04:03:00,0.13342838609258934
2019-04-17 04:06:00,0.15263123427814662
2019-04-17 04:09:00,0.16488273473157733
2019-04-17 04:12:00,0.11647275483363728
2019-04-17 04:15:00,0.11138656864324048
2019-04-17 04:18:00,0.18956342338816512
2019-04-17 04:21:00,0.09684262405005484
2019-04-17 04:24:00,0.13106713210299858
2019-04-17 04:27:00,0.14643369887522795
2019-04-17 04:30:00,0.18849573647071338
2019-04-17 04:33:00,0.11783194196448221
2019-04-17 04:36:00,0.23294956950326196
2019-04-17 04:39:00,0.10303535115883733
2019-04-17 04:42:00,0.06551511126355081
2019-04-17 04:45:00,0.053321430520725244
2019-04-17 04:48:00,0.1033142454426752
2019-04-17 04:51:00,0.04865848827256514
2019-04-17 04:54:00,0.19164527369679263
2019-04-17 04:57:00,0.11414534739600413
2019-04-17 05:00:00,0.14499636717016529
2019-04-17 05:03:00,0.1287641383336222
2019-04-17 05:06:00,0.0906373796217963
2019-04-17 05:09:00,0.12077839095655918
2019-04-17 05:12:00,0.17211579827522883
2019-04-17 05:15:00,0.13622718643745202
2019-04-17 05:18:00,0.18083968106310522
2019-04-17 05:21:00,0.18869501481754014
2019-04-17 05:24:00,0.12602603659172473
2019-04-17 05:27:00,0.13919579726410802
2019-04-17 05:30:00,0.1527052605676431
2019-04-17 05:33:00,0.23815655634444965
2019-04-17 05:36:00,0.22918336566755215
2019-04-17 05:39:00,0.20966791591115452
2019-04-17 05:42:00,0.16122196969996594
2019-04-17 05:45:00,0.2008322773884288
2019-04-17 05:48:00,0.17844158923406894
2019-04-17 05:51:00,0.1660303344330032
2019-04-17 05:54:00,0.2553713114688776
2019-04-17 05:57:00,0.17237817464655336
2019-04-17 06:00:00,0.16055300715942167
2019-04-17 06:03:00,0.1827649603362147
2019-04-17 06:06:00,0.2214203997454547
2019-04-17 06:09:00,0.1805878415418647
2019-04-17 06:12:00,0.21059848797273162
2019-04-17 06:15:00,0.20723925722006697
2019-04-17 06:18:00,0.2529732802769331
2019-04-17 06:21:00,0.23945658833281414
2019-04-17 06:24:00,0.19778165641349688
2019-04-17 06:27:00,0.1728034236766689
2019-04-17 06:30:00,0.17011016010826552
2019-04-17 06:33:00,0.15485735230788578
2019-04-17 06:36:00,0.19284374860097842
2019-04-17 06:39:00,0.10689582239211859
2019-04-17 06:42:00,0.11084725888991898
2019-04-17 06:45:00,0.2004018004901127
2019-04-17 06:48:00,0.1556476597345977
2019-04-17 06:51:00,0.16574385289220572
2019-04-17 06:54:00,0.20874370122146502
2019-04-17 06:57:00,0.13405134224348103
2019-04-17 07:00:00,0.12829953962574336
2019-04-17 07:03:00,0.2175630807239486
2019-04-17 07:06:00,0.12102464872714336
2019-04-17 07:09:00,0.221478158739842
2019-04-17 07:12:00,0.1472362393409412
2019-04-17 07:15:00,0.1690488885400896
2019-04-17 07:18:00,0.22443496263713314
2019-04-17 07:21:00,0.1840610415212609
2019-04-17 07:24:00,0.09445599464436327
2019-04-17 07:27:00,0.20827696146875496
2019-04-17 07:30:00,0.23626380940913805
2019-04-17 07:33:00,0.20176052202168648
2019-04-17 07:36:00,0.18106839154489762
2019-04-17 07:39:00,0.1134576749471421
2019-04-17 07:42:00,0.16723348270357974
2019-04-17 07:45:00,0.12511660353226262
2019-04-17 07:48:00,0.17888655999178127
2019-04-17 07:51:00,0.22179665085428724
2019-04-17 07:54:00,0.10346599879255791
2019-04-17 07:57:00,0.23705113584708215
2019-04-17 08:00:00,0.1470127730852937
2019-04-17 08:03:00,0.04424720973980811
2019-04-17 08:06:00,0.08512269822290364
2019-04-17 08:09:00,0.05839033950837802
2019-04-17 08:12:00,0.07873746365436318
2019-04-17 08:15:00,0.03003377544405339
2019-04-17 08:18:00,0.10572147595541992
2019-04-17 08:21:00,-0.014752499464407265
2019-04-17 08:24:00,0.03762478418190085
2019-04-17 08:27:00,0.00904328778318586
2019-04-17 08:30:00,0.13921491705286826
2019-04-17 08:33:00,0.10400112679661788
2019-04-17 08:36:00,0.1128451526458889
2019-04-17 08:39:00,0.050331934897997144
2019-04-17 08:42:00,-0.038595271607391624
2019-04-17 08:45:00,0.06982357993183541
2019-04-17 08:48:00,-0.06139003273392518
2019-04-17 08:51:00,0.10365964438688025
2019-04-17 08:54:00,0.012888266572304019
2019-04-17 08:57:00,0.04857655911371239
2019-04-17 09:00:00,-0.07179797799346943
2019-04-17 09:03:00,0.06877211413711848
2019-04-17 09:06:00,-0.03793276146166136
2019-04-17 09:09:00,-0.08695464564220856
2019-04-17 09:12:00,-0.10296764337027753
2019-04-17 09:15:00,-0.08350659710964692
2019-04-17 09:18:00,-0.09383296776042016
2019-04-17 09:21:00,-0.06704820594512739
2019-04-17 09:24:00,-0.017887822636964756
2019-04-17 09:27:00,-0.06550497101329711
2019-04-17 09:30:00,-0.03853536247225975
2019-04-17 09:33:00,-0.13354761137640025
2019-04-17 09:36:00,-0.0297246618052327
2019-04-17 09:39:00,-0.10998901465791278
2019-04-17 09:42:00,-0.02150801158916238
2019-04-17 09:45:00,-0.1442308544555999
2019-04-17 09:48:00,-0.0746955740469275
2019-04-17 09:51:00,-0.08187174532343988
2019-04-17 09:54:00,-0.11950386384580725
2019-04-17 09:57:00,-0.07767259596147369
2019-04-17 10:00:00,-0.10575046858087944
2019-04-17 10:03:00,-0.022745132973170712
2019-04-17 10:06:00,-0.050421448841461824
2019-04-17 10:09:00,-0.09681519763978486
2019-04-17 10:12:00,-0.11441721777407565
2019-04-17 10:15:00,-0.12639417494051486
2019-04-17 10:18:00,-0.20826122417253146
2019-04-17 10:21:00,-0.06234045305842528
2019-04-17 10:24:00,-0.07870418697416426
2019-04-17 10:27:00,-0.21635907468476034
2019-04-17 10:30:00,0.04643007907139918
2019-04-17 10:33:00,-0.13072000025118768
2019-04-17 10:36:00,-0.029960876167876904
2019-04-17 10:39:00,-0.06766815400038695
2019-04-17 10:42:00,-0.1314252676767751
2019-04-17 10:45:00,-0.13988305552936708
2019-04-17 10:48:00,-0.11632422033954981
2019-04-17 10:51:00,-0.12836430709927527
2019-04-17 10:54:00,-0.24371985416996722
2019-04-17 10:57:00,-0.1951127070807388
2019-04-17 11:00:00,-0.20251984676559687
2019-04-17 11:03:00,-0.2452529314443268
2019-04-17 11:06:00,-0.30100577687881014
2019-04-17 11:09:00,-0.3552849328027605
2019-04-17 11:12:00,-0.2139553917056105
2019-04-17 11:15:00,-0.24757488195825772
2019-04-17 11:18:00,-0.2975466222317209
2019-04-17 11:21:00,-0.25875410632329476
2019-04-17 11:24:00,-0.23378031278156186
2019-04-17 11:27:00,-0.32922754496161133
2019-04-17 11:30:00,-0.3960824230442199
2019-04-17 11:33:00,-0.2824892384809914
2019-04-17 11:36:00,-0.29363888781307423
2019-04-17 11:39:00,-0.25922108516323306
2019-04-17 11:42:00,-0.27080170426091854
2019-04-17 11:45:00,-0.30550311331751345
2019-04-17 11:48:00,-0.16466795694168468
2019-04-17 11:51:00,-0.3254932330294764
2019-04-17 11:54:00,-0.26976717286328267
2019-04-17 11:57:00,-0.29567790586435194
2019-04-17 12:00:00,-0.1821595143072159
2019-04-17 12:03:00,-0.1958161125938318
2019-04-17 12:06:00,0.03601400689262846
2019-04-17 12:09:00,0.01563856850287948
2019-04-17 12:12:00,-0.12138893523035676
2019-04-17 12:15:00,-0.17815473630361112
2019-04-17 12:18:00,-0.11653329581542948
2019-04-17 12:21:00,-0.13937145913700988
2019-04-17 12:24:00,-0.11917093596576933
2019-04-17 12:27:00,-0.15969604931950698
2019-04-17 12:30:00,-0.06506839781445706
2019-04-17 12:33:00,-0.1943326444786635
2019-04-17 12:36:00,-0.09072333230074037
2019-04-17 12:39:00,-0.21029597355857277
2019-04-17 12:42:00,-0.06274293799918951
2019-04-17 12:45:00,0.03661311678496304
2019-04-17 12:48:00,0.19395031612987168
2019-04-17 12:51:00,0.22677598457431714
2019-04-17 12:54:00,0.3144503337680362
2019-04-17 12:57:00,0.341413938109838
2019-04-17 13:00:00,0.18398986748854895
2019-04-17 13:03:00,0.277908580547944
2019-04-17 13:06:00,0.37857824143037533
2019-04-17 13:09:00,0.4475799219662804
2019-04-17 13:12:00,0.1927664015875621
2019-04-17 13:15:00,0.37494640876229823
2019-04-17 13:18:00,0.5372124871956316
2019-04-17 13:21:00,0.6238422440241607
2019-04-17 13:24:00,0.5492357324378077
2019-04-17 13:27:00,0.4538056365921648
2019-04-17 13:30:00,0.45137252892175184
2019-04-17 13:33:00,0.4150810479661118
2019-04-17 13:36:00,0.3679175402037913
2019-04-17 13:39:00,0.42115831513706325
2019-04-17 13:42:00,0.38510780311293047
2019-04-17 13:45:00,0.33570510449328594
2019-04-17 13:48:00,0.23682392233655492
2019-04-17 13:51:00,0.27656222104963035
2019-04-17 13:54:00,0.342750739234873
2019-04-17 13:57:00,0.2619372461803664
2019-04-17 14:00:00,0.26134401828960563
2019-04-17 14:03:00,0.16916162872416862
2019-04-17 14:06:00,0.21482310496332957
2019-04-17 14:09:00,0.21856141448819244
2019-04-17 14:12:00,0.22383794957664804
2019-04-17 14:15:00,0.19101760590626782
2019-04-17 14:18:00,0.09221247786342701
2019-04-17 14:21:00,0.23845102204631985
2019-04-17 14:24:00,0.10261436437809834
2019-04-17 14:27:00,0.3072814650694795
2019-04-17 14:30:00,0.2573758056727229
2019-04-17 14:33:00,0.24728694886471203
2019-04-17 14:36:00,0.2360985818820609
2019-04-17 14:39:00,0.2821259278013031
2019-04-17 14:42:00,0.22699965210904338
2019-04-17 14:45:00,0.2309042418129934
2019-04-17 14:48:00,0.3431168884624185
2019-04-17 14:51:00,0.2507490255158018
2019-04-17 14:54:00,0.18821713411580276
2019-04-17 14:57:00,0.1850962389448796
2019-04-17 15:00:00,0.2535057828196159
2019-04-17 15:03:00,0.23211743978032473
2019-04-17 15:06:00,0.21725116886267415
2019-04-17 15:09:00,0.13028165191252583
2019-04-17 15:12:00,0.18466808375160326
2019-04-17 15:15:00,0.23491046153600337
2019-04-17 15:18:00,0.1457398163266248
2019-04-17 15:21:00,0.20571051585471878
2019-04-17 15:24:00,0.23586279143233924
2019-04-17 15:27:00,0.2912619895982971
2019-04-17 15:30:00,0.2761167351064273
2019-04-17 15:33:00,0.1957172019503446
2019-04-17 15:36:00,0.22780772840872032
2019-04-17 15:39:00,0.09718399883820439
2019-04-17 15:42:00,0.16190575038905308
2019-04-17 15:45:00,0.2458010994334927
2019-04-17 15:48:00,0.1960903137095329
2019-04-17 15:51:00,0.14090118190085832
2019-04-17 15:54:00,0.14159006954673714
2019-04-17 15:57:00,0.10397363966575313
2019-04-17 16:00:00,0.12998403646298584
2019-04-17 16:03:00,0.17372267312953227
2019-04-17 16:06:00,0.10735771169623831
2019-04-17 16:09:00,0.13786901273192598
2019-04-17 16:12:00,0.09155775673224298
2019-04-17 16:15:00,0.12747637094480524
2019-04-17 16:18:00,0.08523484076209797
2019-04-17 16:21:00,0.14909544080882142
2019-04-17 16:24:00,0.029459293235788664
2019-04-17 16:27:00,0.1308361663600408
2019-04-17 16:30:00,0.15000207858150816
2019-04-17 16:33:00,0.11968963176963143
2019-04-17 16:36:00,0.029131240330514174
2019-04-17 16:39:00,0.07323375672706334
2019-04-17 16:42:00,0.1510270257184061
2019-04-17 16:45:00,0.16824325422447828
2019-04-17 16:48:00,0.16365575174955893
2019-04-17 16:51:00,0.03868146813772455
2019-04-17 16:54:00,0.12953378156566941
2019-04-17 16:57:00,0.09625281459864254
2019-04-17 17:00:00,0.08677543173320146
2019-04-17 17:03:00,-0.0419788835710051
2019-04-17 17:06:00,0.11649491651758126
2019-04-17 17:09:00,0.03490003124807117
2019-04-17 17:12:00,0.08174147655478237
2019-04-17 17:15:00,0.09130252985431753
2019-04-17 17:18:00,0.09152186772558935
2019-04-17 17:21:00,0.023049641942350263
2019-04-17 17:24:00,0.03461748247804053
2019-04-17 17:27:00,0.043969509465000556
2019-04-17 17:30:00,0.10898092708100648
2019-04-17 17:33:00,-0.04917875155661022
2019-04-17 17:36:00,-0.008261585427533191
2019-04-17 17:39:00,0.03735700960584154
2019-04-17 17:42:00,-0.036384110098993006
2019-04-17 17:45:00,0.004531906742556657
2019-04-17 17:48:00,0.040735799353228686
2019-04-17 17:51:00,-0.019801014437803133
2019-04-17 17:54:00,-0.08181488271276294
2019-04-17 17:57:00,0.013549411405620049
2019-04-17 18:00:00,-0.030492752117027067
2019-04-17 18:03:00,0.020396359100004702
2019-04-17 18:06:00,0.00780083943311638
2019-04-17 18:09:00,0.11743849917343141
2019-04-17 18:12:00,0.12251966712938156
2019-04-17 18:15:00,-0.031791901022245384
2019-04-17 18:18:00,0.09282044710602122
2019-04-17 18:21:00,0.0754028648166809
2019-04-17 18:24:00,0.05760135081123963
2019-04-17 18:27:00,0.051525687363039196
2019-04-17 18:30:00,0.05597500950563017
2019-04-17 18:33:00,-0.004919638174499141
2019-04-17 18:36:00,0.09303731011146965
2019-04-17 18:39:00,0.061188055306331535
2019-04-17 18:42:00,0.060842811277382225
2019-04-17 18:45:00,0.12419299096865188
2019-04-17 18:48:00,0.04981943417982393
2019-04-17 18:51:00,0.09934870456231693
2019-04-17 18:54:00,
2019-04-17 18:57:00,
2019-04-17 19:00:00,
2019-04-17 19:03:00,0.036732779274416316
2019-04-17 19:06:00,0.02514721236667583
2019-04-17 19:09:00,-0.004762609594195055
2019-04-17 19:12:00,0.0002160337685381819
2019-04-17 19:15:00,0.11165290970376418
2019-04-17 19:18:00,0.03852788836042009
2019-04-17 19:21:00,0.06963153264194943
2019-04-17 19:24:00,0.1305460491345798
2019-04-17 19:27:00,0.0515731291998236
2019-04-17 19:30:00,0.11952269617012234
2019-04-17 19:33:00,0.07159618118453182
2019-04-17 19:36:00,0.024470457652739697
2019-04-17 19:39:00,-0.04140085175521335
2019-04-17 19:42:00,0.04669666575676956
2019-04-17 19:45:00,0.01627825968034813
2019-04-17 19:48:00,0.06865595341935204
2019-04-17 19:51:00,0.0433291551446473
2019-04-17 19:54:00,0.18750709847671487
2019-04-17 19:57:00,0.06338507928415993
2019-04-17 20:00:00,0.07563527491174682
2019-04-17 20:03:00,0.031299556275996565
2019-04-17 20:06:00,0.11768604165763463
2019-04-17 20:09:00,0.13097901404671575
2019-04-17 20:12:00,0.06309946122189558
2019-04-17 20:15:00,0.057749364566632266
2019-04-17 20:18:00,0.07266190663898442
2019-04-17 20:21:00,0.16655150409928865
2019-04-17 20:24:00,0.1740371139538297
2019-04-17 20:27:00,0.07932921654742131
2019-04-17 20:30:00,0.09521769301767335
2019-04-17 20:33:00,0.12146436982175146
2019-04-17 20:36:00,0.10425334055616986
2019-04-17 20:39:00,0.14462903559598317
2019-04-17 20:42:00,0.12908826062158596
2019-04-17 20:45:00,0.06304579336602956
2019-04-17 20:48:00,0.14284161358796155
2019-04-17 20:51:00,0.09683663473254
2019-04-17 20:54:00,0.13261831624214437
2019-04-17 20:57:00,0.1469101727194584
2019-04-17 21:00:00,0.0930555183779802
2019-04-17 21:03:00,0.05390399792401013
2019-04-17 21:06:00,0.07227162896538175
2019-04-17 21:09:00,0.14465014829471556
2019-04-17 21:12:00,0.06929362961136576
2019-04-17 21:15:00,0.10631017121784225
2019-04-17 21:18:00,0.021398812475069917
2019-04-17 21:21:00,0.08530170814157145
2019-04-17 21:24:00,0.22096159707518837
2019-04-17 21:27:00,0.11778269069316138
2019-04-17 21:30:00,0.12121994562096461
2019-04-17 21:33:00,0.08164712793791296
2019-04-17 21:36:00,0.0456732693713775
2019-04-17 21:39:00,0.12975465119365026
2019-04-17 21:42:00,0.24425590330395153
2019-04-17 21:45:00,0.19902583587634126
2019-04-17 21:48:00,0.11092378239055734
2019-04-17 21:51:00,0.10127113447862257
2019-04-17 21:54:00,0.15932236017653167
2019-04-17 21:57:00,0.1379906025326818
2019-04-17 22:00:00,0.21835671291938752
2019-04-17 22:03:00,0.3646398967891855
2019-04-17 22:06:00,0.40204897809633167
2019-04-17 22:09:00,0.44343835494083805
2019-04-17 22:12:00,0.35176982838891035
2019-04-17 22:15:00,0.21353743729514463
2019-04-17 22:18:00,0.22873492639524784
2019-04-17 22:21:00,0.108061017061857
2019-04-17 22:24:00,0.12867154226961475
2019-04-17 22:27:00,0.17898371841636163
2019-04-17 22:30:00,0.031868199866039504
2019-04-17 22:33:00,0.06541008870499354
2019-04-17 22:36:00,0.08128082771486334
2019-04-17 22:39:00,0.23011830772611575
2019-04-17 22:42:00,0.22387683799973956
2019-04-17 22:45:00,0.25117839274287235
2019-04-17 22:48:00,0.3867452086899448
2019-04-17 22:51:00,0.3739561423756754
2019-04-17 22:54:00,0.4236764311066281
2019-04-17 22:57:00,0.4561861747814646
2019-04-17 23:00:00,0.46783292071273763
2019-04-17 23:03:00,0.3302297805307717
2019-04-17 23:06:00,0.3372998722090301
2019-04-17 23:09:00,0.4557469009972124
2019-04-17 23:12:00,0.399982317396848
2019-04-17 23:15:00,0.40448519133570926
2019-04-17 23:18:00,0.46765337782386496
2019-04-17 23:21:00,0.5015517331818273
2019-04-17 23:24:00,0.39990322580570137
2019-04-17 23:27:00,0.43419190448281597
2019-04-17 23:30:00,0.4526651462832092
2019-04-17 23:33:00,0.47712966571964444
2019-04-17 23:36:00,0.4008577740206647
2019-04-17 23:39:00,0.34097135143616697
2019-04-17 23:42:00,0.36654917785233465
2019-04-17 23:45:00,0.3974542484634753
2019-04-17 23:48:00,0.4002990626163978
2019-04-17 23:51:00,0.3114427240548139
2019-04-17 23:54:00,0.34206492912073827
2019-04-17 23:57:00,0.30398115842797324
2019-04-18 00:00:00,0.21304538616573154
2019-04-18 00:03:00,0.26850392481151175
2019-04-18 00:06:00,0.3072753849307901
2019-04-18 00:09:00,0.23567388734954875
2019-04-18 00:12:00,0.22592902962975359
2019-04-18 00:15:00,0.3177985550622111
2019-04-18 00:18:00,0.28875826607048793
2019-04-18 00:21:00,0.234010249200594
2019-04-18 00:24:00,0.3381252229812617
2019-04-18 00:27:00,0.39598229133400764
2019-04-18 00:30:00,0.3662181100870612
2019-04-18 00:33:00,0.3316393903455719
2019-04-18 00:36:00,0.3197571385640572
2019-04-18 00:39:00,0.28524883827486747
2019-04-18 00:42:00,0.32953659566823035
2019-04-18 00:45:00,0.38338693309572136
2019-04-18 00:48:00,0.32278010992149575
2019-04-18 00:51:00,0.413263279588989
2019-04-18 00:54:00,0.3969992872728767
2019-04-18 00:57:00,0.48270254598639895
2019-04-18 01:00:00,0.4777122360392809
2019-04-18 01:03:00,0.48732293125999604
2019-04-18 01:06:00,0.5447939518311955
2019-04-18 01:09:00,0.47145552744979113
2019-04-18 01:12:00,0.5969218122816073
2019-04-18 01:15:00,0.5383732403116142
2019-04-18 01:18:00,0.5696039294949173
2019-04-18 01:21:00,0.5485325071482521
2019-04-18 01:24:00,0.40479325547022427
2019-04-18 01:27:00,0.5495231457128398
2019-04-18 01:30:00,0.4873907005254523
2019-04-18 01:33:00,0.38857651201652743
2019-04-18 01:36:00,0.5033492714493946
2019-04-18 01:39:00,0.498809468541765
2019-04-18 01:42:00,0.500416334814588
2019-04-18 01:45:00,0.588752063785023
2019-04-18 01:48:00,0.594254878303957
2019-04-18 01:51:00,0.5054246780837843
2019-04-18 01:54:00,0.47709965836202173
2019-04-18 01:57:00,0.5096770427230126
2019-04-18 02:00:00,0.4519872102816862
2019-04-18 02:03:00,0.46299790906442695
2019-04-18 02:06:00,0.41128008240832514
2019-04-18 02:09:00,0.3827129687417141
2019-04-18 02:12:00,0.35066008268682936
2019-04-18 02:15:00,0.43702517049638345
2019-04-18 02:18:00,0.47768112321574563
2019-04-18 02:21:00,0.562366109320692
2019-04-18 02:24:00,0.49779088411406747
2019-04-18 02:27:00,0.5074465420677257
2019-04-18 02:30:00,0.5280931850761021
2019-04-18 02:33:00,0.5222148279284511
2019-04-18 02:36:00,0.43140534353256044
2019-04-18 02:39:00,0.5157517905443001
2019-04-18 02:42:00,0.4935674899629703
2019-04-18 02:45:00,0.49531818573450437
2019-04-18 02:48:00,0.536910514263127
2019-04-18 02:51:00,0.4844158274538586
2019-04-18 02:54:00,0.5006763331271031
2019-04-18 02:57:00,0.5568540169011271
2019-04-18 03:00:00,0.46933925635886453
2019-04-18 03:03:00,0.5602374309341371
2019-04-18 03:06:00,0.5229235514649986
2019-04-18 03:09:00,0.5729064812633737
2019-04-18 03:12:00,0.4574579777417398
2019-04-18 03:15:00,0.4694936190451813
2019-04-18 03:18:00,0.4841625718372029
2019-04-18 03:21:00,0.6460205011636049
2019-04-18 03:24:00,0.5101394715077845
2019-04-18 03:27:00,0.48584261711073395
2019-04-18 03:30:00,0.5044629548314674
2019-04-18 03:33:00,0.5880720439568563
2019-04-18 03:36:00,0.555502079051621
2019-04-18 03:39:00,0.578177764269924
2019-04-18 03:42:00,0.5887239273725413
2019-04-18 03:45:00,0.5133435003996283
2019-04-18 03:48:00,0.5402005315413021
2019-04-18 03:51:00,0.5202698042723455
2019-04-18 03:54:00,0.4460424223956352
2019-04-18 03:57:00,0.5102085469420103
2019-04-18 04:00:00,0.5264492094363504
2019-04-18 04:03:00,0.5867057001029252
2019-04-18 04:06:00,0.5640395287667275
2019-04-18 04:09:00,0.4756342174368342
2019-04-18 04:12:00,0.5594830530803279
2019-04-18 04:15:00,0.4955386609373136
2019-04-18 04:18:00,0.4488499062013602
2019-04-18 04:21:00,0.5408438494407619
2019-04-18 04:24:00,0.5018692311513746
2019-04-18 04:27:00,0.5554748503831775
2019-04-18 04:30:00,0.46827224732174955
2019-04-18 04:33:00,0.5850114302691622
2019-04-18 04:36:00,0.39504907156231184
2019-04-18 04:39:00,0.4697361888295859
2019-04-18 04:42:00,0.48796893219952153
2019-04-18 04:45:00,0.5692841349043647
2019-04-18 04:48:00,0.5719250016259707
2019-04-18 04:51:00,0.5117519990884603
2019-04-18 04:54:00,0.4856662849293798
2019-04-18 04:57:00,0.5559001932668366
2019-04-18 05:00:00,0.5072560893692639
2019-04-18 05:03:00,0.5704707150114245
2019-04-18 05:06:00,0.49315786844169907
2019-04-18 05:09:00,0.5113224517910453
2019-04-18 05:12:00,0.44249697179333225
2019-04-18 05:15:00,0.5416271137771673
2019-04-18 05:18:00,0.527573523519095
2019-04-18 05:21:00,0.47078415322818046
2019-04-18 05:24:00,0.4841972595219204
2019-04-18 05:27:00,0.45239172586246923
2019-04-18 05:30:00,0.6249362565826004
2019-04-18 05:33:00,0.41960348212143117
2019-04-18 05:36:00,0.5527800671388832
2019-04-18 05:39:00,0.49652381492109043
2019-04-18 05:42:00,0.45233175285090965
2019-04-18 05:45:00,0.4964969239149468
2019-04-18 05:48:00,0.4622036472063087
2019-04-18 05:51:00,0.4574503509851411
2019-04-18 05:54:00,0.37846455448323013
2019-04-18 05:57:00,0.41078631772126073
2019-04-18 06:00:00,0.37679106151222186
2019-04-18 06:03:00,0.3607869267378305
2019-04-18 06:06:00,0.4455429181966224
2019-04-18 06:09:00,0.447320210706323
2019-04-18 06:12:00,0.6009320190597123
2019-04-18 06:15:00,0.4034016942001699
2019-04-18 06:18:00,0.48223090167334703
2019-04-18 06:21:00,0.35690525074096513
2019-04-18 06:24:00,0.4636072857995259
2019-04-18 06:27:00,0.3543566784600216
2019-04-18 06:30:00,0.4797595354602322
2019-04-18 06:33:00,0.36700321341555764
2019-04-18 06:36:00,0.4067342521751698
2019-04-18 06:39:00,0.3870219448288026
2019-04-18 06:42:00,0.40570452601537
2019-04-18 06:45:00,0.42437281122187187
2019-04-18 06:48:00,0.46094190001986135
2019-04-18 06:51:00,0.36424687350330487
2019-04-18 06:54:00,0.4904044984568259
2019-04-18 06:57:00,0.45272645451768767
2019-04-18 07:00:00,0.44069649180892156
2019-04-18 07:03:00,0.3845778555379411
2019-04-18 07:06:00,0.4539448004002793
2019-04-18 07:09:00,0.397775382926568
2019-04-18 07:12:00,0.3907382586161816
2019-04-18 07:15:00,0.3419815184989261
2019-04-18 07:18:00,0.44910541204137644
2019-04-18 07:21:00,0.44871811802931916
2019-04-18 07:24:00,0.5154915214769744
2019-04-18 07:27:00,0.41811762040725853
2019-04-18 07:30:00,0.5515647009274858
2019-04-18 07:33:00,0.5001435388650748
2019-04-18 07:36:00,0.524681600455267
2019-04-18 07:39:00,0.5183668430628927
2019-04-18 07:42:00,0.5119839719671972
2019-04-18 07:45:00,0.46854023697721914
2019-04-18 07:48:00,0.37960783226452577
2019-04-18 07:51:00,0.4632825064467738
2019-04-18 07:54:00,0.3354105085309129
2019-04-18 07:57:00,0.45714046628603455
2019-04-18 08:00:00,0.3224584938037651
2019-04-18 08:03:00,0.4563263513609854
2019-04-18 08:06:00,0.34342120620948435
2019-04-18 08:09:00,0.29972937192610516
2019-04-18 08:12:00,0.40521724048522856
2019-04-18 08:15:00,0.29780365733341796
2019-04-18 08:18:00,0.31137029132827365
2019-04-18 08:21:00,0.3663467098445494
2019-04-18 08:24:00,0.31357118081723456
2019-04-18 08:27:00,0.3135312951692413
2019-04-18 08:30:00,0.2980588859982163
2019-04-18 08:33:00,0.23425265462782363
2019-04-18 08:36:00,0.22807546477736196
2019-04-18 08:39:00,0.2854585053328833
2019-04-18 08:42:00,0.21226943818544441
2019-04-18 08:45:00,0.2507141256126033
2019-04-18 08:48:00,0.20507451009723354
2019-04-18 08:51:00,0.20329638803258376
2019-04-18 08:54:00,0.22405008964119588
2019-04-18 08:57:00,0.22150971008687748
2019-04-18 09:00:00,0.12732813936571574
2019-04-18 09:03:00,0.30383799299153225
2019-04-18 09:06:00,0.08669838804689789
2019-04-18 09:09:00,0.07328191767447834
2019-04-18 09:12:00,0.11809991011068632
2019-04-18 09:15:00,0.16658805055214998
2019-04-18 09:18:00,0.1871203217128823
2019-04-18 09:21:00,0.1581569865265351
2019-04-18 09:24:00,0.16904273908085088
2019-04-18 09:27:00,-0.04059015721009018
2019-04-18 09:30:00,-0.02343289368235446
2019-04-18 09:33:00,0.16137505801930274
2019-04-18 09:36:00,0.05295333952216197
2019-04-18 09:39:00,0.11200389001334088
2019-04-18 09:42:00,0.0893473958268487
2019-04-18 09:45:00,0.1257066581360391
2019-04-18 09:48:00,0.12207815457855986
2019-04-18 09:51:00,0.005526395690537811
2019-04-18 09:54:00,0.06017943690579841
2019-04-18 09:57:00,-0.022883352169685622
2019-04-18 10:00:00,0.07234002272508633
2019-04-18 10:03:00,0.04924752490614992
2019-04-18 10:06:00,0.016235317910400227
2019-04-18 10:09:00,0.08005719950097046
2019-04-18 10:12:00,0.006900179258934713
2019-04-18 10:15:00,-0.01788966498793343
2019-04-18 10:18:00,-0.1029477153094831
2019-04-18 10:21:00,-0.041164749851986926
2019-04-18 10:24:00,-0.037415800517578646
2019-04-18 10:27:00,-0.03781118673464334
2019-04-18 10:30:00,-0.09309898196283939
2019-04-18 10:33:00,-0.08273268762297903
2019-04-18 10:36:00,0.06610302883967734
2019-04-18 10:39:00,-0.12455394425410304
2019-04-18 10:42:00,0.04173825894304173
2019-04-18 10:45:00,-0.04899997915543963
2019-04-18 10:48:00,0.04422542971394705
2019-04-18 10:51:00,0.018623576353888893
2019-04-18 10:54:00,-0.004766484879269228
2019-04-18 10:57:00,0.04972536079196743
2019-04-18 11:00:00,-0.020997873336398243
2019-04-18 11:03:00,0.06914225235095728
2019-04-18 11:06:00,0.07193638189102103
2019-04-18 11:09:00,0.06765589440186659
2019-04-18 11:12:00,0.014584885976546502
2019-04-18 11:15:00,-0.006799061399760831
2019-04-18 11:18:00,-0.025944292127519475
2019-04-18 11:21:00,-0.12537062969761337
2019-04-18 11:24:00,-0.05378160569375723
2019-04-18 11:27:00,-0.05810756937012229
2019-04-18 11:30:00,-0.10180031455467997
2019-04-18 11:33:00,-0.16352988138197588
2019-04-18 11:36:00,-0.14127120265959547
2019-04-18 11:39:00,-0.15718694315319226
2019-04-18 11:42:00,-0.13376852269095707
2019-04-18 11:45:00,-0.0849930968015542
2019-04-18 11:48:00,-0.10473463023288332
2019-04-18 11:51:00,-0.20314766624790082
2019-04-18 11:54:00,-0.20527833055768951
2019-04-18 11:57:00,-0.261016760224436
2019-04-18 12:00:00,-0.294655487522391
2019-04-18 12:03:00,-0.36552825448728754
2019-04-18 12:06:00,-0.13930080883784512
2019-04-18 12:09:00,-0.3629574476445896
2019-04-18 12:12:00,-0.26357216698630737
2019-04-18 12:15:00,-0.2830540741803702
2019-04-18 12:18:00,-0.1701110155372021
2019-04-18 12:21:00,-0.18548868730385948
2019-04-18 12:24:00,-0.19604084222174833
2019-04-18 12:27:00,-0.18377750665280246
2019-04-18 12:30:00,-0.12020670922959198
2019-04-18 12:33:00,-0.09946719957753203
2019-04-18 12:36:00,-0.023396128672914074
2019-04-18 12:39:00,-0.07058331843444421
2019-04-18 12:42:00,-0.09234669254431083
2019-04-18 12:45:00,-0.0640052000429705
2019-04-18 12:48:00,-0.0242817558734032
2019-04-18 12:51:00,-0.005980091315052505
2019-04-18 12:54:00,-0.030237139088285403
2019-04-18 12:57:00,-0.15148963922166558
2019-04-18 13:00:00,-0.08400017878193466
2019-04-18 13:03:00,-0.08826143544553133
2019-04-18 13:06:00,-0.004172181025182908
2019-04-18 13:09:00,0.0550585669816428
2019-04-18 13:12:00,0.04563730876640193
2019-04-18 13:15:00,0.13343872339009977
2019-04-18 13:18:00,0.05005037931209699
2019-04-18 13:21:00,-0.0852639057501392
2019-04-18 13:24:00,-0.08653341160595573
2019-04-18 13:27:00,-0.07966498770815633
2019-04-18 13:30:00,-0.13269620905515467
2019-04-18 13:33:00,-0.20634922761428243
2019-04-18 13:36:00,-0.30404882274876854
2019-04-18 13:39:00,-0.24537299040207472
2019-04-18 13:42:00,-0.19012977794812969
2019-04-18 13:45:00,-0.2597951105772722
2019-04-18 13:48:00,-0.16870805806422595
2019-04-18 13:51:00,-0.1524676744954263
2019-04-18 13:54:00,-0.2329953066176813
2019-04-18 13:57:00,-0.24606126124376715
2019-04-18 14:00:00,-0.20576450795198298
2019-04-18 14:03:00,-0.15376604040972097
2019-04-18 14:06:00,-0.03971542203862555
2019-04-18 14:09:00,-0.10891524479097825
2019-04-18 14:12:00,-0.13010674419535917
2019-04-18 14:15:00,-0.18665050912545667
2019-04-18 14:18:00,-0.1935363282696585
2019-04-18 14:21:00,-0.1358549573695882
2019-04-18 14:24:00,-0.12652859245594072
2019-04-18 14:27:00,-0.12535658583686882
2019-04-18 14:30:00,-0.15212354667653472
2019-04-18 14:33:00,-0.2678235346673432
2019-04-18 14:36:00,-0.2726684709960523
2019-04-18 14:39:00,-0.25419785954397867
2019-04-18 14:42:00,-0.2540095387315091
2019-04-18 14:45:00,-0.3522386475426629
2019-04-18 14:48:00,-0.41302968298322185
2019-04-18 14:51:00,-0.3047198428611182
2019-04-18 14:54:00,-0.3594246658682323
2019-04-18 14:57:00,-0.3243258235122539
2019-04-18 15:00:00,-0.2476220978870174
2019-04-18 15:03:00,-0.2972930483323353
2019-04-18 15:06:00,-0.3372169036480841
2019-04-18 15:09:00,-0.39068724983360426
2019-04-18 15:12:00,-0.3169583885555767
2019-04-18 15:15:00,-0.41134368558863343
2019-04-18 15:18:00,-0.43852267716545157
2019-04-18 15:21:00,-0.26433859452743036
2019-04-18 15:24:00,-0.4011976153219621
2019-04-18 15:27:00,-0.335216384602802
2019-04-18 15:30:00,-0.43266364916615885
2019-04-18 15:33:00,-0.46622712785057274
2019-04-18 15:36:00,-0.38863163124676703
2019-04-18 15:39:00,-0.37934240464227287
2019-04-18 15:42:00,-0.26883653827974285
2019-04-18 15:45:00,-0.30685991637238885
2019-04-18 15:48:00,-0.37426906550814465
2019-04-18 15:51:00,-0.1783370505843891
2019-04-18 15:54:00,-0.3478805924692665
2019-04-18 15:57:00,-0.33967531101683335
2019-04-18 16:00:00,-0.34716718945179537
2019-04-18 16:03:00,-0.3255313662351682
2019-04-18 16:06:00,-0.18386404159701897
2019-04-18 16:09:00,-0.2573197142459662
2019-04-18 16:12:00,-0.23067325300269204
2019-04-18 16:15:00,-0.24035069921808372
2019-04-18 16:18:00,-0.2347125682787805
2019-04-18 16:21:00,-0.21494803635880544
2019-04-18 16:24:00,-0.11260078216434977
2019-04-18 16:27:00,-0.16128755703169873
2019-04-18 16:30:00,-0.08734091140229339
2019-04-18 16:33:00,-0.17331978241588786
2019-04-18 16:36:00,-0.09697542122046343
2019-04-18 16:39:00,-0.17291879576850988
2019-04-18 16:42:00,-0.03366470801154264
2019-04-18 16:45:00,0.02377827657585385
2019-04-18 16:48:00,-0.010401353350005138
2019-04-18 16:51:00,0.0013009352751964798
2019-04-18 16:54:00,0.036365569194060754
2019-04-18 16:57:00,0.007005969002022994
2019-04-18 17:00:00,-0.10174062739514511
2019-04-18 17:03:00,-0.03998731573790337
2019-04-18 17:06:00,0.0248283925478745
2019-04-18 17:09:00,0.014808623396618259
2019-04-18 17:12:00,0.031573139761746916
2019-04-18 17:15:00,0.07425063134314769
2019-04-18 17:18:00,0.020979981575180773
2019-04-18 17:21:00,0.15835173665419688
2019-04-18 17:24:00,0.1983308176845071
2019-04-18 17:27:00,0.2606649430149446
2019-04-18 17:30:00,0.3366177320855286
2019-04-18 17:33:00,0.2738235918760097
2019-04-18 17:36:00,0.1857464343207198
2019-04-18 17:39:00,0.1559488220206049
2019-04-18 17:42:00,0.12287243518750302
2019-04-18 17:45:00,0.04939292822632524
2019-04-18 17:48:00,0.10000990144038724
2019-04-18 17:51:00,0.15495602181960066
2019-04-18 17:54:00,0.2789950827458938
2019-04-18 17:57:00,0.24538262220710294
2019-04-18 18:00:00,0.1839933319231477
2019-04-18 18:03:00,0.32539527604279783
2019-04-18 18:06:00,0.3370489233958551
2019-04-18 18:09:00,0.3346340893890556
2019-04-18 18:12:00,0.38090895548020853
2019-04-18 18:15:00,0.4065146955385899
2019-04-18 18:18:00,0.46405649141649974
2019-04-18 18:21:00,0.5085301444082688
2019-04-18 18:24:00,0.4977164290093583
2019-04-18 18:27:00,0.5242534368095448
2019-04-18 18:30:00,0.47046691786346173
2019-04-18 18:33:00,0.46794596789948173
2019-04-18 18:36:00,0.5376189714309021
2019-04-18 18:39:00,0.5761491206746427
2019-04-18 18:42:00,0.5962655961129713
2019-04-18 18:45:00,0.4657248396903242
2019-04-18 18:48:00,0.4584081390611914
2019-04-18 18:51:00,0.4370409129109021
2019-04-18 18:54:00,
2019-04-18 18:57:00,
2019-04-18 19:00:00,
2019-04-18 19:03:00,0.19745590532420465
2019-04-18 19:06:00,0.1597852016882939
2019-04-18 19:09:00,0.2017506914806404
2019-04-18 19:12:00,0.16569951443671016
2019-04-18 19:15:00,0.25412503509761564
2019-04-18 19:18:00,0.24635702236020052
2019-04-18 19:21:00,0.23480613440813158
2019-04-18 19:24:00,0.27700256221982045
2019-04-18 19:27:00,0.26041290392117844
2019-04-18 19:30:00,0.2979580438217795
2019-04-18 19:33:00,0.4401831176441533
2019-04-18 19:36:00,0.44276507286838296
2019-04-18 19:39:00,0.4045431350835429
2019-04-18 19:42:00,0.3069569678756352
2019-04-18 19:45:00,0.36685106727952643
2019-04-18 19:48:00,0.3777131339186326
2019-04-18 19:51:00,0.3856197492474962
2019-04-18 19:54:00,0.4274396570743306
2019-04-18 19:57:00,0.41028206291832703
2019-04-18 20:00:00,0.4508532226681723
2019-04-18 20:03:00,0.5199222093344815
2019-04-18 20:06:00,0.5742514281177478
2019-04-18 20:09:00,0.5596087257332556
2019-04-18 20:12:00,0.5504126517279815
2019-04-18 20:15:00,0.5515547042378444
2019-04-18 20:18:00,0.4496057374124689
2019-04-18 20:21:00,0.4187311745903912
2019-04-18 20:24:00,0.3898999821405482
2019-04-18 20:27:00,0.37012636967585877
2019-04-18 20:30:00,0.34488779394706626
2019-04-18 20:33:00,0.3044494027178075
2019-04-18 20:36:00,0.3362628645477912
2019-04-18 20:39:00,0.3075859537823362
2019-04-18 20:42:00,0.24962440535654196
2019-04-18 20:45:00,0.4030701694546792
2019-04-18 20:48:00,0.32682388497408965
2019-04-18 20:51:00,0.25769476784029166
2019-04-18 20:54:00,0.23224265382202702
2019-04-18 20:57:00,0.26540125243519697
2019-04-18 21:00:00,0.29411401298807505
2019-04-18 21:03:00,0.2683143500470919
2019-04-18 21:06:00,0.13473953260722737
2019-04-18 21:09:00,0.27023078555578195
2019-04-18 21:12:00,0.3041209631182369
2019-04-18 21:15:00,0.3566108419244074
2019-04-18 21:18:00,0.25770665990705766
2019-04-18 21:21:00,0.3603654397801961
2019-04-18 21:24:00,0.311422384152479
2019-04-18 21:27:00,0.34450802087076227
2019-04-18 21:30:00,0.17769112571187407
2019-04-18 21:33:00,0.3282266660211235
2019-04-18 21:36:00,0.2820435883982668
2019-04-18 21:39:00,0.37706065190110394
2019-04-18 21:42:00,0.27154701175720675
2019-04-18 21:45:00,0.3345712959588809
2019-04-18 21:48:00,0.28692101409654924
2019-04-18 21:51:00,0.2656755490202727
2019-04-18 21:54:00,0.25551822699753757
2019-04-18 21:57:00,0.1845195446559842
2019-04-18 22:00:00,0.2280924344123605
2019-04-18 22:03:00,0.27536892887764
2019-04-18 22:06:00,0.23383700566063226
2019-04-18 22:09:00,0.1704935309726352
2019-04-18 22:12:00,0.27487657362792106
2019-04-18 22:15:00,0.2882054805706957
2019-04-18 22:18:00,0.37553010822955457
2019-04-18 22:21:00,0.25925210958087064
2019-04-18 22:24:00,0.32012358441812694
2019-04-18 22:27:00,0.3554854734020978
2019-04-18 22:30:00,0.3118628719959702
2019-04-18 22:33:00,0.3734977635722885
2019-04-18 22:36:00,0.2767371966814949
2019-04-18 22:39:00,0.32484018505840595
2019-04-18 22:42:00,0.28202346832784997
2019-04-18 22:45:00,0.3914601873875654
2019-04-18 22:48:00,0.33997590627870977
2019-04-18 22:51:00,0.27104537024666797
2019-04-18 22:54:00,0.27980394906938955
2019-04-18 22:57:00,0.33279572686581105
2019-04-18 23:00:00,0.22463393948675048
2019-04-18 23:03:00,0.28420351516371056
2019-04-18 23:06:00,0.25273791363730425
2019-04-18 23:09:00,0.2823352417001388
2019-04-18 23:12:00,0.24411438898584947
2019-04-18 23:15:00,0.22877172805578994
2019-04-18 23:18:00,0.2175067140147462
2019-04-18 23:21:00,0.3112254921195472
2019-04-18 23:24:00,0.23574704139775804
2019-04-18 23:27:00,0.2556509875557822
2019-04-18 23:30:00,0.2977361761753059
2019-04-18 23:33:00,0.28181577286790116
2019-04-18 23:36:00,0.23646339009917483
2019-04-18 23:39:00,0.3425403812385639
2019-04-18 23:42:00,0.3202355721120398
2019-04-18 23:45:00,0.24116105705468271
2019-04-18 23:48:00,0.34663023122681125
2019-04-18 23:51:00,0.2711360653693191
2019-04-18 23:54:00,0.38672860974230616
2019-04-18 23:57:00,0.25101843441700566
2019-04-19 00:00:00,0.3164047981227327
2019-04-19 00:03:00,0.33912017456043486
2019-04-19 00:06:00,0.34760853790106694
2019-04-19 00:09:00,0.38201995531494504
2019-04-19 00:12:00,0.35376087374379495
2019-04-19 00:15:00,0.39157913637848196
2019-04-19 00:18:00,0.3919455567030923
2019-04-19 00:21:00,0.3344402814950058
2019-04-19 00:24:00,0.38752199753980676
2019-04-19 00:27:00,0.37161053800872423
2019-04-19 00:30:00,0.350017748007474
2019-04-19 00:33:00,0.3719020583204724
2019-04-19 00:36:00,0.3988799725624972
2019-04-19 00:39:00,0.3080632770972329
2019-04-19 00:42:00,0.28446789957985175
2019-04-19 00:45:00,0.4036801802657237
2019-04-19 00:48:00,0.3297272903866997
2019-04-19 00:51:00,0.29318701060577723
2019-04-19 00:54:00,0.3174507817518588
2019-04-19 00:57:00,0.28799806719388243
2019-04-19 01:00:00,0.4220165833363012
2019-04-19 01:03:00,0.4817822630247406
2019-04-19 01:06:00,0.47013947494377817
2019-04-19 01:09:00,0.32609563810848385
2019-04-19 01:12:00,0.3589724728404349
2019-04-19 01:15:00,0.3563267473179508
2019-04-19 01:18:00,0.31132271147458823
2019-04-19 01:21:00,0.44670450352163016
2019-04-19 01:24:00,0.4047603707190319
2019-04-19 01:27:00,0.455372816245017
2019-04-19 01:30:00,0.35934476999881326
2019-04-19 01:33:00,0.37120116418140015
2019-04-19 01:36:00,0.453632996661554
2019-04-19 01:39:00,0.34038791399751744
2019-04-19 01:42:00,0.38817768672913644
2019-04-19 01:45:00,0.29201259402020696
2019-04-19 01:48:00,0.38333830488693366
2019-04-19 01:51:00,0.348253744682836
2019-04-19 01:54:00,0.36211442516679426
2019-04-19 01:57:00,0.39743053097402026
2019-04-19 02:00:00,0.38452050889674183
2019-04-19 02:03:00,0.29241618773636446
2019-04-19 02:06:00,0.4329989316002525
2019-04-19 02:09:00,0.4123194314494185
2019-04-19 02:12:00,0.37938418093233395
2019-04-19 02:15:00,0.3982889342660201
2019-04-19 02:18:00,0.35042590577853616
2019-04-19 02:21:00,0.4205243243092127
2019-04-19 02:24:00,0.45221528407569167
2019-04-19 02:27:00,0.4023671878892401
2019-04-19 02:30:00,0.3889802035053549
2019-04-19 02:33:00,0.3264803440729338
2019-04-19 02:36:00,0.4188774733643754
2019-04-19 02:39:00,0.41657091462718654
2019-04-19 02:42:00,0.400229147769096
2019-04-19 02:45:00,0.5065002289128415
2019-04-19 02:48:00,0.4641125590932802
2019-04-19 02:51:00,0.46600678305412657
2019-04-19 02:54:00,0.4317919619822419
2019-04-19 02:57:00,0.437402083844745
2019-04-19 03:00:00,0.3820378629395691
2019-04-19 03:03:00,0.4548472178576617
2019-04-19 03:06:00,0.48052327754129465
2019-04-19 03:09:00,0.3999735724214588
2019-04-19 03:12:00,0.42529432030261205
2019-04-19 03:15:00,0.5130252402946098
2019-04-19 03:18:00,0.43537454675208664
2019-04-19 03:21:00,0.3731286760647663
2019-04-19 03:24:00,0.35127667124248774
2019-04-19 03:27:00,0.40184305242121354
2019-04-19 03:30:00,0.47721717986638623
2019-04-19 03:33:00,0.42741434931213007
2019-04-19 03:36:00,0.41854833117946555
2019-04-19 03:39:00,0.41327358522130453
2019-04-19 03:42:00,0.4339036885965015
2019-04-19 03:45:00,0.33630107132751164
2019-04-19 03:48:00,0.40961460584242104
2019-04-19 03:51:00,0.4145636798213559
2019-04-19 03:54:00,0.40191547112135595
2019-04-19 03:57:00,0.4873250556462949
2019-04-19 04:00:00,0.38842748324202603
2019-04-19 04:03:00,0.4428454456112263
2019-04-19 04:06:00,0.4814283824988479
2019-04-19 04:09:00,0.44481726088315554
2019-04-19 04:12:00,0.4826929848879331
2019-04-19 04:15:00,0.4194135970790853
2019-04-19 04:18:00,0.42623141241489293
2019-04-19 04:21:00,0.38438876771022024
2019-04-19 04:24:00,0.3781531968757008
2019-04-19 04:27:00,0.4900083494441674
2019-04-19 04:30:00,0.4379487645633162
2019-04-19 04:33:00,0.38380360244741496
2019-04-19 04:36:00,0.41824793511216285
2019-04-19 04:39:00,0.4688883549879961
2019-04-19 04:42:00,0.47231793559205926
2019-04-19 04:45:00,0.4623108030414187
2019-04-19 04:48:00,0.443880876647313
2019-04-19 04:51:00,0.46016578547016707
2019-04-19 04:54:00,0.490172819813381
2019-04-19 04:57:00,0.4970969144130777
2019-04-19 05:00:00,0.4318598119597823
2019-04-19 05:03:00,0.49419831309580786
2019-04-19 05:06:00,0.4560151303724638
2019-04-19 05:09:00,0.43287014028953763
2019-04-19 05:12:00,0.4315657531310535
2019-04-19 05:15:00,0.4335235148376455
2019-04-19 05:18:00,0.5013641138979779
2019-04-19 05:21:00,0.45358431091148077
2019-04-19 05:24:00,0.4390869292670345
2019-04-19 05:27:00,0.5198062591808252
2019-04-19 05:30:00,0.5255560315296179
2019-04-19 05:33:00,0.436454721331927
2019-04-19 05:36:00,0.4783578673386728
2019-04-19 05:39:00,0.4380015039218961
2019-04-19 05:42:00,0.4994161373986117
2019-04-19 05:45:00,0.5016879722492149
2019-04-19 05:48:00,0.3881340414712895
2019-04-19 05:51:00,0.5539878115008605
2019-04-19 05:54:00,0.4822675599727404
2019-04-19 05:57:00,0.4468579974082445
2019-04-19 06:00:00,0.5568377485632823
2019-04-19 06:03:00,0.43586029062544185
2019-04-19 06:06:00,0.39352419081222934
2019-04-19 06:09:00,0.5486032803024159
2019-04-19 06:12:00,0.5059346008906118
2019-04-19 06:15:00,0.47714250152608884
2019-04-19 06:18:00,0.46669070155655845
2019-04-19 06:21:00,0.5040559977954899
2019-04-19 06:24:00,0.5176622061532612
2019-04-19 06:27:00,0.45582468121745023
2019-04-19 06:30:00,0.43227231240831543
2019-04-19 06:33:00,0.3602265201976138
2019-04-19 06:36:00,0.44615494879326434
2019-04-19 06:39:00,0.426895853991482
2019-04-19 06:42:00,0.3729448445607204
2019-04-19 06:45:00,0.48823316549305673
2019-04-19 06:48:00,0.42435696235969544
2019-04-19 06:51:00,0.37433500636745975
2019-04-19 06:54:00,0.3299459436774441
2019-04-19 06:57:00,0.41636869410154986
2019-04-19 07:00:00,0.4103633306482948
2019-04-19 07:03:00,0.42274846430962043
2019-04-19 07:06:00,0.4486965929702933
2019-04-19 07:09:00,0.4383591467499741
2019-04-19 07:12:00,0.38965336593361144
2019-04-19 07:15:00,0.48738171645482
2019-04-19 07:18:00,0.3753315612825645
2019-04-19 07:21:00,0.411202923945325
2019-04-19 07:24:00,0.3821938796435802
2019-04-19 07:27:00,0.36818249441625994
2019-04-19 07:30:00,0.4049335084325776
2019-04-19 07:33:00,0.4096929081972007
2019-04-19 07:36:00,0.4035535392862357
2019-04-19 07:39:00,0.3661376693556804
2019-04-19 07:42:00,0.3241974290410212
2019-04-19 07:45:00,0.3775532713430607
2019-04-19 07:48:00,0.4589548222178337
2019-04-19 07:51:00,0.3946053133005307
2019-04-19 07:54:00,0.3161193434451661
2019-04-19 07:57:00,0.35182709786806754
2019-04-19 08:00:00,0.33944434854186056
2019-04-19 08:03:00,0.3011453703074949
2019-04-19 08:06:00,0.3506599602404208
2019-04-19 08:09:00,0.3432494476778629
2019-04-19 08:12:00,0.24025444769768
2019-04-19 08:15:00,0.2906588894866218
2019-04-19 08:18:00,0.30589193509888446
2019-04-19 08:21:00,0.3260109969348264
2019-04-19 08:24:00,0.3502061981856741
2019-04-19 08:27:00,0.2279172810777368
2019-04-19 08:30:00,0.27069248798187573
2019-04-19 08:33:00,0.2118819825016658
2019-04-19 08:36:00,0.21792458410800464
2019-04-19 08:39:00,0.3450299463742681
2019-04-19 08:42:00,0.16078719219382265
2019-04-19 08:45:00,0.3116719424021994
2019-04-19 08:48:00,0.2084585342370815
2019-04-19 08:51:00,0.2581398851240806
2019-04-19 08:54:00,0.2096307674939908
2019-04-19 08:57:00,0.2554645393939836
2019-04-19 09:00:00,0.2885679431374797
2019-04-19 09:03:00,0.1475771545087241
2019-04-19 09:06:00,0.1948716600051057
2019-04-19 09:09:00,0.1765232095040119
2019-04-19 09:12:00,0.1984286043963266
2019-04-19 09:15:00,0.17506537258310573
2019-04-19 09:18:00,0.11586812806547186
2019-04-19 09:21:00,0.15007673123830045
2019-04-19 09:24:00,0.1674645682091409
2019-04-19 09:27:00,0.14345170274049224
2019-04-19 09:30:00,0.11099129752193448
2019-04-19 09:33:00,0.12405224785840119
2019-04-19 09:36:00,0.11370587332015702
2019-04-19 09:39:00,0.05762740421653234
2019-04-19 09:42:00,-0.009249572638680092
2019-04-19 09:45:00,0.0629405226812878
2019-04-19 09:48:00,0.12536992514645817
2019-04-19 09:51:00,-0.08077876462834865
2019-04-19 09:54:00,-0.022609203205092854
2019-04-19 09:57:00,-0.08862578081902939
2019-04-19 10:00:00,-0.011785036573485286
2019-04-19 10:03:00,-0.1004535795573247
2019-04-19 10:06:00,0.015259540551994633
2019-04-19 10:09:00,-0.1053123554813169
2019-04-19 10:12:00,-0.06993230819563223
2019-04-19 10:15:00,0.028034460164747088
2019-04-19 10:18:00,-0.1061684663017104
2019-04-19 10:21:00,-0.1088711071622015
2019-04-19 10:24:00,-0.13109751096845912
2019-04-19 10:27:00,-0.11165462736238396
2019-04-19 10:30:00,-0.05401985837562506
2019-04-19 10:33:00,-0.1421193033308441
2019-04-19 10:36:00,-0.07704793863621262
2019-04-19 10:39:00,-0.0929551545318077
2019-04-19 10:42:00,-0.12220904863386295
2019-04-19 10:45:00,-0.27235276206403114
2019-04-19 10:48:00,-0.18544683840741527
2019-04-19 10:51:00,-0.1919478434462576
2019-04-19 10:54:00,-0.243040595680327
2019-04-19 10:57:00,-0.1343935401150702
2019-04-19 11:00:00,-0.2457791125198696
2019-04-19 11:03:00,-0.1882710813828794
2019-04-19 11:06:00,-0.15434466213292808
2019-04-19 11:09:00,-0.3175867492653879
2019-04-19 11:12:00,-0.31184798081500276
2019-04-19 11:15:00,-0.2507427425283595
2019-04-19 11:18:00,-0.21695843143743332
2019-04-19 11:21:00,-0.3240316602393136
2019-04-19 11:24:00,-0.22572448394561206
2019-04-19 11:27:00,-0.18651249831032146
2019-04-19 11:30:00,-0.2701236619623728
2019-04-19 11:33:00,-0.17111725295535507
2019-04-19 11:36:00,-0.31593834060498693
2019-04-19 11:39:00,-0.218425611906639
2019-04-19 11:42:00,-0.31657295448536615
2019-04-19 11:45:00,-0.19084912106148977
2019-04-19 11:48:00,-0.24626438902572545
2019-04-19 11:51:00,-0.31158006302234753
2019-04-19 11:54:00,-0.34197893590834383
2019-04-19 11:57:00,-0.29038158547859894
2019-04-19 12:00:00,-0.268503787738382
2019-04-19 12:03:00,-0.3585994580745364
2019-04-19 12:06:00,-0.23770125361403416
2019-04-19 12:09:00,-0.3945581456972036
2019-04-19 12:12:00,-0.3505451829346953
2019-04-19 12:15:00,-0.22663352909637524
2019-04-19 12:18:00,-0.24795954662414488
2019-04-19 12:21:00,-0.24614189604858439
2019-04-19 12:24:00,-0.11404061778239338
2019-04-19 12:27:00,-0.2303234437316064
2019-04-19 12:30:00,-0.25168076311751975
2019-04-19 12:33:00,-0.17146046687292937
2019-04-19 12:36:00,-0.13467341860172155
2019-04-19 12:39:00,-0.027843574544533567
2019-04-19 12:42:00,-0.052961618172901126
2019-04-19 12:45:00,-0.09742742817189765
2019-04-19 12:48:00,-0.19737787001724882
2019-04-19 12:51:00,-0.24213359788620892
2019-04-19 12:54:00,-0.13665209454359228
2019-04-19 12:57:00,-0.2453069851188161
2019-04-19 13:00:00,-0.06391437475360817
2019-04-19 13:03:00,-0.003736704147911496
2019-04-19 13:06:00,0.0028439787876664013
2019-04-19 13:09:00,0.053859695527592066
2019-04-19 13:12:00,0.23223339684932398
2019-04-19 13:15:00,0.3215675828571989
2019-04-19 13:18:00,0.1462291344107598
2019-04-19 13:21:00,0.07936931317362905
2019-04-19 13:24:00,-0.029950929366179935
2019-04-19 13:27:00,-0.03546063286643175
2019-04-19 13:30:00,-0.018524501310935193
2019-04-19 13:33:00,-0.04908118895093594
2019-04-19 13:36:00,-0.03971585162992142
2019-04-19 13:39:00,-0.020696297423228316
2019-04-19 13:42:00,0.020992211432258046
2019-04-19 13:45:00,0.05124632821753039
2019-04-19 13:48:00,0.04776434209298941
2019-04-19 13:51:00,0.026065174150915027
2019-04-19 13:54:00,0.02606960759840149
2019-04-19 13:57:00,0.07857681608430767
2019-04-19 14:00:00,0.03732878622321323
2019-04-19 14:03:00,0.07284593151149465
2019-04-19 14:06:00,0.06260224525306057
2019-04-19 14:09:00,0.08176212888162127
2019-04-19 14:12:00,0.12160573872807845
2019-04-19 14:15:00,0.12475776344405176
2019-04-19 14:18:00,0.1246354078684817
2019-04-19 14:21:00,0.1598682243813414
2019-04-19 14:24:00,0.20259609014453872
2019-04-19 14:27:00,0.19331978043271647
2019-04-19 14:30:00,0.2032007223151595
2019-04-19 14:33:00,0.1909088967689172
2019-04-19 14:36:00,0.3035238985676756
2019-04-19 14:39:00,0.32761681246017815
2019-04-19 14:42:00,0.32716193829060103
2019-04-19 14:45:00,0.21145368240775042
2019-04-19 14:48:00,0.235940220066027
2019-04-19 14:51:00,0.21604734673763915
2019-04-19 14:54:00,0.18016672517433108
2019-04-19 14:57:00,0.2387355105713027
2019-04-19 15:00:00,0.217520930091041
2019-04-19 15:03:00,0.1885033943320309
2019-04-19 15:06:00,0.19192437596365153
2019-04-19 15:09:00,0.21060831954412151
2019-04-19 15:12:00,0.022387928501075294
2019-04-19 15:15:00,0.08623267760788167
2019-04-19 15:18:00,0.2932013062257397
2019-04-19 15:21:00,0.22225597206249859
2019-04-19 15:24:00,0.08323305363580857
2019-04-19 15:27:00,0.06024207561137018
2019-04-19 15:30:00,0.12435632491229853
2019-04-19 15:33:00,0.06244641197611145
2019-04-19 15:36:00,0.12983323166048422
2019-04-19 15:39:00,0.06064976506945641
2019-04-19 15:42:00,0.1516650036031706
2019-04-19 15:45:00,0.11094265311101026
2019-04-19 15:48:00,0.11153731487314644
2019-04-19 15:51:00,0.05927286988890046
2019-04-19 15:54:00,0.2239752261205581
2019-04-19 15:57:00,0.06723832201140567
2019-04-19 16:00:00,0.2615028029055111
2019-04-19 16:03:00,0.13766148168201653
2019-04-19 16:06:00,0.1496370906650668
2019-04-19 16:09:00,0.08644720761805047
2019-04-19 16:12:00,0.02996747395627608
2019-04-19 16:15:00,-0.03795059175809001
2019-04-19 16:18:00,-0.03263620412099044
2019-04-19 16:21:00,-0.04414519631546909
2019-04-19 16:24:00,0.015760032150751613
2019-04-19 16:27:00,0.06395618110229861
2019-04-19 16:30:00,0.037257523959397076
2019-04-19 16:33:00,0.13520178904644808
2019-04-19 16:36:00,0.20253642371363867
2019-04-19 16:39:00,0.1434652199893094
2019-04-19 16:42:00,0.08179062067461018
2019-04-19 16:45:00,0.18791702118153353
2019-04-19 16:48:00,0.056579914636472495
2019-04-19 16:51:00,0.03852510354226979
2019-04-19 16:54:00,-0.039072929017038405
2019-04-19 16:57:00,-0.1233874973866591
2019-04-19 17:00:00,-0.1155106415346836
2019-04-19 17:03:00,-0.042395997608423386
2019-04-19 17:06:00,-0.09253303210533659
2019-04-19 17:09:00,-0.13988289733686088
2019-04-19 17:12:00,-0.2088336974670142
2019-04-19 17:15:00,-0.11978412723726706
2019-04-19 17:18:00,-0.20250336646137157
2019-04-19 17:21:00,-0.13899113863470802
2019-04-19 17:24:00,-0.17715898217943504
2019-04-19 17:27:00,-0.11989058208365577
2019-04-19 17:30:00,-0.06619575284065604
2019-04-19 17:33:00,-0.11185170715140202
2019-04-19 17:36:00,-0.08866199287564314
2019-04-19 17:39:00,-0.12765294453896558
2019-04-19 17:42:00,-0.16243260716032637
2019-04-19 17:45:00,-0.045989752387356475
2019-04-19 17:48:00,-0.14030549772832046
2019-04-19 17:51:00,-0.11078415098580763
2019-04-19 17:54:00,-0.07515885793867483
2019-04-19 17:57:00,-0.03260817036789376
2019-04-19 18:00:00,-0.060616530036156746
2019-04-19 18:03:00,0.013322477038400393
2019-04-19 18:06:00,-0.11080845005443507
2019-04-19 18:09:00,-0.04197096988264093
2019-04-19 18:12:00,-0.14079660998629606
2019-04-19 18:15:00,-0.06641889100512799
2019-04-19 18:18:00,-0.026332817426748534
2019-04-19 18:21:00,-0.19151921805348593
2019-04-19 18:24:00,-0.07392987154315733
2019-04-19 18:27:00,-0.1073277861328279
2019-04-19 18:30:00,-0.07944129054106952
2019-04-19 18:33:00,-0.016039776579930276
2019-04-19 18:36:00,-0.05446273033487614
2019-04-19 18:39:00,0.008217452994642827
2019-04-19 18:42:00,-0.024079421082205954
2019-04-19 18:45:00,-0.02386861583204336
2019-04-19 18:48:00,0.029559132339500138
2019-04-19 18:51:00,0.058839397558926976
2019-04-19 18:54:00,
2019-04-19 18:57:00,
2019-04-19 19:00:00,
2019-04-19 19:03:00,0.2019339902038837
2019-04-19 19:06:00,0.34957071042839516
2019-04-19 19:09:00,0.17454769729255304
2019-04-19 19:12:00,0.13844730801486094
2019-04-19 19:15:00,0.24589387330291856
2019-04-19 19:18:00,0.2663946052828692
2019-04-19 19:21:00,0.27788019215495297
2019-04-19 19:24:00,0.12212164418872362
2019-04-19 19:27:00,0.24689716020395736
2019-04-19 19:30:00,0.25193979125720034
2019-04-19 19:33:00,0.15979232968453516
2019-04-19 19:36:00,0.10266315001751991
2019-04-19 19:39:00,0.209949823521697
2019-04-19 19:42:00,0.20209147821708484
2019-04-19 19:45:00,0.21034570980708622
2019-04-19 19:48:00,0.24085557592781015
2019-04-19 19:51:00,0.1694531072986365
2019-04-19 19:54:00,0.17714850389830872
2019-04-19 19:57:00,0.16947715721994427
2019-04-19 20:00:00,0.21944045013572122
2019-04-19 20:03:00,0.18421685758801232
2019-04-19 20:06:00,0.17250467310606155
2019-04-19 20:09:00,0.2004052037274846
2019-04-19 20:12:00,0.18821877123599506
2019-04-19 20:15:00,0.25416963520342506
2019-04-19 20:18:00,0.19516844575821324
2019-04-19 20:21:00,0.249113827707788
2019-04-19 20:24:00,0.2310134445122003
2019-04-19 20:27:00,0.20508181019829408
2019-04-19 20:30:00,0.21851731327870993
2019-04-19 20:33:00,0.39361506804857527
2019-04-19 20:36:00,0.23666099679644503
2019-04-19 20:39:00,0.20234319158282688
2019-04-19 20:42:00,0.20963958624798806
2019-04-19 20:45:00,0.2211745270903407
2019-04-19 20:48:00,0.2927483151736965
2019-04-19 20:51:00,0.286391459883248
2019-04-19 20:54:00,0.2458148174858934
2019-04-19 20:57:00,0.2997426603039912
2019-04-19 21:00:00,0.24925530970921272
2019-04-19 21:03:00,0.211465084085944
2019-04-19 21:06:00,0.19012549601853834
2019-04-19 21:09:00,0.2410743347877542
2019-04-19 21:12:00,0.2971441837218549
2019-04-19 21:15:00,0.29112747846687625
2019-04-19 21:18:00,0.20292888855789215
2019-04-19 21:21:00,0.2464835667297507
2019-04-19 21:24:00,0.25390750027952436
2019-04-19 21:27:00,0.24375406518225873
2019-04-19 21:30:00,0.295307823416465
2019-04-19 21:33:00,0.31109498068843777
2019-04-19 21:36:00,0.268850449626882
2019-04-19 21:39:00,0.30663542341466155
2019-04-19 21:42:00,0.21814363953063776
2019-04-19 21:45:00,0.20171023249912423
2019-04-19 21:48:00,0.2861866445194323
2019-04-19 21:51:00,0.1599864692523738
2019-04-19 21:54:00,0.28860139113066907
2019-04-19 21:57:00,0.24334480309016726
2019-04-19 22:00:00,0.2474515973826783
2019-04-19 22:03:00,0.28386521091812256
2019-04-19 22:06:00,0.36149769574410584
2019-04-19 22:09:00,0.3322007742775668
2019-04-19 22:12:00,0.3329455752115109
2019-04-19 22:15:00,0.2324329984180622
2019-04-19 22:18:00,0.2478819177792957
2019-04-19 22:21:00,0.21938144879544552
2019-04-19 22:24:00,0.269834738431598
2019-04-19 22:27:00,0.2882092345622027
2019-04-19 22:30:00,0.25400173251250635
2019-04-19 22:33:00,0.24504437307058424
2019-04-19 22:36:00,0.2780358525545239
2019-04-19 22:39:00,0.2085951659436205
2019-04-19 22:42:00,0.24576868040225008
2019-04-19 22:45:00,0.2509074596726464
2019-04-19 22:48:00,0.248583806652789
2019-04-19 22:51:00,0.1818500596344279
2019-04-19 22:54:00,0.23579524709219868
2019-04-19 22:57:00,0.22879814171790258
2019-04-19 23:00:00,0.2002481433019625
2019-04-19 23:03:00,0.23247056478072636
2019-04-19 23:06:00,0.2521605166123777
2019-04-19 23:09:00,0.27729667437307626
2019-04-19 23:12:00,0.29778575769762483
2019-04-19 23:15:00,0.20555597432507966
2019-04-19 23:18:00,0.21772250130698012
2019-04-19 23:21:00,0.13137928669721077
2019-04-19 23:24:00,0.22792307511019771
2019-04-19 23:27:00,0.2694938306499921
2019-04-19 23:30:00,0.2952142627552803
2019-04-19 23:33:00,0.24474902188410397
2019-04-19 23:36:00,0.2345985408524598
2019-04-19 23:39:00,0.29189554794049855
2019-04-19 23:42:00,0.23391466261142568
2019-04-19 23:45:00,0.2758151359427643
2019-04-19 23:48:00,0.33628691552468126
2019-04-19 23:51:00,0.27452350827229566
2019-04-19 23:54:00,0.29239432817979605
2019-04-19 23:57:00,0.19237015269641233
2019-04-20 00:00:00,0.2933729013714128
2019-04-20 00:03:00,0.32893573435683265
2019-04-20 00:06:00,0.22224390042197228
2019-04-20 00:09:00,0.29226504584158874
2019-04-20 00:12:00,0.2808603808592238
2019-04-20 00:15:00,0.24831937653186742
2019-04-20 00:18:00,0.2591116011903978
2019-04-20 00:21:00,0.29976826947915924
2019-04-20 00:24:00,0.24365616992992045
2019-04-20 00:27:00,0.2245478497742397
2019-04-20 00:30:00,0.23965088988808247
2019-04-20 00:33:00,0.23447460749036964
2019-04-20 00:36:00,0.2905646167416762
2019-04-20 00:39:00,0.2461065230714894
2019-04-20 00:42:00,0.291380821468465
2019-04-20 00:45:00,0.27899230397480324
2019-04-20 00:48:00,0.2843052093647884
2019-04-20 00:51:00,0.2707694631813524
2019-04-20 00:54:00,0.2535150396761878
2019-04-20 00:57:00,0.22758583524790765
2019-04-20 01:00:00,0.34085186860482963
2019-04-20 01:03:00,0.2456672051696387
2019-04-20 01:06:00,0.3394642358865667
2019-04-20 01:09:00,0.30405188520705906
2019-04-20 01:12:00,0.36765498702095556
2019-04-20 01:15:00,0.211384949190915
2019-04-20 01:18:00,0.30529386367140887
2019-04-20 01:21:00,0.33303184617830084
2019-04-20 01:24:00,0.22132252005667397
2019-04-20 01:27:00,0.30411770777971014
2019-04-20 01:30:00,0.2848439501926805
2019-04-20 01:33:00,0.2616172577205589
2019-04-20 01:36:00,0.3442391352185723
2019-04-20 01:39:00,0.39031525722765537
2019-04-20 01:42:00,0.3533373709969396
2019-04-20 01:45:00,0.22639264340750742
2019-04-20 01:48:00,0.23960957892404622
2019-04-20 01:51:00,0.41476206471071464
2019-04-20 01:54:00,0.38616945923672574
2019-04-20 01:57:00,0.28910837020322333
2019-04-20 02:00:00,0.2660927080861484
2019-04-20 02:03:00,0.39711019521342905
2019-04-20 02:06:00,0.35162186523524497
2019-04-20 02:09:00,0.21714378041156124
2019-04-20 02:12:00,0.3141041604451402
2019-04-20 02:15:00,0.3836655662091175
2019-04-20 02:18:00,0.4386774963382436
2019-04-20 02:21:00,0.31861010561243575
2019-04-20 02:24:00,0.3784982029520165
2019-04-20 02:27:00,0.32935501710903736
2019-04-20 02:30:00,0.3942047466911731
2019-04-20 02:33:00,0.26586768244982295
2019-04-20 02:36:00,0.31885240089138733
2019-04-20 02:39:00,0.33374009152350936
2019-04-20 02:42:00,0.30754341108581684
2019-04-20 02:45:00,0.22807323288628822
2019-04-20 02:48:00,0.41224546100005455
2019-04-20 02:51:00,0.3595650827535337
2019-04-20 02:54:00,0.38697906182545694
2019-04-20 02:57:00,0.32456820590300595
2019-04-20 03:00:00,0.4575617423877816
2019-04-20 03:03:00,0.32821049194973284
2019-04-20 03:06:00,0.37069648143460654
2019-04-20 03:09:00,0.2757659616786441
2019-04-20 03:12:00,0.3302877819304513
2019-04-20 03:15:00,0.24659852409502037
2019-04-20 03:18:00,0.316839098734647
2019-04-20 03:21:00,0.24714181147976433
2019-04-20 03:24:00,0.3479229378337436
2019-04-20 03:27:00,0.27290920772998106
2019-04-20 03:30:00,0.31787163494828974
2019-04-20 03:33:00,0.31005007348557
2019-04-20 03:36:00,0.228968103158536
2019-04-20 03:39:00,0.16450821724947673
2019-04-20 03:42:00,0.3371986188867595
2019-04-20 03:45:00,0.344194358377365
2019-04-20 03:48:00,0.3120606358176019
2019-04-20 03:51:00,0.2274772100897735
2019-04-20 03:54:00,0.2822403709793093
2019-04-20 03:57:00,0.30196530496408513
2019-04-20 04:00:00,0.3237920198925508
2019-04-20 04:03:00,0.377645827080471
2019-04-20 04:06:00,0.25306999848936584
2019-04-20 04:09:00,0.2868562418363467
2019-04-20 04:12:00,0.29687986801502575
2019-04-20 04:15:00,0.27662603382009365
2019-04-20 04:18:00,0.3452727197644663
2019-04-20 04:21:00,0.3031180070610162
2019-04-20 04:24:00,0.23168550217656048
2019-04-20 04:27:00,0.2721659547135573
2019-04-20 04:30:00,0.32217624502374065
2019-04-20 04:33:00,0.3581374377610018
2019-04-20 04:36:00,0.3944974351107362
2019-04-20 04:39:00,0.37030567265344416
2019-04-20 04:42:00,0.40025160111434843
2019-04-20 04:45:00,0.2963549038274209
2019-04-20 04:48:00,0.3689185267408561
2019-04-20 04:51:00,0.34256314279036815
2019-04-20 04:54:00,0.3855226842633215
2019-04-20 04:57:00,0.30050875109850494
2019-04-20 05:00:00,0.27923599163545987
2019-04-20 05:03:00,0.36335945457352636
2019-04-20 05:06:00,0.3373445916631681
2019-04-20 05:09:00,0.32665447139703474
2019-04-20 05:12:00,0.30004446862920986
2019-04-20 05:15:00,0.2962087622300942
2019-04-20 05:18:00,0.38072857707197727
2019-04-20 05:21:00,0.25199121110398437
2019-04-20 05:24:00,0.2602721648070201
2019-04-20 05:27:00,0.2872636657109524
2019-04-20 05:30:00,0.32371167196379247
2019-04-20 05:33:00,0.21922847375577703
2019-04-20 05:36:00,0.35286421204057206
2019-04-20 05:39:00,0.36840532768616185
2019-04-20 05:42:00,0.3590764489716207
2019-04-20 05:45:00,0.3603611179165682
2019-04-20 05:48:00,0.24694716308408715
2019-04-20 05:51:00,0.2813995787237218
2019-04-20 05:54:00,0.3537703099819396
2019-04-20 05:57:00,0.396646370498388
2019-04-20 06:00:00,0.27074548812538524
2019-04-20 06:03:00,0.31864966230216396
2019-04-20 06:06:00,0.3299096632558758
2019-04-20 06:09:00,0.2611357817904718
2019-04-20 06:12:00,0.3361709681377647
2019-04-20 06:15:00,0.367442168697778
2019-04-20 06:18:00,0.3897317043980024
2019-04-20 06:21:00,0.24591528647817995
2019-04-20 06:24:00,0.29895343211450154
2019-04-20 06:27:00,0.37211758071543954
2019-04-20 06:30:00,0.37710159989472913
2019-04-20 06:33:00,0.3873533523922674
2019-04-20 06:36:00,0.34610941186758737
2019-04-20 06:39:00,0.3621223204649482
2019-04-20 06:42:00,0.3377700888692061
2019-04-20 06:45:00,0.33841515664943245
2019-04-20 06:48:00,0.31518570815711655
2019-04-20 06:51:00,0.38755034701978275
2019-04-20 06:54:00,0.3222434039146833
2019-04-20 06:57:00,0.33441902448208793
2019-04-20 07:00:00,0.26512997587502696
2019-04-20 07:03:00,0.21985815156273247
2019-04-20 07:06:00,0.2676960107090167
2019-04-20 07:09:00,0.2452633025753812
2019-04-20 07:12:00,0.31258074907879063
2019-04-20 07:15:00,0.32312410737034725
2019-04-20 07:18:00,0.28059565002314457
2019-04-20 07:21:00,0.3247290769684241
2019-04-20 07:24:00,0.24583868111568563
2019-04-20 07:27:00,0.37197697973869026
2019-04-20 07:30:00,0.3557579573605949
2019-04-20 07:33:00,0.32753643454441317
2019-04-20 07:36:00,0.21912989980882003
2019-04-20 07:39:00,0.1818923970462265
2019-04-20 07:42:00,0.3499037279711388
2019-04-20 07:45:00,0.22529681923776934
2019-04-20 07:48:00,0.20854913251969265
2019-04-20 07:51:00,0.21696845831513656
2019-04-20 07:54:00,0.2830100662779955
2019-04-20 07:57:00,0.1795404362313775
2019-04-20 08:00:00,0.20706582965607367
2019-04-20 08:03:00,0.2099322196336857
2019-04-20 08:06:00,0.2188383826911604
2019-04-20 08:09:00,0.1713726734196257
2019-04-20 08:12:00,0.13007179644591815
2019-04-20 08:15:00,0.12810192600159098
2019-04-20 08:18:00,0.1492349954477845
2019-04-20 08:21:00,0.24668556716108014
2019-04-20 08:24:00,0.10764337271837121
2019-04-20 08:27:00,0.15657809751189689
2019-04-20 08:30:00,0.1141811021628314
2019-04-20 08:33:00,0.10336555045398654
2019-04-20 08:36:00,0.1846969186526053
2019-04-20 08:39:00,0.12553730441209154
2019-04-20 08:42:00,0.11917114480110058
2019-04-20 08:45:00,0.12939471148388293
2019-04-20 08:48:00,-0.009645516359000794
2019-04-20 08:51:00,0.047253721534048054
2019-04-20 08:54:00,0.12126079750362351
2019-04-20 08:57:00,0.09369688797823983
2019-04-20 09:00:00,0.011493691500561454
2019-04-20 09:03:00,0.04025991800278916
2019-04-20 09:06:00,0.04216969536406623
2019-04-20 09:09:00,-0.10670110462882576
2019-04-20 09:12:00,-0.015319057321619312
2019-04-20 09:15:00,-0.02601547816755101
2019-04-20 09:18:00,0.050277644608229366
2019-04-20 09:21:00,-0.07863132829805863
2019-04-20 09:24:00,-0.0739971229825187
2019-04-20 09:27:00,-0.07743393424033229
2019-04-20 09:30:00,-0.059174498941558795
2019-04-20 09:33:00,-0.16387597455002378
2019-04-20 09:36:00,-0.02948649405021797
2019-04-20 09:39:00,-0.0013991643225494954
2019-04-20 09:42:00,-0.16396458290950022
2019-04-20 09:45:00,-0.09965411616502706
2019-04-20 09:48:00,-0.1918808503212972
2019-04-20 09:51:00,-0.1820868360519512
2019-04-20 09:54:00,-0.1520388932240735
2019-04-20 09:57:00,-0.1559262947323532
2019-04-20 10:00:00,-0.2224681322733204
2019-04-20 10:03:00,-0.18439029958756237
2019-04-20 10:06:00,-0.28154365678420845
2019-04-20 10:09:00,-0.2072119201072269
2019-04-20 10:12:00,-0.19367573776207792
2019-04-20 10:15:00,-0.21266688636478648
2019-04-20 10:18:00,-0.26730996414465835
2019-04-20 10:21:00,-0.21067120452386234
2019-04-20 10:24:00,-0.1761036319672371
2019-04-20 10:27:00,-0.25672960091662844
2019-04-20 10:30:00,-0.3208630908094392
2019-04-20 10:33:00,-0.35296763750056925
2019-04-20 10:36:00,-0.27024573001608587
2019-04-20 10:39:00,-0.14843588638996152
2019-04-20 10:42:00,-0.16931347839636146
2019-04-20 10:45:00,-0.11691439903341916
2019-04-20 10:48:00,-0.23620136718534468
2019-04-20 10:51:00,-0.17526223471207913
2019-04-20 10:54:00,-0.23850969736150773
2019-04-20 10:57:00,-0.2873966444356597
2019-04-20 11:00:00,-0.1903364365032303
2019-04-20 11:03:00,-0.17433125774141445
2019-04-20 11:06:00,-0.1216229900851431
2019-04-20 11:09:00,-0.1409185428889259
2019-04-20 11:12:00,-0.026371844350592255
2019-04-20 11:15:00,-0.08653022360806517
2019-04-20 11:18:00,-0.031174881883259786
2019-04-20 11:21:00,-0.09211994188990502
2019-04-20 11:24:00,-0.03554417635217533
2019-04-20 11:27:00,-0.06856823003977297
2019-04-20 11:30:00,0.015025839377358352
2019-04-20 11:33:00,-0.03438241959577226
2019-04-20 11:36:00,-0.09906334835676489
2019-04-20 11:39:00,-0.0677523638794355
2019-04-20 11:42:00,-0.21035815415586967
2019-04-20 11:45:00,-0.16559291873250004
2019-04-20 11:48:00,-0.151951102882947
2019-04-20 11:51:00,-0.10227844955397813
2019-04-20 11:54:00,-0.12311245971767448
2019-04-20 11:57:00,-0.09443250274472348
2019-04-20 12:00:00,-0.10629720699250811
2019-04-20 12:03:00,-0.10487418652587621
2019-04-20 12:06:00,-0.04855313299435693
2019-04-20 12:09:00,0.15238812961911208
2019-04-20 12:12:00,0.10032174797657945
2019-04-20 12:15:00,0.15847199920438015
2019-04-20 12:18:00,0.03663123893483089
2019-04-20 12:21:00,0.008206045842939602
2019-04-20 12:24:00,0.06337221319063246
2019-04-20 12:27:00,0.12282586441727972
2019-04-20 12:30:00,-0.013670620761558894
2019-04-20 12:33:00,-0.10084215126943263
2019-04-20 12:36:00,-0.004327825529514939
2019-04-20 12:39:00,-0.0050440824893485114
2019-04-20 12:42:00,0.028465879388704707
2019-04-20 12:45:00,-0.04146396842179456
2019-04-20 12:48:00,0.06122769669701711
2019-04-20 12:51:00,0.09600014646605359
2019-04-20 12:54:00,0.0032081907368706197
2019-04-20 12:57:00,-0.03834607743635843
2019-04-20 13:00:00,-0.06357598553142907
2019-04-20 13:03:00,-0.07210926928399886
2019-04-20 13:06:00,-0.06507292507450302
2019-04-20 13:09:00,-0.20964593948178845
2019-04-20 13:12:00,-0.10541198257089945
2019-04-20 13:15:00,-0.23618125215637065
2019-04-20 13:18:00,-0.21877199847199336
2019-04-20 13:21:00,-0.262601686019309
2019-04-20 13:24:00,-0.20339396727933945
2019-04-20 13:27:00,-0.20518953522304173
2019-04-20 13:30:00,-0.30287871358365237
2019-04-20 13:33:00,-0.2211463751186784
2019-04-20 13:36:00,-0.2393949024285007
2019-04-20 13:39:00,-0.432277943493375
2019-04-20 13:42:00,-0.38733580237556
2019-04-20 13:45:00,-0.27535717260286674
2019-04-20 13:48:00,-0.2896611889312908
2019-04-20 13:51:00,-0.2775658491773356
2019-04-20 13:54:00,-0.36224160773400627
2019-04-20 13:57:00,-0.29068482317035205
2019-04-20 14:00:00,-0.3962500950196386
2019-04-20 14:03:00,-0.3602644169527025
2019-04-20 14:06:00,-0.3987479267830736
2019-04-20 14:09:00,-0.40054703833698113
2019-04-20 14:12:00,-0.2872722633956073
2019-04-20 14:15:00,-0.3884098373967504
2019-04-20 14:18:00,-0.27974395569157195
2019-04-20 14:21:00,-0.28407359127265863
2019-04-20 14:24:00,-0.30371978416974343
2019-04-20 14:27:00,-0.24283806717096468
2019-04-20 14:30:00,-0.32421684459296785
2019-04-20 14:33:00,-0.11017727642524733
2019-04-20 14:36:00,-0.035878705042193815
2019-04-20 14:39:00,-0.02322889451232868
2019-04-20 14:42:00,0.13243130026916106
2019-04-20 14:45:00,0.15434040050723752
2019-04-20 14:48:00,0.17698813436481942
2019-04-20 14:51:00,0.1622063032789356
2019-04-20 14:54:00,0.14115194138827292
2019-04-20 14:57:00,0.24384355372802702
2019-04-20 15:00:00,0.09665715236235428
2019-04-20 15:03:00,0.05499882511236365
2019-04-20 15:06:00,-0.12237957247094755
2019-04-20 15:09:00,-0.029935285973408554
2019-04-20 15:12:00,-0.047448509866910626
2019-04-20 15:15:00,-0.09721790183675694
2019-04-20 15:18:00,-0.08070074563846674
2019-04-20 15:21:00,-0.1417608579181433
2019-04-20 15:24:00,-0.013274386251282522
2019-04-20 15:27:00,-0.025516609784574484
2019-04-20 15:30:00,-0.013784558918587209
2019-04-20 15:33:00,0.09852789822241448
2019-04-20 15:36:00,0.17812948968065712
2019-04-20 15:39:00,0.2245664478879803
2019-04-20 15:42:00,0.23211359658040465
2019-04-20 15:45:00,0.3404942587757205
2019-04-20 15:48:00,0.33292734136648505
2019-04-20 15:51:00,0.3537741876817222
2019-04-20 15:54:00,0.3015197204126707
2019-04-20 15:57:00,0.3108195113703687
2019-04-20 16:00:00,0.3058882155726792
2019-04-20 16:03:00,0.10361950874209924
2019-04-20 16:06:00,0.04129871947236552
2019-04-20 16:09:00,-0.05037774064470568
2019-04-20 16:12:00,0.08212739191947094
2019-04-20 16:15:00,0.1440019113665585
2019-04-20 16:18:00,0.1779749071773722
2019-04-20 16:21:00,-0.05081865414757658
2019-04-20 16:24:00,0.07641133496531438
2019-04-20 16:27:00,0.030156033965852203
2019-04-20 16:30:00,-0.06907323637204854
2019-04-20 16:33:00,-0.16381752539302852
2019-04-20 16:36:00,-0.08592660573970079
2019-04-20 16:39:00,-0.08454220572150462
2019-04-20 16:42:00,0.004484288132346137
2019-04-20 16:45:00,0.05905749051419207
2019-04-20 16:48:00,0.11182902514400439
2019-04-20 16:51:00,0.10220352726457804
2019-04-20 16:54:00,0.10730610486399428
2019-04-20 16:57:00,0.13277138415827494
2019-04-20 17:00:00,0.15628577681530942
2019-04-20 17:03:00,0.13472620460254348
2019-04-20 17:06:00,0.2970234854277578
2019-04-20 17:09:00,0.3633142571808321
2019-04-20 17:12:00,0.4279211222290087
2019-04-20 17:15:00,0.2566753086734366
2019-04-20 17:18:00,0.3159041036147414
2019-04-20 17:21:00,0.25001699369499875
2019-04-20 17:24:00,0.22331871254533553
2019-04-20 17:27:00,0.0922342424428848
2019-04-20 17:30:00,0.15497619423058495
2019-04-20 17:33:00,0.13630084318504032
2019-04-20 17:36:00,0.1717661613379846
2019-04-20 17:39:00,0.20553861579429622
2019-04-20 17:42:00,0.2728605058769631
2019-04-20 17:45:00,0.3821413153220874
2019-04-20 17:48:00,0.3943957572935801
2019-04-20 17:51:00,0.3178894778417316
2019-04-20 17:54:00,0.24694691256007673
2019-04-20 17:57:00,0.2951035092680172
2019-04-20 18:00:00,0.3078873933290538
2019-04-20 18:03:00,0.3603720701727866
2019-04-20 18:06:00,0.327719015016271
2019-04-20 18:09:00,0.26764493996768124
2019-04-20 18:12:00,0.24715870964990927
2019-04-20 18:15:00,0.3018219600894554
2019-04-20 18:18:00,0.34520826820994444
2019-04-20 18:21:00,0.3309916991473756
2019-04-20 18:24:00,0.3861843210224265
2019-04-20 18:27:00,0.3183911021268955
2019-04-20 18:30:00,0.3489186162381088
2019-04-20 18:33:00,0.25101372756284945
2019-04-20 18:36:00,0.38845571816608526
2019-04-20 18:39:00,0.39841317160738754
2019-04-20 18:42:00,0.3554864099458541
2019-04-20 18:45:00,0.40454728148819186
2019-04-20 18:48:00,0.40135109979649997
2019-04-20 18:51:00,0.4708983710164034
2019-04-20 18:54:00,0.4673802693387188
2019-04-20 18:57:00,
2019-04-20 19:00:00,
2019-04-20 19:03:00,0.4214534947115567
2019-04-20 19:06:00,0.35303496862547945
2019-04-20 19:09:00,0.36755387690715224
2019-04-20 19:12:00,0.45915171085033535
2019-04-20 19:15:00,0.43896172330829586
2019-04-20 19:18:00,0.3316403672956767
2019-04-20 19:21:00,0.29341463590191097
2019-04-20 19:24:00,0.30375246173980486
2019-04-20 19:27:00,0.3545057022645324
2019-04-20 19:30:00,0.326812613007462
2019-04-20 19:33:00,0.37282191701706324
2019-04-20 19:36:00,0.3746406015281991
2019-04-20 19:39:00,0.4399751575389814
2019-04-20 19:42:00,0.47869102599571534
2019-04-20 19:45:00,0.45884495437132955
2019-04-20 19:48:00,0.46975042540805134
2019-04-20 19:51:00,0.6144948351875996
2019-04-20 19:54:00,0.4836731444126485
2019-04-20 19:57:00,0.6068289930581727
2019-04-20 20:00:00,0.5902577189878002
2019-04-20 20:03:00,0.6997566011348226
2019-04-20 20:06:00,0.6077605969215938
2019-04-20 20:09:00,0.5534103921503402
2019-04-20 20:12:00,0.5878571771302745
2019-04-20 20:15:00,0.5384636857203304
2019-04-20 20:18:00,0.5298768121213016
2019-04-20 20:21:00,0.5814186708646503
2019-04-20 20:24:00,0.4911369131119159
2019-04-20 20:27:00,0.3557165089442833
2019-04-20 20:30:00,0.42207753857223906
2019-04-20 20:33:00,0.3462771362733861
2019-04-20 20:36:00,0.27247667477911364
2019-04-20 20:39:00,0.32642318179648555
2019-04-20 20:42:00,0.45848358086368535
2019-04-20 20:45:00,0.47110641384250584
2019-04-20 20:48:00,0.3359025882035098
2019-04-20 20:51:00,0.3734385699142422
2019-04-20 20:54:00,0.4789668451186344
2019-04-20 20:57:00,0.4938851494343339
2019-04-20 21:00:00,0.3332871391149297
2019-04-20 21:03:00,0.5228786515469892
2019-04-20 21:06:00,0.45924688754132603
2019-04-20 21:09:00,0.4008521292835212
2019-04-20 21:12:00,0.4548376381752064
2019-04-20 21:15:00,0.3302720147078162
2019-04-20 21:18:00,0.2925000298257032
2019-04-20 21:21:00,0.37733255894397644
2019-04-20 21:24:00,0.28986268961733686
2019-04-20 21:27:00,0.2754621468938012
2019-04-20 21:30:00,0.3133418657003517
2019-04-20 21:33:00,0.32557942232341475
2019-04-20 21:36:00,0.37492543143787316
2019-04-20 21:39:00,0.30382960483365196
2019-04-20 21:42:00,0.3077729902550459
2019-04-20 21:45:00,0.3741520006706196
2019-04-20 21:48:00,0.31942402986675233
2019-04-20 21:51:00,0.29350051378906983
2019-04-20 21:54:00,0.27954589343329417
2019-04-20 21:57:00,0.37707746657684993
2019-04-20 22:00:00,0.30845063617704227
2019-04-20 22:03:00,0.23233554890504138
2019-04-20 22:06:00,0.18434192159742224
2019-04-20 22:09:00,0.31623374491255163
2019-04-20 22:12:00,0.2230306804519273
2019-04-20 22:15:00,0.22672454775960205
2019-04-20 22:18:00,0.2411186556948337
2019-04-20 22:21:00,0.16520326388484818
2019-04-20 22:24:00,0.20725440827214925
2019-04-20 22:27:00,0.3074289268692496
2019-04-20 22:30:00,0.23849591027419592
2019-04-20 22:33:00,0.27997957813005314
2019-04-20 22:36:00,0.15845864932418863
2019-04-20 22:39:00,0.17341263743804802
2019-04-20 22:42:00,0.25387986815638897
2019-04-20 22:45:00,0.26214013849039475
2019-04-20 22:48:00,0.3254300957592591
2019-04-20 22:51:00,0.3664255816567561
2019-04-20 22:54:00,0.28858032591296023
2019-04-20 22:57:00,0.3258423772734318
2019-04-20 23:00:00,0.2804776101179982
2019-04-20 23:03:00,0.3962469463622824
2019-04-20 23:06:00,0.36540615400264187
2019-04-20 23:09:00,0.4492193569822689
2019-04-20 23:12:00,0.3553514658685799
2019-04-20 23:15:00,0.33858366387914884
2019-04-20 23:18:00,0.2595578993665413
2019-04-20 23:21:00,0.40186067142315096
2019-04-20 23:24:00,0.2895323370131564
2019-04-20 23:27:00,0.345972412174433
2019-04-20 23:30:00,0.2962877163203075
2019-04-20 23:33:00,0.30141512731256626
2019-04-20 23:36:00,0.2290447106773854
2019-04-20 23:39:00,0.21297815166093415
2019-04-20 23:42:00,0.25181697362580735
2019-04-20 23:45:00,0.2907098927126981
2019-04-20 23:48:00,0.2673143947359904
2019-04-20 23:51:00,0.25424474465398816
2019-04-20 23:54:00,0.2833063736924828
2019-04-20 23:57:00,0.2683719994873286
2019-04-21 00:00:00,0.29411941409216524
2019-04-21 00:03:00,0.24064232165676458
2019-04-21 00:06:00,0.27952542523416923
2019-04-21 00:09:00,0.23970625760716757
2019-04-21 00:12:00,0.3506483886391152
2019-04-21 00:15:00,0.19794489666992376
2019-04-21 00:18:00,0.2651369994638344
2019-04-21 00:21:00,0.27400551954013963
2019-04-21 00:24:00,0.25692572141082337
2019-04-21 00:27:00,0.30879017644406304
2019-04-21 00:30:00,0.298206657304263
2019-04-21 00:33:00,0.30047315107981376
2019-04-21 00:36:00,0.29430645181781756
2019-04-21 00:39:00,0.31113237081603984
2019-04-21 00:42:00,0.3032830119939831
2019-04-21 00:45:00,0.21957568935448535
2019-04-21 00:48:00,0.17420027608324062
2019-04-21 00:51:00,0.27746248153329134
2019-04-21 00:54:00,0.19438453773051378
2019-04-21 00:57:00,0.13976578181387822
2019-04-21 01:00:00,0.1902790356082278
2019-04-21 01:03:00,0.24107451501987498
2019-04-21 01:06:00,0.23150426846740402
2019-04-21 01:09:00,0.272532103769322
2019-04-21 01:12:00,0.30611531404139214
2019-04-21 01:15:00,0.20465860654474
2019-04-21 01:18:00,0.23886107204953078
2019-04-21 01:21:00,0.178132801091067
2019-04-21 01:24:00,0.2786618602996782
2019-04-21 01:27:00,0.2588561001466587
2019-04-21 01:30:00,0.19382438415772185
2019-04-21 01:33:00,0.18179935744058184
2019-04-21 01:36:00,0.27974247649285644
2019-04-21 01:39:00,0.225508667670681
2019-04-21 01:42:00,0.2189841344644492
2019-04-21 01:45:00,0.21315668512824004
2019-04-21 01:48:00,0.31292605409953467
2019-04-21 01:51:00,0.28375049934891194
2019-04-21 01:54:00,0.2587784136296136
2019-04-21 01:57:00,0.25325464207287496
2019-04-21 02:00:00,0.25668951343334356
2019-04-21 02:03:00,0.25700918186043964
2019-04-21 02:06:00,0.18559337583747038
2019-04-21 02:09:00,0.22021482052713282
2019-04-21 02:12:00,0.2526637383598995
2019-04-21 02:15:00,0.29045888757218563
2019-04-21 02:18:00,0.1962348931945712
2019-04-21 02:21:00,0.26363070703416724
2019-04-21 02:24:00,0.2747273339694516
2019-04-21 02:27:00,0.22329015371008154
2019-04-21 02:30:00,0.275269611480212
2019-04-21 02:33:00,0.2439260624150279
2019-04-21 02:36:00,0.29399948637484385
2019-04-21 02:39:00,0.23506120839277855
2019-04-21 02:42:00,0.2657872241819632
2019-04-21 02:45:00,0.3094762560834283
2019-04-21 02:48:00,0.31530801658601604
2019-04-21 02:51:00,0.26649717809823414
2019-04-21 02:54:00,0.30921213466547215
2019-04-21 02:57:00,0.301838573424277
2019-04-21 03:00:00,0.27816528791140627
2019-04-21 03:03:00,0.1851794843106518
2019-04-21 03:06:00,0.21629494755239875
2019-04-21 03:09:00,0.2261583187130327
2019-04-21 03:12:00,0.3304384058382652
2019-04-21 03:15:00,0.20927721025464052
2019-04-21 03:18:00,0.25668882259867587
2019-04-21 03:21:00,0.35210560163108084
2019-04-21 03:24:00,0.38597034621744797
2019-04-21 03:27:00,0.2766656037382518
2019-04-21 03:30:00,0.314561093157522
2019-04-21 03:33:00,0.35715382464451295
2019-04-21 03:36:00,0.19911625602560434
2019-04-21 03:39:00,0.26444347914639366
2019-04-21 03:42:00,0.21008083205265393
2019-04-21 03:45:00,0.29715769897399014
2019-04-21 03:48:00,0.3375522688842807
2019-04-21 03:51:00,0.3147721222920268
2019-04-21 03:54:00,0.4067701549045637
2019-04-21 03:57:00,0.28994310377231614
2019-04-21 04:00:00,0.28503629616625403
2019-04-21 04:03:00,0.292542093392683
2019-04-21 04:06:00,0.29870346839953754
2019-04-21 04:09:00,0.28715693256361874
2019-04-21 04:12:00,0.3446780807590244
2019-04-21 04:15:00,0.3658542676167258
2019-04-21 04:18:00,0.2677519841413414
2019-04-21 04:21:00,0.38068389897068755
2019-04-21 04:24:00,0.36725980907948497
2019-04-21 04:27:00,0.38763071818436856
2019-04-21 04:30:00,0.39349330842946983
2019-04-21 04:33:00,0.4126139474441288
2019-04-21 04:36:00,0.5393018546820372
2019-04-21 04:39:00,0.4402671586017277
2019-04-21 04:42:00,0.36343649463458405
2019-04-21 04:45:00,0.22782940092542958
2019-04-21 04:48:00,0.3126527828866301
2019-04-21 04:51:00,0.3533350900030996
2019-04-21 04:54:00,0.2921199488803268
2019-04-21 04:57:00,0.3137132805841816
2019-04-21 05:00:00,0.26242456868067165
2019-04-21 05:03:00,0.3644772215216676
2019-04-21 05:06:00,0.2762583562069949
2019-04-21 05:09:00,0.2600913793091877
2019-04-21 05:12:00,0.40984400113325137
2019-04-21 05:15:00,0.276796347879781
2019-04-21 05:18:00,0.38904895763937475
2019-04-21 05:21:00,0.41305577972008223
2019-04-21 05:24:00,0.37229437040463154
2019-04-21 05:27:00,0.3440939436811732
2019-04-21 05:30:00,0.1983344732178125
2019-04-21 05:33:00,0.34789496835873024
2019-04-21 05:36:00,0.3699536590827961
2019-04-21 05:39:00,0.38105074044312914
2019-04-21 05:42:00,0.35552329380351466
2019-04-21 05:45:00,0.31451574483611466
2019-04-21 05:48:00,0.30813225439175085
2019-04-21 05:51:00,0.32974396912152315
2019-04-21 05:54:00,0.3585661349697489
2019-04-21 05:57:00,0.2802013366384699
2019-04-21 06:00:00,0.3518535186737495
2019-04-21 06:03:00,0.35068490474702685
2019-04-21 06:06:00,0.3058340926502865
2019-04-21 06:09:00,0.30019494105846434
2019-04-21 06:12:00,0.3445367039303733
2019-04-21 06:15:00,0.30298151603517454
2019-04-21 06:18:00,0.2982250269546398
2019-04-21 06:21:00,0.31997606135979595
2019-04-21 06:24:00,0.33214245425295985
2019-04-21 06:27:00,0.2994618527690136
2019-04-21 06:30:00,0.32977779116220063
2019-04-21 06:33:00,0.38133547852072525
2019-04-21 06:36:00,0.37358855405852864
2019-04-21 06:39:00,0.4249923576733181
2019-04-21 06:42:00,0.3258472453159129
2019-04-21 06:45:00,0.3405732923840219
2019-04-21 06:48:00,0.3995067144190898
2019-04-21 06:51:00,0.29940407026350613
2019-04-21 06:54:00,0.30536445933768164
2019-04-21 06:57:00,0.30942102694211826
2019-04-21 07:00:00,0.444983533822608
2019-04-21 07:03:00,0.2894522076250041
2019-04-21 07:06:00,0.38658194562231074
2019-04-21 07:09:00,0.4391744016160146
2019-04-21 07:12:00,0.37503749280358534
2019-04-21 07:15:00,0.2160044440324782
2019-04-21 07:18:00,0.4233998053792334
2019-04-21 07:21:00,0.3271232456033317
2019-04-21 07:24:00,0.3597329585003308
2019-04-21 07:27:00,0.33876243652582616
2019-04-21 07:30:00,0.4119340425841642
2019-04-21 07:33:00,0.40850059370347935
2019-04-21 07:36:00,0.3935480685830157
2019-04-21 07:39:00,0.43619130450031207
2019-04-21 07:42:00,0.34916966897537804
2019-04-21 07:45:00,0.2700736167402624
2019-04-21 07:48:00,0.29725729980594906
2019-04-21 07:51:00,0.35314606861561515
2019-04-21 07:54:00,0.29451835817127403
2019-04-21 07:57:00,0.4203647526882719
2019-04-21 08:00:00,0.35134546897540986
2019-04-21 08:03:00,0.39296866897223026
2019-04-21 08:06:00,0.3045341696118271
2019-04-21 08:09:00,0.23779692454166934
2019-04-21 08:12:00,0.27932829196902276
2019-04-21 08:15:00,0.27123904411610056
2019-04-21 08:18:00,0.26463765095746794
2019-04-21 08:21:00,0.3402375443540109
2019-04-21 08:24:00,0.22491845836907487
2019-04-21 08:27:00,0.25376291333708423
2019-04-21 08:30:00,0.31890112962025796
2019-04-21 08:33:00,0.19562255310222554
2019-04-21 08:36:00,0.18378981641632208
2019-04-21 08:39:00,0.2319976805698616
2019-04-21 08:42:00,0.2640961518077347
2019-04-21 08:45:00,0.21856038881253426
2019-04-21 08:48:00,0.244493620005926
2019-04-21 08:51:00,0.29330242661382044
2019-04-21 08:54:00,0.15338620407976578
2019-04-21 08:57:00,0.1858845850881039
2019-04-21 09:00:00,0.13424265067772012
2019-04-21 09:03:00,0.26099313305689975
2019-04-21 09:06:00,0.14392470311196348
2019-04-21 09:09:00,0.163258841957429
2019-04-21 09:12:00,0.19225494850655878
2019-04-21 09:15:00,0.11820915874085358
2019-04-21 09:18:00,0.045348557311001514
2019-04-21 09:21:00,0.20434180630456922
2019-04-21 09:24:00,0.10759240167681128
2019-04-21 09:27:00,0.07508224944450603
2019-04-21 09:30:00,0.08524111870059414
2019-04-21 09:33:00,0.06020273357597716
2019-04-21 09:36:00,0.15252260891185188
2019-04-21 09:39:00,0.09206690566350062
2019-04-21 09:42:00,-0.007271026689636528
2019-04-21 09:45:00,0.11285945566640976
2019-04-21 09:48:00,-0.009883608122265741
2019-04-21 09:51:00,-0.004671585333369421
2019-04-21 09:54:00,0.00625374104885168
2019-04-21 09:57:00,-0.002598459424120847
2019-04-21 10:00:00,0.023442565205471055
2019-04-21 10:03:00,-0.03715643895060339
2019-04-21 10:06:00,-0.048129853327623096
2019-04-21 10:09:00,-0.07637142135246222
2019-04-21 10:12:00,0.037674742654360216
2019-04-21 10:15:00,-0.008692260914585859
2019-04-21 10:18:00,-0.05907005741278226
2019-04-21 10:21:00,-0.012519336686580118
2019-04-21 10:24:00,-0.11188739841185225
2019-04-21 10:27:00,-0.10060142679469664
2019-04-21 10:30:00,-0.0613361794715388
2019-04-21 10:33:00,-0.12452006049738884
2019-04-21 10:36:00,-0.08746302609029044
2019-04-21 10:39:00,-0.09682350206662704
2019-04-21 10:42:00,-0.10894213570429656
2019-04-21 10:45:00,-0.18698870337732387
2019-04-21 10:48:00,-0.1917575060889476
2019-04-21 10:51:00,-0.1250488475151883
2019-04-21 10:54:00,-0.22319790329783018
2019-04-21 10:57:00,-0.12951359778202232
2019-04-21 11:00:00,-0.1257610588563125
2019-04-21 11:03:00,-0.24690214929154308
2019-04-21 11:06:00,-0.09208309802232861
2019-04-21 11:09:00,-0.3435192621989813
2019-04-21 11:12:00,-0.1684165636647208
2019-04-21 11:15:00,-0.10505910020532383
2019-04-21 11:18:00,-0.1305681608133682
2019-04-21 11:21:00,-0.18331013245676786
2019-04-21 11:24:00,-0.16326049885350358
2019-04-21 11:27:00,-0.138001130565101
2019-04-21 11:30:00,-0.11734478849285779
2019-04-21 11:33:00,-0.22775266162648222
2019-04-21 11:36:00,-0.15129833513833546
2019-04-21 11:39:00,-0.07737316787171267
2019-04-21 11:42:00,-0.05090714844163813
2019-04-21 11:45:00,-0.004645405312203366
2019-04-21 11:48:00,0.013087850754743613
2019-04-21 11:51:00,0.08791065298288459
2019-04-21 11:54:00,0.10961720617825677
2019-04-21 11:57:00,0.13222562903240487
2019-04-21 12:00:00,0.0356413238633877
2019-04-21 12:03:00,0.12333862235988136
2019-04-21 12:06:00,0.1498845761074108
2019-04-21 12:09:00,0.07716963826862866
2019-04-21 12:12:00,0.13675560102950612
2019-04-21 12:15:00,0.07874645532882596
2019-04-21 12:18:00,0.05336948221815874
2019-04-21 12:21:00,0.05542580778211459
2019-04-21 12:24:00,0.11117406763304416
2019-04-21 12:27:00,0.02795834340025749
2019-04-21 12:30:00,0.01591355159877139
2019-04-21 12:33:00,0.03953417610620136
2019-04-21 12:36:00,0.02940456884221021
2019-04-21 12:39:00,0.13286066395374974
2019-04-21 12:42:00,0.10108554685768922
2019-04-21 12:45:00,-0.011663324240430484
2019-04-21 12:48:00,0.1056234145040662
2019-04-21 12:51:00,-0.07376540832927958
2019-04-21 12:54:00,0.030939772991246173
2019-04-21 12:57:00,0.11294396035310683
2019-04-21 13:00:00,-0.05771294447583841
2019-04-21 13:03:00,0.16442497276807444
2019-04-21 13:06:00,0.10077161673672208
2019-04-21 13:09:00,0.032381060305738174
2019-04-21 13:12:00,0.08842061529719558
2019-04-21 13:15:00,0.09109999807492386
2019-04-21 13:18:00,-0.013808396658419042
2019-04-21 13:21:00,0.07913352325346068
2019-04-21 13:24:00,-0.03070428421210636
2019-04-21 13:27:00,-0.0876917744393495
2019-04-21 13:30:00,0.03280060532318885
2019-04-21 13:33:00,-0.14046743243022775
2019-04-21 13:36:00,0.08442989826698977
2019-04-21 13:39:00,0.02473976351990359
2019-04-21 13:42:00,0.018535968527487512
2019-04-21 13:45:00,0.09998122453453107
2019-04-21 13:48:00,0.021923829693605512
2019-04-21 13:51:00,0.1216137403855555
2019-04-21 13:54:00,0.11814372510406201
2019-04-21 13:57:00,0.23702582697438856
2019-04-21 14:00:00,0.12275960690493548
2019-04-21 14:03:00,0.24777994206283438
2019-04-21 14:06:00,0.18921395863185353
2019-04-21 14:09:00,0.30496921689098144
2019-04-21 14:12:00,0.31886294647034674
2019-04-21 14:15:00,0.33480369088260886
2019-04-21 14:18:00,0.29124309762096345
2019-04-21 14:21:00,0.263542886741277
2019-04-21 14:24:00,0.3005219183874033
2019-04-21 14:27:00,0.27431105538664724
2019-04-21 14:30:00,0.24549624936878445
2019-04-21 14:33:00,0.21983708729555929
2019-04-21 14:36:00,0.21407877919261864
2019-04-21 14:39:00,0.22710395038524211
2019-04-21 14:42:00,0.22758912084185567
2019-04-21 14:45:00,0.24953295224020167
2019-04-21 14:48:00,0.18973819616684295
2019-04-21 14:51:00,0.2536398525839445
2019-04-21 14:54:00,0.12463610172721928
2019-04-21 14:57:00,0.2510136103227296
2019-04-21 15:00:00,0.22039195367284492
2019-04-21 15:03:00,0.22774323474885705
2019-04-21 15:06:00,0.16921179032152622
2019-04-21 15:09:00,0.05084133570949234
2019-04-21 15:12:00,0.09574162085010585
2019-04-21 15:15:00,0.1317022176739897
2019-04-21 15:18:00,0.14447460987543082
2019-04-21 15:21:00,0.17519147717837313
2019-04-21 15:24:00,0.157983763195773
2019-04-21 15:27:00,0.16778741255723162
2019-04-21 15:30:00,0.16325115879641316
2019-04-21 15:33:00,0.06799437737981862
2019-04-21 15:36:00,0.14835979078679884
2019-04-21 15:39:00,0.16795889179871892
2019-04-21 15:42:00,0.08081169958484224
2019-04-21 15:45:00,0.12440530672745354
2019-04-21 15:48:00,0.025844263257681632
2019-04-21 15:51:00,0.07630012180175072
2019-04-21 15:54:00,-0.004096691226152416
2019-04-21 15:57:00,0.12949334935228762
2019-04-21 16:00:00,-0.05399137581787272
2019-04-21 16:03:00,0.04354315703517386
2019-04-21 16:06:00,-0.03368374446250755
2019-04-21 16:09:00,0.08453649747559666
2019-04-21 16:12:00,0.10421790766872618
2019-04-21 16:15:00,0.027611748058404828
2019-04-21 16:18:00,0.008289077080235074
2019-04-21 16:21:00,0.09797192695054946
2019-04-21 16:24:00,0.05946221550402697
2019-04-21 16:27:00,0.04545172255348007
2019-04-21 16:30:00,-0.006335934778689989
2019-04-21 16:33:00,0.03922713379455445
2019-04-21 16:36:00,0.0019913005163516573
2019-04-21 16:39:00,0.05361680087213472
2019-04-21 16:42:00,-0.040342333152011634
2019-04-21 16:45:00,-0.030236458845195102
2019-04-21 16:48:00,0.05026302175275532
2019-04-21 16:51:00,-0.023289666604057402
2019-04-21 16:54:00,-0.005151190547337592
2019-04-21 16:57:00,0.04455202723295315
2019-04-21 17:00:00,4.09757290071866e-05
2019-04-21 17:03:00,0.03146841559856739
2019-04-21 17:06:00,0.09812978059233046
2019-04-21 17:09:00,-0.07307856893254439
2019-04-21 17:12:00,0.053947062372117216
2019-04-21 17:15:00,-0.04269985977674651
2019-04-21 17:18:00,-0.0073199487771944405
2019-04-21 17:21:00,-0.07976803261766463
2019-04-21 17:24:00,0.03062640755609891
2019-04-21 17:27:00,-0.0011583883502908066
2019-04-21 17:30:00,-0.06882254508781216
2019-04-21 17:33:00,-0.03195158140277954
2019-04-21 17:36:00,0.10793424455516742
2019-04-21 17:39:00,0.011293861538206329
2019-04-21 17:42:00,-0.052826710161525625
2019-04-21 17:45:00,-0.07759231761269803
2019-04-21 17:48:00,0.09079784584270101
2019-04-21 17:51:00,-0.005278115830549268
2019-04-21 17:54:00,0.06848889652729895
2019-04-21 17:57:00,-0.051210394303893736
2019-04-21 18:00:00,-0.02773639908258474
2019-04-21 18:03:00,0.024603731905870063
2019-04-21 18:06:00,-0.032638585723475444
2019-04-21 18:09:00,0.007344236032224671
2019-04-21 18:12:00,0.0029581805563339003
2019-04-21 18:15:00,0.03749961072679753
2019-04-21 18:18:00,-0.03751615560668142
2019-04-21 18:21:00,-0.09618748606442296
2019-04-21 18:24:00,0.00014024326742401172
2019-04-21 18:27:00,-0.04072362215185876
2019-04-21 18:30:00,-0.0639654896316415
2019-04-21 18:33:00,0.0574248399498174
2019-04-21 18:36:00,-0.03422588629638312
2019-04-21 18:39:00,-0.05949302709927906
2019-04-21 18:42:00,-0.015162091572221925
2019-04-21 18:45:00,0.05038295025588013
2019-04-21 18:48:00,-0.012412603307495829
2019-04-21 18:51:00,0.04507700690572847
2019-04-21 18:54:00,-0.013410251582968158
2019-04-21 18:57:00,
2019-04-21 19:00:00,
2019-04-21 19:03:00,-0.047704618191801273
2019-04-21 19:06:00,-0.06959471540449158
2019-04-21 19:09:00,-0.0004976734157366991
2019-04-21 19:12:00,-0.009097036184471108
2019-04-21 19:15:00,0.04366315583109781
2019-04-21 19:18:00,0.04308983383504028
2019-04-21 19:21:00,0.025850593375082553
2019-04-21 19:24:00,-0.014565629961055038
2019-04-21 19:27:00,0.04987022931464935
2019-04-21 19:30:00,0.04487726372565248
2019-04-21 19:33:00,0.028200541034493654
2019-04-21 19:36:00,0.06570991621612166
2019-04-21 19:39:00,0.11926994072615571
2019-04-21 19:42:00,0.020571948817064367
2019-04-21 19:45:00,0.040585123832556746
2019-04-21 19:48:00,0.04877413502543959
2019-04-21 19:51:00,0.059188557943286924
2019-04-21 19:54:00,0.03199033820629893
2019-04-21 19:57:00,0.08125422880129918
2019-04-21 20:00:00,0.045071763216697036
2019-04-21 20:03:00,-0.020761038460705095
2019-04-21 20:06:00,0.08898000359624803
2019-04-21 20:09:00,0.09721023064940937
2019-04-21 20:12:00,0.15997834483630413
2019-04-21 20:15:00,0.09217695830369621
2019-04-21 20:18:00,0.14821317679468393
2019-04-21 20:21:00,0.1752625599006592
2019-04-21 20:24:00,0.2659666613148488
2019-04-21 20:27:00,0.37027950874056614
2019-04-21 20:30:00,0.425564161757336
2019-04-21 20:33:00,0.3890696701633942
2019-04-21 20:36:00,0.41642027004724014
2019-04-21 20:39:00,0.445448310068457
2019-04-21 20:42:00,0.5147862055564474
2019-04-21 20:45:00,0.6612721150953575
2019-04-21 20:48:00,0.6721340333222656
2019-04-21 20:51:00,0.7333667711761223
2019-04-21 20:54:00,0.4907435752979836
2019-04-21 20:57:00,0.5307961834636217
2019-04-21 21:00:00,0.32977344816549703
2019-04-21 21:03:00,0.41872788990178833
2019-04-21 21:06:00,0.3494738881055355
2019-04-21 21:09:00,0.3472921258405677
2019-04-21 21:12:00,0.341136919130804
2019-04-21 21:15:00,0.3555770084138885
2019-04-21 21:18:00,0.3533397498968611
2019-04-21 21:21:00,0.3809959655571902
2019-04-21 21:24:00,0.31946563603702316
2019-04-21 21:27:00,0.25120040281814227
2019-04-21 21:30:00,0.3583062369051504
2019-04-21 21:33:00,0.2816768670334113
2019-04-21 21:36:00,0.4498774900067133
2019-04-21 21:39:00,0.3750570762706502
2019-04-21 21:42:00,0.47510978412094573
2019-04-21 21:45:00,0.4241965875197593
2019-04-21 21:48:00,0.4052189977805938
2019-04-21 21:51:00,0.45209757418041363
2019-04-21 21:54:00,0.4329929652655551
2019-04-21 21:57:00,0.39838961771641834
2019-04-21 22:00:00,0.37223906118885
2019-04-21 22:03:00,0.2963631409911045
2019-04-21 22:06:00,0.33443118302017183
2019-04-21 22:09:00,0.37362001150535207
2019-04-21 22:12:00,0.35783006879643153
2019-04-21 22:15:00,0.43711291132245833
2019-04-21 22:18:00,0.38089192931732896
2019-04-21 22:21:00,0.37176164836620273
2019-04-21 22:24:00,0.4182007473210092
2019-04-21 22:27:00,0.40582650189890046
2019-04-21 22:30:00,0.44039545915268263
2019-04-21 22:33:00,0.4676275130539125
2019-04-21 22:36:00,0.4187502808754857
2019-04-21 22:39:00,0.3788014163398543
2019-04-21 22:42:00,0.4556970276504444
2019-04-21 22:45:00,0.451297656683721
2019-04-21 22:48:00,0.4052757459316467
2019-04-21 22:51:00,0.37528546839757837
2019-04-21 22:54:00,0.4649084342780725
2019-04-21 22:57:00,0.4661719450177202
2019-04-21 23:00:00,0.45870092396637574
2019-04-21 23:03:00,0.3893512089978799
2019-04-21 23:06:00,0.3959185515740842
2019-04-21 23:09:00,0.44633482109725264
2019-04-21 23:12:00,0.37989007239985995
2019-04-21 23:15:00,0.36594579953390394
2019-04-21 23:18:00,0.37683938401175965
2019-04-21 23:21:00,0.3689261719813999
2019-04-21 23:24:00,0.35566305358162253
2019-04-21 23:27:00,0.34746512628885284
2019-04-21 23:30:00,0.4590283926262373
2019-04-21 23:33:00,0.3818657081247352
2019-04-21 23:36:00,0.2998275057639148
2019-04-21 23:39:00,0.3584136819919763
2019-04-21 23:42:00,0.3691410687617349
2019-04-21 23:45:00,0.3011003751475414
2019-04-21 23:48:00,0.34186380838434616
2019-04-21 23:51:00,0.2532593206692013
2019-04-21 23:54:00,0.2121591072250908
2019-04-21 23:57:00,0.23035071788285677
2019-04-22 00:00:00,0.3069352185048615
2019-04-22 00:03:00,0.22791160962208323
2019-04-22 00:06:00,0.21643266618832513
2019-04-22 00:09:00,0.2761373185277307
2019-04-22 00:12:00,0.22006494833442503
2019-04-22 00:15:00,0.3097879084309625
2019-04-22 00:18:00,0.35397896934023265
2019-04-22 00:21:00,0.24959188069476568
2019-04-22 00:24:00,0.2652504886311249
2019-04-22 00:27:00,0.316149607389832
2019-04-22 00:30:00,0.33614787387358547
2019-04-22 00:33:00,0.32595708097005627
2019-04-22 00:36:00,0.3431534177944968
2019-04-22 00:39:00,0.34715307936033923
2019-04-22 00:42:00,0.22365861203576287
2019-04-22 00:45:00,0.3128693292675848
2019-04-22 00:48:00,0.25635818418180634
2019-04-22 00:51:00,0.2649945605557491
2019-04-22 00:54:00,0.33249173144776023
2019-04-22 00:57:00,0.251763963534529
2019-04-22 01:00:00,0.3360246958279163
2019-04-22 01:03:00,0.2558749407925802
2019-04-22 01:06:00,0.33151484000535447
2019-04-22 01:09:00,0.27953677903673224
2019-04-22 01:12:00,0.2475104988954513
2019-04-22 01:15:00,0.27069206099702114
2019-04-22 01:18:00,0.2742768579652761
2019-04-22 01:21:00,0.3071607704042094
2019-04-22 01:24:00,0.33133118526876615
2019-04-22 01:27:00,0.3250123517934753
2019-04-22 01:30:00,0.3372434701107636
2019-04-22 01:33:00,0.3157916732515673
2019-04-22 01:36:00,0.37371333634575876
2019-04-22 01:39:00,0.4966057526486338
2019-04-22 01:42:00,0.5655617859661106
2019-04-22 01:45:00,0.5966359351810979
2019-04-22 01:48:00,0.5387295129154381
2019-04-22 01:51:00,0.5204132536634916
2019-04-22 01:54:00,0.5397186820906654
2019-04-22 01:57:00,0.46762889725977175
2019-04-22 02:00:00,0.5488079124846763
2019-04-22 02:03:00,0.6411510960663804
2019-04-22 02:06:00,0.5622467444606514
2019-04-22 02:09:00,0.5519145571291801
2019-04-22 02:12:00,0.5856658726665387
2019-04-22 02:15:00,0.5786455988190369
2019-04-22 02:18:00,0.516636156479251
2019-04-22 02:21:00,0.4510689413198179
2019-04-22 02:24:00,0.44339113621992965
2019-04-22 02:27:00,0.3010231599279791
2019-04-22 02:30:00,0.35221417374481234
2019-04-22 02:33:00,0.33688885985844763
2019-04-22 02:36:00,0.25491582292153225
2019-04-22 02:39:00,0.32591721094286186
2019-04-22 02:42:00,0.36536248526454074
2019-04-22 02:45:00,0.3353057771827821
2019-04-22 02:48:00,0.3519761712124705
2019-04-22 02:51:00,0.3807104598157025
2019-04-22 02:54:00,0.3714284130763872
2019-04-22 02:57:00,0.3941940312447514
2019-04-22 03:00:00,0.3781907951700987
2019-04-22 03:03:00,0.3173357299187387
2019-04-22 03:06:00,0.34624211964785445
2019-04-22 03:09:00,0.2975378417073671
2019-04-22 03:12:00,0.43653498809521807
2019-04-22 03:15:00,0.4109696882640037
2019-04-22 03:18:00,0.2793839653643886
2019-04-22 03:21:00,0.3850741184045319
2019-04-22 03:24:00,0.303093946825868
2019-04-22 03:27:00,0.3012588094621833
2019-04-22 03:30:00,0.24397137835018157
2019-04-22 03:33:00,0.35664185867318565
2019-04-22 03:36:00,0.32418614990211836
2019-04-22 03:39:00,0.23583548883885896
2019-04-22 03:42:00,0.32128691208737337
2019-04-22 03:45:00,0.2323727661134285
2019-04-22 03:48:00,0.21684716573162177
2019-04-22 03:51:00,0.27227038576307905
2019-04-22 03:54:00,0.15477241182213675
2019-04-22 03:57:00,0.3417988408699557
2019-04-22 04:00:00,0.2831695339525595
2019-04-22 04:03:00,0.37474057543835215
2019-04-22 04:06:00,0.43550254359320206
2019-04-22 04:09:00,0.5488136964136743
2019-04-22 04:12:00,0.6682441017184146
2019-04-22 04:15:00,0.6273380299604128
2019-04-22 04:18:00,0.568227011509407
2019-04-22 04:21:00,0.5853754000646063
2019-04-22 04:24:00,0.6255906284328603
2019-04-22 04:27:00,0.876525208429257
2019-04-22 04:30:00,0.8422723063756052
2019-04-22 04:33:00,0.838105921638828
2019-04-22 04:36:00,0.9072522334587916
2019-04-22 04:39:00,0.8233852494552139
2019-04-22 04:42:00,0.7448716269959732
2019-04-22 04:45:00,0.8318879854056718
2019-04-22 04:48:00,0.811993093471358
2019-04-22 04:51:00,0.7999172329171529
2019-04-22 04:54:00,0.8103087016106656
2019-04-22 04:57:00,0.7838336337434839
2019-04-22 05:00:00,0.7285025410611183
2019-04-22 05:03:00,0.6316856866502576
2019-04-22 05:06:00,0.6341471754216172
2019-04-22 05:09:00,0.5966993665309133
2019-04-22 05:12:00,0.6300271850213903
2019-04-22 05:15:00,0.6801443854851073
2019-04-22 05:18:00,0.6669395156752103
2019-04-22 05:21:00,0.6071155327890096
2019-04-22 05:24:00,0.7441156918686715
2019-04-22 05:27:00,0.7779939556853037
2019-04-22 05:30:00,0.8109567122284602
2019-04-22 05:33:00,0.7515121591034131
2019-04-22 05:36:00,0.7061700082816742
2019-04-22 05:39:00,0.7436030383996126
2019-04-22 05:42:00,0.69581398714638
2019-04-22 05:45:00,0.6957891515378947
2019-04-22 05:48:00,0.7256839722934387
2019-04-22 05:51:00,0.7064695612639298
2019-04-22 05:54:00,0.6399277221887019
2019-04-22 05:57:00,0.47054710421508616
2019-04-22 06:00:00,0.5472917892764144
2019-04-22 06:03:00,0.6998653361461606
2019-04-22 06:06:00,0.5303492609320983
2019-04-22 06:09:00,0.6656115647257934
2019-04-22 06:12:00,0.5901075537441329
2019-04-22 06:15:00,0.558829404523749
2019-04-22 06:18:00,0.5251701303162122
2019-04-22 06:21:00,0.6576344990185703
2019-04-22 06:24:00,0.7289850309730923
2019-04-22 06:27:00,0.6712567429260048
2019-04-22 06:30:00,0.6073307909705932
2019-04-22 06:33:00,0.564495329881538
2019-04-22 06:36:00,0.5830013165184482
2019-04-22 06:39:00,0.6875778590378445
2019-04-22 06:42:00,0.6862102660976461
2019-04-22 06:45:00,0.606844886248382
2019-04-22 06:48:00,0.6636706396514
2019-04-22 06:51:00,0.676452976576229
2019-04-22 06:54:00,0.7312217665860885
2019-04-22 06:57:00,0.6202513968347603
2019-04-22 07:00:00,0.7822078295952224
2019-04-22 07:03:00,0.841255764963762
2019-04-22 07:06:00,0.8724053262059783
2019-04-22 07:09:00,0.8215591769760522
2019-04-22 07:12:00,0.8545959766646547
2019-04-22 07:15:00,0.66278793058774
2019-04-22 07:18:00,0.6903108496219375
2019-04-22 07:21:00,0.5903483918120855
2019-04-22 07:24:00,0.5833221479064719
2019-04-22 07:27:00,0.6411277747100712
2019-04-22 07:30:00,0.6812324978675974
2019-04-22 07:33:00,0.7099560310246602
2019-04-22 07:36:00,0.5569541892650705
2019-04-22 07:39:00,0.5210644225221017
2019-04-22 07:42:00,0.5811168844104486
2019-04-22 07:45:00,0.2003593306824314
2019-04-22 07:48:00,0.10583293110175873
2019-04-22 07:51:00,0.17085398816357156
2019-04-22 07:54:00,0.2892491498527079
2019-04-22 07:57:00,0.30997014460234595
2019-04-22 08:00:00,0.3484695224416896
2019-04-22 08:03:00,0.3969490871936614
2019-04-22 08:06:00,0.4186974122751508
2019-04-22 08:09:00,0.24665814382069584
2019-04-22 08:12:00,0.4591401849530712
2019-04-22 08:15:00,0.5225165478605049
2019-04-22 08:18:00,0.659377841203252
2019-04-22 08:21:00,0.6896120574478459
2019-04-22 08:24:00,0.6150248046257616
2019-04-22 08:27:00,0.5619792442278708
2019-04-22 08:30:00,0.6140398827872673
2019-04-22 08:33:00,0.6311599619896242
2019-04-22 08:36:00,0.6328217891739882
2019-04-22 08:39:00,0.5503044302135436
2019-04-22 08:42:00,0.6300002256901962
2019-04-22 08:45:00,0.7052798906368594
2019-04-22 08:48:00,0.6287833714752651
2019-04-22 08:51:00,0.6161376715836582
2019-04-22 08:54:00,0.44367298390756105
2019-04-22 08:57:00,0.4301470323384251
2019-04-22 09:00:00,0.3847966995606953
2019-04-22 09:03:00,0.28853470865129793
2019-04-22 09:06:00,0.35556167803957806
2019-04-22 09:09:00,0.34362424222240406
2019-04-22 09:12:00,0.2655825294748979
2019-04-22 09:15:00,0.25903489964241544
2019-04-22 09:18:00,0.26448601642300673
2019-04-22 09:21:00,0.3052244436108822
2019-04-22 09:24:00,0.3077037301179075
2019-04-22 09:27:00,0.3582265840717582
2019-04-22 09:30:00,0.2982521778823184
2019-04-22 09:33:00,0.30197899645469306
2019-04-22 09:36:00,0.2773605022387642
2019-04-22 09:39:00,0.26440212392469675
2019-04-22 09:42:00,0.4214736118462383
2019-04-22 09:45:00,0.38089386653911106
2019-04-22 09:48:00,0.4428379105779072
2019-04-22 09:51:00,0.41805434763216454
2019-04-22 09:54:00,0.35307073141990486
2019-04-22 09:57:00,0.41816056891337894
2019-04-22 10:00:00,0.4304339005038287
2019-04-22 10:03:00,0.21261415057415434
2019-04-22 10:06:00,0.21889144910971936
2019-04-22 10:09:00,0.23191450013950998
2019-04-22 10:12:00,0.17055993897935195
2019-04-22 10:15:00,0.18657472841073286
2019-04-22 10:18:00,0.15744660068884286
2019-04-22 10:21:00,0.22095593497516575
2019-04-22 10:24:00,0.1403761699041297
2019-04-22 10:27:00,0.15640486829886413
2019-04-22 10:30:00,0.10244390012763915
2019-04-22 10:33:00,0.06408823479671355
2019-04-22 10:36:00,0.0461539680437113
2019-04-22 10:39:00,0.12701544030352352
2019-04-22 10:42:00,0.06481907640079498
2019-04-22 10:45:00,0.0355085741593939
2019-04-22 10:48:00,-0.005762909751410916
2019-04-22 10:51:00,0.05449680447412675
2019-04-22 10:54:00,0.06682703923087274
2019-04-22 10:57:00,-0.051398724340913304
2019-04-22 11:00:00,0.04633665069502513
2019-04-22 11:03:00,0.011753921552667634
2019-04-22 11:06:00,0.12714308170620825
2019-04-22 11:09:00,0.08305991449424255
2019-04-22 11:12:00,-0.0620956836863229
2019-04-22 11:15:00,-0.004251944886391357
2019-04-22 11:18:00,-0.025017987247906603
2019-04-22 11:21:00,-0.036312024906351326
2019-04-22 11:24:00,-0.05899921875254677
2019-04-22 11:27:00,-0.028346786568931748
2019-04-22 11:30:00,-0.010392911090207235
2019-04-22 11:33:00,0.02599210732392976
2019-04-22 11:36:00,-0.04740675935801164
2019-04-22 11:39:00,-0.04132392967602527
2019-04-22 11:42:00,0.03842898481252632
2019-04-22 11:45:00,-0.11520979708603818
2019-04-22 11:48:00,-0.03252060968952719
2019-04-22 11:51:00,-0.01569195038541693
2019-04-22 11:54:00,0.0031929550695508624
2019-04-22 11:57:00,-0.017404156107886593
2019-04-22 12:00:00,0.04787742156861441
2019-04-22 12:03:00,0.005897387102777429
2019-04-22 12:06:00,0.014608223240543339
2019-04-22 12:09:00,0.013223606707811086
2019-04-22 12:12:00,0.12590349622882968
2019-04-22 12:15:00,0.1540855840319182
2019-04-22 12:18:00,-0.0027184894655079006
2019-04-22 12:21:00,-0.014102546414164863
2019-04-22 12:24:00,0.05628425072569598
2019-04-22 12:27:00,-0.07342602794346931
2019-04-22 12:30:00,-0.047950968476811795
2019-04-22 12:33:00,-0.016872102312788684
2019-04-22 12:36:00,-0.16120498260710292
2019-04-22 12:39:00,-0.05188809078174472
2019-04-22 12:42:00,0.012229292979725415
2019-04-22 12:45:00,-0.025331377618385886
2019-04-22 12:48:00,-0.09489961937981661
2019-04-22 12:51:00,-0.09567581051157958
2019-04-22 12:54:00,0.08078567680735205
2019-04-22 12:57:00,-0.0516629835360618
2019-04-22 13:00:00,-0.06211970486941709
2019-04-22 13:03:00,-0.08494775270543187
2019-04-22 13:06:00,-0.126663483179982
2019-04-22 13:09:00,-0.2343714302460853
2019-04-22 13:12:00,-0.16166564055089339
2019-04-22 13:15:00,-0.19951311203368505
2019-04-22 13:18:00,-0.03188493769619072
2019-04-22 13:21:00,-0.03472222108001688
2019-04-22 13:24:00,-0.12929685926042112
2019-04-22 13:27:00,-0.1515038160144968
2019-04-22 13:30:00,-0.19006738161345993
2019-04-22 13:33:00,-0.20141922537635537
2019-04-22 13:36:00,-0.23554773737646428
2019-04-22 13:39:00,-0.3116478712702815
2019-04-22 13:42:00,-0.30764088555179114
2019-04-22 13:45:00,-0.31847626993379663
2019-04-22 13:48:00,-0.2749552033665168
2019-04-22 13:51:00,-0.24007173626569056
2019-04-22 13:54:00,-0.18509300333920464
2019-04-22 13:57:00,-0.2809324065203782
2019-04-22 14:00:00,-0.2994501055048886
2019-04-22 14:03:00,-0.2933252466787053
2019-04-22 14:06:00,-0.36567708995778503
2019-04-22 14:09:00,-0.2999231082653182
2019-04-22 14:12:00,-0.3357086949897621
2019-04-22 14:15:00,-0.30754309766615506
2019-04-22 14:18:00,-0.2698304034529997
2019-04-22 14:21:00,-0.2646625740558761
2019-04-22 14:24:00,-0.3861796895892553
2019-04-22 14:27:00,-0.3544346971372079
2019-04-22 14:30:00,-0.3164072038709378
2019-04-22 14:33:00,-0.4253653780759805
2019-04-22 14:36:00,-0.35044524343351213
2019-04-22 14:39:00,-0.34952456068083393
2019-04-22 14:42:00,-0.24530037892452583
2019-04-22 14:45:00,-0.2810194305900495
2019-04-22 14:48:00,-0.37523279449709435
2019-04-22 14:51:00,-0.27376734363485866
2019-04-22 14:54:00,-0.35277433602288966
2019-04-22 14:57:00,-0.30341055594249156
2019-04-22 15:00:00,-0.3645934333112564
2019-04-22 15:03:00,-0.28803837806424326
2019-04-22 15:06:00,-0.37197418703152607
2019-04-22 15:09:00,-0.18785393375054582
2019-04-22 15:12:00,-0.2904096478968654
2019-04-22 15:15:00,-0.34354565561017125
2019-04-22 15:18:00,-0.24022689466562497
2019-04-22 15:21:00,-0.2605781862940262
2019-04-22 15:24:00,-0.3155462788616319
2019-04-22 15:27:00,-0.3492817092580367
2019-04-22 15:30:00,-0.30413452533008467
2019-04-22 15:33:00,-0.35015851974725365
2019-04-22 15:36:00,-0.27113811029340695
2019-04-22 15:39:00,-0.3463664700991558
2019-04-22 15:42:00,-0.3980413308025845
2019-04-22 15:45:00,-0.3308006316089518
2019-04-22 15:48:00,-0.410454592310316
2019-04-22 15:51:00,-0.39663788815079215
2019-04-22 15:54:00,-0.5330322510970404
2019-04-22 15:57:00,-0.4388885914944467
2019-04-22 16:00:00,-0.3739971689011554
2019-04-22 16:03:00,-0.31635369722863516
2019-04-22 16:06:00,-0.2834579381715798
2019-04-22 16:09:00,-0.3244223289252659
2019-04-22 16:12:00,-0.30605284955038314
2019-04-22 16:15:00,-0.2642582633724828
2019-04-22 16:18:00,-0.24852721652598575
2019-04-22 16:21:00,-0.15557915168079717
2019-04-22 16:24:00,-0.10632857241176907
2019-04-22 16:27:00,-0.23016456612299407
2019-04-22 16:30:00,-0.26783875480936103
2019-04-22 16:33:00,-0.1951877015508785
2019-04-22 16:36:00,-0.25439421543859453
2019-04-22 16:39:00,-0.15055791551748143
2019-04-22 16:42:00,-0.13611156445909955
2019-04-22 16:45:00,-0.1631145902189246
2019-04-22 16:48:00,-0.1331911607947518
2019-04-22 16:51:00,-0.18086438774156477
2019-04-22 16:54:00,-0.233526209640047
2019-04-22 16:57:00,-0.1649349896541139
2019-04-22 17:00:00,-0.12958780460610342
2019-04-22 17:03:00,-0.055361565838268234
2019-04-22 17:06:00,-0.18923046050127823
2019-04-22 17:09:00,-0.1843357754861472
2019-04-22 17:12:00,-0.14416679936579158
2019-04-22 17:15:00,-0.08879148445191731
2019-04-22 17:18:00,-0.07230337866172931
2019-04-22 17:21:00,-0.03223692116245047
2019-04-22 17:24:00,0.03426357214135578
2019-04-22 17:27:00,-0.03945368521488035
2019-04-22 17:30:00,-0.009783247754967306
2019-04-22 17:33:00,0.007230681883299894
2019-04-22 17:36:00,0.0003172347128952424
2019-04-22 17:39:00,0.07622466059956423
2019-04-22 17:42:00,0.08050675734648394
2019-04-22 17:45:00,0.06339124231885762
2019-04-22 17:48:00,-0.029089847625130005
2019-04-22 17:51:00,-0.0029503865168294396
2019-04-22 17:54:00,0.055629840142898956
2019-04-22 17:57:00,0.0037288191441007257
2019-04-22 18:00:00,0.009683078208979623
2019-04-22 18:03:00,0.07076220934754929
2019-04-22 18:06:00,-0.03070899278509387
2019-04-22 18:09:00,-0.0008823294506896673
2019-04-22 18:12:00,0.10380917887908936
2019-04-22 18:15:00,0.0732403247017146
2019-04-22 18:18:00,0.0002088963836399671
2019-04-22 18:21:00,0.09764735052937112
2019-04-22 18:24:00,0.09498195313443603
2019-04-22 18:27:00,0.021063360513664975
2019-04-22 18:30:00,-0.0024526066267753777
2019-04-22 18:33:00,0.012659212442486023
2019-04-22 18:36:00,-0.01061801252484429
2019-04-22 18:39:00,0.08404548435913739
2019-04-22 18:42:00,0.030328019743535606
2019-04-22 18:45:00,0.12597525170042445
2019-04-22 18:48:00,0.10277352849107046
2019-04-22 18:51:00,0.03426998680720317
2019-04-22 18:54:00,
2019-04-22 18:57:00,
2019-04-22 19:00:00,
2019-04-22 19:03:00,0.10979578204580775
2019-04-22 19:06:00,0.03209756322348767
2019-04-22 19:09:00,0.11255208429315644
2019-04-22 19:12:00,0.06766658391990177
2019-04-22 19:15:00,0.11733049515180483
2019-04-22 19:18:00,0.09392870644137474
2019-04-22 19:21:00,0.0021108777435756565
2019-04-22 19:24:00,0.08903537551577756
2019-04-22 19:27:00,0.12311740405857563
2019-04-22 19:30:00,0.0800559763314368
2019-04-22 19:33:00,0.08866187878487608
2019-04-22 19:36:00,0.09274411533357352
2019-04-22 19:39:00,0.10504509893041813
2019-04-22 19:42:00,0.14141627933423706
2019-04-22 19:45:00,0.09008353686635928
2019-04-22 19:48:00,0.16670254806984985
2019-04-22 19:51:00,0.05757727702388138
2019-04-22 19:54:00,-0.01048449659316475
2019-04-22 19:57:00,0.09137386463186203
2019-04-22 20:00:00,0.09078504438883783
2019-04-22 20:03:00,0.03448042031686782
2019-04-22 20:06:00,0.09482043604890578
2019-04-22 20:09:00,0.039740374699761105
2019-04-22 20:12:00,0.04905673324032023
2019-04-22 20:15:00,0.06812224936624034
2019-04-22 20:18:00,0.06412664121381795
2019-04-22 20:21:00,0.1330607991467332
2019-04-22 20:24:00,0.11375117293300718
2019-04-22 20:27:00,0.19652170910620725
2019-04-22 20:30:00,0.19515660757849673
2019-04-22 20:33:00,0.18662454172539356
2019-04-22 20:36:00,0.27684840156143764
2019-04-22 20:39:00,0.28410790096035043
2019-04-22 20:42:00,0.07404823563666696
2019-04-22 20:45:00,0.10859223672463258
2019-04-22 20:48:00,0.08333367400138059
2019-04-22 20:51:00,0.16583943064267714
2019-04-22 20:54:00,0.18332716727178422
2019-04-22 20:57:00,0.1712250499010679
2019-04-22 21:00:00,0.14457310837963178
2019-04-22 21:03:00,0.13619781779408413
2019-04-22 21:06:00,0.1184794573966883
2019-04-22 21:09:00,0.20334381069829988
2019-04-22 21:12:00,0.3540448848623896
2019-04-22 21:15:00,0.20290652169597934
2019-04-22 21:18:00,0.16344726078972371
2019-04-22 21:21:00,0.17612552718543384
2019-04-22 21:24:00,0.23090308819217853
2019-04-22 21:27:00,0.22508126480028068
2019-04-22 21:30:00,0.16554214597510963
2019-04-22 21:33:00,0.23410260294321006
2019-04-22 21:36:00,0.29224894525009404
2019-04-22 21:39:00,0.3334614555141684
2019-04-22 21:42:00,0.28060834802676027
2019-04-22 21:45:00,0.33379267715969263
2019-04-22 21:48:00,0.31192618848530174
2019-04-22 21:51:00,0.41316460136425803
2019-04-22 21:54:00,0.5170125106786827
2019-04-22 21:57:00,0.5113656274813252
2019-04-22 22:00:00,0.4863031502243871
2019-04-22 22:03:00,0.3711599264555616
2019-04-22 22:06:00,0.5149672835194679
2019-04-22 22:09:00,0.40337448605959025
2019-04-22 22:12:00,0.31606441135357954
2019-04-22 22:15:00,0.48084428057705964
2019-04-22 22:18:00,0.478504339729966
2019-04-22 22:21:00,0.44070035594552337
2019-04-22 22:24:00,0.1996660990316741
2019-04-22 22:27:00,0.11329812460041921
2019-04-22 22:30:00,0.1327698944404574
2019-04-22 22:33:00,0.16595978294191127
2019-04-22 22:36:00,0.23980688872461542
2019-04-22 22:39:00,0.29352333481409687
2019-04-22 22:42:00,0.30676517801470027
2019-04-22 22:45:00,0.29345590264347265
2019-04-22 22:48:00,0.25451815375095066
2019-04-22 22:51:00,0.16333708979840367
2019-04-22 22:54:00,0.2293928212381502
2019-04-22 22:57:00,0.26349008208251234
2019-04-22 23:00:00,0.3236817226068638
2019-04-22 23:03:00,0.2698624992136729
2019-04-22 23:06:00,0.13569393297638044
2019-04-22 23:09:00,0.282233817119959
2019-04-22 23:12:00,0.1960191292621971
2019-04-22 23:15:00,0.28713367882397733
2019-04-22 23:18:00,0.3001240802669827
2019-04-22 23:21:00,0.32004791715996816
2019-04-22 23:24:00,0.4463280727064216
2019-04-22 23:27:00,0.288813002741108
2019-04-22 23:30:00,0.33045643043482187
2019-04-22 23:33:00,0.28023329274049047
2019-04-22 23:36:00,0.39340201476767334
2019-04-22 23:39:00,0.27690724231985087
2019-04-22 23:42:00,0.33181351831825623
2019-04-22 23:45:00,0.2820149068190858
2019-04-22 23:48:00,0.2879662708127171
2019-04-22 23:51:00,0.3070572641331637
2019-04-22 23:54:00,0.3166541036040371
2019-04-22 23:57:00,0.35972589324649107
2019-04-23 00:00:00,0.37819669699297265
2019-04-23 00:03:00,0.376656372503021
2019-04-23 00:06:00,0.24070674503548162
2019-04-23 00:09:00,0.2844256373649614
2019-04-23 00:12:00,0.3969361481667306
2019-04-23 00:15:00,0.2975449439913973
2019-04-23 00:18:00,0.28303945100776673
2019-04-23 00:21:00,0.2768455903747622
2019-04-23 00:24:00,0.36087168881994103
2019-04-23 00:27:00,0.2508926652135415
2019-04-23 00:30:00,0.2684741410496372
2019-04-23 00:33:00,0.3829608208398554
2019-04-23 00:36:00,0.3137172677739386
2019-04-23 00:39:00,0.27255579056628676
2019-04-23 00:42:00,0.2844909400557185
2019-04-23 00:45:00,0.21575033643824781
2019-04-23 00:48:00,0.26638447586140046
2019-04-23 00:51:00,0.3612323002356561
2019-04-23 00:54:00,0.3026715223794554
2019-04-23 00:57:00,0.25406272459389356
2019-04-23 01:00:00,0.3638885453204921
2019-04-23 01:03:00,0.3351899613984983
2019-04-23 01:06:00,0.3997309058940459
2019-04-23 01:09:00,0.38999434586872894
2019-04-23 01:12:00,0.3002803719253393
2019-04-23 01:15:00,0.3128656808605683
2019-04-23 01:18:00,0.31400329751238587
2019-04-23 01:21:00,0.3264590589769796
2019-04-23 01:24:00,0.34363886366912766
2019-04-23 01:27:00,0.421710575801967
2019-04-23 01:30:00,0.3641324013910321
2019-04-23 01:33:00,0.2752570006014139
2019-04-23 01:36:00,0.24043955847992038
2019-04-23 01:39:00,0.297603373680829
2019-04-23 01:42:00,0.2973965709148274
2019-04-23 01:45:00,0.37608426588963084
2019-04-23 01:48:00,0.33271646895764206
2019-04-23 01:51:00,0.35276058291054824
2019-04-23 01:54:00,0.29159406666434506
2019-04-23 01:57:00,0.3468106842542511
2019-04-23 02:00:00,0.4208214183227028
2019-04-23 02:03:00,0.2679388958581512
2019-04-23 02:06:00,0.3731141762784205
2019-04-23 02:09:00,0.3671204063637674
2019-04-23 02:12:00,0.29681300217907847
2019-04-23 02:15:00,0.34266615760077457
2019-04-23 02:18:00,0.4363062784374847
2019-04-23 02:21:00,0.4022226987028148
2019-04-23 02:24:00,0.45950534609545457
2019-04-23 02:27:00,0.31770490795338446
2019-04-23 02:30:00,0.3451195733408099
2019-04-23 02:33:00,0.27366816640250136
2019-04-23 02:36:00,0.28825108588148396
2019-04-23 02:39:00,0.32499675622415225
2019-04-23 02:42:00,0.4282461895049323
2019-04-23 02:45:00,0.3172716891359073
2019-04-23 02:48:00,0.32142131114420636
2019-04-23 02:51:00,0.2456061488215937
2019-04-23 02:54:00,0.2976104152568837
2019-04-23 02:57:00,0.37621017625099284
2019-04-23 03:00:00,0.39292556623547625
2019-04-23 03:03:00,0.3053167539569017
2019-04-23 03:06:00,0.34727588637230156
2019-04-23 03:09:00,0.3400114958314475
2019-04-23 03:12:00,0.2796321584987709
2019-04-23 03:15:00,0.3415339677191014
2019-04-23 03:18:00,0.32819488854539713
2019-04-23 03:21:00,0.38580757420487544
2019-04-23 03:24:00,0.42287037821893136
2019-04-23 03:27:00,0.28711472699575324
2019-04-23 03:30:00,0.31715136671147093
2019-04-23 03:33:00,0.40591491714479844
2019-04-23 03:36:00,0.4553604017484645
2019-04-23 03:39:00,0.3615223560455547
2019-04-23 03:42:00,0.3651769040713475
2019-04-23 03:45:00,0.3664560549065641
2019-04-23 03:48:00,0.34467631117468045
2019-04-23 03:51:00,0.3044969766429517
2019-04-23 03:54:00,0.43272575876244446
2019-04-23 03:57:00,0.4247149469317719
2019-04-23 04:00:00,0.39278059564543355
2019-04-23 04:03:00,0.34408723297855204
2019-04-23 04:06:00,0.3524760073469224
2019-04-23 04:09:00,0.3701267892980695
2019-04-23 04:12:00,0.25204527598742743
2019-04-23 04:15:00,0.327812038551599
2019-04-23 04:18:00,0.3412744381965922
2019-04-23 04:21:00,0.22780878683261108
2019-04-23 04:24:00,0.2827120712807982
2019-04-23 04:27:00,0.37078573690058647
2019-04-23 04:30:00,0.33272345149930516
2019-04-23 04:33:00,0.25044492937195173
2019-04-23 04:36:00,0.35777072079048367
2019-04-23 04:39:00,0.2550303420259752
2019-04-23 04:42:00,0.2786485414155777
2019-04-23 04:45:00,0.3171844000638089
2019-04-23 04:48:00,0.37055112031612225
2019-04-23 04:51:00,0.3404706139190239
2019-04-23 04:54:00,0.3902124022625344
2019-04-23 04:57:00,0.36439658341123504
2019-04-23 05:00:00,0.3363631422007529
2019-04-23 05:03:00,0.3670048007944047
2019-04-23 05:06:00,0.39716327395240114
2019-04-23 05:09:00,0.3519263333607796
2019-04-23 05:12:00,0.3357068905516485
2019-04-23 05:15:00,0.32237233352060457
2019-04-23 05:18:00,0.36237345848638824
2019-04-23 05:21:00,0.38413729389202445
2019-04-23 05:24:00,0.3907854864874025
2019-04-23 05:27:00,0.3895753409782401
2019-04-23 05:30:00,0.45174363493384817
2019-04-23 05:33:00,0.49378394717763285
2019-04-23 05:36:00,0.4479093991490686
2019-04-23 05:39:00,0.40235827641771493
2019-04-23 05:42:00,0.4621420771188127
2019-04-23 05:45:00,0.3715514754703122
2019-04-23 05:48:00,0.3915056376034727
2019-04-23 05:51:00,0.434457227668986
2019-04-23 05:54:00,0.475772182380922
2019-04-23 05:57:00,0.447273913996753
2019-04-23 06:00:00,0.3538789798603261
2019-04-23 06:03:00,0.3924083696300613
2019-04-23 06:06:00,0.39028521704096875
2019-04-23 06:09:00,0.3479805959319151
2019-04-23 06:12:00,0.38067203713853814
2019-04-23 06:15:00,0.4257748816071967
2019-04-23 06:18:00,0.35451906075911666
2019-04-23 06:21:00,0.35569270743803827
2019-04-23 06:24:00,0.46342177578156907
2019-04-23 06:27:00,0.40373439367579067
2019-04-23 06:30:00,0.3348675692079155
2019-04-23 06:33:00,0.36823149621238827
2019-04-23 06:36:00,0.3898656025618834
2019-04-23 06:39:00,0.4900366101138047
2019-04-23 06:42:00,0.38378959610184893
2019-04-23 06:45:00,0.3763978036973299
2019-04-23 06:48:00,0.4149449190369978
2019-04-23 06:51:00,0.34969489453351343
2019-04-23 06:54:00,0.39190622921512386
2019-04-23 06:57:00,0.40718866076440463
2019-04-23 07:00:00,0.4115306768395044
2019-04-23 07:03:00,0.38620417684245467
2019-04-23 07:06:00,0.32470722295079213
2019-04-23 07:09:00,0.3678488310737862
2019-04-23 07:12:00,0.3710798458112663
2019-04-23 07:15:00,0.391590277478997
2019-04-23 07:18:00,0.32459452436779657
2019-04-23 07:21:00,0.39238403137954947
2019-04-23 07:24:00,0.3693279264163607
2019-04-23 07:27:00,0.3278760352099539
2019-04-23 07:30:00,0.3512262721307593
2019-04-23 07:33:00,0.31019937606600934
2019-04-23 07:36:00,0.3770420933051355
2019-04-23 07:39:00,0.3757065180095651
2019-04-23 07:42:00,0.23017252552631362
2019-04-23 07:45:00,0.3674423229566628
2019-04-23 07:48:00,0.3140271157979555
2019-04-23 07:51:00,0.29579764831674993
2019-04-23 07:54:00,0.31820077988595585
2019-04-23 07:57:00,0.40491165566044174
2019-04-23 08:00:00,0.3168541153823412
2019-04-23 08:03:00,0.2565489430384673
2019-04-23 08:06:00,0.3154390098323461
2019-04-23 08:09:00,0.3334907458380485
2019-04-23 08:12:00,0.3045578619138496
2019-04-23 08:15:00,0.2642315205349064
2019-04-23 08:18:00,0.223440868269563
2019-04-23 08:21:00,0.3332519237760039
2019-04-23 08:24:00,0.3074531004450023
2019-04-23 08:27:00,0.18742875074860876
2019-04-23 08:30:00,0.3085975392111209
2019-04-23 08:33:00,0.3522626791801713
2019-04-23 08:36:00,0.3259900877895916
2019-04-23 08:39:00,0.29508688103823033
2019-04-23 08:42:00,0.32872477461273775
2019-04-23 08:45:00,0.2817963720279977
2019-04-23 08:48:00,0.2189005698239157
2019-04-23 08:51:00,0.20767446910127774
2019-04-23 08:54:00,0.16084256927035767
2019-04-23 08:57:00,0.2174409126398018
2019-04-23 09:00:00,0.25200274193690575
2019-04-23 09:03:00,0.12601441838495475
2019-04-23 09:06:00,0.14972352541684586
2019-04-23 09:09:00,0.2467418675001909
2019-04-23 09:12:00,0.12719328097847438
2019-04-23 09:15:00,0.11481656921364447
2019-04-23 09:18:00,0.16817011933710546
2019-04-23 09:21:00,0.18495680505810697
2019-04-23 09:24:00,0.15213203143076726
2019-04-23 09:27:00,0.7269183171854365
2019-04-23 09:30:00,0.12581810367157686
2019-04-23 09:33:00,0.15098761748043898
2019-04-23 09:36:00,0.06719084463230729
2019-04-23 09:39:00,0.17075409932692764
2019-04-23 09:42:00,0.060259029801102315
2019-04-23 09:45:00,0.11874874304697869
2019-04-23 09:48:00,0.09109641837022764
2019-04-23 09:51:00,0.09817037396419437
2019-04-23 09:54:00,0.10725587907364798
2019-04-23 09:57:00,-0.0302843894870648
2019-04-23 10:00:00,-0.00949399163715725
2019-04-23 10:03:00,-0.014611934912693414
2019-04-23 10:06:00,-0.051104612024403195
2019-04-23 10:09:00,-0.04119662327337892
2019-04-23 10:12:00,-0.10710496659322644
2019-04-23 10:15:00,-0.10848016034339025
2019-04-23 10:18:00,-0.13279777224272493
2019-04-23 10:21:00,-0.08595129758253961
2019-04-23 10:24:00,-0.0856510017683263
2019-04-23 10:27:00,-0.09461175391231791
2019-04-23 10:30:00,-0.1354314462390107
2019-04-23 10:33:00,-0.10094061376946684
2019-04-23 10:36:00,-0.15547985438399792
2019-04-23 10:39:00,-0.16209411485863257
2019-04-23 10:42:00,-0.15370865900166564
2019-04-23 10:45:00,-0.10048597894433442
2019-04-23 10:48:00,-0.15459232860490602
2019-04-23 10:51:00,-0.11624388534920627
2019-04-23 10:54:00,-0.1262876450495014
2019-04-23 10:57:00,-0.11825151005189127
2019-04-23 11:00:00,-0.21693208904781613
2019-04-23 11:03:00,-0.19301418432343098
2019-04-23 11:06:00,-0.10871600036119844
2019-04-23 11:09:00,-0.18853992540965692
2019-04-23 11:12:00,-0.24214593847773358
2019-04-23 11:15:00,-0.17071429708903452
2019-04-23 11:18:00,-0.09705660970212193
2019-04-23 11:21:00,-0.25585214755932384
2019-04-23 11:24:00,-0.3511921917918812
2019-04-23 11:27:00,-0.28669348072463663
2019-04-23 11:30:00,-0.28275580200732975
2019-04-23 11:33:00,-0.2452907661872814
2019-04-23 11:36:00,-0.297389586996303
2019-04-23 11:39:00,-0.29285414587366176
2019-04-23 11:42:00,-0.27144822663876766
2019-04-23 11:45:00,-0.22372574932524003
2019-04-23 11:48:00,-0.3336399474505356
2019-04-23 11:51:00,-0.2831959335715055
2019-04-23 11:54:00,-0.22358849392941238
2019-04-23 11:57:00,-0.28964843777384885
2019-04-23 12:00:00,-0.27302940870703196
2019-04-23 12:03:00,-0.2892687942404564
2019-04-23 12:06:00,-0.29241262215674624
2019-04-23 12:09:00,-0.3255554733030408
2019-04-23 12:12:00,-0.26216756213074177
2019-04-23 12:15:00,-0.3468853150587279
2019-04-23 12:18:00,-0.38055290447505286
2019-04-23 12:21:00,-0.31350071545455194
2019-04-23 12:24:00,-0.3830922136574486
2019-04-23 12:27:00,-0.3900348739724677
2019-04-23 12:30:00,-0.35529733716055034
2019-04-23 12:33:00,-0.28898341394784666
2019-04-23 12:36:00,-0.28068012378713547
2019-04-23 12:39:00,-0.34788212753966263
2019-04-23 12:42:00,-0.39741631281890477
2019-04-23 12:45:00,-0.35440317068366767
2019-04-23 12:48:00,-0.34616806154326696
2019-04-23 12:51:00,-0.370977201757114
2019-04-23 12:54:00,-0.3363362051647414
2019-04-23 12:57:00,-0.27002019625410867
2019-04-23 13:00:00,-0.3404844107643612
2019-04-23 13:03:00,-0.5110308272698489
2019-04-23 13:06:00,-0.3488024762696682
2019-04-23 13:09:00,-0.2850326476877285
2019-04-23 13:12:00,-0.24881249594841393
2019-04-23 13:15:00,-0.3755299392514644
2019-04-23 13:18:00,-0.42695992380390635
2019-04-23 13:21:00,-0.3166080048231379
2019-04-23 13:24:00,-0.27351560759467475
2019-04-23 13:27:00,-0.32144714933912155
2019-04-23 13:30:00,-0.3347614028897965
2019-04-23 13:33:00,-0.4902210248706069
2019-04-23 13:36:00,-0.37747608041013336
2019-04-23 13:39:00,-0.40158259312806877
2019-04-23 13:42:00,-0.5064956639961338
2019-04-23 13:45:00,-0.4152091110436231
2019-04-23 13:48:00,-0.38871889952372385
2019-04-23 13:51:00,-0.3773233327416392
2019-04-23 13:54:00,-0.3945549647128246
2019-04-23 13:57:00,-0.47897548365926923
2019-04-23 14:00:00,-0.5174684355959016
2019-04-23 14:03:00,-0.4042682498762247
2019-04-23 14:06:00,-0.43021002225412985
2019-04-23 14:09:00,-0.5124564789728652
2019-04-23 14:12:00,-0.3223661131310678
2019-04-23 14:15:00,-0.44791656704529714
2019-04-23 14:18:00,-0.47445186258181593
2019-04-23 14:21:00,-0.41704664248834433
2019-04-23 14:24:00,-0.3229117534326065
2019-04-23 14:27:00,-0.277382651268681
2019-04-23 14:30:00,-0.25886190299115697
2019-04-23 14:33:00,-0.17766491250654326
2019-04-23 14:36:00,-0.12201739524033428
2019-04-23 14:39:00,0.1222920729265411
2019-04-23 14:42:00,0.06680497660084939
2019-04-23 14:45:00,-0.05695226598817271
2019-04-23 14:48:00,-0.03144394489299884
2019-04-23 14:51:00,0.003173049569682007
2019-04-23 14:54:00,-0.008901287245180356
2019-04-23 14:57:00,-0.0011854161425048915
2019-04-23 15:00:00,0.10626436145003026
2019-04-23 15:03:00,-0.10147023776886499
2019-04-23 15:06:00,-0.13333052750351726
2019-04-23 15:09:00,-0.03974835583881031
2019-04-23 15:12:00,-0.06714915057915505
2019-04-23 15:15:00,0.06908028420673418
2019-04-23 15:18:00,0.15452596133940233
2019-04-23 15:21:00,0.13786157811057365
2019-04-23 15:24:00,0.12645180172830806
2019-04-23 15:27:00,-0.07562553705565733
2019-04-23 15:30:00,-0.09454537271869867
2019-04-23 15:33:00,-0.16498626511565817
2019-04-23 15:36:00,-0.20069135527251092
2019-04-23 15:39:00,-0.23190844246778397
2019-04-23 15:42:00,-0.22190172770808658
2019-04-23 15:45:00,-0.28705746699563406
2019-04-23 15:48:00,-0.20225206146483288
2019-04-23 15:51:00,-0.037815807781669264
2019-04-23 15:54:00,0.1579334365138152
2019-04-23 15:57:00,0.15147353988317036
2019-04-23 16:00:00,0.16291002150944678
2019-04-23 16:03:00,0.17997382132665507
2019-04-23 16:06:00,0.14720362000605292
2019-04-23 16:09:00,0.12516301660218687
2019-04-23 16:12:00,0.24326071334098742
2019-04-23 16:15:00,0.2104637845616253
2019-04-23 16:18:00,0.2522206680509953
2019-04-23 16:21:00,0.2624999894242137
2019-04-23 16:24:00,0.2668399305334219
2019-04-23 16:27:00,0.2256556823443816
2019-04-23 16:30:00,0.3549088959326241
2019-04-23 16:33:00,0.32874556483693596
2019-04-23 16:36:00,0.4035095793190635
2019-04-23 16:39:00,0.2707841427256312
2019-04-23 16:42:00,0.2689301409678251
2019-04-23 16:45:00,0.0875010001786336
2019-04-23 16:48:00,0.22297200611865264
2019-04-23 16:51:00,0.23768169967655695
2019-04-23 16:54:00,0.19249538393904686
2019-04-23 16:57:00,0.17996824616329832
2019-04-23 17:00:00,0.23548155371344137
2019-04-23 17:03:00,0.15136199846347154
2019-04-23 17:06:00,0.2904225037507331
2019-04-23 17:09:00,0.22837588027334732
2019-04-23 17:12:00,0.43037035198790363
2019-04-23 17:15:00,0.5027839378638532
2019-04-23 17:18:00,0.5144631452996578
2019-04-23 17:21:00,0.45270102392288436
2019-04-23 17:24:00,0.2839497617689517
2019-04-23 17:27:00,0.33252075759338595
2019-04-23 17:30:00,0.31246261184088553
2019-04-23 17:33:00,0.41237391539397095
2019-04-23 17:36:00,0.34408550017133166
2019-04-23 17:39:00,0.41621259857060977
2019-04-23 17:42:00,0.4377650700939171
2019-04-23 17:45:00,0.19140318532993206
2019-04-23 17:48:00,0.16155317825570137
2019-04-23 17:51:00,0.16885939346354917
2019-04-23 17:54:00,0.2229668634782911
2019-04-23 17:57:00,0.1874459954956933
2019-04-23 18:00:00,0.20837561687511652
2019-04-23 18:03:00,0.09270971285621954
2019-04-23 18:06:00,0.05107260584662754
2019-04-23 18:09:00,0.1025803085273651
2019-04-23 18:12:00,0.06234260567742922
2019-04-23 18:15:00,0.1481477336003536
2019-04-23 18:18:00,0.03686497062108174
2019-04-23 18:21:00,0.0723382291076291
2019-04-23 18:24:00,0.08693099677714144
2019-04-23 18:27:00,0.10711059605091577
2019-04-23 18:30:00,0.11735786264267745
2019-04-23 18:33:00,0.16757654434150027
2019-04-23 18:36:00,0.15155927372637734
2019-04-23 18:39:00,0.10216044055385964
2019-04-23 18:42:00,0.2218777165376764
2019-04-23 18:45:00,0.22621778182434582
2019-04-23 18:48:00,0.11438932890047226
2019-04-23 18:51:00,0.24957981091142756
2019-04-23 18:54:00,
2019-04-23 18:57:00,
2019-04-23 19:00:00,
2019-04-23 19:03:00,0.11290517149677726
2019-04-23 19:06:00,0.13631509406388886
2019-04-23 19:09:00,0.015565030054517592
2019-04-23 19:12:00,0.06615844564936424
2019-04-23 19:15:00,0.0663401601511282
2019-04-23 19:18:00,0.06739843660494671
2019-04-23 19:21:00,0.12376025424907766
2019-04-23 19:24:00,0.04505659216471258
2019-04-23 19:27:00,0.004981771964423842
2019-04-23 19:30:00,0.02323306484885279
2019-04-23 19:33:00,0.06291326906261929
2019-04-23 19:36:00,0.1678554602534632
2019-04-23 19:39:00,0.07855269497565587
2019-04-23 19:42:00,0.06425367696760986
2019-04-23 19:45:00,0.18812212707314302
2019-04-23 19:48:00,0.15714841621479536
2019-04-23 19:51:00,0.10309856503454284
2019-04-23 19:54:00,0.21379873374081626
2019-04-23 19:57:00,0.14314665221354517
2019-04-23 20:00:00,0.16035970682406742
2019-04-23 20:03:00,0.18220715310445712
2019-04-23 20:06:00,0.09378513501138741
2019-04-23 20:09:00,0.12476470408518026
2019-04-23 20:12:00,0.19076251042048398
2019-04-23 20:15:00,0.17704079737234224
2019-04-23 20:18:00,0.10184079128572421
2019-04-23 20:21:00,0.196087504737136
2019-04-23 20:24:00,0.09637943555173933
2019-04-23 20:27:00,0.11253336621274457
2019-04-23 20:30:00,0.22932259870810867
2019-04-23 20:33:00,0.14108583500495797
2019-04-23 20:36:00,0.1271209783982954
2019-04-23 20:39:00,0.08540706276397714
2019-04-23 20:42:00,0.18760350859179198
2019-04-23 20:45:00,0.12142035300166754
2019-04-23 20:48:00,0.1117142689416255
2019-04-23 20:51:00,0.07275046896137383
2019-04-23 20:54:00,0.11664176767163781
2019-04-23 20:57:00,0.10461463542378624
2019-04-23 21:00:00,0.12324816681552875
2019-04-23 21:03:00,0.09497838262620917
2019-04-23 21:06:00,0.1198191485561324
2019-04-23 21:09:00,0.0968623840014402
2019-04-23 21:12:00,0.15881615458954457
2019-04-23 21:15:00,0.15275682308492833
2019-04-23 21:18:00,0.12125406728944199
2019-04-23 21:21:00,0.05700468540510428
2019-04-23 21:24:00,0.15793925521256824
2019-04-23 21:27:00,0.08372899072662676
2019-04-23 21:30:00,0.20612845435164218
2019-04-23 21:33:00,0.022093764872124666
2019-04-23 21:36:00,0.09132447495892393
2019-04-23 21:39:00,0.12604959232777446
2019-04-23 21:42:00,0.12780609541903232
2019-04-23 21:45:00,0.1206535837486058
2019-04-23 21:48:00,0.17343411537376596
2019-04-23 21:51:00,0.20527395708904805
2019-04-23 21:54:00,0.2761960264068648
2019-04-23 21:57:00,0.14742662699160292
2019-04-23 22:00:00,0.03251815047877926
2019-04-23 22:03:00,0.08459693086155085
2019-04-23 22:06:00,0.09078899485609782
2019-04-23 22:09:00,0.15303694094870934
2019-04-23 22:12:00,0.12162331718013775
2019-04-23 22:15:00,0.2052041866773493
2019-04-23 22:18:00,0.08178309717169441
2019-04-23 22:21:00,0.1422671145595018
2019-04-23 22:24:00,0.1684075860592884
2019-04-23 22:27:00,0.20905281896830274
2019-04-23 22:30:00,0.10312221526817211
2019-04-23 22:33:00,0.13124522945014405
2019-04-23 22:36:00,0.2657426238477001
2019-04-23 22:39:00,0.21034884518712715
2019-04-23 22:42:00,0.16094306876192377
2019-04-23 22:45:00,0.1788990234473431
2019-04-23 22:48:00,0.15113810569312136
2019-04-23 22:51:00,0.24648447338415735
2019-04-23 22:54:00,0.1295096487488081
2019-04-23 22:57:00,0.19774357256363828
2019-04-23 23:00:00,0.12430416290777657
2019-04-23 23:03:00,0.17396290750400567
2019-04-23 23:06:00,0.2207023164899624
2019-04-23 23:09:00,0.19976563444322437
2019-04-23 23:12:00,0.10961657694798532
2019-04-23 23:15:00,0.12606055621904488
2019-04-23 23:18:00,0.21319408399318718
2019-04-23 23:21:00,0.15083739390706796
2019-04-23 23:24:00,0.1705744749240239
2019-04-23 23:27:00,0.11657860578679902
2019-04-23 23:30:00,0.18022288780281315
2019-04-23 23:33:00,0.16602724324172868
2019-04-23 23:36:00,0.1536463955031877
2019-04-23 23:39:00,0.1729540854042284
2019-04-23 23:42:00,0.3243775092229839
2019-04-23 23:45:00,0.18497239962238154
2019-04-23 23:48:00,0.1749401019658876
2019-04-23 23:51:00,0.19694441325469825
2019-04-23 23:54:00,0.19966051905339555
2019-04-23 23:57:00,0.1699978051573794
2019-04-24 00:00:00,0.2781296434416163
2019-04-24 00:03:00,0.007137428970565907
2019-04-24 00:06:00,0.17194286764356548
2019-04-24 00:09:00,0.1790338960236113
2019-04-24 00:12:00,0.18320201132945613
2019-04-24 00:15:00,0.11852127712376159
2019-04-24 00:18:00,0.16233887261842028
2019-04-24 00:21:00,0.14622014832121977
2019-04-24 00:24:00,0.18412210741973922
2019-04-24 00:27:00,0.17359010324298652
2019-04-24 00:30:00,0.22033995138690443
2019-04-24 00:33:00,0.27014582958003075
2019-04-24 00:36:00,0.14602680817773717
2019-04-24 00:39:00,0.17819691339292376
2019-04-24 00:42:00,0.2290186026669403
2019-04-24 00:45:00,0.21585619262197042
2019-04-24 00:48:00,0.1948563114962667
2019-04-24 00:51:00,0.3140239873179098
2019-04-24 00:54:00,0.1862397509688094
2019-04-24 00:57:00,0.22869107173613656
2019-04-24 01:00:00,0.20792837197370773
2019-04-24 01:03:00,0.23455157405948057
2019-04-24 01:06:00,0.2460610221498314
2019-04-24 01:09:00,0.37239832116017624
2019-04-24 01:12:00,0.2707868685629933
2019-04-24 01:15:00,0.32207145033402185
2019-04-24 01:18:00,0.3288667812205972
2019-04-24 01:21:00,0.3014295046985467
2019-04-24 01:24:00,0.2840014717048689
2019-04-24 01:27:00,0.30101085987439546
2019-04-24 01:30:00,0.29204565426681484
2019-04-24 01:33:00,0.3733419816863943
2019-04-24 01:36:00,0.18344006550614722
2019-04-24 01:39:00,0.24349144901725595
2019-04-24 01:42:00,0.2900384003747263
2019-04-24 01:45:00,0.3248162663372227
2019-04-24 01:48:00,0.21285067086620302
2019-04-24 01:51:00,0.29761128858211805
2019-04-24 01:54:00,0.15586486807410438
2019-04-24 01:57:00,0.23171234418163067
2019-04-24 02:00:00,0.2002609076919839
2019-04-24 02:03:00,0.2929110258355081
2019-04-24 02:06:00,0.2558878592282099
2019-04-24 02:09:00,0.263994328813169
2019-04-24 02:12:00,0.2839849858411867
2019-04-24 02:15:00,0.31110573459216084
2019-04-24 02:18:00,0.2099747953693054
2019-04-24 02:21:00,0.31280809925641506
2019-04-24 02:24:00,0.257625206851003
2019-04-24 02:27:00,0.21052994867790176
2019-04-24 02:30:00,0.23089348781354602
2019-04-24 02:33:00,0.19945881108287722
2019-04-24 02:36:00,0.21285917435471902
2019-04-24 02:39:00,0.2781086453243802
2019-04-24 02:42:00,0.18192755917397108
2019-04-24 02:45:00,0.2396185482378428
2019-04-24 02:48:00,0.27539612020342474
2019-04-24 02:51:00,0.2531423426936499
2019-04-24 02:54:00,0.1748219761767018
2019-04-24 02:57:00,0.2621286599121504
2019-04-24 03:00:00,0.2205567398264634
2019-04-24 03:03:00,0.20179922591319155
2019-04-24 03:06:00,0.1621251471651135
2019-04-24 03:09:00,0.2677437657903283
2019-04-24 03:12:00,0.19141630635601814
2019-04-24 03:15:00,0.1610797182238457
2019-04-24 03:18:00,0.19990739107930722
2019-04-24 03:21:00,0.2676856906496141
2019-04-24 03:24:00,0.20211579464432816
2019-04-24 03:27:00,0.33265081597267
2019-04-24 03:30:00,0.1925558885124019
2019-04-24 03:33:00,0.19161802575990805
2019-04-24 03:36:00,0.2601995170018654
2019-04-24 03:39:00,0.15746374213131276
2019-04-24 03:42:00,0.21174225410754843
2019-04-24 03:45:00,0.275633343401239
2019-04-24 03:48:00,0.2196599412558271
2019-04-24 03:51:00,0.17454841900155316
2019-04-24 03:54:00,0.20507583864502976
2019-04-24 03:57:00,0.2725987492932518
2019-04-24 04:00:00,0.17048891554708234
2019-04-24 04:03:00,0.24275219391375913
2019-04-24 04:06:00,0.23260583742728613
2019-04-24 04:09:00,0.2577214328531454
2019-04-24 04:12:00,0.22997313457642576
2019-04-24 04:15:00,0.2735686377953357
2019-04-24 04:18:00,0.28552958606348966
2019-04-24 04:21:00,0.325500282355506
2019-04-24 04:24:00,0.16467005131136148
2019-04-24 04:27:00,0.270781987428677
2019-04-24 04:30:00,0.2759958598972503
2019-04-24 04:33:00,0.2622248847150672
2019-04-24 04:36:00,0.15947945701020672
2019-04-24 04:39:00,0.13497328448744383
2019-04-24 04:42:00,0.2557783987032849
2019-04-24 04:45:00,0.2443406357236313
2019-04-24 04:48:00,0.25606229585963547
2019-04-24 04:51:00,0.2639991525333585
2019-04-24 04:54:00,0.26253802297111406
2019-04-24 04:57:00,0.28454089889800116
2019-04-24 05:00:00,0.22217819664069793
2019-04-24 05:03:00,0.29661067468771307
2019-04-24 05:06:00,0.20185601456654467
2019-04-24 05:09:00,0.26382251884894004
2019-04-24 05:12:00,0.23904446381089883
2019-04-24 05:15:00,0.31384902864334663
2019-04-24 05:18:00,0.30995432809783097
2019-04-24 05:21:00,0.2832859803219776
2019-04-24 05:24:00,0.3115342990619183
2019-04-24 05:27:00,0.32563195614699225
2019-04-24 05:30:00,0.33138438474031773
2019-04-24 05:33:00,0.3647134866972124
2019-04-24 05:36:00,0.2846979206353808
2019-04-24 05:39:00,0.41676660152182876
2019-04-24 05:42:00,0.33011288470737554
2019-04-24 05:45:00,0.2838669112926482
2019-04-24 05:48:00,0.28405647218420427
2019-04-24 05:51:00,0.36162876923532394
2019-04-24 05:54:00,0.34578173954275826
2019-04-24 05:57:00,0.3389760081254849
2019-04-24 06:00:00,0.3632838310283546
2019-04-24 06:03:00,0.294089444197823
2019-04-24 06:06:00,0.353101767906594
2019-04-24 06:09:00,0.3564750290059351
2019-04-24 06:12:00,0.3198932152307634
2019-04-24 06:15:00,0.4417533231480206
2019-04-24 06:18:00,0.3336967126097079
2019-04-24 06:21:00,0.3009473960983655
2019-04-24 06:24:00,0.23536637999001186
2019-04-24 06:27:00,0.2770319794498164
2019-04-24 06:30:00,0.2975979116794747
2019-04-24 06:33:00,0.3848755308929981
2019-04-24 06:36:00,0.3672135629403215
2019-04-24 06:39:00,0.33922898500958354
2019-04-24 06:42:00,0.35427376014695255
2019-04-24 06:45:00,0.3164045559873898
2019-04-24 06:48:00,0.3010719599240588
2019-04-24 06:51:00,0.3582122678367341
2019-04-24 06:54:00,0.28222811213606747
2019-04-24 06:57:00,0.2715050289079386
2019-04-24 07:00:00,0.3747699559111197
2019-04-24 07:03:00,0.35133674977407736
2019-04-24 07:06:00,0.20993609010253067
2019-04-24 07:09:00,0.2443360133182182
2019-04-24 07:12:00,0.23335051399089934
2019-04-24 07:15:00,0.3408421000160047
2019-04-24 07:18:00,0.28278812662625796
2019-04-24 07:21:00,0.25666896784360915
2019-04-24 07:24:00,0.3218529675286277
2019-04-24 07:27:00,0.23160554852694304
2019-04-24 07:30:00,0.27535387748463336
2019-04-24 07:33:00,0.22787740289771818
2019-04-24 07:36:00,0.324430260641293
2019-04-24 07:39:00,0.3199696319442751
2019-04-24 07:42:00,0.206118053148316
2019-04-24 07:45:00,0.2751127343342432
2019-04-24 07:48:00,0.2334884612552628
2019-04-24 07:51:00,0.2346578099143244
2019-04-24 07:54:00,0.2368955236448187
2019-04-24 07:57:00,0.2648138364166357
2019-04-24 08:00:00,0.2633600549186781
2019-04-24 08:03:00,0.2400487844203667
2019-04-24 08:06:00,0.23547929400416479
2019-04-24 08:09:00,0.3196786001967098
2019-04-24 08:12:00,0.26992003067636006
2019-04-24 08:15:00,0.17092428919403346
2019-04-24 08:18:00,0.251856829286794
2019-04-24 08:21:00,0.19864912228825915
2019-04-24 08:24:00,0.1531915400484536
2019-04-24 08:27:00,0.1659898231275747
2019-04-24 08:30:00,0.2817357686350306
2019-04-24 08:33:00,0.11548121381531473
2019-04-24 08:36:00,0.19959731801509406
2019-04-24 08:39:00,0.25366704191384315
2019-04-24 08:42:00,0.1858559395639645
2019-04-24 08:45:00,0.25791129989153205
2019-04-24 08:48:00,0.2441238008094615
2019-04-24 08:51:00,0.12694605135271786
2019-04-24 08:54:00,0.14810082430693683
2019-04-24 08:57:00,0.1553102295441704
2019-04-24 09:00:00,0.12926517265447046
2019-04-24 09:03:00,0.14655302737901366
2019-04-24 09:06:00,0.22100539898519855
2019-04-24 09:09:00,0.2605447449971052
2019-04-24 09:12:00,0.15037878671154203
2019-04-24 09:15:00,0.13985025064596357
2019-04-24 09:18:00,0.2355955810045316
2019-04-24 09:21:00,0.22077458469982503
2019-04-24 09:24:00,0.17595661914162974
2019-04-24 09:27:00,0.14427338284525604
2019-04-24 09:30:00,0.12482121415206393
2019-04-24 09:33:00,0.16499530246386485
2019-04-24 09:36:00,0.25702018923476544
2019-04-24 09:39:00,0.14204801446118154
2019-04-24 09:42:00,0.1837422492285441
2019-04-24 09:45:00,0.26870001272078525
2019-04-24 09:48:00,0.11267886377572722
2019-04-24 09:51:00,0.1041923292173692
2019-04-24 09:54:00,0.09507608903538767
2019-04-24 09:57:00,0.17189255987517527
2019-04-24 10:00:00,0.14222805484621404
2019-04-24 10:03:00,0.13352740627880166
2019-04-24 10:06:00,0.13697873184509035
2019-04-24 10:09:00,0.12687198280946177
2019-04-24 10:12:00,0.0747885599377014
2019-04-24 10:15:00,-0.011128321102034988
2019-04-24 10:18:00,0.08194906698031446
2019-04-24 10:21:00,0.08570444559723
2019-04-24 10:24:00,0.025898885892274848
2019-04-24 10:27:00,0.04963523660973124
2019-04-24 10:30:00,0.044458089962631675
2019-04-24 10:33:00,-0.03053544933743524
2019-04-24 10:36:00,0.04431228843310464
2019-04-24 10:39:00,-0.04162375003818397
2019-04-24 10:42:00,0.06958908719377632
2019-04-24 10:45:00,-0.044800846110035764
2019-04-24 10:48:00,-0.10443830254683917
2019-04-24 10:51:00,-0.054659569181808365
2019-04-24 10:54:00,-0.03689288532882529
2019-04-24 10:57:00,-0.07432476837573176
2019-04-24 11:00:00,-0.020408334435160214
2019-04-24 11:03:00,-0.03047514171100829
2019-04-24 11:06:00,-0.04613507230845926
2019-04-24 11:09:00,-0.06477238414714748
2019-04-24 11:12:00,-0.13067009721788736
2019-04-24 11:15:00,-0.08158805628067967
2019-04-24 11:18:00,-0.03376084961126935
2019-04-24 11:21:00,-0.14043346418333158
2019-04-24 11:24:00,-0.09979636867092267
2019-04-24 11:27:00,-0.10183789969249801
2019-04-24 11:30:00,-0.11487367745417032
2019-04-24 11:33:00,-0.1496091353654947
2019-04-24 11:36:00,-0.12711448794811986
2019-04-24 11:39:00,-0.258383979159305
2019-04-24 11:42:00,-0.1811963760958406
2019-04-24 11:45:00,-0.15148089387747632
2019-04-24 11:48:00,-0.1486252761027913
2019-04-24 11:51:00,-0.1708159443213617
2019-04-24 11:54:00,-0.25477072965423986
2019-04-24 11:57:00,-0.3019742424364722
2019-04-24 12:00:00,-0.1661591315302644
2019-04-24 12:03:00,-0.2024887401564115
2019-04-24 12:06:00,-0.2251522691680634
2019-04-24 12:09:00,-0.23036160745618872
2019-04-24 12:12:00,-0.30213921924422493
2019-04-24 12:15:00,-0.28246797417466496
2019-04-24 12:18:00,-0.2108853247706861
2019-04-24 12:21:00,-0.2356821860989271
2019-04-24 12:24:00,-0.352798783186131
2019-04-24 12:27:00,-0.26427457519650943
2019-04-24 12:30:00,-0.324204169395955
2019-04-24 12:33:00,-0.22876741145427104
2019-04-24 12:36:00,-0.24134754032951378
2019-04-24 12:39:00,-0.2488794794661544
2019-04-24 12:42:00,-0.24161162140791248
2019-04-24 12:45:00,-0.35264100782580954
2019-04-24 12:48:00,-0.24173867696680418
2019-04-24 12:51:00,-0.2845279055352421
2019-04-24 12:54:00,-0.35800163522606
2019-04-24 12:57:00,-0.226028671510619
2019-04-24 13:00:00,-0.2682122408541545
2019-04-24 13:03:00,-0.2621366046406024
2019-04-24 13:06:00,-0.19147695399351505
2019-04-24 13:09:00,-0.3530742034394052
2019-04-24 13:12:00,-0.06285403908083254
2019-04-24 13:15:00,-0.026650257701419378
2019-04-24 13:18:00,0.04611437857931833
2019-04-24 13:21:00,0.08366443322626083
2019-04-24 13:24:00,0.027923568078676908
2019-04-24 13:27:00,-0.011403444138920804
2019-04-24 13:30:00,0.026880427029652765
2019-04-24 13:33:00,0.14508012971032258
2019-04-24 13:36:00,0.08885248247111122
2019-04-24 13:39:00,-0.050096359731071516
2019-04-24 13:42:00,-0.021330769779638104
2019-04-24 13:45:00,0.04000691085997232
2019-04-24 13:48:00,0.1183201581915796
2019-04-24 13:51:00,0.03816354856888893
2019-04-24 13:54:00,-0.1395746141353129
2019-04-24 13:57:00,-0.18257693727059632
2019-04-24 14:00:00,-0.07960328776431425
2019-04-24 14:03:00,-0.06662289395859489
2019-04-24 14:06:00,-0.004255020185610192
2019-04-24 14:09:00,0.17349656745881248
2019-04-24 14:12:00,0.04423284147526374
2019-04-24 14:15:00,-0.06771087230384865
2019-04-24 14:18:00,-0.05998420125871462
2019-04-24 14:21:00,-0.03804460369900653
2019-04-24 14:24:00,0.04013148802232536
2019-04-24 14:27:00,0.06684259028014594
2019-04-24 14:30:00,0.12583060829120996
2019-04-24 14:33:00,0.17778730176678437
2019-04-24 14:36:00,0.055380914379043134
2019-04-24 14:39:00,-0.05972598615613833
2019-04-24 14:42:00,-0.12353616143434465
2019-04-24 14:45:00,-0.19957780832868366
2019-04-24 14:48:00,-0.23745721653483542
2019-04-24 14:51:00,-0.28250630501156593
2019-04-24 14:54:00,-0.2758698608733994
2019-04-24 14:57:00,-0.21432177172539468
2019-04-24 15:00:00,-0.09347873492816916
2019-04-24 15:03:00,-0.12697068077710583
2019-04-24 15:06:00,-0.051336307080532606
2019-04-24 15:09:00,-0.17917619700210707
2019-04-24 15:12:00,-0.16684906503229513
2019-04-24 15:15:00,-0.1704342281635718
2019-04-24 15:18:00,-0.2216611397188899
2019-04-24 15:21:00,-0.21607842609114414
2019-04-24 15:24:00,-0.18428543992524737
2019-04-24 15:27:00,-0.17802302804170722
2019-04-24 15:30:00,-0.18171439834134162
2019-04-24 15:33:00,-0.16684194191537927
2019-04-24 15:36:00,-0.19227494131808953
2019-04-24 15:39:00,-0.22273225524088502
2019-04-24 15:42:00,-0.21077344165388467
2019-04-24 15:45:00,-0.23420439096025802
2019-04-24 15:48:00,-0.023717997240339628
2019-04-24 15:51:00,-0.11762115700514642
2019-04-24 15:54:00,-0.1720382932026041
2019-04-24 15:57:00,-0.13959167854829957
2019-04-24 16:00:00,-0.08333349317308603
2019-04-24 16:03:00,-0.13326853969857666
2019-04-24 16:06:00,-0.09838285829465576
2019-04-24 16:09:00,0.09428877442672956
2019-04-24 16:12:00,0.06616848995173541
2019-04-24 16:15:00,0.1525559769762026
2019-04-24 16:18:00,0.09428116061326364
2019-04-24 16:21:00,0.00924476854703471
2019-04-24 16:24:00,-3.421922900770369e-05
2019-04-24 16:27:00,-0.1623501997825656
2019-04-24 16:30:00,-0.12484397864528773
2019-04-24 16:33:00,-0.21430379768747798
2019-04-24 16:36:00,-0.1893363349762467
2019-04-24 16:39:00,-0.10129373323627533
2019-04-24 16:42:00,-0.08783575650744524
2019-04-24 16:45:00,-0.03963988852530065
2019-04-24 16:48:00,0.08788244003767431
2019-04-24 16:51:00,-0.04909212323883594
2019-04-24 16:54:00,0.0018299563896562177
2019-04-24 16:57:00,-0.015633478508732424
2019-04-24 17:00:00,-0.027089921014464835
2019-04-24 17:03:00,-0.10251335115725624
2019-04-24 17:06:00,-0.13408061686368455
2019-04-24 17:09:00,0.044363703916701525
2019-04-24 17:12:00,0.11710028762087177
2019-04-24 17:15:00,0.28055929547201686
2019-04-24 17:18:00,0.2244390746812428
2019-04-24 17:21:00,0.1768987900305774
2019-04-24 17:24:00,0.2646224523313663
2019-04-24 17:27:00,0.28797083470658436
2019-04-24 17:30:00,0.31074103111006934
2019-04-24 17:33:00,0.37020484722569336
2019-04-24 17:36:00,0.3328051404847656
2019-04-24 17:39:00,0.23573979177518822
2019-04-24 17:42:00,0.2812690043923567
2019-04-24 17:45:00,0.15898302026624833
2019-04-24 17:48:00,0.07309368850587816
2019-04-24 17:51:00,0.10844044053936841
2019-04-24 17:54:00,0.17141616329854514
2019-04-24 17:57:00,0.15204685654572359
2019-04-24 18:00:00,0.17376487894989623
2019-04-24 18:03:00,0.05768491415301469
2019-04-24 18:06:00,0.21430268309200073
2019-04-24 18:09:00,0.2514743339284564
2019-04-24 18:12:00,0.17191041470329083
2019-04-24 18:15:00,0.18078561484463762
2019-04-24 18:18:00,0.10958032926794203
2019-04-24 18:21:00,0.18511012490426992
2019-04-24 18:24:00,0.1262494281630211
2019-04-24 18:27:00,0.12819602570891675
2019-04-24 18:30:00,0.18143258778559357
2019-04-24 18:33:00,0.24494678820911986
2019-04-24 18:36:00,0.19470655193890707
2019-04-24 18:39:00,0.18222369555149953
2019-04-24 18:42:00,0.1417997650900702
2019-04-24 18:45:00,0.08855855676688407
2019-04-24 18:48:00,0.1758242518680504
2019-04-24 18:51:00,0.06974615087870006
2019-04-24 18:54:00,0.05877174877514335
2019-04-24 18:57:00,
2019-04-24 19:00:00,
2019-04-24 19:03:00,0.29554192322547124
2019-04-24 19:06:00,0.16917361386930452
2019-04-24 19:09:00,0.1422658754195254
2019-04-24 19:12:00,0.22891447650351893
2019-04-24 19:15:00,0.10520876331429463
2019-04-24 19:18:00,0.22501583253500712
2019-04-24 19:21:00,0.34390453337408644
2019-04-24 19:24:00,0.3825354924883868
2019-04-24 19:27:00,0.4800451984165761
2019-04-24 19:30:00,0.562371831958842
2019-04-24 19:33:00,0.43597029718358726
2019-04-24 19:36:00,0.3427367497510545
2019-04-24 19:39:00,0.38137144073601803
2019-04-24 19:42:00,0.530315038729043
2019-04-24 19:45:00,0.42917606294406596
2019-04-24 19:48:00,0.46382558687895425
2019-04-24 19:51:00,0.4319334386402147
2019-04-24 19:54:00,0.42207501806808523
2019-04-24 19:57:00,0.4448854213510458
2019-04-24 20:00:00,0.4975660501196444
2019-04-24 20:03:00,0.41989711479880043
2019-04-24 20:06:00,0.5044256316554652
2019-04-24 20:09:00,0.47526283530862656
2019-04-24 20:12:00,0.5001665443095362
2019-04-24 20:15:00,0.5628792832536647
2019-04-24 20:18:00,0.6439276584965228
2019-04-24 20:21:00,0.5003416310649982
2019-04-24 20:24:00,0.46228446563515035
2019-04-24 20:27:00,0.34148926058156803
2019-04-24 20:30:00,0.3717686647526648
2019-04-24 20:33:00,0.3188399028249478
2019-04-24 20:36:00,0.37275271734586113
2019-04-24 20:39:00,0.26219842818608186
2019-04-24 20:42:00,0.35350950463293884
2019-04-24 20:45:00,0.2271584212843436
2019-04-24 20:48:00,0.32249387435064136
2019-04-24 20:51:00,0.33480529086114075
2019-04-24 20:54:00,0.38342616548402475
2019-04-24 20:57:00,0.2608828884648915
2019-04-24 21:00:00,0.2955182946925561
2019-04-24 21:03:00,0.33140561188429274
2019-04-24 21:06:00,0.3695407714535577
2019-04-24 21:09:00,0.3093384792535403
2019-04-24 21:12:00,0.40348470158164673
2019-04-24 21:15:00,0.40490004353392806
2019-04-24 21:18:00,0.377556174478741
2019-04-24 21:21:00,0.3925537816356268
2019-04-24 21:24:00,0.38606060788475816
2019-04-24 21:27:00,0.28604697531744705
2019-04-24 21:30:00,0.3592778700964345
2019-04-24 21:33:00,0.37649824833783896
2019-04-24 21:36:00,0.3073659828292534
2019-04-24 21:39:00,0.27940632990907943
2019-04-24 21:42:00,0.2898066628346214
2019-04-24 21:45:00,0.2907079470084568
2019-04-24 21:48:00,0.38949324013321984
2019-04-24 21:51:00,0.33472757766156747
2019-04-24 21:54:00,0.28324250423378317
2019-04-24 21:57:00,0.2524664255806215
2019-04-24 22:00:00,0.13242902480129715
2019-04-24 22:03:00,0.12107415425163026
2019-04-24 22:06:00,0.03965795048736709
2019-04-24 22:09:00,0.09636126211410101
2019-04-24 22:12:00,0.10613510627285905
2019-04-24 22:15:00,0.04821298196713997
2019-04-24 22:18:00,0.14910739062423772
2019-04-24 22:21:00,0.12820085978427187
2019-04-24 22:24:00,0.1015666024844677
2019-04-24 22:27:00,0.09832561422126673
2019-04-24 22:30:00,0.1567768874997455
2019-04-24 22:33:00,0.20498490390963298
2019-04-24 22:36:00,0.22889983223149102
2019-04-24 22:39:00,0.19298584239521688
2019-04-24 22:42:00,0.1441807257454002
2019-04-24 22:45:00,0.2013302532490684
2019-04-24 22:48:00,0.19947438097523218
2019-04-24 22:51:00,0.22644198006929628
2019-04-24 22:54:00,0.2021332535593956
2019-04-24 22:57:00,0.2743014221787803
2019-04-24 23:00:00,0.2697608695780218
2019-04-24 23:03:00,0.2734071366864441
2019-04-24 23:06:00,0.3424675845812999
2019-04-24 23:09:00,0.16321383616156027
2019-04-24 23:12:00,0.22703188551713538
2019-04-24 23:15:00,0.2686151426232186
2019-04-24 23:18:00,0.14005377269251085
2019-04-24 23:21:00,0.24549635348927268
2019-04-24 23:24:00,0.11358938505463811
2019-04-24 23:27:00,0.09127636603443534
2019-04-24 23:30:00,0.1740334622924138
2019-04-24 23:33:00,0.1696582179195616
2019-04-24 23:36:00,0.2128559374514225
2019-04-24 23:39:00,0.20835139662676738
2019-04-24 23:42:00,0.1974456838024139
2019-04-24 23:45:00,0.12982818439547827
2019-04-24 23:48:00,0.2284150630856061
2019-04-24 23:51:00,0.3462629013118317
2019-04-24 23:54:00,0.2614314516004015
2019-04-24 23:57:00,0.26375688253318685
2019-04-25 00:00:00,0.33210443081907215
2019-04-25 00:03:00,0.34889022066010966
2019-04-25 00:06:00,0.2680087966467113
2019-04-25 00:09:00,0.36351006036079525
2019-04-25 00:12:00,0.3493379733619122
2019-04-25 00:15:00,0.38454296426380097
2019-04-25 00:18:00,0.3568920131129403
2019-04-25 00:21:00,0.37525696934568487
2019-04-25 00:24:00,0.31303417322959604
2019-04-25 00:27:00,0.32489507819974506
2019-04-25 00:30:00,0.3667977072848885
2019-04-25 00:33:00,0.3232640971710907
2019-04-25 00:36:00,0.4159027755316629
2019-04-25 00:39:00,0.37440247657036707
2019-04-25 00:42:00,0.4494119874295279
2019-04-25 00:45:00,0.3867769594988886
2019-04-25 00:48:00,0.2616579945051285
2019-04-25 00:51:00,0.363460299146368
2019-04-25 00:54:00,0.3524474754044604
2019-04-25 00:57:00,0.2651717057992755
2019-04-25 01:00:00,0.5334823324917011
2019-04-25 01:03:00,0.38714648225908377
2019-04-25 01:06:00,0.3688838053261634
2019-04-25 01:09:00,0.3576112616373166
2019-04-25 01:12:00,0.2550270363144591
2019-04-25 01:15:00,0.3895912348841648
2019-04-25 01:18:00,0.3051076901113561
2019-04-25 01:21:00,0.2657422826169977
2019-04-25 01:24:00,0.3947003814442951
2019-04-25 01:27:00,0.31324599293361644
2019-04-25 01:30:00,0.3073094048491498
2019-04-25 01:33:00,0.31338029432259873
2019-04-25 01:36:00,0.3492571736611012
2019-04-25 01:39:00,0.25109648847603694
2019-04-25 01:42:00,0.27866628735722543
2019-04-25 01:45:00,0.45116844315958815
2019-04-25 01:48:00,0.33151645347703607
2019-04-25 01:51:00,0.20421955872478748
2019-04-25 01:54:00,0.35050158132349907
2019-04-25 01:57:00,0.2649573396163305
2019-04-25 02:00:00,0.36829405701882933
2019-04-25 02:03:00,0.3024963039726458
2019-04-25 02:06:00,0.35688142899198283
2019-04-25 02:09:00,0.3609256357385675
2019-04-25 02:12:00,0.3484231185524891
2019-04-25 02:15:00,0.275246832481173
2019-04-25 02:18:00,0.35455199408932003
2019-04-25 02:21:00,0.324220398583293
2019-04-25 02:24:00,0.3073375649188961
2019-04-25 02:27:00,0.28663125974838977
2019-04-25 02:30:00,0.33442105900257957
2019-04-25 02:33:00,0.2765052379697863
2019-04-25 02:36:00,0.33306227687234014
2019-04-25 02:39:00,0.3170924640059525
2019-04-25 02:42:00,0.30853821693966665
2019-04-25 02:45:00,0.3132916499999965
2019-04-25 02:48:00,0.37705998544470276
2019-04-25 02:51:00,0.3588947026120195
2019-04-25 02:54:00,0.3883020450142567
2019-04-25 02:57:00,0.41571151861586486
2019-04-25 03:00:00,0.35829948243366516
2019-04-25 03:03:00,0.33033248476158406
2019-04-25 03:06:00,0.4290964327309439
2019-04-25 03:09:00,0.27179432278376225
2019-04-25 03:12:00,0.3360007273778365
2019-04-25 03:15:00,0.3329266670701827
2019-04-25 03:18:00,0.3295376710560163
2019-04-25 03:21:00,0.4298360590039465
2019-04-25 03:24:00,0.3267974462597749
2019-04-25 03:27:00,0.3357756902094593
2019-04-25 03:30:00,0.20464720133139735
2019-04-25 03:33:00,0.41167143985995835
2019-04-25 03:36:00,0.28911807881723917
2019-04-25 03:39:00,0.279005113632536
2019-04-25 03:42:00,0.4443472899782819
2019-04-25 03:45:00,0.2586993236124613
2019-04-25 03:48:00,0.2586058490725236
2019-04-25 03:51:00,0.26192385472205615
2019-04-25 03:54:00,0.3589392402653857
2019-04-25 03:57:00,0.3963938025791549
2019-04-25 04:00:00,0.3765087609338593
2019-04-25 04:03:00,0.3300619242055518
2019-04-25 04:06:00,0.4465759399815852
2019-04-25 04:09:00,0.3408509008771148
2019-04-25 04:12:00,0.31482945812655316
2019-04-25 04:15:00,0.40499291481620503
2019-04-25 04:18:00,0.38004164148532027
2019-04-25 04:21:00,0.4019225182924515
2019-04-25 04:24:00,0.3564358650864392
2019-04-25 04:27:00,0.3920148485188406
2019-04-25 04:30:00,0.4266532131362055
2019-04-25 04:33:00,0.3541265440117627
2019-04-25 04:36:00,0.3695723461202647
2019-04-25 04:39:00,0.3088637255967228
2019-04-25 04:42:00,0.3296937898472265
2019-04-25 04:45:00,0.3959681431547324
2019-04-25 04:48:00,0.4134491038126953
2019-04-25 04:51:00,0.4488522731556941
2019-04-25 04:54:00,0.39602058617657576
2019-04-25 04:57:00,0.4866257665942726
2019-04-25 05:00:00,0.4185130208733199
2019-04-25 05:03:00,0.3835423514339027
2019-04-25 05:06:00,0.5515309952892835
2019-04-25 05:09:00,0.47936389257586143
2019-04-25 05:12:00,0.48400330679987746
2019-04-25 05:15:00,0.3718131055301228
2019-04-25 05:18:00,0.375490945166689
2019-04-25 05:21:00,0.38152951381761113
2019-04-25 05:24:00,0.4290441214765224
2019-04-25 05:27:00,0.35026325240124834
2019-04-25 05:30:00,0.45050884921084844
2019-04-25 05:33:00,0.37763482453084407
2019-04-25 05:36:00,0.32775936716467413
2019-04-25 05:39:00,0.4525065948430438
2019-04-25 05:42:00,0.5039876952605482
2019-04-25 05:45:00,0.4142780663266876
2019-04-25 05:48:00,0.43013533379524915
2019-04-25 05:51:00,0.3482898668137864
2019-04-25 05:54:00,0.45465322607913095
2019-04-25 05:57:00,0.4400498880426085
2019-04-25 06:00:00,0.34187858364487056
2019-04-25 06:03:00,0.3298270188671495
2019-04-25 06:06:00,0.42450912751780834
2019-04-25 06:09:00,0.3586840071095594
2019-04-25 06:12:00,0.32258584391070144
2019-04-25 06:15:00,0.34987556053283697
2019-04-25 06:18:00,0.43984013512653064
2019-04-25 06:21:00,0.2912669137542707
2019-04-25 06:24:00,0.3407064265247186
2019-04-25 06:27:00,0.29512324213112606
2019-04-25 06:30:00,0.37221249538208667
2019-04-25 06:33:00,0.3342354827694862
2019-04-25 06:36:00,0.3672250350384161
2019-04-25 06:39:00,0.35767784817136317
2019-04-25 06:42:00,0.34511693523364784
2019-04-25 06:45:00,0.37217667355128015
2019-04-25 06:48:00,0.37011410809554945
2019-04-25 06:51:00,0.42650284907426794
2019-04-25 06:54:00,0.3635312583865584
2019-04-25 06:57:00,0.33649892683610005
2019-04-25 07:00:00,0.40543631854092155
2019-04-25 07:03:00,0.3752960043425446
2019-04-25 07:06:00,0.3672297815350589
2019-04-25 07:09:00,0.4096412665313096
2019-04-25 07:12:00,0.2988695398423147
2019-04-25 07:15:00,0.33713508209160636
2019-04-25 07:18:00,0.40044706504983196
2019-04-25 07:21:00,0.3325229747557046
2019-04-25 07:24:00,0.359989426733307
2019-04-25 07:27:00,0.3823534858024118
2019-04-25 07:30:00,0.3866163730650669
2019-04-25 07:33:00,0.40755554515044423
2019-04-25 07:36:00,0.3562930492246892
2019-04-25 07:39:00,0.34720949279784463
2019-04-25 07:42:00,0.405206456181304
2019-04-25 07:45:00,0.37111981467415944
2019-04-25 07:48:00,0.39462045641170107
2019-04-25 07:51:00,0.33701866132412306
2019-04-25 07:54:00,0.33098685322687516
2019-04-25 07:57:00,0.2807355101074336
2019-04-25 08:00:00,0.3631115488694263
2019-04-25 08:03:00,0.2816185162863576
2019-04-25 08:06:00,0.2834936233344365
2019-04-25 08:09:00,0.3398361079642882
2019-04-25 08:12:00,0.2446002794758897
2019-04-25 08:15:00,0.1983070642597795
2019-04-25 08:18:00,0.28307050094059605
2019-04-25 08:21:00,0.2832937619370455
2019-04-25 08:24:00,0.21753334784449407
2019-04-25 08:27:00,0.20975223632802908
2019-04-25 08:30:00,0.2626066203756068
2019-04-25 08:33:00,0.30266177450891973
2019-04-25 08:36:00,0.19044727008468953
2019-04-25 08:39:00,0.21888788332250897
2019-04-25 08:42:00,0.27840951941453795
2019-04-25 08:45:00,0.22746561184106895
2019-04-25 08:48:00,0.1650315299513636
2019-04-25 08:51:00,0.24425065034790805
2019-04-25 08:54:00,0.16628436356546672
2019-04-25 08:57:00,0.17164625056983596
2019-04-25 09:00:00,0.17535075555849744
2019-04-25 09:03:00,0.19858266772575917
2019-04-25 09:06:00,0.2068024940468831
2019-04-25 09:09:00,0.16391567358567727
2019-04-25 09:12:00,0.12848637156622544
2019-04-25 09:15:00,0.15771745619599642
2019-04-25 09:18:00,0.15455063356284882
2019-04-25 09:21:00,0.19218244601501056
2019-04-25 09:24:00,0.1516224603691967
2019-04-25 09:27:00,0.21904045011569906
2019-04-25 09:30:00,0.23056950793562692
2019-04-25 09:33:00,0.1969969764949724
2019-04-25 09:36:00,0.14177914961982196
2019-04-25 09:39:00,0.2254049140546499
2019-04-25 09:42:00,0.25340060340255377
2019-04-25 09:45:00,0.1706770010784453
2019-04-25 09:48:00,0.26879829678864553
2019-04-25 09:51:00,0.1418641386188142
2019-04-25 09:54:00,0.1715424942771051
2019-04-25 09:57:00,0.23368478435338602
2019-04-25 10:00:00,0.17903345802005788
2019-04-25 10:03:00,0.1879056663624965
2019-04-25 10:06:00,0.20044551161998925
2019-04-25 10:09:00,0.15694002127497697
2019-04-25 10:12:00,0.19424035557528896
2019-04-25 10:15:00,0.18216082052231286
2019-04-25 10:18:00,0.21485337340112665
2019-04-25 10:21:00,0.07705556258611068
2019-04-25 10:24:00,0.09565116521093842
2019-04-25 10:27:00,0.15238446182587495
2019-04-25 10:30:00,0.25969364482278934
2019-04-25 10:33:00,0.24799133627846004
2019-04-25 10:36:00,0.16749399573996016
2019-04-25 10:39:00,0.22482460856588204
2019-04-25 10:42:00,0.23534046680873644
2019-04-25 10:45:00,0.13667438818572464
2019-04-25 10:48:00,0.097432766710142
2019-04-25 10:51:00,0.15683445820735642
2019-04-25 10:54:00,0.22777791576527306
2019-04-25 10:57:00,0.16990400197181543
2019-04-25 11:00:00,0.24266890508073402
2019-04-25 11:03:00,0.18138839208404534
2019-04-25 11:06:00,0.1936893183533357
2019-04-25 11:09:00,0.16682985591421584
2019-04-25 11:12:00,0.28679809617381125
2019-04-25 11:15:00,0.2260217305055221
2019-04-25 11:18:00,0.19605739668440947
2019-04-25 11:21:00,0.2615609308516582
2019-04-25 11:24:00,0.21059442225742941
2019-04-25 11:27:00,0.2291118801323364
2019-04-25 11:30:00,0.24510917018960754
2019-04-25 11:33:00,0.181597654924758
2019-04-25 11:36:00,0.10375679821800077
2019-04-25 11:39:00,0.23216304144290234
2019-04-25 11:42:00,0.14188979150083014
2019-04-25 11:45:00,0.1998165388828852
2019-04-25 11:48:00,0.138646167083607
2019-04-25 11:51:00,0.19323163863447235
2019-04-25 11:54:00,0.17657698213872663
2019-04-25 11:57:00,0.17137556174469637
2019-04-25 12:00:00,0.22092266849773523
2019-04-25 12:03:00,0.16339656251153656
2019-04-25 12:06:00,0.12598379127484804
2019-04-25 12:09:00,0.18296747080944442
2019-04-25 12:12:00,0.19167352586856623
2019-04-25 12:15:00,0.17204432298655092
2019-04-25 12:18:00,0.262548213216121
2019-04-25 12:21:00,0.21431642667749884
2019-04-25 12:24:00,0.1738888129811471
2019-04-25 12:27:00,0.09296546030634545
2019-04-25 12:30:00,0.09311866575052363
2019-04-25 12:33:00,0.037434722014722865
2019-04-25 12:36:00,0.12661320063091352
2019-04-25 12:39:00,0.10657924067788827
2019-04-25 12:42:00,0.05884521520397357
2019-04-25 12:45:00,0.15923916890585588
2019-04-25 12:48:00,0.07904687996847315
2019-04-25 12:51:00,0.08633947212695148
2019-04-25 12:54:00,0.12386020939015907
2019-04-25 12:57:00,0.04530386320885782
2019-04-25 13:00:00,0.09877471024987017
2019-04-25 13:03:00,0.14220010609892597
2019-04-25 13:06:00,0.18685910674378192
2019-04-25 13:09:00,0.14407638191670458
2019-04-25 13:12:00,0.08144603173946052
2019-04-25 13:15:00,0.09195552736673562
2019-04-25 13:18:00,0.07395260827433958
2019-04-25 13:21:00,0.09201898004801023
2019-04-25 13:24:00,0.09006254681759174
2019-04-25 13:27:00,0.19338477373514706
2019-04-25 13:30:00,-0.014604251037496851
2019-04-25 13:33:00,0.12284969164647919
2019-04-25 13:36:00,0.11676645901019356
2019-04-25 13:39:00,0.03597447959367628
2019-04-25 13:42:00,0.07348055041461521
2019-04-25 13:45:00,0.023483456379040035
2019-04-25 13:48:00,0.08504919147901546
2019-04-25 13:51:00,-0.016131866539183193
2019-04-25 13:54:00,0.030313334375648537
2019-04-25 13:57:00,0.12128531875907811
2019-04-25 14:00:00,0.0033988522675372224
2019-04-25 14:03:00,0.025029288680286754
2019-04-25 14:06:00,0.1149850188480741
2019-04-25 14:09:00,-0.05484438396263158
2019-04-25 14:12:00,0.01765358366088776
2019-04-25 14:15:00,0.02831234521204351
2019-04-25 14:18:00,0.015387227267069647
2019-04-25 14:21:00,-0.17457732509609514
2019-04-25 14:24:00,-0.05558956276018989
2019-04-25 14:27:00,-0.1436642037745628
2019-04-25 14:30:00,-0.17114590809086394
2019-04-25 14:33:00,-0.05958310548993495
2019-04-25 14:36:00,-0.17060503416985284
2019-04-25 14:39:00,-0.11817352456068875
2019-04-25 14:42:00,-0.13092164262417327
2019-04-25 14:45:00,-0.13995586298790386
2019-04-25 14:48:00,-0.1560183419063037
2019-04-25 14:51:00,-0.08376529483155082
2019-04-25 14:54:00,-0.18015378666444803
2019-04-25 14:57:00,-0.0660953764554506
2019-04-25 15:00:00,-0.27750506577859824
2019-04-25 15:03:00,-0.2234450806659538
2019-04-25 15:06:00,-0.17997458996921978
2019-04-25 15:09:00,-0.21274092365354136
2019-04-25 15:12:00,-0.3309806359162053
2019-04-25 15:15:00,-0.3145593338448407
2019-04-25 15:18:00,-0.230906671818218
2019-04-25 15:21:00,-0.2943602943339556
2019-04-25 15:24:00,-0.31341873414231713
2019-04-25 15:27:00,-0.26888829233433853
2019-04-25 15:30:00,-0.23993537742057924
2019-04-25 15:33:00,-0.22684632419947093
2019-04-25 15:36:00,-0.23545559809537053
2019-04-25 15:39:00,-0.11722662594087296
2019-04-25 15:42:00,-0.17513855630528496
2019-04-25 15:45:00,-0.22192827178992047
2019-04-25 15:48:00,-0.19830647489766307
2019-04-25 15:51:00,-0.23493460061570204
2019-04-25 15:54:00,-0.21255061435510925
2019-04-25 15:57:00,-0.2673303819805142
2019-04-25 16:00:00,-0.24192621383207324
2019-04-25 16:03:00,-0.1835156989311031
2019-04-25 16:06:00,-0.19766043957241664
2019-04-25 16:09:00,-0.21895350730659402
2019-04-25 16:12:00,-0.18556529127658905
2019-04-25 16:15:00,-0.24136578789142504
2019-04-25 16:18:00,-0.2507326257564273
2019-04-25 16:21:00,-0.2701196084839239
2019-04-25 16:24:00,-0.25903313724887767
2019-04-25 16:27:00,-0.19533211304690212
2019-04-25 16:30:00,-0.1879618941648573
2019-04-25 16:33:00,-0.24723341211154093
2019-04-25 16:36:00,-0.271619681221523
2019-04-25 16:39:00,-0.31659881857143546
2019-04-25 16:42:00,-0.2825330492444209
2019-04-25 16:45:00,-0.3211266031606783
2019-04-25 16:48:00,-0.3938833763511411
2019-04-25 16:51:00,-0.28253121963172134
2019-04-25 16:54:00,-0.3310887122833037
2019-04-25 16:57:00,-0.3679452312159128
2019-04-25 17:00:00,-0.28218124228538954
2019-04-25 17:03:00,-0.27703821217670566
2019-04-25 17:06:00,-0.22985805977435803
2019-04-25 17:09:00,-0.3007424969574686
2019-04-25 17:12:00,-0.31948031822298617
2019-04-25 17:15:00,-0.3259866870629935
2019-04-25 17:18:00,-0.2939769075377967
2019-04-25 17:21:00,-0.3226028190750867
2019-04-25 17:24:00,-0.33307157299941537
2019-04-25 17:27:00,-0.35470029017625393
2019-04-25 17:30:00,-0.19807978710468888
2019-04-25 17:33:00,-0.3027648962315652
2019-04-25 17:36:00,-0.2546550477321148
2019-04-25 17:39:00,-0.29566653914770313
2019-04-25 17:42:00,-0.3066517991070441
2019-04-25 17:45:00,-0.24576684580159736
2019-04-25 17:48:00,-0.23832277737159302
2019-04-25 17:51:00,-0.21099617336682286
2019-04-25 17:54:00,-0.281007454054361
2019-04-25 17:57:00,-0.26596591834106675
2019-04-25 18:00:00,-0.2519679052938386
2019-04-25 18:03:00,-0.1882374579429893
2019-04-25 18:06:00,-0.1387873552990868
2019-04-25 18:09:00,-0.27028914453404695
2019-04-25 18:12:00,-0.30772209628963765
2019-04-25 18:15:00,-0.29490983880629074
2019-04-25 18:18:00,-0.23052895296302722
2019-04-25 18:21:00,-0.18976994317114304
2019-04-25 18:24:00,-0.23539539762106187
2019-04-25 18:27:00,-0.2080361331813947
2019-04-25 18:30:00,-0.15179610299173873
2019-04-25 18:33:00,-0.185220440289811
2019-04-25 18:36:00,-0.09659801657892331
2019-04-25 18:39:00,-0.14896739831152672
2019-04-25 18:42:00,-0.15565172070529343
2019-04-25 18:45:00,-0.2337282764988231
2019-04-25 18:48:00,-0.13635864355433114
2019-04-25 18:51:00,-0.17401882062654295
2019-04-25 18:54:00,-0.15631898964028323
2019-04-25 18:57:00,
2019-04-25 19:00:00,
2019-04-25 19:03:00,-0.0891062309726749
2019-04-25 19:06:00,-0.06827433987422182
2019-04-25 19:09:00,-0.1353276586900165
2019-04-25 19:12:00,-0.05954103600174676
2019-04-25 19:15:00,0.05342447227678804
2019-04-25 19:18:00,0.343541900807395
2019-04-25 19:21:00,0.2934079222936248
2019-04-25 19:24:00,0.1372639271713183
2019-04-25 19:27:00,0.10792439472578508
2019-04-25 19:30:00,-0.08317604426775915
2019-04-25 19:33:00,-0.14061717925659423
2019-04-25 19:36:00,-0.13283262558127262
2019-04-25 19:39:00,-0.15239094631630223
2019-04-25 19:42:00,-0.18557882133779913
2019-04-25 19:45:00,-0.005942180866725266
2019-04-25 19:48:00,-0.021393583396843496
2019-04-25 19:51:00,-0.08333889397584926
2019-04-25 19:54:00,-0.0648169517536985
2019-04-25 19:57:00,-0.06483885126311861
2019-04-25 20:00:00,-0.011715429239075092
2019-04-25 20:03:00,-0.007716265678254786
2019-04-25 20:06:00,-0.03472628605703676
2019-04-25 20:09:00,-0.037812657968572694
2019-04-25 20:12:00,-0.072576959192304
2019-04-25 20:15:00,0.03711443799909375
2019-04-25 20:18:00,-0.05147425474973488
2019-04-25 20:21:00,-0.019351054304422632
2019-04-25 20:24:00,-0.08075850625607472
2019-04-25 20:27:00,0.04156953401343344
2019-04-25 20:30:00,-0.028956457293247695
2019-04-25 20:33:00,0.0069109351467773195
2019-04-25 20:36:00,-0.03986774642385171
2019-04-25 20:39:00,-0.007824257243441934
2019-04-25 20:42:00,0.0003869646963039486
2019-04-25 20:45:00,-0.022429815951795717
2019-04-25 20:48:00,-0.08448059399142949
2019-04-25 20:51:00,-0.015002021022155532
2019-04-25 20:54:00,0.02974311105867855
2019-04-25 20:57:00,-0.1305294979524092
2019-04-25 21:00:00,0.0366632508429916
2019-04-25 21:03:00,-0.03297359254145249
2019-04-25 21:06:00,-0.009647180295246471
2019-04-25 21:09:00,-0.057839015958165874
2019-04-25 21:12:00,-0.0696161429679023
2019-04-25 21:15:00,0.08220058986859158
2019-04-25 21:18:00,0.1722635016718641
2019-04-25 21:21:00,-0.032462189378861694
2019-04-25 21:24:00,0.07443405641009804
2019-04-25 21:27:00,0.030933800701745895
2019-04-25 21:30:00,0.12114611642215323
2019-04-25 21:33:00,0.10431516994555068
2019-04-25 21:36:00,0.016091476999179122
2019-04-25 21:39:00,-0.002189053787560624
2019-04-25 21:42:00,0.06208217516427794
2019-04-25 21:45:00,0.04298410432897981
2019-04-25 21:48:00,0.05627880596949808
2019-04-25 21:51:00,-0.01258250053632537
2019-04-25 21:54:00,-0.01992596689825632
2019-04-25 21:57:00,0.005719684337236686
2019-04-25 22:00:00,0.07659466846797613
2019-04-25 22:03:00,0.05174294230283749
2019-04-25 22:06:00,0.009617330114338074
2019-04-25 22:09:00,0.06026595036246363
2019-04-25 22:12:00,-0.06996777016621536
2019-04-25 22:15:00,-0.002919140033839085
2019-04-25 22:18:00,0.09805018402119003
2019-04-25 22:21:00,-0.013507834887377612
2019-04-25 22:24:00,0.2064016786149523
2019-04-25 22:27:00,0.1489635860209546
2019-04-25 22:30:00,0.07418618763301765
2019-04-25 22:33:00,0.08791085037563562
2019-04-25 22:36:00,0.10632318718774059
2019-04-25 22:39:00,0.09299892444619218
2019-04-25 22:42:00,0.07446173665874767
2019-04-25 22:45:00,0.14683331937544608
2019-04-25 22:48:00,0.125694361675869
2019-04-25 22:51:00,0.14939930502288234
2019-04-25 22:54:00,0.036231198282450805
2019-04-25 22:57:00,0.0681564093358702
2019-04-25 23:00:00,0.07226449709156668
2019-04-25 23:03:00,0.09766948160211086
2019-04-25 23:06:00,-0.009650343821874685
2019-04-25 23:09:00,0.04509453694976173
2019-04-25 23:12:00,0.07476461015266977
2019-04-25 23:15:00,0.000941497421308668
2019-04-25 23:18:00,0.04596563715784896
2019-04-25 23:21:00,-0.0013412889430810537
2019-04-25 23:24:00,0.10230673998580642
2019-04-25 23:27:00,0.02047778626638319
2019-04-25 23:30:00,0.07627239516529016
2019-04-25 23:33:00,0.1647380138624044
2019-04-25 23:36:00,0.05515974333985696
2019-04-25 23:39:00,0.11568951498782098
2019-04-25 23:42:00,0.06837508732695596
2019-04-25 23:45:00,0.1130233543493091
2019-04-25 23:48:00,0.15216521923468918
2019-04-25 23:51:00,0.20154597757255033
2019-04-25 23:54:00,0.1440839733252801
2019-04-25 23:57:00,0.20087507900080936
2019-04-26 00:00:00,0.14132435946601163
2019-04-26 00:03:00,0.12129238200640202
2019-04-26 00:06:00,0.09471769264342811
2019-04-26 00:09:00,0.13717797913267304
2019-04-26 00:12:00,0.18281290913353132
2019-04-26 00:15:00,0.10811388348071205
2019-04-26 00:18:00,0.09700833575146817
2019-04-26 00:21:00,0.12789032544446854
2019-04-26 00:24:00,0.13944552146131173
2019-04-26 00:27:00,0.2613547831434744
2019-04-26 00:30:00,0.2202907678465067
2019-04-26 00:33:00,0.11063225948231548
2019-04-26 00:36:00,0.07038861446955025
2019-04-26 00:39:00,0.13344654114376908
2019-04-26 00:42:00,0.07020127682352495
2019-04-26 00:45:00,0.16795503106089882
2019-04-26 00:48:00,0.12556301731370922
2019-04-26 00:51:00,0.23906086623082956
2019-04-26 00:54:00,0.2125083283436311
2019-04-26 00:57:00,0.23534328381737168
2019-04-26 01:00:00,0.1891999615118607
2019-04-26 01:03:00,0.31255480999755036
2019-04-26 01:06:00,0.215290878872338
2019-04-26 01:09:00,0.4102745909204941
2019-04-26 01:12:00,0.33557290122587347
2019-04-26 01:15:00,0.3674273844598588
2019-04-26 01:18:00,0.3596097995700802
2019-04-26 01:21:00,0.27923503638999136
2019-04-26 01:24:00,0.15764028703273425
2019-04-26 01:27:00,0.15679377064674327
2019-04-26 01:30:00,0.2717922459797819
2019-04-26 01:33:00,0.08247591899896634
2019-04-26 01:36:00,0.07877054731096678
2019-04-26 01:39:00,0.15326602233682252
2019-04-26 01:42:00,0.2223475582287051
2019-04-26 01:45:00,0.11787248845519116
2019-04-26 01:48:00,0.18402760541039243
2019-04-26 01:51:00,0.1787559218674346
2019-04-26 01:54:00,0.24744139730847792
2019-04-26 01:57:00,0.2675143110635645
2019-04-26 02:00:00,0.2993986128716415
2019-04-26 02:03:00,0.27762923200890555
2019-04-26 02:06:00,0.08316188692191417
2019-04-26 02:09:00,0.13628411050387967
2019-04-26 02:12:00,0.14171969079080782
2019-04-26 02:15:00,0.15904199887017967
2019-04-26 02:18:00,0.14191024826209286
2019-04-26 02:21:00,0.18662508471129513
2019-04-26 02:24:00,0.14718121675969087
2019-04-26 02:27:00,0.09853733194620418
2019-04-26 02:30:00,0.16480545883769082
2019-04-26 02:33:00,0.09227976061134768
2019-04-26 02:36:00,0.14414789804635575
2019-04-26 02:39:00,0.11421767505044045
2019-04-26 02:42:00,0.16403562834426566
2019-04-26 02:45:00,0.1702011718636527
2019-04-26 02:48:00,0.12112086604281558
2019-04-26 02:51:00,0.27563087411272136
2019-04-26 02:54:00,0.4407587081925044
2019-04-26 02:57:00,0.5119309101336285
2019-04-26 03:00:00,0.4284649515458909
2019-04-26 03:03:00,0.27891327705742697
2019-04-26 03:06:00,0.10285590941384726
2019-04-26 03:09:00,0.17029337713006498
2019-04-26 03:12:00,0.1663443956386459
2019-04-26 03:15:00,0.22094100114736648
2019-04-26 03:18:00,0.17802859847870423
2019-04-26 03:21:00,0.3648690443821465
2019-04-26 03:24:00,0.40715388148709053
2019-04-26 03:27:00,0.3954279070336497
2019-04-26 03:30:00,0.48379277564833956
2019-04-26 03:33:00,0.4285677905342027
2019-04-26 03:36:00,0.356447372281707
2019-04-26 03:39:00,0.2679140553028674
2019-04-26 03:42:00,0.3436495136934923
2019-04-26 03:45:00,0.24359982509855627
2019-04-26 03:48:00,0.2605374268529772
2019-04-26 03:51:00,0.20535430404765975
2019-04-26 03:54:00,0.2791559197477227
2019-04-26 03:57:00,0.27348781471562233
2019-04-26 04:00:00,0.3151181594191712
2019-04-26 04:03:00,0.3735374465983341
2019-04-26 04:06:00,0.2929720199479675
2019-04-26 04:09:00,0.38910878887452327
2019-04-26 04:12:00,0.35373694075735784
2019-04-26 04:15:00,0.36067204320795554
2019-04-26 04:18:00,0.3814447334630131
2019-04-26 04:21:00,0.3416533505445045
2019-04-26 04:24:00,0.37121838165870713
2019-04-26 04:27:00,0.31130971367485927
2019-04-26 04:30:00,0.37773279228048295
2019-04-26 04:33:00,0.2072910041531486
2019-04-26 04:36:00,0.23681597751163963
2019-04-26 04:39:00,0.3452234261436047
2019-04-26 04:42:00,0.3692978519302983
2019-04-26 04:45:00,0.3168315351398405
2019-04-26 04:48:00,0.4119059525779676
2019-04-26 04:51:00,0.4628313204088954
2019-04-26 04:54:00,0.48066018771970676
2019-04-26 04:57:00,0.6132683511972914
2019-04-26 05:00:00,0.6347389765393245
2019-04-26 05:03:00,0.6109762524225744
2019-04-26 05:06:00,0.5809187802547058
2019-04-26 05:09:00,0.6365496213363144
2019-04-26 05:12:00,0.6444583575186584
2019-04-26 05:15:00,0.5888762970717494
2019-04-26 05:18:00,0.6163899136561213
2019-04-26 05:21:00,0.5631633146043669
2019-04-26 05:24:00,0.47050269655352395
2019-04-26 05:27:00,0.4752757065717219
2019-04-26 05:30:00,0.3883776554108067
2019-04-26 05:33:00,0.3456385152383632
2019-04-26 05:36:00,0.3852863742644672
2019-04-26 05:39:00,0.3276740911070988
2019-04-26 05:42:00,0.3807748492352516
2019-04-26 05:45:00,0.36864213389122824
2019-04-26 05:48:00,0.3341429322147178
2019-04-26 05:51:00,0.4212987666701338
2019-04-26 05:54:00,0.2893981553428375
2019-04-26 05:57:00,0.3293514645539517
2019-04-26 06:00:00,0.3135502460623343
2019-04-26 06:03:00,0.3176457667918271
2019-04-26 06:06:00,0.3845347252033662
2019-04-26 06:09:00,0.28389887015299564
2019-04-26 06:12:00,0.3555573469713522
2019-04-26 06:15:00,0.2991987723728471
2019-04-26 06:18:00,0.4042294213944615
2019-04-26 06:21:00,0.35953192476500817
2019-04-26 06:24:00,0.31446808163877904
2019-04-26 06:27:00,0.277837560804187
2019-04-26 06:30:00,0.3601542569741696
2019-04-26 06:33:00,0.3357430663880905
2019-04-26 06:36:00,0.33379093636762036
2019-04-26 06:39:00,0.4650003443406945
2019-04-26 06:42:00,0.3944900674936207
2019-04-26 06:45:00,0.35369387373771133
2019-04-26 06:48:00,0.33429699988050743
2019-04-26 06:51:00,0.4509729150279327
2019-04-26 06:54:00,0.42346637481972493
2019-04-26 06:57:00,0.4007850399649442
2019-04-26 07:00:00,0.41666791859472596
2019-04-26 07:03:00,0.360581231282481
2019-04-26 07:06:00,0.2660530183211449
2019-04-26 07:09:00,0.35590457734463143
2019-04-26 07:12:00,0.3633643533696045
2019-04-26 07:15:00,0.30309205650092963
2019-04-26 07:18:00,0.4166648725662867
2019-04-26 07:21:00,0.3398159944321719
2019-04-26 07:24:00,0.34385269691938447
2019-04-26 07:27:00,0.32904506939718203
2019-04-26 07:30:00,0.20751630794438825
2019-04-26 07:33:00,0.2695675981187833
2019-04-26 07:36:00,0.24836568401855175
2019-04-26 07:39:00,0.32126146704791836
2019-04-26 07:42:00,0.30573111103575457
2019-04-26 07:45:00,0.27739320494839603
2019-04-26 07:48:00,0.2770790541368342
2019-04-26 07:51:00,0.19372079362454997
2019-04-26 07:54:00,0.11940851664530783
2019-04-26 07:57:00,0.21179978893883344
2019-04-26 08:00:00,0.165875687498783
2019-04-26 08:03:00,0.24578683185006867
2019-04-26 08:06:00,0.23527964888370434
2019-04-26 08:09:00,0.13296892719046127
2019-04-26 08:12:00,0.17559825680933727
2019-04-26 08:15:00,0.22191220654042354
2019-04-26 08:18:00,0.2394634628602148
2019-04-26 08:21:00,0.17858915470247894
2019-04-26 08:24:00,0.2678075223429346
2019-04-26 08:27:00,0.2574527574653871
2019-04-26 08:30:00,0.3295812976548973
2019-04-26 08:33:00,0.41483302585055526
2019-04-26 08:36:00,0.39170867465492165
2019-04-26 08:39:00,0.3678491428905204
2019-04-26 08:42:00,0.40632300093358253
2019-04-26 08:45:00,0.36354949521546587
2019-04-26 08:48:00,0.4223679682220336
2019-04-26 08:51:00,0.37909244116724494
2019-04-26 08:54:00,0.4195533497268116
2019-04-26 08:57:00,0.5023414975808009
2019-04-26 09:00:00,0.5279145609846978
2019-04-26 09:03:00,0.5380396119289799
2019-04-26 09:06:00,0.5027309791810808
2019-04-26 09:09:00,0.60899060100013
2019-04-26 09:12:00,0.5656700285288139
2019-04-26 09:15:00,0.562417870486513
2019-04-26 09:18:00,0.5271327798830612
2019-04-26 09:21:00,0.6288828684689065
2019-04-26 09:24:00,0.5609862846987426
2019-04-26 09:27:00,0.5967275441124116
2019-04-26 09:30:00,0.5430786223082009
2019-04-26 09:33:00,0.5198964155214298
2019-04-26 09:36:00,0.461739083547684
2019-04-26 09:39:00,0.4363355368106454
2019-04-26 09:42:00,0.38506628388421404
2019-04-26 09:45:00,0.3657875732973821
2019-04-26 09:48:00,0.2692332883649442
2019-04-26 09:51:00,0.33396266643615036
2019-04-26 09:54:00,0.37670089020025443
2019-04-26 09:57:00,0.37513970762086046
2019-04-26 10:00:00,0.3534931940729962
2019-04-26 10:03:00,0.3908015816409147
2019-04-26 10:06:00,0.24475916510397155
2019-04-26 10:09:00,0.2970444731058137
2019-04-26 10:12:00,0.3486137425990705
2019-04-26 10:15:00,0.2963255990866287
2019-04-26 10:18:00,0.3285327237731508
2019-04-26 10:21:00,0.29212792222836015
2019-04-26 10:24:00,0.2263172567674019
2019-04-26 10:27:00,0.269888675654272
2019-04-26 10:30:00,0.2774741614675804
2019-04-26 10:33:00,0.3328632057898062
2019-04-26 10:36:00,0.1311735446652733
2019-04-26 10:39:00,0.17169722025857936
2019-04-26 10:42:00,0.2167940506137711
2019-04-26 10:45:00,0.23248138472757773
2019-04-26 10:48:00,0.2220959009003991
2019-04-26 10:51:00,0.2105994166490177
2019-04-26 10:54:00,0.12624344940286392
2019-04-26 10:57:00,0.0930963591521845
2019-04-26 11:00:00,0.15899570582922706
2019-04-26 11:03:00,0.14580948871525834
2019-04-26 11:06:00,0.0629399725694384
2019-04-26 11:09:00,0.11100516444162167
2019-04-26 11:12:00,0.07002326785868718
2019-04-26 11:15:00,0.05983927564125224
2019-04-26 11:18:00,0.11111271329610872
2019-04-26 11:21:00,0.13299235494525874
2019-04-26 11:24:00,0.15149925958615995
2019-04-26 11:27:00,0.038157379104234224
2019-04-26 11:30:00,0.05525581203676211
2019-04-26 11:33:00,0.03158398058894818
2019-04-26 11:36:00,0.15040087277651537
2019-04-26 11:39:00,0.10423904398317063
2019-04-26 11:42:00,0.04705261300262009
2019-04-26 11:45:00,0.0811660560400469
2019-04-26 11:48:00,0.08390092935479743
2019-04-26 11:51:00,0.09067575411307871
2019-04-26 11:54:00,0.1128844329306844
2019-04-26 11:57:00,0.1664350199907858
2019-04-26 12:00:00,0.10996075693873308
2019-04-26 12:03:00,0.1404010070265258
2019-04-26 12:06:00,0.1288023158228384
2019-04-26 12:09:00,0.0052819540725295155
2019-04-26 12:12:00,0.1389970020974829
2019-04-26 12:15:00,0.016975803141804136
2019-04-26 12:18:00,0.058192722789158324
2019-04-26 12:21:00,0.02616765414040856
2019-04-26 12:24:00,0.10169908658690474
2019-04-26 12:27:00,-0.07698931263126951
2019-04-26 12:30:00,-0.03391002118104325
2019-04-26 12:33:00,-0.07810518012712464
2019-04-26 12:36:00,-0.01822026762556561
2019-04-26 12:39:00,-0.034507315040855246
2019-04-26 12:42:00,-0.19436260376630798
2019-04-26 12:45:00,-0.1726227709198156
2019-04-26 12:48:00,-0.15118091175475
2019-04-26 12:51:00,-0.02301121813206919
2019-04-26 12:54:00,-0.13445374534381926
2019-04-26 12:57:00,-0.20210075907471037
2019-04-26 13:00:00,-0.1549957627289018
2019-04-26 13:03:00,-0.05813895704255856
2019-04-26 13:06:00,-0.13722196205696946
2019-04-26 13:09:00,-0.10518808364133747
2019-04-26 13:12:00,-0.1548786418951522
2019-04-26 13:15:00,-0.2456107440004871
2019-04-26 13:18:00,-0.21635350309213663
2019-04-26 13:21:00,-0.21121082002741787
2019-04-26 13:24:00,-0.34577226592267607
2019-04-26 13:27:00,-0.24374671923698088
2019-04-26 13:30:00,-0.20242362767874056
2019-04-26 13:33:00,-0.22575881265930775
2019-04-26 13:36:00,-0.3760593557963148
2019-04-26 13:39:00,-0.17639608318648925
2019-04-26 13:42:00,-0.30266088837259986
2019-04-26 13:45:00,-0.4407429675958383
2019-04-26 13:48:00,-0.4044984703704131
2019-04-26 13:51:00,-0.3322254946733665
2019-04-26 13:54:00,-0.2710132305314801
2019-04-26 13:57:00,-0.3477705492381915
2019-04-26 14:00:00,-0.3741253631397967
2019-04-26 14:03:00,-0.36444484149421896
2019-04-26 14:06:00,-0.4084387957763056
2019-04-26 14:09:00,-0.3551446984062636
2019-04-26 14:12:00,-0.38148034049902435
2019-04-26 14:15:00,-0.37824296096471244
2019-04-26 14:18:00,-0.39918217589047345
2019-04-26 14:21:00,-0.3608148262765667
2019-04-26 14:24:00,-0.37968342818953715
2019-04-26 14:27:00,-0.37228152054723296
2019-04-26 14:30:00,-0.3365898915826051
2019-04-26 14:33:00,-0.34044088361707736
2019-04-26 14:36:00,-0.39716103986927465
2019-04-26 14:39:00,-0.3835622709460722
2019-04-26 14:42:00,-0.3837904112964452
2019-04-26 14:45:00,-0.33036910291320964
2019-04-26 14:48:00,-0.28612931664230246
2019-04-26 14:51:00,-0.19153004971616383
2019-04-26 14:54:00,-0.25253717288046573
2019-04-26 14:57:00,-0.26816343763664463
2019-04-26 15:00:00,-0.21985297205259258
2019-04-26 15:03:00,-0.26199486533249683
2019-04-26 15:06:00,-0.2731467343855911
2019-04-26 15:09:00,-0.3190800699536567
2019-04-26 15:12:00,-0.400403718072198
2019-04-26 15:15:00,-0.48125223983856813
2019-04-26 15:18:00,-0.33642492306501026
2019-04-26 15:21:00,-0.45292240283276897
2019-04-26 15:24:00,-0.14840376943078581
2019-04-26 15:27:00,-0.37934526802314394
2019-04-26 15:30:00,-0.5659586907901257
2019-04-26 15:33:00,-0.40410915944721637
2019-04-26 15:36:00,-0.318006630624609
2019-04-26 15:39:00,-0.20749188156145237
2019-04-26 15:42:00,-0.20728165678366395
2019-04-26 15:45:00,-0.2952831585106992
2019-04-26 15:48:00,-0.32900973596946415
2019-04-26 15:51:00,-0.30975703778136676
2019-04-26 15:54:00,-0.31276216040373583
2019-04-26 15:57:00,-0.36213652099036153
2019-04-26 16:00:00,-0.28214178645038146
2019-04-26 16:03:00,-0.34342806735259046
2019-04-26 16:06:00,-0.4370079612945119
2019-04-26 16:09:00,-0.3595358504045407
2019-04-26 16:12:00,-0.25427864964359514
2019-04-26 16:15:00,-0.2626327872803813
2019-04-26 16:18:00,-0.20976391445572062
2019-04-26 16:21:00,-0.3042945852480443
2019-04-26 16:24:00,-0.21643756731197072
2019-04-26 16:27:00,-0.3077745616183165
2019-04-26 16:30:00,-0.3176764572685329
2019-04-26 16:33:00,-0.23336689801919874
2019-04-26 16:36:00,-0.1935773410866659
2019-04-26 16:39:00,-0.19619611220502975
2019-04-26 16:42:00,-0.28389383722861794
2019-04-26 16:45:00,-0.25013211544251135
2019-04-26 16:48:00,-0.1977820682687934
2019-04-26 16:51:00,-0.1426179430871457
2019-04-26 16:54:00,-0.10655251099097995
2019-04-26 16:57:00,-0.1751550745472059
2019-04-26 17:00:00,-0.2608886992438215
2019-04-26 17:03:00,-0.21317437563391195
2019-04-26 17:06:00,-0.23284749025248175
2019-04-26 17:09:00,-0.18174624461903477
2019-04-26 17:12:00,-0.13432573450648988
2019-04-26 17:15:00,0.0017627937374413705
2019-04-26 17:18:00,0.04772158680071925
2019-04-26 17:21:00,0.26885537778179014
2019-04-26 17:24:00,0.33844970203665525
2019-04-26 17:27:00,0.10362728169729962
2019-04-26 17:30:00,-0.04285951103361185
2019-04-26 17:33:00,0.09114121434265599
2019-04-26 17:36:00,0.27244121887849815
2019-04-26 17:39:00,0.06789771549659918
2019-04-26 17:42:00,0.13414253320149783
2019-04-26 17:45:00,0.19860645811564837
2019-04-26 17:48:00,0.20563455811492304
2019-04-26 17:51:00,0.20823135793335723
2019-04-26 17:54:00,0.13182133614225222
2019-04-26 17:57:00,0.22004600029185895
2019-04-26 18:00:00,0.04867412168880492
2019-04-26 18:03:00,-0.015766142787413173
2019-04-26 18:06:00,0.06554233669885434
2019-04-26 18:09:00,-0.014025017060987466
2019-04-26 18:12:00,-0.046710541931133776
2019-04-26 18:15:00,-0.09702574185399726
2019-04-26 18:18:00,-0.11933041192867222
2019-04-26 18:21:00,-0.0679729950447836
2019-04-26 18:24:00,-0.08441736805963274
2019-04-26 18:27:00,-0.167871499143871
2019-04-26 18:30:00,-0.13493536243151993
2019-04-26 18:33:00,-0.09593355095347533
2019-04-26 18:36:00,-0.0821282608369529
2019-04-26 18:39:00,-0.09899830518742192
2019-04-26 18:42:00,-0.1803916063656743
2019-04-26 18:45:00,-0.05533255398006531
2019-04-26 18:48:00,-0.026429060083103195
2019-04-26 18:51:00,-0.04785234130685012
2019-04-26 18:54:00,-0.10912754231469535
2019-04-26 18:57:00,
2019-04-26 19:00:00,
2019-04-26 19:03:00,-0.010802279189363162
2019-04-26 19:06:00,-0.06660832673196637
2019-04-26 19:09:00,-0.09282212321869565
2019-04-26 19:12:00,-0.1617302039775268
2019-04-26 19:15:00,-0.044381553388802786
2019-04-26 19:18:00,0.04963799665767965
2019-04-26 19:21:00,-0.019543836792422553
2019-04-26 19:24:00,-0.02452007535617895
2019-04-26 19:27:00,-0.013840222715828077
2019-04-26 19:30:00,0.10933374040075705
2019-04-26 19:33:00,0.0471058872912522
2019-04-26 19:36:00,0.0050873680397671706
2019-04-26 19:39:00,0.10420199493916016
2019-04-26 19:42:00,0.0959292471014237
2019-04-26 19:45:00,0.16869969358424441
2019-04-26 19:48:00,0.09926026716527758
2019-04-26 19:51:00,0.1878919767166849
2019-04-26 19:54:00,0.11870629524975129
2019-04-26 19:57:00,0.11247169650204114
2019-04-26 20:00:00,0.14001064846758027
2019-04-26 20:03:00,0.06903384845077198
2019-04-26 20:06:00,0.14844483269882858
2019-04-26 20:09:00,-0.0048675982081363145
2019-04-26 20:12:00,0.04700863849069492
2019-04-26 20:15:00,0.03769646720354558
2019-04-26 20:18:00,0.028513919121962772
2019-04-26 20:21:00,0.054753320865245314
2019-04-26 20:24:00,0.09616784464981265
2019-04-26 20:27:00,0.044487469806767876
2019-04-26 20:30:00,0.12025427786062437
2019-04-26 20:33:00,-0.03132149469479373
2019-04-26 20:36:00,0.08270214594318759
2019-04-26 20:39:00,0.10582847974416154
2019-04-26 20:42:00,0.14116494974223315
2019-04-26 20:45:00,0.1449446282520057
2019-04-26 20:48:00,0.16493999206755916
2019-04-26 20:51:00,0.09530376892007553
2019-04-26 20:54:00,0.12579352559896506
2019-04-26 20:57:00,0.10891293419138037
2019-04-26 21:00:00,0.13194525389019418
2019-04-26 21:03:00,0.04484914316299182
2019-04-26 21:06:00,0.1034773104831288
2019-04-26 21:09:00,0.05088523426485381
2019-04-26 21:12:00,0.13722178738822777
2019-04-26 21:15:00,0.13656319589819077
2019-04-26 21:18:00,0.058050774735022515
2019-04-26 21:21:00,0.13626447133066222
2019-04-26 21:24:00,0.12399603159076378
2019-04-26 21:27:00,0.10297847042227204
2019-04-26 21:30:00,0.17519924194391479
2019-04-26 21:33:00,0.06705175779978845
2019-04-26 21:36:00,0.05770690787630883
2019-04-26 21:39:00,0.16941351127172766
2019-04-26 21:42:00,0.1465844868490649
2019-04-26 21:45:00,0.18415872871264582
2019-04-26 21:48:00,0.20491796455939948
2019-04-26 21:51:00,0.14032438364250766
2019-04-26 21:54:00,0.12555966776233163
2019-04-26 21:57:00,0.12949492956681752
2019-04-26 22:00:00,0.171684975237838
2019-04-26 22:03:00,0.16509969757942144
2019-04-26 22:06:00,0.18405326367900443
2019-04-26 22:09:00,0.27530689916835627
2019-04-26 22:12:00,0.23943639350000012
2019-04-26 22:15:00,0.17664807406413274
2019-04-26 22:18:00,0.1281546645092817
2019-04-26 22:21:00,0.14709125168292303
2019-04-26 22:24:00,0.2051231133375495
2019-04-26 22:27:00,0.15639351770545318
2019-04-26 22:30:00,0.11030293706301109
2019-04-26 22:33:00,0.266450918799535
2019-04-26 22:36:00,0.15095048954049162
2019-04-26 22:39:00,0.24678579666175438
2019-04-26 22:42:00,0.2811673006100932
2019-04-26 22:45:00,0.3032334304820665
2019-04-26 22:48:00,0.24141095455541972
2019-04-26 22:51:00,0.27792501828599825
2019-04-26 22:54:00,0.25684575385793096
2019-04-26 22:57:00,0.2307074841689314
2019-04-26 23:00:00,0.20044949681789603
2019-04-26 23:03:00,0.2598030566210241
2019-04-26 23:06:00,0.2212766520498235
2019-04-26 23:09:00,0.27685185174732396
2019-04-26 23:12:00,0.19840887393451112
2019-04-26 23:15:00,0.28781789291082305
2019-04-26 23:18:00,0.2713452195096693
2019-04-26 23:21:00,0.16168989172427928
2019-04-26 23:24:00,0.25179783733386785
2019-04-26 23:27:00,0.13418897974730726
2019-04-26 23:30:00,0.1908402225249688
2019-04-26 23:33:00,0.21932311371642754
2019-04-26 23:36:00,0.23049512289924223
2019-04-26 23:39:00,0.318379049113787
2019-04-26 23:42:00,0.3294250685594875
2019-04-26 23:45:00,0.16337200662792384
2019-04-26 23:48:00,0.25861360477432527
2019-04-26 23:51:00,0.2467481793044044
2019-04-26 23:54:00,0.33076929696295565
2019-04-26 23:57:00,0.22003749298613684
2019-04-27 00:00:00,0.24164088340393164
2019-04-27 00:03:00,0.2238039569804755
2019-04-27 00:06:00,0.18982030747918088
2019-04-27 00:09:00,0.12168376645911394
2019-04-27 00:12:00,0.14858260480309582
2019-04-27 00:15:00,0.21331433379765485
2019-04-27 00:18:00,0.1315137037762497
2019-04-27 00:21:00,0.0879318608007793
2019-04-27 00:24:00,0.16979405768597644
2019-04-27 00:27:00,0.2601006827525225
2019-04-27 00:30:00,0.12294732592675928
2019-04-27 00:33:00,0.175144040397754
2019-04-27 00:36:00,0.1415091720663213
2019-04-27 00:39:00,0.13922132349324556
2019-04-27 00:42:00,0.17320420957076976
2019-04-27 00:45:00,0.1511825576082515
2019-04-27 00:48:00,0.16665337318192996
2019-04-27 00:51:00,0.18631907656509838
2019-04-27 00:54:00,0.15536014041879298
2019-04-27 00:57:00,0.1554259647189724
2019-04-27 01:00:00,0.16233462031931367
2019-04-27 01:03:00,0.1390147882242445
2019-04-27 01:06:00,0.2283986352846341
2019-04-27 01:09:00,0.13246851990982123
2019-04-27 01:12:00,0.24239246850873997
2019-04-27 01:15:00,0.23238155409956107
2019-04-27 01:18:00,0.18115763314290234
2019-04-27 01:21:00,0.22676245283986418
2019-04-27 01:24:00,0.27720920058828824
2019-04-27 01:27:00,0.26338532905350576
2019-04-27 01:30:00,0.2074069260086162
2019-04-27 01:33:00,0.2193499626420703
2019-04-27 01:36:00,0.27713222127272275
2019-04-27 01:39:00,0.24054480172867443
2019-04-27 01:42:00,0.2340081476200453
2019-04-27 01:45:00,0.22882623438113114
2019-04-27 01:48:00,0.2672815604292964
2019-04-27 01:51:00,0.2571791971847688
2019-04-27 01:54:00,0.17106735803486117
2019-04-27 01:57:00,0.21972692332934685
2019-04-27 02:00:00,0.2077328303679451
2019-04-27 02:03:00,0.26168353754513873
2019-04-27 02:06:00,0.20971479098204782
2019-04-27 02:09:00,0.23861785074075215
2019-04-27 02:12:00,0.25803095726053016
2019-04-27 02:15:00,0.24170144443621666
2019-04-27 02:18:00,0.20303461119260646
2019-04-27 02:21:00,0.24753371010200453
2019-04-27 02:24:00,0.22895110637949756
2019-04-27 02:27:00,0.17256451986753518
2019-04-27 02:30:00,0.24443891779839078
2019-04-27 02:33:00,0.15469694422938574
2019-04-27 02:36:00,0.11987691248515375
2019-04-27 02:39:00,0.16661514364375307
2019-04-27 02:42:00,0.15154302948297982
2019-04-27 02:45:00,0.2439864245982335
2019-04-27 02:48:00,0.12993652795114485
2019-04-27 02:51:00,0.03895431257552673
2019-04-27 02:54:00,0.15935113121690847
2019-04-27 02:57:00,0.17974663759815712
2019-04-27 03:00:00,0.225836122199496
2019-04-27 03:03:00,0.19628311692923717
2019-04-27 03:06:00,0.2007744494226813
2019-04-27 03:09:00,0.22470708892291213
2019-04-27 03:12:00,0.21571762229899605
2019-04-27 03:15:00,0.23698654777513184
2019-04-27 03:18:00,0.15182638325978814
2019-04-27 03:21:00,0.1363764537193788
2019-04-27 03:24:00,0.19813658122444622
2019-04-27 03:27:00,0.11005558169074448
2019-04-27 03:30:00,0.22095915224326745
2019-04-27 03:33:00,0.27870238699716765
2019-04-27 03:36:00,0.20195743443133551
2019-04-27 03:39:00,0.225749889182282
2019-04-27 03:42:00,0.2525339327348206
2019-04-27 03:45:00,0.2393132040528485
2019-04-27 03:48:00,0.24434131361442724
2019-04-27 03:51:00,0.09513846474237653
2019-04-27 03:54:00,0.1852626638693664
2019-04-27 03:57:00,0.21789431295070472
2019-04-27 04:00:00,0.3130819837478498
2019-04-27 04:03:00,0.17104116967004757
2019-04-27 04:06:00,0.2357277060002616
2019-04-27 04:09:00,0.27734978229381113
2019-04-27 04:12:00,0.2914777155578463
2019-04-27 04:15:00,0.3319708891135065
2019-04-27 04:18:00,0.3325456885311837
2019-04-27 04:21:00,0.32517194835781993
2019-04-27 04:24:00,0.32700643070467095
2019-04-27 04:27:00,0.31662667680336654
2019-04-27 04:30:00,0.34892643405544277
2019-04-27 04:33:00,0.24927851388474664
2019-04-27 04:36:00,0.39231377324051664
2019-04-27 04:39:00,0.3226077098910878
2019-04-27 04:42:00,0.35719499921066244
2019-04-27 04:45:00,0.27966503000391185
2019-04-27 04:48:00,0.38963568103008583
2019-04-27 04:51:00,0.3423527376348261
2019-04-27 04:54:00,0.24330748047987072
2019-04-27 04:57:00,0.35826736194189834
2019-04-27 05:00:00,0.3787146233249814
2019-04-27 05:03:00,0.3631227090164657
2019-04-27 05:06:00,0.3612392736564516
2019-04-27 05:09:00,0.37377889567306966
2019-04-27 05:12:00,0.38179656035441667
2019-04-27 05:15:00,0.43655409343296014
2019-04-27 05:18:00,0.29338568203127124
2019-04-27 05:21:00,0.3788662260611204
2019-04-27 05:24:00,0.40905653977125667
2019-04-27 05:27:00,0.3528537661468931
2019-04-27 05:30:00,0.31166186518674976
2019-04-27 05:33:00,0.35579749014118534
2019-04-27 05:36:00,0.3798976115197661
2019-04-27 05:39:00,0.31318609567989597
2019-04-27 05:42:00,0.426189590036131
2019-04-27 05:45:00,0.4444803433013931
2019-04-27 05:48:00,0.34096166947773554
2019-04-27 05:51:00,0.3637671149358539
2019-04-27 05:54:00,0.4763244593732452
2019-04-27 05:57:00,0.4219909563361739
2019-04-27 06:00:00,0.33467138549019637
2019-04-27 06:03:00,0.32676922753239523
2019-04-27 06:06:00,0.29470670522925957
2019-04-27 06:09:00,0.30037551601071755
2019-04-27 06:12:00,0.32054822979324626
2019-04-27 06:15:00,0.2813797663455375
2019-04-27 06:18:00,0.2885132285591112
2019-04-27 06:21:00,0.3212246960147809
2019-04-27 06:24:00,0.31831561449922674
2019-04-27 06:27:00,0.3568038016164792
2019-04-27 06:30:00,0.2079645695246768
2019-04-27 06:33:00,0.26287964456679447
2019-04-27 06:36:00,0.3588972831711885
2019-04-27 06:39:00,0.3044701565179935
2019-04-27 06:42:00,0.2950092505475368
2019-04-27 06:45:00,0.3270953830626695
2019-04-27 06:48:00,0.2875218899426386
2019-04-27 06:51:00,0.2646988237482333
2019-04-27 06:54:00,0.2566668736621409
2019-04-27 06:57:00,0.3703853571357172
2019-04-27 07:00:00,0.2881996196134651
2019-04-27 07:03:00,0.3483727471119664
2019-04-27 07:06:00,0.30687735337346567
2019-04-27 07:09:00,0.30483955033383836
2019-04-27 07:12:00,0.250241399884942
2019-04-27 07:15:00,0.26023536335929975
2019-04-27 07:18:00,0.2637772396789728
2019-04-27 07:21:00,0.2657736376689286
2019-04-27 07:24:00,0.21250805514574722
2019-04-27 07:27:00,0.2886629626587478
2019-04-27 07:30:00,0.22392860009301785
2019-04-27 07:33:00,0.27410303483196685
2019-04-27 07:36:00,0.2914714449278222
2019-04-27 07:39:00,0.27433661386129415
2019-04-27 07:42:00,0.26208742553319553
2019-04-27 07:45:00,0.1884563880901169
2019-04-27 07:48:00,0.26606230650838825
2019-04-27 07:51:00,0.2807930118171953
2019-04-27 07:54:00,0.26618692896096263
2019-04-27 07:57:00,0.19148770104226287
2019-04-27 08:00:00,0.24726417942321177
2019-04-27 08:03:00,0.29916126846160296
2019-04-27 08:06:00,0.20368751837190757
2019-04-27 08:09:00,0.16714989425457816
2019-04-27 08:12:00,0.19898665764708312
2019-04-27 08:15:00,0.1095246432789736
2019-04-27 08:18:00,0.3359506583382199
2019-04-27 08:21:00,0.2178562703581406
2019-04-27 08:24:00,0.2570945899968251
2019-04-27 08:27:00,0.26748927744006323
2019-04-27 08:30:00,0.23469664354774977
2019-04-27 08:33:00,0.2641190262037867
2019-04-27 08:36:00,0.21702226135028013
2019-04-27 08:39:00,0.3233420268878717
2019-04-27 08:42:00,0.22234635486171328
2019-04-27 08:45:00,0.23182029228053125
2019-04-27 08:48:00,0.25110459138926444
2019-04-27 08:51:00,0.16529358061904986
2019-04-27 08:54:00,0.2589873495635402
2019-04-27 08:57:00,0.21191885071863226
2019-04-27 09:00:00,0.20167501475373228
2019-04-27 09:03:00,0.18251847436084745
2019-04-27 09:06:00,0.20997291880456714
2019-04-27 09:09:00,0.14337400768704356
2019-04-27 09:12:00,0.22619417865257674
2019-04-27 09:15:00,0.1725714584445086
2019-04-27 09:18:00,0.1152027167101437
2019-04-27 09:21:00,0.1313190903392183
2019-04-27 09:24:00,0.11890169459957178
2019-04-27 09:27:00,0.20278495152626874
2019-04-27 09:30:00,0.13782219004076524
2019-04-27 09:33:00,0.17962022073425032
2019-04-27 09:36:00,0.08708151340891845
2019-04-27 09:39:00,0.13742686916054936
2019-04-27 09:42:00,0.09211605727728056
2019-04-27 09:45:00,0.12104865342439552
2019-04-27 09:48:00,0.19914951721727903
2019-04-27 09:51:00,0.09327564729846927
2019-04-27 09:54:00,0.16788876056688196
2019-04-27 09:57:00,0.15388238885793726
2019-04-27 10:00:00,0.18453561576245647
2019-04-27 10:03:00,0.11673862506665955
2019-04-27 10:06:00,0.09188485229191201
2019-04-27 10:09:00,0.09723258323225537
2019-04-27 10:12:00,0.09822662839263785
2019-04-27 10:15:00,0.10378807861775385
2019-04-27 10:18:00,0.12746414617339497
2019-04-27 10:21:00,0.06266392055749748
2019-04-27 10:24:00,0.022433482389828896
2019-04-27 10:27:00,0.021341182560092875
2019-04-27 10:30:00,-0.017761035970295325
2019-04-27 10:33:00,0.009101113473946043
2019-04-27 10:36:00,-0.06975678746914582
2019-04-27 10:39:00,-0.09741761948873773
2019-04-27 10:42:00,0.001449053291423752
2019-04-27 10:45:00,0.032333224688500195
2019-04-27 10:48:00,-0.111946937871096
2019-04-27 10:51:00,0.012152168425529908
2019-04-27 10:54:00,-0.04879372071962962
2019-04-27 10:57:00,-0.10754686857694651
2019-04-27 11:00:00,-0.11160839853943116
2019-04-27 11:03:00,-0.04946801020946623
2019-04-27 11:06:00,-0.018972186830580995
2019-04-27 11:09:00,-0.12161775652259621
2019-04-27 11:12:00,-0.11204195528745231
2019-04-27 11:15:00,-0.1660848957440635
2019-04-27 11:18:00,0.031200613019564116
2019-04-27 11:21:00,-0.04607915637257065
2019-04-27 11:24:00,-0.1620446871427248
2019-04-27 11:27:00,-0.1330277784044256
2019-04-27 11:30:00,-0.19266612868261745
2019-04-27 11:33:00,-0.15183535675060966
2019-04-27 11:36:00,-0.18454639316985322
2019-04-27 11:39:00,-0.18450339622671663
2019-04-27 11:42:00,-0.14659488323275127
2019-04-27 11:45:00,-0.22424307633457374
2019-04-27 11:48:00,-0.22833777228015606
2019-04-27 11:51:00,-0.23888944314904847
2019-04-27 11:54:00,-0.024823975591971248
2019-04-27 11:57:00,-0.19364352613342817
2019-04-27 12:00:00,-0.1594558475658232
2019-04-27 12:03:00,-0.24370980930098085
2019-04-27 12:06:00,-0.11250774675966113
2019-04-27 12:09:00,-0.27930553961630267
2019-04-27 12:12:00,-0.2647707519147957
2019-04-27 12:15:00,-0.2835687406808347
2019-04-27 12:18:00,-0.24845579206140656
2019-04-27 12:21:00,-0.2714173673971345
2019-04-27 12:24:00,-0.22382408415910504
2019-04-27 12:27:00,-0.42111694987482906
2019-04-27 12:30:00,-0.37278170523666176
2019-04-27 12:33:00,-0.36678588098260434
2019-04-27 12:36:00,-0.29504424060291967
2019-04-27 12:39:00,-0.3743019813853721
2019-04-27 12:42:00,-0.307129672961139
2019-04-27 12:45:00,-0.43485836304523673
2019-04-27 12:48:00,-0.29611858484508957
2019-04-27 12:51:00,-0.39046658147805147
2019-04-27 12:54:00,-0.25411946478027403
2019-04-27 12:57:00,-0.2880910669376817
2019-04-27 13:00:00,-0.1863896563581875
2019-04-27 13:03:00,-0.20720181275157756
2019-04-27 13:06:00,-0.25470920663212837
2019-04-27 13:09:00,-0.38897317378507523
2019-04-27 13:12:00,-0.35522124377240516
2019-04-27 13:15:00,-0.37352563258838245
2019-04-27 13:18:00,-0.4702012226348984
2019-04-27 13:21:00,-0.3424753593463947
2019-04-27 13:24:00,-0.3501174446370783
2019-04-27 13:27:00,-0.3981994952014247
2019-04-27 13:30:00,-0.33530312789594063
2019-04-27 13:33:00,-0.3796214229993211
2019-04-27 13:36:00,-0.3652338951783918
2019-04-27 13:39:00,-0.35594915390470305
2019-04-27 13:42:00,-0.34208759708025127
2019-04-27 13:45:00,-0.37702188101320644
2019-04-27 13:48:00,-0.3914641275353006
2019-04-27 13:51:00,-0.36833926706344755
2019-04-27 13:54:00,-0.3838145073377177
2019-04-27 13:57:00,-0.368493211020791
2019-04-27 14:00:00,-0.4626932641652388
2019-04-27 14:03:00,-0.3842571974578277
2019-04-27 14:06:00,-0.4323423445754315
2019-04-27 14:09:00,-0.40931812620891606
2019-04-27 14:12:00,-0.32854337318855187
2019-04-27 14:15:00,-0.33014151009848547
2019-04-27 14:18:00,-0.2988274958713646
2019-04-27 14:21:00,-0.39004681691443466
2019-04-27 14:24:00,-0.26858400886032996
2019-04-27 14:27:00,-0.3470400158084317
2019-04-27 14:30:00,-0.38399505622629704
2019-04-27 14:33:00,-0.386173440858272
2019-04-27 14:36:00,-0.31937008346841367
2019-04-27 14:39:00,-0.25930545678170347
2019-04-27 14:42:00,-0.29849072160283185
2019-04-27 14:45:00,-0.27604224164434754
2019-04-27 14:48:00,-0.45261131744257455
2019-04-27 14:51:00,-0.23096906260479955
2019-04-27 14:54:00,-0.3704064901160109
2019-04-27 14:57:00,-0.33692536164028297
2019-04-27 15:00:00,-0.38431762717016227
2019-04-27 15:03:00,-0.3624303407397065
2019-04-27 15:06:00,-0.4500083002769202
2019-04-27 15:09:00,-0.41024356230013836
2019-04-27 15:12:00,-0.38244703935112057
2019-04-27 15:15:00,-0.38474731632970816
2019-04-27 15:18:00,-0.39920873238042986
2019-04-27 15:21:00,-0.4843810660392478
2019-04-27 15:24:00,-0.4838035976482047
2019-04-27 15:27:00,-0.43263483222119703
2019-04-27 15:30:00,-0.42421888226476767
2019-04-27 15:33:00,-0.3583346647711778
2019-04-27 15:36:00,-0.43935179969270166
2019-04-27 15:39:00,-0.3569948303514252
2019-04-27 15:42:00,-0.5373757384277269
2019-04-27 15:45:00,-0.3968738228587654
2019-04-27 15:48:00,-0.39882676907274117
2019-04-27 15:51:00,-0.39378714231474987
2019-04-27 15:54:00,-0.4347695501444946
2019-04-27 15:57:00,-0.47662395467972374
2019-04-27 16:00:00,-0.3888842589049659
2019-04-27 16:03:00,-0.3681116245332987
2019-04-27 16:06:00,-0.2871880227923498
2019-04-27 16:09:00,-0.379560094737883
2019-04-27 16:12:00,-0.2974948277973226
2019-04-27 16:15:00,-0.39677783352715323
2019-04-27 16:18:00,-0.31601593247268056
2019-04-27 16:21:00,-0.35796203196849774
2019-04-27 16:24:00,-0.3659410730452919
2019-04-27 16:27:00,-0.36424892617037585
2019-04-27 16:30:00,-0.3402057872885962
2019-04-27 16:33:00,-0.3842578091213795
2019-04-27 16:36:00,-0.3609872168943866
2019-04-27 16:39:00,-0.24235135735699487
2019-04-27 16:42:00,-0.2843981949827139
2019-04-27 16:45:00,-0.3431905240111064
2019-04-27 16:48:00,-0.3229376061502762
2019-04-27 16:51:00,-0.29229496414870937
2019-04-27 16:54:00,-0.3163779234521371
2019-04-27 16:57:00,-0.39705486253643585
2019-04-27 17:00:00,-0.3358660953974777
2019-04-27 17:03:00,-0.4445252402086908
2019-04-27 17:06:00,-0.26842287205698767
2019-04-27 17:09:00,-0.3148534458525205
2019-04-27 17:12:00,-0.3738663500459438
2019-04-27 17:15:00,-0.38181818096779807
2019-04-27 17:18:00,-0.350494631939398
2019-04-27 17:21:00,-0.37511029150357444
2019-04-27 17:24:00,-0.32954403476276184
2019-04-27 17:27:00,-0.29557856906239977
2019-04-27 17:30:00,-0.26697370158342437
2019-04-27 17:33:00,-0.23936954741265026
2019-04-27 17:36:00,-0.31991159377906797
2019-04-27 17:39:00,-0.30072681145423985
2019-04-27 17:42:00,-0.22420964122807163
2019-04-27 17:45:00,-0.21791690554636034
2019-04-27 17:48:00,-0.16258866824352936
2019-04-27 17:51:00,-0.17158659844949398
2019-04-27 17:54:00,-0.23784453571749964
2019-04-27 17:57:00,-0.2636065131677583
2019-04-27 18:00:00,-0.13119351004382906
2019-04-27 18:03:00,-0.0758148912415777
2019-04-27 18:06:00,-0.11597596381147923
2019-04-27 18:09:00,-0.0733633445089481
2019-04-27 18:12:00,-0.06829275537631929
2019-04-27 18:15:00,-0.05158065656991084
2019-04-27 18:18:00,-0.1369831121991183
2019-04-27 18:21:00,-0.08288704894579269
2019-04-27 18:24:00,-0.11003054489253827
2019-04-27 18:27:00,-0.05858679881765738
2019-04-27 18:30:00,-0.014500418769500811
2019-04-27 18:33:00,-0.07384844843932115
2019-04-27 18:36:00,-0.10619379311020793
2019-04-27 18:39:00,-0.04534993110235064
2019-04-27 18:42:00,-0.14422960820508024
2019-04-27 18:45:00,-0.07259289298553995
2019-04-27 18:48:00,-0.06849418468129898
2019-04-27 18:51:00,0.010932612325177615
2019-04-27 18:54:00,
2019-04-27 18:57:00,
2019-04-27 19:00:00,
2019-04-27 19:03:00,-0.08461338644536909
2019-04-27 19:06:00,-0.059433586099771674
2019-04-27 19:09:00,0.015679774966656623
2019-04-27 19:12:00,-0.13923495947830133
2019-04-27 19:15:00,0.025753091884780588
2019-04-27 19:18:00,0.05121092747839384
2019-04-27 19:21:00,0.0032750226870916777
2019-04-27 19:24:00,-0.006822736388528483
2019-04-27 19:27:00,-0.10043244937946838
2019-04-27 19:30:00,0.03567571263101854
2019-04-27 19:33:00,-0.02845673814147176
2019-04-27 19:36:00,0.012634907846972965
2019-04-27 19:39:00,0.08947998536496016
2019-04-27 19:42:00,-0.019808329953605153
2019-04-27 19:45:00,0.09509408497183358
2019-04-27 19:48:00,0.08497831239856168
2019-04-27 19:51:00,0.025699842177573373
2019-04-27 19:54:00,0.17075877796702343
2019-04-27 19:57:00,0.1158169109265259
2019-04-27 20:00:00,0.13621320653442126
2019-04-27 20:03:00,0.07308856844730371
2019-04-27 20:06:00,0.1327663715971994
2019-04-27 20:09:00,0.11673791543790912
2019-04-27 20:12:00,0.026606854656336054
2019-04-27 20:15:00,0.03847852067428903
2019-04-27 20:18:00,0.09629869354682796
2019-04-27 20:21:00,-0.02178515361748623
2019-04-27 20:24:00,0.10942355014310579
2019-04-27 20:27:00,0.06355904617862507
2019-04-27 20:30:00,0.07096677924033656
2019-04-27 20:33:00,0.14589394340219997
2019-04-27 20:36:00,0.12726195676970065
2019-04-27 20:39:00,0.15588872731751735
2019-04-27 20:42:00,0.03579243794990816
2019-04-27 20:45:00,0.17243648187422878
2019-04-27 20:48:00,0.11761766597373935
2019-04-27 20:51:00,0.13377322562365634
2019-04-27 20:54:00,0.13920387780405008
2019-04-27 20:57:00,0.13033040959038544
2019-04-27 21:00:00,0.11863921694970259
2019-04-27 21:03:00,0.06016823520536718
2019-04-27 21:06:00,0.06804655016816241
2019-04-27 21:09:00,0.04742553979860986
2019-04-27 21:12:00,0.135722671555925
2019-04-27 21:15:00,0.0783761279127475
2019-04-27 21:18:00,0.15932548713033157
2019-04-27 21:21:00,0.02265666536311528
2019-04-27 21:24:00,0.039564654891705686
2019-04-27 21:27:00,0.0448960898283417
2019-04-27 21:30:00,0.030802656448372545
2019-04-27 21:33:00,0.06490462960374543
2019-04-27 21:36:00,0.1123615984912476
2019-04-27 21:39:00,0.07482281873450347
2019-04-27 21:42:00,0.05356799876790319
2019-04-27 21:45:00,0.1104887698882635
2019-04-27 21:48:00,0.10641861523367879
2019-04-27 21:51:00,0.07125647083773856
2019-04-27 21:54:00,0.028746158545061462
2019-04-27 21:57:00,0.05752293357897997
2019-04-27 22:00:00,-0.013148145838840719
2019-04-27 22:03:00,0.013466065066495503
2019-04-27 22:06:00,0.013835967400439131
2019-04-27 22:09:00,0.05294212728171033
2019-04-27 22:12:00,0.10029023024554817
2019-04-27 22:15:00,0.09434696195745573
2019-04-27 22:18:00,0.07612016065513671
2019-04-27 22:21:00,0.04134491858593492
2019-04-27 22:24:00,0.051889495596469715
2019-04-27 22:27:00,0.09892095983246918
2019-04-27 22:30:00,0.029606569823613427
2019-04-27 22:33:00,0.06734952261024318
2019-04-27 22:36:00,0.05900754757266213
2019-04-27 22:39:00,0.05110529342192649
2019-04-27 22:42:00,0.035485822099701636
2019-04-27 22:45:00,0.16378106913515467
2019-04-27 22:48:00,0.15227597517747427
2019-04-27 22:51:00,0.113783675357638
2019-04-27 22:54:00,0.14302454544554166
2019-04-27 22:57:00,0.12135470338336063
2019-04-27 23:00:00,0.07449585870068631
2019-04-27 23:03:00,0.053827010449595036
2019-04-27 23:06:00,0.13462975074054384
2019-04-27 23:09:00,0.09495832107398883
2019-04-27 23:12:00,0.013349551930218695
2019-04-27 23:15:00,-0.021381775041390938
2019-04-27 23:18:00,0.07748844788119413
2019-04-27 23:21:00,0.11324938381471839
2019-04-27 23:24:00,0.12543357186052617
2019-04-27 23:27:00,0.1060179691318126
2019-04-27 23:30:00,0.13372129311329672
2019-04-27 23:33:00,0.0507437625257694
2019-04-27 23:36:00,0.06617796378100138
2019-04-27 23:39:00,0.06352396144069417
2019-04-27 23:42:00,0.006420661594404464
2019-04-27 23:45:00,-0.002182588942332586
2019-04-27 23:48:00,0.06405666348376826
2019-04-27 23:51:00,0.03468543635494825
2019-04-27 23:54:00,0.03657513838692239
2019-04-27 23:57:00,0.009217107540621328
2019-04-28 00:00:00,0.16011703800324995
2019-04-28 00:03:00,0.0012450792182221448
2019-04-28 00:06:00,0.12721044299269124
2019-04-28 00:09:00,0.13208235250681355
2019-04-28 00:12:00,0.03062150033059652
2019-04-28 00:15:00,0.06151908196483191
2019-04-28 00:18:00,0.06667795100923968
2019-04-28 00:21:00,0.14499723034515455
2019-04-28 00:24:00,0.017998233706862266
2019-04-28 00:27:00,0.11791648732656768
2019-04-28 00:30:00,0.1123476298442938
2019-04-28 00:33:00,0.04480764360022249
2019-04-28 00:36:00,0.1333247093027694
2019-04-28 00:39:00,0.08108784550591963
2019-04-28 00:42:00,0.1898086011950113
2019-04-28 00:45:00,0.10072683779475256
2019-04-28 00:48:00,0.19890389293203725
2019-04-28 00:51:00,0.10773725597590555
2019-04-28 00:54:00,0.15138837160566254
2019-04-28 00:57:00,0.25110205268168784
2019-04-28 01:00:00,0.11930068682653427
2019-04-28 01:03:00,0.11100852868446509
2019-04-28 01:06:00,0.2277558553788026
2019-04-28 01:09:00,0.1653987800939376
2019-04-28 01:12:00,0.18441545240318646
2019-04-28 01:15:00,0.23209979336513697
2019-04-28 01:18:00,0.15677606081271733
2019-04-28 01:21:00,0.15877338529361396
2019-04-28 01:24:00,0.23350848202693442
2019-04-28 01:27:00,0.25876108932027364
2019-04-28 01:30:00,0.2514582205654392
2019-04-28 01:33:00,0.2322920795444361
2019-04-28 01:36:00,0.17696884910088784
2019-04-28 01:39:00,0.175502824983937
2019-04-28 01:42:00,0.19182151998870722
2019-04-28 01:45:00,0.1502196341908757
2019-04-28 01:48:00,0.10388359158667981
2019-04-28 01:51:00,0.1521920351894437
2019-04-28 01:54:00,0.14576022031184266
2019-04-28 01:57:00,0.1324492132904993
2019-04-28 02:00:00,0.10635613873239436
2019-04-28 02:03:00,0.22759442253550333
2019-04-28 02:06:00,0.22885922082559773
2019-04-28 02:09:00,0.22893515282692078
2019-04-28 02:12:00,0.2215018470996597
2019-04-28 02:15:00,0.19025995862369882
2019-04-28 02:18:00,0.18414720874426393
2019-04-28 02:21:00,0.15538183332785138
2019-04-28 02:24:00,0.1693610537585073
2019-04-28 02:27:00,0.13409680758627474
2019-04-28 02:30:00,0.25563063307720313
2019-04-28 02:33:00,0.2684567595653107
2019-04-28 02:36:00,0.25139621956014935
2019-04-28 02:39:00,0.21582103789052098
2019-04-28 02:42:00,0.2757293891948507
2019-04-28 02:45:00,0.26184527307782446
2019-04-28 02:48:00,0.2383059028194907
2019-04-28 02:51:00,0.2826992726226081
2019-04-28 02:54:00,0.29360786589649024
2019-04-28 02:57:00,0.18747775960855506
2019-04-28 03:00:00,0.11512675823558993
2019-04-28 03:03:00,0.18500340352863986
2019-04-28 03:06:00,0.21857781026488965
2019-04-28 03:09:00,0.285258924698212
2019-04-28 03:12:00,0.2487046664322179
2019-04-28 03:15:00,0.2922444005192233
2019-04-28 03:18:00,0.2142411096404544
2019-04-28 03:21:00,0.26613270511245446
2019-04-28 03:24:00,0.289924340442667
2019-04-28 03:27:00,0.3224224218481595
2019-04-28 03:30:00,0.29284731777602246
2019-04-28 03:33:00,0.32058492085366197
2019-04-28 03:36:00,0.3433579569813787
2019-04-28 03:39:00,0.30439445286225464
2019-04-28 03:42:00,0.2910348432888554
2019-04-28 03:45:00,0.2556465328719355
2019-04-28 03:48:00,0.26899670402815445
2019-04-28 03:51:00,0.26539585745456407
2019-04-28 03:54:00,0.3168219886098882
2019-04-28 03:57:00,0.325442241654855
2019-04-28 04:00:00,0.318174019835908
2019-04-28 04:03:00,0.31396066097494213
2019-04-28 04:06:00,0.2700432040740566
2019-04-28 04:09:00,0.29526239669019105
2019-04-28 04:12:00,0.2955812189769631
2019-04-28 04:15:00,0.4462570566865338
2019-04-28 04:18:00,0.42012778958542185
2019-04-28 04:21:00,0.38977697469852046
2019-04-28 04:24:00,0.3158095307551889
2019-04-28 04:27:00,0.3349286624274441
2019-04-28 04:30:00,0.29171713432441493
2019-04-28 04:33:00,0.3174709437915908
2019-04-28 04:36:00,0.3585882868144381
2019-04-28 04:39:00,0.31417835818155027
2019-04-28 04:42:00,0.2898244664507388
2019-04-28 04:45:00,0.30349166446359277
2019-04-28 04:48:00,0.32192847552886406
2019-04-28 04:51:00,0.3404554325970821
2019-04-28 04:54:00,0.3396402816495083
2019-04-28 04:57:00,0.3219475724610561
2019-04-28 05:00:00,0.3491262162604585
2019-04-28 05:03:00,0.27178096382726835
2019-04-28 05:06:00,0.3629841384525321
2019-04-28 05:09:00,0.26864142130511937
2019-04-28 05:12:00,0.37548115369207835
2019-04-28 05:15:00,0.3746464897758983
2019-04-28 05:18:00,0.4355050802804499
2019-04-28 05:21:00,0.28141473579501053
2019-04-28 05:24:00,0.29044303002808647
2019-04-28 05:27:00,0.42676060095317325
2019-04-28 05:30:00,0.43721333744235835
2019-04-28 05:33:00,0.31232118125797115
2019-04-28 05:36:00,0.31328950328423844
2019-04-28 05:39:00,0.4344923771080289
2019-04-28 05:42:00,0.37092180949332487
2019-04-28 05:45:00,0.2696736593593414
2019-04-28 05:48:00,0.3845999547031056
2019-04-28 05:51:00,0.29188477465919505
2019-04-28 05:54:00,0.2571351295936779
2019-04-28 05:57:00,0.38395830730047464
2019-04-28 06:00:00,0.31677758378071985
2019-04-28 06:03:00,0.3374922363814221
2019-04-28 06:06:00,0.3197176753897111
2019-04-28 06:09:00,0.4060023079306916
2019-04-28 06:12:00,0.41258127286613444
2019-04-28 06:15:00,0.3187219319186738
2019-04-28 06:18:00,0.38630968724595505
2019-04-28 06:21:00,0.45891979792190796
2019-04-28 06:24:00,0.4722060380337325
2019-04-28 06:27:00,0.4125830613567132
2019-04-28 06:30:00,0.3832815580104807
2019-04-28 06:33:00,0.46713850289552283
2019-04-28 06:36:00,0.4107966205634739
2019-04-28 06:39:00,0.4900022744996022
2019-04-28 06:42:00,0.29748994251161776
2019-04-28 06:45:00,0.44465687493431005
2019-04-28 06:48:00,0.4508772725677659
2019-04-28 06:51:00,0.46133666304547205
2019-04-28 06:54:00,0.46001542819368524
2019-04-28 06:57:00,0.48852802049998445
2019-04-28 07:00:00,0.5134018576636095
2019-04-28 07:03:00,0.34193895835147714
2019-04-28 07:06:00,0.32541302078874423
2019-04-28 07:09:00,0.36427801714575025
2019-04-28 07:12:00,0.42244707795816794
2019-04-28 07:15:00,0.4810148314724074
2019-04-28 07:18:00,0.34022805757547303
2019-04-28 07:21:00,0.3126228734066103
2019-04-28 07:24:00,0.5253179793316463
2019-04-28 07:27:00,0.4444743377367786
2019-04-28 07:30:00,0.44032909405780174
2019-04-28 07:33:00,0.37857694489804317
2019-04-28 07:36:00,0.3924728371598576
2019-04-28 07:39:00,0.34815115412988007
2019-04-28 07:42:00,0.3877854860750176
2019-04-28 07:45:00,0.3545547271841656
2019-04-28 07:48:00,0.3797517472758045
2019-04-28 07:51:00,0.3428855019633943
2019-04-28 07:54:00,0.40015555800221136
2019-04-28 07:57:00,0.4051231106415685
2019-04-28 08:00:00,0.40700328024701093
2019-04-28 08:03:00,0.2989229319454694
2019-04-28 08:06:00,0.28109960309990356
2019-04-28 08:09:00,0.29838925085795154
2019-04-28 08:12:00,0.2805169551855897
2019-04-28 08:15:00,0.4084218026084159
2019-04-28 08:18:00,0.26426196969691773
2019-04-28 08:21:00,0.1955653902934955
2019-04-28 08:24:00,0.32095578670146097
2019-04-28 08:27:00,0.3205611248828859
2019-04-28 08:30:00,0.33673303295495316
2019-04-28 08:33:00,0.3130163441597915
2019-04-28 08:36:00,0.255518424142565
2019-04-28 08:39:00,0.23856848320161816
2019-04-28 08:42:00,0.3031027455072035
2019-04-28 08:45:00,0.2109043666018806
2019-04-28 08:48:00,0.14626983132660598
2019-04-28 08:51:00,0.1576879829307245
2019-04-28 08:54:00,0.11690017002757713
2019-04-28 08:57:00,0.18136688409680346
2019-04-28 09:00:00,0.14676680389129615
2019-04-28 09:03:00,0.06958945431853181
2019-04-28 09:06:00,0.11804716128222026
2019-04-28 09:09:00,0.07606190067934904
2019-04-28 09:12:00,0.041119895787289806
2019-04-28 09:15:00,-0.030215568365520085
2019-04-28 09:18:00,0.019444326951600033
2019-04-28 09:21:00,-0.007244093232657178
2019-04-28 09:24:00,-0.046663121708206745
2019-04-28 09:27:00,0.024276483793357784
2019-04-28 09:30:00,0.0044640296841294
2019-04-28 09:33:00,-0.0007308464662969527
2019-04-28 09:36:00,-0.03557672169114312
2019-04-28 09:39:00,0.03841857929973003
2019-04-28 09:42:00,-0.052558016466605295
2019-04-28 09:45:00,-0.09030140676327392
2019-04-28 09:48:00,-0.04998759548993803
2019-04-28 09:51:00,-0.07062284309915867
2019-04-28 09:54:00,-0.03257851388406152
2019-04-28 09:57:00,-0.1812926137733939
2019-04-28 10:00:00,-0.2552297728421422
2019-04-28 10:03:00,-0.20588897612731216
2019-04-28 10:06:00,-0.24369503461269915
2019-04-28 10:09:00,-0.26733546513207784
2019-04-28 10:12:00,-0.16108163720474522
2019-04-28 10:15:00,-0.18977746703416187
2019-04-28 10:18:00,-0.2818132093133272
2019-04-28 10:21:00,-0.35858864023629167
2019-04-28 10:24:00,-0.27322697708871146
2019-04-28 10:27:00,-0.19403367829437457
2019-04-28 10:30:00,-0.25245681265641906
2019-04-28 10:33:00,-0.31508614375854904
2019-04-28 10:36:00,-0.20296892256146748
2019-04-28 10:39:00,-0.16451899849187157
2019-04-28 10:42:00,-0.21578909969537108
2019-04-28 10:45:00,-0.24187004774643128
2019-04-28 10:48:00,-0.2871189985989986
2019-04-28 10:51:00,-0.237727323559227
2019-04-28 10:54:00,-0.29891574687786715
2019-04-28 10:57:00,-0.34273097920919326
2019-04-28 11:00:00,-0.2321902968823224
2019-04-28 11:03:00,-0.3062548837023087
2019-04-28 11:06:00,-0.3078337758445855
2019-04-28 11:09:00,-0.2910261786618662
2019-04-28 11:12:00,-0.2661325276749267
2019-04-28 11:15:00,-0.22123198625376972
2019-04-28 11:18:00,-0.3208594067132253
2019-04-28 11:21:00,-0.2461095822507673
2019-04-28 11:24:00,-0.2582930136827031
2019-04-28 11:27:00,-0.2623194747509956
2019-04-28 11:30:00,-0.14931875798197325
2019-04-28 11:33:00,-0.19857423208418368
2019-04-28 11:36:00,-0.23577391239547296
2019-04-28 11:39:00,-0.20674230319718845
2019-04-28 11:42:00,-0.3045126283023478
2019-04-28 11:45:00,-0.25317865170006826
2019-04-28 11:48:00,-0.41278233802052
2019-04-28 11:51:00,-0.3146408606656337
2019-04-28 11:54:00,-0.3046004204882138
2019-04-28 11:57:00,-0.4283460443805893
2019-04-28 12:00:00,-0.31422224381486785
2019-04-28 12:03:00,-0.30960058698150306
2019-04-28 12:06:00,-0.3408005465275892
2019-04-28 12:09:00,-0.3416357918726476
2019-04-28 12:12:00,-0.38333315237628085
2019-04-28 12:15:00,-0.2249301654034639
2019-04-28 12:18:00,-0.4428347447655483
2019-04-28 12:21:00,-0.34558213285600914
2019-04-28 12:24:00,-0.4153525327983516
2019-04-28 12:27:00,-0.3201001945182611
2019-04-28 12:30:00,-0.40984369786002617
2019-04-28 12:33:00,-0.44446063116959067
2019-04-28 12:36:00,-0.4435217540851113
2019-04-28 12:39:00,-0.40010567879483006
2019-04-28 12:42:00,-0.3967003352605616
2019-04-28 12:45:00,-0.34763220257457306
2019-04-28 12:48:00,-0.38335199644245677
2019-04-28 12:51:00,-0.38940131789792076
2019-04-28 12:54:00,-0.46427633942698776
2019-04-28 12:57:00,-0.4239927779927939
2019-04-28 13:00:00,-0.39755386224811673
2019-04-28 13:03:00,-0.6432889621149798
2019-04-28 13:06:00,-0.6078073318572592
2019-04-28 13:09:00,-0.5083836044373697
2019-04-28 13:12:00,-0.5195773471064058
2019-04-28 13:15:00,-0.5627577439601623
2019-04-28 13:18:00,-0.5109762202887396
2019-04-28 13:21:00,-0.5297763484944653
2019-04-28 13:24:00,-0.5594722307502025
2019-04-28 13:27:00,-0.5265091471409846
2019-04-28 13:30:00,-0.6343467443427926
2019-04-28 13:33:00,-0.5164014615010615
2019-04-28 13:36:00,-0.5713937555628945
2019-04-28 13:39:00,-0.684201335990565
2019-04-28 13:42:00,-0.5242970381019063
2019-04-28 13:45:00,-0.5022908474617225
2019-04-28 13:48:00,-0.5763728349776329
2019-04-28 13:51:00,-0.6470676790996208
2019-04-28 13:54:00,-0.6945345190549119
2019-04-28 13:57:00,-0.589785144346024
2019-04-28 14:00:00,-0.6364648221215816
2019-04-28 14:03:00,-0.5541773948764899
2019-04-28 14:06:00,-0.43304991036973206
2019-04-28 14:09:00,-0.5294995649716725
2019-04-28 14:12:00,-0.5357706218294425
2019-04-28 14:15:00,-0.5070836078973002
2019-04-28 14:18:00,-0.616042402740959
2019-04-28 14:21:00,-0.5351199442612824
2019-04-28 14:24:00,-0.43906336040055294
2019-04-28 14:27:00,-0.5306905204840291
2019-04-28 14:30:00,-0.6831346572270149
2019-04-28 14:33:00,-0.5550613485126519
2019-04-28 14:36:00,-0.5369262661989183
2019-04-28 14:39:00,-0.5496580463001806
2019-04-28 14:42:00,-0.4801428062095283
2019-04-28 14:45:00,-0.6359018888214223
2019-04-28 14:48:00,-0.6135967029517246
2019-04-28 14:51:00,-0.6264199792109935
2019-04-28 14:54:00,-0.5024247508565622
2019-04-28 14:57:00,-0.5305033690684695
2019-04-28 15:00:00,-0.49557599741086733
2019-04-28 15:03:00,-0.618797729209291
2019-04-28 15:06:00,-0.5121601362741899
2019-04-28 15:09:00,-0.5311412933741053
2019-04-28 15:12:00,-0.614962186207265
2019-04-28 15:15:00,-0.5001491103016633
2019-04-28 15:18:00,-0.5471090723279985
2019-04-28 15:21:00,-0.5013215739565453
2019-04-28 15:24:00,-0.5367394486460171
2019-04-28 15:27:00,-0.5329121132543833
2019-04-28 15:30:00,-0.562401003207583
2019-04-28 15:33:00,-0.5504789102080281
2019-04-28 15:36:00,-0.5991383946597466
2019-04-28 15:39:00,-0.5210059113514376
2019-04-28 15:42:00,-0.557165081781875
2019-04-28 15:45:00,-0.5175400170297735
2019-04-28 15:48:00,-0.5440063704456293
2019-04-28 15:51:00,-0.47667691300517845
2019-04-28 15:54:00,-0.50076514675834
2019-04-28 15:57:00,-0.5508101512119765
2019-04-28 16:00:00,-0.5141589547710623
2019-04-28 16:03:00,-0.4951738051659049
2019-04-28 16:06:00,-0.5608376693239734
2019-04-28 16:09:00,-0.5358754617269597
2019-04-28 16:12:00,-0.484887857108788
2019-04-28 16:15:00,-0.5272416131462023
2019-04-28 16:18:00,-0.48397356758789556
2019-04-28 16:21:00,-0.5986233656668105
2019-04-28 16:24:00,-0.5066435084727345
2019-04-28 16:27:00,-0.5880148731915824
2019-04-28 16:30:00,-0.4799820864860749
2019-04-28 16:33:00,-0.5249854690439406
2019-04-28 16:36:00,-0.4558174226801839
2019-04-28 16:39:00,-0.6022990810654392
2019-04-28 16:42:00,-0.4886124400754852
2019-04-28 16:45:00,-0.5941627816741857
2019-04-28 16:48:00,-0.487760508385918
2019-04-28 16:51:00,-0.4891503984608221
2019-04-28 16:54:00,-0.48030058366634876
2019-04-28 16:57:00,-0.5050704059282793
2019-04-28 17:00:00,-0.5368105054434977
2019-04-28 17:03:00,-0.48271778995626846
2019-04-28 17:06:00,-0.5566645151749867
2019-04-28 17:09:00,-0.45350545270349585
2019-04-28 17:12:00,-0.5001061933368192
2019-04-28 17:15:00,-0.44517289536361204
2019-04-28 17:18:00,-0.4308629315582948
2019-04-28 17:21:00,-0.284433101861282
2019-04-28 17:24:00,-0.39227222417923713
2019-04-28 17:27:00,-0.5523455783722397
2019-04-28 17:30:00,-0.4372519508729056
2019-04-28 17:33:00,-0.4075214995938836
2019-04-28 17:36:00,-0.417175398697907
2019-04-28 17:39:00,-0.4489316100072074
2019-04-28 17:42:00,-0.3399328077712198
2019-04-28 17:45:00,-0.28712372717211565
2019-04-28 17:48:00,-0.25420493199862904
2019-04-28 17:51:00,-0.40437893578638295
2019-04-28 17:54:00,-0.26659598691139763
2019-04-28 17:57:00,-0.25117315238026094
2019-04-28 18:00:00,-0.22003014768012008
2019-04-28 18:03:00,-0.2646139967139902
2019-04-28 18:06:00,-0.12846722848945547
2019-04-28 18:09:00,-0.213603301893329
2019-04-28 18:12:00,-0.23654540633634724
2019-04-28 18:15:00,-0.18284559329623562
2019-04-28 18:18:00,-0.1735460440835368
2019-04-28 18:21:00,-0.1967117007621937
2019-04-28 18:24:00,-0.1748706752022713
2019-04-28 18:27:00,-0.19264628951930263
2019-04-28 18:30:00,-0.15288618014028543
2019-04-28 18:33:00,-0.14872584427490665
2019-04-28 18:36:00,-0.1576542067807054
2019-04-28 18:39:00,-0.16726961665233375
2019-04-28 18:42:00,-0.10562925641158927
2019-04-28 18:45:00,-0.13465897745180655
2019-04-28 18:48:00,-0.17419846204995793
2019-04-28 18:51:00,-0.13172379579594917
2019-04-28 18:54:00,
2019-04-28 18:57:00,
2019-04-28 19:00:00,
2019-04-28 19:03:00,-0.17813534492421468
2019-04-28 19:06:00,-0.12838166702647413
2019-04-28 19:09:00,-0.14912550750068476
2019-04-28 19:12:00,-0.1639394930332969
2019-04-28 19:15:00,-0.13034176266199893
2019-04-28 19:18:00,-0.19472281069135988
2019-04-28 19:21:00,-0.14711440022603028
2019-04-28 19:24:00,-0.09103206470820169
2019-04-28 19:27:00,-0.14439376527252534
2019-04-28 19:30:00,-0.20209550988130331
2019-04-28 19:33:00,-0.14604421005685708
2019-04-28 19:36:00,-0.12341670552012829
2019-04-28 19:39:00,-0.1759172214163982
2019-04-28 19:42:00,-0.1497840471188283
2019-04-28 19:45:00,-0.11738683998481747
2019-04-28 19:48:00,-0.14164341369371414
2019-04-28 19:51:00,-0.0780306515156326
2019-04-28 19:54:00,-0.15208950257550669
2019-04-28 19:57:00,-0.12484734928244734
2019-04-28 20:00:00,-0.04188641622602063
2019-04-28 20:03:00,-0.06495570624525726
2019-04-28 20:06:00,-0.0784431802002814
2019-04-28 20:09:00,-0.006459999117055304
2019-04-28 20:12:00,-0.04629199016369512
2019-04-28 20:15:00,-0.12076143218075686
2019-04-28 20:18:00,-0.11604881559310343
2019-04-28 20:21:00,-0.009630535756343761
2019-04-28 20:24:00,-0.05738014394557922
2019-04-28 20:27:00,-0.03608504701361426
2019-04-28 20:30:00,-0.08801005417257102
2019-04-28 20:33:00,-0.06041471933582443
2019-04-28 20:36:00,-0.13058226565675568
2019-04-28 20:39:00,-0.0067123761874086085
2019-04-28 20:42:00,-0.02602288754945903
2019-04-28 20:45:00,-0.049339943898758065
2019-04-28 20:48:00,0.04879306132431793
2019-04-28 20:51:00,0.035005039253462655
2019-04-28 20:54:00,-0.03289362657312722
2019-04-28 20:57:00,0.02335679643391586
2019-04-28 21:00:00,0.07473262867449648
2019-04-28 21:03:00,0.005635788530071295
2019-04-28 21:06:00,-0.05934626206635585
2019-04-28 21:09:00,-0.08184093255795233
2019-04-28 21:12:00,-0.021540113023320373
2019-04-28 21:15:00,-0.030358908836490173
2019-04-28 21:18:00,0.002232139841225944
2019-04-28 21:21:00,0.034082220489722204
2019-04-28 21:24:00,0.023379294980259147
2019-04-28 21:27:00,-0.007030231493331485
2019-04-28 21:30:00,0.07717830611773024
2019-04-28 21:33:00,0.04342363524290249
2019-04-28 21:36:00,0.03123991708707763
2019-04-28 21:39:00,-0.004697110414781491
2019-04-28 21:42:00,-0.01551084376444578
2019-04-28 21:45:00,0.06041657539310563
2019-04-28 21:48:00,-0.01513023313384565
2019-04-28 21:51:00,0.030119129804234035
2019-04-28 21:54:00,-0.0470708908103461
2019-04-28 21:57:00,0.00599119973537654
2019-04-28 22:00:00,-0.012083115743052986
2019-04-28 22:03:00,-0.008056677433955883
2019-04-28 22:06:00,-0.05217091273459573
2019-04-28 22:09:00,-0.07711138365056058
2019-04-28 22:12:00,-0.02046093419130557
2019-04-28 22:15:00,0.00273648052950648
2019-04-28 22:18:00,0.025520027993877648
2019-04-28 22:21:00,0.049117540784322955
2019-04-28 22:24:00,0.14147091887389251
2019-04-28 22:27:00,0.08272953441610298
2019-04-28 22:30:00,0.03470834842869408
2019-04-28 22:33:00,0.16216182281118563
2019-04-28 22:36:00,0.0675013483598832
2019-04-28 22:39:00,0.04580900615059136
2019-04-28 22:42:00,0.09214727341685602
2019-04-28 22:45:00,0.0225637394619298
2019-04-28 22:48:00,0.026717138569381405
2019-04-28 22:51:00,0.07818909612325342
2019-04-28 22:54:00,0.0895478946148387
2019-04-28 22:57:00,0.0841526612286998
2019-04-28 23:00:00,0.049730615107989706
2019-04-28 23:03:00,-0.03055513714599556
2019-04-28 23:06:00,0.08551374129172018
2019-04-28 23:09:00,0.11832454451746344
2019-04-28 23:12:00,0.07014829996518301
2019-04-28 23:15:00,0.09641754494333554
2019-04-28 23:18:00,0.052696798619081164
2019-04-28 23:21:00,0.1689428873580141
2019-04-28 23:24:00,0.21303814672364751
2019-04-28 23:27:00,0.11857466357054136
2019-04-28 23:30:00,0.1274202659075172
2019-04-28 23:33:00,0.07384975796827575
2019-04-28 23:36:00,0.06226294155044343
2019-04-28 23:39:00,0.11272682906934506
2019-04-28 23:42:00,0.08039184011317957
2019-04-28 23:45:00,0.2305880332506831
2019-04-28 23:48:00,0.11250730078069182
2019-04-28 23:51:00,0.1664033573906636
2019-04-28 23:54:00,0.09069017173311522
2019-04-28 23:57:00,0.19489848308268165
2019-04-29 00:00:00,0.08577748875183033
2019-04-29 00:03:00,0.13009464816559557
2019-04-29 00:06:00,0.1435939636284047
2019-04-29 00:09:00,0.19427721390508168
2019-04-29 00:12:00,0.18635568432995342
2019-04-29 00:15:00,0.19052694708585705
2019-04-29 00:18:00,0.1071097012612654
2019-04-29 00:21:00,0.3246008989844995
2019-04-29 00:24:00,0.14963514692306035
2019-04-29 00:27:00,0.0715507152372652
2019-04-29 00:30:00,0.19789483589840984
2019-04-29 00:33:00,0.17637490881111262
2019-04-29 00:36:00,0.16555594670558094
2019-04-29 00:39:00,0.26135692643077846
2019-04-29 00:42:00,0.22318411098842716
2019-04-29 00:45:00,0.17804188989532577
2019-04-29 00:48:00,0.23700702419671416
2019-04-29 00:51:00,0.09385197167364367
2019-04-29 00:54:00,0.26322512538985166
2019-04-29 00:57:00,0.2171789920112701
2019-04-29 01:00:00,0.12593975554949566
2019-04-29 01:03:00,0.15413581074926697
2019-04-29 01:06:00,0.157507844363181
2019-04-29 01:09:00,0.1719109180646683
2019-04-29 01:12:00,0.27497375078661435
2019-04-29 01:15:00,0.26623442102629724
2019-04-29 01:18:00,0.27358952152934535
2019-04-29 01:21:00,0.17820123002820765
2019-04-29 01:24:00,0.1956687135489119
2019-04-29 01:27:00,0.18587555967548042
2019-04-29 01:30:00,0.13055500293410205
2019-04-29 01:33:00,0.2936037114380383
2019-04-29 01:36:00,0.2665946211272967
2019-04-29 01:39:00,0.18686565295593027
2019-04-29 01:42:00,0.1332957286489318
2019-04-29 01:45:00,0.28912298983203755
2019-04-29 01:48:00,0.20758139227228867
2019-04-29 01:51:00,0.23813711084039824
2019-04-29 01:54:00,0.1922272376017986
2019-04-29 01:57:00,0.3232465263190534
2019-04-29 02:00:00,0.3045220252694776
2019-04-29 02:03:00,0.2346615461786996
2019-04-29 02:06:00,0.20284120208822287
2019-04-29 02:09:00,0.32457103369944207
2019-04-29 02:12:00,0.1830910927578202
2019-04-29 02:15:00,0.29336196244435087
2019-04-29 02:18:00,0.2748899291125326
2019-04-29 02:21:00,0.3399673473377902
2019-04-29 02:24:00,0.3439152625982729
2019-04-29 02:27:00,0.2690658150561376
2019-04-29 02:30:00,0.33351996148098806
2019-04-29 02:33:00,0.31814162471630425
2019-04-29 02:36:00,0.33076903998374974
2019-04-29 02:39:00,0.32670714487124997
2019-04-29 02:42:00,0.3975373507842619
2019-04-29 02:45:00,0.38742082994576776
2019-04-29 02:48:00,0.24071336800500376
2019-04-29 02:51:00,0.28829599071588063
2019-04-29 02:54:00,0.3275158509192124
2019-04-29 02:57:00,0.31170411047429525
2019-04-29 03:00:00,0.2921212053366844
2019-04-29 03:03:00,0.3067652781678589
2019-04-29 03:06:00,0.26436016761232395
2019-04-29 03:09:00,0.3241840498288866
2019-04-29 03:12:00,0.2802380866216936
2019-04-29 03:15:00,0.30842150199009666
2019-04-29 03:18:00,0.305381481208542
2019-04-29 03:21:00,0.30786859422715906
2019-04-29 03:24:00,0.2946148974536982
2019-04-29 03:27:00,0.2917486365556101
2019-04-29 03:30:00,0.34771342954002193
2019-04-29 03:33:00,0.31302890302629294
2019-04-29 03:36:00,0.3199087555724418
2019-04-29 03:39:00,0.29744136678118593
2019-04-29 03:42:00,0.2703559244499729
2019-04-29 03:45:00,0.37646715088465044
2019-04-29 03:48:00,0.2465195253193997
2019-04-29 03:51:00,0.2568594395507944
2019-04-29 03:54:00,0.3070268131486955
2019-04-29 03:57:00,0.2744061173106047
2019-04-29 04:00:00,0.23526816945877727
2019-04-29 04:03:00,0.17288251231593676
2019-04-29 04:06:00,0.3697318361718658
2019-04-29 04:09:00,0.28853510700520246
2019-04-29 04:12:00,0.29545537711612724
2019-04-29 04:15:00,0.3023146240914798
2019-04-29 04:18:00,0.30005950895900924
2019-04-29 04:21:00,0.18819153838160219
2019-04-29 04:24:00,0.3767127826258161
2019-04-29 04:27:00,0.3471878307951215
2019-04-29 04:30:00,0.3097314535590385
2019-04-29 04:33:00,0.2261122041537078
2019-04-29 04:36:00,0.3573592423259129
2019-04-29 04:39:00,0.20120224316826807
2019-04-29 04:42:00,0.2683248193477539
2019-04-29 04:45:00,0.18122861363548282
2019-04-29 04:48:00,0.19419057828798714
2019-04-29 04:51:00,0.2689485944200669
2019-04-29 04:54:00,0.21065219684129488
2019-04-29 04:57:00,0.21159049584088052
2019-04-29 05:00:00,0.27515431786906674
2019-04-29 05:03:00,0.22955192448745265
2019-04-29 05:06:00,0.2551282950818745
2019-04-29 05:09:00,0.1647659574747422
2019-04-29 05:12:00,0.30192306472474684
2019-04-29 05:15:00,0.19747928168220596
2019-04-29 05:18:00,0.2552799610544412
2019-04-29 05:21:00,0.31364796597335953
2019-04-29 05:24:00,0.2109459709969883
2019-04-29 05:27:00,0.29242252987546635
2019-04-29 05:30:00,0.3333751641713434
2019-04-29 05:33:00,0.26187169080395734
2019-04-29 05:36:00,0.26937589756511215
2019-04-29 05:39:00,0.2566982358851533
2019-04-29 05:42:00,0.21470316095678754
2019-04-29 05:45:00,0.27346171298222544
2019-04-29 05:48:00,0.39878576809468314
2019-04-29 05:51:00,0.2942847907444275
2019-04-29 05:54:00,0.27207879213762
2019-04-29 05:57:00,0.3324053725310705
2019-04-29 06:00:00,0.28216576922937975
2019-04-29 06:03:00,0.2692131941904563
2019-04-29 06:06:00,0.34613208918227656
2019-04-29 06:09:00,0.3028329625764741
2019-04-29 06:12:00,0.2671862950904824
2019-04-29 06:15:00,0.29674384045949864
2019-04-29 06:18:00,0.29439677542359277
2019-04-29 06:21:00,0.2645745342618966
2019-04-29 06:24:00,0.3124067111377258
2019-04-29 06:27:00,0.19691505116315966
2019-04-29 06:30:00,0.33141639337475226
2019-04-29 06:33:00,0.33154602622323637
2019-04-29 06:36:00,0.2289663142934728
2019-04-29 06:39:00,0.33055251986473877
2019-04-29 06:42:00,0.15578408519564846
2019-04-29 06:45:00,0.19096192269313406
2019-04-29 06:48:00,0.22940259640358818
2019-04-29 06:51:00,0.32470372280846505
2019-04-29 06:54:00,0.2340765688024362
2019-04-29 06:57:00,0.3011321193590675
2019-04-29 07:00:00,0.32897925011712914
2019-04-29 07:03:00,0.3337640359478655
2019-04-29 07:06:00,0.26953752514373264
2019-04-29 07:09:00,0.25738694275776197
2019-04-29 07:12:00,0.32344911937718734
2019-04-29 07:15:00,0.34385870475841784
2019-04-29 07:18:00,0.34427712789408815
2019-04-29 07:21:00,0.3033970930138139
2019-04-29 07:24:00,0.28542544901807787
2019-04-29 07:27:00,0.20869853567148766
2019-04-29 07:30:00,0.268384797337319
2019-04-29 07:33:00,0.26833170439044807
2019-04-29 07:36:00,0.18758074538601477
2019-04-29 07:39:00,0.24066548561722811
2019-04-29 07:42:00,0.23597950726474437
2019-04-29 07:45:00,0.3067219089101627
2019-04-29 07:48:00,0.24508113939941722
2019-04-29 07:51:00,0.36052899672267813
2019-04-29 07:54:00,0.20450311847173452
2019-04-29 07:57:00,0.29057475108947983
2019-04-29 08:00:00,0.17649780817907867
2019-04-29 08:03:00,0.22225650115098006
2019-04-29 08:06:00,0.28001072455793974
2019-04-29 08:09:00,0.19334619174935597
2019-04-29 08:12:00,0.3449154614439749
2019-04-29 08:15:00,0.3568846836622015
2019-04-29 08:18:00,0.1793195346579637
2019-04-29 08:21:00,0.20095438609513394
2019-04-29 08:24:00,0.28207861981081805
2019-04-29 08:27:00,0.26197108665212454
2019-04-29 08:30:00,0.21923374980383414
2019-04-29 08:33:00,0.2259784668070779
2019-04-29 08:36:00,0.29004018408363663
2019-04-29 08:39:00,0.24211723721634826
2019-04-29 08:42:00,0.24704946995865384
2019-04-29 08:45:00,0.2509542998881784
2019-04-29 08:48:00,0.25605078479327403
2019-04-29 08:51:00,0.2525204470478002
2019-04-29 08:54:00,0.15606360649246653
2019-04-29 08:57:00,0.18370453480730475
2019-04-29 09:00:00,0.17500593998863678
2019-04-29 09:03:00,0.2714702642524571
2019-04-29 09:06:00,0.26432920551485495
2019-04-29 09:09:00,0.1566755684726786
2019-04-29 09:12:00,0.1799274695693498
2019-04-29 09:15:00,0.12957767882369353
2019-04-29 09:18:00,0.16785991017019342
2019-04-29 09:21:00,0.11904974576816585
2019-04-29 09:24:00,0.08462189324467317
2019-04-29 09:27:00,0.11186780660119666
2019-04-29 09:30:00,0.070880599807424
2019-04-29 09:33:00,0.10054220682832238
2019-04-29 09:36:00,0.0866756756703353
2019-04-29 09:39:00,0.18611398482295272
2019-04-29 09:42:00,0.1086614015291616
2019-04-29 09:45:00,0.060627907215007326
2019-04-29 09:48:00,0.023364923712506425
2019-04-29 09:51:00,-0.12560123258333533
2019-04-29 09:54:00,-0.0634213258173304
2019-04-29 09:57:00,-0.1299422800722141
2019-04-29 10:00:00,-0.07437433868108201
2019-04-29 10:03:00,-0.11210370872072417
2019-04-29 10:06:00,-0.12885810242113394
2019-04-29 10:09:00,-0.2512446524222014
2019-04-29 10:12:00,-0.12950426705003792
2019-04-29 10:15:00,-0.24507113617238474
2019-04-29 10:18:00,-0.14177638366771816
2019-04-29 10:21:00,-0.252968342450572
2019-04-29 10:24:00,-0.2702936232101365
2019-04-29 10:27:00,-0.29974956297610333
2019-04-29 10:30:00,-0.268049125632956
2019-04-29 10:33:00,-0.19472458058390885
2019-04-29 10:36:00,-0.30018391913591813
2019-04-29 10:39:00,-0.32466515576169286
2019-04-29 10:42:00,-0.28530339740768795
2019-04-29 10:45:00,-0.20734609227065448
2019-04-29 10:48:00,-0.29273519845042983
2019-04-29 10:51:00,-0.3458274975259883
2019-04-29 10:54:00,-0.4253588907345147
2019-04-29 10:57:00,-0.3677096092760621
2019-04-29 11:00:00,-0.3614791023144903
2019-04-29 11:03:00,-0.39092846638794754
2019-04-29 11:06:00,-0.3504929522970883
2019-04-29 11:09:00,-0.3533958566525257
2019-04-29 11:12:00,-0.4013316867041681
2019-04-29 11:15:00,-0.3629151271156843
2019-04-29 11:18:00,-0.43362975128508197
2019-04-29 11:21:00,-0.3810599525883731
2019-04-29 11:24:00,-0.4095691388783962
2019-04-29 11:27:00,-0.4008099571103685
2019-04-29 11:30:00,-0.40362150628396876
2019-04-29 11:33:00,-0.4948731055327471
2019-04-29 11:36:00,-0.3828454629784801
2019-04-29 11:39:00,-0.42761767775840553
2019-04-29 11:42:00,-0.4031334406060978
2019-04-29 11:45:00,-0.47447285683131213
2019-04-29 11:48:00,-0.4369407735888444
2019-04-29 11:51:00,-0.42576056160879716
2019-04-29 11:54:00,-0.48541772723848453
2019-04-29 11:57:00,-0.41696268914267876
2019-04-29 12:00:00,-0.4752713611771924
2019-04-29 12:03:00,-0.36024046213930205
2019-04-29 12:06:00,-0.49333164349985736
2019-04-29 12:09:00,-0.4439198131401554
2019-04-29 12:12:00,-0.38017004984737923
2019-04-29 12:15:00,-0.3428056821631458
2019-04-29 12:18:00,-0.41266499602346585
2019-04-29 12:21:00,-0.47673348085794487
2019-04-29 12:24:00,-0.4822089763873123
2019-04-29 12:27:00,-0.5306687193104267
2019-04-29 12:30:00,-0.6271689262308087
2019-04-29 12:33:00,-0.48101623748453903
2019-04-29 12:36:00,-0.41356833851472175
2019-04-29 12:39:00,-0.3603795903015907
2019-04-29 12:42:00,-0.5512507368688375
2019-04-29 12:45:00,-0.4479471965744892
2019-04-29 12:48:00,-0.5061150961992666
2019-04-29 12:51:00,-0.4681854335395883
2019-04-29 12:54:00,-0.5269821497860789
2019-04-29 12:57:00,-0.5306530139550318
2019-04-29 13:00:00,-0.42584055254542363
2019-04-29 13:03:00,-0.5262989878364124
2019-04-29 13:06:00,-0.4789811304587488
2019-04-29 13:09:00,-0.41612200368854246
2019-04-29 13:12:00,-0.4827239420429805
2019-04-29 13:15:00,-0.5626202730043133
2019-04-29 13:18:00,-0.3665308551734938
2019-04-29 13:21:00,-0.4399102239057697
2019-04-29 13:24:00,-0.510915293404878
2019-04-29 13:27:00,-0.5908071114042173
2019-04-29 13:30:00,-0.4350437220728054
2019-04-29 13:33:00,-0.31428410744769053
2019-04-29 13:36:00,-0.4098655325745426
2019-04-29 13:39:00,-0.38663303147836814
2019-04-29 13:42:00,-0.3009402045024103
2019-04-29 13:45:00,-0.22462244530498765
2019-04-29 13:48:00,-0.30261794088164606
2019-04-29 13:51:00,-0.3366805665023094
2019-04-29 13:54:00,-0.3323949388321239
2019-04-29 13:57:00,-0.3849890680001522
2019-04-29 14:00:00,-0.40805124914720636
2019-04-29 14:03:00,-0.49112290519087765
2019-04-29 14:06:00,-0.43442672242429126
2019-04-29 14:09:00,-0.5206753995721556
2019-04-29 14:12:00,-0.4056628937401001
2019-04-29 14:15:00,-0.3611004973087688
2019-04-29 14:18:00,-0.36245378201107314
2019-04-29 14:21:00,-0.25265713928143896
2019-04-29 14:24:00,-0.3045770602984703
2019-04-29 14:27:00,-0.20836677196842857
2019-04-29 14:30:00,-0.1993645554844079
2019-04-29 14:33:00,-0.3068604591266535
2019-04-29 14:36:00,-0.22666412973495653
2019-04-29 14:39:00,-0.1704296882021481
2019-04-29 14:42:00,-0.3701696567550812
2019-04-29 14:45:00,-0.28410698038112514
2019-04-29 14:48:00,-0.2375086020682602
2019-04-29 14:51:00,-0.3641639079311858
2019-04-29 14:54:00,-0.36845306105300324
2019-04-29 14:57:00,-0.21748946454277984
2019-04-29 15:00:00,-0.3073761755799751
2019-04-29 15:03:00,-0.4004052167377381
2019-04-29 15:06:00,-0.45596793714679507
2019-04-29 15:09:00,-0.45823708523590767
2019-04-29 15:12:00,-0.5943949898390315
2019-04-29 15:15:00,-0.4381117398105516
2019-04-29 15:18:00,-0.4702192552821316
2019-04-29 15:21:00,-0.4858478859438833
2019-04-29 15:24:00,-0.40214846749495337
2019-04-29 15:27:00,-0.49719372565192543
2019-04-29 15:30:00,-0.45554397453207685
2019-04-29 15:33:00,-0.42265570381914586
2019-04-29 15:36:00,-0.4678802000539122
2019-04-29 15:39:00,-0.5178049723286335
2019-04-29 15:42:00,-0.4591054987110965
2019-04-29 15:45:00,-0.5809717906817013
2019-04-29 15:48:00,-0.4806001494754355
2019-04-29 15:51:00,-0.5984917813358379
2019-04-29 15:54:00,-0.4644339418131267
2019-04-29 15:57:00,-0.4531414653476986
2019-04-29 16:00:00,-0.477297250245158
2019-04-29 16:03:00,-0.4874363220009741
2019-04-29 16:06:00,-0.3711105946611042
2019-04-29 16:09:00,-0.404113025609945
2019-04-29 16:12:00,-0.4492820145646874
2019-04-29 16:15:00,-0.4075364957684542
2019-04-29 16:18:00,-0.5181950823654233
2019-04-29 16:21:00,-0.4791729725534424
2019-04-29 16:24:00,-0.4728428723681759
2019-04-29 16:27:00,-0.3580890415549334
2019-04-29 16:30:00,-0.44067146784965416
2019-04-29 16:33:00,-0.5656341333415185
2019-04-29 16:36:00,-0.5018516639993322
2019-04-29 16:39:00,-0.4964217758085283
2019-04-29 16:42:00,-0.4440122265478976
2019-04-29 16:45:00,-0.5834812192950949
2019-04-29 16:48:00,-0.41504280610462274
2019-04-29 16:51:00,-0.43547078446118803
2019-04-29 16:54:00,-0.5042896913127493
2019-04-29 16:57:00,-0.4584920216043997
2019-04-29 17:00:00,-0.3553576696766072
2019-04-29 17:03:00,-0.42573274004308814
2019-04-29 17:06:00,-0.4953003898492625
2019-04-29 17:09:00,-0.5022955142629826
2019-04-29 17:12:00,-0.39804684179910055
2019-04-29 17:15:00,-0.46854339704680115
2019-04-29 17:18:00,-0.4519120951383684
2019-04-29 17:21:00,-0.45724927506427093
2019-04-29 17:24:00,-0.5089115187539619
2019-04-29 17:27:00,-0.4332293625414536
2019-04-29 17:30:00,-0.43375058198955685
2019-04-29 17:33:00,-0.42312613971898827
2019-04-29 17:36:00,-0.48753647802357136
2019-04-29 17:39:00,-0.4103387422415494
2019-04-29 17:42:00,-0.4355804011891564
2019-04-29 17:45:00,-0.41987954515025194
2019-04-29 17:48:00,-0.4015095004196496
2019-04-29 17:51:00,-0.3654988194205089
2019-04-29 17:54:00,-0.39448481193113594
2019-04-29 17:57:00,-0.3912213750422211
2019-04-29 18:00:00,-0.457844658368856
2019-04-29 18:03:00,-0.3475801806084178
2019-04-29 18:06:00,-0.32107493469146675
2019-04-29 18:09:00,-0.3959623293176264
2019-04-29 18:12:00,-0.38122710619393274
2019-04-29 18:15:00,-0.32982190961377
2019-04-29 18:18:00,-0.3453093090206494
2019-04-29 18:21:00,-0.42442818251316794
2019-04-29 18:24:00,-0.326805873062483
2019-04-29 18:27:00,-0.3369620060198599
2019-04-29 18:30:00,-0.2860523293327901
2019-04-29 18:33:00,-0.5200078429661517
2019-04-29 18:36:00,-0.48345315486835716
2019-04-29 18:39:00,-0.36260048644760445
2019-04-29 18:42:00,-0.32408234544732295
2019-04-29 18:45:00,-0.23814255417414643
2019-04-29 18:48:00,-0.17326266458604778
2019-04-29 18:51:00,-0.2694476532772683
2019-04-29 18:54:00,
2019-04-29 18:57:00,
2019-04-29 19:00:00,
2019-04-29 19:03:00,-0.21808581060105325
2019-04-29 19:06:00,-0.20533969099619753
2019-04-29 19:09:00,-0.13178936319440027
2019-04-29 19:12:00,-0.18075625549010965
2019-04-29 19:15:00,-0.08785032691503147
2019-04-29 19:18:00,-0.2580015011706678
2019-04-29 19:21:00,-0.07441315212912514
2019-04-29 19:24:00,-0.11602428311522317
2019-04-29 19:27:00,-0.09106486631384314
2019-04-29 19:30:00,-0.26537535579461746
2019-04-29 19:33:00,-0.1406109309363046
2019-04-29 19:36:00,-0.11832140952520831
2019-04-29 19:39:00,-0.07742189501055918
2019-04-29 19:42:00,-0.16313782450413328
2019-04-29 19:45:00,-0.03318692704198156
2019-04-29 19:48:00,-0.054389485974979834
2019-04-29 19:51:00,-0.06124883607122911
2019-04-29 19:54:00,-0.07007069800755517
2019-04-29 19:57:00,-0.005795136184246985
2019-04-29 20:00:00,-0.0471349573315365
2019-04-29 20:03:00,-0.04505242216123406
2019-04-29 20:06:00,-0.05780158808846636
2019-04-29 20:09:00,-0.13104146387775018
2019-04-29 20:12:00,-0.05070487063824203
2019-04-29 20:15:00,-0.08094952557780744
2019-04-29 20:18:00,-0.12462339858029736
2019-04-29 20:21:00,-0.01488532724158631
2019-04-29 20:24:00,-0.09618016826624398
2019-04-29 20:27:00,-0.1188317758594053
2019-04-29 20:30:00,-0.1006176078929002
2019-04-29 20:33:00,-0.031131076167582705
2019-04-29 20:36:00,0.007359122015031971
2019-04-29 20:39:00,-0.08048501179672485
2019-04-29 20:42:00,0.03452155328994877
2019-04-29 20:45:00,-0.004168534362918308
2019-04-29 20:48:00,-0.02183311759949902
2019-04-29 20:51:00,-0.043301456984238484
2019-04-29 20:54:00,-0.06663105287583448
2019-04-29 20:57:00,-0.06506265656076948
2019-04-29 21:00:00,0.03646513166376053
2019-04-29 21:03:00,0.02736022305117558
2019-04-29 21:06:00,0.03534501649238564
2019-04-29 21:09:00,-0.002834901464552786
2019-04-29 21:12:00,-0.12906805084861617
2019-04-29 21:15:00,-0.08682956055599789
2019-04-29 21:18:00,-0.14750378041685508
2019-04-29 21:21:00,-0.04853671826771233
2019-04-29 21:24:00,-0.031783750448312276
2019-04-29 21:27:00,-0.046599621063876384
2019-04-29 21:30:00,-0.14600770566596566
2019-04-29 21:33:00,-0.09138902094434798
2019-04-29 21:36:00,-0.030998418995693555
2019-04-29 21:39:00,0.02259818188827012
2019-04-29 21:42:00,-0.06585798605294713
2019-04-29 21:45:00,-0.010939793835518685
2019-04-29 21:48:00,0.02119158461010784
2019-04-29 21:51:00,-0.130306953262334
2019-04-29 21:54:00,-0.10605523920594351
2019-04-29 21:57:00,-0.0984934836078537
2019-04-29 22:00:00,-0.028808680263807673
2019-04-29 22:03:00,0.10994642502168972
2019-04-29 22:06:00,-0.08343911494716849
2019-04-29 22:09:00,-0.038318516510173595
2019-04-29 22:12:00,-0.06248625347797088
2019-04-29 22:15:00,0.06747832354346883
2019-04-29 22:18:00,0.0322792717761331
2019-04-29 22:21:00,-0.04251539886320188
2019-04-29 22:24:00,-0.018647322368224195
2019-04-29 22:27:00,0.011616834801429832
2019-04-29 22:30:00,-0.052752889251166835
2019-04-29 22:33:00,-0.010766459876322187
2019-04-29 22:36:00,-0.16814153005697108
2019-04-29 22:39:00,-0.08134947873219289
2019-04-29 22:42:00,-0.026883092183254576
2019-04-29 22:45:00,-0.07565941532919851
2019-04-29 22:48:00,-0.13921065621445905
2019-04-29 22:51:00,-0.1516934704783921
2019-04-29 22:54:00,0.01603719332501896
2019-04-29 22:57:00,-0.06407889241870635
2019-04-29 23:00:00,0.007313183989367644
2019-04-29 23:03:00,-0.17175188942269415
2019-04-29 23:06:00,0.059315177675216546
2019-04-29 23:09:00,0.07521331336624826
2019-04-29 23:12:00,-0.03810539641028754
2019-04-29 23:15:00,0.010704254337554175
2019-04-29 23:18:00,0.02569053790818998
2019-04-29 23:21:00,-0.010419766741847525
2019-04-29 23:24:00,0.049162717552405866
2019-04-29 23:27:00,0.05186612651687028
2019-04-29 23:30:00,0.15469605250677887
2019-04-29 23:33:00,0.07191043090432458
2019-04-29 23:36:00,0.007958929123219605
2019-04-29 23:39:00,-0.01353892924714728
2019-04-29 23:42:00,0.020192104947625467
2019-04-29 23:45:00,-0.035271642794612035
2019-04-29 23:48:00,0.11073920228801626
2019-04-29 23:51:00,0.0026480985112584676
2019-04-29 23:54:00,-0.011660680278566815
2019-04-29 23:57:00,-0.060258011709663606
2019-04-30 00:00:00,0.09645604719986522
2019-04-30 00:03:00,0.04053425825526347
2019-04-30 00:06:00,-0.010447598616963205
2019-04-30 00:09:00,0.04056715944415146
2019-04-30 00:12:00,0.1570688425221647
2019-04-30 00:15:00,0.06473974442832287
2019-04-30 00:18:00,0.1352179725142264
2019-04-30 00:21:00,0.13203456130815994
2019-04-30 00:24:00,0.1556307916221158
2019-04-30 00:27:00,0.23604005284289542
2019-04-30 00:30:00,0.14007233879971182
2019-04-30 00:33:00,0.08290618329607469
2019-04-30 00:36:00,0.07313881981968962
2019-04-30 00:39:00,0.13119434268168106
2019-04-30 00:42:00,0.10893231206551945
2019-04-30 00:45:00,-0.026050051886159054
2019-04-30 00:48:00,0.07760644948103845
2019-04-30 00:51:00,0.08059531903199968
2019-04-30 00:54:00,0.07558433388510366
2019-04-30 00:57:00,0.0038746679294376918
2019-04-30 01:00:00,0.03864562671446947
2019-04-30 01:03:00,0.0744622630794538
2019-04-30 01:06:00,0.046868485250456615
2019-04-30 01:09:00,0.03889744766519243
2019-04-30 01:12:00,0.11882732501601367
2019-04-30 01:15:00,0.01821268806588705
2019-04-30 01:18:00,0.037066357763023916
2019-04-30 01:21:00,0.16545148794466513
2019-04-30 01:24:00,0.16367795443085242
2019-04-30 01:27:00,0.11387557949785787
2019-04-30 01:30:00,0.018665601772397622
2019-04-30 01:33:00,0.14034723314762232
2019-04-30 01:36:00,0.21814386522743234
2019-04-30 01:39:00,0.17567057098682426
2019-04-30 01:42:00,0.21595033047321976
2019-04-30 01:45:00,0.15575937416849683
2019-04-30 01:48:00,0.158916370624695
2019-04-30 01:51:00,0.14789250529474884
2019-04-30 01:54:00,0.1666719078468759
2019-04-30 01:57:00,0.1844165115588794
2019-04-30 02:00:00,0.16766391091306332
2019-04-30 02:03:00,0.11459339669255542
2019-04-30 02:06:00,0.14562783034739368
2019-04-30 02:09:00,0.1336853172581982
2019-04-30 02:12:00,0.22053391934838373
2019-04-30 02:15:00,0.26713562920156164
2019-04-30 02:18:00,0.10969165048891227
2019-04-30 02:21:00,0.1101025254518504
2019-04-30 02:24:00,0.15949598674399112
2019-04-30 02:27:00,0.17737297658294437
2019-04-30 02:30:00,0.07257118578081645
2019-04-30 02:33:00,0.05483279887954495
2019-04-30 02:36:00,0.16482296755970083
2019-04-30 02:39:00,0.11990930024245472
2019-04-30 02:42:00,0.11397476278648355
2019-04-30 02:45:00,0.07226573932609881
2019-04-30 02:48:00,0.14494624294138703
2019-04-30 02:51:00,0.1788378684075269
2019-04-30 02:54:00,0.1224901600455155
2019-04-30 02:57:00,0.15691491040786332
2019-04-30 03:00:00,0.1399788966176061
2019-04-30 03:03:00,0.208465504824062
2019-04-30 03:06:00,0.05620370757043247
2019-04-30 03:09:00,0.1348939442521555
2019-04-30 03:12:00,0.09467566547539263
2019-04-30 03:15:00,0.09508716976398546
2019-04-30 03:18:00,0.09241753694914223
2019-04-30 03:21:00,0.09280120477495757
2019-04-30 03:24:00,0.17590936243175292
2019-04-30 03:27:00,0.10789439865908435
2019-04-30 03:30:00,0.2520787829024016
2019-04-30 03:33:00,0.176329214857617
2019-04-30 03:36:00,0.206472696694334
2019-04-30 03:39:00,0.20275970516189545
2019-04-30 03:42:00,0.1572101084804558
2019-04-30 03:45:00,0.0654375740725186
2019-04-30 03:48:00,0.11860681551968355
2019-04-30 03:51:00,0.17740433005695877
2019-04-30 03:54:00,0.19080981423513776
2019-04-30 03:57:00,0.22773527112644842
2019-04-30 04:00:00,0.21012245034830812
2019-04-30 04:03:00,0.13774136006929893
2019-04-30 04:06:00,0.2707101699496093
2019-04-30 04:09:00,0.16851181859101416
2019-04-30 04:12:00,0.2694883260425627
2019-04-30 04:15:00,0.2176433044287478
2019-04-30 04:18:00,0.18205527112394293
2019-04-30 04:21:00,0.23355870701050208
2019-04-30 04:24:00,0.2148535136747114
2019-04-30 04:27:00,0.22062105205066018
2019-04-30 04:30:00,0.253029353335819
2019-04-30 04:33:00,0.23211040014996343
2019-04-30 04:36:00,0.2101955089196963
2019-04-30 04:39:00,0.27785511867699597
2019-04-30 04:42:00,0.28012225496485144
2019-04-30 04:45:00,0.18303328806200625
2019-04-30 04:48:00,0.20852910576059003
2019-04-30 04:51:00,0.19876768242170328
2019-04-30 04:54:00,0.266804465257394
2019-04-30 04:57:00,0.2660720148774658
2019-04-30 05:00:00,0.2749358455885158
2019-04-30 05:03:00,0.28843520551106394
2019-04-30 05:06:00,0.22810324652215286
2019-04-30 05:09:00,0.21549050647206514
2019-04-30 05:12:00,0.249685143524232
2019-04-30 05:15:00,0.23162945734497953
2019-04-30 05:18:00,0.2381017402381076
2019-04-30 05:21:00,0.18063750301968184
2019-04-30 05:24:00,0.25349152917209494
2019-04-30 05:27:00,0.25413518927962286
2019-04-30 05:30:00,0.2857337634668511
2019-04-30 05:33:00,0.2998084263188616
2019-04-30 05:36:00,0.28908677988931686
2019-04-30 05:39:00,0.3452727194195404
2019-04-30 05:42:00,0.29618661108884226
2019-04-30 05:45:00,0.30456537709540044
2019-04-30 05:48:00,0.32527166085492354
2019-04-30 05:51:00,0.2872639766760585
2019-04-30 05:54:00,0.2933985271706092
2019-04-30 05:57:00,0.3249774979880158
2019-04-30 06:00:00,0.3951634673928197
2019-04-30 06:03:00,0.33705658787147286
2019-04-30 06:06:00,0.2933520079717482
2019-04-30 06:09:00,0.3318086578292423
2019-04-30 06:12:00,0.29772046326144164
2019-04-30 06:15:00,0.29855695811369287
2019-04-30 06:18:00,0.2579279742242875
2019-04-30 06:21:00,0.23743433021007831
2019-04-30 06:24:00,0.22613368927125066
2019-04-30 06:27:00,0.24908436380223975
2019-04-30 06:30:00,0.2688740306194859
2019-04-30 06:33:00,0.2748798985685994
2019-04-30 06:36:00,0.2562627980947809
2019-04-30 06:39:00,0.2454441543611665
2019-04-30 06:42:00,0.2515214575381606
2019-04-30 06:45:00,0.22526791884070008
2019-04-30 06:48:00,0.3229992906314578
2019-04-30 06:51:00,0.245100668200962
2019-04-30 06:54:00,0.3704186914131924
2019-04-30 06:57:00,0.18090575440385237
2019-04-30 07:00:00,0.3886792197596378
2019-04-30 07:03:00,0.22399887951559094
2019-04-30 07:06:00,0.23764955413093958
2019-04-30 07:09:00,0.24958486593214957
2019-04-30 07:12:00,0.39054561651107633
2019-04-30 07:15:00,0.16395011212068766
2019-04-30 07:18:00,0.1511066204897702
2019-04-30 07:21:00,0.24153903286526202
2019-04-30 07:24:00,0.22714614756137053
2019-04-30 07:27:00,0.2588938127699407
2019-04-30 07:30:00,0.2724942204565082
2019-04-30 07:33:00,0.25461911652212166
2019-04-30 07:36:00,0.11440388318351324
2019-04-30 07:39:00,0.20349744949453452
2019-04-30 07:42:00,0.1164284215952307
2019-04-30 07:45:00,0.20300145636792877
2019-04-30 07:48:00,0.013754355449179911
2019-04-30 07:51:00,0.2516119165910027
2019-04-30 07:54:00,0.20056978690541882
2019-04-30 07:57:00,0.1623739178172059
2019-04-30 08:00:00,0.09380356414612834
2019-04-30 08:03:00,0.0722023044347111
2019-04-30 08:06:00,-0.014447969702246155
2019-04-30 08:09:00,0.07420442643950764
2019-04-30 08:12:00,0.12343833402024984
2019-04-30 08:15:00,-0.04410683969501861
2019-04-30 08:18:00,-0.03336005958254873
2019-04-30 08:21:00,0.10819021162046738
2019-04-30 08:24:00,0.014725477830324962
2019-04-30 08:27:00,0.023203974388479764
2019-04-30 08:30:00,-0.06518521861238469
2019-04-30 08:33:00,0.026428028117209124
2019-04-30 08:36:00,-0.08235301805683548
2019-04-30 08:39:00,-0.021419247915559936
2019-04-30 08:42:00,-0.07503367858015508
2019-04-30 08:45:00,-0.07949221598715894
2019-04-30 08:48:00,-0.019487307064366632
2019-04-30 08:51:00,-0.003466045851155286
2019-04-30 08:54:00,-0.026158331158626424
2019-04-30 08:57:00,-0.17798787611269518
2019-04-30 09:00:00,-0.09926844374274424
2019-04-30 09:03:00,-0.06636288520314793
2019-04-30 09:06:00,-0.07830342530411372
2019-04-30 09:09:00,-0.1284036015977108
2019-04-30 09:12:00,-0.1607911634068273
2019-04-30 09:15:00,-0.247197787759319
2019-04-30 09:18:00,-0.27765795161587903
2019-04-30 09:21:00,-0.1643893205064728
2019-04-30 09:24:00,-0.23700305325280624
2019-04-30 09:27:00,-0.30354293844197855
2019-04-30 09:30:00,-0.20865913725742757
2019-04-30 09:33:00,-0.29198018345300625
2019-04-30 09:36:00,-0.37622824375256414
2019-04-30 09:39:00,-0.3091425566278758
2019-04-30 09:42:00,-0.3497016079601849
2019-04-30 09:45:00,-0.34324063648011816
2019-04-30 09:48:00,-0.3887610133795647
2019-04-30 09:51:00,-0.30824492934158343
2019-04-30 09:54:00,-0.3376890845476055
2019-04-30 09:57:00,-0.42131224014855206
2019-04-30 10:00:00,-0.3456144823256295
2019-04-30 10:03:00,-0.2958009384816478
2019-04-30 10:06:00,-0.2919927296842957
2019-04-30 10:09:00,-0.3461704473587588
2019-04-30 10:12:00,-0.335236473011264
2019-04-30 10:15:00,-0.32979488008652424
2019-04-30 10:18:00,-0.388423894666289
2019-04-30 10:21:00,-0.4124435946116023
2019-04-30 10:24:00,-0.37115291264069583
2019-04-30 10:27:00,-0.3626045823872346
2019-04-30 10:30:00,-0.29803738080823905
2019-04-30 10:33:00,-0.4029393675445476
2019-04-30 10:36:00,-0.3667188373527779
2019-04-30 10:39:00,-0.40023080680458634
2019-04-30 10:42:00,-0.30723992469444283
2019-04-30 10:45:00,-0.42296984728585585
2019-04-30 10:48:00,-0.2795268906889419
2019-04-30 10:51:00,-0.34688407828286927
2019-04-30 10:54:00,-0.43237702450761617
2019-04-30 10:57:00,-0.43853260522155324
2019-04-30 11:00:00,-0.3649031905276843
2019-04-30 11:03:00,-0.3796188963819418
2019-04-30 11:06:00,-0.38290616328333726
2019-04-30 11:09:00,-0.3814486238003383
2019-04-30 11:12:00,-0.39326766294254867
2019-04-30 11:15:00,-0.301778345033199
2019-04-30 11:18:00,-0.3244900190744602
2019-04-30 11:21:00,-0.3079788741293328
2019-04-30 11:24:00,-0.3511218133882039
2019-04-30 11:27:00,-0.3710722748976991
2019-04-30 11:30:00,-0.3492756260744727
2019-04-30 11:33:00,-0.40102852005230716
2019-04-30 11:36:00,-0.3455209555821739
2019-04-30 11:39:00,-0.3628327350508016
2019-04-30 11:42:00,-0.42943897158454547
2019-04-30 11:45:00,-0.41009553103896224
2019-04-30 11:48:00,-0.380281638272038
2019-04-30 11:51:00,-0.5003123692586087
2019-04-30 11:54:00,-0.4308020536197432
2019-04-30 11:57:00,-0.4001634576974311
2019-04-30 12:00:00,-0.4172148651186376
2019-04-30 12:03:00,-0.4116818013914667
2019-04-30 12:06:00,-0.3505062604519935
2019-04-30 12:09:00,-0.42778420295093156
2019-04-30 12:12:00,-0.45656245724819655
2019-04-30 12:15:00,-0.45455322216730565
2019-04-30 12:18:00,-0.4026070033142446
2019-04-30 12:21:00,-0.3757952569127383
2019-04-30 12:24:00,-0.4593374291496275
2019-04-30 12:27:00,-0.4474645969658013
2019-04-30 12:30:00,-0.32197880004974877
2019-04-30 12:33:00,-0.38589957257585183
2019-04-30 12:36:00,-0.45001159799437573
2019-04-30 12:39:00,-0.4382412523992798
2019-04-30 12:42:00,-0.44355172841619606
2019-04-30 12:45:00,-0.4604743157909752
2019-04-30 12:48:00,-0.43245970388005617
2019-04-30 12:51:00,-0.4693461764828726
2019-04-30 12:54:00,-0.4644017860830445
2019-04-30 12:57:00,-0.3984075584500033
2019-04-30 13:00:00,-0.4922393499494433
2019-04-30 13:03:00,-0.41387755401410686
2019-04-30 13:06:00,-0.3051810560303352
2019-04-30 13:09:00,-0.4407336685059704
2019-04-30 13:12:00,-0.39645536367788736
2019-04-30 13:15:00,-0.4995114627899966
2019-04-30 13:18:00,-0.347614864951197
2019-04-30 13:21:00,-0.41942401400723384
2019-04-30 13:24:00,-0.4104536346582677
2019-04-30 13:27:00,-0.5041298742048639
2019-04-30 13:30:00,-0.3472205063530964
2019-04-30 13:33:00,-0.44552501570859704
2019-04-30 13:36:00,-0.4062999734264281
2019-04-30 13:39:00,-0.32746733390303007
2019-04-30 13:42:00,-0.383845022494711
2019-04-30 13:45:00,-0.34709429853973006
2019-04-30 13:48:00,-0.3593367935011429
2019-04-30 13:51:00,-0.3444888932128265
2019-04-30 13:54:00,-0.4350160003223209
2019-04-30 13:57:00,-0.1891122028140444
2019-04-30 14:00:00,-0.08421729041015169
2019-04-30 14:03:00,-0.1717388779861153
2019-04-30 14:06:00,-0.14540157401967235
2019-04-30 14:09:00,-0.2287434511340507
2019-04-30 14:12:00,-0.29828916579197085
2019-04-30 14:15:00,-0.4533609847616731
2019-04-30 14:18:00,-0.5084828672550543
2019-04-30 14:21:00,-0.4744111272094642
2019-04-30 14:24:00,-0.5483204500043826
2019-04-30 14:27:00,-0.49193768305116237
2019-04-30 14:30:00,-0.48895940014665484
2019-04-30 14:33:00,-0.5451607447516835
2019-04-30 14:36:00,-0.4445684513309516
2019-04-30 14:39:00,-0.5543204657967635
2019-04-30 14:42:00,-0.4616301389255568
2019-04-30 14:45:00,-0.5803006860033975
2019-04-30 14:48:00,-0.4847998691973885
2019-04-30 14:51:00,-0.5778145244255484
2019-04-30 14:54:00,-0.5618007826432745
2019-04-30 14:57:00,-0.46098546584050837
2019-04-30 15:00:00,-0.5855606444043246
2019-04-30 15:03:00,-0.5070981565866646
2019-04-30 15:06:00,-0.48310900903135234
2019-04-30 15:09:00,-0.605795924649783
2019-04-30 15:12:00,-0.5114621015129615
2019-04-30 15:15:00,-0.40886692769333877
2019-04-30 15:18:00,-0.6191788260118756
2019-04-30 15:21:00,-0.4512509782770735
2019-04-30 15:24:00,-0.4188995700391729
2019-04-30 15:27:00,-0.6026963530959506
2019-04-30 15:30:00,-0.4767472686519909
2019-04-30 15:33:00,-0.5907655817037494
2019-04-30 15:36:00,-0.554733223107462
2019-04-30 15:39:00,-0.627790511528417
2019-04-30 15:42:00,-0.5386369210009434
2019-04-30 15:45:00,-0.5306266183260959
2019-04-30 15:48:00,-0.4955041818074051
2019-04-30 15:51:00,-0.550745271535277
2019-04-30 15:54:00,-0.4347688168871855
2019-04-30 15:57:00,-0.4647319589910808
2019-04-30 16:00:00,-0.5153161403483182
2019-04-30 16:03:00,-0.4759903725840786
2019-04-30 16:06:00,-0.5684147520665306
2019-04-30 16:09:00,-0.5675883327447195
2019-04-30 16:12:00,-0.5320424880146675
2019-04-30 16:15:00,-0.4781485425589267
2019-04-30 16:18:00,-0.4584270744790615
2019-04-30 16:21:00,-0.4318523523924114
2019-04-30 16:24:00,-0.5442500542515063
2019-04-30 16:27:00,-0.4474862825388186
2019-04-30 16:30:00,-0.4771959542171089
2019-04-30 16:33:00,-0.449856060933314
2019-04-30 16:36:00,-0.4545560300075522
2019-04-30 16:39:00,-0.5202909311747135
2019-04-30 16:42:00,-0.49806771137753003
2019-04-30 16:45:00,-0.5304601073859203
2019-04-30 16:48:00,-0.3902418212159091
2019-04-30 16:51:00,-0.40871156835277134
2019-04-30 16:54:00,-0.5005940577883621
2019-04-30 16:57:00,-0.46563050694754793
2019-04-30 17:00:00,-0.4711113514298404
2019-04-30 17:03:00,-0.46474466911666923
2019-04-30 17:06:00,-0.48610146027391465
2019-04-30 17:09:00,-0.3984024144092473
2019-04-30 17:12:00,-0.328109951186093
2019-04-30 17:15:00,-0.3668211866253728
2019-04-30 17:18:00,-0.356924304905192
2019-04-30 17:21:00,-0.4768414666171452
2019-04-30 17:24:00,-0.4939765790745696
2019-04-30 17:27:00,-0.3943003421034632
2019-04-30 17:30:00,-0.3981253717145705
2019-04-30 17:33:00,-0.40854749185598394
2019-04-30 17:36:00,-0.3193036008144645
2019-04-30 17:39:00,-0.4444502512447457
2019-04-30 17:42:00,-0.31056076057200244
2019-04-30 17:45:00,-0.26804457777097923
2019-04-30 17:48:00,-0.4740639458941587
2019-04-30 17:51:00,-0.4743703446536074
2019-04-30 17:54:00,-0.39400113661082514
2019-04-30 17:57:00,-0.4110749444121211
2019-04-30 18:00:00,-0.375458650582118
2019-04-30 18:03:00,-0.3561078086092948
2019-04-30 18:06:00,-0.3482213457717762
2019-04-30 18:09:00,-0.3641179071022407
2019-04-30 18:12:00,-0.3611837674544063
2019-04-30 18:15:00,-0.3265260213524357
2019-04-30 18:18:00,-0.16025542428741346
2019-04-30 18:21:00,-0.21057814102101702
2019-04-30 18:24:00,-0.1883853941679945
2019-04-30 18:27:00,-0.23678567174096088
2019-04-30 18:30:00,-0.14335340354716664
2019-04-30 18:33:00,-0.15706398263091614
2019-04-30 18:36:00,-0.09936174313645552
2019-04-30 18:39:00,-0.07669686027497846
2019-04-30 18:42:00,-0.17423191630609836
2019-04-30 18:45:00,-0.07980453168084978
2019-04-30 18:48:00,-0.09153781036366127
2019-04-30 18:51:00,-0.03980590444871268
2019-04-30 18:54:00,
2019-04-30 18:57:00,
2019-04-30 19:00:00,
2019-04-30 19:03:00,-0.11414290142948857
2019-04-30 19:06:00,-0.10623264374686414
2019-04-30 19:09:00,-0.1433405478371128
2019-04-30 19:12:00,-0.11241701062994025
2019-04-30 19:15:00,-0.022683445256404866
2019-04-30 19:18:00,-0.04215422136047664
2019-04-30 19:21:00,-0.0848156279926684
2019-04-30 19:24:00,0.022190770387339853
2019-04-30 19:27:00,-0.00688938057805899
2019-04-30 19:30:00,0.01322563680815847
2019-04-30 19:33:00,0.00829272647132484
2019-04-30 19:36:00,-0.044111332945476533
2019-04-30 19:39:00,-0.08623888162742332
2019-04-30 19:42:00,-0.08133990649446332
2019-04-30 19:45:00,-0.01007340772724774
2019-04-30 19:48:00,0.03687812687900305
2019-04-30 19:51:00,-0.05129914386611745
2019-04-30 19:54:00,0.010333583663111767
2019-04-30 19:57:00,0.004750461387232008
2019-04-30 20:00:00,-0.022021815666789735
2019-04-30 20:03:00,-0.06923760665739565
2019-04-30 20:06:00,-0.12421026376506461
2019-04-30 20:09:00,-0.09103913103706418
2019-04-30 20:12:00,-0.007280307624171201
2019-04-30 20:15:00,0.04164903298033096
2019-04-30 20:18:00,0.04834533822673848
2019-04-30 20:21:00,0.04112126104064373
2019-04-30 20:24:00,-0.01135064996623214
2019-04-30 20:27:00,-0.037788236868891545
2019-04-30 20:30:00,0.07158961997117785
2019-04-30 20:33:00,0.018347675750646886
2019-04-30 20:36:00,0.04275322805352744
2019-04-30 20:39:00,0.15034542988979638
2019-04-30 20:42:00,0.12532057619915804
2019-04-30 20:45:00,0.12425235593957495
2019-04-30 20:48:00,0.20330411546700589
2019-04-30 20:51:00,0.10978844393611098
2019-04-30 20:54:00,0.1442648408424816
2019-04-30 20:57:00,0.17700182673439713
2019-04-30 21:00:00,-0.004170511570293911
2019-04-30 21:03:00,0.033158042427146484
2019-04-30 21:06:00,0.0504237912600729
2019-04-30 21:09:00,0.16013704368543813
2019-04-30 21:12:00,0.1432630256529137
2019-04-30 21:15:00,0.1558577530877301
2019-04-30 21:18:00,0.15347553523946544
2019-04-30 21:21:00,0.14396794072064267
2019-04-30 21:24:00,0.21465919302733028
2019-04-30 21:27:00,0.07141030227109013
2019-04-30 21:30:00,0.16382026414407846
2019-04-30 21:33:00,0.14482350387919496
2019-04-30 21:36:00,0.11422428244901539
2019-04-30 21:39:00,0.20747167710061376
2019-04-30 21:42:00,0.11768900679862782
2019-04-30 21:45:00,0.25469432495157207
2019-04-30 21:48:00,0.11282320810192914
2019-04-30 21:51:00,0.1701142417886672
2019-04-30 21:54:00,0.1866685275977602
2019-04-30 21:57:00,0.08258579434090052
2019-04-30 22:00:00,0.13518338430759513
2019-04-30 22:03:00,0.175851258920261
2019-04-30 22:06:00,0.12002639932489956
2019-04-30 22:09:00,0.0868255746485147
2019-04-30 22:12:00,0.14992421148554058
2019-04-30 22:15:00,-0.013177195200569258
2019-04-30 22:18:00,0.11966068236654337
2019-04-30 22:21:00,0.045171148732606525
2019-04-30 22:24:00,0.05671842164554164
2019-04-30 22:27:00,0.157935217167676
2019-04-30 22:30:00,0.1436889199185316
2019-04-30 22:33:00,0.1335409704219046
2019-04-30 22:36:00,0.2129923515885821
2019-04-30 22:39:00,0.19577259725838303
2019-04-30 22:42:00,0.2512617564350421
2019-04-30 22:45:00,0.2506731508274811
2019-04-30 22:48:00,0.18867808351353688
2019-04-30 22:51:00,0.2015682565562429
2019-04-30 22:54:00,0.0683508617647135
2019-04-30 22:57:00,0.2573904129627067
2019-04-30 23:00:00,0.15880944626115934
2019-04-30 23:03:00,0.2257722454860982
2019-04-30 23:06:00,0.11518697353261587
2019-04-30 23:09:00,0.10291615248297603
2019-04-30 23:12:00,0.05735838454370423
2019-04-30 23:15:00,0.11797987716335001
2019-04-30 23:18:00,0.25448590953840267
2019-04-30 23:21:00,0.18589557973257342
2019-04-30 23:24:00,0.1776436173656748
2019-04-30 23:27:00,0.1737879034030243
2019-04-30 23:30:00,0.2297053642490141
2019-04-30 23:33:00,0.23910896833041306
2019-04-30 23:36:00,0.1325100427324628
2019-04-30 23:39:00,0.014963916671831612
2019-04-30 23:42:00,0.12974304994605745
2019-04-30 23:45:00,0.08252647318289519
2019-04-30 23:48:00,0.17713003342117872
2019-04-30 23:51:00,0.16990601135995576
2019-04-30 23:54:00,0.25485775600145644
2019-04-30 23:57:00,0.13569542489307196
2019-05-01 00:00:00,0.1529593945834904
2019-05-01 00:03:00,0.20330480940845064
2019-05-01 00:06:00,0.17631401848427686
2019-05-01 00:09:00,0.15492718338560962
2019-05-01 00:12:00,0.18495279195644798
2019-05-01 00:15:00,0.1350172521188142
2019-05-01 00:18:00,0.14128752926472998
2019-05-01 00:21:00,0.16286506001335965
2019-05-01 00:24:00,0.1852468403420744
2019-05-01 00:27:00,0.12099460416595775
2019-05-01 00:30:00,0.14880715802377154
2019-05-01 00:33:00,0.16080271781186184
2019-05-01 00:36:00,0.2291230454691231
2019-05-01 00:39:00,0.12091887054936024
2019-05-01 00:42:00,0.17001637529165237
2019-05-01 00:45:00,0.12984316853459177
2019-05-01 00:48:00,0.18823825254048643
2019-05-01 00:51:00,0.17069734560510597
2019-05-01 00:54:00,0.1517438506713802
2019-05-01 00:57:00,0.2092092940277439
2019-05-01 01:00:00,0.16731628509921848
2019-05-01 01:03:00,0.2491342191413537
2019-05-01 01:06:00,0.10987710119206895
2019-05-01 01:09:00,0.20189381862957134
2019-05-01 01:12:00,0.17631194068388822
2019-05-01 01:15:00,0.14586464600068894
2019-05-01 01:18:00,0.18824838044344006
2019-05-01 01:21:00,0.19062608264755454
2019-05-01 01:24:00,0.1776267984944866
2019-05-01 01:27:00,0.1957939599703309
2019-05-01 01:30:00,0.20896424831886407
2019-05-01 01:33:00,0.14833191798754797
2019-05-01 01:36:00,0.12803604250018452
2019-05-01 01:39:00,0.22763510312194057
2019-05-01 01:42:00,0.2111885632020858
2019-05-01 01:45:00,0.2581698766406362
2019-05-01 01:48:00,0.23705851541899392
2019-05-01 01:51:00,0.24660988567296727
2019-05-01 01:54:00,0.22184894129730992
2019-05-01 01:57:00,0.23149229658963577
2019-05-01 02:00:00,0.22678229530498584
2019-05-01 02:03:00,0.20666343318470126
2019-05-01 02:06:00,0.35786704426965343
2019-05-01 02:09:00,0.1924777369526396
2019-05-01 02:12:00,0.3520048254439416
2019-05-01 02:15:00,0.25299018741395685
2019-05-01 02:18:00,0.2196748048511381
2019-05-01 02:21:00,0.29350174871808576
2019-05-01 02:24:00,0.24425949266452562
2019-05-01 02:27:00,0.29970205758456814
2019-05-01 02:30:00,0.18706757372956417
2019-05-01 02:33:00,0.23931291667037158
2019-05-01 02:36:00,0.21104504773148847
2019-05-01 02:39:00,0.32740292051084907
2019-05-01 02:42:00,0.28097126240948
2019-05-01 02:45:00,0.22266039337415577
2019-05-01 02:48:00,0.252556019632209
2019-05-01 02:51:00,0.2492772970911119
2019-05-01 02:54:00,0.2938852164193122
2019-05-01 02:57:00,0.220824439960154
2019-05-01 03:00:00,0.21064044810077576
2019-05-01 03:03:00,0.30404450386924964
2019-05-01 03:06:00,0.3073923346485117
2019-05-01 03:09:00,0.286311740964436
2019-05-01 03:12:00,0.338596316890289
2019-05-01 03:15:00,0.44574899248613065
2019-05-01 03:18:00,0.3997013595003409
2019-05-01 03:21:00,0.297880291444244
2019-05-01 03:24:00,0.2698884908846253
2019-05-01 03:27:00,0.35741687690398294
2019-05-01 03:30:00,0.2950941464382595
2019-05-01 03:33:00,0.38974071876742755
2019-05-01 03:36:00,0.29722171471706815
2019-05-01 03:39:00,0.23111277185972767
2019-05-01 03:42:00,0.3318741119417723
2019-05-01 03:45:00,0.3805884404454787
2019-05-01 03:48:00,0.4016786112421187
2019-05-01 03:51:00,0.27275142635556904
2019-05-01 03:54:00,0.2806366539402916
2019-05-01 03:57:00,0.3739647705083371
2019-05-01 04:00:00,0.39744393488365404
2019-05-01 04:03:00,0.3583602448525198
2019-05-01 04:06:00,0.35136243910994835
2019-05-01 04:09:00,0.37407993701521036
2019-05-01 04:12:00,0.3563081738050755
2019-05-01 04:15:00,0.30418079903574835
2019-05-01 04:18:00,0.3394828859662198
2019-05-01 04:21:00,0.36470503280787625
2019-05-01 04:24:00,0.3571523350862549
2019-05-01 04:27:00,0.26642336621171125
2019-05-01 04:30:00,0.38019747234415036
2019-05-01 04:33:00,0.4074011345219901
2019-05-01 04:36:00,0.39441294432896257
2019-05-01 04:39:00,0.3574533256223731
2019-05-01 04:42:00,0.38407306299677657
2019-05-01 04:45:00,0.271618701778209
2019-05-01 04:48:00,0.34718022813956395
2019-05-01 04:51:00,0.20901001036105527
2019-05-01 04:54:00,0.33327396461533
2019-05-01 04:57:00,0.38703679462054197
2019-05-01 05:00:00,0.36707957167442373
2019-05-01 05:03:00,0.37183646420692185
2019-05-01 05:06:00,0.41534184473107416
2019-05-01 05:09:00,0.36245925653702216
2019-05-01 05:12:00,0.3926332415963998
2019-05-01 05:15:00,0.454504284495556
2019-05-01 05:18:00,0.36913278245026504
2019-05-01 05:21:00,0.4468220597142931
2019-05-01 05:24:00,0.4877598454592089
2019-05-01 05:27:00,0.3285848991942544
2019-05-01 05:30:00,0.38704247480342246
2019-05-01 05:33:00,0.38654634532292675
2019-05-01 05:36:00,0.3695722849330423
2019-05-01 05:39:00,0.4557583993732237
2019-05-01 05:42:00,0.3989552979352311
2019-05-01 05:45:00,0.3634801748053178
2019-05-01 05:48:00,0.3998699220973094
2019-05-01 05:51:00,0.38843923551746684
2019-05-01 05:54:00,0.4274875691305624
2019-05-01 05:57:00,0.5422386516279403
2019-05-01 06:00:00,0.353414509045308
2019-05-01 06:03:00,0.4300634781453141
2019-05-01 06:06:00,0.4839543913954003
2019-05-01 06:09:00,0.40024464248500635
2019-05-01 06:12:00,0.400031246968922
2019-05-01 06:15:00,0.391192224430597
2019-05-01 06:18:00,0.38248569729699966
2019-05-01 06:21:00,0.3818203596571266
2019-05-01 06:24:00,0.41533167806449
2019-05-01 06:27:00,0.47674307481668166
2019-05-01 06:30:00,0.46369371119845937
2019-05-01 06:33:00,0.3884737772860376
2019-05-01 06:36:00,0.42536429601904047
2019-05-01 06:39:00,0.4041235215705683
2019-05-01 06:42:00,0.4738906214065537
2019-05-01 06:45:00,0.514180045008402
2019-05-01 06:48:00,0.3921646438978428
2019-05-01 06:51:00,0.4939498508479687
2019-05-01 06:54:00,0.4951283344088324
2019-05-01 06:57:00,0.4041888666648674
2019-05-01 07:00:00,0.43010110345750263
2019-05-01 07:03:00,0.5087255471925118
2019-05-01 07:06:00,0.43215784520481293
2019-05-01 07:09:00,0.4559430944684095
2019-05-01 07:12:00,0.5082156079926108
2019-05-01 07:15:00,0.50064707394165
2019-05-01 07:18:00,0.47253941779183606
2019-05-01 07:21:00,0.46260558951308894
2019-05-01 07:24:00,0.4638693219206971
2019-05-01 07:27:00,0.42019338892242786
2019-05-01 07:30:00,0.40232018197417574
2019-05-01 07:33:00,0.3903409359866714
2019-05-01 07:36:00,0.3686068630423165
2019-05-01 07:39:00,0.4739032687130589
2019-05-01 07:42:00,0.4277974934946087
2019-05-01 07:45:00,0.3906946334071222
2019-05-01 07:48:00,0.46459535979425937
2019-05-01 07:51:00,0.425219192414545
2019-05-01 07:54:00,0.3927250570527008
2019-05-01 07:57:00,0.341240143058144
2019-05-01 08:00:00,0.2968801218476642
2019-05-01 08:03:00,0.3716860654617449
2019-05-01 08:06:00,0.30930905283105403
2019-05-01 08:09:00,0.2668099893373892
2019-05-01 08:12:00,0.27751512455733973
2019-05-01 08:15:00,0.24373097803328392
2019-05-01 08:18:00,0.14646038171400733
2019-05-01 08:21:00,0.1277323641120347
2019-05-01 08:24:00,0.17481963212634355
2019-05-01 08:27:00,0.2520294208742939
2019-05-01 08:30:00,0.26708038675258194
2019-05-01 08:33:00,0.1640184975763077
2019-05-01 08:36:00,0.19561899127273819
2019-05-01 08:39:00,0.08764414335695392
2019-05-01 08:42:00,0.01702958026919532
2019-05-01 08:45:00,0.03949319944706531
2019-05-01 08:48:00,0.03855350754315623
2019-05-01 08:51:00,0.035975509349157164
2019-05-01 08:54:00,0.09902644268453287
2019-05-01 08:57:00,0.01588608116873047
2019-05-01 09:00:00,0.020658392944937987
2019-05-01 09:03:00,0.022882554467457794
2019-05-01 09:06:00,-0.0756697182652033
2019-05-01 09:09:00,-0.04914112621241884
2019-05-01 09:12:00,-0.007166442635138992
2019-05-01 09:15:00,0.019251056441817127
2019-05-01 09:18:00,-0.05525707781049505
2019-05-01 09:21:00,-0.025768918426308574
2019-05-01 09:24:00,-0.02173820137926441
2019-05-01 09:27:00,-0.10554710990976446
2019-05-01 09:30:00,-0.0064466063810186824
2019-05-01 09:33:00,-0.1020051709884342
2019-05-01 09:36:00,-0.06455105506393011
2019-05-01 09:39:00,-0.035498059290944184
2019-05-01 09:42:00,-0.14500925934311226
2019-05-01 09:45:00,-0.044717662038408434
2019-05-01 09:48:00,-0.13190612558526027
2019-05-01 09:51:00,-0.06350797219062088
2019-05-01 09:54:00,-0.04167168425414047
2019-05-01 09:57:00,-0.16459938776944227
2019-05-01 10:00:00,-0.033416877093429775
2019-05-01 10:03:00,-0.126883723214803
2019-05-01 10:06:00,-0.06775142963039116
2019-05-01 10:09:00,-0.17977087806781356
2019-05-01 10:12:00,-0.10344682372402758
2019-05-01 10:15:00,-0.13924225510061206
2019-05-01 10:18:00,-0.12657597822908428
2019-05-01 10:21:00,-0.21476711699307316
2019-05-01 10:24:00,-0.11575210780387124
2019-05-01 10:27:00,-0.14912832700025547
2019-05-01 10:30:00,-0.10375231196519508
2019-05-01 10:33:00,-0.1477184734787329
2019-05-01 10:36:00,-0.2200051560169527
2019-05-01 10:39:00,-0.1606109284347781
2019-05-01 10:42:00,-0.22200601109312856
2019-05-01 10:45:00,-0.15415711501765372
2019-05-01 10:48:00,-0.15409452548840363
2019-05-01 10:51:00,-0.25026479625563525
2019-05-01 10:54:00,-0.18655282540692042
2019-05-01 10:57:00,-0.3034198860603965
2019-05-01 11:00:00,-0.28184282209258527
2019-05-01 11:03:00,-0.23872030310087666
2019-05-01 11:06:00,-0.2851193980574749
2019-05-01 11:09:00,-0.3190444887297872
2019-05-01 11:12:00,-0.2738659693107479
2019-05-01 11:15:00,-0.2667825036529621
2019-05-01 11:18:00,-0.2685879961280193
2019-05-01 11:21:00,-0.3133195382552003
2019-05-01 11:24:00,-0.20172044445530446
2019-05-01 11:27:00,-0.2260286680962622
2019-05-01 11:30:00,-0.2726331517830545
2019-05-01 11:33:00,-0.39655042927375916
2019-05-01 11:36:00,-0.27409392328382864
2019-05-01 11:39:00,-0.29744977293927377
2019-05-01 11:42:00,-0.3373744650881463
2019-05-01 11:45:00,-0.3550493503926191
2019-05-01 11:48:00,-0.3345024226238138
2019-05-01 11:51:00,-0.3762400720765413
2019-05-01 11:54:00,-0.27906065645248646
2019-05-01 11:57:00,-0.3304488408136308
2019-05-01 12:00:00,-0.2374412756644233
2019-05-01 12:03:00,-0.35497885945693497
2019-05-01 12:06:00,-0.26806576085715506
2019-05-01 12:09:00,-0.3355238775063185
2019-05-01 12:12:00,-0.20087415452252344
2019-05-01 12:15:00,-0.3081441441261177
2019-05-01 12:18:00,-0.2961503641942045
2019-05-01 12:21:00,-0.4487903272980134
2019-05-01 12:24:00,-0.4097879769071824
2019-05-01 12:27:00,-0.5456038332285402
2019-05-01 12:30:00,-0.5397519914669715
2019-05-01 12:33:00,-0.4997884902612668
2019-05-01 12:36:00,-0.3795817170572491
2019-05-01 12:39:00,-0.3833762502133595
2019-05-01 12:42:00,-0.4310460448411959
2019-05-01 12:45:00,-0.3541821018825999
2019-05-01 12:48:00,-0.3915895462009189
2019-05-01 12:51:00,-0.38986299361960164
2019-05-01 12:54:00,-0.467355238039147
2019-05-01 12:57:00,-0.29579344391720497
2019-05-01 13:00:00,-0.34729121118277817
2019-05-01 13:03:00,-0.4678665062988898
2019-05-01 13:06:00,-0.3750035331789263
2019-05-01 13:09:00,-0.26790787598719135
2019-05-01 13:12:00,-0.3095420854351687
2019-05-01 13:15:00,-0.32771426027346706
2019-05-01 13:18:00,-0.32381717214622086
2019-05-01 13:21:00,-0.3784094451073088
2019-05-01 13:24:00,-0.3502633288939023
2019-05-01 13:27:00,-0.3614844721570307
2019-05-01 13:30:00,-0.3817373303151612
2019-05-01 13:33:00,-0.20904462426113923
2019-05-01 13:36:00,-0.48565780830216454
2019-05-01 13:39:00,-0.3404891169553821
2019-05-01 13:42:00,-0.4523031180108319
2019-05-01 13:45:00,-0.46444336926583674
2019-05-01 13:48:00,-0.30235082577058847
2019-05-01 13:51:00,-0.45328394235986025
2019-05-01 13:54:00,-0.5049485798822388
2019-05-01 13:57:00,-0.469268320506842
2019-05-01 14:00:00,-0.4267528688602624
2019-05-01 14:03:00,-0.4775199591234127
2019-05-01 14:06:00,-0.46072310162827534
2019-05-01 14:09:00,-0.6319648095252433
2019-05-01 14:12:00,-0.4576843107917057
2019-05-01 14:15:00,-0.3957505351800137
2019-05-01 14:18:00,-0.5224373870677823
2019-05-01 14:21:00,-0.47974213080232175
2019-05-01 14:24:00,-0.437342421057906
2019-05-01 14:27:00,-0.45198775642910505
2019-05-01 14:30:00,-0.32053337511621294
2019-05-01 14:33:00,-0.3246945045692655
2019-05-01 14:36:00,-0.367004857118161
2019-05-01 14:39:00,-0.32997074221748335
2019-05-01 14:42:00,-0.287066160899883
2019-05-01 14:45:00,-0.17335896196641443
2019-05-01 14:48:00,-0.24864335811150795
2019-05-01 14:51:00,-0.2574452047434761
2019-05-01 14:54:00,-0.275653605575485
2019-05-01 14:57:00,-0.3046078329657007
2019-05-01 15:00:00,-0.2960012741559126
2019-05-01 15:03:00,-0.2469065098248393
2019-05-01 15:06:00,-0.3678453333038192
2019-05-01 15:09:00,-0.27450495731835645
2019-05-01 15:12:00,-0.2908056784501696
2019-05-01 15:15:00,-0.31264153935802597
2019-05-01 15:18:00,-0.2968530353849701
2019-05-01 15:21:00,-0.3584503352231536
2019-05-01 15:24:00,-0.2639721926215657
2019-05-01 15:27:00,-0.4070428261001666
2019-05-01 15:30:00,-0.32984222034059485
2019-05-01 15:33:00,-0.3117293100156644
2019-05-01 15:36:00,-0.3467106557485522
2019-05-01 15:39:00,-0.35072678721951434
2019-05-01 15:42:00,-0.27733391828229514
2019-05-01 15:45:00,-0.4955535790140857
2019-05-01 15:48:00,-0.4067426012137503
2019-05-01 15:51:00,-0.4115559290482338
2019-05-01 15:54:00,-0.4142965611849263
2019-05-01 15:57:00,-0.45956645862611367
2019-05-01 16:00:00,-0.39739338974186467
2019-05-01 16:03:00,-0.4626860152780523
2019-05-01 16:06:00,-0.4168235232689881
2019-05-01 16:09:00,-0.5277593988560625
2019-05-01 16:12:00,-0.4799098205472774
2019-05-01 16:15:00,-0.4614898168214836
2019-05-01 16:18:00,-0.510617867679457
2019-05-01 16:21:00,-0.39687473332423906
2019-05-01 16:24:00,-0.42120196574114743
2019-05-01 16:27:00,-0.44600934205908516
2019-05-01 16:30:00,-0.5158521687489497
2019-05-01 16:33:00,-0.350067533250467
2019-05-01 16:36:00,-0.4502425612406
2019-05-01 16:39:00,-0.4651804540367266
2019-05-01 16:42:00,-0.39435318834370037
2019-05-01 16:45:00,-0.38269270836121905
2019-05-01 16:48:00,-0.48633943346129627
2019-05-01 16:51:00,-0.44402493543901755
2019-05-01 16:54:00,-0.45760989510023364
2019-05-01 16:57:00,-0.37967079443990315
2019-05-01 17:00:00,-0.39934440847036967
2019-05-01 17:03:00,-0.37719558922168517
2019-05-01 17:06:00,-0.42474918388893457
2019-05-01 17:09:00,-0.32952457750195663
2019-05-01 17:12:00,-0.33944198208286025
2019-05-01 17:15:00,-0.3008607891047177
2019-05-01 17:18:00,-0.28331666149290413
2019-05-01 17:21:00,-0.25607300450030834
2019-05-01 17:24:00,-0.3465590137346908
2019-05-01 17:27:00,-0.1758827388553641
2019-05-01 17:30:00,-0.30647802241969657
2019-05-01 17:33:00,-0.297633823908086
2019-05-01 17:36:00,-0.29930990559313386
2019-05-01 17:39:00,-0.26616189782276933
2019-05-01 17:42:00,-0.23308351693196983
2019-05-01 17:45:00,-0.145553450596708
2019-05-01 17:48:00,-0.12886317336381126
2019-05-01 17:51:00,-0.16646156880347007
2019-05-01 17:54:00,-0.14108484828454948
2019-05-01 17:57:00,-0.1863815415729846
2019-05-01 18:00:00,-0.20489859830570367
2019-05-01 18:03:00,-0.13809086486503475
2019-05-01 18:06:00,-0.09588842213753423
2019-05-01 18:09:00,-0.17176147774341644
2019-05-01 18:12:00,-0.19126516828794138
2019-05-01 18:15:00,-0.18533458144446513
2019-05-01 18:18:00,-0.1792065309734312
2019-05-01 18:21:00,-0.18990851561324007
2019-05-01 18:24:00,-0.10274462629837444
2019-05-01 18:27:00,-0.16070533140822363
2019-05-01 18:30:00,-0.16428076146513604
2019-05-01 18:33:00,-0.16558201308907883
2019-05-01 18:36:00,-0.23580478958791673
2019-05-01 18:39:00,-0.20646327151683863
2019-05-01 18:42:00,-0.1898577145684044
2019-05-01 18:45:00,-0.1320454110831406
2019-05-01 18:48:00,-0.16706559110565422
2019-05-01 18:51:00,-0.11574529739033323
2019-05-01 18:54:00,
2019-05-01 18:57:00,
2019-05-01 19:00:00,
2019-05-01 19:03:00,-0.051753145746715745
2019-05-01 19:06:00,-0.08823525685187406
2019-05-01 19:09:00,-0.060571353572015596
2019-05-01 19:12:00,-0.18543878301886707
2019-05-01 19:15:00,-0.04393936893558248
2019-05-01 19:18:00,-0.1388789774656516
2019-05-01 19:21:00,-0.15465288595169113
2019-05-01 19:24:00,-0.11954048627745806
2019-05-01 19:27:00,-0.17277306574482054
2019-05-01 19:30:00,-0.10480138171402587
2019-05-01 19:33:00,-0.18218238480238824
2019-05-01 19:36:00,-0.06264578940454157
2019-05-01 19:39:00,-0.043594748401687866
2019-05-01 19:42:00,-0.05244383591735868
2019-05-01 19:45:00,-0.008354624845026137
2019-05-01 19:48:00,-0.07954976449980222
2019-05-01 19:51:00,-0.09482736634731737
2019-05-01 19:54:00,-0.08980568088350083
2019-05-01 19:57:00,-0.03851928196957033
2019-05-01 20:00:00,-0.15148502056899815
2019-05-01 20:03:00,-0.07290026195272503
2019-05-01 20:06:00,-0.15357473833341828
2019-05-01 20:09:00,-0.10282816650976656
2019-05-01 20:12:00,-0.2029101914880016
2019-05-01 20:15:00,0.003009133722628121
2019-05-01 20:18:00,-0.08749067403311983
2019-05-01 20:21:00,-0.18261612950641393
2019-05-01 20:24:00,-0.17230322173270451
2019-05-01 20:27:00,-0.06973150256510507
2019-05-01 20:30:00,-0.05787421382245839
2019-05-01 20:33:00,-0.14832603234248154
2019-05-01 20:36:00,-0.09542008363700916
2019-05-01 20:39:00,0.04782071152754952
2019-05-01 20:42:00,-0.005717690688072707
2019-05-01 20:45:00,-0.0014656191678454888
2019-05-01 20:48:00,0.062105947168390685
2019-05-01 20:51:00,-0.09984342705200788
2019-05-01 20:54:00,-0.03152501663288376
2019-05-01 20:57:00,-0.09941957944295154
2019-05-01 21:00:00,-0.07007281844994395
2019-05-01 21:03:00,-0.0808606170726307
2019-05-01 21:06:00,-0.06498691427225367
2019-05-01 21:09:00,-0.07142526518106251
2019-05-01 21:12:00,-0.031122543375829537
2019-05-01 21:15:00,-0.08043956735861002
2019-05-01 21:18:00,-0.15731449498844086
2019-05-01 21:21:00,-0.008956017488912948
2019-05-01 21:24:00,-0.10128949236798235
2019-05-01 21:27:00,-0.10591488744000799
2019-05-01 21:30:00,-0.009036468172610057
2019-05-01 21:33:00,-0.05423131578470475
2019-05-01 21:36:00,-0.11749398444686676
2019-05-01 21:39:00,-0.0668572048928695
2019-05-01 21:42:00,-0.04045211094853585
2019-05-01 21:45:00,-0.04138609633997703
2019-05-01 21:48:00,0.0019988009960343334
2019-05-01 21:51:00,-0.04426356161229705
2019-05-01 21:54:00,0.016181929592619326
2019-05-01 21:57:00,-0.024393754493928554
2019-05-01 22:00:00,-0.06997209737488674
2019-05-01 22:03:00,0.07985871122139088
2019-05-01 22:06:00,0.0024792219570031193
2019-05-01 22:09:00,0.06581386333732553
2019-05-01 22:12:00,-0.03076570973877324
2019-05-01 22:15:00,0.03890153762870341
2019-05-01 22:18:00,0.08771044111512083
2019-05-01 22:21:00,0.10540425519388918
2019-05-01 22:24:00,0.15284693669929084
2019-05-01 22:27:00,0.14801168192695968
2019-05-01 22:30:00,0.08372697956974662
2019-05-01 22:33:00,0.059102979341844275
2019-05-01 22:36:00,0.10684843438446023
2019-05-01 22:39:00,0.09587765438931228
2019-05-01 22:42:00,0.09491121754444976
2019-05-01 22:45:00,0.11046304213010671
2019-05-01 22:48:00,0.16450525050106535
2019-05-01 22:51:00,0.10052969831997416
2019-05-01 22:54:00,0.058630176047074656
2019-05-01 22:57:00,0.09850375616179008
2019-05-01 23:00:00,0.07298708541765109
2019-05-01 23:03:00,0.07651506426145716
2019-05-01 23:06:00,0.11377545422647017
2019-05-01 23:09:00,0.08968564424560554
2019-05-01 23:12:00,0.2039652092192341
2019-05-01 23:15:00,0.01597263198652854
2019-05-01 23:18:00,0.11842812951653059
2019-05-01 23:21:00,0.06989840479405984
2019-05-01 23:24:00,0.011326883598599125
2019-05-01 23:27:00,0.1881350397445658
2019-05-01 23:30:00,0.10114783963979335
2019-05-01 23:33:00,0.11217947119428118
2019-05-01 23:36:00,0.1097320125241481
2019-05-01 23:39:00,0.033404504721715966
2019-05-01 23:42:00,0.11190093238019472
2019-05-01 23:45:00,0.15182750139194923
2019-05-01 23:48:00,0.13715968233140075
2019-05-01 23:51:00,0.12351299456662446
2019-05-01 23:54:00,0.15881428970737943
2019-05-01 23:57:00,0.13968937052669617
2019-05-02 00:00:00,0.004879603834979207
2019-05-02 00:03:00,0.14224607581854798
2019-05-02 00:06:00,0.014242895553479684
2019-05-02 00:09:00,0.07654324864654427
2019-05-02 00:12:00,0.1913973754978997
2019-05-02 00:15:00,0.09019763806992387
2019-05-02 00:18:00,0.03820103527897345
2019-05-02 00:21:00,0.09419711848255474
2019-05-02 00:24:00,0.17516738246439445
2019-05-02 00:27:00,0.11770088382297672
2019-05-02 00:30:00,0.1749647440316835
2019-05-02 00:33:00,0.17596838269281534
2019-05-02 00:36:00,0.12306060042840272
2019-05-02 00:39:00,0.19820381629472195
2019-05-02 00:42:00,0.2143714583535825
2019-05-02 00:45:00,0.11537361308944583
2019-05-02 00:48:00,0.17465803880207886
2019-05-02 00:51:00,0.15411234148899666
2019-05-02 00:54:00,0.20428397561585143
2019-05-02 00:57:00,0.14443320056091125
2019-05-02 01:00:00,0.25661828006963106
2019-05-02 01:03:00,0.17625376062505893
2019-05-02 01:06:00,0.18216845276180038
2019-05-02 01:09:00,0.09073442980280788
2019-05-02 01:12:00,0.1997388325683005
2019-05-02 01:15:00,0.19144257498538764
2019-05-02 01:18:00,0.18625850598198213
2019-05-02 01:21:00,0.14051281096726598
2019-05-02 01:24:00,0.16653175274632304
2019-05-02 01:27:00,0.36692020674132664
2019-05-02 01:30:00,0.20976271376429168
2019-05-02 01:33:00,0.135056328335736
2019-05-02 01:36:00,0.21124647787928552
2019-05-02 01:39:00,0.30301621039916427
2019-05-02 01:42:00,0.16693033188727213
2019-05-02 01:45:00,0.21524009972421254
2019-05-02 01:48:00,0.1446398788708052
2019-05-02 01:51:00,0.1601492077994635
2019-05-02 01:54:00,0.14709618586630313
2019-05-02 01:57:00,0.22108845206065553
2019-05-02 02:00:00,0.23807862486364684
2019-05-02 02:03:00,0.21641017194019696
2019-05-02 02:06:00,0.20919092903307046
2019-05-02 02:09:00,0.1405418023609286
2019-05-02 02:12:00,0.36847899189888267
2019-05-02 02:15:00,0.2219316964046243
2019-05-02 02:18:00,0.3263407872231028
2019-05-02 02:21:00,0.2001846730146326
2019-05-02 02:24:00,0.1931170145740566
2019-05-02 02:27:00,0.15098570330241046
2019-05-02 02:30:00,0.2580915711218381
2019-05-02 02:33:00,0.2995429596612098
2019-05-02 02:36:00,0.2821150266522068
2019-05-02 02:39:00,0.19603602318346702
2019-05-02 02:42:00,0.16706113941137346
2019-05-02 02:45:00,0.22925573933662236
2019-05-02 02:48:00,0.23925552991602217
2019-05-02 02:51:00,0.21271213348552465
2019-05-02 02:54:00,0.2976308170008224
2019-05-02 02:57:00,0.272554735119229
2019-05-02 03:00:00,0.21632357044290984
2019-05-02 03:03:00,0.23934350366562285
2019-05-02 03:06:00,0.22514310923361336
2019-05-02 03:09:00,0.2564306953390769
2019-05-02 03:12:00,0.20585512146567453
2019-05-02 03:15:00,0.13104015977393146
2019-05-02 03:18:00,0.25585031394325597
2019-05-02 03:21:00,0.22270094239098626
2019-05-02 03:24:00,0.17564993978527355
2019-05-02 03:27:00,0.2142618290870928
2019-05-02 03:30:00,0.32020210871354493
2019-05-02 03:33:00,0.213520299266861
2019-05-02 03:36:00,0.2597471707973682
2019-05-02 03:39:00,0.2772308779488526
2019-05-02 03:42:00,0.19802616401346995
2019-05-02 03:45:00,0.28428482276046907
2019-05-02 03:48:00,0.3081155138320355
2019-05-02 03:51:00,0.25295664532751516
2019-05-02 03:54:00,0.4284742260047665
2019-05-02 03:57:00,0.24391395578749098
2019-05-02 04:00:00,0.3276549857180271
2019-05-02 04:03:00,0.2923342077201596
2019-05-02 04:06:00,0.33456215440293136
2019-05-02 04:09:00,0.3031602770976747
2019-05-02 04:12:00,0.33811722861298676
2019-05-02 04:15:00,0.20578179488779824
2019-05-02 04:18:00,0.2918039993859338
2019-05-02 04:21:00,0.23240391278244488
2019-05-02 04:24:00,0.3140284762934016
2019-05-02 04:27:00,0.24990851027911276
2019-05-02 04:30:00,0.21125719370718343
2019-05-02 04:33:00,0.42703282387662966
2019-05-02 04:36:00,0.3977972935769003
2019-05-02 04:39:00,0.2322692682981824
2019-05-02 04:42:00,0.35374935717743483
2019-05-02 04:45:00,0.24261269386425965
2019-05-02 04:48:00,0.37948158985267355
2019-05-02 04:51:00,0.4125762613682582
2019-05-02 04:54:00,0.3424062581921703
2019-05-02 04:57:00,0.31808838859706157
2019-05-02 05:00:00,0.3799542804931093
2019-05-02 05:03:00,0.292610694433165
2019-05-02 05:06:00,0.4422210875078463
2019-05-02 05:09:00,0.3871983872372766
2019-05-02 05:12:00,0.4319733650816602
2019-05-02 05:15:00,0.32927973684513745
2019-05-02 05:18:00,0.3268815150346427
2019-05-02 05:21:00,0.32645562409049944
2019-05-02 05:24:00,0.392974075242023
2019-05-02 05:27:00,0.37935107350676844
2019-05-02 05:30:00,0.4467810081135326
2019-05-02 05:33:00,0.4156910380480099
2019-05-02 05:36:00,0.42634761029603396
2019-05-02 05:39:00,0.36090355985106726
2019-05-02 05:42:00,0.3190142372430955
2019-05-02 05:45:00,0.30449083744071004
2019-05-02 05:48:00,0.32520615145790543
2019-05-02 05:51:00,0.40747127501037994
2019-05-02 05:54:00,0.4383018184446996
2019-05-02 05:57:00,0.4056154475467224
2019-05-02 06:00:00,0.4631109002893936
2019-05-02 06:03:00,0.38661989399918184
2019-05-02 06:06:00,0.4542921981242216
2019-05-02 06:09:00,0.3704452444300159
2019-05-02 06:12:00,0.42442528213007336
2019-05-02 06:15:00,0.436969932762338
2019-05-02 06:18:00,0.375119399722621
2019-05-02 06:21:00,0.37490140199048483
2019-05-02 06:24:00,0.3122034963087117
2019-05-02 06:27:00,0.5370706955005176
2019-05-02 06:30:00,0.2851410727899406
2019-05-02 06:33:00,0.3918424690834854
2019-05-02 06:36:00,0.45012585609123335
2019-05-02 06:39:00,0.4650745508633918
2019-05-02 06:42:00,0.35655719408401865
2019-05-02 06:45:00,0.37612012788849825
2019-05-02 06:48:00,0.40113245442398693
2019-05-02 06:51:00,0.31523049400055925
2019-05-02 06:54:00,0.3715770267669427
2019-05-02 06:57:00,0.3627134069259341
2019-05-02 07:00:00,0.3787347033699575
2019-05-02 07:03:00,0.37838557190724487
2019-05-02 07:06:00,0.37400699825849415
2019-05-02 07:09:00,0.33466107011935264
2019-05-02 07:12:00,0.36948353304762804
2019-05-02 07:15:00,0.3592997625594876
2019-05-02 07:18:00,0.38031184806061447
2019-05-02 07:21:00,0.3787894408758916
2019-05-02 07:24:00,0.386268835949636
2019-05-02 07:27:00,0.43571666356996275
2019-05-02 07:30:00,0.2759563760498054
2019-05-02 07:33:00,0.274628211935692
2019-05-02 07:36:00,0.30070276946122476
2019-05-02 07:39:00,0.38732239007487124
2019-05-02 07:42:00,0.28736723673165443
2019-05-02 07:45:00,0.3281853340982366
2019-05-02 07:48:00,0.29889354302679294
2019-05-02 07:51:00,0.32041898556440174
2019-05-02 07:54:00,0.26028211316963734
2019-05-02 07:57:00,0.21274459935028744
2019-05-02 08:00:00,0.2454388933597329
2019-05-02 08:03:00,0.18725597317353504
2019-05-02 08:06:00,0.1641475496505791
2019-05-02 08:09:00,0.09647846887997957
2019-05-02 08:12:00,0.14449093193775298
2019-05-02 08:15:00,0.1935448777466604
2019-05-02 08:18:00,0.19318277443511533
2019-05-02 08:21:00,0.1245079332177852
2019-05-02 08:24:00,0.2100517804912556
2019-05-02 08:27:00,0.08389883933836018
2019-05-02 08:30:00,0.15025096708393448
2019-05-02 08:33:00,0.07301928030977933
2019-05-02 08:36:00,0.04585118111003794
2019-05-02 08:39:00,0.06785282394082515
2019-05-02 08:42:00,0.05374700140868072
2019-05-02 08:45:00,-0.0024550438263304386
2019-05-02 08:48:00,0.01259274276094402
2019-05-02 08:51:00,0.015654412682920338
2019-05-02 08:54:00,0.2012984208540729
2019-05-02 08:57:00,0.07759501362517085
2019-05-02 09:00:00,-0.034696690362693516
2019-05-02 09:03:00,0.012425160737109309
2019-05-02 09:06:00,-0.004180260689338411
2019-05-02 09:09:00,-0.051890007134261396
2019-05-02 09:12:00,0.057982983308420444
2019-05-02 09:15:00,0.027015231196685363
2019-05-02 09:18:00,-0.008411841779945917
2019-05-02 09:21:00,-0.029909265230116944
2019-05-02 09:24:00,-0.009804639227979806
2019-05-02 09:27:00,0.025375502578413034
2019-05-02 09:30:00,-0.03327218323960324
2019-05-02 09:33:00,0.042265868313222654
2019-05-02 09:36:00,-0.0726482059201885
2019-05-02 09:39:00,-0.09286091113756356
2019-05-02 09:42:00,-0.08553069099372124
2019-05-02 09:45:00,-0.16963711547009552
2019-05-02 09:48:00,-0.14460651637779165
2019-05-02 09:51:00,0.0455880357359888
2019-05-02 09:54:00,-0.08775724800068474
2019-05-02 09:57:00,-0.12136046260388866
2019-05-02 10:00:00,-0.08928079192082805
2019-05-02 10:03:00,-0.09231341266587378
2019-05-02 10:06:00,-0.09356198049016484
2019-05-02 10:09:00,-0.015167113154404888
2019-05-02 10:12:00,-0.17586085568296994
2019-05-02 10:15:00,-0.1536751198597699
2019-05-02 10:18:00,-0.1406366506968766
2019-05-02 10:21:00,-0.16342568421623582
2019-05-02 10:24:00,-0.15252066868413294
2019-05-02 10:27:00,-0.05399455031056277
2019-05-02 10:30:00,-0.2313302795427603
2019-05-02 10:33:00,-0.15797978935376022
2019-05-02 10:36:00,-0.1802286961625441
2019-05-02 10:39:00,-0.2668605574143612
2019-05-02 10:42:00,-0.19913718549389614
2019-05-02 10:45:00,-0.1399437336190772
2019-05-02 10:48:00,-0.1630464560373639
2019-05-02 10:51:00,-0.17485054742689954
2019-05-02 10:54:00,-0.19837094198391014
2019-05-02 10:57:00,-0.18815490211977703
2019-05-02 11:00:00,-0.08707416495701636
2019-05-02 11:03:00,-0.18889947952277453
2019-05-02 11:06:00,-0.16698690469286248
2019-05-02 11:09:00,-0.21131800213970564
2019-05-02 11:12:00,-0.2252245723965416
2019-05-02 11:15:00,-0.16142543984091162
2019-05-02 11:18:00,-0.303152609908409
2019-05-02 11:21:00,-0.14608112413333174
2019-05-02 11:24:00,-0.24723136856567862
2019-05-02 11:27:00,-0.24557108918412496
2019-05-02 11:30:00,-0.21671172520308346
2019-05-02 11:33:00,-0.32457626055202127
2019-05-02 11:36:00,-0.2469851809161696
2019-05-02 11:39:00,-0.2967787315096757
2019-05-02 11:42:00,-0.3427773620202288
2019-05-02 11:45:00,-0.226580419076015
2019-05-02 11:48:00,-0.2479701060658499
2019-05-02 11:51:00,-0.40437349707195835
2019-05-02 11:54:00,-0.3351008482713951
2019-05-02 11:57:00,-0.2773626004191101
2019-05-02 12:00:00,-0.31844033875779587
2019-05-02 12:03:00,-0.293293967431282
2019-05-02 12:06:00,-0.35878359397543136
2019-05-02 12:09:00,-0.4343235264757368
2019-05-02 12:12:00,-0.32025124662612825
2019-05-02 12:15:00,-0.3392997696007569
2019-05-02 12:18:00,-0.350918893852338
2019-05-02 12:21:00,-0.3556952155645945
2019-05-02 12:24:00,-0.515244515046902
2019-05-02 12:27:00,-0.3263708835503394
2019-05-02 12:30:00,-0.4045821964854781
2019-05-02 12:33:00,-0.39899879463121124
2019-05-02 12:36:00,-0.33160399869899493
2019-05-02 12:39:00,-0.34211951283600683
2019-05-02 12:42:00,-0.37658515631397904
2019-05-02 12:45:00,-0.3054557164204539
2019-05-02 12:48:00,-0.44672376744438225
2019-05-02 12:51:00,-0.24302600398129925
2019-05-02 12:54:00,-0.2890206407499818
2019-05-02 12:57:00,-0.31939806642947133
2019-05-02 13:00:00,-0.4665298728298808
2019-05-02 13:03:00,-0.3132940670379867
2019-05-02 13:06:00,-0.38666993059297283
2019-05-02 13:09:00,-0.2939864198163491
2019-05-02 13:12:00,-0.36557129944213784
2019-05-02 13:15:00,-0.416532246918905
2019-05-02 13:18:00,-0.4046048452582909
2019-05-02 13:21:00,-0.5430806783301705
2019-05-02 13:24:00,-0.4187309372314303
2019-05-02 13:27:00,-0.30859194101708454
2019-05-02 13:30:00,-0.4436817151851642
2019-05-02 13:33:00,-0.41079199249799103
2019-05-02 13:36:00,-0.4136015453846653
2019-05-02 13:39:00,-0.3744596039222188
2019-05-02 13:42:00,-0.523361288756746
2019-05-02 13:45:00,-0.38127065441216246
2019-05-02 13:48:00,-0.4394159546716878
2019-05-02 13:51:00,-0.39018886038707024
2019-05-02 13:54:00,-0.47874690228013606
2019-05-02 13:57:00,-0.4777729022500239
2019-05-02 14:00:00,-0.5168019604134884
2019-05-02 14:03:00,-0.5016246402643105
2019-05-02 14:06:00,-0.394636073421168
2019-05-02 14:09:00,-0.49906041129804635
2019-05-02 14:12:00,-0.460763520284047
2019-05-02 14:15:00,-0.3859821545042337
2019-05-02 14:18:00,-0.4523773969876288
2019-05-02 14:21:00,-0.5702259809239649
2019-05-02 14:24:00,-0.49205815951944487
2019-05-02 14:27:00,-0.47386349303440056
2019-05-02 14:30:00,-0.37835591350301456
2019-05-02 14:33:00,-0.40244282097091855
2019-05-02 14:36:00,-0.32581117100266965
2019-05-02 14:39:00,-0.49058254139782775
2019-05-02 14:42:00,-0.4147253135276969
2019-05-02 14:45:00,-0.434062693049043
2019-05-02 14:48:00,-0.4208623526487827
2019-05-02 14:51:00,-0.3678522516618159
2019-05-02 14:54:00,-0.5174092591533395
2019-05-02 14:57:00,-0.34343434024356156
2019-05-02 15:00:00,-0.33139881822683037
2019-05-02 15:03:00,-0.38488363445929963
2019-05-02 15:06:00,-0.372677118955437
2019-05-02 15:09:00,-0.3986681996094603
2019-05-02 15:12:00,-0.3070088831116209
2019-05-02 15:15:00,-0.2874843647974217
2019-05-02 15:18:00,-0.4302091907769636
2019-05-02 15:21:00,-0.27715035764708773
2019-05-02 15:24:00,-0.3484489888416533
2019-05-02 15:27:00,-0.3404979778068764
2019-05-02 15:30:00,-0.3649170938808197
2019-05-02 15:33:00,-0.37280526225316635
2019-05-02 15:36:00,-0.3137554967489109
2019-05-02 15:39:00,-0.3706486587983022
2019-05-02 15:42:00,-0.3833314238924004
2019-05-02 15:45:00,-0.35528379169778646
2019-05-02 15:48:00,-0.3163751818096898
2019-05-02 15:51:00,-0.39205405809673266
2019-05-02 15:54:00,-0.38049545204859214
2019-05-02 15:57:00,-0.34323790939464516
2019-05-02 16:00:00,-0.33959540985915737
2019-05-02 16:03:00,-0.3693992386765217
2019-05-02 16:06:00,-0.401393173335407
2019-05-02 16:09:00,-0.3049637537508829
2019-05-02 16:12:00,-0.30512741147668976
2019-05-02 16:15:00,-0.33454287474671673
2019-05-02 16:18:00,-0.3165794252104206
2019-05-02 16:21:00,-0.3408487774728428
2019-05-02 16:24:00,-0.32443838292113014
2019-05-02 16:27:00,-0.2103139009400934
2019-05-02 16:30:00,-0.30638725700822533
2019-05-02 16:33:00,-0.23704329155049209
2019-05-02 16:36:00,-0.3424811224598443
2019-05-02 16:39:00,-0.35139029657239007
2019-05-02 16:42:00,-0.3092675089487784
2019-05-02 16:45:00,-0.3116263544428648
2019-05-02 16:48:00,-0.41751676096959045
2019-05-02 16:51:00,-0.30483557501474934
2019-05-02 16:54:00,-0.290985601662328
2019-05-02 16:57:00,-0.3650450060137018
2019-05-02 17:00:00,-0.34951900707886807
2019-05-02 17:03:00,-0.2156649818847427
2019-05-02 17:06:00,-0.21833083167047107
2019-05-02 17:09:00,-0.29303059975302403
2019-05-02 17:12:00,-0.28667358135027143
2019-05-02 17:15:00,-0.24734968823992176
2019-05-02 17:18:00,-0.3553545763326724
2019-05-02 17:21:00,-0.2849970398775099
2019-05-02 17:24:00,-0.2710843410011421
2019-05-02 17:27:00,-0.35351319094274913
2019-05-02 17:30:00,-0.30971749934002446
2019-05-02 17:33:00,-0.257266337626902
2019-05-02 17:36:00,-0.2860348576907086
2019-05-02 17:39:00,-0.2869523826832392
2019-05-02 17:42:00,-0.31263148879219216
2019-05-02 17:45:00,-0.28437928556303405
2019-05-02 17:48:00,-0.24074175004841436
2019-05-02 17:51:00,-0.24850561998329113
2019-05-02 17:54:00,-0.21460516430698817
2019-05-02 17:57:00,-0.2797007074744897
2019-05-02 18:00:00,-0.2522028237547147
2019-05-02 18:03:00,-0.21882678425890845
2019-05-02 18:06:00,-0.2608495425911883
2019-05-02 18:09:00,-0.24655637871671843
2019-05-02 18:12:00,-0.320018609491342
2019-05-02 18:15:00,-0.27275687796378634
2019-05-02 18:18:00,-0.1695392065615806
2019-05-02 18:21:00,-0.2648303104388674
2019-05-02 18:24:00,-0.1514022213126509
2019-05-02 18:27:00,-0.23865328681125675
2019-05-02 18:30:00,-0.2278633215859145
2019-05-02 18:33:00,-0.22780375755792193
2019-05-02 18:36:00,-0.2094148273874339
2019-05-02 18:39:00,-0.1536563993727782
2019-05-02 18:42:00,-0.15072864837435418
2019-05-02 18:45:00,-0.24470611694221134
2019-05-02 18:48:00,-0.13842829273392
2019-05-02 18:51:00,-0.09490150998624358
2019-05-02 18:54:00,
2019-05-02 18:57:00,
2019-05-02 19:00:00,
2019-05-02 19:03:00,-0.04500518022666711
2019-05-02 19:06:00,-0.005523023564364848
2019-05-02 19:09:00,-0.14718184885748542
2019-05-02 19:12:00,0.021508551138367693
2019-05-02 19:15:00,-0.0014579485497279165
2019-05-02 19:18:00,0.04007559049847487
2019-05-02 19:21:00,0.0027832524422137794
2019-05-02 19:24:00,-0.060079242157257795
2019-05-02 19:27:00,-0.04630145140197328
2019-05-02 19:30:00,0.01209778339841705
2019-05-02 19:33:00,-0.004204115613845261
2019-05-02 19:36:00,-0.001937214772567586
2019-05-02 19:39:00,-0.07186063819801802
2019-05-02 19:42:00,-0.021422891810289002
2019-05-02 19:45:00,0.08521227297632095
2019-05-02 19:48:00,-0.02058101257080125
2019-05-02 19:51:00,-0.12568990804766145
2019-05-02 19:54:00,-0.0973100046669515
2019-05-02 19:57:00,-0.030690935852078383
2019-05-02 20:00:00,-0.012023624058485893
2019-05-02 20:03:00,0.08438476237517989
2019-05-02 20:06:00,0.008695179137816922
2019-05-02 20:09:00,0.06611428851198298
2019-05-02 20:12:00,-0.0248694499776434
2019-05-02 20:15:00,-0.07033990813982882
2019-05-02 20:18:00,-0.08047320773897582
2019-05-02 20:21:00,0.0045857027778879456
2019-05-02 20:24:00,-0.013199888302949603
2019-05-02 20:27:00,0.009135478346877335
2019-05-02 20:30:00,-0.13532334869023543
2019-05-02 20:33:00,-0.02674125969110719
2019-05-02 20:36:00,-0.0034912411018126477
2019-05-02 20:39:00,-0.02803992572358993
2019-05-02 20:42:00,-0.0690086016095961
2019-05-02 20:45:00,0.0254554751603564
2019-05-02 20:48:00,0.11240383294625644
2019-05-02 20:51:00,0.08121582678398909
2019-05-02 20:54:00,-0.026255225821387285
2019-05-02 20:57:00,-0.06510000486611034
2019-05-02 21:00:00,-0.045803025449856705
2019-05-02 21:03:00,0.01890502364187796
2019-05-02 21:06:00,-0.05267967953182051
2019-05-02 21:09:00,-0.030872832553257012
2019-05-02 21:12:00,0.02483801337530167
2019-05-02 21:15:00,0.04373412304101976
2019-05-02 21:18:00,-0.05484318259198062
2019-05-02 21:21:00,-0.005617965700935201
2019-05-02 21:24:00,0.04829073639041326
2019-05-02 21:27:00,0.017256739885453953
2019-05-02 21:30:00,-0.013651559723598439
2019-05-02 21:33:00,-0.04444837913320043
2019-05-02 21:36:00,0.0858562371587368
2019-05-02 21:39:00,-0.025892522843946608
2019-05-02 21:42:00,-0.04531581529471396
2019-05-02 21:45:00,-0.023763113443919792
2019-05-02 21:48:00,0.055713283317345486
2019-05-02 21:51:00,-0.0011767074592512472
2019-05-02 21:54:00,-0.012946469344797151
2019-05-02 21:57:00,-0.07800341540979616
2019-05-02 22:00:00,-0.02229822403506887
2019-05-02 22:03:00,-0.0045136985866065515
2019-05-02 22:06:00,0.024296231001471824
2019-05-02 22:09:00,-0.04436794161262014
2019-05-02 22:12:00,-0.03030483853746091
2019-05-02 22:15:00,-0.089286812814521
2019-05-02 22:18:00,-0.010878144492266983
2019-05-02 22:21:00,-0.030732158722571512
2019-05-02 22:24:00,-0.036961580957495244
2019-05-02 22:27:00,-0.07246237446997839
2019-05-02 22:30:00,-0.013895480475923705
2019-05-02 22:33:00,0.06606659406116933
2019-05-02 22:36:00,-0.018418647555620282
2019-05-02 22:39:00,-0.06154642520590414
2019-05-02 22:42:00,-0.02678977355742518
2019-05-02 22:45:00,-0.0307502780991058
2019-05-02 22:48:00,-0.11724728383524052
2019-05-02 22:51:00,-0.005730075941016821
2019-05-02 22:54:00,-0.054446462071382484
2019-05-02 22:57:00,-0.15924528094456036
2019-05-02 23:00:00,-0.07568393100115145
2019-05-02 23:03:00,-0.07999044621425355
2019-05-02 23:06:00,-0.030135575029703432
2019-05-02 23:09:00,-0.08985395566770649
2019-05-02 23:12:00,-0.05588866103585133
2019-05-02 23:15:00,-0.08120544239892524
2019-05-02 23:18:00,-0.08378560216237929
2019-05-02 23:21:00,-0.02060013717181164
2019-05-02 23:24:00,-0.07942376421840436
2019-05-02 23:27:00,0.0029787026426788543
2019-05-02 23:30:00,-0.10471166857252001
2019-05-02 23:33:00,-0.002564421991451127
2019-05-02 23:36:00,-0.02797336335044065
2019-05-02 23:39:00,-0.10653628077045596
2019-05-02 23:42:00,-0.14091846492686955
2019-05-02 23:45:00,0.03166214483525209
2019-05-02 23:48:00,0.049431701991693444
2019-05-02 23:51:00,0.07993359135616629
2019-05-02 23:54:00,0.02001012838894667
2019-05-02 23:57:00,0.026752734342323947
2019-05-03 00:00:00,0.014901802233339367
2019-05-03 00:03:00,0.0407967036362038
2019-05-03 00:06:00,0.08024792935691494
2019-05-03 00:09:00,-0.009978619333878669
2019-05-03 00:12:00,-0.09377272667057923
2019-05-03 00:15:00,0.047418541046795326
2019-05-03 00:18:00,0.02657138800134362
2019-05-03 00:21:00,0.11644638200272084
2019-05-03 00:24:00,0.006302145185657082
2019-05-03 00:27:00,0.0030140666456190957
2019-05-03 00:30:00,0.04555604506367672
2019-05-03 00:33:00,0.006710737307685122
2019-05-03 00:36:00,0.011200792667239057
2019-05-03 00:39:00,0.030883877847657004
2019-05-03 00:42:00,0.012580478974655307
2019-05-03 00:45:00,0.035683573635310495
2019-05-03 00:48:00,0.06991113477010913
2019-05-03 00:51:00,0.07032962271563292
2019-05-03 00:54:00,-0.007177277251628311
2019-05-03 00:57:00,0.13504379713850767
2019-05-03 01:00:00,0.09103246488353989
2019-05-03 01:03:00,0.1248480992533132
2019-05-03 01:06:00,0.1763510230717884
2019-05-03 01:09:00,0.11865244866561397
2019-05-03 01:12:00,0.18642018396536741
2019-05-03 01:15:00,0.14676776569734784
2019-05-03 01:18:00,0.12400126856169891
2019-05-03 01:21:00,0.1484079586566054
2019-05-03 01:24:00,0.11532391881195281
2019-05-03 01:27:00,0.0568097240555403
2019-05-03 01:30:00,0.06182797549041652
2019-05-03 01:33:00,0.12746237581080777
2019-05-03 01:36:00,0.14675742497405508
2019-05-03 01:39:00,0.02550729083617398
2019-05-03 01:42:00,0.1009407561901412
2019-05-03 01:45:00,0.13362861508915103
2019-05-03 01:48:00,0.25098284683434713
2019-05-03 01:51:00,0.14223758957052723
2019-05-03 01:54:00,0.12720826975885302
2019-05-03 01:57:00,0.22699860467645294
2019-05-03 02:00:00,0.14790638892003471
2019-05-03 02:03:00,0.1506190960730578
2019-05-03 02:06:00,0.2699189527492649
2019-05-03 02:09:00,0.19024735790435443
2019-05-03 02:12:00,0.10238201055835816
2019-05-03 02:15:00,0.1434011055809492
2019-05-03 02:18:00,0.2096173041625775
2019-05-03 02:21:00,0.21317668796314138
2019-05-03 02:24:00,0.19636362264105856
2019-05-03 02:27:00,0.22685161812040633
2019-05-03 02:30:00,0.26137985865494784
2019-05-03 02:33:00,0.14153149535013654
2019-05-03 02:36:00,0.2592776261905101
2019-05-03 02:39:00,0.18786234615384956
2019-05-03 02:42:00,0.3167271525808246
2019-05-03 02:45:00,0.1762639074161143
2019-05-03 02:48:00,0.2041803377259157
2019-05-03 02:51:00,0.28134706210306604
2019-05-03 02:54:00,0.2151329997901712
2019-05-03 02:57:00,0.20407943650377547
2019-05-03 03:00:00,0.17163141187916153
2019-05-03 03:03:00,0.22311806796341216
2019-05-03 03:06:00,0.2946687301538873
2019-05-03 03:09:00,0.2814581188910097
2019-05-03 03:12:00,0.2143654404637232
2019-05-03 03:15:00,0.251353232797328
2019-05-03 03:18:00,0.27242027216220777
2019-05-03 03:21:00,0.21954236774337232
2019-05-03 03:24:00,0.15707617823096598
2019-05-03 03:27:00,0.06745779203799884
2019-05-03 03:30:00,0.2245761724879003
2019-05-03 03:33:00,0.2502880814038235
2019-05-03 03:36:00,0.20596849429892927
2019-05-03 03:39:00,0.2085400419887833
2019-05-03 03:42:00,0.20077016986823537
2019-05-03 03:45:00,0.2201211083357748
2019-05-03 03:48:00,0.26703162599056895
2019-05-03 03:51:00,0.21317184690082058
2019-05-03 03:54:00,0.17429065823051815
2019-05-03 03:57:00,0.25040788246451484
2019-05-03 04:00:00,0.3035051920499541
2019-05-03 04:03:00,0.2821515998063546
2019-05-03 04:06:00,0.22769794892440132
2019-05-03 04:09:00,0.1572434027096392
2019-05-03 04:12:00,0.21462646701718313
2019-05-03 04:15:00,0.21327091094013895
2019-05-03 04:18:00,0.24163542626445178
2019-05-03 04:21:00,0.20457867662202034
2019-05-03 04:24:00,0.2699250938584896
2019-05-03 04:27:00,0.2567977707957425
2019-05-03 04:30:00,0.32097927415139793
2019-05-03 04:33:00,0.22674695358591634
2019-05-03 04:36:00,0.27899622279863934
2019-05-03 04:39:00,0.24155829112771698
2019-05-03 04:42:00,0.2730428358701147
2019-05-03 04:45:00,0.2934364858845129
2019-05-03 04:48:00,0.26853002645481183
2019-05-03 04:51:00,0.2693279857623452
2019-05-03 04:54:00,0.23890542320725672
2019-05-03 04:57:00,0.3107492507974712
2019-05-03 05:00:00,0.26553509849384227
2019-05-03 05:03:00,0.3084212583972885
2019-05-03 05:06:00,0.30824879507332525
2019-05-03 05:09:00,0.25168091240755075
2019-05-03 05:12:00,0.30469198538582987
2019-05-03 05:15:00,0.25875888603263775
2019-05-03 05:18:00,0.2748806839936151
2019-05-03 05:21:00,0.2632517346447685
2019-05-03 05:24:00,0.322893977771912
2019-05-03 05:27:00,0.33719517378727915
2019-05-03 05:30:00,0.312121657171474
2019-05-03 05:33:00,0.2867030030595856
2019-05-03 05:36:00,0.3497709568111418
2019-05-03 05:39:00,0.3793214383992449
2019-05-03 05:42:00,0.24725288793456457
2019-05-03 05:45:00,0.30139315462400873
2019-05-03 05:48:00,0.34792719189886157
2019-05-03 05:51:00,0.32544039466870345
2019-05-03 05:54:00,0.3543424326289255
2019-05-03 05:57:00,0.3648964452559085
2019-05-03 06:00:00,0.3528416923768418
2019-05-03 06:03:00,0.2899049386535921
2019-05-03 06:06:00,0.27350294277948706
2019-05-03 06:09:00,0.34356231273295634
2019-05-03 06:12:00,0.45516701837442497
2019-05-03 06:15:00,0.3678207621470051
2019-05-03 06:18:00,0.3740171440126119
2019-05-03 06:21:00,0.35736124732164853
2019-05-03 06:24:00,0.4040254026392631
2019-05-03 06:27:00,0.3918533112990872
2019-05-03 06:30:00,0.38810123228216753
2019-05-03 06:33:00,0.3158147358396377
2019-05-03 06:36:00,0.343310332683302
2019-05-03 06:39:00,0.4488064475971214
2019-05-03 06:42:00,0.3823225272544164
2019-05-03 06:45:00,0.30908727642395206
2019-05-03 06:48:00,0.4290838503060286
2019-05-03 06:51:00,0.39580749669511306
2019-05-03 06:54:00,0.391218290504014
2019-05-03 06:57:00,0.352716139406823
2019-05-03 07:00:00,0.32664042637890134
2019-05-03 07:03:00,0.35001006004057444
2019-05-03 07:06:00,0.38731201206525157
2019-05-03 07:09:00,0.3360653008106169
2019-05-03 07:12:00,0.31007564327632053
2019-05-03 07:15:00,0.19679845127092221
2019-05-03 07:18:00,0.25384859942431603
2019-05-03 07:21:00,0.2723523203431455
2019-05-03 07:24:00,0.18462949210044144
2019-05-03 07:27:00,0.24423856434725622
2019-05-03 07:30:00,0.3059640738790108
2019-05-03 07:33:00,0.23912658898865402
2019-05-03 07:36:00,0.23255910902292953
2019-05-03 07:39:00,0.193490184639586
2019-05-03 07:42:00,0.16584351960756294
2019-05-03 07:45:00,0.17961092808508283
2019-05-03 07:48:00,0.2823690607584126
2019-05-03 07:51:00,0.28453623958642993
2019-05-03 07:54:00,0.1883895210847868
2019-05-03 07:57:00,0.17542218204175697
2019-05-03 08:00:00,0.1320616036031197
2019-05-03 08:03:00,0.11712308040222297
2019-05-03 08:06:00,0.0809173600175086
2019-05-03 08:09:00,0.1663027130865089
2019-05-03 08:12:00,0.10658264906629711
2019-05-03 08:15:00,0.17600217945130225
2019-05-03 08:18:00,0.17839284762442276
2019-05-03 08:21:00,0.11086373474711309
2019-05-03 08:24:00,0.0921903233349326
2019-05-03 08:27:00,0.050569735824183226
2019-05-03 08:30:00,0.04246298862375397
2019-05-03 08:33:00,0.028074346219057134
2019-05-03 08:36:00,-0.03906336639425945
2019-05-03 08:39:00,-0.01634819496621276
2019-05-03 08:42:00,-0.05389876660996151
2019-05-03 08:45:00,-0.0453337602763213
2019-05-03 08:48:00,-0.0541039070072884
2019-05-03 08:51:00,-0.07667124872938302
2019-05-03 08:54:00,-0.11106429242011018
2019-05-03 08:57:00,-0.0008811160529944573
2019-05-03 09:00:00,-0.08721751045720794
2019-05-03 09:03:00,-0.08445404610233709
2019-05-03 09:06:00,-0.04579233818446937
2019-05-03 09:09:00,-0.12021062800215532
2019-05-03 09:12:00,-0.1516864639302753
2019-05-03 09:15:00,-0.09983682117842818
2019-05-03 09:18:00,-0.09014954122812924
2019-05-03 09:21:00,-0.12444314145108137
2019-05-03 09:24:00,-0.14483715520833584
2019-05-03 09:27:00,-0.15082002918069293
2019-05-03 09:30:00,-0.09586249590671514
2019-05-03 09:33:00,-0.26188506410863965
2019-05-03 09:36:00,0.000526517902926571
2019-05-03 09:39:00,-0.19197431469825688
2019-05-03 09:42:00,-0.15777580608443031
2019-05-03 09:45:00,-0.21146118724306007
2019-05-03 09:48:00,-0.2587000299366764
2019-05-03 09:51:00,-0.24448666019708298
2019-05-03 09:54:00,-0.25000285917087695
2019-05-03 09:57:00,-0.27446926828707774
2019-05-03 10:00:00,-0.28441002628454726
2019-05-03 10:03:00,-0.24955034929320163
2019-05-03 10:06:00,-0.2429429449114764
2019-05-03 10:09:00,-0.19993485471752592
2019-05-03 10:12:00,-0.27678225622383934
2019-05-03 10:15:00,-0.10933868970948879
2019-05-03 10:18:00,-0.32270188959279267
2019-05-03 10:21:00,-0.20505535393471064
2019-05-03 10:24:00,-0.192982542428922
2019-05-03 10:27:00,-0.3368283762994224
2019-05-03 10:30:00,-0.3063127883839343
2019-05-03 10:33:00,-0.27912131023686015
2019-05-03 10:36:00,-0.29027361140867924
2019-05-03 10:39:00,-0.3656171025280628
2019-05-03 10:42:00,-0.3600372249520092
2019-05-03 10:45:00,-0.3331680512209232
2019-05-03 10:48:00,-0.3042226037624687
2019-05-03 10:51:00,-0.3493768739892289
2019-05-03 10:54:00,-0.3927556129764298
2019-05-03 10:57:00,-0.43006714990212913
2019-05-03 11:00:00,-0.39561694812607584
2019-05-03 11:03:00,-0.31971309000545034
2019-05-03 11:06:00,-0.3860089362618737
2019-05-03 11:09:00,-0.434168556037946
2019-05-03 11:12:00,-0.39609770385504817
2019-05-03 11:15:00,-0.29887394655793287
2019-05-03 11:18:00,-0.3433555573318472
2019-05-03 11:21:00,-0.45338419906499894
2019-05-03 11:24:00,-0.3820748901001707
2019-05-03 11:27:00,-0.3861101035257093
2019-05-03 11:30:00,-0.37106433758350477
2019-05-03 11:33:00,-0.46996387449968324
2019-05-03 11:36:00,-0.34089786498867625
2019-05-03 11:39:00,-0.393335261632501
2019-05-03 11:42:00,-0.4465898956724459
2019-05-03 11:45:00,-0.4047717240424049
2019-05-03 11:48:00,-0.399470954522144
2019-05-03 11:51:00,-0.41014069080006266
2019-05-03 11:54:00,-0.5186180773287106
2019-05-03 11:57:00,-0.4903564888589358
2019-05-03 12:00:00,-0.5242269807964703
2019-05-03 12:03:00,-0.4515796432021375
2019-05-03 12:06:00,-0.5001390289424421
2019-05-03 12:09:00,-0.45625878726349356
2019-05-03 12:12:00,-0.5332000882888224
2019-05-03 12:15:00,-0.48882402147069115
2019-05-03 12:18:00,-0.5441737539391056
2019-05-03 12:21:00,-0.5151174495759392
2019-05-03 12:24:00,-0.595047449377887
2019-05-03 12:27:00,-0.49344167856878585
2019-05-03 12:30:00,-0.43089852914147286
2019-05-03 12:33:00,-0.45229400612134896
2019-05-03 12:36:00,-0.49872800869684397
2019-05-03 12:39:00,-0.45520463411128276
2019-05-03 12:42:00,-0.6166637605887217
2019-05-03 12:45:00,-0.37552785541925005
2019-05-03 12:48:00,-0.6083588362678256
2019-05-03 12:51:00,-0.5398153123073826
2019-05-03 12:54:00,-0.5079976589730677
2019-05-03 12:57:00,-0.4861035118296968
2019-05-03 13:00:00,-0.5319001930882905
2019-05-03 13:03:00,-0.5788409764498397
2019-05-03 13:06:00,-0.4854648285826215
2019-05-03 13:09:00,-0.47653230251142986
2019-05-03 13:12:00,-0.5576518224468714
2019-05-03 13:15:00,-0.5908537629694024
2019-05-03 13:18:00,-0.5230819572386167
2019-05-03 13:21:00,-0.5707995229308835
2019-05-03 13:24:00,-0.4167094005333638
2019-05-03 13:27:00,-0.4518533083444254
2019-05-03 13:30:00,-0.5738584698137856
2019-05-03 13:33:00,-0.4739772396817443
2019-05-03 13:36:00,-0.5233789740617567
2019-05-03 13:39:00,-0.598174424347576
2019-05-03 13:42:00,-0.5787093095499927
2019-05-03 13:45:00,-0.521864113379138
2019-05-03 13:48:00,-0.46688719490265385
2019-05-03 13:51:00,-0.5490219180983331
2019-05-03 13:54:00,-0.50850733239281
2019-05-03 13:57:00,-0.6165191154881882
2019-05-03 14:00:00,-0.5091564835918803
2019-05-03 14:03:00,-0.4773088632110216
2019-05-03 14:06:00,-0.5180970766762698
2019-05-03 14:09:00,-0.4642228127751764
2019-05-03 14:12:00,-0.5558103638063017
2019-05-03 14:15:00,-0.5680132419863639
2019-05-03 14:18:00,-0.5694416574469301
2019-05-03 14:21:00,-0.5528329171021937
2019-05-03 14:24:00,-0.5969040984492722
2019-05-03 14:27:00,-0.4836195269268728
2019-05-03 14:30:00,-0.6459916897219955
2019-05-03 14:33:00,-0.6152237881779001
2019-05-03 14:36:00,-0.5622766215697084
2019-05-03 14:39:00,-0.6391569639628756
2019-05-03 14:42:00,-0.5806544954717765
2019-05-03 14:45:00,-0.6327948055688921
2019-05-03 14:48:00,-0.48074510080073196
2019-05-03 14:51:00,-0.5406702631062785
2019-05-03 14:54:00,-0.4478658447931707
2019-05-03 14:57:00,-0.4092199803133667
2019-05-03 15:00:00,-0.580536726730486
2019-05-03 15:03:00,-0.529560861352536
2019-05-03 15:06:00,-0.5736915060489309
2019-05-03 15:09:00,-0.503353569107162
2019-05-03 15:12:00,-0.4745154429900822
2019-05-03 15:15:00,-0.4180855237924561
2019-05-03 15:18:00,-0.5011655631432177
2019-05-03 15:21:00,-0.4872303512516396
2019-05-03 15:24:00,-0.5544562274419036
2019-05-03 15:27:00,-0.493913956472511
2019-05-03 15:30:00,-0.4879388850391706
2019-05-03 15:33:00,-0.40860352966609526
2019-05-03 15:36:00,-0.44316350473411603
2019-05-03 15:39:00,-0.5779130486037616
2019-05-03 15:42:00,-0.5508938267042822
2019-05-03 15:45:00,-0.42672446311456724
2019-05-03 15:48:00,-0.43076219771177193
2019-05-03 15:51:00,-0.4949094056167951
2019-05-03 15:54:00,-0.4913694057107705
2019-05-03 15:57:00,-0.47210263371312067
2019-05-03 16:00:00,-0.4564605222729483
2019-05-03 16:03:00,-0.37719752494462
2019-05-03 16:06:00,-0.4507194353359978
2019-05-03 16:09:00,-0.5322374564261736
2019-05-03 16:12:00,-0.4675943246243719
2019-05-03 16:15:00,-0.4607621973207756
2019-05-03 16:18:00,-0.3584829599254249
2019-05-03 16:21:00,-0.3884213440617259
2019-05-03 16:24:00,-0.4038553276784569
2019-05-03 16:27:00,-0.4745546814703516
2019-05-03 16:30:00,-0.4697318227047731
2019-05-03 16:33:00,-0.41979469121804414
2019-05-03 16:36:00,-0.42512521886254717
2019-05-03 16:39:00,-0.4809302356081844
2019-05-03 16:42:00,-0.40159672475692787
2019-05-03 16:45:00,-0.42453580641165445
2019-05-03 16:48:00,-0.41592176845972517
2019-05-03 16:51:00,-0.4515155001162725
2019-05-03 16:54:00,-0.3820669287562737
2019-05-03 16:57:00,-0.3718235771444256
2019-05-03 17:00:00,-0.49346997872777365
2019-05-03 17:03:00,-0.39595707655178103
2019-05-03 17:06:00,-0.44948033634557305
2019-05-03 17:09:00,-0.35927046521385364
2019-05-03 17:12:00,-0.3764827828357511
2019-05-03 17:15:00,-0.34419567697159437
2019-05-03 17:18:00,-0.3621180625744955
2019-05-03 17:21:00,-0.38052055911231264
2019-05-03 17:24:00,-0.4113333585992791
2019-05-03 17:27:00,-0.365718998748946
2019-05-03 17:30:00,-0.3913059398667542
2019-05-03 17:33:00,-0.33502954304162813
2019-05-03 17:36:00,-0.27216981230441206
2019-05-03 17:39:00,-0.3709898132279932
2019-05-03 17:42:00,-0.26676493638996135
2019-05-03 17:45:00,-0.2861504533616994
2019-05-03 17:48:00,-0.4099004931773038
2019-05-03 17:51:00,-0.3562429265552396
2019-05-03 17:54:00,-0.26206083144813874
2019-05-03 17:57:00,-0.3486317528622749
2019-05-03 18:00:00,-0.3077222608367265
2019-05-03 18:03:00,-0.32050233712254794
2019-05-03 18:06:00,-0.29776888846834026
2019-05-03 18:09:00,-0.3392367625650081
2019-05-03 18:12:00,-0.25203793407678177
2019-05-03 18:15:00,-0.37689026813569626
2019-05-03 18:18:00,-0.27939424130624957
2019-05-03 18:21:00,-0.3454692212571331
2019-05-03 18:24:00,-0.3423693630934963
2019-05-03 18:27:00,-0.19265117880570415
2019-05-03 18:30:00,-0.24176071439893576
2019-05-03 18:33:00,-0.3096206232676195
2019-05-03 18:36:00,-0.2626299141030586
2019-05-03 18:39:00,-0.18257505995518386
2019-05-03 18:42:00,-0.18852386156549983
2019-05-03 18:45:00,-0.16775560466567185
2019-05-03 18:48:00,-0.21631679893295086
2019-05-03 18:51:00,-0.28524343988522105
2019-05-03 18:54:00,
2019-05-03 18:57:00,
2019-05-03 19:00:00,
2019-05-03 19:03:00,-0.19749952323030584
2019-05-03 19:06:00,-0.2243404049528408
2019-05-03 19:09:00,-0.15140259900641695
2019-05-03 19:12:00,-0.10140458714653278
2019-05-03 19:15:00,-0.19337763179987633
2019-05-03 19:18:00,-0.19514814253665236
2019-05-03 19:21:00,-0.20466419912111178
2019-05-03 19:24:00,-0.09930385490855542
2019-05-03 19:27:00,-0.20015572780044977
2019-05-03 19:30:00,-0.09890801653472181
2019-05-03 19:33:00,-0.23648504026914452
2019-05-03 19:36:00,-0.0635710165916521
2019-05-03 19:39:00,-0.008314355500090187
2019-05-03 19:42:00,-0.12836476985779655
2019-05-03 19:45:00,-0.1030632557719855
2019-05-03 19:48:00,-0.04792399806939329
2019-05-03 19:51:00,-0.1505379006443377
2019-05-03 19:54:00,-0.10467581914656421
2019-05-03 19:57:00,-0.056082062377981856
2019-05-03 20:00:00,-0.15961561820620318
2019-05-03 20:03:00,-0.14234769669627667
2019-05-03 20:06:00,-0.16855099580834576
2019-05-03 20:09:00,-0.08333499172579195
2019-05-03 20:12:00,-0.12152416343622008
2019-05-03 20:15:00,-0.033822536226693956
2019-05-03 20:18:00,-0.018100902804008
2019-05-03 20:21:00,-0.0619995989261497
2019-05-03 20:24:00,-0.12371549083343325
2019-05-03 20:27:00,-0.10461612966770417
2019-05-03 20:30:00,-0.020500027932826015
2019-05-03 20:33:00,-0.04515880311618048
2019-05-03 20:36:00,-0.05484563732437664
2019-05-03 20:39:00,-0.132675056439723
2019-05-03 20:42:00,-0.11567077116177416
2019-05-03 20:45:00,-0.11959474291103334
2019-05-03 20:48:00,-0.10048313501056327
2019-05-03 20:51:00,0.011705529004473192
2019-05-03 20:54:00,-0.04149515415844007
2019-05-03 20:57:00,-0.028794064885289572
2019-05-03 21:00:00,-0.041456994604118336
2019-05-03 21:03:00,-0.07917107644999533
2019-05-03 21:06:00,-0.2506841368552273
2019-05-03 21:09:00,-0.1210827958574896
2019-05-03 21:12:00,-0.09260186025534267
2019-05-03 21:15:00,-0.10563921437579893
2019-05-03 21:18:00,-0.09379807497276715
2019-05-03 21:21:00,-0.10427049892894047
2019-05-03 21:24:00,-0.07993119431887408
2019-05-03 21:27:00,-0.0707184558743279
2019-05-03 21:30:00,-0.06564952340841046
2019-05-03 21:33:00,-0.016564460471045095
2019-05-03 21:36:00,-0.10063959721054516
2019-05-03 21:39:00,-0.13167411247121663
2019-05-03 21:42:00,-0.11934965639761685
2019-05-03 21:45:00,0.019365358616141748
2019-05-03 21:48:00,-0.12317547445991295
2019-05-03 21:51:00,-0.14817413104896104
2019-05-03 21:54:00,-0.22818694412507057
2019-05-03 21:57:00,-0.09025069051944001
2019-05-03 22:00:00,-0.10773975475444786
2019-05-03 22:03:00,-0.1392454006288517
2019-05-03 22:06:00,-0.09518484515422188
2019-05-03 22:09:00,-0.011918443449189908
2019-05-03 22:12:00,0.03117369491798172
2019-05-03 22:15:00,-0.03913931435346285
2019-05-03 22:18:00,0.02892646301603463
2019-05-03 22:21:00,0.03196488452135782
2019-05-03 22:24:00,-0.0033923387903769253
2019-05-03 22:27:00,0.007123766647566754
2019-05-03 22:30:00,0.007802907518453139
2019-05-03 22:33:00,-0.11016408908659514
2019-05-03 22:36:00,-0.08690349262059271
2019-05-03 22:39:00,-0.13213285806210706
2019-05-03 22:42:00,-0.150761877652144
2019-05-03 22:45:00,-0.08137684061921391
2019-05-03 22:48:00,-0.10721865781084716
2019-05-03 22:51:00,0.003082119496696123
2019-05-03 22:54:00,-0.13800171398969496
2019-05-03 22:57:00,-0.07230362151665304
2019-05-03 23:00:00,-0.008200825003314094
2019-05-03 23:03:00,-0.005209967207974842
2019-05-03 23:06:00,-0.011781739810032832
2019-05-03 23:09:00,-0.07412068902709734
2019-05-03 23:12:00,-0.05328530785749308
2019-05-03 23:15:00,-0.01690596804519373
2019-05-03 23:18:00,-0.06351045404443312
2019-05-03 23:21:00,-0.05343954439513254
2019-05-03 23:24:00,-0.10173599833836988
2019-05-03 23:27:00,0.01783597555987626
2019-05-03 23:30:00,0.09833644989578261
2019-05-03 23:33:00,0.09043787235890477
2019-05-03 23:36:00,0.09530448931172941
2019-05-03 23:39:00,0.09146602676383964
2019-05-03 23:42:00,0.03823548935650933
2019-05-03 23:45:00,0.07932093455127642
2019-05-03 23:48:00,0.054074716556499425
2019-05-03 23:51:00,0.13391001137955527
2019-05-03 23:54:00,0.1185171425762519
2019-05-03 23:57:00,0.07934003838204262
2019-05-04 00:00:00,0.08166474704779603
2019-05-04 00:03:00,0.1569217523654629
2019-05-04 00:06:00,0.17022391448148255
2019-05-04 00:09:00,0.1190504636928722
2019-05-04 00:12:00,0.16733291169595077
2019-05-04 00:15:00,0.22277849804311245
2019-05-04 00:18:00,0.0640638782109022
2019-05-04 00:21:00,0.10924488954213984
2019-05-04 00:24:00,0.02172883138365478
2019-05-04 00:27:00,0.04907837612171306
2019-05-04 00:30:00,-0.01155103442829386
2019-05-04 00:33:00,0.053491090874103975
2019-05-04 00:36:00,-0.017747614956022062
2019-05-04 00:39:00,0.10772624809885656
2019-05-04 00:42:00,0.06507150830475439
2019-05-04 00:45:00,0.12008155658429587
2019-05-04 00:48:00,0.023938817649764133
2019-05-04 00:51:00,0.1568589106157674
2019-05-04 00:54:00,0.04268052697727853
2019-05-04 00:57:00,0.15398147218905933
2019-05-04 01:00:00,0.04548957894758132
2019-05-04 01:03:00,0.22075768230752146
2019-05-04 01:06:00,0.05521032875446963
2019-05-04 01:09:00,0.06510476072014626
2019-05-04 01:12:00,0.06688540984168867
2019-05-04 01:15:00,0.07809284722230814
2019-05-04 01:18:00,0.11112312746877251
2019-05-04 01:21:00,0.15339816015080032
2019-05-04 01:24:00,0.1298769624922329
2019-05-04 01:27:00,0.0183779342318644
2019-05-04 01:30:00,0.10606518934656606
2019-05-04 01:33:00,0.07556936406427894
2019-05-04 01:36:00,0.1172859401138453
2019-05-04 01:39:00,0.15284843517804347
2019-05-04 01:42:00,0.16057020290674018
2019-05-04 01:45:00,0.1016974446474137
2019-05-04 01:48:00,0.170619040891836
2019-05-04 01:51:00,0.18709438367835673
2019-05-04 01:54:00,0.20089339919968552
2019-05-04 01:57:00,0.10375599871360919
2019-05-04 02:00:00,0.2440142142656896
2019-05-04 02:03:00,0.2242472107017761
2019-05-04 02:06:00,0.14428564531232269
2019-05-04 02:09:00,0.09611028219222817
2019-05-04 02:12:00,0.199451299570228
2019-05-04 02:15:00,0.17226312994085902
2019-05-04 02:18:00,0.15631003023531775
2019-05-04 02:21:00,0.2227638964044445
2019-05-04 02:24:00,0.11448763782590277
2019-05-04 02:27:00,0.15948434088159047
2019-05-04 02:30:00,0.11777402820524685
2019-05-04 02:33:00,0.15570468642306423
2019-05-04 02:36:00,0.10648308860777433
2019-05-04 02:39:00,0.13728067394970367
2019-05-04 02:42:00,0.22974921884957666
2019-05-04 02:45:00,0.175908380878127
2019-05-04 02:48:00,0.19625509246111505
2019-05-04 02:51:00,0.15559527002329787
2019-05-04 02:54:00,0.10309030944125652
2019-05-04 02:57:00,0.12410169733993826
2019-05-04 03:00:00,0.1646707283125579
2019-05-04 03:03:00,0.15294990455015522
2019-05-04 03:06:00,0.1712050376422667
2019-05-04 03:09:00,0.16861482275936623
2019-05-04 03:12:00,0.11235079758330357
2019-05-04 03:15:00,0.16161866523651724
2019-05-04 03:18:00,0.21205458406376465
2019-05-04 03:21:00,0.15821832506622968
2019-05-04 03:24:00,0.17369205324052928
2019-05-04 03:27:00,0.12466676256860865
2019-05-04 03:30:00,0.24707401357926528
2019-05-04 03:33:00,0.16889964215283726
2019-05-04 03:36:00,0.19169119871452267
2019-05-04 03:39:00,0.2681517355849792
2019-05-04 03:42:00,0.24333754169458643
2019-05-04 03:45:00,0.26091014090718545
2019-05-04 03:48:00,0.26036056920588635
2019-05-04 03:51:00,0.22945049539060847
2019-05-04 03:54:00,0.18452107127023964
2019-05-04 03:57:00,0.19930859224973574
2019-05-04 04:00:00,0.10751139158702472
2019-05-04 04:03:00,0.18686246848102428
2019-05-04 04:06:00,0.2238986348992853
2019-05-04 04:09:00,0.061943413982533
2019-05-04 04:12:00,0.16487428958203054
2019-05-04 04:15:00,0.18635670473275923
2019-05-04 04:18:00,0.24515573868444562
2019-05-04 04:21:00,0.1638735038409891
2019-05-04 04:24:00,0.20479944056540944
2019-05-04 04:27:00,0.258683113990287
2019-05-04 04:30:00,0.2380418911378115
2019-05-04 04:33:00,0.21238888381583365
2019-05-04 04:36:00,0.191069259167989
2019-05-04 04:39:00,0.14975956551006675
2019-05-04 04:42:00,0.15731651600987107
2019-05-04 04:45:00,0.1454968973395694
2019-05-04 04:48:00,0.1043970992898835
2019-05-04 04:51:00,0.11090901951951082
2019-05-04 04:54:00,0.17089647289674303
2019-05-04 04:57:00,0.23694274308405738
2019-05-04 05:00:00,0.10249096334479191
2019-05-04 05:03:00,0.19744690237774876
2019-05-04 05:06:00,0.14415494567549558
2019-05-04 05:09:00,0.17719774279999
2019-05-04 05:12:00,0.22575640575627176
2019-05-04 05:15:00,0.20036557802268362
2019-05-04 05:18:00,0.26099415810392657
2019-05-04 05:21:00,0.2678802942555194
2019-05-04 05:24:00,0.2398065646223131
2019-05-04 05:27:00,0.28989421785672675
2019-05-04 05:30:00,0.14926387360731042
2019-05-04 05:33:00,0.10273591881059474
2019-05-04 05:36:00,0.13642717142778338
2019-05-04 05:39:00,0.23035972210311684
2019-05-04 05:42:00,0.17243394257104683
2019-05-04 05:45:00,0.1890901992419458
2019-05-04 05:48:00,0.20024930948153497
2019-05-04 05:51:00,0.1677010229698226
2019-05-04 05:54:00,0.1947879559529042
2019-05-04 05:57:00,0.2226806311541054
2019-05-04 06:00:00,0.20206668186079924
2019-05-04 06:03:00,0.214669671041122
2019-05-04 06:06:00,0.2546877748219458
2019-05-04 06:09:00,0.26069622961671257
2019-05-04 06:12:00,0.2248797017713855
2019-05-04 06:15:00,0.21268560573935247
2019-05-04 06:18:00,0.17350365512186272
2019-05-04 06:21:00,0.2204525838136533
2019-05-04 06:24:00,0.19313544177640551
2019-05-04 06:27:00,0.15310889047151477
2019-05-04 06:30:00,0.19849394785074992
2019-05-04 06:33:00,0.16800288014201215
2019-05-04 06:36:00,0.20303093695690677
2019-05-04 06:39:00,0.21084965646747378
2019-05-04 06:42:00,0.24889719604908578
2019-05-04 06:45:00,0.30681510932220135
2019-05-04 06:48:00,0.16118280299917842
2019-05-04 06:51:00,0.23729840421924564
2019-05-04 06:54:00,0.19865503173781462
2019-05-04 06:57:00,0.23893375180142584
2019-05-04 07:00:00,0.19093884471419642
2019-05-04 07:03:00,0.25764847117602585
2019-05-04 07:06:00,0.17753933711929903
2019-05-04 07:09:00,0.2272776558763212
2019-05-04 07:12:00,0.2269953271271561
2019-05-04 07:15:00,0.16164060988995743
2019-05-04 07:18:00,0.20673695054478003
2019-05-04 07:21:00,0.2623275192532333
2019-05-04 07:24:00,0.09512200013813299
2019-05-04 07:27:00,0.18770373250805505
2019-05-04 07:30:00,0.1929336879822472
2019-05-04 07:33:00,0.0566102588652484
2019-05-04 07:36:00,0.1436259093589456
2019-05-04 07:39:00,0.2377490203395496
2019-05-04 07:42:00,0.1531713989973582
2019-05-04 07:45:00,0.15604680125574077
2019-05-04 07:48:00,0.2071281609335074
2019-05-04 07:51:00,0.18834603310273224
2019-05-04 07:54:00,0.21123851546155947
2019-05-04 07:57:00,0.07698168048608522
2019-05-04 08:00:00,0.13577326809138413
2019-05-04 08:03:00,0.20792242471259215
2019-05-04 08:06:00,0.1669921911826009
2019-05-04 08:09:00,0.10863227764326666
2019-05-04 08:12:00,0.15304889580750114
2019-05-04 08:15:00,0.2545330020761867
2019-05-04 08:18:00,0.17141564708794021
2019-05-04 08:21:00,0.10116608151304263
2019-05-04 08:24:00,0.1792417569531608
2019-05-04 08:27:00,0.06649794466488856
2019-05-04 08:30:00,0.06987695464135868
2019-05-04 08:33:00,0.18745651150868525
2019-05-04 08:36:00,0.15071624025057417
2019-05-04 08:39:00,0.0579368993177809
2019-05-04 08:42:00,0.060859654971693544
2019-05-04 08:45:00,0.03089999944097599
2019-05-04 08:48:00,0.1050972545152149
2019-05-04 08:51:00,0.08988129714873594
2019-05-04 08:54:00,0.1857572454236447
2019-05-04 08:57:00,0.10977505750008731
2019-05-04 09:00:00,0.028519537389286143
2019-05-04 09:03:00,0.09697906959456759
2019-05-04 09:06:00,0.07323680886742068
2019-05-04 09:09:00,-0.06392635037218497
2019-05-04 09:12:00,0.0890874118780971
2019-05-04 09:15:00,-0.03790720902219391
2019-05-04 09:18:00,0.10951582310286767
2019-05-04 09:21:00,0.10196446626974875
2019-05-04 09:24:00,0.22336149647588854
2019-05-04 09:27:00,0.02526104321788125
2019-05-04 09:30:00,0.14603456992682595
2019-05-04 09:33:00,0.017563852926400614
2019-05-04 09:36:00,0.02125895266686939
2019-05-04 09:39:00,0.06183295624543916
2019-05-04 09:42:00,-0.04448115753177717
2019-05-04 09:45:00,0.019704384806573216
2019-05-04 09:48:00,0.003842404139732025
2019-05-04 09:51:00,-0.008157271448339998
2019-05-04 09:54:00,-0.004019589204631302
2019-05-04 09:57:00,0.008399706000147944
2019-05-04 10:00:00,0.05539722026395566
2019-05-04 10:03:00,0.06342217091395241
2019-05-04 10:06:00,0.08622699455685279
2019-05-04 10:09:00,-0.004584552427786548
2019-05-04 10:12:00,0.01762012186833317
2019-05-04 10:15:00,0.07270099479126202
2019-05-04 10:18:00,0.07242316779786506
2019-05-04 10:21:00,0.06472174358725624
2019-05-04 10:24:00,0.03581460385044011
2019-05-04 10:27:00,0.04530396051450225
2019-05-04 10:30:00,-0.008430121490619058
2019-05-04 10:33:00,0.01025253758513145
2019-05-04 10:36:00,0.0050187616707830784
2019-05-04 10:39:00,0.001683139797307831
2019-05-04 10:42:00,-0.18587955998697225
2019-05-04 10:45:00,-0.10320524416823673
2019-05-04 10:48:00,-0.028464496232686542
2019-05-04 10:51:00,-0.1445105533182982
2019-05-04 10:54:00,-0.07709984432915462
2019-05-04 10:57:00,-0.10073806151422104
2019-05-04 11:00:00,-0.044164862468619503
2019-05-04 11:03:00,-0.02827666777380955
2019-05-04 11:06:00,-0.10313240812962476
2019-05-04 11:09:00,-0.06255267826566069
2019-05-04 11:12:00,-0.033407007170296765
2019-05-04 11:15:00,-0.02745980817559257
2019-05-04 11:18:00,-0.1200406022817333
2019-05-04 11:21:00,-0.15597571331329618
2019-05-04 11:24:00,-0.02322035511303966
2019-05-04 11:27:00,-0.08231200749958134
2019-05-04 11:30:00,-0.11509769126502079
2019-05-04 11:33:00,-0.06647823290450106
2019-05-04 11:36:00,-0.1327363271615809
2019-05-04 11:39:00,-0.10993808507481617
2019-05-04 11:42:00,-0.05817124773557225
2019-05-04 11:45:00,-0.06731840343121576
2019-05-04 11:48:00,-0.020326413279008193
2019-05-04 11:51:00,-0.041964475434951964
2019-05-04 11:54:00,-0.11725551752857655
2019-05-04 11:57:00,-0.0396560231375247
2019-05-04 12:00:00,-0.06218203909600106
2019-05-04 12:03:00,-0.22132415275859785
2019-05-04 12:06:00,-0.053052522084271914
2019-05-04 12:09:00,-0.0777343071621317
2019-05-04 12:12:00,-0.18771862224696179
2019-05-04 12:15:00,-0.16699050742977306
2019-05-04 12:18:00,-0.15791123124665774
2019-05-04 12:21:00,-0.12596691469047983
2019-05-04 12:24:00,-0.2889903902342894
2019-05-04 12:27:00,-0.18971697369028107
2019-05-04 12:30:00,-0.23142400125891527
2019-05-04 12:33:00,-0.22107682739414258
2019-05-04 12:36:00,-0.2525990702118861
2019-05-04 12:39:00,-0.2575272121812304
2019-05-04 12:42:00,-0.35616661341140343
2019-05-04 12:45:00,-0.2605702509904404
2019-05-04 12:48:00,-0.20444493298919042
2019-05-04 12:51:00,-0.21452455844320184
2019-05-04 12:54:00,-0.1741314911292875
2019-05-04 12:57:00,-0.23332438271677347
2019-05-04 13:00:00,-0.07829377834724482
2019-05-04 13:03:00,-0.0231697785351912
2019-05-04 13:06:00,-0.18272000967465374
2019-05-04 13:09:00,-0.3458332826650121
2019-05-04 13:12:00,-0.1751384000099847
2019-05-04 13:15:00,-0.2371873207782187
2019-05-04 13:18:00,-0.303714123888426
2019-05-04 13:21:00,-0.24401188632054982
2019-05-04 13:24:00,-0.39539900505519654
2019-05-04 13:27:00,-0.40435172389965146
2019-05-04 13:30:00,-0.33216593560382535
2019-05-04 13:33:00,-0.40791558846666476
2019-05-04 13:36:00,-0.3470861556856448
2019-05-04 13:39:00,-0.3533625142333676
2019-05-04 13:42:00,-0.4115365182469759
2019-05-04 13:45:00,-0.4127658787527366
2019-05-04 13:48:00,-0.3692212376323596
2019-05-04 13:51:00,-0.453267217363134
2019-05-04 13:54:00,-0.41065210296085297
2019-05-04 13:57:00,-0.45500980806633606
2019-05-04 14:00:00,-0.5238948778591634
2019-05-04 14:03:00,-0.48189025342696823
2019-05-04 14:06:00,-0.4838419868847268
2019-05-04 14:09:00,-0.484355495317061
2019-05-04 14:12:00,-0.4147237903171117
2019-05-04 14:15:00,-0.46242555893019244
2019-05-04 14:18:00,-0.4950856996186985
2019-05-04 14:21:00,-0.4378921399575688
2019-05-04 14:24:00,-0.4765925200221659
2019-05-04 14:27:00,-0.35271595587181537
2019-05-04 14:30:00,-0.4260632933875854
2019-05-04 14:33:00,-0.6054220016849854
2019-05-04 14:36:00,-0.5448789721741605
2019-05-04 14:39:00,-0.4809745806767296
2019-05-04 14:42:00,-0.5319977594431293
2019-05-04 14:45:00,-0.41730131649865143
2019-05-04 14:48:00,-0.4853788972425832
2019-05-04 14:51:00,-0.44332234517224833
2019-05-04 14:54:00,-0.459753382529243
2019-05-04 14:57:00,-0.3934870040493479
2019-05-04 15:00:00,-0.40535512201523716
2019-05-04 15:03:00,-0.4192543161808544
2019-05-04 15:06:00,-0.41875453019088127
2019-05-04 15:09:00,-0.4175555911145352
2019-05-04 15:12:00,-0.4227766201931331
2019-05-04 15:15:00,-0.5112593369183287
2019-05-04 15:18:00,-0.3749930269957531
2019-05-04 15:21:00,-0.3820096500501222
2019-05-04 15:24:00,-0.23664279198874283
2019-05-04 15:27:00,-0.2273799632441751
2019-05-04 15:30:00,-0.29485927966544523
2019-05-04 15:33:00,-0.2910178598161224
2019-05-04 15:36:00,-0.27036470371388077
2019-05-04 15:39:00,-0.33828417948456035
2019-05-04 15:42:00,-0.32136482152100143
2019-05-04 15:45:00,-0.31512294104038574
2019-05-04 15:48:00,-0.38318050423282557
2019-05-04 15:51:00,-0.3209357127040562
2019-05-04 15:54:00,-0.24608551805175694
2019-05-04 15:57:00,-0.21992535647956402
2019-05-04 16:00:00,-0.4018692471632903
2019-05-04 16:03:00,-0.35428753413816594
2019-05-04 16:06:00,-0.39890839379796716
2019-05-04 16:09:00,-0.23848444211301967
2019-05-04 16:12:00,-0.2038932359047294
2019-05-04 16:15:00,-0.39958995154569266
2019-05-04 16:18:00,-0.2537888515039981
2019-05-04 16:21:00,-0.15372635060850826
2019-05-04 16:24:00,-0.28046391290041583
2019-05-04 16:27:00,-0.2394314135609079
2019-05-04 16:30:00,-0.2603818060721892
2019-05-04 16:33:00,-0.21206668291517872
2019-05-04 16:36:00,-0.30007826045789443
2019-05-04 16:39:00,-0.23471236958312147
2019-05-04 16:42:00,-0.23378623582027558
2019-05-04 16:45:00,-0.23007598351011893
2019-05-04 16:48:00,-0.2817149028485346
2019-05-04 16:51:00,-0.34657847409783926
2019-05-04 16:54:00,-0.14141690103815563
2019-05-04 16:57:00,-0.261675078177916
2019-05-04 17:00:00,-0.11669485662929446
2019-05-04 17:03:00,-0.24257445764283148
2019-05-04 17:06:00,-0.32005190379459236
2019-05-04 17:09:00,-0.162167663142327
2019-05-04 17:12:00,-0.12406667702362029
2019-05-04 17:15:00,-0.18533222099654267
2019-05-04 17:18:00,-0.13872749174504406
2019-05-04 17:21:00,-0.24021273615204564
2019-05-04 17:24:00,-0.23698376577578983
2019-05-04 17:27:00,-0.29319008509736477
2019-05-04 17:30:00,-0.18532232211731525
2019-05-04 17:33:00,-0.21540855314657392
2019-05-04 17:36:00,-0.20542433959246864
2019-05-04 17:39:00,-0.19209551058008856
2019-05-04 17:42:00,-0.2341809353406461
2019-05-04 17:45:00,-0.2326150587860525
2019-05-04 17:48:00,-0.30260613823639915
2019-05-04 17:51:00,-0.13426291137926682
2019-05-04 17:54:00,-0.2655349295127394
2019-05-04 17:57:00,-0.1658814472565382
2019-05-04 18:00:00,-0.13921099108256385
2019-05-04 18:03:00,-0.2645169370199483
2019-05-04 18:06:00,-0.1324443378377964
2019-05-04 18:09:00,-0.08073074056181895
2019-05-04 18:12:00,-0.16735725714795535
2019-05-04 18:15:00,-0.008113332524203543
2019-05-04 18:18:00,-0.10883786755681513
2019-05-04 18:21:00,-0.03937515821019133
2019-05-04 18:24:00,-0.2148169586158133
2019-05-04 18:27:00,-0.20886607552097303
2019-05-04 18:30:00,-0.15544441721004887
2019-05-04 18:33:00,-0.2296857006494406
2019-05-04 18:36:00,-0.16969004902193774
2019-05-04 18:39:00,-0.07187019874606904
2019-05-04 18:42:00,-0.0929181759965445
2019-05-04 18:45:00,-0.17993255028568456
2019-05-04 18:48:00,-0.21900160217501252
2019-05-04 18:51:00,-0.15886797486689375
2019-05-04 18:54:00,
2019-05-04 18:57:00,
2019-05-04 19:00:00,
2019-05-04 19:03:00,-0.10706345313951715
2019-05-04 19:06:00,-0.05575783154347391
2019-05-04 19:09:00,-0.14758393159917205
2019-05-04 19:12:00,-0.06570521521064165
2019-05-04 19:15:00,-0.16885038178793366
2019-05-04 19:18:00,-0.07319152337470314
2019-05-04 19:21:00,-0.053406705500151475
2019-05-04 19:24:00,-0.014838310385016484
2019-05-04 19:27:00,-0.031112229563120763
2019-05-04 19:30:00,-0.08370480624495258
2019-05-04 19:33:00,-0.04382212685032982
2019-05-04 19:36:00,-0.034131900396914716
2019-05-04 19:39:00,0.020901587054709125
2019-05-04 19:42:00,-0.026361624394269256
2019-05-04 19:45:00,-0.0141766789772646
2019-05-04 19:48:00,0.006903354188239064
2019-05-04 19:51:00,0.06652897945434688
2019-05-04 19:54:00,0.026891846851583523
2019-05-04 19:57:00,-0.04604708810217062
2019-05-04 20:00:00,-0.016769203176068004
2019-05-04 20:03:00,-0.009267524246638459
2019-05-04 20:06:00,-0.06074100605377453
2019-05-04 20:09:00,-0.08500431686928778
2019-05-04 20:12:00,-0.09378784138073115
2019-05-04 20:15:00,-0.16955832344530108
2019-05-04 20:18:00,0.046455147283325005
2019-05-04 20:21:00,-0.08162289241744247
2019-05-04 20:24:00,-0.03630170765444518
2019-05-04 20:27:00,-0.04999028511514325
2019-05-04 20:30:00,-0.042914258694850105
2019-05-04 20:33:00,-0.04081204889860146
2019-05-04 20:36:00,0.054967746554439145
2019-05-04 20:39:00,-0.027674780358665885
2019-05-04 20:42:00,0.02470694544035723
2019-05-04 20:45:00,0.007213038397026139
2019-05-04 20:48:00,0.030273377970672755
2019-05-04 20:51:00,-0.07473490596692045
2019-05-04 20:54:00,-0.009736658732833803
2019-05-04 20:57:00,-0.030031115507426875
2019-05-04 21:00:00,-0.04729654887484003
2019-05-04 21:03:00,-0.06534166497442584
2019-05-04 21:06:00,-0.01634265202693541
2019-05-04 21:09:00,-0.049021149282793886
2019-05-04 21:12:00,-0.02474206357442199
2019-05-04 21:15:00,-0.05535599578604433
2019-05-04 21:18:00,-0.07809670999915852
2019-05-04 21:21:00,-0.07283467305734348
2019-05-04 21:24:00,0.0038332864054950733
2019-05-04 21:27:00,0.03093928836477744
2019-05-04 21:30:00,-0.053981317090290304
2019-05-04 21:33:00,-0.05166184548608044
2019-05-04 21:36:00,-0.07205606952749122
2019-05-04 21:39:00,-0.007503701742962221
2019-05-04 21:42:00,-0.05555841060191824
2019-05-04 21:45:00,0.052019622300065294
2019-05-04 21:48:00,0.11773336504228382
2019-05-04 21:51:00,0.07151649630515067
2019-05-04 21:54:00,0.03927840641614466
2019-05-04 21:57:00,0.050046265802905054
2019-05-04 22:00:00,0.040180850475053376
2019-05-04 22:03:00,0.12052423903872977
2019-05-04 22:06:00,0.11683855083424532
2019-05-04 22:09:00,-0.022126310357180046
2019-05-04 22:12:00,0.020296651252692754
2019-05-04 22:15:00,0.01704760364566482
2019-05-04 22:18:00,0.14044787000005954
2019-05-04 22:21:00,-0.02860161087812685
2019-05-04 22:24:00,0.07159583709886874
2019-05-04 22:27:00,0.02117730114269989
2019-05-04 22:30:00,-0.001640814936138213
2019-05-04 22:33:00,0.006038646384581625
2019-05-04 22:36:00,0.0885591782357551
2019-05-04 22:39:00,0.058621033078111395
2019-05-04 22:42:00,0.07358805510250477
2019-05-04 22:45:00,0.04200033890941768
2019-05-04 22:48:00,0.0760399659562836
2019-05-04 22:51:00,0.06492244674603853
2019-05-04 22:54:00,0.0078017859677856904
2019-05-04 22:57:00,0.0217041071898052
2019-05-04 23:00:00,0.0893239548814222
2019-05-04 23:03:00,0.08331881184989243
2019-05-04 23:06:00,0.2044108604595749
2019-05-04 23:09:00,0.03947471869946639
2019-05-04 23:12:00,0.12045490589753172
2019-05-04 23:15:00,0.08193459205438103
2019-05-04 23:18:00,0.031307716025594345
2019-05-04 23:21:00,0.006854199794702254
2019-05-04 23:24:00,-0.004665705943409648
2019-05-04 23:27:00,-0.04462149950603589
2019-05-04 23:30:00,0.057912125398217995
2019-05-04 23:33:00,0.024940220994949414
2019-05-04 23:36:00,0.018507356418524523
2019-05-04 23:39:00,-0.007447721973790067
2019-05-04 23:42:00,0.025593944962508886
2019-05-04 23:45:00,0.024995228988132112
2019-05-04 23:48:00,0.03566214486204444
2019-05-04 23:51:00,0.04166286403091135
2019-05-04 23:54:00,-0.03362247025359011
2019-05-04 23:57:00,-0.040708397086689274
2019-05-05 00:00:00,-0.06520741723448964
2019-05-05 00:03:00,0.00770454420171518
2019-05-05 00:06:00,0.01578711634033425
2019-05-05 00:09:00,0.03870150216152979
2019-05-05 00:12:00,-0.0036046931520559156
2019-05-05 00:15:00,-0.008511496913342853
2019-05-05 00:18:00,0.06876330732092129
2019-05-05 00:21:00,0.12889411646614235
2019-05-05 00:24:00,0.07803504156510144
2019-05-05 00:27:00,0.017455220671365623
2019-05-05 00:30:00,-0.028581661865132446
2019-05-05 00:33:00,-0.022925148430772424
2019-05-05 00:36:00,0.017355685374411678
2019-05-05 00:39:00,0.08045145305123924
2019-05-05 00:42:00,0.032512396534457366
2019-05-05 00:45:00,0.09201319981269762
2019-05-05 00:48:00,0.09956456736620112
2019-05-05 00:51:00,0.0631984175027469
2019-05-05 00:54:00,0.1612227090559486
2019-05-05 00:57:00,0.15428086606920033
2019-05-05 01:00:00,0.09934627678393326
2019-05-05 01:03:00,0.15456377110325548
2019-05-05 01:06:00,0.07463324466846188
2019-05-05 01:09:00,-0.012537350617378706
2019-05-05 01:12:00,0.05054507179636403
2019-05-05 01:15:00,0.042483603318089536
2019-05-05 01:18:00,0.09999070172545999
2019-05-05 01:21:00,0.00207442219124232
2019-05-05 01:24:00,0.09537114386932899
2019-05-05 01:27:00,0.10679771655014747
2019-05-05 01:30:00,0.13485447044712373
2019-05-05 01:33:00,0.08912148545982745
2019-05-05 01:36:00,0.16953063054376116
2019-05-05 01:39:00,0.14322202514250648
2019-05-05 01:42:00,0.17692040435014178
2019-05-05 01:45:00,0.12207352670299088
2019-05-05 01:48:00,0.021302084728290538
2019-05-05 01:51:00,0.1290012346452727
2019-05-05 01:54:00,0.15769641158499326
2019-05-05 01:57:00,0.07945301885513345
2019-05-05 02:00:00,0.12107626334227461
2019-05-05 02:03:00,0.16996108056207504
2019-05-05 02:06:00,0.12275955328453847
2019-05-05 02:09:00,0.1498891134964424
2019-05-05 02:12:00,-0.020771209831536908
2019-05-05 02:15:00,0.1006164486933585
2019-05-05 02:18:00,0.1182082005282723
2019-05-05 02:21:00,0.20349199571444387
2019-05-05 02:24:00,0.32981974286639115
2019-05-05 02:27:00,0.1508042737148685
2019-05-05 02:30:00,0.12395615504914304
2019-05-05 02:33:00,0.19668958055035546
2019-05-05 02:36:00,0.18525882903662705
2019-05-05 02:39:00,0.09475530094238138
2019-05-05 02:42:00,0.04051303624225966
2019-05-05 02:45:00,0.10735174483778565
2019-05-05 02:48:00,0.17111528356173267
2019-05-05 02:51:00,0.1723171996524684
2019-05-05 02:54:00,0.050455984318261926
2019-05-05 02:57:00,0.044427266065326876
2019-05-05 03:00:00,-0.0011845737388966882
2019-05-05 03:03:00,0.008438797733390402
2019-05-05 03:06:00,0.04708517258347911
2019-05-05 03:09:00,0.11241156027239185
2019-05-05 03:12:00,0.0768660447719185
2019-05-05 03:15:00,0.11010720193576162
2019-05-05 03:18:00,0.09101543877523
2019-05-05 03:21:00,0.19673570187558198
2019-05-05 03:24:00,0.13792393432163408
2019-05-05 03:27:00,0.13379355167273843
2019-05-05 03:30:00,0.05752594161822344
2019-05-05 03:33:00,0.14834779576852952
2019-05-05 03:36:00,0.15744748448116752
2019-05-05 03:39:00,0.23390655716343645
2019-05-05 03:42:00,0.16119697094347885
2019-05-05 03:45:00,0.19488904235890914
2019-05-05 03:48:00,0.17511776399646806
2019-05-05 03:51:00,0.2340667323144885
2019-05-05 03:54:00,0.14151451119357716
2019-05-05 03:57:00,0.2332690610369923
2019-05-05 04:00:00,0.2877118942053585
2019-05-05 04:03:00,0.3084036007031159
2019-05-05 04:06:00,0.35460826671135237
2019-05-05 04:09:00,0.33637237898670946
2019-05-05 04:12:00,0.26087113043240606
2019-05-05 04:15:00,0.14628435075906054
2019-05-05 04:18:00,0.25448667631508215
2019-05-05 04:21:00,0.20242485021049106
2019-05-05 04:24:00,0.27582332846913005
2019-05-05 04:27:00,0.3451063975119837
2019-05-05 04:30:00,0.22279372018641652
2019-05-05 04:33:00,0.18414431008017118
2019-05-05 04:36:00,0.21835136697990265
2019-05-05 04:39:00,0.25306951792038035
2019-05-05 04:42:00,0.2925274814108434
2019-05-05 04:45:00,0.2406028974606329
2019-05-05 04:48:00,0.18329247364846424
2019-05-05 04:51:00,0.3072542117550938
2019-05-05 04:54:00,0.22856138235221124
2019-05-05 04:57:00,0.2753919016729469
2019-05-05 05:00:00,0.24571969256089687
2019-05-05 05:03:00,0.19407781718626893
2019-05-05 05:06:00,0.21808708237011842
2019-05-05 05:09:00,0.3040448179493751
2019-05-05 05:12:00,0.18750869160999173
2019-05-05 05:15:00,0.17228389109078535
2019-05-05 05:18:00,0.31015453771328794
2019-05-05 05:21:00,0.2819735378379278
2019-05-05 05:24:00,0.34822506373132
2019-05-05 05:27:00,0.28761664505077533
2019-05-05 05:30:00,0.2754594025266215
2019-05-05 05:33:00,0.25171396602763707
2019-05-05 05:36:00,0.2456375969045439
2019-05-05 05:39:00,0.3140059146958265
2019-05-05 05:42:00,0.23051341259258606
2019-05-05 05:45:00,0.1884773095454193
2019-05-05 05:48:00,0.323165939650778
2019-05-05 05:51:00,0.246506321025322
2019-05-05 05:54:00,0.35672868808944713
2019-05-05 05:57:00,0.4276854673931325
2019-05-05 06:00:00,0.3357588262746276
2019-05-05 06:03:00,0.22622594375252447
2019-05-05 06:06:00,0.2245717685668751
2019-05-05 06:09:00,0.2892459465137449
2019-05-05 06:12:00,0.19639361058023042
2019-05-05 06:15:00,0.32707282342914823
2019-05-05 06:18:00,0.3057782995381899
2019-05-05 06:21:00,0.2779938082524609
2019-05-05 06:24:00,0.2497606911339858
2019-05-05 06:27:00,0.29462929818816974
2019-05-05 06:30:00,0.31750002283035883
2019-05-05 06:33:00,0.22547993146235967
2019-05-05 06:36:00,0.2713191282862226
2019-05-05 06:39:00,0.3239529644154686
2019-05-05 06:42:00,0.2994577294062424
2019-05-05 06:45:00,0.31201503927650265
2019-05-05 06:48:00,0.2893539643583267
2019-05-05 06:51:00,0.24887538167712364
2019-05-05 06:54:00,0.2672412928574204
2019-05-05 06:57:00,0.25979841694606876
2019-05-05 07:00:00,0.22075729137463895
2019-05-05 07:03:00,0.34877138927174656
2019-05-05 07:06:00,0.20785922945771063
2019-05-05 07:09:00,0.3203989306417725
2019-05-05 07:12:00,0.2892716509006732
2019-05-05 07:15:00,0.2857209251196764
2019-05-05 07:18:00,0.317526813896734
2019-05-05 07:21:00,0.2870639587296182
2019-05-05 07:24:00,0.26807848586486216
2019-05-05 07:27:00,0.19933238164730938
2019-05-05 07:30:00,0.20658271183413035
2019-05-05 07:33:00,0.37390846617893203
2019-05-05 07:36:00,0.2921267679032553
2019-05-05 07:39:00,0.21013301869521683
2019-05-05 07:42:00,0.2994342712507887
2019-05-05 07:45:00,0.27295047241273096
2019-05-05 07:48:00,0.25017014909695945
2019-05-05 07:51:00,0.19270545652284454
2019-05-05 07:54:00,0.3115789400007998
2019-05-05 07:57:00,0.25377104975308384
2019-05-05 08:00:00,0.18706151125780934
2019-05-05 08:03:00,0.171175790645691
2019-05-05 08:06:00,0.07685079187547217
2019-05-05 08:09:00,0.14672478470032502
2019-05-05 08:12:00,0.2031845608976255
2019-05-05 08:15:00,0.17930703804501036
2019-05-05 08:18:00,0.3071920890827755
2019-05-05 08:21:00,0.171056011331018
2019-05-05 08:24:00,0.1501769604167862
2019-05-05 08:27:00,0.13956062183376616
2019-05-05 08:30:00,0.15366909796432537
2019-05-05 08:33:00,0.17356345844046928
2019-05-05 08:36:00,0.190547113717912
2019-05-05 08:39:00,0.16719815735223165
2019-05-05 08:42:00,0.13025700587490974
2019-05-05 08:45:00,0.10450157274044614
2019-05-05 08:48:00,0.14281006466552526
2019-05-05 08:51:00,0.18477270572327598
2019-05-05 08:54:00,0.14185899853424644
2019-05-05 08:57:00,0.06879651044567936
2019-05-05 09:00:00,0.05010335871401139
2019-05-05 09:03:00,0.050067220167818505
2019-05-05 09:06:00,0.09902678296759859
2019-05-05 09:09:00,-0.026758088746021258
2019-05-05 09:12:00,0.06657685079898101
2019-05-05 09:15:00,0.06077713930358186
2019-05-05 09:18:00,-1.243089735680769e-05
2019-05-05 09:21:00,-0.11794109046326184
2019-05-05 09:24:00,-0.03527245051691352
2019-05-05 09:27:00,0.01418051641906004
2019-05-05 09:30:00,0.1024233881948362
2019-05-05 09:33:00,0.019421231786395765
2019-05-05 09:36:00,0.039753851556838526
2019-05-05 09:39:00,-0.09944467104384103
2019-05-05 09:42:00,-0.07029482604326631
2019-05-05 09:45:00,-0.12874978668162385
2019-05-05 09:48:00,-0.12308457079234358
2019-05-05 09:51:00,-0.16347433055545935
2019-05-05 09:54:00,-0.17322468943444846
2019-05-05 09:57:00,-0.21678686224942112
2019-05-05 10:00:00,-0.17395941072595633
2019-05-05 10:03:00,-0.22338786435898328
2019-05-05 10:06:00,-0.24053123245022334
2019-05-05 10:09:00,-0.26729679955417396
2019-05-05 10:12:00,-0.3005902541995056
2019-05-05 10:15:00,-0.2392300434310073
2019-05-05 10:18:00,-0.3237186402176917
2019-05-05 10:21:00,-0.3930987688555092
2019-05-05 10:24:00,-0.3369286864686387
2019-05-05 10:27:00,-0.38277237342845183
2019-05-05 10:30:00,-0.41579048713106204
2019-05-05 10:33:00,-0.2680608995387388
2019-05-05 10:36:00,-0.38722423404902884
2019-05-05 10:39:00,-0.28932428794939824
2019-05-05 10:42:00,-0.30903559085084
2019-05-05 10:45:00,-0.3435322245621819
2019-05-05 10:48:00,-0.323499270126149
2019-05-05 10:51:00,-0.32473732683797607
2019-05-05 10:54:00,-0.3937745362303531
2019-05-05 10:57:00,-0.44975615786131584
2019-05-05 11:00:00,-0.36956560926518023
2019-05-05 11:03:00,-0.41214132631915845
2019-05-05 11:06:00,-0.3942961037375312
2019-05-05 11:09:00,-0.4667057727828592
2019-05-05 11:12:00,-0.4951470357137282
2019-05-05 11:15:00,-0.5120109192002928
2019-05-05 11:18:00,-0.392578327456647
2019-05-05 11:21:00,-0.4995426664866045
2019-05-05 11:24:00,-0.4880403165289522
2019-05-05 11:27:00,-0.47016413240550037
2019-05-05 11:30:00,-0.5144622859803576
2019-05-05 11:33:00,-0.4940078976534892
2019-05-05 11:36:00,-0.540601882255487
2019-05-05 11:39:00,-0.546826206280457
2019-05-05 11:42:00,-0.485416677245496
2019-05-05 11:45:00,-0.5264066309791815
2019-05-05 11:48:00,-0.495418838872979
2019-05-05 11:51:00,-0.48983308391035507
2019-05-05 11:54:00,-0.5172436136450074
2019-05-05 11:57:00,-0.5404914232303781
2019-05-05 12:00:00,-0.5850197840368878
2019-05-05 12:03:00,-0.5427002815453079
2019-05-05 12:06:00,-0.561598759193771
2019-05-05 12:09:00,-0.5262923711144936
2019-05-05 12:12:00,-0.5994593314553072
2019-05-05 12:15:00,-0.5906872606455522
2019-05-05 12:18:00,-0.5700087689060069
2019-05-05 12:21:00,-0.5044013929650077
2019-05-05 12:24:00,-0.5530843403608401
2019-05-05 12:27:00,-0.5431431340747963
2019-05-05 12:30:00,-0.4806142289951367
2019-05-05 12:33:00,-0.6219022132567602
2019-05-05 12:36:00,-0.611977748888819
2019-05-05 12:39:00,-0.5505365287966697
2019-05-05 12:42:00,-0.4527388100636358
2019-05-05 12:45:00,-0.4926523466927506
2019-05-05 12:48:00,-0.5953770774495979
2019-05-05 12:51:00,-0.47863745478372266
2019-05-05 12:54:00,-0.49350722378147793
2019-05-05 12:57:00,-0.5373235324286156
2019-05-05 13:00:00,-0.6299314278938368
2019-05-05 13:03:00,-0.4747486203836502
2019-05-05 13:06:00,-0.5418298470542027
2019-05-05 13:09:00,-0.5089026246266712
2019-05-05 13:12:00,-0.49302619376277335
2019-05-05 13:15:00,-0.44844693739526065
2019-05-05 13:18:00,-0.4723962199794869
2019-05-05 13:21:00,-0.5077437443381996
2019-05-05 13:24:00,-0.47157879199022545
2019-05-05 13:27:00,-0.5364083260041639
2019-05-05 13:30:00,-0.5725748064342611
2019-05-05 13:33:00,-0.4272087016136652
2019-05-05 13:36:00,-0.58806962571947
2019-05-05 13:39:00,-0.5027056526928959
2019-05-05 13:42:00,-0.5589015423017827
2019-05-05 13:45:00,-0.5627217918135443
2019-05-05 13:48:00,-0.5055854991018123
2019-05-05 13:51:00,-0.5709622072654952
2019-05-05 13:54:00,-0.5994139640879439
2019-05-05 13:57:00,-0.46374508622920985
2019-05-05 14:00:00,-0.5610375217456749
2019-05-05 14:03:00,-0.4454741377651317
2019-05-05 14:06:00,-0.48221332520103033
2019-05-05 14:09:00,-0.4853630714478072
2019-05-05 14:12:00,-0.4916273328323655
2019-05-05 14:15:00,-0.4194493624447091
2019-05-05 14:18:00,-0.45874788097000874
2019-05-05 14:21:00,-0.4366895149692027
2019-05-05 14:24:00,-0.49152253069593144
2019-05-05 14:27:00,-0.5450889076410022
2019-05-05 14:30:00,-0.43086852074907256
2019-05-05 14:33:00,-0.36906788617000075
2019-05-05 14:36:00,-0.5250027023332109
2019-05-05 14:39:00,-0.5308932049355235
2019-05-05 14:42:00,-0.5371909976154257
2019-05-05 14:45:00,-0.5719862060714718
2019-05-05 14:48:00,-0.5621626406335167
2019-05-05 14:51:00,-0.5207150693741482
2019-05-05 14:54:00,-0.4525726635227443
2019-05-05 14:57:00,-0.4167036468929268
2019-05-05 15:00:00,-0.40815229037588097
2019-05-05 15:03:00,-0.5550868974875129
2019-05-05 15:06:00,-0.40957182908363166
2019-05-05 15:09:00,-0.4611118973134012
2019-05-05 15:12:00,-0.385017997510829
2019-05-05 15:15:00,-0.2465116051113796
2019-05-05 15:18:00,-0.5051930315304958
2019-05-05 15:21:00,-0.42141475637259873
2019-05-05 15:24:00,-0.5283046085384058
2019-05-05 15:27:00,-0.4011314883296677
2019-05-05 15:30:00,-0.4880527720933969
2019-05-05 15:33:00,-0.45895368493296473
2019-05-05 15:36:00,-0.39797915533853256
2019-05-05 15:39:00,-0.49536546930141867
2019-05-05 15:42:00,-0.41920945764587714
2019-05-05 15:45:00,-0.4419228371750137
2019-05-05 15:48:00,-0.43148959267000464
2019-05-05 15:51:00,-0.3730331136263203
2019-05-05 15:54:00,-0.35172661119594295
2019-05-05 15:57:00,-0.35055163635024655
2019-05-05 16:00:00,-0.4688898935092993
2019-05-05 16:03:00,-0.47181895682734876
2019-05-05 16:06:00,-0.42119916940271196
2019-05-05 16:09:00,-0.4280921095690928
2019-05-05 16:12:00,-0.38930281951792267
2019-05-05 16:15:00,-0.5023789161796799
2019-05-05 16:18:00,-0.43077489190028473
2019-05-05 16:21:00,-0.47886695803242674
2019-05-05 16:24:00,-0.41922913562450503
2019-05-05 16:27:00,-0.5169748482670116
2019-05-05 16:30:00,-0.5135855637927875
2019-05-05 16:33:00,-0.4138388712112828
2019-05-05 16:36:00,-0.390851195927155
2019-05-05 16:39:00,-0.441307729555092
2019-05-05 16:42:00,-0.45002584331649587
2019-05-05 16:45:00,-0.4762295796093099
2019-05-05 16:48:00,-0.5417397962957011
2019-05-05 16:51:00,-0.38289053555405417
2019-05-05 16:54:00,-0.5771543937315187
2019-05-05 16:57:00,-0.5615667857026665
2019-05-05 17:00:00,-0.4753210943099475
2019-05-05 17:03:00,-0.4247695874957458
2019-05-05 17:06:00,-0.5319148157655036
2019-05-05 17:09:00,-0.5040651957824593
2019-05-05 17:12:00,-0.4748347264485915
2019-05-05 17:15:00,-0.4275001488778116
2019-05-05 17:18:00,-0.4866490762473745
2019-05-05 17:21:00,-0.3893577241623234
2019-05-05 17:24:00,-0.3592372473919454
2019-05-05 17:27:00,-0.4518497836762094
2019-05-05 17:30:00,-0.37324915294487937
2019-05-05 17:33:00,-0.37311575579485634
2019-05-05 17:36:00,-0.36951165122042084
2019-05-05 17:39:00,-0.43330234724857064
2019-05-05 17:42:00,-0.4377986407395156
2019-05-05 17:45:00,-0.4519377087431167
2019-05-05 17:48:00,-0.4819046446999664
2019-05-05 17:51:00,-0.45149690124367226
2019-05-05 17:54:00,-0.44202894473414744
2019-05-05 17:57:00,-0.38565012198546356
2019-05-05 18:00:00,-0.3578891175444596
2019-05-05 18:03:00,-0.4111340960290022
2019-05-05 18:06:00,-0.3501663047268835
2019-05-05 18:09:00,-0.2919333416050449
2019-05-05 18:12:00,-0.4131004210468632
2019-05-05 18:15:00,-0.4568674895831464
2019-05-05 18:18:00,-0.3486985466949477
2019-05-05 18:21:00,-0.2818320217118071
2019-05-05 18:24:00,-0.36601319939939003
2019-05-05 18:27:00,-0.3369816003851156
2019-05-05 18:30:00,-0.32882778527704204
2019-05-05 18:33:00,-0.3365059700557822
2019-05-05 18:36:00,-0.290708039642368
2019-05-05 18:39:00,-0.2798917032274062
2019-05-05 18:42:00,-0.23232022261163365
2019-05-05 18:45:00,-0.30065132686524976
2019-05-05 18:48:00,-0.3054957753140002
2019-05-05 18:51:00,-0.25004637356818193
2019-05-05 18:54:00,
2019-05-05 18:57:00,
2019-05-05 19:00:00,
2019-05-05 19:03:00,-0.2892568747381574
2019-05-05 19:06:00,-0.28542142136382154
2019-05-05 19:09:00,-0.250284277065532
2019-05-05 19:12:00,-0.24655777836329662
2019-05-05 19:15:00,-0.26413759693190286
2019-05-05 19:18:00,-0.28340385114285027
2019-05-05 19:21:00,-0.2764146505231224
2019-05-05 19:24:00,-0.2673830583614176
2019-05-05 19:27:00,-0.15932120579799403
2019-05-05 19:30:00,-0.253514828771813
2019-05-05 19:33:00,-0.16777360118231854
2019-05-05 19:36:00,-0.31610494468048955
2019-05-05 19:39:00,-0.28647082080124164
2019-05-05 19:42:00,-0.2777233693889798
2019-05-05 19:45:00,-0.19429581963015607
2019-05-05 19:48:00,-0.27394984908721653
2019-05-05 19:51:00,-0.2370996068683553
2019-05-05 19:54:00,-0.18239067486967997
2019-05-05 19:57:00,-0.20757196227492614
2019-05-05 20:00:00,-0.11577282753597729
2019-05-05 20:03:00,-0.15958675552349177
2019-05-05 20:06:00,-0.15261819495742657
2019-05-05 20:09:00,-0.1869289284014144
2019-05-05 20:12:00,-0.20318953487748104
2019-05-05 20:15:00,-0.17263237165803957
2019-05-05 20:18:00,-0.08786155088540681
2019-05-05 20:21:00,-0.06500168806974216
2019-05-05 20:24:00,-0.09476745507026862
2019-05-05 20:27:00,-0.0746212530854109
2019-05-05 20:30:00,0.024140938021730562
2019-05-05 20:33:00,-0.0123811055352121
2019-05-05 20:36:00,-0.05180568264938756
2019-05-05 20:39:00,-0.05657175793675151
2019-05-05 20:42:00,-0.06124454801130241
2019-05-05 20:45:00,-0.05924411446579825
2019-05-05 20:48:00,-0.04111068771368309
2019-05-05 20:51:00,-0.05439744162418947
2019-05-05 20:54:00,0.017745238985810374
2019-05-05 20:57:00,-0.028579704023400154
2019-05-05 21:00:00,-0.07820470292432447
2019-05-05 21:03:00,-0.1604003451533913
2019-05-05 21:06:00,-0.03134754499063774
2019-05-05 21:09:00,-0.05352105998525758
2019-05-05 21:12:00,0.046120735663294
2019-05-05 21:15:00,0.04603107687364627
2019-05-05 21:18:00,-0.06047379983732526
2019-05-05 21:21:00,0.04060117796103668
2019-05-05 21:24:00,0.052519467564195566
2019-05-05 21:27:00,-0.013207267593202232
2019-05-05 21:30:00,0.06849396244479067
2019-05-05 21:33:00,0.06854489571554723
2019-05-05 21:36:00,-0.0332454706129397
2019-05-05 21:39:00,0.019732838087804794
2019-05-05 21:42:00,0.04356888615916432
2019-05-05 21:45:00,0.0172290329722955
2019-05-05 21:48:00,0.01983903250425101
2019-05-05 21:51:00,0.03572081676242078
2019-05-05 21:54:00,0.06897341631821519
2019-05-05 21:57:00,0.00022692043341976387
2019-05-05 22:00:00,-0.0590874334108662
2019-05-05 22:03:00,0.01018761565450177
2019-05-05 22:06:00,-0.03630218949888331
2019-05-05 22:09:00,-0.043515391251446545
2019-05-05 22:12:00,-0.03737584582120235
2019-05-05 22:15:00,-0.009496374556135834
2019-05-05 22:18:00,-0.010540854690816559
2019-05-05 22:21:00,-0.002141662502708641
2019-05-05 22:24:00,0.05448405157824254
2019-05-05 22:27:00,-0.03225338485987095
2019-05-05 22:30:00,-0.1383678268007884
2019-05-05 22:33:00,-0.10184638783118771
2019-05-05 22:36:00,-0.16852253289732744
2019-05-05 22:39:00,-0.05955623432765833
2019-05-05 22:42:00,-0.23058456193024313
2019-05-05 22:45:00,-0.05808830199219983
2019-05-05 22:48:00,-0.03361620756919592
2019-05-05 22:51:00,-0.04551255660692277
2019-05-05 22:54:00,-0.13522291910328477
2019-05-05 22:57:00,-0.12359363798373124
2019-05-05 23:00:00,-0.03990103897564268
2019-05-05 23:03:00,-0.03168345470527356
2019-05-05 23:06:00,-0.09262317684937216
2019-05-05 23:09:00,-0.10079330332297332
2019-05-05 23:12:00,0.00041271339625836845
2019-05-05 23:15:00,-0.07066932497053813
2019-05-05 23:18:00,-0.10531131122110082
2019-05-05 23:21:00,-0.08314398123820865
2019-05-05 23:24:00,-0.02912929005043452
2019-05-05 23:27:00,0.004363350957817147
2019-05-05 23:30:00,-0.04232363857840937
2019-05-05 23:33:00,-0.15323340186733958
2019-05-05 23:36:00,-0.14382496977555093
2019-05-05 23:39:00,-0.11047724848049256
2019-05-05 23:42:00,-0.13979006433379482
2019-05-05 23:45:00,-0.07528671063141701
2019-05-05 23:48:00,-0.03449034670427409
2019-05-05 23:51:00,-0.08076436590249614
2019-05-05 23:54:00,-0.08700764568425257
2019-05-05 23:57:00,-0.045041937128075915
2019-05-06 00:00:00,-0.04515630570875828
2019-05-06 00:03:00,-0.09357300352303355
2019-05-06 00:06:00,-0.13366389541357648
2019-05-06 00:09:00,-0.031389045931746296
2019-05-06 00:12:00,-0.1006082058024731
2019-05-06 00:15:00,-0.09986721306756863
2019-05-06 00:18:00,-0.15053103173465843
2019-05-06 00:21:00,-0.05991057869204042
2019-05-06 00:24:00,-0.07537912177781436
2019-05-06 00:27:00,-0.07394471539123515
2019-05-06 00:30:00,-0.11343036345169821
2019-05-06 00:33:00,-0.12227424416755639
2019-05-06 00:36:00,0.015147660981085664
2019-05-06 00:39:00,-0.013150189694272285
2019-05-06 00:42:00,0.019849272072917756
2019-05-06 00:45:00,0.06697621738834414
2019-05-06 00:48:00,0.012667888839530406
2019-05-06 00:51:00,0.024498015144843066
2019-05-06 00:54:00,-0.017904154888583435
2019-05-06 00:57:00,-0.009637702636780432
2019-05-06 01:00:00,-0.023507791556198754
2019-05-06 01:03:00,-0.09592698687765733
2019-05-06 01:06:00,0.025456882151900118
2019-05-06 01:09:00,-0.14347222988027397
2019-05-06 01:12:00,-0.03451319328240743
2019-05-06 01:15:00,-0.05989599235027754
2019-05-06 01:18:00,-0.03783538609548032
2019-05-06 01:21:00,-0.09850718647487611
2019-05-06 01:24:00,0.027244933342217337
2019-05-06 01:27:00,-0.08562308309836908
2019-05-06 01:30:00,-0.05018823010709639
2019-05-06 01:33:00,-0.03748086118145011
2019-05-06 01:36:00,-0.008174244970007294
2019-05-06 01:39:00,-0.030090951578699787
2019-05-06 01:42:00,-0.04188291788705101
2019-05-06 01:45:00,0.024449608544671264
2019-05-06 01:48:00,-0.0249904069155491
2019-05-06 01:51:00,-0.014795250930148995
2019-05-06 01:54:00,0.0630761405117255
2019-05-06 01:57:00,0.072426860111932
2019-05-06 02:00:00,0.04010677198607482
2019-05-06 02:03:00,0.039464583935114206
2019-05-06 02:06:00,-0.009436359794676719
2019-05-06 02:09:00,0.10209994728774063
2019-05-06 02:12:00,-0.027280071165307618
2019-05-06 02:15:00,-0.048034504038128034
2019-05-06 02:18:00,0.07614834793804448
2019-05-06 02:21:00,0.014160056471666849
2019-05-06 02:24:00,-0.04959369225707633
2019-05-06 02:27:00,0.10271642296117989
2019-05-06 02:30:00,0.06553018519844045
2019-05-06 02:33:00,-0.004163956595334639
2019-05-06 02:36:00,0.13676993779796476
2019-05-06 02:39:00,0.07239071443245848
2019-05-06 02:42:00,0.027037979246017585
2019-05-06 02:45:00,0.03119525562550507
2019-05-06 02:48:00,0.14935541340855707
2019-05-06 02:51:00,0.09095258945160367
2019-05-06 02:54:00,0.04002374138366349
2019-05-06 02:57:00,0.14452612890136152
2019-05-06 03:00:00,0.02767562731111184
2019-05-06 03:03:00,0.06434320589369236
2019-05-06 03:06:00,0.0034789609298400137
2019-05-06 03:09:00,0.05421472544287553
2019-05-06 03:12:00,0.07975259712083016
2019-05-06 03:15:00,0.10620313649428681
2019-05-06 03:18:00,0.05369318003789658
2019-05-06 03:21:00,0.033205846425630625
2019-05-06 03:24:00,0.07527401094540664
2019-05-06 03:27:00,0.05267231482736179
2019-05-06 03:30:00,0.03571022668467094
2019-05-06 03:33:00,0.053235454667856175
2019-05-06 03:36:00,0.06797781663470914
2019-05-06 03:39:00,0.11624334782624146
2019-05-06 03:42:00,0.16471184695183183
2019-05-06 03:45:00,0.1431889826682209
2019-05-06 03:48:00,0.16406214854492873
2019-05-06 03:51:00,0.14510017929330843
2019-05-06 03:54:00,0.2297714464168621
2019-05-06 03:57:00,0.1977667597490722
2019-05-06 04:00:00,0.17536686836336912
2019-05-06 04:03:00,0.16757759471977351
2019-05-06 04:06:00,0.17800038041991684
2019-05-06 04:09:00,0.10549578373615986
2019-05-06 04:12:00,0.18846536406596215
2019-05-06 04:15:00,0.26177153923742935
2019-05-06 04:18:00,0.18372420727285999
2019-05-06 04:21:00,0.21194918217378245
2019-05-06 04:24:00,0.17303404172184855
2019-05-06 04:27:00,0.2135553578286249
2019-05-06 04:30:00,0.26848274174130893
2019-05-06 04:33:00,0.1824558740993325
2019-05-06 04:36:00,0.27411063087538423
2019-05-06 04:39:00,0.2840249524060141
2019-05-06 04:42:00,0.18130736100977174
2019-05-06 04:45:00,0.2760297974500645
2019-05-06 04:48:00,0.2975225066358007
2019-05-06 04:51:00,0.29754635881363356
2019-05-06 04:54:00,0.23641157531045565
2019-05-06 04:57:00,0.2607015033341895
2019-05-06 05:00:00,0.3226521770089903
2019-05-06 05:03:00,0.3053414374030581
2019-05-06 05:06:00,0.2407951324864257
2019-05-06 05:09:00,0.30017177346508106
2019-05-06 05:12:00,0.26881643343193673
2019-05-06 05:15:00,0.31810183763582245
2019-05-06 05:18:00,0.3117078273046445
2019-05-06 05:21:00,0.2273394222954721
2019-05-06 05:24:00,0.28235390510758407
2019-05-06 05:27:00,0.14229689361877718
2019-05-06 05:30:00,0.34003626590151725
2019-05-06 05:33:00,0.3556480887090743
2019-05-06 05:36:00,0.2997526488269955
2019-05-06 05:39:00,0.32778918806275215
2019-05-06 05:42:00,0.2869240651169207
2019-05-06 05:45:00,0.3165420724967021
2019-05-06 05:48:00,0.3290624128317745
2019-05-06 05:51:00,0.32841684186746534
2019-05-06 05:54:00,0.336786937446675
2019-05-06 05:57:00,0.3561880355709377
2019-05-06 06:00:00,0.31268717093342957
2019-05-06 06:03:00,0.33574068941589985
2019-05-06 06:06:00,0.3537756185197054
2019-05-06 06:09:00,0.283300960966983
2019-05-06 06:12:00,0.255639738843513
2019-05-06 06:15:00,0.33813019101046393
2019-05-06 06:18:00,0.2902764541017291
2019-05-06 06:21:00,0.39431735723286465
2019-05-06 06:24:00,0.3585322222575087
2019-05-06 06:27:00,0.3044686697558632
2019-05-06 06:30:00,0.33166411891363623
2019-05-06 06:33:00,0.2762069250734953
2019-05-06 06:36:00,0.3532634259328802
2019-05-06 06:39:00,0.3942724800808719
2019-05-06 06:42:00,0.37930679170290205
2019-05-06 06:45:00,0.34895163877314417
2019-05-06 06:48:00,0.37498299122120216
2019-05-06 06:51:00,0.3676637376227063
2019-05-06 06:54:00,0.36241367426742954
2019-05-06 06:57:00,0.3755932254117056
2019-05-06 07:00:00,0.3514044406038579
2019-05-06 07:03:00,0.3416269666884659
2019-05-06 07:06:00,0.33024097036059175
2019-05-06 07:09:00,0.35182642543662723
2019-05-06 07:12:00,0.373150860150929
2019-05-06 07:15:00,0.37149886740343163
2019-05-06 07:18:00,0.3489220080273867
2019-05-06 07:21:00,0.45100349028132314
2019-05-06 07:24:00,0.4546154093707173
2019-05-06 07:27:00,0.4293823783054336
2019-05-06 07:30:00,0.32369116579849333
2019-05-06 07:33:00,0.3528435796326903
2019-05-06 07:36:00,0.3081198046988902
2019-05-06 07:39:00,0.46106825483997227
2019-05-06 07:42:00,0.3709133384571146
2019-05-06 07:45:00,0.35392431545795944
2019-05-06 07:48:00,0.4442843528597109
2019-05-06 07:51:00,0.35760943072642704
2019-05-06 07:54:00,0.38135419276039784
2019-05-06 07:57:00,0.3003093395740848
2019-05-06 08:00:00,0.31628786005745724
2019-05-06 08:03:00,0.2688930572059576
2019-05-06 08:06:00,0.21137618841089534
2019-05-06 08:09:00,0.2673790470626045
2019-05-06 08:12:00,0.20551715869487452
2019-05-06 08:15:00,0.22197778853762884
2019-05-06 08:18:00,0.21525128534477744
2019-05-06 08:21:00,0.2709737217377892
2019-05-06 08:24:00,0.18747976419433598
2019-05-06 08:27:00,0.2517671085068969
2019-05-06 08:30:00,0.18107963269312677
2019-05-06 08:33:00,0.1304984632207038
2019-05-06 08:36:00,0.11866888554652633
2019-05-06 08:39:00,0.17182461415529815
2019-05-06 08:42:00,0.11972089994571888
2019-05-06 08:45:00,0.04838367153155332
2019-05-06 08:48:00,0.11773078470639575
2019-05-06 08:51:00,0.053676601432300686
2019-05-06 08:54:00,0.09298195775409113
2019-05-06 08:57:00,0.013312664656041306
2019-05-06 09:00:00,-0.05777359139659666
2019-05-06 09:03:00,-0.007092791722982383
2019-05-06 09:06:00,-0.08556835927390694
2019-05-06 09:09:00,0.002112416273234885
2019-05-06 09:12:00,-0.15219716550762996
2019-05-06 09:15:00,-0.12007085671382356
2019-05-06 09:18:00,-0.06384932351591033
2019-05-06 09:21:00,-0.050582074076146455
2019-05-06 09:24:00,-0.18245186741222597
2019-05-06 09:27:00,-0.15701316415777455
2019-05-06 09:30:00,-0.15620640986014678
2019-05-06 09:33:00,-0.22140025411238184
2019-05-06 09:36:00,-0.3426382842655471
2019-05-06 09:39:00,-0.2712149766505263
2019-05-06 09:42:00,-0.24649250852706928
2019-05-06 09:45:00,-0.2538045797723498
2019-05-06 09:48:00,-0.3621465585022179
2019-05-06 09:51:00,-0.3235529091670628
2019-05-06 09:54:00,-0.25781882899627817
2019-05-06 09:57:00,-0.28559755136063814
2019-05-06 10:00:00,-0.21447044038734475
2019-05-06 10:03:00,-0.33042424159918937
2019-05-06 10:06:00,-0.3898634304573534
2019-05-06 10:09:00,-0.35844614102597916
2019-05-06 10:12:00,-0.368840163070729
2019-05-06 10:15:00,-0.38399583603467136
2019-05-06 10:18:00,-0.3791051743746152
2019-05-06 10:21:00,-0.34115509220578133
2019-05-06 10:24:00,-0.2700264271579158
2019-05-06 10:27:00,-0.38984580495150567
2019-05-06 10:30:00,-0.4157010957380294
2019-05-06 10:33:00,-0.4881037042457592
2019-05-06 10:36:00,-0.4095359610839182
2019-05-06 10:39:00,-0.37604063583660263
2019-05-06 10:42:00,-0.3180612031245573
2019-05-06 10:45:00,-0.45209461697612596
2019-05-06 10:48:00,-0.4088041950738557
2019-05-06 10:51:00,-0.4213328573678723
2019-05-06 10:54:00,-0.4020752729943524
2019-05-06 10:57:00,-0.37139760883189865
2019-05-06 11:00:00,-0.463826852581974
2019-05-06 11:03:00,-0.3693849941112717
2019-05-06 11:06:00,-0.598018144106959
2019-05-06 11:09:00,-0.5758010736185497
2019-05-06 11:12:00,-0.5394629208726656
2019-05-06 11:15:00,-0.43248162178980465
2019-05-06 11:18:00,-0.39259306321315535
2019-05-06 11:21:00,-0.5223495698576244
2019-05-06 11:24:00,-0.5309472206335499
2019-05-06 11:27:00,-0.47731810383879747
2019-05-06 11:30:00,-0.5379313046517495
2019-05-06 11:33:00,-0.4878762432691133
2019-05-06 11:36:00,-0.4980821891278424
2019-05-06 11:39:00,-0.5880338170971982
2019-05-06 11:42:00,-0.5769285791749326
2019-05-06 11:45:00,-0.507536819304562
2019-05-06 11:48:00,-0.5073080738602016
2019-05-06 11:51:00,-0.5010186943101758
2019-05-06 11:54:00,-0.43696965297539236
2019-05-06 11:57:00,-0.6596309198707786
2019-05-06 12:00:00,-0.5613290901391679
2019-05-06 12:03:00,-0.5123581395419592
2019-05-06 12:06:00,-0.5533044130494318
2019-05-06 12:09:00,-0.6170235690186701
2019-05-06 12:12:00,-0.4224307582234701
2019-05-06 12:15:00,-0.5869836335136256
2019-05-06 12:18:00,-0.49971445662998804
2019-05-06 12:21:00,-0.49620437427950037
2019-05-06 12:24:00,-0.5935220983919862
2019-05-06 12:27:00,-0.6662504686179318
2019-05-06 12:30:00,-0.6016053229773206
2019-05-06 12:33:00,-0.5446922457148844
2019-05-06 12:36:00,-0.4869512706150658
2019-05-06 12:39:00,-0.6667682959043759
2019-05-06 12:42:00,-0.6984754125987251
2019-05-06 12:45:00,-0.4805595539091314
2019-05-06 12:48:00,-0.587132833281828
2019-05-06 12:51:00,-0.628444345719231
2019-05-06 12:54:00,-0.555242219556817
2019-05-06 12:57:00,-0.5121657666097121
2019-05-06 13:00:00,-0.4844133787669307
2019-05-06 13:03:00,-0.6549401924146991
2019-05-06 13:06:00,-0.5842571242296799
2019-05-06 13:09:00,-0.5028808009701606
2019-05-06 13:12:00,-0.6405642900516568
2019-05-06 13:15:00,-0.5681190429125422
2019-05-06 13:18:00,-0.47143305577742467
2019-05-06 13:21:00,-0.5648384198401004
2019-05-06 13:24:00,-0.5492877434102752
2019-05-06 13:27:00,-0.43656505995909356
2019-05-06 13:30:00,-0.4606273792280149
2019-05-06 13:33:00,-0.6184582361736943
2019-05-06 13:36:00,-0.6078213676082669
2019-05-06 13:39:00,-0.5119595603904372
2019-05-06 13:42:00,-0.5051764373934589
2019-05-06 13:45:00,-0.4088925680796933
2019-05-06 13:48:00,-0.3826239821868853
2019-05-06 13:51:00,-0.4418682831261549
2019-05-06 13:54:00,-0.477484347975178
2019-05-06 13:57:00,-0.5284174526790935
2019-05-06 14:00:00,-0.5318041417523887
2019-05-06 14:03:00,-0.47676632517993767
2019-05-06 14:06:00,-0.49072608924012684
2019-05-06 14:09:00,-0.5400503931347771
2019-05-06 14:12:00,-0.45180017632293357
2019-05-06 14:15:00,-0.5483378442557978
2019-05-06 14:18:00,-0.6058625143660379
2019-05-06 14:21:00,-0.45441030584299824
2019-05-06 14:24:00,-0.6426934630231926
2019-05-06 14:27:00,-0.5793468023493915
2019-05-06 14:30:00,-0.5111205501549421
2019-05-06 14:33:00,-0.4177633546992183
2019-05-06 14:36:00,-0.4259798511067743
2019-05-06 14:39:00,-0.49031464734741803
2019-05-06 14:42:00,-0.5400018662583648
2019-05-06 14:45:00,-0.49557124614455006
2019-05-06 14:48:00,-0.5203598474759019
2019-05-06 14:51:00,-0.6203834157330448
2019-05-06 14:54:00,-0.6801084447122321
2019-05-06 14:57:00,-0.6255403737422398
2019-05-06 15:00:00,-0.4967529309662382
2019-05-06 15:03:00,-0.5803211260632111
2019-05-06 15:06:00,-0.6444354336886704
2019-05-06 15:09:00,-0.5676295562281553
2019-05-06 15:12:00,-0.5407375606338292
2019-05-06 15:15:00,-0.5106852958954846
2019-05-06 15:18:00,-0.5180351293493004
2019-05-06 15:21:00,-0.4912282469070419
2019-05-06 15:24:00,-0.5436849558331573
2019-05-06 15:27:00,-0.6438989950554515
2019-05-06 15:30:00,-0.5004901742433958
2019-05-06 15:33:00,-0.5452739751736431
2019-05-06 15:36:00,-0.5701017648923994
2019-05-06 15:39:00,-0.5062431872186721
2019-05-06 15:42:00,-0.5373446790795811
2019-05-06 15:45:00,-0.6632013326284891
2019-05-06 15:48:00,-0.6211743780933716
2019-05-06 15:51:00,-0.5135149019802157
2019-05-06 15:54:00,-0.5288774339771862
2019-05-06 15:57:00,-0.46874178998683647
2019-05-06 16:00:00,-0.5475463882806366
2019-05-06 16:03:00,-0.5105067288768623
2019-05-06 16:06:00,-0.6313200241101526
2019-05-06 16:09:00,-0.43739589405976176
2019-05-06 16:12:00,-0.4341003743292049
2019-05-06 16:15:00,-0.5677235876353848
2019-05-06 16:18:00,-0.5805558632043812
2019-05-06 16:21:00,-0.6900038475806127
2019-05-06 16:24:00,-0.5932587902688624
2019-05-06 16:27:00,-0.6883600003544075
2019-05-06 16:30:00,-0.6156600246678181
2019-05-06 16:33:00,-0.5371834945818819
2019-05-06 16:36:00,-0.6632192749312935
2019-05-06 16:39:00,-0.6285443052009327
2019-05-06 16:42:00,-0.5557214915471604
2019-05-06 16:45:00,-0.5790056350434156
2019-05-06 16:48:00,-0.5906879367509532
2019-05-06 16:51:00,-0.5090847179961884
2019-05-06 16:54:00,-0.5498420851313313
2019-05-06 16:57:00,-0.5508597334853107
2019-05-06 17:00:00,-0.5238262681523906
2019-05-06 17:03:00,-0.5005365589951225
2019-05-06 17:06:00,-0.4767511655088583
2019-05-06 17:09:00,-0.4263432906789717
2019-05-06 17:12:00,-0.459476777235011
2019-05-06 17:15:00,-0.4389614412575611
2019-05-06 17:18:00,-0.5309971093383297
2019-05-06 17:21:00,-0.47141519778415386
2019-05-06 17:24:00,-0.443197972998405
2019-05-06 17:27:00,-0.4798868368647504
2019-05-06 17:30:00,-0.47598705385610174
2019-05-06 17:33:00,-0.305373729152393
2019-05-06 17:36:00,-0.510446248446101
2019-05-06 17:39:00,-0.5652586512939592
2019-05-06 17:42:00,-0.44503471935877315
2019-05-06 17:45:00,-0.3730974310776105
2019-05-06 17:48:00,-0.3840207312235293
2019-05-06 17:51:00,-0.37567626599354753
2019-05-06 17:54:00,-0.4273123356976498
2019-05-06 17:57:00,-0.44758677063629193
2019-05-06 18:00:00,-0.4358509820186214
2019-05-06 18:03:00,-0.4402597875770198
2019-05-06 18:06:00,-0.43160783810270686
2019-05-06 18:09:00,-0.44647329215285936
2019-05-06 18:12:00,-0.25001557306711675
2019-05-06 18:15:00,-0.27968925104727305
2019-05-06 18:18:00,-0.36811423366236795
2019-05-06 18:21:00,-0.3524731118146178
2019-05-06 18:24:00,-0.26596973860404205
2019-05-06 18:27:00,-0.25898956112024507
2019-05-06 18:30:00,-0.27361816936240757
2019-05-06 18:33:00,-0.258624778633191
2019-05-06 18:36:00,-0.13251834309477317
2019-05-06 18:39:00,-0.27970959818344454
2019-05-06 18:42:00,-0.20917237736171046
2019-05-06 18:45:00,-0.2230776366251348
2019-05-06 18:48:00,-0.23975393342266216
2019-05-06 18:51:00,-0.14123317385576684
2019-05-06 18:54:00,
2019-05-06 18:57:00,
2019-05-06 19:00:00,
2019-05-06 19:03:00,-0.17741734566573086
2019-05-06 19:06:00,-0.23253895962261595
2019-05-06 19:09:00,-0.13188582448123043
2019-05-06 19:12:00,-0.18355279491578358
2019-05-06 19:15:00,-0.14780552477037645
2019-05-06 19:18:00,-0.15183136489332583
2019-05-06 19:21:00,-0.057927765820011246
2019-05-06 19:24:00,-0.11946635563327845
2019-05-06 19:27:00,-0.035705362997191514
2019-05-06 19:30:00,-0.04651875857342702
2019-05-06 19:33:00,-0.18330292371558699
2019-05-06 19:36:00,-0.08373689941265638
2019-05-06 19:39:00,-0.12811136240628684
2019-05-06 19:42:00,-0.06620432632064421
2019-05-06 19:45:00,-0.010500647607784686
2019-05-06 19:48:00,-0.03911944369986031
2019-05-06 19:51:00,-0.1739866294281569
2019-05-06 19:54:00,-0.12494696598719202
2019-05-06 19:57:00,-0.1071972440756781
2019-05-06 20:00:00,-0.13192962369288352
2019-05-06 20:03:00,-0.06935523852530423
2019-05-06 20:06:00,-0.1323158902138175
2019-05-06 20:09:00,-0.09179314057968213
2019-05-06 20:12:00,-0.08509248605344055
2019-05-06 20:15:00,-0.17364455277777324
2019-05-06 20:18:00,-0.10690515614066953
2019-05-06 20:21:00,0.024853559911775847
2019-05-06 20:24:00,-0.13947715677380756
2019-05-06 20:27:00,-0.11862810176586436
2019-05-06 20:30:00,-0.08134683691935152
2019-05-06 20:33:00,-0.04157070615661951
2019-05-06 20:36:00,-0.1061338525145743
2019-05-06 20:39:00,-0.04920058696450269
2019-05-06 20:42:00,-0.018233087661599257
2019-05-06 20:45:00,0.0006501447782625291
2019-05-06 20:48:00,-0.027281532771780803
2019-05-06 20:51:00,0.04830057372231522
2019-05-06 20:54:00,-0.04770503705219653
2019-05-06 20:57:00,0.0571645944594934
2019-05-06 21:00:00,-0.008511380390643808
2019-05-06 21:03:00,0.08125237076740177
2019-05-06 21:06:00,0.04604427585792337
2019-05-06 21:09:00,-0.018140066207479322
2019-05-06 21:12:00,-0.027227566347391985
2019-05-06 21:15:00,-0.02861374854580845
2019-05-06 21:18:00,-0.035212946502952036
2019-05-06 21:21:00,0.015646610691248952
2019-05-06 21:24:00,-0.08081751101104828
2019-05-06 21:27:00,-0.005306134954139452
2019-05-06 21:30:00,0.012835873727624403
2019-05-06 21:33:00,0.06025216009106771
2019-05-06 21:36:00,0.04506669707831179
2019-05-06 21:39:00,0.05545516859046984
2019-05-06 21:42:00,0.06521938455324516
2019-05-06 21:45:00,0.08015758054960997
2019-05-06 21:48:00,0.01990778006364735
2019-05-06 21:51:00,0.09339385590482152
2019-05-06 21:54:00,0.06486344413303868
2019-05-06 21:57:00,0.06511061622455827
2019-05-06 22:00:00,0.03569635311140473
2019-05-06 22:03:00,0.08122207678309223
2019-05-06 22:06:00,0.10216252883986954
2019-05-06 22:09:00,-0.04708715308652245
2019-05-06 22:12:00,-0.07507544858827941
2019-05-06 22:15:00,-0.038295950040037496
2019-05-06 22:18:00,0.047249803951388
2019-05-06 22:21:00,-0.10246437573209732
2019-05-06 22:24:00,-0.06912992087052316
2019-05-06 22:27:00,-0.10144127890549726
2019-05-06 22:30:00,-0.03846469074619563
2019-05-06 22:33:00,-0.0530670741111976
2019-05-06 22:36:00,0.05837696597717468
2019-05-06 22:39:00,0.004407613286673495
2019-05-06 22:42:00,-0.043717926585657096
2019-05-06 22:45:00,0.11301132219278998
2019-05-06 22:48:00,0.021769468271656933
2019-05-06 22:51:00,0.028025280483234383
2019-05-06 22:54:00,-0.02479761564012506
2019-05-06 22:57:00,-0.0582421928663166
2019-05-06 23:00:00,0.025109921392186152
2019-05-06 23:03:00,0.07016409431832926
2019-05-06 23:06:00,0.022936747377173106
2019-05-06 23:09:00,0.029355654637640782
2019-05-06 23:12:00,0.02100547495160754
2019-05-06 23:15:00,-0.03430557061648187
2019-05-06 23:18:00,-0.015052014103332567
2019-05-06 23:21:00,0.1013441539436144
2019-05-06 23:24:00,0.04263460769169569
2019-05-06 23:27:00,-0.058993585072357746
2019-05-06 23:30:00,-0.05341456512581999
2019-05-06 23:33:00,-0.020340619000364768
2019-05-06 23:36:00,-0.07756003365682318
2019-05-06 23:39:00,0.007534293363960387
2019-05-06 23:42:00,-0.007125063811656673
2019-05-06 23:45:00,0.034234516115134284
2019-05-06 23:48:00,0.003378455071924691
2019-05-06 23:51:00,0.00628354866734071
2019-05-06 23:54:00,0.011180354217117383
2019-05-06 23:57:00,-0.014415300231405581
2019-05-07 00:00:00,-0.03584717106491553
2019-05-07 00:03:00,-0.09204813617208174
2019-05-07 00:06:00,-0.033893750568324776
2019-05-07 00:09:00,-0.004965485429409
2019-05-07 00:12:00,-0.014122221987690864
2019-05-07 00:15:00,-0.18514863149516714
2019-05-07 00:18:00,-0.025419729104100952
2019-05-07 00:21:00,-0.12037064074809223
2019-05-07 00:24:00,-0.10271133289796808
2019-05-07 00:27:00,-0.05196325801335888
2019-05-07 00:30:00,-0.0813725757173529
2019-05-07 00:33:00,0.04020069480799293
2019-05-07 00:36:00,-0.013223923173597996
2019-05-07 00:39:00,-0.08256167631952849
2019-05-07 00:42:00,0.01499636010737504
2019-05-07 00:45:00,-0.016275864560441278
2019-05-07 00:48:00,0.09952526557634656
2019-05-07 00:51:00,-0.022275985848352775
2019-05-07 00:54:00,0.05259939839601202
2019-05-07 00:57:00,0.08106084351254594
2019-05-07 01:00:00,0.07813268475820223
2019-05-07 01:03:00,0.13465928692613716
2019-05-07 01:06:00,-0.0029933652513705056
2019-05-07 01:09:00,0.03121973643186493
2019-05-07 01:12:00,-0.07685855245858875
2019-05-07 01:15:00,0.06908120900271797
2019-05-07 01:18:00,0.011693453620125638
2019-05-07 01:21:00,-0.021124667567562483
2019-05-07 01:24:00,-0.16790898050084024
2019-05-07 01:27:00,-0.017100978272253542
2019-05-07 01:30:00,-0.0038925786639083526
2019-05-07 01:33:00,-0.03665684145278192
2019-05-07 01:36:00,-0.03621425301855652
2019-05-07 01:39:00,-0.09570732441773089
2019-05-07 01:42:00,0.034132944459997816
2019-05-07 01:45:00,-0.041898544922048586
2019-05-07 01:48:00,0.081202176370482
2019-05-07 01:51:00,0.009353234848902048
2019-05-07 01:54:00,-0.0395778185560971
2019-05-07 01:57:00,0.01896571869872332
2019-05-07 02:00:00,-0.09305468160476948
2019-05-07 02:03:00,-0.05487431903043216
2019-05-07 02:06:00,-0.013969187961208718
2019-05-07 02:09:00,0.04978828207583774
2019-05-07 02:12:00,0.05696056164975971
2019-05-07 02:15:00,0.15686194131075126
2019-05-07 02:18:00,0.009374520162680255
2019-05-07 02:21:00,0.004004340502604009
2019-05-07 02:24:00,0.08426182060554765
2019-05-07 02:27:00,-0.017667385825745896
2019-05-07 02:30:00,-0.10727208595068305
2019-05-07 02:33:00,-0.07193739568913315
2019-05-07 02:36:00,-0.01291158149626881
2019-05-07 02:39:00,-0.058830046069374475
2019-05-07 02:42:00,-0.03153388485287678
2019-05-07 02:45:00,0.021706942913965577
2019-05-07 02:48:00,0.019842822739235544
2019-05-07 02:51:00,0.08181324863824102
2019-05-07 02:54:00,-0.03552630029781767
2019-05-07 02:57:00,0.09755427127714711
2019-05-07 03:00:00,0.06859266906275252
2019-05-07 03:03:00,0.06957018330103892
2019-05-07 03:06:00,0.0823753390826596
2019-05-07 03:09:00,0.07897493080190543
2019-05-07 03:12:00,-0.008159184068347258
2019-05-07 03:15:00,0.1316337094120854
2019-05-07 03:18:00,0.08654742173541763
2019-05-07 03:21:00,0.11581934220839685
2019-05-07 03:24:00,-0.03716671543048733
2019-05-07 03:27:00,0.0630261625265689
2019-05-07 03:30:00,0.1635408519498469
2019-05-07 03:33:00,0.053715811953850334
2019-05-07 03:36:00,0.16571232672487213
2019-05-07 03:39:00,0.1790249281283991
2019-05-07 03:42:00,0.032797433711152735
2019-05-07 03:45:00,0.12885922609098088
2019-05-07 03:48:00,0.08238256941518785
2019-05-07 03:51:00,0.11839668014522431
2019-05-07 03:54:00,0.03562960747166244
2019-05-07 03:57:00,0.144837882107538
2019-05-07 04:00:00,0.12111383278607946
2019-05-07 04:03:00,0.1336006072264695
2019-05-07 04:06:00,0.00918010999987473
2019-05-07 04:09:00,0.050787027333171864
2019-05-07 04:12:00,-0.03618770177860142
2019-05-07 04:15:00,0.1045798903575701
2019-05-07 04:18:00,0.08859915487687431
2019-05-07 04:21:00,0.14400808874876248
2019-05-07 04:24:00,0.07540246670896522
2019-05-07 04:27:00,0.1259014280315114
2019-05-07 04:30:00,0.14609563181170415
2019-05-07 04:33:00,0.07569166961485507
2019-05-07 04:36:00,0.06462493548610837
2019-05-07 04:39:00,0.11629730392638749
2019-05-07 04:42:00,0.13185723336482624
2019-05-07 04:45:00,0.13885611822968258
2019-05-07 04:48:00,0.1542172037559908
2019-05-07 04:51:00,0.12308302325732257
2019-05-07 04:54:00,0.13415349435837243
2019-05-07 04:57:00,0.2087471044950462
2019-05-07 05:00:00,0.16948682960492079
2019-05-07 05:03:00,0.11390436382708913
2019-05-07 05:06:00,0.08786587289841918
2019-05-07 05:09:00,0.10436252880361963
2019-05-07 05:12:00,0.12119917994920115
2019-05-07 05:15:00,0.06866315869910977
2019-05-07 05:18:00,0.1678182297006856
2019-05-07 05:21:00,0.1978640553763853
2019-05-07 05:24:00,0.11752579667188456
2019-05-07 05:27:00,0.1331034166958034
2019-05-07 05:30:00,0.12472722368789846
2019-05-07 05:33:00,0.11461020587734083
2019-05-07 05:36:00,0.2847198570113392
2019-05-07 05:39:00,0.15746887677551058
2019-05-07 05:42:00,0.05361582415685007
2019-05-07 05:45:00,0.15254679599121346
2019-05-07 05:48:00,0.21213807988493727
2019-05-07 05:51:00,0.15921537322299173
2019-05-07 05:54:00,0.1774544618911591
2019-05-07 05:57:00,0.12867173953418387
2019-05-07 06:00:00,0.16332528165958138
2019-05-07 06:03:00,0.09834217663046729
2019-05-07 06:06:00,0.12385592482297625
2019-05-07 06:09:00,0.18525432769001782
2019-05-07 06:12:00,0.17824967066093222
2019-05-07 06:15:00,0.10804794400786477
2019-05-07 06:18:00,0.13428292290456056
2019-05-07 06:21:00,0.19261486423243923
2019-05-07 06:24:00,0.1800050872929546
2019-05-07 06:27:00,0.09050878651618177
2019-05-07 06:30:00,0.07962235276789897
2019-05-07 06:33:00,0.16412083606178385
2019-05-07 06:36:00,0.16155976536049366
2019-05-07 06:39:00,0.0917282769281087
2019-05-07 06:42:00,0.04915063986197765
2019-05-07 06:45:00,0.12835858801048516
2019-05-07 06:48:00,0.029642757412489118
2019-05-07 06:51:00,0.1035368408680597
2019-05-07 06:54:00,0.19035261263769598
2019-05-07 06:57:00,0.06333176555233422
2019-05-07 07:00:00,0.12799640731390127
2019-05-07 07:03:00,0.06756931367993957
2019-05-07 07:06:00,-0.019792301099812448
2019-05-07 07:09:00,0.023427757238778213
2019-05-07 07:12:00,0.07456170251327876
2019-05-07 07:15:00,0.11921694957391082
2019-05-07 07:18:00,-0.015008209286008878
2019-05-07 07:21:00,0.11264248925601805
2019-05-07 07:24:00,0.142821674066397
2019-05-07 07:27:00,0.17490634100022362
2019-05-07 07:30:00,0.16357145816880347
2019-05-07 07:33:00,0.23821245031388116
2019-05-07 07:36:00,0.13437014462886054
2019-05-07 07:39:00,0.15032418735364672
2019-05-07 07:42:00,0.21287508571737135
2019-05-07 07:45:00,0.15982417597302856
2019-05-07 07:48:00,0.09669072229911535
2019-05-07 07:51:00,0.19359258236386268
2019-05-07 07:54:00,0.08405663085676451
2019-05-07 07:57:00,0.003851205929436219
2019-05-07 08:00:00,0.16027573051894706
2019-05-07 08:03:00,0.16429220720891635
2019-05-07 08:06:00,0.1935959866216308
2019-05-07 08:09:00,0.15386040441137538
2019-05-07 08:12:00,0.12160946698776343
2019-05-07 08:15:00,0.121004270089486
2019-05-07 08:18:00,0.12720960879818222
2019-05-07 08:21:00,0.12852841915457702
2019-05-07 08:24:00,0.15766882828592088
2019-05-07 08:27:00,0.13872982263876565
2019-05-07 08:30:00,0.0015453580256803434
2019-05-07 08:33:00,0.06663157036962275
2019-05-07 08:36:00,0.08733109972564534
2019-05-07 08:39:00,0.1468753747292908
2019-05-07 08:42:00,-0.027695811885337207
2019-05-07 08:45:00,0.06727019111275467
2019-05-07 08:48:00,0.10202907196469369
2019-05-07 08:51:00,0.01594467302072644
2019-05-07 08:54:00,0.029637931260538153
2019-05-07 08:57:00,0.06282920932540037
2019-05-07 09:00:00,0.13476661044535376
2019-05-07 09:03:00,0.06599357688787677
2019-05-07 09:06:00,0.10263229598217549
2019-05-07 09:09:00,0.09229938255782599
2019-05-07 09:12:00,0.02264117350102879
2019-05-07 09:15:00,0.05009058181229875
2019-05-07 09:18:00,0.05831966121303367
2019-05-07 09:21:00,-0.06576285796035108
2019-05-07 09:24:00,-0.11700980993208532
2019-05-07 09:27:00,-0.0647959973076695
2019-05-07 09:30:00,-0.06651756273441833
2019-05-07 09:33:00,0.014444690625339263
2019-05-07 09:36:00,0.07437323910494342
2019-05-07 09:39:00,-0.08470983021152279
2019-05-07 09:42:00,0.09127438306290969
2019-05-07 09:45:00,-0.02866631238481432
2019-05-07 09:48:00,0.06417509511214803
2019-05-07 09:51:00,0.05008300563258672
2019-05-07 09:54:00,-0.12703860313075666
2019-05-07 09:57:00,-0.022093122464127646
2019-05-07 10:00:00,-0.12193755369366954
2019-05-07 10:03:00,0.005320542128117722
2019-05-07 10:06:00,-0.08757536398110233
2019-05-07 10:09:00,-0.11492075469931251
2019-05-07 10:12:00,-0.09601654497714662
2019-05-07 10:15:00,-0.13591244303620442
2019-05-07 10:18:00,-0.15724336879793555
2019-05-07 10:21:00,-0.09642808392351299
2019-05-07 10:24:00,-0.22011567152304679
2019-05-07 10:27:00,-0.10710590340988801
2019-05-07 10:30:00,-0.21135340366782884
2019-05-07 10:33:00,-0.12696181211572366
2019-05-07 10:36:00,-0.24329566852287599
2019-05-07 10:39:00,-0.22414899539222688
2019-05-07 10:42:00,-0.20170853471904593
2019-05-07 10:45:00,-0.20819367821286505
2019-05-07 10:48:00,-0.19867346260372187
2019-05-07 10:51:00,-0.22466377857602993
2019-05-07 10:54:00,-0.2410264974272991
2019-05-07 10:57:00,-0.2242433741022296
2019-05-07 11:00:00,-0.2993010106204679
2019-05-07 11:03:00,-0.27360361017969126
2019-05-07 11:06:00,-0.3165882140374947
2019-05-07 11:09:00,-0.24687649816030444
2019-05-07 11:12:00,-0.2627837947599687
2019-05-07 11:15:00,-0.27342883163095166
2019-05-07 11:18:00,-0.2319742570024914
2019-05-07 11:21:00,-0.17793501451205884
2019-05-07 11:24:00,-0.23295903285816166
2019-05-07 11:27:00,-0.307844780724281
2019-05-07 11:30:00,-0.2469549940967113
2019-05-07 11:33:00,-0.1988170893695269
2019-05-07 11:36:00,-0.3241004288177578
2019-05-07 11:39:00,-0.3733427345918585
2019-05-07 11:42:00,-0.23816624981481027
2019-05-07 11:45:00,-0.3629961057046103
2019-05-07 11:48:00,-0.2820051466647442
2019-05-07 11:51:00,-0.30833650937290713
2019-05-07 11:54:00,-0.2909755073274596
2019-05-07 11:57:00,-0.26909567491071584
2019-05-07 12:00:00,-0.3774867790311873
2019-05-07 12:03:00,-0.3518283022205537
2019-05-07 12:06:00,-0.4622955340549879
2019-05-07 12:09:00,-0.49136701500140134
2019-05-07 12:12:00,-0.4043893011821069
2019-05-07 12:15:00,-0.4380931104951742
2019-05-07 12:18:00,-0.49595547853516564
2019-05-07 12:21:00,-0.4725598129562627
2019-05-07 12:24:00,-0.4543706301800512
2019-05-07 12:27:00,-0.5162753382219307
2019-05-07 12:30:00,-0.5068890239095367
2019-05-07 12:33:00,-0.5191220115436863
2019-05-07 12:36:00,-0.40916824471167956
2019-05-07 12:39:00,-0.5353801705613819
2019-05-07 12:42:00,-0.5078825310902175
2019-05-07 12:45:00,-0.4835862357523979
2019-05-07 12:48:00,-0.479206342266707
2019-05-07 12:51:00,-0.5246928676374409
2019-05-07 12:54:00,-0.46122730702052195
2019-05-07 12:57:00,-0.4560573993262551
2019-05-07 13:00:00,-0.434265941920728
2019-05-07 13:03:00,-0.4761441017515722
2019-05-07 13:06:00,-0.4607631173282698
2019-05-07 13:09:00,-0.5492900196332471
2019-05-07 13:12:00,-0.4832650699854071
2019-05-07 13:15:00,-0.5305458224567587
2019-05-07 13:18:00,-0.5665132006688509
2019-05-07 13:21:00,-0.4790623859070138
2019-05-07 13:24:00,-0.5024182946949054
2019-05-07 13:27:00,-0.43026032030508077
2019-05-07 13:30:00,-0.5224312665371826
2019-05-07 13:33:00,-0.5743585593465355
2019-05-07 13:36:00,-0.533231339570591
2019-05-07 13:39:00,-0.5447986255317687
2019-05-07 13:42:00,-0.5376280594382479
2019-05-07 13:45:00,-0.5838319133681011
2019-05-07 13:48:00,-0.5891268763775201
2019-05-07 13:51:00,-0.5562537553631728
2019-05-07 13:54:00,-0.5015408032830919
2019-05-07 13:57:00,-0.567127108058628
2019-05-07 14:00:00,-0.539304996436897
2019-05-07 14:03:00,-0.5666699428709876
2019-05-07 14:06:00,-0.5846401679228848
2019-05-07 14:09:00,-0.4637910009234929
2019-05-07 14:12:00,-0.5389986089203944
2019-05-07 14:15:00,-0.523268341439632
2019-05-07 14:18:00,-0.3430335867647045
2019-05-07 14:21:00,-0.44240346264172103
2019-05-07 14:24:00,-0.5491536081298136
2019-05-07 14:27:00,-0.5882566601071062
2019-05-07 14:30:00,-0.6140107003137132
2019-05-07 14:33:00,-0.5412291947129688
2019-05-07 14:36:00,-0.44096769140440983
2019-05-07 14:39:00,-0.5442358165802261
2019-05-07 14:42:00,-0.6742241691624713
2019-05-07 14:45:00,-0.46445440000786675
2019-05-07 14:48:00,-0.3736366246267835
2019-05-07 14:51:00,-0.2609766177005781
2019-05-07 14:54:00,-0.30560758331648685
2019-05-07 14:57:00,-0.40930351396343667
2019-05-07 15:00:00,-0.5080423340157267
2019-05-07 15:03:00,-0.5301614587462495
2019-05-07 15:06:00,-0.5291218750152211
2019-05-07 15:09:00,-0.6120551586082001
2019-05-07 15:12:00,-0.6397840038044933
2019-05-07 15:15:00,-0.5204472835596903
2019-05-07 15:18:00,-0.5181921144580883
2019-05-07 15:21:00,-0.5946568131261643
2019-05-07 15:24:00,-0.5724948658410653
2019-05-07 15:27:00,-0.4917294724439216
2019-05-07 15:30:00,-0.4596515568779296
2019-05-07 15:33:00,-0.4522552988502184
2019-05-07 15:36:00,-0.6067813370333965
2019-05-07 15:39:00,-0.4724090359872548
2019-05-07 15:42:00,-0.5940061081596468
2019-05-07 15:45:00,-0.47101254222530997
2019-05-07 15:48:00,-0.4789697199102534
2019-05-07 15:51:00,-0.4222613680993277
2019-05-07 15:54:00,-0.45219562004456293
2019-05-07 15:57:00,-0.5759607525159822
2019-05-07 16:00:00,-0.4223668126039115
2019-05-07 16:03:00,-0.34779601426492945
2019-05-07 16:06:00,-0.46660755229021333
2019-05-07 16:09:00,-0.3905783576188355
2019-05-07 16:12:00,-0.46896938205048855
2019-05-07 16:15:00,-0.4690805886446583
2019-05-07 16:18:00,-0.311486401772072
2019-05-07 16:21:00,-0.3484602963002885
2019-05-07 16:24:00,-0.29701575528616786
2019-05-07 16:27:00,-0.23925129462543282
2019-05-07 16:30:00,-0.2421806074242454
2019-05-07 16:33:00,-0.30518557814622227
2019-05-07 16:36:00,-0.2653994517336855
2019-05-07 16:39:00,-0.32103287913588474
2019-05-07 16:42:00,-0.40603499882809047
2019-05-07 16:45:00,-0.4960879065127983
2019-05-07 16:48:00,-0.37750760607104894
2019-05-07 16:51:00,-0.3773560404432601
2019-05-07 16:54:00,-0.35560738742509557
2019-05-07 16:57:00,-0.36993800980303604
2019-05-07 17:00:00,-0.3937576602494346
2019-05-07 17:03:00,-0.3558295526570987
2019-05-07 17:06:00,-0.40838779067297537
2019-05-07 17:09:00,-0.3868716813630044
2019-05-07 17:12:00,-0.47174117753525024
2019-05-07 17:15:00,-0.36570202012939035
2019-05-07 17:18:00,-0.37963794943306084
2019-05-07 17:21:00,-0.42757240467005886
2019-05-07 17:24:00,-0.35471080131708277
2019-05-07 17:27:00,-0.39910137364876164
2019-05-07 17:30:00,-0.3831065910598568
2019-05-07 17:33:00,-0.37961455635377206
2019-05-07 17:36:00,-0.33152836388563856
2019-05-07 17:39:00,-0.31726160450034513
2019-05-07 17:42:00,-0.4704354949384424
2019-05-07 17:45:00,-0.2611767977518866
2019-05-07 17:48:00,-0.307870212175942
2019-05-07 17:51:00,-0.30307445330771543
2019-05-07 17:54:00,-0.3069081107271927
2019-05-07 17:57:00,-0.3723429157810756
2019-05-07 18:00:00,-0.31759660803760426
2019-05-07 18:03:00,-0.247912924429329
2019-05-07 18:06:00,-0.30863568501746386
2019-05-07 18:09:00,-0.20939818738406757
2019-05-07 18:12:00,-0.3017512250338541
2019-05-07 18:15:00,-0.20247569163626622
2019-05-07 18:18:00,-0.2889036169043493
2019-05-07 18:21:00,-0.23653410684528353
2019-05-07 18:24:00,-0.3124047770426728
2019-05-07 18:27:00,-0.26283278982532465
2019-05-07 18:30:00,-0.300420606767716
2019-05-07 18:33:00,-0.17782727559443856
2019-05-07 18:36:00,-0.17578447165931266
2019-05-07 18:39:00,-0.14531968391094097
2019-05-07 18:42:00,-0.1909667321269808
2019-05-07 18:45:00,-0.193005900091066
2019-05-07 18:48:00,-0.16679579999936323
2019-05-07 18:51:00,-0.24604693009871426
2019-05-07 18:54:00,
2019-05-07 18:57:00,
2019-05-07 19:00:00,
2019-05-07 19:03:00,-0.14179313404929417
2019-05-07 19:06:00,-0.223105782236928
2019-05-07 19:09:00,-0.2352343503217753
2019-05-07 19:12:00,-0.2686080447828658
2019-05-07 19:15:00,-0.16377202834343052
2019-05-07 19:18:00,-0.19496237213087397
2019-05-07 19:21:00,-0.2072132051766289
2019-05-07 19:24:00,-0.26101358237383465
2019-05-07 19:27:00,-0.20080129169605243
2019-05-07 19:30:00,-0.1683883176435188
2019-05-07 19:33:00,-0.16784956900664838
2019-05-07 19:36:00,-0.10284762915603096
2019-05-07 19:39:00,-0.19082432369657454
2019-05-07 19:42:00,-0.18784471842263883
2019-05-07 19:45:00,-0.20961009110112627
2019-05-07 19:48:00,-0.25263709987348193
2019-05-07 19:51:00,-0.2682259276602963
2019-05-07 19:54:00,-0.15346377568795333
2019-05-07 19:57:00,-0.169142776830995
2019-05-07 20:00:00,-0.19944367071786928
2019-05-07 20:03:00,-0.17004390377462641
2019-05-07 20:06:00,-0.09787245497170716
2019-05-07 20:09:00,-0.25524169670836727
2019-05-07 20:12:00,-0.25114872629069396
2019-05-07 20:15:00,-0.18712081383159784
2019-05-07 20:18:00,-0.20138729435632285
2019-05-07 20:21:00,-0.0853799086613094
2019-05-07 20:24:00,-0.16501110829290155
2019-05-07 20:27:00,-0.18133912867853041
2019-05-07 20:30:00,-0.24410573329879526
2019-05-07 20:33:00,-0.09684422001868143
2019-05-07 20:36:00,-0.21719835657626163
2019-05-07 20:39:00,-0.23001423140328825
2019-05-07 20:42:00,-0.29677035956689224
2019-05-07 20:45:00,-0.07462761575919785
2019-05-07 20:48:00,-0.2163412990568645
2019-05-07 20:51:00,-0.09938481573908575
2019-05-07 20:54:00,-0.1697467529147616
2019-05-07 20:57:00,-0.10162814216471361
2019-05-07 21:00:00,-0.1862836185362653
2019-05-07 21:03:00,-0.07532045569121237
2019-05-07 21:06:00,-0.1453152205123729
2019-05-07 21:09:00,-0.15865633147109293
2019-05-07 21:12:00,-0.22707300028406507
2019-05-07 21:15:00,-0.11895508227439677
2019-05-07 21:18:00,-0.09462855055886621
2019-05-07 21:21:00,-0.15728474327818276
2019-05-07 21:24:00,-0.1823876511069784
2019-05-07 21:27:00,-0.17303087208568968
2019-05-07 21:30:00,-0.01764417140373098
2019-05-07 21:33:00,-0.13529903809143207
2019-05-07 21:36:00,-0.20116711374987517
2019-05-07 21:39:00,-0.07431701185993234
2019-05-07 21:42:00,-0.16068343061573387
2019-05-07 21:45:00,-0.1736793133751462
2019-05-07 21:48:00,-0.11524561479888007
2019-05-07 21:51:00,-0.08709592129747534
2019-05-07 21:54:00,-0.17100790745968197
2019-05-07 21:57:00,-0.06608176307327085
2019-05-07 22:00:00,-0.13107061501040107
2019-05-07 22:03:00,-0.18424707780002336
2019-05-07 22:06:00,-0.0829736504086327
2019-05-07 22:09:00,-0.1429193670372797
2019-05-07 22:12:00,-0.08279093311091401
2019-05-07 22:15:00,-0.1140476283472367
2019-05-07 22:18:00,-0.194996257665764
2019-05-07 22:21:00,-0.03870286469071971
2019-05-07 22:24:00,-0.008047890510397337
2019-05-07 22:27:00,-0.038002599019534955
2019-05-07 22:30:00,-0.04779867959365447
2019-05-07 22:33:00,0.06078444447672382
2019-05-07 22:36:00,-0.023541949464288336
2019-05-07 22:39:00,-0.03374367637712794
2019-05-07 22:42:00,0.03338923338259292
2019-05-07 22:45:00,0.012184473003514995
2019-05-07 22:48:00,0.019627316561127373
2019-05-07 22:51:00,-0.019525355798180044
2019-05-07 22:54:00,0.032935199229143564
2019-05-07 22:57:00,-0.027068598410892264
2019-05-07 23:00:00,0.016975685470242752
2019-05-07 23:03:00,0.09257754318826983
2019-05-07 23:06:00,-0.012418122172675794
2019-05-07 23:09:00,-0.01702449532143646
2019-05-07 23:12:00,0.07556030964917682
2019-05-07 23:15:00,0.095865743869183
2019-05-07 23:18:00,-0.05155410585553
2019-05-07 23:21:00,-0.022693645625679437
2019-05-07 23:24:00,0.04322030025429058
2019-05-07 23:27:00,-0.01200290200949894
2019-05-07 23:30:00,-0.03125194307710899
2019-05-07 23:33:00,0.05513790310732247
2019-05-07 23:36:00,-0.036641823807769924
2019-05-07 23:39:00,0.03837207151951816
2019-05-07 23:42:00,0.07497374615479657
2019-05-07 23:45:00,0.025033540508559327
2019-05-07 23:48:00,0.0524954959707884
2019-05-07 23:51:00,0.03136743525726615
2019-05-07 23:54:00,0.07062665155376635
2019-05-07 23:57:00,0.06002694142080145
2019-05-08 00:00:00,0.034512119921998874
2019-05-08 00:03:00,0.11309815261597578
2019-05-08 00:06:00,0.051454117370781205
2019-05-08 00:09:00,0.06490600337309615
2019-05-08 00:12:00,0.11953170848693162
2019-05-08 00:15:00,0.03249534554186084
2019-05-08 00:18:00,0.15286428144105457
2019-05-08 00:21:00,0.0740929605321412
2019-05-08 00:24:00,0.07735441573834123
2019-05-08 00:27:00,0.20938343529701342
2019-05-08 00:30:00,0.1050294765246349
2019-05-08 00:33:00,0.05377812362127088
2019-05-08 00:36:00,0.14857456105676192
2019-05-08 00:39:00,0.06732237173719113
2019-05-08 00:42:00,0.08063268955442027
2019-05-08 00:45:00,0.005880561603078149
2019-05-08 00:48:00,0.05959658639523013
2019-05-08 00:51:00,0.0835736047117166
2019-05-08 00:54:00,0.05326853226227968
2019-05-08 00:57:00,0.04959964061953315
2019-05-08 01:00:00,0.09438108876855722
2019-05-08 01:03:00,0.043470859687090524
2019-05-08 01:06:00,0.18374934370388019
2019-05-08 01:09:00,0.14801166664074117
2019-05-08 01:12:00,0.0492554865363104
2019-05-08 01:15:00,0.1367634692581987
2019-05-08 01:18:00,0.18898662613241868
2019-05-08 01:21:00,0.22687284300150168
2019-05-08 01:24:00,0.006444843713097725
2019-05-08 01:27:00,-0.07782948600981854
2019-05-08 01:30:00,-0.02225996795920082
2019-05-08 01:33:00,-0.044946114277081506
2019-05-08 01:36:00,0.011243051605106302
2019-05-08 01:39:00,-0.049926229569564384
2019-05-08 01:42:00,0.022956267544486764
2019-05-08 01:45:00,0.08665972652568144
2019-05-08 01:48:00,0.044320384113859745
2019-05-08 01:51:00,0.020171409396084528
2019-05-08 01:54:00,0.052435024142425846
2019-05-08 01:57:00,0.059591133877745506
2019-05-08 02:00:00,-0.057301566198816545
2019-05-08 02:03:00,-0.08028196142413435
2019-05-08 02:06:00,0.027440527972601103
2019-05-08 02:09:00,0.05812030828275283
2019-05-08 02:12:00,0.08902884323367743
2019-05-08 02:15:00,0.00043912994681249984
2019-05-08 02:18:00,-0.035641630825011816
2019-05-08 02:21:00,0.04158907642823806
2019-05-08 02:24:00,-0.026016529044852632
2019-05-08 02:27:00,0.0899209663275542
2019-05-08 02:30:00,0.019890679334025663
2019-05-08 02:33:00,-0.03955047505496623
2019-05-08 02:36:00,-0.03197855960308971
2019-05-08 02:39:00,0.0594180017788517
2019-05-08 02:42:00,0.03482649249764336
2019-05-08 02:45:00,-0.009515401211444896
2019-05-08 02:48:00,0.01787016960378196
2019-05-08 02:51:00,0.04652984337099042
2019-05-08 02:54:00,0.1511034697915079
2019-05-08 02:57:00,0.06232525771656583
2019-05-08 03:00:00,0.02365114376823385
2019-05-08 03:03:00,0.09158811034421888
2019-05-08 03:06:00,0.14197413345465293
2019-05-08 03:09:00,0.19627091611630476
2019-05-08 03:12:00,0.14670255651031994
2019-05-08 03:15:00,0.11582734073846268
2019-05-08 03:18:00,0.2738199875891496
2019-05-08 03:21:00,0.1598182399950474
2019-05-08 03:24:00,0.14265303466316936
2019-05-08 03:27:00,0.11876042188686142
2019-05-08 03:30:00,-0.001451947770078732
2019-05-08 03:33:00,0.056146427590363146
2019-05-08 03:36:00,0.0934300599081439
2019-05-08 03:39:00,0.016594590580155
2019-05-08 03:42:00,-0.027956228376297076
2019-05-08 03:45:00,0.08060511868376352
2019-05-08 03:48:00,-0.01258273280859612
2019-05-08 03:51:00,0.03677961321739076
2019-05-08 03:54:00,-0.008898668068070492
2019-05-08 03:57:00,0.02107877780230183
2019-05-08 04:00:00,0.04949142194863043
2019-05-08 04:03:00,-0.051069350614454834
2019-05-08 04:06:00,0.08568910475133862
2019-05-08 04:09:00,0.04066992358963262
2019-05-08 04:12:00,-0.01670904909337878
2019-05-08 04:15:00,-0.02989982447627426
2019-05-08 04:18:00,-0.0019711006592046942
2019-05-08 04:21:00,0.035704174539148426
2019-05-08 04:24:00,-0.04998329349194819
2019-05-08 04:27:00,0.08841367384013665
2019-05-08 04:30:00,0.173250694083265
2019-05-08 04:33:00,0.04327757977722513
2019-05-08 04:36:00,0.07596803244746297
2019-05-08 04:39:00,0.10562881546303515
2019-05-08 04:42:00,0.07770016943140945
2019-05-08 04:45:00,0.07539219570276146
2019-05-08 04:48:00,-0.013877212092324953
2019-05-08 04:51:00,0.11920293056147102
2019-05-08 04:54:00,0.08605289868125965
2019-05-08 04:57:00,0.05178784688160931
2019-05-08 05:00:00,0.08425078764810223
2019-05-08 05:03:00,0.1199602264127293
2019-05-08 05:06:00,-0.0046708545398246315
2019-05-08 05:09:00,-0.11810509079913345
2019-05-08 05:12:00,0.01282038948789932
2019-05-08 05:15:00,0.05395031856528476
2019-05-08 05:18:00,-0.011264523771842505
2019-05-08 05:21:00,0.15338488105857095
2019-05-08 05:24:00,0.05406669004679543
2019-05-08 05:27:00,0.12846177785132795
2019-05-08 05:30:00,0.08400337236537325
2019-05-08 05:33:00,0.11918843921620237
2019-05-08 05:36:00,-0.02799613103053389
2019-05-08 05:39:00,0.08750653982207268
2019-05-08 05:42:00,0.1545220485675145
2019-05-08 05:45:00,0.1528349362529866
2019-05-08 05:48:00,0.15324462867829425
2019-05-08 05:51:00,0.12353563838462378
2019-05-08 05:54:00,0.1817404507925744
2019-05-08 05:57:00,0.18821744377578398
2019-05-08 06:00:00,0.12382332304497368
2019-05-08 06:03:00,0.03597308187198678
2019-05-08 06:06:00,0.12175520951950602
2019-05-08 06:09:00,0.07186721041841793
2019-05-08 06:12:00,0.10138542161161013
2019-05-08 06:15:00,0.030785704017546323
2019-05-08 06:18:00,0.1278284373871088
2019-05-08 06:21:00,0.13853893586008326
2019-05-08 06:24:00,0.021080117993562908
2019-05-08 06:27:00,0.08729135585411996
2019-05-08 06:30:00,0.11965337834345746
2019-05-08 06:33:00,0.1647408304183955
2019-05-08 06:36:00,0.0909297765973065
2019-05-08 06:39:00,0.08851386902307468
2019-05-08 06:42:00,0.12904271268200773
2019-05-08 06:45:00,0.21618508937575598
2019-05-08 06:48:00,0.12583119419679178
2019-05-08 06:51:00,0.13403770346224064
2019-05-08 06:54:00,0.1450825291590263
2019-05-08 06:57:00,0.1467667071637493
2019-05-08 07:00:00,0.16821608414988987
2019-05-08 07:03:00,0.11616050315836901
2019-05-08 07:06:00,0.16068465019588984
2019-05-08 07:09:00,0.1464098211564533
2019-05-08 07:12:00,0.05812232703300424
2019-05-08 07:15:00,0.14004177768083537
2019-05-08 07:18:00,0.1452257622714228
2019-05-08 07:21:00,0.14887475743182677
2019-05-08 07:24:00,0.14783295854840617
2019-05-08 07:27:00,0.09892959903339715
2019-05-08 07:30:00,0.09804188022019389
2019-05-08 07:33:00,0.1738056975254949
2019-05-08 07:36:00,0.34742874435164595
2019-05-08 07:39:00,0.411219714041124
2019-05-08 07:42:00,0.3098688916733181
2019-05-08 07:45:00,0.2928841718644435
2019-05-08 07:48:00,0.18831791006357435
2019-05-08 07:51:00,0.22605615188183492
2019-05-08 07:54:00,0.21447430311548032
2019-05-08 07:57:00,0.16043307701522735
2019-05-08 08:00:00,0.20157511898554503
2019-05-08 08:03:00,0.25103786890326774
2019-05-08 08:06:00,0.1254013598659185
2019-05-08 08:09:00,0.20446809418689327
2019-05-08 08:12:00,0.19547376843314623
2019-05-08 08:15:00,0.17860961894086813
2019-05-08 08:18:00,0.15217825926396245
2019-05-08 08:21:00,0.2156450057617576
2019-05-08 08:24:00,0.08737852444232885
2019-05-08 08:27:00,0.2358365976047594
2019-05-08 08:30:00,0.15871624691209263
2019-05-08 08:33:00,0.15230348071304434
2019-05-08 08:36:00,0.2349896953935513
2019-05-08 08:39:00,0.15216491402890142
2019-05-08 08:42:00,0.14618041679619864
2019-05-08 08:45:00,0.10343077965734437
2019-05-08 08:48:00,0.09121946641255363
2019-05-08 08:51:00,0.19783043922222987
2019-05-08 08:54:00,0.18079497896843577
2019-05-08 08:57:00,0.2144769350544493
2019-05-08 09:00:00,0.1666475140067405
2019-05-08 09:03:00,0.11860371396039682
2019-05-08 09:06:00,0.3556702726301637
2019-05-08 09:09:00,0.21078862627217632
2019-05-08 09:12:00,0.16672231190693765
2019-05-08 09:15:00,0.14784563629956438
2019-05-08 09:18:00,0.2667520528195837
2019-05-08 09:21:00,0.1685660233370072
2019-05-08 09:24:00,0.27142614489974903
2019-05-08 09:27:00,0.12159197419720158
2019-05-08 09:30:00,0.3489749399287234
2019-05-08 09:33:00,0.32774887356140425
2019-05-08 09:36:00,0.26660184489975336
2019-05-08 09:39:00,0.3151957299558603
2019-05-08 09:42:00,0.2798634238753266
2019-05-08 09:45:00,0.2182554409548061
2019-05-08 09:48:00,0.3269577994782935
2019-05-08 09:51:00,0.3092531645380632
2019-05-08 09:54:00,0.22261402137206687
2019-05-08 09:57:00,0.17871325007934047
2019-05-08 10:00:00,0.3224478715548571
2019-05-08 10:03:00,0.2472291598850802
2019-05-08 10:06:00,0.20494521094946094
2019-05-08 10:09:00,0.23394448729663964
2019-05-08 10:12:00,0.24541829134869886
2019-05-08 10:15:00,0.18229890685302053
2019-05-08 10:18:00,0.3061798163710705
2019-05-08 10:21:00,0.2651903021903763
2019-05-08 10:24:00,0.2572806851392784
2019-05-08 10:27:00,0.28654697809571417
2019-05-08 10:30:00,0.25819321048754773
2019-05-08 10:33:00,0.2804508116017814
2019-05-08 10:36:00,0.29556562578176226
2019-05-08 10:39:00,0.286946828285636
2019-05-08 10:42:00,0.22829544685265546
2019-05-08 10:45:00,0.2834288171973185
2019-05-08 10:48:00,0.2707061592180935
2019-05-08 10:51:00,0.2682896642805872
2019-05-08 10:54:00,0.340250265605448
2019-05-08 10:57:00,0.21847560102685293
2019-05-08 11:00:00,0.2353776649239876
2019-05-08 11:03:00,0.15396127790444325
2019-05-08 11:06:00,0.20413104503563773
2019-05-08 11:09:00,0.22530121064636432
2019-05-08 11:12:00,0.22284921600174812
2019-05-08 11:15:00,0.22842799171377237
2019-05-08 11:18:00,0.1728567209497669
2019-05-08 11:21:00,0.23434420378202958
2019-05-08 11:24:00,0.15976374162647744
2019-05-08 11:27:00,0.16198014422195683
2019-05-08 11:30:00,0.23623909459200831
2019-05-08 11:33:00,0.2882005682254771
2019-05-08 11:36:00,0.2682291635302363
2019-05-08 11:39:00,0.266050449681984
2019-05-08 11:42:00,0.3415616925450422
2019-05-08 11:45:00,0.32507500285771584
2019-05-08 11:48:00,0.3635305903072208
2019-05-08 11:51:00,0.23109116005724673
2019-05-08 11:54:00,0.30587004267243856
2019-05-08 11:57:00,0.28022172806919343
2019-05-08 12:00:00,0.21954602800946077
2019-05-08 12:03:00,0.2534118390680078
2019-05-08 12:06:00,0.3136919777625735
2019-05-08 12:09:00,0.2885165737280886
2019-05-08 12:12:00,0.2980519664602639
2019-05-08 12:15:00,0.26145938554316217
2019-05-08 12:18:00,0.21112609034071284
2019-05-08 12:21:00,0.2923079976349072
2019-05-08 12:24:00,0.22728601329629328
2019-05-08 12:27:00,0.23746698548404765
2019-05-08 12:30:00,0.2949097844709172
2019-05-08 12:33:00,0.21778210473945592
2019-05-08 12:36:00,0.20699184462898756
2019-05-08 12:39:00,0.19092883459256882
2019-05-08 12:42:00,0.20981123907375832
2019-05-08 12:45:00,0.22211827092138492
2019-05-08 12:48:00,0.24475843334289493
2019-05-08 12:51:00,0.23774291391049474
2019-05-08 12:54:00,0.3220103718821292
2019-05-08 12:57:00,0.34157284183231695
2019-05-08 13:00:00,0.2825131714226359
2019-05-08 13:03:00,0.3184611492696945
2019-05-08 13:06:00,0.3204554471348615
2019-05-08 13:09:00,0.23944415665431507
2019-05-08 13:12:00,0.28913379896658853
2019-05-08 13:15:00,0.28810441977941537
2019-05-08 13:18:00,0.3126459979602032
2019-05-08 13:21:00,0.3695766490415622
2019-05-08 13:24:00,0.3213650719243333
2019-05-08 13:27:00,0.32650328225241765
2019-05-08 13:30:00,0.28407147191285276
2019-05-08 13:33:00,0.30470923841124886
2019-05-08 13:36:00,0.25550683232097526
2019-05-08 13:39:00,0.27887664329017525
2019-05-08 13:42:00,0.2894948592974629
2019-05-08 13:45:00,0.3677382571787575
2019-05-08 13:48:00,0.22379274042475572
2019-05-08 13:51:00,0.16931081960802885
2019-05-08 13:54:00,0.2111934417661132
2019-05-08 13:57:00,0.22780201826907387
2019-05-08 14:00:00,0.1956357350346707
2019-05-08 14:03:00,0.2191312477879137
2019-05-08 14:06:00,0.26175202426213673
2019-05-08 14:09:00,0.20390819075328181
2019-05-08 14:12:00,0.3510910312498936
2019-05-08 14:15:00,0.319739020766292
2019-05-08 14:18:00,0.25200089309259965
2019-05-08 14:21:00,0.1800617441246004
2019-05-08 14:24:00,0.30485592734083866
2019-05-08 14:27:00,0.10101893321149191
2019-05-08 14:30:00,0.14147102232368525
2019-05-08 14:33:00,0.18526574365637316
2019-05-08 14:36:00,0.21799529480659885
2019-05-08 14:39:00,0.16401279871985253
2019-05-08 14:42:00,0.21496396109859006
2019-05-08 14:45:00,0.21729990137868072
2019-05-08 14:48:00,0.16776435686375635
2019-05-08 14:51:00,0.13559199085614182
2019-05-08 14:54:00,0.325334980534592
2019-05-08 14:57:00,0.2142884114095409
2019-05-08 15:00:00,0.31109294584655345
2019-05-08 15:03:00,0.20349048133340375
2019-05-08 15:06:00,0.1352117795211143
2019-05-08 15:09:00,0.1875752640090127
2019-05-08 15:12:00,0.14579851899844698
2019-05-08 15:15:00,0.1005317989616401
2019-05-08 15:18:00,0.1518873608274589
2019-05-08 15:21:00,0.1634418048785733
2019-05-08 15:24:00,0.08915691941353998
2019-05-08 15:27:00,0.21961108209455915
2019-05-08 15:30:00,0.17117839743116292
2019-05-08 15:33:00,0.047068691761580794
2019-05-08 15:36:00,0.14618961109277961
2019-05-08 15:39:00,0.14883683380304547
2019-05-08 15:42:00,0.07111886020459224
2019-05-08 15:45:00,0.06576160903057371
2019-05-08 15:48:00,0.12063677696681907
2019-05-08 15:51:00,0.08301627216695806
2019-05-08 15:54:00,0.1544590966184387
2019-05-08 15:57:00,0.020773190530348984
2019-05-08 16:00:00,0.22375791923354882
2019-05-08 16:03:00,0.10808385716097746
2019-05-08 16:06:00,0.13972669281673689
2019-05-08 16:09:00,0.14985004642647937
2019-05-08 16:12:00,0.0648722455326265
2019-05-08 16:15:00,0.13380302642372044
2019-05-08 16:18:00,0.05114316549850173
2019-05-08 16:21:00,0.15118398124900523
2019-05-08 16:24:00,0.08708748483371664
2019-05-08 16:27:00,0.17036650085657357
2019-05-08 16:30:00,0.05506756020776038
2019-05-08 16:33:00,0.02199134229209676
2019-05-08 16:36:00,0.09954650630072592
2019-05-08 16:39:00,-0.04497608302580147
2019-05-08 16:42:00,0.10785246208337185
2019-05-08 16:45:00,0.07500107082842078
2019-05-08 16:48:00,0.12724214691326097
2019-05-08 16:51:00,0.028075825361042916
2019-05-08 16:54:00,0.04553672414817811
2019-05-08 16:57:00,0.12657169093756693
2019-05-08 17:00:00,0.0211926926251067
2019-05-08 17:03:00,0.08349229188002028
2019-05-08 17:06:00,0.046120655015101875
2019-05-08 17:09:00,0.038368911815666706
2019-05-08 17:12:00,0.003857298098182582
2019-05-08 17:15:00,0.015939435694747317
2019-05-08 17:18:00,0.01528346655891255
2019-05-08 17:21:00,0.12540074206435747
2019-05-08 17:24:00,0.19136802805400066
2019-05-08 17:27:00,0.12570111103855197
2019-05-08 17:30:00,-0.03486505900269776
2019-05-08 17:33:00,0.06562814183104138
2019-05-08 17:36:00,0.07007953951472246
2019-05-08 17:39:00,0.06372456900624002
2019-05-08 17:42:00,-0.013800745969035688
2019-05-08 17:45:00,0.07179391437199456
2019-05-08 17:48:00,0.035511152275546465
2019-05-08 17:51:00,0.08824527019385187
2019-05-08 17:54:00,0.10991352680940736
2019-05-08 17:57:00,0.04755313395031635
2019-05-08 18:00:00,0.06166612466461174
2019-05-08 18:03:00,0.14721965649704316
2019-05-08 18:06:00,0.05494228911032906
2019-05-08 18:09:00,0.053328641009272815
2019-05-08 18:12:00,0.12532031349763884
2019-05-08 18:15:00,0.07826774081866006
2019-05-08 18:18:00,0.05904764137414986
2019-05-08 18:21:00,0.12799971250831277
2019-05-08 18:24:00,0.11112334235122034
2019-05-08 18:27:00,0.12903597672379874
2019-05-08 18:30:00,0.10707771370522323
2019-05-08 18:33:00,0.17771704818886747
2019-05-08 18:36:00,0.14616783298515656
2019-05-08 18:39:00,0.07818671817011591
2019-05-08 18:42:00,0.13627798762968268
2019-05-08 18:45:00,0.16668704027807735
2019-05-08 18:48:00,0.1303787266780887
2019-05-08 18:51:00,0.11923067327290937
2019-05-08 18:54:00,0.10884759455848325
2019-05-08 18:57:00,0.12516529701400714
2019-05-08 19:00:00,0.30373581114497483
2019-05-08 19:03:00,0.19346838471562933
2019-05-08 19:06:00,0.2421333927435967
2019-05-08 19:09:00,0.1314896759288331
2019-05-08 19:12:00,0.13698055846032275
2019-05-08 19:15:00,0.13629734684360528
2019-05-08 19:18:00,0.12337338864153935
2019-05-08 19:21:00,0.1919518865546479
2019-05-08 19:24:00,0.11674836789353549
2019-05-08 19:27:00,0.15497511538029585
2019-05-08 19:30:00,0.10536170377821463
2019-05-08 19:33:00,0.19675704105543446
2019-05-08 19:36:00,0.26624656339816966
2019-05-08 19:39:00,0.15027294106755562
2019-05-08 19:42:00,0.19301481184822933
2019-05-08 19:45:00,0.20617125512211487
2019-05-08 19:48:00,0.20469874253547005
2019-05-08 19:51:00,0.18356940689466228
2019-05-08 19:54:00,0.2546717820769686
2019-05-08 19:57:00,0.13566914187032353
2019-05-08 20:00:00,0.2278796831851082
2019-05-08 20:03:00,0.14198673573389442
2019-05-08 20:06:00,0.15319870512314537
2019-05-08 20:09:00,0.21679443114038577
2019-05-08 20:12:00,0.19106497602632544
2019-05-08 20:15:00,0.28575556540380376
2019-05-08 20:18:00,0.1826118079645198
2019-05-08 20:21:00,0.19391870812967227
2019-05-08 20:24:00,0.2381474933096115
2019-05-08 20:27:00,0.1714180235007916
2019-05-08 20:30:00,0.12390770510927496
2019-05-08 20:33:00,0.23315529400878177
2019-05-08 20:36:00,0.11332922277983926
2019-05-08 20:39:00,0.24127026720418598
2019-05-08 20:42:00,0.3514243938957975
2019-05-08 20:45:00,0.15475348182718562
2019-05-08 20:48:00,0.2554947543497974
2019-05-08 20:51:00,0.18303838179537024
2019-05-08 20:54:00,0.07552647572754267
2019-05-08 20:57:00,0.11282950978170447
2019-05-08 21:00:00,0.21094576418016686
2019-05-08 21:03:00,0.11498796774264974
2019-05-08 21:06:00,0.1398555749997854
2019-05-08 21:09:00,0.1506153327096058
2019-05-08 21:12:00,0.2717358386914839
2019-05-08 21:15:00,0.10376305531872276
2019-05-08 21:18:00,0.1580284548928148
2019-05-08 21:21:00,0.1755468175441024
2019-05-08 21:24:00,0.17441864278384855
2019-05-08 21:27:00,0.2095414449177042
2019-05-08 21:30:00,0.18550813335303928
2019-05-08 21:33:00,0.12943495848304565
2019-05-08 21:36:00,0.16585699727698966
2019-05-08 21:39:00,0.17232124076258515
2019-05-08 21:42:00,0.24037701546063772
2019-05-08 21:45:00,0.20153339353828414
2019-05-08 21:48:00,0.19096573680184292
2019-05-08 21:51:00,0.21192648274256953
2019-05-08 21:54:00,0.06940908321683992
2019-05-08 21:57:00,0.22089271626020945
2019-05-08 22:00:00,0.13813774355975283
2019-05-08 22:03:00,0.1486382945388982
2019-05-08 22:06:00,0.12589100806468423
2019-05-08 22:09:00,0.14204714911016936
2019-05-08 22:12:00,0.19033015029140188
2019-05-08 22:15:00,0.23432264193445462
2019-05-08 22:18:00,0.17158711665257442
2019-05-08 22:21:00,0.13312358472268215
2019-05-08 22:24:00,0.09941707419187651
2019-05-08 22:27:00,0.15314616545845183
2019-05-08 22:30:00,0.08557541339735053
2019-05-08 22:33:00,0.14859896189364008
2019-05-08 22:36:00,0.22171190312320732
2019-05-08 22:39:00,0.11416382468331676
2019-05-08 22:42:00,0.16282415155694707
2019-05-08 22:45:00,0.13750629702508377
2019-05-08 22:48:00,0.127533951698922
2019-05-08 22:51:00,0.21921019390663332
2019-05-08 22:54:00,0.13080880070316425
2019-05-08 22:57:00,0.14115529112990544
2019-05-08 23:00:00,0.19152573747192037
2019-05-08 23:03:00,0.11657662272176594
2019-05-08 23:06:00,0.1821650401436159
2019-05-08 23:09:00,0.1952823325607369
2019-05-08 23:12:00,0.22008714808208651
2019-05-08 23:15:00,0.16716145334942212
2019-05-08 23:18:00,0.13666027531672853
2019-05-08 23:21:00,0.22632826924041183
2019-05-08 23:24:00,0.1335960398934617
2019-05-08 23:27:00,0.211166425888905
2019-05-08 23:30:00,0.12869412308947403
2019-05-08 23:33:00,0.16190365586868438
2019-05-08 23:36:00,0.11086870325618747
2019-05-08 23:39:00,0.1438576427141811
2019-05-08 23:42:00,0.23079189044574377
2019-05-08 23:45:00,0.11332556291819174
2019-05-08 23:48:00,0.169503248423041
2019-05-08 23:51:00,0.1868214506367849
2019-05-08 23:54:00,0.1948519942046687
2019-05-08 23:57:00,0.11197897691357639
2019-05-09 00:00:00,0.2050232726435297
2019-05-09 00:03:00,0.30377042224949946
2019-05-09 00:06:00,0.23773673536180695
2019-05-09 00:09:00,0.22453461428193577
2019-05-09 00:12:00,0.0697810649752455
2019-05-09 00:15:00,0.24584072828128
2019-05-09 00:18:00,0.20633557977521377
2019-05-09 00:21:00,0.21635865089376694
2019-05-09 00:24:00,0.18051983028766472
2019-05-09 00:27:00,0.22406481193928585
2019-05-09 00:30:00,0.2333666315552705
2019-05-09 00:33:00,0.22459982019478275
2019-05-09 00:36:00,0.1923587942139875
2019-05-09 00:39:00,0.20026803430135942
2019-05-09 00:42:00,0.13709286709280377
2019-05-09 00:45:00,0.27142153364155774
2019-05-09 00:48:00,0.23864102005245513
2019-05-09 00:51:00,0.22616649335174088
2019-05-09 00:54:00,0.13836637878318925
2019-05-09 00:57:00,0.2128150199005745
2019-05-09 01:00:00,0.15931273012944303
2019-05-09 01:03:00,0.2537385958693221
2019-05-09 01:06:00,0.21487882588320417
2019-05-09 01:09:00,0.20537213033657054
2019-05-09 01:12:00,0.23111754196423817
2019-05-09 01:15:00,0.24698752320142603
2019-05-09 01:18:00,0.20192856696138506
2019-05-09 01:21:00,0.25177669779861844
2019-05-09 01:24:00,0.17684331659467034
2019-05-09 01:27:00,0.21871750159806425
2019-05-09 01:30:00,0.21936060218587272
2019-05-09 01:33:00,0.2098577676429727
2019-05-09 01:36:00,0.2296356153460124
2019-05-09 01:39:00,0.35928202687045996
2019-05-09 01:42:00,0.2264376857743855
2019-05-09 01:45:00,0.22029871485744934
2019-05-09 01:48:00,0.1908861373937043
2019-05-09 01:51:00,0.22685225718561242
2019-05-09 01:54:00,0.16949146771383994
2019-05-09 01:57:00,0.2544219119708373
2019-05-09 02:00:00,0.23627608389182342
2019-05-09 02:03:00,0.2628395530337002
2019-05-09 02:06:00,0.2825893040534311
2019-05-09 02:09:00,0.18765418409981294
2019-05-09 02:12:00,0.25777581261479554
2019-05-09 02:15:00,0.26554282067860413
2019-05-09 02:18:00,0.19244868947902205
2019-05-09 02:21:00,0.27057175684240065
2019-05-09 02:24:00,0.25600479119714237
2019-05-09 02:27:00,0.20888569077544616
2019-05-09 02:30:00,0.21765887471593715
2019-05-09 02:33:00,0.25559904742868866
2019-05-09 02:36:00,0.2451667478658237
2019-05-09 02:39:00,0.241280090137991
2019-05-09 02:42:00,0.27375249054091455
2019-05-09 02:45:00,0.17038053731232594
2019-05-09 02:48:00,0.18372991359137814
2019-05-09 02:51:00,0.21417554907208114
2019-05-09 02:54:00,0.17731027369455887
2019-05-09 02:57:00,0.16617240766589703
2019-05-09 03:00:00,0.1851243842085637
2019-05-09 03:03:00,0.270134674209487
2019-05-09 03:06:00,0.29752946173982764
2019-05-09 03:09:00,0.25926547694956525
2019-05-09 03:12:00,0.25461472014353603
2019-05-09 03:15:00,0.22183060226655016
2019-05-09 03:18:00,0.3338008236964356
2019-05-09 03:21:00,0.26829772960854825
2019-05-09 03:24:00,0.29398898390496697
2019-05-09 03:27:00,0.3772836420932322
2019-05-09 03:30:00,0.2556705920032414
2019-05-09 03:33:00,0.19073047676312171
2019-05-09 03:36:00,0.20335871135063144
2019-05-09 03:39:00,0.21412609340370636
2019-05-09 03:42:00,0.22068775296281729
2019-05-09 03:45:00,0.2673536856631813
2019-05-09 03:48:00,0.22468573360208666
2019-05-09 03:51:00,0.21765699413623452
2019-05-09 03:54:00,0.22846026124767604
2019-05-09 03:57:00,0.2750349950227928
2019-05-09 04:00:00,0.1022305156440666
2019-05-09 04:03:00,0.20733080507704926
2019-05-09 04:06:00,0.2615389394721319
2019-05-09 04:09:00,0.18091363657219972
2019-05-09 04:12:00,0.27031126542476613
2019-05-09 04:15:00,0.2832641258974604
2019-05-09 04:18:00,0.2657224712313564
2019-05-09 04:21:00,0.24824808229652717
2019-05-09 04:24:00,0.26335192079449143
2019-05-09 04:27:00,0.24106065269813826
2019-05-09 04:30:00,0.1704535175855426
2019-05-09 04:33:00,0.26659834179940844
2019-05-09 04:36:00,0.19024110620500778
2019-05-09 04:39:00,0.2357568603495679
2019-05-09 04:42:00,0.25978658289790246
2019-05-09 04:45:00,0.14928704086270272
2019-05-09 04:48:00,0.22234497945498788
2019-05-09 04:51:00,0.21216300929347653
2019-05-09 04:54:00,0.2506717697086174
2019-05-09 04:57:00,0.26007048366227536
2019-05-09 05:00:00,0.22831094157731968
2019-05-09 05:03:00,0.28877087984494665
2019-05-09 05:06:00,0.3408021849025431
2019-05-09 05:09:00,0.3290033524363025
2019-05-09 05:12:00,0.22221698316201355
2019-05-09 05:15:00,0.28088738119924983
2019-05-09 05:18:00,0.213512804213849
2019-05-09 05:21:00,0.21855156949237653
2019-05-09 05:24:00,0.27603620165177745
2019-05-09 05:27:00,0.2915073339887613
2019-05-09 05:30:00,0.3754643372945452
2019-05-09 05:33:00,0.35535349168770836
2019-05-09 05:36:00,0.4123629494490615
2019-05-09 05:39:00,0.2906092118125798
2019-05-09 05:42:00,0.24493610003673894
2019-05-09 05:45:00,0.29834931018507405
2019-05-09 05:48:00,0.29038092572642427
2019-05-09 05:51:00,0.34031325620912867
2019-05-09 05:54:00,0.2699811259597027
2019-05-09 05:57:00,0.31520817071879037
2019-05-09 06:00:00,0.2897019541041459
2019-05-09 06:03:00,0.3171181501888327
2019-05-09 06:06:00,0.31821036146544657
2019-05-09 06:09:00,0.35703098921260334
2019-05-09 06:12:00,0.2477452768395665
2019-05-09 06:15:00,0.24491401191761497
2019-05-09 06:18:00,0.32800766315710916
2019-05-09 06:21:00,0.22426799000749043
2019-05-09 06:24:00,0.32138406252005325
2019-05-09 06:27:00,0.27671020455176176
2019-05-09 06:30:00,0.34856651783462667
2019-05-09 06:33:00,0.38517640885896753
2019-05-09 06:36:00,0.24723367136715524
2019-05-09 06:39:00,0.22366644305208183
2019-05-09 06:42:00,0.3181234753807871
2019-05-09 06:45:00,0.3210263448596038
2019-05-09 06:48:00,0.28989424467437175
2019-05-09 06:51:00,0.2845572357043693
2019-05-09 06:54:00,0.2651484114003324
2019-05-09 06:57:00,0.37654302514209803
2019-05-09 07:00:00,0.2657242999259779
2019-05-09 07:03:00,0.3746363927094194
2019-05-09 07:06:00,0.3250619014558538
2019-05-09 07:09:00,0.24261784801859676
2019-05-09 07:12:00,0.2653912669916849
2019-05-09 07:15:00,0.3041272613519368
2019-05-09 07:18:00,0.2664581301771136
2019-05-09 07:21:00,0.2867691990295498
2019-05-09 07:24:00,0.2730681901986145
2019-05-09 07:27:00,0.20126634198174997
2019-05-09 07:30:00,0.28274099025321675
2019-05-09 07:33:00,0.23648166172915808
2019-05-09 07:36:00,0.2004248277838201
2019-05-09 07:39:00,0.2655231722523581
2019-05-09 07:42:00,0.26053645406472015
2019-05-09 07:45:00,0.35073725971346903
2019-05-09 07:48:00,0.21582897750801067
2019-05-09 07:51:00,0.29220557178496165
2019-05-09 07:54:00,0.22818994798012682
2019-05-09 07:57:00,0.3241001473059555
2019-05-09 08:00:00,0.19393868835800276
2019-05-09 08:03:00,0.22588663228265204
2019-05-09 08:06:00,0.2975594634486356
2019-05-09 08:09:00,0.25404220502832686
2019-05-09 08:12:00,0.2440133252454757
2019-05-09 08:15:00,0.2077494664526398
2019-05-09 08:18:00,0.20627491869754522
2019-05-09 08:21:00,0.07772236819181444
2019-05-09 08:24:00,0.25717467322078846
2019-05-09 08:27:00,0.11425420028098188
2019-05-09 08:30:00,0.14821458297257095
2019-05-09 08:33:00,0.2313290136477235
2019-05-09 08:36:00,0.2175319365642281
2019-05-09 08:39:00,0.16352025447969254
2019-05-09 08:42:00,0.1556580724216019
2019-05-09 08:45:00,0.17887816039223026
2019-05-09 08:48:00,0.18921809944873758
2019-05-09 08:51:00,0.13417862191721497
2019-05-09 08:54:00,0.1520664239188818
2019-05-09 08:57:00,0.13957216716818266
2019-05-09 09:00:00,0.17999998135508122
2019-05-09 09:03:00,0.05367825017424366
2019-05-09 09:06:00,0.12040854605271534
2019-05-09 09:09:00,0.09381352611626426
2019-05-09 09:12:00,0.0493248075654833
2019-05-09 09:15:00,0.12527403313680452
2019-05-09 09:18:00,-0.02615481274204967
2019-05-09 09:21:00,-0.06119686719972606
2019-05-09 09:24:00,0.07409207247349059
2019-05-09 09:27:00,0.034140142042076604
2019-05-09 09:30:00,-0.043151521116669755
2019-05-09 09:33:00,0.02488017387071295
2019-05-09 09:36:00,-0.008794143586328573
2019-05-09 09:39:00,-0.002445065778317712
2019-05-09 09:42:00,0.06641436483977259
2019-05-09 09:45:00,0.05358294771525607
2019-05-09 09:48:00,0.10665173177721954
2019-05-09 09:51:00,-0.04289637238031219
2019-05-09 09:54:00,-0.03693221011025116
2019-05-09 09:57:00,0.008704883740279001
2019-05-09 10:00:00,0.019571443968459334
2019-05-09 10:03:00,-0.02147294418381307
2019-05-09 10:06:00,-0.0471694851591451
2019-05-09 10:09:00,-0.12207574729467296
2019-05-09 10:12:00,0.01701746832674189
2019-05-09 10:15:00,-0.13997733635750365
2019-05-09 10:18:00,-0.04738657118599576
2019-05-09 10:21:00,-0.13578082338290187
2019-05-09 10:24:00,-0.1462615269153389
2019-05-09 10:27:00,
2019-05-09 10:30:00,
2019-05-09 10:33:00,
2019-05-09 10:36:00,-0.22275132108632079
2019-05-09 10:39:00,-0.14267548249966922
2019-05-09 10:42:00,-0.2353348063366525
2019-05-09 10:45:00,-0.16107088324093866
2019-05-09 10:48:00,-0.06470653219219002
2019-05-09 10:51:00,-0.20448016654165713
2019-05-09 10:54:00,-0.10816204717229994
2019-05-09 10:57:00,-0.11770371878850483
2019-05-09 11:00:00,-0.3184612837587224
2019-05-09 11:03:00,-0.1702720109068423
2019-05-09 11:06:00,-0.2435913541569903
2019-05-09 11:09:00,-0.3044372567676987
2019-05-09 11:12:00,-0.26174560424891524
2019-05-09 11:15:00,-0.25820175789237965
2019-05-09 11:18:00,-0.23232996067565637
2019-05-09 11:21:00,-0.17101521554201327
2019-05-09 11:24:00,-0.18575759509849377
2019-05-09 11:27:00,-0.285789524234076
2019-05-09 11:30:00,-0.14604590350330682
2019-05-09 11:33:00,-0.0978616402892385
2019-05-09 11:36:00,-0.15256683860161502
2019-05-09 11:39:00,-0.27517547678996834
2019-05-09 11:42:00,-0.172247010102069
2019-05-09 11:45:00,-0.20525771708389584
2019-05-09 11:48:00,-0.12202574504419772
2019-05-09 11:51:00,-0.10478808309329679
2019-05-09 11:54:00,-0.04803205764250151
2019-05-09 11:57:00,-0.007232381931885357
2019-05-09 12:00:00,0.2050876660615586
2019-05-09 12:03:00,0.2717717226111631
2019-05-09 12:06:00,0.08676142503537676
2019-05-09 12:09:00,0.09622185984687803
2019-05-09 12:12:00,0.20158845225336108
2019-05-09 12:15:00,0.31034256080329214
2019-05-09 12:18:00,0.15120455783574016
2019-05-09 12:21:00,0.035567002097195655
2019-05-09 12:24:00,0.024487195111532856
2019-05-09 12:27:00,-0.031868142310713665
2019-05-09 12:30:00,-0.03962959140773137
2019-05-09 12:33:00,-0.08563370226028155
2019-05-09 12:36:00,0.025657035668587014
2019-05-09 12:39:00,0.06991643691708305
2019-05-09 12:42:00,-0.1237232698708226
2019-05-09 12:45:00,-0.19678000968781362
2019-05-09 12:48:00,-0.16352595880675835
2019-05-09 12:51:00,-0.11652242311117789
2019-05-09 12:54:00,-0.10711978195183747
2019-05-09 12:57:00,-0.28396577338224915
2019-05-09 13:00:00,-0.24479097552045914
2019-05-09 13:03:00,-0.18821194516033302
2019-05-09 13:06:00,-0.26016285004590145
2019-05-09 13:09:00,-0.18132780964998574
2019-05-09 13:12:00,-0.14172528031929232
2019-05-09 13:15:00,-0.2548097671418077
2019-05-09 13:18:00,-0.07579095124043533
2019-05-09 13:21:00,-0.14729539050057383
2019-05-09 13:24:00,-0.20585156044899122
2019-05-09 13:27:00,-0.03506404198498103
2019-05-09 13:30:00,-0.054640593084513966
2019-05-09 13:33:00,-0.05492400277097431
2019-05-09 13:36:00,-0.11490254635583597
2019-05-09 13:39:00,-0.1540370773601012
2019-05-09 13:42:00,-0.1374471324884894
2019-05-09 13:45:00,-0.21914232037056536
2019-05-09 13:48:00,-0.1318630116351187
2019-05-09 13:51:00,-0.12940789565385558
2019-05-09 13:54:00,-0.16141735231212806
2019-05-09 13:57:00,-0.05130882029163786
2019-05-09 14:00:00,-0.0501803736096349
2019-05-09 14:03:00,0.16170281272724196
2019-05-09 14:06:00,0.050266611123902294
2019-05-09 14:09:00,-0.1228628006296617
2019-05-09 14:12:00,0.019921397905534377
2019-05-09 14:15:00,-0.008298097674128257
2019-05-09 14:18:00,0.020177492727611934
2019-05-09 14:21:00,-0.05587948432656731
2019-05-09 14:24:00,-0.12755870039183037
2019-05-09 14:27:00,-0.06341924636552676
2019-05-09 14:30:00,-0.16960690939606593
2019-05-09 14:33:00,0.03008330573237572
2019-05-09 14:36:00,0.1284485543578171
2019-05-09 14:39:00,0.09737321367396135
2019-05-09 14:42:00,-0.19246967484042443
2019-05-09 14:45:00,-0.2063640296718745
2019-05-09 14:48:00,-0.09359104172574462
2019-05-09 14:51:00,0.2494666187603798
2019-05-09 14:54:00,0.2998003004290126
2019-05-09 14:57:00,0.23445985033032457
2019-05-09 15:00:00,0.1643339589011248
2019-05-09 15:03:00,0.09272587111712483
2019-05-09 15:06:00,-0.026963109312134748
2019-05-09 15:09:00,0.04216631460036524
2019-05-09 15:12:00,-0.015597575237563888
2019-05-09 15:15:00,0.02669879822843768
2019-05-09 15:18:00,-0.07985085972131856
2019-05-09 15:21:00,-0.01405020818651792
2019-05-09 15:24:00,0.09800759604172526
2019-05-09 15:27:00,0.22065602252752115
2019-05-09 15:30:00,0.2171919685626449
2019-05-09 15:33:00,0.20946266118079393
2019-05-09 15:36:00,0.11690608198654218
2019-05-09 15:39:00,0.027502650246219673
2019-05-09 15:42:00,0.012319892809216526
2019-05-09 15:45:00,0.012868460131471693
2019-05-09 15:48:00,-0.04708622771880755
2019-05-09 15:51:00,-0.08655662253084984
2019-05-09 15:54:00,0.11020243756820491
2019-05-09 15:57:00,0.10547378357586012
2019-05-09 16:00:00,0.0723932820027926
2019-05-09 16:03:00,0.18696865004278607
2019-05-09 16:06:00,0.02642363380977031
2019-05-09 16:09:00,0.013086344472583278
2019-05-09 16:12:00,0.021631178607208312
2019-05-09 16:15:00,0.19070657615264963
2019-05-09 16:18:00,0.1200562426521401
2019-05-09 16:21:00,0.29529168227952596
2019-05-09 16:24:00,0.34687666603093703
2019-05-09 16:27:00,0.3470023438706562
2019-05-09 16:30:00,0.3418893567221062
2019-05-09 16:33:00,0.26555316154980346
2019-05-09 16:36:00,0.22969952157626494
2019-05-09 16:39:00,0.23557037449381824
2019-05-09 16:42:00,0.20017949998054974
2019-05-09 16:45:00,0.19737865579025993
2019-05-09 16:48:00,0.2192710461832803
2019-05-09 16:51:00,0.2210087928249891
2019-05-09 16:54:00,0.13298736076876594
2019-05-09 16:57:00,0.06544906309210319
2019-05-09 17:00:00,0.05243579080422478
2019-05-09 17:03:00,0.09431915066886631
2019-05-09 17:06:00,0.12079802893606484
2019-05-09 17:09:00,0.1844785540687326
2019-05-09 17:12:00,0.2648848918996123
2019-05-09 17:15:00,0.29145362123625773
2019-05-09 17:18:00,0.27074935907069175
2019-05-09 17:21:00,0.3095019189376558
2019-05-09 17:24:00,0.31571682740053575
2019-05-09 17:27:00,0.1697838771559077
2019-05-09 17:30:00,0.2707643921022509
2019-05-09 17:33:00,0.19431552924561402
2019-05-09 17:36:00,0.22726477528078703
2019-05-09 17:39:00,0.23050074891216354
2019-05-09 17:42:00,0.13599142648422458
2019-05-09 17:45:00,0.10253293718966461
2019-05-09 17:48:00,0.1810821635151001
2019-05-09 17:51:00,0.21612887636848654
2019-05-09 17:54:00,0.12396822006019192
2019-05-09 17:57:00,0.11705445113068436
2019-05-09 18:00:00,0.2864769473181923
2019-05-09 18:03:00,0.25230397020180817
2019-05-09 18:06:00,0.3571621852051976
2019-05-09 18:09:00,0.26016462425002373
2019-05-09 18:12:00,0.4346352013548085
2019-05-09 18:15:00,0.32207886548678744
2019-05-09 18:18:00,0.49835393798440464
2019-05-09 18:21:00,0.5129953959957447
2019-05-09 18:24:00,0.5273232935137457
2019-05-09 18:27:00,0.41038904969428813
2019-05-09 18:30:00,0.35049970382942774
2019-05-09 18:33:00,0.4015392950509522
2019-05-09 18:36:00,0.2652910079418689
2019-05-09 18:39:00,0.32984258121973653
2019-05-09 18:42:00,0.31704480722271455
2019-05-09 18:45:00,0.3843144588927885
2019-05-09 18:48:00,0.3126290170204129
2019-05-09 18:51:00,0.34591292488988756
2019-05-09 18:54:00,0.22389315960299427
2019-05-09 18:57:00,
2019-05-09 19:00:00,
2019-05-09 19:03:00,0.30569865904021754
2019-05-09 19:06:00,0.21541711365586025
2019-05-09 19:09:00,0.28180534804721447
2019-05-09 19:12:00,0.2536769573686115
2019-05-09 19:15:00,0.30803317151264764
2019-05-09 19:18:00,0.2173271006028017
2019-05-09 19:21:00,0.1515444591543087
2019-05-09 19:24:00,0.30873719910493946
2019-05-09 19:27:00,0.3203895734686171
2019-05-09 19:30:00,0.21142089187219426
2019-05-09 19:33:00,0.1994711953271917
2019-05-09 19:36:00,0.21104039402354147
2019-05-09 19:39:00,0.17156404627803568
2019-05-09 19:42:00,0.06377286964328732
2019-05-09 19:45:00,0.15593554644414098
2019-05-09 19:48:00,0.16037071687895832
2019-05-09 19:51:00,0.1364701047235144
2019-05-09 19:54:00,0.1944755009170649
2019-05-09 19:57:00,0.14517590598848074
2019-05-09 20:00:00,0.31016679476994113
2019-05-09 20:03:00,0.2225378181282167
2019-05-09 20:06:00,0.3046722695493145
2019-05-09 20:09:00,0.2497852972226724
2019-05-09 20:12:00,0.3075828797371969
2019-05-09 20:15:00,0.3615437837946729
2019-05-09 20:18:00,0.31706715022716025
2019-05-09 20:21:00,0.32413227308046544
2019-05-09 20:24:00,0.35832659935209676
2019-05-09 20:27:00,0.3201905906246907
2019-05-09 20:30:00,0.3157126481813748
2019-05-09 20:33:00,0.3509830036820176
2019-05-09 20:36:00,0.404704547317408
2019-05-09 20:39:00,0.3970127167312967
2019-05-09 20:42:00,0.2756757158819596
2019-05-09 20:45:00,0.3616726319655754
2019-05-09 20:48:00,0.25584029163150035
2019-05-09 20:51:00,0.383938134821733
2019-05-09 20:54:00,0.36643938782475516
2019-05-09 20:57:00,0.31133725096685794
2019-05-09 21:00:00,0.27722799246203067
2019-05-09 21:03:00,0.2867269916370674
2019-05-09 21:06:00,0.35901762810783566
2019-05-09 21:09:00,0.3156938611266469
2019-05-09 21:12:00,0.25832253228662694
2019-05-09 21:15:00,0.3237950062587629
2019-05-09 21:18:00,0.3562929356537552
2019-05-09 21:21:00,0.2635994354430409
2019-05-09 21:24:00,0.41033022242476136
2019-05-09 21:27:00,0.4426415553601828
2019-05-09 21:30:00,0.46130722584115347
2019-05-09 21:33:00,0.43919006679556105
2019-05-09 21:36:00,0.49913200906405564
2019-05-09 21:39:00,0.5218225656627169
2019-05-09 21:42:00,0.5204858816454134
2019-05-09 21:45:00,0.5352111939576503
2019-05-09 21:48:00,0.4675068654037773
2019-05-09 21:51:00,0.4556014572478375
2019-05-09 21:54:00,0.4807897201954461
2019-05-09 21:57:00,0.4400352215203611
2019-05-09 22:00:00,0.4564542676416181
2019-05-09 22:03:00,0.41592753396309945
2019-05-09 22:06:00,0.39885162644196726
2019-05-09 22:09:00,0.5081739717986693
2019-05-09 22:12:00,0.5335696952137141
2019-05-09 22:15:00,0.4674223874690142
2019-05-09 22:18:00,0.4737196635532541
2019-05-09 22:21:00,0.5163194946744625
2019-05-09 22:24:00,0.48644608879777707
2019-05-09 22:27:00,0.4336945666933616
2019-05-09 22:30:00,0.3788384381923606
2019-05-09 22:33:00,0.3846924960106435
2019-05-09 22:36:00,0.41928859064910284
2019-05-09 22:39:00,0.45614201174066693
2019-05-09 22:42:00,0.45754446239266144
2019-05-09 22:45:00,0.3576619941276249
2019-05-09 22:48:00,0.38277752589328884
2019-05-09 22:51:00,0.20377918875396972
2019-05-09 22:54:00,0.27016789618875237
2019-05-09 22:57:00,0.362991449572462
2019-05-09 23:00:00,0.3143510557061404
2019-05-09 23:03:00,0.3211381835907332
2019-05-09 23:06:00,0.3349576897409179
2019-05-09 23:09:00,0.3334002246966179
2019-05-09 23:12:00,0.40853779523996536
2019-05-09 23:15:00,0.32490362785949856
2019-05-09 23:18:00,0.3785755655640628
2019-05-09 23:21:00,0.40451397053988103
2019-05-09 23:24:00,0.3712819060984316
2019-05-09 23:27:00,0.4146236104964487
2019-05-09 23:30:00,0.39718465688662263
2019-05-09 23:33:00,0.37281447798994805
2019-05-09 23:36:00,0.3801532674930854
2019-05-09 23:39:00,0.29849380211140897
2019-05-09 23:42:00,0.336479032552063
2019-05-09 23:45:00,0.30360934967814046
2019-05-09 23:48:00,0.36457369085474056
2019-05-09 23:51:00,0.37399310688476817
2019-05-09 23:54:00,0.3927916831714242
2019-05-09 23:57:00,0.36466983818320386
2019-05-10 00:00:00,0.4131851371901689
2019-05-10 00:03:00,0.3846359117144402
2019-05-10 00:06:00,0.3357855443782114
2019-05-10 00:09:00,0.37749005172730676
2019-05-10 00:12:00,0.32609299865998764
2019-05-10 00:15:00,0.3627589981996948
2019-05-10 00:18:00,0.29455618415630624
2019-05-10 00:21:00,0.3420621983198089
2019-05-10 00:24:00,0.33361143759555034
2019-05-10 00:27:00,0.3306517628015513
2019-05-10 00:30:00,0.3895836669123014
2019-05-10 00:33:00,0.4447870981985602
2019-05-10 00:36:00,0.3716788381876768
2019-05-10 00:39:00,0.3459314639634954
2019-05-10 00:42:00,0.2705240158314268
2019-05-10 00:45:00,0.3681482217806433
2019-05-10 00:48:00,0.39801360939719643
2019-05-10 00:51:00,0.512829558428507
2019-05-10 00:54:00,0.5517089175413616
2019-05-10 00:57:00,0.591574276348183
2019-05-10 01:00:00,0.6482194854762611
2019-05-10 01:03:00,0.7291819596942446
2019-05-10 01:06:00,0.5761742179771545
2019-05-10 01:09:00,0.6367997010889894
2019-05-10 01:12:00,0.6603957522453356
2019-05-10 01:15:00,0.7312863408186558
2019-05-10 01:18:00,0.6324479761422026
2019-05-10 01:21:00,0.6392255208378401
2019-05-10 01:24:00,0.5278928960984217
2019-05-10 01:27:00,0.6110225596209489
2019-05-10 01:30:00,0.5604975873671947
2019-05-10 01:33:00,0.5332447567087684
2019-05-10 01:36:00,0.4424810771077432
2019-05-10 01:39:00,0.5462970593050045
2019-05-10 01:42:00,0.5340098875548165
2019-05-10 01:45:00,0.5072956329424869
2019-05-10 01:48:00,0.517149770720664
2019-05-10 01:51:00,0.4286014355338921
2019-05-10 01:54:00,0.5416464862322528
2019-05-10 01:57:00,0.5142747411936739
2019-05-10 02:00:00,0.46427662737067976
2019-05-10 02:03:00,0.38333023339225747
2019-05-10 02:06:00,0.4533806234400686
2019-05-10 02:09:00,0.490623564766679
2019-05-10 02:12:00,0.5144962409447658
2019-05-10 02:15:00,0.499779697507563
2019-05-10 02:18:00,0.5227943106336284
2019-05-10 02:21:00,0.5752494990342143
2019-05-10 02:24:00,0.5253122040171547
2019-05-10 02:27:00,0.5867350523691357
2019-05-10 02:30:00,0.5472123513107476
2019-05-10 02:33:00,0.5889525952520671
2019-05-10 02:36:00,0.5106406708416671
2019-05-10 02:39:00,0.6081164883202632
2019-05-10 02:42:00,0.5372284013030253
2019-05-10 02:45:00,0.5691956702763719
2019-05-10 02:48:00,0.589367862947654
2019-05-10 02:51:00,0.548932998202929
2019-05-10 02:54:00,0.5882469782700923
2019-05-10 02:57:00,0.5619094603397912
2019-05-10 03:00:00,0.5486706750240842
2019-05-10 03:03:00,0.5349579241146216
2019-05-10 03:06:00,0.5677482206194213
2019-05-10 03:09:00,0.6074454097491184
2019-05-10 03:12:00,0.4234158992877042
2019-05-10 03:15:00,0.3768192159072328
2019-05-10 03:18:00,0.5079790649575102
2019-05-10 03:21:00,0.5075670153789815
2019-05-10 03:24:00,0.6501501907896454
2019-05-10 03:27:00,0.6095401054432159
2019-05-10 03:30:00,0.5201998881403256
2019-05-10 03:33:00,0.5577773081873829
2019-05-10 03:36:00,0.4640706109029793
2019-05-10 03:39:00,0.32370313216546265
2019-05-10 03:42:00,0.38807249493555673
2019-05-10 03:45:00,0.30830761080699176
2019-05-10 03:48:00,0.4660298137628729
2019-05-10 03:51:00,0.3742638099663509
2019-05-10 03:54:00,0.39730392943209836
2019-05-10 03:57:00,0.35524936598989143
2019-05-10 04:00:00,0.5154501675214078
2019-05-10 04:03:00,0.374325787902535
2019-05-10 04:06:00,0.43509761805563585
2019-05-10 04:09:00,0.4287990837952975
2019-05-10 04:12:00,0.3752009795340996
2019-05-10 04:15:00,0.41380959253331184
2019-05-10 04:18:00,0.5174278669545629
2019-05-10 04:21:00,0.47520822124499773
2019-05-10 04:24:00,0.518561417683145
2019-05-10 04:27:00,0.697574870172275
2019-05-10 04:30:00,0.6314147019055554
2019-05-10 04:33:00,0.7362112629602962
2019-05-10 04:36:00,0.7680171417737824
2019-05-10 04:39:00,0.7255768356634462
2019-05-10 04:42:00,0.6818857804982486
2019-05-10 04:45:00,0.6081526469897085
2019-05-10 04:48:00,0.5690957562654262
2019-05-10 04:51:00,0.5128526245025
2019-05-10 04:54:00,0.4976687789003904
2019-05-10 04:57:00,0.4366413192303753
2019-05-10 05:00:00,0.46406234831022175
2019-05-10 05:03:00,0.32810908013897233
2019-05-10 05:06:00,0.4411144168902865
2019-05-10 05:09:00,0.42030737216362013
2019-05-10 05:12:00,0.2938283641544217
2019-05-10 05:15:00,0.2819404276899604
2019-05-10 05:18:00,0.38722940252324634
2019-05-10 05:21:00,0.3138087037987134
2019-05-10 05:24:00,0.3527743857951009
2019-05-10 05:27:00,0.40443901410020544
2019-05-10 05:30:00,0.38255202525181176
2019-05-10 05:33:00,0.44008258140468115
2019-05-10 05:36:00,0.49694364023389426
2019-05-10 05:39:00,0.3818619726240513
2019-05-10 05:42:00,0.41191395567437894
2019-05-10 05:45:00,0.3262535151955035
2019-05-10 05:48:00,0.45462027176535
2019-05-10 05:51:00,0.4542752597062645
2019-05-10 05:54:00,0.4368828400211555
2019-05-10 05:57:00,0.34507498291890215
2019-05-10 06:00:00,0.388376830188804
2019-05-10 06:03:00,0.41414279632181206
2019-05-10 06:06:00,0.2879471870618886
2019-05-10 06:09:00,0.3563258501018254
2019-05-10 06:12:00,0.36941499364121455
2019-05-10 06:15:00,0.33574299555539255
2019-05-10 06:18:00,0.35266395476082835
2019-05-10 06:21:00,0.45455687085541285
2019-05-10 06:24:00,0.3332447398260001
2019-05-10 06:27:00,0.35812232081389084
2019-05-10 06:30:00,0.387521326576973
2019-05-10 06:33:00,0.33322312883205996
2019-05-10 06:36:00,0.43227437120816603
2019-05-10 06:39:00,0.3368823094960476
2019-05-10 06:42:00,0.41334260281507795
2019-05-10 06:45:00,0.3541607404421825
2019-05-10 06:48:00,0.4107076945465451
2019-05-10 06:51:00,0.37843320335502995
2019-05-10 06:54:00,0.4373933714251734
2019-05-10 06:57:00,0.3437813264751526
2019-05-10 07:00:00,0.3922508266018099
2019-05-10 07:03:00,0.28947284195947987
2019-05-10 07:06:00,0.35282723463041066
2019-05-10 07:09:00,0.3730532963440396
2019-05-10 07:12:00,0.3368827641272105
2019-05-10 07:15:00,0.22943736358780598
2019-05-10 07:18:00,0.341213719837981
2019-05-10 07:21:00,0.3128564307606325
2019-05-10 07:24:00,0.38933498629859287
2019-05-10 07:27:00,0.3504779506754403
2019-05-10 07:30:00,0.3613254133010173
2019-05-10 07:33:00,0.33114883288430974
2019-05-10 07:36:00,0.40963715321993277
2019-05-10 07:39:00,0.2902384880117097
2019-05-10 07:42:00,0.2330098067571953
2019-05-10 07:45:00,0.31696796407123884
2019-05-10 07:48:00,0.2801087165222498
2019-05-10 07:51:00,0.24768445246900228
2019-05-10 07:54:00,0.26364841676121387
2019-05-10 07:57:00,0.3281278624212405
2019-05-10 08:00:00,0.29149559303277783
2019-05-10 08:03:00,0.24610889018811122
2019-05-10 08:06:00,0.245486445417896
2019-05-10 08:09:00,0.3414521674342268
2019-05-10 08:12:00,0.24880048375291608
2019-05-10 08:15:00,0.23648754083774293
2019-05-10 08:18:00,0.3243386466585889
2019-05-10 08:21:00,0.29197071422612453
2019-05-10 08:24:00,0.27753158300509995
2019-05-10 08:27:00,0.3428371720085579
2019-05-10 08:30:00,0.16305820551770012
2019-05-10 08:33:00,0.2635757975783122
2019-05-10 08:36:00,0.25648055346886167
2019-05-10 08:39:00,0.25163112708526114
2019-05-10 08:42:00,0.2948530787433583
2019-05-10 08:45:00,0.2696668402709861
2019-05-10 08:48:00,0.21807069161337722
2019-05-10 08:51:00,0.336466312547941
2019-05-10 08:54:00,0.268060473063656
2019-05-10 08:57:00,0.25383271638821725
2019-05-10 09:00:00,0.3916869549058788
2019-05-10 09:03:00,0.27750410883737686
2019-05-10 09:06:00,0.2164677060439999
2019-05-10 09:09:00,0.24222475356413042
2019-05-10 09:12:00,0.26392204251465046
2019-05-10 09:15:00,0.06742493706417463
2019-05-10 09:18:00,0.08074856879176195
2019-05-10 09:21:00,0.24439993448936548
2019-05-10 09:24:00,0.1889495673196393
2019-05-10 09:27:00,0.22858100196333453
2019-05-10 09:30:00,0.177338423534934
2019-05-10 09:33:00,0.07060045230383594
2019-05-10 09:36:00,0.08520364408610703
2019-05-10 09:39:00,0.1690320692110845
2019-05-10 09:42:00,0.07806792548063868
2019-05-10 09:45:00,0.11848070400498045
2019-05-10 09:48:00,0.05372485906013935
2019-05-10 09:51:00,0.08260882603133268
2019-05-10 09:54:00,0.01870730781462271
2019-05-10 09:57:00,-0.033711638517729625
2019-05-10 10:00:00,-0.04479850410456265
2019-05-10 10:03:00,-0.05868630882309844
2019-05-10 10:06:00,-0.07661802070742851
2019-05-10 10:09:00,-0.029777156838349583
2019-05-10 10:12:00,-0.08096464275041626
2019-05-10 10:15:00,-0.09495167431816753
2019-05-10 10:18:00,-0.05796066691152646
2019-05-10 10:21:00,-0.04848681026936674
2019-05-10 10:24:00,-0.06611073528245015
2019-05-10 10:27:00,-0.2184185718119238
2019-05-10 10:30:00,-0.17965923039406562
2019-05-10 10:33:00,-0.13491687484258819
2019-05-10 10:36:00,-0.2303762422050113
2019-05-10 10:39:00,-0.1592930410918143
2019-05-10 10:42:00,-0.11676157296756173
2019-05-10 10:45:00,-0.08865623237574027
2019-05-10 10:48:00,-0.15603968140203506
2019-05-10 10:51:00,-0.13793921648277774
2019-05-10 10:54:00,-0.1179043392421022
2019-05-10 10:57:00,-0.14712188900756473
2019-05-10 11:00:00,-0.029437825926663663
2019-05-10 11:03:00,-0.0378359797348935
2019-05-10 11:06:00,-0.15563372519721952
2019-05-10 11:09:00,-0.07501770625276549
2019-05-10 11:12:00,-0.05878375308873274
2019-05-10 11:15:00,-0.1279203827235733
2019-05-10 11:18:00,-0.17738479734862267
2019-05-10 11:21:00,-0.16722856342869363
2019-05-10 11:24:00,-0.1192109209258092
2019-05-10 11:27:00,-0.14769453077713024
2019-05-10 11:30:00,-0.2596447277950915
2019-05-10 11:33:00,-0.20901450768371888
2019-05-10 11:36:00,-0.12072362512532209
2019-05-10 11:39:00,-0.3187439141643722
2019-05-10 11:42:00,-0.1744315377470116
2019-05-10 11:45:00,-0.23829051570561433
2019-05-10 11:48:00,-0.14665945822389403
2019-05-10 11:51:00,-0.24620206840222636
2019-05-10 11:54:00,-0.11696670065930448
2019-05-10 11:57:00,-0.2590037178845819
2019-05-10 12:00:00,-0.2208725150470059
2019-05-10 12:03:00,-0.11165987712638525
2019-05-10 12:06:00,-0.20390923793604543
2019-05-10 12:09:00,-0.28672937503114326
2019-05-10 12:12:00,-0.29177378052668246
2019-05-10 12:15:00,-0.1858326805395336
2019-05-10 12:18:00,-0.22708953769904383
2019-05-10 12:21:00,-0.08804060310393425
2019-05-10 12:24:00,-0.23761098613209697
2019-05-10 12:27:00,-0.1463874078311278
2019-05-10 12:30:00,-0.16061813078528075
2019-05-10 12:33:00,-0.15967961273571518
2019-05-10 12:36:00,-0.1619993077082995
2019-05-10 12:39:00,-0.2876183527327498
2019-05-10 12:42:00,-0.26998480624445165
2019-05-10 12:45:00,-0.16364625540313682
2019-05-10 12:48:00,-0.2268947497034901
2019-05-10 12:51:00,-0.18020613873238744
2019-05-10 12:54:00,-0.15993488888011598
2019-05-10 12:57:00,-0.27852460510007404
2019-05-10 13:00:00,-0.20541530323367851
2019-05-10 13:03:00,-0.26366221198117046
2019-05-10 13:06:00,-0.25529146241728995
2019-05-10 13:09:00,-0.2232472379985211
2019-05-10 13:12:00,-0.18596596299323664
2019-05-10 13:15:00,-0.24052933256098186
2019-05-10 13:18:00,-0.27746269446987526
2019-05-10 13:21:00,-0.2893586913375543
2019-05-10 13:24:00,-0.28307744648253674
2019-05-10 13:27:00,-0.2977462197349041
2019-05-10 13:30:00,-0.197481120514567
2019-05-10 13:33:00,-0.21369171864893133
2019-05-10 13:36:00,-0.32235518206817915
2019-05-10 13:39:00,-0.2509826783672793
2019-05-10 13:42:00,-0.31231278303829413
2019-05-10 13:45:00,-0.2417111562627383
2019-05-10 13:48:00,-0.2632558966713532
2019-05-10 13:51:00,-0.34681129715869474
2019-05-10 13:54:00,-0.20255664342670343
2019-05-10 13:57:00,-0.3435089056270044
2019-05-10 14:00:00,-0.38348695531192334
2019-05-10 14:03:00,-0.33955606801202975
2019-05-10 14:06:00,-0.3748745918595091
2019-05-10 14:09:00,-0.29654972612070196
2019-05-10 14:12:00,-0.3603626393582431
2019-05-10 14:15:00,-0.3954598822147659
2019-05-10 14:18:00,-0.2939626334430727
2019-05-10 14:21:00,-0.2978933373086079
2019-05-10 14:24:00,-0.3445535328964979
2019-05-10 14:27:00,-0.3178443908323061
2019-05-10 14:30:00,-0.35439581671926135
2019-05-10 14:33:00,-0.2712164542162441
2019-05-10 14:36:00,-0.30346556870478025
2019-05-10 14:39:00,-0.3208368485271649
2019-05-10 14:42:00,-0.35191485229307773
2019-05-10 14:45:00,-0.2656921850233971
2019-05-10 14:48:00,-0.39982734084537697
2019-05-10 14:51:00,-0.31131397118645054
2019-05-10 14:54:00,-0.40552111507309974
2019-05-10 14:57:00,-0.37779892269099946
2019-05-10 15:00:00,-0.2489602581648569
2019-05-10 15:03:00,-0.5048315827832539
2019-05-10 15:06:00,-0.4004915931710684
2019-05-10 15:09:00,-0.3945595361610117
2019-05-10 15:12:00,-0.4531675178255341
2019-05-10 15:15:00,-0.4772574043096256
2019-05-10 15:18:00,-0.4069662025207208
2019-05-10 15:21:00,-0.41151320035396566
2019-05-10 15:24:00,-0.4613048777166
2019-05-10 15:27:00,-0.502769083632586
2019-05-10 15:30:00,-0.4416129456728868
2019-05-10 15:33:00,-0.509090297837588
2019-05-10 15:36:00,-0.4063369968349093
2019-05-10 15:39:00,-0.402872011549789
2019-05-10 15:42:00,-0.4752378632969112
2019-05-10 15:45:00,-0.46350041831266253
2019-05-10 15:48:00,-0.41120939664034495
2019-05-10 15:51:00,-0.44426895293497637
2019-05-10 15:54:00,-0.47280734724643025
2019-05-10 15:57:00,-0.5124764697399087
2019-05-10 16:00:00,-0.49127279047047523
2019-05-10 16:03:00,-0.4589413156961655
2019-05-10 16:06:00,-0.32832172451026054
2019-05-10 16:09:00,-0.37520745944692635
2019-05-10 16:12:00,-0.3790610804030621
2019-05-10 16:15:00,-0.48013881767468547
2019-05-10 16:18:00,-0.47278117233349803
2019-05-10 16:21:00,-0.40757513537010936
2019-05-10 16:24:00,-0.479474491823737
2019-05-10 16:27:00,-0.3119916256443389
2019-05-10 16:30:00,-0.3329447239700585
2019-05-10 16:33:00,-0.29493574256923694
2019-05-10 16:36:00,-0.33422341836751457
2019-05-10 16:39:00,-0.31891932988804683
2019-05-10 16:42:00,-0.2718479519047037
2019-05-10 16:45:00,-0.36160404215075914
2019-05-10 16:48:00,-0.20677479218477401
2019-05-10 16:51:00,-0.3184225335363067
2019-05-10 16:54:00,-0.3684206821706084
2019-05-10 16:57:00,-0.3119933385909235
2019-05-10 17:00:00,-0.36226371427682125
2019-05-10 17:03:00,-0.2557097197985172
2019-05-10 17:06:00,-0.33279135837426566
2019-05-10 17:09:00,-0.26598927569068564
2019-05-10 17:12:00,-0.22479808664598977
2019-05-10 17:15:00,-0.3443732825282382
2019-05-10 17:18:00,-0.23181933542696243
2019-05-10 17:21:00,-0.3213211704366472
2019-05-10 17:24:00,-0.3593821814361604
2019-05-10 17:27:00,-0.2705496307764861
2019-05-10 17:30:00,-0.2767672581308602
2019-05-10 17:33:00,-0.31928775165397383
2019-05-10 17:36:00,-0.2223032168832333
2019-05-10 17:39:00,-0.3357612917350252
2019-05-10 17:42:00,-0.2687699539084747
2019-05-10 17:45:00,-0.21091864000737814
2019-05-10 17:48:00,-0.18733201854422532
2019-05-10 17:51:00,-0.17998066556106096
2019-05-10 17:54:00,-0.24082609492103302
2019-05-10 17:57:00,-0.30276357381922026
2019-05-10 18:00:00,-0.2593775971905643
2019-05-10 18:03:00,-0.1928906951047793
2019-05-10 18:06:00,-0.1822022304166353
2019-05-10 18:09:00,-0.1413747070540694
2019-05-10 18:12:00,-0.002053378943230655
2019-05-10 18:15:00,-0.10171030038520712
2019-05-10 18:18:00,-0.12366436937031722
2019-05-10 18:21:00,-0.17774441910023597
2019-05-10 18:24:00,-0.06432070653238497
2019-05-10 18:27:00,-0.061635987542899784
2019-05-10 18:30:00,-0.06191455414898428
2019-05-10 18:33:00,-0.0797146229992336
2019-05-10 18:36:00,-0.047720324895692556
2019-05-10 18:39:00,0.0037747619928722997
2019-05-10 18:42:00,0.03062296995193492
2019-05-10 18:45:00,0.011100081152449093
2019-05-10 18:48:00,-0.1733003890488476
2019-05-10 18:51:00,-0.02585275915021157
2019-05-10 18:54:00,
2019-05-10 18:57:00,
2019-05-10 19:00:00,
2019-05-10 19:03:00,0.055773567752282815
2019-05-10 19:06:00,-0.03353278887209399
2019-05-10 19:09:00,0.03311169564045713
2019-05-10 19:12:00,-0.06316179600696614
2019-05-10 19:15:00,-0.05962165748002235
2019-05-10 19:18:00,-0.14965601683633167
2019-05-10 19:21:00,-0.0341808382508475
2019-05-10 19:24:00,-0.04152479403228426
2019-05-10 19:27:00,0.030573544680862597
2019-05-10 19:30:00,-0.03534569934595311
2019-05-10 19:33:00,-0.05940882335096376
2019-05-10 19:36:00,0.12879966645732566
2019-05-10 19:39:00,-0.03418683256921895
2019-05-10 19:42:00,-0.06287160190333907
2019-05-10 19:45:00,0.016040724948084062
2019-05-10 19:48:00,0.027593976230946282
2019-05-10 19:51:00,0.007580893199815364
2019-05-10 19:54:00,0.03077345129781861
2019-05-10 19:57:00,0.08869903046041827
2019-05-10 20:00:00,0.02921978176328821
2019-05-10 20:03:00,0.07765723265112001
2019-05-10 20:06:00,-0.02433420892373306
2019-05-10 20:09:00,0.09531575977604234
2019-05-10 20:12:00,-0.0926466613195771
2019-05-10 20:15:00,0.058226793096594065
2019-05-10 20:18:00,0.009527978313428775
2019-05-10 20:21:00,0.021969838618872473
2019-05-10 20:24:00,-0.031282489475074726
2019-05-10 20:27:00,0.0015725509508115465
2019-05-10 20:30:00,-0.06568463659095869
2019-05-10 20:33:00,-0.011061714074912743
2019-05-10 20:36:00,-0.027535357330350507
2019-05-10 20:39:00,-0.08423063892161053
2019-05-10 20:42:00,-0.07545650243059754
2019-05-10 20:45:00,0.023703852740368347
2019-05-10 20:48:00,0.05004229653729908
2019-05-10 20:51:00,0.04059785365012658
2019-05-10 20:54:00,-0.04096009708069914
2019-05-10 20:57:00,-0.010267725142512063
2019-05-10 21:00:00,0.025482144501097537
2019-05-10 21:03:00,0.0334971708774674
2019-05-10 21:06:00,0.03441090576592387
2019-05-10 21:09:00,0.06564582190947021
2019-05-10 21:12:00,0.0011765541036652394
2019-05-10 21:15:00,-0.02947984497956213
2019-05-10 21:18:00,-0.08676737072755714
2019-05-10 21:21:00,-0.005833504518420796
2019-05-10 21:24:00,0.05195571024290757
2019-05-10 21:27:00,-0.036955753210293096
2019-05-10 21:30:00,-0.06679390546997865
2019-05-10 21:33:00,-0.0882041099088724
2019-05-10 21:36:00,-0.038079053750664116
2019-05-10 21:39:00,-0.10760689879623442
2019-05-10 21:42:00,-0.022523345193349087
2019-05-10 21:45:00,0.039539601095839316
2019-05-10 21:48:00,-0.06995487018332369
2019-05-10 21:51:00,0.03359428321681435
2019-05-10 21:54:00,0.1314210456958449
2019-05-10 21:57:00,-0.08400785015720658
2019-05-10 22:00:00,0.05292107950060654
2019-05-10 22:03:00,0.1607274494332387
2019-05-10 22:06:00,-0.01210523534115282
2019-05-10 22:09:00,-0.04133901662862627
2019-05-10 22:12:00,0.03003584703793649
2019-05-10 22:15:00,-0.05691226815770278
2019-05-10 22:18:00,-0.03402684495659969
2019-05-10 22:21:00,0.0574943228436382
2019-05-10 22:24:00,-0.026576425634061707
2019-05-10 22:27:00,0.056266099174990813
2019-05-10 22:30:00,-0.03160962322567684
2019-05-10 22:33:00,0.07403603356391386
2019-05-10 22:36:00,0.11932397266429007
2019-05-10 22:39:00,0.07150665692392977
2019-05-10 22:42:00,0.15543147419242587
2019-05-10 22:45:00,0.08001871182557352
2019-05-10 22:48:00,0.1199234391010009
2019-05-10 22:51:00,0.08426497172587233
2019-05-10 22:54:00,0.011251997298643346
2019-05-10 22:57:00,0.02801417869022771
2019-05-10 23:00:00,0.04877690637982823
2019-05-10 23:03:00,0.07001473386526413
2019-05-10 23:06:00,0.0171498357323685
2019-05-10 23:09:00,0.0890394867964801
2019-05-10 23:12:00,-0.0020047926047936926
2019-05-10 23:15:00,0.05518597759180466
2019-05-10 23:18:00,0.10080633847223908
2019-05-10 23:21:00,0.0290963228009673
2019-05-10 23:24:00,0.10440845701918988
2019-05-10 23:27:00,0.06851039980074347
2019-05-10 23:30:00,0.04886773195596561
2019-05-10 23:33:00,0.11041183341706073
2019-05-10 23:36:00,0.05777181751250282
2019-05-10 23:39:00,0.10957236715984209
2019-05-10 23:42:00,0.05923334431781768
2019-05-10 23:45:00,0.08510353382092717
2019-05-10 23:48:00,0.104538732534877
2019-05-10 23:51:00,0.051816221974547716
2019-05-10 23:54:00,0.1304061511897885
2019-05-10 23:57:00,0.06084376534852254
2019-05-11 00:00:00,0.21130687494434142
2019-05-11 00:03:00,0.09330882456316658
2019-05-11 00:06:00,0.1327053634191202
2019-05-11 00:09:00,0.09113690610286085
2019-05-11 00:12:00,0.09976881155404271
2019-05-11 00:15:00,0.0568372434710227
2019-05-11 00:18:00,0.07888638401266235
2019-05-11 00:21:00,0.031091261679307536
2019-05-11 00:24:00,0.10082494656677454
2019-05-11 00:27:00,0.1379322107007397
2019-05-11 00:30:00,0.10860832039577417
2019-05-11 00:33:00,0.26965355398402835
2019-05-11 00:36:00,0.20239521653326165
2019-05-11 00:39:00,0.2620478917959872
2019-05-11 00:42:00,0.30863795743226774
2019-05-11 00:45:00,0.37641815994248873
2019-05-11 00:48:00,0.31203658034695536
2019-05-11 00:51:00,0.3876250061603628
2019-05-11 00:54:00,0.44585620379649527
2019-05-11 00:57:00,0.355541284247181
2019-05-11 01:00:00,0.3581903302393812
2019-05-11 01:03:00,0.41457814171303653
2019-05-11 01:06:00,0.3774215795825171
2019-05-11 01:09:00,0.41895356998821853
2019-05-11 01:12:00,0.3795963851088118
2019-05-11 01:15:00,0.44549211668862654
2019-05-11 01:18:00,0.44137365316146315
2019-05-11 01:21:00,0.45144460473687786
2019-05-11 01:24:00,0.28781195096394185
2019-05-11 01:27:00,0.3301801751361495
2019-05-11 01:30:00,0.25975806876704155
2019-05-11 01:33:00,0.4181247986239782
2019-05-11 01:36:00,0.28215224195446353
2019-05-11 01:39:00,0.3462613437916957
2019-05-11 01:42:00,0.2565954536561321
2019-05-11 01:45:00,0.3128360325393942
2019-05-11 01:48:00,0.30635797556357147
2019-05-11 01:51:00,0.25499815159702166
2019-05-11 01:54:00,0.21794982853492684
2019-05-11 01:57:00,0.1994133034104948
2019-05-11 02:00:00,0.24705130607378578
2019-05-11 02:03:00,0.29565291718034814
2019-05-11 02:06:00,0.2494798118383983
2019-05-11 02:09:00,0.22730662227849052
2019-05-11 02:12:00,0.20023733071172956
2019-05-11 02:15:00,0.32543962869556253
2019-05-11 02:18:00,0.4189183041141291
2019-05-11 02:21:00,0.3235541863210756
2019-05-11 02:24:00,0.4069396146669533
2019-05-11 02:27:00,0.2268455142611856
2019-05-11 02:30:00,0.23656965408792985
2019-05-11 02:33:00,0.16703022151961022
2019-05-11 02:36:00,0.25660272756516633
2019-05-11 02:39:00,0.23792603956064795
2019-05-11 02:42:00,0.23406035267430525
2019-05-11 02:45:00,0.22054172270640038
2019-05-11 02:48:00,0.2237450293458778
2019-05-11 02:51:00,0.2975813184079925
2019-05-11 02:54:00,0.2613225612494148
2019-05-11 02:57:00,0.35249433816875353
2019-05-11 03:00:00,0.2971803431403828
2019-05-11 03:03:00,0.22745226719638367
2019-05-11 03:06:00,0.30328875741702177
2019-05-11 03:09:00,0.3606957861066462
2019-05-11 03:12:00,0.38108115144530075
2019-05-11 03:15:00,0.40853381925973054
2019-05-11 03:18:00,0.32748021664684757
2019-05-11 03:21:00,0.38512626205795186
2019-05-11 03:24:00,0.3794601049866628
2019-05-11 03:27:00,0.3583397681486531
2019-05-11 03:30:00,0.36829123211538217
2019-05-11 03:33:00,0.39090402040790195
2019-05-11 03:36:00,0.4312657686544412
2019-05-11 03:39:00,0.4010847415419221
2019-05-11 03:42:00,0.3959395480696912
2019-05-11 03:45:00,0.27968114921765164
2019-05-11 03:48:00,0.3101835265272257
2019-05-11 03:51:00,0.3218845179360983
2019-05-11 03:54:00,0.25017107938748495
2019-05-11 03:57:00,0.30186459954865086
2019-05-11 04:00:00,0.25258086042788364
2019-05-11 04:03:00,0.35837874701633154
2019-05-11 04:06:00,0.2945351277106738
2019-05-11 04:09:00,0.26179721519775967
2019-05-11 04:12:00,0.38663927927120767
2019-05-11 04:15:00,0.25006199306005783
2019-05-11 04:18:00,0.25296953007438105
2019-05-11 04:21:00,0.2781292756795324
2019-05-11 04:24:00,0.21537658153306438
2019-05-11 04:27:00,0.3075089547830885
2019-05-11 04:30:00,0.24079524617542347
2019-05-11 04:33:00,0.29019718643979786
2019-05-11 04:36:00,0.3215117461405157
2019-05-11 04:39:00,0.3005122314436335
2019-05-11 04:42:00,0.35293175980558544
2019-05-11 04:45:00,0.3230700406459732
2019-05-11 04:48:00,0.28813532137263564
2019-05-11 04:51:00,0.34015532961365125
2019-05-11 04:54:00,0.16802398553494413
2019-05-11 04:57:00,0.30009037360292723
2019-05-11 05:00:00,0.2983100554291127
2019-05-11 05:03:00,0.34680484661379296
2019-05-11 05:06:00,0.27377726284674964
2019-05-11 05:09:00,0.23488128511104378
2019-05-11 05:12:00,0.3973116867924773
2019-05-11 05:15:00,0.3292866642322565
2019-05-11 05:18:00,0.2983484045695377
2019-05-11 05:21:00,0.2769287471331836
2019-05-11 05:24:00,0.21323478817265595
2019-05-11 05:27:00,0.3124159002140914
2019-05-11 05:30:00,0.2655604165352088
2019-05-11 05:33:00,0.38362332551707823
2019-05-11 05:36:00,0.2781717444045171
2019-05-11 05:39:00,0.20605119275876405
2019-05-11 05:42:00,0.3592986484036942
2019-05-11 05:45:00,0.2777361386777102
2019-05-11 05:48:00,0.2769356005938448
2019-05-11 05:51:00,0.3741944193295126
2019-05-11 05:54:00,0.24715478644213817
2019-05-11 05:57:00,0.2189200575310224
2019-05-11 06:00:00,0.14496783964972337
2019-05-11 06:03:00,0.2711073955876486
2019-05-11 06:06:00,0.2989729464962352
2019-05-11 06:09:00,0.25821961879830724
2019-05-11 06:12:00,0.2684721802268655
2019-05-11 06:15:00,0.16566161926175482
2019-05-11 06:18:00,0.2051080507224583
2019-05-11 06:21:00,0.24898318493370653
2019-05-11 06:24:00,0.32157187672896725
2019-05-11 06:27:00,0.2607512098481948
2019-05-11 06:30:00,0.35664953159579227
2019-05-11 06:33:00,0.2893899238069366
2019-05-11 06:36:00,0.2948686972565042
2019-05-11 06:39:00,0.35894861364300823
2019-05-11 06:42:00,0.3157725073594406
2019-05-11 06:45:00,0.3460250642451115
2019-05-11 06:48:00,0.31596233034207444
2019-05-11 06:51:00,0.3712001321562184
2019-05-11 06:54:00,0.28875561619366863
2019-05-11 06:57:00,0.3330036019615932
2019-05-11 07:00:00,0.3233498676215163
2019-05-11 07:03:00,0.2922011549144372
2019-05-11 07:06:00,0.3274261842182682
2019-05-11 07:09:00,0.3322386212334436
2019-05-11 07:12:00,0.22183594000625817
2019-05-11 07:15:00,0.26441109305432065
2019-05-11 07:18:00,0.27967944345363094
2019-05-11 07:21:00,0.27081191297446594
2019-05-11 07:24:00,0.2466409596796666
2019-05-11 07:27:00,0.3291015683705609
2019-05-11 07:30:00,0.4074191621043042
2019-05-11 07:33:00,0.3372079459964539
2019-05-11 07:36:00,0.23307988081825215
2019-05-11 07:39:00,0.4018641089435846
2019-05-11 07:42:00,0.346775391285405
2019-05-11 07:45:00,0.3117615661489026
2019-05-11 07:48:00,0.3719135890417533
2019-05-11 07:51:00,0.2756452730792489
2019-05-11 07:54:00,0.31550650135034175
2019-05-11 07:57:00,0.22684560907146079
2019-05-11 08:00:00,0.3193029468127975
2019-05-11 08:03:00,0.281351457604444
2019-05-11 08:06:00,0.2842860282037236
2019-05-11 08:09:00,0.3097331299083521
2019-05-11 08:12:00,0.2572066936855322
2019-05-11 08:15:00,0.19395088972680696
2019-05-11 08:18:00,0.27344055228439856
2019-05-11 08:21:00,0.284117339332397
2019-05-11 08:24:00,0.2783183298810741
2019-05-11 08:27:00,0.22201836668494934
2019-05-11 08:30:00,0.2900820405536706
2019-05-11 08:33:00,0.25747857608661207
2019-05-11 08:36:00,0.30103863903184447
2019-05-11 08:39:00,0.20984632306448248
2019-05-11 08:42:00,0.13994578864810592
2019-05-11 08:45:00,0.1939884852170053
2019-05-11 08:48:00,0.1789549908672825
2019-05-11 08:51:00,0.12274915765544847
2019-05-11 08:54:00,0.30133154560849107
2019-05-11 08:57:00,0.24028010431686653
2019-05-11 09:00:00,0.17469272972675753
2019-05-11 09:03:00,0.13224819352723216
2019-05-11 09:06:00,0.3009906060544836
2019-05-11 09:09:00,0.22069876648436093
2019-05-11 09:12:00,0.1699468075730124
2019-05-11 09:15:00,0.21541445265688708
2019-05-11 09:18:00,0.30509495275146037
2019-05-11 09:21:00,0.20283655332121953
2019-05-11 09:24:00,0.18490601846622212
2019-05-11 09:27:00,0.21797824121898657
2019-05-11 09:30:00,0.1295055097751856
2019-05-11 09:33:00,0.17850880559211646
2019-05-11 09:36:00,0.18492597647713183
2019-05-11 09:39:00,0.1968597505389198
2019-05-11 09:42:00,0.050487450582977544
2019-05-11 09:45:00,0.19572788160184018
2019-05-11 09:48:00,0.18470638303676878
2019-05-11 09:51:00,0.12119088736869799
2019-05-11 09:54:00,0.11175842345761566
2019-05-11 09:57:00,0.05707039683210269
2019-05-11 10:00:00,0.1193774696220089
2019-05-11 10:03:00,0.19394749919041487
2019-05-11 10:06:00,0.14416083764922405
2019-05-11 10:09:00,0.13515649070927793
2019-05-11 10:12:00,0.1359167541202737
2019-05-11 10:15:00,0.0945866295758151
2019-05-11 10:18:00,0.05483762235252243
2019-05-11 10:21:00,0.03424156548862811
2019-05-11 10:24:00,0.08564303285533015
2019-05-11 10:27:00,0.1199859286315359
2019-05-11 10:30:00,0.062469705304295076
2019-05-11 10:33:00,0.004386065409732964
2019-05-11 10:36:00,0.05307262582692829
2019-05-11 10:39:00,0.0018387286554002458
2019-05-11 10:42:00,0.014957062538144328
2019-05-11 10:45:00,0.06555469071224707
2019-05-11 10:48:00,0.03547856050067821
2019-05-11 10:51:00,0.02029732717812749
2019-05-11 10:54:00,0.07423185442166869
2019-05-11 10:57:00,-0.0019055258895832594
2019-05-11 11:00:00,0.029894132450237976
2019-05-11 11:03:00,0.012821655726611425
2019-05-11 11:06:00,-0.08517562632488307
2019-05-11 11:09:00,-0.11525196670623927
2019-05-11 11:12:00,-0.01882168524696226
2019-05-11 11:15:00,-0.039785727922037495
2019-05-11 11:18:00,-0.09527468493922697
2019-05-11 11:21:00,-0.009513073467473987
2019-05-11 11:24:00,-0.022670550416023616
2019-05-11 11:27:00,0.05953020536861686
2019-05-11 11:30:00,0.1859321111785448
2019-05-11 11:33:00,0.07590982039602068
2019-05-11 11:36:00,0.005227663146229133
2019-05-11 11:39:00,0.038009039286123425
2019-05-11 11:42:00,0.03969093393294543
2019-05-11 11:45:00,-0.04736478104791786
2019-05-11 11:48:00,-0.054270011296694065
2019-05-11 11:51:00,-0.005939026678845494
2019-05-11 11:54:00,0.0009516929148958297
2019-05-11 11:57:00,-0.13984294416223975
2019-05-11 12:00:00,-0.10173124312944992
2019-05-11 12:03:00,-0.11732114143546823
2019-05-11 12:06:00,-0.27194791448454225
2019-05-11 12:09:00,-0.027768441483942752
2019-05-11 12:12:00,-0.06636536774703927
2019-05-11 12:15:00,0.011565586708456976
2019-05-11 12:18:00,0.04277187204183974
2019-05-11 12:21:00,0.13696155633112994
2019-05-11 12:24:00,0.27407544800314554
2019-05-11 12:27:00,0.11588495264720677
2019-05-11 12:30:00,-0.08031942070437026
2019-05-11 12:33:00,-0.15021185742699572
2019-05-11 12:36:00,-0.11822230202733408
2019-05-11 12:39:00,-0.14909341295208378
2019-05-11 12:42:00,0.01992048720200046
2019-05-11 12:45:00,0.02432936505226735
2019-05-11 12:48:00,-0.12227483449879628
2019-05-11 12:51:00,-0.07003847558667076
2019-05-11 12:54:00,-0.16730626524793024
2019-05-11 12:57:00,-0.17859232278942727
2019-05-11 13:00:00,-0.11977392340082815
2019-05-11 13:03:00,-0.10969786918843738
2019-05-11 13:06:00,-0.06969177277846939
2019-05-11 13:09:00,-0.10682940017693454
2019-05-11 13:12:00,-0.031626159136578735
2019-05-11 13:15:00,-0.07454880494975669
2019-05-11 13:18:00,0.032734341714331094
2019-05-11 13:21:00,-0.024196951787757826
2019-05-11 13:24:00,0.09431662789882012
2019-05-11 13:27:00,0.08633065085348335
2019-05-11 13:30:00,-0.002903048710436451
2019-05-11 13:33:00,0.0968100078029579
2019-05-11 13:36:00,-0.16495305560459883
2019-05-11 13:39:00,-0.0923119757180757
2019-05-11 13:42:00,-0.04384584787635504
2019-05-11 13:45:00,-0.14276622164175023
2019-05-11 13:48:00,-0.08712255876207564
2019-05-11 13:51:00,0.04846544856894752
2019-05-11 13:54:00,-0.12806304003032665
2019-05-11 13:57:00,-0.0395399960522127
2019-05-11 14:00:00,-0.1595472658643189
2019-05-11 14:03:00,-0.1537097850570035
2019-05-11 14:06:00,-0.14034334883410793
2019-05-11 14:09:00,-0.1586694633046477
2019-05-11 14:12:00,-0.14753158024183222
2019-05-11 14:15:00,-0.2168413183161988
2019-05-11 14:18:00,-0.1171974661421018
2019-05-11 14:21:00,-0.11716972599361952
2019-05-11 14:24:00,-0.14706716666779585
2019-05-11 14:27:00,-0.08092739946835081
2019-05-11 14:30:00,-0.13348964459152057
2019-05-11 14:33:00,-0.168247808239812
2019-05-11 14:36:00,-0.06428179651464916
2019-05-11 14:39:00,-0.03731715778138778
2019-05-11 14:42:00,0.09568986059224471
2019-05-11 14:45:00,0.12853802083577648
2019-05-11 14:48:00,0.09011621337236875
2019-05-11 14:51:00,-0.08713748927323195
2019-05-11 14:54:00,0.022071796189436554
2019-05-11 14:57:00,0.12834748899160786
2019-05-11 15:00:00,0.4033041378695543
2019-05-11 15:03:00,0.43557859628293727
2019-05-11 15:06:00,0.139674860101195
2019-05-11 15:09:00,0.24926427246140292
2019-05-11 15:12:00,0.19739461382704349
2019-05-11 15:15:00,0.27600229318454694
2019-05-11 15:18:00,0.4273413417346319
2019-05-11 15:21:00,0.5570698870719752
2019-05-11 15:24:00,0.5827585229993701
2019-05-11 15:27:00,0.5749154490007413
2019-05-11 15:30:00,0.35881193109236165
2019-05-11 15:33:00,0.20090634620333958
2019-05-11 15:36:00,0.1660999682550255
2019-05-11 15:39:00,0.05676761757291615
2019-05-11 15:42:00,0.10485064309034442
2019-05-11 15:45:00,0.1200703122425466
2019-05-11 15:48:00,0.12434342480946725
2019-05-11 15:51:00,0.1900384708785623
2019-05-11 15:54:00,0.05831808161747176
2019-05-11 15:57:00,0.08355780003751079
2019-05-11 16:00:00,0.13178070713240686
2019-05-11 16:03:00,0.11309810973273215
2019-05-11 16:06:00,0.2275988551061232
2019-05-11 16:09:00,0.14940404225984594
2019-05-11 16:12:00,0.2127928946836164
2019-05-11 16:15:00,0.17235335248420824
2019-05-11 16:18:00,0.03483854755228322
2019-05-11 16:21:00,0.022242665452324673
2019-05-11 16:24:00,-0.00526411241128244
2019-05-11 16:27:00,-0.053198784578455616
2019-05-11 16:30:00,0.005758165055624431
2019-05-11 16:33:00,0.09604946731076325
2019-05-11 16:36:00,0.06255957532840739
2019-05-11 16:39:00,0.01581626303448047
2019-05-11 16:42:00,-0.003459154502934325
2019-05-11 16:45:00,0.10002495492756225
2019-05-11 16:48:00,0.11193974590139533
2019-05-11 16:51:00,-0.012381436761017994
2019-05-11 16:54:00,0.013120095700628553
2019-05-11 16:57:00,0.041440659080706155
2019-05-11 17:00:00,0.07076816244966722
2019-05-11 17:03:00,0.015493403694222252
2019-05-11 17:06:00,0.02869037588931178
2019-05-11 17:09:00,0.13507433774401534
2019-05-11 17:12:00,0.0837884522190393
2019-05-11 17:15:00,0.07613111281818874
2019-05-11 17:18:00,-0.011810395883856017
2019-05-11 17:21:00,0.02018739309716011
2019-05-11 17:24:00,0.009457923021898296
2019-05-11 17:27:00,-0.048112050342183466
2019-05-11 17:30:00,-0.05089403420220151
2019-05-11 17:33:00,-0.018512648183843794
2019-05-11 17:36:00,-0.16093745834950823
2019-05-11 17:39:00,-0.10922156272135908
2019-05-11 17:42:00,0.002537287636300789
2019-05-11 17:45:00,-0.0804809891211562
2019-05-11 17:48:00,-0.10821956353862561
2019-05-11 17:51:00,-0.06978730307736214
2019-05-11 17:54:00,0.06886760603379116
2019-05-11 17:57:00,0.05707003984326775
2019-05-11 18:00:00,0.10703670256475561
2019-05-11 18:03:00,0.05031430636176992
2019-05-11 18:06:00,0.05166612532389081
2019-05-11 18:09:00,0.09113545157759972
2019-05-11 18:12:00,0.06511992060183047
2019-05-11 18:15:00,-0.03820310133477278
2019-05-11 18:18:00,0.013961207723241387
2019-05-11 18:21:00,0.03321320669499528
2019-05-11 18:24:00,0.005113664027248888
2019-05-11 18:27:00,0.01271096740174471
2019-05-11 18:30:00,-0.03848132492203149
2019-05-11 18:33:00,-0.08948657831371065
2019-05-11 18:36:00,0.037435284564992344
2019-05-11 18:39:00,-0.05945577290958681
2019-05-11 18:42:00,0.011950766705410842
2019-05-11 18:45:00,-0.029790716715979215
2019-05-11 18:48:00,-0.019281858517729233
2019-05-11 18:51:00,0.09016698905264775
2019-05-11 18:54:00,
2019-05-11 18:57:00,
2019-05-11 19:00:00,
2019-05-11 19:03:00,-0.13535566363987073
2019-05-11 19:06:00,-0.002010871105539991
2019-05-11 19:09:00,-0.01506417119122716
2019-05-11 19:12:00,0.06354185966404202
2019-05-11 19:15:00,0.02084266616810737
2019-05-11 19:18:00,0.10939244757145161
2019-05-11 19:21:00,0.05372376855314087
2019-05-11 19:24:00,0.05380879036681563
2019-05-11 19:27:00,0.04973960595827975
2019-05-11 19:30:00,0.12883348985445764
2019-05-11 19:33:00,0.0759208568895815
2019-05-11 19:36:00,0.1699030813493323
2019-05-11 19:39:00,0.07930092436737368
2019-05-11 19:42:00,0.13134537377453626
2019-05-11 19:45:00,0.11371698567722888
2019-05-11 19:48:00,0.09290796831822945
2019-05-11 19:51:00,0.09933693537311683
2019-05-11 19:54:00,0.046814091668125
2019-05-11 19:57:00,0.23841569908711335
2019-05-11 20:00:00,0.10909828114409947
2019-05-11 20:03:00,0.18332042823135453
2019-05-11 20:06:00,0.12526112480259144
2019-05-11 20:09:00,0.14022035919583686
2019-05-11 20:12:00,0.06832880137994835
2019-05-11 20:15:00,0.08866485317298611
2019-05-11 20:18:00,0.12226031406788707
2019-05-11 20:21:00,-0.0052158291311457106
2019-05-11 20:24:00,-0.06858412080123344
2019-05-11 20:27:00,0.16595469292599319
2019-05-11 20:30:00,0.1038804182907711
2019-05-11 20:33:00,0.11146626517768254
2019-05-11 20:36:00,0.16600500589885314
2019-05-11 20:39:00,0.07317475048563438
2019-05-11 20:42:00,0.007810978697364135
2019-05-11 20:45:00,0.17923462018802638
2019-05-11 20:48:00,0.12528278374213642
2019-05-11 20:51:00,0.0909002141023052
2019-05-11 20:54:00,0.248719221692852
2019-05-11 20:57:00,0.21992154220214388
2019-05-11 21:00:00,0.2775722493287276
2019-05-11 21:03:00,0.40895637848802835
2019-05-11 21:06:00,0.3711679768472891
2019-05-11 21:09:00,0.35487851540369775
2019-05-11 21:12:00,0.26862514759415035
2019-05-11 21:15:00,0.353289622353941
2019-05-11 21:18:00,0.33834305252463537
2019-05-11 21:21:00,0.30069015685012346
2019-05-11 21:24:00,0.38741427216660895
2019-05-11 21:27:00,0.43598885011800803
2019-05-11 21:30:00,0.5092410781488184
2019-05-11 21:33:00,0.40700608097517943
2019-05-11 21:36:00,0.38463694286912187
2019-05-11 21:39:00,0.2913970025914523
2019-05-11 21:42:00,0.3731048036616471
2019-05-11 21:45:00,0.29164079937498855
2019-05-11 21:48:00,0.2500712482877816
2019-05-11 21:51:00,0.16881756686507288
2019-05-11 21:54:00,0.24857804690969942
2019-05-11 21:57:00,0.28343426754264556
2019-05-11 22:00:00,0.27243359882038476
2019-05-11 22:03:00,0.27140778273536625
2019-05-11 22:06:00,0.26799626846820956
2019-05-11 22:09:00,0.3192731450857309
2019-05-11 22:12:00,0.36988591644899316
2019-05-11 22:15:00,0.38486865309357654
2019-05-11 22:18:00,0.37811409163583676
2019-05-11 22:21:00,0.4469375979811616
2019-05-11 22:24:00,0.28886856311919473
2019-05-11 22:27:00,0.2977523755611742
2019-05-11 22:30:00,0.35305605140655416
2019-05-11 22:33:00,0.39426337736551886
2019-05-11 22:36:00,0.3714715408054303
2019-05-11 22:39:00,0.41461809166469266
2019-05-11 22:42:00,0.419514382297848
2019-05-11 22:45:00,0.46065047479919485
2019-05-11 22:48:00,0.5117062214219459
2019-05-11 22:51:00,0.46550935121405246
2019-05-11 22:54:00,0.46676643809865936
2019-05-11 22:57:00,0.5006426062093396
2019-05-11 23:00:00,0.46429189957564176
2019-05-11 23:03:00,0.45340487450556566
2019-05-11 23:06:00,0.47761069970431436
2019-05-11 23:09:00,0.5111187927216747
2019-05-11 23:12:00,0.4151361701496512
2019-05-11 23:15:00,0.4278252382550818
2019-05-11 23:18:00,0.32666898719509163
2019-05-11 23:21:00,0.47726985137484235
2019-05-11 23:24:00,0.39718892848327414
2019-05-11 23:27:00,0.49696469263273
2019-05-11 23:30:00,0.40318452107544545
2019-05-11 23:33:00,0.47984360110126545
2019-05-11 23:36:00,0.4456901468483352
2019-05-11 23:39:00,0.5349631319733703
2019-05-11 23:42:00,0.46981226809049303
2019-05-11 23:45:00,0.6231793231772826
2019-05-11 23:48:00,0.49845612154086893
2019-05-11 23:51:00,0.4721895295391505
2019-05-11 23:54:00,0.40401953261340395
2019-05-11 23:57:00,0.3272509453337875
2019-05-12 00:00:00,0.30891632158289895
2019-05-12 00:03:00,0.4333653008397391
2019-05-12 00:06:00,0.34586709524245407
2019-05-12 00:09:00,0.3855016186739135
2019-05-12 00:12:00,0.32192214683010434
2019-05-12 00:15:00,0.27438675681190716
2019-05-12 00:18:00,0.2533411948300568
2019-05-12 00:21:00,0.29919800548532294
2019-05-12 00:24:00,0.40145967039183006
2019-05-12 00:27:00,0.5044065321470157
2019-05-12 00:30:00,0.45064842311398934
2019-05-12 00:33:00,0.4943730417601273
2019-05-12 00:36:00,0.4173515407906052
2019-05-12 00:39:00,0.3100468262430809
2019-05-12 00:42:00,0.3674347105649076
2019-05-12 00:45:00,0.37663111415599815
2019-05-12 00:48:00,0.370697285485619
2019-05-12 00:51:00,0.2552117479276603
2019-05-12 00:54:00,0.3491133662518564
2019-05-12 00:57:00,0.26219762755312104
2019-05-12 01:00:00,0.320800485799964
2019-05-12 01:03:00,0.25882515602842204
2019-05-12 01:06:00,0.32532612118484394
2019-05-12 01:09:00,0.35546206869031494
2019-05-12 01:12:00,0.35364004929851944
2019-05-12 01:15:00,0.3316203158930193
2019-05-12 01:18:00,0.35150162909678784
2019-05-12 01:21:00,0.36044144521827093
2019-05-12 01:24:00,0.36721371597133157
2019-05-12 01:27:00,0.41556166136041384
2019-05-12 01:30:00,0.30821005313561045
2019-05-12 01:33:00,0.37814851969761776
2019-05-12 01:36:00,0.3381547009456085
2019-05-12 01:39:00,0.32955626382636183
2019-05-12 01:42:00,0.3419674434248918
2019-05-12 01:45:00,0.43460465517716784
2019-05-12 01:48:00,0.4989566665423695
2019-05-12 01:51:00,0.31465693729268196
2019-05-12 01:54:00,0.40752989061843437
2019-05-12 01:57:00,0.35169968128076334
2019-05-12 02:00:00,0.3452280085747361
2019-05-12 02:03:00,0.3234297841274838
2019-05-12 02:06:00,0.33474502513257676
2019-05-12 02:09:00,0.3661353650484216
2019-05-12 02:12:00,0.31714867279299597
2019-05-12 02:15:00,0.340884431782456
2019-05-12 02:18:00,0.3637823689417701
2019-05-12 02:21:00,0.41119337771436903
2019-05-12 02:24:00,0.41777099304084686
2019-05-12 02:27:00,0.4244089978291754
2019-05-12 02:30:00,0.4118445433840634
2019-05-12 02:33:00,0.40423190915402074
2019-05-12 02:36:00,0.3489767337337071
2019-05-12 02:39:00,0.4456110584183648
2019-05-12 02:42:00,0.3908839508768551
2019-05-12 02:45:00,0.3644818492579702
2019-05-12 02:48:00,0.3801072476221634
2019-05-12 02:51:00,0.30598499647976496
2019-05-12 02:54:00,0.3110504682007331
2019-05-12 02:57:00,0.44337740719680596
2019-05-12 03:00:00,0.35204410780721673
2019-05-12 03:03:00,0.37778997418718063
2019-05-12 03:06:00,0.2835443655264953
2019-05-12 03:09:00,0.3167205666757127
2019-05-12 03:12:00,0.43766727772907643
2019-05-12 03:15:00,0.4307654287495666
2019-05-12 03:18:00,0.39190230411008997
2019-05-12 03:21:00,0.3537249149123909
2019-05-12 03:24:00,0.32640395457269733
2019-05-12 03:27:00,0.37571805677936254
2019-05-12 03:30:00,0.47520782096296443
2019-05-12 03:33:00,0.37645623446559284
2019-05-12 03:36:00,0.4148897045079707
2019-05-12 03:39:00,0.3457035832473139
2019-05-12 03:42:00,0.39893233488629676
2019-05-12 03:45:00,0.3399202348172139
2019-05-12 03:48:00,0.34850820540395944
2019-05-12 03:51:00,0.35396731464805953
2019-05-12 03:54:00,0.3501002422648867
2019-05-12 03:57:00,0.3534334489116304
2019-05-12 04:00:00,0.34337938381708
2019-05-12 04:03:00,0.3514682024756439
2019-05-12 04:06:00,0.3708802542743115
2019-05-12 04:09:00,0.36655135669286665
2019-05-12 04:12:00,0.42883547956688517
2019-05-12 04:15:00,0.38988054338477696
2019-05-12 04:18:00,0.33844757921843893
2019-05-12 04:21:00,0.40259770399325134
2019-05-12 04:24:00,0.32672665166671777
2019-05-12 04:27:00,0.38688998626571447
2019-05-12 04:30:00,0.3628796471354576
2019-05-12 04:33:00,0.38432158721593623
2019-05-12 04:36:00,0.41177647934989636
2019-05-12 04:39:00,0.37897846345418884
2019-05-12 04:42:00,0.36626608822933804
2019-05-12 04:45:00,0.3739522192170739
2019-05-12 04:48:00,0.40888554626309315
2019-05-12 04:51:00,0.3102090844922145
2019-05-12 04:54:00,0.29089884180280023
2019-05-12 04:57:00,0.372854221387513
2019-05-12 05:00:00,0.31383510414798366
2019-05-12 05:03:00,0.3567908699411646
2019-05-12 05:06:00,0.42561601194341847
2019-05-12 05:09:00,0.3933380655295764
2019-05-12 05:12:00,0.3795066823535649
2019-05-12 05:15:00,0.33976628495247496
2019-05-12 05:18:00,0.3927034629618902
2019-05-12 05:21:00,0.39616624614325247
2019-05-12 05:24:00,0.39160255880750583
2019-05-12 05:27:00,0.34634982920516677
2019-05-12 05:30:00,0.3384605360371893
2019-05-12 05:33:00,0.37679524322203406
2019-05-12 05:36:00,0.5017642161857907
2019-05-12 05:39:00,0.3914547823669636
2019-05-12 05:42:00,0.42656301521128626
2019-05-12 05:45:00,0.4086594736565985
2019-05-12 05:48:00,0.4050252792434321
2019-05-12 05:51:00,0.43045304938146955
2019-05-12 05:54:00,0.5115491152288314
2019-05-12 05:57:00,0.4138072771833663
2019-05-12 06:00:00,0.43048479953671404
2019-05-12 06:03:00,0.4625067256195621
2019-05-12 06:06:00,0.4958091599285126
2019-05-12 06:09:00,0.4974428308452161
2019-05-12 06:12:00,0.5038096163877412
2019-05-12 06:15:00,0.5397198217561936
2019-05-12 06:18:00,0.5099253095579002
2019-05-12 06:21:00,0.47630204473904314
2019-05-12 06:24:00,0.4185961355163954
2019-05-12 06:27:00,0.39676312304669636
2019-05-12 06:30:00,0.38833913149051114
2019-05-12 06:33:00,0.45175813074439475
2019-05-12 06:36:00,0.4784242410689785
2019-05-12 06:39:00,0.46883549244762435
2019-05-12 06:42:00,0.4633128166998972
2019-05-12 06:45:00,0.554822417470973
2019-05-12 06:48:00,0.5412628729180824
2019-05-12 06:51:00,0.5368171356279277
2019-05-12 06:54:00,0.5080049567086462
2019-05-12 06:57:00,0.4074708941541303
2019-05-12 07:00:00,0.5312513073456557
2019-05-12 07:03:00,0.5261081541698331
2019-05-12 07:06:00,0.5633451109616772
2019-05-12 07:09:00,0.45990238361457614
2019-05-12 07:12:00,0.48819791556582004
2019-05-12 07:15:00,0.5349778400578771
2019-05-12 07:18:00,0.5259837752625458
2019-05-12 07:21:00,0.44388618539983327
2019-05-12 07:24:00,0.46635575391167094
2019-05-12 07:27:00,0.5246909095660044
2019-05-12 07:30:00,0.5264765268592555
2019-05-12 07:33:00,0.49888509268077996
2019-05-12 07:36:00,0.4449607889335425
2019-05-12 07:39:00,0.39785281124642324
2019-05-12 07:42:00,0.3658312856982775
2019-05-12 07:45:00,0.4279262998413742
2019-05-12 07:48:00,0.41222264595546676
2019-05-12 07:51:00,0.33970993797555593
2019-05-12 07:54:00,0.4701647007925658
2019-05-12 07:57:00,0.4685840742654932
2019-05-12 08:00:00,0.3948310168605076
2019-05-12 08:03:00,0.4286158640724125
2019-05-12 08:06:00,0.37188561887433025
2019-05-12 08:09:00,0.4646446305480936
2019-05-12 08:12:00,0.4495782589119699
2019-05-12 08:15:00,0.4479563175941621
2019-05-12 08:18:00,0.40973368908095154
2019-05-12 08:21:00,0.44941976388804505
2019-05-12 08:24:00,0.42876318156476145
2019-05-12 08:27:00,0.37969856692507165
2019-05-12 08:30:00,0.34958435310448976
2019-05-12 08:33:00,0.3810775350754625
2019-05-12 08:36:00,0.41406548055044823
2019-05-12 08:39:00,0.37686623971183053
2019-05-12 08:42:00,0.3753173532978167
2019-05-12 08:45:00,0.3697094628071227
2019-05-12 08:48:00,0.27008977955534874
2019-05-12 08:51:00,0.41559416643468694
2019-05-12 08:54:00,0.4131954179316608
2019-05-12 08:57:00,0.29604102082771533
2019-05-12 09:00:00,0.3882663869850944
2019-05-12 09:03:00,0.43875483004836724
2019-05-12 09:06:00,0.35698595244127773
2019-05-12 09:09:00,0.3015941388183023
2019-05-12 09:12:00,0.2958481037976526
2019-05-12 09:15:00,0.11431925738258997
2019-05-12 09:18:00,0.13146175752262934
2019-05-12 09:21:00,0.28331991662287237
2019-05-12 09:24:00,0.3199202045103675
2019-05-12 09:27:00,0.220338063252143
2019-05-12 09:30:00,0.24251473433912452
2019-05-12 09:33:00,0.17680915956816534
2019-05-12 09:36:00,0.20853855473694694
2019-05-12 09:39:00,0.13715690024196192
2019-05-12 09:42:00,0.18571994580923956
2019-05-12 09:45:00,0.1437381241111666
2019-05-12 09:48:00,0.15076053624420638
2019-05-12 09:51:00,0.18323513078297538
2019-05-12 09:54:00,0.1727018771887856
2019-05-12 09:57:00,0.2384959985832893
2019-05-12 10:00:00,0.17398972635368182
2019-05-12 10:03:00,0.15050446568506004
2019-05-12 10:06:00,0.14939550318746342
2019-05-12 10:09:00,0.17298661786884395
2019-05-12 10:12:00,0.09569117664153737
2019-05-12 10:15:00,0.15206866937251107
2019-05-12 10:18:00,0.1356343216182836
2019-05-12 10:21:00,0.011239080659947831
2019-05-12 10:24:00,0.20352562002096874
2019-05-12 10:27:00,-0.006497149629069554
2019-05-12 10:30:00,0.09456278442661414
2019-05-12 10:33:00,0.06862193639341285
2019-05-12 10:36:00,0.06141275179851391
2019-05-12 10:39:00,0.038513849226944785
2019-05-12 10:42:00,0.1523775756797363
2019-05-12 10:45:00,0.05860136632117019
2019-05-12 10:48:00,0.10608120131757914
2019-05-12 10:51:00,0.02612770889334115
2019-05-12 10:54:00,-0.02312168026423933
2019-05-12 10:57:00,-0.02441974467228647
2019-05-12 11:00:00,0.10026509233028946
2019-05-12 11:03:00,0.026424976113048615
2019-05-12 11:06:00,-0.013256269602209159
2019-05-12 11:09:00,-0.07792456654033231
2019-05-12 11:12:00,0.04209697441120852
2019-05-12 11:15:00,0.04249446040705607
2019-05-12 11:18:00,-0.06000125898077613
2019-05-12 11:21:00,-0.10673839320492107
2019-05-12 11:24:00,0.01309942228908767
2019-05-12 11:27:00,-0.06359835773736222
2019-05-12 11:30:00,-0.03639397771797803
2019-05-12 11:33:00,-0.0967363708412563
2019-05-12 11:36:00,-0.16740658879535886
2019-05-12 11:39:00,-0.02371826924365905
2019-05-12 11:42:00,-0.07836954015533593
2019-05-12 11:45:00,-0.03164597298331273
2019-05-12 11:48:00,-0.15391037645412098
2019-05-12 11:51:00,-0.019430326789461105
2019-05-12 11:54:00,-0.060675508174426795
2019-05-12 11:57:00,-0.11904994720163131
2019-05-12 12:00:00,0.0314492084100948
2019-05-12 12:03:00,-0.1490046679271586
2019-05-12 12:06:00,-0.12414713074610972
2019-05-12 12:09:00,-0.16402260745917374
2019-05-12 12:12:00,-0.18700599843862165
2019-05-12 12:15:00,-0.04841423082160645
2019-05-12 12:18:00,-0.21282297071655876
2019-05-12 12:21:00,-0.13606877694377317
2019-05-12 12:24:00,-0.023053920305926567
2019-05-12 12:27:00,-0.15649574283065704
2019-05-12 12:30:00,-0.16497763399513588
2019-05-12 12:33:00,-0.011061370581046504
2019-05-12 12:36:00,-0.1281680830862797
2019-05-12 12:39:00,-0.12415420447092629
2019-05-12 12:42:00,-0.15437684204192692
2019-05-12 12:45:00,-0.1609366054439647
2019-05-12 12:48:00,-0.23617828413250663
2019-05-12 12:51:00,-0.2160255725501088
2019-05-12 12:54:00,-0.18581906912567092
2019-05-12 12:57:00,-0.22958392468859756
2019-05-12 13:00:00,-0.1046339092883386
2019-05-12 13:03:00,-0.16942662473297787
2019-05-12 13:06:00,-0.2396238213368065
2019-05-12 13:09:00,-0.3239147980245889
2019-05-12 13:12:00,-0.2505293575517271
2019-05-12 13:15:00,-0.28228442947687427
2019-05-12 13:18:00,-0.3246261906272707
2019-05-12 13:21:00,-0.27209862154921893
2019-05-12 13:24:00,-0.3717534757942076
2019-05-12 13:27:00,-0.4133091850380879
2019-05-12 13:30:00,-0.35234303484901375
2019-05-12 13:33:00,-0.316581892065642
2019-05-12 13:36:00,-0.3471826201712247
2019-05-12 13:39:00,-0.32727852454894446
2019-05-12 13:42:00,-0.35563735145524333
2019-05-12 13:45:00,-0.34202706158350793
2019-05-12 13:48:00,-0.29039033171153505
2019-05-12 13:51:00,-0.45153615408736414
2019-05-12 13:54:00,-0.43418786280022914
2019-05-12 13:57:00,-0.4700381729426226
2019-05-12 14:00:00,-0.47966389703032064
2019-05-12 14:03:00,-0.35626686710520516
2019-05-12 14:06:00,-0.5675747740464772
2019-05-12 14:09:00,-0.5433547850332161
2019-05-12 14:12:00,-0.47868961258041054
2019-05-12 14:15:00,-0.39885028693447566
2019-05-12 14:18:00,-0.47334216606083146
2019-05-12 14:21:00,-0.4397228327791822
2019-05-12 14:24:00,-0.5144430957372492
2019-05-12 14:27:00,-0.46643398397947067
2019-05-12 14:30:00,-0.5069402461488153
2019-05-12 14:33:00,-0.47711732734546786
2019-05-12 14:36:00,-0.5309947360128717
2019-05-12 14:39:00,-0.5920825994893448
2019-05-12 14:42:00,-0.5481021556408905
2019-05-12 14:45:00,-0.47490644808175375
2019-05-12 14:48:00,-0.5934990476536086
2019-05-12 14:51:00,-0.5263820103993453
2019-05-12 14:54:00,-0.5576273674648178
2019-05-12 14:57:00,-0.5745838273845152
2019-05-12 15:00:00,-0.5954339821231542
2019-05-12 15:03:00,-0.5984637718248678
2019-05-12 15:06:00,-0.6032878360828704
2019-05-12 15:09:00,-0.5035833368297062
2019-05-12 15:12:00,-0.4607686160172193
2019-05-12 15:15:00,-0.5578697775168848
2019-05-12 15:18:00,-0.5452782135778875
2019-05-12 15:21:00,-0.6376556530469202
2019-05-12 15:24:00,-0.538430947515451
2019-05-12 15:27:00,-0.576819203414459
2019-05-12 15:30:00,-0.5139980121006715
2019-05-12 15:33:00,-0.6390330481090132
2019-05-12 15:36:00,-0.6528070981217411
2019-05-12 15:39:00,-0.5282627757449063
2019-05-12 15:42:00,-0.4007879595814643
2019-05-12 15:45:00,-0.5329940822358026
2019-05-12 15:48:00,-0.49940797767487766
2019-05-12 15:51:00,-0.5810092489160184
2019-05-12 15:54:00,-0.572499857922196
2019-05-12 15:57:00,-0.4803447276070756
2019-05-12 16:00:00,-0.43995936781180944
2019-05-12 16:03:00,-0.44033492055427814
2019-05-12 16:06:00,-0.38950299887034134
2019-05-12 16:09:00,-0.4965242681266204
2019-05-12 16:12:00,-0.46817696564909284
2019-05-12 16:15:00,-0.5306479167094835
2019-05-12 16:18:00,-0.44660398266199763
2019-05-12 16:21:00,-0.5010585811480723
2019-05-12 16:24:00,-0.4878272534785424
2019-05-12 16:27:00,-0.5315746627659905
2019-05-12 16:30:00,-0.49323870161163086
2019-05-12 16:33:00,-0.5178060454678075
2019-05-12 16:36:00,-0.47794994514805467
2019-05-12 16:39:00,-0.499434020807314
2019-05-12 16:42:00,-0.5036754078349759
2019-05-12 16:45:00,-0.569946343764343
2019-05-12 16:48:00,-0.5108344452433471
2019-05-12 16:51:00,-0.45275772103167355
2019-05-12 16:54:00,-0.48628972257114356
2019-05-12 16:57:00,-0.4494926155847452
2019-05-12 17:00:00,-0.37466327351182827
2019-05-12 17:03:00,-0.43156104212198443
2019-05-12 17:06:00,-0.35736263595396167
2019-05-12 17:09:00,-0.3919970149581786
2019-05-12 17:12:00,-0.4301388057608051
2019-05-12 17:15:00,-0.43167488964922995
2019-05-12 17:18:00,-0.38531411977993457
2019-05-12 17:21:00,-0.4753613134680563
2019-05-12 17:24:00,-0.5003250943260582
2019-05-12 17:27:00,-0.40470987694578753
2019-05-12 17:30:00,-0.3283364478700719
2019-05-12 17:33:00,-0.477822768288263
2019-05-12 17:36:00,-0.41821837149268504
2019-05-12 17:39:00,-0.4275939330297547
2019-05-12 17:42:00,-0.4257203047425264
2019-05-12 17:45:00,-0.3617938884928549
2019-05-12 17:48:00,-0.44349966138491936
2019-05-12 17:51:00,-0.4027591074043926
2019-05-12 17:54:00,-0.35144339077413633
2019-05-12 17:57:00,-0.4082461114105058
2019-05-12 18:00:00,-0.22048489466027377
2019-05-12 18:03:00,-0.4641004616057103
2019-05-12 18:06:00,-0.2571794478399738
2019-05-12 18:09:00,-0.327527418736679
2019-05-12 18:12:00,-0.23655231600213256
2019-05-12 18:15:00,-0.3499653710302937
2019-05-12 18:18:00,-0.27880714306309073
2019-05-12 18:21:00,-0.216995449390879
2019-05-12 18:24:00,-0.18850977760814658
2019-05-12 18:27:00,-0.21410696433832754
2019-05-12 18:30:00,-0.17388943041419225
2019-05-12 18:33:00,-0.18853898503346045
2019-05-12 18:36:00,-0.1723000709698681
2019-05-12 18:39:00,-0.26816454614856866
2019-05-12 18:42:00,-0.16059127116739091
2019-05-12 18:45:00,-0.21664242028475655
2019-05-12 18:48:00,-0.17111982310012763
2019-05-12 18:51:00,-0.12699592415094685
2019-05-12 18:54:00,
2019-05-12 18:57:00,
2019-05-12 19:00:00,
2019-05-12 19:03:00,-0.11265898428348464
2019-05-12 19:06:00,-0.18092350053734663
2019-05-12 19:09:00,-0.23299190952309345
2019-05-12 19:12:00,-0.24241852080245962
2019-05-12 19:15:00,-0.21302331357480853
2019-05-12 19:18:00,-0.26745795937881667
2019-05-12 19:21:00,-0.19372994092742601
2019-05-12 19:24:00,-0.1651754991990515
2019-05-12 19:27:00,-0.13553274887146927
2019-05-12 19:30:00,-0.15251875617298083
2019-05-12 19:33:00,-0.1757956014525348
2019-05-12 19:36:00,-0.09493492622704025
2019-05-12 19:39:00,-0.09703359421342839
2019-05-12 19:42:00,-0.04900714610295154
2019-05-12 19:45:00,-0.12221930209176435
2019-05-12 19:48:00,-0.09632657938260536
2019-05-12 19:51:00,0.12904825350062765
2019-05-12 19:54:00,-0.001617742026041924
2019-05-12 19:57:00,0.03811515301060808
2019-05-12 20:00:00,-0.011072490621245379
2019-05-12 20:03:00,0.013296206181223624
2019-05-12 20:06:00,0.07864767986552579
2019-05-12 20:09:00,-0.02344092660990782
2019-05-12 20:12:00,0.08294923918128916
2019-05-12 20:15:00,0.0530013329566259
2019-05-12 20:18:00,-0.05215281271375716
2019-05-12 20:21:00,0.03824747468826217
2019-05-12 20:24:00,-0.0019167678274243372
2019-05-12 20:27:00,-0.05855798608365603
2019-05-12 20:30:00,-0.07131643016572298
2019-05-12 20:33:00,-0.055030823922322725
2019-05-12 20:36:00,-0.051718516662845104
2019-05-12 20:39:00,0.016828167835342356
2019-05-12 20:42:00,-0.048498430149436444
2019-05-12 20:45:00,-0.032977176572899225
2019-05-12 20:48:00,0.006143379742638899
2019-05-12 20:51:00,-0.07708127438684187
2019-05-12 20:54:00,0.041793367333525566
2019-05-12 20:57:00,-0.06891131718253973
2019-05-12 21:00:00,-0.07544449490660554
2019-05-12 21:03:00,0.04134657492033966
2019-05-12 21:06:00,-0.06862588404322878
2019-05-12 21:09:00,-0.06711547421753039
2019-05-12 21:12:00,0.10498971824284808
2019-05-12 21:15:00,-0.010701159709640251
2019-05-12 21:18:00,-0.019981250246814852
2019-05-12 21:21:00,0.028332352486870604
2019-05-12 21:24:00,-0.05919553926167964
2019-05-12 21:27:00,-0.05319599076631221
2019-05-12 21:30:00,-0.04539485335055815
2019-05-12 21:33:00,-0.11216437014661551
2019-05-12 21:36:00,0.0038445221364327153
2019-05-12 21:39:00,-0.014268517973221151
2019-05-12 21:42:00,-0.0637268560254256
2019-05-12 21:45:00,-0.07466887155220547
2019-05-12 21:48:00,0.06386080060190125
2019-05-12 21:51:00,-0.05020478278754581
2019-05-12 21:54:00,-0.005017577057799372
2019-05-12 21:57:00,0.06318190804415735
2019-05-12 22:00:00,0.12857997144715227
2019-05-12 22:03:00,0.06933830456887335
2019-05-12 22:06:00,0.0727468385742327
2019-05-12 22:09:00,-0.050433993152523726
2019-05-12 22:12:00,0.04079085456351095
2019-05-12 22:15:00,0.05515378473239707
2019-05-12 22:18:00,0.08179237834292508
2019-05-12 22:21:00,0.03294633141598524
2019-05-12 22:24:00,0.05855361582018759
2019-05-12 22:27:00,-0.04067873702734914
2019-05-12 22:30:00,-0.014338210203504786
2019-05-12 22:33:00,0.09034875164786627
2019-05-12 22:36:00,0.05317948473503975
2019-05-12 22:39:00,0.007646929329439445
2019-05-12 22:42:00,0.09612345200775962
2019-05-12 22:45:00,0.12949943975422684
2019-05-12 22:48:00,0.041585078992170565
2019-05-12 22:51:00,0.021218635020943566
2019-05-12 22:54:00,0.10162979183638754
2019-05-12 22:57:00,0.0027049049989500418
2019-05-12 23:00:00,0.10473899946248366
2019-05-12 23:03:00,0.09576123584611196
2019-05-12 23:06:00,0.050117242849239574
2019-05-12 23:09:00,0.12123192420546047
2019-05-12 23:12:00,0.13608165424670915
2019-05-12 23:15:00,0.14407970677586945
2019-05-12 23:18:00,0.12707325000337732
2019-05-12 23:21:00,0.1753322499685055
2019-05-12 23:24:00,0.1755528940213935
2019-05-12 23:27:00,0.12340728173967364
2019-05-12 23:30:00,0.10554415472768142
2019-05-12 23:33:00,0.19083091859300794
2019-05-12 23:36:00,0.12296060740339954
2019-05-12 23:39:00,0.1258513713663092
2019-05-12 23:42:00,0.11188339812997583
2019-05-12 23:45:00,0.14688507997044553
2019-05-12 23:48:00,0.13301667964145736
2019-05-12 23:51:00,0.18150644705343666
2019-05-12 23:54:00,0.17588567120520793
2019-05-12 23:57:00,0.13320496366634416
2019-05-13 00:00:00,0.0947778706297413
2019-05-13 00:03:00,0.12003546371073526
2019-05-13 00:06:00,0.19475569738460763
2019-05-13 00:09:00,0.08281608769931381
2019-05-13 00:12:00,0.1528726065685646
2019-05-13 00:15:00,0.07866936532104774
2019-05-13 00:18:00,0.19670566297912728
2019-05-13 00:21:00,0.21620387495090654
2019-05-13 00:24:00,0.1524890490820212
2019-05-13 00:27:00,0.19484434895957747
2019-05-13 00:30:00,0.2703405413476503
2019-05-13 00:33:00,0.17420177596710573
2019-05-13 00:36:00,0.25410646004837645
2019-05-13 00:39:00,0.18952217665815851
2019-05-13 00:42:00,0.2059253446909679
2019-05-13 00:45:00,0.2608753356590796
2019-05-13 00:48:00,0.30550040422849634
2019-05-13 00:51:00,0.15450671741399447
2019-05-13 00:54:00,0.2212564121618925
2019-05-13 00:57:00,0.25030040334524983
2019-05-13 01:00:00,0.21504597115244906
2019-05-13 01:03:00,0.20439564449264935
2019-05-13 01:06:00,0.24781094883991273
2019-05-13 01:09:00,0.17831229563779516
2019-05-13 01:12:00,0.20589325598382402
2019-05-13 01:15:00,0.15432828448024338
2019-05-13 01:18:00,0.27976971437743714
2019-05-13 01:21:00,0.18455982775930124
2019-05-13 01:24:00,0.20693810496396736
2019-05-13 01:27:00,0.2302083826724015
2019-05-13 01:30:00,0.19367515380167788
2019-05-13 01:33:00,0.35193433307671285
2019-05-13 01:36:00,0.19265554806690943
2019-05-13 01:39:00,0.2330806803311134
2019-05-13 01:42:00,0.311538997148034
2019-05-13 01:45:00,0.21270510853952374
2019-05-13 01:48:00,0.3711971023166143
2019-05-13 01:51:00,0.27370038401460306
2019-05-13 01:54:00,0.26921957694816
2019-05-13 01:57:00,0.13106680485691413
2019-05-13 02:00:00,0.2845962870105154
2019-05-13 02:03:00,0.26262771866197454
2019-05-13 02:06:00,0.2844465417604738
2019-05-13 02:09:00,0.24604231450734915
2019-05-13 02:12:00,0.3063747889634101
2019-05-13 02:15:00,0.29565912279559825
2019-05-13 02:18:00,0.30788128810814896
2019-05-13 02:21:00,0.21780999945696067
2019-05-13 02:24:00,0.3479519684404977
2019-05-13 02:27:00,0.3924626022364919
2019-05-13 02:30:00,0.34503321418662836
2019-05-13 02:33:00,0.3845580043640666
2019-05-13 02:36:00,0.3167720683874222
2019-05-13 02:39:00,0.2956468852108287
2019-05-13 02:42:00,0.2994178363853166
2019-05-13 02:45:00,0.30153713779742475
2019-05-13 02:48:00,0.15866743438681397
2019-05-13 02:51:00,0.22427684971819417
2019-05-13 02:54:00,0.25202621598788255
2019-05-13 02:57:00,0.36791552092967095
2019-05-13 03:00:00,0.26721487549963285
2019-05-13 03:03:00,0.3403297178056732
2019-05-13 03:06:00,0.24349186845023496
2019-05-13 03:09:00,0.30749835241510937
2019-05-13 03:12:00,0.2663849690595157
2019-05-13 03:15:00,0.34771124649114427
2019-05-13 03:18:00,0.3526466426543493
2019-05-13 03:21:00,0.3097484963286661
2019-05-13 03:24:00,0.25051980729301704
2019-05-13 03:27:00,0.2462431641684475
2019-05-13 03:30:00,0.31399840329191875
2019-05-13 03:33:00,0.29504118579552596
2019-05-13 03:36:00,0.32004719931296677
2019-05-13 03:39:00,0.2993888294857925
2019-05-13 03:42:00,0.3444886763051045
2019-05-13 03:45:00,0.35825866712787047
2019-05-13 03:48:00,0.32917307523581485
2019-05-13 03:51:00,0.33741167589312226
2019-05-13 03:54:00,0.30976011805910275
2019-05-13 03:57:00,0.33992049590244733
2019-05-13 04:00:00,0.3356118145722462
2019-05-13 04:03:00,0.13163840704766017
2019-05-13 04:06:00,0.40913448596467106
2019-05-13 04:09:00,0.405641241977321
2019-05-13 04:12:00,0.35955158892829786
2019-05-13 04:15:00,0.3104722368306625
2019-05-13 04:18:00,0.2771699912647705
2019-05-13 04:21:00,0.2761483250196761
2019-05-13 04:24:00,0.28904104621199167
2019-05-13 04:27:00,0.28519493070342605
2019-05-13 04:30:00,0.3002703083721485
2019-05-13 04:33:00,0.2032921717740237
2019-05-13 04:36:00,0.3420753609207736
2019-05-13 04:39:00,0.3579782946922023
2019-05-13 04:42:00,0.15083600312703993
2019-05-13 04:45:00,0.24735091032511036
2019-05-13 04:48:00,0.2668190572533149
2019-05-13 04:51:00,0.24733405381800821
2019-05-13 04:54:00,0.3081707440249488
2019-05-13 04:57:00,0.36757807331031245
2019-05-13 05:00:00,0.3753411085860421
2019-05-13 05:03:00,0.3404302452199772
2019-05-13 05:06:00,0.3455948359123795
2019-05-13 05:09:00,0.3976869677103423
2019-05-13 05:12:00,0.27362650759403095
2019-05-13 05:15:00,0.3151400187848026
2019-05-13 05:18:00,0.4072865824341534
2019-05-13 05:21:00,0.315410126669633
2019-05-13 05:24:00,0.331591725822193
2019-05-13 05:27:00,0.3665517145388435
2019-05-13 05:30:00,0.31977267103502527
2019-05-13 05:33:00,0.33453341311383156
2019-05-13 05:36:00,0.34196539799961556
2019-05-13 05:39:00,0.37440512335325593
2019-05-13 05:42:00,0.2627442200108021
2019-05-13 05:45:00,0.2564136821822558
2019-05-13 05:48:00,0.21768399656247084
2019-05-13 05:51:00,0.25074852178994433
2019-05-13 05:54:00,0.29775572703221087
2019-05-13 05:57:00,0.2725240404357123
2019-05-13 06:00:00,0.2306411165261011
2019-05-13 06:03:00,0.3129342247547129
2019-05-13 06:06:00,0.2508126787877245
2019-05-13 06:09:00,0.2411754550901719
2019-05-13 06:12:00,0.2840346424813447
2019-05-13 06:15:00,0.282901853010344
2019-05-13 06:18:00,0.3370378725552996
2019-05-13 06:21:00,0.3553284092371314
2019-05-13 06:24:00,0.3711369782892575
2019-05-13 06:27:00,0.3505595029755
2019-05-13 06:30:00,0.3173707922216522
2019-05-13 06:33:00,0.34038250529846437
2019-05-13 06:36:00,0.2318941011586162
2019-05-13 06:39:00,0.27666466630347486
2019-05-13 06:42:00,0.3777982871969243
2019-05-13 06:45:00,0.2895031158395227
2019-05-13 06:48:00,0.2831477922708814
2019-05-13 06:51:00,0.26014529132919506
2019-05-13 06:54:00,0.30599312518842225
2019-05-13 06:57:00,0.3128726999640321
2019-05-13 07:00:00,0.3032863280981246
2019-05-13 07:03:00,0.20813045597907376
2019-05-13 07:06:00,0.3099722550061301
2019-05-13 07:09:00,0.31639495612739665
2019-05-13 07:12:00,0.3674766205216997
2019-05-13 07:15:00,0.32915000304444675
2019-05-13 07:18:00,0.2938804870267404
2019-05-13 07:21:00,0.3661080455113961
2019-05-13 07:24:00,0.2953403555404748
2019-05-13 07:27:00,0.1955596999001159
2019-05-13 07:30:00,0.32800854682193403
2019-05-13 07:33:00,0.3173965310725748
2019-05-13 07:36:00,0.2841643432139449
2019-05-13 07:39:00,0.2667782969306245
2019-05-13 07:42:00,0.2970747942180765
2019-05-13 07:45:00,0.21803636262416148
2019-05-13 07:48:00,0.23045340378206447
2019-05-13 07:51:00,0.2644521921457681
2019-05-13 07:54:00,0.1541173844885293
2019-05-13 07:57:00,0.18596042734662888
2019-05-13 08:00:00,0.16707961795390247
2019-05-13 08:03:00,0.2285965362388538
2019-05-13 08:06:00,0.1279797495678281
2019-05-13 08:09:00,0.18459422939446313
2019-05-13 08:12:00,0.23425983317963528
2019-05-13 08:15:00,0.23066244412365222
2019-05-13 08:18:00,0.15839267802971335
2019-05-13 08:21:00,0.14050463423080828
2019-05-13 08:24:00,0.16698935229396739
2019-05-13 08:27:00,0.21366427864444404
2019-05-13 08:30:00,0.09780245397047338
2019-05-13 08:33:00,0.15045040946961308
2019-05-13 08:36:00,0.23535451410566566
2019-05-13 08:39:00,0.1602257966696925
2019-05-13 08:42:00,0.12347550429677767
2019-05-13 08:45:00,0.18874334894599087
2019-05-13 08:48:00,0.2500513980040182
2019-05-13 08:51:00,0.18443756690368218
2019-05-13 08:54:00,0.1269701005389834
2019-05-13 08:57:00,-0.026364509551626725
2019-05-13 09:00:00,0.08584624359718873
2019-05-13 09:03:00,0.17047569849785305
2019-05-13 09:06:00,0.04179779694044328
2019-05-13 09:09:00,0.08796299607212177
2019-05-13 09:12:00,0.03961186237330594
2019-05-13 09:15:00,0.029638519748743875
2019-05-13 09:18:00,0.10846104181899818
2019-05-13 09:21:00,0.027768862362847813
2019-05-13 09:24:00,0.06529589104940214
2019-05-13 09:27:00,-0.05206374795301372
2019-05-13 09:30:00,0.061209110904030695
2019-05-13 09:33:00,-0.018012231095269726
2019-05-13 09:36:00,-0.11642835783459304
2019-05-13 09:39:00,-0.07517619891075356
2019-05-13 09:42:00,-0.0850218006664818
2019-05-13 09:45:00,-0.08095654266418251
2019-05-13 09:48:00,-0.10015660567199802
2019-05-13 09:51:00,-0.03483452707013157
2019-05-13 09:54:00,-0.08938457963643032
2019-05-13 09:57:00,-0.10284066126109792
2019-05-13 10:00:00,-0.19870665300868495
2019-05-13 10:03:00,-0.06503829928368532
2019-05-13 10:06:00,-0.1250624471721835
2019-05-13 10:09:00,-0.02887551971252833
2019-05-13 10:12:00,-0.11880774797356253
2019-05-13 10:15:00,-0.1317112627629058
2019-05-13 10:18:00,-0.1677538912991281
2019-05-13 10:21:00,-0.10598793802205364
2019-05-13 10:24:00,-0.17852162185329234
2019-05-13 10:27:00,-0.22762959597105237
2019-05-13 10:30:00,-0.2265010554183391
2019-05-13 10:33:00,-0.1809788559264689
2019-05-13 10:36:00,-0.09200740081456615
2019-05-13 10:39:00,-0.13334997307106278
2019-05-13 10:42:00,-0.15136981676459982
2019-05-13 10:45:00,-0.13844452659003537
2019-05-13 10:48:00,-0.1480952568707039
2019-05-13 10:51:00,-0.26162898651210753
2019-05-13 10:54:00,-0.21381315142826907
2019-05-13 10:57:00,-0.23539591077002342
2019-05-13 11:00:00,-0.15627079331710547
2019-05-13 11:03:00,-0.24183086661821562
2019-05-13 11:06:00,-0.30252215878448396
2019-05-13 11:09:00,-0.21631764397181996
2019-05-13 11:12:00,-0.16449419225614292
2019-05-13 11:15:00,-0.2935843600878343
2019-05-13 11:18:00,-0.2599542117135911
2019-05-13 11:21:00,-0.2488707304522677
2019-05-13 11:24:00,-0.2405326833569461
2019-05-13 11:27:00,-0.2867822513862279
2019-05-13 11:30:00,-0.25786298487230397
2019-05-13 11:33:00,-0.3063493515936102
2019-05-13 11:36:00,-0.2573627771229212
2019-05-13 11:39:00,-0.2773239577569484
2019-05-13 11:42:00,-0.27339037347934436
2019-05-13 11:45:00,-0.19942596987272054
2019-05-13 11:48:00,-0.20055921607007576
2019-05-13 11:51:00,-0.20572647913786568
2019-05-13 11:54:00,-0.271875229922955
2019-05-13 11:57:00,-0.30056672203784274
2019-05-13 12:00:00,-0.2044909756149309
2019-05-13 12:03:00,-0.30631283697192657
2019-05-13 12:06:00,-0.24311020092039826
2019-05-13 12:09:00,-0.44685607788386505
2019-05-13 12:12:00,-0.26050251021263193
2019-05-13 12:15:00,-0.29648507027422966
2019-05-13 12:18:00,-0.3375132546609052
2019-05-13 12:21:00,-0.2850095175323304
2019-05-13 12:24:00,-0.2721399909750062
2019-05-13 12:27:00,-0.2924789072104659
2019-05-13 12:30:00,-0.13644339110919645
2019-05-13 12:33:00,-0.08362180091165783
2019-05-13 12:36:00,-0.24546182123981453
2019-05-13 12:39:00,-0.20834061635554235
2019-05-13 12:42:00,-0.2208768213362191
2019-05-13 12:45:00,-0.21139878078872698
2019-05-13 12:48:00,-0.22975077381573783
2019-05-13 12:51:00,-0.23527181681112097
2019-05-13 12:54:00,-0.13323974672823624
2019-05-13 12:57:00,-0.15580971957905376
2019-05-13 13:00:00,-0.24887962879665793
2019-05-13 13:03:00,-0.1817674473398938
2019-05-13 13:06:00,-0.1501561011235708
2019-05-13 13:09:00,-0.1489934960408732
2019-05-13 13:12:00,0.08725268692279542
2019-05-13 13:15:00,0.03704200043517858
2019-05-13 13:18:00,0.013437799114171867
2019-05-13 13:21:00,0.013435588306265345
2019-05-13 13:24:00,0.044596826052099914
2019-05-13 13:27:00,0.16963389555263575
2019-05-13 13:30:00,0.012755056331968717
2019-05-13 13:33:00,0.10601336450667986
2019-05-13 13:36:00,-0.05996443084342218
2019-05-13 13:39:00,-0.14065062935827655
2019-05-13 13:42:00,-0.15846092565834624
2019-05-13 13:45:00,-0.10745590334477129
2019-05-13 13:48:00,-0.0638149912656445
2019-05-13 13:51:00,-0.04843900705895976
2019-05-13 13:54:00,-0.13197509212147907
2019-05-13 13:57:00,-0.20579079593716187
2019-05-13 14:00:00,-0.1842406207812246
2019-05-13 14:03:00,-0.09479199871913124
2019-05-13 14:06:00,-0.23375299741542221
2019-05-13 14:09:00,-0.20166680748047838
2019-05-13 14:12:00,-0.3078404848106402
2019-05-13 14:15:00,-0.2791148103950718
2019-05-13 14:18:00,-0.14434878908502924
2019-05-13 14:21:00,-0.13001781541419177
2019-05-13 14:24:00,-0.1793284201923484
2019-05-13 14:27:00,-0.19960998189901602
2019-05-13 14:30:00,-0.31791660607069616
2019-05-13 14:33:00,-0.15472560309706296
2019-05-13 14:36:00,-0.12486177898762207
2019-05-13 14:39:00,-0.1408258447645494
2019-05-13 14:42:00,-0.18824276452255617
2019-05-13 14:45:00,-0.22242713247254642
2019-05-13 14:48:00,-0.21135402559281147
2019-05-13 14:51:00,-0.17724560695143055
2019-05-13 14:54:00,-0.27509506764590697
2019-05-13 14:57:00,-0.1998551373852706
2019-05-13 15:00:00,-0.1858688860184543
2019-05-13 15:03:00,-0.06820631730221294
2019-05-13 15:06:00,-0.1679032640528817
2019-05-13 15:09:00,-0.30631711615984614
2019-05-13 15:12:00,-0.3104737615790327
2019-05-13 15:15:00,-0.3654241437190535
2019-05-13 15:18:00,-0.3158736989211093
2019-05-13 15:21:00,-0.27251226196727885
2019-05-13 15:24:00,-0.3350012617547691
2019-05-13 15:27:00,-0.21576673294930515
2019-05-13 15:30:00,-0.3078964952660499
2019-05-13 15:33:00,-0.27882322668148163
2019-05-13 15:36:00,-0.33517570147796505
2019-05-13 15:39:00,-0.41138423989372086
2019-05-13 15:42:00,-0.2951235541424353
2019-05-13 15:45:00,-0.3051100552414141
2019-05-13 15:48:00,-0.34176176269721736
2019-05-13 15:51:00,-0.2967695258594176
2019-05-13 15:54:00,-0.41026050987176177
2019-05-13 15:57:00,-0.3292656052594225
2019-05-13 16:00:00,-0.3196762330823617
2019-05-13 16:03:00,-0.2770387575957898
2019-05-13 16:06:00,-0.30881191848311573
2019-05-13 16:09:00,-0.3073501097780422
2019-05-13 16:12:00,-0.26922310300773233
2019-05-13 16:15:00,-0.22981723023565337
2019-05-13 16:18:00,-0.27985182290944977
2019-05-13 16:21:00,-0.2956841122380638
2019-05-13 16:24:00,-0.2000216973489728
2019-05-13 16:27:00,-0.2275683015630534
2019-05-13 16:30:00,-0.23418648950212173
2019-05-13 16:33:00,-0.22902527433979003
2019-05-13 16:36:00,-0.19575429120015997
2019-05-13 16:39:00,-0.09983598168946628
2019-05-13 16:42:00,-0.1544901843921025
2019-05-13 16:45:00,-0.2706072667125454
2019-05-13 16:48:00,-0.2054668572978926
2019-05-13 16:51:00,0.0027689994103639037
2019-05-13 16:54:00,0.15132198241570904
2019-05-13 16:57:00,0.03578286565931421
2019-05-13 17:00:00,0.1605506518619677
2019-05-13 17:03:00,-0.11650434938468379
2019-05-13 17:06:00,-0.07658192122227092
2019-05-13 17:09:00,-0.15872801583094542
2019-05-13 17:12:00,-0.12208141498831537
2019-05-13 17:15:00,0.06184507650766591
2019-05-13 17:18:00,0.05172353370244309
2019-05-13 17:21:00,-0.0618282383035762
2019-05-13 17:24:00,-0.023815627393560135
2019-05-13 17:27:00,0.03246482785147009
2019-05-13 17:30:00,-0.006585836036776982
2019-05-13 17:33:00,-0.09360102827014316
2019-05-13 17:36:00,-0.024041962630406033
2019-05-13 17:39:00,-0.046658144217815334
2019-05-13 17:42:00,-0.033647203083830846
2019-05-13 17:45:00,0.12855333441314087
2019-05-13 17:48:00,-0.015297763640717221
2019-05-13 17:51:00,-0.048094964191591316
2019-05-13 17:54:00,-0.09128251174826119
2019-05-13 17:57:00,-0.0029482887395033686
2019-05-13 18:00:00,0.09216167686537347
2019-05-13 18:03:00,0.11074555610576908
2019-05-13 18:06:00,0.005052844125543743
2019-05-13 18:09:00,0.034287500334926335
2019-05-13 18:12:00,-0.09407576732672851
2019-05-13 18:15:00,-0.04834076500617357
2019-05-13 18:18:00,0.00057863318568252
2019-05-13 18:21:00,0.06808237451951982
2019-05-13 18:24:00,-0.07461558672622459
2019-05-13 18:27:00,-0.11939662096011716
2019-05-13 18:30:00,-0.13745262340461295
2019-05-13 18:33:00,-0.03742247436565549
2019-05-13 18:36:00,0.06579788051817559
2019-05-13 18:39:00,-0.014837222473602196
2019-05-13 18:42:00,0.03669458754387733
2019-05-13 18:45:00,0.08338392825254459
2019-05-13 18:48:00,0.21422988744143368
2019-05-13 18:51:00,0.16026304259366952
2019-05-13 18:54:00,
2019-05-13 18:57:00,
2019-05-13 19:00:00,
2019-05-13 19:03:00,0.13123797068112708
2019-05-13 19:06:00,0.1054015846098082
2019-05-13 19:09:00,-0.04963065350261786
2019-05-13 19:12:00,0.04102258247547752
2019-05-13 19:15:00,0.08044853179444544
2019-05-13 19:18:00,0.020323887958625164
2019-05-13 19:21:00,0.08035938502297313
2019-05-13 19:24:00,0.08703482071791768
2019-05-13 19:27:00,0.04710897149374205
2019-05-13 19:30:00,0.17948211967376437
2019-05-13 19:33:00,0.13177587785287415
2019-05-13 19:36:00,0.09818146981581322
2019-05-13 19:39:00,0.006107525373067801
2019-05-13 19:42:00,-0.08130528408963755
2019-05-13 19:45:00,-0.042150236162569854
2019-05-13 19:48:00,0.1019364169018786
2019-05-13 19:51:00,0.035050514093200036
2019-05-13 19:54:00,0.05819343299197044
2019-05-13 19:57:00,0.20296908615665643
2019-05-13 20:00:00,0.23490296502285446
2019-05-13 20:03:00,0.24473189246396032
2019-05-13 20:06:00,0.17431111018089496
2019-05-13 20:09:00,0.2856022438795094
2019-05-13 20:12:00,0.39438944288070843
2019-05-13 20:15:00,0.5094489770389714
2019-05-13 20:18:00,0.30761867563342093
2019-05-13 20:21:00,0.29994717285535444
2019-05-13 20:24:00,0.16807353108953293
2019-05-13 20:27:00,0.24048990700873674
2019-05-13 20:30:00,0.31007411459955847
2019-05-13 20:33:00,0.18954292663403294
2019-05-13 20:36:00,0.29592400381295647
2019-05-13 20:39:00,0.24694962698845302
2019-05-13 20:42:00,0.19070053632248118
2019-05-13 20:45:00,0.2336628863366741
2019-05-13 20:48:00,0.19273555189187164
2019-05-13 20:51:00,0.27844369850163275
2019-05-13 20:54:00,0.23894553273652264
2019-05-13 20:57:00,0.3073001383073688
2019-05-13 21:00:00,0.41144187383162034
2019-05-13 21:03:00,0.6022729735001349
2019-05-13 21:06:00,0.5668910312169828
2019-05-13 21:09:00,0.45409114363906156
2019-05-13 21:12:00,0.4300173805438021
2019-05-13 21:15:00,0.42836035081359114
2019-05-13 21:18:00,0.445170463185093
2019-05-13 21:21:00,0.44940353923703924
2019-05-13 21:24:00,0.49565678549845416
2019-05-13 21:27:00,0.4073404264943292
2019-05-13 21:30:00,0.49210337132001314
2019-05-13 21:33:00,0.5440341553085091
2019-05-13 21:36:00,0.6200183354888509
2019-05-13 21:39:00,0.5206888338669273
2019-05-13 21:42:00,0.5017730727740854
2019-05-13 21:45:00,0.45098864021986174
2019-05-13 21:48:00,0.30883230199628997
2019-05-13 21:51:00,0.39662422730935987
2019-05-13 21:54:00,0.37949023119836056
2019-05-13 21:57:00,0.32050922078326494
2019-05-13 22:00:00,0.3058598747000474
2019-05-13 22:03:00,0.37682185683610214
2019-05-13 22:06:00,0.31678186390161045
2019-05-13 22:09:00,0.292889815478361
2019-05-13 22:12:00,0.38452045605140484
2019-05-13 22:15:00,0.37764096713118533
2019-05-13 22:18:00,0.28251582964890076
2019-05-13 22:21:00,0.3069051909673135
2019-05-13 22:24:00,0.23887672027206008
2019-05-13 22:27:00,0.327330862423139
2019-05-13 22:30:00,0.27059752220696964
2019-05-13 22:33:00,0.31282639327184825
2019-05-13 22:36:00,0.19851870021392415
2019-05-13 22:39:00,0.23918685237265436
2019-05-13 22:42:00,0.28088705922851886
2019-05-13 22:45:00,0.42147577072813647
2019-05-13 22:48:00,0.3886130479936014
2019-05-13 22:51:00,0.34616792733311286
2019-05-13 22:54:00,0.28922053168230377
2019-05-13 22:57:00,0.3279272307203769
2019-05-13 23:00:00,0.3197882918581172
2019-05-13 23:03:00,0.26295823112633343
2019-05-13 23:06:00,0.24230014965286273
2019-05-13 23:09:00,0.13561555464877983
2019-05-13 23:12:00,0.22047276716835995
2019-05-13 23:15:00,0.318635428654261
2019-05-13 23:18:00,0.3795060392335472
2019-05-13 23:21:00,0.5239757942106849
2019-05-13 23:24:00,0.5264441252784309
2019-05-13 23:27:00,0.23762153338367398
2019-05-13 23:30:00,0.28353914429470706
2019-05-13 23:33:00,0.20495697525421974
2019-05-13 23:36:00,0.30815844882619103
2019-05-13 23:39:00,0.36279350408170785
2019-05-13 23:42:00,0.35559793200633294
2019-05-13 23:45:00,0.2956798630486901
2019-05-13 23:48:00,0.332470154433679
2019-05-13 23:51:00,0.2636129934532505
2019-05-13 23:54:00,0.2958444439362893
2019-05-13 23:57:00,0.16819416797955
2019-05-14 00:00:00,0.2400813002442419
2019-05-14 00:03:00,0.0982101732299725
2019-05-14 00:06:00,0.12279605806412519
2019-05-14 00:09:00,0.1639126992591855
2019-05-14 00:12:00,0.11692600083495108
2019-05-14 00:15:00,0.19347352515836747
2019-05-14 00:18:00,0.27405435687211366
2019-05-14 00:21:00,0.1778740294984118
2019-05-14 00:24:00,0.08758942558603167
2019-05-14 00:27:00,0.08307896918660163
2019-05-14 00:30:00,0.1695097080989285
2019-05-14 00:33:00,0.10492124455481644
2019-05-14 00:36:00,0.16531672046335188
2019-05-14 00:39:00,0.1968427280181686
2019-05-14 00:42:00,0.19168971405980528
2019-05-14 00:45:00,0.22639896051447295
2019-05-14 00:48:00,0.24736596297827873
2019-05-14 00:51:00,0.3897997480092954
2019-05-14 00:54:00,0.261629111867137
2019-05-14 00:57:00,0.1849063220219591
2019-05-14 01:00:00,0.4422611933106282
2019-05-14 01:03:00,0.40906411110154295
2019-05-14 01:06:00,0.42744475977622187
2019-05-14 01:09:00,0.6483641571493308
2019-05-14 01:12:00,0.6394031822009651
2019-05-14 01:15:00,0.6245091055677108
2019-05-14 01:18:00,0.6162284410812617
2019-05-14 01:21:00,0.4285160085284474
2019-05-14 01:24:00,0.5359669544668009
2019-05-14 01:27:00,0.4381158250164958
2019-05-14 01:30:00,0.5004395985600922
2019-05-14 01:33:00,0.443013040246683
2019-05-14 01:36:00,0.5216450037011668
2019-05-14 01:39:00,0.43179850627103633
2019-05-14 01:42:00,0.5109131218173388
2019-05-14 01:45:00,0.4432417256541612
2019-05-14 01:48:00,0.3995498166970606
2019-05-14 01:51:00,0.3154716314462007
2019-05-14 01:54:00,0.37724669124105503
2019-05-14 01:57:00,0.40943280806976645
2019-05-14 02:00:00,0.44836069120668753
2019-05-14 02:03:00,0.40516116088781473
2019-05-14 02:06:00,0.4254193402284159
2019-05-14 02:09:00,0.30561952166027595
2019-05-14 02:12:00,0.4336442279820858
2019-05-14 02:15:00,0.409998753560501
2019-05-14 02:18:00,0.42591965789915776
2019-05-14 02:21:00,0.42905698694505645
2019-05-14 02:24:00,0.47533361823519726
2019-05-14 02:27:00,0.41280436422556477
2019-05-14 02:30:00,0.48384084485905987
2019-05-14 02:33:00,0.4497943878991464
2019-05-14 02:36:00,0.4223622590984064
2019-05-14 02:39:00,0.3127634648282651
2019-05-14 02:42:00,0.48732264217431975
2019-05-14 02:45:00,0.4422068122601104
2019-05-14 02:48:00,0.3743637597623888
2019-05-14 02:51:00,0.33384332743935374
2019-05-14 02:54:00,0.4184221861834203
2019-05-14 02:57:00,0.4656710639728203
2019-05-14 03:00:00,0.4584675132623488
2019-05-14 03:03:00,0.48858043008874574
2019-05-14 03:06:00,0.47332179029268673
2019-05-14 03:09:00,0.4992901597008199
2019-05-14 03:12:00,0.4210944147887403
2019-05-14 03:15:00,0.46002172180737944
2019-05-14 03:18:00,0.46287125616333924
2019-05-14 03:21:00,0.5592957859817602
2019-05-14 03:24:00,0.48994843517448317
2019-05-14 03:27:00,0.5320877762405303
2019-05-14 03:30:00,0.5003015866295755
2019-05-14 03:33:00,0.6657644548458848
2019-05-14 03:36:00,0.6548113728950398
2019-05-14 03:39:00,0.629639779090553
2019-05-14 03:42:00,0.5760835295716902
2019-05-14 03:45:00,0.560133832526617
2019-05-14 03:48:00,0.5383230926291844
2019-05-14 03:51:00,0.5490830055379092
2019-05-14 03:54:00,0.5051611624874681
2019-05-14 03:57:00,0.5189328132862556
2019-05-14 04:00:00,0.5596706354133971
2019-05-14 04:03:00,0.45336050295924224
2019-05-14 04:06:00,0.6164394566206965
2019-05-14 04:09:00,0.6014376331545463
2019-05-14 04:12:00,0.5119907103517107
2019-05-14 04:15:00,0.503914732328667
2019-05-14 04:18:00,0.568283825667038
2019-05-14 04:21:00,0.5330665562303238
2019-05-14 04:24:00,0.5561099924677251
2019-05-14 04:27:00,0.5971086264648875
2019-05-14 04:30:00,0.4007207205908685
2019-05-14 04:33:00,0.5538585965016978
2019-05-14 04:36:00,0.5985085587806793
2019-05-14 04:39:00,0.5072335971116217
2019-05-14 04:42:00,0.49485088804891575
2019-05-14 04:45:00,0.560797201928608
2019-05-14 04:48:00,0.5631640857824323
2019-05-14 04:51:00,0.5921021262550425
2019-05-14 04:54:00,0.5387382199708668
2019-05-14 04:57:00,0.5656417586211546
2019-05-14 05:00:00,0.5690296146420337
2019-05-14 05:03:00,0.4793672799950741
2019-05-14 05:06:00,0.5996099918779123
2019-05-14 05:09:00,0.583467068850382
2019-05-14 05:12:00,0.5145062785882715
2019-05-14 05:15:00,0.5002520697915998
2019-05-14 05:18:00,0.5081388286731681
2019-05-14 05:21:00,0.5518447686408194
2019-05-14 05:24:00,0.5029239069676805
2019-05-14 05:27:00,0.5340283943144755
2019-05-14 05:30:00,0.4655706086065834
2019-05-14 05:33:00,0.518050855773879
2019-05-14 05:36:00,0.4991567761707074
2019-05-14 05:39:00,0.497657837744498
2019-05-14 05:42:00,0.47840149056867176
2019-05-14 05:45:00,0.505460309379032
2019-05-14 05:48:00,0.49496946806715414
2019-05-14 05:51:00,0.5752263377934241
2019-05-14 05:54:00,0.4929280852949205
2019-05-14 05:57:00,0.42279539684142264
2019-05-14 06:00:00,0.42522107186329094
2019-05-14 06:03:00,0.4381421075459002
2019-05-14 06:06:00,0.45708137000360693
2019-05-14 06:09:00,0.4804134408492473
2019-05-14 06:12:00,0.45779773501215004
2019-05-14 06:15:00,0.3827231364425643
2019-05-14 06:18:00,0.5388016224350736
2019-05-14 06:21:00,0.45874049808622885
2019-05-14 06:24:00,0.4544498849036245
2019-05-14 06:27:00,0.4653454164861728
2019-05-14 06:30:00,0.4622051438670951
2019-05-14 06:33:00,0.4398331080225262
2019-05-14 06:36:00,0.552887906602507
2019-05-14 06:39:00,0.42668108230606094
2019-05-14 06:42:00,0.5028874290475187
2019-05-14 06:45:00,0.49577407653453065
2019-05-14 06:48:00,0.5420824769895489
2019-05-14 06:51:00,0.5329067176278386
2019-05-14 06:54:00,0.4774442665294032
2019-05-14 06:57:00,0.4756106903651016
2019-05-14 07:00:00,0.4537147195904936
2019-05-14 07:03:00,0.5522104273497348
2019-05-14 07:06:00,0.4475408746163225
2019-05-14 07:09:00,0.5442043986541876
2019-05-14 07:12:00,0.5561308358202268
2019-05-14 07:15:00,0.5496719305955367
2019-05-14 07:18:00,0.5205789497200044
2019-05-14 07:21:00,0.4999457686304254
2019-05-14 07:24:00,0.5610909356941534
2019-05-14 07:27:00,0.5149140052375287
2019-05-14 07:30:00,0.5644615072984607
2019-05-14 07:33:00,0.4404955099868175
2019-05-14 07:36:00,0.5092463769110509
2019-05-14 07:39:00,0.5071816115796537
2019-05-14 07:42:00,0.47829332565669347
2019-05-14 07:45:00,0.5383062893581041
2019-05-14 07:48:00,0.5283737620977149
2019-05-14 07:51:00,0.5481100097350691
2019-05-14 07:54:00,0.4633505752832434
2019-05-14 07:57:00,0.44112598770414024
2019-05-14 08:00:00,0.45038271233551086
2019-05-14 08:03:00,0.38092123622453755
2019-05-14 08:06:00,0.429311524933496
2019-05-14 08:09:00,0.4861355253537454
2019-05-14 08:12:00,0.48922113600070816
2019-05-14 08:15:00,0.4540594438038852
2019-05-14 08:18:00,0.491397647306826
2019-05-14 08:21:00,0.4654254242257707
2019-05-14 08:24:00,0.4227822640021941
2019-05-14 08:27:00,0.4135905170714409
2019-05-14 08:30:00,0.38995933691916207
2019-05-14 08:33:00,0.47892137524758027
2019-05-14 08:36:00,0.3627331045177584
2019-05-14 08:39:00,0.3877867073308039
2019-05-14 08:42:00,0.3444346500186839
2019-05-14 08:45:00,0.45028867044351273
2019-05-14 08:48:00,0.4726708988226278
2019-05-14 08:51:00,0.43056402810236705
2019-05-14 08:54:00,0.3769935123385153
2019-05-14 08:57:00,0.3617762984609385
2019-05-14 09:00:00,0.35061597586604876
2019-05-14 09:03:00,0.39736936648574783
2019-05-14 09:06:00,0.4550603393746542
2019-05-14 09:09:00,0.3958857209433404
2019-05-14 09:12:00,0.42164934805123266
2019-05-14 09:15:00,0.3750135070199576
2019-05-14 09:18:00,0.3131505382553428
2019-05-14 09:21:00,0.37478730038696995
2019-05-14 09:24:00,0.29098551290417163
2019-05-14 09:27:00,0.28444426436124104
2019-05-14 09:30:00,0.3467149435384158
2019-05-14 09:33:00,0.25916922488352157
2019-05-14 09:36:00,0.23156714930433964
2019-05-14 09:39:00,0.33649046986562325
2019-05-14 09:42:00,0.2810055392998265
2019-05-14 09:45:00,0.15022886115417577
2019-05-14 09:48:00,0.2852661174874811
2019-05-14 09:51:00,0.24838134066311568
2019-05-14 09:54:00,0.13399490176499285
2019-05-14 09:57:00,0.10903968428311828
2019-05-14 10:00:00,0.12588883998478195
2019-05-14 10:03:00,0.10387535542832893
2019-05-14 10:06:00,0.08022258701686269
2019-05-14 10:09:00,0.02686919138329813
2019-05-14 10:12:00,0.05865253808298121
2019-05-14 10:15:00,0.06371852297019132
2019-05-14 10:18:00,0.01886971755743616
2019-05-14 10:21:00,-0.04067358555488454
2019-05-14 10:24:00,0.006917685040434662
2019-05-14 10:27:00,0.0013949947229434656
2019-05-14 10:30:00,-0.0710691819969611
2019-05-14 10:33:00,-0.06727130261873526
2019-05-14 10:36:00,-0.16854016363521396
2019-05-14 10:39:00,-0.08805665190197942
2019-05-14 10:42:00,-0.07373838847831848
2019-05-14 10:45:00,-0.12269056236573306
2019-05-14 10:48:00,-0.18432563463557017
2019-05-14 10:51:00,-0.10287264705516463
2019-05-14 10:54:00,-0.16701147728900878
2019-05-14 10:57:00,-0.11412986418343962
2019-05-14 11:00:00,-0.16143828291257023
2019-05-14 11:03:00,-0.10487354159067763
2019-05-14 11:06:00,-0.19067958071764224
2019-05-14 11:09:00,-0.15929270352984304
2019-05-14 11:12:00,-0.1767850169457006
2019-05-14 11:15:00,-0.2090899706105347
2019-05-14 11:18:00,-0.1835690888506747
2019-05-14 11:21:00,-0.17241624555339286
2019-05-14 11:24:00,-0.20190203043836163
2019-05-14 11:27:00,-0.1829875146021891
2019-05-14 11:30:00,-0.17204932159756936
2019-05-14 11:33:00,-0.24899964551298126
2019-05-14 11:36:00,-0.2750418471967464
2019-05-14 11:39:00,-0.24654554145877228
2019-05-14 11:42:00,-0.23575529182630817
2019-05-14 11:45:00,-0.21307579649459285
2019-05-14 11:48:00,-0.24417145635146653
2019-05-14 11:51:00,-0.2269758158965942
2019-05-14 11:54:00,-0.22386141850034846
2019-05-14 11:57:00,-0.11168202509878711
2019-05-14 12:00:00,-0.22439406016673047
2019-05-14 12:03:00,-0.25389951706881675
2019-05-14 12:06:00,-0.33508181299566786
2019-05-14 12:09:00,-0.32708266378102735
2019-05-14 12:12:00,-0.27657816617210074
2019-05-14 12:15:00,-0.26830786393497874
2019-05-14 12:18:00,-0.31076287287805826
2019-05-14 12:21:00,-0.36742983516091954
2019-05-14 12:24:00,-0.28345518356672983
2019-05-14 12:27:00,-0.29797042079837865
2019-05-14 12:30:00,-0.3504922806519062
2019-05-14 12:33:00,-0.3411510078008746
2019-05-14 12:36:00,-0.3556818563084221
2019-05-14 12:39:00,-0.3998620562655901
2019-05-14 12:42:00,-0.3910859050411659
2019-05-14 12:45:00,-0.3281101829324484
2019-05-14 12:48:00,-0.5181609587237404
2019-05-14 12:51:00,-0.35232368456047425
2019-05-14 12:54:00,-0.3138325750895774
2019-05-14 12:57:00,-0.38966911990951303
2019-05-14 13:00:00,-0.488308256811365
2019-05-14 13:03:00,-0.46360386971241496
2019-05-14 13:06:00,-0.48344204726288353
2019-05-14 13:09:00,-0.49902244126042206
2019-05-14 13:12:00,-0.5986741272012068
2019-05-14 13:15:00,-0.511344186343365
2019-05-14 13:18:00,-0.5252300039088027
2019-05-14 13:21:00,-0.5349608418503067
2019-05-14 13:24:00,-0.5050959741816996
2019-05-14 13:27:00,-0.42910364398682077
2019-05-14 13:30:00,-0.5235358136681043
2019-05-14 13:33:00,-0.5327247614439443
2019-05-14 13:36:00,-0.5104217295048556
2019-05-14 13:39:00,-0.5048151128246445
2019-05-14 13:42:00,-0.49458942155109753
2019-05-14 13:45:00,-0.49844117458951587
2019-05-14 13:48:00,-0.45359945117610323
2019-05-14 13:51:00,-0.42612913414438935
2019-05-14 13:54:00,-0.5333856783335023
2019-05-14 13:57:00,-0.5004450983581705
2019-05-14 14:00:00,-0.4923231124323024
2019-05-14 14:03:00,-0.4315908092378322
2019-05-14 14:06:00,-0.4665009557182316
2019-05-14 14:09:00,-0.491945335168964
2019-05-14 14:12:00,-0.425599455696954
2019-05-14 14:15:00,-0.556359029738644
2019-05-14 14:18:00,-0.5395316327403634
2019-05-14 14:21:00,-0.47801309572844275
2019-05-14 14:24:00,-0.572396226125818
2019-05-14 14:27:00,-0.4859624129436497
2019-05-14 14:30:00,-0.46840542354249237
2019-05-14 14:33:00,-0.46156789569062084
2019-05-14 14:36:00,-0.6340160933838206
2019-05-14 14:39:00,-0.5541466375439086
2019-05-14 14:42:00,-0.49563107102380854
2019-05-14 14:45:00,-0.502461413890785
2019-05-14 14:48:00,-0.5115728526793646
2019-05-14 14:51:00,-0.5274302011612235
2019-05-14 14:54:00,-0.4869010763352435
2019-05-14 14:57:00,-0.5777755107038729
2019-05-14 15:00:00,-0.5561744028019007
2019-05-14 15:03:00,-0.5493273364742208
2019-05-14 15:06:00,-0.43112856022452206
2019-05-14 15:09:00,-0.49924665775324684
2019-05-14 15:12:00,-0.5251544436008544
2019-05-14 15:15:00,-0.5998499514134323
2019-05-14 15:18:00,-0.5066655490306289
2019-05-14 15:21:00,-0.6452805342473766
2019-05-14 15:24:00,-0.5706508395371657
2019-05-14 15:27:00,-0.6518247873230507
2019-05-14 15:30:00,-0.632414250597094
2019-05-14 15:33:00,-0.5979487012365325
2019-05-14 15:36:00,-0.5609415154149247
2019-05-14 15:39:00,-0.716735793511873
2019-05-14 15:42:00,-0.6459854863550163
2019-05-14 15:45:00,-0.6788122211722225
2019-05-14 15:48:00,-0.7119581693939949
2019-05-14 15:51:00,-0.5924276160683917
2019-05-14 15:54:00,-0.5919721539095804
2019-05-14 15:57:00,-0.3734544102717905
2019-05-14 16:00:00,-0.5566344850415135
2019-05-14 16:03:00,-0.5098178503615713
2019-05-14 16:06:00,-0.613110109548245
2019-05-14 16:09:00,-0.667659450465294
2019-05-14 16:12:00,-0.638646300469361
2019-05-14 16:15:00,-0.6016049636212983
2019-05-14 16:18:00,-0.49744057384634743
2019-05-14 16:21:00,-0.6545340390524643
2019-05-14 16:24:00,-0.5617085960109307
2019-05-14 16:27:00,-0.5263970784425283
2019-05-14 16:30:00,-0.5166228219699747
2019-05-14 16:33:00,-0.4669461512116868
2019-05-14 16:36:00,-0.5564509850984223
2019-05-14 16:39:00,-0.428783298230087
2019-05-14 16:42:00,-0.44121281080231256
2019-05-14 16:45:00,-0.4601570670021715
2019-05-14 16:48:00,-0.3353271903020527
2019-05-14 16:51:00,-0.43399538304294083
2019-05-14 16:54:00,-0.44632596009159897
2019-05-14 16:57:00,-0.3484594118183395
2019-05-14 17:00:00,-0.37225391620762593
2019-05-14 17:03:00,-0.3664115116698099
2019-05-14 17:06:00,-0.37920599012124967
2019-05-14 17:09:00,-0.4026044070362218
2019-05-14 17:12:00,-0.3734199685409294
2019-05-14 17:15:00,-0.33580672662697
2019-05-14 17:18:00,-0.2974973887588135
2019-05-14 17:21:00,-0.3203973143221788
2019-05-14 17:24:00,-0.2824445718869697
2019-05-14 17:27:00,-0.2777379915917777
2019-05-14 17:30:00,-0.3190745264119528
2019-05-14 17:33:00,-0.28291408118195704
2019-05-14 17:36:00,-0.3002011742366335
2019-05-14 17:39:00,-0.27088386703570677
2019-05-14 17:42:00,-0.2667590900475716
2019-05-14 17:45:00,-0.2215106496032604
2019-05-14 17:48:00,-0.2874585286050433
2019-05-14 17:51:00,-0.2784719377557394
2019-05-14 17:54:00,-0.32021665491265594
2019-05-14 17:57:00,-0.24849372771717526
2019-05-14 18:00:00,-0.28804096836699955
2019-05-14 18:03:00,-0.2233062962021677
2019-05-14 18:06:00,-0.29956837399043934
2019-05-14 18:09:00,-0.22761111882124396
2019-05-14 18:12:00,-0.30373236754934396
2019-05-14 18:15:00,-0.31435811965218363
2019-05-14 18:18:00,-0.19586547038903745
2019-05-14 18:21:00,-0.17387084085419247
2019-05-14 18:24:00,-0.2437032082885935
2019-05-14 18:27:00,-0.15977649182752884
2019-05-14 18:30:00,-0.18125375507287345
2019-05-14 18:33:00,-0.11902270147697891
2019-05-14 18:36:00,-0.1429785713909837
2019-05-14 18:39:00,-0.07263048732909283
2019-05-14 18:42:00,-0.08020789397903627
2019-05-14 18:45:00,-0.16406823217880628
2019-05-14 18:48:00,-0.11559999413663036
2019-05-14 18:51:00,-0.1601638734261428
2019-05-14 18:54:00,
2019-05-14 18:57:00,
2019-05-14 19:00:00,
2019-05-14 19:03:00,-0.04675302199319731
2019-05-14 19:06:00,-0.14593273098120108
2019-05-14 19:09:00,-0.06564206125506189
2019-05-14 19:12:00,-0.10848476952378405
2019-05-14 19:15:00,-0.05530141729644811
2019-05-14 19:18:00,-0.05443597969406255
2019-05-14 19:21:00,-0.09536892515808404
2019-05-14 19:24:00,-0.009720772928517363
2019-05-14 19:27:00,-0.06091562805187323
2019-05-14 19:30:00,-0.01511671418120386
2019-05-14 19:33:00,-0.0678021108257667
2019-05-14 19:36:00,-0.01786106126735376
2019-05-14 19:39:00,-0.05257317570919895
2019-05-14 19:42:00,0.012891066740962742
2019-05-14 19:45:00,-0.023211310507122107
2019-05-14 19:48:00,0.0518052427135558
2019-05-14 19:51:00,0.0354220675157535
2019-05-14 19:54:00,-0.022620249575538764
2019-05-14 19:57:00,-0.05453398346105587
2019-05-14 20:00:00,-0.043269006334298865
2019-05-14 20:03:00,0.008384030708896262
2019-05-14 20:06:00,-0.01972547488520604
2019-05-14 20:09:00,-0.06381049319082877
2019-05-14 20:12:00,-0.0848283499751119
2019-05-14 20:15:00,-0.0050576375915056815
2019-05-14 20:18:00,-0.046063505070037536
2019-05-14 20:21:00,-0.06548531234341226
2019-05-14 20:24:00,-0.02345082015102662
2019-05-14 20:27:00,-0.006861438206726689
2019-05-14 20:30:00,-0.10250511580625243
2019-05-14 20:33:00,0.032329193514669896
2019-05-14 20:36:00,-0.030345426020403465
2019-05-14 20:39:00,-0.04314327302097354
2019-05-14 20:42:00,-0.07653323351610197
2019-05-14 20:45:00,-0.10433727606749699
2019-05-14 20:48:00,0.028208556470758595
2019-05-14 20:51:00,0.012675948478886312
2019-05-14 20:54:00,-0.065920843763422
2019-05-14 20:57:00,-0.02804131671285859
2019-05-14 21:00:00,-0.03115426451898884
2019-05-14 21:03:00,0.0898498551809439
2019-05-14 21:06:00,-0.0698586256862086
2019-05-14 21:09:00,0.08613158136506627
2019-05-14 21:12:00,0.15519440517778094
2019-05-14 21:15:00,0.030580576071201904
2019-05-14 21:18:00,-0.05472327890532824
2019-05-14 21:21:00,0.03919985992183683
2019-05-14 21:24:00,0.048989088144310244
2019-05-14 21:27:00,0.017150408441182208
2019-05-14 21:30:00,0.04795454275171096
2019-05-14 21:33:00,0.04197930485315737
2019-05-14 21:36:00,0.05265887994772811
2019-05-14 21:39:00,-0.02291839319104838
2019-05-14 21:42:00,-0.0006463855589800005
2019-05-14 21:45:00,0.0668936092857848
2019-05-14 21:48:00,-0.00748399094669594
2019-05-14 21:51:00,0.05211537033613922
2019-05-14 21:54:00,-0.018848479033238164
2019-05-14 21:57:00,-0.09324200092214596
2019-05-14 22:00:00,-0.06482656380853768
2019-05-14 22:03:00,-0.019002000382158712
2019-05-14 22:06:00,-0.024998233771214018
2019-05-14 22:09:00,0.05935811672128466
2019-05-14 22:12:00,0.03940758983787873
2019-05-14 22:15:00,0.014304218704523919
2019-05-14 22:18:00,0.026475595698570942
2019-05-14 22:21:00,0.0522108500309173
2019-05-14 22:24:00,0.15717594444237193
2019-05-14 22:27:00,0.06704043211198041
2019-05-14 22:30:00,0.1383113789694903
2019-05-14 22:33:00,0.1454726794984822
2019-05-14 22:36:00,0.13946092562252943
2019-05-14 22:39:00,0.08941879583187529
2019-05-14 22:42:00,0.25323010503660726
2019-05-14 22:45:00,0.21283731136634287
2019-05-14 22:48:00,0.028067429841314606
2019-05-14 22:51:00,0.023440023226726225
2019-05-14 22:54:00,0.12168198146906661
2019-05-14 22:57:00,0.038404351741121445
2019-05-14 23:00:00,0.029098593662354233
2019-05-14 23:03:00,0.13925127077834532
2019-05-14 23:06:00,0.06110030387270626
2019-05-14 23:09:00,0.29897486426330033
2019-05-14 23:12:00,0.5288080940981104
2019-05-14 23:15:00,0.46069962889214366
2019-05-14 23:18:00,0.31712572146631146
2019-05-14 23:21:00,0.47361234109973793
2019-05-14 23:24:00,0.3893050486501579
2019-05-14 23:27:00,0.5056151218525429
2019-05-14 23:30:00,0.275187500403149
2019-05-14 23:33:00,-0.005808988466071696
2019-05-14 23:36:00,0.06186493405726878
2019-05-14 23:39:00,-0.027891592496416706
2019-05-14 23:42:00,-0.00744659139434134
2019-05-14 23:45:00,0.1428659578425595
2019-05-14 23:48:00,0.11140314548123342
2019-05-14 23:51:00,0.1147805238113051
2019-05-14 23:54:00,0.08754316494582781
2019-05-14 23:57:00,0.010764388536642855
2019-05-15 00:00:00,0.07966858715747094
2019-05-15 00:03:00,-0.09605981141805842
2019-05-15 00:06:00,0.06512323419815402
2019-05-15 00:09:00,0.08571671181692864
2019-05-15 00:12:00,-0.0546686154626741
2019-05-15 00:15:00,0.056622339014268164
2019-05-15 00:18:00,0.1200744848473505
2019-05-15 00:21:00,-0.027428549949831904
2019-05-15 00:24:00,0.07558794644006639
2019-05-15 00:27:00,0.11416730024842536
2019-05-15 00:30:00,0.1323675667773614
2019-05-15 00:33:00,0.11485351938438271
2019-05-15 00:36:00,0.11258502654527547
2019-05-15 00:39:00,0.09732441050635998
2019-05-15 00:42:00,0.10476409470186354
2019-05-15 00:45:00,0.043710716821692586
2019-05-15 00:48:00,0.08223579644413803
2019-05-15 00:51:00,0.19852186633983138
2019-05-15 00:54:00,0.2084447418433797
2019-05-15 00:57:00,0.23798959931610852
2019-05-15 01:00:00,0.10606625400362191
2019-05-15 01:03:00,0.12049365577848903
2019-05-15 01:06:00,0.1190031674653369
2019-05-15 01:09:00,0.19542493616501133
2019-05-15 01:12:00,0.0848224959023014
2019-05-15 01:15:00,0.14955427896313722
2019-05-15 01:18:00,0.12686865059924912
2019-05-15 01:21:00,0.13952478939131652
2019-05-15 01:24:00,0.05928972176877778
2019-05-15 01:27:00,0.0965370689559677
2019-05-15 01:30:00,-0.010257267364352174
2019-05-15 01:33:00,0.11671714247086129
2019-05-15 01:36:00,0.13673786394787157
2019-05-15 01:39:00,0.13074017710863473
2019-05-15 01:42:00,0.08209203187567482
2019-05-15 01:45:00,0.1784520227296298
2019-05-15 01:48:00,0.16452541854329183
2019-05-15 01:51:00,0.13618673562007189
2019-05-15 01:54:00,0.2153902261679832
2019-05-15 01:57:00,0.08981758770897841
2019-05-15 02:00:00,0.014402316014752614
2019-05-15 02:03:00,0.15278883710027458
2019-05-15 02:06:00,0.11787428957700286
2019-05-15 02:09:00,0.15195035008531477
2019-05-15 02:12:00,0.08865555962728422
2019-05-15 02:15:00,0.12828749332999223
2019-05-15 02:18:00,0.16337235294065522
2019-05-15 02:21:00,0.19471587574668092
2019-05-15 02:24:00,0.185854425154389
2019-05-15 02:27:00,0.18742523048638304
2019-05-15 02:30:00,0.18920266616856907
2019-05-15 02:33:00,0.17617826387595414
2019-05-15 02:36:00,0.16786166377488598
2019-05-15 02:39:00,0.11596082806426011
2019-05-15 02:42:00,0.10700614485978122
2019-05-15 02:45:00,0.13882606371316797
2019-05-15 02:48:00,0.1586110005791852
2019-05-15 02:51:00,0.09070173536935044
2019-05-15 02:54:00,0.11317520560618277
2019-05-15 02:57:00,0.18216456449397356
2019-05-15 03:00:00,0.05556858903747752
2019-05-15 03:03:00,0.11770927310931256
2019-05-15 03:06:00,0.20860886482597607
2019-05-15 03:09:00,0.2517692514913392
2019-05-15 03:12:00,0.18063329271535622
2019-05-15 03:15:00,0.2515641242709421
2019-05-15 03:18:00,0.22851241224856267
2019-05-15 03:21:00,0.2189184084562612
2019-05-15 03:24:00,0.23101478227494
2019-05-15 03:27:00,0.3020094534793998
2019-05-15 03:30:00,0.3261011459446195
2019-05-15 03:33:00,0.27580820754297974
2019-05-15 03:36:00,0.33388454416399327
2019-05-15 03:39:00,0.2935729658842092
2019-05-15 03:42:00,0.3083161766285798
2019-05-15 03:45:00,0.3003933156539915
2019-05-15 03:48:00,0.3887211220514928
2019-05-15 03:51:00,0.36345881418060344
2019-05-15 03:54:00,0.2877814698260863
2019-05-15 03:57:00,0.2980168233763152
2019-05-15 04:00:00,0.2084671873317916
2019-05-15 04:03:00,0.2144195990313733
2019-05-15 04:06:00,0.2800703812216625
2019-05-15 04:09:00,0.23403918964504555
2019-05-15 04:12:00,0.20193050039449645
2019-05-15 04:15:00,0.328502068098544
2019-05-15 04:18:00,0.21504881388170816
2019-05-15 04:21:00,0.26274983704496435
2019-05-15 04:24:00,0.2617054958395215
2019-05-15 04:27:00,0.17477688750091147
2019-05-15 04:30:00,0.2744443456131762
2019-05-15 04:33:00,0.34601297011101906
2019-05-15 04:36:00,0.2591982138283129
2019-05-15 04:39:00,0.299109724987602
2019-05-15 04:42:00,0.27771050816357956
2019-05-15 04:45:00,0.3025322866441229
2019-05-15 04:48:00,0.2918679912784796
2019-05-15 04:51:00,0.33780494629746727
2019-05-15 04:54:00,0.2646432469516071
2019-05-15 04:57:00,0.31535911649763193
2019-05-15 05:00:00,0.29326836340931095
2019-05-15 05:03:00,0.22516136161794975
2019-05-15 05:06:00,0.33042058240391725
2019-05-15 05:09:00,0.3666425310022987
2019-05-15 05:12:00,0.19847312107316384
2019-05-15 05:15:00,0.2489990624226266
2019-05-15 05:18:00,0.30136929847355987
2019-05-15 05:21:00,0.26291645115117035
2019-05-15 05:24:00,0.3247126277641428
2019-05-15 05:27:00,0.2553574653641135
2019-05-15 05:30:00,0.2600438945933661
2019-05-15 05:33:00,0.3024232850142994
2019-05-15 05:36:00,0.19405002919745584
2019-05-15 05:39:00,0.24857527496271814
2019-05-15 05:42:00,0.3679648149336572
2019-05-15 05:45:00,0.2636929578459899
2019-05-15 05:48:00,0.2233639926782871
2019-05-15 05:51:00,0.19036084787370555
2019-05-15 05:54:00,0.17076790051237367
2019-05-15 05:57:00,0.11971895263030774
2019-05-15 06:00:00,0.25872081976029904
2019-05-15 06:03:00,0.2525787318576249
2019-05-15 06:06:00,0.21630441855751315
2019-05-15 06:09:00,0.22855336631408818
2019-05-15 06:12:00,0.17902985123203052
2019-05-15 06:15:00,0.23082680810409784
2019-05-15 06:18:00,0.18936296265974306
2019-05-15 06:21:00,0.23794563201528263
2019-05-15 06:24:00,0.184612955666978
2019-05-15 06:27:00,0.19162106145972757
2019-05-15 06:30:00,0.19681272752814039
2019-05-15 06:33:00,0.20618018771494917
2019-05-15 06:36:00,0.14916755815568195
2019-05-15 06:39:00,0.1944875739486065
2019-05-15 06:42:00,0.1793082940329782
2019-05-15 06:45:00,0.28256040523552883
2019-05-15 06:48:00,0.1469079944598093
2019-05-15 06:51:00,0.23780860160417205
2019-05-15 06:54:00,0.17225800499755906
2019-05-15 06:57:00,0.22768032807806549
2019-05-15 07:00:00,0.2104680204636793
2019-05-15 07:03:00,0.1915060799445314
2019-05-15 07:06:00,0.1856650675188689
2019-05-15 07:09:00,0.16734948517057546
2019-05-15 07:12:00,0.15256546250435576
2019-05-15 07:15:00,0.23304961180394912
2019-05-15 07:18:00,0.37210445477359144
2019-05-15 07:21:00,0.1675501010125231
2019-05-15 07:24:00,0.10845314382123661
2019-05-15 07:27:00,0.24260738019609107
2019-05-15 07:30:00,0.09896887265875876
2019-05-15 07:33:00,0.0733058398633375
2019-05-15 07:36:00,0.13027191613826972
2019-05-15 07:39:00,0.15985898627593542
2019-05-15 07:42:00,0.07982423577482223
2019-05-15 07:45:00,-0.04142178467333224
2019-05-15 07:48:00,0.11609322773995245
2019-05-15 07:51:00,0.13292312465523537
2019-05-15 07:54:00,0.1288175476864808
2019-05-15 07:57:00,0.19112288806871902
2019-05-15 08:00:00,0.18906704501836202
2019-05-15 08:03:00,0.13285513877616495
2019-05-15 08:06:00,0.13504091657824802
2019-05-15 08:09:00,0.10051094182784936
2019-05-15 08:12:00,0.14267473535954878
2019-05-15 08:15:00,0.12284110647846092
2019-05-15 08:18:00,0.18799867114961444
2019-05-15 08:21:00,0.12845989560418047
2019-05-15 08:24:00,0.20405901129709036
2019-05-15 08:27:00,0.11443153802582628
2019-05-15 08:30:00,0.09703982709567072
2019-05-15 08:33:00,0.09852520230509754
2019-05-15 08:36:00,0.019876984665415875
2019-05-15 08:39:00,0.1266007969749694
2019-05-15 08:42:00,-0.012404962132279707
2019-05-15 08:45:00,0.054989753313918754
2019-05-15 08:48:00,0.08711144787099556
2019-05-15 08:51:00,0.14072823093778197
2019-05-15 08:54:00,0.07907630280891453
2019-05-15 08:57:00,0.0036270179688244752
2019-05-15 09:00:00,0.07089236084345885
2019-05-15 09:03:00,0.0350255940235229
2019-05-15 09:06:00,-0.01728026852669018
2019-05-15 09:09:00,-0.00304989001949707
2019-05-15 09:12:00,0.137079516698293
2019-05-15 09:15:00,0.06512584551506961
2019-05-15 09:18:00,0.023490106922338327
2019-05-15 09:21:00,0.10336968058606999
2019-05-15 09:24:00,0.11175408863385883
2019-05-15 09:27:00,0.1424770308171901
2019-05-15 09:30:00,0.08277611852361133
2019-05-15 09:33:00,0.06244017323570006
2019-05-15 09:36:00,0.10106392346358462
2019-05-15 09:39:00,0.037880945469737526
2019-05-15 09:42:00,0.000702633817354581
2019-05-15 09:45:00,0.07571637959938471
2019-05-15 09:48:00,-0.10087283263976587
2019-05-15 09:51:00,-0.04611537677965316
2019-05-15 09:54:00,0.037299448695762294
2019-05-15 09:57:00,0.029928476554914596
2019-05-15 10:00:00,-0.018080977928548236
2019-05-15 10:03:00,0.08612894448350517
2019-05-15 10:06:00,0.05827723376279437
2019-05-15 10:09:00,0.027813066341366266
2019-05-15 10:12:00,0.06271842891504775
2019-05-15 10:15:00,0.1286992241790017
2019-05-15 10:18:00,-0.029028477657277563
2019-05-15 10:21:00,-0.039930073231403185
2019-05-15 10:24:00,0.1136590582136705
2019-05-15 10:27:00,-0.007374430804077292
2019-05-15 10:30:00,0.1246757834447294
2019-05-15 10:33:00,0.011641969578022326
2019-05-15 10:36:00,0.047507409370496134
2019-05-15 10:39:00,-0.0003559659014626959
2019-05-15 10:42:00,0.011635075388937821
2019-05-15 10:45:00,0.011961688290227812
2019-05-15 10:48:00,0.07598584540477304
2019-05-15 10:51:00,0.10098074655445544
2019-05-15 10:54:00,-0.0027461018794951997
2019-05-15 10:57:00,0.09058733626358162
2019-05-15 11:00:00,-0.05592690648688858
2019-05-15 11:03:00,-0.0607710266151571
2019-05-15 11:06:00,0.012782019678752476
2019-05-15 11:09:00,-0.1415343091273371
2019-05-15 11:12:00,0.00975288555912357
2019-05-15 11:15:00,-0.039858242496507046
2019-05-15 11:18:00,-0.026472411329393708
2019-05-15 11:21:00,-0.02705855987369432
2019-05-15 11:24:00,-0.09085459144716879
2019-05-15 11:27:00,-0.07441434508211842
2019-05-15 11:30:00,-0.059336432421162044
2019-05-15 11:33:00,-0.12956258412299348
2019-05-15 11:36:00,-0.06287624868366493
2019-05-15 11:39:00,-0.22515013008182905
2019-05-15 11:42:00,-0.09946104052920646
2019-05-15 11:45:00,-0.029533323843054404
2019-05-15 11:48:00,-0.08640746012144973
2019-05-15 11:51:00,-0.15660037964272533
2019-05-15 11:54:00,-0.03630900601939402
2019-05-15 11:57:00,-0.16020184401156712
2019-05-15 12:00:00,-0.09320009413943353
2019-05-15 12:03:00,-0.2867029641074055
2019-05-15 12:06:00,-0.26755960266604006
2019-05-15 12:09:00,-0.23836528555870018
2019-05-15 12:12:00,-0.17905483445503023
2019-05-15 12:15:00,-0.33836230797351163
2019-05-15 12:18:00,-0.1894415819973574
2019-05-15 12:21:00,-0.3215955749136583
2019-05-15 12:24:00,0.027328083074962706
2019-05-15 12:27:00,-0.13864511684937497
2019-05-15 12:30:00,-0.23314572165867276
2019-05-15 12:33:00,-0.2999576377404196
2019-05-15 12:36:00,-0.15632243627908338
2019-05-15 12:39:00,-0.05132455582838702
2019-05-15 12:42:00,-0.12961347451187066
2019-05-15 12:45:00,-0.07674571474996128
2019-05-15 12:48:00,-0.17971838717903665
2019-05-15 12:51:00,-0.3594274483970139
2019-05-15 12:54:00,-0.22872514245580078
2019-05-15 12:57:00,-0.17388342346384889
2019-05-15 13:00:00,-0.31081067206088164
2019-05-15 13:03:00,0.03531470953788585
2019-05-15 13:06:00,0.2773051987012991
2019-05-15 13:09:00,0.3192777853687403
2019-05-15 13:12:00,0.2728884119598547
2019-05-15 13:15:00,0.06808331843654969
2019-05-15 13:18:00,0.006674618601607563
2019-05-15 13:21:00,0.060459576126334014
2019-05-15 13:24:00,0.18876905375435626
2019-05-15 13:27:00,-0.007502185107966852
2019-05-15 13:30:00,0.12004497246425672
2019-05-15 13:33:00,0.09203792340491646
2019-05-15 13:36:00,0.19404089511721168
2019-05-15 13:39:00,0.31305370187408244
2019-05-15 13:42:00,0.21409504645805555
2019-05-15 13:45:00,0.38763987312302106
2019-05-15 13:48:00,0.1530963797558229
2019-05-15 13:51:00,-0.0806348539542796
2019-05-15 13:54:00,-0.007028015987827985
2019-05-15 13:57:00,-0.0875550001475176
2019-05-15 14:00:00,-0.18312899480247324
2019-05-15 14:03:00,-0.17743066394467633
2019-05-15 14:06:00,-0.17043333513112202
2019-05-15 14:09:00,-0.23691608125886887
2019-05-15 14:12:00,-0.28246215479754255
2019-05-15 14:15:00,-0.2411062214962385
2019-05-15 14:18:00,-0.27430603174690305
2019-05-15 14:21:00,-0.16554799418264565
2019-05-15 14:24:00,-0.202388469130085
2019-05-15 14:27:00,-0.2614671890767113
2019-05-15 14:30:00,-0.22861495044878666
2019-05-15 14:33:00,-0.10525223599137234
2019-05-15 14:36:00,-0.17329454619704165
2019-05-15 14:39:00,-0.13449296451381088
2019-05-15 14:42:00,-0.14294602203773366
2019-05-15 14:45:00,-0.09099552770186392
2019-05-15 14:48:00,-0.04117893112146476
2019-05-15 14:51:00,-0.005678841672306589
2019-05-15 14:54:00,0.004044410485505523
2019-05-15 14:57:00,-0.02153282258444733
2019-05-15 15:00:00,-0.07949103460146034
2019-05-15 15:03:00,-0.013839621076101594
2019-05-15 15:06:00,-0.0468886862993827
2019-05-15 15:09:00,-0.1492261003310773
2019-05-15 15:12:00,-0.010203161714287035
2019-05-15 15:15:00,-0.051342869089126
2019-05-15 15:18:00,-0.057208374342963
2019-05-15 15:21:00,-0.0602150181576917
2019-05-15 15:24:00,-0.15756947221740347
2019-05-15 15:27:00,-0.1781166832748795
2019-05-15 15:30:00,-0.12248853865105502
2019-05-15 15:33:00,-0.14232349969370262
2019-05-15 15:36:00,-0.20497410297406304
2019-05-15 15:39:00,-0.1589905918665977
2019-05-15 15:42:00,-0.19629967166110873
2019-05-15 15:45:00,-0.20699940336754707
2019-05-15 15:48:00,-0.262701475990184
2019-05-15 15:51:00,-0.1896145734806396
2019-05-15 15:54:00,-0.22003231581669525
2019-05-15 15:57:00,-0.2641541578661304
2019-05-15 16:00:00,-0.15578575878078027
2019-05-15 16:03:00,-0.26280806068115226
2019-05-15 16:06:00,-0.22694287184964423
2019-05-15 16:09:00,-0.22718954493518595
2019-05-15 16:12:00,-0.2567132330744357
2019-05-15 16:15:00,-0.13873267929500344
2019-05-15 16:18:00,-0.027090009848222962
2019-05-15 16:21:00,-0.06404723065128337
2019-05-15 16:24:00,-0.17139239286626662
2019-05-15 16:27:00,-0.16269574189402647
2019-05-15 16:30:00,-0.12759078231283638
2019-05-15 16:33:00,-0.28974410104052595
2019-05-15 16:36:00,-0.2904322890458957
2019-05-15 16:39:00,-0.3189039711634791
2019-05-15 16:42:00,-0.2717380123579005
2019-05-15 16:45:00,-0.24965617709693788
2019-05-15 16:48:00,-0.2389113367205482
2019-05-15 16:51:00,-0.3444111821704041
2019-05-15 16:54:00,-0.29726980905354594
2019-05-15 16:57:00,-0.14867081020713613
2019-05-15 17:00:00,-0.24581105784255897
2019-05-15 17:03:00,-0.18610396810481689
2019-05-15 17:06:00,-0.19099275510757252
2019-05-15 17:09:00,-0.30283083492014384
2019-05-15 17:12:00,-0.16838295212107823
2019-05-15 17:15:00,-0.2234151539875029
2019-05-15 17:18:00,-0.29781878093695013
2019-05-15 17:21:00,-0.19835501172264003
2019-05-15 17:24:00,-0.09843331317796356
2019-05-15 17:27:00,-0.0802626707983336
2019-05-15 17:30:00,0.03905150447553751
2019-05-15 17:33:00,-0.12794727544553552
2019-05-15 17:36:00,-0.24173279367960276
2019-05-15 17:39:00,-0.07841855990204749
2019-05-15 17:42:00,-0.21730641198433887
2019-05-15 17:45:00,-0.15072066746324708
2019-05-15 17:48:00,-0.1503043831951345
2019-05-15 17:51:00,-0.2819706900794472
2019-05-15 17:54:00,-0.29591213336709643
2019-05-15 17:57:00,-0.24099605324107642
2019-05-15 18:00:00,-0.13248781657813424
2019-05-15 18:03:00,-0.021455496199507706
2019-05-15 18:06:00,-0.08077610707488247
2019-05-15 18:09:00,-0.16833473382615693
2019-05-15 18:12:00,-0.07056064639783699
2019-05-15 18:15:00,-0.1250091058785756
2019-05-15 18:18:00,-0.1212879119743775
2019-05-15 18:21:00,-0.177733314144632
2019-05-15 18:24:00,-0.2441981677375793
2019-05-15 18:27:00,-0.2925103140435681
2019-05-15 18:30:00,-0.3123735442965767
2019-05-15 18:33:00,-0.2514710230009314
2019-05-15 18:36:00,-0.26883278296577373
2019-05-15 18:39:00,-0.1753566579985204
2019-05-15 18:42:00,-0.1828795869012083
2019-05-15 18:45:00,-0.19091801310781875
2019-05-15 18:48:00,-0.16915666561141052
2019-05-15 18:51:00,-0.09491519207728061
2019-05-15 18:54:00,
2019-05-15 18:57:00,
2019-05-15 19:00:00,
2019-05-15 19:03:00,-0.08716084321855533
2019-05-15 19:06:00,-0.14611540458338368
2019-05-15 19:09:00,-0.14452356428131452
2019-05-15 19:12:00,-0.05208382363804276
2019-05-15 19:15:00,-0.18346100443056912
2019-05-15 19:18:00,-0.04184221611257044
2019-05-15 19:21:00,-0.0971683095584126
2019-05-15 19:24:00,-0.03056904688173745
2019-05-15 19:27:00,-0.06672744481841164
2019-05-15 19:30:00,-0.06456738330496137
2019-05-15 19:33:00,-0.06057034651013282
2019-05-15 19:36:00,-0.08223893875202748
2019-05-15 19:39:00,-0.0019257770468925628
2019-05-15 19:42:00,0.009206511849754406
2019-05-15 19:45:00,-0.07856655267300994
2019-05-15 19:48:00,0.020728569398954733
2019-05-15 19:51:00,-0.0027743456941493605
2019-05-15 19:54:00,-0.017121170230893767
2019-05-15 19:57:00,-0.042682998491955004
2019-05-15 20:00:00,0.04582926296802725
2019-05-15 20:03:00,-0.035471553813351875
2019-05-15 20:06:00,0.0068878170287121065
2019-05-15 20:09:00,0.03677556736852239
2019-05-15 20:12:00,-0.05466502213704416
2019-05-15 20:15:00,-0.02426399013847913
2019-05-15 20:18:00,0.009006577710010788
2019-05-15 20:21:00,-0.006329479023577278
2019-05-15 20:24:00,0.0499363193349609
2019-05-15 20:27:00,-0.0071147940471973925
2019-05-15 20:30:00,-0.031842236761235654
2019-05-15 20:33:00,0.05874671858396141
2019-05-15 20:36:00,-0.049112112535738106
2019-05-15 20:39:00,-0.08909277031358442
2019-05-15 20:42:00,-0.023523230800947204
2019-05-15 20:45:00,-0.03326930430569064
2019-05-15 20:48:00,-0.0485962797731645
2019-05-15 20:51:00,-0.07619390746430099
2019-05-15 20:54:00,0.001005788123052298
2019-05-15 20:57:00,0.015666746731199055
2019-05-15 21:00:00,-0.03753719962458035
2019-05-15 21:03:00,0.011764237268664601
2019-05-15 21:06:00,-0.02577618622740374
2019-05-15 21:09:00,0.03239349175089501
2019-05-15 21:12:00,-0.01930573350728082
2019-05-15 21:15:00,-0.008982055696833413
2019-05-15 21:18:00,-0.00643320812133652
2019-05-15 21:21:00,0.040852503147675634
2019-05-15 21:24:00,-0.06787344765797343
2019-05-15 21:27:00,0.036195601073870876
2019-05-15 21:30:00,0.01196776448654191
2019-05-15 21:33:00,0.058157085436903344
2019-05-15 21:36:00,0.09301656654849921
2019-05-15 21:39:00,0.01292443350666872
2019-05-15 21:42:00,0.04509899789695737
2019-05-15 21:45:00,-0.05131254961622744
2019-05-15 21:48:00,0.0714371000515257
2019-05-15 21:51:00,0.07796557619059286
2019-05-15 21:54:00,0.2541296959798274
2019-05-15 21:57:00,0.27210272311975814
2019-05-15 22:00:00,0.20989798081399158
2019-05-15 22:03:00,0.11225893164055378
2019-05-15 22:06:00,0.15090822931500725
2019-05-15 22:09:00,0.09556811481610339
2019-05-15 22:12:00,-0.017180486428003405
2019-05-15 22:15:00,0.03697252250822203
2019-05-15 22:18:00,0.11806475105260006
2019-05-15 22:21:00,0.03331267796266957
2019-05-15 22:24:00,-0.006107452885942166
2019-05-15 22:27:00,-0.09641977352424647
2019-05-15 22:30:00,0.041921768022746164
2019-05-15 22:33:00,0.06658028948658057
2019-05-15 22:36:00,-0.04470711646797554
2019-05-15 22:39:00,0.008142232651209724
2019-05-15 22:42:00,-0.04050921129805829
2019-05-15 22:45:00,-0.08483541917405546
2019-05-15 22:48:00,0.027631089144506404
2019-05-15 22:51:00,-0.0293010542101797
2019-05-15 22:54:00,0.01288032392187688
2019-05-15 22:57:00,-0.06455607290388343
2019-05-15 23:00:00,-0.024393583511653105
2019-05-15 23:03:00,-0.03491811024804292
2019-05-15 23:06:00,-0.004928104103896658
2019-05-15 23:09:00,-0.03238397440816243
2019-05-15 23:12:00,0.041549999690744244
2019-05-15 23:15:00,0.053883510199682405
2019-05-15 23:18:00,0.026066396132250702
2019-05-15 23:21:00,0.033204585729095015
2019-05-15 23:24:00,0.0696210299756217
2019-05-15 23:27:00,0.05453467012847568
2019-05-15 23:30:00,0.04625613793172079
2019-05-15 23:33:00,0.06199161716671142
2019-05-15 23:36:00,0.008259498231609541
2019-05-15 23:39:00,0.12040260172074113
2019-05-15 23:42:00,-0.0037529999161165506
2019-05-15 23:45:00,0.08869494345702833
2019-05-15 23:48:00,0.09037061479841668
2019-05-15 23:51:00,0.045230706044947055
2019-05-15 23:54:00,0.0839321337199408
2019-05-15 23:57:00,0.02162890861723099
2019-05-16 00:00:00,0.14769564309091265
2019-05-16 00:03:00,0.11281040584577795
2019-05-16 00:06:00,0.15292463868229333
2019-05-16 00:09:00,0.2108675136431657
2019-05-16 00:12:00,0.28482193124460764
2019-05-16 00:15:00,0.19950333565060419
2019-05-16 00:18:00,0.268745274536343
2019-05-16 00:21:00,0.13999668051053504
2019-05-16 00:24:00,0.2178402175018732
2019-05-16 00:27:00,0.18963249664597015
2019-05-16 00:30:00,0.19497217269520206
2019-05-16 00:33:00,0.14860794584888026
2019-05-16 00:36:00,0.23225160611082174
2019-05-16 00:39:00,0.20126269800954333
2019-05-16 00:42:00,0.2124327977588223
2019-05-16 00:45:00,0.18031566062387583
2019-05-16 00:48:00,0.19506704972445732
2019-05-16 00:51:00,0.2494780826251599
2019-05-16 00:54:00,0.25213932597188204
2019-05-16 00:57:00,0.16256835332706032
2019-05-16 01:00:00,0.21506333750056683
2019-05-16 01:03:00,0.2168208378932377
2019-05-16 01:06:00,0.2583718943840836
2019-05-16 01:09:00,0.2839679379470681
2019-05-16 01:12:00,0.3077911775266102
2019-05-16 01:15:00,0.24757764190565013
2019-05-16 01:18:00,0.18876552040154593
2019-05-16 01:21:00,0.22429423944015525
2019-05-16 01:24:00,0.2915576129304327
2019-05-16 01:27:00,0.1755270303137877
2019-05-16 01:30:00,0.21915671984214669
2019-05-16 01:33:00,0.23517522977721228
2019-05-16 01:36:00,0.18658220953949467
2019-05-16 01:39:00,0.20569290539145868
2019-05-16 01:42:00,0.17133257359267873
2019-05-16 01:45:00,0.26570209537322853
2019-05-16 01:48:00,0.18335595026525198
2019-05-16 01:51:00,0.1830304698955274
2019-05-16 01:54:00,0.27639967105392316
2019-05-16 01:57:00,0.19358767622912865
2019-05-16 02:00:00,0.1840693744961186
2019-05-16 02:03:00,0.3053507817884338
2019-05-16 02:06:00,0.23473349587777648
2019-05-16 02:09:00,0.23947197015002075
2019-05-16 02:12:00,0.26662501506831404
2019-05-16 02:15:00,0.21103354728785462
2019-05-16 02:18:00,0.2324999657056992
2019-05-16 02:21:00,0.2584063143258959
2019-05-16 02:24:00,0.26230844680731025
2019-05-16 02:27:00,0.20830535317423937
2019-05-16 02:30:00,0.21867408170942326
2019-05-16 02:33:00,0.26969143194287426
2019-05-16 02:36:00,0.23166465159681593
2019-05-16 02:39:00,0.2734654786152646
2019-05-16 02:42:00,0.2627236269854052
2019-05-16 02:45:00,0.27042928841569847
2019-05-16 02:48:00,0.1958611347586725
2019-05-16 02:51:00,0.3098936151781686
2019-05-16 02:54:00,0.2359856004496237
2019-05-16 02:57:00,0.1568629722590913
2019-05-16 03:00:00,0.16961691568178594
2019-05-16 03:03:00,0.3014174388073343
2019-05-16 03:06:00,0.29776493473542587
2019-05-16 03:09:00,0.3118871575254616
2019-05-16 03:12:00,0.3057823818293741
2019-05-16 03:15:00,0.236934921781085
2019-05-16 03:18:00,0.2824763139624906
2019-05-16 03:21:00,0.2961791651622434
2019-05-16 03:24:00,0.3393139102188343
2019-05-16 03:27:00,0.3194546358957382
2019-05-16 03:30:00,0.39527803035520037
2019-05-16 03:33:00,0.2251348084868141
2019-05-16 03:36:00,0.30757509710218756
2019-05-16 03:39:00,0.3457300073159786
2019-05-16 03:42:00,0.25710060507810795
2019-05-16 03:45:00,0.27127918809998164
2019-05-16 03:48:00,0.3096826127700183
2019-05-16 03:51:00,0.3049208986847134
2019-05-16 03:54:00,0.2640424199852305
2019-05-16 03:57:00,0.29664963522469634
2019-05-16 04:00:00,0.27227765958360806
2019-05-16 04:03:00,0.2645138879744309
2019-05-16 04:06:00,0.29407712897221927
2019-05-16 04:09:00,0.20914053355488704
2019-05-16 04:12:00,0.23448787643184232
2019-05-16 04:15:00,0.23893107314489725
2019-05-16 04:18:00,0.27881782982177583
2019-05-16 04:21:00,0.2943231716844821
2019-05-16 04:24:00,0.23147066160623808
2019-05-16 04:27:00,0.2851528941022252
2019-05-16 04:30:00,0.22860109358549607
2019-05-16 04:33:00,0.17170855698776677
2019-05-16 04:36:00,0.28571356233709366
2019-05-16 04:39:00,0.19208863348109162
2019-05-16 04:42:00,0.2706762491702648
2019-05-16 04:45:00,0.267565717803393
2019-05-16 04:48:00,0.29598110860553106
2019-05-16 04:51:00,0.3298404314775212
2019-05-16 04:54:00,0.35980408484323334
2019-05-16 04:57:00,0.2672402896461108
2019-05-16 05:00:00,0.24799330830614963
2019-05-16 05:03:00,0.31365556890614243
2019-05-16 05:06:00,0.2513954535862126
2019-05-16 05:09:00,0.3086894747586939
2019-05-16 05:12:00,0.31436038417393775
2019-05-16 05:15:00,0.2232390107646438
2019-05-16 05:18:00,0.27692627438017325
2019-05-16 05:21:00,0.33778073817211407
2019-05-16 05:24:00,0.2730210884518556
2019-05-16 05:27:00,0.3421053355723416
2019-05-16 05:30:00,0.28566349572741956
2019-05-16 05:33:00,0.33426608852659
2019-05-16 05:36:00,0.29226390927851753
2019-05-16 05:39:00,0.28359786737348713
2019-05-16 05:42:00,0.30058662879696385
2019-05-16 05:45:00,0.3031845460271825
2019-05-16 05:48:00,0.3164566721756046
2019-05-16 05:51:00,0.30017871753494774
2019-05-16 05:54:00,0.3321247775888878
2019-05-16 05:57:00,0.3270883981174961
2019-05-16 06:00:00,0.32267505291946463
2019-05-16 06:03:00,0.3125300815047467
2019-05-16 06:06:00,0.26071192080712535
2019-05-16 06:09:00,0.33066877440285225
2019-05-16 06:12:00,0.32740952248104804
2019-05-16 06:15:00,0.2723048134521946
2019-05-16 06:18:00,0.343191007190228
2019-05-16 06:21:00,0.3519463438360617
2019-05-16 06:24:00,0.31779748228780136
2019-05-16 06:27:00,0.22730839179462237
2019-05-16 06:30:00,0.24732387548613133
2019-05-16 06:33:00,0.2999530183191723
2019-05-16 06:36:00,0.2777240546622579
2019-05-16 06:39:00,0.25903430781607995
2019-05-16 06:42:00,0.2208733963790337
2019-05-16 06:45:00,0.34279296618734634
2019-05-16 06:48:00,0.30247371135362755
2019-05-16 06:51:00,0.2187001157717532
2019-05-16 06:54:00,0.23790358416664503
2019-05-16 06:57:00,0.2195317120494451
2019-05-16 07:00:00,0.24118765812630727
2019-05-16 07:03:00,0.20989776189770737
2019-05-16 07:06:00,0.2694934212401563
2019-05-16 07:09:00,0.24855683141311147
2019-05-16 07:12:00,0.217752312039579
2019-05-16 07:15:00,0.18612989595573026
2019-05-16 07:18:00,0.314326851415899
2019-05-16 07:21:00,0.29836345874906556
2019-05-16 07:24:00,0.24562464999814893
2019-05-16 07:27:00,0.2441214570863508
2019-05-16 07:30:00,0.1846520289803948
2019-05-16 07:33:00,0.2632459535842031
2019-05-16 07:36:00,0.17836456690997693
2019-05-16 07:39:00,0.2901349595916827
2019-05-16 07:42:00,0.20422677340224027
2019-05-16 07:45:00,0.27041554031086434
2019-05-16 07:48:00,0.24616520446994627
2019-05-16 07:51:00,0.23385665878890904
2019-05-16 07:54:00,0.2950412374337361
2019-05-16 07:57:00,0.2812817732338999
2019-05-16 08:00:00,0.29256293304200653
2019-05-16 08:03:00,0.22078246637158827
2019-05-16 08:06:00,0.18454913055347788
2019-05-16 08:09:00,0.25479395555504425
2019-05-16 08:12:00,0.2038329443580551
2019-05-16 08:15:00,0.24859340281903997
2019-05-16 08:18:00,0.1921571272565643
2019-05-16 08:21:00,0.3145517513632399
2019-05-16 08:24:00,0.2239740845403162
2019-05-16 08:27:00,0.09129505113867253
2019-05-16 08:30:00,0.09537544421726807
2019-05-16 08:33:00,0.15515399642362127
2019-05-16 08:36:00,-0.0016029568791964266
2019-05-16 08:39:00,0.09236061392925876
2019-05-16 08:42:00,0.11822135698554348
2019-05-16 08:45:00,0.15100612996434393
2019-05-16 08:48:00,0.027195739028911703
2019-05-16 08:51:00,0.0381907461658102
2019-05-16 08:54:00,0.04356234025476624
2019-05-16 08:57:00,0.07049457213020105
2019-05-16 09:00:00,0.12483626813167348
2019-05-16 09:03:00,-0.0300714936150257
2019-05-16 09:06:00,-0.005519678068935718
2019-05-16 09:09:00,-0.11206281600465218
2019-05-16 09:12:00,0.011283280135501172
2019-05-16 09:15:00,0.004636085440381521
2019-05-16 09:18:00,0.01755343341619664
2019-05-16 09:21:00,-0.018498920525871654
2019-05-16 09:24:00,-0.10419969256054173
2019-05-16 09:27:00,-0.05595509353776151
2019-05-16 09:30:00,-0.10765246255385819
2019-05-16 09:33:00,-0.09504717130511153
2019-05-16 09:36:00,-0.056316592720520475
2019-05-16 09:39:00,-0.12008644131759638
2019-05-16 09:42:00,-0.02711248792894594
2019-05-16 09:45:00,-0.005511298294720746
2019-05-16 09:48:00,-0.14740696557032607
2019-05-16 09:51:00,-0.17011117509116502
2019-05-16 09:54:00,-0.21775474962544195
2019-05-16 09:57:00,-0.05647795987982818
2019-05-16 10:00:00,-0.1395215056928123
2019-05-16 10:03:00,-0.17170407362243623
2019-05-16 10:06:00,-0.1084303109485063
2019-05-16 10:09:00,-0.23383341209967057
2019-05-16 10:12:00,-0.09856269366753168
2019-05-16 10:15:00,-0.13317785332554877
2019-05-16 10:18:00,-0.1430474668864008
2019-05-16 10:21:00,-0.30578089771432815
2019-05-16 10:24:00,-0.3304675142600786
2019-05-16 10:27:00,-0.2848871056722828
2019-05-16 10:30:00,-0.33255297004990325
2019-05-16 10:33:00,-0.20890889779946065
2019-05-16 10:36:00,-0.34801625670598924
2019-05-16 10:39:00,-0.19011950588685522
2019-05-16 10:42:00,-0.20239761341304074
2019-05-16 10:45:00,-0.25819114476331606
2019-05-16 10:48:00,-0.21456919260543827
2019-05-16 10:51:00,-0.334296800892389
2019-05-16 10:54:00,-0.27987352045499847
2019-05-16 10:57:00,-0.24297033690447734
2019-05-16 11:00:00,-0.2935183172580764
2019-05-16 11:03:00,-0.2964236081848526
2019-05-16 11:06:00,-0.391333463498313
2019-05-16 11:09:00,-0.3121295544789291
2019-05-16 11:12:00,-0.30433804751947946
2019-05-16 11:15:00,-0.4375394883448962
2019-05-16 11:18:00,-0.28380001529660603
2019-05-16 11:21:00,-0.33713817533316615
2019-05-16 11:24:00,-0.2703174385579814
2019-05-16 11:27:00,-0.35793994698769893
2019-05-16 11:30:00,-0.3371083397096868
2019-05-16 11:33:00,-0.2490294909892441
2019-05-16 11:36:00,-0.23832270265046418
2019-05-16 11:39:00,-0.3619887489542748
2019-05-16 11:42:00,-0.3897145580206143
2019-05-16 11:45:00,-0.39742062893981256
2019-05-16 11:48:00,-0.3176286259358676
2019-05-16 11:51:00,-0.2752045741831921
2019-05-16 11:54:00,-0.27582509334268934
2019-05-16 11:57:00,-0.2818030893726018
2019-05-16 12:00:00,-0.3190440867327311
2019-05-16 12:03:00,-0.369207486480434
2019-05-16 12:06:00,-0.3404061656986528
2019-05-16 12:09:00,-0.43195348409904
2019-05-16 12:12:00,-0.30048608489568096
2019-05-16 12:15:00,-0.3148088831388236
2019-05-16 12:18:00,-0.2287641154093194
2019-05-16 12:21:00,-0.372706411303227
2019-05-16 12:24:00,-0.2643065172105139
2019-05-16 12:27:00,-0.36997285149811887
2019-05-16 12:30:00,-0.273593584908042
2019-05-16 12:33:00,-0.2071017117010001
2019-05-16 12:36:00,-0.32585610762049555
2019-05-16 12:39:00,-0.2856459450400166
2019-05-16 12:42:00,-0.32040109575007136
2019-05-16 12:45:00,-0.2996201263561602
2019-05-16 12:48:00,-0.2626026161429422
2019-05-16 12:51:00,-0.3798714701236463
2019-05-16 12:54:00,-0.3766636578404814
2019-05-16 12:57:00,-0.26508187114853854
2019-05-16 13:00:00,-0.25392312624677515
2019-05-16 13:03:00,-0.33706907843202316
2019-05-16 13:06:00,-0.2760260896480986
2019-05-16 13:09:00,-0.3135855998610282
2019-05-16 13:12:00,-0.3840040742100541
2019-05-16 13:15:00,-0.3563128009675438
2019-05-16 13:18:00,-0.2707819096240769
2019-05-16 13:21:00,-0.13563326190921998
2019-05-16 13:24:00,-0.24821245866752406
2019-05-16 13:27:00,-0.12265647350926656
2019-05-16 13:30:00,-0.02332426948578359
2019-05-16 13:33:00,-0.0259384525461428
2019-05-16 13:36:00,0.056942009135354965
2019-05-16 13:39:00,-0.15847890964283806
2019-05-16 13:42:00,-0.1946823337761998
2019-05-16 13:45:00,-0.06325735959046597
2019-05-16 13:48:00,-0.04546138987029735
2019-05-16 13:51:00,-0.12435274381630279
2019-05-16 13:54:00,-0.07216084133301592
2019-05-16 13:57:00,-0.2643072872920129
2019-05-16 14:00:00,-0.2297481736741247
2019-05-16 14:03:00,-0.167257949055454
2019-05-16 14:06:00,-0.09542411654774696
2019-05-16 14:09:00,-0.05263805702702484
2019-05-16 14:12:00,-0.02366546378516432
2019-05-16 14:15:00,-0.17252806300155044
2019-05-16 14:18:00,-0.12223499531029347
2019-05-16 14:21:00,-0.14360321555625433
2019-05-16 14:24:00,0.023665852251781416
2019-05-16 14:27:00,0.04844465289835398
2019-05-16 14:30:00,-0.048098039609271837
2019-05-16 14:33:00,0.04848913526416254
2019-05-16 14:36:00,-0.25083262702059983
2019-05-16 14:39:00,-0.20576650833862686
2019-05-16 14:42:00,-0.1926677722414638
2019-05-16 14:45:00,-0.23388656545301956
2019-05-16 14:48:00,-0.29760967851194664
2019-05-16 14:51:00,-0.35421523332030347
2019-05-16 14:54:00,-0.33223993342556923
2019-05-16 14:57:00,-0.21464698408340155
2019-05-16 15:00:00,-0.09500868402164997
2019-05-16 15:03:00,-0.08529078583171668
2019-05-16 15:06:00,-0.21882615941353833
2019-05-16 15:09:00,-0.022324061867152523
2019-05-16 15:12:00,0.03145825213749731
2019-05-16 15:15:00,0.11880380778518429
2019-05-16 15:18:00,0.15984832554198647
2019-05-16 15:21:00,0.16434573113178885
2019-05-16 15:24:00,0.08342736377574056
2019-05-16 15:27:00,0.39400281203342047
2019-05-16 15:30:00,0.5420412838712423
2019-05-16 15:33:00,0.20750489771245384
2019-05-16 15:36:00,0.06707301916429742
2019-05-16 15:39:00,0.23701472737661788
2019-05-16 15:42:00,0.36348088902383324
2019-05-16 15:45:00,0.35445144278497764
2019-05-16 15:48:00,0.2547668355927044
2019-05-16 15:51:00,0.26736861068076223
2019-05-16 15:54:00,0.40493109072815514
2019-05-16 15:57:00,0.6476275366222808
2019-05-16 16:00:00,0.6078313570844784
2019-05-16 16:03:00,0.23136537737815388
2019-05-16 16:06:00,0.35357585073609243
2019-05-16 16:09:00,0.41598789092120114
2019-05-16 16:12:00,0.5287314732882464
2019-05-16 16:15:00,0.5986154730458679
2019-05-16 16:18:00,0.7555788092943203
2019-05-16 16:21:00,0.6635428075399545
2019-05-16 16:24:00,0.6165500195891696
2019-05-16 16:27:00,0.5380734465920796
2019-05-16 16:30:00,0.6365549289608339
2019-05-16 16:33:00,0.6478833259365615
2019-05-16 16:36:00,0.6546353832419527
2019-05-16 16:39:00,0.6675436341527075
2019-05-16 16:42:00,0.5708066649642092
2019-05-16 16:45:00,0.610070673838436
2019-05-16 16:48:00,0.5740994890263096
2019-05-16 16:51:00,0.3991519097600644
2019-05-16 16:54:00,0.2695267532477601
2019-05-16 16:57:00,0.19438517952329448
2019-05-16 17:00:00,0.21992189068015477
2019-05-16 17:03:00,0.19554556128258582
2019-05-16 17:06:00,0.24819344145828381
2019-05-16 17:09:00,0.3667730158314271
2019-05-16 17:12:00,0.3150653757107307
2019-05-16 17:15:00,0.43701791805762014
2019-05-16 17:18:00,0.3436178010626918
2019-05-16 17:21:00,0.32319938546100957
2019-05-16 17:24:00,0.33891136052812953
2019-05-16 17:27:00,0.3550132963575834
2019-05-16 17:30:00,0.326701551176086
2019-05-16 17:33:00,0.22605718832159027
2019-05-16 17:36:00,0.31248960719619845
2019-05-16 17:39:00,0.15587585603446996
2019-05-16 17:42:00,0.2518166076610555
2019-05-16 17:45:00,0.2743140722612907
2019-05-16 17:48:00,0.24372657645989193
2019-05-16 17:51:00,0.21704486365149478
2019-05-16 17:54:00,0.41057282924640504
2019-05-16 17:57:00,0.6107782065841434
2019-05-16 18:00:00,0.7268597589196588
2019-05-16 18:03:00,0.7296683456937103
2019-05-16 18:06:00,0.7604158077441525
2019-05-16 18:09:00,0.5253100686670109
2019-05-16 18:12:00,0.5482995132172164
2019-05-16 18:15:00,0.3479489336577899
2019-05-16 18:18:00,0.1843065046800234
2019-05-16 18:21:00,0.240598080619975
2019-05-16 18:24:00,0.21091710371570116
2019-05-16 18:27:00,0.24982624432612965
2019-05-16 18:30:00,0.09175400848965864
2019-05-16 18:33:00,0.25594414432197254
2019-05-16 18:36:00,0.22273627289632714
2019-05-16 18:39:00,0.1465072934456657
2019-05-16 18:42:00,0.3087437593705431
2019-05-16 18:45:00,0.23548421768180106
2019-05-16 18:48:00,0.2610427564836755
2019-05-16 18:51:00,0.22719653997751266
2019-05-16 18:54:00,
2019-05-16 18:57:00,
2019-05-16 19:00:00,
2019-05-16 19:03:00,0.5996568927083672
2019-05-16 19:06:00,0.6599941502453817
2019-05-16 19:09:00,0.6977391744523516
2019-05-16 19:12:00,0.7510799547268334
2019-05-16 19:15:00,0.6760159560123498
2019-05-16 19:18:00,0.2801753670896119
2019-05-16 19:21:00,0.1937430363547037
2019-05-16 19:24:00,0.3150678951418513
2019-05-16 19:27:00,0.4197889268390327
2019-05-16 19:30:00,0.28002580568755775
2019-05-16 19:33:00,0.22611014679978325
2019-05-16 19:36:00,0.299788835049867
2019-05-16 19:39:00,0.3322500630657146
2019-05-16 19:42:00,0.3275467418800986
2019-05-16 19:45:00,0.36278268354777765
2019-05-16 19:48:00,0.41620043236093807
2019-05-16 19:51:00,0.4504221139168294
2019-05-16 19:54:00,0.38835752637373844
2019-05-16 19:57:00,0.22079725779360615
2019-05-16 20:00:00,0.1893163258218351
2019-05-16 20:03:00,0.1681911581802069
2019-05-16 20:06:00,0.22499900211829527
2019-05-16 20:09:00,0.2301358968231284
2019-05-16 20:12:00,0.22335023713799274
2019-05-16 20:15:00,0.25450705494819204
2019-05-16 20:18:00,0.17576742041637772
2019-05-16 20:21:00,0.25375984741305047
2019-05-16 20:24:00,0.10837318552853503
2019-05-16 20:27:00,0.23888529022980265
2019-05-16 20:30:00,0.12298016110247545
2019-05-16 20:33:00,0.0946734633117785
2019-05-16 20:36:00,0.11905828188491796
2019-05-16 20:39:00,0.1951142357895037
2019-05-16 20:42:00,0.13810363242498624
2019-05-16 20:45:00,0.17528649012814412
2019-05-16 20:48:00,0.10087124204881093
2019-05-16 20:51:00,0.13754982999552112
2019-05-16 20:54:00,0.247676648511856
2019-05-16 20:57:00,0.27623634765859606
2019-05-16 21:00:00,0.2701891719113405
2019-05-16 21:03:00,0.18287957740034244
2019-05-16 21:06:00,0.20483834496843656
2019-05-16 21:09:00,0.24903480125823307
2019-05-16 21:12:00,0.22676512407105065
2019-05-16 21:15:00,0.18701189818187913
2019-05-16 21:18:00,0.16771381650789863
2019-05-16 21:21:00,0.21537878848533865
2019-05-16 21:24:00,0.30289957125910405
2019-05-16 21:27:00,0.21360109332550792
2019-05-16 21:30:00,0.243876693364939
2019-05-16 21:33:00,0.17563391579574272
2019-05-16 21:36:00,0.2390451723258593
2019-05-16 21:39:00,0.2391139965437219
2019-05-16 21:42:00,0.5926422001173819
2019-05-16 21:45:00,0.25735434831557313
2019-05-16 21:48:00,0.18570948956869415
2019-05-16 21:51:00,0.21937784811387928
2019-05-16 21:54:00,0.23218027498751326
2019-05-16 21:57:00,0.1590018894083869
2019-05-16 22:00:00,0.22185182074628074
2019-05-16 22:03:00,0.24595713189711432
2019-05-16 22:06:00,0.16951966506388771
2019-05-16 22:09:00,0.23189686017497024
2019-05-16 22:12:00,0.20728537723266527
2019-05-16 22:15:00,0.28351973241899486
2019-05-16 22:18:00,0.21195132722419885
2019-05-16 22:21:00,0.29191115030806714
2019-05-16 22:24:00,0.2082833214835773
2019-05-16 22:27:00,0.2947321072699083
2019-05-16 22:30:00,0.18745414812889294
2019-05-16 22:33:00,0.2251261185134581
2019-05-16 22:36:00,0.27819581655097636
2019-05-16 22:39:00,0.1690478373814699
2019-05-16 22:42:00,0.18772828430581967
2019-05-16 22:45:00,0.23510942293830794
2019-05-16 22:48:00,0.19172915548887204
2019-05-16 22:51:00,0.19851216869318478
2019-05-16 22:54:00,0.24818065985567728
2019-05-16 22:57:00,0.2737352455876021
2019-05-16 23:00:00,0.2990834283532422
2019-05-16 23:03:00,0.3042338950161252
2019-05-16 23:06:00,0.2245829415557523
2019-05-16 23:09:00,0.27775938270337974
2019-05-16 23:12:00,0.18950729816901912
2019-05-16 23:15:00,0.24876193718750983
2019-05-16 23:18:00,0.2908953036094317
2019-05-16 23:21:00,0.2794079549549906
2019-05-16 23:24:00,0.25603467360485865
2019-05-16 23:27:00,0.266872552861912
2019-05-16 23:30:00,0.16745950704262214
2019-05-16 23:33:00,0.2836511290671524
2019-05-16 23:36:00,0.22693252834898203
2019-05-16 23:39:00,0.19977141178048896
2019-05-16 23:42:00,0.23166113024444712
2019-05-16 23:45:00,0.239787970833504
2019-05-16 23:48:00,0.19056285434328402
2019-05-16 23:51:00,0.24072191515364239
2019-05-16 23:54:00,0.2106087756916395
2019-05-16 23:57:00,0.21874520300667655
2019-05-17 00:00:00,0.2642568430587744
2019-05-17 00:03:00,0.2782427610249556
2019-05-17 00:06:00,0.19122796230556105
2019-05-17 00:09:00,0.21602177270415268
2019-05-17 00:12:00,0.29056144099411085
2019-05-17 00:15:00,0.3006739370499645
2019-05-17 00:18:00,0.3279109594962506
2019-05-17 00:21:00,0.2498479110403764
2019-05-17 00:24:00,0.2707611372310339
2019-05-17 00:27:00,0.2542856468648438
2019-05-17 00:30:00,0.29134606588843326
2019-05-17 00:33:00,0.2748787639178545
2019-05-17 00:36:00,0.30483314542664175
2019-05-17 00:39:00,0.24047808768267487
2019-05-17 00:42:00,0.2459806640667921
2019-05-17 00:45:00,0.2408512612368554
2019-05-17 00:48:00,0.31054210308008123
2019-05-17 00:51:00,0.29671759330091163
2019-05-17 00:54:00,0.32796418717589404
2019-05-17 00:57:00,0.36387035479828
2019-05-17 01:00:00,0.28412963917924117
2019-05-17 01:03:00,0.31978744091935596
2019-05-17 01:06:00,0.4523849980635646
2019-05-17 01:09:00,0.5506874453765818
2019-05-17 01:12:00,0.3571928523876977
2019-05-17 01:15:00,0.35035803571815904
2019-05-17 01:18:00,0.6494727806039009
2019-05-17 01:21:00,0.5570848490115736
2019-05-17 01:24:00,0.43088633050018643
2019-05-17 01:27:00,0.3560856293858592
2019-05-17 01:30:00,0.29540883818287966
2019-05-17 01:33:00,0.3104998673182422
2019-05-17 01:36:00,0.37225885920184965
2019-05-17 01:39:00,0.25037973102342903
2019-05-17 01:42:00,0.3578670441387999
2019-05-17 01:45:00,0.2649632723097852
2019-05-17 01:48:00,0.2702510382854939
2019-05-17 01:51:00,0.23396776684916176
2019-05-17 01:54:00,0.2936180203308254
2019-05-17 01:57:00,0.2468821871548812
2019-05-17 02:00:00,0.23121048573318603
2019-05-17 02:03:00,0.18824927064326857
2019-05-17 02:06:00,0.27824796437204213
2019-05-17 02:09:00,0.27423744385549753
2019-05-17 02:12:00,0.2797562638053819
2019-05-17 02:15:00,0.19177895722901894
2019-05-17 02:18:00,0.3006685198064929
2019-05-17 02:21:00,0.2600842750379684
2019-05-17 02:24:00,0.3926672693543196
2019-05-17 02:27:00,0.2594192580111212
2019-05-17 02:30:00,0.2833715959848746
2019-05-17 02:33:00,0.20559392307529833
2019-05-17 02:36:00,0.28983346312406866
2019-05-17 02:39:00,0.30467076871235577
2019-05-17 02:42:00,0.27759003807170757
2019-05-17 02:45:00,0.25581747707036584
2019-05-17 02:48:00,0.26069277342531905
2019-05-17 02:51:00,0.3546120054364792
2019-05-17 02:54:00,0.28066458610385325
2019-05-17 02:57:00,0.3900230667352389
2019-05-17 03:00:00,0.30790284624214337
2019-05-17 03:03:00,0.30864374674990813
2019-05-17 03:06:00,0.22248806282516398
2019-05-17 03:09:00,0.2673208836615686
2019-05-17 03:12:00,0.28442163724758984
2019-05-17 03:15:00,0.3103040444601106
2019-05-17 03:18:00,0.34668627693338294
2019-05-17 03:21:00,0.3959792534695339
2019-05-17 03:24:00,0.30146117605761447
2019-05-17 03:27:00,0.31086970434995465
2019-05-17 03:30:00,0.35597637751914135
2019-05-17 03:33:00,0.3220970110166377
2019-05-17 03:36:00,0.32196619151153527
2019-05-17 03:39:00,0.22024515915279608
2019-05-17 03:42:00,0.3228989393851407
2019-05-17 03:45:00,0.27908504366587294
2019-05-17 03:48:00,0.289031617113892
2019-05-17 03:51:00,0.25880482038195396
2019-05-17 03:54:00,0.2306514601838785
2019-05-17 03:57:00,0.2867617538611853
2019-05-17 04:00:00,0.24964838638084075
2019-05-17 04:03:00,0.2473549922140137
2019-05-17 04:06:00,0.20962535442191665
2019-05-17 04:09:00,0.2032379936285338
2019-05-17 04:12:00,0.2450998091966312
2019-05-17 04:15:00,0.11420265128236906
2019-05-17 04:18:00,0.22318437059044527
2019-05-17 04:21:00,0.30137537239249923
2019-05-17 04:24:00,0.2969553237410878
2019-05-17 04:27:00,0.26035937284859756
2019-05-17 04:30:00,0.2955633045031618
2019-05-17 04:33:00,0.2552364698759675
2019-05-17 04:36:00,0.28857770811885075
2019-05-17 04:39:00,0.35867046029051153
2019-05-17 04:42:00,0.3462287651481688
2019-05-17 04:45:00,0.32840836893183223
2019-05-17 04:48:00,0.3260789370332873
2019-05-17 04:51:00,0.30682449670376855
2019-05-17 04:54:00,0.3313443071565416
2019-05-17 04:57:00,0.2981055003602364
2019-05-17 05:00:00,0.423478365909034
2019-05-17 05:03:00,0.28477686702399296
2019-05-17 05:06:00,0.4020868844298775
2019-05-17 05:09:00,0.40582835933497563
2019-05-17 05:12:00,0.23736013882086127
2019-05-17 05:15:00,0.34173142250909905
2019-05-17 05:18:00,0.35607081006878616
2019-05-17 05:21:00,0.3834044736593114
2019-05-17 05:24:00,0.36062210290748453
2019-05-17 05:27:00,0.4559230309799318
2019-05-17 05:30:00,0.4768276187881497
2019-05-17 05:33:00,0.4096136760157947
2019-05-17 05:36:00,0.4741328539461165
2019-05-17 05:39:00,0.4236440746853418
2019-05-17 05:42:00,0.3756201709677498
2019-05-17 05:45:00,0.47311016975521625
2019-05-17 05:48:00,0.49803680806218154
2019-05-17 05:51:00,0.525507591507278
2019-05-17 05:54:00,0.4559568958072191
2019-05-17 05:57:00,0.43205437435545946
2019-05-17 06:00:00,0.38967027053888614
2019-05-17 06:03:00,0.481803167037242
2019-05-17 06:06:00,0.41000205398330536
2019-05-17 06:09:00,0.5526849629529238
2019-05-17 06:12:00,0.42676991902351347
2019-05-17 06:15:00,0.4336634598737419
2019-05-17 06:18:00,0.3903019803683492
2019-05-17 06:21:00,0.519743030544646
2019-05-17 06:24:00,0.4057337891613315
2019-05-17 06:27:00,0.4037962743827279
2019-05-17 06:30:00,0.4546967529262247
2019-05-17 06:33:00,0.3757867863539559
2019-05-17 06:36:00,0.3821781182757604
2019-05-17 06:39:00,0.4977692382130954
2019-05-17 06:42:00,0.43149392055727276
2019-05-17 06:45:00,0.5041500047295244
2019-05-17 06:48:00,0.4966348401293317
2019-05-17 06:51:00,0.48294629510212417
2019-05-17 06:54:00,0.4753269212919804
2019-05-17 06:57:00,0.4296971053227594
2019-05-17 07:00:00,0.4005111627803899
2019-05-17 07:03:00,0.4122633188375744
2019-05-17 07:06:00,0.43087828945954243
2019-05-17 07:09:00,0.44935383272860463
2019-05-17 07:12:00,0.4182281688248395
2019-05-17 07:15:00,0.40602545877783314
2019-05-17 07:18:00,0.36831459379129683
2019-05-17 07:21:00,0.3714862892987867
2019-05-17 07:24:00,0.4144433283368585
2019-05-17 07:27:00,0.3870853994349659
2019-05-17 07:30:00,0.3633023388672427
2019-05-17 07:33:00,0.38812955348322475
2019-05-17 07:36:00,0.3850742404634957
2019-05-17 07:39:00,0.33841419376420845
2019-05-17 07:42:00,0.4239913503305388
2019-05-17 07:45:00,0.30795539376413217
2019-05-17 07:48:00,0.37491836241952115
2019-05-17 07:51:00,0.34328575744171985
2019-05-17 07:54:00,0.3666624742214708
2019-05-17 07:57:00,0.3949602275302482
2019-05-17 08:00:00,0.3081708468274087
2019-05-17 08:03:00,0.37206025874269244
2019-05-17 08:06:00,0.38472340561082774
2019-05-17 08:09:00,0.3351040964971048
2019-05-17 08:12:00,0.3396983502179296
2019-05-17 08:15:00,0.34055329841140747
2019-05-17 08:18:00,0.3846930365313028
2019-05-17 08:21:00,0.3627920807913938
2019-05-17 08:24:00,0.3698001701719704
2019-05-17 08:27:00,0.42123871419295256
2019-05-17 08:30:00,0.38675371568484707
2019-05-17 08:33:00,0.2759943140240466
2019-05-17 08:36:00,0.37127851399407064
2019-05-17 08:39:00,0.3327969181080448
2019-05-17 08:42:00,0.2733302224459635
2019-05-17 08:45:00,0.33841248528176493
2019-05-17 08:48:00,0.2978805997445306
2019-05-17 08:51:00,0.2685213350003437
2019-05-17 08:54:00,0.31800494828348747
2019-05-17 08:57:00,0.14568328698908317
2019-05-17 09:00:00,0.214091903667736
2019-05-17 09:03:00,0.2605545605376278
2019-05-17 09:06:00,0.25736803145355225
2019-05-17 09:09:00,0.2810840350976491
2019-05-17 09:12:00,0.2962877392601513
2019-05-17 09:15:00,0.1868754898391103
2019-05-17 09:18:00,0.19903561271206627
2019-05-17 09:21:00,0.13150620112685374
2019-05-17 09:24:00,0.16722566576947884
2019-05-17 09:27:00,0.16093736873216358
2019-05-17 09:30:00,0.12036145293302525
2019-05-17 09:33:00,0.15931918449240356
2019-05-17 09:36:00,0.03789614812677655
2019-05-17 09:39:00,0.04255848751500935
2019-05-17 09:42:00,0.008698154344926934
2019-05-17 09:45:00,0.056770224917499945
2019-05-17 09:48:00,-0.010139877615017667
2019-05-17 09:51:00,0.13487936967709402
2019-05-17 09:54:00,0.10635704468660379
2019-05-17 09:57:00,0.05484117336857253
2019-05-17 10:00:00,0.027018703956741774
2019-05-17 10:03:00,0.0784452374894613
2019-05-17 10:06:00,0.05475803227312781
2019-05-17 10:09:00,-0.04945033329892112
2019-05-17 10:12:00,-0.06585938067394181
2019-05-17 10:15:00,0.006673009252665452
2019-05-17 10:18:00,0.019901684009425935
2019-05-17 10:21:00,-0.058592364494984395
2019-05-17 10:24:00,-0.024940787702405487
2019-05-17 10:27:00,-0.04063004815157001
2019-05-17 10:30:00,-0.05899110394739182
2019-05-17 10:33:00,-0.15585863854482795
2019-05-17 10:36:00,-0.08519266437775741
2019-05-17 10:39:00,-0.003959564103297453
2019-05-17 10:42:00,-0.05047239382309954
2019-05-17 10:45:00,-0.033061856221536345
2019-05-17 10:48:00,-0.09005666914589483
2019-05-17 10:51:00,-0.13667320828665197
2019-05-17 10:54:00,-0.15738786587598952
2019-05-17 10:57:00,-0.1516699283943126
2019-05-17 11:00:00,-0.12532672785908971
2019-05-17 11:03:00,-0.1173757358000671
2019-05-17 11:06:00,-0.10841891314265695
2019-05-17 11:09:00,-0.08230051352734336
2019-05-17 11:12:00,-0.16901490181749068
2019-05-17 11:15:00,-0.23532678493546655
2019-05-17 11:18:00,-0.11238655049641011
2019-05-17 11:21:00,-0.1225266896756807
2019-05-17 11:24:00,-0.22417463067972676
2019-05-17 11:27:00,-0.1766334062867827
2019-05-17 11:30:00,-0.09171858220457807
2019-05-17 11:33:00,-0.03206448362402625
2019-05-17 11:36:00,-0.22161001836548166
2019-05-17 11:39:00,-0.18988987447056616
2019-05-17 11:42:00,-0.22932391579007572
2019-05-17 11:45:00,-0.18568864779228988
2019-05-17 11:48:00,-0.1584657696767522
2019-05-17 11:51:00,-0.19688979313326627
2019-05-17 11:54:00,-0.13199210451534782
2019-05-17 11:57:00,-0.11123537628037639
2019-05-17 12:00:00,-0.1298811238465305
2019-05-17 12:03:00,-0.007581875114055947
2019-05-17 12:06:00,-0.09997149078600387
2019-05-17 12:09:00,-0.10672947083725148
2019-05-17 12:12:00,-0.15681581482704132
2019-05-17 12:15:00,-0.200792998434963
2019-05-17 12:18:00,-0.24582788462890903
2019-05-17 12:21:00,-0.16258020162160847
2019-05-17 12:24:00,-0.14016934386489766
2019-05-17 12:27:00,-0.10775885729651691
2019-05-17 12:30:00,-0.17037348252893025
2019-05-17 12:33:00,-0.23965047645901905
2019-05-17 12:36:00,-0.1669553544535347
2019-05-17 12:39:00,-0.26298405917953005
2019-05-17 12:42:00,-0.1403707700573591
2019-05-17 12:45:00,-0.16711971724720343
2019-05-17 12:48:00,-0.23407813966946378
2019-05-17 12:51:00,-0.2215722317092741
2019-05-17 12:54:00,-0.13762072863738695
2019-05-17 12:57:00,-0.22308489027648193
2019-05-17 13:00:00,-0.21848052270490825
2019-05-17 13:03:00,-0.2682926317993406
2019-05-17 13:06:00,-0.05375032782040989
2019-05-17 13:09:00,0.010910371859495172
2019-05-17 13:12:00,0.1860913855630315
2019-05-17 13:15:00,0.09157087626442717
2019-05-17 13:18:00,0.16543924720798486
2019-05-17 13:21:00,0.18239525608424856
2019-05-17 13:24:00,0.3033881480967011
2019-05-17 13:27:00,0.41623295086782264
2019-05-17 13:30:00,0.3295285163976587
2019-05-17 13:33:00,0.29071617777640313
2019-05-17 13:36:00,0.4567830021614441
2019-05-17 13:39:00,0.5149393781631488
2019-05-17 13:42:00,0.4786907167900267
2019-05-17 13:45:00,0.0723897466065182
2019-05-17 13:48:00,0.1647614160240778
2019-05-17 13:51:00,0.13635128129806162
2019-05-17 13:54:00,-0.08688646915402387
2019-05-17 13:57:00,-0.1384893128131921
2019-05-17 14:00:00,-0.06729393603916378
2019-05-17 14:03:00,-0.09955137018937421
2019-05-17 14:06:00,-0.13384037990772413
2019-05-17 14:09:00,-0.1303394650913674
2019-05-17 14:12:00,0.011070969906825212
2019-05-17 14:15:00,-0.06117509847388192
2019-05-17 14:18:00,-0.020822844473002533
2019-05-17 14:21:00,-0.09126033338282014
2019-05-17 14:24:00,0.018274560135580487
2019-05-17 14:27:00,-0.04159876509424976
2019-05-17 14:30:00,0.0595885995579124
2019-05-17 14:33:00,0.07167688061372246
2019-05-17 14:36:00,-0.026042378243403164
2019-05-17 14:39:00,-0.009605026528959115
2019-05-17 14:42:00,0.04535319370813795
2019-05-17 14:45:00,0.034011998059270354
2019-05-17 14:48:00,-0.0015743091578315216
2019-05-17 14:51:00,0.061228874342020845
2019-05-17 14:54:00,0.022608390740060713
2019-05-17 14:57:00,0.23019098048791875
2019-05-17 15:00:00,0.4061902326143354
2019-05-17 15:03:00,0.2769598878373358
2019-05-17 15:06:00,0.1775189907281174
2019-05-17 15:09:00,0.05468281621830329
2019-05-17 15:12:00,0.11228676680366334
2019-05-17 15:15:00,-0.005711501708674405
2019-05-17 15:18:00,-0.1114675416628188
2019-05-17 15:21:00,-0.12913636233298575
2019-05-17 15:24:00,-0.14370967736755347
2019-05-17 15:27:00,-0.15935207394733197
2019-05-17 15:30:00,-0.08636371238458196
2019-05-17 15:33:00,-0.11242945547263616
2019-05-17 15:36:00,-0.0013813227944865503
2019-05-17 15:39:00,-0.013759245124560948
2019-05-17 15:42:00,0.02340939246778362
2019-05-17 15:45:00,0.13146408648469787
2019-05-17 15:48:00,0.01777783148367007
2019-05-17 15:51:00,0.015110307180464133
2019-05-17 15:54:00,-0.15108134527986294
2019-05-17 15:57:00,-0.14821853470607493
2019-05-17 16:00:00,0.022393936293156003
2019-05-17 16:03:00,-0.13794588275874275
2019-05-17 16:06:00,-0.011321213073756553
2019-05-17 16:09:00,-0.08972472410658838
2019-05-17 16:12:00,-0.06253333948876616
2019-05-17 16:15:00,0.0615772485464845
2019-05-17 16:18:00,-0.02735208662426203
2019-05-17 16:21:00,0.047394224126719564
2019-05-17 16:24:00,-0.10457440575066812
2019-05-17 16:27:00,-0.2009627723376184
2019-05-17 16:30:00,-0.19206395599434245
2019-05-17 16:33:00,-0.2159142602527595
2019-05-17 16:36:00,-0.2875455856809026
2019-05-17 16:39:00,-0.12346592555837788
2019-05-17 16:42:00,-0.21083285095795645
2019-05-17 16:45:00,-0.11367611621153628
2019-05-17 16:48:00,-0.17882473228439721
2019-05-17 16:51:00,-0.17572742146035125
2019-05-17 16:54:00,-0.17229370141825484
2019-05-17 16:57:00,-0.19595927171400263
2019-05-17 17:00:00,-0.13327038596861485
2019-05-17 17:03:00,-0.16564639119229696
2019-05-17 17:06:00,-0.13469074880094922
2019-05-17 17:09:00,-0.03627167336560433
2019-05-17 17:12:00,-0.031191835875745255
2019-05-17 17:15:00,-0.03222113537282212
2019-05-17 17:18:00,-0.04745541252418661
2019-05-17 17:21:00,-0.05292580258668522
2019-05-17 17:24:00,-0.0452857936664941
2019-05-17 17:27:00,-0.058040527096522965
2019-05-17 17:30:00,-0.06461842911670601
2019-05-17 17:33:00,-0.08034617315433934
2019-05-17 17:36:00,-0.09022622484292242
2019-05-17 17:39:00,-0.08467061645529839
2019-05-17 17:42:00,-0.1166806917433405
2019-05-17 17:45:00,0.018863397737732157
2019-05-17 17:48:00,-0.05759932748242136
2019-05-17 17:51:00,-0.01516833734666534
2019-05-17 17:54:00,-0.024737849827261016
2019-05-17 17:57:00,-0.0017498802189948037
2019-05-17 18:00:00,0.24366589704794706
2019-05-17 18:03:00,0.13645792060754047
2019-05-17 18:06:00,-0.08860674422135162
2019-05-17 18:09:00,-0.013365129298904321
2019-05-17 18:12:00,0.0038998557686227286
2019-05-17 18:15:00,-0.05506908886485462
2019-05-17 18:18:00,-0.03612952505892508
2019-05-17 18:21:00,0.0441889696383555
2019-05-17 18:24:00,0.05916132499703508
2019-05-17 18:27:00,-0.10334462982694959
2019-05-17 18:30:00,0.007313957984365516
2019-05-17 18:33:00,0.09778221084565075
2019-05-17 18:36:00,0.11044759580926211
2019-05-17 18:39:00,0.17760661551670864
2019-05-17 18:42:00,0.19819874698225703
2019-05-17 18:45:00,0.2587434070346717
2019-05-17 18:48:00,0.24037536816041438
2019-05-17 18:51:00,0.1060921490537794
2019-05-17 18:54:00,
2019-05-17 18:57:00,
2019-05-17 19:00:00,
2019-05-17 19:03:00,-0.006422325325445399
2019-05-17 19:06:00,0.0163881785609874
2019-05-17 19:09:00,0.026130918783394463
2019-05-17 19:12:00,-0.02322429998929465
2019-05-17 19:15:00,0.04045008755008439
2019-05-17 19:18:00,0.04716477191806234
2019-05-17 19:21:00,0.015160089459243409
2019-05-17 19:24:00,0.03908561382053222
2019-05-17 19:27:00,0.025185256245777055
2019-05-17 19:30:00,0.020461879881452205
2019-05-17 19:33:00,0.01616890197851717
2019-05-17 19:36:00,-0.06038844876775329
2019-05-17 19:39:00,0.047700675718942875
2019-05-17 19:42:00,0.06856307034649944
2019-05-17 19:45:00,0.05721331277788977
2019-05-17 19:48:00,-0.08784446955422709
2019-05-17 19:51:00,0.010953365089221734
2019-05-17 19:54:00,0.14195314100567202
2019-05-17 19:57:00,-0.003306339825428495
2019-05-17 20:00:00,0.08692976940869812
2019-05-17 20:03:00,0.07672535979776285
2019-05-17 20:06:00,0.17250422312861247
2019-05-17 20:09:00,0.37855531439475953
2019-05-17 20:12:00,0.13825175051766792
2019-05-17 20:15:00,0.12379941123606386
2019-05-17 20:18:00,0.18103446715656446
2019-05-17 20:21:00,0.10192392907782732
2019-05-17 20:24:00,0.28553059991196506
2019-05-17 20:27:00,0.3618078960644766
2019-05-17 20:30:00,0.3492502277205176
2019-05-17 20:33:00,0.40961454633122685
2019-05-17 20:36:00,0.2923478201780654
2019-05-17 20:39:00,0.25808591797317604
2019-05-17 20:42:00,0.2556643406445005
2019-05-17 20:45:00,0.16972947166345875
2019-05-17 20:48:00,0.151007013175672
2019-05-17 20:51:00,0.2078933872051607
2019-05-17 20:54:00,0.3485159715777968
2019-05-17 20:57:00,0.15359640585768375
2019-05-17 21:00:00,0.2149742492017026
2019-05-17 21:03:00,0.22091310253063057
2019-05-17 21:06:00,0.11254590397527409
2019-05-17 21:09:00,0.24392937378729584
2019-05-17 21:12:00,0.20395510351193025
2019-05-17 21:15:00,0.22498304096268384
2019-05-17 21:18:00,0.18671154434792925
2019-05-17 21:21:00,0.20287200041656206
2019-05-17 21:24:00,0.25361426358006156
2019-05-17 21:27:00,0.2739099850714979
2019-05-17 21:30:00,0.2705526895058483
2019-05-17 21:33:00,0.26470100289026277
2019-05-17 21:36:00,0.22082323848769647
2019-05-17 21:39:00,0.3477758032256588
2019-05-17 21:42:00,0.3901027441125393
2019-05-17 21:45:00,0.16992756321246816
2019-05-17 21:48:00,0.14088823564412678
2019-05-17 21:51:00,0.17255590660886355
2019-05-17 21:54:00,0.3404513885544702
2019-05-17 21:57:00,0.2931870050431371
2019-05-17 22:00:00,0.2915607014813304
2019-05-17 22:03:00,0.25692248354550884
2019-05-17 22:06:00,0.27594283845689915
2019-05-17 22:09:00,0.24640794983406522
2019-05-17 22:12:00,0.2717974433366521
2019-05-17 22:15:00,0.2707061802563544
2019-05-17 22:18:00,0.3758603765852513
2019-05-17 22:21:00,0.32993246564609535
2019-05-17 22:24:00,0.2876704021220462
2019-05-17 22:27:00,0.3927963942237511
2019-05-17 22:30:00,0.3313884649958254
2019-05-17 22:33:00,0.3239917808571704
2019-05-17 22:36:00,0.4227211671642408
2019-05-17 22:39:00,0.5271388468864302
2019-05-17 22:42:00,0.5399116765565282
2019-05-17 22:45:00,0.48975893897875267
2019-05-17 22:48:00,0.43297147069398534
2019-05-17 22:51:00,0.3161465002195314
2019-05-17 22:54:00,0.4822660467722244
2019-05-17 22:57:00,0.4470491455347201
2019-05-17 23:00:00,0.5966746238241853
2019-05-17 23:03:00,0.5609866751867116
2019-05-17 23:06:00,0.6811038013213988
2019-05-17 23:09:00,0.6041291725207998
2019-05-17 23:12:00,0.5422445385998458
2019-05-17 23:15:00,0.5079164665657458
2019-05-17 23:18:00,0.524751880633687
2019-05-17 23:21:00,0.48348378844241324
2019-05-17 23:24:00,0.4211380043508939
2019-05-17 23:27:00,0.3790662329005272
2019-05-17 23:30:00,0.42742162293848196
2019-05-17 23:33:00,0.4761276706367994
2019-05-17 23:36:00,0.6021542248528249
2019-05-17 23:39:00,0.5147250008413948
2019-05-17 23:42:00,0.4128755126556598
2019-05-17 23:45:00,0.4687730431231216
2019-05-17 23:48:00,0.3853509187384816
2019-05-17 23:51:00,0.3401924544907615
2019-05-17 23:54:00,0.4304091267991339
2019-05-17 23:57:00,0.5219930736535048
2019-05-18 00:00:00,0.3394676468740272
2019-05-18 00:03:00,0.4228352488181599
2019-05-18 00:06:00,0.32774822804515225
2019-05-18 00:09:00,0.45046246655658706
2019-05-18 00:12:00,0.44491491507216097
2019-05-18 00:15:00,0.4449613484598558
2019-05-18 00:18:00,0.3725887377989352
2019-05-18 00:21:00,0.4159100761564787
2019-05-18 00:24:00,0.4249876835305031
2019-05-18 00:27:00,0.2618950328547953
2019-05-18 00:30:00,0.20729062259539432
2019-05-18 00:33:00,0.16257085095941193
2019-05-18 00:36:00,0.16019511433660227
2019-05-18 00:39:00,0.27156235057032063
2019-05-18 00:42:00,0.13207326400140573
2019-05-18 00:45:00,0.3097640146906997
2019-05-18 00:48:00,0.31912610061920077
2019-05-18 00:51:00,0.47713578642611765
2019-05-18 00:54:00,0.6040706496464168
2019-05-18 00:57:00,0.48433383079958503
2019-05-18 01:00:00,0.3164359555470355
2019-05-18 01:03:00,0.3639063132326328
2019-05-18 01:06:00,0.3578235778820158
2019-05-18 01:09:00,0.25511330355584505
2019-05-18 01:12:00,0.2958855361870292
2019-05-18 01:15:00,0.4418053387833538
2019-05-18 01:18:00,0.2788326099473011
2019-05-18 01:21:00,0.26215334456026085
2019-05-18 01:24:00,0.2965307597468154
2019-05-18 01:27:00,0.2503946081344566
2019-05-18 01:30:00,0.174953995091073
2019-05-18 01:33:00,0.328330242284153
2019-05-18 01:36:00,0.20611079896463025
2019-05-18 01:39:00,0.27962582385339374
2019-05-18 01:42:00,0.31206697677839657
2019-05-18 01:45:00,0.2836368714708897
2019-05-18 01:48:00,0.14575512380559985
2019-05-18 01:51:00,0.2269423216234827
2019-05-18 01:54:00,0.22429378277701062
2019-05-18 01:57:00,0.33915987588676444
2019-05-18 02:00:00,0.37371385745478847
2019-05-18 02:03:00,0.5336586446199476
2019-05-18 02:06:00,0.49882076611140747
2019-05-18 02:09:00,0.42772374616140496
2019-05-18 02:12:00,0.46152823603648585
2019-05-18 02:15:00,0.3843264210715347
2019-05-18 02:18:00,0.3917591120101065
2019-05-18 02:21:00,0.48715488460339884
2019-05-18 02:24:00,0.2218835143858655
2019-05-18 02:27:00,0.3134354059583302
2019-05-18 02:30:00,0.2672381727842321
2019-05-18 02:33:00,0.3696546479024505
2019-05-18 02:36:00,0.22831911573513253
2019-05-18 02:39:00,0.2908693786492904
2019-05-18 02:42:00,0.3008171795979706
2019-05-18 02:45:00,0.3342012190453829
2019-05-18 02:48:00,0.2929156291291406
2019-05-18 02:51:00,0.2470292937646832
2019-05-18 02:54:00,0.29793545481993533
2019-05-18 02:57:00,0.3692833051703701
2019-05-18 03:00:00,0.26969627386705497
2019-05-18 03:03:00,0.3043157461044643
2019-05-18 03:06:00,0.32421698601558546
2019-05-18 03:09:00,0.32085632328653446
2019-05-18 03:12:00,0.4073081399529883
2019-05-18 03:15:00,0.47857748590092797
2019-05-18 03:18:00,0.3694311979364784
2019-05-18 03:21:00,0.46908736111618055
2019-05-18 03:24:00,0.3777937207333366
2019-05-18 03:27:00,0.5342232146281276
2019-05-18 03:30:00,0.3998866265686729
2019-05-18 03:33:00,0.47807376852756533
2019-05-18 03:36:00,0.36524291992657254
2019-05-18 03:39:00,0.4209922888123856
2019-05-18 03:42:00,0.3628724609448568
2019-05-18 03:45:00,0.35055130148145963
2019-05-18 03:48:00,0.3563314723229496
2019-05-18 03:51:00,0.47317083873923593
2019-05-18 03:54:00,0.35514140152326945
2019-05-18 03:57:00,0.4371616868070305
2019-05-18 04:00:00,0.49695995930864
2019-05-18 04:03:00,0.7036162114230251
2019-05-18 04:06:00,0.5739844730548498
2019-05-18 04:09:00,0.548332819955192
2019-05-18 04:12:00,0.42975357171866335
2019-05-18 04:15:00,0.46612350477568043
2019-05-18 04:18:00,0.46344493288393096
2019-05-18 04:21:00,0.4163182316536336
2019-05-18 04:24:00,0.43096780161090464
2019-05-18 04:27:00,0.5006124328940018
2019-05-18 04:30:00,0.38174819776622826
2019-05-18 04:33:00,0.3681724889499378
2019-05-18 04:36:00,0.41731081529223957
2019-05-18 04:39:00,0.3656251430477937
2019-05-18 04:42:00,0.3528969605882253
2019-05-18 04:45:00,0.4289887312491487
2019-05-18 04:48:00,0.337652673045568
2019-05-18 04:51:00,0.4312361641405573
2019-05-18 04:54:00,0.3817021827017584
2019-05-18 04:57:00,0.36718141405424376
2019-05-18 05:00:00,0.3263890249092469
2019-05-18 05:03:00,0.39978331272726564
2019-05-18 05:06:00,0.4047729577279142
2019-05-18 05:09:00,0.3745755115524503
2019-05-18 05:12:00,0.3790667634647207
2019-05-18 05:15:00,0.4173887812197563
2019-05-18 05:18:00,0.43371049481532964
2019-05-18 05:21:00,0.39774694831714896
2019-05-18 05:24:00,0.3029682017959203
2019-05-18 05:27:00,0.3670070053206018
2019-05-18 05:30:00,0.3396668240781082
2019-05-18 05:33:00,0.3686868266881902
2019-05-18 05:36:00,0.3234990734277403
2019-05-18 05:39:00,0.32303646920456686
2019-05-18 05:42:00,0.32331174255273254
2019-05-18 05:45:00,0.3549005003440584
2019-05-18 05:48:00,0.33809599623162967
2019-05-18 05:51:00,0.4000948040235812
2019-05-18 05:54:00,0.3268987189346717
2019-05-18 05:57:00,0.2771712408468261
2019-05-18 06:00:00,0.2624236403651139
2019-05-18 06:03:00,0.28217464806124326
2019-05-18 06:06:00,0.3481638244383589
2019-05-18 06:09:00,0.26320972449269675
2019-05-18 06:12:00,0.3057473239604178
2019-05-18 06:15:00,0.3160351699785906
2019-05-18 06:18:00,0.3784038286286773
2019-05-18 06:21:00,0.4231780676909125
2019-05-18 06:24:00,0.3944394969281575
2019-05-18 06:27:00,0.3679611806098251
2019-05-18 06:30:00,0.40913753402281827
2019-05-18 06:33:00,0.34104445246293835
2019-05-18 06:36:00,0.3341384734708299
2019-05-18 06:39:00,0.38015512661979756
2019-05-18 06:42:00,0.36641198595725655
2019-05-18 06:45:00,0.2639916432034397
2019-05-18 06:48:00,0.35194751392913304
2019-05-18 06:51:00,0.35804583048201266
2019-05-18 06:54:00,0.3464164692995837
2019-05-18 06:57:00,0.3751658184071971
2019-05-18 07:00:00,0.330898743470982
2019-05-18 07:03:00,0.36464795691858853
2019-05-18 07:06:00,0.3076660163262659
2019-05-18 07:09:00,0.29174201663255417
2019-05-18 07:12:00,0.3522803850338505
2019-05-18 07:15:00,0.3664338778441447
2019-05-18 07:18:00,0.32052948355345734
2019-05-18 07:21:00,0.2996238824578654
2019-05-18 07:24:00,0.329360544171152
2019-05-18 07:27:00,0.38140684386712564
2019-05-18 07:30:00,0.30727402348179567
2019-05-18 07:33:00,0.30478626292415356
2019-05-18 07:36:00,0.322963146766881
2019-05-18 07:39:00,0.39660064827330643
2019-05-18 07:42:00,0.30632835986017426
2019-05-18 07:45:00,0.40778854748594995
2019-05-18 07:48:00,0.47812145635447223
2019-05-18 07:51:00,0.4688263893459066
2019-05-18 07:54:00,0.4513037243597182
2019-05-18 07:57:00,0.41184661063061867
2019-05-18 08:00:00,0.33266667430086727
2019-05-18 08:03:00,0.30544810936760314
2019-05-18 08:06:00,0.2694052554624591
2019-05-18 08:09:00,0.3183552415540589
2019-05-18 08:12:00,0.20248958600643618
2019-05-18 08:15:00,0.2685988621644242
2019-05-18 08:18:00,0.24321052027590895
2019-05-18 08:21:00,0.23711109064549873
2019-05-18 08:24:00,0.14170174245373346
2019-05-18 08:27:00,0.2055625789388955
2019-05-18 08:30:00,0.27641068409940317
2019-05-18 08:33:00,0.08931789975736137
2019-05-18 08:36:00,0.2598519186238377
2019-05-18 08:39:00,0.17991484267497526
2019-05-18 08:42:00,0.22444673325509257
2019-05-18 08:45:00,0.18856708104851805
2019-05-18 08:48:00,0.08650601028506344
2019-05-18 08:51:00,0.1506130842354878
2019-05-18 08:54:00,0.13666862335247743
2019-05-18 08:57:00,0.23643852437737678
2019-05-18 09:00:00,0.19100322412930382
2019-05-18 09:03:00,0.09446830580901633
2019-05-18 09:06:00,0.11801390973607795
2019-05-18 09:09:00,0.1734199237212124
2019-05-18 09:12:00,0.10223975716485256
2019-05-18 09:15:00,0.10078206989913951
2019-05-18 09:18:00,0.16857046533857556
2019-05-18 09:21:00,0.01349777901896232
2019-05-18 09:24:00,0.06076257302754584
2019-05-18 09:27:00,-0.020195393203096046
2019-05-18 09:30:00,0.0364347217631007
2019-05-18 09:33:00,0.03312442607102639
2019-05-18 09:36:00,0.03646113263573625
2019-05-18 09:39:00,0.036734510045221214
2019-05-18 09:42:00,0.122010913018471
2019-05-18 09:45:00,0.10458804228204599
2019-05-18 09:48:00,0.07079446868300465
2019-05-18 09:51:00,0.1174971680057979
2019-05-18 09:54:00,0.1383962242956045
2019-05-18 09:57:00,0.05872187801594464
2019-05-18 10:00:00,0.0035471895281489196
2019-05-18 10:03:00,0.13474650030059365
2019-05-18 10:06:00,0.014212337039793965
2019-05-18 10:09:00,0.053816362713689614
2019-05-18 10:12:00,0.11503510359199254
2019-05-18 10:15:00,0.03906799116697357
2019-05-18 10:18:00,0.12852885316181073
2019-05-18 10:21:00,0.10826860830928808
2019-05-18 10:24:00,0.04399603080543102
2019-05-18 10:27:00,0.09470892122749319
2019-05-18 10:30:00,0.01950016816169864
2019-05-18 10:33:00,0.07728374753014577
2019-05-18 10:36:00,0.09709899505025987
2019-05-18 10:39:00,-0.09229933256636969
2019-05-18 10:42:00,0.00014938961101051973
2019-05-18 10:45:00,-0.014057590318145685
2019-05-18 10:48:00,-0.053505833243036705
2019-05-18 10:51:00,-0.032409226002812375
2019-05-18 10:54:00,0.05984279574192897
2019-05-18 10:57:00,0.005998659014835539
2019-05-18 11:00:00,0.11450572416759996
2019-05-18 11:03:00,0.06543376589075933
2019-05-18 11:06:00,0.07639658788002635
2019-05-18 11:09:00,0.036672866311278085
2019-05-18 11:12:00,0.03904398050997315
2019-05-18 11:15:00,-0.038408546250593645
2019-05-18 11:18:00,-0.03809111389750797
2019-05-18 11:21:00,0.016881479731409854
2019-05-18 11:24:00,0.02349080846090601
2019-05-18 11:27:00,-0.14256294108344036
2019-05-18 11:30:00,0.05545541295686007
2019-05-18 11:33:00,0.02499648524536724
2019-05-18 11:36:00,0.017276391236237032
2019-05-18 11:39:00,0.1589528437999661
2019-05-18 11:42:00,0.0011110740537105812
2019-05-18 11:45:00,0.05970503281406536
2019-05-18 11:48:00,-0.11114468653448739
2019-05-18 11:51:00,-0.04104751781244431
2019-05-18 11:54:00,-0.02992951359289009
2019-05-18 11:57:00,-0.06999970196841332
2019-05-18 12:00:00,-0.10379710838941492
2019-05-18 12:03:00,-0.09371926810786135
2019-05-18 12:06:00,-0.030611618703233034
2019-05-18 12:09:00,-0.20405804905061586
2019-05-18 12:12:00,-0.10666902162154202
2019-05-18 12:15:00,-0.20019299075153185
2019-05-18 12:18:00,-0.23510066667529372
2019-05-18 12:21:00,-0.3047975514435848
2019-05-18 12:24:00,-0.24904609847686743
2019-05-18 12:27:00,-0.22983129411159098
2019-05-18 12:30:00,-0.2616156732159993
2019-05-18 12:33:00,-0.32304572011264554
2019-05-18 12:36:00,-0.2526616418761023
2019-05-18 12:39:00,-0.25103500975029647
2019-05-18 12:42:00,-0.1978193200824876
2019-05-18 12:45:00,-0.20695582878857977
2019-05-18 12:48:00,-0.3866906993927728
2019-05-18 12:51:00,-0.11360493058379006
2019-05-18 12:54:00,-0.19684496389709238
2019-05-18 12:57:00,-0.1590724782886923
2019-05-18 13:00:00,-0.30516453497853036
2019-05-18 13:03:00,-0.18168679423763479
2019-05-18 13:06:00,-0.13036986668447526
2019-05-18 13:09:00,-0.297949387024687
2019-05-18 13:12:00,-0.22806368479649564
2019-05-18 13:15:00,-0.35923961823755235
2019-05-18 13:18:00,-0.3022177809580171
2019-05-18 13:21:00,-0.3318059333590213
2019-05-18 13:24:00,-0.27006981313070355
2019-05-18 13:27:00,-0.43322319093084616
2019-05-18 13:30:00,-0.35974081612175723
2019-05-18 13:33:00,-0.15112889317208555
2019-05-18 13:36:00,-0.28680056072209936
2019-05-18 13:39:00,-0.24308352660716537
2019-05-18 13:42:00,-0.22069694657818673
2019-05-18 13:45:00,-0.20954363833953948
2019-05-18 13:48:00,-0.1709982004891799
2019-05-18 13:51:00,-0.14511538639374066
2019-05-18 13:54:00,-0.15954664247601613
2019-05-18 13:57:00,-0.25271587052134237
2019-05-18 14:00:00,-0.24004049851652098
2019-05-18 14:03:00,-0.20801462364579493
2019-05-18 14:06:00,-0.21260027693074335
2019-05-18 14:09:00,-0.14956577469735066
2019-05-18 14:12:00,-0.09532787423961508
2019-05-18 14:15:00,-0.20700105792934664
2019-05-18 14:18:00,-0.0651962938098336
2019-05-18 14:21:00,-0.12988382872248394
2019-05-18 14:24:00,-0.03188406697040591
2019-05-18 14:27:00,-0.030166203910653167
2019-05-18 14:30:00,0.06560776567658877
2019-05-18 14:33:00,0.1900523479944809
2019-05-18 14:36:00,0.48358147926990114
2019-05-18 14:39:00,0.40323661039172976
2019-05-18 14:42:00,0.42986951834734555
2019-05-18 14:45:00,0.505328037531342
2019-05-18 14:48:00,0.6196282477988575
2019-05-18 14:51:00,0.7091414344216105
2019-05-18 14:54:00,0.671109340891519
2019-05-18 14:57:00,0.6122208563631375
2019-05-18 15:00:00,0.591158739355933
2019-05-18 15:03:00,0.6648161380612123
2019-05-18 15:06:00,0.6337035141914953
2019-05-18 15:09:00,0.7152879296855303
2019-05-18 15:12:00,0.6808616191326564
2019-05-18 15:15:00,0.7650740091476109
2019-05-18 15:18:00,0.49774028274299553
2019-05-18 15:21:00,0.6521634391643829
2019-05-18 15:24:00,0.5085874237491907
2019-05-18 15:27:00,0.5742923432463272
2019-05-18 15:30:00,0.6168611109546305
2019-05-18 15:33:00,0.5096729574905794
2019-05-18 15:36:00,0.5478526640628161
2019-05-18 15:39:00,0.47013257288057275
2019-05-18 15:42:00,0.3662190498095015
2019-05-18 15:45:00,0.36914184187497767
2019-05-18 15:48:00,0.24443320951019132
2019-05-18 15:51:00,0.22466109282856905
2019-05-18 15:54:00,0.20887084716241588
2019-05-18 15:57:00,0.24950053074337575
2019-05-18 16:00:00,0.27638915771581196
2019-05-18 16:03:00,0.2666542184256855
2019-05-18 16:06:00,0.4168549171804443
2019-05-18 16:09:00,0.3531383706447855
2019-05-18 16:12:00,0.38376810906027004
2019-05-18 16:15:00,0.22794920314601086
2019-05-18 16:18:00,0.22386970319581678
2019-05-18 16:21:00,0.2391861623218574
2019-05-18 16:24:00,0.2841621145449267
2019-05-18 16:27:00,0.23830234528605843
2019-05-18 16:30:00,0.021243897345073037
2019-05-18 16:33:00,0.1739359026648799
2019-05-18 16:36:00,0.12527876384564252
2019-05-18 16:39:00,0.12997568055692454
2019-05-18 16:42:00,0.13240556822614735
2019-05-18 16:45:00,-0.02116662133130376
2019-05-18 16:48:00,0.09288738345804859
2019-05-18 16:51:00,0.19493868085459098
2019-05-18 16:54:00,0.03416975643619935
2019-05-18 16:57:00,0.05263814836325764
2019-05-18 17:00:00,0.11819541834279335
2019-05-18 17:03:00,0.117316728151593
2019-05-18 17:06:00,0.010281193796231491
2019-05-18 17:09:00,0.0947270428375191
2019-05-18 17:12:00,0.04182604044643767
2019-05-18 17:15:00,0.10502950983948267
2019-05-18 17:18:00,0.040232466084148655
2019-05-18 17:21:00,0.018241398459849734
2019-05-18 17:24:00,0.0017234438590207901
2019-05-18 17:27:00,0.030902850372967805
2019-05-18 17:30:00,-0.025883885791643024
2019-05-18 17:33:00,0.1448080106630414
2019-05-18 17:36:00,0.08183138261080103
2019-05-18 17:39:00,0.08443384330689696
2019-05-18 17:42:00,0.011000832450747566
2019-05-18 17:45:00,0.03244933656480953
2019-05-18 17:48:00,-0.10925934197479137
2019-05-18 17:51:00,0.10698847611433848
2019-05-18 17:54:00,0.09435998824034186
2019-05-18 17:57:00,0.04024582753328332
2019-05-18 18:00:00,-0.007973949190670737
2019-05-18 18:03:00,0.06760264039036201
2019-05-18 18:06:00,0.13208009772063178
2019-05-18 18:09:00,0.10065484283103387
2019-05-18 18:12:00,0.07838030917844208
2019-05-18 18:15:00,0.1051561455136607
2019-05-18 18:18:00,0.061245626396498665
2019-05-18 18:21:00,0.06773501975879981
2019-05-18 18:24:00,0.05173792638277064
2019-05-18 18:27:00,0.06514456968977811
2019-05-18 18:30:00,0.08909058394385738
2019-05-18 18:33:00,0.0852458653209851
2019-05-18 18:36:00,0.07345497441031057
2019-05-18 18:39:00,0.12223003054424453
2019-05-18 18:42:00,0.03460949678577663
2019-05-18 18:45:00,0.13594563750615407
2019-05-18 18:48:00,0.06400805787188801
2019-05-18 18:51:00,0.08760639315465824
2019-05-18 18:54:00,0.03626321396473031
2019-05-18 18:57:00,
2019-05-18 19:00:00,
2019-05-18 19:03:00,0.04448849548060707
2019-05-18 19:06:00,0.04188744113378107
2019-05-18 19:09:00,0.03869467999641074
2019-05-18 19:12:00,0.06822062554465447
2019-05-18 19:15:00,0.09704383540275785
2019-05-18 19:18:00,0.10358815241329467
2019-05-18 19:21:00,0.0173124491678891
2019-05-18 19:24:00,0.12264714543454147
2019-05-18 19:27:00,0.09771961882853475
2019-05-18 19:30:00,0.000645747868475155
2019-05-18 19:33:00,0.026236715376739994
2019-05-18 19:36:00,0.04136337246865196
2019-05-18 19:39:00,0.11984248144864296
2019-05-18 19:42:00,0.10341628699950434
2019-05-18 19:45:00,0.0752264578262043
2019-05-18 19:48:00,0.0934464775689321
2019-05-18 19:51:00,0.07728495370076871
2019-05-18 19:54:00,0.07618731729235151
2019-05-18 19:57:00,0.11715584414383784
2019-05-18 20:00:00,0.1430696617132412
2019-05-18 20:03:00,0.11122680106996086
2019-05-18 20:06:00,0.13576191472748178
2019-05-18 20:09:00,0.049481619272796706
2019-05-18 20:12:00,0.09236344373755401
2019-05-18 20:15:00,0.09525560278098055
2019-05-18 20:18:00,0.09450768149457645
2019-05-18 20:21:00,0.021121346847166933
2019-05-18 20:24:00,0.04819853409469488
2019-05-18 20:27:00,0.06404184534380875
2019-05-18 20:30:00,0.06426430991916732
2019-05-18 20:33:00,0.05821483194387156
2019-05-18 20:36:00,0.11000995521084178
2019-05-18 20:39:00,0.08908885831186808
2019-05-18 20:42:00,0.06449731311198548
2019-05-18 20:45:00,0.034566703358393625
2019-05-18 20:48:00,0.15372353920497517
2019-05-18 20:51:00,0.040173202567643784
2019-05-18 20:54:00,0.08821521048736258
2019-05-18 20:57:00,0.14947278131472785
2019-05-18 21:00:00,0.1185129363757369
2019-05-18 21:03:00,0.039907830000458944
2019-05-18 21:06:00,0.1248270509912004
2019-05-18 21:09:00,0.15700918560241917
2019-05-18 21:12:00,0.13338113559035492
2019-05-18 21:15:00,0.20384629008123056
2019-05-18 21:18:00,0.15991701293853566
2019-05-18 21:21:00,0.08947476245685948
2019-05-18 21:24:00,0.0573097346775171
2019-05-18 21:27:00,0.13430144728721416
2019-05-18 21:30:00,0.12621651429083158
2019-05-18 21:33:00,0.06043255336442144
2019-05-18 21:36:00,0.17123376432641635
2019-05-18 21:39:00,0.15395355293122748
2019-05-18 21:42:00,0.10723203589043351
2019-05-18 21:45:00,0.09079276179772933
2019-05-18 21:48:00,0.05513194064110394
2019-05-18 21:51:00,0.11113364065624864
2019-05-18 21:54:00,0.0765342299238796
2019-05-18 21:57:00,0.07419489258506928
2019-05-18 22:00:00,0.18971793438271334
2019-05-18 22:03:00,0.09751274181564895
2019-05-18 22:06:00,0.15379938542287164
2019-05-18 22:09:00,0.20531545992889733
2019-05-18 22:12:00,0.1957858773852763
2019-05-18 22:15:00,0.3104386253604048
2019-05-18 22:18:00,0.13126560080900163
2019-05-18 22:21:00,0.21230206989054068
2019-05-18 22:24:00,0.27050455293709774
2019-05-18 22:27:00,0.2640255537111216
2019-05-18 22:30:00,0.29630061225060444
2019-05-18 22:33:00,0.4090848797574722
2019-05-18 22:36:00,0.28308331115886176
2019-05-18 22:39:00,0.28953485547776836
2019-05-18 22:42:00,0.28371285423531845
2019-05-18 22:45:00,0.2772577225555892
2019-05-18 22:48:00,0.24746271009297516
2019-05-18 22:51:00,0.2895489004599199
2019-05-18 22:54:00,0.25849949274333994
2019-05-18 22:57:00,0.2049894641502874
2019-05-18 23:00:00,0.22869343137125497
2019-05-18 23:03:00,0.2609565248864101
2019-05-18 23:06:00,0.25006219061043566
2019-05-18 23:09:00,0.26514036798920415
2019-05-18 23:12:00,0.14922417101382734
2019-05-18 23:15:00,0.23905429446415383
2019-05-18 23:18:00,0.11395033807616528
2019-05-18 23:21:00,0.1418032392589339
2019-05-18 23:24:00,0.17871251858889536
2019-05-18 23:27:00,0.07797589442486696
2019-05-18 23:30:00,0.1541148715834879
2019-05-18 23:33:00,0.17641717214155506
2019-05-18 23:36:00,0.09350600296608036
2019-05-18 23:39:00,0.1810061071582254
2019-05-18 23:42:00,0.07408178410156552
2019-05-18 23:45:00,0.09646578453669008
2019-05-18 23:48:00,0.04513805440444685
2019-05-18 23:51:00,0.18149508193675956
2019-05-18 23:54:00,0.24043742084614905
2019-05-18 23:57:00,0.22570780145321123
2019-05-19 00:00:00,0.22087523783602592
2019-05-19 00:03:00,0.2603728455114265
2019-05-19 00:06:00,0.21452520704235667
2019-05-19 00:09:00,0.1499987442646784
2019-05-19 00:12:00,0.09500393973769405
2019-05-19 00:15:00,0.24462814295708313
2019-05-19 00:18:00,0.3147708220894856
2019-05-19 00:21:00,0.3968274210352547
2019-05-19 00:24:00,0.4732630709273167
2019-05-19 00:27:00,0.3822785248042351
2019-05-19 00:30:00,0.28041832999417693
2019-05-19 00:33:00,0.2809711695375654
2019-05-19 00:36:00,0.26398919049785263
2019-05-19 00:39:00,0.19376352287343934
2019-05-19 00:42:00,0.27558662062250505
2019-05-19 00:45:00,0.3505222243375101
2019-05-19 00:48:00,0.3209616897206047
2019-05-19 00:51:00,0.3324784389741353
2019-05-19 00:54:00,0.347156813738593
2019-05-19 00:57:00,0.3077503425516852
2019-05-19 01:00:00,0.3104446893878503
2019-05-19 01:03:00,0.23636420636779576
2019-05-19 01:06:00,0.2759131039672411
2019-05-19 01:09:00,0.2539671413205724
2019-05-19 01:12:00,0.28732542877889955
2019-05-19 01:15:00,0.3226527601599969
2019-05-19 01:18:00,0.3026111918260881
2019-05-19 01:21:00,0.19303967021147628
2019-05-19 01:24:00,0.2112294230275893
2019-05-19 01:27:00,0.31212847034157676
2019-05-19 01:30:00,0.22895528459781644
2019-05-19 01:33:00,0.27728836898239706
2019-05-19 01:36:00,0.31068162446666747
2019-05-19 01:39:00,0.36576587276999817
2019-05-19 01:42:00,0.2983705903478153
2019-05-19 01:45:00,0.23901457261536052
2019-05-19 01:48:00,0.23960389119207548
2019-05-19 01:51:00,0.26421299156032774
2019-05-19 01:54:00,0.2637094007461087
2019-05-19 01:57:00,0.3008401071442677
2019-05-19 02:00:00,0.3049578326695723
2019-05-19 02:03:00,0.2595556664169294
2019-05-19 02:06:00,0.24223174983092122
2019-05-19 02:09:00,0.35874673227147014
2019-05-19 02:12:00,0.3441559985209892
2019-05-19 02:15:00,0.2870191666892765
2019-05-19 02:18:00,0.34506828513917753
2019-05-19 02:21:00,0.45449119498255186
2019-05-19 02:24:00,0.43209414972602644
2019-05-19 02:27:00,0.25819075906650824
2019-05-19 02:30:00,0.2980682613536487
2019-05-19 02:33:00,0.2294751663845318
2019-05-19 02:36:00,0.22712339913044843
2019-05-19 02:39:00,0.34702141782389617
2019-05-19 02:42:00,0.29818482617167774
2019-05-19 02:45:00,0.2946233310190678
2019-05-19 02:48:00,0.2236926790804432
2019-05-19 02:51:00,0.26719200269394605
2019-05-19 02:54:00,0.1966397360226324
2019-05-19 02:57:00,0.2271604235978657
2019-05-19 03:00:00,0.2659845663523015
2019-05-19 03:03:00,0.1829436038930794
2019-05-19 03:06:00,0.11819835139328916
2019-05-19 03:09:00,0.18659248499227488
2019-05-19 03:12:00,0.34510894068512243
2019-05-19 03:15:00,0.2833968823856594
2019-05-19 03:18:00,0.25691561164666155
2019-05-19 03:21:00,0.29059240966540756
2019-05-19 03:24:00,0.3534416048917137
2019-05-19 03:27:00,0.3278742446190108
2019-05-19 03:30:00,0.4644476659190673
2019-05-19 03:33:00,0.42636998477280486
2019-05-19 03:36:00,0.38735980974814765
2019-05-19 03:39:00,0.5148339045804846
2019-05-19 03:42:00,0.5884120365831222
2019-05-19 03:45:00,0.671657068516879
2019-05-19 03:48:00,0.5682617383467914
2019-05-19 03:51:00,0.5371438225623706
2019-05-19 03:54:00,0.5517276493514487
2019-05-19 03:57:00,0.6317356784823573
2019-05-19 04:00:00,0.5912485229338813
2019-05-19 04:03:00,0.539044399076829
2019-05-19 04:06:00,0.5288783644037949
2019-05-19 04:09:00,0.6994497132305924
2019-05-19 04:12:00,0.7230688334044544
2019-05-19 04:15:00,0.6533477429495633
2019-05-19 04:18:00,0.5471420756302905
2019-05-19 04:21:00,0.6014309501690605
2019-05-19 04:24:00,0.6565774086221836
2019-05-19 04:27:00,0.606208146155268
2019-05-19 04:30:00,0.5995934611993334
2019-05-19 04:33:00,0.5244545236317322
2019-05-19 04:36:00,0.4663723936066617
2019-05-19 04:39:00,0.4822611588991208
2019-05-19 04:42:00,0.4840782204146308
2019-05-19 04:45:00,0.4621942115686579
2019-05-19 04:48:00,0.5270973131650294
2019-05-19 04:51:00,0.4457323172302381
2019-05-19 04:54:00,0.6288183776246115
2019-05-19 04:57:00,0.5690437350377806
2019-05-19 05:00:00,0.5686633547792326
2019-05-19 05:03:00,0.5688730247812828
2019-05-19 05:06:00,0.5842741083203578
2019-05-19 05:09:00,0.5415404309375731
2019-05-19 05:12:00,0.5406913641950837
2019-05-19 05:15:00,0.4853564572891287
2019-05-19 05:18:00,0.39639834468641766
2019-05-19 05:21:00,0.4987548600984155
2019-05-19 05:24:00,0.4560697967995111
2019-05-19 05:27:00,0.491700143621415
2019-05-19 05:30:00,0.3812743769451572
2019-05-19 05:33:00,0.43540761288028307
2019-05-19 05:36:00,0.3884693620760231
2019-05-19 05:39:00,0.3396000706660516
2019-05-19 05:42:00,0.4090420057074198
2019-05-19 05:45:00,0.4189485897977079
2019-05-19 05:48:00,0.4763950146300431
2019-05-19 05:51:00,0.4351247304514345
2019-05-19 05:54:00,0.3693622619331336
2019-05-19 05:57:00,0.3605052333478511
2019-05-19 06:00:00,0.40796773565426747
2019-05-19 06:03:00,0.4337502616504594
2019-05-19 06:06:00,0.3348119251853632
2019-05-19 06:09:00,0.3117298961847723
2019-05-19 06:12:00,0.41025036400560566
2019-05-19 06:15:00,0.3625179129884941
2019-05-19 06:18:00,0.3537191103994246
2019-05-19 06:21:00,0.42112193170123646
2019-05-19 06:24:00,0.339620155719615
2019-05-19 06:27:00,0.3800241029120457
2019-05-19 06:30:00,0.3667032676698909
2019-05-19 06:33:00,0.4223578198723317
2019-05-19 06:36:00,0.3066343732179462
2019-05-19 06:39:00,0.3606505846306618
2019-05-19 06:42:00,0.28974192505518204
2019-05-19 06:45:00,0.28100278709263193
2019-05-19 06:48:00,0.2868386731490773
2019-05-19 06:51:00,0.41263034324219916
2019-05-19 06:54:00,0.3500889931515303
2019-05-19 06:57:00,0.3311821730000588
2019-05-19 07:00:00,0.29181403505259595
2019-05-19 07:03:00,0.25311701488180915
2019-05-19 07:06:00,0.3065935541912381
2019-05-19 07:09:00,0.34457175337206536
2019-05-19 07:12:00,0.2714242665071538
2019-05-19 07:15:00,0.2818896427339155
2019-05-19 07:18:00,0.45766718614748925
2019-05-19 07:21:00,0.3855084572943497
2019-05-19 07:24:00,0.24460213235676065
2019-05-19 07:27:00,0.2165307701447432
2019-05-19 07:30:00,0.3118673733856099
2019-05-19 07:33:00,0.27867728889839327
2019-05-19 07:36:00,0.3568349333401102
2019-05-19 07:39:00,0.3387931921692484
2019-05-19 07:42:00,0.2739924883787239
2019-05-19 07:45:00,0.29431738205914826
2019-05-19 07:48:00,0.3549993345031339
2019-05-19 07:51:00,0.23150865249670005
2019-05-19 07:54:00,0.25954796928141377
2019-05-19 07:57:00,0.36961872151050557
2019-05-19 08:00:00,0.35058574651031904
2019-05-19 08:03:00,0.31030440565325534
2019-05-19 08:06:00,0.27229683793450477
2019-05-19 08:09:00,0.3080734875601365
2019-05-19 08:12:00,0.23681577032488121
2019-05-19 08:15:00,0.34954419300157724
2019-05-19 08:18:00,0.3416662033079092
2019-05-19 08:21:00,0.24614331817292623
2019-05-19 08:24:00,0.3070240415069634
2019-05-19 08:27:00,0.4174055304476383
2019-05-19 08:30:00,0.2797181510230189
2019-05-19 08:33:00,0.43292018277577426
2019-05-19 08:36:00,0.3692217818347103
2019-05-19 08:39:00,0.3602219808200857
2019-05-19 08:42:00,0.2516577341508537
2019-05-19 08:45:00,0.20926750218967527
2019-05-19 08:48:00,0.2263355458683236
2019-05-19 08:51:00,0.2103558323552761
2019-05-19 08:54:00,0.18022494939668832
2019-05-19 08:57:00,0.2257690748097616
2019-05-19 09:00:00,0.18377537651065268
2019-05-19 09:03:00,0.2279440286092722
2019-05-19 09:06:00,0.1751812148519889
2019-05-19 09:09:00,0.09644513155313916
2019-05-19 09:12:00,0.06378783901112683
2019-05-19 09:15:00,0.09181101369608768
2019-05-19 09:18:00,0.06453014668670676
2019-05-19 09:21:00,0.15823727462066017
2019-05-19 09:24:00,0.2221587185577505
2019-05-19 09:27:00,0.09046498143226245
2019-05-19 09:30:00,0.12389063241840859
2019-05-19 09:33:00,0.1466443912190698
2019-05-19 09:36:00,0.11037506893922
2019-05-19 09:39:00,0.14519806892155884
2019-05-19 09:42:00,0.09356912109791438
2019-05-19 09:45:00,0.08280560609023269
2019-05-19 09:48:00,0.07254890277522463
2019-05-19 09:51:00,0.08369640249799204
2019-05-19 09:54:00,-0.007559152906765121
2019-05-19 09:57:00,0.014114583837681494
2019-05-19 10:00:00,0.012890282258410934
2019-05-19 10:03:00,0.08612128371817107
2019-05-19 10:06:00,0.023652226076762872
2019-05-19 10:09:00,-0.07962597124020476
2019-05-19 10:12:00,-0.020370374503897892
2019-05-19 10:15:00,0.03263190821405715
2019-05-19 10:18:00,-0.07876799322258421
2019-05-19 10:21:00,-0.08514180535706828
2019-05-19 10:24:00,-0.008795529585199802
2019-05-19 10:27:00,-0.08221090398171782
2019-05-19 10:30:00,0.05415194585134486
2019-05-19 10:33:00,-0.036348404298735204
2019-05-19 10:36:00,0.028018852919103665
2019-05-19 10:39:00,-0.0393032454094282
2019-05-19 10:42:00,-0.12115971126922886
2019-05-19 10:45:00,-0.09654772976188042
2019-05-19 10:48:00,-0.19326095107015817
2019-05-19 10:51:00,-0.12994695143891022
2019-05-19 10:54:00,-0.07707089598744687
2019-05-19 10:57:00,-0.18265569266537796
2019-05-19 11:00:00,-0.020985908206284876
2019-05-19 11:03:00,-0.09247417660174051
2019-05-19 11:06:00,-0.04640485977506614
2019-05-19 11:09:00,-0.04384832093336399
2019-05-19 11:12:00,-0.1031513239212245
2019-05-19 11:15:00,-0.23066035842293786
2019-05-19 11:18:00,-0.2576721149199557
2019-05-19 11:21:00,-0.27062250265737475
2019-05-19 11:24:00,-0.21592942012466665
2019-05-19 11:27:00,-0.10105374434544956
2019-05-19 11:30:00,-0.1496755639333287
2019-05-19 11:33:00,-0.27880387622343505
2019-05-19 11:36:00,-0.19636990472355365
2019-05-19 11:39:00,-0.05768778364620175
2019-05-19 11:42:00,-0.029269404587182635
2019-05-19 11:45:00,-0.055399675619469235
2019-05-19 11:48:00,-0.06982197821747604
2019-05-19 11:51:00,-0.14069365805983125
2019-05-19 11:54:00,-0.16651238400379498
2019-05-19 11:57:00,-0.1315519650937631
2019-05-19 12:00:00,-0.09169900901486017
2019-05-19 12:03:00,-0.14032226133736003
2019-05-19 12:06:00,-0.07475394108939781
2019-05-19 12:09:00,-0.16536988029338318
2019-05-19 12:12:00,-0.13437733813520936
2019-05-19 12:15:00,-0.27468711850843874
2019-05-19 12:18:00,-0.29738089735997164
2019-05-19 12:21:00,-0.21580363164667915
2019-05-19 12:24:00,-0.3226298663639682
2019-05-19 12:27:00,-0.302768392258713
2019-05-19 12:30:00,-0.24301661887159298
2019-05-19 12:33:00,-0.23160660547750922
2019-05-19 12:36:00,-0.1788592280029775
2019-05-19 12:39:00,-0.11474601002714735
2019-05-19 12:42:00,-0.14055589229468524
2019-05-19 12:45:00,-0.21072818243601432
2019-05-19 12:48:00,-0.17713201393848976
2019-05-19 12:51:00,-0.20007559456973922
2019-05-19 12:54:00,-0.08578230076261661
2019-05-19 12:57:00,-0.07633080303162387
2019-05-19 13:00:00,-0.10140228944982255
2019-05-19 13:03:00,-0.07129200687143111
2019-05-19 13:06:00,0.06438336938327893
2019-05-19 13:09:00,0.012022055420686684
2019-05-19 13:12:00,0.06439433127104621
2019-05-19 13:15:00,0.1472561121266267
2019-05-19 13:18:00,0.08554250957621434
2019-05-19 13:21:00,0.0281418126625681
2019-05-19 13:24:00,0.13197598058303583
2019-05-19 13:27:00,0.09116953306926234
2019-05-19 13:30:00,-0.02003944972938143
2019-05-19 13:33:00,0.01170780964844198
2019-05-19 13:36:00,0.04138589001206583
2019-05-19 13:39:00,-0.023212507848768382
2019-05-19 13:42:00,0.13820267851446033
2019-05-19 13:45:00,0.04957968492300324
2019-05-19 13:48:00,0.062264709662997575
2019-05-19 13:51:00,-0.008852480964492315
2019-05-19 13:54:00,0.20350567635040306
2019-05-19 13:57:00,0.09318410746226391
2019-05-19 14:00:00,0.12736639349662937
2019-05-19 14:03:00,0.0622441921818222
2019-05-19 14:06:00,0.1581385421501409
2019-05-19 14:09:00,0.20118334529911408
2019-05-19 14:12:00,0.1856849608872153
2019-05-19 14:15:00,0.11456149293138651
2019-05-19 14:18:00,0.19342739381829688
2019-05-19 14:21:00,0.18641312170666424
2019-05-19 14:24:00,0.18793099687906079
2019-05-19 14:27:00,0.29638680720609045
2019-05-19 14:30:00,0.24564761996384732
2019-05-19 14:33:00,0.20301950904217847
2019-05-19 14:36:00,0.1262433289801379
2019-05-19 14:39:00,0.2098127611307632
2019-05-19 14:42:00,0.1707076192525392
2019-05-19 14:45:00,0.055546018192274005
2019-05-19 14:48:00,0.10566837267742812
2019-05-19 14:51:00,0.09704998269432963
2019-05-19 14:54:00,0.07025218489957297
2019-05-19 14:57:00,0.12939542580255647
2019-05-19 15:00:00,0.23631892243139418
2019-05-19 15:03:00,0.34443669262799403
2019-05-19 15:06:00,0.5219453445199065
2019-05-19 15:09:00,0.4953706215696343
2019-05-19 15:12:00,0.4769090004314762
2019-05-19 15:15:00,0.480065384708098
2019-05-19 15:18:00,0.4721763403301793
2019-05-19 15:21:00,0.45445156820119337
2019-05-19 15:24:00,0.47681213035576775
2019-05-19 15:27:00,0.48676694883874916
2019-05-19 15:30:00,0.4497745269160305
2019-05-19 15:33:00,0.33062789892289857
2019-05-19 15:36:00,0.36735268024290235
2019-05-19 15:39:00,0.4842738821761259
2019-05-19 15:42:00,0.3005096567110286
2019-05-19 15:45:00,0.28853986438150514
2019-05-19 15:48:00,0.2628815987114308
2019-05-19 15:51:00,0.11133401500927675
2019-05-19 15:54:00,0.11753496268363506
2019-05-19 15:57:00,0.058372934230817464
2019-05-19 16:00:00,0.10538229444182434
2019-05-19 16:03:00,0.06688714067291812
2019-05-19 16:06:00,0.052045915597773273
2019-05-19 16:09:00,0.04065677372580012
2019-05-19 16:12:00,-0.07772239180161478
2019-05-19 16:15:00,0.1493648483327661
2019-05-19 16:18:00,0.11500183449317092
2019-05-19 16:21:00,0.055858723724270476
2019-05-19 16:24:00,0.07681540343662618
2019-05-19 16:27:00,0.1628398898868113
2019-05-19 16:30:00,0.2578662303538408
2019-05-19 16:33:00,0.268428557730374
2019-05-19 16:36:00,0.2377535834289688
2019-05-19 16:39:00,0.30249877881220755
2019-05-19 16:42:00,0.3180945719095689
2019-05-19 16:45:00,0.2360929074161504
2019-05-19 16:48:00,0.34750441648066044
2019-05-19 16:51:00,0.2727361633278633
2019-05-19 16:54:00,0.23900207305996446
2019-05-19 16:57:00,0.24143758719924335
2019-05-19 17:00:00,0.27820836538109006
2019-05-19 17:03:00,0.240859610746611
2019-05-19 17:06:00,0.28992188694149945
2019-05-19 17:09:00,0.28710956819759303
2019-05-19 17:12:00,0.21991828383164602
2019-05-19 17:15:00,0.3262382587435013
2019-05-19 17:18:00,0.29426644067933694
2019-05-19 17:21:00,0.31447702051679016
2019-05-19 17:24:00,0.28704101140152716
2019-05-19 17:27:00,0.31291900520494664
2019-05-19 17:30:00,0.4176660157378933
2019-05-19 17:33:00,0.46738702516461217
2019-05-19 17:36:00,0.4031469698409751
2019-05-19 17:39:00,0.457538289603292
2019-05-19 17:42:00,0.5356014372080722
2019-05-19 17:45:00,0.5283450381608077
2019-05-19 17:48:00,0.4579252370598397
2019-05-19 17:51:00,0.4520871154678048
2019-05-19 17:54:00,0.4690037988293625
2019-05-19 17:57:00,0.5643060662998209
2019-05-19 18:00:00,0.5134170425521347
2019-05-19 18:03:00,0.5623616755164562
2019-05-19 18:06:00,0.5982887114651589
2019-05-19 18:09:00,0.6412758230317763
2019-05-19 18:12:00,0.6746482967827774
2019-05-19 18:15:00,0.5880442863671078
2019-05-19 18:18:00,0.5498580908526378
2019-05-19 18:21:00,0.611078162659112
2019-05-19 18:24:00,0.6865096354621869
2019-05-19 18:27:00,0.6815913216642571
2019-05-19 18:30:00,0.7068586647040433
2019-05-19 18:33:00,0.6538925133764337
2019-05-19 18:36:00,0.6042066613799761
2019-05-19 18:39:00,0.6328001124609273
2019-05-19 18:42:00,0.5840710340722808
2019-05-19 18:45:00,0.6067140311558887
2019-05-19 18:48:00,0.594502559330806
2019-05-19 18:51:00,0.40015168125927403
2019-05-19 18:54:00,
2019-05-19 18:57:00,
2019-05-19 19:00:00,
2019-05-19 19:03:00,0.4931022548287274
2019-05-19 19:06:00,0.5450309500104709
2019-05-19 19:09:00,0.5467638837982918
2019-05-19 19:12:00,0.5614321856263587
2019-05-19 19:15:00,0.6433583533113847
2019-05-19 19:18:00,0.6693795011690327
2019-05-19 19:21:00,0.5527196957331739
2019-05-19 19:24:00,0.5861673666622664
2019-05-19 19:27:00,0.5412851123177234
2019-05-19 19:30:00,0.45184151691847774
2019-05-19 19:33:00,0.4933220496250783
2019-05-19 19:36:00,0.3735050942797784
2019-05-19 19:39:00,0.3937988867087938
2019-05-19 19:42:00,0.394336695364359
2019-05-19 19:45:00,0.3440575779326309
2019-05-19 19:48:00,0.30367890366409256
2019-05-19 19:51:00,0.3064412457134722
2019-05-19 19:54:00,0.26554822692833113
2019-05-19 19:57:00,0.3604978882366936
2019-05-19 20:00:00,0.32951370116080625
2019-05-19 20:03:00,0.2810608904805463
2019-05-19 20:06:00,0.39965799855826845
2019-05-19 20:09:00,0.2678969046631323
2019-05-19 20:12:00,0.2615368709429049
2019-05-19 20:15:00,0.23744307762103745
2019-05-19 20:18:00,0.2592164017892742
2019-05-19 20:21:00,0.28360489568672165
2019-05-19 20:24:00,0.3258638654592687
2019-05-19 20:27:00,0.27023555086327633
2019-05-19 20:30:00,0.31887633641218827
2019-05-19 20:33:00,0.3065614904191989
2019-05-19 20:36:00,0.2606628562822948
2019-05-19 20:39:00,0.2810307081766723
2019-05-19 20:42:00,0.33443195680996496
2019-05-19 20:45:00,0.3166769560649527
2019-05-19 20:48:00,0.34392126179642446
2019-05-19 20:51:00,0.3870385643299983
2019-05-19 20:54:00,0.3548644705431343
2019-05-19 20:57:00,0.331031752350043
2019-05-19 21:00:00,0.36208571863335237
2019-05-19 21:03:00,0.3050394744249161
2019-05-19 21:06:00,0.33540896623662775
2019-05-19 21:09:00,0.43217554795495516
2019-05-19 21:12:00,0.35168401520292036
2019-05-19 21:15:00,0.38561746960562004
2019-05-19 21:18:00,0.4152215283209557
2019-05-19 21:21:00,0.5148070473101711
2019-05-19 21:24:00,0.48055469210618185
2019-05-19 21:27:00,0.42565331296293607
2019-05-19 21:30:00,0.31779171940183915
2019-05-19 21:33:00,0.42305977410626383
2019-05-19 21:36:00,0.43717922588405145
2019-05-19 21:39:00,0.4094049575082863
2019-05-19 21:42:00,0.37451462735327823
2019-05-19 21:45:00,0.3259008440971911
2019-05-19 21:48:00,0.3286435679818851
2019-05-19 21:51:00,0.3716498769633745
2019-05-19 21:54:00,0.399922087919947
2019-05-19 21:57:00,0.4064265515112311
2019-05-19 22:00:00,0.47213453330539323
2019-05-19 22:03:00,0.4823235064610003
2019-05-19 22:06:00,0.5742307034649343
2019-05-19 22:09:00,0.5252320212943573
2019-05-19 22:12:00,0.5341774044188696
2019-05-19 22:15:00,0.5267033159424841
2019-05-19 22:18:00,0.5097994618795951
2019-05-19 22:21:00,0.5165993030614118
2019-05-19 22:24:00,0.5297059389741321
2019-05-19 22:27:00,0.5934155087719546
2019-05-19 22:30:00,0.6466850627981557
2019-05-19 22:33:00,0.6342639630229314
2019-05-19 22:36:00,0.6466616010312123
2019-05-19 22:39:00,0.5812161227699448
2019-05-19 22:42:00,0.5753720646122247
2019-05-19 22:45:00,0.5329473436778471
2019-05-19 22:48:00,0.4148500872441332
2019-05-19 22:51:00,0.4078098663073888
2019-05-19 22:54:00,0.4708153723209989
2019-05-19 22:57:00,0.394412260319541
2019-05-19 23:00:00,0.3273950922672384
2019-05-19 23:03:00,0.38456450302453504
2019-05-19 23:06:00,0.3396700659673684
2019-05-19 23:09:00,0.3623053099720437
2019-05-19 23:12:00,0.41946850005871283
2019-05-19 23:15:00,0.3831682394203426
2019-05-19 23:18:00,0.3047330069698546
2019-05-19 23:21:00,0.4218419601644996
2019-05-19 23:24:00,0.4705037294608019
2019-05-19 23:27:00,0.46770568079205077
2019-05-19 23:30:00,0.39481850343457836
2019-05-19 23:33:00,0.3468480579962261
2019-05-19 23:36:00,0.3267599167855906
2019-05-19 23:39:00,0.33229833870365155
2019-05-19 23:42:00,0.38639555373606527
2019-05-19 23:45:00,0.3483647626072752
2019-05-19 23:48:00,0.2681911863752475
2019-05-19 23:51:00,0.3167359432999888
2019-05-19 23:54:00,0.30862285711077675
2019-05-19 23:57:00,0.37314456350952696
2019-05-20 00:00:00,0.3815151124711065
2019-05-20 00:03:00,0.35298913399174126
2019-05-20 00:06:00,0.3479199116768541
2019-05-20 00:09:00,0.34018329984792217
2019-05-20 00:12:00,0.317241792462994
2019-05-20 00:15:00,0.3467305875850002
2019-05-20 00:18:00,0.15892618994780605
2019-05-20 00:21:00,0.3937088135871818
2019-05-20 00:24:00,0.36954664822593486
2019-05-20 00:27:00,0.3782894128651719
2019-05-20 00:30:00,0.40429012398197983
2019-05-20 00:33:00,0.43731499560129805
2019-05-20 00:36:00,0.3472353321018886
2019-05-20 00:39:00,0.2878820939373554
2019-05-20 00:42:00,0.3518158356937988
2019-05-20 00:45:00,0.326065442793265
2019-05-20 00:48:00,0.3212354020573116
2019-05-20 00:51:00,0.40045068416509366
2019-05-20 00:54:00,0.4080675856180278
2019-05-20 00:57:00,0.4491134138143593
2019-05-20 01:00:00,0.3657406197419846
2019-05-20 01:03:00,0.25328672620429415
2019-05-20 01:06:00,0.3450753884107485
2019-05-20 01:09:00,0.3556603526608342
2019-05-20 01:12:00,0.4200561474369806
2019-05-20 01:15:00,0.35131627362727613
2019-05-20 01:18:00,0.32433159158551916
2019-05-20 01:21:00,0.3737910299844316
2019-05-20 01:24:00,0.383206685067762
2019-05-20 01:27:00,0.41941895469710744
2019-05-20 01:30:00,0.38412243082552777
2019-05-20 01:33:00,0.38131773258419344
2019-05-20 01:36:00,0.3784081384208662
2019-05-20 01:39:00,0.33472004633421193
2019-05-20 01:42:00,0.262358854825834
2019-05-20 01:45:00,0.3695715157084578
2019-05-20 01:48:00,0.3400132070440236
2019-05-20 01:51:00,0.2639958543168177
2019-05-20 01:54:00,0.404717532072425
2019-05-20 01:57:00,0.38495128767544884
2019-05-20 02:00:00,0.3543668918899243
2019-05-20 02:03:00,0.33664823959139767
2019-05-20 02:06:00,0.37285192038325476
2019-05-20 02:09:00,0.4401140918559463
2019-05-20 02:12:00,0.4009524736600838
2019-05-20 02:15:00,0.3567881398530517
2019-05-20 02:18:00,0.3372201152536718
2019-05-20 02:21:00,0.35676105020587556
2019-05-20 02:24:00,0.37551292374229206
2019-05-20 02:27:00,0.3974093868017121
2019-05-20 02:30:00,0.30880397842105367
2019-05-20 02:33:00,0.36516496044663427
2019-05-20 02:36:00,0.3550558445122647
2019-05-20 02:39:00,0.3071053591456234
2019-05-20 02:42:00,0.33184427061968336
2019-05-20 02:45:00,0.3113431191142695
2019-05-20 02:48:00,0.3050593167013176
2019-05-20 02:51:00,0.3059258455407985
2019-05-20 02:54:00,0.39728523492237855
2019-05-20 02:57:00,0.40612004690211734
2019-05-20 03:00:00,0.3384710280491845
2019-05-20 03:03:00,0.3315118658114784
2019-05-20 03:06:00,0.3483966130389149
2019-05-20 03:09:00,0.3396978418495564
2019-05-20 03:12:00,0.3484643399820584
2019-05-20 03:15:00,0.3458251157585437
2019-05-20 03:18:00,0.31006904929722623
2019-05-20 03:21:00,0.3756321825778741
2019-05-20 03:24:00,0.3087497252667504
2019-05-20 03:27:00,0.3700739267825952
2019-05-20 03:30:00,0.2993952739110455
2019-05-20 03:33:00,0.49339033953827993
2019-05-20 03:36:00,0.40253227963188465
2019-05-20 03:39:00,0.48480982662249517
2019-05-20 03:42:00,0.43245463706182363
2019-05-20 03:45:00,0.513801015865397
2019-05-20 03:48:00,0.4321070780564469
2019-05-20 03:51:00,0.32890160320943096
2019-05-20 03:54:00,0.31743785383889644
2019-05-20 03:57:00,0.3660097155420772
2019-05-20 04:00:00,0.38450649641640666
2019-05-20 04:03:00,0.3019017276762952
2019-05-20 04:06:00,0.28057164713510474
2019-05-20 04:09:00,0.40689377277755057
2019-05-20 04:12:00,0.42802725717308476
2019-05-20 04:15:00,0.3787611514534319
2019-05-20 04:18:00,0.41355278883628444
2019-05-20 04:21:00,0.30131819001263693
2019-05-20 04:24:00,0.43234660218973886
2019-05-20 04:27:00,0.3354724753010032
2019-05-20 04:30:00,0.35399419760938144
2019-05-20 04:33:00,0.3784429785980592
2019-05-20 04:36:00,0.4030603426842845
2019-05-20 04:39:00,0.3626903153036096
2019-05-20 04:42:00,0.4291137766106772
2019-05-20 04:45:00,0.46008849860515966
2019-05-20 04:48:00,0.41955643844602264
2019-05-20 04:51:00,0.3852169667275689
2019-05-20 04:54:00,0.30601214403668564
2019-05-20 04:57:00,0.34230370882465877
2019-05-20 05:00:00,0.3259959666912664
2019-05-20 05:03:00,0.34986769134042106
2019-05-20 05:06:00,0.3934708140529892
2019-05-20 05:09:00,0.4570012731009001
2019-05-20 05:12:00,0.36255982615546145
2019-05-20 05:15:00,0.4352009950478646
2019-05-20 05:18:00,0.42972284153677265
2019-05-20 05:21:00,0.38065058842602184
2019-05-20 05:24:00,0.4137333219572952
2019-05-20 05:27:00,0.34642396671955566
2019-05-20 05:30:00,0.35229434276760685
2019-05-20 05:33:00,0.402356584685549
2019-05-20 05:36:00,0.38504771140020466
2019-05-20 05:39:00,0.3152544592822437
2019-05-20 05:42:00,0.35717359048896924
2019-05-20 05:45:00,0.35274218026779636
2019-05-20 05:48:00,0.3496346454992363
2019-05-20 05:51:00,0.4288185293443689
2019-05-20 05:54:00,0.35502326658638594
2019-05-20 05:57:00,0.46385121994359224
2019-05-20 06:00:00,0.459904931546248
2019-05-20 06:03:00,0.32484158459669743
2019-05-20 06:06:00,0.440337106502966
2019-05-20 06:09:00,0.32169259815077567
2019-05-20 06:12:00,0.40186519611290805
2019-05-20 06:15:00,0.37721838513562034
2019-05-20 06:18:00,0.4867596441815749
2019-05-20 06:21:00,0.38699691867554975
2019-05-20 06:24:00,0.4086427209072099
2019-05-20 06:27:00,0.34504521233156993
2019-05-20 06:30:00,0.3887853114223958
2019-05-20 06:33:00,0.32128686999186584
2019-05-20 06:36:00,0.5355890585277052
2019-05-20 06:39:00,0.43903861515650533
2019-05-20 06:42:00,0.4022201136899639
2019-05-20 06:45:00,0.39711312049882963
2019-05-20 06:48:00,0.3669189331981215
2019-05-20 06:51:00,0.41825202549557616
2019-05-20 06:54:00,0.371643405719567
2019-05-20 06:57:00,0.4319315750320811
2019-05-20 07:00:00,0.49524895625296494
2019-05-20 07:03:00,0.3164585307226844
2019-05-20 07:06:00,0.3690058180999358
2019-05-20 07:09:00,0.4763553489390233
2019-05-20 07:12:00,0.3915757790179555
2019-05-20 07:15:00,0.3906895628652478
2019-05-20 07:18:00,0.40601327482096394
2019-05-20 07:21:00,0.371653473919082
2019-05-20 07:24:00,0.3813486656212035
2019-05-20 07:27:00,0.4411588251756484
2019-05-20 07:30:00,0.4033029671849704
2019-05-20 07:33:00,0.3614896671458041
2019-05-20 07:36:00,0.35512834265250603
2019-05-20 07:39:00,0.3743380920405457
2019-05-20 07:42:00,0.3533073677523362
2019-05-20 07:45:00,0.35588462594682824
2019-05-20 07:48:00,0.30722978500295994
2019-05-20 07:51:00,0.3824522664425558
2019-05-20 07:54:00,0.3010588866767989
2019-05-20 07:57:00,0.43266201863957576
2019-05-20 08:00:00,0.30156044900542156
2019-05-20 08:03:00,0.31708403969378196
2019-05-20 08:06:00,0.3940659034001328
2019-05-20 08:09:00,0.31104562334979846
2019-05-20 08:12:00,0.2986384850283912
2019-05-20 08:15:00,0.36448263157944893
2019-05-20 08:18:00,0.28216477296894027
2019-05-20 08:21:00,0.3003981224420613
2019-05-20 08:24:00,0.2994156854047674
2019-05-20 08:27:00,0.15601971566002248
2019-05-20 08:30:00,0.22394211232932548
2019-05-20 08:33:00,0.2827960404558212
2019-05-20 08:36:00,0.2544432291903149
2019-05-20 08:39:00,0.1301508228444277
2019-05-20 08:42:00,0.19873572824707253
2019-05-20 08:45:00,0.2024545377626623
2019-05-20 08:48:00,0.2258399979430692
2019-05-20 08:51:00,0.24103873808803655
2019-05-20 08:54:00,0.21039697151161363
2019-05-20 08:57:00,0.23607470155695864
2019-05-20 09:00:00,0.261526167207478
2019-05-20 09:03:00,0.24228637468070247
2019-05-20 09:06:00,0.22778785763398446
2019-05-20 09:09:00,0.23577719017157506
2019-05-20 09:12:00,0.11870245559543946
2019-05-20 09:15:00,0.16841692779610185
2019-05-20 09:18:00,0.20081864754376966
2019-05-20 09:21:00,0.22633157236396073
2019-05-20 09:24:00,0.17362762521486275
2019-05-20 09:27:00,0.03953946891169835
2019-05-20 09:30:00,0.06376701702100718
2019-05-20 09:33:00,0.044866376183790635
2019-05-20 09:36:00,-0.0014203124766822839
2019-05-20 09:39:00,0.02707792782712204
2019-05-20 09:42:00,0.10325028379452306
2019-05-20 09:45:00,0.08215493452826195
2019-05-20 09:48:00,0.07805287537257755
2019-05-20 09:51:00,0.17388502577233567
2019-05-20 09:54:00,0.05789953465114195
2019-05-20 09:57:00,0.09310773060786914
2019-05-20 10:00:00,0.051367786106709445
2019-05-20 10:03:00,0.10890285473539052
2019-05-20 10:06:00,-0.016291919646789665
2019-05-20 10:09:00,-0.13207328367235505
2019-05-20 10:12:00,-0.02204809643308181
2019-05-20 10:15:00,-0.06663604156500469
2019-05-20 10:18:00,-0.02752280015749875
2019-05-20 10:21:00,-0.09205852633425593
2019-05-20 10:24:00,-0.0016174624346945166
2019-05-20 10:27:00,-0.049196702915253354
2019-05-20 10:30:00,-0.21211915793196567
2019-05-20 10:33:00,-0.08482516178099786
2019-05-20 10:36:00,-0.12326327537550696
2019-05-20 10:39:00,-0.15620549682864748
2019-05-20 10:42:00,-0.14725418526398926
2019-05-20 10:45:00,-0.14631863035600645
2019-05-20 10:48:00,-0.2107332853406092
2019-05-20 10:51:00,-0.14355328555183178
2019-05-20 10:54:00,-0.23063223876181382
2019-05-20 10:57:00,-0.1875971898354578
2019-05-20 11:00:00,-0.16639511913621163
2019-05-20 11:03:00,-0.17111489042622452
2019-05-20 11:06:00,-0.2044557919485328
2019-05-20 11:09:00,-0.20040075091571907
2019-05-20 11:12:00,-0.2180456595692135
2019-05-20 11:15:00,-0.2687752863995456
2019-05-20 11:18:00,-0.164582820631324
2019-05-20 11:21:00,-0.2536008174580502
2019-05-20 11:24:00,-0.1912522417396758
2019-05-20 11:27:00,-0.1769948383076212
2019-05-20 11:30:00,-0.11761777132431916
2019-05-20 11:33:00,-0.20177129585687226
2019-05-20 11:36:00,-0.28590467367081374
2019-05-20 11:39:00,-0.2526816726118568
2019-05-20 11:42:00,-0.2390452140519983
2019-05-20 11:45:00,-0.34448900908358837
2019-05-20 11:48:00,-0.3386874379327196
2019-05-20 11:51:00,-0.27481868066820425
2019-05-20 11:54:00,-0.37544920644273816
2019-05-20 11:57:00,-0.2492159524427393
2019-05-20 12:00:00,-0.27862095201686543
2019-05-20 12:03:00,-0.34040151365161364
2019-05-20 12:06:00,-0.4732914374148436
2019-05-20 12:09:00,-0.34037281189301893
2019-05-20 12:12:00,-0.2955028402134303
2019-05-20 12:15:00,-0.43593726662481913
2019-05-20 12:18:00,-0.3837349970726791
2019-05-20 12:21:00,-0.42401442246278975
2019-05-20 12:24:00,-0.34016806634394925
2019-05-20 12:27:00,-0.3466235345359223
2019-05-20 12:30:00,-0.3106780980344297
2019-05-20 12:33:00,-0.20662047089194857
2019-05-20 12:36:00,-0.26746391302157235
2019-05-20 12:39:00,-0.40792300550884875
2019-05-20 12:42:00,-0.22140341976586342
2019-05-20 12:45:00,-0.21814125452976896
2019-05-20 12:48:00,-0.1261211691888775
2019-05-20 12:51:00,0.10328611807727839
2019-05-20 12:54:00,0.18546605677204298
2019-05-20 12:57:00,0.24721559483668898
2019-05-20 13:00:00,0.20220760002547422
2019-05-20 13:03:00,-0.08258167434701136
2019-05-20 13:06:00,0.0724677913530627
2019-05-20 13:09:00,0.20234353601159683
2019-05-20 13:12:00,0.08204535560429349
2019-05-20 13:15:00,-0.04268179629877977
2019-05-20 13:18:00,-0.11217366986886645
2019-05-20 13:21:00,-0.14752280784500726
2019-05-20 13:24:00,-0.14396163415494811
2019-05-20 13:27:00,-0.10531427946023086
2019-05-20 13:30:00,-0.23340217893371573
2019-05-20 13:33:00,-0.1498872119408361
2019-05-20 13:36:00,-0.0964905683030679
2019-05-20 13:39:00,-0.24319304798297026
2019-05-20 13:42:00,-0.27551603971687655
2019-05-20 13:45:00,-0.31424295582661443
2019-05-20 13:48:00,-0.2506125253835876
2019-05-20 13:51:00,-0.3922428648940013
2019-05-20 13:54:00,-0.4074178845530696
2019-05-20 13:57:00,-0.44065018084961594
2019-05-20 14:00:00,-0.6114130614799365
2019-05-20 14:03:00,-0.5302256004669061
2019-05-20 14:06:00,-0.47789451460238297
2019-05-20 14:09:00,-0.4865483573669849
2019-05-20 14:12:00,-0.5774656298601144
2019-05-20 14:15:00,-0.3057230457652622
2019-05-20 14:18:00,-0.12462836470058392
2019-05-20 14:21:00,-0.18737528925822744
2019-05-20 14:24:00,-0.16572436646077904
2019-05-20 14:27:00,-0.23211610027351526
2019-05-20 14:30:00,-0.20029308442894944
2019-05-20 14:33:00,-0.16339498901402294
2019-05-20 14:36:00,-0.16261660299693403
2019-05-20 14:39:00,-0.24395257343712728
2019-05-20 14:42:00,-0.21321261026838556
2019-05-20 14:45:00,0.028274787974510218
2019-05-20 14:48:00,-0.11326972547072955
2019-05-20 14:51:00,-0.15446052313802738
2019-05-20 14:54:00,-0.23084489456118717
2019-05-20 14:57:00,-0.19480731146524022
2019-05-20 15:00:00,-0.11249828919193305
2019-05-20 15:03:00,-0.2191098747758815
2019-05-20 15:06:00,-0.14765514382708034
2019-05-20 15:09:00,-0.23169396312414392
2019-05-20 15:12:00,-0.16347756137457736
2019-05-20 15:15:00,-0.12913168057110624
2019-05-20 15:18:00,-0.23547899471748224
2019-05-20 15:21:00,-0.06561706980244253
2019-05-20 15:24:00,-0.10235655515077724
2019-05-20 15:27:00,-0.0812485241517038
2019-05-20 15:30:00,-0.19284060501996692
2019-05-20 15:33:00,-0.15930936250776995
2019-05-20 15:36:00,-0.02387505279477864
2019-05-20 15:39:00,-0.05996957248999024
2019-05-20 15:42:00,-0.11653876389226525
2019-05-20 15:45:00,-0.01783067275795247
2019-05-20 15:48:00,-0.00623878413773582
2019-05-20 15:51:00,0.13737651504101223
2019-05-20 15:54:00,0.12236294936411696
2019-05-20 15:57:00,0.24087952556720893
2019-05-20 16:00:00,0.23563159508364606
2019-05-20 16:03:00,0.24125213193497075
2019-05-20 16:06:00,0.07041054533675606
2019-05-20 16:09:00,-0.05450370132018634
2019-05-20 16:12:00,-0.16296638522140938
2019-05-20 16:15:00,-0.1828624659211755
2019-05-20 16:18:00,-0.27940075081875193
2019-05-20 16:21:00,-0.1480214395679127
2019-05-20 16:24:00,-0.16279284218512657
2019-05-20 16:27:00,-0.19646597425958134
2019-05-20 16:30:00,-0.05979191855476529
2019-05-20 16:33:00,-0.10238421587251878
2019-05-20 16:36:00,-0.08555359742041446
2019-05-20 16:39:00,-0.03506316771955653
2019-05-20 16:42:00,0.009128925787308617
2019-05-20 16:45:00,0.10305199528744424
2019-05-20 16:48:00,0.06394873960658742
2019-05-20 16:51:00,0.16509209836840455
2019-05-20 16:54:00,0.039535600447891284
2019-05-20 16:57:00,0.04225292405277514
2019-05-20 17:00:00,0.04451344669132595
2019-05-20 17:03:00,0.12415209329407162
2019-05-20 17:06:00,0.045807285981368295
2019-05-20 17:09:00,-0.07108353267847178
2019-05-20 17:12:00,0.05054729672508529
2019-05-20 17:15:00,-0.0004883890445626093
2019-05-20 17:18:00,0.04987604843427107
2019-05-20 17:21:00,0.1747790047608646
2019-05-20 17:24:00,0.0485934773261647
2019-05-20 17:27:00,0.13772766577602624
2019-05-20 17:30:00,0.18035484880067543
2019-05-20 17:33:00,0.04141894885822239
2019-05-20 17:36:00,0.09223853363653234
2019-05-20 17:39:00,0.0850220203144545
2019-05-20 17:42:00,0.08106813542860891
2019-05-20 17:45:00,0.09730075479814104
2019-05-20 17:48:00,0.0833758344883222
2019-05-20 17:51:00,0.24771617892122322
2019-05-20 17:54:00,0.23905061753009704
2019-05-20 17:57:00,0.2603547171370906
2019-05-20 18:00:00,0.23204131483748824
2019-05-20 18:03:00,0.03999535494551765
2019-05-20 18:06:00,0.03230704365466863
2019-05-20 18:09:00,0.02452651382930071
2019-05-20 18:12:00,0.07223716815968828
2019-05-20 18:15:00,0.1542452288978211
2019-05-20 18:18:00,0.04128685983704372
2019-05-20 18:21:00,0.007997316689966283
2019-05-20 18:24:00,0.11686718880372382
2019-05-20 18:27:00,0.029592219351513904
2019-05-20 18:30:00,0.054502209468296314
2019-05-20 18:33:00,0.051974124885191486
2019-05-20 18:36:00,0.09617740340206637
2019-05-20 18:39:00,0.0689538218451844
2019-05-20 18:42:00,0.12151814095648206
2019-05-20 18:45:00,0.10823343934663399
2019-05-20 18:48:00,0.2521592201435965
2019-05-20 18:51:00,0.1563445877217191
2019-05-20 18:54:00,
2019-05-20 18:57:00,
2019-05-20 19:00:00,
2019-05-20 19:03:00,0.050375128580469664
2019-05-20 19:06:00,0.12642792203234876
2019-05-20 19:09:00,0.14699475661035422
2019-05-20 19:12:00,0.11143726004462451
2019-05-20 19:15:00,0.08227432053962502
2019-05-20 19:18:00,0.0871937885914349
2019-05-20 19:21:00,0.05579005205743215
2019-05-20 19:24:00,0.05289050019905517
2019-05-20 19:27:00,-0.0005459587718519288
2019-05-20 19:30:00,-0.0028210128886598795
2019-05-20 19:33:00,0.09536456021766071
2019-05-20 19:36:00,0.1528925564907695
2019-05-20 19:39:00,0.14611402269940754
2019-05-20 19:42:00,0.03684197911809406
2019-05-20 19:45:00,0.21108052356197504
2019-05-20 19:48:00,0.11560446651986922
2019-05-20 19:51:00,0.09825284873920737
2019-05-20 19:54:00,0.14370395722448848
2019-05-20 19:57:00,0.08146521645340954
2019-05-20 20:00:00,0.1395385940001006
2019-05-20 20:03:00,0.2555487066823616
2019-05-20 20:06:00,0.24979016437993096
2019-05-20 20:09:00,0.054404123774702384
2019-05-20 20:12:00,0.08920085989092286
2019-05-20 20:15:00,0.06174423819186359
2019-05-20 20:18:00,-0.028166188338104803
2019-05-20 20:21:00,0.014870013959466633
2019-05-20 20:24:00,0.044991918560185695
2019-05-20 20:27:00,0.12791075041093336
2019-05-20 20:30:00,-0.00797307883448184
2019-05-20 20:33:00,0.1374091049762569
2019-05-20 20:36:00,0.12367180812964307
2019-05-20 20:39:00,0.11732932828329012
2019-05-20 20:42:00,0.1917020724169447
2019-05-20 20:45:00,0.2557830361145079
2019-05-20 20:48:00,0.4157657737200111
2019-05-20 20:51:00,0.5633353288052376
2019-05-20 20:54:00,0.3727487726165464
2019-05-20 20:57:00,0.34953989566253085
2019-05-20 21:00:00,0.29689358316881
2019-05-20 21:03:00,0.12310935122542332
2019-05-20 21:06:00,0.14990209773060315
2019-05-20 21:09:00,0.06102307826517972
2019-05-20 21:12:00,0.24497246137360662
2019-05-20 21:15:00,0.3418708329028277
2019-05-20 21:18:00,0.5104843046450469
2019-05-20 21:21:00,0.4155712595965042
2019-05-20 21:24:00,0.43277620025367014
2019-05-20 21:27:00,0.29908546245178513
2019-05-20 21:30:00,0.3217050942433275
2019-05-20 21:33:00,0.35048230924343216
2019-05-20 21:36:00,0.2678063945303393
2019-05-20 21:39:00,0.3447128896170284
2019-05-20 21:42:00,0.4405787065020945
2019-05-20 21:45:00,0.39863957660560345
2019-05-20 21:48:00,0.4744311977859752
2019-05-20 21:51:00,0.4939356268747588
2019-05-20 21:54:00,0.6005899823930463
2019-05-20 21:57:00,0.6204345387290005
2019-05-20 22:00:00,0.6473386341697847
2019-05-20 22:03:00,0.5611776888578675
2019-05-20 22:06:00,0.5967418788674195
2019-05-20 22:09:00,0.5458220794745898
2019-05-20 22:12:00,0.5815996766102671
2019-05-20 22:15:00,0.4728273896114388
2019-05-20 22:18:00,0.5937276832209477
2019-05-20 22:21:00,0.5664020681509783
2019-05-20 22:24:00,0.5360509964343692
2019-05-20 22:27:00,0.5159018557995978
2019-05-20 22:30:00,0.5104577570255628
2019-05-20 22:33:00,0.4022079418103317
2019-05-20 22:36:00,0.3281166867982961
2019-05-20 22:39:00,0.14204484081352575
2019-05-20 22:42:00,0.2317251813607868
2019-05-20 22:45:00,0.27330234128157826
2019-05-20 22:48:00,0.29855605140841135
2019-05-20 22:51:00,0.3912595808639594
2019-05-20 22:54:00,0.5627600246555176
2019-05-20 22:57:00,0.513657577843901
2019-05-20 23:00:00,0.43744150162149253
2019-05-20 23:03:00,0.3750673532628639
2019-05-20 23:06:00,0.24132732100201792
2019-05-20 23:09:00,0.3229492932108542
2019-05-20 23:12:00,0.14447553238545652
2019-05-20 23:15:00,0.272289967616814
2019-05-20 23:18:00,0.12171248007388158
2019-05-20 23:21:00,0.18478697239891062
2019-05-20 23:24:00,0.14597915236987546
2019-05-20 23:27:00,0.10139942360603982
2019-05-20 23:30:00,0.23546666523833437
2019-05-20 23:33:00,0.17861118291261846
2019-05-20 23:36:00,0.19818882763905776
2019-05-20 23:39:00,0.3136063930468822
2019-05-20 23:42:00,0.14530808833734454
2019-05-20 23:45:00,0.27045510446572507
2019-05-20 23:48:00,0.40282791719329225
2019-05-20 23:51:00,0.3545286041178315
2019-05-20 23:54:00,0.35101856241999485
2019-05-20 23:57:00,0.3404733131499711
2019-05-21 00:00:00,0.286218896042044
2019-05-21 00:03:00,0.2998581653991437
2019-05-21 00:06:00,0.2345711707952205
2019-05-21 00:09:00,0.2711501789067938
2019-05-21 00:12:00,0.1437060133275736
2019-05-21 00:15:00,0.3092626877822795
2019-05-21 00:18:00,0.2565773707256085
2019-05-21 00:21:00,0.18068454128876965
2019-05-21 00:24:00,0.08762876794406793
2019-05-21 00:27:00,0.1936131442365081
2019-05-21 00:30:00,0.2785837343018329
2019-05-21 00:33:00,0.36835027378577934
2019-05-21 00:36:00,0.2098628068035282
2019-05-21 00:39:00,0.28831947901437616
2019-05-21 00:42:00,0.32624287679419695
2019-05-21 00:45:00,0.33786442746730927
2019-05-21 00:48:00,0.35982028009618716
2019-05-21 00:51:00,0.3114709360383472
2019-05-21 00:54:00,0.311758699674499
2019-05-21 00:57:00,0.3194558034340389
2019-05-21 01:00:00,0.3117536539045318
2019-05-21 01:03:00,0.26942035753353366
2019-05-21 01:06:00,0.2935406068369275
2019-05-21 01:09:00,0.30258306742086916
2019-05-21 01:12:00,0.37292957124810755
2019-05-21 01:15:00,0.36978010999894195
2019-05-21 01:18:00,0.28814545483447773
2019-05-21 01:21:00,0.2842368134947719
2019-05-21 01:24:00,0.27923931227513776
2019-05-21 01:27:00,0.28394348117711843
2019-05-21 01:30:00,0.35214321057287634
2019-05-21 01:33:00,0.2901845036018358
2019-05-21 01:36:00,0.34723297340514137
2019-05-21 01:39:00,0.2949846004985943
2019-05-21 01:42:00,0.2827432425245888
2019-05-21 01:45:00,0.2622031022274314
2019-05-21 01:48:00,0.2637836473973607
2019-05-21 01:51:00,0.25920772614989573
2019-05-21 01:54:00,0.2614677460904318
2019-05-21 01:57:00,0.3661994058296614
2019-05-21 02:00:00,0.37331823255937024
2019-05-21 02:03:00,0.30732961357193744
2019-05-21 02:06:00,0.42648340661543216
2019-05-21 02:09:00,0.38979226601037453
2019-05-21 02:12:00,0.474483571570147
2019-05-21 02:15:00,0.41881418657209224
2019-05-21 02:18:00,0.4202517977029743
2019-05-21 02:21:00,0.394368995663001
2019-05-21 02:24:00,0.3604484034411257
2019-05-21 02:27:00,0.36041309991082926
2019-05-21 02:30:00,0.35582983195303086
2019-05-21 02:33:00,0.33576521365040435
2019-05-21 02:36:00,0.33712375150679463
2019-05-21 02:39:00,0.48764132156117057
2019-05-21 02:42:00,0.38593630345758356
2019-05-21 02:45:00,0.36998448623927516
2019-05-21 02:48:00,0.42882255177232764
2019-05-21 02:51:00,0.30625503638555074
2019-05-21 02:54:00,0.3333972527004221
2019-05-21 02:57:00,0.4326686837817988
2019-05-21 03:00:00,0.377438960810764
2019-05-21 03:03:00,0.3704119352119619
2019-05-21 03:06:00,0.4339546815601807
2019-05-21 03:09:00,0.40374114566731123
2019-05-21 03:12:00,0.41672673535413196
2019-05-21 03:15:00,0.3058304607482114
2019-05-21 03:18:00,0.32051326741810726
2019-05-21 03:21:00,0.31621591379587244
2019-05-21 03:24:00,0.37939069994092733
2019-05-21 03:27:00,0.3983815809702378
2019-05-21 03:30:00,0.4331173076030268
2019-05-21 03:33:00,0.3351575954366126
2019-05-21 03:36:00,0.3838794444516793
2019-05-21 03:39:00,0.22334181706412437
2019-05-21 03:42:00,0.32252393467558704
2019-05-21 03:45:00,0.31398784233095967
2019-05-21 03:48:00,0.3531256213528877
2019-05-21 03:51:00,0.3749325622699189
2019-05-21 03:54:00,0.33242210803513217
2019-05-21 03:57:00,0.39769839160004494
2019-05-21 04:00:00,0.40028828771767166
2019-05-21 04:03:00,0.4313038193899388
2019-05-21 04:06:00,0.42053494224683163
2019-05-21 04:09:00,0.3817497156578611
2019-05-21 04:12:00,0.40512365221593427
2019-05-21 04:15:00,0.356864529575887
2019-05-21 04:18:00,0.2727665349108861
2019-05-21 04:21:00,0.3974569536951549
2019-05-21 04:24:00,0.39570675602647043
2019-05-21 04:27:00,0.4474769210394811
2019-05-21 04:30:00,0.2917157558093777
2019-05-21 04:33:00,0.446080029324321
2019-05-21 04:36:00,0.3285139277624012
2019-05-21 04:39:00,0.31713548998448005
2019-05-21 04:42:00,0.42101158085904444
2019-05-21 04:45:00,0.44448634991999825
2019-05-21 04:48:00,0.38924834072020076
2019-05-21 04:51:00,0.3643722403312495
2019-05-21 04:54:00,0.31733886137487843
2019-05-21 04:57:00,0.3470003744654946
2019-05-21 05:00:00,0.44002221744619874
2019-05-21 05:03:00,0.3519725872424715
2019-05-21 05:06:00,0.446957048499371
2019-05-21 05:09:00,0.38792074333150595
2019-05-21 05:12:00,0.42949737768827845
2019-05-21 05:15:00,0.4330841441447433
2019-05-21 05:18:00,0.44347541663017864
2019-05-21 05:21:00,0.36473020874939266
2019-05-21 05:24:00,0.3961115039160745
2019-05-21 05:27:00,0.4487337404030427
2019-05-21 05:30:00,0.34087035376387576
2019-05-21 05:33:00,0.480246584828933
2019-05-21 05:36:00,0.4620716721296958
2019-05-21 05:39:00,0.35114223259688515
2019-05-21 05:42:00,0.5428339127417985
2019-05-21 05:45:00,0.38278296324580197
2019-05-21 05:48:00,0.4694909397592255
2019-05-21 05:51:00,0.4254106730014655
2019-05-21 05:54:00,0.498434400623637
2019-05-21 05:57:00,0.3350564662246711
2019-05-21 06:00:00,0.45136474112138103
2019-05-21 06:03:00,0.45780470200958234
2019-05-21 06:06:00,0.4745564448268169
2019-05-21 06:09:00,0.4425138659872232
2019-05-21 06:12:00,0.44109318264150943
2019-05-21 06:15:00,0.31482874759473134
2019-05-21 06:18:00,0.4267133013544253
2019-05-21 06:21:00,0.4044605014276499
2019-05-21 06:24:00,0.41440982584055064
2019-05-21 06:27:00,0.4532457216375292
2019-05-21 06:30:00,0.49734188520596945
2019-05-21 06:33:00,0.4287746949205484
2019-05-21 06:36:00,0.6135778814192463
2019-05-21 06:39:00,0.4443322471753959
2019-05-21 06:42:00,0.4512148901767432
2019-05-21 06:45:00,0.47191702759931786
2019-05-21 06:48:00,0.49922881445473877
2019-05-21 06:51:00,0.40508716257579636
2019-05-21 06:54:00,0.468899841375503
2019-05-21 06:57:00,0.42093612973053496
2019-05-21 07:00:00,0.4835255616594054
2019-05-21 07:03:00,0.420951699913644
2019-05-21 07:06:00,0.367520081613975
2019-05-21 07:09:00,0.37269345332816783
2019-05-21 07:12:00,0.3729254466497878
2019-05-21 07:15:00,0.41102927888874774
2019-05-21 07:18:00,0.4197614421523781
2019-05-21 07:21:00,0.3636658598899771
2019-05-21 07:24:00,0.4869325761303003
2019-05-21 07:27:00,0.35249170011968545
2019-05-21 07:30:00,0.3437282301580922
2019-05-21 07:33:00,0.37785352838153585
2019-05-21 07:36:00,0.3577220865749382
2019-05-21 07:39:00,0.3287501117295619
2019-05-21 07:42:00,0.3694104666229805
2019-05-21 07:45:00,0.2483093958883842
2019-05-21 07:48:00,0.3769936842707011
2019-05-21 07:51:00,0.3418753361275435
2019-05-21 07:54:00,0.345926416820987
2019-05-21 07:57:00,0.2592508288676072
2019-05-21 08:00:00,0.30387604594119466
2019-05-21 08:03:00,0.25533720157687867
2019-05-21 08:06:00,0.27304081949966985
2019-05-21 08:09:00,0.35993784729470235
2019-05-21 08:12:00,0.2827448224349496
2019-05-21 08:15:00,0.39979001835394
2019-05-21 08:18:00,0.3394666025115498
2019-05-21 08:21:00,0.36402145173849476
2019-05-21 08:24:00,0.3614057051580062
2019-05-21 08:27:00,0.3134507534128943
2019-05-21 08:30:00,0.3242180599879134
2019-05-21 08:33:00,0.25109311301923753
2019-05-21 08:36:00,0.28460167415585147
2019-05-21 08:39:00,0.3141174107447
2019-05-21 08:42:00,0.2832227963899072
2019-05-21 08:45:00,0.25928490745502586
2019-05-21 08:48:00,0.2946843517270281
2019-05-21 08:51:00,0.23523777180588468
2019-05-21 08:54:00,0.2738581136267726
2019-05-21 08:57:00,0.3160503654008835
2019-05-21 09:00:00,0.28137667726406335
2019-05-21 09:03:00,0.2694181928496846
2019-05-21 09:06:00,0.27349770579809274
2019-05-21 09:09:00,0.3730918362022635
2019-05-21 09:12:00,0.21837060871507674
2019-05-21 09:15:00,0.28714553535928644
2019-05-21 09:18:00,0.31427946434286014
2019-05-21 09:21:00,0.31145152160348744
2019-05-21 09:24:00,0.36619315012177367
2019-05-21 09:27:00,0.15122888347190155
2019-05-21 09:30:00,0.12243676348566623
2019-05-21 09:33:00,0.22909823789348138
2019-05-21 09:36:00,0.21993135232128225
2019-05-21 09:39:00,0.25534776615381816
2019-05-21 09:42:00,0.1517981018661203
2019-05-21 09:45:00,0.21978762150945386
2019-05-21 09:48:00,0.18788893863177236
2019-05-21 09:51:00,0.14933310587883852
2019-05-21 09:54:00,0.11658775304260871
2019-05-21 09:57:00,0.14406201394308482
2019-05-21 10:00:00,0.07112520668664501
2019-05-21 10:03:00,0.14442933443604034
2019-05-21 10:06:00,0.0672438318163131
2019-05-21 10:09:00,0.10045878415394327
2019-05-21 10:12:00,0.08877088904347374
2019-05-21 10:15:00,0.14160979408796948
2019-05-21 10:18:00,0.13522733276960253
2019-05-21 10:21:00,-0.006026832867064513
2019-05-21 10:24:00,0.06983170407676198
2019-05-21 10:27:00,0.002726924435080491
2019-05-21 10:30:00,-0.007085139916455319
2019-05-21 10:33:00,0.02624734337547352
2019-05-21 10:36:00,-0.0938578786045241
2019-05-21 10:39:00,-0.01014703940529671
2019-05-21 10:42:00,0.013884739481454744
2019-05-21 10:45:00,0.0555734020407499
2019-05-21 10:48:00,-0.08247060836890796
2019-05-21 10:51:00,-0.029935423433471442
2019-05-21 10:54:00,-0.10085499748919347
2019-05-21 10:57:00,-0.09315638240485669
2019-05-21 11:00:00,-0.04287770255405121
2019-05-21 11:03:00,-0.07249545383285749
2019-05-21 11:06:00,-0.12486364727402588
2019-05-21 11:09:00,-0.16302388738125728
2019-05-21 11:12:00,-0.2037958065873795
2019-05-21 11:15:00,-0.17836443855338757
2019-05-21 11:18:00,-0.15779243247772
2019-05-21 11:21:00,-0.17393321916426885
2019-05-21 11:24:00,-0.14499810382164924
2019-05-21 11:27:00,-0.22218843023654244
2019-05-21 11:30:00,-0.08859628907140404
2019-05-21 11:33:00,-0.08026283801308409
2019-05-21 11:36:00,-0.19942250812385964
2019-05-21 11:39:00,-0.12759793019813515
2019-05-21 11:42:00,-0.09785353915839323
2019-05-21 11:45:00,-0.18193269341418272
2019-05-21 11:48:00,-0.1873692012611059
2019-05-21 11:51:00,-0.2586960786596251
2019-05-21 11:54:00,-0.1833587747701131
2019-05-21 11:57:00,-0.25211863281958813
2019-05-21 12:00:00,-0.21162889147740316
2019-05-21 12:03:00,-0.28389004051831535
2019-05-21 12:06:00,-0.22835429540515406
2019-05-21 12:09:00,-0.18747150906870047
2019-05-21 12:12:00,-0.13702163738093986
2019-05-21 12:15:00,-0.3108190061645928
2019-05-21 12:18:00,-0.279801767036588
2019-05-21 12:21:00,-0.41081145770215244
2019-05-21 12:24:00,-0.25019083906386186
2019-05-21 12:27:00,-0.3342380143307082
2019-05-21 12:30:00,-0.22601852683783363
2019-05-21 12:33:00,-0.23251330407271098
2019-05-21 12:36:00,-0.30600408980888005
2019-05-21 12:39:00,-0.31990685356015547
2019-05-21 12:42:00,-0.2502190060536691
2019-05-21 12:45:00,-0.33001426808289125
2019-05-21 12:48:00,-0.3196314854407092
2019-05-21 12:51:00,-0.3623984528477422
2019-05-21 12:54:00,-0.39637557195248974
2019-05-21 12:57:00,-0.37907482169902096
2019-05-21 13:00:00,-0.2514518889127544
2019-05-21 13:03:00,-0.2552137020787768
2019-05-21 13:06:00,-0.23855947428768332
2019-05-21 13:09:00,-0.28171808102575824
2019-05-21 13:12:00,-0.23983562649584655
2019-05-21 13:15:00,-0.34000879834212583
2019-05-21 13:18:00,-0.3248414028264506
2019-05-21 13:21:00,-0.33651640152055506
2019-05-21 13:24:00,-0.2295740126437522
2019-05-21 13:27:00,-0.2890855505561376
2019-05-21 13:30:00,-0.18240795349731798
2019-05-21 13:33:00,-0.07966702150247329
2019-05-21 13:36:00,0.009168022332005421
2019-05-21 13:39:00,0.09691013102019497
2019-05-21 13:42:00,0.04176091072270083
2019-05-21 13:45:00,-0.10697025320359899
2019-05-21 13:48:00,-0.11957099204028054
2019-05-21 13:51:00,-0.12418662185928042
2019-05-21 13:54:00,-0.35205932264989315
2019-05-21 13:57:00,-0.3784057842958646
2019-05-21 14:00:00,-0.34132162794907117
2019-05-21 14:03:00,-0.3282906183076193
2019-05-21 14:06:00,-0.36597361750170876
2019-05-21 14:09:00,-0.34554290641796115
2019-05-21 14:12:00,-0.2992034048706955
2019-05-21 14:15:00,-0.3690513286234136
2019-05-21 14:18:00,-0.44735439752844286
2019-05-21 14:21:00,-0.26124120839091347
2019-05-21 14:24:00,-0.39286878991327967
2019-05-21 14:27:00,-0.312764921004657
2019-05-21 14:30:00,-0.3033572364791439
2019-05-21 14:33:00,-0.233866143275975
2019-05-21 14:36:00,-0.1343709506313644
2019-05-21 14:39:00,-0.09794881041801773
2019-05-21 14:42:00,-0.209040859875131
2019-05-21 14:45:00,-0.06227844337536226
2019-05-21 14:48:00,-0.23506948512493864
2019-05-21 14:51:00,-0.31722609803199475
2019-05-21 14:54:00,-0.28639070487946583
2019-05-21 14:57:00,-0.23316547894205542
2019-05-21 15:00:00,-0.10246374995216456
2019-05-21 15:03:00,-0.15603180214685608
2019-05-21 15:06:00,-0.08072634133878864
2019-05-21 15:09:00,-0.09320750387666976
2019-05-21 15:12:00,-0.059531407012173077
2019-05-21 15:15:00,-0.2419601872147723
2019-05-21 15:18:00,-0.12161984957816685
2019-05-21 15:21:00,-0.07889121787036402
2019-05-21 15:24:00,-0.06073382929781701
2019-05-21 15:27:00,-0.07478431131482921
2019-05-21 15:30:00,-0.06727464813945971
2019-05-21 15:33:00,-0.14516995988532244
2019-05-21 15:36:00,-0.057555447294475925
2019-05-21 15:39:00,-0.1338386265039162
2019-05-21 15:42:00,-0.08446466645926876
2019-05-21 15:45:00,-0.09537799792082069
2019-05-21 15:48:00,-0.03277376842555668
2019-05-21 15:51:00,-0.16609380513961014
2019-05-21 15:54:00,-0.06634780751375047
2019-05-21 15:57:00,0.03945912798911877
2019-05-21 16:00:00,-0.037546925917581575
2019-05-21 16:03:00,-0.02768195489164782
2019-05-21 16:06:00,-0.11069327005361629
2019-05-21 16:09:00,-0.01590171931832174
2019-05-21 16:12:00,-0.027240372512380873
2019-05-21 16:15:00,-0.053334474261191644
2019-05-21 16:18:00,-0.1840908461898607
2019-05-21 16:21:00,0.04570893538004839
2019-05-21 16:24:00,-0.1281732626524672
2019-05-21 16:27:00,-0.041667989370637315
2019-05-21 16:30:00,-0.05633966412318614
2019-05-21 16:33:00,0.04455726720664188
2019-05-21 16:36:00,-0.022186531017780453
2019-05-21 16:39:00,-0.22708745340463565
2019-05-21 16:42:00,-0.08496042786049429
2019-05-21 16:45:00,-0.0753317222134342
2019-05-21 16:48:00,-0.04464599202083264
2019-05-21 16:51:00,-0.07558226238643329
2019-05-21 16:54:00,-0.019842788504945474
2019-05-21 16:57:00,-0.1036404489952929
2019-05-21 17:00:00,-0.08467867253580152
2019-05-21 17:03:00,-0.1094294402602145
2019-05-21 17:06:00,-0.005439170311660746
2019-05-21 17:09:00,-0.033540367262048676
2019-05-21 17:12:00,-0.11688698770871042
2019-05-21 17:15:00,-0.13094087756047657
2019-05-21 17:18:00,-0.15822596582938786
2019-05-21 17:21:00,-0.12454332746966656
2019-05-21 17:24:00,-0.040789295028787365
2019-05-21 17:27:00,-0.2050813924513477
2019-05-21 17:30:00,-0.019292847177098338
2019-05-21 17:33:00,-0.10591089784674068
2019-05-21 17:36:00,-0.10710926110306218
2019-05-21 17:39:00,-0.10852511836930034
2019-05-21 17:42:00,-0.11320661134016063
2019-05-21 17:45:00,-0.17606607403519092
2019-05-21 17:48:00,-0.1158765162630857
2019-05-21 17:51:00,-0.07074236475693851
2019-05-21 17:54:00,-0.07938588383103706
2019-05-21 17:57:00,-0.0936355904333368
2019-05-21 18:00:00,-0.17526077783242044
2019-05-21 18:03:00,-0.210170547979601
2019-05-21 18:06:00,-0.10418558423128843
2019-05-21 18:09:00,-0.0570588292327443
2019-05-21 18:12:00,-0.1569882474278188
2019-05-21 18:15:00,-0.13868813866105256
2019-05-21 18:18:00,-0.16670936266621084
2019-05-21 18:21:00,-0.0815716817471639
2019-05-21 18:24:00,-0.09871962114431199
2019-05-21 18:27:00,-0.18439104442143162
2019-05-21 18:30:00,-0.17561216387417744
2019-05-21 18:33:00,-0.03179799564622954
2019-05-21 18:36:00,-0.04185599555955832
2019-05-21 18:39:00,-0.009141333500451765
2019-05-21 18:42:00,0.09265232871825901
2019-05-21 18:45:00,0.012156472320157263
2019-05-21 18:48:00,-0.12920131314274386
2019-05-21 18:51:00,-0.08551807953381285
2019-05-21 18:54:00,
2019-05-21 18:57:00,
2019-05-21 19:00:00,
2019-05-21 19:03:00,-0.12363087784842719
2019-05-21 19:06:00,-0.12751888291944624
2019-05-21 19:09:00,-0.1353803507403768
2019-05-21 19:12:00,-0.20931381537479865
2019-05-21 19:15:00,-0.11100827995852569
2019-05-21 19:18:00,-0.21890459711158883
2019-05-21 19:21:00,-0.0925149404679928
2019-05-21 19:24:00,-0.18415545177197146
2019-05-21 19:27:00,-0.21812278871726676
2019-05-21 19:30:00,-0.17907526207676483
2019-05-21 19:33:00,-0.17087873735431458
2019-05-21 19:36:00,-0.11686664968141258
2019-05-21 19:39:00,-0.2378491584535709
2019-05-21 19:42:00,-0.06736324852914777
2019-05-21 19:45:00,-0.11593714213603334
2019-05-21 19:48:00,-0.1098332887376614
2019-05-21 19:51:00,0.005282563448020028
2019-05-21 19:54:00,-0.03613377049458677
2019-05-21 19:57:00,-0.016830073134713075
2019-05-21 20:00:00,0.042217398842467446
2019-05-21 20:03:00,0.005460610199179428
2019-05-21 20:06:00,0.014570627480736675
2019-05-21 20:09:00,0.05922179391893678
2019-05-21 20:12:00,0.01684784925424765
2019-05-21 20:15:00,0.05439547672909839
2019-05-21 20:18:00,-0.0006027203442044993
2019-05-21 20:21:00,-0.011288778447578807
2019-05-21 20:24:00,-0.12430587533157222
2019-05-21 20:27:00,0.01631367649946469
2019-05-21 20:30:00,0.018980825733194706
2019-05-21 20:33:00,0.022573254638530216
2019-05-21 20:36:00,0.009641731092528971
2019-05-21 20:39:00,0.04575832683082126
2019-05-21 20:42:00,0.05745468966875933
2019-05-21 20:45:00,0.05477203227866312
2019-05-21 20:48:00,-0.049264037212026324
2019-05-21 20:51:00,0.07516574035724943
2019-05-21 20:54:00,-0.024910715534645078
2019-05-21 20:57:00,-0.05473297508348196
2019-05-21 21:00:00,-0.07422055986097575
2019-05-21 21:03:00,0.05403796966623986
2019-05-21 21:06:00,0.007444055161840879
2019-05-21 21:09:00,0.035799424104027366
2019-05-21 21:12:00,0.10627024569288324
2019-05-21 21:15:00,0.03646119521175706
2019-05-21 21:18:00,0.01732740871295846
2019-05-21 21:21:00,-0.024132003914530742
2019-05-21 21:24:00,-0.00400563899466988
2019-05-21 21:27:00,-0.01689906167433719
2019-05-21 21:30:00,-0.08927973697336711
2019-05-21 21:33:00,-0.03991853695106329
2019-05-21 21:36:00,0.01934539384700429
2019-05-21 21:39:00,-0.07543838907702138
2019-05-21 21:42:00,0.06092483272453819
2019-05-21 21:45:00,0.07277278549776156
2019-05-21 21:48:00,0.032491530159859394
2019-05-21 21:51:00,0.12009982348388348
2019-05-21 21:54:00,0.08234355510450087
2019-05-21 21:57:00,0.08213896991111369
2019-05-21 22:00:00,0.045140614787101185
2019-05-21 22:03:00,0.047271219262881914
2019-05-21 22:06:00,0.16514625676273909
2019-05-21 22:09:00,0.053303823949704565
2019-05-21 22:12:00,0.11619642119626405
2019-05-21 22:15:00,0.06593166812945128
2019-05-21 22:18:00,0.07199166130925505
2019-05-21 22:21:00,0.08640738178752372
2019-05-21 22:24:00,0.2132153758742561
2019-05-21 22:27:00,0.07573885389621182
2019-05-21 22:30:00,0.18099095495358597
2019-05-21 22:33:00,0.1465749968909904
2019-05-21 22:36:00,0.1952586719854139
2019-05-21 22:39:00,0.18147866591743878
2019-05-21 22:42:00,0.21221948340962626
2019-05-21 22:45:00,0.30585278976417385
2019-05-21 22:48:00,0.24177015192424278
2019-05-21 22:51:00,0.3568004513215328
2019-05-21 22:54:00,0.25618038038180657
2019-05-21 22:57:00,0.15741607654240397
2019-05-21 23:00:00,0.20411902578746322
2019-05-21 23:03:00,0.2668751880549962
2019-05-21 23:06:00,0.17197184655015008
2019-05-21 23:09:00,0.2544799109035125
2019-05-21 23:12:00,0.2297404841492039
2019-05-21 23:15:00,0.429023355689651
2019-05-21 23:18:00,0.24898758355112705
2019-05-21 23:21:00,0.2694775921247583
2019-05-21 23:24:00,0.21645854199113046
2019-05-21 23:27:00,0.5109018811847363
2019-05-21 23:30:00,0.4344911753934184
2019-05-21 23:33:00,0.1738279079120275
2019-05-21 23:36:00,0.28147376980189165
2019-05-21 23:39:00,0.33850381108362626
2019-05-21 23:42:00,0.27065556728769025
2019-05-21 23:45:00,0.4388363591075972
2019-05-21 23:48:00,0.44550460133507386
2019-05-21 23:51:00,0.4183510995100619
2019-05-21 23:54:00,0.43177445949817184
2019-05-21 23:57:00,0.6154201844792055
2019-05-22 00:00:00,0.6429345989536728
2019-05-22 00:03:00,0.595874712741363
2019-05-22 00:06:00,0.5854209981284839
2019-05-22 00:09:00,0.5654996853593843
2019-05-22 00:12:00,0.48053124208689724
2019-05-22 00:15:00,0.4598732608014302
2019-05-22 00:18:00,0.29148406539087546
2019-05-22 00:21:00,0.42829397523513535
2019-05-22 00:24:00,0.4489863259440767
2019-05-22 00:27:00,0.4911444190589691
2019-05-22 00:30:00,0.40385603255020897
2019-05-22 00:33:00,0.49721418932711003
2019-05-22 00:36:00,0.3976110638258774
2019-05-22 00:39:00,0.36524455746257445
2019-05-22 00:42:00,0.36245051984923293
2019-05-22 00:45:00,0.37474891600442106
2019-05-22 00:48:00,0.37752811693457033
2019-05-22 00:51:00,0.38118681237261853
2019-05-22 00:54:00,0.33825854144299683
2019-05-22 00:57:00,0.47615777553284033
2019-05-22 01:00:00,0.4589202439059932
2019-05-22 01:03:00,0.46113596915819244
2019-05-22 01:06:00,0.5230720104539728
2019-05-22 01:09:00,0.5320145798594922
2019-05-22 01:12:00,0.4755328411906703
2019-05-22 01:15:00,0.5315598545450371
2019-05-22 01:18:00,0.5044314786656514
2019-05-22 01:21:00,0.4969333721243743
2019-05-22 01:24:00,0.45972142933885607
2019-05-22 01:27:00,0.5089471490529149
2019-05-22 01:30:00,0.4767698959934705
2019-05-22 01:33:00,0.511882328122681
2019-05-22 01:36:00,0.47297957779750277
2019-05-22 01:39:00,0.4380634496854441
2019-05-22 01:42:00,0.29858678155562757
2019-05-22 01:45:00,0.3323548288865936
2019-05-22 01:48:00,0.27755905602703024
2019-05-22 01:51:00,0.2766091262020609
2019-05-22 01:54:00,0.29900464391334935
2019-05-22 01:57:00,0.198260339986291
2019-05-22 02:00:00,0.10293013756074743
2019-05-22 02:03:00,0.24153853383234036
2019-05-22 02:06:00,0.22927612568662425
2019-05-22 02:09:00,0.3193644763518364
2019-05-22 02:12:00,0.18929576985334506
2019-05-22 02:15:00,0.31339943075374777
2019-05-22 02:18:00,0.21985390342507571
2019-05-22 02:21:00,0.21826590725191863
2019-05-22 02:24:00,0.2969761608957242
2019-05-22 02:27:00,0.26514191269399134
2019-05-22 02:30:00,0.3701564915060658
2019-05-22 02:33:00,0.5101417499096783
2019-05-22 02:36:00,0.5576315307577033
2019-05-22 02:39:00,0.5672751192919918
2019-05-22 02:42:00,0.4878121648071101
2019-05-22 02:45:00,0.5126941736912727
2019-05-22 02:48:00,0.41135596474845215
2019-05-22 02:51:00,0.29078449231462855
2019-05-22 02:54:00,0.396149526886461
2019-05-22 02:57:00,0.40656695396216946
2019-05-22 03:00:00,0.5673300737145723
2019-05-22 03:03:00,0.48841458885743805
2019-05-22 03:06:00,0.5739916125589843
2019-05-22 03:09:00,0.6153703979493343
2019-05-22 03:12:00,0.5312616243235198
2019-05-22 03:15:00,0.5376277847219626
2019-05-22 03:18:00,0.42685800358327697
2019-05-22 03:21:00,0.44752365034878494
2019-05-22 03:24:00,0.4728579008418592
2019-05-22 03:27:00,0.4265860998619928
2019-05-22 03:30:00,0.5014934828296305
2019-05-22 03:33:00,0.4038902175735757
2019-05-22 03:36:00,0.37344909914048685
2019-05-22 03:39:00,0.46979828039633276
2019-05-22 03:42:00,0.5438453949285531
2019-05-22 03:45:00,0.5052038759708353
2019-05-22 03:48:00,0.6355517438814786
2019-05-22 03:51:00,0.5481487000801621
2019-05-22 03:54:00,0.4431185744053323
2019-05-22 03:57:00,0.5447661948828681
2019-05-22 04:00:00,0.6351096206223588
2019-05-22 04:03:00,0.7788361224045843
2019-05-22 04:06:00,0.8062531589604873
2019-05-22 04:09:00,0.7055322932457102
2019-05-22 04:12:00,0.6364980330505432
2019-05-22 04:15:00,0.8741693799613017
2019-05-22 04:18:00,0.8425435841483591
2019-05-22 04:21:00,0.6960536979424319
2019-05-22 04:24:00,0.7261804438421109
2019-05-22 04:27:00,0.6779478036972932
2019-05-22 04:30:00,0.5770147811077209
2019-05-22 04:33:00,0.4869279296815989
2019-05-22 04:36:00,0.4269970706801587
2019-05-22 04:39:00,0.4966193006010826
2019-05-22 04:42:00,0.5144966287815009
2019-05-22 04:45:00,0.6200500891392835
2019-05-22 04:48:00,0.5996742431105986
2019-05-22 04:51:00,0.5364959249572507
2019-05-22 04:54:00,0.3288363173041944
2019-05-22 04:57:00,0.36330944546699584
2019-05-22 05:00:00,0.4627560470957519
2019-05-22 05:03:00,0.4686658962295951
2019-05-22 05:06:00,0.4262884644356859
2019-05-22 05:09:00,0.5182585510271451
2019-05-22 05:12:00,0.4890202425086727
2019-05-22 05:15:00,0.44692169863952813
2019-05-22 05:18:00,0.5032899430401585
2019-05-22 05:21:00,0.5035490697254659
2019-05-22 05:24:00,0.5323284605706249
2019-05-22 05:27:00,0.5999197461450194
2019-05-22 05:30:00,0.45047952676083014
2019-05-22 05:33:00,0.45659228539415153
2019-05-22 05:36:00,0.4086705252404954
2019-05-22 05:39:00,0.4555630253298091
2019-05-22 05:42:00,0.42758132933630577
2019-05-22 05:45:00,0.5011615507904139
2019-05-22 05:48:00,0.4298356409568669
2019-05-22 05:51:00,0.38386112922296434
2019-05-22 05:54:00,0.3729779562989961
2019-05-22 05:57:00,0.3176872469960017
2019-05-22 06:00:00,0.5291704746665573
2019-05-22 06:03:00,0.4864151062631663
2019-05-22 06:06:00,0.45497037313509736
2019-05-22 06:09:00,0.5257704215329113
2019-05-22 06:12:00,0.4271755600222491
2019-05-22 06:15:00,0.5040455598313542
2019-05-22 06:18:00,0.42316429762979624
2019-05-22 06:21:00,0.42181966504392676
2019-05-22 06:24:00,0.4958616598929666
2019-05-22 06:27:00,0.44859975797203333
2019-05-22 06:30:00,0.46737345638240413
2019-05-22 06:33:00,0.5015598453276766
2019-05-22 06:36:00,0.3756088543983651
2019-05-22 06:39:00,0.4873540618604011
2019-05-22 06:42:00,0.333356618657092
2019-05-22 06:45:00,0.4264172206218859
2019-05-22 06:48:00,0.4815988877049904
2019-05-22 06:51:00,0.4352118124600679
2019-05-22 06:54:00,0.4641931959580461
2019-05-22 06:57:00,0.4039857187357825
2019-05-22 07:00:00,0.407273839846539
2019-05-22 07:03:00,0.33398456282617417
2019-05-22 07:06:00,0.42958570896780657
2019-05-22 07:09:00,0.42518277453854125
2019-05-22 07:12:00,0.4784049482850605
2019-05-22 07:15:00,0.45738444945351375
2019-05-22 07:18:00,0.3897488357010843
2019-05-22 07:21:00,0.489149371407791
2019-05-22 07:24:00,0.44011011340705863
2019-05-22 07:27:00,0.43223477235176233
2019-05-22 07:30:00,0.4393925091969777
2019-05-22 07:33:00,0.41757435279163246
2019-05-22 07:36:00,0.37985945553913325
2019-05-22 07:39:00,0.3954956129501852
2019-05-22 07:42:00,0.4992772621702102
2019-05-22 07:45:00,0.4841426669561315
2019-05-22 07:48:00,0.4135141848128683
2019-05-22 07:51:00,0.4050454893003348
2019-05-22 07:54:00,0.4548313026594428
2019-05-22 07:57:00,0.49869486515376593
2019-05-22 08:00:00,0.3670089318459304
2019-05-22 08:03:00,0.35629653896302216
2019-05-22 08:06:00,0.44087452608260946
2019-05-22 08:09:00,0.3052785917242318
2019-05-22 08:12:00,0.36335769040402965
2019-05-22 08:15:00,0.38098832819696327
2019-05-22 08:18:00,0.42291087048590725
2019-05-22 08:21:00,0.35512368864556265
2019-05-22 08:24:00,0.33453490866099855
2019-05-22 08:27:00,0.4164860567890969
2019-05-22 08:30:00,0.359132261766149
2019-05-22 08:33:00,0.34538710335300493
2019-05-22 08:36:00,0.37281295542885573
2019-05-22 08:39:00,0.4224714665300553
2019-05-22 08:42:00,0.4062449274416622
2019-05-22 08:45:00,0.2711195761311842
2019-05-22 08:48:00,0.243156468787447
2019-05-22 08:51:00,0.2122367766512525
2019-05-22 08:54:00,0.20833043863461853
2019-05-22 08:57:00,0.35682386104735997
2019-05-22 09:00:00,0.29398873251767554
2019-05-22 09:03:00,0.27658668673768716
2019-05-22 09:06:00,0.31471130337314435
2019-05-22 09:09:00,0.27107008624471973
2019-05-22 09:12:00,0.23050656288467053
2019-05-22 09:15:00,0.23270546047336893
2019-05-22 09:18:00,0.17714231513986078
2019-05-22 09:21:00,0.1455482133546866
2019-05-22 09:24:00,0.12390245037124714
2019-05-22 09:27:00,0.2249407253160598
2019-05-22 09:30:00,0.15160404156875984
2019-05-22 09:33:00,0.10837063503402078
2019-05-22 09:36:00,0.1714756827544761
2019-05-22 09:39:00,0.10474334399054896
2019-05-22 09:42:00,0.13051239044847307
2019-05-22 09:45:00,0.09878007388721244
2019-05-22 09:48:00,0.11440178179827853
2019-05-22 09:51:00,0.09641110187430968
2019-05-22 09:54:00,0.1147438562098273
2019-05-22 09:57:00,0.06361658574257945
2019-05-22 10:00:00,0.10308263608999368
2019-05-22 10:03:00,0.14940360877619696
2019-05-22 10:06:00,0.13089935583423085
2019-05-22 10:09:00,-0.03149328084003855
2019-05-22 10:12:00,-0.003591938722991017
2019-05-22 10:15:00,0.024814918866923108
2019-05-22 10:18:00,0.01238465687470125
2019-05-22 10:21:00,-0.07047548456790764
2019-05-22 10:24:00,-0.12049610590776183
2019-05-22 10:27:00,-0.01981910824474653
2019-05-22 10:30:00,0.0061026830129549126
2019-05-22 10:33:00,-0.036063717252034166
2019-05-22 10:36:00,-0.06100456349565775
2019-05-22 10:39:00,-0.11836945258443166
2019-05-22 10:42:00,-0.13237407958484937
2019-05-22 10:45:00,-0.1526168631402811
2019-05-22 10:48:00,-0.045935735026375824
2019-05-22 10:51:00,-0.11604266026904497
2019-05-22 10:54:00,-0.20204331788789887
2019-05-22 10:57:00,-0.1929295241019986
2019-05-22 11:00:00,-0.2863360096152405
2019-05-22 11:03:00,-0.23940347276840157
2019-05-22 11:06:00,-0.23484134648356303
2019-05-22 11:09:00,-0.28002403822387123
2019-05-22 11:12:00,-0.22529906008901435
2019-05-22 11:15:00,-0.22950698430349803
2019-05-22 11:18:00,-0.29729732790138996
2019-05-22 11:21:00,-0.25941859342805174
2019-05-22 11:24:00,-0.3591729177356342
2019-05-22 11:27:00,-0.32853323575841387
2019-05-22 11:30:00,-0.3188260408105066
2019-05-22 11:33:00,-0.3268524086327034
2019-05-22 11:36:00,-0.26454285811939826
2019-05-22 11:39:00,-0.29338712228206987
2019-05-22 11:42:00,-0.2700692906984159
2019-05-22 11:45:00,-0.34602390229542834
2019-05-22 11:48:00,-0.37199645644261636
2019-05-22 11:51:00,-0.39004102824048914
2019-05-22 11:54:00,-0.1634491981890278
2019-05-22 11:57:00,-0.17890811183929145
2019-05-22 12:00:00,-0.2126751581793087
2019-05-22 12:03:00,-0.12913956603921406
2019-05-22 12:06:00,-0.010385332946839299
2019-05-22 12:09:00,0.05968366897747046
2019-05-22 12:12:00,0.1066158324209141
2019-05-22 12:15:00,0.12914030462030723
2019-05-22 12:18:00,0.13726367951034035
2019-05-22 12:21:00,0.1970830329765363
2019-05-22 12:24:00,-0.018921535811898593
2019-05-22 12:27:00,-0.07135878837971177
2019-05-22 12:30:00,-0.02973853621347189
2019-05-22 12:33:00,0.04521429389166087
2019-05-22 12:36:00,-0.03401915681610035
2019-05-22 12:39:00,0.05611605231115391
2019-05-22 12:42:00,0.08849462074635994
2019-05-22 12:45:00,-0.02657185039373644
2019-05-22 12:48:00,0.03520208345486253
2019-05-22 12:51:00,-0.03331889197545479
2019-05-22 12:54:00,0.0027710313426041466
2019-05-22 12:57:00,0.0996560094566803
2019-05-22 13:00:00,0.0002313653899932433
2019-05-22 13:03:00,0.2532021418987256
2019-05-22 13:06:00,0.32358220990687414
2019-05-22 13:09:00,0.10899535630443324
2019-05-22 13:12:00,0.3273493410613355
2019-05-22 13:15:00,0.3746437363828363
2019-05-22 13:18:00,0.462855384650652
2019-05-22 13:21:00,0.41748832916931633
2019-05-22 13:24:00,0.5053057878096752
2019-05-22 13:27:00,0.3980814321553794
2019-05-22 13:30:00,0.6588710964153961
2019-05-22 13:33:00,0.5522871957783764
2019-05-22 13:36:00,0.601023628642622
2019-05-22 13:39:00,0.7262608914235784
2019-05-22 13:42:00,0.6415330952153795
2019-05-22 13:45:00,0.6205176098951029
2019-05-22 13:48:00,0.7463466056083234
2019-05-22 13:51:00,0.6709851007792622
2019-05-22 13:54:00,0.64933182371459
2019-05-22 13:57:00,0.644730868961517
2019-05-22 14:00:00,0.5985962802048448
2019-05-22 14:03:00,0.29960871085717145
2019-05-22 14:06:00,0.11009420227122746
2019-05-22 14:09:00,0.3071357195937594
2019-05-22 14:12:00,0.40161301383602677
2019-05-22 14:15:00,0.863985088560753
2019-05-22 14:18:00,0.5686508148476719
2019-05-22 14:21:00,0.4037717439315429
2019-05-22 14:24:00,0.35032022550768716
2019-05-22 14:27:00,0.379993378621009
2019-05-22 14:30:00,0.2959100532416983
2019-05-22 14:33:00,0.30488619730095934
2019-05-22 14:36:00,0.3092660696390226
2019-05-22 14:39:00,0.26128126338437596
2019-05-22 14:42:00,0.2847950226615126
2019-05-22 14:45:00,0.24707579359238707
2019-05-22 14:48:00,0.18856935600058478
2019-05-22 14:51:00,0.2521873505216945
2019-05-22 14:54:00,0.29999313184237053
2019-05-22 14:57:00,0.35715088339799195
2019-05-22 15:00:00,0.33416675987280087
2019-05-22 15:03:00,0.3032623584163616
2019-05-22 15:06:00,0.3038717660633097
2019-05-22 15:09:00,0.24055992927014813
2019-05-22 15:12:00,0.34741652522137656
2019-05-22 15:15:00,0.2668297131865529
2019-05-22 15:18:00,0.09635180816826505
2019-05-22 15:21:00,0.27006131388998256
2019-05-22 15:24:00,0.28153385645998696
2019-05-22 15:27:00,0.3595955631905099
2019-05-22 15:30:00,0.29353840037953205
2019-05-22 15:33:00,0.25336534283627543
2019-05-22 15:36:00,0.2278917634353661
2019-05-22 15:39:00,0.3192729160797967
2019-05-22 15:42:00,0.2431353683094244
2019-05-22 15:45:00,0.3356790521300468
2019-05-22 15:48:00,0.19189610151215675
2019-05-22 15:51:00,0.2480397961937797
2019-05-22 15:54:00,0.15055614691340224
2019-05-22 15:57:00,0.1660289238581072
2019-05-22 16:00:00,0.3036391914858996
2019-05-22 16:03:00,0.138092201420136
2019-05-22 16:06:00,0.27596257692846393
2019-05-22 16:09:00,0.2348610975130896
2019-05-22 16:12:00,0.19981231994898963
2019-05-22 16:15:00,0.22300588071357197
2019-05-22 16:18:00,0.16645795096030724
2019-05-22 16:21:00,0.12055326802601485
2019-05-22 16:24:00,0.3666402973690879
2019-05-22 16:27:00,0.7605177780089889
2019-05-22 16:30:00,0.2516808401356343
2019-05-22 16:33:00,0.25919523776246933
2019-05-22 16:36:00,0.2378835790411813
2019-05-22 16:39:00,0.43515791869828035
2019-05-22 16:42:00,0.59443707860936
2019-05-22 16:45:00,0.5755171822138436
2019-05-22 16:48:00,0.419423876070141
2019-05-22 16:51:00,0.3095669069377891
2019-05-22 16:54:00,0.37986943699439735
2019-05-22 16:57:00,0.48227593065854535
2019-05-22 17:00:00,0.4640292898071152
2019-05-22 17:03:00,0.4052368088255207
2019-05-22 17:06:00,0.28532454316967915
2019-05-22 17:09:00,0.19983314590496093
2019-05-22 17:12:00,0.14382321956310307
2019-05-22 17:15:00,0.2491333584156905
2019-05-22 17:18:00,0.20404439612633496
2019-05-22 17:21:00,0.1845896008304635
2019-05-22 17:24:00,0.13812344009869548
2019-05-22 17:27:00,0.09093715934261581
2019-05-22 17:30:00,0.06236021752187071
2019-05-22 17:33:00,0.07248180733768095
2019-05-22 17:36:00,0.18842680771666664
2019-05-22 17:39:00,0.047375295657957395
2019-05-22 17:42:00,0.16523889435848105
2019-05-22 17:45:00,0.16901427991683704
2019-05-22 17:48:00,0.255707493568309
2019-05-22 17:51:00,0.205470992251378
2019-05-22 17:54:00,0.25107213588739796
2019-05-22 17:57:00,0.24830810305462592
2019-05-22 18:00:00,0.21365062130837487
2019-05-22 18:03:00,0.27783493343883947
2019-05-22 18:06:00,0.2710045309581801
2019-05-22 18:09:00,0.11591184302722013
2019-05-22 18:12:00,0.08483783968608805
2019-05-22 18:15:00,0.1358763001712191
2019-05-22 18:18:00,0.23752964868401705
2019-05-22 18:21:00,0.17546915649660377
2019-05-22 18:24:00,0.2950943493433442
2019-05-22 18:27:00,0.28553348698744685
2019-05-22 18:30:00,0.12507235052083843
2019-05-22 18:33:00,0.12587333974022386
2019-05-22 18:36:00,0.24924094594700819
2019-05-22 18:39:00,0.31884698489545826
2019-05-22 18:42:00,0.2850923050866072
2019-05-22 18:45:00,0.345277209044184
2019-05-22 18:48:00,0.35060689281095847
2019-05-22 18:51:00,0.271252062596659
2019-05-22 18:54:00,
2019-05-22 18:57:00,
2019-05-22 19:00:00,
2019-05-22 19:03:00,0.10433550609616304
2019-05-22 19:06:00,0.13629711240508868
2019-05-22 19:09:00,0.12728894935082735
2019-05-22 19:12:00,0.033335862723333776
2019-05-22 19:15:00,0.1001689509021162
2019-05-22 19:18:00,0.0449617164455276
2019-05-22 19:21:00,0.04387222958774828
2019-05-22 19:24:00,0.05664563997282812
2019-05-22 19:27:00,0.1700786723482679
2019-05-22 19:30:00,0.08676047434641987
2019-05-22 19:33:00,0.1709944043046221
2019-05-22 19:36:00,0.17120212672159596
2019-05-22 19:39:00,0.15122331836130343
2019-05-22 19:42:00,0.14426004184900876
2019-05-22 19:45:00,0.1818035841804999
2019-05-22 19:48:00,0.16336402103547698
2019-05-22 19:51:00,0.16289789910541685
2019-05-22 19:54:00,0.24118467516143482
2019-05-22 19:57:00,0.2037520625893876
2019-05-22 20:00:00,0.19170729605190218
2019-05-22 20:03:00,0.21868924271143442
2019-05-22 20:06:00,0.1261209487342967
2019-05-22 20:09:00,0.22207252354161255
2019-05-22 20:12:00,0.15077014736607453
2019-05-22 20:15:00,0.2034431250600619
2019-05-22 20:18:00,0.24307821061864843
2019-05-22 20:21:00,0.23917352904106792
2019-05-22 20:24:00,0.19526785056774543
2019-05-22 20:27:00,0.24922091735606955
2019-05-22 20:30:00,0.26120884014670764
2019-05-22 20:33:00,0.20286163443364558
2019-05-22 20:36:00,0.15312543424278147
2019-05-22 20:39:00,0.19427752723623826
2019-05-22 20:42:00,0.24264158356163534
2019-05-22 20:45:00,0.2921910647764321
2019-05-22 20:48:00,0.09827077197479639
2019-05-22 20:51:00,0.20929899506973015
2019-05-22 20:54:00,0.09594920170553678
2019-05-22 20:57:00,0.1988657471534907
2019-05-22 21:00:00,0.23343486680693104
2019-05-22 21:03:00,0.1701124549537667
2019-05-22 21:06:00,0.1268145092916484
2019-05-22 21:09:00,0.15927973630459746
2019-05-22 21:12:00,0.15138494379300482
2019-05-22 21:15:00,0.23328347840777042
2019-05-22 21:18:00,0.22626781914925687
2019-05-22 21:21:00,0.15062468425026054
2019-05-22 21:24:00,0.23994255084596716
2019-05-22 21:27:00,0.1351731767328488
2019-05-22 21:30:00,0.1397897301638409
2019-05-22 21:33:00,0.1977795962267237
2019-05-22 21:36:00,0.19074134890001915
2019-05-22 21:39:00,0.2868918049359763
2019-05-22 21:42:00,0.3144735211791385
2019-05-22 21:45:00,0.22763388727224765
2019-05-22 21:48:00,0.48671664352104926
2019-05-22 21:51:00,0.30330624671273654
2019-05-22 21:54:00,0.2212703359812167
2019-05-22 21:57:00,0.3203456501137225
2019-05-22 22:00:00,0.283037785034594
2019-05-22 22:03:00,0.3040277476139295
2019-05-22 22:06:00,0.2893811966827684
2019-05-22 22:09:00,0.2177625445533522
2019-05-22 22:12:00,0.18766736618880486
2019-05-22 22:15:00,0.2341042288780386
2019-05-22 22:18:00,0.1423182167707182
2019-05-22 22:21:00,0.09920269685903804
2019-05-22 22:24:00,0.1303322767072359
2019-05-22 22:27:00,0.23078449160857417
2019-05-22 22:30:00,0.2232998488025828
2019-05-22 22:33:00,0.2921469646727246
2019-05-22 22:36:00,0.2721754457222687
2019-05-22 22:39:00,0.25658739126254204
2019-05-22 22:42:00,0.1923492107717948
2019-05-22 22:45:00,0.2558958917097698
2019-05-22 22:48:00,0.3009869410259398
2019-05-22 22:51:00,0.44044338314614606
2019-05-22 22:54:00,0.4618378718423628
2019-05-22 22:57:00,0.4840913901485919
2019-05-22 23:00:00,0.44953506689870437
2019-05-22 23:03:00,0.46502999183684324
2019-05-22 23:06:00,0.39815385284737204
2019-05-22 23:09:00,0.47855954427569714
2019-05-22 23:12:00,0.40580643893264323
2019-05-22 23:15:00,0.44013648275381456
2019-05-22 23:18:00,0.4438327500094488
2019-05-22 23:21:00,0.5407311730088509
2019-05-22 23:24:00,0.44401809028306616
2019-05-22 23:27:00,0.3650584428702359
2019-05-22 23:30:00,0.36261775941380847
2019-05-22 23:33:00,0.42389756013983515
2019-05-22 23:36:00,0.38867722592220844
2019-05-22 23:39:00,0.287497300145219
2019-05-22 23:42:00,0.3057458448092234
2019-05-22 23:45:00,0.32383886590668
2019-05-22 23:48:00,0.3525475976027792
2019-05-22 23:51:00,0.25466690223566957
2019-05-22 23:54:00,0.3228531170545921
2019-05-22 23:57:00,0.34852625469790155
2019-05-23 00:00:00,0.40936405690507627
2019-05-23 00:03:00,0.3668251898712356
2019-05-23 00:06:00,0.28548241917104633
2019-05-23 00:09:00,0.34553072018059083
2019-05-23 00:12:00,0.3069057403016018
2019-05-23 00:15:00,0.24856741006129823
2019-05-23 00:18:00,0.2870615489267152
2019-05-23 00:21:00,0.18083819288591485
2019-05-23 00:24:00,0.358977789771302
2019-05-23 00:27:00,0.40204964993216663
2019-05-23 00:30:00,0.4652794122599744
2019-05-23 00:33:00,0.596967972365519
2019-05-23 00:36:00,0.7254295052586599
2019-05-23 00:39:00,0.7732623658752118
2019-05-23 00:42:00,0.6124435439394915
2019-05-23 00:45:00,0.48528659296579235
2019-05-23 00:48:00,0.4463274918632578
2019-05-23 00:51:00,0.39704029382664885
2019-05-23 00:54:00,0.3785300071826896
2019-05-23 00:57:00,0.4019323181656205
2019-05-23 01:00:00,0.3669468315442259
2019-05-23 01:03:00,0.39311422960560094
2019-05-23 01:06:00,0.17379445863804222
2019-05-23 01:09:00,0.3021521937058651
2019-05-23 01:12:00,0.2750312798049208
2019-05-23 01:15:00,0.25948378000975936
2019-05-23 01:18:00,0.270418567934712
2019-05-23 01:21:00,0.20943256189303838
2019-05-23 01:24:00,0.39771796794843794
2019-05-23 01:27:00,0.3634127896071391
2019-05-23 01:30:00,0.41629793691384975
2019-05-23 01:33:00,0.30419805316665816
2019-05-23 01:36:00,0.39237587417431996
2019-05-23 01:39:00,0.29656653567872127
2019-05-23 01:42:00,0.29382598128495374
2019-05-23 01:45:00,0.44929335635993084
2019-05-23 01:48:00,0.4700245294965839
2019-05-23 01:51:00,0.45415161233984236
2019-05-23 01:54:00,0.5358701647149928
2019-05-23 01:57:00,0.6052238471120859
2019-05-23 02:00:00,0.6320283850516262
2019-05-23 02:03:00,0.5225462723274177
2019-05-23 02:06:00,0.5074259767640683
2019-05-23 02:09:00,0.5407155726969108
2019-05-23 02:12:00,0.48778512260969364
2019-05-23 02:15:00,0.517886018123761
2019-05-23 02:18:00,0.4996520358821499
2019-05-23 02:21:00,0.4473933275965578
2019-05-23 02:24:00,0.5693224083179302
2019-05-23 02:27:00,0.4339775873989993
2019-05-23 02:30:00,0.5240223050871577
2019-05-23 02:33:00,0.39866138202108914
2019-05-23 02:36:00,0.5453335155427794
2019-05-23 02:39:00,0.3638176031420812
2019-05-23 02:42:00,0.38453401530625797
2019-05-23 02:45:00,0.327498186639275
2019-05-23 02:48:00,0.27152895499557417
2019-05-23 02:51:00,0.39267918294956417
2019-05-23 02:54:00,0.32480804616682235
2019-05-23 02:57:00,0.33968401663025816
2019-05-23 03:00:00,0.2919805107858906
2019-05-23 03:03:00,0.46690390445161256
2019-05-23 03:06:00,0.47134549153042826
2019-05-23 03:09:00,0.39374994074671577
2019-05-23 03:12:00,0.36576230604657667
2019-05-23 03:15:00,0.38432315988842447
2019-05-23 03:18:00,0.3845086840746603
2019-05-23 03:21:00,0.3608476084472727
2019-05-23 03:24:00,0.2809075498786342
2019-05-23 03:27:00,0.41924150030752116
2019-05-23 03:30:00,0.4066067726699316
2019-05-23 03:33:00,0.4511542267283062
2019-05-23 03:36:00,0.5185834109188363
2019-05-23 03:39:00,0.4286933436176241
2019-05-23 03:42:00,0.46445525045811564
2019-05-23 03:45:00,0.339869226968915
2019-05-23 03:48:00,0.4166470291895621
2019-05-23 03:51:00,0.41422253496148187
2019-05-23 03:54:00,0.3751093073489642
2019-05-23 03:57:00,0.2745832206272212
2019-05-23 04:00:00,0.27982675328036066
2019-05-23 04:03:00,0.3469587825790086
2019-05-23 04:06:00,0.3859625735014447
2019-05-23 04:09:00,0.41865757338956655
2019-05-23 04:12:00,0.43499946128707734
2019-05-23 04:15:00,0.32429736350133
2019-05-23 04:18:00,0.303809762086928
2019-05-23 04:21:00,0.4176692180409418
2019-05-23 04:24:00,0.39858471518994065
2019-05-23 04:27:00,0.38665095226656376
2019-05-23 04:30:00,0.35481481918259306
2019-05-23 04:33:00,0.3395549156909965
2019-05-23 04:36:00,0.31144484287995056
2019-05-23 04:39:00,0.454085862814793
2019-05-23 04:42:00,0.464040441407235
2019-05-23 04:45:00,0.3845968104567419
2019-05-23 04:48:00,0.35467704520846155
2019-05-23 04:51:00,0.40053121742886333
2019-05-23 04:54:00,0.3872579809934109
2019-05-23 04:57:00,0.39608604469526654
2019-05-23 05:00:00,0.40658024937016535
2019-05-23 05:03:00,0.3799509501126863
2019-05-23 05:06:00,0.38171789691040203
2019-05-23 05:09:00,0.3452049480596884
2019-05-23 05:12:00,0.3033224102492227
2019-05-23 05:15:00,0.3998185849479796
2019-05-23 05:18:00,0.46551859309056454
2019-05-23 05:21:00,0.3283491832492018
2019-05-23 05:24:00,0.26413242022221084
2019-05-23 05:27:00,0.3228940948288823
2019-05-23 05:30:00,0.3175740453702929
2019-05-23 05:33:00,0.443848582805515
2019-05-23 05:36:00,0.3714835620566532
2019-05-23 05:39:00,0.3319594935684336
2019-05-23 05:42:00,0.35684971882272976
2019-05-23 05:45:00,0.2981330741066017
2019-05-23 05:48:00,0.31844556570854365
2019-05-23 05:51:00,0.3554658479318391
2019-05-23 05:54:00,0.35787165653567854
2019-05-23 05:57:00,0.27333601106732885
2019-05-23 06:00:00,0.37721904842476306
2019-05-23 06:03:00,0.3390508755388737
2019-05-23 06:06:00,0.317633771476153
2019-05-23 06:09:00,0.3527629176720666
2019-05-23 06:12:00,0.34889272228923573
2019-05-23 06:15:00,0.3422195082777648
2019-05-23 06:18:00,0.39930912668256724
2019-05-23 06:21:00,0.32928629960076705
2019-05-23 06:24:00,0.42015927085464
2019-05-23 06:27:00,0.4218706425190817
2019-05-23 06:30:00,0.2975969051988727
2019-05-23 06:33:00,0.35596385238397943
2019-05-23 06:36:00,0.34015231295273907
2019-05-23 06:39:00,0.3189866824869796
2019-05-23 06:42:00,0.35494919980277473
2019-05-23 06:45:00,0.3719002476457831
2019-05-23 06:48:00,0.39130206371658005
2019-05-23 06:51:00,0.3735558532820846
2019-05-23 06:54:00,0.31416719911300106
2019-05-23 06:57:00,0.48626998490652795
2019-05-23 07:00:00,0.37901650863119585
2019-05-23 07:03:00,0.3339754797517571
2019-05-23 07:06:00,0.32923433545693115
2019-05-23 07:09:00,0.2879390081463953
2019-05-23 07:12:00,0.34155856730097867
2019-05-23 07:15:00,0.3792766812620698
2019-05-23 07:18:00,0.3708585991857376
2019-05-23 07:21:00,0.3324955042034503
2019-05-23 07:24:00,0.2907364303276836
2019-05-23 07:27:00,0.3696593376592432
2019-05-23 07:30:00,0.3113762555442463
2019-05-23 07:33:00,0.35117294898964246
2019-05-23 07:36:00,0.3411111825251396
2019-05-23 07:39:00,0.36039363569352645
2019-05-23 07:42:00,0.3542612688858071
2019-05-23 07:45:00,0.33200762442794485
2019-05-23 07:48:00,0.3680380042021625
2019-05-23 07:51:00,0.3904234436737397
2019-05-23 07:54:00,0.39076170883424766
2019-05-23 07:57:00,0.30990964245080477
2019-05-23 08:00:00,0.3717971575348429
2019-05-23 08:03:00,0.3485875875934994
2019-05-23 08:06:00,0.3329031113503902
2019-05-23 08:09:00,0.249195168078586
2019-05-23 08:12:00,0.3319476808536024
2019-05-23 08:15:00,0.18438689717106627
2019-05-23 08:18:00,0.4109211058211599
2019-05-23 08:21:00,0.3657205836773869
2019-05-23 08:24:00,0.2425107564378095
2019-05-23 08:27:00,0.20048327930305732
2019-05-23 08:30:00,0.18417117994818
2019-05-23 08:33:00,0.2980571326925201
2019-05-23 08:36:00,0.18940186362414124
2019-05-23 08:39:00,0.2872433211886687
2019-05-23 08:42:00,0.354353347481549
2019-05-23 08:45:00,0.28158161935277803
2019-05-23 08:48:00,0.1886724722994586
2019-05-23 08:51:00,0.23502685915099164
2019-05-23 08:54:00,0.15252163024604215
2019-05-23 08:57:00,0.1372057846767234
2019-05-23 09:00:00,0.24090879707506474
2019-05-23 09:03:00,0.16328341919853528
2019-05-23 09:06:00,0.14720075716167003
2019-05-23 09:09:00,0.13482201159217766
2019-05-23 09:12:00,0.20866324939015612
2019-05-23 09:15:00,0.1004033157398112
2019-05-23 09:18:00,0.057865099331536385
2019-05-23 09:21:00,0.05352522715861596
2019-05-23 09:24:00,0.11759538676437842
2019-05-23 09:27:00,0.022344847488056985
2019-05-23 09:30:00,0.1663120367634292
2019-05-23 09:33:00,0.14161253462020795
2019-05-23 09:36:00,0.08742655901829721
2019-05-23 09:39:00,0.14958473503406822
2019-05-23 09:42:00,0.15497283092315683
2019-05-23 09:45:00,0.09441758045613824
2019-05-23 09:48:00,0.06971969174736614
2019-05-23 09:51:00,0.14656306564290844
2019-05-23 09:54:00,0.12167128257374316
2019-05-23 09:57:00,0.162443200526468
2019-05-23 10:00:00,0.14317393422112445
2019-05-23 10:03:00,0.08874874612240546
2019-05-23 10:06:00,0.10479578545539425
2019-05-23 10:09:00,0.105930877504818
2019-05-23 10:12:00,0.16127990838754158
2019-05-23 10:15:00,0.18003710415297292
2019-05-23 10:18:00,0.10047452887016561
2019-05-23 10:21:00,0.04800131323275991
2019-05-23 10:24:00,0.16277602605731545
2019-05-23 10:27:00,0.08906515468856924
2019-05-23 10:30:00,0.07712918669932378
2019-05-23 10:33:00,0.0697502504494878
2019-05-23 10:36:00,0.07798392615654848
2019-05-23 10:39:00,0.05344386821320768
2019-05-23 10:42:00,0.015303782349519679
2019-05-23 10:45:00,0.10445248811441843
2019-05-23 10:48:00,-0.03683607573015024
2019-05-23 10:51:00,0.011529627067261572
2019-05-23 10:54:00,0.02925094007395046
2019-05-23 10:57:00,0.08501284089135197
2019-05-23 11:00:00,0.0811600705588944
2019-05-23 11:03:00,0.07042387962377461
2019-05-23 11:06:00,0.14490110296520697
2019-05-23 11:09:00,0.14667026563978425
2019-05-23 11:12:00,0.18487991610828658
2019-05-23 11:15:00,0.22003092841691796
2019-05-23 11:18:00,0.07085588752130434
2019-05-23 11:21:00,0.039043045589551184
2019-05-23 11:24:00,0.1102148708527011
2019-05-23 11:27:00,0.05712560600136385
2019-05-23 11:30:00,0.04528671714729171
2019-05-23 11:33:00,0.158272214778151
2019-05-23 11:36:00,0.2147306415046728
2019-05-23 11:39:00,0.3002531168356768
2019-05-23 11:42:00,0.3980076337605851
2019-05-23 11:45:00,0.3773670678170902
2019-05-23 11:48:00,0.2950251416679066
2019-05-23 11:51:00,0.1677886888486455
2019-05-23 11:54:00,0.14328146269178887
2019-05-23 11:57:00,0.07815077349584953
2019-05-23 12:00:00,0.030411723326778883
2019-05-23 12:03:00,-0.04406979922623577
2019-05-23 12:06:00,-0.0033450327166519855
2019-05-23 12:09:00,0.022702139023238033
2019-05-23 12:12:00,0.007897151785186907
2019-05-23 12:15:00,0.08957065441956047
2019-05-23 12:18:00,0.11993311843110632
2019-05-23 12:21:00,0.038228206910162044
2019-05-23 12:24:00,0.04242619035022699
2019-05-23 12:27:00,0.058981573551136535
2019-05-23 12:30:00,0.10643839820147605
2019-05-23 12:33:00,0.27340597422363544
2019-05-23 12:36:00,0.2668715642255961
2019-05-23 12:39:00,0.3443158421093244
2019-05-23 12:42:00,0.40772289667836503
2019-05-23 12:45:00,0.3404132075825146
2019-05-23 12:48:00,0.41058295692744196
2019-05-23 12:51:00,0.5536463254781552
2019-05-23 12:54:00,0.5570311525187321
2019-05-23 12:57:00,0.5880287412801408
2019-05-23 13:00:00,0.6738184059568084
2019-05-23 13:03:00,0.6551250156584274
2019-05-23 13:06:00,0.7380744933922188
2019-05-23 13:09:00,0.6917723944458771
2019-05-23 13:12:00,0.6382999718487099
2019-05-23 13:15:00,0.6970907315202339
2019-05-23 13:18:00,0.8053647175251513
2019-05-23 13:21:00,0.6821211646580991
2019-05-23 13:24:00,0.7432427138629123
2019-05-23 13:27:00,0.6648095417332343
2019-05-23 13:30:00,0.6122443240244024
2019-05-23 13:33:00,0.3796289634003074
2019-05-23 13:36:00,0.41033716549299015
2019-05-23 13:39:00,0.32348093931892663
2019-05-23 13:42:00,0.36901190730191047
2019-05-23 13:45:00,0.35195852142652484
2019-05-23 13:48:00,0.2262682980858699
2019-05-23 13:51:00,0.23831376447077446
2019-05-23 13:54:00,0.2581231001701667
2019-05-23 13:57:00,0.2636258798504514
2019-05-23 14:00:00,0.250426509780425
2019-05-23 14:03:00,0.175872979313624
2019-05-23 14:06:00,0.2851293304066189
2019-05-23 14:09:00,0.26042295488844047
2019-05-23 14:12:00,0.1630947175408437
2019-05-23 14:15:00,0.14969345759271846
2019-05-23 14:18:00,0.07377895590593653
2019-05-23 14:21:00,0.2488431281721546
2019-05-23 14:24:00,0.2823127934052536
2019-05-23 14:27:00,0.24191060227462913
2019-05-23 14:30:00,0.18041732423426993
2019-05-23 14:33:00,0.12271021063662602
2019-05-23 14:36:00,0.17782027537219847
2019-05-23 14:39:00,0.14096942638292376
2019-05-23 14:42:00,0.08816836065170719
2019-05-23 14:45:00,0.2004680369241214
2019-05-23 14:48:00,0.19449097599454035
2019-05-23 14:51:00,0.24834489845102325
2019-05-23 14:54:00,0.22266207611556865
2019-05-23 14:57:00,0.17353125221302435
2019-05-23 15:00:00,0.1549507819482301
2019-05-23 15:03:00,0.19480692791751153
2019-05-23 15:06:00,0.12741024690990344
2019-05-23 15:09:00,0.11894278806306602
2019-05-23 15:12:00,0.09130272310318333
2019-05-23 15:15:00,0.009319304834150444
2019-05-23 15:18:00,-0.07096641281344773
2019-05-23 15:21:00,0.10046898070817178
2019-05-23 15:24:00,0.05984328480269596
2019-05-23 15:27:00,0.003281643532545786
2019-05-23 15:30:00,-0.05389268582717932
2019-05-23 15:33:00,-0.06504631831603547
2019-05-23 15:36:00,0.07654985956395421
2019-05-23 15:39:00,0.09621729107942656
2019-05-23 15:42:00,-0.0707440426250514
2019-05-23 15:45:00,0.018165233306831396
2019-05-23 15:48:00,-5.254311747648899e-05
2019-05-23 15:51:00,-0.06805778937876994
2019-05-23 15:54:00,-0.1240930980587791
2019-05-23 15:57:00,-0.15153121619471221
2019-05-23 16:00:00,-0.06692894144100592
2019-05-23 16:03:00,-0.03757162222092347
2019-05-23 16:06:00,-0.014173894989369273
2019-05-23 16:09:00,-0.09027792442998361
2019-05-23 16:12:00,-0.004885368428176662
2019-05-23 16:15:00,-0.0572719955890193
2019-05-23 16:18:00,0.07586435291466387
2019-05-23 16:21:00,0.11700640849443289
2019-05-23 16:24:00,0.04013969491501257
2019-05-23 16:27:00,0.08867616528885947
2019-05-23 16:30:00,0.08547369147169093
2019-05-23 16:33:00,0.09722325930835041
2019-05-23 16:36:00,0.06156161724237563
2019-05-23 16:39:00,0.050054599819020495
2019-05-23 16:42:00,0.1490801906746242
2019-05-23 16:45:00,0.1252188397625673
2019-05-23 16:48:00,0.29429003751363325
2019-05-23 16:51:00,0.3811748840101359
2019-05-23 16:54:00,0.44142442360470113
2019-05-23 16:57:00,0.47402321850034923
2019-05-23 17:00:00,0.4600313439373167
2019-05-23 17:03:00,0.5353378732163492
2019-05-23 17:06:00,0.47337413581550436
2019-05-23 17:09:00,0.4127396501704652
2019-05-23 17:12:00,0.5091046107286274
2019-05-23 17:15:00,0.5658153485452431
2019-05-23 17:18:00,0.5901344081670459
2019-05-23 17:21:00,0.604301424806124
2019-05-23 17:24:00,0.5650268086108667
2019-05-23 17:27:00,0.5428691511512511
2019-05-23 17:30:00,0.46933135229261325
2019-05-23 17:33:00,0.31413385088495716
2019-05-23 17:36:00,0.40631159559711705
2019-05-23 17:39:00,0.37185978427197597
2019-05-23 17:42:00,0.41540902944797153
2019-05-23 17:45:00,0.46919547413750706
2019-05-23 17:48:00,0.46070518308158626
2019-05-23 17:51:00,0.5111991836104153
2019-05-23 17:54:00,0.3443674262282457
2019-05-23 17:57:00,0.33510457780283787
2019-05-23 18:00:00,0.37682462743674705
2019-05-23 18:03:00,0.4486373070524792
2019-05-23 18:06:00,0.4596471267150264
2019-05-23 18:09:00,0.528251829425642
2019-05-23 18:12:00,0.6307673363465369
2019-05-23 18:15:00,0.5458242999829963
2019-05-23 18:18:00,0.656695596738075
2019-05-23 18:21:00,0.6381968498099013
2019-05-23 18:24:00,0.6684860890728714
2019-05-23 18:27:00,0.6724871603234988
2019-05-23 18:30:00,0.6457725886685353
2019-05-23 18:33:00,0.6353027333526029
2019-05-23 18:36:00,0.6246623204051502
2019-05-23 18:39:00,0.5496239842281057
2019-05-23 18:42:00,0.513819990920581
2019-05-23 18:45:00,0.512770041701117
2019-05-23 18:48:00,0.527843784048514
2019-05-23 18:51:00,0.43884516035404886
2019-05-23 18:54:00,0.486796070763603
2019-05-23 18:57:00,
2019-05-23 19:00:00,
2019-05-23 19:03:00,0.37317089968405526
2019-05-23 19:06:00,0.42632091353442547
2019-05-23 19:09:00,0.29391744687512755
2019-05-23 19:12:00,0.31275334851591197
2019-05-23 19:15:00,0.3375022132652248
2019-05-23 19:18:00,0.31536340079077263
2019-05-23 19:21:00,0.3204275409465822
2019-05-23 19:24:00,0.32302550132709484
2019-05-23 19:27:00,0.23433639186578148
2019-05-23 19:30:00,0.26406768143050385
2019-05-23 19:33:00,0.2159214407915897
2019-05-23 19:36:00,0.23162713785285405
2019-05-23 19:39:00,0.3264772565905787
2019-05-23 19:42:00,0.19896429243254943
2019-05-23 19:45:00,0.3138199066768834
2019-05-23 19:48:00,0.2621839904380181
2019-05-23 19:51:00,0.2336567170309536
2019-05-23 19:54:00,0.22999488918361521
2019-05-23 19:57:00,0.2952200736360737
2019-05-23 20:00:00,0.3081724682365916
2019-05-23 20:03:00,0.3255221650454132
2019-05-23 20:06:00,0.30322326131778254
2019-05-23 20:09:00,0.2490987432631755
2019-05-23 20:12:00,0.3055757787903417
2019-05-23 20:15:00,0.3404935657281385
2019-05-23 20:18:00,0.23015757327527808
2019-05-23 20:21:00,0.2592868456997053
2019-05-23 20:24:00,0.28647809467832985
2019-05-23 20:27:00,0.2307881975831947
2019-05-23 20:30:00,0.2531507577561456
2019-05-23 20:33:00,0.2632096954826011
2019-05-23 20:36:00,0.2556934777282436
2019-05-23 20:39:00,0.2693074661962669
2019-05-23 20:42:00,0.3082310422028627
2019-05-23 20:45:00,0.22453091230636346
2019-05-23 20:48:00,0.3173987929306463
2019-05-23 20:51:00,0.2928538455085459
2019-05-23 20:54:00,0.21472147184294954
2019-05-23 20:57:00,0.33676894198163154
2019-05-23 21:00:00,0.17705203858588447
2019-05-23 21:03:00,0.21295479639934456
2019-05-23 21:06:00,0.22158186025308169
2019-05-23 21:09:00,0.2515374555619019
2019-05-23 21:12:00,0.272059461261108
2019-05-23 21:15:00,0.22102148456082205
2019-05-23 21:18:00,0.2541438220159762
2019-05-23 21:21:00,0.2552910769252321
2019-05-23 21:24:00,0.3263672568540983
2019-05-23 21:27:00,0.30911931808390136
2019-05-23 21:30:00,0.3288759752097121
2019-05-23 21:33:00,0.29194580507737555
2019-05-23 21:36:00,0.296903196256153
2019-05-23 21:39:00,0.2532504006205727
2019-05-23 21:42:00,0.25894248470694947
2019-05-23 21:45:00,0.2845146798752012
2019-05-23 21:48:00,0.28157046971693944
2019-05-23 21:51:00,0.4738524748535724
2019-05-23 21:54:00,0.23871614732445323
2019-05-23 21:57:00,0.3087107300626144
2019-05-23 22:00:00,0.22594977020884244
2019-05-23 22:03:00,0.36658118923651273
2019-05-23 22:06:00,0.30227719590999413
2019-05-23 22:09:00,0.2972914746289348
2019-05-23 22:12:00,0.3980213722857684
2019-05-23 22:15:00,0.33866020522106055
2019-05-23 22:18:00,0.2362530302600021
2019-05-23 22:21:00,0.2946470169532631
2019-05-23 22:24:00,0.3645099912071714
2019-05-23 22:27:00,0.3711892368581289
2019-05-23 22:30:00,0.38214450369872566
2019-05-23 22:33:00,0.3442835573135312
2019-05-23 22:36:00,0.27516803524866873
2019-05-23 22:39:00,0.3384426764615682
2019-05-23 22:42:00,0.31768678388664284
2019-05-23 22:45:00,0.2830547567754138
2019-05-23 22:48:00,0.3935427854769955
2019-05-23 22:51:00,0.3010087325656059
2019-05-23 22:54:00,0.34251768208616795
2019-05-23 22:57:00,0.3655017312005384
2019-05-23 23:00:00,0.43101042276458656
2019-05-23 23:03:00,0.40916340223435554
2019-05-23 23:06:00,0.34954196604843446
2019-05-23 23:09:00,0.3790725869867515
2019-05-23 23:12:00,0.4623838081168401
2019-05-23 23:15:00,0.47408902896739846
2019-05-23 23:18:00,0.38976959926554855
2019-05-23 23:21:00,0.4150179890575032
2019-05-23 23:24:00,0.4005847456082279
2019-05-23 23:27:00,0.31103389574116136
2019-05-23 23:30:00,0.30481080055346865
2019-05-23 23:33:00,0.34868621978824876
2019-05-23 23:36:00,0.4039201610799523
2019-05-23 23:39:00,0.458760295788295
2019-05-23 23:42:00,0.40377042026693744
2019-05-23 23:45:00,0.3988559838727497
2019-05-23 23:48:00,0.3983809969213894
2019-05-23 23:51:00,0.3867996419158999
2019-05-23 23:54:00,0.34712279759554576
2019-05-23 23:57:00,0.3561476328485469
2019-05-24 00:00:00,0.33515497318200005
2019-05-24 00:03:00,0.39089716234792604
2019-05-24 00:06:00,0.3701039736864118
2019-05-24 00:09:00,0.42870086537089946
2019-05-24 00:12:00,0.3981370879861288
2019-05-24 00:15:00,0.4005234119340457
2019-05-24 00:18:00,0.40477879312675213
2019-05-24 00:21:00,0.3995904974709106
2019-05-24 00:24:00,0.3249481126526348
2019-05-24 00:27:00,0.40339174188926563
2019-05-24 00:30:00,0.4093839369288048
2019-05-24 00:33:00,0.36989252981766185
2019-05-24 00:36:00,0.38083576022484067
2019-05-24 00:39:00,0.43336850497081514
2019-05-24 00:42:00,0.3564372613144542
2019-05-24 00:45:00,0.4206177146269283
2019-05-24 00:48:00,0.3881695925610984
2019-05-24 00:51:00,0.36856361032073437
2019-05-24 00:54:00,0.36515634964951005
2019-05-24 00:57:00,0.4166820979361887
2019-05-24 01:00:00,0.34417934999544286
2019-05-24 01:03:00,0.39393814476233047
2019-05-24 01:06:00,0.3640448850387088
2019-05-24 01:09:00,0.37778124004802294
2019-05-24 01:12:00,0.3667524797118631
2019-05-24 01:15:00,0.3815705615720617
2019-05-24 01:18:00,0.32796382620381337
2019-05-24 01:21:00,0.37194618797616386
2019-05-24 01:24:00,0.2706401173214772
2019-05-24 01:27:00,0.40544028618933226
2019-05-24 01:30:00,0.3202574898514854
2019-05-24 01:33:00,0.46340577568093977
2019-05-24 01:36:00,0.33241322352193947
2019-05-24 01:39:00,0.4571869550899237
2019-05-24 01:42:00,0.4252010633975942
2019-05-24 01:45:00,0.4375828202749972
2019-05-24 01:48:00,0.2982189733762084
2019-05-24 01:51:00,0.30909187403386795
2019-05-24 01:54:00,0.40312755233571806
2019-05-24 01:57:00,0.3319572340025161
2019-05-24 02:00:00,0.3721933767724295
2019-05-24 02:03:00,0.3736362860963709
2019-05-24 02:06:00,0.35590615840044393
2019-05-24 02:09:00,0.25996760232442284
2019-05-24 02:12:00,0.23347647163581087
2019-05-24 02:15:00,0.35943461367094187
2019-05-24 02:18:00,0.3207324196034165
2019-05-24 02:21:00,0.36681768423432004
2019-05-24 02:24:00,0.3252599795934543
2019-05-24 02:27:00,0.3015177435181613
2019-05-24 02:30:00,0.3270464379598934
2019-05-24 02:33:00,0.3282003882324034
2019-05-24 02:36:00,0.35960875856397934
2019-05-24 02:39:00,0.3240343252282969
2019-05-24 02:42:00,0.32300181361387104
2019-05-24 02:45:00,0.39356436350192325
2019-05-24 02:48:00,0.29434059333163987
2019-05-24 02:51:00,0.35167099287002657
2019-05-24 02:54:00,0.37924664218422777
2019-05-24 02:57:00,0.3309041557151886
2019-05-24 03:00:00,0.34163488195798664
2019-05-24 03:03:00,0.3891419183787548
2019-05-24 03:06:00,0.42517626204926273
2019-05-24 03:09:00,0.4058284290584311
2019-05-24 03:12:00,0.315970883109685
2019-05-24 03:15:00,0.3266161595631729
2019-05-24 03:18:00,0.39196713218086643
2019-05-24 03:21:00,0.28802094937924494
2019-05-24 03:24:00,0.19219259168414737
2019-05-24 03:27:00,0.36885025922754267
2019-05-24 03:30:00,0.4401547211342631
2019-05-24 03:33:00,0.5199951050864797
2019-05-24 03:36:00,0.3850695990341251
2019-05-24 03:39:00,0.37446287262326905
2019-05-24 03:42:00,0.33398666524237797
2019-05-24 03:45:00,0.3661938209873483
2019-05-24 03:48:00,0.322279227351828
2019-05-24 03:51:00,0.2818604565670171
2019-05-24 03:54:00,0.36976840562272173
2019-05-24 03:57:00,0.20624168544259192
2019-05-24 04:00:00,0.33183088468973665
2019-05-24 04:03:00,0.2761607285983132
2019-05-24 04:06:00,0.28983209100272234
2019-05-24 04:09:00,0.28378979426167916
2019-05-24 04:12:00,0.32586323074781376
2019-05-24 04:15:00,0.23627532099550308
2019-05-24 04:18:00,0.0947486779292035
2019-05-24 04:21:00,0.19837660913293576
2019-05-24 04:24:00,0.20766528871899936
2019-05-24 04:27:00,0.12613337775889022
2019-05-24 04:30:00,0.32929530540423
2019-05-24 04:33:00,0.3012488253006609
2019-05-24 04:36:00,0.34204020295089776
2019-05-24 04:39:00,0.18095010534744915
2019-05-24 04:42:00,0.27819603661851033
2019-05-24 04:45:00,0.18204745625683927
2019-05-24 04:48:00,0.23457445000275357
2019-05-24 04:51:00,0.2532524766334632
2019-05-24 04:54:00,0.23441769625725328
2019-05-24 04:57:00,0.23792266690298902
2019-05-24 05:00:00,0.1786590524479834
2019-05-24 05:03:00,0.3319008418545195
2019-05-24 05:06:00,0.31089449286156423
2019-05-24 05:09:00,0.20267114649936957
2019-05-24 05:12:00,0.32625335131677957
2019-05-24 05:15:00,0.12093052369851875
2019-05-24 05:18:00,0.24869151135737866
2019-05-24 05:21:00,0.26241301498919256
2019-05-24 05:24:00,0.20570454081808975
2019-05-24 05:27:00,0.3061078286427801
2019-05-24 05:30:00,0.23552209962628012
2019-05-24 05:33:00,0.19988518274197986
2019-05-24 05:36:00,0.3062325220062121
2019-05-24 05:39:00,0.3995531091326825
2019-05-24 05:42:00,0.3441085916055613
2019-05-24 05:45:00,0.2408969290505638
2019-05-24 05:48:00,0.3581639274049735
2019-05-24 05:51:00,0.24065277439973443
2019-05-24 05:54:00,0.26372798082320514
2019-05-24 05:57:00,0.2579633760235538
2019-05-24 06:00:00,0.1552255203532127
2019-05-24 06:03:00,0.2259352446075127
2019-05-24 06:06:00,0.19040992430041115
2019-05-24 06:09:00,0.23537507410242142
2019-05-24 06:12:00,0.21538348286406972
2019-05-24 06:15:00,0.2634643641384855
2019-05-24 06:18:00,0.17507287114801784
2019-05-24 06:21:00,0.2684824311207876
2019-05-24 06:24:00,0.23777484809664884
2019-05-24 06:27:00,0.2366427360437342
2019-05-24 06:30:00,0.30874692062064923
2019-05-24 06:33:00,0.2410656222318721
2019-05-24 06:36:00,0.27081385364010657
2019-05-24 06:39:00,0.29345460203376206
2019-05-24 06:42:00,0.23145805275379416
2019-05-24 06:45:00,0.25026012752243787
2019-05-24 06:48:00,0.30283725280384033
2019-05-24 06:51:00,0.24898900842299554
2019-05-24 06:54:00,0.2042786101950469
2019-05-24 06:57:00,0.35064276029618213
2019-05-24 07:00:00,0.1880838566284524
2019-05-24 07:03:00,0.12639137844246306
2019-05-24 07:06:00,0.2982181847777383
2019-05-24 07:09:00,0.2894313531992907
2019-05-24 07:12:00,0.2630844023047416
2019-05-24 07:15:00,0.28068699909249517
2019-05-24 07:18:00,0.23681533940566624
2019-05-24 07:21:00,0.2919470764482526
2019-05-24 07:24:00,0.16933305035473722
2019-05-24 07:27:00,0.29051817200877394
2019-05-24 07:30:00,0.299136042001237
2019-05-24 07:33:00,0.25445806700787443
2019-05-24 07:36:00,0.207990964549424
2019-05-24 07:39:00,0.23787291014292578
2019-05-24 07:42:00,0.16679895969377867
2019-05-24 07:45:00,0.09239234805085061
2019-05-24 07:48:00,0.1961876324026548
2019-05-24 07:51:00,0.20174609015617762
2019-05-24 07:54:00,0.1194612749272892
2019-05-24 07:57:00,0.17630539326961525
2019-05-24 08:00:00,0.1370322698899713
2019-05-24 08:03:00,0.15646170751864474
2019-05-24 08:06:00,0.1944746218396176
2019-05-24 08:09:00,0.17453326258976176
2019-05-24 08:12:00,0.1868557852984054
2019-05-24 08:15:00,0.22839822444495894
2019-05-24 08:18:00,0.2383103067262482
2019-05-24 08:21:00,0.116554703529971
2019-05-24 08:24:00,0.07845743732769961
2019-05-24 08:27:00,0.08282609145703645
2019-05-24 08:30:00,0.04633385177760374
2019-05-24 08:33:00,0.0446769916404719
2019-05-24 08:36:00,0.13064450667587835
2019-05-24 08:39:00,0.026754845113828196
2019-05-24 08:42:00,0.09865583729822447
2019-05-24 08:45:00,0.05838620612348677
2019-05-24 08:48:00,0.011937605859827727
2019-05-24 08:51:00,0.008684946805260552
2019-05-24 08:54:00,0.07199805309863905
2019-05-24 08:57:00,0.06732131133310304
2019-05-24 09:00:00,-0.0378220517399086
2019-05-24 09:03:00,0.0456614836953122
2019-05-24 09:06:00,0.03743465080128772
2019-05-24 09:09:00,0.0816076819924092
2019-05-24 09:12:00,0.009171097967907826
2019-05-24 09:15:00,-0.0061921005187741684
2019-05-24 09:18:00,-0.04258076984831405
2019-05-24 09:21:00,-0.06794474482876467
2019-05-24 09:24:00,0.13405364530035513
2019-05-24 09:27:00,0.0338543476450468
2019-05-24 09:30:00,-0.04992162379437559
2019-05-24 09:33:00,-0.04941753272856886
2019-05-24 09:36:00,0.07092962527264035
2019-05-24 09:39:00,-0.052876746158233345
2019-05-24 09:42:00,0.034477696807925895
2019-05-24 09:45:00,0.0376816166292997
2019-05-24 09:48:00,-0.04292488455723742
2019-05-24 09:51:00,0.018997688954868863
2019-05-24 09:54:00,-0.045425200730392135
2019-05-24 09:57:00,-0.06303796905740455
2019-05-24 10:00:00,-0.0015810547452019819
2019-05-24 10:03:00,-0.030426914238319114
2019-05-24 10:06:00,-0.10566948472035165
2019-05-24 10:09:00,-0.09571726378192125
2019-05-24 10:12:00,-0.00249706552904172
2019-05-24 10:15:00,-0.10306172074336928
2019-05-24 10:18:00,0.029751127283304868
2019-05-24 10:21:00,-0.141751796852418
2019-05-24 10:24:00,-0.09702067354680821
2019-05-24 10:27:00,-0.15794410555429295
2019-05-24 10:30:00,-0.07924491751117557
2019-05-24 10:33:00,-0.10969082479903136
2019-05-24 10:36:00,-0.0631281502800789
2019-05-24 10:39:00,-0.13109551369745986
2019-05-24 10:42:00,-0.17545817759742022
2019-05-24 10:45:00,-0.16230664750605683
2019-05-24 10:48:00,-0.08072046834473667
2019-05-24 10:51:00,-0.192012536095433
2019-05-24 10:54:00,-0.1372953799986476
2019-05-24 10:57:00,-0.1850142286064056
2019-05-24 11:00:00,-0.14642441448319232
2019-05-24 11:03:00,-0.26906752081407603
2019-05-24 11:06:00,-0.21743024766743702
2019-05-24 11:09:00,-0.14028407201482196
2019-05-24 11:12:00,-0.26016589377388755
2019-05-24 11:15:00,-0.18795881245779356
2019-05-24 11:18:00,-0.22813759792188648
2019-05-24 11:21:00,-0.262426773468178
2019-05-24 11:24:00,-0.28087922521564224
2019-05-24 11:27:00,-0.3993695421373218
2019-05-24 11:30:00,-0.2582347410647685
2019-05-24 11:33:00,-0.20412983004206353
2019-05-24 11:36:00,-0.25054223227328976
2019-05-24 11:39:00,-0.3233769199667904
2019-05-24 11:42:00,-0.3529916246558287
2019-05-24 11:45:00,-0.38463788075642924
2019-05-24 11:48:00,-0.21164446160781836
2019-05-24 11:51:00,-0.3036342422723237
2019-05-24 11:54:00,-0.2617979355695752
2019-05-24 11:57:00,-0.29272289758932857
2019-05-24 12:00:00,-0.3242205663607365
2019-05-24 12:03:00,-0.25736625959746107
2019-05-24 12:06:00,-0.16540255603797505
2019-05-24 12:09:00,-0.23539161297844657
2019-05-24 12:12:00,-0.17714949830082105
2019-05-24 12:15:00,-0.18984737770182392
2019-05-24 12:18:00,-0.1481156266794983
2019-05-24 12:21:00,-0.10827552510767191
2019-05-24 12:24:00,-0.06711878170267482
2019-05-24 12:27:00,-0.04682952622920311
2019-05-24 12:30:00,-0.20314866271365872
2019-05-24 12:33:00,-0.27564157861519334
2019-05-24 12:36:00,-0.38521157695720376
2019-05-24 12:39:00,-0.4189365463039394
2019-05-24 12:42:00,-0.31302399526521185
2019-05-24 12:45:00,-0.472760327495223
2019-05-24 12:48:00,-0.4880928923292913
2019-05-24 12:51:00,-0.42591710836842367
2019-05-24 12:54:00,-0.5635779961447724
2019-05-24 12:57:00,-0.4656662863344536
2019-05-24 13:00:00,-0.5233458104457327
2019-05-24 13:03:00,-0.4270136625519285
2019-05-24 13:06:00,-0.39196882045195025
2019-05-24 13:09:00,-0.5102918116113528
2019-05-24 13:12:00,-0.43427375575254246
2019-05-24 13:15:00,-0.4548649149896846
2019-05-24 13:18:00,-0.5112245030297231
2019-05-24 13:21:00,-0.4771049106126384
2019-05-24 13:24:00,-0.3973919686690124
2019-05-24 13:27:00,-0.5160827215786412
2019-05-24 13:30:00,-0.465103254383223
2019-05-24 13:33:00,-0.47902356143009683
2019-05-24 13:36:00,-0.4933815800611683
2019-05-24 13:39:00,-0.4934824439265526
2019-05-24 13:42:00,-0.4299340317809879
2019-05-24 13:45:00,-0.5243992797952615
2019-05-24 13:48:00,-0.4337885955929437
2019-05-24 13:51:00,-0.4437191882978482
2019-05-24 13:54:00,-0.4228655717017773
2019-05-24 13:57:00,-0.252112222661367
2019-05-24 14:00:00,-0.13579635293217507
2019-05-24 14:03:00,-0.26197644277004883
2019-05-24 14:06:00,-0.28747098830041296
2019-05-24 14:09:00,-0.30299529197947095
2019-05-24 14:12:00,-0.398287778692179
2019-05-24 14:15:00,-0.44199454888138234
2019-05-24 14:18:00,-0.47285892143770525
2019-05-24 14:21:00,-0.297748576098968
2019-05-24 14:24:00,-0.23551353118813267
2019-05-24 14:27:00,-0.2776254364088686
2019-05-24 14:30:00,-0.33942911284879074
2019-05-24 14:33:00,-0.39186522654654254
2019-05-24 14:36:00,-0.39564950189651427
2019-05-24 14:39:00,-0.23514332606197286
2019-05-24 14:42:00,-0.21846802503392837
2019-05-24 14:45:00,0.024804825543355946
2019-05-24 14:48:00,0.11203951885141805
2019-05-24 14:51:00,0.027620876518312798
2019-05-24 14:54:00,0.0021367762932413825
2019-05-24 14:57:00,-0.003260105987692441
2019-05-24 15:00:00,0.09129400751828598
2019-05-24 15:03:00,-0.037644152237703565
2019-05-24 15:06:00,0.07178464683096308
2019-05-24 15:09:00,0.05238479793274564
2019-05-24 15:12:00,-0.07206460770692047
2019-05-24 15:15:00,-0.0579706242812108
2019-05-24 15:18:00,-0.0033442247336097353
2019-05-24 15:21:00,-0.07085465462279217
2019-05-24 15:24:00,0.03822222184516022
2019-05-24 15:27:00,0.39184276315188526
2019-05-24 15:30:00,0.45822374996652115
2019-05-24 15:33:00,0.4287245633962016
2019-05-24 15:36:00,0.20574961455793073
2019-05-24 15:39:00,0.20029979614639615
2019-05-24 15:42:00,0.13283219055989548
2019-05-24 15:45:00,0.10632008231675627
2019-05-24 15:48:00,0.11483497607594018
2019-05-24 15:51:00,-0.028638717892249588
2019-05-24 15:54:00,-0.09863839769724336
2019-05-24 15:57:00,-0.14935083376184366
2019-05-24 16:00:00,0.022250238332730987
2019-05-24 16:03:00,0.07116680459125746
2019-05-24 16:06:00,0.023820389748891557
2019-05-24 16:09:00,0.15832926209617426
2019-05-24 16:12:00,0.11530908745970692
2019-05-24 16:15:00,0.043819019760178435
2019-05-24 16:18:00,0.03014600634753606
2019-05-24 16:21:00,0.12130222028179105
2019-05-24 16:24:00,0.07934147688877147
2019-05-24 16:27:00,-0.1211361672379212
2019-05-24 16:30:00,-0.02018089043576765
2019-05-24 16:33:00,0.09981971347428953
2019-05-24 16:36:00,0.17756717559342405
2019-05-24 16:39:00,0.010725795041821584
2019-05-24 16:42:00,0.15227759195971657
2019-05-24 16:45:00,0.10032956884418809
2019-05-24 16:48:00,0.1408229431798418
2019-05-24 16:51:00,0.03530852078955604
2019-05-24 16:54:00,0.119755883076607
2019-05-24 16:57:00,0.04954456320871259
2019-05-24 17:00:00,0.13469468637526916
2019-05-24 17:03:00,0.19850694106031597
2019-05-24 17:06:00,0.0574554410218866
2019-05-24 17:09:00,0.1686996601100077
2019-05-24 17:12:00,0.13373075392985356
2019-05-24 17:15:00,0.29288942102044757
2019-05-24 17:18:00,0.15699595930004762
2019-05-24 17:21:00,0.11074600393635592
2019-05-24 17:24:00,0.1500828200786941
2019-05-24 17:27:00,0.1605326823371911
2019-05-24 17:30:00,0.16946953601666337
2019-05-24 17:33:00,0.1356181758928301
2019-05-24 17:36:00,0.13729141371510423
2019-05-24 17:39:00,0.13008196838478625
2019-05-24 17:42:00,0.16611553817904223
2019-05-24 17:45:00,0.15796775832939147
2019-05-24 17:48:00,0.1099208441241899
2019-05-24 17:51:00,0.06811311946637488
2019-05-24 17:54:00,0.21164066790822744
2019-05-24 17:57:00,0.1314553081899703
2019-05-24 18:00:00,0.0657443509705331
2019-05-24 18:03:00,0.02798982686937279
2019-05-24 18:06:00,0.012353894897273676
2019-05-24 18:09:00,0.03845453382251662
2019-05-24 18:12:00,0.11860292015290952
2019-05-24 18:15:00,0.04791489953430528
2019-05-24 18:18:00,-0.03722146464360776
2019-05-24 18:21:00,0.003186934986445067
2019-05-24 18:24:00,0.045847539830958794
2019-05-24 18:27:00,0.1367160331105879
2019-05-24 18:30:00,0.056037181783324286
2019-05-24 18:33:00,0.034551363087075515
2019-05-24 18:36:00,0.0730224950246452
2019-05-24 18:39:00,0.07334728781563626
2019-05-24 18:42:00,-0.0031676042233357293
2019-05-24 18:45:00,-0.02809463565756687
2019-05-24 18:48:00,0.04599370253862389
2019-05-24 18:51:00,0.038024772249059424
2019-05-24 18:54:00,
2019-05-24 18:57:00,
2019-05-24 19:00:00,
2019-05-24 19:03:00,0.05082210784854624
2019-05-24 19:06:00,0.07452715205596405
2019-05-24 19:09:00,0.28687323874015647
2019-05-24 19:12:00,0.5507053772542463
2019-05-24 19:15:00,0.5864667893313822
2019-05-24 19:18:00,0.5494598538562627
2019-05-24 19:21:00,0.5912322377459986
2019-05-24 19:24:00,0.6105714544202101
2019-05-24 19:27:00,0.651226105042042
2019-05-24 19:30:00,0.6901381694088968
2019-05-24 19:33:00,0.7519319644012512
2019-05-24 19:36:00,0.6950216600451427
2019-05-24 19:39:00,0.8111603136887311
2019-05-24 19:42:00,0.7510145771682346
2019-05-24 19:45:00,0.8829283196228062
2019-05-24 19:48:00,0.658350048763225
2019-05-24 19:51:00,0.6215634226260249
2019-05-24 19:54:00,0.26352426919993377
2019-05-24 19:57:00,0.4468637070191903
2019-05-24 20:00:00,0.29820627664418
2019-05-24 20:03:00,0.2723401954742144
2019-05-24 20:06:00,0.45070071789780286
2019-05-24 20:09:00,0.5917494496263203
2019-05-24 20:12:00,0.5941119310730301
2019-05-24 20:15:00,0.8109409104141605
2019-05-24 20:18:00,0.8406919692956762
2019-05-24 20:21:00,0.8255580786324117
2019-05-24 20:24:00,0.7675868741230829
2019-05-24 20:27:00,0.7609192791701389
2019-05-24 20:30:00,0.6250233651618373
2019-05-24 20:33:00,0.5875680568950656
2019-05-24 20:36:00,0.5282227226973646
2019-05-24 20:39:00,0.4294752452588
2019-05-24 20:42:00,0.432551855514987
2019-05-24 20:45:00,0.44739177622187754
2019-05-24 20:48:00,0.388778379817893
2019-05-24 20:51:00,0.3991579707816868
2019-05-24 20:54:00,0.4836690644604005
2019-05-24 20:57:00,0.4995431613059509
2019-05-24 21:00:00,0.4680608852499972
2019-05-24 21:03:00,0.4316029042356604
2019-05-24 21:06:00,0.28243096511289423
2019-05-24 21:09:00,0.37199600358593443
2019-05-24 21:12:00,0.2784241937690126
2019-05-24 21:15:00,0.3071982843542287
2019-05-24 21:18:00,0.3597179271158666
2019-05-24 21:21:00,0.2768784218113751
2019-05-24 21:24:00,0.286590109537201
2019-05-24 21:27:00,0.29084523597350653
2019-05-24 21:30:00,0.3843785132766584
2019-05-24 21:33:00,0.5102636604208897
2019-05-24 21:36:00,0.5200350828046112
2019-05-24 21:39:00,0.5173286868375158
2019-05-24 21:42:00,0.37970909611931347
2019-05-24 21:45:00,0.32252204674915674
2019-05-24 21:48:00,0.3899253160332137
2019-05-24 21:51:00,0.39249470768407946
2019-05-24 21:54:00,0.42872542975618444
2019-05-24 21:57:00,0.4299239038633118
2019-05-24 22:00:00,0.4198074881117009
2019-05-24 22:03:00,0.4362560285609334
2019-05-24 22:06:00,0.4328397758683309
2019-05-24 22:09:00,0.4352879291432714
2019-05-24 22:12:00,0.44845093277604064
2019-05-24 22:15:00,0.42638088175328903
2019-05-24 22:18:00,0.4262461086281064
2019-05-24 22:21:00,0.5606188090437172
2019-05-24 22:24:00,0.49264337994065954
2019-05-24 22:27:00,0.5942679028037219
2019-05-24 22:30:00,0.6381451655753949
2019-05-24 22:33:00,0.5072486075429765
2019-05-24 22:36:00,0.45620049584897515
2019-05-24 22:39:00,0.3871242695240653
2019-05-24 22:42:00,0.3517721136138334
2019-05-24 22:45:00,0.33949731527411586
2019-05-24 22:48:00,0.38969595222181397
2019-05-24 22:51:00,0.313243215233058
2019-05-24 22:54:00,0.35382449187295606
2019-05-24 22:57:00,0.30679619125959334
2019-05-24 23:00:00,0.36329770660091754
2019-05-24 23:03:00,0.3238353858151868
2019-05-24 23:06:00,0.3987718341721802
2019-05-24 23:09:00,0.3034573890224692
2019-05-24 23:12:00,0.36498196249237935
2019-05-24 23:15:00,0.331291802258022
2019-05-24 23:18:00,0.28478014891300063
2019-05-24 23:21:00,0.26636983948179704
2019-05-24 23:24:00,0.32293715405546664
2019-05-24 23:27:00,0.3148333026130672
2019-05-24 23:30:00,0.2546836281837841
2019-05-24 23:33:00,0.31563158661396074
2019-05-24 23:36:00,0.3814849991069309
2019-05-24 23:39:00,0.38730661360096974
2019-05-24 23:42:00,0.47184411867925746
2019-05-24 23:45:00,0.43859167408146504
2019-05-24 23:48:00,0.32143298687708466
2019-05-24 23:51:00,0.3225120462595328
2019-05-24 23:54:00,0.36424055111274356
2019-05-24 23:57:00,0.310257071125136
2019-05-25 00:00:00,0.39129921799832346
2019-05-25 00:03:00,0.4464695245496273
2019-05-25 00:06:00,0.3359191648924593
2019-05-25 00:09:00,0.4751007447026723
2019-05-25 00:12:00,0.4262536792941205
2019-05-25 00:15:00,0.5035208887821341
2019-05-25 00:18:00,0.5726868314021658
2019-05-25 00:21:00,0.6484901283572526
2019-05-25 00:24:00,0.5872469580398274
2019-05-25 00:27:00,0.7725852142359031
2019-05-25 00:30:00,0.6520666667286719
2019-05-25 00:33:00,0.7202354197490308
2019-05-25 00:36:00,0.6666968711709274
2019-05-25 00:39:00,0.6658038465548088
2019-05-25 00:42:00,0.6934275067667954
2019-05-25 00:45:00,0.6262075492904273
2019-05-25 00:48:00,0.7168142766915366
2019-05-25 00:51:00,0.7515616378789218
2019-05-25 00:54:00,0.692956978773168
2019-05-25 00:57:00,0.6311056428026518
2019-05-25 01:00:00,0.6530254400007607
2019-05-25 01:03:00,0.6877167550691183
2019-05-25 01:06:00,0.6536264121116915
2019-05-25 01:09:00,0.6009078818873945
2019-05-25 01:12:00,0.5305159154027024
2019-05-25 01:15:00,0.4148450346005461
2019-05-25 01:18:00,0.48209007820258876
2019-05-25 01:21:00,0.489904400192529
2019-05-25 01:24:00,0.4617842752733168
2019-05-25 01:27:00,0.47511483581911307
2019-05-25 01:30:00,0.44164655739695036
2019-05-25 01:33:00,0.4979050230064104
2019-05-25 01:36:00,0.39474552801300433
2019-05-25 01:39:00,0.48296664332775663
2019-05-25 01:42:00,0.45347371790893476
2019-05-25 01:45:00,0.3937360143964952
2019-05-25 01:48:00,0.3582559481096723
2019-05-25 01:51:00,0.4997990390960467
2019-05-25 01:54:00,0.4446525075986756
2019-05-25 01:57:00,0.4364093656718637
2019-05-25 02:00:00,0.517034355399403
2019-05-25 02:03:00,0.5436100847874741
2019-05-25 02:06:00,0.5225335136856302
2019-05-25 02:09:00,0.5084608090397182
2019-05-25 02:12:00,0.5413316491606679
2019-05-25 02:15:00,0.4266739280412253
2019-05-25 02:18:00,0.42533056042236694
2019-05-25 02:21:00,0.30757996913109764
2019-05-25 02:24:00,0.26747807841360327
2019-05-25 02:27:00,0.44973197206428495
2019-05-25 02:30:00,0.5835264371617654
2019-05-25 02:33:00,0.599822753796218
2019-05-25 02:36:00,0.595476456801407
2019-05-25 02:39:00,0.5806472569282732
2019-05-25 02:42:00,0.5187407813604636
2019-05-25 02:45:00,0.3717914786975598
2019-05-25 02:48:00,0.4767228189430739
2019-05-25 02:51:00,0.32050885120310113
2019-05-25 02:54:00,0.44733823240869697
2019-05-25 02:57:00,0.36020109207919404
2019-05-25 03:00:00,0.36965812637492945
2019-05-25 03:03:00,0.45380966068603357
2019-05-25 03:06:00,0.354813515860144
2019-05-25 03:09:00,0.30255424480310467
2019-05-25 03:12:00,0.36698455430814647
2019-05-25 03:15:00,0.2987335286016446
2019-05-25 03:18:00,0.2885318052444177
2019-05-25 03:21:00,0.2655008644647978
2019-05-25 03:24:00,0.2692665251677795
2019-05-25 03:27:00,0.34500614319392753
2019-05-25 03:30:00,0.3526376914439311
2019-05-25 03:33:00,0.37698995058718765
2019-05-25 03:36:00,0.29875302711383256
2019-05-25 03:39:00,0.2993255305820526
2019-05-25 03:42:00,0.39442685677943246
2019-05-25 03:45:00,0.31811329238638564
2019-05-25 03:48:00,0.42074867256314974
2019-05-25 03:51:00,0.3360705901118308
2019-05-25 03:54:00,0.34475489102351276
2019-05-25 03:57:00,0.42240620051103406
2019-05-25 04:00:00,0.5412474982598496
2019-05-25 04:03:00,0.33183592206717094
2019-05-25 04:06:00,0.3869654661128834
2019-05-25 04:09:00,0.42131117080987224
2019-05-25 04:12:00,0.42157650357916054
2019-05-25 04:15:00,0.3764137124338731
2019-05-25 04:18:00,0.38488080891801246
2019-05-25 04:21:00,0.3642462689435888
2019-05-25 04:24:00,0.4554357713755053
2019-05-25 04:27:00,0.33568151110870303
2019-05-25 04:30:00,0.3829105074900099
2019-05-25 04:33:00,0.401276849966564
2019-05-25 04:36:00,0.37873099751089967
2019-05-25 04:39:00,0.412198840219844
2019-05-25 04:42:00,0.44410523808204516
2019-05-25 04:45:00,0.4306579988315775
2019-05-25 04:48:00,0.3582813210047675
2019-05-25 04:51:00,0.44902931495477105
2019-05-25 04:54:00,0.4564049633869445
2019-05-25 04:57:00,0.4473328806060408
2019-05-25 05:00:00,0.3807401395922625
2019-05-25 05:03:00,0.36568648835634576
2019-05-25 05:06:00,0.3808965444645196
2019-05-25 05:09:00,0.4820707203808752
2019-05-25 05:12:00,0.34826187501050754
2019-05-25 05:15:00,0.491893941442072
2019-05-25 05:18:00,0.4909018299110812
2019-05-25 05:21:00,0.4445448908600156
2019-05-25 05:24:00,0.31118532040335367
2019-05-25 05:27:00,0.4214518436220942
2019-05-25 05:30:00,0.3853507745549791
2019-05-25 05:33:00,0.4373974406836396
2019-05-25 05:36:00,0.4165477248682805
2019-05-25 05:39:00,0.3306732269570034
2019-05-25 05:42:00,0.4240396983800565
2019-05-25 05:45:00,0.4269230155072705
2019-05-25 05:48:00,0.3142178390740469
2019-05-25 05:51:00,0.32102586840665026
2019-05-25 05:54:00,0.44127494884446605
2019-05-25 05:57:00,0.41156408053944915
2019-05-25 06:00:00,0.4869154888701246
2019-05-25 06:03:00,0.40067256443512633
2019-05-25 06:06:00,0.282895668120716
2019-05-25 06:09:00,0.44587906794896526
2019-05-25 06:12:00,0.45296738364771727
2019-05-25 06:15:00,0.4079385559470552
2019-05-25 06:18:00,0.32821657158820017
2019-05-25 06:21:00,0.35114991228061854
2019-05-25 06:24:00,0.30412792743834416
2019-05-25 06:27:00,0.4242951628875744
2019-05-25 06:30:00,0.3740496981586148
2019-05-25 06:33:00,0.26432245727579584
2019-05-25 06:36:00,0.412348950767921
2019-05-25 06:39:00,0.38734810238844375
2019-05-25 06:42:00,0.37333945382403044
2019-05-25 06:45:00,0.41269871043419926
2019-05-25 06:48:00,0.3236094335782127
2019-05-25 06:51:00,0.33653241877345863
2019-05-25 06:54:00,0.32488183928325043
2019-05-25 06:57:00,0.3886763266606863
2019-05-25 07:00:00,0.3946151733515535
2019-05-25 07:03:00,0.35045795621550724
2019-05-25 07:06:00,0.42639441913240717
2019-05-25 07:09:00,0.26454509006566695
2019-05-25 07:12:00,0.298913228025242
2019-05-25 07:15:00,0.3341133238693601
2019-05-25 07:18:00,0.39121618094253563
2019-05-25 07:21:00,0.22953783405142758
2019-05-25 07:24:00,0.25043444272125726
2019-05-25 07:27:00,0.29751963243489854
2019-05-25 07:30:00,0.3993084574979662
2019-05-25 07:33:00,0.341859256104442
2019-05-25 07:36:00,0.2756450892741782
2019-05-25 07:39:00,0.37912357675088515
2019-05-25 07:42:00,0.2832721703033485
2019-05-25 07:45:00,0.3582257146566121
2019-05-25 07:48:00,0.3427444415666514
2019-05-25 07:51:00,0.35636957882167053
2019-05-25 07:54:00,0.32952233168828116
2019-05-25 07:57:00,0.2615818059648518
2019-05-25 08:00:00,0.3144087834148195
2019-05-25 08:03:00,0.2490853506887447
2019-05-25 08:06:00,0.18908416556877228
2019-05-25 08:09:00,0.18832183385433154
2019-05-25 08:12:00,0.2946031702734331
2019-05-25 08:15:00,0.3462392628682096
2019-05-25 08:18:00,0.19385655448837724
2019-05-25 08:21:00,0.3410626953126439
2019-05-25 08:24:00,0.3359195493729885
2019-05-25 08:27:00,0.2495491488340349
2019-05-25 08:30:00,0.37633543562503746
2019-05-25 08:33:00,0.29996647677535293
2019-05-25 08:36:00,0.20681716636818237
2019-05-25 08:39:00,0.31813837446190973
2019-05-25 08:42:00,0.18647606238602066
2019-05-25 08:45:00,0.22184947699128088
2019-05-25 08:48:00,0.2742798558731465
2019-05-25 08:51:00,0.20519023847879225
2019-05-25 08:54:00,0.24049286608482134
2019-05-25 08:57:00,0.18101708877424016
2019-05-25 09:00:00,0.21225083542208267
2019-05-25 09:03:00,0.2950235362607714
2019-05-25 09:06:00,0.20249314167870125
2019-05-25 09:09:00,0.20900035676919515
2019-05-25 09:12:00,0.2998006804759825
2019-05-25 09:15:00,0.14550091310269408
2019-05-25 09:18:00,0.23034780300531565
2019-05-25 09:21:00,0.23015345791111486
2019-05-25 09:24:00,0.2392243634553779
2019-05-25 09:27:00,0.24387520247574912
2019-05-25 09:30:00,0.10849680116626814
2019-05-25 09:33:00,0.07027464305508602
2019-05-25 09:36:00,0.18374431053604212
2019-05-25 09:39:00,0.15081262026285458
2019-05-25 09:42:00,0.1181002929541819
2019-05-25 09:45:00,0.07713465080064452
2019-05-25 09:48:00,0.13988757325944334
2019-05-25 09:51:00,0.055703142967274744
2019-05-25 09:54:00,0.05403195726461263
2019-05-25 09:57:00,0.0659080126582694
2019-05-25 10:00:00,0.0870482340376384
2019-05-25 10:03:00,0.030390232511251725
2019-05-25 10:06:00,0.022678682489413404
2019-05-25 10:09:00,0.06322359308501291
2019-05-25 10:12:00,0.05834903147689374
2019-05-25 10:15:00,-0.04699990727402792
2019-05-25 10:18:00,0.02454110195242265
2019-05-25 10:21:00,-0.026560502201846248
2019-05-25 10:24:00,-0.004290637328040248
2019-05-25 10:27:00,0.029925802927664336
2019-05-25 10:30:00,-0.01278137359338416
2019-05-25 10:33:00,0.060428732004311314
2019-05-25 10:36:00,0.07761456940522748
2019-05-25 10:39:00,0.03007387861356392
2019-05-25 10:42:00,0.036137675634449806
2019-05-25 10:45:00,0.03168671854496097
2019-05-25 10:48:00,0.07927028908687817
2019-05-25 10:51:00,0.07749143318710594
2019-05-25 10:54:00,0.06917996546832228
2019-05-25 10:57:00,0.08819343013237813
2019-05-25 11:00:00,0.03160326380356082
2019-05-25 11:03:00,0.05306889433535389
2019-05-25 11:06:00,-0.00877268145296739
2019-05-25 11:09:00,0.031044389276473794
2019-05-25 11:12:00,0.08376197910615701
2019-05-25 11:15:00,0.03934109611657277
2019-05-25 11:18:00,0.017597836116010512
2019-05-25 11:21:00,0.09734883725377586
2019-05-25 11:24:00,0.13242952545454045
2019-05-25 11:27:00,0.2775536601982367
2019-05-25 11:30:00,0.18416253756242895
2019-05-25 11:33:00,0.22147198883169494
2019-05-25 11:36:00,0.181500476802114
2019-05-25 11:39:00,0.22026364041340685
2019-05-25 11:42:00,0.3679765461761235
2019-05-25 11:45:00,0.4761761286437718
2019-05-25 11:48:00,0.43039350391717335
2019-05-25 11:51:00,0.42406918359023393
2019-05-25 11:54:00,0.36635039742117215
2019-05-25 11:57:00,0.32608158535083476
2019-05-25 12:00:00,0.1755723156007889
2019-05-25 12:03:00,0.3411513508115718
2019-05-25 12:06:00,0.4628511396472277
2019-05-25 12:09:00,0.44525083661432063
2019-05-25 12:12:00,0.41727652047529773
2019-05-25 12:15:00,0.22921831293757577
2019-05-25 12:18:00,0.3424969840589256
2019-05-25 12:21:00,0.4533046193874384
2019-05-25 12:24:00,0.49169834705406856
2019-05-25 12:27:00,0.14179853509131135
2019-05-25 12:30:00,0.316276301753021
2019-05-25 12:33:00,0.2284996002048274
2019-05-25 12:36:00,0.15294108592843259
2019-05-25 12:39:00,0.10987853547885607
2019-05-25 12:42:00,0.10819311649669316
2019-05-25 12:45:00,0.11517109565227202
2019-05-25 12:48:00,0.10445590464354382
2019-05-25 12:51:00,0.35468351219651595
2019-05-25 12:54:00,0.31351359709759663
2019-05-25 12:57:00,0.34997323214929565
2019-05-25 13:00:00,0.4000880753780507
2019-05-25 13:03:00,0.3151998871660453
2019-05-25 13:06:00,0.1972950550183441
2019-05-25 13:09:00,0.22377250957930528
2019-05-25 13:12:00,0.3414773047708195
2019-05-25 13:15:00,0.312621364319682
2019-05-25 13:18:00,0.4192526176427691
2019-05-25 13:21:00,0.46797999385631783
2019-05-25 13:24:00,0.6069026066354581
2019-05-25 13:27:00,0.843758059029426
2019-05-25 13:30:00,0.7539356575766192
2019-05-25 13:33:00,0.6645788408357589
2019-05-25 13:36:00,0.6766632651843452
2019-05-25 13:39:00,0.5737338114088857
2019-05-25 13:42:00,0.35144872819063266
2019-05-25 13:45:00,0.3627177628237632
2019-05-25 13:48:00,0.3703745445248501
2019-05-25 13:51:00,0.44480653400705705
2019-05-25 13:54:00,0.34238731135422995
2019-05-25 13:57:00,0.3325846362944844
2019-05-25 14:00:00,0.34701492946885537
2019-05-25 14:03:00,0.36215666259016643
2019-05-25 14:06:00,0.4350699241487064
2019-05-25 14:09:00,0.4078061095705152
2019-05-25 14:12:00,0.4138092651331817
2019-05-25 14:15:00,0.3440057445111506
2019-05-25 14:18:00,0.29888935747948153
2019-05-25 14:21:00,0.16279502571609328
2019-05-25 14:24:00,0.23659189116813195
2019-05-25 14:27:00,0.1275827713092781
2019-05-25 14:30:00,0.26365701035371103
2019-05-25 14:33:00,0.155083850773849
2019-05-25 14:36:00,0.17916107524621339
2019-05-25 14:39:00,0.2100885754902606
2019-05-25 14:42:00,0.23125053421665598
2019-05-25 14:45:00,0.15038053546629726
2019-05-25 14:48:00,0.15612093432270058
2019-05-25 14:51:00,0.2235881807926603
2019-05-25 14:54:00,0.22728803069310288
2019-05-25 14:57:00,0.14010522272309345
2019-05-25 15:00:00,0.1375760140588227
2019-05-25 15:03:00,0.1604238898800645
2019-05-25 15:06:00,0.10079191992713277
2019-05-25 15:09:00,0.14558476875714632
2019-05-25 15:12:00,0.13380839494232077
2019-05-25 15:15:00,0.11176937734637704
2019-05-25 15:18:00,0.17256697399210452
2019-05-25 15:21:00,0.14861738070521824
2019-05-25 15:24:00,0.15743752681089518
2019-05-25 15:27:00,0.1725831351932925
2019-05-25 15:30:00,0.19290791619687297
2019-05-25 15:33:00,0.14061886613302477
2019-05-25 15:36:00,0.1911580022161843
2019-05-25 15:39:00,0.18325394458685196
2019-05-25 15:42:00,0.11432160958293025
2019-05-25 15:45:00,0.1607539055095799
2019-05-25 15:48:00,0.16638481903260072
2019-05-25 15:51:00,0.16888548487213484
2019-05-25 15:54:00,0.07427226318083058
2019-05-25 15:57:00,0.04746727312112853
2019-05-25 16:00:00,0.22501242825137524
2019-05-25 16:03:00,0.1688993993764143
2019-05-25 16:06:00,0.10311239049946153
2019-05-25 16:09:00,0.08147028880620155
2019-05-25 16:12:00,0.0917414472644964
2019-05-25 16:15:00,0.12620222864870811
2019-05-25 16:18:00,0.083816939538508
2019-05-25 16:21:00,-0.017529397186990536
2019-05-25 16:24:00,0.08404512076737092
2019-05-25 16:27:00,0.023571636169265275
2019-05-25 16:30:00,0.009888216549938988
2019-05-25 16:33:00,0.019307739815417335
2019-05-25 16:36:00,0.09091871393752626
2019-05-25 16:39:00,0.12597371343599661
2019-05-25 16:42:00,0.04622847574654543
2019-05-25 16:45:00,0.008078480499875695
2019-05-25 16:48:00,0.07497762597148494
2019-05-25 16:51:00,0.0008190194625967706
2019-05-25 16:54:00,0.029505951129635832
2019-05-25 16:57:00,0.033557245856400186
2019-05-25 17:00:00,-0.012911625418894346
2019-05-25 17:03:00,0.009944515422034783
2019-05-25 17:06:00,-0.07534412934467127
2019-05-25 17:09:00,-0.1061377493706459
2019-05-25 17:12:00,0.021522026148261375
2019-05-25 17:15:00,0.010364257849744263
2019-05-25 17:18:00,-0.07590016746672745
2019-05-25 17:21:00,0.05173985716339757
2019-05-25 17:24:00,0.09690368544011108
2019-05-25 17:27:00,0.05565631501997359
2019-05-25 17:30:00,0.003362341120691781
2019-05-25 17:33:00,0.05217695779947462
2019-05-25 17:36:00,0.07840152355919372
2019-05-25 17:39:00,0.01919998864087802
2019-05-25 17:42:00,-0.07653783631002398
2019-05-25 17:45:00,0.029486791179010652
2019-05-25 17:48:00,-0.03751737758193485
2019-05-25 17:51:00,0.0581281296519478
2019-05-25 17:54:00,0.06329829166634227
2019-05-25 17:57:00,-0.01803361352654065
2019-05-25 18:00:00,0.0033220136785985233
2019-05-25 18:03:00,-0.026926646030460688
2019-05-25 18:06:00,0.09420710785838082
2019-05-25 18:09:00,-0.06933887056300136
2019-05-25 18:12:00,0.0248258633689602
2019-05-25 18:15:00,0.08724314351661633
2019-05-25 18:18:00,0.07860009607651364
2019-05-25 18:21:00,-0.034272373043904736
2019-05-25 18:24:00,-0.01616329602592259
2019-05-25 18:27:00,0.025546512817072653
2019-05-25 18:30:00,-0.025145899791084503
2019-05-25 18:33:00,-0.03817764009033908
2019-05-25 18:36:00,0.04905422918932345
2019-05-25 18:39:00,0.024190846801218413
2019-05-25 18:42:00,-0.028742059652017815
2019-05-25 18:45:00,-0.006520711483858577
2019-05-25 18:48:00,-0.02377558878799846
2019-05-25 18:51:00,0.03523300993339262
2019-05-25 18:54:00,
2019-05-25 18:57:00,
2019-05-25 19:00:00,
2019-05-25 19:03:00,0.051978400087648424
2019-05-25 19:06:00,0.05168269533800185
2019-05-25 19:09:00,0.03737292275724258
2019-05-25 19:12:00,0.05848536682503891
2019-05-25 19:15:00,0.08002779196669962
2019-05-25 19:18:00,0.0771629791119608
2019-05-25 19:21:00,0.061574040573304956
2019-05-25 19:24:00,0.060991276901347646
2019-05-25 19:27:00,-0.04471197957070672
2019-05-25 19:30:00,0.08904651555985765
2019-05-25 19:33:00,0.1452188479544816
2019-05-25 19:36:00,0.03706051414945932
2019-05-25 19:39:00,0.09927869778277909
2019-05-25 19:42:00,0.16975021349480812
2019-05-25 19:45:00,0.0667765043599502
2019-05-25 19:48:00,-0.007141212687201914
2019-05-25 19:51:00,0.001979474954282523
2019-05-25 19:54:00,0.1579355338163282
2019-05-25 19:57:00,0.12878272129569268
2019-05-25 20:00:00,0.14442969750825796
2019-05-25 20:03:00,0.17386565697086098
2019-05-25 20:06:00,0.2555843642742275
2019-05-25 20:09:00,0.2671560073484329
2019-05-25 20:12:00,0.32096137762249555
2019-05-25 20:15:00,0.39752023733933584
2019-05-25 20:18:00,0.37935804517070437
2019-05-25 20:21:00,0.4045690659565935
2019-05-25 20:24:00,0.3491853515444632
2019-05-25 20:27:00,0.4086865513847897
2019-05-25 20:30:00,0.47710559204131187
2019-05-25 20:33:00,0.48666755352837754
2019-05-25 20:36:00,0.4599764131281745
2019-05-25 20:39:00,0.4124277051858485
2019-05-25 20:42:00,0.4589085094211214
2019-05-25 20:45:00,0.4318699886017612
2019-05-25 20:48:00,0.3794336410351207
2019-05-25 20:51:00,0.3742930413628187
2019-05-25 20:54:00,0.3251281299687321
2019-05-25 20:57:00,0.27826155318768997
2019-05-25 21:00:00,0.28227077104901355
2019-05-25 21:03:00,0.28463346098902775
2019-05-25 21:06:00,0.3454579298562521
2019-05-25 21:09:00,0.29383441041778724
2019-05-25 21:12:00,0.3244740623040343
2019-05-25 21:15:00,0.33159861212260466
2019-05-25 21:18:00,0.37304050520975807
2019-05-25 21:21:00,0.35485671394388874
2019-05-25 21:24:00,0.34945617430520315
2019-05-25 21:27:00,0.34126966619930954
2019-05-25 21:30:00,0.25374972290063624
2019-05-25 21:33:00,0.29672439011176266
2019-05-25 21:36:00,0.3115063415261261
2019-05-25 21:39:00,0.29951061839301474
2019-05-25 21:42:00,0.32439337314605154
2019-05-25 21:45:00,0.3764506103871099
2019-05-25 21:48:00,0.286942570419626
2019-05-25 21:51:00,0.32236881231330017
2019-05-25 21:54:00,0.38757933347869766
2019-05-25 21:57:00,0.3754533515239018
2019-05-25 22:00:00,0.39584561034820354
2019-05-25 22:03:00,0.2957762182900865
2019-05-25 22:06:00,0.3642853640413364
2019-05-25 22:09:00,0.39479505772305856
2019-05-25 22:12:00,0.42055085010906623
2019-05-25 22:15:00,0.42682209355922396
2019-05-25 22:18:00,0.3343655959412217
2019-05-25 22:21:00,0.3536985212695072
2019-05-25 22:24:00,0.44284174799247467
2019-05-25 22:27:00,0.3088732281458988
2019-05-25 22:30:00,0.3448987296768564
2019-05-25 22:33:00,0.3796486355181514
2019-05-25 22:36:00,0.3506025360462104
2019-05-25 22:39:00,0.4616562591873503
2019-05-25 22:42:00,0.43753432698707684
2019-05-25 22:45:00,0.42799647347368364
2019-05-25 22:48:00,0.44824616510459236
2019-05-25 22:51:00,0.37994532275371284
2019-05-25 22:54:00,0.36775890474723383
2019-05-25 22:57:00,0.346192147544798
2019-05-25 23:00:00,0.36238145026953816
2019-05-25 23:03:00,0.312002202217343
2019-05-25 23:06:00,0.290387822528146
2019-05-25 23:09:00,0.401352643513178
2019-05-25 23:12:00,0.40524491647397554
2019-05-25 23:15:00,0.415417521522329
2019-05-25 23:18:00,0.39677319669084454
2019-05-25 23:21:00,0.40093403126235216
2019-05-25 23:24:00,0.437071185363493
2019-05-25 23:27:00,0.4631261237594799
2019-05-25 23:30:00,0.357394505077707
2019-05-25 23:33:00,0.40440178905163293
2019-05-25 23:36:00,0.2814826310086005
2019-05-25 23:39:00,0.3496738822859129
2019-05-25 23:42:00,0.3529433124327852
2019-05-25 23:45:00,0.3896315105979511
2019-05-25 23:48:00,0.39612974525431355
2019-05-25 23:51:00,0.45638121797077247
2019-05-25 23:54:00,0.3767566447908166
2019-05-25 23:57:00,0.3480682624455653
2019-05-26 00:00:00,0.42432443201823844
2019-05-26 00:03:00,0.2705493200119804
2019-05-26 00:06:00,0.27747824810018074
2019-05-26 00:09:00,0.23145363558614918
2019-05-26 00:12:00,0.2994920440734745
2019-05-26 00:15:00,0.2740418117204513
2019-05-26 00:18:00,0.23114927647668537
2019-05-26 00:21:00,0.2843164979618109
2019-05-26 00:24:00,0.3467734898543995
2019-05-26 00:27:00,0.3111924282680434
2019-05-26 00:30:00,0.3043315974153984
2019-05-26 00:33:00,0.2796648026912294
2019-05-26 00:36:00,0.30099969999531595
2019-05-26 00:39:00,0.4108778642225275
2019-05-26 00:42:00,0.3066980613604642
2019-05-26 00:45:00,0.31331613380228873
2019-05-26 00:48:00,0.42064314868207475
2019-05-26 00:51:00,0.37898759835184137
2019-05-26 00:54:00,0.43894307051658643
2019-05-26 00:57:00,0.33357246137956054
2019-05-26 01:00:00,0.4024065745853136
2019-05-26 01:03:00,0.4397184048764302
2019-05-26 01:06:00,0.48064150617830137
2019-05-26 01:09:00,0.42626475503243455
2019-05-26 01:12:00,0.4691562752977916
2019-05-26 01:15:00,0.47572815252982537
2019-05-26 01:18:00,0.47463610508572174
2019-05-26 01:21:00,0.5021274896736259
2019-05-26 01:24:00,0.3733814913813944
2019-05-26 01:27:00,0.4542380788541891
2019-05-26 01:30:00,0.4087894210845775
2019-05-26 01:33:00,0.43515215636909943
2019-05-26 01:36:00,0.41917609000171296
2019-05-26 01:39:00,0.3498154123867607
2019-05-26 01:42:00,0.3057913010873108
2019-05-26 01:45:00,0.4261744389352202
2019-05-26 01:48:00,0.4422609823776611
2019-05-26 01:51:00,0.4288712126787573
2019-05-26 01:54:00,0.4897659109433903
2019-05-26 01:57:00,0.45065157115175225
2019-05-26 02:00:00,0.417227955157216
2019-05-26 02:03:00,0.4098118800548036
2019-05-26 02:06:00,0.3990848344062101
2019-05-26 02:09:00,0.4148489104782698
2019-05-26 02:12:00,0.45384827770828906
2019-05-26 02:15:00,0.4798597178781847
2019-05-26 02:18:00,0.4647951156854333
2019-05-26 02:21:00,0.4954638812105827
2019-05-26 02:24:00,0.48973207183382783
2019-05-26 02:27:00,0.42956742869995423
2019-05-26 02:30:00,0.4599176600239616
2019-05-26 02:33:00,0.4906023527756247
2019-05-26 02:36:00,0.5686113604374441
2019-05-26 02:39:00,0.5736817804736347
2019-05-26 02:42:00,0.46415602890198215
2019-05-26 02:45:00,0.44836905375115066
2019-05-26 02:48:00,0.5242201022261952
2019-05-26 02:51:00,0.49464477672739804
2019-05-26 02:54:00,0.4330399567268728
2019-05-26 02:57:00,0.46592580013867746
2019-05-26 03:00:00,0.3849777764817759
2019-05-26 03:03:00,0.45485256405174823
2019-05-26 03:06:00,0.43993608307073373
2019-05-26 03:09:00,0.4620808678660637
2019-05-26 03:12:00,0.36842498115902345
2019-05-26 03:15:00,0.461568520895014
2019-05-26 03:18:00,0.437403614479706
2019-05-26 03:21:00,0.3856173896465407
2019-05-26 03:24:00,0.4571414794337443
2019-05-26 03:27:00,0.41453779338547747
2019-05-26 03:30:00,0.39332271963172616
2019-05-26 03:33:00,0.30732065032293576
2019-05-26 03:36:00,0.37826600400757115
2019-05-26 03:39:00,0.42503045233019066
2019-05-26 03:42:00,0.3870043210569065
2019-05-26 03:45:00,0.3996976607514853
2019-05-26 03:48:00,0.3535391827361991
2019-05-26 03:51:00,0.43066959576736963
2019-05-26 03:54:00,0.4273418569605951
2019-05-26 03:57:00,0.3897296067055436
2019-05-26 04:00:00,0.3985604406669836
2019-05-26 04:03:00,0.3970608024172293
2019-05-26 04:06:00,0.3846892332290963
2019-05-26 04:09:00,0.4426504741883832
2019-05-26 04:12:00,0.3595731738933523
2019-05-26 04:15:00,0.41828009541251276
2019-05-26 04:18:00,0.4037198841411964
2019-05-26 04:21:00,0.5119882368360322
2019-05-26 04:24:00,0.4269192278795231
2019-05-26 04:27:00,0.46611678112202526
2019-05-26 04:30:00,0.45784530954421143
2019-05-26 04:33:00,0.39356683642063217
2019-05-26 04:36:00,0.4860917321722127
2019-05-26 04:39:00,0.5385892945943738
2019-05-26 04:42:00,0.4657538539799475
2019-05-26 04:45:00,0.4284324143197864
2019-05-26 04:48:00,0.49113860274530907
2019-05-26 04:51:00,0.4919108285764082
2019-05-26 04:54:00,0.5574308991755288
2019-05-26 04:57:00,0.5507565750552317
2019-05-26 05:00:00,0.5403862999776834
2019-05-26 05:03:00,0.5514467561786773
2019-05-26 05:06:00,0.5705166379182742
2019-05-26 05:09:00,0.43572963756020044
2019-05-26 05:12:00,0.5506040067838853
2019-05-26 05:15:00,0.4899062303352366
2019-05-26 05:18:00,0.49043569945843046
2019-05-26 05:21:00,0.5256422051210166
2019-05-26 05:24:00,0.38960395457201
2019-05-26 05:27:00,0.49698801096479883
2019-05-26 05:30:00,0.5423797985608871
2019-05-26 05:33:00,0.49515454362813216
2019-05-26 05:36:00,0.49923874706183824
2019-05-26 05:39:00,0.47659159627318104
2019-05-26 05:42:00,0.4984839965745209
2019-05-26 05:45:00,0.5334628268065558
2019-05-26 05:48:00,0.6166832160725448
2019-05-26 05:51:00,0.5484578665873414
2019-05-26 05:54:00,0.5892460782497437
2019-05-26 05:57:00,0.5712025852971578
2019-05-26 06:00:00,0.561126936713265
2019-05-26 06:03:00,0.6056528204478013
2019-05-26 06:06:00,0.5191876650615654
2019-05-26 06:09:00,0.5851840233799521
2019-05-26 06:12:00,0.537450113312957
2019-05-26 06:15:00,0.5493975386601733
2019-05-26 06:18:00,0.6295143860462531
2019-05-26 06:21:00,0.6042431169713041
2019-05-26 06:24:00,0.5429423148780188
2019-05-26 06:27:00,0.571735141524357
2019-05-26 06:30:00,0.5208609849497066
2019-05-26 06:33:00,0.5077771070645554
2019-05-26 06:36:00,0.5012227648317094
2019-05-26 06:39:00,0.5368587233281801
2019-05-26 06:42:00,0.5711333995282075
2019-05-26 06:45:00,0.5957555752398207
2019-05-26 06:48:00,0.5561695120732679
2019-05-26 06:51:00,0.6519269567908736
2019-05-26 06:54:00,0.598347011295175
2019-05-26 06:57:00,0.6155480339784276
2019-05-26 07:00:00,0.5814315723899313
2019-05-26 07:03:00,0.5742649977702854
2019-05-26 07:06:00,0.5304481005229036
2019-05-26 07:09:00,0.5714980030770107
2019-05-26 07:12:00,0.543520484601629
2019-05-26 07:15:00,0.5994437310761214
2019-05-26 07:18:00,0.6076352909535672
2019-05-26 07:21:00,0.5754171893196371
2019-05-26 07:24:00,0.5417704713537432
2019-05-26 07:27:00,0.5058976916517963
2019-05-26 07:30:00,0.5094192823063963
2019-05-26 07:33:00,0.5570827805305498
2019-05-26 07:36:00,0.5211509803934291
2019-05-26 07:39:00,0.4858901837801568
2019-05-26 07:42:00,0.5736382007281691
2019-05-26 07:45:00,0.378889027992102
2019-05-26 07:48:00,0.5176416103807355
2019-05-26 07:51:00,0.5481355354982043
2019-05-26 07:54:00,0.4589613263028127
2019-05-26 07:57:00,0.5015771980495742
2019-05-26 08:00:00,0.513487334192746
2019-05-26 08:03:00,0.4946951229129013
2019-05-26 08:06:00,0.4240931898087865
2019-05-26 08:09:00,0.42209805871812023
2019-05-26 08:12:00,0.4895274951391002
2019-05-26 08:15:00,0.4340152541694806
2019-05-26 08:18:00,0.439944456292892
2019-05-26 08:21:00,0.37033974351510324
2019-05-26 08:24:00,0.3779357565033479
2019-05-26 08:27:00,0.38343691622742426
2019-05-26 08:30:00,0.3609060949489731
2019-05-26 08:33:00,0.304769962765306
2019-05-26 08:36:00,0.28030610762999686
2019-05-26 08:39:00,0.346677402512114
2019-05-26 08:42:00,0.33823441470497073
2019-05-26 08:45:00,0.29055795018166464
2019-05-26 08:48:00,0.3456935385420934
2019-05-26 08:51:00,0.34525149655638643
2019-05-26 08:54:00,0.3026942043048848
2019-05-26 08:57:00,0.230534049976427
2019-05-26 09:00:00,0.24463285567526327
2019-05-26 09:03:00,0.19383349697721997
2019-05-26 09:06:00,0.17390654538178296
2019-05-26 09:09:00,0.20837693622689812
2019-05-26 09:12:00,0.3703088574287676
2019-05-26 09:15:00,0.20055504798625634
2019-05-26 09:18:00,0.26346519243026023
2019-05-26 09:21:00,0.25888509318423303
2019-05-26 09:24:00,0.16195527088376593
2019-05-26 09:27:00,0.17085751717019093
2019-05-26 09:30:00,0.22210959106308792
2019-05-26 09:33:00,0.16810685837583605
2019-05-26 09:36:00,0.15181377536521268
2019-05-26 09:39:00,0.16166975757386126
2019-05-26 09:42:00,0.2053866601032155
2019-05-26 09:45:00,0.16189994142320074
2019-05-26 09:48:00,0.19194001374228264
2019-05-26 09:51:00,0.13216332409825782
2019-05-26 09:54:00,0.16659433678290725
2019-05-26 09:57:00,0.21416088045111792
2019-05-26 10:00:00,0.07164210081788269
2019-05-26 10:03:00,0.07154603453614072
2019-05-26 10:06:00,0.0010980326781577787
2019-05-26 10:09:00,0.003512030729268645
2019-05-26 10:12:00,0.05927153379144556
2019-05-26 10:15:00,0.05590998733867991
2019-05-26 10:18:00,-0.07659299390991237
2019-05-26 10:21:00,0.0808480735872763
2019-05-26 10:24:00,0.0015431253661972733
2019-05-26 10:27:00,-0.07632017539287972
2019-05-26 10:30:00,-0.023198998162513362
2019-05-26 10:33:00,-0.09608153549061171
2019-05-26 10:36:00,0.0067717768528723354
2019-05-26 10:39:00,-0.10587777694996703
2019-05-26 10:42:00,-0.05767484532788103
2019-05-26 10:45:00,-0.11452310965381685
2019-05-26 10:48:00,-0.09955302320383907
2019-05-26 10:51:00,-0.1728053738063977
2019-05-26 10:54:00,-0.16544229181073433
2019-05-26 10:57:00,-0.14333106980444654
2019-05-26 11:00:00,-0.23674836587480286
2019-05-26 11:03:00,-0.17274802590156924
2019-05-26 11:06:00,-0.21624075896801287
2019-05-26 11:09:00,-0.0870872980079298
2019-05-26 11:12:00,-0.1514170686507441
2019-05-26 11:15:00,-0.0893629110787515
2019-05-26 11:18:00,-0.17927425818123766
2019-05-26 11:21:00,-0.14624953172517507
2019-05-26 11:24:00,-0.2900900464951519
2019-05-26 11:27:00,-0.1414857836676333
2019-05-26 11:30:00,-0.2407000435844111
2019-05-26 11:33:00,-0.23164830309553963
2019-05-26 11:36:00,-0.13309861359869046
2019-05-26 11:39:00,-0.23876766199015265
2019-05-26 11:42:00,-0.18988915276679563
2019-05-26 11:45:00,-0.25686866543964015
2019-05-26 11:48:00,-0.2559866934506658
2019-05-26 11:51:00,-0.2667828927317828
2019-05-26 11:54:00,-0.2765457081291629
2019-05-26 11:57:00,-0.2902775869232528
2019-05-26 12:00:00,-0.3144286005497179
2019-05-26 12:03:00,-0.31345539450700244
2019-05-26 12:06:00,-0.3287960445495628
2019-05-26 12:09:00,-0.37663143813989564
2019-05-26 12:12:00,-0.2807897310531189
2019-05-26 12:15:00,-0.21654232459007972
2019-05-26 12:18:00,-0.41744180842329115
2019-05-26 12:21:00,-0.20185331768959713
2019-05-26 12:24:00,-0.2532032423744681
2019-05-26 12:27:00,-0.28006431466667436
2019-05-26 12:30:00,-0.22296426986912365
2019-05-26 12:33:00,-0.3005945238757022
2019-05-26 12:36:00,-0.3511938199094402
2019-05-26 12:39:00,-0.34225356678433627
2019-05-26 12:42:00,-0.25198422905469897
2019-05-26 12:45:00,-0.27144335566987365
2019-05-26 12:48:00,-0.24628363427598288
2019-05-26 12:51:00,-0.3209042632191199
2019-05-26 12:54:00,-0.3203449023944813
2019-05-26 12:57:00,-0.39442863795170524
2019-05-26 13:00:00,-0.4548377062718032
2019-05-26 13:03:00,-0.4028384857364813
2019-05-26 13:06:00,-0.5103773815295654
2019-05-26 13:09:00,-0.34717324484705614
2019-05-26 13:12:00,-0.35257877581398134
2019-05-26 13:15:00,-0.4664916643259289
2019-05-26 13:18:00,-0.3381498297152348
2019-05-26 13:21:00,-0.3367193629574672
2019-05-26 13:24:00,-0.27833461882164556
2019-05-26 13:27:00,-0.29651842208539847
2019-05-26 13:30:00,-0.3154459601386179
2019-05-26 13:33:00,-0.3209269842067215
2019-05-26 13:36:00,-0.22625984067963145
2019-05-26 13:39:00,-0.22576519462455735
2019-05-26 13:42:00,-0.18131468139682738
2019-05-26 13:45:00,-0.117519498605418
2019-05-26 13:48:00,-0.15957369334216764
2019-05-26 13:51:00,-0.06363325667473418
2019-05-26 13:54:00,-0.1351126086084946
2019-05-26 13:57:00,-0.23091407138309705
2019-05-26 14:00:00,-0.22816024903028165
2019-05-26 14:03:00,-0.2548396611446151
2019-05-26 14:06:00,-0.38617178029977595
2019-05-26 14:09:00,-0.3319631982701594
2019-05-26 14:12:00,-0.3793175638599564
2019-05-26 14:15:00,-0.47247923900584965
2019-05-26 14:18:00,-0.40228507528394175
2019-05-26 14:21:00,-0.30928136484897095
2019-05-26 14:24:00,-0.34141538175225605
2019-05-26 14:27:00,-0.43685258245994874
2019-05-26 14:30:00,-0.4491730284213986
2019-05-26 14:33:00,-0.4861438053404754
2019-05-26 14:36:00,-0.5256049900521589
2019-05-26 14:39:00,-0.3977984170072091
2019-05-26 14:42:00,-0.44042410344280825
2019-05-26 14:45:00,-0.4182150958243369
2019-05-26 14:48:00,-0.48683508169449397
2019-05-26 14:51:00,-0.40489609516004066
2019-05-26 14:54:00,-0.49311318131316284
2019-05-26 14:57:00,-0.39832253632829406
2019-05-26 15:00:00,-0.47967895189594856
2019-05-26 15:03:00,-0.4448173902047756
2019-05-26 15:06:00,-0.4549600679740138
2019-05-26 15:09:00,-0.3810034972906351
2019-05-26 15:12:00,-0.43229164525445185
2019-05-26 15:15:00,-0.4327984321316194
2019-05-26 15:18:00,-0.4476287426173826
2019-05-26 15:21:00,-0.4421054851468966
2019-05-26 15:24:00,-0.4351182394350417
2019-05-26 15:27:00,-0.37078880843228035
2019-05-26 15:30:00,-0.4481915937668077
2019-05-26 15:33:00,-0.3741668447295865
2019-05-26 15:36:00,-0.3539705773906121
2019-05-26 15:39:00,-0.3639660996391285
2019-05-26 15:42:00,-0.3600782320956455
2019-05-26 15:45:00,-0.46837042623246816
2019-05-26 15:48:00,-0.44955449516356794
2019-05-26 15:51:00,-0.3835724871136108
2019-05-26 15:54:00,-0.4313622601451925
2019-05-26 15:57:00,-0.42849920749461035
2019-05-26 16:00:00,-0.4477664669841488
2019-05-26 16:03:00,-0.4285450188764912
2019-05-26 16:06:00,-0.35406497654622626
2019-05-26 16:09:00,-0.39231846054769903
2019-05-26 16:12:00,-0.2918144926038053
2019-05-26 16:15:00,-0.3165816495008471
2019-05-26 16:18:00,-0.25709441054237914
2019-05-26 16:21:00,-0.3912568201791373
2019-05-26 16:24:00,-0.334401032458004
2019-05-26 16:27:00,-0.3310114440769212
2019-05-26 16:30:00,-0.31799216956335385
2019-05-26 16:33:00,-0.38495963278001
2019-05-26 16:36:00,-0.385841874923301
2019-05-26 16:39:00,-0.3310381864541796
2019-05-26 16:42:00,-0.3509969220285143
2019-05-26 16:45:00,-0.37683536076139035
2019-05-26 16:48:00,-0.3216582944000379
2019-05-26 16:51:00,-0.27275248723151435
2019-05-26 16:54:00,-0.3660981434705377
2019-05-26 16:57:00,-0.33524476798373826
2019-05-26 17:00:00,-0.4005175922213766
2019-05-26 17:03:00,-0.38213176166584617
2019-05-26 17:06:00,-0.34808748915037313
2019-05-26 17:09:00,-0.24866316727906224
2019-05-26 17:12:00,-0.35369502283140264
2019-05-26 17:15:00,-0.3711129490085341
2019-05-26 17:18:00,-0.3758979913301914
2019-05-26 17:21:00,-0.4660737483212074
2019-05-26 17:24:00,-0.39376046988161306
2019-05-26 17:27:00,-0.3923909646933339
2019-05-26 17:30:00,-0.2852527756535892
2019-05-26 17:33:00,-0.33374791808824966
2019-05-26 17:36:00,-0.3418643956902656
2019-05-26 17:39:00,-0.295886444753819
2019-05-26 17:42:00,-0.2721210233929128
2019-05-26 17:45:00,-0.2488586922452214
2019-05-26 17:48:00,-0.28956476971683287
2019-05-26 17:51:00,-0.26494077992919074
2019-05-26 17:54:00,-0.2336154914514168
2019-05-26 17:57:00,-0.1752517714630244
2019-05-26 18:00:00,-0.13165359291855339
2019-05-26 18:03:00,-0.1441436358219903
2019-05-26 18:06:00,-0.14207936115701614
2019-05-26 18:09:00,-0.08254222075805728
2019-05-26 18:12:00,-0.04112108133324455
2019-05-26 18:15:00,-0.07989707858257589
2019-05-26 18:18:00,-0.14173548341017295
2019-05-26 18:21:00,-0.08234446075056212
2019-05-26 18:24:00,-0.03644407201471722
2019-05-26 18:27:00,-0.018140359842732323
2019-05-26 18:30:00,0.00944645885351747
2019-05-26 18:33:00,0.10175240153034792
2019-05-26 18:36:00,-0.013372444984725007
2019-05-26 18:39:00,0.016939297168732992
2019-05-26 18:42:00,0.09958526796106071
2019-05-26 18:45:00,0.04407395568910033
2019-05-26 18:48:00,0.10947651823443039
2019-05-26 18:51:00,0.03410453778934652
2019-05-26 18:54:00,-0.07788802657341876
2019-05-26 18:57:00,
2019-05-26 19:00:00,
2019-05-26 19:03:00,-0.05954316400800508
2019-05-26 19:06:00,0.15663721154055565
2019-05-26 19:09:00,-0.01989105281012371
2019-05-26 19:12:00,0.07042013039244921
2019-05-26 19:15:00,0.1020644912562716
2019-05-26 19:18:00,0.04937265540269209
2019-05-26 19:21:00,-0.023082559316719653
2019-05-26 19:24:00,-0.02854323516351087
2019-05-26 19:27:00,0.049777577720931276
2019-05-26 19:30:00,0.06468782802244277
2019-05-26 19:33:00,0.11271066907352179
2019-05-26 19:36:00,-0.08969749417963158
2019-05-26 19:39:00,0.16234085429653078
2019-05-26 19:42:00,0.21143309400821408
2019-05-26 19:45:00,0.21884088194974538
2019-05-26 19:48:00,0.12848880948183705
2019-05-26 19:51:00,0.16472232080906224
2019-05-26 19:54:00,0.06644117281388162
2019-05-26 19:57:00,0.07192524882304951
2019-05-26 20:00:00,0.034561345953306954
2019-05-26 20:03:00,0.06983942910750329
2019-05-26 20:06:00,0.1953955370019571
2019-05-26 20:09:00,0.23794726406828204
2019-05-26 20:12:00,0.049497349510829736
2019-05-26 20:15:00,0.23853454054102485
2019-05-26 20:18:00,0.2947569174585283
2019-05-26 20:21:00,0.34585741178210583
2019-05-26 20:24:00,0.3948314658202321
2019-05-26 20:27:00,0.35646575691947646
2019-05-26 20:30:00,0.22978464544917188
2019-05-26 20:33:00,0.23628154877548013
2019-05-26 20:36:00,0.2932190049002088
2019-05-26 20:39:00,0.39174581969143674
2019-05-26 20:42:00,0.29729981382502046
2019-05-26 20:45:00,0.2576747155401904
2019-05-26 20:48:00,0.2691557529726083
2019-05-26 20:51:00,0.30462243835791014
2019-05-26 20:54:00,0.45153055250375473
2019-05-26 20:57:00,0.4368127787629419
2019-05-26 21:00:00,0.45743055906763175
2019-05-26 21:03:00,0.5649206584552644
2019-05-26 21:06:00,0.44435134493977557
2019-05-26 21:09:00,0.5201288077352046
2019-05-26 21:12:00,0.4728883246274336
2019-05-26 21:15:00,0.39623541524866823
2019-05-26 21:18:00,0.47097457761947226
2019-05-26 21:21:00,0.47269122846182654
2019-05-26 21:24:00,0.32488215030821266
2019-05-26 21:27:00,0.30783678141654036
2019-05-26 21:30:00,0.36782346348581996
2019-05-26 21:33:00,0.2607544035881233
2019-05-26 21:36:00,0.27899797093306233
2019-05-26 21:39:00,0.17427156354597173
2019-05-26 21:42:00,0.27351381847142875
2019-05-26 21:45:00,0.299832539464262
2019-05-26 21:48:00,0.24639688139257032
2019-05-26 21:51:00,0.1969170285714199
2019-05-26 21:54:00,0.3493754692263451
2019-05-26 21:57:00,0.2756662311514333
2019-05-26 22:00:00,0.2158535797873924
2019-05-26 22:03:00,0.3284769069206277
2019-05-26 22:06:00,0.19123873571913919
2019-05-26 22:09:00,0.24847657323647354
2019-05-26 22:12:00,0.3015866815387085
2019-05-26 22:15:00,0.2525248733672356
2019-05-26 22:18:00,0.346525954334993
2019-05-26 22:21:00,0.5985983523273148
2019-05-26 22:24:00,0.5864622272423503
2019-05-26 22:27:00,0.6569283403293866
2019-05-26 22:30:00,0.7293766643753656
2019-05-26 22:33:00,0.6525578461765917
2019-05-26 22:36:00,0.7376241460120241
2019-05-26 22:39:00,0.6183493294980167
2019-05-26 22:42:00,0.5439247356142687
2019-05-26 22:45:00,0.3642693935663601
2019-05-26 22:48:00,0.4208775048651887
2019-05-26 22:51:00,0.45296917334331965
2019-05-26 22:54:00,0.5205073798006197
2019-05-26 22:57:00,0.4971921373693817
2019-05-26 23:00:00,0.5834898556395842
2019-05-26 23:03:00,0.5892253614694596
2019-05-26 23:06:00,0.385764480524017
2019-05-26 23:09:00,0.48527771825484933
2019-05-26 23:12:00,0.4522294158226714
2019-05-26 23:15:00,0.5032603599526055
2019-05-26 23:18:00,0.29623883137674056
2019-05-26 23:21:00,0.23550170234108236
2019-05-26 23:24:00,0.28719130337140086
2019-05-26 23:27:00,0.2656243112933794
2019-05-26 23:30:00,0.2911072261113077
2019-05-26 23:33:00,0.35047881411446724
2019-05-26 23:36:00,0.5033587939281574
2019-05-26 23:39:00,0.4946928179858787
2019-05-26 23:42:00,0.3529937646910639
2019-05-26 23:45:00,0.44408639707774
2019-05-26 23:48:00,0.4596181836068922
2019-05-26 23:51:00,0.37333839361974697
2019-05-26 23:54:00,0.4834837494424846
2019-05-26 23:57:00,0.43528990939807954
2019-05-27 00:00:00,0.6712947665347997
2019-05-27 00:03:00,0.33492104322948535
2019-05-27 00:06:00,0.2556022330846872
2019-05-27 00:09:00,0.41225987572636313
2019-05-27 00:12:00,0.6193385893030836
2019-05-27 00:15:00,0.6318418550349634
2019-05-27 00:18:00,0.5857402389451067
2019-05-27 00:21:00,0.539530922896347
2019-05-27 00:24:00,0.505901611383365
2019-05-27 00:27:00,0.4650269039358932
2019-05-27 00:30:00,0.46249727072921587
2019-05-27 00:33:00,0.4539979655575621
2019-05-27 00:36:00,0.5007854968778815
2019-05-27 00:39:00,0.3794448912632902
2019-05-27 00:42:00,0.47813388873095164
2019-05-27 00:45:00,0.3656385213363933
2019-05-27 00:48:00,0.4677469935027716
2019-05-27 00:51:00,0.4907268712370296
2019-05-27 00:54:00,0.4346720321590851
2019-05-27 00:57:00,0.40959080488084965
2019-05-27 01:00:00,0.47893203952554586
2019-05-27 01:03:00,0.4731578693210281
2019-05-27 01:06:00,0.5914627173179952
2019-05-27 01:09:00,0.5944524718394177
2019-05-27 01:12:00,0.7783593350553701
2019-05-27 01:15:00,0.6561168740088874
2019-05-27 01:18:00,0.727462046783387
2019-05-27 01:21:00,0.7688500338202289
2019-05-27 01:24:00,0.7164364250990047
2019-05-27 01:27:00,0.7168089893220895
2019-05-27 01:30:00,0.5683771560435957
2019-05-27 01:33:00,0.4853310451471202
2019-05-27 01:36:00,0.5833569802218221
2019-05-27 01:39:00,0.4523184201116237
2019-05-27 01:42:00,0.4941422409081042
2019-05-27 01:45:00,0.47752420176180976
2019-05-27 01:48:00,0.44451523952773186
2019-05-27 01:51:00,0.3442553194271909
2019-05-27 01:54:00,0.35047673737494733
2019-05-27 01:57:00,0.44619545600045285
2019-05-27 02:00:00,0.384828300308925
2019-05-27 02:03:00,0.42866272714013576
2019-05-27 02:06:00,0.5553408256217267
2019-05-27 02:09:00,0.5356683597084384
2019-05-27 02:12:00,0.33803439958091985
2019-05-27 02:15:00,0.41074680323202983
2019-05-27 02:18:00,0.49987415912943334
2019-05-27 02:21:00,0.49125889328894345
2019-05-27 02:24:00,0.5177371693444002
2019-05-27 02:27:00,0.525134882033683
2019-05-27 02:30:00,0.5308588232538796
2019-05-27 02:33:00,0.5011475214956249
2019-05-27 02:36:00,0.5186342169419618
2019-05-27 02:39:00,0.5881363838539073
2019-05-27 02:42:00,0.44838140740068866
2019-05-27 02:45:00,0.5963515501849201
2019-05-27 02:48:00,0.523636742642509
2019-05-27 02:51:00,0.4561957270167909
2019-05-27 02:54:00,0.5145054331528627
2019-05-27 02:57:00,0.4100069938692741
2019-05-27 03:00:00,0.5052151482676663
2019-05-27 03:03:00,0.522390492462705
2019-05-27 03:06:00,0.5919036035526233
2019-05-27 03:09:00,0.5199213742642996
2019-05-27 03:12:00,0.6051718926025274
2019-05-27 03:15:00,0.5654356829052176
2019-05-27 03:18:00,0.42626386840095165
2019-05-27 03:21:00,0.343851891878046
2019-05-27 03:24:00,0.4309611052027549
2019-05-27 03:27:00,0.35048458093518775
2019-05-27 03:30:00,0.4500981534667403
2019-05-27 03:33:00,0.46565492599660274
2019-05-27 03:36:00,0.5233380549003641
2019-05-27 03:39:00,0.48872018597785427
2019-05-27 03:42:00,0.4334607436686042
2019-05-27 03:45:00,0.3707405834373958
2019-05-27 03:48:00,0.5421036813998512
2019-05-27 03:51:00,0.5769109098324634
2019-05-27 03:54:00,0.6053312548559688
2019-05-27 03:57:00,0.45674503941330613
2019-05-27 04:00:00,0.5110325539275209
2019-05-27 04:03:00,0.4763258510906212
2019-05-27 04:06:00,0.44825011054717834
2019-05-27 04:09:00,0.35529451578793214
2019-05-27 04:12:00,0.31517787366055927
2019-05-27 04:15:00,0.3554202576220291
2019-05-27 04:18:00,0.44704023437310525
2019-05-27 04:21:00,0.3961050804739443
2019-05-27 04:24:00,0.4732172759855189
2019-05-27 04:27:00,0.36686749040683253
2019-05-27 04:30:00,0.46631682125905627
2019-05-27 04:33:00,0.4856141938175256
2019-05-27 04:36:00,0.44756527549935754
2019-05-27 04:39:00,0.48681579361408467
2019-05-27 04:42:00,0.500189959076863
2019-05-27 04:45:00,0.3703478224772425
2019-05-27 04:48:00,0.49073983812860433
2019-05-27 04:51:00,0.45199857511858
2019-05-27 04:54:00,0.4417313837166148
2019-05-27 04:57:00,0.45611880434051955
2019-05-27 05:00:00,0.34678438538452383
2019-05-27 05:03:00,0.34503519263603266
2019-05-27 05:06:00,0.4451632789154587
2019-05-27 05:09:00,0.3977650486310722
2019-05-27 05:12:00,0.3657144510067383
2019-05-27 05:15:00,0.3506907472573175
2019-05-27 05:18:00,0.4079919567204797
2019-05-27 05:21:00,0.4091990420545244
2019-05-27 05:24:00,0.38449852845889154
2019-05-27 05:27:00,0.4398685387624255
2019-05-27 05:30:00,0.4067112381192146
2019-05-27 05:33:00,0.3688050409996322
2019-05-27 05:36:00,0.4387848558440055
2019-05-27 05:39:00,0.3294526455283062
2019-05-27 05:42:00,0.3862121841390831
2019-05-27 05:45:00,0.43983133905220484
2019-05-27 05:48:00,0.32876327182998466
2019-05-27 05:51:00,0.39733776146738364
2019-05-27 05:54:00,0.43349161388516677
2019-05-27 05:57:00,0.33520910647865776
2019-05-27 06:00:00,0.39178497793068345
2019-05-27 06:03:00,0.3787462406845634
2019-05-27 06:06:00,0.4475680313819339
2019-05-27 06:09:00,0.36303579208777137
2019-05-27 06:12:00,0.35503206506518836
2019-05-27 06:15:00,0.42990745612490855
2019-05-27 06:18:00,0.38240092241966295
2019-05-27 06:21:00,0.3967273768146242
2019-05-27 06:24:00,0.4326891996512927
2019-05-27 06:27:00,0.5115401007584524
2019-05-27 06:30:00,0.5072080659846847
2019-05-27 06:33:00,0.47766844092399197
2019-05-27 06:36:00,0.4444160793372589
2019-05-27 06:39:00,0.46780998432956267
2019-05-27 06:42:00,0.5150075886191416
2019-05-27 06:45:00,0.477201928237605
2019-05-27 06:48:00,0.44431553064777063
2019-05-27 06:51:00,0.4068417000672184
2019-05-27 06:54:00,0.4511109530283761
2019-05-27 06:57:00,0.2961449824840088
2019-05-27 07:00:00,0.33841263901467755
2019-05-27 07:03:00,0.37176308363524413
2019-05-27 07:06:00,0.31104366007633644
2019-05-27 07:09:00,0.3685956697157735
2019-05-27 07:12:00,0.42120412731168244
2019-05-27 07:15:00,0.42779224441756014
2019-05-27 07:18:00,0.3996403033822844
2019-05-27 07:21:00,0.4165091914621257
2019-05-27 07:24:00,0.3757149453842885
2019-05-27 07:27:00,0.41015313796629016
2019-05-27 07:30:00,0.3441740427924742
2019-05-27 07:33:00,0.41779740813825583
2019-05-27 07:36:00,0.3518169992665321
2019-05-27 07:39:00,0.37355686655678255
2019-05-27 07:42:00,0.318920034044595
2019-05-27 07:45:00,0.31582435595117886
2019-05-27 07:48:00,0.40289668235044473
2019-05-27 07:51:00,0.4560319576402776
2019-05-27 07:54:00,0.41082520709403525
2019-05-27 07:57:00,0.4727055368884976
2019-05-27 08:00:00,0.3469920192833911
2019-05-27 08:03:00,0.40276360843773773
2019-05-27 08:06:00,0.32861909310236115
2019-05-27 08:09:00,0.3177387235390938
2019-05-27 08:12:00,0.4540467759962894
2019-05-27 08:15:00,0.4493017521274396
2019-05-27 08:18:00,0.48416234462268903
2019-05-27 08:21:00,0.49239649235215666
2019-05-27 08:24:00,0.478901563233876
2019-05-27 08:27:00,0.4179211215603118
2019-05-27 08:30:00,0.434497979281673
2019-05-27 08:33:00,0.42467199858958793
2019-05-27 08:36:00,0.4683902062713514
2019-05-27 08:39:00,0.47172046610199914
2019-05-27 08:42:00,0.36565013526575285
2019-05-27 08:45:00,0.4038438304138481
2019-05-27 08:48:00,0.4507701047296564
2019-05-27 08:51:00,0.3911658473077182
2019-05-27 08:54:00,0.43874716709763106
2019-05-27 08:57:00,0.41222308085644954
2019-05-27 09:00:00,0.43785906806641606
2019-05-27 09:03:00,0.323114231810564
2019-05-27 09:06:00,0.3505051616110677
2019-05-27 09:09:00,0.32894111690518457
2019-05-27 09:12:00,0.3575666508238555
2019-05-27 09:15:00,0.36343982380202533
2019-05-27 09:18:00,0.4080567581049763
2019-05-27 09:21:00,0.40103568341498885
2019-05-27 09:24:00,0.29418977162112014
2019-05-27 09:27:00,0.324616012612978
2019-05-27 09:30:00,0.37595598182491585
2019-05-27 09:33:00,0.35116580955372
2019-05-27 09:36:00,0.3641620687003524
2019-05-27 09:39:00,0.32555886094883135
2019-05-27 09:42:00,0.2881352857277193
2019-05-27 09:45:00,0.3331581710888827
2019-05-27 09:48:00,0.28602914003727165
2019-05-27 09:51:00,0.22868959816315737
2019-05-27 09:54:00,0.17208862699567362
2019-05-27 09:57:00,0.28426575918729213
2019-05-27 10:00:00,0.28136251612522756
2019-05-27 10:03:00,0.3031370046959978
2019-05-27 10:06:00,0.23766452331233268
2019-05-27 10:09:00,0.2591587840722127
2019-05-27 10:12:00,0.19479045962327746
2019-05-27 10:15:00,0.30003015161497615
2019-05-27 10:18:00,0.2806895737406876
2019-05-27 10:21:00,0.24861596952416676
2019-05-27 10:24:00,0.13848686290486967
2019-05-27 10:27:00,0.25557559546683706
2019-05-27 10:30:00,0.09984402858401609
2019-05-27 10:33:00,0.14769305475215333
2019-05-27 10:36:00,0.13650135012983355
2019-05-27 10:39:00,0.14703200808946804
2019-05-27 10:42:00,0.10524444734096505
2019-05-27 10:45:00,0.19828362241071318
2019-05-27 10:48:00,0.1390570600468095
2019-05-27 10:51:00,0.15839965028800407
2019-05-27 10:54:00,0.12943018656875438
2019-05-27 10:57:00,0.05383696134151705
2019-05-27 11:00:00,0.13462796091562268
2019-05-27 11:03:00,0.07543781846231923
2019-05-27 11:06:00,0.055746363707271485
2019-05-27 11:09:00,0.1104979363086045
2019-05-27 11:12:00,0.08919140991287122
2019-05-27 11:15:00,0.0954466440459214
2019-05-27 11:18:00,0.1501508036480459
2019-05-27 11:21:00,0.16181335601720548
2019-05-27 11:24:00,0.140242312510793
2019-05-27 11:27:00,0.09360554347597372
2019-05-27 11:30:00,0.05047129300925235
2019-05-27 11:33:00,0.1360684521560529
2019-05-27 11:36:00,0.027554407464378983
2019-05-27 11:39:00,0.0949731237505489
2019-05-27 11:42:00,-0.009499535196482611
2019-05-27 11:45:00,0.06135899471109951
2019-05-27 11:48:00,0.08929648505710475
2019-05-27 11:51:00,-0.03993705792271385
2019-05-27 11:54:00,0.04631934066327403
2019-05-27 11:57:00,0.025114304558542244
2019-05-27 12:00:00,0.02511386306997565
2019-05-27 12:03:00,0.045222733308492025
2019-05-27 12:06:00,0.05050355114224203
2019-05-27 12:09:00,-0.02751250295943919
2019-05-27 12:12:00,0.00979023820917746
2019-05-27 12:15:00,-0.11713101753355204
2019-05-27 12:18:00,0.08466977326457936
2019-05-27 12:21:00,-0.010653818043920182
2019-05-27 12:24:00,-0.04026305065741553
2019-05-27 12:27:00,-0.09127661886412852
2019-05-27 12:30:00,-0.0261974641945244
2019-05-27 12:33:00,-0.09072911284926022
2019-05-27 12:36:00,-0.16023600376922786
2019-05-27 12:39:00,-0.15314151425030786
2019-05-27 12:42:00,-0.10970844578463357
2019-05-27 12:45:00,-0.25113538010202774
2019-05-27 12:48:00,-0.18824007302202972
2019-05-27 12:51:00,-0.13909774760691107
2019-05-27 12:54:00,-0.1514850677550612
2019-05-27 12:57:00,-0.11196938129302225
2019-05-27 13:00:00,-0.16894038408145207
2019-05-27 13:03:00,-0.20280713698360842
2019-05-27 13:06:00,-0.06098467248244788
2019-05-27 13:09:00,-0.125071648282983
2019-05-27 13:12:00,-0.19147899011073832
2019-05-27 13:15:00,-0.20469740057154695
2019-05-27 13:18:00,-0.1200258410581796
2019-05-27 13:21:00,-0.1828346440624955
2019-05-27 13:24:00,-0.07972622584787814
2019-05-27 13:27:00,-0.19127896035377034
2019-05-27 13:30:00,-0.21985969103286607
2019-05-27 13:33:00,-0.18365847077905073
2019-05-27 13:36:00,-0.19846089631090535
2019-05-27 13:39:00,-0.17147181612415352
2019-05-27 13:42:00,-0.20381191971517865
2019-05-27 13:45:00,-0.3030885872814224
2019-05-27 13:48:00,-0.23835667237403868
2019-05-27 13:51:00,-0.2139262000490021
2019-05-27 13:54:00,-0.22261917817837684
2019-05-27 13:57:00,-0.27534485678597775
2019-05-27 14:00:00,-0.21613703554072572
2019-05-27 14:03:00,-0.17142342177425007
2019-05-27 14:06:00,-0.20262349400030644
2019-05-27 14:09:00,-0.2930689189711302
2019-05-27 14:12:00,-0.2483128378974584
2019-05-27 14:15:00,-0.300797144829005
2019-05-27 14:18:00,-0.2876729170864678
2019-05-27 14:21:00,-0.37037028184738574
2019-05-27 14:24:00,-0.32076446210095355
2019-05-27 14:27:00,-0.2687179859307207
2019-05-27 14:30:00,-0.3574204027173664
2019-05-27 14:33:00,-0.4032342106252145
2019-05-27 14:36:00,-0.3113763774498466
2019-05-27 14:39:00,-0.2817006122065209
2019-05-27 14:42:00,-0.3613319165648363
2019-05-27 14:45:00,-0.32468418671430754
2019-05-27 14:48:00,-0.33675650385401923
2019-05-27 14:51:00,-0.27100387127501335
2019-05-27 14:54:00,-0.24292414759440817
2019-05-27 14:57:00,-0.23321022144062908
2019-05-27 15:00:00,-0.2646938975760236
2019-05-27 15:03:00,-0.2874238049334963
2019-05-27 15:06:00,-0.30625473791457125
2019-05-27 15:09:00,-0.21891342695903404
2019-05-27 15:12:00,-0.3771361536335007
2019-05-27 15:15:00,-0.3876893229644338
2019-05-27 15:18:00,-0.39532994930141285
2019-05-27 15:21:00,-0.3353462720837115
2019-05-27 15:24:00,-0.33191841627200347
2019-05-27 15:27:00,-0.36960204498581106
2019-05-27 15:30:00,-0.3983648518599807
2019-05-27 15:33:00,-0.28993229450071567
2019-05-27 15:36:00,-0.3082110607485333
2019-05-27 15:39:00,-0.36362604267725374
2019-05-27 15:42:00,-0.2847668166248809
2019-05-27 15:45:00,-0.3471298805065999
2019-05-27 15:48:00,-0.4190508928066379
2019-05-27 15:51:00,-0.4080175713006611
2019-05-27 15:54:00,-0.43150577651340427
2019-05-27 15:57:00,-0.4058718626544078
2019-05-27 16:00:00,-0.4021879999843918
2019-05-27 16:03:00,-0.37117575866881225
2019-05-27 16:06:00,-0.449837029065975
2019-05-27 16:09:00,-0.43208686253149153
2019-05-27 16:12:00,-0.43952965423801515
2019-05-27 16:15:00,-0.3799322738574915
2019-05-27 16:18:00,-0.47066418591890624
2019-05-27 16:21:00,-0.4499272257208986
2019-05-27 16:24:00,-0.45785993043654116
2019-05-27 16:27:00,-0.38650870224603295
2019-05-27 16:30:00,-0.45222706704237225
2019-05-27 16:33:00,-0.39941595761285953
2019-05-27 16:36:00,-0.44010929056770465
2019-05-27 16:39:00,-0.46484600553054634
2019-05-27 16:42:00,-0.5198667803172157
2019-05-27 16:45:00,-0.4628506704052029
2019-05-27 16:48:00,-0.4142038151528027
2019-05-27 16:51:00,-0.4463310050347786
2019-05-27 16:54:00,-0.3983810307722706
2019-05-27 16:57:00,-0.42266676986508855
2019-05-27 17:00:00,-0.5954458561499223
2019-05-27 17:03:00,-0.5115112831571764
2019-05-27 17:06:00,-0.5153818132001788
2019-05-27 17:09:00,-0.4255602541063581
2019-05-27 17:12:00,-0.5242142464042558
2019-05-27 17:15:00,-0.4499488753797891
2019-05-27 17:18:00,-0.4328888673840652
2019-05-27 17:21:00,-0.38408541292204745
2019-05-27 17:24:00,-0.23615468548388208
2019-05-27 17:27:00,-0.18522645909342828
2019-05-27 17:30:00,-0.28299852410737003
2019-05-27 17:33:00,-0.17157278914220342
2019-05-27 17:36:00,-0.2705765972135623
2019-05-27 17:39:00,-0.3216706066594952
2019-05-27 17:42:00,-0.311481372958724
2019-05-27 17:45:00,-0.17743803353164367
2019-05-27 17:48:00,-0.2943141513550813
2019-05-27 17:51:00,-0.385061729365475
2019-05-27 17:54:00,-0.3394352031401695
2019-05-27 17:57:00,-0.2568978862170752
2019-05-27 18:00:00,-0.1912729864708922
2019-05-27 18:03:00,-0.28977561234495397
2019-05-27 18:06:00,-0.1821218995895606
2019-05-27 18:09:00,-0.1812597429529319
2019-05-27 18:12:00,-0.18776458053116585
2019-05-27 18:15:00,-0.14800006773771202
2019-05-27 18:18:00,-0.14610365656824342
2019-05-27 18:21:00,0.005225477978456183
2019-05-27 18:24:00,-0.08912445060593654
2019-05-27 18:27:00,-0.12142894024049156
2019-05-27 18:30:00,-0.21523453358975075
2019-05-27 18:33:00,-0.06432161100030953
2019-05-27 18:36:00,-0.15184304607515742
2019-05-27 18:39:00,-0.08903962250894892
2019-05-27 18:42:00,-0.0422287782620856
2019-05-27 18:45:00,-0.13001723315051095
2019-05-27 18:48:00,-0.028388294578689965
2019-05-27 18:51:00,-0.05327348971837864
2019-05-27 18:54:00,
2019-05-27 18:57:00,
2019-05-27 19:00:00,
2019-05-27 19:03:00,-0.03422666279993791
2019-05-27 19:06:00,-0.04668200256361388
2019-05-27 19:09:00,-0.0966103358385908
2019-05-27 19:12:00,-0.0188671594133325
2019-05-27 19:15:00,-0.1147384728913039
2019-05-27 19:18:00,-0.15548229207149689
2019-05-27 19:21:00,-0.1022446641110264
2019-05-27 19:24:00,-0.12675982154723897
2019-05-27 19:27:00,-0.09350494421386202
2019-05-27 19:30:00,-0.08135503195137517
2019-05-27 19:33:00,-0.04478151309177747
2019-05-27 19:36:00,-0.06025632935751446
2019-05-27 19:39:00,-0.03465288809712774
2019-05-27 19:42:00,-0.13456429905869527
2019-05-27 19:45:00,-0.014479792270378766
2019-05-27 19:48:00,0.023768637655621205
2019-05-27 19:51:00,-0.0681987123390968
2019-05-27 19:54:00,0.06521748003996208
2019-05-27 19:57:00,-0.015291740319867131
2019-05-27 20:00:00,-0.028648059372017087
2019-05-27 20:03:00,0.028996193259729353
2019-05-27 20:06:00,0.09569291482819153
2019-05-27 20:09:00,-0.03813742862575964
2019-05-27 20:12:00,0.0937547489853614
2019-05-27 20:15:00,-0.04102844536384964
2019-05-27 20:18:00,0.05752348681511421
2019-05-27 20:21:00,0.044916816578790986
2019-05-27 20:24:00,0.06196044863213501
2019-05-27 20:27:00,0.05115387282876327
2019-05-27 20:30:00,-0.026007145064966153
2019-05-27 20:33:00,-0.04164343181884078
2019-05-27 20:36:00,0.0031750718175089787
2019-05-27 20:39:00,0.08914943848736812
2019-05-27 20:42:00,0.011787145623372908
2019-05-27 20:45:00,0.04167067517147416
2019-05-27 20:48:00,0.06846278463410727
2019-05-27 20:51:00,0.15502429916273286
2019-05-27 20:54:00,0.11799306896836015
2019-05-27 20:57:00,0.1089640810491801
2019-05-27 21:00:00,0.1613720626136228
2019-05-27 21:03:00,0.10190129633099332
2019-05-27 21:06:00,0.077051315020924
2019-05-27 21:09:00,0.094725017607459
2019-05-27 21:12:00,0.23151852808013018
2019-05-27 21:15:00,0.10156091307010229
2019-05-27 21:18:00,0.15467123356950196
2019-05-27 21:21:00,0.18587586457107363
2019-05-27 21:24:00,0.1319118562482231
2019-05-27 21:27:00,0.16093069592989195
2019-05-27 21:30:00,0.14946236839523408
2019-05-27 21:33:00,0.23006352992956636
2019-05-27 21:36:00,0.21557002219810784
2019-05-27 21:39:00,0.2052411587665688
2019-05-27 21:42:00,0.22807948850493176
2019-05-27 21:45:00,0.17475776802939436
2019-05-27 21:48:00,0.21975759135523276
2019-05-27 21:51:00,0.21657806504140353
2019-05-27 21:54:00,0.26487396155073384
2019-05-27 21:57:00,0.12216831334410472
2019-05-27 22:00:00,0.0880170674121814
2019-05-27 22:03:00,0.21253741118459857
2019-05-27 22:06:00,0.11498093919453822
2019-05-27 22:09:00,0.16629264134161303
2019-05-27 22:12:00,0.14689790045827067
2019-05-27 22:15:00,0.09320790987436567
2019-05-27 22:18:00,0.1704265469090842
2019-05-27 22:21:00,0.21121865890165736
2019-05-27 22:24:00,0.18928966528284263
2019-05-27 22:27:00,0.10579035331033992
2019-05-27 22:30:00,0.12729814294073094
2019-05-27 22:33:00,0.1424185878473736
2019-05-27 22:36:00,0.10958436614248512
2019-05-27 22:39:00,0.25711678296494256
2019-05-27 22:42:00,0.18247069431697582
2019-05-27 22:45:00,0.18829208562641497
2019-05-27 22:48:00,0.1568097530613386
2019-05-27 22:51:00,0.20100261365359984
2019-05-27 22:54:00,0.1379055810309069
2019-05-27 22:57:00,0.20237503480075247
2019-05-27 23:00:00,0.16944218098495867
2019-05-27 23:03:00,0.15310243698064596
2019-05-27 23:06:00,0.3489084938464089
2019-05-27 23:09:00,0.2864486093570804
2019-05-27 23:12:00,0.24205904909570108
2019-05-27 23:15:00,0.24504118191197222
2019-05-27 23:18:00,0.26899397611003906
2019-05-27 23:21:00,0.2371448786406063
2019-05-27 23:24:00,0.25945551740505834
2019-05-27 23:27:00,0.2922397121260474
2019-05-27 23:30:00,0.23429541025836897
2019-05-27 23:33:00,0.23186236153031814
2019-05-27 23:36:00,0.21492948411980706
2019-05-27 23:39:00,0.2350637853895705
2019-05-27 23:42:00,0.1605067161702891
2019-05-27 23:45:00,0.18141655837763437
2019-05-27 23:48:00,0.15985887277150823
2019-05-27 23:51:00,0.22070321405004734
2019-05-27 23:54:00,0.24456869397454284
2019-05-27 23:57:00,0.2522731974769954
2019-05-28 00:00:00,0.283762355880242
2019-05-28 00:03:00,0.17272617425970793
2019-05-28 00:06:00,0.2914215367776478
2019-05-28 00:09:00,0.15754078842485342
2019-05-28 00:12:00,0.22308838336039116
2019-05-28 00:15:00,0.3601118550628257
2019-05-28 00:18:00,0.30285879324577536
2019-05-28 00:21:00,0.3337253500441193
2019-05-28 00:24:00,0.26722652486284915
2019-05-28 00:27:00,0.22827144182230086
2019-05-28 00:30:00,0.24200498360443135
2019-05-28 00:33:00,0.24198385021998092
2019-05-28 00:36:00,0.10305310558021574
2019-05-28 00:39:00,0.2255139566109392
2019-05-28 00:42:00,0.21311417381656383
2019-05-28 00:45:00,0.1922759292553451
2019-05-28 00:48:00,0.11215485183248575
2019-05-28 00:51:00,0.19821010156158536
2019-05-28 00:54:00,0.1394574127561441
2019-05-28 00:57:00,0.1942938786414743
2019-05-28 01:00:00,0.19840614722511418
2019-05-28 01:03:00,0.18129098203598915
2019-05-28 01:06:00,0.18169794472009926
2019-05-28 01:09:00,0.2520821999180498
2019-05-28 01:12:00,0.11266468921633077
2019-05-28 01:15:00,0.15406999691629153
2019-05-28 01:18:00,0.16824156902026743
2019-05-28 01:21:00,0.15032923712254842
2019-05-28 01:24:00,0.2497854000220059
2019-05-28 01:27:00,0.31458157201001313
2019-05-28 01:30:00,0.12858873757193123
2019-05-28 01:33:00,0.23338692238473868
2019-05-28 01:36:00,0.2630869781399383
2019-05-28 01:39:00,0.2197345130396684
2019-05-28 01:42:00,0.17788680328965256
2019-05-28 01:45:00,0.15237954751319194
2019-05-28 01:48:00,0.1612618981332048
2019-05-28 01:51:00,0.18818129610281176
2019-05-28 01:54:00,0.2060567301731453
2019-05-28 01:57:00,0.190870300129518
2019-05-28 02:00:00,0.18908449605095257
2019-05-28 02:03:00,0.12809855083338562
2019-05-28 02:06:00,0.3246367121918752
2019-05-28 02:09:00,0.21464284938451783
2019-05-28 02:12:00,0.26136442161993045
2019-05-28 02:15:00,0.23975522001859417
2019-05-28 02:18:00,0.327501618219344
2019-05-28 02:21:00,0.4227010592147167
2019-05-28 02:24:00,0.4596474495559164
2019-05-28 02:27:00,0.34785914872895773
2019-05-28 02:30:00,0.29884552574134204
2019-05-28 02:33:00,0.2480904346477928
2019-05-28 02:36:00,0.2322498567019693
2019-05-28 02:39:00,0.19840105126303342
2019-05-28 02:42:00,0.20106837900914343
2019-05-28 02:45:00,0.2111222389750651
2019-05-28 02:48:00,0.2129097178837469
2019-05-28 02:51:00,0.24669560998898987
2019-05-28 02:54:00,0.2188081638300332
2019-05-28 02:57:00,0.18759148532683412
2019-05-28 03:00:00,0.14108791013597966
2019-05-28 03:03:00,0.2855415462404949
2019-05-28 03:06:00,0.17304512711513098
2019-05-28 03:09:00,0.16220807185362673
2019-05-28 03:12:00,0.18757237545815997
2019-05-28 03:15:00,0.16795378061419797
2019-05-28 03:18:00,0.26920290095478094
2019-05-28 03:21:00,0.5548656199406423
2019-05-28 03:24:00,0.4912935214323966
2019-05-28 03:27:00,0.33136541658274155
2019-05-28 03:30:00,0.21225628782377726
2019-05-28 03:33:00,0.18610802849036645
2019-05-28 03:36:00,0.1889598675355728
2019-05-28 03:39:00,0.20779016093518976
2019-05-28 03:42:00,0.10428359321042535
2019-05-28 03:45:00,0.19665439711815225
2019-05-28 03:48:00,0.0893557156526299
2019-05-28 03:51:00,0.2208226449742483
2019-05-28 03:54:00,0.09088840957934963
2019-05-28 03:57:00,0.10193341815983104
2019-05-28 04:00:00,0.19649618107592914
2019-05-28 04:03:00,0.17681116330356872
2019-05-28 04:06:00,0.24914280375350017
2019-05-28 04:09:00,0.23318629691868864
2019-05-28 04:12:00,0.17263447008224375
2019-05-28 04:15:00,0.21388885229862353
2019-05-28 04:18:00,0.18020987647201991
2019-05-28 04:21:00,0.24342712309828585
2019-05-28 04:24:00,0.19093615274027798
2019-05-28 04:27:00,0.2406613659251775
2019-05-28 04:30:00,0.24390583171344815
2019-05-28 04:33:00,0.3083353394009123
2019-05-28 04:36:00,0.3362781943308164
2019-05-28 04:39:00,0.31219392647403765
2019-05-28 04:42:00,0.2897091422772178
2019-05-28 04:45:00,0.2889602105368567
2019-05-28 04:48:00,0.30016860694513525
2019-05-28 04:51:00,0.3755430863903939
2019-05-28 04:54:00,0.29967319798697645
2019-05-28 04:57:00,0.332572265576232
2019-05-28 05:00:00,0.2801117621614253
2019-05-28 05:03:00,0.3138178111124148
2019-05-28 05:06:00,0.35437812828200776
2019-05-28 05:09:00,0.3773263673234055
2019-05-28 05:12:00,0.18850459940387054
2019-05-28 05:15:00,0.3057717642951161
2019-05-28 05:18:00,0.24459792495548527
2019-05-28 05:21:00,0.3220673907466107
2019-05-28 05:24:00,0.3606853700231909
2019-05-28 05:27:00,0.25409074705459034
2019-05-28 05:30:00,0.27770754537806397
2019-05-28 05:33:00,0.2933174866464583
2019-05-28 05:36:00,0.2283382239988896
2019-05-28 05:39:00,0.20824983188606438
2019-05-28 05:42:00,0.29875548101500726
2019-05-28 05:45:00,0.35393752842043114
2019-05-28 05:48:00,0.3200758240608934
2019-05-28 05:51:00,0.24908772219498587
2019-05-28 05:54:00,0.3184296890227074
2019-05-28 05:57:00,0.27963240476236706
2019-05-28 06:00:00,0.2647404919273981
2019-05-28 06:03:00,0.2368703159290817
2019-05-28 06:06:00,0.17649673448909198
2019-05-28 06:09:00,0.21307288680822012
2019-05-28 06:12:00,0.24819604666851092
2019-05-28 06:15:00,0.19851139556652697
2019-05-28 06:18:00,0.2715682056750097
2019-05-28 06:21:00,0.15460147865957197
2019-05-28 06:24:00,0.24231365081556078
2019-05-28 06:27:00,0.1855504063596527
2019-05-28 06:30:00,0.32528503360845207
2019-05-28 06:33:00,0.16467277044313278
2019-05-28 06:36:00,0.31540059749988814
2019-05-28 06:39:00,0.32472644000796436
2019-05-28 06:42:00,0.22673855827400757
2019-05-28 06:45:00,0.20375151970966954
2019-05-28 06:48:00,0.24475702546232014
2019-05-28 06:51:00,0.20544999310732237
2019-05-28 06:54:00,0.28730730401582605
2019-05-28 06:57:00,0.2715974115483277
2019-05-28 07:00:00,0.2542632829646436
2019-05-28 07:03:00,0.20766017736423237
2019-05-28 07:06:00,0.35985410504338233
2019-05-28 07:09:00,0.25717879800083665
2019-05-28 07:12:00,0.2859894479075251
2019-05-28 07:15:00,0.3345029432831552
2019-05-28 07:18:00,0.2402361808990463
2019-05-28 07:21:00,0.28711868898204784
2019-05-28 07:24:00,0.24178429153766956
2019-05-28 07:27:00,0.19922879020418804
2019-05-28 07:30:00,0.20587503774771676
2019-05-28 07:33:00,0.3327894447176618
2019-05-28 07:36:00,0.23602725476490605
2019-05-28 07:39:00,0.24583275476652489
2019-05-28 07:42:00,0.27411379808893344
2019-05-28 07:45:00,0.3068506523008523
2019-05-28 07:48:00,0.24386924469075666
2019-05-28 07:51:00,0.27023050318189235
2019-05-28 07:54:00,0.2793039812268603
2019-05-28 07:57:00,0.38577256729450937
2019-05-28 08:00:00,0.227400851450966
2019-05-28 08:03:00,0.2997544445434528
2019-05-28 08:06:00,0.18828822641103216
2019-05-28 08:09:00,0.20332528856789622
2019-05-28 08:12:00,0.2652462073986044
2019-05-28 08:15:00,0.16530949105242598
2019-05-28 08:18:00,0.19280193141537438
2019-05-28 08:21:00,0.1562269782212411
2019-05-28 08:24:00,0.14914952458815378
2019-05-28 08:27:00,0.19243115928219368
2019-05-28 08:30:00,0.17903368351323934
2019-05-28 08:33:00,0.18954490351597997
2019-05-28 08:36:00,0.17316165613607382
2019-05-28 08:39:00,0.12642965939585338
2019-05-28 08:42:00,0.11639723156361015
2019-05-28 08:45:00,0.1796227418150238
2019-05-28 08:48:00,0.20920767620253855
2019-05-28 08:51:00,0.17331482796998898
2019-05-28 08:54:00,0.24323518449097037
2019-05-28 08:57:00,0.1741164228290586
2019-05-28 09:00:00,0.1251483574654344
2019-05-28 09:03:00,0.17233532619309244
2019-05-28 09:06:00,0.14421886478709212
2019-05-28 09:09:00,0.12721386826734715
2019-05-28 09:12:00,0.08434791937389718
2019-05-28 09:15:00,0.08114534777166682
2019-05-28 09:18:00,0.11549041096753854
2019-05-28 09:21:00,0.10334576995182942
2019-05-28 09:24:00,0.1871290829522536
2019-05-28 09:27:00,0.16850854524062697
2019-05-28 09:30:00,0.1070456270230693
2019-05-28 09:33:00,0.08025209072985717
2019-05-28 09:36:00,0.0908851679882332
2019-05-28 09:39:00,0.08059425917178942
2019-05-28 09:42:00,0.02278356313877339
2019-05-28 09:45:00,0.13848487778523122
2019-05-28 09:48:00,0.03803493793589041
2019-05-28 09:51:00,0.2208200360638557
2019-05-28 09:54:00,0.11645885127200017
2019-05-28 09:57:00,0.20307900679301838
2019-05-28 10:00:00,0.16460951886676867
2019-05-28 10:03:00,0.18770064886712134
2019-05-28 10:06:00,0.22258322750980142
2019-05-28 10:09:00,0.22703662412698122
2019-05-28 10:12:00,0.19274419619421224
2019-05-28 10:15:00,0.09394553563271302
2019-05-28 10:18:00,0.16451592875830556
2019-05-28 10:21:00,0.1504923292624767
2019-05-28 10:24:00,0.2964926178267433
2019-05-28 10:27:00,0.31868670504832153
2019-05-28 10:30:00,0.3643590166439594
2019-05-28 10:33:00,0.22144632462976688
2019-05-28 10:36:00,0.17265159525925355
2019-05-28 10:39:00,0.18127872194133943
2019-05-28 10:42:00,0.1778771502855534
2019-05-28 10:45:00,0.1666764145167008
2019-05-28 10:48:00,0.20672532017619005
2019-05-28 10:51:00,0.16370916023993232
2019-05-28 10:54:00,0.15788556987899938
2019-05-28 10:57:00,0.2282816651705275
2019-05-28 11:00:00,0.2409738045541303
2019-05-28 11:03:00,0.23027190351115223
2019-05-28 11:06:00,0.24396034039750703
2019-05-28 11:09:00,0.2847970220751108
2019-05-28 11:12:00,0.23152910796790138
2019-05-28 11:15:00,0.2361250088334259
2019-05-28 11:18:00,0.27244662946571907
2019-05-28 11:21:00,0.22165257554911477
2019-05-28 11:24:00,0.28170949636739806
2019-05-28 11:27:00,0.25035048110726166
2019-05-28 11:30:00,0.21094845581438904
2019-05-28 11:33:00,0.20248738781498332
2019-05-28 11:36:00,0.08928410334812042
2019-05-28 11:39:00,0.20241782823075027
2019-05-28 11:42:00,0.1943084714752672
2019-05-28 11:45:00,0.3131136511131558
2019-05-28 11:48:00,0.27843136926594525
2019-05-28 11:51:00,0.2733623345903311
2019-05-28 11:54:00,0.10104204865103839
2019-05-28 11:57:00,0.16041495220645174
2019-05-28 12:00:00,0.23285740151158052
2019-05-28 12:03:00,0.21002511844210403
2019-05-28 12:06:00,0.1548665435481098
2019-05-28 12:09:00,0.07722835554790208
2019-05-28 12:12:00,0.17585156518771328
2019-05-28 12:15:00,0.2191139591596425
2019-05-28 12:18:00,0.1067459224835261
2019-05-28 12:21:00,0.24188958850646713
2019-05-28 12:24:00,0.31275155921014175
2019-05-28 12:27:00,0.42293728636207106
2019-05-28 12:30:00,0.36303932220369006
2019-05-28 12:33:00,0.56347601060736
2019-05-28 12:36:00,0.5143744920364384
2019-05-28 12:39:00,0.4993849324259827
2019-05-28 12:42:00,0.25331406644033905
2019-05-28 12:45:00,0.3370592256770806
2019-05-28 12:48:00,0.3676917338006547
2019-05-28 12:51:00,0.20154998739104713
2019-05-28 12:54:00,0.3652786799189016
2019-05-28 12:57:00,0.3276179722443544
2019-05-28 13:00:00,0.26712326342726556
2019-05-28 13:03:00,0.22537746150260318
2019-05-28 13:06:00,0.2497815475589391
2019-05-28 13:09:00,0.21201491962756336
2019-05-28 13:12:00,0.22771842533006748
2019-05-28 13:15:00,0.34369584569265044
2019-05-28 13:18:00,0.27226404926051373
2019-05-28 13:21:00,0.19017141777482038
2019-05-28 13:24:00,0.267814358141095
2019-05-28 13:27:00,0.15325492419060538
2019-05-28 13:30:00,0.22836443912200366
2019-05-28 13:33:00,0.18834966672011433
2019-05-28 13:36:00,0.2771862475790954
2019-05-28 13:39:00,0.15772207111365333
2019-05-28 13:42:00,0.16760073276248022
2019-05-28 13:45:00,0.26042323825987523
2019-05-28 13:48:00,0.2667127081814442
2019-05-28 13:51:00,0.12018962743405837
2019-05-28 13:54:00,0.10233592318024876
2019-05-28 13:57:00,0.04743583083467229
2019-05-28 14:00:00,0.052937697251479676
2019-05-28 14:03:00,0.0719366590266759
2019-05-28 14:06:00,0.052415893291538396
2019-05-28 14:09:00,0.08895890334707701
2019-05-28 14:12:00,0.12416992432861207
2019-05-28 14:15:00,0.15292238934546276
2019-05-28 14:18:00,0.09425545987232908
2019-05-28 14:21:00,0.10319057802388443
2019-05-28 14:24:00,0.06124058804039123
2019-05-28 14:27:00,0.1813773056240393
2019-05-28 14:30:00,0.08581799551257063
2019-05-28 14:33:00,0.0645477812559534
2019-05-28 14:36:00,0.01862947671861548
2019-05-28 14:39:00,-0.00845901261857307
2019-05-28 14:42:00,0.12133614489238198
2019-05-28 14:45:00,0.09469077993958308
2019-05-28 14:48:00,0.07182816004365122
2019-05-28 14:51:00,0.1244743987205652
2019-05-28 14:54:00,0.1482830086858371
2019-05-28 14:57:00,0.11437295247770862
2019-05-28 15:00:00,0.09972564076048229
2019-05-28 15:03:00,0.09721413985556637
2019-05-28 15:06:00,0.04911774147041115
2019-05-28 15:09:00,0.054503083801591856
2019-05-28 15:12:00,-0.01205870673084064
2019-05-28 15:15:00,0.054866925050930604
2019-05-28 15:18:00,0.0841205551831763
2019-05-28 15:21:00,0.10315740953370778
2019-05-28 15:24:00,0.293129325735606
2019-05-28 15:27:00,0.4474408521848545
2019-05-28 15:30:00,0.41043559477577674
2019-05-28 15:33:00,0.05252120033514984
2019-05-28 15:36:00,0.09364014253168307
2019-05-28 15:39:00,0.3470089638535683
2019-05-28 15:42:00,0.370829744678872
2019-05-28 15:45:00,0.5111919154348357
2019-05-28 15:48:00,0.6839332536829374
2019-05-28 15:51:00,0.5814901029894486
2019-05-28 15:54:00,0.5607472276484486
2019-05-28 15:57:00,0.5447233550758028
2019-05-28 16:00:00,0.3593350785122311
2019-05-28 16:03:00,0.39024619913499237
2019-05-28 16:06:00,0.24668839300721856
2019-05-28 16:09:00,0.3643146090029177
2019-05-28 16:12:00,0.550919044739203
2019-05-28 16:15:00,0.567873143069562
2019-05-28 16:18:00,0.3485304432569478
2019-05-28 16:21:00,0.28096675376912117
2019-05-28 16:24:00,0.33860515336499475
2019-05-28 16:27:00,0.3161230824100585
2019-05-28 16:30:00,0.3393830894512462
2019-05-28 16:33:00,0.3263223286860466
2019-05-28 16:36:00,0.36379574066722853
2019-05-28 16:39:00,0.5387115679269527
2019-05-28 16:42:00,0.4571633788381746
2019-05-28 16:45:00,0.4071330911583573
2019-05-28 16:48:00,0.4977688030844547
2019-05-28 16:51:00,0.375226481551465
2019-05-28 16:54:00,0.30489063932196814
2019-05-28 16:57:00,0.3230593936567061
2019-05-28 17:00:00,0.3913300852514112
2019-05-28 17:03:00,0.43838978104417947
2019-05-28 17:06:00,0.2755437328459607
2019-05-28 17:09:00,0.4239655147780468
2019-05-28 17:12:00,0.40631317123251165
2019-05-28 17:15:00,0.480318932516127
2019-05-28 17:18:00,0.5333723162506772
2019-05-28 17:21:00,0.643045159158703
2019-05-28 17:24:00,0.5172749292215144
2019-05-28 17:27:00,0.4360709783148877
2019-05-28 17:30:00,0.395400282962612
2019-05-28 17:33:00,0.5473954741739817
2019-05-28 17:36:00,0.4847288676522794
2019-05-28 17:39:00,0.30583803031839807
2019-05-28 17:42:00,0.39311851394393216
2019-05-28 17:45:00,0.4099800022033264
2019-05-28 17:48:00,0.32903250939159534
2019-05-28 17:51:00,0.32249466913162905
2019-05-28 17:54:00,0.29697228197437653
2019-05-28 17:57:00,0.31636303023873324
2019-05-28 18:00:00,0.290933993271949
2019-05-28 18:03:00,0.32007505490690846
2019-05-28 18:06:00,0.2567592789628179
2019-05-28 18:09:00,0.2314323557144462
2019-05-28 18:12:00,0.2970882053764399
2019-05-28 18:15:00,0.34740467345699244
2019-05-28 18:18:00,0.2462734317142008
2019-05-28 18:21:00,0.3459793137417364
2019-05-28 18:24:00,0.29459388256589136
2019-05-28 18:27:00,0.40317599223254774
2019-05-28 18:30:00,0.40002204838856414
2019-05-28 18:33:00,0.44626985704400113
2019-05-28 18:36:00,0.45375264772138735
2019-05-28 18:39:00,0.4661980858508059
2019-05-28 18:42:00,0.34823069815178087
2019-05-28 18:45:00,0.377022757439363
2019-05-28 18:48:00,0.23415390866091457
2019-05-28 18:51:00,0.17930491370805157
2019-05-28 18:54:00,
2019-05-28 18:57:00,
2019-05-28 19:00:00,
2019-05-28 19:03:00,0.31822081004997926
2019-05-28 19:06:00,0.2992899924054768
2019-05-28 19:09:00,0.26736020028505436
2019-05-28 19:12:00,0.24532186997890904
2019-05-28 19:15:00,0.2450052191546206
2019-05-28 19:18:00,0.3032989432606428
2019-05-28 19:21:00,0.24733820961318997
2019-05-28 19:24:00,0.3082533671392298
2019-05-28 19:27:00,0.3012764709051794
2019-05-28 19:30:00,0.3141768561662843
2019-05-28 19:33:00,0.2758635504571316
2019-05-28 19:36:00,0.2563626890568571
2019-05-28 19:39:00,0.3936642119921885
2019-05-28 19:42:00,0.2732022737332045
2019-05-28 19:45:00,0.282717611982207
2019-05-28 19:48:00,0.21141245391163466
2019-05-28 19:51:00,0.30897886782338446
2019-05-28 19:54:00,0.24820745521924437
2019-05-28 19:57:00,0.3468878520375256
2019-05-28 20:00:00,0.2229942686582831
2019-05-28 20:03:00,0.1920879846409207
2019-05-28 20:06:00,0.17902358943825902
2019-05-28 20:09:00,0.23555775227185904
2019-05-28 20:12:00,0.21150685408071013
2019-05-28 20:15:00,0.20973168586624524
2019-05-28 20:18:00,0.12665965040696392
2019-05-28 20:21:00,0.20802755241999193
2019-05-28 20:24:00,0.20115675708717617
2019-05-28 20:27:00,0.22911125819592826
2019-05-28 20:30:00,0.2955101702298748
2019-05-28 20:33:00,0.259960508259951
2019-05-28 20:36:00,0.28816899206162816
2019-05-28 20:39:00,0.3053530942034399
2019-05-28 20:42:00,0.2997189725196563
2019-05-28 20:45:00,0.26606587811835425
2019-05-28 20:48:00,0.23965864921257207
2019-05-28 20:51:00,0.3080259356182182
2019-05-28 20:54:00,0.31297942796362577
2019-05-28 20:57:00,0.33127804051412113
2019-05-28 21:00:00,0.2731008699841482
2019-05-28 21:03:00,0.254689240150185
2019-05-28 21:06:00,0.3124815322420318
2019-05-28 21:09:00,0.18749793662288994
2019-05-28 21:12:00,0.2235584007322018
2019-05-28 21:15:00,0.2769115347093134
2019-05-28 21:18:00,0.23889689734966169
2019-05-28 21:21:00,0.17446248567932798
2019-05-28 21:24:00,0.2380468524154935
2019-05-28 21:27:00,0.2487027183194641
2019-05-28 21:30:00,0.1989988007770762
2019-05-28 21:33:00,0.28236330500379836
2019-05-28 21:36:00,0.3215992677449435
2019-05-28 21:39:00,0.2779849757470174
2019-05-28 21:42:00,0.274942493242861
2019-05-28 21:45:00,0.30382473863738824
2019-05-28 21:48:00,0.3038011708703152
2019-05-28 21:51:00,0.2889828196621238
2019-05-28 21:54:00,0.23351127161453178
2019-05-28 21:57:00,0.22686606367955164
2019-05-28 22:00:00,0.3097787501404241
2019-05-28 22:03:00,0.2759927496215937
2019-05-28 22:06:00,0.21140217332543898
2019-05-28 22:09:00,0.24671201872138226
2019-05-28 22:12:00,0.2880638078091238
2019-05-28 22:15:00,0.305974195675617
2019-05-28 22:18:00,0.3922141371979819
2019-05-28 22:21:00,0.2979327571159729
2019-05-28 22:24:00,0.29161634097243905
2019-05-28 22:27:00,0.28922076514191986
2019-05-28 22:30:00,0.3146321147355593
2019-05-28 22:33:00,0.2473642212850109
2019-05-28 22:36:00,0.307449393079537
2019-05-28 22:39:00,0.22296244454707903
2019-05-28 22:42:00,0.25091255571732063
2019-05-28 22:45:00,0.31915922151483755
2019-05-28 22:48:00,0.29536050430516525
2019-05-28 22:51:00,0.33088046494009404
2019-05-28 22:54:00,0.3205727346737035
2019-05-28 22:57:00,0.2660982005040182
2019-05-28 23:00:00,0.3367869239901893
2019-05-28 23:03:00,0.23341272184347872
2019-05-28 23:06:00,0.3176511880409407
2019-05-28 23:09:00,0.32483563199224363
2019-05-28 23:12:00,0.37577324607980245
2019-05-28 23:15:00,0.3110806832535786
2019-05-28 23:18:00,0.3271402424331882
2019-05-28 23:21:00,0.3099999206703501
2019-05-28 23:24:00,0.321559291721087
2019-05-28 23:27:00,0.3166034808501763
2019-05-28 23:30:00,0.3759351935526638
2019-05-28 23:33:00,0.39416189507073796
2019-05-28 23:36:00,0.27705020956796034
2019-05-28 23:39:00,0.37429976488971306
2019-05-28 23:42:00,0.4113308302735277
2019-05-28 23:45:00,0.2968508260930207
2019-05-28 23:48:00,0.403359428828594
2019-05-28 23:51:00,0.3571768964538933
2019-05-28 23:54:00,0.29397488303072805
2019-05-28 23:57:00,0.32859334261092954
2019-05-29 00:00:00,0.4106962793852631
2019-05-29 00:03:00,0.3405484682676274
2019-05-29 00:06:00,0.339200595626437
2019-05-29 00:09:00,0.37850588662007567
2019-05-29 00:12:00,0.3700199413507903
2019-05-29 00:15:00,0.3696359882574143
2019-05-29 00:18:00,0.2954660766166626
2019-05-29 00:21:00,0.3624287456852926
2019-05-29 00:24:00,0.3864773493169764
2019-05-29 00:27:00,0.42882785373586785
2019-05-29 00:30:00,0.304153271397297
2019-05-29 00:33:00,0.3571889495559617
2019-05-29 00:36:00,0.3555787889345652
2019-05-29 00:39:00,0.3924384644784027
2019-05-29 00:42:00,0.37792808204267203
2019-05-29 00:45:00,0.38458288894560155
2019-05-29 00:48:00,0.3707017917917028
2019-05-29 00:51:00,0.38848002545438476
2019-05-29 00:54:00,0.40402264673963373
2019-05-29 00:57:00,0.4089759928007197
2019-05-29 01:00:00,0.45418995337166734
2019-05-29 01:03:00,0.42143092827006967
2019-05-29 01:06:00,0.551048344158346
2019-05-29 01:09:00,0.3632405673161543
2019-05-29 01:12:00,0.47978068563060106
2019-05-29 01:15:00,0.40761223681647607
2019-05-29 01:18:00,0.3349298225745656
2019-05-29 01:21:00,0.44209422643615426
2019-05-29 01:24:00,0.45411215417954054
2019-05-29 01:27:00,0.4194745242062936
2019-05-29 01:30:00,0.39301431147947596
2019-05-29 01:33:00,0.40201649354867186
2019-05-29 01:36:00,0.301480957195281
2019-05-29 01:39:00,0.340654840078912
2019-05-29 01:42:00,0.36949307313960844
2019-05-29 01:45:00,0.4005205127990621
2019-05-29 01:48:00,0.47457200108920006
2019-05-29 01:51:00,0.4078925602210006
2019-05-29 01:54:00,0.48694375510183363
2019-05-29 01:57:00,0.4161680294502048
2019-05-29 02:00:00,0.3871746107637932
2019-05-29 02:03:00,0.3650809128084802
2019-05-29 02:06:00,0.5108144352612953
2019-05-29 02:09:00,0.430668438245732
2019-05-29 02:12:00,0.3402801456226143
2019-05-29 02:15:00,0.3479750971997646
2019-05-29 02:18:00,0.45829211170035933
2019-05-29 02:21:00,0.41135609317262833
2019-05-29 02:24:00,0.38366871831243543
2019-05-29 02:27:00,0.4793209434335495
2019-05-29 02:30:00,0.4169982071160234
2019-05-29 02:33:00,0.44439684103718946
2019-05-29 02:36:00,0.4396518479398992
2019-05-29 02:39:00,0.44523306235566906
2019-05-29 02:42:00,0.3470384693294477
2019-05-29 02:45:00,0.401929198654841
2019-05-29 02:48:00,0.4196885203017473
2019-05-29 02:51:00,0.51302877910706
2019-05-29 02:54:00,0.4165403052163015
2019-05-29 02:57:00,0.5094964153599335
2019-05-29 03:00:00,0.42457243393744193
2019-05-29 03:03:00,0.546066922324485
2019-05-29 03:06:00,0.44645454521776173
2019-05-29 03:09:00,0.40879381877044807
2019-05-29 03:12:00,0.5120712744740672
2019-05-29 03:15:00,0.5072337203477559
2019-05-29 03:18:00,0.4990479409748332
2019-05-29 03:21:00,0.4525292810342876
2019-05-29 03:24:00,0.41475757171849637
2019-05-29 03:27:00,0.43716923786712414
2019-05-29 03:30:00,0.5224776094460708
2019-05-29 03:33:00,0.5423854886533945
2019-05-29 03:36:00,0.4149099415765818
2019-05-29 03:39:00,0.46890079705264043
2019-05-29 03:42:00,0.4683717554253235
2019-05-29 03:45:00,0.5052786488139986
2019-05-29 03:48:00,0.4207537786917328
2019-05-29 03:51:00,0.4361471602350093
2019-05-29 03:54:00,0.397295160659894
2019-05-29 03:57:00,0.4850513693418179
2019-05-29 04:00:00,0.42407440760149484
2019-05-29 04:03:00,0.385925077522586
2019-05-29 04:06:00,0.43129658034149543
2019-05-29 04:09:00,0.4436408647440544
2019-05-29 04:12:00,0.4934010282560166
2019-05-29 04:15:00,0.35757693654619516
2019-05-29 04:18:00,0.36983712237548616
2019-05-29 04:21:00,0.40790262635442787
2019-05-29 04:24:00,0.4716664432309585
2019-05-29 04:27:00,0.44026682133653594
2019-05-29 04:30:00,0.37910619373377585
2019-05-29 04:33:00,0.5209949551817203
2019-05-29 04:36:00,0.4975147830423907
2019-05-29 04:39:00,0.3668548848428941
2019-05-29 04:42:00,0.45615057274130777
2019-05-29 04:45:00,0.4789330729277026
2019-05-29 04:48:00,0.4480401718848839
2019-05-29 04:51:00,0.41767059885978597
2019-05-29 04:54:00,0.4387317696441073
2019-05-29 04:57:00,0.2957199664484733
2019-05-29 05:00:00,0.3834562628626941
2019-05-29 05:03:00,0.3810633190016688
2019-05-29 05:06:00,0.34619223648087427
2019-05-29 05:09:00,0.34897946612687747
2019-05-29 05:12:00,0.4057895328269865
2019-05-29 05:15:00,0.4200261363720301
2019-05-29 05:18:00,0.3949307774555564
2019-05-29 05:21:00,0.44343318649515595
2019-05-29 05:24:00,0.38666429976007066
2019-05-29 05:27:00,0.434475708929142
2019-05-29 05:30:00,0.36868697349632384
2019-05-29 05:33:00,0.3647413517524001
2019-05-29 05:36:00,0.3368892846916083
2019-05-29 05:39:00,0.2736685331381068
2019-05-29 05:42:00,0.2794552629128475
2019-05-29 05:45:00,0.37255698121407477
2019-05-29 05:48:00,0.37066937844252834
2019-05-29 05:51:00,0.41765463136624703
2019-05-29 05:54:00,0.43004949618187993
2019-05-29 05:57:00,0.31850429819280635
2019-05-29 06:00:00,0.3926481406281255
2019-05-29 06:03:00,0.43573514219315257
2019-05-29 06:06:00,0.40329623192633335
2019-05-29 06:09:00,0.44673953760252516
2019-05-29 06:12:00,0.39718753832579523
2019-05-29 06:15:00,0.4799258489625231
2019-05-29 06:18:00,0.3940956658224195
2019-05-29 06:21:00,0.43036457582263665
2019-05-29 06:24:00,0.44292563547071495
2019-05-29 06:27:00,0.3925627472407882
2019-05-29 06:30:00,0.3712775542222744
2019-05-29 06:33:00,0.39360520822856415
2019-05-29 06:36:00,0.34495833453286195
2019-05-29 06:39:00,0.4116154853738294
2019-05-29 06:42:00,0.4160420571743657
2019-05-29 06:45:00,0.3478427284958343
2019-05-29 06:48:00,0.31866114296991555
2019-05-29 06:51:00,0.40619882450641853
2019-05-29 06:54:00,0.3344976588653026
2019-05-29 06:57:00,0.3833637593525623
2019-05-29 07:00:00,0.30331006366463953
2019-05-29 07:03:00,0.39819931003523834
2019-05-29 07:06:00,0.3391929431067524
2019-05-29 07:09:00,0.495800459583279
2019-05-29 07:12:00,0.4069420499072294
2019-05-29 07:15:00,0.2883042604577213
2019-05-29 07:18:00,0.49001814223476003
2019-05-29 07:21:00,0.4367037247583312
2019-05-29 07:24:00,0.43749722033277294
2019-05-29 07:27:00,0.40472480933289035
2019-05-29 07:30:00,0.4538716616088436
2019-05-29 07:33:00,0.5383640314869353
2019-05-29 07:36:00,0.3296805432403289
2019-05-29 07:39:00,0.27772844319662227
2019-05-29 07:42:00,0.4019405418821975
2019-05-29 07:45:00,0.4204893180958038
2019-05-29 07:48:00,0.3592497143307014
2019-05-29 07:51:00,0.4377584363955975
2019-05-29 07:54:00,0.38430469319990834
2019-05-29 07:57:00,0.3952815384482733
2019-05-29 08:00:00,0.2830089158425153
2019-05-29 08:03:00,0.2812479476415888
2019-05-29 08:06:00,0.4526789872488166
2019-05-29 08:09:00,0.31923335599935854
2019-05-29 08:12:00,0.3426260203842162
2019-05-29 08:15:00,0.3706563697840579
2019-05-29 08:18:00,0.340049892171578
2019-05-29 08:21:00,0.37795501160292133
2019-05-29 08:24:00,0.258392957453907
2019-05-29 08:27:00,0.33551786277649853
2019-05-29 08:30:00,0.31550926722496797
2019-05-29 08:33:00,0.34023590467683107
2019-05-29 08:36:00,0.36316637708415556
2019-05-29 08:39:00,0.3568071265199251
2019-05-29 08:42:00,0.22496067553714738
2019-05-29 08:45:00,0.349435781724992
2019-05-29 08:48:00,0.2646335928690746
2019-05-29 08:51:00,0.2826877390509708
2019-05-29 08:54:00,0.3321587801859778
2019-05-29 08:57:00,0.2462877059850257
2019-05-29 09:00:00,0.3229967039841881
2019-05-29 09:03:00,0.3023337349688404
2019-05-29 09:06:00,0.25789626768835205
2019-05-29 09:09:00,0.312411952904597
2019-05-29 09:12:00,0.2337143743282013
2019-05-29 09:15:00,0.3548738121285169
2019-05-29 09:18:00,0.2679720614812595
2019-05-29 09:21:00,0.1830045183752418
2019-05-29 09:24:00,0.2861155839719913
2019-05-29 09:27:00,0.12901532887593703
2019-05-29 09:30:00,0.24128750167028556
2019-05-29 09:33:00,0.1782212972590287
2019-05-29 09:36:00,0.21842447466860904
2019-05-29 09:39:00,0.16076450621858385
2019-05-29 09:42:00,0.10650354918237781
2019-05-29 09:45:00,0.07054359329310955
2019-05-29 09:48:00,0.05411531085206889
2019-05-29 09:51:00,0.10852612559898489
2019-05-29 09:54:00,0.11527622308261698
2019-05-29 09:57:00,0.08578372843248872
2019-05-29 10:00:00,0.10425668386227471
2019-05-29 10:03:00,0.10384267171474448
2019-05-29 10:06:00,0.10006859407627644
2019-05-29 10:09:00,0.04231222009303792
2019-05-29 10:12:00,0.029418997836785366
2019-05-29 10:15:00,0.06344480616263581
2019-05-29 10:18:00,0.04397274781672422
2019-05-29 10:21:00,0.06500192697711782
2019-05-29 10:24:00,-0.03822790201132875
2019-05-29 10:27:00,-0.035619543490042815
2019-05-29 10:30:00,0.10625558932088097
2019-05-29 10:33:00,0.06739061962269943
2019-05-29 10:36:00,0.04853544667224696
2019-05-29 10:39:00,0.037641232723331086
2019-05-29 10:42:00,-0.009666551408884061
2019-05-29 10:45:00,-0.13343345018228092
2019-05-29 10:48:00,-0.09740738901757595
2019-05-29 10:51:00,-0.07435273723450564
2019-05-29 10:54:00,-0.14629785640255477
2019-05-29 10:57:00,0.0016400716635871504
2019-05-29 11:00:00,-0.13121261640003468
2019-05-29 11:03:00,-0.1679624141998488
2019-05-29 11:06:00,-0.13403281107969178
2019-05-29 11:09:00,-0.14463120548901998
2019-05-29 11:12:00,-0.24385584474504185
2019-05-29 11:15:00,-0.06380013350258196
2019-05-29 11:18:00,-0.024580045963546127
2019-05-29 11:21:00,-0.10109640545493903
2019-05-29 11:24:00,-0.08031744396009799
2019-05-29 11:27:00,-0.06463807749202033
2019-05-29 11:30:00,-0.036428410760890984
2019-05-29 11:33:00,-0.011876751902434535
2019-05-29 11:36:00,-0.15599526905907624
2019-05-29 11:39:00,-0.1730197287041051
2019-05-29 11:42:00,-0.13854751849481772
2019-05-29 11:45:00,-0.17740859242599072
2019-05-29 11:48:00,-0.18560580285264905
2019-05-29 11:51:00,-0.037805237945917725
2019-05-29 11:54:00,-0.23644093178739922
2019-05-29 11:57:00,-0.23216721892492842
2019-05-29 12:00:00,-0.23851495932399303
2019-05-29 12:03:00,-0.12913561791918937
2019-05-29 12:06:00,-0.17225576562094602
2019-05-29 12:09:00,-0.18020258671771217
2019-05-29 12:12:00,-0.19217334737152214
2019-05-29 12:15:00,-0.25708444400294184
2019-05-29 12:18:00,-0.27007497744199327
2019-05-29 12:21:00,-0.13276856710939455
2019-05-29 12:24:00,-0.16713143163912036
2019-05-29 12:27:00,-0.19373652040917477
2019-05-29 12:30:00,-0.24447819153004957
2019-05-29 12:33:00,-0.1448079721097315
2019-05-29 12:36:00,-0.34768655527307146
2019-05-29 12:39:00,-0.2793854269694407
2019-05-29 12:42:00,-0.23350274839964413
2019-05-29 12:45:00,-0.30996710461846533
2019-05-29 12:48:00,-0.21075064285872713
2019-05-29 12:51:00,-0.16699890041775234
2019-05-29 12:54:00,-0.11039869542116776
2019-05-29 12:57:00,-0.22677251452671499
2019-05-29 13:00:00,-0.17476661052785403
2019-05-29 13:03:00,-0.17050928649069874
2019-05-29 13:06:00,-0.2965008268470797
2019-05-29 13:09:00,-0.21695856840597116
2019-05-29 13:12:00,-0.14870191386467013
2019-05-29 13:15:00,-0.17809479259176442
2019-05-29 13:18:00,-0.12642345312542602
2019-05-29 13:21:00,-0.0439454966528956
2019-05-29 13:24:00,-0.01088715936572271
2019-05-29 13:27:00,-0.005532390812220456
2019-05-29 13:30:00,-0.0013714349681777094
2019-05-29 13:33:00,0.025377891884772907
2019-05-29 13:36:00,-0.18988011677322447
2019-05-29 13:39:00,-0.22025795403641268
2019-05-29 13:42:00,0.023665090403085287
2019-05-29 13:45:00,0.035917650970930026
2019-05-29 13:48:00,-0.0935943021473804
2019-05-29 13:51:00,-0.20292720951147203
2019-05-29 13:54:00,-0.3045789281949851
2019-05-29 13:57:00,-0.11773960432702779
2019-05-29 14:00:00,-0.1925292041122475
2019-05-29 14:03:00,-0.24892369120300373
2019-05-29 14:06:00,0.028390526824864537
2019-05-29 14:09:00,0.039369926241079156
2019-05-29 14:12:00,-0.030201947909688442
2019-05-29 14:15:00,-0.0003741483459407391
2019-05-29 14:18:00,-0.20025993283326216
2019-05-29 14:21:00,-0.22478575329250816
2019-05-29 14:24:00,-0.23327302984091602
2019-05-29 14:27:00,-0.21584267819923753
2019-05-29 14:30:00,-0.1511358114339032
2019-05-29 14:33:00,-0.25993077524861974
2019-05-29 14:36:00,-0.2272625272262303
2019-05-29 14:39:00,-0.17159183197560424
2019-05-29 14:42:00,-0.18291239646003987
2019-05-29 14:45:00,-0.21275028034420984
2019-05-29 14:48:00,-0.019920662587423976
2019-05-29 14:51:00,0.1024733066593626
2019-05-29 14:54:00,0.0014334569477227888
2019-05-29 14:57:00,0.029094054262770896
2019-05-29 15:00:00,-0.14598417095413652
2019-05-29 15:03:00,-0.26689416155517165
2019-05-29 15:06:00,-0.31381313342205885
2019-05-29 15:09:00,-0.29362101028414145
2019-05-29 15:12:00,-0.2650214797862418
2019-05-29 15:15:00,-0.3389527396461176
2019-05-29 15:18:00,-0.27491510922919815
2019-05-29 15:21:00,-0.34764680402400927
2019-05-29 15:24:00,-0.18457375323009728
2019-05-29 15:27:00,-0.3441420015294625
2019-05-29 15:30:00,-0.2595892006033296
2019-05-29 15:33:00,-0.2714342246623005
2019-05-29 15:36:00,-0.2198130036645125
2019-05-29 15:39:00,-0.17240515280968793
2019-05-29 15:42:00,-0.22408849736837055
2019-05-29 15:45:00,-0.16884624525044956
2019-05-29 15:48:00,-0.17623654924688026
2019-05-29 15:51:00,-0.2546554484964645
2019-05-29 15:54:00,-0.14531880536719655
2019-05-29 15:57:00,-0.25144134122137984
2019-05-29 16:00:00,-0.1897143035530462
2019-05-29 16:03:00,-0.18565219709796565
2019-05-29 16:06:00,-0.21356641629972728
2019-05-29 16:09:00,-0.22512387000512035
2019-05-29 16:12:00,-0.26626328611087047
2019-05-29 16:15:00,-0.20514927268300198
2019-05-29 16:18:00,-0.2676033190210205
2019-05-29 16:21:00,-0.28903565229529704
2019-05-29 16:24:00,-0.31299756681562485
2019-05-29 16:27:00,-0.30939191290383405
2019-05-29 16:30:00,-0.23650496189270598
2019-05-29 16:33:00,-0.30661860632278604
2019-05-29 16:36:00,-0.33131968168993353
2019-05-29 16:39:00,-0.2972178436520494
2019-05-29 16:42:00,-0.3630581713333072
2019-05-29 16:45:00,-0.3214452521664839
2019-05-29 16:48:00,-0.24687493262285898
2019-05-29 16:51:00,-0.29173776624026004
2019-05-29 16:54:00,-0.21356740513704153
2019-05-29 16:57:00,-0.240306597509516
2019-05-29 17:00:00,0.09185440930019695
2019-05-29 17:03:00,0.10288778122190934
2019-05-29 17:06:00,0.13253308171306344
2019-05-29 17:09:00,0.07892431535884725
2019-05-29 17:12:00,-0.019285016328865368
2019-05-29 17:15:00,0.10339193806265712
2019-05-29 17:18:00,0.11863707157345971
2019-05-29 17:21:00,0.1758991029046797
2019-05-29 17:24:00,0.12640971806439438
2019-05-29 17:27:00,0.07619535420064949
2019-05-29 17:30:00,0.1701909889044373
2019-05-29 17:33:00,0.16633057801908535
2019-05-29 17:36:00,0.1408679330038467
2019-05-29 17:39:00,0.29292357768247257
2019-05-29 17:42:00,0.20537851507504
2019-05-29 17:45:00,0.2290230368003563
2019-05-29 17:48:00,0.5436431936234385
2019-05-29 17:51:00,0.5699535866622227
2019-05-29 17:54:00,0.39738869911298025
2019-05-29 17:57:00,0.06710707390271864
2019-05-29 18:00:00,0.3384915241495605
2019-05-29 18:03:00,0.5037980504660595
2019-05-29 18:06:00,0.33641898584534147
2019-05-29 18:09:00,0.17758700791279125
2019-05-29 18:12:00,0.37794676777917857
2019-05-29 18:15:00,0.24205614602186643
2019-05-29 18:18:00,0.3184006160547028
2019-05-29 18:21:00,0.21788241392300733
2019-05-29 18:24:00,0.10120799275892978
2019-05-29 18:27:00,0.11512256463970516
2019-05-29 18:30:00,0.1922640562566471
2019-05-29 18:33:00,0.2655031680492925
2019-05-29 18:36:00,0.33228847434429554
2019-05-29 18:39:00,0.24056654095448948
2019-05-29 18:42:00,0.36579082521006967
2019-05-29 18:45:00,0.2351244683220557
2019-05-29 18:48:00,0.2628790004028474
2019-05-29 18:51:00,0.1948093607563237
2019-05-29 18:54:00,
2019-05-29 18:57:00,
2019-05-29 19:00:00,
2019-05-29 19:03:00,0.35536439726200797
2019-05-29 19:06:00,0.31589940336550626
2019-05-29 19:09:00,0.3027392880848083
2019-05-29 19:12:00,0.21278012437221605
2019-05-29 19:15:00,0.2706553126191693
2019-05-29 19:18:00,0.26637797171281363
2019-05-29 19:21:00,0.22697754410972948
2019-05-29 19:24:00,0.19851920267780088
2019-05-29 19:27:00,0.32021095542029343
2019-05-29 19:30:00,0.31866389706198106
2019-05-29 19:33:00,0.19553220167847485
2019-05-29 19:36:00,0.2190548605444178
2019-05-29 19:39:00,0.19513162219834612
2019-05-29 19:42:00,0.20924719580364126
2019-05-29 19:45:00,0.26474505402893556
2019-05-29 19:48:00,0.3812035860011065
2019-05-29 19:51:00,0.4198976208406293
2019-05-29 19:54:00,0.3046850469318656
2019-05-29 19:57:00,0.4454502298895022
2019-05-29 20:00:00,0.2312065301622397
2019-05-29 20:03:00,0.188348082405696
2019-05-29 20:06:00,0.18783134148162617
2019-05-29 20:09:00,0.26755724803581415
2019-05-29 20:12:00,0.2136252537007408
2019-05-29 20:15:00,0.1607170714842141
2019-05-29 20:18:00,0.290136550420641
2019-05-29 20:21:00,0.2636119249324338
2019-05-29 20:24:00,0.28146555845864896
2019-05-29 20:27:00,0.3155161097685095
2019-05-29 20:30:00,0.3827993900781621
2019-05-29 20:33:00,0.4234853635942386
2019-05-29 20:36:00,0.4597364358452296
2019-05-29 20:39:00,0.540983840049023
2019-05-29 20:42:00,0.5667632343476043
2019-05-29 20:45:00,0.5707948599767292
2019-05-29 20:48:00,0.5917306954741548
2019-05-29 20:51:00,0.631935876021771
2019-05-29 20:54:00,0.5124580836855444
2019-05-29 20:57:00,0.47129027857545225
2019-05-29 21:00:00,0.2804314244741022
2019-05-29 21:03:00,0.2764227136413524
2019-05-29 21:06:00,0.2226895385411467
2019-05-29 21:09:00,0.24079305876153967
2019-05-29 21:12:00,0.3834811893491974
2019-05-29 21:15:00,0.2863088781970191
2019-05-29 21:18:00,0.4838742333304822
2019-05-29 21:21:00,0.6599872417679649
2019-05-29 21:24:00,0.5296966709806838
2019-05-29 21:27:00,0.38652367891336326
2019-05-29 21:30:00,0.30467166449125216
2019-05-29 21:33:00,0.3710459617195738
2019-05-29 21:36:00,0.25443859502371424
2019-05-29 21:39:00,0.2409881832248857
2019-05-29 21:42:00,0.2160623611211463
2019-05-29 21:45:00,0.219540930814901
2019-05-29 21:48:00,0.1970481299625817
2019-05-29 21:51:00,0.2610181252827033
2019-05-29 21:54:00,0.2134714547163412
2019-05-29 21:57:00,0.10154273840549877
2019-05-29 22:00:00,0.31295343744631055
2019-05-29 22:03:00,0.320934917742818
2019-05-29 22:06:00,0.28310196710708624
2019-05-29 22:09:00,0.27557961222947824
2019-05-29 22:12:00,0.3651743473759552
2019-05-29 22:15:00,0.2894460151767362
2019-05-29 22:18:00,0.25149593802319714
2019-05-29 22:21:00,0.30122336267157834
2019-05-29 22:24:00,0.21277741400842842
2019-05-29 22:27:00,0.2311769172397362
2019-05-29 22:30:00,0.15746358314652298
2019-05-29 22:33:00,0.2442978731867811
2019-05-29 22:36:00,0.25953418879987566
2019-05-29 22:39:00,0.3862352731517831
2019-05-29 22:42:00,0.3187118642417772
2019-05-29 22:45:00,0.44720627114753597
2019-05-29 22:48:00,0.5309196954636377
2019-05-29 22:51:00,0.5309801789615562
2019-05-29 22:54:00,0.556358276846936
2019-05-29 22:57:00,0.7099381222363377
2019-05-29 23:00:00,0.6351487004063756
2019-05-29 23:03:00,0.7429327513413568
2019-05-29 23:06:00,0.6600651342508854
2019-05-29 23:09:00,0.6453843548303553
2019-05-29 23:12:00,0.5411153528855266
2019-05-29 23:15:00,0.42991522115102043
2019-05-29 23:18:00,0.4018917541454812
2019-05-29 23:21:00,0.3257058299649316
2019-05-29 23:24:00,0.3729743669935601
2019-05-29 23:27:00,0.37341913974654517
2019-05-29 23:30:00,0.3623126911933241
2019-05-29 23:33:00,0.3641693710005711
2019-05-29 23:36:00,0.43132262657155707
2019-05-29 23:39:00,0.3793647873731629
2019-05-29 23:42:00,0.3868101063652034
2019-05-29 23:45:00,0.33073995903902187
2019-05-29 23:48:00,0.4303012070432146
2019-05-29 23:51:00,0.39881177604894447
2019-05-29 23:54:00,0.4931621950498766
2019-05-29 23:57:00,0.4250707794894879
2019-05-30 00:00:00,0.4252608284738244
2019-05-30 00:03:00,0.46162201933321967
2019-05-30 00:06:00,0.550894831391588
2019-05-30 00:09:00,0.45573341719659766
2019-05-30 00:12:00,0.5947966434694081
2019-05-30 00:15:00,0.5277113589492615
2019-05-30 00:18:00,0.5432269497396192
2019-05-30 00:21:00,0.45458675691776307
2019-05-30 00:24:00,0.5505727139096734
2019-05-30 00:27:00,0.4373982073266234
2019-05-30 00:30:00,0.4014055191825605
2019-05-30 00:33:00,0.3767995148179466
2019-05-30 00:36:00,0.38094250136697383
2019-05-30 00:39:00,0.3854939823569907
2019-05-30 00:42:00,0.3344000396821798
2019-05-30 00:45:00,0.4563867880639805
2019-05-30 00:48:00,0.3444005745227514
2019-05-30 00:51:00,0.4504286967321036
2019-05-30 00:54:00,0.3884488212474366
2019-05-30 00:57:00,0.3693757456080675
2019-05-30 01:00:00,0.38391347004761656
2019-05-30 01:03:00,0.4129994063341087
2019-05-30 01:06:00,0.3936341965758743
2019-05-30 01:09:00,0.47011706284837373
2019-05-30 01:12:00,0.3613732673398431
2019-05-30 01:15:00,0.3528919924701768
2019-05-30 01:18:00,0.4348712605282685
2019-05-30 01:21:00,0.39212034091428905
2019-05-30 01:24:00,0.37761342096024464
2019-05-30 01:27:00,0.28860302560167383
2019-05-30 01:30:00,0.24733091346331548
2019-05-30 01:33:00,0.36237159959654264
2019-05-30 01:36:00,0.3185154727214581
2019-05-30 01:39:00,0.3003458555687075
2019-05-30 01:42:00,0.32833277348964884
2019-05-30 01:45:00,0.25011592199598454
2019-05-30 01:48:00,0.3359193747734821
2019-05-30 01:51:00,0.335653878134508
2019-05-30 01:54:00,0.2917775652780392
2019-05-30 01:57:00,0.28916177389993436
2019-05-30 02:00:00,0.23615899504585514
2019-05-30 02:03:00,0.3262920322182481
2019-05-30 02:06:00,0.2506453778068476
2019-05-30 02:09:00,0.2517988394046142
2019-05-30 02:12:00,0.36739032782861614
2019-05-30 02:15:00,0.3791404003846992
2019-05-30 02:18:00,0.2857867239629286
2019-05-30 02:21:00,0.4229034890198591
2019-05-30 02:24:00,0.3737943319494548
2019-05-30 02:27:00,0.43199831826086665
2019-05-30 02:30:00,0.4345919198935917
2019-05-30 02:33:00,0.41795302319604843
2019-05-30 02:36:00,0.2955505433802159
2019-05-30 02:39:00,0.4321387314856793
2019-05-30 02:42:00,0.416500340182381
2019-05-30 02:45:00,0.41134941832797267
2019-05-30 02:48:00,0.36204152458952876
2019-05-30 02:51:00,0.29036908187555355
2019-05-30 02:54:00,0.3808814145895667
2019-05-30 02:57:00,0.3020213734045001
2019-05-30 03:00:00,0.2878183027917771
2019-05-30 03:03:00,0.325414056484135
2019-05-30 03:06:00,0.37029767779841904
2019-05-30 03:09:00,0.2970115984547874
2019-05-30 03:12:00,0.2151520069330104
2019-05-30 03:15:00,0.3436775801483236
2019-05-30 03:18:00,0.34355015025710145
2019-05-30 03:21:00,0.41856497808430504
2019-05-30 03:24:00,0.3958308127860164
2019-05-30 03:27:00,0.2804677263742974
2019-05-30 03:30:00,0.3546916830236455
2019-05-30 03:33:00,0.34284228930852123
2019-05-30 03:36:00,0.3754440986287477
2019-05-30 03:39:00,0.3718441791272653
2019-05-30 03:42:00,0.3451462568106649
2019-05-30 03:45:00,0.4164175324842745
2019-05-30 03:48:00,0.3743940930384042
2019-05-30 03:51:00,0.37945535540580977
2019-05-30 03:54:00,0.44119187428049145
2019-05-30 03:57:00,0.35621983662224466
2019-05-30 04:00:00,0.3519744737889141
2019-05-30 04:03:00,0.3042334999872196
2019-05-30 04:06:00,0.26950220282839155
2019-05-30 04:09:00,0.33204863078213975
2019-05-30 04:12:00,0.3879378139483265
2019-05-30 04:15:00,0.36874948174192923
2019-05-30 04:18:00,0.413508663981645
2019-05-30 04:21:00,0.31189154858998336
2019-05-30 04:24:00,0.3025586673186922
2019-05-30 04:27:00,0.3075549411299221
2019-05-30 04:30:00,0.35500985893298775
2019-05-30 04:33:00,0.3248959915300702
2019-05-30 04:36:00,0.3920531373104268
2019-05-30 04:39:00,0.3695996943298496
2019-05-30 04:42:00,0.35553705434267613
2019-05-30 04:45:00,0.4370103057847814
2019-05-30 04:48:00,0.375552803780522
2019-05-30 04:51:00,0.33956762683970965
2019-05-30 04:54:00,0.3908929141373392
2019-05-30 04:57:00,0.33226650156808546
2019-05-30 05:00:00,0.35366745793976406
2019-05-30 05:03:00,0.37082844248487845
2019-05-30 05:06:00,0.3626838760172859
2019-05-30 05:09:00,0.35002347283580093
2019-05-30 05:12:00,0.3417599265804938
2019-05-30 05:15:00,0.41355108921419514
2019-05-30 05:18:00,0.34034773326510503
2019-05-30 05:21:00,0.40050805036935344
2019-05-30 05:24:00,0.3598835780308036
2019-05-30 05:27:00,0.38629305879516096
2019-05-30 05:30:00,0.37793216961551934
2019-05-30 05:33:00,0.408076704939333
2019-05-30 05:36:00,0.39437993653319836
2019-05-30 05:39:00,0.3357611914747167
2019-05-30 05:42:00,0.32868873412388666
2019-05-30 05:45:00,0.3244512995539708
2019-05-30 05:48:00,0.35037565653249203
2019-05-30 05:51:00,0.36592330625597924
2019-05-30 05:54:00,0.3796789268836278
2019-05-30 05:57:00,0.29074576909408734
2019-05-30 06:00:00,0.39483081689166966
2019-05-30 06:03:00,0.38298044535133613
2019-05-30 06:06:00,0.4553833218962495
2019-05-30 06:09:00,0.38977082513520145
2019-05-30 06:12:00,0.3416421271882655
2019-05-30 06:15:00,0.3647650194217249
2019-05-30 06:18:00,0.3506459524240313
2019-05-30 06:21:00,0.4677177885001811
2019-05-30 06:24:00,0.3741529364889402
2019-05-30 06:27:00,0.4529817316492313
2019-05-30 06:30:00,0.4719093075449905
2019-05-30 06:33:00,0.3358852656252225
2019-05-30 06:36:00,0.3505378305319482
2019-05-30 06:39:00,0.41775122234372475
2019-05-30 06:42:00,0.3208217751591178
2019-05-30 06:45:00,0.3698216737361122
2019-05-30 06:48:00,0.37475221567927974
2019-05-30 06:51:00,0.24940891657564634
2019-05-30 06:54:00,0.34349439509702506
2019-05-30 06:57:00,0.42255813468187853
2019-05-30 07:00:00,0.45885471586836957
2019-05-30 07:03:00,0.428414598770928
2019-05-30 07:06:00,0.4663671638003848
2019-05-30 07:09:00,0.33693704249543543
2019-05-30 07:12:00,0.44747838942458884
2019-05-30 07:15:00,0.5017633625300846
2019-05-30 07:18:00,0.3997371735710544
2019-05-30 07:21:00,0.3781240316656067
2019-05-30 07:24:00,0.4795779061693679
2019-05-30 07:27:00,0.3180052164524909
2019-05-30 07:30:00,0.3044819724132708
2019-05-30 07:33:00,0.3632082479832661
2019-05-30 07:36:00,0.3812006500112375
2019-05-30 07:39:00,0.3827041713963695
2019-05-30 07:42:00,0.3487683424455099
2019-05-30 07:45:00,0.2951655759551386
2019-05-30 07:48:00,0.35815498341258944
2019-05-30 07:51:00,0.34700074537391856
2019-05-30 07:54:00,0.24777085316202374
2019-05-30 07:57:00,0.2905230107936063
2019-05-30 08:00:00,0.28195280494196595
2019-05-30 08:03:00,0.2863652822421159
2019-05-30 08:06:00,0.2974283897158898
2019-05-30 08:09:00,0.3568919135911983
2019-05-30 08:12:00,0.3357888918696972
2019-05-30 08:15:00,0.332424901243769
2019-05-30 08:18:00,0.26101912706877783
2019-05-30 08:21:00,0.21809466637404284
2019-05-30 08:24:00,0.3624769022750911
2019-05-30 08:27:00,0.30428308632394874
2019-05-30 08:30:00,0.3200108400897079
2019-05-30 08:33:00,0.4014854747389336
2019-05-30 08:36:00,0.22523718872702148
2019-05-30 08:39:00,0.3029586400114681
2019-05-30 08:42:00,0.18170416643613407
2019-05-30 08:45:00,0.25461310805684434
2019-05-30 08:48:00,0.20260966933466307
2019-05-30 08:51:00,0.17461833094967005
2019-05-30 08:54:00,0.21688663225376104
2019-05-30 08:57:00,0.17229986126119456
2019-05-30 09:00:00,0.18863253398228608
2019-05-30 09:03:00,0.23263708104821035
2019-05-30 09:06:00,0.34031316126237243
2019-05-30 09:09:00,0.2344453406831235
2019-05-30 09:12:00,0.28367149948138604
2019-05-30 09:15:00,0.3440371602256391
2019-05-30 09:18:00,0.29874455565271774
2019-05-30 09:21:00,0.38703414456671226
2019-05-30 09:24:00,0.3775063275880939
2019-05-30 09:27:00,0.37233384453634244
2019-05-30 09:30:00,0.3382926383996505
2019-05-30 09:33:00,0.36509894789594455
2019-05-30 09:36:00,0.4783232002267823
2019-05-30 09:39:00,0.4789851499719475
2019-05-30 09:42:00,0.465863447910408
2019-05-30 09:45:00,0.3785923046659718
2019-05-30 09:48:00,0.4003027195545883
2019-05-30 09:51:00,0.3525444157429547
2019-05-30 09:54:00,0.36980761338566026
2019-05-30 09:57:00,0.3475058230868626
2019-05-30 10:00:00,0.26085631475882565
2019-05-30 10:03:00,0.2464755896897941
2019-05-30 10:06:00,0.22117699625260911
2019-05-30 10:09:00,0.3464615160784774
2019-05-30 10:12:00,0.34852663299267306
2019-05-30 10:15:00,0.41126529447853954
2019-05-30 10:18:00,0.37248595977530385
2019-05-30 10:21:00,0.5068314625095809
2019-05-30 10:24:00,0.38609783005176723
2019-05-30 10:27:00,0.37400574030419875
2019-05-30 10:30:00,0.3200038680954549
2019-05-30 10:33:00,0.35182815522802
2019-05-30 10:36:00,0.29296021797927096
2019-05-30 10:39:00,0.4322462700141614
2019-05-30 10:42:00,0.2864826770714899
2019-05-30 10:45:00,0.3376410174373632
2019-05-30 10:48:00,0.531192080633673
2019-05-30 10:51:00,0.4079084008856739
2019-05-30 10:54:00,0.5877358236712666
2019-05-30 10:57:00,0.3879165834314904
2019-05-30 11:00:00,0.23562123862831186
2019-05-30 11:03:00,0.41361307042177486
2019-05-30 11:06:00,0.44144919381244563
2019-05-30 11:09:00,0.4308156880088063
2019-05-30 11:12:00,0.4952642087221193
2019-05-30 11:15:00,0.44233741725679465
2019-05-30 11:18:00,0.3808325703006403
2019-05-30 11:21:00,0.30503172303366455
2019-05-30 11:24:00,0.44081163025089154
2019-05-30 11:27:00,0.3875254275550333
2019-05-30 11:30:00,0.3426194171979091
2019-05-30 11:33:00,0.29566427468881784
2019-05-30 11:36:00,0.364368673016088
2019-05-30 11:39:00,0.37334761018956897
2019-05-30 11:42:00,0.3640849070887384
2019-05-30 11:45:00,0.345367506293087
2019-05-30 11:48:00,0.4196471445389989
2019-05-30 11:51:00,0.32824712768928066
2019-05-30 11:54:00,0.4338150368335505
2019-05-30 11:57:00,0.3566691786843421
2019-05-30 12:00:00,0.3692431502877298
2019-05-30 12:03:00,0.3036909757998387
2019-05-30 12:06:00,0.3160426711428954
2019-05-30 12:09:00,0.3150017810295367
2019-05-30 12:12:00,0.2717777879786354
2019-05-30 12:15:00,0.27419453968389007
2019-05-30 12:18:00,0.25781930976438616
2019-05-30 12:21:00,0.32484930888040253
2019-05-30 12:24:00,0.25074996355692747
2019-05-30 12:27:00,0.2976355656887222
2019-05-30 12:30:00,0.21443593295839491
2019-05-30 12:33:00,0.26297831228043833
2019-05-30 12:36:00,0.2539488760892823
2019-05-30 12:39:00,0.23533983730283126
2019-05-30 12:42:00,0.20063404006936025
2019-05-30 12:45:00,0.30538147085081846
2019-05-30 12:48:00,0.3394755475122224
2019-05-30 12:51:00,0.4259324109728482
2019-05-30 12:54:00,0.23505218448218557
2019-05-30 12:57:00,0.34430100671289665
2019-05-30 13:00:00,0.26153499676809133
2019-05-30 13:03:00,0.30911517811330214
2019-05-30 13:06:00,0.25071238927307604
2019-05-30 13:09:00,0.23877777942743705
2019-05-30 13:12:00,0.21514344659726703
2019-05-30 13:15:00,0.1432014166499016
2019-05-30 13:18:00,0.2505462918226158
2019-05-30 13:21:00,0.24380351843655035
2019-05-30 13:24:00,0.22690463529619365
2019-05-30 13:27:00,0.19272355398777563
2019-05-30 13:30:00,0.15578220924015795
2019-05-30 13:33:00,0.1885366592867399
2019-05-30 13:36:00,0.14851247281484348
2019-05-30 13:39:00,0.12096020998041013
2019-05-30 13:42:00,0.22417420949528832
2019-05-30 13:45:00,0.21398106836181796
2019-05-30 13:48:00,0.12215908403510412
2019-05-30 13:51:00,0.21478774103007936
2019-05-30 13:54:00,0.17325449422173733
2019-05-30 13:57:00,0.14667943169121145
2019-05-30 14:00:00,0.17478603371563395
2019-05-30 14:03:00,0.14937228041503658
2019-05-30 14:06:00,0.045953067462505715
2019-05-30 14:09:00,0.06306547219020331
2019-05-30 14:12:00,0.12787879030400973
2019-05-30 14:15:00,0.11405131061161455
2019-05-30 14:18:00,0.07310232176115505
2019-05-30 14:21:00,0.04074735075232638
2019-05-30 14:24:00,0.06732698038393892
2019-05-30 14:27:00,0.0223582326815972
2019-05-30 14:30:00,0.07214392897134303
2019-05-30 14:33:00,0.013363758301068174
2019-05-30 14:36:00,0.014836712998999246
2019-05-30 14:39:00,0.04307338578882991
2019-05-30 14:42:00,0.06364238850039783
2019-05-30 14:45:00,-0.10641693319900014
2019-05-30 14:48:00,0.02022440189119834
2019-05-30 14:51:00,-0.057794085568730225
2019-05-30 14:54:00,-0.0706749649248195
2019-05-30 14:57:00,-0.044640180078147296
2019-05-30 15:00:00,0.04093709370044962
2019-05-30 15:03:00,-0.06702245201034884
2019-05-30 15:06:00,-0.04724848039307972
2019-05-30 15:09:00,-0.06567106348921925
2019-05-30 15:12:00,-0.08626860089555066
2019-05-30 15:15:00,-0.05444160131168019
2019-05-30 15:18:00,-0.028049032683384212
2019-05-30 15:21:00,-0.05285270615109994
2019-05-30 15:24:00,-0.1345663618162689
2019-05-30 15:27:00,0.03385247210059106
2019-05-30 15:30:00,-0.06445087809555616
2019-05-30 15:33:00,-0.04984614820131128
2019-05-30 15:36:00,-0.04543412146540504
2019-05-30 15:39:00,-0.0655450710227683
2019-05-30 15:42:00,-0.11601400231114667
2019-05-30 15:45:00,-0.08672403972076381
2019-05-30 15:48:00,-0.1626617996290065
2019-05-30 15:51:00,-0.026383462364321986
2019-05-30 15:54:00,-0.13403257930940526
2019-05-30 15:57:00,-0.19907662653230318
2019-05-30 16:00:00,-0.08653853905184405
2019-05-30 16:03:00,-0.09647436808529619
2019-05-30 16:06:00,-0.12989462083083936
2019-05-30 16:09:00,-0.07044920640504415
2019-05-30 16:12:00,-0.09343740772254705
2019-05-30 16:15:00,-0.1619521342547614
2019-05-30 16:18:00,-0.0381219677366289
2019-05-30 16:21:00,-0.17383565105330945
2019-05-30 16:24:00,-0.14447734847254878
2019-05-30 16:27:00,-0.18143742990196188
2019-05-30 16:30:00,-0.25429558202762337
2019-05-30 16:33:00,-0.08070561016290867
2019-05-30 16:36:00,-0.1647375734067964
2019-05-30 16:39:00,-0.16041550451984676
2019-05-30 16:42:00,-0.29625669892311635
2019-05-30 16:45:00,-0.06230215967065078
2019-05-30 16:48:00,-0.1820186511898214
2019-05-30 16:51:00,-0.21454744630909772
2019-05-30 16:54:00,-0.13925779433219532
2019-05-30 16:57:00,-0.11824398372272071
2019-05-30 17:00:00,-0.1989879930391112
2019-05-30 17:03:00,-0.11271110273850127
2019-05-30 17:06:00,-0.057547181310042106
2019-05-30 17:09:00,-0.15642764939798326
2019-05-30 17:12:00,-0.10380549146532303
2019-05-30 17:15:00,-0.15410161610441264
2019-05-30 17:18:00,-0.1025158249785818
2019-05-30 17:21:00,-0.1661548249538214
2019-05-30 17:24:00,-0.17691780717058236
2019-05-30 17:27:00,-0.21819417110242512
2019-05-30 17:30:00,-0.12831725171884045
2019-05-30 17:33:00,-0.10435939005401451
2019-05-30 17:36:00,-0.18807333577876761
2019-05-30 17:39:00,-0.09447717415872603
2019-05-30 17:42:00,-0.1635109242909607
2019-05-30 17:45:00,-0.09732344409729876
2019-05-30 17:48:00,-0.08975219917840604
2019-05-30 17:51:00,-0.04243056348303753
2019-05-30 17:54:00,-0.0842077019344174
2019-05-30 17:57:00,-0.06012310304680568
2019-05-30 18:00:00,-0.12385144104962365
2019-05-30 18:03:00,-0.014979811408011301
2019-05-30 18:06:00,0.00574753819188345
2019-05-30 18:09:00,-0.12432442086645779
2019-05-30 18:12:00,-0.1010122890846219
2019-05-30 18:15:00,-0.08349546294192578
2019-05-30 18:18:00,-0.09932295076930586
2019-05-30 18:21:00,-0.0971966015646899
2019-05-30 18:24:00,-0.0855206322887625
2019-05-30 18:27:00,0.0037701629703974504
2019-05-30 18:30:00,-0.0512413680931445
2019-05-30 18:33:00,0.022674641567505205
2019-05-30 18:36:00,-0.015879183073138847
2019-05-30 18:39:00,-0.044419963590769385
2019-05-30 18:42:00,-0.002523872288293205
2019-05-30 18:45:00,-0.03362079693118858
2019-05-30 18:48:00,0.03930537701995718
2019-05-30 18:51:00,0.05545656436106583
2019-05-30 18:54:00,
2019-05-30 18:57:00,
2019-05-30 19:00:00,
2019-05-30 19:03:00,0.057003334727426136
2019-05-30 19:06:00,0.045918214310518124
2019-05-30 19:09:00,0.0803902600353581
2019-05-30 19:12:00,-0.02238461303358008
2019-05-30 19:15:00,0.04140932578684442
2019-05-30 19:18:00,0.09600451597634674
2019-05-30 19:21:00,0.19118285958018078
2019-05-30 19:24:00,0.14019342606792407
2019-05-30 19:27:00,-0.01898871772283428
2019-05-30 19:30:00,0.1329964398868242
2019-05-30 19:33:00,0.05696010640320992
2019-05-30 19:36:00,0.08652291115834032
2019-05-30 19:39:00,0.07426040815670376
2019-05-30 19:42:00,0.17356354106806293
2019-05-30 19:45:00,0.22083851020465772
2019-05-30 19:48:00,0.14678186713894092
2019-05-30 19:51:00,0.12945951536590883
2019-05-30 19:54:00,0.1382236403717343
2019-05-30 19:57:00,0.13091063523211233
2019-05-30 20:00:00,0.1289087896287242
2019-05-30 20:03:00,0.13634514711117163
2019-05-30 20:06:00,0.21251749993678004
2019-05-30 20:09:00,0.14243623801155536
2019-05-30 20:12:00,0.05392963679241802
2019-05-30 20:15:00,0.14969394874782438
2019-05-30 20:18:00,0.12848588689604412
2019-05-30 20:21:00,0.20399796600867148
2019-05-30 20:24:00,0.16273175129947504
2019-05-30 20:27:00,0.2300564714520874
2019-05-30 20:30:00,0.18901876229756454
2019-05-30 20:33:00,0.13298014290199944
2019-05-30 20:36:00,0.10801050360606723
2019-05-30 20:39:00,0.1348722797893629
2019-05-30 20:42:00,0.08171094814662183
2019-05-30 20:45:00,0.17333602010768345
2019-05-30 20:48:00,0.07533508786144694
2019-05-30 20:51:00,0.17396933797948577
2019-05-30 20:54:00,0.18256838982523504
2019-05-30 20:57:00,0.14438758944532992
2019-05-30 21:00:00,0.14200840613887067
2019-05-30 21:03:00,0.18758898799495682
2019-05-30 21:06:00,0.19288190228633084
2019-05-30 21:09:00,0.25660366372108
2019-05-30 21:12:00,0.20174425708569288
2019-05-30 21:15:00,0.255340287075569
2019-05-30 21:18:00,0.21521288411923933
2019-05-30 21:21:00,0.13769326431872742
2019-05-30 21:24:00,0.26926909328710735
2019-05-30 21:27:00,0.1789087847869837
2019-05-30 21:30:00,0.21172149404480933
2019-05-30 21:33:00,0.21978623819256882
2019-05-30 21:36:00,0.10667495024563323
2019-05-30 21:39:00,0.2312734594635799
2019-05-30 21:42:00,0.22293664262389257
2019-05-30 21:45:00,0.12021282734565375
2019-05-30 21:48:00,0.2116082915225661
2019-05-30 21:51:00,0.16921612939580655
2019-05-30 21:54:00,0.2091212819295265
2019-05-30 21:57:00,0.20520654252180748
2019-05-30 22:00:00,0.2183342141404978
2019-05-30 22:03:00,0.28272876636259525
2019-05-30 22:06:00,0.2429880516597791
2019-05-30 22:09:00,0.33177482562672367
2019-05-30 22:12:00,0.21010926291205578
2019-05-30 22:15:00,0.20248693478691848
2019-05-30 22:18:00,0.22441618897903481
2019-05-30 22:21:00,0.3122790789122405
2019-05-30 22:24:00,0.26287577028188025
2019-05-30 22:27:00,0.314828714611167
2019-05-30 22:30:00,0.19825219192136956
2019-05-30 22:33:00,0.235608680808582
2019-05-30 22:36:00,0.3277654686482947
2019-05-30 22:39:00,0.24975222844028622
2019-05-30 22:42:00,0.24689093870512124
2019-05-30 22:45:00,0.22550742777798405
2019-05-30 22:48:00,0.2458023133611391
2019-05-30 22:51:00,0.24901506278462193
2019-05-30 22:54:00,0.2855437205702742
2019-05-30 22:57:00,0.2990202072460306
2019-05-30 23:00:00,0.356279811127024
2019-05-30 23:03:00,0.2625434694113551
2019-05-30 23:06:00,0.28930251958809095
2019-05-30 23:09:00,0.1917734437412264
2019-05-30 23:12:00,0.2943123711193607
2019-05-30 23:15:00,0.24242118071282448
2019-05-30 23:18:00,0.2711379725890879
2019-05-30 23:21:00,0.20317761551245894
2019-05-30 23:24:00,0.22442240689980508
2019-05-30 23:27:00,0.3202244342787708
2019-05-30 23:30:00,0.18565515660856136
2019-05-30 23:33:00,0.29483549126643993
2019-05-30 23:36:00,0.23698552926356342
2019-05-30 23:39:00,0.3092087878749794
2019-05-30 23:42:00,0.29879644069234246
2019-05-30 23:45:00,0.28300527661201613
2019-05-30 23:48:00,0.20280730006453496
2019-05-30 23:51:00,0.17842983258600498
2019-05-30 23:54:00,0.2750814133914332
2019-05-30 23:57:00,0.19626226974281735
2019-05-31 00:00:00,0.2123766957321891
2019-05-31 00:03:00,0.2964620117829213
2019-05-31 00:06:00,0.2932047451825497
2019-05-31 00:09:00,0.3178748689181248
2019-05-31 00:12:00,0.23103780366898263
2019-05-31 00:15:00,0.2387382445787125
2019-05-31 00:18:00,0.3470840383768632
2019-05-31 00:21:00,0.602099838407355
2019-05-31 00:24:00,0.5044290769156987
2019-05-31 00:27:00,0.5896369300710376
2019-05-31 00:30:00,0.439918700287933
2019-05-31 00:33:00,0.3506476880960463
2019-05-31 00:36:00,0.27338322965562156
2019-05-31 00:39:00,0.2875389309128309
2019-05-31 00:42:00,0.2809359021027831
2019-05-31 00:45:00,0.2779779557582742
2019-05-31 00:48:00,0.2319349522560401
2019-05-31 00:51:00,0.27564491638651134
2019-05-31 00:54:00,0.24795732608686194
2019-05-31 00:57:00,0.31507475868801293
2019-05-31 01:00:00,0.22879823272353406
2019-05-31 01:03:00,0.28192064449956433
2019-05-31 01:06:00,0.2710209097846814
2019-05-31 01:09:00,0.1682709797854045
2019-05-31 01:12:00,0.3515242580861013
2019-05-31 01:15:00,0.19929284733836994
2019-05-31 01:18:00,0.28912468538271696
2019-05-31 01:21:00,0.25212048025849754
2019-05-31 01:24:00,0.3194954250717501
2019-05-31 01:27:00,0.29497364734260145
2019-05-31 01:30:00,0.28956125319297144
2019-05-31 01:33:00,0.30791171412460017
2019-05-31 01:36:00,0.19507522136274247
2019-05-31 01:39:00,0.24573812799553707
2019-05-31 01:42:00,0.3013238551778272
2019-05-31 01:45:00,0.30556623625415114
2019-05-31 01:48:00,0.3167514330186805
2019-05-31 01:51:00,0.21686920995387027
2019-05-31 01:54:00,0.29756393526639613
2019-05-31 01:57:00,0.29933322324859546
2019-05-31 02:00:00,0.31045877482421247
2019-05-31 02:03:00,0.3041678748073764
2019-05-31 02:06:00,0.30785571437650106
2019-05-31 02:09:00,0.3061861805388162
2019-05-31 02:12:00,0.28982631610620047
2019-05-31 02:15:00,0.3100838293304946
2019-05-31 02:18:00,0.39473926992843644
2019-05-31 02:21:00,0.3200527921741241
2019-05-31 02:24:00,0.32280356541684796
2019-05-31 02:27:00,0.3087509268758595
2019-05-31 02:30:00,0.4068106175476487
2019-05-31 02:33:00,0.38770903014165015
2019-05-31 02:36:00,0.3451809867112843
2019-05-31 02:39:00,0.3089633503278719
2019-05-31 02:42:00,0.3465390104735775
2019-05-31 02:45:00,0.32832532454438024
2019-05-31 02:48:00,0.32825816529299345
2019-05-31 02:51:00,0.3102797139210338
2019-05-31 02:54:00,0.30010589566683166
2019-05-31 02:57:00,0.31623778533344193
2019-05-31 03:00:00,0.4069620927249389
2019-05-31 03:03:00,0.2386761010856162
2019-05-31 03:06:00,0.3090619617881316
2019-05-31 03:09:00,0.4002065326764068
2019-05-31 03:12:00,0.2940253311952574
2019-05-31 03:15:00,0.30217694138991646
2019-05-31 03:18:00,0.38942626701265226
2019-05-31 03:21:00,0.28512966637043746
2019-05-31 03:24:00,0.31714047594516614
2019-05-31 03:27:00,0.1832389155281362
2019-05-31 03:30:00,0.21912867911333933
2019-05-31 03:33:00,0.32610851981502265
2019-05-31 03:36:00,0.30235773658267817
2019-05-31 03:39:00,0.3219363398192172
2019-05-31 03:42:00,0.3642974084561388
2019-05-31 03:45:00,0.3225958899993202
2019-05-31 03:48:00,0.27382419395979696
2019-05-31 03:51:00,0.2862669939763691
2019-05-31 03:54:00,0.33527847237627384
2019-05-31 03:57:00,0.32742067503693306
2019-05-31 04:00:00,0.37320466871250346
2019-05-31 04:03:00,0.34345238954978186
2019-05-31 04:06:00,0.3326521787847696
2019-05-31 04:09:00,0.33036640671502937
2019-05-31 04:12:00,0.3755851555984009
2019-05-31 04:15:00,0.34007698170461254
2019-05-31 04:18:00,0.31780142128843636
2019-05-31 04:21:00,0.37866999953473623
2019-05-31 04:24:00,0.2909950919536186
2019-05-31 04:27:00,0.18585493419300292
2019-05-31 04:30:00,0.3076458954921577
2019-05-31 04:33:00,0.3005891423611615
2019-05-31 04:36:00,0.24987575191954647
2019-05-31 04:39:00,0.35322919738160863
2019-05-31 04:42:00,0.2123992126279859
2019-05-31 04:45:00,0.2762023843200154
2019-05-31 04:48:00,0.30480216499427115
2019-05-31 04:51:00,0.270750912674373
2019-05-31 04:54:00,0.3459013160660902
2019-05-31 04:57:00,0.3887288792207073
2019-05-31 05:00:00,0.24676054461281183
2019-05-31 05:03:00,0.26742678901501904
2019-05-31 05:06:00,0.3337881183431932
2019-05-31 05:09:00,0.39003517583955727
2019-05-31 05:12:00,0.2821831025579513
2019-05-31 05:15:00,0.39897226224462656
2019-05-31 05:18:00,0.40555535978717216
2019-05-31 05:21:00,0.37810867545567817
2019-05-31 05:24:00,0.29694725007794887
2019-05-31 05:27:00,0.24325514222164202
2019-05-31 05:30:00,0.2822384028572742
2019-05-31 05:33:00,0.3090814313048327
2019-05-31 05:36:00,0.3148698548678226
2019-05-31 05:39:00,0.377813593680969
2019-05-31 05:42:00,0.28971561351551145
2019-05-31 05:45:00,0.3205868563711647
2019-05-31 05:48:00,0.2766249865939585
2019-05-31 05:51:00,0.3023611147236238
2019-05-31 05:54:00,0.18277088237931594
2019-05-31 05:57:00,0.26651485727290947
2019-05-31 06:00:00,0.30412562126531384
2019-05-31 06:03:00,0.30980367786611396
2019-05-31 06:06:00,0.2403703181288961
2019-05-31 06:09:00,0.24777662034671266
2019-05-31 06:12:00,0.31340026328069825
2019-05-31 06:15:00,0.32298130604596054
2019-05-31 06:18:00,0.2800537971522772
2019-05-31 06:21:00,0.341777434331334
2019-05-31 06:24:00,0.25368729575995985
2019-05-31 06:27:00,0.2637608756644454
2019-05-31 06:30:00,0.24368430605704816
2019-05-31 06:33:00,0.24246970567634207
2019-05-31 06:36:00,0.2630134751453852
2019-05-31 06:39:00,0.2992350845061651
2019-05-31 06:42:00,0.24443609196032412
2019-05-31 06:45:00,0.17556587858700823
2019-05-31 06:48:00,0.2875333563420668
2019-05-31 06:51:00,0.26416315215004715
2019-05-31 06:54:00,0.3115772094464546
2019-05-31 06:57:00,0.22186143683370574
2019-05-31 07:00:00,0.23315625715554233
2019-05-31 07:03:00,0.2891268867927579
2019-05-31 07:06:00,0.33755895190927276
2019-05-31 07:09:00,0.2134258346929414
2019-05-31 07:12:00,0.2473382929977106
2019-05-31 07:15:00,0.22404711761640783
2019-05-31 07:18:00,0.27879468380143635
2019-05-31 07:21:00,0.2830422561629007
2019-05-31 07:24:00,0.27013422829446654
2019-05-31 07:27:00,0.25953258171648486
2019-05-31 07:30:00,0.28222044335194596
2019-05-31 07:33:00,0.1954465290083931
2019-05-31 07:36:00,0.18853960984858986
2019-05-31 07:39:00,0.29996736882651476
2019-05-31 07:42:00,0.28696564270978797
2019-05-31 07:45:00,0.27487972328850674
2019-05-31 07:48:00,0.22699079153113644
2019-05-31 07:51:00,0.2656729151012769
2019-05-31 07:54:00,0.17350919711100232
2019-05-31 07:57:00,0.23111161177496342
2019-05-31 08:00:00,0.16855465293491534
2019-05-31 08:03:00,0.21684252220654798
2019-05-31 08:06:00,0.15313118198145048
2019-05-31 08:09:00,0.21145709996847017
2019-05-31 08:12:00,0.2571168098726275
2019-05-31 08:15:00,0.13876135500902365
2019-05-31 08:18:00,0.2198992296055735
2019-05-31 08:21:00,0.2067430930020464
2019-05-31 08:24:00,0.19339574635449708
2019-05-31 08:27:00,0.1082146798884196
2019-05-31 08:30:00,0.07116562099201929
2019-05-31 08:33:00,0.08104457657634612
2019-05-31 08:36:00,0.15019178264640232
2019-05-31 08:39:00,0.13756376524617053
2019-05-31 08:42:00,0.13616067771692997
2019-05-31 08:45:00,0.1366683287703836
2019-05-31 08:48:00,0.04870038306569313
2019-05-31 08:51:00,0.11283035029822486
2019-05-31 08:54:00,0.10901577020052855
2019-05-31 08:57:00,-0.006521123013897068
2019-05-31 09:00:00,0.09649915183774738
2019-05-31 09:03:00,0.07856022373317728
2019-05-31 09:06:00,-0.021098173295740708
2019-05-31 09:09:00,0.05046884361956927
2019-05-31 09:12:00,0.010876119249019212
2019-05-31 09:15:00,0.0719096575568301
2019-05-31 09:18:00,0.07532945163222848
2019-05-31 09:21:00,0.04888390706844348
2019-05-31 09:24:00,-0.00537940966341921
2019-05-31 09:27:00,0.03203526745255658
2019-05-31 09:30:00,-0.04450352480756692
2019-05-31 09:33:00,-0.01371970019266655
2019-05-31 09:36:00,-0.0710895605712949
2019-05-31 09:39:00,-0.025614761727695168
2019-05-31 09:42:00,-0.0631145515307594
2019-05-31 09:45:00,-0.07849441904170362
2019-05-31 09:48:00,-0.10308239658462526
2019-05-31 09:51:00,-0.09146760472594906
2019-05-31 09:54:00,-0.03917802342363075
2019-05-31 09:57:00,-0.0872803164418201
2019-05-31 10:00:00,-0.08075504063964445
2019-05-31 10:03:00,-0.014956540709533783
2019-05-31 10:06:00,-0.09914860024923655
2019-05-31 10:09:00,-0.09980265392357524
2019-05-31 10:12:00,-0.08747978456040073
2019-05-31 10:15:00,-0.16664125955287545
2019-05-31 10:18:00,-0.19937667166618667
2019-05-31 10:21:00,-0.24622096780558422
2019-05-31 10:24:00,-0.1760355628212551
2019-05-31 10:27:00,-0.11458318856193728
2019-05-31 10:30:00,-0.1851067910886286
2019-05-31 10:33:00,-0.19164456912574224
2019-05-31 10:36:00,-0.14792890718962326
2019-05-31 10:39:00,-0.18655000697714286
2019-05-31 10:42:00,-0.1483759291484148
2019-05-31 10:45:00,-0.2172394499958159
2019-05-31 10:48:00,-0.24787700636471754
2019-05-31 10:51:00,-0.14223916918598434
2019-05-31 10:54:00,-0.20942267872442244
2019-05-31 10:57:00,-0.3425787547119512
2019-05-31 11:00:00,-0.2556400456620622
2019-05-31 11:03:00,-0.2248514677453386
2019-05-31 11:06:00,-0.24943507857670966
2019-05-31 11:09:00,-0.25462233715887805
2019-05-31 11:12:00,-0.31869567808553256
2019-05-31 11:15:00,-0.20845179835265526
2019-05-31 11:18:00,-0.1667708954931868
2019-05-31 11:21:00,-0.14265706049263827
2019-05-31 11:24:00,-0.1529023488360508
2019-05-31 11:27:00,-0.2376842129067427
2019-05-31 11:30:00,-0.26377755584013585
2019-05-31 11:33:00,-0.14931530889816713
2019-05-31 11:36:00,-0.1418770202626547
2019-05-31 11:39:00,-0.3006696939003177
2019-05-31 11:42:00,-0.34098716758143155
2019-05-31 11:45:00,-0.2486976273794994
2019-05-31 11:48:00,-0.2210048007479486
2019-05-31 11:51:00,-0.33541046984134937
2019-05-31 11:54:00,-0.22125802517422244
2019-05-31 11:57:00,-0.24926894553749435
2019-05-31 12:00:00,-0.2964656276827782
2019-05-31 12:03:00,-0.2221915887368482
2019-05-31 12:06:00,-0.2576367073612573
2019-05-31 12:09:00,-0.22378324656114046
2019-05-31 12:12:00,-0.26250092998498076
2019-05-31 12:15:00,-0.23180696299687042
2019-05-31 12:18:00,-0.3300152764990685
2019-05-31 12:21:00,-0.14888762631562713
2019-05-31 12:24:00,-0.2056499789911186
2019-05-31 12:27:00,-0.2332123360533842
2019-05-31 12:30:00,-0.23285897115079024
2019-05-31 12:33:00,-0.21582726639792327
2019-05-31 12:36:00,-0.1996507534500438
2019-05-31 12:39:00,-0.24303132323632326
2019-05-31 12:42:00,-0.20420361729446768
2019-05-31 12:45:00,-0.15268761886954962
2019-05-31 12:48:00,-0.08325354020939812
2019-05-31 12:51:00,-0.025931142962576814
2019-05-31 12:54:00,0.18097531573368997
2019-05-31 12:57:00,0.23408452772315513
2019-05-31 13:00:00,0.27137325555133884
2019-05-31 13:03:00,0.23268325155828506
2019-05-31 13:06:00,-0.007823904587610286
2019-05-31 13:09:00,0.05500522759700743
2019-05-31 13:12:00,0.26166691617964943
2019-05-31 13:15:00,0.18129271921435475
2019-05-31 13:18:00,0.2800761473956186
2019-05-31 13:21:00,0.2645733168811262
2019-05-31 13:24:00,0.10110453980104239
2019-05-31 13:27:00,0.12343950027747042
2019-05-31 13:30:00,0.1128490039099006
2019-05-31 13:33:00,0.06014033266689012
2019-05-31 13:36:00,0.185773572168614
2019-05-31 13:39:00,0.031512441563847915
2019-05-31 13:42:00,-0.00369843372214973
2019-05-31 13:45:00,-0.03988687785061984
2019-05-31 13:48:00,-0.017060927843772333
2019-05-31 13:51:00,-0.11007177088299613
2019-05-31 13:54:00,-0.08645869149165719
2019-05-31 13:57:00,-0.0966629435056916
2019-05-31 14:00:00,-0.17585859013263416
2019-05-31 14:03:00,-0.08735472423717283
2019-05-31 14:06:00,-0.08949595894512186
2019-05-31 14:09:00,-0.16871093922634373
2019-05-31 14:12:00,-0.0805170404981368
2019-05-31 14:15:00,-0.06384650850469598
2019-05-31 14:18:00,-0.0771037778866912
2019-05-31 14:21:00,-0.12568717380537464
2019-05-31 14:24:00,-0.013901267580081367
2019-05-31 14:27:00,-0.017938148512428143
2019-05-31 14:30:00,-0.01993154482357795
2019-05-31 14:33:00,0.03379222004951998
2019-05-31 14:36:00,-0.050601015972745245
2019-05-31 14:39:00,-0.16036893521106776
2019-05-31 14:42:00,-0.11679046211327204
2019-05-31 14:45:00,-0.06223710376832514
2019-05-31 14:48:00,-0.1268571610301592
2019-05-31 14:51:00,-0.06275536397669157
2019-05-31 14:54:00,-0.07146997522391985
2019-05-31 14:57:00,-0.18001674906167864
2019-05-31 15:00:00,-0.1781717277996222
2019-05-31 15:03:00,-0.2922367211584742
2019-05-31 15:06:00,-0.19660035266645082
2019-05-31 15:09:00,-0.207827040550967
2019-05-31 15:12:00,-0.16554960402800134
2019-05-31 15:15:00,-0.10895391195913362
2019-05-31 15:18:00,-0.16450642493680334
2019-05-31 15:21:00,-0.11410157109042984
2019-05-31 15:24:00,-0.02328781975882066
2019-05-31 15:27:00,0.06358923256880189
2019-05-31 15:30:00,0.10945277989083024
2019-05-31 15:33:00,0.0295008167100832
2019-05-31 15:36:00,0.07343960185141896
2019-05-31 15:39:00,0.08237108126542125
2019-05-31 15:42:00,0.046903903024372084
2019-05-31 15:45:00,0.00523553122877729
2019-05-31 15:48:00,-0.0274694126339341
2019-05-31 15:51:00,-0.019918351636931675
2019-05-31 15:54:00,-0.10914488821282475
2019-05-31 15:57:00,-0.004264725104690115
2019-05-31 16:00:00,-0.013172789588907108
2019-05-31 16:03:00,-0.07298099023063287
2019-05-31 16:06:00,-0.02449814311563614
2019-05-31 16:09:00,0.0014464622989862619
2019-05-31 16:12:00,-0.06517818224057237
2019-05-31 16:15:00,-0.056238032409794414
2019-05-31 16:18:00,-0.08952360111470625
2019-05-31 16:21:00,-0.027506486837751254
2019-05-31 16:24:00,-0.039933349220405034
2019-05-31 16:27:00,-0.14423206433400537
2019-05-31 16:30:00,-0.05877225991741852
2019-05-31 16:33:00,-0.05299037809561469
2019-05-31 16:36:00,-0.20324927276294602
2019-05-31 16:39:00,-0.06813026180617499
2019-05-31 16:42:00,-0.020958621342288097
2019-05-31 16:45:00,0.11162174908042743
2019-05-31 16:48:00,0.07895201485831649
2019-05-31 16:51:00,0.1480999630042561
2019-05-31 16:54:00,0.0889315293600248
2019-05-31 16:57:00,0.09561528797422625
2019-05-31 17:00:00,0.04755753179841804
2019-05-31 17:03:00,0.014208262999886756
2019-05-31 17:06:00,0.007533135493019927
2019-05-31 17:09:00,0.0337365758236956
2019-05-31 17:12:00,-0.04387848802599592
2019-05-31 17:15:00,-0.034366189669640335
2019-05-31 17:18:00,-0.0632107323478408
2019-05-31 17:21:00,-0.03285479987630424
2019-05-31 17:24:00,-0.030151564294158106
2019-05-31 17:27:00,-0.08200683270598574
2019-05-31 17:30:00,0.09420253780359644
2019-05-31 17:33:00,0.07345891924597936
2019-05-31 17:36:00,0.18984710093104695
2019-05-31 17:39:00,0.12102631644972917
2019-05-31 17:42:00,0.09257938976321611
2019-05-31 17:45:00,0.11631916826996758
2019-05-31 17:48:00,0.14785217743656176
2019-05-31 17:51:00,0.21700831430757717
2019-05-31 17:54:00,0.10869015393046766
2019-05-31 17:57:00,0.08273987442305497
2019-05-31 18:00:00,0.06466684749767637
2019-05-31 18:03:00,0.08819081779114413
2019-05-31 18:06:00,0.022026445489927937
2019-05-31 18:09:00,0.10059657528273647
2019-05-31 18:12:00,0.1071799690864168
2019-05-31 18:15:00,0.10630723445950707
2019-05-31 18:18:00,-0.01575537543169503
2019-05-31 18:21:00,0.013057444354672043
2019-05-31 18:24:00,0.22980432567135267
2019-05-31 18:27:00,0.10937488032351439
2019-05-31 18:30:00,0.11373271939254437
2019-05-31 18:33:00,0.13871179007321643
2019-05-31 18:36:00,0.17843144324109517
2019-05-31 18:39:00,0.2810628891956526
2019-05-31 18:42:00,0.25038681232786075
2019-05-31 18:45:00,0.2894228662734122
2019-05-31 18:48:00,0.3278526443453984
2019-05-31 18:51:00,0.34092102387666046
2019-05-31 18:54:00,
2019-05-31 18:57:00,
2019-05-31 19:00:00,
2019-05-31 19:03:00,0.43393115587440434
2019-05-31 19:06:00,0.38808850256378946
2019-05-31 19:09:00,0.3822139211950457
2019-05-31 19:12:00,0.34305775798907234
2019-05-31 19:15:00,0.3325195215521717
2019-05-31 19:18:00,0.3754685826340278
2019-05-31 19:21:00,0.43799985823920906
2019-05-31 19:24:00,0.42279183374893137
2019-05-31 19:27:00,0.3940804705800929
2019-05-31 19:30:00,0.43784397219206994
2019-05-31 19:33:00,0.537184205755409
2019-05-31 19:36:00,0.5287898200560335
2019-05-31 19:39:00,0.4058416013163537
2019-05-31 19:42:00,0.36951934514331697
2019-05-31 19:45:00,0.20450892383308883
2019-05-31 19:48:00,-0.040939130894287246
2019-05-31 19:51:00,0.02863377948199286
2019-05-31 19:54:00,-0.0014567487062890905
2019-05-31 19:57:00,0.004411280291037656
2019-05-31 20:00:00,0.1673510927677171
2019-05-31 20:03:00,0.13234073795388213
2019-05-31 20:06:00,0.19068603289593966
2019-05-31 20:09:00,0.18159863647065322
2019-05-31 20:12:00,0.1690174241700788
2019-05-31 20:15:00,0.09109934681561072
2019-05-31 20:18:00,0.09547941914041758
2019-05-31 20:21:00,0.14276213795386639
2019-05-31 20:24:00,0.13708448957282826
2019-05-31 20:27:00,0.07246474512328405
2019-05-31 20:30:00,0.13276913263536017
2019-05-31 20:33:00,0.08827413125800376
2019-05-31 20:36:00,0.06671023662528341
2019-05-31 20:39:00,0.10841246383876069
2019-05-31 20:42:00,0.19871965290343496
2019-05-31 20:45:00,0.22232111898063067
2019-05-31 20:48:00,0.3026984418017946
2019-05-31 20:51:00,0.2809306817722472
2019-05-31 20:54:00,0.29807769043941335
2019-05-31 20:57:00,0.3759242090139878
2019-05-31 21:00:00,0.46665552103615937
2019-05-31 21:03:00,0.35803481482184907
2019-05-31 21:06:00,0.34413739845712144
2019-05-31 21:09:00,0.38775333518270827
2019-05-31 21:12:00,0.4064342103591798
2019-05-31 21:15:00,0.4391150647348354
2019-05-31 21:18:00,0.4827748368790026
2019-05-31 21:21:00,0.47967869945767916
2019-05-31 21:24:00,0.5070138096996857
2019-05-31 21:27:00,0.5491698517058126
2019-05-31 21:30:00,0.5596164046986019
2019-05-31 21:33:00,0.6301183134236226
2019-05-31 21:36:00,0.5472221396959185
2019-05-31 21:39:00,0.5657588930394581
2019-05-31 21:42:00,0.524012100989637
2019-05-31 21:45:00,0.49261308469840515
2019-05-31 21:48:00,0.5232015803151739
2019-05-31 21:51:00,0.42695263060295474
2019-05-31 21:54:00,0.39886463644046444
2019-05-31 21:57:00,0.32478726703772054
2019-05-31 22:00:00,0.347300870575566
2019-05-31 22:03:00,0.36370434014725106
2019-05-31 22:06:00,0.46128861636339025
2019-05-31 22:09:00,0.3779202930455767
2019-05-31 22:12:00,0.3473885534119745
2019-05-31 22:15:00,0.3413235445195255
2019-05-31 22:18:00,0.2625654526261769
2019-05-31 22:21:00,0.4542044653396715
2019-05-31 22:24:00,0.5586092467772232
2019-05-31 22:27:00,0.6383638780447427
2019-05-31 22:30:00,0.498744663192781
2019-05-31 22:33:00,0.48382519376360733
2019-05-31 22:36:00,0.502636589056749
2019-05-31 22:39:00,0.4996758039532665
2019-05-31 22:42:00,0.4119076631214398
2019-05-31 22:45:00,0.3867560985262344
2019-05-31 22:48:00,0.3656449313397161
2019-05-31 22:51:00,0.4150671008258655
2019-05-31 22:54:00,0.4043323321574235
2019-05-31 22:57:00,0.4888291916493017
2019-05-31 23:00:00,0.4626352512930225
2019-05-31 23:03:00,0.3841907927588295
2019-05-31 23:06:00,0.4024444328182426
2019-05-31 23:09:00,0.33015814410089206
2019-05-31 23:12:00,0.3440230322668185
2019-05-31 23:15:00,0.333504980032842
2019-05-31 23:18:00,0.4288155708730983
2019-05-31 23:21:00,0.41933420035610425
2019-05-31 23:24:00,0.41553025442220815
2019-05-31 23:27:00,0.3584472078059662
2019-05-31 23:30:00,0.41397193909165253
2019-05-31 23:33:00,0.34550158206627657
2019-05-31 23:36:00,0.41107558282857326
2019-05-31 23:39:00,0.3433970502806005
2019-05-31 23:42:00,0.35446075492876616
2019-05-31 23:45:00,0.3959750053411426
2019-05-31 23:48:00,0.38843652938004425
2019-05-31 23:51:00,0.559904957620347
2019-05-31 23:54:00,0.4785273823197258
2019-05-31 23:57:00,0.39691233217928357
2019-06-01 00:00:00,0.3469764593443756
2019-06-01 00:03:00,0.28967130053882784
2019-06-01 00:06:00,0.306886016933106
2019-06-01 00:09:00,0.26750713466969955
2019-06-01 00:12:00,0.2381738171577581
2019-06-01 00:15:00,0.2972414789340405
2019-06-01 00:18:00,0.3088836555576222
2019-06-01 00:21:00,0.3257853349427364
2019-06-01 00:24:00,0.1948844010782409
2019-06-01 00:27:00,0.2654087054901879
2019-06-01 00:30:00,0.24778864630417274
2019-06-01 00:33:00,0.2541854703957256
2019-06-01 00:36:00,0.27237668330485576
2019-06-01 00:39:00,0.2900655722722263
2019-06-01 00:42:00,0.30900761209113625
2019-06-01 00:45:00,0.23333488875772446
2019-06-01 00:48:00,0.20775744178695277
2019-06-01 00:51:00,0.2592986700985307
2019-06-01 00:54:00,0.27673791793836244
2019-06-01 00:57:00,0.29406414805777104
2019-06-01 01:00:00,0.33285950307606527
2019-06-01 01:03:00,0.35806040228277425
2019-06-01 01:06:00,0.3800000333153548
2019-06-01 01:09:00,0.3189607059588866
2019-06-01 01:12:00,0.38088186884368724
2019-06-01 01:15:00,0.31582503372095516
2019-06-01 01:18:00,0.3368753069619288
2019-06-01 01:21:00,0.4141133179585381
2019-06-01 01:24:00,0.3968889418909498
2019-06-01 01:27:00,0.4057012973485712
2019-06-01 01:30:00,0.46469824857257436
2019-06-01 01:33:00,0.6163200773642643
2019-06-01 01:36:00,0.5489093600405681
2019-06-01 01:39:00,0.5447819458156573
2019-06-01 01:42:00,0.6538673655521734
2019-06-01 01:45:00,0.6352316503061388
2019-06-01 01:48:00,0.5276471812940144
2019-06-01 01:51:00,0.6026644000439205
2019-06-01 01:54:00,0.5864711795193216
2019-06-01 01:57:00,0.4959938125593908
2019-06-01 02:00:00,0.5559965960922568
2019-06-01 02:03:00,0.563788866820687
2019-06-01 02:06:00,0.5793620277177638
2019-06-01 02:09:00,0.5541584404958257
2019-06-01 02:12:00,0.5627385161913026
2019-06-01 02:15:00,0.5727180097333644
2019-06-01 02:18:00,0.5544860470395179
2019-06-01 02:21:00,0.5647632781830225
2019-06-01 02:24:00,0.5561939855132891
2019-06-01 02:27:00,0.5734582443155887
2019-06-01 02:30:00,0.5511390281777153
2019-06-01 02:33:00,0.5788751241643126
2019-06-01 02:36:00,0.5915469825455375
2019-06-01 02:39:00,0.5155704542638091
2019-06-01 02:42:00,0.4586319062258326
2019-06-01 02:45:00,0.5944519671627404
2019-06-01 02:48:00,0.508450820563894
2019-06-01 02:51:00,0.5780877720006288
2019-06-01 02:54:00,0.5379121749887759
2019-06-01 02:57:00,0.5187697653583427
2019-06-01 03:00:00,0.5988004092316146
2019-06-01 03:03:00,0.4989051480565081
2019-06-01 03:06:00,0.5528410703273607
2019-06-01 03:09:00,0.5448206082929232
2019-06-01 03:12:00,0.553094677730428
2019-06-01 03:15:00,0.5029271547239205
2019-06-01 03:18:00,0.4176643738590542
2019-06-01 03:21:00,0.4386034172685527
2019-06-01 03:24:00,0.40370014733207427
2019-06-01 03:27:00,0.48514897049761885
2019-06-01 03:30:00,0.4662109361934199
2019-06-01 03:33:00,0.4711713183054371
2019-06-01 03:36:00,0.5499126452273231
2019-06-01 03:39:00,0.43139147091648056
2019-06-01 03:42:00,0.5322270902638024
2019-06-01 03:45:00,0.46659904568298316
2019-06-01 03:48:00,0.4698231508237427
2019-06-01 03:51:00,0.4414688245998377
2019-06-01 03:54:00,0.4072614765526623
2019-06-01 03:57:00,0.45106251805594866
2019-06-01 04:00:00,0.5041276825248815
2019-06-01 04:03:00,0.4265209192191719
2019-06-01 04:06:00,0.5048194694956578
2019-06-01 04:09:00,0.47632573065749284
2019-06-01 04:12:00,0.423983578570585
2019-06-01 04:15:00,0.3984768209831486
2019-06-01 04:18:00,0.40205627050625026
2019-06-01 04:21:00,0.39156419995634906
2019-06-01 04:24:00,0.44539103888888576
2019-06-01 04:27:00,0.5177005076357659
2019-06-01 04:30:00,0.6256337552740661
2019-06-01 04:33:00,0.44062384214669237
2019-06-01 04:36:00,0.4352055912139008
2019-06-01 04:39:00,0.4178888899339199
2019-06-01 04:42:00,0.46845056006611685
2019-06-01 04:45:00,0.39758548010831873
2019-06-01 04:48:00,0.3971611020641035
2019-06-01 04:51:00,0.4866708602891663
2019-06-01 04:54:00,0.408339714891099
2019-06-01 04:57:00,0.43536583782724847
2019-06-01 05:00:00,0.49800449785885803
2019-06-01 05:03:00,0.38284840288406485
2019-06-01 05:06:00,0.49050405084540216
2019-06-01 05:09:00,0.4595874069199226
2019-06-01 05:12:00,0.42885125378268185
2019-06-01 05:15:00,0.4300536624062943
2019-06-01 05:18:00,0.4154903013615012
2019-06-01 05:21:00,0.4435411648223635
2019-06-01 05:24:00,0.3541394495762802
2019-06-01 05:27:00,0.36475877288449965
2019-06-01 05:30:00,0.38853947418346024
2019-06-01 05:33:00,0.36991871844639945
2019-06-01 05:36:00,0.47768046689822086
2019-06-01 05:39:00,0.3885451791646801
2019-06-01 05:42:00,0.4641704974668528
2019-06-01 05:45:00,0.38378661080014354
2019-06-01 05:48:00,0.5056975492082643
2019-06-01 05:51:00,0.36545633798954213
2019-06-01 05:54:00,0.3519657962995666
2019-06-01 05:57:00,0.3500326042390043
2019-06-01 06:00:00,0.37251724155191823
2019-06-01 06:03:00,0.4514778342386876
2019-06-01 06:06:00,0.44809281781755317
2019-06-01 06:09:00,0.4251614547317786
2019-06-01 06:12:00,0.483163738950509
2019-06-01 06:15:00,0.4779545424639764
2019-06-01 06:18:00,0.39806160201197827
2019-06-01 06:21:00,0.4733651277352351
2019-06-01 06:24:00,0.4288087572487598
2019-06-01 06:27:00,0.46843476498838754
2019-06-01 06:30:00,0.34412253295602113
2019-06-01 06:33:00,0.4694697689961913
2019-06-01 06:36:00,0.3879643464886726
2019-06-01 06:39:00,0.4459691237084371
2019-06-01 06:42:00,0.4882891077629097
2019-06-01 06:45:00,0.43588717554933964
2019-06-01 06:48:00,0.40734902965630226
2019-06-01 06:51:00,0.4098056068140181
2019-06-01 06:54:00,0.42786634119266864
2019-06-01 06:57:00,0.4064860769292977
2019-06-01 07:00:00,0.4150121397327098
2019-06-01 07:03:00,0.4218015974388436
2019-06-01 07:06:00,0.4611352598148528
2019-06-01 07:09:00,0.44485670799497257
2019-06-01 07:12:00,0.29059514685047816
2019-06-01 07:15:00,0.3480397424416992
2019-06-01 07:18:00,0.3910174935866735
2019-06-01 07:21:00,0.46076151642796503
2019-06-01 07:24:00,0.36261412275672456
2019-06-01 07:27:00,0.3902304560534162
2019-06-01 07:30:00,0.4773710905117241
2019-06-01 07:33:00,0.3974098701764319
2019-06-01 07:36:00,0.4143379575913855
2019-06-01 07:39:00,0.4037620682715328
2019-06-01 07:42:00,0.35100109828931636
2019-06-01 07:45:00,0.3895127043776938
2019-06-01 07:48:00,0.3893689262540647
2019-06-01 07:51:00,0.47904514164315515
2019-06-01 07:54:00,0.35916709422588156
2019-06-01 07:57:00,0.4487730144944635
2019-06-01 08:00:00,0.42447172606910044
2019-06-01 08:03:00,0.45018145447761526
2019-06-01 08:06:00,0.4346812941776079
2019-06-01 08:09:00,0.49135124286118526
2019-06-01 08:12:00,0.4425319213311809
2019-06-01 08:15:00,0.42057198136348006
2019-06-01 08:18:00,0.43647404369181686
2019-06-01 08:21:00,0.45248897863541515
2019-06-01 08:24:00,0.3897762770034774
2019-06-01 08:27:00,0.37387131752171854
2019-06-01 08:30:00,0.4716828329000009
2019-06-01 08:33:00,0.493408774819045
2019-06-01 08:36:00,0.43500344360518284
2019-06-01 08:39:00,0.41108328506487624
2019-06-01 08:42:00,0.3765909787943542
2019-06-01 08:45:00,0.279664090230483
2019-06-01 08:48:00,0.42376637805955397
2019-06-01 08:51:00,0.4202232649168991
2019-06-01 08:54:00,0.35748896461774393
2019-06-01 08:57:00,0.40639093057507125
2019-06-01 09:00:00,0.3407618280763245
2019-06-01 09:03:00,0.4675397414137592
2019-06-01 09:06:00,0.4353311485610334
2019-06-01 09:09:00,0.3855770268322658
2019-06-01 09:12:00,0.3203731060676205
2019-06-01 09:15:00,0.41879886443223313
2019-06-01 09:18:00,0.3995558100764356
2019-06-01 09:21:00,0.3231893624200666
2019-06-01 09:24:00,0.28258410979719883
2019-06-01 09:27:00,0.3028361011731704
2019-06-01 09:30:00,0.27416130885865186
2019-06-01 09:33:00,0.20959837565419548
2019-06-01 09:36:00,0.26913943042785604
2019-06-01 09:39:00,0.20688300611709565
2019-06-01 09:42:00,0.2520696603251622
2019-06-01 09:45:00,0.21464442981186949
2019-06-01 09:48:00,0.24156288488387645
2019-06-01 09:51:00,0.21828770779137585
2019-06-01 09:54:00,0.21633101424657752
2019-06-01 09:57:00,0.20052788045478565
2019-06-01 10:00:00,0.13914067506817673
2019-06-01 10:03:00,0.18767982799528227
2019-06-01 10:06:00,0.15459279740696275
2019-06-01 10:09:00,0.20941347866460092
2019-06-01 10:12:00,0.25151067322951803
2019-06-01 10:15:00,0.17346564355159444
2019-06-01 10:18:00,0.22499019048416358
2019-06-01 10:21:00,0.2549759510164904
2019-06-01 10:24:00,0.18258568233562755
2019-06-01 10:27:00,0.2722935698084257
2019-06-01 10:30:00,0.09942764489380806
2019-06-01 10:33:00,0.2135653613168529
2019-06-01 10:36:00,0.18940306794172557
2019-06-01 10:39:00,0.13644181090023721
2019-06-01 10:42:00,0.18855626160183192
2019-06-01 10:45:00,0.05723642434924159
2019-06-01 10:48:00,0.1436292001893662
2019-06-01 10:51:00,0.14930643797424636
2019-06-01 10:54:00,0.15599276599886025
2019-06-01 10:57:00,0.17872774658377466
2019-06-01 11:00:00,0.14137114047292698
2019-06-01 11:03:00,0.14997248388459639
2019-06-01 11:06:00,0.13941363626042858
2019-06-01 11:09:00,0.11800798314590111
2019-06-01 11:12:00,0.15025888743815585
2019-06-01 11:15:00,0.1436427511955003
2019-06-01 11:18:00,0.03159829707425388
2019-06-01 11:21:00,0.030084106198671634
2019-06-01 11:24:00,0.16236257720532876
2019-06-01 11:27:00,-0.017935378626702914
2019-06-01 11:30:00,0.07826873324222561
2019-06-01 11:33:00,-0.02115162911746893
2019-06-01 11:36:00,-0.093665602861563
2019-06-01 11:39:00,0.021132116636408682
2019-06-01 11:42:00,-0.11110523176176912
2019-06-01 11:45:00,-0.07787958532117045
2019-06-01 11:48:00,-0.038842290901982324
2019-06-01 11:51:00,-0.03080938454047555
2019-06-01 11:54:00,0.06671248013265085
2019-06-01 11:57:00,0.07352022740167286
2019-06-01 12:00:00,0.048301020074120515
2019-06-01 12:03:00,-0.06143326744319211
2019-06-01 12:06:00,-0.11871863677851024
2019-06-01 12:09:00,0.009729936916414772
2019-06-01 12:12:00,-0.07679177879862209
2019-06-01 12:15:00,0.012251230325432516
2019-06-01 12:18:00,-0.09002828946978525
2019-06-01 12:21:00,-0.1543471007230437
2019-06-01 12:24:00,-0.10999022781777512
2019-06-01 12:27:00,-0.03581970126384704
2019-06-01 12:30:00,-0.06172755416372411
2019-06-01 12:33:00,-0.08190552456863998
2019-06-01 12:36:00,-0.05274336217445352
2019-06-01 12:39:00,-0.07977434364892133
2019-06-01 12:42:00,0.03200739456980273
2019-06-01 12:45:00,-0.044843703194487716
2019-06-01 12:48:00,0.029005324593754267
2019-06-01 12:51:00,-0.005720217582279474
2019-06-01 12:54:00,-0.04186887653759186
2019-06-01 12:57:00,-0.09708734328199853
2019-06-01 13:00:00,-0.10423707033822893
2019-06-01 13:03:00,-0.024143682368332975
2019-06-01 13:06:00,-0.13829363163154085
2019-06-01 13:09:00,0.022200730486531484
2019-06-01 13:12:00,-0.05759281844530051
2019-06-01 13:15:00,0.059638535754743316
2019-06-01 13:18:00,0.0028312575471431956
2019-06-01 13:21:00,-0.10721256389251721
2019-06-01 13:24:00,-0.007591022701831207
2019-06-01 13:27:00,-0.048702561017307744
2019-06-01 13:30:00,-0.05494354145963598
2019-06-01 13:33:00,-0.0957668013361399
2019-06-01 13:36:00,-0.18837298326269547
2019-06-01 13:39:00,-0.2080059849086524
2019-06-01 13:42:00,-0.2666630885861423
2019-06-01 13:45:00,-0.12993745617012564
2019-06-01 13:48:00,-0.16270695805673085
2019-06-01 13:51:00,-0.16975726578613148
2019-06-01 13:54:00,-0.13718713918910908
2019-06-01 13:57:00,-0.1785452520297781
2019-06-01 14:00:00,-0.16630326768796522
2019-06-01 14:03:00,-0.182328673116956
2019-06-01 14:06:00,-0.25441419311363234
2019-06-01 14:09:00,-0.056249764721712836
2019-06-01 14:12:00,-0.21749040455404156
2019-06-01 14:15:00,-0.11431779295514843
2019-06-01 14:18:00,-0.06435395516211884
2019-06-01 14:21:00,-0.047697453216642316
2019-06-01 14:24:00,-0.14366127998954425
2019-06-01 14:27:00,-0.037449516897197554
2019-06-01 14:30:00,0.10580405976378415
2019-06-01 14:33:00,0.09417730659913559
2019-06-01 14:36:00,0.2918965054197997
2019-06-01 14:39:00,0.283921942151494
2019-06-01 14:42:00,0.25112151294723617
2019-06-01 14:45:00,0.2755191483988142
2019-06-01 14:48:00,0.24277408010414092
2019-06-01 14:51:00,0.2047491463661686
2019-06-01 14:54:00,0.34767845275115405
2019-06-01 14:57:00,0.17219771990284016
2019-06-01 15:00:00,0.1142743528961887
2019-06-01 15:03:00,0.023985047735436638
2019-06-01 15:06:00,-0.01704832235890308
2019-06-01 15:09:00,-0.037328547845504545
2019-06-01 15:12:00,-0.1669197740659456
2019-06-01 15:15:00,-0.07706669713024894
2019-06-01 15:18:00,-0.0556672661954849
2019-06-01 15:21:00,-0.17505330162578048
2019-06-01 15:24:00,-0.08840783692767218
2019-06-01 15:27:00,-0.1509498922594048
2019-06-01 15:30:00,-0.040739608695844254
2019-06-01 15:33:00,-0.30303884491780764
2019-06-01 15:36:00,-0.23350457190400675
2019-06-01 15:39:00,-0.2078585846376768
2019-06-01 15:42:00,-0.1634610914387622
2019-06-01 15:45:00,-0.26993370378136206
2019-06-01 15:48:00,-0.2616756635546835
2019-06-01 15:51:00,-0.22835500783253337
2019-06-01 15:54:00,-0.29186741773980884
2019-06-01 15:57:00,-0.2355109288780568
2019-06-01 16:00:00,-0.21312461395518767
2019-06-01 16:03:00,-0.2697625509970294
2019-06-01 16:06:00,-0.2545529296963309
2019-06-01 16:09:00,-0.16700740901302424
2019-06-01 16:12:00,-0.22854051317960966
2019-06-01 16:15:00,-0.07872974312073211
2019-06-01 16:18:00,-0.11131741912038251
2019-06-01 16:21:00,-0.19976255606439963
2019-06-01 16:24:00,-0.24054243401286612
2019-06-01 16:27:00,-0.199259387282666
2019-06-01 16:30:00,-0.20713136972022994
2019-06-01 16:33:00,-0.13078544360519118
2019-06-01 16:36:00,-0.09417142937667222
2019-06-01 16:39:00,-0.10955522184161737
2019-06-01 16:42:00,-0.09288959481523307
2019-06-01 16:45:00,-0.13285369788229673
2019-06-01 16:48:00,-0.09676184437518032
2019-06-01 16:51:00,-0.043101342412398935
2019-06-01 16:54:00,-0.1155153683619119
2019-06-01 16:57:00,-0.10966204320732231
2019-06-01 17:00:00,-0.18396051181321127
2019-06-01 17:03:00,-0.002167028890767142
2019-06-01 17:06:00,-0.1468011314283899
2019-06-01 17:09:00,-0.08724949398191484
2019-06-01 17:12:00,0.011071479734312106
2019-06-01 17:15:00,-0.10510932356055491
2019-06-01 17:18:00,-0.05589851113671784
2019-06-01 17:21:00,0.028744353066429085
2019-06-01 17:24:00,-0.023945695522286314
2019-06-01 17:27:00,-0.05396703664285951
2019-06-01 17:30:00,-0.04414080714013835
2019-06-01 17:33:00,-0.15051502670104355
2019-06-01 17:36:00,-0.04362939404836652
2019-06-01 17:39:00,-0.0035091570457552734
2019-06-01 17:42:00,-0.04372989633037605
2019-06-01 17:45:00,-0.015373497544942438
2019-06-01 17:48:00,0.06173710917505559
2019-06-01 17:51:00,0.017817830220508313
2019-06-01 17:54:00,-0.09046930982560752
2019-06-01 17:57:00,0.026364260447905963
2019-06-01 18:00:00,-0.08163367233709096
2019-06-01 18:03:00,-0.0824415802940166
2019-06-01 18:06:00,-0.13284036101782704
2019-06-01 18:09:00,-0.027417096848068923
2019-06-01 18:12:00,-0.013176240382222204
2019-06-01 18:15:00,0.02790164105351778
2019-06-01 18:18:00,-0.07874368539290799
2019-06-01 18:21:00,-0.10566536625805156
2019-06-01 18:24:00,0.11011120508391059
2019-06-01 18:27:00,0.009729290655855038
2019-06-01 18:30:00,0.0556217316862444
2019-06-01 18:33:00,0.04197613542470435
2019-06-01 18:36:00,0.08272374177653319
2019-06-01 18:39:00,0.2511408637915338
2019-06-01 18:42:00,0.464679224596523
2019-06-01 18:45:00,0.4700520610322769
2019-06-01 18:48:00,0.4352127118731346
2019-06-01 18:51:00,0.34058178268634265
2019-06-01 18:54:00,0.25362649382572044
2019-06-01 18:57:00,
2019-06-01 19:00:00,
2019-06-01 19:03:00,0.18161314848879329
2019-06-01 19:06:00,0.13443224659260977
2019-06-01 19:09:00,0.09754959056778034
2019-06-01 19:12:00,0.21976547696021953
2019-06-01 19:15:00,0.1771778495988201
2019-06-01 19:18:00,0.26443029742318913
2019-06-01 19:21:00,0.1970451617494291
2019-06-01 19:24:00,0.2537902241224401
2019-06-01 19:27:00,0.3485778061540259
2019-06-01 19:30:00,0.32482888762001494
2019-06-01 19:33:00,0.3457337054563254
2019-06-01 19:36:00,0.3851458879762504
2019-06-01 19:39:00,0.34507152008785624
2019-06-01 19:42:00,0.41512124677296924
2019-06-01 19:45:00,0.36222471538417267
2019-06-01 19:48:00,0.49560403905331896
2019-06-01 19:51:00,0.5217455954733623
2019-06-01 19:54:00,0.3747953496074956
2019-06-01 19:57:00,0.4278656261827223
2019-06-01 20:00:00,0.4624461770928292
2019-06-01 20:03:00,0.38297814286477205
2019-06-01 20:06:00,0.4572984494481034
2019-06-01 20:09:00,0.3817895498062853
2019-06-01 20:12:00,0.461342617435605
2019-06-01 20:15:00,0.49297858731455335
2019-06-01 20:18:00,0.4514204128710162
2019-06-01 20:21:00,0.42521306304973905
2019-06-01 20:24:00,0.3715620948362357
2019-06-01 20:27:00,0.37268423126386097
2019-06-01 20:30:00,0.3767797368836341
2019-06-01 20:33:00,0.27906770446384144
2019-06-01 20:36:00,0.3825752419259061
2019-06-01 20:39:00,0.4260530308296211
2019-06-01 20:42:00,0.38579145871273113
2019-06-01 20:45:00,0.41733900136182456
2019-06-01 20:48:00,0.41300821160137957
2019-06-01 20:51:00,0.3932068591200846
2019-06-01 20:54:00,0.4255416066467319
2019-06-01 20:57:00,0.3947283348789483
2019-06-01 21:00:00,0.5630468517471172
2019-06-01 21:03:00,0.5483618234799224
2019-06-01 21:06:00,0.4870514309055807
2019-06-01 21:09:00,0.529740082134083
2019-06-01 21:12:00,0.5273640747786885
2019-06-01 21:15:00,0.42324720418326933
2019-06-01 21:18:00,0.4405906913924582
2019-06-01 21:21:00,0.4327735452830552
2019-06-01 21:24:00,0.3247027257075388
2019-06-01 21:27:00,0.3495946384098261
2019-06-01 21:30:00,0.27169782331236547
2019-06-01 21:33:00,0.3864991889457201
2019-06-01 21:36:00,0.35071804075408863
2019-06-01 21:39:00,0.421184373006497
2019-06-01 21:42:00,0.39309433145871253
2019-06-01 21:45:00,0.3784903512631672
2019-06-01 21:48:00,0.3400438851608101
2019-06-01 21:51:00,0.46749066088005975
2019-06-01 21:54:00,0.5527913946315834
2019-06-01 21:57:00,0.5815426228070919
2019-06-01 22:00:00,0.5267057341823715
2019-06-01 22:03:00,0.4962347972245311
2019-06-01 22:06:00,0.4529401913926563
2019-06-01 22:09:00,0.41526355382637803
2019-06-01 22:12:00,0.37151124771799005
2019-06-01 22:15:00,0.3351124821215876
2019-06-01 22:18:00,0.2975137111624804
2019-06-01 22:21:00,0.3583477363513907
2019-06-01 22:24:00,0.2985578290072226
2019-06-01 22:27:00,0.34381904611473146
2019-06-01 22:30:00,0.32806798310031127
2019-06-01 22:33:00,0.3212474178292837
2019-06-01 22:36:00,0.2772041068994895
2019-06-01 22:39:00,0.32746212930999263
2019-06-01 22:42:00,0.36119682592294566
2019-06-01 22:45:00,0.34795036760857556
2019-06-01 22:48:00,0.3383243262235851
2019-06-01 22:51:00,0.3621769039553442
2019-06-01 22:54:00,0.48618809357668624
2019-06-01 22:57:00,0.4176716158860927
2019-06-01 23:00:00,0.37638769329151955
2019-06-01 23:03:00,0.36549282766424085
2019-06-01 23:06:00,0.31377057340705505
2019-06-01 23:09:00,0.3668717096750811
2019-06-01 23:12:00,0.386062318706081
2019-06-01 23:15:00,0.3674993737815839
2019-06-01 23:18:00,0.38333440787914697
2019-06-01 23:21:00,0.4395068171301659
2019-06-01 23:24:00,0.3207016143132364
2019-06-01 23:27:00,0.28891840604558183
2019-06-01 23:30:00,0.34749982603159424
2019-06-01 23:33:00,0.2957918628459879
2019-06-01 23:36:00,0.3246784629650392
2019-06-01 23:39:00,0.2971358619815305
2019-06-01 23:42:00,0.38261674998113904
2019-06-01 23:45:00,0.2767537081323326
2019-06-01 23:48:00,0.36326223148535064
2019-06-01 23:51:00,0.3725664182946389
2019-06-01 23:54:00,0.2958781921018385
2019-06-01 23:57:00,0.36602210285758474
2019-06-02 00:00:00,0.32963663850728153
2019-06-02 00:03:00,0.34273728375586643
2019-06-02 00:06:00,0.2660207095823921
2019-06-02 00:09:00,0.2709698442873787
2019-06-02 00:12:00,0.2444118211170121
2019-06-02 00:15:00,0.2925126283148529
2019-06-02 00:18:00,0.2981064683023078
2019-06-02 00:21:00,0.34685767020306457
2019-06-02 00:24:00,0.28072776415871203
2019-06-02 00:27:00,0.30042132533458243
2019-06-02 00:30:00,0.3617093091631318
2019-06-02 00:33:00,0.34918676377390057
2019-06-02 00:36:00,0.45927561478481493
2019-06-02 00:39:00,0.4123605838273079
2019-06-02 00:42:00,0.3786773083311914
2019-06-02 00:45:00,0.42415082929522896
2019-06-02 00:48:00,0.33886519363721845
2019-06-02 00:51:00,0.35450372109960426
2019-06-02 00:54:00,0.27493181977746417
2019-06-02 00:57:00,0.28603927840021015
2019-06-02 01:00:00,0.3534558821219207
2019-06-02 01:03:00,0.3500598749621986
2019-06-02 01:06:00,0.29503317035329246
2019-06-02 01:09:00,0.39780329311867035
2019-06-02 01:12:00,0.31114594259793193
2019-06-02 01:15:00,0.36612033679671185
2019-06-02 01:18:00,0.3681354711587801
2019-06-02 01:21:00,0.3505495039563584
2019-06-02 01:24:00,0.3949686963603085
2019-06-02 01:27:00,0.3555660602607418
2019-06-02 01:30:00,0.4063830752062927
2019-06-02 01:33:00,0.33807963157079257
2019-06-02 01:36:00,0.36745641878297874
2019-06-02 01:39:00,0.3055754541540523
2019-06-02 01:42:00,0.4475555483621747
2019-06-02 01:45:00,0.3002088493429369
2019-06-02 01:48:00,0.3542300592926608
2019-06-02 01:51:00,0.4352848972927177
2019-06-02 01:54:00,0.4342936410207585
2019-06-02 01:57:00,0.36695064237375163
2019-06-02 02:00:00,0.4621143220111321
2019-06-02 02:03:00,0.3581241952406913
2019-06-02 02:06:00,0.329125744661269
2019-06-02 02:09:00,0.5266596903894651
2019-06-02 02:12:00,0.3551091935679551
2019-06-02 02:15:00,0.3859383464233588
2019-06-02 02:18:00,0.4124383619768537
2019-06-02 02:21:00,0.35631247474708516
2019-06-02 02:24:00,0.47815043611871033
2019-06-02 02:27:00,0.41933322819699015
2019-06-02 02:30:00,0.3971155912768154
2019-06-02 02:33:00,0.3690718288281687
2019-06-02 02:36:00,0.4163661805213792
2019-06-02 02:39:00,0.3862950650398602
2019-06-02 02:42:00,0.358051017391972
2019-06-02 02:45:00,0.39459621240803244
2019-06-02 02:48:00,0.3660612106045278
2019-06-02 02:51:00,0.4323024752598599
2019-06-02 02:54:00,0.5138217954932998
2019-06-02 02:57:00,0.3779727175332823
2019-06-02 03:00:00,0.40635869150185044
2019-06-02 03:03:00,0.36307778890414966
2019-06-02 03:06:00,0.5307799816260967
2019-06-02 03:09:00,0.3937717464065713
2019-06-02 03:12:00,0.4288157699710382
2019-06-02 03:15:00,0.41041770726269533
2019-06-02 03:18:00,0.38983931537808303
2019-06-02 03:21:00,0.4959359312142624
2019-06-02 03:24:00,0.48482247942496315
2019-06-02 03:27:00,0.4416182292839608
2019-06-02 03:30:00,0.5231676475711424
2019-06-02 03:33:00,0.44773399665183433
2019-06-02 03:36:00,0.46483310982080184
2019-06-02 03:39:00,0.38131791388912006
2019-06-02 03:42:00,0.5342178923956453
2019-06-02 03:45:00,0.4763782191252517
2019-06-02 03:48:00,0.5276998694993154
2019-06-02 03:51:00,0.3917907662703328
2019-06-02 03:54:00,0.3850089243326238
2019-06-02 03:57:00,0.4407085903390566
2019-06-02 04:00:00,0.46036803337892707
2019-06-02 04:03:00,0.45400975618213124
2019-06-02 04:06:00,0.49515397072531186
2019-06-02 04:09:00,0.4510336151508909
2019-06-02 04:12:00,0.48508037070638466
2019-06-02 04:15:00,0.44241242837625805
2019-06-02 04:18:00,0.48045258395535484
2019-06-02 04:21:00,0.42684502389465706
2019-06-02 04:24:00,0.36080972910298215
2019-06-02 04:27:00,0.44065755180241695
2019-06-02 04:30:00,0.44603640934815303
2019-06-02 04:33:00,0.4613021096839134
2019-06-02 04:36:00,0.46242213772057994
2019-06-02 04:39:00,0.3723803527637415
2019-06-02 04:42:00,0.3849155760020153
2019-06-02 04:45:00,0.4856304746621163
2019-06-02 04:48:00,0.37020312609143957
2019-06-02 04:51:00,0.4561518306964558
2019-06-02 04:54:00,0.38966558055847145
2019-06-02 04:57:00,0.413290137340141
2019-06-02 05:00:00,0.5213048577946893
2019-06-02 05:03:00,0.3989869913282291
2019-06-02 05:06:00,0.38466236212150307
2019-06-02 05:09:00,0.42910556797073696
2019-06-02 05:12:00,0.3850872389685378
2019-06-02 05:15:00,0.39404618625644616
2019-06-02 05:18:00,0.3332973495782312
2019-06-02 05:21:00,0.3941526217120668
2019-06-02 05:24:00,0.39782171338742955
2019-06-02 05:27:00,0.4343973192794124
2019-06-02 05:30:00,0.30158828817781114
2019-06-02 05:33:00,0.34677258097337926
2019-06-02 05:36:00,0.49032141344878255
2019-06-02 05:39:00,0.3323784396299061
2019-06-02 05:42:00,0.4359210863622138
2019-06-02 05:45:00,0.4899538663912608
2019-06-02 05:48:00,0.45225922460912216
2019-06-02 05:51:00,0.4008119373603449
2019-06-02 05:54:00,0.4019516230504223
2019-06-02 05:57:00,0.3344797250185252
2019-06-02 06:00:00,0.3190602231690036
2019-06-02 06:03:00,0.4199754466045533
2019-06-02 06:06:00,0.382019794192729
2019-06-02 06:09:00,0.39116858892487016
2019-06-02 06:12:00,0.35236419037426003
2019-06-02 06:15:00,0.3915109234025067
2019-06-02 06:18:00,0.4328129489122148
2019-06-02 06:21:00,0.47772244693447874
2019-06-02 06:24:00,0.40514731601183485
2019-06-02 06:27:00,0.44677772924063675
2019-06-02 06:30:00,0.5135362185640702
2019-06-02 06:33:00,0.45686887697218026
2019-06-02 06:36:00,0.5392061681620817
2019-06-02 06:39:00,0.5995699092413815
2019-06-02 06:42:00,0.5239550597080438
2019-06-02 06:45:00,0.6050768245557947
2019-06-02 06:48:00,0.46771991166457383
2019-06-02 06:51:00,0.47539340185988976
2019-06-02 06:54:00,0.5052816646283986
2019-06-02 06:57:00,0.49552824162941533
2019-06-02 07:00:00,0.5531555394098291
2019-06-02 07:03:00,0.49334764231042527
2019-06-02 07:06:00,0.5286282919045675
2019-06-02 07:09:00,0.5240337120709455
2019-06-02 07:12:00,0.4595817602531156
2019-06-02 07:15:00,0.41415266398541917
2019-06-02 07:18:00,0.4965450466886523
2019-06-02 07:21:00,0.45449882451146095
2019-06-02 07:24:00,0.5458564297041448
2019-06-02 07:27:00,0.500084740019588
2019-06-02 07:30:00,0.4723317305698629
2019-06-02 07:33:00,0.48474801021450276
2019-06-02 07:36:00,0.5914167325879021
2019-06-02 07:39:00,0.4759395521023748
2019-06-02 07:42:00,0.572330933335536
2019-06-02 07:45:00,0.5268879988427102
2019-06-02 07:48:00,0.5145819545130053
2019-06-02 07:51:00,0.44606645666243594
2019-06-02 07:54:00,0.3778235927026685
2019-06-02 07:57:00,0.5192084362695937
2019-06-02 08:00:00,0.39543532637077305
2019-06-02 08:03:00,0.34302243387793396
2019-06-02 08:06:00,0.4142512641699341
2019-06-02 08:09:00,0.37632494830791074
2019-06-02 08:12:00,0.3396995729663672
2019-06-02 08:15:00,0.3608220187226152
2019-06-02 08:18:00,0.32254006632246046
2019-06-02 08:21:00,0.32001071298992656
2019-06-02 08:24:00,0.2852477638067512
2019-06-02 08:27:00,0.33987615971022933
2019-06-02 08:30:00,0.2358548832248175
2019-06-02 08:33:00,0.306148337325169
2019-06-02 08:36:00,0.3019287324984248
2019-06-02 08:39:00,0.27106205962581953
2019-06-02 08:42:00,0.21183620826013794
2019-06-02 08:45:00,0.24770485588578595
2019-06-02 08:48:00,0.2307900968291392
2019-06-02 08:51:00,0.23877233763840877
2019-06-02 08:54:00,0.17237620817439847
2019-06-02 08:57:00,0.17371986492378255
2019-06-02 09:00:00,0.13170870699656234
2019-06-02 09:03:00,0.11421868157856352
2019-06-02 09:06:00,0.25496553988290316
2019-06-02 09:09:00,0.19080059052726028
2019-06-02 09:12:00,0.1786618498948087
2019-06-02 09:15:00,0.14817397041002778
2019-06-02 09:18:00,0.09244729348796454
2019-06-02 09:21:00,0.1806004465914839
2019-06-02 09:24:00,0.09815200823220493
2019-06-02 09:27:00,0.18710129395071817
2019-06-02 09:30:00,0.10674796045208268
2019-06-02 09:33:00,0.05760488902473071
2019-06-02 09:36:00,0.0766669451661528
2019-06-02 09:39:00,0.15866496042929157
2019-06-02 09:42:00,0.10556738396434184
2019-06-02 09:45:00,0.09161792760477283
2019-06-02 09:48:00,0.102949626066561
2019-06-02 09:51:00,0.1324619504885618
2019-06-02 09:54:00,0.13812485837968325
2019-06-02 09:57:00,0.02084012409454772
2019-06-02 10:00:00,0.016555253716774132
2019-06-02 10:03:00,-0.008493893563354504
2019-06-02 10:06:00,-0.03220705884103836
2019-06-02 10:09:00,0.05316724209615131
2019-06-02 10:12:00,0.05330994277989021
2019-06-02 10:15:00,0.062322830050732136
2019-06-02 10:18:00,-0.02144068102154506
2019-06-02 10:21:00,0.03860514879659149
2019-06-02 10:24:00,-0.06434018563658128
2019-06-02 10:27:00,-0.09350044433398352
2019-06-02 10:30:00,-0.05000569826324863
2019-06-02 10:33:00,-0.11989873718107447
2019-06-02 10:36:00,-0.12157310290223222
2019-06-02 10:39:00,-0.05651175549587606
2019-06-02 10:42:00,-0.24302043279823238
2019-06-02 10:45:00,-0.12055979627814395
2019-06-02 10:48:00,-0.1689173568824458
2019-06-02 10:51:00,-0.1440919346241003
2019-06-02 10:54:00,-0.16812974401454994
2019-06-02 10:57:00,-0.1919710463847082
2019-06-02 11:00:00,-0.17416183187924617
2019-06-02 11:03:00,-0.22617038663764788
2019-06-02 11:06:00,-0.09205316338648117
2019-06-02 11:09:00,-0.1378126625754703
2019-06-02 11:12:00,-0.16958621985781974
2019-06-02 11:15:00,-0.17140878449203
2019-06-02 11:18:00,-0.22728827100468152
2019-06-02 11:21:00,-0.19582826505239836
2019-06-02 11:24:00,-0.1699764659824723
2019-06-02 11:27:00,-0.3173690664061155
2019-06-02 11:30:00,-0.0674837006900475
2019-06-02 11:33:00,-0.19540520822249619
2019-06-02 11:36:00,-0.2925670264046971
2019-06-02 11:39:00,-0.21626004477667493
2019-06-02 11:42:00,-0.3008494015260794
2019-06-02 11:45:00,-0.20171679289586564
2019-06-02 11:48:00,-0.23677393545824543
2019-06-02 11:51:00,-0.154101544193054
2019-06-02 11:54:00,-0.32708423395530417
2019-06-02 11:57:00,-0.16753032621704733
2019-06-02 12:00:00,-0.20962753546450585
2019-06-02 12:03:00,-0.20045760545519897
2019-06-02 12:06:00,-0.21254639066046366
2019-06-02 12:09:00,-0.12943976686585756
2019-06-02 12:12:00,-0.09287792463709366
2019-06-02 12:15:00,0.02679326099513446
2019-06-02 12:18:00,0.10904603058622797
2019-06-02 12:21:00,0.24272759275561384
2019-06-02 12:24:00,0.3301565705946814
2019-06-02 12:27:00,0.28312584638212
2019-06-02 12:30:00,0.35163472312308386
2019-06-02 12:33:00,0.4113089081679391
2019-06-02 12:36:00,0.3601470438493948
2019-06-02 12:39:00,0.40599264174937844
2019-06-02 12:42:00,0.24306999815530617
2019-06-02 12:45:00,0.22050979645013058
2019-06-02 12:48:00,0.1404221125588947
2019-06-02 12:51:00,0.0029693436478055446
2019-06-02 12:54:00,-0.12076070781836279
2019-06-02 12:57:00,-0.07586065431780753
2019-06-02 13:00:00,0.005943336823122536
2019-06-02 13:03:00,-0.1211018149829215
2019-06-02 13:06:00,0.0550551006925275
2019-06-02 13:09:00,-0.03504056069886019
2019-06-02 13:12:00,-0.1260673528070697
2019-06-02 13:15:00,-0.0818782884929874
2019-06-02 13:18:00,-0.12127947652095372
2019-06-02 13:21:00,-0.11978280755840842
2019-06-02 13:24:00,0.0837868429088644
2019-06-02 13:27:00,0.3154316083039248
2019-06-02 13:30:00,0.2988222297695984
2019-06-02 13:33:00,0.06191818754723499
2019-06-02 13:36:00,0.05318065810547523
2019-06-02 13:39:00,0.056396055427399006
2019-06-02 13:42:00,0.029095497774278556
2019-06-02 13:45:00,-0.041313609906012516
2019-06-02 13:48:00,0.0643064447436359
2019-06-02 13:51:00,-0.10176205984208764
2019-06-02 13:54:00,0.017946801768005116
2019-06-02 13:57:00,-0.014428538819402092
2019-06-02 14:00:00,0.058889434942273056
2019-06-02 14:03:00,0.04795631166643943
2019-06-02 14:06:00,-0.020837804685186256
2019-06-02 14:09:00,-0.12273275723015331
2019-06-02 14:12:00,0.03397109499627504
2019-06-02 14:15:00,0.008894765209106481
2019-06-02 14:18:00,0.005346568194397605
2019-06-02 14:21:00,-0.05019445638555453
2019-06-02 14:24:00,-0.08960908011516722
2019-06-02 14:27:00,-0.05948537491110528
2019-06-02 14:30:00,-0.03436328651054055
2019-06-02 14:33:00,-0.0866148693854143
2019-06-02 14:36:00,-0.006567951241777337
2019-06-02 14:39:00,-0.1483265841073944
2019-06-02 14:42:00,-0.09834122491946573
2019-06-02 14:45:00,-0.11307973183193099
2019-06-02 14:48:00,-0.15983409480264754
2019-06-02 14:51:00,-0.17514051630547556
2019-06-02 14:54:00,-0.20558661500996323
2019-06-02 14:57:00,-0.14308515369964425
2019-06-02 15:00:00,-0.2588614241699929
2019-06-02 15:03:00,-0.22220382257268056
2019-06-02 15:06:00,-0.21428224307572918
2019-06-02 15:09:00,-0.23941183839104951
2019-06-02 15:12:00,-0.18929626167226843
2019-06-02 15:15:00,-0.22381008908820377
2019-06-02 15:18:00,-0.2689178605334632
2019-06-02 15:21:00,-0.2406133119933429
2019-06-02 15:24:00,-0.28036361800917575
2019-06-02 15:27:00,-0.19996882927108572
2019-06-02 15:30:00,-0.28961921137704394
2019-06-02 15:33:00,-0.24759911681951507
2019-06-02 15:36:00,-0.3133151587677503
2019-06-02 15:39:00,-0.3043291992275954
2019-06-02 15:42:00,-0.30228852889990776
2019-06-02 15:45:00,-0.2980053971685379
2019-06-02 15:48:00,-0.3287721824270875
2019-06-02 15:51:00,-0.2828233336784933
2019-06-02 15:54:00,-0.2741854911640189
2019-06-02 15:57:00,-0.17294086846243317
2019-06-02 16:00:00,-0.19850741642710545
2019-06-02 16:03:00,-0.22913155231196924
2019-06-02 16:06:00,-0.22348140296315933
2019-06-02 16:09:00,-0.22012267056243218
2019-06-02 16:12:00,-0.24922738110154796
2019-06-02 16:15:00,-0.13749676744947692
2019-06-02 16:18:00,-0.119192623196966
2019-06-02 16:21:00,-0.14605096501765047
2019-06-02 16:24:00,-0.041366551077942404
2019-06-02 16:27:00,-0.1757262785073408
2019-06-02 16:30:00,-0.136922270397406
2019-06-02 16:33:00,-0.14393697194049082
2019-06-02 16:36:00,-0.14437870957340238
2019-06-02 16:39:00,-0.2460849297096388
2019-06-02 16:42:00,-0.177648615558212
2019-06-02 16:45:00,-0.11810865180257224
2019-06-02 16:48:00,-0.15900222249769058
2019-06-02 16:51:00,-0.06535250868569165
2019-06-02 16:54:00,-0.13195549012448282
2019-06-02 16:57:00,-0.2238345877184429
2019-06-02 17:00:00,-0.21155169739517987
2019-06-02 17:03:00,-0.13369241047939795
2019-06-02 17:06:00,-0.09016743029235386
2019-06-02 17:09:00,-0.16511280207049595
2019-06-02 17:12:00,-0.22511907377560192
2019-06-02 17:15:00,-0.26977033300704534
2019-06-02 17:18:00,-0.2652939057833237
2019-06-02 17:21:00,-0.2082071189717567
2019-06-02 17:24:00,-0.12060702709248972
2019-06-02 17:27:00,-0.2558175448143629
2019-06-02 17:30:00,-0.18060227602734358
2019-06-02 17:33:00,-0.21049543525509762
2019-06-02 17:36:00,-0.18425034707337318
2019-06-02 17:39:00,-0.31587518321879315
2019-06-02 17:42:00,-0.1209987215476076
2019-06-02 17:45:00,-0.29086386158519417
2019-06-02 17:48:00,-0.24771738413676303
2019-06-02 17:51:00,-0.2153509434367038
2019-06-02 17:54:00,-0.18185039498371225
2019-06-02 17:57:00,-0.20765291394741325
2019-06-02 18:00:00,-0.20739935703585388
2019-06-02 18:03:00,-0.21609458721360397
2019-06-02 18:06:00,-0.27836575412680986
2019-06-02 18:09:00,-0.12443088910026745
2019-06-02 18:12:00,-0.20915202666117239
2019-06-02 18:15:00,-0.07734584348941098
2019-06-02 18:18:00,-0.16373342813341196
2019-06-02 18:21:00,-0.21234534070867994
2019-06-02 18:24:00,-0.21983818896023877
2019-06-02 18:27:00,-0.2131352020243753
2019-06-02 18:30:00,-0.19101702890230854
2019-06-02 18:33:00,-0.09951824865868275
2019-06-02 18:36:00,-0.18617492564317217
2019-06-02 18:39:00,-0.12239217102069233
2019-06-02 18:42:00,-0.12571435681815046
2019-06-02 18:45:00,-0.09857559873591981
2019-06-02 18:48:00,-0.0919909755059507
2019-06-02 18:51:00,-0.02349343420308969
2019-06-02 18:54:00,
2019-06-02 18:57:00,
2019-06-02 19:00:00,
2019-06-02 19:03:00,-0.01041962957378928
2019-06-02 19:06:00,-0.03517940557264865
2019-06-02 19:09:00,-0.025344984335220033
2019-06-02 19:12:00,-0.0242937897709794
2019-06-02 19:15:00,0.1296531083431205
2019-06-02 19:18:00,0.11458105272566854
2019-06-02 19:21:00,0.04932722332398498
2019-06-02 19:24:00,-0.001529462999030784
2019-06-02 19:27:00,0.08467947124768216
2019-06-02 19:30:00,0.11489070600634932
2019-06-02 19:33:00,0.05332660196955885
2019-06-02 19:36:00,0.05374009800152635
2019-06-02 19:39:00,0.009811397383373333
2019-06-02 19:42:00,0.03441361742972049
2019-06-02 19:45:00,0.04401774378055734
2019-06-02 19:48:00,0.07092353926208261
2019-06-02 19:51:00,0.08424030071137167
2019-06-02 19:54:00,0.14197877276643567
2019-06-02 19:57:00,0.045516964872717836
2019-06-02 20:00:00,0.12479769645506167
2019-06-02 20:03:00,0.09539612918848661
2019-06-02 20:06:00,0.06778138011821966
2019-06-02 20:09:00,0.07159592852428887
2019-06-02 20:12:00,0.22516054254521123
2019-06-02 20:15:00,0.12653838931305472
2019-06-02 20:18:00,0.07250143324995406
2019-06-02 20:21:00,0.2279574616960076
2019-06-02 20:24:00,0.12843652400022165
2019-06-02 20:27:00,0.1057033868223698
2019-06-02 20:30:00,0.0399211556924115
2019-06-02 20:33:00,0.15292442380217608
2019-06-02 20:36:00,0.13250393503386704
2019-06-02 20:39:00,0.23216957717556852
2019-06-02 20:42:00,0.14877223912810678
2019-06-02 20:45:00,0.13638956720740225
2019-06-02 20:48:00,0.11926579828400463
2019-06-02 20:51:00,0.1446267280379061
2019-06-02 20:54:00,0.12264542698306968
2019-06-02 20:57:00,0.26516229550293247
2019-06-02 21:00:00,0.14925405870195618
2019-06-02 21:03:00,0.2026876950563974
2019-06-02 21:06:00,0.23094531460276357
2019-06-02 21:09:00,0.16500333884863494
2019-06-02 21:12:00,0.1609338918669323
2019-06-02 21:15:00,0.1537230052164773
2019-06-02 21:18:00,0.13168567599302605
2019-06-02 21:21:00,0.2029224355424617
2019-06-02 21:24:00,0.1664990005796767
2019-06-02 21:27:00,0.1637700342795938
2019-06-02 21:30:00,0.28326289836820706
2019-06-02 21:33:00,0.10189401975583223
2019-06-02 21:36:00,0.20746604569302463
2019-06-02 21:39:00,0.20288893880183423
2019-06-02 21:42:00,0.10885203085706507
2019-06-02 21:45:00,0.17078706403879096
2019-06-02 21:48:00,0.18308245637581422
2019-06-02 21:51:00,0.32436095840228063
2019-06-02 21:54:00,0.17464415649499188
2019-06-02 21:57:00,0.19286252909239465
2019-06-02 22:00:00,0.32399871284553683
2019-06-02 22:03:00,0.3010560193541778
2019-06-02 22:06:00,0.11958811059400887
2019-06-02 22:09:00,0.23447618167205064
2019-06-02 22:12:00,0.24535213413901147
2019-06-02 22:15:00,0.1332077671521006
2019-06-02 22:18:00,0.2650533717711596
2019-06-02 22:21:00,0.21704826463155769
2019-06-02 22:24:00,0.15990672849028442
2019-06-02 22:27:00,0.1462663481539721
2019-06-02 22:30:00,0.1626878946590864
2019-06-02 22:33:00,0.16983115736621812
2019-06-02 22:36:00,0.19422232864070565
2019-06-02 22:39:00,0.2239094807552533
2019-06-02 22:42:00,0.22557340615549037
2019-06-02 22:45:00,0.16202935855886835
2019-06-02 22:48:00,0.21492498090935896
2019-06-02 22:51:00,0.20930560415303034
2019-06-02 22:54:00,0.20166948159226195
2019-06-02 22:57:00,0.14382764282851213
2019-06-02 23:00:00,0.16328139243472606
2019-06-02 23:03:00,0.1674984167697744
2019-06-02 23:06:00,0.19138381693693418
2019-06-02 23:09:00,0.16368649841086835
2019-06-02 23:12:00,0.16969998279273568
2019-06-02 23:15:00,0.07747541307855954
2019-06-02 23:18:00,0.2238239364305059
2019-06-02 23:21:00,0.24644323261333057
2019-06-02 23:24:00,0.27110150542438305
2019-06-02 23:27:00,0.251169444186246
2019-06-02 23:30:00,0.2158990368015452
2019-06-02 23:33:00,0.2792296374239527
2019-06-02 23:36:00,0.2663996629057692
2019-06-02 23:39:00,0.22682005467368072
2019-06-02 23:42:00,0.2041854916428747
2019-06-02 23:45:00,0.2661779613808335
2019-06-02 23:48:00,0.28138651863969244
2019-06-02 23:51:00,0.2702918667628751
2019-06-02 23:54:00,0.18706220141319818
2019-06-02 23:57:00,0.23296333090024746
2019-06-03 00:00:00,0.2560036325174906
2019-06-03 00:03:00,0.17673065601036342
2019-06-03 00:06:00,0.26878961472215224
2019-06-03 00:09:00,0.21553386703902788
2019-06-03 00:12:00,0.1702747575704393
2019-06-03 00:15:00,0.30159386297208357
2019-06-03 00:18:00,0.29432569968088274
2019-06-03 00:21:00,0.2000660164149508
2019-06-03 00:24:00,0.3297730431263517
2019-06-03 00:27:00,0.2651464609705272
2019-06-03 00:30:00,0.23711838169714383
2019-06-03 00:33:00,0.23322042593764536
2019-06-03 00:36:00,0.18727698118300395
2019-06-03 00:39:00,0.26769628810660606
2019-06-03 00:42:00,0.2723303585094641
2019-06-03 00:45:00,0.20045801949925135
2019-06-03 00:48:00,0.31076282886078843
2019-06-03 00:51:00,0.23742191560234005
2019-06-03 00:54:00,0.23813329591706633
2019-06-03 00:57:00,0.2695115007332447
2019-06-03 01:00:00,0.27848624483181084
2019-06-03 01:03:00,0.24312599881551478
2019-06-03 01:06:00,0.22840297104863794
2019-06-03 01:09:00,0.17437314486505784
2019-06-03 01:12:00,0.2174742282829243
2019-06-03 01:15:00,0.26528588911185125
2019-06-03 01:18:00,0.3160075670164133
2019-06-03 01:21:00,0.27949078559191776
2019-06-03 01:24:00,0.2863546165371531
2019-06-03 01:27:00,0.35880817929648856
2019-06-03 01:30:00,0.3538994776766913
2019-06-03 01:33:00,0.4026389141411073
2019-06-03 01:36:00,0.3041669270012335
2019-06-03 01:39:00,0.31166445211675864
2019-06-03 01:42:00,0.3532380414924319
2019-06-03 01:45:00,0.34438385272000005
2019-06-03 01:48:00,0.34375835109528907
2019-06-03 01:51:00,0.38812764569706815
2019-06-03 01:54:00,0.3409816618116679
2019-06-03 01:57:00,0.38836660211899243
2019-06-03 02:00:00,0.2092297215998542
2019-06-03 02:03:00,0.22055020891713184
2019-06-03 02:06:00,0.3543423258458347
2019-06-03 02:09:00,0.3385820363661196
2019-06-03 02:12:00,0.3670497679215714
2019-06-03 02:15:00,0.16522964926838313
2019-06-03 02:18:00,0.38179007894052575
2019-06-03 02:21:00,0.2829915841970774
2019-06-03 02:24:00,0.2500195843542201
2019-06-03 02:27:00,0.27410773471075345
2019-06-03 02:30:00,0.3554707075110173
2019-06-03 02:33:00,0.27342471073365004
2019-06-03 02:36:00,0.36283005175545213
2019-06-03 02:39:00,0.31175078523511957
2019-06-03 02:42:00,0.26927515995055273
2019-06-03 02:45:00,0.2826770214767862
2019-06-03 02:48:00,0.4024392628006126
2019-06-03 02:51:00,0.2836384885358143
2019-06-03 02:54:00,0.3364474221693854
2019-06-03 02:57:00,0.26254859698559585
2019-06-03 03:00:00,0.2998679808740121
2019-06-03 03:03:00,0.2734784502665093
2019-06-03 03:06:00,0.27577406729125187
2019-06-03 03:09:00,0.40526581320648347
2019-06-03 03:12:00,0.3842121404254044
2019-06-03 03:15:00,0.34206280300389835
2019-06-03 03:18:00,0.36771801932110293
2019-06-03 03:21:00,0.27635325076533945
2019-06-03 03:24:00,0.26303247755333814
2019-06-03 03:27:00,0.3269983312273439
2019-06-03 03:30:00,0.3168889712596865
2019-06-03 03:33:00,0.2677365929248481
2019-06-03 03:36:00,0.3556522691495161
2019-06-03 03:39:00,0.3929301454047618
2019-06-03 03:42:00,0.2854132588784637
2019-06-03 03:45:00,0.3087113536087145
2019-06-03 03:48:00,0.2673824416644379
2019-06-03 03:51:00,0.2555399745269824
2019-06-03 03:54:00,0.2602793928392657
2019-06-03 03:57:00,0.29930212868532635
2019-06-03 04:00:00,0.33489247561431057
2019-06-03 04:03:00,0.34349147528070034
2019-06-03 04:06:00,0.26417897137952195
2019-06-03 04:09:00,0.26605502314208707
2019-06-03 04:12:00,0.35269122947011056
2019-06-03 04:15:00,0.2528182246792312
2019-06-03 04:18:00,0.17134722764149046
2019-06-03 04:21:00,0.2016799012671413
2019-06-03 04:24:00,0.24540586143746168
2019-06-03 04:27:00,0.3374131771539055
2019-06-03 04:30:00,0.3066508941479924
2019-06-03 04:33:00,0.32394974585918135
2019-06-03 04:36:00,0.30705456831361744
2019-06-03 04:39:00,0.33046455728663204
2019-06-03 04:42:00,0.2658110130864202
2019-06-03 04:45:00,0.2906019327116951
2019-06-03 04:48:00,0.3165999083756219
2019-06-03 04:51:00,0.2825605349852367
2019-06-03 04:54:00,0.4146611743473727
2019-06-03 04:57:00,0.3618568729843332
2019-06-03 05:00:00,0.2819210900541975
2019-06-03 05:03:00,0.3497369919617199
2019-06-03 05:06:00,0.38216731689288963
2019-06-03 05:09:00,0.30137735755323547
2019-06-03 05:12:00,0.40882685160738674
2019-06-03 05:15:00,0.300088581457544
2019-06-03 05:18:00,0.4621442891312313
2019-06-03 05:21:00,0.4336984683753826
2019-06-03 05:24:00,0.361318786092113
2019-06-03 05:27:00,0.3283302991492292
2019-06-03 05:30:00,0.36766733703223053
2019-06-03 05:33:00,0.38612987264508547
2019-06-03 05:36:00,0.3473224021157648
2019-06-03 05:39:00,0.30830736940112047
2019-06-03 05:42:00,0.397075296453238
2019-06-03 05:45:00,0.37065247073564933
2019-06-03 05:48:00,0.3638025990915139
2019-06-03 05:51:00,0.3351596186227539
2019-06-03 05:54:00,0.39935686539905646
2019-06-03 05:57:00,0.36798976014188156
2019-06-03 06:00:00,0.40619865103116126
2019-06-03 06:03:00,0.33510784453591214
2019-06-03 06:06:00,0.39530607564353204
2019-06-03 06:09:00,0.37607839223045403
2019-06-03 06:12:00,0.3594695411169937
2019-06-03 06:15:00,0.3333620505385966
2019-06-03 06:18:00,0.34866100922067744
2019-06-03 06:21:00,0.4004531692669957
2019-06-03 06:24:00,0.3616094722023604
2019-06-03 06:27:00,0.38193200471056343
2019-06-03 06:30:00,0.3869874847159167
2019-06-03 06:33:00,0.34115109639628827
2019-06-03 06:36:00,0.4090918788502904
2019-06-03 06:39:00,0.41677518748559805
2019-06-03 06:42:00,0.3712434993166198
2019-06-03 06:45:00,0.3700315247919548
2019-06-03 06:48:00,0.33652740840585693
2019-06-03 06:51:00,0.34741103919253646
2019-06-03 06:54:00,0.28547963184047376
2019-06-03 06:57:00,0.29489942298158667
2019-06-03 07:00:00,0.28266921934601896
2019-06-03 07:03:00,0.28210774200914557
2019-06-03 07:06:00,0.320333049085491
2019-06-03 07:09:00,0.3032053435657076
2019-06-03 07:12:00,0.3119070591101831
2019-06-03 07:15:00,0.38889814554971736
2019-06-03 07:18:00,0.3331642188482533
2019-06-03 07:21:00,0.4064932523970697
2019-06-03 07:24:00,0.3234137449351806
2019-06-03 07:27:00,0.4138743771209761
2019-06-03 07:30:00,0.32727064489614577
2019-06-03 07:33:00,0.3675800841209593
2019-06-03 07:36:00,0.34958950314103276
2019-06-03 07:39:00,0.29171027106991687
2019-06-03 07:42:00,0.27149873084511
2019-06-03 07:45:00,0.26204125102475473
2019-06-03 07:48:00,0.3259773228841709
2019-06-03 07:51:00,0.31156889395253984
2019-06-03 07:54:00,0.24498158116807645
2019-06-03 07:57:00,0.25276038332867756
2019-06-03 08:00:00,0.3620873303790404
2019-06-03 08:03:00,0.3009293902046011
2019-06-03 08:06:00,0.3550745415212191
2019-06-03 08:09:00,0.3112968606874347
2019-06-03 08:12:00,0.29029178403840206
2019-06-03 08:15:00,0.22010880567233926
2019-06-03 08:18:00,0.2709723056022426
2019-06-03 08:21:00,0.2511002658021084
2019-06-03 08:24:00,0.219877111399569
2019-06-03 08:27:00,0.18718547229082105
2019-06-03 08:30:00,0.2246453898596883
2019-06-03 08:33:00,0.19473562409353917
2019-06-03 08:36:00,0.18153862240637864
2019-06-03 08:39:00,0.20886348246307307
2019-06-03 08:42:00,0.2530279100757866
2019-06-03 08:45:00,0.14080673865964854
2019-06-03 08:48:00,0.1499887952573431
2019-06-03 08:51:00,0.1830820519541021
2019-06-03 08:54:00,0.10615673366919509
2019-06-03 08:57:00,0.15037161085723483
2019-06-03 09:00:00,0.07161878992855009
2019-06-03 09:03:00,0.09554941180749665
2019-06-03 09:06:00,0.014628788088884903
2019-06-03 09:09:00,0.15933391607580916
2019-06-03 09:12:00,0.07284013260925803
2019-06-03 09:15:00,0.04014740165831654
2019-06-03 09:18:00,0.0492694725106162
2019-06-03 09:21:00,0.037453473952950844
2019-06-03 09:24:00,-0.06286543665567024
2019-06-03 09:27:00,0.07016406242769335
2019-06-03 09:30:00,0.0826791993120537
2019-06-03 09:33:00,0.0069243373456515656
2019-06-03 09:36:00,0.061150718733699705
2019-06-03 09:39:00,-0.05635172250214282
2019-06-03 09:42:00,-0.06866927804236411
2019-06-03 09:45:00,-0.06698575567509124
2019-06-03 09:48:00,-0.0528543817771947
2019-06-03 09:51:00,-0.11605056624000554
2019-06-03 09:54:00,-0.09805335229850698
2019-06-03 09:57:00,-0.13845016992740966
2019-06-03 10:00:00,-0.1072547968545905
2019-06-03 10:03:00,-0.12851989656206797
2019-06-03 10:06:00,-0.2469666350473858
2019-06-03 10:09:00,-0.16024745880116598
2019-06-03 10:12:00,-0.32149356926368
2019-06-03 10:15:00,-0.23693683130494492
2019-06-03 10:18:00,-0.30006837368620154
2019-06-03 10:21:00,-0.31087547950153294
2019-06-03 10:24:00,-0.3541651562401853
2019-06-03 10:27:00,-0.31350948571423487
2019-06-03 10:30:00,-0.44650513943474834
2019-06-03 10:33:00,-0.28162728521135705
2019-06-03 10:36:00,-0.25947949671865445
2019-06-03 10:39:00,-0.29130733236917195
2019-06-03 10:42:00,-0.355045676705231
2019-06-03 10:45:00,-0.30780078181294357
2019-06-03 10:48:00,-0.30194836095989785
2019-06-03 10:51:00,-0.409837045817369
2019-06-03 10:54:00,-0.31790366322218233
2019-06-03 10:57:00,-0.3387327177134125
2019-06-03 11:00:00,-0.3301119321866395
2019-06-03 11:03:00,-0.3875517300132856
2019-06-03 11:06:00,-0.3329731954801787
2019-06-03 11:09:00,-0.37558108343034746
2019-06-03 11:12:00,-0.46830974862018593
2019-06-03 11:15:00,-0.49130900201635086
2019-06-03 11:18:00,-0.49650565189142526
2019-06-03 11:21:00,-0.353910549487523
2019-06-03 11:24:00,-0.4413388547752106
2019-06-03 11:27:00,-0.3855336399215048
2019-06-03 11:30:00,-0.45763833907329854
2019-06-03 11:33:00,-0.6015414658211284
2019-06-03 11:36:00,-0.5112846929752095
2019-06-03 11:39:00,-0.572361299517695
2019-06-03 11:42:00,-0.455529925306962
2019-06-03 11:45:00,-0.45609607045031453
2019-06-03 11:48:00,-0.4024771809044978
2019-06-03 11:51:00,-0.4271064104106017
2019-06-03 11:54:00,-0.43634939241405846
2019-06-03 11:57:00,-0.5642166645507132
2019-06-03 12:00:00,-0.4649221654968301
2019-06-03 12:03:00,-0.5193523862514553
2019-06-03 12:06:00,-0.5119068854874627
2019-06-03 12:09:00,-0.5097547269592724
2019-06-03 12:12:00,-0.5281642953648316
2019-06-03 12:15:00,-0.5305484652674863
2019-06-03 12:18:00,-0.5049714043583435
2019-06-03 12:21:00,-0.3784179530076699
2019-06-03 12:24:00,-0.3341326648998688
2019-06-03 12:27:00,-0.3736749200944587
2019-06-03 12:30:00,-0.42736367696466004
2019-06-03 12:33:00,-0.3412638651452653
2019-06-03 12:36:00,-0.4283585609468332
2019-06-03 12:39:00,-0.4069885407413949
2019-06-03 12:42:00,-0.39536660160553083
2019-06-03 12:45:00,-0.38739401571297094
2019-06-03 12:48:00,-0.46861160145459735
2019-06-03 12:51:00,-0.4132834089088533
2019-06-03 12:54:00,-0.4472428673562945
2019-06-03 12:57:00,-0.3155962135824666
2019-06-03 13:00:00,-0.29629470736551866
2019-06-03 13:03:00,-0.12386152376177506
2019-06-03 13:06:00,-0.05319787455647429
2019-06-03 13:09:00,-0.004705560125614738
2019-06-03 13:12:00,-0.10971042335137327
2019-06-03 13:15:00,-0.16941563705745466
2019-06-03 13:18:00,-0.23319350293365915
2019-06-03 13:21:00,-0.1731405171873348
2019-06-03 13:24:00,-0.10131233190094235
2019-06-03 13:27:00,0.10345793563351435
2019-06-03 13:30:00,-0.05969928554117132
2019-06-03 13:33:00,0.08327567627134158
2019-06-03 13:36:00,-0.10074140010095789
2019-06-03 13:39:00,-0.17156430967827418
2019-06-03 13:42:00,-0.3199982169519444
2019-06-03 13:45:00,-0.5135722234626314
2019-06-03 13:48:00,-0.4347683650197496
2019-06-03 13:51:00,-0.41570085154194203
2019-06-03 13:54:00,-0.5193113306614237
2019-06-03 13:57:00,-0.4953823055180351
2019-06-03 14:00:00,-0.5831314971991333
2019-06-03 14:03:00,-0.5547226219879349
2019-06-03 14:06:00,-0.611000997615065
2019-06-03 14:09:00,-0.550622590034834
2019-06-03 14:12:00,-0.4413526627656097
2019-06-03 14:15:00,-0.5315651715725949
2019-06-03 14:18:00,-0.5764972644452087
2019-06-03 14:21:00,-0.5639522398807912
2019-06-03 14:24:00,-0.5750650630278642
2019-06-03 14:27:00,-0.4625272811050536
2019-06-03 14:30:00,-0.4442657944534858
2019-06-03 14:33:00,-0.4615255935546543
2019-06-03 14:36:00,-0.44428249277217446
2019-06-03 14:39:00,-0.42552527353541336
2019-06-03 14:42:00,-0.47369733829253846
2019-06-03 14:45:00,-0.4522026118083886
2019-06-03 14:48:00,-0.5261702568108717
2019-06-03 14:51:00,-0.584909397941658
2019-06-03 14:54:00,-0.5179139252073242
2019-06-03 14:57:00,-0.3999934498634161
2019-06-03 15:00:00,-0.5881525610744234
2019-06-03 15:03:00,-0.4508436037127126
2019-06-03 15:06:00,-0.5295812909594133
2019-06-03 15:09:00,-0.521395960450036
2019-06-03 15:12:00,-0.4819584612464496
2019-06-03 15:15:00,-0.47254015512464775
2019-06-03 15:18:00,-0.47530173516088325
2019-06-03 15:21:00,-0.5056978291688665
2019-06-03 15:24:00,-0.514097289662061
2019-06-03 15:27:00,-0.558624892843568
2019-06-03 15:30:00,-0.3525684842535952
2019-06-03 15:33:00,-0.4434891253521869
2019-06-03 15:36:00,-0.4128627973359471
2019-06-03 15:39:00,-0.3576653052647316
2019-06-03 15:42:00,-0.4743787104655439
2019-06-03 15:45:00,-0.433564744858586
2019-06-03 15:48:00,-0.34036938977521913
2019-06-03 15:51:00,-0.4289559892854413
2019-06-03 15:54:00,-0.3824873247483538
2019-06-03 15:57:00,-0.3655727293315749
2019-06-03 16:00:00,-0.380375918677089
2019-06-03 16:03:00,-0.5280697153662572
2019-06-03 16:06:00,-0.42139763125294394
2019-06-03 16:09:00,-0.3880691401679428
2019-06-03 16:12:00,-0.42026306538923563
2019-06-03 16:15:00,-0.455248272764436
2019-06-03 16:18:00,-0.4010087997590972
2019-06-03 16:21:00,-0.403914544030215
2019-06-03 16:24:00,-0.3444996096388877
2019-06-03 16:27:00,-0.49134166668079615
2019-06-03 16:30:00,-0.4933341450812918
2019-06-03 16:33:00,-0.4214311901418455
2019-06-03 16:36:00,-0.4156755403084844
2019-06-03 16:39:00,-0.4784587460296734
2019-06-03 16:42:00,-0.4339160057783715
2019-06-03 16:45:00,-0.39547952224637584
2019-06-03 16:48:00,-0.31656733134940396
2019-06-03 16:51:00,-0.3799449225742819
2019-06-03 16:54:00,-0.45926319860001286
2019-06-03 16:57:00,-0.43482995264776036
2019-06-03 17:00:00,-0.2840340058698416
2019-06-03 17:03:00,-0.33598257304447543
2019-06-03 17:06:00,-0.4167731478179917
2019-06-03 17:09:00,-0.4603093506922846
2019-06-03 17:12:00,-0.39231108455743424
2019-06-03 17:15:00,-0.38678254966214354
2019-06-03 17:18:00,-0.3131623165312476
2019-06-03 17:21:00,-0.4691417431820355
2019-06-03 17:24:00,-0.3502157582649943
2019-06-03 17:27:00,-0.35681063572087623
2019-06-03 17:30:00,-0.3529461323053624
2019-06-03 17:33:00,-0.350492969103243
2019-06-03 17:36:00,-0.36763693881130166
2019-06-03 17:39:00,-0.41361559397523706
2019-06-03 17:42:00,-0.3539056100977973
2019-06-03 17:45:00,-0.3466634796020003
2019-06-03 17:48:00,-0.38406899523818083
2019-06-03 17:51:00,-0.2934388713323415
2019-06-03 17:54:00,-0.3294178184569887
2019-06-03 17:57:00,-0.34253958901172155
2019-06-03 18:00:00,-0.363378852134872
2019-06-03 18:03:00,-0.3721050711968701
2019-06-03 18:06:00,-0.389151358629249
2019-06-03 18:09:00,-0.1824966023594925
2019-06-03 18:12:00,-0.3364768148490498
2019-06-03 18:15:00,-0.4024328814293767
2019-06-03 18:18:00,-0.2556329125813477
2019-06-03 18:21:00,-0.34934360897023
2019-06-03 18:24:00,-0.32700736260562735
2019-06-03 18:27:00,-0.2703297432722138
2019-06-03 18:30:00,-0.3440828735974151
2019-06-03 18:33:00,-0.33927952167994135
2019-06-03 18:36:00,-0.3677853814612604
2019-06-03 18:39:00,-0.3474267896569927
2019-06-03 18:42:00,-0.2607195458866727
2019-06-03 18:45:00,-0.28533400965028477
2019-06-03 18:48:00,-0.30605327977508523
2019-06-03 18:51:00,-0.3170934640955352
2019-06-03 18:54:00,-0.24226741771724392
2019-06-03 18:57:00,
2019-06-03 19:00:00,
2019-06-03 19:03:00,-0.3621090438961687
2019-06-03 19:06:00,-0.30981089736371814
2019-06-03 19:09:00,-0.31612606793925124
2019-06-03 19:12:00,-0.33548525544699714
2019-06-03 19:15:00,-0.2280987989267942
2019-06-03 19:18:00,-0.23160940330836866
2019-06-03 19:21:00,-0.1930755756205258
2019-06-03 19:24:00,-0.227057144976186
2019-06-03 19:27:00,-0.17784809689567282
2019-06-03 19:30:00,-0.237627487901932
2019-06-03 19:33:00,-0.25299256926791713
2019-06-03 19:36:00,-0.19092639130946054
2019-06-03 19:39:00,-0.18273614081141432
2019-06-03 19:42:00,-0.17479071831581905
2019-06-03 19:45:00,-0.06281578728624027
2019-06-03 19:48:00,-0.12880458607992296
2019-06-03 19:51:00,-0.19383258074356036
2019-06-03 19:54:00,-0.06488693383414557
2019-06-03 19:57:00,-0.07310341363410089
2019-06-03 20:00:00,0.036077738478695665
2019-06-03 20:03:00,-0.03160933168055635
2019-06-03 20:06:00,0.06113880584172193
2019-06-03 20:09:00,0.02528998521114545
2019-06-03 20:12:00,-0.09117783652135358
2019-06-03 20:15:00,0.027819444247029423
2019-06-03 20:18:00,0.11040736659009553
2019-06-03 20:21:00,0.006172699228784495
2019-06-03 20:24:00,0.06254076879167769
2019-06-03 20:27:00,0.144212422955718
2019-06-03 20:30:00,0.024547125049707574
2019-06-03 20:33:00,0.06668716919136841
2019-06-03 20:36:00,0.06705488442378282
2019-06-03 20:39:00,0.1136707810597386
2019-06-03 20:42:00,0.17443135341903826
2019-06-03 20:45:00,0.04692349675258356
2019-06-03 20:48:00,0.06750374771314682
2019-06-03 20:51:00,0.09099527223366977
2019-06-03 20:54:00,0.14820862086105535
2019-06-03 20:57:00,0.17853925107175428
2019-06-03 21:00:00,0.015619286576054492
2019-06-03 21:03:00,0.07200151437160685
2019-06-03 21:06:00,0.12596745885610972
2019-06-03 21:09:00,0.18987689840747635
2019-06-03 21:12:00,0.11049784267481755
2019-06-03 21:15:00,0.18400604439790413
2019-06-03 21:18:00,0.16952590102425802
2019-06-03 21:21:00,0.10977914219660079
2019-06-03 21:24:00,0.13884697473241658
2019-06-03 21:27:00,0.09998834585525174
2019-06-03 21:30:00,0.17162995611124643
2019-06-03 21:33:00,0.054817828464479135
2019-06-03 21:36:00,0.14091538649807944
2019-06-03 21:39:00,0.11413475238924775
2019-06-03 21:42:00,0.2104725221931858
2019-06-03 21:45:00,0.1805728614714326
2019-06-03 21:48:00,0.06232474295399015
2019-06-03 21:51:00,0.058170945738481805
2019-06-03 21:54:00,0.08189122438670893
2019-06-03 21:57:00,0.04389862467093053
2019-06-03 22:00:00,0.11173411348102036
2019-06-03 22:03:00,0.12692884850309838
2019-06-03 22:06:00,0.16219991466203965
2019-06-03 22:09:00,0.1426105451224089
2019-06-03 22:12:00,0.1047972876735912
2019-06-03 22:15:00,0.0568965788796163
2019-06-03 22:18:00,0.10423765510637395
2019-06-03 22:21:00,0.07809910152849397
2019-06-03 22:24:00,0.053507513549561736
2019-06-03 22:27:00,0.1858158147792892
2019-06-03 22:30:00,0.1334443478981484
2019-06-03 22:33:00,0.01359066376159035
2019-06-03 22:36:00,0.023071615803019085
2019-06-03 22:39:00,0.20457581629773358
2019-06-03 22:42:00,0.16698758794626656
2019-06-03 22:45:00,0.2016781187398351
2019-06-03 22:48:00,0.09876210864968016
2019-06-03 22:51:00,0.13925708159433725
2019-06-03 22:54:00,0.09747142173688417
2019-06-03 22:57:00,0.22426650266373827
2019-06-03 23:00:00,0.1608613023083194
2019-06-03 23:03:00,0.07219251166554841
2019-06-03 23:06:00,0.19947068439387294
2019-06-03 23:09:00,0.14144636529579202
2019-06-03 23:12:00,0.12945491893248118
2019-06-03 23:15:00,0.08661073654616303
2019-06-03 23:18:00,0.07035153687019147
2019-06-03 23:21:00,0.05531885386409385
2019-06-03 23:24:00,0.13802420705633267
2019-06-03 23:27:00,0.19335743641448744
2019-06-03 23:30:00,0.1328996334519843
2019-06-03 23:33:00,0.14491606076700236
2019-06-03 23:36:00,0.12540199213640335
2019-06-03 23:39:00,0.0911140587936643
2019-06-03 23:42:00,0.08345086556965953
2019-06-03 23:45:00,0.12862985921418613
2019-06-03 23:48:00,0.15613886420322842
2019-06-03 23:51:00,0.10752701485438365
2019-06-03 23:54:00,0.11326058850960408
2019-06-03 23:57:00,0.08430093472270528
2019-06-04 00:00:00,0.06748092821987939
2019-06-04 00:03:00,0.013012347328412943
2019-06-04 00:06:00,0.0360684879543669
2019-06-04 00:09:00,0.14027096427344077
2019-06-04 00:12:00,0.08976865872051576
2019-06-04 00:15:00,0.07772757771812167
2019-06-04 00:18:00,0.06590036980838931
2019-06-04 00:21:00,0.14668223666518543
2019-06-04 00:24:00,0.0662037610231323
2019-06-04 00:27:00,0.06358242325796937
2019-06-04 00:30:00,0.1627851345807585
2019-06-04 00:33:00,0.12322491156845672
2019-06-04 00:36:00,0.16834090878950292
2019-06-04 00:39:00,0.02982883056023411
2019-06-04 00:42:00,0.10995940302177587
2019-06-04 00:45:00,0.15515381056650313
2019-06-04 00:48:00,0.21166206591175296
2019-06-04 00:51:00,0.1553287931355385
2019-06-04 00:54:00,0.12483253154584872
2019-06-04 00:57:00,0.13484820300152478
2019-06-04 01:00:00,0.1485288287198614
2019-06-04 01:03:00,0.16818631668598982
2019-06-04 01:06:00,0.17552564135223747
2019-06-04 01:09:00,0.18761171480133498
2019-06-04 01:12:00,0.19420393672237424
2019-06-04 01:15:00,0.20487170207445615
2019-06-04 01:18:00,0.12999573150807464
2019-06-04 01:21:00,0.16490998569872772
2019-06-04 01:24:00,0.08916027602498389
2019-06-04 01:27:00,0.20572591730552858
2019-06-04 01:30:00,0.1915157621389767
2019-06-04 01:33:00,0.19535254073008446
2019-06-04 01:36:00,0.21076349562633823
2019-06-04 01:39:00,0.2985814617044298
2019-06-04 01:42:00,0.27851497586817686
2019-06-04 01:45:00,0.2961533125770188
2019-06-04 01:48:00,0.2878694454424817
2019-06-04 01:51:00,0.2841477468456901
2019-06-04 01:54:00,0.2843104291144414
2019-06-04 01:57:00,0.35631756352006505
2019-06-04 02:00:00,0.2578709528307854
2019-06-04 02:03:00,0.3008029783813413
2019-06-04 02:06:00,0.26012742388360266
2019-06-04 02:09:00,0.2912532439028155
2019-06-04 02:12:00,0.16705895860962983
2019-06-04 02:15:00,0.2714535700948204
2019-06-04 02:18:00,0.2844267630681543
2019-06-04 02:21:00,0.3872185657539262
2019-06-04 02:24:00,0.23416282587703563
2019-06-04 02:27:00,0.23446556656443818
2019-06-04 02:30:00,0.2610673627086726
2019-06-04 02:33:00,0.2953415649990916
2019-06-04 02:36:00,0.32876141951788895
2019-06-04 02:39:00,0.2899404974738218
2019-06-04 02:42:00,0.31235135363994004
2019-06-04 02:45:00,0.25738365371137206
2019-06-04 02:48:00,0.2949026096318903
2019-06-04 02:51:00,0.31378938249366684
2019-06-04 02:54:00,0.3277536449546119
2019-06-04 02:57:00,0.3126921557437754
2019-06-04 03:00:00,0.28464589317633227
2019-06-04 03:03:00,0.37725976763044855
2019-06-04 03:06:00,0.3426367968286854
2019-06-04 03:09:00,0.4049910410433881
2019-06-04 03:12:00,0.3809219451242143
2019-06-04 03:15:00,0.33126979034614124
2019-06-04 03:18:00,0.2964773963970515
2019-06-04 03:21:00,0.3375278976343452
2019-06-04 03:24:00,0.3412657157124954
2019-06-04 03:27:00,0.39643554754741217
2019-06-04 03:30:00,0.415153668673895
2019-06-04 03:33:00,0.3871835665141816
2019-06-04 03:36:00,0.3731742762142858
2019-06-04 03:39:00,0.35857283262936335
2019-06-04 03:42:00,0.38415222447821407
2019-06-04 03:45:00,0.40369916031329467
2019-06-04 03:48:00,0.39066767887408105
2019-06-04 03:51:00,0.31972615141512506
2019-06-04 03:54:00,0.30347145549808374
2019-06-04 03:57:00,0.2711456219552133
2019-06-04 04:00:00,0.3461528556522353
2019-06-04 04:03:00,0.3019470029120157
2019-06-04 04:06:00,0.3933932497998853
2019-06-04 04:09:00,0.37411086569358076
2019-06-04 04:12:00,0.4112439804196697
2019-06-04 04:15:00,0.372577190094205
2019-06-04 04:18:00,0.36138123762685836
2019-06-04 04:21:00,0.3373556143898213
2019-06-04 04:24:00,0.38629263188255436
2019-06-04 04:27:00,0.42821460841344106
2019-06-04 04:30:00,0.39795334931790194
2019-06-04 04:33:00,0.38051119876860184
2019-06-04 04:36:00,0.3616292711920437
2019-06-04 04:39:00,0.39884656592971623
2019-06-04 04:42:00,0.38786976286371555
2019-06-04 04:45:00,0.3896138259539157
2019-06-04 04:48:00,0.4504158105609122
2019-06-04 04:51:00,0.4015061976556922
2019-06-04 04:54:00,0.3287768961357642
2019-06-04 04:57:00,0.3338328669602788
2019-06-04 05:00:00,0.3870169805074397
2019-06-04 05:03:00,0.3008635906934387
2019-06-04 05:06:00,0.28828731038748856
2019-06-04 05:09:00,0.398033652624008
2019-06-04 05:12:00,0.4296432510096224
2019-06-04 05:15:00,0.4115216867494951
2019-06-04 05:18:00,0.347986791980361
2019-06-04 05:21:00,0.3652892532302303
2019-06-04 05:24:00,0.3636091189949866
2019-06-04 05:27:00,0.35017916219629797
2019-06-04 05:30:00,0.4183244499286616
2019-06-04 05:33:00,0.3774666892010714
2019-06-04 05:36:00,0.42536848524406423
2019-06-04 05:39:00,0.39089936839167194
2019-06-04 05:42:00,0.3955310738135722
2019-06-04 05:45:00,0.4468058015926317
2019-06-04 05:48:00,0.40562033659983854
2019-06-04 05:51:00,0.42549150412452263
2019-06-04 05:54:00,0.34327214173686116
2019-06-04 05:57:00,0.2708434630908414
2019-06-04 06:00:00,0.3866663593857993
2019-06-04 06:03:00,0.41699635461299067
2019-06-04 06:06:00,0.38471673734011347
2019-06-04 06:09:00,0.4532729288287669
2019-06-04 06:12:00,0.36986903850271347
2019-06-04 06:15:00,0.45009904369226206
2019-06-04 06:18:00,0.44623552965640556
2019-06-04 06:21:00,0.4524036603627337
2019-06-04 06:24:00,0.4443151599571138
2019-06-04 06:27:00,0.41637359324545287
2019-06-04 06:30:00,0.48096718520019976
2019-06-04 06:33:00,0.39664098985747387
2019-06-04 06:36:00,0.4157085640102878
2019-06-04 06:39:00,0.35711635021698385
2019-06-04 06:42:00,0.4914452374874827
2019-06-04 06:45:00,0.3937400538381439
2019-06-04 06:48:00,0.4376481365516156
2019-06-04 06:51:00,0.42259081147454935
2019-06-04 06:54:00,0.470038739923325
2019-06-04 06:57:00,0.5248871928071139
2019-06-04 07:00:00,0.45182410612881085
2019-06-04 07:03:00,0.3846932894769566
2019-06-04 07:06:00,0.45559380079174616
2019-06-04 07:09:00,0.41951296516270986
2019-06-04 07:12:00,0.33693464810352225
2019-06-04 07:15:00,0.477303598489641
2019-06-04 07:18:00,0.4556884518715947
2019-06-04 07:21:00,0.3723010025479425
2019-06-04 07:24:00,0.44747350553507204
2019-06-04 07:27:00,0.42483046985057626
2019-06-04 07:30:00,0.34932709608841606
2019-06-04 07:33:00,0.4007770584488526
2019-06-04 07:36:00,0.3605243911308662
2019-06-04 07:39:00,0.3360167569449004
2019-06-04 07:42:00,0.3321640103994241
2019-06-04 07:45:00,0.39171873038469585
2019-06-04 07:48:00,0.3992724455452503
2019-06-04 07:51:00,0.3947745300557699
2019-06-04 07:54:00,0.4066653630506494
2019-06-04 07:57:00,0.3544272357071918
2019-06-04 08:00:00,0.32717547100583033
2019-06-04 08:03:00,0.2899916462134229
2019-06-04 08:06:00,0.3111631005515392
2019-06-04 08:09:00,0.3233505618667891
2019-06-04 08:12:00,0.2724232801922426
2019-06-04 08:15:00,0.2496407601133228
2019-06-04 08:18:00,0.2568090922712827
2019-06-04 08:21:00,0.24353980202164394
2019-06-04 08:24:00,0.3143403551254096
2019-06-04 08:27:00,0.2355922133709214
2019-06-04 08:30:00,0.29250858169911
2019-06-04 08:33:00,0.2467969879144789
2019-06-04 08:36:00,0.2072901688006823
2019-06-04 08:39:00,0.1840474345290204
2019-06-04 08:42:00,0.16021667617008006
2019-06-04 08:45:00,0.06568615100059105
2019-06-04 08:48:00,0.15158414920495034
2019-06-04 08:51:00,0.1578020831059348
2019-06-04 08:54:00,0.10006989774058184
2019-06-04 08:57:00,0.12890048830115575
2019-06-04 09:00:00,0.09462826856560014
2019-06-04 09:03:00,0.04816185404553153
2019-06-04 09:06:00,0.07249668393967568
2019-06-04 09:09:00,-0.02475882817100228
2019-06-04 09:12:00,-0.05663440579610324
2019-06-04 09:15:00,-0.02493126342398
2019-06-04 09:18:00,-0.11345794500198281
2019-06-04 09:21:00,-0.06099074764432544
2019-06-04 09:24:00,-0.07034521889460166
2019-06-04 09:27:00,0.041666209749848804
2019-06-04 09:30:00,-0.07052512714415116
2019-06-04 09:33:00,-0.15836803288971169
2019-06-04 09:36:00,-0.1520851280313309
2019-06-04 09:39:00,-0.12832203202475512
2019-06-04 09:42:00,-0.19465419696285835
2019-06-04 09:45:00,-0.13657079157962926
2019-06-04 09:48:00,-0.13049334339933694
2019-06-04 09:51:00,-0.15216043914284683
2019-06-04 09:54:00,-0.1999980551686349
2019-06-04 09:57:00,-0.15704114410476677
2019-06-04 10:00:00,-0.15627884912936452
2019-06-04 10:03:00,-0.038290916069854575
2019-06-04 10:06:00,-0.22041371584583658
2019-06-04 10:09:00,-0.2404327614245858
2019-06-04 10:12:00,-0.17589663734531769
2019-06-04 10:15:00,-0.2128124032233245
2019-06-04 10:18:00,-0.16104815639380377
2019-06-04 10:21:00,-0.1358276935068261
2019-06-04 10:24:00,-0.11003926628995941
2019-06-04 10:27:00,-0.24405273145845285
2019-06-04 10:30:00,-0.31172062461604355
2019-06-04 10:33:00,-0.3173646451191985
2019-06-04 10:36:00,-0.1639723835559721
2019-06-04 10:39:00,-0.21093645956483442
2019-06-04 10:42:00,-0.21638922724605436
2019-06-04 10:45:00,-0.2860521388967072
2019-06-04 10:48:00,-0.15962667296338395
2019-06-04 10:51:00,-0.2047600275192849
2019-06-04 10:54:00,-0.29029509232930195
2019-06-04 10:57:00,-0.2349175143437492
2019-06-04 11:00:00,-0.2511317056244593
2019-06-04 11:03:00,-0.284698473685296
2019-06-04 11:06:00,-0.13666949907718617
2019-06-04 11:09:00,-0.26575330899902383
2019-06-04 11:12:00,-0.22130400845333043
2019-06-04 11:15:00,-0.39386679683843795
2019-06-04 11:18:00,-0.3496960513332965
2019-06-04 11:21:00,-0.3298351503854633
2019-06-04 11:24:00,-0.3325106255842343
2019-06-04 11:27:00,-0.3240746914608508
2019-06-04 11:30:00,-0.3341545144544398
2019-06-04 11:33:00,-0.37179471949878007
2019-06-04 11:36:00,-0.33145878854446664
2019-06-04 11:39:00,-0.3978919113375241
2019-06-04 11:42:00,-0.3489613517509724
2019-06-04 11:45:00,-0.28244495276470616
2019-06-04 11:48:00,-0.38413185142536577
2019-06-04 11:51:00,-0.3834965746144121
2019-06-04 11:54:00,-0.4172002557014025
2019-06-04 11:57:00,-0.41806671109776516
2019-06-04 12:00:00,-0.3843958369135976
2019-06-04 12:03:00,-0.2745654954694601
2019-06-04 12:06:00,-0.48909020493135813
2019-06-04 12:09:00,-0.38805418469718234
2019-06-04 12:12:00,-0.3063975564830912
2019-06-04 12:15:00,-0.44769802941868875
2019-06-04 12:18:00,-0.2847138513906202
2019-06-04 12:21:00,-0.44678662609464936
2019-06-04 12:24:00,-0.39143398939052076
2019-06-04 12:27:00,-0.4580749260916832
2019-06-04 12:30:00,-0.3825280341898747
2019-06-04 12:33:00,-0.3861017935612381
2019-06-04 12:36:00,-0.42603318165453175
2019-06-04 12:39:00,-0.30108806652401654
2019-06-04 12:42:00,-0.4454210621452148
2019-06-04 12:45:00,-0.3356019826351826
2019-06-04 12:48:00,-0.3137534194891032
2019-06-04 12:51:00,-0.35018672149385566
2019-06-04 12:54:00,-0.4026679298885938
2019-06-04 12:57:00,-0.3975361975138867
2019-06-04 13:00:00,-0.4884856379232474
2019-06-04 13:03:00,-0.48026895543176806
2019-06-04 13:06:00,-0.47871476135458124
2019-06-04 13:09:00,-0.28156805594579737
2019-06-04 13:12:00,-0.3770182329348586
2019-06-04 13:15:00,-0.4703892643817653
2019-06-04 13:18:00,-0.4216691781083455
2019-06-04 13:21:00,-0.518628360528453
2019-06-04 13:24:00,-0.46892380171618697
2019-06-04 13:27:00,-0.3937345546934239
2019-06-04 13:30:00,-0.36946732617894895
2019-06-04 13:33:00,-0.5068774429136624
2019-06-04 13:36:00,-0.27987393210901246
2019-06-04 13:39:00,-0.4295655926323434
2019-06-04 13:42:00,-0.5150604696741539
2019-06-04 13:45:00,-0.3908149486256889
2019-06-04 13:48:00,-0.5204600600719687
2019-06-04 13:51:00,-0.5109839524977815
2019-06-04 13:54:00,-0.42067400761703766
2019-06-04 13:57:00,-0.4465374136496507
2019-06-04 14:00:00,-0.4615643992449918
2019-06-04 14:03:00,-0.5571146535363027
2019-06-04 14:06:00,-0.5892543112621524
2019-06-04 14:09:00,-0.5024886040423553
2019-06-04 14:12:00,-0.5499163728674716
2019-06-04 14:15:00,-0.5656241277947629
2019-06-04 14:18:00,-0.4589318186890523
2019-06-04 14:21:00,-0.47880956884722536
2019-06-04 14:24:00,-0.3521344005455944
2019-06-04 14:27:00,-0.363382169327906
2019-06-04 14:30:00,-0.1654252951423132
2019-06-04 14:33:00,-0.202979345837889
2019-06-04 14:36:00,-0.19204071774476006
2019-06-04 14:39:00,-0.19982825325541853
2019-06-04 14:42:00,-0.2993754139981206
2019-06-04 14:45:00,-0.45761548080997727
2019-06-04 14:48:00,-0.48925562622571306
2019-06-04 14:51:00,-0.4726959889829345
2019-06-04 14:54:00,-0.5356273846484783
2019-06-04 14:57:00,-0.6129927594280389
2019-06-04 15:00:00,-0.5046408689698296
2019-06-04 15:03:00,-0.4803793948477164
2019-06-04 15:06:00,-0.6364787551351014
2019-06-04 15:09:00,-0.4740319418808667
2019-06-04 15:12:00,-0.5171996024547525
2019-06-04 15:15:00,-0.46926636547692624
2019-06-04 15:18:00,-0.5196120216999134
2019-06-04 15:21:00,-0.6064844264730596
2019-06-04 15:24:00,-0.6053343739311003
2019-06-04 15:27:00,-0.5695469500744821
2019-06-04 15:30:00,-0.5038151780080966
2019-06-04 15:33:00,-0.45703317575203073
2019-06-04 15:36:00,-0.4666260208645667
2019-06-04 15:39:00,-0.5233351485995286
2019-06-04 15:42:00,-0.532021426104393
2019-06-04 15:45:00,-0.5376133180486704
2019-06-04 15:48:00,-0.42743293530998017
2019-06-04 15:51:00,-0.46744941250346983
2019-06-04 15:54:00,-0.5480938180457429
2019-06-04 15:57:00,-0.5099308449889577
2019-06-04 16:00:00,-0.4511984263950808
2019-06-04 16:03:00,-0.3990704257805646
2019-06-04 16:06:00,-0.5350536127442069
2019-06-04 16:09:00,-0.5106334685821139
2019-06-04 16:12:00,-0.5624089285491891
2019-06-04 16:15:00,-0.4559485762070494
2019-06-04 16:18:00,-0.4938376075160136
2019-06-04 16:21:00,-0.5045745467621714
2019-06-04 16:24:00,-0.451470610179058
2019-06-04 16:27:00,-0.6119418720841736
2019-06-04 16:30:00,-0.5581768077179845
2019-06-04 16:33:00,-0.4754554207781325
2019-06-04 16:36:00,-0.5229147754345718
2019-06-04 16:39:00,-0.5630477092249748
2019-06-04 16:42:00,-0.46246339498208044
2019-06-04 16:45:00,-0.4961740406591275
2019-06-04 16:48:00,-0.5097263871556379
2019-06-04 16:51:00,-0.5347273858324115
2019-06-04 16:54:00,-0.6156347707361078
2019-06-04 16:57:00,-0.5674801083847569
2019-06-04 17:00:00,-0.5368428118662791
2019-06-04 17:03:00,-0.520080406974273
2019-06-04 17:06:00,-0.5108901775195704
2019-06-04 17:09:00,-0.5832962976783733
2019-06-04 17:12:00,-0.5355897827526519
2019-06-04 17:15:00,-0.5396524636847744
2019-06-04 17:18:00,-0.5621910664677898
2019-06-04 17:21:00,-0.497688914704554
2019-06-04 17:24:00,-0.5575271340265999
2019-06-04 17:27:00,-0.47849135316835145
2019-06-04 17:30:00,-0.47322240902809654
2019-06-04 17:33:00,-0.4896007900829318
2019-06-04 17:36:00,-0.4523153360770493
2019-06-04 17:39:00,-0.49457748495223086
2019-06-04 17:42:00,-0.5198955894801429
2019-06-04 17:45:00,-0.4751627004637271
2019-06-04 17:48:00,-0.45984954453649607
2019-06-04 17:51:00,-0.47449952090283887
2019-06-04 17:54:00,-0.31517830110203704
2019-06-04 17:57:00,-0.5399692926694684
2019-06-04 18:00:00,-0.5050088635867951
2019-06-04 18:03:00,-0.496758868597567
2019-06-04 18:06:00,-0.5287861152505116
2019-06-04 18:09:00,-0.41194930358199144
2019-06-04 18:12:00,-0.4646232966501884
2019-06-04 18:15:00,-0.5537305674243953
2019-06-04 18:18:00,-0.4364249058570522
2019-06-04 18:21:00,-0.4495340964077741
2019-06-04 18:24:00,-0.510943773704355
2019-06-04 18:27:00,-0.43346857069764155
2019-06-04 18:30:00,-0.49001345137799035
2019-06-04 18:33:00,-0.4069066818241822
2019-06-04 18:36:00,-0.3879237234862103
2019-06-04 18:39:00,-0.4334293704590664
2019-06-04 18:42:00,-0.3043141874524622
2019-06-04 18:45:00,-0.30445449963411875
2019-06-04 18:48:00,-0.3342563963810221
2019-06-04 18:51:00,-0.25469817117908633
2019-06-04 18:54:00,
2019-06-04 18:57:00,
2019-06-04 19:00:00,
2019-06-04 19:03:00,-0.25454124679174583
2019-06-04 19:06:00,-0.1951706946806553
2019-06-04 19:09:00,-0.24931456842273292
2019-06-04 19:12:00,-0.2660380800598432
2019-06-04 19:15:00,-0.17014225547023898
2019-06-04 19:18:00,-0.24834945575497613
2019-06-04 19:21:00,-0.2613477228014176
2019-06-04 19:24:00,-0.21056237307249148
2019-06-04 19:27:00,-0.11714541921458022
2019-06-04 19:30:00,-0.05830019140563536
2019-06-04 19:33:00,-0.07225055585206519
2019-06-04 19:36:00,-0.09281542696146516
2019-06-04 19:39:00,-0.12076113632946317
2019-06-04 19:42:00,-0.11076640544996508
2019-06-04 19:45:00,-0.08363271765517766
2019-06-04 19:48:00,-0.13226861177253113
2019-06-04 19:51:00,-0.0233156609803018
2019-06-04 19:54:00,-0.10503575592861125
2019-06-04 19:57:00,-0.06071154226140152
2019-06-04 20:00:00,-0.08462508191968254
2019-06-04 20:03:00,-0.06422388175815286
2019-06-04 20:06:00,-0.17271344816293777
2019-06-04 20:09:00,0.03529096686236244
2019-06-04 20:12:00,-0.10137791329321999
2019-06-04 20:15:00,-0.11110428367123859
2019-06-04 20:18:00,-0.16637671660657816
2019-06-04 20:21:00,-0.1707646952097548
2019-06-04 20:24:00,-0.09493442520209783
2019-06-04 20:27:00,-0.10742347055554546
2019-06-04 20:30:00,-0.10354068670403649
2019-06-04 20:33:00,-0.1233942819483218
2019-06-04 20:36:00,-0.19745009132208224
2019-06-04 20:39:00,-0.17940341311179964
2019-06-04 20:42:00,-0.18802209390412372
2019-06-04 20:45:00,-0.08541930054428803
2019-06-04 20:48:00,-0.1582099711837941
2019-06-04 20:51:00,-0.1563170660613764
2019-06-04 20:54:00,-0.05551795597000364
2019-06-04 20:57:00,0.010618189085732865
2019-06-04 21:00:00,-0.05117248630398308
2019-06-04 21:03:00,-0.12072920741928783
2019-06-04 21:06:00,-0.06586970210685195
2019-06-04 21:09:00,-0.09098831027336018
2019-06-04 21:12:00,-0.17087572907354343
2019-06-04 21:15:00,-0.033532314666899765
2019-06-04 21:18:00,-0.10413803480662409
2019-06-04 21:21:00,-0.1635546393276286
2019-06-04 21:24:00,-0.15390572266574054
2019-06-04 21:27:00,-0.19594901830316758
2019-06-04 21:30:00,-0.042796960586827026
2019-06-04 21:33:00,-0.004125217119053559
2019-06-04 21:36:00,-0.08538766951551224
2019-06-04 21:39:00,-0.06381539901161659
2019-06-04 21:42:00,-0.10158303701354043
2019-06-04 21:45:00,-0.08841011686399725
2019-06-04 21:48:00,-0.10905766199994105
2019-06-04 21:51:00,-0.12212457635399687
2019-06-04 21:54:00,-0.03212244166422806
2019-06-04 21:57:00,-0.12018043350258267
2019-06-04 22:00:00,-0.049506021835327374
2019-06-04 22:03:00,-0.009647019269380053
2019-06-04 22:06:00,-0.037561368888418656
2019-06-04 22:09:00,0.0608581966599786
2019-06-04 22:12:00,-0.058207263662325204
2019-06-04 22:15:00,0.07276095314165332
2019-06-04 22:18:00,-0.07076936876205764
2019-06-04 22:21:00,-0.04554181484434139
2019-06-04 22:24:00,-0.02037927602424361
2019-06-04 22:27:00,-0.05498504329688103
2019-06-04 22:30:00,-0.06515234202367992
2019-06-04 22:33:00,-0.09133372601962719
2019-06-04 22:36:00,-0.10593537546367315
2019-06-04 22:39:00,0.01656345548559557
2019-06-04 22:42:00,-0.0563699560731834
2019-06-04 22:45:00,-0.04769105851221411
2019-06-04 22:48:00,-0.04404178104584844
2019-06-04 22:51:00,-0.11130241282114639
2019-06-04 22:54:00,-0.04887432514044576
2019-06-04 22:57:00,-0.05663241626115223
2019-06-04 23:00:00,-0.22531315071370273
2019-06-04 23:03:00,-0.06680702163208707
2019-06-04 23:06:00,-0.00979581011387154
2019-06-04 23:09:00,-0.007704409072744056
2019-06-04 23:12:00,-0.0659150534650621
2019-06-04 23:15:00,0.09485287744570314
2019-06-04 23:18:00,0.07516524035185057
2019-06-04 23:21:00,-0.03594734678028999
2019-06-04 23:24:00,-0.08236198969501629
2019-06-04 23:27:00,-0.09681296664223282
2019-06-04 23:30:00,0.088134481334464
2019-06-04 23:33:00,0.05293530775475119
2019-06-04 23:36:00,0.07396478431508058
2019-06-04 23:39:00,0.0572821545260922
2019-06-04 23:42:00,0.1378559881759429
2019-06-04 23:45:00,0.05972024172478996
2019-06-04 23:48:00,0.1378300403885646
2019-06-04 23:51:00,0.18505618675521873
2019-06-04 23:54:00,0.14750311637448021
2019-06-04 23:57:00,0.15416648201761518
2019-06-05 00:00:00,0.1587115920889346
2019-06-05 00:03:00,0.11398997005966294
2019-06-05 00:06:00,0.1165754839482247
2019-06-05 00:09:00,0.12297251716341862
2019-06-05 00:12:00,0.17028871081294028
2019-06-05 00:15:00,0.14507957400911664
2019-06-05 00:18:00,0.17210536963222012
2019-06-05 00:21:00,0.1656998843097881
2019-06-05 00:24:00,0.10021174094441676
2019-06-05 00:27:00,0.16728271796080207
2019-06-05 00:30:00,0.1879512259608873
2019-06-05 00:33:00,0.021139661745962712
2019-06-05 00:36:00,-0.062048315658330466
2019-06-05 00:39:00,0.019803749157688344
2019-06-05 00:42:00,0.006065485755016198
2019-06-05 00:45:00,-0.02044853919721845
2019-06-05 00:48:00,-0.11726406049757543
2019-06-05 00:51:00,0.008640184088392289
2019-06-05 00:54:00,-0.08829797437340403
2019-06-05 00:57:00,-0.0003419505571287118
2019-06-05 01:00:00,0.21100728651310874
2019-06-05 01:03:00,0.3885774753134683
2019-06-05 01:06:00,0.2488079829551566
2019-06-05 01:09:00,0.3441846781004756
2019-06-05 01:12:00,0.38264727891834127
2019-06-05 01:15:00,0.2977031008726385
2019-06-05 01:18:00,0.3651556296119338
2019-06-05 01:21:00,0.20187226455823293
2019-06-05 01:24:00,0.28290681467797185
2019-06-05 01:27:00,0.2350586807928039
2019-06-05 01:30:00,0.3323833862495462
2019-06-05 01:33:00,0.29506789403802713
2019-06-05 01:36:00,0.46749485002146685
2019-06-05 01:39:00,0.3186667291380445
2019-06-05 01:42:00,0.32646169916893086
2019-06-05 01:45:00,0.25727326368468084
2019-06-05 01:48:00,0.1315073138439402
2019-06-05 01:51:00,0.17045112655802086
2019-06-05 01:54:00,0.14054429338193586
2019-06-05 01:57:00,0.1476712074830857
2019-06-05 02:00:00,0.11357256063899968
2019-06-05 02:03:00,0.19630165782228914
2019-06-05 02:06:00,0.08153110814566844
2019-06-05 02:09:00,0.12133205643777956
2019-06-05 02:12:00,0.04997846295538011
2019-06-05 02:15:00,0.05697951342887109
2019-06-05 02:18:00,0.17505395757632414
2019-06-05 02:21:00,0.1434201415214602
2019-06-05 02:24:00,0.1806815172279812
2019-06-05 02:27:00,0.194317212857527
2019-06-05 02:30:00,0.2900600166162235
2019-06-05 02:33:00,0.1751647289149787
2019-06-05 02:36:00,0.21883774280826174
2019-06-05 02:39:00,0.14786522734027585
2019-06-05 02:42:00,0.21857453370199664
2019-06-05 02:45:00,0.15919556311649785
2019-06-05 02:48:00,0.3080429351796852
2019-06-05 02:51:00,0.23166677688783466
2019-06-05 02:54:00,0.2607760285715699
2019-06-05 02:57:00,0.24146564386342106
2019-06-05 03:00:00,0.2688359334203483
2019-06-05 03:03:00,0.2502818999125225
2019-06-05 03:06:00,0.24047156393311298
2019-06-05 03:09:00,0.2513894174446136
2019-06-05 03:12:00,0.3039802935271041
2019-06-05 03:15:00,0.28971922765128966
2019-06-05 03:18:00,0.3838313452081934
2019-06-05 03:21:00,0.3373199786188934
2019-06-05 03:24:00,0.32011059561943966
2019-06-05 03:27:00,0.3708517208108333
2019-06-05 03:30:00,0.44937124831528763
2019-06-05 03:33:00,0.28154437793324405
2019-06-05 03:36:00,0.3321697757695574
2019-06-05 03:39:00,0.29578363234651306
2019-06-05 03:42:00,0.266902678131828
2019-06-05 03:45:00,0.3668303491932079
2019-06-05 03:48:00,0.26405452723730605
2019-06-05 03:51:00,0.3123063484828208
2019-06-05 03:54:00,0.2947597857198616
2019-06-05 03:57:00,0.37862343201601334
2019-06-05 04:00:00,0.26817549626298387
2019-06-05 04:03:00,0.20359666594987402
2019-06-05 04:06:00,0.35135505717153137
2019-06-05 04:09:00,0.3940384880020815
2019-06-05 04:12:00,0.332620914076756
2019-06-05 04:15:00,0.3574023104730486
2019-06-05 04:18:00,0.3363801143120213
2019-06-05 04:21:00,0.2884990720114615
2019-06-05 04:24:00,0.31781591577879453
2019-06-05 04:27:00,0.41742394787280546
2019-06-05 04:30:00,0.30364134409029475
2019-06-05 04:33:00,0.4077835601174229
2019-06-05 04:36:00,0.344604737396196
2019-06-05 04:39:00,0.3890541889161909
2019-06-05 04:42:00,0.3034222325110818
2019-06-05 04:45:00,0.29494141613838565
2019-06-05 04:48:00,0.3915262558299446
2019-06-05 04:51:00,0.38464477188898627
2019-06-05 04:54:00,0.29259723915691893
2019-06-05 04:57:00,0.2759291674507267
2019-06-05 05:00:00,0.30913665916170885
2019-06-05 05:03:00,0.3028855475246246
2019-06-05 05:06:00,0.2778050272974042
2019-06-05 05:09:00,0.30119084413740893
2019-06-05 05:12:00,0.3781420995571807
2019-06-05 05:15:00,0.3623363920567044
2019-06-05 05:18:00,0.35946035938246723
2019-06-05 05:21:00,0.3539753145731197
2019-06-05 05:24:00,0.35773640172874366
2019-06-05 05:27:00,0.3988341921250367
2019-06-05 05:30:00,0.34260692844196683
2019-06-05 05:33:00,0.3601473294547759
2019-06-05 05:36:00,0.39714885685998524
2019-06-05 05:39:00,0.3054117353772199
2019-06-05 05:42:00,0.35525592564658837
2019-06-05 05:45:00,0.3532384863054858
2019-06-05 05:48:00,0.3581238600497727
2019-06-05 05:51:00,0.418803949993503
2019-06-05 05:54:00,0.36419301438422735
2019-06-05 05:57:00,0.42101894998603484
2019-06-05 06:00:00,0.39171036279202553
2019-06-05 06:03:00,0.42791614215946083
2019-06-05 06:06:00,0.3355697295950222
2019-06-05 06:09:00,0.3399189074320361
2019-06-05 06:12:00,0.39379110203742584
2019-06-05 06:15:00,0.35957471486324266
2019-06-05 06:18:00,0.4856750999538235
2019-06-05 06:21:00,0.3760607721395104
2019-06-05 06:24:00,0.43286098810648355
2019-06-05 06:27:00,0.4787800610057502
2019-06-05 06:30:00,0.499506430094641
2019-06-05 06:33:00,0.4090710161992206
2019-06-05 06:36:00,0.37459344373769454
2019-06-05 06:39:00,0.4759655407059995
2019-06-05 06:42:00,0.5146105192140453
2019-06-05 06:45:00,0.40775516662733935
2019-06-05 06:48:00,0.49324059417273247
2019-06-05 06:51:00,0.39489383800486166
2019-06-05 06:54:00,0.4883116463891497
2019-06-05 06:57:00,0.4290779076831086
2019-06-05 07:00:00,0.37062469855516156
2019-06-05 07:03:00,0.45874913913888804
2019-06-05 07:06:00,0.41334870177774974
2019-06-05 07:09:00,0.5184066002090049
2019-06-05 07:12:00,0.3925284056203395
2019-06-05 07:15:00,0.37684513684484955
2019-06-05 07:18:00,0.48429066411904387
2019-06-05 07:21:00,0.42836183041475806
2019-06-05 07:24:00,0.4353064295388549
2019-06-05 07:27:00,0.43729052068255214
2019-06-05 07:30:00,0.4667968458913947
2019-06-05 07:33:00,0.3579578149381746
2019-06-05 07:36:00,0.44898432746146
2019-06-05 07:39:00,0.3880941300542986
2019-06-05 07:42:00,0.3461059234114714
2019-06-05 07:45:00,0.3928383702177598
2019-06-05 07:48:00,0.41419929756335705
2019-06-05 07:51:00,0.3687236529566462
2019-06-05 07:54:00,0.37154807477520535
2019-06-05 07:57:00,0.31519040239709284
2019-06-05 08:00:00,0.3989515557809682
2019-06-05 08:03:00,0.43831304260123716
2019-06-05 08:06:00,0.2696903670162101
2019-06-05 08:09:00,0.44944982037657155
2019-06-05 08:12:00,0.40977677468544016
2019-06-05 08:15:00,0.3055132190178824
2019-06-05 08:18:00,0.3132313322232676
2019-06-05 08:21:00,0.3162178772605557
2019-06-05 08:24:00,0.3265494475933224
2019-06-05 08:27:00,0.34588797771834834
2019-06-05 08:30:00,0.2676353360677126
2019-06-05 08:33:00,0.28463464645045633
2019-06-05 08:36:00,0.31833907063804645
2019-06-05 08:39:00,0.24213080800205944
2019-06-05 08:42:00,0.25040699583462356
2019-06-05 08:45:00,0.2190725745222153
2019-06-05 08:48:00,0.1783853021316304
2019-06-05 08:51:00,0.1624309757841047
2019-06-05 08:54:00,0.20931972215703354
2019-06-05 08:57:00,0.19719820721451242
2019-06-05 09:00:00,0.135959421022676
2019-06-05 09:03:00,0.27042691153923215
2019-06-05 09:06:00,0.14071620729413326
2019-06-05 09:09:00,0.1264978892585873
2019-06-05 09:12:00,0.12198943916632743
2019-06-05 09:15:00,0.14774563855485212
2019-06-05 09:18:00,0.15852125604584444
2019-06-05 09:21:00,0.15818925591617017
2019-06-05 09:24:00,0.21759929430635339
2019-06-05 09:27:00,0.15445270920855592
2019-06-05 09:30:00,0.02329004342874441
2019-06-05 09:33:00,0.09833286091395621
2019-06-05 09:36:00,0.03567482043092696
2019-06-05 09:39:00,0.02278579733939523
2019-06-05 09:42:00,0.0007704669574195577
2019-06-05 09:45:00,-0.1469968951881242
2019-06-05 09:48:00,-0.02257014034785243
2019-06-05 09:51:00,0.07148485419816097
2019-06-05 09:54:00,-0.055290678976632535
2019-06-05 09:57:00,0.0017657859523865227
2019-06-05 10:00:00,-0.1231178237492827
2019-06-05 10:03:00,-0.11846699335899302
2019-06-05 10:06:00,-0.14110777867352908
2019-06-05 10:09:00,-0.19507793419660402
2019-06-05 10:12:00,-0.20549613067396422
2019-06-05 10:15:00,-0.11250716193410426
2019-06-05 10:18:00,-0.2034834670586747
2019-06-05 10:21:00,-0.22782566280938
2019-06-05 10:24:00,-0.19618175279202887
2019-06-05 10:27:00,-0.16424323560067933
2019-06-05 10:30:00,-0.27787377380946054
2019-06-05 10:33:00,-0.24103712156909296
2019-06-05 10:36:00,-0.40694813222853554
2019-06-05 10:39:00,-0.29413099311210544
2019-06-05 10:42:00,-0.3257504079120963
2019-06-05 10:45:00,-0.3937943774585051
2019-06-05 10:48:00,-0.35378799623202895
2019-06-05 10:51:00,-0.36334179963296265
2019-06-05 10:54:00,-0.2594619818988235
2019-06-05 10:57:00,-0.4257883731109473
2019-06-05 11:00:00,-0.3747892530827812
2019-06-05 11:03:00,-0.39330877676383125
2019-06-05 11:06:00,-0.4354732441487954
2019-06-05 11:09:00,-0.27146120283236996
2019-06-05 11:12:00,-0.4495589376414273
2019-06-05 11:15:00,-0.4595784657207673
2019-06-05 11:18:00,-0.3825133122910529
2019-06-05 11:21:00,-0.43533611396730976
2019-06-05 11:24:00,-0.4539771661399641
2019-06-05 11:27:00,-0.4027021530878869
2019-06-05 11:30:00,-0.47056119648999584
2019-06-05 11:33:00,-0.44600837712431485
2019-06-05 11:36:00,-0.39186875819751776
2019-06-05 11:39:00,-0.339637383370075
2019-06-05 11:42:00,-0.5271475553838627
2019-06-05 11:45:00,-0.41267738205078786
2019-06-05 11:48:00,-0.3368861689589835
2019-06-05 11:51:00,-0.23664514965889794
2019-06-05 11:54:00,-0.27987202478931295
2019-06-05 11:57:00,-0.07621655768906521
2019-06-05 12:00:00,-0.2047820304839547
2019-06-05 12:03:00,-0.25713906006791376
2019-06-05 12:06:00,-0.12001035752098232
2019-06-05 12:09:00,-0.21802057313828982
2019-06-05 12:12:00,-0.3668038882764222
2019-06-05 12:15:00,-0.3878980960313356
2019-06-05 12:18:00,-0.3994169112866075
2019-06-05 12:21:00,-0.38581740435671463
2019-06-05 12:24:00,-0.44956541143801587
2019-06-05 12:27:00,-0.43455428860050915
2019-06-05 12:30:00,-0.46657581950620397
2019-06-05 12:33:00,-0.3868460124467106
2019-06-05 12:36:00,-0.2521583178771607
2019-06-05 12:39:00,-0.38556765535201976
2019-06-05 12:42:00,-0.35717160765887
2019-06-05 12:45:00,-0.2866246642226997
2019-06-05 12:48:00,-0.30904954329565726
2019-06-05 12:51:00,-0.21329698918282247
2019-06-05 12:54:00,-0.19710690452149038
2019-06-05 12:57:00,-0.19636520265578383
2019-06-05 13:00:00,-0.29109053430642007
2019-06-05 13:03:00,-0.2634884181989037
2019-06-05 13:06:00,-0.13240710114956755
2019-06-05 13:09:00,-0.19636650260133592
2019-06-05 13:12:00,-0.17171205631319708
2019-06-05 13:15:00,-0.08427609961034932
2019-06-05 13:18:00,-0.13185459543905154
2019-06-05 13:21:00,-0.04193657769974379
2019-06-05 13:24:00,0.06119723929163001
2019-06-05 13:27:00,0.060578297740846665
2019-06-05 13:30:00,-0.02919263369363989
2019-06-05 13:33:00,-0.038899097908711155
2019-06-05 13:36:00,-0.02048714910591798
2019-06-05 13:39:00,-0.03861376803911298
2019-06-05 13:42:00,0.1437893964866248
2019-06-05 13:45:00,0.05367154515107586
2019-06-05 13:48:00,0.07925962596300451
2019-06-05 13:51:00,0.08075651596658417
2019-06-05 13:54:00,0.07843999624975595
2019-06-05 13:57:00,0.10435002550912031
2019-06-05 14:00:00,0.18439051356585878
2019-06-05 14:03:00,0.10224634749602046
2019-06-05 14:06:00,0.2751228159695529
2019-06-05 14:09:00,0.41882190434375843
2019-06-05 14:12:00,0.30587372093532395
2019-06-05 14:15:00,0.3427976771255885
2019-06-05 14:18:00,0.30337122714826137
2019-06-05 14:21:00,0.21575330759463895
2019-06-05 14:24:00,-0.14868880482168834
2019-06-05 14:27:00,-0.1302902971505091
2019-06-05 14:30:00,-0.09838238065520954
2019-06-05 14:33:00,-0.06740384464529825
2019-06-05 14:36:00,-0.08622501208179756
2019-06-05 14:39:00,0.042527412424192335
2019-06-05 14:42:00,0.0763304782848877
2019-06-05 14:45:00,0.13961455085814123
2019-06-05 14:48:00,0.1764782648693881
2019-06-05 14:51:00,0.1751213019430793
2019-06-05 14:54:00,0.2048963629907803
2019-06-05 14:57:00,0.2501081387414956
2019-06-05 15:00:00,0.22833780158026684
2019-06-05 15:03:00,0.11565620674667798
2019-06-05 15:06:00,0.14180875556212413
2019-06-05 15:09:00,0.22189684560038359
2019-06-05 15:12:00,0.09876896154457881
2019-06-05 15:15:00,0.1858202940327942
2019-06-05 15:18:00,0.12522019418020136
2019-06-05 15:21:00,0.09521055032911363
2019-06-05 15:24:00,0.07101941389583999
2019-06-05 15:27:00,0.20620627331572905
2019-06-05 15:30:00,0.11808940788841937
2019-06-05 15:33:00,0.0799730069068687
2019-06-05 15:36:00,0.10845912089314425
2019-06-05 15:39:00,0.10720834471419494
2019-06-05 15:42:00,0.13488395989446644
2019-06-05 15:45:00,0.06470095537991938
2019-06-05 15:48:00,0.12000284526067162
2019-06-05 15:51:00,0.017674563067771487
2019-06-05 15:54:00,0.1325308718736551
2019-06-05 15:57:00,0.05903771566380556
2019-06-05 16:00:00,-0.012539431204913853
2019-06-05 16:03:00,0.018212910178363018
2019-06-05 16:06:00,0.08357563789854794
2019-06-05 16:09:00,0.05726774619876096
2019-06-05 16:12:00,0.08040238622839979
2019-06-05 16:15:00,0.05123974839290213
2019-06-05 16:18:00,0.019899393599189352
2019-06-05 16:21:00,0.12825414075950903
2019-06-05 16:24:00,0.1151211148397806
2019-06-05 16:27:00,0.02813223343309801
2019-06-05 16:30:00,0.04707994517366387
2019-06-05 16:33:00,0.08108518965593703
2019-06-05 16:36:00,0.20601011123272883
2019-06-05 16:39:00,0.15520304005684693
2019-06-05 16:42:00,0.11613021573197102
2019-06-05 16:45:00,0.10957839117224921
2019-06-05 16:48:00,0.10598565164860929
2019-06-05 16:51:00,0.13295340162289904
2019-06-05 16:54:00,0.10219502131371883
2019-06-05 16:57:00,0.03582081028241646
2019-06-05 17:00:00,-0.02247699038190376
2019-06-05 17:03:00,0.07783508671570871
2019-06-05 17:06:00,0.08139539383648753
2019-06-05 17:09:00,0.08477287924375787
2019-06-05 17:12:00,0.0937743001728677
2019-06-05 17:15:00,0.08252581446464546
2019-06-05 17:18:00,0.11223101826476523
2019-06-05 17:21:00,0.10124368351813473
2019-06-05 17:24:00,0.08223259910346314
2019-06-05 17:27:00,0.028435744025387066
2019-06-05 17:30:00,0.03199327591710244
2019-06-05 17:33:00,0.02026142383340357
2019-06-05 17:36:00,0.009119392786658409
2019-06-05 17:39:00,-0.023426621865098696
2019-06-05 17:42:00,0.004952755584724855
2019-06-05 17:45:00,-0.06419280395164151
2019-06-05 17:48:00,-0.0817555423225258
2019-06-05 17:51:00,0.021990767153397428
2019-06-05 17:54:00,-0.01892669190885954
2019-06-05 17:57:00,-0.07638118123162485
2019-06-05 18:00:00,-0.05480674631422744
2019-06-05 18:03:00,-0.06983401899378805
2019-06-05 18:06:00,-0.07904290153953752
2019-06-05 18:09:00,-0.09274512381853128
2019-06-05 18:12:00,-0.062315734943240386
2019-06-05 18:15:00,-0.11846535511040202
2019-06-05 18:18:00,-0.07943507442996633
2019-06-05 18:21:00,-0.13491472382764869
2019-06-05 18:24:00,-0.10222019947855188
2019-06-05 18:27:00,-0.07034383517071774
2019-06-05 18:30:00,-0.04565883435708429
2019-06-05 18:33:00,-0.07071813319845432
2019-06-05 18:36:00,-0.12217464504669806
2019-06-05 18:39:00,-0.18168012769314146
2019-06-05 18:42:00,-0.22807694173053505
2019-06-05 18:45:00,-0.17467645798888043
2019-06-05 18:48:00,-0.12283661572814708
2019-06-05 18:51:00,-0.16154973104534065
2019-06-05 18:54:00,
2019-06-05 18:57:00,
2019-06-05 19:00:00,
2019-06-05 19:03:00,-0.16823095301640478
2019-06-05 19:06:00,-0.12455294097276237
2019-06-05 19:09:00,-0.1649058353901296
2019-06-05 19:12:00,-0.14352850399910722
2019-06-05 19:15:00,-0.06379984554473594
2019-06-05 19:18:00,0.0024743800349824596
2019-06-05 19:21:00,-0.06422619444623479
2019-06-05 19:24:00,-0.04364161801612454
2019-06-05 19:27:00,-0.029639470448785232
2019-06-05 19:30:00,-0.022918933159076005
2019-06-05 19:33:00,-0.007595074177459082
2019-06-05 19:36:00,-0.023170973061326094
2019-06-05 19:39:00,-0.033938410450048195
2019-06-05 19:42:00,0.016603246999238763
2019-06-05 19:45:00,0.0017025263585424
2019-06-05 19:48:00,0.03727452045461632
2019-06-05 19:51:00,-0.001987210462971234
2019-06-05 19:54:00,0.03562141774682459
2019-06-05 19:57:00,0.03310798474848298
2019-06-05 20:00:00,0.0019981329050438035
2019-06-05 20:03:00,0.033565179103220544
2019-06-05 20:06:00,0.03961060947875694
2019-06-05 20:09:00,0.06524311219823176
2019-06-05 20:12:00,-0.030281591416610354
2019-06-05 20:15:00,-0.04569945499139294
2019-06-05 20:18:00,0.03615992550442115
2019-06-05 20:21:00,0.007918752586931532
2019-06-05 20:24:00,0.06173784636769142
2019-06-05 20:27:00,-0.044510615108947604
2019-06-05 20:30:00,-0.021232815620521706
2019-06-05 20:33:00,0.04460301154517765
2019-06-05 20:36:00,0.16482595908883013
2019-06-05 20:39:00,-0.01875652470840805
2019-06-05 20:42:00,0.10233793504738742
2019-06-05 20:45:00,0.11218741215952832
2019-06-05 20:48:00,0.0772776763955676
2019-06-05 20:51:00,0.15974944246124778
2019-06-05 20:54:00,0.07694607746446991
2019-06-05 20:57:00,0.03663211852790482
2019-06-05 21:00:00,-0.013343017755062192
2019-06-05 21:03:00,0.03369741745103738
2019-06-05 21:06:00,0.009065589912609084
2019-06-05 21:09:00,0.11203817636078384
2019-06-05 21:12:00,0.04163251372881405
2019-06-05 21:15:00,0.1374414228466776
2019-06-05 21:18:00,-0.016177492450083264
2019-06-05 21:21:00,0.14235562974175764
2019-06-05 21:24:00,0.12993750697495443
2019-06-05 21:27:00,0.033158545622313795
2019-06-05 21:30:00,0.1299093681466843
2019-06-05 21:33:00,0.12428527097728193
2019-06-05 21:36:00,0.13066722248169071
2019-06-05 21:39:00,0.058265213550726
2019-06-05 21:42:00,0.1956852582310944
2019-06-05 21:45:00,0.12289283304778564
2019-06-05 21:48:00,0.1310471488915823
2019-06-05 21:51:00,0.2801897563661555
2019-06-05 21:54:00,0.37087438119220906
2019-06-05 21:57:00,0.31845289277106303
2019-06-05 22:00:00,0.4463358593737894
2019-06-05 22:03:00,0.39392430727156125
2019-06-05 22:06:00,0.3322164144515227
2019-06-05 22:09:00,0.25000117709845426
2019-06-05 22:12:00,0.18155616741671565
2019-06-05 22:15:00,0.14606301645477515
2019-06-05 22:18:00,0.1019220761971269
2019-06-05 22:21:00,0.11356160109374969
2019-06-05 22:24:00,0.2178405177818945
2019-06-05 22:27:00,0.16537303622192212
2019-06-05 22:30:00,0.1749496441934184
2019-06-05 22:33:00,0.08303294008067041
2019-06-05 22:36:00,0.034984828711060345
2019-06-05 22:39:00,0.06435451937511516
2019-06-05 22:42:00,0.07854958525945221
2019-06-05 22:45:00,0.06426816441796745
2019-06-05 22:48:00,0.10353082933283986
2019-06-05 22:51:00,0.16211309580199895
2019-06-05 22:54:00,0.1329316298727008
2019-06-05 22:57:00,0.048096611626306185
2019-06-05 23:00:00,0.028490342718669126
2019-06-05 23:03:00,0.11868618302463574
2019-06-05 23:06:00,0.1054865267856826
2019-06-05 23:09:00,0.11497332658001369
2019-06-05 23:12:00,0.0555996721319616
2019-06-05 23:15:00,0.1145820697158797
2019-06-05 23:18:00,0.17282936122296633
2019-06-05 23:21:00,0.07564715084123463
2019-06-05 23:24:00,0.11031357322929125
2019-06-05 23:27:00,0.08713777350345708
2019-06-05 23:30:00,0.12560413076028
2019-06-05 23:33:00,0.15157083607107324
2019-06-05 23:36:00,0.22523346320770088
2019-06-05 23:39:00,0.14876977105478773
2019-06-05 23:42:00,0.15904591188262884
2019-06-05 23:45:00,0.02962423237022449
2019-06-05 23:48:00,0.08035984101030635
2019-06-05 23:51:00,0.09283498391380363
2019-06-05 23:54:00,0.16837038502563928
2019-06-05 23:57:00,0.05407997163587197
2019-06-06 00:00:00,0.07981335841407144
2019-06-06 00:03:00,0.212981226218119
2019-06-06 00:06:00,0.1298131706483332
2019-06-06 00:09:00,0.19349813267217542
2019-06-06 00:12:00,0.18931402838143185
2019-06-06 00:15:00,0.24671985203264057
2019-06-06 00:18:00,0.13482189522909493
2019-06-06 00:21:00,0.10097924168616146
2019-06-06 00:24:00,0.10015956637784029
2019-06-06 00:27:00,0.06525077064549123
2019-06-06 00:30:00,0.05560717328529563
2019-06-06 00:33:00,0.1399161104563973
2019-06-06 00:36:00,0.05046469591843561
2019-06-06 00:39:00,0.1382284123926638
2019-06-06 00:42:00,0.12782973949157395
2019-06-06 00:45:00,0.18136337420901327
2019-06-06 00:48:00,0.22297171023853934
2019-06-06 00:51:00,-0.006701189722321033
2019-06-06 00:54:00,0.1505544904424596
2019-06-06 00:57:00,0.17941463482878817
2019-06-06 01:00:00,0.0936233565567477
2019-06-06 01:03:00,0.15815865820189856
2019-06-06 01:06:00,0.2283190682521763
2019-06-06 01:09:00,0.13281463870566768
2019-06-06 01:12:00,0.23540083707149506
2019-06-06 01:15:00,0.31691986701309816
2019-06-06 01:18:00,0.18169849281878214
2019-06-06 01:21:00,0.19370084843347968
2019-06-06 01:24:00,0.16698727917969336
2019-06-06 01:27:00,0.14826479681971705
2019-06-06 01:30:00,0.1924938424009497
2019-06-06 01:33:00,0.28839186404076145
2019-06-06 01:36:00,0.18340138032709774
2019-06-06 01:39:00,0.1218442914103548
2019-06-06 01:42:00,0.21846142698143467
2019-06-06 01:45:00,0.1768008200242548
2019-06-06 01:48:00,0.2174155365603383
2019-06-06 01:51:00,0.20832624510683218
2019-06-06 01:54:00,0.1615535001416788
2019-06-06 01:57:00,0.2985818762110739
2019-06-06 02:00:00,0.2980596585910007
2019-06-06 02:03:00,0.23253763251324244
2019-06-06 02:06:00,0.19822380018746344
2019-06-06 02:09:00,0.1355544117517411
2019-06-06 02:12:00,0.2752624365676297
2019-06-06 02:15:00,0.1570629155340839
2019-06-06 02:18:00,0.19506825395484384
2019-06-06 02:21:00,0.157190519106166
2019-06-06 02:24:00,0.29482000042003165
2019-06-06 02:27:00,0.275846823201789
2019-06-06 02:30:00,0.2030303297318028
2019-06-06 02:33:00,0.15484094030915685
2019-06-06 02:36:00,0.20594722070808302
2019-06-06 02:39:00,0.28038362073993994
2019-06-06 02:42:00,0.24987256939607505
2019-06-06 02:45:00,0.2856547397639133
2019-06-06 02:48:00,0.28128292270190514
2019-06-06 02:51:00,0.27409857761563217
2019-06-06 02:54:00,0.21627921111917203
2019-06-06 02:57:00,0.2701307736606964
2019-06-06 03:00:00,0.2916006354691376
2019-06-06 03:03:00,0.28259035969267643
2019-06-06 03:06:00,0.28485416142558506
2019-06-06 03:09:00,0.24302499435339087
2019-06-06 03:12:00,0.34843696941572944
2019-06-06 03:15:00,0.3089002333800863
2019-06-06 03:18:00,0.14844157953842796
2019-06-06 03:21:00,0.26455636933201276
2019-06-06 03:24:00,0.2433417301016334
2019-06-06 03:27:00,0.2725719115969696
2019-06-06 03:30:00,0.22889864682963434
2019-06-06 03:33:00,0.24423959727113242
2019-06-06 03:36:00,0.30306199913002274
2019-06-06 03:39:00,0.27385114613451833
2019-06-06 03:42:00,0.23010053682889975
2019-06-06 03:45:00,0.22410556327076847
2019-06-06 03:48:00,0.32392148363470596
2019-06-06 03:51:00,0.2453252691341845
2019-06-06 03:54:00,0.2833706600242749
2019-06-06 03:57:00,0.30365840749237805
2019-06-06 04:00:00,0.35762821957865754
2019-06-06 04:03:00,0.27269383438743944
2019-06-06 04:06:00,0.23925884049668866
2019-06-06 04:09:00,0.2862345903442929
2019-06-06 04:12:00,0.31990573414782375
2019-06-06 04:15:00,0.3220809437711978
2019-06-06 04:18:00,0.31179852520551776
2019-06-06 04:21:00,0.3217806874300777
2019-06-06 04:24:00,0.35661725971851865
2019-06-06 04:27:00,0.3401061755238288
2019-06-06 04:30:00,0.3378613259184249
2019-06-06 04:33:00,0.30351811777552484
2019-06-06 04:36:00,0.26859623942817734
2019-06-06 04:39:00,0.34972065199588087
2019-06-06 04:42:00,0.31251263413264496
2019-06-06 04:45:00,0.3189134145112007
2019-06-06 04:48:00,0.31673827584364744
2019-06-06 04:51:00,0.303791215502315
2019-06-06 04:54:00,0.3221754542633448
2019-06-06 04:57:00,0.3334161314168682
2019-06-06 05:00:00,0.3007011413307623
2019-06-06 05:03:00,0.3440493187287643
2019-06-06 05:06:00,0.32746906864394987
2019-06-06 05:09:00,0.26456395895451124
2019-06-06 05:12:00,0.3559989187376118
2019-06-06 05:15:00,0.22965842533670866
2019-06-06 05:18:00,0.28700223644585776
2019-06-06 05:21:00,0.337557706872758
2019-06-06 05:24:00,0.34534162794454915
2019-06-06 05:27:00,0.3563447000440192
2019-06-06 05:30:00,0.24933333987468131
2019-06-06 05:33:00,0.25922126899575915
2019-06-06 05:36:00,0.370114221475319
2019-06-06 05:39:00,0.3010117036360498
2019-06-06 05:42:00,0.48410406791771265
2019-06-06 05:45:00,0.2988430572020775
2019-06-06 05:48:00,0.3630171794865191
2019-06-06 05:51:00,0.34133899546174007
2019-06-06 05:54:00,0.35542384852499254
2019-06-06 05:57:00,0.26826676812493133
2019-06-06 06:00:00,0.3076595109340019
2019-06-06 06:03:00,0.30132519234848587
2019-06-06 06:06:00,0.3850942533287025
2019-06-06 06:09:00,0.4422456351078381
2019-06-06 06:12:00,0.3764576087993987
2019-06-06 06:15:00,0.280210767925098
2019-06-06 06:18:00,0.3782457959813428
2019-06-06 06:21:00,0.3440452143878474
2019-06-06 06:24:00,0.40530006240692273
2019-06-06 06:27:00,0.38120167030064067
2019-06-06 06:30:00,0.47477304661879316
2019-06-06 06:33:00,0.4433929597440738
2019-06-06 06:36:00,0.35317154210423496
2019-06-06 06:39:00,0.3675167881219181
2019-06-06 06:42:00,0.3793620024401321
2019-06-06 06:45:00,0.3597824376123526
2019-06-06 06:48:00,0.3961175461985249
2019-06-06 06:51:00,0.38365191777882046
2019-06-06 06:54:00,0.3387978576424757
2019-06-06 06:57:00,0.3389584965589165
2019-06-06 07:00:00,0.2183816673787078
2019-06-06 07:03:00,0.3281437837020462
2019-06-06 07:06:00,0.3884982748076027
2019-06-06 07:09:00,0.42412343214078874
2019-06-06 07:12:00,0.2893003919360808
2019-06-06 07:15:00,0.25361922557760863
2019-06-06 07:18:00,0.32373669914130687
2019-06-06 07:21:00,0.20951254815014408
2019-06-06 07:24:00,0.32235088137082357
2019-06-06 07:27:00,0.2796151692370472
2019-06-06 07:30:00,0.34584703888640433
2019-06-06 07:33:00,0.2592553170627525
2019-06-06 07:36:00,0.36903006432163465
2019-06-06 07:39:00,0.32711972512515786
2019-06-06 07:42:00,0.23705869073324948
2019-06-06 07:45:00,0.321551451803316
2019-06-06 07:48:00,0.2654902754705972
2019-06-06 07:51:00,0.23865870985866877
2019-06-06 07:54:00,0.2353077164610795
2019-06-06 07:57:00,0.12307209286603893
2019-06-06 08:00:00,0.1326365394854747
2019-06-06 08:03:00,0.1995838761687878
2019-06-06 08:06:00,0.1346547565112246
2019-06-06 08:09:00,0.3103549140734003
2019-06-06 08:12:00,0.2555665144590762
2019-06-06 08:15:00,0.1679586512918263
2019-06-06 08:18:00,0.26390432904753425
2019-06-06 08:21:00,0.13473714528015535
2019-06-06 08:24:00,0.15136873047282506
2019-06-06 08:27:00,0.20238387153329995
2019-06-06 08:30:00,0.16820987264469522
2019-06-06 08:33:00,0.22372679556906405
2019-06-06 08:36:00,0.06618891205829414
2019-06-06 08:39:00,0.22820755377489377
2019-06-06 08:42:00,0.16645082183669047
2019-06-06 08:45:00,0.07377975703047923
2019-06-06 08:48:00,0.12852058330076943
2019-06-06 08:51:00,0.1553922725090615
2019-06-06 08:54:00,0.20764121224158316
2019-06-06 08:57:00,0.11837614791812712
2019-06-06 09:00:00,0.17412202111972874
2019-06-06 09:03:00,0.07574662555560963
2019-06-06 09:06:00,0.11888654527973586
2019-06-06 09:09:00,0.013765307953121919
2019-06-06 09:12:00,0.17596424578027836
2019-06-06 09:15:00,0.11323459933879576
2019-06-06 09:18:00,0.030592677325728346
2019-06-06 09:21:00,0.03464872881249903
2019-06-06 09:24:00,0.14250160688754931
2019-06-06 09:27:00,0.18631305488617045
2019-06-06 09:30:00,0.04648434306420768
2019-06-06 09:33:00,-0.007792664057603815
2019-06-06 09:36:00,-0.6319088855981931
2019-06-06 09:39:00,0.006105558632100383
2019-06-06 09:42:00,0.04834823552806711
2019-06-06 09:45:00,-0.03573102065382727
2019-06-06 09:48:00,-0.0907277430707154
2019-06-06 09:51:00,-0.11679972862378918
2019-06-06 09:54:00,-0.021722998047323472
2019-06-06 09:57:00,-0.10289208540945083
2019-06-06 10:00:00,-0.13502477704827243
2019-06-06 10:03:00,-0.07743900436861395
2019-06-06 10:06:00,-0.08681350198531845
2019-06-06 10:09:00,-0.22991749257954552
2019-06-06 10:12:00,-0.09101051346857503
2019-06-06 10:15:00,-0.09414717654834703
2019-06-06 10:18:00,-0.044192495179459
2019-06-06 10:21:00,-0.2149970808156354
2019-06-06 10:24:00,-0.1448083699353333
2019-06-06 10:27:00,-0.1971247147663462
2019-06-06 10:30:00,-0.06196650499981615
2019-06-06 10:33:00,-0.20257141735777395
2019-06-06 10:36:00,-0.24750178173496806
2019-06-06 10:39:00,-0.2478824377944875
2019-06-06 10:42:00,-0.2996148160299299
2019-06-06 10:45:00,-0.23265166538953963
2019-06-06 10:48:00,-0.22640010888591178
2019-06-06 10:51:00,-0.1741215348907872
2019-06-06 10:54:00,-0.14229890400594059
2019-06-06 10:57:00,-0.32763099248927574
2019-06-06 11:00:00,-0.21759996751211474
2019-06-06 11:03:00,-0.2456919053087745
2019-06-06 11:06:00,-0.14386782866586145
2019-06-06 11:09:00,-0.247272374958186
2019-06-06 11:12:00,-0.11190893902085008
2019-06-06 11:15:00,-0.06586406930580324
2019-06-06 11:18:00,0.0674724664961559
2019-06-06 11:21:00,0.06591496610104741
2019-06-06 11:24:00,0.16861982748906712
2019-06-06 11:27:00,0.1792763194433178
2019-06-06 11:30:00,0.16670886092231285
2019-06-06 11:33:00,0.20820116525953836
2019-06-06 11:36:00,0.3271658195960754
2019-06-06 11:39:00,0.148269323328293
2019-06-06 11:42:00,0.18625517975863204
2019-06-06 11:45:00,0.23286659394341314
2019-06-06 11:48:00,0.0885660157467214
2019-06-06 11:51:00,0.05777428956065478
2019-06-06 11:54:00,0.0019108482133560756
2019-06-06 11:57:00,-0.13618350665160506
2019-06-06 12:00:00,-0.0888692514148488
2019-06-06 12:03:00,0.16842009622990872
2019-06-06 12:06:00,0.13054315251400794
2019-06-06 12:09:00,0.21885168391531806
2019-06-06 12:12:00,0.24874560814754432
2019-06-06 12:15:00,0.1444809418060231
2019-06-06 12:18:00,-0.010401201819092876
2019-06-06 12:21:00,-0.193703101052904
2019-06-06 12:24:00,-0.18246398856200585
2019-06-06 12:27:00,-0.16055747518612407
2019-06-06 12:30:00,-0.12797368084483196
2019-06-06 12:33:00,0.08027654321227828
2019-06-06 12:36:00,0.29086579597162654
2019-06-06 12:39:00,0.22949836240246668
2019-06-06 12:42:00,0.5004707546668214
2019-06-06 12:45:00,0.567148873084875
2019-06-06 12:48:00,0.3581918346217776
2019-06-06 12:51:00,0.443205614474266
2019-06-06 12:54:00,0.5379066575384286
2019-06-06 12:57:00,0.35943405019753527
2019-06-06 13:00:00,0.5488187921217786
2019-06-06 13:03:00,0.5653765711415986
2019-06-06 13:06:00,0.5010849498900143
2019-06-06 13:09:00,0.640025480153497
2019-06-06 13:12:00,0.43223750116419524
2019-06-06 13:15:00,0.4604253346017799
2019-06-06 13:18:00,0.347788213461115
2019-06-06 13:21:00,0.26121118699171575
2019-06-06 13:24:00,0.21131905935760642
2019-06-06 13:27:00,0.1955234379923354
2019-06-06 13:30:00,0.19895099440151398
2019-06-06 13:33:00,0.325813083435321
2019-06-06 13:36:00,0.4472808975983753
2019-06-06 13:39:00,0.44883886676569773
2019-06-06 13:42:00,0.4784056258607734
2019-06-06 13:45:00,0.36731797197472815
2019-06-06 13:48:00,0.40859170249598264
2019-06-06 13:51:00,0.3902828087307739
2019-06-06 13:54:00,0.27148344378082356
2019-06-06 13:57:00,0.3414946220641468
2019-06-06 14:00:00,0.31149376524894024
2019-06-06 14:03:00,0.43023988325467144
2019-06-06 14:06:00,0.5926672040041012
2019-06-06 14:09:00,0.6254243970254834
2019-06-06 14:12:00,0.4038719140838225
2019-06-06 14:15:00,0.36757012185432814
2019-06-06 14:18:00,0.29970697437880744
2019-06-06 14:21:00,0.1828021631973229
2019-06-06 14:24:00,0.08622057770372749
2019-06-06 14:27:00,0.12120125108219781
2019-06-06 14:30:00,0.07006668077718814
2019-06-06 14:33:00,0.037316760648650416
2019-06-06 14:36:00,-0.004844565901578335
2019-06-06 14:39:00,0.2790938147841189
2019-06-06 14:42:00,0.14568552595187612
2019-06-06 14:45:00,0.02861441596314762
2019-06-06 14:48:00,0.03312299244225869
2019-06-06 14:51:00,0.11436735321183278
2019-06-06 14:54:00,0.1818738896175205
2019-06-06 14:57:00,0.1752192245209585
2019-06-06 15:00:00,0.04753598819729632
2019-06-06 15:03:00,0.06052810690920296
2019-06-06 15:06:00,-0.07186401952196775
2019-06-06 15:09:00,-0.08562234762320031
2019-06-06 15:12:00,-0.08852646575712697
2019-06-06 15:15:00,0.026119873770994673
2019-06-06 15:18:00,-0.09770010746308344
2019-06-06 15:21:00,-0.060031915892750476
2019-06-06 15:24:00,-0.12629949984665245
2019-06-06 15:27:00,-0.13334344047370905
2019-06-06 15:30:00,-0.11854066435938648
2019-06-06 15:33:00,-0.08168993561201887
2019-06-06 15:36:00,-0.1504655450199266
2019-06-06 15:39:00,-0.14982528599898615
2019-06-06 15:42:00,-0.19694907636352355
2019-06-06 15:45:00,-0.1421143500115818
2019-06-06 15:48:00,-0.16463418272780928
2019-06-06 15:51:00,-0.2827371688671292
2019-06-06 15:54:00,-0.2857714729123586
2019-06-06 15:57:00,-0.2762449149320787
2019-06-06 16:00:00,-0.2154267363686131
2019-06-06 16:03:00,-0.24530907919125866
2019-06-06 16:06:00,-0.2483573005861217
2019-06-06 16:09:00,-0.22945685521915493
2019-06-06 16:12:00,-0.15606417206322476
2019-06-06 16:15:00,0.11530756490770955
2019-06-06 16:18:00,0.18133785542971737
2019-06-06 16:21:00,0.17139461897306774
2019-06-06 16:24:00,0.14421304353237474
2019-06-06 16:27:00,-0.024862499344067146
2019-06-06 16:30:00,-0.19030251615924954
2019-06-06 16:33:00,-0.18864650638749936
2019-06-06 16:36:00,-0.15059187531596763
2019-06-06 16:39:00,-0.0731998783322183
2019-06-06 16:42:00,-0.09684027160284359
2019-06-06 16:45:00,-0.058687853577907845
2019-06-06 16:48:00,-0.04164460798864411
2019-06-06 16:51:00,-0.1431326159757873
2019-06-06 16:54:00,-0.11431473811359183
2019-06-06 16:57:00,-0.004616477014110387
2019-06-06 17:00:00,0.09564289232127976
2019-06-06 17:03:00,0.3837785213785878
2019-06-06 17:06:00,0.4471157991074506
2019-06-06 17:09:00,0.4321049904835377
2019-06-06 17:12:00,0.3537787519016433
2019-06-06 17:15:00,0.4786733673711865
2019-06-06 17:18:00,0.4357595290332483
2019-06-06 17:21:00,0.4910828992845495
2019-06-06 17:24:00,0.5859050973052717
2019-06-06 17:27:00,0.5278187578653615
2019-06-06 17:30:00,0.5142418478317268
2019-06-06 17:33:00,0.5132135294808222
2019-06-06 17:36:00,0.4568076372579526
2019-06-06 17:39:00,0.3223398270472444
2019-06-06 17:42:00,0.20442660933525758
2019-06-06 17:45:00,0.1738631485627593
2019-06-06 17:48:00,0.12568941257421784
2019-06-06 17:51:00,0.02227887726166955
2019-06-06 17:54:00,-0.024202057293393864
2019-06-06 17:57:00,0.07860840259490942
2019-06-06 18:00:00,-0.014527345663395863
2019-06-06 18:03:00,-0.03107740213147281
2019-06-06 18:06:00,-0.028408136053485578
2019-06-06 18:09:00,-0.069832634697093
2019-06-06 18:12:00,0.00418056880948825
2019-06-06 18:15:00,-0.07095663701085186
2019-06-06 18:18:00,-0.11845557304451404
2019-06-06 18:21:00,-0.11316508140652104
2019-06-06 18:24:00,-0.08270659513510736
2019-06-06 18:27:00,-0.17263602993671157
2019-06-06 18:30:00,-0.06497199029308831
2019-06-06 18:33:00,-0.11330594841223274
2019-06-06 18:36:00,-0.09996029721145305
2019-06-06 18:39:00,-0.16417847819229792
2019-06-06 18:42:00,-0.13561550124325095
2019-06-06 18:45:00,-0.07704167282639673
2019-06-06 18:48:00,-0.07952180414957866
2019-06-06 18:51:00,-0.14959439520345086
2019-06-06 18:54:00,-0.05195455317556252
2019-06-06 18:57:00,
2019-06-06 19:00:00,
2019-06-06 19:03:00,-0.11948581777312484
2019-06-06 19:06:00,-0.11830624383151189
2019-06-06 19:09:00,-0.14597069744394275
2019-06-06 19:12:00,-0.08177912387333208
2019-06-06 19:15:00,-0.0724079222909495
2019-06-06 19:18:00,-0.12220981597084801
2019-06-06 19:21:00,0.05907252755707759
2019-06-06 19:24:00,0.009432758386765272
2019-06-06 19:27:00,-0.0029907439641760902
2019-06-06 19:30:00,-0.02384602121020407
2019-06-06 19:33:00,-0.04391964697003914
2019-06-06 19:36:00,0.011444775033623955
2019-06-06 19:39:00,0.037356438031451944
2019-06-06 19:42:00,0.08257731041038596
2019-06-06 19:45:00,-0.061007910351918326
2019-06-06 19:48:00,0.08780612489340456
2019-06-06 19:51:00,0.015993794471398814
2019-06-06 19:54:00,0.12983583662946785
2019-06-06 19:57:00,0.20780671013562824
2019-06-06 20:00:00,0.04508079232715545
2019-06-06 20:03:00,0.14476764322296276
2019-06-06 20:06:00,0.046514065372946334
2019-06-06 20:09:00,-0.03397242453235094
2019-06-06 20:12:00,-0.0009101731888563336
2019-06-06 20:15:00,0.06996863380413743
2019-06-06 20:18:00,0.059127824986887845
2019-06-06 20:21:00,-0.026975554202067542
2019-06-06 20:24:00,0.10068157773446273
2019-06-06 20:27:00,0.0035098795868862
2019-06-06 20:30:00,-0.02691906504509234
2019-06-06 20:33:00,0.0171214917268685
2019-06-06 20:36:00,0.00204230986668108
2019-06-06 20:39:00,-0.010415894896766531
2019-06-06 20:42:00,-0.038118564663079724
2019-06-06 20:45:00,0.10639147963144069
2019-06-06 20:48:00,0.012192278856787198
2019-06-06 20:51:00,-0.013301027409909238
2019-06-06 20:54:00,0.05236219575112955
2019-06-06 20:57:00,0.04595238622880515
2019-06-06 21:00:00,0.02043033345518097
2019-06-06 21:03:00,0.015858439972191718
2019-06-06 21:06:00,0.08956093545668864
2019-06-06 21:09:00,0.15590519389076007
2019-06-06 21:12:00,0.0954927521536888
2019-06-06 21:15:00,0.11719184278484818
2019-06-06 21:18:00,0.17081795740040207
2019-06-06 21:21:00,0.13744100108539214
2019-06-06 21:24:00,0.17656910850496388
2019-06-06 21:27:00,0.20493707760181223
2019-06-06 21:30:00,0.18115604567049104
2019-06-06 21:33:00,0.21769110638280154
2019-06-06 21:36:00,0.045805988836718825
2019-06-06 21:39:00,0.09843154784863373
2019-06-06 21:42:00,0.061578653792594196
2019-06-06 21:45:00,0.14363484379515512
2019-06-06 21:48:00,0.13294698178691533
2019-06-06 21:51:00,0.08792469607658404
2019-06-06 21:54:00,0.1605479381748296
2019-06-06 21:57:00,0.16962854986212506
2019-06-06 22:00:00,0.1304175917834982
2019-06-06 22:03:00,0.04734641361773129
2019-06-06 22:06:00,0.12694407384412898
2019-06-06 22:09:00,0.06389229468720714
2019-06-06 22:12:00,0.04472330579761774
2019-06-06 22:15:00,0.03062356518296383
2019-06-06 22:18:00,0.04082341716417659
2019-06-06 22:21:00,0.059007936087766666
2019-06-06 22:24:00,-0.03243768026493399
2019-06-06 22:27:00,0.09741130826927247
2019-06-06 22:30:00,0.11780626631383484
2019-06-06 22:33:00,0.11681162869354011
2019-06-06 22:36:00,-0.016051770802619103
2019-06-06 22:39:00,-0.015873777152933144
2019-06-06 22:42:00,-0.060144202088906695
2019-06-06 22:45:00,0.05849207623151642
2019-06-06 22:48:00,-0.014549622705317233
2019-06-06 22:51:00,0.065439077285248
2019-06-06 22:54:00,0.06383477490783207
2019-06-06 22:57:00,0.07706911426629404
2019-06-06 23:00:00,0.06668566895024242
2019-06-06 23:03:00,0.08123275202063951
2019-06-06 23:06:00,0.09684068176341043
2019-06-06 23:09:00,0.09243522319587782
2019-06-06 23:12:00,0.10902120996593112
2019-06-06 23:15:00,0.08197569542994643
2019-06-06 23:18:00,0.09227126574836575
2019-06-06 23:21:00,0.02526234683580242
2019-06-06 23:24:00,0.12610828507729366
2019-06-06 23:27:00,0.11047184031866664
2019-06-06 23:30:00,0.10619714220638343
2019-06-06 23:33:00,0.1644307905610276
2019-06-06 23:36:00,0.22266604969524906
2019-06-06 23:39:00,0.14325652707384506
2019-06-06 23:42:00,0.16898746918576535
2019-06-06 23:45:00,0.09855344638629049
2019-06-06 23:48:00,0.11553779535915965
2019-06-06 23:51:00,0.12371795613381664
2019-06-06 23:54:00,0.22151990178628012
2019-06-06 23:57:00,0.2360293840893064
2019-06-07 00:00:00,0.35166957767080476
2019-06-07 00:03:00,0.27474609941731387
2019-06-07 00:06:00,0.24416033823064254
2019-06-07 00:09:00,0.3672221150658288
2019-06-07 00:12:00,0.2381055348283212
2019-06-07 00:15:00,0.31232679458236134
2019-06-07 00:18:00,0.1323581682988788
2019-06-07 00:21:00,0.1863436581512019
2019-06-07 00:24:00,0.13806808771010992
2019-06-07 00:27:00,0.24324707199508566
2019-06-07 00:30:00,0.09563278091866323
2019-06-07 00:33:00,0.2302501200755387
2019-06-07 00:36:00,0.20720391529636117
2019-06-07 00:39:00,0.16836604285867907
2019-06-07 00:42:00,0.15941732654880525
2019-06-07 00:45:00,0.24428086734576482
2019-06-07 00:48:00,0.34448676894021446
2019-06-07 00:51:00,0.40773722816265945
2019-06-07 00:54:00,0.5545532653395071
2019-06-07 00:57:00,0.6911909729956847
2019-06-07 01:00:00,0.733980517525481
2019-06-07 01:03:00,0.6908671990198627
2019-06-07 01:06:00,0.6659103899460206
2019-06-07 01:09:00,0.7232677370794249
2019-06-07 01:12:00,0.7192813690057278
2019-06-07 01:15:00,0.7725119720608404
2019-06-07 01:18:00,0.7355551450211806
2019-06-07 01:21:00,0.5951512667720067
2019-06-07 01:24:00,0.33010379624863617
2019-06-07 01:27:00,0.42025588517759616
2019-06-07 01:30:00,0.46697053772470554
2019-06-07 01:33:00,0.39939329587434713
2019-06-07 01:36:00,0.31786295409688137
2019-06-07 01:39:00,0.31787159458053793
2019-06-07 01:42:00,0.2806272553241911
2019-06-07 01:45:00,0.3376470011266406
2019-06-07 01:48:00,0.4386265413317574
2019-06-07 01:51:00,0.3540447449373687
2019-06-07 01:54:00,0.2699520873926531
2019-06-07 01:57:00,0.39177091280919285
2019-06-07 02:00:00,0.3229038047780932
2019-06-07 02:03:00,0.4328817140499268
2019-06-07 02:06:00,0.37955250720136746
2019-06-07 02:09:00,0.37558773912462584
2019-06-07 02:12:00,0.46219458283718495
2019-06-07 02:15:00,0.39088462362502696
2019-06-07 02:18:00,0.4815759255365606
2019-06-07 02:21:00,0.42797980777402245
2019-06-07 02:24:00,0.50434987848422
2019-06-07 02:27:00,0.49278760463590743
2019-06-07 02:30:00,0.521693110609931
2019-06-07 02:33:00,0.5357065603866431
2019-06-07 02:36:00,0.49459251124011416
2019-06-07 02:39:00,0.4733633715899259
2019-06-07 02:42:00,0.4412587097300502
2019-06-07 02:45:00,0.4976948745052141
2019-06-07 02:48:00,0.3711060274970919
2019-06-07 02:51:00,0.5223026783798446
2019-06-07 02:54:00,0.4454801393911225
2019-06-07 02:57:00,0.5672884155851534
2019-06-07 03:00:00,0.4819688743923507
2019-06-07 03:03:00,0.5515941078315336
2019-06-07 03:06:00,0.5935851753178554
2019-06-07 03:09:00,0.5960153066323528
2019-06-07 03:12:00,0.5759035833066832
2019-06-07 03:15:00,0.5854345453256542
2019-06-07 03:18:00,0.6114444091585369
2019-06-07 03:21:00,0.49338824763776756
2019-06-07 03:24:00,0.5616890175647882
2019-06-07 03:27:00,0.6114880484010428
2019-06-07 03:30:00,0.5102810310181667
2019-06-07 03:33:00,0.548689582553834
2019-06-07 03:36:00,0.4900755009719546
2019-06-07 03:39:00,0.45398961763771695
2019-06-07 03:42:00,0.5252663565659645
2019-06-07 03:45:00,0.43792621148304534
2019-06-07 03:48:00,0.4484019599984208
2019-06-07 03:51:00,0.46783789188657465
2019-06-07 03:54:00,0.45675925584612287
2019-06-07 03:57:00,0.41234318347272847
2019-06-07 04:00:00,0.40110269606401516
2019-06-07 04:03:00,0.45103847793939167
2019-06-07 04:06:00,0.3485229500493574
2019-06-07 04:09:00,0.36115366088461087
2019-06-07 04:12:00,0.34699588571572804
2019-06-07 04:15:00,0.3550176978129116
2019-06-07 04:18:00,0.3315568892336387
2019-06-07 04:21:00,0.436088524266097
2019-06-07 04:24:00,0.30915325895387014
2019-06-07 04:27:00,0.28619442535415374
2019-06-07 04:30:00,0.32601331632025676
2019-06-07 04:33:00,0.33559252437112264
2019-06-07 04:36:00,0.3832516094497578
2019-06-07 04:39:00,0.3559514957554484
2019-06-07 04:42:00,0.35982684214536675
2019-06-07 04:45:00,0.3303250961192816
2019-06-07 04:48:00,0.33453151989368735
2019-06-07 04:51:00,0.35619016777422985
2019-06-07 04:54:00,0.3454365443955112
2019-06-07 04:57:00,0.4042701832103148
2019-06-07 05:00:00,0.3947382777257644
2019-06-07 05:03:00,0.3814337420248535
2019-06-07 05:06:00,0.3695748282705722
2019-06-07 05:09:00,0.3402958796844473
2019-06-07 05:12:00,0.28518203653720775
2019-06-07 05:15:00,0.3190418686478438
2019-06-07 05:18:00,0.27558449915812844
2019-06-07 05:21:00,0.34127155142095944
2019-06-07 05:24:00,0.3998602112401386
2019-06-07 05:27:00,0.32013933953658125
2019-06-07 05:30:00,0.3373031987796935
2019-06-07 05:33:00,0.29534411576554476
2019-06-07 05:36:00,0.3156342451981118
2019-06-07 05:39:00,0.31296367466700303
2019-06-07 05:42:00,0.4443441266158743
2019-06-07 05:45:00,0.3737419975698799
2019-06-07 05:48:00,0.37185124238106937
2019-06-07 05:51:00,0.4202322365229634
2019-06-07 05:54:00,0.4411125731174934
2019-06-07 05:57:00,0.45348111078510556
2019-06-07 06:00:00,0.4132933353379258
2019-06-07 06:03:00,0.45536056339716424
2019-06-07 06:06:00,0.419332161641762
2019-06-07 06:09:00,0.4218041135235353
2019-06-07 06:12:00,0.43975457740538104
2019-06-07 06:15:00,0.4052005313633913
2019-06-07 06:18:00,0.4932473602460732
2019-06-07 06:21:00,0.4570767882645441
2019-06-07 06:24:00,0.43875510762529757
2019-06-07 06:27:00,0.41544132697902114
2019-06-07 06:30:00,0.3695673665786785
2019-06-07 06:33:00,0.4468486496238029
2019-06-07 06:36:00,0.36042332509657626
2019-06-07 06:39:00,0.5086745438100024
2019-06-07 06:42:00,0.46339225846685395
2019-06-07 06:45:00,0.31562064050422123
2019-06-07 06:48:00,0.42463862382157913
2019-06-07 06:51:00,0.4266417435933363
2019-06-07 06:54:00,0.43342767153120576
2019-06-07 06:57:00,0.4256524056822286
2019-06-07 07:00:00,0.3899475080880279
2019-06-07 07:03:00,0.461262296360303
2019-06-07 07:06:00,0.40983563193827877
2019-06-07 07:09:00,0.39296819033927477
2019-06-07 07:12:00,0.4296909407995031
2019-06-07 07:15:00,0.39729470845213655
2019-06-07 07:18:00,0.41294975203129525
2019-06-07 07:21:00,0.33282743031946893
2019-06-07 07:24:00,0.2793223785084251
2019-06-07 07:27:00,0.3781955354079969
2019-06-07 07:30:00,0.34999140405187745
2019-06-07 07:33:00,0.3617513272865267
2019-06-07 07:36:00,0.3549754062028114
2019-06-07 07:39:00,0.3992292276179228
2019-06-07 07:42:00,0.41255449487783835
2019-06-07 07:45:00,0.3352561210616045
2019-06-07 07:48:00,0.3080281564753591
2019-06-07 07:51:00,0.3808479289622255
2019-06-07 07:54:00,0.3631987670254375
2019-06-07 07:57:00,0.3138344750850024
2019-06-07 08:00:00,0.3118081611308412
2019-06-07 08:03:00,0.3584637233141734
2019-06-07 08:06:00,0.3723918671822162
2019-06-07 08:09:00,0.3361958830515164
2019-06-07 08:12:00,0.34252864453992515
2019-06-07 08:15:00,0.22598975633292184
2019-06-07 08:18:00,0.3081516249380343
2019-06-07 08:21:00,0.24167495285627183
2019-06-07 08:24:00,0.2956533115865909
2019-06-07 08:27:00,0.32269074315604485
2019-06-07 08:30:00,0.3557256892511873
2019-06-07 08:33:00,0.21586014846656099
2019-06-07 08:36:00,0.31307462968067057
2019-06-07 08:39:00,0.3039805248328662
2019-06-07 08:42:00,0.1894158933951644
2019-06-07 08:45:00,0.13109045592682378
2019-06-07 08:48:00,0.23507263348085417
2019-06-07 08:51:00,0.16852638856101976
2019-06-07 08:54:00,0.15701625223522342
2019-06-07 08:57:00,0.149008329466767
2019-06-07 09:00:00,0.2154691804805111
2019-06-07 09:03:00,0.20416984246037373
2019-06-07 09:06:00,0.19382535183865457
2019-06-07 09:09:00,0.12665471416806895
2019-06-07 09:12:00,0.2685423689381423
2019-06-07 09:15:00,0.17758195113788133
2019-06-07 09:18:00,0.19953588408873202
2019-06-07 09:21:00,0.1925512440029138
2019-06-07 09:24:00,0.10672864180708075
2019-06-07 09:27:00,0.116399087209345
2019-06-07 09:30:00,0.2110124562487954
2019-06-07 09:33:00,0.13220308140409998
2019-06-07 09:36:00,0.18392306923522028
2019-06-07 09:39:00,0.021214988646988786
2019-06-07 09:42:00,0.1642938099090543
2019-06-07 09:45:00,0.11045455154493311
2019-06-07 09:48:00,0.13321533188604917
2019-06-07 09:51:00,0.12680559595838758
2019-06-07 09:54:00,0.03391925581502164
2019-06-07 09:57:00,0.09509797790849461
2019-06-07 10:00:00,0.05322103323879901
2019-06-07 10:03:00,0.05911256238857732
2019-06-07 10:06:00,0.07008635726771217
2019-06-07 10:09:00,0.06597741534221768
2019-06-07 10:12:00,0.10696173070147097
2019-06-07 10:15:00,0.1366862656635135
2019-06-07 10:18:00,0.09825359474262996
2019-06-07 10:21:00,0.01828342466023969
2019-06-07 10:24:00,0.045216493548707604
2019-06-07 10:27:00,0.012581299711484917
2019-06-07 10:30:00,-0.00012026270263731931
2019-06-07 10:33:00,0.0005408754578297703
2019-06-07 10:36:00,0.03319367260223771
2019-06-07 10:39:00,-0.05012859272011383
2019-06-07 10:42:00,-0.008990166821263301
2019-06-07 10:45:00,-0.13666248471594145
2019-06-07 10:48:00,-0.06492060459368076
2019-06-07 10:51:00,-0.10527412425489047
2019-06-07 10:54:00,0.04838099579598065
2019-06-07 10:57:00,-0.01107272354761335
2019-06-07 11:00:00,0.07792563193225988
2019-06-07 11:03:00,0.05946266336474082
2019-06-07 11:06:00,0.0399207240163264
2019-06-07 11:09:00,0.1987526981499741
2019-06-07 11:12:00,0.19191517981897732
2019-06-07 11:15:00,0.19138475852662395
2019-06-07 11:18:00,0.14351406964379976
2019-06-07 11:21:00,0.14251917628405408
2019-06-07 11:24:00,0.12274838914714792
2019-06-07 11:27:00,0.1975263649778185
2019-06-07 11:30:00,0.19532798293732867
2019-06-07 11:33:00,0.20617222393701695
2019-06-07 11:36:00,0.15892710979454705
2019-06-07 11:39:00,0.16062434994233854
2019-06-07 11:42:00,0.1656925972731642
2019-06-07 11:45:00,0.19351429985266577
2019-06-07 11:48:00,0.07121197928591982
2019-06-07 11:51:00,0.11529512270266196
2019-06-07 11:54:00,0.19338099905161243
2019-06-07 11:57:00,0.181881415548105
2019-06-07 12:00:00,0.26499421339889295
2019-06-07 12:03:00,0.10435840952209219
2019-06-07 12:06:00,0.008577892363234696
2019-06-07 12:09:00,0.05223557662861822
2019-06-07 12:12:00,0.09862341209827719
2019-06-07 12:15:00,0.15713654825970025
2019-06-07 12:18:00,0.18534634279558304
2019-06-07 12:21:00,0.16905972998955576
2019-06-07 12:24:00,0.2025806596632833
2019-06-07 12:27:00,0.1941550495344586
2019-06-07 12:30:00,0.2304265926318294
2019-06-07 12:33:00,0.21807877028646772
2019-06-07 12:36:00,0.3184179278563306
2019-06-07 12:39:00,0.3007537222993051
2019-06-07 12:42:00,0.2171652543012783
2019-06-07 12:45:00,0.31953143694732944
2019-06-07 12:48:00,0.2618212809351803
2019-06-07 12:51:00,0.36549632624593187
2019-06-07 12:54:00,0.35656185606222834
2019-06-07 12:57:00,0.28965864446354317
2019-06-07 13:00:00,0.1829863307922892
2019-06-07 13:03:00,0.2862692219512155
2019-06-07 13:06:00,0.3281054098472964
2019-06-07 13:09:00,0.35423587768150355
2019-06-07 13:12:00,0.4251662063695676
2019-06-07 13:15:00,0.3451844383754974
2019-06-07 13:18:00,0.4047712740537577
2019-06-07 13:21:00,0.42393929918080175
2019-06-07 13:24:00,0.48875075790971323
2019-06-07 13:27:00,0.31049850200110996
2019-06-07 13:30:00,0.33812530568269494
2019-06-07 13:33:00,0.2030506729362287
2019-06-07 13:36:00,0.1483385068270877
2019-06-07 13:39:00,0.17354118297384957
2019-06-07 13:42:00,0.17306221912252795
2019-06-07 13:45:00,0.2925836367100487
2019-06-07 13:48:00,0.264966321211773
2019-06-07 13:51:00,0.2709249714628186
2019-06-07 13:54:00,0.08366934433422557
2019-06-07 13:57:00,0.12424391824202985
2019-06-07 14:00:00,0.20324069440658832
2019-06-07 14:03:00,0.23282560150340714
2019-06-07 14:06:00,0.03578808744521211
2019-06-07 14:09:00,0.17582113747312178
2019-06-07 14:12:00,0.13842845415911142
2019-06-07 14:15:00,0.09618233973969836
2019-06-07 14:18:00,0.08150794403331929
2019-06-07 14:21:00,0.045895033854435496
2019-06-07 14:24:00,0.06603840519687765
2019-06-07 14:27:00,-0.01646249449646575
2019-06-07 14:30:00,0.051842590307614955
2019-06-07 14:33:00,0.08690909797900304
2019-06-07 14:36:00,0.08917072165962736
2019-06-07 14:39:00,0.12559517088146777
2019-06-07 14:42:00,0.013528558662130763
2019-06-07 14:45:00,0.15799451567232836
2019-06-07 14:48:00,0.19806640685317234
2019-06-07 14:51:00,0.2231569623911014
2019-06-07 14:54:00,0.17137615945478046
2019-06-07 14:57:00,0.289451927649111
2019-06-07 15:00:00,0.156989980509195
2019-06-07 15:03:00,0.09268451616804896
2019-06-07 15:06:00,0.1031523826211469
2019-06-07 15:09:00,0.05504947846952746
2019-06-07 15:12:00,0.014801641736596594
2019-06-07 15:15:00,0.11247457790324233
2019-06-07 15:18:00,0.024697610806526882
2019-06-07 15:21:00,0.03167478129449819
2019-06-07 15:24:00,0.029060058696870783
2019-06-07 15:27:00,0.10528964469222046
2019-06-07 15:30:00,0.06197195212450879
2019-06-07 15:33:00,0.13052094278623372
2019-06-07 15:36:00,0.029030612749750162
2019-06-07 15:39:00,0.1300988237711067
2019-06-07 15:42:00,0.03965883715568452
2019-06-07 15:45:00,0.019081845222899574
2019-06-07 15:48:00,0.013537865181831421
2019-06-07 15:51:00,0.10510743499327191
2019-06-07 15:54:00,0.2338488238261789
2019-06-07 15:57:00,0.21754999578149636
2019-06-07 16:00:00,0.15470526056668632
2019-06-07 16:03:00,0.13785975391181182
2019-06-07 16:06:00,0.05884668241947111
2019-06-07 16:09:00,0.1198334233133096
2019-06-07 16:12:00,0.11976750954909221
2019-06-07 16:15:00,0.23204616363381092
2019-06-07 16:18:00,0.2146384301789226
2019-06-07 16:21:00,0.20924947150177786
2019-06-07 16:24:00,0.1971010424926476
2019-06-07 16:27:00,0.26658094585104664
2019-06-07 16:30:00,0.19273536960093907
2019-06-07 16:33:00,0.3553949993290644
2019-06-07 16:36:00,0.2411326033133605
2019-06-07 16:39:00,0.3000449357356274
2019-06-07 16:42:00,0.20299213406724448
2019-06-07 16:45:00,0.3138742012775424
2019-06-07 16:48:00,0.19479097045200433
2019-06-07 16:51:00,0.18641670246893227
2019-06-07 16:54:00,0.26499982285946544
2019-06-07 16:57:00,0.36114100501959
2019-06-07 17:00:00,0.2815329786270695
2019-06-07 17:03:00,0.27197643114459424
2019-06-07 17:06:00,0.25652631644146595
2019-06-07 17:09:00,0.2565952259409414
2019-06-07 17:12:00,0.3179009608300589
2019-06-07 17:15:00,0.3131060822058771
2019-06-07 17:18:00,0.23577511275362895
2019-06-07 17:21:00,0.31822557486628966
2019-06-07 17:24:00,0.363052258127027
2019-06-07 17:27:00,0.1652123889015229
2019-06-07 17:30:00,0.34150986703423314
2019-06-07 17:33:00,0.25687677436934564
2019-06-07 17:36:00,0.2419320854420448
2019-06-07 17:39:00,0.19882022045334224
2019-06-07 17:42:00,0.2056841774010536
2019-06-07 17:45:00,0.23597829279196958
2019-06-07 17:48:00,0.16965534463327003
2019-06-07 17:51:00,0.2754882922054662
2019-06-07 17:54:00,0.1272748841826683
2019-06-07 17:57:00,0.18901623372903487
2019-06-07 18:00:00,0.1060344581498498
2019-06-07 18:03:00,0.19564352209016533
2019-06-07 18:06:00,0.14149240265180651
2019-06-07 18:09:00,0.24279920864370297
2019-06-07 18:12:00,0.1410730763886363
2019-06-07 18:15:00,0.1456242627583606
2019-06-07 18:18:00,0.10307294958920465
2019-06-07 18:21:00,0.1833550318062862
2019-06-07 18:24:00,0.2012925221585533
2019-06-07 18:27:00,0.3898866703228805
2019-06-07 18:30:00,0.3044450320702481
2019-06-07 18:33:00,0.3420542547466425
2019-06-07 18:36:00,0.31147217613346356
2019-06-07 18:39:00,0.23294147769297524
2019-06-07 18:42:00,0.18324200017389103
2019-06-07 18:45:00,0.20504410877373402
2019-06-07 18:48:00,0.02251593103505911
2019-06-07 18:51:00,0.15174593625715715
2019-06-07 18:54:00,0.24371208485558782
2019-06-07 18:57:00,
2019-06-07 19:00:00,
2019-06-07 19:03:00,0.25038949996684323
2019-06-07 19:06:00,0.1992343535724217
2019-06-07 19:09:00,0.26425360648562446
2019-06-07 19:12:00,0.17565693773622115
2019-06-07 19:15:00,0.13355078809473753
2019-06-07 19:18:00,0.11599985259147161
2019-06-07 19:21:00,0.16246217483131886
2019-06-07 19:24:00,0.23143565409338862
2019-06-07 19:27:00,0.12933548507015757
2019-06-07 19:30:00,0.22681215119700937
2019-06-07 19:33:00,0.2109092056358577
2019-06-07 19:36:00,0.2215481821275489
2019-06-07 19:39:00,0.1402541221252136
2019-06-07 19:42:00,0.1741163706512907
2019-06-07 19:45:00,0.12984856902374986
2019-06-07 19:48:00,0.1460400230146206
2019-06-07 19:51:00,0.20940596869041883
2019-06-07 19:54:00,0.11051578565889031
2019-06-07 19:57:00,0.15333201274791008
2019-06-07 20:00:00,0.13608015138379415
2019-06-07 20:03:00,0.1817627468346359
2019-06-07 20:06:00,0.12039856258911641
2019-06-07 20:09:00,0.1530498148936772
2019-06-07 20:12:00,0.14805632231826849
2019-06-07 20:15:00,0.16480458067331938
2019-06-07 20:18:00,0.1803728340305497
2019-06-07 20:21:00,0.21170826902164208
2019-06-07 20:24:00,0.24236789547279614
2019-06-07 20:27:00,0.23875380400698987
2019-06-07 20:30:00,0.19962128639548382
2019-06-07 20:33:00,0.18659824547165726
2019-06-07 20:36:00,0.20937838484019267
2019-06-07 20:39:00,0.16691247075482352
2019-06-07 20:42:00,0.1863808170301695
2019-06-07 20:45:00,0.17634532493173083
2019-06-07 20:48:00,0.09430822489338198
2019-06-07 20:51:00,0.16528155903472452
2019-06-07 20:54:00,0.23863283973201987
2019-06-07 20:57:00,0.18718158831961773
2019-06-07 21:00:00,0.19976193969426959
2019-06-07 21:03:00,0.1817600381284592
2019-06-07 21:06:00,0.19597957463281546
2019-06-07 21:09:00,0.21767061946917465
2019-06-07 21:12:00,0.15448815973724095
2019-06-07 21:15:00,0.15809436904856966
2019-06-07 21:18:00,0.16090132306948135
2019-06-07 21:21:00,0.12265716062807996
2019-06-07 21:24:00,0.2776036652178391
2019-06-07 21:27:00,0.17008184630782353
2019-06-07 21:30:00,0.23516922785847783
2019-06-07 21:33:00,0.14388422660243805
2019-06-07 21:36:00,0.20649363063711235
2019-06-07 21:39:00,0.21101643680270854
2019-06-07 21:42:00,0.16291340563998347
2019-06-07 21:45:00,0.2605008573700047
2019-06-07 21:48:00,0.17721799473974897
2019-06-07 21:51:00,0.2581458858747965
2019-06-07 21:54:00,0.17199365055392946
2019-06-07 21:57:00,0.23586365423875577
2019-06-07 22:00:00,0.18279679303003604
2019-06-07 22:03:00,0.19298788712978876
2019-06-07 22:06:00,0.22276372046519555
2019-06-07 22:09:00,0.20985167753053702
2019-06-07 22:12:00,0.19984948992095042
2019-06-07 22:15:00,0.19624524405332977
2019-06-07 22:18:00,0.1749152248852397
2019-06-07 22:21:00,0.20260727011327617
2019-06-07 22:24:00,0.1579112112731309
2019-06-07 22:27:00,0.18547918114325057
2019-06-07 22:30:00,0.15240199904440033
2019-06-07 22:33:00,0.21742204200103288
2019-06-07 22:36:00,0.27083539286860514
2019-06-07 22:39:00,0.10604893370867785
2019-06-07 22:42:00,0.1299618840063772
2019-06-07 22:45:00,0.2528496836358727
2019-06-07 22:48:00,0.19012052874887786
2019-06-07 22:51:00,0.2915940820412857
2019-06-07 22:54:00,0.1804190218206827
2019-06-07 22:57:00,0.20565806120447405
2019-06-07 23:00:00,0.31003907078184056
2019-06-07 23:03:00,0.2669938013369233
2019-06-07 23:06:00,0.23981469693364943
2019-06-07 23:09:00,0.25102239710372487
2019-06-07 23:12:00,0.12092988361479229
2019-06-07 23:15:00,0.20461573196888594
2019-06-07 23:18:00,0.2009358540767039
2019-06-07 23:21:00,0.1982764488635098
2019-06-07 23:24:00,0.207019961060098
2019-06-07 23:27:00,0.24960131730398416
2019-06-07 23:30:00,0.2609061761170892
2019-06-07 23:33:00,0.30646226337182725
2019-06-07 23:36:00,0.23161227709613286
2019-06-07 23:39:00,0.26072736181447453
2019-06-07 23:42:00,0.22872422641518142
2019-06-07 23:45:00,0.25942153046304384
2019-06-07 23:48:00,0.17635528371124565
2019-06-07 23:51:00,0.2217343966807448
2019-06-07 23:54:00,0.32185877084157255
2019-06-07 23:57:00,0.2980359651568847
2019-06-08 00:00:00,0.3318294811236342
2019-06-08 00:03:00,0.3359290022873438
2019-06-08 00:06:00,0.32900441894622645
2019-06-08 00:09:00,0.35444086069685454
2019-06-08 00:12:00,0.31366449586516865
2019-06-08 00:15:00,0.36762873217497827
2019-06-08 00:18:00,0.3297992892415209
2019-06-08 00:21:00,0.3126103302516299
2019-06-08 00:24:00,0.41147619176433636
2019-06-08 00:27:00,0.34996579705421027
2019-06-08 00:30:00,0.375177207910383
2019-06-08 00:33:00,0.2827637248823862
2019-06-08 00:36:00,0.3722179734962765
2019-06-08 00:39:00,0.3293835847841251
2019-06-08 00:42:00,0.28576331677783173
2019-06-08 00:45:00,0.3976194651972378
2019-06-08 00:48:00,0.42208206584541585
2019-06-08 00:51:00,0.3168554924065461
2019-06-08 00:54:00,0.3686810099432023
2019-06-08 00:57:00,0.32619052706803586
2019-06-08 01:00:00,0.3341362580030136
2019-06-08 01:03:00,0.37653969427452694
2019-06-08 01:06:00,0.4160355399924356
2019-06-08 01:09:00,0.4079244177980854
2019-06-08 01:12:00,0.39783665044086547
2019-06-08 01:15:00,0.40709561706950126
2019-06-08 01:18:00,0.41597671398699276
2019-06-08 01:21:00,0.4162794898791162
2019-06-08 01:24:00,0.4418961686871512
2019-06-08 01:27:00,0.48145730784113994
2019-06-08 01:30:00,0.5477171146696946
2019-06-08 01:33:00,0.46512029416584255
2019-06-08 01:36:00,0.6056601612588679
2019-06-08 01:39:00,0.6722795820109582
2019-06-08 01:42:00,0.710639151191458
2019-06-08 01:45:00,0.6042904844513828
2019-06-08 01:48:00,0.5735444350207786
2019-06-08 01:51:00,0.5700909426373642
2019-06-08 01:54:00,0.5274779023592373
2019-06-08 01:57:00,0.605713509578095
2019-06-08 02:00:00,0.48862192946347704
2019-06-08 02:03:00,0.5439128055348306
2019-06-08 02:06:00,0.45046419696814155
2019-06-08 02:09:00,0.45550430384895435
2019-06-08 02:12:00,0.4681017139049004
2019-06-08 02:15:00,0.42005139865420915
2019-06-08 02:18:00,0.489756430916259
2019-06-08 02:21:00,0.43678778703372245
2019-06-08 02:24:00,0.5414702627806491
2019-06-08 02:27:00,0.5513645731525116
2019-06-08 02:30:00,0.52878985684697
2019-06-08 02:33:00,0.5334139489856398
2019-06-08 02:36:00,0.4211369941722296
2019-06-08 02:39:00,0.3914173208386842
2019-06-08 02:42:00,0.5112368477626319
2019-06-08 02:45:00,0.4994448650576828
2019-06-08 02:48:00,0.5072480062319755
2019-06-08 02:51:00,0.4172487497907582
2019-06-08 02:54:00,0.5002500284977032
2019-06-08 02:57:00,0.5393560907966162
2019-06-08 03:00:00,0.5286092387337362
2019-06-08 03:03:00,0.5768285349689108
2019-06-08 03:06:00,0.6313736846887537
2019-06-08 03:09:00,0.5991382951470428
2019-06-08 03:12:00,0.6365626663254602
2019-06-08 03:15:00,0.5508673933112505
2019-06-08 03:18:00,0.4902055403122745
2019-06-08 03:21:00,0.5864442182240168
2019-06-08 03:24:00,0.5530566095595759
2019-06-08 03:27:00,0.4667374582327284
2019-06-08 03:30:00,0.5089741505806273
2019-06-08 03:33:00,0.4768509078216425
2019-06-08 03:36:00,0.4774135414216403
2019-06-08 03:39:00,0.43289853928064304
2019-06-08 03:42:00,0.4693833349570582
2019-06-08 03:45:00,0.5200916610912145
2019-06-08 03:48:00,0.5942697682797871
2019-06-08 03:51:00,0.5692478428895242
2019-06-08 03:54:00,0.5194106989484908
2019-06-08 03:57:00,0.48778088853305235
2019-06-08 04:00:00,0.47478080411065093
2019-06-08 04:03:00,0.4910178432087946
2019-06-08 04:06:00,0.577014684316282
2019-06-08 04:09:00,0.4505701407518927
2019-06-08 04:12:00,0.5683326159493731
2019-06-08 04:15:00,0.4395680579230543
2019-06-08 04:18:00,0.5863337155526551
2019-06-08 04:21:00,0.5568446828787046
2019-06-08 04:24:00,0.4994262077902363
2019-06-08 04:27:00,0.4426998370331603
2019-06-08 04:30:00,0.5591182721840369
2019-06-08 04:33:00,0.48860268335681667
2019-06-08 04:36:00,0.5559566545089183
2019-06-08 04:39:00,0.5030515747614004
2019-06-08 04:42:00,0.46492467257911585
2019-06-08 04:45:00,0.4522257681936708
2019-06-08 04:48:00,0.5076536140315966
2019-06-08 04:51:00,0.6203603518839031
2019-06-08 04:54:00,0.46271410086563947
2019-06-08 04:57:00,0.5303929829667595
2019-06-08 05:00:00,0.4949685516293698
2019-06-08 05:03:00,0.5007727347084483
2019-06-08 05:06:00,0.47778251712691144
2019-06-08 05:09:00,0.5660512982802288
2019-06-08 05:12:00,0.5858937791100516
2019-06-08 05:15:00,0.43037978207769356
2019-06-08 05:18:00,0.483128853371511
2019-06-08 05:21:00,0.584869669218449
2019-06-08 05:24:00,0.503878739073059
2019-06-08 05:27:00,0.5000243594567451
2019-06-08 05:30:00,0.5309154145139701
2019-06-08 05:33:00,0.5158686127966234
2019-06-08 05:36:00,0.5280292622663296
2019-06-08 05:39:00,0.5262725463859965
2019-06-08 05:42:00,0.5344372413135261
2019-06-08 05:45:00,0.6103866503627842
2019-06-08 05:48:00,0.5035788224069506
2019-06-08 05:51:00,0.574292456637977
2019-06-08 05:54:00,0.5326701734998096
2019-06-08 05:57:00,0.5598894899193851
2019-06-08 06:00:00,0.5389697036914072
2019-06-08 06:03:00,0.41432389425324345
2019-06-08 06:06:00,0.5817415879858459
2019-06-08 06:09:00,0.42662357443362
2019-06-08 06:12:00,0.45201836568764975
2019-06-08 06:15:00,0.5135728381563354
2019-06-08 06:18:00,0.5314349482564467
2019-06-08 06:21:00,0.504398537518739
2019-06-08 06:24:00,0.4555002057445563
2019-06-08 06:27:00,0.5126444989124934
2019-06-08 06:30:00,0.5187627164245896
2019-06-08 06:33:00,0.5887707751011817
2019-06-08 06:36:00,0.5906639002764678
2019-06-08 06:39:00,0.615168794542285
2019-06-08 06:42:00,0.6248712282051088
2019-06-08 06:45:00,0.5338314181157102
2019-06-08 06:48:00,0.5302167663606383
2019-06-08 06:51:00,0.6135829280596568
2019-06-08 06:54:00,0.5156309684869598
2019-06-08 06:57:00,0.5602349146316215
2019-06-08 07:00:00,0.5324677607788431
2019-06-08 07:03:00,0.4197307508756012
2019-06-08 07:06:00,0.4345621486035043
2019-06-08 07:09:00,0.5147831744862401
2019-06-08 07:12:00,0.458216363620636
2019-06-08 07:15:00,0.46616448137598354
2019-06-08 07:18:00,0.40713056939034686
2019-06-08 07:21:00,0.5742710062789342
2019-06-08 07:24:00,0.5479020502554022
2019-06-08 07:27:00,0.45210356497051407
2019-06-08 07:30:00,0.4731127533339077
2019-06-08 07:33:00,0.4979607841543725
2019-06-08 07:36:00,0.5354092373917183
2019-06-08 07:39:00,0.49157596472502973
2019-06-08 07:42:00,0.4728868686733563
2019-06-08 07:45:00,0.41321966358009377
2019-06-08 07:48:00,0.4494669006979848
2019-06-08 07:51:00,0.4696538357487725
2019-06-08 07:54:00,0.4427174935656808
2019-06-08 07:57:00,0.49876383520319223
2019-06-08 08:00:00,0.5017463846684791
2019-06-08 08:03:00,0.39928934476506583
2019-06-08 08:06:00,0.43971247702614846
2019-06-08 08:09:00,0.5051913848724325
2019-06-08 08:12:00,0.5178538081781312
2019-06-08 08:15:00,0.38770314566863817
2019-06-08 08:18:00,0.38960068647594426
2019-06-08 08:21:00,0.4053629173014883
2019-06-08 08:24:00,0.4422981731730715
2019-06-08 08:27:00,0.32348935450716
2019-06-08 08:30:00,0.3545584615952748
2019-06-08 08:33:00,0.4270242773644668
2019-06-08 08:36:00,0.36710708480791254
2019-06-08 08:39:00,0.37756469091226563
2019-06-08 08:42:00,0.3712932276064862
2019-06-08 08:45:00,0.33099009507981236
2019-06-08 08:48:00,0.25986929833476324
2019-06-08 08:51:00,0.29281291743103566
2019-06-08 08:54:00,0.4041164851177541
2019-06-08 08:57:00,0.47364017692223115
2019-06-08 09:00:00,0.16117553595137224
2019-06-08 09:03:00,0.37255889001926334
2019-06-08 09:06:00,0.3047532368667589
2019-06-08 09:09:00,0.34668563455829826
2019-06-08 09:12:00,0.262718053836295
2019-06-08 09:15:00,0.2965713776209782
2019-06-08 09:18:00,0.28098246161658835
2019-06-08 09:21:00,0.24639395393336372
2019-06-08 09:24:00,0.23170783016979613
2019-06-08 09:27:00,0.18636582422851689
2019-06-08 09:30:00,0.2501303468342826
2019-06-08 09:33:00,0.12627323159847492
2019-06-08 09:36:00,0.07099167926327254
2019-06-08 09:39:00,0.11556284129312644
2019-06-08 09:42:00,0.03809950555478281
2019-06-08 09:45:00,0.19021599648283427
2019-06-08 09:48:00,0.143732588494629
2019-06-08 09:51:00,0.0949467954177976
2019-06-08 09:54:00,0.019939593832589253
2019-06-08 09:57:00,0.05047902345887678
2019-06-08 10:00:00,0.04357610363177855
2019-06-08 10:03:00,0.013627641561583914
2019-06-08 10:06:00,-0.09138115129712787
2019-06-08 10:09:00,0.043918078874867206
2019-06-08 10:12:00,-0.006923474758593784
2019-06-08 10:15:00,-0.14505256764812202
2019-06-08 10:18:00,-0.03337965195782999
2019-06-08 10:21:00,-0.04651975292119914
2019-06-08 10:24:00,-0.06798411359164902
2019-06-08 10:27:00,-0.08498074165288472
2019-06-08 10:30:00,-0.0854098599765507
2019-06-08 10:33:00,-0.03585183407318482
2019-06-08 10:36:00,-0.14196029403626653
2019-06-08 10:39:00,-0.0686137388833572
2019-06-08 10:42:00,-0.17025243325093697
2019-06-08 10:45:00,-0.12195114752228164
2019-06-08 10:48:00,-0.21145839374690922
2019-06-08 10:51:00,-0.1803344179643318
2019-06-08 10:54:00,-0.1341230765070236
2019-06-08 10:57:00,-0.15242034294317364
2019-06-08 11:00:00,-0.25022897160630464
2019-06-08 11:03:00,-0.2310722626267534
2019-06-08 11:06:00,-0.18463544038723967
2019-06-08 11:09:00,-0.2671799708585354
2019-06-08 11:12:00,-0.20713772546741893
2019-06-08 11:15:00,-0.23430888437883368
2019-06-08 11:18:00,-0.25125066874039703
2019-06-08 11:21:00,-0.28007251815819245
2019-06-08 11:24:00,-0.2610109338758093
2019-06-08 11:27:00,-0.30300208280442575
2019-06-08 11:30:00,-0.3935231910509174
2019-06-08 11:33:00,-0.36342814332391526
2019-06-08 11:36:00,-0.31103264897330973
2019-06-08 11:39:00,-0.25063584479556766
2019-06-08 11:42:00,-0.32721314774522625
2019-06-08 11:45:00,-0.3267490757786504
2019-06-08 11:48:00,-0.33833084323390494
2019-06-08 11:51:00,-0.39693114000931473
2019-06-08 11:54:00,-0.4320210814766483
2019-06-08 11:57:00,-0.33193091796846375
2019-06-08 12:00:00,-0.21678054739220443
2019-06-08 12:03:00,-0.278355932385864
2019-06-08 12:06:00,-0.27997980636143893
2019-06-08 12:09:00,-0.33287456386574377
2019-06-08 12:12:00,-0.25975221537635207
2019-06-08 12:15:00,-0.2651049305603692
2019-06-08 12:18:00,-0.20430483099545427
2019-06-08 12:21:00,0.06209973051511497
2019-06-08 12:24:00,-0.040743833366320814
2019-06-08 12:27:00,-0.23663123594201352
2019-06-08 12:30:00,-0.17689862811079138
2019-06-08 12:33:00,-0.17782754340322526
2019-06-08 12:36:00,-0.11780722613832495
2019-06-08 12:39:00,-0.20544850491853595
2019-06-08 12:42:00,-0.29003688861035926
2019-06-08 12:45:00,-0.22369248533294694
2019-06-08 12:48:00,-0.17694937902382435
2019-06-08 12:51:00,-0.23810390770370304
2019-06-08 12:54:00,-0.22551251307839948
2019-06-08 12:57:00,-0.2950239948443141
2019-06-08 13:00:00,-0.24935975273859867
2019-06-08 13:03:00,-0.2557924210817646
2019-06-08 13:06:00,-0.3370748457969057
2019-06-08 13:09:00,-0.28803798762123733
2019-06-08 13:12:00,-0.34845468721925954
2019-06-08 13:15:00,-0.4470113060026506
2019-06-08 13:18:00,-0.3663347035575839
2019-06-08 13:21:00,-0.3312718955211835
2019-06-08 13:24:00,-0.3292438912658895
2019-06-08 13:27:00,-0.4405725497506978
2019-06-08 13:30:00,-0.41644400047886165
2019-06-08 13:33:00,-0.4060678375202542
2019-06-08 13:36:00,-0.33503385006554254
2019-06-08 13:39:00,-0.40612139476485254
2019-06-08 13:42:00,-0.355301445137286
2019-06-08 13:45:00,-0.29042214165474434
2019-06-08 13:48:00,-0.2549881209395721
2019-06-08 13:51:00,-0.33837768332699625
2019-06-08 13:54:00,-0.4061102141264996
2019-06-08 13:57:00,-0.40797067117046026
2019-06-08 14:00:00,-0.34034753814751184
2019-06-08 14:03:00,-0.27951638665115297
2019-06-08 14:06:00,-0.2945451708603173
2019-06-08 14:09:00,-0.34419395460912483
2019-06-08 14:12:00,-0.3768703666252122
2019-06-08 14:15:00,-0.3098724154240813
2019-06-08 14:18:00,-0.2970502763371883
2019-06-08 14:21:00,-0.45281188470039524
2019-06-08 14:24:00,-0.40610771810662527
2019-06-08 14:27:00,-0.44606845428268116
2019-06-08 14:30:00,-0.35101947612741924
2019-06-08 14:33:00,-0.4403851874672
2019-06-08 14:36:00,-0.4718046776421829
2019-06-08 14:39:00,-0.5139593301551031
2019-06-08 14:42:00,-0.5651631036959088
2019-06-08 14:45:00,-0.5068644394837065
2019-06-08 14:48:00,-0.44246786421734896
2019-06-08 14:51:00,-0.4988491000215163
2019-06-08 14:54:00,-0.3768733200660108
2019-06-08 14:57:00,-0.34094303005275606
2019-06-08 15:00:00,-0.37889930576875486
2019-06-08 15:03:00,-0.46406295916193585
2019-06-08 15:06:00,-0.4897051490988247
2019-06-08 15:09:00,-0.43370654647810625
2019-06-08 15:12:00,-0.386610561467819
2019-06-08 15:15:00,-0.4978783893120635
2019-06-08 15:18:00,-0.4298590811780514
2019-06-08 15:21:00,-0.5694440752669152
2019-06-08 15:24:00,-0.5270138920163276
2019-06-08 15:27:00,-0.524914443955879
2019-06-08 15:30:00,-0.6202365019904619
2019-06-08 15:33:00,-0.5581635150090278
2019-06-08 15:36:00,-0.47881114565996086
2019-06-08 15:39:00,-0.6270986440569004
2019-06-08 15:42:00,-0.5975817724370245
2019-06-08 15:45:00,-0.4263255190999189
2019-06-08 15:48:00,-0.5934261053380396
2019-06-08 15:51:00,-0.5845357011438068
2019-06-08 15:54:00,-0.4959572469472846
2019-06-08 15:57:00,-0.5039955244503744
2019-06-08 16:00:00,-0.5066571937679214
2019-06-08 16:03:00,-0.43835005320829623
2019-06-08 16:06:00,-0.43532455992169616
2019-06-08 16:09:00,-0.559502253128926
2019-06-08 16:12:00,-0.4470891910233945
2019-06-08 16:15:00,-0.44599266862917375
2019-06-08 16:18:00,-0.5157560875093168
2019-06-08 16:21:00,-0.43784344570912026
2019-06-08 16:24:00,-0.5363138715628679
2019-06-08 16:27:00,-0.517898726362489
2019-06-08 16:30:00,-0.5033777574735154
2019-06-08 16:33:00,-0.3598751170909509
2019-06-08 16:36:00,-0.4467501888887
2019-06-08 16:39:00,-0.433652478727538
2019-06-08 16:42:00,-0.3894480804363525
2019-06-08 16:45:00,-0.4184043164315767
2019-06-08 16:48:00,-0.4998625563350174
2019-06-08 16:51:00,-0.4567938749112841
2019-06-08 16:54:00,-0.3954689022878597
2019-06-08 16:57:00,-0.4602334495596665
2019-06-08 17:00:00,-0.3489215161036441
2019-06-08 17:03:00,-0.3786272869646723
2019-06-08 17:06:00,-0.37491916571087813
2019-06-08 17:09:00,-0.4404461616222193
2019-06-08 17:12:00,-0.36153995733764077
2019-06-08 17:15:00,-0.4160365108821793
2019-06-08 17:18:00,-0.4574950663878212
2019-06-08 17:21:00,-0.4187978942191535
2019-06-08 17:24:00,-0.4546430086273858
2019-06-08 17:27:00,-0.2553212724767491
2019-06-08 17:30:00,-0.35835857161305285
2019-06-08 17:33:00,-0.4160659327387748
2019-06-08 17:36:00,-0.2966670461359513
2019-06-08 17:39:00,-0.35460857738485174
2019-06-08 17:42:00,-0.24847311465873645
2019-06-08 17:45:00,-0.27840149585676954
2019-06-08 17:48:00,-0.258000210781006
2019-06-08 17:51:00,-0.18222897641550162
2019-06-08 17:54:00,-0.09807078182677742
2019-06-08 17:57:00,-0.22538587221305306
2019-06-08 18:00:00,-0.15406524416334832
2019-06-08 18:03:00,-0.17176311285049906
2019-06-08 18:06:00,-0.08374716305092988
2019-06-08 18:09:00,-0.052545317739998154
2019-06-08 18:12:00,-0.13300366021627497
2019-06-08 18:15:00,-0.2473931128920981
2019-06-08 18:18:00,-0.0999375489171257
2019-06-08 18:21:00,-0.11385245329324789
2019-06-08 18:24:00,-0.10266235967577586
2019-06-08 18:27:00,-0.16540505873689426
2019-06-08 18:30:00,-0.14106540514410426
2019-06-08 18:33:00,-0.08620586240408556
2019-06-08 18:36:00,-0.05156712038626665
2019-06-08 18:39:00,-0.04850011737505611
2019-06-08 18:42:00,-0.13865487567505852
2019-06-08 18:45:00,-0.10833776279827134
2019-06-08 18:48:00,-0.08095011417935893
2019-06-08 18:51:00,-0.06271082654870952
2019-06-08 18:54:00,-0.20475542412214054
2019-06-08 18:57:00,
2019-06-08 19:00:00,
2019-06-08 19:03:00,-0.07937103867857331
2019-06-08 19:06:00,-0.07899380728485994
2019-06-08 19:09:00,-0.11072555332196998
2019-06-08 19:12:00,-0.1506293235801195
2019-06-08 19:15:00,-0.1036784986214343
2019-06-08 19:18:00,-0.05157025457958753
2019-06-08 19:21:00,-0.09067038810036365
2019-06-08 19:24:00,-0.06516838194175989
2019-06-08 19:27:00,0.010806439483928898
2019-06-08 19:30:00,-0.03731131408773081
2019-06-08 19:33:00,-0.00039127104383851474
2019-06-08 19:36:00,-0.011076940164343796
2019-06-08 19:39:00,0.00585716760303967
2019-06-08 19:42:00,0.011445283159162045
2019-06-08 19:45:00,-0.05204588363363882
2019-06-08 19:48:00,-0.04755894842850239
2019-06-08 19:51:00,-0.0892477168644632
2019-06-08 19:54:00,-0.13230074875963282
2019-06-08 19:57:00,-0.03084551405657976
2019-06-08 20:00:00,-0.008847382848614416
2019-06-08 20:03:00,-0.06235856649402649
2019-06-08 20:06:00,0.05594014377760459
2019-06-08 20:09:00,-0.07639637988103232
2019-06-08 20:12:00,-0.08142442686255436
2019-06-08 20:15:00,-0.05880818849533398
2019-06-08 20:18:00,0.04318219145744706
2019-06-08 20:21:00,-0.0783764886803624
2019-06-08 20:24:00,0.01861713069860116
2019-06-08 20:27:00,0.00922338261079858
2019-06-08 20:30:00,0.05886855319630513
2019-06-08 20:33:00,0.060182937642991874
2019-06-08 20:36:00,-0.06556114998340945
2019-06-08 20:39:00,0.04247964726130249
2019-06-08 20:42:00,-0.11600001524118397
2019-06-08 20:45:00,-0.07960407529202485
2019-06-08 20:48:00,0.009120302562564575
2019-06-08 20:51:00,-0.02986497722014292
2019-06-08 20:54:00,0.006635418516850677
2019-06-08 20:57:00,-0.052201449239305475
2019-06-08 21:00:00,0.018225229914264673
2019-06-08 21:03:00,0.018931795989544753
2019-06-08 21:06:00,-0.00684184438102875
2019-06-08 21:09:00,-0.06663189513147927
2019-06-08 21:12:00,0.08669428050893657
2019-06-08 21:15:00,0.018261640938249002
2019-06-08 21:18:00,0.0950381117633583
2019-06-08 21:21:00,-0.0008327847699547419
2019-06-08 21:24:00,0.023891319404242495
2019-06-08 21:27:00,0.03443331691056528
2019-06-08 21:30:00,0.15484864332580628
2019-06-08 21:33:00,-0.026404664224344288
2019-06-08 21:36:00,0.060518738296480024
2019-06-08 21:39:00,-0.023145247164848115
2019-06-08 21:42:00,0.08722798566390111
2019-06-08 21:45:00,0.0520866846457011
2019-06-08 21:48:00,0.09360918797182194
2019-06-08 21:51:00,0.03542305242621069
2019-06-08 21:54:00,0.06728248637256229
2019-06-08 21:57:00,-0.018165600369798085
2019-06-08 22:00:00,-0.03186231779932314
2019-06-08 22:03:00,-0.021165817732594405
2019-06-08 22:06:00,-0.05726048474861045
2019-06-08 22:09:00,-0.013362763971997538
2019-06-08 22:12:00,0.12879669117569392
2019-06-08 22:15:00,0.009599990775257083
2019-06-08 22:18:00,0.01934107134951546
2019-06-08 22:21:00,0.05912307284194185
2019-06-08 22:24:00,0.04531258672602689
2019-06-08 22:27:00,0.10902404414343891
2019-06-08 22:30:00,0.002684385780980847
2019-06-08 22:33:00,-0.0009940424134242676
2019-06-08 22:36:00,0.07014433860030067
2019-06-08 22:39:00,0.0200331285495281
2019-06-08 22:42:00,0.051162000383385475
2019-06-08 22:45:00,0.04095697608477167
2019-06-08 22:48:00,0.14552328739694076
2019-06-08 22:51:00,0.09362493635450164
2019-06-08 22:54:00,0.07804932943037102
2019-06-08 22:57:00,0.14782090450165697
2019-06-08 23:00:00,0.06758763978245952
2019-06-08 23:03:00,0.08640137589452479
2019-06-08 23:06:00,0.04419229954544335
2019-06-08 23:09:00,0.10625766173626516
2019-06-08 23:12:00,0.17319421160902948
2019-06-08 23:15:00,0.09364775218426757
2019-06-08 23:18:00,0.16428248080154617
2019-06-08 23:21:00,0.18519614343301782
2019-06-08 23:24:00,0.1529590934383691
2019-06-08 23:27:00,0.07994020495243603
2019-06-08 23:30:00,0.19132650859853584
2019-06-08 23:33:00,0.1711791296840488
2019-06-08 23:36:00,0.181246689588761
2019-06-08 23:39:00,0.21286724545200286
2019-06-08 23:42:00,0.1729496896917908
2019-06-08 23:45:00,0.07689093083570242
2019-06-08 23:48:00,0.18128509933745818
2019-06-08 23:51:00,0.15511301936015798
2019-06-08 23:54:00,0.17690912838713757
2019-06-08 23:57:00,0.1250459314067598
2019-06-09 00:00:00,0.16019270281026365
2019-06-09 00:03:00,0.18162213156932694
2019-06-09 00:06:00,0.06501644508500704
2019-06-09 00:09:00,0.19274375124808785
2019-06-09 00:12:00,0.12264912553871454
2019-06-09 00:15:00,0.16255542082308239
2019-06-09 00:18:00,0.16976799624296746
2019-06-09 00:21:00,0.10379033837369889
2019-06-09 00:24:00,0.18491820498388734
2019-06-09 00:27:00,0.15339573063369016
2019-06-09 00:30:00,0.1294906740867532
2019-06-09 00:33:00,0.2469781599423868
2019-06-09 00:36:00,0.11864359217480569
2019-06-09 00:39:00,0.15917841132858257
2019-06-09 00:42:00,0.17040610796055944
2019-06-09 00:45:00,0.10826267620484487
2019-06-09 00:48:00,0.052328319098251086
2019-06-09 00:51:00,0.13366054915661607
2019-06-09 00:54:00,0.11140187058873607
2019-06-09 00:57:00,0.08917960621192833
2019-06-09 01:00:00,0.21863070682417174
2019-06-09 01:03:00,0.22181441314626227
2019-06-09 01:06:00,0.11732411523956898
2019-06-09 01:09:00,0.18045937551227098
2019-06-09 01:12:00,0.19709574276407693
2019-06-09 01:15:00,0.17657054118399174
2019-06-09 01:18:00,0.13869012676383363
2019-06-09 01:21:00,0.1574250165379567
2019-06-09 01:24:00,0.13163605030683811
2019-06-09 01:27:00,0.13104288996447622
2019-06-09 01:30:00,0.20427850273142667
2019-06-09 01:33:00,0.15134286940559605
2019-06-09 01:36:00,0.14852316376146746
2019-06-09 01:39:00,0.24108314686338872
2019-06-09 01:42:00,0.1069248593897214
2019-06-09 01:45:00,0.22891720425593576
2019-06-09 01:48:00,0.26114574672396884
2019-06-09 01:51:00,0.20829004597845824
2019-06-09 01:54:00,0.2198087049163746
2019-06-09 01:57:00,0.19873682130560155
2019-06-09 02:00:00,0.23970565047392256
2019-06-09 02:03:00,0.2467603457848213
2019-06-09 02:06:00,0.13730291742149348
2019-06-09 02:09:00,0.2277253351684294
2019-06-09 02:12:00,0.20761201309710486
2019-06-09 02:15:00,0.06781136690085532
2019-06-09 02:18:00,0.09831279033221563
2019-06-09 02:21:00,0.13545182670685563
2019-06-09 02:24:00,0.14411353116895498
2019-06-09 02:27:00,0.2201871649806435
2019-06-09 02:30:00,0.2606872548652177
2019-06-09 02:33:00,0.32921489380595403
2019-06-09 02:36:00,0.23351283613970963
2019-06-09 02:39:00,0.2942547818910839
2019-06-09 02:42:00,0.20458556446197917
2019-06-09 02:45:00,0.1824355585347348
2019-06-09 02:48:00,0.27293213617167567
2019-06-09 02:51:00,0.2524154774424687
2019-06-09 02:54:00,0.24673901938302834
2019-06-09 02:57:00,0.1387915584705297
2019-06-09 03:00:00,0.1510949417501024
2019-06-09 03:03:00,0.19932626738807357
2019-06-09 03:06:00,0.20708108573506934
2019-06-09 03:09:00,0.19570376686300506
2019-06-09 03:12:00,0.1791315759200529
2019-06-09 03:15:00,0.2705276704706421
2019-06-09 03:18:00,0.2697424523561267
2019-06-09 03:21:00,0.2581998397160987
2019-06-09 03:24:00,0.21699479301327074
2019-06-09 03:27:00,0.27241759198119553
2019-06-09 03:30:00,0.22234222934679337
2019-06-09 03:33:00,0.31374349309731997
2019-06-09 03:36:00,0.3612910662217814
2019-06-09 03:39:00,0.4101631135161483
2019-06-09 03:42:00,0.3821077054710713
2019-06-09 03:45:00,0.337633050621605
2019-06-09 03:48:00,0.3491042564086797
2019-06-09 03:51:00,0.32771090473084996
2019-06-09 03:54:00,0.2920739793943312
2019-06-09 03:57:00,0.24566538839201257
2019-06-09 04:00:00,0.14311215749916073
2019-06-09 04:03:00,0.26781260174050203
2019-06-09 04:06:00,0.3366990386226121
2019-06-09 04:09:00,0.2776502068156219
2019-06-09 04:12:00,0.27491322343388447
2019-06-09 04:15:00,0.23874142100896734
2019-06-09 04:18:00,0.3814987534718739
2019-06-09 04:21:00,0.3653754206283111
2019-06-09 04:24:00,0.312560094687683
2019-06-09 04:27:00,0.33218300808016465
2019-06-09 04:30:00,0.3161302277687241
2019-06-09 04:33:00,0.3556058337470631
2019-06-09 04:36:00,0.251296033319818
2019-06-09 04:39:00,0.3439591426910624
2019-06-09 04:42:00,0.3055665195296342
2019-06-09 04:45:00,0.34786465402186195
2019-06-09 04:48:00,0.35988462152300826
2019-06-09 04:51:00,0.39273574389659416
2019-06-09 04:54:00,0.28357116560647455
2019-06-09 04:57:00,0.3050887955540702
2019-06-09 05:00:00,0.2202873122940332
2019-06-09 05:03:00,0.359352254976784
2019-06-09 05:06:00,0.28879808225201486
2019-06-09 05:09:00,0.3569865208111196
2019-06-09 05:12:00,0.2933501612690179
2019-06-09 05:15:00,0.3196829114592106
2019-06-09 05:18:00,0.364564745979294
2019-06-09 05:21:00,0.39625861427754216
2019-06-09 05:24:00,0.3561030028869254
2019-06-09 05:27:00,0.3245236513806731
2019-06-09 05:30:00,0.3306869743760785
2019-06-09 05:33:00,0.3517783767426863
2019-06-09 05:36:00,0.4706014535807981
2019-06-09 05:39:00,0.373549125353577
2019-06-09 05:42:00,0.3969663443545528
2019-06-09 05:45:00,0.39155580216782937
2019-06-09 05:48:00,0.4036671982264579
2019-06-09 05:51:00,0.3868678752398296
2019-06-09 05:54:00,0.32650699379252046
2019-06-09 05:57:00,0.4859517945519656
2019-06-09 06:00:00,0.37134673242235294
2019-06-09 06:03:00,0.3658021101715576
2019-06-09 06:06:00,0.4034505852071675
2019-06-09 06:09:00,0.33916362179212456
2019-06-09 06:12:00,0.460819156289233
2019-06-09 06:15:00,0.4141298869452612
2019-06-09 06:18:00,0.4118673809140887
2019-06-09 06:21:00,0.3893491436908221
2019-06-09 06:24:00,0.3301767319055102
2019-06-09 06:27:00,0.31685855142319497
2019-06-09 06:30:00,0.45319025078600816
2019-06-09 06:33:00,0.427468439479469
2019-06-09 06:36:00,0.37457691040117425
2019-06-09 06:39:00,0.40023088033979093
2019-06-09 06:42:00,0.41316309152693975
2019-06-09 06:45:00,0.44723039986570257
2019-06-09 06:48:00,0.4066076135163712
2019-06-09 06:51:00,0.508892801179968
2019-06-09 06:54:00,0.3912789920190676
2019-06-09 06:57:00,0.3836259308382637
2019-06-09 07:00:00,0.3830795153590998
2019-06-09 07:03:00,0.3736442184468274
2019-06-09 07:06:00,0.42054835656989553
2019-06-09 07:09:00,0.41745458479994113
2019-06-09 07:12:00,0.36447597082604943
2019-06-09 07:15:00,0.39799807331183956
2019-06-09 07:18:00,0.3853975383455577
2019-06-09 07:21:00,0.3171205948899001
2019-06-09 07:24:00,0.40192725060916246
2019-06-09 07:27:00,0.390262466293791
2019-06-09 07:30:00,0.41573999426378805
2019-06-09 07:33:00,0.3944473190952067
2019-06-09 07:36:00,0.4004352162936584
2019-06-09 07:39:00,0.38010292205734686
2019-06-09 07:42:00,0.4862176645984846
2019-06-09 07:45:00,0.35402139244303044
2019-06-09 07:48:00,0.4069635871302353
2019-06-09 07:51:00,0.36380267383003684
2019-06-09 07:54:00,0.37163567292333255
2019-06-09 07:57:00,0.28008837841184686
2019-06-09 08:00:00,0.3692127165776924
2019-06-09 08:03:00,0.2770032066107433
2019-06-09 08:06:00,0.3224207431963464
2019-06-09 08:09:00,0.2610271691627304
2019-06-09 08:12:00,0.20712680485513602
2019-06-09 08:15:00,0.2404475109602231
2019-06-09 08:18:00,0.17231640799315073
2019-06-09 08:21:00,0.29901837228766226
2019-06-09 08:24:00,0.21821074669566087
2019-06-09 08:27:00,0.22885616364590078
2019-06-09 08:30:00,0.12030884220894222
2019-06-09 08:33:00,0.2844641718915
2019-06-09 08:36:00,0.19887345852680482
2019-06-09 08:39:00,0.2034561279210152
2019-06-09 08:42:00,0.1932992802714466
2019-06-09 08:45:00,0.21706804942948565
2019-06-09 08:48:00,0.20508854919688702
2019-06-09 08:51:00,0.18278917829519514
2019-06-09 08:54:00,0.16258411160657715
2019-06-09 08:57:00,0.13229128453849626
2019-06-09 09:00:00,0.17689332142305147
2019-06-09 09:03:00,0.0715446191491651
2019-06-09 09:06:00,0.10998839392732407
2019-06-09 09:09:00,0.12519771206723362
2019-06-09 09:12:00,0.08737109590896353
2019-06-09 09:15:00,0.07317903647850699
2019-06-09 09:18:00,0.10400860958122848
2019-06-09 09:21:00,-0.014795996278337498
2019-06-09 09:24:00,0.02996248199292495
2019-06-09 09:27:00,-0.021300989269263937
2019-06-09 09:30:00,-0.031353681980021975
2019-06-09 09:33:00,-0.03306156096397217
2019-06-09 09:36:00,-0.09152035954133453
2019-06-09 09:39:00,-0.04106588265437949
2019-06-09 09:42:00,-0.061086091851564106
2019-06-09 09:45:00,-0.007028303164929639
2019-06-09 09:48:00,-0.14869681423857628
2019-06-09 09:51:00,-0.1642184539927598
2019-06-09 09:54:00,-0.21561710427653225
2019-06-09 09:57:00,-0.17115683134983328
2019-06-09 10:00:00,-0.19978765672044574
2019-06-09 10:03:00,-0.15061881654310127
2019-06-09 10:06:00,-0.2025091163372963
2019-06-09 10:09:00,-0.31387479263133855
2019-06-09 10:12:00,-0.37060979621367096
2019-06-09 10:15:00,-0.15533943555385576
2019-06-09 10:18:00,-0.2742600479705857
2019-06-09 10:21:00,-0.2704321724177703
2019-06-09 10:24:00,-0.3165029873044318
2019-06-09 10:27:00,-0.3143759441025509
2019-06-09 10:30:00,-0.24230697206712648
2019-06-09 10:33:00,-0.340074280537749
2019-06-09 10:36:00,-0.35401369246426384
2019-06-09 10:39:00,-0.30417821434298276
2019-06-09 10:42:00,-0.3268608527659467
2019-06-09 10:45:00,-0.3589945895255937
2019-06-09 10:48:00,-0.33466039496153144
2019-06-09 10:51:00,-0.39869084838892377
2019-06-09 10:54:00,-0.4466461006470013
2019-06-09 10:57:00,-0.2842936824953881
2019-06-09 11:00:00,-0.27049363863619647
2019-06-09 11:03:00,-0.3622004320484393
2019-06-09 11:06:00,-0.3558582191736832
2019-06-09 11:09:00,-0.4378485062431423
2019-06-09 11:12:00,-0.28660443707354943
2019-06-09 11:15:00,-0.3583990094479077
2019-06-09 11:18:00,-0.46858880591844354
2019-06-09 11:21:00,-0.376919793738125
2019-06-09 11:24:00,-0.34439194261585726
2019-06-09 11:27:00,-0.4356678503586977
2019-06-09 11:30:00,-0.4572576209302497
2019-06-09 11:33:00,-0.4730198870795448
2019-06-09 11:36:00,-0.506347994713451
2019-06-09 11:39:00,-0.4853107954867255
2019-06-09 11:42:00,-0.4108062929622065
2019-06-09 11:45:00,-0.4122865002772187
2019-06-09 11:48:00,-0.42161467881777526
2019-06-09 11:51:00,-0.4935661724286433
2019-06-09 11:54:00,-0.4578203273029544
2019-06-09 11:57:00,-0.48164213562085934
2019-06-09 12:00:00,-0.41969583894262996
2019-06-09 12:03:00,-0.22702849447989593
2019-06-09 12:06:00,-0.3389577761990381
2019-06-09 12:09:00,-0.34596095943015825
2019-06-09 12:12:00,-0.31499484014420887
2019-06-09 12:15:00,-0.2457232177138735
2019-06-09 12:18:00,-0.3224044127161392
2019-06-09 12:21:00,-0.33406458473268685
2019-06-09 12:24:00,-0.3722395826656566
2019-06-09 12:27:00,-0.36037861172502517
2019-06-09 12:30:00,-0.164756863466323
2019-06-09 12:33:00,-0.3136885168831327
2019-06-09 12:36:00,-0.449393499310645
2019-06-09 12:39:00,-0.44437384954318304
2019-06-09 12:42:00,-0.38789158065839047
2019-06-09 12:45:00,-0.25943901839031014
2019-06-09 12:48:00,-0.517830977935489
2019-06-09 12:51:00,-0.4624227601544817
2019-06-09 12:54:00,-0.4907069335864662
2019-06-09 12:57:00,-0.4135098165937734
2019-06-09 13:00:00,-0.39877923342430677
2019-06-09 13:03:00,-0.3765339749991199
2019-06-09 13:06:00,-0.45945186255585213
2019-06-09 13:09:00,-0.32077531594154607
2019-06-09 13:12:00,-0.24808979962500644
2019-06-09 13:15:00,-0.2698879213481291
2019-06-09 13:18:00,-0.4345295349597791
2019-06-09 13:21:00,-0.3925392939434573
2019-06-09 13:24:00,-0.2849990912577596
2019-06-09 13:27:00,-0.17566570662438608
2019-06-09 13:30:00,-0.28708297170572905
2019-06-09 13:33:00,-0.4973090480204405
2019-06-09 13:36:00,-0.5735510398843644
2019-06-09 13:39:00,-0.5896116604010331
2019-06-09 13:42:00,-0.5164607368133716
2019-06-09 13:45:00,-0.4717618416401024
2019-06-09 13:48:00,-0.394411481137638
2019-06-09 13:51:00,-0.39811670388161247
2019-06-09 13:54:00,-0.4927574108882027
2019-06-09 13:57:00,-0.55674564576276
2019-06-09 14:00:00,-0.49371589685881645
2019-06-09 14:03:00,-0.6257517347272596
2019-06-09 14:06:00,-0.48289577717645216
2019-06-09 14:09:00,-0.5044786053808821
2019-06-09 14:12:00,-0.4656095509900524
2019-06-09 14:15:00,-0.4881382088951227
2019-06-09 14:18:00,-0.42307262481847374
2019-06-09 14:21:00,-0.4552096808690749
2019-06-09 14:24:00,-0.390233957153157
2019-06-09 14:27:00,-0.46096732087954706
2019-06-09 14:30:00,-0.27820542421557093
2019-06-09 14:33:00,-0.3537257393759319
2019-06-09 14:36:00,-0.43474992026943937
2019-06-09 14:39:00,-0.3809835983707899
2019-06-09 14:42:00,-0.28958451910818894
2019-06-09 14:45:00,-0.19121576132602058
2019-06-09 14:48:00,-0.2730862127899627
2019-06-09 14:51:00,-0.3796775856993122
2019-06-09 14:54:00,-0.5105798700093374
2019-06-09 14:57:00,-0.45621643408787804
2019-06-09 15:00:00,-0.5441083334175119
2019-06-09 15:03:00,-0.45876351313955865
2019-06-09 15:06:00,-0.4349288113873513
2019-06-09 15:09:00,-0.45469218785689236
2019-06-09 15:12:00,-0.4012452346891564
2019-06-09 15:15:00,-0.5722461630608677
2019-06-09 15:18:00,-0.41612859143441483
2019-06-09 15:21:00,-0.23335023122751863
2019-06-09 15:24:00,-0.21663381739904253
2019-06-09 15:27:00,-0.338139547274352
2019-06-09 15:30:00,-0.2882326863958724
2019-06-09 15:33:00,-0.4522244818238619
2019-06-09 15:36:00,-0.38202308962667075
2019-06-09 15:39:00,-0.6402142078313773
2019-06-09 15:42:00,-0.4730514528754952
2019-06-09 15:45:00,-0.4689765617890771
2019-06-09 15:48:00,-0.32966947254953993
2019-06-09 15:51:00,-0.3994056684348948
2019-06-09 15:54:00,-0.4825598173391086
2019-06-09 15:57:00,-0.45533958537060926
2019-06-09 16:00:00,-0.46612981371919204
2019-06-09 16:03:00,-0.5268321741222053
2019-06-09 16:06:00,-0.41684485860531595
2019-06-09 16:09:00,-0.34990428814415964
2019-06-09 16:12:00,-0.41669479961893785
2019-06-09 16:15:00,-0.4190516541893885
2019-06-09 16:18:00,-0.39212317772916094
2019-06-09 16:21:00,-0.39872515078309334
2019-06-09 16:24:00,-0.352648622389097
2019-06-09 16:27:00,-0.39228647561981234
2019-06-09 16:30:00,-0.30166352725819934
2019-06-09 16:33:00,-0.39478635807989804
2019-06-09 16:36:00,-0.36364743242648956
2019-06-09 16:39:00,-0.3543402517600498
2019-06-09 16:42:00,-0.3157007481060532
2019-06-09 16:45:00,-0.28698937832876936
2019-06-09 16:48:00,-0.30899189676097194
2019-06-09 16:51:00,-0.392656909587231
2019-06-09 16:54:00,-0.350657892775871
2019-06-09 16:57:00,-0.37181888711893407
2019-06-09 17:00:00,-0.27226608319119805
2019-06-09 17:03:00,-0.2951570798402372
2019-06-09 17:06:00,-0.36747009913983675
2019-06-09 17:09:00,-0.27744058673368954
2019-06-09 17:12:00,-0.34977680054095117
2019-06-09 17:15:00,-0.337413186120159
2019-06-09 17:18:00,-0.28363940086723005
2019-06-09 17:21:00,-0.3077623824671605
2019-06-09 17:24:00,-0.2785615300409745
2019-06-09 17:27:00,-0.29271143249457054
2019-06-09 17:30:00,-0.1961801829715455
2019-06-09 17:33:00,-0.25269948968457356
2019-06-09 17:36:00,-0.3317493112550096
2019-06-09 17:39:00,-0.40724279229812055
2019-06-09 17:42:00,-0.22951786010935393
2019-06-09 17:45:00,-0.2314236105058285
2019-06-09 17:48:00,-0.2714449404642778
2019-06-09 17:51:00,-0.20692530295968936
2019-06-09 17:54:00,-0.18493700433134563
2019-06-09 17:57:00,-0.2445196251934476
2019-06-09 18:00:00,-0.35207130041186474
2019-06-09 18:03:00,-0.11679641768176907
2019-06-09 18:06:00,-0.27631713508907296
2019-06-09 18:09:00,-0.26958029848401566
2019-06-09 18:12:00,-0.17344836142973463
2019-06-09 18:15:00,-0.2603009340841709
2019-06-09 18:18:00,-0.23282794637145798
2019-06-09 18:21:00,-0.20857871876967238
2019-06-09 18:24:00,-0.20462112745997274
2019-06-09 18:27:00,-0.17632180183278479
2019-06-09 18:30:00,-0.0791995032000159
2019-06-09 18:33:00,-0.1056337738093589
2019-06-09 18:36:00,-0.0388818778092741
2019-06-09 18:39:00,-0.12093823821777505
2019-06-09 18:42:00,-0.1787578794686624
2019-06-09 18:45:00,-0.19775477908859784
2019-06-09 18:48:00,-0.16907916372827003
2019-06-09 18:51:00,-0.1527402690450117
2019-06-09 18:54:00,-0.12393008556040286
2019-06-09 18:57:00,
2019-06-09 19:00:00,
2019-06-09 19:03:00,-0.11555118069367154
2019-06-09 19:06:00,-0.09754970771410854
2019-06-09 19:09:00,0.023547411338256552
2019-06-09 19:12:00,-0.05304158640450396
2019-06-09 19:15:00,-0.13775664573046242
2019-06-09 19:18:00,-0.011847648871480487
2019-06-09 19:21:00,0.033370984286250405
2019-06-09 19:24:00,-0.06242471071743694
2019-06-09 19:27:00,-0.04698748452199197
2019-06-09 19:30:00,0.022084197661399685
2019-06-09 19:33:00,0.0457790025346867
2019-06-09 19:36:00,-0.03719480965071398
2019-06-09 19:39:00,0.08163273515214087
2019-06-09 19:42:00,0.0240390688445018
2019-06-09 19:45:00,-0.00828433224546643
2019-06-09 19:48:00,0.01541295142828858
2019-06-09 19:51:00,0.10234704225456426
2019-06-09 19:54:00,0.0022203572606258604
2019-06-09 19:57:00,-0.0033535463514340336
2019-06-09 20:00:00,-0.05196920941631333
2019-06-09 20:03:00,0.09309432293872533
2019-06-09 20:06:00,-0.05824945363309553
2019-06-09 20:09:00,0.001506698502907966
2019-06-09 20:12:00,-0.031305489988426416
2019-06-09 20:15:00,0.028566269249949983
2019-06-09 20:18:00,-0.032741277747390996
2019-06-09 20:21:00,-0.06619426505164938
2019-06-09 20:24:00,-0.06932027781562056
2019-06-09 20:27:00,-0.02983390921656337
2019-06-09 20:30:00,-0.06201645461260341
2019-06-09 20:33:00,0.0004038309948555252
2019-06-09 20:36:00,-0.007171892013445813
2019-06-09 20:39:00,0.0031650717469915435
2019-06-09 20:42:00,-0.015111998406950988
2019-06-09 20:45:00,0.008850965799638288
2019-06-09 20:48:00,0.02996258009380881
2019-06-09 20:51:00,0.032364651308057546
2019-06-09 20:54:00,0.00234681534811898
2019-06-09 20:57:00,-0.05237804405993529
2019-06-09 21:00:00,0.04838320596769563
2019-06-09 21:03:00,0.05325889783580351
2019-06-09 21:06:00,-0.045316178094310544
2019-06-09 21:09:00,-0.002498484460375039
2019-06-09 21:12:00,0.008964580785459475
2019-06-09 21:15:00,0.06517103076936337
2019-06-09 21:18:00,0.020539821148986448
2019-06-09 21:21:00,0.04676026227053853
2019-06-09 21:24:00,0.11642597547563582
2019-06-09 21:27:00,0.09641812692842677
2019-06-09 21:30:00,0.062124689867346206
2019-06-09 21:33:00,-9.446237442034544e-05
2019-06-09 21:36:00,-0.011304746099767726
2019-06-09 21:39:00,0.0316151565903624
2019-06-09 21:42:00,0.11960275690523758
2019-06-09 21:45:00,0.09658576720909196
2019-06-09 21:48:00,0.045042883896826424
2019-06-09 21:51:00,0.0952977895129834
2019-06-09 21:54:00,0.017803105942334696
2019-06-09 21:57:00,0.06198885020319267
2019-06-09 22:00:00,0.05721807994058281
2019-06-09 22:03:00,-0.002510396865545772
2019-06-09 22:06:00,0.0885133915054439
2019-06-09 22:09:00,0.015003294233679298
2019-06-09 22:12:00,0.06139796926464669
2019-06-09 22:15:00,-0.011739617352816367
2019-06-09 22:18:00,0.06794811487765173
2019-06-09 22:21:00,0.10657523202780794
2019-06-09 22:24:00,0.0004119483655813383
2019-06-09 22:27:00,0.09269392857635239
2019-06-09 22:30:00,0.0648651584249933
2019-06-09 22:33:00,0.11548979347918475
2019-06-09 22:36:00,0.0836305194304714
2019-06-09 22:39:00,0.04110675421134147
2019-06-09 22:42:00,0.05436999960505773
2019-06-09 22:45:00,0.04237801498254612
2019-06-09 22:48:00,-0.03197788586101069
2019-06-09 22:51:00,-0.07407160970484483
2019-06-09 22:54:00,0.06665327161618961
2019-06-09 22:57:00,-0.07419744650957227
2019-06-09 23:00:00,0.0025341303950767724
2019-06-09 23:03:00,0.00942460193067518
2019-06-09 23:06:00,0.1266505695101614
2019-06-09 23:09:00,0.044814344416181484
2019-06-09 23:12:00,-0.018601971879661505
2019-06-09 23:15:00,-0.010234628232865361
2019-06-09 23:18:00,0.08910691180204822
2019-06-09 23:21:00,0.12598472508750547
2019-06-09 23:24:00,0.13242399806404137
2019-06-09 23:27:00,0.1200446006816378
2019-06-09 23:30:00,0.19150136800305972
2019-06-09 23:33:00,0.1215061996092004
2019-06-09 23:36:00,0.06945530082583673
2019-06-09 23:39:00,0.23396493548415265
2019-06-09 23:42:00,0.23443530986486394
2019-06-09 23:45:00,0.23253332799066584
2019-06-09 23:48:00,0.17075468847127695
2019-06-09 23:51:00,0.06231390784893165
2019-06-09 23:54:00,0.17397046687239026
2019-06-09 23:57:00,0.16649368046711288
2019-06-10 00:00:00,0.2841873127289887
2019-06-10 00:03:00,0.0827860668217113
2019-06-10 00:06:00,0.0877573775410383
2019-06-10 00:09:00,0.0767081442380686
2019-06-10 00:12:00,0.13098412395623882
2019-06-10 00:15:00,0.1494310184356209
2019-06-10 00:18:00,0.18930042079381337
2019-06-10 00:21:00,0.15687808280500803
2019-06-10 00:24:00,0.12405152773857253
2019-06-10 00:27:00,0.11400416293452054
2019-06-10 00:30:00,0.08865872406573772
2019-06-10 00:33:00,-0.0039939588111792546
2019-06-10 00:36:00,0.08136214354851745
2019-06-10 00:39:00,0.1576889615535606
2019-06-10 00:42:00,0.18831672852041947
2019-06-10 00:45:00,0.1389553082024122
2019-06-10 00:48:00,0.2579091338297985
2019-06-10 00:51:00,0.23180892752861837
2019-06-10 00:54:00,0.34648847067711586
2019-06-10 00:57:00,0.2260639803647564
2019-06-10 01:00:00,0.23373005879511766
2019-06-10 01:03:00,0.18222978760297792
2019-06-10 01:06:00,0.09093186424900068
2019-06-10 01:09:00,0.24199440800583716
2019-06-10 01:12:00,0.14005648872199572
2019-06-10 01:15:00,0.19350222062104194
2019-06-10 01:18:00,0.08578623332573443
2019-06-10 01:21:00,0.1659922217953067
2019-06-10 01:24:00,0.05147291906831697
2019-06-10 01:27:00,0.08664203408471849
2019-06-10 01:30:00,0.12787392554997723
2019-06-10 01:33:00,0.007059756981561804
2019-06-10 01:36:00,0.1822597688778842
2019-06-10 01:39:00,0.11814624975340848
2019-06-10 01:42:00,0.026706146792321306
2019-06-10 01:45:00,0.010347082180317102
2019-06-10 01:48:00,0.04601292896524001
2019-06-10 01:51:00,0.10438588067904675
2019-06-10 01:54:00,0.10385816834565276
2019-06-10 01:57:00,0.05896345616542931
2019-06-10 02:00:00,0.09940659741914715
2019-06-10 02:03:00,0.013622166902393928
2019-06-10 02:06:00,0.0450899127937987
2019-06-10 02:09:00,0.11553619305624352
2019-06-10 02:12:00,0.11018077606689758
2019-06-10 02:15:00,0.13749891233658218
2019-06-10 02:18:00,0.18621574404789953
2019-06-10 02:21:00,0.21650667768983567
2019-06-10 02:24:00,0.21697356901722742
2019-06-10 02:27:00,0.06362261967530003
2019-06-10 02:30:00,0.13097287398733215
2019-06-10 02:33:00,0.11073417809626562
2019-06-10 02:36:00,0.10767473840348885
2019-06-10 02:39:00,0.10865882736345611
2019-06-10 02:42:00,0.089410685500809
2019-06-10 02:45:00,0.11552989649442225
2019-06-10 02:48:00,0.1965144814084283
2019-06-10 02:51:00,0.16625538602414736
2019-06-10 02:54:00,0.17806908996021775
2019-06-10 02:57:00,0.13283182105482183
2019-06-10 03:00:00,0.21521664516967576
2019-06-10 03:03:00,0.12012601559985114
2019-06-10 03:06:00,0.11822073789869592
2019-06-10 03:09:00,0.15890284240146002
2019-06-10 03:12:00,0.14179719683994563
2019-06-10 03:15:00,0.23057685757765967
2019-06-10 03:18:00,0.18310153488170045
2019-06-10 03:21:00,0.17243373397877804
2019-06-10 03:24:00,0.18945471668439495
2019-06-10 03:27:00,0.21645536643723062
2019-06-10 03:30:00,0.18179657760276768
2019-06-10 03:33:00,0.12844270526022683
2019-06-10 03:36:00,0.21119132610544966
2019-06-10 03:39:00,0.13704583904075207
2019-06-10 03:42:00,0.1784186713202871
2019-06-10 03:45:00,0.20963812890551026
2019-06-10 03:48:00,0.24181967637787238
2019-06-10 03:51:00,0.13281007763816888
2019-06-10 03:54:00,0.2412340221092677
2019-06-10 03:57:00,0.24608383112956744
2019-06-10 04:00:00,0.3294885784061421
2019-06-10 04:03:00,0.25383308586611975
2019-06-10 04:06:00,0.3347096267166876
2019-06-10 04:09:00,0.1774303870358267
2019-06-10 04:12:00,0.2111813449772626
2019-06-10 04:15:00,0.2718365568210288
2019-06-10 04:18:00,0.2936866763191688
2019-06-10 04:21:00,0.22245007755060442
2019-06-10 04:24:00,0.2382760205129557
2019-06-10 04:27:00,0.2403198988028521
2019-06-10 04:30:00,0.2745708514815419
2019-06-10 04:33:00,0.20568205480736879
2019-06-10 04:36:00,0.19441268324783323
2019-06-10 04:39:00,0.24918678740147016
2019-06-10 04:42:00,0.16309127754232122
2019-06-10 04:45:00,0.22260331259462873
2019-06-10 04:48:00,0.209880856896973
2019-06-10 04:51:00,0.2453977008719903
2019-06-10 04:54:00,0.26539770257670625
2019-06-10 04:57:00,0.2619691028509692
2019-06-10 05:00:00,0.21616966518172376
2019-06-10 05:03:00,0.2287076464428992
2019-06-10 05:06:00,0.18398808341970607
2019-06-10 05:09:00,0.2531268079172264
2019-06-10 05:12:00,0.1701000034020126
2019-06-10 05:15:00,0.14010025168539642
2019-06-10 05:18:00,0.1804288466699404
2019-06-10 05:21:00,0.20911493807585657
2019-06-10 05:24:00,0.1559372389372129
2019-06-10 05:27:00,0.19367792560041153
2019-06-10 05:30:00,0.2337316199510724
2019-06-10 05:33:00,0.15383978254016029
2019-06-10 05:36:00,0.22345595318955702
2019-06-10 05:39:00,0.2494536564296368
2019-06-10 05:42:00,0.13618829133355348
2019-06-10 05:45:00,0.17448549347500375
2019-06-10 05:48:00,0.15201146717822667
2019-06-10 05:51:00,0.3583209924070161
2019-06-10 05:54:00,0.22222516201730969
2019-06-10 05:57:00,0.26299819116201206
2019-06-10 06:00:00,0.28553465564459657
2019-06-10 06:03:00,0.2868954547762428
2019-06-10 06:06:00,0.3378714360844697
2019-06-10 06:09:00,0.37284979483331426
2019-06-10 06:12:00,0.36352590898729886
2019-06-10 06:15:00,0.3219471495644939
2019-06-10 06:18:00,0.2741606706894686
2019-06-10 06:21:00,0.2796543941149139
2019-06-10 06:24:00,0.27984517341946
2019-06-10 06:27:00,0.36092205713799785
2019-06-10 06:30:00,0.22880240809047336
2019-06-10 06:33:00,0.22464603156572593
2019-06-10 06:36:00,0.3012304252885656
2019-06-10 06:39:00,0.27410024937938715
2019-06-10 06:42:00,0.26677313323449425
2019-06-10 06:45:00,0.26378273859444334
2019-06-10 06:48:00,0.22000197149526457
2019-06-10 06:51:00,0.19320513368774073
2019-06-10 06:54:00,0.3049460230849377
2019-06-10 06:57:00,0.2872309770912693
2019-06-10 07:00:00,0.32590224938053325
2019-06-10 07:03:00,0.2715319674047123
2019-06-10 07:06:00,0.3024377864697385
2019-06-10 07:09:00,0.24447742945744722
2019-06-10 07:12:00,0.2544292798559127
2019-06-10 07:15:00,0.1673689307402242
2019-06-10 07:18:00,0.25306443086606123
2019-06-10 07:21:00,0.31209250712458925
2019-06-10 07:24:00,0.24381075175313072
2019-06-10 07:27:00,0.3209181636767653
2019-06-10 07:30:00,0.2500247517253342
2019-06-10 07:33:00,0.20046390503040357
2019-06-10 07:36:00,0.2853947538923194
2019-06-10 07:39:00,0.2946123504486309
2019-06-10 07:42:00,0.3025606710254465
2019-06-10 07:45:00,0.2509076782266675
2019-06-10 07:48:00,0.24118138098623376
2019-06-10 07:51:00,0.3133096499955741
2019-06-10 07:54:00,0.28941931940505583
2019-06-10 07:57:00,0.3037349914021661
2019-06-10 08:00:00,0.2644322439326743
2019-06-10 08:03:00,0.2378601029308811
2019-06-10 08:06:00,0.25065652958369355
2019-06-10 08:09:00,0.2426510969875153
2019-06-10 08:12:00,0.24054443787923674
2019-06-10 08:15:00,0.29954684126579423
2019-06-10 08:18:00,0.22853882290326055
2019-06-10 08:21:00,0.16021626048325288
2019-06-10 08:24:00,0.19260814125976822
2019-06-10 08:27:00,0.27787068591737807
2019-06-10 08:30:00,0.17275374150528933
2019-06-10 08:33:00,0.19207119513487214
2019-06-10 08:36:00,0.21636121937916641
2019-06-10 08:39:00,0.20745445906868554
2019-06-10 08:42:00,0.1518688043059342
2019-06-10 08:45:00,0.1792026173837371
2019-06-10 08:48:00,0.16447970592815864
2019-06-10 08:51:00,0.03427289959938662
2019-06-10 08:54:00,0.1175603778459049
2019-06-10 08:57:00,0.053844297774730876
2019-06-10 09:00:00,0.1340470207117619
2019-06-10 09:03:00,0.1535877434684494
2019-06-10 09:06:00,0.07208745723829679
2019-06-10 09:09:00,0.1770481558719439
2019-06-10 09:12:00,0.13958437875902518
2019-06-10 09:15:00,0.1047821270511804
2019-06-10 09:18:00,0.027300708396182927
2019-06-10 09:21:00,0.05928719016225159
2019-06-10 09:24:00,0.0008778362134762574
2019-06-10 09:27:00,0.058127236697657736
2019-06-10 09:30:00,-0.020442236286498883
2019-06-10 09:33:00,-0.07724306780357892
2019-06-10 09:36:00,-0.07766895221624281
2019-06-10 09:39:00,-0.03285844570001473
2019-06-10 09:42:00,-0.025278003178470954
2019-06-10 09:45:00,0.0020344044866078548
2019-06-10 09:48:00,-0.08699439284521304
2019-06-10 09:51:00,-0.01357457380612459
2019-06-10 09:54:00,-0.01416472499442989
2019-06-10 09:57:00,-0.12672065808772004
2019-06-10 10:00:00,-0.03499503255545733
2019-06-10 10:03:00,-0.03692625746941758
2019-06-10 10:06:00,-0.03330328533337479
2019-06-10 10:09:00,-0.07030754552954477
2019-06-10 10:12:00,-0.04476406624695528
2019-06-10 10:15:00,-0.026878143412204736
2019-06-10 10:18:00,-0.10826335543782761
2019-06-10 10:21:00,-0.10093978504181678
2019-06-10 10:24:00,-0.14430082258769517
2019-06-10 10:27:00,-0.10063218767493254
2019-06-10 10:30:00,-0.07330611219310867
2019-06-10 10:33:00,-0.04864458900323143
2019-06-10 10:36:00,0.03445682057662225
2019-06-10 10:39:00,-0.17058530202257316
2019-06-10 10:42:00,-0.12396498051288063
2019-06-10 10:45:00,-0.189521227342766
2019-06-10 10:48:00,-0.028385419747280594
2019-06-10 10:51:00,-0.03422264836086697
2019-06-10 10:54:00,-0.10962876399986499
2019-06-10 10:57:00,-0.23905340816418175
2019-06-10 11:00:00,-0.26784312697634505
2019-06-10 11:03:00,-0.09646944552105197
2019-06-10 11:06:00,-0.06256460719617962
2019-06-10 11:09:00,-0.10172302198492389
2019-06-10 11:12:00,-0.008754736545313335
2019-06-10 11:15:00,-0.08454374568384537
2019-06-10 11:18:00,-0.132482897944044
2019-06-10 11:21:00,-0.07430637667613382
2019-06-10 11:24:00,-0.041078684073738714
2019-06-10 11:27:00,0.09643609859028857
2019-06-10 11:30:00,-0.006911438326483221
2019-06-10 11:33:00,-0.13309817648968192
2019-06-10 11:36:00,-0.06068131079240402
2019-06-10 11:39:00,-0.08986507476373617
2019-06-10 11:42:00,-0.11038615116024175
2019-06-10 11:45:00,-0.10212177037817582
2019-06-10 11:48:00,-0.21953085891055935
2019-06-10 11:51:00,-0.355964687446658
2019-06-10 11:54:00,-0.1591193371725126
2019-06-10 11:57:00,-0.3213070614467597
2019-06-10 12:00:00,-0.23427186896805097
2019-06-10 12:03:00,-0.2855269406137495
2019-06-10 12:06:00,-0.4056213202704839
2019-06-10 12:09:00,-0.2999148891940422
2019-06-10 12:12:00,-0.2325412909831357
2019-06-10 12:15:00,-0.25819418434679164
2019-06-10 12:18:00,-0.3077455266203515
2019-06-10 12:21:00,-0.41121990407549447
2019-06-10 12:24:00,-0.36752648201439797
2019-06-10 12:27:00,-0.3496880155416875
2019-06-10 12:30:00,-0.38991038430668823
2019-06-10 12:33:00,-0.3869942541937803
2019-06-10 12:36:00,-0.4471686356131954
2019-06-10 12:39:00,-0.4097744598451527
2019-06-10 12:42:00,-0.3338327791652773
2019-06-10 12:45:00,-0.4201165528983779
2019-06-10 12:48:00,-0.44102036497037034
2019-06-10 12:51:00,-0.44795734658805486
2019-06-10 12:54:00,-0.40417755195664995
2019-06-10 12:57:00,-0.21020175769763227
2019-06-10 13:00:00,-0.3155943066736313
2019-06-10 13:03:00,-0.3436873278637904
2019-06-10 13:06:00,-0.40589361819758096
2019-06-10 13:09:00,-0.34931965653959196
2019-06-10 13:12:00,-0.2935594491611937
2019-06-10 13:15:00,-0.28277437142759254
2019-06-10 13:18:00,-0.2753242925392101
2019-06-10 13:21:00,-0.24590383578504316
2019-06-10 13:24:00,-0.31465598423091024
2019-06-10 13:27:00,-0.4149437315420528
2019-06-10 13:30:00,-0.34993882724597825
2019-06-10 13:33:00,-0.2681691728556075
2019-06-10 13:36:00,-0.3337471018928113
2019-06-10 13:39:00,-0.2517824819528869
2019-06-10 13:42:00,-0.3068578231890342
2019-06-10 13:45:00,-0.21199139566698477
2019-06-10 13:48:00,-0.37157495704195753
2019-06-10 13:51:00,-0.3779246383904251
2019-06-10 13:54:00,-0.3500316548821729
2019-06-10 13:57:00,-0.35162719184904745
2019-06-10 14:00:00,-0.36988623171095014
2019-06-10 14:03:00,-0.37375447912523896
2019-06-10 14:06:00,-0.3007757442509842
2019-06-10 14:09:00,-0.28252001870168897
2019-06-10 14:12:00,-0.205108128955942
2019-06-10 14:15:00,-0.23891517545439456
2019-06-10 14:18:00,-0.3428459563618276
2019-06-10 14:21:00,-0.41691933315621554
2019-06-10 14:24:00,-0.38523358985622735
2019-06-10 14:27:00,-0.3387670980271764
2019-06-10 14:30:00,-0.3464391361262642
2019-06-10 14:33:00,-0.4536949084020421
2019-06-10 14:36:00,-0.27343729498772973
2019-06-10 14:39:00,-0.35941882333753483
2019-06-10 14:42:00,-0.27769957057506645
2019-06-10 14:45:00,-0.3304844549898007
2019-06-10 14:48:00,-0.33188342032156015
2019-06-10 14:51:00,-0.3724626458772491
2019-06-10 14:54:00,-0.3629727182217266
2019-06-10 14:57:00,-0.3521625062222711
2019-06-10 15:00:00,-0.45596273628063955
2019-06-10 15:03:00,-0.2624749977247802
2019-06-10 15:06:00,-0.27024295978577584
2019-06-10 15:09:00,-0.27910996096068175
2019-06-10 15:12:00,-0.3340210867376072
2019-06-10 15:15:00,-0.4335516483385504
2019-06-10 15:18:00,-0.23668874569062837
2019-06-10 15:21:00,-0.36764697097402177
2019-06-10 15:24:00,-0.32440078861725397
2019-06-10 15:27:00,-0.4306086794452426
2019-06-10 15:30:00,-0.2768261613184677
2019-06-10 15:33:00,-0.2563972219316497
2019-06-10 15:36:00,-0.10106707296245077
2019-06-10 15:39:00,-0.09060944501186441
2019-06-10 15:42:00,-0.22597552693736134
2019-06-10 15:45:00,-0.28210867467373646
2019-06-10 15:48:00,-0.08366847146152168
2019-06-10 15:51:00,-0.10203953534755783
2019-06-10 15:54:00,-0.15584731002240915
2019-06-10 15:57:00,-0.1591419739278308
2019-06-10 16:00:00,0.010282808521537845
2019-06-10 16:03:00,-0.20510999420730514
2019-06-10 16:06:00,-0.138766041973156
2019-06-10 16:09:00,-0.08046975088365116
2019-06-10 16:12:00,0.1268664909203494
2019-06-10 16:15:00,0.06036078636628872
2019-06-10 16:18:00,-0.0868546043434435
2019-06-10 16:21:00,-0.024657543720195463
2019-06-10 16:24:00,0.1346838067211138
2019-06-10 16:27:00,-0.15768888206645215
2019-06-10 16:30:00,-0.09114067801976944
2019-06-10 16:33:00,-0.04444765694432817
2019-06-10 16:36:00,-0.08825041672577072
2019-06-10 16:39:00,-0.12825543187847188
2019-06-10 16:42:00,-0.21689562112152316
2019-06-10 16:45:00,-0.030565042396062836
2019-06-10 16:48:00,-0.21193560139806777
2019-06-10 16:51:00,-0.06688033119905867
2019-06-10 16:54:00,-0.17373152346129928
2019-06-10 16:57:00,-0.134426441547987
2019-06-10 17:00:00,-0.19012361008952894
2019-06-10 17:03:00,-0.09648886351800456
2019-06-10 17:06:00,-0.2007855499271045
2019-06-10 17:09:00,-0.1478880373851439
2019-06-10 17:12:00,-0.19425511151649744
2019-06-10 17:15:00,-0.1298459268282386
2019-06-10 17:18:00,-0.0989786494379814
2019-06-10 17:21:00,-0.18962182349969225
2019-06-10 17:24:00,-0.1886850746178652
2019-06-10 17:27:00,-0.15039518164627452
2019-06-10 17:30:00,-0.23190177748307406
2019-06-10 17:33:00,-0.20632579448141541
2019-06-10 17:36:00,-0.20719338870435422
2019-06-10 17:39:00,-0.14510724065411296
2019-06-10 17:42:00,-0.21656766043327025
2019-06-10 17:45:00,-0.2522758901362181
2019-06-10 17:48:00,-0.1706625103756778
2019-06-10 17:51:00,-0.2142750910628024
2019-06-10 17:54:00,-0.20871098942228627
2019-06-10 17:57:00,-0.07719524494785901
2019-06-10 18:00:00,-0.22849545856706754
2019-06-10 18:03:00,-0.16818563696938327
2019-06-10 18:06:00,-0.21324263630862106
2019-06-10 18:09:00,-0.11359673911169921
2019-06-10 18:12:00,-0.15945606777944477
2019-06-10 18:15:00,-0.1769679966891431
2019-06-10 18:18:00,-0.19405021676527667
2019-06-10 18:21:00,-0.06336622220356958
2019-06-10 18:24:00,-0.16280689804932535
2019-06-10 18:27:00,-0.15505056203642198
2019-06-10 18:30:00,-0.16361757000697708
2019-06-10 18:33:00,-0.11848766859560556
2019-06-10 18:36:00,-0.18436317846965267
2019-06-10 18:39:00,-0.1649844768693356
2019-06-10 18:42:00,-0.24032714308123104
2019-06-10 18:45:00,-0.20521694079712915
2019-06-10 18:48:00,-0.07945134795374997
2019-06-10 18:51:00,-0.21077952926225407
2019-06-10 18:54:00,
2019-06-10 18:57:00,
2019-06-10 19:00:00,
2019-06-10 19:03:00,-0.10350192490699328
2019-06-10 19:06:00,-0.1660256783678733
2019-06-10 19:09:00,-0.12567734116106521
2019-06-10 19:12:00,-0.1396734283459864
2019-06-10 19:15:00,-0.11376575320838356
2019-06-10 19:18:00,-0.1201927776382945
2019-06-10 19:21:00,-0.010702977377604839
2019-06-10 19:24:00,-0.1232462378337118
2019-06-10 19:27:00,-0.12871200351946754
2019-06-10 19:30:00,-0.1142230774552786
2019-06-10 19:33:00,-0.1377536485126143
2019-06-10 19:36:00,-0.08522960319993445
2019-06-10 19:39:00,-0.05961656823672001
2019-06-10 19:42:00,-0.05680884874726644
2019-06-10 19:45:00,-0.03984899631581129
2019-06-10 19:48:00,-0.045546046182096234
2019-06-10 19:51:00,-0.15175122378064998
2019-06-10 19:54:00,-0.04362946291519165
2019-06-10 19:57:00,-0.08643047511640134
2019-06-10 20:00:00,-0.07285697049775308
2019-06-10 20:03:00,-0.08611847707214793
2019-06-10 20:06:00,-0.15101571311697626
2019-06-10 20:09:00,-0.09307545648562154
2019-06-10 20:12:00,-0.15193989009458164
2019-06-10 20:15:00,0.04310782029085658
2019-06-10 20:18:00,-0.021533167238601436
2019-06-10 20:21:00,0.06850753273391774
2019-06-10 20:24:00,0.06832230149791485
2019-06-10 20:27:00,-0.008413009524588233
2019-06-10 20:30:00,-0.04133706836478268
2019-06-10 20:33:00,0.06309336909754393
2019-06-10 20:36:00,0.1530408479803782
2019-06-10 20:39:00,0.09686680095882139
2019-06-10 20:42:00,-0.08928872775504715
2019-06-10 20:45:00,-0.004533134094572233
2019-06-10 20:48:00,-0.051054285507916575
2019-06-10 20:51:00,-0.13462209130085512
2019-06-10 20:54:00,-0.07968429577232428
2019-06-10 20:57:00,-0.08640612198433928
2019-06-10 21:00:00,-0.011880554911442687
2019-06-10 21:03:00,-0.03312177010553796
2019-06-10 21:06:00,-0.03217399840366397
2019-06-10 21:09:00,-0.15284324521371673
2019-06-10 21:12:00,-0.06957851267441129
2019-06-10 21:15:00,-0.08103392192953152
2019-06-10 21:18:00,-0.10172138942073161
2019-06-10 21:21:00,-0.02457187981781317
2019-06-10 21:24:00,-0.07678511119462428
2019-06-10 21:27:00,-0.020337009584523003
2019-06-10 21:30:00,-0.02626355329857688
2019-06-10 21:33:00,0.04930449252321978
2019-06-10 21:36:00,-0.04447487279469442
2019-06-10 21:39:00,0.03115132972243373
2019-06-10 21:42:00,0.0018504653596664866
2019-06-10 21:45:00,0.023045904906666692
2019-06-10 21:48:00,0.0237659502496399
2019-06-10 21:51:00,0.09314715759683168
2019-06-10 21:54:00,0.015021564288076661
2019-06-10 21:57:00,0.04952335883234582
2019-06-10 22:00:00,0.03706149352893817
2019-06-10 22:03:00,0.03672027468161332
2019-06-10 22:06:00,0.03258187014836267
2019-06-10 22:09:00,0.05136500412976375
2019-06-10 22:12:00,0.07411124147523651
2019-06-10 22:15:00,0.13274421374211443
2019-06-10 22:18:00,-0.009562456339438086
2019-06-10 22:21:00,0.1276601060825442
2019-06-10 22:24:00,0.007950644721972822
2019-06-10 22:27:00,0.0976289317961232
2019-06-10 22:30:00,0.014778093168160922
2019-06-10 22:33:00,0.1029636644304901
2019-06-10 22:36:00,0.1021472660692666
2019-06-10 22:39:00,0.11668612419833835
2019-06-10 22:42:00,-0.011351985691590016
2019-06-10 22:45:00,0.07694488791599952
2019-06-10 22:48:00,0.07126954864446589
2019-06-10 22:51:00,0.10286420069593305
2019-06-10 22:54:00,0.13861695541083918
2019-06-10 22:57:00,0.05037689308971949
2019-06-10 23:00:00,0.013439942375725877
2019-06-10 23:03:00,0.05315347804457815
2019-06-10 23:06:00,0.11249072993939535
2019-06-10 23:09:00,0.16513180428415808
2019-06-10 23:12:00,0.0974153362413972
2019-06-10 23:15:00,0.09212616053997635
2019-06-10 23:18:00,0.10730491457997005
2019-06-10 23:21:00,0.13362116336753616
2019-06-10 23:24:00,0.08829334933750488
2019-06-10 23:27:00,-0.022069059137606928
2019-06-10 23:30:00,0.10790850334217339
2019-06-10 23:33:00,-0.016497817828110328
2019-06-10 23:36:00,0.13378579801167234
2019-06-10 23:39:00,0.0037550606720060387
2019-06-10 23:42:00,0.049679946377182205
2019-06-10 23:45:00,0.042842680457908955
2019-06-10 23:48:00,0.06935291984109426
2019-06-10 23:51:00,0.061239467438838346
2019-06-10 23:54:00,0.03999003409052193
2019-06-10 23:57:00,0.134620730874758
2019-06-11 00:00:00,0.021151962813689806
2019-06-11 00:03:00,0.09217146036098711
2019-06-11 00:06:00,0.10416623327301977
2019-06-11 00:09:00,0.04759484070268627
2019-06-11 00:12:00,0.09159114401091983
2019-06-11 00:15:00,0.1283764197914934
2019-06-11 00:18:00,0.16326642353914167
2019-06-11 00:21:00,0.10463478186431985
2019-06-11 00:24:00,0.09291664189061066
2019-06-11 00:27:00,0.08071776509899564
2019-06-11 00:30:00,0.07880226946508628
2019-06-11 00:33:00,0.12263924871081144
2019-06-11 00:36:00,0.10084409618184509
2019-06-11 00:39:00,0.12961504175609662
2019-06-11 00:42:00,0.1344577396639579
2019-06-11 00:45:00,0.22304361083865842
2019-06-11 00:48:00,0.1401917131014443
2019-06-11 00:51:00,0.10002547493024849
2019-06-11 00:54:00,0.08873071095155183
2019-06-11 00:57:00,0.027911761116627076
2019-06-11 01:00:00,0.10129744600561708
2019-06-11 01:03:00,0.20172900000977734
2019-06-11 01:06:00,0.13442614758935179
2019-06-11 01:09:00,0.1286897029800116
2019-06-11 01:12:00,0.20243718868874794
2019-06-11 01:15:00,0.21900200396095215
2019-06-11 01:18:00,0.17993711285981817
2019-06-11 01:21:00,0.12418612062066359
2019-06-11 01:24:00,0.08891376619686753
2019-06-11 01:27:00,0.03481083298510157
2019-06-11 01:30:00,0.06791854681705445
2019-06-11 01:33:00,0.0749385218538805
2019-06-11 01:36:00,0.07248191939419257
2019-06-11 01:39:00,0.13943550050242948
2019-06-11 01:42:00,0.11078890732039781
2019-06-11 01:45:00,0.13623203095124836
2019-06-11 01:48:00,0.24373949504297343
2019-06-11 01:51:00,0.15703232416552737
2019-06-11 01:54:00,0.19769930602967634
2019-06-11 01:57:00,0.08635324243289233
2019-06-11 02:00:00,0.21170258292750077
2019-06-11 02:03:00,0.1847459581005637
2019-06-11 02:06:00,0.1875969019440049
2019-06-11 02:09:00,0.1437359220430494
2019-06-11 02:12:00,0.19795234293121666
2019-06-11 02:15:00,0.25117973009912475
2019-06-11 02:18:00,0.14907060632816638
2019-06-11 02:21:00,0.16035580969145258
2019-06-11 02:24:00,0.1410198752525389
2019-06-11 02:27:00,0.19048256691695542
2019-06-11 02:30:00,0.1602405489092007
2019-06-11 02:33:00,0.18458309586662835
2019-06-11 02:36:00,0.04092240313508455
2019-06-11 02:39:00,0.19648898307963236
2019-06-11 02:42:00,0.0901677929844027
2019-06-11 02:45:00,0.15647286430413487
2019-06-11 02:48:00,0.18983226150544397
2019-06-11 02:51:00,0.2581327466332368
2019-06-11 02:54:00,0.2622451320775667
2019-06-11 02:57:00,0.17788390417058508
2019-06-11 03:00:00,0.16191314047460992
2019-06-11 03:03:00,0.299840136146031
2019-06-11 03:06:00,0.1398834921645289
2019-06-11 03:09:00,0.21774808470337348
2019-06-11 03:12:00,0.15525954806014397
2019-06-11 03:15:00,0.26618226015079927
2019-06-11 03:18:00,0.25189590770048653
2019-06-11 03:21:00,0.07049982593633786
2019-06-11 03:24:00,0.22967307163236228
2019-06-11 03:27:00,0.3040860794548621
2019-06-11 03:30:00,0.21901689352114317
2019-06-11 03:33:00,0.18300944924021678
2019-06-11 03:36:00,0.26377007445489653
2019-06-11 03:39:00,0.2733602337316938
2019-06-11 03:42:00,0.254905758033658
2019-06-11 03:45:00,0.3736701120550947
2019-06-11 03:48:00,0.19965192281586042
2019-06-11 03:51:00,0.30820711916726395
2019-06-11 03:54:00,0.3028976763742435
2019-06-11 03:57:00,0.2198958212795219
2019-06-11 04:00:00,0.25455098841416657
2019-06-11 04:03:00,0.24978887179196363
2019-06-11 04:06:00,0.32608074770217854
2019-06-11 04:09:00,0.21767744283465618
2019-06-11 04:12:00,0.20932450914506262
2019-06-11 04:15:00,0.3540893393747524
2019-06-11 04:18:00,0.3187880584497975
2019-06-11 04:21:00,0.25841687323190854
2019-06-11 04:24:00,0.3487541684421558
2019-06-11 04:27:00,0.23333355089152974
2019-06-11 04:30:00,0.29377035004665686
2019-06-11 04:33:00,0.26170321024278564
2019-06-11 04:36:00,0.19960343134141567
2019-06-11 04:39:00,0.2487590790253762
2019-06-11 04:42:00,0.24851990099949717
2019-06-11 04:45:00,0.2442777884744487
2019-06-11 04:48:00,0.3153189722361276
2019-06-11 04:51:00,0.34134047881457263
2019-06-11 04:54:00,0.24068523071946402
2019-06-11 04:57:00,0.3060197072227311
2019-06-11 05:00:00,0.32714072988596854
2019-06-11 05:03:00,0.29818505887419633
2019-06-11 05:06:00,0.2510745752807111
2019-06-11 05:09:00,0.2323643387197194
2019-06-11 05:12:00,0.3204650112751892
2019-06-11 05:15:00,0.35267634832354133
2019-06-11 05:18:00,0.1742708144674907
2019-06-11 05:21:00,0.21364096836964563
2019-06-11 05:24:00,0.17608187322252888
2019-06-11 05:27:00,0.31457452840470523
2019-06-11 05:30:00,0.33445516443435963
2019-06-11 05:33:00,0.22056084551508093
2019-06-11 05:36:00,0.2758172520509561
2019-06-11 05:39:00,0.3727697334260256
2019-06-11 05:42:00,0.4129285666409146
2019-06-11 05:45:00,0.29818005713258344
2019-06-11 05:48:00,0.33901200049484714
2019-06-11 05:51:00,0.3448397178378855
2019-06-11 05:54:00,0.3311083591290753
2019-06-11 05:57:00,0.29167301459443706
2019-06-11 06:00:00,0.3075965392986859
2019-06-11 06:03:00,0.29398329356723707
2019-06-11 06:06:00,0.3966996669454943
2019-06-11 06:09:00,0.34037107227658225
2019-06-11 06:12:00,0.2740249173079974
2019-06-11 06:15:00,0.3338727548139673
2019-06-11 06:18:00,0.28465077708295894
2019-06-11 06:21:00,0.35826731076497254
2019-06-11 06:24:00,0.40967329760820803
2019-06-11 06:27:00,0.26819774084231085
2019-06-11 06:30:00,0.38106599915823836
2019-06-11 06:33:00,0.34043877950819024
2019-06-11 06:36:00,0.23352782048573317
2019-06-11 06:39:00,0.2825944686671278
2019-06-11 06:42:00,0.39934585987145965
2019-06-11 06:45:00,0.23254563744768575
2019-06-11 06:48:00,0.22990524348819008
2019-06-11 06:51:00,0.342909538908998
2019-06-11 06:54:00,0.24965503081938323
2019-06-11 06:57:00,0.30388979842388153
2019-06-11 07:00:00,0.33319364808664886
2019-06-11 07:03:00,0.2793608313094751
2019-06-11 07:06:00,0.34670243226503317
2019-06-11 07:09:00,0.2181049033687259
2019-06-11 07:12:00,0.3040861648859732
2019-06-11 07:15:00,0.24306160962902368
2019-06-11 07:18:00,0.2904894674459797
2019-06-11 07:21:00,0.24084198542595914
2019-06-11 07:24:00,0.2369880077700941
2019-06-11 07:27:00,0.2590923793176785
2019-06-11 07:30:00,0.18866486983557706
2019-06-11 07:33:00,0.1768593386309476
2019-06-11 07:36:00,0.2460482310997918
2019-06-11 07:39:00,0.1448108853485337
2019-06-11 07:42:00,0.23977394985581668
2019-06-11 07:45:00,0.05201606013167748
2019-06-11 07:48:00,0.2703407762824668
2019-06-11 07:51:00,0.22627218691053486
2019-06-11 07:54:00,0.21134567228062906
2019-06-11 07:57:00,0.17941530776943182
2019-06-11 08:00:00,0.2580775237273656
2019-06-11 08:03:00,0.27357121876684687
2019-06-11 08:06:00,0.1619537152063799
2019-06-11 08:09:00,0.1920147987232781
2019-06-11 08:12:00,0.1813163191343392
2019-06-11 08:15:00,0.16486269897831107
2019-06-11 08:18:00,0.14729610961131812
2019-06-11 08:21:00,0.11354674516877594
2019-06-11 08:24:00,0.1962268740292643
2019-06-11 08:27:00,0.1055640066201704
2019-06-11 08:30:00,0.20937432732142724
2019-06-11 08:33:00,0.15026461887271125
2019-06-11 08:36:00,-0.05557251965205978
2019-06-11 08:39:00,0.1259626236806639
2019-06-11 08:42:00,0.07193309846525153
2019-06-11 08:45:00,0.10077738586278429
2019-06-11 08:48:00,0.074975768640968
2019-06-11 08:51:00,0.1951807155906522
2019-06-11 08:54:00,0.08207855751538773
2019-06-11 08:57:00,-0.0038189222592563965
2019-06-11 09:00:00,-0.02567912803493755
2019-06-11 09:03:00,-0.03930396757419885
2019-06-11 09:06:00,0.006550478401777582
2019-06-11 09:09:00,-0.03546406698131932
2019-06-11 09:12:00,-0.06880729064749858
2019-06-11 09:15:00,0.02332361126542537
2019-06-11 09:18:00,-0.12215198389333182
2019-06-11 09:21:00,-0.10233674975916074
2019-06-11 09:24:00,-0.13884404081039747
2019-06-11 09:27:00,-0.08427901393037018
2019-06-11 09:30:00,-0.012069228348877914
2019-06-11 09:33:00,-0.13901571524394285
2019-06-11 09:36:00,0.05631197910224728
2019-06-11 09:39:00,-0.07533262589191736
2019-06-11 09:42:00,-0.14045260167222295
2019-06-11 09:45:00,-0.02287375377693479
2019-06-11 09:48:00,-0.07234498294110381
2019-06-11 09:51:00,-0.09686052015234736
2019-06-11 09:54:00,-0.12944716167606884
2019-06-11 09:57:00,-0.18413256882450924
2019-06-11 10:00:00,-0.11774257342420924
2019-06-11 10:03:00,-0.2504352807739565
2019-06-11 10:06:00,-0.2142990221909713
2019-06-11 10:09:00,-0.15894517533638464
2019-06-11 10:12:00,-0.1761195502164128
2019-06-11 10:15:00,-0.14215359904403613
2019-06-11 10:18:00,-0.19432940740574622
2019-06-11 10:21:00,-0.11322900570348793
2019-06-11 10:24:00,-0.19358468930323625
2019-06-11 10:27:00,-0.21534415360798675
2019-06-11 10:30:00,-0.13996124672638643
2019-06-11 10:33:00,-0.12563977019010508
2019-06-11 10:36:00,-0.16638699665344348
2019-06-11 10:39:00,-0.26219450751983686
2019-06-11 10:42:00,-0.31342141726372574
2019-06-11 10:45:00,-0.16678791563333561
2019-06-11 10:48:00,-0.19912695778748457
2019-06-11 10:51:00,-0.27537373820484845
2019-06-11 10:54:00,-0.2546521581763841
2019-06-11 10:57:00,-0.2656203840649596
2019-06-11 11:00:00,-0.25588522815849046
2019-06-11 11:03:00,-0.17871971429650557
2019-06-11 11:06:00,-0.28160253765724974
2019-06-11 11:09:00,-0.21503259924412532
2019-06-11 11:12:00,-0.3103715648252887
2019-06-11 11:15:00,-0.2619550931702861
2019-06-11 11:18:00,-0.2927482459567159
2019-06-11 11:21:00,-0.3188243458885722
2019-06-11 11:24:00,-0.27542472474294755
2019-06-11 11:27:00,-0.25411874974179227
2019-06-11 11:30:00,-0.2375794309795083
2019-06-11 11:33:00,-0.31278327820058394
2019-06-11 11:36:00,-0.35898976598809895
2019-06-11 11:39:00,-0.2757323724266598
2019-06-11 11:42:00,-0.3564531915839666
2019-06-11 11:45:00,-0.39497213024327493
2019-06-11 11:48:00,-0.3671155202907812
2019-06-11 11:51:00,-0.2067209574622666
2019-06-11 11:54:00,-0.18268569249079292
2019-06-11 11:57:00,-0.2879481394874688
2019-06-11 12:00:00,-0.3041846774256669
2019-06-11 12:03:00,-0.4156486178191585
2019-06-11 12:06:00,-0.3308640666629685
2019-06-11 12:09:00,-0.40419112953952663
2019-06-11 12:12:00,-0.2704436854369874
2019-06-11 12:15:00,-0.29162599347057494
2019-06-11 12:18:00,-0.32865212500837515
2019-06-11 12:21:00,-0.2775325133870865
2019-06-11 12:24:00,-0.3341853153684724
2019-06-11 12:27:00,-0.31884742851394776
2019-06-11 12:30:00,-0.43281476689946885
2019-06-11 12:33:00,-0.3955164723338953
2019-06-11 12:36:00,-0.44805609985172623
2019-06-11 12:39:00,-0.4385635179274914
2019-06-11 12:42:00,-0.3672695019176899
2019-06-11 12:45:00,-0.34244736501949546
2019-06-11 12:48:00,-0.4037928072546606
2019-06-11 12:51:00,-0.3354379350652721
2019-06-11 12:54:00,-0.48628067842247447
2019-06-11 12:57:00,-0.5042231980735323
2019-06-11 13:00:00,-0.34107216376270344
2019-06-11 13:03:00,-0.40012092408613853
2019-06-11 13:06:00,-0.4934848516446664
2019-06-11 13:09:00,-0.4559794886766326
2019-06-11 13:12:00,-0.33855026203883654
2019-06-11 13:15:00,-0.41265377559108174
2019-06-11 13:18:00,-0.4957972496712273
2019-06-11 13:21:00,-0.420404804724285
2019-06-11 13:24:00,-0.4164738701929309
2019-06-11 13:27:00,-0.39623031573825074
2019-06-11 13:30:00,-0.5122852713719794
2019-06-11 13:33:00,-0.49181992170053945
2019-06-11 13:36:00,-0.38756772140919793
2019-06-11 13:39:00,-0.36149056630705445
2019-06-11 13:42:00,-0.502510385396306
2019-06-11 13:45:00,-0.5543885725014093
2019-06-11 13:48:00,-0.37161514761777426
2019-06-11 13:51:00,-0.4476499816678938
2019-06-11 13:54:00,-0.4017081302472434
2019-06-11 13:57:00,-0.4783651595074616
2019-06-11 14:00:00,-0.4543880155172815
2019-06-11 14:03:00,-0.5250935471276534
2019-06-11 14:06:00,-0.4765668106552994
2019-06-11 14:09:00,-0.5377940980364997
2019-06-11 14:12:00,-0.46213961580650675
2019-06-11 14:15:00,-0.5197323374920302
2019-06-11 14:18:00,-0.4571231661344086
2019-06-11 14:21:00,-0.3784659813622966
2019-06-11 14:24:00,-0.4157825257656782
2019-06-11 14:27:00,-0.3491748378493753
2019-06-11 14:30:00,-0.35133454103561235
2019-06-11 14:33:00,-0.3144450647885719
2019-06-11 14:36:00,-0.5511769062567851
2019-06-11 14:39:00,-0.20870975117281887
2019-06-11 14:42:00,-0.2834001487304363
2019-06-11 14:45:00,-0.3051957974109314
2019-06-11 14:48:00,-0.3448300010489902
2019-06-11 14:51:00,-0.37560313318743965
2019-06-11 14:54:00,-0.5119698961343602
2019-06-11 14:57:00,-0.44353713724194677
2019-06-11 15:00:00,-0.47050844766999944
2019-06-11 15:03:00,-0.3927987453513424
2019-06-11 15:06:00,-0.5905483496648571
2019-06-11 15:09:00,-0.5569172350178064
2019-06-11 15:12:00,-0.5503976624319762
2019-06-11 15:15:00,-0.6717710464815241
2019-06-11 15:18:00,-0.4793959946907762
2019-06-11 15:21:00,-0.36025618658948133
2019-06-11 15:24:00,-0.3321904937382101
2019-06-11 15:27:00,-0.2880637595590656
2019-06-11 15:30:00,-0.33347552595091656
2019-06-11 15:33:00,-0.2264270897287588
2019-06-11 15:36:00,-0.36170102163293905
2019-06-11 15:39:00,-0.2975099365573328
2019-06-11 15:42:00,-0.4491559306629256
2019-06-11 15:45:00,-0.42799581208947757
2019-06-11 15:48:00,-0.45823604933804063
2019-06-11 15:51:00,-0.46471922232228735
2019-06-11 15:54:00,-0.387932006527933
2019-06-11 15:57:00,-0.415856037800836
2019-06-11 16:00:00,-0.4953467801648799
2019-06-11 16:03:00,-0.5622015070982229
2019-06-11 16:06:00,-0.3484444950277066
2019-06-11 16:09:00,-0.49033232356998724
2019-06-11 16:12:00,-0.4275455775206751
2019-06-11 16:15:00,-0.4704002788029129
2019-06-11 16:18:00,-0.2649005102328488
2019-06-11 16:21:00,-0.2926491010709924
2019-06-11 16:24:00,-0.03847678479496608
2019-06-11 16:27:00,-0.1126231012759149
2019-06-11 16:30:00,-0.15212600167069468
2019-06-11 16:33:00,-0.15043713687117588
2019-06-11 16:36:00,-0.328501739924036
2019-06-11 16:39:00,-0.31053236857474076
2019-06-11 16:42:00,-0.3562614440980951
2019-06-11 16:45:00,-0.38012885932641893
2019-06-11 16:48:00,-0.29243728716767237
2019-06-11 16:51:00,-0.2509076959338472
2019-06-11 16:54:00,-0.3007657858927928
2019-06-11 16:57:00,-0.3282799346002321
2019-06-11 17:00:00,-0.23775899407871748
2019-06-11 17:03:00,-0.2691680204248996
2019-06-11 17:06:00,-0.32921303703295735
2019-06-11 17:09:00,-0.25639220768727
2019-06-11 17:12:00,-0.3487540491041159
2019-06-11 17:15:00,-0.3222046631151443
2019-06-11 17:18:00,-0.4050317635558258
2019-06-11 17:21:00,-0.30722009828502905
2019-06-11 17:24:00,-0.4025777004976021
2019-06-11 17:27:00,-0.3549071558888386
2019-06-11 17:30:00,-0.37094373754075605
2019-06-11 17:33:00,-0.2762259636669455
2019-06-11 17:36:00,-0.16206242291735862
2019-06-11 17:39:00,-0.18043038319706284
2019-06-11 17:42:00,-0.28238111573813285
2019-06-11 17:45:00,-0.37958383938234874
2019-06-11 17:48:00,-0.23415186734786175
2019-06-11 17:51:00,-0.2774609266390371
2019-06-11 17:54:00,-0.29409012821690794
2019-06-11 17:57:00,-0.10887634372483035
2019-06-11 18:00:00,-0.17538845405420034
2019-06-11 18:03:00,-0.2482843586737431
2019-06-11 18:06:00,-0.18224162490389517
2019-06-11 18:09:00,-0.20853714192725192
2019-06-11 18:12:00,-0.24566781452148234
2019-06-11 18:15:00,-0.21703137086700508
2019-06-11 18:18:00,-0.23076033595606305
2019-06-11 18:21:00,-0.29365375019699513
2019-06-11 18:24:00,-0.22926908684939917
2019-06-11 18:27:00,-0.12227764715646572
2019-06-11 18:30:00,-0.1398113360335742
2019-06-11 18:33:00,-0.14400686989557698
2019-06-11 18:36:00,-0.19926040750056018
2019-06-11 18:39:00,-0.18153572190738032
2019-06-11 18:42:00,-0.06879366516511709
2019-06-11 18:45:00,-0.07401888981735283
2019-06-11 18:48:00,-0.07255554234887995
2019-06-11 18:51:00,-0.03413938542939832
2019-06-11 18:54:00,
2019-06-11 18:57:00,
2019-06-11 19:00:00,
2019-06-11 19:03:00,-0.17592582788154232
2019-06-11 19:06:00,-0.07058916992411923
2019-06-11 19:09:00,-0.04195529250915797
2019-06-11 19:12:00,-0.2056126178601403
2019-06-11 19:15:00,-0.20450947305198497
2019-06-11 19:18:00,-0.07507237075839157
2019-06-11 19:21:00,-0.12951606575819596
2019-06-11 19:24:00,-0.10479837114365864
2019-06-11 19:27:00,-0.05209976341637912
2019-06-11 19:30:00,-0.07620774321310364
2019-06-11 19:33:00,-0.1421309655186178
2019-06-11 19:36:00,-0.06717178967249993
2019-06-11 19:39:00,-0.15086488177007595
2019-06-11 19:42:00,-0.02905005908729663
2019-06-11 19:45:00,-0.011856604667968895
2019-06-11 19:48:00,-0.030554189158465306
2019-06-11 19:51:00,-0.08560028568831513
2019-06-11 19:54:00,-0.05046204427537759
2019-06-11 19:57:00,-0.08507412260473757
2019-06-11 20:00:00,-0.12224248066416976
2019-06-11 20:03:00,-0.058331216218562076
2019-06-11 20:06:00,-0.09356383341008723
2019-06-11 20:09:00,-0.12271563872104707
2019-06-11 20:12:00,-0.10058331403934062
2019-06-11 20:15:00,-0.09431167652348904
2019-06-11 20:18:00,-0.06756002673944295
2019-06-11 20:21:00,-0.13260171983426972
2019-06-11 20:24:00,-0.07871929294282154
2019-06-11 20:27:00,-0.11970245636229038
2019-06-11 20:30:00,-0.029159644442188437
2019-06-11 20:33:00,-0.101267070892618
2019-06-11 20:36:00,0.021029599723533465
2019-06-11 20:39:00,-0.06368233107207288
2019-06-11 20:42:00,-0.09663693281032693
2019-06-11 20:45:00,-0.16568953056980718
2019-06-11 20:48:00,0.05696408573339795
2019-06-11 20:51:00,0.001413542380362287
2019-06-11 20:54:00,-0.01377690180532909
2019-06-11 20:57:00,-0.008302923882638424
2019-06-11 21:00:00,-0.13719758858741216
2019-06-11 21:03:00,-0.10059756619506288
2019-06-11 21:06:00,-0.1022633571256506
2019-06-11 21:09:00,0.1429328882679215
2019-06-11 21:12:00,-0.09310957910355455
2019-06-11 21:15:00,-0.040489588251148234
2019-06-11 21:18:00,-0.09258812656844384
2019-06-11 21:21:00,-0.16148772735601824
2019-06-11 21:24:00,-0.057828291002579135
2019-06-11 21:27:00,-0.1228727671652905
2019-06-11 21:30:00,-0.16430513079444609
2019-06-11 21:33:00,-0.06523925676157205
2019-06-11 21:36:00,-0.06494588922288358
2019-06-11 21:39:00,0.027115840932822266
2019-06-11 21:42:00,-0.15085363976089639
2019-06-11 21:45:00,0.3201233263864083
2019-06-11 21:48:00,0.1528507337634437
2019-06-11 21:51:00,0.13732248839363592
2019-06-11 21:54:00,0.14563433106462753
2019-06-11 21:57:00,0.08771050782888778
2019-06-11 22:00:00,0.09306090153046398
2019-06-11 22:03:00,0.005326987484750134
2019-06-11 22:06:00,0.12466810583953247
2019-06-11 22:09:00,0.17794160737770426
2019-06-11 22:12:00,0.1693944786712791
2019-06-11 22:15:00,0.06402649701789187
2019-06-11 22:18:00,0.10988651084289813
2019-06-11 22:21:00,0.10432537228342653
2019-06-11 22:24:00,-0.02463857583813933
2019-06-11 22:27:00,-0.010607406267126862
2019-06-11 22:30:00,0.021265327364744735
2019-06-11 22:33:00,-0.06696661263538317
2019-06-11 22:36:00,-0.11615430970692842
2019-06-11 22:39:00,-0.07773920168148152
2019-06-11 22:42:00,0.0587271197302357
2019-06-11 22:45:00,0.002745837503027815
2019-06-11 22:48:00,-0.016735016948643988
2019-06-11 22:51:00,-0.0269268382673431
2019-06-11 22:54:00,0.008117870221894918
2019-06-11 22:57:00,0.04619387233015004
2019-06-11 23:00:00,0.05848256566417831
2019-06-11 23:03:00,0.02355047035695179
2019-06-11 23:06:00,-0.06024570538647822
2019-06-11 23:09:00,0.11490072270106566
2019-06-11 23:12:00,0.04642837294426272
2019-06-11 23:15:00,0.119603458209383
2019-06-11 23:18:00,0.18665070212512092
2019-06-11 23:21:00,0.12753807604912026
2019-06-11 23:24:00,0.11923943506195656
2019-06-11 23:27:00,0.0359935164349281
2019-06-11 23:30:00,0.06640565049178804
2019-06-11 23:33:00,0.11062669813162529
2019-06-11 23:36:00,-0.007321658063688119
2019-06-11 23:39:00,0.130275251993055
2019-06-11 23:42:00,0.0890089389718014
2019-06-11 23:45:00,-0.008557046477108088
2019-06-11 23:48:00,0.07375015440624111
2019-06-11 23:51:00,0.05503608560042039
2019-06-11 23:54:00,0.06717479268542093
2019-06-11 23:57:00,0.027643683399503516
2019-06-12 00:00:00,0.051750906451445644
2019-06-12 00:03:00,-0.056547127076214565
2019-06-12 00:06:00,0.06300241077508417
2019-06-12 00:09:00,-0.01071961549507705
2019-06-12 00:12:00,0.07580251795928916
2019-06-12 00:15:00,-0.044899611575374365
2019-06-12 00:18:00,0.035073003543118375
2019-06-12 00:21:00,0.03854305654789414
2019-06-12 00:24:00,0.0391499618856983
2019-06-12 00:27:00,0.10389746833300251
2019-06-12 00:30:00,0.0661216397992348
2019-06-12 00:33:00,0.018079748420461783
2019-06-12 00:36:00,0.0423503995365877
2019-06-12 00:39:00,0.08782751389077248
2019-06-12 00:42:00,0.1399861143896146
2019-06-12 00:45:00,0.13429356685617222
2019-06-12 00:48:00,0.11454324798995685
2019-06-12 00:51:00,0.02766423531085138
2019-06-12 00:54:00,0.13216221247182602
2019-06-12 00:57:00,0.15276565321880753
2019-06-12 01:00:00,0.18876079215112895
2019-06-12 01:03:00,0.16157295859915166
2019-06-12 01:06:00,0.16853175866481251
2019-06-12 01:09:00,0.19253019416396455
2019-06-12 01:12:00,0.11321810509411989
2019-06-12 01:15:00,0.12425831440845059
2019-06-12 01:18:00,0.24583384304764877
2019-06-12 01:21:00,0.10373523365012716
2019-06-12 01:24:00,0.24227130185579426
2019-06-12 01:27:00,0.20921158417007746
2019-06-12 01:30:00,0.16806947118294602
2019-06-12 01:33:00,0.29496005401477987
2019-06-12 01:36:00,0.141890845332739
2019-06-12 01:39:00,0.24937802248666685
2019-06-12 01:42:00,0.2171835809738809
2019-06-12 01:45:00,0.1698549793491111
2019-06-12 01:48:00,0.30086010468619406
2019-06-12 01:51:00,0.3647068720878792
2019-06-12 01:54:00,0.3049215512861565
2019-06-12 01:57:00,0.1892545209636296
2019-06-12 02:00:00,0.24844570023196866
2019-06-12 02:03:00,0.26981037907319205
2019-06-12 02:06:00,0.33574396092910774
2019-06-12 02:09:00,0.3330895980151922
2019-06-12 02:12:00,0.28046214015091664
2019-06-12 02:15:00,0.2676050752986612
2019-06-12 02:18:00,0.3002260303284743
2019-06-12 02:21:00,0.2736110915071208
2019-06-12 02:24:00,0.3308245747036267
2019-06-12 02:27:00,0.3005857676445771
2019-06-12 02:30:00,0.29483261005520944
2019-06-12 02:33:00,0.323546001118018
2019-06-12 02:36:00,0.340096922885607
2019-06-12 02:39:00,0.3394591389788957
2019-06-12 02:42:00,0.3705146908790198
2019-06-12 02:45:00,0.3123781431124826
2019-06-12 02:48:00,0.3228294162344696
2019-06-12 02:51:00,0.3523798046297202
2019-06-12 02:54:00,0.36705363947265823
2019-06-12 02:57:00,0.31961300184207175
2019-06-12 03:00:00,0.4937000432344689
2019-06-12 03:03:00,0.4188256219491677
2019-06-12 03:06:00,0.4085135909130031
2019-06-12 03:09:00,0.4233467430157134
2019-06-12 03:12:00,0.41164735870677305
2019-06-12 03:15:00,0.4650239829190923
2019-06-12 03:18:00,0.5235166022345652
2019-06-12 03:21:00,0.492565908869949
2019-06-12 03:24:00,0.37499262708831793
2019-06-12 03:27:00,0.48355158389352937
2019-06-12 03:30:00,0.41394451930756304
2019-06-12 03:33:00,0.32646826915112115
2019-06-12 03:36:00,0.4450082992069042
2019-06-12 03:39:00,0.3710731960685507
2019-06-12 03:42:00,0.4036749396391315
2019-06-12 03:45:00,0.2744033631286129
2019-06-12 03:48:00,0.33741038839735893
2019-06-12 03:51:00,0.274281750045418
2019-06-12 03:54:00,0.3549679326407613
2019-06-12 03:57:00,0.3072229372462516
2019-06-12 04:00:00,0.28473137272237636
2019-06-12 04:03:00,0.2614792720052037
2019-06-12 04:06:00,0.3130141197808598
2019-06-12 04:09:00,0.14180292023957008
2019-06-12 04:12:00,0.2387069661978103
2019-06-12 04:15:00,0.2660610260688827
2019-06-12 04:18:00,0.24220599202641324
2019-06-12 04:21:00,0.2949031699065472
2019-06-12 04:24:00,0.35928822785876946
2019-06-12 04:27:00,0.32605618936992187
2019-06-12 04:30:00,0.3003807828070535
2019-06-12 04:33:00,0.3235583261185866
2019-06-12 04:36:00,0.3517715723194783
2019-06-12 04:39:00,0.33656300163420383
2019-06-12 04:42:00,0.2419671574917288
2019-06-12 04:45:00,0.2987764158702362
2019-06-12 04:48:00,0.32107536254471825
2019-06-12 04:51:00,0.33584126402865877
2019-06-12 04:54:00,0.30779255102760317
2019-06-12 04:57:00,0.2948380867526339
2019-06-12 05:00:00,0.3528016008859822
2019-06-12 05:03:00,0.37111388059980754
2019-06-12 05:06:00,0.3171242682296338
2019-06-12 05:09:00,0.20341281608466488
2019-06-12 05:12:00,0.3218860132730583
2019-06-12 05:15:00,0.3197653677074186
2019-06-12 05:18:00,0.2504676582368006
2019-06-12 05:21:00,0.27749036623089296
2019-06-12 05:24:00,0.2854622689303028
2019-06-12 05:27:00,0.3177020013463334
2019-06-12 05:30:00,0.32694666437083697
2019-06-12 05:33:00,0.2260783748298536
2019-06-12 05:36:00,0.214696758823834
2019-06-12 05:39:00,0.29731995513361653
2019-06-12 05:42:00,0.2551170756844954
2019-06-12 05:45:00,0.28198731405211674
2019-06-12 05:48:00,0.3132412229796273
2019-06-12 05:51:00,0.2454571324788617
2019-06-12 05:54:00,0.24087860638843495
2019-06-12 05:57:00,0.2426405713196118
2019-06-12 06:00:00,0.2416623160668223
2019-06-12 06:03:00,0.27209869853754753
2019-06-12 06:06:00,0.2632564041546175
2019-06-12 06:09:00,0.22580891902424582
2019-06-12 06:12:00,0.2769189917660242
2019-06-12 06:15:00,0.27033377906400347
2019-06-12 06:18:00,0.3212703672750763
2019-06-12 06:21:00,0.27512350174652056
2019-06-12 06:24:00,0.33679539687221904
2019-06-12 06:27:00,0.23726629574838398
2019-06-12 06:30:00,0.3536709795802153
2019-06-12 06:33:00,0.29857719296347796
2019-06-12 06:36:00,0.2685193303280471
2019-06-12 06:39:00,0.30466386855243854
2019-06-12 06:42:00,0.3061205457623828
2019-06-12 06:45:00,0.22043755198495774
2019-06-12 06:48:00,0.24112182414347672
2019-06-12 06:51:00,0.3115998852670714
2019-06-12 06:54:00,0.31410855534932125
2019-06-12 06:57:00,0.4248684064349959
2019-06-12 07:00:00,0.40738150128817097
2019-06-12 07:03:00,0.3644003395248774
2019-06-12 07:06:00,0.4057738634459156
2019-06-12 07:09:00,0.24946371296255165
2019-06-12 07:12:00,0.26569860193694694
2019-06-12 07:15:00,0.25165922466902657
2019-06-12 07:18:00,0.28118029376400955
2019-06-12 07:21:00,0.31133867487494626
2019-06-12 07:24:00,0.25302169677132724
2019-06-12 07:27:00,0.2632829238631871
2019-06-12 07:30:00,0.331574158946637
2019-06-12 07:33:00,0.33587988752600495
2019-06-12 07:36:00,0.36072654006341054
2019-06-12 07:39:00,0.34641902818549397
2019-06-12 07:42:00,0.30334540196048465
2019-06-12 07:45:00,0.32645542872103306
2019-06-12 07:48:00,0.3029130404217426
2019-06-12 07:51:00,0.3410086567674284
2019-06-12 07:54:00,0.3463682481133219
2019-06-12 07:57:00,0.32176805270461273
2019-06-12 08:00:00,0.354130822840375
2019-06-12 08:03:00,0.26885883834074775
2019-06-12 08:06:00,0.23942716325296942
2019-06-12 08:09:00,0.2670405469497723
2019-06-12 08:12:00,0.22307293773519632
2019-06-12 08:15:00,0.3165003007520113
2019-06-12 08:18:00,0.14010235130683668
2019-06-12 08:21:00,0.30540346730606416
2019-06-12 08:24:00,0.3269487953797352
2019-06-12 08:27:00,0.3181629108628954
2019-06-12 08:30:00,0.23141248574950168
2019-06-12 08:33:00,0.3130516772587839
2019-06-12 08:36:00,0.28985291936720614
2019-06-12 08:39:00,0.30623927203879475
2019-06-12 08:42:00,0.2984458402467567
2019-06-12 08:45:00,0.3127960318438454
2019-06-12 08:48:00,0.3041402564667237
2019-06-12 08:51:00,0.20831025086465615
2019-06-12 08:54:00,0.30498137182490836
2019-06-12 08:57:00,0.21872093336867238
2019-06-12 09:00:00,0.11908114261842684
2019-06-12 09:03:00,0.2367593845856959
2019-06-12 09:06:00,0.24961228503235589
2019-06-12 09:09:00,0.1585775910684788
2019-06-12 09:12:00,0.11670164526680082
2019-06-12 09:15:00,0.15414800684357033
2019-06-12 09:18:00,0.11451910938143328
2019-06-12 09:21:00,0.22820100166734392
2019-06-12 09:24:00,0.19178530265548943
2019-06-12 09:27:00,0.161717242357156
2019-06-12 09:30:00,0.11953208984061803
2019-06-12 09:33:00,0.13351296999394435
2019-06-12 09:36:00,0.20925735308929916
2019-06-12 09:39:00,0.16307360817688732
2019-06-12 09:42:00,0.10059946910337203
2019-06-12 09:45:00,0.13252648183396332
2019-06-12 09:48:00,0.1545078514866418
2019-06-12 09:51:00,0.14458731027775684
2019-06-12 09:54:00,0.18576372566792543
2019-06-12 09:57:00,0.13154818425311987
2019-06-12 10:00:00,0.11048754384455606
2019-06-12 10:03:00,0.14835427027020387
2019-06-12 10:06:00,-0.009960628639760216
2019-06-12 10:09:00,0.1365498872590365
2019-06-12 10:12:00,0.004762055749267802
2019-06-12 10:15:00,0.17125645135109835
2019-06-12 10:18:00,-0.052205041618947234
2019-06-12 10:21:00,0.05755460032094106
2019-06-12 10:24:00,0.029074417092772364
2019-06-12 10:27:00,0.02738196522443559
2019-06-12 10:30:00,0.019891492714862125
2019-06-12 10:33:00,0.052157102738476624
2019-06-12 10:36:00,0.040094636463322786
2019-06-12 10:39:00,0.04795528831630236
2019-06-12 10:42:00,0.12038805979938161
2019-06-12 10:45:00,0.05396771561731839
2019-06-12 10:48:00,-0.031802244404673274
2019-06-12 10:51:00,0.08491191775055995
2019-06-12 10:54:00,-0.11206328636825447
2019-06-12 10:57:00,-0.14167484304982736
2019-06-12 11:00:00,-0.11064180202123453
2019-06-12 11:03:00,-0.05636987968955509
2019-06-12 11:06:00,-0.09171329380967563
2019-06-12 11:09:00,-0.10079461398720468
2019-06-12 11:12:00,-0.11281062924615526
2019-06-12 11:15:00,-0.08805951366656473
2019-06-12 11:18:00,-0.20105382103207603
2019-06-12 11:21:00,-0.11248301367385238
2019-06-12 11:24:00,-0.11524246410152728
2019-06-12 11:27:00,0.023781287033841636
2019-06-12 11:30:00,-0.13447634753299553
2019-06-12 11:33:00,-0.16675858505328733
2019-06-12 11:36:00,-0.18889879640852314
2019-06-12 11:39:00,-0.17847161088576513
2019-06-12 11:42:00,-0.286870875165107
2019-06-12 11:45:00,-0.17453923572060148
2019-06-12 11:48:00,-0.3123616070345747
2019-06-12 11:51:00,-0.25271869437614214
2019-06-12 11:54:00,-0.24715475196319403
2019-06-12 11:57:00,-0.3056489740882853
2019-06-12 12:00:00,-0.25298198167649844
2019-06-12 12:03:00,-0.28819267720007247
2019-06-12 12:06:00,-0.3022770719093728
2019-06-12 12:09:00,-0.27263148396673387
2019-06-12 12:12:00,-0.33831588754196673
2019-06-12 12:15:00,-0.3162976166653948
2019-06-12 12:18:00,-0.30190527789733324
2019-06-12 12:21:00,-0.24519333756688866
2019-06-12 12:24:00,-0.18348058650167332
2019-06-12 12:27:00,-0.24510907610095956
2019-06-12 12:30:00,-0.36154790625926125
2019-06-12 12:33:00,-0.3831491807770817
2019-06-12 12:36:00,-0.2991974703644473
2019-06-12 12:39:00,-0.22267890553223424
2019-06-12 12:42:00,-0.16302114712175353
2019-06-12 12:45:00,-0.26526619768247883
2019-06-12 12:48:00,-0.3645333094160037
2019-06-12 12:51:00,-0.387327186345658
2019-06-12 12:54:00,-0.20632853762538161
2019-06-12 12:57:00,-0.22709144291650318
2019-06-12 13:00:00,-0.40380211640490415
2019-06-12 13:03:00,-0.2521476486826941
2019-06-12 13:06:00,-0.1842590860552491
2019-06-12 13:09:00,-0.14781521917296914
2019-06-12 13:12:00,-0.28464674314381
2019-06-12 13:15:00,-0.30135950573958326
2019-06-12 13:18:00,-0.26186845021823046
2019-06-12 13:21:00,-0.3576110172692779
2019-06-12 13:24:00,-0.3828471529463968
2019-06-12 13:27:00,-0.3239930425331181
2019-06-12 13:30:00,-0.26268744508450936
2019-06-12 13:33:00,-0.2757342185456082
2019-06-12 13:36:00,-0.3921152836857118
2019-06-12 13:39:00,-0.3196019064716893
2019-06-12 13:42:00,-0.33729010393346925
2019-06-12 13:45:00,-0.3967610434169728
2019-06-12 13:48:00,-0.31648193707553673
2019-06-12 13:51:00,-0.378189303819795
2019-06-12 13:54:00,-0.19060511181027096
2019-06-12 13:57:00,-0.3777390020320581
2019-06-12 14:00:00,-0.416956990379731
2019-06-12 14:03:00,-0.32631994995193736
2019-06-12 14:06:00,-0.2161968204997038
2019-06-12 14:09:00,-0.3259772966768537
2019-06-12 14:12:00,-0.27057262327377885
2019-06-12 14:15:00,-0.27855372085559793
2019-06-12 14:18:00,-0.2076554816527505
2019-06-12 14:21:00,-0.12015019349041722
2019-06-12 14:24:00,0.1327713732406437
2019-06-12 14:27:00,0.053647256203873894
2019-06-12 14:30:00,0.05157746929455698
2019-06-12 14:33:00,0.006853666657548274
2019-06-12 14:36:00,0.15041743351719106
2019-06-12 14:39:00,0.15625050094445214
2019-06-12 14:42:00,0.22566667165438048
2019-06-12 14:45:00,-0.046155153355528
2019-06-12 14:48:00,-0.20646720519079054
2019-06-12 14:51:00,-0.42724427678774646
2019-06-12 14:54:00,-0.35720589792390456
2019-06-12 14:57:00,-0.38332964753618626
2019-06-12 15:00:00,-0.22454867986630234
2019-06-12 15:03:00,-0.1422515558766122
2019-06-12 15:06:00,-0.22467108899115829
2019-06-12 15:09:00,-0.15547533502450506
2019-06-12 15:12:00,-0.15965815522713456
2019-06-12 15:15:00,0.05388095930089776
2019-06-12 15:18:00,0.12202584545485706
2019-06-12 15:21:00,-0.08985518362965195
2019-06-12 15:24:00,-0.1364873646686533
2019-06-12 15:27:00,-0.11996487481576423
2019-06-12 15:30:00,-0.03285705277414763
2019-06-12 15:33:00,-0.04079033456406478
2019-06-12 15:36:00,-0.12158814981955857
2019-06-12 15:39:00,-0.13300890773581386
2019-06-12 15:42:00,-0.08570414616980315
2019-06-12 15:45:00,-0.33915045457200677
2019-06-12 15:48:00,-0.3595722193327333
2019-06-12 15:51:00,-0.34635948830288044
2019-06-12 15:54:00,-0.3233517592007047
2019-06-12 15:57:00,-0.46180473422623436
2019-06-12 16:00:00,-0.34170040786699474
2019-06-12 16:03:00,-0.2946996030086666
2019-06-12 16:06:00,-0.3003366759737105
2019-06-12 16:09:00,-0.3064701032025141
2019-06-12 16:12:00,-0.34058403041001384
2019-06-12 16:15:00,-0.395002241336897
2019-06-12 16:18:00,-0.364061607105441
2019-06-12 16:21:00,-0.3262948127879213
2019-06-12 16:24:00,-0.27544267882780105
2019-06-12 16:27:00,-0.2776789266091555
2019-06-12 16:30:00,-0.28880421464322126
2019-06-12 16:33:00,-0.2548859237402894
2019-06-12 16:36:00,-0.22239011981008616
2019-06-12 16:39:00,-0.20440222235009742
2019-06-12 16:42:00,-0.22053474725646538
2019-06-12 16:45:00,-0.3140784165339596
2019-06-12 16:48:00,-0.2591889482920351
2019-06-12 16:51:00,-0.36376218256549464
2019-06-12 16:54:00,-0.36029867534568893
2019-06-12 16:57:00,-0.4115835402209882
2019-06-12 17:00:00,-0.29762242030329844
2019-06-12 17:03:00,-0.36193549531697045
2019-06-12 17:06:00,-0.3303225101981866
2019-06-12 17:09:00,-0.3291019096284913
2019-06-12 17:12:00,-0.3081493452003201
2019-06-12 17:15:00,-0.3745379609311499
2019-06-12 17:18:00,-0.4453252096954543
2019-06-12 17:21:00,-0.3193187966984965
2019-06-12 17:24:00,-0.35194822853054575
2019-06-12 17:27:00,-0.40203199265226885
2019-06-12 17:30:00,-0.32262772259065287
2019-06-12 17:33:00,-0.34815664193223483
2019-06-12 17:36:00,-0.3574388308222751
2019-06-12 17:39:00,-0.3223931093239685
2019-06-12 17:42:00,-0.4610274500860214
2019-06-12 17:45:00,-0.36423616708532336
2019-06-12 17:48:00,-0.22885263667700428
2019-06-12 17:51:00,-0.22764251031964022
2019-06-12 17:54:00,-0.2712600822524678
2019-06-12 17:57:00,-0.2386718084541144
2019-06-12 18:00:00,-0.20794355219044292
2019-06-12 18:03:00,-0.2451788142152509
2019-06-12 18:06:00,-0.29317549443391044
2019-06-12 18:09:00,-0.20197666697004024
2019-06-12 18:12:00,-0.21117375143484196
2019-06-12 18:15:00,-0.1945506922473328
2019-06-12 18:18:00,-0.2657433510783562
2019-06-12 18:21:00,-0.26309849269478036
2019-06-12 18:24:00,-0.21809663540176416
2019-06-12 18:27:00,-0.33053350291095285
2019-06-12 18:30:00,-0.31508340988375494
2019-06-12 18:33:00,-0.26711933364720153
2019-06-12 18:36:00,-0.23932412554574967
2019-06-12 18:39:00,-0.21925489544577204
2019-06-12 18:42:00,-0.29093629787541886
2019-06-12 18:45:00,-0.19743119121790187
2019-06-12 18:48:00,-0.2175046225997903
2019-06-12 18:51:00,-0.1652131378337458
2019-06-12 18:54:00,-0.19590871040531965
2019-06-12 18:57:00,
2019-06-12 19:00:00,
2019-06-12 19:03:00,-0.14612743540749307
2019-06-12 19:06:00,-0.19662759490068993
2019-06-12 19:09:00,-0.1672372256079484
2019-06-12 19:12:00,-0.06692588372385444
2019-06-12 19:15:00,-0.21932970278669472
2019-06-12 19:18:00,-0.1642838216385485
2019-06-12 19:21:00,-0.14338309257828996
2019-06-12 19:24:00,-0.11951439069486014
2019-06-12 19:27:00,-0.12886757595128984
2019-06-12 19:30:00,-0.16284507011192773
2019-06-12 19:33:00,-0.06254999655641313
2019-06-12 19:36:00,-0.1474794770925314
2019-06-12 19:39:00,-0.1223555580941138
2019-06-12 19:42:00,-0.09934509561753657
2019-06-12 19:45:00,-0.11739710162009942
2019-06-12 19:48:00,-0.09659634348406598
2019-06-12 19:51:00,-0.13251255040569276
2019-06-12 19:54:00,-0.055020491363222845
2019-06-12 19:57:00,-0.10910991263989445
2019-06-12 20:00:00,-0.12781092328543764
2019-06-12 20:03:00,-0.0630358723431641
2019-06-12 20:06:00,-0.0073268397638912575
2019-06-12 20:09:00,-0.15928036841501125
2019-06-12 20:12:00,-0.13524672955253436
2019-06-12 20:15:00,-0.14625111220738063
2019-06-12 20:18:00,-0.10092603012924428
2019-06-12 20:21:00,-0.14407667928361434
2019-06-12 20:24:00,0.029785357195123652
2019-06-12 20:27:00,-0.12380357990758739
2019-06-12 20:30:00,-0.047731208901609534
2019-06-12 20:33:00,-0.05216861828893116
2019-06-12 20:36:00,-0.037144833961122004
2019-06-12 20:39:00,0.03625066243751007
2019-06-12 20:42:00,-0.0773518130339994
2019-06-12 20:45:00,-0.004996485149149521
2019-06-12 20:48:00,-0.04265347531372754
2019-06-12 20:51:00,0.027368146955268458
2019-06-12 20:54:00,-0.077366926755019
2019-06-12 20:57:00,0.04674240228155213
2019-06-12 21:00:00,0.12074433687337205
2019-06-12 21:03:00,-0.07852360196710606
2019-06-12 21:06:00,-0.010794428740950934
2019-06-12 21:09:00,0.1038471101614391
2019-06-12 21:12:00,-0.024172756390271388
2019-06-12 21:15:00,0.07296545116162179
2019-06-12 21:18:00,0.09192945426644883
2019-06-12 21:21:00,0.1095652268285221
2019-06-12 21:24:00,0.1288143437685676
2019-06-12 21:27:00,0.03600836403353469
2019-06-12 21:30:00,0.1645796394387844
2019-06-12 21:33:00,0.04895357372271292
2019-06-12 21:36:00,0.09624873550336588
2019-06-12 21:39:00,0.13370714789141402
2019-06-12 21:42:00,0.11588132445268684
2019-06-12 21:45:00,0.12811578726859807
2019-06-12 21:48:00,0.0694014854510101
2019-06-12 21:51:00,0.07621010627173064
2019-06-12 21:54:00,0.08025985914798639
2019-06-12 21:57:00,0.22028065821962173
2019-06-12 22:00:00,0.06761043028865288
2019-06-12 22:03:00,0.062356273245427474
2019-06-12 22:06:00,0.09699463400858122
2019-06-12 22:09:00,0.12685566171575147
2019-06-12 22:12:00,0.14789714774838103
2019-06-12 22:15:00,0.15635259912284027
2019-06-12 22:18:00,0.0737644596242717
2019-06-12 22:21:00,0.15343856197722516
2019-06-12 22:24:00,0.06116924593487738
2019-06-12 22:27:00,0.07141119234881899
2019-06-12 22:30:00,0.15335670823810688
2019-06-12 22:33:00,0.08330489970023791
2019-06-12 22:36:00,0.113704795571266
2019-06-12 22:39:00,0.07231548437158608
2019-06-12 22:42:00,0.13636910879188235
2019-06-12 22:45:00,0.14509774564817235
2019-06-12 22:48:00,0.0763336438137685
2019-06-12 22:51:00,0.10289185296028336
2019-06-12 22:54:00,0.1425327088510926
2019-06-12 22:57:00,0.14799031538058216
2019-06-12 23:00:00,0.12569994835087073
2019-06-12 23:03:00,0.07995927394188129
2019-06-12 23:06:00,0.095742358491691
2019-06-12 23:09:00,0.1720917487810425
2019-06-12 23:12:00,0.12527073123254695
2019-06-12 23:15:00,0.07242143373980525
2019-06-12 23:18:00,0.13280057267650136
2019-06-12 23:21:00,0.15154528231840914
2019-06-12 23:24:00,0.1606199066916929
2019-06-12 23:27:00,0.06282220516033021
2019-06-12 23:30:00,0.1351756950952563
2019-06-12 23:33:00,0.14530649814628305
2019-06-12 23:36:00,0.13806057004120476
2019-06-12 23:39:00,0.1858442271341687
2019-06-12 23:42:00,0.23736020042622386
2019-06-12 23:45:00,0.14736404391129554
2019-06-12 23:48:00,0.13368185942488253
2019-06-12 23:51:00,0.17297274761688186
2019-06-12 23:54:00,0.1675476347205631
2019-06-12 23:57:00,0.18733182217874855
2019-06-13 00:00:00,0.2510898448730927
2019-06-13 00:03:00,0.15026554067958386
2019-06-13 00:06:00,0.07673558449886286
2019-06-13 00:09:00,0.12186926130158326
2019-06-13 00:12:00,0.17360692489023677
2019-06-13 00:15:00,0.21666180408340097
2019-06-13 00:18:00,0.14835822232993223
2019-06-13 00:21:00,0.16316711382881977
2019-06-13 00:24:00,0.22033518598249202
2019-06-13 00:27:00,0.11156557233402964
2019-06-13 00:30:00,0.04628858393675728
2019-06-13 00:33:00,0.10411052873990911
2019-06-13 00:36:00,0.1952916771910509
2019-06-13 00:39:00,0.19482784299339073
2019-06-13 00:42:00,0.1827866310991908
2019-06-13 00:45:00,0.22584534878427576
2019-06-13 00:48:00,0.1702191033557483
2019-06-13 00:51:00,0.14606112649164515
2019-06-13 00:54:00,0.1922111825147681
2019-06-13 00:57:00,0.2230727255141005
2019-06-13 01:00:00,0.19654159919480207
2019-06-13 01:03:00,0.1437464699948805
2019-06-13 01:06:00,0.19069309694828007
2019-06-13 01:09:00,0.23189040720387766
2019-06-13 01:12:00,0.3006753100887636
2019-06-13 01:15:00,0.2365841060978937
2019-06-13 01:18:00,0.1861401242860552
2019-06-13 01:21:00,0.27576546725344997
2019-06-13 01:24:00,0.12374450016721994
2019-06-13 01:27:00,0.1028708235155591
2019-06-13 01:30:00,0.20273677777237253
2019-06-13 01:33:00,0.2077429438216427
2019-06-13 01:36:00,0.1989872418298546
2019-06-13 01:39:00,0.2604038160339428
2019-06-13 01:42:00,0.20329853742873638
2019-06-13 01:45:00,0.3604143673193221
2019-06-13 01:48:00,0.22478954138938434
2019-06-13 01:51:00,0.20893941764273904
2019-06-13 01:54:00,0.25854763772127853
2019-06-13 01:57:00,0.27198779279615337
2019-06-13 02:00:00,0.15791650401712332
2019-06-13 02:03:00,0.2280699167716307
2019-06-13 02:06:00,0.1914304867105443
2019-06-13 02:09:00,0.28990760876939703
2019-06-13 02:12:00,0.3028216313326766
2019-06-13 02:15:00,0.2575094836829521
2019-06-13 02:18:00,0.2962771750613342
2019-06-13 02:21:00,0.26636744013734415
2019-06-13 02:24:00,0.25432645760230344
2019-06-13 02:27:00,0.17842788708122725
2019-06-13 02:30:00,0.3388383324130473
2019-06-13 02:33:00,0.3266426231830337
2019-06-13 02:36:00,0.3048341395896159
2019-06-13 02:39:00,0.23694705390801118
2019-06-13 02:42:00,0.21627823944942293
2019-06-13 02:45:00,0.20004818762828336
2019-06-13 02:48:00,0.15737385812832372
2019-06-13 02:51:00,0.2601567572297654
2019-06-13 02:54:00,0.2091989291450318
2019-06-13 02:57:00,0.15750938359974498
2019-06-13 03:00:00,0.2434833249217263
2019-06-13 03:03:00,0.2127919359402881
2019-06-13 03:06:00,0.26345548949035447
2019-06-13 03:09:00,0.20908761344702498
2019-06-13 03:12:00,0.16171871325155962
2019-06-13 03:15:00,0.2626059410738435
2019-06-13 03:18:00,0.27893798550513793
2019-06-13 03:21:00,0.3339267861981057
2019-06-13 03:24:00,0.3111443158516636
2019-06-13 03:27:00,0.20515837521458025
2019-06-13 03:30:00,0.1336660771196989
2019-06-13 03:33:00,0.25520946261804056
2019-06-13 03:36:00,0.15692200037636894
2019-06-13 03:39:00,0.11748159664472269
2019-06-13 03:42:00,0.17832187898335405
2019-06-13 03:45:00,0.11755763295775523
2019-06-13 03:48:00,0.2358290377146659
2019-06-13 03:51:00,0.2626637749420411
2019-06-13 03:54:00,0.07197799442411679
2019-06-13 03:57:00,0.1717169181367808
2019-06-13 04:00:00,0.16012827358963477
2019-06-13 04:03:00,0.13948152560402605
2019-06-13 04:06:00,0.1182702525383661
2019-06-13 04:09:00,0.30234238982103534
2019-06-13 04:12:00,0.18292752824288527
2019-06-13 04:15:00,0.21069069938465645
2019-06-13 04:18:00,0.14389142907640462
2019-06-13 04:21:00,0.1142255622888797
2019-06-13 04:24:00,0.24155598748359353
2019-06-13 04:27:00,0.15032119133138622
2019-06-13 04:30:00,0.22236258282777044
2019-06-13 04:33:00,0.15425554343141812
2019-06-13 04:36:00,0.21934347610857685
2019-06-13 04:39:00,0.21325652170548892
2019-06-13 04:42:00,0.16408698459196103
2019-06-13 04:45:00,0.25398130627695537
2019-06-13 04:48:00,0.1824413324784473
2019-06-13 04:51:00,0.17223070106541627
2019-06-13 04:54:00,0.1811974131666716
2019-06-13 04:57:00,0.22252752251625907
2019-06-13 05:00:00,0.20979006258335176
2019-06-13 05:03:00,0.11360496366449979
2019-06-13 05:06:00,0.23760401679027154
2019-06-13 05:09:00,0.19707282336105436
2019-06-13 05:12:00,0.16298591943996144
2019-06-13 05:15:00,0.23087739229981707
2019-06-13 05:18:00,0.2538706659438503
2019-06-13 05:21:00,0.21354279786947927
2019-06-13 05:24:00,0.24190464835879766
2019-06-13 05:27:00,0.24099892859055672
2019-06-13 05:30:00,0.24671961316141733
2019-06-13 05:33:00,0.16049526748167864
2019-06-13 05:36:00,0.2769460931775143
2019-06-13 05:39:00,0.28687377770859257
2019-06-13 05:42:00,0.2205349344884553
2019-06-13 05:45:00,0.3078350884421752
2019-06-13 05:48:00,0.3030374585760569
2019-06-13 05:51:00,0.1615960423442857
2019-06-13 05:54:00,0.1975723721058671
2019-06-13 05:57:00,0.15197550219352252
2019-06-13 06:00:00,0.10834014888706633
2019-06-13 06:03:00,0.21145057324434902
2019-06-13 06:06:00,0.1823844315314318
2019-06-13 06:09:00,0.2108312619402568
2019-06-13 06:12:00,0.25351971601685364
2019-06-13 06:15:00,0.23886218001689485
2019-06-13 06:18:00,0.23152968246989758
2019-06-13 06:21:00,0.18271369117576342
2019-06-13 06:24:00,0.1580717977774384
2019-06-13 06:27:00,0.23841357229923688
2019-06-13 06:30:00,0.2477026952273036
2019-06-13 06:33:00,0.23181507333089257
2019-06-13 06:36:00,0.17751563843711438
2019-06-13 06:39:00,0.16394015419331254
2019-06-13 06:42:00,0.2035387353549254
2019-06-13 06:45:00,0.23826727131398684
2019-06-13 06:48:00,0.2557465413307227
2019-06-13 06:51:00,0.2190848891301016
2019-06-13 06:54:00,0.2210989002040833
2019-06-13 06:57:00,0.18588201715414243
2019-06-13 07:00:00,0.16416174399074634
2019-06-13 07:03:00,0.22736332469645504
2019-06-13 07:06:00,0.2842388760359995
2019-06-13 07:09:00,0.18940249089814643
2019-06-13 07:12:00,0.23607350813000494
2019-06-13 07:15:00,0.1760330964075365
2019-06-13 07:18:00,0.21387054655838256
2019-06-13 07:21:00,0.2525876887488039
2019-06-13 07:24:00,0.14271083120706862
2019-06-13 07:27:00,0.21450835986996708
2019-06-13 07:30:00,0.2737853006274804
2019-06-13 07:33:00,0.17354456422572184
2019-06-13 07:36:00,0.26132801686594576
2019-06-13 07:39:00,0.21292542241684487
2019-06-13 07:42:00,0.4557075081435187
2019-06-13 07:45:00,0.42153492576721874
2019-06-13 07:48:00,0.3490834035288799
2019-06-13 07:51:00,0.3464847763235639
2019-06-13 07:54:00,0.28411175122766963
2019-06-13 07:57:00,0.24517721352458466
2019-06-13 08:00:00,0.21115783622008166
2019-06-13 08:03:00,0.2211412374159636
2019-06-13 08:06:00,0.25065770685239386
2019-06-13 08:09:00,0.21280597240945553
2019-06-13 08:12:00,0.19717106140114993
2019-06-13 08:15:00,0.1837390205219549
2019-06-13 08:18:00,0.2641827487944397
2019-06-13 08:21:00,0.15751325225289747
2019-06-13 08:24:00,0.12009728124866115
2019-06-13 08:27:00,0.17660934114945803
2019-06-13 08:30:00,0.13806049497588901
2019-06-13 08:33:00,0.18363212386788064
2019-06-13 08:36:00,0.17073335186159966
2019-06-13 08:39:00,0.23107611013278984
2019-06-13 08:42:00,0.21162814725062162
2019-06-13 08:45:00,0.16758630247699102
2019-06-13 08:48:00,0.20509633256830284
2019-06-13 08:51:00,0.21403580029181057
2019-06-13 08:54:00,0.26043875922914594
2019-06-13 08:57:00,0.3041999935724107
2019-06-13 09:00:00,0.2112782789062635
2019-06-13 09:03:00,0.33770171214109723
2019-06-13 09:06:00,0.26946856213436376
2019-06-13 09:09:00,0.2498773462373265
2019-06-13 09:12:00,0.2436182183701021
2019-06-13 09:15:00,0.15030471324649852
2019-06-13 09:18:00,0.17461086768355472
2019-06-13 09:21:00,0.22872804209117703
2019-06-13 09:24:00,0.22175367750230635
2019-06-13 09:27:00,0.14092842710903142
2019-06-13 09:30:00,0.0770588278392097
2019-06-13 09:33:00,0.04083580568794787
2019-06-13 09:36:00,0.0814072416812337
2019-06-13 09:39:00,0.1081793496229011
2019-06-13 09:42:00,0.11066022278401988
2019-06-13 09:45:00,0.159200621657817
2019-06-13 09:48:00,-0.03539743869885115
2019-06-13 09:51:00,-0.0011038519156159055
2019-06-13 09:54:00,0.06477553383604118
2019-06-13 09:57:00,0.16078077856013806
2019-06-13 10:00:00,0.06497093103996576
2019-06-13 10:03:00,-0.006547621417894334
2019-06-13 10:06:00,0.0750877206307905
2019-06-13 10:09:00,0.01868156915702457
2019-06-13 10:12:00,-0.021675216865673974
2019-06-13 10:15:00,0.0983468670828529
2019-06-13 10:18:00,0.0008727150662366512
2019-06-13 10:21:00,0.02316969486338394
2019-06-13 10:24:00,0.011528835143508331
2019-06-13 10:27:00,0.1227297489986654
2019-06-13 10:30:00,-0.038450397612109555
2019-06-13 10:33:00,-0.09735041025430746
2019-06-13 10:36:00,-0.043701341579776454
2019-06-13 10:39:00,-0.011721269063798445
2019-06-13 10:42:00,-0.04907278889186273
2019-06-13 10:45:00,-0.1256299169036197
2019-06-13 10:48:00,-0.05639874970972869
2019-06-13 10:51:00,-0.09218031450762965
2019-06-13 10:54:00,-0.066701345432989
2019-06-13 10:57:00,-0.04008339576961362
2019-06-13 11:00:00,0.05119619813137888
2019-06-13 11:03:00,-0.01679727422083488
2019-06-13 11:06:00,-0.03703426888108652
2019-06-13 11:09:00,0.0002700452200201653
2019-06-13 11:12:00,0.021710647789120685
2019-06-13 11:15:00,-0.05438712419294234
2019-06-13 11:18:00,0.05642881959670376
2019-06-13 11:21:00,-0.07531991825663908
2019-06-13 11:24:00,-0.0821783269310572
2019-06-13 11:27:00,-0.1397621067885666
2019-06-13 11:30:00,-0.10065989297953593
2019-06-13 11:33:00,0.1205962288144633
2019-06-13 11:36:00,-0.13857602344216957
2019-06-13 11:39:00,-0.12287168344079191
2019-06-13 11:42:00,-0.10235411022080143
2019-06-13 11:45:00,-0.0882667187252082
2019-06-13 11:48:00,-0.08517214617688751
2019-06-13 11:51:00,-0.10865783391426476
2019-06-13 11:54:00,-0.09535327885583911
2019-06-13 11:57:00,-0.018691188472871545
2019-06-13 12:00:00,0.027088989519540974
2019-06-13 12:03:00,0.02599681084581107
2019-06-13 12:06:00,-0.1063734265809444
2019-06-13 12:09:00,-0.03006185510372461
2019-06-13 12:12:00,-0.1583315369254592
2019-06-13 12:15:00,-0.0832454122225954
2019-06-13 12:18:00,0.03587360147247409
2019-06-13 12:21:00,-0.10766028978309805
2019-06-13 12:24:00,-0.05231052334522701
2019-06-13 12:27:00,-0.1324344405200577
2019-06-13 12:30:00,-0.08660906920533762
2019-06-13 12:33:00,-0.16427864208918663
2019-06-13 12:36:00,-0.07544615632491514
2019-06-13 12:39:00,0.09443616863075022
2019-06-13 12:42:00,0.054289189292319406
2019-06-13 12:45:00,0.05208393798830002
2019-06-13 12:48:00,0.044234559268602425
2019-06-13 12:51:00,0.009011852034689127
2019-06-13 12:54:00,-0.11678465930179982
2019-06-13 12:57:00,-0.031146171839452563
2019-06-13 13:00:00,-0.05598195856833854
2019-06-13 13:03:00,-0.07511190703053217
2019-06-13 13:06:00,-0.1654410768152843
2019-06-13 13:09:00,0.05982339742899967
2019-06-13 13:12:00,-0.15795296207301135
2019-06-13 13:15:00,-0.15990529261210895
2019-06-13 13:18:00,-0.09362080949006213
2019-06-13 13:21:00,-0.10914488998417937
2019-06-13 13:24:00,-0.08756946969884893
2019-06-13 13:27:00,-0.20951391732478442
2019-06-13 13:30:00,-0.18867898214233492
2019-06-13 13:33:00,-0.06509362370115923
2019-06-13 13:36:00,-0.023709968940181625
2019-06-13 13:39:00,0.06510786949456815
2019-06-13 13:42:00,0.07610718516536963
2019-06-13 13:45:00,-0.005221435626765469
2019-06-13 13:48:00,-0.03784467101507971
2019-06-13 13:51:00,0.04640885031420794
2019-06-13 13:54:00,-0.021096018179150633
2019-06-13 13:57:00,0.021025831996837496
2019-06-13 14:00:00,-0.0810438007786729
2019-06-13 14:03:00,0.06166116245037756
2019-06-13 14:06:00,0.03794879668811291
2019-06-13 14:09:00,0.04325594135735855
2019-06-13 14:12:00,0.07336644651280722
2019-06-13 14:15:00,0.1774391601258003
2019-06-13 14:18:00,0.033028002990477034
2019-06-13 14:21:00,0.06292782812738551
2019-06-13 14:24:00,0.0361540692152289
2019-06-13 14:27:00,-0.025836132534209355
2019-06-13 14:30:00,0.008505750408801305
2019-06-13 14:33:00,0.12037667665396157
2019-06-13 14:36:00,0.0075104674963881735
2019-06-13 14:39:00,0.05020393425212433
2019-06-13 14:42:00,0.04565248596696847
2019-06-13 14:45:00,-0.009806632770335
2019-06-13 14:48:00,-0.050135959063482005
2019-06-13 14:51:00,0.08087880607996567
2019-06-13 14:54:00,0.011958468519480903
2019-06-13 14:57:00,0.0048383672470890815
2019-06-13 15:00:00,0.02087582838811386
2019-06-13 15:03:00,-0.0496801704414338
2019-06-13 15:06:00,0.0024570863730559722
2019-06-13 15:09:00,0.06880204364500742
2019-06-13 15:12:00,-0.013081451940536226
2019-06-13 15:15:00,-0.0058980007791546996
2019-06-13 15:18:00,-0.07473677170503379
2019-06-13 15:21:00,-0.062231128192308915
2019-06-13 15:24:00,-0.11498663620187699
2019-06-13 15:27:00,-0.09526698276351908
2019-06-13 15:30:00,-0.08428740353622288
2019-06-13 15:33:00,-0.14754624792880122
2019-06-13 15:36:00,-0.1305374768142542
2019-06-13 15:39:00,-0.16932756100572988
2019-06-13 15:42:00,-0.09070176548107156
2019-06-13 15:45:00,-0.2286246392024509
2019-06-13 15:48:00,-0.3284136943572662
2019-06-13 15:51:00,-0.274923512806879
2019-06-13 15:54:00,-0.1973738161123606
2019-06-13 15:57:00,-0.2659424734655431
2019-06-13 16:00:00,-0.3488749874957193
2019-06-13 16:03:00,-0.3164894479542113
2019-06-13 16:06:00,-0.3753725572974531
2019-06-13 16:09:00,-0.3015007478835514
2019-06-13 16:12:00,-0.1029041674448763
2019-06-13 16:15:00,-0.2659270434036216
2019-06-13 16:18:00,-0.1307603979736882
2019-06-13 16:21:00,-0.18190746280691883
2019-06-13 16:24:00,-0.22671948084376936
2019-06-13 16:27:00,-0.28889936064348376
2019-06-13 16:30:00,-0.2790132920237056
2019-06-13 16:33:00,-0.30093842838635965
2019-06-13 16:36:00,-0.3446533228334374
2019-06-13 16:39:00,-0.18993706222181572
2019-06-13 16:42:00,-0.22287748725938172
2019-06-13 16:45:00,-0.09049246005815803
2019-06-13 16:48:00,-0.05657401260600636
2019-06-13 16:51:00,0.2953634198132704
2019-06-13 16:54:00,0.017368566491654747
2019-06-13 16:57:00,0.42511760666474174
2019-06-13 17:00:00,0.03882839023293627
2019-06-13 17:03:00,-0.0045246846573832045
2019-06-13 17:06:00,-0.14030471651011567
2019-06-13 17:09:00,-0.03966843676886356
2019-06-13 17:12:00,0.04222492593964944
2019-06-13 17:15:00,0.1877636517880319
2019-06-13 17:18:00,0.3259612256662763
2019-06-13 17:21:00,0.22819978234349492
2019-06-13 17:24:00,0.10050002650172019
2019-06-13 17:27:00,0.35227049799340193
2019-06-13 17:30:00,0.4072367021024661
2019-06-13 17:33:00,0.4479073268439038
2019-06-13 17:36:00,0.39970943170021656
2019-06-13 17:39:00,0.44599119225307504
2019-06-13 17:42:00,-0.0006119367587302804
2019-06-13 17:45:00,-0.08082118551794792
2019-06-13 17:48:00,0.04467165378042637
2019-06-13 17:51:00,0.0011755692351584912
2019-06-13 17:54:00,0.01577362492133716
2019-06-13 17:57:00,-0.09199795500131813
2019-06-13 18:00:00,-0.0007840275268904406
2019-06-13 18:03:00,-0.012768018626843514
2019-06-13 18:06:00,-0.03162052381043168
2019-06-13 18:09:00,-0.04269484382484734
2019-06-13 18:12:00,0.002286275563506024
2019-06-13 18:15:00,0.0017383969585580417
2019-06-13 18:18:00,0.14612250924352566
2019-06-13 18:21:00,0.06542761488475435
2019-06-13 18:24:00,-0.009702646211792398
2019-06-13 18:27:00,0.07869237849416777
2019-06-13 18:30:00,0.22382414739001888
2019-06-13 18:33:00,0.26150471668364617
2019-06-13 18:36:00,0.17709405644262688
2019-06-13 18:39:00,0.13382881861116402
2019-06-13 18:42:00,0.07040379221382409
2019-06-13 18:45:00,0.2082317410943233
2019-06-13 18:48:00,0.1792398763512324
2019-06-13 18:51:00,0.24985056899936353
2019-06-13 18:54:00,
2019-06-13 18:57:00,
2019-06-13 19:00:00,
2019-06-13 19:03:00,0.250708104744092
2019-06-13 19:06:00,0.335271009170242
2019-06-13 19:09:00,0.2761285301269254
2019-06-13 19:12:00,0.3815585467102096
2019-06-13 19:15:00,0.33715682058408447
2019-06-13 19:18:00,0.33923606386622396
2019-06-13 19:21:00,0.40395714000266025
2019-06-13 19:24:00,0.31367178523794337
2019-06-13 19:27:00,0.2838894962525842
2019-06-13 19:30:00,0.36489679377592665
2019-06-13 19:33:00,0.28092347542292373
2019-06-13 19:36:00,0.23190154505516603
2019-06-13 19:39:00,0.2956534330301679
2019-06-13 19:42:00,0.1745055784592182
2019-06-13 19:45:00,0.2047259520572311
2019-06-13 19:48:00,0.11120988646854357
2019-06-13 19:51:00,0.15591871553647252
2019-06-13 19:54:00,0.1224398841469565
2019-06-13 19:57:00,0.18102839193403497
2019-06-13 20:00:00,0.1860488665693083
2019-06-13 20:03:00,0.1958355741462583
2019-06-13 20:06:00,0.2385576767819657
2019-06-13 20:09:00,0.19714050591932164
2019-06-13 20:12:00,0.2232182439704502
2019-06-13 20:15:00,0.2917917228175497
2019-06-13 20:18:00,0.1533943289280728
2019-06-13 20:21:00,0.1477920078446573
2019-06-13 20:24:00,0.25926317600777793
2019-06-13 20:27:00,0.307367413216582
2019-06-13 20:30:00,0.3215092885492936
2019-06-13 20:33:00,0.23166482683166123
2019-06-13 20:36:00,0.32192647615170245
2019-06-13 20:39:00,0.27770814980988234
2019-06-13 20:42:00,0.34010271126265934
2019-06-13 20:45:00,0.2467098729067061
2019-06-13 20:48:00,0.21567417201345052
2019-06-13 20:51:00,0.25284352286041667
2019-06-13 20:54:00,0.3427126434422689
2019-06-13 20:57:00,0.4438431327362764
2019-06-13 21:00:00,0.3887713431756765
2019-06-13 21:03:00,0.2668628015446757
2019-06-13 21:06:00,0.1974035735456141
2019-06-13 21:09:00,0.2598960848209799
2019-06-13 21:12:00,0.2579961119622567
2019-06-13 21:15:00,0.3835587445449846
2019-06-13 21:18:00,0.3019865946701543
2019-06-13 21:21:00,0.21355158193983925
2019-06-13 21:24:00,0.18235296522107092
2019-06-13 21:27:00,0.13333180718228732
2019-06-13 21:30:00,0.21015103461428453
2019-06-13 21:33:00,0.42226928288135923
2019-06-13 21:36:00,0.421921626908329
2019-06-13 21:39:00,0.32942918359441364
2019-06-13 21:42:00,0.31900058965510425
2019-06-13 21:45:00,0.2865893629573293
2019-06-13 21:48:00,0.45035752969118903
2019-06-13 21:51:00,0.2823982706640322
2019-06-13 21:54:00,0.272387079634143
2019-06-13 21:57:00,0.21563455825111078
2019-06-13 22:00:00,0.1494954603508063
2019-06-13 22:03:00,0.3084760700719471
2019-06-13 22:06:00,0.5824465236531751
2019-06-13 22:09:00,0.44892391901373685
2019-06-13 22:12:00,0.4378390264208747
2019-06-13 22:15:00,0.28678850822018376
2019-06-13 22:18:00,0.23842413283949782
2019-06-13 22:21:00,0.3003902675193899
2019-06-13 22:24:00,0.3297915974632133
2019-06-13 22:27:00,0.3736059042143438
2019-06-13 22:30:00,0.34124475588447467
2019-06-13 22:33:00,0.5913314521705502
2019-06-13 22:36:00,0.5605733765124796
2019-06-13 22:39:00,0.35003268557210276
2019-06-13 22:42:00,0.368831296416829
2019-06-13 22:45:00,0.269046119889083
2019-06-13 22:48:00,0.3347802937632878
2019-06-13 22:51:00,0.21359820608114433
2019-06-13 22:54:00,0.28830857133937116
2019-06-13 22:57:00,0.2734645630793011
2019-06-13 23:00:00,0.28453433365990577
2019-06-13 23:03:00,0.272881985252468
2019-06-13 23:06:00,0.33521056329090015
2019-06-13 23:09:00,0.34148012707538555
2019-06-13 23:12:00,0.3483135410105547
2019-06-13 23:15:00,0.38639958850973244
2019-06-13 23:18:00,0.3389676446719818
2019-06-13 23:21:00,0.33466431535038055
2019-06-13 23:24:00,0.642561772116153
2019-06-13 23:27:00,0.6925718073134135
2019-06-13 23:30:00,0.6127938696312185
2019-06-13 23:33:00,0.6286292631370998
2019-06-13 23:36:00,0.5789824693031278
2019-06-13 23:39:00,0.6754709894766506
2019-06-13 23:42:00,0.5463923766475318
2019-06-13 23:45:00,0.5422936438760075
2019-06-13 23:48:00,0.32172475579670845
2019-06-13 23:51:00,0.25976915252221033
2019-06-13 23:54:00,0.2799622017003571
2019-06-13 23:57:00,0.3587851099454724
2019-06-14 00:00:00,0.3011404910119495
2019-06-14 00:03:00,0.33386237935417284
2019-06-14 00:06:00,0.3915267987105153
2019-06-14 00:09:00,0.33685125737594035
2019-06-14 00:12:00,0.2826843448490308
2019-06-14 00:15:00,0.2601184227906401
2019-06-14 00:18:00,0.2945724186819234
2019-06-14 00:21:00,0.3138806409173185
2019-06-14 00:24:00,0.417560570956482
2019-06-14 00:27:00,0.3985430790199871
2019-06-14 00:30:00,0.3500075958483535
2019-06-14 00:33:00,0.4425119554711614
2019-06-14 00:36:00,0.357128481109271
2019-06-14 00:39:00,0.511873905906441
2019-06-14 00:42:00,0.37087097809677516
2019-06-14 00:45:00,0.37294289028187677
2019-06-14 00:48:00,0.34945831430854923
2019-06-14 00:51:00,0.26851134713132296
2019-06-14 00:54:00,0.3131064373421282
2019-06-14 00:57:00,0.4619588789778959
2019-06-14 01:00:00,0.45728872807774223
2019-06-14 01:03:00,0.40621438416650335
2019-06-14 01:06:00,0.333138356641939
2019-06-14 01:09:00,0.3746786012445682
2019-06-14 01:12:00,0.3486353000702138
2019-06-14 01:15:00,0.4351664509563875
2019-06-14 01:18:00,0.425038454544449
2019-06-14 01:21:00,0.3395766499828028
2019-06-14 01:24:00,0.3680700631105651
2019-06-14 01:27:00,0.4008533359307762
2019-06-14 01:30:00,0.3241560838835653
2019-06-14 01:33:00,0.44958290209990537
2019-06-14 01:36:00,0.39482907133395884
2019-06-14 01:39:00,0.38763684761630657
2019-06-14 01:42:00,0.4496117830859703
2019-06-14 01:45:00,0.4198491866147833
2019-06-14 01:48:00,0.3641858870504393
2019-06-14 01:51:00,0.4048663601960243
2019-06-14 01:54:00,0.36164087963749125
2019-06-14 01:57:00,0.417138442244152
2019-06-14 02:00:00,0.3112098913932755
2019-06-14 02:03:00,0.27168484881201493
2019-06-14 02:06:00,0.34982369447789097
2019-06-14 02:09:00,0.47009254394515665
2019-06-14 02:12:00,0.5976672281585707
2019-06-14 02:15:00,0.6138990618627531
2019-06-14 02:18:00,0.43429941244107795
2019-06-14 02:21:00,0.43860259767120624
2019-06-14 02:24:00,0.4279547251414897
2019-06-14 02:27:00,0.3278047380177327
2019-06-14 02:30:00,0.33431822621383844
2019-06-14 02:33:00,0.3268865986518108
2019-06-14 02:36:00,0.42199565634763303
2019-06-14 02:39:00,0.29239947890721396
2019-06-14 02:42:00,0.3510439542693575
2019-06-14 02:45:00,0.3292526820155217
2019-06-14 02:48:00,0.45738828054624037
2019-06-14 02:51:00,0.4877126979530999
2019-06-14 02:54:00,0.5392764859504382
2019-06-14 02:57:00,0.5187272128642917
2019-06-14 03:00:00,0.43558974713994303
2019-06-14 03:03:00,0.41920016987580766
2019-06-14 03:06:00,0.419238234024192
2019-06-14 03:09:00,0.31781596360838194
2019-06-14 03:12:00,0.36264168614894743
2019-06-14 03:15:00,0.30556269701367
2019-06-14 03:18:00,0.35683117542282616
2019-06-14 03:21:00,0.3320060981315578
2019-06-14 03:24:00,0.3610079519314695
2019-06-14 03:27:00,0.351691388094423
2019-06-14 03:30:00,0.4250239721788489
2019-06-14 03:33:00,0.31181580305650414
2019-06-14 03:36:00,0.28472884460950354
2019-06-14 03:39:00,0.2644058336450712
2019-06-14 03:42:00,0.3886058713506486
2019-06-14 03:45:00,0.3735652909602436
2019-06-14 03:48:00,0.4237856392967956
2019-06-14 03:51:00,0.3918582264125803
2019-06-14 03:54:00,0.41612598553427915
2019-06-14 03:57:00,0.355319396871721
2019-06-14 04:00:00,0.3856649229119853
2019-06-14 04:03:00,0.33951482615771056
2019-06-14 04:06:00,0.3452858264222982
2019-06-14 04:09:00,0.27814784732538556
2019-06-14 04:12:00,0.2826088459784728
2019-06-14 04:15:00,0.4042810526134417
2019-06-14 04:18:00,0.3806411804359868
2019-06-14 04:21:00,0.3886645097575183
2019-06-14 04:24:00,0.38041832864587377
2019-06-14 04:27:00,0.4616562849652155
2019-06-14 04:30:00,0.305886259523902
2019-06-14 04:33:00,0.324888222771051
2019-06-14 04:36:00,0.39584871195461346
2019-06-14 04:39:00,0.3773585344794128
2019-06-14 04:42:00,0.36889263478053635
2019-06-14 04:45:00,0.33876128872520894
2019-06-14 04:48:00,0.36702080803689796
2019-06-14 04:51:00,0.33100286701807136
2019-06-14 04:54:00,0.37007195743774446
2019-06-14 04:57:00,0.40598775805204923
2019-06-14 05:00:00,0.44123371902838926
2019-06-14 05:03:00,0.30972229702229015
2019-06-14 05:06:00,0.3719985452375454
2019-06-14 05:09:00,0.3963099504611023
2019-06-14 05:12:00,0.2999082680967149
2019-06-14 05:15:00,0.3132295213604266
2019-06-14 05:18:00,0.3901522648064315
2019-06-14 05:21:00,0.34272002123992706
2019-06-14 05:24:00,0.4240554592312833
2019-06-14 05:27:00,0.3029606018529307
2019-06-14 05:30:00,0.42752534958759725
2019-06-14 05:33:00,0.3754389415324795
2019-06-14 05:36:00,0.3941094873309794
2019-06-14 05:39:00,0.3462629313621619
2019-06-14 05:42:00,0.39224236963389103
2019-06-14 05:45:00,0.3904437919667316
2019-06-14 05:48:00,0.3407255928238442
2019-06-14 05:51:00,0.40100906327813846
2019-06-14 05:54:00,0.301477948797924
2019-06-14 05:57:00,0.305197122087975
2019-06-14 06:00:00,0.38294382569705476
2019-06-14 06:03:00,0.33631903771953375
2019-06-14 06:06:00,0.4225591080474942
2019-06-14 06:09:00,0.43005681031070253
2019-06-14 06:12:00,0.4023146298568463
2019-06-14 06:15:00,0.41167060734335337
2019-06-14 06:18:00,0.34761270963514335
2019-06-14 06:21:00,0.2994647980111722
2019-06-14 06:24:00,0.3053644611593995
2019-06-14 06:27:00,0.34520855227071934
2019-06-14 06:30:00,0.3765214011746707
2019-06-14 06:33:00,0.29385173656345387
2019-06-14 06:36:00,0.38174478401845136
2019-06-14 06:39:00,0.3483322622749938
2019-06-14 06:42:00,0.3304864413589712
2019-06-14 06:45:00,0.36439235039125606
2019-06-14 06:48:00,0.3495581517479991
2019-06-14 06:51:00,0.44573054796205724
2019-06-14 06:54:00,0.37593759328956367
2019-06-14 06:57:00,0.4264900481715017
2019-06-14 07:00:00,0.33905451708307055
2019-06-14 07:03:00,0.3238758651706348
2019-06-14 07:06:00,0.4239884680911814
2019-06-14 07:09:00,0.3851949713923659
2019-06-14 07:12:00,0.30497488490982505
2019-06-14 07:15:00,0.33938729103920195
2019-06-14 07:18:00,0.3520294992379718
2019-06-14 07:21:00,0.34147163706518313
2019-06-14 07:24:00,0.345552874211819
2019-06-14 07:27:00,0.38460458448059853
2019-06-14 07:30:00,0.24524629435506995
2019-06-14 07:33:00,0.3327072988802229
2019-06-14 07:36:00,0.2204356936102272
2019-06-14 07:39:00,0.25566072110916593
2019-06-14 07:42:00,0.3374927070541389
2019-06-14 07:45:00,0.33889414506262483
2019-06-14 07:48:00,0.395280497828594
2019-06-14 07:51:00,0.265046678429826
2019-06-14 07:54:00,0.27634099823046654
2019-06-14 07:57:00,0.2618378615231336
2019-06-14 08:00:00,0.2908653278274187
2019-06-14 08:03:00,0.1581137328601585
2019-06-14 08:06:00,0.2487928033825142
2019-06-14 08:09:00,0.18556557707768206
2019-06-14 08:12:00,0.18339813569002672
2019-06-14 08:15:00,0.2019301630259065
2019-06-14 08:18:00,0.2269360792530506
2019-06-14 08:21:00,0.28714906603727286
2019-06-14 08:24:00,0.17814070198613763
2019-06-14 08:27:00,0.26132005024658156
2019-06-14 08:30:00,0.21834658511590987
2019-06-14 08:33:00,0.22111815322062967
2019-06-14 08:36:00,0.18357280136615373
2019-06-14 08:39:00,0.22023862320907028
2019-06-14 08:42:00,0.17172814289085636
2019-06-14 08:45:00,0.19457735706458834
2019-06-14 08:48:00,0.19575247926348993
2019-06-14 08:51:00,0.09922091756527607
2019-06-14 08:54:00,0.11357294869412726
2019-06-14 08:57:00,0.13264218824565432
2019-06-14 09:00:00,0.15529823063189951
2019-06-14 09:03:00,0.10436396151948202
2019-06-14 09:06:00,0.06195593762407725
2019-06-14 09:09:00,0.08763996344822544
2019-06-14 09:12:00,0.06494525731045542
2019-06-14 09:15:00,0.08657560101698891
2019-06-14 09:18:00,0.23805738887563166
2019-06-14 09:21:00,0.11534649705674838
2019-06-14 09:24:00,0.0365958055301121
2019-06-14 09:27:00,0.024806360855677667
2019-06-14 09:30:00,0.04710832208672855
2019-06-14 09:33:00,0.038833390614627206
2019-06-14 09:36:00,-0.027400284775694672
2019-06-14 09:39:00,-0.03509364464321152
2019-06-14 09:42:00,-0.009250594616162289
2019-06-14 09:45:00,-0.005588924815015162
2019-06-14 09:48:00,-0.04513126299059422
2019-06-14 09:51:00,-0.0321098928407082
2019-06-14 09:54:00,-0.0723252054347654
2019-06-14 09:57:00,-0.14253587372803622
2019-06-14 10:00:00,-0.08816974850742554
2019-06-14 10:03:00,-0.13554438387933487
2019-06-14 10:06:00,-0.2951317418812778
2019-06-14 10:09:00,-0.15518537563218615
2019-06-14 10:12:00,-0.18285586617571425
2019-06-14 10:15:00,-0.2402714588263848
2019-06-14 10:18:00,-0.2690255240361239
2019-06-14 10:21:00,-0.33234246204386864
2019-06-14 10:24:00,-0.2310191077244781
2019-06-14 10:27:00,-0.23768799100167826
2019-06-14 10:30:00,-0.3036692460536301
2019-06-14 10:33:00,-0.1472448517229168
2019-06-14 10:36:00,-0.23994786693958758
2019-06-14 10:39:00,-0.18705743645523398
2019-06-14 10:42:00,-0.2187008582315002
2019-06-14 10:45:00,-0.23662594655309022
2019-06-14 10:48:00,-0.23637234359614467
2019-06-14 10:51:00,-0.17200305630677803
2019-06-14 10:54:00,-0.224683133062058
2019-06-14 10:57:00,-0.22793617492772
2019-06-14 11:00:00,-0.11706280365456223
2019-06-14 11:03:00,-0.24583658467736313
2019-06-14 11:06:00,-0.20994967679547472
2019-06-14 11:09:00,-0.3359803219435662
2019-06-14 11:12:00,-0.22141808409116948
2019-06-14 11:15:00,-0.3587504930205796
2019-06-14 11:18:00,-0.2617132260017456
2019-06-14 11:21:00,-0.3019180452591854
2019-06-14 11:24:00,-0.2958004848395035
2019-06-14 11:27:00,-0.3410635501718957
2019-06-14 11:30:00,-0.35240066061606967
2019-06-14 11:33:00,-0.39465456062754356
2019-06-14 11:36:00,-0.3706172547081792
2019-06-14 11:39:00,-0.39730493133072287
2019-06-14 11:42:00,-0.39668667092797705
2019-06-14 11:45:00,-0.42414354057353876
2019-06-14 11:48:00,-0.4593390087560465
2019-06-14 11:51:00,-0.38263900099661896
2019-06-14 11:54:00,-0.40604786885143085
2019-06-14 11:57:00,-0.47146085024462536
2019-06-14 12:00:00,-0.4313881165223279
2019-06-14 12:03:00,-0.3414848893447129
2019-06-14 12:06:00,-0.40061573165854725
2019-06-14 12:09:00,-0.3544380366641917
2019-06-14 12:12:00,-0.2666310174664659
2019-06-14 12:15:00,-0.33362244083690484
2019-06-14 12:18:00,-0.17903011263967983
2019-06-14 12:21:00,-0.28746820365768144
2019-06-14 12:24:00,-0.32269778067336574
2019-06-14 12:27:00,-0.305755776346075
2019-06-14 12:30:00,-0.12203427807901335
2019-06-14 12:33:00,-0.16442784208709327
2019-06-14 12:36:00,-0.1468875907210645
2019-06-14 12:39:00,-0.022984073343877753
2019-06-14 12:42:00,0.07822071300705602
2019-06-14 12:45:00,0.05637564059355782
2019-06-14 12:48:00,0.11149043425092486
2019-06-14 12:51:00,0.2664092377208931
2019-06-14 12:54:00,0.14975820502678516
2019-06-14 12:57:00,0.08451191913553657
2019-06-14 13:00:00,0.02015635202553767
2019-06-14 13:03:00,-0.021287825954573236
2019-06-14 13:06:00,-0.04183920784322481
2019-06-14 13:09:00,-0.10669942176900804
2019-06-14 13:12:00,-0.2735059212611759
2019-06-14 13:15:00,-0.28405426957152713
2019-06-14 13:18:00,-0.2964478545673046
2019-06-14 13:21:00,-0.24299630970648423
2019-06-14 13:24:00,-0.1273018126805141
2019-06-14 13:27:00,-0.06421603547624954
2019-06-14 13:30:00,-0.036459233556058734
2019-06-14 13:33:00,0.026155783201659233
2019-06-14 13:36:00,-0.18474711307817415
2019-06-14 13:39:00,-0.3943209754543773
2019-06-14 13:42:00,-0.3778778006530956
2019-06-14 13:45:00,-0.387387757526767
2019-06-14 13:48:00,-0.4127275546009628
2019-06-14 13:51:00,-0.3176772779654584
2019-06-14 13:54:00,-0.354891909924163
2019-06-14 13:57:00,-0.2916290465649354
2019-06-14 14:00:00,-0.2643538808827657
2019-06-14 14:03:00,-0.3134905891634503
2019-06-14 14:06:00,-0.2131654971643684
2019-06-14 14:09:00,-0.3789610041688434
2019-06-14 14:12:00,-0.5403788725310505
2019-06-14 14:15:00,-0.47029138763008405
2019-06-14 14:18:00,-0.49938711702844785
2019-06-14 14:21:00,-0.40334314484346123
2019-06-14 14:24:00,-0.32891940271878184
2019-06-14 14:27:00,-0.42041946574113354
2019-06-14 14:30:00,-0.34813071622994585
2019-06-14 14:33:00,-0.3249674898290209
2019-06-14 14:36:00,-0.3686800272278674
2019-06-14 14:39:00,-0.33118834715020284
2019-06-14 14:42:00,-0.34585815683561805
2019-06-14 14:45:00,-0.37767200159385084
2019-06-14 14:48:00,-0.2417662972007406
2019-06-14 14:51:00,-0.2783846578308271
2019-06-14 14:54:00,-0.26173176663343156
2019-06-14 14:57:00,-0.349604830771284
2019-06-14 15:00:00,-0.4147237646845383
2019-06-14 15:03:00,-0.30377510146837494
2019-06-14 15:06:00,-0.36967557491578873
2019-06-14 15:09:00,-0.44950596150158617
2019-06-14 15:12:00,-0.44221931682722015
2019-06-14 15:15:00,-0.460902638274888
2019-06-14 15:18:00,-0.3894572856924583
2019-06-14 15:21:00,-0.3328033959944037
2019-06-14 15:24:00,-0.36278651254576744
2019-06-14 15:27:00,-0.37041945098985707
2019-06-14 15:30:00,-0.42674137273115775
2019-06-14 15:33:00,-0.37237126271139687
2019-06-14 15:36:00,-0.34369622398349975
2019-06-14 15:39:00,-0.3779652701326768
2019-06-14 15:42:00,-0.2786571517188463
2019-06-14 15:45:00,-0.3326269933775734
2019-06-14 15:48:00,-0.39915453536929135
2019-06-14 15:51:00,-0.48750996643065037
2019-06-14 15:54:00,-0.40008867650863067
2019-06-14 15:57:00,-0.4339502678665781
2019-06-14 16:00:00,-0.3838862133288785
2019-06-14 16:03:00,-0.37127217404116664
2019-06-14 16:06:00,-0.3175127250183891
2019-06-14 16:09:00,-0.34196724864574435
2019-06-14 16:12:00,-0.3732712155339186
2019-06-14 16:15:00,-0.41923812276621675
2019-06-14 16:18:00,-0.4523299725317429
2019-06-14 16:21:00,-0.3662896019390587
2019-06-14 16:24:00,-0.43574380000603696
2019-06-14 16:27:00,-0.1996872331136501
2019-06-14 16:30:00,-0.12080121094896867
2019-06-14 16:33:00,-0.20898491791297147
2019-06-14 16:36:00,-0.24059020793026775
2019-06-14 16:39:00,-0.2810908276567261
2019-06-14 16:42:00,-0.31448578293907303
2019-06-14 16:45:00,-0.2713697554576129
2019-06-14 16:48:00,-0.30185421707034266
2019-06-14 16:51:00,-0.22497937573342597
2019-06-14 16:54:00,-0.23289881041546323
2019-06-14 16:57:00,-0.33115134173289107
2019-06-14 17:00:00,-0.3194311010041133
2019-06-14 17:03:00,-0.2898985215409766
2019-06-14 17:06:00,-0.24416819500424936
2019-06-14 17:09:00,-0.21192831879824325
2019-06-14 17:12:00,-0.17296047376567003
2019-06-14 17:15:00,-0.19149940979320945
2019-06-14 17:18:00,-0.24808953404692602
2019-06-14 17:21:00,-0.2153511617161712
2019-06-14 17:24:00,-0.2936740644386191
2019-06-14 17:27:00,-0.27340299512445654
2019-06-14 17:30:00,-0.1195391906313148
2019-06-14 17:33:00,-0.21542821334122664
2019-06-14 17:36:00,-0.13036687067284447
2019-06-14 17:39:00,-0.25090848386327025
2019-06-14 17:42:00,-0.1683889177617175
2019-06-14 17:45:00,-0.12988973476137744
2019-06-14 17:48:00,-0.1338945789963759
2019-06-14 17:51:00,-0.20434036198400918
2019-06-14 17:54:00,-0.23607770592690258
2019-06-14 17:57:00,-0.2176380409477474
2019-06-14 18:00:00,-0.1964431081089515
2019-06-14 18:03:00,-0.09547193471286164
2019-06-14 18:06:00,-0.05298979480744492
2019-06-14 18:09:00,-0.14538759432366533
2019-06-14 18:12:00,-0.14108419956812668
2019-06-14 18:15:00,-0.1486843332055514
2019-06-14 18:18:00,-0.12585045712376086
2019-06-14 18:21:00,-0.07670832179690024
2019-06-14 18:24:00,-0.07270311010466912
2019-06-14 18:27:00,-0.0928263724459839
2019-06-14 18:30:00,-0.1576940642106024
2019-06-14 18:33:00,-0.15358016695211063
2019-06-14 18:36:00,-0.06780786975627962
2019-06-14 18:39:00,0.027177131146800093
2019-06-14 18:42:00,-0.05130601356859188
2019-06-14 18:45:00,-0.11746228598821062
2019-06-14 18:48:00,-0.020166870909349655
2019-06-14 18:51:00,-0.07177313900092486
2019-06-14 18:54:00,
2019-06-14 18:57:00,
2019-06-14 19:00:00,
2019-06-14 19:03:00,-0.13569400154773348
2019-06-14 19:06:00,-0.05514536136325887
2019-06-14 19:09:00,-0.12548538991120495
2019-06-14 19:12:00,-0.11032300496071912
2019-06-14 19:15:00,0.006688441893174968
2019-06-14 19:18:00,-0.06077963141433429
2019-06-14 19:21:00,0.023209446487442165
2019-06-14 19:24:00,-0.031136200523121715
2019-06-14 19:27:00,-0.09469367112666305
2019-06-14 19:30:00,-0.07042370203402015
2019-06-14 19:33:00,0.07233417899124106
2019-06-14 19:36:00,-0.019724132460453347
2019-06-14 19:39:00,-0.018610210701694996
2019-06-14 19:42:00,-0.03151699577557565
2019-06-14 19:45:00,0.023344803228667388
2019-06-14 19:48:00,-0.06613827780040538
2019-06-14 19:51:00,-0.023637771619746673
2019-06-14 19:54:00,0.1319839003982679
2019-06-14 19:57:00,-0.04340952841045009
2019-06-14 20:00:00,-0.03116256425323627
2019-06-14 20:03:00,0.14392565580993733
2019-06-14 20:06:00,-0.03656767987706644
2019-06-14 20:09:00,0.018480264644779254
2019-06-14 20:12:00,0.038329554455344805
2019-06-14 20:15:00,-0.005121208491516427
2019-06-14 20:18:00,0.0241698112969857
2019-06-14 20:21:00,0.029792416100349328
2019-06-14 20:24:00,0.06806903949933485
2019-06-14 20:27:00,0.09119165316667477
2019-06-14 20:30:00,0.025297890907836518
2019-06-14 20:33:00,-0.07616384516558128
2019-06-14 20:36:00,0.04323455597858583
2019-06-14 20:39:00,0.04353455449546573
2019-06-14 20:42:00,0.0007532336335884793
2019-06-14 20:45:00,-0.0018919341216019347
2019-06-14 20:48:00,-0.026392432770478536
2019-06-14 20:51:00,-0.03992609830982019
2019-06-14 20:54:00,-0.007672993994731314
2019-06-14 20:57:00,-0.05781441376376506
2019-06-14 21:00:00,-0.015220176822310805
2019-06-14 21:03:00,-0.0008581656815636052
2019-06-14 21:06:00,0.00104293501851771
2019-06-14 21:09:00,-0.020005268096610962
2019-06-14 21:12:00,-0.009606176738373051
2019-06-14 21:15:00,-0.1301337193661425
2019-06-14 21:18:00,-0.005958072755731791
2019-06-14 21:21:00,-0.0411144279163409
2019-06-14 21:24:00,0.0022663205966750866
2019-06-14 21:27:00,-0.011943915046401798
2019-06-14 21:30:00,0.002972185284590978
2019-06-14 21:33:00,0.04900899871608999
2019-06-14 21:36:00,0.11591122136383092
2019-06-14 21:39:00,0.2291518390005649
2019-06-14 21:42:00,0.11361652593240024
2019-06-14 21:45:00,0.010573380362927765
2019-06-14 21:48:00,-0.029675551505363273
2019-06-14 21:51:00,-0.06799818643537492
2019-06-14 21:54:00,0.032373291246983626
2019-06-14 21:57:00,-0.03534311306384552
2019-06-14 22:00:00,0.03430812592620214
2019-06-14 22:03:00,-3.2223153482391353e-05
2019-06-14 22:06:00,0.0647580783659123
2019-06-14 22:09:00,-0.036533382512345725
2019-06-14 22:12:00,-0.10839790836496377
2019-06-14 22:15:00,-0.08457161811412561
2019-06-14 22:18:00,0.016885662972526916
2019-06-14 22:21:00,0.009113139845624119
2019-06-14 22:24:00,0.1466843435951546
2019-06-14 22:27:00,-0.08977304682895237
2019-06-14 22:30:00,-0.028149570841776494
2019-06-14 22:33:00,0.015960902867163895
2019-06-14 22:36:00,0.028117148459386954
2019-06-14 22:39:00,0.011514583212431262
2019-06-14 22:42:00,-0.0049776804744965375
2019-06-14 22:45:00,-0.07107834449601569
2019-06-14 22:48:00,0.0038213468995422772
2019-06-14 22:51:00,0.10194925128701016
2019-06-14 22:54:00,0.29967748761112034
2019-06-14 22:57:00,0.24257628580244273
2019-06-14 23:00:00,0.1800052247641588
2019-06-14 23:03:00,0.045627149600647954
2019-06-14 23:06:00,0.1743110274903188
2019-06-14 23:09:00,0.10226615061907296
2019-06-14 23:12:00,0.15740641204394024
2019-06-14 23:15:00,0.0910034579742387
2019-06-14 23:18:00,0.1284484194630977
2019-06-14 23:21:00,0.15546689724635598
2019-06-14 23:24:00,0.11637603363027438
2019-06-14 23:27:00,0.12234372407823457
2019-06-14 23:30:00,0.2786132586530812
2019-06-14 23:33:00,0.15552003351047006
2019-06-14 23:36:00,0.14012061189481528
2019-06-14 23:39:00,0.17437232718771156
2019-06-14 23:42:00,0.13951317953154785
2019-06-14 23:45:00,0.10763633706415021
2019-06-14 23:48:00,0.06542611885919314
2019-06-14 23:51:00,0.189074585001606
2019-06-14 23:54:00,0.10626684162429001
2019-06-14 23:57:00,0.047706515073628
2019-06-15 00:00:00,0.16811479186179668
2019-06-15 00:03:00,0.14269073216246397
2019-06-15 00:06:00,0.1437457874607162
2019-06-15 00:09:00,0.06697605305419074
2019-06-15 00:12:00,0.10338430299617585
2019-06-15 00:15:00,0.07286700143640701
2019-06-15 00:18:00,0.025055361823604017
2019-06-15 00:21:00,0.11157872119309786
2019-06-15 00:24:00,0.167874505379757
2019-06-15 00:27:00,0.20670367278012236
2019-06-15 00:30:00,0.15077775756276424
2019-06-15 00:33:00,0.2243298888006393
2019-06-15 00:36:00,0.22488168138659148
2019-06-15 00:39:00,0.14738390680503244
2019-06-15 00:42:00,0.29162058489009723
2019-06-15 00:45:00,0.2753073131878523
2019-06-15 00:48:00,0.2046402050694951
2019-06-15 00:51:00,0.13421131077006976
2019-06-15 00:54:00,0.1985211650724068
2019-06-15 00:57:00,0.13447673820417094
2019-06-15 01:00:00,0.15106198238504476
2019-06-15 01:03:00,0.12542552340647717
2019-06-15 01:06:00,0.11702806274797695
2019-06-15 01:09:00,0.1983954939423711
2019-06-15 01:12:00,0.2516248436238584
2019-06-15 01:15:00,0.25512322926266506
2019-06-15 01:18:00,0.3200758399623851
2019-06-15 01:21:00,0.2841611070757608
2019-06-15 01:24:00,0.16597684767492638
2019-06-15 01:27:00,0.3247583076839078
2019-06-15 01:30:00,0.3205055596530997
2019-06-15 01:33:00,0.30834730618295225
2019-06-15 01:36:00,0.33152821240520325
2019-06-15 01:39:00,0.3023178485182143
2019-06-15 01:42:00,0.25092154813427214
2019-06-15 01:45:00,0.14470179871369737
2019-06-15 01:48:00,0.2243132593338828
2019-06-15 01:51:00,0.18717104052217337
2019-06-15 01:54:00,0.15320017570661548
2019-06-15 01:57:00,0.3068495442547601
2019-06-15 02:00:00,0.24272449787582673
2019-06-15 02:03:00,0.37286260421115003
2019-06-15 02:06:00,0.37054816759979303
2019-06-15 02:09:00,0.28107991936383314
2019-06-15 02:12:00,0.28390353119397105
2019-06-15 02:15:00,0.2731810983540299
2019-06-15 02:18:00,0.20779040136619642
2019-06-15 02:21:00,0.3085056728693303
2019-06-15 02:24:00,0.2662908097155423
2019-06-15 02:27:00,0.2612913911070791
2019-06-15 02:30:00,0.20570238510748595
2019-06-15 02:33:00,0.13027260841869293
2019-06-15 02:36:00,0.18285369980253563
2019-06-15 02:39:00,0.2292438107473913
2019-06-15 02:42:00,0.15345776591919957
2019-06-15 02:45:00,0.20208937366720647
2019-06-15 02:48:00,0.2226862794352087
2019-06-15 02:51:00,0.1347096381322217
2019-06-15 02:54:00,0.30169317387009187
2019-06-15 02:57:00,0.2340123375306007
2019-06-15 03:00:00,0.18549088300369476
2019-06-15 03:03:00,0.23035614248033198
2019-06-15 03:06:00,0.17741031647682348
2019-06-15 03:09:00,0.23871343708600534
2019-06-15 03:12:00,0.14840187858141007
2019-06-15 03:15:00,0.24809163133943457
2019-06-15 03:18:00,0.19438314418363234
2019-06-15 03:21:00,0.26345443511331723
2019-06-15 03:24:00,0.3844047567108646
2019-06-15 03:27:00,0.23959846627144543
2019-06-15 03:30:00,0.2665232436658016
2019-06-15 03:33:00,0.23819960739149337
2019-06-15 03:36:00,0.2550605782536195
2019-06-15 03:39:00,0.28187246771676655
2019-06-15 03:42:00,0.18826237288692482
2019-06-15 03:45:00,0.19152466210852026
2019-06-15 03:48:00,0.31523107809067596
2019-06-15 03:51:00,0.4118040221798651
2019-06-15 03:54:00,0.18073222641288567
2019-06-15 03:57:00,0.23541419684198672
2019-06-15 04:00:00,0.24549649665846118
2019-06-15 04:03:00,0.27258352621259974
2019-06-15 04:06:00,0.3070951078584585
2019-06-15 04:09:00,0.30857341195826393
2019-06-15 04:12:00,0.39835896199519993
2019-06-15 04:15:00,0.4826588186167555
2019-06-15 04:18:00,0.3926219913226987
2019-06-15 04:21:00,0.39067577645710116
2019-06-15 04:24:00,0.44228792960075225
2019-06-15 04:27:00,0.44246177580981794
2019-06-15 04:30:00,0.46323124801159565
2019-06-15 04:33:00,0.4891772278792246
2019-06-15 04:36:00,0.4092052211449868
2019-06-15 04:39:00,0.45545886493277976
2019-06-15 04:42:00,0.47631258862679715
2019-06-15 04:45:00,0.5568818077893525
2019-06-15 04:48:00,0.49846974889987905
2019-06-15 04:51:00,0.5465703416923589
2019-06-15 04:54:00,0.5185353575884051
2019-06-15 04:57:00,0.494085207959472
2019-06-15 05:00:00,0.5082818293067817
2019-06-15 05:03:00,0.5378891446997613
2019-06-15 05:06:00,0.6342940998632116
2019-06-15 05:09:00,0.6255810336201648
2019-06-15 05:12:00,0.7058282313934114
2019-06-15 05:15:00,0.6378483057084168
2019-06-15 05:18:00,0.6485278469793911
2019-06-15 05:21:00,0.540676923371052
2019-06-15 05:24:00,0.601439586250649
2019-06-15 05:27:00,0.5409733111865762
2019-06-15 05:30:00,0.37154037803298934
2019-06-15 05:33:00,0.48030855889385293
2019-06-15 05:36:00,0.4281808250748895
2019-06-15 05:39:00,0.5782495540209993
2019-06-15 05:42:00,0.42170305885048265
2019-06-15 05:45:00,0.44443664394299276
2019-06-15 05:48:00,0.42746656264478133
2019-06-15 05:51:00,0.4078093028142007
2019-06-15 05:54:00,0.4295595600215165
2019-06-15 05:57:00,0.35710334744635475
2019-06-15 06:00:00,0.45254804492265066
2019-06-15 06:03:00,0.38992511642442196
2019-06-15 06:06:00,0.43042259649041625
2019-06-15 06:09:00,0.4280750626742247
2019-06-15 06:12:00,0.5394926918345959
2019-06-15 06:15:00,0.43862996080008543
2019-06-15 06:18:00,0.4292897563734641
2019-06-15 06:21:00,0.4078975632005495
2019-06-15 06:24:00,0.4529367809335554
2019-06-15 06:27:00,0.3821079586795122
2019-06-15 06:30:00,0.36758714248975366
2019-06-15 06:33:00,0.4715639371741531
2019-06-15 06:36:00,0.44014329337352365
2019-06-15 06:39:00,0.37860829945367414
2019-06-15 06:42:00,0.3784359504962822
2019-06-15 06:45:00,0.446343591963398
2019-06-15 06:48:00,0.42945382044320013
2019-06-15 06:51:00,0.3719788406181692
2019-06-15 06:54:00,0.42817475274108574
2019-06-15 06:57:00,0.36207528418236734
2019-06-15 07:00:00,0.4575964048971173
2019-06-15 07:03:00,0.43228788851718036
2019-06-15 07:06:00,0.4354254794778285
2019-06-15 07:09:00,0.442703395000251
2019-06-15 07:12:00,0.42131405595210936
2019-06-15 07:15:00,0.4388642330731045
2019-06-15 07:18:00,0.49953818887843227
2019-06-15 07:21:00,0.4536834339427287
2019-06-15 07:24:00,0.45916385726678755
2019-06-15 07:27:00,0.39490533090463487
2019-06-15 07:30:00,0.3380819627711844
2019-06-15 07:33:00,0.41426358035846533
2019-06-15 07:36:00,0.4009828354568299
2019-06-15 07:39:00,0.4413400884569114
2019-06-15 07:42:00,0.42418933411579474
2019-06-15 07:45:00,0.39138162858455416
2019-06-15 07:48:00,0.41131576702997563
2019-06-15 07:51:00,0.4032435453150356
2019-06-15 07:54:00,0.349102083846617
2019-06-15 07:57:00,0.423972836283383
2019-06-15 08:00:00,0.36749442090945195
2019-06-15 08:03:00,0.3299229245522497
2019-06-15 08:06:00,0.43336369601917113
2019-06-15 08:09:00,0.3804935641543352
2019-06-15 08:12:00,0.38973205284503365
2019-06-15 08:15:00,0.4023989959974301
2019-06-15 08:18:00,0.3611570098461243
2019-06-15 08:21:00,0.31102287457048305
2019-06-15 08:24:00,0.44553084992389813
2019-06-15 08:27:00,0.31112486863571576
2019-06-15 08:30:00,0.36598852222317646
2019-06-15 08:33:00,0.2653084068050475
2019-06-15 08:36:00,0.28420036088323286
2019-06-15 08:39:00,0.3443989941486052
2019-06-15 08:42:00,0.28134202485841797
2019-06-15 08:45:00,0.376180444380509
2019-06-15 08:48:00,0.23902896965904574
2019-06-15 08:51:00,0.37503613933284896
2019-06-15 08:54:00,0.3123763652882303
2019-06-15 08:57:00,0.23787179821249538
2019-06-15 09:00:00,0.2916628950490008
2019-06-15 09:03:00,0.22656611546125305
2019-06-15 09:06:00,0.28540492615007906
2019-06-15 09:09:00,0.22462403006488785
2019-06-15 09:12:00,0.2393556971753128
2019-06-15 09:15:00,0.2600427210443854
2019-06-15 09:18:00,0.22138295350561066
2019-06-15 09:21:00,0.18811198719487265
2019-06-15 09:24:00,0.24149492542238704
2019-06-15 09:27:00,0.2644699219625295
2019-06-15 09:30:00,0.07535148937006397
2019-06-15 09:33:00,0.23588552761032133
2019-06-15 09:36:00,0.2018468334119916
2019-06-15 09:39:00,0.16366465363597626
2019-06-15 09:42:00,0.1445648903189749
2019-06-15 09:45:00,0.0864043219584687
2019-06-15 09:48:00,0.039354898125623095
2019-06-15 09:51:00,0.1315164359056098
2019-06-15 09:54:00,0.05204174558275554
2019-06-15 09:57:00,0.04652106769913189
2019-06-15 10:00:00,0.061053676716312566
2019-06-15 10:03:00,0.15154506389808375
2019-06-15 10:06:00,-0.08513464107016944
2019-06-15 10:09:00,0.02166873297829852
2019-06-15 10:12:00,0.0620841561085399
2019-06-15 10:15:00,-0.011179410591012129
2019-06-15 10:18:00,-0.004329835829537387
2019-06-15 10:21:00,-0.012091513071879945
2019-06-15 10:24:00,0.019641157806688625
2019-06-15 10:27:00,-0.00876677493454281
2019-06-15 10:30:00,-0.0686663105807952
2019-06-15 10:33:00,-0.050285848525390975
2019-06-15 10:36:00,0.04743517118873797
2019-06-15 10:39:00,0.04528500191997864
2019-06-15 10:42:00,-0.09226791624990938
2019-06-15 10:45:00,-0.04396684610844659
2019-06-15 10:48:00,0.03666989781407892
2019-06-15 10:51:00,-0.08648738216305674
2019-06-15 10:54:00,-0.06366295869355554
2019-06-15 10:57:00,0.02798020606320506
2019-06-15 11:00:00,-0.029808843975615673
2019-06-15 11:03:00,-0.032313087350075875
2019-06-15 11:06:00,-0.17388293598088467
2019-06-15 11:09:00,-0.03817553815849806
2019-06-15 11:12:00,-0.08934937380917063
2019-06-15 11:15:00,0.05203403706582321
2019-06-15 11:18:00,-0.11156387871727702
2019-06-15 11:21:00,-0.020951208721953662
2019-06-15 11:24:00,-0.042867024832673906
2019-06-15 11:27:00,-0.05410095942971793
2019-06-15 11:30:00,-0.03425406037592893
2019-06-15 11:33:00,-0.01982189119917166
2019-06-15 11:36:00,-0.05305718195154441
2019-06-15 11:39:00,-0.23340917481016277
2019-06-15 11:42:00,-0.12930157821017474
2019-06-15 11:45:00,-0.28033780995684765
2019-06-15 11:48:00,-0.12324313097440154
2019-06-15 11:51:00,-0.14187124073521318
2019-06-15 11:54:00,-0.19598478424234145
2019-06-15 11:57:00,-0.19546508343620417
2019-06-15 12:00:00,-0.16796252452809313
2019-06-15 12:03:00,-0.14776800488215258
2019-06-15 12:06:00,-0.05990212424450192
2019-06-15 12:09:00,-0.004988332257312322
2019-06-15 12:12:00,-0.05270628749804018
2019-06-15 12:15:00,-0.23876480780262455
2019-06-15 12:18:00,-0.13294419186638606
2019-06-15 12:21:00,-0.185819217544406
2019-06-15 12:24:00,-0.16064612861879368
2019-06-15 12:27:00,-0.0626991995810613
2019-06-15 12:30:00,-0.1028498163294671
2019-06-15 12:33:00,-0.16068154007649582
2019-06-15 12:36:00,-0.23488700974729682
2019-06-15 12:39:00,-0.1293730573303833
2019-06-15 12:42:00,-0.1899810914589466
2019-06-15 12:45:00,-0.08466824103021509
2019-06-15 12:48:00,-0.20808021590590897
2019-06-15 12:51:00,-0.11671287178035072
2019-06-15 12:54:00,-0.06194370328967125
2019-06-15 12:57:00,-0.07333969693155495
2019-06-15 13:00:00,0.036875528277789726
2019-06-15 13:03:00,-0.0035747027330899073
2019-06-15 13:06:00,0.08708085564285284
2019-06-15 13:09:00,0.003193167849758538
2019-06-15 13:12:00,-0.049198146900948814
2019-06-15 13:15:00,-0.10733005232964388
2019-06-15 13:18:00,-0.21431934290558274
2019-06-15 13:21:00,-0.16535190752597373
2019-06-15 13:24:00,-0.1815520355348781
2019-06-15 13:27:00,-0.11183476058931774
2019-06-15 13:30:00,-0.13504052733384242
2019-06-15 13:33:00,-0.09274865522121445
2019-06-15 13:36:00,-0.12580498086049374
2019-06-15 13:39:00,-0.1307696457502061
2019-06-15 13:42:00,-0.21463416007878777
2019-06-15 13:45:00,-0.09820742636992463
2019-06-15 13:48:00,-0.014003982645135693
2019-06-15 13:51:00,-0.0001229389629884281
2019-06-15 13:54:00,-0.09598694641391603
2019-06-15 13:57:00,-0.019523851468591147
2019-06-15 14:00:00,-0.005708221476709241
2019-06-15 14:03:00,-0.08121087503923263
2019-06-15 14:06:00,-0.11838134827081603
2019-06-15 14:09:00,-0.16257259080458653
2019-06-15 14:12:00,-0.12255381475824834
2019-06-15 14:15:00,-0.261825674494105
2019-06-15 14:18:00,-0.21139905236134382
2019-06-15 14:21:00,-0.1442867939049961
2019-06-15 14:24:00,-0.09385620189601696
2019-06-15 14:27:00,-0.09889309288456616
2019-06-15 14:30:00,-0.015147228400905988
2019-06-15 14:33:00,-0.08399694117957779
2019-06-15 14:36:00,-0.15518810288335771
2019-06-15 14:39:00,-0.16336761062916594
2019-06-15 14:42:00,-0.16663038343665448
2019-06-15 14:45:00,-0.186912987268272
2019-06-15 14:48:00,-0.1321211490180758
2019-06-15 14:51:00,-0.12728390328453543
2019-06-15 14:54:00,-0.11052020149202235
2019-06-15 14:57:00,-0.11846212123816713
2019-06-15 15:00:00,-0.04824775381450763
2019-06-15 15:03:00,-0.1633388458314471
2019-06-15 15:06:00,-0.10782097417586556
2019-06-15 15:09:00,-0.24660112896521014
2019-06-15 15:12:00,-0.1549294241183361
2019-06-15 15:15:00,-0.22021734448037478
2019-06-15 15:18:00,-0.11251298564201306
2019-06-15 15:21:00,-0.1020136192140626
2019-06-15 15:24:00,-0.18912200909500143
2019-06-15 15:27:00,-0.227199330504277
2019-06-15 15:30:00,-0.1785841895260205
2019-06-15 15:33:00,-0.11262197297111243
2019-06-15 15:36:00,-0.15129427167107679
2019-06-15 15:39:00,-0.12352611117353263
2019-06-15 15:42:00,0.029867389955882118
2019-06-15 15:45:00,-0.1595475989586248
2019-06-15 15:48:00,-0.10599291732933125
2019-06-15 15:51:00,-0.082020187938042
2019-06-15 15:54:00,-0.0857849375484534
2019-06-15 15:57:00,-0.1105150750198618
2019-06-15 16:00:00,-0.16583216135029488
2019-06-15 16:03:00,-0.06841065665469159
2019-06-15 16:06:00,-0.09185919444087176
2019-06-15 16:09:00,0.050220385998841266
2019-06-15 16:12:00,-0.09026287606013739
2019-06-15 16:15:00,-0.0626609858013012
2019-06-15 16:18:00,-0.09151344795117211
2019-06-15 16:21:00,-0.11576949661315439
2019-06-15 16:24:00,-0.05802876459262052
2019-06-15 16:27:00,-0.07276128352646083
2019-06-15 16:30:00,-0.03804031456121493
2019-06-15 16:33:00,-0.0912772750866111
2019-06-15 16:36:00,-0.1575096513851122
2019-06-15 16:39:00,0.02704370336272177
2019-06-15 16:42:00,-0.06734739827982139
2019-06-15 16:45:00,-0.02844976874536087
2019-06-15 16:48:00,-0.14248089269801767
2019-06-15 16:51:00,-0.10486218083121912
2019-06-15 16:54:00,-0.06966415678658677
2019-06-15 16:57:00,-0.06236835409958985
2019-06-15 17:00:00,-0.09244061650986168
2019-06-15 17:03:00,-0.023854824133536567
2019-06-15 17:06:00,-0.098223729164431
2019-06-15 17:09:00,-0.014406529178074834
2019-06-15 17:12:00,-0.07776516955527768
2019-06-15 17:15:00,-0.1448675088154232
2019-06-15 17:18:00,-0.039271115108647336
2019-06-15 17:21:00,-0.0409753890689899
2019-06-15 17:24:00,-0.07634829750440986
2019-06-15 17:27:00,0.02233067914357889
2019-06-15 17:30:00,0.08988707178571076
2019-06-15 17:33:00,0.053094002618763625
2019-06-15 17:36:00,-0.024980273926303198
2019-06-15 17:39:00,-0.04057385054557017
2019-06-15 17:42:00,-0.0805580473926284
2019-06-15 17:45:00,-0.02937014440664143
2019-06-15 17:48:00,-0.08036787281383795
2019-06-15 17:51:00,-0.0069111068108327345
2019-06-15 17:54:00,0.05078009527926497
2019-06-15 17:57:00,-0.023845621333407507
2019-06-15 18:00:00,0.01530876212802923
2019-06-15 18:03:00,0.038935709300346844
2019-06-15 18:06:00,0.018232952844130068
2019-06-15 18:09:00,0.05241765005632715
2019-06-15 18:12:00,0.06776218941121215
2019-06-15 18:15:00,-0.01973386879080863
2019-06-15 18:18:00,-0.11041871772903278
2019-06-15 18:21:00,0.00860917637703551
2019-06-15 18:24:00,0.067371716787477
2019-06-15 18:27:00,0.07532831598342682
2019-06-15 18:30:00,0.16165993445548565
2019-06-15 18:33:00,0.1738721206402829
2019-06-15 18:36:00,0.0064797361836212986
2019-06-15 18:39:00,0.03499717604591979
2019-06-15 18:42:00,-0.00019298706433801271
2019-06-15 18:45:00,0.05397283243746642
2019-06-15 18:48:00,0.10927669458072842
2019-06-15 18:51:00,0.136560108043966
2019-06-15 18:54:00,
2019-06-15 18:57:00,
2019-06-15 19:00:00,
2019-06-15 19:03:00,0.034119297176118835
2019-06-15 19:06:00,0.08397620369788683
2019-06-15 19:09:00,0.05927286042344804
2019-06-15 19:12:00,0.07499065489867007
2019-06-15 19:15:00,0.026034713566104983
2019-06-15 19:18:00,0.041555397018896656
2019-06-15 19:21:00,0.13093731763956384
2019-06-15 19:24:00,0.08394028201377068
2019-06-15 19:27:00,0.03355101884420719
2019-06-15 19:30:00,0.03562710294988847
2019-06-15 19:33:00,0.1670351719076848
2019-06-15 19:36:00,0.03368609602836159
2019-06-15 19:39:00,0.04567300028674026
2019-06-15 19:42:00,0.016600862320785836
2019-06-15 19:45:00,0.10867970309516295
2019-06-15 19:48:00,0.09272740138635527
2019-06-15 19:51:00,0.12004520951404629
2019-06-15 19:54:00,0.155051385842512
2019-06-15 19:57:00,0.09570019478331915
2019-06-15 20:00:00,0.10909252472640674
2019-06-15 20:03:00,0.11036931026097818
2019-06-15 20:06:00,0.13838052008821933
2019-06-15 20:09:00,0.11348462680535931
2019-06-15 20:12:00,0.1090770731224211
2019-06-15 20:15:00,0.11868812721644417
2019-06-15 20:18:00,0.11895459655806917
2019-06-15 20:21:00,0.06064312831375673
2019-06-15 20:24:00,0.06801894287519872
2019-06-15 20:27:00,0.13679099813748508
2019-06-15 20:30:00,0.07820325759911384
2019-06-15 20:33:00,0.08630100439052057
2019-06-15 20:36:00,0.0872989079891795
2019-06-15 20:39:00,0.15549674059383278
2019-06-15 20:42:00,0.07640003562573838
2019-06-15 20:45:00,0.07452992731327868
2019-06-15 20:48:00,0.060137985723997645
2019-06-15 20:51:00,0.15252408090719882
2019-06-15 20:54:00,0.11846875295208292
2019-06-15 20:57:00,0.20538164059837527
2019-06-15 21:00:00,0.20028835824314228
2019-06-15 21:03:00,0.22583035896894899
2019-06-15 21:06:00,0.10985403919710279
2019-06-15 21:09:00,0.15683306700429966
2019-06-15 21:12:00,0.17232957705726903
2019-06-15 21:15:00,0.20876283368011173
2019-06-15 21:18:00,0.1372822805331566
2019-06-15 21:21:00,0.1140157203261083
2019-06-15 21:24:00,0.04409116768476906
2019-06-15 21:27:00,0.21216859683948996
2019-06-15 21:30:00,0.1487545586156216
2019-06-15 21:33:00,0.06588396240260863
2019-06-15 21:36:00,0.09853517709331072
2019-06-15 21:39:00,0.14769841362868874
2019-06-15 21:42:00,0.12835002595790002
2019-06-15 21:45:00,0.07901741454764988
2019-06-15 21:48:00,0.09892053891127262
2019-06-15 21:51:00,0.1282447751085556
2019-06-15 21:54:00,0.08919311659934692
2019-06-15 21:57:00,0.051409557351462354
2019-06-15 22:00:00,0.12569629846188946
2019-06-15 22:03:00,0.07963748960440853
2019-06-15 22:06:00,0.13234534343877158
2019-06-15 22:09:00,0.1070851011543823
2019-06-15 22:12:00,0.1103388870268418
2019-06-15 22:15:00,0.09650036556001851
2019-06-15 22:18:00,0.16706563988572043
2019-06-15 22:21:00,0.19303958400917054
2019-06-15 22:24:00,0.1733449213603535
2019-06-15 22:27:00,0.1797170729897175
2019-06-15 22:30:00,0.1060556948000908
2019-06-15 22:33:00,0.19372415760619788
2019-06-15 22:36:00,0.15765327073273738
2019-06-15 22:39:00,0.25992205467213125
2019-06-15 22:42:00,0.17524862187013923
2019-06-15 22:45:00,0.11758418629045764
2019-06-15 22:48:00,0.2651179995020243
2019-06-15 22:51:00,0.17042912798007137
2019-06-15 22:54:00,0.09492936231066551
2019-06-15 22:57:00,0.12892904218443846
2019-06-15 23:00:00,0.13739015183688252
2019-06-15 23:03:00,0.12004090946271617
2019-06-15 23:06:00,0.21223680086302465
2019-06-15 23:09:00,0.16196871405560387
2019-06-15 23:12:00,0.19093792582151536
2019-06-15 23:15:00,0.13445879072838807
2019-06-15 23:18:00,0.13672359744049345
2019-06-15 23:21:00,0.1376966762493339
2019-06-15 23:24:00,0.24916087770577633
2019-06-15 23:27:00,0.2636986941791406
2019-06-15 23:30:00,0.21675338686469559
2019-06-15 23:33:00,0.24142774678563228
2019-06-15 23:36:00,0.21816197295402162
2019-06-15 23:39:00,0.3195501367467841
2019-06-15 23:42:00,0.3265642074990751
2019-06-15 23:45:00,0.3173462713827462
2019-06-15 23:48:00,0.2996187372937129
2019-06-15 23:51:00,0.3754533208218618
2019-06-15 23:54:00,0.2802859758010072
2019-06-15 23:57:00,0.29284816174669004
2019-06-16 00:00:00,0.24578168182137006
2019-06-16 00:03:00,0.21410091637670803
2019-06-16 00:06:00,0.13876358272165135
2019-06-16 00:09:00,0.21285349686723976
2019-06-16 00:12:00,0.17448006081974654
2019-06-16 00:15:00,0.23929976376149398
2019-06-16 00:18:00,0.1320968640127944
2019-06-16 00:21:00,0.17401888643451002
2019-06-16 00:24:00,0.09838579711913553
2019-06-16 00:27:00,0.1667975182946293
2019-06-16 00:30:00,0.12065286356295246
2019-06-16 00:33:00,0.2618731167755186
2019-06-16 00:36:00,0.1274015988458359
2019-06-16 00:39:00,0.10814837636769425
2019-06-16 00:42:00,0.200228792457267
2019-06-16 00:45:00,0.21613612889740352
2019-06-16 00:48:00,0.2389693482950861
2019-06-16 00:51:00,0.2766594074660702
2019-06-16 00:54:00,0.2444977220536657
2019-06-16 00:57:00,0.21552805407020514
2019-06-16 01:00:00,0.27615849577273366
2019-06-16 01:03:00,0.24982254757355804
2019-06-16 01:06:00,0.23031482464051578
2019-06-16 01:09:00,0.19917264784032795
2019-06-16 01:12:00,0.2646530622685077
2019-06-16 01:15:00,0.1726656394063184
2019-06-16 01:18:00,0.19206465760248648
2019-06-16 01:21:00,0.29761888096351186
2019-06-16 01:24:00,0.21474906832679608
2019-06-16 01:27:00,0.24650985086969968
2019-06-16 01:30:00,0.18385125399970548
2019-06-16 01:33:00,0.20838304112407968
2019-06-16 01:36:00,0.24495655400750138
2019-06-16 01:39:00,0.14443871392654728
2019-06-16 01:42:00,0.1713515657039011
2019-06-16 01:45:00,0.14417045746608892
2019-06-16 01:48:00,0.22221331271271083
2019-06-16 01:51:00,0.23803155629553885
2019-06-16 01:54:00,0.2541696709318444
2019-06-16 01:57:00,0.1812529099242397
2019-06-16 02:00:00,0.21702227750995462
2019-06-16 02:03:00,0.24324460280718085
2019-06-16 02:06:00,0.27845355195938737
2019-06-16 02:09:00,0.19931566262533806
2019-06-16 02:12:00,0.22544051793084918
2019-06-16 02:15:00,0.19783384744704335
2019-06-16 02:18:00,0.17904727003713106
2019-06-16 02:21:00,0.22080395392140417
2019-06-16 02:24:00,0.22205489397668998
2019-06-16 02:27:00,0.1319626389700943
2019-06-16 02:30:00,0.3599735730733755
2019-06-16 02:33:00,0.21998776147404442
2019-06-16 02:36:00,0.24103578377179247
2019-06-16 02:39:00,0.2614152022118219
2019-06-16 02:42:00,0.18766782275497462
2019-06-16 02:45:00,0.23254129734090156
2019-06-16 02:48:00,0.2420178674585145
2019-06-16 02:51:00,0.26966004165188906
2019-06-16 02:54:00,0.22947077115219372
2019-06-16 02:57:00,0.21967999196147048
2019-06-16 03:00:00,0.30580076106497245
2019-06-16 03:03:00,0.28707501806434266
2019-06-16 03:06:00,0.25447192365703586
2019-06-16 03:09:00,0.2608284942646719
2019-06-16 03:12:00,0.3208501949800393
2019-06-16 03:15:00,0.21813002467661136
2019-06-16 03:18:00,0.3742512406145124
2019-06-16 03:21:00,0.21054417803236447
2019-06-16 03:24:00,0.2860666480004852
2019-06-16 03:27:00,0.19324552997863975
2019-06-16 03:30:00,0.27596599998628335
2019-06-16 03:33:00,0.268954095807203
2019-06-16 03:36:00,0.45216446513592246
2019-06-16 03:39:00,0.5488494090151903
2019-06-16 03:42:00,0.3899360901341993
2019-06-16 03:45:00,0.43375124520991903
2019-06-16 03:48:00,0.4258302161662755
2019-06-16 03:51:00,0.5685340070032794
2019-06-16 03:54:00,0.6949771469519419
2019-06-16 03:57:00,0.5738272483558262
2019-06-16 04:00:00,0.5326717140366668
2019-06-16 04:03:00,0.5025499183013267
2019-06-16 04:06:00,0.4041511231768027
2019-06-16 04:09:00,0.4169254694609208
2019-06-16 04:12:00,0.3896931004310886
2019-06-16 04:15:00,0.3465723141114836
2019-06-16 04:18:00,0.25213517550423603
2019-06-16 04:21:00,0.2935695863826595
2019-06-16 04:24:00,0.2892625594659535
2019-06-16 04:27:00,0.24572066183219476
2019-06-16 04:30:00,0.3913607475157619
2019-06-16 04:33:00,0.3337924243362522
2019-06-16 04:36:00,0.45815892663256363
2019-06-16 04:39:00,0.39110864281315116
2019-06-16 04:42:00,0.37726535924144855
2019-06-16 04:45:00,0.4151682918139272
2019-06-16 04:48:00,0.3002221133295393
2019-06-16 04:51:00,0.3465826998312309
2019-06-16 04:54:00,0.2821694675324693
2019-06-16 04:57:00,0.34327265704934007
2019-06-16 05:00:00,0.3776732471965829
2019-06-16 05:03:00,0.3501929803638859
2019-06-16 05:06:00,0.3884746625747084
2019-06-16 05:09:00,0.35718805194386505
2019-06-16 05:12:00,0.3361804711012155
2019-06-16 05:15:00,0.3213639373541355
2019-06-16 05:18:00,0.3280153859330426
2019-06-16 05:21:00,0.28574191580668185
2019-06-16 05:24:00,0.283058398571427
2019-06-16 05:27:00,0.28475883102470334
2019-06-16 05:30:00,0.38559047685708947
2019-06-16 05:33:00,0.33204006845573986
2019-06-16 05:36:00,0.36173058699404237
2019-06-16 05:39:00,0.33444024880412826
2019-06-16 05:42:00,0.3322106157197595
2019-06-16 05:45:00,0.240400478243032
2019-06-16 05:48:00,0.36660907450414015
2019-06-16 05:51:00,0.23111823531110076
2019-06-16 05:54:00,0.3373978021966195
2019-06-16 05:57:00,0.3883947010392035
2019-06-16 06:00:00,0.24406708918940012
2019-06-16 06:03:00,0.3119951569823911
2019-06-16 06:06:00,0.3056426956374594
2019-06-16 06:09:00,0.27078312366899127
2019-06-16 06:12:00,0.3158179421410523
2019-06-16 06:15:00,0.3956312270220792
2019-06-16 06:18:00,0.3111127226967483
2019-06-16 06:21:00,0.4345096350429003
2019-06-16 06:24:00,0.4810666295790611
2019-06-16 06:27:00,0.519800578918364
2019-06-16 06:30:00,0.5017399006742949
2019-06-16 06:33:00,0.5253818831780563
2019-06-16 06:36:00,0.49970683162234764
2019-06-16 06:39:00,0.46196186179406595
2019-06-16 06:42:00,0.4442248913614435
2019-06-16 06:45:00,0.4663953777391612
2019-06-16 06:48:00,0.3703946370492872
2019-06-16 06:51:00,0.4662673699029938
2019-06-16 06:54:00,0.5012817957046423
2019-06-16 06:57:00,0.38896929053845497
2019-06-16 07:00:00,0.41706436316491136
2019-06-16 07:03:00,0.33787646004651606
2019-06-16 07:06:00,0.42918273329917156
2019-06-16 07:09:00,0.36508661017461463
2019-06-16 07:12:00,0.37986452423808714
2019-06-16 07:15:00,0.3823734090094604
2019-06-16 07:18:00,0.3540645180437991
2019-06-16 07:21:00,0.371940269333777
2019-06-16 07:24:00,0.4351257252463938
2019-06-16 07:27:00,0.3854549202747535
2019-06-16 07:30:00,0.34898821856938866
2019-06-16 07:33:00,0.37989851305422917
2019-06-16 07:36:00,0.4094420444043294
2019-06-16 07:39:00,0.40230313002052753
2019-06-16 07:42:00,0.41560356879193705
2019-06-16 07:45:00,0.4279553368897382
2019-06-16 07:48:00,0.42936175985181535
2019-06-16 07:51:00,0.3239133948270023
2019-06-16 07:54:00,0.28021414779334464
2019-06-16 07:57:00,0.35237231385326595
2019-06-16 08:00:00,0.2981765992898886
2019-06-16 08:03:00,0.2234005142975093
2019-06-16 08:06:00,0.1922449435774638
2019-06-16 08:09:00,0.3324885490896463
2019-06-16 08:12:00,0.38170790258806164
2019-06-16 08:15:00,0.3980699310779414
2019-06-16 08:18:00,0.3109567298643583
2019-06-16 08:21:00,0.27476002380257114
2019-06-16 08:24:00,0.29148148127637796
2019-06-16 08:27:00,0.3000632599827213
2019-06-16 08:30:00,0.29512551273376175
2019-06-16 08:33:00,0.27674977237870735
2019-06-16 08:36:00,0.2661518478903986
2019-06-16 08:39:00,0.2879620952203936
2019-06-16 08:42:00,0.2683935904105397
2019-06-16 08:45:00,0.17369731341761963
2019-06-16 08:48:00,0.25052064511982053
2019-06-16 08:51:00,0.2935893868188941
2019-06-16 08:54:00,0.20374751817445258
2019-06-16 08:57:00,0.0891679475716387
2019-06-16 09:00:00,0.22257397218453434
2019-06-16 09:03:00,0.14060157215527624
2019-06-16 09:06:00,0.030613097768537045
2019-06-16 09:09:00,0.10825919747838952
2019-06-16 09:12:00,0.17493880249116955
2019-06-16 09:15:00,0.044625330847509304
2019-06-16 09:18:00,0.01607382028083748
2019-06-16 09:21:00,0.08116686678772567
2019-06-16 09:24:00,-0.02718805701334759
2019-06-16 09:27:00,0.0013591762374858263
2019-06-16 09:30:00,-0.05240112850538026
2019-06-16 09:33:00,0.026284141584540066
2019-06-16 09:36:00,-0.07628915418467841
2019-06-16 09:39:00,-0.07105007103848493
2019-06-16 09:42:00,-0.02492782210634914
2019-06-16 09:45:00,-0.15224469561462683
2019-06-16 09:48:00,-0.13799595517360785
2019-06-16 09:51:00,-0.07707016504701869
2019-06-16 09:54:00,-0.1707115547312128
2019-06-16 09:57:00,-0.10104144977202623
2019-06-16 10:00:00,-0.07177506139942125
2019-06-16 10:03:00,-0.10594700063666096
2019-06-16 10:06:00,-0.0961722200649433
2019-06-16 10:09:00,-0.06534005768787665
2019-06-16 10:12:00,-0.21461304056862218
2019-06-16 10:15:00,-0.1617303826522516
2019-06-16 10:18:00,-0.2344892372625509
2019-06-16 10:21:00,-0.10567674337863764
2019-06-16 10:24:00,-0.27632001948109064
2019-06-16 10:27:00,-0.22664449566298117
2019-06-16 10:30:00,-0.2647015343939074
2019-06-16 10:33:00,-0.2458680374152209
2019-06-16 10:36:00,-0.2209117200781634
2019-06-16 10:39:00,-0.27235236427509335
2019-06-16 10:42:00,-0.23376689737955303
2019-06-16 10:45:00,-0.26897948299387053
2019-06-16 10:48:00,-0.18348870402348894
2019-06-16 10:51:00,-0.2385254559597456
2019-06-16 10:54:00,-0.24279461782867884
2019-06-16 10:57:00,-0.28888829861870136
2019-06-16 11:00:00,-0.21217104671654852
2019-06-16 11:03:00,-0.2264718820381404
2019-06-16 11:06:00,-0.18989111442846252
2019-06-16 11:09:00,-0.15998566898122135
2019-06-16 11:12:00,-0.23067220223265394
2019-06-16 11:15:00,-0.30099217380239907
2019-06-16 11:18:00,-0.25773081682984866
2019-06-16 11:21:00,-0.2641841473049453
2019-06-16 11:24:00,-0.0920947724524126
2019-06-16 11:27:00,-0.2321580920780093
2019-06-16 11:30:00,-0.2267880506660731
2019-06-16 11:33:00,-0.26149824270464705
2019-06-16 11:36:00,-0.08113029319275711
2019-06-16 11:39:00,-0.21416554978463864
2019-06-16 11:42:00,-0.23475767664461955
2019-06-16 11:45:00,-0.33142551399515696
2019-06-16 11:48:00,-0.31620317014682087
2019-06-16 11:51:00,-0.29115760785396105
2019-06-16 11:54:00,-0.31838311553411813
2019-06-16 11:57:00,-0.27520173965683625
2019-06-16 12:00:00,-0.3508085870288937
2019-06-16 12:03:00,-0.3349441712088037
2019-06-16 12:06:00,-0.3403338322211198
2019-06-16 12:09:00,-0.3743892955104684
2019-06-16 12:12:00,-0.3208623357414808
2019-06-16 12:15:00,-0.37663107517062144
2019-06-16 12:18:00,-0.3599026447459437
2019-06-16 12:21:00,-0.4467831344707065
2019-06-16 12:24:00,-0.47627738547055287
2019-06-16 12:27:00,-0.4011442936981666
2019-06-16 12:30:00,-0.4785915878526339
2019-06-16 12:33:00,-0.3574053252571048
2019-06-16 12:36:00,-0.4110909511577461
2019-06-16 12:39:00,-0.34860340581809623
2019-06-16 12:42:00,-0.3847155740224366
2019-06-16 12:45:00,-0.5344116929932738
2019-06-16 12:48:00,-0.4842971501393549
2019-06-16 12:51:00,-0.4469481359762426
2019-06-16 12:54:00,-0.5291576118962098
2019-06-16 12:57:00,-0.3800903639649391
2019-06-16 13:00:00,-0.2864628044865185
2019-06-16 13:03:00,-0.5199283820318215
2019-06-16 13:06:00,-0.3886242259861774
2019-06-16 13:09:00,-0.4201999657674378
2019-06-16 13:12:00,-0.4700693265402833
2019-06-16 13:15:00,-0.5059115670979963
2019-06-16 13:18:00,-0.43161468054245233
2019-06-16 13:21:00,-0.388370373607529
2019-06-16 13:24:00,-0.3785399013372057
2019-06-16 13:27:00,-0.434485227952905
2019-06-16 13:30:00,-0.3602373234289189
2019-06-16 13:33:00,-0.3851536268205109
2019-06-16 13:36:00,-0.5263158221346202
2019-06-16 13:39:00,-0.40333044127214634
2019-06-16 13:42:00,-0.512430529499909
2019-06-16 13:45:00,-0.5387154982766447
2019-06-16 13:48:00,-0.46091881872649765
2019-06-16 13:51:00,-0.5285075718928169
2019-06-16 13:54:00,-0.4564280728138783
2019-06-16 13:57:00,-0.5398750398989591
2019-06-16 14:00:00,-0.4865507444894206
2019-06-16 14:03:00,-0.5359759471787129
2019-06-16 14:06:00,-0.5375576014879471
2019-06-16 14:09:00,-0.5154536284875917
2019-06-16 14:12:00,-0.46998507348746443
2019-06-16 14:15:00,-0.5594724061527359
2019-06-16 14:18:00,-0.5297671124731664
2019-06-16 14:21:00,-0.6053494491528113
2019-06-16 14:24:00,-0.562426184260687
2019-06-16 14:27:00,-0.5067056756445822
2019-06-16 14:30:00,-0.4730397163295379
2019-06-16 14:33:00,-0.5476303352851914
2019-06-16 14:36:00,-0.5168600065394457
2019-06-16 14:39:00,-0.5042434058612457
2019-06-16 14:42:00,-0.6340204467288117
2019-06-16 14:45:00,-0.5460621624605437
2019-06-16 14:48:00,-0.6217402551832834
2019-06-16 14:51:00,-0.5862420692726005
2019-06-16 14:54:00,-0.5242249353438524
2019-06-16 14:57:00,-0.49967909026366897
2019-06-16 15:00:00,-0.5345637297464805
2019-06-16 15:03:00,-0.5982636535047163
2019-06-16 15:06:00,-0.5670862888588317
2019-06-16 15:09:00,-0.49230699841211845
2019-06-16 15:12:00,-0.5033668107665221
2019-06-16 15:15:00,-0.47806236054367446
2019-06-16 15:18:00,-0.5294777353329891
2019-06-16 15:21:00,-0.5648566034481632
2019-06-16 15:24:00,-0.5052173928519323
2019-06-16 15:27:00,-0.4812985475723508
2019-06-16 15:30:00,-0.5761334410220229
2019-06-16 15:33:00,-0.5111888266640676
2019-06-16 15:36:00,-0.5212823813591285
2019-06-16 15:39:00,-0.5437031492018036
2019-06-16 15:42:00,-0.415795734238543
2019-06-16 15:45:00,-0.4582542277682933
2019-06-16 15:48:00,-0.5112088243125186
2019-06-16 15:51:00,-0.5577221275348165
2019-06-16 15:54:00,-0.44670070039825305
2019-06-16 15:57:00,-0.504876258705508
2019-06-16 16:00:00,-0.5252231052055549
2019-06-16 16:03:00,-0.5015413934319781
2019-06-16 16:06:00,-0.545083763240541
2019-06-16 16:09:00,-0.5270162004370036
2019-06-16 16:12:00,-0.5094604999829357
2019-06-16 16:15:00,-0.506254653564099
2019-06-16 16:18:00,-0.4963351894983248
2019-06-16 16:21:00,-0.571787484113429
2019-06-16 16:24:00,-0.4591851878827242
2019-06-16 16:27:00,-0.5306661134575279
2019-06-16 16:30:00,-0.5624863011107664
2019-06-16 16:33:00,-0.49920514593537746
2019-06-16 16:36:00,-0.5136342659913566
2019-06-16 16:39:00,-0.5218063417958092
2019-06-16 16:42:00,-0.47252213837094814
2019-06-16 16:45:00,-0.5084419213754927
2019-06-16 16:48:00,-0.575892255033466
2019-06-16 16:51:00,-0.572883216873322
2019-06-16 16:54:00,-0.5672781084071516
2019-06-16 16:57:00,-0.5642206090352602
2019-06-16 17:00:00,-0.6050773013574258
2019-06-16 17:03:00,-0.42920965338089445
2019-06-16 17:06:00,-0.5204629397065901
2019-06-16 17:09:00,-0.5937302884161682
2019-06-16 17:12:00,-0.49873736930959467
2019-06-16 17:15:00,-0.4499119789780366
2019-06-16 17:18:00,-0.44333349938426636
2019-06-16 17:21:00,-0.36240143832770855
2019-06-16 17:24:00,-0.41760870366937297
2019-06-16 17:27:00,-0.3160420407633069
2019-06-16 17:30:00,-0.4230427819304623
2019-06-16 17:33:00,-0.45658324476761436
2019-06-16 17:36:00,-0.35959991720801554
2019-06-16 17:39:00,-0.3940055386671588
2019-06-16 17:42:00,-0.46190511055573324
2019-06-16 17:45:00,-0.2382523745746994
2019-06-16 17:48:00,-0.43159741108019034
2019-06-16 17:51:00,-0.2973616764118674
2019-06-16 17:54:00,-0.30292367769527573
2019-06-16 17:57:00,-0.31583460745656566
2019-06-16 18:00:00,-0.33236467280522675
2019-06-16 18:03:00,-0.34872063935705455
2019-06-16 18:06:00,-0.3238872077678252
2019-06-16 18:09:00,-0.3107222565195116
2019-06-16 18:12:00,-0.2247562982930731
2019-06-16 18:15:00,-0.07904328292897844
2019-06-16 18:18:00,-0.14440246198932982
2019-06-16 18:21:00,-0.28694533561429125
2019-06-16 18:24:00,-0.18835142925252057
2019-06-16 18:27:00,-0.2194213404041534
2019-06-16 18:30:00,-0.09129819971457209
2019-06-16 18:33:00,-0.11832312765795905
2019-06-16 18:36:00,-0.1961504209668874
2019-06-16 18:39:00,-0.22865812650684347
2019-06-16 18:42:00,-0.2467069861755249
2019-06-16 18:45:00,-0.3054737321414791
2019-06-16 18:48:00,-0.20273369001552055
2019-06-16 18:51:00,-0.14895818002980832
2019-06-16 18:54:00,
2019-06-16 18:57:00,
2019-06-16 19:00:00,
2019-06-16 19:03:00,-0.18302643595478685
2019-06-16 19:06:00,-0.07582588356547149
2019-06-16 19:09:00,-0.12397099376255483
2019-06-16 19:12:00,-0.17610917212942923
2019-06-16 19:15:00,0.05938740177202817
2019-06-16 19:18:00,-0.11007675629952018
2019-06-16 19:21:00,-0.11574732624512762
2019-06-16 19:24:00,-0.03281822171186377
2019-06-16 19:27:00,-0.07927455342638723
2019-06-16 19:30:00,-0.10569958535927526
2019-06-16 19:33:00,-0.0683860340915885
2019-06-16 19:36:00,0.00986080452207716
2019-06-16 19:39:00,-0.002231758094694669
2019-06-16 19:42:00,-0.053190451475813916
2019-06-16 19:45:00,-0.09696598989137328
2019-06-16 19:48:00,-0.1913131860284807
2019-06-16 19:51:00,-0.04667322820000663
2019-06-16 19:54:00,-0.16002521214090848
2019-06-16 19:57:00,-0.10862456159583189
2019-06-16 20:00:00,-0.12569602189358875
2019-06-16 20:03:00,-0.13594467617139117
2019-06-16 20:06:00,-0.0905236542200214
2019-06-16 20:09:00,-0.07949121794547409
2019-06-16 20:12:00,-0.03531764304574381
2019-06-16 20:15:00,-0.12150931903045148
2019-06-16 20:18:00,-0.14638715614796638
2019-06-16 20:21:00,-0.06851374990105796
2019-06-16 20:24:00,-0.1392031943865959
2019-06-16 20:27:00,-0.0885668299188751
2019-06-16 20:30:00,-0.03153953032398249
2019-06-16 20:33:00,-0.0722701806924988
2019-06-16 20:36:00,0.014045357277041148
2019-06-16 20:39:00,-0.04479480078435927
2019-06-16 20:42:00,0.00279543596474241
2019-06-16 20:45:00,0.06110754819695785
2019-06-16 20:48:00,0.016194632160363653
2019-06-16 20:51:00,0.02683478461165123
2019-06-16 20:54:00,0.06748851741292583
2019-06-16 20:57:00,-0.04887396671114175
2019-06-16 21:00:00,-0.00778075656484134
2019-06-16 21:03:00,-0.04710967188572113
2019-06-16 21:06:00,-0.022764444106542214
2019-06-16 21:09:00,0.049314450521251274
2019-06-16 21:12:00,0.10071112881416866
2019-06-16 21:15:00,0.05352285970525372
2019-06-16 21:18:00,0.07769657715124367
2019-06-16 21:21:00,0.07724864307152757
2019-06-16 21:24:00,0.10095341470281483
2019-06-16 21:27:00,0.03944522614085599
2019-06-16 21:30:00,0.05978843907047349
2019-06-16 21:33:00,0.01598255911233082
2019-06-16 21:36:00,0.02625534365392923
2019-06-16 21:39:00,0.06947292306068675
2019-06-16 21:42:00,0.11132542736157802
2019-06-16 21:45:00,0.08305054611503238
2019-06-16 21:48:00,0.14358392023660826
2019-06-16 21:51:00,0.10040048323116935
2019-06-16 21:54:00,0.10768558511483661
2019-06-16 21:57:00,0.12256192015820488
2019-06-16 22:00:00,0.05906016972409134
2019-06-16 22:03:00,0.0807232293875586
2019-06-16 22:06:00,0.1221023571320643
2019-06-16 22:09:00,0.09702212681224864
2019-06-16 22:12:00,0.1220843736111874
2019-06-16 22:15:00,0.17868248346758264
2019-06-16 22:18:00,0.10972083569771485
2019-06-16 22:21:00,0.07741795597740975
2019-06-16 22:24:00,0.11272229147937196
2019-06-16 22:27:00,0.15731833717899235
2019-06-16 22:30:00,0.16148570814578989
2019-06-16 22:33:00,0.24188549796599546
2019-06-16 22:36:00,0.0731184460569807
2019-06-16 22:39:00,0.13333930994895127
2019-06-16 22:42:00,0.1503169367701389
2019-06-16 22:45:00,0.11408334465625103
2019-06-16 22:48:00,0.14021627277008974
2019-06-16 22:51:00,0.1549869739841938
2019-06-16 22:54:00,0.2037836860458242
2019-06-16 22:57:00,0.1397502737839318
2019-06-16 23:00:00,0.19723039138375498
2019-06-16 23:03:00,0.14706643911347328
2019-06-16 23:06:00,0.17927800602768684
2019-06-16 23:09:00,0.24448726913612973
2019-06-16 23:12:00,0.17274587387652218
2019-06-16 23:15:00,0.15019143447676697
2019-06-16 23:18:00,0.24058116723387002
2019-06-16 23:21:00,0.15278149422113074
2019-06-16 23:24:00,0.047450187525441834
2019-06-16 23:27:00,0.1082044407528997
2019-06-16 23:30:00,0.2480158907076202
2019-06-16 23:33:00,0.0859677815417399
2019-06-16 23:36:00,0.14952709181841328
2019-06-16 23:39:00,0.1849192000131552
2019-06-16 23:42:00,0.25918936104574186
2019-06-16 23:45:00,0.21766340938813755
2019-06-16 23:48:00,0.22701001069475524
2019-06-16 23:51:00,0.19364465029730127
2019-06-16 23:54:00,0.2596912666288631
2019-06-16 23:57:00,0.20295142334686034
2019-06-17 00:00:00,0.22725848357998757
2019-06-17 00:03:00,0.209937535346171
2019-06-17 00:06:00,0.19071059529267131
2019-06-17 00:09:00,0.1437651296410536
2019-06-17 00:12:00,0.2741059626974902
2019-06-17 00:15:00,0.18704318633348294
2019-06-17 00:18:00,0.3559220296004355
2019-06-17 00:21:00,0.21115949639352039
2019-06-17 00:24:00,0.31006939431966885
2019-06-17 00:27:00,0.2695096633239018
2019-06-17 00:30:00,0.2624862396999106
2019-06-17 00:33:00,0.2679331083401735
2019-06-17 00:36:00,0.19920176392463418
2019-06-17 00:39:00,0.2670215153295885
2019-06-17 00:42:00,0.2683487839146892
2019-06-17 00:45:00,0.2733459500467461
2019-06-17 00:48:00,0.29623491779369715
2019-06-17 00:51:00,0.20877236067366312
2019-06-17 00:54:00,0.3385700862633598
2019-06-17 00:57:00,0.22216927115260887
2019-06-17 01:00:00,0.25258751404817303
2019-06-17 01:03:00,0.2423067967915813
2019-06-17 01:06:00,0.39451987734139493
2019-06-17 01:09:00,0.23506057335657715
2019-06-17 01:12:00,0.3083010549119649
2019-06-17 01:15:00,0.2346314615278402
2019-06-17 01:18:00,0.22969145789102186
2019-06-17 01:21:00,0.3729144259072541
2019-06-17 01:24:00,0.2370660763400565
2019-06-17 01:27:00,0.3129764742773773
2019-06-17 01:30:00,0.2727407389816108
2019-06-17 01:33:00,0.25908736469085625
2019-06-17 01:36:00,0.3585990624957276
2019-06-17 01:39:00,0.2627902941276261
2019-06-17 01:42:00,0.14028800078347103
2019-06-17 01:45:00,0.18900946394836637
2019-06-17 01:48:00,0.1978084905328501
2019-06-17 01:51:00,0.125829822993353
2019-06-17 01:54:00,0.2000551352720663
2019-06-17 01:57:00,0.23955056148736276
2019-06-17 02:00:00,0.23522091898217923
2019-06-17 02:03:00,0.30097711865749943
2019-06-17 02:06:00,0.3266653267444326
2019-06-17 02:09:00,0.2471444577390116
2019-06-17 02:12:00,0.29613043755449553
2019-06-17 02:15:00,0.31079821418404663
2019-06-17 02:18:00,0.3333758816306158
2019-06-17 02:21:00,0.2755426046926459
2019-06-17 02:24:00,0.32558877627252514
2019-06-17 02:27:00,0.332802681985072
2019-06-17 02:30:00,0.3498774786484091
2019-06-17 02:33:00,0.3536770826533484
2019-06-17 02:36:00,0.33992256470742177
2019-06-17 02:39:00,0.2681900133892441
2019-06-17 02:42:00,0.36219557595575225
2019-06-17 02:45:00,0.4656305528486655
2019-06-17 02:48:00,0.42047977583808915
2019-06-17 02:51:00,0.33151851231468754
2019-06-17 02:54:00,0.4167884724640203
2019-06-17 02:57:00,0.36720317286295767
2019-06-17 03:00:00,0.38737095475511296
2019-06-17 03:03:00,0.4155993992766298
2019-06-17 03:06:00,0.4912914462016147
2019-06-17 03:09:00,0.4523870537872199
2019-06-17 03:12:00,0.417363036983204
2019-06-17 03:15:00,0.4732334024259899
2019-06-17 03:18:00,0.43680741061223216
2019-06-17 03:21:00,0.4634325492947369
2019-06-17 03:24:00,0.5010124319012448
2019-06-17 03:27:00,0.5724118152165261
2019-06-17 03:30:00,0.4424112800854232
2019-06-17 03:33:00,0.5158739781560939
2019-06-17 03:36:00,0.44565487795381387
2019-06-17 03:39:00,0.4723680552017413
2019-06-17 03:42:00,0.45125980200566573
2019-06-17 03:45:00,0.4048067605023675
2019-06-17 03:48:00,0.5090085176544221
2019-06-17 03:51:00,0.47719520289695083
2019-06-17 03:54:00,0.43086537878002673
2019-06-17 03:57:00,0.4323789695376945
2019-06-17 04:00:00,0.487271444791304
2019-06-17 04:03:00,0.5100031934412641
2019-06-17 04:06:00,0.5271866725939844
2019-06-17 04:09:00,0.4125915354546237
2019-06-17 04:12:00,0.4590889019416977
2019-06-17 04:15:00,0.5363848717494761
2019-06-17 04:18:00,0.5459719687431175
2019-06-17 04:21:00,0.4788650685477478
2019-06-17 04:24:00,0.5142214206603057
2019-06-17 04:27:00,0.4603764328570037
2019-06-17 04:30:00,0.4411870015626391
2019-06-17 04:33:00,0.49197808523820186
2019-06-17 04:36:00,0.5086653159623324
2019-06-17 04:39:00,0.5386804539895138
2019-06-17 04:42:00,0.5110330068194457
2019-06-17 04:45:00,0.45794791903466603
2019-06-17 04:48:00,0.41638119475305757
2019-06-17 04:51:00,0.5782426008724428
2019-06-17 04:54:00,0.4745962610973038
2019-06-17 04:57:00,0.45437742090075517
2019-06-17 05:00:00,0.46102524818195434
2019-06-17 05:03:00,0.49591784050090837
2019-06-17 05:06:00,0.5350772918375242
2019-06-17 05:09:00,0.6171700673518217
2019-06-17 05:12:00,0.4450814486600052
2019-06-17 05:15:00,0.5059514808579024
2019-06-17 05:18:00,0.5156340415611567
2019-06-17 05:21:00,0.3813929857320204
2019-06-17 05:24:00,0.5363493182523484
2019-06-17 05:27:00,0.42147412437185494
2019-06-17 05:30:00,0.5383159894518599
2019-06-17 05:33:00,0.3841715345575949
2019-06-17 05:36:00,0.48335015560627426
2019-06-17 05:39:00,0.4692299057540481
2019-06-17 05:42:00,0.5114875647493591
2019-06-17 05:45:00,0.4362660469511752
2019-06-17 05:48:00,0.503493947029142
2019-06-17 05:51:00,0.44301093390680535
2019-06-17 05:54:00,0.5607914843054687
2019-06-17 05:57:00,0.443746699713472
2019-06-17 06:00:00,0.5300868748449261
2019-06-17 06:03:00,0.5663969926824279
2019-06-17 06:06:00,0.5197497153975519
2019-06-17 06:09:00,0.5025914696616383
2019-06-17 06:12:00,0.5164740367831087
2019-06-17 06:15:00,0.5489142922702399
2019-06-17 06:18:00,0.45109007286737324
2019-06-17 06:21:00,0.5403312921425822
2019-06-17 06:24:00,0.4316020519729591
2019-06-17 06:27:00,0.5903460457275287
2019-06-17 06:30:00,0.4945942249154882
2019-06-17 06:33:00,0.5221360114005051
2019-06-17 06:36:00,0.5540477537618926
2019-06-17 06:39:00,0.5191068041808649
2019-06-17 06:42:00,0.4738282508843099
2019-06-17 06:45:00,0.4735347482101133
2019-06-17 06:48:00,0.5009430665306809
2019-06-17 06:51:00,0.402701425339842
2019-06-17 06:54:00,0.5501045601324108
2019-06-17 06:57:00,0.5388967972252772
2019-06-17 07:00:00,0.48748840415242967
2019-06-17 07:03:00,0.4658952545677266
2019-06-17 07:06:00,0.5266465288968902
2019-06-17 07:09:00,0.4382172589145057
2019-06-17 07:12:00,0.450782597415639
2019-06-17 07:15:00,0.5391551408601458
2019-06-17 07:18:00,0.4804932422412094
2019-06-17 07:21:00,0.4553528865989165
2019-06-17 07:24:00,0.4299646633184011
2019-06-17 07:27:00,0.346635086224353
2019-06-17 07:30:00,0.39289470326457376
2019-06-17 07:33:00,0.48885334213014175
2019-06-17 07:36:00,0.44108303252329506
2019-06-17 07:39:00,0.39797964591400614
2019-06-17 07:42:00,0.37054608461846783
2019-06-17 07:45:00,0.32005293827296555
2019-06-17 07:48:00,0.364470998085892
2019-06-17 07:51:00,0.5176494355134196
2019-06-17 07:54:00,0.3424972222320548
2019-06-17 07:57:00,0.4084623457005705
2019-06-17 08:00:00,0.3454923897037361
2019-06-17 08:03:00,0.26488192642574404
2019-06-17 08:06:00,0.2663087722547175
2019-06-17 08:09:00,0.2940842017555383
2019-06-17 08:12:00,0.39373984131299267
2019-06-17 08:15:00,0.28660755478307465
2019-06-17 08:18:00,0.24226926047953157
2019-06-17 08:21:00,0.16139455066047503
2019-06-17 08:24:00,0.21391840264362827
2019-06-17 08:27:00,0.15503885007552753
2019-06-17 08:30:00,0.1292411761963308
2019-06-17 08:33:00,0.06314798416218537
2019-06-17 08:36:00,0.06542756904320868
2019-06-17 08:39:00,0.07373949943968228
2019-06-17 08:42:00,0.01627637423445094
2019-06-17 08:45:00,0.14568722081855867
2019-06-17 08:48:00,0.04096393326619818
2019-06-17 08:51:00,0.026773275939547148
2019-06-17 08:54:00,-0.015697970455164523
2019-06-17 08:57:00,-0.0922683899995036
2019-06-17 09:00:00,0.07312048466809529
2019-06-17 09:03:00,-0.022974393039078223
2019-06-17 09:06:00,-0.09681956414306114
2019-06-17 09:09:00,-0.0964931479610982
2019-06-17 09:12:00,-0.1355651185921829
2019-06-17 09:15:00,-0.10353120705048013
2019-06-17 09:18:00,-0.2400733068750469
2019-06-17 09:21:00,-0.20120178138193978
2019-06-17 09:24:00,-0.27076246152046224
2019-06-17 09:27:00,-0.26997577262505956
2019-06-17 09:30:00,-0.3554163807903592
2019-06-17 09:33:00,-0.15002447163982424
2019-06-17 09:36:00,-0.2839800221003088
2019-06-17 09:39:00,-0.3457713667543203
2019-06-17 09:42:00,-0.290764679918027
2019-06-17 09:45:00,-0.3661993820534235
2019-06-17 09:48:00,-0.3300351954683265
2019-06-17 09:51:00,-0.35512457337495107
2019-06-17 09:54:00,-0.3447265618466986
2019-06-17 09:57:00,-0.364270017461763
2019-06-17 10:00:00,-0.4522670434296856
2019-06-17 10:03:00,-0.510550424063581
2019-06-17 10:06:00,-0.45251408611153465
2019-06-17 10:09:00,-0.46530045088644556
2019-06-17 10:12:00,-0.405245337593783
2019-06-17 10:15:00,-0.3605010080777902
2019-06-17 10:18:00,-0.3897415305154368
2019-06-17 10:21:00,-0.34734781980631624
2019-06-17 10:24:00,-0.37888692859479534
2019-06-17 10:27:00,-0.39265741609511906
2019-06-17 10:30:00,-0.4679808742878322
2019-06-17 10:33:00,-0.43716057319346646
2019-06-17 10:36:00,-0.5233953209370839
2019-06-17 10:39:00,-0.41117909211226333
2019-06-17 10:42:00,-0.42021922434383896
2019-06-17 10:45:00,-0.4608273821329476
2019-06-17 10:48:00,-0.4045332600940128
2019-06-17 10:51:00,-0.4620907960648424
2019-06-17 10:54:00,-0.4588525023316947
2019-06-17 10:57:00,-0.4022267930747603
2019-06-17 11:00:00,
2019-06-17 11:03:00,-0.358986020859561
2019-06-17 11:06:00,-0.5774007865030626
2019-06-17 11:09:00,-0.5861372875785378
2019-06-17 11:12:00,-0.5711711305897893
2019-06-17 11:15:00,-0.5721392706860797
2019-06-17 11:18:00,-0.48761172511706263
2019-06-17 11:21:00,-0.49354035907845173
2019-06-17 11:24:00,-0.6564744097344715
2019-06-17 11:27:00,-0.555332105269656
2019-06-17 11:30:00,-0.5491650826533032
2019-06-17 11:33:00,-0.42796899243154485
2019-06-17 11:36:00,-0.5119350335842796
2019-06-17 11:39:00,-0.5606647430221301
2019-06-17 11:42:00,-0.47165012322682287
2019-06-17 11:45:00,-0.4979789186382959
2019-06-17 11:48:00,-0.6637111583843307
2019-06-17 11:51:00,-0.5021893831502098
2019-06-17 11:54:00,-0.480886456366477
2019-06-17 11:57:00,-0.49464284732289343
2019-06-17 12:00:00,-0.595765685080778
2019-06-17 12:03:00,-0.5633938976840227
2019-06-17 12:06:00,-0.496086170645583
2019-06-17 12:09:00,-0.48844082377837594
2019-06-17 12:12:00,-0.47286840286852794
2019-06-17 12:15:00,-0.6664863353212809
2019-06-17 12:18:00,-0.6004664502173114
2019-06-17 12:21:00,-0.49308380588286127
2019-06-17 12:24:00,-0.6226234649667504
2019-06-17 12:27:00,-0.5012056015755206
2019-06-17 12:30:00,-0.449080736165854
2019-06-17 12:33:00,-0.5567124944213901
2019-06-17 12:36:00,-0.5535970339145706
2019-06-17 12:39:00,-0.3866718760600065
2019-06-17 12:42:00,-0.5034572796141674
2019-06-17 12:45:00,-0.5509378776049516
2019-06-17 12:48:00,-0.5732366602985053
2019-06-17 12:51:00,-0.5762128629623362
2019-06-17 12:54:00,-0.553653062860235
2019-06-17 12:57:00,-0.5622051346917374
2019-06-17 13:00:00,-0.491567622977243
2019-06-17 13:03:00,-0.3973160007058709
2019-06-17 13:06:00,-0.4944098530761494
2019-06-17 13:09:00,-0.613692634019742
2019-06-17 13:12:00,-0.4428132796239197
2019-06-17 13:15:00,-0.5108534856775009
2019-06-17 13:18:00,-0.5012793585871123
2019-06-17 13:21:00,-0.6185283040643981
2019-06-17 13:24:00,-0.6059993192936872
2019-06-17 13:27:00,-0.5510330974934732
2019-06-17 13:30:00,-0.4255831857907424
2019-06-17 13:33:00,-0.4559079560385726
2019-06-17 13:36:00,-0.5245015112540159
2019-06-17 13:39:00,-0.4357588335154219
2019-06-17 13:42:00,-0.4682342498751382
2019-06-17 13:45:00,-0.42982698718799384
2019-06-17 13:48:00,-0.45579723185386456
2019-06-17 13:51:00,-0.37773873329115304
2019-06-17 13:54:00,-0.5296436042528399
2019-06-17 13:57:00,-0.5049255898064757
2019-06-17 14:00:00,-0.4863419023378128
2019-06-17 14:03:00,-0.3944074424815085
2019-06-17 14:06:00,-0.3838994615674096
2019-06-17 14:09:00,-0.46906604077378233
2019-06-17 14:12:00,-0.5532004085912945
2019-06-17 14:15:00,-0.5526009584251597
2019-06-17 14:18:00,-0.5166915361666042
2019-06-17 14:21:00,-0.5986033388505803
2019-06-17 14:24:00,-0.5780354660523699
2019-06-17 14:27:00,-0.4709852493579092
2019-06-17 14:30:00,-0.6587148406914594
2019-06-17 14:33:00,-0.5267323117532214
2019-06-17 14:36:00,-0.5521671136798432
2019-06-17 14:39:00,-0.5367712783565821
2019-06-17 14:42:00,-0.481924032446841
2019-06-17 14:45:00,-0.5621622561981781
2019-06-17 14:48:00,-0.46808186104220795
2019-06-17 14:51:00,-0.452697919325999
2019-06-17 14:54:00,-0.5718790307401491
2019-06-17 14:57:00,-0.5241845376201582
2019-06-17 15:00:00,-0.4756786765081529
2019-06-17 15:03:00,-0.6068985690039312
2019-06-17 15:06:00,-0.43032983713339945
2019-06-17 15:09:00,-0.4760796331829056
2019-06-17 15:12:00,-0.4877474825318018
2019-06-17 15:15:00,-0.4947488017901378
2019-06-17 15:18:00,-0.5895665889122483
2019-06-17 15:21:00,-0.497359599516642
2019-06-17 15:24:00,-0.508990888762753
2019-06-17 15:27:00,-0.4951771844685027
2019-06-17 15:30:00,-0.5463502512457694
2019-06-17 15:33:00,-0.49170227596789573
2019-06-17 15:36:00,-0.500381429003312
2019-06-17 15:39:00,-0.5310929884731763
2019-06-17 15:42:00,-0.47369199659539163
2019-06-17 15:45:00,-0.4509845640638446
2019-06-17 15:48:00,-0.613300092445229
2019-06-17 15:51:00,-0.4738472937225424
2019-06-17 15:54:00,-0.5623990397539842
2019-06-17 15:57:00,-0.406754104258539
2019-06-17 16:00:00,-0.4758631088776042
2019-06-17 16:03:00,-0.4398470527071936
2019-06-17 16:06:00,-0.4876821148122872
2019-06-17 16:09:00,-0.5253810552282516
2019-06-17 16:12:00,-0.5271909922522013
2019-06-17 16:15:00,-0.5207958907159309
2019-06-17 16:18:00,-0.46486315076771234
2019-06-17 16:21:00,-0.5585716637667133
2019-06-17 16:24:00,-0.5730255971773772
2019-06-17 16:27:00,-0.5378079323380689
2019-06-17 16:30:00,-0.552245953333454
2019-06-17 16:33:00,-0.6205675132599708
2019-06-17 16:36:00,-0.4404858929122497
2019-06-17 16:39:00,-0.4166609221792328
2019-06-17 16:42:00,-0.5423912140345806
2019-06-17 16:45:00,-0.47724123507254035
2019-06-17 16:48:00,-0.5179753157156028
2019-06-17 16:51:00,-0.46252457283452486
2019-06-17 16:54:00,-0.45485910614252134
2019-06-17 16:57:00,-0.5238107450342113
2019-06-17 17:00:00,-0.45672137358332066
2019-06-17 17:03:00,-0.4895664499439363
2019-06-17 17:06:00,-0.4453722765391035
2019-06-17 17:09:00,-0.5347534858462382
2019-06-17 17:12:00,-0.5129542937924612
2019-06-17 17:15:00,-0.41034276628045063
2019-06-17 17:18:00,-0.5680209622784673
2019-06-17 17:21:00,-0.4221065415308658
2019-06-17 17:24:00,-0.390490933821809
2019-06-17 17:27:00,-0.445051604267519
2019-06-17 17:30:00,-0.5222114714914028
2019-06-17 17:33:00,-0.4242959397401478
2019-06-17 17:36:00,-0.4086798262023308
2019-06-17 17:39:00,-0.4324227167243748
2019-06-17 17:42:00,-0.4488058405763695
2019-06-17 17:45:00,-0.3836530029399796
2019-06-17 17:48:00,-0.5711997863482452
2019-06-17 17:51:00,-0.3939833484469659
2019-06-17 17:54:00,-0.5665207528581959
2019-06-17 17:57:00,-0.5098160897527464
2019-06-17 18:00:00,-0.3702228184387195
2019-06-17 18:03:00,-0.43725472693608936
2019-06-17 18:06:00,-0.49220972671776053
2019-06-17 18:09:00,-0.5079304917576906
2019-06-17 18:12:00,-0.43609145161644847
2019-06-17 18:15:00,-0.3693094607834837
2019-06-17 18:18:00,-0.4159630408632893
2019-06-17 18:21:00,-0.36921149265327813
2019-06-17 18:24:00,-0.4424323392846645
2019-06-17 18:27:00,-0.3714717077306773
2019-06-17 18:30:00,-0.4000277472931657
2019-06-17 18:33:00,-0.4087492831483246
2019-06-17 18:36:00,-0.4483705719378577
2019-06-17 18:39:00,-0.3348901010889449
2019-06-17 18:42:00,-0.38630640209743206
2019-06-17 18:45:00,-0.3846972522406986
2019-06-17 18:48:00,-0.3917417113652846
2019-06-17 18:51:00,-0.33887082984108474
2019-06-17 18:54:00,
2019-06-17 18:57:00,
2019-06-17 19:00:00,
2019-06-17 19:03:00,-0.5027417826971714
2019-06-17 19:06:00,-0.38803503187364186
2019-06-17 19:09:00,-0.4250274936224514
2019-06-17 19:12:00,-0.4519477145447013
2019-06-17 19:15:00,-0.4314722260716053
2019-06-17 19:18:00,-0.4628211699775875
2019-06-17 19:21:00,-0.3130043009583119
2019-06-17 19:24:00,-0.3415970850105623
2019-06-17 19:27:00,-0.3892547560516846
2019-06-17 19:30:00,-0.3444331183195004
2019-06-17 19:33:00,-0.36082106056255725
2019-06-17 19:36:00,-0.20189576349463323
2019-06-17 19:39:00,-0.25281280971375963
2019-06-17 19:42:00,-0.35938657010495945
2019-06-17 19:45:00,-0.39113192861856305
2019-06-17 19:48:00,-0.38738414638004315
2019-06-17 19:51:00,-0.20569933552980046
2019-06-17 19:54:00,-0.18776544785418992
2019-06-17 19:57:00,-0.23305902841855186
2019-06-17 20:00:00,-0.33638493068298203
2019-06-17 20:03:00,-0.3071663118421952
2019-06-17 20:06:00,-0.18658207403245797
2019-06-17 20:09:00,-0.3111354097744652
2019-06-17 20:12:00,-0.24246764854478897
2019-06-17 20:15:00,-0.2707424731507331
2019-06-17 20:18:00,-0.219187786086934
2019-06-17 20:21:00,-0.3121981012453716
2019-06-17 20:24:00,-0.16147890837419254
2019-06-17 20:27:00,-0.23194045931052187
2019-06-17 20:30:00,-0.2567730559525785
2019-06-17 20:33:00,-0.216610086324863
2019-06-17 20:36:00,-0.2524228356055005
2019-06-17 20:39:00,-0.31583124842234156
2019-06-17 20:42:00,-0.2677591128954191
2019-06-17 20:45:00,-0.1396037946686306
2019-06-17 20:48:00,-0.1716292034871003
2019-06-17 20:51:00,-0.12511103243406296
2019-06-17 20:54:00,-0.17613830479160697
2019-06-17 20:57:00,-0.1343723207987182
2019-06-17 21:00:00,-0.07901650253455728
2019-06-17 21:03:00,-0.10818707128737515
2019-06-17 21:06:00,-0.052627367630350363
2019-06-17 21:09:00,-0.07931354639197252
2019-06-17 21:12:00,-0.04366392962691634
2019-06-17 21:15:00,-0.18248203970381383
2019-06-17 21:18:00,-0.07850921065670491
2019-06-17 21:21:00,-0.14578524177790086
2019-06-17 21:24:00,-0.13315115182319914
2019-06-17 21:27:00,-0.07998174720961515
2019-06-17 21:30:00,-0.19604815909440276
2019-06-17 21:33:00,-0.1083206785388029
2019-06-17 21:36:00,-0.05953944161558411
2019-06-17 21:39:00,-0.130615827664883
2019-06-17 21:42:00,-0.1429581823426247
2019-06-17 21:45:00,-0.10543511849192555
2019-06-17 21:48:00,-0.15304278454726727
2019-06-17 21:51:00,-0.12152763249127929
2019-06-17 21:54:00,-0.08505915170314893
2019-06-17 21:57:00,-0.08997398581789184
2019-06-17 22:00:00,-0.11056909165500883
2019-06-17 22:03:00,-0.08037095146988804
2019-06-17 22:06:00,-0.0005792532300006314
2019-06-17 22:09:00,-0.13803769617345552
2019-06-17 22:12:00,-0.0860546261772015
2019-06-17 22:15:00,-0.09465028379361229
2019-06-17 22:18:00,0.003968788624547415
2019-06-17 22:21:00,-0.12276924773544806
2019-06-17 22:24:00,-0.07408790790725561
2019-06-17 22:27:00,-0.08885187710393438
2019-06-17 22:30:00,-0.047392416243724256
2019-06-17 22:33:00,-0.1565726374480505
2019-06-17 22:36:00,-0.14310527911146664
2019-06-17 22:39:00,-0.02358303960249941
2019-06-17 22:42:00,-0.10154059006259786
2019-06-17 22:45:00,-0.1045755942774349
2019-06-17 22:48:00,-0.05983211800094068
2019-06-17 22:51:00,-0.14191841451582832
2019-06-17 22:54:00,-0.029794456080878717
2019-06-17 22:57:00,-0.05500712044533884
2019-06-17 23:00:00,0.002513044066972725
2019-06-17 23:03:00,-0.020011734320121377
2019-06-17 23:06:00,-0.18998069897367031
2019-06-17 23:09:00,-0.11054737573584816
2019-06-17 23:12:00,-0.04680279953475974
2019-06-17 23:15:00,-0.04889783469241138
2019-06-17 23:18:00,-0.004355651594835308
2019-06-17 23:21:00,-0.07152060870618016
2019-06-17 23:24:00,-0.057471457307428864
2019-06-17 23:27:00,0.14611492351184552
2019-06-17 23:30:00,0.09983285107421125
2019-06-17 23:33:00,0.04464485859739398
2019-06-17 23:36:00,0.08182848580838709
2019-06-17 23:39:00,0.11138471421196527
2019-06-17 23:42:00,-0.05210952422999071
2019-06-17 23:45:00,0.014477947548812153
2019-06-17 23:48:00,0.019625005019577202
2019-06-17 23:51:00,0.04144747774438429
2019-06-17 23:54:00,0.0657631899987905
2019-06-17 23:57:00,-0.03133633543592396
2019-06-18 00:00:00,0.0735446582589816
2019-06-18 00:03:00,0.083326195344398
2019-06-18 00:06:00,-0.01200062716549155
2019-06-18 00:09:00,0.022165039640981377
2019-06-18 00:12:00,0.01321361293071277
2019-06-18 00:15:00,0.21278055631808002
2019-06-18 00:18:00,-0.022606366353500107
2019-06-18 00:21:00,0.18141746124717884
2019-06-18 00:24:00,0.06315842503113345
2019-06-18 00:27:00,0.13343166928024175
2019-06-18 00:30:00,0.15838650421216016
2019-06-18 00:33:00,0.17644569981479208
2019-06-18 00:36:00,0.17318481092183902
2019-06-18 00:39:00,0.1460579839177285
2019-06-18 00:42:00,0.11601829361558202
2019-06-18 00:45:00,0.16547429764574417
2019-06-18 00:48:00,0.14700666245403227
2019-06-18 00:51:00,0.14994896043913286
2019-06-18 00:54:00,0.10044675798332037
2019-06-18 00:57:00,0.17402363823606493
2019-06-18 01:00:00,0.11318757484127673
2019-06-18 01:03:00,0.10086289003635329
2019-06-18 01:06:00,0.04848435842541221
2019-06-18 01:09:00,0.16553029969497857
2019-06-18 01:12:00,0.2502437493000116
2019-06-18 01:15:00,0.2369859223607591
2019-06-18 01:18:00,0.19716586788354107
2019-06-18 01:21:00,0.2861929949268074
2019-06-18 01:24:00,0.2609791668051571
2019-06-18 01:27:00,0.18622064579869857
2019-06-18 01:30:00,0.1355373254447727
2019-06-18 01:33:00,0.24484237235998307
2019-06-18 01:36:00,0.14183590971452986
2019-06-18 01:39:00,0.19603141458293294
2019-06-18 01:42:00,0.3575317357758081
2019-06-18 01:45:00,0.22237147312341676
2019-06-18 01:48:00,0.30480934605952825
2019-06-18 01:51:00,0.26893667842506375
2019-06-18 01:54:00,0.17432167260187725
2019-06-18 01:57:00,0.21257959291801853
2019-06-18 02:00:00,0.28200992867914465
2019-06-18 02:03:00,0.20157072485210392
2019-06-18 02:06:00,0.3440866459654899
2019-06-18 02:09:00,0.3944711394576075
2019-06-18 02:12:00,0.3050739296681968
2019-06-18 02:15:00,0.35092081416081555
2019-06-18 02:18:00,0.27841628104016536
2019-06-18 02:21:00,0.22848070746692883
2019-06-18 02:24:00,0.2349694922675667
2019-06-18 02:27:00,0.20107460543289335
2019-06-18 02:30:00,0.28222374645764603
2019-06-18 02:33:00,0.30971505292387747
2019-06-18 02:36:00,0.40638951899876474
2019-06-18 02:39:00,0.3408773119779198
2019-06-18 02:42:00,0.37892776912696036
2019-06-18 02:45:00,0.4304037462528072
2019-06-18 02:48:00,0.3421688334586861
2019-06-18 02:51:00,0.370054249553732
2019-06-18 02:54:00,0.3688485625567637
2019-06-18 02:57:00,0.31965799419032237
2019-06-18 03:00:00,0.3593374612322009
2019-06-18 03:03:00,0.378721311037566
2019-06-18 03:06:00,0.4378895893075878
2019-06-18 03:09:00,0.4096864871953585
2019-06-18 03:12:00,0.36222262394062454
2019-06-18 03:15:00,0.37508674854706214
2019-06-18 03:18:00,0.47729913951604885
2019-06-18 03:21:00,0.4020132831364549
2019-06-18 03:24:00,0.434449189059535
2019-06-18 03:27:00,0.43324923245603486
2019-06-18 03:30:00,0.414727116243796
2019-06-18 03:33:00,0.40279848875655944
2019-06-18 03:36:00,0.4535393401536112
2019-06-18 03:39:00,0.39490137543594983
2019-06-18 03:42:00,0.40455550918267136
2019-06-18 03:45:00,0.3683328789999223
2019-06-18 03:48:00,0.3908283008292983
2019-06-18 03:51:00,0.2876046038500135
2019-06-18 03:54:00,0.43504579425314205
2019-06-18 03:57:00,0.36295420886608554
2019-06-18 04:00:00,0.32958355891383917
2019-06-18 04:03:00,0.29516724314942167
2019-06-18 04:06:00,0.32542213229345407
2019-06-18 04:09:00,0.33161304230583255
2019-06-18 04:12:00,0.3692041849370753
2019-06-18 04:15:00,0.29357203776606866
2019-06-18 04:18:00,0.2961198461006802
2019-06-18 04:21:00,0.35979327005890127
2019-06-18 04:24:00,0.4142805795924005
2019-06-18 04:27:00,0.35390607409840413
2019-06-18 04:30:00,0.4270973838106329
2019-06-18 04:33:00,0.3965146593582176
2019-06-18 04:36:00,0.4061151533554721
2019-06-18 04:39:00,0.43700271839929883
2019-06-18 04:42:00,0.4025102176890982
2019-06-18 04:45:00,0.42931825938217116
2019-06-18 04:48:00,0.3292909944740927
2019-06-18 04:51:00,0.3824613552308165
2019-06-18 04:54:00,0.3592336209584346
2019-06-18 04:57:00,0.45148086321864866
2019-06-18 05:00:00,0.39982842711873445
2019-06-18 05:03:00,0.3793042575288723
2019-06-18 05:06:00,0.43554539300299666
2019-06-18 05:09:00,0.4339256871560906
2019-06-18 05:12:00,0.39727150998925254
2019-06-18 05:15:00,0.4183584924492152
2019-06-18 05:18:00,0.4454535986064343
2019-06-18 05:21:00,0.37016465907623797
2019-06-18 05:24:00,0.45841617283423375
2019-06-18 05:27:00,0.3594838175715722
2019-06-18 05:30:00,0.4644918883738569
2019-06-18 05:33:00,0.3528955537874481
2019-06-18 05:36:00,0.3653525047868129
2019-06-18 05:39:00,0.4249923973608247
2019-06-18 05:42:00,0.45334786753977596
2019-06-18 05:45:00,0.368583490617425
2019-06-18 05:48:00,0.4291184042328382
2019-06-18 05:51:00,0.4215347571142729
2019-06-18 05:54:00,0.3523674688976257
2019-06-18 05:57:00,0.4283346978538134
2019-06-18 06:00:00,0.49432338850533597
2019-06-18 06:03:00,0.38464996243595806
2019-06-18 06:06:00,0.456112708314663
2019-06-18 06:09:00,0.44489521493471784
2019-06-18 06:12:00,0.3989412712876401
2019-06-18 06:15:00,0.4259878257713581
2019-06-18 06:18:00,0.3944957773445026
2019-06-18 06:21:00,0.4418205014559362
2019-06-18 06:24:00,0.39990235422118303
2019-06-18 06:27:00,0.46435541307164385
2019-06-18 06:30:00,0.48105630091180274
2019-06-18 06:33:00,0.43827189742410155
2019-06-18 06:36:00,0.401176938046774
2019-06-18 06:39:00,0.4529863930998772
2019-06-18 06:42:00,0.38729888171548055
2019-06-18 06:45:00,0.48547839941528537
2019-06-18 06:48:00,0.4876690320670036
2019-06-18 06:51:00,0.43889668206406895
2019-06-18 06:54:00,0.48474109402201293
2019-06-18 06:57:00,0.47051118168621997
2019-06-18 07:00:00,0.3354872668041935
2019-06-18 07:03:00,0.3787473140843076
2019-06-18 07:06:00,0.3929466591367259
2019-06-18 07:09:00,0.3547346980542443
2019-06-18 07:12:00,0.3549332933727669
2019-06-18 07:15:00,0.3901812277171075
2019-06-18 07:18:00,0.3699496435208971
2019-06-18 07:21:00,0.34152713957479364
2019-06-18 07:24:00,0.3904032673409006
2019-06-18 07:27:00,0.3859161158976576
2019-06-18 07:30:00,0.38693184348426257
2019-06-18 07:33:00,0.2547777315859321
2019-06-18 07:36:00,0.39749775949724153
2019-06-18 07:39:00,0.24816398458278854
2019-06-18 07:42:00,0.3009154160868093
2019-06-18 07:45:00,0.23980784297503988
2019-06-18 07:48:00,0.20866576570318784
2019-06-18 07:51:00,0.16513434121475257
2019-06-18 07:54:00,0.26539364372496266
2019-06-18 07:57:00,0.28382513887873984
2019-06-18 08:00:00,0.3008013727071557
2019-06-18 08:03:00,0.24324920564572494
2019-06-18 08:06:00,0.20175611093441148
2019-06-18 08:09:00,0.18563679363006713
2019-06-18 08:12:00,0.15796381955624383
2019-06-18 08:15:00,0.1272475774620716
2019-06-18 08:18:00,0.013901934889759104
2019-06-18 08:21:00,0.04614081404491799
2019-06-18 08:24:00,0.02182206469325365
2019-06-18 08:27:00,0.0235077204101799
2019-06-18 08:30:00,0.05273357941894119
2019-06-18 08:33:00,-0.04154102539763471
2019-06-18 08:36:00,-0.1169724874014264
2019-06-18 08:39:00,-0.10277602894905158
2019-06-18 08:42:00,-0.07790385914745457
2019-06-18 08:45:00,-0.09280817058811408
2019-06-18 08:48:00,-0.1510114149872379
2019-06-18 08:51:00,-0.14425328897965528
2019-06-18 08:54:00,-0.2885565970867674
2019-06-18 08:57:00,-0.17529453626576696
2019-06-18 09:00:00,-0.20429759910211942
2019-06-18 09:03:00,-0.24643801401060728
2019-06-18 09:06:00,-0.2176311588407316
2019-06-18 09:09:00,-0.2687032624626795
2019-06-18 09:12:00,-0.3651263753100693
2019-06-18 09:15:00,-0.33587106116101495
2019-06-18 09:18:00,-0.2507714152712879
2019-06-18 09:21:00,-0.3709317563808554
2019-06-18 09:24:00,-0.33313975493302905
2019-06-18 09:27:00,-0.40621638021463014
2019-06-18 09:30:00,-0.4841432463376236
2019-06-18 09:33:00,-0.32716860561038175
2019-06-18 09:36:00,-0.3922452144702788
2019-06-18 09:39:00,-0.2915078633578787
2019-06-18 09:42:00,-0.3303509269806568
2019-06-18 09:45:00,-0.3004876747974663
2019-06-18 09:48:00,-0.2728770030724377
2019-06-18 09:51:00,-0.34388425474861606
2019-06-18 09:54:00,-0.32866332642623775
2019-06-18 09:57:00,-0.39147379939538496
2019-06-18 10:00:00,-0.4037871225465324
2019-06-18 10:03:00,-0.3832212084297453
2019-06-18 10:06:00,-0.3807537354809938
2019-06-18 10:09:00,-0.4388832244229093
2019-06-18 10:12:00,-0.33911484335777686
2019-06-18 10:15:00,-0.32567615561123375
2019-06-18 10:18:00,-0.4637649095766392
2019-06-18 10:21:00,-0.45042698081863364
2019-06-18 10:24:00,-0.6113972305381026
2019-06-18 10:27:00,-0.5038352311541416
2019-06-18 10:30:00,-0.49359415914756255
2019-06-18 10:33:00,-0.5027921824546979
2019-06-18 10:36:00,-0.5432357896474969
2019-06-18 10:39:00,-0.5697591948646732
2019-06-18 10:42:00,-0.3872821954980168
2019-06-18 10:45:00,-0.4450137934338727
2019-06-18 10:48:00,-0.5297481830593824
2019-06-18 10:51:00,-0.41343178796222446
2019-06-18 10:54:00,-0.44947462027613483
2019-06-18 10:57:00,-0.503870899994979
2019-06-18 11:00:00,-0.3785259670560208
2019-06-18 11:03:00,-0.36011075421549776
2019-06-18 11:06:00,-0.450255401971674
2019-06-18 11:09:00,-0.34951388557470864
2019-06-18 11:12:00,-0.40782022708179966
2019-06-18 11:15:00,-0.41957170535584964
2019-06-18 11:18:00,-0.4488616349066774
2019-06-18 11:21:00,-0.4185768625649757
2019-06-18 11:24:00,-0.5419815496053388
2019-06-18 11:27:00,-0.579510562174562
2019-06-18 11:30:00,-0.4706562588415295
2019-06-18 11:33:00,-0.619520571786552
2019-06-18 11:36:00,-0.5547571787859624
2019-06-18 11:39:00,-0.5697197111582
2019-06-18 11:42:00,-0.5869428792323674
2019-06-18 11:45:00,-0.44473297295621705
2019-06-18 11:48:00,-0.60881860448211
2019-06-18 11:51:00,-0.5400790546832468
2019-06-18 11:54:00,-0.6182827360034935
2019-06-18 11:57:00,-0.6251122855193785
2019-06-18 12:00:00,-0.630275894044928
2019-06-18 12:03:00,-0.6035613563257698
2019-06-18 12:06:00,-0.5704117993842601
2019-06-18 12:09:00,-0.5644118907832194
2019-06-18 12:12:00,-0.520964294491705
2019-06-18 12:15:00,-0.5356428422309136
2019-06-18 12:18:00,-0.6123633476519217
2019-06-18 12:21:00,-0.5273879411622602
2019-06-18 12:24:00,-0.46028682945956234
2019-06-18 12:27:00,-0.7063443207101159
2019-06-18 12:30:00,-0.6614657153850203
2019-06-18 12:33:00,-0.5776027820637637
2019-06-18 12:36:00,-0.5419161500386167
2019-06-18 12:39:00,-0.5644042947571393
2019-06-18 12:42:00,-0.5758221473511185
2019-06-18 12:45:00,-0.555971455864892
2019-06-18 12:48:00,-0.6192263513884768
2019-06-18 12:51:00,-0.5437074665026671
2019-06-18 12:54:00,-0.4924336864548309
2019-06-18 12:57:00,-0.5884298443816078
2019-06-18 13:00:00,-0.5584758244190766
2019-06-18 13:03:00,-0.6198029153672451
2019-06-18 13:06:00,-0.6325791171581159
2019-06-18 13:09:00,-0.6117052961993181
2019-06-18 13:12:00,-0.529157100376608
2019-06-18 13:15:00,-0.5349530585050957
2019-06-18 13:18:00,-0.6243138407523361
2019-06-18 13:21:00,-0.5407344876093134
2019-06-18 13:24:00,-0.5515413935818287
2019-06-18 13:27:00,-0.5282468817851509
2019-06-18 13:30:00,-0.5442647304296884
2019-06-18 13:33:00,-0.44150274881178575
2019-06-18 13:36:00,-0.5699441148369715
2019-06-18 13:39:00,-0.5214971517127083
2019-06-18 13:42:00,-0.522757767963526
2019-06-18 13:45:00,-0.5191416628606476
2019-06-18 13:48:00,-0.49201267637755564
2019-06-18 13:51:00,-0.6159327675155168
2019-06-18 13:54:00,-0.4392461253513602
2019-06-18 13:57:00,-0.6614956825541753
2019-06-18 14:00:00,-0.6562538918937548
2019-06-18 14:03:00,-0.5521889062147807
2019-06-18 14:06:00,-0.5657413250269201
2019-06-18 14:09:00,-0.5242069385110426
2019-06-18 14:12:00,-0.5696537941543056
2019-06-18 14:15:00,-0.6270111728793495
2019-06-18 14:18:00,-0.6985307199888098
2019-06-18 14:21:00,-0.5817501692114888
2019-06-18 14:24:00,-0.5141515481728902
2019-06-18 14:27:00,-0.5432571640059791
2019-06-18 14:30:00,-0.6215986751387277
2019-06-18 14:33:00,-0.5780986184234393
2019-06-18 14:36:00,-0.5400071833273614
2019-06-18 14:39:00,-0.5906311936295197
2019-06-18 14:42:00,-0.619235804308687
2019-06-18 14:45:00,-0.5317718849637458
2019-06-18 14:48:00,-0.5521430720588114
2019-06-18 14:51:00,-0.5943488177717882
2019-06-18 14:54:00,-0.606851095548393
2019-06-18 14:57:00,-0.4707426864983404
2019-06-18 15:00:00,-0.43452658824907076
2019-06-18 15:03:00,-0.5674426176714746
2019-06-18 15:06:00,-0.5824365562231719
2019-06-18 15:09:00,-0.5554712259528287
2019-06-18 15:12:00,-0.47646619429383463
2019-06-18 15:15:00,-0.5325985980074393
2019-06-18 15:18:00,-0.5506789955172167
2019-06-18 15:21:00,-0.5123950816436036
2019-06-18 15:24:00,-0.573483687013379
2019-06-18 15:27:00,-0.5648433426032966
2019-06-18 15:30:00,-0.5380511614525858
2019-06-18 15:33:00,-0.5783642873690837
2019-06-18 15:36:00,-0.5755639638509251
2019-06-18 15:39:00,-0.6223062046985888
2019-06-18 15:42:00,-0.5601202556903786
2019-06-18 15:45:00,-0.4375064693765012
2019-06-18 15:48:00,-0.5615647646735056
2019-06-18 15:51:00,-0.5490084855898658
2019-06-18 15:54:00,-0.4707604296083332
2019-06-18 15:57:00,-0.5870161326031962
2019-06-18 16:00:00,-0.521100956484986
2019-06-18 16:03:00,-0.45392184295963034
2019-06-18 16:06:00,-0.5301484872814513
2019-06-18 16:09:00,-0.5655683459661986
2019-06-18 16:12:00,-0.5106178817880505
2019-06-18 16:15:00,-0.5507649709991824
2019-06-18 16:18:00,-0.5602011128316917
2019-06-18 16:21:00,-0.539678676132155
2019-06-18 16:24:00,-0.555704332392736
2019-06-18 16:27:00,0.2811488711583934
2019-06-18 16:30:00,-0.5961601079565071
2019-06-18 16:33:00,-0.5530512342183442
2019-06-18 16:36:00,-0.5429333371142775
2019-06-18 16:39:00,-0.5424433990160651
2019-06-18 16:42:00,-0.6018710134053435
2019-06-18 16:45:00,-0.5040703298470817
2019-06-18 16:48:00,-0.5925957089152689
2019-06-18 16:51:00,-0.48689458568134114
2019-06-18 16:54:00,-0.5235060210432039
2019-06-18 16:57:00,-0.4666839782130978
2019-06-18 17:00:00,-0.5118492096679574
2019-06-18 17:03:00,-0.44103660457034266
2019-06-18 17:06:00,-0.4309152103540441
2019-06-18 17:09:00,-0.391878978866373
2019-06-18 17:12:00,-0.558843652994085
2019-06-18 17:15:00,-0.4184253902203068
2019-06-18 17:18:00,-0.458157983921069
2019-06-18 17:21:00,-0.5223904141677167
2019-06-18 17:24:00,-0.47826191618452185
2019-06-18 17:27:00,-0.4355810473225574
2019-06-18 17:30:00,-0.33061088565727914
2019-06-18 17:33:00,-0.398381837318766
2019-06-18 17:36:00,-0.4234368426543256
2019-06-18 17:39:00,-0.5367715615329871
2019-06-18 17:42:00,-0.5384243270072488
2019-06-18 17:45:00,-0.5292165393115624
2019-06-18 17:48:00,-0.47147612250154225
2019-06-18 17:51:00,-0.5812795659649055
2019-06-18 17:54:00,-0.5561948963742793
2019-06-18 17:57:00,-0.5206079930533178
2019-06-18 18:00:00,-0.523583081978586
2019-06-18 18:03:00,-0.46370877496269713
2019-06-18 18:06:00,-0.4628458543939473
2019-06-18 18:09:00,-0.33479918694393973
2019-06-18 18:12:00,-0.43552922284624174
2019-06-18 18:15:00,-0.4600989493216616
2019-06-18 18:18:00,-0.396036367628426
2019-06-18 18:21:00,-0.3957343355907028
2019-06-18 18:24:00,-0.4117482326915365
2019-06-18 18:27:00,-0.4430909474589271
2019-06-18 18:30:00,-0.4410811468287079
2019-06-18 18:33:00,-0.4441324050733897
2019-06-18 18:36:00,-0.4866155481942087
2019-06-18 18:39:00,-0.4228370300908182
2019-06-18 18:42:00,-0.3632333031451367
2019-06-18 18:45:00,-0.41566887655540086
2019-06-18 18:48:00,-0.41309234604506173
2019-06-18 18:51:00,-0.35023331947525094
2019-06-18 18:54:00,-0.3061689932727063
2019-06-18 18:57:00,
2019-06-18 19:00:00,
2019-06-18 19:03:00,-0.35997218368680706
2019-06-18 19:06:00,-0.45025586642987037
2019-06-18 19:09:00,-0.3314048754579062
2019-06-18 19:12:00,-0.3640195559278254
2019-06-18 19:15:00,-0.35451641796436206
2019-06-18 19:18:00,-0.33499010188194234
2019-06-18 19:21:00,-0.35916538302808476
2019-06-18 19:24:00,-0.26297415577249694
2019-06-18 19:27:00,-0.33555736607587505
2019-06-18 19:30:00,-0.13523089773167385
2019-06-18 19:33:00,-0.3892319790594456
2019-06-18 19:36:00,-0.2296904972558309
2019-06-18 19:39:00,-0.26461459259388675
2019-06-18 19:42:00,-0.2935204662156252
2019-06-18 19:45:00,-0.2900544688795321
2019-06-18 19:48:00,-0.3720933349794677
2019-06-18 19:51:00,-0.4569743789322729
2019-06-18 19:54:00,-0.333832143858217
2019-06-18 19:57:00,-0.2804199847054747
2019-06-18 20:00:00,-0.264919873500844
2019-06-18 20:03:00,-0.26858899462422414
2019-06-18 20:06:00,-0.33242926074649404
2019-06-18 20:09:00,-0.1844079294019707
2019-06-18 20:12:00,-0.3004066929156579
2019-06-18 20:15:00,-0.2198182626643188
2019-06-18 20:18:00,-0.27962339140157155
2019-06-18 20:21:00,-0.11429814878255229
2019-06-18 20:24:00,-0.15922360156224613
2019-06-18 20:27:00,-0.1862946830533474
2019-06-18 20:30:00,-0.17345694663839595
2019-06-18 20:33:00,-0.21234238132916516
2019-06-18 20:36:00,-0.12133865670881505
2019-06-18 20:39:00,-0.22859844451733125
2019-06-18 20:42:00,-0.11183660897722802
2019-06-18 20:45:00,-0.33417169054558826
2019-06-18 20:48:00,-0.20370686531902038
2019-06-18 20:51:00,-0.2193814443046449
2019-06-18 20:54:00,-0.18110503659551114
2019-06-18 20:57:00,-0.14281059184827427
2019-06-18 21:00:00,-0.14132030926197103
2019-06-18 21:03:00,-0.10277862915211244
2019-06-18 21:06:00,-0.2159551214645603
2019-06-18 21:09:00,-0.09333004104178144
2019-06-18 21:12:00,-0.19262356602519048
2019-06-18 21:15:00,-0.2218956900167086
2019-06-18 21:18:00,-0.17083898691754484
2019-06-18 21:21:00,-0.21067453127369618
2019-06-18 21:24:00,-0.16402525580690508
2019-06-18 21:27:00,-0.0918740937088387
2019-06-18 21:30:00,-0.1411478921418734
2019-06-18 21:33:00,-0.1418410140748847
2019-06-18 21:36:00,-0.06520686630699402
2019-06-18 21:39:00,-0.1899048645732364
2019-06-18 21:42:00,-0.2000974071781343
2019-06-18 21:45:00,-0.061084140705304435
2019-06-18 21:48:00,-0.13430131440827608
2019-06-18 21:51:00,-0.17305225181104333
2019-06-18 21:54:00,-0.10719936107483363
2019-06-18 21:57:00,0.0374251410631814
2019-06-18 22:00:00,-0.10134945787086735
2019-06-18 22:03:00,-0.058648926755097364
2019-06-18 22:06:00,0.011672753030893546
2019-06-18 22:09:00,-0.00223358228242887
2019-06-18 22:12:00,-0.22129037771799176
2019-06-18 22:15:00,0.006510389569257313
2019-06-18 22:18:00,-0.08763926226839658
2019-06-18 22:21:00,-0.05603249201453764
2019-06-18 22:24:00,-0.07752127139258391
2019-06-18 22:27:00,-0.03645071279737522
2019-06-18 22:30:00,0.059531460179471196
2019-06-18 22:33:00,0.11846522932410153
2019-06-18 22:36:00,-0.08165324571297106
2019-06-18 22:39:00,-0.0031877099695520883
2019-06-18 22:42:00,-0.061278532681399156
2019-06-18 22:45:00,0.023229625261706133
2019-06-18 22:48:00,0.053237760726517536
2019-06-18 22:51:00,0.015746630361491043
2019-06-18 22:54:00,0.011900357172066833
2019-06-18 22:57:00,-0.007819321771535215
2019-06-18 23:00:00,-0.021139880151793022
2019-06-18 23:03:00,0.004502727251406213
2019-06-18 23:06:00,-0.02321793555915974
2019-06-18 23:09:00,0.057149103735582685
2019-06-18 23:12:00,0.010124120536261216
2019-06-18 23:15:00,-0.006078518101958252
2019-06-18 23:18:00,0.08316474851324074
2019-06-18 23:21:00,-0.024122251283245078
2019-06-18 23:24:00,0.07383303974540922
2019-06-18 23:27:00,0.06004036802949031
2019-06-18 23:30:00,0.06468377812694825
2019-06-18 23:33:00,0.11205168131527898
2019-06-18 23:36:00,0.059201096911635886
2019-06-18 23:39:00,0.015213507117209701
2019-06-18 23:42:00,0.01571781744769396
2019-06-18 23:45:00,0.03157296399558618
2019-06-18 23:48:00,0.16815940910942118
2019-06-18 23:51:00,0.08664280819107262
2019-06-18 23:54:00,0.08160405813384841
2019-06-18 23:57:00,0.01498880917210954
2019-06-19 00:00:00,0.10211409107580494
2019-06-19 00:03:00,0.10823794449373736
2019-06-19 00:06:00,0.11098820252692576
2019-06-19 00:09:00,0.1533709803264287
2019-06-19 00:12:00,0.06795263602828072
2019-06-19 00:15:00,0.1807247183987215
2019-06-19 00:18:00,0.07987646932309644
2019-06-19 00:21:00,0.13619681350519386
2019-06-19 00:24:00,0.050222702131065944
2019-06-19 00:27:00,0.08917189079579657
2019-06-19 00:30:00,0.030359111896018476
2019-06-19 00:33:00,0.12613488729044775
2019-06-19 00:36:00,0.1065709084606965
2019-06-19 00:39:00,0.034547259318117085
2019-06-19 00:42:00,0.06759467116614815
2019-06-19 00:45:00,0.09534887827891225
2019-06-19 00:48:00,0.05027537996505771
2019-06-19 00:51:00,0.06809811888479089
2019-06-19 00:54:00,0.012474571855193517
2019-06-19 00:57:00,0.06924047514206677
2019-06-19 01:00:00,-0.02059061235797799
2019-06-19 01:03:00,0.08800493570680601
2019-06-19 01:06:00,0.12932134266509365
2019-06-19 01:09:00,0.09109613210051748
2019-06-19 01:12:00,0.041479069701836124
2019-06-19 01:15:00,0.04751208737451407
2019-06-19 01:18:00,0.10237409932352648
2019-06-19 01:21:00,-0.004453714658552599
2019-06-19 01:24:00,0.062411836954822775
2019-06-19 01:27:00,0.10946364665454666
2019-06-19 01:30:00,0.09500049482022632
2019-06-19 01:33:00,0.08389007072025834
2019-06-19 01:36:00,0.039785854395063325
2019-06-19 01:39:00,0.1151387000215891
2019-06-19 01:42:00,-0.013211040944156593
2019-06-19 01:45:00,0.10316603397984636
2019-06-19 01:48:00,0.10121843573273281
2019-06-19 01:51:00,0.07119396400429423
2019-06-19 01:54:00,0.15743195791242215
2019-06-19 01:57:00,-0.008702499454102508
2019-06-19 02:00:00,0.0319133530725253
2019-06-19 02:03:00,0.09806245790895218
2019-06-19 02:06:00,0.11301660011412196
2019-06-19 02:09:00,0.05137671583526071
2019-06-19 02:12:00,0.012989270665116237
2019-06-19 02:15:00,0.0011608108628138325
2019-06-19 02:18:00,0.12442870338634293
2019-06-19 02:21:00,-0.02879207028405517
2019-06-19 02:24:00,0.09398652779043459
2019-06-19 02:27:00,0.04135970694090929
2019-06-19 02:30:00,0.03629398597632871
2019-06-19 02:33:00,0.06421637716039186
2019-06-19 02:36:00,0.12087209806594501
2019-06-19 02:39:00,0.051295998279272226
2019-06-19 02:42:00,0.12936097548663383
2019-06-19 02:45:00,0.004122585717198035
2019-06-19 02:48:00,0.1570453394890592
2019-06-19 02:51:00,0.10398591399757606
2019-06-19 02:54:00,0.07052376957500428
2019-06-19 02:57:00,-0.0007701404840076975
2019-06-19 03:00:00,0.11118920939497912
2019-06-19 03:03:00,0.0459672431142053
2019-06-19 03:06:00,0.09543207582731839
2019-06-19 03:09:00,0.09124844401509336
2019-06-19 03:12:00,0.1930403561639764
2019-06-19 03:15:00,0.08064614252083402
2019-06-19 03:18:00,0.0722919999353735
2019-06-19 03:21:00,0.10440682643968557
2019-06-19 03:24:00,0.16317149731077052
2019-06-19 03:27:00,0.09972360829527815
2019-06-19 03:30:00,0.10791356386141615
2019-06-19 03:33:00,0.09712664987927155
2019-06-19 03:36:00,0.0874205122943863
2019-06-19 03:39:00,0.17079422375678632
2019-06-19 03:42:00,0.060813680167711937
2019-06-19 03:45:00,0.13992869731754354
2019-06-19 03:48:00,0.10240989548043444
2019-06-19 03:51:00,0.1813147230105301
2019-06-19 03:54:00,0.1228710066514509
2019-06-19 03:57:00,0.234042755042708
2019-06-19 04:00:00,0.14043685140364914
2019-06-19 04:03:00,0.14894507721987793
2019-06-19 04:06:00,0.16048943835704677
2019-06-19 04:09:00,0.15040861229948632
2019-06-19 04:12:00,0.1539487401003612
2019-06-19 04:15:00,0.2010475830500127
2019-06-19 04:18:00,0.20178583445022014
2019-06-19 04:21:00,0.2325773022253088
2019-06-19 04:24:00,0.1255493340493672
2019-06-19 04:27:00,0.22022899477349256
2019-06-19 04:30:00,0.26585012768936167
2019-06-19 04:33:00,0.2828516389441802
2019-06-19 04:36:00,0.3108286073789941
2019-06-19 04:39:00,0.17771074120719277
2019-06-19 04:42:00,0.27167565369978774
2019-06-19 04:45:00,0.2753371083308025
2019-06-19 04:48:00,0.1263536743167606
2019-06-19 04:51:00,0.22880033826021418
2019-06-19 04:54:00,0.21647451904652826
2019-06-19 04:57:00,0.25195852495141935
2019-06-19 05:00:00,0.20395024077714652
2019-06-19 05:03:00,0.2080949664521654
2019-06-19 05:06:00,0.1854741778290645
2019-06-19 05:09:00,0.24524830149226773
2019-06-19 05:12:00,0.21460364336792281
2019-06-19 05:15:00,0.23934393383314045
2019-06-19 05:18:00,0.25806286952473556
2019-06-19 05:21:00,0.21453420663061706
2019-06-19 05:24:00,0.1464826144442668
2019-06-19 05:27:00,0.1676756131458319
2019-06-19 05:30:00,0.15846532381885936
2019-06-19 05:33:00,0.2570142100736348
2019-06-19 05:36:00,0.21630379328507843
2019-06-19 05:39:00,0.16731506263391793
2019-06-19 05:42:00,0.23231789262814573
2019-06-19 05:45:00,0.2291198191588819
2019-06-19 05:48:00,0.19829761788736278
2019-06-19 05:51:00,0.19327998373114497
2019-06-19 05:54:00,0.10038396222341817
2019-06-19 05:57:00,0.26612117504890875
2019-06-19 06:00:00,0.26016160603285243
2019-06-19 06:03:00,0.2792613316764232
2019-06-19 06:06:00,0.2282654197543934
2019-06-19 06:09:00,0.26181389163485846
2019-06-19 06:12:00,0.1438724099070896
2019-06-19 06:15:00,0.30905532208623754
2019-06-19 06:18:00,0.21469776346947356
2019-06-19 06:21:00,0.15846743031170263
2019-06-19 06:24:00,0.23233781898454708
2019-06-19 06:27:00,0.22197139095396778
2019-06-19 06:30:00,0.29086737619758196
2019-06-19 06:33:00,0.23723885639674336
2019-06-19 06:36:00,0.22982379480299642
2019-06-19 06:39:00,0.09893046757247248
2019-06-19 06:42:00,0.3177040035470782
2019-06-19 06:45:00,0.2404042825058923
2019-06-19 06:48:00,0.1382348043527486
2019-06-19 06:51:00,0.20728099665518585
2019-06-19 06:54:00,0.25009838551045505
2019-06-19 06:57:00,0.17982771580454937
2019-06-19 07:00:00,0.20401904049049335
2019-06-19 07:03:00,0.2133167408017016
2019-06-19 07:06:00,0.22896598624652142
2019-06-19 07:09:00,0.26340901648836734
2019-06-19 07:12:00,0.296556614399492
2019-06-19 07:15:00,0.3273214478083446
2019-06-19 07:18:00,0.2795911923569179
2019-06-19 07:21:00,0.24450610009279217
2019-06-19 07:24:00,0.13843301581749756
2019-06-19 07:27:00,0.25204299174322387
2019-06-19 07:30:00,0.20351209312735818
2019-06-19 07:33:00,0.10502757739226354
2019-06-19 07:36:00,0.15292047541424836
2019-06-19 07:39:00,0.26318231583155693
2019-06-19 07:42:00,0.25630757686434436
2019-06-19 07:45:00,0.24669047985116777
2019-06-19 07:48:00,0.1349222681560036
2019-06-19 07:51:00,0.218171897232196
2019-06-19 07:54:00,0.1687115298737467
2019-06-19 07:57:00,0.21306200689861043
2019-06-19 08:00:00,0.21526136120746742
2019-06-19 08:03:00,0.17326669307618658
2019-06-19 08:06:00,0.21912992381163576
2019-06-19 08:09:00,0.08216136644028893
2019-06-19 08:12:00,0.1576956016766644
2019-06-19 08:15:00,0.06295521077998956
2019-06-19 08:18:00,0.07369758810671101
2019-06-19 08:21:00,0.14936043758029882
2019-06-19 08:24:00,0.05513121172026558
2019-06-19 08:27:00,0.13043764581539108
2019-06-19 08:30:00,0.10104318613036867
2019-06-19 08:33:00,0.15107721798631246
2019-06-19 08:36:00,0.1383554394868156
2019-06-19 08:39:00,0.04741639885043014
2019-06-19 08:42:00,0.09520584814328004
2019-06-19 08:45:00,0.056268428959413086
2019-06-19 08:48:00,0.09578666565931826
2019-06-19 08:51:00,0.044586919216556
2019-06-19 08:54:00,0.07767209174528489
2019-06-19 08:57:00,0.12368770864964063
2019-06-19 09:00:00,-0.03003436616830868
2019-06-19 09:03:00,0.0917312968740589
2019-06-19 09:06:00,0.07226860974918736
2019-06-19 09:09:00,0.02660964464848803
2019-06-19 09:12:00,0.028661932097747922
2019-06-19 09:15:00,0.03215085352667302
2019-06-19 09:18:00,-0.07420274147551709
2019-06-19 09:21:00,-0.05788297864063452
2019-06-19 09:24:00,0.03637399235333305
2019-06-19 09:27:00,0.015275013928544467
2019-06-19 09:30:00,-0.023286467879245265
2019-06-19 09:33:00,-0.0568550514202002
2019-06-19 09:36:00,-0.02114964542073494
2019-06-19 09:39:00,-0.025313779566829453
2019-06-19 09:42:00,-0.12411511839388822
2019-06-19 09:45:00,-0.11896546856371515
2019-06-19 09:48:00,-0.09494892095011664
2019-06-19 09:51:00,-0.11547932116627635
2019-06-19 09:54:00,-0.12995737000733243
2019-06-19 09:57:00,-0.154253310182753
2019-06-19 10:00:00,-0.11812222098865277
2019-06-19 10:03:00,-0.1047211171085678
2019-06-19 10:06:00,-0.2393076733609405
2019-06-19 10:09:00,-0.14698139399445154
2019-06-19 10:12:00,-0.30109730011457714
2019-06-19 10:15:00,-0.273068378307471
2019-06-19 10:18:00,-0.3028700381980798
2019-06-19 10:21:00,-0.41668044898358403
2019-06-19 10:24:00,-0.36214208866431363
2019-06-19 10:27:00,-0.28331223770760516
2019-06-19 10:30:00,-0.24525468406773143
2019-06-19 10:33:00,-0.3124092887284178
2019-06-19 10:36:00,-0.4176989370023989
2019-06-19 10:39:00,-0.351033956077174
2019-06-19 10:42:00,-0.35814001588192923
2019-06-19 10:45:00,-0.336797518490755
2019-06-19 10:48:00,-0.3169037621163966
2019-06-19 10:51:00,-0.388882652460552
2019-06-19 10:54:00,-0.36400977796205325
2019-06-19 10:57:00,-0.35133555211359635
2019-06-19 11:00:00,-0.4220264846724149
2019-06-19 11:03:00,-0.339718867260558
2019-06-19 11:06:00,-0.37438300965231974
2019-06-19 11:09:00,-0.3505396821396971
2019-06-19 11:12:00,-0.4662471192064004
2019-06-19 11:15:00,-0.42818929932889205
2019-06-19 11:18:00,-0.3048946373039598
2019-06-19 11:21:00,-0.31739334583130585
2019-06-19 11:24:00,-0.4062558658977764
2019-06-19 11:27:00,-0.39149082605564445
2019-06-19 11:30:00,-0.4475956824376226
2019-06-19 11:33:00,-0.42308243893882036
2019-06-19 11:36:00,-0.46295182990644435
2019-06-19 11:39:00,-0.4223906056401461
2019-06-19 11:42:00,-0.47600941035801725
2019-06-19 11:45:00,-0.38260067370049455
2019-06-19 11:48:00,-0.3607097998589097
2019-06-19 11:51:00,-0.42142929553040176
2019-06-19 11:54:00,-0.4832785194308826
2019-06-19 11:57:00,-0.38236221018661354
2019-06-19 12:00:00,-0.4244612307400075
2019-06-19 12:03:00,-0.41741585832636474
2019-06-19 12:06:00,-0.4269795689850753
2019-06-19 12:09:00,-0.4592506313631475
2019-06-19 12:12:00,-0.515438761069106
2019-06-19 12:15:00,-0.4295959506066538
2019-06-19 12:18:00,-0.4276863601145351
2019-06-19 12:21:00,-0.4408846590666826
2019-06-19 12:24:00,-0.5331181293895497
2019-06-19 12:27:00,-0.6612106651342629
2019-06-19 12:30:00,-0.6389662343267446
2019-06-19 12:33:00,-0.526100210398738
2019-06-19 12:36:00,-0.4600756373299646
2019-06-19 12:39:00,-0.6004277637651967
2019-06-19 12:42:00,-0.5642932946665269
2019-06-19 12:45:00,-0.4620539755077857
2019-06-19 12:48:00,-0.594574741464271
2019-06-19 12:51:00,-0.5565471812779492
2019-06-19 12:54:00,-0.5235770179925794
2019-06-19 12:57:00,-0.5717997851425025
2019-06-19 13:00:00,-0.6247636224159692
2019-06-19 13:03:00,-0.5292111689639682
2019-06-19 13:06:00,-0.5174893797863547
2019-06-19 13:09:00,-0.6255039772347004
2019-06-19 13:12:00,-0.5956292259681959
2019-06-19 13:15:00,-0.5464439367260638
2019-06-19 13:18:00,-0.6366683089917728
2019-06-19 13:21:00,-0.5443001487860215
2019-06-19 13:24:00,-0.5695436624275771
2019-06-19 13:27:00,-0.459048482740684
2019-06-19 13:30:00,-0.5594635757902324
2019-06-19 13:33:00,-0.5927556198680008
2019-06-19 13:36:00,-0.5146362228131238
2019-06-19 13:39:00,-0.5238080223736006
2019-06-19 13:42:00,-0.5300947857530218
2019-06-19 13:45:00,-0.6843785476210655
2019-06-19 13:48:00,-0.5049300626828312
2019-06-19 13:51:00,-0.4286710428335141
2019-06-19 13:54:00,-0.48557570860157284
2019-06-19 13:57:00,-0.40854990474218766
2019-06-19 14:00:00,-0.38577164603498204
2019-06-19 14:03:00,-0.4896769510929744
2019-06-19 14:06:00,-0.28654551565614383
2019-06-19 14:09:00,-0.3512808434703061
2019-06-19 14:12:00,-0.3141504534229398
2019-06-19 14:15:00,-0.48678107578251684
2019-06-19 14:18:00,-0.3475664146617419
2019-06-19 14:21:00,-0.345588962712327
2019-06-19 14:24:00,-0.5154964796179229
2019-06-19 14:27:00,-0.42892614152094666
2019-06-19 14:30:00,-0.3556308260564265
2019-06-19 14:33:00,-0.42715429201376764
2019-06-19 14:36:00,-0.472033236818163
2019-06-19 14:39:00,-0.4200930105181442
2019-06-19 14:42:00,-0.4013054065853794
2019-06-19 14:45:00,-0.4321356860717742
2019-06-19 14:48:00,-0.36982186522658367
2019-06-19 14:51:00,-0.35665720018613456
2019-06-19 14:54:00,-0.46031448999235636
2019-06-19 14:57:00,-0.44451198492487265
2019-06-19 15:00:00,-0.4454520140769773
2019-06-19 15:03:00,-0.5227612087258535
2019-06-19 15:06:00,-0.4165744121935404
2019-06-19 15:09:00,-0.5181504290836756
2019-06-19 15:12:00,-0.4725765920974254
2019-06-19 15:15:00,-0.4711002615947564
2019-06-19 15:18:00,-0.5205902787876653
2019-06-19 15:21:00,-0.4793002661297123
2019-06-19 15:24:00,-0.4775042165431387
2019-06-19 15:27:00,-0.4786241355254788
2019-06-19 15:30:00,-0.530296941747963
2019-06-19 15:33:00,-0.5789509662383807
2019-06-19 15:36:00,-0.6121211827711477
2019-06-19 15:39:00,-0.5297225647920527
2019-06-19 15:42:00,-0.4341098590441561
2019-06-19 15:45:00,-0.30436805586566607
2019-06-19 15:48:00,-0.3425685091725086
2019-06-19 15:51:00,-0.261863074396274
2019-06-19 15:54:00,-0.3953207563714045
2019-06-19 15:57:00,-0.3814659380496437
2019-06-19 16:00:00,-0.45852320196070195
2019-06-19 16:03:00,-0.34385490492780946
2019-06-19 16:06:00,-0.4609190851719518
2019-06-19 16:09:00,-0.31231207258036875
2019-06-19 16:12:00,-0.373528469395751
2019-06-19 16:15:00,-0.35195190993118786
2019-06-19 16:18:00,-0.45602818499094155
2019-06-19 16:21:00,-0.3906671630298888
2019-06-19 16:24:00,-0.42835116730049094
2019-06-19 16:27:00,-0.4789503981604639
2019-06-19 16:30:00,-0.4138381335345116
2019-06-19 16:33:00,-0.3387076265582891
2019-06-19 16:36:00,-0.3340103036360915
2019-06-19 16:39:00,-0.4827208888737573
2019-06-19 16:42:00,-0.3509983643870669
2019-06-19 16:45:00,-0.36267100047626855
2019-06-19 16:48:00,-0.36122429156091584
2019-06-19 16:51:00,-0.32804885707827225
2019-06-19 16:54:00,-0.3537980170576134
2019-06-19 16:57:00,-0.3327913929895203
2019-06-19 17:00:00,-0.24828386263692437
2019-06-19 17:03:00,-0.3694569383724797
2019-06-19 17:06:00,-0.3477706184008298
2019-06-19 17:09:00,-0.3251969307329432
2019-06-19 17:12:00,-0.3192603189736474
2019-06-19 17:15:00,-0.31980111900111297
2019-06-19 17:18:00,-0.3666679782035658
2019-06-19 17:21:00,-0.2508164198384861
2019-06-19 17:24:00,-0.3159487065903477
2019-06-19 17:27:00,-0.2765291466583335
2019-06-19 17:30:00,-0.3049721061678383
2019-06-19 17:33:00,-0.4015755855491534
2019-06-19 17:36:00,-0.28899437648158255
2019-06-19 17:39:00,-0.2823961367775496
2019-06-19 17:42:00,-0.21979037404798873
2019-06-19 17:45:00,-0.1993119776060439
2019-06-19 17:48:00,-0.2640301202464457
2019-06-19 17:51:00,-0.40974400426455304
2019-06-19 17:54:00,-0.27927774626829205
2019-06-19 17:57:00,-0.3756862930250122
2019-06-19 18:00:00,-0.316436365297875
2019-06-19 18:03:00,-0.3450681209377535
2019-06-19 18:06:00,-0.3624168921299997
2019-06-19 18:09:00,-0.281233929929499
2019-06-19 18:12:00,-0.26255531537742627
2019-06-19 18:15:00,-0.2657561493758749
2019-06-19 18:18:00,-0.24909563963495884
2019-06-19 18:21:00,-0.2597523952761662
2019-06-19 18:24:00,-0.2765031740526638
2019-06-19 18:27:00,-0.16936291351578348
2019-06-19 18:30:00,-0.1931515341863701
2019-06-19 18:33:00,-0.32145996233833785
2019-06-19 18:36:00,-0.20101351853571714
2019-06-19 18:39:00,-0.2075437831215936
2019-06-19 18:42:00,-0.20882810915537675
2019-06-19 18:45:00,-0.107063411522347
2019-06-19 18:48:00,-0.1395022883870638
2019-06-19 18:51:00,-0.24639846987810188
2019-06-19 18:54:00,
2019-06-19 18:57:00,
2019-06-19 19:00:00,
2019-06-19 19:03:00,-0.09225234768445034
2019-06-19 19:06:00,-0.15646188423198737
2019-06-19 19:09:00,-0.15552476837069662
2019-06-19 19:12:00,-0.21136656680920396
2019-06-19 19:15:00,-0.08731942260817505
2019-06-19 19:18:00,-0.05273111356092386
2019-06-19 19:21:00,-0.06569828942497224
2019-06-19 19:24:00,-0.1419124386317776
2019-06-19 19:27:00,-0.21207621266955812
2019-06-19 19:30:00,-0.19659453973821428
2019-06-19 19:33:00,-0.06381777287811019
2019-06-19 19:36:00,-0.16481014527641946
2019-06-19 19:39:00,-0.15539082077191324
2019-06-19 19:42:00,-0.08481503327311657
2019-06-19 19:45:00,-0.12680654122414126
2019-06-19 19:48:00,-0.2067226496599801
2019-06-19 19:51:00,-0.18294778371131315
2019-06-19 19:54:00,-0.12941678746994967
2019-06-19 19:57:00,-0.10435992653947324
2019-06-19 20:00:00,-0.16028184112371946
2019-06-19 20:03:00,-0.10017351881606373
2019-06-19 20:06:00,-0.09130550095613899
2019-06-19 20:09:00,-0.12597336058968267
2019-06-19 20:12:00,-0.10766480192671679
2019-06-19 20:15:00,-0.14427401885325253
2019-06-19 20:18:00,-0.06010700583215112
2019-06-19 20:21:00,-0.0868695722581947
2019-06-19 20:24:00,-0.1175213604397527
2019-06-19 20:27:00,0.03181716653909916
2019-06-19 20:30:00,0.018651777981290252
2019-06-19 20:33:00,0.0011675818264507143
2019-06-19 20:36:00,0.002960790836823435
2019-06-19 20:39:00,-0.037891813026817545
2019-06-19 20:42:00,0.01149857946739985
2019-06-19 20:45:00,0.018058233291185388
2019-06-19 20:48:00,0.09189375706120018
2019-06-19 20:51:00,0.0215095660923339
2019-06-19 20:54:00,0.0038499913876535174
2019-06-19 20:57:00,0.09109396313516527
2019-06-19 21:00:00,0.1256229025352127
2019-06-19 21:03:00,0.08313568632536317
2019-06-19 21:06:00,-0.013302720317710737
2019-06-19 21:09:00,0.10596953703230838
2019-06-19 21:12:00,0.059354132417922756
2019-06-19 21:15:00,-0.02189547931237712
2019-06-19 21:18:00,0.03549159349370257
2019-06-19 21:21:00,0.04248431725454793
2019-06-19 21:24:00,-0.046157276782139434
2019-06-19 21:27:00,0.12415464459132863
2019-06-19 21:30:00,0.10037116947131608
2019-06-19 21:33:00,0.060844175733109296
2019-06-19 21:36:00,0.10946828753702675
2019-06-19 21:39:00,0.06408088292897673
2019-06-19 21:42:00,-0.03870771364472603
2019-06-19 21:45:00,0.007333727742263818
2019-06-19 21:48:00,0.13575040444641218
2019-06-19 21:51:00,0.13356349845844306
2019-06-19 21:54:00,0.03649722624265905
2019-06-19 21:57:00,0.06213159349795205
2019-06-19 22:00:00,0.06510663276236528
2019-06-19 22:03:00,0.013616185408125148
2019-06-19 22:06:00,0.12230826618946367
2019-06-19 22:09:00,0.03075371799690174
2019-06-19 22:12:00,0.005557508027209224
2019-06-19 22:15:00,0.09020648697384104
2019-06-19 22:18:00,0.042102386162810035
2019-06-19 22:21:00,0.13655778337459878
2019-06-19 22:24:00,0.06958468270613594
2019-06-19 22:27:00,0.046529889474129504
2019-06-19 22:30:00,0.13863542939299123
2019-06-19 22:33:00,0.12113811970419874
2019-06-19 22:36:00,0.019859617266376972
2019-06-19 22:39:00,0.07161243673317585
2019-06-19 22:42:00,0.1230438810636656
2019-06-19 22:45:00,-0.017975128347984537
2019-06-19 22:48:00,0.16448750216153485
2019-06-19 22:51:00,0.14452347287118528
2019-06-19 22:54:00,0.06525783669837892
2019-06-19 22:57:00,0.15992366542462833
2019-06-19 23:00:00,0.15852992192998272
2019-06-19 23:03:00,0.05683940612112792
2019-06-19 23:06:00,0.12763564165078378
2019-06-19 23:09:00,0.059708321412756504
2019-06-19 23:12:00,0.16056120911639482
2019-06-19 23:15:00,0.1345172103701202
2019-06-19 23:18:00,0.11521101771262465
2019-06-19 23:21:00,0.09623388921585274
2019-06-19 23:24:00,0.099368728040929
2019-06-19 23:27:00,0.16372798962481738
2019-06-19 23:30:00,0.15381601523893096
2019-06-19 23:33:00,0.05102913974627654
2019-06-19 23:36:00,0.20838871663846703
2019-06-19 23:39:00,0.2071307667209794
2019-06-19 23:42:00,0.0394106572237547
2019-06-19 23:45:00,0.12428316119786587
2019-06-19 23:48:00,0.10020518289059055
2019-06-19 23:51:00,0.24486174121551585
2019-06-19 23:54:00,0.18543400916900055
2019-06-19 23:57:00,0.16564326356632364
2019-06-20 00:00:00,0.20280338043227175
2019-06-20 00:03:00,0.2775431868264491
2019-06-20 00:06:00,0.17747450342852744
2019-06-20 00:09:00,0.18819697143516123
2019-06-20 00:12:00,0.2717487562246106
2019-06-20 00:15:00,0.25893931503577505
2019-06-20 00:18:00,0.23943373238671484
2019-06-20 00:21:00,0.25918497116754224
2019-06-20 00:24:00,0.2762882671623288
2019-06-20 00:27:00,0.23139855518934382
2019-06-20 00:30:00,0.2107748537638372
2019-06-20 00:33:00,0.21010387000984565
2019-06-20 00:36:00,0.2641555094327259
2019-06-20 00:39:00,0.3099212300920726
2019-06-20 00:42:00,0.24165960258631003
2019-06-20 00:45:00,0.2569745035676192
2019-06-20 00:48:00,0.2439107469356827
2019-06-20 00:51:00,0.1825667932789088
2019-06-20 00:54:00,0.19662303454686025
2019-06-20 00:57:00,0.24656651520007244
2019-06-20 01:00:00,0.18782096686521754
2019-06-20 01:03:00,0.24680594717341364
2019-06-20 01:06:00,0.32100577807489117
2019-06-20 01:09:00,0.2612114442965776
2019-06-20 01:12:00,0.2821816234044263
2019-06-20 01:15:00,0.2756603953721992
2019-06-20 01:18:00,0.24248566474750533
2019-06-20 01:21:00,0.21153065790235814
2019-06-20 01:24:00,0.3004453233253912
2019-06-20 01:27:00,0.21609141002153365
2019-06-20 01:30:00,0.3132743196589445
2019-06-20 01:33:00,0.3617603524101014
2019-06-20 01:36:00,0.27161435261854194
2019-06-20 01:39:00,0.31902259878603445
2019-06-20 01:42:00,0.30807622077435326
2019-06-20 01:45:00,0.30806563630051187
2019-06-20 01:48:00,0.3215711777057777
2019-06-20 01:51:00,0.23447709258738314
2019-06-20 01:54:00,0.22697895082944797
2019-06-20 01:57:00,0.3334469188183107
2019-06-20 02:00:00,0.33257386121596255
2019-06-20 02:03:00,0.2328516593521499
2019-06-20 02:06:00,0.28880212279227635
2019-06-20 02:09:00,0.25534865854689315
2019-06-20 02:12:00,0.337829862038177
2019-06-20 02:15:00,0.39013877399793273
2019-06-20 02:18:00,0.334022069132061
2019-06-20 02:21:00,0.21470827434882267
2019-06-20 02:24:00,0.28966446126509027
2019-06-20 02:27:00,0.3002439182185981
2019-06-20 02:30:00,0.3268196384142925
2019-06-20 02:33:00,0.31066085695528045
2019-06-20 02:36:00,0.29738814361019195
2019-06-20 02:39:00,0.264527514528595
2019-06-20 02:42:00,0.32216503300969634
2019-06-20 02:45:00,0.37634071430375116
2019-06-20 02:48:00,0.4465333913696554
2019-06-20 02:51:00,0.3475683906856375
2019-06-20 02:54:00,0.3982345021424294
2019-06-20 02:57:00,0.29053893351357374
2019-06-20 03:00:00,0.3241397379221098
2019-06-20 03:03:00,0.3692135448860654
2019-06-20 03:06:00,0.2920388701166985
2019-06-20 03:09:00,0.35974784703478235
2019-06-20 03:12:00,0.4091619960234425
2019-06-20 03:15:00,0.4221424687557942
2019-06-20 03:18:00,0.34715742525651194
2019-06-20 03:21:00,0.3939291928271018
2019-06-20 03:24:00,0.3790336717427749
2019-06-20 03:27:00,0.46328377053816894
2019-06-20 03:30:00,0.33999268687693984
2019-06-20 03:33:00,0.40951370397453957
2019-06-20 03:36:00,0.34086009311397447
2019-06-20 03:39:00,0.4753914995396258
2019-06-20 03:42:00,0.3807256639572074
2019-06-20 03:45:00,0.45192180713354446
2019-06-20 03:48:00,0.4151870968755702
2019-06-20 03:51:00,0.3803685740148808
2019-06-20 03:54:00,0.43883739462057747
2019-06-20 03:57:00,0.4109400840924877
2019-06-20 04:00:00,0.37358602771320193
2019-06-20 04:03:00,0.36355616790274325
2019-06-20 04:06:00,0.415507042027798
2019-06-20 04:09:00,0.4552241145254925
2019-06-20 04:12:00,0.3889265309697407
2019-06-20 04:15:00,0.4107175122888407
2019-06-20 04:18:00,0.3478342471862561
2019-06-20 04:21:00,0.4164317155594972
2019-06-20 04:24:00,0.3480030084592727
2019-06-20 04:27:00,0.4674194527717077
2019-06-20 04:30:00,0.3733440101809151
2019-06-20 04:33:00,0.47139071929041165
2019-06-20 04:36:00,0.3122257942454212
2019-06-20 04:39:00,0.4742092054191289
2019-06-20 04:42:00,0.4674559576397428
2019-06-20 04:45:00,0.4839720358962154
2019-06-20 04:48:00,0.3607578285104296
2019-06-20 04:51:00,0.42141231046088024
2019-06-20 04:54:00,0.3712683932958498
2019-06-20 04:57:00,0.3866859742890938
2019-06-20 05:00:00,0.3770911380938742
2019-06-20 05:03:00,0.4698670962127949
2019-06-20 05:06:00,0.3962608253893336
2019-06-20 05:09:00,0.46384956710846836
2019-06-20 05:12:00,0.39687286796606713
2019-06-20 05:15:00,0.3849000581536757
2019-06-20 05:18:00,0.4988127076633191
2019-06-20 05:21:00,0.41019996958920046
2019-06-20 05:24:00,0.4273193689277264
2019-06-20 05:27:00,0.47059694207251823
2019-06-20 05:30:00,0.46412556932057214
2019-06-20 05:33:00,0.4167754112251032
2019-06-20 05:36:00,0.365668633258565
2019-06-20 05:39:00,0.3971508839939588
2019-06-20 05:42:00,0.353195985859486
2019-06-20 05:45:00,0.49356019224660486
2019-06-20 05:48:00,0.46424975463645524
2019-06-20 05:51:00,0.40565867617561935
2019-06-20 05:54:00,0.4297995777482697
2019-06-20 05:57:00,0.4842975768885367
2019-06-20 06:00:00,0.41673651980670456
2019-06-20 06:03:00,0.36066265054131463
2019-06-20 06:06:00,0.45286502161525277
2019-06-20 06:09:00,0.3964511966779014
2019-06-20 06:12:00,0.43970441672991
2019-06-20 06:15:00,0.47326606920398717
2019-06-20 06:18:00,0.45366724462707
2019-06-20 06:21:00,0.3483026035414696
2019-06-20 06:24:00,0.41282705079487414
2019-06-20 06:27:00,0.26840922673528667
2019-06-20 06:30:00,0.43966735503630616
2019-06-20 06:33:00,0.47918200138121847
2019-06-20 06:36:00,0.4080951394736303
2019-06-20 06:39:00,0.366839764525821
2019-06-20 06:42:00,0.4210330061573586
2019-06-20 06:45:00,0.3587715326848979
2019-06-20 06:48:00,0.3612908963282848
2019-06-20 06:51:00,0.4338062634865878
2019-06-20 06:54:00,0.45197570075868043
2019-06-20 06:57:00,0.42760738852302893
2019-06-20 07:00:00,0.43704705699610713
2019-06-20 07:03:00,0.36079653418204316
2019-06-20 07:06:00,0.3771767880828065
2019-06-20 07:09:00,0.4022308739462801
2019-06-20 07:12:00,0.538233612856402
2019-06-20 07:15:00,0.3743667439010778
2019-06-20 07:18:00,0.46999441086177285
2019-06-20 07:21:00,0.36517993012654415
2019-06-20 07:24:00,0.44448455207850657
2019-06-20 07:27:00,0.41196504428916114
2019-06-20 07:30:00,0.3879671877218698
2019-06-20 07:33:00,0.44557921106820686
2019-06-20 07:36:00,0.4432764759635006
2019-06-20 07:39:00,0.38421922655641083
2019-06-20 07:42:00,0.4263505403152408
2019-06-20 07:45:00,0.40835915298350756
2019-06-20 07:48:00,0.3957003789471969
2019-06-20 07:51:00,0.3472234871384785
2019-06-20 07:54:00,0.3213712534442834
2019-06-20 07:57:00,0.2685866888609212
2019-06-20 08:00:00,0.32536937538947086
2019-06-20 08:03:00,0.35997302176696166
2019-06-20 08:06:00,0.36174042213252733
2019-06-20 08:09:00,0.26514469718534883
2019-06-20 08:12:00,0.2555077469522189
2019-06-20 08:15:00,0.27410814664483496
2019-06-20 08:18:00,0.30959698627276566
2019-06-20 08:21:00,0.3313726653603908
2019-06-20 08:24:00,0.2853858406069776
2019-06-20 08:27:00,0.2832698867268846
2019-06-20 08:30:00,0.2466396782551783
2019-06-20 08:33:00,0.19337164981948263
2019-06-20 08:36:00,0.228504468634128
2019-06-20 08:39:00,0.1616511136965073
2019-06-20 08:42:00,0.24080405044117015
2019-06-20 08:45:00,0.18909120180069294
2019-06-20 08:48:00,0.25676328572927787
2019-06-20 08:51:00,0.11454843914259527
2019-06-20 08:54:00,0.17575278658063098
2019-06-20 08:57:00,0.19165713126506034
2019-06-20 09:00:00,0.1827950200002988
2019-06-20 09:03:00,0.18555313585079602
2019-06-20 09:06:00,0.10128148394909431
2019-06-20 09:09:00,0.16748570932412576
2019-06-20 09:12:00,0.13425723149242685
2019-06-20 09:15:00,0.056944511592917024
2019-06-20 09:18:00,0.017302513657909913
2019-06-20 09:21:00,0.018231584140494306
2019-06-20 09:24:00,0.13997980457696713
2019-06-20 09:27:00,0.03062553890572417
2019-06-20 09:30:00,0.04953501684758521
2019-06-20 09:33:00,0.08435159451761365
2019-06-20 09:36:00,0.053563709587479025
2019-06-20 09:39:00,0.06829467887484952
2019-06-20 09:42:00,-0.020788421168560944
2019-06-20 09:45:00,-0.08747594676231074
2019-06-20 09:48:00,0.0009496658283865145
2019-06-20 09:51:00,0.0018849213188332214
2019-06-20 09:54:00,0.03953156291669302
2019-06-20 09:57:00,-0.2169096445705918
2019-06-20 10:00:00,-0.12079956943370007
2019-06-20 10:03:00,-0.23826802741757547
2019-06-20 10:06:00,-0.19376011022762896
2019-06-20 10:09:00,-0.2676648096905865
2019-06-20 10:12:00,-0.13873393154233327
2019-06-20 10:15:00,-0.2669047557744193
2019-06-20 10:18:00,-0.24861803275535976
2019-06-20 10:21:00,-0.25436525108381147
2019-06-20 10:24:00,-0.2724206523605517
2019-06-20 10:27:00,-0.27245916130073056
2019-06-20 10:30:00,-0.3672708692066635
2019-06-20 10:33:00,-0.24116199356416246
2019-06-20 10:36:00,-0.2321201472169605
2019-06-20 10:39:00,-0.3045893696316284
2019-06-20 10:42:00,-0.38579074385290824
2019-06-20 10:45:00,-0.3379074931725654
2019-06-20 10:48:00,-0.38786474862956766
2019-06-20 10:51:00,-0.29929081814537994
2019-06-20 10:54:00,-0.49266588639846987
2019-06-20 10:57:00,-0.41419309465942433
2019-06-20 11:00:00,-0.3850977369889961
2019-06-20 11:03:00,-0.3844132696431757
2019-06-20 11:06:00,-0.4020745376499235
2019-06-20 11:09:00,-0.4454808808936832
2019-06-20 11:12:00,-0.4191739927724143
2019-06-20 11:15:00,-0.3221781610838548
2019-06-20 11:18:00,-0.43297849408531874
2019-06-20 11:21:00,-0.5016521556785847
2019-06-20 11:24:00,-0.4626452893357964
2019-06-20 11:27:00,-0.4623547071086591
2019-06-20 11:30:00,-0.4407956915482032
2019-06-20 11:33:00,-0.44833848311651536
2019-06-20 11:36:00,-0.43245524940198266
2019-06-20 11:39:00,-0.4743025067301119
2019-06-20 11:42:00,-0.4929368314354292
2019-06-20 11:45:00,-0.4599939494362957
2019-06-20 11:48:00,-0.4310296926080923
2019-06-20 11:51:00,-0.5280585298142455
2019-06-20 11:54:00,-0.5098495686743263
2019-06-20 11:57:00,-0.4330189558176585
2019-06-20 12:00:00,-0.45553327918787545
2019-06-20 12:03:00,-0.49009662080658245
2019-06-20 12:06:00,-0.40821370593005213
2019-06-20 12:09:00,-0.41517197037495635
2019-06-20 12:12:00,-0.3854480030400964
2019-06-20 12:15:00,-0.4463779650925517
2019-06-20 12:18:00,-0.4462827774772222
2019-06-20 12:21:00,-0.5253100797290813
2019-06-20 12:24:00,-0.4347841449995258
2019-06-20 12:27:00,-0.34550187190541237
2019-06-20 12:30:00,-0.4874174155368678
2019-06-20 12:33:00,-0.48795999553647107
2019-06-20 12:36:00,-0.38025592239546313
2019-06-20 12:39:00,-0.3442526613801533
2019-06-20 12:42:00,-0.4455611904611487
2019-06-20 12:45:00,-0.36180940209345636
2019-06-20 12:48:00,-0.4261399777802808
2019-06-20 12:51:00,-0.5443947612540114
2019-06-20 12:54:00,-0.5818271348611006
2019-06-20 12:57:00,-0.5379134545312922
2019-06-20 13:00:00,-0.5088390383099863
2019-06-20 13:03:00,-0.5510085946564232
2019-06-20 13:06:00,-0.45777226510944047
2019-06-20 13:09:00,-0.5019710494038918
2019-06-20 13:12:00,-0.5638136815978783
2019-06-20 13:15:00,-0.4713061737085127
2019-06-20 13:18:00,-0.6434284738630254
2019-06-20 13:21:00,-0.5161059472766851
2019-06-20 13:24:00,-0.4357755234975116
2019-06-20 13:27:00,-0.5217852174163795
2019-06-20 13:30:00,-0.5314468497991811
2019-06-20 13:33:00,-0.5756489025596352
2019-06-20 13:36:00,-0.5148696197421145
2019-06-20 13:39:00,-0.4965395153438408
2019-06-20 13:42:00,-0.5890287225932411
2019-06-20 13:45:00,-0.5198987240113411
2019-06-20 13:48:00,-0.56679069940418
2019-06-20 13:51:00,-0.5529748123157674
2019-06-20 13:54:00,-0.5219628557022133
2019-06-20 13:57:00,-0.5261556773863845
2019-06-20 14:00:00,-0.49669217867045745
2019-06-20 14:03:00,-0.5508366111039322
2019-06-20 14:06:00,-0.4608218145201022
2019-06-20 14:09:00,-0.5631469913611795
2019-06-20 14:12:00,-0.54546737228236
2019-06-20 14:15:00,-0.5497049449452902
2019-06-20 14:18:00,-0.5241046381285628
2019-06-20 14:21:00,-0.6219694872672221
2019-06-20 14:24:00,-0.5027960557433175
2019-06-20 14:27:00,-0.6615882724683502
2019-06-20 14:30:00,-0.4980825656271577
2019-06-20 14:33:00,-0.48416214987548756
2019-06-20 14:36:00,-0.5423148995031966
2019-06-20 14:39:00,-0.513278853196482
2019-06-20 14:42:00,-0.5890610980641213
2019-06-20 14:45:00,-0.5674634563329732
2019-06-20 14:48:00,-0.479679543256168
2019-06-20 14:51:00,-0.535310779881172
2019-06-20 14:54:00,-0.5272386486183791
2019-06-20 14:57:00,-0.5985293782919712
2019-06-20 15:00:00,-0.5142456655365208
2019-06-20 15:03:00,-0.5273672922909327
2019-06-20 15:06:00,-0.4683448694561889
2019-06-20 15:09:00,-0.5117656093677283
2019-06-20 15:12:00,-0.4931522167764797
2019-06-20 15:15:00,-0.5368730088820826
2019-06-20 15:18:00,-0.43760547586487064
2019-06-20 15:21:00,-0.5020813177662262
2019-06-20 15:24:00,-0.45801357067580284
2019-06-20 15:27:00,-0.5027883023013828
2019-06-20 15:30:00,-0.5218524287383843
2019-06-20 15:33:00,-0.46859048791588975
2019-06-20 15:36:00,-0.5512357244731447
2019-06-20 15:39:00,-0.4581201068795622
2019-06-20 15:42:00,-0.49616557902237446
2019-06-20 15:45:00,-0.5154607441580197
2019-06-20 15:48:00,-0.7131277124588564
2019-06-20 15:51:00,-0.469033392982908
2019-06-20 15:54:00,-0.5081534773986505
2019-06-20 15:57:00,-0.525202318395884
2019-06-20 16:00:00,-0.49271048052150945
2019-06-20 16:03:00,-0.4887975468554373
2019-06-20 16:06:00,-0.49992264772663475
2019-06-20 16:09:00,-0.5225915856516394
2019-06-20 16:12:00,-0.5706126636704312
2019-06-20 16:15:00,-0.5175878493546975
2019-06-20 16:18:00,-0.46815085814745316
2019-06-20 16:21:00,-0.4189393309853813
2019-06-20 16:24:00,-0.5243153443034316
2019-06-20 16:27:00,-0.49494174552654613
2019-06-20 16:30:00,-0.43082110934147977
2019-06-20 16:33:00,-0.4316369934873592
2019-06-20 16:36:00,-0.47574350246122776
2019-06-20 16:39:00,-0.40781837958149936
2019-06-20 16:42:00,-0.5083522417891118
2019-06-20 16:45:00,-0.5695573150520659
2019-06-20 16:48:00,-0.48271995725463057
2019-06-20 16:51:00,-0.4345034496968765
2019-06-20 16:54:00,-0.49648228243154335
2019-06-20 16:57:00,-0.44411385078740295
2019-06-20 17:00:00,-0.36529546886680464
2019-06-20 17:03:00,-0.47310269875720223
2019-06-20 17:06:00,-0.45831557181060134
2019-06-20 17:09:00,-0.4965830500110542
2019-06-20 17:12:00,-0.5111700411146103
2019-06-20 17:15:00,-0.46912004645190564
2019-06-20 17:18:00,-0.47316742601907436
2019-06-20 17:21:00,-0.3604577969085767
2019-06-20 17:24:00,-0.44821938505560865
2019-06-20 17:27:00,-0.4961260892197288
2019-06-20 17:30:00,-0.4346377420127965
2019-06-20 17:33:00,-0.46093833204975
2019-06-20 17:36:00,-0.4735044873109473
2019-06-20 17:39:00,-0.3708984160306841
2019-06-20 17:42:00,-0.510641596874791
2019-06-20 17:45:00,-0.41473324589929916
2019-06-20 17:48:00,-0.30326508094117344
2019-06-20 17:51:00,-0.4377021773778438
2019-06-20 17:54:00,-0.4522164499645669
2019-06-20 17:57:00,-0.38091310782982646
2019-06-20 18:00:00,-0.39654155838604765
2019-06-20 18:03:00,-0.47585945484354397
2019-06-20 18:06:00,-0.40295748006019494
2019-06-20 18:09:00,-0.38667517012663666
2019-06-20 18:12:00,-0.4615186609929651
2019-06-20 18:15:00,-0.4588864041271563
2019-06-20 18:18:00,-0.32377630799226154
2019-06-20 18:21:00,-0.36699008371556374
2019-06-20 18:24:00,-0.39273504643307433
2019-06-20 18:27:00,-0.4224972642298894
2019-06-20 18:30:00,-0.28511244494887933
2019-06-20 18:33:00,-0.3408235166489817
2019-06-20 18:36:00,-0.40302828032497473
2019-06-20 18:39:00,-0.37252035271365
2019-06-20 18:42:00,-0.3306503236462959
2019-06-20 18:45:00,-0.32763857495359616
2019-06-20 18:48:00,-0.3266258835967619
2019-06-20 18:51:00,-0.4209938078428763
2019-06-20 18:54:00,
2019-06-20 18:57:00,
2019-06-20 19:00:00,
2019-06-20 19:03:00,-0.2524694083579675
2019-06-20 19:06:00,-0.2919120534597255
2019-06-20 19:09:00,-0.30839195316428913
2019-06-20 19:12:00,-0.2587429604778322
2019-06-20 19:15:00,-0.2620012208709568
2019-06-20 19:18:00,-0.31173083762791975
2019-06-20 19:21:00,-0.31423013536004873
2019-06-20 19:24:00,-0.26690677467269097
2019-06-20 19:27:00,-0.29272980602053167
2019-06-20 19:30:00,-0.3116473304414171
2019-06-20 19:33:00,-0.3501967241086845
2019-06-20 19:36:00,-0.32726525891666824
2019-06-20 19:39:00,-0.34163327312160163
2019-06-20 19:42:00,-0.23754174770596137
2019-06-20 19:45:00,-0.3310825404261095
2019-06-20 19:48:00,-0.24847583157406916
2019-06-20 19:51:00,-0.3417056501920115
2019-06-20 19:54:00,-0.27531646207916083
2019-06-20 19:57:00,-0.2563851835837454
2019-06-20 20:00:00,-0.3252631577889815
2019-06-20 20:03:00,-0.23647332035335467
2019-06-20 20:06:00,-0.3431066224537176
2019-06-20 20:09:00,-0.3038210043141021
2019-06-20 20:12:00,-0.3138178421994553
2019-06-20 20:15:00,-0.220775983366309
2019-06-20 20:18:00,-0.34436605567725564
2019-06-20 20:21:00,-0.3138164451009402
2019-06-20 20:24:00,-0.2676304250859971
2019-06-20 20:27:00,-0.2168262933364531
2019-06-20 20:30:00,-0.23715848636396686
2019-06-20 20:33:00,-0.2821723285442772
2019-06-20 20:36:00,-0.22763638433116284
2019-06-20 20:39:00,-0.31025378755538213
2019-06-20 20:42:00,-0.21204513825614413
2019-06-20 20:45:00,-0.2209586474364187
2019-06-20 20:48:00,-0.27731471866093216
2019-06-20 20:51:00,-0.30483000838438556
2019-06-20 20:54:00,-0.238301389963965
2019-06-20 20:57:00,-0.2192338516304062
2019-06-20 21:00:00,-0.19772422252873412
2019-06-20 21:03:00,-0.24034297483842693
2019-06-20 21:06:00,-0.27249054364466474
2019-06-20 21:09:00,-0.24466146549957557
2019-06-20 21:12:00,-0.21867644275238263
2019-06-20 21:15:00,-0.13540822984305123
2019-06-20 21:18:00,-0.2136189102335493
2019-06-20 21:21:00,-0.16623549780121039
2019-06-20 21:24:00,-0.15901288750166032
2019-06-20 21:27:00,-0.11983459398362584
2019-06-20 21:30:00,-0.19662019513373252
2019-06-20 21:33:00,-0.17980821237222244
2019-06-20 21:36:00,-0.13270514808311873
2019-06-20 21:39:00,-0.10573651236444448
2019-06-20 21:42:00,-0.19457410097749062
2019-06-20 21:45:00,-0.13090709540239232
2019-06-20 21:48:00,-0.14556049503158874
2019-06-20 21:51:00,-0.14449020587636596
2019-06-20 21:54:00,-0.14739780967033767
2019-06-20 21:57:00,-0.06391746635057416
2019-06-20 22:00:00,-0.08748850470720981
2019-06-20 22:03:00,-0.05972117629983131
2019-06-20 22:06:00,-0.001776591712427944
2019-06-20 22:09:00,-0.10675193775006164
2019-06-20 22:12:00,-0.1063511814766116
2019-06-20 22:15:00,-0.11473008918602545
2019-06-20 22:18:00,-0.047897848555862765
2019-06-20 22:21:00,-0.09322038880821992
2019-06-20 22:24:00,-0.09431889960421813
2019-06-20 22:27:00,-0.12259083718544161
2019-06-20 22:30:00,-0.14245056067665018
2019-06-20 22:33:00,-0.07305981962207397
2019-06-20 22:36:00,-0.16958163572991225
2019-06-20 22:39:00,-0.10144740452284395
2019-06-20 22:42:00,-0.04923281674911095
2019-06-20 22:45:00,-0.1166563249922774
2019-06-20 22:48:00,-0.12238536592161608
2019-06-20 22:51:00,-0.10129775378288741
2019-06-20 22:54:00,0.00045052504685827444
2019-06-20 22:57:00,-0.094674992193859
2019-06-20 23:00:00,-0.019300592567162766
2019-06-20 23:03:00,-0.02376724688150489
2019-06-20 23:06:00,-0.029415637244881054
2019-06-20 23:09:00,-0.00044159318258607527
2019-06-20 23:12:00,-0.04853621917777673
2019-06-20 23:15:00,-0.08444585956033279
2019-06-20 23:18:00,-0.027111419349864718
2019-06-20 23:21:00,-0.0034935625626530964
2019-06-20 23:24:00,0.027119097330114528
2019-06-20 23:27:00,-0.05671636722877338
2019-06-20 23:30:00,0.038314602804007336
2019-06-20 23:33:00,0.026966572619187446
2019-06-20 23:36:00,0.006850933236876244
2019-06-20 23:39:00,-0.007244939368604264
2019-06-20 23:42:00,0.08282544696720606
2019-06-20 23:45:00,-0.024121522373377502
2019-06-20 23:48:00,0.016009890827263007
2019-06-20 23:51:00,0.03973666588740343
2019-06-20 23:54:00,-0.04564030983766543
2019-06-20 23:57:00,-0.010555583703535376
2019-06-21 00:00:00,-0.07276039369509135
2019-06-21 00:03:00,0.022109183692975876
2019-06-21 00:06:00,-0.007316730021386775
2019-06-21 00:09:00,0.030464335509805096
2019-06-21 00:12:00,-0.024346888640650377
2019-06-21 00:15:00,-0.01769075807965237
2019-06-21 00:18:00,0.07543668814389548
2019-06-21 00:21:00,0.10009126178584893
2019-06-21 00:24:00,0.020545436394115768
2019-06-21 00:27:00,0.12854184654128176
2019-06-21 00:30:00,0.0750066174223889
2019-06-21 00:33:00,0.2133023490433743
2019-06-21 00:36:00,0.07327809605135371
2019-06-21 00:39:00,0.06787313990986377
2019-06-21 00:42:00,0.09310793930984573
2019-06-21 00:45:00,0.018939520995672865
2019-06-21 00:48:00,0.03150400144181731
2019-06-21 00:51:00,0.05791167672634856
2019-06-21 00:54:00,-0.015260471051362856
2019-06-21 00:57:00,0.07513356117112835
2019-06-21 01:00:00,0.10555809485714462
2019-06-21 01:03:00,0.08898938160234593
2019-06-21 01:06:00,0.09973931338544162
2019-06-21 01:09:00,0.07486557530705795
2019-06-21 01:12:00,0.059794205753973984
2019-06-21 01:15:00,0.18166224522320817
2019-06-21 01:18:00,0.16585154354351062
2019-06-21 01:21:00,0.11367964271960318
2019-06-21 01:24:00,0.22934583133184105
2019-06-21 01:27:00,0.08561525401279368
2019-06-21 01:30:00,0.1389105468124967
2019-06-21 01:33:00,0.13148356330265187
2019-06-21 01:36:00,0.15768180207476235
2019-06-21 01:39:00,0.12067163114033974
2019-06-21 01:42:00,0.2414472888783621
2019-06-21 01:45:00,0.20611289626720009
2019-06-21 01:48:00,0.1564417093670727
2019-06-21 01:51:00,0.16298074656151584
2019-06-21 01:54:00,0.16029479496347676
2019-06-21 01:57:00,0.27252153990224315
2019-06-21 02:00:00,0.2271021778652198
2019-06-21 02:03:00,0.18257214821534262
2019-06-21 02:06:00,0.1433927713943035
2019-06-21 02:09:00,0.08162015077124352
2019-06-21 02:12:00,0.14410494441028732
2019-06-21 02:15:00,0.19938978305481214
2019-06-21 02:18:00,0.18098584634441295
2019-06-21 02:21:00,0.1626786736821373
2019-06-21 02:24:00,0.17454722347349616
2019-06-21 02:27:00,0.0933414612766228
2019-06-21 02:30:00,0.11885236911268748
2019-06-21 02:33:00,0.15422807714185183
2019-06-21 02:36:00,0.20193114366219334
2019-06-21 02:39:00,0.17175009315019452
2019-06-21 02:42:00,0.2833120262110924
2019-06-21 02:45:00,0.15349717569489485
2019-06-21 02:48:00,0.17797346041220408
2019-06-21 02:51:00,0.22073231823344486
2019-06-21 02:54:00,0.16586188898526188
2019-06-21 02:57:00,0.1429517274161185
2019-06-21 03:00:00,0.24108470482428856
2019-06-21 03:03:00,0.17825438028216922
2019-06-21 03:06:00,0.27673276387452006
2019-06-21 03:09:00,0.27141730079517856
2019-06-21 03:12:00,0.19674761501102012
2019-06-21 03:15:00,0.23717833083713913
2019-06-21 03:18:00,0.22231375354130023
2019-06-21 03:21:00,0.20833933494344592
2019-06-21 03:24:00,0.16694158328914455
2019-06-21 03:27:00,0.2087500620937135
2019-06-21 03:30:00,0.1264916368238005
2019-06-21 03:33:00,0.1664380543622883
2019-06-21 03:36:00,0.2425021283638671
2019-06-21 03:39:00,0.2504122802939719
2019-06-21 03:42:00,0.21178739516000178
2019-06-21 03:45:00,0.26621038585705037
2019-06-21 03:48:00,0.2152611319170319
2019-06-21 03:51:00,0.240501787413109
2019-06-21 03:54:00,0.23809111165257946
2019-06-21 03:57:00,0.2614643352392818
2019-06-21 04:00:00,0.2590944951360825
2019-06-21 04:03:00,0.28658390193288596
2019-06-21 04:06:00,0.28041164019253983
2019-06-21 04:09:00,0.30056501292176563
2019-06-21 04:12:00,0.32065840034471194
2019-06-21 04:15:00,0.3336245812026277
2019-06-21 04:18:00,0.3463743749132391
2019-06-21 04:21:00,0.37841761150963293
2019-06-21 04:24:00,0.30444293482958074
2019-06-21 04:27:00,0.2786426322404054
2019-06-21 04:30:00,0.3702895321372921
2019-06-21 04:33:00,0.26794831883404413
2019-06-21 04:36:00,0.3105847832596851
2019-06-21 04:39:00,0.2438425431387259
2019-06-21 04:42:00,0.19020838979423615
2019-06-21 04:45:00,0.31551251571886496
2019-06-21 04:48:00,0.239168945283609
2019-06-21 04:51:00,0.3768980836144351
2019-06-21 04:54:00,0.24285593309838305
2019-06-21 04:57:00,0.2851335263755459
2019-06-21 05:00:00,0.26456995070577705
2019-06-21 05:03:00,0.35119355844801703
2019-06-21 05:06:00,0.32129853628094907
2019-06-21 05:09:00,0.2591129851204528
2019-06-21 05:12:00,0.3250671872789326
2019-06-21 05:15:00,0.3471139673585526
2019-06-21 05:18:00,0.2655034757033832
2019-06-21 05:21:00,0.26089402622375246
2019-06-21 05:24:00,0.24494597483464986
2019-06-21 05:27:00,0.2937199105159607
2019-06-21 05:30:00,0.3394902593822735
2019-06-21 05:33:00,0.37218086003662165
2019-06-21 05:36:00,0.3239385419946643
2019-06-21 05:39:00,0.37588703288992065
2019-06-21 05:42:00,0.3168503241312237
2019-06-21 05:45:00,0.38064668717396444
2019-06-21 05:48:00,0.3848890185305436
2019-06-21 05:51:00,0.33647213980771085
2019-06-21 05:54:00,0.3155653373344762
2019-06-21 05:57:00,0.3801564739194987
2019-06-21 06:00:00,0.43355530155963606
2019-06-21 06:03:00,0.324737568678529
2019-06-21 06:06:00,0.3269178289437491
2019-06-21 06:09:00,0.3374212639085954
2019-06-21 06:12:00,0.3896893696337429
2019-06-21 06:15:00,0.37179193089940554
2019-06-21 06:18:00,0.3980697098653536
2019-06-21 06:21:00,0.38927466092917484
2019-06-21 06:24:00,0.39650865765037224
2019-06-21 06:27:00,0.44574006969673974
2019-06-21 06:30:00,0.3370689448371422
2019-06-21 06:33:00,0.30664846141030466
2019-06-21 06:36:00,0.382835975582168
2019-06-21 06:39:00,0.3453373391787409
2019-06-21 06:42:00,0.37002317874112123
2019-06-21 06:45:00,0.3783532060424477
2019-06-21 06:48:00,0.34071354855552727
2019-06-21 06:51:00,0.34094243045547046
2019-06-21 06:54:00,0.4338960029265877
2019-06-21 06:57:00,0.3083265774931192
2019-06-21 07:00:00,0.38680687791134005
2019-06-21 07:03:00,0.3182558457527307
2019-06-21 07:06:00,0.35558920425614815
2019-06-21 07:09:00,0.3931863878632953
2019-06-21 07:12:00,0.38046446013112245
2019-06-21 07:15:00,0.3706575092172102
2019-06-21 07:18:00,0.3516028756402534
2019-06-21 07:21:00,0.34071110673170324
2019-06-21 07:24:00,0.40664438127572566
2019-06-21 07:27:00,0.34361435851809574
2019-06-21 07:30:00,0.3606231965250686
2019-06-21 07:33:00,0.3485911020323442
2019-06-21 07:36:00,0.3547796057840742
2019-06-21 07:39:00,0.313387186635282
2019-06-21 07:42:00,0.31390256127690463
2019-06-21 07:45:00,0.27529008514221687
2019-06-21 07:48:00,0.29015761635969284
2019-06-21 07:51:00,0.348707304345794
2019-06-21 07:54:00,0.30262772826154105
2019-06-21 07:57:00,0.3589648859402246
2019-06-21 08:00:00,0.2602598885363818
2019-06-21 08:03:00,0.2918448940454823
2019-06-21 08:06:00,0.2659097709508842
2019-06-21 08:09:00,0.29646892696712257
2019-06-21 08:12:00,0.3216038725319663
2019-06-21 08:15:00,0.32171156436135107
2019-06-21 08:18:00,0.3004003210549513
2019-06-21 08:21:00,0.11725607133428184
2019-06-21 08:24:00,0.27667190754891635
2019-06-21 08:27:00,0.11896916826282222
2019-06-21 08:30:00,0.20951962240815192
2019-06-21 08:33:00,0.17783857210696397
2019-06-21 08:36:00,0.20448588643404264
2019-06-21 08:39:00,0.0836181224491952
2019-06-21 08:42:00,0.10270803581414611
2019-06-21 08:45:00,0.06677587259355278
2019-06-21 08:48:00,-0.011528088082116028
2019-06-21 08:51:00,0.014687945783691703
2019-06-21 08:54:00,-0.014839868384115107
2019-06-21 08:57:00,0.0592679509815639
2019-06-21 09:00:00,-0.040056096327191426
2019-06-21 09:03:00,-0.045018713580589065
2019-06-21 09:06:00,-0.1090473537070693
2019-06-21 09:09:00,-0.06100107153912404
2019-06-21 09:12:00,-0.13586352119415324
2019-06-21 09:15:00,-0.17920649789988374
2019-06-21 09:18:00,-0.2181916392750054
2019-06-21 09:21:00,-0.21551723349716667
2019-06-21 09:24:00,-0.14942914948693442
2019-06-21 09:27:00,-0.16030966920936862
2019-06-21 09:30:00,-0.2480639488753127
2019-06-21 09:33:00,-0.23144076748860698
2019-06-21 09:36:00,-0.296536147566826
2019-06-21 09:39:00,-0.2970778229887401
2019-06-21 09:42:00,-0.16181884096619115
2019-06-21 09:45:00,-0.1737280035168851
2019-06-21 09:48:00,-0.2673140176636366
2019-06-21 09:51:00,-0.3476944610679311
2019-06-21 09:54:00,-0.39858281185240685
2019-06-21 09:57:00,-0.48519019039821387
2019-06-21 10:00:00,-0.37828258183338903
2019-06-21 10:03:00,-0.33629060836352664
2019-06-21 10:06:00,-0.3404569703058087
2019-06-21 10:09:00,-0.39195588346967725
2019-06-21 10:12:00,-0.3327156037194072
2019-06-21 10:15:00,-0.3249293626240046
2019-06-21 10:18:00,-0.474931590266749
2019-06-21 10:21:00,-0.4668730427100627
2019-06-21 10:24:00,-0.3898965635883087
2019-06-21 10:27:00,-0.39483182908821846
2019-06-21 10:30:00,-0.33963844279486466
2019-06-21 10:33:00,-0.32226612295033874
2019-06-21 10:36:00,-0.5073720126216585
2019-06-21 10:39:00,-0.4581928350136195
2019-06-21 10:42:00,-0.4201640585687869
2019-06-21 10:45:00,-0.3446930349425088
2019-06-21 10:48:00,-0.38664503473791
2019-06-21 10:51:00,-0.37965099612614495
2019-06-21 10:54:00,-0.3268575083650944
2019-06-21 10:57:00,-0.40299790371909694
2019-06-21 11:00:00,-0.36255769288288775
2019-06-21 11:03:00,-0.5123215820644305
2019-06-21 11:06:00,-0.399663873375232
2019-06-21 11:09:00,-0.47087355181975
2019-06-21 11:12:00,-0.43530153756307755
2019-06-21 11:15:00,-0.4777662311418567
2019-06-21 11:18:00,-0.43478400161075115
2019-06-21 11:21:00,-0.48036013367510577
2019-06-21 11:24:00,-0.561113481904556
2019-06-21 11:27:00,-0.5610554680507676
2019-06-21 11:30:00,-0.492731482557474
2019-06-21 11:33:00,-0.351189436198581
2019-06-21 11:36:00,-0.4281567454453352
2019-06-21 11:39:00,-0.4132502944747216
2019-06-21 11:42:00,-0.3385522082642183
2019-06-21 11:45:00,-0.33272869795041515
2019-06-21 11:48:00,-0.4902438427186553
2019-06-21 11:51:00,-0.5060177300458122
2019-06-21 11:54:00,-0.49655425985230295
2019-06-21 11:57:00,-0.5614218083469495
2019-06-21 12:00:00,-0.4538852471942505
2019-06-21 12:03:00,-0.5787826184801474
2019-06-21 12:06:00,-0.5612929054633469
2019-06-21 12:09:00,-0.49157738627866365
2019-06-21 12:12:00,-0.5177060927221078
2019-06-21 12:15:00,-0.5833619151459288
2019-06-21 12:18:00,-0.5580533264151768
2019-06-21 12:21:00,-0.5195959747898087
2019-06-21 12:24:00,-0.5773811890426259
2019-06-21 12:27:00,-0.5250701186386095
2019-06-21 12:30:00,-0.5850496708412152
2019-06-21 12:33:00,-0.46157755404777845
2019-06-21 12:36:00,-0.36984925951435343
2019-06-21 12:39:00,-0.49916526419752927
2019-06-21 12:42:00,-0.45966504253755147
2019-06-21 12:45:00,-0.5734157487461289
2019-06-21 12:48:00,-0.4823926233895577
2019-06-21 12:51:00,-0.4802802993007731
2019-06-21 12:54:00,-0.3843181415310255
2019-06-21 12:57:00,-0.48730869113893505
2019-06-21 13:00:00,-0.5556298371708976
2019-06-21 13:03:00,-0.5496761176943892
2019-06-21 13:06:00,-0.6017101839901215
2019-06-21 13:09:00,-0.47112402990097735
2019-06-21 13:12:00,-0.475595004903937
2019-06-21 13:15:00,-0.5842623858434308
2019-06-21 13:18:00,-0.4714063514673512
2019-06-21 13:21:00,-0.5409401591589926
2019-06-21 13:24:00,-0.5916227240085163
2019-06-21 13:27:00,-0.5888101745799759
2019-06-21 13:30:00,-0.43893605163441407
2019-06-21 13:33:00,-0.5923677041551514
2019-06-21 13:36:00,-0.5530245083293721
2019-06-21 13:39:00,-0.4777952797497278
2019-06-21 13:42:00,-0.49962741080230444
2019-06-21 13:45:00,-0.579064149960459
2019-06-21 13:48:00,-0.5768661902673102
2019-06-21 13:51:00,-0.5963322553228068
2019-06-21 13:54:00,-0.48477887863793967
2019-06-21 13:57:00,-0.5531796862638885
2019-06-21 14:00:00,-0.5139216086856209
2019-06-21 14:03:00,-0.6118347165100886
2019-06-21 14:06:00,-0.4750452407652688
2019-06-21 14:09:00,-0.5473420838265497
2019-06-21 14:12:00,-0.5587543516457458
2019-06-21 14:15:00,-0.5612942014205373
2019-06-21 14:18:00,-0.5136030293263047
2019-06-21 14:21:00,-0.5572182805686907
2019-06-21 14:24:00,-0.5530914267388312
2019-06-21 14:27:00,-0.5131590762175051
2019-06-21 14:30:00,-0.5460797269143427
2019-06-21 14:33:00,-0.5759054646371169
2019-06-21 14:36:00,-0.5955699298860395
2019-06-21 14:39:00,-0.5534576838443286
2019-06-21 14:42:00,-0.5145493523669984
2019-06-21 14:45:00,-0.6414387401835597
2019-06-21 14:48:00,-0.5120690428291255
2019-06-21 14:51:00,-0.5690387738636105
2019-06-21 14:54:00,-0.5965368896307837
2019-06-21 14:57:00,-0.6017004911037134
2019-06-21 15:00:00,-0.546150946404623
2019-06-21 15:03:00,-0.5549445494920633
2019-06-21 15:06:00,-0.46631080592760554
2019-06-21 15:09:00,-0.6921940536354896
2019-06-21 15:12:00,-0.6263884864851548
2019-06-21 15:15:00,-0.5948531098980538
2019-06-21 15:18:00,-0.4801354215758238
2019-06-21 15:21:00,-0.5232837838553337
2019-06-21 15:24:00,-0.389830773310166
2019-06-21 15:27:00,-0.5675761315960131
2019-06-21 15:30:00,-0.3854701955463611
2019-06-21 15:33:00,-0.4319647602192731
2019-06-21 15:36:00,-0.44316359976318154
2019-06-21 15:39:00,-0.40203756689965076
2019-06-21 15:42:00,-0.5848913712566173
2019-06-21 15:45:00,-0.5414849385286402
2019-06-21 15:48:00,-0.5252563287302223
2019-06-21 15:51:00,-0.4835124649553677
2019-06-21 15:54:00,-0.47880567221699266
2019-06-21 15:57:00,-0.5654217637011243
2019-06-21 16:00:00,-0.4652824891488194
2019-06-21 16:03:00,-0.4932841970719437
2019-06-21 16:06:00,-0.5392393216082496
2019-06-21 16:09:00,-0.5838220340241946
2019-06-21 16:12:00,-0.5751635210278891
2019-06-21 16:15:00,-0.45218281167711893
2019-06-21 16:18:00,-0.5101079515007427
2019-06-21 16:21:00,-0.4667534006746905
2019-06-21 16:24:00,-0.4796546703734066
2019-06-21 16:27:00,-0.593618253392151
2019-06-21 16:30:00,-0.5982885456225517
2019-06-21 16:33:00,-0.5391304748500261
2019-06-21 16:36:00,-0.4547561438103003
2019-06-21 16:39:00,-0.515808305563894
2019-06-21 16:42:00,-0.44266092499862
2019-06-21 16:45:00,-0.5133495568696276
2019-06-21 16:48:00,-0.46867100186824473
2019-06-21 16:51:00,-0.5568940564562581
2019-06-21 16:54:00,-0.43460502382180266
2019-06-21 16:57:00,-0.49287640214163275
2019-06-21 17:00:00,-0.4991475024531269
2019-06-21 17:03:00,-0.46211644511657823
2019-06-21 17:06:00,-0.5262761341680289
2019-06-21 17:09:00,-0.47757478312632884
2019-06-21 17:12:00,-0.43626846650312245
2019-06-21 17:15:00,-0.42867432392677074
2019-06-21 17:18:00,-0.34557881620844455
2019-06-21 17:21:00,-0.43611220118430083
2019-06-21 17:24:00,-0.41881558850207057
2019-06-21 17:27:00,-0.46183695182025986
2019-06-21 17:30:00,-0.429248702209577
2019-06-21 17:33:00,-0.4240997512609397
2019-06-21 17:36:00,-0.3859583929972814
2019-06-21 17:39:00,-0.4373055180025176
2019-06-21 17:42:00,-0.4490510466413298
2019-06-21 17:45:00,-0.4827486733904607
2019-06-21 17:48:00,-0.3469879541626142
2019-06-21 17:51:00,-0.44246414139286117
2019-06-21 17:54:00,-0.5030697344986379
2019-06-21 17:57:00,-0.4722822873788459
2019-06-21 18:00:00,-0.43923284503665627
2019-06-21 18:03:00,-0.4396471219993714
2019-06-21 18:06:00,-0.3968304206327389
2019-06-21 18:09:00,-0.4243754856769897
2019-06-21 18:12:00,-0.404744590548205
2019-06-21 18:15:00,-0.435001286901354
2019-06-21 18:18:00,-0.3227113980458398
2019-06-21 18:21:00,-0.3962053554092222
2019-06-21 18:24:00,-0.38188037286897725
2019-06-21 18:27:00,-0.3697930751470153
2019-06-21 18:30:00,-0.4018568329308323
2019-06-21 18:33:00,-0.3563014964742024
2019-06-21 18:36:00,-0.4064239049706089
2019-06-21 18:39:00,-0.3690277612188879
2019-06-21 18:42:00,-0.39218947119434233
2019-06-21 18:45:00,-0.32522692114923757
2019-06-21 18:48:00,-0.39993366317031587
2019-06-21 18:51:00,-0.4198759125677043
2019-06-21 18:54:00,
2019-06-21 18:57:00,
2019-06-21 19:00:00,
2019-06-21 19:03:00,-0.4385284610492022
2019-06-21 19:06:00,-0.3835929252033452
2019-06-21 19:09:00,-0.4731867292647962
2019-06-21 19:12:00,-0.37899507060245696
2019-06-21 19:15:00,-0.26942592338809845
2019-06-21 19:18:00,-0.4960614333580793
2019-06-21 19:21:00,-0.33497703176936966
2019-06-21 19:24:00,-0.36887853186829034
2019-06-21 19:27:00,-0.30461483604165096
2019-06-21 19:30:00,-0.3901360332724835
2019-06-21 19:33:00,-0.2941549489309523
2019-06-21 19:36:00,-0.26848076306691837
2019-06-21 19:39:00,-0.24502870760409223
2019-06-21 19:42:00,-0.3293107263759225
2019-06-21 19:45:00,-0.3575602852798738
2019-06-21 19:48:00,-0.36535073966820164
2019-06-21 19:51:00,-0.3106431482853509
2019-06-21 19:54:00,-0.31922267263098547
2019-06-21 19:57:00,-0.3077671960838302
2019-06-21 20:00:00,-0.3629314871476481
2019-06-21 20:03:00,-0.353401289312842
2019-06-21 20:06:00,-0.23842743262270005
2019-06-21 20:09:00,-0.33674956971304937
2019-06-21 20:12:00,-0.318809158963802
2019-06-21 20:15:00,-0.2914481811675387
2019-06-21 20:18:00,-0.24836443102105932
2019-06-21 20:21:00,-0.18909525295248386
2019-06-21 20:24:00,-0.24165634952271375
2019-06-21 20:27:00,-0.22805405666326806
2019-06-21 20:30:00,-0.309665316506198
2019-06-21 20:33:00,-0.24443902258371963
2019-06-21 20:36:00,-0.31521969274729145
2019-06-21 20:39:00,-0.1806270834173347
2019-06-21 20:42:00,-0.20463227997657896
2019-06-21 20:45:00,-0.2688565554832394
2019-06-21 20:48:00,-0.2592715094807545
2019-06-21 20:51:00,-0.18049460513572058
2019-06-21 20:54:00,-0.22375400361141828
2019-06-21 20:57:00,-0.11762952932923554
2019-06-21 21:00:00,-0.13019359021325272
2019-06-21 21:03:00,-0.16324160658268738
2019-06-21 21:06:00,-0.19827090239874678
2019-06-21 21:09:00,-0.2578743063099864
2019-06-21 21:12:00,-0.1173750610101365
2019-06-21 21:15:00,-0.12310929117006708
2019-06-21 21:18:00,-0.1664042945550932
2019-06-21 21:21:00,-0.19024683075173243
2019-06-21 21:24:00,-0.13726346296328984
2019-06-21 21:27:00,-0.11151309910843565
2019-06-21 21:30:00,-0.0843090568982916
2019-06-21 21:33:00,-0.1817607933099339
2019-06-21 21:36:00,-0.18723435622388251
2019-06-21 21:39:00,-0.24498306321657992
2019-06-21 21:42:00,-0.11287121059905303
2019-06-21 21:45:00,-0.17974330231874092
2019-06-21 21:48:00,-0.22574398623231673
2019-06-21 21:51:00,-0.15326497627938807
2019-06-21 21:54:00,-0.16246677564680567
2019-06-21 21:57:00,-0.20699527219505853
2019-06-21 22:00:00,-0.2205232941240638
2019-06-21 22:03:00,-0.14887607453732699
2019-06-21 22:06:00,-0.17378733739212748
2019-06-21 22:09:00,-0.17009257797280952
2019-06-21 22:12:00,-0.17200459204855179
2019-06-21 22:15:00,-0.2234345669393747
2019-06-21 22:18:00,-0.23814316469514551
2019-06-21 22:21:00,-0.335707129988009
2019-06-21 22:24:00,-0.22278443637850387
2019-06-21 22:27:00,-0.21552636173919382
2019-06-21 22:30:00,-0.20821959095133025
2019-06-21 22:33:00,-0.1940289834284954
2019-06-21 22:36:00,-0.1947397893538323
2019-06-21 22:39:00,-0.1568094098253141
2019-06-21 22:42:00,-0.14394304754682707
2019-06-21 22:45:00,-0.18123707499921693
2019-06-21 22:48:00,-0.14533085618785435
2019-06-21 22:51:00,-0.14172358159964915
2019-06-21 22:54:00,-0.15804735989269147
2019-06-21 22:57:00,-0.2479034914076692
2019-06-21 23:00:00,-0.09707576505076077
2019-06-21 23:03:00,-0.10643625301423754
2019-06-21 23:06:00,-0.08355421648479933
2019-06-21 23:09:00,-0.0002132797273475262
2019-06-21 23:12:00,-0.06322374152796328
2019-06-21 23:15:00,-0.2191765130842782
2019-06-21 23:18:00,-0.17333785051971518
2019-06-21 23:21:00,-0.16823180699697105
2019-06-21 23:24:00,-0.11345576652712452
2019-06-21 23:27:00,-0.20013342699706982
2019-06-21 23:30:00,-0.08739182450756289
2019-06-21 23:33:00,-0.25798837550973985
2019-06-21 23:36:00,-0.2502065216975211
2019-06-21 23:39:00,-0.17472087498680366
2019-06-21 23:42:00,-0.2794964141338028
2019-06-21 23:45:00,-0.2255036413236553
2019-06-21 23:48:00,-0.25764067033600213
2019-06-21 23:51:00,-0.07489738445406147
2019-06-21 23:54:00,-0.0246261550738609
2019-06-21 23:57:00,-0.17535460037265693
2019-06-22 00:00:00,-0.04861486827934414
2019-06-22 00:03:00,0.015139762091621378
2019-06-22 00:06:00,-0.096418188928169
2019-06-22 00:09:00,-0.04734813454626874
2019-06-22 00:12:00,-0.12565203580800244
2019-06-22 00:15:00,-0.10941122617919063
2019-06-22 00:18:00,-0.03954042126429158
2019-06-22 00:21:00,-0.0625319794198731
2019-06-22 00:24:00,-0.0787730229438921
2019-06-22 00:27:00,-0.12582306286037692
2019-06-22 00:30:00,-0.12383127930399951
2019-06-22 00:33:00,-0.15905737267263476
2019-06-22 00:36:00,-0.10282478460607081
2019-06-22 00:39:00,-0.0699727604944087
2019-06-22 00:42:00,-0.011770057961825842
2019-06-22 00:45:00,-0.02457207669777972
2019-06-22 00:48:00,-0.043596421416339126
2019-06-22 00:51:00,-0.08326820820144576
2019-06-22 00:54:00,-0.10492084087451303
2019-06-22 00:57:00,-0.03995661875347878
2019-06-22 01:00:00,-0.14755266624041496
2019-06-22 01:03:00,-0.1407364205842896
2019-06-22 01:06:00,-0.05473626390909203
2019-06-22 01:09:00,-0.10702629413566456
2019-06-22 01:12:00,-0.0940446400548467
2019-06-22 01:15:00,-0.14074969100016688
2019-06-22 01:18:00,-0.047555731192176154
2019-06-22 01:21:00,-0.12526672959478447
2019-06-22 01:24:00,-0.14204400548447893
2019-06-22 01:27:00,-0.10592478157025198
2019-06-22 01:30:00,-0.14007336159875194
2019-06-22 01:33:00,-0.0887259192121519
2019-06-22 01:36:00,-0.1612281709377612
2019-06-22 01:39:00,-0.1293969798164767
2019-06-22 01:42:00,-0.12406433356187563
2019-06-22 01:45:00,-0.05459314214988353
2019-06-22 01:48:00,-0.14431709868784992
2019-06-22 01:51:00,-0.01543125614108476
2019-06-22 01:54:00,-0.007915352966165301
2019-06-22 01:57:00,-0.09974391036905672
2019-06-22 02:00:00,-0.05025490049160908
2019-06-22 02:03:00,-0.07316435817551792
2019-06-22 02:06:00,-0.07830687338258713
2019-06-22 02:09:00,-0.04294451748114625
2019-06-22 02:12:00,0.04188234361453169
2019-06-22 02:15:00,-0.0012734278117818576
2019-06-22 02:18:00,0.012480875637322697
2019-06-22 02:21:00,0.0030172905137533235
2019-06-22 02:24:00,0.011323347766733605
2019-06-22 02:27:00,0.027849407302426243
2019-06-22 02:30:00,0.05958171973389881
2019-06-22 02:33:00,0.07563215480485042
2019-06-22 02:36:00,0.07282325249678934
2019-06-22 02:39:00,0.046374629999490935
2019-06-22 02:42:00,0.06385881011732408
2019-06-22 02:45:00,0.042745510935333186
2019-06-22 02:48:00,0.10302797691178966
2019-06-22 02:51:00,0.09298186794967478
2019-06-22 02:54:00,0.09494574181371718
2019-06-22 02:57:00,-0.0767472257261943
2019-06-22 03:00:00,0.0662711411553687
2019-06-22 03:03:00,-0.033743900862305054
2019-06-22 03:06:00,0.060357917619398904
2019-06-22 03:09:00,0.111218494177308
2019-06-22 03:12:00,0.0368052756471684
2019-06-22 03:15:00,0.0683619278102583
2019-06-22 03:18:00,0.0023384691343721897
2019-06-22 03:21:00,0.06743217895621001
2019-06-22 03:24:00,0.033474227025237724
2019-06-22 03:27:00,0.07869816022400755
2019-06-22 03:30:00,0.09041807968998228
2019-06-22 03:33:00,0.06970320379173245
2019-06-22 03:36:00,0.01041466972822036
2019-06-22 03:39:00,0.058949469425044754
2019-06-22 03:42:00,0.05688762213588916
2019-06-22 03:45:00,0.04004030237763345
2019-06-22 03:48:00,0.04740362446295876
2019-06-22 03:51:00,-0.017388597734509403
2019-06-22 03:54:00,-0.0016603372449139897
2019-06-22 03:57:00,0.10709801203847746
2019-06-22 04:00:00,0.05196895163788895
2019-06-22 04:03:00,0.12558606617403711
2019-06-22 04:06:00,0.07002080474791228
2019-06-22 04:09:00,-0.027383237206379363
2019-06-22 04:12:00,-0.013545618447608376
2019-06-22 04:15:00,0.061465562691921605
2019-06-22 04:18:00,0.11730193156910218
2019-06-22 04:21:00,0.137003040797822
2019-06-22 04:24:00,0.08640051898242973
2019-06-22 04:27:00,0.11949744286505393
2019-06-22 04:30:00,0.18307445913370657
2019-06-22 04:33:00,0.10548775486034856
2019-06-22 04:36:00,0.1193415683198964
2019-06-22 04:39:00,0.11628006543980973
2019-06-22 04:42:00,0.14441325217620715
2019-06-22 04:45:00,0.11485520515412873
2019-06-22 04:48:00,0.14844129362347758
2019-06-22 04:51:00,0.16913932826838618
2019-06-22 04:54:00,0.10929661586237671
2019-06-22 04:57:00,0.05854503876355466
2019-06-22 05:00:00,0.05155743309131822
2019-06-22 05:03:00,0.0651409194487087
2019-06-22 05:06:00,0.07747744466018958
2019-06-22 05:09:00,0.1054578795717589
2019-06-22 05:12:00,0.03354973816584561
2019-06-22 05:15:00,0.10845450074822338
2019-06-22 05:18:00,0.1128280020250827
2019-06-22 05:21:00,0.12300396457209217
2019-06-22 05:24:00,0.07906215019607998
2019-06-22 05:27:00,0.09544403507356947
2019-06-22 05:30:00,0.23147278115339986
2019-06-22 05:33:00,0.06891282784931718
2019-06-22 05:36:00,0.051826784935599335
2019-06-22 05:39:00,0.1513751674161199
2019-06-22 05:42:00,0.07976592246507153
2019-06-22 05:45:00,0.19693813716787645
2019-06-22 05:48:00,0.1949686055404527
2019-06-22 05:51:00,0.14279170005067954
2019-06-22 05:54:00,0.14270053550484363
2019-06-22 05:57:00,0.11266642174490471
2019-06-22 06:00:00,0.1456060669760859
2019-06-22 06:03:00,0.08318919476135989
2019-06-22 06:06:00,0.1716633361625668
2019-06-22 06:09:00,0.2547350030667417
2019-06-22 06:12:00,0.10284383137269515
2019-06-22 06:15:00,0.16872593281851778
2019-06-22 06:18:00,0.1941408782157623
2019-06-22 06:21:00,0.13831014160223276
2019-06-22 06:24:00,0.13772835039208076
2019-06-22 06:27:00,0.26797728342597793
2019-06-22 06:30:00,0.07670211156431606
2019-06-22 06:33:00,0.16294962014302428
2019-06-22 06:36:00,0.17515473435577178
2019-06-22 06:39:00,0.16486555483851362
2019-06-22 06:42:00,0.13464152394504936
2019-06-22 06:45:00,0.18224651109659362
2019-06-22 06:48:00,0.11012863293109376
2019-06-22 06:51:00,0.1494440984531593
2019-06-22 06:54:00,0.1785794757572603
2019-06-22 06:57:00,0.20131879510211093
2019-06-22 07:00:00,0.2001534690373319
2019-06-22 07:03:00,0.21577747725592644
2019-06-22 07:06:00,-0.004296001304055608
2019-06-22 07:09:00,0.08533347004993175
2019-06-22 07:12:00,0.21996676070290277
2019-06-22 07:15:00,0.16965649137046057
2019-06-22 07:18:00,0.08741987613223046
2019-06-22 07:21:00,0.14673627760390673
2019-06-22 07:24:00,0.01840708786369305
2019-06-22 07:27:00,0.0662675646414641
2019-06-22 07:30:00,-0.026179333315383246
2019-06-22 07:33:00,0.006938180584540987
2019-06-22 07:36:00,-0.01493941728710979
2019-06-22 07:39:00,-0.044282336839046366
2019-06-22 07:42:00,0.052747471609393415
2019-06-22 07:45:00,0.07808077966944893
2019-06-22 07:48:00,0.0721531029753919
2019-06-22 07:51:00,-0.04902608876972181
2019-06-22 07:54:00,-0.05086581618007813
2019-06-22 07:57:00,-0.051773679662858285
2019-06-22 08:00:00,-0.12959339499104772
2019-06-22 08:03:00,-0.04195209821983781
2019-06-22 08:06:00,0.02411607291674045
2019-06-22 08:09:00,-0.14162169933445057
2019-06-22 08:12:00,0.049153110724262206
2019-06-22 08:15:00,-0.01573595324833832
2019-06-22 08:18:00,-0.060118872555165126
2019-06-22 08:21:00,-0.10502235489866507
2019-06-22 08:24:00,-0.12668494468204017
2019-06-22 08:27:00,-0.068079675034312
2019-06-22 08:30:00,-0.011871125270374705
2019-06-22 08:33:00,-0.16364322392320219
2019-06-22 08:36:00,-0.16981762907948905
2019-06-22 08:39:00,-0.21919485928242466
2019-06-22 08:42:00,-0.25109530745390884
2019-06-22 08:45:00,-0.33368289552089436
2019-06-22 08:48:00,-0.2843102416558736
2019-06-22 08:51:00,-0.3264780830186851
2019-06-22 08:54:00,-0.13239348557800668
2019-06-22 08:57:00,-0.20516254381914223
2019-06-22 09:00:00,-0.2672253952148367
2019-06-22 09:03:00,-0.2529970724492614
2019-06-22 09:06:00,-0.2437229726449459
2019-06-22 09:09:00,-0.2333037537576388
2019-06-22 09:12:00,-0.2793742274906208
2019-06-22 09:15:00,-0.1952350566181167
2019-06-22 09:18:00,-0.2556650573284287
2019-06-22 09:21:00,-0.19313593245249194
2019-06-22 09:24:00,-0.26936160487662164
2019-06-22 09:27:00,-0.2555123236199961
2019-06-22 09:30:00,-0.18018939905351772
2019-06-22 09:33:00,-0.3311130261818107
2019-06-22 09:36:00,-0.17691460916927326
2019-06-22 09:39:00,-0.11808849009742062
2019-06-22 09:42:00,-0.24561715280754015
2019-06-22 09:45:00,-0.21751489374355515
2019-06-22 09:48:00,-0.21754805208428252
2019-06-22 09:51:00,-0.20231287151233346
2019-06-22 09:54:00,-0.3194309125036625
2019-06-22 09:57:00,-0.33200132789386316
2019-06-22 10:00:00,-0.27420550664515986
2019-06-22 10:03:00,-0.3563121829867555
2019-06-22 10:06:00,-0.3761674956085699
2019-06-22 10:09:00,-0.30665214203179403
2019-06-22 10:12:00,-0.4965856807891669
2019-06-22 10:15:00,-0.30075291272260074
2019-06-22 10:18:00,-0.42497184298724733
2019-06-22 10:21:00,-0.41076739170341625
2019-06-22 10:24:00,-0.438615529875392
2019-06-22 10:27:00,-0.3992118955342221
2019-06-22 10:30:00,-0.44684464941781243
2019-06-22 10:33:00,-0.35798209074727083
2019-06-22 10:36:00,-0.44611911014521866
2019-06-22 10:39:00,-0.4805772878241896
2019-06-22 10:42:00,-0.5344785027438661
2019-06-22 10:45:00,-0.2928115151785846
2019-06-22 10:48:00,-0.4439183526158672
2019-06-22 10:51:00,-0.4921331094395214
2019-06-22 10:54:00,-0.3893495829915423
2019-06-22 10:57:00,-0.44569956925664656
2019-06-22 11:00:00,-0.6047053276164434
2019-06-22 11:03:00,-0.4554991285438632
2019-06-22 11:06:00,-0.4399851230620584
2019-06-22 11:09:00,-0.5150920465615059
2019-06-22 11:12:00,-0.48986690664133903
2019-06-22 11:15:00,-0.4904893523942633
2019-06-22 11:18:00,-0.543136073970004
2019-06-22 11:21:00,-0.43265520328003504
2019-06-22 11:24:00,-0.6007257333748726
2019-06-22 11:27:00,-0.46659593159665746
2019-06-22 11:30:00,-0.41263205777289613
2019-06-22 11:33:00,-0.5057630724228375
2019-06-22 11:36:00,-0.47212913972339265
2019-06-22 11:39:00,-0.397474292485299
2019-06-22 11:42:00,-0.3384966665013849
2019-06-22 11:45:00,-0.3743578188123706
2019-06-22 11:48:00,-0.4189606911023134
2019-06-22 11:51:00,-0.19722199148515074
2019-06-22 11:54:00,-0.28354851360933253
2019-06-22 11:57:00,-0.3713579713502213
2019-06-22 12:00:00,-0.38733375212081
2019-06-22 12:03:00,-0.5316927457067209
2019-06-22 12:06:00,-0.3264792698287238
2019-06-22 12:09:00,-0.41919033651828386
2019-06-22 12:12:00,-0.2198029282859011
2019-06-22 12:15:00,-0.5825461625580601
2019-06-22 12:18:00,-0.42650659877205044
2019-06-22 12:21:00,-0.43009027088760377
2019-06-22 12:24:00,-0.21663226406099056
2019-06-22 12:27:00,-0.2597809336382966
2019-06-22 12:30:00,-0.4322927520756821
2019-06-22 12:33:00,-0.41619920915690045
2019-06-22 12:36:00,-0.32587476436475526
2019-06-22 12:39:00,-0.3844405200662777
2019-06-22 12:42:00,-0.44216327932139166
2019-06-22 12:45:00,-0.5768776294345344
2019-06-22 12:48:00,-0.47785790204602563
2019-06-22 12:51:00,-0.543740285253989
2019-06-22 12:54:00,-0.5336072773818614
2019-06-22 12:57:00,-0.44615119862157826
2019-06-22 13:00:00,-0.4546928214115269
2019-06-22 13:03:00,-0.41800099491428
2019-06-22 13:06:00,-0.5002122288528312
2019-06-22 13:09:00,-0.3939314878968503
2019-06-22 13:12:00,-0.5285252432802281
2019-06-22 13:15:00,-0.560804305054603
2019-06-22 13:18:00,-0.5837035238757267
2019-06-22 13:21:00,-0.44875988208701756
2019-06-22 13:24:00,-0.43459400953628347
2019-06-22 13:27:00,-0.4810518409628912
2019-06-22 13:30:00,-0.40547280614214287
2019-06-22 13:33:00,-0.4774145374929617
2019-06-22 13:36:00,-0.512467756313356
2019-06-22 13:39:00,-0.4353766476513101
2019-06-22 13:42:00,-0.4984935333434919
2019-06-22 13:45:00,-0.4252282644486627
2019-06-22 13:48:00,-0.565178093476959
2019-06-22 13:51:00,-0.5214312699528136
2019-06-22 13:54:00,-0.5265825786826781
2019-06-22 13:57:00,-0.3934043436667025
2019-06-22 14:00:00,-0.4148311863177696
2019-06-22 14:03:00,-0.45470615190163244
2019-06-22 14:06:00,-0.5221200780678714
2019-06-22 14:09:00,-0.4779516953761913
2019-06-22 14:12:00,-0.397938801584246
2019-06-22 14:15:00,-0.5039281695507043
2019-06-22 14:18:00,-0.35997621982193095
2019-06-22 14:21:00,-0.5218445901615496
2019-06-22 14:24:00,-0.5586941892802315
2019-06-22 14:27:00,-0.45592397469033585
2019-06-22 14:30:00,-0.5766607822134802
2019-06-22 14:33:00,-0.4813717797663344
2019-06-22 14:36:00,-0.5320869490267341
2019-06-22 14:39:00,-0.5048229743167099
2019-06-22 14:42:00,-0.5937507226847174
2019-06-22 14:45:00,-0.4744709109201608
2019-06-22 14:48:00,-0.581141786979515
2019-06-22 14:51:00,-0.5758682443807288
2019-06-22 14:54:00,-0.6227863083420857
2019-06-22 14:57:00,-0.4127749442763502
2019-06-22 15:00:00,-0.5050277158227914
2019-06-22 15:03:00,-0.6165009401271959
2019-06-22 15:06:00,-0.45268093911391816
2019-06-22 15:09:00,-0.4485121075833831
2019-06-22 15:12:00,-0.50293539665455
2019-06-22 15:15:00,-0.4163558404750347
2019-06-22 15:18:00,-0.3773627404077047
2019-06-22 15:21:00,-0.5313919927201596
2019-06-22 15:24:00,-0.5535063304333221
2019-06-22 15:27:00,-0.3716130211034283
2019-06-22 15:30:00,-0.5524892878335095
2019-06-22 15:33:00,-0.359591425829592
2019-06-22 15:36:00,-0.4309932181294016
2019-06-22 15:39:00,-0.4241239817814062
2019-06-22 15:42:00,-0.49224477044020887
2019-06-22 15:45:00,-0.5327785421260387
2019-06-22 15:48:00,-0.4153365430319127
2019-06-22 15:51:00,-0.5441449833334104
2019-06-22 15:54:00,-0.42321551519296463
2019-06-22 15:57:00,-0.5116259522108066
2019-06-22 16:00:00,-0.419911586709361
2019-06-22 16:03:00,-0.4526734588495742
2019-06-22 16:06:00,-0.5657117613787364
2019-06-22 16:09:00,-0.45730807734634027
2019-06-22 16:12:00,-0.5517633038489862
2019-06-22 16:15:00,-0.5386252277892254
2019-06-22 16:18:00,-0.5143017065875028
2019-06-22 16:21:00,-0.48592402424549164
2019-06-22 16:24:00,-0.5062257541566737
2019-06-22 16:27:00,-0.5465626310675589
2019-06-22 16:30:00,-0.5016268774460286
2019-06-22 16:33:00,-0.5346598992235272
2019-06-22 16:36:00,-0.5685896971203306
2019-06-22 16:39:00,-0.43595044367407354
2019-06-22 16:42:00,-0.5403704420215831
2019-06-22 16:45:00,-0.42442237593769505
2019-06-22 16:48:00,-0.45243273649839466
2019-06-22 16:51:00,-0.5155081349771535
2019-06-22 16:54:00,-0.43468455213934476
2019-06-22 16:57:00,-0.46044929286131264
2019-06-22 17:00:00,-0.5512685917616977
2019-06-22 17:03:00,-0.47514614619075246
2019-06-22 17:06:00,-0.4875794230854922
2019-06-22 17:09:00,-0.5017552854893665
2019-06-22 17:12:00,-0.4397012170228436
2019-06-22 17:15:00,-0.5002363825685734
2019-06-22 17:18:00,-0.4872476589073358
2019-06-22 17:21:00,-0.4079231484553816
2019-06-22 17:24:00,-0.5694131797475848
2019-06-22 17:27:00,-0.44107960607209407
2019-06-22 17:30:00,-0.3081075771228825
2019-06-22 17:33:00,-0.5438307761604051
2019-06-22 17:36:00,-0.4698512101493293
2019-06-22 17:39:00,-0.5192303353007333
2019-06-22 17:42:00,-0.35401838774140515
2019-06-22 17:45:00,-0.5473212998618919
2019-06-22 17:48:00,-0.49209900485561775
2019-06-22 17:51:00,-0.4537769964724703
2019-06-22 17:54:00,-0.36757153059375014
2019-06-22 17:57:00,-0.4326023678868296
2019-06-22 18:00:00,-0.4781289592321514
2019-06-22 18:03:00,-0.4934163765006474
2019-06-22 18:06:00,-0.3589985381113934
2019-06-22 18:09:00,-0.40204886461725664
2019-06-22 18:12:00,-0.4364147926479518
2019-06-22 18:15:00,-0.5328096981136241
2019-06-22 18:18:00,-0.39435586202597506
2019-06-22 18:21:00,-0.33276248296664335
2019-06-22 18:24:00,-0.39876724417916876
2019-06-22 18:27:00,-0.44919898740903363
2019-06-22 18:30:00,-0.4440039975170862
2019-06-22 18:33:00,-0.3433973499933245
2019-06-22 18:36:00,-0.5015202915199097
2019-06-22 18:39:00,-0.39386099376724815
2019-06-22 18:42:00,-0.48318369444626796
2019-06-22 18:45:00,-0.4112261933103696
2019-06-22 18:48:00,-0.46448562964366147
2019-06-22 18:51:00,-0.3679453137266364
2019-06-22 18:54:00,
2019-06-22 18:57:00,
2019-06-22 19:00:00,
2019-06-22 19:03:00,-0.3012575651061411
2019-06-22 19:06:00,-0.20092886905445084
2019-06-22 19:09:00,-0.3839763352674481
2019-06-22 19:12:00,-0.3804890985083489
2019-06-22 19:15:00,-0.23650555751504498
2019-06-22 19:18:00,-0.29904969085612265
2019-06-22 19:21:00,-0.440296369243697
2019-06-22 19:24:00,-0.3494907360151842
2019-06-22 19:27:00,-0.3612982050582332
2019-06-22 19:30:00,-0.2921584595675881
2019-06-22 19:33:00,-0.28233366059544096
2019-06-22 19:36:00,-0.2467793486954406
2019-06-22 19:39:00,-0.266923821677608
2019-06-22 19:42:00,-0.26467694525859997
2019-06-22 19:45:00,-0.3530135623324213
2019-06-22 19:48:00,-0.3202749897997137
2019-06-22 19:51:00,-0.24927214535239273
2019-06-22 19:54:00,-0.33880108060071734
2019-06-22 19:57:00,-0.16956323998783773
2019-06-22 20:00:00,-0.14646219260919224
2019-06-22 20:03:00,-0.17690177040134358
2019-06-22 20:06:00,-0.2616759741898136
2019-06-22 20:09:00,-0.1932097692657635
2019-06-22 20:12:00,-0.17857893148800486
2019-06-22 20:15:00,-0.17490230609894297
2019-06-22 20:18:00,-0.20629230442449398
2019-06-22 20:21:00,-0.19847538823734112
2019-06-22 20:24:00,-0.07938938169621679
2019-06-22 20:27:00,-0.1721440569558581
2019-06-22 20:30:00,-0.21911482727892917
2019-06-22 20:33:00,-0.05072469537753932
2019-06-22 20:36:00,-0.17114921286281515
2019-06-22 20:39:00,-0.08958851646627863
2019-06-22 20:42:00,-0.1858018006621478
2019-06-22 20:45:00,-0.23745391671980087
2019-06-22 20:48:00,-0.14448828974781236
2019-06-22 20:51:00,-0.2529469606055841
2019-06-22 20:54:00,-0.05324930988729193
2019-06-22 20:57:00,-0.10914353167419222
2019-06-22 21:00:00,-0.22565976041994418
2019-06-22 21:03:00,-0.16999641182002279
2019-06-22 21:06:00,-0.2106794608578184
2019-06-22 21:09:00,-0.14324648062864753
2019-06-22 21:12:00,-0.19272995514990043
2019-06-22 21:15:00,-0.08843575626229949
2019-06-22 21:18:00,-0.19166987288019754
2019-06-22 21:21:00,-0.2029499227688234
2019-06-22 21:24:00,-0.3527894354811565
2019-06-22 21:27:00,-0.17159268973102826
2019-06-22 21:30:00,-0.22403794465827787
2019-06-22 21:33:00,-0.23238118673242525
2019-06-22 21:36:00,-0.07088500387868635
2019-06-22 21:39:00,-0.044944134594743446
2019-06-22 21:42:00,-0.1185027821606468
2019-06-22 21:45:00,-0.06703561737981545
2019-06-22 21:48:00,-0.10793630814828248
2019-06-22 21:51:00,-0.1633391700668767
2019-06-22 21:54:00,-0.24642431377435514
2019-06-22 21:57:00,-0.13377360333487331
2019-06-22 22:00:00,-0.08627871756789318
2019-06-22 22:03:00,-0.12801735928275093
2019-06-22 22:06:00,-0.15798181710039216
2019-06-22 22:09:00,-0.04587234572761645
2019-06-22 22:12:00,-0.02342062032329295
2019-06-22 22:15:00,-0.06452436756546831
2019-06-22 22:18:00,0.028855068943698825
2019-06-22 22:21:00,-0.03129542592961343
2019-06-22 22:24:00,0.027178549518509953
2019-06-22 22:27:00,-0.024219137259024137
2019-06-22 22:30:00,0.020562787772632873
2019-06-22 22:33:00,-0.046954174640063684
2019-06-22 22:36:00,-0.10975091369527945
2019-06-22 22:39:00,0.016921421473341525
2019-06-22 22:42:00,0.08232589291100112
2019-06-22 22:45:00,0.042576083695166744
2019-06-22 22:48:00,0.03908970276239643
2019-06-22 22:51:00,-0.002135139852782686
2019-06-22 22:54:00,0.0648788027494902
2019-06-22 22:57:00,-0.018208211835542443
2019-06-22 23:00:00,-0.01488333296839528
2019-06-22 23:03:00,-0.05859288147098596
2019-06-22 23:06:00,-0.05917354967397159
2019-06-22 23:09:00,-0.09253434757130208
2019-06-22 23:12:00,-0.1379475840763007
2019-06-22 23:15:00,-0.022028864863955278
2019-06-22 23:18:00,-0.1999882462382061
2019-06-22 23:21:00,-0.09739168667391596
2019-06-22 23:24:00,-0.07760661963504845
2019-06-22 23:27:00,-0.018512312002997078
2019-06-22 23:30:00,-0.03265666613560825
2019-06-22 23:33:00,0.0021519675009926686
2019-06-22 23:36:00,-0.1336372462992017
2019-06-22 23:39:00,-0.14645761388851497
2019-06-22 23:42:00,-0.07898846361388223
2019-06-22 23:45:00,-0.0985703812165184
2019-06-22 23:48:00,-0.033004513276807756
2019-06-22 23:51:00,-0.12752157311791734
2019-06-22 23:54:00,-0.034996806100537015
2019-06-22 23:57:00,-0.07976947740803553
2019-06-23 00:00:00,-0.014840317556149785
2019-06-23 00:03:00,-0.054894670207147556
2019-06-23 00:06:00,-0.10196149038347357
2019-06-23 00:09:00,0.0013119647362032083
2019-06-23 00:12:00,-0.043454364173499016
2019-06-23 00:15:00,-0.05303582996327805
2019-06-23 00:18:00,-0.06181500527736716
2019-06-23 00:21:00,-0.06906947458617196
2019-06-23 00:24:00,-0.06473892082857446
2019-06-23 00:27:00,-0.024296695190400897
2019-06-23 00:30:00,-0.11252760141763929
2019-06-23 00:33:00,-0.046991699888167204
2019-06-23 00:36:00,-0.019570387893452335
2019-06-23 00:39:00,0.05035926385920675
2019-06-23 00:42:00,0.13721785411053133
2019-06-23 00:45:00,-0.014502964284247355
2019-06-23 00:48:00,-0.06063199122138485
2019-06-23 00:51:00,-0.013485366122267806
2019-06-23 00:54:00,-0.08487692978377481
2019-06-23 00:57:00,-0.03662129690741267
2019-06-23 01:00:00,0.030522224009189358
2019-06-23 01:03:00,0.005798866594318497
2019-06-23 01:06:00,-0.026217859334167315
2019-06-23 01:09:00,0.06652071493806488
2019-06-23 01:12:00,0.04740887900953794
2019-06-23 01:15:00,0.02574559149735478
2019-06-23 01:18:00,0.09852527308368053
2019-06-23 01:21:00,0.01898322576761302
2019-06-23 01:24:00,0.12277014700407562
2019-06-23 01:27:00,0.1074397018255695
2019-06-23 01:30:00,0.0346219954315643
2019-06-23 01:33:00,0.03949957950879934
2019-06-23 01:36:00,0.02273059371754016
2019-06-23 01:39:00,-0.010436646335278965
2019-06-23 01:42:00,0.09542259137981546
2019-06-23 01:45:00,0.10464330514622588
2019-06-23 01:48:00,0.14401485158356309
2019-06-23 01:51:00,0.13462499243087223
2019-06-23 01:54:00,0.025670197054637356
2019-06-23 01:57:00,-0.04232285518452272
2019-06-23 02:00:00,-0.004138059104036529
2019-06-23 02:03:00,0.05296270363379563
2019-06-23 02:06:00,-0.0028298943954609967
2019-06-23 02:09:00,0.1016821108553927
2019-06-23 02:12:00,0.10403311062867715
2019-06-23 02:15:00,0.0983291978123475
2019-06-23 02:18:00,0.08581233142200517
2019-06-23 02:21:00,-0.048177015392752764
2019-06-23 02:24:00,0.02069662901033098
2019-06-23 02:27:00,0.0026532782458730253
2019-06-23 02:30:00,0.0325256050881535
2019-06-23 02:33:00,0.019492784590738665
2019-06-23 02:36:00,-0.05051045711473989
2019-06-23 02:39:00,-0.05253710576846515
2019-06-23 02:42:00,0.07404694577860482
2019-06-23 02:45:00,-0.01150109470370353
2019-06-23 02:48:00,0.0031777601277553913
2019-06-23 02:51:00,-0.02435435370267669
2019-06-23 02:54:00,-0.005166992808938176
2019-06-23 02:57:00,-0.009559705172193844
2019-06-23 03:00:00,0.04701695535078443
2019-06-23 03:03:00,0.11071011208190384
2019-06-23 03:06:00,0.1445321314586181
2019-06-23 03:09:00,0.07242105443305036
2019-06-23 03:12:00,0.1559145705863898
2019-06-23 03:15:00,0.004982652286344091
2019-06-23 03:18:00,-0.010476765259795684
2019-06-23 03:21:00,0.05070387936905263
2019-06-23 03:24:00,0.07162525636522332
2019-06-23 03:27:00,0.03867116167879203
2019-06-23 03:30:00,0.15633671866197574
2019-06-23 03:33:00,0.060109131677961614
2019-06-23 03:36:00,0.10240181614551602
2019-06-23 03:39:00,0.09566262498958622
2019-06-23 03:42:00,-0.09260928419456604
2019-06-23 03:45:00,0.08801233838562439
2019-06-23 03:48:00,0.011410655913721257
2019-06-23 03:51:00,0.035691130366217294
2019-06-23 03:54:00,0.05986470355384199
2019-06-23 03:57:00,0.04768252607749446
2019-06-23 04:00:00,0.035665374055213306
2019-06-23 04:03:00,0.11854541069436664
2019-06-23 04:06:00,0.10806413822490413
2019-06-23 04:09:00,0.10135012520078135
2019-06-23 04:12:00,0.081725910974626
2019-06-23 04:15:00,0.06623945071424941
2019-06-23 04:18:00,0.1171688536289821
2019-06-23 04:21:00,0.09203610959423258
2019-06-23 04:24:00,-0.0025839285359552377
2019-06-23 04:27:00,0.07934289573108799
2019-06-23 04:30:00,0.12189209185612526
2019-06-23 04:33:00,0.11667630203328372
2019-06-23 04:36:00,0.13370525225406027
2019-06-23 04:39:00,0.16192050688800919
2019-06-23 04:42:00,0.13099182711192725
2019-06-23 04:45:00,0.14255411276275254
2019-06-23 04:48:00,0.07580280553889907
2019-06-23 04:51:00,0.10868474907107384
2019-06-23 04:54:00,0.13251734933862735
2019-06-23 04:57:00,0.07438831592696715
2019-06-23 05:00:00,0.15406000017759425
2019-06-23 05:03:00,0.09423057147421332
2019-06-23 05:06:00,0.14267080846116187
2019-06-23 05:09:00,0.11877801959934686
2019-06-23 05:12:00,0.17523919642536612
2019-06-23 05:15:00,0.1961648578287054
2019-06-23 05:18:00,0.11952956867770581
2019-06-23 05:21:00,0.1308003390835779
2019-06-23 05:24:00,0.2394304955781763
2019-06-23 05:27:00,0.22431874352662362
2019-06-23 05:30:00,0.12501253523856803
2019-06-23 05:33:00,0.216570876621347
2019-06-23 05:36:00,0.08732809194566471
2019-06-23 05:39:00,0.14531008237514698
2019-06-23 05:42:00,0.1437139224280486
2019-06-23 05:45:00,0.2248560286146244
2019-06-23 05:48:00,0.18249811047365938
2019-06-23 05:51:00,0.2809991904361482
2019-06-23 05:54:00,0.19294482949430858
2019-06-23 05:57:00,0.15954642266615338
2019-06-23 06:00:00,0.16511453324818604
2019-06-23 06:03:00,0.23215314178935387
2019-06-23 06:06:00,0.1850703307159165
2019-06-23 06:09:00,0.16335051629295094
2019-06-23 06:12:00,0.1440031418700869
2019-06-23 06:15:00,0.18202854294838744
2019-06-23 06:18:00,0.10773704921308536
2019-06-23 06:21:00,0.08314868350038296
2019-06-23 06:24:00,0.2246144662383358
2019-06-23 06:27:00,0.18727924032094734
2019-06-23 06:30:00,0.2048239494577615
2019-06-23 06:33:00,0.3286640922963784
2019-06-23 06:36:00,0.21778211555835014
2019-06-23 06:39:00,0.2948369395698478
2019-06-23 06:42:00,0.23940980224017494
2019-06-23 06:45:00,0.24948609076102457
2019-06-23 06:48:00,0.2965645408542059
2019-06-23 06:51:00,0.2508521893118427
2019-06-23 06:54:00,0.26616736558179355
2019-06-23 06:57:00,0.26074139801460205
2019-06-23 07:00:00,0.197511553960112
2019-06-23 07:03:00,0.26654615120401104
2019-06-23 07:06:00,0.2224292404914081
2019-06-23 07:09:00,0.16526867573742265
2019-06-23 07:12:00,0.1906067365782178
2019-06-23 07:15:00,0.14966297043133636
2019-06-23 07:18:00,0.19466473188845157
2019-06-23 07:21:00,0.21314661756343867
2019-06-23 07:24:00,0.22482285412291958
2019-06-23 07:27:00,0.27018526688863176
2019-06-23 07:30:00,0.2999782435402949
2019-06-23 07:33:00,0.15937166789825596
2019-06-23 07:36:00,0.14217640241764684
2019-06-23 07:39:00,0.19042045344065173
2019-06-23 07:42:00,0.2327528886452228
2019-06-23 07:45:00,0.22252890983816087
2019-06-23 07:48:00,0.17707123332411356
2019-06-23 07:51:00,0.2625259578451278
2019-06-23 07:54:00,0.20748216390370544
2019-06-23 07:57:00,0.1735135155248031
2019-06-23 08:00:00,0.16211024513933125
2019-06-23 08:03:00,0.20049184200001946
2019-06-23 08:06:00,0.14215625386282227
2019-06-23 08:09:00,0.18107384228409273
2019-06-23 08:12:00,0.20653411222764362
2019-06-23 08:15:00,0.15886978250750872
2019-06-23 08:18:00,0.24083197716248606
2019-06-23 08:21:00,0.13903746016359264
2019-06-23 08:24:00,0.13876613788977465
2019-06-23 08:27:00,0.22076852644386236
2019-06-23 08:30:00,0.2295152575920838
2019-06-23 08:33:00,0.22589123059918848
2019-06-23 08:36:00,0.2819922151974197
2019-06-23 08:39:00,0.18447958478600412
2019-06-23 08:42:00,0.19884714428656025
2019-06-23 08:45:00,0.13446476887651215
2019-06-23 08:48:00,0.25477252223754476
2019-06-23 08:51:00,0.1331062082193739
2019-06-23 08:54:00,0.1428617779362753
2019-06-23 08:57:00,0.0840217229642235
2019-06-23 09:00:00,0.14795958518925545
2019-06-23 09:03:00,0.16723167562088292
2019-06-23 09:06:00,0.1586482024288216
2019-06-23 09:09:00,0.20706215957420682
2019-06-23 09:12:00,0.20372734111265345
2019-06-23 09:15:00,0.03917509153541232
2019-06-23 09:18:00,0.21305364332823729
2019-06-23 09:21:00,0.061722823333923316
2019-06-23 09:24:00,0.13572159523380378
2019-06-23 09:27:00,0.10899095612541032
2019-06-23 09:30:00,0.19441381462814888
2019-06-23 09:33:00,0.07338406116622309
2019-06-23 09:36:00,0.14643386398518032
2019-06-23 09:39:00,0.10695295601192356
2019-06-23 09:42:00,0.08591390109904751
2019-06-23 09:45:00,0.16502914159394777
2019-06-23 09:48:00,0.04071037717301351
2019-06-23 09:51:00,0.03216000697807431
2019-06-23 09:54:00,0.03147805838329987
2019-06-23 09:57:00,0.08359416043720103
2019-06-23 10:00:00,0.031554704780262455
2019-06-23 10:03:00,0.08023199785446877
2019-06-23 10:06:00,0.0031050016154949844
2019-06-23 10:09:00,-0.03677578675018367
2019-06-23 10:12:00,-0.09156086450730072
2019-06-23 10:15:00,-0.07421015505411788
2019-06-23 10:18:00,-0.03261145618176897
2019-06-23 10:21:00,-0.11474877422517693
2019-06-23 10:24:00,-0.011199104493528012
2019-06-23 10:27:00,-0.02264955602123564
2019-06-23 10:30:00,-0.1655100167282626
2019-06-23 10:33:00,-0.19764054921819252
2019-06-23 10:36:00,-0.25154866026957734
2019-06-23 10:39:00,-0.17240816762546274
2019-06-23 10:42:00,-0.3333150224433439
2019-06-23 10:45:00,-0.246297553647139
2019-06-23 10:48:00,-0.22239837663931894
2019-06-23 10:51:00,-0.3122088119989712
2019-06-23 10:54:00,-0.27319135422072804
2019-06-23 10:57:00,-0.3394705574511363
2019-06-23 11:00:00,-0.28348867252901755
2019-06-23 11:03:00,-0.41071086508617327
2019-06-23 11:06:00,-0.2677382408470521
2019-06-23 11:09:00,-0.36091803175236237
2019-06-23 11:12:00,-0.30672385759089593
2019-06-23 11:15:00,-0.32836989099985203
2019-06-23 11:18:00,-0.31416713573298694
2019-06-23 11:21:00,-0.23029448896386384
2019-06-23 11:24:00,-0.3265087771890762
2019-06-23 11:27:00,-0.34368468233469684
2019-06-23 11:30:00,-0.27088743743178156
2019-06-23 11:33:00,-0.42362735333188084
2019-06-23 11:36:00,-0.3198139802740343
2019-06-23 11:39:00,-0.2852556766536054
2019-06-23 11:42:00,-0.3491354246736478
2019-06-23 11:45:00,-0.4771023696089287
2019-06-23 11:48:00,-0.3627143439356928
2019-06-23 11:51:00,-0.3681254223386645
2019-06-23 11:54:00,-0.3950907712075491
2019-06-23 11:57:00,-0.407016669658276
2019-06-23 12:00:00,-0.4982113542521347
2019-06-23 12:03:00,-0.4426405368870405
2019-06-23 12:06:00,-0.47978028812326556
2019-06-23 12:09:00,-0.4329001399213439
2019-06-23 12:12:00,-0.369904869872812
2019-06-23 12:15:00,-0.4293360786386984
2019-06-23 12:18:00,-0.4563360642589487
2019-06-23 12:21:00,-0.4625484118628833
2019-06-23 12:24:00,-0.37408794267793155
2019-06-23 12:27:00,-0.45696568741169585
2019-06-23 12:30:00,-0.45653407960338654
2019-06-23 12:33:00,-0.46021724627507865
2019-06-23 12:36:00,-0.4624639750162487
2019-06-23 12:39:00,-0.4325992311950131
2019-06-23 12:42:00,-0.35928051622545354
2019-06-23 12:45:00,-0.46465094203244917
2019-06-23 12:48:00,-0.5442601379402277
2019-06-23 12:51:00,-0.463116234479628
2019-06-23 12:54:00,-0.5300603806953177
2019-06-23 12:57:00,-0.4752997024647243
2019-06-23 13:00:00,-0.5562012082631327
2019-06-23 13:03:00,-0.5712467164277086
2019-06-23 13:06:00,-0.488948784353056
2019-06-23 13:09:00,-0.47894168949181903
2019-06-23 13:12:00,-0.5671323835672979
2019-06-23 13:15:00,-0.5606020961751028
2019-06-23 13:18:00,-0.4729677689556979
2019-06-23 13:21:00,-0.4413597990402991
2019-06-23 13:24:00,-0.4520046633317065
2019-06-23 13:27:00,-0.5740877235467678
2019-06-23 13:30:00,-0.5906612450942816
2019-06-23 13:33:00,-0.5873224208652346
2019-06-23 13:36:00,-0.5589938443059737
2019-06-23 13:39:00,-0.5231995274125438
2019-06-23 13:42:00,-0.5239438627315849
2019-06-23 13:45:00,-0.45779264163923017
2019-06-23 13:48:00,-0.5033801073334985
2019-06-23 13:51:00,-0.621754645978001
2019-06-23 13:54:00,-0.5227644195242078
2019-06-23 13:57:00,-0.5886455166245241
2019-06-23 14:00:00,-0.5327108833346301
2019-06-23 14:03:00,-0.4141804306557333
2019-06-23 14:06:00,-0.4871143476103157
2019-06-23 14:09:00,-0.5565050887221332
2019-06-23 14:12:00,-0.6170607147117266
2019-06-23 14:15:00,-0.5200314011865999
2019-06-23 14:18:00,-0.48101785981157263
2019-06-23 14:21:00,-0.5292000922780744
2019-06-23 14:24:00,-0.42082821123744907
2019-06-23 14:27:00,-0.5748901622036442
2019-06-23 14:30:00,-0.4639090453622998
2019-06-23 14:33:00,-0.547019527796067
2019-06-23 14:36:00,-0.5501198606170874
2019-06-23 14:39:00,-0.5143907578005269
2019-06-23 14:42:00,-0.5313499079886128
2019-06-23 14:45:00,-0.5539786605316976
2019-06-23 14:48:00,-0.5826842619728723
2019-06-23 14:51:00,-0.609718677166768
2019-06-23 14:54:00,-0.4851893183910647
2019-06-23 14:57:00,-0.6561264773418998
2019-06-23 15:00:00,-0.5534441669310013
2019-06-23 15:03:00,-0.4771038039467044
2019-06-23 15:06:00,-0.47706526198913934
2019-06-23 15:09:00,-0.46617143383764414
2019-06-23 15:12:00,-0.6136651162357225
2019-06-23 15:15:00,-0.4589164977581959
2019-06-23 15:18:00,-0.4664522323217284
2019-06-23 15:21:00,-0.4186592827439881
2019-06-23 15:24:00,-0.47165540917558246
2019-06-23 15:27:00,-0.4833486889796177
2019-06-23 15:30:00,-0.40023437915175464
2019-06-23 15:33:00,-0.5650170165758936
2019-06-23 15:36:00,-0.47578411531299025
2019-06-23 15:39:00,-0.5715110900080163
2019-06-23 15:42:00,-0.44852456063000545
2019-06-23 15:45:00,-0.5781059131223287
2019-06-23 15:48:00,-0.5921784710615725
2019-06-23 15:51:00,-0.5454301874820544
2019-06-23 15:54:00,-0.5037481984824126
2019-06-23 15:57:00,-0.6085075176993655
2019-06-23 16:00:00,-0.6473046620010336
2019-06-23 16:03:00,-0.5235158107996654
2019-06-23 16:06:00,-0.566655239319573
2019-06-23 16:09:00,-0.4713578115417931
2019-06-23 16:12:00,-0.6446781253673066
2019-06-23 16:15:00,-0.4482112087407586
2019-06-23 16:18:00,-0.4717781948445463
2019-06-23 16:21:00,-0.5547077904471394
2019-06-23 16:24:00,-0.5046598680726788
2019-06-23 16:27:00,-0.5357092570603754
2019-06-23 16:30:00,-0.5301752830512783
2019-06-23 16:33:00,-0.43670964424529757
2019-06-23 16:36:00,-0.5031432009211017
2019-06-23 16:39:00,-0.5360703619994069
2019-06-23 16:42:00,-0.5203897773184281
2019-06-23 16:45:00,-0.4568975823675032
2019-06-23 16:48:00,-0.5426149811377172
2019-06-23 16:51:00,-0.504535652695381
2019-06-23 16:54:00,-0.42993394167837096
2019-06-23 16:57:00,-0.47458060602991736
2019-06-23 17:00:00,-0.5527328261948696
2019-06-23 17:03:00,-0.5890344525371916
2019-06-23 17:06:00,-0.5218666122491982
2019-06-23 17:09:00,-0.46941980261533445
2019-06-23 17:12:00,-0.5698293366760936
2019-06-23 17:15:00,-0.5171711511669059
2019-06-23 17:18:00,-0.4966723268492501
2019-06-23 17:21:00,-0.5711651110883622
2019-06-23 17:24:00,-0.5398550090594085
2019-06-23 17:27:00,-0.5194488760144509
2019-06-23 17:30:00,-0.45332110558598515
2019-06-23 17:33:00,-0.5188288037801385
2019-06-23 17:36:00,-0.5051804589754738
2019-06-23 17:39:00,-0.42069447832307105
2019-06-23 17:42:00,-0.4902048881586438
2019-06-23 17:45:00,-0.48508834298769443
2019-06-23 17:48:00,-0.5181407393230302
2019-06-23 17:51:00,-0.43329652287968656
2019-06-23 17:54:00,-0.44938390711689635
2019-06-23 17:57:00,-0.3734250207390346
2019-06-23 18:00:00,-0.42260008295806983
2019-06-23 18:03:00,-0.43757186926256963
2019-06-23 18:06:00,-0.44141227718654363
2019-06-23 18:09:00,-0.5081922735150783
2019-06-23 18:12:00,-0.4383349227048825
2019-06-23 18:15:00,-0.43688157990072796
2019-06-23 18:18:00,-0.4020896179803799
2019-06-23 18:21:00,-0.39113865144548754
2019-06-23 18:24:00,-0.5207775485166621
2019-06-23 18:27:00,-0.42100011043118
2019-06-23 18:30:00,-0.3746474492386369
2019-06-23 18:33:00,-0.36046249654890516
2019-06-23 18:36:00,-0.3703253735510543
2019-06-23 18:39:00,-0.36170428598740045
2019-06-23 18:42:00,-0.2179915495852356
2019-06-23 18:45:00,-0.2994742248046123
2019-06-23 18:48:00,-0.35006242397486176
2019-06-23 18:51:00,-0.28223383002114133
2019-06-23 18:54:00,
2019-06-23 18:57:00,
2019-06-23 19:00:00,
2019-06-23 19:03:00,-0.2770224944113693
2019-06-23 19:06:00,-0.15492460905892358
2019-06-23 19:09:00,-0.14395550942509772
2019-06-23 19:12:00,-0.20854104980799093
2019-06-23 19:15:00,-0.16337097973251957
2019-06-23 19:18:00,-0.14634715545139443
2019-06-23 19:21:00,-0.22445644159921585
2019-06-23 19:24:00,-0.26178988888545973
2019-06-23 19:27:00,-0.16745185442414368
2019-06-23 19:30:00,-0.1523336389740848
2019-06-23 19:33:00,-0.16251643455245812
2019-06-23 19:36:00,-0.11522184474904407
2019-06-23 19:39:00,-0.1454200198622857
2019-06-23 19:42:00,-0.13775425110969763
2019-06-23 19:45:00,-0.15632059074204108
2019-06-23 19:48:00,-0.09247177943512952
2019-06-23 19:51:00,-0.15499100496782603
2019-06-23 19:54:00,-0.07252597909086944
2019-06-23 19:57:00,-0.047866559024157596
2019-06-23 20:00:00,-0.06977570645807418
2019-06-23 20:03:00,-0.12183803837785945
2019-06-23 20:06:00,-0.10023046905166666
2019-06-23 20:09:00,-0.040797916902420184
2019-06-23 20:12:00,-0.02208702585556921
2019-06-23 20:15:00,-0.1586551417552755
2019-06-23 20:18:00,0.017243369597849778
2019-06-23 20:21:00,-0.042142687847785965
2019-06-23 20:24:00,-0.08086445521041696
2019-06-23 20:27:00,-0.08962640200803662
2019-06-23 20:30:00,-0.11467862302987442
2019-06-23 20:33:00,-0.04056244320412361
2019-06-23 20:36:00,-0.027418516826799078
2019-06-23 20:39:00,-0.006212721971621704
2019-06-23 20:42:00,0.01190136788648033
2019-06-23 20:45:00,0.032125823464468795
2019-06-23 20:48:00,0.07659260651610111
2019-06-23 20:51:00,0.0746332757242385
2019-06-23 20:54:00,0.03559855178724547
2019-06-23 20:57:00,0.008091785758324477
2019-06-23 21:00:00,0.09463426963230859
2019-06-23 21:03:00,0.10184692575143117
2019-06-23 21:06:00,0.09417970296391331
2019-06-23 21:09:00,0.07643747760914721
2019-06-23 21:12:00,0.1196070543675205
2019-06-23 21:15:00,0.15639565349920304
2019-06-23 21:18:00,0.05460735708101083
2019-06-23 21:21:00,0.17641396414893507
2019-06-23 21:24:00,0.11094216894832698
2019-06-23 21:27:00,0.13724784278360858
2019-06-23 21:30:00,0.11640464141868279
2019-06-23 21:33:00,0.11732127183847751
2019-06-23 21:36:00,-0.00447198005304017
2019-06-23 21:39:00,0.026894407521297126
2019-06-23 21:42:00,0.11226484554697436
2019-06-23 21:45:00,0.09936799187579481
2019-06-23 21:48:00,0.08247501099026522
2019-06-23 21:51:00,0.026740267916068206
2019-06-23 21:54:00,0.09964967799947999
2019-06-23 21:57:00,0.13760744454805263
2019-06-23 22:00:00,0.12685990258677293
2019-06-23 22:03:00,0.076741591762584
2019-06-23 22:06:00,0.08654679210712857
2019-06-23 22:09:00,0.26824249812096923
2019-06-23 22:12:00,0.16234749686850591
2019-06-23 22:15:00,0.3093141195134308
2019-06-23 22:18:00,0.2606715055276254
2019-06-23 22:21:00,0.20237701402055563
2019-06-23 22:24:00,0.14024182175990063
2019-06-23 22:27:00,0.09839010557647043
2019-06-23 22:30:00,0.1489935883418525
2019-06-23 22:33:00,0.04515510660343125
2019-06-23 22:36:00,0.05321514242655212
2019-06-23 22:39:00,0.08680199305894121
2019-06-23 22:42:00,0.010311738927271108
2019-06-23 22:45:00,0.07434593069621087
2019-06-23 22:48:00,-0.028019688964093348
2019-06-23 22:51:00,0.17751777300952654
2019-06-23 22:54:00,0.05378610751705537
2019-06-23 22:57:00,-0.029887831237033424
2019-06-23 23:00:00,0.01839772180289856
2019-06-23 23:03:00,-0.02556538973840361
2019-06-23 23:06:00,-0.032116006269063746
2019-06-23 23:09:00,-0.024282148159784356
2019-06-23 23:12:00,0.041207406212436126
2019-06-23 23:15:00,0.03012894019906298
2019-06-23 23:18:00,0.04796923310192369
2019-06-23 23:21:00,0.13119954025313518
2019-06-23 23:24:00,0.1143735202648486
2019-06-23 23:27:00,0.043031488207589064
2019-06-23 23:30:00,0.15639088559942138
2019-06-23 23:33:00,0.11713086254201244
2019-06-23 23:36:00,0.04765665220816118
2019-06-23 23:39:00,0.12668414650954674
2019-06-23 23:42:00,0.1399294919217482
2019-06-23 23:45:00,0.1369071779455453
2019-06-23 23:48:00,0.12768794837040787
2019-06-23 23:51:00,0.09909555723220365
2019-06-23 23:54:00,0.11905781039484964
2019-06-23 23:57:00,0.2232126850820464
2019-06-24 00:00:00,0.06258016773142572
2019-06-24 00:03:00,0.2607285572967726
2019-06-24 00:06:00,0.06984885955398568
2019-06-24 00:09:00,0.1501366432459008
2019-06-24 00:12:00,0.09926345256002378
2019-06-24 00:15:00,0.12957944640459118
2019-06-24 00:18:00,0.1723180072718833
2019-06-24 00:21:00,0.19554334228445214
2019-06-24 00:24:00,0.13128469974776635
2019-06-24 00:27:00,0.21055700647110598
2019-06-24 00:30:00,0.1434409435323687
2019-06-24 00:33:00,0.16503535004756031
2019-06-24 00:36:00,0.1660793784265593
2019-06-24 00:39:00,0.2464982080991831
2019-06-24 00:42:00,0.1737003607708516
2019-06-24 00:45:00,0.16594026502184533
2019-06-24 00:48:00,0.1668684214375844
2019-06-24 00:51:00,0.12051189746193813
2019-06-24 00:54:00,0.21277068428940993
2019-06-24 00:57:00,0.23524389049384808
2019-06-24 01:00:00,0.15397136301317005
2019-06-24 01:03:00,0.14436949735335247
2019-06-24 01:06:00,0.26503215128343527
2019-06-24 01:09:00,0.2729772299815636
2019-06-24 01:12:00,0.2240543096600618
2019-06-24 01:15:00,0.2572466437072194
2019-06-24 01:18:00,0.23997139442354865
2019-06-24 01:21:00,0.20987967149591213
2019-06-24 01:24:00,0.1679977675357236
2019-06-24 01:27:00,0.2610908913060257
2019-06-24 01:30:00,0.13378601640374654
2019-06-24 01:33:00,0.34846233455601805
2019-06-24 01:36:00,0.22545385300696807
2019-06-24 01:39:00,0.23829579167329484
2019-06-24 01:42:00,0.17888668359086068
2019-06-24 01:45:00,0.25528671776089595
2019-06-24 01:48:00,0.22483743822965607
2019-06-24 01:51:00,0.24639102176519145
2019-06-24 01:54:00,0.27018203006167596
2019-06-24 01:57:00,0.2442682919282788
2019-06-24 02:00:00,0.2889373214878219
2019-06-24 02:03:00,0.24439171676056048
2019-06-24 02:06:00,0.218122489802397
2019-06-24 02:09:00,0.18880901622020474
2019-06-24 02:12:00,0.1965469096745096
2019-06-24 02:15:00,0.23411072676043432
2019-06-24 02:18:00,0.3603343244809025
2019-06-24 02:21:00,0.2911488717475095
2019-06-24 02:24:00,0.17885391274143103
2019-06-24 02:27:00,0.28287646524177035
2019-06-24 02:30:00,0.21838144047472952
2019-06-24 02:33:00,0.2394099694240026
2019-06-24 02:36:00,0.26194059766442024
2019-06-24 02:39:00,0.22560992038108907
2019-06-24 02:42:00,0.2687338374947217
2019-06-24 02:45:00,0.2706002733718833
2019-06-24 02:48:00,0.14011446237321934
2019-06-24 02:51:00,0.26957889096985355
2019-06-24 02:54:00,0.22561967429538754
2019-06-24 02:57:00,0.276183686318177
2019-06-24 03:00:00,0.30160999144021616
2019-06-24 03:03:00,0.24491925865550002
2019-06-24 03:06:00,0.2858879341693523
2019-06-24 03:09:00,0.3079212463197223
2019-06-24 03:12:00,0.27865898319578264
2019-06-24 03:15:00,0.2686846705505559
2019-06-24 03:18:00,0.3135509733979802
2019-06-24 03:21:00,0.27770284600222794
2019-06-24 03:24:00,0.29578028119647115
2019-06-24 03:27:00,0.3722358202235796
2019-06-24 03:30:00,0.28903051991733264
2019-06-24 03:33:00,0.30408098434492103
2019-06-24 03:36:00,0.29779372876811294
2019-06-24 03:39:00,0.36365590688564
2019-06-24 03:42:00,0.3022936606754456
2019-06-24 03:45:00,0.21437245237837033
2019-06-24 03:48:00,0.2651068857819041
2019-06-24 03:51:00,0.23092512612981864
2019-06-24 03:54:00,0.26339954892193873
2019-06-24 03:57:00,0.35921297551146836
2019-06-24 04:00:00,0.24269139657872074
2019-06-24 04:03:00,0.31672250049865625
2019-06-24 04:06:00,0.21034331198364953
2019-06-24 04:09:00,0.33818749299507544
2019-06-24 04:12:00,0.3155277585002523
2019-06-24 04:15:00,0.33609490720493795
2019-06-24 04:18:00,0.33874404231914923
2019-06-24 04:21:00,0.2606823467663162
2019-06-24 04:24:00,0.3608857428423562
2019-06-24 04:27:00,0.3400124175059318
2019-06-24 04:30:00,0.27688099364314667
2019-06-24 04:33:00,0.2843962058707916
2019-06-24 04:36:00,0.2869505303656865
2019-06-24 04:39:00,0.29881276730048967
2019-06-24 04:42:00,0.29445026834986265
2019-06-24 04:45:00,0.30931971501564703
2019-06-24 04:48:00,0.3625343565070125
2019-06-24 04:51:00,0.2721933828497072
2019-06-24 04:54:00,0.34974617313508816
2019-06-24 04:57:00,0.27184004534439055
2019-06-24 05:00:00,0.26088285852034687
2019-06-24 05:03:00,0.3162591718538579
2019-06-24 05:06:00,0.32211748456660416
2019-06-24 05:09:00,0.2296217382732948
2019-06-24 05:12:00,0.32397833457065417
2019-06-24 05:15:00,0.3162268549758096
2019-06-24 05:18:00,0.2538506688058533
2019-06-24 05:21:00,0.27351602813257614
2019-06-24 05:24:00,0.19787487408717652
2019-06-24 05:27:00,0.2846784726788769
2019-06-24 05:30:00,0.3391669321636641
2019-06-24 05:33:00,0.2920380445734736
2019-06-24 05:36:00,0.23563158959751718
2019-06-24 05:39:00,0.3254549481451363
2019-06-24 05:42:00,0.360069478800483
2019-06-24 05:45:00,0.336287290924588
2019-06-24 05:48:00,0.21946724440965681
2019-06-24 05:51:00,0.28278380289697225
2019-06-24 05:54:00,0.29199202642615774
2019-06-24 05:57:00,0.41632037121013354
2019-06-24 06:00:00,0.2618416214909871
2019-06-24 06:03:00,0.28974426825999444
2019-06-24 06:06:00,0.24058416880689037
2019-06-24 06:09:00,0.2426046849091108
2019-06-24 06:12:00,0.2624573569375457
2019-06-24 06:15:00,0.2624590024414033
2019-06-24 06:18:00,0.27622355897972284
2019-06-24 06:21:00,0.27251235953366404
2019-06-24 06:24:00,0.32340077139315326
2019-06-24 06:27:00,0.2342714351785844
2019-06-24 06:30:00,0.33500795881974454
2019-06-24 06:33:00,0.376565286072605
2019-06-24 06:36:00,0.34251052427117656
2019-06-24 06:39:00,0.3773953641886578
2019-06-24 06:42:00,0.40495551895475046
2019-06-24 06:45:00,0.3573964265592622
2019-06-24 06:48:00,0.26978115811868975
2019-06-24 06:51:00,0.32144570723573906
2019-06-24 06:54:00,0.37474608078633764
2019-06-24 06:57:00,0.37707764630147267
2019-06-24 07:00:00,0.3120331560927525
2019-06-24 07:03:00,0.39487186673574115
2019-06-24 07:06:00,0.3120438690606875
2019-06-24 07:09:00,0.2841463567212372
2019-06-24 07:12:00,0.3429435013118791
2019-06-24 07:15:00,0.25638974776597934
2019-06-24 07:18:00,0.2317224893552634
2019-06-24 07:21:00,0.3246280881395478
2019-06-24 07:24:00,0.2317064664357531
2019-06-24 07:27:00,0.3142762988401273
2019-06-24 07:30:00,0.3415196213512104
2019-06-24 07:33:00,0.2723253157629415
2019-06-24 07:36:00,0.3006726001299853
2019-06-24 07:39:00,0.2888633594396879
2019-06-24 07:42:00,0.30277472411802364
2019-06-24 07:45:00,0.35717305467204596
2019-06-24 07:48:00,0.2411983568008509
2019-06-24 07:51:00,0.3094099857742094
2019-06-24 07:54:00,0.25136725369884516
2019-06-24 07:57:00,0.3334379891450112
2019-06-24 08:00:00,0.2506474155017031
2019-06-24 08:03:00,0.2881190194766532
2019-06-24 08:06:00,0.285529135360548
2019-06-24 08:09:00,0.27769163935863617
2019-06-24 08:12:00,0.310422369860305
2019-06-24 08:15:00,0.24012876982772013
2019-06-24 08:18:00,0.23684259846231726
2019-06-24 08:21:00,0.19364174785846444
2019-06-24 08:24:00,0.1530564835561563
2019-06-24 08:27:00,0.24992385012177465
2019-06-24 08:30:00,0.2272611450607087
2019-06-24 08:33:00,0.2260140740777956
2019-06-24 08:36:00,0.1423201812993966
2019-06-24 08:39:00,0.21614558291457797
2019-06-24 08:42:00,0.11332626867209683
2019-06-24 08:45:00,0.14356125318875002
2019-06-24 08:48:00,0.1890562523753374
2019-06-24 08:51:00,0.135786715039103
2019-06-24 08:54:00,0.1037810725369468
2019-06-24 08:57:00,0.06075779452930874
2019-06-24 09:00:00,0.14120310125679225
2019-06-24 09:03:00,0.07531268064690266
2019-06-24 09:06:00,0.09988355359098477
2019-06-24 09:09:00,0.1331298930176672
2019-06-24 09:12:00,0.07886995276203379
2019-06-24 09:15:00,0.12773619112550705
2019-06-24 09:18:00,-0.05260486805502751
2019-06-24 09:21:00,0.021541253038890318
2019-06-24 09:24:00,-0.013800444046864868
2019-06-24 09:27:00,0.09659316797876727
2019-06-24 09:30:00,-0.0925701959372418
2019-06-24 09:33:00,0.10800402015740929
2019-06-24 09:36:00,-0.0034210121506816904
2019-06-24 09:39:00,0.07017465269393597
2019-06-24 09:42:00,-0.08836694923468258
2019-06-24 09:45:00,0.0022506648435864918
2019-06-24 09:48:00,-0.2003783728088706
2019-06-24 09:51:00,-0.07012324643909551
2019-06-24 09:54:00,-0.010485532142183729
2019-06-24 09:57:00,-0.09855169310696965
2019-06-24 10:00:00,-0.12523725653898055
2019-06-24 10:03:00,-0.07862308800963547
2019-06-24 10:06:00,-0.12232706564395812
2019-06-24 10:09:00,-0.1023818477418672
2019-06-24 10:12:00,-0.18299198512471548
2019-06-24 10:15:00,-0.26055884891206915
2019-06-24 10:18:00,-0.1395643586612323
2019-06-24 10:21:00,-0.1969177206187851
2019-06-24 10:24:00,-0.1455609658207777
2019-06-24 10:27:00,-0.3353893285067784
2019-06-24 10:30:00,-0.19344696901441694
2019-06-24 10:33:00,-0.20540020212422405
2019-06-24 10:36:00,-0.15082276992598054
2019-06-24 10:39:00,-0.2433376731574981
2019-06-24 10:42:00,-0.28814841508619793
2019-06-24 10:45:00,-0.2769694142858725
2019-06-24 10:48:00,-0.22575204112035863
2019-06-24 10:51:00,-0.30726499568197596
2019-06-24 10:54:00,-0.2589633650573546
2019-06-24 10:57:00,-0.31094777447600563
2019-06-24 11:00:00,-0.31001881780986196
2019-06-24 11:03:00,-0.353357961634174
2019-06-24 11:06:00,-0.2970589601597453
2019-06-24 11:09:00,-0.3464401301213229
2019-06-24 11:12:00,-0.3285514532208822
2019-06-24 11:15:00,-0.31221615288802695
2019-06-24 11:18:00,-0.36762816081539995
2019-06-24 11:21:00,-0.3507354012742212
2019-06-24 11:24:00,-0.41821087539966584
2019-06-24 11:27:00,-0.3759658325221267
2019-06-24 11:30:00,-0.39116820919366546
2019-06-24 11:33:00,-0.3780553173730823
2019-06-24 11:36:00,-0.30412125360470554
2019-06-24 11:39:00,-0.3615979847210724
2019-06-24 11:42:00,-0.24197834844085264
2019-06-24 11:45:00,-0.22483080305659087
2019-06-24 11:48:00,-0.2181553294120704
2019-06-24 11:51:00,-0.38958421846103874
2019-06-24 11:54:00,-0.2744853998076451
2019-06-24 11:57:00,-0.1748878080508689
2019-06-24 12:00:00,-0.35903261327598557
2019-06-24 12:03:00,-0.34801559024748485
2019-06-24 12:06:00,-0.24780691710407154
2019-06-24 12:09:00,-0.11384889262694742
2019-06-24 12:12:00,-0.19891216807712908
2019-06-24 12:15:00,-0.21756260165091135
2019-06-24 12:18:00,-0.14409631291323421
2019-06-24 12:21:00,-0.16872292805823008
2019-06-24 12:24:00,-0.23153301292637707
2019-06-24 12:27:00,-0.24653351893965691
2019-06-24 12:30:00,-0.2824027221285519
2019-06-24 12:33:00,-0.2817741280854875
2019-06-24 12:36:00,-0.33353673307271947
2019-06-24 12:39:00,-0.2119120344368639
2019-06-24 12:42:00,-0.28853158324693595
2019-06-24 12:45:00,-0.292019238536227
2019-06-24 12:48:00,-0.4049306110878774
2019-06-24 12:51:00,-0.2676913798011924
2019-06-24 12:54:00,-0.2905244710442503
2019-06-24 12:57:00,-0.36076645666400964
2019-06-24 13:00:00,-0.31158204281894086
2019-06-24 13:03:00,-0.3642063064040144
2019-06-24 13:06:00,-0.3608136144360401
2019-06-24 13:09:00,-0.4391582015609288
2019-06-24 13:12:00,-0.27571292237308853
2019-06-24 13:15:00,-0.44311180775156345
2019-06-24 13:18:00,-0.3398787052707348
2019-06-24 13:21:00,-0.30953162252387756
2019-06-24 13:24:00,-0.4264648834201239
2019-06-24 13:27:00,-0.36347973871824024
2019-06-24 13:30:00,-0.35837265280457586
2019-06-24 13:33:00,-0.3737904936100449
2019-06-24 13:36:00,-0.2572051687916428
2019-06-24 13:39:00,-0.26729300194341477
2019-06-24 13:42:00,-0.3298884385413885
2019-06-24 13:45:00,-0.14637038978270311
2019-06-24 13:48:00,-0.22669768984314942
2019-06-24 13:51:00,-0.3719452680068116
2019-06-24 13:54:00,-0.33939700694730845
2019-06-24 13:57:00,-0.381944487171495
2019-06-24 14:00:00,-0.44133497903624175
2019-06-24 14:03:00,-0.34783923154651575
2019-06-24 14:06:00,-0.32626410110270854
2019-06-24 14:09:00,-0.4049561110641662
2019-06-24 14:12:00,-0.3553773393624624
2019-06-24 14:15:00,-0.38961850750439453
2019-06-24 14:18:00,-0.3975910722134586
2019-06-24 14:21:00,-0.35358287237414743
2019-06-24 14:24:00,-0.32521842872461093
2019-06-24 14:27:00,-0.402400576833827
2019-06-24 14:30:00,-0.31536805663796486
2019-06-24 14:33:00,-0.2941280883019317
2019-06-24 14:36:00,-0.3306115035374546
2019-06-24 14:39:00,-0.3902731967963291
2019-06-24 14:42:00,-0.3398091057921988
2019-06-24 14:45:00,-0.26401200327023844
2019-06-24 14:48:00,-0.31808028493929896
2019-06-24 14:51:00,-0.3175592468144828
2019-06-24 14:54:00,-0.4526409964556706
2019-06-24 14:57:00,-0.3372978308891561
2019-06-24 15:00:00,-0.3999383546263289
2019-06-24 15:03:00,-0.40385895914687353
2019-06-24 15:06:00,-0.3822963459936659
2019-06-24 15:09:00,-0.33648651313620803
2019-06-24 15:12:00,-0.32481843806277766
2019-06-24 15:15:00,-0.40665546620522264
2019-06-24 15:18:00,-0.3323532222518111
2019-06-24 15:21:00,-0.2904183322110043
2019-06-24 15:24:00,-0.45072797881618953
2019-06-24 15:27:00,-0.429426490922026
2019-06-24 15:30:00,-0.35102854501519687
2019-06-24 15:33:00,-0.2839565278763416
2019-06-24 15:36:00,-0.25664731819256303
2019-06-24 15:39:00,-0.28860643114978757
2019-06-24 15:42:00,-0.23002176600635948
2019-06-24 15:45:00,-0.24067968036848697
2019-06-24 15:48:00,-0.3629787449231685
2019-06-24 15:51:00,-0.2183513935548831
2019-06-24 15:54:00,-0.2195876250266906
2019-06-24 15:57:00,-0.34360497965280956
2019-06-24 16:00:00,-0.33507105274338755
2019-06-24 16:03:00,-0.32571862633926685
2019-06-24 16:06:00,-0.4250052882179034
2019-06-24 16:09:00,-0.45254190207521106
2019-06-24 16:12:00,-0.40925591511791026
2019-06-24 16:15:00,-0.31626776904505505
2019-06-24 16:18:00,-0.32516582403150096
2019-06-24 16:21:00,-0.2594144648456336
2019-06-24 16:24:00,-0.12196799151490723
2019-06-24 16:27:00,-0.1372946016883816
2019-06-24 16:30:00,-0.07635823507575878
2019-06-24 16:33:00,0.07626892989821954
2019-06-24 16:36:00,0.0015710173877323541
2019-06-24 16:39:00,-0.10005134071110433
2019-06-24 16:42:00,-0.11813181046676391
2019-06-24 16:45:00,-0.10043425385521232
2019-06-24 16:48:00,-0.17263147973238802
2019-06-24 16:51:00,-0.21137293616737907
2019-06-24 16:54:00,-0.27711112862277787
2019-06-24 16:57:00,-0.201367087865151
2019-06-24 17:00:00,-0.2315057786228749
2019-06-24 17:03:00,-0.15440088014327102
2019-06-24 17:06:00,-0.2862648125200735
2019-06-24 17:09:00,-0.28663322226532273
2019-06-24 17:12:00,-0.15720416132995751
2019-06-24 17:15:00,-0.22356361531035418
2019-06-24 17:18:00,-0.220831996622735
2019-06-24 17:21:00,-0.32582710535029946
2019-06-24 17:24:00,-0.2854168543245237
2019-06-24 17:27:00,-0.28772201035945955
2019-06-24 17:30:00,-0.3496973622883388
2019-06-24 17:33:00,-0.37283038726650375
2019-06-24 17:36:00,-0.24373622013575869
2019-06-24 17:39:00,-0.2556083099041757
2019-06-24 17:42:00,-0.24576939702285472
2019-06-24 17:45:00,-0.31751679133043353
2019-06-24 17:48:00,-0.2489623057482504
2019-06-24 17:51:00,-0.14301631121952596
2019-06-24 17:54:00,-0.28681861356022864
2019-06-24 17:57:00,-0.2459068282691419
2019-06-24 18:00:00,-0.2736145884619532
2019-06-24 18:03:00,-0.05582085794651448
2019-06-24 18:06:00,-0.0802304234604776
2019-06-24 18:09:00,-0.17733100598184137
2019-06-24 18:12:00,-0.08783169004317415
2019-06-24 18:15:00,-0.21495799882626443
2019-06-24 18:18:00,-0.1415086536231911
2019-06-24 18:21:00,-0.1331095033259544
2019-06-24 18:24:00,-0.10772992409539484
2019-06-24 18:27:00,0.02562108642240446
2019-06-24 18:30:00,-0.050255262573614345
2019-06-24 18:33:00,0.009523038039617404
2019-06-24 18:36:00,-0.11508468908948544
2019-06-24 18:39:00,-0.07882072524523664
2019-06-24 18:42:00,-0.007574673468752735
2019-06-24 18:45:00,-0.05840836967286123
2019-06-24 18:48:00,-0.035189289307140825
2019-06-24 18:51:00,0.09071164462346815
2019-06-24 18:54:00,
2019-06-24 18:57:00,
2019-06-24 19:00:00,
2019-06-24 19:03:00,0.05790376269879971
2019-06-24 19:06:00,-0.019865082081196306
2019-06-24 19:09:00,-0.04853886009124153
2019-06-24 19:12:00,-0.04684030559764096
2019-06-24 19:15:00,-0.06836393167776578
2019-06-24 19:18:00,0.002698361316106457
2019-06-24 19:21:00,0.02699470081262234
2019-06-24 19:24:00,-0.03971929597724966
2019-06-24 19:27:00,-0.023269842754643832
2019-06-24 19:30:00,0.03547527503110359
2019-06-24 19:33:00,0.07692848692659027
2019-06-24 19:36:00,0.08001452696521483
2019-06-24 19:39:00,0.13154175321807315
2019-06-24 19:42:00,0.11828819858106954
2019-06-24 19:45:00,0.024659051772232488
2019-06-24 19:48:00,0.16915186943106164
2019-06-24 19:51:00,0.09584855118663427
2019-06-24 19:54:00,0.1659295618072747
2019-06-24 19:57:00,0.13358140032499932
2019-06-24 20:00:00,0.2019438877081825
2019-06-24 20:03:00,0.02625932469476311
2019-06-24 20:06:00,0.1464347317123611
2019-06-24 20:09:00,0.06632836146434329
2019-06-24 20:12:00,0.14743850980954676
2019-06-24 20:15:00,0.1836578980636432
2019-06-24 20:18:00,0.21490460456521987
2019-06-24 20:21:00,0.257599088168206
2019-06-24 20:24:00,0.114692981934013
2019-06-24 20:27:00,0.10585920542035865
2019-06-24 20:30:00,0.04735157263689871
2019-06-24 20:33:00,0.125252851366497
2019-06-24 20:36:00,0.07761205792905912
2019-06-24 20:39:00,0.0966221409356649
2019-06-24 20:42:00,0.13711710149874534
2019-06-24 20:45:00,0.17590461298863147
2019-06-24 20:48:00,0.1575003592390658
2019-06-24 20:51:00,0.12029478870152843
2019-06-24 20:54:00,0.10847029529344354
2019-06-24 20:57:00,0.11189019369214748
2019-06-24 21:00:00,0.06088978811015977
2019-06-24 21:03:00,0.05035047195883635
2019-06-24 21:06:00,0.05717323516836359
2019-06-24 21:09:00,-0.005160197251314003
2019-06-24 21:12:00,0.1254016683202508
2019-06-24 21:15:00,0.07489713618974747
2019-06-24 21:18:00,0.12409911448958155
2019-06-24 21:21:00,0.09597517082499962
2019-06-24 21:24:00,0.11326806186423255
2019-06-24 21:27:00,0.028250553120074073
2019-06-24 21:30:00,0.050183749257030286
2019-06-24 21:33:00,0.03168268343722502
2019-06-24 21:36:00,-0.020424281062219052
2019-06-24 21:39:00,0.07688072382637756
2019-06-24 21:42:00,0.13101941823276775
2019-06-24 21:45:00,0.07561455346615276
2019-06-24 21:48:00,0.1334311335572238
2019-06-24 21:51:00,0.21845707560578376
2019-06-24 21:54:00,0.13477038216171877
2019-06-24 21:57:00,0.2178793680922695
2019-06-24 22:00:00,0.09247369886719525
2019-06-24 22:03:00,0.15402862986280752
2019-06-24 22:06:00,0.09903443289243796
2019-06-24 22:09:00,0.11198070352895684
2019-06-24 22:12:00,0.11945618590664253
2019-06-24 22:15:00,0.1492894449829123
2019-06-24 22:18:00,0.08001495321985885
2019-06-24 22:21:00,0.07996388228110618
2019-06-24 22:24:00,0.05479167815110486
2019-06-24 22:27:00,-0.002712784993150308
2019-06-24 22:30:00,0.0788042853736215
2019-06-24 22:33:00,0.13029172098299568
2019-06-24 22:36:00,0.16491334771768607
2019-06-24 22:39:00,0.27737951349791956
2019-06-24 22:42:00,0.22868770418170925
2019-06-24 22:45:00,0.1249597071214339
2019-06-24 22:48:00,0.19324983385632777
2019-06-24 22:51:00,0.22817355511432424
2019-06-24 22:54:00,0.10401320127573399
2019-06-24 22:57:00,0.2038238853044163
2019-06-24 23:00:00,0.1901492650496266
2019-06-24 23:03:00,0.19759942170247768
2019-06-24 23:06:00,0.1612675260143419
2019-06-24 23:09:00,0.08558088862275781
2019-06-24 23:12:00,0.16617699844834988
2019-06-24 23:15:00,0.1280677819105449
2019-06-24 23:18:00,0.1504789781514546
2019-06-24 23:21:00,0.13458265038980244
2019-06-24 23:24:00,0.23619944054689768
2019-06-24 23:27:00,0.1756110262265338
2019-06-24 23:30:00,0.20807009554044953
2019-06-24 23:33:00,0.14580036185424206
2019-06-24 23:36:00,0.18794105309592624
2019-06-24 23:39:00,0.19795367626210236
2019-06-24 23:42:00,0.23176527721432194
2019-06-24 23:45:00,0.24360789232525804
2019-06-24 23:48:00,0.17453265929339068
2019-06-24 23:51:00,0.25752985278040796
2019-06-24 23:54:00,0.28333577172259083
2019-06-24 23:57:00,0.308120160139822
2019-06-25 00:00:00,0.3228918760398187
2019-06-25 00:03:00,0.3167604228463574
2019-06-25 00:06:00,0.23013184015871957
2019-06-25 00:09:00,0.27315988667066904
2019-06-25 00:12:00,0.2499778546610969
2019-06-25 00:15:00,0.2625665970277282
2019-06-25 00:18:00,0.3372515082709242
2019-06-25 00:21:00,0.39130644277338433
2019-06-25 00:24:00,0.3257790470193527
2019-06-25 00:27:00,0.44381667649810197
2019-06-25 00:30:00,0.248363711150148
2019-06-25 00:33:00,0.4319045813492153
2019-06-25 00:36:00,0.5988074006061197
2019-06-25 00:39:00,0.5484603604843414
2019-06-25 00:42:00,0.42021254875692193
2019-06-25 00:45:00,0.4409267320020831
2019-06-25 00:48:00,0.5141216908121464
2019-06-25 00:51:00,0.43060869852985206
2019-06-25 00:54:00,0.354843714046126
2019-06-25 00:57:00,0.5978994575360161
2019-06-25 01:00:00,0.48716576431638714
2019-06-25 01:03:00,0.4280604405481654
2019-06-25 01:06:00,0.46620985181459673
2019-06-25 01:09:00,0.4582217308610552
2019-06-25 01:12:00,0.4123121491992947
2019-06-25 01:15:00,0.27574972006789267
2019-06-25 01:18:00,0.29575431057702417
2019-06-25 01:21:00,0.3277240352296644
2019-06-25 01:24:00,0.2971734895313034
2019-06-25 01:27:00,0.31700921781862235
2019-06-25 01:30:00,0.22445544946623386
2019-06-25 01:33:00,0.18114042096391358
2019-06-25 01:36:00,0.168853341569843
2019-06-25 01:39:00,0.23694572414234472
2019-06-25 01:42:00,0.19442778656895143
2019-06-25 01:45:00,0.17465031567684264
2019-06-25 01:48:00,0.15994369099092864
2019-06-25 01:51:00,0.1456032086379082
2019-06-25 01:54:00,0.2580841212692917
2019-06-25 01:57:00,0.27270068082299304
2019-06-25 02:00:00,0.18627746857220018
2019-06-25 02:03:00,0.17574899392525367
2019-06-25 02:06:00,0.23400260076863333
2019-06-25 02:09:00,0.2989645520403883
2019-06-25 02:12:00,0.25547810686805406
2019-06-25 02:15:00,0.1805862295029783
2019-06-25 02:18:00,0.22709256692235158
2019-06-25 02:21:00,0.26196889567188464
2019-06-25 02:24:00,0.20883010142796365
2019-06-25 02:27:00,0.2651660060706149
2019-06-25 02:30:00,0.2112384579683635
2019-06-25 02:33:00,0.18727499777099865
2019-06-25 02:36:00,0.1888182687630433
2019-06-25 02:39:00,0.22949784450662492
2019-06-25 02:42:00,0.2717848016258131
2019-06-25 02:45:00,0.23432970148246568
2019-06-25 02:48:00,0.26176501945258224
2019-06-25 02:51:00,0.34750557950150096
2019-06-25 02:54:00,0.4246316614774628
2019-06-25 02:57:00,0.2324478564400465
2019-06-25 03:00:00,0.2936541869785856
2019-06-25 03:03:00,0.20586726916400266
2019-06-25 03:06:00,0.3344685424392537
2019-06-25 03:09:00,0.24447429157731904
2019-06-25 03:12:00,0.26519511469086865
2019-06-25 03:15:00,0.2504323562753257
2019-06-25 03:18:00,0.2242587787065986
2019-06-25 03:21:00,0.2625694369558005
2019-06-25 03:24:00,0.15815645771090203
2019-06-25 03:27:00,0.27230227957142006
2019-06-25 03:30:00,0.23007911834838524
2019-06-25 03:33:00,0.26425441507490177
2019-06-25 03:36:00,0.2618664870032603
2019-06-25 03:39:00,0.21396172029614036
2019-06-25 03:42:00,0.32387968453906524
2019-06-25 03:45:00,0.2922789920682476
2019-06-25 03:48:00,0.2982449055097618
2019-06-25 03:51:00,0.329168149896816
2019-06-25 03:54:00,0.28054672840556805
2019-06-25 03:57:00,0.27251996827254743
2019-06-25 04:00:00,0.4392912442821739
2019-06-25 04:03:00,0.2718446327290849
2019-06-25 04:06:00,0.3864015781072112
2019-06-25 04:09:00,0.45259753013363024
2019-06-25 04:12:00,0.4189687684773844
2019-06-25 04:15:00,0.2822733358216283
2019-06-25 04:18:00,0.4967954412087465
2019-06-25 04:21:00,0.36992088656194255
2019-06-25 04:24:00,0.2889888467510673
2019-06-25 04:27:00,0.38912842226642397
2019-06-25 04:30:00,0.3355304965319874
2019-06-25 04:33:00,0.3446533663421292
2019-06-25 04:36:00,0.25813597893869655
2019-06-25 04:39:00,0.3146322901281451
2019-06-25 04:42:00,0.3376297508689845
2019-06-25 04:45:00,0.29711321689484294
2019-06-25 04:48:00,0.30320135010663307
2019-06-25 04:51:00,0.31389060521524925
2019-06-25 04:54:00,0.3145618324095949
2019-06-25 04:57:00,0.33285236102341287
2019-06-25 05:00:00,0.44724836076773045
2019-06-25 05:03:00,0.486400340737589
2019-06-25 05:06:00,0.4663574007495299
2019-06-25 05:09:00,0.44937830726627226
2019-06-25 05:12:00,0.47251125253905
2019-06-25 05:15:00,0.4986399081435593
2019-06-25 05:18:00,0.35776470244843495
2019-06-25 05:21:00,0.326158234881575
2019-06-25 05:24:00,0.33535017101439735
2019-06-25 05:27:00,0.3043063905516874
2019-06-25 05:30:00,0.3002022117422598
2019-06-25 05:33:00,0.3199579872873528
2019-06-25 05:36:00,0.3650468918305023
2019-06-25 05:39:00,0.4016037355539197
2019-06-25 05:42:00,0.4106678127505461
2019-06-25 05:45:00,0.2983708947287482
2019-06-25 05:48:00,0.44870310691254645
2019-06-25 05:51:00,0.23353984778066206
2019-06-25 05:54:00,0.31955865684750506
2019-06-25 05:57:00,0.34502177388253585
2019-06-25 06:00:00,0.2610311859951935
2019-06-25 06:03:00,0.27285435124912283
2019-06-25 06:06:00,0.3284505532697608
2019-06-25 06:09:00,0.3715041624311084
2019-06-25 06:12:00,0.3804711996837682
2019-06-25 06:15:00,0.2832378692196471
2019-06-25 06:18:00,0.3313541801981046
2019-06-25 06:21:00,0.39009682533725254
2019-06-25 06:24:00,0.32022606813080756
2019-06-25 06:27:00,0.28703327861501293
2019-06-25 06:30:00,0.3202790118530743
2019-06-25 06:33:00,0.4120335857950863
2019-06-25 06:36:00,0.2902898024871092
2019-06-25 06:39:00,0.37279396739404547
2019-06-25 06:42:00,0.2508077703541858
2019-06-25 06:45:00,0.3670510300528349
2019-06-25 06:48:00,0.3815892534332761
2019-06-25 06:51:00,0.23834414304667462
2019-06-25 06:54:00,0.4039628311949741
2019-06-25 06:57:00,0.29091807085501387
2019-06-25 07:00:00,0.3268144602807297
2019-06-25 07:03:00,0.34386704720969874
2019-06-25 07:06:00,0.3899325130175839
2019-06-25 07:09:00,0.38303831324145676
2019-06-25 07:12:00,0.36663971361019776
2019-06-25 07:15:00,0.2682143981988361
2019-06-25 07:18:00,0.33836141398899144
2019-06-25 07:21:00,0.373941835210303
2019-06-25 07:24:00,0.31032986565543297
2019-06-25 07:27:00,0.37665808611757257
2019-06-25 07:30:00,0.29136451475977765
2019-06-25 07:33:00,0.2829578002254607
2019-06-25 07:36:00,0.3001229138259305
2019-06-25 07:39:00,0.34911661116308323
2019-06-25 07:42:00,0.29419017826842264
2019-06-25 07:45:00,0.3598284897601616
2019-06-25 07:48:00,0.26978080637610447
2019-06-25 07:51:00,0.31600980715290916
2019-06-25 07:54:00,0.4104415796699641
2019-06-25 07:57:00,0.2541316757860841
2019-06-25 08:00:00,0.3582277783768859
2019-06-25 08:03:00,0.25555746455086137
2019-06-25 08:06:00,0.2759218272431099
2019-06-25 08:09:00,0.23748553692223595
2019-06-25 08:12:00,0.26482186602760294
2019-06-25 08:15:00,0.2579469868315982
2019-06-25 08:18:00,0.1707741593259584
2019-06-25 08:21:00,0.23547252407576025
2019-06-25 08:24:00,0.2838201902502533
2019-06-25 08:27:00,0.2588040595534835
2019-06-25 08:30:00,0.2454823528612451
2019-06-25 08:33:00,0.1482993296625068
2019-06-25 08:36:00,0.1495430079361313
2019-06-25 08:39:00,0.16452138555990814
2019-06-25 08:42:00,0.22457745990737976
2019-06-25 08:45:00,0.1808633429083102
2019-06-25 08:48:00,0.14907403299969246
2019-06-25 08:51:00,0.2757965155284978
2019-06-25 08:54:00,0.18715661173490616
2019-06-25 08:57:00,0.16836360346457013
2019-06-25 09:00:00,0.23237115641018136
2019-06-25 09:03:00,0.21424290668306867
2019-06-25 09:06:00,0.224612683391058
2019-06-25 09:09:00,0.22153764742870408
2019-06-25 09:12:00,0.1207381687656266
2019-06-25 09:15:00,0.21624118633474154
2019-06-25 09:18:00,0.1901596366211038
2019-06-25 09:21:00,0.18474657250692417
2019-06-25 09:24:00,0.11160666897819738
2019-06-25 09:27:00,0.20490475121459895
2019-06-25 09:30:00,0.1412810896455312
2019-06-25 09:33:00,0.13246820090449773
2019-06-25 09:36:00,0.16236075289072005
2019-06-25 09:39:00,0.12977321214566473
2019-06-25 09:42:00,0.12375464066144559
2019-06-25 09:45:00,0.03948455801713635
2019-06-25 09:48:00,0.19877834762132807
2019-06-25 09:51:00,0.12113959997049051
2019-06-25 09:54:00,0.04915499630590148
2019-06-25 09:57:00,0.08167038879673783
2019-06-25 10:00:00,0.07723389521686386
2019-06-25 10:03:00,0.1307002153812391
2019-06-25 10:06:00,0.03424834019102718
2019-06-25 10:09:00,0.1882075490568127
2019-06-25 10:12:00,0.05934143079304022
2019-06-25 10:15:00,0.0870363475138447
2019-06-25 10:18:00,0.11500470818936037
2019-06-25 10:21:00,0.1124295247385021
2019-06-25 10:24:00,0.11914567630100237
2019-06-25 10:27:00,0.11674644179208826
2019-06-25 10:30:00,0.13127611912352677
2019-06-25 10:33:00,0.06713280181287473
2019-06-25 10:36:00,0.074133383453443
2019-06-25 10:39:00,0.14747044278129806
2019-06-25 10:42:00,0.16986435407488898
2019-06-25 10:45:00,0.10527885053221553
2019-06-25 10:48:00,0.07118901795155352
2019-06-25 10:51:00,0.1233845086759402
2019-06-25 10:54:00,0.10177542723010902
2019-06-25 10:57:00,0.07463105476631426
2019-06-25 11:00:00,0.06554934651887834
2019-06-25 11:03:00,0.031214313981138275
2019-06-25 11:06:00,-0.08992477131567966
2019-06-25 11:09:00,-0.06647267232216336
2019-06-25 11:12:00,-0.03618016284008263
2019-06-25 11:15:00,-0.09991161460135345
2019-06-25 11:18:00,-0.11310257053008854
2019-06-25 11:21:00,-0.19515402524996261
2019-06-25 11:24:00,-0.1355287729486463
2019-06-25 11:27:00,-0.13566678516360753
2019-06-25 11:30:00,-0.16331369029347798
2019-06-25 11:33:00,-0.14767446956460617
2019-06-25 11:36:00,-0.09243853042880801
2019-06-25 11:39:00,-0.09141631197690003
2019-06-25 11:42:00,-0.24708693966920237
2019-06-25 11:45:00,-0.18423025117425595
2019-06-25 11:48:00,-0.1726550467348602
2019-06-25 11:51:00,-0.09715675326162909
2019-06-25 11:54:00,-0.16342404354134032
2019-06-25 11:57:00,-0.15760074135914692
2019-06-25 12:00:00,-0.1430823279199558
2019-06-25 12:03:00,-0.22070080515038626
2019-06-25 12:06:00,-0.25591930015696107
2019-06-25 12:09:00,-0.2231446349138082
2019-06-25 12:12:00,-0.1841782954892892
2019-06-25 12:15:00,-0.17132509312023103
2019-06-25 12:18:00,-0.2432514909799579
2019-06-25 12:21:00,-0.26463168011514426
2019-06-25 12:24:00,-0.24742359830293026
2019-06-25 12:27:00,-0.22204612298946813
2019-06-25 12:30:00,-0.24285140914082604
2019-06-25 12:33:00,-0.2390313919921141
2019-06-25 12:36:00,-0.3260797419999335
2019-06-25 12:39:00,-0.22199059759259399
2019-06-25 12:42:00,-0.2507717039434283
2019-06-25 12:45:00,-0.2723778435621398
2019-06-25 12:48:00,-0.30267519949086363
2019-06-25 12:51:00,-0.34597104265901635
2019-06-25 12:54:00,-0.2520129394006858
2019-06-25 12:57:00,-0.32535149946113506
2019-06-25 13:00:00,-0.3698887725114446
2019-06-25 13:03:00,-0.32025739366440575
2019-06-25 13:06:00,-0.2958340341135113
2019-06-25 13:09:00,-0.39401619980969826
2019-06-25 13:12:00,-0.3532441495198668
2019-06-25 13:15:00,-0.35550181494483013
2019-06-25 13:18:00,-0.27684135515568187
2019-06-25 13:21:00,-0.27861222693377385
2019-06-25 13:24:00,-0.24569234281693753
2019-06-25 13:27:00,-0.31625542920602356
2019-06-25 13:30:00,-0.27491353235058114
2019-06-25 13:33:00,-0.3029401929835558
2019-06-25 13:36:00,-0.25755214310640895
2019-06-25 13:39:00,-0.29317275350666705
2019-06-25 13:42:00,-0.3281198950484736
2019-06-25 13:45:00,-0.2434645743384749
2019-06-25 13:48:00,-0.23895539637413776
2019-06-25 13:51:00,-0.1651244052650327
2019-06-25 13:54:00,-0.16273907799728704
2019-06-25 13:57:00,-0.22293808266817905
2019-06-25 14:00:00,-0.20539368992785967
2019-06-25 14:03:00,-0.09554281889660388
2019-06-25 14:06:00,-0.20696840470066036
2019-06-25 14:09:00,-0.28724391237869895
2019-06-25 14:12:00,-0.3581291060241938
2019-06-25 14:15:00,-0.1717949311498046
2019-06-25 14:18:00,-0.32074382325481565
2019-06-25 14:21:00,-0.26628181717376265
2019-06-25 14:24:00,-0.22924024476424165
2019-06-25 14:27:00,-0.14733747815654397
2019-06-25 14:30:00,-0.17684290565705396
2019-06-25 14:33:00,-0.06475735888585632
2019-06-25 14:36:00,-0.17579616925337405
2019-06-25 14:39:00,-0.31835008207440296
2019-06-25 14:42:00,-0.23471451281756117
2019-06-25 14:45:00,-0.27164522125326585
2019-06-25 14:48:00,-0.2927426411731062
2019-06-25 14:51:00,-0.26898469961741966
2019-06-25 14:54:00,-0.3806587485474324
2019-06-25 14:57:00,-0.3002553907508627
2019-06-25 15:00:00,-0.26313539324138446
2019-06-25 15:03:00,-0.2586191370539268
2019-06-25 15:06:00,-0.28219079951020376
2019-06-25 15:09:00,-0.32413030766730344
2019-06-25 15:12:00,-0.18734513648013262
2019-06-25 15:15:00,-0.37994225529592995
2019-06-25 15:18:00,-0.35421573557283637
2019-06-25 15:21:00,-0.36720259327051963
2019-06-25 15:24:00,-0.5326152127892101
2019-06-25 15:27:00,-0.42751890473005005
2019-06-25 15:30:00,-0.3401476817198841
2019-06-25 15:33:00,-0.4146317937311892
2019-06-25 15:36:00,-0.27209354011239384
2019-06-25 15:39:00,-0.3721498819672888
2019-06-25 15:42:00,-0.3221373507644216
2019-06-25 15:45:00,-0.40297716517716253
2019-06-25 15:48:00,-0.3835367127580298
2019-06-25 15:51:00,-0.4756659961796572
2019-06-25 15:54:00,-0.3989257449460979
2019-06-25 15:57:00,-0.36643209409675137
2019-06-25 16:00:00,-0.3372499496833825
2019-06-25 16:03:00,-0.4227684445333466
2019-06-25 16:06:00,-0.3414770134372134
2019-06-25 16:09:00,-0.3086459261976984
2019-06-25 16:12:00,-0.5288499810283156
2019-06-25 16:15:00,-0.5276549485155329
2019-06-25 16:18:00,-0.464032981606465
2019-06-25 16:21:00,-0.4873639079099803
2019-06-25 16:24:00,-0.3425825926653374
2019-06-25 16:27:00,-0.3784864188428969
2019-06-25 16:30:00,-0.3550484803789118
2019-06-25 16:33:00,-0.34239036568112624
2019-06-25 16:36:00,-0.36002745536166003
2019-06-25 16:39:00,-0.327711175903346
2019-06-25 16:42:00,-0.314961743789695
2019-06-25 16:45:00,-0.31805869961885946
2019-06-25 16:48:00,-0.1538103806880713
2019-06-25 16:51:00,-0.18250772454774733
2019-06-25 16:54:00,-0.25000933056082886
2019-06-25 16:57:00,-0.05879719225595181
2019-06-25 17:00:00,-0.16049228869269427
2019-06-25 17:03:00,-0.32747303503066405
2019-06-25 17:06:00,-0.3224809340035222
2019-06-25 17:09:00,-0.27098950937454447
2019-06-25 17:12:00,-0.3882221630442473
2019-06-25 17:15:00,-0.31830579423058225
2019-06-25 17:18:00,-0.3869287294107835
2019-06-25 17:21:00,-0.2444465496799353
2019-06-25 17:24:00,-0.3418499383575977
2019-06-25 17:27:00,-0.3000141393130207
2019-06-25 17:30:00,-0.3484900065329839
2019-06-25 17:33:00,-0.3674713130840246
2019-06-25 17:36:00,-0.3365458986659178
2019-06-25 17:39:00,-0.3321114718575018
2019-06-25 17:42:00,-0.3063783805721414
2019-06-25 17:45:00,-0.3749044648328095
2019-06-25 17:48:00,-0.31066412293978374
2019-06-25 17:51:00,-0.2878325990475332
2019-06-25 17:54:00,0.24945344784714507
2019-06-25 17:57:00,0.10588426796084605
2019-06-25 18:00:00,0.04910945858114246
2019-06-25 18:03:00,0.22902250141646618
2019-06-25 18:06:00,0.3738963011446117
2019-06-25 18:09:00,0.36487923732920535
2019-06-25 18:12:00,0.5084629990691951
2019-06-25 18:15:00,0.5211777587578581
2019-06-25 18:18:00,0.5273240585482881
2019-06-25 18:21:00,0.4958078367753842
2019-06-25 18:24:00,0.5058039135756758
2019-06-25 18:27:00,0.35811810270604383
2019-06-25 18:30:00,0.29884907616997225
2019-06-25 18:33:00,0.16973839358985288
2019-06-25 18:36:00,0.16948264296235038
2019-06-25 18:39:00,0.1320602844621135
2019-06-25 18:42:00,0.10376470595218734
2019-06-25 18:45:00,0.05483779500343644
2019-06-25 18:48:00,-0.0013052701843889736
2019-06-25 18:51:00,0.05977476011946692
2019-06-25 18:54:00,
2019-06-25 18:57:00,
2019-06-25 19:00:00,
2019-06-25 19:03:00,0.0446394892724129
2019-06-25 19:06:00,0.01547572520689755
2019-06-25 19:09:00,-0.023613734454613677
2019-06-25 19:12:00,0.08260537133924117
2019-06-25 19:15:00,-0.047591976419539606
2019-06-25 19:18:00,0.03859918345699498
2019-06-25 19:21:00,-0.06150287914050523
2019-06-25 19:24:00,0.034564185959652605
2019-06-25 19:27:00,0.011704617351142588
2019-06-25 19:30:00,0.043303345472509136
2019-06-25 19:33:00,-0.0008586645963077899
2019-06-25 19:36:00,0.09881608899758021
2019-06-25 19:39:00,-0.01081797484425806
2019-06-25 19:42:00,0.047259406305045104
2019-06-25 19:45:00,-0.13519165017567047
2019-06-25 19:48:00,-0.03270509229525942
2019-06-25 19:51:00,0.055430589348816284
2019-06-25 19:54:00,-0.008518194646796928
2019-06-25 19:57:00,0.017542600979197687
2019-06-25 20:00:00,0.17263828529513603
2019-06-25 20:03:00,0.013384698827167085
2019-06-25 20:06:00,0.07069183892360797
2019-06-25 20:09:00,0.019461918782155863
2019-06-25 20:12:00,0.10566612324475955
2019-06-25 20:15:00,-0.02380246476911907
2019-06-25 20:18:00,0.02494478227492891
2019-06-25 20:21:00,0.005994924853951034
2019-06-25 20:24:00,0.14176947703754195
2019-06-25 20:27:00,0.044975615590146845
2019-06-25 20:30:00,-0.007491855872615361
2019-06-25 20:33:00,-0.008427372255994214
2019-06-25 20:36:00,-0.028895525185873794
2019-06-25 20:39:00,0.040841724378822164
2019-06-25 20:42:00,-0.0008076541743662347
2019-06-25 20:45:00,0.09948564199470411
2019-06-25 20:48:00,0.07695857538647033
2019-06-25 20:51:00,0.05094975619141451
2019-06-25 20:54:00,0.11225135257342345
2019-06-25 20:57:00,0.06083040051544231
2019-06-25 21:00:00,0.1246199793146161
2019-06-25 21:03:00,-0.022911768794926957
2019-06-25 21:06:00,0.09891257700900269
2019-06-25 21:09:00,0.09432125060988028
2019-06-25 21:12:00,-0.0053136034551357625
2019-06-25 21:15:00,0.045871215448016756
2019-06-25 21:18:00,0.11897524747513444
2019-06-25 21:21:00,0.0324139603390563
2019-06-25 21:24:00,0.12083675644993264
2019-06-25 21:27:00,0.03398849570140783
2019-06-25 21:30:00,0.11951541121362652
2019-06-25 21:33:00,0.18692008560327622
2019-06-25 21:36:00,0.10778301454638495
2019-06-25 21:39:00,0.11776648617478713
2019-06-25 21:42:00,0.1156588485206953
2019-06-25 21:45:00,0.061953321123098704
2019-06-25 21:48:00,0.13107455055489936
2019-06-25 21:51:00,0.0005569315065940827
2019-06-25 21:54:00,0.08882495221769204
2019-06-25 21:57:00,0.1324663390159344
2019-06-25 22:00:00,0.09112523919748128
2019-06-25 22:03:00,0.07162978897542871
2019-06-25 22:06:00,0.13416592388421122
2019-06-25 22:09:00,0.06828764365803863
2019-06-25 22:12:00,0.11350709290849181
2019-06-25 22:15:00,0.07659243533504423
2019-06-25 22:18:00,0.17476901688576163
2019-06-25 22:21:00,0.11004183790873867
2019-06-25 22:24:00,0.10540175073998626
2019-06-25 22:27:00,0.13223510287713225
2019-06-25 22:30:00,0.12042689696232856
2019-06-25 22:33:00,0.014046569746653859
2019-06-25 22:36:00,0.06986271904634123
2019-06-25 22:39:00,0.1838037511659536
2019-06-25 22:42:00,0.13975592375214774
2019-06-25 22:45:00,0.058370756477927443
2019-06-25 22:48:00,0.045525418299405374
2019-06-25 22:51:00,0.1274200418592386
2019-06-25 22:54:00,0.2253546726204263
2019-06-25 22:57:00,0.0788104954177129
2019-06-25 23:00:00,0.12856212607164252
2019-06-25 23:03:00,0.17181024809571
2019-06-25 23:06:00,0.13244212646100095
2019-06-25 23:09:00,0.1721098207228806
2019-06-25 23:12:00,0.1714259985899389
2019-06-25 23:15:00,0.18331699106988708
2019-06-25 23:18:00,0.1133445502762811
2019-06-25 23:21:00,0.19423260181349633
2019-06-25 23:24:00,0.16451073668241634
2019-06-25 23:27:00,0.2163798714294103
2019-06-25 23:30:00,0.15284018039238845
2019-06-25 23:33:00,0.3155889090247115
2019-06-25 23:36:00,0.19720335868908023
2019-06-25 23:39:00,0.2149359947245557
2019-06-25 23:42:00,0.21635948385693382
2019-06-25 23:45:00,0.2355924006380974
2019-06-25 23:48:00,0.16863736124668094
2019-06-25 23:51:00,0.17486930702199288
2019-06-25 23:54:00,0.16521530380668992
2019-06-25 23:57:00,0.22855098188983902
2019-06-26 00:00:00,0.251795678572023
2019-06-26 00:03:00,0.21632446608856526
2019-06-26 00:06:00,0.19369898261464868
2019-06-26 00:09:00,0.27930166887813357
2019-06-26 00:12:00,0.2443555191861151
2019-06-26 00:15:00,0.2549693001754463
2019-06-26 00:18:00,0.24082792121083685
2019-06-26 00:21:00,0.2197559258175943
2019-06-26 00:24:00,0.21267413466097196
2019-06-26 00:27:00,0.2509657997182444
2019-06-26 00:30:00,0.2388717801435405
2019-06-26 00:33:00,0.19135083845532108
2019-06-26 00:36:00,0.20575898435953377
2019-06-26 00:39:00,0.2549262943536519
2019-06-26 00:42:00,0.15815052945606567
2019-06-26 00:45:00,0.18565781597436626
2019-06-26 00:48:00,0.24526786475678364
2019-06-26 00:51:00,0.2263695820427074
2019-06-26 00:54:00,0.25623774144486333
2019-06-26 00:57:00,0.21726802352179675
2019-06-26 01:00:00,0.24094295670960264
2019-06-26 01:03:00,0.2618195867307236
2019-06-26 01:06:00,0.23243953683385143
2019-06-26 01:09:00,0.2615397016768952
2019-06-26 01:12:00,0.22005691556665852
2019-06-26 01:15:00,0.2705985559247779
2019-06-26 01:18:00,0.35818517022102014
2019-06-26 01:21:00,0.35401629034555526
2019-06-26 01:24:00,0.34312307256647046
2019-06-26 01:27:00,0.2237703575574983
2019-06-26 01:30:00,0.252339146629879
2019-06-26 01:33:00,0.33787487953793516
2019-06-26 01:36:00,0.23568075722909043
2019-06-26 01:39:00,0.23013068867118136
2019-06-26 01:42:00,0.19099259726152695
2019-06-26 01:45:00,0.40207419052461546
2019-06-26 01:48:00,0.3162103906062157
2019-06-26 01:51:00,0.3736249771587836
2019-06-26 01:54:00,0.35466460007148726
2019-06-26 01:57:00,0.27248452856764516
2019-06-26 02:00:00,0.32740966464348276
2019-06-26 02:03:00,0.241208242823177
2019-06-26 02:06:00,0.31846785894344976
2019-06-26 02:09:00,0.25518682273207105
2019-06-26 02:12:00,0.21354993923085885
2019-06-26 02:15:00,0.2524276491424189
2019-06-26 02:18:00,0.3238043865194413
2019-06-26 02:21:00,0.17113661157105753
2019-06-26 02:24:00,0.31764038310615206
2019-06-26 02:27:00,0.2699601502663995
2019-06-26 02:30:00,0.1763799497057903
2019-06-26 02:33:00,0.25288775972774147
2019-06-26 02:36:00,0.4001327640731347
2019-06-26 02:39:00,0.2778658501966902
2019-06-26 02:42:00,0.3339800629420324
2019-06-26 02:45:00,0.36223518060620563
2019-06-26 02:48:00,0.2513536688326212
2019-06-26 02:51:00,0.2733991531404172
2019-06-26 02:54:00,0.31122643619926293
2019-06-26 02:57:00,0.3038166154735791
2019-06-26 03:00:00,0.36736870734381455
2019-06-26 03:03:00,0.3082300125842039
2019-06-26 03:06:00,0.32670947987224963
2019-06-26 03:09:00,0.265386068821158
2019-06-26 03:12:00,0.3291473322631191
2019-06-26 03:15:00,0.2579192079539325
2019-06-26 03:18:00,0.31355779543031304
2019-06-26 03:21:00,0.31043634672204234
2019-06-26 03:24:00,0.33698168406135665
2019-06-26 03:27:00,0.20563548845626656
2019-06-26 03:30:00,0.3030078088340815
2019-06-26 03:33:00,0.42159405369625347
2019-06-26 03:36:00,0.17664486300981252
2019-06-26 03:39:00,0.35128423344440307
2019-06-26 03:42:00,0.366220229812825
2019-06-26 03:45:00,0.34430730796623266
2019-06-26 03:48:00,0.2719165564182049
2019-06-26 03:51:00,0.3300687355430796
2019-06-26 03:54:00,0.3457776716531953
2019-06-26 03:57:00,0.2907991139387036
2019-06-26 04:00:00,0.27909660426962546
2019-06-26 04:03:00,0.32740888645327004
2019-06-26 04:06:00,0.3297695575803914
2019-06-26 04:09:00,0.3189954659131331
2019-06-26 04:12:00,0.29143316594672797
2019-06-26 04:15:00,0.32192841196729205
2019-06-26 04:18:00,0.3141221266837988
2019-06-26 04:21:00,0.32657257926047123
2019-06-26 04:24:00,0.4293653738129706
2019-06-26 04:27:00,0.34966478645532106
2019-06-26 04:30:00,0.2859769119037878
2019-06-26 04:33:00,0.3207055317328127
2019-06-26 04:36:00,0.32362555611433663
2019-06-26 04:39:00,0.4076515609086755
2019-06-26 04:42:00,0.3823210822789065
2019-06-26 04:45:00,0.39928112448416186
2019-06-26 04:48:00,0.35321113438260454
2019-06-26 04:51:00,0.44061159067069866
2019-06-26 04:54:00,0.45964235874129145
2019-06-26 04:57:00,0.4160255477177657
2019-06-26 05:00:00,0.4563953396868783
2019-06-26 05:03:00,0.35758729165661407
2019-06-26 05:06:00,0.4284459813385979
2019-06-26 05:09:00,0.3712205225969001
2019-06-26 05:12:00,0.34043089734029763
2019-06-26 05:15:00,0.35592918860055534
2019-06-26 05:18:00,0.304725080375988
2019-06-26 05:21:00,0.3725828693757194
2019-06-26 05:24:00,0.4203585485913095
2019-06-26 05:27:00,0.34433135100437084
2019-06-26 05:30:00,0.2525940425707063
2019-06-26 05:33:00,0.3665002626293017
2019-06-26 05:36:00,0.3814936188441038
2019-06-26 05:39:00,0.262323794240956
2019-06-26 05:42:00,0.46049726392908497
2019-06-26 05:45:00,0.3315062597058045
2019-06-26 05:48:00,0.3465858057497826
2019-06-26 05:51:00,0.3925302635592516
2019-06-26 05:54:00,0.35113365521715423
2019-06-26 05:57:00,0.3503876349113284
2019-06-26 06:00:00,0.37352152689129525
2019-06-26 06:03:00,0.40206725704643986
2019-06-26 06:06:00,0.33384369427989213
2019-06-26 06:09:00,0.5113102882116891
2019-06-26 06:12:00,0.4694892842340437
2019-06-26 06:15:00,0.4034083274279965
2019-06-26 06:18:00,0.40349685304988725
2019-06-26 06:21:00,0.44267495682811386
2019-06-26 06:24:00,0.4781418959428265
2019-06-26 06:27:00,0.39820329214478534
2019-06-26 06:30:00,0.46541155916582966
2019-06-26 06:33:00,0.47786821257182055
2019-06-26 06:36:00,0.4259919215804757
2019-06-26 06:39:00,0.5249978215927058
2019-06-26 06:42:00,0.38624352428314523
2019-06-26 06:45:00,0.40216051507911743
2019-06-26 06:48:00,0.5019201500750228
2019-06-26 06:51:00,0.3991368068661245
2019-06-26 06:54:00,0.45973471048677084
2019-06-26 06:57:00,0.4539571724018856
2019-06-26 07:00:00,0.4880275379078398
2019-06-26 07:03:00,0.41801899725572866
2019-06-26 07:06:00,0.4452429651709622
2019-06-26 07:09:00,0.43536512035529995
2019-06-26 07:12:00,0.4824173903382416
2019-06-26 07:15:00,0.468410687989433
2019-06-26 07:18:00,0.39767501591632026
2019-06-26 07:21:00,0.39107226418593655
2019-06-26 07:24:00,0.4448446451816608
2019-06-26 07:27:00,0.4754395902241981
2019-06-26 07:30:00,0.38814025749371694
2019-06-26 07:33:00,0.46017649273596817
2019-06-26 07:36:00,0.42956946419263886
2019-06-26 07:39:00,0.38899148002207085
2019-06-26 07:42:00,0.3335166111432386
2019-06-26 07:45:00,0.3750156567446652
2019-06-26 07:48:00,0.36550913974457444
2019-06-26 07:51:00,0.33842279160273847
2019-06-26 07:54:00,0.2690576276590946
2019-06-26 07:57:00,0.3061914013159708
2019-06-26 08:00:00,0.3404587043651759
2019-06-26 08:03:00,0.22973185468589463
2019-06-26 08:06:00,0.2086368125871445
2019-06-26 08:09:00,0.2472418306898021
2019-06-26 08:12:00,0.24805178502248282
2019-06-26 08:15:00,0.2914029936006841
2019-06-26 08:18:00,0.259459141320292
2019-06-26 08:21:00,0.20246371863936474
2019-06-26 08:24:00,0.14723582540568714
2019-06-26 08:27:00,0.18987581210922144
2019-06-26 08:30:00,0.13534577536495362
2019-06-26 08:33:00,0.12192652981150331
2019-06-26 08:36:00,0.20157931645763938
2019-06-26 08:39:00,0.08251422916106321
2019-06-26 08:42:00,0.091868057140573
2019-06-26 08:45:00,0.19129933754680906
2019-06-26 08:48:00,0.15120836849308716
2019-06-26 08:51:00,0.12481443056782382
2019-06-26 08:54:00,0.10197418329403263
2019-06-26 08:57:00,0.09828929366170769
2019-06-26 09:00:00,0.10226519958922609
2019-06-26 09:03:00,0.052389596940884076
2019-06-26 09:06:00,0.15784202118481971
2019-06-26 09:09:00,0.06496526426258242
2019-06-26 09:12:00,0.06345246787333281
2019-06-26 09:15:00,0.08812224573688354
2019-06-26 09:18:00,0.026230392859190488
2019-06-26 09:21:00,0.026848270648258676
2019-06-26 09:24:00,0.030692767974812796
2019-06-26 09:27:00,0.07272574367021889
2019-06-26 09:30:00,0.060988109920799616
2019-06-26 09:33:00,0.022145865697325462
2019-06-26 09:36:00,0.06496601715508632
2019-06-26 09:39:00,-0.050233248766858196
2019-06-26 09:42:00,-0.01266728355091118
2019-06-26 09:45:00,-0.020533674028627047
2019-06-26 09:48:00,-0.13639687016257085
2019-06-26 09:51:00,-0.007833404719463033
2019-06-26 09:54:00,-0.06769774825716013
2019-06-26 09:57:00,-0.1633115294719687
2019-06-26 10:00:00,-0.10705725458961979
2019-06-26 10:03:00,-0.1683002124292443
2019-06-26 10:06:00,-0.08642581948396355
2019-06-26 10:09:00,-0.1938815118335242
2019-06-26 10:12:00,-0.14977737437965288
2019-06-26 10:15:00,-0.07636212292379696
2019-06-26 10:18:00,-0.07181286697334599
2019-06-26 10:21:00,-0.14288266726032361
2019-06-26 10:24:00,-0.17744758975857167
2019-06-26 10:27:00,-0.21171648659714037
2019-06-26 10:30:00,-0.10616834252755325
2019-06-26 10:33:00,-0.16241300877396725
2019-06-26 10:36:00,-0.1394180847782991
2019-06-26 10:39:00,-0.2290676735340753
2019-06-26 10:42:00,-0.1049157802301579
2019-06-26 10:45:00,-0.12053973011336439
2019-06-26 10:48:00,-0.11510530019262433
2019-06-26 10:51:00,-0.16353015283772265
2019-06-26 10:54:00,-0.193836991086755
2019-06-26 10:57:00,-0.11411807127620932
2019-06-26 11:00:00,-0.28649265060937523
2019-06-26 11:03:00,-0.32075616977544996
2019-06-26 11:06:00,-0.30766817103869926
2019-06-26 11:09:00,-0.17855447686235948
2019-06-26 11:12:00,-0.3191564406891416
2019-06-26 11:15:00,-0.23374863657738842
2019-06-26 11:18:00,-0.3190329035184618
2019-06-26 11:21:00,-0.26103324389794125
2019-06-26 11:24:00,-0.2520582894758263
2019-06-26 11:27:00,-0.25806563979597286
2019-06-26 11:30:00,-0.2920245834517914
2019-06-26 11:33:00,-0.224855171487377
2019-06-26 11:36:00,-0.289935556993953
2019-06-26 11:39:00,-0.1881337258761846
2019-06-26 11:42:00,-0.3395485006492436
2019-06-26 11:45:00,-0.2966666657766268
2019-06-26 11:48:00,-0.36516199354895207
2019-06-26 11:51:00,-0.42172710488705434
2019-06-26 11:54:00,-0.4828249132351061
2019-06-26 11:57:00,-0.41666309559042247
2019-06-26 12:00:00,-0.3589427552965958
2019-06-26 12:03:00,-0.20036867126088964
2019-06-26 12:06:00,-0.4511052539428988
2019-06-26 12:09:00,-0.3216110281451847
2019-06-26 12:12:00,-0.38714506701956
2019-06-26 12:15:00,-0.236411986942187
2019-06-26 12:18:00,-0.35419911717355035
2019-06-26 12:21:00,-0.3949762627105997
2019-06-26 12:24:00,-0.3770227730276474
2019-06-26 12:27:00,-0.30696065021032837
2019-06-26 12:30:00,-0.4400616159358606
2019-06-26 12:33:00,-0.3427031738744404
2019-06-26 12:36:00,-0.3639505155992424
2019-06-26 12:39:00,-0.3120101012224268
2019-06-26 12:42:00,-0.4077746646930791
2019-06-26 12:45:00,-0.3630883948405881
2019-06-26 12:48:00,-0.34485738204261907
2019-06-26 12:51:00,-0.3802531856848077
2019-06-26 12:54:00,-0.38385719611397917
2019-06-26 12:57:00,-0.4083467972810695
2019-06-26 13:00:00,-0.4143121102692362
2019-06-26 13:03:00,-0.37358090651116527
2019-06-26 13:06:00,-0.44327409086474745
2019-06-26 13:09:00,-0.34948385152148376
2019-06-26 13:12:00,-0.4509238302583185
2019-06-26 13:15:00,-0.4109584251804108
2019-06-26 13:18:00,-0.3064254423742909
2019-06-26 13:21:00,-0.3777792167692837
2019-06-26 13:24:00,-0.3871998976711666
2019-06-26 13:27:00,-0.39036897456668385
2019-06-26 13:30:00,-0.4811487820284128
2019-06-26 13:33:00,-0.4107816582343844
2019-06-26 13:36:00,-0.4199246865171631
2019-06-26 13:39:00,-0.5723212672180011
2019-06-26 13:42:00,-0.3576077047065951
2019-06-26 13:45:00,-0.4183613749929691
2019-06-26 13:48:00,-0.5680671016143606
2019-06-26 13:51:00,-0.40989652455112946
2019-06-26 13:54:00,-0.4684978072370427
2019-06-26 13:57:00,-0.4978704135516523
2019-06-26 14:00:00,-0.5395305272415385
2019-06-26 14:03:00,-0.47668610135849576
2019-06-26 14:06:00,-0.35841191165178543
2019-06-26 14:09:00,-0.419090140689093
2019-06-26 14:12:00,-0.46085246820615566
2019-06-26 14:15:00,-0.529647223936422
2019-06-26 14:18:00,-0.516182241994386
2019-06-26 14:21:00,-0.39548898177230285
2019-06-26 14:24:00,-0.4914801916369811
2019-06-26 14:27:00,-0.522482431259391
2019-06-26 14:30:00,-0.35097480488695965
2019-06-26 14:33:00,-0.40291745201488993
2019-06-26 14:36:00,-0.32788721823209244
2019-06-26 14:39:00,-0.4889189065511914
2019-06-26 14:42:00,-0.30288077771172084
2019-06-26 14:45:00,-0.4242279537126592
2019-06-26 14:48:00,-0.4430252414076108
2019-06-26 14:51:00,-0.31278285499666936
2019-06-26 14:54:00,-0.46639604888036956
2019-06-26 14:57:00,-0.447655140521249
2019-06-26 15:00:00,-0.4470016330508315
2019-06-26 15:03:00,-0.5120245424497512
2019-06-26 15:06:00,-0.487746068583192
2019-06-26 15:09:00,-0.39711229723161523
2019-06-26 15:12:00,-0.5882325513395017
2019-06-26 15:15:00,-0.374245883801791
2019-06-26 15:18:00,-0.3417540323409298
2019-06-26 15:21:00,-0.5517824424273385
2019-06-26 15:24:00,-0.5313899886693889
2019-06-26 15:27:00,-0.49900816998354003
2019-06-26 15:30:00,-0.5166813287654577
2019-06-26 15:33:00,-0.31328815499443863
2019-06-26 15:36:00,-0.270216765035002
2019-06-26 15:39:00,-0.29949251146132383
2019-06-26 15:42:00,-0.3600399878399685
2019-06-26 15:45:00,-0.3885501713713211
2019-06-26 15:48:00,-0.41186917290951897
2019-06-26 15:51:00,-0.4024854183123239
2019-06-26 15:54:00,-0.3074131939745257
2019-06-26 15:57:00,-0.359725508002839
2019-06-26 16:00:00,-0.3934691456566384
2019-06-26 16:03:00,-0.43245414822115436
2019-06-26 16:06:00,-0.4283504597492538
2019-06-26 16:09:00,-0.3714382243198884
2019-06-26 16:12:00,-0.4636648174696347
2019-06-26 16:15:00,-0.4344849984002508
2019-06-26 16:18:00,-0.4116647023691371
2019-06-26 16:21:00,-0.5411543902663425
2019-06-26 16:24:00,-0.3689590540820973
2019-06-26 16:27:00,-0.390925180779675
2019-06-26 16:30:00,-0.41434830181390225
2019-06-26 16:33:00,-0.44811858725432785
2019-06-26 16:36:00,-0.3845915275142602
2019-06-26 16:39:00,-0.35415755499161605
2019-06-26 16:42:00,-0.4711133500697997
2019-06-26 16:45:00,-0.4153498390542154
2019-06-26 16:48:00,-0.41331280078412647
2019-06-26 16:51:00,-0.44870604730772357
2019-06-26 16:54:00,-0.4987248919773606
2019-06-26 16:57:00,-0.5972310251587487
2019-06-26 17:00:00,-0.4169365727804575
2019-06-26 17:03:00,-0.41445606192792184
2019-06-26 17:06:00,-0.351640351662013
2019-06-26 17:09:00,-0.4761516832512598
2019-06-26 17:12:00,-0.37085499314758863
2019-06-26 17:15:00,-0.38405238290022226
2019-06-26 17:18:00,-0.493426872998441
2019-06-26 17:21:00,-0.5292063498197876
2019-06-26 17:24:00,-0.4712034192828014
2019-06-26 17:27:00,-0.4001895766364214
2019-06-26 17:30:00,-0.3947977303024004
2019-06-26 17:33:00,-0.4821385183850566
2019-06-26 17:36:00,-0.33337804212374067
2019-06-26 17:39:00,-0.4974364285200181
2019-06-26 17:42:00,-0.5399761967873928
2019-06-26 17:45:00,-0.44518171018421526
2019-06-26 17:48:00,-0.4715137844868309
2019-06-26 17:51:00,-0.4952169465854013
2019-06-26 17:54:00,-0.4415588456727164
2019-06-26 17:57:00,-0.41529281669397733
2019-06-26 18:00:00,-0.43214576058829834
2019-06-26 18:03:00,-0.37045957341285884
2019-06-26 18:06:00,-0.40164985812907616
2019-06-26 18:09:00,-0.2668499514925884
2019-06-26 18:12:00,-0.2973716487637148
2019-06-26 18:15:00,-0.36964789559203837
2019-06-26 18:18:00,-0.1765849619924893
2019-06-26 18:21:00,-0.2725138851592419
2019-06-26 18:24:00,-0.16407868122678337
2019-06-26 18:27:00,-0.2445629792837849
2019-06-26 18:30:00,-0.24449295898324408
2019-06-26 18:33:00,-0.26901572799181395
2019-06-26 18:36:00,-0.28038739087571685
2019-06-26 18:39:00,-0.18925916781080332
2019-06-26 18:42:00,-0.2627535679955031
2019-06-26 18:45:00,-0.1767659600635625
2019-06-26 18:48:00,-0.3080163517224719
2019-06-26 18:51:00,-0.2176499541432122
2019-06-26 18:54:00,
2019-06-26 18:57:00,
2019-06-26 19:00:00,
2019-06-26 19:03:00,-0.24685405620346046
2019-06-26 19:06:00,-0.18518229632684324
2019-06-26 19:09:00,-0.15635582322659047
2019-06-26 19:12:00,-0.17190147401777267
2019-06-26 19:15:00,-0.11596828978025542
2019-06-26 19:18:00,-0.19058611592464558
2019-06-26 19:21:00,-0.2275033500566792
2019-06-26 19:24:00,-0.19934867329880035
2019-06-26 19:27:00,-0.11610191028199779
2019-06-26 19:30:00,-0.19754668777494544
2019-06-26 19:33:00,-0.20060725654059297
2019-06-26 19:36:00,-0.13852434899001764
2019-06-26 19:39:00,-0.17622390467721516
2019-06-26 19:42:00,-0.06734033159034425
2019-06-26 19:45:00,-0.13204823373894214
2019-06-26 19:48:00,-0.06816614626353612
2019-06-26 19:51:00,-0.08189427229308421
2019-06-26 19:54:00,-0.11583489496587163
2019-06-26 19:57:00,-0.14676999579836547
2019-06-26 20:00:00,-0.08533273788987117
2019-06-26 20:03:00,-0.11749336422815304
2019-06-26 20:06:00,-0.10177762381795219
2019-06-26 20:09:00,-0.1694278033825185
2019-06-26 20:12:00,-0.13491919654933326
2019-06-26 20:15:00,-0.1798739993748768
2019-06-26 20:18:00,-0.0767311777065629
2019-06-26 20:21:00,-0.011771717026476836
2019-06-26 20:24:00,-0.015890939155610795
2019-06-26 20:27:00,-0.08463175838068082
2019-06-26 20:30:00,-0.021712532569722498
2019-06-26 20:33:00,0.0023840803698362834
2019-06-26 20:36:00,0.013231206873967949
2019-06-26 20:39:00,-0.04913142537446902
2019-06-26 20:42:00,0.03097716755695501
2019-06-26 20:45:00,-0.1324658420767264
2019-06-26 20:48:00,-0.09603824383469828
2019-06-26 20:51:00,-0.15610614998217898
2019-06-26 20:54:00,-0.014027252639948529
2019-06-26 20:57:00,-0.09520128986275722
2019-06-26 21:00:00,-0.07098369112509317
2019-06-26 21:03:00,0.07921541825726308
2019-06-26 21:06:00,0.02740188144741751
2019-06-26 21:09:00,0.05092991758539256
2019-06-26 21:12:00,0.03470191176018034
2019-06-26 21:15:00,-0.023680549240225446
2019-06-26 21:18:00,0.0036515023575134364
2019-06-26 21:21:00,0.04132091560217077
2019-06-26 21:24:00,0.011796087334118965
2019-06-26 21:27:00,0.03595215309962896
2019-06-26 21:30:00,0.018825367339502463
2019-06-26 21:33:00,0.004096663074221851
2019-06-26 21:36:00,0.05380012251526978
2019-06-26 21:39:00,0.023379881950802428
2019-06-26 21:42:00,0.002655274971118615
2019-06-26 21:45:00,0.002504708373749054
2019-06-26 21:48:00,0.043784308227088786
2019-06-26 21:51:00,0.011025965716044084
2019-06-26 21:54:00,-0.028914897046888655
2019-06-26 21:57:00,-0.05296582159655827
2019-06-26 22:00:00,-0.06332558525554077
2019-06-26 22:03:00,-0.028160248197252713
2019-06-26 22:06:00,0.04450842125061172
2019-06-26 22:09:00,-0.02941748865981708
2019-06-26 22:12:00,0.021553775306017542
2019-06-26 22:15:00,0.016039158662124464
2019-06-26 22:18:00,-0.1147625148013276
2019-06-26 22:21:00,-0.09921516460150315
2019-06-26 22:24:00,-0.08656253005801773
2019-06-26 22:27:00,-0.04070314181279855
2019-06-26 22:30:00,-0.008516087051987142
2019-06-26 22:33:00,-0.0320727163411334
2019-06-26 22:36:00,-0.08063206357223862
2019-06-26 22:39:00,-0.0992508674019632
2019-06-26 22:42:00,-0.19527825712390268
2019-06-26 22:45:00,-0.10447957543345865
2019-06-26 22:48:00,-0.1424828099332558
2019-06-26 22:51:00,-0.031909185643485216
2019-06-26 22:54:00,-0.015452336186001503
2019-06-26 22:57:00,0.017384472565879605
2019-06-26 23:00:00,-0.07705703126072194
2019-06-26 23:03:00,-0.03061259889466328
2019-06-26 23:06:00,-0.05683951918479124
2019-06-26 23:09:00,0.015942098649077252
2019-06-26 23:12:00,0.11424569859036637
2019-06-26 23:15:00,0.09427580430383387
2019-06-26 23:18:00,0.09908645515037051
2019-06-26 23:21:00,0.1712272406032298
2019-06-26 23:24:00,0.025530207709209662
2019-06-26 23:27:00,0.07190883007120874
2019-06-26 23:30:00,0.04939036501576766
2019-06-26 23:33:00,0.05127600111666197
2019-06-26 23:36:00,0.06069070689966338
2019-06-26 23:39:00,0.02041157788954706
2019-06-26 23:42:00,0.0152544587440957
2019-06-26 23:45:00,0.12011699752633831
2019-06-26 23:48:00,0.13457212831428933
2019-06-26 23:51:00,0.11089277212846582
2019-06-26 23:54:00,-0.0008731439892244452
2019-06-26 23:57:00,-0.0010608917133936302
2019-06-27 00:00:00,0.055533515238153086
2019-06-27 00:03:00,0.1538590726390794
2019-06-27 00:06:00,0.07108418242029302
2019-06-27 00:09:00,0.12977886328241084
2019-06-27 00:12:00,0.14580405474532654
2019-06-27 00:15:00,0.1708650275539867
2019-06-27 00:18:00,0.11881110194559596
2019-06-27 00:21:00,0.24451306479653567
2019-06-27 00:24:00,0.11370938751264248
2019-06-27 00:27:00,0.14920582686414718
2019-06-27 00:30:00,0.1658653550289273
2019-06-27 00:33:00,0.25286100960886415
2019-06-27 00:36:00,0.13488347318354954
2019-06-27 00:39:00,0.16873766202144225
2019-06-27 00:42:00,0.16770761258482025
2019-06-27 00:45:00,0.17927122656703887
2019-06-27 00:48:00,0.22375893154361393
2019-06-27 00:51:00,0.11959294667150289
2019-06-27 00:54:00,0.18674003115927462
2019-06-27 00:57:00,0.16496957450897298
2019-06-27 01:00:00,0.1672534005409716
2019-06-27 01:03:00,0.06668255080506924
2019-06-27 01:06:00,0.007897727437807589
2019-06-27 01:09:00,0.07413210272886772
2019-06-27 01:12:00,0.19139169557638525
2019-06-27 01:15:00,0.052646309862495855
2019-06-27 01:18:00,0.07575008188945276
2019-06-27 01:21:00,0.1290828673149349
2019-06-27 01:24:00,0.017256871641336602
2019-06-27 01:27:00,0.14528271373194457
2019-06-27 01:30:00,0.1339896019273965
2019-06-27 01:33:00,-3.446504064186229e-05
2019-06-27 01:36:00,0.2514698300175837
2019-06-27 01:39:00,0.2831448637094809
2019-06-27 01:42:00,0.16327838346160206
2019-06-27 01:45:00,0.11824710981017006
2019-06-27 01:48:00,0.13262179084762238
2019-06-27 01:51:00,0.13782116387119459
2019-06-27 01:54:00,0.15051006693835234
2019-06-27 01:57:00,0.1453526963247782
2019-06-27 02:00:00,0.10078901934514306
2019-06-27 02:03:00,0.0961468413393618
2019-06-27 02:06:00,0.026049224718292407
2019-06-27 02:09:00,0.3107148952918237
2019-06-27 02:12:00,0.12197182661901707
2019-06-27 02:15:00,0.25635226752382323
2019-06-27 02:18:00,0.14392627816965842
2019-06-27 02:21:00,0.03667747039747837
2019-06-27 02:24:00,0.19805020680377083
2019-06-27 02:27:00,0.09221512073020222
2019-06-27 02:30:00,0.1572486113959144
2019-06-27 02:33:00,0.1532725250536373
2019-06-27 02:36:00,0.07620161718079999
2019-06-27 02:39:00,0.023077534326716886
2019-06-27 02:42:00,0.12278975699177863
2019-06-27 02:45:00,0.02612159005684589
2019-06-27 02:48:00,0.006969200087041827
2019-06-27 02:51:00,0.027778125835482115
2019-06-27 02:54:00,0.1038316075814123
2019-06-27 02:57:00,0.1593391415071892
2019-06-27 03:00:00,0.18848510830952137
2019-06-27 03:03:00,0.22600421236893453
2019-06-27 03:06:00,0.2538542252157754
2019-06-27 03:09:00,0.1838007790514098
2019-06-27 03:12:00,0.2952284956963922
2019-06-27 03:15:00,0.21566111361153162
2019-06-27 03:18:00,0.295248124039972
2019-06-27 03:21:00,0.3241630642208406
2019-06-27 03:24:00,0.3038303148360342
2019-06-27 03:27:00,0.3462998555186232
2019-06-27 03:30:00,0.30900857904583745
2019-06-27 03:33:00,0.3509330851937307
2019-06-27 03:36:00,0.34846379903422076
2019-06-27 03:39:00,0.30529787742386816
2019-06-27 03:42:00,0.2454205994512222
2019-06-27 03:45:00,0.2367355226425616
2019-06-27 03:48:00,0.3165449677459833
2019-06-27 03:51:00,0.2632094114715642
2019-06-27 03:54:00,0.21464883998550022
2019-06-27 03:57:00,0.2446577529649403
2019-06-27 04:00:00,0.31336832210990906
2019-06-27 04:03:00,0.3172171527151022
2019-06-27 04:06:00,0.24069403221488983
2019-06-27 04:09:00,0.34410271296292194
2019-06-27 04:12:00,0.3510790275896625
2019-06-27 04:15:00,0.33502610641977526
2019-06-27 04:18:00,0.4208850047176611
2019-06-27 04:21:00,0.32190717138922764
2019-06-27 04:24:00,0.32303591545252175
2019-06-27 04:27:00,0.2702527421193395
2019-06-27 04:30:00,0.2581184201873157
2019-06-27 04:33:00,0.26408769848575275
2019-06-27 04:36:00,0.31422205260963665
2019-06-27 04:39:00,0.2769753000425794
2019-06-27 04:42:00,0.2092753645925427
2019-06-27 04:45:00,0.2843023142665402
2019-06-27 04:48:00,0.27375559603638067
2019-06-27 04:51:00,0.28640615478713016
2019-06-27 04:54:00,0.36392435023560665
2019-06-27 04:57:00,0.3115527442624284
2019-06-27 05:00:00,0.2818811145161817
2019-06-27 05:03:00,0.2220973712061891
2019-06-27 05:06:00,0.28413241513260346
2019-06-27 05:09:00,0.29315584666846917
2019-06-27 05:12:00,0.24821167960237744
2019-06-27 05:15:00,0.34501025432257393
2019-06-27 05:18:00,0.29484036829279603
2019-06-27 05:21:00,0.24343091469336287
2019-06-27 05:24:00,0.237271388733177
2019-06-27 05:27:00,0.2706890348893012
2019-06-27 05:30:00,0.2804498569078646
2019-06-27 05:33:00,0.25914731609316277
2019-06-27 05:36:00,0.2561533806323837
2019-06-27 05:39:00,0.3049964978511639
2019-06-27 05:42:00,0.3112627192779769
2019-06-27 05:45:00,0.21936297963725337
2019-06-27 05:48:00,0.21998700082093592
2019-06-27 05:51:00,0.2956938439424448
2019-06-27 05:54:00,0.3443223731077296
2019-06-27 05:57:00,0.28947554457818114
2019-06-27 06:00:00,0.29572356725373083
2019-06-27 06:03:00,0.3185293050184441
2019-06-27 06:06:00,0.43128556838235
2019-06-27 06:09:00,0.39451267191009265
2019-06-27 06:12:00,0.352902149113163
2019-06-27 06:15:00,0.2682238519768134
2019-06-27 06:18:00,0.2898010429506712
2019-06-27 06:21:00,0.2847604631973013
2019-06-27 06:24:00,0.32498505487586726
2019-06-27 06:27:00,0.3279514264065142
2019-06-27 06:30:00,0.3347630424017325
2019-06-27 06:33:00,0.38479774583180415
2019-06-27 06:36:00,0.392381523697793
2019-06-27 06:39:00,0.36418835543457817
2019-06-27 06:42:00,0.25259918756762545
2019-06-27 06:45:00,0.26568421865914615
2019-06-27 06:48:00,0.3560500486536853
2019-06-27 06:51:00,0.3512742839511702
2019-06-27 06:54:00,0.3596746140809728
2019-06-27 06:57:00,0.24670323445451459
2019-06-27 07:00:00,0.36330133022545397
2019-06-27 07:03:00,0.3732142145876196
2019-06-27 07:06:00,0.31554512103076604
2019-06-27 07:09:00,0.35450668306282296
2019-06-27 07:12:00,0.3477762087784413
2019-06-27 07:15:00,0.3824726069236135
2019-06-27 07:18:00,0.3731209188655953
2019-06-27 07:21:00,0.36137150461161127
2019-06-27 07:24:00,0.3099678497986247
2019-06-27 07:27:00,0.31773175745286153
2019-06-27 07:30:00,0.22045187034939318
2019-06-27 07:33:00,0.29175822195179535
2019-06-27 07:36:00,0.28167409148250044
2019-06-27 07:39:00,0.43509091517273646
2019-06-27 07:42:00,0.30398212780062295
2019-06-27 07:45:00,0.28269382300197776
2019-06-27 07:48:00,0.2745876753527341
2019-06-27 07:51:00,0.2682707397754598
2019-06-27 07:54:00,0.2885094487479023
2019-06-27 07:57:00,0.22287571770550585
2019-06-27 08:00:00,0.2850340400647724
2019-06-27 08:03:00,0.2938974288400118
2019-06-27 08:06:00,0.2796065341897247
2019-06-27 08:09:00,0.2338798619250042
2019-06-27 08:12:00,0.266864109151129
2019-06-27 08:15:00,0.3541844596768442
2019-06-27 08:18:00,0.2451822678347071
2019-06-27 08:21:00,0.27925926688499203
2019-06-27 08:24:00,0.23171154028381125
2019-06-27 08:27:00,0.2750262755071162
2019-06-27 08:30:00,0.24160324696413227
2019-06-27 08:33:00,0.29421702697248975
2019-06-27 08:36:00,0.3101265591428728
2019-06-27 08:39:00,0.16866430604108018
2019-06-27 08:42:00,0.197104417228104
2019-06-27 08:45:00,0.31968178936421054
2019-06-27 08:48:00,0.299758071522092
2019-06-27 08:51:00,0.206167095058845
2019-06-27 08:54:00,0.2232706113955487
2019-06-27 08:57:00,0.19420547362614116
2019-06-27 09:00:00,0.1371819216422523
2019-06-27 09:03:00,0.23643427422200602
2019-06-27 09:06:00,0.1556452128003798
2019-06-27 09:09:00,0.14489463766295785
2019-06-27 09:12:00,0.16530904873701502
2019-06-27 09:15:00,0.046907406789557626
2019-06-27 09:18:00,0.11516222852844749
2019-06-27 09:21:00,0.03636693973999172
2019-06-27 09:24:00,-0.005290226777674434
2019-06-27 09:27:00,0.07078391809989171
2019-06-27 09:30:00,0.050303721759121345
2019-06-27 09:33:00,-5.480531058310589e-06
2019-06-27 09:36:00,0.029956895357656776
2019-06-27 09:39:00,-0.0010457215928454389
2019-06-27 09:42:00,-0.02980196105994537
2019-06-27 09:45:00,-0.14877832032937022
2019-06-27 09:48:00,-0.12590228688628713
2019-06-27 09:51:00,-0.11692437820607893
2019-06-27 09:54:00,-0.0653076488834472
2019-06-27 09:57:00,-0.05008892644934804
2019-06-27 10:00:00,-0.11433760045770214
2019-06-27 10:03:00,-0.2811459720732614
2019-06-27 10:06:00,-0.10221723586056441
2019-06-27 10:09:00,-0.08074257737592916
2019-06-27 10:12:00,-0.15859314761337373
2019-06-27 10:15:00,-0.1060425180544371
2019-06-27 10:18:00,-0.24523001017365686
2019-06-27 10:21:00,-0.18925043389333496
2019-06-27 10:24:00,-0.15428608921683917
2019-06-27 10:27:00,-0.2387269218108372
2019-06-27 10:30:00,-0.20318614421643133
2019-06-27 10:33:00,-0.13136202236154304
2019-06-27 10:36:00,-0.2674328541160662
2019-06-27 10:39:00,-0.18497926711370383
2019-06-27 10:42:00,-0.2177957855374757
2019-06-27 10:45:00,-0.28203461582575073
2019-06-27 10:48:00,-0.27267464196046376
2019-06-27 10:51:00,-0.1587569895414731
2019-06-27 10:54:00,-0.28904896489751764
2019-06-27 10:57:00,-0.2714232987146943
2019-06-27 11:00:00,-0.2334721367523116
2019-06-27 11:03:00,-0.229647816971692
2019-06-27 11:06:00,-0.24381493808886034
2019-06-27 11:09:00,-0.30399833551166466
2019-06-27 11:12:00,-0.14261603148429458
2019-06-27 11:15:00,-0.22535419269144086
2019-06-27 11:18:00,-0.3214836122360225
2019-06-27 11:21:00,-0.2861840682907655
2019-06-27 11:24:00,-0.26080926151882977
2019-06-27 11:27:00,-0.402192292287225
2019-06-27 11:30:00,-0.32486796826646014
2019-06-27 11:33:00,-0.29418176562910503
2019-06-27 11:36:00,-0.28420463262267504
2019-06-27 11:39:00,-0.32678937966517196
2019-06-27 11:42:00,-0.30070520306225035
2019-06-27 11:45:00,-0.2908332555418838
2019-06-27 11:48:00,-0.29743183214424107
2019-06-27 11:51:00,-0.28534836330481994
2019-06-27 11:54:00,-0.3927838368326775
2019-06-27 11:57:00,-0.26516950799060623
2019-06-27 12:00:00,-0.35315782887511205
2019-06-27 12:03:00,-0.2807082069479634
2019-06-27 12:06:00,-0.2911953077997964
2019-06-27 12:09:00,-0.27728319848245064
2019-06-27 12:12:00,-0.3871620993988927
2019-06-27 12:15:00,-0.31723394731204735
2019-06-27 12:18:00,-0.38569825615996933
2019-06-27 12:21:00,-0.3876807725462754
2019-06-27 12:24:00,-0.40141698728979236
2019-06-27 12:27:00,-0.41450256801175556
2019-06-27 12:30:00,-0.3006674835622789
2019-06-27 12:33:00,-0.33006036224611535
2019-06-27 12:36:00,-0.4121071313142579
2019-06-27 12:39:00,-0.41336879566921425
2019-06-27 12:42:00,-0.47382142564873675
2019-06-27 12:45:00,-0.37392843541078946
2019-06-27 12:48:00,-0.4199970126571202
2019-06-27 12:51:00,-0.43773824083558566
2019-06-27 12:54:00,-0.4595575321220622
2019-06-27 12:57:00,-0.4137787570452929
2019-06-27 13:00:00,-0.39391274141888744
2019-06-27 13:03:00,-0.42557805096583934
2019-06-27 13:06:00,-0.42592007307229096
2019-06-27 13:09:00,-0.47594369833223027
2019-06-27 13:12:00,-0.5067098209469805
2019-06-27 13:15:00,-0.4547174021961382
2019-06-27 13:18:00,-0.39846990635533075
2019-06-27 13:21:00,-0.3806673521074231
2019-06-27 13:24:00,-0.41865986264446065
2019-06-27 13:27:00,-0.5751832376441257
2019-06-27 13:30:00,-0.4103631022857144
2019-06-27 13:33:00,-0.4675536075567379
2019-06-27 13:36:00,-0.483023197957948
2019-06-27 13:39:00,-0.4418398131344361
2019-06-27 13:42:00,-0.4405786202342483
2019-06-27 13:45:00,-0.3500723716309153
2019-06-27 13:48:00,-0.42596363791898284
2019-06-27 13:51:00,-0.36722799773986026
2019-06-27 13:54:00,-0.30585527414177704
2019-06-27 13:57:00,-0.3301844963513645
2019-06-27 14:00:00,-0.3733415549638721
2019-06-27 14:03:00,-0.42885574991265685
2019-06-27 14:06:00,-0.3898613253452936
2019-06-27 14:09:00,-0.5206751169998256
2019-06-27 14:12:00,-0.3583414567443697
2019-06-27 14:15:00,-0.45845314577258023
2019-06-27 14:18:00,-0.442857854529052
2019-06-27 14:21:00,-0.4200401570160466
2019-06-27 14:24:00,-0.3229298589172913
2019-06-27 14:27:00,-0.49211920674900966
2019-06-27 14:30:00,-0.410981305297355
2019-06-27 14:33:00,-0.4084938377210392
2019-06-27 14:36:00,-0.41499491942647637
2019-06-27 14:39:00,-0.2094947739748818
2019-06-27 14:42:00,-0.3232594396097852
2019-06-27 14:45:00,-0.17779525821168818
2019-06-27 14:48:00,-0.16137944468630394
2019-06-27 14:51:00,-0.18158721155270996
2019-06-27 14:54:00,-0.17284577367678366
2019-06-27 14:57:00,-0.33162393157692804
2019-06-27 15:00:00,-0.2721783052731439
2019-06-27 15:03:00,-0.11133110095022403
2019-06-27 15:06:00,-0.058141844843987656
2019-06-27 15:09:00,-0.07913056084811387
2019-06-27 15:12:00,-0.2448156750497219
2019-06-27 15:15:00,-0.28515512259934894
2019-06-27 15:18:00,-0.41810271880967775
2019-06-27 15:21:00,-0.2366187916504714
2019-06-27 15:24:00,-0.31066990377155435
2019-06-27 15:27:00,-0.38026984243612105
2019-06-27 15:30:00,-0.3205908717081911
2019-06-27 15:33:00,-0.32570604794273095
2019-06-27 15:36:00,-0.2287164374217241
2019-06-27 15:39:00,-0.3455773927391874
2019-06-27 15:42:00,-0.3578830634173755
2019-06-27 15:45:00,-0.24316984257131935
2019-06-27 15:48:00,-0.41161333378067866
2019-06-27 15:51:00,-0.4352574201971606
2019-06-27 15:54:00,-0.32765841642009264
2019-06-27 15:57:00,-0.3404471809619736
2019-06-27 16:00:00,-0.2544585254241838
2019-06-27 16:03:00,-0.4357162540092645
2019-06-27 16:06:00,-0.4277025307525264
2019-06-27 16:09:00,-0.3827222989582424
2019-06-27 16:12:00,-0.46044886306742683
2019-06-27 16:15:00,-0.47529164517908384
2019-06-27 16:18:00,-0.31215120313703437
2019-06-27 16:21:00,-0.3404928907820022
2019-06-27 16:24:00,-0.40504310795620313
2019-06-27 16:27:00,-0.3540529897098281
2019-06-27 16:30:00,-0.3941392928820733
2019-06-27 16:33:00,-0.3945969062375525
2019-06-27 16:36:00,-0.29341866573565767
2019-06-27 16:39:00,-0.2479454416670137
2019-06-27 16:42:00,-0.3401032604716079
2019-06-27 16:45:00,-0.4008142189766204
2019-06-27 16:48:00,-0.2580156078324194
2019-06-27 16:51:00,-0.3510541034332846
2019-06-27 16:54:00,-0.3087607209556609
2019-06-27 16:57:00,-0.35158955237216105
2019-06-27 17:00:00,-0.35860997756145707
2019-06-27 17:03:00,-0.4338518080567155
2019-06-27 17:06:00,-0.369018993123575
2019-06-27 17:09:00,-0.3905170064833783
2019-06-27 17:12:00,-0.3195085731147742
2019-06-27 17:15:00,-0.453963877188869
2019-06-27 17:18:00,-0.3627320108558365
2019-06-27 17:21:00,-0.4376429568795288
2019-06-27 17:24:00,-0.3514033192354873
2019-06-27 17:27:00,-0.3601166778162792
2019-06-27 17:30:00,-0.4341621002549232
2019-06-27 17:33:00,-0.41184552065863045
2019-06-27 17:36:00,-0.33802397565006004
2019-06-27 17:39:00,-0.2630601129056913
2019-06-27 17:42:00,-0.3543421816968362
2019-06-27 17:45:00,-0.28585593559790823
2019-06-27 17:48:00,-0.39397724936844725
2019-06-27 17:51:00,-0.3055541502160395
2019-06-27 17:54:00,-0.30761981181353804
2019-06-27 17:57:00,-0.2558741403511249
2019-06-27 18:00:00,-0.28593750503961246
2019-06-27 18:03:00,-0.2457988808999403
2019-06-27 18:06:00,-0.31039226140427445
2019-06-27 18:09:00,-0.22798548903938354
2019-06-27 18:12:00,-0.26142250302916636
2019-06-27 18:15:00,-0.296984487529528
2019-06-27 18:18:00,-0.28438536932765146
2019-06-27 18:21:00,-0.19637601876314648
2019-06-27 18:24:00,-0.2985784590269418
2019-06-27 18:27:00,-0.22876382749319646
2019-06-27 18:30:00,-0.2583524284334544
2019-06-27 18:33:00,-0.1851791920677215
2019-06-27 18:36:00,-0.2656406027413709
2019-06-27 18:39:00,-0.16373920363685102
2019-06-27 18:42:00,-0.14949565079075455
2019-06-27 18:45:00,-0.21872893556985673
2019-06-27 18:48:00,-0.2786468068466661
2019-06-27 18:51:00,-0.22823016364657178
2019-06-27 18:54:00,
2019-06-27 18:57:00,
2019-06-27 19:00:00,
2019-06-27 19:03:00,-0.2512604636640958
2019-06-27 19:06:00,-0.16769439896228278
2019-06-27 19:09:00,-0.2693216484582308
2019-06-27 19:12:00,-0.1882288754066508
2019-06-27 19:15:00,-0.13267962058796456
2019-06-27 19:18:00,-0.12865472245664478
2019-06-27 19:21:00,-0.14817082277261306
2019-06-27 19:24:00,-0.09905696958998078
2019-06-27 19:27:00,0.005495650208160896
2019-06-27 19:30:00,-0.03324741733410974
2019-06-27 19:33:00,-0.08259646673059251
2019-06-27 19:36:00,0.05840587335444525
2019-06-27 19:39:00,-0.05512250842895128
2019-06-27 19:42:00,0.07281578431536673
2019-06-27 19:45:00,0.00837029867017236
2019-06-27 19:48:00,-0.0513870473923248
2019-06-27 19:51:00,0.008401075039785155
2019-06-27 19:54:00,-0.010230088612274812
2019-06-27 19:57:00,-0.008200424343726809
2019-06-27 20:00:00,0.03132212116412347
2019-06-27 20:03:00,0.014931042357488877
2019-06-27 20:06:00,0.044748392748147126
2019-06-27 20:09:00,0.1281035958795087
2019-06-27 20:12:00,0.10938974228446341
2019-06-27 20:15:00,0.020796440793674265
2019-06-27 20:18:00,-0.026073216906013386
2019-06-27 20:21:00,-0.03853521507971891
2019-06-27 20:24:00,0.0733487885167392
2019-06-27 20:27:00,0.0395376351339678
2019-06-27 20:30:00,0.11412264531315941
2019-06-27 20:33:00,0.04921851636925112
2019-06-27 20:36:00,-0.009941564571818162
2019-06-27 20:39:00,0.048986371635862724
2019-06-27 20:42:00,0.010691856541029665
2019-06-27 20:45:00,-0.010488688856867157
2019-06-27 20:48:00,0.010425114162273985
2019-06-27 20:51:00,0.07562880036618935
2019-06-27 20:54:00,0.006488258684100856
2019-06-27 20:57:00,0.05387731449729927
2019-06-27 21:00:00,0.04528192094835504
2019-06-27 21:03:00,-0.010965997706023245
2019-06-27 21:06:00,0.0340193918972318
2019-06-27 21:09:00,0.10090669865542168
2019-06-27 21:12:00,0.11650385231723703
2019-06-27 21:15:00,0.04350906393864307
2019-06-27 21:18:00,0.12239821623080616
2019-06-27 21:21:00,-0.05623527887985347
2019-06-27 21:24:00,0.06765788201340683
2019-06-27 21:27:00,0.1316343909379043
2019-06-27 21:30:00,-0.019686970876819032
2019-06-27 21:33:00,0.04800949391602671
2019-06-27 21:36:00,0.11764379069990127
2019-06-27 21:39:00,0.03873770178432778
2019-06-27 21:42:00,0.05557140850345377
2019-06-27 21:45:00,0.03500292502741331
2019-06-27 21:48:00,0.07154240580638316
2019-06-27 21:51:00,-0.046789682290750534
2019-06-27 21:54:00,0.0597197007542718
2019-06-27 21:57:00,0.024660728279059185
2019-06-27 22:00:00,0.07357401938196517
2019-06-27 22:03:00,0.056031015651512917
2019-06-27 22:06:00,0.027279379774313384
2019-06-27 22:09:00,0.05982071529899713
2019-06-27 22:12:00,0.009334723568770187
2019-06-27 22:15:00,0.04312767049344757
2019-06-27 22:18:00,-0.029860498511652622
2019-06-27 22:21:00,0.06529152973712371
2019-06-27 22:24:00,0.14626721335611137
2019-06-27 22:27:00,0.07451905814895099
2019-06-27 22:30:00,-0.06338970981431657
2019-06-27 22:33:00,0.00040363716669844507
2019-06-27 22:36:00,0.007043708861260711
2019-06-27 22:39:00,0.032775366336238676
2019-06-27 22:42:00,0.10783107905331235
2019-06-27 22:45:00,0.0727279940384733
2019-06-27 22:48:00,0.0014808106425903134
2019-06-27 22:51:00,-0.007765266256910763
2019-06-27 22:54:00,-0.0400684603421837
2019-06-27 22:57:00,-0.07556214477369849
2019-06-27 23:00:00,0.10625370147926105
2019-06-27 23:03:00,-0.03577985823636709
2019-06-27 23:06:00,0.1730150975766378
2019-06-27 23:09:00,0.014842710873779197
2019-06-27 23:12:00,0.07588012750335338
2019-06-27 23:15:00,0.12055917597234611
2019-06-27 23:18:00,0.1116811439464982
2019-06-27 23:21:00,0.08404237705843798
2019-06-27 23:24:00,0.08929536894095236
2019-06-27 23:27:00,0.16577148916775286
2019-06-27 23:30:00,0.2573342986466969
2019-06-27 23:33:00,0.06405636349376209
2019-06-27 23:36:00,0.05520735297079682
2019-06-27 23:39:00,0.04914803696993886
2019-06-27 23:42:00,0.045549240379273215
2019-06-27 23:45:00,0.0795259071570058
2019-06-27 23:48:00,0.13155717101614073
2019-06-27 23:51:00,0.0023156761367886247
2019-06-27 23:54:00,0.05592406932538552
2019-06-27 23:57:00,0.1058280823767177
2019-06-28 00:00:00,0.03970475311081145
2019-06-28 00:03:00,-0.14340324627653445
2019-06-28 00:06:00,-0.026262091347973637
2019-06-28 00:09:00,0.049266075153525435
2019-06-28 00:12:00,0.0800942843810617
2019-06-28 00:15:00,-0.04941226497066964
2019-06-28 00:18:00,0.014792659752515647
2019-06-28 00:21:00,-0.011559904167654622
2019-06-28 00:24:00,-0.05257774212947197
2019-06-28 00:27:00,0.01721865334030781
2019-06-28 00:30:00,-0.06813569601149538
2019-06-28 00:33:00,-0.005676977376424475
2019-06-28 00:36:00,0.03598061651138096
2019-06-28 00:39:00,0.033121181824412815
2019-06-28 00:42:00,0.037736222503838235
2019-06-28 00:45:00,0.02201287976902222
2019-06-28 00:48:00,-0.02217483007575538
2019-06-28 00:51:00,0.04886679816183914
2019-06-28 00:54:00,0.03827681640200353
2019-06-28 00:57:00,0.09337861597805386
2019-06-28 01:00:00,0.04818954515116047
2019-06-28 01:03:00,-0.03277245611826629
2019-06-28 01:06:00,-0.058066070788868274
2019-06-28 01:09:00,-0.06647764814192669
2019-06-28 01:12:00,-0.04896489670665005
2019-06-28 01:15:00,-0.0723356813861642
2019-06-28 01:18:00,0.049100099612246595
2019-06-28 01:21:00,-0.01677738167956022
2019-06-28 01:24:00,0.05706809183448058
2019-06-28 01:27:00,-0.05084712031697336
2019-06-28 01:30:00,-0.05707328342583651
2019-06-28 01:33:00,-0.02946789080186818
2019-06-28 01:36:00,-0.02152613880747367
2019-06-28 01:39:00,0.023914514320892977
2019-06-28 01:42:00,-0.005679136346998348
2019-06-28 01:45:00,-0.06018568358496168
2019-06-28 01:48:00,-0.04631384249267967
2019-06-28 01:51:00,-0.14068712038937292
2019-06-28 01:54:00,-0.13566551732196785
2019-06-28 01:57:00,-0.07797593327916275
2019-06-28 02:00:00,-0.008708623985796748
2019-06-28 02:03:00,-0.05067570655046438
2019-06-28 02:06:00,-0.040174940474230425
2019-06-28 02:09:00,-0.09633447433566289
2019-06-28 02:12:00,0.08236323168216586
2019-06-28 02:15:00,0.041683758319834396
2019-06-28 02:18:00,-0.05744608548582164
2019-06-28 02:21:00,0.007719523767946157
2019-06-28 02:24:00,-0.018278237215213267
2019-06-28 02:27:00,-0.01898110710084211
2019-06-28 02:30:00,0.024719458838831088
2019-06-28 02:33:00,0.006997005009907298
2019-06-28 02:36:00,-0.030147686118652928
2019-06-28 02:39:00,0.032139221419356545
2019-06-28 02:42:00,-0.031874860316349896
2019-06-28 02:45:00,-0.0329478548140969
2019-06-28 02:48:00,-0.025798811587378623
2019-06-28 02:51:00,-0.006307926510373818
2019-06-28 02:54:00,0.13070966000168482
2019-06-28 02:57:00,0.04764153469585608
2019-06-28 03:00:00,0.045281328313706126
2019-06-28 03:03:00,-0.08243114981650024
2019-06-28 03:06:00,0.04585734106382233
2019-06-28 03:09:00,0.022522635738823737
2019-06-28 03:12:00,0.012460120360287874
2019-06-28 03:15:00,0.017788180009063126
2019-06-28 03:18:00,0.07147818882305046
2019-06-28 03:21:00,-0.06514666166464167
2019-06-28 03:24:00,0.1348280233675041
2019-06-28 03:27:00,0.01596430889384237
2019-06-28 03:30:00,0.07639440997161273
2019-06-28 03:33:00,0.005743100432823667
2019-06-28 03:36:00,0.10922131770439591
2019-06-28 03:39:00,0.05690391606549383
2019-06-28 03:42:00,0.07329388395243086
2019-06-28 03:45:00,-0.017344634945231974
2019-06-28 03:48:00,0.03549851671715487
2019-06-28 03:51:00,0.0022397577170636396
2019-06-28 03:54:00,0.029889224514988655
2019-06-28 03:57:00,0.058613750679967325
2019-06-28 04:00:00,-0.030151363643199147
2019-06-28 04:03:00,0.026169335656391013
2019-06-28 04:06:00,-0.035133551573494515
2019-06-28 04:09:00,-0.03631856437709757
2019-06-28 04:12:00,-0.008212531936294454
2019-06-28 04:15:00,0.0018065042679040744
2019-06-28 04:18:00,-0.02119728770213669
2019-06-28 04:21:00,-0.018345487222177326
2019-06-28 04:24:00,0.060477564033362796
2019-06-28 04:27:00,-0.02211713135051241
2019-06-28 04:30:00,0.08394569003394281
2019-06-28 04:33:00,0.08270128283891154
2019-06-28 04:36:00,0.06889133703930383
2019-06-28 04:39:00,0.038038131323389734
2019-06-28 04:42:00,0.027480052183875614
2019-06-28 04:45:00,0.0787271628633448
2019-06-28 04:48:00,-0.037129447285792594
2019-06-28 04:51:00,0.011126354960367735
2019-06-28 04:54:00,0.1126324241647012
2019-06-28 04:57:00,-0.026603076029175554
2019-06-28 05:00:00,-0.05411948568900016
2019-06-28 05:03:00,-0.0398515059747524
2019-06-28 05:06:00,0.13776873484908947
2019-06-28 05:09:00,-0.02261718889127451
2019-06-28 05:12:00,-0.008289409319900187
2019-06-28 05:15:00,-0.08509536316807953
2019-06-28 05:18:00,-0.13956018912460877
2019-06-28 05:21:00,0.00659865592854203
2019-06-28 05:24:00,-0.019977834429312225
2019-06-28 05:27:00,-0.11569841250997115
2019-06-28 05:30:00,-0.06547123280790856
2019-06-28 05:33:00,-0.0530523422739293
2019-06-28 05:36:00,0.03492613213330742
2019-06-28 05:39:00,-0.011128312355253911
2019-06-28 05:42:00,0.057448937169112924
2019-06-28 05:45:00,0.07494075681591994
2019-06-28 05:48:00,0.030742807821184215
2019-06-28 05:51:00,0.04697897195433143
2019-06-28 05:54:00,0.0690197772104284
2019-06-28 05:57:00,-0.023614035524190058
2019-06-28 06:00:00,0.04009320275997652
2019-06-28 06:03:00,-0.0067894433695983025
2019-06-28 06:06:00,-0.0001851144533588922
2019-06-28 06:09:00,0.02482834872660078
2019-06-28 06:12:00,0.08206338555129378
2019-06-28 06:15:00,-0.03586582021694085
2019-06-28 06:18:00,0.04012359921614461
2019-06-28 06:21:00,0.04174675789442972
2019-06-28 06:24:00,0.024391740631017456
2019-06-28 06:27:00,0.05567788722981959
2019-06-28 06:30:00,0.007388691894504973
2019-06-28 06:33:00,0.0765827676307822
2019-06-28 06:36:00,-0.005083266998440195
2019-06-28 06:39:00,-0.0952838237932383
2019-06-28 06:42:00,0.09816630930140491
2019-06-28 06:45:00,-0.026649400847418292
2019-06-28 06:48:00,-0.04526025385371213
2019-06-28 06:51:00,0.02260166385070761
2019-06-28 06:54:00,-0.099777101860127
2019-06-28 06:57:00,-0.07903941669570713
2019-06-28 07:00:00,-0.07490281929403864
2019-06-28 07:03:00,-0.02947307015796241
2019-06-28 07:06:00,-0.05896415617178263
2019-06-28 07:09:00,-0.033478721220319585
2019-06-28 07:12:00,-0.04320642313763301
2019-06-28 07:15:00,0.05536128213321945
2019-06-28 07:18:00,0.009315573134529131
2019-06-28 07:21:00,-0.025272272751351466
2019-06-28 07:24:00,0.09143464696222736
2019-06-28 07:27:00,0.1484901856258034
2019-06-28 07:30:00,0.07788558757340525
2019-06-28 07:33:00,-0.014179027372335895
2019-06-28 07:36:00,0.06324720200518641
2019-06-28 07:39:00,0.007433032022277075
2019-06-28 07:42:00,0.006528424021325918
2019-06-28 07:45:00,-0.0167182914989894
2019-06-28 07:48:00,-0.041452521871917725
2019-06-28 07:51:00,0.09318420503228708
2019-06-28 07:54:00,0.11933334332525192
2019-06-28 07:57:00,-0.001331747502831604
2019-06-28 08:00:00,0.009278822365502037
2019-06-28 08:03:00,0.008658387032767223
2019-06-28 08:06:00,0.08951862024883894
2019-06-28 08:09:00,0.08451144771134977
2019-06-28 08:12:00,0.13568074266510166
2019-06-28 08:15:00,0.10284691919645184
2019-06-28 08:18:00,-0.02913822514841513
2019-06-28 08:21:00,0.04699203813504482
2019-06-28 08:24:00,0.04076341277982465
2019-06-28 08:27:00,0.034388102131060805
2019-06-28 08:30:00,0.08694876167606935
2019-06-28 08:33:00,-0.053416896248052126
2019-06-28 08:36:00,0.07650470311017443
2019-06-28 08:39:00,0.09257647896652088
2019-06-28 08:42:00,0.11164737427702676
2019-06-28 08:45:00,0.09636156299495724
2019-06-28 08:48:00,0.07934201162152021
2019-06-28 08:51:00,0.12658253122151564
2019-06-28 08:54:00,0.09052462261473693
2019-06-28 08:57:00,0.09048531749550648
2019-06-28 09:00:00,0.06628944086691035
2019-06-28 09:03:00,0.024784555314397494
2019-06-28 09:06:00,0.11066516479110078
2019-06-28 09:09:00,0.04365792702003546
2019-06-28 09:12:00,-0.0398733787979495
2019-06-28 09:15:00,0.11958344173518753
2019-06-28 09:18:00,0.11837438730157146
2019-06-28 09:21:00,0.12825681666993205
2019-06-28 09:24:00,-0.0002365907054127092
2019-06-28 09:27:00,0.08630224873888892
2019-06-28 09:30:00,0.07029122806011401
2019-06-28 09:33:00,-0.03481371339319139
2019-06-28 09:36:00,0.0972772442664791
2019-06-28 09:39:00,0.05963829859740599
2019-06-28 09:42:00,-0.007451006228166079
2019-06-28 09:45:00,0.0031613533986387665
2019-06-28 09:48:00,0.05746537801547902
2019-06-28 09:51:00,0.14571824942254352
2019-06-28 09:54:00,0.0912656182607634
2019-06-28 09:57:00,0.02389644443076122
2019-06-28 10:00:00,-0.059498327482629065
2019-06-28 10:03:00,0.08408256748231224
2019-06-28 10:06:00,0.09272686996780521
2019-06-28 10:09:00,-0.03482352299607783
2019-06-28 10:12:00,0.056021180493530665
2019-06-28 10:15:00,-0.017970269148861462
2019-06-28 10:18:00,0.018285265959093522
2019-06-28 10:21:00,-0.02673108715384842
2019-06-28 10:24:00,-0.03064932492321759
2019-06-28 10:27:00,-0.021294178076971093
2019-06-28 10:30:00,-0.03532448263706556
2019-06-28 10:33:00,-0.07188097935102178
2019-06-28 10:36:00,-0.056065929703720485
2019-06-28 10:39:00,-0.12054544795029187
2019-06-28 10:42:00,-0.14682318036341258
2019-06-28 10:45:00,-0.07821711312584512
2019-06-28 10:48:00,-0.21080635516995017
2019-06-28 10:51:00,-0.1314961296520778
2019-06-28 10:54:00,-0.16617422690057992
2019-06-28 10:57:00,-0.16391267605808935
2019-06-28 11:00:00,-0.21823506549350213
2019-06-28 11:03:00,-0.17348699382608856
2019-06-28 11:06:00,-0.2531523096860724
2019-06-28 11:09:00,-0.2509177073417277
2019-06-28 11:12:00,-0.23439129513241141
2019-06-28 11:15:00,-0.33357956206049266
2019-06-28 11:18:00,-0.27786352700474026
2019-06-28 11:21:00,-0.3164815097180167
2019-06-28 11:24:00,-0.2534220700579226
2019-06-28 11:27:00,-0.25729313492593064
2019-06-28 11:30:00,-0.20044056778243657
2019-06-28 11:33:00,-0.2340334939444233
2019-06-28 11:36:00,-0.2692679401757232
2019-06-28 11:39:00,-0.2527323117754463
2019-06-28 11:42:00,-0.26366778572094063
2019-06-28 11:45:00,-0.3530830149620101
2019-06-28 11:48:00,-0.29012483770537756
2019-06-28 11:51:00,-0.3668811396458409
2019-06-28 11:54:00,-0.26247585803236007
2019-06-28 11:57:00,-0.3166684984034305
2019-06-28 12:00:00,-0.37363736463254327
2019-06-28 12:03:00,-0.3133796047393389
2019-06-28 12:06:00,-0.35820667356620106
2019-06-28 12:09:00,-0.3287463371660806
2019-06-28 12:12:00,-0.3329897833373252
2019-06-28 12:15:00,-0.32803269389177103
2019-06-28 12:18:00,-0.3752088760826382
2019-06-28 12:21:00,-0.38786558870566523
2019-06-28 12:24:00,-0.22828692830017872
2019-06-28 12:27:00,-0.21357171693978216
2019-06-28 12:30:00,-0.2727446863998466
2019-06-28 12:33:00,-0.2883440586156212
2019-06-28 12:36:00,-0.23183241499856422
2019-06-28 12:39:00,-0.32308703784434556
2019-06-28 12:42:00,-0.24381968885091965
2019-06-28 12:45:00,-0.23227033062460123
2019-06-28 12:48:00,-0.30556114982027793
2019-06-28 12:51:00,-0.3754713656280728
2019-06-28 12:54:00,-0.3328029907622181
2019-06-28 12:57:00,-0.34527916728302444
2019-06-28 13:00:00,-0.3506594896039701
2019-06-28 13:03:00,-0.33817058437165315
2019-06-28 13:06:00,-0.2230136297037575
2019-06-28 13:09:00,-0.3099930026326092
2019-06-28 13:12:00,-0.2803930123120608
2019-06-28 13:15:00,-0.2622621833912717
2019-06-28 13:18:00,-0.2608604483031627
2019-06-28 13:21:00,-0.24817470887370519
2019-06-28 13:24:00,-0.24452147344590003
2019-06-28 13:27:00,-0.38817315547629505
2019-06-28 13:30:00,-0.4049719661545623
2019-06-28 13:33:00,-0.31499774989021034
2019-06-28 13:36:00,-0.364259419853056
2019-06-28 13:39:00,-0.2542316134608882
2019-06-28 13:42:00,-0.27285410560580203
2019-06-28 13:45:00,-0.2564257123554512
2019-06-28 13:48:00,-0.2664584859841739
2019-06-28 13:51:00,-0.3062071834606286
2019-06-28 13:54:00,-0.4124167357274473
2019-06-28 13:57:00,-0.44864763353251647
2019-06-28 14:00:00,-0.4738354068161357
2019-06-28 14:03:00,-0.5320604580205668
2019-06-28 14:06:00,-0.48762286672541677
2019-06-28 14:09:00,-0.6189068779142417
2019-06-28 14:12:00,-0.507878174804091
2019-06-28 14:15:00,-0.5437988409220793
2019-06-28 14:18:00,-0.527483865003262
2019-06-28 14:21:00,-0.6141169511885209
2019-06-28 14:24:00,-0.47953077814952394
2019-06-28 14:27:00,-0.5569490637115564
2019-06-28 14:30:00,-0.5152883509022104
2019-06-28 14:33:00,-0.5080529784686405
2019-06-28 14:36:00,-0.49816758569556896
2019-06-28 14:39:00,-0.5559136778242078
2019-06-28 14:42:00,-0.5579284325278877
2019-06-28 14:45:00,-0.47983008470401955
2019-06-28 14:48:00,-0.4403653454291998
2019-06-28 14:51:00,-0.5046297728210334
2019-06-28 14:54:00,-0.5035755724242676
2019-06-28 14:57:00,-0.5835144247291737
2019-06-28 15:00:00,-0.5092137036162967
2019-06-28 15:03:00,-0.568534185695853
2019-06-28 15:06:00,-0.5129413202487285
2019-06-28 15:09:00,-0.4922377209397837
2019-06-28 15:12:00,-0.5371638223965647
2019-06-28 15:15:00,-0.48953834547478436
2019-06-28 15:18:00,-0.549756597696728
2019-06-28 15:21:00,-0.5975565531022653
2019-06-28 15:24:00,-0.4003228598373312
2019-06-28 15:27:00,-0.552981783501366
2019-06-28 15:30:00,-0.4455700396334805
2019-06-28 15:33:00,-0.5286809875237282
2019-06-28 15:36:00,-0.5626623696616093
2019-06-28 15:39:00,-0.4622693189788265
2019-06-28 15:42:00,-0.5189556862559357
2019-06-28 15:45:00,-0.4531732663874095
2019-06-28 15:48:00,-0.49983718188644843
2019-06-28 15:51:00,-0.4561990951968937
2019-06-28 15:54:00,-0.5164849251959822
2019-06-28 15:57:00,-0.5461990177995517
2019-06-28 16:00:00,-0.5622047532880856
2019-06-28 16:03:00,-0.48225967739921316
2019-06-28 16:06:00,-0.4965834281919115
2019-06-28 16:09:00,-0.5630643362945875
2019-06-28 16:12:00,-0.5483974413569968
2019-06-28 16:15:00,-0.5956682305110235
2019-06-28 16:18:00,-0.6268718113804539
2019-06-28 16:21:00,-0.5206230198011212
2019-06-28 16:24:00,-0.4007680481478815
2019-06-28 16:27:00,-0.43422308541340726
2019-06-28 16:30:00,-0.48720535589058045
2019-06-28 16:33:00,-0.4300712681609866
2019-06-28 16:36:00,-0.47380975638901646
2019-06-28 16:39:00,-0.41754813211213104
2019-06-28 16:42:00,-0.5171703282238127
2019-06-28 16:45:00,-0.5119279755582511
2019-06-28 16:48:00,-0.48119889757083456
2019-06-28 16:51:00,-0.47237428137822235
2019-06-28 16:54:00,-0.5134837582539262
2019-06-28 16:57:00,-0.43654745662763617
2019-06-28 17:00:00,-0.5609712857459499
2019-06-28 17:03:00,-0.5226365553359074
2019-06-28 17:06:00,-0.4820161000691314
2019-06-28 17:09:00,-0.4560092701242979
2019-06-28 17:12:00,-0.44510641152402286
2019-06-28 17:15:00,-0.4156789386950095
2019-06-28 17:18:00,-0.44139805976470825
2019-06-28 17:21:00,-0.4223968575422532
2019-06-28 17:24:00,-0.3749409689689287
2019-06-28 17:27:00,-0.4526743129342208
2019-06-28 17:30:00,-0.3773469516008845
2019-06-28 17:33:00,-0.5169770804300811
2019-06-28 17:36:00,-0.3937963099543822
2019-06-28 17:39:00,-0.4280362400112949
2019-06-28 17:42:00,-0.4662341430751553
2019-06-28 17:45:00,-0.41404340695936526
2019-06-28 17:48:00,-0.39244534496168626
2019-06-28 17:51:00,-0.32716589343641544
2019-06-28 17:54:00,-0.5089469306896035
2019-06-28 17:57:00,-0.3559875954649101
2019-06-28 18:00:00,-0.3781056430414651
2019-06-28 18:03:00,-0.42607223937147864
2019-06-28 18:06:00,-0.36571145184791476
2019-06-28 18:09:00,-0.3550779043141006
2019-06-28 18:12:00,-0.39552862599532546
2019-06-28 18:15:00,-0.3706690935449046
2019-06-28 18:18:00,-0.43801661895548705
2019-06-28 18:21:00,-0.4392291438901452
2019-06-28 18:24:00,-0.3091459560476437
2019-06-28 18:27:00,-0.4574918098638818
2019-06-28 18:30:00,-0.3767121930205235
2019-06-28 18:33:00,-0.35425354914542595
2019-06-28 18:36:00,-0.3495373676935287
2019-06-28 18:39:00,-0.33521167719362666
2019-06-28 18:42:00,-0.3439940921916218
2019-06-28 18:45:00,-0.23339655251959357
2019-06-28 18:48:00,-0.408208366272504
2019-06-28 18:51:00,-0.2673512971931018
2019-06-28 18:54:00,-0.2879255620713934
2019-06-28 18:57:00,-0.3023064298979534
2019-06-28 19:00:00,-0.2924819642402099
2019-06-28 19:03:00,-0.2645440475404257
2019-06-28 19:06:00,-0.24081040743959647
2019-06-28 19:09:00,-0.17523386035793465
2019-06-28 19:12:00,-0.30030865727366063
2019-06-28 19:15:00,-0.17040064185465553
2019-06-28 19:18:00,-0.1977358172878212
2019-06-28 19:21:00,-0.28030184839155936
2019-06-28 19:24:00,-0.21573800215060146
2019-06-28 19:27:00,-0.23197699791529658
2019-06-28 19:30:00,-0.2170309025149777
2019-06-28 19:33:00,-0.14472155260682484
2019-06-28 19:36:00,-0.16794976616085933
2019-06-28 19:39:00,-0.26918183804627915
2019-06-28 19:42:00,-0.1536831842424249
2019-06-28 19:45:00,-0.11082981779696865
2019-06-28 19:48:00,-0.15139638168943748
2019-06-28 19:51:00,-0.16959897270197644
2019-06-28 19:54:00,-0.07289963579523828
2019-06-28 19:57:00,-0.1280245101928017
2019-06-28 20:00:00,-0.01102747749956734
2019-06-28 20:03:00,-0.10127201250833195
2019-06-28 20:06:00,-0.08883419458885555
2019-06-28 20:09:00,-0.0950015492750822
2019-06-28 20:12:00,-0.12810112366679505
2019-06-28 20:15:00,-0.08675949187608012
2019-06-28 20:18:00,-0.1267253062755458
2019-06-28 20:21:00,-0.08312979184512415
2019-06-28 20:24:00,-0.060872219520774706
2019-06-28 20:27:00,-0.04804712179401349
2019-06-28 20:30:00,-0.08365218742380875
2019-06-28 20:33:00,-0.050680181327550144
2019-06-28 20:36:00,-0.04214950894402136
2019-06-28 20:39:00,-0.021523823214010918
2019-06-28 20:42:00,-0.04966131732891199
2019-06-28 20:45:00,-0.10248440636138412
2019-06-28 20:48:00,-0.09600270283272039
2019-06-28 20:51:00,-0.12134834335347477
2019-06-28 20:54:00,-0.09335164208494007
2019-06-28 20:57:00,-0.03836477466421684
2019-06-28 21:00:00,-0.09241755894601056
2019-06-28 21:03:00,0.08171893891909576
2019-06-28 21:06:00,-0.04404773091238212
2019-06-28 21:09:00,0.027714445297078782
2019-06-28 21:12:00,0.02246830857200166
2019-06-28 21:15:00,0.09869123737155405
2019-06-28 21:18:00,-0.05684634004285272
2019-06-28 21:21:00,-0.09131241649600952
2019-06-28 21:24:00,-0.011592708618536562
2019-06-28 21:27:00,-0.05116120962674131
2019-06-28 21:30:00,-0.04710608211274803
2019-06-28 21:33:00,-0.05506485402048611
2019-06-28 21:36:00,-0.00887231764011176
2019-06-28 21:39:00,0.07447237389163774
2019-06-28 21:42:00,-0.059992781237042436
2019-06-28 21:45:00,-0.0959760478343128
2019-06-28 21:48:00,-0.002421877925314675
2019-06-28 21:51:00,0.0250809248011592
2019-06-28 21:54:00,-0.050339286980147335
2019-06-28 21:57:00,-0.005832876929844133
2019-06-28 22:00:00,0.11036479068104654
2019-06-28 22:03:00,-0.10140991414829159
2019-06-28 22:06:00,-0.004135836423643013
2019-06-28 22:09:00,0.07660021957519803
2019-06-28 22:12:00,0.016667206552597236
2019-06-28 22:15:00,0.005780539664499429
2019-06-28 22:18:00,-0.06442240449035808
2019-06-28 22:21:00,0.06389277089351708
2019-06-28 22:24:00,0.029927488006251224
2019-06-28 22:27:00,0.05314298650262117
2019-06-28 22:30:00,0.0814893946870825
2019-06-28 22:33:00,0.018237103113619924
2019-06-28 22:36:00,0.11992970919931167
2019-06-28 22:39:00,0.0006580395124728966
2019-06-28 22:42:00,0.022156968524939202
2019-06-28 22:45:00,-0.011057698677063854
2019-06-28 22:48:00,-0.058748587073182534
2019-06-28 22:51:00,0.05039049805424156
2019-06-28 22:54:00,0.05200099528906321
2019-06-28 22:57:00,0.17098195327793064
2019-06-28 23:00:00,0.005254439228338015
2019-06-28 23:03:00,0.10564479528085258
2019-06-28 23:06:00,0.08605512475361365
2019-06-28 23:09:00,0.05070534082949507
2019-06-28 23:12:00,0.04197894636240562
2019-06-28 23:15:00,0.010126911272379857
2019-06-28 23:18:00,-0.04626458029559899
2019-06-28 23:21:00,0.13779041701832284
2019-06-28 23:24:00,0.09621538481962943
2019-06-28 23:27:00,0.05898368417405209
2019-06-28 23:30:00,0.13771678272701138
2019-06-28 23:33:00,0.04608083359920556
2019-06-28 23:36:00,0.018329447394989984
2019-06-28 23:39:00,0.07825911724523849
2019-06-28 23:42:00,0.06238902773998234
2019-06-28 23:45:00,0.1514297120833703
2019-06-28 23:48:00,0.1299859778828818
2019-06-28 23:51:00,0.17217949040178837
2019-06-28 23:54:00,0.09635479762476962
2019-06-28 23:57:00,0.13080563563221403
2019-06-29 00:00:00,0.1238159244118151
2019-06-29 00:03:00,0.14378332840720986
2019-06-29 00:06:00,0.1090437408197431
2019-06-29 00:09:00,0.11030264315951399
2019-06-29 00:12:00,0.08211200827355469
2019-06-29 00:15:00,0.21593500477808902
2019-06-29 00:18:00,0.0743774080110029
2019-06-29 00:21:00,0.03407939621138212
2019-06-29 00:24:00,0.04448733104084113
2019-06-29 00:27:00,0.14563946936499406
2019-06-29 00:30:00,0.25502579247415724
2019-06-29 00:33:00,0.1487699172244561
2019-06-29 00:36:00,0.15680060151930775
2019-06-29 00:39:00,0.1651151249866416
2019-06-29 00:42:00,0.2029620554234839
2019-06-29 00:45:00,0.05965950612915094
2019-06-29 00:48:00,0.0692721713672313
2019-06-29 00:51:00,0.13443980948449052
2019-06-29 00:54:00,0.14624899041172057
2019-06-29 00:57:00,0.13148692975943277
2019-06-29 01:00:00,0.20009124272957024
2019-06-29 01:03:00,0.10476564282294021
2019-06-29 01:06:00,0.14443818200271608
2019-06-29 01:09:00,0.1849680124315114
2019-06-29 01:12:00,0.1659368106915622
2019-06-29 01:15:00,0.1311015044689725
2019-06-29 01:18:00,0.17182946855388082
2019-06-29 01:21:00,0.16256511025744658
2019-06-29 01:24:00,0.1572063366560883
2019-06-29 01:27:00,0.17202516796282907
2019-06-29 01:30:00,0.18948155653561116
2019-06-29 01:33:00,0.24331897887515197
2019-06-29 01:36:00,0.24167827874214254
2019-06-29 01:39:00,0.20471150899226132
2019-06-29 01:42:00,0.2908249070360398
2019-06-29 01:45:00,0.3307374843188313
2019-06-29 01:48:00,0.27681467981864216
2019-06-29 01:51:00,0.27820500974382867
2019-06-29 01:54:00,0.28552731027787104
2019-06-29 01:57:00,0.17715257166565834
2019-06-29 02:00:00,0.29300179319034214
2019-06-29 02:03:00,0.25056735345344805
2019-06-29 02:06:00,0.19976532459077134
2019-06-29 02:09:00,0.3361966183429672
2019-06-29 02:12:00,0.25729176552613353
2019-06-29 02:15:00,0.25748426292409476
2019-06-29 02:18:00,0.30972604653010194
2019-06-29 02:21:00,0.2659928395883071
2019-06-29 02:24:00,0.2803309104047571
2019-06-29 02:27:00,0.2191173674369793
2019-06-29 02:30:00,0.3311437500220791
2019-06-29 02:33:00,0.3426885407749296
2019-06-29 02:36:00,0.32162850956621014
2019-06-29 02:39:00,0.2643458448532101
2019-06-29 02:42:00,0.3250286055310312
2019-06-29 02:45:00,0.27912878016235254
2019-06-29 02:48:00,0.3019526445577867
2019-06-29 02:51:00,0.25937708456751807
2019-06-29 02:54:00,0.25774591273858505
2019-06-29 02:57:00,0.37636000654407553
2019-06-29 03:00:00,0.35498872204755116
2019-06-29 03:03:00,0.3542477706876639
2019-06-29 03:06:00,0.35384579324875176
2019-06-29 03:09:00,0.309183428196377
2019-06-29 03:12:00,0.4236122165795564
2019-06-29 03:15:00,0.31485478881870677
2019-06-29 03:18:00,0.3308567759307266
2019-06-29 03:21:00,0.41389782752997917
2019-06-29 03:24:00,0.37471514269219597
2019-06-29 03:27:00,0.4961358993304543
2019-06-29 03:30:00,0.4492791729306873
2019-06-29 03:33:00,0.45861786920676195
2019-06-29 03:36:00,0.36358998540669063
2019-06-29 03:39:00,0.49215777970545105
2019-06-29 03:42:00,0.43274519581632376
2019-06-29 03:45:00,0.33719277418344973
2019-06-29 03:48:00,0.4393873372382586
2019-06-29 03:51:00,0.4224244064043319
2019-06-29 03:54:00,0.39665072750381114
2019-06-29 03:57:00,0.38876909628834255
2019-06-29 04:00:00,0.46586726161547176
2019-06-29 04:03:00,0.47838091520645776
2019-06-29 04:06:00,0.35106860801499806
2019-06-29 04:09:00,0.4320422884002255
2019-06-29 04:12:00,0.46872117333964525
2019-06-29 04:15:00,0.4504811281855723
2019-06-29 04:18:00,0.4088836415423316
2019-06-29 04:21:00,0.45996072338522254
2019-06-29 04:24:00,0.5131990379290983
2019-06-29 04:27:00,0.44720180354573813
2019-06-29 04:30:00,0.49108748053384943
2019-06-29 04:33:00,0.47746149178021824
2019-06-29 04:36:00,0.5033049692253826
2019-06-29 04:39:00,0.4511777316910184
2019-06-29 04:42:00,0.47461126767768747
2019-06-29 04:45:00,0.4785045791423954
2019-06-29 04:48:00,0.4827394686562343
2019-06-29 04:51:00,0.4910318934817042
2019-06-29 04:54:00,0.4495865021810346
2019-06-29 04:57:00,0.49551344156884625
2019-06-29 05:00:00,0.4345679465931198
2019-06-29 05:03:00,0.3498708564393951
2019-06-29 05:06:00,0.4811338760983972
2019-06-29 05:09:00,0.42541111831531
2019-06-29 05:12:00,0.47570206292641615
2019-06-29 05:15:00,0.5286582029195301
2019-06-29 05:18:00,0.47510065579547245
2019-06-29 05:21:00,0.42877868644097816
2019-06-29 05:24:00,0.43273595190754577
2019-06-29 05:27:00,0.3932633359660258
2019-06-29 05:30:00,0.40803507027339947
2019-06-29 05:33:00,0.44262852109034156
2019-06-29 05:36:00,0.41506076547466364
2019-06-29 05:39:00,0.3917220547021998
2019-06-29 05:42:00,0.46024524992594706
2019-06-29 05:45:00,0.4959932556832882
2019-06-29 05:48:00,0.4032290819088189
2019-06-29 05:51:00,0.47039264736042696
2019-06-29 05:54:00,0.5105021632313651
2019-06-29 05:57:00,0.4643389241725231
2019-06-29 06:00:00,0.3674225095456336
2019-06-29 06:03:00,0.4460056366157801
2019-06-29 06:06:00,0.44145044485713925
2019-06-29 06:09:00,0.5220626652806004
2019-06-29 06:12:00,0.5141772690474795
2019-06-29 06:15:00,0.4909940278621434
2019-06-29 06:18:00,0.45323023674785645
2019-06-29 06:21:00,0.48320788642109846
2019-06-29 06:24:00,0.4454177175142604
2019-06-29 06:27:00,0.5440641996241311
2019-06-29 06:30:00,0.49091455050881905
2019-06-29 06:33:00,0.45744500907471775
2019-06-29 06:36:00,0.5225011229347842
2019-06-29 06:39:00,0.5724440267247246
2019-06-29 06:42:00,0.4391311817722112
2019-06-29 06:45:00,0.4850431014607466
2019-06-29 06:48:00,0.5144581578741736
2019-06-29 06:51:00,0.49247053494860893
2019-06-29 06:54:00,0.5416001575406426
2019-06-29 06:57:00,0.54173969565079
2019-06-29 07:00:00,0.49227622572129803
2019-06-29 07:03:00,0.5300736426758021
2019-06-29 07:06:00,0.616448446326956
2019-06-29 07:09:00,0.45271207557038906
2019-06-29 07:12:00,0.41079895034840774
2019-06-29 07:15:00,0.4467509389773454
2019-06-29 07:18:00,0.5228872828693625
2019-06-29 07:21:00,0.495088243441387
2019-06-29 07:24:00,0.5192490201694113
2019-06-29 07:27:00,0.4540633351015799
2019-06-29 07:30:00,0.46334050426247586
2019-06-29 07:33:00,0.48268551900889634
2019-06-29 07:36:00,0.5024294003926002
2019-06-29 07:39:00,0.43181175528451377
2019-06-29 07:42:00,0.4392456346644735
2019-06-29 07:45:00,0.4052647815273076
2019-06-29 07:48:00,0.41321615350477714
2019-06-29 07:51:00,0.29411553589636696
2019-06-29 07:54:00,0.3763699956231221
2019-06-29 07:57:00,0.3690018637596495
2019-06-29 08:00:00,0.40540365305429304
2019-06-29 08:03:00,0.3443175866530055
2019-06-29 08:06:00,0.3790836618738922
2019-06-29 08:09:00,0.19095960680402868
2019-06-29 08:12:00,0.3805331542478143
2019-06-29 08:15:00,0.2681861267176373
2019-06-29 08:18:00,0.21161469102878527
2019-06-29 08:21:00,0.2899385788962263
2019-06-29 08:24:00,0.23308512119382385
2019-06-29 08:27:00,0.34612556145788176
2019-06-29 08:30:00,0.31767521241573604
2019-06-29 08:33:00,0.2487148289930019
2019-06-29 08:36:00,0.1936381237550222
2019-06-29 08:39:00,0.21790911942230196
2019-06-29 08:42:00,0.1505306271161544
2019-06-29 08:45:00,0.1663228073374512
2019-06-29 08:48:00,0.16326506195008506
2019-06-29 08:51:00,0.21816146605800668
2019-06-29 08:54:00,0.1511971037854778
2019-06-29 08:57:00,0.06774961201199403
2019-06-29 09:00:00,0.20037787669474483
2019-06-29 09:03:00,0.10808043560228953
2019-06-29 09:06:00,0.11533897372493129
2019-06-29 09:09:00,0.021931037247099994
2019-06-29 09:12:00,-0.03351933145080466
2019-06-29 09:15:00,-0.03480869071245252
2019-06-29 09:18:00,-0.03730020894130348
2019-06-29 09:21:00,-0.1266523103843724
2019-06-29 09:24:00,-0.05913256567004055
2019-06-29 09:27:00,-0.11037083652342972
2019-06-29 09:30:00,-0.1052160103287747
2019-06-29 09:33:00,-0.12924635878533763
2019-06-29 09:36:00,-0.30218121463167336
2019-06-29 09:39:00,-0.18686774776688253
2019-06-29 09:42:00,-0.26015066869956627
2019-06-29 09:45:00,-0.2068058145107443
2019-06-29 09:48:00,-0.2176810548173762
2019-06-29 09:51:00,-0.23474472459645312
2019-06-29 09:54:00,-0.21768489311006078
2019-06-29 09:57:00,-0.29303068700789936
2019-06-29 10:00:00,-0.28231471876716796
2019-06-29 10:03:00,-0.3825154735355909
2019-06-29 10:06:00,-0.2736387390348227
2019-06-29 10:09:00,-0.26783802548681024
2019-06-29 10:12:00,-0.3453578763488281
2019-06-29 10:15:00,-0.39640532438085074
2019-06-29 10:18:00,-0.2029081362255738
2019-06-29 10:21:00,-0.23221980876354564
2019-06-29 10:24:00,-0.2764258631037819
2019-06-29 10:27:00,-0.30863523073435317
2019-06-29 10:30:00,-0.3023653458802755
2019-06-29 10:33:00,-0.3567198463699697
2019-06-29 10:36:00,-0.28570654933150763
2019-06-29 10:39:00,-0.20453372996644248
2019-06-29 10:42:00,-0.274760935640586
2019-06-29 10:45:00,-0.33505491890088024
2019-06-29 10:48:00,-0.2138071349558004
2019-06-29 10:51:00,-0.34030493031104925
2019-06-29 10:54:00,-0.3010398662531202
2019-06-29 10:57:00,-0.2581027790675421
2019-06-29 11:00:00,-0.42150168273542477
2019-06-29 11:03:00,-0.15750486189335788
2019-06-29 11:06:00,-0.3004221287281439
2019-06-29 11:09:00,-0.25495262423970644
2019-06-29 11:12:00,-0.37368028879456006
2019-06-29 11:15:00,-0.3392343202098118
2019-06-29 11:18:00,-0.27293930577627634
2019-06-29 11:21:00,-0.31998783242335094
2019-06-29 11:24:00,-0.182690262865151
2019-06-29 11:27:00,-0.37658393923516087
2019-06-29 11:30:00,-0.24614663813360949
2019-06-29 11:33:00,-0.36741359807552953
2019-06-29 11:36:00,-0.2849857678103831
2019-06-29 11:39:00,-0.2803417301469153
2019-06-29 11:42:00,-0.2076276779120576
2019-06-29 11:45:00,-0.385684612912371
2019-06-29 11:48:00,-0.2147961489656609
2019-06-29 11:51:00,-0.27036314579885357
2019-06-29 11:54:00,-0.3801110587031076
2019-06-29 11:57:00,-0.32705154938452097
2019-06-29 12:00:00,-0.26771784422561495
2019-06-29 12:03:00,-0.23229752209789467
2019-06-29 12:06:00,-0.15345583721625644
2019-06-29 12:09:00,-0.2059377655465937
2019-06-29 12:12:00,-0.19050475042655535
2019-06-29 12:15:00,-0.14641542150059195
2019-06-29 12:18:00,-0.38007028460248193
2019-06-29 12:21:00,-0.36944534134289597
2019-06-29 12:24:00,-0.44853169783840485
2019-06-29 12:27:00,-0.4794810561463123
2019-06-29 12:30:00,-0.3440280338374464
2019-06-29 12:33:00,-0.37060608033777953
2019-06-29 12:36:00,-0.37257859116817826
2019-06-29 12:39:00,-0.2553018544528527
2019-06-29 12:42:00,-0.33009241791779687
2019-06-29 12:45:00,-0.4170044269518485
2019-06-29 12:48:00,-0.4099301665918347
2019-06-29 12:51:00,-0.251886988756155
2019-06-29 12:54:00,-0.25773969443770284
2019-06-29 12:57:00,-0.24256576851496447
2019-06-29 13:00:00,-0.3201102481959879
2019-06-29 13:03:00,-0.3799789604494208
2019-06-29 13:06:00,-0.30998587686571
2019-06-29 13:09:00,-0.25664576009125994
2019-06-29 13:12:00,-0.3857171818630718
2019-06-29 13:15:00,-0.5294294400699755
2019-06-29 13:18:00,-0.28380265806248417
2019-06-29 13:21:00,-0.2069165503135082
2019-06-29 13:24:00,-0.26757276518395656
2019-06-29 13:27:00,-0.36125786124415527
2019-06-29 13:30:00,-0.4098531438115174
2019-06-29 13:33:00,-0.29431089792507237
2019-06-29 13:36:00,-0.3830093366610754
2019-06-29 13:39:00,-0.331576068693721
2019-06-29 13:42:00,-0.4011494360802317
2019-06-29 13:45:00,-0.4640137442721084
2019-06-29 13:48:00,-0.3156404537966182
2019-06-29 13:51:00,-0.25810996873542535
2019-06-29 13:54:00,-0.33085552987660094
2019-06-29 13:57:00,-0.41656843982707414
2019-06-29 14:00:00,-0.4006285356315402
2019-06-29 14:03:00,-0.338508061417258
2019-06-29 14:06:00,-0.19244309474430565
2019-06-29 14:09:00,-0.27164341076655774
2019-06-29 14:12:00,-0.2156012762572459
2019-06-29 14:15:00,-0.1457128840697237
2019-06-29 14:18:00,-0.13565103141445434
2019-06-29 14:21:00,-0.10096348841364033
2019-06-29 14:24:00,-0.11817731148897792
2019-06-29 14:27:00,0.06065048909874804
2019-06-29 14:30:00,-0.03199583186585642
2019-06-29 14:33:00,-0.02749500571212593
2019-06-29 14:36:00,-0.02579378599489246
2019-06-29 14:39:00,-0.059116107696468134
2019-06-29 14:42:00,-0.11876651745996014
2019-06-29 14:45:00,-0.18861533747246995
2019-06-29 14:48:00,-0.11648709674074098
2019-06-29 14:51:00,-0.18349562257645857
2019-06-29 14:54:00,-0.2377007096783359
2019-06-29 14:57:00,-0.17680446527083404
2019-06-29 15:00:00,-0.164948491078178
2019-06-29 15:03:00,-0.08584707854481621
2019-06-29 15:06:00,-0.10105826155501063
2019-06-29 15:09:00,-0.19335537737470077
2019-06-29 15:12:00,-0.2468119184715647
2019-06-29 15:15:00,-0.11084901700832006
2019-06-29 15:18:00,-0.15289833912146378
2019-06-29 15:21:00,-0.10820142654455367
2019-06-29 15:24:00,-0.18623168570786675
2019-06-29 15:27:00,-0.10884988910066795
2019-06-29 15:30:00,-0.11727469369787968
2019-06-29 15:33:00,-0.13495581073061658
2019-06-29 15:36:00,-0.013078564951399585
2019-06-29 15:39:00,-0.12173503725233559
2019-06-29 15:42:00,-0.13556691844320312
2019-06-29 15:45:00,-0.1078793965496061
2019-06-29 15:48:00,-0.17031297285819846
2019-06-29 15:51:00,-0.24097708870471024
2019-06-29 15:54:00,-0.31395499255540926
2019-06-29 15:57:00,-0.16300923598959116
2019-06-29 16:00:00,-0.33127819454591645
2019-06-29 16:03:00,-0.20207267642547322
2019-06-29 16:06:00,-0.205172096899787
2019-06-29 16:09:00,-0.265237165833355
2019-06-29 16:12:00,-0.3500574571297079
2019-06-29 16:15:00,-0.2402785122108071
2019-06-29 16:18:00,-0.36949647808143027
2019-06-29 16:21:00,-0.28985306968547775
2019-06-29 16:24:00,-0.188014243512157
2019-06-29 16:27:00,-0.23734099676556752
2019-06-29 16:30:00,-0.16490203374593193
2019-06-29 16:33:00,-0.26725027829894543
2019-06-29 16:36:00,-0.43986739996034885
2019-06-29 16:39:00,-0.4560030964125872
2019-06-29 16:42:00,-0.2312268273805671
2019-06-29 16:45:00,-0.3571207776697065
2019-06-29 16:48:00,-0.2612550128570774
2019-06-29 16:51:00,-0.40718746497555003
2019-06-29 16:54:00,-0.3774087880238426
2019-06-29 16:57:00,-0.3462899868272302
2019-06-29 17:00:00,-0.4054400371476845
2019-06-29 17:03:00,-0.43813210778904477
2019-06-29 17:06:00,-0.42555470834338394
2019-06-29 17:09:00,-0.4117450738670527
2019-06-29 17:12:00,-0.37007784652161035
2019-06-29 17:15:00,-0.06958235757940656
2019-06-29 17:18:00,0.05873941728026466
2019-06-29 17:21:00,0.090769804372826
2019-06-29 17:24:00,-0.18769313394318488
2019-06-29 17:27:00,-0.1915753764281476
2019-06-29 17:30:00,-0.13876190631145846
2019-06-29 17:33:00,-0.06928277837033647
2019-06-29 17:36:00,-0.10473002088474459
2019-06-29 17:39:00,0.010554189854815377
2019-06-29 17:42:00,0.056407207112044944
2019-06-29 17:45:00,0.03288642586409196
2019-06-29 17:48:00,-0.0258831486957547
2019-06-29 17:51:00,-0.09121373565642443
2019-06-29 17:54:00,-0.0008132046991704556
2019-06-29 17:57:00,0.053301775725458356
2019-06-29 18:00:00,0.04979272862402695
2019-06-29 18:03:00,-0.008567573703828657
2019-06-29 18:06:00,-5.0686059125837346e-05
2019-06-29 18:09:00,-0.06495952202220678
2019-06-29 18:12:00,-0.09470045046646192
2019-06-29 18:15:00,-0.01713046627151016
2019-06-29 18:18:00,0.01526238837271876
2019-06-29 18:21:00,-0.013930009875025462
2019-06-29 18:24:00,0.043154433066035836
2019-06-29 18:27:00,-0.09539180145856108
2019-06-29 18:30:00,-0.01757235621488462
2019-06-29 18:33:00,0.028938748372127066
2019-06-29 18:36:00,-0.03191720023886546
2019-06-29 18:39:00,-0.03546887289581946
2019-06-29 18:42:00,-0.08288613159038505
2019-06-29 18:45:00,-0.161707277410585
2019-06-29 18:48:00,-0.0015097900466116698
2019-06-29 18:51:00,-0.15555568786589902
2019-06-29 18:54:00,-0.1673312905514308
2019-06-29 18:57:00,-0.1733903776326997
2019-06-29 19:00:00,-0.10894017809062007
2019-06-29 19:03:00,-0.06203947835450663
2019-06-29 19:06:00,-0.12338854865527082
2019-06-29 19:09:00,-0.13116587174710048
2019-06-29 19:12:00,-0.1577724150848212
2019-06-29 19:15:00,-0.18237459041739612
2019-06-29 19:18:00,-0.1514093206796474
2019-06-29 19:21:00,-0.18318604733627808
2019-06-29 19:24:00,-0.13485804878911267
2019-06-29 19:27:00,-0.12074764568171759
2019-06-29 19:30:00,-0.19087792100111756
2019-06-29 19:33:00,-0.12684098202288396
2019-06-29 19:36:00,-0.17391573628339074
2019-06-29 19:39:00,-0.12958344614025918
2019-06-29 19:42:00,-0.10677466998862428
2019-06-29 19:45:00,-0.18869542742470458
2019-06-29 19:48:00,-0.05652323203634069
2019-06-29 19:51:00,-0.03999756958796752
2019-06-29 19:54:00,-0.03283654857432339
2019-06-29 19:57:00,-0.009787687287200697
2019-06-29 20:00:00,0.016246940894689033
2019-06-29 20:03:00,-0.048050008255643206
2019-06-29 20:06:00,-0.0279248495070874
2019-06-29 20:09:00,-0.044190980609016606
2019-06-29 20:12:00,-0.09700929781973855
2019-06-29 20:15:00,-0.10766743083922847
2019-06-29 20:18:00,-0.043514125491981304
2019-06-29 20:21:00,-0.0797890461545876
2019-06-29 20:24:00,-0.1244279854579986
2019-06-29 20:27:00,0.00477395791847357
2019-06-29 20:30:00,-0.01939306695300047
2019-06-29 20:33:00,0.01407783381819172
2019-06-29 20:36:00,-0.034511578408455534
2019-06-29 20:39:00,-0.1027442377557577
2019-06-29 20:42:00,-0.018448448373987958
2019-06-29 20:45:00,-0.11194570638366486
2019-06-29 20:48:00,-0.03224470694857473
2019-06-29 20:51:00,-0.10738511899859304
2019-06-29 20:54:00,-0.09004052229562376
2019-06-29 20:57:00,-0.0005764167199231451
2019-06-29 21:00:00,-0.06158525622623756
2019-06-29 21:03:00,-0.018645211791010752
2019-06-29 21:06:00,-0.09238963350571794
2019-06-29 21:09:00,0.036741294714033756
2019-06-29 21:12:00,0.043907909779079546
2019-06-29 21:15:00,0.0764469484376491
2019-06-29 21:18:00,0.04446814750900785
2019-06-29 21:21:00,-0.044784002751271146
2019-06-29 21:24:00,0.027670720339983745
2019-06-29 21:27:00,0.028290530244078127
2019-06-29 21:30:00,-0.02541239773665893
2019-06-29 21:33:00,0.06252269525890597
2019-06-29 21:36:00,0.16102495596840072
2019-06-29 21:39:00,0.07806151370289172
2019-06-29 21:42:00,0.09858163364646089
2019-06-29 21:45:00,0.1047936700297214
2019-06-29 21:48:00,0.10602808466751412
2019-06-29 21:51:00,0.11559197996683679
2019-06-29 21:54:00,0.04976203481584207
2019-06-29 21:57:00,-0.008374398690421003
2019-06-29 22:00:00,0.11438287767686006
2019-06-29 22:03:00,0.016117310006791286
2019-06-29 22:06:00,0.06018120313234476
2019-06-29 22:09:00,0.07891987863075656
2019-06-29 22:12:00,-0.00682630826077002
2019-06-29 22:15:00,-0.06554697419727518
2019-06-29 22:18:00,-0.003032567033756095
2019-06-29 22:21:00,0.06529214310683074
2019-06-29 22:24:00,0.08131755789270301
2019-06-29 22:27:00,0.008565517152476332
2019-06-29 22:30:00,0.007680852104499536
2019-06-29 22:33:00,0.12062786464736064
2019-06-29 22:36:00,0.1523852105518131
2019-06-29 22:39:00,0.23492159506002963
2019-06-29 22:42:00,0.11371433704925948
2019-06-29 22:45:00,0.17723075796669718
2019-06-29 22:48:00,0.11781416887350815
2019-06-29 22:51:00,0.08820647870754783
2019-06-29 22:54:00,0.10134219890045415
2019-06-29 22:57:00,0.15051922904297044
2019-06-29 23:00:00,0.07416353961934874
2019-06-29 23:03:00,0.07074266158878117
2019-06-29 23:06:00,0.21769846380527724
2019-06-29 23:09:00,-0.014516822803955165
2019-06-29 23:12:00,0.1241426935574168
2019-06-29 23:15:00,0.17638634702501577
2019-06-29 23:18:00,0.18453776206951034
2019-06-29 23:21:00,0.07420767829609076
2019-06-29 23:24:00,0.23848761050101075
2019-06-29 23:27:00,0.17566846250230128
2019-06-29 23:30:00,0.21676544943619547
2019-06-29 23:33:00,0.23087673168157608
2019-06-29 23:36:00,0.24839336600757633
2019-06-29 23:39:00,0.2718175010003847
2019-06-29 23:42:00,0.16584539747071858
2019-06-29 23:45:00,0.19005782532843796
2019-06-29 23:48:00,0.18819298442036825
2019-06-29 23:51:00,0.10450528789709779
2019-06-29 23:54:00,0.02012041804226783
2019-06-29 23:57:00,0.021053612741809502
2019-06-30 00:00:00,0.09458191955354778
2019-06-30 00:03:00,0.08592431701964642
2019-06-30 00:06:00,0.10009351014747381
2019-06-30 00:09:00,0.0454102685235398
2019-06-30 00:12:00,0.07940916964980715
2019-06-30 00:15:00,0.030748515338643756
2019-06-30 00:18:00,0.12857174609382582
2019-06-30 00:21:00,0.13194358921691673
2019-06-30 00:24:00,0.07587876839858154
2019-06-30 00:27:00,0.1107205971309213
2019-06-30 00:30:00,0.07295336505626437
2019-06-30 00:33:00,0.2028990083700819
2019-06-30 00:36:00,0.19362036741591737
2019-06-30 00:39:00,0.0396447578285688
2019-06-30 00:42:00,0.1398823671155469
2019-06-30 00:45:00,0.24950507428724222
2019-06-30 00:48:00,0.17012923535980917
2019-06-30 00:51:00,0.14104199303938003
2019-06-30 00:54:00,0.06271028550111168
2019-06-30 00:57:00,0.15041293804415545
2019-06-30 01:00:00,0.18972957022896253
2019-06-30 01:03:00,0.1813058415467026
2019-06-30 01:06:00,0.11349481058317679
2019-06-30 01:09:00,0.17528758983684156
2019-06-30 01:12:00,0.16418521973275801
2019-06-30 01:15:00,0.08113339283562482
2019-06-30 01:18:00,0.18326443528457048
2019-06-30 01:21:00,0.10243625359612452
2019-06-30 01:24:00,0.18490741310563408
2019-06-30 01:27:00,0.12758981609067632
2019-06-30 01:30:00,0.23237227344861822
2019-06-30 01:33:00,0.1551974489686927
2019-06-30 01:36:00,0.13461892444865953
2019-06-30 01:39:00,0.07879870617335882
2019-06-30 01:42:00,0.18146421693671755
2019-06-30 01:45:00,0.20802378339863026
2019-06-30 01:48:00,0.22951074447036035
2019-06-30 01:51:00,0.2180045832548103
2019-06-30 01:54:00,0.1811351432219226
2019-06-30 01:57:00,0.2665823336798212
2019-06-30 02:00:00,0.2234550253444354
2019-06-30 02:03:00,0.18486159349322406
2019-06-30 02:06:00,0.20256631031833194
2019-06-30 02:09:00,0.18143404853009315
2019-06-30 02:12:00,0.20348462590249028
2019-06-30 02:15:00,0.186658300296358
2019-06-30 02:18:00,0.1809098167308889
2019-06-30 02:21:00,0.32035783711722843
2019-06-30 02:24:00,0.17566556386742604
2019-06-30 02:27:00,0.22314849612047283
2019-06-30 02:30:00,0.15612733470868534
2019-06-30 02:33:00,0.25050930702320784
2019-06-30 02:36:00,0.156311439390322
2019-06-30 02:39:00,0.2082003878237515
2019-06-30 02:42:00,0.08530987638437182
2019-06-30 02:45:00,0.2710344698713243
2019-06-30 02:48:00,0.17708909529414996
2019-06-30 02:51:00,0.18339949508833797
2019-06-30 02:54:00,0.179528346407551
2019-06-30 02:57:00,0.18358369241821038
2019-06-30 03:00:00,0.18699322562815723
2019-06-30 03:03:00,0.28610569410290054
2019-06-30 03:06:00,0.1694064835465383
2019-06-30 03:09:00,0.1612215598248099
2019-06-30 03:12:00,0.15301538525585556
2019-06-30 03:15:00,0.24550200286705604
2019-06-30 03:18:00,0.14387746060657491
2019-06-30 03:21:00,0.2944085571955952
2019-06-30 03:24:00,0.3261675176934773
2019-06-30 03:27:00,0.270688932041935
2019-06-30 03:30:00,0.34893373607491185
2019-06-30 03:33:00,0.2887476907619657
2019-06-30 03:36:00,0.33902811968766855
2019-06-30 03:39:00,0.26000633099573633
2019-06-30 03:42:00,0.2271113811391956
2019-06-30 03:45:00,0.22905996736920997
2019-06-30 03:48:00,0.20687709146051247
2019-06-30 03:51:00,0.3033979473358954
2019-06-30 03:54:00,0.282482203056702
2019-06-30 03:57:00,0.2994296537985406
2019-06-30 04:00:00,0.32311377511507544
2019-06-30 04:03:00,0.24343567153778167
2019-06-30 04:06:00,0.1971075152014805
2019-06-30 04:09:00,0.2690741196012709
2019-06-30 04:12:00,0.22673397935659523
2019-06-30 04:15:00,0.28957215137205594
2019-06-30 04:18:00,0.2666435599028887
2019-06-30 04:21:00,0.28465513263768116
2019-06-30 04:24:00,0.30456135979136434
2019-06-30 04:27:00,0.2701858600870537
2019-06-30 04:30:00,0.2902999755081055
2019-06-30 04:33:00,0.31633035731158543
2019-06-30 04:36:00,0.2240206747142679
2019-06-30 04:39:00,0.29883694075658696
2019-06-30 04:42:00,0.28759614236679454
2019-06-30 04:45:00,0.2417937377654198
2019-06-30 04:48:00,0.2444325464576309
2019-06-30 04:51:00,0.3285359534801273
2019-06-30 04:54:00,0.20756464397283025
2019-06-30 04:57:00,0.23378156211487067
2019-06-30 05:00:00,0.2795805998814558
2019-06-30 05:03:00,0.32617366032133077
2019-06-30 05:06:00,0.2998781145346925
2019-06-30 05:09:00,0.34009254026182134
2019-06-30 05:12:00,0.3245454323713375
2019-06-30 05:15:00,0.3363176070047871
2019-06-30 05:18:00,0.33675244190203557
2019-06-30 05:21:00,0.32877301845110196
2019-06-30 05:24:00,0.3462036104585309
2019-06-30 05:27:00,0.24784151473153315
2019-06-30 05:30:00,0.2690981558507701
2019-06-30 05:33:00,0.2897708909401331
2019-06-30 05:36:00,0.389310292796722
2019-06-30 05:39:00,0.30277907978569374
2019-06-30 05:42:00,0.3001191652625721
2019-06-30 05:45:00,0.35588352981909566
2019-06-30 05:48:00,0.3011118741179075
2019-06-30 05:51:00,0.3064880047593306
2019-06-30 05:54:00,0.27585661635396264
2019-06-30 05:57:00,0.3375160084916047
2019-06-30 06:00:00,0.355478799702837
2019-06-30 06:03:00,0.3806268655003464
2019-06-30 06:06:00,0.4302983058539098
2019-06-30 06:09:00,0.3490569779802968
2019-06-30 06:12:00,0.3477037845484574
2019-06-30 06:15:00,0.39575515496147773
2019-06-30 06:18:00,0.4032356133300823
2019-06-30 06:21:00,0.40000789105931744
2019-06-30 06:24:00,0.3532190207092185
2019-06-30 06:27:00,0.46638532936987076
2019-06-30 06:30:00,0.3270640396049771
2019-06-30 06:33:00,0.40699489976213954
2019-06-30 06:36:00,0.4161557589401923
2019-06-30 06:39:00,0.3502350278111521
2019-06-30 06:42:00,0.3758728294908451
2019-06-30 06:45:00,0.39419950572863627
2019-06-30 06:48:00,0.38780684299916857
2019-06-30 06:51:00,0.41701819423673214
2019-06-30 06:54:00,0.440620029167178
2019-06-30 06:57:00,0.3655222429125615
2019-06-30 07:00:00,0.3526179478508311
2019-06-30 07:03:00,0.40165759181087424
2019-06-30 07:06:00,0.351308484262006
2019-06-30 07:09:00,0.3917594661884891
2019-06-30 07:12:00,0.35403551181423154
2019-06-30 07:15:00,0.3429315506778039
2019-06-30 07:18:00,0.2749967929036643
2019-06-30 07:21:00,0.37014846405446633
2019-06-30 07:24:00,0.3598559535636241
2019-06-30 07:27:00,0.35403564062545456
2019-06-30 07:30:00,0.38524927880609994
2019-06-30 07:33:00,0.23905081295077935
2019-06-30 07:36:00,0.2198317200596307
2019-06-30 07:39:00,0.30818160754569135
2019-06-30 07:42:00,0.4039099868137441
2019-06-30 07:45:00,0.31035342185276704
2019-06-30 07:48:00,0.36590404982729297
2019-06-30 07:51:00,0.2855542103339985
2019-06-30 07:54:00,0.25118093928267626
2019-06-30 07:57:00,0.28501709420419274
2019-06-30 08:00:00,0.21597058119817802
2019-06-30 08:03:00,0.2671991389405548
2019-06-30 08:06:00,0.22720161015195117
2019-06-30 08:09:00,0.24876199989142833
2019-06-30 08:12:00,0.1781663536726228
2019-06-30 08:15:00,0.20442126597640708
2019-06-30 08:18:00,0.12175570887455933
2019-06-30 08:21:00,0.3093026634934404
2019-06-30 08:24:00,0.12536789803436932
2019-06-30 08:27:00,0.21884951863808055
2019-06-30 08:30:00,0.1492458541217161
2019-06-30 08:33:00,0.13151181437541482
2019-06-30 08:36:00,0.11306914109542276
2019-06-30 08:39:00,0.10779690217458437
2019-06-30 08:42:00,0.0861509980691153
2019-06-30 08:45:00,0.13569518960014193
2019-06-30 08:48:00,0.11161939376785313
2019-06-30 08:51:00,0.16423233866288456
2019-06-30 08:54:00,0.09291763474612935
2019-06-30 08:57:00,0.05054177551568273
2019-06-30 09:00:00,0.007658627884836733
2019-06-30 09:03:00,-0.015622695045976798
2019-06-30 09:06:00,-0.007320451930638683
2019-06-30 09:09:00,0.1366796081213124
2019-06-30 09:12:00,0.004144864034628881
2019-06-30 09:15:00,0.004250447188780981
2019-06-30 09:18:00,-0.04089993058306618
2019-06-30 09:21:00,0.04440674894124186
2019-06-30 09:24:00,0.023461507739057197
2019-06-30 09:27:00,-0.11926274477218612
2019-06-30 09:30:00,0.05562244768060509
2019-06-30 09:33:00,-0.0845914039125546
2019-06-30 09:36:00,-0.15002007212245871
2019-06-30 09:39:00,-0.18401104567374205
2019-06-30 09:42:00,-0.16071366203755133
2019-06-30 09:45:00,-0.08793458644851171
2019-06-30 09:48:00,-0.14685097014142912
2019-06-30 09:51:00,-0.1332483352626923
2019-06-30 09:54:00,-0.17611734170571935
2019-06-30 09:57:00,-0.13620201418842726
2019-06-30 10:00:00,-0.24257333095590639
2019-06-30 10:03:00,-0.1787540070786804
2019-06-30 10:06:00,-0.1728738998894528
2019-06-30 10:09:00,-0.1993025542969349
2019-06-30 10:12:00,-0.2460666549209236
2019-06-30 10:15:00,-0.2385169349177545
2019-06-30 10:18:00,-0.22010669891193402
2019-06-30 10:21:00,-0.19829546827116928
2019-06-30 10:24:00,-0.22612332815850777
2019-06-30 10:27:00,-0.33063856553582127
2019-06-30 10:30:00,-0.22959389949710385
2019-06-30 10:33:00,-0.2804359514759085
2019-06-30 10:36:00,-0.27003540418081684
2019-06-30 10:39:00,-0.2791457183998318
2019-06-30 10:42:00,-0.2937174666940905
2019-06-30 10:45:00,-0.3513636110817515
2019-06-30 10:48:00,-0.24575449919683479
2019-06-30 10:51:00,-0.2801195832672079
2019-06-30 10:54:00,-0.328226982096794
2019-06-30 10:57:00,-0.26181942594701013
2019-06-30 11:00:00,-0.30932499288309145
2019-06-30 11:03:00,-0.3647968799054411
2019-06-30 11:06:00,-0.34580345849116156
2019-06-30 11:09:00,-0.2866689954526578
2019-06-30 11:12:00,-0.4604838597339267
2019-06-30 11:15:00,-0.42327465008997933
2019-06-30 11:18:00,-0.42701026421491406
2019-06-30 11:21:00,-0.22895466666443554
2019-06-30 11:24:00,-0.34534812556250927
2019-06-30 11:27:00,-0.45253241499131036
2019-06-30 11:30:00,-0.2945195839683947
2019-06-30 11:33:00,-0.22864238443753493
2019-06-30 11:36:00,-0.35379883398820766
2019-06-30 11:39:00,-0.22618388272940138
2019-06-30 11:42:00,-0.4199992395548975
2019-06-30 11:45:00,-0.46083827190039983
2019-06-30 11:48:00,-0.3044685929915545
2019-06-30 11:51:00,-0.388600648348131
2019-06-30 11:54:00,-0.4341969090484099
2019-06-30 11:57:00,-0.3299781941629476
2019-06-30 12:00:00,-0.4378409850635876
2019-06-30 12:03:00,-0.29478853072959055
2019-06-30 12:06:00,-0.45418764724030325
2019-06-30 12:09:00,-0.41206518882432874
2019-06-30 12:12:00,-0.42983170294132833
2019-06-30 12:15:00,-0.32282369846791426
2019-06-30 12:18:00,-0.4141114445323524
2019-06-30 12:21:00,-0.48706345216396585
2019-06-30 12:24:00,-0.49054078092456166
2019-06-30 12:27:00,-0.4400730243303883
2019-06-30 12:30:00,-0.47855356901720825
2019-06-30 12:33:00,-0.34482277748548995
2019-06-30 12:36:00,-0.3924990510382713
2019-06-30 12:39:00,-0.346368807013846
2019-06-30 12:42:00,-0.5206039016334785
2019-06-30 12:45:00,-0.4446968592924918
2019-06-30 12:48:00,-0.49486341494753106
2019-06-30 12:51:00,-0.3279835689734796
2019-06-30 12:54:00,-0.3515197901981537
2019-06-30 12:57:00,-0.4718015383128318
2019-06-30 13:00:00,-0.42710194511658983
2019-06-30 13:03:00,-0.4267161648808724
2019-06-30 13:06:00,-0.37154579618373873
2019-06-30 13:09:00,-0.4055241825176381
2019-06-30 13:12:00,-0.44600108090634194
2019-06-30 13:15:00,-0.3580789395582542
2019-06-30 13:18:00,-0.22137284634555954
2019-06-30 13:21:00,-0.4354139331620104
2019-06-30 13:24:00,-0.45810192116437065
2019-06-30 13:27:00,-0.5118139240727828
2019-06-30 13:30:00,-0.6829590192807586
2019-06-30 13:33:00,-0.4377472971181646
2019-06-30 13:36:00,-0.39076424211128824
2019-06-30 13:39:00,-0.496175845438529
2019-06-30 13:42:00,-0.4251383328551128
2019-06-30 13:45:00,-0.5152635681878905
2019-06-30 13:48:00,-0.49813782088466496
2019-06-30 13:51:00,-0.409154365510517
2019-06-30 13:54:00,-0.38804492449713734
2019-06-30 13:57:00,-0.45722023144315926
2019-06-30 14:00:00,-0.5143268744224088
2019-06-30 14:03:00,-0.34947308211769723
2019-06-30 14:06:00,-0.33555804245776244
2019-06-30 14:09:00,-0.4796574802721807
2019-06-30 14:12:00,-0.47261914886763634
2019-06-30 14:15:00,-0.48931773262376055
2019-06-30 14:18:00,-0.4545810920430995
2019-06-30 14:21:00,-0.47891166243186944
2019-06-30 14:24:00,-0.547444525106755
2019-06-30 14:27:00,-0.6263023120716298
2019-06-30 14:30:00,-0.4346825049028098
2019-06-30 14:33:00,-0.44796338514100853
2019-06-30 14:36:00,-0.46644831910759876
2019-06-30 14:39:00,-0.47332498561581815
2019-06-30 14:42:00,-0.49594573645430273
2019-06-30 14:45:00,-0.43928762114012443
2019-06-30 14:48:00,-0.5533605911398922
2019-06-30 14:51:00,-0.4810770088695904
2019-06-30 14:54:00,-0.5209797612099578
2019-06-30 14:57:00,-0.4694319446927011
2019-06-30 15:00:00,-0.5660294391160505
2019-06-30 15:03:00,-0.5192512052567508
2019-06-30 15:06:00,-0.4528430331017148
2019-06-30 15:09:00,-0.47580864384963206
2019-06-30 15:12:00,-0.45712458320474525
2019-06-30 15:15:00,-0.508541737383041
2019-06-30 15:18:00,-0.415393834730196
2019-06-30 15:21:00,-0.5019341470338077
2019-06-30 15:24:00,-0.4709133561634644
2019-06-30 15:27:00,-0.4423434296813298
2019-06-30 15:30:00,-0.29228931869812413
2019-06-30 15:33:00,-0.5091448542864896
2019-06-30 15:36:00,-0.3923585089190169
2019-06-30 15:39:00,-0.4556261099758103
2019-06-30 15:42:00,-0.45925464705987906
2019-06-30 15:45:00,-0.429628717459309
2019-06-30 15:48:00,-0.42781627824166435
2019-06-30 15:51:00,-0.5146067219017709
2019-06-30 15:54:00,-0.4484651519858289
2019-06-30 15:57:00,-0.37298664307900253
2019-06-30 16:00:00,-0.44066978427815684
2019-06-30 16:03:00,-0.4129847715148003
2019-06-30 16:06:00,-0.611485594055921
2019-06-30 16:09:00,-0.552668032004874
2019-06-30 16:12:00,-0.47821870668667543
2019-06-30 16:15:00,-0.5267646235573125
2019-06-30 16:18:00,-0.4838879243608858
2019-06-30 16:21:00,-0.3899391277348059
2019-06-30 16:24:00,-0.4688769273745379
2019-06-30 16:27:00,-0.3122742886432661
2019-06-30 16:30:00,-0.41497879721111985
2019-06-30 16:33:00,-0.5386603717823277
2019-06-30 16:36:00,-0.4412950889400804
2019-06-30 16:39:00,-0.43476763300111543
2019-06-30 16:42:00,-0.4303124703319554
2019-06-30 16:45:00,-0.3304757987066296
2019-06-30 16:48:00,-0.35955621353519973
2019-06-30 16:51:00,-0.4293166251633238
2019-06-30 16:54:00,-0.34356708002087544
2019-06-30 16:57:00,-0.4258900736087412
2019-06-30 17:00:00,-0.3058591058933757
2019-06-30 17:03:00,-0.4077837417840442
2019-06-30 17:06:00,-0.3284880877483829
2019-06-30 17:09:00,-0.3238445468549003
2019-06-30 17:12:00,-0.28967918608873333
2019-06-30 17:15:00,-0.3602255683665021
2019-06-30 17:18:00,-0.3447179397323339
2019-06-30 17:21:00,-0.3186044966457757
2019-06-30 17:24:00,-0.33119197039991377
2019-06-30 17:27:00,-0.26071590770044395
2019-06-30 17:30:00,-0.3464559754057177
2019-06-30 17:33:00,-0.2799207129058914
2019-06-30 17:36:00,-0.3247898183599318
2019-06-30 17:39:00,-0.37187232320485464
2019-06-30 17:42:00,-0.2631532422583973
2019-06-30 17:45:00,-0.2149548634022267
2019-06-30 17:48:00,-0.3603226534897317
2019-06-30 17:51:00,-0.38814792437506185
2019-06-30 17:54:00,-0.23814388823109311
2019-06-30 17:57:00,-0.32268208347466043
2019-06-30 18:00:00,-0.38697624625962135
2019-06-30 18:03:00,-0.2169996378757446
2019-06-30 18:06:00,-0.31245100966668815
2019-06-30 18:09:00,-0.12597871693344587
2019-06-30 18:12:00,-0.258919540861541
2019-06-30 18:15:00,-0.3105870839816589
2019-06-30 18:18:00,-0.2876629699714499
2019-06-30 18:21:00,-0.2360392483689111
2019-06-30 18:24:00,-0.3287491037328323
2019-06-30 18:27:00,-0.28718443214074796
2019-06-30 18:30:00,-0.3044923843435754
2019-06-30 18:33:00,-0.26202405913500115
2019-06-30 18:36:00,-0.21936086884534234
2019-06-30 18:39:00,-0.26701069323593174
2019-06-30 18:42:00,-0.2026332877937307
2019-06-30 18:45:00,-0.1457540701886728
2019-06-30 18:48:00,-0.2729107043190879
2019-06-30 18:51:00,-0.15259907197884104
2019-06-30 18:54:00,-0.20984255390743556
2019-06-30 18:57:00,-0.19348237712529226
2019-06-30 19:00:00,-0.1385572365817893
2019-06-30 19:03:00,-0.16324608082629766
2019-06-30 19:06:00,-0.10077242276446441
2019-06-30 19:09:00,-0.18519560089180231
2019-06-30 19:12:00,-0.12335359595010686
2019-06-30 19:15:00,-0.15382226706776692
2019-06-30 19:18:00,-0.10637909575098092
2019-06-30 19:21:00,-0.0920046112113937
2019-06-30 19:24:00,-0.034708570204429634
2019-06-30 19:27:00,-0.07830168723330644
2019-06-30 19:30:00,0.025800617005586446
2019-06-30 19:33:00,-0.17616179805679621
2019-06-30 19:36:00,0.05896565577177171
2019-06-30 19:39:00,-0.18903638432425396
2019-06-30 19:42:00,-0.12695540128407856
2019-06-30 19:45:00,-0.03202632717074039
2019-06-30 19:48:00,-0.03700319575807498
2019-06-30 19:51:00,-0.07794863382548556
2019-06-30 19:54:00,-0.06752446070760243
2019-06-30 19:57:00,-0.13377262632502607
2019-06-30 20:00:00,-0.10391658027424455
2019-06-30 20:03:00,-0.017447860019046857
2019-06-30 20:06:00,-0.1093043622931873
2019-06-30 20:09:00,-0.06407134949921556
2019-06-30 20:12:00,-0.0968450425817764
2019-06-30 20:15:00,-0.019937231277197043
2019-06-30 20:18:00,-0.08552416246067196
2019-06-30 20:21:00,-0.09810528095982818
2019-06-30 20:24:00,-0.022113610443739162
2019-06-30 20:27:00,-0.037103159538673935
2019-06-30 20:30:00,-0.09599549498966553
2019-06-30 20:33:00,-0.07133898088602564
2019-06-30 20:36:00,-0.07896097411332903
2019-06-30 20:39:00,-0.06147509490938319
2019-06-30 20:42:00,-0.08584857598901863
2019-06-30 20:45:00,0.0054195368873593
2019-06-30 20:48:00,-0.01850320145410933
2019-06-30 20:51:00,0.00955331774912338
2019-06-30 20:54:00,-0.08553404155361477
2019-06-30 20:57:00,0.06869284626532135
2019-06-30 21:00:00,0.0726085464467019
2019-06-30 21:03:00,0.027907106355030464
2019-06-30 21:06:00,0.10837111601074412
2019-06-30 21:09:00,0.05217041698659841
2019-06-30 21:12:00,0.025666411635370423
2019-06-30 21:15:00,-0.08534318116937811
2019-06-30 21:18:00,0.015574827808336522
2019-06-30 21:21:00,0.006807205837503716
2019-06-30 21:24:00,-0.03189537235607531
2019-06-30 21:27:00,0.02759323801564051
2019-06-30 21:30:00,0.036449128823790033
2019-06-30 21:33:00,0.0016861518998894098
2019-06-30 21:36:00,0.03139226107623472
2019-06-30 21:39:00,0.004348124514194751
2019-06-30 21:42:00,-0.0393944864569562
2019-06-30 21:45:00,0.06348013725454393
2019-06-30 21:48:00,-0.05024763671275423
2019-06-30 21:51:00,0.0567750908582525
2019-06-30 21:54:00,0.11608381018754699
2019-06-30 21:57:00,0.07653963567895516
2019-06-30 22:00:00,0.04265097763357062
2019-06-30 22:03:00,0.04515079532455957
2019-06-30 22:06:00,0.1988611131658331
2019-06-30 22:09:00,0.07133237938990078
2019-06-30 22:12:00,0.05480757123575586
2019-06-30 22:15:00,0.09353918753009793
2019-06-30 22:18:00,0.050451955809933224
2019-06-30 22:21:00,0.14009278745203346
2019-06-30 22:24:00,0.049920000042561696
2019-06-30 22:27:00,0.05923282589463952
2019-06-30 22:30:00,0.12417609474766778
2019-06-30 22:33:00,0.062187278317367145
2019-06-30 22:36:00,0.10397511899878964
2019-06-30 22:39:00,0.09155837008847811
2019-06-30 22:42:00,-0.009620825422302914
2019-06-30 22:45:00,0.10503368420836523
2019-06-30 22:48:00,0.11198427633451047
2019-06-30 22:51:00,0.2121427605446229
2019-06-30 22:54:00,0.06896055708307358
2019-06-30 22:57:00,0.14978956894697149
2019-06-30 23:00:00,0.0817973205739122
2019-06-30 23:03:00,0.13790472663350783
2019-06-30 23:06:00,0.06523993312606535
2019-06-30 23:09:00,0.21735975005526598
2019-06-30 23:12:00,0.3066625693840592
2019-06-30 23:15:00,0.4056018562991994
2019-06-30 23:18:00,0.5319714524861752
2019-06-30 23:21:00,0.6505956985366197
2019-06-30 23:24:00,0.30042278536376443
2019-06-30 23:27:00,0.33658369255186926
2019-06-30 23:30:00,0.19029615113043974
2019-06-30 23:33:00,0.14046735633513663
2019-06-30 23:36:00,0.13260132484936094
2019-06-30 23:39:00,0.17190149979995795
2019-06-30 23:42:00,0.09311189398516717
2019-06-30 23:45:00,0.10152673379019461
2019-06-30 23:48:00,0.1177647250509608
2019-06-30 23:51:00,0.22046706188234566
2019-06-30 23:54:00,0.1719085050248168
2019-06-30 23:57:00,0.18560889325294738
2019-07-01 00:00:00,0.15006304294490747
2019-07-01 00:03:00,0.17489752481913
2019-07-01 00:06:00,0.09566885374175627
2019-07-01 00:09:00,0.1592818998549319
2019-07-01 00:12:00,0.20345403646660998
2019-07-01 00:15:00,0.14557813362159777
2019-07-01 00:18:00,0.08387888590499415
2019-07-01 00:21:00,0.09876003890627771
2019-07-01 00:24:00,0.11480234421014757
2019-07-01 00:27:00,0.17785542319342085
2019-07-01 00:30:00,0.17404747275708132
2019-07-01 00:33:00,0.25061330857562325
2019-07-01 00:36:00,0.09692956782436113
2019-07-01 00:39:00,0.10616584911809923
2019-07-01 00:42:00,0.1616309699542171
2019-07-01 00:45:00,0.1873825182190103
2019-07-01 00:48:00,0.22098828895741462
2019-07-01 00:51:00,0.09466267223086788
2019-07-01 00:54:00,0.12728432309745585
2019-07-01 00:57:00,0.16146090998290674
2019-07-01 01:00:00,0.11793604730593188
2019-07-01 01:03:00,0.019075941461494494
2019-07-01 01:06:00,0.22529903622779557
2019-07-01 01:09:00,0.25336050923817766
2019-07-01 01:12:00,0.09502148245195485
2019-07-01 01:15:00,0.18775964239898713
2019-07-01 01:18:00,0.23581738800010044
2019-07-01 01:21:00,0.23219022827282743
2019-07-01 01:24:00,0.16082264672809288
2019-07-01 01:27:00,0.1524103128213028
2019-07-01 01:30:00,0.2846301270338927
2019-07-01 01:33:00,0.15595052846146018
2019-07-01 01:36:00,0.17265448046089205
2019-07-01 01:39:00,0.13825443187459996
2019-07-01 01:42:00,0.24227657666466484
2019-07-01 01:45:00,0.15080342865212515
2019-07-01 01:48:00,0.13438081791929335
2019-07-01 01:51:00,0.122509038218368
2019-07-01 01:54:00,0.2580463546640317
2019-07-01 01:57:00,0.20545724969593948
2019-07-01 02:00:00,0.1680274897253753
2019-07-01 02:03:00,0.20427476353694374
2019-07-01 02:06:00,0.21910523434496554
2019-07-01 02:09:00,0.2421446786947854
2019-07-01 02:12:00,0.1398357680959066
2019-07-01 02:15:00,0.17638962265323244
2019-07-01 02:18:00,0.225422367748763
2019-07-01 02:21:00,0.23515756775140062
2019-07-01 02:24:00,0.18971067581804846
2019-07-01 02:27:00,0.13819359352140737
2019-07-01 02:30:00,0.1561367923664534
2019-07-01 02:33:00,0.19020501874376805
2019-07-01 02:36:00,0.2288561616389302
2019-07-01 02:39:00,0.2589079315775962
2019-07-01 02:42:00,0.1726746268522561
2019-07-01 02:45:00,0.1906993469713143
2019-07-01 02:48:00,0.19466788134468516
2019-07-01 02:51:00,0.20742349578381436
2019-07-01 02:54:00,0.27903625838712287
2019-07-01 02:57:00,0.19713287778029098
2019-07-01 03:00:00,0.1334041335223901
2019-07-01 03:03:00,0.23900076537199766
2019-07-01 03:06:00,0.2587876110712841
2019-07-01 03:09:00,0.1193153162923295
2019-07-01 03:12:00,0.08571510906267577
2019-07-01 03:15:00,0.22624215653337387
2019-07-01 03:18:00,0.12899876621662543
2019-07-01 03:21:00,0.2802179735975301
2019-07-01 03:24:00,0.20147094030232893
2019-07-01 03:27:00,0.19375018919282638
2019-07-01 03:30:00,0.23492050161388534
2019-07-01 03:33:00,0.3338988076604892
2019-07-01 03:36:00,0.3539036672939915
2019-07-01 03:39:00,0.19780050345320888
2019-07-01 03:42:00,0.145517191293834
2019-07-01 03:45:00,0.2515551927126012
2019-07-01 03:48:00,0.33543341332398313
2019-07-01 03:51:00,0.22348125208475267
2019-07-01 03:54:00,0.28060641168997336
2019-07-01 03:57:00,0.26687423755134887
2019-07-01 04:00:00,0.28679649830269227
2019-07-01 04:03:00,0.20351328169073213
2019-07-01 04:06:00,0.19956536590979113
2019-07-01 04:09:00,0.2393408464253639
2019-07-01 04:12:00,0.3758138304476688
2019-07-01 04:15:00,0.3631302489426389
2019-07-01 04:18:00,0.297273639219668
2019-07-01 04:21:00,0.3193890642801307
2019-07-01 04:24:00,0.2502988356829974
2019-07-01 04:27:00,0.2820222763820084
2019-07-01 04:30:00,0.3549808942579489
2019-07-01 04:33:00,0.3142796532865191
2019-07-01 04:36:00,0.3726502493287285
2019-07-01 04:39:00,0.25826372818841037
2019-07-01 04:42:00,0.3355172372719153
2019-07-01 04:45:00,0.1975573289648196
2019-07-01 04:48:00,0.1845199204126402
2019-07-01 04:51:00,0.14852692018234848
2019-07-01 04:54:00,0.20489522976674834
2019-07-01 04:57:00,0.2760471438442096
2019-07-01 05:00:00,0.27520968353746866
2019-07-01 05:03:00,0.2042371034634698
2019-07-01 05:06:00,0.20413131264143658
2019-07-01 05:09:00,0.13882924613341174
2019-07-01 05:12:00,0.22573374656451506
2019-07-01 05:15:00,0.2146445398554988
2019-07-01 05:18:00,0.13482698958426909
2019-07-01 05:21:00,0.18445659449531604
2019-07-01 05:24:00,0.297513093293162
2019-07-01 05:27:00,0.2522140787889384
2019-07-01 05:30:00,0.24604396375559645
2019-07-01 05:33:00,0.2273846440969578
2019-07-01 05:36:00,0.2677222082622279
2019-07-01 05:39:00,0.1715243512024358
2019-07-01 05:42:00,0.1451850370298189
2019-07-01 05:45:00,0.26329567052897573
2019-07-01 05:48:00,0.1646392407845383
2019-07-01 05:51:00,0.17786745156308825
2019-07-01 05:54:00,0.26207348063650215
2019-07-01 05:57:00,0.28859040736870156
2019-07-01 06:00:00,0.2683072375043025
2019-07-01 06:03:00,0.2829653089459043
2019-07-01 06:06:00,0.2713608800373777
2019-07-01 06:09:00,0.2548451320733989
2019-07-01 06:12:00,0.2702580398533314
2019-07-01 06:15:00,0.2526555771946164
2019-07-01 06:18:00,0.24736756740850296
2019-07-01 06:21:00,0.18631556265768268
2019-07-01 06:24:00,0.2210893869863071
2019-07-01 06:27:00,0.298496865511936
2019-07-01 06:30:00,0.16934574150650405
2019-07-01 06:33:00,0.10008276788317971
2019-07-01 06:36:00,0.23240939515432046
2019-07-01 06:39:00,0.21996577169426246
2019-07-01 06:42:00,0.19847309735030194
2019-07-01 06:45:00,0.21436480136082992
2019-07-01 06:48:00,0.31428579919270305
2019-07-01 06:51:00,0.07666328891076546
2019-07-01 06:54:00,0.23317395361567606
2019-07-01 06:57:00,0.17474565276455678
2019-07-01 07:00:00,0.24840326706896576
2019-07-01 07:03:00,0.23572545972808712
2019-07-01 07:06:00,0.18214149740487073
2019-07-01 07:09:00,0.1873791054163121
2019-07-01 07:12:00,0.2907778653550963
2019-07-01 07:15:00,0.24662319387590514
2019-07-01 07:18:00,0.3434090997133694
2019-07-01 07:21:00,0.23939616612852888
2019-07-01 07:24:00,0.3277834430933808
2019-07-01 07:27:00,0.30679771184719584
2019-07-01 07:30:00,0.3688982760941144
2019-07-01 07:33:00,0.2929472077648825
2019-07-01 07:36:00,0.21497439662147144
2019-07-01 07:39:00,0.3104013851056493
2019-07-01 07:42:00,0.29433701262411205
2019-07-01 07:45:00,0.32779946995805176
2019-07-01 07:48:00,0.29376529617672986
2019-07-01 07:51:00,0.27315522291826255
2019-07-01 07:54:00,0.2307302901427306
2019-07-01 07:57:00,0.1937458663909979
2019-07-01 08:00:00,0.19579817936454447
2019-07-01 08:03:00,0.2631303919321226
2019-07-01 08:06:00,0.20709033232964202
2019-07-01 08:09:00,0.21533972148847624
2019-07-01 08:12:00,0.2927657659085412
2019-07-01 08:15:00,0.2227569571318213
2019-07-01 08:18:00,0.2192277921874961
2019-07-01 08:21:00,0.17599361238643496
2019-07-01 08:24:00,0.16987549982093242
2019-07-01 08:27:00,0.2185219420484259
2019-07-01 08:30:00,0.2199704107291609
2019-07-01 08:33:00,0.15790153272939733
2019-07-01 08:36:00,0.11923865216971308
2019-07-01 08:39:00,0.1671923110454827
2019-07-01 08:42:00,0.13261872007370812
2019-07-01 08:45:00,0.17689675669595317
2019-07-01 08:48:00,0.06738404598695524
2019-07-01 08:51:00,0.17983860528420337
2019-07-01 08:54:00,0.03812300371208721
2019-07-01 08:57:00,0.15768495290973306
2019-07-01 09:00:00,0.046237875102178805
2019-07-01 09:03:00,0.02875001397762844
2019-07-01 09:06:00,0.12968397430944378
2019-07-01 09:09:00,0.11058982625280578
2019-07-01 09:12:00,0.07278909794786159
2019-07-01 09:15:00,-0.002065189005065804
2019-07-01 09:18:00,0.09224040645131026
2019-07-01 09:21:00,0.13080899388944545
2019-07-01 09:24:00,0.06302274974257216
2019-07-01 09:27:00,0.08433899861648797
2019-07-01 09:30:00,-0.010901921685615434
2019-07-01 09:33:00,0.14716081878236764
2019-07-01 09:36:00,0.00918887211355468
2019-07-01 09:39:00,0.06603269818316448
2019-07-01 09:42:00,-0.014637036422470828
2019-07-01 09:45:00,0.009163752435881634
2019-07-01 09:48:00,-0.001544791576463922
2019-07-01 09:51:00,0.038008964662935796
2019-07-01 09:54:00,-0.0034515433153501363
2019-07-01 09:57:00,-0.056965350426992245
2019-07-01 10:00:00,-0.015556150364147925
2019-07-01 10:03:00,-0.10276868156216779
2019-07-01 10:06:00,-0.06421878711353202
2019-07-01 10:09:00,-0.0969089940737149
2019-07-01 10:12:00,-0.005096324994326551
2019-07-01 10:15:00,-0.1351096690831355
2019-07-01 10:18:00,-0.10388187427395223
2019-07-01 10:21:00,-0.08781223144814021
2019-07-01 10:24:00,-0.028837806226476914
2019-07-01 10:27:00,-0.20451956734467558
2019-07-01 10:30:00,-0.03733009149999589
2019-07-01 10:33:00,-0.2064004730963802
2019-07-01 10:36:00,-0.13032845803428472
2019-07-01 10:39:00,0.002247024909308948
2019-07-01 10:42:00,-0.18449410595201243
2019-07-01 10:45:00,-0.1378857648304006
2019-07-01 10:48:00,-0.20662748321939262
2019-07-01 10:51:00,-0.15514484060031464
2019-07-01 10:54:00,-0.1534157859938432
2019-07-01 10:57:00,-0.09255672510016666
2019-07-01 11:00:00,-0.14498692619372378
2019-07-01 11:03:00,-0.13602632790866664
2019-07-01 11:06:00,-0.17239013635094125
2019-07-01 11:09:00,-0.18238553609108976
2019-07-01 11:12:00,-0.17533950439121782
2019-07-01 11:15:00,-0.1922062840584431
2019-07-01 11:18:00,-0.2550502281347349
2019-07-01 11:21:00,-0.28764623182792093
2019-07-01 11:24:00,-0.24406738696313823
2019-07-01 11:27:00,-0.20196491698675345
2019-07-01 11:30:00,-0.23167422151055916
2019-07-01 11:33:00,-0.1639084169875673
2019-07-01 11:36:00,-0.21518106128627323
2019-07-01 11:39:00,-0.3032682227363921
2019-07-01 11:42:00,-0.25704424516226254
2019-07-01 11:45:00,-0.30461795273640746
2019-07-01 11:48:00,-0.3384506949622619
2019-07-01 11:51:00,-0.1468929781017323
2019-07-01 11:54:00,-0.27897838328402713
2019-07-01 11:57:00,-0.3270243247969802
2019-07-01 12:00:00,-0.25793531491098065
2019-07-01 12:03:00,-0.4134492390008404
2019-07-01 12:06:00,-0.3211166529513889
2019-07-01 12:09:00,-0.2601747486170325
2019-07-01 12:12:00,-0.34411696960501104
2019-07-01 12:15:00,-0.33569647638915967
2019-07-01 12:18:00,-0.37946019703576894
2019-07-01 12:21:00,-0.34270821791704975
2019-07-01 12:24:00,-0.32193043366856955
2019-07-01 12:27:00,-0.2998998843273739
2019-07-01 12:30:00,-0.3648079019139914
2019-07-01 12:33:00,-0.3943344872146213
2019-07-01 12:36:00,-0.3528930225150475
2019-07-01 12:39:00,-0.3730474492338658
2019-07-01 12:42:00,-0.2761904207993098
2019-07-01 12:45:00,-0.22781489452489723
2019-07-01 12:48:00,-0.3164500224821154
2019-07-01 12:51:00,-0.2826929492474619
2019-07-01 12:54:00,-0.41348241132249086
2019-07-01 12:57:00,-0.22080662477532087
2019-07-01 13:00:00,-0.3086259321178204
2019-07-01 13:03:00,-0.3085289450428945
2019-07-01 13:06:00,-0.3736166637784777
2019-07-01 13:09:00,-0.3424837283306488
2019-07-01 13:12:00,-0.2788923445238538
2019-07-01 13:15:00,-0.34243740763469077
2019-07-01 13:18:00,-0.2430864648571287
2019-07-01 13:21:00,-0.2523996245272997
2019-07-01 13:24:00,-0.3604248280671527
2019-07-01 13:27:00,-0.26955811127072593
2019-07-01 13:30:00,-0.4606267881869144
2019-07-01 13:33:00,-0.38938703514236295
2019-07-01 13:36:00,-0.43731502799465716
2019-07-01 13:39:00,-0.3934697348295231
2019-07-01 13:42:00,-0.38491767308244107
2019-07-01 13:45:00,-0.37932268779701417
2019-07-01 13:48:00,-0.3864047417089864
2019-07-01 13:51:00,-0.31182574970995347
2019-07-01 13:54:00,-0.26903404183411794
2019-07-01 13:57:00,-0.23878817904670768
2019-07-01 14:00:00,-0.25981183342076974
2019-07-01 14:03:00,-0.17040776364660815
2019-07-01 14:06:00,-0.2217191080384282
2019-07-01 14:09:00,-0.2352356868196921
2019-07-01 14:12:00,-0.07999002127843369
2019-07-01 14:15:00,0.06165549480544996
2019-07-01 14:18:00,-0.002856500340783441
2019-07-01 14:21:00,0.03166332783195003
2019-07-01 14:24:00,0.0644238827885033
2019-07-01 14:27:00,0.113974243159646
2019-07-01 14:30:00,0.16742643697307358
2019-07-01 14:33:00,0.2473909946543813
2019-07-01 14:36:00,0.07880748150296313
2019-07-01 14:39:00,0.05737360469993291
2019-07-01 14:42:00,-0.1735453283630477
2019-07-01 14:45:00,-0.2810062485543767
2019-07-01 14:48:00,-0.2346448512565189
2019-07-01 14:51:00,-0.34582089142924133
2019-07-01 14:54:00,-0.3186707729396403
2019-07-01 14:57:00,-0.17664103842457735
2019-07-01 15:00:00,-0.34481167655206946
2019-07-01 15:03:00,-0.36334266670007764
2019-07-01 15:06:00,-0.3668327252484005
2019-07-01 15:09:00,-0.3331332466156596
2019-07-01 15:12:00,-0.38167537748779523
2019-07-01 15:15:00,-0.29782199388148456
2019-07-01 15:18:00,-0.2543879708933332
2019-07-01 15:21:00,-0.19527330843231994
2019-07-01 15:24:00,-0.17032426157032887
2019-07-01 15:27:00,-0.2453739879498471
2019-07-01 15:30:00,-0.25191781629700927
2019-07-01 15:33:00,-0.30606985693094657
2019-07-01 15:36:00,-0.29919267483569456
2019-07-01 15:39:00,-0.2582761828432467
2019-07-01 15:42:00,-0.17295672064409473
2019-07-01 15:45:00,-0.10373896743396926
2019-07-01 15:48:00,-0.1826095277250488
2019-07-01 15:51:00,-0.2317662047676663
2019-07-01 15:54:00,-0.17366742055020268
2019-07-01 15:57:00,-0.02401775718197996
2019-07-01 16:00:00,-0.26538103338111796
2019-07-01 16:03:00,-0.3548635554018347
2019-07-01 16:06:00,-0.23307602333903787
2019-07-01 16:09:00,-0.30098849333006683
2019-07-01 16:12:00,-0.2327597564828352
2019-07-01 16:15:00,-0.34148642037825994
2019-07-01 16:18:00,-0.24139979744927587
2019-07-01 16:21:00,-0.3476194824692129
2019-07-01 16:24:00,-0.18613987411549715
2019-07-01 16:27:00,0.0003724769654240845
2019-07-01 16:30:00,-0.10500253277683669
2019-07-01 16:33:00,-0.15218426797747497
2019-07-01 16:36:00,-0.08541414858189
2019-07-01 16:39:00,-0.0961399743681568
2019-07-01 16:42:00,-0.21161614081586322
2019-07-01 16:45:00,-0.12399629471508433
2019-07-01 16:48:00,-0.2599982546009869
2019-07-01 16:51:00,-0.10262168675325256
2019-07-01 16:54:00,-0.15077712139168398
2019-07-01 16:57:00,-0.19591128566997895
2019-07-01 17:00:00,-0.046583546322722214
2019-07-01 17:03:00,-0.03726740854438049
2019-07-01 17:06:00,-0.08536433640603036
2019-07-01 17:09:00,0.020946243653554575
2019-07-01 17:12:00,0.019194242953631147
2019-07-01 17:15:00,-0.09690328029518014
2019-07-01 17:18:00,-0.13580010156709932
2019-07-01 17:21:00,0.04705207145724444
2019-07-01 17:24:00,0.16048501699594908
2019-07-01 17:27:00,0.21478912763626568
2019-07-01 17:30:00,0.22435900203470283
2019-07-01 17:33:00,0.12807224969998288
2019-07-01 17:36:00,-0.06409175634405528
2019-07-01 17:39:00,0.018581501907021902
2019-07-01 17:42:00,0.06289842249901767
2019-07-01 17:45:00,0.11368066733234627
2019-07-01 17:48:00,0.11124529844983044
2019-07-01 17:51:00,0.041826590933965235
2019-07-01 17:54:00,0.0058823445582447675
2019-07-01 17:57:00,0.211694614243072
2019-07-01 18:00:00,0.22025518978557557
2019-07-01 18:03:00,0.2674038007388049
2019-07-01 18:06:00,0.21373034131050872
2019-07-01 18:09:00,0.1924039203470329
2019-07-01 18:12:00,0.29854674865453035
2019-07-01 18:15:00,0.17955889707627648
2019-07-01 18:18:00,0.13687417336836916
2019-07-01 18:21:00,0.11267477771957601
2019-07-01 18:24:00,0.1892965310262298
2019-07-01 18:27:00,0.23061862064287197
2019-07-01 18:30:00,0.2618702019270245
2019-07-01 18:33:00,0.22792232503775267
2019-07-01 18:36:00,0.11910467161629867
2019-07-01 18:39:00,0.04296524826241921
2019-07-01 18:42:00,0.04294050728452703
2019-07-01 18:45:00,0.011227517112445184
2019-07-01 18:48:00,0.22000998390734594
2019-07-01 18:51:00,0.07869128205305742
2019-07-01 18:54:00,0.12315658111236871
2019-07-01 18:57:00,0.12497360503857635
2019-07-01 19:00:00,0.2433480960416432
2019-07-01 19:03:00,0.11759817542491646
2019-07-01 19:06:00,0.13135600885919985
2019-07-01 19:09:00,0.1282310327598566
2019-07-01 19:12:00,0.04245121800028073
2019-07-01 19:15:00,0.0514889598949253
2019-07-01 19:18:00,0.17895944992955037
2019-07-01 19:21:00,0.26561915081538245
2019-07-01 19:24:00,0.267365223191689
2019-07-01 19:27:00,0.27405282609930737
2019-07-01 19:30:00,0.2665079984315071
2019-07-01 19:33:00,0.21463147631942547
2019-07-01 19:36:00,0.097635108088582
2019-07-01 19:39:00,0.1805901727043988
2019-07-01 19:42:00,0.1913343324717971
2019-07-01 19:45:00,0.0964841824165319
2019-07-01 19:48:00,0.10951430014392827
2019-07-01 19:51:00,0.0889257283167808
2019-07-01 19:54:00,0.13947801595099918
2019-07-01 19:57:00,0.0598873865400833
2019-07-01 20:00:00,0.0664715265797895
2019-07-01 20:03:00,0.11228206831901844
2019-07-01 20:06:00,0.09763143606659241
2019-07-01 20:09:00,0.061412499300956824
2019-07-01 20:12:00,0.2230367130102877
2019-07-01 20:15:00,0.04509343751084316
2019-07-01 20:18:00,0.11728412560989909
2019-07-01 20:21:00,0.053555883739647925
2019-07-01 20:24:00,0.1286278755090393
2019-07-01 20:27:00,0.05390970714438481
2019-07-01 20:30:00,0.0534297476822303
2019-07-01 20:33:00,0.047138895932903324
2019-07-01 20:36:00,0.14360274044310017
2019-07-01 20:39:00,0.060304631848907775
2019-07-01 20:42:00,0.07084020129082091
2019-07-01 20:45:00,0.122703027534385
2019-07-01 20:48:00,0.07051589908388678
2019-07-01 20:51:00,0.08715439071892206
2019-07-01 20:54:00,0.1589825588557119
2019-07-01 20:57:00,0.18328495671840983
2019-07-01 21:00:00,0.15493681016641858
2019-07-01 21:03:00,0.08022729567221631
2019-07-01 21:06:00,0.20647542272047303
2019-07-01 21:09:00,0.23154243331043745
2019-07-01 21:12:00,0.25075776855305776
2019-07-01 21:15:00,0.24291409699344513
2019-07-01 21:18:00,0.17437390110552542
2019-07-01 21:21:00,0.09511513108657255
2019-07-01 21:24:00,0.04748545204245147
2019-07-01 21:27:00,0.17594252092482066
2019-07-01 21:30:00,0.09911311968386372
2019-07-01 21:33:00,0.11226756166672658
2019-07-01 21:36:00,0.15969121886797666
2019-07-01 21:39:00,0.1799198653012013
2019-07-01 21:42:00,0.07411248191431241
2019-07-01 21:45:00,0.07182630672861023
2019-07-01 21:48:00,0.15899271615427324
2019-07-01 21:51:00,0.11481612387433415
2019-07-01 21:54:00,0.1821856952249732
2019-07-01 21:57:00,0.10883557261030319
2019-07-01 22:00:00,0.27416295377082633
2019-07-01 22:03:00,0.19042467136432606
2019-07-01 22:06:00,0.19407332208976413
2019-07-01 22:09:00,0.20584639274744632
2019-07-01 22:12:00,0.22587335339670744
2019-07-01 22:15:00,0.13107709016395575
2019-07-01 22:18:00,0.22247790402514056
2019-07-01 22:21:00,0.20911365893374523
2019-07-01 22:24:00,0.3045226881247345
2019-07-01 22:27:00,0.1699534999688126
2019-07-01 22:30:00,0.19758711383531136
2019-07-01 22:33:00,0.5033628734428248
2019-07-01 22:36:00,0.3272579407765761
2019-07-01 22:39:00,0.2710720437519285
2019-07-01 22:42:00,0.24919325758418154
2019-07-01 22:45:00,0.17186999731831065
2019-07-01 22:48:00,-0.2662062036941393
2019-07-01 22:51:00,
2019-07-01 22:54:00,0.5529764020610628
2019-07-01 22:57:00,
2019-07-01 23:00:00,0.23756346376421789
2019-07-01 23:03:00,0.19257106139014013
2019-07-01 23:06:00,0.2368508766506352
2019-07-01 23:09:00,0.179417796307348
2019-07-01 23:12:00,0.24406629444274586
2019-07-01 23:15:00,0.20203478603161784
2019-07-01 23:18:00,0.06123732867581566
2019-07-01 23:21:00,0.23613819377629852
2019-07-01 23:24:00,0.14476243252914855
2019-07-01 23:27:00,0.16906170184546454
2019-07-01 23:30:00,0.2945534303580075
2019-07-01 23:33:00,0.2751876350274074
2019-07-01 23:36:00,0.25179008724768437
2019-07-01 23:39:00,0.2236755942489026
2019-07-01 23:42:00,0.2336537220105015
2019-07-01 23:45:00,0.22460441838751422
2019-07-01 23:48:00,0.2330157195884226
2019-07-01 23:51:00,0.2860218479893888
2019-07-01 23:54:00,0.2846502791793455
2019-07-01 23:57:00,0.19753133928509214
2019-07-02 00:00:00,0.17187545404505045
2019-07-02 00:03:00,0.16362757672493444
2019-07-02 00:06:00,0.23840952164181317
2019-07-02 00:09:00,0.27314058224993687
2019-07-02 00:12:00,0.3459562492312216
2019-07-02 00:15:00,0.24376223701716526
2019-07-02 00:18:00,0.21475448367647232
2019-07-02 00:21:00,0.2436032163467985
2019-07-02 00:24:00,0.2026249665003661
2019-07-02 00:27:00,0.31248985310264743
2019-07-02 00:30:00,0.22329464084299389
2019-07-02 00:33:00,0.2000785824122886
2019-07-02 00:36:00,0.25344786672911823
2019-07-02 00:39:00,0.2379680740165213
2019-07-02 00:42:00,0.20963117089729622
2019-07-02 00:45:00,0.27109976292655347
2019-07-02 00:48:00,0.22168360863201997
2019-07-02 00:51:00,0.2651380861817074
2019-07-02 00:54:00,0.35179423624373385
2019-07-02 00:57:00,0.33521299045480646
2019-07-02 01:00:00,0.2509341138053287
2019-07-02 01:03:00,0.3072785165856544
2019-07-02 01:06:00,0.2945836215528743
2019-07-02 01:09:00,0.28910661599377363
2019-07-02 01:12:00,0.20567762642610887
2019-07-02 01:15:00,0.2815396404097896
2019-07-02 01:18:00,0.36510976507651094
2019-07-02 01:21:00,0.2480088519358219
2019-07-02 01:24:00,0.2796761240107912
2019-07-02 01:27:00,0.20918791208987386
2019-07-02 01:30:00,0.3525498661782649
2019-07-02 01:33:00,0.2773927308674615
2019-07-02 01:36:00,0.2766732071449951
2019-07-02 01:39:00,0.30524092807957004
2019-07-02 01:42:00,0.3032574205601577
2019-07-02 01:45:00,0.39662131480776
2019-07-02 01:48:00,0.343117122123374
2019-07-02 01:51:00,0.16367811081647687
2019-07-02 01:54:00,0.24637594579104416
2019-07-02 01:57:00,0.2907789545894275
2019-07-02 02:00:00,0.1970290029510693
2019-07-02 02:03:00,0.28368683168901043
2019-07-02 02:06:00,0.3160175641702949
2019-07-02 02:09:00,0.3463769012369653
2019-07-02 02:12:00,0.3739102802026082
2019-07-02 02:15:00,0.28800574615758023
2019-07-02 02:18:00,0.3274545693201958
2019-07-02 02:21:00,0.33372550126603073
2019-07-02 02:24:00,0.18049958220990447
2019-07-02 02:27:00,0.38966623080705176
2019-07-02 02:30:00,0.29970638471695565
2019-07-02 02:33:00,0.23582337500181438
2019-07-02 02:36:00,0.2919496818788616
2019-07-02 02:39:00,0.29629551829953016
2019-07-02 02:42:00,0.32795037402792104
2019-07-02 02:45:00,0.23858784384970022
2019-07-02 02:48:00,0.37565800631824686
2019-07-02 02:51:00,0.3746014285724186
2019-07-02 02:54:00,0.35461746288660834
2019-07-02 02:57:00,0.29855574809397467
2019-07-02 03:00:00,0.3800816478358229
2019-07-02 03:03:00,0.3345543311638153
2019-07-02 03:06:00,0.2664442541434937
2019-07-02 03:09:00,0.2832597990883414
2019-07-02 03:12:00,0.3428033955289038
2019-07-02 03:15:00,0.2758969768651127
2019-07-02 03:18:00,0.249567586606247
2019-07-02 03:21:00,0.38993436374033763
2019-07-02 03:24:00,0.34795801954197714
2019-07-02 03:27:00,0.24311359388127585
2019-07-02 03:30:00,0.3353914622198886
2019-07-02 03:33:00,0.3110195205280206
2019-07-02 03:36:00,0.24700309311924684
2019-07-02 03:39:00,0.291362322159614
2019-07-02 03:42:00,0.2640896152456662
2019-07-02 03:45:00,0.3523668342253359
2019-07-02 03:48:00,0.2734555886235057
2019-07-02 03:51:00,0.30792054377405975
2019-07-02 03:54:00,0.36555422325255904
2019-07-02 03:57:00,0.3100261244945841
2019-07-02 04:00:00,0.38216247803603665
2019-07-02 04:03:00,0.2553135320736146
2019-07-02 04:06:00,0.2776729747948252
2019-07-02 04:09:00,0.3413902405029603
2019-07-02 04:12:00,0.23526222783419826
2019-07-02 04:15:00,0.2474255825986802
2019-07-02 04:18:00,0.3399341279293253
2019-07-02 04:21:00,0.3241630629977976
2019-07-02 04:24:00,0.3145192720005525
2019-07-02 04:27:00,0.4043598085330018
2019-07-02 04:30:00,0.44820791603700627
2019-07-02 04:33:00,0.25482296007237437
2019-07-02 04:36:00,0.2541693000729879
2019-07-02 04:39:00,0.3683649400161926
2019-07-02 04:42:00,0.2851735604446617
2019-07-02 04:45:00,0.22071412665496837
2019-07-02 04:48:00,0.2324399579545684
2019-07-02 04:51:00,0.2763121522186225
2019-07-02 04:54:00,0.3841255945646367
2019-07-02 04:57:00,0.35244800343741645
2019-07-02 05:00:00,0.2237134795568636
2019-07-02 05:03:00,0.2868238634808904
2019-07-02 05:06:00,0.3211613340143913
2019-07-02 05:09:00,0.31828853511336774
2019-07-02 05:12:00,0.27119291311782945
2019-07-02 05:15:00,0.321369195215766
2019-07-02 05:18:00,0.27475144402706064
2019-07-02 05:21:00,0.339781558479217
2019-07-02 05:24:00,0.3245249457238515
2019-07-02 05:27:00,0.3506761611105844
2019-07-02 05:30:00,0.2797389373772603
2019-07-02 05:33:00,0.31937848325236473
2019-07-02 05:36:00,0.3417424425153399
2019-07-02 05:39:00,0.2715399788872901
2019-07-02 05:42:00,0.2578934626977798
2019-07-02 05:45:00,0.39521069623771155
2019-07-02 05:48:00,0.3450218900758273
2019-07-02 05:51:00,0.30129605738216014
2019-07-02 05:54:00,0.30210969170900626
2019-07-02 05:57:00,0.33036049619778396
2019-07-02 06:00:00,0.2757192252047389
2019-07-02 06:03:00,0.3351803415573613
2019-07-02 06:06:00,0.30526396799189115
2019-07-02 06:09:00,0.2887091376368289
2019-07-02 06:12:00,0.3317874655376727
2019-07-02 06:15:00,0.3600026514281467
2019-07-02 06:18:00,0.3114746574921128
2019-07-02 06:21:00,0.4513950894667005
2019-07-02 06:24:00,0.2763936028487137
2019-07-02 06:27:00,0.3364652804557977
2019-07-02 06:30:00,0.407666337183457
2019-07-02 06:33:00,0.3050813094209275
2019-07-02 06:36:00,0.3189976728607462
2019-07-02 06:39:00,0.366783899858774
2019-07-02 06:42:00,0.23852182490509222
2019-07-02 06:45:00,0.3793128270563102
2019-07-02 06:48:00,0.32147527306534585
2019-07-02 06:51:00,0.28835410980337883
2019-07-02 06:54:00,0.260530042401399
2019-07-02 06:57:00,0.2810526544633376
2019-07-02 07:00:00,0.34918681224286274
2019-07-02 07:03:00,0.22575529711610898
2019-07-02 07:06:00,0.28646461275980073
2019-07-02 07:09:00,0.3442325952946135
2019-07-02 07:12:00,0.3572737093523415
2019-07-02 07:15:00,0.27265323986114254
2019-07-02 07:18:00,0.2663497856889876
2019-07-02 07:21:00,0.32803890014315584
2019-07-02 07:24:00,0.2487147113305923
2019-07-02 07:27:00,0.2427807383840559
2019-07-02 07:30:00,0.3027311114265103
2019-07-02 07:33:00,0.2507656844330768
2019-07-02 07:36:00,0.20852632022200623
2019-07-02 07:39:00,0.277849695780958
2019-07-02 07:42:00,0.31744395065936715
2019-07-02 07:45:00,0.3484452730431258
2019-07-02 07:48:00,0.3094197694362606
2019-07-02 07:51:00,0.35131805770623714
2019-07-02 07:54:00,0.276694907568924
2019-07-02 07:57:00,0.2554783672761687
2019-07-02 08:00:00,0.2620464903565676
2019-07-02 08:03:00,0.3027234333687261
2019-07-02 08:06:00,0.206848729790579
2019-07-02 08:09:00,0.2216934323428177
2019-07-02 08:12:00,0.19407110436100083
2019-07-02 08:15:00,0.17991590180758976
2019-07-02 08:18:00,0.18634776542319287
2019-07-02 08:21:00,0.2044298058425511
2019-07-02 08:24:00,0.20331435189643798
2019-07-02 08:27:00,0.2202593450592758
2019-07-02 08:30:00,0.2285535055402761
2019-07-02 08:33:00,0.16001114075834266
2019-07-02 08:36:00,0.10607765626281207
2019-07-02 08:39:00,0.07578458942168709
2019-07-02 08:42:00,0.0554520946495245
2019-07-02 08:45:00,0.10562340942982473
2019-07-02 08:48:00,-0.046648059253755036
2019-07-02 08:51:00,-0.039579890196932865
2019-07-02 08:54:00,0.09205489140032341
2019-07-02 08:57:00,0.14303294038188596
2019-07-02 09:00:00,0.11283463706314478
2019-07-02 09:03:00,0.06903033383417778
2019-07-02 09:06:00,0.038194494449214744
2019-07-02 09:09:00,0.033363027432017134
2019-07-02 09:12:00,0.031827959372947134
2019-07-02 09:15:00,0.03097308607840432
2019-07-02 09:18:00,0.032859112597009243
2019-07-02 09:21:00,-0.02193684331706436
2019-07-02 09:24:00,0.05388953801735852
2019-07-02 09:27:00,0.02678671617945838
2019-07-02 09:30:00,0.020854635235309615
2019-07-02 09:33:00,-0.03980059565765259
2019-07-02 09:36:00,-0.08512657159553783
2019-07-02 09:39:00,0.03770607114728364
2019-07-02 09:42:00,-0.09301442253695313
2019-07-02 09:45:00,-0.016000279581305676
2019-07-02 09:48:00,0.02144612771684251
2019-07-02 09:51:00,-0.08298676859010357
2019-07-02 09:54:00,-0.19338632167426795
2019-07-02 09:57:00,-0.10875364282338751
2019-07-02 10:00:00,-0.14609015455584995
2019-07-02 10:03:00,-0.07777866837722058
2019-07-02 10:06:00,-0.12968735114714036
2019-07-02 10:09:00,-0.07536454439565432
2019-07-02 10:12:00,-0.022846888283368116
2019-07-02 10:15:00,0.022574215218355675
2019-07-02 10:18:00,-0.16132863437059086
2019-07-02 10:21:00,-0.286918864169877
2019-07-02 10:24:00,-0.11077825246707107
2019-07-02 10:27:00,-0.16362679950316306
2019-07-02 10:30:00,-0.24130443194263762
2019-07-02 10:33:00,-0.17152371186233495
2019-07-02 10:36:00,-0.08383736599427039
2019-07-02 10:39:00,-0.23046518273991978
2019-07-02 10:42:00,-0.22048579911802335
2019-07-02 10:45:00,-0.154709496219823
2019-07-02 10:48:00,-0.21781758671340867
2019-07-02 10:51:00,-0.1106067335199441
2019-07-02 10:54:00,-0.28007529194331937
2019-07-02 10:57:00,-0.10334664372953739
2019-07-02 11:00:00,-0.11180025284738804
2019-07-02 11:03:00,-0.14789373509080406
2019-07-02 11:06:00,-0.25746724092527984
2019-07-02 11:09:00,-0.12855737690262004
2019-07-02 11:12:00,-0.13956937348092424
2019-07-02 11:15:00,-0.10820895567172784
2019-07-02 11:18:00,-0.25464754582770865
2019-07-02 11:21:00,-0.19153681625601848
2019-07-02 11:24:00,-0.29446241374552073
2019-07-02 11:27:00,-0.1433578865793379
2019-07-02 11:30:00,-0.24723958516165112
2019-07-02 11:33:00,-0.24276512499170622
2019-07-02 11:36:00,-0.15312212192361585
2019-07-02 11:39:00,-0.28300783874357194
2019-07-02 11:42:00,-0.2985837411646912
2019-07-02 11:45:00,-0.2726098000837851
2019-07-02 11:48:00,-0.008279970341561693
2019-07-02 11:51:00,-0.15274422096513263
2019-07-02 11:54:00,-0.18966772818021127
2019-07-02 11:57:00,-0.1939806722236881
2019-07-02 12:00:00,-0.046614173529007985
2019-07-02 12:03:00,-0.3156649904244091
2019-07-02 12:06:00,-0.25614951123998253
2019-07-02 12:09:00,-0.22519315238093895
2019-07-02 12:12:00,-0.15975100996860192
2019-07-02 12:15:00,-0.1113166011354565
2019-07-02 12:18:00,-0.18401738988927718
2019-07-02 12:21:00,-0.12358309026745928
2019-07-02 12:24:00,-0.19157731560198954
2019-07-02 12:27:00,-0.22897112172887546
2019-07-02 12:30:00,-0.23671533684938595
2019-07-02 12:33:00,-0.14409069948254682
2019-07-02 12:36:00,-0.17140790109874615
2019-07-02 12:39:00,-0.19417469164551449
2019-07-02 12:42:00,-0.0422347789798323
2019-07-02 12:45:00,-0.2481713934500931
2019-07-02 12:48:00,-0.1054805684404414
2019-07-02 12:51:00,-0.20638534770580463
2019-07-02 12:54:00,-0.3046387203402787
2019-07-02 12:57:00,-0.20591835708830786
2019-07-02 13:00:00,-0.15616356002715293
2019-07-02 13:03:00,-0.1708837971043522
2019-07-02 13:06:00,0.010021975188465149
2019-07-02 13:09:00,-0.16123187139606898
2019-07-02 13:12:00,-0.2364778489861692
2019-07-02 13:15:00,-0.11658935811959736
2019-07-02 13:18:00,-0.15296880454627626
2019-07-02 13:21:00,-0.2586799747753048
2019-07-02 13:24:00,-0.1132593376402724
2019-07-02 13:27:00,-0.31338150880026205
2019-07-02 13:30:00,-0.2532456294231338
2019-07-02 13:33:00,-0.3157086133973621
2019-07-02 13:36:00,-0.36453772272295737
2019-07-02 13:39:00,-0.24107971579627474
2019-07-02 13:42:00,-0.21431159370962405
2019-07-02 13:45:00,-0.255489328917065
2019-07-02 13:48:00,-0.2406206170124392
2019-07-02 13:51:00,-0.31572241320634475
2019-07-02 13:54:00,-0.3532299674609476
2019-07-02 13:57:00,-0.3575163233998069
2019-07-02 14:00:00,-0.4187050668700749
2019-07-02 14:03:00,-0.3450343842925463
2019-07-02 14:06:00,-0.2955743335288048
2019-07-02 14:09:00,-0.34032121100977974
2019-07-02 14:12:00,-0.265361333840076
2019-07-02 14:15:00,-0.41190075285800276
2019-07-02 14:18:00,-0.3744137312013436
2019-07-02 14:21:00,-0.33113929651682383
2019-07-02 14:24:00,-0.37363404154109503
2019-07-02 14:27:00,-0.2539143648964455
2019-07-02 14:30:00,-0.16327145127729636
2019-07-02 14:33:00,-0.017407751910980096
2019-07-02 14:36:00,-0.05553343121721355
2019-07-02 14:39:00,-0.10152146331347467
2019-07-02 14:42:00,-0.3839450796852475
2019-07-02 14:45:00,-0.19788636452676656
2019-07-02 14:48:00,-0.2357551948055061
2019-07-02 14:51:00,-0.16330022033531577
2019-07-02 14:54:00,-0.12417142447571905
2019-07-02 14:57:00,-0.08611220809086717
2019-07-02 15:00:00,-0.08253509308542561
2019-07-02 15:03:00,-0.057152817930898436
2019-07-02 15:06:00,-0.1319145223822602
2019-07-02 15:09:00,-0.19473550608284995
2019-07-02 15:12:00,-0.2005174191056085
2019-07-02 15:15:00,-0.27776970813727075
2019-07-02 15:18:00,-0.4491312202561062
2019-07-02 15:21:00,-0.43318933799616843
2019-07-02 15:24:00,-0.380180570003688
2019-07-02 15:27:00,-0.45729455038599554
2019-07-02 15:30:00,-0.4343022287447411
2019-07-02 15:33:00,-0.37385220397158037
2019-07-02 15:36:00,-0.28710474316625323
2019-07-02 15:39:00,-0.30499215412663716
2019-07-02 15:42:00,-0.2915145369575498
2019-07-02 15:45:00,-0.35903324761989097
2019-07-02 15:48:00,-0.4224415425311463
2019-07-02 15:51:00,-0.4635840687357131
2019-07-02 15:54:00,-0.4215196307717406
2019-07-02 15:57:00,-0.4831827409937546
2019-07-02 16:00:00,-0.4367691833656977
2019-07-02 16:03:00,-0.4579931503029684
2019-07-02 16:06:00,-0.41983668863605317
2019-07-02 16:09:00,-0.2958356692313373
2019-07-02 16:12:00,-0.33491529757844773
2019-07-02 16:15:00,-0.3861424547288266
2019-07-02 16:18:00,-0.28966309746351726
2019-07-02 16:21:00,-0.35448751046067173
2019-07-02 16:24:00,-0.3880585572420614
2019-07-02 16:27:00,-0.3291861969638603
2019-07-02 16:30:00,-0.39042074551531414
2019-07-02 16:33:00,-0.42797238622807754
2019-07-02 16:36:00,-0.28436131506725815
2019-07-02 16:39:00,-0.2473700248507953
2019-07-02 16:42:00,-0.2724338757283249
2019-07-02 16:45:00,-0.21392986666700153
2019-07-02 16:48:00,-0.23668939422861968
2019-07-02 16:51:00,-0.24898793980753453
2019-07-02 16:54:00,-0.36526287862636764
2019-07-02 16:57:00,-0.29339865314364033
2019-07-02 17:00:00,-0.2854303622733596
2019-07-02 17:03:00,-0.3265453813737622
2019-07-02 17:06:00,-0.36420768108604307
2019-07-02 17:09:00,-0.3048805918458015
2019-07-02 17:12:00,-0.3791795708490895
2019-07-02 17:15:00,-0.43240603397191535
2019-07-02 17:18:00,-0.355248533363806
2019-07-02 17:21:00,-0.332240855392115
2019-07-02 17:24:00,-0.3594498627873577
2019-07-02 17:27:00,-0.33315020465471434
2019-07-02 17:30:00,-0.2515560948597795
2019-07-02 17:33:00,-0.3767561927157317
2019-07-02 17:36:00,-0.2732309638093966
2019-07-02 17:39:00,-0.2694512310108621
2019-07-02 17:42:00,-0.30836273823575766
2019-07-02 17:45:00,0.1343748306393877
2019-07-02 17:48:00,0.12309949191489977
2019-07-02 17:51:00,-0.06071027422001407
2019-07-02 17:54:00,0.11554212455905599
2019-07-02 17:57:00,-0.053008166370432264
2019-07-02 18:00:00,-0.11713694681094466
2019-07-02 18:03:00,-0.10015496071792995
2019-07-02 18:06:00,-0.15304539040158716
2019-07-02 18:09:00,-0.19014049611627115
2019-07-02 18:12:00,-0.09934899881818637
2019-07-02 18:15:00,-0.06075741595935824
2019-07-02 18:18:00,-0.12458071487787947
2019-07-02 18:21:00,-0.042427636895695287
2019-07-02 18:24:00,-0.08175653949280104
2019-07-02 18:27:00,-0.08561289152845575
2019-07-02 18:30:00,-0.10660612172631545
2019-07-02 18:33:00,-0.11033171053827573
2019-07-02 18:36:00,-0.1931499749142631
2019-07-02 18:39:00,-0.2235776256405302
2019-07-02 18:42:00,-0.1302115915465265
2019-07-02 18:45:00,-0.09874073046944432
2019-07-02 18:48:00,-0.25553223680765313
2019-07-02 18:51:00,-0.1993890731270085
2019-07-02 18:54:00,-0.1994750730327155
2019-07-02 18:57:00,-0.022796187409198865
2019-07-02 19:00:00,-0.1075094521896176
2019-07-02 19:03:00,-0.05013214423138379
2019-07-02 19:06:00,-0.2632184879144006
2019-07-02 19:09:00,-0.17990151966910162
2019-07-02 19:12:00,-0.17891504513892187
2019-07-02 19:15:00,-0.21137205724880914
2019-07-02 19:18:00,-0.0902091842963273
2019-07-02 19:21:00,-0.060416981597427366
2019-07-02 19:24:00,-0.10773151506396061
2019-07-02 19:27:00,0.024455002322270047
2019-07-02 19:30:00,-0.09478942400693313
2019-07-02 19:33:00,-0.001716832528870782
2019-07-02 19:36:00,0.17803555479122224
2019-07-02 19:39:00,0.2961020670501284
2019-07-02 19:42:00,0.15195425200982982
2019-07-02 19:45:00,0.10397373645304242
2019-07-02 19:48:00,0.11217210843358316
2019-07-02 19:51:00,0.3660366524972005
2019-07-02 19:54:00,0.24314116133854213
2019-07-02 19:57:00,0.2869826765389689
2019-07-02 20:00:00,0.31219142607591266
2019-07-02 20:03:00,0.31523504645190314
2019-07-02 20:06:00,0.1495693061157226
2019-07-02 20:09:00,0.17241579367839677
2019-07-02 20:12:00,0.16722150649405876
2019-07-02 20:15:00,0.29105577874736355
2019-07-02 20:18:00,0.20273914836286622
2019-07-02 20:21:00,0.257311732865503
2019-07-02 20:24:00,0.17459212309955774
2019-07-02 20:27:00,0.18228248261857516
2019-07-02 20:30:00,0.12577675133439925
2019-07-02 20:33:00,0.14314340355974764
2019-07-02 20:36:00,0.16804016562787183
2019-07-02 20:39:00,0.12243205042267391
2019-07-02 20:42:00,0.22119602501805957
2019-07-02 20:45:00,0.25172772545505495
2019-07-02 20:48:00,0.15121062728724155
2019-07-02 20:51:00,-0.0720162539637954
2019-07-02 20:54:00,-0.026672919421628194
2019-07-02 20:57:00,-0.04229623275790573
2019-07-02 21:00:00,0.07504155674070034
2019-07-02 21:03:00,0.08004719537296978
2019-07-02 21:06:00,0.015124197126795025
2019-07-02 21:09:00,0.03950535740671057
2019-07-02 21:12:00,0.06994871212464204
2019-07-02 21:15:00,0.1181137426712553
2019-07-02 21:18:00,-0.06002847023347613
2019-07-02 21:21:00,-0.0006167499070102167
2019-07-02 21:24:00,0.0014743728235657727
2019-07-02 21:27:00,0.0847749358802048
2019-07-02 21:30:00,0.059838315258787134
2019-07-02 21:33:00,0.04452858616321009
2019-07-02 21:36:00,0.035280989980094546
2019-07-02 21:39:00,0.10780214706272773
2019-07-02 21:42:00,0.16472962824622073
2019-07-02 21:45:00,0.18724542214494022
2019-07-02 21:48:00,0.1983251198124094
2019-07-02 21:51:00,0.1531018421759427
2019-07-02 21:54:00,0.15792484447041488
2019-07-02 21:57:00,0.30419736081449855
2019-07-02 22:00:00,0.28567252848029057
2019-07-02 22:03:00,0.20239416590254677
2019-07-02 22:06:00,0.31201995962231877
2019-07-02 22:09:00,0.3205594516616088
2019-07-02 22:12:00,0.30619790137120617
2019-07-02 22:15:00,0.314110814328842
2019-07-02 22:18:00,0.2762840335318515
2019-07-02 22:21:00,0.38764434736339126
2019-07-02 22:24:00,0.33471540119978727
2019-07-02 22:27:00,0.3094264421315529
2019-07-02 22:30:00,0.41333620765112755
2019-07-02 22:33:00,0.4459847979080678
2019-07-02 22:36:00,0.5346303229674731
2019-07-02 22:39:00,0.5963392579386095
2019-07-02 22:42:00,0.5251628971168429
2019-07-02 22:45:00,0.427206293654649
2019-07-02 22:48:00,0.2618534584664758
2019-07-02 22:51:00,0.3547664808173181
2019-07-02 22:54:00,0.3300775920428123
2019-07-02 22:57:00,0.33326926695815473
2019-07-02 23:00:00,0.4183633896830088
2019-07-02 23:03:00,0.4118858347121659
2019-07-02 23:06:00,0.36892874633707606
2019-07-02 23:09:00,0.32254943984708007
2019-07-02 23:12:00,0.31676443360788653
2019-07-02 23:15:00,0.29714866244557925
2019-07-02 23:18:00,0.4081438645924891
2019-07-02 23:21:00,0.3401462424179158
2019-07-02 23:24:00,0.494830756021031
2019-07-02 23:27:00,0.4834015634705793
2019-07-02 23:30:00,0.5192089455808286
2019-07-02 23:33:00,0.4876418863414642
2019-07-02 23:36:00,0.44759930204219245
2019-07-02 23:39:00,0.47031748301992593
2019-07-02 23:42:00,0.32095366710660755
2019-07-02 23:45:00,0.4445929725841893
2019-07-02 23:48:00,0.3896511076226261
2019-07-02 23:51:00,0.4123554980654376
2019-07-02 23:54:00,0.4956860852536238
2019-07-02 23:57:00,0.48941489847425146
2019-07-03 00:00:00,0.40587911509493324
2019-07-03 00:03:00,0.40864965666742137
2019-07-03 00:06:00,0.3883037702596539
2019-07-03 00:09:00,0.4502839615511789
2019-07-03 00:12:00,0.36506270881881164
2019-07-03 00:15:00,0.4274544729578338
2019-07-03 00:18:00,0.46979039819848367
2019-07-03 00:21:00,0.32878709176861776
2019-07-03 00:24:00,0.3592256774565499
2019-07-03 00:27:00,0.40697319889426353
2019-07-03 00:30:00,0.41463123355833886
2019-07-03 00:33:00,0.3168669552028973
2019-07-03 00:36:00,0.353597840171858
2019-07-03 00:39:00,0.3641336638521011
2019-07-03 00:42:00,0.3986280585527311
2019-07-03 00:45:00,0.3036610934682926
2019-07-03 00:48:00,0.343881645009958
2019-07-03 00:51:00,0.2940487887540826
2019-07-03 00:54:00,0.3619829564275392
2019-07-03 00:57:00,0.5030781804096023
2019-07-03 01:00:00,0.7617349745169122
2019-07-03 01:03:00,0.7595874411005639
2019-07-03 01:06:00,0.7750063421498226
2019-07-03 01:09:00,0.8408684668980868
2019-07-03 01:12:00,0.7148553666087878
2019-07-03 01:15:00,0.7054365214429481
2019-07-03 01:18:00,0.6418687680302924
2019-07-03 01:21:00,0.5709704378924698
2019-07-03 01:24:00,0.5629677041816308
2019-07-03 01:27:00,0.3862568253735503
2019-07-03 01:30:00,0.3719073475606365
2019-07-03 01:33:00,0.29968120284235056
2019-07-03 01:36:00,0.27905055997138106
2019-07-03 01:39:00,0.3108373974033043
2019-07-03 01:42:00,0.2992421741045064
2019-07-03 01:45:00,0.35691809586165846
2019-07-03 01:48:00,0.3321028745729677
2019-07-03 01:51:00,0.2712047722850457
2019-07-03 01:54:00,0.2827759229239746
2019-07-03 01:57:00,0.3067913649953766
2019-07-03 02:00:00,0.28401154840094023
2019-07-03 02:03:00,0.414474602559153
2019-07-03 02:06:00,0.3696929098823034
2019-07-03 02:09:00,0.44279618604014104
2019-07-03 02:12:00,0.3741479292576173
2019-07-03 02:15:00,0.4771544796891476
2019-07-03 02:18:00,0.4538562723139421
2019-07-03 02:21:00,0.41621962777537647
2019-07-03 02:24:00,0.3476181631772306
2019-07-03 02:27:00,0.37652135907637785
2019-07-03 02:30:00,0.4367947127343541
2019-07-03 02:33:00,0.410559031141986
2019-07-03 02:36:00,0.3636958515354536
2019-07-03 02:39:00,0.34386856680902156
2019-07-03 02:42:00,0.3613709914865808
2019-07-03 02:45:00,0.31401388945812414
2019-07-03 02:48:00,0.38283288240603497
2019-07-03 02:51:00,0.30633910824673194
2019-07-03 02:54:00,0.22698072386236845
2019-07-03 02:57:00,0.3690878521874197
2019-07-03 03:00:00,0.4074381677943961
2019-07-03 03:03:00,0.3571723060379668
2019-07-03 03:06:00,0.47263144035935056
2019-07-03 03:09:00,0.42594693356397784
2019-07-03 03:12:00,0.4875390957190575
2019-07-03 03:15:00,0.456756398020957
2019-07-03 03:18:00,0.4480939459726869
2019-07-03 03:21:00,0.3597469893353491
2019-07-03 03:24:00,0.44543153149311365
2019-07-03 03:27:00,0.45285112816026185
2019-07-03 03:30:00,0.5425342527752832
2019-07-03 03:33:00,0.49362819198705665
2019-07-03 03:36:00,0.6183994043842063
2019-07-03 03:39:00,0.5566582575600592
2019-07-03 03:42:00,0.7160887566727183
2019-07-03 03:45:00,0.7553162341465054
2019-07-03 03:48:00,0.5244987136856025
2019-07-03 03:51:00,0.47556097177147194
2019-07-03 03:54:00,0.47590329051251956
2019-07-03 03:57:00,0.5027093173284243
2019-07-03 04:00:00,0.5389911321765339
2019-07-03 04:03:00,0.5417320559001269
2019-07-03 04:06:00,0.519349378455729
2019-07-03 04:09:00,0.566494017458524
2019-07-03 04:12:00,0.5489244596369076
2019-07-03 04:15:00,0.5700962380598753
2019-07-03 04:18:00,0.633409464207773
2019-07-03 04:21:00,0.5929830829267075
2019-07-03 04:24:00,0.49336381285883135
2019-07-03 04:27:00,0.5477768173092841
2019-07-03 04:30:00,0.569667040894501
2019-07-03 04:33:00,0.44676275763305284
2019-07-03 04:36:00,0.48571854906776935
2019-07-03 04:39:00,0.5074405624113751
2019-07-03 04:42:00,0.5034373502904259
2019-07-03 04:45:00,0.5328640244334792
2019-07-03 04:48:00,0.618683332825583
2019-07-03 04:51:00,0.624162331654702
2019-07-03 04:54:00,0.5594752398459946
2019-07-03 04:57:00,0.5614922957910835
2019-07-03 05:00:00,0.5625431245553614
2019-07-03 05:03:00,0.44549677574985935
2019-07-03 05:06:00,0.5301270484172846
2019-07-03 05:09:00,0.5506384595261125
2019-07-03 05:12:00,0.7064692479710857
2019-07-03 05:15:00,0.6519467914400252
2019-07-03 05:18:00,0.6980131449196847
2019-07-03 05:21:00,0.6701846533665616
2019-07-03 05:24:00,0.7750031665642041
2019-07-03 05:27:00,0.7384381478280488
2019-07-03 05:30:00,0.7487708789244039
2019-07-03 05:33:00,0.575723924210422
2019-07-03 05:36:00,0.4871395834474015
2019-07-03 05:39:00,0.422383357535864
2019-07-03 05:42:00,0.4702725564436605
2019-07-03 05:45:00,0.4877911710282774
2019-07-03 05:48:00,0.4603972979280684
2019-07-03 05:51:00,0.49706797385960044
2019-07-03 05:54:00,0.41918305288817237
2019-07-03 05:57:00,0.4015516265664587
2019-07-03 06:00:00,0.43662995407515837
2019-07-03 06:03:00,0.46858276914122143
2019-07-03 06:06:00,0.41462942187661156
2019-07-03 06:09:00,0.49608051908734296
2019-07-03 06:12:00,0.38818145169142326
2019-07-03 06:15:00,0.4742926663885214
2019-07-03 06:18:00,0.44377684189817046
2019-07-03 06:21:00,0.4999221612227984
2019-07-03 06:24:00,0.459800881799481
2019-07-03 06:27:00,0.4648654933959051
2019-07-03 06:30:00,0.5550527155563145
2019-07-03 06:33:00,0.39490601708604345
2019-07-03 06:36:00,0.4815001957255731
2019-07-03 06:39:00,0.5119907896777249
2019-07-03 06:42:00,0.2936744428893121
2019-07-03 06:45:00,0.5267186646440223
2019-07-03 06:48:00,0.4089430131695053
2019-07-03 06:51:00,0.49483620636044634
2019-07-03 06:54:00,0.546423744432218
2019-07-03 06:57:00,0.4234517008609373
2019-07-03 07:00:00,0.4426772467053297
2019-07-03 07:03:00,0.5037169646892607
2019-07-03 07:06:00,0.527581172971054
2019-07-03 07:09:00,0.47562800718213794
2019-07-03 07:12:00,0.32657055786268074
2019-07-03 07:15:00,0.4470771457264391
2019-07-03 07:18:00,0.3825567385615045
2019-07-03 07:21:00,0.45067199244175526
2019-07-03 07:24:00,0.46178521122095617
2019-07-03 07:27:00,0.4615612438082053
2019-07-03 07:30:00,0.45930975343560476
2019-07-03 07:33:00,0.5449788249063658
2019-07-03 07:36:00,0.5900545827184374
2019-07-03 07:39:00,0.4269908503754891
2019-07-03 07:42:00,0.4510554310914472
2019-07-03 07:45:00,0.48802461288221366
2019-07-03 07:48:00,0.4507820490644576
2019-07-03 07:51:00,0.5144840513427198
2019-07-03 07:54:00,0.44044727044541787
2019-07-03 07:57:00,0.4552890735566848
2019-07-03 08:00:00,0.5131577982273825
2019-07-03 08:03:00,0.4591303691694293
2019-07-03 08:06:00,0.44152030748506377
2019-07-03 08:09:00,0.4353365597781931
2019-07-03 08:12:00,0.27439139243784894
2019-07-03 08:15:00,0.37065074624280214
2019-07-03 08:18:00,0.3487063490995297
2019-07-03 08:21:00,0.41358798730749413
2019-07-03 08:24:00,0.4812803421505123
2019-07-03 08:27:00,0.3738502916428388
2019-07-03 08:30:00,0.39542129714823204
2019-07-03 08:33:00,0.41820978973430556
2019-07-03 08:36:00,0.3177237378451423
2019-07-03 08:39:00,0.4899765008867689
2019-07-03 08:42:00,0.5129853444980768
2019-07-03 08:45:00,0.4429241737438474
2019-07-03 08:48:00,0.40106648282329616
2019-07-03 08:51:00,0.4319223644979502
2019-07-03 08:54:00,0.44500604642666985
2019-07-03 08:57:00,0.4481758564343181
2019-07-03 09:00:00,0.39279222416877246
2019-07-03 09:03:00,0.44197924023887936
2019-07-03 09:06:00,0.3914272338815863
2019-07-03 09:09:00,0.4150313530259382
2019-07-03 09:12:00,0.43227286232212236
2019-07-03 09:15:00,0.3966014214921074
2019-07-03 09:18:00,0.3489783780827338
2019-07-03 09:21:00,0.2967172306751422
2019-07-03 09:24:00,0.24986383243242472
2019-07-03 09:27:00,0.25522110098353323
2019-07-03 09:30:00,0.2271121072603819
2019-07-03 09:33:00,0.27213716964945434
2019-07-03 09:36:00,0.29677202183449936
2019-07-03 09:39:00,0.21249207687822036
2019-07-03 09:42:00,0.1871570840039567
2019-07-03 09:45:00,0.18676026661762535
2019-07-03 09:48:00,0.23563021480612178
2019-07-03 09:51:00,0.2267015866390807
2019-07-03 09:54:00,0.24079291976289596
2019-07-03 09:57:00,0.27717651727107295
2019-07-03 10:00:00,0.2604226801564664
2019-07-03 10:03:00,0.23717337192289278
2019-07-03 10:06:00,0.13442466287096977
2019-07-03 10:09:00,0.17132690043411003
2019-07-03 10:12:00,0.17490392469437666
2019-07-03 10:15:00,0.2532778025831135
2019-07-03 10:18:00,0.24404474868202897
2019-07-03 10:21:00,0.1566630533778266
2019-07-03 10:24:00,0.13334067485527612
2019-07-03 10:27:00,0.0033360763466134813
2019-07-03 10:30:00,0.08983646824111702
2019-07-03 10:33:00,0.06392675023357697
2019-07-03 10:36:00,0.07890705855561464
2019-07-03 10:39:00,0.08387257796914582
2019-07-03 10:42:00,-0.03236549411042233
2019-07-03 10:45:00,0.017165239197140636
2019-07-03 10:48:00,0.09002700835679889
2019-07-03 10:51:00,0.0033296031360237066
2019-07-03 10:54:00,0.0005666431729878241
2019-07-03 10:57:00,0.002150941731486
2019-07-03 11:00:00,-0.06344559206848999
2019-07-03 11:03:00,-0.10257906176127563
2019-07-03 11:06:00,-0.1303141380125794
2019-07-03 11:09:00,-0.08918787928570282
2019-07-03 11:12:00,-0.0525513954617054
2019-07-03 11:15:00,0.031577741939429416
2019-07-03 11:18:00,-0.054531587837004736
2019-07-03 11:21:00,0.08407268832172576
2019-07-03 11:24:00,-0.1980379764505642
2019-07-03 11:27:00,-0.0002437240637505056
2019-07-03 11:30:00,-0.15780688881477545
2019-07-03 11:33:00,-0.05453815007524554
2019-07-03 11:36:00,-0.03180642993913807
2019-07-03 11:39:00,-0.13213588778728536
2019-07-03 11:42:00,-0.10055719401924534
2019-07-03 11:45:00,-0.07661864396555984
2019-07-03 11:48:00,-0.02661932343278295
2019-07-03 11:51:00,-0.03448225121030646
2019-07-03 11:54:00,-0.051603241998691374
2019-07-03 11:57:00,0.029248628858908887
2019-07-03 12:00:00,-0.1052164334124086
2019-07-03 12:03:00,-0.06478107667123822
2019-07-03 12:06:00,-0.13130709752010716
2019-07-03 12:09:00,-0.24727868055242652
2019-07-03 12:12:00,-0.2104883390910004
2019-07-03 12:15:00,-0.15533155897355755
2019-07-03 12:18:00,-0.2388672335478077
2019-07-03 12:21:00,-0.16519601643483384
2019-07-03 12:24:00,-0.1525872371485093
2019-07-03 12:27:00,-0.14331029541824591
2019-07-03 12:30:00,-0.27878999902230817
2019-07-03 12:33:00,-0.21359585083143884
2019-07-03 12:36:00,-0.21543809043129158
2019-07-03 12:39:00,-0.2139645007809463
2019-07-03 12:42:00,-0.3145986834649648
2019-07-03 12:45:00,-0.2014574702338905
2019-07-03 12:48:00,-0.14225084915523212
2019-07-03 12:51:00,-0.27784217130670186
2019-07-03 12:54:00,-0.3406503167232131
2019-07-03 12:57:00,-0.24768366919653317
2019-07-03 13:00:00,-0.29909130871897105
2019-07-03 13:03:00,-0.1914953145068239
2019-07-03 13:06:00,-0.33351261184293435
2019-07-03 13:09:00,-0.2995522667321211
2019-07-03 13:12:00,-0.18625593612119928
2019-07-03 13:15:00,-0.27770289138152293
2019-07-03 13:18:00,-0.31839430962253346
2019-07-03 13:21:00,-0.2987581572452882
2019-07-03 13:24:00,-0.19558746096515733
2019-07-03 13:27:00,-0.16269871510928624
2019-07-03 13:30:00,-0.3103803639029934
2019-07-03 13:33:00,-0.3102066832939272
2019-07-03 13:36:00,-0.2350153090777667
2019-07-03 13:39:00,-0.3736144083895283
2019-07-03 13:42:00,-0.2362552156894253
2019-07-03 13:45:00,-0.35045530082805953
2019-07-03 13:48:00,-0.35755740131816083
2019-07-03 13:51:00,-0.29044925204857464
2019-07-03 13:54:00,-0.24069527928492107
2019-07-03 13:57:00,-0.29023304039748155
2019-07-03 14:00:00,-0.27028815987273447
2019-07-03 14:03:00,-0.27606328086665144
2019-07-03 14:06:00,-0.29625347191597484
2019-07-03 14:09:00,-0.22345096099229522
2019-07-03 14:12:00,-0.2020542604271327
2019-07-03 14:15:00,-0.19098838694901588
2019-07-03 14:18:00,-0.3188766825182938
2019-07-03 14:21:00,-0.2458863215769611
2019-07-03 14:24:00,-0.23491365148686327
2019-07-03 14:27:00,-0.2801365158878184
2019-07-03 14:30:00,-0.2518543510475979
2019-07-03 14:33:00,-0.25686694982476865
2019-07-03 14:36:00,-0.2555042402250365
2019-07-03 14:39:00,-0.3349501439157052
2019-07-03 14:42:00,-0.2914307440353241
2019-07-03 14:45:00,-0.4254216721555508
2019-07-03 14:48:00,-0.19624222940814207
2019-07-03 14:51:00,-0.23021255918911265
2019-07-03 14:54:00,-0.30591113765888167
2019-07-03 14:57:00,-0.21669257894905058
2019-07-03 15:00:00,-0.08139959184336476
2019-07-03 15:03:00,-0.18197752730480943
2019-07-03 15:06:00,-0.16616211610875098
2019-07-03 15:09:00,-0.015918151991513696
2019-07-03 15:12:00,-0.061259290663940646
2019-07-03 15:15:00,-0.0862777072471772
2019-07-03 15:18:00,-0.07516213841199715
2019-07-03 15:21:00,-0.06286939378355783
2019-07-03 15:24:00,0.07480912477097945
2019-07-03 15:27:00,0.15682110994634968
2019-07-03 15:30:00,0.01706926650041396
2019-07-03 15:33:00,0.030165425422353564
2019-07-03 15:36:00,-0.02500311557139412
2019-07-03 15:39:00,-0.0854545130863471
2019-07-03 15:42:00,-0.12679540927985045
2019-07-03 15:45:00,-0.13928581097911774
2019-07-03 15:48:00,-0.051528434398392164
2019-07-03 15:51:00,-0.2043491831734059
2019-07-03 15:54:00,-0.1612134834056178
2019-07-03 15:57:00,-0.19525292573598563
2019-07-03 16:00:00,-0.1601899905754749
2019-07-03 16:03:00,-0.1667924673911898
2019-07-03 16:06:00,-0.2604817557092929
2019-07-03 16:09:00,-0.19868342906977432
2019-07-03 16:12:00,-0.16004995539725542
2019-07-03 16:15:00,-0.24961019878509205
2019-07-03 16:18:00,-0.19458156216143152
2019-07-03 16:21:00,-0.1243178059097545
2019-07-03 16:24:00,-0.22450044812802616
2019-07-03 16:27:00,-0.23138149361579963
2019-07-03 16:30:00,-0.19997865471367504
2019-07-03 16:33:00,-0.3075070822951034
2019-07-03 16:36:00,-0.262076922534618
2019-07-03 16:39:00,-0.2786444530092922
2019-07-03 16:42:00,-0.23097215687073458
2019-07-03 16:45:00,-0.12392562221515391
2019-07-03 16:48:00,-0.23111362629896348
2019-07-03 16:51:00,-0.23196397258237766
2019-07-03 16:54:00,-0.30487341389988387
2019-07-03 16:57:00,-0.2987713373014458
2019-07-03 17:00:00,-0.16942276499617037
2019-07-03 17:03:00,-0.15802076595457493
2019-07-03 17:06:00,-0.17684855106909936
2019-07-03 17:09:00,-0.2673727228715279
2019-07-03 17:12:00,-0.17458202265152067
2019-07-03 17:15:00,-0.19704411126616606
2019-07-03 17:18:00,-0.09630869201612313
2019-07-03 17:21:00,-0.14490849111535908
2019-07-03 17:24:00,-0.22928970680430893
2019-07-03 17:27:00,-0.22926093974768946
2019-07-03 17:30:00,-0.1947306478449491
2019-07-03 17:33:00,-0.18627349420523842
2019-07-03 17:36:00,-0.1141288182216158
2019-07-03 17:39:00,-0.11636420904312672
2019-07-03 17:42:00,-0.11008651264205582
2019-07-03 17:45:00,-0.24777894186144067
2019-07-03 17:48:00,-0.12023108555081308
2019-07-03 17:51:00,-0.08611020323877483
2019-07-03 17:54:00,-0.08647303006796392
2019-07-03 17:57:00,-0.08864041041914561
2019-07-03 18:00:00,-0.1333545337590749
2019-07-03 18:03:00,-0.14721102183466428
2019-07-03 18:06:00,-0.1204169122137273
2019-07-03 18:09:00,-0.1977279392429523
2019-07-03 18:12:00,-0.08531745249746336
2019-07-03 18:15:00,-0.12847587788684223
2019-07-03 18:18:00,-0.10342303182750356
2019-07-03 18:21:00,-0.17058712494696238
2019-07-03 18:24:00,-0.11178907756584522
2019-07-03 18:27:00,-0.16805807767445913
2019-07-03 18:30:00,-0.03691530761403783
2019-07-03 18:33:00,-0.054581711664752675
2019-07-03 18:36:00,-0.09120956009837755
2019-07-03 18:39:00,0.024813949258088996
2019-07-03 18:42:00,-0.07218149662884343
2019-07-03 18:45:00,-0.13900560206508317
2019-07-03 18:48:00,-0.0626606296953014
2019-07-03 18:51:00,-0.09368286997931818
2019-07-03 18:54:00,-0.09835765164729082
2019-07-03 18:57:00,-0.1445769639193486
2019-07-03 19:00:00,-0.14087356846653165
2019-07-03 19:03:00,-0.08144660766515699
2019-07-03 19:06:00,0.05235514502453498
2019-07-03 19:09:00,-0.14125927417182993
2019-07-03 19:12:00,-0.22825180966714242
2019-07-03 19:15:00,-0.15253508043787178
2019-07-03 19:18:00,-0.13557216052362264
2019-07-03 19:21:00,-0.19772787818436655
2019-07-03 19:24:00,-0.12913624391859457
2019-07-03 19:27:00,-0.07602183749099822
2019-07-03 19:30:00,-0.07752155484786272
2019-07-03 19:33:00,-0.024679778430595434
2019-07-03 19:36:00,-0.016755420345191396
2019-07-03 19:39:00,-0.07814344341016977
2019-07-03 19:42:00,-0.06338127079521882
2019-07-03 19:45:00,-0.03071558159314236
2019-07-03 19:48:00,-0.019433147963752617
2019-07-03 19:51:00,-0.09257841442109793
2019-07-03 19:54:00,-0.1059616046097176
2019-07-03 19:57:00,-0.04797121418579309
2019-07-03 20:00:00,0.13274854115519474
2019-07-03 20:03:00,-0.07375497156300526
2019-07-03 20:06:00,-0.10984482725689304
2019-07-03 20:09:00,-0.024576008891642687
2019-07-03 20:12:00,-0.11775527294207677
2019-07-03 20:15:00,-0.09098862563149623
2019-07-03 20:18:00,-0.09341914726246614
2019-07-03 20:21:00,-0.14492877309260166
2019-07-03 20:24:00,-0.07145052879400282
2019-07-03 20:27:00,-0.025790265562989134
2019-07-03 20:30:00,-0.01787299802134612
2019-07-03 20:33:00,-0.02142361090943723
2019-07-03 20:36:00,0.010981537152019882
2019-07-03 20:39:00,0.012510179442358549
2019-07-03 20:42:00,0.007460875821891477
2019-07-03 20:45:00,0.016449517710384498
2019-07-03 20:48:00,0.07530516389215336
2019-07-03 20:51:00,0.007272070156091104
2019-07-03 20:54:00,-0.044426743238204836
2019-07-03 20:57:00,0.009983879881303892
2019-07-03 21:00:00,-0.02271922467866716
2019-07-03 21:03:00,0.02208353017084619
2019-07-03 21:06:00,-0.06038488925372576
2019-07-03 21:09:00,-0.00047912308605191356
2019-07-03 21:12:00,-0.04289060808650902
2019-07-03 21:15:00,-0.01653776823940234
2019-07-03 21:18:00,0.09146376957801294
2019-07-03 21:21:00,0.0005418655986204612
2019-07-03 21:24:00,-0.033264136158607016
2019-07-03 21:27:00,0.04755026884316749
2019-07-03 21:30:00,0.028257270946198787
2019-07-03 21:33:00,0.03418905158554253
2019-07-03 21:36:00,0.009327924117769726
2019-07-03 21:39:00,0.12491686102754329
2019-07-03 21:42:00,0.09510501824485118
2019-07-03 21:45:00,0.03791440584467409
2019-07-03 21:48:00,0.03458593254453035
2019-07-03 21:51:00,0.11159535884161187
2019-07-03 21:54:00,0.059541847974344364
2019-07-03 21:57:00,-0.0002496344136488915
2019-07-03 22:00:00,0.1473350170948038
2019-07-03 22:03:00,0.03415341445946751
2019-07-03 22:06:00,0.08584866675914782
2019-07-03 22:09:00,-0.01287146089629232
2019-07-03 22:12:00,0.022451690443631378
2019-07-03 22:15:00,-0.05199556947530937
2019-07-03 22:18:00,-0.012061201826782053
2019-07-03 22:21:00,-0.01539362886546769
2019-07-03 22:24:00,0.025360727689019313
2019-07-03 22:27:00,0.08928175446146724
2019-07-03 22:30:00,0.0582259965659091
2019-07-03 22:33:00,0.07615626643126916
2019-07-03 22:36:00,0.10723105394907861
2019-07-03 22:39:00,0.1344690415813261
2019-07-03 22:42:00,0.08990614430035748
2019-07-03 22:45:00,0.06956281170630518
2019-07-03 22:48:00,0.10394314564905471
2019-07-03 22:51:00,0.09147424178883057
2019-07-03 22:54:00,0.1253425048737995
2019-07-03 22:57:00,0.13023277380915488
2019-07-03 23:00:00,0.1144895752067896
2019-07-03 23:03:00,0.1950716982173617
2019-07-03 23:06:00,0.1296984089458988
2019-07-03 23:09:00,0.18458175637732666
2019-07-03 23:12:00,0.18764858101735626
2019-07-03 23:15:00,0.22100769221873406
2019-07-03 23:18:00,0.2860437981856876
2019-07-03 23:21:00,0.33230472330637895
2019-07-03 23:24:00,0.22803040383553252
2019-07-03 23:27:00,0.222195796548192
2019-07-03 23:30:00,0.15911478982275185
2019-07-03 23:33:00,0.1954866982865724
2019-07-03 23:36:00,0.19431818545342594
2019-07-03 23:39:00,0.2373690352958988
2019-07-03 23:42:00,0.24379580634592912
2019-07-03 23:45:00,0.20908768440818903
2019-07-03 23:48:00,0.13614393519594614
2019-07-03 23:51:00,0.18153143977912123
2019-07-03 23:54:00,0.17491414417503393
2019-07-03 23:57:00,0.22549692709526425
2019-07-04 00:00:00,0.2392977521316766
2019-07-04 00:03:00,0.24882653477806116
2019-07-04 00:06:00,0.2788662045052206
2019-07-04 00:09:00,0.2461400243390699
2019-07-04 00:12:00,0.2000140704295177
2019-07-04 00:15:00,0.0617285684008948
2019-07-04 00:18:00,0.20988721362869
2019-07-04 00:21:00,0.21544837322591093
2019-07-04 00:24:00,0.23571251869458365
2019-07-04 00:27:00,0.2721666775688618
2019-07-04 00:30:00,0.22790785217802068
2019-07-04 00:33:00,0.22703343423211209
2019-07-04 00:36:00,0.16036821094797915
2019-07-04 00:39:00,0.22292878323560217
2019-07-04 00:42:00,0.2005349580534812
2019-07-04 00:45:00,0.20552020086029188
2019-07-04 00:48:00,0.1400514830835391
2019-07-04 00:51:00,0.21612030097492152
2019-07-04 00:54:00,0.1686023205400602
2019-07-04 00:57:00,0.19799437332341085
2019-07-04 01:00:00,0.19956036372400376
2019-07-04 01:03:00,0.24325233624068687
2019-07-04 01:06:00,0.2287860142586169
2019-07-04 01:09:00,0.1529295229223635
2019-07-04 01:12:00,0.20427215822695644
2019-07-04 01:15:00,0.18855900911341905
2019-07-04 01:18:00,0.17988193710709766
2019-07-04 01:21:00,0.25523617604494575
2019-07-04 01:24:00,0.10119804869287918
2019-07-04 01:27:00,0.1284142215307611
2019-07-04 01:30:00,0.15891335543597052
2019-07-04 01:33:00,0.17610108446410777
2019-07-04 01:36:00,0.22900722059972622
2019-07-04 01:39:00,0.16251852035105685
2019-07-04 01:42:00,0.17992127079611464
2019-07-04 01:45:00,0.21464889104385065
2019-07-04 01:48:00,0.20573465348331865
2019-07-04 01:51:00,0.24912145965811305
2019-07-04 01:54:00,0.28620384130573484
2019-07-04 01:57:00,0.18727998745248442
2019-07-04 02:00:00,0.18559240455255122
2019-07-04 02:03:00,0.25845649711459373
2019-07-04 02:06:00,0.2433020251980338
2019-07-04 02:09:00,0.24863762991992644
2019-07-04 02:12:00,0.19379305573852434
2019-07-04 02:15:00,0.3552585851416552
2019-07-04 02:18:00,0.2987797937392429
2019-07-04 02:21:00,0.2732205679280355
2019-07-04 02:24:00,0.265044756904274
2019-07-04 02:27:00,0.17578596380445788
2019-07-04 02:30:00,0.24897869679062978
2019-07-04 02:33:00,0.1990262799704965
2019-07-04 02:36:00,0.252053108714108
2019-07-04 02:39:00,0.23713934829038408
2019-07-04 02:42:00,0.23556887357000278
2019-07-04 02:45:00,0.22802405163207595
2019-07-04 02:48:00,0.25644328361096314
2019-07-04 02:51:00,0.2773053600986941
2019-07-04 02:54:00,0.4164482049177991
2019-07-04 02:57:00,0.34927660287206663
2019-07-04 03:00:00,0.31906671248054863
2019-07-04 03:03:00,0.3113732018568385
2019-07-04 03:06:00,0.2642097161872812
2019-07-04 03:09:00,0.32411831061210705
2019-07-04 03:12:00,0.309836604370048
2019-07-04 03:15:00,0.31367270649087686
2019-07-04 03:18:00,0.41706165273200213
2019-07-04 03:21:00,0.20712498332983387
2019-07-04 03:24:00,0.3151071898900568
2019-07-04 03:27:00,0.3049357983319396
2019-07-04 03:30:00,0.3522171746113827
2019-07-04 03:33:00,0.2698398884512585
2019-07-04 03:36:00,0.37795942257133675
2019-07-04 03:39:00,0.32616882562683713
2019-07-04 03:42:00,0.2787617221323444
2019-07-04 03:45:00,0.36624277790440374
2019-07-04 03:48:00,0.31908225121395617
2019-07-04 03:51:00,0.30379339687482343
2019-07-04 03:54:00,0.35837793578997434
2019-07-04 03:57:00,0.3617746123546226
2019-07-04 04:00:00,0.289382430077751
2019-07-04 04:03:00,0.3204466665816881
2019-07-04 04:06:00,0.3271135979347264
2019-07-04 04:09:00,0.41428111478245455
2019-07-04 04:12:00,0.3113452163919419
2019-07-04 04:15:00,0.306490476843976
2019-07-04 04:18:00,0.284587539605468
2019-07-04 04:21:00,0.3976970826511774
2019-07-04 04:24:00,0.30561926611920853
2019-07-04 04:27:00,0.36639823066957433
2019-07-04 04:30:00,0.3703914965892636
2019-07-04 04:33:00,0.2914309837054816
2019-07-04 04:36:00,0.35514226435566343
2019-07-04 04:39:00,0.33933405345271694
2019-07-04 04:42:00,0.3312039105493909
2019-07-04 04:45:00,0.3541943153309717
2019-07-04 04:48:00,0.31474466283873426
2019-07-04 04:51:00,0.3355098494670301
2019-07-04 04:54:00,0.3794132346706647
2019-07-04 04:57:00,0.3253786332874711
2019-07-04 05:00:00,0.4585591152495567
2019-07-04 05:03:00,0.35560164905052716
2019-07-04 05:06:00,0.3808057127287725
2019-07-04 05:09:00,0.38910065722024
2019-07-04 05:12:00,0.38580230668662807
2019-07-04 05:15:00,0.4301644393283368
2019-07-04 05:18:00,0.45051546782559626
2019-07-04 05:21:00,0.37705181572874835
2019-07-04 05:24:00,0.4955200109915836
2019-07-04 05:27:00,0.45451091492964224
2019-07-04 05:30:00,0.49903794655637057
2019-07-04 05:33:00,0.3510145431708338
2019-07-04 05:36:00,0.4628571909492507
2019-07-04 05:39:00,0.43632774587638323
2019-07-04 05:42:00,0.38710463170792764
2019-07-04 05:45:00,0.3623956125680934
2019-07-04 05:48:00,0.4046601965176819
2019-07-04 05:51:00,0.3510655054287213
2019-07-04 05:54:00,0.4027221881466403
2019-07-04 05:57:00,0.4058174743437917
2019-07-04 06:00:00,0.3836443959053213
2019-07-04 06:03:00,0.3870117982094712
2019-07-04 06:06:00,0.43338062555869783
2019-07-04 06:09:00,0.3297551671032579
2019-07-04 06:12:00,0.39841539910491974
2019-07-04 06:15:00,0.41356064720213226
2019-07-04 06:18:00,0.37360580163340273
2019-07-04 06:21:00,0.3025370921345143
2019-07-04 06:24:00,0.35730970616259583
2019-07-04 06:27:00,0.39413546631783447
2019-07-04 06:30:00,0.35925387308134304
2019-07-04 06:33:00,0.34704767148963356
2019-07-04 06:36:00,0.3668482751947977
2019-07-04 06:39:00,0.43772900467479303
2019-07-04 06:42:00,0.4003604965337786
2019-07-04 06:45:00,0.3612259501400672
2019-07-04 06:48:00,0.400151532596567
2019-07-04 06:51:00,0.3229338632497729
2019-07-04 06:54:00,0.3746835068511132
2019-07-04 06:57:00,0.34072425928241046
2019-07-04 07:00:00,0.3465325063743876
2019-07-04 07:03:00,0.3428736932763172
2019-07-04 07:06:00,0.2981895754092534
2019-07-04 07:09:00,0.24716745763907966
2019-07-04 07:12:00,0.3251322143875086
2019-07-04 07:15:00,0.2504347424228399
2019-07-04 07:18:00,0.1688192733621463
2019-07-04 07:21:00,0.29171336380431967
2019-07-04 07:24:00,0.27278839289346024
2019-07-04 07:27:00,0.25818061784303836
2019-07-04 07:30:00,0.22515320710675724
2019-07-04 07:33:00,0.2687817043997711
2019-07-04 07:36:00,0.34098958293054693
2019-07-04 07:39:00,0.36006785125925944
2019-07-04 07:42:00,0.30929059598139474
2019-07-04 07:45:00,0.2454940220015942
2019-07-04 07:48:00,0.24679806816465089
2019-07-04 07:51:00,0.2457337465305045
2019-07-04 07:54:00,0.2694910666671717
2019-07-04 07:57:00,0.29998101622362583
2019-07-04 08:00:00,0.1593095549058603
2019-07-04 08:03:00,0.3093081422778141
2019-07-04 08:06:00,0.2577617403888439
2019-07-04 08:09:00,0.2723097181767571
2019-07-04 08:12:00,0.21071073225334658
2019-07-04 08:15:00,0.24317552425634403
2019-07-04 08:18:00,0.20269969960298795
2019-07-04 08:21:00,0.2596450042684637
2019-07-04 08:24:00,0.16743188839495815
2019-07-04 08:27:00,0.1968119714137515
2019-07-04 08:30:00,0.2336016614213463
2019-07-04 08:33:00,0.2325012091387748
2019-07-04 08:36:00,0.19151142462283133
2019-07-04 08:39:00,0.18510173751491266
2019-07-04 08:42:00,0.09775358991481653
2019-07-04 08:45:00,0.1741974033985798
2019-07-04 08:48:00,0.1670202733674273
2019-07-04 08:51:00,0.08442952948763605
2019-07-04 08:54:00,0.1791663685955882
2019-07-04 08:57:00,0.13397524893588297
2019-07-04 09:00:00,0.10288901992646515
2019-07-04 09:03:00,0.11078905135116202
2019-07-04 09:06:00,0.1963595601253587
2019-07-04 09:09:00,0.15008721163792416
2019-07-04 09:12:00,0.148889646794089
2019-07-04 09:15:00,0.11513451535591912
2019-07-04 09:18:00,0.04371839753014228
2019-07-04 09:21:00,0.23213463070419493
2019-07-04 09:24:00,0.13226273469894068
2019-07-04 09:27:00,0.08771110827188977
2019-07-04 09:30:00,0.11860849708949672
2019-07-04 09:33:00,0.06391980520237439
2019-07-04 09:36:00,0.11764015767334968
2019-07-04 09:39:00,0.12184025364524587
2019-07-04 09:42:00,0.14568455939695468
2019-07-04 09:45:00,0.17656163733892072
2019-07-04 09:48:00,0.18109244182875273
2019-07-04 09:51:00,-0.002126244505291197
2019-07-04 09:54:00,0.025781068396213414
2019-07-04 09:57:00,0.023791846878793876
2019-07-04 10:00:00,0.053308129125980486
2019-07-04 10:03:00,0.013420304839769415
2019-07-04 10:06:00,0.0601113239081883
2019-07-04 10:09:00,0.13466718565427982
2019-07-04 10:12:00,0.05617092798485146
2019-07-04 10:15:00,0.0640663208270098
2019-07-04 10:18:00,0.018963250811168564
2019-07-04 10:21:00,0.07252628572268804
2019-07-04 10:24:00,0.06344417006613412
2019-07-04 10:27:00,0.07825587920831367
2019-07-04 10:30:00,0.06612479395499804
2019-07-04 10:33:00,0.011960550861090269
2019-07-04 10:36:00,0.07480836382967482
2019-07-04 10:39:00,-0.03586789010734037
2019-07-04 10:42:00,-0.07693050482663466
2019-07-04 10:45:00,-0.09365814216693025
2019-07-04 10:48:00,0.00558509277976782
2019-07-04 10:51:00,-0.014616589020647552
2019-07-04 10:54:00,-0.017019825202453376
2019-07-04 10:57:00,-0.026573555051697895
2019-07-04 11:00:00,-0.047520433695297015
2019-07-04 11:03:00,-0.1409974892496848
2019-07-04 11:06:00,-0.12972398126606777
2019-07-04 11:09:00,-0.08582602431965825
2019-07-04 11:12:00,-0.06814506910177442
2019-07-04 11:15:00,-0.11010515732976955
2019-07-04 11:18:00,-0.1246778929660195
2019-07-04 11:21:00,-0.02843160738672168
2019-07-04 11:24:00,-0.03102129579309576
2019-07-04 11:27:00,-0.14979333622261493
2019-07-04 11:30:00,-0.09098467546544953
2019-07-04 11:33:00,-0.016999825057041562
2019-07-04 11:36:00,-0.0959924950268487
2019-07-04 11:39:00,-0.08085724629705737
2019-07-04 11:42:00,-0.04432955649298265
2019-07-04 11:45:00,-0.135483816858482
2019-07-04 11:48:00,-0.02817876202482239
2019-07-04 11:51:00,-0.07844301012033839
2019-07-04 11:54:00,0.011514988334056397
2019-07-04 11:57:00,-0.012360563108302358
2019-07-04 12:00:00,-0.08839743612560369
2019-07-04 12:03:00,-0.10805266603017571
2019-07-04 12:06:00,-0.04376557020623295
2019-07-04 12:09:00,0.07445155173627427
2019-07-04 12:12:00,-0.13456976877245097
2019-07-04 12:15:00,-0.11220902752620532
2019-07-04 12:18:00,-0.14189586901142093
2019-07-04 12:21:00,-0.04055134465795618
2019-07-04 12:24:00,-0.20395275760728282
2019-07-04 12:27:00,-0.19400538618020846
2019-07-04 12:30:00,-0.1994598378832393
2019-07-04 12:33:00,-0.14222691638758533
2019-07-04 12:36:00,-0.17091952454853754
2019-07-04 12:39:00,-0.204160416102809
2019-07-04 12:42:00,-0.2562575862781955
2019-07-04 12:45:00,-0.23303339397648415
2019-07-04 12:48:00,-0.2329747706651233
2019-07-04 12:51:00,-0.31863142605277517
2019-07-04 12:54:00,-0.27767733961991325
2019-07-04 12:57:00,-0.28052967818371144
2019-07-04 13:00:00,-0.1977888114932398
2019-07-04 13:03:00,-0.2515106610135831
2019-07-04 13:06:00,-0.2592504703317786
2019-07-04 13:09:00,-0.2711634652744124
2019-07-04 13:12:00,-0.2893994295660036
2019-07-04 13:15:00,-0.31174042780168065
2019-07-04 13:18:00,-0.43443807918322364
2019-07-04 13:21:00,-0.3038870253553796
2019-07-04 13:24:00,-0.3237470003149383
2019-07-04 13:27:00,-0.2512650510618073
2019-07-04 13:30:00,-0.30980232106355743
2019-07-04 13:33:00,-0.336415474646401
2019-07-04 13:36:00,-0.3521380059997341
2019-07-04 13:39:00,-0.43889984911567126
2019-07-04 13:42:00,-0.29989753160680266
2019-07-04 13:45:00,-0.34495828879715873
2019-07-04 13:48:00,-0.4100921290497581
2019-07-04 13:51:00,-0.38604140312037316
2019-07-04 13:54:00,-0.36563243111288557
2019-07-04 13:57:00,-0.3182613648154984
2019-07-04 14:00:00,-0.3927024648773454
2019-07-04 14:03:00,-0.3051538006803298
2019-07-04 14:06:00,-0.3758390377055889
2019-07-04 14:09:00,-0.4094342341177821
2019-07-04 14:12:00,-0.42313721937182436
2019-07-04 14:15:00,-0.5399881966503131
2019-07-04 14:18:00,-0.449902543388248
2019-07-04 14:21:00,-0.35308372471382654
2019-07-04 14:24:00,-0.3331613900184607
2019-07-04 14:27:00,-0.39216623978830967
2019-07-04 14:30:00,-0.3548105860144801
2019-07-04 14:33:00,-0.412090044565673
2019-07-04 14:36:00,-0.36242927272184033
2019-07-04 14:39:00,-0.3560909283640967
2019-07-04 14:42:00,-0.394229246915188
2019-07-04 14:45:00,-0.37794846234305624
2019-07-04 14:48:00,-0.37596928461687185
2019-07-04 14:51:00,-0.37857700264800087
2019-07-04 14:54:00,-0.47241928309040304
2019-07-04 14:57:00,-0.2701470327616562
2019-07-04 15:00:00,-0.2614276308510739
2019-07-04 15:03:00,-0.36653723039501074
2019-07-04 15:06:00,-0.3912883077060769
2019-07-04 15:09:00,-0.4084581894306325
2019-07-04 15:12:00,-0.3559063147223469
2019-07-04 15:15:00,-0.39543745001822117
2019-07-04 15:18:00,-0.5053809992500646
2019-07-04 15:21:00,-0.4830431184866484
2019-07-04 15:24:00,-0.3916687831970762
2019-07-04 15:27:00,-0.49872706726705474
2019-07-04 15:30:00,-0.45217800682655707
2019-07-04 15:33:00,-0.2426003759694595
2019-07-04 15:36:00,-0.1813663982247249
2019-07-04 15:39:00,-0.10276433410246
2019-07-04 15:42:00,-0.19469231376984908
2019-07-04 15:45:00,-0.42548968834739753
2019-07-04 15:48:00,-0.37297212360357435
2019-07-04 15:51:00,-0.3937137728008224
2019-07-04 15:54:00,-0.3022924594148435
2019-07-04 15:57:00,-0.29392437265670424
2019-07-04 16:00:00,-0.32304881471804947
2019-07-04 16:03:00,-0.414060959005667
2019-07-04 16:06:00,-0.4288414371371232
2019-07-04 16:09:00,-0.2808174368527716
2019-07-04 16:12:00,-0.25635846778675386
2019-07-04 16:15:00,-0.22487763462470411
2019-07-04 16:18:00,0.029048296858036338
2019-07-04 16:21:00,0.11627688913830525
2019-07-04 16:24:00,0.006046934908795265
2019-07-04 16:27:00,0.07939277780275233
2019-07-04 16:30:00,-0.0601933201003817
2019-07-04 16:33:00,-0.09740295608480665
2019-07-04 16:36:00,0.0023808683836819
2019-07-04 16:39:00,-0.011655351060539942
2019-07-04 16:42:00,0.004925908189704842
2019-07-04 16:45:00,-0.03671390128317853
2019-07-04 16:48:00,-0.07263167259958436
2019-07-04 16:51:00,-0.14222063403235552
2019-07-04 16:54:00,-0.27539627050674653
2019-07-04 16:57:00,-0.13889188467226177
2019-07-04 17:00:00,-0.2672903303999874
2019-07-04 17:03:00,-0.2774435829224444
2019-07-04 17:06:00,-0.16112836189455493
2019-07-04 17:09:00,-0.13968148542880954
2019-07-04 17:12:00,-0.05893532918190658
2019-07-04 17:15:00,-0.14790038669451633
2019-07-04 17:18:00,-0.06495270748143867
2019-07-04 17:21:00,-0.0028617636918966127
2019-07-04 17:24:00,-0.20136694768262942
2019-07-04 17:27:00,-0.11117103418905572
2019-07-04 17:30:00,-0.27132705255030487
2019-07-04 17:33:00,-0.08605840759793182
2019-07-04 17:36:00,-0.18308233922249428
2019-07-04 17:39:00,-0.08164310234462846
2019-07-04 17:42:00,-0.17854639147805074
2019-07-04 17:45:00,-0.12660525320296756
2019-07-04 17:48:00,-0.011713361462227567
2019-07-04 17:51:00,-0.05575985327925537
2019-07-04 17:54:00,-0.024711933050127755
2019-07-04 17:57:00,-0.19896228244681424
2019-07-04 18:00:00,-0.09647262064925144
2019-07-04 18:03:00,-0.028440440444626347
2019-07-04 18:06:00,-0.17522864126777904
2019-07-04 18:09:00,-0.13256700588732429
2019-07-04 18:12:00,-0.051594614829241436
2019-07-04 18:15:00,-0.1659092460267857
2019-07-04 18:18:00,-0.14001662265968662
2019-07-04 18:21:00,-0.09685893342316376
2019-07-04 18:24:00,-0.12677026493099675
2019-07-04 18:27:00,-0.08018247281120239
2019-07-04 18:30:00,-0.1683775902657203
2019-07-04 18:33:00,-0.20848890767962303
2019-07-04 18:36:00,-0.1475177867076809
2019-07-04 18:39:00,-0.1333438361028243
2019-07-04 18:42:00,-0.11376554561911689
2019-07-04 18:45:00,-0.13384017921379154
2019-07-04 18:48:00,-0.17418543338601467
2019-07-04 18:51:00,-0.027975704103653243
2019-07-04 18:54:00,-0.09278970351084581
2019-07-04 18:57:00,-0.08470515144233559
2019-07-04 19:00:00,-0.1200354379383839
2019-07-04 19:03:00,-0.27265161938515803
2019-07-04 19:06:00,-0.17774249886605276
2019-07-04 19:09:00,-0.1499147461130974
2019-07-04 19:12:00,-0.111621604267782
2019-07-04 19:15:00,-0.12566856734940757
2019-07-04 19:18:00,-0.18013784034536684
2019-07-04 19:21:00,-0.20222959532895857
2019-07-04 19:24:00,-0.15841580922301546
2019-07-04 19:27:00,-0.11406710683007759
2019-07-04 19:30:00,-0.22454757405682813
2019-07-04 19:33:00,-0.19352046400024392
2019-07-04 19:36:00,-0.08147125853560055
2019-07-04 19:39:00,-0.12453863657714237
2019-07-04 19:42:00,-0.16283625549112912
2019-07-04 19:45:00,0.07279723839616281
2019-07-04 19:48:00,0.10025078476809313
2019-07-04 19:51:00,0.11007553614354038
2019-07-04 19:54:00,-0.06512259509463547
2019-07-04 19:57:00,-0.036057438804903086
2019-07-04 20:00:00,0.00706877406565809
2019-07-04 20:03:00,-0.11230988243170259
2019-07-04 20:06:00,-0.16366614645875188
2019-07-04 20:09:00,-0.05085842182097622
2019-07-04 20:12:00,-0.14201071016049127
2019-07-04 20:15:00,-0.09487097521548549
2019-07-04 20:18:00,-0.12979540655243227
2019-07-04 20:21:00,-0.16916166055477788
2019-07-04 20:24:00,-0.06071127043605884
2019-07-04 20:27:00,0.0678333789115868
2019-07-04 20:30:00,-0.0770972197835249
2019-07-04 20:33:00,0.009482600998467205
2019-07-04 20:36:00,-0.06607599596350155
2019-07-04 20:39:00,-0.0690312694265458
2019-07-04 20:42:00,-0.04303369701386828
2019-07-04 20:45:00,-0.02206380842648059
2019-07-04 20:48:00,0.07749183284488481
2019-07-04 20:51:00,0.13232740688459899
2019-07-04 20:54:00,0.13303882698801317
2019-07-04 20:57:00,0.09761607617485879
2019-07-04 21:00:00,0.1351112997235191
2019-07-04 21:03:00,0.10744861641506986
2019-07-04 21:06:00,0.1554022308854428
2019-07-04 21:09:00,0.06745255638492154
2019-07-04 21:12:00,-0.02392882726616108
2019-07-04 21:15:00,0.10150643418620575
2019-07-04 21:18:00,0.21735301388150674
2019-07-04 21:21:00,0.24401267303005625
2019-07-04 21:24:00,0.3228318642341037
2019-07-04 21:27:00,0.36222532035174027
2019-07-04 21:30:00,0.36648443083942084
2019-07-04 21:33:00,0.44030229691742306
2019-07-04 21:36:00,0.3526710681223335
2019-07-04 21:39:00,0.32195197663065755
2019-07-04 21:42:00,0.46580108963053135
2019-07-04 21:45:00,0.41331070074733134
2019-07-04 21:48:00,0.2688865268029872
2019-07-04 21:51:00,0.365516154109514
2019-07-04 21:54:00,0.3013716479281925
2019-07-04 21:57:00,0.27045730868758255
2019-07-04 22:00:00,0.21948669635452234
2019-07-04 22:03:00,0.08762126996043662
2019-07-04 22:06:00,0.13896645517269235
2019-07-04 22:09:00,0.17741101560949346
2019-07-04 22:12:00,0.17421277710161576
2019-07-04 22:15:00,0.1273718537859736
2019-07-04 22:18:00,0.1628635589777332
2019-07-04 22:21:00,0.1934144935236759
2019-07-04 22:24:00,0.15882473489250515
2019-07-04 22:27:00,0.24533095041579145
2019-07-04 22:30:00,0.18390745245557127
2019-07-04 22:33:00,0.3042530139553037
2019-07-04 22:36:00,0.2934793609706503
2019-07-04 22:39:00,0.29081974385530884
2019-07-04 22:42:00,0.2636962476807412
2019-07-04 22:45:00,0.18757209910307893
2019-07-04 22:48:00,0.3708333354283013
2019-07-04 22:51:00,0.17572113750901508
2019-07-04 22:54:00,0.17885397510957546
2019-07-04 22:57:00,0.20564942327132485
2019-07-04 23:00:00,0.1696916296903055
2019-07-04 23:03:00,0.2649033195584707
2019-07-04 23:06:00,0.24064085458991258
2019-07-04 23:09:00,0.1857966917980889
2019-07-04 23:12:00,0.24254127602006292
2019-07-04 23:15:00,0.2411727284577978
2019-07-04 23:18:00,0.2586981105318955
2019-07-04 23:21:00,0.2044612810186095
2019-07-04 23:24:00,0.19589702592344338
2019-07-04 23:27:00,0.25342085141096504
2019-07-04 23:30:00,0.23291094097163523
2019-07-04 23:33:00,0.3118726181602369
2019-07-04 23:36:00,0.21673834631792488
2019-07-04 23:39:00,0.1659768049022432
2019-07-04 23:42:00,0.21974451159337605
2019-07-04 23:45:00,0.21948666075377332
2019-07-04 23:48:00,0.21036385318177508
2019-07-04 23:51:00,0.18167420193839234
2019-07-04 23:54:00,0.18382705576743774
2019-07-04 23:57:00,0.25082416702935006
2019-07-05 00:00:00,0.2787220408868052
2019-07-05 00:03:00,0.27032700756547
2019-07-05 00:06:00,0.1297209945820441
2019-07-05 00:09:00,0.17622458134775343
2019-07-05 00:12:00,0.11478740567639534
2019-07-05 00:15:00,0.24641494980170364
2019-07-05 00:18:00,0.1518555376543418
2019-07-05 00:21:00,0.19602248225407948
2019-07-05 00:24:00,0.25547039857070786
2019-07-05 00:27:00,0.25720054933208303
2019-07-05 00:30:00,0.31976041366345953
2019-07-05 00:33:00,0.2482328251810486
2019-07-05 00:36:00,0.14459283756065133
2019-07-05 00:39:00,0.18117256275593263
2019-07-05 00:42:00,0.12231722028946024
2019-07-05 00:45:00,0.14349855129330535
2019-07-05 00:48:00,0.3037223555115247
2019-07-05 00:51:00,0.310855198449417
2019-07-05 00:54:00,0.4272358745718634
2019-07-05 00:57:00,0.34141367576893344
2019-07-05 01:00:00,0.39620950159797985
2019-07-05 01:03:00,0.3254380251702855
2019-07-05 01:06:00,0.2797240195657764
2019-07-05 01:09:00,0.33468815288290443
2019-07-05 01:12:00,0.35073899928403307
2019-07-05 01:15:00,0.35681563649006875
2019-07-05 01:18:00,0.23979491635179784
2019-07-05 01:21:00,0.18621029027468694
2019-07-05 01:24:00,0.13808734561200708
2019-07-05 01:27:00,0.1515616143983607
2019-07-05 01:30:00,0.19216276705003565
2019-07-05 01:33:00,0.2063951690776662
2019-07-05 01:36:00,0.17697164369229768
2019-07-05 01:39:00,0.2430343959524066
2019-07-05 01:42:00,0.2051529072659264
2019-07-05 01:45:00,0.2311278742327545
2019-07-05 01:48:00,0.25207645283745705
2019-07-05 01:51:00,0.2517228613609177
2019-07-05 01:54:00,0.1053698374647638
2019-07-05 01:57:00,0.09885212253010423
2019-07-05 02:00:00,0.20267641622587007
2019-07-05 02:03:00,0.276903532615961
2019-07-05 02:06:00,0.20980295306912922
2019-07-05 02:09:00,0.29448839512991754
2019-07-05 02:12:00,0.3265692821049697
2019-07-05 02:15:00,0.40095042434563766
2019-07-05 02:18:00,0.4558867432292004
2019-07-05 02:21:00,0.5123679771409115
2019-07-05 02:24:00,0.4760278596096441
2019-07-05 02:27:00,0.5295595612658985
2019-07-05 02:30:00,0.525736990555572
2019-07-05 02:33:00,0.5237266313159807
2019-07-05 02:36:00,0.6503072308526043
2019-07-05 02:39:00,0.49761709023488265
2019-07-05 02:42:00,0.6027213054810545
2019-07-05 02:45:00,0.46826323821767346
2019-07-05 02:48:00,0.5743539844590373
2019-07-05 02:51:00,0.6659838853341853
2019-07-05 02:54:00,0.529406893024543
2019-07-05 02:57:00,0.5160665447206725
2019-07-05 03:00:00,0.46641053907109153
2019-07-05 03:03:00,0.4376623163213367
2019-07-05 03:06:00,0.3742776541852777
2019-07-05 03:09:00,0.5050245942369429
2019-07-05 03:12:00,0.4673336471942662
2019-07-05 03:15:00,0.562694896971152
2019-07-05 03:18:00,0.5084789757474368
2019-07-05 03:21:00,0.5299291126476078
2019-07-05 03:24:00,0.5191214051606039
2019-07-05 03:27:00,0.5192019589773054
2019-07-05 03:30:00,0.5832486534087025
2019-07-05 03:33:00,0.6652442416401527
2019-07-05 03:36:00,0.5792005547117469
2019-07-05 03:39:00,0.5357217348721406
2019-07-05 03:42:00,0.6037611967282146
2019-07-05 03:45:00,0.5633361726004864
2019-07-05 03:48:00,0.5732143950640989
2019-07-05 03:51:00,0.6284327284315054
2019-07-05 03:54:00,0.5516369082957908
2019-07-05 03:57:00,0.5853069891068685
2019-07-05 04:00:00,0.5990564239514811
2019-07-05 04:03:00,0.5870423144943402
2019-07-05 04:06:00,0.6285532641234681
2019-07-05 04:09:00,0.6010162436421069
2019-07-05 04:12:00,0.6301359050447672
2019-07-05 04:15:00,0.5811253305609512
2019-07-05 04:18:00,0.5228609154593755
2019-07-05 04:21:00,0.5245477090431905
2019-07-05 04:24:00,0.5333545672446007
2019-07-05 04:27:00,0.5994324818731798
2019-07-05 04:30:00,0.5605115635906373
2019-07-05 04:33:00,0.6313216698686119
2019-07-05 04:36:00,0.6069161222354182
2019-07-05 04:39:00,0.5772370591677145
2019-07-05 04:42:00,0.5519616037996684
2019-07-05 04:45:00,0.5242697544215957
2019-07-05 04:48:00,0.5679842278308342
2019-07-05 04:51:00,0.5519140308956025
2019-07-05 04:54:00,0.4942470273053914
2019-07-05 04:57:00,0.6317554803747498
2019-07-05 05:00:00,0.5139049145450372
2019-07-05 05:03:00,0.5831978388276298
2019-07-05 05:06:00,0.5857795472123826
2019-07-05 05:09:00,0.6050941959063607
2019-07-05 05:12:00,0.629940653519327
2019-07-05 05:15:00,0.6285327505980831
2019-07-05 05:18:00,0.5477994289394701
2019-07-05 05:21:00,0.5356583689919603
2019-07-05 05:24:00,0.6586928384152202
2019-07-05 05:27:00,0.6453086376754413
2019-07-05 05:30:00,0.497618444212776
2019-07-05 05:33:00,0.6716328670645453
2019-07-05 05:36:00,0.576464128153475
2019-07-05 05:39:00,0.5216588982726762
2019-07-05 05:42:00,0.5014855954715358
2019-07-05 05:45:00,0.49311191968831736
2019-07-05 05:48:00,0.5637188052199917
2019-07-05 05:51:00,0.618964755082061
2019-07-05 05:54:00,0.6307724374470922
2019-07-05 05:57:00,0.6362471480932186
2019-07-05 06:00:00,0.6111716459892023
2019-07-05 06:03:00,0.6596798677770153
2019-07-05 06:06:00,0.48592586731967913
2019-07-05 06:09:00,0.5465153092761739
2019-07-05 06:12:00,0.6339621407670961
2019-07-05 06:15:00,0.5989015883758952
2019-07-05 06:18:00,0.6050760701047011
2019-07-05 06:21:00,0.640266981025718
2019-07-05 06:24:00,0.7015509821177375
2019-07-05 06:27:00,0.6948053813453612
2019-07-05 06:30:00,0.6723719352035573
2019-07-05 06:33:00,0.6479999797900291
2019-07-05 06:36:00,0.6485750135423132
2019-07-05 06:39:00,0.6781066309470702
2019-07-05 06:42:00,0.6786979675476914
2019-07-05 06:45:00,0.7620587860773753
2019-07-05 06:48:00,0.6378239959060465
2019-07-05 06:51:00,0.6776549296309327
2019-07-05 06:54:00,0.7017432362178511
2019-07-05 06:57:00,0.7013700373947245
2019-07-05 07:00:00,0.8160706109301259
2019-07-05 07:03:00,0.6229680244462656
2019-07-05 07:06:00,0.654950868838398
2019-07-05 07:09:00,0.6371114466691097
2019-07-05 07:12:00,0.6356383153249112
2019-07-05 07:15:00,0.6980428078871341
2019-07-05 07:18:00,0.6829876201078378
2019-07-05 07:21:00,0.5941475164724466
2019-07-05 07:24:00,0.6736419260671482
2019-07-05 07:27:00,0.5394439692918809
2019-07-05 07:30:00,0.6028784027083134
2019-07-05 07:33:00,0.7024851357086277
2019-07-05 07:36:00,0.7154472832571059
2019-07-05 07:39:00,0.6421911862038883
2019-07-05 07:42:00,0.5989725912796757
2019-07-05 07:45:00,0.5627252868192159
2019-07-05 07:48:00,0.6002970450834937
2019-07-05 07:51:00,0.6724720477204187
2019-07-05 07:54:00,0.571383939748614
2019-07-05 07:57:00,0.6001437507241008
2019-07-05 08:00:00,0.6185980296638718
2019-07-05 08:03:00,0.5565825013140966
2019-07-05 08:06:00,0.6037377467538363
2019-07-05 08:09:00,0.495133320073478
2019-07-05 08:12:00,0.5157138981770117
2019-07-05 08:15:00,0.49361601472941175
2019-07-05 08:18:00,0.5609648913368801
2019-07-05 08:21:00,0.4394807613049352
2019-07-05 08:24:00,0.4666815293564923
2019-07-05 08:27:00,0.5315436102087574
2019-07-05 08:30:00,0.48157893941959173
2019-07-05 08:33:00,0.4970236768359655
2019-07-05 08:36:00,0.458896105618976
2019-07-05 08:39:00,0.4086361474836053
2019-07-05 08:42:00,0.47960490452783233
2019-07-05 08:45:00,0.3940594910718005
2019-07-05 08:48:00,0.3780140756165906
2019-07-05 08:51:00,0.42860263660895725
2019-07-05 08:54:00,0.3757441583071568
2019-07-05 08:57:00,0.4440466976388393
2019-07-05 09:00:00,0.40295966240245207
2019-07-05 09:03:00,0.3430266597593459
2019-07-05 09:06:00,0.3918362796397332
2019-07-05 09:09:00,0.17910718178137586
2019-07-05 09:12:00,0.32966949558431224
2019-07-05 09:15:00,0.29980265052188315
2019-07-05 09:18:00,0.3158044568981495
2019-07-05 09:21:00,0.27235630127290733
2019-07-05 09:24:00,0.3088055555385836
2019-07-05 09:27:00,0.2821203916745958
2019-07-05 09:30:00,0.3294357226260445
2019-07-05 09:33:00,0.2973649771803366
2019-07-05 09:36:00,0.23475751338952477
2019-07-05 09:39:00,0.2612726450959144
2019-07-05 09:42:00,0.29500819093163955
2019-07-05 09:45:00,0.2230924643289427
2019-07-05 09:48:00,0.21111310099814773
2019-07-05 09:51:00,0.18649414013276555
2019-07-05 09:54:00,0.21691330814292087
2019-07-05 09:57:00,0.28724589030730385
2019-07-05 10:00:00,0.16329757345926055
2019-07-05 10:03:00,0.15389844271976472
2019-07-05 10:06:00,0.03276872246254925
2019-07-05 10:09:00,0.12276890190764789
2019-07-05 10:12:00,0.1027752838416518
2019-07-05 10:15:00,0.14147605182739653
2019-07-05 10:18:00,0.10421795808645129
2019-07-05 10:21:00,0.1075550899955715
2019-07-05 10:24:00,0.013659017956911157
2019-07-05 10:27:00,0.1065779902576196
2019-07-05 10:30:00,-0.003910745827511164
2019-07-05 10:33:00,0.061753281110270564
2019-07-05 10:36:00,0.005604432071095289
2019-07-05 10:39:00,0.06403787711548148
2019-07-05 10:42:00,0.12038220412892997
2019-07-05 10:45:00,0.009842763187293713
2019-07-05 10:48:00,-0.1327049662185118
2019-07-05 10:51:00,-0.0254842865581395
2019-07-05 10:54:00,-0.09456046341909996
2019-07-05 10:57:00,-0.10362914953572044
2019-07-05 11:00:00,-0.08802061236633563
2019-07-05 11:03:00,-0.09171435925037486
2019-07-05 11:06:00,-0.057907385404973866
2019-07-05 11:09:00,-0.05658535654413299
2019-07-05 11:12:00,-0.09482458524405502
2019-07-05 11:15:00,-0.04850428721425715
2019-07-05 11:18:00,-0.07710525369321886
2019-07-05 11:21:00,0.003019654664740301
2019-07-05 11:24:00,-0.025929439102753804
2019-07-05 11:27:00,-0.08337879259227066
2019-07-05 11:30:00,-0.0629194772004098
2019-07-05 11:33:00,-0.02184259385023779
2019-07-05 11:36:00,0.04343192056398948
2019-07-05 11:39:00,-0.032876848234820955
2019-07-05 11:42:00,0.01801813364886584
2019-07-05 11:45:00,0.03651078857757284
2019-07-05 11:48:00,-0.12411442418249408
2019-07-05 11:51:00,-0.10693042184902879
2019-07-05 11:54:00,-0.2022225119735026
2019-07-05 11:57:00,-0.10145135948312145
2019-07-05 12:00:00,-0.05623370846490161
2019-07-05 12:03:00,0.10171446560127606
2019-07-05 12:06:00,-0.05842205410846191
2019-07-05 12:09:00,-0.14602422128984927
2019-07-05 12:12:00,-0.059497651061292345
2019-07-05 12:15:00,-0.13544343287696847
2019-07-05 12:18:00,-0.04837587345167549
2019-07-05 12:21:00,-0.13614799078823125
2019-07-05 12:24:00,-0.30553066587333433
2019-07-05 12:27:00,-0.25048693702268565
2019-07-05 12:30:00,-0.26728360475732416
2019-07-05 12:33:00,-0.30132817933537126
2019-07-05 12:36:00,-0.358633236647961
2019-07-05 12:39:00,-0.2967455716751033
2019-07-05 12:42:00,-0.23357535830263032
2019-07-05 12:45:00,-0.4489337299136764
2019-07-05 12:48:00,-0.21720938490534536
2019-07-05 12:51:00,-0.45177216756337657
2019-07-05 12:54:00,-0.3081486762652048
2019-07-05 12:57:00,-0.4106469263631425
2019-07-05 13:00:00,-0.328334244766495
2019-07-05 13:03:00,-0.3468532040546961
2019-07-05 13:06:00,-0.31862848730366977
2019-07-05 13:09:00,-0.4637754662063003
2019-07-05 13:12:00,-0.43771032797138787
2019-07-05 13:15:00,-0.4385735373916759
2019-07-05 13:18:00,-0.48534883849117705
2019-07-05 13:21:00,-0.345882069378149
2019-07-05 13:24:00,-0.4096910786581134
2019-07-05 13:27:00,-0.40323932063438406
2019-07-05 13:30:00,-0.5574656216944618
2019-07-05 13:33:00,-0.29711975925846446
2019-07-05 13:36:00,-0.215517831712134
2019-07-05 13:39:00,-0.3405948942028658
2019-07-05 13:42:00,-0.37201623676526197
2019-07-05 13:45:00,-0.37187806262807044
2019-07-05 13:48:00,-0.3500321048657611
2019-07-05 13:51:00,-0.1046298160376864
2019-07-05 13:54:00,0.03640228054456429
2019-07-05 13:57:00,0.02272312019817946
2019-07-05 14:00:00,-0.1853431963330081
2019-07-05 14:03:00,-0.23602809400608749
2019-07-05 14:06:00,-0.3295250084570398
2019-07-05 14:09:00,-0.14947296069567528
2019-07-05 14:12:00,-0.13583322044678425
2019-07-05 14:15:00,-0.1798587293714604
2019-07-05 14:18:00,-0.3548140763428478
2019-07-05 14:21:00,-0.22538379087905014
2019-07-05 14:24:00,-0.30558506173997557
2019-07-05 14:27:00,-0.23699808273573808
2019-07-05 14:30:00,-0.1626667330449436
2019-07-05 14:33:00,-0.28557734819071356
2019-07-05 14:36:00,-0.30287546945623944
2019-07-05 14:39:00,-0.32409136932704996
2019-07-05 14:42:00,-0.2698353579251034
2019-07-05 14:45:00,-0.26290612874322505
2019-07-05 14:48:00,-0.3703051496598846
2019-07-05 14:51:00,-0.29794162547557335
2019-07-05 14:54:00,-0.3740112496922734
2019-07-05 14:57:00,-0.3613819833161074
2019-07-05 15:00:00,-0.5942920469829005
2019-07-05 15:03:00,-0.2485746218670215
2019-07-05 15:06:00,-0.36296051068239876
2019-07-05 15:09:00,-0.3106758464799668
2019-07-05 15:12:00,-0.3669207484634285
2019-07-05 15:15:00,-0.4618453290296429
2019-07-05 15:18:00,-0.4214715963927347
2019-07-05 15:21:00,-0.2874705433662257
2019-07-05 15:24:00,-0.1533868496154014
2019-07-05 15:27:00,-0.11107121736017689
2019-07-05 15:30:00,-0.2384281381196729
2019-07-05 15:33:00,-0.1825167629494331
2019-07-05 15:36:00,-0.3119457183517511
2019-07-05 15:39:00,-0.32405796172798773
2019-07-05 15:42:00,-0.19365619073425933
2019-07-05 15:45:00,-0.1611096066128539
2019-07-05 15:48:00,-0.2591858854337943
2019-07-05 15:51:00,-0.350557352990279
2019-07-05 15:54:00,-0.43758704545422233
2019-07-05 15:57:00,-0.2917051067227021
2019-07-05 16:00:00,-0.33878885178074825
2019-07-05 16:03:00,-0.39603765206572916
2019-07-05 16:06:00,-0.36868783489376256
2019-07-05 16:09:00,-0.3738005066241499
2019-07-05 16:12:00,-0.31304948760862317
2019-07-05 16:15:00,-0.3502889597318699
2019-07-05 16:18:00,-0.4236629293248484
2019-07-05 16:21:00,-0.4389207259646355
2019-07-05 16:24:00,-0.384844647703801
2019-07-05 16:27:00,-0.36760280941570045
2019-07-05 16:30:00,-0.4929902424437387
2019-07-05 16:33:00,-0.4026963916203954
2019-07-05 16:36:00,-0.415822591385961
2019-07-05 16:39:00,-0.4521801099826348
2019-07-05 16:42:00,-0.42541864599206747
2019-07-05 16:45:00,-0.45799173099374
2019-07-05 16:48:00,-0.39597211432595714
2019-07-05 16:51:00,-0.5373869313773412
2019-07-05 16:54:00,-0.490775685591359
2019-07-05 16:57:00,-0.6042127377583597
2019-07-05 17:00:00,-0.4894319643587437
2019-07-05 17:03:00,-0.39927518650409866
2019-07-05 17:06:00,-0.47047510795209746
2019-07-05 17:09:00,-0.5559057783945605
2019-07-05 17:12:00,-0.4629641444156505
2019-07-05 17:15:00,-0.4112138773056131
2019-07-05 17:18:00,-0.4557375336156042
2019-07-05 17:21:00,-0.4242665488780517
2019-07-05 17:24:00,-0.442946092664954
2019-07-05 17:27:00,-0.39701301562837443
2019-07-05 17:30:00,-0.41784094534176575
2019-07-05 17:33:00,-0.4419098988406631
2019-07-05 17:36:00,-0.2901344033365376
2019-07-05 17:39:00,-0.37640615264058397
2019-07-05 17:42:00,-0.3676086749706542
2019-07-05 17:45:00,-0.428017350557127
2019-07-05 17:48:00,-0.4163242074350251
2019-07-05 17:51:00,-0.35023879622065124
2019-07-05 17:54:00,-0.32378406495814716
2019-07-05 17:57:00,-0.33584323236993896
2019-07-05 18:00:00,-0.3294666182376318
2019-07-05 18:03:00,-0.3591552000657998
2019-07-05 18:06:00,-0.16513731595864556
2019-07-05 18:09:00,-0.28503312356554034
2019-07-05 18:12:00,-0.1948370676166178
2019-07-05 18:15:00,-0.22672415826360748
2019-07-05 18:18:00,-0.29569370271076423
2019-07-05 18:21:00,-0.26403357899306457
2019-07-05 18:24:00,-0.2102423060870251
2019-07-05 18:27:00,-0.23543258571010028
2019-07-05 18:30:00,-0.3655987593760983
2019-07-05 18:33:00,-0.23471883255911052
2019-07-05 18:36:00,-0.30553001968604576
2019-07-05 18:39:00,-0.2617683110966027
2019-07-05 18:42:00,-0.26123532592060883
2019-07-05 18:45:00,-0.30597319165235604
2019-07-05 18:48:00,-0.17410945507026554
2019-07-05 18:51:00,-0.26750085258260015
2019-07-05 18:54:00,-0.309761142231082
2019-07-05 18:57:00,-0.2762059276998343
2019-07-05 19:00:00,-0.18251670997824476
2019-07-05 19:03:00,-0.05679399804427021
2019-07-05 19:06:00,0.003826080761086814
2019-07-05 19:09:00,-0.12157089915336883
2019-07-05 19:12:00,-0.07558177809755762
2019-07-05 19:15:00,-0.08648713606066849
2019-07-05 19:18:00,-0.13821894432902582
2019-07-05 19:21:00,-0.2132243069895594
2019-07-05 19:24:00,-0.08661301859024206
2019-07-05 19:27:00,-0.06796357277198695
2019-07-05 19:30:00,-0.06695312453894076
2019-07-05 19:33:00,-0.2642293944325047
2019-07-05 19:36:00,-0.13441968956249184
2019-07-05 19:39:00,-0.18158410929902402
2019-07-05 19:42:00,-0.10705956848693177
2019-07-05 19:45:00,-0.06785186514224506
2019-07-05 19:48:00,0.13693491067994046
2019-07-05 19:51:00,0.11321917969985407
2019-07-05 19:54:00,0.3265029254710612
2019-07-05 19:57:00,0.3089674809406233
2019-07-05 20:00:00,0.16661100547645447
2019-07-05 20:03:00,0.39919666230753137
2019-07-05 20:06:00,0.3445701969626498
2019-07-05 20:09:00,0.49518129461614535
2019-07-05 20:12:00,0.12096018962188282
2019-07-05 20:15:00,0.23159561883352353
2019-07-05 20:18:00,0.16784205971805477
2019-07-05 20:21:00,0.22342637804325705
2019-07-05 20:24:00,0.26008726160341666
2019-07-05 20:27:00,0.2473146583796506
2019-07-05 20:30:00,0.30370702840281183
2019-07-05 20:33:00,0.41183473547340554
2019-07-05 20:36:00,0.3259984282227606
2019-07-05 20:39:00,0.30453738465615743
2019-07-05 20:42:00,0.38188031995269967
2019-07-05 20:45:00,0.32699172268843313
2019-07-05 20:48:00,0.4722064426337056
2019-07-05 20:51:00,0.5225431985013529
2019-07-05 20:54:00,0.7673594140257478
2019-07-05 20:57:00,0.8842193513548864
2019-07-05 21:00:00,0.9492739483813466
2019-07-05 21:03:00,0.9973226426524207
2019-07-05 21:06:00,1.0296723442727966
2019-07-05 21:09:00,1.02250678952322
2019-07-05 21:12:00,0.9939614373501513
2019-07-05 21:15:00,0.953732569185604
2019-07-05 21:18:00,0.9213854947165032
2019-07-05 21:21:00,0.914798365014633
2019-07-05 21:24:00,0.9261640212666862
2019-07-05 21:27:00,0.8661520369493587
2019-07-05 21:30:00,0.87809880975243
2019-07-05 21:33:00,0.9371531661994368
2019-07-05 21:36:00,0.6170692671162215
2019-07-05 21:39:00,0.5859115655546816
2019-07-05 21:42:00,0.42566030800389854
2019-07-05 21:45:00,0.4447065096215397
2019-07-05 21:48:00,0.4639500268488064
2019-07-05 21:51:00,0.43819958408721504
2019-07-05 21:54:00,0.451885761571134
2019-07-05 21:57:00,0.22136637073720067
2019-07-05 22:00:00,0.3748318743050163
2019-07-05 22:03:00,0.4137619943619484
2019-07-05 22:06:00,0.32676744500798804
2019-07-05 22:09:00,0.46624856711378015
2019-07-05 22:12:00,0.41381939058101125
2019-07-05 22:15:00,0.5125682666313196
2019-07-05 22:18:00,0.503106092102314
2019-07-05 22:21:00,0.5461278367135947
2019-07-05 22:24:00,0.4913786917048242
2019-07-05 22:27:00,0.4060257566263772
2019-07-05 22:30:00,0.32077611107166604
2019-07-05 22:33:00,0.2587794881994796
2019-07-05 22:36:00,0.3595385152983681
2019-07-05 22:39:00,0.26587352313396195
2019-07-05 22:42:00,0.3241244703532402
2019-07-05 22:45:00,0.24759097658358087
2019-07-05 22:48:00,0.3373935820437737
2019-07-05 22:51:00,0.29026261637500284
2019-07-05 22:54:00,0.3424017054932733
2019-07-05 22:57:00,0.31303853287511174
2019-07-05 23:00:00,0.26555627079329724
2019-07-05 23:03:00,0.3371700715205179
2019-07-05 23:06:00,0.36524133275031545
2019-07-05 23:09:00,0.349287188301048
2019-07-05 23:12:00,0.3156266490424855
2019-07-05 23:15:00,0.404168181391924
2019-07-05 23:18:00,0.32236037449933974
2019-07-05 23:21:00,0.3640974188815562
2019-07-05 23:24:00,0.3722766028478759
2019-07-05 23:27:00,0.37377668197842695
2019-07-05 23:30:00,0.37644063574788333
2019-07-05 23:33:00,0.24351282493620374
2019-07-05 23:36:00,0.3553156199366754
2019-07-05 23:39:00,0.2964870185073778
2019-07-05 23:42:00,0.27224177286558415
2019-07-05 23:45:00,0.3825839618222062
2019-07-05 23:48:00,0.2659847282168357
2019-07-05 23:51:00,0.3791299263962742
2019-07-05 23:54:00,0.4131851170807863
2019-07-05 23:57:00,0.31089616300539547
2019-07-06 00:00:00,0.25376464881691163
2019-07-06 00:03:00,0.3201032650437128
2019-07-06 00:06:00,0.4223118230515297
2019-07-06 00:09:00,0.3250145655739516
2019-07-06 00:12:00,0.3423049536376652
2019-07-06 00:15:00,0.46863358652632314
2019-07-06 00:18:00,0.435102383860567
2019-07-06 00:21:00,0.47093017726922426
2019-07-06 00:24:00,0.52960023832469
2019-07-06 00:27:00,0.43045994776952057
2019-07-06 00:30:00,0.42280675525898914
2019-07-06 00:33:00,0.48942614747375046
2019-07-06 00:36:00,0.443665444890712
2019-07-06 00:39:00,0.46575265377549613
2019-07-06 00:42:00,0.3888923942248539
2019-07-06 00:45:00,0.488144340457211
2019-07-06 00:48:00,0.47322255316123574
2019-07-06 00:51:00,0.48167409286378415
2019-07-06 00:54:00,0.4282554478581915
2019-07-06 00:57:00,0.46520094500829146
2019-07-06 01:00:00,0.3871656448992553
2019-07-06 01:03:00,0.5036686054991151
2019-07-06 01:06:00,0.5213214129629478
2019-07-06 01:09:00,0.4842214555465034
2019-07-06 01:12:00,0.48706637656226803
2019-07-06 01:15:00,0.46364648989134594
2019-07-06 01:18:00,0.43174739258847694
2019-07-06 01:21:00,0.4980962304522336
2019-07-06 01:24:00,0.4604370282692116
2019-07-06 01:27:00,0.5423083405266311
2019-07-06 01:30:00,0.5859552049573153
2019-07-06 01:33:00,0.4913764398710896
2019-07-06 01:36:00,0.5491695899223714
2019-07-06 01:39:00,0.5268241159640752
2019-07-06 01:42:00,0.4905494019772618
2019-07-06 01:45:00,0.4430961429641229
2019-07-06 01:48:00,0.5604255394262623
2019-07-06 01:51:00,0.3949242760577363
2019-07-06 01:54:00,0.29955418986946825
2019-07-06 01:57:00,0.491144141332029
2019-07-06 02:00:00,0.45613354677306006
2019-07-06 02:03:00,0.45310902724941116
2019-07-06 02:06:00,0.43600193091305073
2019-07-06 02:09:00,0.4322404785662002
2019-07-06 02:12:00,0.3848760024200715
2019-07-06 02:15:00,0.44309813231279804
2019-07-06 02:18:00,0.4768951855759269
2019-07-06 02:21:00,0.5105154108028387
2019-07-06 02:24:00,0.4671825018845652
2019-07-06 02:27:00,0.38854091887316144
2019-07-06 02:30:00,0.35755058851367494
2019-07-06 02:33:00,0.43956945238323897
2019-07-06 02:36:00,0.42296685170111914
2019-07-06 02:39:00,0.5161004780485996
2019-07-06 02:42:00,0.39178663983744855
2019-07-06 02:45:00,0.41157060973341686
2019-07-06 02:48:00,0.4047054888965249
2019-07-06 02:51:00,0.40709898763213914
2019-07-06 02:54:00,0.37968933759856327
2019-07-06 02:57:00,0.4071608786850902
2019-07-06 03:00:00,0.4730861934432937
2019-07-06 03:03:00,0.4937980391783299
2019-07-06 03:06:00,0.39760797772845535
2019-07-06 03:09:00,0.35910825706173455
2019-07-06 03:12:00,0.3915777622901828
2019-07-06 03:15:00,0.3853464690045598
2019-07-06 03:18:00,0.4299137641800712
2019-07-06 03:21:00,0.4560969417045726
2019-07-06 03:24:00,0.42760159790105945
2019-07-06 03:27:00,0.46499401304538424
2019-07-06 03:30:00,0.4414468670681231
2019-07-06 03:33:00,0.38890768309875057
2019-07-06 03:36:00,0.4745558286101641
2019-07-06 03:39:00,0.4131083476228241
2019-07-06 03:42:00,0.4304104287815562
2019-07-06 03:45:00,0.3657787520515967
2019-07-06 03:48:00,0.4371181262901018
2019-07-06 03:51:00,0.4553008116052979
2019-07-06 03:54:00,0.45719356478315376
2019-07-06 03:57:00,0.48090443248793235
2019-07-06 04:00:00,0.4506685337356089
2019-07-06 04:03:00,0.5636676051187237
2019-07-06 04:06:00,0.45077297313270037
2019-07-06 04:09:00,0.4544191917659077
2019-07-06 04:12:00,0.5142436722675257
2019-07-06 04:15:00,0.5589296421105701
2019-07-06 04:18:00,0.5071662130587242
2019-07-06 04:21:00,0.5130579701998386
2019-07-06 04:24:00,0.500352991096122
2019-07-06 04:27:00,0.5074887691515073
2019-07-06 04:30:00,0.5229948319259847
2019-07-06 04:33:00,0.5295395842308039
2019-07-06 04:36:00,0.467429656422496
2019-07-06 04:39:00,0.5524044142095477
2019-07-06 04:42:00,0.538983856566972
2019-07-06 04:45:00,0.49552414806589695
2019-07-06 04:48:00,0.5225569603693998
2019-07-06 04:51:00,0.5016739489552151
2019-07-06 04:54:00,0.46277867834191966
2019-07-06 04:57:00,0.442323394047321
2019-07-06 05:00:00,0.4803343832199971
2019-07-06 05:03:00,0.5349203151445181
2019-07-06 05:06:00,0.5110515947858971
2019-07-06 05:09:00,0.5211244854789356
2019-07-06 05:12:00,0.5215638837225356
2019-07-06 05:15:00,0.4526282882931696
2019-07-06 05:18:00,0.49890837945457633
2019-07-06 05:21:00,0.5683245665969139
2019-07-06 05:24:00,0.5229566846240346
2019-07-06 05:27:00,0.51190952077161
2019-07-06 05:30:00,0.4616949169901545
2019-07-06 05:33:00,0.509885019207843
2019-07-06 05:36:00,0.5665533798623983
2019-07-06 05:39:00,0.5538114470931532
2019-07-06 05:42:00,0.43294171137449666
2019-07-06 05:45:00,0.5122760886636115
2019-07-06 05:48:00,0.5090177969801175
2019-07-06 05:51:00,0.5235842789776939
2019-07-06 05:54:00,0.5033988307230857
2019-07-06 05:57:00,0.4755098774666635
2019-07-06 06:00:00,0.5193878714679272
2019-07-06 06:03:00,0.6024413220986844
2019-07-06 06:06:00,0.5588050303219347
2019-07-06 06:09:00,0.5867093283454778
2019-07-06 06:12:00,0.5543970594172265
2019-07-06 06:15:00,0.5707901483130513
2019-07-06 06:18:00,0.5834458435558076
2019-07-06 06:21:00,0.5523070477504461
2019-07-06 06:24:00,0.5764954198523924
2019-07-06 06:27:00,0.5854526566949971
2019-07-06 06:30:00,0.6103973918643533
2019-07-06 06:33:00,0.6411919316161061
2019-07-06 06:36:00,0.6225450511556119
2019-07-06 06:39:00,0.5974619485029393
2019-07-06 06:42:00,0.5984838074361392
2019-07-06 06:45:00,0.5904047794289227
2019-07-06 06:48:00,0.5410765713251067
2019-07-06 06:51:00,0.6478262088707538
2019-07-06 06:54:00,0.6670485653139053
2019-07-06 06:57:00,0.5897439115141765
2019-07-06 07:00:00,0.6772283005253712
2019-07-06 07:03:00,0.6030035719027751
2019-07-06 07:06:00,0.5838512447957669
2019-07-06 07:09:00,0.5774912089946156
2019-07-06 07:12:00,0.6257349812855182
2019-07-06 07:15:00,0.5365949662377716
2019-07-06 07:18:00,0.718529317677735
2019-07-06 07:21:00,0.591970174397261
2019-07-06 07:24:00,0.5895442926253622
2019-07-06 07:27:00,0.6849844134944192
2019-07-06 07:30:00,0.6206855000581868
2019-07-06 07:33:00,0.604253252832109
2019-07-06 07:36:00,0.6723136023178995
2019-07-06 07:39:00,0.5723434998002972
2019-07-06 07:42:00,0.6283715333411806
2019-07-06 07:45:00,0.5756329491169936
2019-07-06 07:48:00,0.5451142036145029
2019-07-06 07:51:00,0.4785022855288048
2019-07-06 07:54:00,0.4962334139464133
2019-07-06 07:57:00,0.5459538195418077
2019-07-06 08:00:00,0.5231294903904882
2019-07-06 08:03:00,0.6291707139740765
2019-07-06 08:06:00,0.5187592889686243
2019-07-06 08:09:00,0.43146406036277085
2019-07-06 08:12:00,0.5142876134214021
2019-07-06 08:15:00,0.4106563366026421
2019-07-06 08:18:00,0.5285408475998565
2019-07-06 08:21:00,0.5199014713263637
2019-07-06 08:24:00,0.44088565598036666
2019-07-06 08:27:00,0.5768068468427145
2019-07-06 08:30:00,0.44384405748348854
2019-07-06 08:33:00,0.51361227284292
2019-07-06 08:36:00,0.4721460034810434
2019-07-06 08:39:00,0.4752953094277359
2019-07-06 08:42:00,0.39994101787215186
2019-07-06 08:45:00,0.43714260953044004
2019-07-06 08:48:00,0.41850473227566454
2019-07-06 08:51:00,0.4298346363118526
2019-07-06 08:54:00,0.3414248912010862
2019-07-06 08:57:00,0.4415386945476598
2019-07-06 09:00:00,0.3119233824169214
2019-07-06 09:03:00,0.3617503681665539
2019-07-06 09:06:00,0.3917002346213394
2019-07-06 09:09:00,0.3977241540018781
2019-07-06 09:12:00,0.3395194413153604
2019-07-06 09:15:00,0.33484341581242916
2019-07-06 09:18:00,0.3343426563967
2019-07-06 09:21:00,0.2851680541693895
2019-07-06 09:24:00,0.19327248172527334
2019-07-06 09:27:00,0.23610263925098707
2019-07-06 09:30:00,0.16075527752349217
2019-07-06 09:33:00,0.1197008151746104
2019-07-06 09:36:00,0.3261062967225712
2019-07-06 09:39:00,0.018908600151405608
2019-07-06 09:42:00,0.19165664463344
2019-07-06 09:45:00,0.19341556294710927
2019-07-06 09:48:00,0.06083570774683267
2019-07-06 09:51:00,0.020172541865179028
2019-07-06 09:54:00,0.021336124823505997
2019-07-06 09:57:00,-0.003099076525984401
2019-07-06 10:00:00,-0.04888873076026812
2019-07-06 10:03:00,-0.15009788204031338
2019-07-06 10:06:00,-0.16345204515812384
2019-07-06 10:09:00,-0.15133286337072605
2019-07-06 10:12:00,-0.27432536749040537
2019-07-06 10:15:00,-0.16290741856329305
2019-07-06 10:18:00,-0.19619698451430168
2019-07-06 10:21:00,-0.1673797210007706
2019-07-06 10:24:00,-0.17705774943988217
2019-07-06 10:27:00,-0.1698017285092419
2019-07-06 10:30:00,-0.24099437486205488
2019-07-06 10:33:00,-0.20018149734067947
2019-07-06 10:36:00,-0.2154548290232583
2019-07-06 10:39:00,-0.13327309045320135
2019-07-06 10:42:00,-0.2677681993885699
2019-07-06 10:45:00,-0.2189796862102753
2019-07-06 10:48:00,-0.16340861072580992
2019-07-06 10:51:00,-0.21736012322867282
2019-07-06 10:54:00,-0.16422653562125333
2019-07-06 10:57:00,-0.25229145364380656
2019-07-06 11:00:00,-0.37368459677651344
2019-07-06 11:03:00,-0.21946592767039874
2019-07-06 11:06:00,-0.342164947401443
2019-07-06 11:09:00,-0.2819727048521372
2019-07-06 11:12:00,-0.30689088130225173
2019-07-06 11:15:00,-0.3556141009610201
2019-07-06 11:18:00,-0.4592821575021162
2019-07-06 11:21:00,-0.4002564023257378
2019-07-06 11:24:00,-0.31099286639852153
2019-07-06 11:27:00,-0.3061786722206534
2019-07-06 11:30:00,-0.2850936534629227
2019-07-06 11:33:00,-0.2672055677676326
2019-07-06 11:36:00,-0.2939519365513661
2019-07-06 11:39:00,-0.38121408353532615
2019-07-06 11:42:00,-0.29964503588558955
2019-07-06 11:45:00,-0.35269070339597874
2019-07-06 11:48:00,-0.3087282482886735
2019-07-06 11:51:00,-0.2774466829899893
2019-07-06 11:54:00,-0.30866091801868833
2019-07-06 11:57:00,-0.4280473193340981
2019-07-06 12:00:00,-0.3075090413155408
2019-07-06 12:03:00,-0.3994583824396045
2019-07-06 12:06:00,-0.3995356245825974
2019-07-06 12:09:00,-0.30765401189529484
2019-07-06 12:12:00,-0.4289019059340262
2019-07-06 12:15:00,-0.3040590306786157
2019-07-06 12:18:00,-0.3211455583248153
2019-07-06 12:21:00,-0.4207052486355565
2019-07-06 12:24:00,-0.36747793858853584
2019-07-06 12:27:00,-0.3612260736758799
2019-07-06 12:30:00,-0.30087251174165885
2019-07-06 12:33:00,-0.3320160129895271
2019-07-06 12:36:00,-0.3465139590279023
2019-07-06 12:39:00,-0.5416614139439275
2019-07-06 12:42:00,-0.20199398835046622
2019-07-06 12:45:00,-0.39340301996531934
2019-07-06 12:48:00,-0.3553561441929105
2019-07-06 12:51:00,-0.5252495713647249
2019-07-06 12:54:00,-0.3582092311166889
2019-07-06 12:57:00,-0.29297697432213
2019-07-06 13:00:00,-0.41582091241332364
2019-07-06 13:03:00,-0.4942186828635613
2019-07-06 13:06:00,-0.4673256767510452
2019-07-06 13:09:00,-0.4471588627089318
2019-07-06 13:12:00,-0.28970653589328776
2019-07-06 13:15:00,-0.43054675526502706
2019-07-06 13:18:00,-0.30512024651716274
2019-07-06 13:21:00,-0.3138395390042774
2019-07-06 13:24:00,-0.39697412701156054
2019-07-06 13:27:00,-0.40023287379563044
2019-07-06 13:30:00,-0.3917157064996104
2019-07-06 13:33:00,-0.4512611419440873
2019-07-06 13:36:00,-0.333628712574523
2019-07-06 13:39:00,-0.38970810831642666
2019-07-06 13:42:00,-0.4555171938010858
2019-07-06 13:45:00,-0.3163020840682407
2019-07-06 13:48:00,-0.438370665591151
2019-07-06 13:51:00,-0.4806093582939184
2019-07-06 13:54:00,-0.36995922373665735
2019-07-06 13:57:00,-0.4363108688535249
2019-07-06 14:00:00,-0.5008139401182916
2019-07-06 14:03:00,-0.3451460074516035
2019-07-06 14:06:00,-0.37575409974232343
2019-07-06 14:09:00,-0.3225466868391891
2019-07-06 14:12:00,-0.382116832073109
2019-07-06 14:15:00,-0.42955915383038246
2019-07-06 14:18:00,-0.3856929146446646
2019-07-06 14:21:00,-0.3304555485673859
2019-07-06 14:24:00,-0.370197865659577
2019-07-06 14:27:00,-0.4407590546143183
2019-07-06 14:30:00,-0.297182896373954
2019-07-06 14:33:00,-0.3767171647779719
2019-07-06 14:36:00,-0.3893638640545305
2019-07-06 14:39:00,-0.454041951685042
2019-07-06 14:42:00,-0.4057761434473264
2019-07-06 14:45:00,-0.4384244551562233
2019-07-06 14:48:00,-0.4139197928546423
2019-07-06 14:51:00,-0.40049784540980227
2019-07-06 14:54:00,-0.38770683656633764
2019-07-06 14:57:00,-0.34402199363637465
2019-07-06 15:00:00,-0.35254612441826794
2019-07-06 15:03:00,-0.4332333362424947
2019-07-06 15:06:00,-0.41832228668732796
2019-07-06 15:09:00,-0.3905454721179922
2019-07-06 15:12:00,-0.3464066431081392
2019-07-06 15:15:00,-0.3824584586504898
2019-07-06 15:18:00,-0.39587028874962016
2019-07-06 15:21:00,-0.3710533482877736
2019-07-06 15:24:00,-0.4621273330352551
2019-07-06 15:27:00,-0.38267658023266904
2019-07-06 15:30:00,-0.3840033711174442
2019-07-06 15:33:00,-0.32627737321678296
2019-07-06 15:36:00,-0.425063467691416
2019-07-06 15:39:00,-0.37883532356892147
2019-07-06 15:42:00,-0.4169633759317435
2019-07-06 15:45:00,-0.374447154592076
2019-07-06 15:48:00,-0.42044562708838384
2019-07-06 15:51:00,-0.30735787605931364
2019-07-06 15:54:00,-0.44885931833260884
2019-07-06 15:57:00,-0.5146173268764755
2019-07-06 16:00:00,-0.45068557926879294
2019-07-06 16:03:00,-0.4121159443951683
2019-07-06 16:06:00,-0.47037084971702825
2019-07-06 16:09:00,-0.4111656795539034
2019-07-06 16:12:00,-0.3161258886991618
2019-07-06 16:15:00,-0.42839417760654896
2019-07-06 16:18:00,-0.47796860743420666
2019-07-06 16:21:00,-0.2819190135049894
2019-07-06 16:24:00,-0.46760773321159377
2019-07-06 16:27:00,-0.3716247956952543
2019-07-06 16:30:00,-0.36504166254917436
2019-07-06 16:33:00,-0.3580127452289048
2019-07-06 16:36:00,-0.3975695659891585
2019-07-06 16:39:00,-0.3715523346084524
2019-07-06 16:42:00,-0.3997796091896362
2019-07-06 16:45:00,-0.3625551616956386
2019-07-06 16:48:00,-0.41482049243455776
2019-07-06 16:51:00,-0.4118751832901353
2019-07-06 16:54:00,-0.40149395692236567
2019-07-06 16:57:00,-0.418092252564918
2019-07-06 17:00:00,-0.4982628639804716
2019-07-06 17:03:00,-0.4114206651869381
2019-07-06 17:06:00,-0.44521676014096556
2019-07-06 17:09:00,-0.3886115467867626
2019-07-06 17:12:00,-0.369921052218956
2019-07-06 17:15:00,-0.3966740344627624
2019-07-06 17:18:00,-0.4082495700029085
2019-07-06 17:21:00,-0.39162863215887
2019-07-06 17:24:00,-0.3641897425807201
2019-07-06 17:27:00,-0.37804289702120286
2019-07-06 17:30:00,-0.4324163711291362
2019-07-06 17:33:00,-0.292653308189756
2019-07-06 17:36:00,-0.3071933602236072
2019-07-06 17:39:00,-0.3776109831903227
2019-07-06 17:42:00,-0.2589490587666887
2019-07-06 17:45:00,-0.3366235635210728
2019-07-06 17:48:00,-0.39217805482928725
2019-07-06 17:51:00,-0.3617813105207688
2019-07-06 17:54:00,-0.3633037297217925
2019-07-06 17:57:00,-0.4057985844277141
2019-07-06 18:00:00,-0.313996561253191
2019-07-06 18:03:00,-0.30963832013100046
2019-07-06 18:06:00,-0.3819773950637
2019-07-06 18:09:00,-0.2694061558576095
2019-07-06 18:12:00,-0.21427016545533206
2019-07-06 18:15:00,-0.2701774803953185
2019-07-06 18:18:00,-0.2134566364912871
2019-07-06 18:21:00,-0.24714640281973743
2019-07-06 18:24:00,-0.20670780032099856
2019-07-06 18:27:00,-0.2587447392225499
2019-07-06 18:30:00,-0.23625316855907386
2019-07-06 18:33:00,-0.28365436965299295
2019-07-06 18:36:00,-0.2499081010878399
2019-07-06 18:39:00,-0.29587452447623264
2019-07-06 18:42:00,-0.2247548094531453
2019-07-06 18:45:00,-0.22778165281562224
2019-07-06 18:48:00,-0.27587631001694035
2019-07-06 18:51:00,-0.3193668694351004
2019-07-06 18:54:00,-0.2278119698156047
2019-07-06 18:57:00,-0.19582612900632057
2019-07-06 19:00:00,-0.22323413817190385
2019-07-06 19:03:00,-0.15069275632254175
2019-07-06 19:06:00,-0.13573268289741236
2019-07-06 19:09:00,-0.19238500130683178
2019-07-06 19:12:00,-0.17843909089685894
2019-07-06 19:15:00,-0.20050941013948886
2019-07-06 19:18:00,-0.21550378671543058
2019-07-06 19:21:00,-0.18538395998183432
2019-07-06 19:24:00,-0.19175127370880318
2019-07-06 19:27:00,-0.1264593147557207
2019-07-06 19:30:00,-0.13511406441512008
2019-07-06 19:33:00,-0.24143316180595775
2019-07-06 19:36:00,-0.1791966519653556
2019-07-06 19:39:00,-0.17675598898756562
2019-07-06 19:42:00,-0.1416358995066389
2019-07-06 19:45:00,-0.11560209097336838
2019-07-06 19:48:00,-0.16959260130045095
2019-07-06 19:51:00,-0.11632225388109418
2019-07-06 19:54:00,-0.0951376264680448
2019-07-06 19:57:00,-0.031948920313936924
2019-07-06 20:00:00,-0.10696189095943964
2019-07-06 20:03:00,-0.25847359170705886
2019-07-06 20:06:00,-0.05365910072487168
2019-07-06 20:09:00,-0.12972454063947225
2019-07-06 20:12:00,-0.04208208474597086
2019-07-06 20:15:00,0.006946725399245679
2019-07-06 20:18:00,-0.13259754080411312
2019-07-06 20:21:00,-0.004037578397060315
2019-07-06 20:24:00,-0.10633789659203785
2019-07-06 20:27:00,-0.10049335562564465
2019-07-06 20:30:00,-0.07831490074426029
2019-07-06 20:33:00,-0.07543060656223588
2019-07-06 20:36:00,0.020544467172442182
2019-07-06 20:39:00,-0.13701021193168117
2019-07-06 20:42:00,-0.042871250492396484
2019-07-06 20:45:00,-0.114736342666788
2019-07-06 20:48:00,-0.20146549976908545
2019-07-06 20:51:00,-0.14231563351467003
2019-07-06 20:54:00,-0.06433266094728651
2019-07-06 20:57:00,-0.16839928609641674
2019-07-06 21:00:00,-0.048874257698912515
2019-07-06 21:03:00,-0.09870116637375759
2019-07-06 21:06:00,-0.0596803511429016
2019-07-06 21:09:00,-0.06971173793419894
2019-07-06 21:12:00,-0.07950020809829539
2019-07-06 21:15:00,-0.05545314221666331
2019-07-06 21:18:00,-0.0061176976142292006
2019-07-06 21:21:00,-0.0780086160265796
2019-07-06 21:24:00,-0.17135486651244491
2019-07-06 21:27:00,-0.1219415003062636
2019-07-06 21:30:00,-0.06150118442144503
2019-07-06 21:33:00,-0.05448047583729476
2019-07-06 21:36:00,0.0007897837309656097
2019-07-06 21:39:00,-0.024175999528893044
2019-07-06 21:42:00,-0.02483390716423628
2019-07-06 21:45:00,-0.028773342166857674
2019-07-06 21:48:00,-0.09408902943988551
2019-07-06 21:51:00,-0.03399096186655015
2019-07-06 21:54:00,0.02809558974831816
2019-07-06 21:57:00,-0.08673909856332784
2019-07-06 22:00:00,-0.021256022395220953
2019-07-06 22:03:00,-0.09586980473920903
2019-07-06 22:06:00,-0.05595727512303483
2019-07-06 22:09:00,-0.08394863775043859
2019-07-06 22:12:00,-0.0029805664620425887
2019-07-06 22:15:00,-0.03269155150809411
2019-07-06 22:18:00,-0.023242974443860476
2019-07-06 22:21:00,0.004625176564957201
2019-07-06 22:24:00,-0.0016624686527961785
2019-07-06 22:27:00,-0.056890452861296126
2019-07-06 22:30:00,0.09335777433835801
2019-07-06 22:33:00,-0.02664494015357377
2019-07-06 22:36:00,0.055329020993326594
2019-07-06 22:39:00,0.013591669326729061
2019-07-06 22:42:00,0.08058573025135729
2019-07-06 22:45:00,-0.05745763627663791
2019-07-06 22:48:00,0.01950270379848007
2019-07-06 22:51:00,-0.04133837538898888
2019-07-06 22:54:00,0.019993236668142345
2019-07-06 22:57:00,0.059664601672182016
2019-07-06 23:00:00,0.08497668212186227
2019-07-06 23:03:00,0.025334905526733564
2019-07-06 23:06:00,0.15109960099562159
2019-07-06 23:09:00,0.07706952751510698
2019-07-06 23:12:00,0.09181231015293179
2019-07-06 23:15:00,0.12860296133436577
2019-07-06 23:18:00,0.1450901724790583
2019-07-06 23:21:00,0.03848252490416826
2019-07-06 23:24:00,0.08071202583681725
2019-07-06 23:27:00,0.1366978962805092
2019-07-06 23:30:00,0.11785549656337935
2019-07-06 23:33:00,-0.02999390854995454
2019-07-06 23:36:00,0.029812893619578062
2019-07-06 23:39:00,0.11446227900324857
2019-07-06 23:42:00,0.10784324407808299
2019-07-06 23:45:00,0.10877567783342101
2019-07-06 23:48:00,0.1366353036178225
2019-07-06 23:51:00,0.18989321574849782
2019-07-06 23:54:00,0.1553272556774914
2019-07-06 23:57:00,0.12292424428068216
2019-07-07 00:00:00,0.28598559533924117
2019-07-07 00:03:00,0.1302186908733347
2019-07-07 00:06:00,0.1975701330932793
2019-07-07 00:09:00,0.2529845082964357
2019-07-07 00:12:00,0.2939773176384506
2019-07-07 00:15:00,0.205759014323462
2019-07-07 00:18:00,0.0985867528329436
2019-07-07 00:21:00,0.09990553787690715
2019-07-07 00:24:00,0.09339514100184942
2019-07-07 00:27:00,0.05278414916216434
2019-07-07 00:30:00,0.1898569056070869
2019-07-07 00:33:00,0.20152656937398206
2019-07-07 00:36:00,0.19887403072272036
2019-07-07 00:39:00,0.15209067639239038
2019-07-07 00:42:00,0.3016401460164957
2019-07-07 00:45:00,0.13524566462189114
2019-07-07 00:48:00,0.1749379537935738
2019-07-07 00:51:00,0.14521741464500337
2019-07-07 00:54:00,0.15706679774626764
2019-07-07 00:57:00,0.10706358234574509
2019-07-07 01:00:00,0.19356891070344773
2019-07-07 01:03:00,0.25024736231574707
2019-07-07 01:06:00,0.22362698306682205
2019-07-07 01:09:00,0.09840781405171128
2019-07-07 01:12:00,0.25293952843753686
2019-07-07 01:15:00,0.21283625609589762
2019-07-07 01:18:00,0.1406122078794283
2019-07-07 01:21:00,0.19470869495438592
2019-07-07 01:24:00,0.2127308532084271
2019-07-07 01:27:00,0.23736423672107776
2019-07-07 01:30:00,0.2687459120094218
2019-07-07 01:33:00,0.3179469261629606
2019-07-07 01:36:00,0.24689129547095945
2019-07-07 01:39:00,0.26347537950874766
2019-07-07 01:42:00,0.18497909652569433
2019-07-07 01:45:00,0.32670256652926355
2019-07-07 01:48:00,0.3283155283011183
2019-07-07 01:51:00,0.3576950937161314
2019-07-07 01:54:00,0.30771936592424254
2019-07-07 01:57:00,0.2817681001994856
2019-07-07 02:00:00,0.3044397330124866
2019-07-07 02:03:00,0.3656907867341488
2019-07-07 02:06:00,0.31504294996511817
2019-07-07 02:09:00,0.36492346162242484
2019-07-07 02:12:00,0.2835064672012777
2019-07-07 02:15:00,0.39864835201245796
2019-07-07 02:18:00,0.41633024102083027
2019-07-07 02:21:00,0.4093747706895101
2019-07-07 02:24:00,0.42239383862238356
2019-07-07 02:27:00,0.37173008546267283
2019-07-07 02:30:00,0.4056473704841892
2019-07-07 02:33:00,0.40910879969112557
2019-07-07 02:36:00,0.46258154558262277
2019-07-07 02:39:00,0.436936739719215
2019-07-07 02:42:00,0.3484256631513176
2019-07-07 02:45:00,0.36112558368569125
2019-07-07 02:48:00,0.38066443443227627
2019-07-07 02:51:00,0.4138445867556584
2019-07-07 02:54:00,0.41605118448990197
2019-07-07 02:57:00,0.5297618413814007
2019-07-07 03:00:00,0.42182500458227423
2019-07-07 03:03:00,0.48950193103604533
2019-07-07 03:06:00,0.42406415641607964
2019-07-07 03:09:00,0.46935625780929513
2019-07-07 03:12:00,0.4229793169614027
2019-07-07 03:15:00,0.49237526629480044
2019-07-07 03:18:00,0.44723801035956967
2019-07-07 03:21:00,0.477135428870497
2019-07-07 03:24:00,0.5459448788629402
2019-07-07 03:27:00,0.47108097040631947
2019-07-07 03:30:00,0.524584469902095
2019-07-07 03:33:00,0.5224170832527761
2019-07-07 03:36:00,0.5510343554914812
2019-07-07 03:39:00,0.4805526688480768
2019-07-07 03:42:00,0.44826210457279103
2019-07-07 03:45:00,0.5424687357947846
2019-07-07 03:48:00,0.4664766743230757
2019-07-07 03:51:00,0.5038773263318035
2019-07-07 03:54:00,0.4788411076887087
2019-07-07 03:57:00,0.47360079684176526
2019-07-07 04:00:00,0.566858636550478
2019-07-07 04:03:00,0.5643984565455185
2019-07-07 04:06:00,0.480107573554335
2019-07-07 04:09:00,0.6130038776416882
2019-07-07 04:12:00,0.5029780277376972
2019-07-07 04:15:00,0.47426239033245565
2019-07-07 04:18:00,0.6028734187563032
2019-07-07 04:21:00,0.5186724462358825
2019-07-07 04:24:00,0.6134473954424493
2019-07-07 04:27:00,0.5640227634536359
2019-07-07 04:30:00,0.6221323797188347
2019-07-07 04:33:00,0.4221952438040262
2019-07-07 04:36:00,0.47417462487766215
2019-07-07 04:39:00,0.5936729462991934
2019-07-07 04:42:00,0.49863846018973845
2019-07-07 04:45:00,0.6198370803712123
2019-07-07 04:48:00,0.4913426812542525
2019-07-07 04:51:00,0.6301820185141196
2019-07-07 04:54:00,0.6207003143996417
2019-07-07 04:57:00,0.501608837200763
2019-07-07 05:00:00,0.5335151341029132
2019-07-07 05:03:00,0.6515128232858274
2019-07-07 05:06:00,0.5181196559352657
2019-07-07 05:09:00,0.6586619715890265
2019-07-07 05:12:00,0.6904223188116134
2019-07-07 05:15:00,0.5392143379522736
2019-07-07 05:18:00,0.576522462994717
2019-07-07 05:21:00,0.5672723498666983
2019-07-07 05:24:00,0.5363778528365515
2019-07-07 05:27:00,0.6356613518904624
2019-07-07 05:30:00,0.6445275624070632
2019-07-07 05:33:00,0.6986867163686838
2019-07-07 05:36:00,0.6152102223862244
2019-07-07 05:39:00,0.6141803346752681
2019-07-07 05:42:00,0.6299851051033443
2019-07-07 05:45:00,0.6680881083267423
2019-07-07 05:48:00,0.5670818346960118
2019-07-07 05:51:00,0.6461347066864391
2019-07-07 05:54:00,0.7631825939771488
2019-07-07 05:57:00,0.6040757594010415
2019-07-07 06:00:00,0.6222264441699394
2019-07-07 06:03:00,0.6503861450421482
2019-07-07 06:06:00,0.6764440346672131
2019-07-07 06:09:00,0.6561355119681025
2019-07-07 06:12:00,0.5868320249575163
2019-07-07 06:15:00,0.6592318034723803
2019-07-07 06:18:00,0.6568643775547685
2019-07-07 06:21:00,0.6076271822468584
2019-07-07 06:24:00,0.5341300003043443
2019-07-07 06:27:00,0.5473719778494797
2019-07-07 06:30:00,0.5887995690841308
2019-07-07 06:33:00,0.5992415503540087
2019-07-07 06:36:00,0.6543749814202329
2019-07-07 06:39:00,0.6211596134274373
2019-07-07 06:42:00,0.5802511838984401
2019-07-07 06:45:00,0.7364826506722579
2019-07-07 06:48:00,0.7532681528576859
2019-07-07 06:51:00,0.6340823640416033
2019-07-07 06:54:00,0.6280641115163803
2019-07-07 06:57:00,0.6318362437788778
2019-07-07 07:00:00,0.6924562805240839
2019-07-07 07:03:00,0.6149027117347146
2019-07-07 07:06:00,0.6051262988715962
2019-07-07 07:09:00,0.5819662243115999
2019-07-07 07:12:00,0.5085164102881663
2019-07-07 07:15:00,0.5403873269762585
2019-07-07 07:18:00,0.6194191436802043
2019-07-07 07:21:00,0.6076314399447256
2019-07-07 07:24:00,0.5939379621868852
2019-07-07 07:27:00,0.5539637464334533
2019-07-07 07:30:00,0.5057732300459179
2019-07-07 07:33:00,0.5913149228401835
2019-07-07 07:36:00,0.5761585058136802
2019-07-07 07:39:00,0.5690230304700208
2019-07-07 07:42:00,0.4669374416931191
2019-07-07 07:45:00,0.5549988713573839
2019-07-07 07:48:00,0.5315084162485277
2019-07-07 07:51:00,0.5566890555784312
2019-07-07 07:54:00,0.5799965903557904
2019-07-07 07:57:00,0.47400972112956197
2019-07-07 08:00:00,0.5247143658681352
2019-07-07 08:03:00,0.5673059532238653
2019-07-07 08:06:00,0.5838934923061174
2019-07-07 08:09:00,0.5140288030265197
2019-07-07 08:12:00,0.5535425589320653
2019-07-07 08:15:00,0.36417936171170595
2019-07-07 08:18:00,0.5091579433961329
2019-07-07 08:21:00,0.4648280231000399
2019-07-07 08:24:00,0.49462822218634983
2019-07-07 08:27:00,0.37762299512263553
2019-07-07 08:30:00,0.4306500561556845
2019-07-07 08:33:00,0.38465907328850335
2019-07-07 08:36:00,0.42839193142964405
2019-07-07 08:39:00,0.34309733921764973
2019-07-07 08:42:00,0.34664753892138833
2019-07-07 08:45:00,0.2953334512689594
2019-07-07 08:48:00,0.22674664758858398
2019-07-07 08:51:00,0.20060926517538746
2019-07-07 08:54:00,0.2592558273248642
2019-07-07 08:57:00,0.356954893067325
2019-07-07 09:00:00,0.2393692740220672
2019-07-07 09:03:00,0.2811582211991208
2019-07-07 09:06:00,0.25269151372202714
2019-07-07 09:09:00,0.3112177768338711
2019-07-07 09:12:00,0.24530782261933837
2019-07-07 09:15:00,0.13241033090258725
2019-07-07 09:18:00,0.16739642744749972
2019-07-07 09:21:00,0.06090999643510031
2019-07-07 09:24:00,0.10730180189005978
2019-07-07 09:27:00,0.15668852318503923
2019-07-07 09:30:00,0.043482774302049165
2019-07-07 09:33:00,0.00533624777381192
2019-07-07 09:36:00,0.08018760744914744
2019-07-07 09:39:00,0.01963818348923496
2019-07-07 09:42:00,-0.17513915469129415
2019-07-07 09:45:00,-0.09926034497931369
2019-07-07 09:48:00,-0.15040722596125988
2019-07-07 09:51:00,-0.08366842632813132
2019-07-07 09:54:00,-0.16867211043194175
2019-07-07 09:57:00,-0.2667315423510672
2019-07-07 10:00:00,-0.23827852154238371
2019-07-07 10:03:00,-0.27766174915046804
2019-07-07 10:06:00,-0.3115786574757067
2019-07-07 10:09:00,-0.3011041752080814
2019-07-07 10:12:00,-0.3715673122970884
2019-07-07 10:15:00,-0.23762178761802488
2019-07-07 10:18:00,-0.30457922810796845
2019-07-07 10:21:00,-0.285733530628022
2019-07-07 10:24:00,-0.3518853749076243
2019-07-07 10:27:00,-0.3036414064972064
2019-07-07 10:30:00,-0.3364262813315122
2019-07-07 10:33:00,-0.4145861016298227
2019-07-07 10:36:00,-0.38370380908708057
2019-07-07 10:39:00,-0.32421244414649664
2019-07-07 10:42:00,-0.35235610424143715
2019-07-07 10:45:00,-0.4282859029981978
2019-07-07 10:48:00,-0.3984186463137007
2019-07-07 10:51:00,-0.3267186778876976
2019-07-07 10:54:00,-0.4940664743605794
2019-07-07 10:57:00,-0.36013878864611115
2019-07-07 11:00:00,-0.35939064321519254
2019-07-07 11:03:00,-0.28708001920244897
2019-07-07 11:06:00,-0.2990264068228612
2019-07-07 11:09:00,-0.3773560936122067
2019-07-07 11:12:00,-0.34624538208981903
2019-07-07 11:15:00,-0.461339454848428
2019-07-07 11:18:00,-0.36238741395430907
2019-07-07 11:21:00,-0.31757815698733793
2019-07-07 11:24:00,-0.4361977979520475
2019-07-07 11:27:00,-0.4285651777398698
2019-07-07 11:30:00,-0.3706165258233227
2019-07-07 11:33:00,-0.32537809213908986
2019-07-07 11:36:00,-0.3199106741100195
2019-07-07 11:39:00,-0.3637222673293081
2019-07-07 11:42:00,-0.3395812209718656
2019-07-07 11:45:00,-0.31192345577204605
2019-07-07 11:48:00,-0.24265601807883286
2019-07-07 11:51:00,-0.449578599067479
2019-07-07 11:54:00,-0.44302550623586967
2019-07-07 11:57:00,-0.4902555767832837
2019-07-07 12:00:00,-0.31203416855890964
2019-07-07 12:03:00,-0.23292683228089572
2019-07-07 12:06:00,-0.3790605080680507
2019-07-07 12:09:00,-0.4831845340943346
2019-07-07 12:12:00,-0.45749217449309754
2019-07-07 12:15:00,-0.4036054762116805
2019-07-07 12:18:00,-0.4981421725244104
2019-07-07 12:21:00,-0.38368865483005266
2019-07-07 12:24:00,-0.36961453210449235
2019-07-07 12:27:00,-0.3096655634115564
2019-07-07 12:30:00,-0.4197995826392571
2019-07-07 12:33:00,-0.44145134696543664
2019-07-07 12:36:00,-0.4677420258979623
2019-07-07 12:39:00,-0.4657742001738825
2019-07-07 12:42:00,-0.41415735984929825
2019-07-07 12:45:00,-0.3568719908542448
2019-07-07 12:48:00,-0.328292410375127
2019-07-07 12:51:00,-0.461538150550723
2019-07-07 12:54:00,-0.40571964053492593
2019-07-07 12:57:00,-0.3196692598367008
2019-07-07 13:00:00,-0.3979780340300181
2019-07-07 13:03:00,-0.436974668198161
2019-07-07 13:06:00,-0.4162635037507698
2019-07-07 13:09:00,-0.3953332034992627
2019-07-07 13:12:00,-0.37008907326634244
2019-07-07 13:15:00,-0.3381459434362455
2019-07-07 13:18:00,-0.1159004774461323
2019-07-07 13:21:00,-0.2314828223017571
2019-07-07 13:24:00,-0.3307397799972023
2019-07-07 13:27:00,-0.4302425346984933
2019-07-07 13:30:00,-0.5665416281659077
2019-07-07 13:33:00,-0.3775018768993732
2019-07-07 13:36:00,-0.45710300154308925
2019-07-07 13:39:00,-0.46622874497700195
2019-07-07 13:42:00,-0.4883687194425761
2019-07-07 13:45:00,-0.46772115304958106
2019-07-07 13:48:00,-0.457011657072826
2019-07-07 13:51:00,-0.3234129234649572
2019-07-07 13:54:00,-0.39074254428601307
2019-07-07 13:57:00,-0.5709478888534818
2019-07-07 14:00:00,-0.3419962763904323
2019-07-07 14:03:00,-0.4900398365381875
2019-07-07 14:06:00,-0.611439239073718
2019-07-07 14:09:00,-0.41548740102149395
2019-07-07 14:12:00,-0.33454772505859864
2019-07-07 14:15:00,-0.27392771618076495
2019-07-07 14:18:00,-0.28422497783844847
2019-07-07 14:21:00,-0.3447052153539971
2019-07-07 14:24:00,-0.48164272518141615
2019-07-07 14:27:00,-0.5514554024893528
2019-07-07 14:30:00,-0.3324846189156574
2019-07-07 14:33:00,-0.4921018828780461
2019-07-07 14:36:00,-0.519411098558237
2019-07-07 14:39:00,-0.5039306377991011
2019-07-07 14:42:00,-0.5065109055286712
2019-07-07 14:45:00,-0.3115731693476391
2019-07-07 14:48:00,-0.43803151094510895
2019-07-07 14:51:00,-0.37744390284109386
2019-07-07 14:54:00,-0.5457851514622689
2019-07-07 14:57:00,-0.4637094723653945
2019-07-07 15:00:00,-0.4570632644461057
2019-07-07 15:03:00,-0.2980079297018392
2019-07-07 15:06:00,-0.2745802191007556
2019-07-07 15:09:00,-0.1379243921867328
2019-07-07 15:12:00,-0.37450423169855185
2019-07-07 15:15:00,-0.4120468781771365
2019-07-07 15:18:00,-0.5382557202413523
2019-07-07 15:21:00,-0.48325352722719117
2019-07-07 15:24:00,-0.4641001860459255
2019-07-07 15:27:00,-0.34087254394273714
2019-07-07 15:30:00,-0.545011118557909
2019-07-07 15:33:00,-0.32779699097324055
2019-07-07 15:36:00,-0.36149146250187414
2019-07-07 15:39:00,-0.3561767120119157
2019-07-07 15:42:00,-0.3753643511342375
2019-07-07 15:45:00,-0.29971804790977785
2019-07-07 15:48:00,-0.359910155887178
2019-07-07 15:51:00,-0.28685561328694575
2019-07-07 15:54:00,-0.43693700796416124
2019-07-07 15:57:00,-0.3320619497968096
2019-07-07 16:00:00,-0.40967564550908264
2019-07-07 16:03:00,-0.4281548478623449
2019-07-07 16:06:00,-0.4819066532023726
2019-07-07 16:09:00,-0.4978995337499441
2019-07-07 16:12:00,-0.6033554611919385
2019-07-07 16:15:00,-0.47325697751318785
2019-07-07 16:18:00,-0.5380696979256072
2019-07-07 16:21:00,-0.518580709783123
2019-07-07 16:24:00,-0.5165330359566838
2019-07-07 16:27:00,-0.5592423421762192
2019-07-07 16:30:00,-0.5248733593651878
2019-07-07 16:33:00,-0.4716846854571486
2019-07-07 16:36:00,-0.5344033450379584
2019-07-07 16:39:00,-0.543180060191105
2019-07-07 16:42:00,-0.49622880233164324
2019-07-07 16:45:00,-0.638498461343147
2019-07-07 16:48:00,-0.5509618778453955
2019-07-07 16:51:00,-0.556743732952441
2019-07-07 16:54:00,-0.5673732979781789
2019-07-07 16:57:00,-0.4764033445431437
2019-07-07 17:00:00,-0.5279237455419548
2019-07-07 17:03:00,-0.44275211568157147
2019-07-07 17:06:00,-0.5476208775868372
2019-07-07 17:09:00,-0.45097406047597133
2019-07-07 17:12:00,-0.43259254734226715
2019-07-07 17:15:00,-0.375751447422374
2019-07-07 17:18:00,-0.5815980262573248
2019-07-07 17:21:00,-0.45569982456134994
2019-07-07 17:24:00,-0.5010436451196938
2019-07-07 17:27:00,-0.47705860208867534
2019-07-07 17:30:00,-0.4102410399243581
2019-07-07 17:33:00,-0.3877118126011396
2019-07-07 17:36:00,-0.37077514143396684
2019-07-07 17:39:00,-0.45761975282084677
2019-07-07 17:42:00,-0.43847982425683085
2019-07-07 17:45:00,-0.5246882595232591
2019-07-07 17:48:00,-0.41627814999969814
2019-07-07 17:51:00,-0.4315945014502063
2019-07-07 17:54:00,-0.5040499119914443
2019-07-07 17:57:00,-0.529356502765836
2019-07-07 18:00:00,-0.4311135295802728
2019-07-07 18:03:00,-0.39502452057524806
2019-07-07 18:06:00,-0.451234991322508
2019-07-07 18:09:00,-0.4773354468508728
2019-07-07 18:12:00,-0.4495905226615946
2019-07-07 18:15:00,-0.4078245832378684
2019-07-07 18:18:00,-0.5203630911205437
2019-07-07 18:21:00,-0.45127045827928214
2019-07-07 18:24:00,-0.440020876835149
2019-07-07 18:27:00,-0.39780534775121623
2019-07-07 18:30:00,-0.4215354723694418
2019-07-07 18:33:00,-0.4032999423615138
2019-07-07 18:36:00,-0.4003822701580475
2019-07-07 18:39:00,-0.36260000588072216
2019-07-07 18:42:00,-0.28183572246138056
2019-07-07 18:45:00,-0.23649540040617012
2019-07-07 18:48:00,-0.34061359964300664
2019-07-07 18:51:00,-0.2354403017425284
2019-07-07 18:54:00,-0.4352348724951298
2019-07-07 18:57:00,-0.4587833374396837
2019-07-07 19:00:00,-0.38933927239696686
2019-07-07 19:03:00,-0.42230870577071755
2019-07-07 19:06:00,-0.39340476479861763
2019-07-07 19:09:00,-0.32963443875695475
2019-07-07 19:12:00,-0.27718725472635697
2019-07-07 19:15:00,-0.2670665684303799
2019-07-07 19:18:00,-0.24609224963603538
2019-07-07 19:21:00,-0.22410974505663717
2019-07-07 19:24:00,-0.3284276080615314
2019-07-07 19:27:00,-0.2758301037141564
2019-07-07 19:30:00,-0.2137247260981212
2019-07-07 19:33:00,-0.18677348310819752
2019-07-07 19:36:00,-0.2699434791611566
2019-07-07 19:39:00,-0.16569587529988894
2019-07-07 19:42:00,-0.18975974158649933
2019-07-07 19:45:00,-0.13000207752185133
2019-07-07 19:48:00,-0.13025852229981183
2019-07-07 19:51:00,-0.10528588237264103
2019-07-07 19:54:00,-0.054961243920331526
2019-07-07 19:57:00,-0.18676769252999748
2019-07-07 20:00:00,-0.13107057165615288
2019-07-07 20:03:00,-0.14927562086489843
2019-07-07 20:06:00,-0.13643657219012084
2019-07-07 20:09:00,-0.07897690039811778
2019-07-07 20:12:00,-0.14098000829073953
2019-07-07 20:15:00,-0.28789252884195093
2019-07-07 20:18:00,-0.06469392322378553
2019-07-07 20:21:00,-0.1184367180358663
2019-07-07 20:24:00,-0.17955372793574043
2019-07-07 20:27:00,-0.10609464431939841
2019-07-07 20:30:00,-0.1473956523581137
2019-07-07 20:33:00,-0.04025986401421733
2019-07-07 20:36:00,-0.1741077800389803
2019-07-07 20:39:00,-0.054807931238428864
2019-07-07 20:42:00,-0.14857034652408174
2019-07-07 20:45:00,-0.19404024309864099
2019-07-07 20:48:00,-0.14816534541773763
2019-07-07 20:51:00,-0.03464981692894753
2019-07-07 20:54:00,-0.04811326919809744
2019-07-07 20:57:00,0.046725750989253356
2019-07-07 21:00:00,-0.04900804139305137
2019-07-07 21:03:00,-0.09645784375567246
2019-07-07 21:06:00,-0.11661956182950917
2019-07-07 21:09:00,0.056055937483449725
2019-07-07 21:12:00,-0.05583288631157757
2019-07-07 21:15:00,-0.0304044943644044
2019-07-07 21:18:00,-0.08785387231796449
2019-07-07 21:21:00,-0.03232083731018065
2019-07-07 21:24:00,-0.030244110248872857
2019-07-07 21:27:00,0.0006899792758190415
2019-07-07 21:30:00,-0.01706423427339132
2019-07-07 21:33:00,0.019379836717519083
2019-07-07 21:36:00,-0.03977204354976038
2019-07-07 21:39:00,0.06687036872688168
2019-07-07 21:42:00,0.03978542429530307
2019-07-07 21:45:00,-0.0700189756099121
2019-07-07 21:48:00,-0.11034235514938473
2019-07-07 21:51:00,0.021516003643057502
2019-07-07 21:54:00,0.03333548540695119
2019-07-07 21:57:00,-0.1194559831237143
2019-07-07 22:00:00,-0.10093904252249786
2019-07-07 22:03:00,0.016073897317482988
2019-07-07 22:06:00,-0.06507282519208957
2019-07-07 22:09:00,-0.08075421360405244
2019-07-07 22:12:00,-0.062193998536315576
2019-07-07 22:15:00,-0.07047480997215416
2019-07-07 22:18:00,-0.11628483373533527
2019-07-07 22:21:00,0.07454186045237066
2019-07-07 22:24:00,0.018968818773487328
2019-07-07 22:27:00,0.05131816916639309
2019-07-07 22:30:00,-0.06751132023896389
2019-07-07 22:33:00,-0.016954844836277516
2019-07-07 22:36:00,0.006380973377076771
2019-07-07 22:39:00,-0.07430989212360828
2019-07-07 22:42:00,-0.15400551423698516
2019-07-07 22:45:00,-0.03515617254527115
2019-07-07 22:48:00,-0.023515002140982233
2019-07-07 22:51:00,-0.027325955205810715
2019-07-07 22:54:00,0.014052318046594792
2019-07-07 22:57:00,-0.07700989723491602
2019-07-07 23:00:00,-0.09717219676514333
2019-07-07 23:03:00,-0.03421245432480191
2019-07-07 23:06:00,-0.13529300616642104
2019-07-07 23:09:00,-0.15910238462817006
2019-07-07 23:12:00,-0.17559191967677634
2019-07-07 23:15:00,-0.13163514770008078
2019-07-07 23:18:00,-0.11657298787127957
2019-07-07 23:21:00,-0.13765886641516545
2019-07-07 23:24:00,-0.15534201259123392
2019-07-07 23:27:00,-0.12683121595904367
2019-07-07 23:30:00,-0.025448840415549512
2019-07-07 23:33:00,-0.09870473340436092
2019-07-07 23:36:00,0.08068128774965544
2019-07-07 23:39:00,0.04887506923404317
2019-07-07 23:42:00,-0.07128033372384834
2019-07-07 23:45:00,-0.0478673708926749
2019-07-07 23:48:00,-0.008305022922456828
2019-07-07 23:51:00,-0.1005322193798861
2019-07-07 23:54:00,-0.09751787888956187
2019-07-07 23:57:00,0.002978419817225131
2019-07-08 00:00:00,-0.11582727224612199
2019-07-08 00:03:00,-0.0418837649561965
2019-07-08 00:06:00,-0.05038089836079962
2019-07-08 00:09:00,-0.10700447019013382
2019-07-08 00:12:00,-0.03227280704726354
2019-07-08 00:15:00,-0.0484743008378814
2019-07-08 00:18:00,-0.029088482275710703
2019-07-08 00:21:00,-0.12659844630496764
2019-07-08 00:24:00,-0.056973162891893026
2019-07-08 00:27:00,-0.148898660770044
2019-07-08 00:30:00,-0.03779462168830605
2019-07-08 00:33:00,-0.11502391721563754
2019-07-08 00:36:00,-0.10739283349550988
2019-07-08 00:39:00,-0.13795421699251165
2019-07-08 00:42:00,-0.07769240661195909
2019-07-08 00:45:00,-0.06560605184341739
2019-07-08 00:48:00,-0.0019135544030177698
2019-07-08 00:51:00,-0.008801108520060552
2019-07-08 00:54:00,-0.06684517067031948
2019-07-08 00:57:00,0.031000681019406784
2019-07-08 01:00:00,-0.06008946003919391
2019-07-08 01:03:00,-0.10868148671903555
2019-07-08 01:06:00,-0.05543999254564369
2019-07-08 01:09:00,-0.005884610112047994
2019-07-08 01:12:00,-0.048329609835207066
2019-07-08 01:15:00,-0.028619906130643358
2019-07-08 01:18:00,-0.039870158672329126
2019-07-08 01:21:00,-0.0941093351761424
2019-07-08 01:24:00,-0.06856015519849734
2019-07-08 01:27:00,-0.18547704046147828
2019-07-08 01:30:00,-0.11749932272510932
2019-07-08 01:33:00,-0.04739922334954372
2019-07-08 01:36:00,-0.07846481610499723
2019-07-08 01:39:00,-0.01846720197755758
2019-07-08 01:42:00,-0.052617783346818214
2019-07-08 01:45:00,-0.11421079090359854
2019-07-08 01:48:00,-0.03966837820985347
2019-07-08 01:51:00,-0.06639794986341485
2019-07-08 01:54:00,0.018123884214787722
2019-07-08 01:57:00,0.04766547853677139
2019-07-08 02:00:00,0.0023676331198316802
2019-07-08 02:03:00,-0.0313829278085791
2019-07-08 02:06:00,-0.024614272458222786
2019-07-08 02:09:00,0.10864113310873336
2019-07-08 02:12:00,0.07744627526511749
2019-07-08 02:15:00,0.11667226676661357
2019-07-08 02:18:00,0.04523736014698443
2019-07-08 02:21:00,-0.04492594247466286
2019-07-08 02:24:00,0.03997099205258792
2019-07-08 02:27:00,0.01989043827580872
2019-07-08 02:30:00,0.05624314408646569
2019-07-08 02:33:00,0.024661733607047154
2019-07-08 02:36:00,0.004994957041333237
2019-07-08 02:39:00,0.012937429979501758
2019-07-08 02:42:00,-0.015933609700937268
2019-07-08 02:45:00,-0.03991309383104635
2019-07-08 02:48:00,0.006780191358927823
2019-07-08 02:51:00,-0.018511156448028032
2019-07-08 02:54:00,-0.039410859811482624
2019-07-08 02:57:00,0.08840323367525116
2019-07-08 03:00:00,0.006129322569108808
2019-07-08 03:03:00,0.09484106543845883
2019-07-08 03:06:00,-0.017620184547638473
2019-07-08 03:09:00,-0.000626510654399226
2019-07-08 03:12:00,-0.029499269316772825
2019-07-08 03:15:00,-0.04342543698794543
2019-07-08 03:18:00,-0.008369445627238292
2019-07-08 03:21:00,-0.08495602755135678
2019-07-08 03:24:00,0.03034384687543934
2019-07-08 03:27:00,-0.019910246247718533
2019-07-08 03:30:00,-0.07541375809097417
2019-07-08 03:33:00,-0.11135454116566734
2019-07-08 03:36:00,-0.03116033121204964
2019-07-08 03:39:00,0.009195904258490373
2019-07-08 03:42:00,0.04610551321826506
2019-07-08 03:45:00,0.034718829813982666
2019-07-08 03:48:00,-0.05111797080257929
2019-07-08 03:51:00,-0.05469514557574939
2019-07-08 03:54:00,-0.09020776795165375
2019-07-08 03:57:00,-0.08100895074767323
2019-07-08 04:00:00,-0.055364625125776
2019-07-08 04:03:00,-0.03933255477846842
2019-07-08 04:06:00,0.0660222000570343
2019-07-08 04:09:00,0.04584447424525706
2019-07-08 04:12:00,-0.0022054091600693937
2019-07-08 04:15:00,0.009945484082834355
2019-07-08 04:18:00,0.07377511387295499
2019-07-08 04:21:00,0.04022217095206315
2019-07-08 04:24:00,-0.014193564549941584
2019-07-08 04:27:00,0.003989639510962206
2019-07-08 04:30:00,0.09936133592026408
2019-07-08 04:33:00,0.13502156307515634
2019-07-08 04:36:00,0.037640503920954416
2019-07-08 04:39:00,0.04553013176467857
2019-07-08 04:42:00,-0.11491531073562555
2019-07-08 04:45:00,0.09975133026125604
2019-07-08 04:48:00,0.02215003946412253
2019-07-08 04:51:00,0.06104426350788117
2019-07-08 04:54:00,0.03720171430745722
2019-07-08 04:57:00,0.0051654130267593246
2019-07-08 05:00:00,-0.002734938545700061
2019-07-08 05:03:00,0.08146212681555198
2019-07-08 05:06:00,0.07239637075980454
2019-07-08 05:09:00,0.12723100137435495
2019-07-08 05:12:00,0.07830677583757506
2019-07-08 05:15:00,0.051396737228913025
2019-07-08 05:18:00,0.08066606026824275
2019-07-08 05:21:00,0.12605359081430834
2019-07-08 05:24:00,0.1042925363515792
2019-07-08 05:27:00,0.16588505461953673
2019-07-08 05:30:00,0.13707961777288347
2019-07-08 05:33:00,0.13037423653901214
2019-07-08 05:36:00,0.1523495224886915
2019-07-08 05:39:00,0.13652660736823918
2019-07-08 05:42:00,0.11031701251590675
2019-07-08 05:45:00,0.09870522324291642
2019-07-08 05:48:00,0.10919307321495353
2019-07-08 05:51:00,0.2058658958559363
2019-07-08 05:54:00,0.1829618120749501
2019-07-08 05:57:00,0.26447098681848047
2019-07-08 06:00:00,0.19622801916517574
2019-07-08 06:03:00,0.2590360440649988
2019-07-08 06:06:00,0.18743129994703622
2019-07-08 06:09:00,0.27811592919994155
2019-07-08 06:12:00,0.1682166333369537
2019-07-08 06:15:00,0.22701798595102218
2019-07-08 06:18:00,0.2865594156978091
2019-07-08 06:21:00,0.27443786428813155
2019-07-08 06:24:00,0.18517302483121512
2019-07-08 06:27:00,0.3064867845044432
2019-07-08 06:30:00,0.18071235188881474
2019-07-08 06:33:00,0.2731147044217437
2019-07-08 06:36:00,0.27359566955919945
2019-07-08 06:39:00,0.25631430837159996
2019-07-08 06:42:00,0.36184677676220645
2019-07-08 06:45:00,0.22086647329393827
2019-07-08 06:48:00,0.3053738777792887
2019-07-08 06:51:00,0.22876877534014284
2019-07-08 06:54:00,0.19978601146186747
2019-07-08 06:57:00,0.28424130906512346
2019-07-08 07:00:00,0.3604046990627694
2019-07-08 07:03:00,0.20120011009373684
2019-07-08 07:06:00,0.2929774770926201
2019-07-08 07:09:00,0.2896877280713852
2019-07-08 07:12:00,0.2691113599414052
2019-07-08 07:15:00,0.2741807039208197
2019-07-08 07:18:00,0.3319684767299691
2019-07-08 07:21:00,0.26937469327310737
2019-07-08 07:24:00,0.19157325907860923
2019-07-08 07:27:00,0.18541867570883142
2019-07-08 07:30:00,0.23577055912636524
2019-07-08 07:33:00,0.27001875096857475
2019-07-08 07:36:00,0.2177132991637336
2019-07-08 07:39:00,0.2663848227334711
2019-07-08 07:42:00,0.22018572491873556
2019-07-08 07:45:00,0.19852173824028796
2019-07-08 07:48:00,0.2216669088751928
2019-07-08 07:51:00,0.2539171837850631
2019-07-08 07:54:00,0.15107726598711224
2019-07-08 07:57:00,0.19537330750330284
2019-07-08 08:00:00,0.26019212531736
2019-07-08 08:03:00,0.1759961783155859
2019-07-08 08:06:00,0.19533401052973431
2019-07-08 08:09:00,0.24305866091600592
2019-07-08 08:12:00,0.2548167275538731
2019-07-08 08:15:00,0.17866434319836344
2019-07-08 08:18:00,0.2969572973537993
2019-07-08 08:21:00,0.16963145625169318
2019-07-08 08:24:00,0.2065136015777398
2019-07-08 08:27:00,0.151809362485551
2019-07-08 08:30:00,0.12167946282204412
2019-07-08 08:33:00,0.10261522546500146
2019-07-08 08:36:00,0.197126428251579
2019-07-08 08:39:00,0.19889104634768273
2019-07-08 08:42:00,0.16316432521398383
2019-07-08 08:45:00,0.1659644196859631
2019-07-08 08:48:00,0.061767911731067215
2019-07-08 08:51:00,0.12273829019790128
2019-07-08 08:54:00,0.14007363407239382
2019-07-08 08:57:00,0.09949450060969411
2019-07-08 09:00:00,0.1500004760185334
2019-07-08 09:03:00,0.19340581601881013
2019-07-08 09:06:00,0.19858167855346665
2019-07-08 09:09:00,0.13007411491298626
2019-07-08 09:12:00,0.004823261960723357
2019-07-08 09:15:00,0.11349334421379353
2019-07-08 09:18:00,0.08629282080499934
2019-07-08 09:21:00,0.03928220610816879
2019-07-08 09:24:00,0.06213318470440754
2019-07-08 09:27:00,0.11338863126150045
2019-07-08 09:30:00,0.10513519719290798
2019-07-08 09:33:00,0.11898373445956167
2019-07-08 09:36:00,0.06196798763596689
2019-07-08 09:39:00,0.04316697124312441
2019-07-08 09:42:00,0.05459667813948954
2019-07-08 09:45:00,0.023791142303707602
2019-07-08 09:48:00,-0.01323940296077808
2019-07-08 09:51:00,-0.08865003881351186
2019-07-08 09:54:00,-0.023234888332297032
2019-07-08 09:57:00,-0.12900516924594285
2019-07-08 10:00:00,-0.14600199692148408
2019-07-08 10:03:00,-0.20162763745184975
2019-07-08 10:06:00,-0.06887212053095482
2019-07-08 10:09:00,-0.15139400012623128
2019-07-08 10:12:00,-0.16163639039024247
2019-07-08 10:15:00,-0.012904269651301092
2019-07-08 10:18:00,-0.16874043422279783
2019-07-08 10:21:00,-0.09378940465427377
2019-07-08 10:24:00,-0.1433725758224682
2019-07-08 10:27:00,-0.11889845226369289
2019-07-08 10:30:00,-0.18187414747222874
2019-07-08 10:33:00,-0.1465123651097997
2019-07-08 10:36:00,-0.2002833067916754
2019-07-08 10:39:00,-0.2331305040308962
2019-07-08 10:42:00,-0.21512940656350565
2019-07-08 10:45:00,-0.15617353339990814
2019-07-08 10:48:00,-0.3054249646023095
2019-07-08 10:51:00,-0.2783411917688454
2019-07-08 10:54:00,-0.27615808752517523
2019-07-08 10:57:00,-0.23940607557619842
2019-07-08 11:00:00,-0.1777603858831185
2019-07-08 11:03:00,-0.25402995377908155
2019-07-08 11:06:00,-0.2943293078380407
2019-07-08 11:09:00,-0.2110576145778964
2019-07-08 11:12:00,-0.33907284961662754
2019-07-08 11:15:00,-0.3332490053290371
2019-07-08 11:18:00,-0.37530980678729975
2019-07-08 11:21:00,-0.27566910264175704
2019-07-08 11:24:00,-0.36879229289530713
2019-07-08 11:27:00,-0.2985717536668062
2019-07-08 11:30:00,-0.24651430036038846
2019-07-08 11:33:00,-0.25759763355193854
2019-07-08 11:36:00,-0.29836256503278946
2019-07-08 11:39:00,-0.29380528422530006
2019-07-08 11:42:00,-0.36675840312216224
2019-07-08 11:45:00,-0.30187843431326655
2019-07-08 11:48:00,-0.36106817929578483
2019-07-08 11:51:00,-0.42297931818507095
2019-07-08 11:54:00,-0.3832340532926537
2019-07-08 11:57:00,-0.4398111444862707
2019-07-08 12:00:00,-0.38233835993179355
2019-07-08 12:03:00,-0.3895637564356207
2019-07-08 12:06:00,-0.40585577035346887
2019-07-08 12:09:00,-0.4828273257038518
2019-07-08 12:12:00,-0.3156852296240231
2019-07-08 12:15:00,-0.2855349830024352
2019-07-08 12:18:00,-0.3805572521825411
2019-07-08 12:21:00,-0.3832649902147409
2019-07-08 12:24:00,-0.3295678045087129
2019-07-08 12:27:00,-0.33278086553536923
2019-07-08 12:30:00,-0.4606742186923043
2019-07-08 12:33:00,-0.45566348578034876
2019-07-08 12:36:00,-0.31353368094539746
2019-07-08 12:39:00,-0.3287830855750258
2019-07-08 12:42:00,-0.3466530648507842
2019-07-08 12:45:00,-0.5021365708578855
2019-07-08 12:48:00,-0.3835278180027899
2019-07-08 12:51:00,-0.4406964082249374
2019-07-08 12:54:00,-0.3267265190364128
2019-07-08 12:57:00,-0.45806617114749315
2019-07-08 13:00:00,-0.4023068131518812
2019-07-08 13:03:00,-0.2981212974760865
2019-07-08 13:06:00,-0.3923611286825235
2019-07-08 13:09:00,-0.512931115399283
2019-07-08 13:12:00,-0.379657943181428
2019-07-08 13:15:00,-0.5177210996567396
2019-07-08 13:18:00,-0.4010911718307284
2019-07-08 13:21:00,-0.39989923247310344
2019-07-08 13:24:00,-0.3159477311942851
2019-07-08 13:27:00,-0.4377152011922476
2019-07-08 13:30:00,-0.48326971094758164
2019-07-08 13:33:00,-0.47725259814376386
2019-07-08 13:36:00,-0.5733714786085784
2019-07-08 13:39:00,-0.4890813594419683
2019-07-08 13:42:00,-0.4938708851660749
2019-07-08 13:45:00,-0.47306187852757375
2019-07-08 13:48:00,-0.41372235610595
2019-07-08 13:51:00,-0.409555095595465
2019-07-08 13:54:00,-0.5597186797098743
2019-07-08 13:57:00,-0.59221951089512
2019-07-08 14:00:00,-0.5494290493245444
2019-07-08 14:03:00,-0.4807904259840825
2019-07-08 14:06:00,-0.3430474318383858
2019-07-08 14:09:00,-0.4244367098006592
2019-07-08 14:12:00,-0.5889537617142651
2019-07-08 14:15:00,-0.5806230018420138
2019-07-08 14:18:00,-0.5001217396199422
2019-07-08 14:21:00,-0.5222603739986766
2019-07-08 14:24:00,-0.3777884818168218
2019-07-08 14:27:00,-0.4060884453302833
2019-07-08 14:30:00,-0.5449641994829904
2019-07-08 14:33:00,-0.3722088367893548
2019-07-08 14:36:00,-0.1670670102209897
2019-07-08 14:39:00,-0.2110653032802361
2019-07-08 14:42:00,-0.33541576809329854
2019-07-08 14:45:00,-0.4399464830267448
2019-07-08 14:48:00,-0.42087050010241
2019-07-08 14:51:00,-0.4726064152375784
2019-07-08 14:54:00,-0.1893665901752115
2019-07-08 14:57:00,-0.22729349111324382
2019-07-08 15:00:00,-0.05891563963109547
2019-07-08 15:03:00,-0.024806456761950813
2019-07-08 15:06:00,-0.0020297375749009916
2019-07-08 15:09:00,0.06120556204461991
2019-07-08 15:12:00,0.02658908576114527
2019-07-08 15:15:00,-0.19912234860589706
2019-07-08 15:18:00,0.031788618833274995
2019-07-08 15:21:00,-0.08199058215723198
2019-07-08 15:24:00,-0.1603574114026287
2019-07-08 15:27:00,-0.1432908867091669
2019-07-08 15:30:00,-0.20778104259272823
2019-07-08 15:33:00,-0.1729976839527012
2019-07-08 15:36:00,-0.11662487611113193
2019-07-08 15:39:00,-0.29326718819106645
2019-07-08 15:42:00,-0.43503034587570255
2019-07-08 15:45:00,-0.5014807053995582
2019-07-08 15:48:00,-0.45031535550901935
2019-07-08 15:51:00,-0.457652765839498
2019-07-08 15:54:00,-0.45497650853207006
2019-07-08 15:57:00,-0.374595801918133
2019-07-08 16:00:00,-0.439171564412959
2019-07-08 16:03:00,-0.3187360827702719
2019-07-08 16:06:00,-0.15403029537731072
2019-07-08 16:09:00,-0.13720205224626625
2019-07-08 16:12:00,-0.09879743768442495
2019-07-08 16:15:00,-0.21384839158992008
2019-07-08 16:18:00,-0.24855934311068495
2019-07-08 16:21:00,-0.3160875242818406
2019-07-08 16:24:00,-0.32436310772470733
2019-07-08 16:27:00,-0.3584568014952083
2019-07-08 16:30:00,-0.4475240432071246
2019-07-08 16:33:00,-0.5038557257060461
2019-07-08 16:36:00,-0.49760766685068347
2019-07-08 16:39:00,-0.5722270780983081
2019-07-08 16:42:00,-0.5137424161163722
2019-07-08 16:45:00,-0.414804201453137
2019-07-08 16:48:00,-0.6403764413408908
2019-07-08 16:51:00,-0.6266368632127524
2019-07-08 16:54:00,-0.6077568918450424
2019-07-08 16:57:00,-0.4632120888182385
2019-07-08 17:00:00,-0.42246884824254494
2019-07-08 17:03:00,-0.4231190125956914
2019-07-08 17:06:00,-0.34798265251771454
2019-07-08 17:09:00,-0.2969594020016757
2019-07-08 17:12:00,-0.39450654205751334
2019-07-08 17:15:00,-0.5185937533441347
2019-07-08 17:18:00,-0.5253044916472618
2019-07-08 17:21:00,-0.5001751337231326
2019-07-08 17:24:00,-0.5593640594970566
2019-07-08 17:27:00,-0.53698084103479
2019-07-08 17:30:00,-0.49168764667496134
2019-07-08 17:33:00,-0.528174615353862
2019-07-08 17:36:00,-0.48312283491981134
2019-07-08 17:39:00,-0.48713691142654625
2019-07-08 17:42:00,-0.4721002720828551
2019-07-08 17:45:00,-0.5021247081759839
2019-07-08 17:48:00,-0.49913950688693376
2019-07-08 17:51:00,-0.4341996504670078
2019-07-08 17:54:00,-0.34005398637015105
2019-07-08 17:57:00,-0.3879336464922858
2019-07-08 18:00:00,-0.320990609524074
2019-07-08 18:03:00,-0.2250911599162464
2019-07-08 18:06:00,-0.30534153689694676
2019-07-08 18:09:00,-0.18954237544903663
2019-07-08 18:12:00,-0.24595534622181958
2019-07-08 18:15:00,-0.22175469330511532
2019-07-08 18:18:00,-0.11419862787204238
2019-07-08 18:21:00,-0.1762891390525283
2019-07-08 18:24:00,-0.19962198112381202
2019-07-08 18:27:00,-0.10974747476467428
2019-07-08 18:30:00,-0.1041051237245938
2019-07-08 18:33:00,-0.053816870135278805
2019-07-08 18:36:00,-0.0980813303288528
2019-07-08 18:39:00,-0.1536444874271865
2019-07-08 18:42:00,-0.10223739497939732
2019-07-08 18:45:00,-0.09369578442942839
2019-07-08 18:48:00,-0.189382214393504
2019-07-08 18:51:00,-0.08481994634195189
2019-07-08 18:54:00,-0.04563749138770845
2019-07-08 18:57:00,-0.026083282662114016
2019-07-08 19:00:00,-0.09423961514386292
2019-07-08 19:03:00,-0.17580586205593818
2019-07-08 19:06:00,-0.07242412554450084
2019-07-08 19:09:00,-0.055988004501671185
2019-07-08 19:12:00,-0.05418689662144516
2019-07-08 19:15:00,-0.13866049657264057
2019-07-08 19:18:00,-0.018397238265492888
2019-07-08 19:21:00,-0.10437902511296215
2019-07-08 19:24:00,-0.04672274089517714
2019-07-08 19:27:00,-0.1383904745871405
2019-07-08 19:30:00,-0.0757577070824027
2019-07-08 19:33:00,-0.03162212578189383
2019-07-08 19:36:00,-0.0019137589682145517
2019-07-08 19:39:00,-0.005764970092002386
2019-07-08 19:42:00,0.014808362510109419
2019-07-08 19:45:00,-0.03262718408547016
2019-07-08 19:48:00,-0.05097337780591715
2019-07-08 19:51:00,-0.060118578615004026
2019-07-08 19:54:00,0.021609678690936107
2019-07-08 19:57:00,0.10341073299372283
2019-07-08 20:00:00,-0.05415278642743715
2019-07-08 20:03:00,-0.04983455289527683
2019-07-08 20:06:00,-0.058993188513227324
2019-07-08 20:09:00,-0.054075856966051106
2019-07-08 20:12:00,-0.05667506643288789
2019-07-08 20:15:00,-0.11928692723745371
2019-07-08 20:18:00,-0.10039013696587062
2019-07-08 20:21:00,-0.017762776091046817
2019-07-08 20:24:00,-0.05266947522125065
2019-07-08 20:27:00,-0.020239957778187545
2019-07-08 20:30:00,0.0056866910888402344
2019-07-08 20:33:00,0.09170607294959154
2019-07-08 20:36:00,0.0006689087731501786
2019-07-08 20:39:00,0.02168733185487781
2019-07-08 20:42:00,0.006929428856835784
2019-07-08 20:45:00,0.06158085978216832
2019-07-08 20:48:00,-0.01683645756668284
2019-07-08 20:51:00,0.03409001406930656
2019-07-08 20:54:00,-0.00036066606890017283
2019-07-08 20:57:00,0.09831662483003356
2019-07-08 21:00:00,0.017546795241116797
2019-07-08 21:03:00,0.048676716651129937
2019-07-08 21:06:00,0.05444574136481606
2019-07-08 21:09:00,0.08245327185846918
2019-07-08 21:12:00,0.1685298068970269
2019-07-08 21:15:00,0.0980922574814258
2019-07-08 21:18:00,0.1789942736306216
2019-07-08 21:21:00,0.21040845312450074
2019-07-08 21:24:00,0.17219981627505376
2019-07-08 21:27:00,0.06609603246084816
2019-07-08 21:30:00,0.0528804815728563
2019-07-08 21:33:00,-0.01749820303194838
2019-07-08 21:36:00,-0.054036843012170266
2019-07-08 21:39:00,0.103687611650912
2019-07-08 21:42:00,0.14267052001554248
2019-07-08 21:45:00,0.09431138200432088
2019-07-08 21:48:00,0.14779169966652717
2019-07-08 21:51:00,0.1705724788909606
2019-07-08 21:54:00,0.20626095575357795
2019-07-08 21:57:00,0.1997741727835205
2019-07-08 22:00:00,0.16138433437265576
2019-07-08 22:03:00,0.05719515596905467
2019-07-08 22:06:00,0.12315476235988854
2019-07-08 22:09:00,0.08711100735797572
2019-07-08 22:12:00,0.06039193963613343
2019-07-08 22:15:00,0.1252939423483781
2019-07-08 22:18:00,0.11660169517358554
2019-07-08 22:21:00,0.0886418059284324
2019-07-08 22:24:00,0.09851975941450064
2019-07-08 22:27:00,0.04419578758654552
2019-07-08 22:30:00,0.0016587978966526862
2019-07-08 22:33:00,0.04207819985384731
2019-07-08 22:36:00,0.0329510378180089
2019-07-08 22:39:00,0.08152850253225097
2019-07-08 22:42:00,0.11550934769013566
2019-07-08 22:45:00,0.14237368484157287
2019-07-08 22:48:00,0.4433294551959648
2019-07-08 22:51:00,0.5557467857893243
2019-07-08 22:54:00,0.4650071393156736
2019-07-08 22:57:00,0.32770096340817645
2019-07-08 23:00:00,0.3104774650319655
2019-07-08 23:03:00,0.3007562105236161
2019-07-08 23:06:00,0.23107532787474838
2019-07-08 23:09:00,0.26359156044384235
2019-07-08 23:12:00,0.20241291877078993
2019-07-08 23:15:00,0.11595758857941973
2019-07-08 23:18:00,0.32819253503248547
2019-07-08 23:21:00,0.3450202804569358
2019-07-08 23:24:00,0.22729588294430414
2019-07-08 23:27:00,0.2917317440740703
2019-07-08 23:30:00,0.22844853610229165
2019-07-08 23:33:00,0.2568607578798492
2019-07-08 23:36:00,0.11136075829978154
2019-07-08 23:39:00,0.20070449581493222
2019-07-08 23:42:00,0.11280703386699997
2019-07-08 23:45:00,0.22342744995523844
2019-07-08 23:48:00,0.25642584425952464
2019-07-08 23:51:00,0.10688656676143182
2019-07-08 23:54:00,0.28030031624223284
2019-07-08 23:57:00,0.2079108846094755
2019-07-09 00:00:00,0.22313186536905505
2019-07-09 00:03:00,0.1535736333083264
2019-07-09 00:06:00,0.22762215517167306
2019-07-09 00:09:00,0.2288177145767918
2019-07-09 00:12:00,0.18015017021178892
2019-07-09 00:15:00,0.3041871564485632
2019-07-09 00:18:00,0.2312752495541872
2019-07-09 00:21:00,0.21017987632711765
2019-07-09 00:24:00,0.12150162487171201
2019-07-09 00:27:00,0.23424478544365002
2019-07-09 00:30:00,0.09156728588237684
2019-07-09 00:33:00,0.18355197428735437
2019-07-09 00:36:00,0.2521683354552806
2019-07-09 00:39:00,0.19425541165242066
2019-07-09 00:42:00,0.18577146484631157
2019-07-09 00:45:00,0.1361233015203993
2019-07-09 00:48:00,0.1931222154270813
2019-07-09 00:51:00,0.15970443263398693
2019-07-09 00:54:00,0.13616524730889523
2019-07-09 00:57:00,0.1743841900258758
2019-07-09 01:00:00,0.13064309784414263
2019-07-09 01:03:00,0.07805156428531745
2019-07-09 01:06:00,0.11979818254366137
2019-07-09 01:09:00,0.2241157884877225
2019-07-09 01:12:00,0.24274210543865138
2019-07-09 01:15:00,0.2271281889960619
2019-07-09 01:18:00,0.18413311143626743
2019-07-09 01:21:00,0.2740684085916314
2019-07-09 01:24:00,0.2858733276879093
2019-07-09 01:27:00,0.2141072270591735
2019-07-09 01:30:00,0.28309822426172104
2019-07-09 01:33:00,0.16703360262545175
2019-07-09 01:36:00,0.2281697628189363
2019-07-09 01:39:00,0.22822268460475925
2019-07-09 01:42:00,0.31101135759996623
2019-07-09 01:45:00,0.18550938092965907
2019-07-09 01:48:00,0.22835992435909702
2019-07-09 01:51:00,0.1586998398077526
2019-07-09 01:54:00,0.25865628608943325
2019-07-09 01:57:00,0.2521771511486577
2019-07-09 02:00:00,0.21962893676709427
2019-07-09 02:03:00,0.3877025871080946
2019-07-09 02:06:00,0.3285688787941581
2019-07-09 02:09:00,0.3653097142862407
2019-07-09 02:12:00,0.379767856676267
2019-07-09 02:15:00,0.28298274944302193
2019-07-09 02:18:00,0.23349445422701365
2019-07-09 02:21:00,0.22744551572048977
2019-07-09 02:24:00,0.22433835373965394
2019-07-09 02:27:00,0.2237324950598918
2019-07-09 02:30:00,0.21507823929249525
2019-07-09 02:33:00,0.20279114152094735
2019-07-09 02:36:00,0.25260750130553333
2019-07-09 02:39:00,0.2238354825578881
2019-07-09 02:42:00,0.3449259143159793
2019-07-09 02:45:00,0.33944299969510894
2019-07-09 02:48:00,0.23107651275540775
2019-07-09 02:51:00,0.29211124852719195
2019-07-09 02:54:00,0.16157375667899032
2019-07-09 02:57:00,0.20825884432252906
2019-07-09 03:00:00,0.27904453264739004
2019-07-09 03:03:00,0.2710236561711099
2019-07-09 03:06:00,0.32513591008768117
2019-07-09 03:09:00,0.298492893451737
2019-07-09 03:12:00,0.3892158657681648
2019-07-09 03:15:00,0.3083001901842408
2019-07-09 03:18:00,0.2219626074930261
2019-07-09 03:21:00,0.2984596869947609
2019-07-09 03:24:00,0.22979177475525603
2019-07-09 03:27:00,0.3011465615045381
2019-07-09 03:30:00,0.15061481625366469
2019-07-09 03:33:00,0.31838439590598
2019-07-09 03:36:00,0.2640891314451892
2019-07-09 03:39:00,0.23557760127590655
2019-07-09 03:42:00,0.20181147774331976
2019-07-09 03:45:00,0.19813904296319151
2019-07-09 03:48:00,0.23098362966698005
2019-07-09 03:51:00,0.15780962923378183
2019-07-09 03:54:00,0.34088778199622993
2019-07-09 03:57:00,0.32233681238534473
2019-07-09 04:00:00,0.15581558452095123
2019-07-09 04:03:00,0.24025895322444057
2019-07-09 04:06:00,0.29822021288987344
2019-07-09 04:09:00,0.2645054281193211
2019-07-09 04:12:00,0.25965740879871646
2019-07-09 04:15:00,0.29920435717656346
2019-07-09 04:18:00,0.30478520876238235
2019-07-09 04:21:00,0.3035334783227768
2019-07-09 04:24:00,0.26435020571722134
2019-07-09 04:27:00,0.30067226375621203
2019-07-09 04:30:00,0.3509086363837923
2019-07-09 04:33:00,0.3129543354280031
2019-07-09 04:36:00,0.37659735228186264
2019-07-09 04:39:00,0.29569306410155605
2019-07-09 04:42:00,0.3134527487969194
2019-07-09 04:45:00,0.36134141182060375
2019-07-09 04:48:00,0.11972549732490734
2019-07-09 04:51:00,0.10760554013575074
2019-07-09 04:54:00,0.14129562279060792
2019-07-09 04:57:00,0.20719834011060811
2019-07-09 05:00:00,0.11975870127838562
2019-07-09 05:03:00,0.1194538141604653
2019-07-09 05:06:00,0.20493585423707827
2019-07-09 05:09:00,0.15401685611055882
2019-07-09 05:12:00,0.10643010624539784
2019-07-09 05:15:00,0.1842587207345332
2019-07-09 05:18:00,0.07848727244083875
2019-07-09 05:21:00,0.11302341132000038
2019-07-09 05:24:00,0.0777732598530747
2019-07-09 05:27:00,0.16597732924628872
2019-07-09 05:30:00,0.05293262850710789
2019-07-09 05:33:00,0.227392846615885
2019-07-09 05:36:00,0.15091227716919775
2019-07-09 05:39:00,0.1396591146387891
2019-07-09 05:42:00,0.17359872410270327
2019-07-09 05:45:00,0.18127106520961433
2019-07-09 05:48:00,0.18437675757814986
2019-07-09 05:51:00,0.2072755318978352
2019-07-09 05:54:00,0.19513308276083308
2019-07-09 05:57:00,0.10336252958484238
2019-07-09 06:00:00,0.19508120446221255
2019-07-09 06:03:00,0.12298167814475391
2019-07-09 06:06:00,0.026340523092187595
2019-07-09 06:09:00,0.17101715663989125
2019-07-09 06:12:00,0.20160700024518974
2019-07-09 06:15:00,0.13848591425170298
2019-07-09 06:18:00,0.20545424323324823
2019-07-09 06:21:00,0.1777280902421694
2019-07-09 06:24:00,0.20402539300124545
2019-07-09 06:27:00,0.1421709889228282
2019-07-09 06:30:00,0.0936002583319464
2019-07-09 06:33:00,0.06368628041093416
2019-07-09 06:36:00,0.1606728120540879
2019-07-09 06:39:00,0.11953923453489779
2019-07-09 06:42:00,0.1653861354449191
2019-07-09 06:45:00,0.25816814803152965
2019-07-09 06:48:00,0.21620887015160406
2019-07-09 06:51:00,0.23486360286199215
2019-07-09 06:54:00,0.19415027580686228
2019-07-09 06:57:00,0.16484803256446412
2019-07-09 07:00:00,0.14022911398535598
2019-07-09 07:03:00,0.1952595994223998
2019-07-09 07:06:00,0.16978383593806257
2019-07-09 07:09:00,0.21935440520752536
2019-07-09 07:12:00,0.23221646972262988
2019-07-09 07:15:00,0.16636687750644796
2019-07-09 07:18:00,0.16873089429117272
2019-07-09 07:21:00,0.13672217715128454
2019-07-09 07:24:00,0.13635543687377094
2019-07-09 07:27:00,0.1735354564164595
2019-07-09 07:30:00,0.1655676727602895
2019-07-09 07:33:00,0.2200182288652286
2019-07-09 07:36:00,0.21626408020944154
2019-07-09 07:39:00,0.3082058661879614
2019-07-09 07:42:00,0.2637651479617489
2019-07-09 07:45:00,0.2837381198855269
2019-07-09 07:48:00,0.26518842370103357
2019-07-09 07:51:00,0.3298358101991994
2019-07-09 07:54:00,0.28253068500902145
2019-07-09 07:57:00,
2019-07-09 08:00:00,
2019-07-09 08:03:00,
2019-07-09 08:06:00,0.19612534395446346
2019-07-09 08:09:00,0.09300033837314459
2019-07-09 08:12:00,0.2196890252194521
2019-07-09 08:15:00,0.08534106236453454
2019-07-09 08:18:00,0.10507253855928411
2019-07-09 08:21:00,0.18984978806952313
2019-07-09 08:24:00,0.18551629801152103
2019-07-09 08:27:00,0.12759938474050614
2019-07-09 08:30:00,0.07964196869119178
2019-07-09 08:33:00,0.22929841638159587
2019-07-09 08:36:00,0.18221966453234018
2019-07-09 08:39:00,0.19503844344285426
2019-07-09 08:42:00,0.18527342101936028
2019-07-09 08:45:00,0.10791715978626826
2019-07-09 08:48:00,0.1116738442121914
2019-07-09 08:51:00,0.16843632466185454
2019-07-09 08:54:00,0.09426925006783904
2019-07-09 08:57:00,0.08283845791447675
2019-07-09 09:00:00,0.15742384565618295
2019-07-09 09:03:00,0.03734331272391955
2019-07-09 09:06:00,0.12493270384237576
2019-07-09 09:09:00,0.0858584585013773
2019-07-09 09:12:00,0.07484673872880876
2019-07-09 09:15:00,0.06552191406359498
2019-07-09 09:18:00,0.06329501527596904
2019-07-09 09:21:00,0.1120429572721946
2019-07-09 09:24:00,0.02633798034236179
2019-07-09 09:27:00,0.1787466546433052
2019-07-09 09:30:00,0.1930489719821935
2019-07-09 09:33:00,0.1191922834089496
2019-07-09 09:36:00,0.15596368643201686
2019-07-09 09:39:00,0.12280559394321244
2019-07-09 09:42:00,0.3729251746617024
2019-07-09 09:45:00,0.22899994389615586
2019-07-09 09:48:00,0.06562080152815497
2019-07-09 09:51:00,0.03194476139270819
2019-07-09 09:54:00,0.03976308509976434
2019-07-09 09:57:00,0.24755015233552058
2019-07-09 10:00:00,0.2824959373478464
2019-07-09 10:03:00,0.20776934862277585
2019-07-09 10:06:00,0.1908573358342096
2019-07-09 10:09:00,0.1444144870227433
2019-07-09 10:12:00,0.10322195802962142
2019-07-09 10:15:00,0.17295290352308257
2019-07-09 10:18:00,0.07694207454517255
2019-07-09 10:21:00,0.13957138362422938
2019-07-09 10:24:00,0.12000444006849875
2019-07-09 10:27:00,0.12122254893557738
2019-07-09 10:30:00,0.11261633345367272
2019-07-09 10:33:00,0.10109858418746853
2019-07-09 10:36:00,0.06085447513203235
2019-07-09 10:39:00,0.21467630430436202
2019-07-09 10:42:00,0.12465814169172518
2019-07-09 10:45:00,0.12258343128758042
2019-07-09 10:48:00,0.1401053568352495
2019-07-09 10:51:00,0.08123006349205752
2019-07-09 10:54:00,0.1169527700958497
2019-07-09 10:57:00,-0.07164304639110242
2019-07-09 11:00:00,0.017880583200962974
2019-07-09 11:03:00,0.024780990964245575
2019-07-09 11:06:00,0.020883555803948184
2019-07-09 11:09:00,0.009160694981574125
2019-07-09 11:12:00,0.10984350367544948
2019-07-09 11:15:00,-0.0003702795581830287
2019-07-09 11:18:00,-0.03500403541920605
2019-07-09 11:21:00,0.00636418206727285
2019-07-09 11:24:00,0.026342563011553466
2019-07-09 11:27:00,-0.027831747775053373
2019-07-09 11:30:00,0.049130671334978615
2019-07-09 11:33:00,-0.020942989253967426
2019-07-09 11:36:00,-0.021845244896439908
2019-07-09 11:39:00,-0.05233437747784819
2019-07-09 11:42:00,-0.06691548113565204
2019-07-09 11:45:00,0.04579992281895784
2019-07-09 11:48:00,0.12553318034343874
2019-07-09 11:51:00,0.024154744785960247
2019-07-09 11:54:00,0.018929744562569795
2019-07-09 11:57:00,-0.04756552617914167
2019-07-09 12:00:00,-0.09067966382502846
2019-07-09 12:03:00,-0.03742464598309425
2019-07-09 12:06:00,-0.13108232371001804
2019-07-09 12:09:00,0.023598587996104925
2019-07-09 12:12:00,-0.11270486928151513
2019-07-09 12:15:00,-0.09561807793051003
2019-07-09 12:18:00,-0.13850538779485078
2019-07-09 12:21:00,-0.04644492536925782
2019-07-09 12:24:00,-0.025014436490323533
2019-07-09 12:27:00,-0.03338507041422645
2019-07-09 12:30:00,-0.2773087643938652
2019-07-09 12:33:00,-0.14548217382491657
2019-07-09 12:36:00,-0.1302903143254639
2019-07-09 12:39:00,-0.17920535102393842
2019-07-09 12:42:00,-0.23043222902595062
2019-07-09 12:45:00,-0.15027234826771974
2019-07-09 12:48:00,-0.21104937175897476
2019-07-09 12:51:00,-0.2366390533557592
2019-07-09 12:54:00,-0.23912770487783064
2019-07-09 12:57:00,-0.23500669593113344
2019-07-09 13:00:00,-0.17958404212691903
2019-07-09 13:03:00,-0.12280181139453816
2019-07-09 13:06:00,-0.06904103170921871
2019-07-09 13:09:00,0.04681972189013095
2019-07-09 13:12:00,-0.10518718185733178
2019-07-09 13:15:00,0.0011988844975121538
2019-07-09 13:18:00,0.06445238208823412
2019-07-09 13:21:00,-0.05506755162531363
2019-07-09 13:24:00,-0.13342283084608653
2019-07-09 13:27:00,-0.14788964974673036
2019-07-09 13:30:00,-0.1139431661165986
2019-07-09 13:33:00,-0.19033784973680667
2019-07-09 13:36:00,-0.34012386916998594
2019-07-09 13:39:00,-0.20026385923699763
2019-07-09 13:42:00,-0.21427687568001375
2019-07-09 13:45:00,-0.12525638375507242
2019-07-09 13:48:00,-0.18547018409213933
2019-07-09 13:51:00,-0.17020103462715497
2019-07-09 13:54:00,-0.15176635493293134
2019-07-09 13:57:00,-0.15572108419888764
2019-07-09 14:00:00,-0.2214325629052496
2019-07-09 14:03:00,-0.14490176270311395
2019-07-09 14:06:00,-0.19083487252765963
2019-07-09 14:09:00,-0.16488291521272913
2019-07-09 14:12:00,-0.1628711602089652
2019-07-09 14:15:00,-0.22934601767315144
2019-07-09 14:18:00,-0.15296102264721867
2019-07-09 14:21:00,-0.22677495893213973
2019-07-09 14:24:00,-0.23518539582067888
2019-07-09 14:27:00,-0.2458135274257529
2019-07-09 14:30:00,-0.2038971670299361
2019-07-09 14:33:00,-0.28233683426839207
2019-07-09 14:36:00,-0.1996967297500305
2019-07-09 14:39:00,-0.21933628529933458
2019-07-09 14:42:00,-0.25241270671278926
2019-07-09 14:45:00,-0.3105999969904474
2019-07-09 14:48:00,-0.3577775701585324
2019-07-09 14:51:00,-0.18809460103312858
2019-07-09 14:54:00,-0.3149391914078592
2019-07-09 14:57:00,-0.27624468114885303
2019-07-09 15:00:00,-0.3403268102146626
2019-07-09 15:03:00,-0.3568416552197391
2019-07-09 15:06:00,-0.23661469627910492
2019-07-09 15:09:00,-0.32725031557015427
2019-07-09 15:12:00,-0.2605162993691579
2019-07-09 15:15:00,-0.24853102809203165
2019-07-09 15:18:00,-0.23943451863277687
2019-07-09 15:21:00,-0.27514220430822434
2019-07-09 15:24:00,-0.33131030726804056
2019-07-09 15:27:00,-0.24709319974806476
2019-07-09 15:30:00,-0.3105092828868692
2019-07-09 15:33:00,-0.24695463035493503
2019-07-09 15:36:00,-0.30308339351626046
2019-07-09 15:39:00,-0.3277747803096531
2019-07-09 15:42:00,-0.35583389431297974
2019-07-09 15:45:00,-0.3517910763275722
2019-07-09 15:48:00,-0.3398694794660173
2019-07-09 15:51:00,-0.31723371608916295
2019-07-09 15:54:00,-0.3060956311554719
2019-07-09 15:57:00,-0.26816573340738614
2019-07-09 16:00:00,-0.38511843232981846
2019-07-09 16:03:00,-0.35986328949911695
2019-07-09 16:06:00,-0.4349220352733596
2019-07-09 16:09:00,-0.3942852113241315
2019-07-09 16:12:00,-0.3428331527393311
2019-07-09 16:15:00,-0.3043615522449272
2019-07-09 16:18:00,-0.29444936269834443
2019-07-09 16:21:00,-0.3933153721134772
2019-07-09 16:24:00,-0.3159348401014199
2019-07-09 16:27:00,-0.4286600975068495
2019-07-09 16:30:00,-0.4066830880251473
2019-07-09 16:33:00,-0.5083684074149915
2019-07-09 16:36:00,-0.3922142788840688
2019-07-09 16:39:00,-0.4175525819322843
2019-07-09 16:42:00,-0.5086660654272919
2019-07-09 16:45:00,-0.33332874689267555
2019-07-09 16:48:00,-0.3461727884437096
2019-07-09 16:51:00,-0.2942757041927848
2019-07-09 16:54:00,-0.3005707082652407
2019-07-09 16:57:00,-0.43689594160338174
2019-07-09 17:00:00,-0.3378694392537227
2019-07-09 17:03:00,-0.32625874708998026
2019-07-09 17:06:00,-0.29136387044536605
2019-07-09 17:09:00,-0.2959968844940022
2019-07-09 17:12:00,-0.3358290516531497
2019-07-09 17:15:00,-0.3654083235490475
2019-07-09 17:18:00,-0.281253111453168
2019-07-09 17:21:00,-0.26356402831822834
2019-07-09 17:24:00,-0.21451211881145582
2019-07-09 17:27:00,-0.3290268743768934
2019-07-09 17:30:00,-0.28034870701554837
2019-07-09 17:33:00,-0.22658624345359613
2019-07-09 17:36:00,-0.2586305923067016
2019-07-09 17:39:00,-0.16824941680039274
2019-07-09 17:42:00,-0.1626064948743533
2019-07-09 17:45:00,-0.15613063675408512
2019-07-09 17:48:00,-0.11278353018161624
2019-07-09 17:51:00,-0.15162652881122085
2019-07-09 17:54:00,-0.27544118263153905
2019-07-09 17:57:00,-0.1426225376018806
2019-07-09 18:00:00,-0.21720428830718674
2019-07-09 18:03:00,-0.05267412695735629
2019-07-09 18:06:00,-0.15197906085438717
2019-07-09 18:09:00,-0.14639117046164074
2019-07-09 18:12:00,-0.07765366481891078
2019-07-09 18:15:00,-0.0328678488733658
2019-07-09 18:18:00,-0.11768836833277874
2019-07-09 18:21:00,-0.06883711384938351
2019-07-09 18:24:00,-0.05698333819361778
2019-07-09 18:27:00,-0.09340720640614109
2019-07-09 18:30:00,-0.1383424933559354
2019-07-09 18:33:00,-0.13466944597882957
2019-07-09 18:36:00,-0.036428111034240374
2019-07-09 18:39:00,-0.08095079226387725
2019-07-09 18:42:00,-0.03410448608457273
2019-07-09 18:45:00,-0.056154682837757264
2019-07-09 18:48:00,0.07113139039671523
2019-07-09 18:51:00,-0.014693314789667511
2019-07-09 18:54:00,
2019-07-09 18:57:00,
2019-07-09 19:00:00,
2019-07-09 19:03:00,-0.07289551417670737
2019-07-09 19:06:00,-0.05711766885258385
2019-07-09 19:09:00,0.0772669879279988
2019-07-09 19:12:00,0.013884012408141189
2019-07-09 19:15:00,0.04205451109879732
2019-07-09 19:18:00,0.06844744648731194
2019-07-09 19:21:00,0.07856226430482138
2019-07-09 19:24:00,0.07290245307609666
2019-07-09 19:27:00,-0.01510485113294635
2019-07-09 19:30:00,-0.03155571119668821
2019-07-09 19:33:00,0.031072707783664555
2019-07-09 19:36:00,-0.029907946349965187
2019-07-09 19:39:00,0.07134647875017208
2019-07-09 19:42:00,0.010716733974845738
2019-07-09 19:45:00,0.06603388397877552
2019-07-09 19:48:00,0.04364121957638645
2019-07-09 19:51:00,0.10728062269146221
2019-07-09 19:54:00,0.1640076447847605
2019-07-09 19:57:00,0.07158359109655521
2019-07-09 20:00:00,0.10045705895254287
2019-07-09 20:03:00,0.03284943561743603
2019-07-09 20:06:00,-0.01489090833138107
2019-07-09 20:09:00,0.0032870063153040974
2019-07-09 20:12:00,0.0560645257111787
2019-07-09 20:15:00,0.09131071342659425
2019-07-09 20:18:00,-0.03876598608979975
2019-07-09 20:21:00,-0.005349793155403404
2019-07-09 20:24:00,0.05403843664021224
2019-07-09 20:27:00,0.1002787999303223
2019-07-09 20:30:00,0.057968788332971144
2019-07-09 20:33:00,0.009365000657055589
2019-07-09 20:36:00,-0.00500623140561629
2019-07-09 20:39:00,0.030979257067656363
2019-07-09 20:42:00,0.04044526280841865
2019-07-09 20:45:00,0.1345226940458133
2019-07-09 20:48:00,0.04049514493016204
2019-07-09 20:51:00,0.10565122064173238
2019-07-09 20:54:00,0.026313324819739137
2019-07-09 20:57:00,0.0465410726469031
2019-07-09 21:00:00,0.04158106768193193
2019-07-09 21:03:00,0.09902458735558639
2019-07-09 21:06:00,0.04305498008312725
2019-07-09 21:09:00,0.09864732931094977
2019-07-09 21:12:00,-0.05783904068772472
2019-07-09 21:15:00,-0.0066957988435092375
2019-07-09 21:18:00,0.04986849134274962
2019-07-09 21:21:00,0.08520186343832847
2019-07-09 21:24:00,-0.09840208407507589
2019-07-09 21:27:00,0.017151877773812885
2019-07-09 21:30:00,-0.0401365948818011
2019-07-09 21:33:00,-0.0036891355183001906
2019-07-09 21:36:00,0.01731480331545754
2019-07-09 21:39:00,-0.003928112128392058
2019-07-09 21:42:00,0.10672431085282597
2019-07-09 21:45:00,0.07184411640713506
2019-07-09 21:48:00,0.036284551846677005
2019-07-09 21:51:00,0.1029646947680476
2019-07-09 21:54:00,0.17498348990136492
2019-07-09 21:57:00,0.08388754225063622
2019-07-09 22:00:00,0.20159684945230083
2019-07-09 22:03:00,0.09173328473065112
2019-07-09 22:06:00,0.13803721222825516
2019-07-09 22:09:00,0.11630952397143801
2019-07-09 22:12:00,0.2170867787287989
2019-07-09 22:15:00,0.15175015982106288
2019-07-09 22:18:00,0.15367524460299364
2019-07-09 22:21:00,0.18898342590017592
2019-07-09 22:24:00,0.20945747153871253
2019-07-09 22:27:00,0.10826089850564813
2019-07-09 22:30:00,0.07667780496268506
2019-07-09 22:33:00,0.04123786732429835
2019-07-09 22:36:00,0.1508336332417457
2019-07-09 22:39:00,0.09982698604051166
2019-07-09 22:42:00,0.10854970943444187
2019-07-09 22:45:00,0.0670998410488437
2019-07-09 22:48:00,0.108592611617496
2019-07-09 22:51:00,0.021332384756476586
2019-07-09 22:54:00,0.16279066877172
2019-07-09 22:57:00,0.08334012711310379
2019-07-09 23:00:00,0.10754885377713208
2019-07-09 23:03:00,0.035286655204231465
2019-07-09 23:06:00,0.04205431183498831
2019-07-09 23:09:00,0.06976394284595244
2019-07-09 23:12:00,0.22815939359071535
2019-07-09 23:15:00,0.3048436657027196
2019-07-09 23:18:00,0.3779585871101858
2019-07-09 23:21:00,0.6784624505006605
2019-07-09 23:24:00,0.5518051193054703
2019-07-09 23:27:00,0.4430062833264401
2019-07-09 23:30:00,0.36702479864840143
2019-07-09 23:33:00,0.15642345100161492
2019-07-09 23:36:00,0.2836448821280442
2019-07-09 23:39:00,0.16810751186477546
2019-07-09 23:42:00,0.23934059928939178
2019-07-09 23:45:00,0.2938932799707459
2019-07-09 23:48:00,0.423542033662045
2019-07-09 23:51:00,0.4508991932839308
2019-07-09 23:54:00,0.3796138227478423
2019-07-09 23:57:00,0.3724751711843055
2019-07-10 00:00:00,0.32590213650200894
2019-07-10 00:03:00,0.2989385135556404
2019-07-10 00:06:00,0.23668744863726943
2019-07-10 00:09:00,0.16091729481735229
2019-07-10 00:12:00,0.21076363474281834
2019-07-10 00:15:00,0.205865406532439
2019-07-10 00:18:00,0.22631445408126183
2019-07-10 00:21:00,0.2917178589361811
2019-07-10 00:24:00,0.21868681860246397
2019-07-10 00:27:00,0.22360411145081116
2019-07-10 00:30:00,0.28236657927374154
2019-07-10 00:33:00,0.38177608718194733
2019-07-10 00:36:00,0.2853443627046204
2019-07-10 00:39:00,0.29766543521492395
2019-07-10 00:42:00,0.2818617759195945
2019-07-10 00:45:00,0.3220544673387735
2019-07-10 00:48:00,0.2532893894716608
2019-07-10 00:51:00,0.20285447644016585
2019-07-10 00:54:00,0.28822697229071537
2019-07-10 00:57:00,0.31576111693163966
2019-07-10 01:00:00,0.3593265905161047
2019-07-10 01:03:00,0.2970306400857794
2019-07-10 01:06:00,0.2869476663785804
2019-07-10 01:09:00,0.32018307954956526
2019-07-10 01:12:00,0.4194405469453386
2019-07-10 01:15:00,0.19945085567070464
2019-07-10 01:18:00,0.39879183514386796
2019-07-10 01:21:00,0.3657149183896422
2019-07-10 01:24:00,0.3461816338605104
2019-07-10 01:27:00,0.29953346785094936
2019-07-10 01:30:00,0.245525392009597
2019-07-10 01:33:00,0.2688081458596798
2019-07-10 01:36:00,0.2734297883860677
2019-07-10 01:39:00,0.3159426010734592
2019-07-10 01:42:00,0.27328011116361495
2019-07-10 01:45:00,0.3345495804062466
2019-07-10 01:48:00,0.22780760472357997
2019-07-10 01:51:00,0.37018125333759144
2019-07-10 01:54:00,0.34393343225150375
2019-07-10 01:57:00,0.3279306371041457
2019-07-10 02:00:00,0.37200605173228496
2019-07-10 02:03:00,0.340459753630455
2019-07-10 02:06:00,0.2692526309230061
2019-07-10 02:09:00,0.35467327822340167
2019-07-10 02:12:00,0.3805903734909748
2019-07-10 02:15:00,0.2346042842008842
2019-07-10 02:18:00,0.3595283500626465
2019-07-10 02:21:00,0.26490102171209173
2019-07-10 02:24:00,0.3065429158037887
2019-07-10 02:27:00,0.38799490027463435
2019-07-10 02:30:00,0.2866670204858224
2019-07-10 02:33:00,0.26378303168650064
2019-07-10 02:36:00,0.35462086813095084
2019-07-10 02:39:00,0.31547023849878997
2019-07-10 02:42:00,0.39640543046442644
2019-07-10 02:45:00,0.30038590379308516
2019-07-10 02:48:00,0.25436221288526895
2019-07-10 02:51:00,0.4115510979997907
2019-07-10 02:54:00,0.3288413460416564
2019-07-10 02:57:00,0.3132253925853661
2019-07-10 03:00:00,0.32388597799422314
2019-07-10 03:03:00,0.38213275517409784
2019-07-10 03:06:00,0.371650523311132
2019-07-10 03:09:00,0.41943153438842273
2019-07-10 03:12:00,0.34666992090308213
2019-07-10 03:15:00,0.3695491187407356
2019-07-10 03:18:00,0.41022088293783554
2019-07-10 03:21:00,0.3286537520637012
2019-07-10 03:24:00,0.40551048869821216
2019-07-10 03:27:00,0.356144866367174
2019-07-10 03:30:00,0.35804497390000734
2019-07-10 03:33:00,0.3508597140478287
2019-07-10 03:36:00,0.3339809439817145
2019-07-10 03:39:00,0.3225214876567293
2019-07-10 03:42:00,0.38572655958540736
2019-07-10 03:45:00,0.35693223846686806
2019-07-10 03:48:00,0.4729673051237455
2019-07-10 03:51:00,0.3266186783158105
2019-07-10 03:54:00,0.35768361900613854
2019-07-10 03:57:00,0.2796003208651996
2019-07-10 04:00:00,0.3466188901899727
2019-07-10 04:03:00,0.3986653186001945
2019-07-10 04:06:00,0.36322846282297405
2019-07-10 04:09:00,0.3421613975363016
2019-07-10 04:12:00,0.3335569530994462
2019-07-10 04:15:00,0.3091238115155761
2019-07-10 04:18:00,0.4322810885320223
2019-07-10 04:21:00,0.3974057897624448
2019-07-10 04:24:00,0.45585557936300347
2019-07-10 04:27:00,0.3597182792763647
2019-07-10 04:30:00,0.30649386095478803
2019-07-10 04:33:00,0.45925598809481016
2019-07-10 04:36:00,0.4746560111878466
2019-07-10 04:39:00,0.3427881670662032
2019-07-10 04:42:00,0.41423151176712736
2019-07-10 04:45:00,0.3840684254582243
2019-07-10 04:48:00,0.3363492968320543
2019-07-10 04:51:00,0.4248544534982557
2019-07-10 04:54:00,0.44472192005162015
2019-07-10 04:57:00,0.4337690698973802
2019-07-10 05:00:00,0.3559555932724834
2019-07-10 05:03:00,0.32372019632481397
2019-07-10 05:06:00,0.37006408077002106
2019-07-10 05:09:00,0.3588990393629956
2019-07-10 05:12:00,0.37679797644779
2019-07-10 05:15:00,0.4453974386480013
2019-07-10 05:18:00,0.35750990490964796
2019-07-10 05:21:00,0.46704943786016884
2019-07-10 05:24:00,0.38006974615279887
2019-07-10 05:27:00,0.3536531522090627
2019-07-10 05:30:00,0.3565286142858781
2019-07-10 05:33:00,0.4722599284806961
2019-07-10 05:36:00,0.25119458287963425
2019-07-10 05:39:00,0.39624073405974514
2019-07-10 05:42:00,0.3658716723296038
2019-07-10 05:45:00,0.42080875732239065
2019-07-10 05:48:00,0.4649719974730715
2019-07-10 05:51:00,0.4047965866095069
2019-07-10 05:54:00,0.5374750064422074
2019-07-10 05:57:00,0.40569887571734853
2019-07-10 06:00:00,0.4557354125120696
2019-07-10 06:03:00,0.4908670253242917
2019-07-10 06:06:00,0.4825881349016754
2019-07-10 06:09:00,0.4122760620249437
2019-07-10 06:12:00,0.42653330449235227
2019-07-10 06:15:00,0.3909846923161808
2019-07-10 06:18:00,0.35169620067449614
2019-07-10 06:21:00,0.31228719842783903
2019-07-10 06:24:00,0.3135549844446359
2019-07-10 06:27:00,0.3434037580607878
2019-07-10 06:30:00,0.3435524402512442
2019-07-10 06:33:00,0.3425707119282606
2019-07-10 06:36:00,0.3112573993661272
2019-07-10 06:39:00,0.3443287342784629
2019-07-10 06:42:00,0.4199899330816379
2019-07-10 06:45:00,0.5018044821266017
2019-07-10 06:48:00,0.40920222990183674
2019-07-10 06:51:00,0.47238537118869317
2019-07-10 06:54:00,0.3477503425744999
2019-07-10 06:57:00,0.40081133563239746
2019-07-10 07:00:00,0.39828194986262133
2019-07-10 07:03:00,0.40291910216649285
2019-07-10 07:06:00,0.4034912248102387
2019-07-10 07:09:00,0.39034106264711
2019-07-10 07:12:00,0.44344857236075086
2019-07-10 07:15:00,0.36017903350392544
2019-07-10 07:18:00,0.4101331096593981
2019-07-10 07:21:00,0.32794718617634544
2019-07-10 07:24:00,0.34719295373417935
2019-07-10 07:27:00,0.3920364495741069
2019-07-10 07:30:00,0.4105097926599228
2019-07-10 07:33:00,0.35439580997893927
2019-07-10 07:36:00,0.36499597668620254
2019-07-10 07:39:00,0.37465257748510794
2019-07-10 07:42:00,0.31844458277413423
2019-07-10 07:45:00,0.3510015196480367
2019-07-10 07:48:00,0.3948227892419709
2019-07-10 07:51:00,0.40079401164337014
2019-07-10 07:54:00,0.35314338075022533
2019-07-10 07:57:00,0.3090699784879689
2019-07-10 08:00:00,0.30861632033270325
2019-07-10 08:03:00,0.40440532110415006
2019-07-10 08:06:00,0.27787862066560365
2019-07-10 08:09:00,0.28156023819593656
2019-07-10 08:12:00,0.3207831417506668
2019-07-10 08:15:00,0.3658805649105261
2019-07-10 08:18:00,0.2724206276090513
2019-07-10 08:21:00,0.3023422495909358
2019-07-10 08:24:00,0.28200395613237106
2019-07-10 08:27:00,0.21584024724722894
2019-07-10 08:30:00,0.2746162127597813
2019-07-10 08:33:00,0.16310958239279216
2019-07-10 08:36:00,0.2990715202866454
2019-07-10 08:39:00,0.20139772179425108
2019-07-10 08:42:00,0.18207016864204206
2019-07-10 08:45:00,0.17157567175809163
2019-07-10 08:48:00,0.16830723783812118
2019-07-10 08:51:00,0.18307677012228396
2019-07-10 08:54:00,0.20526955226318933
2019-07-10 08:57:00,0.1658604186956154
2019-07-10 09:00:00,0.17182341622589092
2019-07-10 09:03:00,0.13516282137771896
2019-07-10 09:06:00,0.13900099892339313
2019-07-10 09:09:00,0.1335937058051968
2019-07-10 09:12:00,0.12227973147207649
2019-07-10 09:15:00,0.2535490969690386
2019-07-10 09:18:00,0.14745044924194417
2019-07-10 09:21:00,0.2026675529853037
2019-07-10 09:24:00,0.040097268226872984
2019-07-10 09:27:00,0.030371379571533907
2019-07-10 09:30:00,0.14904914651191348
2019-07-10 09:33:00,-0.05510184391283701
2019-07-10 09:36:00,0.03258006409839709
2019-07-10 09:39:00,0.059442678798575344
2019-07-10 09:42:00,-0.0914070747589335
2019-07-10 09:45:00,-0.007387322162628607
2019-07-10 09:48:00,-0.03344930780866662
2019-07-10 09:51:00,-0.09860973394444272
2019-07-10 09:54:00,-0.008150046621040019
2019-07-10 09:57:00,0.010542386889483168
2019-07-10 10:00:00,-0.13718632607236714
2019-07-10 10:03:00,-0.06524838882609174
2019-07-10 10:06:00,-0.07685559827103816
2019-07-10 10:09:00,-0.07521298621003325
2019-07-10 10:12:00,-0.23426076313717203
2019-07-10 10:15:00,-0.048978730304384044
2019-07-10 10:18:00,-0.12828078754176886
2019-07-10 10:21:00,-0.09066207296342554
2019-07-10 10:24:00,-0.0608800005353487
2019-07-10 10:27:00,-0.03282736776321826
2019-07-10 10:30:00,-0.06441734352461026
2019-07-10 10:33:00,-0.21955638530749866
2019-07-10 10:36:00,-0.15949392256345618
2019-07-10 10:39:00,-0.14086621712971237
2019-07-10 10:42:00,-0.16842006707895507
2019-07-10 10:45:00,-0.19435014564726316
2019-07-10 10:48:00,-0.16144972139716174
2019-07-10 10:51:00,-0.16752567522161144
2019-07-10 10:54:00,-0.22176911935332555
2019-07-10 10:57:00,-0.07452815057752105
2019-07-10 11:00:00,-0.24163185486338534
2019-07-10 11:03:00,-0.19338031241630915
2019-07-10 11:06:00,-0.11988886333273285
2019-07-10 11:09:00,-0.15532947113445061
2019-07-10 11:12:00,-0.20928613233814986
2019-07-10 11:15:00,-0.2928191994859617
2019-07-10 11:18:00,-0.12506138967194147
2019-07-10 11:21:00,-0.2649811045664592
2019-07-10 11:24:00,-0.2368213953340046
2019-07-10 11:27:00,-0.25326885057813797
2019-07-10 11:30:00,-0.20069898501077432
2019-07-10 11:33:00,-0.28025540894157075
2019-07-10 11:36:00,-0.2791458386439558
2019-07-10 11:39:00,-0.12644703830846993
2019-07-10 11:42:00,-0.11714692394679105
2019-07-10 11:45:00,-0.08468868347426906
2019-07-10 11:48:00,-0.34179098160359445
2019-07-10 11:51:00,-0.2817457708599136
2019-07-10 11:54:00,-0.19424144696444046
2019-07-10 11:57:00,-0.21325525343007712
2019-07-10 12:00:00,-0.24209236334871775
2019-07-10 12:03:00,-0.1258849455280142
2019-07-10 12:06:00,-0.2413984375700693
2019-07-10 12:09:00,-0.2894968498226831
2019-07-10 12:12:00,-0.3314621450699633
2019-07-10 12:15:00,-0.3355677925797522
2019-07-10 12:18:00,-0.16026633465276063
2019-07-10 12:21:00,-0.21072183136328704
2019-07-10 12:24:00,-0.274328298266596
2019-07-10 12:27:00,-0.26921980270748236
2019-07-10 12:30:00,-0.16654219969035466
2019-07-10 12:33:00,-0.31401757411771314
2019-07-10 12:36:00,-0.3373770210865814
2019-07-10 12:39:00,-0.34325545016082515
2019-07-10 12:42:00,-0.2495994490323028
2019-07-10 12:45:00,-0.1574828390160974
2019-07-10 12:48:00,-0.19649640676738045
2019-07-10 12:51:00,-0.10217059900304548
2019-07-10 12:54:00,-0.22632822372133887
2019-07-10 12:57:00,-0.16476621034325944
2019-07-10 13:00:00,-0.03712333109683641
2019-07-10 13:03:00,-0.3155707301325492
2019-07-10 13:06:00,-0.30737909110797546
2019-07-10 13:09:00,-0.3006782493052924
2019-07-10 13:12:00,-0.13740209349361976
2019-07-10 13:15:00,-0.1268145516763184
2019-07-10 13:18:00,-0.2548710168544517
2019-07-10 13:21:00,-0.10141874855139577
2019-07-10 13:24:00,-0.245662056899846
2019-07-10 13:27:00,-0.27841705552992835
2019-07-10 13:30:00,-0.29448428055775366
2019-07-10 13:33:00,-0.31570890458488066
2019-07-10 13:36:00,-0.23712380455589255
2019-07-10 13:39:00,-0.3251909684443035
2019-07-10 13:42:00,-0.51139940191797
2019-07-10 13:45:00,-0.5098399446375765
2019-07-10 13:48:00,-0.5261423746033529
2019-07-10 13:51:00,-0.4920340811978008
2019-07-10 13:54:00,-0.5309975110366736
2019-07-10 13:57:00,-0.5573946537745087
2019-07-10 14:00:00,-0.5844079039046619
2019-07-10 14:03:00,-0.5211642169409174
2019-07-10 14:06:00,-0.3735891890840435
2019-07-10 14:09:00,-0.49031504100213397
2019-07-10 14:12:00,-0.53588168443207
2019-07-10 14:15:00,-0.49801250776260986
2019-07-10 14:18:00,-0.4509180582507497
2019-07-10 14:21:00,-0.6240305482979807
2019-07-10 14:24:00,-0.5149075417152176
2019-07-10 14:27:00,-0.586058172982689
2019-07-10 14:30:00,-0.5984976049791726
2019-07-10 14:33:00,-0.4954930010964631
2019-07-10 14:36:00,-0.5694266559912649
2019-07-10 14:39:00,-0.545669836446848
2019-07-10 14:42:00,-0.6154102726915198
2019-07-10 14:45:00,-0.5636018784269368
2019-07-10 14:48:00,-0.6638172589749729
2019-07-10 14:51:00,-0.5026213076017143
2019-07-10 14:54:00,-0.5837969272724877
2019-07-10 14:57:00,-0.4510736559444126
2019-07-10 15:00:00,-0.6097065036693721
2019-07-10 15:03:00,-0.552616201142655
2019-07-10 15:06:00,-0.5049918740143653
2019-07-10 15:09:00,-0.6108734404141956
2019-07-10 15:12:00,-0.660552091092427
2019-07-10 15:15:00,-0.5882020517455544
2019-07-10 15:18:00,-0.461070489716235
2019-07-10 15:21:00,-0.45331715237671233
2019-07-10 15:24:00,-0.5770203127993341
2019-07-10 15:27:00,-0.592152285908071
2019-07-10 15:30:00,-0.45241302863621513
2019-07-10 15:33:00,-0.4415494856928035
2019-07-10 15:36:00,-0.42200997019784836
2019-07-10 15:39:00,-0.46435395174324867
2019-07-10 15:42:00,-0.3139366701487347
2019-07-10 15:45:00,-0.5059508104185397
2019-07-10 15:48:00,-0.47703822614124647
2019-07-10 15:51:00,-0.46943139312315907
2019-07-10 15:54:00,-0.4919835357343345
2019-07-10 15:57:00,-0.49674345295471767
2019-07-10 16:00:00,-0.5291241943946261
2019-07-10 16:03:00,-0.5514061389281437
2019-07-10 16:06:00,-0.5758049089782276
2019-07-10 16:09:00,-0.4433741092051946
2019-07-10 16:12:00,-0.3512367479140721
2019-07-10 16:15:00,-0.3520925542604232
2019-07-10 16:18:00,-0.5053138248700861
2019-07-10 16:21:00,-0.5504771520450618
2019-07-10 16:24:00,-0.44075871077910733
2019-07-10 16:27:00,-0.6105736200410092
2019-07-10 16:30:00,-0.6149091710631183
2019-07-10 16:33:00,-0.5209532633825802
2019-07-10 16:36:00,-0.46850991382757456
2019-07-10 16:39:00,-0.4918065159754974
2019-07-10 16:42:00,-0.48305889072923947
2019-07-10 16:45:00,-0.5950555416146699
2019-07-10 16:48:00,-0.44420274347544364
2019-07-10 16:51:00,-0.5578504088541081
2019-07-10 16:54:00,-0.481353730795945
2019-07-10 16:57:00,-0.36776716645755414
2019-07-10 17:00:00,-0.44840400547195713
2019-07-10 17:03:00,-0.43713385491781764
2019-07-10 17:06:00,-0.41554282743851445
2019-07-10 17:09:00,-0.4411710365175736
2019-07-10 17:12:00,-0.48847066956710705
2019-07-10 17:15:00,-0.4296457410404173
2019-07-10 17:18:00,-0.427030070694002
2019-07-10 17:21:00,-0.41026497573136567
2019-07-10 17:24:00,-0.38303946914840026
2019-07-10 17:27:00,-0.5341376843159651
2019-07-10 17:30:00,-0.35008204666269194
2019-07-10 17:33:00,-0.4526470077510112
2019-07-10 17:36:00,-0.45747051708252684
2019-07-10 17:39:00,-0.39353813453044495
2019-07-10 17:42:00,-0.3584424866262452
2019-07-10 17:45:00,-0.38301363337672
2019-07-10 17:48:00,-0.27746282598337757
2019-07-10 17:51:00,-0.2695996608836708
2019-07-10 17:54:00,-0.1541219581417863
2019-07-10 17:57:00,-0.2572159000550869
2019-07-10 18:00:00,-0.1721953598815844
2019-07-10 18:03:00,-0.1718950216662165
2019-07-10 18:06:00,-0.13951871748776057
2019-07-10 18:09:00,-0.17279101805144137
2019-07-10 18:12:00,-0.22727483218352518
2019-07-10 18:15:00,-0.2078514624536183
2019-07-10 18:18:00,-0.21619875488244134
2019-07-10 18:21:00,-0.11919732542304473
2019-07-10 18:24:00,-0.15365179331837453
2019-07-10 18:27:00,-0.12657044243894688
2019-07-10 18:30:00,-0.10590275978620411
2019-07-10 18:33:00,-0.1363180176848573
2019-07-10 18:36:00,-0.10954975916433796
2019-07-10 18:39:00,-0.09685771598458359
2019-07-10 18:42:00,-0.13302350854502265
2019-07-10 18:45:00,-0.12989398861367363
2019-07-10 18:48:00,-0.18750598414521846
2019-07-10 18:51:00,-0.03619196702021554
2019-07-10 18:54:00,
2019-07-10 18:57:00,
2019-07-10 19:00:00,
2019-07-10 19:03:00,-0.114577388109808
2019-07-10 19:06:00,-0.12320210887139638
2019-07-10 19:09:00,-0.18433725041904836
2019-07-10 19:12:00,-0.12750006819987902
2019-07-10 19:15:00,-0.14895157164221473
2019-07-10 19:18:00,-0.14633861785006275
2019-07-10 19:21:00,-0.0798145507086474
2019-07-10 19:24:00,-0.07748270071073193
2019-07-10 19:27:00,0.054311028446306864
2019-07-10 19:30:00,0.03469532546512255
2019-07-10 19:33:00,0.030013682517051166
2019-07-10 19:36:00,0.026245575846473912
2019-07-10 19:39:00,-0.022353522870218967
2019-07-10 19:42:00,-0.0640443310933847
2019-07-10 19:45:00,0.051232045809967985
2019-07-10 19:48:00,0.02423866151701759
2019-07-10 19:51:00,0.019871667070276544
2019-07-10 19:54:00,-0.016743119742727686
2019-07-10 19:57:00,0.050993200464745314
2019-07-10 20:00:00,-0.011846559264597545
2019-07-10 20:03:00,0.04547846300806668
2019-07-10 20:06:00,-0.039861717211124414
2019-07-10 20:09:00,0.0274957945927099
2019-07-10 20:12:00,-0.0076603478111110235
2019-07-10 20:15:00,0.04102479730880759
2019-07-10 20:18:00,-0.009853096286803975
2019-07-10 20:21:00,-0.10145632684208294
2019-07-10 20:24:00,-0.045486686932690645
2019-07-10 20:27:00,0.022914865028326403
2019-07-10 20:30:00,0.023565137026025695
2019-07-10 20:33:00,-0.03420853497055987
2019-07-10 20:36:00,-0.10379657179316837
2019-07-10 20:39:00,-0.01287122184811551
2019-07-10 20:42:00,-0.06599689174692003
2019-07-10 20:45:00,-0.05283905273563505
2019-07-10 20:48:00,0.05556224693373224
2019-07-10 20:51:00,-0.010400524920783027
2019-07-10 20:54:00,-0.08547981388676362
2019-07-10 20:57:00,-0.07891656415461057
2019-07-10 21:00:00,-0.0031122809964472253
2019-07-10 21:03:00,0.00024960844444876784
2019-07-10 21:06:00,0.05809694469326132
2019-07-10 21:09:00,0.06475925618480005
2019-07-10 21:12:00,0.01327725488397391
2019-07-10 21:15:00,0.08322774228145136
2019-07-10 21:18:00,0.06438165964709697
2019-07-10 21:21:00,0.041425924014106386
2019-07-10 21:24:00,-0.0412215199264665
2019-07-10 21:27:00,0.013961040775427591
2019-07-10 21:30:00,0.16017875244494917
2019-07-10 21:33:00,0.09168728322566722
2019-07-10 21:36:00,0.11773487253503845
2019-07-10 21:39:00,0.14412198040037083
2019-07-10 21:42:00,0.15700332761645086
2019-07-10 21:45:00,0.06232226564765142
2019-07-10 21:48:00,0.06676270640082294
2019-07-10 21:51:00,0.07013450795727749
2019-07-10 21:54:00,0.12884420562136256
2019-07-10 21:57:00,0.1551093685656042
2019-07-10 22:00:00,0.19468155083086458
2019-07-10 22:03:00,0.03263238115374634
2019-07-10 22:06:00,0.07072778674682922
2019-07-10 22:09:00,0.01934381457613199
2019-07-10 22:12:00,0.14708074229082513
2019-07-10 22:15:00,0.075532934262867
2019-07-10 22:18:00,0.16889008063981237
2019-07-10 22:21:00,0.06891814921687
2019-07-10 22:24:00,0.04362096312434005
2019-07-10 22:27:00,0.1302572534205524
2019-07-10 22:30:00,0.09553810456486644
2019-07-10 22:33:00,0.13125719653879742
2019-07-10 22:36:00,0.0372854384565926
2019-07-10 22:39:00,0.09179152754558118
2019-07-10 22:42:00,0.06178107463830429
2019-07-10 22:45:00,0.11436939355957065
2019-07-10 22:48:00,0.08818410575184998
2019-07-10 22:51:00,0.14566965009134947
2019-07-10 22:54:00,0.054368870949190296
2019-07-10 22:57:00,0.12334767197052088
2019-07-10 23:00:00,0.14332879505479923
2019-07-10 23:03:00,0.05260260825144769
2019-07-10 23:06:00,0.17247232686383995
2019-07-10 23:09:00,0.06483646039964697
2019-07-10 23:12:00,0.09420160861992599
2019-07-10 23:15:00,0.06096522854983277
2019-07-10 23:18:00,0.04332492774074126
2019-07-10 23:21:00,0.10772758581333619
2019-07-10 23:24:00,0.20748701826539673
2019-07-10 23:27:00,0.11630697049758965
2019-07-10 23:30:00,0.1685717609387325
2019-07-10 23:33:00,0.10536142301623386
2019-07-10 23:36:00,0.13058020924927405
2019-07-10 23:39:00,0.09665609105417161
2019-07-10 23:42:00,0.18973402563852915
2019-07-10 23:45:00,0.12440302959316796
2019-07-10 23:48:00,0.1432177966312338
2019-07-10 23:51:00,0.13430317763919675
2019-07-10 23:54:00,0.18260539845164203
2019-07-10 23:57:00,0.019276433818845362
2019-07-11 00:00:00,0.0363466368931995
2019-07-11 00:03:00,0.13595523117328412
2019-07-11 00:06:00,0.13733977293918542
2019-07-11 00:09:00,0.0464404319213827
2019-07-11 00:12:00,0.10625297002764
2019-07-11 00:15:00,0.1411314854940997
2019-07-11 00:18:00,0.2338002925992555
2019-07-11 00:21:00,0.21100504911487405
2019-07-11 00:24:00,0.1270779901591368
2019-07-11 00:27:00,0.19877151538253202
2019-07-11 00:30:00,0.10853842846051975
2019-07-11 00:33:00,0.2006560928084582
2019-07-11 00:36:00,0.14344500572218521
2019-07-11 00:39:00,0.27004376978038636
2019-07-11 00:42:00,0.20407998106281866
2019-07-11 00:45:00,0.13740321360432972
2019-07-11 00:48:00,0.1200232928395053
2019-07-11 00:51:00,0.16183930302389626
2019-07-11 00:54:00,0.14369055239535555
2019-07-11 00:57:00,0.09771043977303862
2019-07-11 01:00:00,0.16966790807589405
2019-07-11 01:03:00,0.14082780373445303
2019-07-11 01:06:00,0.053453946334627744
2019-07-11 01:09:00,0.09445241146062244
2019-07-11 01:12:00,0.10208549575116876
2019-07-11 01:15:00,0.1302407068265552
2019-07-11 01:18:00,0.08985801927610737
2019-07-11 01:21:00,0.13476539531046683
2019-07-11 01:24:00,0.18769964380760484
2019-07-11 01:27:00,0.07023145053670987
2019-07-11 01:30:00,0.13240375134483884
2019-07-11 01:33:00,0.06751157066980795
2019-07-11 01:36:00,0.04010000463352981
2019-07-11 01:39:00,0.19708087366825566
2019-07-11 01:42:00,0.16619823583852167
2019-07-11 01:45:00,0.1643898712366081
2019-07-11 01:48:00,0.21677574864531834
2019-07-11 01:51:00,0.36911645594921083
2019-07-11 01:54:00,0.40098238419057
2019-07-11 01:57:00,0.38977951550180023
2019-07-11 02:00:00,0.4523852485350517
2019-07-11 02:03:00,0.44253945775898273
2019-07-11 02:06:00,0.40649052633574456
2019-07-11 02:09:00,0.34338854961117704
2019-07-11 02:12:00,0.39970382647248925
2019-07-11 02:15:00,0.31054867858273383
2019-07-11 02:18:00,0.36943574715877503
2019-07-11 02:21:00,0.38116022243889347
2019-07-11 02:24:00,0.3822437554371163
2019-07-11 02:27:00,0.3360266517186119
2019-07-11 02:30:00,0.3858877067579556
2019-07-11 02:33:00,0.44084569714732424
2019-07-11 02:36:00,0.38653074944392074
2019-07-11 02:39:00,0.35455159640969214
2019-07-11 02:42:00,0.3055016648592641
2019-07-11 02:45:00,0.36244054661307246
2019-07-11 02:48:00,0.3725203075875356
2019-07-11 02:51:00,0.4663867695081194
2019-07-11 02:54:00,0.43600999312604927
2019-07-11 02:57:00,0.26929384898772923
2019-07-11 03:00:00,0.24058050710846146
2019-07-11 03:03:00,0.24025452854328933
2019-07-11 03:06:00,0.3329951146706662
2019-07-11 03:09:00,0.2508543864396984
2019-07-11 03:12:00,0.23757385176844537
2019-07-11 03:15:00,0.21921249343944282
2019-07-11 03:18:00,0.2812188585929789
2019-07-11 03:21:00,0.29752654151008073
2019-07-11 03:24:00,0.27588817899669493
2019-07-11 03:27:00,0.3075402407931165
2019-07-11 03:30:00,0.27349680793429343
2019-07-11 03:33:00,0.25827758227006825
2019-07-11 03:36:00,0.28909399670351377
2019-07-11 03:39:00,0.3002724330121396
2019-07-11 03:42:00,0.20298239727128475
2019-07-11 03:45:00,0.23085609551452535
2019-07-11 03:48:00,0.28676353627975004
2019-07-11 03:51:00,0.31432692948686736
2019-07-11 03:54:00,0.2428617065634171
2019-07-11 03:57:00,0.272574845942529
2019-07-11 04:00:00,0.3303072564366971
2019-07-11 04:03:00,0.3095632497822862
2019-07-11 04:06:00,0.2914156383477575
2019-07-11 04:09:00,0.4169310448125998
2019-07-11 04:12:00,0.3072891554684247
2019-07-11 04:15:00,0.3593828640271113
2019-07-11 04:18:00,0.3565479470370292
2019-07-11 04:21:00,0.3791327836864866
2019-07-11 04:24:00,0.3097688495642501
2019-07-11 04:27:00,0.3815350823599033
2019-07-11 04:30:00,0.4110001618170145
2019-07-11 04:33:00,0.40459892779892925
2019-07-11 04:36:00,0.35699136003489684
2019-07-11 04:39:00,0.3593740771877947
2019-07-11 04:42:00,0.264735383683103
2019-07-11 04:45:00,0.2206192262000286
2019-07-11 04:48:00,0.2689890360208551
2019-07-11 04:51:00,0.3593201880522088
2019-07-11 04:54:00,0.34053778361010245
2019-07-11 04:57:00,0.25961021093053205
2019-07-11 05:00:00,0.247439639221966
2019-07-11 05:03:00,0.263970228565654
2019-07-11 05:06:00,0.3263702258784065
2019-07-11 05:09:00,0.3547987611671033
2019-07-11 05:12:00,0.3500125236027998
2019-07-11 05:15:00,0.3729400908753746
2019-07-11 05:18:00,0.2791300673932824
2019-07-11 05:21:00,0.4374415827016378
2019-07-11 05:24:00,0.30104544843254644
2019-07-11 05:27:00,0.38425855640599593
2019-07-11 05:30:00,0.3980879818928429
2019-07-11 05:33:00,0.378874677627266
2019-07-11 05:36:00,0.35997185302039725
2019-07-11 05:39:00,0.35811785024986875
2019-07-11 05:42:00,0.346088450381842
2019-07-11 05:45:00,0.5015007444586104
2019-07-11 05:48:00,0.3793131182471825
2019-07-11 05:51:00,0.34169778199583334
2019-07-11 05:54:00,0.49079543543126647
2019-07-11 05:57:00,0.45666318037996234
2019-07-11 06:00:00,0.4184718416992155
2019-07-11 06:03:00,0.45415791492172275
2019-07-11 06:06:00,0.40991113733139173
2019-07-11 06:09:00,0.42198082942366
2019-07-11 06:12:00,0.39611546984514234
2019-07-11 06:15:00,0.402999576930938
2019-07-11 06:18:00,0.34906355219834495
2019-07-11 06:21:00,0.38846682250601816
2019-07-11 06:24:00,0.3956009236817408
2019-07-11 06:27:00,0.3831921727068561
2019-07-11 06:30:00,0.32480900970466564
2019-07-11 06:33:00,0.3761867786082007
2019-07-11 06:36:00,0.35033348058738056
2019-07-11 06:39:00,0.3353055312297215
2019-07-11 06:42:00,0.3726200897892227
2019-07-11 06:45:00,0.4158814515409972
2019-07-11 06:48:00,0.3088716771870281
2019-07-11 06:51:00,0.34852452992799954
2019-07-11 06:54:00,0.39940968269570476
2019-07-11 06:57:00,0.3633668348736592
2019-07-11 07:00:00,0.45081258413233627
2019-07-11 07:03:00,0.3278030526527118
2019-07-11 07:06:00,0.31937407319571776
2019-07-11 07:09:00,0.36482660158566205
2019-07-11 07:12:00,0.3421908398928508
2019-07-11 07:15:00,0.3643749879974507
2019-07-11 07:18:00,0.375618156845519
2019-07-11 07:21:00,0.42510331309125604
2019-07-11 07:24:00,0.31157635039096476
2019-07-11 07:27:00,0.3659518338836847
2019-07-11 07:30:00,0.26415946790780254
2019-07-11 07:33:00,0.25596037550712936
2019-07-11 07:36:00,0.297650196227778
2019-07-11 07:39:00,0.26355305302581655
2019-07-11 07:42:00,0.3125993513767753
2019-07-11 07:45:00,0.2964776406254259
2019-07-11 07:48:00,0.33244577488511595
2019-07-11 07:51:00,0.4133593027032134
2019-07-11 07:54:00,0.3362216988298883
2019-07-11 07:57:00,0.2641475753429745
2019-07-11 08:00:00,0.29757862436343885
2019-07-11 08:03:00,0.32713621489347133
2019-07-11 08:06:00,0.3873879588272757
2019-07-11 08:09:00,0.3521744363057451
2019-07-11 08:12:00,0.2584374546975141
2019-07-11 08:15:00,0.22440282230388675
2019-07-11 08:18:00,0.26490578098821516
2019-07-11 08:21:00,0.24215436248545075
2019-07-11 08:24:00,0.2847804230233919
2019-07-11 08:27:00,0.18478346929890677
2019-07-11 08:30:00,0.32732824421600526
2019-07-11 08:33:00,0.3630320202792632
2019-07-11 08:36:00,0.3548363644850383
2019-07-11 08:39:00,0.19596328878515124
2019-07-11 08:42:00,0.2787415525511392
2019-07-11 08:45:00,0.17174208652693324
2019-07-11 08:48:00,0.13386906082195082
2019-07-11 08:51:00,0.15753822907441872
2019-07-11 08:54:00,0.13808810350298018
2019-07-11 08:57:00,0.20419249749954815
2019-07-11 09:00:00,0.14508667139898535
2019-07-11 09:03:00,0.1659955061703613
2019-07-11 09:06:00,0.11523363256276298
2019-07-11 09:09:00,0.04312424851332253
2019-07-11 09:12:00,0.1687498481128955
2019-07-11 09:15:00,0.10282054814410913
2019-07-11 09:18:00,0.15434180086884908
2019-07-11 09:21:00,0.13695212367224485
2019-07-11 09:24:00,0.19501547574310507
2019-07-11 09:27:00,0.10117399776595448
2019-07-11 09:30:00,0.10799185272412615
2019-07-11 09:33:00,0.036595749357275054
2019-07-11 09:36:00,-0.005033312607224616
2019-07-11 09:39:00,0.14940499434533194
2019-07-11 09:42:00,-0.0013611867535701094
2019-07-11 09:45:00,0.057242047994634504
2019-07-11 09:48:00,-0.014073886095218313
2019-07-11 09:51:00,-0.0026888489237535396
2019-07-11 09:54:00,0.025489654810030515
2019-07-11 09:57:00,-0.07738333086552984
2019-07-11 10:00:00,-0.029868509253446973
2019-07-11 10:03:00,-0.02796538302504814
2019-07-11 10:06:00,0.06437652565398366
2019-07-11 10:09:00,-0.011367921607586595
2019-07-11 10:12:00,-0.01717209816365539
2019-07-11 10:15:00,-0.0009568500822751957
2019-07-11 10:18:00,0.00950180800458611
2019-07-11 10:21:00,-0.03219237093179572
2019-07-11 10:24:00,-0.0748929204551132
2019-07-11 10:27:00,0.05425942173508247
2019-07-11 10:30:00,-0.0927630211058954
2019-07-11 10:33:00,0.009449441138826842
2019-07-11 10:36:00,-0.020298799132206113
2019-07-11 10:39:00,-0.046707052970816676
2019-07-11 10:42:00,-0.06441759973023409
2019-07-11 10:45:00,-0.07368857002234108
2019-07-11 10:48:00,0.04039609900951291
2019-07-11 10:51:00,0.8377136080185323
2019-07-11 10:54:00,-0.07857268403739681
2019-07-11 10:57:00,-0.06801839747686245
2019-07-11 11:00:00,-0.1201845590877042
2019-07-11 11:03:00,-0.10772151097160076
2019-07-11 11:06:00,-0.14859167369110082
2019-07-11 11:09:00,-0.19381036021644604
2019-07-11 11:12:00,-0.039735747440431624
2019-07-11 11:15:00,-0.1761790224133506
2019-07-11 11:18:00,-0.13855241667243945
2019-07-11 11:21:00,-0.09730940863920523
2019-07-11 11:24:00,-0.1167010398369257
2019-07-11 11:27:00,-0.10880712854577723
2019-07-11 11:30:00,-0.14832402731502725
2019-07-11 11:33:00,-0.19060951497340284
2019-07-11 11:36:00,-0.11497184292522888
2019-07-11 11:39:00,-0.20194551940710426
2019-07-11 11:42:00,-0.19905561056395982
2019-07-11 11:45:00,-0.1157375220163317
2019-07-11 11:48:00,-0.16846462794825356
2019-07-11 11:51:00,-0.2418833564983629
2019-07-11 11:54:00,-0.24808039136206617
2019-07-11 11:57:00,-0.16587421302631356
2019-07-11 12:00:00,-0.1309746129746827
2019-07-11 12:03:00,-0.05586809988551522
2019-07-11 12:06:00,-0.12946612287089465
2019-07-11 12:09:00,-0.19067495145185376
2019-07-11 12:12:00,-0.2260381133016267
2019-07-11 12:15:00,-0.24648682632266627
2019-07-11 12:18:00,-0.22179187831335412
2019-07-11 12:21:00,-0.30099574567873333
2019-07-11 12:24:00,-0.20015501623834098
2019-07-11 12:27:00,-0.22546924117983735
2019-07-11 12:30:00,-0.3353090677027808
2019-07-11 12:33:00,-0.2703057247559286
2019-07-11 12:36:00,-0.2216549947592057
2019-07-11 12:39:00,-0.3443282323092376
2019-07-11 12:42:00,-0.26319023219519977
2019-07-11 12:45:00,-0.2716311461155101
2019-07-11 12:48:00,-0.2675614294368529
2019-07-11 12:51:00,-0.2707045464380258
2019-07-11 12:54:00,-0.29188668102398196
2019-07-11 12:57:00,-0.33757193771987204
2019-07-11 13:00:00,-0.2215523375622297
2019-07-11 13:03:00,-0.25339016390205416
2019-07-11 13:06:00,-0.30755051432174696
2019-07-11 13:09:00,-0.28666210612914256
2019-07-11 13:12:00,-0.24965427569014764
2019-07-11 13:15:00,-0.36494859516920997
2019-07-11 13:18:00,-0.2542066045172646
2019-07-11 13:21:00,-0.3271766152639657
2019-07-11 13:24:00,-0.3067547304119671
2019-07-11 13:27:00,-0.2368697088967906
2019-07-11 13:30:00,-0.35259990453141654
2019-07-11 13:33:00,-0.23732128436137145
2019-07-11 13:36:00,-0.28399102517505526
2019-07-11 13:39:00,-0.2485621602461947
2019-07-11 13:42:00,-0.09945333951418434
2019-07-11 13:45:00,-0.135822076335387
2019-07-11 13:48:00,-0.07087711369894123
2019-07-11 13:51:00,-0.25392979960804496
2019-07-11 13:54:00,-0.2970889170412079
2019-07-11 13:57:00,-0.2906655423684583
2019-07-11 14:00:00,-0.3634926003605301
2019-07-11 14:03:00,-0.30064107497571513
2019-07-11 14:06:00,-0.42897291715189567
2019-07-11 14:09:00,-0.34813157880984136
2019-07-11 14:12:00,-0.32867998982237623
2019-07-11 14:15:00,-0.31271507844041935
2019-07-11 14:18:00,-0.3502982038040159
2019-07-11 14:21:00,-0.3424890440689978
2019-07-11 14:24:00,-0.1823798815516966
2019-07-11 14:27:00,-0.31127362838583394
2019-07-11 14:30:00,-0.31688175778674577
2019-07-11 14:33:00,-0.3149273497738818
2019-07-11 14:36:00,-0.36848111070463574
2019-07-11 14:39:00,-0.3253441466418394
2019-07-11 14:42:00,-0.31193778660082216
2019-07-11 14:45:00,-0.25859112551108865
2019-07-11 14:48:00,-0.31058945398598325
2019-07-11 14:51:00,-0.3756757057453797
2019-07-11 14:54:00,-0.2959950889990637
2019-07-11 14:57:00,-0.3897054028133766
2019-07-11 15:00:00,-0.3821093982766115
2019-07-11 15:03:00,-0.3501870109931815
2019-07-11 15:06:00,-0.34573159787174745
2019-07-11 15:09:00,-0.18823041675284458
2019-07-11 15:12:00,-0.40147545038286125
2019-07-11 15:15:00,-0.19906762667221756
2019-07-11 15:18:00,-0.33040484022154715
2019-07-11 15:21:00,-0.2896715507686167
2019-07-11 15:24:00,-0.3041792714026883
2019-07-11 15:27:00,-0.29708874259745244
2019-07-11 15:30:00,-0.43453377328535225
2019-07-11 15:33:00,-0.3484573467236487
2019-07-11 15:36:00,-0.45769894869999916
2019-07-11 15:39:00,-0.49697320423172187
2019-07-11 15:42:00,-0.5274288740572501
2019-07-11 15:45:00,-0.41190915054687594
2019-07-11 15:48:00,-0.399521295326565
2019-07-11 15:51:00,-0.4235863837358238
2019-07-11 15:54:00,-0.5890995686166889
2019-07-11 15:57:00,-0.47306260245483145
2019-07-11 16:00:00,-0.4208541972552666
2019-07-11 16:03:00,-0.4125221481471044
2019-07-11 16:06:00,-0.4840757423958735
2019-07-11 16:09:00,-0.5379381180647442
2019-07-11 16:12:00,-0.3620529864972468
2019-07-11 16:15:00,-0.5137710033347389
2019-07-11 16:18:00,-0.4743659369023021
2019-07-11 16:21:00,-0.3605067291137516
2019-07-11 16:24:00,-0.4746158162773213
2019-07-11 16:27:00,-0.395712489109485
2019-07-11 16:30:00,-0.40420197519569
2019-07-11 16:33:00,-0.3325346293826783
2019-07-11 16:36:00,-0.2952343678372813
2019-07-11 16:39:00,-0.31827456864624537
2019-07-11 16:42:00,-0.22475681451550145
2019-07-11 16:45:00,-0.2819639332679458
2019-07-11 16:48:00,-0.40318644742876586
2019-07-11 16:51:00,-0.21714714074420272
2019-07-11 16:54:00,-0.3606502776884781
2019-07-11 16:57:00,-0.24726128329479025
2019-07-11 17:00:00,-0.2702456321513864
2019-07-11 17:03:00,-0.347377055560969
2019-07-11 17:06:00,-0.2495826348800847
2019-07-11 17:09:00,-0.2834925523257539
2019-07-11 17:12:00,-0.24566575525921053
2019-07-11 17:15:00,-0.27425260675732943
2019-07-11 17:18:00,-0.35218780878375355
2019-07-11 17:21:00,-0.25098920144688464
2019-07-11 17:24:00,-0.35083859987059896
2019-07-11 17:27:00,-0.2943870219614837
2019-07-11 17:30:00,-0.2895750944736619
2019-07-11 17:33:00,-0.34025246325631997
2019-07-11 17:36:00,-0.20594701008474203
2019-07-11 17:39:00,-0.3000980499351158
2019-07-11 17:42:00,-0.19637730342708437
2019-07-11 17:45:00,-0.18688994487933996
2019-07-11 17:48:00,-0.27367475206483505
2019-07-11 17:51:00,-0.22247998602784946
2019-07-11 17:54:00,-0.26530756674361555
2019-07-11 17:57:00,-0.19225355953568624
2019-07-11 18:00:00,-0.15108518330526977
2019-07-11 18:03:00,-0.24180924198998355
2019-07-11 18:06:00,-0.10496625930710479
2019-07-11 18:09:00,-0.12564469748349438
2019-07-11 18:12:00,-0.077463895598612
2019-07-11 18:15:00,-0.13759810694244834
2019-07-11 18:18:00,-0.19872154506504103
2019-07-11 18:21:00,-0.17450652588831872
2019-07-11 18:24:00,-0.18448319793873225
2019-07-11 18:27:00,-0.24483608729468642
2019-07-11 18:30:00,-0.22288189446430806
2019-07-11 18:33:00,-0.17090573459597636
2019-07-11 18:36:00,-0.10721977571915886
2019-07-11 18:39:00,-0.034229865919712665
2019-07-11 18:42:00,-0.15124361154119015
2019-07-11 18:45:00,-0.163113439254289
2019-07-11 18:48:00,-0.09591516524562849
2019-07-11 18:51:00,-0.08790128024270416
2019-07-11 18:54:00,
2019-07-11 18:57:00,
2019-07-11 19:00:00,
2019-07-11 19:03:00,-0.10997609707322908
2019-07-11 19:06:00,-0.1670176892616837
2019-07-11 19:09:00,-0.035035337465728844
2019-07-11 19:12:00,-0.10072495268309467
2019-07-11 19:15:00,-0.0923676561150728
2019-07-11 19:18:00,-0.06687249109018012
2019-07-11 19:21:00,-0.04334800652776494
2019-07-11 19:24:00,-0.022009642636419358
2019-07-11 19:27:00,-0.050332178857161125
2019-07-11 19:30:00,-0.11462401914968723
2019-07-11 19:33:00,-0.04879719216972944
2019-07-11 19:36:00,-0.022621981047677764
2019-07-11 19:39:00,-0.06688482679157914
2019-07-11 19:42:00,0.024250137037938657
2019-07-11 19:45:00,0.022329480844405225
2019-07-11 19:48:00,-0.05471990747531663
2019-07-11 19:51:00,-0.0002953595013082122
2019-07-11 19:54:00,-0.03238782601965795
2019-07-11 19:57:00,0.0025599839418077863
2019-07-11 20:00:00,-0.04714791425533349
2019-07-11 20:03:00,-0.026231391756596167
2019-07-11 20:06:00,0.04129640906177201
2019-07-11 20:09:00,-0.027913450073981494
2019-07-11 20:12:00,-0.0009727791106683981
2019-07-11 20:15:00,-0.15305768749283288
2019-07-11 20:18:00,0.026242556628119473
2019-07-11 20:21:00,-0.10202275138527739
2019-07-11 20:24:00,0.01678850236959306
2019-07-11 20:27:00,0.008912648622469987
2019-07-11 20:30:00,-0.06106856397076399
2019-07-11 20:33:00,-0.013421349022792128
2019-07-11 20:36:00,0.08535179532037773
2019-07-11 20:39:00,-0.008643970022149006
2019-07-11 20:42:00,0.023423487873174054
2019-07-11 20:45:00,-0.06451707699659437
2019-07-11 20:48:00,0.0017449515113980851
2019-07-11 20:51:00,-0.01871796191943531
2019-07-11 20:54:00,0.04428191041910168
2019-07-11 20:57:00,0.020487425110900404
2019-07-11 21:00:00,0.02627099702385749
2019-07-11 21:03:00,0.06163552079965484
2019-07-11 21:06:00,0.03237040545008085
2019-07-11 21:09:00,0.05187587421437456
2019-07-11 21:12:00,-0.026046925601008297
2019-07-11 21:15:00,-0.006327333419335446
2019-07-11 21:18:00,-0.06715982709533819
2019-07-11 21:21:00,-0.10985568170821125
2019-07-11 21:24:00,0.03638301888258866
2019-07-11 21:27:00,0.009595683533348165
2019-07-11 21:30:00,0.06646346869666786
2019-07-11 21:33:00,-0.010534923525540307
2019-07-11 21:36:00,-0.01170400675403016
2019-07-11 21:39:00,0.05325515632119959
2019-07-11 21:42:00,0.09673478886941211
2019-07-11 21:45:00,-0.0011299979076397904
2019-07-11 21:48:00,0.018782782777748253
2019-07-11 21:51:00,0.05105155025188424
2019-07-11 21:54:00,0.03234324949033862
2019-07-11 21:57:00,0.04779390006564199
2019-07-11 22:00:00,0.0690086085242001
2019-07-11 22:03:00,0.1493609914988383
2019-07-11 22:06:00,0.04412224053595537
2019-07-11 22:09:00,0.09487782013820834
2019-07-11 22:12:00,0.13026626961681131
2019-07-11 22:15:00,0.04051012179451163
2019-07-11 22:18:00,0.036664064738261004
2019-07-11 22:21:00,-0.037518517670150686
2019-07-11 22:24:00,0.11765628017195695
2019-07-11 22:27:00,0.10605615276261915
2019-07-11 22:30:00,0.07023220880205372
2019-07-11 22:33:00,0.0683135980696079
2019-07-11 22:36:00,0.19917053912104166
2019-07-11 22:39:00,0.09323059760549768
2019-07-11 22:42:00,0.08744890547319528
2019-07-11 22:45:00,0.11425109085575968
2019-07-11 22:48:00,0.14029919056565632
2019-07-11 22:51:00,0.16353062004924368
2019-07-11 22:54:00,0.02932585427686263
2019-07-11 22:57:00,0.13215964305823036
2019-07-11 23:00:00,0.16517352002978214
2019-07-11 23:03:00,0.08655174146525724
2019-07-11 23:06:00,0.11047309031778241
2019-07-11 23:09:00,0.12019911517302262
2019-07-11 23:12:00,0.09193289365464352
2019-07-11 23:15:00,-0.030513451622539378
2019-07-11 23:18:00,0.013340555442312052
2019-07-11 23:21:00,0.1412117840968108
2019-07-11 23:24:00,0.02150519782429683
2019-07-11 23:27:00,0.0921305317163501
2019-07-11 23:30:00,0.005099667553224663
2019-07-11 23:33:00,0.06538936416308161
2019-07-11 23:36:00,0.07090231006657177
2019-07-11 23:39:00,0.0419741119299033
2019-07-11 23:42:00,-0.004827276176740725
2019-07-11 23:45:00,0.06315189270225119
2019-07-11 23:48:00,-0.022663400676890433
2019-07-11 23:51:00,0.09304760301085935
2019-07-11 23:54:00,0.1261593152395335
2019-07-11 23:57:00,0.06183947091403752
2019-07-12 00:00:00,0.1062580953701513
2019-07-12 00:03:00,0.12859082591842252
2019-07-12 00:06:00,0.17215255372423144
2019-07-12 00:09:00,0.06955174653717222
2019-07-12 00:12:00,0.037492338515789925
2019-07-12 00:15:00,0.11100242608654298
2019-07-12 00:18:00,0.15234082220149503
2019-07-12 00:21:00,0.08167324789769737
2019-07-12 00:24:00,0.11896275036451698
2019-07-12 00:27:00,0.10997434844608733
2019-07-12 00:30:00,0.20670734943206526
2019-07-12 00:33:00,0.060436588740913066
2019-07-12 00:36:00,0.18651000502501347
2019-07-12 00:39:00,0.09812609302946385
2019-07-12 00:42:00,0.1436363777898464
2019-07-12 00:45:00,0.11433669559465898
2019-07-12 00:48:00,0.12679836408193523
2019-07-12 00:51:00,0.17775729886409408
2019-07-12 00:54:00,0.19250810007252994
2019-07-12 00:57:00,0.22551035522434404
2019-07-12 01:00:00,0.1757663430859111
2019-07-12 01:03:00,0.24923672063977165
2019-07-12 01:06:00,0.31650952141598054
2019-07-12 01:09:00,0.41094153179062687
2019-07-12 01:12:00,0.4232742108307548
2019-07-12 01:15:00,0.37288446817444765
2019-07-12 01:18:00,0.3934733106032695
2019-07-12 01:21:00,0.3812270739774135
2019-07-12 01:24:00,0.4480548420989976
2019-07-12 01:27:00,0.2337760243435696
2019-07-12 01:30:00,0.3213284679825392
2019-07-12 01:33:00,0.3386421823238379
2019-07-12 01:36:00,0.2743854451499601
2019-07-12 01:39:00,0.1604250096238502
2019-07-12 01:42:00,0.0899704348104251
2019-07-12 01:45:00,0.26676040512597865
2019-07-12 01:48:00,0.23200712232272735
2019-07-12 01:51:00,0.26472505925579526
2019-07-12 01:54:00,0.17038612017518062
2019-07-12 01:57:00,0.15864673357697257
2019-07-12 02:00:00,0.14771555346857212
2019-07-12 02:03:00,0.1554264781689767
2019-07-12 02:06:00,0.17578138395941778
2019-07-12 02:09:00,0.23739240335999057
2019-07-12 02:12:00,0.22626987863105796
2019-07-12 02:15:00,0.2886551831894053
2019-07-12 02:18:00,0.22508928939208772
2019-07-12 02:21:00,0.24551006273679832
2019-07-12 02:24:00,0.14384823260542134
2019-07-12 02:27:00,0.17205740590111418
2019-07-12 02:30:00,0.25005238928440576
2019-07-12 02:33:00,0.27085933053672306
2019-07-12 02:36:00,0.2246547724435004
2019-07-12 02:39:00,0.23244593927614687
2019-07-12 02:42:00,0.31445410023997056
2019-07-12 02:45:00,0.18968137796383644
2019-07-12 02:48:00,0.18722222567157587
2019-07-12 02:51:00,0.17923006513262862
2019-07-12 02:54:00,0.15161840009670868
2019-07-12 02:57:00,0.23950505027676172
2019-07-12 03:00:00,0.2521147675865336
2019-07-12 03:03:00,0.17190412662682775
2019-07-12 03:06:00,0.16125931735405175
2019-07-12 03:09:00,0.12700269190202107
2019-07-12 03:12:00,0.19782497385807574
2019-07-12 03:15:00,0.3229912948416995
2019-07-12 03:18:00,0.28143916046155937
2019-07-12 03:21:00,0.2142602977083925
2019-07-12 03:24:00,0.2540001063812838
2019-07-12 03:27:00,0.27492140233482587
2019-07-12 03:30:00,0.2802017181934957
2019-07-12 03:33:00,0.22949304624870592
2019-07-12 03:36:00,0.20505013083078438
2019-07-12 03:39:00,0.25235802319326694
2019-07-12 03:42:00,0.24701203248264392
2019-07-12 03:45:00,0.30114848589084886
2019-07-12 03:48:00,0.19816842315617578
2019-07-12 03:51:00,0.17910760330931907
2019-07-12 03:54:00,0.2919407256122213
2019-07-12 03:57:00,0.2596029051436517
2019-07-12 04:00:00,0.24788546626894004
2019-07-12 04:03:00,0.14098540361391088
2019-07-12 04:06:00,0.23124307048891524
2019-07-12 04:09:00,0.20320092832719183
2019-07-12 04:12:00,0.23871347014551247
2019-07-12 04:15:00,0.2625024495724233
2019-07-12 04:18:00,0.3248155401933559
2019-07-12 04:21:00,0.3427144104920785
2019-07-12 04:24:00,0.24641874618345128
2019-07-12 04:27:00,0.2870997579631762
2019-07-12 04:30:00,0.38225858962056236
2019-07-12 04:33:00,0.21268145472271272
2019-07-12 04:36:00,0.21073125099280787
2019-07-12 04:39:00,0.3455744717796847
2019-07-12 04:42:00,0.29789204362288046
2019-07-12 04:45:00,0.3889015622026477
2019-07-12 04:48:00,0.31902199064762726
2019-07-12 04:51:00,0.3965204403571079
2019-07-12 04:54:00,0.27142863000267425
2019-07-12 04:57:00,0.3405060434520806
2019-07-12 05:00:00,0.34359697897411934
2019-07-12 05:03:00,0.34229793535052977
2019-07-12 05:06:00,0.22775240225422522
2019-07-12 05:09:00,0.23172375068736528
2019-07-12 05:12:00,0.28149519975897874
2019-07-12 05:15:00,0.27840418368248265
2019-07-12 05:18:00,0.3471044584910601
2019-07-12 05:21:00,0.38735748488727495
2019-07-12 05:24:00,0.294136659892672
2019-07-12 05:27:00,0.32601138132685037
2019-07-12 05:30:00,0.35851793886001815
2019-07-12 05:33:00,0.3277644929856933
2019-07-12 05:36:00,0.24285451281315318
2019-07-12 05:39:00,0.3250244302789156
2019-07-12 05:42:00,0.40827934764365637
2019-07-12 05:45:00,0.36859701132289047
2019-07-12 05:48:00,0.30463448402969107
2019-07-12 05:51:00,0.36431010191211044
2019-07-12 05:54:00,0.29787899000211837
2019-07-12 05:57:00,0.2909269009538207
2019-07-12 06:00:00,0.3173689435922711
2019-07-12 06:03:00,0.19764487395678998
2019-07-12 06:06:00,0.26053887507424633
2019-07-12 06:09:00,0.2593449080945902
2019-07-12 06:12:00,0.34398593635364705
2019-07-12 06:15:00,0.3194494263311185
2019-07-12 06:18:00,0.2895387723527847
2019-07-12 06:21:00,0.3611943745319195
2019-07-12 06:24:00,0.3174098302842481
2019-07-12 06:27:00,0.3462203122623464
2019-07-12 06:30:00,0.4287517436055168
2019-07-12 06:33:00,0.40145392508605937
2019-07-12 06:36:00,0.3463274338122915
2019-07-12 06:39:00,0.3905314471174961
2019-07-12 06:42:00,0.2914700323228203
2019-07-12 06:45:00,0.2953944404804929
2019-07-12 06:48:00,0.26686245084164284
2019-07-12 06:51:00,0.30094175848506666
2019-07-12 06:54:00,0.3269303356805153
2019-07-12 06:57:00,0.22490828459444856
2019-07-12 07:00:00,0.3118214504147545
2019-07-12 07:03:00,0.2292347920534894
2019-07-12 07:06:00,0.2954553994986213
2019-07-12 07:09:00,0.34719825471358945
2019-07-12 07:12:00,0.21098079260849545
2019-07-12 07:15:00,0.23578264201233878
2019-07-12 07:18:00,0.3802994377582536
2019-07-12 07:21:00,0.26625973355493215
2019-07-12 07:24:00,0.2775358688203937
2019-07-12 07:27:00,0.322367430742986
2019-07-12 07:30:00,0.2492709148209542
2019-07-12 07:33:00,0.22817000472770133
2019-07-12 07:36:00,0.3095265967908176
2019-07-12 07:39:00,0.16881986750200895
2019-07-12 07:42:00,0.2690643970414044
2019-07-12 07:45:00,0.25133172108519375
2019-07-12 07:48:00,0.2728733405678554
2019-07-12 07:51:00,0.2719067346391739
2019-07-12 07:54:00,0.215199094966124
2019-07-12 07:57:00,0.28853946176514
2019-07-12 08:00:00,0.28025860452925144
2019-07-12 08:03:00,0.27362606037451087
2019-07-12 08:06:00,0.1328226676720874
2019-07-12 08:09:00,0.24919066933449585
2019-07-12 08:12:00,0.173277179380932
2019-07-12 08:15:00,0.2231209814279964
2019-07-12 08:18:00,0.21943388622094062
2019-07-12 08:21:00,0.18803762441427807
2019-07-12 08:24:00,0.16707221776317738
2019-07-12 08:27:00,0.1770508727592528
2019-07-12 08:30:00,0.13346289107113307
2019-07-12 08:33:00,0.09709858897764434
2019-07-12 08:36:00,0.11036230368523547
2019-07-12 08:39:00,0.07476392784116115
2019-07-12 08:42:00,0.10722828165069132
2019-07-12 08:45:00,0.05937789322354092
2019-07-12 08:48:00,0.10017283488360818
2019-07-12 08:51:00,0.0005560780326732129
2019-07-12 08:54:00,0.13130364144888063
2019-07-12 08:57:00,0.11025513420554489
2019-07-12 09:00:00,0.0752769083203475
2019-07-12 09:03:00,0.07657330600255818
2019-07-12 09:06:00,-0.02934482248610948
2019-07-12 09:09:00,-0.016650864308928703
2019-07-12 09:12:00,-0.011945924242240835
2019-07-12 09:15:00,0.025605776632573907
2019-07-12 09:18:00,0.02007495714065044
2019-07-12 09:21:00,9.250957981521424e-05
2019-07-12 09:24:00,0.05073634314493347
2019-07-12 09:27:00,0.010601971322500958
2019-07-12 09:30:00,0.009597438149114623
2019-07-12 09:33:00,-0.06272433161757363
2019-07-12 09:36:00,-0.05971608695926989
2019-07-12 09:39:00,-0.09205423737802221
2019-07-12 09:42:00,0.0008092224891811384
2019-07-12 09:45:00,-0.15554867138411055
2019-07-12 09:48:00,-0.06259764813404445
2019-07-12 09:51:00,-0.04039705267894078
2019-07-12 09:54:00,-0.15398817651134777
2019-07-12 09:57:00,-0.10434599867608085
2019-07-12 10:00:00,-0.11651837259353215
2019-07-12 10:03:00,-0.07480503816907458
2019-07-12 10:06:00,-0.10116678152354552
2019-07-12 10:09:00,0.03282271676221171
2019-07-12 10:12:00,-0.17722936359683672
2019-07-12 10:15:00,-0.07934313345054989
2019-07-12 10:18:00,0.013993132525513374
2019-07-12 10:21:00,-0.13049778061764528
2019-07-12 10:24:00,-0.13138144242759608
2019-07-12 10:27:00,-0.1531651547313686
2019-07-12 10:30:00,-0.11108769034177612
2019-07-12 10:33:00,-0.24299518972259193
2019-07-12 10:36:00,-0.1330710810775031
2019-07-12 10:39:00,-0.22054823424889491
2019-07-12 10:42:00,-0.16045814021714477
2019-07-12 10:45:00,-0.24372907162467072
2019-07-12 10:48:00,-0.2625027741364647
2019-07-12 10:51:00,-0.19018291679827826
2019-07-12 10:54:00,-0.18333335910995174
2019-07-12 10:57:00,-0.19005957628672832
2019-07-12 11:00:00,-0.1668447442096408
2019-07-12 11:03:00,-0.15281526849952343
2019-07-12 11:06:00,-0.18042569836080702
2019-07-12 11:09:00,-0.27232123367713257
2019-07-12 11:12:00,-0.159849783931179
2019-07-12 11:15:00,-0.2194852838987913
2019-07-12 11:18:00,-0.2881200931846024
2019-07-12 11:21:00,-0.32189834758452207
2019-07-12 11:24:00,-0.36083636548670484
2019-07-12 11:27:00,-0.303259355675948
2019-07-12 11:30:00,-0.15684611301628593
2019-07-12 11:33:00,-0.24659592443663314
2019-07-12 11:36:00,-0.2686908825087926
2019-07-12 11:39:00,-0.2769651733897831
2019-07-12 11:42:00,-0.2710263481173456
2019-07-12 11:45:00,-0.24528386562332116
2019-07-12 11:48:00,-0.18994222861738308
2019-07-12 11:51:00,-0.191564967994168
2019-07-12 11:54:00,-0.3262021171007632
2019-07-12 11:57:00,-0.18323283037824467
2019-07-12 12:00:00,-0.1988202378445294
2019-07-12 12:03:00,-0.11653863921020502
2019-07-12 12:06:00,-0.2561894801892777
2019-07-12 12:09:00,-0.15195113134058147
2019-07-12 12:12:00,-0.3053417329974195
2019-07-12 12:15:00,-0.21105981864144496
2019-07-12 12:18:00,-0.08385498684964432
2019-07-12 12:21:00,-0.1908833847738265
2019-07-12 12:24:00,-0.163222286159737
2019-07-12 12:27:00,-0.07730553788042016
2019-07-12 12:30:00,-0.12317342912677987
2019-07-12 12:33:00,-0.07164958407491895
2019-07-12 12:36:00,-0.18574942568591268
2019-07-12 12:39:00,-0.27706817460170896
2019-07-12 12:42:00,-0.30547384200161787
2019-07-12 12:45:00,-0.2382207098623894
2019-07-12 12:48:00,-0.26857217623381757
2019-07-12 12:51:00,-0.23568253374327242
2019-07-12 12:54:00,-0.20596974661600598
2019-07-12 12:57:00,-0.2021413726133119
2019-07-12 13:00:00,-0.13946977542656214
2019-07-12 13:03:00,-0.3097803430212025
2019-07-12 13:06:00,-0.2535107220445525
2019-07-12 13:09:00,-0.27330187594236577
2019-07-12 13:12:00,-0.21776160412963463
2019-07-12 13:15:00,-0.3102763914831712
2019-07-12 13:18:00,-0.282609375489983
2019-07-12 13:21:00,-0.22411064165299877
2019-07-12 13:24:00,-0.21757413512028734
2019-07-12 13:27:00,-0.10196011903769886
2019-07-12 13:30:00,-0.319060276207324
2019-07-12 13:33:00,-0.2728090068106894
2019-07-12 13:36:00,-0.3995906110245073
2019-07-12 13:39:00,-0.2591507790045853
2019-07-12 13:42:00,-0.2716710367693054
2019-07-12 13:45:00,-0.06115235031887778
2019-07-12 13:48:00,-0.1736808886930703
2019-07-12 13:51:00,-0.0891076417384511
2019-07-12 13:54:00,-0.15602095684249662
2019-07-12 13:57:00,-0.2072302955434111
2019-07-12 14:00:00,-0.330962649355115
2019-07-12 14:03:00,-0.37949983990836245
2019-07-12 14:06:00,-0.3691247818922534
2019-07-12 14:09:00,-0.4067628005441293
2019-07-12 14:12:00,-0.25194716803429174
2019-07-12 14:15:00,-0.2926905294279436
2019-07-12 14:18:00,-0.24362627795085245
2019-07-12 14:21:00,-0.37264663683816934
2019-07-12 14:24:00,-0.47730292673554686
2019-07-12 14:27:00,-0.4318991787188793
2019-07-12 14:30:00,-0.41136172198446275
2019-07-12 14:33:00,-0.4262452321593173
2019-07-12 14:36:00,-0.4564062775100979
2019-07-12 14:39:00,-0.4741431494084054
2019-07-12 14:42:00,-0.446556282040774
2019-07-12 14:45:00,-0.4510419890005437
2019-07-12 14:48:00,-0.44106680894765304
2019-07-12 14:51:00,-0.5160192308776459
2019-07-12 14:54:00,-0.5855686084930767
2019-07-12 14:57:00,-0.5252858624090777
2019-07-12 15:00:00,-0.4525392420065941
2019-07-12 15:03:00,-0.463750527432353
2019-07-12 15:06:00,-0.5558375892951517
2019-07-12 15:09:00,-0.4460107894168459
2019-07-12 15:12:00,-0.5521386850772956
2019-07-12 15:15:00,-0.3637402661847773
2019-07-12 15:18:00,-0.5158247448069915
2019-07-12 15:21:00,-0.5036049188345828
2019-07-12 15:24:00,-0.4429753678717816
2019-07-12 15:27:00,-0.47896619873552027
2019-07-12 15:30:00,-0.4312878704646437
2019-07-12 15:33:00,-0.3854175106155253
2019-07-12 15:36:00,-0.3927726643079268
2019-07-12 15:39:00,-0.5119738051100171
2019-07-12 15:42:00,-0.48976285046074963
2019-07-12 15:45:00,-0.3960941991601885
2019-07-12 15:48:00,-0.23091857229434254
2019-07-12 15:51:00,-0.24967652157152997
2019-07-12 15:54:00,-0.3733135880913778
2019-07-12 15:57:00,-0.4059375501049658
2019-07-12 16:00:00,-0.44539905909050503
2019-07-12 16:03:00,-0.566596111955505
2019-07-12 16:06:00,-0.4861274389095911
2019-07-12 16:09:00,-0.4354230463035833
2019-07-12 16:12:00,-0.5304017230366185
2019-07-12 16:15:00,-0.4818742195939194
2019-07-12 16:18:00,-0.5038695868291825
2019-07-12 16:21:00,-0.43766492467801754
2019-07-12 16:24:00,-0.5328387526438405
2019-07-12 16:27:00,-0.4187489630446066
2019-07-12 16:30:00,-0.3984159169153827
2019-07-12 16:33:00,-0.3715889766390319
2019-07-12 16:36:00,-0.36276937712767676
2019-07-12 16:39:00,-0.3877667635494504
2019-07-12 16:42:00,-0.40209574442206986
2019-07-12 16:45:00,-0.40556298684327885
2019-07-12 16:48:00,-0.404881991308514
2019-07-12 16:51:00,-0.40791293172105725
2019-07-12 16:54:00,-0.4157035859921052
2019-07-12 16:57:00,-0.4672005094623728
2019-07-12 17:00:00,-0.3577128691744065
2019-07-12 17:03:00,-0.33613279205491153
2019-07-12 17:06:00,-0.22555296546266845
2019-07-12 17:09:00,-0.32030686160806
2019-07-12 17:12:00,-0.24650869302462297
2019-07-12 17:15:00,-0.2752706295716507
2019-07-12 17:18:00,-0.262729221709435
2019-07-12 17:21:00,-0.22129436014751036
2019-07-12 17:24:00,-0.15313981808992594
2019-07-12 17:27:00,-0.2530213682492217
2019-07-12 17:30:00,-0.20328689765943864
2019-07-12 17:33:00,-0.1840426927894896
2019-07-12 17:36:00,-0.20348382712830926
2019-07-12 17:39:00,-0.28113679402838443
2019-07-12 17:42:00,-0.20232500107954365
2019-07-12 17:45:00,-0.2778776732549204
2019-07-12 17:48:00,-0.2509106326710935
2019-07-12 17:51:00,-0.25617676887435437
2019-07-12 17:54:00,-0.1888541491097726
2019-07-12 17:57:00,-0.2895407678416291
2019-07-12 18:00:00,-0.24392650997708643
2019-07-12 18:03:00,-0.28442669645625074
2019-07-12 18:06:00,-0.18279716091711862
2019-07-12 18:09:00,-0.191172948116332
2019-07-12 18:12:00,-0.2867904861752777
2019-07-12 18:15:00,-0.27826704089176246
2019-07-12 18:18:00,-0.2311491145576383
2019-07-12 18:21:00,-0.39921742443260655
2019-07-12 18:24:00,-0.16366357266770137
2019-07-12 18:27:00,-0.22282167389505503
2019-07-12 18:30:00,-0.12806884738267854
2019-07-12 18:33:00,-0.15721697348180896
2019-07-12 18:36:00,-0.1699458597692569
2019-07-12 18:39:00,-0.15052418715049498
2019-07-12 18:42:00,-0.1758073475513129
2019-07-12 18:45:00,-0.18319690953921963
2019-07-12 18:48:00,-0.1538125918220885
2019-07-12 18:51:00,-0.022833791205471243
2019-07-12 18:54:00,
2019-07-12 18:57:00,
2019-07-12 19:00:00,
2019-07-12 19:03:00,-0.07209979334942318
2019-07-12 19:06:00,-0.2015238940122117
2019-07-12 19:09:00,-0.09207533064187601
2019-07-12 19:12:00,-0.06750804172179414
2019-07-12 19:15:00,-0.16956516896237872
2019-07-12 19:18:00,-0.12151173695895068
2019-07-12 19:21:00,-0.061459742487443236
2019-07-12 19:24:00,-0.06717309376853109
2019-07-12 19:27:00,-0.10569516750649655
2019-07-12 19:30:00,-0.12467292549570175
2019-07-12 19:33:00,-0.0964443947227096
2019-07-12 19:36:00,-0.06694629138820574
2019-07-12 19:39:00,0.027190463066915527
2019-07-12 19:42:00,-0.03795711655453715
2019-07-12 19:45:00,-0.12251366867656088
2019-07-12 19:48:00,-0.04459685808149061
2019-07-12 19:51:00,-0.09617445490738419
2019-07-12 19:54:00,-0.07020081407500811
2019-07-12 19:57:00,-0.10059174995876674
2019-07-12 20:00:00,-0.054715105809577835
2019-07-12 20:03:00,-0.1777878585940016
2019-07-12 20:06:00,-0.08097789203441152
2019-07-12 20:09:00,-0.009404276034842951
2019-07-12 20:12:00,-0.08541052455916542
2019-07-12 20:15:00,-0.0255863877054594
2019-07-12 20:18:00,-0.08508625516759594
2019-07-12 20:21:00,0.012906845578697812
2019-07-12 20:24:00,-0.06313653338656877
2019-07-12 20:27:00,0.029957273710294885
2019-07-12 20:30:00,-0.04860029970961932
2019-07-12 20:33:00,-0.018464708393310048
2019-07-12 20:36:00,0.08670040779981036
2019-07-12 20:39:00,0.08515845059775984
2019-07-12 20:42:00,0.0650854278234192
2019-07-12 20:45:00,-0.08104111615500642
2019-07-12 20:48:00,-0.0019512407218940098
2019-07-12 20:51:00,-0.04888680344771501
2019-07-12 20:54:00,0.05417182500605122
2019-07-12 20:57:00,0.06929480281581846
2019-07-12 21:00:00,0.024395086632921448
2019-07-12 21:03:00,-0.0613434741292167
2019-07-12 21:06:00,0.06929201049143785
2019-07-12 21:09:00,0.06065750700673789
2019-07-12 21:12:00,0.055948199975432544
2019-07-12 21:15:00,0.0068083522465940405
2019-07-12 21:18:00,-0.03662413161890754
2019-07-12 21:21:00,0.044821280197027136
2019-07-12 21:24:00,-0.001828121175663
2019-07-12 21:27:00,-0.020276675714626435
2019-07-12 21:30:00,-0.05650047548851944
2019-07-12 21:33:00,0.0029421547579886465
2019-07-12 21:36:00,-0.019750129161252516
2019-07-12 21:39:00,-0.0529077508605269
2019-07-12 21:42:00,0.007363070833719121
2019-07-12 21:45:00,0.1007604868098042
2019-07-12 21:48:00,-0.040300599398676695
2019-07-12 21:51:00,0.057915235499763185
2019-07-12 21:54:00,0.14592533121776796
2019-07-12 21:57:00,0.03805214460840034
2019-07-12 22:00:00,0.18119260531500458
2019-07-12 22:03:00,0.05299310731112428
2019-07-12 22:06:00,0.053294476481084985
2019-07-12 22:09:00,0.07090620286396643
2019-07-12 22:12:00,0.11649879224660253
2019-07-12 22:15:00,0.04753935928658848
2019-07-12 22:18:00,0.04980846857807819
2019-07-12 22:21:00,0.0976929407335092
2019-07-12 22:24:00,0.07985572135271468
2019-07-12 22:27:00,0.16330164804861624
2019-07-12 22:30:00,0.10104516916459261
2019-07-12 22:33:00,0.15604050837799832
2019-07-12 22:36:00,0.12929987687346056
2019-07-12 22:39:00,0.14646191983314338
2019-07-12 22:42:00,0.19878973106665399
2019-07-12 22:45:00,0.14241720780182732
2019-07-12 22:48:00,0.13797179826610773
2019-07-12 22:51:00,0.028212320415491376
2019-07-12 22:54:00,0.1587219175784753
2019-07-12 22:57:00,0.06617588054069756
2019-07-12 23:00:00,0.1686567060759785
2019-07-12 23:03:00,0.1713319880899462
2019-07-12 23:06:00,0.178214071399168
2019-07-12 23:09:00,0.03651532958895132
2019-07-12 23:12:00,0.20411447119477089
2019-07-12 23:15:00,0.059898382639801184
2019-07-12 23:18:00,0.042666751480794574
2019-07-12 23:21:00,0.10164820039722144
2019-07-12 23:24:00,0.14020673757357827
2019-07-12 23:27:00,0.1095638329858275
2019-07-12 23:30:00,0.05553884494463546
2019-07-12 23:33:00,0.039365472424947257
2019-07-12 23:36:00,0.1316142968812528
2019-07-12 23:39:00,0.04831649127623905
2019-07-12 23:42:00,0.08678456513513311
2019-07-12 23:45:00,0.0769322147975231
2019-07-12 23:48:00,0.08013520625002002
2019-07-12 23:51:00,0.16634700835686544
2019-07-12 23:54:00,0.06191330745303958
2019-07-12 23:57:00,0.09107189846758956
2019-07-13 00:00:00,0.09055808591040204
2019-07-13 00:03:00,0.1840197649161155
2019-07-13 00:06:00,0.048079191814053956
2019-07-13 00:09:00,0.01329528614667197
2019-07-13 00:12:00,0.02422719698608944
2019-07-13 00:15:00,0.06037773492329279
2019-07-13 00:18:00,0.09286899020855799
2019-07-13 00:21:00,0.09118059030265613
2019-07-13 00:24:00,0.16339068500934673
2019-07-13 00:27:00,0.16513808302767075
2019-07-13 00:30:00,0.06917199460968959
2019-07-13 00:33:00,0.155912682743633
2019-07-13 00:36:00,0.1450661205779511
2019-07-13 00:39:00,0.28245952974253896
2019-07-13 00:42:00,0.31680484866296865
2019-07-13 00:45:00,0.2685638656840865
2019-07-13 00:48:00,0.3639493988357003
2019-07-13 00:51:00,0.3262951176514548
2019-07-13 00:54:00,0.2943174180631445
2019-07-13 00:57:00,0.29699719296758076
2019-07-13 01:00:00,0.2811243433902746
2019-07-13 01:03:00,0.38435980460684505
2019-07-13 01:06:00,0.3417274470214693
2019-07-13 01:09:00,0.269702674320456
2019-07-13 01:12:00,0.3332799227887904
2019-07-13 01:15:00,0.32189265832829506
2019-07-13 01:18:00,0.3403763281392571
2019-07-13 01:21:00,0.38473306764615245
2019-07-13 01:24:00,0.32785348843924567
2019-07-13 01:27:00,0.3088160935482165
2019-07-13 01:30:00,0.3647350672279117
2019-07-13 01:33:00,0.3175043740108663
2019-07-13 01:36:00,0.3916314117723232
2019-07-13 01:39:00,0.4620383506736516
2019-07-13 01:42:00,0.41410581108897304
2019-07-13 01:45:00,0.370623832533056
2019-07-13 01:48:00,0.3731860023000877
2019-07-13 01:51:00,0.3848890485589891
2019-07-13 01:54:00,0.2888197118537619
2019-07-13 01:57:00,0.28570732371565555
2019-07-13 02:00:00,0.45117572588873145
2019-07-13 02:03:00,0.3077068536700267
2019-07-13 02:06:00,0.40143389556141074
2019-07-13 02:09:00,0.4100977129039052
2019-07-13 02:12:00,0.36193995149739067
2019-07-13 02:15:00,0.39932201301343184
2019-07-13 02:18:00,0.4028075808553808
2019-07-13 02:21:00,0.49714084175303697
2019-07-13 02:24:00,0.33464423616828753
2019-07-13 02:27:00,0.4159320919179663
2019-07-13 02:30:00,0.5265801472650651
2019-07-13 02:33:00,0.588607324915472
2019-07-13 02:36:00,0.5064908102040135
2019-07-13 02:39:00,0.3899588441175297
2019-07-13 02:42:00,0.5017373391672209
2019-07-13 02:45:00,0.4788771632971702
2019-07-13 02:48:00,0.5008562317399878
2019-07-13 02:51:00,0.4872121792211601
2019-07-13 02:54:00,0.47300098818089964
2019-07-13 02:57:00,0.4590352391687702
2019-07-13 03:00:00,0.4627109826674314
2019-07-13 03:03:00,0.4763371203252973
2019-07-13 03:06:00,0.4127514414587381
2019-07-13 03:09:00,0.3988738020384517
2019-07-13 03:12:00,0.4941988722973747
2019-07-13 03:15:00,0.45200340662717053
2019-07-13 03:18:00,0.4580114174273149
2019-07-13 03:21:00,0.46734289731051604
2019-07-13 03:24:00,0.4163997047557473
2019-07-13 03:27:00,0.5293261826620324
2019-07-13 03:30:00,0.3957500614270657
2019-07-13 03:33:00,0.3823282191223143
2019-07-13 03:36:00,0.4593660154354211
2019-07-13 03:39:00,0.26234204640360304
2019-07-13 03:42:00,0.33617424928326045
2019-07-13 03:45:00,0.3829777506806522
2019-07-13 03:48:00,0.37097127356656756
2019-07-13 03:51:00,0.3217065820761036
2019-07-13 03:54:00,0.4124511700310336
2019-07-13 03:57:00,0.29052497252905596
2019-07-13 04:00:00,0.36703049690061107
2019-07-13 04:03:00,0.3867525549349011
2019-07-13 04:06:00,0.3663719413464719
2019-07-13 04:09:00,0.36646765481623333
2019-07-13 04:12:00,0.39276927863159017
2019-07-13 04:15:00,0.3733955553387318
2019-07-13 04:18:00,0.406861166210831
2019-07-13 04:21:00,0.354608388176473
2019-07-13 04:24:00,0.393835812521786
2019-07-13 04:27:00,0.3503799600506454
2019-07-13 04:30:00,0.43651658693465833
2019-07-13 04:33:00,0.3678352900638515
2019-07-13 04:36:00,0.45953773855160307
2019-07-13 04:39:00,0.42055748811350213
2019-07-13 04:42:00,0.3876597664909127
2019-07-13 04:45:00,0.33074994293940563
2019-07-13 04:48:00,0.33259527070703143
2019-07-13 04:51:00,0.36260179036145246
2019-07-13 04:54:00,0.40949193348933477
2019-07-13 04:57:00,0.3757133777296531
2019-07-13 05:00:00,0.4955653608847115
2019-07-13 05:03:00,0.43402738908110905
2019-07-13 05:06:00,0.3686600772126667
2019-07-13 05:09:00,0.4155403321380504
2019-07-13 05:12:00,0.3453893653783098
2019-07-13 05:15:00,0.4321852057989304
2019-07-13 05:18:00,0.38600736366936417
2019-07-13 05:21:00,0.4893079463924437
2019-07-13 05:24:00,0.4255662956598485
2019-07-13 05:27:00,0.41644804279468417
2019-07-13 05:30:00,0.41648526938098485
2019-07-13 05:33:00,0.39210334035578853
2019-07-13 05:36:00,0.4774172259244551
2019-07-13 05:39:00,0.4248544695892633
2019-07-13 05:42:00,0.34578661006241873
2019-07-13 05:45:00,0.3613967561045115
2019-07-13 05:48:00,0.338164908728686
2019-07-13 05:51:00,0.2880852189526877
2019-07-13 05:54:00,0.3033283962402038
2019-07-13 05:57:00,0.38497011358617783
2019-07-13 06:00:00,0.39359160950073147
2019-07-13 06:03:00,0.3789365702300529
2019-07-13 06:06:00,0.3828711283587154
2019-07-13 06:09:00,0.3740306963998705
2019-07-13 06:12:00,0.35481426103558533
2019-07-13 06:15:00,0.3399168467266236
2019-07-13 06:18:00,0.3977538106070142
2019-07-13 06:21:00,0.3510887780763028
2019-07-13 06:24:00,0.40032149601950096
2019-07-13 06:27:00,0.3496212854177543
2019-07-13 06:30:00,0.3825107773869263
2019-07-13 06:33:00,0.39693062275586044
2019-07-13 06:36:00,0.38059761287235006
2019-07-13 06:39:00,0.40734436542010144
2019-07-13 06:42:00,0.4442282998747942
2019-07-13 06:45:00,0.3918193750672003
2019-07-13 06:48:00,0.3831556419929143
2019-07-13 06:51:00,0.34014366760510484
2019-07-13 06:54:00,0.2910846077783731
2019-07-13 06:57:00,0.3233360272453183
2019-07-13 07:00:00,0.40908049165489047
2019-07-13 07:03:00,0.349850093370776
2019-07-13 07:06:00,0.40013235580147466
2019-07-13 07:09:00,0.32089727910175725
2019-07-13 07:12:00,0.36379244702197866
2019-07-13 07:15:00,0.35964181049848776
2019-07-13 07:18:00,0.30206183719178625
2019-07-13 07:21:00,0.35965171764888737
2019-07-13 07:24:00,0.3358119101352486
2019-07-13 07:27:00,0.3729958333843797
2019-07-13 07:30:00,0.3287408438571333
2019-07-13 07:33:00,0.30167021633417335
2019-07-13 07:36:00,0.3395815279234853
2019-07-13 07:39:00,0.4314469743400764
2019-07-13 07:42:00,0.4081780059148059
2019-07-13 07:45:00,0.44262383783888026
2019-07-13 07:48:00,0.3345883969793704
2019-07-13 07:51:00,0.34348859079909744
2019-07-13 07:54:00,0.26193167282724517
2019-07-13 07:57:00,0.2884629828059815
2019-07-13 08:00:00,0.2798065732840769
2019-07-13 08:03:00,0.3021085385551032
2019-07-13 08:06:00,0.28535973588270735
2019-07-13 08:09:00,0.34259911392257436
2019-07-13 08:12:00,0.373540181345561
2019-07-13 08:15:00,0.341944422662948
2019-07-13 08:18:00,0.3016419024121433
2019-07-13 08:21:00,0.41218660717964895
2019-07-13 08:24:00,0.4143008187329542
2019-07-13 08:27:00,0.2552239348846115
2019-07-13 08:30:00,0.20053500196019058
2019-07-13 08:33:00,0.2980163270567573
2019-07-13 08:36:00,0.28668682031258186
2019-07-13 08:39:00,0.3580996305764188
2019-07-13 08:42:00,0.3134016890958833
2019-07-13 08:45:00,0.23091841106895572
2019-07-13 08:48:00,0.22858235367681345
2019-07-13 08:51:00,0.17796495007854674
2019-07-13 08:54:00,0.2881946521256964
2019-07-13 08:57:00,0.20187314451533211
2019-07-13 09:00:00,0.22666016752719997
2019-07-13 09:03:00,0.12582617445730193
2019-07-13 09:06:00,0.19949912114833523
2019-07-13 09:09:00,0.18829290436286783
2019-07-13 09:12:00,0.14408860821868075
2019-07-13 09:15:00,0.16005639392096782
2019-07-13 09:18:00,0.16662387714546867
2019-07-13 09:21:00,0.20411741022553542
2019-07-13 09:24:00,0.054983698197872855
2019-07-13 09:27:00,0.06264351510179722
2019-07-13 09:30:00,-0.018024797378416224
2019-07-13 09:33:00,0.07895216571347419
2019-07-13 09:36:00,0.033921378237891986
2019-07-13 09:39:00,0.03654259526052783
2019-07-13 09:42:00,-0.0355005260292387
2019-07-13 09:45:00,-0.040426232731419987
2019-07-13 09:48:00,-0.006304001222702027
2019-07-13 09:51:00,0.10932274829110611
2019-07-13 09:54:00,-0.005128196469627255
2019-07-13 09:57:00,0.14340101731812638
2019-07-13 10:00:00,0.08235064583584517
2019-07-13 10:03:00,0.12722439224819482
2019-07-13 10:06:00,0.4656424979307303
2019-07-13 10:09:00,0.35674277879286365
2019-07-13 10:12:00,0.37538123186106986
2019-07-13 10:15:00,0.20304322008394138
2019-07-13 10:18:00,0.17999767589105886
2019-07-13 10:21:00,0.1987201031365089
2019-07-13 10:24:00,0.24894585810073977
2019-07-13 10:27:00,0.15656567572307267
2019-07-13 10:30:00,0.2201703739608547
2019-07-13 10:33:00,0.20768114619517064
2019-07-13 10:36:00,0.15782985710416142
2019-07-13 10:39:00,0.16520843634344828
2019-07-13 10:42:00,0.2288789128013491
2019-07-13 10:45:00,0.2375834016557974
2019-07-13 10:48:00,0.19552214650076394
2019-07-13 10:51:00,0.22792684425877496
2019-07-13 10:54:00,0.10880075217431795
2019-07-13 10:57:00,0.2616359181351413
2019-07-13 11:00:00,0.272333577181314
2019-07-13 11:03:00,0.4051920558265465
2019-07-13 11:06:00,0.34478670902910835
2019-07-13 11:09:00,0.3409975005615138
2019-07-13 11:12:00,0.24164878600316797
2019-07-13 11:15:00,0.17603483036435819
2019-07-13 11:18:00,0.2392435005349398
2019-07-13 11:21:00,0.2063441667431789
2019-07-13 11:24:00,0.18371087325124336
2019-07-13 11:27:00,0.24495041290788322
2019-07-13 11:30:00,0.14566179085358044
2019-07-13 11:33:00,0.22261782912772787
2019-07-13 11:36:00,0.16233757530386583
2019-07-13 11:39:00,0.32800742391123094
2019-07-13 11:42:00,0.2996028649640152
2019-07-13 11:45:00,0.2939860618624266
2019-07-13 11:48:00,0.219766328105095
2019-07-13 11:51:00,0.26368764531531497
2019-07-13 11:54:00,0.2899930012891332
2019-07-13 11:57:00,0.19157342522044019
2019-07-13 12:00:00,0.22947508475169798
2019-07-13 12:03:00,0.162633733419284
2019-07-13 12:06:00,0.2378666441732662
2019-07-13 12:09:00,0.16822543420073544
2019-07-13 12:12:00,0.07446689241498916
2019-07-13 12:15:00,0.1991974386281754
2019-07-13 12:18:00,0.1473780956193309
2019-07-13 12:21:00,0.12299019660463273
2019-07-13 12:24:00,0.15042369861100724
2019-07-13 12:27:00,0.1457776532721482
2019-07-13 12:30:00,0.30520470731721616
2019-07-13 12:33:00,0.2657496975690492
2019-07-13 12:36:00,0.2683474961294223
2019-07-13 12:39:00,0.2990643974199543
2019-07-13 12:42:00,0.1887012243631716
2019-07-13 12:45:00,0.09602985982701284
2019-07-13 12:48:00,0.08200653505525679
2019-07-13 12:51:00,0.17512231778391651
2019-07-13 12:54:00,0.08666192402966999
2019-07-13 12:57:00,-0.02108459590925804
2019-07-13 13:00:00,0.11417141200490732
2019-07-13 13:03:00,0.08636543051915169
2019-07-13 13:06:00,0.1316150827389606
2019-07-13 13:09:00,0.07265236627472405
2019-07-13 13:12:00,0.007335778568688056
2019-07-13 13:15:00,-0.058688782454964894
2019-07-13 13:18:00,0.020857140898328907
2019-07-13 13:21:00,-0.009048069420032334
2019-07-13 13:24:00,-0.01520700953466303
2019-07-13 13:27:00,0.06645533712901397
2019-07-13 13:30:00,-0.019418810418585508
2019-07-13 13:33:00,0.10737685902705607
2019-07-13 13:36:00,-0.03650453821182964
2019-07-13 13:39:00,0.07654098591211778
2019-07-13 13:42:00,0.01919156615628026
2019-07-13 13:45:00,-0.06950544561379957
2019-07-13 13:48:00,-0.0036247478634550134
2019-07-13 13:51:00,-0.008041922216762032
2019-07-13 13:54:00,0.009774520570431378
2019-07-13 13:57:00,-0.0006603351900480448
2019-07-13 14:00:00,0.017884617325648833
2019-07-13 14:03:00,-0.036923990206787494
2019-07-13 14:06:00,-0.07309689334579161
2019-07-13 14:09:00,-0.049515968728655935
2019-07-13 14:12:00,-0.03936828498711975
2019-07-13 14:15:00,0.01555861537013925
2019-07-13 14:18:00,-0.017057598716633038
2019-07-13 14:21:00,-0.04433809824564605
2019-07-13 14:24:00,-0.10553676284689573
2019-07-13 14:27:00,-0.11954703195630145
2019-07-13 14:30:00,-0.09778593473043884
2019-07-13 14:33:00,-0.21799051824643811
2019-07-13 14:36:00,-0.23276991612760867
2019-07-13 14:39:00,-0.18813883731741043
2019-07-13 14:42:00,-0.3016893322858891
2019-07-13 14:45:00,-0.2937310603030596
2019-07-13 14:48:00,-0.27156972076460306
2019-07-13 14:51:00,-0.40733434943780367
2019-07-13 14:54:00,-0.3664686020652539
2019-07-13 14:57:00,-0.35942444577466404
2019-07-13 15:00:00,-0.45630475597869236
2019-07-13 15:03:00,-0.31919423664970736
2019-07-13 15:06:00,-0.26602355870602423
2019-07-13 15:09:00,-0.37114419994475156
2019-07-13 15:12:00,-0.38019848064664075
2019-07-13 15:15:00,-0.2715647987246257
2019-07-13 15:18:00,-0.3452892067949165
2019-07-13 15:21:00,-0.38304415720222096
2019-07-13 15:24:00,-0.3422810486404728
2019-07-13 15:27:00,-0.41828928947541044
2019-07-13 15:30:00,-0.2733261007838905
2019-07-13 15:33:00,-0.3627881354275928
2019-07-13 15:36:00,-0.3219463159674092
2019-07-13 15:39:00,-0.4994204221324594
2019-07-13 15:42:00,-0.3094041498316642
2019-07-13 15:45:00,-0.389610380704255
2019-07-13 15:48:00,-0.3557998602242378
2019-07-13 15:51:00,-0.43989999359263265
2019-07-13 15:54:00,-0.47357599173108156
2019-07-13 15:57:00,-0.3692800840596533
2019-07-13 16:00:00,-0.37192123704767255
2019-07-13 16:03:00,-0.4109059186869217
2019-07-13 16:06:00,-0.33454419967563354
2019-07-13 16:09:00,-0.45549195052473124
2019-07-13 16:12:00,-0.4252650851026374
2019-07-13 16:15:00,-0.31941687038766986
2019-07-13 16:18:00,-0.4141994683901089
2019-07-13 16:21:00,-0.3094521010466451
2019-07-13 16:24:00,-0.40620134610566083
2019-07-13 16:27:00,-0.3939254437798354
2019-07-13 16:30:00,-0.33906113165539864
2019-07-13 16:33:00,-0.37217246599351483
2019-07-13 16:36:00,-0.4933043733187219
2019-07-13 16:39:00,-0.3799823761256107
2019-07-13 16:42:00,-0.3726313597632611
2019-07-13 16:45:00,-0.34652811044247755
2019-07-13 16:48:00,-0.3323199350735422
2019-07-13 16:51:00,-0.33449901286246586
2019-07-13 16:54:00,-0.4142713390382369
2019-07-13 16:57:00,-0.3373290125470021
2019-07-13 17:00:00,-0.3882639869815989
2019-07-13 17:03:00,-0.44673870612314204
2019-07-13 17:06:00,-0.400562016143283
2019-07-13 17:09:00,-0.3632185584851868
2019-07-13 17:12:00,-0.396939789765554
2019-07-13 17:15:00,-0.33742073556965124
2019-07-13 17:18:00,-0.3361301384020976
2019-07-13 17:21:00,-0.1939209775413815
2019-07-13 17:24:00,-0.2688190707715421
2019-07-13 17:27:00,-0.3416447008326031
2019-07-13 17:30:00,-0.3030038180676229
2019-07-13 17:33:00,-0.27613260568398346
2019-07-13 17:36:00,-0.2959678951991691
2019-07-13 17:39:00,-0.2059367580216076
2019-07-13 17:42:00,-0.21452908459013997
2019-07-13 17:45:00,-0.18574936707773304
2019-07-13 17:48:00,-0.26475497145406734
2019-07-13 17:51:00,-0.18903575050427435
2019-07-13 17:54:00,-0.33995283513650065
2019-07-13 17:57:00,-0.24798564350749075
2019-07-13 18:00:00,-0.11546914256126684
2019-07-13 18:03:00,-0.1665814684724296
2019-07-13 18:06:00,-0.18609666033751182
2019-07-13 18:09:00,-0.16773249109479593
2019-07-13 18:12:00,-0.1752884322531827
2019-07-13 18:15:00,-0.33262044229184085
2019-07-13 18:18:00,-0.11775969101506689
2019-07-13 18:21:00,-0.19132611780855768
2019-07-13 18:24:00,-0.23935488118786452
2019-07-13 18:27:00,-0.15911481963905771
2019-07-13 18:30:00,-0.14954254065600026
2019-07-13 18:33:00,-0.21961776184082282
2019-07-13 18:36:00,-0.16282890156526264
2019-07-13 18:39:00,-0.13556443882401936
2019-07-13 18:42:00,-0.13293307347339578
2019-07-13 18:45:00,-0.1667728061119078
2019-07-13 18:48:00,-0.09190449732454908
2019-07-13 18:51:00,-0.11677796580909217
2019-07-13 18:54:00,
2019-07-13 18:57:00,
2019-07-13 19:00:00,
2019-07-13 19:03:00,-0.16110676444634464
2019-07-13 19:06:00,-0.18121788264568295
2019-07-13 19:09:00,-0.22453176136099273
2019-07-13 19:12:00,-0.1283143768180821
2019-07-13 19:15:00,-0.0835521880177339
2019-07-13 19:18:00,-0.10178218801536332
2019-07-13 19:21:00,-0.15525797211768122
2019-07-13 19:24:00,-0.11375817123735033
2019-07-13 19:27:00,-0.1522306582166948
2019-07-13 19:30:00,-0.09806347757830736
2019-07-13 19:33:00,-0.10489787113277771
2019-07-13 19:36:00,-0.08298330216393879
2019-07-13 19:39:00,-0.17444828461793804
2019-07-13 19:42:00,-0.1337854450046052
2019-07-13 19:45:00,-0.10839481587527189
2019-07-13 19:48:00,-0.07865234061370074
2019-07-13 19:51:00,-0.08387314465517193
2019-07-13 19:54:00,-0.12142704545811966
2019-07-13 19:57:00,-0.12248749009529547
2019-07-13 20:00:00,-0.12537430218117152
2019-07-13 20:03:00,-0.0720283474326493
2019-07-13 20:06:00,-0.07517267531051175
2019-07-13 20:09:00,-0.06656041114166555
2019-07-13 20:12:00,-0.1410939960648534
2019-07-13 20:15:00,-0.0414107476603931
2019-07-13 20:18:00,0.061784214374370094
2019-07-13 20:21:00,0.012258591888780757
2019-07-13 20:24:00,0.045298273373305165
2019-07-13 20:27:00,-0.06183805080814864
2019-07-13 20:30:00,0.00458608009745376
2019-07-13 20:33:00,-0.01773407441140762
2019-07-13 20:36:00,-0.008953388986242317
2019-07-13 20:39:00,0.0024490700600381388
2019-07-13 20:42:00,0.005051706346478113
2019-07-13 20:45:00,0.04766622694847911
2019-07-13 20:48:00,0.051437413200744686
2019-07-13 20:51:00,0.03457747551738066
2019-07-13 20:54:00,-0.033775195703356076
2019-07-13 20:57:00,0.0025438284920937804
2019-07-13 21:00:00,0.0780933183319803
2019-07-13 21:03:00,0.057096181735687423
2019-07-13 21:06:00,0.08045543767696017
2019-07-13 21:09:00,0.05409529527628365
2019-07-13 21:12:00,0.06365071025277302
2019-07-13 21:15:00,0.14601007629391916
2019-07-13 21:18:00,0.18037495611429222
2019-07-13 21:21:00,0.06849247009415649
2019-07-13 21:24:00,0.1835737308553007
2019-07-13 21:27:00,0.14972230016394406
2019-07-13 21:30:00,0.2192206489318096
2019-07-13 21:33:00,0.15815587025713285
2019-07-13 21:36:00,0.2037651883970284
2019-07-13 21:39:00,0.1285924358605257
2019-07-13 21:42:00,0.20661225446093567
2019-07-13 21:45:00,0.1443529064242739
2019-07-13 21:48:00,0.15683173551411755
2019-07-13 21:51:00,0.14760982196418126
2019-07-13 21:54:00,0.1644958078159675
2019-07-13 21:57:00,0.19050984765391377
2019-07-13 22:00:00,0.1628304768327098
2019-07-13 22:03:00,0.15995820607952282
2019-07-13 22:06:00,0.09126278153803469
2019-07-13 22:09:00,0.0704127012996878
2019-07-13 22:12:00,0.0836638425579963
2019-07-13 22:15:00,0.09091505070028916
2019-07-13 22:18:00,0.13281933148198277
2019-07-13 22:21:00,0.07848732954954585
2019-07-13 22:24:00,0.05803455258433132
2019-07-13 22:27:00,0.06050169194912769
2019-07-13 22:30:00,-0.03184937753246686
2019-07-13 22:33:00,0.009923931403875486
2019-07-13 22:36:00,-0.0917541436473357
2019-07-13 22:39:00,0.05048428111905423
2019-07-13 22:42:00,0.0920784185282173
2019-07-13 22:45:00,0.027433025132609146
2019-07-13 22:48:00,0.11589979711772003
2019-07-13 22:51:00,0.05278153032327282
2019-07-13 22:54:00,0.08309647444167467
2019-07-13 22:57:00,0.12072777989794758
2019-07-13 23:00:00,0.16009262070343766
2019-07-13 23:03:00,0.06988472187941852
2019-07-13 23:06:00,0.06159182320641321
2019-07-13 23:09:00,0.23811312237978655
2019-07-13 23:12:00,0.12400755158779475
2019-07-13 23:15:00,0.1996658620689118
2019-07-13 23:18:00,0.11477221611005461
2019-07-13 23:21:00,0.131639473225448
2019-07-13 23:24:00,0.17982557059360715
2019-07-13 23:27:00,0.11878453172107584
2019-07-13 23:30:00,0.11187407576471742
2019-07-13 23:33:00,0.07147866057795227
2019-07-13 23:36:00,0.06081336392873027
2019-07-13 23:39:00,0.045849620186459106
2019-07-13 23:42:00,0.037471781164697404
2019-07-13 23:45:00,0.011876805228553167
2019-07-13 23:48:00,0.06145629581777712
2019-07-13 23:51:00,0.07130549153106358
2019-07-13 23:54:00,0.08497955345177388
2019-07-13 23:57:00,0.05490923224800781
2019-07-14 00:00:00,0.0251356120201649
2019-07-14 00:03:00,0.08787639656594592
2019-07-14 00:06:00,0.012613632141381004
2019-07-14 00:09:00,0.12355646753576366
2019-07-14 00:12:00,0.08434865257117963
2019-07-14 00:15:00,0.1073827280577575
2019-07-14 00:18:00,0.18529153721402736
2019-07-14 00:21:00,0.24826398850086662
2019-07-14 00:24:00,0.32575633586031927
2019-07-14 00:27:00,0.2774626628317378
2019-07-14 00:30:00,0.16152105117873816
2019-07-14 00:33:00,0.17198827236586567
2019-07-14 00:36:00,0.2140225544005716
2019-07-14 00:39:00,0.23001443756010076
2019-07-14 00:42:00,0.3325502703364691
2019-07-14 00:45:00,0.34354973328538563
2019-07-14 00:48:00,0.3796643520582279
2019-07-14 00:51:00,0.354968730092196
2019-07-14 00:54:00,0.3319647875198939
2019-07-14 00:57:00,0.41869537824823055
2019-07-14 01:00:00,0.3401772519439987
2019-07-14 01:03:00,0.4060451962068896
2019-07-14 01:06:00,0.446283199223501
2019-07-14 01:09:00,0.4282294729245564
2019-07-14 01:12:00,0.3973739832763954
2019-07-14 01:15:00,0.45516653727048606
2019-07-14 01:18:00,0.46243638858379654
2019-07-14 01:21:00,0.44795779365438193
2019-07-14 01:24:00,0.4343567085529685
2019-07-14 01:27:00,0.37915229946418094
2019-07-14 01:30:00,0.3815691467163447
2019-07-14 01:33:00,0.40551402100180667
2019-07-14 01:36:00,0.31878529357180696
2019-07-14 01:39:00,0.3651053087063474
2019-07-14 01:42:00,0.34729567562845887
2019-07-14 01:45:00,0.2873086912979943
2019-07-14 01:48:00,0.34465030917135664
2019-07-14 01:51:00,0.3516117893597652
2019-07-14 01:54:00,0.32775596804799534
2019-07-14 01:57:00,0.3022826522614537
2019-07-14 02:00:00,0.30203973827167374
2019-07-14 02:03:00,0.38112634507217535
2019-07-14 02:06:00,0.32098658587750606
2019-07-14 02:09:00,0.27136225793725544
2019-07-14 02:12:00,0.4204789218405267
2019-07-14 02:15:00,0.3849830333705313
2019-07-14 02:18:00,0.373461781130743
2019-07-14 02:21:00,0.38498024521413754
2019-07-14 02:24:00,0.3357611209154925
2019-07-14 02:27:00,0.3323022034156793
2019-07-14 02:30:00,0.3127411963659483
2019-07-14 02:33:00,0.2882132083552733
2019-07-14 02:36:00,0.3814801811419102
2019-07-14 02:39:00,0.29792340348819835
2019-07-14 02:42:00,0.32516258669431863
2019-07-14 02:45:00,0.22304906975102767
2019-07-14 02:48:00,0.2948116297042702
2019-07-14 02:51:00,0.35218270324702416
2019-07-14 02:54:00,0.30613787960334093
2019-07-14 02:57:00,0.2840107761726358
2019-07-14 03:00:00,0.2888519215849783
2019-07-14 03:03:00,0.3033850501386155
2019-07-14 03:06:00,0.3800478174984505
2019-07-14 03:09:00,0.3894803108241831
2019-07-14 03:12:00,0.46890772138618786
2019-07-14 03:15:00,0.5024277157930328
2019-07-14 03:18:00,0.553158445505801
2019-07-14 03:21:00,0.5842708333782412
2019-07-14 03:24:00,0.5071367576994135
2019-07-14 03:27:00,0.45948570782587694
2019-07-14 03:30:00,0.5718338802996641
2019-07-14 03:33:00,0.521493996140407
2019-07-14 03:36:00,0.5274202789493643
2019-07-14 03:39:00,0.547850021698082
2019-07-14 03:42:00,0.5571066401210487
2019-07-14 03:45:00,0.45945263266889924
2019-07-14 03:48:00,0.5153127672452911
2019-07-14 03:51:00,0.4483595143013872
2019-07-14 03:54:00,0.4283284673357457
2019-07-14 03:57:00,0.4692360495693606
2019-07-14 04:00:00,0.3809389682839992
2019-07-14 04:03:00,0.2932834149458472
2019-07-14 04:06:00,0.38450045152183066
2019-07-14 04:09:00,0.4049497529878181
2019-07-14 04:12:00,0.3546060711024097
2019-07-14 04:15:00,0.3390394234253904
2019-07-14 04:18:00,0.5019284720862629
2019-07-14 04:21:00,0.4723248802761191
2019-07-14 04:24:00,0.40802382896288236
2019-07-14 04:27:00,0.4198993873711174
2019-07-14 04:30:00,0.369223280041183
2019-07-14 04:33:00,0.4183767778933998
2019-07-14 04:36:00,0.38448773990580776
2019-07-14 04:39:00,0.39772524828441647
2019-07-14 04:42:00,0.4440423406149989
2019-07-14 04:45:00,0.43884506853078165
2019-07-14 04:48:00,0.46410853476476177
2019-07-14 04:51:00,0.37310559289437606
2019-07-14 04:54:00,0.44175955929523525
2019-07-14 04:57:00,0.39155532940679905
2019-07-14 05:00:00,0.4274260216689072
2019-07-14 05:03:00,0.46150868232200537
2019-07-14 05:06:00,0.33163358975303936
2019-07-14 05:09:00,0.5007091520328686
2019-07-14 05:12:00,0.4906425687742626
2019-07-14 05:15:00,0.46022466076556157
2019-07-14 05:18:00,0.5604048649664719
2019-07-14 05:21:00,0.5148716773302908
2019-07-14 05:24:00,0.5530054537460956
2019-07-14 05:27:00,0.5178183012331488
2019-07-14 05:30:00,0.542125650457308
2019-07-14 05:33:00,0.5126041619064949
2019-07-14 05:36:00,0.47218353336660357
2019-07-14 05:39:00,0.4544515153185671
2019-07-14 05:42:00,0.3525082448206831
2019-07-14 05:45:00,0.48784953396898345
2019-07-14 05:48:00,0.4156881430057524
2019-07-14 05:51:00,0.5145908117298177
2019-07-14 05:54:00,0.5689521639553163
2019-07-14 05:57:00,0.46085200962033923
2019-07-14 06:00:00,0.4962938540239179
2019-07-14 06:03:00,0.5217282764030529
2019-07-14 06:06:00,0.451432262409071
2019-07-14 06:09:00,0.41197591159578906
2019-07-14 06:12:00,0.46023981163631333
2019-07-14 06:15:00,0.5773148165148427
2019-07-14 06:18:00,0.3999220473605192
2019-07-14 06:21:00,0.5731810307997875
2019-07-14 06:24:00,0.5073621767959935
2019-07-14 06:27:00,0.5500375942598339
2019-07-14 06:30:00,0.5012663424100197
2019-07-14 06:33:00,0.5271500766743884
2019-07-14 06:36:00,0.506592322012466
2019-07-14 06:39:00,0.4482581016075642
2019-07-14 06:42:00,0.43460094734615495
2019-07-14 06:45:00,0.4566105582884461
2019-07-14 06:48:00,0.4843859276821263
2019-07-14 06:51:00,0.48970816330370326
2019-07-14 06:54:00,0.42251416160377175
2019-07-14 06:57:00,0.4205131260255257
2019-07-14 07:00:00,0.4650998145748986
2019-07-14 07:03:00,0.5102923202720717
2019-07-14 07:06:00,0.47695277236010725
2019-07-14 07:09:00,0.4679979543764148
2019-07-14 07:12:00,0.48574713570155836
2019-07-14 07:15:00,0.44577204748014765
2019-07-14 07:18:00,0.385571152665932
2019-07-14 07:21:00,0.395595161338008
2019-07-14 07:24:00,0.4314600784428535
2019-07-14 07:27:00,0.44953668547486814
2019-07-14 07:30:00,0.4522045056990578
2019-07-14 07:33:00,0.43313005869424615
2019-07-14 07:36:00,0.4011713313772134
2019-07-14 07:39:00,0.43227278294540383
2019-07-14 07:42:00,0.4652865510462334
2019-07-14 07:45:00,0.33215447838597356
2019-07-14 07:48:00,0.27834088519767874
2019-07-14 07:51:00,0.3352341495909741
2019-07-14 07:54:00,0.38678721275778116
2019-07-14 07:57:00,0.3672763867411959
2019-07-14 08:00:00,0.29004275459482187
2019-07-14 08:03:00,0.2838248430941235
2019-07-14 08:06:00,0.26764222875112864
2019-07-14 08:09:00,0.24752721203873307
2019-07-14 08:12:00,0.367214838691325
2019-07-14 08:15:00,0.3203284837730962
2019-07-14 08:18:00,0.33900446118792615
2019-07-14 08:21:00,0.3093291215526506
2019-07-14 08:24:00,0.32624927271905335
2019-07-14 08:27:00,0.31433584833047234
2019-07-14 08:30:00,0.2868668085628201
2019-07-14 08:33:00,0.25235425356470387
2019-07-14 08:36:00,0.42049467334368273
2019-07-14 08:39:00,0.2794032770443664
2019-07-14 08:42:00,0.258280666904966
2019-07-14 08:45:00,0.24294346654590981
2019-07-14 08:48:00,0.3231213518639038
2019-07-14 08:51:00,0.28624337041190984
2019-07-14 08:54:00,0.2447375118636046
2019-07-14 08:57:00,0.2228184129589863
2019-07-14 09:00:00,0.27356484737538267
2019-07-14 09:03:00,0.20052765606214962
2019-07-14 09:06:00,0.22433244602541436
2019-07-14 09:09:00,0.1934056690006969
2019-07-14 09:12:00,0.10064202591576077
2019-07-14 09:15:00,0.12293875020486666
2019-07-14 09:18:00,0.12663186063105059
2019-07-14 09:21:00,0.07343048167734878
2019-07-14 09:24:00,0.030418220005799412
2019-07-14 09:27:00,-0.02885889307066236
2019-07-14 09:30:00,0.0442919102206929
2019-07-14 09:33:00,0.0013249046158421152
2019-07-14 09:36:00,0.05881146761612399
2019-07-14 09:39:00,-0.00630009340198967
2019-07-14 09:42:00,0.006544536724788941
2019-07-14 09:45:00,-0.10148729118384381
2019-07-14 09:48:00,-0.11198552571607934
2019-07-14 09:51:00,0.003657415584825685
2019-07-14 09:54:00,-0.05275475414561015
2019-07-14 09:57:00,-0.03289800617142191
2019-07-14 10:00:00,-0.06728270541157144
2019-07-14 10:03:00,-0.03946145899834619
2019-07-14 10:06:00,-0.03843850836301499
2019-07-14 10:09:00,-0.14132156298404652
2019-07-14 10:12:00,-0.09006733985881965
2019-07-14 10:15:00,-0.15492528337074418
2019-07-14 10:18:00,-0.10386550950431683
2019-07-14 10:21:00,-0.11058638902102302
2019-07-14 10:24:00,-0.1260501062771482
2019-07-14 10:27:00,-0.14189292738916492
2019-07-14 10:30:00,-0.093641122502504
2019-07-14 10:33:00,-0.08918193071019687
2019-07-14 10:36:00,-0.1107243905063342
2019-07-14 10:39:00,-0.17607974456899456
2019-07-14 10:42:00,-0.12980530766026277
2019-07-14 10:45:00,-0.11319045333112854
2019-07-14 10:48:00,-0.11946623636026743
2019-07-14 10:51:00,-0.21435625378546774
2019-07-14 10:54:00,-0.2577906161731107
2019-07-14 10:57:00,-0.20321611495057823
2019-07-14 11:00:00,-0.0916164074441781
2019-07-14 11:03:00,-0.17995132856020746
2019-07-14 11:06:00,-0.1588074346857411
2019-07-14 11:09:00,-0.05545491606187625
2019-07-14 11:12:00,-0.1280792128898156
2019-07-14 11:15:00,-0.17889369483498285
2019-07-14 11:18:00,-0.28004589196217466
2019-07-14 11:21:00,-0.2844519820797018
2019-07-14 11:24:00,-0.3069142880025879
2019-07-14 11:27:00,-0.2248573478861431
2019-07-14 11:30:00,-0.30618443125354133
2019-07-14 11:33:00,-0.27072376141074983
2019-07-14 11:36:00,-0.25626856940880316
2019-07-14 11:39:00,-0.2664231301411064
2019-07-14 11:42:00,-0.26554190738818306
2019-07-14 11:45:00,-0.31657534524794073
2019-07-14 11:48:00,-0.3125975404961423
2019-07-14 11:51:00,-0.37823173254133735
2019-07-14 11:54:00,-0.2697293673242598
2019-07-14 11:57:00,-0.3218350826746814
2019-07-14 12:00:00,-0.30379589589114175
2019-07-14 12:03:00,-0.28795469229362425
2019-07-14 12:06:00,-0.32181137849602237
2019-07-14 12:09:00,-0.22114669099568118
2019-07-14 12:12:00,-0.08013319489521109
2019-07-14 12:15:00,-0.22801601267536853
2019-07-14 12:18:00,-0.36532735938436645
2019-07-14 12:21:00,-0.38620484603006844
2019-07-14 12:24:00,-0.3592473759790664
2019-07-14 12:27:00,-0.3369148141414371
2019-07-14 12:30:00,-0.4812315167694692
2019-07-14 12:33:00,-0.40928754417518576
2019-07-14 12:36:00,-0.4196187597212315
2019-07-14 12:39:00,-0.4619685440943613
2019-07-14 12:42:00,-0.4651550895248988
2019-07-14 12:45:00,-0.4264066379994915
2019-07-14 12:48:00,-0.3066216700796076
2019-07-14 12:51:00,-0.4954896633517478
2019-07-14 12:54:00,-0.41359240619675575
2019-07-14 12:57:00,-0.4765600577058535
2019-07-14 13:00:00,-0.5042334721467228
2019-07-14 13:03:00,-0.5508046163564586
2019-07-14 13:06:00,-0.4208122509945156
2019-07-14 13:09:00,-0.409592965699062
2019-07-14 13:12:00,-0.35047140683082034
2019-07-14 13:15:00,-0.4426118397066716
2019-07-14 13:18:00,-0.5233988531261389
2019-07-14 13:21:00,-0.3151569542256425
2019-07-14 13:24:00,-0.27068066514152633
2019-07-14 13:27:00,-0.42205958913081076
2019-07-14 13:30:00,-0.3803008121660696
2019-07-14 13:33:00,-0.4576696473593529
2019-07-14 13:36:00,-0.49298902926881283
2019-07-14 13:39:00,-0.5397490848629332
2019-07-14 13:42:00,-0.5277918089714717
2019-07-14 13:45:00,-0.5244791312002235
2019-07-14 13:48:00,-0.622331771376821
2019-07-14 13:51:00,-0.4909158512967906
2019-07-14 13:54:00,-0.48522170437513523
2019-07-14 13:57:00,-0.4345374513328011
2019-07-14 14:00:00,-0.48014662258674434
2019-07-14 14:03:00,-0.5805362596964869
2019-07-14 14:06:00,-0.45761883716505736
2019-07-14 14:09:00,-0.4900166997135784
2019-07-14 14:12:00,-0.43434814253328113
2019-07-14 14:15:00,-0.5176078416899941
2019-07-14 14:18:00,-0.48748013627204045
2019-07-14 14:21:00,-0.44310376091777925
2019-07-14 14:24:00,-0.5276162268586404
2019-07-14 14:27:00,-0.5009459382304158
2019-07-14 14:30:00,-0.45376759340246053
2019-07-14 14:33:00,-0.49835574115718373
2019-07-14 14:36:00,-0.5431915348523262
2019-07-14 14:39:00,-0.4419254750883965
2019-07-14 14:42:00,-0.5144438188134473
2019-07-14 14:45:00,-0.42452309570211355
2019-07-14 14:48:00,-0.438768022726606
2019-07-14 14:51:00,-0.5454107430023782
2019-07-14 14:54:00,-0.5614239753986112
2019-07-14 14:57:00,-0.43501428888640703
2019-07-14 15:00:00,-0.49630937072697634
2019-07-14 15:03:00,-0.602883860795032
2019-07-14 15:06:00,-0.48068656568102597
2019-07-14 15:09:00,-0.5790504710156483
2019-07-14 15:12:00,-0.47858894726533663
2019-07-14 15:15:00,-0.48160042099351585
2019-07-14 15:18:00,-0.5736777432586564
2019-07-14 15:21:00,-0.5474662100838259
2019-07-14 15:24:00,-0.5164177381199693
2019-07-14 15:27:00,-0.307736473775833
2019-07-14 15:30:00,-0.5105782963121328
2019-07-14 15:33:00,-0.5425712859293412
2019-07-14 15:36:00,-0.6090346023144662
2019-07-14 15:39:00,-0.5038521509587781
2019-07-14 15:42:00,-0.49318550295799923
2019-07-14 15:45:00,-0.4449794419490445
2019-07-14 15:48:00,-0.49519880047404286
2019-07-14 15:51:00,-0.48602012868565225
2019-07-14 15:54:00,-0.5378204745501307
2019-07-14 15:57:00,-0.5803171361968111
2019-07-14 16:00:00,-0.5842838707935698
2019-07-14 16:03:00,-0.6008664854311974
2019-07-14 16:06:00,-0.534594079229123
2019-07-14 16:09:00,-0.5729275587409006
2019-07-14 16:12:00,-0.5775365264901211
2019-07-14 16:15:00,-0.5380517326012182
2019-07-14 16:18:00,-0.5161218259268026
2019-07-14 16:21:00,-0.5309907414974759
2019-07-14 16:24:00,-0.45414500691043713
2019-07-14 16:27:00,-0.49259831338287086
2019-07-14 16:30:00,-0.4571630382044418
2019-07-14 16:33:00,-0.4825524916788595
2019-07-14 16:36:00,-0.5173732411286096
2019-07-14 16:39:00,-0.4527491019541685
2019-07-14 16:42:00,-0.5909039206331386
2019-07-14 16:45:00,-0.39929563079545005
2019-07-14 16:48:00,-0.48636603933755396
2019-07-14 16:51:00,-0.3955796309004427
2019-07-14 16:54:00,-0.5555184023830861
2019-07-14 16:57:00,-0.4968240774512651
2019-07-14 17:00:00,-0.45270124481237417
2019-07-14 17:03:00,-0.48897494010753917
2019-07-14 17:06:00,-0.5532197847987845
2019-07-14 17:09:00,-0.495242314233451
2019-07-14 17:12:00,-0.49428289079656906
2019-07-14 17:15:00,-0.5255751669399729
2019-07-14 17:18:00,-0.6007878680962335
2019-07-14 17:21:00,-0.4418946974701612
2019-07-14 17:24:00,-0.51310988122259
2019-07-14 17:27:00,-0.42529569141544243
2019-07-14 17:30:00,-0.41633359040628193
2019-07-14 17:33:00,-0.5046229166833882
2019-07-14 17:36:00,-0.4811144525608597
2019-07-14 17:39:00,-0.4808589523673845
2019-07-14 17:42:00,-0.5837735698359552
2019-07-14 17:45:00,-0.47575939630007724
2019-07-14 17:48:00,-0.5160024555592031
2019-07-14 17:51:00,-0.47111314581690067
2019-07-14 17:54:00,-0.3939609452123136
2019-07-14 17:57:00,-0.4075166883670249
2019-07-14 18:00:00,-0.4464578506543262
2019-07-14 18:03:00,-0.4745282906951047
2019-07-14 18:06:00,-0.39677410890226383
2019-07-14 18:09:00,-0.5723297337736426
2019-07-14 18:12:00,-0.5016353148114376
2019-07-14 18:15:00,-0.44890638001692196
2019-07-14 18:18:00,-0.3914317760480799
2019-07-14 18:21:00,-0.39997472344163043
2019-07-14 18:24:00,-0.3631234750919816
2019-07-14 18:27:00,-0.3566162916665121
2019-07-14 18:30:00,-0.43891497449749295
2019-07-14 18:33:00,-0.42982868734713975
2019-07-14 18:36:00,-0.3313300219448365
2019-07-14 18:39:00,-0.3315485804855598
2019-07-14 18:42:00,-0.3389835725394619
2019-07-14 18:45:00,-0.3386135587666672
2019-07-14 18:48:00,-0.25197970645433543
2019-07-14 18:51:00,-0.22780231725204203
2019-07-14 18:54:00,
2019-07-14 18:57:00,
2019-07-14 19:00:00,
2019-07-14 19:03:00,-0.20426268654432533
2019-07-14 19:06:00,-0.25970315635396446
2019-07-14 19:09:00,-0.27939963196695317
2019-07-14 19:12:00,-0.2588247075982508
2019-07-14 19:15:00,-0.11121288249910322
2019-07-14 19:18:00,-0.20006954698885693
2019-07-14 19:21:00,-0.11614823504498872
2019-07-14 19:24:00,-0.13569959399490017
2019-07-14 19:27:00,-0.09153631848772648
2019-07-14 19:30:00,-0.12542127037170303
2019-07-14 19:33:00,-0.076553338944791
2019-07-14 19:36:00,-0.0061833557214754364
2019-07-14 19:39:00,-0.1493732576799971
2019-07-14 19:42:00,-0.05723122758649879
2019-07-14 19:45:00,-0.03468551234897177
2019-07-14 19:48:00,-0.027402633607493954
2019-07-14 19:51:00,-0.0373128089089505
2019-07-14 19:54:00,-0.05772852545533169
2019-07-14 19:57:00,-0.035106608689829955
2019-07-14 20:00:00,-0.06522019319424999
2019-07-14 20:03:00,-0.07498043890666395
2019-07-14 20:06:00,-0.06638503870578916
2019-07-14 20:09:00,-0.004276580350108361
2019-07-14 20:12:00,-0.036274138180715454
2019-07-14 20:15:00,-0.03670981239474713
2019-07-14 20:18:00,-0.09839972744055103
2019-07-14 20:21:00,-0.07066822428754449
2019-07-14 20:24:00,-0.1272979611769074
2019-07-14 20:27:00,-0.06501656327583305
2019-07-14 20:30:00,-0.03660729553166675
2019-07-14 20:33:00,-0.007949874976986848
2019-07-14 20:36:00,0.0016338747266217979
2019-07-14 20:39:00,-0.02770970779477011
2019-07-14 20:42:00,-0.12151876326964839
2019-07-14 20:45:00,-0.01078092564483768
2019-07-14 20:48:00,0.020621575737266085
2019-07-14 20:51:00,-0.000532945145209851
2019-07-14 20:54:00,-0.07597225520720485
2019-07-14 20:57:00,-0.06428145920551742
2019-07-14 21:00:00,0.014346530269676805
2019-07-14 21:03:00,-0.034743653315274514
2019-07-14 21:06:00,-0.010412445089855282
2019-07-14 21:09:00,-0.037034418732957874
2019-07-14 21:12:00,-0.031982245983840585
2019-07-14 21:15:00,0.030632794965072208
2019-07-14 21:18:00,0.04192263206419966
2019-07-14 21:21:00,-0.15998560496171876
2019-07-14 21:24:00,-0.0779058832811188
2019-07-14 21:27:00,0.004649430499910068
2019-07-14 21:30:00,-0.03696389802280464
2019-07-14 21:33:00,0.00017741602971454995
2019-07-14 21:36:00,0.030129969167603576
2019-07-14 21:39:00,-0.07977317052171884
2019-07-14 21:42:00,0.04849867668161778
2019-07-14 21:45:00,-0.024701818662720143
2019-07-14 21:48:00,-0.013128703398081143
2019-07-14 21:51:00,0.06121765618354402
2019-07-14 21:54:00,-0.003494918333728947
2019-07-14 21:57:00,0.038591862211148964
2019-07-14 22:00:00,0.03849697778923655
2019-07-14 22:03:00,-0.09160343967459994
2019-07-14 22:06:00,0.021694528846467165
2019-07-14 22:09:00,0.020769543488995623
2019-07-14 22:12:00,0.014384965582337372
2019-07-14 22:15:00,0.05899411091485263
2019-07-14 22:18:00,0.1519208973410855
2019-07-14 22:21:00,0.09081557951077457
2019-07-14 22:24:00,0.31688549444930914
2019-07-14 22:27:00,0.5117904826482231
2019-07-14 22:30:00,0.5595461389665388
2019-07-14 22:33:00,0.30381973789286576
2019-07-14 22:36:00,0.34269890431039585
2019-07-14 22:39:00,0.2748897987409009
2019-07-14 22:42:00,0.42570993043159433
2019-07-14 22:45:00,0.2903168650875614
2019-07-14 22:48:00,0.5859210985510686
2019-07-14 22:51:00,0.5395006730195178
2019-07-14 22:54:00,0.608577145818515
2019-07-14 22:57:00,0.4267550156971538
2019-07-14 23:00:00,0.38603562438970584
2019-07-14 23:03:00,0.36370589246877216
2019-07-14 23:06:00,0.277047186344646
2019-07-14 23:09:00,0.41929834043008896
2019-07-14 23:12:00,0.43355916091468316
2019-07-14 23:15:00,0.4381195756272973
2019-07-14 23:18:00,0.407631821419443
2019-07-14 23:21:00,0.3273297773740751
2019-07-14 23:24:00,0.42626474412963944
2019-07-14 23:27:00,0.41385487747902516
2019-07-14 23:30:00,0.5072754057626412
2019-07-14 23:33:00,0.36700624184425124
2019-07-14 23:36:00,0.5425472804987521
2019-07-14 23:39:00,0.5267902024536397
2019-07-14 23:42:00,0.679735069837875
2019-07-14 23:45:00,0.713548980245946
2019-07-14 23:48:00,0.6399309371100799
2019-07-14 23:51:00,0.7544326614635111
2019-07-14 23:54:00,0.578768747100014
2019-07-14 23:57:00,0.5113882510179906
2019-07-15 00:00:00,0.32291683382635483
2019-07-15 00:03:00,0.4265049319936338
2019-07-15 00:06:00,0.45311921953253886
2019-07-15 00:09:00,0.5035532298714998
2019-07-15 00:12:00,0.4263024592497686
2019-07-15 00:15:00,0.4578385704709831
2019-07-15 00:18:00,0.41401496580220964
2019-07-15 00:21:00,0.3826855343693296
2019-07-15 00:24:00,0.3674158666476046
2019-07-15 00:27:00,0.4352221193352648
2019-07-15 00:30:00,0.4190936742127178
2019-07-15 00:33:00,0.5482737631958798
2019-07-15 00:36:00,0.463390249659426
2019-07-15 00:39:00,0.4304362962478194
2019-07-15 00:42:00,0.47277440096979717
2019-07-15 00:45:00,0.4184266970580097
2019-07-15 00:48:00,0.47248458319143083
2019-07-15 00:51:00,0.46040908486469334
2019-07-15 00:54:00,0.3632746563154683
2019-07-15 00:57:00,0.42084283499264075
2019-07-15 01:00:00,0.4513273551804673
2019-07-15 01:03:00,0.5136360775520643
2019-07-15 01:06:00,0.44041593597773954
2019-07-15 01:09:00,0.458905114623235
2019-07-15 01:12:00,0.5546077134456482
2019-07-15 01:15:00,0.49912210657333844
2019-07-15 01:18:00,0.5421581077974906
2019-07-15 01:21:00,0.5227076929846817
2019-07-15 01:24:00,0.5802266889219254
2019-07-15 01:27:00,0.5524113311468
2019-07-15 01:30:00,0.6088634649727851
2019-07-15 01:33:00,0.4840636080869558
2019-07-15 01:36:00,0.4388150425890558
2019-07-15 01:39:00,0.487132033435671
2019-07-15 01:42:00,0.41950678549869735
2019-07-15 01:45:00,0.4344739790719814
2019-07-15 01:48:00,0.4138821061953877
2019-07-15 01:51:00,0.3474930108814078
2019-07-15 01:54:00,0.36852909610905726
2019-07-15 01:57:00,0.3981883353791318
2019-07-15 02:00:00,0.4084175672417132
2019-07-15 02:03:00,0.4724091623549498
2019-07-15 02:06:00,0.353396121264268
2019-07-15 02:09:00,0.4174221544628267
2019-07-15 02:12:00,0.4416450153399296
2019-07-15 02:15:00,0.41933507547554427
2019-07-15 02:18:00,0.4358385194663583
2019-07-15 02:21:00,0.382707810007048
2019-07-15 02:24:00,0.49511189051378324
2019-07-15 02:27:00,0.6200005759006331
2019-07-15 02:30:00,0.5396378672882634
2019-07-15 02:33:00,0.5705105886411843
2019-07-15 02:36:00,0.586240456072403
2019-07-15 02:39:00,0.49779799820476
2019-07-15 02:42:00,0.6147010032162825
2019-07-15 02:45:00,0.5974865960336615
2019-07-15 02:48:00,0.5959226106679694
2019-07-15 02:51:00,0.5841138114999467
2019-07-15 02:54:00,0.6323295278240835
2019-07-15 02:57:00,0.5792310563687693
2019-07-15 03:00:00,0.5581833031529868
2019-07-15 03:03:00,0.5947252329885941
2019-07-15 03:06:00,0.5726700114771575
2019-07-15 03:09:00,0.8114277706843609
2019-07-15 03:12:00,0.7146640776794584
2019-07-15 03:15:00,0.7526588955759053
2019-07-15 03:18:00,0.6539070018852726
2019-07-15 03:21:00,0.6216648911203038
2019-07-15 03:24:00,0.5129987048078988
2019-07-15 03:27:00,0.5758419410982469
2019-07-15 03:30:00,0.48743404819651914
2019-07-15 03:33:00,0.54133428449245
2019-07-15 03:36:00,0.5116669435217887
2019-07-15 03:39:00,0.49837845240671186
2019-07-15 03:42:00,0.48845652096986214
2019-07-15 03:45:00,0.4274207611365455
2019-07-15 03:48:00,0.44086467280226316
2019-07-15 03:51:00,0.4221574261538876
2019-07-15 03:54:00,0.4460687106123373
2019-07-15 03:57:00,0.4813216069385362
2019-07-15 04:00:00,0.4430843788891252
2019-07-15 04:03:00,0.5050647653407054
2019-07-15 04:06:00,0.46713711516088097
2019-07-15 04:09:00,0.47539970820412236
2019-07-15 04:12:00,0.4801825422509296
2019-07-15 04:15:00,0.5023827042866742
2019-07-15 04:18:00,0.49311010987599957
2019-07-15 04:21:00,0.5336121752059171
2019-07-15 04:24:00,0.4646280788513195
2019-07-15 04:27:00,0.4805944678361129
2019-07-15 04:30:00,0.48984947418671254
2019-07-15 04:33:00,0.4040655641387616
2019-07-15 04:36:00,0.43701856500064196
2019-07-15 04:39:00,0.44566972153580764
2019-07-15 04:42:00,0.46748645449639525
2019-07-15 04:45:00,0.43812130182567444
2019-07-15 04:48:00,0.41428599564449087
2019-07-15 04:51:00,0.4471677184830014
2019-07-15 04:54:00,0.5117336028532122
2019-07-15 04:57:00,0.5201758556491995
2019-07-15 05:00:00,0.41690519293149464
2019-07-15 05:03:00,0.4789467853352676
2019-07-15 05:06:00,0.4118130226863741
2019-07-15 05:09:00,0.5190390428763862
2019-07-15 05:12:00,0.4816438025856087
2019-07-15 05:15:00,0.4544804067728023
2019-07-15 05:18:00,0.49678298684688116
2019-07-15 05:21:00,0.36221574173674753
2019-07-15 05:24:00,0.38184108621970836
2019-07-15 05:27:00,0.48675134744468096
2019-07-15 05:30:00,0.4434800539797834
2019-07-15 05:33:00,0.45622033837986464
2019-07-15 05:36:00,0.4641464846102963
2019-07-15 05:39:00,0.4623833450582424
2019-07-15 05:42:00,0.5177141836434203
2019-07-15 05:45:00,0.370427895421642
2019-07-15 05:48:00,0.5476112337502741
2019-07-15 05:51:00,0.5663139973682974
2019-07-15 05:54:00,0.470627654166492
2019-07-15 05:57:00,0.45782452618749403
2019-07-15 06:00:00,0.413056523057719
2019-07-15 06:03:00,0.4614952630327025
2019-07-15 06:06:00,0.5103882955675658
2019-07-15 06:09:00,0.44961956730918473
2019-07-15 06:12:00,0.4578891580993627
2019-07-15 06:15:00,0.3358712071303671
2019-07-15 06:18:00,0.42028293985788423
2019-07-15 06:21:00,0.47180893151340797
2019-07-15 06:24:00,0.4353167024232789
2019-07-15 06:27:00,0.360521142811308
2019-07-15 06:30:00,0.37606106923317384
2019-07-15 06:33:00,0.38735975495512776
2019-07-15 06:36:00,0.3944817270304384
2019-07-15 06:39:00,0.3686873879942141
2019-07-15 06:42:00,0.3282196741723169
2019-07-15 06:45:00,0.33827172564252805
2019-07-15 06:48:00,0.3295432206014084
2019-07-15 06:51:00,0.332133920815636
2019-07-15 06:54:00,0.3825501677961256
2019-07-15 06:57:00,0.4258703898473186
2019-07-15 07:00:00,0.361425521640399
2019-07-15 07:03:00,0.31269124886682675
2019-07-15 07:06:00,0.3137560577988552
2019-07-15 07:09:00,0.3449416611937295
2019-07-15 07:12:00,0.41024483997153993
2019-07-15 07:15:00,0.347957595214325
2019-07-15 07:18:00,0.3977758301219865
2019-07-15 07:21:00,0.48046246828636185
2019-07-15 07:24:00,0.3780533151272607
2019-07-15 07:27:00,0.30308163207575944
2019-07-15 07:30:00,0.3486110368875188
2019-07-15 07:33:00,0.3630757690724522
2019-07-15 07:36:00,0.42226820647522345
2019-07-15 07:39:00,0.297291864618046
2019-07-15 07:42:00,0.2845630096639411
2019-07-15 07:45:00,0.3183105569792133
2019-07-15 07:48:00,0.349679260391099
2019-07-15 07:51:00,0.2609335435407729
2019-07-15 07:54:00,0.31443283198518657
2019-07-15 07:57:00,0.29386794230725855
2019-07-15 08:00:00,0.3010798751831203
2019-07-15 08:03:00,0.3433086328710715
2019-07-15 08:06:00,0.39849317018160946
2019-07-15 08:09:00,0.37225705712330637
2019-07-15 08:12:00,0.34931736564965377
2019-07-15 08:15:00,0.41736315075206676
2019-07-15 08:18:00,0.4174155883251274
2019-07-15 08:21:00,0.3576524682064246
2019-07-15 08:24:00,0.28462399484493517
2019-07-15 08:27:00,0.34839293520246883
2019-07-15 08:30:00,0.3350727011440995
2019-07-15 08:33:00,0.38971271780161487
2019-07-15 08:36:00,0.37613392116548994
2019-07-15 08:39:00,0.3284219856913069
2019-07-15 08:42:00,0.3485811149956817
2019-07-15 08:45:00,0.2784109409629991
2019-07-15 08:48:00,0.3198986213389503
2019-07-15 08:51:00,0.3757031370446384
2019-07-15 08:54:00,0.36282410612727745
2019-07-15 08:57:00,0.3542024250890563
2019-07-15 09:00:00,0.3621875085726174
2019-07-15 09:03:00,0.259877552065916
2019-07-15 09:06:00,0.2190514867386355
2019-07-15 09:09:00,0.27602422954066697
2019-07-15 09:12:00,0.37082777358534713
2019-07-15 09:15:00,0.2838232935310998
2019-07-15 09:18:00,0.2621334638961912
2019-07-15 09:21:00,0.26286163473452007
2019-07-15 09:24:00,0.28361133043000564
2019-07-15 09:27:00,0.27924308318671365
2019-07-15 09:30:00,0.2506035880249442
2019-07-15 09:33:00,0.3225722611623496
2019-07-15 09:36:00,0.23976364309925202
2019-07-15 09:39:00,0.21228378759866473
2019-07-15 09:42:00,0.14286346285456375
2019-07-15 09:45:00,0.1783802155071612
2019-07-15 09:48:00,0.09893738502955784
2019-07-15 09:51:00,0.12522625579703117
2019-07-15 09:54:00,0.21779185072648488
2019-07-15 09:57:00,0.16158658438735074
2019-07-15 10:00:00,0.027357034014073633
2019-07-15 10:03:00,0.18020100357034607
2019-07-15 10:06:00,0.08966596527085358
2019-07-15 10:09:00,0.037012087703374164
2019-07-15 10:12:00,0.17643010152727356
2019-07-15 10:15:00,0.12527518503515012
2019-07-15 10:18:00,0.09516825052202194
2019-07-15 10:21:00,0.15689274485919213
2019-07-15 10:24:00,0.04394970218157823
2019-07-15 10:27:00,0.04701929314529707
2019-07-15 10:30:00,0.09995759090247702
2019-07-15 10:33:00,0.08468805506186072
2019-07-15 10:36:00,0.06716064096713126
2019-07-15 10:39:00,0.01556697437257526
2019-07-15 10:42:00,-0.0539791645832679
2019-07-15 10:45:00,-0.007392638371584326
2019-07-15 10:48:00,0.0921473710917553
2019-07-15 10:51:00,-0.016070828912916113
2019-07-15 10:54:00,0.03258796068547554
2019-07-15 10:57:00,-0.050010601951328226
2019-07-15 11:00:00,-0.002119941608100362
2019-07-15 11:03:00,-0.10853169962581433
2019-07-15 11:06:00,-0.01062804933218331
2019-07-15 11:09:00,0.006895110059929266
2019-07-15 11:12:00,-0.014494701917726616
2019-07-15 11:15:00,0.14905296051733785
2019-07-15 11:18:00,0.10428929401331288
2019-07-15 11:21:00,0.10365108250715593
2019-07-15 11:24:00,0.042421871570979874
2019-07-15 11:27:00,-0.016323001425405437
2019-07-15 11:30:00,-0.14218583723084066
2019-07-15 11:33:00,-0.1659552345727775
2019-07-15 11:36:00,-0.05119148701174936
2019-07-15 11:39:00,-0.040905123912239105
2019-07-15 11:42:00,-0.18680988567007262
2019-07-15 11:45:00,-0.0974134202946857
2019-07-15 11:48:00,-0.04505268192485801
2019-07-15 11:51:00,-0.04624248495088068
2019-07-15 11:54:00,0.08620261164492149
2019-07-15 11:57:00,0.01157593433947568
2019-07-15 12:00:00,0.0035637283808682696
2019-07-15 12:03:00,0.09016292283314442
2019-07-15 12:06:00,-0.06941460034926195
2019-07-15 12:09:00,-0.08686719601013237
2019-07-15 12:12:00,-0.004769553637686386
2019-07-15 12:15:00,-0.18270162821733038
2019-07-15 12:18:00,-0.20562772274126928
2019-07-15 12:21:00,-0.3058175063663384
2019-07-15 12:24:00,-0.2344997536434903
2019-07-15 12:27:00,-0.24056042795530175
2019-07-15 12:30:00,-0.1711228211434559
2019-07-15 12:33:00,-0.05890358838666998
2019-07-15 12:36:00,-0.20912133347997042
2019-07-15 12:39:00,-0.06169331247963328
2019-07-15 12:42:00,-0.07556903036424956
2019-07-15 12:45:00,0.020416746352566406
2019-07-15 12:48:00,-0.17224872734772134
2019-07-15 12:51:00,-0.2436433622417553
2019-07-15 12:54:00,-0.31278196059071206
2019-07-15 12:57:00,-0.17818422988358407
2019-07-15 13:00:00,-0.31529944439478186
2019-07-15 13:03:00,-0.3062115990722418
2019-07-15 13:06:00,-0.2803504983275502
2019-07-15 13:09:00,-0.2601627309703076
2019-07-15 13:12:00,-0.25731814071616554
2019-07-15 13:15:00,-0.272447881425137
2019-07-15 13:18:00,-0.27677199760591975
2019-07-15 13:21:00,-0.2937300191154577
2019-07-15 13:24:00,-0.16963554984960183
2019-07-15 13:27:00,-0.15013336525987597
2019-07-15 13:30:00,-0.1057365908460497
2019-07-15 13:33:00,-0.2246068700275714
2019-07-15 13:36:00,-0.4201896476083107
2019-07-15 13:39:00,-0.36466513100526754
2019-07-15 13:42:00,-0.1539255949135736
2019-07-15 13:45:00,-0.21379796457989642
2019-07-15 13:48:00,-0.06749912562747795
2019-07-15 13:51:00,-0.19498289540388214
2019-07-15 13:54:00,-0.20257513115859638
2019-07-15 13:57:00,-0.2611619315546818
2019-07-15 14:00:00,-0.3891822345318019
2019-07-15 14:03:00,-0.33542540139654875
2019-07-15 14:06:00,-0.31904956892924474
2019-07-15 14:09:00,-0.26812160957592823
2019-07-15 14:12:00,-0.3095523112556293
2019-07-15 14:15:00,-0.17240264724512144
2019-07-15 14:18:00,-0.28157701207084074
2019-07-15 14:21:00,-0.355537774190509
2019-07-15 14:24:00,-0.13469383032412452
2019-07-15 14:27:00,-0.1571939962548754
2019-07-15 14:30:00,-0.187065807029569
2019-07-15 14:33:00,-0.06254555882878776
2019-07-15 14:36:00,0.19425579676698135
2019-07-15 14:39:00,0.0798131015525314
2019-07-15 14:42:00,-0.04692454182867323
2019-07-15 14:45:00,0.1282583653443794
2019-07-15 14:48:00,0.009951964985248196
2019-07-15 14:51:00,0.15051210005077564
2019-07-15 14:54:00,0.12717682084394255
2019-07-15 14:57:00,0.01715907324131649
2019-07-15 15:00:00,-0.0439743971839448
2019-07-15 15:03:00,-0.03481847273212679
2019-07-15 15:06:00,-0.13153674341037913
2019-07-15 15:09:00,-0.23902032135470108
2019-07-15 15:12:00,-0.26780928086481026
2019-07-15 15:15:00,-0.4050319225142971
2019-07-15 15:18:00,-0.3894116168887649
2019-07-15 15:21:00,-0.2542518935710518
2019-07-15 15:24:00,-0.06288736146052543
2019-07-15 15:27:00,-0.050792761146169596
2019-07-15 15:30:00,-0.16527890907877918
2019-07-15 15:33:00,-0.308543084624489
2019-07-15 15:36:00,-0.2955522686388008
2019-07-15 15:39:00,-0.23324598358357207
2019-07-15 15:42:00,-0.21676331775705648
2019-07-15 15:45:00,-0.3732993076081925
2019-07-15 15:48:00,-0.23737544029847868
2019-07-15 15:51:00,-0.23664657565194602
2019-07-15 15:54:00,-0.21825459137636471
2019-07-15 15:57:00,-0.22286969329877593
2019-07-15 16:00:00,-0.2860801449580208
2019-07-15 16:03:00,-0.25251696930268963
2019-07-15 16:06:00,-0.21907277157731642
2019-07-15 16:09:00,-0.3325127481506911
2019-07-15 16:12:00,-0.2847524276130571
2019-07-15 16:15:00,-0.1883782239594325
2019-07-15 16:18:00,-0.26555010736467466
2019-07-15 16:21:00,-0.2205809905911451
2019-07-15 16:24:00,-0.2146250432176089
2019-07-15 16:27:00,-0.18518875486421393
2019-07-15 16:30:00,-0.262333440472446
2019-07-15 16:33:00,-0.2830919131193923
2019-07-15 16:36:00,-0.2627599413291932
2019-07-15 16:39:00,-0.2719803599545685
2019-07-15 16:42:00,-0.27514194396457015
2019-07-15 16:45:00,-0.2816718580785391
2019-07-15 16:48:00,-0.22403532744158383
2019-07-15 16:51:00,-0.25189874589682404
2019-07-15 16:54:00,-0.23895667684735145
2019-07-15 16:57:00,-0.3477074252561465
2019-07-15 17:00:00,-0.27615093735272467
2019-07-15 17:03:00,-0.28770933484190664
2019-07-15 17:06:00,-0.28845204967103655
2019-07-15 17:09:00,-0.33013276244901135
2019-07-15 17:12:00,-0.26079381529746115
2019-07-15 17:15:00,-0.2768782553840765
2019-07-15 17:18:00,-0.33442198482129015
2019-07-15 17:21:00,-0.22972910884965358
2019-07-15 17:24:00,-0.246050133527433
2019-07-15 17:27:00,-0.2307266572152571
2019-07-15 17:30:00,-0.23532583214193892
2019-07-15 17:33:00,-0.27855236817651985
2019-07-15 17:36:00,-0.2769092057947091
2019-07-15 17:39:00,-0.23096297217057327
2019-07-15 17:42:00,-0.28284602557693006
2019-07-15 17:45:00,-0.23687239004345884
2019-07-15 17:48:00,-0.27199696471927837
2019-07-15 17:51:00,-0.27080781055258285
2019-07-15 17:54:00,-0.28146598730768346
2019-07-15 17:57:00,-0.18835793383181
2019-07-15 18:00:00,-0.27284541383943406
2019-07-15 18:03:00,-0.2138539578178893
2019-07-15 18:06:00,-0.2177699152134096
2019-07-15 18:09:00,-0.2490633220081122
2019-07-15 18:12:00,-0.19229987793823966
2019-07-15 18:15:00,-0.23034828292901466
2019-07-15 18:18:00,-0.3238890992324741
2019-07-15 18:21:00,-0.17779255510316716
2019-07-15 18:24:00,-0.18484460592588903
2019-07-15 18:27:00,-0.1196149415196146
2019-07-15 18:30:00,-0.07514754517029587
2019-07-15 18:33:00,-0.06591499923803212
2019-07-15 18:36:00,-0.11259670834726876
2019-07-15 18:39:00,-0.1152435282029387
2019-07-15 18:42:00,-0.06194433336901284
2019-07-15 18:45:00,0.032000497431909025
2019-07-15 18:48:00,-0.07279267976326764
2019-07-15 18:51:00,0.012551027358369993
2019-07-15 18:54:00,
2019-07-15 18:57:00,
2019-07-15 19:00:00,
2019-07-15 19:03:00,0.0037482568611721945
2019-07-15 19:06:00,0.13508023851596818
2019-07-15 19:09:00,0.01908872723379318
2019-07-15 19:12:00,0.06793910014960147
2019-07-15 19:15:00,0.1773607857479078
2019-07-15 19:18:00,0.08140374153958874
2019-07-15 19:21:00,-0.003692869693963985
2019-07-15 19:24:00,0.03356037790240407
2019-07-15 19:27:00,0.10000681210914308
2019-07-15 19:30:00,0.0967716662863154
2019-07-15 19:33:00,0.1929382846482781
2019-07-15 19:36:00,0.11293529749320896
2019-07-15 19:39:00,0.06813882733740684
2019-07-15 19:42:00,0.028297909473735672
2019-07-15 19:45:00,0.040280605361715516
2019-07-15 19:48:00,-0.0482530848792635
2019-07-15 19:51:00,-0.0501773943458943
2019-07-15 19:54:00,0.06978159198632738
2019-07-15 19:57:00,0.046130090579993066
2019-07-15 20:00:00,0.11764791134140751
2019-07-15 20:03:00,0.16109298856281384
2019-07-15 20:06:00,0.08378474044161521
2019-07-15 20:09:00,0.07970669096380334
2019-07-15 20:12:00,0.00842678727724433
2019-07-15 20:15:00,0.1160838262870243
2019-07-15 20:18:00,0.06338152387127138
2019-07-15 20:21:00,0.030726302137850325
2019-07-15 20:24:00,0.08240291151702195
2019-07-15 20:27:00,0.0693893089478479
2019-07-15 20:30:00,0.12951291764471762
2019-07-15 20:33:00,0.0263798876029
2019-07-15 20:36:00,0.10709569573953104
2019-07-15 20:39:00,0.052394911770022645
2019-07-15 20:42:00,0.1432319043316852
2019-07-15 20:45:00,0.19005780818173434
2019-07-15 20:48:00,0.1616376204198673
2019-07-15 20:51:00,0.22586074811238177
2019-07-15 20:54:00,0.14297810736394467
2019-07-15 20:57:00,0.17429855340230915
2019-07-15 21:00:00,0.1909526000971482
2019-07-15 21:03:00,0.13198728516056235
2019-07-15 21:06:00,0.21266170778710602
2019-07-15 21:09:00,0.2659415869712234
2019-07-15 21:12:00,0.1065210922892561
2019-07-15 21:15:00,0.15989851351235984
2019-07-15 21:18:00,0.1395573548484208
2019-07-15 21:21:00,0.16169427751464127
2019-07-15 21:24:00,0.1413872444003914
2019-07-15 21:27:00,0.1041201090171171
2019-07-15 21:30:00,0.05734923257500668
2019-07-15 21:33:00,0.06343142894814946
2019-07-15 21:36:00,0.07202950269663688
2019-07-15 21:39:00,0.05407189965728776
2019-07-15 21:42:00,0.04703014499062874
2019-07-15 21:45:00,0.17915086926922186
2019-07-15 21:48:00,0.11308615232263719
2019-07-15 21:51:00,0.18394552649277784
2019-07-15 21:54:00,0.13054477681782828
2019-07-15 21:57:00,0.12727956283828235
2019-07-15 22:00:00,0.1589332798707801
2019-07-15 22:03:00,0.1063793252776577
2019-07-15 22:06:00,0.08914265056324666
2019-07-15 22:09:00,0.10114540312781628
2019-07-15 22:12:00,0.09953529911734904
2019-07-15 22:15:00,0.10518664855726456
2019-07-15 22:18:00,0.14553346213881468
2019-07-15 22:21:00,0.06528415168742185
2019-07-15 22:24:00,0.16106176849365283
2019-07-15 22:27:00,0.033722785358293095
2019-07-15 22:30:00,0.16483873257681125
2019-07-15 22:33:00,0.2209017929460515
2019-07-15 22:36:00,0.14360651317610973
2019-07-15 22:39:00,0.1953089277724871
2019-07-15 22:42:00,0.13349232947348355
2019-07-15 22:45:00,0.1775211900984459
2019-07-15 22:48:00,0.1669012084398105
2019-07-15 22:51:00,0.19656244599525508
2019-07-15 22:54:00,0.16689532529738926
2019-07-15 22:57:00,0.22970907071356805
2019-07-15 23:00:00,0.1665386204499555
2019-07-15 23:03:00,0.11168389042171611
2019-07-15 23:06:00,0.1574620114418508
2019-07-15 23:09:00,0.1362712914910844
2019-07-15 23:12:00,0.28886427034450435
2019-07-15 23:15:00,0.15025028075780256
2019-07-15 23:18:00,0.15753094868512107
2019-07-15 23:21:00,0.18570473972204127
2019-07-15 23:24:00,0.23792058553556217
2019-07-15 23:27:00,0.22401026855362716
2019-07-15 23:30:00,0.1509882785291552
2019-07-15 23:33:00,0.21683301264238253
2019-07-15 23:36:00,0.16635937873348894
2019-07-15 23:39:00,0.24083330632231537
2019-07-15 23:42:00,0.12804258727391016
2019-07-15 23:45:00,0.27427845853247845
2019-07-15 23:48:00,0.16633591201281206
2019-07-15 23:51:00,0.2781700223399639
2019-07-15 23:54:00,0.1387107182724776
2019-07-15 23:57:00,0.18843294869355987
2019-07-16 00:00:00,0.2482703169724232
2019-07-16 00:03:00,0.21055813426585246
2019-07-16 00:06:00,0.1624038106738226
2019-07-16 00:09:00,0.11247267694608354
2019-07-16 00:12:00,0.21943060270632486
2019-07-16 00:15:00,0.17880205753101563
2019-07-16 00:18:00,0.20536237499993604
2019-07-16 00:21:00,0.2525413495729367
2019-07-16 00:24:00,0.14410631301552712
2019-07-16 00:27:00,0.177140994143258
2019-07-16 00:30:00,0.3310734598837257
2019-07-16 00:33:00,0.2812541058857505
2019-07-16 00:36:00,0.3832040465222235
2019-07-16 00:39:00,0.36551086783168785
2019-07-16 00:42:00,0.31757494300364897
2019-07-16 00:45:00,0.3792034926813699
2019-07-16 00:48:00,0.3484694740695886
2019-07-16 00:51:00,0.354717891047585
2019-07-16 00:54:00,0.4016489530451963
2019-07-16 00:57:00,0.4323467769012268
2019-07-16 01:00:00,0.44109924082670204
2019-07-16 01:03:00,0.4736732661170322
2019-07-16 01:06:00,0.3836371539457559
2019-07-16 01:09:00,0.4103116573096486
2019-07-16 01:12:00,0.5305849553169537
2019-07-16 01:15:00,0.5130977426754271
2019-07-16 01:18:00,0.44070093847750513
2019-07-16 01:21:00,0.40018195885016894
2019-07-16 01:24:00,0.3809816483522468
2019-07-16 01:27:00,0.28597687288242923
2019-07-16 01:30:00,0.4506825653949136
2019-07-16 01:33:00,0.4594915013862533
2019-07-16 01:36:00,0.43682173266626023
2019-07-16 01:39:00,0.5182914641730463
2019-07-16 01:42:00,0.5144088118340733
2019-07-16 01:45:00,0.5784576596248598
2019-07-16 01:48:00,0.37135844238065374
2019-07-16 01:51:00,0.3465914234026286
2019-07-16 01:54:00,0.3561268856087736
2019-07-16 01:57:00,0.4132086734814493
2019-07-16 02:00:00,0.30569274592335205
2019-07-16 02:03:00,0.29565327891731386
2019-07-16 02:06:00,0.41801552345697246
2019-07-16 02:09:00,0.3885996201431112
2019-07-16 02:12:00,0.38645918676036217
2019-07-16 02:15:00,0.19075418318936954
2019-07-16 02:18:00,0.26072934071254394
2019-07-16 02:21:00,0.22804856710069998
2019-07-16 02:24:00,0.26354971244182934
2019-07-16 02:27:00,0.26809622303153446
2019-07-16 02:30:00,0.3377029985230138
2019-07-16 02:33:00,0.32146620073916665
2019-07-16 02:36:00,0.31074055937847334
2019-07-16 02:39:00,0.3890026958505928
2019-07-16 02:42:00,0.43725732046874555
2019-07-16 02:45:00,0.4054001656851369
2019-07-16 02:48:00,0.3028849064308474
2019-07-16 02:51:00,0.2115778115785929
2019-07-16 02:54:00,0.3376201961067977
2019-07-16 02:57:00,0.23787110186947302
2019-07-16 03:00:00,0.3526729345847457
2019-07-16 03:03:00,0.29144859681377966
2019-07-16 03:06:00,0.4130067543800351
2019-07-16 03:09:00,0.3575089205398285
2019-07-16 03:12:00,0.3211469244024556
2019-07-16 03:15:00,0.27119830866467964
2019-07-16 03:18:00,0.35491290568563727
2019-07-16 03:21:00,0.2941538968408963
2019-07-16 03:24:00,0.3905501314995945
2019-07-16 03:27:00,0.3478733695257006
2019-07-16 03:30:00,0.3303341506498896
2019-07-16 03:33:00,0.2876653853582525
2019-07-16 03:36:00,0.42364516948066466
2019-07-16 03:39:00,0.510547357466578
2019-07-16 03:42:00,0.46782865698173737
2019-07-16 03:45:00,0.43233869182466833
2019-07-16 03:48:00,0.30176363629959724
2019-07-16 03:51:00,0.24420156151359151
2019-07-16 03:54:00,0.2962561331747793
2019-07-16 03:57:00,0.31695904773488337
2019-07-16 04:00:00,0.2063386914553007
2019-07-16 04:03:00,0.38267993313587567
2019-07-16 04:06:00,0.25070754977167553
2019-07-16 04:09:00,0.3526519645761823
2019-07-16 04:12:00,0.3103294510306114
2019-07-16 04:15:00,0.38392405591628176
2019-07-16 04:18:00,0.2793608659303004
2019-07-16 04:21:00,0.38482354930954443
2019-07-16 04:24:00,0.301746942366492
2019-07-16 04:27:00,0.2781122793904274
2019-07-16 04:30:00,0.29107199284527496
2019-07-16 04:33:00,0.25788090728434554
2019-07-16 04:36:00,0.3766472637041147
2019-07-16 04:39:00,0.2792081859429345
2019-07-16 04:42:00,0.26986280541865426
2019-07-16 04:45:00,0.29220092325550695
2019-07-16 04:48:00,0.3284229838604915
2019-07-16 04:51:00,0.21715777796083557
2019-07-16 04:54:00,0.30478648250561946
2019-07-16 04:57:00,0.37963593638136217
2019-07-16 05:00:00,0.3111904754231887
2019-07-16 05:03:00,0.2684527584037255
2019-07-16 05:06:00,0.2280286189258618
2019-07-16 05:09:00,0.29676002536984925
2019-07-16 05:12:00,0.34080973039243645
2019-07-16 05:15:00,0.28464004410830057
2019-07-16 05:18:00,0.20252780285130711
2019-07-16 05:21:00,0.31082539281970867
2019-07-16 05:24:00,0.3270985624861851
2019-07-16 05:27:00,0.2546718990612362
2019-07-16 05:30:00,0.2983518922629287
2019-07-16 05:33:00,0.3939153522219385
2019-07-16 05:36:00,0.28202570342375566
2019-07-16 05:39:00,0.2921068333248513
2019-07-16 05:42:00,0.2832988361247999
2019-07-16 05:45:00,0.3208291833119006
2019-07-16 05:48:00,0.34081145885909336
2019-07-16 05:51:00,0.3144539428753319
2019-07-16 05:54:00,0.33485563904685023
2019-07-16 05:57:00,0.300037441740983
2019-07-16 06:00:00,0.33439517544798036
2019-07-16 06:03:00,0.3836481113286254
2019-07-16 06:06:00,0.38802835293324733
2019-07-16 06:09:00,0.22273595591070716
2019-07-16 06:12:00,0.405320786492382
2019-07-16 06:15:00,0.27611466626740366
2019-07-16 06:18:00,0.3010479361565217
2019-07-16 06:21:00,0.2634094077008058
2019-07-16 06:24:00,0.3257896550622945
2019-07-16 06:27:00,0.3067412323147778
2019-07-16 06:30:00,0.42811416825503557
2019-07-16 06:33:00,0.32614010628537926
2019-07-16 06:36:00,0.36904789733728194
2019-07-16 06:39:00,0.3188754223102137
2019-07-16 06:42:00,0.34052104102772773
2019-07-16 06:45:00,0.3079487324445722
2019-07-16 06:48:00,0.3655289191338511
2019-07-16 06:51:00,0.3223335147827697
2019-07-16 06:54:00,0.42855140555485605
2019-07-16 06:57:00,0.41605170705850014
2019-07-16 07:00:00,0.4609279994597273
2019-07-16 07:03:00,0.662697181841736
2019-07-16 07:06:00,0.5122585786177751
2019-07-16 07:09:00,0.4070352436618805
2019-07-16 07:12:00,0.45596162836341136
2019-07-16 07:15:00,0.36720645262414564
2019-07-16 07:18:00,0.4561582608779986
2019-07-16 07:21:00,0.3192363145030299
2019-07-16 07:24:00,0.2600484020749718
2019-07-16 07:27:00,0.4110378860262358
2019-07-16 07:30:00,0.39967184016444435
2019-07-16 07:33:00,0.32288691654122204
2019-07-16 07:36:00,0.3285186433585068
2019-07-16 07:39:00,0.32205316807966256
2019-07-16 07:42:00,0.32104495930093435
2019-07-16 07:45:00,0.3943281100258105
2019-07-16 07:48:00,0.35097422063495287
2019-07-16 07:51:00,0.36515871052517923
2019-07-16 07:54:00,0.36349061467910815
2019-07-16 07:57:00,0.4057233550960859
2019-07-16 08:00:00,0.32392188711440895
2019-07-16 08:03:00,0.325696949760129
2019-07-16 08:06:00,0.3923855355170076
2019-07-16 08:09:00,0.3438816231620194
2019-07-16 08:12:00,0.38035161089351277
2019-07-16 08:15:00,0.28287857384964354
2019-07-16 08:18:00,0.2608661866937041
2019-07-16 08:21:00,0.356097020743789
2019-07-16 08:24:00,0.3859192834286205
2019-07-16 08:27:00,0.24777316004906424
2019-07-16 08:30:00,0.36387196275688893
2019-07-16 08:33:00,0.34489846415618786
2019-07-16 08:36:00,0.33315355177063566
2019-07-16 08:39:00,0.27207180874910364
2019-07-16 08:42:00,0.33699767324299046
2019-07-16 08:45:00,0.29358680130502535
2019-07-16 08:48:00,0.2966579814279271
2019-07-16 08:51:00,0.3414163722641206
2019-07-16 08:54:00,0.3173642179899616
2019-07-16 08:57:00,0.21451329949456976
2019-07-16 09:00:00,0.24856344328537716
2019-07-16 09:03:00,0.2283876425432254
2019-07-16 09:06:00,0.23032567675255677
2019-07-16 09:09:00,0.14426577139096253
2019-07-16 09:12:00,0.17934202538452837
2019-07-16 09:15:00,0.18538554616213787
2019-07-16 09:18:00,0.12278057570313194
2019-07-16 09:21:00,0.13988676402192368
2019-07-16 09:24:00,0.14486458184495632
2019-07-16 09:27:00,0.0722845616173231
2019-07-16 09:30:00,0.11581589552275773
2019-07-16 09:33:00,0.0757632645055537
2019-07-16 09:36:00,0.06960832425585295
2019-07-16 09:39:00,0.06903263248568692
2019-07-16 09:42:00,0.03285494663890631
2019-07-16 09:45:00,-0.05666327034157348
2019-07-16 09:48:00,-0.047082570472070984
2019-07-16 09:51:00,0.078743001669352
2019-07-16 09:54:00,-0.036372568297110774
2019-07-16 09:57:00,-0.027960339080266294
2019-07-16 10:00:00,-0.036625039495049805
2019-07-16 10:03:00,0.051540832609248355
2019-07-16 10:06:00,0.028183274025707306
2019-07-16 10:09:00,-0.1573059956549514
2019-07-16 10:12:00,-0.09784725107368786
2019-07-16 10:15:00,0.10417085762412626
2019-07-16 10:18:00,0.10141131480628474
2019-07-16 10:21:00,-0.13286778622614293
2019-07-16 10:24:00,-0.05997698637401072
2019-07-16 10:27:00,0.01473584678581119
2019-07-16 10:30:00,-0.056497649702123454
2019-07-16 10:33:00,0.005906536632380721
2019-07-16 10:36:00,-0.10525244650460763
2019-07-16 10:39:00,-0.08907867796403934
2019-07-16 10:42:00,-0.03800238759225749
2019-07-16 10:45:00,-0.11449988774660369
2019-07-16 10:48:00,-0.042887880813736956
2019-07-16 10:51:00,-0.1100559294454797
2019-07-16 10:54:00,-0.03437002174814552
2019-07-16 10:57:00,-0.1652630900275085
2019-07-16 11:00:00,-0.1278900097697715
2019-07-16 11:03:00,-0.04963045714634973
2019-07-16 11:06:00,0.012614499623055053
2019-07-16 11:09:00,-0.09218539385875602
2019-07-16 11:12:00,-0.16241463812679058
2019-07-16 11:15:00,-0.05746132689080241
2019-07-16 11:18:00,-0.21202184702508475
2019-07-16 11:21:00,-0.16092498299337876
2019-07-16 11:24:00,-0.15269455247283759
2019-07-16 11:27:00,-0.053288884522260105
2019-07-16 11:30:00,-0.0432503879004571
2019-07-16 11:33:00,-0.04518991420133034
2019-07-16 11:36:00,-0.11987049245715298
2019-07-16 11:39:00,-0.10497101997810887
2019-07-16 11:42:00,-0.18504652546005218
2019-07-16 11:45:00,-0.2392906223176965
2019-07-16 11:48:00,-0.09846375310411304
2019-07-16 11:51:00,-0.17541076021677782
2019-07-16 11:54:00,-0.11782608118130611
2019-07-16 11:57:00,-0.13160438826764675
2019-07-16 12:00:00,-0.05595156485946973
2019-07-16 12:03:00,-0.02026239625672588
2019-07-16 12:06:00,-0.22292835900691443
2019-07-16 12:09:00,-0.10329799074713719
2019-07-16 12:12:00,-0.2069658722586496
2019-07-16 12:15:00,-0.1328962251932353
2019-07-16 12:18:00,-0.20842997142051445
2019-07-16 12:21:00,-0.06278184520283503
2019-07-16 12:24:00,0.07890922519572996
2019-07-16 12:27:00,0.2217051918169659
2019-07-16 12:30:00,0.25059946801053457
2019-07-16 12:33:00,0.06799017330143897
2019-07-16 12:36:00,0.32625807910386584
2019-07-16 12:39:00,0.08765707851461002
2019-07-16 12:42:00,0.009799144650912694
2019-07-16 12:45:00,-0.14151350139422902
2019-07-16 12:48:00,-0.1680834199399328
2019-07-16 12:51:00,-0.09774282205199825
2019-07-16 12:54:00,0.19785217464669813
2019-07-16 12:57:00,0.3058867624898767
2019-07-16 13:00:00,0.23842531402220857
2019-07-16 13:03:00,0.2880451853635009
2019-07-16 13:06:00,0.19313549761955073
2019-07-16 13:09:00,0.12573441614233616
2019-07-16 13:12:00,-0.03263476376253038
2019-07-16 13:15:00,-0.2735140081461509
2019-07-16 13:18:00,-0.24584516253702304
2019-07-16 13:21:00,-0.1947705996304876
2019-07-16 13:24:00,-0.2758474241736053
2019-07-16 13:27:00,-0.23029612853753179
2019-07-16 13:30:00,-0.2015421167646423
2019-07-16 13:33:00,-0.199775006304435
2019-07-16 13:36:00,-0.16138199167721723
2019-07-16 13:39:00,-0.14494170176919852
2019-07-16 13:42:00,-0.14406343403317123
2019-07-16 13:45:00,-0.2635233703614972
2019-07-16 13:48:00,-0.2571127477204982
2019-07-16 13:51:00,-0.38930308470133923
2019-07-16 13:54:00,-0.2609213460270894
2019-07-16 13:57:00,-0.39841008121942423
2019-07-16 14:00:00,-0.33548611290797226
2019-07-16 14:03:00,-0.35718462875331625
2019-07-16 14:06:00,-0.28398865553646147
2019-07-16 14:09:00,-0.24499217078675883
2019-07-16 14:12:00,-0.27141368065440474
2019-07-16 14:15:00,-0.26589359040360705
2019-07-16 14:18:00,-0.20060967291220777
2019-07-16 14:21:00,-0.24717862252867917
2019-07-16 14:24:00,-0.1617077976170549
2019-07-16 14:27:00,-0.2664884947435553
2019-07-16 14:30:00,-0.23393672026179502
2019-07-16 14:33:00,-0.31637728362187545
2019-07-16 14:36:00,-0.3355802658520588
2019-07-16 14:39:00,-0.31198617773372916
2019-07-16 14:42:00,-0.19797262531676552
2019-07-16 14:45:00,-0.292515677943868
2019-07-16 14:48:00,-0.1978503509113807
2019-07-16 14:51:00,-0.2961229197005082
2019-07-16 14:54:00,-0.26124636019380887
2019-07-16 14:57:00,-0.32421256846288316
2019-07-16 15:00:00,-0.28169526578454906
2019-07-16 15:03:00,-0.35866423487044585
2019-07-16 15:06:00,-0.30664409087171407
2019-07-16 15:09:00,-0.31778446249722947
2019-07-16 15:12:00,-0.28065462557043475
2019-07-16 15:15:00,-0.30149334179861853
2019-07-16 15:18:00,-0.26697189836113466
2019-07-16 15:21:00,-0.3708485107036381
2019-07-16 15:24:00,-0.26426063539531697
2019-07-16 15:27:00,-0.337373948166487
2019-07-16 15:30:00,-0.3368970015480386
2019-07-16 15:33:00,-0.32100023514180975
2019-07-16 15:36:00,-0.3146433952207417
2019-07-16 15:39:00,-0.3468627125840271
2019-07-16 15:42:00,-0.3065591344133054
2019-07-16 15:45:00,-0.4562526407489145
2019-07-16 15:48:00,-0.27737210578237637
2019-07-16 15:51:00,-0.4072309213276526
2019-07-16 15:54:00,-0.3722157155985997
2019-07-16 15:57:00,-0.46411320812148915
2019-07-16 16:00:00,-0.3003297071877
2019-07-16 16:03:00,-0.477244646107124
2019-07-16 16:06:00,-0.34084994634810073
2019-07-16 16:09:00,-0.43149769230097945
2019-07-16 16:12:00,-0.40655751554464814
2019-07-16 16:15:00,-0.3271407441537235
2019-07-16 16:18:00,-0.25504088578094297
2019-07-16 16:21:00,-0.3466590118659383
2019-07-16 16:24:00,-0.2946071439633329
2019-07-16 16:27:00,-0.4025152765433404
2019-07-16 16:30:00,-0.24367337768615016
2019-07-16 16:33:00,-0.3087937383247663
2019-07-16 16:36:00,-0.42533418641846765
2019-07-16 16:39:00,-0.34390119547396125
2019-07-16 16:42:00,-0.3865450731924511
2019-07-16 16:45:00,-0.33771797431273853
2019-07-16 16:48:00,-0.4171320377518555
2019-07-16 16:51:00,-0.31270066094998583
2019-07-16 16:54:00,-0.34980260592186596
2019-07-16 16:57:00,-0.43284985313772495
2019-07-16 17:00:00,-0.4035297502833828
2019-07-16 17:03:00,-0.3353293833657176
2019-07-16 17:06:00,-0.3080909665381455
2019-07-16 17:09:00,-0.4552463535562197
2019-07-16 17:12:00,-0.47457776780987615
2019-07-16 17:15:00,-0.275139805693982
2019-07-16 17:18:00,-0.3224709942050481
2019-07-16 17:21:00,-0.249941962281639
2019-07-16 17:24:00,-0.36505749553873557
2019-07-16 17:27:00,-0.3212808558864708
2019-07-16 17:30:00,-0.3582190787713557
2019-07-16 17:33:00,-0.3495613054561204
2019-07-16 17:36:00,-0.2961910111549173
2019-07-16 17:39:00,-0.2927975725897909
2019-07-16 17:42:00,-0.39386844947239297
2019-07-16 17:45:00,-0.3946950567925569
2019-07-16 17:48:00,-0.31558170582644607
2019-07-16 17:51:00,-0.28652184089366983
2019-07-16 17:54:00,-0.3003415424011564
2019-07-16 17:57:00,-0.23035240119747868
2019-07-16 18:00:00,-0.26563652942274985
2019-07-16 18:03:00,-0.25837383444752504
2019-07-16 18:06:00,-0.2511683763090673
2019-07-16 18:09:00,-0.2326946156525196
2019-07-16 18:12:00,-0.1716557497213671
2019-07-16 18:15:00,-0.16497378730929313
2019-07-16 18:18:00,-0.10577675320024582
2019-07-16 18:21:00,-0.07003219185816079
2019-07-16 18:24:00,-0.18124678597655475
2019-07-16 18:27:00,-0.19838322929291508
2019-07-16 18:30:00,-0.13218603585579558
2019-07-16 18:33:00,-0.09888491862790261
2019-07-16 18:36:00,-0.09925031093672487
2019-07-16 18:39:00,-0.10918355171753547
2019-07-16 18:42:00,-0.12513478803873568
2019-07-16 18:45:00,-0.1257489998414485
2019-07-16 18:48:00,-0.06541753520275506
2019-07-16 18:51:00,-0.09379268208294889
2019-07-16 18:54:00,
2019-07-16 18:57:00,
2019-07-16 19:00:00,
2019-07-16 19:03:00,-0.03869074825666985
2019-07-16 19:06:00,-0.06408210712669415
2019-07-16 19:09:00,-0.025672146369743132
2019-07-16 19:12:00,-0.0005318759324381972
2019-07-16 19:15:00,-0.04043236877396339
2019-07-16 19:18:00,-0.05683887933287224
2019-07-16 19:21:00,0.020930378549337547
2019-07-16 19:24:00,-0.02396412291005845
2019-07-16 19:27:00,0.07088587136365732
2019-07-16 19:30:00,-0.09033196075290562
2019-07-16 19:33:00,-0.09505454057153884
2019-07-16 19:36:00,-0.057307798763645224
2019-07-16 19:39:00,-0.029816871072057438
2019-07-16 19:42:00,-0.028917796330574674
2019-07-16 19:45:00,-0.07954898030317281
2019-07-16 19:48:00,-0.07819991138069327
2019-07-16 19:51:00,-0.038455283890584724
2019-07-16 19:54:00,-0.07627798254338813
2019-07-16 19:57:00,0.012821550559976913
2019-07-16 20:00:00,0.0043420520862582634
2019-07-16 20:03:00,-0.07370041566480268
2019-07-16 20:06:00,-0.1086431215593393
2019-07-16 20:09:00,-0.0371687784646042
2019-07-16 20:12:00,-0.06901640538501397
2019-07-16 20:15:00,-0.05381758810182191
2019-07-16 20:18:00,0.09574302434100446
2019-07-16 20:21:00,-0.10495299982494544
2019-07-16 20:24:00,0.029404311463622435
2019-07-16 20:27:00,-0.017045975031464877
2019-07-16 20:30:00,0.048954503133757044
2019-07-16 20:33:00,0.02173215227247738
2019-07-16 20:36:00,-0.05102665057631839
2019-07-16 20:39:00,0.010956897851258418
2019-07-16 20:42:00,-0.026092923716362293
2019-07-16 20:45:00,0.052416888350421686
2019-07-16 20:48:00,0.06380068135791817
2019-07-16 20:51:00,0.07270778482319429
2019-07-16 20:54:00,-0.0375074220227134
2019-07-16 20:57:00,0.092518178223429
2019-07-16 21:00:00,0.10564490112585645
2019-07-16 21:03:00,0.056893406079609576
2019-07-16 21:06:00,0.08959839963802096
2019-07-16 21:09:00,0.10102020692698943
2019-07-16 21:12:00,0.08453579431102298
2019-07-16 21:15:00,0.12106144657678897
2019-07-16 21:18:00,0.02402568124955451
2019-07-16 21:21:00,0.0009297081175532185
2019-07-16 21:24:00,0.09071700847897546
2019-07-16 21:27:00,0.1214233755421219
2019-07-16 21:30:00,0.12974485630741128
2019-07-16 21:33:00,0.07816709378471387
2019-07-16 21:36:00,0.08321736328366569
2019-07-16 21:39:00,0.06872908087643737
2019-07-16 21:42:00,0.07825297045411617
2019-07-16 21:45:00,0.044637038444932386
2019-07-16 21:48:00,-0.03837745785216384
2019-07-16 21:51:00,-0.018179363670981274
2019-07-16 21:54:00,0.013450790449155647
2019-07-16 21:57:00,0.17833200531015336
2019-07-16 22:00:00,0.031387496018965066
2019-07-16 22:03:00,0.1627380211393188
2019-07-16 22:06:00,0.12143473155634865
2019-07-16 22:09:00,0.05252467450077347
2019-07-16 22:12:00,0.08263855010085308
2019-07-16 22:15:00,0.16954572282753588
2019-07-16 22:18:00,0.05309717020935523
2019-07-16 22:21:00,0.04205869067823187
2019-07-16 22:24:00,0.13060789947189733
2019-07-16 22:27:00,0.217201486832721
2019-07-16 22:30:00,0.03901975803523783
2019-07-16 22:33:00,0.11759735989551245
2019-07-16 22:36:00,0.13329612722020556
2019-07-16 22:39:00,0.07571952890447164
2019-07-16 22:42:00,0.11153287127575595
2019-07-16 22:45:00,0.1966268154358204
2019-07-16 22:48:00,0.19036137306397904
2019-07-16 22:51:00,0.12210517753931072
2019-07-16 22:54:00,0.20940329308257333
2019-07-16 22:57:00,0.19978702938971082
2019-07-16 23:00:00,0.18964845711963108
2019-07-16 23:03:00,0.1686432279713017
2019-07-16 23:06:00,0.11914441900108841
2019-07-16 23:09:00,0.24448915563505125
2019-07-16 23:12:00,0.07093824898896628
2019-07-16 23:15:00,0.16459922952651596
2019-07-16 23:18:00,0.16208588786719247
2019-07-16 23:21:00,0.1585174076770386
2019-07-16 23:24:00,0.2183297418543475
2019-07-16 23:27:00,0.19251688519267418
2019-07-16 23:30:00,0.1682793124684281
2019-07-16 23:33:00,0.1519319723273611
2019-07-16 23:36:00,0.15415753732776238
2019-07-16 23:39:00,0.19058163110537407
2019-07-16 23:42:00,0.27908011195449944
2019-07-16 23:45:00,0.14748061793272882
2019-07-16 23:48:00,0.2352910452289052
2019-07-16 23:51:00,0.21796292504245685
2019-07-16 23:54:00,0.2845318137246977
2019-07-16 23:57:00,0.16064091657847257
2019-07-17 00:00:00,0.2533815031302993
2019-07-17 00:03:00,0.21960150257939404
2019-07-17 00:06:00,0.2887903608191209
2019-07-17 00:09:00,0.34436922856036745
2019-07-17 00:12:00,0.29726683695594147
2019-07-17 00:15:00,0.29711285137528876
2019-07-17 00:18:00,0.2936551928489166
2019-07-17 00:21:00,0.3648033034572222
2019-07-17 00:24:00,0.3472936759206391
2019-07-17 00:27:00,0.30392992100718175
2019-07-17 00:30:00,0.3130355543905239
2019-07-17 00:33:00,0.2433661113151402
2019-07-17 00:36:00,0.359414480967871
2019-07-17 00:39:00,0.2608345187411487
2019-07-17 00:42:00,0.29628070013302477
2019-07-17 00:45:00,0.33912157472332183
2019-07-17 00:48:00,0.37722482137962743
2019-07-17 00:51:00,0.2909505479747736
2019-07-17 00:54:00,0.34515001061646444
2019-07-17 00:57:00,0.30990197181785106
2019-07-17 01:00:00,0.2628851987720964
2019-07-17 01:03:00,0.26738623759621305
2019-07-17 01:06:00,0.28614901123557956
2019-07-17 01:09:00,0.3227378284975657
2019-07-17 01:12:00,0.18436368375057555
2019-07-17 01:15:00,0.24849122765220955
2019-07-17 01:18:00,0.27925658499947303
2019-07-17 01:21:00,0.21470814076718625
2019-07-17 01:24:00,0.27484724123542037
2019-07-17 01:27:00,0.2754561027479667
2019-07-17 01:30:00,0.2147989897169964
2019-07-17 01:33:00,0.27302267644660105
2019-07-17 01:36:00,0.14371418743172626
2019-07-17 01:39:00,0.1803362042238632
2019-07-17 01:42:00,0.2171900260563575
2019-07-17 01:45:00,0.1664475928996012
2019-07-17 01:48:00,0.23517053822848766
2019-07-17 01:51:00,0.1373340040279345
2019-07-17 01:54:00,0.2500824674380624
2019-07-17 01:57:00,0.1916235408335183
2019-07-17 02:00:00,0.14405657996047694
2019-07-17 02:03:00,0.19119642008928395
2019-07-17 02:06:00,0.22852059109590073
2019-07-17 02:09:00,0.25515139579459856
2019-07-17 02:12:00,0.20031284914716707
2019-07-17 02:15:00,0.28508634305052283
2019-07-17 02:18:00,0.22944613432201777
2019-07-17 02:21:00,0.28133152799432537
2019-07-17 02:24:00,0.17894640960236075
2019-07-17 02:27:00,0.22266311502716007
2019-07-17 02:30:00,0.2392005541130402
2019-07-17 02:33:00,0.3028241874647506
2019-07-17 02:36:00,0.28488149426146947
2019-07-17 02:39:00,0.32435689411624935
2019-07-17 02:42:00,0.28614257470428583
2019-07-17 02:45:00,0.24643154897489694
2019-07-17 02:48:00,0.23127614929120455
2019-07-17 02:51:00,0.2938938932888391
2019-07-17 02:54:00,0.2204345956662337
2019-07-17 02:57:00,0.3653273244549382
2019-07-17 03:00:00,0.30267913962501325
2019-07-17 03:03:00,0.29826476906760035
2019-07-17 03:06:00,0.2448051126430073
2019-07-17 03:09:00,0.3216669187536354
2019-07-17 03:12:00,0.2644728945916768
2019-07-17 03:15:00,0.3110678571977701
2019-07-17 03:18:00,0.23798427546506673
2019-07-17 03:21:00,0.28300673766671025
2019-07-17 03:24:00,0.16585860449328038
2019-07-17 03:27:00,0.1824460693607648
2019-07-17 03:30:00,0.2562491698595295
2019-07-17 03:33:00,0.14626139484016676
2019-07-17 03:36:00,0.07702296232844219
2019-07-17 03:39:00,0.1314692486283775
2019-07-17 03:42:00,0.20323677138225094
2019-07-17 03:45:00,0.18453789249821284
2019-07-17 03:48:00,0.22415128567547526
2019-07-17 03:51:00,0.179369397781727
2019-07-17 03:54:00,0.09643327652048583
2019-07-17 03:57:00,0.14835410050068276
2019-07-17 04:00:00,0.19031235070968933
2019-07-17 04:03:00,0.15123021789031554
2019-07-17 04:06:00,0.25161393426952827
2019-07-17 04:09:00,0.2667125893603952
2019-07-17 04:12:00,0.16073137351327205
2019-07-17 04:15:00,0.20421094811359808
2019-07-17 04:18:00,0.22978392285989457
2019-07-17 04:21:00,0.3050143462804158
2019-07-17 04:24:00,0.2780798401648781
2019-07-17 04:27:00,0.24612507912200954
2019-07-17 04:30:00,0.23057748417346602
2019-07-17 04:33:00,0.3596224307287912
2019-07-17 04:36:00,0.24011520239429274
2019-07-17 04:39:00,0.209171956622356
2019-07-17 04:42:00,0.21150823957026432
2019-07-17 04:45:00,0.2763081264255334
2019-07-17 04:48:00,0.20096302225221052
2019-07-17 04:51:00,0.1921025797703919
2019-07-17 04:54:00,0.1726793345001738
2019-07-17 04:57:00,0.31274528877440844
2019-07-17 05:00:00,0.17889280919746398
2019-07-17 05:03:00,0.141513140634288
2019-07-17 05:06:00,0.21491357981045667
2019-07-17 05:09:00,0.2277353913552247
2019-07-17 05:12:00,0.2727083681211866
2019-07-17 05:15:00,0.20134216712858688
2019-07-17 05:18:00,0.27416136652715295
2019-07-17 05:21:00,0.23523363655584717
2019-07-17 05:24:00,0.2194228657733106
2019-07-17 05:27:00,0.24570868768876153
2019-07-17 05:30:00,0.32942511655159024
2019-07-17 05:33:00,0.26002704471039806
2019-07-17 05:36:00,0.3273854435101953
2019-07-17 05:39:00,0.19412030884086562
2019-07-17 05:42:00,0.3018459211140794
2019-07-17 05:45:00,0.2483173011916051
2019-07-17 05:48:00,0.24347866912921745
2019-07-17 05:51:00,0.196744083706335
2019-07-17 05:54:00,0.2892080706417346
2019-07-17 05:57:00,0.294322785035547
2019-07-17 06:00:00,0.22865365677159843
2019-07-17 06:03:00,0.2881556276938113
2019-07-17 06:06:00,0.316075879503785
2019-07-17 06:09:00,0.3129987713621176
2019-07-17 06:12:00,0.2750968901112856
2019-07-17 06:15:00,0.20438904107999178
2019-07-17 06:18:00,0.19772594011146793
2019-07-17 06:21:00,0.21055310366870117
2019-07-17 06:24:00,0.24200809704757376
2019-07-17 06:27:00,0.2497324066958413
2019-07-17 06:30:00,0.1947028674784974
2019-07-17 06:33:00,0.2366571619303386
2019-07-17 06:36:00,0.26146818584311404
2019-07-17 06:39:00,0.2977171714964584
2019-07-17 06:42:00,0.3087389353387948
2019-07-17 06:45:00,0.2935818957701031
2019-07-17 06:48:00,0.21225230731636202
2019-07-17 06:51:00,0.23896356011221087
2019-07-17 06:54:00,0.4010303864274647
2019-07-17 06:57:00,0.28752841153340114
2019-07-17 07:00:00,0.33443657480131606
2019-07-17 07:03:00,0.33122136630908017
2019-07-17 07:06:00,0.35608630565889143
2019-07-17 07:09:00,0.24852375422676687
2019-07-17 07:12:00,0.2777678524151952
2019-07-17 07:15:00,0.3082821410560541
2019-07-17 07:18:00,0.24811929334623528
2019-07-17 07:21:00,0.35454117696008325
2019-07-17 07:24:00,0.2600267860833583
2019-07-17 07:27:00,0.2803568882619061
2019-07-17 07:30:00,0.25414647688836567
2019-07-17 07:33:00,0.24670051959867578
2019-07-17 07:36:00,0.13997892652798782
2019-07-17 07:39:00,0.1967125352686594
2019-07-17 07:42:00,0.20156614914560578
2019-07-17 07:45:00,0.2391508019332491
2019-07-17 07:48:00,0.11227653463964771
2019-07-17 07:51:00,0.13166036814669724
2019-07-17 07:54:00,0.20591875210402577
2019-07-17 07:57:00,0.18524215929886623
2019-07-17 08:00:00,0.1782905637489307
2019-07-17 08:03:00,0.09318490469297558
2019-07-17 08:06:00,0.1699207935473055
2019-07-17 08:09:00,0.10598825633672959
2019-07-17 08:12:00,0.020601620027662193
2019-07-17 08:15:00,0.09507644111289437
2019-07-17 08:18:00,0.047987355649411256
2019-07-17 08:21:00,0.013543459179913953
2019-07-17 08:24:00,0.09699091632353429
2019-07-17 08:27:00,0.047894821132501875
2019-07-17 08:30:00,-0.01992300201470698
2019-07-17 08:33:00,-0.03126401835112347
2019-07-17 08:36:00,0.048769670662579756
2019-07-17 08:39:00,0.02042607707960542
2019-07-17 08:42:00,-0.03381013727442905
2019-07-17 08:45:00,-0.06300731579437979
2019-07-17 08:48:00,-0.047698417728440745
2019-07-17 08:51:00,-0.039496237814034885
2019-07-17 08:54:00,-0.06332664163397794
2019-07-17 08:57:00,0.034539509825606274
2019-07-17 09:00:00,-0.06289147238527448
2019-07-17 09:03:00,-0.05634181170125885
2019-07-17 09:06:00,-0.0756455499281401
2019-07-17 09:09:00,0.010376074012469871
2019-07-17 09:12:00,-0.05571242563621581
2019-07-17 09:15:00,-0.035738914816818124
2019-07-17 09:18:00,-0.14165408295798443
2019-07-17 09:21:00,-0.10208980425682057
2019-07-17 09:24:00,-0.009459947979792105
2019-07-17 09:27:00,-0.19706433232499876
2019-07-17 09:30:00,-0.04574760871759054
2019-07-17 09:33:00,-0.07985766161186802
2019-07-17 09:36:00,-0.12334802387806576
2019-07-17 09:39:00,-0.19516244321766862
2019-07-17 09:42:00,0.014890376916866899
2019-07-17 09:45:00,-0.0799715716336209
2019-07-17 09:48:00,-0.15468489163248478
2019-07-17 09:51:00,-0.19822584568777302
2019-07-17 09:54:00,-0.019878188857546775
2019-07-17 09:57:00,-0.1404068571531525
2019-07-17 10:00:00,-0.044984019239677764
2019-07-17 10:03:00,-0.172589443064453
2019-07-17 10:06:00,-0.20870131288779703
2019-07-17 10:09:00,-0.1721886230217251
2019-07-17 10:12:00,-0.1442211834302043
2019-07-17 10:15:00,-0.20415530429738737
2019-07-17 10:18:00,-0.1931741047750961
2019-07-17 10:21:00,-0.09656812830542094
2019-07-17 10:24:00,-0.18131405103542875
2019-07-17 10:27:00,-0.11953768041695412
2019-07-17 10:30:00,-0.12140868741545319
2019-07-17 10:33:00,-0.2800451918345175
2019-07-17 10:36:00,-0.29387386683305294
2019-07-17 10:39:00,-0.29673416320542856
2019-07-17 10:42:00,-0.1478069768714363
2019-07-17 10:45:00,-0.313012463731809
2019-07-17 10:48:00,-0.26789447538163813
2019-07-17 10:51:00,-0.26861216141395516
2019-07-17 10:54:00,-0.3109417554238121
2019-07-17 10:57:00,-0.3091931429429451
2019-07-17 11:00:00,-0.3227261165615687
2019-07-17 11:03:00,-0.2203675663012632
2019-07-17 11:06:00,-0.3807546695210249
2019-07-17 11:09:00,-0.41622390123063724
2019-07-17 11:12:00,-0.19737480385555273
2019-07-17 11:15:00,-0.2978522521275977
2019-07-17 11:18:00,-0.3284444124744823
2019-07-17 11:21:00,-0.27913859391480855
2019-07-17 11:24:00,-0.25201581718744137
2019-07-17 11:27:00,-0.2982273393033097
2019-07-17 11:30:00,-0.36885794950524087
2019-07-17 11:33:00,-0.27164716707534353
2019-07-17 11:36:00,-0.3533860668370039
2019-07-17 11:39:00,-0.3112330243799306
2019-07-17 11:42:00,-0.26941680950318414
2019-07-17 11:45:00,-0.32019751276669695
2019-07-17 11:48:00,-0.3661122010964277
2019-07-17 11:51:00,-0.3211892518362447
2019-07-17 11:54:00,-0.4648843299304417
2019-07-17 11:57:00,-0.3433938224968074
2019-07-17 12:00:00,-0.4137194369449162
2019-07-17 12:03:00,-0.42282916411056704
2019-07-17 12:06:00,-0.34565002164703174
2019-07-17 12:09:00,-0.5718543877515003
2019-07-17 12:12:00,-0.4760486469579064
2019-07-17 12:15:00,-0.5639470976639132
2019-07-17 12:18:00,-0.3345626841087892
2019-07-17 12:21:00,-0.45416970710328997
2019-07-17 12:24:00,-0.472761926663793
2019-07-17 12:27:00,-0.45992580920704995
2019-07-17 12:30:00,-0.46639096203881536
2019-07-17 12:33:00,-0.5778891905943624
2019-07-17 12:36:00,-0.40171842068008345
2019-07-17 12:39:00,-0.4974096661370595
2019-07-17 12:42:00,-0.3949918202952176
2019-07-17 12:45:00,-0.412032601097053
2019-07-17 12:48:00,-0.5779170120176218
2019-07-17 12:51:00,-0.4994813703090699
2019-07-17 12:54:00,-0.45370370963098594
2019-07-17 12:57:00,-0.5089748965869489
2019-07-17 13:00:00,-0.48435174103622103
2019-07-17 13:03:00,-0.5137542589247346
2019-07-17 13:06:00,-0.4837708125627387
2019-07-17 13:09:00,-0.511834921205832
2019-07-17 13:12:00,-0.4908417294736296
2019-07-17 13:15:00,-0.46474594709724215
2019-07-17 13:18:00,-0.49498468262191864
2019-07-17 13:21:00,-0.3825890921124824
2019-07-17 13:24:00,-0.28939872104098185
2019-07-17 13:27:00,-0.4295889908847812
2019-07-17 13:30:00,-0.4217081933753093
2019-07-17 13:33:00,-0.45437151965762723
2019-07-17 13:36:00,-0.4675686710480136
2019-07-17 13:39:00,-0.42248143305880603
2019-07-17 13:42:00,-0.5704102941720066
2019-07-17 13:45:00,-0.4955826389820004
2019-07-17 13:48:00,-0.3512137565230091
2019-07-17 13:51:00,-0.48584069191957724
2019-07-17 13:54:00,-0.42796743234055157
2019-07-17 13:57:00,-0.3471497136313815
2019-07-17 14:00:00,-0.532115764734499
2019-07-17 14:03:00,-0.4099965687123017
2019-07-17 14:06:00,-0.5110318975355881
2019-07-17 14:09:00,-0.45672552035301806
2019-07-17 14:12:00,-0.5390756659990643
2019-07-17 14:15:00,-0.44114152716736044
2019-07-17 14:18:00,-0.5061974959506301
2019-07-17 14:21:00,-0.5685024608650906
2019-07-17 14:24:00,-0.4452173442630851
2019-07-17 14:27:00,-0.5516274350424055
2019-07-17 14:30:00,-0.3339637470180037
2019-07-17 14:33:00,-0.046941179316775106
2019-07-17 14:36:00,0.040583688357060055
2019-07-17 14:39:00,0.012319540856424283
2019-07-17 14:42:00,-0.11556230362333508
2019-07-17 14:45:00,-0.16788470537420608
2019-07-17 14:48:00,-0.0588966488760434
2019-07-17 14:51:00,-0.14327395588532
2019-07-17 14:54:00,-0.12333266163994949
2019-07-17 14:57:00,-0.24413934111731805
2019-07-17 15:00:00,-0.19403680621394415
2019-07-17 15:03:00,-0.4931258447533651
2019-07-17 15:06:00,-0.33951214184702394
2019-07-17 15:09:00,-0.4131993218152843
2019-07-17 15:12:00,-0.5397920568912014
2019-07-17 15:15:00,-0.45162589605905623
2019-07-17 15:18:00,-0.33605565861358855
2019-07-17 15:21:00,-0.29859178729680025
2019-07-17 15:24:00,-0.23008704027802196
2019-07-17 15:27:00,-0.29155342102620807
2019-07-17 15:30:00,-0.30768320589169207
2019-07-17 15:33:00,-0.46980531245105794
2019-07-17 15:36:00,-0.4206568662996233
2019-07-17 15:39:00,-0.47405697384124323
2019-07-17 15:42:00,-0.36437325856547886
2019-07-17 15:45:00,-0.4733901895801296
2019-07-17 15:48:00,-0.4910924900584632
2019-07-17 15:51:00,-0.48074357239164556
2019-07-17 15:54:00,-0.5611162187918239
2019-07-17 15:57:00,-0.4660894831329756
2019-07-17 16:00:00,-0.4650722584967184
2019-07-17 16:03:00,-0.5726903811511761
2019-07-17 16:06:00,-0.5202254739238583
2019-07-17 16:09:00,-0.46958097712735025
2019-07-17 16:12:00,-0.4606290679496965
2019-07-17 16:15:00,-0.5570894429741315
2019-07-17 16:18:00,-0.5991124023080943
2019-07-17 16:21:00,-0.6041787240466192
2019-07-17 16:24:00,-0.5738778788380046
2019-07-17 16:27:00,-0.5442519440132401
2019-07-17 16:30:00,-0.4339425402544066
2019-07-17 16:33:00,-0.47962509215199134
2019-07-17 16:36:00,-0.550117481890311
2019-07-17 16:39:00,-0.4629983440539718
2019-07-17 16:42:00,-0.5337806372730824
2019-07-17 16:45:00,-0.6134625774321876
2019-07-17 16:48:00,-0.5246526101462337
2019-07-17 16:51:00,-0.5360602727932928
2019-07-17 16:54:00,-0.43324329036954623
2019-07-17 16:57:00,-0.518486159617396
2019-07-17 17:00:00,-0.5354065299611648
2019-07-17 17:03:00,-0.49956511419361505
2019-07-17 17:06:00,-0.6099724646762752
2019-07-17 17:09:00,-0.5517185060856491
2019-07-17 17:12:00,-0.4489303632130941
2019-07-17 17:15:00,-0.5152274116313151
2019-07-17 17:18:00,-0.5236170634505015
2019-07-17 17:21:00,-0.34095851897387774
2019-07-17 17:24:00,-0.4141842180650883
2019-07-17 17:27:00,-0.522710692223427
2019-07-17 17:30:00,-0.42595580648156783
2019-07-17 17:33:00,-0.512744297412894
2019-07-17 17:36:00,-0.43361823047234793
2019-07-17 17:39:00,-0.4059404073873907
2019-07-17 17:42:00,-0.43282390436809237
2019-07-17 17:45:00,-0.40626095978268495
2019-07-17 17:48:00,-0.4525021004982932
2019-07-17 17:51:00,-0.3838665087458253
2019-07-17 17:54:00,-0.3679850627690371
2019-07-17 17:57:00,-0.38595285159027526
2019-07-17 18:00:00,-0.39408188180794923
2019-07-17 18:03:00,-0.4783085167727563
2019-07-17 18:06:00,-0.5568265135805177
2019-07-17 18:09:00,-0.3990790277174483
2019-07-17 18:12:00,-0.4330891290809973
2019-07-17 18:15:00,-0.5321136922041774
2019-07-17 18:18:00,-0.3777600780745729
2019-07-17 18:21:00,-0.31660858815871507
2019-07-17 18:24:00,-0.41163317605617067
2019-07-17 18:27:00,-0.38547038055804705
2019-07-17 18:30:00,-0.3360987419614503
2019-07-17 18:33:00,-0.38947209399782423
2019-07-17 18:36:00,-0.4298368481252055
2019-07-17 18:39:00,-0.31157817708105995
2019-07-17 18:42:00,-0.43729354913392626
2019-07-17 18:45:00,-0.4133494716497239
2019-07-17 18:48:00,-0.3978679283291058
2019-07-17 18:51:00,-0.3212159738309879
2019-07-17 18:54:00,-0.4643915744615583
2019-07-17 18:57:00,
2019-07-17 19:00:00,
2019-07-17 19:03:00,-0.45778470097945956
2019-07-17 19:06:00,-0.3325946442361669
2019-07-17 19:09:00,-0.4057513366245189
2019-07-17 19:12:00,-0.28180595540732156
2019-07-17 19:15:00,-0.20616609907347083
2019-07-17 19:18:00,-0.32006613634501946
2019-07-17 19:21:00,-0.35898845863135875
2019-07-17 19:24:00,-0.40044773391133504
2019-07-17 19:27:00,-0.3399244388548368
2019-07-17 19:30:00,-0.31618560371833837
2019-07-17 19:33:00,-0.2401392342767963
2019-07-17 19:36:00,-0.31639932942943005
2019-07-17 19:39:00,-0.4353658135578371
2019-07-17 19:42:00,-0.3025216994959692
2019-07-17 19:45:00,-0.3177434999753359
2019-07-17 19:48:00,-0.317629979654555
2019-07-17 19:51:00,-0.2545048396455627
2019-07-17 19:54:00,-0.2968734494277214
2019-07-17 19:57:00,-0.20546133039277947
2019-07-17 20:00:00,-0.1909503196640685
2019-07-17 20:03:00,-0.21776914338238385
2019-07-17 20:06:00,-0.14334208751648703
2019-07-17 20:09:00,-0.12671612412123068
2019-07-17 20:12:00,-0.17428633832918194
2019-07-17 20:15:00,-0.16201414446771878
2019-07-17 20:18:00,-0.15290293078322748
2019-07-17 20:21:00,-0.08524946112783027
2019-07-17 20:24:00,-0.1380412637889208
2019-07-17 20:27:00,-0.172218288838053
2019-07-17 20:30:00,-0.06601511337555621
2019-07-17 20:33:00,-0.08078955141837696
2019-07-17 20:36:00,-0.05787342606532775
2019-07-17 20:39:00,-0.005057018533534574
2019-07-17 20:42:00,0.02903480959071203
2019-07-17 20:45:00,-0.03180882936277385
2019-07-17 20:48:00,0.06954148520452463
2019-07-17 20:51:00,0.06713947418643329
2019-07-17 20:54:00,0.016138068580914933
2019-07-17 20:57:00,0.09808028207169173
2019-07-17 21:00:00,0.047010568256439456
2019-07-17 21:03:00,-0.0023469177664310337
2019-07-17 21:06:00,0.0640338201866939
2019-07-17 21:09:00,0.013737307809549293
2019-07-17 21:12:00,0.08126481932680463
2019-07-17 21:15:00,0.010918588930621809
2019-07-17 21:18:00,0.08732134537245884
2019-07-17 21:21:00,0.11803702980529351
2019-07-17 21:24:00,0.05897186232357399
2019-07-17 21:27:00,0.052794496753165276
2019-07-17 21:30:00,0.023192991359849202
2019-07-17 21:33:00,0.007809510904962735
2019-07-17 21:36:00,-0.050467081520309875
2019-07-17 21:39:00,0.1075355816492447
2019-07-17 21:42:00,0.063075054026001
2019-07-17 21:45:00,0.14232380219260676
2019-07-17 21:48:00,0.08563080248472943
2019-07-17 21:51:00,0.11941856912733328
2019-07-17 21:54:00,0.106895414012115
2019-07-17 21:57:00,0.0519269008806873
2019-07-17 22:00:00,0.05936191036460059
2019-07-17 22:03:00,0.14899364830256445
2019-07-17 22:06:00,0.07014886963423805
2019-07-17 22:09:00,0.12311051261588091
2019-07-17 22:12:00,-0.0010159778250908857
2019-07-17 22:15:00,0.07847624508127637
2019-07-17 22:18:00,0.0699647827235026
2019-07-17 22:21:00,0.05906001945669459
2019-07-17 22:24:00,0.11368940762599777
2019-07-17 22:27:00,0.012749127765573576
2019-07-17 22:30:00,0.06899665181566661
2019-07-17 22:33:00,0.11289864452356824
2019-07-17 22:36:00,0.1730582691071163
2019-07-17 22:39:00,0.05657447036588792
2019-07-17 22:42:00,0.16557045517487268
2019-07-17 22:45:00,0.2542473571494952
2019-07-17 22:48:00,0.11007281257775503
2019-07-17 22:51:00,0.13389926517544382
2019-07-17 22:54:00,0.09038203815276802
2019-07-17 22:57:00,0.17770448919463888
2019-07-17 23:00:00,0.1152218670788443
2019-07-17 23:03:00,0.05193968415295558
2019-07-17 23:06:00,0.0853362468479304
2019-07-17 23:09:00,0.19751370042689587
2019-07-17 23:12:00,0.04237147365904548
2019-07-17 23:15:00,0.059377488581390026
2019-07-17 23:18:00,-0.007955230809045588
2019-07-17 23:21:00,0.08740757300756741
2019-07-17 23:24:00,0.12022986033576899
2019-07-17 23:27:00,-0.056675430666018656
2019-07-17 23:30:00,0.0051483997047512275
2019-07-17 23:33:00,0.06343286097973078
2019-07-17 23:36:00,0.09004604307779118
2019-07-17 23:39:00,0.03502423918592967
2019-07-17 23:42:00,-0.004141155667298335
2019-07-17 23:45:00,-0.023451265827816314
2019-07-17 23:48:00,0.03210243627023601
2019-07-17 23:51:00,-0.015893824248166766
2019-07-17 23:54:00,0.009764010514459187
2019-07-17 23:57:00,0.02253275179754155
2019-07-18 00:00:00,0.03580452079603447
2019-07-18 00:03:00,0.025067629234001743
2019-07-18 00:06:00,0.06778803957638502
2019-07-18 00:09:00,0.028212717794929176
2019-07-18 00:12:00,0.15916623934344898
2019-07-18 00:15:00,0.13031508509442347
2019-07-18 00:18:00,0.07045578980466871
2019-07-18 00:21:00,0.08613674725262399
2019-07-18 00:24:00,-0.02565382624391077
2019-07-18 00:27:00,0.030442647084896635
2019-07-18 00:30:00,0.09126672106714295
2019-07-18 00:33:00,0.03774728382751391
2019-07-18 00:36:00,0.10852941175085107
2019-07-18 00:39:00,0.016042479301347612
2019-07-18 00:42:00,-0.0337682414587448
2019-07-18 00:45:00,0.045117604292727265
2019-07-18 00:48:00,0.04668944504572892
2019-07-18 00:51:00,-0.0324508656194098
2019-07-18 00:54:00,-0.06932748294138946
2019-07-18 00:57:00,0.04059455304053472
2019-07-18 01:00:00,0.017969693882037063
2019-07-18 01:03:00,0.08985933103525667
2019-07-18 01:06:00,-0.04946195979857748
2019-07-18 01:09:00,0.05518026020547495
2019-07-18 01:12:00,0.024348706866078373
2019-07-18 01:15:00,0.10802424145776968
2019-07-18 01:18:00,-0.0317293468817752
2019-07-18 01:21:00,0.05670406502184733
2019-07-18 01:24:00,0.07835226502260184
2019-07-18 01:27:00,0.0003679697186385056
2019-07-18 01:30:00,-0.010756909529732184
2019-07-18 01:33:00,0.10613412060558858
2019-07-18 01:36:00,0.1271743180620888
2019-07-18 01:39:00,0.06286173322592958
2019-07-18 01:42:00,0.08871992338731616
2019-07-18 01:45:00,0.12519664379067308
2019-07-18 01:48:00,0.10196205855709195
2019-07-18 01:51:00,0.056591042723255214
2019-07-18 01:54:00,0.004781395344537032
2019-07-18 01:57:00,-0.05594009349800899
2019-07-18 02:00:00,0.00470139799926983
2019-07-18 02:03:00,0.09125712742905989
2019-07-18 02:06:00,0.08624746781686099
2019-07-18 02:09:00,0.09278681876958217
2019-07-18 02:12:00,0.07229548074360537
2019-07-18 02:15:00,0.10540925537020485
2019-07-18 02:18:00,0.19385196506874536
2019-07-18 02:21:00,0.10212112845727006
2019-07-18 02:24:00,0.15110281185559415
2019-07-18 02:27:00,0.036558845198157996
2019-07-18 02:30:00,0.08642342294876926
2019-07-18 02:33:00,0.18439589279131496
2019-07-18 02:36:00,0.1585365752208645
2019-07-18 02:39:00,0.15731854854408311
2019-07-18 02:42:00,0.18345082481283725
2019-07-18 02:45:00,0.12910716723484938
2019-07-18 02:48:00,0.06216389606333905
2019-07-18 02:51:00,0.12964743786818644
2019-07-18 02:54:00,0.0838482155028828
2019-07-18 02:57:00,0.14621830162161586
2019-07-18 03:00:00,0.13286942340909036
2019-07-18 03:03:00,0.07363828384029603
2019-07-18 03:06:00,0.11089581288081263
2019-07-18 03:09:00,0.17131411837431187
2019-07-18 03:12:00,0.1153451485503183
2019-07-18 03:15:00,0.1669992458172942
2019-07-18 03:18:00,0.12907138533108764
2019-07-18 03:21:00,0.14396232885735571
2019-07-18 03:24:00,0.14127105134662088
2019-07-18 03:27:00,0.20345782002453916
2019-07-18 03:30:00,0.07023419106167239
2019-07-18 03:33:00,0.12417582343141476
2019-07-18 03:36:00,0.10432254503484728
2019-07-18 03:39:00,0.1160008844492495
2019-07-18 03:42:00,0.0529912345892285
2019-07-18 03:45:00,0.08521512986237667
2019-07-18 03:48:00,0.07341491638317166
2019-07-18 03:51:00,0.059218848754369446
2019-07-18 03:54:00,0.055743878549321835
2019-07-18 03:57:00,0.09575626754588029
2019-07-18 04:00:00,0.15278411838653483
2019-07-18 04:03:00,0.09352830205614282
2019-07-18 04:06:00,0.10166300298647002
2019-07-18 04:09:00,0.11100600720624243
2019-07-18 04:12:00,0.1264726690938005
2019-07-18 04:15:00,0.1977332892675463
2019-07-18 04:18:00,0.16748593127533695
2019-07-18 04:21:00,0.07656802564753207
2019-07-18 04:24:00,0.1620419107455291
2019-07-18 04:27:00,0.07706680211310868
2019-07-18 04:30:00,0.04197300682471905
2019-07-18 04:33:00,0.18816602978273522
2019-07-18 04:36:00,0.11028330598747971
2019-07-18 04:39:00,0.023064488664033433
2019-07-18 04:42:00,0.1524091620427157
2019-07-18 04:45:00,0.09543873275310943
2019-07-18 04:48:00,0.1269236757692056
2019-07-18 04:51:00,0.11278144160326065
2019-07-18 04:54:00,0.12951250975595485
2019-07-18 04:57:00,0.029533045162850158
2019-07-18 05:00:00,0.08888389027453059
2019-07-18 05:03:00,0.1896462399564598
2019-07-18 05:06:00,0.1712859701991647
2019-07-18 05:09:00,0.2253609527157323
2019-07-18 05:12:00,0.13294723161635602
2019-07-18 05:15:00,0.08803506296692376
2019-07-18 05:18:00,0.11112004460443359
2019-07-18 05:21:00,0.1981055514424952
2019-07-18 05:24:00,0.16936945282373017
2019-07-18 05:27:00,0.16176033257028166
2019-07-18 05:30:00,0.19356886754269453
2019-07-18 05:33:00,0.0851613161402156
2019-07-18 05:36:00,0.15756617461426004
2019-07-18 05:39:00,0.19322166780693806
2019-07-18 05:42:00,0.15021045137251576
2019-07-18 05:45:00,0.1562815793844834
2019-07-18 05:48:00,0.1669941580778982
2019-07-18 05:51:00,0.1083780977397737
2019-07-18 05:54:00,0.187303821578098
2019-07-18 05:57:00,0.08484075687351833
2019-07-18 06:00:00,0.1264292752909455
2019-07-18 06:03:00,0.1684814250311888
2019-07-18 06:06:00,0.26038659808170905
2019-07-18 06:09:00,0.19033200079752532
2019-07-18 06:12:00,0.1341131130467943
2019-07-18 06:15:00,0.2418351489654924
2019-07-18 06:18:00,0.17532090116566224
2019-07-18 06:21:00,0.21108276607429843
2019-07-18 06:24:00,0.17327803503974337
2019-07-18 06:27:00,0.1667008267599499
2019-07-18 06:30:00,0.18650177982988225
2019-07-18 06:33:00,0.23938998721126836
2019-07-18 06:36:00,0.08794978151695432
2019-07-18 06:39:00,0.18937993771010042
2019-07-18 06:42:00,0.10202158421952845
2019-07-18 06:45:00,0.2021063724152441
2019-07-18 06:48:00,0.04597591195192763
2019-07-18 06:51:00,0.11372131780939299
2019-07-18 06:54:00,0.1880115038952681
2019-07-18 06:57:00,0.1900651997506202
2019-07-18 07:00:00,0.15206395396478456
2019-07-18 07:03:00,0.12258879850310223
2019-07-18 07:06:00,0.18220600925081953
2019-07-18 07:09:00,0.1426084694119254
2019-07-18 07:12:00,0.19567408067820224
2019-07-18 07:15:00,0.2425159258160079
2019-07-18 07:18:00,0.2473483357512123
2019-07-18 07:21:00,0.10518719884885286
2019-07-18 07:24:00,0.19953700539741703
2019-07-18 07:27:00,0.11731329598063667
2019-07-18 07:30:00,0.16256444120870128
2019-07-18 07:33:00,0.1813475028245648
2019-07-18 07:36:00,0.21317214937300832
2019-07-18 07:39:00,0.17326020510114404
2019-07-18 07:42:00,0.1295786729083943
2019-07-18 07:45:00,0.03655884183888247
2019-07-18 07:48:00,0.15426636653626247
2019-07-18 07:51:00,0.0762010531181545
2019-07-18 07:54:00,0.12996278219088708
2019-07-18 07:57:00,0.10297186168071448
2019-07-18 08:00:00,0.11661095185826298
2019-07-18 08:03:00,0.11043922345356805
2019-07-18 08:06:00,0.19062484346443398
2019-07-18 08:09:00,0.1015931656714315
2019-07-18 08:12:00,0.03284922483067021
2019-07-18 08:15:00,0.03774646567893569
2019-07-18 08:18:00,0.05482645640722694
2019-07-18 08:21:00,-0.047889607562922265
2019-07-18 08:24:00,0.019401948141364755
2019-07-18 08:27:00,0.00849861018110687
2019-07-18 08:30:00,0.00024010596212065138
2019-07-18 08:33:00,0.05545977761880749
2019-07-18 08:36:00,0.11952497738383272
2019-07-18 08:39:00,0.04331865429116988
2019-07-18 08:42:00,0.04476159447114014
2019-07-18 08:45:00,0.02291563824263676
2019-07-18 08:48:00,-0.004788443558823019
2019-07-18 08:51:00,-0.01850368961095228
2019-07-18 08:54:00,0.0248236053440678
2019-07-18 08:57:00,-0.031072433572091995
2019-07-18 09:00:00,-0.018385962967670366
2019-07-18 09:03:00,-0.02499120107916042
2019-07-18 09:06:00,-0.03553951353484308
2019-07-18 09:09:00,0.032060200775447356
2019-07-18 09:12:00,-0.026650904809685017
2019-07-18 09:15:00,-0.0766005009577384
2019-07-18 09:18:00,0.006896093333182307
2019-07-18 09:21:00,-0.05799011773018492
2019-07-18 09:24:00,-0.10370892755440764
2019-07-18 09:27:00,-0.2567961846921776
2019-07-18 09:30:00,-0.13404337731793703
2019-07-18 09:33:00,-0.137765636764982
2019-07-18 09:36:00,-0.2889944775504887
2019-07-18 09:39:00,-0.16889550070396808
2019-07-18 09:42:00,-0.22841197019414494
2019-07-18 09:45:00,-0.16893611392185903
2019-07-18 09:48:00,-0.26894124422136656
2019-07-18 09:51:00,-0.3121850646780331
2019-07-18 09:54:00,-0.13454796096834798
2019-07-18 09:57:00,-0.17911554061009838
2019-07-18 10:00:00,-0.19415967749466745
2019-07-18 10:03:00,-0.2590346215426962
2019-07-18 10:06:00,-0.21489766556385348
2019-07-18 10:09:00,-0.19875526510151076
2019-07-18 10:12:00,-0.2695226738659926
2019-07-18 10:15:00,-0.2739004723080143
2019-07-18 10:18:00,-0.35505507842219686
2019-07-18 10:21:00,-0.35816849209180646
2019-07-18 10:24:00,-0.26023904048724944
2019-07-18 10:27:00,-0.37009985968103365
2019-07-18 10:30:00,-0.43879891344926136
2019-07-18 10:33:00,-0.37549691782243144
2019-07-18 10:36:00,-0.2883104539496344
2019-07-18 10:39:00,-0.39521266479971473
2019-07-18 10:42:00,-0.34475194237012374
2019-07-18 10:45:00,-0.3008023730370155
2019-07-18 10:48:00,-0.4367281793443567
2019-07-18 10:51:00,-0.36024744135522724
2019-07-18 10:54:00,-0.36466030390738524
2019-07-18 10:57:00,-0.3536719849806218
2019-07-18 11:00:00,-0.4179138648019034
2019-07-18 11:03:00,-0.5164500138670292
2019-07-18 11:06:00,-0.42878246783755003
2019-07-18 11:09:00,-0.33439783904464093
2019-07-18 11:12:00,-0.3985407031300383
2019-07-18 11:15:00,-0.48104236128716593
2019-07-18 11:18:00,-0.3906000148915041
2019-07-18 11:21:00,-0.4429566704961303
2019-07-18 11:24:00,-0.388178763378221
2019-07-18 11:27:00,-0.40871005280632744
2019-07-18 11:30:00,-0.3035751447045527
2019-07-18 11:33:00,-0.5703997286468621
2019-07-18 11:36:00,-0.5043833177830379
2019-07-18 11:39:00,-0.4838369607041386
2019-07-18 11:42:00,-0.4903858022174177
2019-07-18 11:45:00,-0.40961017548733025
2019-07-18 11:48:00,-0.6168328912344805
2019-07-18 11:51:00,-0.4328741468987687
2019-07-18 11:54:00,-0.5086200330476345
2019-07-18 11:57:00,-0.5293612789310487
2019-07-18 12:00:00,-0.48178016502657783
2019-07-18 12:03:00,-0.5646516540562629
2019-07-18 12:06:00,-0.5002838937455749
2019-07-18 12:09:00,-0.4108657228353536
2019-07-18 12:12:00,-0.5264868604410822
2019-07-18 12:15:00,-0.49739851655834855
2019-07-18 12:18:00,-0.4914990216871047
2019-07-18 12:21:00,-0.4439794230739267
2019-07-18 12:24:00,-0.4597982639109546
2019-07-18 12:27:00,-0.5468888112773698
2019-07-18 12:30:00,-0.47812226933950797
2019-07-18 12:33:00,-0.4707510043335219
2019-07-18 12:36:00,-0.482848024203804
2019-07-18 12:39:00,-0.5005120328710291
2019-07-18 12:42:00,-0.4916670194950825
2019-07-18 12:45:00,-0.5601753918390955
2019-07-18 12:48:00,-0.47459101432326634
2019-07-18 12:51:00,-0.2988230353313952
2019-07-18 12:54:00,-0.5114320400850261
2019-07-18 12:57:00,-0.5721280612180522
2019-07-18 13:00:00,-0.6144491011257855
2019-07-18 13:03:00,-0.44565747632117336
2019-07-18 13:06:00,-0.4796884547667446
2019-07-18 13:09:00,-0.48379355859992756
2019-07-18 13:12:00,-0.4725079300914672
2019-07-18 13:15:00,-0.5475399248587678
2019-07-18 13:18:00,-0.5845895518945099
2019-07-18 13:21:00,-0.5543606628849602
2019-07-18 13:24:00,-0.45582018322517115
2019-07-18 13:27:00,-0.512107242647744
2019-07-18 13:30:00,-0.49906659562338973
2019-07-18 13:33:00,-0.5185194090840355
2019-07-18 13:36:00,-0.5224313186375298
2019-07-18 13:39:00,-0.46145618939857513
2019-07-18 13:42:00,-0.3629380039071748
2019-07-18 13:45:00,-0.4286194061958213
2019-07-18 13:48:00,-0.3753796312188342
2019-07-18 13:51:00,-0.5527593198436307
2019-07-18 13:54:00,-0.39763481258324873
2019-07-18 13:57:00,-0.5070695220357493
2019-07-18 14:00:00,-0.4013766391850595
2019-07-18 14:03:00,-0.4450733398657576
2019-07-18 14:06:00,-0.36902354320943687
2019-07-18 14:09:00,-0.5188411862355338
2019-07-18 14:12:00,-0.5048220893854705
2019-07-18 14:15:00,-0.5194640082704609
2019-07-18 14:18:00,-0.565940985699342
2019-07-18 14:21:00,-0.4789156136442898
2019-07-18 14:24:00,-0.3897762882396023
2019-07-18 14:27:00,-0.4642727995019982
2019-07-18 14:30:00,-0.5337479383177879
2019-07-18 14:33:00,-0.3664930787316507
2019-07-18 14:36:00,-0.4464602562960067
2019-07-18 14:39:00,-0.6279055977089456
2019-07-18 14:42:00,-0.615042626251352
2019-07-18 14:45:00,-0.470839821630193
2019-07-18 14:48:00,-0.4687218648654152
2019-07-18 14:51:00,-0.2858782875410384
2019-07-18 14:54:00,-0.3080573010435046
2019-07-18 14:57:00,-0.4273107144672963
2019-07-18 15:00:00,-0.4770246809846981
2019-07-18 15:03:00,-0.4353674673379828
2019-07-18 15:06:00,-0.4575055975652731
2019-07-18 15:09:00,-0.4081404823296566
2019-07-18 15:12:00,-0.4680094198143365
2019-07-18 15:15:00,-0.549183949767837
2019-07-18 15:18:00,-0.36883508245955454
2019-07-18 15:21:00,-0.5663710475644166
2019-07-18 15:24:00,-0.5482773582707523
2019-07-18 15:27:00,-0.47248127846455645
2019-07-18 15:30:00,-0.5838015192585999
2019-07-18 15:33:00,-0.5488171664009656
2019-07-18 15:36:00,-0.537140327743316
2019-07-18 15:39:00,-0.4358614470850739
2019-07-18 15:42:00,-0.3977038397742376
2019-07-18 15:45:00,-0.4892744304913208
2019-07-18 15:48:00,-0.5011867021264607
2019-07-18 15:51:00,-0.535675272416654
2019-07-18 15:54:00,-0.5819692087612793
2019-07-18 15:57:00,-0.5725337740739747
2019-07-18 16:00:00,-0.5421345073640964
2019-07-18 16:03:00,-0.461310501243986
2019-07-18 16:06:00,-0.46128206034131836
2019-07-18 16:09:00,-0.5978292096526729
2019-07-18 16:12:00,-0.550329771022632
2019-07-18 16:15:00,-0.6148805308355918
2019-07-18 16:18:00,-0.5001750164637997
2019-07-18 16:21:00,-0.5311675592349729
2019-07-18 16:24:00,-0.4923201020085912
2019-07-18 16:27:00,-0.44278665624455016
2019-07-18 16:30:00,-0.636047779116609
2019-07-18 16:33:00,-0.48774490681279303
2019-07-18 16:36:00,-0.43987037723672984
2019-07-18 16:39:00,-0.4097876758365828
2019-07-18 16:42:00,-0.4645468342897061
2019-07-18 16:45:00,-0.5565978130530311
2019-07-18 16:48:00,-0.43992872263390836
2019-07-18 16:51:00,-0.5150855011354452
2019-07-18 16:54:00,-0.44033403112899805
2019-07-18 16:57:00,-0.4597387347017161
2019-07-18 17:00:00,-0.4229724567832136
2019-07-18 17:03:00,-0.5567013122034155
2019-07-18 17:06:00,-0.41213703657365386
2019-07-18 17:09:00,-0.49468017052214464
2019-07-18 17:12:00,-0.6000638137616079
2019-07-18 17:15:00,-0.4839561668275678
2019-07-18 17:18:00,-0.4970919191751477
2019-07-18 17:21:00,-0.529432264682157
2019-07-18 17:24:00,-0.4735881289427084
2019-07-18 17:27:00,-0.5135982202257878
2019-07-18 17:30:00,-0.4164739401744555
2019-07-18 17:33:00,-0.48290344595596935
2019-07-18 17:36:00,-0.4247419931040213
2019-07-18 17:39:00,-0.5523487068526833
2019-07-18 17:42:00,-0.5674085790205368
2019-07-18 17:45:00,-0.4299163430228532
2019-07-18 17:48:00,-0.4446130654446847
2019-07-18 17:51:00,-0.5590147909378516
2019-07-18 17:54:00,-0.41566932072464624
2019-07-18 17:57:00,-0.541208321142733
2019-07-18 18:00:00,-0.4419334556612853
2019-07-18 18:03:00,-0.47068592739475434
2019-07-18 18:06:00,-0.40330638234127036
2019-07-18 18:09:00,-0.45209171877093013
2019-07-18 18:12:00,-0.3593774665673095
2019-07-18 18:15:00,-0.3137824484791736
2019-07-18 18:18:00,-0.4020087132745971
2019-07-18 18:21:00,-0.37615041707067576
2019-07-18 18:24:00,-0.32655540150545903
2019-07-18 18:27:00,-0.45205167703431925
2019-07-18 18:30:00,-0.43223431664284817
2019-07-18 18:33:00,-0.3994179103818851
2019-07-18 18:36:00,-0.3557131811356271
2019-07-18 18:39:00,-0.4379010669153445
2019-07-18 18:42:00,-0.28638704044215046
2019-07-18 18:45:00,-0.2923382248422399
2019-07-18 18:48:00,-0.2740545141541588
2019-07-18 18:51:00,-0.34282440455382357
2019-07-18 18:54:00,-0.3208849135285732
2019-07-18 18:57:00,
2019-07-18 19:00:00,
2019-07-18 19:03:00,-0.29301360251935193
2019-07-18 19:06:00,-0.394988270464637
2019-07-18 19:09:00,-0.4150199245812587
2019-07-18 19:12:00,-0.272550001875004
2019-07-18 19:15:00,-0.28741653360521013
2019-07-18 19:18:00,-0.41094880922355514
2019-07-18 19:21:00,-0.408420847450202
2019-07-18 19:24:00,-0.40011445200275375
2019-07-18 19:27:00,-0.3006525138922598
2019-07-18 19:30:00,-0.38139923080910876
2019-07-18 19:33:00,-0.32519401141422577
2019-07-18 19:36:00,-0.4134762717681042
2019-07-18 19:39:00,-0.3570567608288684
2019-07-18 19:42:00,-0.36508719321227545
2019-07-18 19:45:00,-0.4052003178051109
2019-07-18 19:48:00,-0.35118750095165296
2019-07-18 19:51:00,-0.3787702048106212
2019-07-18 19:54:00,-0.2932059647416736
2019-07-18 19:57:00,-0.3052014956008975
2019-07-18 20:00:00,-0.2765095460474072
2019-07-18 20:03:00,-0.18107838483263095
2019-07-18 20:06:00,-0.1196601190561637
2019-07-18 20:09:00,-0.2029514143453639
2019-07-18 20:12:00,-0.2742555237862234
2019-07-18 20:15:00,-0.26171452380339133
2019-07-18 20:18:00,-0.2658036202867038
2019-07-18 20:21:00,-0.22634127271538773
2019-07-18 20:24:00,-0.12390028176059786
2019-07-18 20:27:00,-0.20885838984168004
2019-07-18 20:30:00,-0.14809825452960013
2019-07-18 20:33:00,-0.19172827847813778
2019-07-18 20:36:00,-0.24693095748443739
2019-07-18 20:39:00,-0.24215996371606252
2019-07-18 20:42:00,-0.15277011762515258
2019-07-18 20:45:00,-0.22514895063687845
2019-07-18 20:48:00,-0.25638862346465885
2019-07-18 20:51:00,-0.22438267754182561
2019-07-18 20:54:00,-0.21798898302142788
2019-07-18 20:57:00,-0.15793546667998726
2019-07-18 21:00:00,-0.25443643518855197
2019-07-18 21:03:00,-0.17558799996345442
2019-07-18 21:06:00,-0.14016284516475253
2019-07-18 21:09:00,-0.10645463126638788
2019-07-18 21:12:00,-0.05813568390487944
2019-07-18 21:15:00,-0.1434347620531753
2019-07-18 21:18:00,-0.18741661064854043
2019-07-18 21:21:00,-0.12446102681468574
2019-07-18 21:24:00,-0.060150007493746216
2019-07-18 21:27:00,-0.1242989857606176
2019-07-18 21:30:00,-0.013276172724317803
2019-07-18 21:33:00,-0.11156168162744962
2019-07-18 21:36:00,-0.0038696748880511223
2019-07-18 21:39:00,-0.135659493284777
2019-07-18 21:42:00,-0.10149135044480317
2019-07-18 21:45:00,0.009472931788707228
2019-07-18 21:48:00,-0.15808533188788942
2019-07-18 21:51:00,-0.08064086528725056
2019-07-18 21:54:00,-0.16767178932690285
2019-07-18 21:57:00,-0.008397028627541658
2019-07-18 22:00:00,-0.10356275040777518
2019-07-18 22:03:00,-0.08010336382795913
2019-07-18 22:06:00,-0.08683242190994633
2019-07-18 22:09:00,-0.11739684343552881
2019-07-18 22:12:00,-0.08357803113290174
2019-07-18 22:15:00,-0.12554510338219416
2019-07-18 22:18:00,-0.07181023057194125
2019-07-18 22:21:00,-0.113671392240974
2019-07-18 22:24:00,-0.1510487252828625
2019-07-18 22:27:00,-0.1413851164514881
2019-07-18 22:30:00,-0.16231497495647318
2019-07-18 22:33:00,-0.11634687775983821
2019-07-18 22:36:00,-0.09499104908849176
2019-07-18 22:39:00,-0.15137809768856414
2019-07-18 22:42:00,-0.21544357712912188
2019-07-18 22:45:00,-0.20315371935100757
2019-07-18 22:48:00,-0.15177831822217058
2019-07-18 22:51:00,-0.12116585579582306
2019-07-18 22:54:00,-0.09481806654071079
2019-07-18 22:57:00,-0.04245768947299666
2019-07-18 23:00:00,-0.08662112603650485
2019-07-18 23:03:00,0.011187392874262514
2019-07-18 23:06:00,-0.03430036678196302
2019-07-18 23:09:00,-0.07135515311114204
2019-07-18 23:12:00,-0.033070585796963314
2019-07-18 23:15:00,0.10021281598596943
2019-07-18 23:18:00,0.0038315117775482577
2019-07-18 23:21:00,0.05285940918548704
2019-07-18 23:24:00,0.038888162251623726
2019-07-18 23:27:00,-0.07981843464739313
2019-07-18 23:30:00,-0.04714790947588199
2019-07-18 23:33:00,0.06015941590754892
2019-07-18 23:36:00,-0.0397449255389688
2019-07-18 23:39:00,-0.0014104922713045198
2019-07-18 23:42:00,-0.0621399842365804
2019-07-18 23:45:00,0.02687911030966461
2019-07-18 23:48:00,0.0657689034559894
2019-07-18 23:51:00,-0.045743314535002355
2019-07-18 23:54:00,0.05129001718034942
2019-07-18 23:57:00,0.11821511447720923
2019-07-19 00:00:00,0.056330603719629835
2019-07-19 00:03:00,0.03841253189744975
2019-07-19 00:06:00,0.07967496246095607
2019-07-19 00:09:00,0.15244160916597593
2019-07-19 00:12:00,0.09092539223274798
2019-07-19 00:15:00,0.12370261243154346
2019-07-19 00:18:00,0.10201169123138243
2019-07-19 00:21:00,-0.014565560708376779
2019-07-19 00:24:00,0.06790442297409527
2019-07-19 00:27:00,0.04270063962911763
2019-07-19 00:30:00,0.10839146248952147
2019-07-19 00:33:00,0.13398652199231265
2019-07-19 00:36:00,0.054719856780423015
2019-07-19 00:39:00,0.1631632446672029
2019-07-19 00:42:00,0.11118204225692807
2019-07-19 00:45:00,0.10574670796046348
2019-07-19 00:48:00,0.1325764846951074
2019-07-19 00:51:00,0.13729194752789908
2019-07-19 00:54:00,0.13129039624158167
2019-07-19 00:57:00,0.20052497049312024
2019-07-19 01:00:00,0.2012009821133347
2019-07-19 01:03:00,0.14052438576311488
2019-07-19 01:06:00,0.16159369187590755
2019-07-19 01:09:00,0.22276988682421006
2019-07-19 01:12:00,0.2666021607548146
2019-07-19 01:15:00,0.27694473189689006
2019-07-19 01:18:00,0.2299906111331893
2019-07-19 01:21:00,0.25578806454302594
2019-07-19 01:24:00,0.31336007150383693
2019-07-19 01:27:00,0.06366275166817559
2019-07-19 01:30:00,0.08779279031983833
2019-07-19 01:33:00,0.1053821061658482
2019-07-19 01:36:00,0.14092976516337785
2019-07-19 01:39:00,0.014841761875743487
2019-07-19 01:42:00,0.10656344002035212
2019-07-19 01:45:00,0.11502699743084577
2019-07-19 01:48:00,0.17084008073260293
2019-07-19 01:51:00,0.10421476223666559
2019-07-19 01:54:00,0.1778298503003839
2019-07-19 01:57:00,0.14016287111525116
2019-07-19 02:00:00,0.12353440277740901
2019-07-19 02:03:00,0.11246293953274744
2019-07-19 02:06:00,0.15655392938691648
2019-07-19 02:09:00,0.11501821234224963
2019-07-19 02:12:00,0.008300824996751999
2019-07-19 02:15:00,0.05895467651555464
2019-07-19 02:18:00,0.10008996954564964
2019-07-19 02:21:00,0.08005534448039953
2019-07-19 02:24:00,0.148680913041062
2019-07-19 02:27:00,0.23658940620725843
2019-07-19 02:30:00,0.10577541928637402
2019-07-19 02:33:00,0.14999899884077195
2019-07-19 02:36:00,0.12328566887191528
2019-07-19 02:39:00,0.19231332673024326
2019-07-19 02:42:00,0.2058441066686214
2019-07-19 02:45:00,0.15549000980519168
2019-07-19 02:48:00,0.2079401913304082
2019-07-19 02:51:00,0.14150238489855838
2019-07-19 02:54:00,0.20316723865499853
2019-07-19 02:57:00,0.16824788777756794
2019-07-19 03:00:00,0.08547069480539449
2019-07-19 03:03:00,0.16132807083056377
2019-07-19 03:06:00,0.1450792850915832
2019-07-19 03:09:00,0.15084486540280295
2019-07-19 03:12:00,0.1560045857128216
2019-07-19 03:15:00,0.22360721710867892
2019-07-19 03:18:00,0.11847653036954853
2019-07-19 03:21:00,0.18831959883948457
2019-07-19 03:24:00,0.11216533148080998
2019-07-19 03:27:00,0.21161318347003544
2019-07-19 03:30:00,0.1408921870672657
2019-07-19 03:33:00,0.14113039644121272
2019-07-19 03:36:00,0.11816935076666368
2019-07-19 03:39:00,0.14149943006327703
2019-07-19 03:42:00,0.18053631522838032
2019-07-19 03:45:00,0.15434014918020011
2019-07-19 03:48:00,0.20531594567785305
2019-07-19 03:51:00,0.07801278333442951
2019-07-19 03:54:00,0.2138090784891915
2019-07-19 03:57:00,0.12106239477787994
2019-07-19 04:00:00,0.2554148634126818
2019-07-19 04:03:00,0.24581985219043645
2019-07-19 04:06:00,0.20485213110470113
2019-07-19 04:09:00,0.1882769876986572
2019-07-19 04:12:00,0.32659032439175917
2019-07-19 04:15:00,0.2575123596719777
2019-07-19 04:18:00,0.22724896544332296
2019-07-19 04:21:00,0.19206017910920536
2019-07-19 04:24:00,0.30849180645049046
2019-07-19 04:27:00,0.26438225813762983
2019-07-19 04:30:00,0.1671930794404375
2019-07-19 04:33:00,0.18939786087054244
2019-07-19 04:36:00,0.2834876758711289
2019-07-19 04:39:00,0.26501149528479573
2019-07-19 04:42:00,0.1927713715234063
2019-07-19 04:45:00,0.2071483521123696
2019-07-19 04:48:00,0.3291652844572468
2019-07-19 04:51:00,0.2221905090343057
2019-07-19 04:54:00,0.3299418620642314
2019-07-19 04:57:00,0.29977880810855595
2019-07-19 05:00:00,0.27125484192634985
2019-07-19 05:03:00,0.2514608410677397
2019-07-19 05:06:00,0.22880194716577762
2019-07-19 05:09:00,0.1779251812674829
2019-07-19 05:12:00,0.26596936427506535
2019-07-19 05:15:00,0.2881529777602623
2019-07-19 05:18:00,0.2991514567644913
2019-07-19 05:21:00,0.2590817460817334
2019-07-19 05:24:00,0.22166059650976422
2019-07-19 05:27:00,0.16946116864681926
2019-07-19 05:30:00,0.19294356847933614
2019-07-19 05:33:00,0.1812004665300151
2019-07-19 05:36:00,0.23022091380113352
2019-07-19 05:39:00,0.18807550035131726
2019-07-19 05:42:00,0.2790868906662922
2019-07-19 05:45:00,0.16320681369995782
2019-07-19 05:48:00,0.15710095580163852
2019-07-19 05:51:00,0.17501377844394028
2019-07-19 05:54:00,0.17514621337727476
2019-07-19 05:57:00,0.18542531587632993
2019-07-19 06:00:00,0.23328423913972074
2019-07-19 06:03:00,0.38200539529151456
2019-07-19 06:06:00,0.26685753896396136
2019-07-19 06:09:00,0.2463376637614374
2019-07-19 06:12:00,0.32176180472657734
2019-07-19 06:15:00,0.2768048500471991
2019-07-19 06:18:00,0.20208943128506007
2019-07-19 06:21:00,0.2543005233441704
2019-07-19 06:24:00,0.1585463733999859
2019-07-19 06:27:00,0.14096581079212456
2019-07-19 06:30:00,0.19633743887618493
2019-07-19 06:33:00,0.21284525250405295
2019-07-19 06:36:00,0.19821763177748153
2019-07-19 06:39:00,0.1910615343747395
2019-07-19 06:42:00,0.26560675703098013
2019-07-19 06:45:00,0.20474717513764062
2019-07-19 06:48:00,0.23023129747218718
2019-07-19 06:51:00,0.23078123665521844
2019-07-19 06:54:00,0.15329648861990108
2019-07-19 06:57:00,0.14946765238846638
2019-07-19 07:00:00,0.16461137175969043
2019-07-19 07:03:00,0.2171936351251702
2019-07-19 07:06:00,0.13987405183490864
2019-07-19 07:09:00,0.20210585564348094
2019-07-19 07:12:00,0.24277792702872603
2019-07-19 07:15:00,0.18557825882601264
2019-07-19 07:18:00,0.23552760206865742
2019-07-19 07:21:00,0.21708030335378226
2019-07-19 07:24:00,0.2773075312431388
2019-07-19 07:27:00,0.26011912698049855
2019-07-19 07:30:00,0.3072943237540926
2019-07-19 07:33:00,0.30237666434840094
2019-07-19 07:36:00,
2019-07-19 07:39:00,0.17634812444305226
2019-07-19 07:42:00,0.2682269545862823
2019-07-19 07:45:00,0.20769993448743662
2019-07-19 07:48:00,0.21388455730135547
2019-07-19 07:51:00,0.27329582647178086
2019-07-19 07:54:00,0.2303318713100566
2019-07-19 07:57:00,0.20708336750453782
2019-07-19 08:00:00,0.1425029169527079
2019-07-19 08:03:00,0.13444442627445596
2019-07-19 08:06:00,0.07397460849631443
2019-07-19 08:09:00,0.07480365325511684
2019-07-19 08:12:00,0.11634374663788094
2019-07-19 08:15:00,0.135239622809479
2019-07-19 08:18:00,0.13645601393557172
2019-07-19 08:21:00,
2019-07-19 08:24:00,0.013968104124046476
2019-07-19 08:27:00,-0.10626952178506599
2019-07-19 08:30:00,0.016916140338310015
2019-07-19 08:33:00,0.006348859322145017
2019-07-19 08:36:00,0.008797817543097608
2019-07-19 08:39:00,-0.027914827889730986
2019-07-19 08:42:00,-0.10406438877299706
2019-07-19 08:45:00,-0.09748199230284627
2019-07-19 08:48:00,-0.13046323543738936
2019-07-19 08:51:00,-0.13135674437438638
2019-07-19 08:54:00,-0.14028244169810478
2019-07-19 08:57:00,-0.17555016388479316
2019-07-19 09:00:00,-0.1355991863839563
2019-07-19 09:03:00,-0.11413360336717915
2019-07-19 09:06:00,-0.20518503576784042
2019-07-19 09:09:00,-0.17244781512459895
2019-07-19 09:12:00,-0.25576100453133677
2019-07-19 09:15:00,-0.2641337818728289
2019-07-19 09:18:00,-0.2351894986909997
2019-07-19 09:21:00,-0.24454210101777107
2019-07-19 09:24:00,-0.22724614831622603
2019-07-19 09:27:00,
2019-07-19 09:30:00,-0.3666557671869555
2019-07-19 09:33:00,-0.24492608689854478
2019-07-19 09:36:00,-0.21675071269481805
2019-07-19 09:39:00,-0.24474623551458308
2019-07-19 09:42:00,-0.2846079472471956
2019-07-19 09:45:00,-0.20481795988456497
2019-07-19 09:48:00,-0.25243965254162504
2019-07-19 09:51:00,-0.3367158287239249
2019-07-19 09:54:00,-0.1968713770369277
2019-07-19 09:57:00,-0.21605496161811288
2019-07-19 10:00:00,-0.2898115538250181
2019-07-19 10:03:00,-0.18560664361115187
2019-07-19 10:06:00,-0.2298016325230492
2019-07-19 10:09:00,-0.2513561145132144
2019-07-19 10:12:00,-0.247138267017192
2019-07-19 10:15:00,-0.27978327717374896
2019-07-19 10:18:00,-0.30100670010796193
2019-07-19 10:21:00,-0.2915233306833329
2019-07-19 10:24:00,-0.47885943171604595
2019-07-19 10:27:00,-0.41869360100048425
2019-07-19 10:30:00,-0.2665306560466547
2019-07-19 10:33:00,-0.3548401664863263
2019-07-19 10:36:00,-0.4477059637601428
2019-07-19 10:39:00,
2019-07-19 10:42:00,-0.5412432121945017
2019-07-19 10:45:00,-0.49573087441109465
2019-07-19 10:48:00,-0.4241583991667994
2019-07-19 10:51:00,-0.43494134871190226
2019-07-19 10:54:00,-0.404195881243254
2019-07-19 10:57:00,-0.5585816576135016
2019-07-19 11:00:00,-0.3849238620892379
2019-07-19 11:03:00,-0.4810216656844659
2019-07-19 11:06:00,-0.4726461435157603
2019-07-19 11:09:00,-0.43513371441065374
2019-07-19 11:12:00,-0.45061940095712316
2019-07-19 11:15:00,-0.4989384687904703
2019-07-19 11:18:00,-0.3624317025561936
2019-07-19 11:21:00,-0.35265460739248056
2019-07-19 11:24:00,-0.4502112839087431
2019-07-19 11:27:00,-0.5189105125657534
2019-07-19 11:30:00,-0.4987882161265702
2019-07-19 11:33:00,
2019-07-19 11:36:00,-0.39646405918421124
2019-07-19 11:39:00,-0.4833406221912355
2019-07-19 11:42:00,-0.41150056015266046
2019-07-19 11:45:00,-0.5812575068817409
2019-07-19 11:48:00,-0.434140634767175
2019-07-19 11:51:00,-0.44328662963624765
2019-07-19 11:54:00,-0.43168332313928204
2019-07-19 11:57:00,-0.41817160518303353
2019-07-19 12:00:00,-0.48156717040910735
2019-07-19 12:03:00,-0.3674636515833072
2019-07-19 12:06:00,-0.455678338132941
2019-07-19 12:09:00,-0.4850077494676839
2019-07-19 12:12:00,-0.3940791547088338
2019-07-19 12:15:00,-0.4986359782707268
2019-07-19 12:18:00,-0.5057935964350122
2019-07-19 12:21:00,-0.4736435289611336
2019-07-19 12:24:00,-0.4753596665415216
2019-07-19 12:27:00,-0.4253493927566865
2019-07-19 12:30:00,-0.35513493787362904
2019-07-19 12:33:00,-0.47861731979475053
2019-07-19 12:36:00,
2019-07-19 12:39:00,-0.5093841986881102
2019-07-19 12:42:00,-0.5091718576516087
2019-07-19 12:45:00,-0.47380234996313675
2019-07-19 12:48:00,-0.487832637545182
2019-07-19 12:51:00,-0.5433095114481716
2019-07-19 12:54:00,-0.4062088602159406
2019-07-19 12:57:00,-0.4525278019922325
2019-07-19 13:00:00,-0.396595121798498
2019-07-19 13:03:00,-0.5532064364792859
2019-07-19 13:06:00,-0.3978292560790351
2019-07-19 13:09:00,-0.5154867496884208
2019-07-19 13:12:00,-0.37949435540042487
2019-07-19 13:15:00,-0.4692890412036377
2019-07-19 13:18:00,
2019-07-19 13:21:00,-0.47886111635631323
2019-07-19 13:24:00,-0.42910922655403283
2019-07-19 13:27:00,-0.4549327357660218
2019-07-19 13:30:00,-0.4956235035851364
2019-07-19 13:33:00,-0.37787402331423436
2019-07-19 13:36:00,-0.5540830533922758
2019-07-19 13:39:00,-0.6011631159481681
2019-07-19 13:42:00,-0.5204201542822489
2019-07-19 13:45:00,-0.38391895984204893
2019-07-19 13:48:00,-0.4293927091930527
2019-07-19 13:51:00,-0.4724193582549674
2019-07-19 13:54:00,-0.6451836066054284
2019-07-19 13:57:00,-0.6023946318076128
2019-07-19 14:00:00,-0.6328251422863787
2019-07-19 14:03:00,
2019-07-19 14:06:00,-0.5601560170783273
2019-07-19 14:09:00,-0.4658788070917126
2019-07-19 14:12:00,-0.47882557217826616
2019-07-19 14:15:00,-0.6419781485078602
2019-07-19 14:18:00,-0.43219603101510984
2019-07-19 14:21:00,-0.6495640208793816
2019-07-19 14:24:00,-0.583959017399593
2019-07-19 14:27:00,-0.613095823178071
2019-07-19 14:30:00,-0.5651648954761868
2019-07-19 14:33:00,-0.5110184952400232
2019-07-19 14:36:00,-0.5270661448788019
2019-07-19 14:39:00,-0.4924412077788247
2019-07-19 14:42:00,-0.4915924801343863
2019-07-19 14:45:00,-0.4213161748132279
2019-07-19 14:48:00,-0.5469689193889735
2019-07-19 14:51:00,-0.5002432032054003
2019-07-19 14:54:00,-0.4743712204972894
2019-07-19 14:57:00,-0.4919319440597292
2019-07-19 15:00:00,
2019-07-19 15:03:00,-0.5699828879097026
2019-07-19 15:06:00,-0.6175518627250085
2019-07-19 15:09:00,-0.4535861369047325
2019-07-19 15:12:00,-0.6229638336897665
2019-07-19 15:15:00,-0.49169970929443707
2019-07-19 15:18:00,-0.5478663044373775
2019-07-19 15:21:00,-0.5416457919467916
2019-07-19 15:24:00,-0.39469152920565875
2019-07-19 15:27:00,-0.6298675651377152
2019-07-19 15:30:00,-0.48798111730155824
2019-07-19 15:33:00,-0.5456107892144928
2019-07-19 15:36:00,-0.3566997111245769
2019-07-19 15:39:00,-0.6719511984564406
2019-07-19 15:42:00,-0.49006064324748877
2019-07-19 15:45:00,-0.5675863483730836
2019-07-19 15:48:00,-0.582845953552237
2019-07-19 15:51:00,-0.5477678443451168
2019-07-19 15:54:00,-0.5180841421409355
2019-07-19 15:57:00,-0.4902259756227636
2019-07-19 16:00:00,-0.519328442986648
2019-07-19 16:03:00,-0.47074717060928606
2019-07-19 16:06:00,-0.49077961647407164
2019-07-19 16:09:00,-0.5269833702034816
2019-07-19 16:12:00,-0.5603763941067541
2019-07-19 16:15:00,-0.522531372588162
2019-07-19 16:18:00,-0.4984825776498951
2019-07-19 16:21:00,-0.5220701250372599
2019-07-19 16:24:00,-0.5345342486846221
2019-07-19 16:27:00,-0.5331514403109736
2019-07-19 16:30:00,-0.4952371462420615
2019-07-19 16:33:00,-0.49222933999323004
2019-07-19 16:36:00,-0.42568578251916733
2019-07-19 16:39:00,-0.34395743722228644
2019-07-19 16:42:00,-0.4308916033364767
2019-07-19 16:45:00,-0.48141412553371765
2019-07-19 16:48:00,-0.4749215731121694
2019-07-19 16:51:00,-0.4191615492762253
2019-07-19 16:54:00,-0.47496955749659264
2019-07-19 16:57:00,-0.43615217480015644
2019-07-19 17:00:00,-0.5631883483948741
2019-07-19 17:03:00,-0.5895659370394242
2019-07-19 17:06:00,-0.4011924846312809
2019-07-19 17:09:00,-0.4848432798893896
2019-07-19 17:12:00,-0.4810696963659211
2019-07-19 17:15:00,-0.40520244238280156
2019-07-19 17:18:00,-0.5285282830307665
2019-07-19 17:21:00,-0.49160362659108614
2019-07-19 17:24:00,-0.4184782227111441
2019-07-19 17:27:00,-0.46226385785735147
2019-07-19 17:30:00,-0.4674922687919434
2019-07-19 17:33:00,-0.5166595464407919
2019-07-19 17:36:00,-0.4601033662357281
2019-07-19 17:39:00,-0.454554013374036
2019-07-19 17:42:00,-0.5022572975455546
2019-07-19 17:45:00,-0.4374294142755275
2019-07-19 17:48:00,-0.5248672202030775
2019-07-19 17:51:00,-0.44192761714589324
2019-07-19 17:54:00,-0.4589815860217641
2019-07-19 17:57:00,-0.37795262495643556
2019-07-19 18:00:00,-0.46660191583589494
2019-07-19 18:03:00,-0.3820413729393408
2019-07-19 18:06:00,-0.424866763355908
2019-07-19 18:09:00,-0.38066414301840723
2019-07-19 18:12:00,-0.44135062206942166
2019-07-19 18:15:00,-0.28568907659382603
2019-07-19 18:18:00,-0.3716594510277673
2019-07-19 18:21:00,-0.40567140408842306
2019-07-19 18:24:00,-0.410508111119384
2019-07-19 18:27:00,-0.33181155016734465
2019-07-19 18:30:00,-0.30422760767362433
2019-07-19 18:33:00,-0.37385569143191333
2019-07-19 18:36:00,-0.3328261032917226
2019-07-19 18:39:00,-0.43671034256772145
2019-07-19 18:42:00,-0.36371883901176716
2019-07-19 18:45:00,-0.3895945935597638
2019-07-19 18:48:00,-0.3146938950931144
2019-07-19 18:51:00,-0.3876828057181001
2019-07-19 18:54:00,
2019-07-19 18:57:00,
2019-07-19 19:00:00,
2019-07-19 19:03:00,-0.2645655096825408
2019-07-19 19:06:00,-0.33740927337254334
2019-07-19 19:09:00,-0.33024460251533583
2019-07-19 19:12:00,-0.2611683016271513
2019-07-19 19:15:00,-0.3013774787939383
2019-07-19 19:18:00,-0.3963354592888777
2019-07-19 19:21:00,-0.24971798295075587
2019-07-19 19:24:00,-0.20095006119254322
2019-07-19 19:27:00,-0.2800357161247575
2019-07-19 19:30:00,-0.09879958242851217
2019-07-19 19:33:00,-0.21580919500758
2019-07-19 19:36:00,-0.2085071864149768
2019-07-19 19:39:00,-0.17784184964858696
2019-07-19 19:42:00,-0.19426910152486698
2019-07-19 19:45:00,-0.06202790339642661
2019-07-19 19:48:00,-0.022679783812577625
2019-07-19 19:51:00,0.06448905873168087
2019-07-19 19:54:00,-0.043481765058004385
2019-07-19 19:57:00,-0.054022120178615296
2019-07-19 20:00:00,-0.008165386582106748
2019-07-19 20:03:00,-0.0740704752710144
2019-07-19 20:06:00,0.03677529751439579
2019-07-19 20:09:00,0.03198689487788897
2019-07-19 20:12:00,-0.023087880298135133
2019-07-19 20:15:00,-0.04679172489642269
2019-07-19 20:18:00,-0.06963191387353618
2019-07-19 20:21:00,-0.0689812999988817
2019-07-19 20:24:00,-0.01246322016618251
2019-07-19 20:27:00,-0.0032027402926360082
2019-07-19 20:30:00,0.025213999096479256
2019-07-19 20:33:00,-0.032715864211809276
2019-07-19 20:36:00,-0.07798149992936487
2019-07-19 20:39:00,0.00704554029226756
2019-07-19 20:42:00,0.01589922905458252
2019-07-19 20:45:00,0.020026881536068686
2019-07-19 20:48:00,-0.03950086659835961
2019-07-19 20:51:00,0.02634914616766082
2019-07-19 20:54:00,-0.0830266596550473
2019-07-19 20:57:00,0.023647897012835983
2019-07-19 21:00:00,-0.015140499714789257
2019-07-19 21:03:00,-0.06081377298454527
2019-07-19 21:06:00,0.008939753328206734
2019-07-19 21:09:00,-0.06091707996461082
2019-07-19 21:12:00,-0.20239098172226022
2019-07-19 21:15:00,-0.15201542223888964
2019-07-19 21:18:00,-0.13977058178738844
2019-07-19 21:21:00,-0.15399002254770267
2019-07-19 21:24:00,-0.010264953555292777
2019-07-19 21:27:00,-0.10552895965253128
2019-07-19 21:30:00,-0.2058138018921909
2019-07-19 21:33:00,-0.1175862830641563
2019-07-19 21:36:00,-0.03906555978534243
2019-07-19 21:39:00,-0.055411190108429764
2019-07-19 21:42:00,-0.025603592912773365
2019-07-19 21:45:00,-0.031602213997928175
2019-07-19 21:48:00,0.011233550770953116
2019-07-19 21:51:00,-0.03192469192549652
2019-07-19 21:54:00,-0.04819148414986785
2019-07-19 21:57:00,-0.10167402952049542
2019-07-19 22:00:00,-0.013882837877474685
2019-07-19 22:03:00,-0.001120769947192457
2019-07-19 22:06:00,0.05510059851644655
2019-07-19 22:09:00,-0.0050181834439513295
2019-07-19 22:12:00,0.05778159708984276
2019-07-19 22:15:00,0.09145937491541645
2019-07-19 22:18:00,0.044260330085535315
2019-07-19 22:21:00,0.06559803213588111
2019-07-19 22:24:00,-0.007155688007287608
2019-07-19 22:27:00,0.01946969648849972
2019-07-19 22:30:00,0.015201362451477962
2019-07-19 22:33:00,0.052001155504967755
2019-07-19 22:36:00,-0.047973687024637
2019-07-19 22:39:00,-0.011367293168405013
2019-07-19 22:42:00,-0.006309880597484607
2019-07-19 22:45:00,0.018727805483990778
2019-07-19 22:48:00,-0.008623936700644208
2019-07-19 22:51:00,-0.001845632688286969
2019-07-19 22:54:00,-0.04183926645441716
2019-07-19 22:57:00,0.00021740165180972326
2019-07-19 23:00:00,0.014487648816327692
2019-07-19 23:03:00,-0.028194919918803407
2019-07-19 23:06:00,-0.012004306884080052
2019-07-19 23:09:00,-0.012256637893528932
2019-07-19 23:12:00,-0.08625394975746303
2019-07-19 23:15:00,-0.053648187839257844
2019-07-19 23:18:00,0.06028958364339587
2019-07-19 23:21:00,-0.009932018381562102
2019-07-19 23:24:00,0.02488896222018866
2019-07-19 23:27:00,-0.05365184281947677
2019-07-19 23:30:00,-0.014293999230972076
2019-07-19 23:33:00,0.08924474679969308
2019-07-19 23:36:00,-0.014767712432217195
2019-07-19 23:39:00,0.021914218282120146
2019-07-19 23:42:00,0.04749130901740273
2019-07-19 23:45:00,-0.05896332223113632
2019-07-19 23:48:00,-0.00983813573174075
2019-07-19 23:51:00,-0.03204943774392177
2019-07-19 23:54:00,-0.027410524487606835
2019-07-19 23:57:00,-0.017300451645780868
2019-07-20 00:00:00,0.02785917791470638
2019-07-20 00:03:00,0.04266362158193715
2019-07-20 00:06:00,-0.04112266074417903
2019-07-20 00:09:00,0.023279586234536964
2019-07-20 00:12:00,0.04492692358263639
2019-07-20 00:15:00,0.060231299344991385
2019-07-20 00:18:00,0.020101250833306494
2019-07-20 00:21:00,0.06707340824488028
2019-07-20 00:24:00,0.0400043850860925
2019-07-20 00:27:00,0.11729958057520662
2019-07-20 00:30:00,0.08526982098970848
2019-07-20 00:33:00,0.15556348523921315
2019-07-20 00:36:00,0.1188393718828138
2019-07-20 00:39:00,0.13523730846253557
2019-07-20 00:42:00,0.10245760650940383
2019-07-20 00:45:00,0.12840913605026572
2019-07-20 00:48:00,0.15622221029201455
2019-07-20 00:51:00,0.11923856581665859
2019-07-20 00:54:00,0.11230905183600726
2019-07-20 00:57:00,0.10940885986059357
2019-07-20 01:00:00,0.17894896395364412
2019-07-20 01:03:00,0.2150709709757166
2019-07-20 01:06:00,0.18070028939058602
2019-07-20 01:09:00,0.1788785712049048
2019-07-20 01:12:00,0.1257865236709108
2019-07-20 01:15:00,0.1434058111045715
2019-07-20 01:18:00,0.13599309826219041
2019-07-20 01:21:00,0.21256834575547146
2019-07-20 01:24:00,0.2550124338175692
2019-07-20 01:27:00,0.2077214925962494
2019-07-20 01:30:00,0.23490793472382165
2019-07-20 01:33:00,0.18746406994046083
2019-07-20 01:36:00,0.20679071774094382
2019-07-20 01:39:00,0.126433448366015
2019-07-20 01:42:00,0.21224675778944402
2019-07-20 01:45:00,0.2754857214378603
2019-07-20 01:48:00,0.2096143285982066
2019-07-20 01:51:00,0.17481257558824836
2019-07-20 01:54:00,0.20420342470345076
2019-07-20 01:57:00,0.19329841739875064
2019-07-20 02:00:00,0.24256789666281975
2019-07-20 02:03:00,0.1738541380143488
2019-07-20 02:06:00,0.23775603338577866
2019-07-20 02:09:00,0.23028762613091658
2019-07-20 02:12:00,0.2069990413927485
2019-07-20 02:15:00,0.22008856811351052
2019-07-20 02:18:00,0.06273456574507463
2019-07-20 02:21:00,0.1959915132352421
2019-07-20 02:24:00,0.17654412546102094
2019-07-20 02:27:00,0.1447002851220418
2019-07-20 02:30:00,0.20578813465783696
2019-07-20 02:33:00,0.2112590298816599
2019-07-20 02:36:00,0.2303151391679421
2019-07-20 02:39:00,0.16402872944536284
2019-07-20 02:42:00,0.22014653615235602
2019-07-20 02:45:00,0.154113390917189
2019-07-20 02:48:00,0.21074804549203918
2019-07-20 02:51:00,0.24619364282835932
2019-07-20 02:54:00,0.1712468068110411
2019-07-20 02:57:00,0.2591699474592133
2019-07-20 03:00:00,0.2756506169492354
2019-07-20 03:03:00,0.31173074762784836
2019-07-20 03:06:00,0.3347380742599171
2019-07-20 03:09:00,0.2639951198129893
2019-07-20 03:12:00,0.2724848617281168
2019-07-20 03:15:00,0.2816675222955496
2019-07-20 03:18:00,0.346551827493613
2019-07-20 03:21:00,0.2722856893162202
2019-07-20 03:24:00,0.3198321008794096
2019-07-20 03:27:00,0.274924284955091
2019-07-20 03:30:00,0.36309062326876074
2019-07-20 03:33:00,0.35618469718173174
2019-07-20 03:36:00,0.2729535853645757
2019-07-20 03:39:00,0.35639690990365125
2019-07-20 03:42:00,0.236861099581688
2019-07-20 03:45:00,0.229339408941712
2019-07-20 03:48:00,0.31003067780989113
2019-07-20 03:51:00,0.2759271740515601
2019-07-20 03:54:00,0.3033746152453318
2019-07-20 03:57:00,0.24019860603442567
2019-07-20 04:00:00,0.2832253907022846
2019-07-20 04:03:00,0.2897107175199949
2019-07-20 04:06:00,0.3161528192688934
2019-07-20 04:09:00,0.23578692435654602
2019-07-20 04:12:00,0.2366842818532291
2019-07-20 04:15:00,0.30606847496977707
2019-07-20 04:18:00,0.2694105760494949
2019-07-20 04:21:00,0.20107837156211872
2019-07-20 04:24:00,0.2747141463659659
2019-07-20 04:27:00,0.3209091868246787
2019-07-20 04:30:00,0.2663252090771948
2019-07-20 04:33:00,0.2807063166456487
2019-07-20 04:36:00,0.29762306521303117
2019-07-20 04:39:00,0.2400837785779686
2019-07-20 04:42:00,0.26888482051089113
2019-07-20 04:45:00,0.2549853146738883
2019-07-20 04:48:00,0.2282213861201967
2019-07-20 04:51:00,0.36335982969870884
2019-07-20 04:54:00,0.3367497281306555
2019-07-20 04:57:00,0.2910985917844755
2019-07-20 05:00:00,0.2890395086246258
2019-07-20 05:03:00,0.39269521079370406
2019-07-20 05:06:00,0.25558572529359935
2019-07-20 05:09:00,0.34689542288612074
2019-07-20 05:12:00,0.31201510095962703
2019-07-20 05:15:00,0.2972243652120028
2019-07-20 05:18:00,0.40255801976360317
2019-07-20 05:21:00,0.37140265601635747
2019-07-20 05:24:00,0.24787341507283145
2019-07-20 05:27:00,0.3012039295944078
2019-07-20 05:30:00,0.33113980074182336
2019-07-20 05:33:00,0.29553031038869904
2019-07-20 05:36:00,0.37186845421092585
2019-07-20 05:39:00,0.3832507456811527
2019-07-20 05:42:00,0.3341075491289871
2019-07-20 05:45:00,0.4016104851456248
2019-07-20 05:48:00,0.35964785098315133
2019-07-20 05:51:00,0.40756944081181246
2019-07-20 05:54:00,0.3907603928325898
2019-07-20 05:57:00,0.34618895655023607
2019-07-20 06:00:00,0.43071031450296005
2019-07-20 06:03:00,0.3659526249739997
2019-07-20 06:06:00,0.34936789734297236
2019-07-20 06:09:00,0.4370095456269496
2019-07-20 06:12:00,0.45694150021000723
2019-07-20 06:15:00,0.3620146059225249
2019-07-20 06:18:00,0.28842917431637716
2019-07-20 06:21:00,0.40201594002536467
2019-07-20 06:24:00,0.39601510942384266
2019-07-20 06:27:00,0.3692618240863794
2019-07-20 06:30:00,0.3937455367323537
2019-07-20 06:33:00,0.3196020319270474
2019-07-20 06:36:00,0.3990957832823483
2019-07-20 06:39:00,0.4431028457239563
2019-07-20 06:42:00,0.45326783926992675
2019-07-20 06:45:00,0.4386045321691654
2019-07-20 06:48:00,0.4211540589089964
2019-07-20 06:51:00,0.3820481151583408
2019-07-20 06:54:00,0.4025111663344205
2019-07-20 06:57:00,0.452737594847747
2019-07-20 07:00:00,0.4623362558312465
2019-07-20 07:03:00,0.3682377278976787
2019-07-20 07:06:00,0.4164827261798223
2019-07-20 07:09:00,0.41284878756448506
2019-07-20 07:12:00,0.47476149616085195
2019-07-20 07:15:00,0.44748511145741077
2019-07-20 07:18:00,0.425155396635887
2019-07-20 07:21:00,0.3688868004407482
2019-07-20 07:24:00,0.48501816211916093
2019-07-20 07:27:00,0.4136535693006067
2019-07-20 07:30:00,0.33948145283216036
2019-07-20 07:33:00,0.38000704354493564
2019-07-20 07:36:00,0.3639751292436131
2019-07-20 07:39:00,0.36266923916787164
2019-07-20 07:42:00,0.3174243275207118
2019-07-20 07:45:00,0.35213364873465025
2019-07-20 07:48:00,0.2919138658739371
2019-07-20 07:51:00,0.31333793387892683
2019-07-20 07:54:00,0.38386441637339885
2019-07-20 07:57:00,0.2918425401488207
2019-07-20 08:00:00,0.33536519912519225
2019-07-20 08:03:00,0.323286325914637
2019-07-20 08:06:00,0.1862612918744162
2019-07-20 08:09:00,0.2894576065665433
2019-07-20 08:12:00,0.20548190287831858
2019-07-20 08:15:00,0.1869375017834045
2019-07-20 08:18:00,0.2683287366476179
2019-07-20 08:21:00,0.26613330585695394
2019-07-20 08:24:00,0.20942038851489997
2019-07-20 08:27:00,0.1698826229501833
2019-07-20 08:30:00,0.15341004284948667
2019-07-20 08:33:00,0.09495756824270529
2019-07-20 08:36:00,0.22419437381824991
2019-07-20 08:39:00,0.052699751157206265
2019-07-20 08:42:00,0.05011506449488934
2019-07-20 08:45:00,0.11656611099169822
2019-07-20 08:48:00,0.0701106017429538
2019-07-20 08:51:00,0.0014178679874135014
2019-07-20 08:54:00,-0.020921489370493873
2019-07-20 08:57:00,0.1074091646053148
2019-07-20 09:00:00,-0.12196252326947388
2019-07-20 09:03:00,-0.013238057685043714
2019-07-20 09:06:00,-0.04906377895503056
2019-07-20 09:09:00,-0.046710814941945955
2019-07-20 09:12:00,-0.17121365763830454
2019-07-20 09:15:00,-0.05673752267784948
2019-07-20 09:18:00,-0.15163029065905675
2019-07-20 09:21:00,-0.10871894525024572
2019-07-20 09:24:00,-0.1704799214680861
2019-07-20 09:27:00,-0.2579978377741554
2019-07-20 09:30:00,-0.18998176907695097
2019-07-20 09:33:00,-0.2892298960052244
2019-07-20 09:36:00,-0.2643718785787428
2019-07-20 09:39:00,-0.32259097331592557
2019-07-20 09:42:00,-0.22982918392364127
2019-07-20 09:45:00,-0.242089878896536
2019-07-20 09:48:00,-0.13865820528559425
2019-07-20 09:51:00,-0.2695389513964983
2019-07-20 09:54:00,-0.33957255313521273
2019-07-20 09:57:00,-0.35101435928936553
2019-07-20 10:00:00,-0.2815209541178092
2019-07-20 10:03:00,-0.3577403433153563
2019-07-20 10:06:00,-0.3309217806336733
2019-07-20 10:09:00,-0.3883775155226772
2019-07-20 10:12:00,-0.4204751888307783
2019-07-20 10:15:00,-0.39275773092936106
2019-07-20 10:18:00,-0.295808597236487
2019-07-20 10:21:00,-0.3497841844713321
2019-07-20 10:24:00,-0.403673770371654
2019-07-20 10:27:00,-0.37262867469360117
2019-07-20 10:30:00,-0.38994630001815267
2019-07-20 10:33:00,-0.3525350809816814
2019-07-20 10:36:00,-0.3097110239746712
2019-07-20 10:39:00,-0.39336678334530006
2019-07-20 10:42:00,-0.3460011232506872
2019-07-20 10:45:00,-0.47252028956432923
2019-07-20 10:48:00,-0.5460143339287811
2019-07-20 10:51:00,-0.40183612199109575
2019-07-20 10:54:00,-0.44646455976680954
2019-07-20 10:57:00,-0.39521471212231063
2019-07-20 11:00:00,-0.46638717321593504
2019-07-20 11:03:00,-0.4154233306250603
2019-07-20 11:06:00,-0.4257935837662217
2019-07-20 11:09:00,-0.3930553727618644
2019-07-20 11:12:00,-0.45861592860046585
2019-07-20 11:15:00,-0.3793302421615863
2019-07-20 11:18:00,-0.34365215236482527
2019-07-20 11:21:00,-0.4022009494997292
2019-07-20 11:24:00,-0.46828184359395664
2019-07-20 11:27:00,-0.45010674123517447
2019-07-20 11:30:00,-0.4148445747870255
2019-07-20 11:33:00,-0.3888030149201427
2019-07-20 11:36:00,-0.4457375560913306
2019-07-20 11:39:00,-0.4415929921005386
2019-07-20 11:42:00,-0.4642280420407019
2019-07-20 11:45:00,-0.4169076798537503
2019-07-20 11:48:00,-0.39747952289633304
2019-07-20 11:51:00,-0.4303238801161342
2019-07-20 11:54:00,-0.4543766968165528
2019-07-20 11:57:00,-0.4050084703731045
2019-07-20 12:00:00,-0.3908711670252387
2019-07-20 12:03:00,-0.3768133151771167
2019-07-20 12:06:00,-0.3435584315797655
2019-07-20 12:09:00,-0.4252714813912917
2019-07-20 12:12:00,-0.48143836667378537
2019-07-20 12:15:00,-0.3730208993081874
2019-07-20 12:18:00,-0.31296128203308626
2019-07-20 12:21:00,-0.37817658156222933
2019-07-20 12:24:00,-0.3382179547313626
2019-07-20 12:27:00,-0.48180925002657204
2019-07-20 12:30:00,-0.3972368951315275
2019-07-20 12:33:00,-0.4292715205254467
2019-07-20 12:36:00,-0.31862023217559
2019-07-20 12:39:00,-0.4453318447742163
2019-07-20 12:42:00,-0.3269588656163478
2019-07-20 12:45:00,-0.3378995358697239
2019-07-20 12:48:00,-0.45928816938061345
2019-07-20 12:51:00,-0.4467139569110259
2019-07-20 12:54:00,-0.5871437225463865
2019-07-20 12:57:00,-0.3839545385621932
2019-07-20 13:00:00,-0.3616405000259988
2019-07-20 13:03:00,-0.474624044405175
2019-07-20 13:06:00,-0.5291154210057698
2019-07-20 13:09:00,-0.5065104612614277
2019-07-20 13:12:00,-0.5358453863385648
2019-07-20 13:15:00,-0.39738987823471916
2019-07-20 13:18:00,-0.3860751312669777
2019-07-20 13:21:00,-0.4983329855336365
2019-07-20 13:24:00,-0.4083836446165492
2019-07-20 13:27:00,-0.43157854379222726
2019-07-20 13:30:00,-0.44727264793880295
2019-07-20 13:33:00,-0.4317758143515107
2019-07-20 13:36:00,-0.43463046301491204
2019-07-20 13:39:00,-0.45748675929547744
2019-07-20 13:42:00,-0.41862270612620023
2019-07-20 13:45:00,-0.5093114360514619
2019-07-20 13:48:00,-0.5024472518175571
2019-07-20 13:51:00,-0.4904757911933757
2019-07-20 13:54:00,-0.4601096416574251
2019-07-20 13:57:00,-0.3823452905696172
2019-07-20 14:00:00,-0.4106620916406314
2019-07-20 14:03:00,-0.48391204055678827
2019-07-20 14:06:00,-0.47282164017866535
2019-07-20 14:09:00,-0.5073216927078761
2019-07-20 14:12:00,-0.3126005320327181
2019-07-20 14:15:00,-0.46647948246953774
2019-07-20 14:18:00,-0.4393517121574746
2019-07-20 14:21:00,-0.48122922890161135
2019-07-20 14:24:00,-0.4567755890611238
2019-07-20 14:27:00,-0.47881234397004846
2019-07-20 14:30:00,-0.49453575451366305
2019-07-20 14:33:00,-0.5454209411905708
2019-07-20 14:36:00,-0.5093515418346328
2019-07-20 14:39:00,-0.3879087874989864
2019-07-20 14:42:00,-0.48974914779915935
2019-07-20 14:45:00,-0.5055011813784063
2019-07-20 14:48:00,-0.5633061505989758
2019-07-20 14:51:00,-0.49053628186419473
2019-07-20 14:54:00,-0.5169262796198382
2019-07-20 14:57:00,-0.5065710545339925
2019-07-20 15:00:00,-0.34808536917654465
2019-07-20 15:03:00,-0.5673119144958605
2019-07-20 15:06:00,-0.4847811352423719
2019-07-20 15:09:00,-0.5084772167666642
2019-07-20 15:12:00,-0.3960722835767001
2019-07-20 15:15:00,-0.5341016215437548
2019-07-20 15:18:00,-0.49852742640479164
2019-07-20 15:21:00,-0.48407573297441786
2019-07-20 15:24:00,-0.4160911231095952
2019-07-20 15:27:00,-0.5038704804134113
2019-07-20 15:30:00,-0.4931095766206681
2019-07-20 15:33:00,-0.41014555236034766
2019-07-20 15:36:00,-0.5378171467701236
2019-07-20 15:39:00,-0.4123306612590909
2019-07-20 15:42:00,-0.48962846430322315
2019-07-20 15:45:00,-0.4466901474240217
2019-07-20 15:48:00,-0.4446738245057986
2019-07-20 15:51:00,-0.580443288900824
2019-07-20 15:54:00,-0.5281266411301999
2019-07-20 15:57:00,-0.4839034261578945
2019-07-20 16:00:00,-0.46476364883534416
2019-07-20 16:03:00,-0.582186002106198
2019-07-20 16:06:00,-0.5150002288332871
2019-07-20 16:09:00,-0.50686873387383
2019-07-20 16:12:00,-0.4506427275606484
2019-07-20 16:15:00,-0.43658535054305503
2019-07-20 16:18:00,-0.5322832264535009
2019-07-20 16:21:00,-0.4463094465186259
2019-07-20 16:24:00,-0.5815101843058983
2019-07-20 16:27:00,-0.4685783400938135
2019-07-20 16:30:00,-0.4848200612950677
2019-07-20 16:33:00,-0.44829892738982835
2019-07-20 16:36:00,-0.5880929024773991
2019-07-20 16:39:00,-0.40274261517760124
2019-07-20 16:42:00,-0.48330396733967973
2019-07-20 16:45:00,-0.4492732192269955
2019-07-20 16:48:00,-0.4922970602513601
2019-07-20 16:51:00,-0.48869400396176843
2019-07-20 16:54:00,-0.4690129162316339
2019-07-20 16:57:00,-0.531895696104641
2019-07-20 17:00:00,-0.5726535755854911
2019-07-20 17:03:00,-0.4490466473214383
2019-07-20 17:06:00,-0.5165681779663487
2019-07-20 17:09:00,-0.44064556890123185
2019-07-20 17:12:00,-0.4887647792508574
2019-07-20 17:15:00,-0.3973329738535085
2019-07-20 17:18:00,-0.5140685132676026
2019-07-20 17:21:00,-0.41035237153437265
2019-07-20 17:24:00,-0.4722745451990704
2019-07-20 17:27:00,-0.4994982776349275
2019-07-20 17:30:00,-0.43155998201848433
2019-07-20 17:33:00,-0.40590663326094045
2019-07-20 17:36:00,-0.46491617675326324
2019-07-20 17:39:00,-0.4136159871671339
2019-07-20 17:42:00,-0.3971490528313666
2019-07-20 17:45:00,-0.5242248703808059
2019-07-20 17:48:00,-0.33846161996194724
2019-07-20 17:51:00,-0.41251586973430676
2019-07-20 17:54:00,-0.4614582594109038
2019-07-20 17:57:00,-0.4193234127729397
2019-07-20 18:00:00,-0.46373336426512424
2019-07-20 18:03:00,-0.3956713332254367
2019-07-20 18:06:00,-0.3941746868318887
2019-07-20 18:09:00,-0.40538214417193785
2019-07-20 18:12:00,-0.4171954410971921
2019-07-20 18:15:00,-0.45684145570868395
2019-07-20 18:18:00,-0.3978176853181026
2019-07-20 18:21:00,-0.3242692424717575
2019-07-20 18:24:00,-0.3176011072185929
2019-07-20 18:27:00,-0.3182831870057612
2019-07-20 18:30:00,-0.42624824558964747
2019-07-20 18:33:00,-0.3682434696497694
2019-07-20 18:36:00,-0.39993974645113894
2019-07-20 18:39:00,-0.3969531877658028
2019-07-20 18:42:00,-0.42654798531015103
2019-07-20 18:45:00,-0.4037300620221913
2019-07-20 18:48:00,-0.38763118532983754
2019-07-20 18:51:00,-0.3751668574577707
2019-07-20 18:54:00,
2019-07-20 18:57:00,
2019-07-20 19:00:00,
2019-07-20 19:03:00,-0.3450101355354036
2019-07-20 19:06:00,-0.42953557638111306
2019-07-20 19:09:00,-0.30626979178765623
2019-07-20 19:12:00,-0.398782048121177
2019-07-20 19:15:00,-0.42549516929244646
2019-07-20 19:18:00,-0.41164136383270034
2019-07-20 19:21:00,-0.340923804683257
2019-07-20 19:24:00,-0.35623131217698756
2019-07-20 19:27:00,-0.38623906722114043
2019-07-20 19:30:00,-0.3255415944428819
2019-07-20 19:33:00,-0.4146244372927299
2019-07-20 19:36:00,-0.34257841132347266
2019-07-20 19:39:00,-0.2670347621336191
2019-07-20 19:42:00,-0.281261516188124
2019-07-20 19:45:00,-0.22871743792074994
2019-07-20 19:48:00,-0.07427706185461602
2019-07-20 19:51:00,-0.2149484944001756
2019-07-20 19:54:00,-0.15614802941672679
2019-07-20 19:57:00,-0.17764266229647774
2019-07-20 20:00:00,-0.19352401055698465
2019-07-20 20:03:00,-0.21511957800072423
2019-07-20 20:06:00,-0.22028494588039393
2019-07-20 20:09:00,-0.16953915022583033
2019-07-20 20:12:00,-0.15658402017345452
2019-07-20 20:15:00,-0.1543896005060219
2019-07-20 20:18:00,-0.25917687969530334
2019-07-20 20:21:00,-0.08383295061474882
2019-07-20 20:24:00,-0.16337613867244727
2019-07-20 20:27:00,-0.14205974951318012
2019-07-20 20:30:00,-0.16888809457128673
2019-07-20 20:33:00,-0.19358025661591682
2019-07-20 20:36:00,-0.28406459384996197
2019-07-20 20:39:00,-0.14038416063311843
2019-07-20 20:42:00,-0.19574275913970496
2019-07-20 20:45:00,-0.22519105109705606
2019-07-20 20:48:00,-0.2539334773798032
2019-07-20 20:51:00,-0.14724365212418888
2019-07-20 20:54:00,-0.12393845166860729
2019-07-20 20:57:00,-0.11287424106973276
2019-07-20 21:00:00,-0.11973063169978104
2019-07-20 21:03:00,-0.13061729848863024
2019-07-20 21:06:00,-0.09526186523993374
2019-07-20 21:09:00,-0.1227691568315663
2019-07-20 21:12:00,-0.07455498240830138
2019-07-20 21:15:00,-0.07387640975412069
2019-07-20 21:18:00,-0.012503931192100026
2019-07-20 21:21:00,-0.129097015935713
2019-07-20 21:24:00,-0.10208111063894876
2019-07-20 21:27:00,-0.07148222486006262
2019-07-20 21:30:00,-0.052821654183787814
2019-07-20 21:33:00,0.04627875719194208
2019-07-20 21:36:00,-0.1156768649981359
2019-07-20 21:39:00,0.0050805290765083555
2019-07-20 21:42:00,-0.027204371725360943
2019-07-20 21:45:00,-0.03701543835461507
2019-07-20 21:48:00,-0.05102156556176851
2019-07-20 21:51:00,0.056909855716753555
2019-07-20 21:54:00,-0.07480340386382522
2019-07-20 21:57:00,0.14598756996400652
2019-07-20 22:00:00,0.033606262062562564
2019-07-20 22:03:00,-0.0380917176516391
2019-07-20 22:06:00,-0.02104395529363501
2019-07-20 22:09:00,0.0769111969085543
2019-07-20 22:12:00,-0.011943939920911362
2019-07-20 22:15:00,-0.0983724583517187
2019-07-20 22:18:00,-0.12914658599282802
2019-07-20 22:21:00,-0.12514376991600784
2019-07-20 22:24:00,-0.04061157733320897
2019-07-20 22:27:00,-0.09981313160164973
2019-07-20 22:30:00,0.030003794270385242
2019-07-20 22:33:00,-0.019288119543091398
2019-07-20 22:36:00,-0.09987125667345254
2019-07-20 22:39:00,-0.02666549514418648
2019-07-20 22:42:00,-0.07186247123235034
2019-07-20 22:45:00,-0.03225895815722879
2019-07-20 22:48:00,-0.1193164030656817
2019-07-20 22:51:00,-0.09026250440331296
2019-07-20 22:54:00,-0.1003857021809722
2019-07-20 22:57:00,0.015355712590576331
2019-07-20 23:00:00,-0.051297748444483204
2019-07-20 23:03:00,-0.0722469442006286
2019-07-20 23:06:00,-0.009206800533149817
2019-07-20 23:09:00,-0.05704946216121698
2019-07-20 23:12:00,-0.12883706347884072
2019-07-20 23:15:00,-0.01917492265653209
2019-07-20 23:18:00,0.06690903152099281
2019-07-20 23:21:00,0.13366393384507091
2019-07-20 23:24:00,0.20615339001420807
2019-07-20 23:27:00,0.19547543801218126
2019-07-20 23:30:00,0.27819304995711036
2019-07-20 23:33:00,0.19922178062404328
2019-07-20 23:36:00,0.2078713691226426
2019-07-20 23:39:00,0.21356926839041535
2019-07-20 23:42:00,0.09247531258137087
2019-07-20 23:45:00,0.135059783650604
2019-07-20 23:48:00,0.10033098927004858
2019-07-20 23:51:00,0.3171999870102127
2019-07-20 23:54:00,0.23966290414392688
2019-07-20 23:57:00,0.19392159241670015
2019-07-21 00:00:00,0.24947815109192106
2019-07-21 00:03:00,0.17273658832112915
2019-07-21 00:06:00,0.23345335312029647
2019-07-21 00:09:00,0.0782685978704194
2019-07-21 00:12:00,0.1355548665504216
2019-07-21 00:15:00,0.04934512095013588
2019-07-21 00:18:00,0.05737759424016531
2019-07-21 00:21:00,-0.018006213936644144
2019-07-21 00:24:00,0.18532135077657585
2019-07-21 00:27:00,-0.02526225082306155
2019-07-21 00:30:00,-0.028045249575825437
2019-07-21 00:33:00,-0.043232733378260946
2019-07-21 00:36:00,-0.04195432234320151
2019-07-21 00:39:00,-0.09967724307728076
2019-07-21 00:42:00,0.06897959102650475
2019-07-21 00:45:00,-0.04164059619870386
2019-07-21 00:48:00,-0.16262232610836236
2019-07-21 00:51:00,-0.07267370168875686
2019-07-21 00:54:00,0.04913410146417618
2019-07-21 00:57:00,-0.17377142704492599
2019-07-21 01:00:00,-0.006150516768570924
2019-07-21 01:03:00,-0.0667716743395772
2019-07-21 01:06:00,-0.0017289948200414074
2019-07-21 01:09:00,-0.08356558895127364
2019-07-21 01:12:00,-0.021882891861821463
2019-07-21 01:15:00,-0.08633544184959874
2019-07-21 01:18:00,-0.05705812332280402
2019-07-21 01:21:00,-0.048990863447556876
2019-07-21 01:24:00,-0.09540219303551112
2019-07-21 01:27:00,0.06072287804460075
2019-07-21 01:30:00,-0.0009359691964618833
2019-07-21 01:33:00,0.1712570557879758
2019-07-21 01:36:00,0.1383979992687614
2019-07-21 01:39:00,0.11076187501208778
2019-07-21 01:42:00,0.0027260665293056263
2019-07-21 01:45:00,0.12573103122235807
2019-07-21 01:48:00,0.06726029039913328
2019-07-21 01:51:00,0.08331503415149655
2019-07-21 01:54:00,-0.0426734452104256
2019-07-21 01:57:00,0.08886987141983127
2019-07-21 02:00:00,-0.09959977566614953
2019-07-21 02:03:00,-0.06573968857333057
2019-07-21 02:06:00,-0.09322135708168844
2019-07-21 02:09:00,0.08833543937089416
2019-07-21 02:12:00,0.035256608197187234
2019-07-21 02:15:00,0.06884874940385544
2019-07-21 02:18:00,0.025150465758940754
2019-07-21 02:21:00,0.0630703791427436
2019-07-21 02:24:00,0.07319227312922294
2019-07-21 02:27:00,0.15098450662594587
2019-07-21 02:30:00,0.12246706793371231
2019-07-21 02:33:00,0.22396611455116044
2019-07-21 02:36:00,0.20245178067625602
2019-07-21 02:39:00,0.1535536580992698
2019-07-21 02:42:00,0.10181541676320194
2019-07-21 02:45:00,0.1397475283691847
2019-07-21 02:48:00,0.13210186702735882
2019-07-21 02:51:00,0.18341469615580763
2019-07-21 02:54:00,0.09129244551957072
2019-07-21 02:57:00,0.15424157374786773
2019-07-21 03:00:00,0.10504050457046787
2019-07-21 03:03:00,0.17571270808917916
2019-07-21 03:06:00,
2019-07-21 03:09:00,0.1062439405724831
2019-07-21 03:12:00,0.08168225089553971
2019-07-21 03:15:00,0.13404317449766268
2019-07-21 03:18:00,0.06834134561120209
2019-07-21 03:21:00,0.10479816025264199
2019-07-21 03:24:00,0.08082750392924254
2019-07-21 03:27:00,0.043413488825933655
2019-07-21 03:30:00,0.023158906709056737
2019-07-21 03:33:00,-0.013173625251283738
2019-07-21 03:36:00,0.028624353428142513
2019-07-21 03:39:00,-0.09579460988214805
2019-07-21 03:42:00,0.062011393031525586
2019-07-21 03:45:00,0.15024420324022003
2019-07-21 03:48:00,0.10240827958864429
2019-07-21 03:51:00,0.1451763151248997
2019-07-21 03:54:00,-0.012967672000570474
2019-07-21 03:57:00,-0.03222828091486463
2019-07-21 04:00:00,-0.020089942514630366
2019-07-21 04:03:00,0.02463608427700592
2019-07-21 04:06:00,-0.01746166112445735
2019-07-21 04:09:00,-0.007042683860561283
2019-07-21 04:12:00,0.08872474968819688
2019-07-21 04:15:00,-0.051416142404434595
2019-07-21 04:18:00,0.03295210460731823
2019-07-21 04:21:00,-0.0038394760040318943
2019-07-21 04:24:00,0.07662029650731483
2019-07-21 04:27:00,-0.051156831187711305
2019-07-21 04:30:00,-0.006521352380389089
2019-07-21 04:33:00,-0.04832891041633047
2019-07-21 04:36:00,0.005303005839436992
2019-07-21 04:39:00,0.010291928094659397
2019-07-21 04:42:00,0.06223762691536194
2019-07-21 04:45:00,0.019623040623116594
2019-07-21 04:48:00,0.05395351094767875
2019-07-21 04:51:00,0.07746553157255676
2019-07-21 04:54:00,0.1685793145198886
2019-07-21 04:57:00,0.17485051030683962
2019-07-21 05:00:00,0.2694295283644692
2019-07-21 05:03:00,0.16212521193392604
2019-07-21 05:06:00,0.30908352671150396
2019-07-21 05:09:00,0.16351699960637234
2019-07-21 05:12:00,0.1656393284550859
2019-07-21 05:15:00,0.17728259308290717
2019-07-21 05:18:00,0.27114509072060855
2019-07-21 05:21:00,0.13178274455412975
2019-07-21 05:24:00,0.19191091430968754
2019-07-21 05:27:00,0.13491799578099517
2019-07-21 05:30:00,0.2234420546121214
2019-07-21 05:33:00,0.14985975547267572
2019-07-21 05:36:00,0.1516450503551141
2019-07-21 05:39:00,0.2009841408732882
2019-07-21 05:42:00,0.19811724267935915
2019-07-21 05:45:00,0.1844494280763911
2019-07-21 05:48:00,0.20398821306901027
2019-07-21 05:51:00,0.16571082968852124
2019-07-21 05:54:00,0.339781557179208
2019-07-21 05:57:00,0.22206621990056874
2019-07-21 06:00:00,0.21950061681656052
2019-07-21 06:03:00,0.2547227554371716
2019-07-21 06:06:00,0.17114117484197777
2019-07-21 06:09:00,0.17680587060044672
2019-07-21 06:12:00,0.26370038934271633
2019-07-21 06:15:00,0.20608677118008245
2019-07-21 06:18:00,0.226125096996725
2019-07-21 06:21:00,0.24985606439793173
2019-07-21 06:24:00,0.23717767219301322
2019-07-21 06:27:00,0.2678538941797797
2019-07-21 06:30:00,0.18209387078184136
2019-07-21 06:33:00,0.2201666719403761
2019-07-21 06:36:00,0.3150381118952623
2019-07-21 06:39:00,0.31401986762841716
2019-07-21 06:42:00,0.2579862682563885
2019-07-21 06:45:00,0.322340747805697
2019-07-21 06:48:00,0.25132560072330534
2019-07-21 06:51:00,0.36317459785982464
2019-07-21 06:54:00,0.31186076123941575
2019-07-21 06:57:00,0.31143278942596453
2019-07-21 07:00:00,0.35522973940317115
2019-07-21 07:03:00,0.4263643455246324
2019-07-21 07:06:00,0.37125771287105636
2019-07-21 07:09:00,0.39942108929437836
2019-07-21 07:12:00,0.38873674311253126
2019-07-21 07:15:00,0.37446750344332713
2019-07-21 07:18:00,0.2988126042951649
2019-07-21 07:21:00,0.2594747924053422
2019-07-21 07:24:00,0.2479754492060806
2019-07-21 07:27:00,0.3154410184425842
2019-07-21 07:30:00,0.25623986404787047
2019-07-21 07:33:00,0.29632872170697055
2019-07-21 07:36:00,0.23551905215208535
2019-07-21 07:39:00,0.30606781746723755
2019-07-21 07:42:00,0.2682208712857914
2019-07-21 07:45:00,0.2564646469041918
2019-07-21 07:48:00,0.24332113318729398
2019-07-21 07:51:00,0.25150493916351024
2019-07-21 07:54:00,0.2793478414637889
2019-07-21 07:57:00,0.22151267674439623
2019-07-21 08:00:00,0.15235041845045316
2019-07-21 08:03:00,0.18137013706535754
2019-07-21 08:06:00,0.162277678096018
2019-07-21 08:09:00,0.12522406740816905
2019-07-21 08:12:00,0.15272820951776112
2019-07-21 08:15:00,0.0619410382741421
2019-07-21 08:18:00,0.05251172595103526
2019-07-21 08:21:00,0.04836891047983727
2019-07-21 08:24:00,-0.032727844077783175
2019-07-21 08:27:00,0.05967665133948685
2019-07-21 08:30:00,0.014019503080930917
2019-07-21 08:33:00,-0.07550298572681413
2019-07-21 08:36:00,-0.02400302554838163
2019-07-21 08:39:00,-0.006288286353651529
2019-07-21 08:42:00,-0.0921928996706356
2019-07-21 08:45:00,-0.1631709652104405
2019-07-21 08:48:00,-0.10545810750761575
2019-07-21 08:51:00,-0.08872611755037951
2019-07-21 08:54:00,-0.30275362956922436
2019-07-21 08:57:00,-0.166849381129623
2019-07-21 09:00:00,-0.23166022382815754
2019-07-21 09:03:00,-0.12369472921568558
2019-07-21 09:06:00,-0.20830733588439898
2019-07-21 09:09:00,-0.18751646119079624
2019-07-21 09:12:00,-0.14684107218533882
2019-07-21 09:15:00,-0.23186085626531394
2019-07-21 09:18:00,-0.2606569845752915
2019-07-21 09:21:00,-0.2362059405240302
2019-07-21 09:24:00,-0.24950691375693168
2019-07-21 09:27:00,-0.2769907047033371
2019-07-21 09:30:00,-0.1640901272654105
2019-07-21 09:33:00,-0.26958947492136076
2019-07-21 09:36:00,-0.21907179974846258
2019-07-21 09:39:00,-0.2991439080633995
2019-07-21 09:42:00,-0.34574236826682636
2019-07-21 09:45:00,-0.30886838919587944
2019-07-21 09:48:00,-0.3414662544746534
2019-07-21 09:51:00,-0.20917476339286623
2019-07-21 09:54:00,-0.36322839927225914
2019-07-21 09:57:00,-0.2864800814250543
2019-07-21 10:00:00,-0.36706255642110364
2019-07-21 10:03:00,-0.32120201664525894
2019-07-21 10:06:00,-0.3080218657283922
2019-07-21 10:09:00,-0.39555722897051737
2019-07-21 10:12:00,-0.33402842768555274
2019-07-21 10:15:00,-0.20503973874650683
2019-07-21 10:18:00,-0.4308668842171528
2019-07-21 10:21:00,-0.4423357883499648
2019-07-21 10:24:00,-0.2310720324560407
2019-07-21 10:27:00,-0.32658136893030587
2019-07-21 10:30:00,-0.30952926545819537
2019-07-21 10:33:00,-0.34173554403008666
2019-07-21 10:36:00,-0.3160390760290852
2019-07-21 10:39:00,-0.4218348184264755
2019-07-21 10:42:00,-0.38758219710268804
2019-07-21 10:45:00,-0.4095629905873466
2019-07-21 10:48:00,-0.447709180666493
2019-07-21 10:51:00,-0.421051092239054
2019-07-21 10:54:00,-0.42337259394804505
2019-07-21 10:57:00,-0.3580198453566936
2019-07-21 11:00:00,-0.39739962825785824
2019-07-21 11:03:00,-0.4997353559121507
2019-07-21 11:06:00,-0.3628735083090078
2019-07-21 11:09:00,-0.5182503348233354
2019-07-21 11:12:00,-0.49784350198547145
2019-07-21 11:15:00,-0.5800716674766591
2019-07-21 11:18:00,-0.5221239286427704
2019-07-21 11:21:00,-0.3274309758319305
2019-07-21 11:24:00,-0.4358035943930645
2019-07-21 11:27:00,-0.37437903760257996
2019-07-21 11:30:00,-0.4556467575226293
2019-07-21 11:33:00,-0.37549845469936827
2019-07-21 11:36:00,-0.47197466820790623
2019-07-21 11:39:00,-0.43910114742521955
2019-07-21 11:42:00,-0.4553827335803362
2019-07-21 11:45:00,-0.4307528357205115
2019-07-21 11:48:00,-0.39534942982425036
2019-07-21 11:51:00,-0.46898312823537935
2019-07-21 11:54:00,-0.5181899489438138
2019-07-21 11:57:00,-0.4999269776248525
2019-07-21 12:00:00,-0.4123216082336967
2019-07-21 12:03:00,-0.3646346108287162
2019-07-21 12:06:00,-0.45179503220884953
2019-07-21 12:09:00,-0.47746329526904674
2019-07-21 12:12:00,-0.4274725724732775
2019-07-21 12:15:00,-0.5283882154213302
2019-07-21 12:18:00,-0.5183577953922054
2019-07-21 12:21:00,-0.48384613141996624
2019-07-21 12:24:00,-0.4438959186383613
2019-07-21 12:27:00,-0.3456107021875141
2019-07-21 12:30:00,-0.5385969321193329
2019-07-21 12:33:00,-0.5190643433797959
2019-07-21 12:36:00,-0.43483993494612605
2019-07-21 12:39:00,-0.4481191956331827
2019-07-21 12:42:00,-0.445858577450565
2019-07-21 12:45:00,-0.5601142147297651
2019-07-21 12:48:00,-0.4670166610716251
2019-07-21 12:51:00,-0.5013324200067473
2019-07-21 12:54:00,-0.528767044408653
2019-07-21 12:57:00,-0.5016723301161505
2019-07-21 13:00:00,-0.6476882603851095
2019-07-21 13:03:00,-0.6064881794766279
2019-07-21 13:06:00,-0.6088307944887674
2019-07-21 13:09:00,-0.5251014697309415
2019-07-21 13:12:00,-0.4790806567613686
2019-07-21 13:15:00,-0.49241436043638487
2019-07-21 13:18:00,-0.5151964802877274
2019-07-21 13:21:00,-0.42613715234705296
2019-07-21 13:24:00,-0.5045883209062367
2019-07-21 13:27:00,-0.5750533360334202
2019-07-21 13:30:00,-0.3935441475141488
2019-07-21 13:33:00,-0.5434345510828962
2019-07-21 13:36:00,-0.5678888540790012
2019-07-21 13:39:00,-0.5252345696056864
2019-07-21 13:42:00,-0.6014361082144433
2019-07-21 13:45:00,-0.5835255379643627
2019-07-21 13:48:00,-0.486848489933152
2019-07-21 13:51:00,-0.45407963885907066
2019-07-21 13:54:00,-0.6452459185999828
2019-07-21 13:57:00,-0.6526553816001979
2019-07-21 14:00:00,-0.5022783552093415
2019-07-21 14:03:00,-0.5947096450801723
2019-07-21 14:06:00,-0.4976660512942317
2019-07-21 14:09:00,-0.5563917204105451
2019-07-21 14:12:00,-0.5613992988057817
2019-07-21 14:15:00,-0.5029708850734664
2019-07-21 14:18:00,-0.4167676711631998
2019-07-21 14:21:00,-0.5033785623305107
2019-07-21 14:24:00,-0.511379493676202
2019-07-21 14:27:00,-0.5226596727395645
2019-07-21 14:30:00,-0.5876226008409162
2019-07-21 14:33:00,-0.5666509532138662
2019-07-21 14:36:00,-0.4330009680599005
2019-07-21 14:39:00,-0.6126576954459324
2019-07-21 14:42:00,-0.5737463745564924
2019-07-21 14:45:00,-0.7031838482404851
2019-07-21 14:48:00,-0.6383584693429043
2019-07-21 14:51:00,-0.6542693279463947
2019-07-21 14:54:00,-0.6469384887619185
2019-07-21 14:57:00,-0.4906502110380302
2019-07-21 15:00:00,-0.5734149891505353
2019-07-21 15:03:00,-0.5182331972936254
2019-07-21 15:06:00,-0.5119988594877896
2019-07-21 15:09:00,-0.5111660366591764
2019-07-21 15:12:00,-0.5864911358243035
2019-07-21 15:15:00,-0.6682097983903645
2019-07-21 15:18:00,-0.5317238849992805
2019-07-21 15:21:00,-0.4981867383812073
2019-07-21 15:24:00,-0.5333162668490559
2019-07-21 15:27:00,-0.4927883432912381
2019-07-21 15:30:00,-0.5370847612029479
2019-07-21 15:33:00,-0.5684897647774392
2019-07-21 15:36:00,-0.49236650332210274
2019-07-21 15:39:00,-0.6450428648614661
2019-07-21 15:42:00,-0.5903089733407683
2019-07-21 15:45:00,-0.5714680034412254
2019-07-21 15:48:00,-0.567724787306986
2019-07-21 15:51:00,-0.619290950324455
2019-07-21 15:54:00,-0.5350762976537453
2019-07-21 15:57:00,-0.5590446609304536
2019-07-21 16:00:00,-0.47161947263168713
2019-07-21 16:03:00,-0.5863852660019688
2019-07-21 16:06:00,-0.5222347424133318
2019-07-21 16:09:00,-0.5549785821575597
2019-07-21 16:12:00,-0.5701308650056376
2019-07-21 16:15:00,-0.6981111481624112
2019-07-21 16:18:00,-0.5196029621902767
2019-07-21 16:21:00,-0.5475532689632701
2019-07-21 16:24:00,-0.512013574538571
2019-07-21 16:27:00,-0.5545149740513011
2019-07-21 16:30:00,-0.6657000908475084
2019-07-21 16:33:00,-0.5335431525526815
2019-07-21 16:36:00,-0.5305964274011785
2019-07-21 16:39:00,-0.6105948177407754
2019-07-21 16:42:00,-0.48507220863922385
2019-07-21 16:45:00,-0.5397827943939433
2019-07-21 16:48:00,-0.5848325520792059
2019-07-21 16:51:00,-0.635301562293705
2019-07-21 16:54:00,-0.5030009182561344
2019-07-21 16:57:00,-0.5059179828783726
2019-07-21 17:00:00,-0.5879907866464009
2019-07-21 17:03:00,-0.6153153961523685
2019-07-21 17:06:00,-0.5330446563155533
2019-07-21 17:09:00,-0.4978535639795041
2019-07-21 17:12:00,-0.6064414412569477
2019-07-21 17:15:00,-0.4813450074960315
2019-07-21 17:18:00,-0.559317922014543
2019-07-21 17:21:00,-0.5321373017285396
2019-07-21 17:24:00,-0.5809438276760375
2019-07-21 17:27:00,-0.5377285015183588
2019-07-21 17:30:00,-0.5605320386699191
2019-07-21 17:33:00,-0.596059441973182
2019-07-21 17:36:00,-0.5625982248541845
2019-07-21 17:39:00,-0.47444935015749934
2019-07-21 17:42:00,-0.5556429056219372
2019-07-21 17:45:00,-0.4685602394633861
2019-07-21 17:48:00,-0.5171421405145793
2019-07-21 17:51:00,-0.565322619786798
2019-07-21 17:54:00,-0.5626375550051534
2019-07-21 17:57:00,-0.5366104854763307
2019-07-21 18:00:00,-0.5411056395015521
2019-07-21 18:03:00,-0.6148436335091105
2019-07-21 18:06:00,-0.49844959961700397
2019-07-21 18:09:00,-0.5076812102925601
2019-07-21 18:12:00,-0.5104173465343251
2019-07-21 18:15:00,-0.6127909085081455
2019-07-21 18:18:00,-0.5703729371338682
2019-07-21 18:21:00,-0.49966804181804036
2019-07-21 18:24:00,-0.31045105567801556
2019-07-21 18:27:00,-0.3702851088725083
2019-07-21 18:30:00,-0.3572582163580478
2019-07-21 18:33:00,-0.33730891098798566
2019-07-21 18:36:00,-0.27360685328028467
2019-07-21 18:39:00,-0.3043832568087623
2019-07-21 18:42:00,-0.23498985712512876
2019-07-21 18:45:00,-0.22922565912102755
2019-07-21 18:48:00,-0.2637143395916155
2019-07-21 18:51:00,-0.16637237607966426
2019-07-21 18:54:00,
2019-07-21 18:57:00,
2019-07-21 19:00:00,
2019-07-21 19:03:00,-0.29992948909961115
2019-07-21 19:06:00,-0.2456967416429734
2019-07-21 19:09:00,-0.2267327631579974
2019-07-21 19:12:00,-0.23495148453810089
2019-07-21 19:15:00,-0.23761118955684424
2019-07-21 19:18:00,-0.1793907230674563
2019-07-21 19:21:00,-0.3271278755373146
2019-07-21 19:24:00,-0.2643386014261182
2019-07-21 19:27:00,-0.2249058670794284
2019-07-21 19:30:00,-0.27959165907532224
2019-07-21 19:33:00,-0.2935177213446991
2019-07-21 19:36:00,-0.16212348466729054
2019-07-21 19:39:00,-0.20132383161814005
2019-07-21 19:42:00,-0.18210672464618938
2019-07-21 19:45:00,-0.18213614393789612
2019-07-21 19:48:00,-0.16493666414521613
2019-07-21 19:51:00,-0.20440210856122576
2019-07-21 19:54:00,-0.19679423069601398
2019-07-21 19:57:00,-0.10531307149233271
2019-07-21 20:00:00,-0.1005693093256923
2019-07-21 20:03:00,-0.13046826205169282
2019-07-21 20:06:00,-0.06597676655951545
2019-07-21 20:09:00,-0.07791997145756113
2019-07-21 20:12:00,-0.09770147463569856
2019-07-21 20:15:00,-0.08052259029062725
2019-07-21 20:18:00,-0.13682600170574233
2019-07-21 20:21:00,-0.09401390796466558
2019-07-21 20:24:00,-0.11235376286498422
2019-07-21 20:27:00,-0.03516914339604682
2019-07-21 20:30:00,-0.03737340552305568
2019-07-21 20:33:00,-0.08653605199179992
2019-07-21 20:36:00,-0.11935645237656445
2019-07-21 20:39:00,-0.06406719325360655
2019-07-21 20:42:00,-0.15210687367618902
2019-07-21 20:45:00,-0.0627094495113738
2019-07-21 20:48:00,-0.09520091332689162
2019-07-21 20:51:00,-0.04083346599657034
2019-07-21 20:54:00,-0.05019217487182459
2019-07-21 20:57:00,-0.16927447640284754
2019-07-21 21:00:00,-0.0033897600312116083
2019-07-21 21:03:00,-0.015536923689012383
2019-07-21 21:06:00,-0.10815406889616952
2019-07-21 21:09:00,-0.04324147533236555
2019-07-21 21:12:00,-0.040350882728375836
2019-07-21 21:15:00,-0.06698997502388693
2019-07-21 21:18:00,-0.07029074155644821
2019-07-21 21:21:00,0.08948187268623542
2019-07-21 21:24:00,0.0467375336695568
2019-07-21 21:27:00,0.00784153952406541
2019-07-21 21:30:00,-0.06793027226655113
2019-07-21 21:33:00,-0.012262849769399509
2019-07-21 21:36:00,-0.04821137780913887
2019-07-21 21:39:00,0.0587126104715594
2019-07-21 21:42:00,0.09687224232760627
2019-07-21 21:45:00,-0.00489762940003402
2019-07-21 21:48:00,-0.01595813310404992
2019-07-21 21:51:00,0.015995189889167705
2019-07-21 21:54:00,-0.09920678842519237
2019-07-21 21:57:00,-0.09056154080172973
2019-07-21 22:00:00,0.02718726270990146
2019-07-21 22:03:00,0.10842061119871005
2019-07-21 22:06:00,0.054898249998245774
2019-07-21 22:09:00,0.12257229703050143
2019-07-21 22:12:00,0.07826655808605665
2019-07-21 22:15:00,-0.015175274261650884
2019-07-21 22:18:00,0.011420448767410107
2019-07-21 22:21:00,0.0028032511871174393
2019-07-21 22:24:00,0.04260053781939632
2019-07-21 22:27:00,0.04848490483527712
2019-07-21 22:30:00,0.09305550335534463
2019-07-21 22:33:00,0.16882221968472777
2019-07-21 22:36:00,0.12327212192917614
2019-07-21 22:39:00,0.12437517495493466
2019-07-21 22:42:00,0.09324650078565355
2019-07-21 22:45:00,0.09116291894775941
2019-07-21 22:48:00,-0.0014474862885549555
2019-07-21 22:51:00,0.0791687689849141
2019-07-21 22:54:00,0.06266317574727509
2019-07-21 22:57:00,0.03802677195233173
2019-07-21 23:00:00,0.02435702915749971
2019-07-21 23:03:00,0.07652743945965312
2019-07-21 23:06:00,0.022972812129182785
2019-07-21 23:09:00,0.01960597315257928
2019-07-21 23:12:00,0.026861663197905727
2019-07-21 23:15:00,-0.008727413805956985
2019-07-21 23:18:00,0.00796542120929189
2019-07-21 23:21:00,-0.008870447971276008
2019-07-21 23:24:00,-0.041750342147679476
2019-07-21 23:27:00,-0.040471632845651584
2019-07-21 23:30:00,0.08806358088457955
2019-07-21 23:33:00,-0.004136609250622314
2019-07-21 23:36:00,-0.028918296371728047
2019-07-21 23:39:00,0.10666142758122987
2019-07-21 23:42:00,0.03736663373257443
2019-07-21 23:45:00,-0.06252708088510417
2019-07-21 23:48:00,0.06417534658083923
2019-07-21 23:51:00,0.032043720764136197
2019-07-21 23:54:00,0.024086840997313175
2019-07-21 23:57:00,0.044922032141698764
2019-07-22 00:00:00,0.07710571823042756
2019-07-22 00:03:00,0.07696101570240899
2019-07-22 00:06:00,0.1377544468148244
2019-07-22 00:09:00,0.11139535233769493
2019-07-22 00:12:00,0.0632111944813687
2019-07-22 00:15:00,0.12071795214319536
2019-07-22 00:18:00,0.08394981255912626
2019-07-22 00:21:00,0.1560426625828768
2019-07-22 00:24:00,0.09354874914987477
2019-07-22 00:27:00,0.026314762667425384
2019-07-22 00:30:00,0.03660164302959856
2019-07-22 00:33:00,-0.005723068375459661
2019-07-22 00:36:00,0.03525758940730839
2019-07-22 00:39:00,0.09829762305457734
2019-07-22 00:42:00,-0.0012950645369187441
2019-07-22 00:45:00,0.03457107680048921
2019-07-22 00:48:00,0.09072076241170635
2019-07-22 00:51:00,0.07615788087645115
2019-07-22 00:54:00,0.04813230350470121
2019-07-22 00:57:00,0.08046388474065225
2019-07-22 01:00:00,0.06430730402928475
2019-07-22 01:03:00,0.05247672669509029
2019-07-22 01:06:00,0.014812374445170917
2019-07-22 01:09:00,0.03694727777553908
2019-07-22 01:12:00,0.04580545858925689
2019-07-22 01:15:00,0.09424821084837731
2019-07-22 01:18:00,0.1421236030036539
2019-07-22 01:21:00,0.13112425741599054
2019-07-22 01:24:00,0.08304848235519557
2019-07-22 01:27:00,0.07154257846661949
2019-07-22 01:30:00,0.12998495054119985
2019-07-22 01:33:00,0.1276635104929369
2019-07-22 01:36:00,0.10801586080316383
2019-07-22 01:39:00,0.17749983163633942
2019-07-22 01:42:00,0.14306163905666835
2019-07-22 01:45:00,0.0367078463755206
2019-07-22 01:48:00,0.1614248210418623
2019-07-22 01:51:00,0.029965295210217846
2019-07-22 01:54:00,0.19354550570830042
2019-07-22 01:57:00,0.021640424557062943
2019-07-22 02:00:00,0.049994828051637796
2019-07-22 02:03:00,0.03310941692262759
2019-07-22 02:06:00,0.1346953494185641
2019-07-22 02:09:00,0.09279160549215248
2019-07-22 02:12:00,0.21868374904892107
2019-07-22 02:15:00,0.14531387996885314
2019-07-22 02:18:00,0.11710192320401802
2019-07-22 02:21:00,0.1528378362214653
2019-07-22 02:24:00,0.2588835872433606
2019-07-22 02:27:00,0.2770049315387837
2019-07-22 02:30:00,0.2145417131054046
2019-07-22 02:33:00,0.09758796370203981
2019-07-22 02:36:00,0.062087266357309545
2019-07-22 02:39:00,0.08390585645457804
2019-07-22 02:42:00,0.14423501003307138
2019-07-22 02:45:00,0.11672600910566189
2019-07-22 02:48:00,0.08602727595223314
2019-07-22 02:51:00,-0.02070912094347932
2019-07-22 02:54:00,0.02305580728273071
2019-07-22 02:57:00,0.03567551339216379
2019-07-22 03:00:00,0.08373056993303862
2019-07-22 03:03:00,0.06165089211833674
2019-07-22 03:06:00,0.15838193983853444
2019-07-22 03:09:00,0.08223352390433547
2019-07-22 03:12:00,0.1201582582459082
2019-07-22 03:15:00,0.11440797279772141
2019-07-22 03:18:00,0.12391786893761036
2019-07-22 03:21:00,0.06801002223460273
2019-07-22 03:24:00,0.04611043310075047
2019-07-22 03:27:00,0.051610680591238633
2019-07-22 03:30:00,0.05175569806698377
2019-07-22 03:33:00,0.03304648196933613
2019-07-22 03:36:00,0.13128196116292656
2019-07-22 03:39:00,0.12406519421625717
2019-07-22 03:42:00,0.14428948327542912
2019-07-22 03:45:00,0.16246061328672567
2019-07-22 03:48:00,0.12118812936239465
2019-07-22 03:51:00,0.1141104303277416
2019-07-22 03:54:00,-0.015944356535158022
2019-07-22 03:57:00,-0.044958395357753034
2019-07-22 04:00:00,0.18233066609161597
2019-07-22 04:03:00,0.1294510594908047
2019-07-22 04:06:00,0.06807888981035148
2019-07-22 04:09:00,0.06374705557476545
2019-07-22 04:12:00,0.19776472673754597
2019-07-22 04:15:00,0.043358814152725245
2019-07-22 04:18:00,0.11670250277387595
2019-07-22 04:21:00,0.11905155540233636
2019-07-22 04:24:00,0.03043198687396398
2019-07-22 04:27:00,0.07005811388467009
2019-07-22 04:30:00,0.02289271663227055
2019-07-22 04:33:00,0.10430042084283286
2019-07-22 04:36:00,0.0598813983809805
2019-07-22 04:39:00,0.029863547530283086
2019-07-22 04:42:00,0.11817886314634052
2019-07-22 04:45:00,0.08189667565409309
2019-07-22 04:48:00,0.06509302781466886
2019-07-22 04:51:00,0.03160414698965042
2019-07-22 04:54:00,0.10143241424157168
2019-07-22 04:57:00,0.11326890973208492
2019-07-22 05:00:00,0.0917594251948799
2019-07-22 05:03:00,0.1649879687166731
2019-07-22 05:06:00,0.1355014498780065
2019-07-22 05:09:00,0.026659058460722918
2019-07-22 05:12:00,0.17487218995887588
2019-07-22 05:15:00,0.11883349827672873
2019-07-22 05:18:00,0.12448797624608687
2019-07-22 05:21:00,0.03914009775462546
2019-07-22 05:24:00,0.14419936242705944
2019-07-22 05:27:00,0.029158841629964627
2019-07-22 05:30:00,0.17445594757447225
2019-07-22 05:33:00,0.10916855700418182
2019-07-22 05:36:00,0.1705788078754722
2019-07-22 05:39:00,0.13440484705625977
2019-07-22 05:42:00,0.04413681102181499
2019-07-22 05:45:00,0.03970063659471634
2019-07-22 05:48:00,0.09368320953990406
2019-07-22 05:51:00,0.1235660917358814
2019-07-22 05:54:00,0.0732671223359489
2019-07-22 05:57:00,0.0783877563136457
2019-07-22 06:00:00,0.14619778181548782
2019-07-22 06:03:00,0.09190805325778229
2019-07-22 06:06:00,0.11269818918106012
2019-07-22 06:09:00,0.26793784140943444
2019-07-22 06:12:00,0.21129050959257256
2019-07-22 06:15:00,0.19132000985985087
2019-07-22 06:18:00,0.136652734148754
2019-07-22 06:21:00,0.1437892941507357
2019-07-22 06:24:00,0.014986496529672877
2019-07-22 06:27:00,0.08445822749956733
2019-07-22 06:30:00,0.14037549647446212
2019-07-22 06:33:00,0.020783142105301522
2019-07-22 06:36:00,0.0043567019023953435
2019-07-22 06:39:00,0.035574323918751816
2019-07-22 06:42:00,0.12051401708197318
2019-07-22 06:45:00,0.07532736924292749
2019-07-22 06:48:00,0.12677320657786595
2019-07-22 06:51:00,0.11232861829148533
2019-07-22 06:54:00,-0.020320397394414158
2019-07-22 06:57:00,0.11278078025503646
2019-07-22 07:00:00,0.029102641473286894
2019-07-22 07:03:00,0.12356853688010005
2019-07-22 07:06:00,-9.59389523700338e-05
2019-07-22 07:09:00,0.0580678686122269
2019-07-22 07:12:00,0.08094039102991246
2019-07-22 07:15:00,0.13070488321682205
2019-07-22 07:18:00,0.07253814415770421
2019-07-22 07:21:00,0.059634813992431646
2019-07-22 07:24:00,0.12259724530173344
2019-07-22 07:27:00,0.07149176236754329
2019-07-22 07:30:00,0.11641564841789886
2019-07-22 07:33:00,0.16730538665490258
2019-07-22 07:36:00,0.04175423004210188
2019-07-22 07:39:00,0.12447445913176125
2019-07-22 07:42:00,0.10390382691360855
2019-07-22 07:45:00,0.03875477633494029
2019-07-22 07:48:00,0.10621702729196159
2019-07-22 07:51:00,0.1416561799470628
2019-07-22 07:54:00,0.12206582767271357
2019-07-22 07:57:00,0.07046754172927194
2019-07-22 08:00:00,0.13071213500893464
2019-07-22 08:03:00,0.06010158134847643
2019-07-22 08:06:00,0.004181161388316923
2019-07-22 08:09:00,0.09673007089674002
2019-07-22 08:12:00,0.07545617243766856
2019-07-22 08:15:00,0.06333003930387804
2019-07-22 08:18:00,0.021736973017880246
2019-07-22 08:21:00,-0.035936489370044455
2019-07-22 08:24:00,0.08287943734984538
2019-07-22 08:27:00,0.07853040315177395
2019-07-22 08:30:00,0.11980397656452624
2019-07-22 08:33:00,0.19580584587441763
2019-07-22 08:36:00,0.21543220801834195
2019-07-22 08:39:00,0.16562157676696643
2019-07-22 08:42:00,0.25491861784644243
2019-07-22 08:45:00,0.1718747536324372
2019-07-22 08:48:00,0.22339487000539293
2019-07-22 08:51:00,0.11472947063970196
2019-07-22 08:54:00,0.11913198931239322
2019-07-22 08:57:00,0.10312757108374626
2019-07-22 09:00:00,0.10196957262445494
2019-07-22 09:03:00,0.1007895970507775
2019-07-22 09:06:00,0.11192634058801332
2019-07-22 09:09:00,-0.04858643446101496
2019-07-22 09:12:00,0.15802993365178963
2019-07-22 09:15:00,0.1097652079782847
2019-07-22 09:18:00,0.16100516695257738
2019-07-22 09:21:00,0.16951152173339779
2019-07-22 09:24:00,0.1398586641886368
2019-07-22 09:27:00,0.07128910379458375
2019-07-22 09:30:00,0.026908324591431665
2019-07-22 09:33:00,0.09921077405533651
2019-07-22 09:36:00,0.0225988052025059
2019-07-22 09:39:00,0.035942584923191134
2019-07-22 09:42:00,0.020310564563828848
2019-07-22 09:45:00,0.04455543978622245
2019-07-22 09:48:00,0.06499080768503518
2019-07-22 09:51:00,0.12690913394118297
2019-07-22 09:54:00,0.020760233653788873
2019-07-22 09:57:00,0.07883558721863437
2019-07-22 10:00:00,0.00664061048593112
2019-07-22 10:03:00,0.01436457505258204
2019-07-22 10:06:00,0.07162890930311505
2019-07-22 10:09:00,-0.021276750632864605
2019-07-22 10:12:00,-0.019219351322419698
2019-07-22 10:15:00,-0.0496758283711074
2019-07-22 10:18:00,-0.10528096891016503
2019-07-22 10:21:00,-0.05002578777828148
2019-07-22 10:24:00,-0.040849720895550945
2019-07-22 10:27:00,0.03315662219421256
2019-07-22 10:30:00,-0.07125439092953911
2019-07-22 10:33:00,-0.004500322764783959
2019-07-22 10:36:00,-0.13419365992569965
2019-07-22 10:39:00,-0.09533619926293113
2019-07-22 10:42:00,-0.122515103193507
2019-07-22 10:45:00,-0.03917276941763248
2019-07-22 10:48:00,-0.05823354569560024
2019-07-22 10:51:00,-0.09385086005187304
2019-07-22 10:54:00,-0.09472867621417436
2019-07-22 10:57:00,-0.17068880723383018
2019-07-22 11:00:00,-0.10117336106378616
2019-07-22 11:03:00,-0.18961205969299044
2019-07-22 11:06:00,-0.06428783712357244
2019-07-22 11:09:00,-0.17140454183243037
2019-07-22 11:12:00,-0.2323896244249113
2019-07-22 11:15:00,-0.22176835664743066
2019-07-22 11:18:00,-0.17790214976253083
2019-07-22 11:21:00,-0.17190226203916836
2019-07-22 11:24:00,-0.23155654319418773
2019-07-22 11:27:00,-0.1678479974846141
2019-07-22 11:30:00,-0.12296997579903746
2019-07-22 11:33:00,-0.09843829038754848
2019-07-22 11:36:00,-0.17805903874841533
2019-07-22 11:39:00,-0.26366492621161797
2019-07-22 11:42:00,-0.20636925938441664
2019-07-22 11:45:00,-0.12628900137394794
2019-07-22 11:48:00,-0.21874064270741655
2019-07-22 11:51:00,-0.21007968252041564
2019-07-22 11:54:00,-0.1415580426819929
2019-07-22 11:57:00,-0.2661762323694461
2019-07-22 12:00:00,-0.26599709122814374
2019-07-22 12:03:00,0.0012705631360176994
2019-07-22 12:06:00,-0.022413372731932668
2019-07-22 12:09:00,0.2098325670596637
2019-07-22 12:12:00,0.04545311113685102
2019-07-22 12:15:00,0.19764803458053848
2019-07-22 12:18:00,0.05404137539801468
2019-07-22 12:21:00,0.12678156747602998
2019-07-22 12:24:00,0.15769387680074942
2019-07-22 12:27:00,0.022796968451643806
2019-07-22 12:30:00,-0.08106332617057888
2019-07-22 12:33:00,-0.13175693757222007
2019-07-22 12:36:00,-0.20569610169786756
2019-07-22 12:39:00,-0.21415449244454976
2019-07-22 12:42:00,-0.301024990343592
2019-07-22 12:45:00,-0.2689333003394836
2019-07-22 12:48:00,-0.30177165687592833
2019-07-22 12:51:00,-0.2613772892024713
2019-07-22 12:54:00,-0.19377106355972273
2019-07-22 12:57:00,-0.30880355335187915
2019-07-22 13:00:00,-0.2838023253257802
2019-07-22 13:03:00,-0.34989787562540187
2019-07-22 13:06:00,-0.29530582886440015
2019-07-22 13:09:00,-0.16317324763195984
2019-07-22 13:12:00,-0.2683145600693706
2019-07-22 13:15:00,-0.3360195193318418
2019-07-22 13:18:00,-0.35287551727225264
2019-07-22 13:21:00,-0.29965393160972553
2019-07-22 13:24:00,-0.3756860136214186
2019-07-22 13:27:00,-0.36843703703669917
2019-07-22 13:30:00,-0.36730769207110825
2019-07-22 13:33:00,-0.35408300402474424
2019-07-22 13:36:00,-0.28710475881996445
2019-07-22 13:39:00,-0.43235823331610845
2019-07-22 13:42:00,-0.42006397590483857
2019-07-22 13:45:00,-0.4643540986524499
2019-07-22 13:48:00,-0.31434322460705744
2019-07-22 13:51:00,-0.3834411944883982
2019-07-22 13:54:00,-0.23499579915215918
2019-07-22 13:57:00,-0.27340824601515124
2019-07-22 14:00:00,-0.251755536516157
2019-07-22 14:03:00,-0.2946640270746457
2019-07-22 14:06:00,-0.3163554509393407
2019-07-22 14:09:00,-0.3482948334994944
2019-07-22 14:12:00,-0.2876438482274466
2019-07-22 14:15:00,-0.3919772072153478
2019-07-22 14:18:00,-0.3873540145547736
2019-07-22 14:21:00,-0.38095327154894676
2019-07-22 14:24:00,-0.3903293946606823
2019-07-22 14:27:00,-0.31798757912252995
2019-07-22 14:30:00,-0.17754283113737301
2019-07-22 14:33:00,-0.3553673052142585
2019-07-22 14:36:00,-0.27829791298466944
2019-07-22 14:39:00,-0.16583268098565895
2019-07-22 14:42:00,-0.14704689879886246
2019-07-22 14:45:00,-0.0576124651611849
2019-07-22 14:48:00,-0.10826181863285456
2019-07-22 14:51:00,-0.2523323430153255
2019-07-22 14:54:00,-0.2071931252393142
2019-07-22 14:57:00,-0.26044166965624527
2019-07-22 15:00:00,-0.11005112255389804
2019-07-22 15:03:00,-0.11396604298198554
2019-07-22 15:06:00,-0.023853864794489255
2019-07-22 15:09:00,-0.12570810172650226
2019-07-22 15:12:00,-0.09079140345710357
2019-07-22 15:15:00,-0.08035946727977716
2019-07-22 15:18:00,-0.126102907719428
2019-07-22 15:21:00,-0.21851192809526765
2019-07-22 15:24:00,-0.16438153627041174
2019-07-22 15:27:00,-0.10461430392422244
2019-07-22 15:30:00,-0.28364653241379756
2019-07-22 15:33:00,-0.22347773080883826
2019-07-22 15:36:00,-0.1755821520050631
2019-07-22 15:39:00,-0.11829213078539169
2019-07-22 15:42:00,-0.0063665638140832925
2019-07-22 15:45:00,-0.0028645749250699737
2019-07-22 15:48:00,-0.0904334997752585
2019-07-22 15:51:00,0.05238780354153505
2019-07-22 15:54:00,-0.050828235714277525
2019-07-22 15:57:00,-0.14222598597268643
2019-07-22 16:00:00,-0.15984251016772077
2019-07-22 16:03:00,-0.23018558578809234
2019-07-22 16:06:00,-0.19598591553602773
2019-07-22 16:09:00,-0.15292899695765527
2019-07-22 16:12:00,-0.13644285919775712
2019-07-22 16:15:00,-0.1647505744084583
2019-07-22 16:18:00,-0.2454736660960748
2019-07-22 16:21:00,-0.1388473533440333
2019-07-22 16:24:00,-0.19382442557844115
2019-07-22 16:27:00,-0.18485107887642016
2019-07-22 16:30:00,-0.09987566620623056
2019-07-22 16:33:00,0.019263113731028625
2019-07-22 16:36:00,0.11723301609561076
2019-07-22 16:39:00,-0.010219801267226103
2019-07-22 16:42:00,-0.012701750663950406
2019-07-22 16:45:00,-0.09793161471458234
2019-07-22 16:48:00,-0.015093535626022003
2019-07-22 16:51:00,0.06310100257593376
2019-07-22 16:54:00,-0.026243683696009157
2019-07-22 16:57:00,-0.14911137946239705
2019-07-22 17:00:00,0.1096945924992383
2019-07-22 17:03:00,0.1413116095714031
2019-07-22 17:06:00,0.16774439936449426
2019-07-22 17:09:00,0.11885727046313832
2019-07-22 17:12:00,0.15647923715710021
2019-07-22 17:15:00,0.22733492944240652
2019-07-22 17:18:00,0.2514245058716824
2019-07-22 17:21:00,0.299970419391002
2019-07-22 17:24:00,0.02284683113691699
2019-07-22 17:27:00,-0.05618687440539816
2019-07-22 17:30:00,0.07946124333733451
2019-07-22 17:33:00,0.04587596610338096
2019-07-22 17:36:00,-0.13992814790327657
2019-07-22 17:39:00,-0.012310445265370618
2019-07-22 17:42:00,-0.16628374495934395
2019-07-22 17:45:00,-0.048988460041698545
2019-07-22 17:48:00,-0.11077397800761446
2019-07-22 17:51:00,-0.07898935539412832
2019-07-22 17:54:00,-0.11547785851814751
2019-07-22 17:57:00,-0.187354851428438
2019-07-22 18:00:00,-0.19355314490468345
2019-07-22 18:03:00,-0.1740775731042845
2019-07-22 18:06:00,-0.04477920541387448
2019-07-22 18:09:00,-0.08243019450861766
2019-07-22 18:12:00,-0.01805998783282803
2019-07-22 18:15:00,0.03036742708923157
2019-07-22 18:18:00,0.11061193909915801
2019-07-22 18:21:00,0.17359602478927627
2019-07-22 18:24:00,0.08843751827339474
2019-07-22 18:27:00,0.11407379843166154
2019-07-22 18:30:00,0.10105847765692033
2019-07-22 18:33:00,-0.03468368911757125
2019-07-22 18:36:00,-0.0007359267157767135
2019-07-22 18:39:00,-0.04502779870551876
2019-07-22 18:42:00,-0.04669263024294423
2019-07-22 18:45:00,0.018466840924588723
2019-07-22 18:48:00,0.039679813226257465
2019-07-22 18:51:00,-0.03683242277730869
2019-07-22 18:54:00,0.08017496336151453
2019-07-22 18:57:00,
2019-07-22 19:00:00,
2019-07-22 19:03:00,-0.08203339397636
2019-07-22 19:06:00,0.0027926537302391807
2019-07-22 19:09:00,-0.07400064977440479
2019-07-22 19:12:00,0.08993928685538322
2019-07-22 19:15:00,0.07052089602626666
2019-07-22 19:18:00,0.1486154149187655
2019-07-22 19:21:00,-0.042775976014013395
2019-07-22 19:24:00,-0.05918851559727045
2019-07-22 19:27:00,-0.044253846601236546
2019-07-22 19:30:00,0.0025788650809204228
2019-07-22 19:33:00,0.08099044536902511
2019-07-22 19:36:00,-0.013576500953263348
2019-07-22 19:39:00,0.04548373829385355
2019-07-22 19:42:00,0.046813945723101824
2019-07-22 19:45:00,0.002831062955294783
2019-07-22 19:48:00,0.012990894751624182
2019-07-22 19:51:00,0.00303136926447678
2019-07-22 19:54:00,0.04875185405603588
2019-07-22 19:57:00,-0.003503400375620913
2019-07-22 20:00:00,0.06716405528658242
2019-07-22 20:03:00,0.12666512140498298
2019-07-22 20:06:00,0.05320088972098347
2019-07-22 20:09:00,0.06802294707733836
2019-07-22 20:12:00,0.02774588096036723
2019-07-22 20:15:00,0.057024367442011226
2019-07-22 20:18:00,0.01874184049717087
2019-07-22 20:21:00,0.06139607648577794
2019-07-22 20:24:00,0.017048522476898142
2019-07-22 20:27:00,0.06792048391429262
2019-07-22 20:30:00,0.054636063444036154
2019-07-22 20:33:00,0.04326239992866476
2019-07-22 20:36:00,-0.033229012888455145
2019-07-22 20:39:00,0.08607104345804828
2019-07-22 20:42:00,0.048395738934743804
2019-07-22 20:45:00,0.042046540289788936
2019-07-22 20:48:00,0.041660806615198
2019-07-22 20:51:00,0.09591667045583563
2019-07-22 20:54:00,0.06895980860218742
2019-07-22 20:57:00,0.0690462954216855
2019-07-22 21:00:00,0.124203205432309
2019-07-22 21:03:00,0.02245529038935956
2019-07-22 21:06:00,0.14106897000652907
2019-07-22 21:09:00,0.07824704603723376
2019-07-22 21:12:00,-0.03494882386621612
2019-07-22 21:15:00,-0.002143368195504536
2019-07-22 21:18:00,0.03374092897558967
2019-07-22 21:21:00,0.03450723652463239
2019-07-22 21:24:00,-0.06068912513006808
2019-07-22 21:27:00,0.018328015396832598
2019-07-22 21:30:00,-0.040385510187320506
2019-07-22 21:33:00,0.1061573364280548
2019-07-22 21:36:00,-0.015283469414612227
2019-07-22 21:39:00,0.07878834131736312
2019-07-22 21:42:00,0.13384752800402566
2019-07-22 21:45:00,0.11980964852529041
2019-07-22 21:48:00,0.10913209456771256
2019-07-22 21:51:00,0.1222984079280991
2019-07-22 21:54:00,0.0495995264777207
2019-07-22 21:57:00,0.042715002180671036
2019-07-22 22:00:00,0.04788791137497128
2019-07-22 22:03:00,-0.0440611878413506
2019-07-22 22:06:00,0.03420474234752646
2019-07-22 22:09:00,0.0011712517787714205
2019-07-22 22:12:00,0.009767238135054868
2019-07-22 22:15:00,0.04199801851950724
2019-07-22 22:18:00,0.033588763316345194
2019-07-22 22:21:00,0.0865860896877848
2019-07-22 22:24:00,0.09764571837229141
2019-07-22 22:27:00,-0.007696102068734945
2019-07-22 22:30:00,0.09051950635085859
2019-07-22 22:33:00,0.06730471109722203
2019-07-22 22:36:00,0.09665864944412306
2019-07-22 22:39:00,0.038513826036421506
2019-07-22 22:42:00,0.09106621914872903
2019-07-22 22:45:00,0.03160656498835124
2019-07-22 22:48:00,0.04478116999331405
2019-07-22 22:51:00,0.05013132713827417
2019-07-22 22:54:00,0.15704547370717137
2019-07-22 22:57:00,0.09878667008104003
2019-07-22 23:00:00,0.03567599138995092
2019-07-22 23:03:00,0.17031021870252516
2019-07-22 23:06:00,0.10424329060555237
2019-07-22 23:09:00,0.11961407793143053
2019-07-22 23:12:00,0.12621627666555923
2019-07-22 23:15:00,0.17245518650338454
2019-07-22 23:18:00,0.12219230350422094
2019-07-22 23:21:00,0.05928397286436393
2019-07-22 23:24:00,0.09639272062520376
2019-07-22 23:27:00,0.09488741224646446
2019-07-22 23:30:00,0.15224931333227687
2019-07-22 23:33:00,0.04920691921392972
2019-07-22 23:36:00,0.14480153827679487
2019-07-22 23:39:00,0.047312556342888
2019-07-22 23:42:00,0.10871100194071914
2019-07-22 23:45:00,0.05249585196582984
2019-07-22 23:48:00,0.05180070783018209
2019-07-22 23:51:00,0.1326354646403729
2019-07-22 23:54:00,0.11104545725027037
2019-07-22 23:57:00,0.18862227975955648
2019-07-23 00:00:00,0.1785368350907106
2019-07-23 00:03:00,0.3168285329779792
2019-07-23 00:06:00,0.39066241642433397
2019-07-23 00:09:00,0.3307914790720474
2019-07-23 00:12:00,0.27733466483522307
2019-07-23 00:15:00,0.38949035583033265
2019-07-23 00:18:00,0.41450501375652493
2019-07-23 00:21:00,0.406659378186248
2019-07-23 00:24:00,0.36843492280348755
2019-07-23 00:27:00,0.3333782052350216
2019-07-23 00:30:00,0.34782783632010705
2019-07-23 00:33:00,0.18780287120353023
2019-07-23 00:36:00,0.2611165313450101
2019-07-23 00:39:00,0.2796355328857203
2019-07-23 00:42:00,0.3653077870042125
2019-07-23 00:45:00,0.2890469631715291
2019-07-23 00:48:00,0.1668946966797762
2019-07-23 00:51:00,0.1763469770880306
2019-07-23 00:54:00,0.25734612869604234
2019-07-23 00:57:00,0.27339946392794445
2019-07-23 01:00:00,0.34812915930478994
2019-07-23 01:03:00,0.29241381854666315
2019-07-23 01:06:00,0.33096922296306275
2019-07-23 01:09:00,0.20998741038761182
2019-07-23 01:12:00,0.28179878363818034
2019-07-23 01:15:00,0.2555837251452431
2019-07-23 01:18:00,0.27572358540277264
2019-07-23 01:21:00,0.2673502978276474
2019-07-23 01:24:00,0.28313601603019833
2019-07-23 01:27:00,0.3107117246440225
2019-07-23 01:30:00,0.23626867845598554
2019-07-23 01:33:00,0.20181186980971688
2019-07-23 01:36:00,0.2707364230037683
2019-07-23 01:39:00,0.25619145628252227
2019-07-23 01:42:00,0.252239207778473
2019-07-23 01:45:00,0.35985858353836875
2019-07-23 01:48:00,0.34466497429048104
2019-07-23 01:51:00,0.2891878995641264
2019-07-23 01:54:00,0.3565622795923673
2019-07-23 01:57:00,0.43606928427232106
2019-07-23 02:00:00,0.33398662163568815
2019-07-23 02:03:00,0.415061718456343
2019-07-23 02:06:00,0.39960047390565023
2019-07-23 02:09:00,0.46566921899028557
2019-07-23 02:12:00,0.38920111760410236
2019-07-23 02:15:00,0.33581303836803045
2019-07-23 02:18:00,0.394360351199623
2019-07-23 02:21:00,0.37663952707168846
2019-07-23 02:24:00,0.2981109360279106
2019-07-23 02:27:00,0.385936596650879
2019-07-23 02:30:00,0.40666536360453165
2019-07-23 02:33:00,0.29644909484568416
2019-07-23 02:36:00,0.3411371892631223
2019-07-23 02:39:00,0.39030537647585106
2019-07-23 02:42:00,0.49897145674356125
2019-07-23 02:45:00,0.5243615412819054
2019-07-23 02:48:00,0.5255080317649004
2019-07-23 02:51:00,0.4577639118507477
2019-07-23 02:54:00,0.46940804357257093
2019-07-23 02:57:00,0.5733590843747152
2019-07-23 03:00:00,0.5592811354807736
2019-07-23 03:03:00,0.625208478940408
2019-07-23 03:06:00,0.5925474801817359
2019-07-23 03:09:00,0.5543545413189008
2019-07-23 03:12:00,0.49733140949012977
2019-07-23 03:15:00,0.58787828151128
2019-07-23 03:18:00,0.5568716458470817
2019-07-23 03:21:00,0.5857520843086377
2019-07-23 03:24:00,0.5058563683379589
2019-07-23 03:27:00,0.5638550114761074
2019-07-23 03:30:00,0.5119205153210942
2019-07-23 03:33:00,0.44447625126809953
2019-07-23 03:36:00,0.44818740338484986
2019-07-23 03:39:00,0.4175343011962127
2019-07-23 03:42:00,0.4439814649483651
2019-07-23 03:45:00,0.41238604512193433
2019-07-23 03:48:00,0.4481172645196807
2019-07-23 03:51:00,0.4603853303553933
2019-07-23 03:54:00,0.44061729526714544
2019-07-23 03:57:00,0.36099786604773954
2019-07-23 04:00:00,0.402172577780334
2019-07-23 04:03:00,0.4247513808939516
2019-07-23 04:06:00,0.3817771129135963
2019-07-23 04:09:00,0.41792149609682383
2019-07-23 04:12:00,0.5177495845784392
2019-07-23 04:15:00,0.39239360154249425
2019-07-23 04:18:00,0.44036856030993476
2019-07-23 04:21:00,0.3504371358168328
2019-07-23 04:24:00,0.4526835157888627
2019-07-23 04:27:00,0.45944611538055824
2019-07-23 04:30:00,0.4196716071000992
2019-07-23 04:33:00,0.3984093846456176
2019-07-23 04:36:00,0.4549955889028183
2019-07-23 04:39:00,0.4544047544932823
2019-07-23 04:42:00,0.5129005256443975
2019-07-23 04:45:00,0.4329740357935066
2019-07-23 04:48:00,0.47341391456365045
2019-07-23 04:51:00,0.38190203548936097
2019-07-23 04:54:00,0.4373024458636223
2019-07-23 04:57:00,0.33324884649061914
2019-07-23 05:00:00,0.45044370402149525
2019-07-23 05:03:00,0.35476621061110336
2019-07-23 05:06:00,0.5053720014981309
2019-07-23 05:09:00,0.39318218085901435
2019-07-23 05:12:00,0.4200517934107211
2019-07-23 05:15:00,0.43478709823398276
2019-07-23 05:18:00,0.43760915165745473
2019-07-23 05:21:00,0.35359538980816296
2019-07-23 05:24:00,0.4910559994270898
2019-07-23 05:27:00,0.29736559087564274
2019-07-23 05:30:00,0.38619459989735105
2019-07-23 05:33:00,0.357504819981159
2019-07-23 05:36:00,0.33691137707813823
2019-07-23 05:39:00,0.3636649368801841
2019-07-23 05:42:00,0.4216600177401233
2019-07-23 05:45:00,0.5098796046805774
2019-07-23 05:48:00,0.3692176948495103
2019-07-23 05:51:00,0.43646333867570775
2019-07-23 05:54:00,0.3895842696376235
2019-07-23 05:57:00,0.36488081227713565
2019-07-23 06:00:00,0.38862423486187936
2019-07-23 06:03:00,0.40491574047956647
2019-07-23 06:06:00,0.3585061115674648
2019-07-23 06:09:00,0.32611716928448686
2019-07-23 06:12:00,0.3040338584347637
2019-07-23 06:15:00,0.38327658513020424
2019-07-23 06:18:00,0.41479185244810424
2019-07-23 06:21:00,0.38657078925177757
2019-07-23 06:24:00,0.38056162902495316
2019-07-23 06:27:00,0.4148403190174008
2019-07-23 06:30:00,0.37929998605676474
2019-07-23 06:33:00,0.42346867593403204
2019-07-23 06:36:00,0.4428545130749626
2019-07-23 06:39:00,0.47769931598458015
2019-07-23 06:42:00,0.386158183881264
2019-07-23 06:45:00,0.40858832254463096
2019-07-23 06:48:00,0.3697230048881579
2019-07-23 06:51:00,0.5200228320594533
2019-07-23 06:54:00,0.4494855348968372
2019-07-23 06:57:00,0.38275822421763905
2019-07-23 07:00:00,0.4375204283174412
2019-07-23 07:03:00,0.39593902364271116
2019-07-23 07:06:00,0.47690408030229037
2019-07-23 07:09:00,0.43592107757552867
2019-07-23 07:12:00,0.38644619753637244
2019-07-23 07:15:00,0.38505947283732667
2019-07-23 07:18:00,0.5036579822987051
2019-07-23 07:21:00,0.5119069832123841
2019-07-23 07:24:00,0.4249789725669757
2019-07-23 07:27:00,0.5157962074877105
2019-07-23 07:30:00,0.427944113245303
2019-07-23 07:33:00,0.39853552509555357
2019-07-23 07:36:00,0.507608641409206
2019-07-23 07:39:00,0.4329527384279004
2019-07-23 07:42:00,0.4016144684940173
2019-07-23 07:45:00,0.482102183462473
2019-07-23 07:48:00,0.6065457141560273
2019-07-23 07:51:00,0.714686014232484
2019-07-23 07:54:00,0.48423291638169985
2019-07-23 07:57:00,0.45868935418724277
2019-07-23 08:00:00,0.41026431252902285
2019-07-23 08:03:00,0.3596391082677428
2019-07-23 08:06:00,0.4286360622033385
2019-07-23 08:09:00,0.4126037898121808
2019-07-23 08:12:00,0.38999639251358076
2019-07-23 08:15:00,0.3179900568873677
2019-07-23 08:18:00,0.27335987123325367
2019-07-23 08:21:00,0.16027030903893547
2019-07-23 08:24:00,0.2800756510064275
2019-07-23 08:27:00,0.2513836919040955
2019-07-23 08:30:00,0.30204207720106524
2019-07-23 08:33:00,0.3823279326611555
2019-07-23 08:36:00,0.3106601267436986
2019-07-23 08:39:00,0.2537866375280373
2019-07-23 08:42:00,0.3171415142732599
2019-07-23 08:45:00,0.2563110838163425
2019-07-23 08:48:00,0.22336075807612588
2019-07-23 08:51:00,0.3063599301187878
2019-07-23 08:54:00,0.3149117488953834
2019-07-23 08:57:00,0.19750282940481156
2019-07-23 09:00:00,0.23444899317996715
2019-07-23 09:03:00,0.24011382558870764
2019-07-23 09:06:00,0.1822482352089878
2019-07-23 09:09:00,0.19867957079736698
2019-07-23 09:12:00,0.21124287789484697
2019-07-23 09:15:00,0.22971602644776112
2019-07-23 09:18:00,0.22364410233728904
2019-07-23 09:21:00,0.24266791737636595
2019-07-23 09:24:00,0.26302267114937194
2019-07-23 09:27:00,0.22836803578599074
2019-07-23 09:30:00,0.18403662234698004
2019-07-23 09:33:00,0.17338866705904366
2019-07-23 09:36:00,0.17740360262598642
2019-07-23 09:39:00,0.17002923433074102
2019-07-23 09:42:00,0.1617308838266922
2019-07-23 09:45:00,0.1947958715512641
2019-07-23 09:48:00,0.15082855507938575
2019-07-23 09:51:00,0.1825510349872843
2019-07-23 09:54:00,0.12352570228932791
2019-07-23 09:57:00,0.12632932381058026
2019-07-23 10:00:00,0.12197355246735242
2019-07-23 10:03:00,0.15797605939536652
2019-07-23 10:06:00,0.19827750063330996
2019-07-23 10:09:00,0.12158591568430666
2019-07-23 10:12:00,0.17175662301576722
2019-07-23 10:15:00,0.07864051427890217
2019-07-23 10:18:00,0.2458570085767633
2019-07-23 10:21:00,-0.053495460784688476
2019-07-23 10:24:00,0.15260602079587215
2019-07-23 10:27:00,-0.028790016145990194
2019-07-23 10:30:00,0.06513977303052343
2019-07-23 10:33:00,0.004483807687734043
2019-07-23 10:36:00,0.0865093906223251
2019-07-23 10:39:00,0.12916932476292686
2019-07-23 10:42:00,0.11824222529276085
2019-07-23 10:45:00,-0.051268289036158876
2019-07-23 10:48:00,0.13271470373456395
2019-07-23 10:51:00,-0.05018419050469447
2019-07-23 10:54:00,-0.0020592811608253214
2019-07-23 10:57:00,0.027027601274824065
2019-07-23 11:00:00,0.07293018153904995
2019-07-23 11:03:00,0.08427882578621393
2019-07-23 11:06:00,0.14775800353038449
2019-07-23 11:09:00,0.051661227492445505
2019-07-23 11:12:00,-0.027605180065052082
2019-07-23 11:15:00,0.005097785776001729
2019-07-23 11:18:00,-0.1148442685321811
2019-07-23 11:21:00,0.02768434479685311
2019-07-23 11:24:00,-0.07106155656907731
2019-07-23 11:27:00,-0.09031827401901182
2019-07-23 11:30:00,-0.15536956212707764
2019-07-23 11:33:00,-0.10680278182911707
2019-07-23 11:36:00,-0.1582052344686531
2019-07-23 11:39:00,-0.06760915796388645
2019-07-23 11:42:00,-0.18027949110040709
2019-07-23 11:45:00,-0.16320845903288728
2019-07-23 11:48:00,-0.3024658219634375
2019-07-23 11:51:00,-0.2800422775800371
2019-07-23 11:54:00,-0.2485991255843487
2019-07-23 11:57:00,-0.1615865292527019
2019-07-23 12:00:00,-0.11123966597250501
2019-07-23 12:03:00,-0.2127190724069692
2019-07-23 12:06:00,-0.1562202570195268
2019-07-23 12:09:00,-0.19524726623382094
2019-07-23 12:12:00,-0.17009326946657666
2019-07-23 12:15:00,-0.2993922717082569
2019-07-23 12:18:00,-0.23008432762145503
2019-07-23 12:21:00,-0.2256275084445747
2019-07-23 12:24:00,-0.1027204328456719
2019-07-23 12:27:00,-0.21102357044685505
2019-07-23 12:30:00,-0.3072919949763673
2019-07-23 12:33:00,-0.1738168264542992
2019-07-23 12:36:00,-0.21587972802080913
2019-07-23 12:39:00,-0.3221756564772704
2019-07-23 12:42:00,-0.2596347920451194
2019-07-23 12:45:00,-0.20920287295047046
2019-07-23 12:48:00,-0.07258406935272887
2019-07-23 12:51:00,-0.1081468287659959
2019-07-23 12:54:00,-0.21064680442884764
2019-07-23 12:57:00,0.08696334924837856
2019-07-23 13:00:00,-0.1675988215729376
2019-07-23 13:03:00,-0.33416677241569914
2019-07-23 13:06:00,-0.3268711883048354
2019-07-23 13:09:00,-0.262415943940141
2019-07-23 13:12:00,-0.3262179409267105
2019-07-23 13:15:00,-0.14425139408945142
2019-07-23 13:18:00,-0.13787624424941214
2019-07-23 13:21:00,-0.1488603280469647
2019-07-23 13:24:00,-0.11006320533880398
2019-07-23 13:27:00,-0.22644469018899827
2019-07-23 13:30:00,-0.26411942068870076
2019-07-23 13:33:00,-0.3790432498271912
2019-07-23 13:36:00,-0.3174976921461621
2019-07-23 13:39:00,-0.3899211798358806
2019-07-23 13:42:00,-0.2625194093257619
2019-07-23 13:45:00,-0.24593251805401906
2019-07-23 13:48:00,-0.2791250166922623
2019-07-23 13:51:00,-0.3429686050879468
2019-07-23 13:54:00,-0.37718742682932316
2019-07-23 13:57:00,-0.4541474757641595
2019-07-23 14:00:00,-0.44006724348901116
2019-07-23 14:03:00,-0.4340234068179143
2019-07-23 14:06:00,-0.4081924248826567
2019-07-23 14:09:00,-0.3659359836376552
2019-07-23 14:12:00,-0.33795379624166344
2019-07-23 14:15:00,-0.346382183702417
2019-07-23 14:18:00,-0.311448622142791
2019-07-23 14:21:00,-0.33559524356405745
2019-07-23 14:24:00,-0.334757319466803
2019-07-23 14:27:00,-0.21648467036146712
2019-07-23 14:30:00,-0.4704656341773443
2019-07-23 14:33:00,-0.4460651495872412
2019-07-23 14:36:00,-0.4027693685909526
2019-07-23 14:39:00,-0.3476157199135059
2019-07-23 14:42:00,-0.3267995832918018
2019-07-23 14:45:00,-0.4748050768290568
2019-07-23 14:48:00,-0.30860222082435484
2019-07-23 14:51:00,-0.4815854098514478
2019-07-23 14:54:00,-0.4002883844659664
2019-07-23 14:57:00,-0.3131573430849812
2019-07-23 15:00:00,-0.31209857453876566
2019-07-23 15:03:00,-0.3676493573418611
2019-07-23 15:06:00,-0.4170545312923082
2019-07-23 15:09:00,-0.36096341174408053
2019-07-23 15:12:00,-0.3293573786373827
2019-07-23 15:15:00,-0.3419711986792322
2019-07-23 15:18:00,-0.3885469256750298
2019-07-23 15:21:00,-0.3961108422312236
2019-07-23 15:24:00,-0.3469055227367903
2019-07-23 15:27:00,-0.43263604107733045
2019-07-23 15:30:00,-0.3063658900566111
2019-07-23 15:33:00,-0.24256321256990532
2019-07-23 15:36:00,-0.25235739802519674
2019-07-23 15:39:00,-0.3404314065485323
2019-07-23 15:42:00,-0.3931459493288685
2019-07-23 15:45:00,-0.18080113963344502
2019-07-23 15:48:00,-0.3417001286302366
2019-07-23 15:51:00,-0.3565003238199438
2019-07-23 15:54:00,-0.4200543457203594
2019-07-23 15:57:00,-0.43829524267971465
2019-07-23 16:00:00,-0.3314877632060984
2019-07-23 16:03:00,-0.3367584067102598
2019-07-23 16:06:00,-0.3364939864458165
2019-07-23 16:09:00,-0.3786827658767038
2019-07-23 16:12:00,-0.36256068502626704
2019-07-23 16:15:00,-0.35491147273842216
2019-07-23 16:18:00,-0.3459226857335125
2019-07-23 16:21:00,-0.3212252686101351
2019-07-23 16:24:00,-0.2921606548250679
2019-07-23 16:27:00,-0.32667202018933494
2019-07-23 16:30:00,-0.3175936513415536
2019-07-23 16:33:00,-0.36080497762804953
2019-07-23 16:36:00,-0.33809917050126614
2019-07-23 16:39:00,-0.2994220409034938
2019-07-23 16:42:00,-0.29244980184762426
2019-07-23 16:45:00,-0.3965704648558699
2019-07-23 16:48:00,-0.3169721989477807
2019-07-23 16:51:00,-0.3551407833693361
2019-07-23 16:54:00,-0.41806737202534805
2019-07-23 16:57:00,-0.3188206098486148
2019-07-23 17:00:00,-0.3785495745605658
2019-07-23 17:03:00,-0.2958047450441086
2019-07-23 17:06:00,-0.20417024313718457
2019-07-23 17:09:00,-0.29437000641223676
2019-07-23 17:12:00,-0.31631915468494753
2019-07-23 17:15:00,-0.27152074665178816
2019-07-23 17:18:00,-0.26460594194236364
2019-07-23 17:21:00,-0.2668157743516417
2019-07-23 17:24:00,-0.24958268269858763
2019-07-23 17:27:00,-0.18093696910926838
2019-07-23 17:30:00,-0.21499022549454594
2019-07-23 17:33:00,-0.25959461581089727
2019-07-23 17:36:00,-0.2021120812497088
2019-07-23 17:39:00,-0.3347382845150264
2019-07-23 17:42:00,-0.3016603601948873
2019-07-23 17:45:00,-0.26761060336900755
2019-07-23 17:48:00,-0.2546178741471863
2019-07-23 17:51:00,-0.21613184950558662
2019-07-23 17:54:00,-0.2647906072453452
2019-07-23 17:57:00,-0.3417673854028749
2019-07-23 18:00:00,-0.2943115188248271
2019-07-23 18:03:00,-0.3051274088825835
2019-07-23 18:06:00,-0.22919056863094056
2019-07-23 18:09:00,-0.18369840061126297
2019-07-23 18:12:00,-0.26929114228659046
2019-07-23 18:15:00,-0.15848953099219898
2019-07-23 18:18:00,-0.1756268955579685
2019-07-23 18:21:00,-0.22710009122653219
2019-07-23 18:24:00,-0.22610495653003682
2019-07-23 18:27:00,-0.13161663846557303
2019-07-23 18:30:00,-0.2705991315542633
2019-07-23 18:33:00,-0.25218261001248266
2019-07-23 18:36:00,-0.1886445767765963
2019-07-23 18:39:00,-0.1367297465250772
2019-07-23 18:42:00,-0.13456668633426716
2019-07-23 18:45:00,-0.0038401916704629002
2019-07-23 18:48:00,-0.14063231306744228
2019-07-23 18:51:00,-0.0971380359142131
2019-07-23 18:54:00,
2019-07-23 18:57:00,
2019-07-23 19:00:00,
2019-07-23 19:03:00,-0.009057876716838109
2019-07-23 19:06:00,0.16608756566381544
2019-07-23 19:09:00,0.14700050614902693
2019-07-23 19:12:00,-0.0005990192316289722
2019-07-23 19:15:00,-0.07283795731302689
2019-07-23 19:18:00,0.1473672556169845
2019-07-23 19:21:00,0.12760888192741504
2019-07-23 19:24:00,0.15039494587489344
2019-07-23 19:27:00,0.08184953520850513
2019-07-23 19:30:00,0.04104065542446733
2019-07-23 19:33:00,0.12771313458011946
2019-07-23 19:36:00,0.26237701906467237
2019-07-23 19:39:00,0.11873943092308537
2019-07-23 19:42:00,0.17424881900933542
2019-07-23 19:45:00,0.15484304278606942
2019-07-23 19:48:00,0.01890951642985783
2019-07-23 19:51:00,0.04374859379811369
2019-07-23 19:54:00,0.08526764626901695
2019-07-23 19:57:00,0.09026540611881728
2019-07-23 20:00:00,-0.04855687875908643
2019-07-23 20:03:00,-0.013653132432011716
2019-07-23 20:06:00,-0.029980944262888443
2019-07-23 20:09:00,0.11241827190491449
2019-07-23 20:12:00,0.0138725477751791
2019-07-23 20:15:00,0.034386223291448914
2019-07-23 20:18:00,0.03259294633784293
2019-07-23 20:21:00,0.1816153531192981
2019-07-23 20:24:00,0.13159302424912767
2019-07-23 20:27:00,0.20704691006460507
2019-07-23 20:30:00,0.32324655530374
2019-07-23 20:33:00,0.4503412359579215
2019-07-23 20:36:00,0.3262537646061787
2019-07-23 20:39:00,0.19760024056932934
2019-07-23 20:42:00,0.16664358795696899
2019-07-23 20:45:00,0.0878738624656421
2019-07-23 20:48:00,0.3372393802087572
2019-07-23 20:51:00,0.38649093981990745
2019-07-23 20:54:00,0.24066219782440612
2019-07-23 20:57:00,0.267920482549016
2019-07-23 21:00:00,0.13326369939517235
2019-07-23 21:03:00,0.13534602644602955
2019-07-23 21:06:00,0.07401921551451096
2019-07-23 21:09:00,0.027547963378538043
2019-07-23 21:12:00,0.02188884085472864
2019-07-23 21:15:00,0.1362917610452996
2019-07-23 21:18:00,0.16358440411448782
2019-07-23 21:21:00,0.10639555460841166
2019-07-23 21:24:00,0.12268257077067801
2019-07-23 21:27:00,0.07638025250281544
2019-07-23 21:30:00,-0.002745193268140156
2019-07-23 21:33:00,0.092007148655739
2019-07-23 21:36:00,0.0949898767625541
2019-07-23 21:39:00,0.06409466054742552
2019-07-23 21:42:00,0.02910984298182484
2019-07-23 21:45:00,0.05654521440015969
2019-07-23 21:48:00,0.10418543904506805
2019-07-23 21:51:00,0.07608714481403922
2019-07-23 21:54:00,0.18553104246541352
2019-07-23 21:57:00,0.06805980809212997
2019-07-23 22:00:00,0.18907549507218846
2019-07-23 22:03:00,0.11282212318576512
2019-07-23 22:06:00,0.08115425943225318
2019-07-23 22:09:00,0.2559140341600141
2019-07-23 22:12:00,0.1733054230073776
2019-07-23 22:15:00,0.1931426097330018
2019-07-23 22:18:00,0.06057953795055937
2019-07-23 22:21:00,0.19545644388773553
2019-07-23 22:24:00,0.1541463909337608
2019-07-23 22:27:00,0.22063388467574896
2019-07-23 22:30:00,0.23398876807351598
2019-07-23 22:33:00,0.15634547405647936
2019-07-23 22:36:00,0.25371623826862333
2019-07-23 22:39:00,0.11587810338647841
2019-07-23 22:42:00,0.13043675749412387
2019-07-23 22:45:00,0.13258604274017216
2019-07-23 22:48:00,0.07378950593692934
2019-07-23 22:51:00,0.1298834113964631
2019-07-23 22:54:00,0.23191961816024786
2019-07-23 22:57:00,0.1483845929457175
2019-07-23 23:00:00,0.21614990923603727
2019-07-23 23:03:00,0.17477572789124451
2019-07-23 23:06:00,0.22131426730953763
2019-07-23 23:09:00,0.2390505879515672
2019-07-23 23:12:00,0.21595404132574458
2019-07-23 23:15:00,0.19250941951793266
2019-07-23 23:18:00,0.1686818223719797
2019-07-23 23:21:00,0.19014702291718777
2019-07-23 23:24:00,0.12198271588090392
2019-07-23 23:27:00,0.21704576755035987
2019-07-23 23:30:00,0.15838641307925627
2019-07-23 23:33:00,0.22658830618343018
2019-07-23 23:36:00,0.17952522133026605
2019-07-23 23:39:00,0.15960175458707226
2019-07-23 23:42:00,0.15692026809250592
2019-07-23 23:45:00,0.11431282456351255
2019-07-23 23:48:00,0.2124516947606594
2019-07-23 23:51:00,0.2574282583440777
2019-07-23 23:54:00,0.286453016161488
2019-07-23 23:57:00,0.13975325174340014
2019-07-24 00:00:00,0.11974338800928308
2019-07-24 00:03:00,0.10156187298804298
2019-07-24 00:06:00,0.035687654957087034
2019-07-24 00:09:00,0.06719235616765218
2019-07-24 00:12:00,0.19999472470504998
2019-07-24 00:15:00,0.146848882144468
2019-07-24 00:18:00,-0.015334317621750415
2019-07-24 00:21:00,0.20666533587876756
2019-07-24 00:24:00,0.19092488068582725
2019-07-24 00:27:00,0.24526981891580135
2019-07-24 00:30:00,0.20506584584637721
2019-07-24 00:33:00,0.10080979299425508
2019-07-24 00:36:00,0.1606780439089448
2019-07-24 00:39:00,0.11342384449199017
2019-07-24 00:42:00,0.2195730019290636
2019-07-24 00:45:00,0.09791887296495361
2019-07-24 00:48:00,0.1485815570974296
2019-07-24 00:51:00,0.10051742012990417
2019-07-24 00:54:00,0.15997346283478464
2019-07-24 00:57:00,0.04843415498453396
2019-07-24 01:00:00,0.22148391516361698
2019-07-24 01:03:00,0.18631951586115747
2019-07-24 01:06:00,0.1210586437395591
2019-07-24 01:09:00,0.16294013115418693
2019-07-24 01:12:00,0.17646871277105447
2019-07-24 01:15:00,0.17929736769843885
2019-07-24 01:18:00,0.2823551290913997
2019-07-24 01:21:00,0.17431431426052768
2019-07-24 01:24:00,0.1507104245219466
2019-07-24 01:27:00,0.2528376286099956
2019-07-24 01:30:00,0.07438717614462576
2019-07-24 01:33:00,0.17735950875692197
2019-07-24 01:36:00,0.24858713690616696
2019-07-24 01:39:00,0.07527897088937152
2019-07-24 01:42:00,0.1279309463379832
2019-07-24 01:45:00,0.23108124809328956
2019-07-24 01:48:00,0.1470957047069419
2019-07-24 01:51:00,0.1886945938888971
2019-07-24 01:54:00,0.22268707904498797
2019-07-24 01:57:00,0.263660020255827
2019-07-24 02:00:00,0.11782551622951587
2019-07-24 02:03:00,0.23152140755797745
2019-07-24 02:06:00,0.24951415645205088
2019-07-24 02:09:00,0.19850667308384118
2019-07-24 02:12:00,0.23142792854491745
2019-07-24 02:15:00,0.12664051870393678
2019-07-24 02:18:00,0.2157055705558264
2019-07-24 02:21:00,0.17005032580561874
2019-07-24 02:24:00,0.1469305324170591
2019-07-24 02:27:00,0.18996028762165906
2019-07-24 02:30:00,0.08469909620026783
2019-07-24 02:33:00,0.16477507003651226
2019-07-24 02:36:00,0.11232181781343797
2019-07-24 02:39:00,0.20101791127933666
2019-07-24 02:42:00,0.1558151147727358
2019-07-24 02:45:00,0.2965628880409099
2019-07-24 02:48:00,0.24193728750663013
2019-07-24 02:51:00,0.14648057810205728
2019-07-24 02:54:00,0.22806945750244267
2019-07-24 02:57:00,0.19947298647872458
2019-07-24 03:00:00,0.27925851381354505
2019-07-24 03:03:00,0.20613742088011122
2019-07-24 03:06:00,0.3235901392033611
2019-07-24 03:09:00,0.30291554421870615
2019-07-24 03:12:00,0.22126332690561412
2019-07-24 03:15:00,0.30524966541798904
2019-07-24 03:18:00,0.3117259506286132
2019-07-24 03:21:00,0.24173721766953804
2019-07-24 03:24:00,0.28555234113355255
2019-07-24 03:27:00,0.3861898503722614
2019-07-24 03:30:00,0.22178651049802056
2019-07-24 03:33:00,0.30069422257520273
2019-07-24 03:36:00,0.3630495530089206
2019-07-24 03:39:00,0.3246727267178926
2019-07-24 03:42:00,0.19153888217965687
2019-07-24 03:45:00,0.34431930793437004
2019-07-24 03:48:00,0.3497245441353698
2019-07-24 03:51:00,0.31749711507433176
2019-07-24 03:54:00,0.3089681596645164
2019-07-24 03:57:00,0.34045392519294637
2019-07-24 04:00:00,0.285066570566471
2019-07-24 04:03:00,0.2696472018642453
2019-07-24 04:06:00,0.23403001993460748
2019-07-24 04:09:00,0.18630800401660963
2019-07-24 04:12:00,0.21748283134638768
2019-07-24 04:15:00,0.23850474074941985
2019-07-24 04:18:00,0.25453944675450657
2019-07-24 04:21:00,0.2579167035335672
2019-07-24 04:24:00,0.24791713920654956
2019-07-24 04:27:00,0.2931464295144792
2019-07-24 04:30:00,0.30290808080093257
2019-07-24 04:33:00,0.23909744457046145
2019-07-24 04:36:00,0.36214341430672903
2019-07-24 04:39:00,0.26624332748633606
2019-07-24 04:42:00,0.3384415247772381
2019-07-24 04:45:00,0.4252860961571514
2019-07-24 04:48:00,0.2384338940375983
2019-07-24 04:51:00,0.268160222274787
2019-07-24 04:54:00,0.29676859660423816
2019-07-24 04:57:00,0.2911677587705981
2019-07-24 05:00:00,0.2956233126943175
2019-07-24 05:03:00,0.3522711260862934
2019-07-24 05:06:00,0.2726498437335181
2019-07-24 05:09:00,0.2654308992576375
2019-07-24 05:12:00,0.2634369861944492
2019-07-24 05:15:00,0.36087517308317274
2019-07-24 05:18:00,0.22960476336055535
2019-07-24 05:21:00,0.2773922440367187
2019-07-24 05:24:00,0.23816176088428165
2019-07-24 05:27:00,0.3583274734641009
2019-07-24 05:30:00,0.30629903482844156
2019-07-24 05:33:00,0.2987492279246453
2019-07-24 05:36:00,0.4048712848240825
2019-07-24 05:39:00,0.37348387037309294
2019-07-24 05:42:00,0.23726295187202595
2019-07-24 05:45:00,0.2881372814438805
2019-07-24 05:48:00,0.2030061839647601
2019-07-24 05:51:00,0.35998431198856906
2019-07-24 05:54:00,0.28770520296683344
2019-07-24 05:57:00,0.2848086304683193
2019-07-24 06:00:00,0.403959674765872
2019-07-24 06:03:00,0.3484655467041762
2019-07-24 06:06:00,0.31327875646411485
2019-07-24 06:09:00,0.352371140591913
2019-07-24 06:12:00,0.3319088004268451
2019-07-24 06:15:00,0.36722939893218154
2019-07-24 06:18:00,0.3328497409404463
2019-07-24 06:21:00,0.4091668588420134
2019-07-24 06:24:00,0.3156636189791584
2019-07-24 06:27:00,0.36855776571292154
2019-07-24 06:30:00,0.43204071828859014
2019-07-24 06:33:00,0.3844347546098561
2019-07-24 06:36:00,0.3230130140518668
2019-07-24 06:39:00,0.43860724321467615
2019-07-24 06:42:00,0.42070909198787376
2019-07-24 06:45:00,0.32461607098434797
2019-07-24 06:48:00,0.40297844076189904
2019-07-24 06:51:00,0.4470568293844508
2019-07-24 06:54:00,0.3751354894133101
2019-07-24 06:57:00,0.40119003168302925
2019-07-24 07:00:00,0.39876158947657814
2019-07-24 07:03:00,0.3213792286105672
2019-07-24 07:06:00,0.2825387498027112
2019-07-24 07:09:00,0.47353612215283647
2019-07-24 07:12:00,0.4359789890422121
2019-07-24 07:15:00,0.31977352771161804
2019-07-24 07:18:00,0.37992461412761713
2019-07-24 07:21:00,0.2271380415526778
2019-07-24 07:24:00,0.3184764956315007
2019-07-24 07:27:00,0.3481402635376867
2019-07-24 07:30:00,0.45715833883758705
2019-07-24 07:33:00,0.38345729596181855
2019-07-24 07:36:00,0.35785391847969095
2019-07-24 07:39:00,0.3134734423346117
2019-07-24 07:42:00,0.29345820203542416
2019-07-24 07:45:00,0.30749893318392196
2019-07-24 07:48:00,0.3978967722903235
2019-07-24 07:51:00,0.3325601961178677
2019-07-24 07:54:00,0.283449772408062
2019-07-24 07:57:00,0.34019442103721076
2019-07-24 08:00:00,0.34439889723006445
2019-07-24 08:03:00,0.3688561265774979
2019-07-24 08:06:00,0.282272943415137
2019-07-24 08:09:00,0.28300458832660524
2019-07-24 08:12:00,0.256399573641545
2019-07-24 08:15:00,0.2779284544274674
2019-07-24 08:18:00,0.2837185762033414
2019-07-24 08:21:00,0.2929384476729524
2019-07-24 08:24:00,0.237036226621683
2019-07-24 08:27:00,0.36772747442461196
2019-07-24 08:30:00,0.26143368130345834
2019-07-24 08:33:00,0.31016114515387017
2019-07-24 08:36:00,0.22006243297141737
2019-07-24 08:39:00,0.25843272364102177
2019-07-24 08:42:00,0.3401816392875503
2019-07-24 08:45:00,0.188117177712968
2019-07-24 08:48:00,0.3206851225165792
2019-07-24 08:51:00,0.23484659951623144
2019-07-24 08:54:00,0.1792111778364074
2019-07-24 08:57:00,0.22930745583181533
2019-07-24 09:00:00,0.1541213718460881
2019-07-24 09:03:00,0.15026671089890442
2019-07-24 09:06:00,0.18062615357371214
2019-07-24 09:09:00,0.15563105579605008
2019-07-24 09:12:00,0.150945555797648
2019-07-24 09:15:00,0.1000921002359405
2019-07-24 09:18:00,0.13317882777442946
2019-07-24 09:21:00,0.14381659646539902
2019-07-24 09:24:00,0.11269107893963337
2019-07-24 09:27:00,0.1110178342963195
2019-07-24 09:30:00,0.08124054091103972
2019-07-24 09:33:00,0.09410365788153285
2019-07-24 09:36:00,0.06254968494448576
2019-07-24 09:39:00,0.10481012554544122
2019-07-24 09:42:00,0.2093084872461759
2019-07-24 09:45:00,0.1732054073826248
2019-07-24 09:48:00,0.03443956125266823
2019-07-24 09:51:00,0.19199988073404484
2019-07-24 09:54:00,0.07015888083719801
2019-07-24 09:57:00,0.06754909023152322
2019-07-24 10:00:00,0.0896454931321955
2019-07-24 10:03:00,0.0816188857716611
2019-07-24 10:06:00,0.057228000629550024
2019-07-24 10:09:00,0.1259397608724271
2019-07-24 10:12:00,0.07838579150643454
2019-07-24 10:15:00,-0.03155484712374346
2019-07-24 10:18:00,-0.061949545824404595
2019-07-24 10:21:00,-0.025264249014355755
2019-07-24 10:24:00,-0.04069700455778502
2019-07-24 10:27:00,-0.06101298090442242
2019-07-24 10:30:00,0.07794418372259315
2019-07-24 10:33:00,-0.0468864887923246
2019-07-24 10:36:00,-0.0866606389783442
2019-07-24 10:39:00,-0.05221168725830694
2019-07-24 10:42:00,-0.11759137900622818
2019-07-24 10:45:00,-0.007105238544625081
2019-07-24 10:48:00,-0.04118863563581954
2019-07-24 10:51:00,-0.12000815483639826
2019-07-24 10:54:00,-0.05369044177729165
2019-07-24 10:57:00,-0.21483458613022322
2019-07-24 11:00:00,-0.16068299403019637
2019-07-24 11:03:00,-0.18135572333477512
2019-07-24 11:06:00,-0.16453546038775357
2019-07-24 11:09:00,-0.19314945931517968
2019-07-24 11:12:00,-0.1369926667599657
2019-07-24 11:15:00,-0.09133223393632761
2019-07-24 11:18:00,-0.0793138899420569
2019-07-24 11:21:00,-0.14019833632619338
2019-07-24 11:24:00,-0.06843757907557801
2019-07-24 11:27:00,-0.06380908237912308
2019-07-24 11:30:00,-0.06117800563004039
2019-07-24 11:33:00,-0.0518564459874824
2019-07-24 11:36:00,-0.04932859934473299
2019-07-24 11:39:00,-0.15110531509765224
2019-07-24 11:42:00,-0.077652590537582
2019-07-24 11:45:00,-0.14874412319795738
2019-07-24 11:48:00,-0.1615835250299824
2019-07-24 11:51:00,-0.07403883239697961
2019-07-24 11:54:00,-0.11313639250346341
2019-07-24 11:57:00,-0.04988693256115084
2019-07-24 12:00:00,-0.13283073229860065
2019-07-24 12:03:00,-0.21489584995242694
2019-07-24 12:06:00,-0.12687270394081906
2019-07-24 12:09:00,-0.18979362306720304
2019-07-24 12:12:00,-0.08978933407865952
2019-07-24 12:15:00,-0.12883102952400804
2019-07-24 12:18:00,-0.10678174575315325
2019-07-24 12:21:00,-0.060071634945359165
2019-07-24 12:24:00,-0.10152514544699898
2019-07-24 12:27:00,-0.14527936436098798
2019-07-24 12:30:00,-0.12029741234658786
2019-07-24 12:33:00,-0.14028199609180092
2019-07-24 12:36:00,-0.09733440895934109
2019-07-24 12:39:00,-0.18673929919822285
2019-07-24 12:42:00,-0.11262479792316071
2019-07-24 12:45:00,-0.12889726387885503
2019-07-24 12:48:00,-0.07483219691181375
2019-07-24 12:51:00,-0.1562210096377612
2019-07-24 12:54:00,-0.1909055414547538
2019-07-24 12:57:00,-0.1287152341010369
2019-07-24 13:00:00,-0.09545819656204912
2019-07-24 13:03:00,-0.13784596576567765
2019-07-24 13:06:00,-0.22282822530735302
2019-07-24 13:09:00,-0.29086040530791024
2019-07-24 13:12:00,-0.2333294452293444
2019-07-24 13:15:00,-0.1937996217637874
2019-07-24 13:18:00,-0.281401454393972
2019-07-24 13:21:00,-0.22956323400086376
2019-07-24 13:24:00,-0.2685896638390659
2019-07-24 13:27:00,-0.24382237273886176
2019-07-24 13:30:00,-0.35514996631081885
2019-07-24 13:33:00,-0.2606605388047001
2019-07-24 13:36:00,-0.42101909142081695
2019-07-24 13:39:00,-0.4312025099953871
2019-07-24 13:42:00,-0.23290194388215468
2019-07-24 13:45:00,-0.28720078511656766
2019-07-24 13:48:00,-0.27598826437088064
2019-07-24 13:51:00,-0.3600253095673338
2019-07-24 13:54:00,-0.24587152307532278
2019-07-24 13:57:00,-0.43650372509438284
2019-07-24 14:00:00,-0.36549167410481687
2019-07-24 14:03:00,-0.3270519904220919
2019-07-24 14:06:00,-0.2236327754955596
2019-07-24 14:09:00,-0.2619992975340324
2019-07-24 14:12:00,-0.27271003698729146
2019-07-24 14:15:00,-0.2777547933019946
2019-07-24 14:18:00,-0.2756631078882492
2019-07-24 14:21:00,-0.34530150457618447
2019-07-24 14:24:00,-0.3495766195216561
2019-07-24 14:27:00,-0.29304130994961497
2019-07-24 14:30:00,-0.3836726965600974
2019-07-24 14:33:00,-0.26292298260347025
2019-07-24 14:36:00,-0.1946376329370878
2019-07-24 14:39:00,-0.1436422928360912
2019-07-24 14:42:00,-0.37883917322261595
2019-07-24 14:45:00,-0.39659228025033144
2019-07-24 14:48:00,-0.2877250961917639
2019-07-24 14:51:00,-0.2718185265524653
2019-07-24 14:54:00,-0.15710083754242987
2019-07-24 14:57:00,-0.21106178615423232
2019-07-24 15:00:00,-0.2713861117764509
2019-07-24 15:03:00,-0.19822939528745565
2019-07-24 15:06:00,-0.010774403102288943
2019-07-24 15:09:00,-0.22760498993409328
2019-07-24 15:12:00,-0.20663847501543842
2019-07-24 15:15:00,-0.23411326698851553
2019-07-24 15:18:00,-0.26472955691161815
2019-07-24 15:21:00,-0.2663102810992086
2019-07-24 15:24:00,-0.16180991831402025
2019-07-24 15:27:00,-0.2042734194412219
2019-07-24 15:30:00,-0.2680986835138697
2019-07-24 15:33:00,-0.2238498038404373
2019-07-24 15:36:00,-0.2970181431518313
2019-07-24 15:39:00,-0.29188552918441246
2019-07-24 15:42:00,-0.21033535767526246
2019-07-24 15:45:00,-0.21712312042456006
2019-07-24 15:48:00,-0.18500315840645953
2019-07-24 15:51:00,-0.03893128279423763
2019-07-24 15:54:00,0.09937013992271204
2019-07-24 15:57:00,-0.12381420649955999
2019-07-24 16:00:00,-0.00581520289205173
2019-07-24 16:03:00,-0.07170511875688135
2019-07-24 16:06:00,-0.05488072457325188
2019-07-24 16:09:00,0.029527950937222158
2019-07-24 16:12:00,0.03556372086069359
2019-07-24 16:15:00,0.12293155700240277
2019-07-24 16:18:00,0.18018007208951303
2019-07-24 16:21:00,0.17974732071792232
2019-07-24 16:24:00,0.20684267295285963
2019-07-24 16:27:00,0.19242943565279802
2019-07-24 16:30:00,0.11414393039444803
2019-07-24 16:33:00,0.09447063207210249
2019-07-24 16:36:00,0.058204113174042504
2019-07-24 16:39:00,-0.03971825383291616
2019-07-24 16:42:00,-0.012722242517895666
2019-07-24 16:45:00,-0.047257893773462456
2019-07-24 16:48:00,0.0037663385898554225
2019-07-24 16:51:00,0.13594162330485915
2019-07-24 16:54:00,0.15517849695942232
2019-07-24 16:57:00,0.20834613805192248
2019-07-24 17:00:00,0.19463844004479824
2019-07-24 17:03:00,0.18342401635476335
2019-07-24 17:06:00,0.12500774787804403
2019-07-24 17:09:00,0.11239262516193094
2019-07-24 17:12:00,0.02586943188822488
2019-07-24 17:15:00,0.08905746101447676
2019-07-24 17:18:00,0.030867415248849284
2019-07-24 17:21:00,0.04614523255338554
2019-07-24 17:24:00,0.0696457914808093
2019-07-24 17:27:00,-0.023079914162792647
2019-07-24 17:30:00,-0.13444992235730524
2019-07-24 17:33:00,-0.08307236903186777
2019-07-24 17:36:00,-0.09121962656058713
2019-07-24 17:39:00,-0.09213654732042187
2019-07-24 17:42:00,-0.15240653003178295
2019-07-24 17:45:00,-0.1352116912830752
2019-07-24 17:48:00,-0.09960715413694743
2019-07-24 17:51:00,-0.16440457482144666
2019-07-24 17:54:00,-0.022324493240375887
2019-07-24 17:57:00,-0.19980003231665933
2019-07-24 18:00:00,-0.17769925120973085
2019-07-24 18:03:00,0.015913378185473448
2019-07-24 18:06:00,-0.012011833364454105
2019-07-24 18:09:00,-0.052603921810941756
2019-07-24 18:12:00,-0.05890822868155965
2019-07-24 18:15:00,-0.03468250705924447
2019-07-24 18:18:00,0.033996925530175304
2019-07-24 18:21:00,0.04489891951061509
2019-07-24 18:24:00,-0.024639648227264388
2019-07-24 18:27:00,-0.0013330598669654137
2019-07-24 18:30:00,-0.037450708490837314
2019-07-24 18:33:00,-0.08081028803002255
2019-07-24 18:36:00,-0.12425258519721183
2019-07-24 18:39:00,-0.07679267785266575
2019-07-24 18:42:00,-0.018651520225319018
2019-07-24 18:45:00,0.0037267687268354166
2019-07-24 18:48:00,-0.0030546093650514194
2019-07-24 18:51:00,-0.020774938642432517
2019-07-24 18:54:00,
2019-07-24 18:57:00,
2019-07-24 19:00:00,
2019-07-24 19:03:00,0.07187882140772217
2019-07-24 19:06:00,0.02727943329352911
2019-07-24 19:09:00,0.05222554395584211
2019-07-24 19:12:00,0.06069177562085315
2019-07-24 19:15:00,0.0877549130223656
2019-07-24 19:18:00,0.036449745336824435
2019-07-24 19:21:00,-0.029613413660456445
2019-07-24 19:24:00,0.07480825366741328
2019-07-24 19:27:00,0.06323068597578185
2019-07-24 19:30:00,0.08553594560237343
2019-07-24 19:33:00,0.12361851590497963
2019-07-24 19:36:00,-0.11720099807291717
2019-07-24 19:39:00,0.0484337778104873
2019-07-24 19:42:00,0.15113139498481587
2019-07-24 19:45:00,0.11137358065320768
2019-07-24 19:48:00,0.06994944819865623
2019-07-24 19:51:00,0.07972040605847042
2019-07-24 19:54:00,0.06983325302593357
2019-07-24 19:57:00,0.06818113735994302
2019-07-24 20:00:00,0.14136997094198023
2019-07-24 20:03:00,0.2075416890153292
2019-07-24 20:06:00,0.15247885577139186
2019-07-24 20:09:00,0.18884965399507792
2019-07-24 20:12:00,0.0975003037436295
2019-07-24 20:15:00,0.17853326511254863
2019-07-24 20:18:00,0.2086765981709391
2019-07-24 20:21:00,0.024007189141457275
2019-07-24 20:24:00,0.03837509867042854
2019-07-24 20:27:00,0.05260641633316254
2019-07-24 20:30:00,0.1183257964319182
2019-07-24 20:33:00,0.029109805989094184
2019-07-24 20:36:00,-0.11925794305091131
2019-07-24 20:39:00,-0.02635166744636308
2019-07-24 20:42:00,0.05004442496624506
2019-07-24 20:45:00,0.004828213668247372
2019-07-24 20:48:00,0.1476244501812971
2019-07-24 20:51:00,-0.00982224408323873
2019-07-24 20:54:00,-0.050125427854197824
2019-07-24 20:57:00,0.03206437505417625
2019-07-24 21:00:00,0.005260070679526052
2019-07-24 21:03:00,-0.0355560948851803
2019-07-24 21:06:00,-0.01547850616617552
2019-07-24 21:09:00,-0.024900131788854196
2019-07-24 21:12:00,-0.048505947944534
2019-07-24 21:15:00,0.002597450594748807
2019-07-24 21:18:00,-0.04870838820249901
2019-07-24 21:21:00,-0.05887768670248761
2019-07-24 21:24:00,-0.0077184704686601435
2019-07-24 21:27:00,0.051221818676481234
2019-07-24 21:30:00,-0.004190969039086667
2019-07-24 21:33:00,0.1307126597684487
2019-07-24 21:36:00,0.11928924273416897
2019-07-24 21:39:00,0.03638358097896344
2019-07-24 21:42:00,0.03698314675460779
2019-07-24 21:45:00,0.07083055413528427
2019-07-24 21:48:00,0.14307824503288202
2019-07-24 21:51:00,0.05415245489450626
2019-07-24 21:54:00,0.014966462938616587
2019-07-24 21:57:00,0.09006439406357458
2019-07-24 22:00:00,0.08628319834122067
2019-07-24 22:03:00,0.11449381835660688
2019-07-24 22:06:00,0.09208903608202945
2019-07-24 22:09:00,0.1565086867938703
2019-07-24 22:12:00,0.1775673008095282
2019-07-24 22:15:00,0.2474101509103548
2019-07-24 22:18:00,0.09439666750739661
2019-07-24 22:21:00,0.20252340094697274
2019-07-24 22:24:00,0.15919010196427053
2019-07-24 22:27:00,0.1758824425999137
2019-07-24 22:30:00,0.1447044273916731
2019-07-24 22:33:00,0.2268730434328745
2019-07-24 22:36:00,0.13643125659314137
2019-07-24 22:39:00,0.17198953948820872
2019-07-24 22:42:00,0.39006255131903345
2019-07-24 22:45:00,0.2087725309534676
2019-07-24 22:48:00,0.12160134541272782
2019-07-24 22:51:00,0.20146626921365396
2019-07-24 22:54:00,0.25228400094312065
2019-07-24 22:57:00,0.3086986603337891
2019-07-24 23:00:00,0.27532223684301016
2019-07-24 23:03:00,0.2644423572500614
2019-07-24 23:06:00,0.3393518835226814
2019-07-24 23:09:00,0.24489098155527245
2019-07-24 23:12:00,0.20580990112097197
2019-07-24 23:15:00,0.13133040014486141
2019-07-24 23:18:00,0.15166198262778607
2019-07-24 23:21:00,0.16379094903908253
2019-07-24 23:24:00,0.10426780414138648
2019-07-24 23:27:00,0.2572987863534877
2019-07-24 23:30:00,0.2980323223994219
2019-07-24 23:33:00,0.21326313099882555
2019-07-24 23:36:00,0.26045827863310933
2019-07-24 23:39:00,0.12470795697186077
2019-07-24 23:42:00,0.21939383554939695
2019-07-24 23:45:00,0.17855587100928005
2019-07-24 23:48:00,0.12176948757257833
2019-07-24 23:51:00,0.10662799334113515
2019-07-24 23:54:00,0.1954198620429679
2019-07-24 23:57:00,0.17514995154448343
2019-07-25 00:00:00,0.17363715240310285
2019-07-25 00:03:00,0.14721811081415126
2019-07-25 00:06:00,0.11604053159965133
2019-07-25 00:09:00,0.1788319730556509
2019-07-25 00:12:00,0.1752586583833704
2019-07-25 00:15:00,0.12009761543328068
2019-07-25 00:18:00,0.21767382509352728
2019-07-25 00:21:00,0.27676494640428473
2019-07-25 00:24:00,0.16403357516145434
2019-07-25 00:27:00,0.22203101994381313
2019-07-25 00:30:00,0.16721599544388255
2019-07-25 00:33:00,0.15165285933369432
2019-07-25 00:36:00,0.24322947947200646
2019-07-25 00:39:00,0.2282418626094227
2019-07-25 00:42:00,0.419262896613418
2019-07-25 00:45:00,0.24188914633674585
2019-07-25 00:48:00,0.2054470876057053
2019-07-25 00:51:00,0.18482508788048335
2019-07-25 00:54:00,0.17928240827859554
2019-07-25 00:57:00,0.21303640434473436
2019-07-25 01:00:00,0.1131911408040196
2019-07-25 01:03:00,0.18683077927897784
2019-07-25 01:06:00,0.22387749540519053
2019-07-25 01:09:00,0.27337880101066503
2019-07-25 01:12:00,0.2339820282807068
2019-07-25 01:15:00,0.18598947833072543
2019-07-25 01:18:00,0.1723246492104522
2019-07-25 01:21:00,0.26256106613817565
2019-07-25 01:24:00,0.24947475259671137
2019-07-25 01:27:00,0.3305474364842098
2019-07-25 01:30:00,0.2652924246971793
2019-07-25 01:33:00,0.20596283415341077
2019-07-25 01:36:00,0.29350449506654286
2019-07-25 01:39:00,0.303593876603486
2019-07-25 01:42:00,0.28723134017906204
2019-07-25 01:45:00,0.21725186263807927
2019-07-25 01:48:00,0.2797102324249181
2019-07-25 01:51:00,0.2524969026560484
2019-07-25 01:54:00,0.36944662994875443
2019-07-25 01:57:00,0.2666217560579298
2019-07-25 02:00:00,0.27334774785805394
2019-07-25 02:03:00,0.29009671585794194
2019-07-25 02:06:00,0.31967454301189946
2019-07-25 02:09:00,0.22190423119656089
2019-07-25 02:12:00,0.31148859665955797
2019-07-25 02:15:00,0.2937752216125773
2019-07-25 02:18:00,0.38557823627706966
2019-07-25 02:21:00,0.22873526179307646
2019-07-25 02:24:00,0.2415783539955214
2019-07-25 02:27:00,0.22249705244337292
2019-07-25 02:30:00,0.24869519408076712
2019-07-25 02:33:00,0.1689478561083888
2019-07-25 02:36:00,0.18253108439262178
2019-07-25 02:39:00,0.26490738081213294
2019-07-25 02:42:00,0.299812722029003
2019-07-25 02:45:00,0.29845042881839845
2019-07-25 02:48:00,0.23292593135255402
2019-07-25 02:51:00,0.25173123478487014
2019-07-25 02:54:00,0.20582574740637938
2019-07-25 02:57:00,0.18082500349157726
2019-07-25 03:00:00,0.25346709345672025
2019-07-25 03:03:00,0.22798553265249666
2019-07-25 03:06:00,0.12806187319478113
2019-07-25 03:09:00,0.2508234038690489
2019-07-25 03:12:00,0.16454254846661343
2019-07-25 03:15:00,0.21856411649150687
2019-07-25 03:18:00,0.30830262145445886
2019-07-25 03:21:00,0.24187164201214273
2019-07-25 03:24:00,0.21488656031135633
2019-07-25 03:27:00,0.25920274305894964
2019-07-25 03:30:00,0.24459795209435242
2019-07-25 03:33:00,0.2736798547476269
2019-07-25 03:36:00,0.20596066518618272
2019-07-25 03:39:00,0.303691540779937
2019-07-25 03:42:00,0.2468928442183369
2019-07-25 03:45:00,0.2301181196894504
2019-07-25 03:48:00,0.2807033296641066
2019-07-25 03:51:00,0.21748779920136485
2019-07-25 03:54:00,0.25224336335912767
2019-07-25 03:57:00,0.2773109699069778
2019-07-25 04:00:00,0.2913731096631409
2019-07-25 04:03:00,0.31210787556858577
2019-07-25 04:06:00,0.28653862955684417
2019-07-25 04:09:00,0.26626705037176635
2019-07-25 04:12:00,0.28089464406252773
2019-07-25 04:15:00,0.30134904749519364
2019-07-25 04:18:00,0.3511315706222149
2019-07-25 04:21:00,0.257786670299879
2019-07-25 04:24:00,0.3500776735318709
2019-07-25 04:27:00,0.37109305238840307
2019-07-25 04:30:00,0.2843200661369565
2019-07-25 04:33:00,0.24847071324893477
2019-07-25 04:36:00,0.32645376902689804
2019-07-25 04:39:00,0.3474204367336142
2019-07-25 04:42:00,0.37577390993197923
2019-07-25 04:45:00,0.3092104426684159
2019-07-25 04:48:00,0.21129292295569257
2019-07-25 04:51:00,0.2602183219851213
2019-07-25 04:54:00,0.4070011341387385
2019-07-25 04:57:00,0.3030000701646145
2019-07-25 05:00:00,0.2950443874236157
2019-07-25 05:03:00,0.23865283691480954
2019-07-25 05:06:00,0.30469656472905626
2019-07-25 05:09:00,0.3046742633464419
2019-07-25 05:12:00,0.29806047843356964
2019-07-25 05:15:00,0.35635831096374204
2019-07-25 05:18:00,0.29385469372050466
2019-07-25 05:21:00,0.32605980134849233
2019-07-25 05:24:00,0.4034966124378343
2019-07-25 05:27:00,0.31278955742357084
2019-07-25 05:30:00,0.41395690438116617
2019-07-25 05:33:00,0.356047847772345
2019-07-25 05:36:00,0.41379125795009486
2019-07-25 05:39:00,0.39223236486884616
2019-07-25 05:42:00,0.2837455695833455
2019-07-25 05:45:00,0.3637993143634617
2019-07-25 05:48:00,0.24917715070404256
2019-07-25 05:51:00,0.3426068448214892
2019-07-25 05:54:00,0.3837179535282189
2019-07-25 05:57:00,0.33313958903505636
2019-07-25 06:00:00,0.4169782828031998
2019-07-25 06:03:00,0.30159301721363363
2019-07-25 06:06:00,0.37211129422752265
2019-07-25 06:09:00,0.2906335478537585
2019-07-25 06:12:00,0.41118057793272556
2019-07-25 06:15:00,0.30781419690566736
2019-07-25 06:18:00,0.3368718073869559
2019-07-25 06:21:00,0.39613889767343835
2019-07-25 06:24:00,0.3900502462209374
2019-07-25 06:27:00,0.3541116441543295
2019-07-25 06:30:00,0.34224844931355847
2019-07-25 06:33:00,0.35358210540658774
2019-07-25 06:36:00,0.40787756419621246
2019-07-25 06:39:00,0.4210132306714627
2019-07-25 06:42:00,0.37415667998317303
2019-07-25 06:45:00,0.369496955909824
2019-07-25 06:48:00,0.39645761632829135
2019-07-25 06:51:00,0.4069673237602842
2019-07-25 06:54:00,0.42848034388674705
2019-07-25 06:57:00,0.4076412438571424
2019-07-25 07:00:00,0.44839902586568314
2019-07-25 07:03:00,0.4377517987845181
2019-07-25 07:06:00,0.3340253012299854
2019-07-25 07:09:00,0.3956079271947033
2019-07-25 07:12:00,0.2891474832974268
2019-07-25 07:15:00,0.430948646097022
2019-07-25 07:18:00,0.3950047162866781
2019-07-25 07:21:00,0.37060353876807994
2019-07-25 07:24:00,0.24414791143129833
2019-07-25 07:27:00,0.36690904590983564
2019-07-25 07:30:00,0.364806758251234
2019-07-25 07:33:00,0.3339495022066785
2019-07-25 07:36:00,0.4237486696721362
2019-07-25 07:39:00,0.296896741450837
2019-07-25 07:42:00,0.34317538585247576
2019-07-25 07:45:00,0.3100628598823505
2019-07-25 07:48:00,0.4037437252717382
2019-07-25 07:51:00,0.2648045557180012
2019-07-25 07:54:00,0.40430650727495276
2019-07-25 07:57:00,0.3100004411102759
2019-07-25 08:00:00,0.22907102171245697
2019-07-25 08:03:00,0.2797646126526274
2019-07-25 08:06:00,0.2207599045231632
2019-07-25 08:09:00,0.28482790423663573
2019-07-25 08:12:00,0.36350457472207154
2019-07-25 08:15:00,0.2457775186193203
2019-07-25 08:18:00,0.29732226196790634
2019-07-25 08:21:00,0.3059159308297126
2019-07-25 08:24:00,0.312197167839372
2019-07-25 08:27:00,0.2624609385947565
2019-07-25 08:30:00,0.2138940243192451
2019-07-25 08:33:00,0.09441072988852284
2019-07-25 08:36:00,0.27650581027461385
2019-07-25 08:39:00,0.17734218916859845
2019-07-25 08:42:00,0.18125254717983807
2019-07-25 08:45:00,0.32831860285290304
2019-07-25 08:48:00,0.26660836692747125
2019-07-25 08:51:00,0.23552795454173747
2019-07-25 08:54:00,0.2644643356434244
2019-07-25 08:57:00,0.17709568709426549
2019-07-25 09:00:00,0.08975806708883738
2019-07-25 09:03:00,0.22712761754530675
2019-07-25 09:06:00,0.23509948380097967
2019-07-25 09:09:00,0.13947783177741258
2019-07-25 09:12:00,0.15160060690345745
2019-07-25 09:15:00,0.17250277831919902
2019-07-25 09:18:00,0.1202052188867242
2019-07-25 09:21:00,0.1633211223607418
2019-07-25 09:24:00,0.13906587081476118
2019-07-25 09:27:00,0.07148093488643781
2019-07-25 09:30:00,0.1200100923843479
2019-07-25 09:33:00,0.1547346893242434
2019-07-25 09:36:00,0.048247396232284245
2019-07-25 09:39:00,0.11650879807058345
2019-07-25 09:42:00,0.1547347835254982
2019-07-25 09:45:00,0.00815923144602948
2019-07-25 09:48:00,0.0698229675432458
2019-07-25 09:51:00,0.004814070829013417
2019-07-25 09:54:00,0.028792226860161918
2019-07-25 09:57:00,-0.0041868944264251695
2019-07-25 10:00:00,-0.04640138848026254
2019-07-25 10:03:00,-0.0019601886251052747
2019-07-25 10:06:00,0.03333090784218484
2019-07-25 10:09:00,-0.006338595050749518
2019-07-25 10:12:00,-0.009428856754936987
2019-07-25 10:15:00,0.03247361416777039
2019-07-25 10:18:00,-0.0208002343276803
2019-07-25 10:21:00,-0.0840410106433751
2019-07-25 10:24:00,-0.06846473220599592
2019-07-25 10:27:00,-0.051297916160194745
2019-07-25 10:30:00,-0.020466802123848993
2019-07-25 10:33:00,-0.06622430557769121
2019-07-25 10:36:00,-0.012151153250670177
2019-07-25 10:39:00,-0.18251036322789105
2019-07-25 10:42:00,-0.13180900381496485
2019-07-25 10:45:00,-0.009859714181402524
2019-07-25 10:48:00,-0.12821310188775215
2019-07-25 10:51:00,-0.10835665603332245
2019-07-25 10:54:00,-0.1326638419716346
2019-07-25 10:57:00,-0.0764303174937595
2019-07-25 11:00:00,-0.07716906225817866
2019-07-25 11:03:00,-0.043711832439214504
2019-07-25 11:06:00,-0.15960797485820422
2019-07-25 11:09:00,-0.10562437168402994
2019-07-25 11:12:00,-0.08072078086775036
2019-07-25 11:15:00,-0.15269102883797814
2019-07-25 11:18:00,-0.1164364439400174
2019-07-25 11:21:00,-0.1637361335897367
2019-07-25 11:24:00,-0.07735596747534146
2019-07-25 11:27:00,-0.18369790459956903
2019-07-25 11:30:00,-0.20957030487608108
2019-07-25 11:33:00,-0.13001715814760928
2019-07-25 11:36:00,-0.14567160534045343
2019-07-25 11:39:00,-0.20945389814079363
2019-07-25 11:42:00,-0.10765966355603496
2019-07-25 11:45:00,-0.191642000040531
2019-07-25 11:48:00,-0.11311379102386354
2019-07-25 11:51:00,-0.09857030655155086
2019-07-25 11:54:00,-0.20233409814142078
2019-07-25 11:57:00,-0.1212358439472041
2019-07-25 12:00:00,-0.19693771703975926
2019-07-25 12:03:00,-0.23161724567358988
2019-07-25 12:06:00,-0.2950969213976009
2019-07-25 12:09:00,-0.1744171252082083
2019-07-25 12:12:00,-0.26207199087974686
2019-07-25 12:15:00,-0.14893478594115095
2019-07-25 12:18:00,-0.2102440339231748
2019-07-25 12:21:00,-0.22718633243118802
2019-07-25 12:24:00,-0.2315878848900752
2019-07-25 12:27:00,-0.2199885492356657
2019-07-25 12:30:00,-0.2269075019490856
2019-07-25 12:33:00,-0.18076358963406847
2019-07-25 12:36:00,-0.26407070220227524
2019-07-25 12:39:00,-0.20524496000530235
2019-07-25 12:42:00,-0.1484635512434238
2019-07-25 12:45:00,-0.21496179566292994
2019-07-25 12:48:00,-0.2918831789104388
2019-07-25 12:51:00,-0.11519713166075007
2019-07-25 12:54:00,-0.2614201578226698
2019-07-25 12:57:00,-0.19178455944989992
2019-07-25 13:00:00,-0.33952008073362094
2019-07-25 13:03:00,-0.2367948960211379
2019-07-25 13:06:00,-0.36989566556803766
2019-07-25 13:09:00,-0.3224482577577419
2019-07-25 13:12:00,-0.2243269719974137
2019-07-25 13:15:00,-0.2924419987676288
2019-07-25 13:18:00,-0.2227420956716628
2019-07-25 13:21:00,-0.25244469991173446
2019-07-25 13:24:00,-0.271018868875899
2019-07-25 13:27:00,-0.2876540920864272
2019-07-25 13:30:00,-0.37266936162046704
2019-07-25 13:33:00,-0.2419505077355666
2019-07-25 13:36:00,-0.22512932505719618
2019-07-25 13:39:00,-0.07559776762349202
2019-07-25 13:42:00,-0.20940923244972964
2019-07-25 13:45:00,-0.21793328838464276
2019-07-25 13:48:00,-0.24969500767701902
2019-07-25 13:51:00,-0.18101481140985243
2019-07-25 13:54:00,-0.1675348192836168
2019-07-25 13:57:00,-0.05309218427646556
2019-07-25 14:00:00,-0.1593252306535078
2019-07-25 14:03:00,-0.1165594396348979
2019-07-25 14:06:00,-0.1978369680325045
2019-07-25 14:09:00,-0.3852101024614285
2019-07-25 14:12:00,-0.45877879153016465
2019-07-25 14:15:00,-0.6692832125058317
2019-07-25 14:18:00,-0.3733015457574993
2019-07-25 14:21:00,-0.413610417757468
2019-07-25 14:24:00,-0.580200699308989
2019-07-25 14:27:00,-0.4883543920910256
2019-07-25 14:30:00,-0.501043231594565
2019-07-25 14:33:00,-0.5370925700172506
2019-07-25 14:36:00,-0.403616016586966
2019-07-25 14:39:00,-0.4814831560909738
2019-07-25 14:42:00,-0.3384184313542846
2019-07-25 14:45:00,-0.34138107020436337
2019-07-25 14:48:00,-0.41198325718858086
2019-07-25 14:51:00,-0.3153612886760584
2019-07-25 14:54:00,-0.33289055563415104
2019-07-25 14:57:00,-0.33664362892096733
2019-07-25 15:00:00,-0.31789981267968415
2019-07-25 15:03:00,-0.20618295204189963
2019-07-25 15:06:00,-0.14548403492642592
2019-07-25 15:09:00,-0.3974605571466441
2019-07-25 15:12:00,-0.4071261485582909
2019-07-25 15:15:00,-0.3902546883593345
2019-07-25 15:18:00,-0.25860111044789846
2019-07-25 15:21:00,-0.27910688469194156
2019-07-25 15:24:00,-0.28694271118649795
2019-07-25 15:27:00,-0.41108012614245126
2019-07-25 15:30:00,-0.36421164008970663
2019-07-25 15:33:00,-0.3544750260556384
2019-07-25 15:36:00,-0.3025488496772937
2019-07-25 15:39:00,-0.3862490857618468
2019-07-25 15:42:00,-0.3505411460766936
2019-07-25 15:45:00,-0.362936329184663
2019-07-25 15:48:00,-0.3784033522641721
2019-07-25 15:51:00,-0.4054060487959532
2019-07-25 15:54:00,-0.3331493031852233
2019-07-25 15:57:00,-0.19712078628668905
2019-07-25 16:00:00,-0.2648148562677761
2019-07-25 16:03:00,-0.33732858213147665
2019-07-25 16:06:00,-0.25184589076229713
2019-07-25 16:09:00,-0.3210020992361251
2019-07-25 16:12:00,-0.3458924187996786
2019-07-25 16:15:00,-0.3840578440560307
2019-07-25 16:18:00,-0.23136181749333673
2019-07-25 16:21:00,-0.15803720907490515
2019-07-25 16:24:00,-0.21083722625252221
2019-07-25 16:27:00,-0.22578564123614342
2019-07-25 16:30:00,-0.29865605735744793
2019-07-25 16:33:00,-0.20250186992848285
2019-07-25 16:36:00,-0.21000575594030124
2019-07-25 16:39:00,-0.23221536463512393
2019-07-25 16:42:00,-0.16451926095584213
2019-07-25 16:45:00,-0.304585234050478
2019-07-25 16:48:00,-0.19990035398086548
2019-07-25 16:51:00,-0.2016486494631522
2019-07-25 16:54:00,-0.2776306664295589
2019-07-25 16:57:00,-0.09855195554177953
2019-07-25 17:00:00,-0.15797994767314094
2019-07-25 17:03:00,-0.23495520953804316
2019-07-25 17:06:00,-0.18086670179502562
2019-07-25 17:09:00,-0.19114329432483146
2019-07-25 17:12:00,-0.1805056782515635
2019-07-25 17:15:00,-0.1087643778375309
2019-07-25 17:18:00,-0.11006919019308725
2019-07-25 17:21:00,-0.1102018396868516
2019-07-25 17:24:00,-0.17317794775294715
2019-07-25 17:27:00,-0.10514484904217625
2019-07-25 17:30:00,-0.18099668409661263
2019-07-25 17:33:00,-0.14975067791777974
2019-07-25 17:36:00,-0.1734650531572015
2019-07-25 17:39:00,-0.1203371646235496
2019-07-25 17:42:00,-0.0432796091866976
2019-07-25 17:45:00,-0.12059609643705471
2019-07-25 17:48:00,-0.2415882792926709
2019-07-25 17:51:00,-0.013443076189957992
2019-07-25 17:54:00,-0.08732213498439023
2019-07-25 17:57:00,-0.06679160176560117
2019-07-25 18:00:00,-0.0939038621604027
2019-07-25 18:03:00,-0.12912567147691334
2019-07-25 18:06:00,-0.04207626212718196
2019-07-25 18:09:00,0.1068402726168074
2019-07-25 18:12:00,-0.08918954977991689
2019-07-25 18:15:00,-0.01306989420646687
2019-07-25 18:18:00,-0.07255572018311796
2019-07-25 18:21:00,0.004733527853659325
2019-07-25 18:24:00,0.04434394165565436
2019-07-25 18:27:00,0.07092200650123459
2019-07-25 18:30:00,0.13958083788207887
2019-07-25 18:33:00,0.0010985767244733324
2019-07-25 18:36:00,0.11694947795575672
2019-07-25 18:39:00,0.09990095682309175
2019-07-25 18:42:00,0.08899576528051512
2019-07-25 18:45:00,0.15185775274505886
2019-07-25 18:48:00,0.02429095868717468
2019-07-25 18:51:00,0.11482909302492317
2019-07-25 18:54:00,
2019-07-25 18:57:00,
2019-07-25 19:00:00,
2019-07-25 19:03:00,0.08782597794811409
2019-07-25 19:06:00,0.16325276594449178
2019-07-25 19:09:00,0.22789259174794552
2019-07-25 19:12:00,0.17043868364635273
2019-07-25 19:15:00,0.15093486995215244
2019-07-25 19:18:00,0.22430490824410754
2019-07-25 19:21:00,0.11715201340564363
2019-07-25 19:24:00,0.2597403575902604
2019-07-25 19:27:00,0.19883227943876136
2019-07-25 19:30:00,0.14065435320463848
2019-07-25 19:33:00,0.06357373833776592
2019-07-25 19:36:00,0.08257012919716544
2019-07-25 19:39:00,0.09857290225227189
2019-07-25 19:42:00,0.14253675228223983
2019-07-25 19:45:00,0.08284294167657436
2019-07-25 19:48:00,0.14955647719398257
2019-07-25 19:51:00,0.1445963606964824
2019-07-25 19:54:00,0.068336874940087
2019-07-25 19:57:00,0.13028536608203467
2019-07-25 20:00:00,0.10521809681188188
2019-07-25 20:03:00,0.16044340722584138
2019-07-25 20:06:00,0.0995814919912732
2019-07-25 20:09:00,0.03983610349735045
2019-07-25 20:12:00,0.1544323701772896
2019-07-25 20:15:00,0.015699892674831517
2019-07-25 20:18:00,0.08479278210506891
2019-07-25 20:21:00,0.14955676998368972
2019-07-25 20:24:00,0.13814423786112684
2019-07-25 20:27:00,0.10593547525263602
2019-07-25 20:30:00,0.07873738936899599
2019-07-25 20:33:00,0.1215941663882063
2019-07-25 20:36:00,0.18645839019723098
2019-07-25 20:39:00,0.06828290071996435
2019-07-25 20:42:00,0.09129467632072874
2019-07-25 20:45:00,0.08487915764152376
2019-07-25 20:48:00,0.07903979950714302
2019-07-25 20:51:00,0.09026757247767137
2019-07-25 20:54:00,0.175773316296727
2019-07-25 20:57:00,0.1055475778363757
2019-07-25 21:00:00,0.13412506813949676
2019-07-25 21:03:00,-0.0024492292299669316
2019-07-25 21:06:00,0.08299914293638722
2019-07-25 21:09:00,0.1259390291353384
2019-07-25 21:12:00,-0.0013978945140138421
2019-07-25 21:15:00,0.1614074357724462
2019-07-25 21:18:00,0.19112266799072586
2019-07-25 21:21:00,0.19674881486633922
2019-07-25 21:24:00,0.1533736691218337
2019-07-25 21:27:00,0.16420809285398263
2019-07-25 21:30:00,0.1113119012726429
2019-07-25 21:33:00,0.06915754949284292
2019-07-25 21:36:00,0.10585532214241766
2019-07-25 21:39:00,0.13963379169342716
2019-07-25 21:42:00,0.14793416695869155
2019-07-25 21:45:00,0.12028548166296105
2019-07-25 21:48:00,0.07890178416295157
2019-07-25 21:51:00,0.15342689254413244
2019-07-25 21:54:00,0.04521626359263564
2019-07-25 21:57:00,0.1728615241683542
2019-07-25 22:00:00,0.2617607721880404
2019-07-25 22:03:00,0.15697528163366314
2019-07-25 22:06:00,0.11784391918854453
2019-07-25 22:09:00,0.17705384440802163
2019-07-25 22:12:00,0.12355795054213559
2019-07-25 22:15:00,-0.005983440429588427
2019-07-25 22:18:00,0.07362291394690601
2019-07-25 22:21:00,0.14733342383419767
2019-07-25 22:24:00,0.1863280399826408
2019-07-25 22:27:00,0.1688362589744088
2019-07-25 22:30:00,0.38494094247812427
2019-07-25 22:33:00,0.23787517197030184
2019-07-25 22:36:00,0.32225342443524596
2019-07-25 22:39:00,0.5713427725451652
2019-07-25 22:42:00,0.44211690848379703
2019-07-25 22:45:00,0.1364141893818669
2019-07-25 22:48:00,0.38840153767637275
2019-07-25 22:51:00,0.11929852933928942
2019-07-25 22:54:00,0.15006224802738188
2019-07-25 22:57:00,0.11730351014557527
2019-07-25 23:00:00,0.0038521133666336027
2019-07-25 23:03:00,0.0724230951161644
2019-07-25 23:06:00,0.09237819178400741
2019-07-25 23:09:00,0.17655623889373828
2019-07-25 23:12:00,0.09487341089123902
2019-07-25 23:15:00,0.24319918510815342
2019-07-25 23:18:00,0.26504492326961326
2019-07-25 23:21:00,0.3091474738111515
2019-07-25 23:24:00,0.30423562816713456
2019-07-25 23:27:00,0.3052666063178435
2019-07-25 23:30:00,0.2835232472979783
2019-07-25 23:33:00,0.4017061177034975
2019-07-25 23:36:00,0.279900836051695
2019-07-25 23:39:00,0.26734813277147396
2019-07-25 23:42:00,0.2671559423661165
2019-07-25 23:45:00,0.1243342544643724
2019-07-25 23:48:00,0.2034932495976136
2019-07-25 23:51:00,0.19485987948729644
2019-07-25 23:54:00,0.15460387823179644
2019-07-25 23:57:00,0.18765210884271255
2019-07-26 00:00:00,0.21921986124664272
2019-07-26 00:03:00,0.1930242626581844
2019-07-26 00:06:00,0.12656057526430686
2019-07-26 00:09:00,0.1273642431889357
2019-07-26 00:12:00,0.06909701614580399
2019-07-26 00:15:00,0.05884363661533598
2019-07-26 00:18:00,0.19498426332222607
2019-07-26 00:21:00,0.24317799010697172
2019-07-26 00:24:00,0.24251126656861288
2019-07-26 00:27:00,0.1369828497627168
2019-07-26 00:30:00,0.12325553067040573
2019-07-26 00:33:00,0.0842989646819774
2019-07-26 00:36:00,0.05597956167008533
2019-07-26 00:39:00,0.14928635041911775
2019-07-26 00:42:00,0.07835601912933043
2019-07-26 00:45:00,0.10248084632820564
2019-07-26 00:48:00,0.08722670784158026
2019-07-26 00:51:00,0.12136981518438006
2019-07-26 00:54:00,0.03396533647213573
2019-07-26 00:57:00,0.1447655223951756
2019-07-26 01:00:00,-0.03694386851134368
2019-07-26 01:03:00,0.12440926617739478
2019-07-26 01:06:00,0.08214364014770581
2019-07-26 01:09:00,0.17531488097074543
2019-07-26 01:12:00,0.18276515940857507
2019-07-26 01:15:00,0.10041943091727035
2019-07-26 01:18:00,0.2247651181493211
2019-07-26 01:21:00,0.27118056057940976
2019-07-26 01:24:00,0.2212984365019679
2019-07-26 01:27:00,0.18395964807206155
2019-07-26 01:30:00,0.292066719372599
2019-07-26 01:33:00,0.29580586775279016
2019-07-26 01:36:00,0.26813477522949825
2019-07-26 01:39:00,0.3066899134231562
2019-07-26 01:42:00,0.3555876507268749
2019-07-26 01:45:00,0.27920259817534543
2019-07-26 01:48:00,0.19143171677450255
2019-07-26 01:51:00,0.23392237424246787
2019-07-26 01:54:00,0.25965548158842466
2019-07-26 01:57:00,0.24990134034425182
2019-07-26 02:00:00,0.31239361425508605
2019-07-26 02:03:00,0.3195386518220289
2019-07-26 02:06:00,0.2951315327237012
2019-07-26 02:09:00,0.22617993659497415
2019-07-26 02:12:00,0.3144864521828481
2019-07-26 02:15:00,0.3260948513829476
2019-07-26 02:18:00,0.30717543563150684
2019-07-26 02:21:00,0.3757553307473245
2019-07-26 02:24:00,0.307204227586908
2019-07-26 02:27:00,0.3988861086294264
2019-07-26 02:30:00,0.4077606630954165
2019-07-26 02:33:00,0.40725818281367765
2019-07-26 02:36:00,0.37726467549538256
2019-07-26 02:39:00,0.34884859392161616
2019-07-26 02:42:00,0.426483735906686
2019-07-26 02:45:00,0.4343838838944407
2019-07-26 02:48:00,0.36446115520436706
2019-07-26 02:51:00,0.3387583434742396
2019-07-26 02:54:00,0.40918691192587175
2019-07-26 02:57:00,0.2718408419381717
2019-07-26 03:00:00,0.25594548061332034
2019-07-26 03:03:00,0.46611820255265
2019-07-26 03:06:00,0.30185167020323433
2019-07-26 03:09:00,0.35044356678861277
2019-07-26 03:12:00,0.3537575112666218
2019-07-26 03:15:00,0.4649524270031975
2019-07-26 03:18:00,0.3065397137597756
2019-07-26 03:21:00,0.31240269342481497
2019-07-26 03:24:00,0.25738572025454687
2019-07-26 03:27:00,0.2789286190823077
2019-07-26 03:30:00,0.26949595242257374
2019-07-26 03:33:00,0.3684709256060046
2019-07-26 03:36:00,0.331648544701693
2019-07-26 03:39:00,0.34340315570494795
2019-07-26 03:42:00,0.44360872462164025
2019-07-26 03:45:00,0.28968620240721066
2019-07-26 03:48:00,0.31487856047237983
2019-07-26 03:51:00,0.2712859699453247
2019-07-26 03:54:00,0.3549385108286742
2019-07-26 03:57:00,0.1985740215390024
2019-07-26 04:00:00,0.2740942556006871
2019-07-26 04:03:00,0.27872164086812745
2019-07-26 04:06:00,0.32055717012491414
2019-07-26 04:09:00,0.24530047017310608
2019-07-26 04:12:00,0.24199123860461214
2019-07-26 04:15:00,0.18624966382628827
2019-07-26 04:18:00,0.10133576960976143
2019-07-26 04:21:00,0.2187369080357371
2019-07-26 04:24:00,0.23347473844324895
2019-07-26 04:27:00,0.2707905432740745
2019-07-26 04:30:00,0.22108494097119546
2019-07-26 04:33:00,0.23723416440930123
2019-07-26 04:36:00,0.25033165462201623
2019-07-26 04:39:00,0.2430326649269432
2019-07-26 04:42:00,0.26416476385207943
2019-07-26 04:45:00,0.2009686649612945
2019-07-26 04:48:00,0.12770839686726276
2019-07-26 04:51:00,0.24146187118287799
2019-07-26 04:54:00,0.3139131612791175
2019-07-26 04:57:00,0.2868108714885125
2019-07-26 05:00:00,0.3783065503602643
2019-07-26 05:03:00,0.2920947547082733
2019-07-26 05:06:00,0.2558710546439329
2019-07-26 05:09:00,0.3859714986901963
2019-07-26 05:12:00,0.25181236962862386
2019-07-26 05:15:00,0.3503787466716517
2019-07-26 05:18:00,0.38398521315804146
2019-07-26 05:21:00,0.32148829575737636
2019-07-26 05:24:00,0.24400482715418548
2019-07-26 05:27:00,0.186993861547478
2019-07-26 05:30:00,0.30098611293806243
2019-07-26 05:33:00,0.2939362224844331
2019-07-26 05:36:00,0.17028156087008028
2019-07-26 05:39:00,0.3125504303567368
2019-07-26 05:42:00,0.24192883885297078
2019-07-26 05:45:00,0.2272344440265215
2019-07-26 05:48:00,0.3308880641340579
2019-07-26 05:51:00,0.35984083245148213
2019-07-26 05:54:00,0.3445474839680287
2019-07-26 05:57:00,0.3334948975414136
2019-07-26 06:00:00,0.2678825068696824
2019-07-26 06:03:00,0.32033257730125797
2019-07-26 06:06:00,0.3304604170595553
2019-07-26 06:09:00,0.35077977752604284
2019-07-26 06:12:00,0.29995731621505684
2019-07-26 06:15:00,0.29207077162953965
2019-07-26 06:18:00,0.34238163932877796
2019-07-26 06:21:00,0.2493072126625293
2019-07-26 06:24:00,0.28553253589007
2019-07-26 06:27:00,0.2870851321696364
2019-07-26 06:30:00,0.34774415163116146
2019-07-26 06:33:00,0.3315672559947984
2019-07-26 06:36:00,0.30734535964404586
2019-07-26 06:39:00,0.2649128844654456
2019-07-26 06:42:00,0.3892428936943588
2019-07-26 06:45:00,0.38816003551022504
2019-07-26 06:48:00,0.35907114822475705
2019-07-26 06:51:00,0.3509829524185193
2019-07-26 06:54:00,0.3222205887338987
2019-07-26 06:57:00,0.25667724701662564
2019-07-26 07:00:00,0.41546059126051205
2019-07-26 07:03:00,0.4036592016528857
2019-07-26 07:06:00,0.4266992150459714
2019-07-26 07:09:00,0.479638888245006
2019-07-26 07:12:00,0.32152100612972845
2019-07-26 07:15:00,0.4180027850368333
2019-07-26 07:18:00,0.320105071859075
2019-07-26 07:21:00,0.34878094188047726
2019-07-26 07:24:00,0.382400203712848
2019-07-26 07:27:00,0.3863165992831341
2019-07-26 07:30:00,0.2759708885196801
2019-07-26 07:33:00,0.3104322032839377
2019-07-26 07:36:00,0.2318282632245996
2019-07-26 07:39:00,0.2886363657597144
2019-07-26 07:42:00,0.31870787224437436
2019-07-26 07:45:00,0.3393978324137379
2019-07-26 07:48:00,0.27044447231179447
2019-07-26 07:51:00,0.3605015154611806
2019-07-26 07:54:00,0.37783303787955447
2019-07-26 07:57:00,0.25498980504011115
2019-07-26 08:00:00,0.32898133398515483
2019-07-26 08:03:00,0.2995120678643275
2019-07-26 08:06:00,0.3081565096014174
2019-07-26 08:09:00,0.3301378315949819
2019-07-26 08:12:00,0.32257692127370774
2019-07-26 08:15:00,0.36599854706543056
2019-07-26 08:18:00,0.4053272080440138
2019-07-26 08:21:00,0.29908339046318133
2019-07-26 08:24:00,0.2264783705653599
2019-07-26 08:27:00,0.3342775267778393
2019-07-26 08:30:00,0.3118383176857833
2019-07-26 08:33:00,0.3722465385898204
2019-07-26 08:36:00,0.35830240366567523
2019-07-26 08:39:00,0.28904331042065223
2019-07-26 08:42:00,0.33097873772334196
2019-07-26 08:45:00,0.384606476087356
2019-07-26 08:48:00,0.3424621796120846
2019-07-26 08:51:00,0.3470619363235983
2019-07-26 08:54:00,0.37912096038968457
2019-07-26 08:57:00,0.2865055818928681
2019-07-26 09:00:00,0.19662868868215355
2019-07-26 09:03:00,0.24748623289428906
2019-07-26 09:06:00,0.2362947654272034
2019-07-26 09:09:00,0.2999570329290009
2019-07-26 09:12:00,0.04515610704663686
2019-07-26 09:15:00,0.1857573148952838
2019-07-26 09:18:00,0.17021191593744334
2019-07-26 09:21:00,0.19937765857679324
2019-07-26 09:24:00,0.18680354033148205
2019-07-26 09:27:00,0.20609185322513213
2019-07-26 09:30:00,0.17793979654999248
2019-07-26 09:33:00,0.16567007497332042
2019-07-26 09:36:00,0.09073623664829711
2019-07-26 09:39:00,0.1822857137540268
2019-07-26 09:42:00,0.21454670065276105
2019-07-26 09:45:00,0.15345754405512935
2019-07-26 09:48:00,0.20452200408305998
2019-07-26 09:51:00,0.07857572330294715
2019-07-26 09:54:00,0.050627220595458766
2019-07-26 09:57:00,0.13266159221166163
2019-07-26 10:00:00,0.11618277426214263
2019-07-26 10:03:00,0.03633211225485411
2019-07-26 10:06:00,0.10321200740349923
2019-07-26 10:09:00,0.10141892808491093
2019-07-26 10:12:00,-0.00520537455122394
2019-07-26 10:15:00,-0.03680631070704976
2019-07-26 10:18:00,0.05998092287347845
2019-07-26 10:21:00,0.014307571288270537
2019-07-26 10:24:00,-0.027135168683059874
2019-07-26 10:27:00,-0.024947585949917084
2019-07-26 10:30:00,-0.011008996980876873
2019-07-26 10:33:00,-0.04807985140604387
2019-07-26 10:36:00,-0.06596230717633489
2019-07-26 10:39:00,-0.08352400798258941
2019-07-26 10:42:00,-0.10214284382868755
2019-07-26 10:45:00,-0.13268433042196648
2019-07-26 10:48:00,-0.0886751468217426
2019-07-26 10:51:00,-0.21554901883473576
2019-07-26 10:54:00,-0.1953396940933203
2019-07-26 10:57:00,-0.12009661336730915
2019-07-26 11:00:00,-0.2302726664150896
2019-07-26 11:03:00,-0.13049794663749026
2019-07-26 11:06:00,-0.25718614551510655
2019-07-26 11:09:00,-0.1454756923017726
2019-07-26 11:12:00,-0.18460715109824832
2019-07-26 11:15:00,-0.3050330419955003
2019-07-26 11:18:00,-0.28822441575778157
2019-07-26 11:21:00,-0.2878512737361234
2019-07-26 11:24:00,-0.24587850638243935
2019-07-26 11:27:00,-0.2233535272545737
2019-07-26 11:30:00,-0.30898204779742855
2019-07-26 11:33:00,-0.31477957973555704
2019-07-26 11:36:00,-0.24033134494209207
2019-07-26 11:39:00,-0.3734542701488408
2019-07-26 11:42:00,-0.22737177034326805
2019-07-26 11:45:00,-0.3386323055124194
2019-07-26 11:48:00,-0.46367121479022444
2019-07-26 11:51:00,-0.3404744405196425
2019-07-26 11:54:00,-0.3767527079062347
2019-07-26 11:57:00,-0.3553662066731249
2019-07-26 12:00:00,-0.3992457330012371
2019-07-26 12:03:00,-0.3488975460870165
2019-07-26 12:06:00,-0.45711127473168744
2019-07-26 12:09:00,-0.4155321277107191
2019-07-26 12:12:00,-0.495189946298467
2019-07-26 12:15:00,-0.48071649098557145
2019-07-26 12:18:00,-0.3994740673256274
2019-07-26 12:21:00,-0.4482170739209437
2019-07-26 12:24:00,-0.4415891934343108
2019-07-26 12:27:00,-0.46651331292088116
2019-07-26 12:30:00,-0.469917325158292
2019-07-26 12:33:00,-0.442936533305442
2019-07-26 12:36:00,-0.4623823853002591
2019-07-26 12:39:00,-0.4917801573203633
2019-07-26 12:42:00,-0.5027726619061355
2019-07-26 12:45:00,-0.48424983054820814
2019-07-26 12:48:00,-0.4675932970710619
2019-07-26 12:51:00,-0.5514424483856715
2019-07-26 12:54:00,-0.6142727584675072
2019-07-26 12:57:00,-0.5510870396907421
2019-07-26 13:00:00,-0.5306520971419104
2019-07-26 13:03:00,-0.5180012936803564
2019-07-26 13:06:00,-0.5055681799912577
2019-07-26 13:09:00,-0.43609075334506997
2019-07-26 13:12:00,-0.531563164356669
2019-07-26 13:15:00,-0.5098998967715715
2019-07-26 13:18:00,-0.3809925734095714
2019-07-26 13:21:00,-0.472695542957581
2019-07-26 13:24:00,-0.4405972489224723
2019-07-26 13:27:00,-0.45674594740421526
2019-07-26 13:30:00,-0.5423005816288082
2019-07-26 13:33:00,-0.5741913454635892
2019-07-26 13:36:00,-0.5996616849229781
2019-07-26 13:39:00,-0.6138514393137484
2019-07-26 13:42:00,-0.7198262296173539
2019-07-26 13:45:00,-0.5206739368737772
2019-07-26 13:48:00,-0.492523551351951
2019-07-26 13:51:00,-0.5602391947451792
2019-07-26 13:54:00,-0.5446309966475269
2019-07-26 13:57:00,-0.5460436463052929
2019-07-26 14:00:00,-0.633742406219767
2019-07-26 14:03:00,-0.6212830804934697
2019-07-26 14:06:00,-0.5388558400051693
2019-07-26 14:09:00,-0.614090459866361
2019-07-26 14:12:00,-0.5211303441190012
2019-07-26 14:15:00,-0.4975199473665839
2019-07-26 14:18:00,-0.5261535658882508
2019-07-26 14:21:00,-0.4372603490617166
2019-07-26 14:24:00,-0.5048232560017141
2019-07-26 14:27:00,-0.4494671492824409
2019-07-26 14:30:00,-0.4535909283711703
2019-07-26 14:33:00,-0.4042762348892097
2019-07-26 14:36:00,-0.47960982065228563
2019-07-26 14:39:00,-0.419645953675456
2019-07-26 14:42:00,-0.5534525454281152
2019-07-26 14:45:00,-0.5651957074854295
2019-07-26 14:48:00,-0.5504249660207279
2019-07-26 14:51:00,-0.4251286217027541
2019-07-26 14:54:00,-0.4347489986515143
2019-07-26 14:57:00,-0.4528611238129656
2019-07-26 15:00:00,-0.5081783331430643
2019-07-26 15:03:00,-0.5840248731927886
2019-07-26 15:06:00,-0.4733806256949151
2019-07-26 15:09:00,-0.5236702701400873
2019-07-26 15:12:00,-0.5373004620620918
2019-07-26 15:15:00,-0.5405764668956294
2019-07-26 15:18:00,-0.5443876169715622
2019-07-26 15:21:00,-0.5901131942892448
2019-07-26 15:24:00,-0.5110074511206335
2019-07-26 15:27:00,-0.46978612555943755
2019-07-26 15:30:00,-0.5027114976248868
2019-07-26 15:33:00,-0.6182334086795436
2019-07-26 15:36:00,-0.6684153969520708
2019-07-26 15:39:00,-0.5720853665144432
2019-07-26 15:42:00,-0.42752919813739254
2019-07-26 15:45:00,-0.5293976433068224
2019-07-26 15:48:00,-0.6390515077785608
2019-07-26 15:51:00,-0.5279566774806881
2019-07-26 15:54:00,-0.5928129826619397
2019-07-26 15:57:00,-0.5943025698329052
2019-07-26 16:00:00,-0.5180566034795788
2019-07-26 16:03:00,-0.5688765476104436
2019-07-26 16:06:00,-0.5420897328014007
2019-07-26 16:09:00,-0.5751021001522076
2019-07-26 16:12:00,-0.523637718733994
2019-07-26 16:15:00,-0.4886254404890451
2019-07-26 16:18:00,-0.4645051656161172
2019-07-26 16:21:00,-0.47830155634488847
2019-07-26 16:24:00,-0.5131985502212615
2019-07-26 16:27:00,-0.5408575426143329
2019-07-26 16:30:00,-0.5375989379851376
2019-07-26 16:33:00,-0.5655431269036058
2019-07-26 16:36:00,-0.5154280198282208
2019-07-26 16:39:00,-0.5650693621453229
2019-07-26 16:42:00,-0.5369781394643383
2019-07-26 16:45:00,-0.5022105960866838
2019-07-26 16:48:00,-0.6061798750442335
2019-07-26 16:51:00,-0.4721794805784043
2019-07-26 16:54:00,-0.46139731532679207
2019-07-26 16:57:00,-0.5799251123539761
2019-07-26 17:00:00,-0.4667063076693694
2019-07-26 17:03:00,-0.5763578083386847
2019-07-26 17:06:00,-0.5668526401936447
2019-07-26 17:09:00,-0.6063999543400769
2019-07-26 17:12:00,-0.6119668656389763
2019-07-26 17:15:00,-0.527601742270349
2019-07-26 17:18:00,-0.479917374408501
2019-07-26 17:21:00,-0.4987549836710059
2019-07-26 17:24:00,-0.5000408783892567
2019-07-26 17:27:00,-0.3626538506706538
2019-07-26 17:30:00,-0.4844870641343846
2019-07-26 17:33:00,-0.3933971709942057
2019-07-26 17:36:00,-0.46581883525021794
2019-07-26 17:39:00,-0.44130330369983994
2019-07-26 17:42:00,-0.4860601118578529
2019-07-26 17:45:00,-0.5579973339493449
2019-07-26 17:48:00,-0.4226503719174275
2019-07-26 17:51:00,-0.46187017639977057
2019-07-26 17:54:00,-0.3560901642252361
2019-07-26 17:57:00,-0.36391221595135903
2019-07-26 18:00:00,-0.26049143946056574
2019-07-26 18:03:00,-0.2199221866779908
2019-07-26 18:06:00,-0.17910522747479263
2019-07-26 18:09:00,-0.1636493122389311
2019-07-26 18:12:00,-0.2160906912693008
2019-07-26 18:15:00,-0.1404648543926328
2019-07-26 18:18:00,-0.1492291774374621
2019-07-26 18:21:00,-0.18551926022530552
2019-07-26 18:24:00,-0.1068835939249766
2019-07-26 18:27:00,-0.05495015876516618
2019-07-26 18:30:00,-0.06485090950531003
2019-07-26 18:33:00,0.03343144413054233
2019-07-26 18:36:00,-0.07335806965875236
2019-07-26 18:39:00,-0.005914712056323879
2019-07-26 18:42:00,-0.06397221826460964
2019-07-26 18:45:00,0.00349194309893619
2019-07-26 18:48:00,-0.08268238764048874
2019-07-26 18:51:00,0.009546587304953391
2019-07-26 18:54:00,
2019-07-26 18:57:00,
2019-07-26 19:00:00,
2019-07-26 19:03:00,0.05696386470287962
2019-07-26 19:06:00,-0.012908561246945283
2019-07-26 19:09:00,0.010525919992005583
2019-07-26 19:12:00,0.0539649152048014
2019-07-26 19:15:00,-0.03278937630761902
2019-07-26 19:18:00,0.007747845072913151
2019-07-26 19:21:00,0.026507800100091572
2019-07-26 19:24:00,0.12674501109137282
2019-07-26 19:27:00,0.06865024496954675
2019-07-26 19:30:00,0.08835313619221097
2019-07-26 19:33:00,-0.005581338200272512
2019-07-26 19:36:00,0.02045153458493587
2019-07-26 19:39:00,0.02468870035107784
2019-07-26 19:42:00,0.045672664458379586
2019-07-26 19:45:00,0.0872463656434661
2019-07-26 19:48:00,0.061136086685394275
2019-07-26 19:51:00,0.025431539317423812
2019-07-26 19:54:00,0.07915812963580038
2019-07-26 19:57:00,0.07448684952316853
2019-07-26 20:00:00,0.027280831409655093
2019-07-26 20:03:00,0.06953540084373344
2019-07-26 20:06:00,-0.012712847254363169
2019-07-26 20:09:00,-0.027472013058172706
2019-07-26 20:12:00,-0.06706695257258843
2019-07-26 20:15:00,0.022155641757876765
2019-07-26 20:18:00,0.08638422339237195
2019-07-26 20:21:00,0.0686704749982141
2019-07-26 20:24:00,0.007909311967978283
2019-07-26 20:27:00,0.025501650180956403
2019-07-26 20:30:00,0.023568952614198224
2019-07-26 20:33:00,0.0766312240717184
2019-07-26 20:36:00,0.07589932667468702
2019-07-26 20:39:00,0.03626392480566665
2019-07-26 20:42:00,0.19744216662252256
2019-07-26 20:45:00,0.07140869635759373
2019-07-26 20:48:00,0.04041166958882059
2019-07-26 20:51:00,0.037648546910475034
2019-07-26 20:54:00,0.02376580369906378
2019-07-26 20:57:00,0.0742535630095631
2019-07-26 21:00:00,0.0806823690822398
2019-07-26 21:03:00,0.07827241886565162
2019-07-26 21:06:00,-0.00808477819663267
2019-07-26 21:09:00,-0.027290173650271754
2019-07-26 21:12:00,0.04352756036348637
2019-07-26 21:15:00,-0.02284179131311248
2019-07-26 21:18:00,-0.017118707458394056
2019-07-26 21:21:00,0.1210430517675718
2019-07-26 21:24:00,0.05638997365463183
2019-07-26 21:27:00,-0.013181141141501485
2019-07-26 21:30:00,-0.03931132806548021
2019-07-26 21:33:00,0.09707792110583569
2019-07-26 21:36:00,-0.06507947175185791
2019-07-26 21:39:00,-0.03173006962896352
2019-07-26 21:42:00,0.03853641793557472
2019-07-26 21:45:00,-0.008379940497150073
2019-07-26 21:48:00,0.014557633168635675
2019-07-26 21:51:00,-0.002463417965316239
2019-07-26 21:54:00,0.03993019236997952
2019-07-26 21:57:00,0.014170914590351913
2019-07-26 22:00:00,0.10601094017579271
2019-07-26 22:03:00,0.1922591582892892
2019-07-26 22:06:00,0.0903779831409679
2019-07-26 22:09:00,0.13368340767561904
2019-07-26 22:12:00,0.10519061095499183
2019-07-26 22:15:00,0.24542624062326013
2019-07-26 22:18:00,0.24564546914837138
2019-07-26 22:21:00,0.11878943701663047
2019-07-26 22:24:00,0.13505754103204026
2019-07-26 22:27:00,0.18793651296886082
2019-07-26 22:30:00,0.19652058757952773
2019-07-26 22:33:00,0.23514009569424843
2019-07-26 22:36:00,0.17629324850838657
2019-07-26 22:39:00,0.21625997809127284
2019-07-26 22:42:00,0.15396686643606472
2019-07-26 22:45:00,0.31462191706208387
2019-07-26 22:48:00,0.28677401081432663
2019-07-26 22:51:00,0.2994038438284292
2019-07-26 22:54:00,0.29203004920663034
2019-07-26 22:57:00,0.2783748170631384
2019-07-26 23:00:00,0.2690109773007521
2019-07-26 23:03:00,0.22010288836094105
2019-07-26 23:06:00,0.2212643324949113
2019-07-26 23:09:00,0.1965279347049318
2019-07-26 23:12:00,0.21693832084082487
2019-07-26 23:15:00,0.09180033477360894
2019-07-26 23:18:00,0.18115661999996746
2019-07-26 23:21:00,0.19936431551349187
2019-07-26 23:24:00,0.0019072503283155129
2019-07-26 23:27:00,0.1237775225488349
2019-07-26 23:30:00,0.17331177226287764
2019-07-26 23:33:00,0.1859182022685104
2019-07-26 23:36:00,0.13221333581572026
2019-07-26 23:39:00,0.08051577649246155
2019-07-26 23:42:00,0.12112511170499829
2019-07-26 23:45:00,0.06701099891091644
2019-07-26 23:48:00,0.10692928881786656
2019-07-26 23:51:00,0.18338938682467187
2019-07-26 23:54:00,0.13602398957590367
2019-07-26 23:57:00,0.04370392353570196
2019-07-27 00:00:00,0.07700735659784641
2019-07-27 00:03:00,0.020201768137667386
2019-07-27 00:06:00,0.04851028193360207
2019-07-27 00:09:00,0.03028192130682328
2019-07-27 00:12:00,0.057694218974631895
2019-07-27 00:15:00,-0.024039786487776382
2019-07-27 00:18:00,0.03929207008542335
2019-07-27 00:21:00,-0.01632906502032938
2019-07-27 00:24:00,0.0008793572849867815
2019-07-27 00:27:00,-0.0270308063113589
2019-07-27 00:30:00,0.002817683870375731
2019-07-27 00:33:00,0.008578750980177574
2019-07-27 00:36:00,0.02793507015940122
2019-07-27 00:39:00,0.03138338861936063
2019-07-27 00:42:00,0.21227057665481652
2019-07-27 00:45:00,0.14160334551962706
2019-07-27 00:48:00,0.14813352539198377
2019-07-27 00:51:00,0.02975503137548685
2019-07-27 00:54:00,0.11460625664375357
2019-07-27 00:57:00,0.11988294808139699
2019-07-27 01:00:00,0.1784549742757804
2019-07-27 01:03:00,0.13194696670962003
2019-07-27 01:06:00,0.15910287018630243
2019-07-27 01:09:00,0.09192534701219301
2019-07-27 01:12:00,0.19906707234491705
2019-07-27 01:15:00,0.09469620062475315
2019-07-27 01:18:00,0.04064055863557314
2019-07-27 01:21:00,0.04701174458659807
2019-07-27 01:24:00,0.209052712231653
2019-07-27 01:27:00,0.18125281029057305
2019-07-27 01:30:00,0.0843836782875087
2019-07-27 01:33:00,0.203901235202693
2019-07-27 01:36:00,0.10660949773716766
2019-07-27 01:39:00,0.2178396094720938
2019-07-27 01:42:00,0.12778310746682564
2019-07-27 01:45:00,0.16229956716381366
2019-07-27 01:48:00,0.07503915188289056
2019-07-27 01:51:00,0.1671344051302981
2019-07-27 01:54:00,0.13891186598561944
2019-07-27 01:57:00,0.13873427091795065
2019-07-27 02:00:00,0.09979483880027828
2019-07-27 02:03:00,0.09627384877080658
2019-07-27 02:06:00,0.11680444198725581
2019-07-27 02:09:00,0.18909753591412937
2019-07-27 02:12:00,0.209496144915704
2019-07-27 02:15:00,0.26758927431228585
2019-07-27 02:18:00,0.14832622945885987
2019-07-27 02:21:00,0.1146423536648058
2019-07-27 02:24:00,0.06385191457047767
2019-07-27 02:27:00,0.13475010976884505
2019-07-27 02:30:00,0.2313231513173264
2019-07-27 02:33:00,0.16978556138110434
2019-07-27 02:36:00,0.1339123248588976
2019-07-27 02:39:00,0.2843689497753985
2019-07-27 02:42:00,0.244166093718718
2019-07-27 02:45:00,0.2436246983825754
2019-07-27 02:48:00,0.16797643257910977
2019-07-27 02:51:00,0.2554322511725786
2019-07-27 02:54:00,0.14159572083690364
2019-07-27 02:57:00,0.20401438701492225
2019-07-27 03:00:00,0.3073566509273178
2019-07-27 03:03:00,0.22493214684647
2019-07-27 03:06:00,0.14622294264472657
2019-07-27 03:09:00,0.25117910529343135
2019-07-27 03:12:00,0.13781093230716124
2019-07-27 03:15:00,0.17757555508228506
2019-07-27 03:18:00,0.12572224682241995
2019-07-27 03:21:00,0.11384923165542205
2019-07-27 03:24:00,0.15739762844856386
2019-07-27 03:27:00,0.17174829707153094
2019-07-27 03:30:00,-0.006191609334621262
2019-07-27 03:33:00,0.0777389897222065
2019-07-27 03:36:00,0.24980074912070904
2019-07-27 03:39:00,0.20073391442429056
2019-07-27 03:42:00,0.28498549498578996
2019-07-27 03:45:00,0.33926336920364975
2019-07-27 03:48:00,0.19586399719452174
2019-07-27 03:51:00,0.20417957386740682
2019-07-27 03:54:00,0.19299267408047172
2019-07-27 03:57:00,0.09857686147046252
2019-07-27 04:00:00,0.05042125953076493
2019-07-27 04:03:00,0.2384095387037064
2019-07-27 04:06:00,0.21956361538815372
2019-07-27 04:09:00,0.31732368672231814
2019-07-27 04:12:00,0.2907191720992728
2019-07-27 04:15:00,0.3386742493909196
2019-07-27 04:18:00,0.3469547494535732
2019-07-27 04:21:00,0.3880775236989962
2019-07-27 04:24:00,0.22651271356926372
2019-07-27 04:27:00,0.24267786872462693
2019-07-27 04:30:00,0.24929534690579658
2019-07-27 04:33:00,0.27009832462840677
2019-07-27 04:36:00,0.37358493165368145
2019-07-27 04:39:00,0.36941725777933243
2019-07-27 04:42:00,0.3953958200838201
2019-07-27 04:45:00,0.622871383827885
2019-07-27 04:48:00,0.6318798349702206
2019-07-27 04:51:00,0.6393166323562127
2019-07-27 04:54:00,0.6379239874744371
2019-07-27 04:57:00,0.5676037320790783
2019-07-27 05:00:00,0.3468155018390462
2019-07-27 05:03:00,0.5089328839774794
2019-07-27 05:06:00,0.36479960311936566
2019-07-27 05:09:00,0.5861285481637992
2019-07-27 05:12:00,0.5336362248216915
2019-07-27 05:15:00,0.39381975706669436
2019-07-27 05:18:00,0.3993882328621794
2019-07-27 05:21:00,0.3547098976225129
2019-07-27 05:24:00,0.4293280318709094
2019-07-27 05:27:00,0.3948898008897004
2019-07-27 05:30:00,0.3796367058445185
2019-07-27 05:33:00,0.33826885458745437
2019-07-27 05:36:00,0.3166276408073827
2019-07-27 05:39:00,0.3316508058359773
2019-07-27 05:42:00,0.332437700231651
2019-07-27 05:45:00,0.40804643823452125
2019-07-27 05:48:00,0.3578726352900503
2019-07-27 05:51:00,0.37600554779663753
2019-07-27 05:54:00,0.3871925888250871
2019-07-27 05:57:00,0.43238668351841625
2019-07-27 06:00:00,0.4776968562584898
2019-07-27 06:03:00,0.40965973438198944
2019-07-27 06:06:00,0.34741784903485495
2019-07-27 06:09:00,0.33608148925554815
2019-07-27 06:12:00,0.31182429578586834
2019-07-27 06:15:00,0.3753888940246384
2019-07-27 06:18:00,0.23941004518400177
2019-07-27 06:21:00,0.4257688204403962
2019-07-27 06:24:00,0.4703361215217683
2019-07-27 06:27:00,0.5209605140856866
2019-07-27 06:30:00,0.4679752125207983
2019-07-27 06:33:00,0.3736319844088598
2019-07-27 06:36:00,0.38885759032274336
2019-07-27 06:39:00,0.5552209989809285
2019-07-27 06:42:00,0.38906107066503637
2019-07-27 06:45:00,0.3637254593707553
2019-07-27 06:48:00,0.3914586700506675
2019-07-27 06:51:00,0.34803913849702894
2019-07-27 06:54:00,0.31101477273341516
2019-07-27 06:57:00,0.342546779320287
2019-07-27 07:00:00,0.36035254973029396
2019-07-27 07:03:00,0.22660343152898577
2019-07-27 07:06:00,0.31534948373968064
2019-07-27 07:09:00,0.2690090306875277
2019-07-27 07:12:00,0.28972683978713576
2019-07-27 07:15:00,0.27579619308107794
2019-07-27 07:18:00,0.3662014519356944
2019-07-27 07:21:00,0.41581843326252965
2019-07-27 07:24:00,0.41070894399342706
2019-07-27 07:27:00,0.3458508501016695
2019-07-27 07:30:00,0.37596570420828357
2019-07-27 07:33:00,0.3198623732598094
2019-07-27 07:36:00,0.3362378696695032
2019-07-27 07:39:00,0.2606093359074748
2019-07-27 07:42:00,0.2828051234766349
2019-07-27 07:45:00,0.3467499330986925
2019-07-27 07:48:00,0.3118403529995817
2019-07-27 07:51:00,0.39015558716477017
2019-07-27 07:54:00,0.4061219932143558
2019-07-27 07:57:00,0.3592884804214691
2019-07-27 08:00:00,0.29499929308553874
2019-07-27 08:03:00,0.30991890255751287
2019-07-27 08:06:00,0.29955201534272646
2019-07-27 08:09:00,0.20945547504993556
2019-07-27 08:12:00,0.15371979199898078
2019-07-27 08:15:00,0.23523954393010627
2019-07-27 08:18:00,0.2446494928481684
2019-07-27 08:21:00,0.1992287391438481
2019-07-27 08:24:00,0.24632927685962613
2019-07-27 08:27:00,0.10432769041375423
2019-07-27 08:30:00,0.12358708370658178
2019-07-27 08:33:00,0.15644686880034442
2019-07-27 08:36:00,0.10605653389717418
2019-07-27 08:39:00,0.12266717388297366
2019-07-27 08:42:00,0.11565619135643601
2019-07-27 08:45:00,0.06342063574140866
2019-07-27 08:48:00,0.10234006739193546
2019-07-27 08:51:00,0.11180241101334332
2019-07-27 08:54:00,0.08547616646296774
2019-07-27 08:57:00,-0.002133857383000759
2019-07-27 09:00:00,0.023560564140893803
2019-07-27 09:03:00,0.07181915559908703
2019-07-27 09:06:00,0.06086315704618528
2019-07-27 09:09:00,-0.0694657147727753
2019-07-27 09:12:00,0.04234111998357548
2019-07-27 09:15:00,-0.0772131932107527
2019-07-27 09:18:00,0.008019496116901337
2019-07-27 09:21:00,-0.007194788557455922
2019-07-27 09:24:00,0.014037408145100017
2019-07-27 09:27:00,-0.11187740305655325
2019-07-27 09:30:00,-0.1516496545600603
2019-07-27 09:33:00,-0.0034321890082082973
2019-07-27 09:36:00,0.008284900183525679
2019-07-27 09:39:00,-0.1003288100181976
2019-07-27 09:42:00,-0.012997859419272118
2019-07-27 09:45:00,-0.017946508401621486
2019-07-27 09:48:00,0.02814016632220273
2019-07-27 09:51:00,-0.08650633854239231
2019-07-27 09:54:00,-0.01179511163877578
2019-07-27 09:57:00,-0.034468743834736415
2019-07-27 10:00:00,-0.019080296806464503
2019-07-27 10:03:00,-0.1425923296122278
2019-07-27 10:06:00,-0.07012181242123461
2019-07-27 10:09:00,-0.03489495588195268
2019-07-27 10:12:00,-0.08572900117530935
2019-07-27 10:15:00,-0.0294702480685487
2019-07-27 10:18:00,-0.056107217985243096
2019-07-27 10:21:00,-0.19987267181403467
2019-07-27 10:24:00,-0.07769265142485438
2019-07-27 10:27:00,-0.09741423611882283
2019-07-27 10:30:00,-0.13640281922778286
2019-07-27 10:33:00,-0.10795006366538473
2019-07-27 10:36:00,-0.1835270572389618
2019-07-27 10:39:00,-0.2891585524727134
2019-07-27 10:42:00,-0.2998987841309031
2019-07-27 10:45:00,-0.21020092448929972
2019-07-27 10:48:00,-0.2550038982870433
2019-07-27 10:51:00,-0.21638172578536796
2019-07-27 10:54:00,-0.4147015812675363
2019-07-27 10:57:00,-0.30503284531516783
2019-07-27 11:00:00,-0.3439644903770045
2019-07-27 11:03:00,-0.2245294704937919
2019-07-27 11:06:00,-0.21887869783967062
2019-07-27 11:09:00,-0.18418967788090868
2019-07-27 11:12:00,-0.37225231145083626
2019-07-27 11:15:00,-0.33988874493536514
2019-07-27 11:18:00,-0.2827272501849052
2019-07-27 11:21:00,-0.28648994307019393
2019-07-27 11:24:00,-0.2790605803875792
2019-07-27 11:27:00,-0.35929598931267037
2019-07-27 11:30:00,-0.3058958299438359
2019-07-27 11:33:00,-0.5132364733824488
2019-07-27 11:36:00,-0.4105004451704417
2019-07-27 11:39:00,-0.5051767694616274
2019-07-27 11:42:00,-0.5683993803344833
2019-07-27 11:45:00,-0.6068690597346063
2019-07-27 11:48:00,-0.5706520470852752
2019-07-27 11:51:00,-0.5032328425709807
2019-07-27 11:54:00,-0.38112173454959475
2019-07-27 11:57:00,-0.4280508649956687
2019-07-27 12:00:00,-0.44994447424227246
2019-07-27 12:03:00,-0.46666892149136174
2019-07-27 12:06:00,-0.5326102686830723
2019-07-27 12:09:00,-0.47079572515320933
2019-07-27 12:12:00,-0.49550817866725083
2019-07-27 12:15:00,-0.5279429931956088
2019-07-27 12:18:00,-0.5528298997562615
2019-07-27 12:21:00,-0.5326850872651221
2019-07-27 12:24:00,-0.5806848452401141
2019-07-27 12:27:00,-0.6286153944675448
2019-07-27 12:30:00,-0.4343699416731397
2019-07-27 12:33:00,-0.5012620890595372
2019-07-27 12:36:00,-0.44297861878067124
2019-07-27 12:39:00,-0.45695604343245577
2019-07-27 12:42:00,-0.5038675628165379
2019-07-27 12:45:00,-0.4340911253834747
2019-07-27 12:48:00,-0.4262650034217472
2019-07-27 12:51:00,-0.5978457407640008
2019-07-27 12:54:00,-0.5200094018863979
2019-07-27 12:57:00,-0.6285837896192561
2019-07-27 13:00:00,-0.423388519081243
2019-07-27 13:03:00,-0.7006025344080626
2019-07-27 13:06:00,-0.5692478023935337
2019-07-27 13:09:00,-0.5220896567597606
2019-07-27 13:12:00,-0.5176422219105916
2019-07-27 13:15:00,-0.46921163944631417
2019-07-27 13:18:00,-0.47337105325203765
2019-07-27 13:21:00,-0.4735628270077541
2019-07-27 13:24:00,-0.44008570545486236
2019-07-27 13:27:00,-0.5230155470883346
2019-07-27 13:30:00,-0.5803777363639142
2019-07-27 13:33:00,-0.5030379491402073
2019-07-27 13:36:00,-0.4500267888190592
2019-07-27 13:39:00,-0.5943012204938327
2019-07-27 13:42:00,-0.4992525987756835
2019-07-27 13:45:00,-0.44486797184754323
2019-07-27 13:48:00,-0.5009410154658553
2019-07-27 13:51:00,-0.6032888089848711
2019-07-27 13:54:00,-0.4863944750438236
2019-07-27 13:57:00,-0.4977530474092191
2019-07-27 14:00:00,-0.5143120834242723
2019-07-27 14:03:00,-0.5692489844314537
2019-07-27 14:06:00,-0.5861164708118736
2019-07-27 14:09:00,-0.49918623712767385
2019-07-27 14:12:00,-0.6457385587756903
2019-07-27 14:15:00,-0.5512147713262152
2019-07-27 14:18:00,-0.5924176618436832
2019-07-27 14:21:00,-0.5752221704394174
2019-07-27 14:24:00,-0.6349835035026103
2019-07-27 14:27:00,-0.5549948536217357
2019-07-27 14:30:00,-0.6807608216177528
2019-07-27 14:33:00,-0.7018868353991934
2019-07-27 14:36:00,-0.5248270918151547
2019-07-27 14:39:00,-0.5647749893106493
2019-07-27 14:42:00,-0.4919774064507578
2019-07-27 14:45:00,-0.5466746094760992
2019-07-27 14:48:00,-0.5002423398232736
2019-07-27 14:51:00,-0.5790378318735065
2019-07-27 14:54:00,-0.5668610645477656
2019-07-27 14:57:00,-0.6252178217427513
2019-07-27 15:00:00,-0.4156089653686763
2019-07-27 15:03:00,-0.509551071466035
2019-07-27 15:06:00,-0.468242952022365
2019-07-27 15:09:00,-0.5123133758115728
2019-07-27 15:12:00,-0.5866341990860633
2019-07-27 15:15:00,-0.6168501542055651
2019-07-27 15:18:00,-0.6403369202326417
2019-07-27 15:21:00,-0.4612173830909114
2019-07-27 15:24:00,-0.5503629676871924
2019-07-27 15:27:00,-0.5829861077125429
2019-07-27 15:30:00,-0.542791840289965
2019-07-27 15:33:00,-0.679629390607829
2019-07-27 15:36:00,-0.5489922561970388
2019-07-27 15:39:00,-0.649749175531781
2019-07-27 15:42:00,-0.5620851644078471
2019-07-27 15:45:00,-0.5645153793741997
2019-07-27 15:48:00,-0.5662879325499262
2019-07-27 15:51:00,-0.6491038524640089
2019-07-27 15:54:00,-0.6252928529480073
2019-07-27 15:57:00,-0.6368638905839816
2019-07-27 16:00:00,-0.530887285507049
2019-07-27 16:03:00,-0.6530932384098946
2019-07-27 16:06:00,-0.3727238932833643
2019-07-27 16:09:00,-0.5971586677775917
2019-07-27 16:12:00,-0.46758939249110654
2019-07-27 16:15:00,-0.6273641671513133
2019-07-27 16:18:00,-0.4888792905937862
2019-07-27 16:21:00,-0.5203597897578902
2019-07-27 16:24:00,-0.5265600430932409
2019-07-27 16:27:00,-0.6214981154500947
2019-07-27 16:30:00,-0.49319629565968626
2019-07-27 16:33:00,-0.4791723990141463
2019-07-27 16:36:00,-0.5866480398006502
2019-07-27 16:39:00,-0.5402114365285797
2019-07-27 16:42:00,-0.5754600307989222
2019-07-27 16:45:00,-0.5273136543549413
2019-07-27 16:48:00,-0.6079856427224968
2019-07-27 16:51:00,-0.4845363894417005
2019-07-27 16:54:00,-0.5924841816972162
2019-07-27 16:57:00,-0.5715233479134554
2019-07-27 17:00:00,-0.6537553208160602
2019-07-27 17:03:00,-0.5898923315476168
2019-07-27 17:06:00,-0.5753418270361976
2019-07-27 17:09:00,-0.5659209636298215
2019-07-27 17:12:00,-0.5191366559371318
2019-07-27 17:15:00,-0.5880494553387052
2019-07-27 17:18:00,-0.4691821702639345
2019-07-27 17:21:00,-0.5701895215955801
2019-07-27 17:24:00,-0.4997896741617751
2019-07-27 17:27:00,-0.4901079819924803
2019-07-27 17:30:00,-0.5775890743791479
2019-07-27 17:33:00,-0.46646070974520626
2019-07-27 17:36:00,-0.5476747837686844
2019-07-27 17:39:00,-0.490750182177635
2019-07-27 17:42:00,-0.4949104139947167
2019-07-27 17:45:00,-0.507432547985843
2019-07-27 17:48:00,-0.4652930398360695
2019-07-27 17:51:00,-0.5691376746868286
2019-07-27 17:54:00,-0.6274794267395691
2019-07-27 17:57:00,-0.6411663967986101
2019-07-27 18:00:00,-0.5748590057161778
2019-07-27 18:03:00,-0.5932070729612064
2019-07-27 18:06:00,-0.6679776846731329
2019-07-27 18:09:00,-0.5675748844338955
2019-07-27 18:12:00,-0.4657816358506466
2019-07-27 18:15:00,-0.5444633419320439
2019-07-27 18:18:00,-0.37014144335762467
2019-07-27 18:21:00,-0.30265182274985136
2019-07-27 18:24:00,-0.1060483703627142
2019-07-27 18:27:00,-0.24609329749847575
2019-07-27 18:30:00,-0.11097941725734017
2019-07-27 18:33:00,-0.07891826591890094
2019-07-27 18:36:00,-0.2984659989234615
2019-07-27 18:39:00,-0.1897287653637818
2019-07-27 18:42:00,-0.13977459644075907
2019-07-27 18:45:00,-0.22445475268040127
2019-07-27 18:48:00,-0.23976269582863097
2019-07-27 18:51:00,-0.1791427397478742
2019-07-27 18:54:00,
2019-07-27 18:57:00,
2019-07-27 19:00:00,
2019-07-27 19:03:00,-0.09761495255975206
2019-07-27 19:06:00,-0.16653171526218102
2019-07-27 19:09:00,-0.18769964821757412
2019-07-27 19:12:00,-0.18928635595364085
2019-07-27 19:15:00,-0.172910934200047
2019-07-27 19:18:00,-0.12239524651340616
2019-07-27 19:21:00,-0.017259416574802344
2019-07-27 19:24:00,-0.03941944536029496
2019-07-27 19:27:00,-0.09809403999599908
2019-07-27 19:30:00,-0.028436523757477516
2019-07-27 19:33:00,-0.026125341093006682
2019-07-27 19:36:00,-0.04376695305955991
2019-07-27 19:39:00,-0.10956786511212613
2019-07-27 19:42:00,-0.22613640114963118
2019-07-27 19:45:00,-0.173383737542963
2019-07-27 19:48:00,-0.09343168791878043
2019-07-27 19:51:00,-0.12738582563054024
2019-07-27 19:54:00,-0.1018286716061425
2019-07-27 19:57:00,-0.08240536094041317
2019-07-27 20:00:00,-0.1144958426324365
2019-07-27 20:03:00,-0.19367187635634764
2019-07-27 20:06:00,-0.0521029939598634
2019-07-27 20:09:00,-0.17720086108090527
2019-07-27 20:12:00,-0.06645429070351838
2019-07-27 20:15:00,-0.06518874730335256
2019-07-27 20:18:00,-0.17152898248912152
2019-07-27 20:21:00,-0.12494615789222507
2019-07-27 20:24:00,-0.07958401893012024
2019-07-27 20:27:00,-0.14285025233402848
2019-07-27 20:30:00,-0.099119219718375
2019-07-27 20:33:00,-0.0903731147589042
2019-07-27 20:36:00,-0.1374898012616086
2019-07-27 20:39:00,-0.13496856573146943
2019-07-27 20:42:00,-0.07116055805818178
2019-07-27 20:45:00,0.000996311939388761
2019-07-27 20:48:00,-0.014039321848485997
2019-07-27 20:51:00,-0.020290198480267918
2019-07-27 20:54:00,0.04938919397039854
2019-07-27 20:57:00,0.07652216901459497
2019-07-27 21:00:00,-0.07904448673639308
2019-07-27 21:03:00,0.09243645951409007
2019-07-27 21:06:00,0.5467906928413981
2019-07-27 21:09:00,0.4044894779177639
2019-07-27 21:12:00,0.03680884477989821
2019-07-27 21:15:00,0.05773961434698549
2019-07-27 21:18:00,0.0591939625828104
2019-07-27 21:21:00,0.07274191480928494
2019-07-27 21:24:00,0.06503051676793348
2019-07-27 21:27:00,0.1616002149280007
2019-07-27 21:30:00,0.07865030598730982
2019-07-27 21:33:00,0.2469745348268475
2019-07-27 21:36:00,0.17404876393766244
2019-07-27 21:39:00,0.19926194530290786
2019-07-27 21:42:00,0.1239456124122853
2019-07-27 21:45:00,0.23057553625091032
2019-07-27 21:48:00,0.24646976006204113
2019-07-27 21:51:00,0.30409799975416263
2019-07-27 21:54:00,0.2814553531681554
2019-07-27 21:57:00,0.2981001166938313
2019-07-27 22:00:00,0.3855089909737899
2019-07-27 22:03:00,0.2629722885105821
2019-07-27 22:06:00,0.3685080073551035
2019-07-27 22:09:00,0.37948621633961466
2019-07-27 22:12:00,0.33305875085761727
2019-07-27 22:15:00,0.34981773184659914
2019-07-27 22:18:00,0.3244342557359232
2019-07-27 22:21:00,0.20562357193017533
2019-07-27 22:24:00,0.3510687079541981
2019-07-27 22:27:00,0.3653146461735446
2019-07-27 22:30:00,0.39547651191770683
2019-07-27 22:33:00,0.2840955424206868
2019-07-27 22:36:00,0.30557975755039024
2019-07-27 22:39:00,0.32855748239796867
2019-07-27 22:42:00,0.34335497536164894
2019-07-27 22:45:00,0.2330567436919182
2019-07-27 22:48:00,0.2552176165444848
2019-07-27 22:51:00,0.33538861018763555
2019-07-27 22:54:00,0.32261858344617167
2019-07-27 22:57:00,0.22143067885974688
2019-07-27 23:00:00,0.17936265926306305
2019-07-27 23:03:00,0.17566705053280884
2019-07-27 23:06:00,0.2752135066317578
2019-07-27 23:09:00,0.2582951278016594
2019-07-27 23:12:00,0.06629981290205933
2019-07-27 23:15:00,0.18975384759937697
2019-07-27 23:18:00,0.15947516530621897
2019-07-27 23:21:00,0.11517817174222955
2019-07-27 23:24:00,0.07291548228585043
2019-07-27 23:27:00,0.11594594977248107
2019-07-27 23:30:00,0.1951392858712211
2019-07-27 23:33:00,0.21912621858979264
2019-07-27 23:36:00,0.21496243032379425
2019-07-27 23:39:00,0.24109092464271953
2019-07-27 23:42:00,0.1456808061338961
2019-07-27 23:45:00,0.17008351985015224
2019-07-27 23:48:00,0.1837503796823512
2019-07-27 23:51:00,0.13234171764480607
2019-07-27 23:54:00,0.1651048527382386
2019-07-27 23:57:00,0.10824988861406837
2019-07-28 00:00:00,0.17900938094720686
2019-07-28 00:03:00,0.19298013483927434
2019-07-28 00:06:00,0.03838090740350708
2019-07-28 00:09:00,0.013326174483552222
2019-07-28 00:12:00,0.1704956209243278
2019-07-28 00:15:00,0.0024166869869759466
2019-07-28 00:18:00,0.0997191336895753
2019-07-28 00:21:00,0.1509799298300436
2019-07-28 00:24:00,0.1770555869850341
2019-07-28 00:27:00,0.2502737162571407
2019-07-28 00:30:00,0.1634154276737263
2019-07-28 00:33:00,0.18888552421503846
2019-07-28 00:36:00,0.10303715325096618
2019-07-28 00:39:00,0.21643690710811825
2019-07-28 00:42:00,0.10550940128240427
2019-07-28 00:45:00,0.23515222076952114
2019-07-28 00:48:00,0.1480329341463289
2019-07-28 00:51:00,0.29263076589018056
2019-07-28 00:54:00,0.16584181684294208
2019-07-28 00:57:00,0.17643035596205436
2019-07-28 01:00:00,0.07535606582484888
2019-07-28 01:03:00,0.13587115829534469
2019-07-28 01:06:00,0.22668249851233213
2019-07-28 01:09:00,0.08388556981896045
2019-07-28 01:12:00,0.21264940530454624
2019-07-28 01:15:00,0.20352325644205393
2019-07-28 01:18:00,0.17964507358516357
2019-07-28 01:21:00,0.17540081122587026
2019-07-28 01:24:00,0.18155988362747166
2019-07-28 01:27:00,0.24343847097611615
2019-07-28 01:30:00,0.1704479258585252
2019-07-28 01:33:00,0.22264284367150822
2019-07-28 01:36:00,0.20022348088730269
2019-07-28 01:39:00,0.21689867779929273
2019-07-28 01:42:00,0.23227979221155692
2019-07-28 01:45:00,0.1790376105194582
2019-07-28 01:48:00,0.1871025621961735
2019-07-28 01:51:00,0.24694818075488456
2019-07-28 01:54:00,0.22116662841983725
2019-07-28 01:57:00,0.3321440843498067
2019-07-28 02:00:00,0.20321670881389764
2019-07-28 02:03:00,0.2548646387582494
2019-07-28 02:06:00,0.2261563410361873
2019-07-28 02:09:00,0.26627724250278106
2019-07-28 02:12:00,0.1840933655824415
2019-07-28 02:15:00,0.26420312695137227
2019-07-28 02:18:00,0.24431326278295273
2019-07-28 02:21:00,0.35515630382428753
2019-07-28 02:24:00,0.2183444524140441
2019-07-28 02:27:00,0.27262054034838457
2019-07-28 02:30:00,0.21293151306957725
2019-07-28 02:33:00,0.17941503537093695
2019-07-28 02:36:00,0.2361033875359908
2019-07-28 02:39:00,0.17773886699183095
2019-07-28 02:42:00,0.2424858497855098
2019-07-28 02:45:00,0.18710725581308907
2019-07-28 02:48:00,0.1615650529395225
2019-07-28 02:51:00,0.17525498134733652
2019-07-28 02:54:00,0.2586360383733677
2019-07-28 02:57:00,0.36168918339171796
2019-07-28 03:00:00,0.3297116857997935
2019-07-28 03:03:00,0.3093463436464958
2019-07-28 03:06:00,0.30913051683506865
2019-07-28 03:09:00,0.3160678831091559
2019-07-28 03:12:00,0.28763432318243076
2019-07-28 03:15:00,0.32985510025002895
2019-07-28 03:18:00,0.33742967314969974
2019-07-28 03:21:00,0.2209789151130508
2019-07-28 03:24:00,0.17739953354470117
2019-07-28 03:27:00,0.2422308899980976
2019-07-28 03:30:00,0.3111858790244355
2019-07-28 03:33:00,0.2869091098940544
2019-07-28 03:36:00,0.3515291915609282
2019-07-28 03:39:00,0.3448173276317448
2019-07-28 03:42:00,0.3073412423041759
2019-07-28 03:45:00,0.3027755856478507
2019-07-28 03:48:00,0.271027582365889
2019-07-28 03:51:00,0.32928507646715843
2019-07-28 03:54:00,0.3063439924271165
2019-07-28 03:57:00,0.3559698812729266
2019-07-28 04:00:00,0.18553145019507156
2019-07-28 04:03:00,0.25618398359432604
2019-07-28 04:06:00,0.4010197700850995
2019-07-28 04:09:00,0.3222272887410327
2019-07-28 04:12:00,0.31964356295355856
2019-07-28 04:15:00,0.35752628578921986
2019-07-28 04:18:00,0.30797125129817005
2019-07-28 04:21:00,0.35326600753251114
2019-07-28 04:24:00,0.3360933450250627
2019-07-28 04:27:00,0.3703323925192308
2019-07-28 04:30:00,0.28954014178560783
2019-07-28 04:33:00,0.3277315389408386
2019-07-28 04:36:00,0.4319492221157475
2019-07-28 04:39:00,0.39152469716026417
2019-07-28 04:42:00,0.4705552098407111
2019-07-28 04:45:00,0.39556032893040083
2019-07-28 04:48:00,0.3502526995090989
2019-07-28 04:51:00,0.3455448246176047
2019-07-28 04:54:00,0.345472489598194
2019-07-28 04:57:00,0.3877334109357662
2019-07-28 05:00:00,0.40306246458982287
2019-07-28 05:03:00,0.43155942632103006
2019-07-28 05:06:00,0.4385200754896914
2019-07-28 05:09:00,0.3854974044313053
2019-07-28 05:12:00,0.3095254408461301
2019-07-28 05:15:00,0.415828205028447
2019-07-28 05:18:00,0.5000686590033183
2019-07-28 05:21:00,0.40555914310738217
2019-07-28 05:24:00,0.4122231234345577
2019-07-28 05:27:00,0.40139110568861724
2019-07-28 05:30:00,0.453403785041246
2019-07-28 05:33:00,0.310558393530755
2019-07-28 05:36:00,0.3363124975736014
2019-07-28 05:39:00,0.40414981010997053
2019-07-28 05:42:00,0.3984336069636356
2019-07-28 05:45:00,0.3082890762179318
2019-07-28 05:48:00,0.3714683628031139
2019-07-28 05:51:00,0.44629602701110116
2019-07-28 05:54:00,0.4731887504675001
2019-07-28 05:57:00,0.37194483942363377
2019-07-28 06:00:00,0.3603036684071981
2019-07-28 06:03:00,0.455545927071455
2019-07-28 06:06:00,0.47511765502275694
2019-07-28 06:09:00,0.37408003443835014
2019-07-28 06:12:00,0.37618197640074413
2019-07-28 06:15:00,0.4104385212060606
2019-07-28 06:18:00,0.4311689159714547
2019-07-28 06:21:00,0.44263488623300873
2019-07-28 06:24:00,0.38412436749700873
2019-07-28 06:27:00,0.45814789561762836
2019-07-28 06:30:00,0.515551802524044
2019-07-28 06:33:00,0.4413269945025604
2019-07-28 06:36:00,0.43075631079398136
2019-07-28 06:39:00,0.4397788017720927
2019-07-28 06:42:00,0.5452883887566031
2019-07-28 06:45:00,0.4154022895321532
2019-07-28 06:48:00,0.45999138724948807
2019-07-28 06:51:00,0.36111106122933734
2019-07-28 06:54:00,0.4730744314421713
2019-07-28 06:57:00,0.5821943796075857
2019-07-28 07:00:00,0.3669789455490786
2019-07-28 07:03:00,0.46357343476086044
2019-07-28 07:06:00,0.5165595097275855
2019-07-28 07:09:00,0.5669831959809244
2019-07-28 07:12:00,0.44154786678217306
2019-07-28 07:15:00,0.4524028248727632
2019-07-28 07:18:00,0.5161894509225817
2019-07-28 07:21:00,0.44645883957923616
2019-07-28 07:24:00,0.5021009558368519
2019-07-28 07:27:00,0.409022781085298
2019-07-28 07:30:00,0.3569571711798858
2019-07-28 07:33:00,0.3523490651128327
2019-07-28 07:36:00,0.41027228604122
2019-07-28 07:39:00,0.31621486544065647
2019-07-28 07:42:00,0.3822795713891196
2019-07-28 07:45:00,0.2402436662135301
2019-07-28 07:48:00,0.26822189399882745
2019-07-28 07:51:00,0.28793198486209803
2019-07-28 07:54:00,0.25079398123762076
2019-07-28 07:57:00,0.28483702717761616
2019-07-28 08:00:00,0.298164163611375
2019-07-28 08:03:00,0.33804529696533336
2019-07-28 08:06:00,0.3192288046901126
2019-07-28 08:09:00,0.3160770269939235
2019-07-28 08:12:00,0.24422565339818902
2019-07-28 08:15:00,0.2648145701545559
2019-07-28 08:18:00,0.23098118154092617
2019-07-28 08:21:00,0.19892333090945158
2019-07-28 08:24:00,0.27784798651458686
2019-07-28 08:27:00,0.08418534474867556
2019-07-28 08:30:00,0.12156525872921975
2019-07-28 08:33:00,0.19366927440546533
2019-07-28 08:36:00,0.20118036826096386
2019-07-28 08:39:00,0.12088287961660171
2019-07-28 08:42:00,-0.02076108799440135
2019-07-28 08:45:00,0.04756340612692611
2019-07-28 08:48:00,0.05356447725580438
2019-07-28 08:51:00,0.11126688485040859
2019-07-28 08:54:00,0.016961493483961476
2019-07-28 08:57:00,0.01847145865508537
2019-07-28 09:00:00,0.03042115537363088
2019-07-28 09:03:00,-0.02973852250050868
2019-07-28 09:06:00,0.06222403419275224
2019-07-28 09:09:00,-0.0592022759871611
2019-07-28 09:12:00,-0.04172830330986699
2019-07-28 09:15:00,0.044590655514127775
2019-07-28 09:18:00,0.004110964989763488
2019-07-28 09:21:00,-0.09002732665391022
2019-07-28 09:24:00,-0.04842718263802226
2019-07-28 09:27:00,-0.16215209244694506
2019-07-28 09:30:00,-0.143112611841957
2019-07-28 09:33:00,-0.025576297893849187
2019-07-28 09:36:00,-0.13739072825279663
2019-07-28 09:39:00,-0.14630797525978778
2019-07-28 09:42:00,-0.041557348383435055
2019-07-28 09:45:00,-0.14795862210769428
2019-07-28 09:48:00,-0.1655170297595987
2019-07-28 09:51:00,-0.11466541117431461
2019-07-28 09:54:00,-0.1080557817464296
2019-07-28 09:57:00,-0.18560432207181066
2019-07-28 10:00:00,-0.2601582251503487
2019-07-28 10:03:00,-0.20525520652188334
2019-07-28 10:06:00,-0.21480206697708581
2019-07-28 10:09:00,-0.26188994941287547
2019-07-28 10:12:00,-0.2396503676093289
2019-07-28 10:15:00,-0.2245925582370205
2019-07-28 10:18:00,-0.194183540901804
2019-07-28 10:21:00,-0.26286736479676165
2019-07-28 10:24:00,-0.23122261572888192
2019-07-28 10:27:00,-0.3094423912601769
2019-07-28 10:30:00,-0.16744201572566908
2019-07-28 10:33:00,-0.2772589767170075
2019-07-28 10:36:00,-0.22369321177529855
2019-07-28 10:39:00,-0.2385502208543926
2019-07-28 10:42:00,-0.23319568446260064
2019-07-28 10:45:00,-0.31433371345980277
2019-07-28 10:48:00,-0.3206396679567547
2019-07-28 10:51:00,-0.23139402258925656
2019-07-28 10:54:00,-0.286231278861635
2019-07-28 10:57:00,-0.2827594700351028
2019-07-28 11:00:00,-0.43002831962678556
2019-07-28 11:03:00,-0.31540192263292965
2019-07-28 11:06:00,-0.27568635649799944
2019-07-28 11:09:00,-0.34130824690851114
2019-07-28 11:12:00,-0.4088470436021794
2019-07-28 11:15:00,-0.3222019558430702
2019-07-28 11:18:00,-0.27155517501478244
2019-07-28 11:21:00,-0.3387793892308082
2019-07-28 11:24:00,-0.3763673013422135
2019-07-28 11:27:00,-0.37431375552853297
2019-07-28 11:30:00,-0.46041209154293483
2019-07-28 11:33:00,-0.4291957333696814
2019-07-28 11:36:00,-0.44435664215853876
2019-07-28 11:39:00,-0.3536125930841081
2019-07-28 11:42:00,-0.38641072531123655
2019-07-28 11:45:00,-0.4832149943460422
2019-07-28 11:48:00,-0.4010479723112894
2019-07-28 11:51:00,-0.5321095723162443
2019-07-28 11:54:00,-0.3340653029608802
2019-07-28 11:57:00,-0.42460295179574814
2019-07-28 12:00:00,-0.4373462739745264
2019-07-28 12:03:00,-0.4545055436050234
2019-07-28 12:06:00,-0.39948842640382054
2019-07-28 12:09:00,-0.4163244093793992
2019-07-28 12:12:00,-0.4242211619491627
2019-07-28 12:15:00,-0.5886000462014067
2019-07-28 12:18:00,-0.45690172033346244
2019-07-28 12:21:00,-0.43315117979273055
2019-07-28 12:24:00,-0.3477072355689188
2019-07-28 12:27:00,-0.4337061849299175
2019-07-28 12:30:00,-0.4724469582476445
2019-07-28 12:33:00,-0.2645708392269057
2019-07-28 12:36:00,-0.4391897325336913
2019-07-28 12:39:00,-0.5301410965504374
2019-07-28 12:42:00,-0.5759175322721148
2019-07-28 12:45:00,-0.3495785842591772
2019-07-28 12:48:00,-0.5141898271385799
2019-07-28 12:51:00,-0.4760042433114222
2019-07-28 12:54:00,-0.48372238081577734
2019-07-28 12:57:00,-0.5725026654208136
2019-07-28 13:00:00,-0.4985379283795055
2019-07-28 13:03:00,-0.4980612873489463
2019-07-28 13:06:00,-0.41338373765808
2019-07-28 13:09:00,-0.41478806199177143
2019-07-28 13:12:00,-0.3729118292745852
2019-07-28 13:15:00,-0.49765577231801217
2019-07-28 13:18:00,-0.5002740649111956
2019-07-28 13:21:00,-0.3940184008318397
2019-07-28 13:24:00,-0.3409494389233032
2019-07-28 13:27:00,-0.47061309123017736
2019-07-28 13:30:00,-0.5255266355146091
2019-07-28 13:33:00,-0.5353451644275538
2019-07-28 13:36:00,-0.4173734325976284
2019-07-28 13:39:00,-0.48416141152949876
2019-07-28 13:42:00,-0.5293106711935707
2019-07-28 13:45:00,-0.5336617949431002
2019-07-28 13:48:00,-0.43581189286123845
2019-07-28 13:51:00,-0.47018260033718207
2019-07-28 13:54:00,-0.3951910378712
2019-07-28 13:57:00,-0.5595803561101889
2019-07-28 14:00:00,-0.410876282196341
2019-07-28 14:03:00,-0.38885343975732667
2019-07-28 14:06:00,-0.3598912622079524
2019-07-28 14:09:00,-0.39922136176784306
2019-07-28 14:12:00,-0.4677077166087429
2019-07-28 14:15:00,-0.549765620341077
2019-07-28 14:18:00,-0.4543027322290527
2019-07-28 14:21:00,-0.46294791501151167
2019-07-28 14:24:00,-0.3376968106393292
2019-07-28 14:27:00,-0.41513460901131793
2019-07-28 14:30:00,-0.43870945806048667
2019-07-28 14:33:00,-0.33864515634473946
2019-07-28 14:36:00,-0.31920506505616686
2019-07-28 14:39:00,-0.46576883414468284
2019-07-28 14:42:00,-0.6143473515861615
2019-07-28 14:45:00,-0.5600567013538011
2019-07-28 14:48:00,-0.4973272216849409
2019-07-28 14:51:00,-0.6087307382459812
2019-07-28 14:54:00,-0.3642525727969428
2019-07-28 14:57:00,-0.35020753109267844
2019-07-28 15:00:00,-0.29744803652192786
2019-07-28 15:03:00,-0.26525155677967405
2019-07-28 15:06:00,-0.2672902686027214
2019-07-28 15:09:00,-0.2190827942097826
2019-07-28 15:12:00,-0.3085501128945225
2019-07-28 15:15:00,-0.31390458006393374
2019-07-28 15:18:00,-0.4481154857720071
2019-07-28 15:21:00,-0.4311728001950428
2019-07-28 15:24:00,-0.5135528171638839
2019-07-28 15:27:00,-0.3709408909472245
2019-07-28 15:30:00,-0.5455849839673306
2019-07-28 15:33:00,-0.569431416191378
2019-07-28 15:36:00,-0.4191315771516315
2019-07-28 15:39:00,-0.4901520154258492
2019-07-28 15:42:00,-0.45816805085217993
2019-07-28 15:45:00,-0.3297136403552372
2019-07-28 15:48:00,-0.3566427772163365
2019-07-28 15:51:00,-0.475809312438912
2019-07-28 15:54:00,-0.5091304381271584
2019-07-28 15:57:00,-0.5633741443676286
2019-07-28 16:00:00,-0.5941623649462144
2019-07-28 16:03:00,-0.5441714605100287
2019-07-28 16:06:00,-0.5092747177598085
2019-07-28 16:09:00,-0.6036804758010135
2019-07-28 16:12:00,-0.4851660957272088
2019-07-28 16:15:00,-0.49092828651686204
2019-07-28 16:18:00,-0.21957323890620728
2019-07-28 16:21:00,-0.26198157679027645
2019-07-28 16:24:00,-0.234968020832639
2019-07-28 16:27:00,-0.5035619937074785
2019-07-28 16:30:00,-0.46549344453768526
2019-07-28 16:33:00,-0.5075276681508285
2019-07-28 16:36:00,-0.44108838426853936
2019-07-28 16:39:00,-0.5075763364818613
2019-07-28 16:42:00,-0.5042272815032902
2019-07-28 16:45:00,-0.5685525817164603
2019-07-28 16:48:00,-0.6541486791451234
2019-07-28 16:51:00,-0.4767067853061917
2019-07-28 16:54:00,-0.504523984569687
2019-07-28 16:57:00,-0.5516111070284069
2019-07-28 17:00:00,-0.65508310720071
2019-07-28 17:03:00,-0.44316859259777175
2019-07-28 17:06:00,-0.4803191866072325
2019-07-28 17:09:00,-0.46063059425551955
2019-07-28 17:12:00,-0.5452077940187223
2019-07-28 17:15:00,-0.50663391875662
2019-07-28 17:18:00,-0.509939389727549
2019-07-28 17:21:00,-0.6040941717850501
2019-07-28 17:24:00,-0.5578998809535278
2019-07-28 17:27:00,-0.5046236996901712
2019-07-28 17:30:00,-0.461067306825214
2019-07-28 17:33:00,-0.5976618610656601
2019-07-28 17:36:00,-0.4808702132818894
2019-07-28 17:39:00,-0.46406474893086624
2019-07-28 17:42:00,-0.5987495380200016
2019-07-28 17:45:00,-0.5216979854801593
2019-07-28 17:48:00,-0.38983100357359035
2019-07-28 17:51:00,-0.3312038165239528
2019-07-28 17:54:00,-0.31751110889814527
2019-07-28 17:57:00,-0.3475278564613973
2019-07-28 18:00:00,-0.3044888031822097
2019-07-28 18:03:00,-0.37679467156857527
2019-07-28 18:06:00,-0.2997352093171344
2019-07-28 18:09:00,-0.41061706139595344
2019-07-28 18:12:00,-0.3053190671308812
2019-07-28 18:15:00,-0.25066709624212535
2019-07-28 18:18:00,-0.28193262799345575
2019-07-28 18:21:00,-0.23452035083829514
2019-07-28 18:24:00,-0.261684769802514
2019-07-28 18:27:00,-0.25933738600900824
2019-07-28 18:30:00,-0.16615336257012814
2019-07-28 18:33:00,-0.2625819332286028
2019-07-28 18:36:00,-0.3121405085547053
2019-07-28 18:39:00,-0.2236483173848569
2019-07-28 18:42:00,-0.2758511385681004
2019-07-28 18:45:00,-0.2406564160395419
2019-07-28 18:48:00,-0.09238405810060613
2019-07-28 18:51:00,-0.19624384947695717
2019-07-28 18:54:00,
2019-07-28 18:57:00,
2019-07-28 19:00:00,
2019-07-28 19:03:00,-0.1467213393300426
2019-07-28 19:06:00,-0.18070506348055915
2019-07-28 19:09:00,-0.18307640610049702
2019-07-28 19:12:00,-0.1109275201466744
2019-07-28 19:15:00,-0.11284863247982457
2019-07-28 19:18:00,-0.04535557466545015
2019-07-28 19:21:00,-0.10229478626325772
2019-07-28 19:24:00,-0.015620830465593372
2019-07-28 19:27:00,-0.10221733401641586
2019-07-28 19:30:00,-0.0017919252582601075
2019-07-28 19:33:00,-0.027997862165761944
2019-07-28 19:36:00,0.013722513364371025
2019-07-28 19:39:00,-0.020425260127638012
2019-07-28 19:42:00,-0.11130087155862611
2019-07-28 19:45:00,0.022474993394212106
2019-07-28 19:48:00,-0.0635402666051732
2019-07-28 19:51:00,-0.011216879162532223
2019-07-28 19:54:00,-0.01451359476629932
2019-07-28 19:57:00,-0.04048752300889191
2019-07-28 20:00:00,-0.06284830206885772
2019-07-28 20:03:00,-0.09507774571625305
2019-07-28 20:06:00,-0.11660059604326989
2019-07-28 20:09:00,-0.15914847969906987
2019-07-28 20:12:00,-0.020377245842382763
2019-07-28 20:15:00,-0.05298021903359995
2019-07-28 20:18:00,0.004941663829868048
2019-07-28 20:21:00,-0.05179739391826388
2019-07-28 20:24:00,0.053195465180181145
2019-07-28 20:27:00,-0.03905588782549785
2019-07-28 20:30:00,-0.029359038638915536
2019-07-28 20:33:00,-0.006487133508983334
2019-07-28 20:36:00,-0.01964879772913264
2019-07-28 20:39:00,-0.012561740027592805
2019-07-28 20:42:00,-0.09488241929216201
2019-07-28 20:45:00,0.05460853541916322
2019-07-28 20:48:00,-0.025625080498969055
2019-07-28 20:51:00,0.04951064507497449
2019-07-28 20:54:00,0.06960909510519286
2019-07-28 20:57:00,0.07198853588840848
2019-07-28 21:00:00,0.06272944171291783
2019-07-28 21:03:00,0.017005789410291072
2019-07-28 21:06:00,-0.12029767531254265
2019-07-28 21:09:00,0.052480803139246746
2019-07-28 21:12:00,0.09172380207076003
2019-07-28 21:15:00,0.11916743770137828
2019-07-28 21:18:00,0.05226158043893747
2019-07-28 21:21:00,0.1312857599364179
2019-07-28 21:24:00,0.14920208965702386
2019-07-28 21:27:00,-0.025366631655003857
2019-07-28 21:30:00,0.07863694633721252
2019-07-28 21:33:00,-0.028901165567958742
2019-07-28 21:36:00,0.022596106407377192
2019-07-28 21:39:00,0.08540599921087733
2019-07-28 21:42:00,0.07077738866036043
2019-07-28 21:45:00,0.05385728575771509
2019-07-28 21:48:00,0.0969926289693035
2019-07-28 21:51:00,0.029260333846593767
2019-07-28 21:54:00,0.06467741584685882
2019-07-28 21:57:00,0.064245489262305
2019-07-28 22:00:00,0.13541769833858552
2019-07-28 22:03:00,0.07995083842416761
2019-07-28 22:06:00,0.14167533726339343
2019-07-28 22:09:00,0.1963172338350887
2019-07-28 22:12:00,0.097781509046456
2019-07-28 22:15:00,0.15716601722323276
2019-07-28 22:18:00,0.1606166733793657
2019-07-28 22:21:00,0.16179213934975678
2019-07-28 22:24:00,0.10442004242605663
2019-07-28 22:27:00,0.11159046467867029
2019-07-28 22:30:00,0.1304315580076718
2019-07-28 22:33:00,0.11348518819301034
2019-07-28 22:36:00,0.09214026886877491
2019-07-28 22:39:00,0.011101338726632548
2019-07-28 22:42:00,0.047092038263770064
2019-07-28 22:45:00,0.14411429438200685
2019-07-28 22:48:00,0.11783920224172562
2019-07-28 22:51:00,0.06268938701492743
2019-07-28 22:54:00,-0.015722738520707935
2019-07-28 22:57:00,0.12462009085027148
2019-07-28 23:00:00,0.1348213598937491
2019-07-28 23:03:00,0.1368567233675435
2019-07-28 23:06:00,0.10616150234881161
2019-07-28 23:09:00,0.0975036017168236
2019-07-28 23:12:00,0.022723484725304388
2019-07-28 23:15:00,0.087867550055023
2019-07-28 23:18:00,0.008160717282862606
2019-07-28 23:21:00,0.16248224167105718
2019-07-28 23:24:00,0.16332452762009098
2019-07-28 23:27:00,0.10934931183396657
2019-07-28 23:30:00,0.11996620348458009
2019-07-28 23:33:00,0.16616703233660246
2019-07-28 23:36:00,0.1511988783690299
2019-07-28 23:39:00,0.20188980190943084
2019-07-28 23:42:00,0.17910207014921298
2019-07-28 23:45:00,0.21743743961383188
2019-07-28 23:48:00,0.178615375437289
2019-07-28 23:51:00,0.08056276615377556
2019-07-28 23:54:00,0.19477579723769622
2019-07-28 23:57:00,0.21885921397415586
2019-07-29 00:00:00,0.18598945383314458
2019-07-29 00:03:00,-0.000579718100482296
2019-07-29 00:06:00,0.07745347433666439
2019-07-29 00:09:00,0.09936401640089798
2019-07-29 00:12:00,0.1050040993856669
2019-07-29 00:15:00,0.11114738164985738
2019-07-29 00:18:00,0.1504428012423773
2019-07-29 00:21:00,0.11437049210468331
2019-07-29 00:24:00,0.1263527450622064
2019-07-29 00:27:00,0.052970223134650496
2019-07-29 00:30:00,0.1288095875864883
2019-07-29 00:33:00,0.14719378149538898
2019-07-29 00:36:00,0.22206376908428638
2019-07-29 00:39:00,0.1580768797870178
2019-07-29 00:42:00,0.11407110726690917
2019-07-29 00:45:00,0.14787799198802531
2019-07-29 00:48:00,0.17852301296767337
2019-07-29 00:51:00,0.18537283564256768
2019-07-29 00:54:00,0.10348322681852551
2019-07-29 00:57:00,0.12226537478738919
2019-07-29 01:00:00,0.03599861389301395
2019-07-29 01:03:00,0.05191463792181139
2019-07-29 01:06:00,0.10912887559737783
2019-07-29 01:09:00,0.1510674341064373
2019-07-29 01:12:00,0.04287457728457866
2019-07-29 01:15:00,0.130569974252694
2019-07-29 01:18:00,0.1469765899679487
2019-07-29 01:21:00,0.1853473491347586
2019-07-29 01:24:00,0.20696953957212827
2019-07-29 01:27:00,0.21970454364185343
2019-07-29 01:30:00,0.1587337196888825
2019-07-29 01:33:00,0.2190255513557986
2019-07-29 01:36:00,0.17827958370588703
2019-07-29 01:39:00,0.17753499544983242
2019-07-29 01:42:00,0.2613079261175244
2019-07-29 01:45:00,0.13187340368818923
2019-07-29 01:48:00,0.27244245019267055
2019-07-29 01:51:00,0.26268166711071217
2019-07-29 01:54:00,0.22858250049597473
2019-07-29 01:57:00,0.2137088602963786
2019-07-29 02:00:00,0.25454665756916484
2019-07-29 02:03:00,0.1645771960673983
2019-07-29 02:06:00,0.27480356332870315
2019-07-29 02:09:00,0.27157376319195237
2019-07-29 02:12:00,0.3214318933746654
2019-07-29 02:15:00,0.17836630858056424
2019-07-29 02:18:00,0.27302375818129576
2019-07-29 02:21:00,0.26138344916000733
2019-07-29 02:24:00,0.10978725407250067
2019-07-29 02:27:00,0.20061842413821296
2019-07-29 02:30:00,0.31918298597338435
2019-07-29 02:33:00,0.21402843379451042
2019-07-29 02:36:00,0.2739658051145284
2019-07-29 02:39:00,0.2535935831137408
2019-07-29 02:42:00,0.22920360308546606
2019-07-29 02:45:00,0.17764120343349532
2019-07-29 02:48:00,0.36681076231860743
2019-07-29 02:51:00,0.1624654941124959
2019-07-29 02:54:00,0.22172427845839593
2019-07-29 02:57:00,0.3655478491144777
2019-07-29 03:00:00,0.31790235745774
2019-07-29 03:03:00,0.2846121634514134
2019-07-29 03:06:00,0.2945211536119814
2019-07-29 03:09:00,0.25711299299524626
2019-07-29 03:12:00,0.34523932669031865
2019-07-29 03:15:00,0.2673379002677052
2019-07-29 03:18:00,0.2600307370931887
2019-07-29 03:21:00,0.199932377643961
2019-07-29 03:24:00,0.1865794229788662
2019-07-29 03:27:00,0.2482701001220562
2019-07-29 03:30:00,0.2792050320307453
2019-07-29 03:33:00,0.2594213713222189
2019-07-29 03:36:00,0.3075230440242649
2019-07-29 03:39:00,0.28288972804000423
2019-07-29 03:42:00,0.304441463748617
2019-07-29 03:45:00,0.3128531517229476
2019-07-29 03:48:00,0.3444397406106532
2019-07-29 03:51:00,0.3671741958894472
2019-07-29 03:54:00,0.24467563413935522
2019-07-29 03:57:00,0.25816808888822607
2019-07-29 04:00:00,0.27682732558974976
2019-07-29 04:03:00,0.17833516064257537
2019-07-29 04:06:00,0.28473096640874473
2019-07-29 04:09:00,0.29797210135649266
2019-07-29 04:12:00,0.34305491870532023
2019-07-29 04:15:00,0.22001931302594357
2019-07-29 04:18:00,0.320572383791216
2019-07-29 04:21:00,0.29776518798979623
2019-07-29 04:24:00,0.424675649771757
2019-07-29 04:27:00,0.3208903991648526
2019-07-29 04:30:00,0.3498369981633118
2019-07-29 04:33:00,0.3201352924720595
2019-07-29 04:36:00,0.2669056830399654
2019-07-29 04:39:00,0.2896285245691388
2019-07-29 04:42:00,0.34689608752250933
2019-07-29 04:45:00,0.26326904530856154
2019-07-29 04:48:00,0.2069173235819335
2019-07-29 04:51:00,0.29580086110496495
2019-07-29 04:54:00,0.30713556385722995
2019-07-29 04:57:00,0.3069741228348448
2019-07-29 05:00:00,0.39586097611646665
2019-07-29 05:03:00,0.29156309493674826
2019-07-29 05:06:00,0.2217208842890841
2019-07-29 05:09:00,0.2754779896552577
2019-07-29 05:12:00,0.23990189253510152
2019-07-29 05:15:00,0.309096948490037
2019-07-29 05:18:00,0.359131328901924
2019-07-29 05:21:00,0.3098158174560126
2019-07-29 05:24:00,0.2792230140893821
2019-07-29 05:27:00,0.23821570005384274
2019-07-29 05:30:00,0.2756418419529041
2019-07-29 05:33:00,0.2552194022331946
2019-07-29 05:36:00,0.3299654286918212
2019-07-29 05:39:00,0.2999857136629771
2019-07-29 05:42:00,0.3746393823721519
2019-07-29 05:45:00,0.39583822302284943
2019-07-29 05:48:00,0.2993177451746192
2019-07-29 05:51:00,0.2906568267026728
2019-07-29 05:54:00,0.2734852529364957
2019-07-29 05:57:00,0.3157407943901376
2019-07-29 06:00:00,0.3147648486596495
2019-07-29 06:03:00,0.3693985217192335
2019-07-29 06:06:00,0.3573356714039164
2019-07-29 06:09:00,0.295944046276702
2019-07-29 06:12:00,0.37987365430967657
2019-07-29 06:15:00,0.22508252292107045
2019-07-29 06:18:00,0.3665178672570164
2019-07-29 06:21:00,0.39739690822210605
2019-07-29 06:24:00,0.3101184077372068
2019-07-29 06:27:00,0.3550438548893453
2019-07-29 06:30:00,0.3447152577000452
2019-07-29 06:33:00,0.2852152111794908
2019-07-29 06:36:00,0.2888002603438622
2019-07-29 06:39:00,0.3760405223716816
2019-07-29 06:42:00,0.28570012009976153
2019-07-29 06:45:00,0.2570511433062279
2019-07-29 06:48:00,0.3331386857774419
2019-07-29 06:51:00,0.3839489848051585
2019-07-29 06:54:00,0.35232993372608234
2019-07-29 06:57:00,0.2686264048131193
2019-07-29 07:00:00,0.31755410171928133
2019-07-29 07:03:00,0.3189558842573206
2019-07-29 07:06:00,0.27313899484113335
2019-07-29 07:09:00,0.334547038784649
2019-07-29 07:12:00,0.32732310498170136
2019-07-29 07:15:00,0.3899967963067752
2019-07-29 07:18:00,0.31401148403381285
2019-07-29 07:21:00,0.3816341697786356
2019-07-29 07:24:00,0.2518639956782067
2019-07-29 07:27:00,0.3215310233499622
2019-07-29 07:30:00,0.25403457165771215
2019-07-29 07:33:00,0.24899104818348405
2019-07-29 07:36:00,0.3597197697109209
2019-07-29 07:39:00,0.28600371953683634
2019-07-29 07:42:00,0.26513650183409254
2019-07-29 07:45:00,0.34014622618366275
2019-07-29 07:48:00,0.43538714116346
2019-07-29 07:51:00,0.22120132526401903
2019-07-29 07:54:00,0.3214146626976344
2019-07-29 07:57:00,0.36480488667228883
2019-07-29 08:00:00,0.28790279346185343
2019-07-29 08:03:00,0.3083919901257559
2019-07-29 08:06:00,0.2964024412335675
2019-07-29 08:09:00,0.34473041141802696
2019-07-29 08:12:00,0.21023626348164726
2019-07-29 08:15:00,0.2857111797040375
2019-07-29 08:18:00,0.3172851024530132
2019-07-29 08:21:00,0.20693427961623456
2019-07-29 08:24:00,0.3042850467638232
2019-07-29 08:27:00,0.28070682194970686
2019-07-29 08:30:00,0.2087050182288408
2019-07-29 08:33:00,0.25252533240029607
2019-07-29 08:36:00,0.2397149814106001
2019-07-29 08:39:00,0.2315653728903726
2019-07-29 08:42:00,0.1483234644872482
2019-07-29 08:45:00,0.15204607986873953
2019-07-29 08:48:00,-0.047234965410950736
2019-07-29 08:51:00,0.09387393086564089
2019-07-29 08:54:00,0.05870026352511104
2019-07-29 08:57:00,0.08756696028842725
2019-07-29 09:00:00,0.041391356349720354
2019-07-29 09:03:00,-0.0009207081151316743
2019-07-29 09:06:00,0.023294175358216762
2019-07-29 09:09:00,0.062293445843010886
2019-07-29 09:12:00,-0.06262783594974053
2019-07-29 09:15:00,-0.048682360713485195
2019-07-29 09:18:00,-0.06321719737246667
2019-07-29 09:21:00,-0.1205634751395337
2019-07-29 09:24:00,0.05179822062882522
2019-07-29 09:27:00,0.043013598307368284
2019-07-29 09:30:00,-0.08539709804017548
2019-07-29 09:33:00,-0.08371465713793214
2019-07-29 09:36:00,-0.11442744622019063
2019-07-29 09:39:00,-0.10090020241307229
2019-07-29 09:42:00,0.032392574137645624
2019-07-29 09:45:00,-0.09308210169319864
2019-07-29 09:48:00,-0.08131887052883258
2019-07-29 09:51:00,-0.09998603689570018
2019-07-29 09:54:00,-0.028219210398788164
2019-07-29 09:57:00,-0.1290804724430359
2019-07-29 10:00:00,-0.11333490750018882
2019-07-29 10:03:00,-0.17354990926725122
2019-07-29 10:06:00,-0.18207283463988233
2019-07-29 10:09:00,-0.14015273539331474
2019-07-29 10:12:00,-0.15711457875625
2019-07-29 10:15:00,-0.2772132426975986
2019-07-29 10:18:00,-0.11209476360943427
2019-07-29 10:21:00,-0.15927835516163213
2019-07-29 10:24:00,-0.14557113135282407
2019-07-29 10:27:00,-0.22877989247717778
2019-07-29 10:30:00,-0.2195661133636122
2019-07-29 10:33:00,-0.22243287271800227
2019-07-29 10:36:00,-0.16572175886511786
2019-07-29 10:39:00,-0.289756629475562
2019-07-29 10:42:00,-0.2046649276139192
2019-07-29 10:45:00,-0.24954705219636253
2019-07-29 10:48:00,-0.3786271211903909
2019-07-29 10:51:00,-0.29047692237827505
2019-07-29 10:54:00,-0.328004225334098
2019-07-29 10:57:00,-0.27588448718933023
2019-07-29 11:00:00,-0.36277471630774016
2019-07-29 11:03:00,-0.35524287838347846
2019-07-29 11:06:00,-0.30533828515427786
2019-07-29 11:09:00,-0.1973438517237014
2019-07-29 11:12:00,-0.41788232546554127
2019-07-29 11:15:00,-0.28919095595244926
2019-07-29 11:18:00,-0.3756759714580653
2019-07-29 11:21:00,-0.2997496215311912
2019-07-29 11:24:00,-0.2701710497790373
2019-07-29 11:27:00,-0.32374437081409724
2019-07-29 11:30:00,-0.4203119442197476
2019-07-29 11:33:00,-0.44961129324826743
2019-07-29 11:36:00,-0.36469736411163467
2019-07-29 11:39:00,-0.34968193308162654
2019-07-29 11:42:00,-0.40428531090509523
2019-07-29 11:45:00,-0.41582421263376546
2019-07-29 11:48:00,-0.37229979305573124
2019-07-29 11:51:00,-0.34998135641956196
2019-07-29 11:54:00,-0.39149428689881915
2019-07-29 11:57:00,-0.39129793178625505
2019-07-29 12:00:00,-0.33055938054894796
2019-07-29 12:03:00,-0.4462190259679346
2019-07-29 12:06:00,-0.4904713898102955
2019-07-29 12:09:00,-0.48329285942855904
2019-07-29 12:12:00,-0.4677117895981837
2019-07-29 12:15:00,-0.33599581599679595
2019-07-29 12:18:00,-0.36156621548184376
2019-07-29 12:21:00,-0.5093535315093618
2019-07-29 12:24:00,-0.45305072274982194
2019-07-29 12:27:00,-0.3063128013000096
2019-07-29 12:30:00,-0.2681112433929229
2019-07-29 12:33:00,-0.36431355553094136
2019-07-29 12:36:00,-0.20829528930522656
2019-07-29 12:39:00,-0.25438703033921684
2019-07-29 12:42:00,-0.3848871178874447
2019-07-29 12:45:00,-0.5006700247409981
2019-07-29 12:48:00,-0.4010011796808044
2019-07-29 12:51:00,-0.3847016303458872
2019-07-29 12:54:00,-0.2930625824070603
2019-07-29 12:57:00,-0.2579494828013935
2019-07-29 13:00:00,-0.3254916459024457
2019-07-29 13:03:00,-0.21843916088135984
2019-07-29 13:06:00,-0.25999123137034985
2019-07-29 13:09:00,-0.31174151814360584
2019-07-29 13:12:00,-0.30785880673175825
2019-07-29 13:15:00,-0.3304290916871082
2019-07-29 13:18:00,-0.266385278765938
2019-07-29 13:21:00,-0.30552591295850107
2019-07-29 13:24:00,-0.4234686156007683
2019-07-29 13:27:00,-0.3645085595252908
2019-07-29 13:30:00,-0.22446712276706648
2019-07-29 13:33:00,-0.39659580209900014
2019-07-29 13:36:00,-0.521876282238054
2019-07-29 13:39:00,-0.4674311328992644
2019-07-29 13:42:00,-0.38877553300892487
2019-07-29 13:45:00,-0.4842346203465695
2019-07-29 13:48:00,-0.43399835777938733
2019-07-29 13:51:00,-0.3934881805305963
2019-07-29 13:54:00,-0.5197084840523303
2019-07-29 13:57:00,-0.6187705643289974
2019-07-29 14:00:00,-0.5234518776890127
2019-07-29 14:03:00,-0.3823719972641584
2019-07-29 14:06:00,-0.3909988372677162
2019-07-29 14:09:00,-0.4257291800544749
2019-07-29 14:12:00,-0.47383076944959157
2019-07-29 14:15:00,-0.42898076084810555
2019-07-29 14:18:00,-0.48899204068425206
2019-07-29 14:21:00,-0.37864639709886205
2019-07-29 14:24:00,-0.4176787345926982
2019-07-29 14:27:00,-0.3272099099890511
2019-07-29 14:30:00,-0.342815898863023
2019-07-29 14:33:00,-0.44019000720817303
2019-07-29 14:36:00,-0.3890973710467165
2019-07-29 14:39:00,-0.39287074939989
2019-07-29 14:42:00,-0.3529789580549618
2019-07-29 14:45:00,-0.5013615302908647
2019-07-29 14:48:00,-0.46602176332652334
2019-07-29 14:51:00,-0.498579086980385
2019-07-29 14:54:00,-0.48884163186562546
2019-07-29 14:57:00,-0.39854485473591694
2019-07-29 15:00:00,-0.38855604267718036
2019-07-29 15:03:00,-0.4678843787202709
2019-07-29 15:06:00,-0.37758837625807473
2019-07-29 15:09:00,-0.4376421606020813
2019-07-29 15:12:00,-0.39302479194765283
2019-07-29 15:15:00,-0.2669269515310475
2019-07-29 15:18:00,-0.2400786677746396
2019-07-29 15:21:00,-0.25312616636239227
2019-07-29 15:24:00,-0.28628024050811973
2019-07-29 15:27:00,-0.35609314016238613
2019-07-29 15:30:00,-0.35907799414974306
2019-07-29 15:33:00,-0.3303100533486827
2019-07-29 15:36:00,-0.48084345939969353
2019-07-29 15:39:00,-0.509596511337918
2019-07-29 15:42:00,-0.4873523922955201
2019-07-29 15:45:00,-0.5231330647832237
2019-07-29 15:48:00,-0.6274888334879734
2019-07-29 15:51:00,-0.5724365400701572
2019-07-29 15:54:00,-0.394174501756936
2019-07-29 15:57:00,-0.526939011509171
2019-07-29 16:00:00,-0.4991171482836876
2019-07-29 16:03:00,-0.48254862184001013
2019-07-29 16:06:00,-0.5139229476899345
2019-07-29 16:09:00,-0.5237517545099877
2019-07-29 16:12:00,-0.49915396757029384
2019-07-29 16:15:00,-0.45253578860882726
2019-07-29 16:18:00,-0.4305735513516993
2019-07-29 16:21:00,-0.5629235746445147
2019-07-29 16:24:00,-0.5837472362233598
2019-07-29 16:27:00,-0.6122459834641063
2019-07-29 16:30:00,-0.4874074437672107
2019-07-29 16:33:00,-0.5446703322037365
2019-07-29 16:36:00,-0.5343310514119821
2019-07-29 16:39:00,-0.5961718973125585
2019-07-29 16:42:00,-0.5341189978822172
2019-07-29 16:45:00,-0.4586411799614325
2019-07-29 16:48:00,-0.46938843241343875
2019-07-29 16:51:00,-0.5815336990320361
2019-07-29 16:54:00,-0.47174956331696194
2019-07-29 16:57:00,-0.6606953991205273
2019-07-29 17:00:00,-0.46421258670170573
2019-07-29 17:03:00,-0.44728768622633197
2019-07-29 17:06:00,-0.5112947266192123
2019-07-29 17:09:00,-0.5713312159924158
2019-07-29 17:12:00,-0.436232621853037
2019-07-29 17:15:00,-0.4653037187966902
2019-07-29 17:18:00,-0.4696603473929599
2019-07-29 17:21:00,-0.46786020864692546
2019-07-29 17:24:00,-0.5086289128083195
2019-07-29 17:27:00,-0.4675527223226936
2019-07-29 17:30:00,-0.49043844004734183
2019-07-29 17:33:00,-0.42433745196660766
2019-07-29 17:36:00,-0.5021341245233657
2019-07-29 17:39:00,-0.5289956728053653
2019-07-29 17:42:00,-0.5222400901141668
2019-07-29 17:45:00,-0.4197137019945103
2019-07-29 17:48:00,-0.46547456851124025
2019-07-29 17:51:00,-0.514131262532942
2019-07-29 17:54:00,-0.44144458574146483
2019-07-29 17:57:00,-0.43730476604048363
2019-07-29 18:00:00,-0.5452087806762052
2019-07-29 18:03:00,-0.3960449432774453
2019-07-29 18:06:00,-0.3978729225159441
2019-07-29 18:09:00,-0.2765501740901186
2019-07-29 18:12:00,-0.4026125178253892
2019-07-29 18:15:00,-0.4051318294746693
2019-07-29 18:18:00,-0.5380062529126803
2019-07-29 18:21:00,-0.38284029817123155
2019-07-29 18:24:00,-0.3868329554073284
2019-07-29 18:27:00,-0.3764598540421389
2019-07-29 18:30:00,-0.36875384067536743
2019-07-29 18:33:00,-0.3543818697856409
2019-07-29 18:36:00,-0.3160132361498995
2019-07-29 18:39:00,-0.18695912056301722
2019-07-29 18:42:00,-0.3206493131091861
2019-07-29 18:45:00,-0.2517399550224013
2019-07-29 18:48:00,-0.38584164523285835
2019-07-29 18:51:00,-0.4191436636939443
2019-07-29 18:54:00,-0.3082421605730019
2019-07-29 18:57:00,
2019-07-29 19:00:00,
2019-07-29 19:03:00,-0.21373865814251758
2019-07-29 19:06:00,-0.20955921506680397
2019-07-29 19:09:00,-0.20025169794200792
2019-07-29 19:12:00,-0.12555858053417523
2019-07-29 19:15:00,-0.19481251492447882
2019-07-29 19:18:00,-0.16571272891297895
2019-07-29 19:21:00,-0.14162467067234275
2019-07-29 19:24:00,-0.18243488909212147
2019-07-29 19:27:00,-0.25710219360138353
2019-07-29 19:30:00,-0.1277815040425594
2019-07-29 19:33:00,-0.13060253209016537
2019-07-29 19:36:00,-0.1721927581367595
2019-07-29 19:39:00,-0.026372276658037208
2019-07-29 19:42:00,-0.13321139696154205
2019-07-29 19:45:00,-0.0844336335017033
2019-07-29 19:48:00,-0.21573608430998092
2019-07-29 19:51:00,-0.044773432916656475
2019-07-29 19:54:00,-0.09777467416847685
2019-07-29 19:57:00,-0.1259899140767402
2019-07-29 20:00:00,-0.07710858269575738
2019-07-29 20:03:00,-0.05742219949172522
2019-07-29 20:06:00,-0.05721606299823634
2019-07-29 20:09:00,-0.018382120828675852
2019-07-29 20:12:00,-0.08074803213679616
2019-07-29 20:15:00,-0.06965907066103227
2019-07-29 20:18:00,-0.021780210203075967
2019-07-29 20:21:00,0.009828296082446286
2019-07-29 20:24:00,-0.03477623459662027
2019-07-29 20:27:00,-0.04005742714201688
2019-07-29 20:30:00,0.06879377719809554
2019-07-29 20:33:00,-0.0963677233994531
2019-07-29 20:36:00,0.009557243126039339
2019-07-29 20:39:00,-0.019905945828270433
2019-07-29 20:42:00,-0.03018620051813059
2019-07-29 20:45:00,-0.03223358232253304
2019-07-29 20:48:00,0.08663322237049442
2019-07-29 20:51:00,-0.02863803265029219
2019-07-29 20:54:00,-0.0666128210271495
2019-07-29 20:57:00,-0.03687438700069379
2019-07-29 21:00:00,-0.02205361095684566
2019-07-29 21:03:00,0.04549213328402857
2019-07-29 21:06:00,-0.06623334736809738
2019-07-29 21:09:00,0.006423009735669893
2019-07-29 21:12:00,-0.0015426793322035337
2019-07-29 21:15:00,-0.08104466449913161
2019-07-29 21:18:00,0.00271117579455904
2019-07-29 21:21:00,-0.05609452692925743
2019-07-29 21:24:00,-0.1141475522052815
2019-07-29 21:27:00,-0.07204651440201815
2019-07-29 21:30:00,-0.026964673625229807
2019-07-29 21:33:00,0.012596722134162519
2019-07-29 21:36:00,-0.07355170224019503
2019-07-29 21:39:00,-0.04404395174339015
2019-07-29 21:42:00,-0.020028960881631974
2019-07-29 21:45:00,-0.02241202259409647
2019-07-29 21:48:00,0.027202320945150404
2019-07-29 21:51:00,-0.05365760864907543
2019-07-29 21:54:00,0.09451885622200962
2019-07-29 21:57:00,-0.016345248916479704
2019-07-29 22:00:00,-0.04372448143573138
2019-07-29 22:03:00,0.02703188145636659
2019-07-29 22:06:00,0.06337344850504678
2019-07-29 22:09:00,-0.01166174295019573
2019-07-29 22:12:00,-0.01196382262799034
2019-07-29 22:15:00,0.014055971432526349
2019-07-29 22:18:00,0.0657419085988522
2019-07-29 22:21:00,0.07295631530246283
2019-07-29 22:24:00,0.03739224395707197
2019-07-29 22:27:00,-0.10088705166896261
2019-07-29 22:30:00,0.1228719761675734
2019-07-29 22:33:00,-0.043615999797111726
2019-07-29 22:36:00,0.10467253760032236
2019-07-29 22:39:00,0.018404850241836357
2019-07-29 22:42:00,-0.053294511529941246
2019-07-29 22:45:00,0.13466720761158513
2019-07-29 22:48:00,0.04297911381263475
2019-07-29 22:51:00,-0.030078527582020342
2019-07-29 22:54:00,-0.011008934269057136
2019-07-29 22:57:00,-0.039308352924308565
2019-07-29 23:00:00,0.010315830620413635
2019-07-29 23:03:00,-0.07365475973665525
2019-07-29 23:06:00,0.02449472460443758
2019-07-29 23:09:00,-0.026957727008266374
2019-07-29 23:12:00,0.04665574541388651
2019-07-29 23:15:00,0.0728328841938719
2019-07-29 23:18:00,-0.006334360509981707
2019-07-29 23:21:00,-0.030592882796213416
2019-07-29 23:24:00,0.028186617465962627
2019-07-29 23:27:00,0.03012756555864371
2019-07-29 23:30:00,-2.4306857142164517e-05
2019-07-29 23:33:00,0.012861964038904716
2019-07-29 23:36:00,0.057383542752859285
2019-07-29 23:39:00,-0.019771613378395614
2019-07-29 23:42:00,0.06108388111789509
2019-07-29 23:45:00,-0.020304820878891405
2019-07-29 23:48:00,-0.05285256972109664
2019-07-29 23:51:00,-0.02296330070288377
2019-07-29 23:54:00,0.006378728698166469
2019-07-29 23:57:00,0.04637633873738878
2019-07-30 00:00:00,0.022012214013841458
2019-07-30 00:03:00,0.10781222608926555
2019-07-30 00:06:00,0.040893653042360256
2019-07-30 00:09:00,0.06993914962771441
2019-07-30 00:12:00,-0.04455938393340375
2019-07-30 00:15:00,-0.05029938320120664
2019-07-30 00:18:00,-0.06679420229238531
2019-07-30 00:21:00,-0.0648645934819001
2019-07-30 00:24:00,-0.021978485613260546
2019-07-30 00:27:00,-0.03461244979143885
2019-07-30 00:30:00,-0.14010580264812234
2019-07-30 00:33:00,-0.09915424576166743
2019-07-30 00:36:00,-0.006908971196253333
2019-07-30 00:39:00,0.10008057310415097
2019-07-30 00:42:00,-0.0672323188438213
2019-07-30 00:45:00,-0.031383855046385634
2019-07-30 00:48:00,0.0458193455032756
2019-07-30 00:51:00,0.0421002472832015
2019-07-30 00:54:00,-0.009240488242255651
2019-07-30 00:57:00,0.04459926364813782
2019-07-30 01:00:00,0.08046371795239793
2019-07-30 01:03:00,0.030469686207652558
2019-07-30 01:06:00,0.06788904614336388
2019-07-30 01:09:00,0.044947977517267645
2019-07-30 01:12:00,-0.04286643125789169
2019-07-30 01:15:00,-0.03523312289087244
2019-07-30 01:18:00,-0.07096667731599382
2019-07-30 01:21:00,-0.03638004331702405
2019-07-30 01:24:00,-0.06310617938584073
2019-07-30 01:27:00,0.06933595065663667
2019-07-30 01:30:00,-0.024331367651200253
2019-07-30 01:33:00,-0.04366911012584751
2019-07-30 01:36:00,-0.056335380039286065
2019-07-30 01:39:00,-0.03413216335292191
2019-07-30 01:42:00,-0.1407714092959509
2019-07-30 01:45:00,-0.06262979322605133
2019-07-30 01:48:00,-0.09248906397766632
2019-07-30 01:51:00,-0.006162535785904311
2019-07-30 01:54:00,-0.051072011114513316
2019-07-30 01:57:00,-0.017600716248750814
2019-07-30 02:00:00,0.035651399669461625
2019-07-30 02:03:00,0.04867902775515631
2019-07-30 02:06:00,0.0379327592410732
2019-07-30 02:09:00,0.04718478951963334
2019-07-30 02:12:00,0.022940612103752756
2019-07-30 02:15:00,0.0016901080010143232
2019-07-30 02:18:00,0.012022025446981388
2019-07-30 02:21:00,0.08170144651205646
2019-07-30 02:24:00,-0.023037791568413013
2019-07-30 02:27:00,0.09009275212071088
2019-07-30 02:30:00,0.03265029987221624
2019-07-30 02:33:00,0.050390634272389434
2019-07-30 02:36:00,0.0973574928391372
2019-07-30 02:39:00,0.1723694773491502
2019-07-30 02:42:00,0.029624144902072658
2019-07-30 02:45:00,0.06634736844750933
2019-07-30 02:48:00,0.04224454527519583
2019-07-30 02:51:00,0.05827379490494877
2019-07-30 02:54:00,0.09937121134248628
2019-07-30 02:57:00,0.10346427789107793
2019-07-30 03:00:00,0.044694504567303284
2019-07-30 03:03:00,0.0169131900075854
2019-07-30 03:06:00,0.04143357519717483
2019-07-30 03:09:00,0.06309173743318297
2019-07-30 03:12:00,0.0059875719451270015
2019-07-30 03:15:00,0.0402737784449414
2019-07-30 03:18:00,0.09635346308527915
2019-07-30 03:21:00,0.048857133409796916
2019-07-30 03:24:00,0.1999339344133091
2019-07-30 03:27:00,0.05881169154224608
2019-07-30 03:30:00,0.16659971167155163
2019-07-30 03:33:00,0.41077598842861107
2019-07-30 03:36:00,0.25809060654086124
2019-07-30 03:39:00,0.23502077809354205
2019-07-30 03:42:00,0.2887449845993615
2019-07-30 03:45:00,0.2974803959158976
2019-07-30 03:48:00,0.31452534768595797
2019-07-30 03:51:00,0.2858444680452976
2019-07-30 03:54:00,0.17570503628002143
2019-07-30 03:57:00,0.2584237535775742
2019-07-30 04:00:00,0.3173367158308338
2019-07-30 04:03:00,0.29961740009423465
2019-07-30 04:06:00,0.3129401025103675
2019-07-30 04:09:00,0.4306540613408174
2019-07-30 04:12:00,0.3103883111555774
2019-07-30 04:15:00,0.3635662126870898
2019-07-30 04:18:00,0.26126497304255736
2019-07-30 04:21:00,0.3651313343659126
2019-07-30 04:24:00,0.39557839374856485
2019-07-30 04:27:00,0.35922063672347804
2019-07-30 04:30:00,0.3754375952730129
2019-07-30 04:33:00,0.40088195938665194
2019-07-30 04:36:00,0.2973262250138191
2019-07-30 04:39:00,0.3664506831469794
2019-07-30 04:42:00,0.32105282797635937
2019-07-30 04:45:00,0.41199343372829844
2019-07-30 04:48:00,0.41211776970556
2019-07-30 04:51:00,0.3679391981927438
2019-07-30 04:54:00,0.21612061268109528
2019-07-30 04:57:00,0.27775963534378434
2019-07-30 05:00:00,0.204864998821904
2019-07-30 05:03:00,0.21007568769539375
2019-07-30 05:06:00,0.2397514585035765
2019-07-30 05:09:00,0.3024923437997131
2019-07-30 05:12:00,0.3187478290133754
2019-07-30 05:15:00,0.26139272184644824
2019-07-30 05:18:00,0.2635662647340382
2019-07-30 05:21:00,0.19742386735538275
2019-07-30 05:24:00,0.1756534490841659
2019-07-30 05:27:00,0.1785150933276327
2019-07-30 05:30:00,0.24991177493609484
2019-07-30 05:33:00,0.26496266578533323
2019-07-30 05:36:00,0.2442912204430172
2019-07-30 05:39:00,0.28055198332191367
2019-07-30 05:42:00,0.2703887330791872
2019-07-30 05:45:00,0.19021355865544365
2019-07-30 05:48:00,0.260930788043197
2019-07-30 05:51:00,0.3229109465502802
2019-07-30 05:54:00,0.3719619156161684
2019-07-30 05:57:00,0.3421124000400937
2019-07-30 06:00:00,0.2873785474852184
2019-07-30 06:03:00,0.33019989891192836
2019-07-30 06:06:00,0.2598212811359417
2019-07-30 06:09:00,0.30441601194172563
2019-07-30 06:12:00,0.3809833172515482
2019-07-30 06:15:00,0.3388021589747723
2019-07-30 06:18:00,0.337279166595863
2019-07-30 06:21:00,0.3453632624660372
2019-07-30 06:24:00,0.3107248389956112
2019-07-30 06:27:00,0.43084135028800574
2019-07-30 06:30:00,0.32589219109888745
2019-07-30 06:33:00,0.25405602742779365
2019-07-30 06:36:00,0.1910293378312531
2019-07-30 06:39:00,0.2868859178327625
2019-07-30 06:42:00,0.29139457296855653
2019-07-30 06:45:00,0.32516227321139013
2019-07-30 06:48:00,0.3144825796957207
2019-07-30 06:51:00,0.24748351639658495
2019-07-30 06:54:00,0.3346479612748112
2019-07-30 06:57:00,0.2576500211933421
2019-07-30 07:00:00,0.25767602500400244
2019-07-30 07:03:00,0.3462177733085241
2019-07-30 07:06:00,0.28827863189468417
2019-07-30 07:09:00,0.28991019546475627
2019-07-30 07:12:00,0.1947292764867825
2019-07-30 07:15:00,0.23765767208209354
2019-07-30 07:18:00,0.3281594008373645
2019-07-30 07:21:00,0.2174657011910881
2019-07-30 07:24:00,0.25347610071798954
2019-07-30 07:27:00,0.327830641152957
2019-07-30 07:30:00,0.272558041230468
2019-07-30 07:33:00,0.24448464783620238
2019-07-30 07:36:00,0.2627428415689792
2019-07-30 07:39:00,0.23044077459854861
2019-07-30 07:42:00,0.25106189639564036
2019-07-30 07:45:00,0.24491369701121357
2019-07-30 07:48:00,0.23730798032596567
2019-07-30 07:51:00,0.19751536517435397
2019-07-30 07:54:00,0.256679979977946
2019-07-30 07:57:00,0.19937975563988175
2019-07-30 08:00:00,0.20659913754764148
2019-07-30 08:03:00,0.09960143552711997
2019-07-30 08:06:00,0.22710063226497823
2019-07-30 08:09:00,0.2875515031112741
2019-07-30 08:12:00,0.07600436877709171
2019-07-30 08:15:00,0.13355980509487608
2019-07-30 08:18:00,0.10539915278701528
2019-07-30 08:21:00,0.07895807536112898
2019-07-30 08:24:00,-0.014078848117833331
2019-07-30 08:27:00,0.07426632978064163
2019-07-30 08:30:00,-0.02335287662316432
2019-07-30 08:33:00,0.02411689704422315
2019-07-30 08:36:00,0.041336298792657544
2019-07-30 08:39:00,0.019007635481273155
2019-07-30 08:42:00,0.020737931812391253
2019-07-30 08:45:00,-0.026082492613966224
2019-07-30 08:48:00,0.1812432816901719
2019-07-30 08:51:00,-0.06988281711255695
2019-07-30 08:54:00,0.06695822268454776
2019-07-30 08:57:00,-0.061201467304726975
2019-07-30 09:00:00,0.06808370248057827
2019-07-30 09:03:00,0.01497936737780492
2019-07-30 09:06:00,0.1025631497736299
2019-07-30 09:09:00,0.0062011292667421
2019-07-30 09:12:00,0.12187579259688164
2019-07-30 09:15:00,0.017797164633009288
2019-07-30 09:18:00,0.1608572012841023
2019-07-30 09:21:00,0.03618724795154549
2019-07-30 09:24:00,0.08027673197381091
2019-07-30 09:27:00,0.07975896915445446
2019-07-30 09:30:00,-0.06238099868716063
2019-07-30 09:33:00,0.1281779204579152
2019-07-30 09:36:00,-0.012892789834666019
2019-07-30 09:39:00,-0.10885465805597505
2019-07-30 09:42:00,0.00920583253150653
2019-07-30 09:45:00,-0.02482121143520999
2019-07-30 09:48:00,-0.0037794379570073033
2019-07-30 09:51:00,-0.11742856363741794
2019-07-30 09:54:00,-0.046392830441334354
2019-07-30 09:57:00,0.009643821450481482
2019-07-30 10:00:00,-0.0839143320285416
2019-07-30 10:03:00,-0.08548037465357083
2019-07-30 10:06:00,-0.07077768124918293
2019-07-30 10:09:00,-0.11472676439115048
2019-07-30 10:12:00,-0.13161247995520853
2019-07-30 10:15:00,-0.09157317703858325
2019-07-30 10:18:00,-0.08223946650508651
2019-07-30 10:21:00,-0.1566582503496079
2019-07-30 10:24:00,-0.06951685939725394
2019-07-30 10:27:00,-0.07536993697164007
2019-07-30 10:30:00,-0.0473664968865819
2019-07-30 10:33:00,-0.1225718376871896
2019-07-30 10:36:00,-0.08301007337070132
2019-07-30 10:39:00,-0.18411838354637666
2019-07-30 10:42:00,-0.15871987576372248
2019-07-30 10:45:00,-0.0815894240884063
2019-07-30 10:48:00,-0.12545306941660783
2019-07-30 10:51:00,-0.08548833724654514
2019-07-30 10:54:00,-0.12414240470570803
2019-07-30 10:57:00,-0.03508204217854427
2019-07-30 11:00:00,-0.16233003360201792
2019-07-30 11:03:00,-0.09857145649516497
2019-07-30 11:06:00,-0.08713129481503756
2019-07-30 11:09:00,-0.13243462269406336
2019-07-30 11:12:00,-0.14011759827741344
2019-07-30 11:15:00,-0.1529847376845055
2019-07-30 11:18:00,-0.19624377407046723
2019-07-30 11:21:00,-0.14232943709276924
2019-07-30 11:24:00,-0.16707797980023997
2019-07-30 11:27:00,-0.16121856206791563
2019-07-30 11:30:00,-0.1108822585185294
2019-07-30 11:33:00,-0.16217012832572664
2019-07-30 11:36:00,-0.18658640367789303
2019-07-30 11:39:00,-0.29592639028282974
2019-07-30 11:42:00,-0.23119935651322976
2019-07-30 11:45:00,-0.19144959348443535
2019-07-30 11:48:00,-0.17746305692213582
2019-07-30 11:51:00,-0.23421887699606714
2019-07-30 11:54:00,-0.260219035451712
2019-07-30 11:57:00,-0.17663111321161296
2019-07-30 12:00:00,-0.2696228047659588
2019-07-30 12:03:00,-0.20899273974663402
2019-07-30 12:06:00,-0.2198215757774733
2019-07-30 12:09:00,-0.20489554964945
2019-07-30 12:12:00,-0.2774978755039683
2019-07-30 12:15:00,-0.3225843947153635
2019-07-30 12:18:00,-0.29942091260528514
2019-07-30 12:21:00,-0.3085722954137964
2019-07-30 12:24:00,-0.2093350214343559
2019-07-30 12:27:00,-0.31300391477958556
2019-07-30 12:30:00,-0.28565011412064223
2019-07-30 12:33:00,-0.3877828684785527
2019-07-30 12:36:00,-0.3262321909432444
2019-07-30 12:39:00,-0.3333896355920274
2019-07-30 12:42:00,-0.4158730282980514
2019-07-30 12:45:00,-0.3629334302392522
2019-07-30 12:48:00,-0.5233249826195561
2019-07-30 12:51:00,-0.4156014959945651
2019-07-30 12:54:00,-0.39825511937539204
2019-07-30 12:57:00,-0.41957375148052733
2019-07-30 13:00:00,-0.442850341432802
2019-07-30 13:03:00,-0.3843370293943167
2019-07-30 13:06:00,-0.4759652412557216
2019-07-30 13:09:00,-0.45452722155107494
2019-07-30 13:12:00,-0.4566879188311077
2019-07-30 13:15:00,-0.5054262489117036
2019-07-30 13:18:00,-0.5186350186831987
2019-07-30 13:21:00,-0.5981989401692545
2019-07-30 13:24:00,-0.48353719808216056
2019-07-30 13:27:00,-0.48398071606209214
2019-07-30 13:30:00,-0.621750263707952
2019-07-30 13:33:00,-0.4664251966236179
2019-07-30 13:36:00,-0.50911256982846
2019-07-30 13:39:00,-0.3564027070399902
2019-07-30 13:42:00,-0.4832422052450056
2019-07-30 13:45:00,-0.3930609073582332
2019-07-30 13:48:00,-0.4700016489597374
2019-07-30 13:51:00,-0.4367294285626713
2019-07-30 13:54:00,-0.4997508704569782
2019-07-30 13:57:00,-0.5148661905431027
2019-07-30 14:00:00,-0.5570970112008808
2019-07-30 14:03:00,-0.5351473635804496
2019-07-30 14:06:00,-0.47767559265741966
2019-07-30 14:09:00,-0.5069646864884021
2019-07-30 14:12:00,-0.5200470774013866
2019-07-30 14:15:00,-0.5712324631530805
2019-07-30 14:18:00,-0.49002491418593763
2019-07-30 14:21:00,-0.40792276735396626
2019-07-30 14:24:00,-0.5207598322059539
2019-07-30 14:27:00,-0.5218821472370792
2019-07-30 14:30:00,-0.5599343994946366
2019-07-30 14:33:00,-0.5026059300427619
2019-07-30 14:36:00,-0.5392697714535188
2019-07-30 14:39:00,-0.525450676845935
2019-07-30 14:42:00,-0.5835185363999926
2019-07-30 14:45:00,-0.37182247470673246
2019-07-30 14:48:00,-0.41254974367251407
2019-07-30 14:51:00,-0.20182935041924566
2019-07-30 14:54:00,-0.4731335642687782
2019-07-30 14:57:00,-0.5870572764341091
2019-07-30 15:00:00,-0.5640236161410712
2019-07-30 15:03:00,-0.4692435504769037
2019-07-30 15:06:00,-0.4977178406066969
2019-07-30 15:09:00,-0.554892723083583
2019-07-30 15:12:00,-0.5580574610560802
2019-07-30 15:15:00,-0.517736980121299
2019-07-30 15:18:00,-0.5681632445724745
2019-07-30 15:21:00,-0.4500877353290207
2019-07-30 15:24:00,-0.5134676058710852
2019-07-30 15:27:00,-0.44050089422836436
2019-07-30 15:30:00,-0.47201816186861834
2019-07-30 15:33:00,-0.5491669611787415
2019-07-30 15:36:00,-0.46355637096343116
2019-07-30 15:39:00,-0.4154553629236375
2019-07-30 15:42:00,-0.5651683723503993
2019-07-30 15:45:00,-0.4051993241083096
2019-07-30 15:48:00,-0.4943086264918861
2019-07-30 15:51:00,-0.4520182211110182
2019-07-30 15:54:00,-0.5005807114233676
2019-07-30 15:57:00,-0.5620295235996764
2019-07-30 16:00:00,-0.5347096397778159
2019-07-30 16:03:00,-0.37485487557972874
2019-07-30 16:06:00,-0.4526711689494505
2019-07-30 16:09:00,-0.5477922449591688
2019-07-30 16:12:00,-0.5381915442447394
2019-07-30 16:15:00,-0.5312210189177904
2019-07-30 16:18:00,-0.4817392911667753
2019-07-30 16:21:00,-0.5188697235620907
2019-07-30 16:24:00,-0.46071066776511316
2019-07-30 16:27:00,-0.5482308898054384
2019-07-30 16:30:00,-0.47020286384218934
2019-07-30 16:33:00,-0.5238694031347677
2019-07-30 16:36:00,-0.5958856678152529
2019-07-30 16:39:00,-0.558221529016464
2019-07-30 16:42:00,-0.4730493850639732
2019-07-30 16:45:00,-0.5867244052952856
2019-07-30 16:48:00,-0.5542633545103968
2019-07-30 16:51:00,-0.5431586565743487
2019-07-30 16:54:00,-0.551554563576417
2019-07-30 16:57:00,-0.5406435052816505
2019-07-30 17:00:00,-0.42473086046936714
2019-07-30 17:03:00,-0.484917634793419
2019-07-30 17:06:00,-0.4664563077153048
2019-07-30 17:09:00,-0.5017257970234255
2019-07-30 17:12:00,-0.4007831826410211
2019-07-30 17:15:00,-0.5738075385824573
2019-07-30 17:18:00,-0.5015831118271876
2019-07-30 17:21:00,-0.4767912854991323
2019-07-30 17:24:00,-0.4243232583697818
2019-07-30 17:27:00,-0.5112656445934363
2019-07-30 17:30:00,-0.4623205263613386
2019-07-30 17:33:00,-0.5544090621831401
2019-07-30 17:36:00,-0.49944890751595494
2019-07-30 17:39:00,-0.4279007764148446
2019-07-30 17:42:00,-0.5012221144686464
2019-07-30 17:45:00,-0.5669864237815432
2019-07-30 17:48:00,-0.5047719557020969
2019-07-30 17:51:00,-0.4566610361567882
2019-07-30 17:54:00,-0.49105503051055166
2019-07-30 17:57:00,-0.5069436854906257
2019-07-30 18:00:00,-0.4466919124269566
2019-07-30 18:03:00,-0.474583691629789
2019-07-30 18:06:00,-0.44425770459372416
2019-07-30 18:09:00,-0.39481901337205727
2019-07-30 18:12:00,-0.5570685130165316
2019-07-30 18:15:00,-0.42917998175647654
2019-07-30 18:18:00,-0.5651047684963828
2019-07-30 18:21:00,-0.3798699689738214
2019-07-30 18:24:00,-0.5315304195612498
2019-07-30 18:27:00,-0.5354405910607056
2019-07-30 18:30:00,-0.4788581768552831
2019-07-30 18:33:00,-0.49069579319825607
2019-07-30 18:36:00,-0.541217212320646
2019-07-30 18:39:00,-0.3813044111050772
2019-07-30 18:42:00,-0.4630926144154728
2019-07-30 18:45:00,-0.38831888178157214
2019-07-30 18:48:00,-0.4309901343681304
2019-07-30 18:51:00,-0.47187289674405974
2019-07-30 18:54:00,
2019-07-30 18:57:00,
2019-07-30 19:00:00,
2019-07-30 19:03:00,-0.43080403404371737
2019-07-30 19:06:00,-0.36275284502687555
2019-07-30 19:09:00,-0.3734650046653769
2019-07-30 19:12:00,-0.3852933664865077
2019-07-30 19:15:00,-0.2365054288131887
2019-07-30 19:18:00,-0.43781154969639147
2019-07-30 19:21:00,-0.3408683908552348
2019-07-30 19:24:00,-0.20777951427885455
2019-07-30 19:27:00,-0.2822507918073711
2019-07-30 19:30:00,-0.2602264372281411
2019-07-30 19:33:00,-0.09917155662600408
2019-07-30 19:36:00,-0.2546365083901492
2019-07-30 19:39:00,-0.22288937114967666
2019-07-30 19:42:00,-0.21812773793743645
2019-07-30 19:45:00,-0.19087644874332454
2019-07-30 19:48:00,-0.15568145763450048
2019-07-30 19:51:00,-0.2937375108591027
2019-07-30 19:54:00,-0.177516035478277
2019-07-30 19:57:00,-0.12873506051039385
2019-07-30 20:00:00,-0.10196845566753154
2019-07-30 20:03:00,-0.1407809526863275
2019-07-30 20:06:00,-0.17228058079786024
2019-07-30 20:09:00,-0.12173517615758556
2019-07-30 20:12:00,-0.12068320989345693
2019-07-30 20:15:00,-0.04899159217501392
2019-07-30 20:18:00,-0.14947527802792138
2019-07-30 20:21:00,-0.07134219797086416
2019-07-30 20:24:00,-0.16832891139023332
2019-07-30 20:27:00,-0.14045683642626727
2019-07-30 20:30:00,-0.21638110996946125
2019-07-30 20:33:00,-0.12719877700709503
2019-07-30 20:36:00,-0.17746358926456196
2019-07-30 20:39:00,-0.09346373620149961
2019-07-30 20:42:00,-0.2070881550750414
2019-07-30 20:45:00,-0.06778722646606639
2019-07-30 20:48:00,-0.11375557106293854
2019-07-30 20:51:00,-0.026522632831017745
2019-07-30 20:54:00,-0.09828338383829305
2019-07-30 20:57:00,-0.13075756278556128
2019-07-30 21:00:00,-0.09732207542054994
2019-07-30 21:03:00,-0.10230750538306665
2019-07-30 21:06:00,-0.17499259999254946
2019-07-30 21:09:00,-0.03508845425818663
2019-07-30 21:12:00,-0.14056885917148065
2019-07-30 21:15:00,-0.02331297777840291
2019-07-30 21:18:00,-0.1407072280987336
2019-07-30 21:21:00,0.05355026825566256
2019-07-30 21:24:00,-0.04701133077992381
2019-07-30 21:27:00,-0.04899071464177496
2019-07-30 21:30:00,-0.07269671040359071
2019-07-30 21:33:00,-0.1008808835349555
2019-07-30 21:36:00,-0.09819083071062096
2019-07-30 21:39:00,-0.05141190355442404
2019-07-30 21:42:00,-0.016649135615750765
2019-07-30 21:45:00,-0.06273403681120726
2019-07-30 21:48:00,0.025654988805911216
2019-07-30 21:51:00,-0.004875897381509731
2019-07-30 21:54:00,0.02776235783062475
2019-07-30 21:57:00,-0.025084256343973266
2019-07-30 22:00:00,-0.040286724852592215
2019-07-30 22:03:00,-0.15948791816060748
2019-07-30 22:06:00,-0.1773798764045864
2019-07-30 22:09:00,-0.059767153800692085
2019-07-30 22:12:00,-0.1279971717589774
2019-07-30 22:15:00,-0.1732979693557013
2019-07-30 22:18:00,-0.06337012823894383
2019-07-30 22:21:00,-0.08929007160128322
2019-07-30 22:24:00,-0.0665428742390759
2019-07-30 22:27:00,-0.11390852064914725
2019-07-30 22:30:00,0.016262531457755358
2019-07-30 22:33:00,-0.047881366455271746
2019-07-30 22:36:00,-0.0559460093868438
2019-07-30 22:39:00,0.019561563795775783
2019-07-30 22:42:00,-0.02019996066752583
2019-07-30 22:45:00,-0.02533919325350098
2019-07-30 22:48:00,-0.10018938244957099
2019-07-30 22:51:00,-0.0697307531117417
2019-07-30 22:54:00,0.015874036830211935
2019-07-30 22:57:00,-0.03873452561697377
2019-07-30 23:00:00,-0.049006615351117944
2019-07-30 23:03:00,-0.058359376406428964
2019-07-30 23:06:00,-0.041465168983279455
2019-07-30 23:09:00,0.05448565790146631
2019-07-30 23:12:00,0.014058581765254985
2019-07-30 23:15:00,-0.007036825664101798
2019-07-30 23:18:00,-0.03281905486193182
2019-07-30 23:21:00,-0.027665455902308622
2019-07-30 23:24:00,-0.09510163122712356
2019-07-30 23:27:00,-0.03887026064700194
2019-07-30 23:30:00,-0.07946122980365544
2019-07-30 23:33:00,-0.04425466816508106
2019-07-30 23:36:00,-0.026744103652958984
2019-07-30 23:39:00,-0.10164355091012567
2019-07-30 23:42:00,-0.017441794510943964
2019-07-30 23:45:00,-0.04192184270260668
2019-07-30 23:48:00,0.005988153476721436
2019-07-30 23:51:00,-0.02648545528501245
2019-07-30 23:54:00,-0.0022434865132936466
2019-07-30 23:57:00,0.06484078216999478
2019-07-31 00:00:00,0.01622458224778711
2019-07-31 00:03:00,0.11196421722064542
2019-07-31 00:06:00,0.013479339453056127
2019-07-31 00:09:00,0.019628756087627153
2019-07-31 00:12:00,0.10766801875701049
2019-07-31 00:15:00,0.06420993834291266
2019-07-31 00:18:00,0.11364640803969905
2019-07-31 00:21:00,0.07210201267923821
2019-07-31 00:24:00,-0.016026272505428096
2019-07-31 00:27:00,0.09644125100078327
2019-07-31 00:30:00,0.057923072096230044
2019-07-31 00:33:00,0.056953106717969604
2019-07-31 00:36:00,0.12778263945011759
2019-07-31 00:39:00,0.028810197195184628
2019-07-31 00:42:00,-0.0007089622223475089
2019-07-31 00:45:00,-0.09443650609546239
2019-07-31 00:48:00,0.051310453455869265
2019-07-31 00:51:00,0.04253208939280739
2019-07-31 00:54:00,-0.01933449563944123
2019-07-31 00:57:00,0.017483985239323374
2019-07-31 01:00:00,-0.037737271415835494
2019-07-31 01:03:00,-0.04510068875902107
2019-07-31 01:06:00,0.09322533564647983
2019-07-31 01:09:00,0.10878528014518452
2019-07-31 01:12:00,-0.010699653419749211
2019-07-31 01:15:00,-0.12281657430941095
2019-07-31 01:18:00,-0.02454812030038056
2019-07-31 01:21:00,0.0051306300161968466
2019-07-31 01:24:00,0.019289980269149964
2019-07-31 01:27:00,0.022972116172184087
2019-07-31 01:30:00,0.06366550864589726
2019-07-31 01:33:00,0.03959754172370822
2019-07-31 01:36:00,0.015238340123346461
2019-07-31 01:39:00,0.06564822332080666
2019-07-31 01:42:00,0.09951544611948293
2019-07-31 01:45:00,0.050405417034255606
2019-07-31 01:48:00,0.11350518764976414
2019-07-31 01:51:00,0.0795752946992252
2019-07-31 01:54:00,0.08858676896051065
2019-07-31 01:57:00,0.04173629721691441
2019-07-31 02:00:00,0.10087388237946016
2019-07-31 02:03:00,0.011200366111893345
2019-07-31 02:06:00,0.09733153709208864
2019-07-31 02:09:00,0.035123656497262346
2019-07-31 02:12:00,0.04392611024616144
2019-07-31 02:15:00,0.1123365553459621
2019-07-31 02:18:00,0.005092714791715025
2019-07-31 02:21:00,-0.010255404919462308
2019-07-31 02:24:00,0.16252128985746594
2019-07-31 02:27:00,0.10111885537310172
2019-07-31 02:30:00,0.12920475720613922
2019-07-31 02:33:00,0.1345656122738319
2019-07-31 02:36:00,0.2312744093786705
2019-07-31 02:39:00,0.01943585379325441
2019-07-31 02:42:00,0.07738698461429294
2019-07-31 02:45:00,0.01150729167738973
2019-07-31 02:48:00,0.09462135613358669
2019-07-31 02:51:00,0.05108541185808235
2019-07-31 02:54:00,0.14954232519386323
2019-07-31 02:57:00,0.1904384826860337
2019-07-31 03:00:00,0.10697756328880814
2019-07-31 03:03:00,0.1766832260841511
2019-07-31 03:06:00,0.19692016777599974
2019-07-31 03:09:00,0.2295079286153623
2019-07-31 03:12:00,0.2420645689106209
2019-07-31 03:15:00,0.24491302083350774
2019-07-31 03:18:00,0.1745476702551514
2019-07-31 03:21:00,0.0583933864655819
2019-07-31 03:24:00,0.18256298203249344
2019-07-31 03:27:00,0.2065788587246402
2019-07-31 03:30:00,0.16587047592798854
2019-07-31 03:33:00,0.11020523319905351
2019-07-31 03:36:00,0.2220031412333583
2019-07-31 03:39:00,0.17886609137042342
2019-07-31 03:42:00,0.09237299850815361
2019-07-31 03:45:00,0.09328961424250792
2019-07-31 03:48:00,0.13713953257808953
2019-07-31 03:51:00,0.2564123108178933
2019-07-31 03:54:00,0.1845497491359538
2019-07-31 03:57:00,0.1856663118439883
2019-07-31 04:00:00,0.1925521752191912
2019-07-31 04:03:00,0.21934285324152825
2019-07-31 04:06:00,0.2233923271667777
2019-07-31 04:09:00,0.2321845959522193
2019-07-31 04:12:00,0.28673635235583106
2019-07-31 04:15:00,0.17668654679971496
2019-07-31 04:18:00,0.22933229433607494
2019-07-31 04:21:00,0.2737049478213862
2019-07-31 04:24:00,0.23407470905016226
2019-07-31 04:27:00,0.25693557945396606
2019-07-31 04:30:00,0.2176887692011178
2019-07-31 04:33:00,0.1871596881335904
2019-07-31 04:36:00,0.2850281919105555
2019-07-31 04:39:00,0.18804439589138155
2019-07-31 04:42:00,0.24230798294144051
2019-07-31 04:45:00,0.24939557546696278
2019-07-31 04:48:00,0.20510984047103875
2019-07-31 04:51:00,0.2754773083394184
2019-07-31 04:54:00,0.29085835563887485
2019-07-31 04:57:00,0.18038035580082123
2019-07-31 05:00:00,0.292079506422283
2019-07-31 05:03:00,0.14957141229143645
2019-07-31 05:06:00,0.24562023921652099
2019-07-31 05:09:00,0.19702775400429573
2019-07-31 05:12:00,0.2691118855034915
2019-07-31 05:15:00,0.2771501208168843
2019-07-31 05:18:00,0.3046090718054302
2019-07-31 05:21:00,0.2729388265273087
2019-07-31 05:24:00,0.26360816340201154
2019-07-31 05:27:00,0.29990542850976
2019-07-31 05:30:00,0.22146064269389854
2019-07-31 05:33:00,0.18316010177039743
2019-07-31 05:36:00,0.260269300214361
2019-07-31 05:39:00,0.29996692990368956
2019-07-31 05:42:00,0.2599847609861854
2019-07-31 05:45:00,0.33813650240148263
2019-07-31 05:48:00,0.3083947388184356
2019-07-31 05:51:00,0.21683399577108275
2019-07-31 05:54:00,0.3790595046103249
2019-07-31 05:57:00,0.24325769658122454
2019-07-31 06:00:00,0.22838930179528916
2019-07-31 06:03:00,0.30160892526726
2019-07-31 06:06:00,0.3303019593076897
2019-07-31 06:09:00,0.2510719498554863
2019-07-31 06:12:00,0.33532323197749747
2019-07-31 06:15:00,0.33613937788368276
2019-07-31 06:18:00,0.3190266657309735
2019-07-31 06:21:00,0.2743246492418052
2019-07-31 06:24:00,0.3548950152324437
2019-07-31 06:27:00,0.2900567659779085
2019-07-31 06:30:00,0.3788266814881922
2019-07-31 06:33:00,0.3106898346865705
2019-07-31 06:36:00,0.38020721995383155
2019-07-31 06:39:00,0.293825722772624
2019-07-31 06:42:00,0.37937963483096837
2019-07-31 06:45:00,0.35242663697056287
2019-07-31 06:48:00,0.36818928738568957
2019-07-31 06:51:00,0.22621325951985227
2019-07-31 06:54:00,0.31478414799494203
2019-07-31 06:57:00,0.4027346075566811
2019-07-31 07:00:00,0.39242334900626474
2019-07-31 07:03:00,0.3958466284425981
2019-07-31 07:06:00,0.27489064467124535
2019-07-31 07:09:00,0.25219711667739375
2019-07-31 07:12:00,0.31763529978172755
2019-07-31 07:15:00,0.30317171524404785
2019-07-31 07:18:00,0.3014318787499519
2019-07-31 07:21:00,0.3045828134713702
2019-07-31 07:24:00,0.23152456237835395
2019-07-31 07:27:00,0.29710514504199637
2019-07-31 07:30:00,0.2447819622295242
2019-07-31 07:33:00,0.31652126073385034
2019-07-31 07:36:00,0.22369806255244384
2019-07-31 07:39:00,0.23219286775815817
2019-07-31 07:42:00,0.263155127574521
2019-07-31 07:45:00,0.2413603743638646
2019-07-31 07:48:00,0.18868420087363802
2019-07-31 07:51:00,0.0840342383324355
2019-07-31 07:54:00,0.1374458272546235
2019-07-31 07:57:00,0.19523265494194675
2019-07-31 08:00:00,0.12282022091642375
2019-07-31 08:03:00,0.08068406106730208
2019-07-31 08:06:00,0.12759187800520522
2019-07-31 08:09:00,0.08410632847750321
2019-07-31 08:12:00,0.03462653561450679
2019-07-31 08:15:00,0.04202181735615795
2019-07-31 08:18:00,0.170464849651637
2019-07-31 08:21:00,-0.016531369282574815
2019-07-31 08:24:00,0.09682493007602488
2019-07-31 08:27:00,0.08295647951575802
2019-07-31 08:30:00,0.04256531951079978
2019-07-31 08:33:00,-0.0730301560731732
2019-07-31 08:36:00,0.09651307409802712
2019-07-31 08:39:00,0.036359700829791564
2019-07-31 08:42:00,-0.10686901722675657
2019-07-31 08:45:00,-0.130676092505837
2019-07-31 08:48:00,-0.11297732730503185
2019-07-31 08:51:00,-0.09618336912177483
2019-07-31 08:54:00,-0.11091997806329346
2019-07-31 08:57:00,-0.09385713849223976
2019-07-31 09:00:00,-0.11358170072145413
2019-07-31 09:03:00,-0.18028155120703104
2019-07-31 09:06:00,-0.13806935881513027
2019-07-31 09:09:00,-0.0913889483690582
2019-07-31 09:12:00,-0.1627479804821519
2019-07-31 09:15:00,-0.2635785090301397
2019-07-31 09:18:00,-0.17071331761661668
2019-07-31 09:21:00,-0.17379781927962767
2019-07-31 09:24:00,-0.1634679395286298
2019-07-31 09:27:00,-0.179943090538643
2019-07-31 09:30:00,-0.3355541247820497
2019-07-31 09:33:00,-0.22580081606184876
2019-07-31 09:36:00,-0.21073355894526458
2019-07-31 09:39:00,-0.3052051152214972
2019-07-31 09:42:00,-0.20068963425808306
2019-07-31 09:45:00,-0.2595574987420832
2019-07-31 09:48:00,-0.2571332180007744
2019-07-31 09:51:00,-0.28711591551262927
2019-07-31 09:54:00,-0.3923176645887452
2019-07-31 09:57:00,-0.2827581349409911
2019-07-31 10:00:00,-0.295406772396575
2019-07-31 10:03:00,-0.2574297464041706
2019-07-31 10:06:00,-0.38758366939435973
2019-07-31 10:09:00,-0.3811292201233982
2019-07-31 10:12:00,-0.45274894178430714
2019-07-31 10:15:00,-0.5161382688699518
2019-07-31 10:18:00,-0.31994574038560586
2019-07-31 10:21:00,-0.40152951675662507
2019-07-31 10:24:00,-0.40056078073359913
2019-07-31 10:27:00,-0.40987233101890297
2019-07-31 10:30:00,-0.29628577186377925
2019-07-31 10:33:00,-0.24771776903179443
2019-07-31 10:36:00,-0.26877407196985814
2019-07-31 10:39:00,-0.38401676570117615
2019-07-31 10:42:00,-0.4071859040425352
2019-07-31 10:45:00,-0.35992822903966726
2019-07-31 10:48:00,-0.4818294612782097
2019-07-31 10:51:00,-0.437611644126946
2019-07-31 10:54:00,-0.4594735073985703
2019-07-31 10:57:00,-0.5374055624130278
2019-07-31 11:00:00,-0.3432357132696211
2019-07-31 11:03:00,-0.36495157157730773
2019-07-31 11:06:00,-0.4700782555697174
2019-07-31 11:09:00,-0.49774268482548223
2019-07-31 11:12:00,-0.472186854843585
2019-07-31 11:15:00,-0.6059731660218404
2019-07-31 11:18:00,-0.5755739359343579
2019-07-31 11:21:00,-0.6140616398938619
2019-07-31 11:24:00,-0.6373851749245318
2019-07-31 11:27:00,-0.5094855425901414
2019-07-31 11:30:00,-0.6397107804350526
2019-07-31 11:33:00,-0.623080328343633
2019-07-31 11:36:00,-0.5160691280896117
2019-07-31 11:39:00,-0.568659365459439
2019-07-31 11:42:00,-0.5300251042478408
2019-07-31 11:45:00,-0.6053151708949258
2019-07-31 11:48:00,-0.5091051760038567
2019-07-31 11:51:00,-0.48046036138055115
2019-07-31 11:54:00,-0.6045279068165428
2019-07-31 11:57:00,-0.6124560218228794
2019-07-31 12:00:00,-0.4786907163684191
2019-07-31 12:03:00,-0.6086994111475406
2019-07-31 12:06:00,-0.5722573135625453
2019-07-31 12:09:00,-0.6163450833123534
2019-07-31 12:12:00,-0.48763208472536235
2019-07-31 12:15:00,-0.6315044778383481
2019-07-31 12:18:00,-0.569126023237402
2019-07-31 12:21:00,-0.5697964714831869
2019-07-31 12:24:00,-0.5882648228150629
2019-07-31 12:27:00,-0.4906351381424656
2019-07-31 12:30:00,-0.5075762246283375
2019-07-31 12:33:00,-0.47198393743155975
2019-07-31 12:36:00,-0.4894622905348456
2019-07-31 12:39:00,-0.6081018147006034
2019-07-31 12:42:00,-0.5219497679818232
2019-07-31 12:45:00,-0.5529039038132169
2019-07-31 12:48:00,-0.4880782045355545
2019-07-31 12:51:00,-0.5682826826716223
2019-07-31 12:54:00,-0.4582433565091719
2019-07-31 12:57:00,-0.6761551037432696
2019-07-31 13:00:00,-0.4825758165992511
2019-07-31 13:03:00,-0.4438629271267587
2019-07-31 13:06:00,-0.44279127602123936
2019-07-31 13:09:00,-0.5441763190105462
2019-07-31 13:12:00,-0.6722342574594791
2019-07-31 13:15:00,-0.5146431280294905
2019-07-31 13:18:00,-0.5526842105898595
2019-07-31 13:21:00,-0.4895757584370699
2019-07-31 13:24:00,-0.5377167691069076
2019-07-31 13:27:00,-0.6022092396264043
2019-07-31 13:30:00,-0.3851044846633158
2019-07-31 13:33:00,-0.5198712497040674
2019-07-31 13:36:00,-0.5811874587049601
2019-07-31 13:39:00,-0.4761688537130908
2019-07-31 13:42:00,-0.5528460301791256
2019-07-31 13:45:00,-0.5378901695650598
2019-07-31 13:48:00,-0.48061591186541364
2019-07-31 13:51:00,-0.4837947309486026
2019-07-31 13:54:00,-0.6654821013646028
2019-07-31 13:57:00,-0.673461011771451
2019-07-31 14:00:00,-0.6138830527535788
2019-07-31 14:03:00,-0.5884686597767086
2019-07-31 14:06:00,-0.6127666009437576
2019-07-31 14:09:00,-0.5980825730542847
2019-07-31 14:12:00,-0.6195432046893643
2019-07-31 14:15:00,-0.43931480468143036
2019-07-31 14:18:00,-0.5868507606539879
2019-07-31 14:21:00,-0.6283428009415957
2019-07-31 14:24:00,-0.6333096553710789
2019-07-31 14:27:00,-0.6540747231518935
2019-07-31 14:30:00,-0.5197601779246952
2019-07-31 14:33:00,-0.5639959191348112
2019-07-31 14:36:00,-0.4835949469617731
2019-07-31 14:39:00,-0.603641088827203
2019-07-31 14:42:00,-0.6016266239928427
2019-07-31 14:45:00,-0.575597043707603
2019-07-31 14:48:00,-0.6195284064173165
2019-07-31 14:51:00,-0.61706829586916
2019-07-31 14:54:00,-0.5161931661983772
2019-07-31 14:57:00,-0.5076745625820536
2019-07-31 15:00:00,-0.6570302255731235
2019-07-31 15:03:00,-0.6501706475714855
2019-07-31 15:06:00,-0.5759951298099963
2019-07-31 15:09:00,-0.5815964807856062
2019-07-31 15:12:00,-0.6018658557804883
2019-07-31 15:15:00,-0.6655978789593178
2019-07-31 15:18:00,-0.6334939578886178
2019-07-31 15:21:00,-0.6615947659140602
2019-07-31 15:24:00,-0.5547443597204733
2019-07-31 15:27:00,-0.5794065587598993
2019-07-31 15:30:00,-0.6387814005676091
2019-07-31 15:33:00,-0.5859350998894683
2019-07-31 15:36:00,-0.6741013183516884
2019-07-31 15:39:00,-0.7119531378503439
2019-07-31 15:42:00,-0.6270098205087038
2019-07-31 15:45:00,-0.6043250253983956
2019-07-31 15:48:00,-0.5959462886539768
2019-07-31 15:51:00,-0.5786889044863983
2019-07-31 15:54:00,-0.5711703673110833
2019-07-31 15:57:00,-0.5399814033390271
2019-07-31 16:00:00,-0.5604709196097701
2019-07-31 16:03:00,-0.6447886659954634
2019-07-31 16:06:00,-0.6374080746198274
2019-07-31 16:09:00,-0.5117979330731259
2019-07-31 16:12:00,-0.5834139576388111
2019-07-31 16:15:00,-0.5937332853285966
2019-07-31 16:18:00,-0.5534672628367616
2019-07-31 16:21:00,-0.5591905361088152
2019-07-31 16:24:00,-0.57939438907772
2019-07-31 16:27:00,-0.5983745531646605
2019-07-31 16:30:00,-0.5714353272343828
2019-07-31 16:33:00,-0.6172536070635601
2019-07-31 16:36:00,-0.5833889862877868
2019-07-31 16:39:00,-0.5464853828013929
2019-07-31 16:42:00,-0.5499782563025519
2019-07-31 16:45:00,-0.5215836290962557
2019-07-31 16:48:00,-0.5859133094080562
2019-07-31 16:51:00,-0.5687443658127904
2019-07-31 16:54:00,-0.5903960657430503
2019-07-31 16:57:00,-0.4155025970776478
2019-07-31 17:00:00,-0.5900773258924801
2019-07-31 17:03:00,-0.5103627791270355
2019-07-31 17:06:00,-0.6333832998917046
2019-07-31 17:09:00,-0.49380845477355706
2019-07-31 17:12:00,-0.5103323597352301
2019-07-31 17:15:00,-0.5927145647959264
2019-07-31 17:18:00,-0.5616031403864667
2019-07-31 17:21:00,-0.48581288136978173
2019-07-31 17:24:00,-0.41701851096513565
2019-07-31 17:27:00,-0.4874288183791009
2019-07-31 17:30:00,-0.49221075222760646
2019-07-31 17:33:00,-0.5616828116492343
2019-07-31 17:36:00,-0.5062955505717923
2019-07-31 17:39:00,-0.4876577203393708
2019-07-31 17:42:00,-0.490545440146434
2019-07-31 17:45:00,-0.4878082508167836
2019-07-31 17:48:00,-0.5164734789622116
2019-07-31 17:51:00,-0.5274881186621201
2019-07-31 17:54:00,-0.5741286027307524
2019-07-31 17:57:00,-0.4558437885420972
2019-07-31 18:00:00,-0.6008198630522656
2019-07-31 18:03:00,-0.4613673077706153
2019-07-31 18:06:00,-0.5514246263467157
2019-07-31 18:09:00,-0.41195626772844207
2019-07-31 18:12:00,-0.48385918853182375
2019-07-31 18:15:00,-0.508599430838899
2019-07-31 18:18:00,-0.45500322668056015
2019-07-31 18:21:00,-0.4319943878793424
2019-07-31 18:24:00,-0.5608252980312614
2019-07-31 18:27:00,-0.40995361458351454
2019-07-31 18:30:00,-0.45254128886432454
2019-07-31 18:33:00,-0.4001319659593605
2019-07-31 18:36:00,-0.43820406716105254
2019-07-31 18:39:00,-0.3603743652504363
2019-07-31 18:42:00,-0.48520760993375234
2019-07-31 18:45:00,-0.3879944608013943
2019-07-31 18:48:00,-0.37467401837795933
2019-07-31 18:51:00,-0.30544466853172025
2019-07-31 18:54:00,-0.3343424082428328
2019-07-31 18:57:00,
2019-07-31 19:00:00,
2019-07-31 19:03:00,-0.36477526487635714
2019-07-31 19:06:00,-0.35647025987395864
2019-07-31 19:09:00,-0.36902357322031776
2019-07-31 19:12:00,-0.2930104195178842
2019-07-31 19:15:00,-0.3845434115326043
2019-07-31 19:18:00,-0.396635855308034
2019-07-31 19:21:00,-0.3965563356619555
2019-07-31 19:24:00,-0.35755844720364394
2019-07-31 19:27:00,-0.2557365906174027
2019-07-31 19:30:00,-0.299112865458369
2019-07-31 19:33:00,-0.2408770823984696
2019-07-31 19:36:00,-0.29675281089049577
2019-07-31 19:39:00,-0.30060870056723843
2019-07-31 19:42:00,-0.38439796650430935
2019-07-31 19:45:00,-0.31562982167429254
2019-07-31 19:48:00,-0.28311969382775715
2019-07-31 19:51:00,-0.2638443193696389
2019-07-31 19:54:00,-0.20565401710859987
2019-07-31 19:57:00,-0.2691460005843851
2019-07-31 20:00:00,-0.15837857380637388
2019-07-31 20:03:00,-0.10372440063031263
2019-07-31 20:06:00,-0.19078963172660224
2019-07-31 20:09:00,-0.10174329681120753
2019-07-31 20:12:00,-0.10590392232671775
2019-07-31 20:15:00,-0.09835667725587882
2019-07-31 20:18:00,-0.18950789184071937
2019-07-31 20:21:00,-0.11620506487480498
2019-07-31 20:24:00,-0.17739965746784492
2019-07-31 20:27:00,-0.09742508353781432
2019-07-31 20:30:00,-0.13720116348940792
2019-07-31 20:33:00,-0.09937250675886844
2019-07-31 20:36:00,-0.12517529113728187
2019-07-31 20:39:00,-0.1369845640094809
2019-07-31 20:42:00,-0.058591375091907594
2019-07-31 20:45:00,-0.029432319259058204
2019-07-31 20:48:00,-0.030940861395038155
2019-07-31 20:51:00,-0.12220691692022001
2019-07-31 20:54:00,-0.04331667528452954
2019-07-31 20:57:00,0.010735413425209117
2019-07-31 21:00:00,-0.0006974505233756645
2019-07-31 21:03:00,-0.03750403372504252
2019-07-31 21:06:00,0.07339817319552822
2019-07-31 21:09:00,0.005939634004676009
2019-07-31 21:12:00,0.054415459267488586
2019-07-31 21:15:00,0.1337131423187543
2019-07-31 21:18:00,0.05177391771832163
2019-07-31 21:21:00,-0.004869727499510645
2019-07-31 21:24:00,0.04984535365190368
2019-07-31 21:27:00,0.10690611295564167
2019-07-31 21:30:00,0.11839621977850356
2019-07-31 21:33:00,0.05714422956538101
2019-07-31 21:36:00,-0.039254039450611344
2019-07-31 21:39:00,0.05521279345816765
2019-07-31 21:42:00,0.08113458824703912
2019-07-31 21:45:00,0.003168448645396893
2019-07-31 21:48:00,0.0010658450551090937
2019-07-31 21:51:00,0.06150907662657801
2019-07-31 21:54:00,0.030483389335813627
2019-07-31 21:57:00,0.045221868124258435
2019-07-31 22:00:00,0.003424638485341802
2019-07-31 22:03:00,0.0517875296872603
2019-07-31 22:06:00,0.06350923604469472
2019-07-31 22:09:00,0.09081960858230786
2019-07-31 22:12:00,0.007789385453634168
2019-07-31 22:15:00,-0.013619720124779633
2019-07-31 22:18:00,0.18810830033174852
2019-07-31 22:21:00,0.043744530818685234
2019-07-31 22:24:00,0.029499475869954495
2019-07-31 22:27:00,0.10343626078611123
2019-07-31 22:30:00,0.06345251807118757
2019-07-31 22:33:00,0.07580324914755465
2019-07-31 22:36:00,0.10188809551522127
2019-07-31 22:39:00,0.022845556061326988
2019-07-31 22:42:00,0.04183945858528659
2019-07-31 22:45:00,0.07982535101422172
2019-07-31 22:48:00,-0.042412855016721096
2019-07-31 22:51:00,-0.023814692814426053
2019-07-31 22:54:00,-0.028512021832284518
2019-07-31 22:57:00,-0.011738458397360318
2019-07-31 23:00:00,-0.11931171983235345
2019-07-31 23:03:00,-0.07741878889333975
2019-07-31 23:06:00,-0.035134531338201214
2019-07-31 23:09:00,-0.055473135589181766
2019-07-31 23:12:00,-0.06801319436544873
2019-07-31 23:15:00,0.01485257663171069
2019-07-31 23:18:00,-0.07255199043612492
2019-07-31 23:21:00,-0.07648420200098371
2019-07-31 23:24:00,-0.11133292331146549
2019-07-31 23:27:00,-0.05842529900394311
2019-07-31 23:30:00,-0.043383626287550214
2019-07-31 23:33:00,-0.08720380067859423
2019-07-31 23:36:00,-0.1295631540741624
2019-07-31 23:39:00,0.004153008325658902
2019-07-31 23:42:00,-0.04722984938945274
2019-07-31 23:45:00,-0.0006263060576543467
2019-07-31 23:48:00,-0.011930121865020737
2019-07-31 23:51:00,0.033532722365350764
2019-07-31 23:54:00,-0.0032005992180188514
2019-07-31 23:57:00,-0.00631205339590224
2019-08-01 00:00:00,0.0067878503018619085
2019-08-01 00:03:00,0.07577248752431842
2019-08-01 00:06:00,-0.04594464450048008
2019-08-01 00:09:00,-0.039133067755301454
2019-08-01 00:12:00,-0.05602319044368187
2019-08-01 00:15:00,0.06789800111857858
2019-08-01 00:18:00,0.018587386398280614
2019-08-01 00:21:00,-0.0007716720389225884
2019-08-01 00:24:00,0.06439027910494133
2019-08-01 00:27:00,-0.08668001069611364
2019-08-01 00:30:00,-0.020765999214745534
2019-08-01 00:33:00,-0.023633971695630862
2019-08-01 00:36:00,-0.07261769100722404
2019-08-01 00:39:00,-0.03169094857418031
2019-08-01 00:42:00,-0.14253866386894742
2019-08-01 00:45:00,-0.032937112458853335
2019-08-01 00:48:00,-0.027603149687990935
2019-08-01 00:51:00,-0.026221625785353808
2019-08-01 00:54:00,-0.10837990102311323
2019-08-01 00:57:00,-0.09337716200673185
2019-08-01 01:00:00,-0.05590190603237488
2019-08-01 01:03:00,0.029640322213708714
2019-08-01 01:06:00,-0.11697494544165465
2019-08-01 01:09:00,-0.029363559474006706
2019-08-01 01:12:00,-0.039552059024970276
2019-08-01 01:15:00,-0.03911953856680839
2019-08-01 01:18:00,-0.02208729570753576
2019-08-01 01:21:00,-0.007701440649043434
2019-08-01 01:24:00,-0.01934263776223588
2019-08-01 01:27:00,0.05954288666140428
2019-08-01 01:30:00,-0.01857227672434192
2019-08-01 01:33:00,-0.08534795386708538
2019-08-01 01:36:00,0.007729997583567183
2019-08-01 01:39:00,-0.06257908558973213
2019-08-01 01:42:00,0.03892250302777711
2019-08-01 01:45:00,-0.01788401627300118
2019-08-01 01:48:00,0.1132406980233327
2019-08-01 01:51:00,-0.038992174543523106
2019-08-01 01:54:00,0.090521868272333
2019-08-01 01:57:00,0.0496777497805283
2019-08-01 02:00:00,0.07133840576631201
2019-08-01 02:03:00,0.10485751037828095
2019-08-01 02:06:00,0.06712545006143955
2019-08-01 02:09:00,0.11109004178689474
2019-08-01 02:12:00,0.052896459432133724
2019-08-01 02:15:00,0.001560128145172257
2019-08-01 02:18:00,0.14616354917183116
2019-08-01 02:21:00,0.1502717240246625
2019-08-01 02:24:00,0.11279603116696535
2019-08-01 02:27:00,0.07822560576153137
2019-08-01 02:30:00,0.13060282951613544
2019-08-01 02:33:00,0.08089724139762211
2019-08-01 02:36:00,0.21006763953778318
2019-08-01 02:39:00,0.04580561651465587
2019-08-01 02:42:00,0.11546187079972015
2019-08-01 02:45:00,0.1534923112623119
2019-08-01 02:48:00,0.1431213817464254
2019-08-01 02:51:00,0.11573451223443953
2019-08-01 02:54:00,0.20406860456785125
2019-08-01 02:57:00,0.07509969517076343
2019-08-01 03:00:00,0.19930258942974888
2019-08-01 03:03:00,0.1489386657747218
2019-08-01 03:06:00,0.18028505923501825
2019-08-01 03:09:00,0.1485552329132247
2019-08-01 03:12:00,0.03411960905259548
2019-08-01 03:15:00,0.23132925802104864
2019-08-01 03:18:00,0.22626811746971498
2019-08-01 03:21:00,0.12608253498137856
2019-08-01 03:24:00,0.17897194447010634
2019-08-01 03:27:00,0.22497561477450745
2019-08-01 03:30:00,0.18449440557515118
2019-08-01 03:33:00,0.2391861283920207
2019-08-01 03:36:00,0.29024593182788294
2019-08-01 03:39:00,0.2084711095989178
2019-08-01 03:42:00,0.27678127588268353
2019-08-01 03:45:00,0.273166947816037
2019-08-01 03:48:00,0.1618409897370725
2019-08-01 03:51:00,0.18132721032634436
2019-08-01 03:54:00,0.2756172030922812
2019-08-01 03:57:00,0.13260809013115704
2019-08-01 04:00:00,0.1917873219294961
2019-08-01 04:03:00,0.15809966150834498
2019-08-01 04:06:00,0.2168321850476218
2019-08-01 04:09:00,0.10959956209347865
2019-08-01 04:12:00,0.223138061245038
2019-08-01 04:15:00,0.21953695505624182
2019-08-01 04:18:00,0.2481574834172875
2019-08-01 04:21:00,0.1760880222757919
2019-08-01 04:24:00,0.310880419284274
2019-08-01 04:27:00,0.20638140700077656
2019-08-01 04:30:00,0.22692966197308806
2019-08-01 04:33:00,0.21254304250965106
2019-08-01 04:36:00,0.24838070548497626
2019-08-01 04:39:00,0.23913440901247895
2019-08-01 04:42:00,0.24735765852574332
2019-08-01 04:45:00,0.3207756176747125
2019-08-01 04:48:00,0.1896162348003827
2019-08-01 04:51:00,0.23917857547286303
2019-08-01 04:54:00,0.2715511239164812
2019-08-01 04:57:00,0.29213363274209314
2019-08-01 05:00:00,0.3089825017802923
2019-08-01 05:03:00,0.26487105773691155
2019-08-01 05:06:00,0.2096328980919111
2019-08-01 05:09:00,0.23268295828012242
2019-08-01 05:12:00,0.34999112422775625
2019-08-01 05:15:00,0.299141759533768
2019-08-01 05:18:00,0.16702153645917406
2019-08-01 05:21:00,0.11112787960655623
2019-08-01 05:24:00,0.07343712643262279
2019-08-01 05:27:00,0.2239929016387805
2019-08-01 05:30:00,0.17748695826816174
2019-08-01 05:33:00,0.1730814794206026
2019-08-01 05:36:00,0.24162473496062375
2019-08-01 05:39:00,0.29452010780175897
2019-08-01 05:42:00,0.17023783615178445
2019-08-01 05:45:00,0.22944140534013968
2019-08-01 05:48:00,0.2197825284934538
2019-08-01 05:51:00,0.2595731178225833
2019-08-01 05:54:00,0.14190637568918874
2019-08-01 05:57:00,0.1782436140845789
2019-08-01 06:00:00,0.19329846431980968
2019-08-01 06:03:00,0.2369680949659596
2019-08-01 06:06:00,0.2665380371266224
2019-08-01 06:09:00,0.24168944066877884
2019-08-01 06:12:00,0.27819227793122536
2019-08-01 06:15:00,0.29320369429029824
2019-08-01 06:18:00,0.1893639625854462
2019-08-01 06:21:00,0.3782888216175593
2019-08-01 06:24:00,0.20411564005559057
2019-08-01 06:27:00,0.24894145724863392
2019-08-01 06:30:00,0.2349553659055914
2019-08-01 06:33:00,0.13735311672201078
2019-08-01 06:36:00,0.11315430499274726
2019-08-01 06:39:00,0.25711880046281976
2019-08-01 06:42:00,0.25883513032061956
2019-08-01 06:45:00,0.2378564931499909
2019-08-01 06:48:00,0.237401524889151
2019-08-01 06:51:00,0.2810334818867659
2019-08-01 06:54:00,0.2105738234273531
2019-08-01 06:57:00,0.2742094115520217
2019-08-01 07:00:00,0.2645762072201592
2019-08-01 07:03:00,0.2602337477188712
2019-08-01 07:06:00,0.27673453353418154
2019-08-01 07:09:00,0.26696872393995363
2019-08-01 07:12:00,0.36074724181759166
2019-08-01 07:15:00,0.30160960340623433
2019-08-01 07:18:00,0.289615744307298
2019-08-01 07:21:00,0.2751511178040573
2019-08-01 07:24:00,0.34463044460267156
2019-08-01 07:27:00,0.23239767771650577
2019-08-01 07:30:00,0.2279381715108002
2019-08-01 07:33:00,0.28661616359192976
2019-08-01 07:36:00,0.31723483667713026
2019-08-01 07:39:00,0.23702022273351986
2019-08-01 07:42:00,0.23380114962861853
2019-08-01 07:45:00,0.22214917680094004
2019-08-01 07:48:00,0.2718460661464519
2019-08-01 07:51:00,0.27378099710585957
2019-08-01 07:54:00,0.2238417327767479
2019-08-01 07:57:00,0.17079714129130252
2019-08-01 08:00:00,0.24195977269499735
2019-08-01 08:03:00,0.22166740157024378
2019-08-01 08:06:00,0.2491234468878929
2019-08-01 08:09:00,0.2698978319677394
2019-08-01 08:12:00,0.24203944866553684
2019-08-01 08:15:00,0.13712294067317998
2019-08-01 08:18:00,0.15500354962352958
2019-08-01 08:21:00,0.2051011782001524
2019-08-01 08:24:00,0.20694399416896658
2019-08-01 08:27:00,0.0962110164877572
2019-08-01 08:30:00,0.07752529759898152
2019-08-01 08:33:00,0.12264828008761697
2019-08-01 08:36:00,0.1291460978682153
2019-08-01 08:39:00,0.12889748147432556
2019-08-01 08:42:00,0.0950711460774869
2019-08-01 08:45:00,0.16666755248678555
2019-08-01 08:48:00,0.12247547164633943
2019-08-01 08:51:00,0.11546240025819543
2019-08-01 08:54:00,0.06607633404058788
2019-08-01 08:57:00,0.12251087866832222
2019-08-01 09:00:00,0.0808590461847416
2019-08-01 09:03:00,0.03951323092479697
2019-08-01 09:06:00,0.08909795254760411
2019-08-01 09:09:00,0.05752685816605663
2019-08-01 09:12:00,0.06719412492896026
2019-08-01 09:15:00,-0.017535862579450168
2019-08-01 09:18:00,0.07677697980921039
2019-08-01 09:21:00,-0.018718836516256943
2019-08-01 09:24:00,0.023925807019566037
2019-08-01 09:27:00,-0.026845905377115287
2019-08-01 09:30:00,0.00016420151843021813
2019-08-01 09:33:00,-0.01620244196095655
2019-08-01 09:36:00,-0.16940066504065499
2019-08-01 09:39:00,0.011952025101265917
2019-08-01 09:42:00,-0.04924114453274342
2019-08-01 09:45:00,0.05915729978892159
2019-08-01 09:48:00,0.018731507678808157
2019-08-01 09:51:00,0.015165666124914878
2019-08-01 09:54:00,0.027778945080456197
2019-08-01 09:57:00,0.008995346095048262
2019-08-01 10:00:00,-0.057418396399498306
2019-08-01 10:03:00,-0.1415920161385884
2019-08-01 10:06:00,-0.07774648427272268
2019-08-01 10:09:00,-0.0338221895103743
2019-08-01 10:12:00,-0.13427533881161935
2019-08-01 10:15:00,0.00408374290861957
2019-08-01 10:18:00,-0.07552659739292267
2019-08-01 10:21:00,-0.08906706928138419
2019-08-01 10:24:00,-0.16327045662916362
2019-08-01 10:27:00,-0.12017498256057024
2019-08-01 10:30:00,-0.03993475694085191
2019-08-01 10:33:00,-0.05181298269309309
2019-08-01 10:36:00,-0.19855362652918984
2019-08-01 10:39:00,-0.012476339863269459
2019-08-01 10:42:00,-0.029104036525325228
2019-08-01 10:45:00,-0.03614072798518464
2019-08-01 10:48:00,-0.1774421692238093
2019-08-01 10:51:00,-0.0558835933684918
2019-08-01 10:54:00,-0.0990328802795375
2019-08-01 10:57:00,-0.12393823494397793
2019-08-01 11:00:00,-0.21400472298284967
2019-08-01 11:03:00,-0.10635063069679518
2019-08-01 11:06:00,-0.08460906715066585
2019-08-01 11:09:00,-0.07269457884763142
2019-08-01 11:12:00,-0.028939512433112213
2019-08-01 11:15:00,-0.08254430584901229
2019-08-01 11:18:00,-0.020025732366377724
2019-08-01 11:21:00,-0.08774765468655232
2019-08-01 11:24:00,-0.12102977843420604
2019-08-01 11:27:00,-0.11688194940478525
2019-08-01 11:30:00,-0.01792358606826383
2019-08-01 11:33:00,-0.09848651770749939
2019-08-01 11:36:00,-0.06369232193969765
2019-08-01 11:39:00,-0.12963001544233066
2019-08-01 11:42:00,-0.0827932161953413
2019-08-01 11:45:00,-0.02411573197235839
2019-08-01 11:48:00,-0.09807321958300008
2019-08-01 11:51:00,-0.14557044291984766
2019-08-01 11:54:00,-0.1596034020907382
2019-08-01 11:57:00,-0.1221716266546764
2019-08-01 12:00:00,-0.16913971011024387
2019-08-01 12:03:00,-0.169646017174216
2019-08-01 12:06:00,-0.12919810827224865
2019-08-01 12:09:00,-0.15336557041899823
2019-08-01 12:12:00,-0.2438182364290924
2019-08-01 12:15:00,-0.10246383553226224
2019-08-01 12:18:00,-0.1258544192897375
2019-08-01 12:21:00,-0.032104305570328506
2019-08-01 12:24:00,-0.1710783298045726
2019-08-01 12:27:00,-0.17627056705794075
2019-08-01 12:30:00,-0.2083111248037426
2019-08-01 12:33:00,-0.1399958421270071
2019-08-01 12:36:00,-0.19212189949274716
2019-08-01 12:39:00,-0.2138328026387626
2019-08-01 12:42:00,-0.18483910548593485
2019-08-01 12:45:00,-0.23582885849850754
2019-08-01 12:48:00,-0.1176236402868085
2019-08-01 12:51:00,-0.10264173329954929
2019-08-01 12:54:00,-0.10813865192739058
2019-08-01 12:57:00,-0.20819391397623122
2019-08-01 13:00:00,-0.26157340378244953
2019-08-01 13:03:00,-0.15113969382741743
2019-08-01 13:06:00,-0.20051752641336407
2019-08-01 13:09:00,-0.18480687973959675
2019-08-01 13:12:00,-0.14456387704251483
2019-08-01 13:15:00,-0.20465793016785483
2019-08-01 13:18:00,-0.2951268731004575
2019-08-01 13:21:00,-0.29744494066903826
2019-08-01 13:24:00,-0.41592255333995354
2019-08-01 13:27:00,-0.2990305570677947
2019-08-01 13:30:00,-0.24890257104476632
2019-08-01 13:33:00,-0.3835568332766002
2019-08-01 13:36:00,-0.3340706442756982
2019-08-01 13:39:00,-0.37671726209322287
2019-08-01 13:42:00,-0.3169254797937242
2019-08-01 13:45:00,-0.34309957851661466
2019-08-01 13:48:00,-0.3159239863632024
2019-08-01 13:51:00,-0.4013619862259361
2019-08-01 13:54:00,-0.43569954854046955
2019-08-01 13:57:00,-0.40139014471753853
2019-08-01 14:00:00,-0.39558311868444207
2019-08-01 14:03:00,-0.5340893111881542
2019-08-01 14:06:00,-0.511344302888233
2019-08-01 14:09:00,-0.48107461175533217
2019-08-01 14:12:00,-0.4330370577335998
2019-08-01 14:15:00,-0.467589480557308
2019-08-01 14:18:00,-0.45794752648248505
2019-08-01 14:21:00,-0.4179921607025676
2019-08-01 14:24:00,-0.5461710855650495
2019-08-01 14:27:00,-0.5622198169919557
2019-08-01 14:30:00,-0.3706603548550902
2019-08-01 14:33:00,-0.5180610783511952
2019-08-01 14:36:00,-0.49689251240607746
2019-08-01 14:39:00,-0.5812451177196181
2019-08-01 14:42:00,-0.3587544580642543
2019-08-01 14:45:00,-0.48761319613583964
2019-08-01 14:48:00,-0.475769465126632
2019-08-01 14:51:00,-0.5154070945703779
2019-08-01 14:54:00,-0.4713335691228622
2019-08-01 14:57:00,-0.5629757834536235
2019-08-01 15:00:00,-0.4449510027453698
2019-08-01 15:03:00,-0.412456690665465
2019-08-01 15:06:00,-0.3855417510139887
2019-08-01 15:09:00,-0.40708965806743436
2019-08-01 15:12:00,-0.45979987054681715
2019-08-01 15:15:00,-0.3515306721447473
2019-08-01 15:18:00,-0.3623904762624761
2019-08-01 15:21:00,-0.41640821818236873
2019-08-01 15:24:00,-0.3885863734703321
2019-08-01 15:27:00,-0.32029374685919265
2019-08-01 15:30:00,-0.3287329141700184
2019-08-01 15:33:00,-0.32194492476554615
2019-08-01 15:36:00,-0.3301080668092027
2019-08-01 15:39:00,-0.33547084175989994
2019-08-01 15:42:00,-0.36509950042193395
2019-08-01 15:45:00,-0.3972828410931015
2019-08-01 15:48:00,-0.34804912587782155
2019-08-01 15:51:00,-0.32536250374653264
2019-08-01 15:54:00,-0.36863352819449346
2019-08-01 15:57:00,-0.39006690129775734
2019-08-01 16:00:00,-0.41206022469276604
2019-08-01 16:03:00,-0.3154380947256641
2019-08-01 16:06:00,-0.3570552669297058
2019-08-01 16:09:00,-0.33536867861147357
2019-08-01 16:12:00,-0.31455889304237417
2019-08-01 16:15:00,-0.3179139027662927
2019-08-01 16:18:00,-0.30397878381353394
2019-08-01 16:21:00,-0.38905459421522437
2019-08-01 16:24:00,-0.33225805014564
2019-08-01 16:27:00,-0.32902492427882635
2019-08-01 16:30:00,-0.28519642474435614
2019-08-01 16:33:00,-0.4412038424229081
2019-08-01 16:36:00,-0.31693970371640035
2019-08-01 16:39:00,-0.2248197058149799
2019-08-01 16:42:00,-0.3407984033647722
2019-08-01 16:45:00,-0.228886916933277
2019-08-01 16:48:00,-0.317970801956335
2019-08-01 16:51:00,-0.413094108380335
2019-08-01 16:54:00,-0.3522161074006931
2019-08-01 16:57:00,-0.28602845635441554
2019-08-01 17:00:00,-0.24514101038647595
2019-08-01 17:03:00,-0.207459775617167
2019-08-01 17:06:00,-0.2982832088086411
2019-08-01 17:09:00,-0.2661247889634524
2019-08-01 17:12:00,-0.3134460886467423
2019-08-01 17:15:00,-0.21955536379658724
2019-08-01 17:18:00,-0.2346760138975128
2019-08-01 17:21:00,-0.19380093487586691
2019-08-01 17:24:00,-0.3032654583122394
2019-08-01 17:27:00,-0.2632684370739753
2019-08-01 17:30:00,-0.1887283118581422
2019-08-01 17:33:00,-0.24074423280507062
2019-08-01 17:36:00,-0.15139252317709406
2019-08-01 17:39:00,-0.17707671645752043
2019-08-01 17:42:00,-0.25343688520814567
2019-08-01 17:45:00,-0.22382149180117494
2019-08-01 17:48:00,-0.25973687517085864
2019-08-01 17:51:00,-0.2448656013357322
2019-08-01 17:54:00,-0.18405556140703538
2019-08-01 17:57:00,-0.2962956043111262
2019-08-01 18:00:00,-0.1705308041661624
2019-08-01 18:03:00,-0.24085352572660668
2019-08-01 18:06:00,-0.14015247338227255
2019-08-01 18:09:00,-0.17824312003665455
2019-08-01 18:12:00,-0.10914308453664034
2019-08-01 18:15:00,-0.0401931402539617
2019-08-01 18:18:00,0.01017754064065457
2019-08-01 18:21:00,-0.039140671493271384
2019-08-01 18:24:00,-0.031959267721617834
2019-08-01 18:27:00,-0.19776411701855068
2019-08-01 18:30:00,-0.10675473202417152
2019-08-01 18:33:00,-0.05242835605457685
2019-08-01 18:36:00,-0.05243342090932401
2019-08-01 18:39:00,-0.0027482740328537147
2019-08-01 18:42:00,-0.007444712890958272
2019-08-01 18:45:00,0.014817778913140955
2019-08-01 18:48:00,-0.05758991825251769
2019-08-01 18:51:00,0.02204319005227262
2019-08-01 18:54:00,
2019-08-01 18:57:00,
2019-08-01 19:00:00,
2019-08-01 19:03:00,-0.03477086824551634
2019-08-01 19:06:00,-0.03969231553571717
2019-08-01 19:09:00,-0.13956051799254965
2019-08-01 19:12:00,-0.07912835724414435
2019-08-01 19:15:00,-0.03470570657123062
2019-08-01 19:18:00,-0.017127991648862917
2019-08-01 19:21:00,-0.037136404463694817
2019-08-01 19:24:00,-0.044091909990356726
2019-08-01 19:27:00,0.04098044482890373
2019-08-01 19:30:00,-0.05876754818353902
2019-08-01 19:33:00,-0.06355105098043623
2019-08-01 19:36:00,0.010505433305297629
2019-08-01 19:39:00,-0.05127898297138245
2019-08-01 19:42:00,0.01795128721744277
2019-08-01 19:45:00,-0.033569977578622456
2019-08-01 19:48:00,-0.00045260891414500293
2019-08-01 19:51:00,-0.08402877640423867
2019-08-01 19:54:00,-0.04710990249122915
2019-08-01 19:57:00,-0.08941966289393122
2019-08-01 20:00:00,-0.02382383358667539
2019-08-01 20:03:00,-0.054606216585739276
2019-08-01 20:06:00,-0.05045633261011062
2019-08-01 20:09:00,-0.02025873056089722
2019-08-01 20:12:00,0.009447690224760663
2019-08-01 20:15:00,-0.029788488962765314
2019-08-01 20:18:00,0.0463006543449751
2019-08-01 20:21:00,0.004417086963940164
2019-08-01 20:24:00,-0.07515064473966504
2019-08-01 20:27:00,0.04931023040433047
2019-08-01 20:30:00,-0.03644552246760213
2019-08-01 20:33:00,-0.048886043099798826
2019-08-01 20:36:00,0.020926371326993376
2019-08-01 20:39:00,-0.024676156960254048
2019-08-01 20:42:00,0.08976632128843676
2019-08-01 20:45:00,-0.0952551862885116
2019-08-01 20:48:00,-0.024601644987455984
2019-08-01 20:51:00,-0.027818187490368018
2019-08-01 20:54:00,-0.08106829226392165
2019-08-01 20:57:00,-0.04791328107609161
2019-08-01 21:00:00,-0.0604398539537101
2019-08-01 21:03:00,0.041759502489071565
2019-08-01 21:06:00,0.025262192025365948
2019-08-01 21:09:00,-0.05904599033914337
2019-08-01 21:12:00,0.027899142848582414
2019-08-01 21:15:00,0.042287628866858995
2019-08-01 21:18:00,0.05679181905770747
2019-08-01 21:21:00,0.07286586318781474
2019-08-01 21:24:00,0.1470054596453565
2019-08-01 21:27:00,0.06486997887753887
2019-08-01 21:30:00,0.04661712050943834
2019-08-01 21:33:00,-0.03379440211494966
2019-08-01 21:36:00,-0.005143636358184267
2019-08-01 21:39:00,-0.010829046988192204
2019-08-01 21:42:00,-0.06588594453535279
2019-08-01 21:45:00,-0.007284913558635253
2019-08-01 21:48:00,0.042905655663787456
2019-08-01 21:51:00,-0.07005268611186466
2019-08-01 21:54:00,0.009462810943944078
2019-08-01 21:57:00,-0.05660572873870251
2019-08-01 22:00:00,-0.038436761185494106
2019-08-01 22:03:00,-0.054951484487730795
2019-08-01 22:06:00,-0.036146628015899296
2019-08-01 22:09:00,-0.056109986377236964
2019-08-01 22:12:00,0.01973848836706793
2019-08-01 22:15:00,-0.07484066904146403
2019-08-01 22:18:00,-0.05833222531305182
2019-08-01 22:21:00,0.0025155125062497063
2019-08-01 22:24:00,-0.07314377986369891
2019-08-01 22:27:00,-0.0030053605061084454
2019-08-01 22:30:00,0.020789806287552892
2019-08-01 22:33:00,-0.004198656532253153
2019-08-01 22:36:00,0.057430911320466294
2019-08-01 22:39:00,-0.00046066662093835475
2019-08-01 22:42:00,0.12076613413410087
2019-08-01 22:45:00,0.017572852361354308
2019-08-01 22:48:00,0.016485778414732977
2019-08-01 22:51:00,-0.07904631090821113
2019-08-01 22:54:00,0.033381312585163414
2019-08-01 22:57:00,-0.007433660636195327
2019-08-01 23:00:00,0.048712685387044985
2019-08-01 23:03:00,0.08323675842547118
2019-08-01 23:06:00,-0.04948306452587303
2019-08-01 23:09:00,0.015212434885654602
2019-08-01 23:12:00,-0.059307289640571526
2019-08-01 23:15:00,0.05940711240577912
2019-08-01 23:18:00,0.006857214179433413
2019-08-01 23:21:00,0.17225932028662783
2019-08-01 23:24:00,0.011587101892132523
2019-08-01 23:27:00,-0.013306345724913626
2019-08-01 23:30:00,0.053529703980132126
2019-08-01 23:33:00,0.036591575768511575
2019-08-01 23:36:00,0.09003028170531024
2019-08-01 23:39:00,0.03278100354697244
2019-08-01 23:42:00,0.0441731166728232
2019-08-01 23:45:00,0.07198533334405965
2019-08-01 23:48:00,0.105477345685415
2019-08-01 23:51:00,0.011483965138495478
2019-08-01 23:54:00,0.08075852196731148
2019-08-01 23:57:00,0.09175518020998652
2019-08-02 00:00:00,0.01638990374834748
2019-08-02 00:03:00,0.059074248957301734
2019-08-02 00:06:00,0.06799036503281286
2019-08-02 00:09:00,0.0458794185547049
2019-08-02 00:12:00,-0.009345098120434159
2019-08-02 00:15:00,0.11134005408922576
2019-08-02 00:18:00,0.1395414475505845
2019-08-02 00:21:00,0.12233996295924499
2019-08-02 00:24:00,0.1382424198723129
2019-08-02 00:27:00,0.16001468568617838
2019-08-02 00:30:00,0.10212872258199468
2019-08-02 00:33:00,0.06541250817139144
2019-08-02 00:36:00,0.0870178718850525
2019-08-02 00:39:00,0.05957667886485751
2019-08-02 00:42:00,0.0958901110936381
2019-08-02 00:45:00,0.08647608389105699
2019-08-02 00:48:00,0.04470740111520399
2019-08-02 00:51:00,0.08360270623433053
2019-08-02 00:54:00,0.06669220549900956
2019-08-02 00:57:00,0.07263385073065365
2019-08-02 01:00:00,0.09145439569044811
2019-08-02 01:03:00,0.09542476070225803
2019-08-02 01:06:00,0.08316389027004334
2019-08-02 01:09:00,0.04673818660324969
2019-08-02 01:12:00,0.14711412348083286
2019-08-02 01:15:00,0.06108578138832854
2019-08-02 01:18:00,0.0651563224188294
2019-08-02 01:21:00,0.05919126469018465
2019-08-02 01:24:00,0.07612712075854233
2019-08-02 01:27:00,0.13384863384283108
2019-08-02 01:30:00,0.09985413375363805
2019-08-02 01:33:00,0.1536373083752096
2019-08-02 01:36:00,0.06541846974812415
2019-08-02 01:39:00,0.07494380591487015
2019-08-02 01:42:00,0.06963862647563701
2019-08-02 01:45:00,0.05808676659677303
2019-08-02 01:48:00,0.19890912973636432
2019-08-02 01:51:00,0.12286006920271575
2019-08-02 01:54:00,0.09272253499943872
2019-08-02 01:57:00,0.10917833120896603
2019-08-02 02:00:00,0.1614180943070096
2019-08-02 02:03:00,0.012833148246215842
2019-08-02 02:06:00,0.10361938260973602
2019-08-02 02:09:00,0.034155361639534476
2019-08-02 02:12:00,0.026273225723343785
2019-08-02 02:15:00,0.09420376198204394
2019-08-02 02:18:00,0.1427151653532519
2019-08-02 02:21:00,0.18179253270676554
2019-08-02 02:24:00,0.13448122290589026
2019-08-02 02:27:00,0.15463119761147937
2019-08-02 02:30:00,0.2689805215250658
2019-08-02 02:33:00,0.2870490441195557
2019-08-02 02:36:00,0.11622672765253128
2019-08-02 02:39:00,0.247221446255935
2019-08-02 02:42:00,0.2281030080794153
2019-08-02 02:45:00,0.17257269439664924
2019-08-02 02:48:00,0.22509786329845838
2019-08-02 02:51:00,0.13522910979980907
2019-08-02 02:54:00,0.16484373360714244
2019-08-02 02:57:00,0.17557986170180584
2019-08-02 03:00:00,0.19760815481038208
2019-08-02 03:03:00,0.2739645636993373
2019-08-02 03:06:00,0.29768064169411446
2019-08-02 03:09:00,0.23550604478367632
2019-08-02 03:12:00,0.3147114183441886
2019-08-02 03:15:00,0.3304996315041535
2019-08-02 03:18:00,0.26287640367621634
2019-08-02 03:21:00,0.2362782314459082
2019-08-02 03:24:00,0.23395377281406127
2019-08-02 03:27:00,0.20007651774398028
2019-08-02 03:30:00,0.17120941699363357
2019-08-02 03:33:00,0.17146895597284129
2019-08-02 03:36:00,0.22731582635310588
2019-08-02 03:39:00,0.32233849743818155
2019-08-02 03:42:00,0.24688366967455977
2019-08-02 03:45:00,0.1436298237294409
2019-08-02 03:48:00,0.20690610842331125
2019-08-02 03:51:00,0.20310763899840367
2019-08-02 03:54:00,0.3327688963179867
2019-08-02 03:57:00,0.2853225888111979
2019-08-02 04:00:00,0.19734643587639766
2019-08-02 04:03:00,0.2088504241389728
2019-08-02 04:06:00,0.23399334684745554
2019-08-02 04:09:00,0.20483115393346907
2019-08-02 04:12:00,0.22727701256701494
2019-08-02 04:15:00,0.12659372530202972
2019-08-02 04:18:00,0.23447099463646737
2019-08-02 04:21:00,0.19801439472962556
2019-08-02 04:24:00,0.20846492908589198
2019-08-02 04:27:00,0.26033305421481145
2019-08-02 04:30:00,0.15299545182426755
2019-08-02 04:33:00,0.2591455813733887
2019-08-02 04:36:00,0.23018874016901236
2019-08-02 04:39:00,0.21811584044132815
2019-08-02 04:42:00,0.160448089174281
2019-08-02 04:45:00,0.20188138583324644
2019-08-02 04:48:00,0.09001847076882541
2019-08-02 04:51:00,0.20069422142250914
2019-08-02 04:54:00,0.13816540269090183
2019-08-02 04:57:00,0.20083481468526543
2019-08-02 05:00:00,0.2376913255333193
2019-08-02 05:03:00,0.1443359085517386
2019-08-02 05:06:00,0.16566690196543732
2019-08-02 05:09:00,0.24016005831373377
2019-08-02 05:12:00,0.20035183045428084
2019-08-02 05:15:00,0.15238096786475808
2019-08-02 05:18:00,0.16072514299037266
2019-08-02 05:21:00,0.13718253545084735
2019-08-02 05:24:00,0.2529255089265803
2019-08-02 05:27:00,0.1310103981377324
2019-08-02 05:30:00,0.2225661681540032
2019-08-02 05:33:00,0.20641445278380388
2019-08-02 05:36:00,0.186991228904958
2019-08-02 05:39:00,0.236106543806045
2019-08-02 05:42:00,0.222373735680776
2019-08-02 05:45:00,0.2521237298032588
2019-08-02 05:48:00,0.18574205943292554
2019-08-02 05:51:00,0.1900401569089354
2019-08-02 05:54:00,0.3439048353999965
2019-08-02 05:57:00,0.22228887691852606
2019-08-02 06:00:00,0.30225596021193724
2019-08-02 06:03:00,0.18706046414354205
2019-08-02 06:06:00,0.2115622386103837
2019-08-02 06:09:00,0.22237400737321877
2019-08-02 06:12:00,0.24181313490265666
2019-08-02 06:15:00,0.12471760219460748
2019-08-02 06:18:00,0.2501733927151122
2019-08-02 06:21:00,0.3159807934183618
2019-08-02 06:24:00,0.2305789087802168
2019-08-02 06:27:00,0.2649832324211161
2019-08-02 06:30:00,0.31150717893814317
2019-08-02 06:33:00,0.2549421699022787
2019-08-02 06:36:00,0.24357157583261824
2019-08-02 06:39:00,0.2748870938183927
2019-08-02 06:42:00,0.2751997093300247
2019-08-02 06:45:00,0.2549167502397154
2019-08-02 06:48:00,0.2630655925022438
2019-08-02 06:51:00,0.35334939179313096
2019-08-02 06:54:00,0.2267030413008797
2019-08-02 06:57:00,0.27365140048442527
2019-08-02 07:00:00,0.22614681902723532
2019-08-02 07:03:00,0.20547594582433248
2019-08-02 07:06:00,0.22872510800777945
2019-08-02 07:09:00,0.18843523233192627
2019-08-02 07:12:00,0.2644499537370848
2019-08-02 07:15:00,0.2888566692784593
2019-08-02 07:18:00,0.206914011616675
2019-08-02 07:21:00,0.21241426788446915
2019-08-02 07:24:00,0.31849906660818306
2019-08-02 07:27:00,0.1975891535363985
2019-08-02 07:30:00,0.2773839219474894
2019-08-02 07:33:00,0.21137609390535772
2019-08-02 07:36:00,0.22007243229757023
2019-08-02 07:39:00,0.21845809161976604
2019-08-02 07:42:00,0.3196749280210156
2019-08-02 07:45:00,0.1562424623040215
2019-08-02 07:48:00,0.21299872691702149
2019-08-02 07:51:00,0.2531661730708379
2019-08-02 07:54:00,0.19415609978079829
2019-08-02 07:57:00,0.2326377818541232
2019-08-02 08:00:00,0.21687056990930387
2019-08-02 08:03:00,0.2576833687493263
2019-08-02 08:06:00,0.16423500906495292
2019-08-02 08:09:00,0.2125641942720904
2019-08-02 08:12:00,0.16690788776855925
2019-08-02 08:15:00,0.18192048509718006
2019-08-02 08:18:00,0.23923856055830584
2019-08-02 08:21:00,0.20349628665485398
2019-08-02 08:24:00,0.152959498061648
2019-08-02 08:27:00,0.29828426113522255
2019-08-02 08:30:00,0.27229085086764826
2019-08-02 08:33:00,0.17470839504488822
2019-08-02 08:36:00,0.23694110695328163
2019-08-02 08:39:00,0.1833942678136964
2019-08-02 08:42:00,
2019-08-02 08:45:00,
2019-08-02 08:48:00,
2019-08-02 08:51:00,
2019-08-02 08:54:00,
2019-08-02 08:57:00,
2019-08-02 09:00:00,
2019-08-02 09:03:00,
2019-08-02 09:06:00,
2019-08-02 09:09:00,
2019-08-02 09:12:00,
2019-08-02 09:15:00,
2019-08-02 09:18:00,
2019-08-02 09:21:00,
2019-08-02 09:24:00,
2019-08-02 09:27:00,
2019-08-02 09:30:00,
2019-08-02 09:33:00,
2019-08-02 09:36:00,
2019-08-02 09:39:00,
2019-08-02 09:42:00,
2019-08-02 09:45:00,
2019-08-02 09:48:00,
2019-08-02 09:51:00,
2019-08-02 09:54:00,
2019-08-02 09:57:00,
2019-08-02 10:00:00,
2019-08-02 10:03:00,1.9411904636497468
2019-08-02 10:06:00,0.4980257813471667
2019-08-02 10:09:00,-0.054863041796863854
2019-08-02 10:12:00,-0.1173596945546933
2019-08-02 10:15:00,-0.10294798913844261
2019-08-02 10:18:00,-0.23039131339442065
2019-08-02 10:21:00,-0.13053648576089927
2019-08-02 10:24:00,-0.23268603579890623
2019-08-02 10:27:00,-0.09616114319521785
2019-08-02 10:30:00,-0.13407008687659072
2019-08-02 10:33:00,-0.18786627095016684
2019-08-02 10:36:00,-0.21808397181808914
2019-08-02 10:39:00,-0.09694067508115722
2019-08-02 10:42:00,-0.12453649198840822
2019-08-02 10:45:00,-0.15535452022402296
2019-08-02 10:48:00,-0.15711715757413458
2019-08-02 10:51:00,-0.13037910336004188
2019-08-02 10:54:00,-0.22903713627550815
2019-08-02 10:57:00,-0.1554630319180319
2019-08-02 11:00:00,-0.21066635655961363
2019-08-02 11:03:00,-0.2028899531010211
2019-08-02 11:06:00,-0.17470987536171378
2019-08-02 11:09:00,-0.25765727841707076
2019-08-02 11:12:00,-0.2443709618657408
2019-08-02 11:15:00,-0.14452740495028138
2019-08-02 11:18:00,-0.0776376803297012
2019-08-02 11:21:00,-0.12320836522553691
2019-08-02 11:24:00,-0.072655103534089
2019-08-02 11:27:00,-0.04683619262721095
2019-08-02 11:30:00,-0.04557959942405887
2019-08-02 11:33:00,-0.1580695748996277
2019-08-02 11:36:00,-0.2475196169972378
2019-08-02 11:39:00,-0.13735956195927201
2019-08-02 11:42:00,-0.13473590888423814
2019-08-02 11:45:00,-0.14942983908036922
2019-08-02 11:48:00,-0.12392489338179757
2019-08-02 11:51:00,-0.06272062882970886
2019-08-02 11:54:00,-0.047748278499284424
2019-08-02 11:57:00,0.14067008785877988
2019-08-02 12:00:00,-0.0524266361478567
2019-08-02 12:03:00,-0.08854426604096943
2019-08-02 12:06:00,-0.16950141638261584
2019-08-02 12:09:00,-0.11745570690555951
2019-08-02 12:12:00,-0.27376698354208884
2019-08-02 12:15:00,-0.2366873902929001
2019-08-02 12:18:00,-0.20554643604788225
2019-08-02 12:21:00,-0.1432245985883469
2019-08-02 12:24:00,-0.14418173499592513
2019-08-02 12:27:00,-0.13577043440966463
2019-08-02 12:30:00,-0.06512688933526078
2019-08-02 12:33:00,-0.059710779592023755
2019-08-02 12:36:00,0.03871497329282647
2019-08-02 12:39:00,-0.05470267273119589
2019-08-02 12:42:00,0.009350017904864671
2019-08-02 12:45:00,-0.02458389244151249
2019-08-02 12:48:00,-0.0799064211980749
2019-08-02 12:51:00,-0.03142666990112275
2019-08-02 12:54:00,-0.001998682421231024
2019-08-02 12:57:00,-0.04116526672856935
2019-08-02 13:00:00,-0.08896460149253471
2019-08-02 13:03:00,-0.1535454229936022
2019-08-02 13:06:00,-0.14086357784776737
2019-08-02 13:09:00,-0.19614769014691547
2019-08-02 13:12:00,-0.27356817869065253
2019-08-02 13:15:00,-0.18267785043752838
2019-08-02 13:18:00,-0.048841190314647065
2019-08-02 13:21:00,-0.11062407771754579
2019-08-02 13:24:00,-0.11255534695698088
2019-08-02 13:27:00,-0.2257595175261713
2019-08-02 13:30:00,-0.1762728148907513
2019-08-02 13:33:00,-0.17782124607316518
2019-08-02 13:36:00,-0.1983633870399899
2019-08-02 13:39:00,-0.08967167097563333
2019-08-02 13:42:00,-0.1888456071417295
2019-08-02 13:45:00,-0.18524981072226865
2019-08-02 13:48:00,-0.2041568856176923
2019-08-02 13:51:00,-0.13349253409614903
2019-08-02 13:54:00,-0.27224628454962385
2019-08-02 13:57:00,-0.21423741872274604
2019-08-02 14:00:00,-0.2486144303377955
2019-08-02 14:03:00,-0.2618434056986416
2019-08-02 14:06:00,-0.1502172193977458
2019-08-02 14:09:00,-0.05537245624145726
2019-08-02 14:12:00,-0.10620935705037482
2019-08-02 14:15:00,-0.09882777188835234
2019-08-02 14:18:00,-0.017161129598093794
2019-08-02 14:21:00,-0.06237000372220791
2019-08-02 14:24:00,-0.05397822895031368
2019-08-02 14:27:00,-0.15147296012963807
2019-08-02 14:30:00,-0.28060911070042494
2019-08-02 14:33:00,-0.2993385992912181
2019-08-02 14:36:00,-0.3470522372463165
2019-08-02 14:39:00,-0.2634660572632015
2019-08-02 14:42:00,-0.18403107918140904
2019-08-02 14:45:00,-0.2670219325206631
2019-08-02 14:48:00,-0.2723026929185153
2019-08-02 14:51:00,-0.32256890994585774
2019-08-02 14:54:00,-0.33010719877051997
2019-08-02 14:57:00,-0.35471401168024386
2019-08-02 15:00:00,-0.4514285399550886
2019-08-02 15:03:00,-0.41885416065218806
2019-08-02 15:06:00,-0.43185781425705727
2019-08-02 15:09:00,-0.3328223169112903
2019-08-02 15:12:00,-0.40449232539447166
2019-08-02 15:15:00,-0.24670566486241796
2019-08-02 15:18:00,-0.39539253413801134
2019-08-02 15:21:00,-0.400495387471949
2019-08-02 15:24:00,-0.34451356694637525
2019-08-02 15:27:00,-0.3537083491411863
2019-08-02 15:30:00,-0.33174277695383125
2019-08-02 15:33:00,-0.32257067220575664
2019-08-02 15:36:00,-0.3347975605366855
2019-08-02 15:39:00,-0.2922768474569466
2019-08-02 15:42:00,-0.26197468281145575
2019-08-02 15:45:00,-0.2678433395505522
2019-08-02 15:48:00,-0.2857190532296272
2019-08-02 15:51:00,-0.3420744326263616
2019-08-02 15:54:00,-0.22138967273281196
2019-08-02 15:57:00,-0.30061894636418174
2019-08-02 16:00:00,-0.30271489456379186
2019-08-02 16:03:00,-0.37095167150283714
2019-08-02 16:06:00,-0.1785378098844035
2019-08-02 16:09:00,-0.2732440508434024
2019-08-02 16:12:00,-0.317300481266102
2019-08-02 16:15:00,-0.32071287510490265
2019-08-02 16:18:00,-0.32542009192104615
2019-08-02 16:21:00,-0.33492624606856225
2019-08-02 16:24:00,-0.27962674110966645
2019-08-02 16:27:00,-0.46082993709921993
2019-08-02 16:30:00,-0.36348967105436714
2019-08-02 16:33:00,-0.2613708037383162
2019-08-02 16:36:00,-0.2457735687066247
2019-08-02 16:39:00,-0.2491328590521107
2019-08-02 16:42:00,-0.19496547921289675
2019-08-02 16:45:00,-0.18437738003268578
2019-08-02 16:48:00,-0.14782809781809192
2019-08-02 16:51:00,-0.2239051809590933
2019-08-02 16:54:00,-0.2600871510800289
2019-08-02 16:57:00,-0.13911988335877368
2019-08-02 17:00:00,-0.2149426074328744
2019-08-02 17:03:00,-0.18350391405067512
2019-08-02 17:06:00,-0.2569143522113677
2019-08-02 17:09:00,-0.2228522028579505
2019-08-02 17:12:00,-0.18812348763060527
2019-08-02 17:15:00,-0.23730364263889214
2019-08-02 17:18:00,-0.22422377077208466
2019-08-02 17:21:00,-0.2537616238386704
2019-08-02 17:24:00,-0.23056805086747545
2019-08-02 17:27:00,-0.21094273888212456
2019-08-02 17:30:00,-0.16489358100045592
2019-08-02 17:33:00,0.08999500290485685
2019-08-02 17:36:00,-0.008596682929805866
2019-08-02 17:39:00,-0.07891271372739084
2019-08-02 17:42:00,0.2645801415114306
2019-08-02 17:45:00,0.1220837319760335
2019-08-02 17:48:00,0.13917527094076831
2019-08-02 17:51:00,0.37343878595419255
2019-08-02 17:54:00,0.11666133258682976
2019-08-02 17:57:00,-0.26795152810080936
2019-08-02 18:00:00,-0.24761099567848532
2019-08-02 18:03:00,-0.05461075533315807
2019-08-02 18:06:00,0.0029608740067601502
2019-08-02 18:09:00,-0.06348294203712612
2019-08-02 18:12:00,-0.11433414434753786
2019-08-02 18:15:00,-0.10916400290176398
2019-08-02 18:18:00,-0.007712027388606657
2019-08-02 18:21:00,-0.0246689874495587
2019-08-02 18:24:00,0.03246827316172585
2019-08-02 18:27:00,0.07412384375271586
2019-08-02 18:30:00,0.02579667707414046
2019-08-02 18:33:00,0.04368337179738546
2019-08-02 18:36:00,-0.030455966675106083
2019-08-02 18:39:00,-0.012988601312088122
2019-08-02 18:42:00,0.04100424462126284
2019-08-02 18:45:00,-0.03662627219324577
2019-08-02 18:48:00,0.005361656501179368
2019-08-02 18:51:00,-0.005612601704569897
2019-08-02 18:54:00,
2019-08-02 18:57:00,
2019-08-02 19:00:00,
2019-08-02 19:03:00,0.044487761739105736
2019-08-02 19:06:00,0.09040299468239255
2019-08-02 19:09:00,0.16365010690179815
2019-08-02 19:12:00,0.08437502999015578
2019-08-02 19:15:00,0.047297960928801785
2019-08-02 19:18:00,-0.005245333957816456
2019-08-02 19:21:00,0.05657179861748318
2019-08-02 19:24:00,-0.0009642326775178844
2019-08-02 19:27:00,-0.0251241920785219
2019-08-02 19:30:00,-0.0631210515315388
2019-08-02 19:33:00,-0.04934349956624828
2019-08-02 19:36:00,-0.12585172079695894
2019-08-02 19:39:00,-0.037755466737621646
2019-08-02 19:42:00,-0.02837379451165134
2019-08-02 19:45:00,-0.08692612816975043
2019-08-02 19:48:00,-0.10161092467006938
2019-08-02 19:51:00,-0.08304884552103431
2019-08-02 19:54:00,-0.11362616292842631
2019-08-02 19:57:00,-0.10541381746571687
2019-08-02 20:00:00,-0.023300984864079055
2019-08-02 20:03:00,-0.001101476237749921
2019-08-02 20:06:00,-0.03461339450382184
2019-08-02 20:09:00,-0.09037898634085195
2019-08-02 20:12:00,-0.0264584078456096
2019-08-02 20:15:00,-0.09249616500460434
2019-08-02 20:18:00,-0.026115252234205855
2019-08-02 20:21:00,-0.07902041804771898
2019-08-02 20:24:00,0.0737751518913683
2019-08-02 20:27:00,0.05607859732424458
2019-08-02 20:30:00,0.005152077728155291
2019-08-02 20:33:00,0.14480086978568352
2019-08-02 20:36:00,0.24928494421936875
2019-08-02 20:39:00,0.15666678366631004
2019-08-02 20:42:00,0.09857691515475153
2019-08-02 20:45:00,0.07494859898866935
2019-08-02 20:48:00,0.07581473049890519
2019-08-02 20:51:00,0.1933641398045438
2019-08-02 20:54:00,0.08297873074468498
2019-08-02 20:57:00,0.21664143799841895
2019-08-02 21:00:00,0.3672803850939772
2019-08-02 21:03:00,0.2934195627802296
2019-08-02 21:06:00,0.41403005604007603
2019-08-02 21:09:00,0.35244709761298054
2019-08-02 21:12:00,0.29878889641179285
2019-08-02 21:15:00,0.35303813835764686
2019-08-02 21:18:00,0.4456568289144798
2019-08-02 21:21:00,0.43115522042393195
2019-08-02 21:24:00,0.3976940763098469
2019-08-02 21:27:00,0.43938298238049356
2019-08-02 21:30:00,0.4919592032574087
2019-08-02 21:33:00,0.46245271786426656
2019-08-02 21:36:00,0.3790424749579415
2019-08-02 21:39:00,0.3738615957443585
2019-08-02 21:42:00,0.3029717739067337
2019-08-02 21:45:00,0.2294543440696657
2019-08-02 21:48:00,0.24613842709715072
2019-08-02 21:51:00,0.22005395927163818
2019-08-02 21:54:00,0.3184260354320827
2019-08-02 21:57:00,0.2994348148578183
2019-08-02 22:00:00,0.3826454250383904
2019-08-02 22:03:00,0.35147742437521856
2019-08-02 22:06:00,0.4282154241375906
2019-08-02 22:09:00,0.5809714551335219
2019-08-02 22:12:00,0.5506891999369259
2019-08-02 22:15:00,0.44978707456351685
2019-08-02 22:18:00,0.5393454051400113
2019-08-02 22:21:00,0.47461156124393256
2019-08-02 22:24:00,0.4587114418149554
2019-08-02 22:27:00,0.31569286069702684
2019-08-02 22:30:00,0.21669437555226523
2019-08-02 22:33:00,0.26924326198047766
2019-08-02 22:36:00,0.3824787815235027
2019-08-02 22:39:00,0.3943386132343676
2019-08-02 22:42:00,0.34068743027830806
2019-08-02 22:45:00,0.284766762440654
2019-08-02 22:48:00,0.28951491023127573
2019-08-02 22:51:00,0.37866405417702254
2019-08-02 22:54:00,0.29711509558421767
2019-08-02 22:57:00,0.3578858692436597
2019-08-02 23:00:00,0.3344283520323188
2019-08-02 23:03:00,0.338850067812416
2019-08-02 23:06:00,0.3184488801879297
2019-08-02 23:09:00,0.5685433945437239
2019-08-02 23:12:00,0.4607113023704983
2019-08-02 23:15:00,0.44471837468103104
2019-08-02 23:18:00,0.35789115786201364
2019-08-02 23:21:00,0.3464154848074372
2019-08-02 23:24:00,0.46030847982120804
2019-08-02 23:27:00,0.5391887644896087
2019-08-02 23:30:00,0.5930528038466605
2019-08-02 23:33:00,0.5259605823309244
2019-08-02 23:36:00,0.5778174182578368
2019-08-02 23:39:00,0.628965383403397
2019-08-02 23:42:00,0.49146086361713515
2019-08-02 23:45:00,0.6934402970958331
2019-08-02 23:48:00,0.405861524116915
2019-08-02 23:51:00,0.4024769295236865
2019-08-02 23:54:00,0.40266050724983415
2019-08-02 23:57:00,0.4392646923573693
2019-08-03 00:00:00,0.5003340143652508
2019-08-03 00:03:00,0.4609278351300077
2019-08-03 00:06:00,0.406294122504562
2019-08-03 00:09:00,0.4720608276045368
2019-08-03 00:12:00,0.36298832473516995
2019-08-03 00:15:00,0.35019667645718755
2019-08-03 00:18:00,0.389344503598295
2019-08-03 00:21:00,0.4080624530569139
2019-08-03 00:24:00,0.4366147744168529
2019-08-03 00:27:00,0.4646818534865247
2019-08-03 00:30:00,0.5052969228223674
2019-08-03 00:33:00,0.3556351029773168
2019-08-03 00:36:00,0.3600699431004841
2019-08-03 00:39:00,0.4590983950581631
2019-08-03 00:42:00,0.4339687977288236
2019-08-03 00:45:00,0.3593011999178657
2019-08-03 00:48:00,0.3658929741724819
2019-08-03 00:51:00,0.42320360729314643
2019-08-03 00:54:00,0.40187558256866396
2019-08-03 00:57:00,0.34802331679134113
2019-08-03 01:00:00,0.3773544821365249
2019-08-03 01:03:00,0.4073484039946038
2019-08-03 01:06:00,0.3627794234699877
2019-08-03 01:09:00,0.3456320922363716
2019-08-03 01:12:00,0.41639948835319274
2019-08-03 01:15:00,0.4943392216025586
2019-08-03 01:18:00,0.43149208445697695
2019-08-03 01:21:00,0.4282711607379497
2019-08-03 01:24:00,0.4575033581684238
2019-08-03 01:27:00,0.33833288970498643
2019-08-03 01:30:00,0.40174691868776335
2019-08-03 01:33:00,0.4540842559613907
2019-08-03 01:36:00,0.5183871719976878
2019-08-03 01:39:00,0.417547110045291
2019-08-03 01:42:00,0.3644975037314566
2019-08-03 01:45:00,0.43426448307172905
2019-08-03 01:48:00,0.4824857877559907
2019-08-03 01:51:00,0.461412342184758
2019-08-03 01:54:00,0.30496625349815076
2019-08-03 01:57:00,0.39564162944799364
2019-08-03 02:00:00,0.3811595945962267
2019-08-03 02:03:00,0.3981574719230707
2019-08-03 02:06:00,0.47579259978846267
2019-08-03 02:09:00,0.38962395707500264
2019-08-03 02:12:00,0.3997903878528746
2019-08-03 02:15:00,0.5334951632302705
2019-08-03 02:18:00,0.4328741779395955
2019-08-03 02:21:00,0.4480229149992283
2019-08-03 02:24:00,0.444783584520394
2019-08-03 02:27:00,0.5589924506832062
2019-08-03 02:30:00,0.4228143768247037
2019-08-03 02:33:00,0.49962513356115323
2019-08-03 02:36:00,0.5611957907397027
2019-08-03 02:39:00,0.4297818781600995
2019-08-03 02:42:00,0.47784312646166427
2019-08-03 02:45:00,0.4619261766295608
2019-08-03 02:48:00,0.4851501617043823
2019-08-03 02:51:00,0.38686094835009044
2019-08-03 02:54:00,0.578112285395946
2019-08-03 02:57:00,0.48202187084467596
2019-08-03 03:00:00,0.4048238512263538
2019-08-03 03:03:00,0.45968800872572047
2019-08-03 03:06:00,0.46452278042539774
2019-08-03 03:09:00,0.4461635075175536
2019-08-03 03:12:00,0.46365280866058356
2019-08-03 03:15:00,0.431190112082561
2019-08-03 03:18:00,0.47114315908311255
2019-08-03 03:21:00,0.3807461849360152
2019-08-03 03:24:00,0.4802617862633838
2019-08-03 03:27:00,0.4023678065739773
2019-08-03 03:30:00,0.3366145966526801
2019-08-03 03:33:00,0.397210108072386
2019-08-03 03:36:00,0.5003478646846133
2019-08-03 03:39:00,0.3804830321934105
2019-08-03 03:42:00,0.47342041632919063
2019-08-03 03:45:00,0.3979034254659837
2019-08-03 03:48:00,0.3398535460141261
2019-08-03 03:51:00,0.43466114800497735
2019-08-03 03:54:00,0.5077578689758298
2019-08-03 03:57:00,0.4681739889416008
2019-08-03 04:00:00,0.2950770941607743
2019-08-03 04:03:00,0.4276281824002126
2019-08-03 04:06:00,0.42730600673252184
2019-08-03 04:09:00,0.4544650018947891
2019-08-03 04:12:00,0.3796072214254309
2019-08-03 04:15:00,0.3799963995974167
2019-08-03 04:18:00,0.48462570614492506
2019-08-03 04:21:00,0.4605249334467203
2019-08-03 04:24:00,0.44192961082382
2019-08-03 04:27:00,0.45730991877564975
2019-08-03 04:30:00,0.41529265985496977
2019-08-03 04:33:00,0.4540315454815982
2019-08-03 04:36:00,0.4256577789096241
2019-08-03 04:39:00,0.5113957017640018
2019-08-03 04:42:00,0.4379948346857532
2019-08-03 04:45:00,0.4411816226854057
2019-08-03 04:48:00,0.5297837868602073
2019-08-03 04:51:00,0.33712158370013867
2019-08-03 04:54:00,0.46399750684298624
2019-08-03 04:57:00,0.3812546143106488
2019-08-03 05:00:00,0.4368003416116153
2019-08-03 05:03:00,0.45027246997727843
2019-08-03 05:06:00,0.4548257299300644
2019-08-03 05:09:00,0.4205671190977682
2019-08-03 05:12:00,0.36410257732939044
2019-08-03 05:15:00,0.29050745357312735
2019-08-03 05:18:00,0.46305643791208695
2019-08-03 05:21:00,0.37503230461396697
2019-08-03 05:24:00,0.4494859691773172
2019-08-03 05:27:00,0.46293309865177434
2019-08-03 05:30:00,0.49448209941283494
2019-08-03 05:33:00,0.4052630941432085
2019-08-03 05:36:00,0.39924210504244684
2019-08-03 05:39:00,0.41523266649738844
2019-08-03 05:42:00,0.39290391321566176
2019-08-03 05:45:00,0.3931496939667909
2019-08-03 05:48:00,0.44816945060273383
2019-08-03 05:51:00,0.4437464297333804
2019-08-03 05:54:00,0.4312333557822967
2019-08-03 05:57:00,0.41813653716894805
2019-08-03 06:00:00,0.4097670913620277
2019-08-03 06:03:00,0.4926906826614754
2019-08-03 06:06:00,0.399045092591507
2019-08-03 06:09:00,0.3728618815777054
2019-08-03 06:12:00,0.35852340412344574
2019-08-03 06:15:00,0.39409169136564515
2019-08-03 06:18:00,0.37507803787627836
2019-08-03 06:21:00,0.4482112087080168
2019-08-03 06:24:00,0.2899680834246965
2019-08-03 06:27:00,0.4117859043846579
2019-08-03 06:30:00,0.3738665392648386
2019-08-03 06:33:00,0.40634915173285435
2019-08-03 06:36:00,0.41452436078992605
2019-08-03 06:39:00,0.4003179641368888
2019-08-03 06:42:00,0.4482876582854942
2019-08-03 06:45:00,0.43849964073621095
2019-08-03 06:48:00,0.4358145997362044
2019-08-03 06:51:00,0.3917790685789555
2019-08-03 06:54:00,0.4672517101162157
2019-08-03 06:57:00,0.3755373718442456
2019-08-03 07:00:00,0.35769028653248824
2019-08-03 07:03:00,0.3593254060191384
2019-08-03 07:06:00,0.40878044026146654
2019-08-03 07:09:00,0.38835012792213774
2019-08-03 07:12:00,0.3652036089613375
2019-08-03 07:15:00,0.40177460748969906
2019-08-03 07:18:00,0.35149009153491306
2019-08-03 07:21:00,0.44474013577922733
2019-08-03 07:24:00,0.38450008327339447
2019-08-03 07:27:00,0.34435796937930263
2019-08-03 07:30:00,0.27841595871171876
2019-08-03 07:33:00,0.31022633012025835
2019-08-03 07:36:00,0.39766227650648034
2019-08-03 07:39:00,0.28971178592081515
2019-08-03 07:42:00,0.34360981564947224
2019-08-03 07:45:00,0.3384651143533688
2019-08-03 07:48:00,0.38191551926769307
2019-08-03 07:51:00,0.39811545097052203
2019-08-03 07:54:00,0.3490714337567624
2019-08-03 07:57:00,0.33065195119655755
2019-08-03 08:00:00,0.4329012006987796
2019-08-03 08:03:00,0.4156881292281014
2019-08-03 08:06:00,0.3401476363160896
2019-08-03 08:09:00,0.32885863510045965
2019-08-03 08:12:00,0.3014140283851816
2019-08-03 08:15:00,0.3399437837451842
2019-08-03 08:18:00,0.24711043198368543
2019-08-03 08:21:00,0.22096433149152972
2019-08-03 08:24:00,0.22377474615848314
2019-08-03 08:27:00,0.24343936768639196
2019-08-03 08:30:00,0.209688996700379
2019-08-03 08:33:00,0.21378799284445904
2019-08-03 08:36:00,0.26610458562669237
2019-08-03 08:39:00,0.2219388843865886
2019-08-03 08:42:00,0.24382402596353359
2019-08-03 08:45:00,0.2978539389798698
2019-08-03 08:48:00,0.2828424267618743
2019-08-03 08:51:00,0.07570224657473545
2019-08-03 08:54:00,0.2720663439719715
2019-08-03 08:57:00,0.155775140802632
2019-08-03 09:00:00,0.23959726806469916
2019-08-03 09:03:00,0.2696278355795698
2019-08-03 09:06:00,0.3714534047856546
2019-08-03 09:09:00,0.44824248165008385
2019-08-03 09:12:00,0.5233822871555276
2019-08-03 09:15:00,0.4689342389985427
2019-08-03 09:18:00,0.488109699994709
2019-08-03 09:21:00,0.3815466611588363
2019-08-03 09:24:00,0.4056880134440348
2019-08-03 09:27:00,0.36575231598783375
2019-08-03 09:30:00,0.46464948157773733
2019-08-03 09:33:00,0.1988556423318073
2019-08-03 09:36:00,0.3164145589365148
2019-08-03 09:39:00,0.2330246489386809
2019-08-03 09:42:00,0.2859524741258497
2019-08-03 09:45:00,0.17553465103839017
2019-08-03 09:48:00,0.14832172208605243
2019-08-03 09:51:00,0.1504891633991292
2019-08-03 09:54:00,0.20689107329212675
2019-08-03 09:57:00,0.18051113705814714
2019-08-03 10:00:00,0.21550470566597824
2019-08-03 10:03:00,0.25921646220848515
2019-08-03 10:06:00,0.14405738180664684
2019-08-03 10:09:00,0.11728629821425329
2019-08-03 10:12:00,0.12542933483683782
2019-08-03 10:15:00,0.16775527098502607
2019-08-03 10:18:00,0.2475271194161337
2019-08-03 10:21:00,0.2063882942407531
2019-08-03 10:24:00,0.05668795486053568
2019-08-03 10:27:00,0.01442266868554043
2019-08-03 10:30:00,0.0781254212340059
2019-08-03 10:33:00,0.04885552117309544
2019-08-03 10:36:00,0.02705553899932056
2019-08-03 10:39:00,0.032228520326157195
2019-08-03 10:42:00,0.0018454882479659318
2019-08-03 10:45:00,-0.05664821839320666
2019-08-03 10:48:00,-0.15017079977081949
2019-08-03 10:51:00,-0.0028635031727048954
2019-08-03 10:54:00,-0.025697997260692773
2019-08-03 10:57:00,-0.1322779489966024
2019-08-03 11:00:00,-0.11426699234624493
2019-08-03 11:03:00,-0.019389848592084036
2019-08-03 11:06:00,-0.019726852197265998
2019-08-03 11:09:00,-0.10257079091030619
2019-08-03 11:12:00,-0.036440581637691594
2019-08-03 11:15:00,-0.07481986435601584
2019-08-03 11:18:00,-0.10437952018719443
2019-08-03 11:21:00,-0.027812055671063263
2019-08-03 11:24:00,-0.11768142997289033
2019-08-03 11:27:00,-0.07143413798240772
2019-08-03 11:30:00,-0.18226462956727119
2019-08-03 11:33:00,-0.08750320741728501
2019-08-03 11:36:00,-0.13914017379266852
2019-08-03 11:39:00,-0.06594497153912471
2019-08-03 11:42:00,-0.14274793460913315
2019-08-03 11:45:00,-0.18404493715286208
2019-08-03 11:48:00,-0.0877129835646997
2019-08-03 11:51:00,-0.080537777469317
2019-08-03 11:54:00,-0.11440266297950075
2019-08-03 11:57:00,-0.016920543675951194
2019-08-03 12:00:00,-0.07982789973385707
2019-08-03 12:03:00,-0.08799257368360713
2019-08-03 12:06:00,-0.11146376214111342
2019-08-03 12:09:00,-0.19435941754045416
2019-08-03 12:12:00,-0.058976475845781806
2019-08-03 12:15:00,0.06061183306030671
2019-08-03 12:18:00,0.06683169080162088
2019-08-03 12:21:00,0.17642350304453203
2019-08-03 12:24:00,0.1442280606482882
2019-08-03 12:27:00,0.2651920853871843
2019-08-03 12:30:00,0.041620470895566086
2019-08-03 12:33:00,0.16801919154266898
2019-08-03 12:36:00,0.27591855100524754
2019-08-03 12:39:00,0.06558318469228652
2019-08-03 12:42:00,0.034579578007083
2019-08-03 12:45:00,0.03648581136013718
2019-08-03 12:48:00,0.09055428323313208
2019-08-03 12:51:00,0.06003396699878749
2019-08-03 12:54:00,-0.11891185886031508
2019-08-03 12:57:00,-0.21305657787672772
2019-08-03 13:00:00,-0.1847193459809091
2019-08-03 13:03:00,-0.3009917212664277
2019-08-03 13:06:00,-0.42030476871400424
2019-08-03 13:09:00,-0.050058582112342265
2019-08-03 13:12:00,-0.010161833474001014
2019-08-03 13:15:00,-0.04702094339637597
2019-08-03 13:18:00,-0.03670886276739793
2019-08-03 13:21:00,-0.042364847470764744
2019-08-03 13:24:00,-0.11017471403755508
2019-08-03 13:27:00,-0.010362791099623792
2019-08-03 13:30:00,0.001231280413321656
2019-08-03 13:33:00,0.014556099791661836
2019-08-03 13:36:00,-0.0812235042589009
2019-08-03 13:39:00,-0.02364994499527029
2019-08-03 13:42:00,0.004607161533272119
2019-08-03 13:45:00,0.00979746043196883
2019-08-03 13:48:00,0.08258303820110768
2019-08-03 13:51:00,0.14322604169467468
2019-08-03 13:54:00,0.13194183863521403
2019-08-03 13:57:00,0.13092270449374155
2019-08-03 14:00:00,0.14988384530687426
2019-08-03 14:03:00,0.04565485028444982
2019-08-03 14:06:00,-0.012362985040056174
2019-08-03 14:09:00,0.15592068367828915
2019-08-03 14:12:00,0.13176724533792594
2019-08-03 14:15:00,0.09366886891854165
2019-08-03 14:18:00,0.17671700014005864
2019-08-03 14:21:00,0.3023146466547928
2019-08-03 14:24:00,0.29687238669947646
2019-08-03 14:27:00,0.4326729439986252
2019-08-03 14:30:00,0.36315802828642063
2019-08-03 14:33:00,0.20964986045646583
2019-08-03 14:36:00,0.23321676480873066
2019-08-03 14:39:00,0.19015892891189878
2019-08-03 14:42:00,0.3745098258056032
2019-08-03 14:45:00,0.4345736066478594
2019-08-03 14:48:00,0.2621528534674553
2019-08-03 14:51:00,0.21855386266855703
2019-08-03 14:54:00,0.24888860060116258
2019-08-03 14:57:00,0.12140025816120215
2019-08-03 15:00:00,0.09201282398504418
2019-08-03 15:03:00,0.07588593766627127
2019-08-03 15:06:00,-0.05453658206988621
2019-08-03 15:09:00,0.12652651312413354
2019-08-03 15:12:00,0.04785645716913223
2019-08-03 15:15:00,0.03699821485196253
2019-08-03 15:18:00,0.12315904760521335
2019-08-03 15:21:00,0.3297067030136418
2019-08-03 15:24:00,0.3524194066694122
2019-08-03 15:27:00,0.5234994562714519
2019-08-03 15:30:00,0.6357254446710385
2019-08-03 15:33:00,0.6312826661513782
2019-08-03 15:36:00,0.6849412724722015
2019-08-03 15:39:00,0.6958251191368845
2019-08-03 15:42:00,0.7600640172649378
2019-08-03 15:45:00,0.7611937660349213
2019-08-03 15:48:00,0.5952565701757635
2019-08-03 15:51:00,0.5439369544947112
2019-08-03 15:54:00,0.6335990513358638
2019-08-03 15:57:00,0.5469013528088453
2019-08-03 16:00:00,0.5885013571897844
2019-08-03 16:03:00,0.3245530551422462
2019-08-03 16:06:00,0.13282705059526734
2019-08-03 16:09:00,0.25619711951952695
2019-08-03 16:12:00,0.3684388636426661
2019-08-03 16:15:00,0.3156914129506845
2019-08-03 16:18:00,0.2305626061345265
2019-08-03 16:21:00,0.17455187971063424
2019-08-03 16:24:00,0.2666371128063929
2019-08-03 16:27:00,0.24225732594010196
2019-08-03 16:30:00,0.3409960559345109
2019-08-03 16:33:00,0.20141566125232657
2019-08-03 16:36:00,0.1643870228324431
2019-08-03 16:39:00,0.262417107368492
2019-08-03 16:42:00,0.21022059974751528
2019-08-03 16:45:00,0.12595819854681167
2019-08-03 16:48:00,0.20316553481848132
2019-08-03 16:51:00,0.20672643626511444
2019-08-03 16:54:00,0.37766701800239844
2019-08-03 16:57:00,0.5240922229431817
2019-08-03 17:00:00,0.6482824661138125
2019-08-03 17:03:00,0.5292902907680741
2019-08-03 17:06:00,0.14780219724451626
2019-08-03 17:09:00,0.09641607070267355
2019-08-03 17:12:00,0.24765943616415598
2019-08-03 17:15:00,0.18253372989039462
2019-08-03 17:18:00,0.26276812416966777
2019-08-03 17:21:00,0.09383101682738015
2019-08-03 17:24:00,0.055806447589816344
2019-08-03 17:27:00,0.1177099594522133
2019-08-03 17:30:00,0.16174047120682644
2019-08-03 17:33:00,0.08222628678373667
2019-08-03 17:36:00,0.057657327575896034
2019-08-03 17:39:00,0.034143578132557195
2019-08-03 17:42:00,0.14583484409160974
2019-08-03 17:45:00,0.1967772985538545
2019-08-03 17:48:00,0.14347480379450417
2019-08-03 17:51:00,0.16801218822695319
2019-08-03 17:54:00,0.20269059206361817
2019-08-03 17:57:00,0.20780768868581845
2019-08-03 18:00:00,0.20949944328515357
2019-08-03 18:03:00,0.31617256778139335
2019-08-03 18:06:00,0.2575052812788954
2019-08-03 18:09:00,0.17728203115552787
2019-08-03 18:12:00,0.25523684951338055
2019-08-03 18:15:00,0.1565024997155433
2019-08-03 18:18:00,0.1427759093454597
2019-08-03 18:21:00,0.17342584190964772
2019-08-03 18:24:00,0.13829271747061966
2019-08-03 18:27:00,0.1430873852231116
2019-08-03 18:30:00,0.1616237040420856
2019-08-03 18:33:00,0.09662809435269537
2019-08-03 18:36:00,0.2494471920915089
2019-08-03 18:39:00,0.12721854777515773
2019-08-03 18:42:00,0.12692879599012485
2019-08-03 18:45:00,0.17584558340416834
2019-08-03 18:48:00,0.19603787426905228
2019-08-03 18:51:00,0.1582480122951324
2019-08-03 18:54:00,
2019-08-03 18:57:00,
2019-08-03 19:00:00,
2019-08-03 19:03:00,0.13006473654604633
2019-08-03 19:06:00,0.06164429425604112
2019-08-03 19:09:00,0.061661214237688
2019-08-03 19:12:00,0.1088737409511964
2019-08-03 19:15:00,-0.058343524300426
2019-08-03 19:18:00,0.017546472453432216
2019-08-03 19:21:00,0.04433229221382362
2019-08-03 19:24:00,0.06935078745755163
2019-08-03 19:27:00,0.08925175387429363
2019-08-03 19:30:00,0.09326586069647647
2019-08-03 19:33:00,0.09774018756701253
2019-08-03 19:36:00,0.05508038944361715
2019-08-03 19:39:00,0.12300426516185325
2019-08-03 19:42:00,0.037571379717462605
2019-08-03 19:45:00,0.09442558782467358
2019-08-03 19:48:00,0.0759681175235869
2019-08-03 19:51:00,0.05182222826664429
2019-08-03 19:54:00,0.12476791695138445
2019-08-03 19:57:00,0.08359683897629111
2019-08-03 20:00:00,0.06864727697654871
2019-08-03 20:03:00,0.16928235788367374
2019-08-03 20:06:00,0.13566712079762056
2019-08-03 20:09:00,0.08926396782914026
2019-08-03 20:12:00,0.09333690360193714
2019-08-03 20:15:00,0.05361382221411759
2019-08-03 20:18:00,0.16604984960736147
2019-08-03 20:21:00,0.13359547030893282
2019-08-03 20:24:00,0.14766487760471136
2019-08-03 20:27:00,0.12089287169720819
2019-08-03 20:30:00,0.06235600204786351
2019-08-03 20:33:00,0.10539059492140268
2019-08-03 20:36:00,0.15698559254036581
2019-08-03 20:39:00,0.09465593491523805
2019-08-03 20:42:00,0.08506122511471403
2019-08-03 20:45:00,0.09202524310995841
2019-08-03 20:48:00,0.12215532164958631
2019-08-03 20:51:00,0.1722396397478292
2019-08-03 20:54:00,0.18660797807763174
2019-08-03 20:57:00,0.21753072181240896
2019-08-03 21:00:00,0.13010003689862515
2019-08-03 21:03:00,0.06027788055411065
2019-08-03 21:06:00,0.08597183419084331
2019-08-03 21:09:00,0.12192435588571016
2019-08-03 21:12:00,0.060825268207509
2019-08-03 21:15:00,-0.014495356922566316
2019-08-03 21:18:00,0.05981018953656303
2019-08-03 21:21:00,0.13132592306965307
2019-08-03 21:24:00,0.08323041645616058
2019-08-03 21:27:00,0.07466780019302632
2019-08-03 21:30:00,0.2034435097409073
2019-08-03 21:33:00,0.12020872910096614
2019-08-03 21:36:00,0.1155012440656833
2019-08-03 21:39:00,0.13495611947831776
2019-08-03 21:42:00,0.1364144077642777
2019-08-03 21:45:00,0.07681506242391833
2019-08-03 21:48:00,0.1348125979355359
2019-08-03 21:51:00,0.22040394514988293
2019-08-03 21:54:00,0.18432830331636296
2019-08-03 21:57:00,0.119984943068971
2019-08-03 22:00:00,0.13114375862920724
2019-08-03 22:03:00,0.17879144333147678
2019-08-03 22:06:00,0.11575757755713312
2019-08-03 22:09:00,0.13021693088370512
2019-08-03 22:12:00,0.09673176387627791
2019-08-03 22:15:00,0.14567430226486522
2019-08-03 22:18:00,0.22624053946867662
2019-08-03 22:21:00,0.17537405567378528
2019-08-03 22:24:00,0.09760362191400418
2019-08-03 22:27:00,0.08129023111314382
2019-08-03 22:30:00,0.23490472299425846
2019-08-03 22:33:00,0.1048835551520142
2019-08-03 22:36:00,0.15280879685127502
2019-08-03 22:39:00,0.1534272041005238
2019-08-03 22:42:00,0.08774531512523254
2019-08-03 22:45:00,0.1817088759496528
2019-08-03 22:48:00,0.15619683572259646
2019-08-03 22:51:00,0.1927342534486911
2019-08-03 22:54:00,0.20555365514121604
2019-08-03 22:57:00,0.18980167251351077
2019-08-03 23:00:00,0.15876720978678804
2019-08-03 23:03:00,0.07144980726133099
2019-08-03 23:06:00,0.09545718891223487
2019-08-03 23:09:00,0.09579661412567475
2019-08-03 23:12:00,0.15393846967742775
2019-08-03 23:15:00,0.10478004773239036
2019-08-03 23:18:00,0.19273420283309406
2019-08-03 23:21:00,0.1944208190165
2019-08-03 23:24:00,0.18731038348977336
2019-08-03 23:27:00,0.18285552980961484
2019-08-03 23:30:00,0.18291755666103882
2019-08-03 23:33:00,0.22354126510163042
2019-08-03 23:36:00,0.13975757514407405
2019-08-03 23:39:00,0.18672360151686007
2019-08-03 23:42:00,0.17834144767243743
2019-08-03 23:45:00,0.19011472115943207
2019-08-03 23:48:00,0.19668158183822015
2019-08-03 23:51:00,0.2146078421237121
2019-08-03 23:54:00,0.15634419676717926
2019-08-03 23:57:00,0.27361991079601466
2019-08-04 00:00:00,0.16942910647259168
2019-08-04 00:03:00,0.20546047729413885
2019-08-04 00:06:00,0.11894567188949168
2019-08-04 00:09:00,0.22313988375469762
2019-08-04 00:12:00,0.21975000529005229
2019-08-04 00:15:00,0.11206462902293879
2019-08-04 00:18:00,0.21505596453340559
2019-08-04 00:21:00,0.16064897664824684
2019-08-04 00:24:00,0.17689981051483983
2019-08-04 00:27:00,0.2158241977565467
2019-08-04 00:30:00,0.144034659059173
2019-08-04 00:33:00,0.27981598390067575
2019-08-04 00:36:00,0.1404379173489474
2019-08-04 00:39:00,0.34038400557545856
2019-08-04 00:42:00,0.2889904671345107
2019-08-04 00:45:00,0.22318768763307162
2019-08-04 00:48:00,0.2333371264889479
2019-08-04 00:51:00,0.21989006552507817
2019-08-04 00:54:00,0.2248724050899682
2019-08-04 00:57:00,0.2419917744847453
2019-08-04 01:00:00,0.37212766149889376
2019-08-04 01:03:00,0.1886442867578353
2019-08-04 01:06:00,0.22489222663324426
2019-08-04 01:09:00,0.31758021718906093
2019-08-04 01:12:00,0.19843706488666157
2019-08-04 01:15:00,0.17855077181610568
2019-08-04 01:18:00,0.33373849550065415
2019-08-04 01:21:00,0.3012666921166556
2019-08-04 01:24:00,0.208481226562526
2019-08-04 01:27:00,0.2981547323344671
2019-08-04 01:30:00,0.35342266116617793
2019-08-04 01:33:00,0.3601667209252355
2019-08-04 01:36:00,0.20197622432175422
2019-08-04 01:39:00,0.2802081527765381
2019-08-04 01:42:00,0.319357557842352
2019-08-04 01:45:00,0.34319080907101807
2019-08-04 01:48:00,0.2796151827977269
2019-08-04 01:51:00,0.25855157607111323
2019-08-04 01:54:00,0.30934629975666894
2019-08-04 01:57:00,0.18304470936823236
2019-08-04 02:00:00,0.2784068983669954
2019-08-04 02:03:00,0.2600328622283996
2019-08-04 02:06:00,0.3016603760830776
2019-08-04 02:09:00,0.319931271730411
2019-08-04 02:12:00,0.30517461996237216
2019-08-04 02:15:00,0.3136790302829695
2019-08-04 02:18:00,0.18949165627225284
2019-08-04 02:21:00,0.1970852003361756
2019-08-04 02:24:00,0.30860147245289227
2019-08-04 02:27:00,0.30968798378984275
2019-08-04 02:30:00,0.31580646959753267
2019-08-04 02:33:00,0.25050065211200945
2019-08-04 02:36:00,0.22131900718983388
2019-08-04 02:39:00,0.282764113130213
2019-08-04 02:42:00,0.3138660315803463
2019-08-04 02:45:00,0.38075152965058123
2019-08-04 02:48:00,0.23916281384083504
2019-08-04 02:51:00,0.36372481781251054
2019-08-04 02:54:00,0.3551958458578497
2019-08-04 02:57:00,0.3295558531585243
2019-08-04 03:00:00,0.37665439161838776
2019-08-04 03:03:00,0.39102423602452063
2019-08-04 03:06:00,0.4961672259734655
2019-08-04 03:09:00,0.31164419941501365
2019-08-04 03:12:00,0.3207221775101061
2019-08-04 03:15:00,0.34997841613289893
2019-08-04 03:18:00,0.31711321263799164
2019-08-04 03:21:00,0.3420660948414138
2019-08-04 03:24:00,0.29473656861512154
2019-08-04 03:27:00,0.3308670570135632
2019-08-04 03:30:00,0.3638990574389709
2019-08-04 03:33:00,0.2930730489871962
2019-08-04 03:36:00,0.21538985202016647
2019-08-04 03:39:00,0.22082454005402496
2019-08-04 03:42:00,0.2102251335615506
2019-08-04 03:45:00,0.2972460979609082
2019-08-04 03:48:00,0.2306093116457646
2019-08-04 03:51:00,0.3066192765115261
2019-08-04 03:54:00,0.36726293292014134
2019-08-04 03:57:00,0.3679441488839075
2019-08-04 04:00:00,0.3147473088155266
2019-08-04 04:03:00,0.270563050785654
2019-08-04 04:06:00,0.22988821836406714
2019-08-04 04:09:00,0.3217227014407058
2019-08-04 04:12:00,0.29198944107292846
2019-08-04 04:15:00,0.3389707145999523
2019-08-04 04:18:00,0.31403853572737717
2019-08-04 04:21:00,0.32395936876736187
2019-08-04 04:24:00,0.30845684361514714
2019-08-04 04:27:00,0.3561152040585398
2019-08-04 04:30:00,0.27410801438315957
2019-08-04 04:33:00,0.3053507590547042
2019-08-04 04:36:00,0.31088865209142114
2019-08-04 04:39:00,0.35153745522063673
2019-08-04 04:42:00,0.361457490103021
2019-08-04 04:45:00,0.27793107070260703
2019-08-04 04:48:00,0.35781327297917187
2019-08-04 04:51:00,0.23607910384964725
2019-08-04 04:54:00,0.37739462065559337
2019-08-04 04:57:00,0.356372618099158
2019-08-04 05:00:00,0.3995677771630426
2019-08-04 05:03:00,0.36230415316089193
2019-08-04 05:06:00,0.3126774441119551
2019-08-04 05:09:00,0.3869782694659989
2019-08-04 05:12:00,0.3433731446869501
2019-08-04 05:15:00,0.40744243917021095
2019-08-04 05:18:00,0.3253733033081403
2019-08-04 05:21:00,0.45181694555321883
2019-08-04 05:24:00,0.42831345623648076
2019-08-04 05:27:00,0.49486346532347625
2019-08-04 05:30:00,0.4766955256751544
2019-08-04 05:33:00,0.3958742634983423
2019-08-04 05:36:00,0.39127078056793607
2019-08-04 05:39:00,0.412234464308483
2019-08-04 05:42:00,0.40116421136548297
2019-08-04 05:45:00,0.3529887211993241
2019-08-04 05:48:00,0.478828488559941
2019-08-04 05:51:00,0.42747873733941333
2019-08-04 05:54:00,0.35117188876228056
2019-08-04 05:57:00,0.36474741779647957
2019-08-04 06:00:00,0.3104079872637726
2019-08-04 06:03:00,0.34355175661647763
2019-08-04 06:06:00,0.3326155764294185
2019-08-04 06:09:00,0.3418738497668983
2019-08-04 06:12:00,0.40371211445807376
2019-08-04 06:15:00,0.3412370513934775
2019-08-04 06:18:00,0.30137541170910254
2019-08-04 06:21:00,0.46667767644061087
2019-08-04 06:24:00,0.38935399972524465
2019-08-04 06:27:00,0.38690015972912306
2019-08-04 06:30:00,0.30682653189018083
2019-08-04 06:33:00,0.3820944074457202
2019-08-04 06:36:00,0.3511431455640377
2019-08-04 06:39:00,0.36346707126227784
2019-08-04 06:42:00,0.3441460240828178
2019-08-04 06:45:00,0.4500543112625337
2019-08-04 06:48:00,0.39906683509042296
2019-08-04 06:51:00,0.29744729832583516
2019-08-04 06:54:00,0.405496007960096
2019-08-04 06:57:00,0.28276675458693035
2019-08-04 07:00:00,0.32611647007610145
2019-08-04 07:03:00,0.3600309654077023
2019-08-04 07:06:00,0.39276160202888377
2019-08-04 07:09:00,0.39530414277794534
2019-08-04 07:12:00,0.42428132829923015
2019-08-04 07:15:00,0.48997976994542114
2019-08-04 07:18:00,0.437974280393405
2019-08-04 07:21:00,0.4178505320753061
2019-08-04 07:24:00,0.49111178227553864
2019-08-04 07:27:00,0.40119569640597774
2019-08-04 07:30:00,0.43208170389647194
2019-08-04 07:33:00,0.4520263788386387
2019-08-04 07:36:00,0.48096662957914305
2019-08-04 07:39:00,0.4287172282851657
2019-08-04 07:42:00,0.36858454624410797
2019-08-04 07:45:00,0.3760291227185917
2019-08-04 07:48:00,0.47393666243084454
2019-08-04 07:51:00,0.4016104854637774
2019-08-04 07:54:00,0.43674928037347627
2019-08-04 07:57:00,0.5341539495429402
2019-08-04 08:00:00,0.43439934436094063
2019-08-04 08:03:00,0.28376395666111875
2019-08-04 08:06:00,0.3003869563405033
2019-08-04 08:09:00,0.36200025620780707
2019-08-04 08:12:00,0.33965027873233566
2019-08-04 08:15:00,0.40307053077117416
2019-08-04 08:18:00,0.3787754141177402
2019-08-04 08:21:00,0.3356121202061786
2019-08-04 08:24:00,0.35817814522516755
2019-08-04 08:27:00,0.2727981409797735
2019-08-04 08:30:00,0.2780634656372172
2019-08-04 08:33:00,0.3979192883189171
2019-08-04 08:36:00,0.33595780060352354
2019-08-04 08:39:00,0.35303219996325197
2019-08-04 08:42:00,0.2935313756177038
2019-08-04 08:45:00,0.28032949999237644
2019-08-04 08:48:00,0.314174755961119
2019-08-04 08:51:00,0.19316087980286056
2019-08-04 08:54:00,0.2096367543500719
2019-08-04 08:57:00,0.19665054552370975
2019-08-04 09:00:00,0.1707658771917977
2019-08-04 09:03:00,0.13409791715417896
2019-08-04 09:06:00,0.13428799463031282
2019-08-04 09:09:00,0.11809310604911616
2019-08-04 09:12:00,0.07258297482462694
2019-08-04 09:15:00,0.04533305502792473
2019-08-04 09:18:00,-0.02729264392434061
2019-08-04 09:21:00,0.06065515701828872
2019-08-04 09:24:00,-0.010229858408479231
2019-08-04 09:27:00,0.06554651900881936
2019-08-04 09:30:00,-0.003191532995685975
2019-08-04 09:33:00,-0.013783260335628711
2019-08-04 09:36:00,-0.02598838652301083
2019-08-04 09:39:00,-0.06259681990735544
2019-08-04 09:42:00,-0.0645765235767044
2019-08-04 09:45:00,-0.02410939474088991
2019-08-04 09:48:00,-0.02751582881694503
2019-08-04 09:51:00,-0.12249302453062683
2019-08-04 09:54:00,-0.21514897903870178
2019-08-04 09:57:00,-0.14357146685352973
2019-08-04 10:00:00,-0.18345403539939298
2019-08-04 10:03:00,-0.20012598853412555
2019-08-04 10:06:00,-0.14785973309392375
2019-08-04 10:09:00,-0.09497430153095365
2019-08-04 10:12:00,-0.178096547681605
2019-08-04 10:15:00,-0.20064254027522566
2019-08-04 10:18:00,-0.22416444651224765
2019-08-04 10:21:00,-0.24023746824150294
2019-08-04 10:24:00,-0.2353374339027141
2019-08-04 10:27:00,-0.30605661011497887
2019-08-04 10:30:00,-0.26903000442649727
2019-08-04 10:33:00,-0.30383399474311545
2019-08-04 10:36:00,-0.2513683574222796
2019-08-04 10:39:00,-0.3710546898092275
2019-08-04 10:42:00,-0.3775033536878709
2019-08-04 10:45:00,-0.35525289976123986
2019-08-04 10:48:00,-0.39421014083933414
2019-08-04 10:51:00,-0.42363245897206525
2019-08-04 10:54:00,-0.4740510711074535
2019-08-04 10:57:00,-0.4290383029207874
2019-08-04 11:00:00,-0.34732714382363383
2019-08-04 11:03:00,-0.37618907871291185
2019-08-04 11:06:00,-0.42920655190607704
2019-08-04 11:09:00,-0.29753317951468716
2019-08-04 11:12:00,-0.41105608213979394
2019-08-04 11:15:00,-0.33573454641225453
2019-08-04 11:18:00,-0.5013236202821076
2019-08-04 11:21:00,-0.2774603355329077
2019-08-04 11:24:00,-0.48883989018742113
2019-08-04 11:27:00,-0.4016989359790273
2019-08-04 11:30:00,-0.4154347318601026
2019-08-04 11:33:00,-0.49939750473402
2019-08-04 11:36:00,-0.4020789465257053
2019-08-04 11:39:00,-0.37334633062818057
2019-08-04 11:42:00,-0.4917262319740985
2019-08-04 11:45:00,-0.3420025266077005
2019-08-04 11:48:00,-0.5070716212467232
2019-08-04 11:51:00,-0.47437980222304077
2019-08-04 11:54:00,-0.4714914495046969
2019-08-04 11:57:00,-0.4085086051555322
2019-08-04 12:00:00,-0.4582229317969677
2019-08-04 12:03:00,-0.5764206319415734
2019-08-04 12:06:00,-0.48764595096491803
2019-08-04 12:09:00,-0.5271056699592123
2019-08-04 12:12:00,-0.5120511552624407
2019-08-04 12:15:00,-0.4653168567389798
2019-08-04 12:18:00,-0.5124571604883954
2019-08-04 12:21:00,-0.4817820293429804
2019-08-04 12:24:00,-0.4816036953442904
2019-08-04 12:27:00,-0.4691723464252959
2019-08-04 12:30:00,-0.4784739963391189
2019-08-04 12:33:00,-0.6116342479610353
2019-08-04 12:36:00,-0.4268713416155947
2019-08-04 12:39:00,-0.39532031070143603
2019-08-04 12:42:00,-0.47992712387974734
2019-08-04 12:45:00,-0.4833404170187805
2019-08-04 12:48:00,-0.5294226009146996
2019-08-04 12:51:00,-0.4891412711290286
2019-08-04 12:54:00,-0.4923356758785076
2019-08-04 12:57:00,-0.5045132632952232
2019-08-04 13:00:00,-0.45286483647021214
2019-08-04 13:03:00,-0.4963705565434111
2019-08-04 13:06:00,-0.5105480721555296
2019-08-04 13:09:00,-0.5236387536276652
2019-08-04 13:12:00,-0.4931214482532482
2019-08-04 13:15:00,-0.48598913284058654
2019-08-04 13:18:00,-0.5003733959081273
2019-08-04 13:21:00,-0.49039393817554355
2019-08-04 13:24:00,-0.5231541272376603
2019-08-04 13:27:00,-0.5724907560184533
2019-08-04 13:30:00,-0.6073878460126139
2019-08-04 13:33:00,-0.6711259261635973
2019-08-04 13:36:00,-0.490419748773661
2019-08-04 13:39:00,-0.507835065862821
2019-08-04 13:42:00,-0.5214459349465983
2019-08-04 13:45:00,-0.4756074041862348
2019-08-04 13:48:00,-0.4299463325079955
2019-08-04 13:51:00,-0.4011279346700576
2019-08-04 13:54:00,-0.4218082097063416
2019-08-04 13:57:00,-0.5760759960336372
2019-08-04 14:00:00,-0.5485743363570919
2019-08-04 14:03:00,-0.590156523749954
2019-08-04 14:06:00,-0.430256413974746
2019-08-04 14:09:00,-0.5765447853176511
2019-08-04 14:12:00,-0.605015889960896
2019-08-04 14:15:00,-0.5932194899778551
2019-08-04 14:18:00,-0.5902561122564407
2019-08-04 14:21:00,-0.5057936228095059
2019-08-04 14:24:00,-0.5419191644918442
2019-08-04 14:27:00,-0.48348604546799834
2019-08-04 14:30:00,-0.5071451079396638
2019-08-04 14:33:00,-0.5475474469473625
2019-08-04 14:36:00,-0.6091991926929836
2019-08-04 14:39:00,-0.4048812646475426
2019-08-04 14:42:00,-0.45494025878309685
2019-08-04 14:45:00,-0.46836805933264714
2019-08-04 14:48:00,-0.40822206112301274
2019-08-04 14:51:00,-0.5471582318925812
2019-08-04 14:54:00,-0.5335726452643144
2019-08-04 14:57:00,-0.6387845815319793
2019-08-04 15:00:00,-0.4783657253447018
2019-08-04 15:03:00,-0.45574050429320323
2019-08-04 15:06:00,-0.5445149015691868
2019-08-04 15:09:00,-0.5875089584866373
2019-08-04 15:12:00,-0.6286326851653712
2019-08-04 15:15:00,-0.6288625440761848
2019-08-04 15:18:00,-0.6621617886146964
2019-08-04 15:21:00,-0.5220486476654855
2019-08-04 15:24:00,-0.5462374381581867
2019-08-04 15:27:00,-0.5695937276166774
2019-08-04 15:30:00,-0.6200272913596336
2019-08-04 15:33:00,-0.5576080817585307
2019-08-04 15:36:00,-0.595888769257158
2019-08-04 15:39:00,-0.5521296378876173
2019-08-04 15:42:00,-0.6134504648779853
2019-08-04 15:45:00,-0.5419635805711778
2019-08-04 15:48:00,-0.4824843373489216
2019-08-04 15:51:00,-0.5152863854154361
2019-08-04 15:54:00,-0.5163039254103978
2019-08-04 15:57:00,-0.5737129625247803
2019-08-04 16:00:00,-0.5528428777253112
2019-08-04 16:03:00,-0.5837679385824686
2019-08-04 16:06:00,-0.5497553229126311
2019-08-04 16:09:00,-0.5516740537922828
2019-08-04 16:12:00,-0.6344657511070864
2019-08-04 16:15:00,-0.5947308124146389
2019-08-04 16:18:00,-0.5668717107238308
2019-08-04 16:21:00,-0.5008920783413373
2019-08-04 16:24:00,-0.53859555579794
2019-08-04 16:27:00,-0.5574598781489044
2019-08-04 16:30:00,-0.555987757921514
2019-08-04 16:33:00,-0.5991593347719686
2019-08-04 16:36:00,-0.6546480229107488
2019-08-04 16:39:00,-0.5504003193182712
2019-08-04 16:42:00,-0.5418475568785084
2019-08-04 16:45:00,-0.6485263437565436
2019-08-04 16:48:00,-0.5963800339969794
2019-08-04 16:51:00,-0.6085179389183395
2019-08-04 16:54:00,-0.599977358213323
2019-08-04 16:57:00,-0.5690071278666551
2019-08-04 17:00:00,-0.5738797489772764
2019-08-04 17:03:00,-0.5861823692322901
2019-08-04 17:06:00,-0.4986035644898834
2019-08-04 17:09:00,-0.6213400733709591
2019-08-04 17:12:00,-0.5564525503982054
2019-08-04 17:15:00,-0.5243773851551623
2019-08-04 17:18:00,-0.6383523083244995
2019-08-04 17:21:00,-0.5376634290960283
2019-08-04 17:24:00,-0.5281833661601354
2019-08-04 17:27:00,-0.45870485120804005
2019-08-04 17:30:00,-0.503679945645672
2019-08-04 17:33:00,-0.48386652981020006
2019-08-04 17:36:00,-0.5016197199497014
2019-08-04 17:39:00,-0.49494202490126327
2019-08-04 17:42:00,-0.4423820783770225
2019-08-04 17:45:00,-0.4562367915544314
2019-08-04 17:48:00,-0.575980551689895
2019-08-04 17:51:00,-0.4963817651998852
2019-08-04 17:54:00,-0.5790208340274035
2019-08-04 17:57:00,-0.5379380144588595
2019-08-04 18:00:00,-0.46843761745014945
2019-08-04 18:03:00,-0.37023729413380124
2019-08-04 18:06:00,-0.48396963113151514
2019-08-04 18:09:00,-0.5439607053064606
2019-08-04 18:12:00,-0.48011794387809914
2019-08-04 18:15:00,-0.4945808394572282
2019-08-04 18:18:00,-0.520716430064283
2019-08-04 18:21:00,-0.38693080041139183
2019-08-04 18:24:00,-0.4551308665760416
2019-08-04 18:27:00,-0.36472989657994503
2019-08-04 18:30:00,-0.3166317320053622
2019-08-04 18:33:00,-0.41051717195267656
2019-08-04 18:36:00,-0.3939083362304814
2019-08-04 18:39:00,-0.5305011368535588
2019-08-04 18:42:00,-0.3526601561302414
2019-08-04 18:45:00,-0.37019093732050123
2019-08-04 18:48:00,-0.3079695900689785
2019-08-04 18:51:00,-0.22258059177812584
2019-08-04 18:54:00,
2019-08-04 18:57:00,
2019-08-04 19:00:00,
2019-08-04 19:03:00,-0.4119243000650954
2019-08-04 19:06:00,-0.36234651771729887
2019-08-04 19:09:00,-0.32715954852091045
2019-08-04 19:12:00,-0.24601912424168404
2019-08-04 19:15:00,-0.4003955078172794
2019-08-04 19:18:00,-0.3024242427522381
2019-08-04 19:21:00,-0.30069908769166886
2019-08-04 19:24:00,-0.3175637178410966
2019-08-04 19:27:00,-0.28258988233608306
2019-08-04 19:30:00,-0.3151119458466951
2019-08-04 19:33:00,-0.25914774926258133
2019-08-04 19:36:00,-0.22934658295389454
2019-08-04 19:39:00,-0.3111143822035842
2019-08-04 19:42:00,-0.2890258505141219
2019-08-04 19:45:00,-0.3059123187975956
2019-08-04 19:48:00,-0.3493843362409734
2019-08-04 19:51:00,-0.2898437111049361
2019-08-04 19:54:00,-0.18898913146244922
2019-08-04 19:57:00,-0.2785526116788901
2019-08-04 20:00:00,-0.22768655283374528
2019-08-04 20:03:00,-0.21401121928852262
2019-08-04 20:06:00,-0.23361346836128405
2019-08-04 20:09:00,-0.22167163402252754
2019-08-04 20:12:00,-0.1749728946760456
2019-08-04 20:15:00,-0.1160393480782318
2019-08-04 20:18:00,-0.17641186403665188
2019-08-04 20:21:00,-0.17495214263055914
2019-08-04 20:24:00,-0.12599283791803373
2019-08-04 20:27:00,-0.13871294781853294
2019-08-04 20:30:00,-0.23101040420988284
2019-08-04 20:33:00,-0.2370195849792367
2019-08-04 20:36:00,-0.19384454885840796
2019-08-04 20:39:00,-0.12581074339755105
2019-08-04 20:42:00,-0.09200495132944297
2019-08-04 20:45:00,-0.16813570615909157
2019-08-04 20:48:00,-0.14571096089190405
2019-08-04 20:51:00,-0.11488874355194412
2019-08-04 20:54:00,-0.05336131779222342
2019-08-04 20:57:00,-0.10792695990812717
2019-08-04 21:00:00,-0.23639096435761076
2019-08-04 21:03:00,-0.1260131791736967
2019-08-04 21:06:00,-0.1814916233441295
2019-08-04 21:09:00,-0.142733768903895
2019-08-04 21:12:00,-0.04920320662165523
2019-08-04 21:15:00,-0.1368722539031637
2019-08-04 21:18:00,-0.02858410031387848
2019-08-04 21:21:00,-0.07076256895959432
2019-08-04 21:24:00,-0.0665767548194367
2019-08-04 21:27:00,-0.007370487871412479
2019-08-04 21:30:00,-0.11723716297342435
2019-08-04 21:33:00,-0.013818368908914636
2019-08-04 21:36:00,-0.08235859601074935
2019-08-04 21:39:00,-0.0030461705050015553
2019-08-04 21:42:00,-0.03887292837828227
2019-08-04 21:45:00,-0.11626729135343794
2019-08-04 21:48:00,-0.05304419810136096
2019-08-04 21:51:00,-0.14411479691403883
2019-08-04 21:54:00,-0.0323968129105765
2019-08-04 21:57:00,-0.10599059047081028
2019-08-04 22:00:00,-0.11046580724763544
2019-08-04 22:03:00,-0.038738442159569786
2019-08-04 22:06:00,-0.08796101189824412
2019-08-04 22:09:00,-0.022358273796783124
2019-08-04 22:12:00,-0.045806559749280495
2019-08-04 22:15:00,-0.09723705845453878
2019-08-04 22:18:00,-0.0888615914144566
2019-08-04 22:21:00,-0.04925689608234052
2019-08-04 22:24:00,-0.04311216172288823
2019-08-04 22:27:00,-0.09364080566723487
2019-08-04 22:30:00,-0.04994341683362791
2019-08-04 22:33:00,-0.021270866483632744
2019-08-04 22:36:00,-0.00983925235385641
2019-08-04 22:39:00,-0.03373326007255173
2019-08-04 22:42:00,0.017824036575461832
2019-08-04 22:45:00,-0.015168144393840066
2019-08-04 22:48:00,-0.025966513572541317
2019-08-04 22:51:00,-0.09993959654741502
2019-08-04 22:54:00,-0.05058693054581909
2019-08-04 22:57:00,-0.06260705629017593
2019-08-04 23:00:00,0.016823729525867748
2019-08-04 23:03:00,-0.11786763123603805
2019-08-04 23:06:00,-0.13156773811130051
2019-08-04 23:09:00,-0.02595062229084988
2019-08-04 23:12:00,-0.08389130845904447
2019-08-04 23:15:00,0.016275865724367122
2019-08-04 23:18:00,-0.018103454778611194
2019-08-04 23:21:00,-0.03966783358430348
2019-08-04 23:24:00,-0.06190825339467665
2019-08-04 23:27:00,-0.08094022562983128
2019-08-04 23:30:00,-0.08525299545920006
2019-08-04 23:33:00,-0.0019364015235510124
2019-08-04 23:36:00,-0.07610664803951295
2019-08-04 23:39:00,-0.10633710706099464
2019-08-04 23:42:00,-0.02331682715362149
2019-08-04 23:45:00,-0.09370958322796241
2019-08-04 23:48:00,-0.033569861619128005
2019-08-04 23:51:00,-0.06427534268857471
2019-08-04 23:54:00,0.006868072779013801
2019-08-04 23:57:00,-0.03646190638670532
2019-08-05 00:00:00,-0.020352948847630614
2019-08-05 00:03:00,0.004962257788236002
2019-08-05 00:06:00,-0.066572470660617
2019-08-05 00:09:00,0.11301027018578225
2019-08-05 00:12:00,0.007694498640944403
2019-08-05 00:15:00,0.04288636597772211
2019-08-05 00:18:00,0.020268511869971917
2019-08-05 00:21:00,0.047472545128869115
2019-08-05 00:24:00,-0.04621123109785685
2019-08-05 00:27:00,-0.06254595209662739
2019-08-05 00:30:00,-0.05529726464584428
2019-08-05 00:33:00,0.11174960317356408
2019-08-05 00:36:00,-0.00042351304296062153
2019-08-05 00:39:00,-0.08214727423342083
2019-08-05 00:42:00,0.02695863270287191
2019-08-05 00:45:00,0.04760215951449709
2019-08-05 00:48:00,0.09562212682862992
2019-08-05 00:51:00,0.07568038774087427
2019-08-05 00:54:00,-0.0030195279036320244
2019-08-05 00:57:00,-0.0759183723915271
2019-08-05 01:00:00,-0.06021293991085486
2019-08-05 01:03:00,0.018272247918616813
2019-08-05 01:06:00,-0.012058253120301288
2019-08-05 01:09:00,0.015481445590921794
2019-08-05 01:12:00,0.04833061580421827
2019-08-05 01:15:00,0.10380945084239102
2019-08-05 01:18:00,0.11483943188170542
2019-08-05 01:21:00,0.09821020894327148
2019-08-05 01:24:00,-0.05324301285367028
2019-08-05 01:27:00,0.1496477822331599
2019-08-05 01:30:00,0.11180470978689527
2019-08-05 01:33:00,-0.011231417589499415
2019-08-05 01:36:00,0.04191221340232687
2019-08-05 01:39:00,0.048476418542350075
2019-08-05 01:42:00,0.02975727438990816
2019-08-05 01:45:00,0.19063250859272785
2019-08-05 01:48:00,0.09837305507335259
2019-08-05 01:51:00,0.0020627585863053355
2019-08-05 01:54:00,0.11390489745650711
2019-08-05 01:57:00,0.016111678908487193
2019-08-05 02:00:00,0.09344249101945934
2019-08-05 02:03:00,-0.0029849344340391326
2019-08-05 02:06:00,0.017504460183431547
2019-08-05 02:09:00,-0.04824023988680892
2019-08-05 02:12:00,0.11994478181259183
2019-08-05 02:15:00,-0.08366798974168432
2019-08-05 02:18:00,0.042996505242683725
2019-08-05 02:21:00,0.11345228396260154
2019-08-05 02:24:00,0.05027142657047534
2019-08-05 02:27:00,0.0449430423677768
2019-08-05 02:30:00,0.0027148504826755016
2019-08-05 02:33:00,0.07295770769195542
2019-08-05 02:36:00,-0.00582328111266861
2019-08-05 02:39:00,-0.026819153231542714
2019-08-05 02:42:00,-0.15319808486304964
2019-08-05 02:45:00,-0.03874224112308866
2019-08-05 02:48:00,-0.05952986166875007
2019-08-05 02:51:00,-0.026203857900782168
2019-08-05 02:54:00,0.008922118400619183
2019-08-05 02:57:00,0.06493952041216744
2019-08-05 03:00:00,-0.03729852938801059
2019-08-05 03:03:00,0.012846143713090896
2019-08-05 03:06:00,-0.0766081399976315
2019-08-05 03:09:00,0.04855799501569891
2019-08-05 03:12:00,0.09901623544408267
2019-08-05 03:15:00,0.11371988910349273
2019-08-05 03:18:00,0.14495323285291306
2019-08-05 03:21:00,-0.017344515516640513
2019-08-05 03:24:00,-0.018930200280919962
2019-08-05 03:27:00,0.0842376010081125
2019-08-05 03:30:00,0.09571879105499193
2019-08-05 03:33:00,0.01007131997084798
2019-08-05 03:36:00,0.015855291056425358
2019-08-05 03:39:00,0.16795472402873202
2019-08-05 03:42:00,-0.0869978714238755
2019-08-05 03:45:00,0.10907976195471747
2019-08-05 03:48:00,0.04783208972378361
2019-08-05 03:51:00,0.15069560366868018
2019-08-05 03:54:00,0.07199302112411488
2019-08-05 03:57:00,0.09718988271367834
2019-08-05 04:00:00,0.14998422511843046
2019-08-05 04:03:00,0.1470913990027043
2019-08-05 04:06:00,0.08761469763760488
2019-08-05 04:09:00,0.13653902466165846
2019-08-05 04:12:00,0.10730589568936466
2019-08-05 04:15:00,0.02647623152728329
2019-08-05 04:18:00,0.15781429081783926
2019-08-05 04:21:00,0.027816779623151433
2019-08-05 04:24:00,0.08494823759406245
2019-08-05 04:27:00,-0.008020145364980635
2019-08-05 04:30:00,-0.00047819443761909497
2019-08-05 04:33:00,0.13354658792343344
2019-08-05 04:36:00,0.14268082995761233
2019-08-05 04:39:00,0.04538817872742129
2019-08-05 04:42:00,0.08916655138938268
2019-08-05 04:45:00,0.09974725234667403
2019-08-05 04:48:00,0.062075294815088
2019-08-05 04:51:00,0.12832109821960103
2019-08-05 04:54:00,0.1868520698204179
2019-08-05 04:57:00,0.10495898799126735
2019-08-05 05:00:00,0.09096853648912884
2019-08-05 05:03:00,-0.008339693822847494
2019-08-05 05:06:00,0.04526281076238092
2019-08-05 05:09:00,0.10054182395202815
2019-08-05 05:12:00,0.16092020523376505
2019-08-05 05:15:00,0.1814497883989361
2019-08-05 05:18:00,0.11574718735232636
2019-08-05 05:21:00,0.1022987277273728
2019-08-05 05:24:00,0.21072442490356025
2019-08-05 05:27:00,0.14665295632136122
2019-08-05 05:30:00,0.17596139710218495
2019-08-05 05:33:00,0.1189506882931255
2019-08-05 05:36:00,0.12446395317414272
2019-08-05 05:39:00,0.14437125395988915
2019-08-05 05:42:00,0.22479331915599232
2019-08-05 05:45:00,0.19233929691750973
2019-08-05 05:48:00,0.21882011900100906
2019-08-05 05:51:00,0.2465806884123367
2019-08-05 05:54:00,0.18001416859493702
2019-08-05 05:57:00,0.1942694130668201
2019-08-05 06:00:00,0.1798579944089056
2019-08-05 06:03:00,0.2925655398478284
2019-08-05 06:06:00,0.2694797775412212
2019-08-05 06:09:00,0.28792363912424435
2019-08-05 06:12:00,0.23358097007763945
2019-08-05 06:15:00,0.09869963893669365
2019-08-05 06:18:00,0.32820251979381965
2019-08-05 06:21:00,0.17333734058826167
2019-08-05 06:24:00,0.28568369758005474
2019-08-05 06:27:00,0.1533271564876486
2019-08-05 06:30:00,0.1493699204773975
2019-08-05 06:33:00,0.24471436883862907
2019-08-05 06:36:00,0.2114358790209394
2019-08-05 06:39:00,0.29892618604515064
2019-08-05 06:42:00,0.24178422603847594
2019-08-05 06:45:00,0.22082443334932123
2019-08-05 06:48:00,0.25259581575915036
2019-08-05 06:51:00,0.3213811948004377
2019-08-05 06:54:00,0.25460624140180244
2019-08-05 06:57:00,0.33794199711752526
2019-08-05 07:00:00,0.17385225867337795
2019-08-05 07:03:00,0.25548859604600693
2019-08-05 07:06:00,0.15685977234630855
2019-08-05 07:09:00,0.23013129856229853
2019-08-05 07:12:00,0.21734887647863843
2019-08-05 07:15:00,0.2488929987712254
2019-08-05 07:18:00,0.1663889857658205
2019-08-05 07:21:00,0.22920207734892983
2019-08-05 07:24:00,0.1144148148067643
2019-08-05 07:27:00,0.18036846347428082
2019-08-05 07:30:00,0.11089521415607351
2019-08-05 07:33:00,0.11743787755784751
2019-08-05 07:36:00,0.09243181751088514
2019-08-05 07:39:00,0.130988484838781
2019-08-05 07:42:00,0.09252898664408349
2019-08-05 07:45:00,0.13177781786811238
2019-08-05 07:48:00,0.048783708699545514
2019-08-05 07:51:00,0.04213727273014456
2019-08-05 07:54:00,0.1252111242536671
2019-08-05 07:57:00,0.14406640360635947
2019-08-05 08:00:00,0.18867698254541665
2019-08-05 08:03:00,0.061523001547357126
2019-08-05 08:06:00,0.09832061931916769
2019-08-05 08:09:00,0.16501530785126306
2019-08-05 08:12:00,0.09255675951436615
2019-08-05 08:15:00,0.0868528216722666
2019-08-05 08:18:00,0.09730624878397975
2019-08-05 08:21:00,0.09384222166625023
2019-08-05 08:24:00,0.02434274979628981
2019-08-05 08:27:00,0.10029846783550056
2019-08-05 08:30:00,0.08740612774738565
2019-08-05 08:33:00,0.05942584109629934
2019-08-05 08:36:00,-0.0065532191844113186
2019-08-05 08:39:00,0.021143862216717935
2019-08-05 08:42:00,0.04032418519250314
2019-08-05 08:45:00,0.026124361727511314
2019-08-05 08:48:00,0.010391106102531467
2019-08-05 08:51:00,0.03371979929329427
2019-08-05 08:54:00,0.03192479200981779
2019-08-05 08:57:00,-0.053559044447865745
2019-08-05 09:00:00,-0.07047703222258406
2019-08-05 09:03:00,-0.11177965596976946
2019-08-05 09:06:00,-0.10664731120385795
2019-08-05 09:09:00,-0.07896490699982905
2019-08-05 09:12:00,-0.10766684525339087
2019-08-05 09:15:00,-0.12441060450851182
2019-08-05 09:18:00,-0.09109209292921605
2019-08-05 09:21:00,-0.11126691502045105
2019-08-05 09:24:00,-0.16281002493207097
2019-08-05 09:27:00,-0.15189045994725348
2019-08-05 09:30:00,-0.09278901178379328
2019-08-05 09:33:00,-0.20415027203938507
2019-08-05 09:36:00,-0.3003347440624111
2019-08-05 09:39:00,-0.27270472375232657
2019-08-05 09:42:00,-0.2327049843067357
2019-08-05 09:45:00,-0.27877570807635266
2019-08-05 09:48:00,-0.2998695716523798
2019-08-05 09:51:00,-0.30282261413515243
2019-08-05 09:54:00,-0.28438547427782623
2019-08-05 09:57:00,-0.280976232357375
2019-08-05 10:00:00,-0.1988637672677669
2019-08-05 10:03:00,-0.2767150992796701
2019-08-05 10:06:00,-0.2701659687008373
2019-08-05 10:09:00,-0.30713232373074106
2019-08-05 10:12:00,-0.30856529721853576
2019-08-05 10:15:00,-0.2346850906136524
2019-08-05 10:18:00,-0.30568694955235287
2019-08-05 10:21:00,-0.3315886436192841
2019-08-05 10:24:00,-0.32304882488398334
2019-08-05 10:27:00,-0.36993530047800505
2019-08-05 10:30:00,-0.33570957403247803
2019-08-05 10:33:00,-0.3166834049317231
2019-08-05 10:36:00,-0.35899681109634685
2019-08-05 10:39:00,-0.36112500715705664
2019-08-05 10:42:00,-0.40523284208967425
2019-08-05 10:45:00,-0.3849315058127445
2019-08-05 10:48:00,-0.3532307903833498
2019-08-05 10:51:00,-0.3526543171283265
2019-08-05 10:54:00,-0.32995191986537975
2019-08-05 10:57:00,-0.29956800654923654
2019-08-05 11:00:00,-0.4234722596687561
2019-08-05 11:03:00,-0.2734994242371158
2019-08-05 11:06:00,-0.45321606746716725
2019-08-05 11:09:00,-0.46867286457637647
2019-08-05 11:12:00,-0.2980058568306845
2019-08-05 11:15:00,-0.4623977136783992
2019-08-05 11:18:00,-0.45915931279193956
2019-08-05 11:21:00,-0.369375359132448
2019-08-05 11:24:00,-0.42604131979862814
2019-08-05 11:27:00,-0.5541620263117579
2019-08-05 11:30:00,-0.39997122485095815
2019-08-05 11:33:00,-0.5203560207199871
2019-08-05 11:36:00,-0.333742176907208
2019-08-05 11:39:00,-0.45677318405449796
2019-08-05 11:42:00,-0.5051840676144366
2019-08-05 11:45:00,-0.5590620021917516
2019-08-05 11:48:00,-0.5185102486122446
2019-08-05 11:51:00,-0.4473759897595073
2019-08-05 11:54:00,-0.4178339398371236
2019-08-05 11:57:00,-0.47917824562148326
2019-08-05 12:00:00,-0.4647621452617159
2019-08-05 12:03:00,-0.5929408562473668
2019-08-05 12:06:00,-0.542724607955904
2019-08-05 12:09:00,-0.5460451711684868
2019-08-05 12:12:00,-0.49980036296233266
2019-08-05 12:15:00,-0.41845815258676566
2019-08-05 12:18:00,-0.5654313772757291
2019-08-05 12:21:00,-0.548384432573414
2019-08-05 12:24:00,-0.4750447344782174
2019-08-05 12:27:00,-0.5046862484472285
2019-08-05 12:30:00,-0.5845953865526781
2019-08-05 12:33:00,-0.6026847857148141
2019-08-05 12:36:00,-0.6578662953639878
2019-08-05 12:39:00,-0.533601337426262
2019-08-05 12:42:00,-0.42352025755315026
2019-08-05 12:45:00,-0.7337192925216982
2019-08-05 12:48:00,-0.660860827069996
2019-08-05 12:51:00,-0.6514520524258387
2019-08-05 12:54:00,-0.6091770429069356
2019-08-05 12:57:00,-0.5690650160803443
2019-08-05 13:00:00,-0.6090877189205344
2019-08-05 13:03:00,-0.6506831883429527
2019-08-05 13:06:00,-0.67930270602983
2019-08-05 13:09:00,-0.6650967869624651
2019-08-05 13:12:00,-0.5269007369566907
2019-08-05 13:15:00,-0.6008432282694116
2019-08-05 13:18:00,-0.5254129663001663
2019-08-05 13:21:00,-0.5931500153324691
2019-08-05 13:24:00,-0.6369512566234903
2019-08-05 13:27:00,-0.5463292002411322
2019-08-05 13:30:00,-0.5645719319635418
2019-08-05 13:33:00,-0.5811076907974098
2019-08-05 13:36:00,-0.6663437794762785
2019-08-05 13:39:00,-0.7182207170832271
2019-08-05 13:42:00,-0.5320561966832997
2019-08-05 13:45:00,-0.48931568594764485
2019-08-05 13:48:00,-0.557031718523092
2019-08-05 13:51:00,-0.5205220968192066
2019-08-05 13:54:00,-0.6650997249485044
2019-08-05 13:57:00,-0.6234577457658474
2019-08-05 14:00:00,-0.6370426296121536
2019-08-05 14:03:00,-0.5705816608896157
2019-08-05 14:06:00,-0.5117741187764864
2019-08-05 14:09:00,-0.6189040073426781
2019-08-05 14:12:00,-0.48527879575470934
2019-08-05 14:15:00,-0.39590021754969484
2019-08-05 14:18:00,-0.41631830928395175
2019-08-05 14:21:00,-0.5255959593807233
2019-08-05 14:24:00,-0.564783837169955
2019-08-05 14:27:00,-0.6173762547265369
2019-08-05 14:30:00,-0.7085026335103635
2019-08-05 14:33:00,-0.6784241286217139
2019-08-05 14:36:00,-0.6079861509321631
2019-08-05 14:39:00,-0.609810479569262
2019-08-05 14:42:00,-0.5670019658159049
2019-08-05 14:45:00,-0.5373582195099402
2019-08-05 14:48:00,-0.5878363866048062
2019-08-05 14:51:00,-0.5912637690929614
2019-08-05 14:54:00,-0.4942966888975775
2019-08-05 14:57:00,-0.5165360671980466
2019-08-05 15:00:00,-0.5996905046129086
2019-08-05 15:03:00,-0.5736339196105291
2019-08-05 15:06:00,-0.5989557770398619
2019-08-05 15:09:00,-0.623948029571352
2019-08-05 15:12:00,-0.6069980173784302
2019-08-05 15:15:00,-0.6056314558717872
2019-08-05 15:18:00,-0.5213844231759595
2019-08-05 15:21:00,-0.5848677334892614
2019-08-05 15:24:00,-0.44646176611809096
2019-08-05 15:27:00,-0.5712990743645605
2019-08-05 15:30:00,-0.46148270747198694
2019-08-05 15:33:00,-0.48619373378863884
2019-08-05 15:36:00,-0.5755780417759979
2019-08-05 15:39:00,-0.5610382354605576
2019-08-05 15:42:00,-0.48130716077213265
2019-08-05 15:45:00,-0.4567566967695029
2019-08-05 15:48:00,-0.6017611120350352
2019-08-05 15:51:00,-0.6094570269471546
2019-08-05 15:54:00,-0.5967059502690972
2019-08-05 15:57:00,-0.5945012186430176
2019-08-05 16:00:00,-0.5816722720659868
2019-08-05 16:03:00,-0.5458684434200336
2019-08-05 16:06:00,-0.5044928229674497
2019-08-05 16:09:00,-0.5806043283737381
2019-08-05 16:12:00,-0.5414363292380813
2019-08-05 16:15:00,-0.6839098311087923
2019-08-05 16:18:00,-0.6469033365427777
2019-08-05 16:21:00,-0.6540150234077942
2019-08-05 16:24:00,-0.7074697163394603
2019-08-05 16:27:00,-0.6048987217689614
2019-08-05 16:30:00,-0.673089087483504
2019-08-05 16:33:00,-0.5873809672087873
2019-08-05 16:36:00,-0.5330744481978513
2019-08-05 16:39:00,-0.5661171303840433
2019-08-05 16:42:00,-0.5835771469696169
2019-08-05 16:45:00,-0.6457380285821728
2019-08-05 16:48:00,-0.5821854743682593
2019-08-05 16:51:00,-0.5318235803559901
2019-08-05 16:54:00,-0.5650545766530399
2019-08-05 16:57:00,-0.5671680646842674
2019-08-05 17:00:00,-0.5199022179442636
2019-08-05 17:03:00,-0.4635504443157856
2019-08-05 17:06:00,-0.4480965560590562
2019-08-05 17:09:00,-0.3253622214933216
2019-08-05 17:12:00,-0.3603602265910695
2019-08-05 17:15:00,-0.5486450994283132
2019-08-05 17:18:00,-0.41519715991080375
2019-08-05 17:21:00,-0.46498686799196776
2019-08-05 17:24:00,-0.45503494163796177
2019-08-05 17:27:00,-0.4774637247526812
2019-08-05 17:30:00,-0.4406100024229431
2019-08-05 17:33:00,-0.45952356037992104
2019-08-05 17:36:00,-0.5212076036021926
2019-08-05 17:39:00,-0.5597508440708339
2019-08-05 17:42:00,-0.41247153609407405
2019-08-05 17:45:00,-0.5094274014181792
2019-08-05 17:48:00,-0.4579579027242744
2019-08-05 17:51:00,-0.4713746833352843
2019-08-05 17:54:00,-0.4871118577424909
2019-08-05 17:57:00,-0.4515947625941976
2019-08-05 18:00:00,-0.46050040004666926
2019-08-05 18:03:00,-0.4876384763309147
2019-08-05 18:06:00,-0.40814932131655723
2019-08-05 18:09:00,-0.3492159059339315
2019-08-05 18:12:00,-0.48743092268426835
2019-08-05 18:15:00,-0.3760504948713219
2019-08-05 18:18:00,-0.4417312679456131
2019-08-05 18:21:00,-0.3924838834645925
2019-08-05 18:24:00,-0.43506776668596103
2019-08-05 18:27:00,-0.49011608836894993
2019-08-05 18:30:00,-0.35719460472336095
2019-08-05 18:33:00,-0.43967862686264425
2019-08-05 18:36:00,-0.36364302090021283
2019-08-05 18:39:00,-0.3915776449312034
2019-08-05 18:42:00,-0.38072547849321836
2019-08-05 18:45:00,-0.4536085919309585
2019-08-05 18:48:00,-0.38507226751039525
2019-08-05 18:51:00,-0.28973008065946715
2019-08-05 18:54:00,
2019-08-05 18:57:00,
2019-08-05 19:00:00,
2019-08-05 19:03:00,-0.31300208990006695
2019-08-05 19:06:00,-0.39582016180196433
2019-08-05 19:09:00,-0.258102826367292
2019-08-05 19:12:00,-0.28898038396698666
2019-08-05 19:15:00,-0.4527184081186988
2019-08-05 19:18:00,-0.327277629033631
2019-08-05 19:21:00,-0.2701741813616536
2019-08-05 19:24:00,-0.2984794907541186
2019-08-05 19:27:00,-0.29469100505173174
2019-08-05 19:30:00,-0.29501705314925175
2019-08-05 19:33:00,-0.16669845236555147
2019-08-05 19:36:00,-0.3159393338587506
2019-08-05 19:39:00,-0.08232816454483327
2019-08-05 19:42:00,-0.2305828266397043
2019-08-05 19:45:00,-0.02458708050221503
2019-08-05 19:48:00,-0.13135984658828193
2019-08-05 19:51:00,-0.1149763327648543
2019-08-05 19:54:00,-0.1001614350766431
2019-08-05 19:57:00,-0.07524756237546626
2019-08-05 20:00:00,-0.041006027163177805
2019-08-05 20:03:00,-0.010419091207722886
2019-08-05 20:06:00,-0.046243697620411695
2019-08-05 20:09:00,-0.0714524241249137
2019-08-05 20:12:00,-0.08440065354085391
2019-08-05 20:15:00,-0.01374498263157875
2019-08-05 20:18:00,-0.10805846300388566
2019-08-05 20:21:00,-0.050776560473991594
2019-08-05 20:24:00,-0.08963592488214545
2019-08-05 20:27:00,-0.07019637598563122
2019-08-05 20:30:00,-0.015579489726746942
2019-08-05 20:33:00,-0.0554405193353773
2019-08-05 20:36:00,0.04613628955200966
2019-08-05 20:39:00,-0.0876887374476496
2019-08-05 20:42:00,-0.10115628939405497
2019-08-05 20:45:00,-0.09211260516917719
2019-08-05 20:48:00,-0.05432346957451273
2019-08-05 20:51:00,-0.04812081840134397
2019-08-05 20:54:00,0.00618426114670001
2019-08-05 20:57:00,0.11677546950977558
2019-08-05 21:00:00,0.09084239590458765
2019-08-05 21:03:00,0.05818927127683082
2019-08-05 21:06:00,-0.0039010528083736062
2019-08-05 21:09:00,0.0848439405112913
2019-08-05 21:12:00,0.013719358811727034
2019-08-05 21:15:00,0.12406241914919747
2019-08-05 21:18:00,0.14765680241072232
2019-08-05 21:21:00,0.06322268368916184
2019-08-05 21:24:00,0.060390400818050693
2019-08-05 21:27:00,0.11367259320718404
2019-08-05 21:30:00,0.07560672912364907
2019-08-05 21:33:00,0.1169093224893345
2019-08-05 21:36:00,0.08810135970242072
2019-08-05 21:39:00,0.12276358847537949
2019-08-05 21:42:00,0.17328672113893617
2019-08-05 21:45:00,0.07672966727858466
2019-08-05 21:48:00,0.0954810113174176
2019-08-05 21:51:00,0.11380332563692264
2019-08-05 21:54:00,0.07024056095974629
2019-08-05 21:57:00,0.08422708436592075
2019-08-05 22:00:00,0.10448310300262165
2019-08-05 22:03:00,0.06880564627437025
2019-08-05 22:06:00,0.034323712632954084
2019-08-05 22:09:00,-0.005550510582622792
2019-08-05 22:12:00,-0.030402531510389963
2019-08-05 22:15:00,0.029618817403388675
2019-08-05 22:18:00,0.011927371307649537
2019-08-05 22:21:00,0.03949701764940983
2019-08-05 22:24:00,0.07522764235847035
2019-08-05 22:27:00,0.02982108015811491
2019-08-05 22:30:00,0.04564566525078817
2019-08-05 22:33:00,0.15218880568028226
2019-08-05 22:36:00,0.03841131821127419
2019-08-05 22:39:00,0.06454531779712624
2019-08-05 22:42:00,0.13728036393450793
2019-08-05 22:45:00,-0.006511294821052616
2019-08-05 22:48:00,0.05214528516438577
2019-08-05 22:51:00,0.006961646876789018
2019-08-05 22:54:00,0.09228211797352515
2019-08-05 22:57:00,0.005161121201467722
2019-08-05 23:00:00,-0.004988634038852524
2019-08-05 23:03:00,0.08028040615397458
2019-08-05 23:06:00,0.023396584271097254
2019-08-05 23:09:00,0.08420353721714946
2019-08-05 23:12:00,-0.03275737260145206
2019-08-05 23:15:00,0.02220539781592379
2019-08-05 23:18:00,0.12433804080950495
2019-08-05 23:21:00,0.046733215732501776
2019-08-05 23:24:00,0.04710118244668138
2019-08-05 23:27:00,0.060613732907654594
2019-08-05 23:30:00,0.1218646236462746
2019-08-05 23:33:00,0.08635863766187413
2019-08-05 23:36:00,0.06191051316568519
2019-08-05 23:39:00,0.09966529952970404
2019-08-05 23:42:00,0.0003801882357379327
2019-08-05 23:45:00,0.1515245124262492
2019-08-05 23:48:00,0.1326632915885284
2019-08-05 23:51:00,0.036485090722635505
2019-08-05 23:54:00,0.09235784874624642
2019-08-05 23:57:00,0.07846817260133321
2019-08-06 00:00:00,0.13796223440596123
2019-08-06 00:03:00,0.06293843654816555
2019-08-06 00:06:00,0.10446650980719596
2019-08-06 00:09:00,0.13659856267446457
2019-08-06 00:12:00,0.020216597437467954
2019-08-06 00:15:00,0.13722818364874456
2019-08-06 00:18:00,0.1607684437072976
2019-08-06 00:21:00,0.08206303486730349
2019-08-06 00:24:00,0.15146723573076315
2019-08-06 00:27:00,0.08615280737853936
2019-08-06 00:30:00,0.09989488926083823
2019-08-06 00:33:00,0.10743244042930655
2019-08-06 00:36:00,0.14230499299463872
2019-08-06 00:39:00,0.18637920969388233
2019-08-06 00:42:00,0.10635155012215591
2019-08-06 00:45:00,0.21074739596832615
2019-08-06 00:48:00,0.1580077296112563
2019-08-06 00:51:00,0.12197616997741534
2019-08-06 00:54:00,0.18973675113596755
2019-08-06 00:57:00,0.07497621124110765
2019-08-06 01:00:00,0.1486740314887811
2019-08-06 01:03:00,0.1426932990318619
2019-08-06 01:06:00,0.18334826170541874
2019-08-06 01:09:00,0.0840643330839157
2019-08-06 01:12:00,0.19160893602258966
2019-08-06 01:15:00,0.16692550577442944
2019-08-06 01:18:00,0.12592510037006832
2019-08-06 01:21:00,0.19011778466415308
2019-08-06 01:24:00,0.14910523311999668
2019-08-06 01:27:00,0.14759553723996532
2019-08-06 01:30:00,0.136005329890736
2019-08-06 01:33:00,0.29633433708744406
2019-08-06 01:36:00,0.09965191709619603
2019-08-06 01:39:00,0.17079190172250946
2019-08-06 01:42:00,0.0515060576692008
2019-08-06 01:45:00,0.16121550720640698
2019-08-06 01:48:00,0.19651850408922655
2019-08-06 01:51:00,0.1329366451739702
2019-08-06 01:54:00,0.1995857758066677
2019-08-06 01:57:00,0.07339654273715723
2019-08-06 02:00:00,0.16898349804711188
2019-08-06 02:03:00,0.20872862094466882
2019-08-06 02:06:00,0.23951726425258357
2019-08-06 02:09:00,0.2645035758600329
2019-08-06 02:12:00,0.13478459651361163
2019-08-06 02:15:00,0.19881066215788223
2019-08-06 02:18:00,0.18959852850537118
2019-08-06 02:21:00,0.159093366861498
2019-08-06 02:24:00,0.20492724243734983
2019-08-06 02:27:00,0.20398373333955533
2019-08-06 02:30:00,0.19517771196080957
2019-08-06 02:33:00,0.18498604958790565
2019-08-06 02:36:00,0.15423062059142012
2019-08-06 02:39:00,0.04280430359347065
2019-08-06 02:42:00,0.03733878897833165
2019-08-06 02:45:00,0.18271159341111343
2019-08-06 02:48:00,0.19437127121761932
2019-08-06 02:51:00,0.19470377687133578
2019-08-06 02:54:00,0.2564643404417666
2019-08-06 02:57:00,0.142341294772109
2019-08-06 03:00:00,0.16250328821922722
2019-08-06 03:03:00,0.16754035983319682
2019-08-06 03:06:00,0.20043472925959804
2019-08-06 03:09:00,0.23394072591423765
2019-08-06 03:12:00,0.2604522246608667
2019-08-06 03:15:00,0.2479019442262711
2019-08-06 03:18:00,0.21498077526757697
2019-08-06 03:21:00,0.2119276399333785
2019-08-06 03:24:00,0.27720481849075895
2019-08-06 03:27:00,0.2295741008707637
2019-08-06 03:30:00,0.31263316521966544
2019-08-06 03:33:00,0.25242872435143227
2019-08-06 03:36:00,0.2681172160449137
2019-08-06 03:39:00,0.2572571000023913
2019-08-06 03:42:00,0.2648188625883563
2019-08-06 03:45:00,0.3000542895509284
2019-08-06 03:48:00,0.16953297507456
2019-08-06 03:51:00,0.19126158709394758
2019-08-06 03:54:00,0.23445919573089213
2019-08-06 03:57:00,0.1589802060058787
2019-08-06 04:00:00,0.2851800813027694
2019-08-06 04:03:00,0.30373647435021667
2019-08-06 04:06:00,0.3409491908178097
2019-08-06 04:09:00,0.22999160621310466
2019-08-06 04:12:00,0.22679765481143477
2019-08-06 04:15:00,0.28848224761020447
2019-08-06 04:18:00,0.1940728766395523
2019-08-06 04:21:00,0.24170453672979875
2019-08-06 04:24:00,0.27009636297009365
2019-08-06 04:27:00,0.31195265015344376
2019-08-06 04:30:00,0.27225838990653983
2019-08-06 04:33:00,0.279740771240256
2019-08-06 04:36:00,0.25431638294298864
2019-08-06 04:39:00,0.2936952316950965
2019-08-06 04:42:00,0.23126383455661426
2019-08-06 04:45:00,0.2654463424725577
2019-08-06 04:48:00,0.28778550083973187
2019-08-06 04:51:00,0.2871814842217759
2019-08-06 04:54:00,0.35380833823217017
2019-08-06 04:57:00,0.23398344416733607
2019-08-06 05:00:00,0.3491834600507673
2019-08-06 05:03:00,0.21927728731918705
2019-08-06 05:06:00,0.33087638308302303
2019-08-06 05:09:00,0.33910760335680834
2019-08-06 05:12:00,0.32219820034850954
2019-08-06 05:15:00,0.38691636620319514
2019-08-06 05:18:00,0.4406696800173222
2019-08-06 05:21:00,0.30052448038264856
2019-08-06 05:24:00,0.28983802521099733
2019-08-06 05:27:00,0.29914351657009774
2019-08-06 05:30:00,0.23920333888412415
2019-08-06 05:33:00,0.33080488574830724
2019-08-06 05:36:00,0.2971061251686251
2019-08-06 05:39:00,0.3117956973786704
2019-08-06 05:42:00,0.4431866323703275
2019-08-06 05:45:00,0.3632531925326248
2019-08-06 05:48:00,0.31833237299815664
2019-08-06 05:51:00,0.31191325790604196
2019-08-06 05:54:00,0.4483003900589324
2019-08-06 05:57:00,0.3445088701199097
2019-08-06 06:00:00,0.37805588141031876
2019-08-06 06:03:00,0.30520788464014004
2019-08-06 06:06:00,0.38976187373458515
2019-08-06 06:09:00,0.41387005596959625
2019-08-06 06:12:00,0.29150772418699944
2019-08-06 06:15:00,0.3026517876351704
2019-08-06 06:18:00,0.318534573171803
2019-08-06 06:21:00,0.36084515291270236
2019-08-06 06:24:00,0.4056949442309019
2019-08-06 06:27:00,0.30756985571815676
2019-08-06 06:30:00,0.3171181614120542
2019-08-06 06:33:00,0.3165960311132494
2019-08-06 06:36:00,0.3562934893900547
2019-08-06 06:39:00,0.34728932735004037
2019-08-06 06:42:00,0.29901749179470016
2019-08-06 06:45:00,0.3541720932365138
2019-08-06 06:48:00,0.3326284036942866
2019-08-06 06:51:00,0.2890531035728259
2019-08-06 06:54:00,0.3041366991156451
2019-08-06 06:57:00,0.28546052604002625
2019-08-06 07:00:00,0.4167428926824073
2019-08-06 07:03:00,0.3910937422500069
2019-08-06 07:06:00,0.4101461880848092
2019-08-06 07:09:00,0.3010476132465101
2019-08-06 07:12:00,0.31588441118833543
2019-08-06 07:15:00,0.3458916294218284
2019-08-06 07:18:00,0.2793956311647321
2019-08-06 07:21:00,0.3553318955031841
2019-08-06 07:24:00,0.41500027412786267
2019-08-06 07:27:00,0.30282475899338124
2019-08-06 07:30:00,0.3578624702230968
2019-08-06 07:33:00,0.3133599229935271
2019-08-06 07:36:00,0.35996113065340296
2019-08-06 07:39:00,0.2840230947694522
2019-08-06 07:42:00,0.2805257769204559
2019-08-06 07:45:00,0.24882147952376954
2019-08-06 07:48:00,0.3103348681974012
2019-08-06 07:51:00,0.265412626285638
2019-08-06 07:54:00,0.33327224963443314
2019-08-06 07:57:00,0.3378639723290462
2019-08-06 08:00:00,0.3501139012388421
2019-08-06 08:03:00,0.3560850067440242
2019-08-06 08:06:00,0.2537302334013134
2019-08-06 08:09:00,0.3193471005929496
2019-08-06 08:12:00,0.2830742723177764
2019-08-06 08:15:00,0.27944645698408976
2019-08-06 08:18:00,0.3439570748930123
2019-08-06 08:21:00,0.21466265322834488
2019-08-06 08:24:00,0.23550909584423607
2019-08-06 08:27:00,0.30494133863265915
2019-08-06 08:30:00,0.2915509553751576
2019-08-06 08:33:00,0.26367372487237617
2019-08-06 08:36:00,0.2328284991180567
2019-08-06 08:39:00,0.23471107951820613
2019-08-06 08:42:00,0.2017918500910696
2019-08-06 08:45:00,0.2396867494347248
2019-08-06 08:48:00,0.10337486555022224
2019-08-06 08:51:00,0.1895115247729109
2019-08-06 08:54:00,0.26203673247198367
2019-08-06 08:57:00,0.22390428031764031
2019-08-06 09:00:00,0.13855009731122436
2019-08-06 09:03:00,0.17188819192949722
2019-08-06 09:06:00,0.26114937173332464
2019-08-06 09:09:00,0.2105252423083357
2019-08-06 09:12:00,0.13630986713587845
2019-08-06 09:15:00,0.2194366349258985
2019-08-06 09:18:00,0.2140197317793877
2019-08-06 09:21:00,0.1401335653366118
2019-08-06 09:24:00,0.18036197799705178
2019-08-06 09:27:00,0.03444639378562897
2019-08-06 09:30:00,0.1387175675885146
2019-08-06 09:33:00,0.06780921047499078
2019-08-06 09:36:00,0.14054414426271933
2019-08-06 09:39:00,0.13494249864800167
2019-08-06 09:42:00,0.18862025739548471
2019-08-06 09:45:00,-0.017104384272442985
2019-08-06 09:48:00,-0.010490552550606935
2019-08-06 09:51:00,-0.020839589814045212
2019-08-06 09:54:00,-0.05932829529160699
2019-08-06 09:57:00,0.02984938859265185
2019-08-06 10:00:00,-0.12470363743335611
2019-08-06 10:03:00,-0.04950590039419467
2019-08-06 10:06:00,-0.08577387701416228
2019-08-06 10:09:00,-0.0758503964396482
2019-08-06 10:12:00,-0.1327029618584561
2019-08-06 10:15:00,-0.06949002369248092
2019-08-06 10:18:00,-0.178317701662138
2019-08-06 10:21:00,-0.1508107486876611
2019-08-06 10:24:00,-0.1291276361660607
2019-08-06 10:27:00,-0.2475511258367078
2019-08-06 10:30:00,-0.19164869599933354
2019-08-06 10:33:00,-0.1675795339666024
2019-08-06 10:36:00,-0.31215704122200805
2019-08-06 10:39:00,-0.2536489923306249
2019-08-06 10:42:00,-0.3032871126858936
2019-08-06 10:45:00,-0.25018387142097254
2019-08-06 10:48:00,-0.31215659954074226
2019-08-06 10:51:00,-0.38224094197477143
2019-08-06 10:54:00,-0.3972275075475977
2019-08-06 10:57:00,-0.3542111701964359
2019-08-06 11:00:00,-0.24426954305573645
2019-08-06 11:03:00,-0.42821755196109734
2019-08-06 11:06:00,-0.3086034519420764
2019-08-06 11:09:00,-0.3668562872037455
2019-08-06 11:12:00,-0.3399695447699287
2019-08-06 11:15:00,-0.42108270775270285
2019-08-06 11:18:00,-0.35547995443101854
2019-08-06 11:21:00,-0.4664089400009743
2019-08-06 11:24:00,-0.3946475215152532
2019-08-06 11:27:00,-0.4703241056214438
2019-08-06 11:30:00,-0.500218400661538
2019-08-06 11:33:00,-0.4612823702946116
2019-08-06 11:36:00,-0.294183846462829
2019-08-06 11:39:00,-0.3290442198351684
2019-08-06 11:42:00,-0.4274245184146821
2019-08-06 11:45:00,-0.5644850456885706
2019-08-06 11:48:00,-0.37972786952008164
2019-08-06 11:51:00,-0.4834996011246062
2019-08-06 11:54:00,-0.5673318243164545
2019-08-06 11:57:00,-0.5651011118338829
2019-08-06 12:00:00,-0.5818928895557747
2019-08-06 12:03:00,-0.4804401079174454
2019-08-06 12:06:00,-0.47871439284995176
2019-08-06 12:09:00,-0.49150496451881054
2019-08-06 12:12:00,-0.6151018001673378
2019-08-06 12:15:00,-0.40979378132573174
2019-08-06 12:18:00,-0.5003968319761611
2019-08-06 12:21:00,-0.5006341489808506
2019-08-06 12:24:00,-0.5870920094980079
2019-08-06 12:27:00,-0.39980281871351053
2019-08-06 12:30:00,-0.6157971815778751
2019-08-06 12:33:00,-0.6085350809854617
2019-08-06 12:36:00,-0.5372306635642303
2019-08-06 12:39:00,-0.6421986440911951
2019-08-06 12:42:00,-0.6488263018899829
2019-08-06 12:45:00,-0.5446191350473555
2019-08-06 12:48:00,-0.6023063005063136
2019-08-06 12:51:00,-0.6205599420772501
2019-08-06 12:54:00,-0.6897434935243041
2019-08-06 12:57:00,-0.634476549593785
2019-08-06 13:00:00,-0.5786520004759836
2019-08-06 13:03:00,-0.4992835543583283
2019-08-06 13:06:00,-0.5695355758016376
2019-08-06 13:09:00,-0.5532405225742423
2019-08-06 13:12:00,-0.6293528300739695
2019-08-06 13:15:00,-0.5684610158105556
2019-08-06 13:18:00,-0.5128297358182294
2019-08-06 13:21:00,-0.5320306422943304
2019-08-06 13:24:00,-0.5965430586176694
2019-08-06 13:27:00,-0.6050216871544762
2019-08-06 13:30:00,-0.5207787662141072
2019-08-06 13:33:00,-0.66066384266162
2019-08-06 13:36:00,-0.6171534688120346
2019-08-06 13:39:00,-0.6465959274116244
2019-08-06 13:42:00,-0.658322561127477
2019-08-06 13:45:00,-0.5876547621014083
2019-08-06 13:48:00,-0.666802215811515
2019-08-06 13:51:00,-0.6316927429701309
2019-08-06 13:54:00,-0.5593193367522531
2019-08-06 13:57:00,-0.6120064977175161
2019-08-06 14:00:00,-0.6297176235058828
2019-08-06 14:03:00,-0.5985383848025094
2019-08-06 14:06:00,-0.6155618450951579
2019-08-06 14:09:00,-0.5540774812301947
2019-08-06 14:12:00,-0.5849682567240961
2019-08-06 14:15:00,-0.5304460375137978
2019-08-06 14:18:00,-0.4797083356001508
2019-08-06 14:21:00,-0.630661832046826
2019-08-06 14:24:00,-0.7560061972959033
2019-08-06 14:27:00,-0.6359278402703126
2019-08-06 14:30:00,-0.4907848108609869
2019-08-06 14:33:00,-0.49567597926630924
2019-08-06 14:36:00,-0.5599141316633336
2019-08-06 14:39:00,-0.6007483003112384
2019-08-06 14:42:00,-0.5900059844665861
2019-08-06 14:45:00,-0.6511687345795849
2019-08-06 14:48:00,-0.5349325409673042
2019-08-06 14:51:00,-0.623315850874917
2019-08-06 14:54:00,-0.622588121963588
2019-08-06 14:57:00,-0.6323861043135253
2019-08-06 15:00:00,-0.6500935361459597
2019-08-06 15:03:00,-0.5439872774039713
2019-08-06 15:06:00,-0.5373283010353589
2019-08-06 15:09:00,-0.7432775306269832
2019-08-06 15:12:00,-0.6453931910562005
2019-08-06 15:15:00,-0.6469058938706667
2019-08-06 15:18:00,-0.8754420938889211
2019-08-06 15:21:00,-0.6369770125642731
2019-08-06 15:24:00,-0.5940376558163507
2019-08-06 15:27:00,-0.6911666631599473
2019-08-06 15:30:00,-0.6495381024769813
2019-08-06 15:33:00,-0.636519944504073
2019-08-06 15:36:00,-0.6047049575983579
2019-08-06 15:39:00,-0.582672346478887
2019-08-06 15:42:00,-0.6307756499684274
2019-08-06 15:45:00,-0.5534578991263288
2019-08-06 15:48:00,-0.5797068474463458
2019-08-06 15:51:00,-0.6055571030436795
2019-08-06 15:54:00,-0.539645555539721
2019-08-06 15:57:00,-0.6120658737083886
2019-08-06 16:00:00,-0.708778049937564
2019-08-06 16:03:00,-0.6634139493451698
2019-08-06 16:06:00,-0.6017574865893494
2019-08-06 16:09:00,-0.5654779539806327
2019-08-06 16:12:00,-0.6345796515629445
2019-08-06 16:15:00,-0.5635457296749564
2019-08-06 16:18:00,-0.5729948844464161
2019-08-06 16:21:00,-0.6587896362889296
2019-08-06 16:24:00,-0.5347347391265203
2019-08-06 16:27:00,-0.5536344800373172
2019-08-06 16:30:00,-0.6151486982863048
2019-08-06 16:33:00,-0.5301164590072744
2019-08-06 16:36:00,-0.4904480844663226
2019-08-06 16:39:00,-0.5038139481050621
2019-08-06 16:42:00,-0.6117966458186856
2019-08-06 16:45:00,-0.4738145915800942
2019-08-06 16:48:00,-0.5704868399018892
2019-08-06 16:51:00,-0.6128007790685501
2019-08-06 16:54:00,-0.5704248623857779
2019-08-06 16:57:00,-0.541841697210657
2019-08-06 17:00:00,-0.6263714709617147
2019-08-06 17:03:00,-0.6550869031953539
2019-08-06 17:06:00,-0.5238917825727754
2019-08-06 17:09:00,-0.44216539817784906
2019-08-06 17:12:00,-0.4702562287300225
2019-08-06 17:15:00,-0.5578489032097309
2019-08-06 17:18:00,-0.5807852567673422
2019-08-06 17:21:00,-0.5496156662474618
2019-08-06 17:24:00,-0.5418999068982089
2019-08-06 17:27:00,-0.5461879925005064
2019-08-06 17:30:00,-0.594817625519056
2019-08-06 17:33:00,-0.5864519802528889
2019-08-06 17:36:00,-0.5832169648451782
2019-08-06 17:39:00,-0.501607858013017
2019-08-06 17:42:00,-0.5751471256705258
2019-08-06 17:45:00,-0.5802651499518561
2019-08-06 17:48:00,-0.6346856713902866
2019-08-06 17:51:00,-0.6029682022564771
2019-08-06 17:54:00,-0.5706081955634659
2019-08-06 17:57:00,-0.5588689873262069
2019-08-06 18:00:00,-0.628669944594094
2019-08-06 18:03:00,-0.6577897633838461
2019-08-06 18:06:00,-0.6189385666264684
2019-08-06 18:09:00,-0.5508420345962577
2019-08-06 18:12:00,-0.587575221970269
2019-08-06 18:15:00,-0.5457596891341154
2019-08-06 18:18:00,-0.5962780205700255
2019-08-06 18:21:00,-0.4942408708727726
2019-08-06 18:24:00,-0.3730946393714021
2019-08-06 18:27:00,-0.39139332017111883
2019-08-06 18:30:00,-0.36334267589649016
2019-08-06 18:33:00,-0.5057590191955796
2019-08-06 18:36:00,-0.4547961429205998
2019-08-06 18:39:00,-0.3598433629986175
2019-08-06 18:42:00,-0.3837831896516377
2019-08-06 18:45:00,-0.27587527164843095
2019-08-06 18:48:00,-0.2567047090288952
2019-08-06 18:51:00,-0.28414356176870115
2019-08-06 18:54:00,
2019-08-06 18:57:00,
2019-08-06 19:00:00,
2019-08-06 19:03:00,-0.3381897030448613
2019-08-06 19:06:00,-0.25980814045857414
2019-08-06 19:09:00,-0.31490703620636395
2019-08-06 19:12:00,-0.2971296714550249
2019-08-06 19:15:00,-0.33734714728683457
2019-08-06 19:18:00,-0.29883183557370785
2019-08-06 19:21:00,-0.29183452985569147
2019-08-06 19:24:00,-0.2663706990126684
2019-08-06 19:27:00,-0.21143760496295272
2019-08-06 19:30:00,-0.10963238378337792
2019-08-06 19:33:00,-0.17980796975808744
2019-08-06 19:36:00,-0.22999705777220925
2019-08-06 19:39:00,-0.2167931082395853
2019-08-06 19:42:00,-0.18676035832345406
2019-08-06 19:45:00,-0.3494301363646741
2019-08-06 19:48:00,-0.3782806021603733
2019-08-06 19:51:00,-0.34421853273886427
2019-08-06 19:54:00,-0.3785227327222742
2019-08-06 19:57:00,-0.31937943283850245
2019-08-06 20:00:00,-0.28374297949937954
2019-08-06 20:03:00,-0.2143711368665322
2019-08-06 20:06:00,-0.25015403383366674
2019-08-06 20:09:00,-0.37026530317967854
2019-08-06 20:12:00,-0.2942983714971774
2019-08-06 20:15:00,-0.22013219996796352
2019-08-06 20:18:00,-0.33450639394391146
2019-08-06 20:21:00,-0.26238016822884447
2019-08-06 20:24:00,-0.30108661705696704
2019-08-06 20:27:00,-0.2852613578893397
2019-08-06 20:30:00,-0.15776009503048272
2019-08-06 20:33:00,-0.15167974039724186
2019-08-06 20:36:00,-0.170873902270273
2019-08-06 20:39:00,-0.2148060270541805
2019-08-06 20:42:00,-0.11160444527882873
2019-08-06 20:45:00,-0.24375163339561823
2019-08-06 20:48:00,-0.1261893460757051
2019-08-06 20:51:00,-0.22458748516447713
2019-08-06 20:54:00,-0.17240684643451232
2019-08-06 20:57:00,-0.15832133172386875
2019-08-06 21:00:00,-0.14724799559871826
2019-08-06 21:03:00,-0.1973213657468591
2019-08-06 21:06:00,-0.17568655016339108
2019-08-06 21:09:00,-0.11834859368934758
2019-08-06 21:12:00,-0.19379120578190623
2019-08-06 21:15:00,-0.1382430406979438
2019-08-06 21:18:00,-0.055217051602483025
2019-08-06 21:21:00,-0.08842097482960298
2019-08-06 21:24:00,-0.10111357918975727
2019-08-06 21:27:00,-0.14337715959646857
2019-08-06 21:30:00,-0.1903992127112133
2019-08-06 21:33:00,-0.05363949111119837
2019-08-06 21:36:00,-0.08547982724553549
2019-08-06 21:39:00,0.02107561026861049
2019-08-06 21:42:00,-0.029672752842770933
2019-08-06 21:45:00,-0.007533140552084205
2019-08-06 21:48:00,-0.0995813951167861
2019-08-06 21:51:00,-0.04798977845706531
2019-08-06 21:54:00,-0.11843619812179895
2019-08-06 21:57:00,-0.20652730447415024
2019-08-06 22:00:00,-0.13281648663115675
2019-08-06 22:03:00,-0.08705124629642569
2019-08-06 22:06:00,-0.051855379635242116
2019-08-06 22:09:00,-0.10914957999466424
2019-08-06 22:12:00,-0.19973859528147386
2019-08-06 22:15:00,-0.13867962069753048
2019-08-06 22:18:00,-0.11699277262471242
2019-08-06 22:21:00,-0.12224690171524344
2019-08-06 22:24:00,-0.07743656856570169
2019-08-06 22:27:00,-0.14514524115259064
2019-08-06 22:30:00,-0.13352275790418844
2019-08-06 22:33:00,-0.05626072912065183
2019-08-06 22:36:00,-0.03297431480120849
2019-08-06 22:39:00,-0.11581845506304944
2019-08-06 22:42:00,0.011841396922989134
2019-08-06 22:45:00,-0.09573442290383127
2019-08-06 22:48:00,0.019078378967094523
2019-08-06 22:51:00,-0.002009223393542925
2019-08-06 22:54:00,-0.009456164992627691
2019-08-06 22:57:00,-0.05182045027510185
2019-08-06 23:00:00,-0.08132190200842615
2019-08-06 23:03:00,-0.044824909748854225
2019-08-06 23:06:00,-0.05353850672173621
2019-08-06 23:09:00,-0.137812679565684
2019-08-06 23:12:00,0.0009613005955202425
2019-08-06 23:15:00,-0.06503669133456924
2019-08-06 23:18:00,-0.04885188460525569
2019-08-06 23:21:00,-0.14370953478288584
2019-08-06 23:24:00,-0.027728723543134493
2019-08-06 23:27:00,-0.09061705271864184
2019-08-06 23:30:00,-0.11386718486124892
2019-08-06 23:33:00,-0.059810691363452406
2019-08-06 23:36:00,-0.07395250925588925
2019-08-06 23:39:00,-0.13697678281721437
2019-08-06 23:42:00,-0.12638042844224628
2019-08-06 23:45:00,-0.06880977308503589
2019-08-06 23:48:00,-0.06948967488244762
2019-08-06 23:51:00,-0.12625382078516623
2019-08-06 23:54:00,-0.07046853789341867
2019-08-06 23:57:00,-0.036122601242198016
2019-08-07 00:00:00,-0.03213525401457673
2019-08-07 00:03:00,-0.10694566783382697
2019-08-07 00:06:00,-0.09593073520562712
2019-08-07 00:09:00,-0.0338901652269783
2019-08-07 00:12:00,-0.05508217420555184
2019-08-07 00:15:00,-0.01933942059315541
2019-08-07 00:18:00,-0.028990004737693198
2019-08-07 00:21:00,-0.04906348581266684
2019-08-07 00:24:00,-0.043220182936408946
2019-08-07 00:27:00,-0.11146511443513418
2019-08-07 00:30:00,-0.042994607328751044
2019-08-07 00:33:00,-0.06832945332064355
2019-08-07 00:36:00,-0.15056752785108074
2019-08-07 00:39:00,-0.020688943804771043
2019-08-07 00:42:00,0.0002384296655009166
2019-08-07 00:45:00,-0.08483557893856641
2019-08-07 00:48:00,-0.11635016334599868
2019-08-07 00:51:00,-0.08340389718165397
2019-08-07 00:54:00,-0.02502061664517896
2019-08-07 00:57:00,-0.05686324278150323
2019-08-07 01:00:00,-0.11217950017874045
2019-08-07 01:03:00,-0.038671497626296514
2019-08-07 01:06:00,-0.012831127295214628
2019-08-07 01:09:00,0.015351468486016984
2019-08-07 01:12:00,-0.028902153054673363
2019-08-07 01:15:00,-0.001979666471697783
2019-08-07 01:18:00,-0.04058157137154694
2019-08-07 01:21:00,-0.04898362489240071
2019-08-07 01:24:00,0.02281024492179995
2019-08-07 01:27:00,0.04313223311686443
2019-08-07 01:30:00,-0.004266497253695434
2019-08-07 01:33:00,0.07190410741435471
2019-08-07 01:36:00,0.059044758059712876
2019-08-07 01:39:00,0.06171800691294038
2019-08-07 01:42:00,0.021035857527465396
2019-08-07 01:45:00,0.06453562223998688
2019-08-07 01:48:00,0.18401252954976144
2019-08-07 01:51:00,0.08644198290846816
2019-08-07 01:54:00,0.010173669851212708
2019-08-07 01:57:00,0.015630931601094744
2019-08-07 02:00:00,0.06689646755171452
2019-08-07 02:03:00,0.030161881596825424
2019-08-07 02:06:00,-0.010001698855148788
2019-08-07 02:09:00,0.11462550727924281
2019-08-07 02:12:00,0.04878265805587034
2019-08-07 02:15:00,-0.016683065515337603
2019-08-07 02:18:00,0.02056868037499271
2019-08-07 02:21:00,0.16412266904302442
2019-08-07 02:24:00,0.044070912703148224
2019-08-07 02:27:00,0.09780404002867726
2019-08-07 02:30:00,0.05224631608552954
2019-08-07 02:33:00,0.01346826487360886
2019-08-07 02:36:00,0.08392627770211902
2019-08-07 02:39:00,0.0035186482474500735
2019-08-07 02:42:00,0.08271347737303358
2019-08-07 02:45:00,-0.013932234494632212
2019-08-07 02:48:00,0.01835899517971029
2019-08-07 02:51:00,-0.015243700183077635
2019-08-07 02:54:00,-0.0031100772142167443
2019-08-07 02:57:00,0.0487926850884719
2019-08-07 03:00:00,0.039441177431456254
2019-08-07 03:03:00,0.10634521623353521
2019-08-07 03:06:00,-0.009284408093606089
2019-08-07 03:09:00,0.04002898478904626
2019-08-07 03:12:00,0.09961762194177481
2019-08-07 03:15:00,0.18072311060029733
2019-08-07 03:18:00,0.015232438274153992
2019-08-07 03:21:00,0.10906611568435665
2019-08-07 03:24:00,0.14471168098566523
2019-08-07 03:27:00,0.15646427323605394
2019-08-07 03:30:00,0.1303591834724216
2019-08-07 03:33:00,0.0856367099862041
2019-08-07 03:36:00,0.05702789117918883
2019-08-07 03:39:00,0.12649082750289153
2019-08-07 03:42:00,0.1635508383823776
2019-08-07 03:45:00,0.06654797392639011
2019-08-07 03:48:00,0.059742766742772346
2019-08-07 03:51:00,0.06485231803719671
2019-08-07 03:54:00,0.0839822552875944
2019-08-07 03:57:00,0.017832601884265387
2019-08-07 04:00:00,0.15178974218991925
2019-08-07 04:03:00,0.16187754175371083
2019-08-07 04:06:00,0.11666209218424228
2019-08-07 04:09:00,0.16871586540895578
2019-08-07 04:12:00,0.01752980924993608
2019-08-07 04:15:00,0.2030305672474242
2019-08-07 04:18:00,0.16689984939841906
2019-08-07 04:21:00,0.0693405913884817
2019-08-07 04:24:00,0.18758274330565428
2019-08-07 04:27:00,0.13771492525432905
2019-08-07 04:30:00,0.06309629178645082
2019-08-07 04:33:00,0.08658522533397672
2019-08-07 04:36:00,0.11285170800755395
2019-08-07 04:39:00,0.12081137193956692
2019-08-07 04:42:00,0.14220116550410467
2019-08-07 04:45:00,0.21376672548990427
2019-08-07 04:48:00,0.18971436159097266
2019-08-07 04:51:00,0.14115804660463027
2019-08-07 04:54:00,0.2068448944588681
2019-08-07 04:57:00,0.13982838734250436
2019-08-07 05:00:00,0.19662035006740552
2019-08-07 05:03:00,0.19335539148733005
2019-08-07 05:06:00,0.189027538485675
2019-08-07 05:09:00,0.1865723894977691
2019-08-07 05:12:00,0.20961403033084025
2019-08-07 05:15:00,0.22452322009854697
2019-08-07 05:18:00,0.33745697117637974
2019-08-07 05:21:00,0.20234307810704877
2019-08-07 05:24:00,0.17825355679349286
2019-08-07 05:27:00,0.33544086355476566
2019-08-07 05:30:00,0.21970980130538464
2019-08-07 05:33:00,0.25960092040264726
2019-08-07 05:36:00,0.3712116868669568
2019-08-07 05:39:00,0.3490530700131558
2019-08-07 05:42:00,0.29524593417232836
2019-08-07 05:45:00,0.2710486007365489
2019-08-07 05:48:00,0.2748027678002245
2019-08-07 05:51:00,0.30995865027449554
2019-08-07 05:54:00,0.25528010427370873
2019-08-07 05:57:00,0.3883136160563936
2019-08-07 06:00:00,0.2936750488537996
2019-08-07 06:03:00,0.33496182682142717
2019-08-07 06:06:00,0.377297338927292
2019-08-07 06:09:00,0.32361286981432613
2019-08-07 06:12:00,0.2921347597849149
2019-08-07 06:15:00,0.364230366003369
2019-08-07 06:18:00,0.32219477668087393
2019-08-07 06:21:00,0.32608725727351384
2019-08-07 06:24:00,0.40419374250302553
2019-08-07 06:27:00,0.28107490035625915
2019-08-07 06:30:00,0.2903137684039052
2019-08-07 06:33:00,0.2791632869827936
2019-08-07 06:36:00,0.4123439573045289
2019-08-07 06:39:00,0.366201677337358
2019-08-07 06:42:00,0.21937042560705322
2019-08-07 06:45:00,0.31112044976310926
2019-08-07 06:48:00,0.28798141721091497
2019-08-07 06:51:00,0.32896415005762947
2019-08-07 06:54:00,0.2940999029339082
2019-08-07 06:57:00,0.29179605483676596
2019-08-07 07:00:00,0.32526524808702106
2019-08-07 07:03:00,0.36147246262095223
2019-08-07 07:06:00,0.3988206366285567
2019-08-07 07:09:00,0.2982921210788163
2019-08-07 07:12:00,0.372839617933721
2019-08-07 07:15:00,0.40444298550153235
2019-08-07 07:18:00,0.35029171292637784
2019-08-07 07:21:00,0.34011329534968127
2019-08-07 07:24:00,0.3874030772432775
2019-08-07 07:27:00,0.3416869653561321
2019-08-07 07:30:00,0.4034682460863337
2019-08-07 07:33:00,0.3020620472834139
2019-08-07 07:36:00,0.3375542713202435
2019-08-07 07:39:00,0.2907927308102103
2019-08-07 07:42:00,0.3093450249143075
2019-08-07 07:45:00,0.24247208860128922
2019-08-07 07:48:00,0.2931619582255962
2019-08-07 07:51:00,0.35743796251210824
2019-08-07 07:54:00,0.2531641963713014
2019-08-07 07:57:00,0.33318631343053084
2019-08-07 08:00:00,0.23932149557231241
2019-08-07 08:03:00,0.3065539636800736
2019-08-07 08:06:00,0.35802334928263235
2019-08-07 08:09:00,0.25884939408183527
2019-08-07 08:12:00,0.3253640842057166
2019-08-07 08:15:00,0.31657766275850463
2019-08-07 08:18:00,0.17303815345280782
2019-08-07 08:21:00,0.2493661013207884
2019-08-07 08:24:00,0.1997238731119637
2019-08-07 08:27:00,0.2009602875730252
2019-08-07 08:30:00,0.2750659464928731
2019-08-07 08:33:00,0.258369853928059
2019-08-07 08:36:00,0.2281469132749976
2019-08-07 08:39:00,0.23254347072469272
2019-08-07 08:42:00,0.26770756312697586
2019-08-07 08:45:00,0.24457758136196617
2019-08-07 08:48:00,0.19689745806817882
2019-08-07 08:51:00,0.1777799936579072
2019-08-07 08:54:00,0.20568647274899376
2019-08-07 08:57:00,0.20182739816812045
2019-08-07 09:00:00,0.2373662844458977
2019-08-07 09:03:00,0.06702280264909177
2019-08-07 09:06:00,0.12265382969997063
2019-08-07 09:09:00,0.11640866708455633
2019-08-07 09:12:00,0.0741719445836111
2019-08-07 09:15:00,0.1235615580870899
2019-08-07 09:18:00,0.032035855656147305
2019-08-07 09:21:00,0.09096191440346502
2019-08-07 09:24:00,0.00030399336020536794
2019-08-07 09:27:00,-0.043082266964404425
2019-08-07 09:30:00,-0.010743196172541047
2019-08-07 09:33:00,-0.14936979271038808
2019-08-07 09:36:00,-0.08126106148932877
2019-08-07 09:39:00,-0.06511428854861379
2019-08-07 09:42:00,-0.01139555392200009
2019-08-07 09:45:00,-0.03738042197130653
2019-08-07 09:48:00,-0.09099945678292443
2019-08-07 09:51:00,-0.14927762291910085
2019-08-07 09:54:00,-0.22221683776541568
2019-08-07 09:57:00,-0.18671562620534132
2019-08-07 10:00:00,-0.1465959979968261
2019-08-07 10:03:00,-0.20467046620251494
2019-08-07 10:06:00,-0.3400541383568907
2019-08-07 10:09:00,-0.23009496122807604
2019-08-07 10:12:00,-0.2836642207303157
2019-08-07 10:15:00,-0.3755421279566349
2019-08-07 10:18:00,-0.33257844636727896
2019-08-07 10:21:00,-0.26328482001792963
2019-08-07 10:24:00,-0.3184259092882371
2019-08-07 10:27:00,-0.32158252210200544
2019-08-07 10:30:00,-0.42238528203978376
2019-08-07 10:33:00,-0.41061907425694244
2019-08-07 10:36:00,-0.304445851809362
2019-08-07 10:39:00,-0.3773529395014066
2019-08-07 10:42:00,-0.4392366738611031
2019-08-07 10:45:00,-0.40848930431883446
2019-08-07 10:48:00,-0.45236288297428473
2019-08-07 10:51:00,-0.43062458969717454
2019-08-07 10:54:00,-0.4008540198544779
2019-08-07 10:57:00,-0.48404024310832483
2019-08-07 11:00:00,-0.39971472432648625
2019-08-07 11:03:00,-0.5393170845507029
2019-08-07 11:06:00,-0.3986192161902977
2019-08-07 11:09:00,-0.4948375658473765
2019-08-07 11:12:00,-0.36750403903999995
2019-08-07 11:15:00,-0.5198291210046477
2019-08-07 11:18:00,-0.4596948353678272
2019-08-07 11:21:00,-0.5013582528141001
2019-08-07 11:24:00,-0.5531140254591946
2019-08-07 11:27:00,-0.46597044526032505
2019-08-07 11:30:00,-0.5629078613083607
2019-08-07 11:33:00,-0.5238243856937856
2019-08-07 11:36:00,-0.464219648357755
2019-08-07 11:39:00,-0.4613049636253663
2019-08-07 11:42:00,-0.4458052849288947
2019-08-07 11:45:00,-0.48398822548551834
2019-08-07 11:48:00,-0.6169819185766414
2019-08-07 11:51:00,-0.6356208218439292
2019-08-07 11:54:00,-0.4724469375531726
2019-08-07 11:57:00,-0.4014659605535371
2019-08-07 12:00:00,-0.43392288519891054
2019-08-07 12:03:00,-0.5615779014623286
2019-08-07 12:06:00,-0.450307874556529
2019-08-07 12:09:00,-0.6310437828701083
2019-08-07 12:12:00,-0.5961412823169212
2019-08-07 12:15:00,-0.5366954937333617
2019-08-07 12:18:00,-0.5035047064390028
2019-08-07 12:21:00,-0.4956936242902543
2019-08-07 12:24:00,-0.4106216680448256
2019-08-07 12:27:00,-0.5098932273858736
2019-08-07 12:30:00,-0.6406846884118522
2019-08-07 12:33:00,-0.5250391848964568
2019-08-07 12:36:00,-0.5328402452324212
2019-08-07 12:39:00,-0.6017568667111277
2019-08-07 12:42:00,-0.5215364373313491
2019-08-07 12:45:00,-0.45894863288856413
2019-08-07 12:48:00,-0.5735769546756728
2019-08-07 12:51:00,-0.5398473478239794
2019-08-07 12:54:00,-0.474983473781208
2019-08-07 12:57:00,-0.5920083352273764
2019-08-07 13:00:00,-0.4785233373211213
2019-08-07 13:03:00,-0.5648916502942143
2019-08-07 13:06:00,-0.6795912951288869
2019-08-07 13:09:00,-0.5420778590074633
2019-08-07 13:12:00,-0.5994475779477852
2019-08-07 13:15:00,-0.5870712896521013
2019-08-07 13:18:00,-0.4809752496213946
2019-08-07 13:21:00,-0.639893525553191
2019-08-07 13:24:00,-0.5862213183958715
2019-08-07 13:27:00,-0.6385088646073314
2019-08-07 13:30:00,-0.5614721507893137
2019-08-07 13:33:00,-0.6904948892836273
2019-08-07 13:36:00,-0.6011486189985931
2019-08-07 13:39:00,-0.63560868879091
2019-08-07 13:42:00,-0.5072566592129988
2019-08-07 13:45:00,-0.5530828534430157
2019-08-07 13:48:00,-0.6725086893426351
2019-08-07 13:51:00,-0.47053450533968544
2019-08-07 13:54:00,-0.3928358530142191
2019-08-07 13:57:00,-0.5929998433355763
2019-08-07 14:00:00,-0.6399333752982557
2019-08-07 14:03:00,-0.5714309062214511
2019-08-07 14:06:00,-0.7017006081327963
2019-08-07 14:09:00,-0.5478684279575532
2019-08-07 14:12:00,-0.5670273569309643
2019-08-07 14:15:00,-0.5957316267100055
2019-08-07 14:18:00,-0.6450924698103222
2019-08-07 14:21:00,-0.6987202764209997
2019-08-07 14:24:00,-0.5541691164547728
2019-08-07 14:27:00,-0.6243869722449631
2019-08-07 14:30:00,-0.6533003236677928
2019-08-07 14:33:00,-0.6642246329940917
2019-08-07 14:36:00,-0.5638611954423709
2019-08-07 14:39:00,-0.6442001753532622
2019-08-07 14:42:00,-0.5512397455597693
2019-08-07 14:45:00,-0.5939939186537799
2019-08-07 14:48:00,-0.5249706280307578
2019-08-07 14:51:00,-0.6575525108581246
2019-08-07 14:54:00,-0.5856951921323912
2019-08-07 14:57:00,-0.5353573029690324
2019-08-07 15:00:00,-0.5276679176327548
2019-08-07 15:03:00,-0.29919917945949237
2019-08-07 15:06:00,-0.5140835574412677
2019-08-07 15:09:00,-0.4842255372654449
2019-08-07 15:12:00,-0.5331548533882255
2019-08-07 15:15:00,-0.51416924341288
2019-08-07 15:18:00,-0.6348371366908623
2019-08-07 15:21:00,-0.4238319031878177
2019-08-07 15:24:00,-0.5381220989410167
2019-08-07 15:27:00,-0.43233777808438845
2019-08-07 15:30:00,-0.5356113119332235
2019-08-07 15:33:00,-0.5470855571005586
2019-08-07 15:36:00,-0.46440826452027295
2019-08-07 15:39:00,-0.5280880443287401
2019-08-07 15:42:00,-0.5279080557735369
2019-08-07 15:45:00,-0.5760167058145385
2019-08-07 15:48:00,-0.6139753388159193
2019-08-07 15:51:00,-0.5566600591623114
2019-08-07 15:54:00,-0.5569329120758653
2019-08-07 15:57:00,-0.6117108710934076
2019-08-07 16:00:00,-0.6560467379680972
2019-08-07 16:03:00,-0.6178937898330901
2019-08-07 16:06:00,-0.45808724253009814
2019-08-07 16:09:00,-0.5871122232664447
2019-08-07 16:12:00,-0.5828908647172284
2019-08-07 16:15:00,-0.55716571005172
2019-08-07 16:18:00,-0.556361589583787
2019-08-07 16:21:00,-0.6183377695563195
2019-08-07 16:24:00,-0.5490683683311204
2019-08-07 16:27:00,-0.5545535962517079
2019-08-07 16:30:00,-0.5928113923234832
2019-08-07 16:33:00,-0.5758625506902035
2019-08-07 16:36:00,-0.525436712979058
2019-08-07 16:39:00,-0.5231104567435523
2019-08-07 16:42:00,-0.4590388435340742
2019-08-07 16:45:00,-0.5751961408407169
2019-08-07 16:48:00,-0.5168147572876478
2019-08-07 16:51:00,-0.33382688444197584
2019-08-07 16:54:00,-0.47881415507072234
2019-08-07 16:57:00,-0.5745476789982149
2019-08-07 17:00:00,-0.5365154858350252
2019-08-07 17:03:00,-0.5602072394419224
2019-08-07 17:06:00,-0.5457907217688103
2019-08-07 17:09:00,-0.5342344246650441
2019-08-07 17:12:00,-0.5373729035337647
2019-08-07 17:15:00,-0.4938625422381051
2019-08-07 17:18:00,-0.5282742767252557
2019-08-07 17:21:00,-0.5035431993229054
2019-08-07 17:24:00,-0.6173808596465733
2019-08-07 17:27:00,-0.45977003916141257
2019-08-07 17:30:00,-0.5052463935393803
2019-08-07 17:33:00,-0.5029809134776428
2019-08-07 17:36:00,-0.4697228789556789
2019-08-07 17:39:00,-0.44474546530273074
2019-08-07 17:42:00,-0.4141545720495401
2019-08-07 17:45:00,-0.41545521489086923
2019-08-07 17:48:00,-0.38465300451713347
2019-08-07 17:51:00,-0.5098506269215477
2019-08-07 17:54:00,-0.38273207765138295
2019-08-07 17:57:00,-0.3427188060667845
2019-08-07 18:00:00,-0.40453675295003677
2019-08-07 18:03:00,-0.3983768805475165
2019-08-07 18:06:00,-0.3929959608964282
2019-08-07 18:09:00,-0.32510773443055996
2019-08-07 18:12:00,-0.309418819300447
2019-08-07 18:15:00,-0.30672468752226223
2019-08-07 18:18:00,-0.29819095760052505
2019-08-07 18:21:00,-0.39657714558700263
2019-08-07 18:24:00,-0.3455587293868234
2019-08-07 18:27:00,-0.4429076512622032
2019-08-07 18:30:00,-0.4152660375991104
2019-08-07 18:33:00,-0.33214050786631333
2019-08-07 18:36:00,-0.38401617387864917
2019-08-07 18:39:00,-0.3308892412085811
2019-08-07 18:42:00,-0.34424170835296763
2019-08-07 18:45:00,-0.3492191248395784
2019-08-07 18:48:00,-0.36017857358871197
2019-08-07 18:51:00,-0.249652569304601
2019-08-07 18:54:00,
2019-08-07 18:57:00,
2019-08-07 19:00:00,
2019-08-07 19:03:00,-0.19632405835011468
2019-08-07 19:06:00,-0.2046936120675582
2019-08-07 19:09:00,-0.2329232765879965
2019-08-07 19:12:00,-0.2219030288592876
2019-08-07 19:15:00,-0.32762801527115926
2019-08-07 19:18:00,-0.1209516339645802
2019-08-07 19:21:00,-0.15861497125882806
2019-08-07 19:24:00,-0.14861332766832902
2019-08-07 19:27:00,-0.1817618933380345
2019-08-07 19:30:00,-0.17100323318186383
2019-08-07 19:33:00,-0.19400450115637113
2019-08-07 19:36:00,-0.16853891723269498
2019-08-07 19:39:00,-0.0686643031915537
2019-08-07 19:42:00,-0.20072209061862623
2019-08-07 19:45:00,-0.16149712969968277
2019-08-07 19:48:00,-0.1215228003530342
2019-08-07 19:51:00,-0.16028327097183137
2019-08-07 19:54:00,-0.07578877820992602
2019-08-07 19:57:00,-0.11408675146242331
2019-08-07 20:00:00,-0.09173134585972775
2019-08-07 20:03:00,-0.19286791581856733
2019-08-07 20:06:00,-0.04429847433158329
2019-08-07 20:09:00,-0.15013545759137514
2019-08-07 20:12:00,-0.12879607224721212
2019-08-07 20:15:00,-0.1725386634192887
2019-08-07 20:18:00,-0.09699460006743266
2019-08-07 20:21:00,-0.18633441157169273
2019-08-07 20:24:00,-0.11099241364172485
2019-08-07 20:27:00,-0.06612913678469567
2019-08-07 20:30:00,-0.08669160179493929
2019-08-07 20:33:00,-0.15854214194962424
2019-08-07 20:36:00,-0.09583091212596173
2019-08-07 20:39:00,-0.1204595849807788
2019-08-07 20:42:00,-0.081275205681834
2019-08-07 20:45:00,-0.02450137539659636
2019-08-07 20:48:00,-0.07538460424524374
2019-08-07 20:51:00,-0.10545545697516445
2019-08-07 20:54:00,-0.060563795853965985
2019-08-07 20:57:00,-0.11922871909371224
2019-08-07 21:00:00,-0.10412935612259844
2019-08-07 21:03:00,-0.03485716964968333
2019-08-07 21:06:00,-0.16743143028077156
2019-08-07 21:09:00,-0.17452181079880802
2019-08-07 21:12:00,-0.08097285876209526
2019-08-07 21:15:00,-0.12513418819042954
2019-08-07 21:18:00,-0.17014011461583323
2019-08-07 21:21:00,-0.15997592241177472
2019-08-07 21:24:00,-0.15523602297292882
2019-08-07 21:27:00,-0.12419010316796175
2019-08-07 21:30:00,-0.16535982831032925
2019-08-07 21:33:00,-0.09994941766899501
2019-08-07 21:36:00,-0.028523680838588916
2019-08-07 21:39:00,-0.09572924455534348
2019-08-07 21:42:00,-0.08404538492885649
2019-08-07 21:45:00,-0.13549853731620942
2019-08-07 21:48:00,-0.07848321523812274
2019-08-07 21:51:00,-0.17470922014763346
2019-08-07 21:54:00,0.017693870951575263
2019-08-07 21:57:00,-0.18407543414997463
2019-08-07 22:00:00,-0.11347728527977097
2019-08-07 22:03:00,-0.0811422042763752
2019-08-07 22:06:00,-0.08267927041134726
2019-08-07 22:09:00,-0.12154990455496772
2019-08-07 22:12:00,-0.1826379603938335
2019-08-07 22:15:00,-0.17068816087419236
2019-08-07 22:18:00,-0.16515380315649963
2019-08-07 22:21:00,-0.17179926628034536
2019-08-07 22:24:00,-0.12188920486556754
2019-08-07 22:27:00,-0.11482220371709673
2019-08-07 22:30:00,-0.09004182918994275
2019-08-07 22:33:00,-0.10881850446429553
2019-08-07 22:36:00,-0.0321735083982162
2019-08-07 22:39:00,-0.051589981227095905
2019-08-07 22:42:00,-0.0927650069216952
2019-08-07 22:45:00,-0.07646555117747766
2019-08-07 22:48:00,-0.09033497889106457
2019-08-07 22:51:00,-0.05007760523187699
2019-08-07 22:54:00,-0.10218147265283051
2019-08-07 22:57:00,-0.10757249527546264
2019-08-07 23:00:00,-0.0635719036398541
2019-08-07 23:03:00,-0.08220418125881679
2019-08-07 23:06:00,-0.09056890972624387
2019-08-07 23:09:00,-0.06691031348844945
2019-08-07 23:12:00,-0.029388769197453257
2019-08-07 23:15:00,-0.0527077510649292
2019-08-07 23:18:00,-0.08652491323675804
2019-08-07 23:21:00,0.012895476087123825
2019-08-07 23:24:00,-0.07366166656294126
2019-08-07 23:27:00,-0.07155557204652041
2019-08-07 23:30:00,-0.10086153084068883
2019-08-07 23:33:00,0.01832677889211709
2019-08-07 23:36:00,-0.07680788308874753
2019-08-07 23:39:00,-0.052900104143645876
2019-08-07 23:42:00,-0.0017899872912607862
2019-08-07 23:45:00,0.03174372290129668
2019-08-07 23:48:00,0.07741425754454667
2019-08-07 23:51:00,0.017218753653537533
2019-08-07 23:54:00,0.06044951469425541
2019-08-07 23:57:00,0.030686300582033255
2019-08-08 00:00:00,-0.009779557637330072
2019-08-08 00:03:00,0.04195911210325676
2019-08-08 00:06:00,0.036510357634483626
2019-08-08 00:09:00,-0.03648101697342554
2019-08-08 00:12:00,0.05901817659446351
2019-08-08 00:15:00,0.024803483107518787
2019-08-08 00:18:00,0.003708109024614714
2019-08-08 00:21:00,-0.005707909778607245
2019-08-08 00:24:00,0.00494916429568093
2019-08-08 00:27:00,0.04535997657825419
2019-08-08 00:30:00,0.02677707108011873
2019-08-08 00:33:00,0.051334697440779564
2019-08-08 00:36:00,-0.015027260796728115
2019-08-08 00:39:00,0.14756366547061361
2019-08-08 00:42:00,-0.04276714060455333
2019-08-08 00:45:00,0.01500011245065025
2019-08-08 00:48:00,0.004533602595699904
2019-08-08 00:51:00,0.028632995606812983
2019-08-08 00:54:00,-0.021433154227281648
2019-08-08 00:57:00,-0.007584024776349452
2019-08-08 01:00:00,-0.021802279254075074
2019-08-08 01:03:00,-0.05682141198673207
2019-08-08 01:06:00,-0.0353054093583296
2019-08-08 01:09:00,-0.050814279045141575
2019-08-08 01:12:00,0.04642481475934801
2019-08-08 01:15:00,0.038740247610292045
2019-08-08 01:18:00,0.0213176072483634
2019-08-08 01:21:00,-0.05598271650893594
2019-08-08 01:24:00,-0.06612552165472607
2019-08-08 01:27:00,0.005900996875936926
2019-08-08 01:30:00,-0.05124331538831939
2019-08-08 01:33:00,-0.12195972183604908
2019-08-08 01:36:00,-0.0016521632794592733
2019-08-08 01:39:00,0.08077666319269383
2019-08-08 01:42:00,-0.01810729441820058
2019-08-08 01:45:00,-0.02010098859136633
2019-08-08 01:48:00,-0.06025633525143803
2019-08-08 01:51:00,-0.056424612290754794
2019-08-08 01:54:00,-0.046082341266469484
2019-08-08 01:57:00,0.09396821483778695
2019-08-08 02:00:00,0.004566202292267008
2019-08-08 02:03:00,0.03937065584528909
2019-08-08 02:06:00,-0.0018789964095162759
2019-08-08 02:09:00,0.060404511223396185
2019-08-08 02:12:00,0.05472833887102979
2019-08-08 02:15:00,0.04286476651691373
2019-08-08 02:18:00,0.06595491649380847
2019-08-08 02:21:00,0.06361838893815275
2019-08-08 02:24:00,0.0029097393137362815
2019-08-08 02:27:00,-0.026706013565103603
2019-08-08 02:30:00,-0.004519468269904792
2019-08-08 02:33:00,0.033052605769569254
2019-08-08 02:36:00,-0.03220111586716712
2019-08-08 02:39:00,-0.043331423708252714
2019-08-08 02:42:00,0.050453102924109317
2019-08-08 02:45:00,0.014504006641573142
2019-08-08 02:48:00,-0.0171079767850415
2019-08-08 02:51:00,0.056659561815649795
2019-08-08 02:54:00,0.0976187194393674
2019-08-08 02:57:00,0.0830514927610011
2019-08-08 03:00:00,0.09413996203198849
2019-08-08 03:03:00,0.0460386681916134
2019-08-08 03:06:00,0.10095977439101489
2019-08-08 03:09:00,0.030586690540474137
2019-08-08 03:12:00,-0.029999661429883417
2019-08-08 03:15:00,0.04497635062421068
2019-08-08 03:18:00,0.04122896813260013
2019-08-08 03:21:00,-0.019054257138066077
2019-08-08 03:24:00,0.10052126776662362
2019-08-08 03:27:00,0.059844532547970175
2019-08-08 03:30:00,-0.0016113334073679653
2019-08-08 03:33:00,-0.025257764290188334
2019-08-08 03:36:00,0.05190589527796874
2019-08-08 03:39:00,0.0246735469908117
2019-08-08 03:42:00,0.08483933675483968
2019-08-08 03:45:00,0.13904533806004338
2019-08-08 03:48:00,0.10357723319009438
2019-08-08 03:51:00,0.06298561178516593
2019-08-08 03:54:00,0.030904184577423166
2019-08-08 03:57:00,0.05810322523450395
2019-08-08 04:00:00,0.12818909651980448
2019-08-08 04:03:00,0.05273431662584471
2019-08-08 04:06:00,0.06470063619889288
2019-08-08 04:09:00,0.1047827728520474
2019-08-08 04:12:00,0.16043961399594764
2019-08-08 04:15:00,0.14460863923733314
2019-08-08 04:18:00,0.0662912273536449
2019-08-08 04:21:00,0.0203456208664079
2019-08-08 04:24:00,0.029886244886085933
2019-08-08 04:27:00,0.10063909539013594
2019-08-08 04:30:00,0.0585307972438045
2019-08-08 04:33:00,-0.010539338254602626
2019-08-08 04:36:00,0.06526671766715708
2019-08-08 04:39:00,0.08386830744819918
2019-08-08 04:42:00,0.06301235577137732
2019-08-08 04:45:00,0.17247723615787436
2019-08-08 04:48:00,0.025477196175415884
2019-08-08 04:51:00,0.13186302636887604
2019-08-08 04:54:00,0.15256182557152442
2019-08-08 04:57:00,0.1560202737754821
2019-08-08 05:00:00,0.14755561755322333
2019-08-08 05:03:00,0.20353685779906527
2019-08-08 05:06:00,0.0738250730727259
2019-08-08 05:09:00,0.10682033876969399
2019-08-08 05:12:00,0.18618199844007677
2019-08-08 05:15:00,0.15385599730677768
2019-08-08 05:18:00,0.0728683378656001
2019-08-08 05:21:00,0.18490039775844025
2019-08-08 05:24:00,0.12042275385914536
2019-08-08 05:27:00,0.08133720250174292
2019-08-08 05:30:00,0.07687104610596407
2019-08-08 05:33:00,0.1213825714299901
2019-08-08 05:36:00,-0.057665963001738874
2019-08-08 05:39:00,0.1334431263360898
2019-08-08 05:42:00,0.08212159667118613
2019-08-08 05:45:00,0.13172315236715804
2019-08-08 05:48:00,0.08246474460514719
2019-08-08 05:51:00,0.12354236697120768
2019-08-08 05:54:00,0.10902058189122954
2019-08-08 05:57:00,0.2770396792269594
2019-08-08 06:00:00,0.13928671768911727
2019-08-08 06:03:00,0.12536655302886857
2019-08-08 06:06:00,0.1751148651286485
2019-08-08 06:09:00,0.16459055244143883
2019-08-08 06:12:00,0.19449706109946874
2019-08-08 06:15:00,0.095935247856346
2019-08-08 06:18:00,0.11812960822101104
2019-08-08 06:21:00,0.2051508558084265
2019-08-08 06:24:00,0.12393905794681359
2019-08-08 06:27:00,0.1103296206684945
2019-08-08 06:30:00,0.16874165778659744
2019-08-08 06:33:00,0.11418772992203685
2019-08-08 06:36:00,0.223688530494087
2019-08-08 06:39:00,0.2555547327476688
2019-08-08 06:42:00,0.0730243301393898
2019-08-08 06:45:00,0.15332319857611765
2019-08-08 06:48:00,0.09739048799565353
2019-08-08 06:51:00,0.17739214343703225
2019-08-08 06:54:00,0.2018508984717755
2019-08-08 06:57:00,0.2692987590355642
2019-08-08 07:00:00,0.2341522983674622
2019-08-08 07:03:00,0.16496818134061186
2019-08-08 07:06:00,0.2527172657540291
2019-08-08 07:09:00,0.15748673634846
2019-08-08 07:12:00,0.2278363067208602
2019-08-08 07:15:00,0.15118649671751427
2019-08-08 07:18:00,0.18133151126642133
2019-08-08 07:21:00,0.23779321444362722
2019-08-08 07:24:00,0.25083327892690477
2019-08-08 07:27:00,0.1987002934491784
2019-08-08 07:30:00,0.12158676759759146
2019-08-08 07:33:00,0.18654975027902765
2019-08-08 07:36:00,0.12073085909730707
2019-08-08 07:39:00,0.15463412843450897
2019-08-08 07:42:00,0.1797146211147833
2019-08-08 07:45:00,0.03468230758539903
2019-08-08 07:48:00,0.1853886284018813
2019-08-08 07:51:00,0.15663033496031176
2019-08-08 07:54:00,0.11263737149488406
2019-08-08 07:57:00,0.1075703377007926
2019-08-08 08:00:00,0.0871858875504472
2019-08-08 08:03:00,0.052142804775485274
2019-08-08 08:06:00,0.007246922433296277
2019-08-08 08:09:00,0.10588500840248116
2019-08-08 08:12:00,0.014577172887300094
2019-08-08 08:15:00,0.005322699308180745
2019-08-08 08:18:00,0.015162147936507608
2019-08-08 08:21:00,0.05060594185249556
2019-08-08 08:24:00,0.06767977653112212
2019-08-08 08:27:00,0.03443266195347405
2019-08-08 08:30:00,0.011834753446635204
2019-08-08 08:33:00,-0.004975069906038243
2019-08-08 08:36:00,0.02133965629980139
2019-08-08 08:39:00,0.039595278699664505
2019-08-08 08:42:00,0.006924466145733277
2019-08-08 08:45:00,-0.01351544149036954
2019-08-08 08:48:00,-0.023478719456193176
2019-08-08 08:51:00,-0.07640952163222892
2019-08-08 08:54:00,-0.06525892566992297
2019-08-08 08:57:00,-0.04612118010737731
2019-08-08 09:00:00,-0.007426150450271507
2019-08-08 09:03:00,-0.09990875860910364
2019-08-08 09:06:00,-0.0332734584442278
2019-08-08 09:09:00,-0.011147134382099466
2019-08-08 09:12:00,-0.04455070263412608
2019-08-08 09:15:00,-0.12046397472749959
2019-08-08 09:18:00,-0.11763721184320275
2019-08-08 09:21:00,-0.050833070673661496
2019-08-08 09:24:00,-0.12124033262438161
2019-08-08 09:27:00,-0.1501952811183287
2019-08-08 09:30:00,-0.17394780468418958
2019-08-08 09:33:00,-0.105343138343585
2019-08-08 09:36:00,-0.1904434662408221
2019-08-08 09:39:00,-0.2717826918585047
2019-08-08 09:42:00,-0.18106050584759714
2019-08-08 09:45:00,-0.20404723576734796
2019-08-08 09:48:00,-0.1502685349707349
2019-08-08 09:51:00,-0.17610423468033787
2019-08-08 09:54:00,-0.3121233195800528
2019-08-08 09:57:00,-0.3309437489479592
2019-08-08 10:00:00,-0.19142213545939057
2019-08-08 10:03:00,-0.31353400698890255
2019-08-08 10:06:00,-0.30227942358180826
2019-08-08 10:09:00,-0.2355828572392511
2019-08-08 10:12:00,-0.25903717913723767
2019-08-08 10:15:00,-0.25052079578989606
2019-08-08 10:18:00,-0.2199406860834756
2019-08-08 10:21:00,-0.29237130947814194
2019-08-08 10:24:00,-0.19570741921126
2019-08-08 10:27:00,-0.35409611419220255
2019-08-08 10:30:00,-0.29946921907696833
2019-08-08 10:33:00,-0.29988924732543865
2019-08-08 10:36:00,-0.4026695269571974
2019-08-08 10:39:00,-0.381204090777544
2019-08-08 10:42:00,-0.36145087294812583
2019-08-08 10:45:00,-0.346819689368715
2019-08-08 10:48:00,-0.2726786964546477
2019-08-08 10:51:00,-0.32111862491615284
2019-08-08 10:54:00,-0.3437598151685961
2019-08-08 10:57:00,-0.18915848036238003
2019-08-08 11:00:00,-0.24815447026031734
2019-08-08 11:03:00,-0.2074736990454653
2019-08-08 11:06:00,-0.3386113073595993
2019-08-08 11:09:00,-0.2340484584685214
2019-08-08 11:12:00,-0.18501426180051794
2019-08-08 11:15:00,-0.10889881737108453
2019-08-08 11:18:00,-0.15054696141726254
2019-08-08 11:21:00,-0.14838356012370468
2019-08-08 11:24:00,-0.21083155836572587
2019-08-08 11:27:00,-0.4086341523877195
2019-08-08 11:30:00,-0.3779041351393744
2019-08-08 11:33:00,-0.3297273880704097
2019-08-08 11:36:00,-0.3613782942640569
2019-08-08 11:39:00,-0.4063787253398914
2019-08-08 11:42:00,-0.522393499159989
2019-08-08 11:45:00,-0.4871080061767543
2019-08-08 11:48:00,-0.5094055004892653
2019-08-08 11:51:00,-0.3879360579840636
2019-08-08 11:54:00,-0.510026322509816
2019-08-08 11:57:00,-0.4612806017618709
2019-08-08 12:00:00,-0.3622891953802423
2019-08-08 12:03:00,-0.49683393773960915
2019-08-08 12:06:00,-0.507381296790129
2019-08-08 12:09:00,-0.5398867624434729
2019-08-08 12:12:00,-0.44667982195289824
2019-08-08 12:15:00,-0.5258599815405205
2019-08-08 12:18:00,-0.5843917950405739
2019-08-08 12:21:00,-0.5246960706045343
2019-08-08 12:24:00,-0.4347350055484185
2019-08-08 12:27:00,-0.490538586162927
2019-08-08 12:30:00,-0.4998130689131699
2019-08-08 12:33:00,-0.5777011101449716
2019-08-08 12:36:00,-0.527188935700508
2019-08-08 12:39:00,-0.5597401057076468
2019-08-08 12:42:00,-0.44783475424264907
2019-08-08 12:45:00,-0.6059920517842556
2019-08-08 12:48:00,-0.6128502740422732
2019-08-08 12:51:00,-0.44704727221943585
2019-08-08 12:54:00,-0.5324872438818602
2019-08-08 12:57:00,-0.664503047997016
2019-08-08 13:00:00,-0.6116790126824299
2019-08-08 13:03:00,-0.5172838589068647
2019-08-08 13:06:00,-0.5222708663031312
2019-08-08 13:09:00,-0.6090133364906478
2019-08-08 13:12:00,-0.47078336248182495
2019-08-08 13:15:00,-0.5199294546102919
2019-08-08 13:18:00,-0.5299095846271484
2019-08-08 13:21:00,-0.48962608786104056
2019-08-08 13:24:00,-0.6151264060218296
2019-08-08 13:27:00,-0.516490883114443
2019-08-08 13:30:00,-0.5522561374568227
2019-08-08 13:33:00,-0.4771946709920485
2019-08-08 13:36:00,-0.5587784770451663
2019-08-08 13:39:00,-0.568208895821499
2019-08-08 13:42:00,-0.593762382941236
2019-08-08 13:45:00,-0.6515934105882479
2019-08-08 13:48:00,-0.5762512748156041
2019-08-08 13:51:00,-0.5067658699939557
2019-08-08 13:54:00,-0.5725405931370346
2019-08-08 13:57:00,-0.660259078702552
2019-08-08 14:00:00,-0.5482624983596338
2019-08-08 14:03:00,-0.7136077362375204
2019-08-08 14:06:00,-0.4472907569043514
2019-08-08 14:09:00,-0.5180576051887442
2019-08-08 14:12:00,-0.6213511897813646
2019-08-08 14:15:00,-0.5596917625032916
2019-08-08 14:18:00,-0.6344007458737906
2019-08-08 14:21:00,-0.6659940607674457
2019-08-08 14:24:00,-0.5326440042906597
2019-08-08 14:27:00,-0.5385403764600483
2019-08-08 14:30:00,-0.5897495117603739
2019-08-08 14:33:00,-0.5260290410039943
2019-08-08 14:36:00,-0.6334188116702535
2019-08-08 14:39:00,-0.547224150871557
2019-08-08 14:42:00,-0.5304674492080608
2019-08-08 14:45:00,-0.41059954645493235
2019-08-08 14:48:00,-0.6190673843813101
2019-08-08 14:51:00,-0.6069538975701789
2019-08-08 14:54:00,-0.6243483221422821
2019-08-08 14:57:00,-0.5482703169545857
2019-08-08 15:00:00,-0.6190220473548038
2019-08-08 15:03:00,-0.5311548026521109
2019-08-08 15:06:00,-0.5220235595081135
2019-08-08 15:09:00,-0.5686577109747191
2019-08-08 15:12:00,-0.5220026228148527
2019-08-08 15:15:00,-0.4150456558073188
2019-08-08 15:18:00,-0.603956699176706
2019-08-08 15:21:00,-0.5221132974522789
2019-08-08 15:24:00,-0.6336491205042307
2019-08-08 15:27:00,-0.5842580418501484
2019-08-08 15:30:00,-0.5190828143942667
2019-08-08 15:33:00,-0.5646507443483983
2019-08-08 15:36:00,-0.5985415113200929
2019-08-08 15:39:00,-0.6182161738898913
2019-08-08 15:42:00,-0.6015558016704858
2019-08-08 15:45:00,-0.5293801678121781
2019-08-08 15:48:00,-0.5538868496421401
2019-08-08 15:51:00,-0.5328187534633457
2019-08-08 15:54:00,-0.36833281750068636
2019-08-08 15:57:00,-0.6887405624934217
2019-08-08 16:00:00,-0.6166861183038463
2019-08-08 16:03:00,-0.609232696827462
2019-08-08 16:06:00,-0.6038103489668742
2019-08-08 16:09:00,-0.6615115951990447
2019-08-08 16:12:00,-0.6891804309335043
2019-08-08 16:15:00,-0.6003286559648018
2019-08-08 16:18:00,-0.59016095380872
2019-08-08 16:21:00,-0.5252714453746421
2019-08-08 16:24:00,-0.5960974661172713
2019-08-08 16:27:00,-0.4412874797986319
2019-08-08 16:30:00,-0.5381646060356502
2019-08-08 16:33:00,-0.5751005141658538
2019-08-08 16:36:00,-0.5534678056341704
2019-08-08 16:39:00,-0.5225462000151424
2019-08-08 16:42:00,-0.4902806260611783
2019-08-08 16:45:00,-0.5121007837988145
2019-08-08 16:48:00,-0.529775126164509
2019-08-08 16:51:00,-0.5674303574930377
2019-08-08 16:54:00,-0.5951254426076389
2019-08-08 16:57:00,-0.5636184667008024
2019-08-08 17:00:00,-0.673015794667208
2019-08-08 17:03:00,-0.5438050935665046
2019-08-08 17:06:00,-0.6437232376573547
2019-08-08 17:09:00,-0.6069288166777937
2019-08-08 17:12:00,-0.6670833197273396
2019-08-08 17:15:00,-0.6291689728461733
2019-08-08 17:18:00,-0.5372908490344344
2019-08-08 17:21:00,-0.4861013523508859
2019-08-08 17:24:00,-0.5834054774362585
2019-08-08 17:27:00,-0.573823491833025
2019-08-08 17:30:00,-0.5107514533860353
2019-08-08 17:33:00,-0.5535027821819654
2019-08-08 17:36:00,-0.47995292315539473
2019-08-08 17:39:00,-0.5740741555989644
2019-08-08 17:42:00,-0.4492449407564436
2019-08-08 17:45:00,-0.46781984885751626
2019-08-08 17:48:00,-0.445313411427378
2019-08-08 17:51:00,-0.4820027419060011
2019-08-08 17:54:00,-0.5482086981139105
2019-08-08 17:57:00,-0.3601204481932996
2019-08-08 18:00:00,-0.40683412591357637
2019-08-08 18:03:00,-0.2872353735598381
2019-08-08 18:06:00,-0.31347213373692284
2019-08-08 18:09:00,-0.3796747493174166
2019-08-08 18:12:00,-0.49207089038230833
2019-08-08 18:15:00,-0.3592565954328961
2019-08-08 18:18:00,-0.4067346823645721
2019-08-08 18:21:00,-0.35792394404853667
2019-08-08 18:24:00,-0.21755830089983874
2019-08-08 18:27:00,-0.3462777843656113
2019-08-08 18:30:00,-0.23182960386498053
2019-08-08 18:33:00,-0.33162640950865807
2019-08-08 18:36:00,-0.40693016474494925
2019-08-08 18:39:00,-0.31996692671407345
2019-08-08 18:42:00,-0.2860797779305244
2019-08-08 18:45:00,-0.240329349008789
2019-08-08 18:48:00,-0.12888949456316823
2019-08-08 18:51:00,-0.14029794199331036
2019-08-08 18:54:00,-0.15616920117838617
2019-08-08 18:57:00,
2019-08-08 19:00:00,
2019-08-08 19:03:00,-0.08017942012418189
2019-08-08 19:06:00,-0.3423986797420753
2019-08-08 19:09:00,-0.2537347554491589
2019-08-08 19:12:00,-0.14872642817573478
2019-08-08 19:15:00,-0.0326488811656418
2019-08-08 19:18:00,-0.11387423202603486
2019-08-08 19:21:00,-0.10106663929167325
2019-08-08 19:24:00,-0.09654525870041653
2019-08-08 19:27:00,-0.1133208919696358
2019-08-08 19:30:00,-0.05572415313753254
2019-08-08 19:33:00,-0.08325885495185048
2019-08-08 19:36:00,-0.08017136307762485
2019-08-08 19:39:00,-0.10458193634457302
2019-08-08 19:42:00,-0.2369005826127477
2019-08-08 19:45:00,-0.12347311305734365
2019-08-08 19:48:00,-0.17589460981048433
2019-08-08 19:51:00,-0.1991376840073258
2019-08-08 19:54:00,-0.010265771992806094
2019-08-08 19:57:00,-0.1735263147962769
2019-08-08 20:00:00,-0.13136551081709058
2019-08-08 20:03:00,-0.14249589422740883
2019-08-08 20:06:00,-0.12729975728308318
2019-08-08 20:09:00,-0.19786262502043428
2019-08-08 20:12:00,-0.11830098173737724
2019-08-08 20:15:00,-0.1979507109546148
2019-08-08 20:18:00,-0.2994495280026399
2019-08-08 20:21:00,-0.129256266749735
2019-08-08 20:24:00,-0.1963481905447111
2019-08-08 20:27:00,-0.15991362912501472
2019-08-08 20:30:00,-0.06508129433666454
2019-08-08 20:33:00,-0.2511345294543048
2019-08-08 20:36:00,-0.18440459591363378
2019-08-08 20:39:00,-0.1647875703370687
2019-08-08 20:42:00,-0.18086297780723726
2019-08-08 20:45:00,-0.20560701037703666
2019-08-08 20:48:00,-0.11693146237320207
2019-08-08 20:51:00,-0.25824452925814967
2019-08-08 20:54:00,-0.1863645046265674
2019-08-08 20:57:00,-0.32387748244542536
2019-08-08 21:00:00,-0.24839351679969468
2019-08-08 21:03:00,-0.2625060647162627
2019-08-08 21:06:00,-0.07553319184529528
2019-08-08 21:09:00,-0.16561754945774965
2019-08-08 21:12:00,-0.28603579152951397
2019-08-08 21:15:00,-0.250250463587804
2019-08-08 21:18:00,-0.10608912347390742
2019-08-08 21:21:00,-0.22947923778804125
2019-08-08 21:24:00,-0.2059076310713408
2019-08-08 21:27:00,-0.0776198506598007
2019-08-08 21:30:00,-0.22403122143003884
2019-08-08 21:33:00,-0.3019876126041936
2019-08-08 21:36:00,-0.20249215017270217
2019-08-08 21:39:00,-0.12342769754201299
2019-08-08 21:42:00,-0.14133354442151358
2019-08-08 21:45:00,-0.12874568014166243
2019-08-08 21:48:00,-0.18508346823222155
2019-08-08 21:51:00,-0.08682054012166418
2019-08-08 21:54:00,-0.029410068729134764
2019-08-08 21:57:00,-0.17360054548169046
2019-08-08 22:00:00,-0.17363987533258296
2019-08-08 22:03:00,-0.15058720198970832
2019-08-08 22:06:00,-0.12411689029096351
2019-08-08 22:09:00,-0.11698759462512953
2019-08-08 22:12:00,-0.013370165015999191
2019-08-08 22:15:00,-0.05305785550751807
2019-08-08 22:18:00,0.055035762371346664
2019-08-08 22:21:00,-0.025957645809739915
2019-08-08 22:24:00,-0.02837045247815695
2019-08-08 22:27:00,0.03866572454899142
2019-08-08 22:30:00,-0.02454218380319162
2019-08-08 22:33:00,0.048696961100574754
2019-08-08 22:36:00,-0.015544325186738206
2019-08-08 22:39:00,-0.019050346862911738
2019-08-08 22:42:00,-0.0644013806414705
2019-08-08 22:45:00,-0.08823938835161016
2019-08-08 22:48:00,-0.02296195655765132
2019-08-08 22:51:00,-0.02155756652450691
2019-08-08 22:54:00,0.05816420324441651
2019-08-08 22:57:00,-0.030855854361050206
2019-08-08 23:00:00,0.01570908527139636
2019-08-08 23:03:00,-0.014138969213831842
2019-08-08 23:06:00,-0.09802351281479105
2019-08-08 23:09:00,-0.03804202428585768
2019-08-08 23:12:00,0.0035135265839585372
2019-08-08 23:15:00,0.04586315143126285
2019-08-08 23:18:00,-0.0264363095787985
2019-08-08 23:21:00,0.036278808170436605
2019-08-08 23:24:00,-0.07091627636299336
2019-08-08 23:27:00,0.04954754027386343
2019-08-08 23:30:00,-0.05033924803302625
2019-08-08 23:33:00,-0.02263142663872486
2019-08-08 23:36:00,-0.12195226571333251
2019-08-08 23:39:00,-0.04115760183236716
2019-08-08 23:42:00,-0.1324744976032548
2019-08-08 23:45:00,-0.2129527173164547
2019-08-08 23:48:00,-0.12099499030762217
2019-08-08 23:51:00,-0.1351777743956859
2019-08-08 23:54:00,-0.07321084692637214
2019-08-08 23:57:00,-0.022706240355944374
2019-08-09 00:00:00,-0.11240010606445594
2019-08-09 00:03:00,-0.24188527882387234
2019-08-09 00:06:00,-0.18678371791679638
2019-08-09 00:09:00,-0.04515779643401174
2019-08-09 00:12:00,0.01700809973658579
2019-08-09 00:15:00,-0.061251964110169865
2019-08-09 00:18:00,-0.08012972709258293
2019-08-09 00:21:00,0.01658980326942583
2019-08-09 00:24:00,-0.03938586538720301
2019-08-09 00:27:00,-0.09147767366238213
2019-08-09 00:30:00,-0.035626292500126056
2019-08-09 00:33:00,-0.13814754503044924
2019-08-09 00:36:00,-0.011516961815402738
2019-08-09 00:39:00,0.03724241941819173
2019-08-09 00:42:00,-0.024062808271310132
2019-08-09 00:45:00,0.03265847423494961
2019-08-09 00:48:00,-0.1145747736273961
2019-08-09 00:51:00,-0.142279233096815
2019-08-09 00:54:00,-0.044470314682087064
2019-08-09 00:57:00,0.0019042860627109803
2019-08-09 01:00:00,0.07036026205418011
2019-08-09 01:03:00,0.0012289196602068841
2019-08-09 01:06:00,0.04361688546180176
2019-08-09 01:09:00,-0.03337660359017036
2019-08-09 01:12:00,0.05481724222642015
2019-08-09 01:15:00,-0.01876639445646333
2019-08-09 01:18:00,0.10031519393101007
2019-08-09 01:21:00,0.002509608733021196
2019-08-09 01:24:00,-0.05763723222275985
2019-08-09 01:27:00,-0.03566425284259367
2019-08-09 01:30:00,0.01985919603197317
2019-08-09 01:33:00,-0.07364036748316494
2019-08-09 01:36:00,0.029769148528544065
2019-08-09 01:39:00,-0.0879762167405147
2019-08-09 01:42:00,-0.06574716359676813
2019-08-09 01:45:00,-0.1468634866224079
2019-08-09 01:48:00,-0.09732326839491634
2019-08-09 01:51:00,-0.03568919105543955
2019-08-09 01:54:00,-0.053737556174667134
2019-08-09 01:57:00,-0.047907741922585956
2019-08-09 02:00:00,-0.026325916008431705
2019-08-09 02:03:00,-0.056529757256441826
2019-08-09 02:06:00,-0.012879633007059965
2019-08-09 02:09:00,0.010247895058682843
2019-08-09 02:12:00,-0.04297456016280421
2019-08-09 02:15:00,-0.07290413919059802
2019-08-09 02:18:00,-0.10490221548246836
2019-08-09 02:21:00,-0.06060937600375382
2019-08-09 02:24:00,-0.024849952775355177
2019-08-09 02:27:00,0.031649742604486164
2019-08-09 02:30:00,-0.05955008757513269
2019-08-09 02:33:00,-0.0010706381765430706
2019-08-09 02:36:00,-0.06758552649830563
2019-08-09 02:39:00,0.08411682831706457
2019-08-09 02:42:00,-0.043947847343247304
2019-08-09 02:45:00,-0.05205476979062951
2019-08-09 02:48:00,-0.01915982344087297
2019-08-09 02:51:00,0.019666813010815076
2019-08-09 02:54:00,0.040196193578822204
2019-08-09 02:57:00,-0.06440090928612108
2019-08-09 03:00:00,0.06785004517803372
2019-08-09 03:03:00,0.02789764385977378
2019-08-09 03:06:00,0.03971928228855859
2019-08-09 03:09:00,-0.026903310995294305
2019-08-09 03:12:00,0.004399677733204044
2019-08-09 03:15:00,0.10254098170656789
2019-08-09 03:18:00,0.05189044227824979
2019-08-09 03:21:00,0.18381981735547015
2019-08-09 03:24:00,0.02361253217452486
2019-08-09 03:27:00,0.06192095137697606
2019-08-09 03:30:00,0.03186649399225416
2019-08-09 03:33:00,0.09498329590257981
2019-08-09 03:36:00,0.04111435209102865
2019-08-09 03:39:00,0.09323228746774248
2019-08-09 03:42:00,0.029344078073506807
2019-08-09 03:45:00,0.1326067820846788
2019-08-09 03:48:00,0.06666994725952691
2019-08-09 03:51:00,0.08987357112675909
2019-08-09 03:54:00,0.058915658992248154
2019-08-09 03:57:00,0.1063178688921198
2019-08-09 04:00:00,0.078822731286607
2019-08-09 04:03:00,0.027346296868699937
2019-08-09 04:06:00,0.14804795140537408
2019-08-09 04:09:00,0.07256907046706829
2019-08-09 04:12:00,0.038780538906109996
2019-08-09 04:15:00,0.10450940183574176
2019-08-09 04:18:00,0.06149290870251889
2019-08-09 04:21:00,0.06625340055097695
2019-08-09 04:24:00,0.06542489510610494
2019-08-09 04:27:00,0.10899822159598216
2019-08-09 04:30:00,-0.03484890394804552
2019-08-09 04:33:00,0.03588466333849283
2019-08-09 04:36:00,0.02240981831306499
2019-08-09 04:39:00,0.14690395668185374
2019-08-09 04:42:00,0.05795725018299436
2019-08-09 04:45:00,0.0695120057982308
2019-08-09 04:48:00,0.14285808264173738
2019-08-09 04:51:00,0.04081060255771263
2019-08-09 04:54:00,0.06759740226038957
2019-08-09 04:57:00,0.14922934292502532
2019-08-09 05:00:00,0.02126681978046463
2019-08-09 05:03:00,0.0415220762070021
2019-08-09 05:06:00,0.1294065707131722
2019-08-09 05:09:00,0.026896222598054464
2019-08-09 05:12:00,-0.08561884699929578
2019-08-09 05:15:00,0.10965203560033387
2019-08-09 05:18:00,0.07288088512382274
2019-08-09 05:21:00,-0.007847590794369808
2019-08-09 05:24:00,0.11207964031365236
2019-08-09 05:27:00,0.15678203068972607
2019-08-09 05:30:00,0.18896709171912107
2019-08-09 05:33:00,0.21143839397285547
2019-08-09 05:36:00,0.24982413285181337
2019-08-09 05:39:00,0.2607843621410666
2019-08-09 05:42:00,0.1888873815290708
2019-08-09 05:45:00,0.1916251812115206
2019-08-09 05:48:00,0.19928376796087832
2019-08-09 05:51:00,0.22669021746088447
2019-08-09 05:54:00,0.30025544125828674
2019-08-09 05:57:00,0.22659906550774167
2019-08-09 06:00:00,0.22280942319025598
2019-08-09 06:03:00,0.32176517056137754
2019-08-09 06:06:00,0.2501419232160629
2019-08-09 06:09:00,0.33639576543589556
2019-08-09 06:12:00,0.1929222030199753
2019-08-09 06:15:00,0.2104587193702514
2019-08-09 06:18:00,0.31079565168425916
2019-08-09 06:21:00,0.376680665524475
2019-08-09 06:24:00,0.2583154336257394
2019-08-09 06:27:00,0.2910908677648081
2019-08-09 06:30:00,0.20960142033999318
2019-08-09 06:33:00,0.34276883362161925
2019-08-09 06:36:00,0.23101878195024028
2019-08-09 06:39:00,0.2434362541235373
2019-08-09 06:42:00,0.23992668678477003
2019-08-09 06:45:00,0.19939103797673852
2019-08-09 06:48:00,0.28139011772310596
2019-08-09 06:51:00,0.27372126167426813
2019-08-09 06:54:00,0.277902670304627
2019-08-09 06:57:00,0.2377676863806073
2019-08-09 07:00:00,0.23025253047455863
2019-08-09 07:03:00,0.15953661887778026
2019-08-09 07:06:00,0.1737459098044951
2019-08-09 07:09:00,0.13462368808853853
2019-08-09 07:12:00,0.1442176585122752
2019-08-09 07:15:00,0.18709870898032932
2019-08-09 07:18:00,0.1748369022561178
2019-08-09 07:21:00,0.14169999856068216
2019-08-09 07:24:00,0.10067385058630407
2019-08-09 07:27:00,0.11319711635593421
2019-08-09 07:30:00,0.11065145599474135
2019-08-09 07:33:00,0.11401293345363683
2019-08-09 07:36:00,0.12418289458389609
2019-08-09 07:39:00,0.11027281324152227
2019-08-09 07:42:00,0.11705569315068942
2019-08-09 07:45:00,0.1527691763158714
2019-08-09 07:48:00,0.019575455539097675
2019-08-09 07:51:00,0.06570569898360645
2019-08-09 07:54:00,0.12765954969648874
2019-08-09 07:57:00,0.2081100164478471
2019-08-09 08:00:00,0.16570030631720556
2019-08-09 08:03:00,0.10417414027119776
2019-08-09 08:06:00,0.04373144142999763
2019-08-09 08:09:00,0.06378201242057457
2019-08-09 08:12:00,0.052380528447827146
2019-08-09 08:15:00,0.02594851014100641
2019-08-09 08:18:00,0.02996257692564086
2019-08-09 08:21:00,0.04057443924074278
2019-08-09 08:24:00,-0.035231832426518395
2019-08-09 08:27:00,-0.011344126189214876
2019-08-09 08:30:00,-0.013752321203639895
2019-08-09 08:33:00,-0.11540915347126202
2019-08-09 08:36:00,0.017602066716221998
2019-08-09 08:39:00,-0.03745400167628077
2019-08-09 08:42:00,0.0752066515159413
2019-08-09 08:45:00,0.11904537909339297
2019-08-09 08:48:00,0.041920017165864465
2019-08-09 08:51:00,-0.04952097858762272
2019-08-09 08:54:00,0.03229772625354599
2019-08-09 08:57:00,-0.18329812820923053
2019-08-09 09:00:00,0.028246343036528287
2019-08-09 09:03:00,-0.08941801015595274
2019-08-09 09:06:00,-0.20827025249104736
2019-08-09 09:09:00,-0.15554867786534032
2019-08-09 09:12:00,-0.15857827565383786
2019-08-09 09:15:00,-0.18594978118630934
2019-08-09 09:18:00,-0.2560577199092222
2019-08-09 09:21:00,-0.11518070314031092
2019-08-09 09:24:00,-0.3020314525801382
2019-08-09 09:27:00,-0.23986512308010788
2019-08-09 09:30:00,-0.22206825938366137
2019-08-09 09:33:00,-0.26582929883682027
2019-08-09 09:36:00,-0.31729251957824545
2019-08-09 09:39:00,-0.22815517280992026
2019-08-09 09:42:00,-0.2816455718739803
2019-08-09 09:45:00,-0.33997747327566685
2019-08-09 09:48:00,-0.24594177005593565
2019-08-09 09:51:00,-0.2967599384815003
2019-08-09 09:54:00,-0.3220158385496461
2019-08-09 09:57:00,-0.3486949633545464
2019-08-09 10:00:00,-0.3362498427761125
2019-08-09 10:03:00,-0.38487653377330844
2019-08-09 10:06:00,-0.23134397346444757
2019-08-09 10:09:00,-0.4758929107128438
2019-08-09 10:12:00,-0.4395645662905281
2019-08-09 10:15:00,-0.4982718977429954
2019-08-09 10:18:00,-0.34163174691997256
2019-08-09 10:21:00,-0.2981110381692247
2019-08-09 10:24:00,-0.4237804943983292
2019-08-09 10:27:00,-0.4837346006271446
2019-08-09 10:30:00,-0.3531237024789107
2019-08-09 10:33:00,-0.40851138278759436
2019-08-09 10:36:00,-0.5061804112170876
2019-08-09 10:39:00,-0.4094636075897711
2019-08-09 10:42:00,-0.37182653047818803
2019-08-09 10:45:00,-0.3406523215592756
2019-08-09 10:48:00,-0.3969943506968434
2019-08-09 10:51:00,-0.4271085405861754
2019-08-09 10:54:00,-0.44399101672951247
2019-08-09 10:57:00,-0.5176810588841363
2019-08-09 11:00:00,-0.44820656690723126
2019-08-09 11:03:00,-0.38965529000762444
2019-08-09 11:06:00,-0.49884415879103017
2019-08-09 11:09:00,-0.45717189899153254
2019-08-09 11:12:00,-0.49464701683109524
2019-08-09 11:15:00,-0.29704406067810396
2019-08-09 11:18:00,-0.42288807674947293
2019-08-09 11:21:00,-0.4120350061837712
2019-08-09 11:24:00,-0.41962533717799033
2019-08-09 11:27:00,-0.3800154338358084
2019-08-09 11:30:00,-0.486167909277583
2019-08-09 11:33:00,-0.4420469678878476
2019-08-09 11:36:00,-0.4805393709989403
2019-08-09 11:39:00,-0.5764120840672717
2019-08-09 11:42:00,-0.4206143308720698
2019-08-09 11:45:00,-0.5622420552269887
2019-08-09 11:48:00,-0.5454172174308383
2019-08-09 11:51:00,-0.5122470346208843
2019-08-09 11:54:00,-0.5287273156634456
2019-08-09 11:57:00,-0.5299695957117478
2019-08-09 12:00:00,-0.46550299923444527
2019-08-09 12:03:00,-0.5031525473413012
2019-08-09 12:06:00,-0.5228638967194001
2019-08-09 12:09:00,-0.5284571911681155
2019-08-09 12:12:00,-0.573234469800127
2019-08-09 12:15:00,-0.4684729776923291
2019-08-09 12:18:00,-0.5066411377701456
2019-08-09 12:21:00,-0.5386022637816268
2019-08-09 12:24:00,-0.5228703903605378
2019-08-09 12:27:00,-0.6439067652539734
2019-08-09 12:30:00,-0.5947246958637606
2019-08-09 12:33:00,-0.6204405902424242
2019-08-09 12:36:00,-0.567017099351574
2019-08-09 12:39:00,-0.589064933898328
2019-08-09 12:42:00,-0.5467092785425507
2019-08-09 12:45:00,-0.5615422296640986
2019-08-09 12:48:00,-0.6112135718615832
2019-08-09 12:51:00,-0.4785208707959896
2019-08-09 12:54:00,-0.6303170554164126
2019-08-09 12:57:00,-0.5017454648838111
2019-08-09 13:00:00,-0.4824031769681483
2019-08-09 13:03:00,-0.33982271914788953
2019-08-09 13:06:00,-0.526099245961575
2019-08-09 13:09:00,-0.4617028997748207
2019-08-09 13:12:00,-0.5141249669821377
2019-08-09 13:15:00,-0.5687093741402691
2019-08-09 13:18:00,-0.4965457161698055
2019-08-09 13:21:00,-0.5626673227166066
2019-08-09 13:24:00,-0.4954845921248534
2019-08-09 13:27:00,-0.5822126236452618
2019-08-09 13:30:00,-0.5942627424990974
2019-08-09 13:33:00,-0.4753977678316801
2019-08-09 13:36:00,-0.49406539845045927
2019-08-09 13:39:00,-0.5871104638271731
2019-08-09 13:42:00,-0.4573930719217856
2019-08-09 13:45:00,-0.48493308618822084
2019-08-09 13:48:00,-0.42759647134664647
2019-08-09 13:51:00,-0.5308441720986821
2019-08-09 13:54:00,-0.4711490983560793
2019-08-09 13:57:00,-0.4000596546648012
2019-08-09 14:00:00,-0.46632608454183355
2019-08-09 14:03:00,-0.4825054927856627
2019-08-09 14:06:00,-0.47846517002079736
2019-08-09 14:09:00,-0.5197874623871712
2019-08-09 14:12:00,-0.5486750631503128
2019-08-09 14:15:00,-0.39100530198749084
2019-08-09 14:18:00,-0.45761160223077013
2019-08-09 14:21:00,-0.49719742659652866
2019-08-09 14:24:00,-0.5886081822221172
2019-08-09 14:27:00,-0.5577249996850924
2019-08-09 14:30:00,-0.6204251450974425
2019-08-09 14:33:00,-0.5752578161533961
2019-08-09 14:36:00,-0.49859093996877846
2019-08-09 14:39:00,-0.41543981688550957
2019-08-09 14:42:00,-0.42880423546824886
2019-08-09 14:45:00,-0.46355021275593344
2019-08-09 14:48:00,-0.5156110705497667
2019-08-09 14:51:00,-0.46736043385106996
2019-08-09 14:54:00,-0.55383693958305
2019-08-09 14:57:00,-0.5718134516412192
2019-08-09 15:00:00,-0.5253689882147796
2019-08-09 15:03:00,-0.5769057287648707
2019-08-09 15:06:00,-0.48452021832525816
2019-08-09 15:09:00,-0.5486282728875835
2019-08-09 15:12:00,-0.5675860657593148
2019-08-09 15:15:00,-0.5240654214839537
2019-08-09 15:18:00,-0.4532574848749391
2019-08-09 15:21:00,-0.5816136726082277
2019-08-09 15:24:00,-0.5198471405981877
2019-08-09 15:27:00,-0.5753510295439241
2019-08-09 15:30:00,-0.5834630223245654
2019-08-09 15:33:00,-0.6001801488445722
2019-08-09 15:36:00,-0.47286766283144743
2019-08-09 15:39:00,-0.4344402851862128
2019-08-09 15:42:00,-0.5386627755344762
2019-08-09 15:45:00,-0.45589131216542
2019-08-09 15:48:00,-0.5061060882384254
2019-08-09 15:51:00,-0.48521292919753023
2019-08-09 15:54:00,-0.6244901897762816
2019-08-09 15:57:00,-0.5001972566079189
2019-08-09 16:00:00,-0.507925297879865
2019-08-09 16:03:00,-0.43131605394790995
2019-08-09 16:06:00,-0.5325064063111995
2019-08-09 16:09:00,-0.5547074105513161
2019-08-09 16:12:00,-0.5439193390011496
2019-08-09 16:15:00,-0.4505068333687632
2019-08-09 16:18:00,-0.5024406410694269
2019-08-09 16:21:00,-0.487951963700084
2019-08-09 16:24:00,-0.6154770652351544
2019-08-09 16:27:00,-0.47968930197237114
2019-08-09 16:30:00,-0.5800195887547375
2019-08-09 16:33:00,-0.4986017458818992
2019-08-09 16:36:00,-0.46501923807960566
2019-08-09 16:39:00,-0.5932120239824599
2019-08-09 16:42:00,-0.4867529278501479
2019-08-09 16:45:00,-0.557435389570685
2019-08-09 16:48:00,-0.5330067918472423
2019-08-09 16:51:00,-0.5998365154314342
2019-08-09 16:54:00,-0.47635525782908417
2019-08-09 16:57:00,-0.472475800142945
2019-08-09 17:00:00,-0.5231301359167446
2019-08-09 17:03:00,-0.48891615562587276
2019-08-09 17:06:00,-0.5714945591637957
2019-08-09 17:09:00,-0.6389502190032204
2019-08-09 17:12:00,-0.47289776488497637
2019-08-09 17:15:00,-0.6502495920630622
2019-08-09 17:18:00,-0.5763913250387986
2019-08-09 17:21:00,-0.5008514228817376
2019-08-09 17:24:00,-0.502951597273352
2019-08-09 17:27:00,-0.5293830205221752
2019-08-09 17:30:00,-0.5369222842697354
2019-08-09 17:33:00,-0.4441227002882897
2019-08-09 17:36:00,-0.48526891987086174
2019-08-09 17:39:00,-0.48666450248555293
2019-08-09 17:42:00,-0.4379658323545641
2019-08-09 17:45:00,-0.4470903434514639
2019-08-09 17:48:00,-0.5411572707969299
2019-08-09 17:51:00,-0.5266490814888698
2019-08-09 17:54:00,-0.46090989470388877
2019-08-09 17:57:00,-0.3961186274154329
2019-08-09 18:00:00,-0.4476914268547034
2019-08-09 18:03:00,-0.4463348520569639
2019-08-09 18:06:00,-0.4524614171593839
2019-08-09 18:09:00,-0.4645790791483364
2019-08-09 18:12:00,-0.4993714511122107
2019-08-09 18:15:00,-0.47827999733203796
2019-08-09 18:18:00,-0.36565840003299854
2019-08-09 18:21:00,-0.42475719448128757
2019-08-09 18:24:00,-0.45962792308421285
2019-08-09 18:27:00,-0.4668557939630773
2019-08-09 18:30:00,-0.36123540525790077
2019-08-09 18:33:00,-0.4329597920629453
2019-08-09 18:36:00,-0.47322396815218326
2019-08-09 18:39:00,-0.3860557362797863
2019-08-09 18:42:00,-0.3742358752894006
2019-08-09 18:45:00,-0.4024788591532342
2019-08-09 18:48:00,-0.4065891216305886
2019-08-09 18:51:00,-0.34929448727922363
2019-08-09 18:54:00,
2019-08-09 18:57:00,
2019-08-09 19:00:00,
2019-08-09 19:03:00,-0.28431935382070606
2019-08-09 19:06:00,-0.29884339176851427
2019-08-09 19:09:00,-0.3488836213222726
2019-08-09 19:12:00,-0.2508973658951277
2019-08-09 19:15:00,-0.25298876908539114
2019-08-09 19:18:00,-0.26640516082795784
2019-08-09 19:21:00,-0.4029205813491785
2019-08-09 19:24:00,-0.27662038350473495
2019-08-09 19:27:00,-0.2468274158516124
2019-08-09 19:30:00,-0.3348370553864015
2019-08-09 19:33:00,-0.3036975121439127
2019-08-09 19:36:00,-0.32420413198144615
2019-08-09 19:39:00,-0.2717709381313398
2019-08-09 19:42:00,-0.30879292279882975
2019-08-09 19:45:00,-0.2875737031108656
2019-08-09 19:48:00,-0.23040502894025394
2019-08-09 19:51:00,-0.24346061991354873
2019-08-09 19:54:00,-0.2112580200667935
2019-08-09 19:57:00,-0.21402884248965393
2019-08-09 20:00:00,-0.19164545424172275
2019-08-09 20:03:00,-0.21591005423346132
2019-08-09 20:06:00,-0.19162573825241225
2019-08-09 20:09:00,-0.15841572633871692
2019-08-09 20:12:00,-0.22897745776350575
2019-08-09 20:15:00,-0.20299454389930816
2019-08-09 20:18:00,-0.14121996488830746
2019-08-09 20:21:00,-0.2480810583686548
2019-08-09 20:24:00,-0.11067487418154087
2019-08-09 20:27:00,-0.11608132820754236
2019-08-09 20:30:00,-0.1511233463741064
2019-08-09 20:33:00,-0.17798320204093443
2019-08-09 20:36:00,-0.16698390439250943
2019-08-09 20:39:00,-0.12336071072451205
2019-08-09 20:42:00,-0.11776772515133871
2019-08-09 20:45:00,-0.06889060256855828
2019-08-09 20:48:00,-0.08448732875194764
2019-08-09 20:51:00,-0.14701259926323473
2019-08-09 20:54:00,-0.1831866622218854
2019-08-09 20:57:00,-0.16856940435280876
2019-08-09 21:00:00,-0.21404083387665196
2019-08-09 21:03:00,-0.22463178636513703
2019-08-09 21:06:00,-0.18417252028734765
2019-08-09 21:09:00,-0.16226403776670395
2019-08-09 21:12:00,-0.20981548043960174
2019-08-09 21:15:00,-0.2866069270091316
2019-08-09 21:18:00,-0.2371622005663312
2019-08-09 21:21:00,-0.17380678885012912
2019-08-09 21:24:00,-0.10479092552810698
2019-08-09 21:27:00,-0.15365813484964974
2019-08-09 21:30:00,-0.215778660156559
2019-08-09 21:33:00,-0.19990239120863862
2019-08-09 21:36:00,-0.13516462350736447
2019-08-09 21:39:00,-0.1385468844736124
2019-08-09 21:42:00,-0.09908343615319382
2019-08-09 21:45:00,-0.15233990535676867
2019-08-09 21:48:00,-0.15074862802919142
2019-08-09 21:51:00,-0.06154884218869938
2019-08-09 21:54:00,-0.12085283865428664
2019-08-09 21:57:00,-0.03586827535264092
2019-08-09 22:00:00,-0.03318147495207313
2019-08-09 22:03:00,-0.11802180406857588
2019-08-09 22:06:00,-0.006418115063127061
2019-08-09 22:09:00,-0.1657553604617874
2019-08-09 22:12:00,-0.1553865770922016
2019-08-09 22:15:00,0.027145530244183647
2019-08-09 22:18:00,-0.05771859731987661
2019-08-09 22:21:00,-0.11979675862318118
2019-08-09 22:24:00,-0.04807462004100671
2019-08-09 22:27:00,-0.024226340170514504
2019-08-09 22:30:00,-0.035986962176252746
2019-08-09 22:33:00,0.02525133335393548
2019-08-09 22:36:00,-0.010940720053326913
2019-08-09 22:39:00,-0.034785896859318655
2019-08-09 22:42:00,-0.0058619066484766336
2019-08-09 22:45:00,-0.04684367976824433
2019-08-09 22:48:00,-0.0688265170463751
2019-08-09 22:51:00,0.006232107346647808
2019-08-09 22:54:00,-0.009625964803376519
2019-08-09 22:57:00,0.020735332385243055
2019-08-09 23:00:00,0.01570111825822096
2019-08-09 23:03:00,-0.046346877961980226
2019-08-09 23:06:00,-0.04929583637078849
2019-08-09 23:09:00,-0.04607988173239619
2019-08-09 23:12:00,-0.03126255434580116
2019-08-09 23:15:00,-0.0004466501972615333
2019-08-09 23:18:00,-0.032187387764054165
2019-08-09 23:21:00,-0.026302534317267146
2019-08-09 23:24:00,-0.09273161296306398
2019-08-09 23:27:00,-0.04772185802721651
2019-08-09 23:30:00,-0.0014081046776937
2019-08-09 23:33:00,-0.09080109151614124
2019-08-09 23:36:00,-0.029722172765957566
2019-08-09 23:39:00,0.04526180872949226
2019-08-09 23:42:00,-0.011660388884763506
2019-08-09 23:45:00,0.01096740374117644
2019-08-09 23:48:00,-0.04403788102376893
2019-08-09 23:51:00,0.07165930967289569
2019-08-09 23:54:00,0.018607970656603356
2019-08-09 23:57:00,0.07172438431746286
2019-08-10 00:00:00,0.07854083831404068
2019-08-10 00:03:00,0.056430243103534394
2019-08-10 00:06:00,0.05713851214102306
2019-08-10 00:09:00,0.005820535255907089
2019-08-10 00:12:00,-0.02132749098387876
2019-08-10 00:15:00,0.02856112827993229
2019-08-10 00:18:00,0.045866377642369116
2019-08-10 00:21:00,0.073742373031223
2019-08-10 00:24:00,0.04625975120580961
2019-08-10 00:27:00,0.0045989773072960816
2019-08-10 00:30:00,-0.02751608652562254
2019-08-10 00:33:00,-0.03139101878252859
2019-08-10 00:36:00,0.021455755974955082
2019-08-10 00:39:00,0.0174907441854657
2019-08-10 00:42:00,0.11023180062318261
2019-08-10 00:45:00,0.08807854454306607
2019-08-10 00:48:00,0.03387892251936364
2019-08-10 00:51:00,0.046996324198801176
2019-08-10 00:54:00,0.07474418605272604
2019-08-10 00:57:00,0.11472620472733297
2019-08-10 01:00:00,0.03196481880627289
2019-08-10 01:03:00,0.025138690369715277
2019-08-10 01:06:00,-0.017738287788176876
2019-08-10 01:09:00,0.12134446382839315
2019-08-10 01:12:00,-0.008056607298215113
2019-08-10 01:15:00,0.03794779890500877
2019-08-10 01:18:00,0.06542631961065126
2019-08-10 01:21:00,0.031441237839203495
2019-08-10 01:24:00,0.0037632150126682973
2019-08-10 01:27:00,0.024120182621629738
2019-08-10 01:30:00,0.06007156936885849
2019-08-10 01:33:00,-0.0006112111038873991
2019-08-10 01:36:00,0.0826099855462985
2019-08-10 01:39:00,0.17129817926854685
2019-08-10 01:42:00,0.06633081599960633
2019-08-10 01:45:00,-0.01906685807392705
2019-08-10 01:48:00,0.05459911195157474
2019-08-10 01:51:00,0.09593910341521905
2019-08-10 01:54:00,0.037240903216058996
2019-08-10 01:57:00,0.08991567249233867
2019-08-10 02:00:00,-0.0009435012923972863
2019-08-10 02:03:00,0.06084685698050407
2019-08-10 02:06:00,0.1087446191107233
2019-08-10 02:09:00,0.12825853453767877
2019-08-10 02:12:00,0.07911129202619804
2019-08-10 02:15:00,0.11030754418908373
2019-08-10 02:18:00,0.13633026731014297
2019-08-10 02:21:00,0.060569684970346316
2019-08-10 02:24:00,0.10778812296450724
2019-08-10 02:27:00,0.04884883613948432
2019-08-10 02:30:00,0.1010785709407287
2019-08-10 02:33:00,0.0476135408631535
2019-08-10 02:36:00,0.07985245247226658
2019-08-10 02:39:00,0.07204772476973176
2019-08-10 02:42:00,0.041668378335430134
2019-08-10 02:45:00,0.09066156862093067
2019-08-10 02:48:00,0.16225307596153016
2019-08-10 02:51:00,0.0758793703973879
2019-08-10 02:54:00,0.10941800732928186
2019-08-10 02:57:00,0.1813240365121942
2019-08-10 03:00:00,0.23418606209980908
2019-08-10 03:03:00,0.13132906170750402
2019-08-10 03:06:00,0.11285341698692264
2019-08-10 03:09:00,0.16248915788270324
2019-08-10 03:12:00,0.16952768554301656
2019-08-10 03:15:00,0.2158100011897659
2019-08-10 03:18:00,0.1304998610087864
2019-08-10 03:21:00,0.09391275004054478
2019-08-10 03:24:00,0.12596893884511928
2019-08-10 03:27:00,0.23331322489804052
2019-08-10 03:30:00,0.15288795547201062
2019-08-10 03:33:00,0.16043630321593128
2019-08-10 03:36:00,0.2681400103360829
2019-08-10 03:39:00,0.22759167037713723
2019-08-10 03:42:00,0.26374185669499184
2019-08-10 03:45:00,0.08889810518297736
2019-08-10 03:48:00,0.15928407449121096
2019-08-10 03:51:00,0.15335673817043016
2019-08-10 03:54:00,0.13791417242583748
2019-08-10 03:57:00,0.17512174697912997
2019-08-10 04:00:00,0.23231987495461226
2019-08-10 04:03:00,0.1757149573542165
2019-08-10 04:06:00,0.22297392276823302
2019-08-10 04:09:00,0.2257059174578444
2019-08-10 04:12:00,0.18776282997015414
2019-08-10 04:15:00,0.15975080008593068
2019-08-10 04:18:00,0.06912209753102161
2019-08-10 04:21:00,0.10966309181100087
2019-08-10 04:24:00,0.1553498281268162
2019-08-10 04:27:00,0.13705429639662725
2019-08-10 04:30:00,0.13921878872366733
2019-08-10 04:33:00,0.1858337662013696
2019-08-10 04:36:00,0.16925629016122912
2019-08-10 04:39:00,0.12422748078176937
2019-08-10 04:42:00,0.08294720120812826
2019-08-10 04:45:00,0.1634267948672914
2019-08-10 04:48:00,0.16572517059779557
2019-08-10 04:51:00,0.1458925766755783
2019-08-10 04:54:00,0.2173009611081511
2019-08-10 04:57:00,0.05000780431885232
2019-08-10 05:00:00,0.11968993829032115
2019-08-10 05:03:00,0.07536144925552435
2019-08-10 05:06:00,0.08295029214593796
2019-08-10 05:09:00,0.11047339887335283
2019-08-10 05:12:00,0.10075649104095419
2019-08-10 05:15:00,0.1468312847115385
2019-08-10 05:18:00,0.16449480986835852
2019-08-10 05:21:00,0.27912638823613634
2019-08-10 05:24:00,0.1617221065296235
2019-08-10 05:27:00,0.22198578154967663
2019-08-10 05:30:00,0.21024206787291178
2019-08-10 05:33:00,0.26049124112654454
2019-08-10 05:36:00,0.19153948733668358
2019-08-10 05:39:00,0.24467300272789316
2019-08-10 05:42:00,0.2892815655889649
2019-08-10 05:45:00,0.215783500146415
2019-08-10 05:48:00,0.22631823248343608
2019-08-10 05:51:00,0.23874844515245286
2019-08-10 05:54:00,0.1703126539093205
2019-08-10 05:57:00,0.19305531583586344
2019-08-10 06:00:00,0.14086121069811952
2019-08-10 06:03:00,0.22333636038484883
2019-08-10 06:06:00,0.22023167740525196
2019-08-10 06:09:00,0.07996211537744102
2019-08-10 06:12:00,0.23664482787194174
2019-08-10 06:15:00,0.19411084236043052
2019-08-10 06:18:00,0.18561908227826507
2019-08-10 06:21:00,0.1442847544461756
2019-08-10 06:24:00,0.2622355068233446
2019-08-10 06:27:00,0.12758552848430327
2019-08-10 06:30:00,0.10449026914329806
2019-08-10 06:33:00,0.11534086913957253
2019-08-10 06:36:00,0.2357210190801311
2019-08-10 06:39:00,0.17506410316639176
2019-08-10 06:42:00,0.24296368070992003
2019-08-10 06:45:00,0.3257953347184639
2019-08-10 06:48:00,0.20252163383224797
2019-08-10 06:51:00,0.15361545239005636
2019-08-10 06:54:00,0.12903802190982105
2019-08-10 06:57:00,0.17043085318363183
2019-08-10 07:00:00,0.13643651730546935
2019-08-10 07:03:00,0.17859883373864704
2019-08-10 07:06:00,0.1820230842867545
2019-08-10 07:09:00,0.1804356768765274
2019-08-10 07:12:00,0.1268911723079782
2019-08-10 07:15:00,0.12803269584873078
2019-08-10 07:18:00,0.1152170257630587
2019-08-10 07:21:00,0.14032001839694885
2019-08-10 07:24:00,0.1296466469095776
2019-08-10 07:27:00,0.1374023963229547
2019-08-10 07:30:00,0.08564283301348041
2019-08-10 07:33:00,0.08330424763761357
2019-08-10 07:36:00,0.057207650045995706
2019-08-10 07:39:00,0.037854070341040824
2019-08-10 07:42:00,0.06456705536055551
2019-08-10 07:45:00,0.032027210361036396
2019-08-10 07:48:00,0.0812415407632443
2019-08-10 07:51:00,0.03691274181545623
2019-08-10 07:54:00,0.05601963994513426
2019-08-10 07:57:00,0.038618862424868894
2019-08-10 08:00:00,-0.0345974426563771
2019-08-10 08:03:00,-0.048057492416376135
2019-08-10 08:06:00,-0.08074216032241566
2019-08-10 08:09:00,0.09487300719121095
2019-08-10 08:12:00,-0.0024035206347434723
2019-08-10 08:15:00,-0.021858853766900666
2019-08-10 08:18:00,-0.04607511103813522
2019-08-10 08:21:00,-0.07797009549398126
2019-08-10 08:24:00,-0.08356908365146865
2019-08-10 08:27:00,-0.04534865672394517
2019-08-10 08:30:00,-0.06255625659804309
2019-08-10 08:33:00,-0.03320951029911612
2019-08-10 08:36:00,-0.02730479677563835
2019-08-10 08:39:00,-0.004220175546777227
2019-08-10 08:42:00,-0.06432076460544067
2019-08-10 08:45:00,0.02750535576655011
2019-08-10 08:48:00,-0.04811673786122128
2019-08-10 08:51:00,-0.11522997065304708
2019-08-10 08:54:00,-0.08377231181640354
2019-08-10 08:57:00,-0.12335949267242086
2019-08-10 09:00:00,-0.00988276985168568
2019-08-10 09:03:00,-0.1341282052434849
2019-08-10 09:06:00,-0.08398030480657326
2019-08-10 09:09:00,-0.15624346985640614
2019-08-10 09:12:00,-0.07665596879434133
2019-08-10 09:15:00,-0.15140886378316054
2019-08-10 09:18:00,-0.18770859470902224
2019-08-10 09:21:00,-0.1765522054399753
2019-08-10 09:24:00,-0.27128103283160954
2019-08-10 09:27:00,-0.24439272006571855
2019-08-10 09:30:00,-0.15707513774594872
2019-08-10 09:33:00,-0.18762076493885615
2019-08-10 09:36:00,-0.2334913898753257
2019-08-10 09:39:00,-0.05868189184229777
2019-08-10 09:42:00,-0.25226753446315797
2019-08-10 09:45:00,-0.19577011164960822
2019-08-10 09:48:00,-0.09337200897471121
2019-08-10 09:51:00,-0.12283033296051826
2019-08-10 09:54:00,-0.2576644146643048
2019-08-10 09:57:00,-0.24548072000118282
2019-08-10 10:00:00,-0.13509446295802263
2019-08-10 10:03:00,-0.24864178443465335
2019-08-10 10:06:00,-0.2552620540084831
2019-08-10 10:09:00,-0.2664352658488838
2019-08-10 10:12:00,-0.19209979129664134
2019-08-10 10:15:00,-0.285314879911823
2019-08-10 10:18:00,-0.2500690678729143
2019-08-10 10:21:00,-0.2588041663776721
2019-08-10 10:24:00,-0.1901467122082181
2019-08-10 10:27:00,-0.2808805401940617
2019-08-10 10:30:00,-0.2429078649743701
2019-08-10 10:33:00,-0.2648639370738124
2019-08-10 10:36:00,-0.19523223088833674
2019-08-10 10:39:00,-0.2471829314853835
2019-08-10 10:42:00,-0.4206255359929969
2019-08-10 10:45:00,-0.29417452948661094
2019-08-10 10:48:00,-0.39520489207870924
2019-08-10 10:51:00,-0.33091966557554997
2019-08-10 10:54:00,-0.35382843371922945
2019-08-10 10:57:00,-0.3718672453106251
2019-08-10 11:00:00,-0.27559419778390293
2019-08-10 11:03:00,-0.25258401871826663
2019-08-10 11:06:00,-0.3246404876744009
2019-08-10 11:09:00,-0.3768875548663573
2019-08-10 11:12:00,-0.2678810507925391
2019-08-10 11:15:00,-0.389675182392466
2019-08-10 11:18:00,-0.39678009852150353
2019-08-10 11:21:00,-0.397930401646704
2019-08-10 11:24:00,-0.43710342473303854
2019-08-10 11:27:00,-0.3910337764611995
2019-08-10 11:30:00,-0.3441792032533044
2019-08-10 11:33:00,-0.48196102855393974
2019-08-10 11:36:00,-0.3456894092957441
2019-08-10 11:39:00,-0.43860610679786305
2019-08-10 11:42:00,-0.44293671578930116
2019-08-10 11:45:00,-0.3551866337730871
2019-08-10 11:48:00,-0.343775242376239
2019-08-10 11:51:00,-0.3311422198856917
2019-08-10 11:54:00,-0.4354565241940236
2019-08-10 11:57:00,-0.5063139960271315
2019-08-10 12:00:00,-0.42859529444166355
2019-08-10 12:03:00,-0.5202996263196269
2019-08-10 12:06:00,-0.3607725118802705
2019-08-10 12:09:00,-0.4018623622151267
2019-08-10 12:12:00,-0.34369690782870066
2019-08-10 12:15:00,-0.25771185681065845
2019-08-10 12:18:00,-0.3273748051135499
2019-08-10 12:21:00,-0.27910626586935905
2019-08-10 12:24:00,-0.5559361013578723
2019-08-10 12:27:00,-0.32704976910690675
2019-08-10 12:30:00,-0.35417411615190986
2019-08-10 12:33:00,-0.27323211023633576
2019-08-10 12:36:00,-0.3815162745045768
2019-08-10 12:39:00,-0.42197381871670814
2019-08-10 12:42:00,-0.6074766546109345
2019-08-10 12:45:00,-0.5352964534010312
2019-08-10 12:48:00,-0.3720554698466003
2019-08-10 12:51:00,-0.2095041794508461
2019-08-10 12:54:00,-0.3737677697341155
2019-08-10 12:57:00,-0.5489394379263217
2019-08-10 13:00:00,-0.40725496616340706
2019-08-10 13:03:00,-0.37720508727670676
2019-08-10 13:06:00,-0.3490000925656318
2019-08-10 13:09:00,-0.4616029918911977
2019-08-10 13:12:00,-0.42909852656407566
2019-08-10 13:15:00,-0.5014671739152163
2019-08-10 13:18:00,-0.368997924180519
2019-08-10 13:21:00,-0.34408192986740005
2019-08-10 13:24:00,-0.2794038630376008
2019-08-10 13:27:00,-0.5097389018762897
2019-08-10 13:30:00,-0.49910112468887746
2019-08-10 13:33:00,-0.36402318877975404
2019-08-10 13:36:00,-0.48888953073060293
2019-08-10 13:39:00,-0.5390541355167215
2019-08-10 13:42:00,-0.47189937141007476
2019-08-10 13:45:00,-0.3902243507285448
2019-08-10 13:48:00,-0.5317577638235775
2019-08-10 13:51:00,-0.29595937057735
2019-08-10 13:54:00,-0.569107758436644
2019-08-10 13:57:00,-0.4627446158802968
2019-08-10 14:00:00,-0.4582395223197864
2019-08-10 14:03:00,-0.4261696222698106
2019-08-10 14:06:00,-0.5647651531324982
2019-08-10 14:09:00,-0.48880882332565534
2019-08-10 14:12:00,-0.6022051356411566
2019-08-10 14:15:00,-0.5628701734121364
2019-08-10 14:18:00,-0.4068589141076018
2019-08-10 14:21:00,-0.4990004791840761
2019-08-10 14:24:00,-0.4827391311613951
2019-08-10 14:27:00,-0.5184469257278579
2019-08-10 14:30:00,-0.4868561633774675
2019-08-10 14:33:00,-0.43372308054620134
2019-08-10 14:36:00,-0.38778475874141805
2019-08-10 14:39:00,-0.4812280901718964
2019-08-10 14:42:00,-0.37366984453740315
2019-08-10 14:45:00,-0.527481889172293
2019-08-10 14:48:00,-0.49641263823133386
2019-08-10 14:51:00,-0.5613776001033557
2019-08-10 14:54:00,-0.6068562333693421
2019-08-10 14:57:00,-0.5396805142995049
2019-08-10 15:00:00,-0.5485458741373463
2019-08-10 15:03:00,-0.5939617066102301
2019-08-10 15:06:00,-0.510707691284324
2019-08-10 15:09:00,-0.5360901979152572
2019-08-10 15:12:00,-0.48447820793438723
2019-08-10 15:15:00,-0.4937620563371752
2019-08-10 15:18:00,-0.47207606205688535
2019-08-10 15:21:00,-0.4077803533923543
2019-08-10 15:24:00,-0.607051126723718
2019-08-10 15:27:00,-0.4578898962055291
2019-08-10 15:30:00,-0.5969033942824922
2019-08-10 15:33:00,-0.4446797279970838
2019-08-10 15:36:00,-0.5346721666847998
2019-08-10 15:39:00,-0.5267689100904249
2019-08-10 15:42:00,-0.3870624884192466
2019-08-10 15:45:00,-0.3798972954820101
2019-08-10 15:48:00,-0.3707176338266436
2019-08-10 15:51:00,-0.42600155967471665
2019-08-10 15:54:00,-0.47377616391952415
2019-08-10 15:57:00,-0.4804451715120308
2019-08-10 16:00:00,-0.331729974168411
2019-08-10 16:03:00,-0.4771675204345911
2019-08-10 16:06:00,-0.4282964130702567
2019-08-10 16:09:00,-0.4664044964150662
2019-08-10 16:12:00,-0.5094514723193129
2019-08-10 16:15:00,-0.4744131660834796
2019-08-10 16:18:00,-0.5059574168073482
2019-08-10 16:21:00,-0.6364485813685405
2019-08-10 16:24:00,-0.6098533242223425
2019-08-10 16:27:00,-0.5336863688589801
2019-08-10 16:30:00,-0.4107733418846351
2019-08-10 16:33:00,-0.4779800466865822
2019-08-10 16:36:00,-0.5450703289403123
2019-08-10 16:39:00,-0.6279088971924125
2019-08-10 16:42:00,-0.5044068961747143
2019-08-10 16:45:00,-0.5833888756819192
2019-08-10 16:48:00,-0.4985107743432309
2019-08-10 16:51:00,-0.5605208427269872
2019-08-10 16:54:00,-0.5863588576758048
2019-08-10 16:57:00,-0.4845371921639412
2019-08-10 17:00:00,-0.5704379884052173
2019-08-10 17:03:00,-0.40826464127047757
2019-08-10 17:06:00,-0.5154379411550849
2019-08-10 17:09:00,-0.5144381794446531
2019-08-10 17:12:00,-0.4796043991122474
2019-08-10 17:15:00,-0.5009818575952636
2019-08-10 17:18:00,-0.5096356738790178
2019-08-10 17:21:00,-0.5687062486014156
2019-08-10 17:24:00,-0.5199758433149668
2019-08-10 17:27:00,-0.5308590380911369
2019-08-10 17:30:00,-0.5278739590019086
2019-08-10 17:33:00,-0.5583373564701901
2019-08-10 17:36:00,-0.4411689144758384
2019-08-10 17:39:00,-0.4906229176240231
2019-08-10 17:42:00,-0.580307292625946
2019-08-10 17:45:00,-0.4840837018876982
2019-08-10 17:48:00,-0.40608272074950946
2019-08-10 17:51:00,-0.4891883409259776
2019-08-10 17:54:00,-0.3739364206633695
2019-08-10 17:57:00,-0.41733122109963006
2019-08-10 18:00:00,-0.41408186718433626
2019-08-10 18:03:00,-0.4962525303614598
2019-08-10 18:06:00,-0.47531567031228406
2019-08-10 18:09:00,-0.49446358870375207
2019-08-10 18:12:00,-0.4020240817476406
2019-08-10 18:15:00,-0.48118400047326304
2019-08-10 18:18:00,-0.47044277776666377
2019-08-10 18:21:00,-0.5085712716893909
2019-08-10 18:24:00,-0.48903358078121073
2019-08-10 18:27:00,-0.3930883919716166
2019-08-10 18:30:00,-0.3992566831220188
2019-08-10 18:33:00,-0.444564458844809
2019-08-10 18:36:00,-0.5000406594596143
2019-08-10 18:39:00,-0.44834256470858236
2019-08-10 18:42:00,-0.4545756083068113
2019-08-10 18:45:00,-0.44358593485480924
2019-08-10 18:48:00,-0.567028148495865
2019-08-10 18:51:00,-0.4828498927599867
2019-08-10 18:54:00,-0.42413938717817246
2019-08-10 18:57:00,
2019-08-10 19:00:00,
2019-08-10 19:03:00,-0.3023853537250716
2019-08-10 19:06:00,-0.3918115476958519
2019-08-10 19:09:00,-0.4886814231087442
2019-08-10 19:12:00,-0.4012092824194724
2019-08-10 19:15:00,-0.4296055650911512
2019-08-10 19:18:00,-0.3102816194722209
2019-08-10 19:21:00,-0.4434974075476248
2019-08-10 19:24:00,-0.3802948343719663
2019-08-10 19:27:00,-0.32749527317957927
2019-08-10 19:30:00,-0.3159374270101125
2019-08-10 19:33:00,-0.33820234520032955
2019-08-10 19:36:00,-0.33899017969486067
2019-08-10 19:39:00,-0.29720115824562754
2019-08-10 19:42:00,-0.2892404026284794
2019-08-10 19:45:00,-0.24849594343288572
2019-08-10 19:48:00,-0.3746340776751822
2019-08-10 19:51:00,-0.34213434032852774
2019-08-10 19:54:00,-0.41080288454395486
2019-08-10 19:57:00,-0.2873622796463451
2019-08-10 20:00:00,-0.293771787307719
2019-08-10 20:03:00,-0.2422606901785116
2019-08-10 20:06:00,-0.33494531731719235
2019-08-10 20:09:00,-0.341259095533303
2019-08-10 20:12:00,-0.289745857617163
2019-08-10 20:15:00,-0.383530680753438
2019-08-10 20:18:00,-0.33376822137910267
2019-08-10 20:21:00,-0.33006863783697327
2019-08-10 20:24:00,-0.3347951370903388
2019-08-10 20:27:00,-0.3224102302118581
2019-08-10 20:30:00,-0.3589713468027753
2019-08-10 20:33:00,-0.11915800915630825
2019-08-10 20:36:00,-0.1972972988265269
2019-08-10 20:39:00,-0.2481938960078196
2019-08-10 20:42:00,-0.23507451949438973
2019-08-10 20:45:00,-0.2280595931100038
2019-08-10 20:48:00,-0.2632297883415049
2019-08-10 20:51:00,-0.11643340431834304
2019-08-10 20:54:00,-0.2541701465383426
2019-08-10 20:57:00,-0.12936358769530898
2019-08-10 21:00:00,-0.17159429133153026
2019-08-10 21:03:00,-0.07484747748605969
2019-08-10 21:06:00,-0.14000181291100944
2019-08-10 21:09:00,-0.09863030011166529
2019-08-10 21:12:00,-0.014719148037897867
2019-08-10 21:15:00,-0.08477153085101463
2019-08-10 21:18:00,-0.10568569769418446
2019-08-10 21:21:00,-0.13537102904410858
2019-08-10 21:24:00,-0.04315328652921835
2019-08-10 21:27:00,-0.1692161799039127
2019-08-10 21:30:00,-0.16893550725723117
2019-08-10 21:33:00,-0.0064912751791439405
2019-08-10 21:36:00,-0.10443311384705112
2019-08-10 21:39:00,-0.17329838429270694
2019-08-10 21:42:00,-0.13344352800385195
2019-08-10 21:45:00,-0.11025681352907668
2019-08-10 21:48:00,-0.08607834662109326
2019-08-10 21:51:00,-0.09203116051224924
2019-08-10 21:54:00,-0.10686452848017325
2019-08-10 21:57:00,-0.13569556005484174
2019-08-10 22:00:00,-0.16572164465071637
2019-08-10 22:03:00,0.017223860944625358
2019-08-10 22:06:00,-0.02092810634178477
2019-08-10 22:09:00,-0.06261395187010521
2019-08-10 22:12:00,-0.0789328388245849
2019-08-10 22:15:00,-0.14470649396980662
2019-08-10 22:18:00,-0.16464353598382786
2019-08-10 22:21:00,-0.11680509626319235
2019-08-10 22:24:00,-0.13305839177354528
2019-08-10 22:27:00,-0.042605900196974744
2019-08-10 22:30:00,-0.08028728302446098
2019-08-10 22:33:00,-0.13622294881241714
2019-08-10 22:36:00,-0.09092742036284562
2019-08-10 22:39:00,-0.05407812726650718
2019-08-10 22:42:00,-0.2237126332574917
2019-08-10 22:45:00,-0.21917426048457855
2019-08-10 22:48:00,-0.09870393337632777
2019-08-10 22:51:00,-0.19288464839740982
2019-08-10 22:54:00,-0.14542201403520494
2019-08-10 22:57:00,-0.11633067918086226
2019-08-10 23:00:00,-0.053478294974866
2019-08-10 23:03:00,-0.16771799382263453
2019-08-10 23:06:00,-0.13879038264315113
2019-08-10 23:09:00,-0.1077689303761531
2019-08-10 23:12:00,-0.1697727554488324
2019-08-10 23:15:00,-0.1367454018622425
2019-08-10 23:18:00,-0.15022301180977138
2019-08-10 23:21:00,-0.11178787507736843
2019-08-10 23:24:00,-0.1597886979512282
2019-08-10 23:27:00,-0.06068116680688718
2019-08-10 23:30:00,-0.05759220617392202
2019-08-10 23:33:00,-0.13122711373841867
2019-08-10 23:36:00,-0.08961074316897566
2019-08-10 23:39:00,-0.046277452156346044
2019-08-10 23:42:00,0.08726888399854715
2019-08-10 23:45:00,0.03409638765049294
2019-08-10 23:48:00,-0.07125087049587364
2019-08-10 23:51:00,0.0762009730316322
2019-08-10 23:54:00,-0.02246915195485144
2019-08-10 23:57:00,-0.02465115652461236
2019-08-11 00:00:00,-0.07250042452653815
2019-08-11 00:03:00,-0.03267256609240121
2019-08-11 00:06:00,0.0023779112418651493
2019-08-11 00:09:00,0.016961086219737354
2019-08-11 00:12:00,0.016999424829691634
2019-08-11 00:15:00,-0.07379627159798474
2019-08-11 00:18:00,-0.0917307866591841
2019-08-11 00:21:00,0.06929562403939826
2019-08-11 00:24:00,-0.03080284940290312
2019-08-11 00:27:00,0.010423434774281759
2019-08-11 00:30:00,0.0033006460254796366
2019-08-11 00:33:00,0.007146506373203465
2019-08-11 00:36:00,-0.06007645726373312
2019-08-11 00:39:00,-0.009204809688071691
2019-08-11 00:42:00,0.04957526923948308
2019-08-11 00:45:00,-0.04621631271709248
2019-08-11 00:48:00,-0.05984336710747584
2019-08-11 00:51:00,-0.012606181590626875
2019-08-11 00:54:00,0.02584385798661515
2019-08-11 00:57:00,-0.03415162521190496
2019-08-11 01:00:00,0.07257715763199712
2019-08-11 01:03:00,-0.009518533826508246
2019-08-11 01:06:00,-0.010021020479371145
2019-08-11 01:09:00,-0.007237283970539465
2019-08-11 01:12:00,-0.04619959307274257
2019-08-11 01:15:00,-0.00762193458189131
2019-08-11 01:18:00,0.05529348198632533
2019-08-11 01:21:00,-0.008490184504466924
2019-08-11 01:24:00,-0.06698210837959095
2019-08-11 01:27:00,0.006736409593600001
2019-08-11 01:30:00,0.015657731612463976
2019-08-11 01:33:00,-0.020671949116149335
2019-08-11 01:36:00,-0.06557381107268156
2019-08-11 01:39:00,-0.06735012882774072
2019-08-11 01:42:00,0.04738214571665367
2019-08-11 01:45:00,-0.002629806927984646
2019-08-11 01:48:00,-0.15669334598635487
2019-08-11 01:51:00,-0.08136687886553773
2019-08-11 01:54:00,-0.040751052113023434
2019-08-11 01:57:00,0.004275164295791001
2019-08-11 02:00:00,-0.0640613399628478
2019-08-11 02:03:00,0.038275149720902846
2019-08-11 02:06:00,-0.041312043375398844
2019-08-11 02:09:00,0.006143418499220843
2019-08-11 02:12:00,0.02763694265479444
2019-08-11 02:15:00,0.008293390806045409
2019-08-11 02:18:00,-0.006242051868753151
2019-08-11 02:21:00,0.057437747411142936
2019-08-11 02:24:00,0.10044527924208069
2019-08-11 02:27:00,0.06098961898067046
2019-08-11 02:30:00,0.013256480202926468
2019-08-11 02:33:00,0.1370688022348645
2019-08-11 02:36:00,0.15296871542307144
2019-08-11 02:39:00,0.0750716427527891
2019-08-11 02:42:00,0.12209265241972389
2019-08-11 02:45:00,0.06668214321399546
2019-08-11 02:48:00,0.01654394041213436
2019-08-11 02:51:00,0.12395745942603753
2019-08-11 02:54:00,0.08275973657390523
2019-08-11 02:57:00,0.07839643667949758
2019-08-11 03:00:00,0.05321306660312075
2019-08-11 03:03:00,-0.009583089747877693
2019-08-11 03:06:00,0.004582041850426322
2019-08-11 03:09:00,0.03816790952140536
2019-08-11 03:12:00,0.026513869257883016
2019-08-11 03:15:00,0.023015873705446666
2019-08-11 03:18:00,-0.041018047310160455
2019-08-11 03:21:00,-0.06195192908148783
2019-08-11 03:24:00,0.08679265738481945
2019-08-11 03:27:00,-0.048354767233604434
2019-08-11 03:30:00,0.021772715084125593
2019-08-11 03:33:00,-0.07129956022254191
2019-08-11 03:36:00,-0.049626563061451634
2019-08-11 03:39:00,0.047558404657479514
2019-08-11 03:42:00,-0.002589857688462871
2019-08-11 03:45:00,0.029600841951037182
2019-08-11 03:48:00,-0.0003011612143382081
2019-08-11 03:51:00,0.04571434050433254
2019-08-11 03:54:00,-0.0027611799215492283
2019-08-11 03:57:00,-0.09433432899049876
2019-08-11 04:00:00,-0.04878234163192019
2019-08-11 04:03:00,-0.05283269283933123
2019-08-11 04:06:00,-0.07794781842756038
2019-08-11 04:09:00,-0.1123476993669783
2019-08-11 04:12:00,-0.0626556104739393
2019-08-11 04:15:00,-0.006127675986761005
2019-08-11 04:18:00,-0.014025733785842931
2019-08-11 04:21:00,-0.025418543587306885
2019-08-11 04:24:00,-0.032329005450037585
2019-08-11 04:27:00,-0.15070325640425608
2019-08-11 04:30:00,-0.05191685726947526
2019-08-11 04:33:00,-0.14730922740631058
2019-08-11 04:36:00,-0.046399123471815074
2019-08-11 04:39:00,-0.04108834093869973
2019-08-11 04:42:00,0.003960412176184036
2019-08-11 04:45:00,-0.018307678677615513
2019-08-11 04:48:00,-0.06132721877742142
2019-08-11 04:51:00,-0.06155835115254149
2019-08-11 04:54:00,0.0008430800349401579
2019-08-11 04:57:00,0.0025903541291540932
2019-08-11 05:00:00,-0.05102187787394996
2019-08-11 05:03:00,0.009168614544194043
2019-08-11 05:06:00,0.041927122623121704
2019-08-11 05:09:00,-0.03898084669583568
2019-08-11 05:12:00,-0.03885749862024568
2019-08-11 05:15:00,-0.07520877067105403
2019-08-11 05:18:00,-0.019797237240538834
2019-08-11 05:21:00,-0.012669767532031528
2019-08-11 05:24:00,-0.05670081658303161
2019-08-11 05:27:00,-0.09458822878389128
2019-08-11 05:30:00,0.034990829763160036
2019-08-11 05:33:00,0.014871928227478293
2019-08-11 05:36:00,0.03388522435034247
2019-08-11 05:39:00,0.002155101598418696
2019-08-11 05:42:00,0.03195979541050065
2019-08-11 05:45:00,0.0979001356529352
2019-08-11 05:48:00,-0.01453567936488298
2019-08-11 05:51:00,-0.012812803095982872
2019-08-11 05:54:00,0.0687485512083299
2019-08-11 05:57:00,0.022839360959608257
2019-08-11 06:00:00,0.1485978511134931
2019-08-11 06:03:00,0.007975962742364118
2019-08-11 06:06:00,0.01070963915634593
2019-08-11 06:09:00,0.02204673237326915
2019-08-11 06:12:00,0.007954937198690004
2019-08-11 06:15:00,0.049557586730031744
2019-08-11 06:18:00,0.009973768305201247
2019-08-11 06:21:00,0.029592796696476853
2019-08-11 06:24:00,0.09440476771021622
2019-08-11 06:27:00,0.13455523501090738
2019-08-11 06:30:00,-0.002085384146312208
2019-08-11 06:33:00,0.09246244154360284
2019-08-11 06:36:00,0.11899948791233328
2019-08-11 06:39:00,0.12598114769946278
2019-08-11 06:42:00,0.21723876395594743
2019-08-11 06:45:00,0.08304658383332253
2019-08-11 06:48:00,0.10298070002488657
2019-08-11 06:51:00,0.09628435507073618
2019-08-11 06:54:00,0.12157806278861472
2019-08-11 06:57:00,0.10028227210636942
2019-08-11 07:00:00,0.08643711926430342
2019-08-11 07:03:00,0.10654389920114227
2019-08-11 07:06:00,0.09748451512928114
2019-08-11 07:09:00,0.06763907108188505
2019-08-11 07:12:00,0.11407329765330587
2019-08-11 07:15:00,0.15753566664966456
2019-08-11 07:18:00,0.19610002888850886
2019-08-11 07:21:00,0.18827665201933996
2019-08-11 07:24:00,0.07017761528840083
2019-08-11 07:27:00,0.055752188231736
2019-08-11 07:30:00,-0.010438269040548676
2019-08-11 07:33:00,0.10996308326770077
2019-08-11 07:36:00,0.02256813082925646
2019-08-11 07:39:00,0.053248875329927614
2019-08-11 07:42:00,0.003832236846960768
2019-08-11 07:45:00,0.10224167077905122
2019-08-11 07:48:00,0.0880454047104422
2019-08-11 07:51:00,0.049913618271375526
2019-08-11 07:54:00,0.1271581632389598
2019-08-11 07:57:00,0.17835992853207472
2019-08-11 08:00:00,0.05614416993057603
2019-08-11 08:03:00,0.1385586152845235
2019-08-11 08:06:00,0.11303516727707574
2019-08-11 08:09:00,0.12356256554033962
2019-08-11 08:12:00,-0.004073646458834901
2019-08-11 08:15:00,0.010726371555563219
2019-08-11 08:18:00,0.09916558880314597
2019-08-11 08:21:00,0.02158557427952701
2019-08-11 08:24:00,-0.03273648179361999
2019-08-11 08:27:00,0.09082338013246272
2019-08-11 08:30:00,0.032266757667912316
2019-08-11 08:33:00,0.05770753764318215
2019-08-11 08:36:00,0.016586324715490264
2019-08-11 08:39:00,0.061441768174347544
2019-08-11 08:42:00,0.02390116501214834
2019-08-11 08:45:00,-0.05030124152472126
2019-08-11 08:48:00,0.03033059551336237
2019-08-11 08:51:00,-0.0119635964155691
2019-08-11 08:54:00,-0.01799008405390623
2019-08-11 08:57:00,-0.026157256190003864
2019-08-11 09:00:00,-0.029314743862244086
2019-08-11 09:03:00,-0.07189522483361088
2019-08-11 09:06:00,-0.044495662514407286
2019-08-11 09:09:00,-0.11595137474216699
2019-08-11 09:12:00,-0.15594119046556898
2019-08-11 09:15:00,-0.17067733590209855
2019-08-11 09:18:00,-0.08474209630327323
2019-08-11 09:21:00,-0.05683341197567415
2019-08-11 09:24:00,0.026275448040735228
2019-08-11 09:27:00,-0.1713719469383932
2019-08-11 09:30:00,-0.24391055659930316
2019-08-11 09:33:00,-0.07909990133765632
2019-08-11 09:36:00,-0.14452349958901323
2019-08-11 09:39:00,-0.14315376970893112
2019-08-11 09:42:00,-0.24729902420057215
2019-08-11 09:45:00,-0.20115907553025636
2019-08-11 09:48:00,-0.23607466892485718
2019-08-11 09:51:00,-0.28457001254076886
2019-08-11 09:54:00,-0.19760584271318749
2019-08-11 09:57:00,-0.24997537567833206
2019-08-11 10:00:00,-0.3075092381037621
2019-08-11 10:03:00,-0.29017327426953443
2019-08-11 10:06:00,-0.19511353541298604
2019-08-11 10:09:00,-0.33244893112896534
2019-08-11 10:12:00,-0.3968910122953275
2019-08-11 10:15:00,-0.44811986009409566
2019-08-11 10:18:00,-0.2786855497212173
2019-08-11 10:21:00,-0.409058447707082
2019-08-11 10:24:00,-0.4015769237698237
2019-08-11 10:27:00,-0.4670390960983468
2019-08-11 10:30:00,-0.3683286335920002
2019-08-11 10:33:00,-0.3488764009574652
2019-08-11 10:36:00,-0.38623733658442916
2019-08-11 10:39:00,-0.3747361397949476
2019-08-11 10:42:00,-0.2722632398307496
2019-08-11 10:45:00,-0.33670474964833375
2019-08-11 10:48:00,-0.3684124562832949
2019-08-11 10:51:00,-0.38411282809323666
2019-08-11 10:54:00,-0.3535162133910603
2019-08-11 10:57:00,-0.37324437758405793
2019-08-11 11:00:00,-0.40675566101907634
2019-08-11 11:03:00,-0.4867779421095406
2019-08-11 11:06:00,-0.552772949323753
2019-08-11 11:09:00,-0.5045320659891104
2019-08-11 11:12:00,-0.4534265179945578
2019-08-11 11:15:00,-0.41144381245123895
2019-08-11 11:18:00,-0.5021042219529477
2019-08-11 11:21:00,-0.4221989569205107
2019-08-11 11:24:00,-0.5078445093158166
2019-08-11 11:27:00,-0.4023357111972814
2019-08-11 11:30:00,-0.42948996210975565
2019-08-11 11:33:00,-0.5506552109583822
2019-08-11 11:36:00,-0.460602789641257
2019-08-11 11:39:00,-0.4203796804463309
2019-08-11 11:42:00,-0.43370794002703406
2019-08-11 11:45:00,-0.6075228546873745
2019-08-11 11:48:00,-0.4816380042628907
2019-08-11 11:51:00,-0.5121583596254027
2019-08-11 11:54:00,-0.5495764430748409
2019-08-11 11:57:00,-0.4708859118373425
2019-08-11 12:00:00,-0.32031089473946395
2019-08-11 12:03:00,-0.35330567434738214
2019-08-11 12:06:00,-0.3353615175562368
2019-08-11 12:09:00,-0.39111084558078346
2019-08-11 12:12:00,-0.4924131285053477
2019-08-11 12:15:00,-0.34153438746488973
2019-08-11 12:18:00,-0.36298907393171476
2019-08-11 12:21:00,-0.3353866004663928
2019-08-11 12:24:00,-0.3397997243320674
2019-08-11 12:27:00,-0.4189661117997616
2019-08-11 12:30:00,-0.22008683123812034
2019-08-11 12:33:00,-0.3131960012617583
2019-08-11 12:36:00,-0.2670698477315341
2019-08-11 12:39:00,-0.3347413334853968
2019-08-11 12:42:00,-0.2981168289416587
2019-08-11 12:45:00,-0.29784501234274785
2019-08-11 12:48:00,-0.3084560477864784
2019-08-11 12:51:00,-0.39164351340156145
2019-08-11 12:54:00,-0.2639684546615513
2019-08-11 12:57:00,-0.3442554355530092
2019-08-11 13:00:00,-0.3142028254908382
2019-08-11 13:03:00,-0.32981557341543066
2019-08-11 13:06:00,-0.23338709509374667
2019-08-11 13:09:00,-0.44940271067758886
2019-08-11 13:12:00,-0.38298487475259435
2019-08-11 13:15:00,-0.41506116272569216
2019-08-11 13:18:00,-0.3284448425724804
2019-08-11 13:21:00,-0.21482991687901176
2019-08-11 13:24:00,-0.07079538908772065
2019-08-11 13:27:00,-0.34287425585125675
2019-08-11 13:30:00,-0.13137246844314632
2019-08-11 13:33:00,-0.3639260050757116
2019-08-11 13:36:00,-0.4119473077942075
2019-08-11 13:39:00,-0.48092646206140444
2019-08-11 13:42:00,-0.4622249771720135
2019-08-11 13:45:00,-0.3504685865514716
2019-08-11 13:48:00,-0.4165318411912722
2019-08-11 13:51:00,-0.4090393968067474
2019-08-11 13:54:00,-0.3533384028667115
2019-08-11 13:57:00,-0.4494462432430737
2019-08-11 14:00:00,-0.5744356531776589
2019-08-11 14:03:00,-0.5153524031165944
2019-08-11 14:06:00,-0.3872954038591274
2019-08-11 14:09:00,-0.6116399718692378
2019-08-11 14:12:00,-0.40892069017849053
2019-08-11 14:15:00,-0.5172738847021492
2019-08-11 14:18:00,-0.41327702445386194
2019-08-11 14:21:00,-0.527162313429244
2019-08-11 14:24:00,-0.3270812805023411
2019-08-11 14:27:00,-0.3951931328332421
2019-08-11 14:30:00,-0.3460956342494228
2019-08-11 14:33:00,-0.5623314678097131
2019-08-11 14:36:00,-0.5741886170936255
2019-08-11 14:39:00,-0.5414163495677826
2019-08-11 14:42:00,-0.5209827405760166
2019-08-11 14:45:00,-0.6126060098958419
2019-08-11 14:48:00,-0.6262688659936089
2019-08-11 14:51:00,-0.6136655846762551
2019-08-11 14:54:00,-0.6949024507636636
2019-08-11 14:57:00,-0.5965126514069539
2019-08-11 15:00:00,-0.5714568192399838
2019-08-11 15:03:00,-0.49085588841091976
2019-08-11 15:06:00,-0.5373887937225277
2019-08-11 15:09:00,-0.5700056026676634
2019-08-11 15:12:00,-0.5435431483980437
2019-08-11 15:15:00,-0.5308550677911512
2019-08-11 15:18:00,-0.5074567211031535
2019-08-11 15:21:00,-0.5755584960892861
2019-08-11 15:24:00,-0.6594914807050145
2019-08-11 15:27:00,-0.676691583988088
2019-08-11 15:30:00,-0.631088893135825
2019-08-11 15:33:00,-0.6778019073935866
2019-08-11 15:36:00,-0.5879926074308628
2019-08-11 15:39:00,-0.6561011181033791
2019-08-11 15:42:00,-0.6130574355418048
2019-08-11 15:45:00,-0.5671815397309956
2019-08-11 15:48:00,-0.6928035773053125
2019-08-11 15:51:00,-0.6737077176763933
2019-08-11 15:54:00,-0.46835299522894047
2019-08-11 15:57:00,-0.5221058401368168
2019-08-11 16:00:00,-0.47355897229073207
2019-08-11 16:03:00,-0.566126762684803
2019-08-11 16:06:00,-0.6296608453405952
2019-08-11 16:09:00,-0.5020548882664002
2019-08-11 16:12:00,-0.6643475975449746
2019-08-11 16:15:00,-0.6352610015330811
2019-08-11 16:18:00,-0.5749828266149848
2019-08-11 16:21:00,-0.44983572031657104
2019-08-11 16:24:00,-0.37284694579074085
2019-08-11 16:27:00,-0.3040122235260583
2019-08-11 16:30:00,-0.30503873980626395
2019-08-11 16:33:00,-0.29620296454135087
2019-08-11 16:36:00,-0.4255768202273771
2019-08-11 16:39:00,-0.53459393345031
2019-08-11 16:42:00,-0.5623259754010519
2019-08-11 16:45:00,-0.6176218081211573
2019-08-11 16:48:00,-0.4768519181045008
2019-08-11 16:51:00,-0.5639602016499907
2019-08-11 16:54:00,-0.5052027650932018
2019-08-11 16:57:00,-0.3989359991563788
2019-08-11 17:00:00,-0.6018960670557476
2019-08-11 17:03:00,-0.5698766426007751
2019-08-11 17:06:00,-0.5181083005064124
2019-08-11 17:09:00,-0.578161834243474
2019-08-11 17:12:00,-0.5187244327283906
2019-08-11 17:15:00,-0.4412352413041276
2019-08-11 17:18:00,-0.4960966986032531
2019-08-11 17:21:00,-0.4251230805526802
2019-08-11 17:24:00,-0.5737623002847272
2019-08-11 17:27:00,-0.6079010820122903
2019-08-11 17:30:00,-0.5024222965510035
2019-08-11 17:33:00,-0.5534432358259664
2019-08-11 17:36:00,-0.4320951928983163
2019-08-11 17:39:00,-0.3951400531979061
2019-08-11 17:42:00,-0.4271471547758665
2019-08-11 17:45:00,-0.48093604558295056
2019-08-11 17:48:00,-0.35275649995207914
2019-08-11 17:51:00,-0.4785071784939987
2019-08-11 17:54:00,-0.45279788566108436
2019-08-11 17:57:00,-0.4401883766294077
2019-08-11 18:00:00,-0.4422793555413591
2019-08-11 18:03:00,-0.4187253990113504
2019-08-11 18:06:00,-0.31927010221818364
2019-08-11 18:09:00,-0.3429325608676663
2019-08-11 18:12:00,-0.31841267399579465
2019-08-11 18:15:00,-0.259948901118662
2019-08-11 18:18:00,-0.3265095096417099
2019-08-11 18:21:00,-0.3496520950610602
2019-08-11 18:24:00,-0.3778821681856357
2019-08-11 18:27:00,-0.30217423602687177
2019-08-11 18:30:00,-0.27523309318036127
2019-08-11 18:33:00,-0.29454750959445164
2019-08-11 18:36:00,-0.25033735505138566
2019-08-11 18:39:00,-0.3933788887313767
2019-08-11 18:42:00,-0.38496669664726824
2019-08-11 18:45:00,-0.3044474943981754
2019-08-11 18:48:00,-0.3298858741543427
2019-08-11 18:51:00,-0.3890931939063762
2019-08-11 18:54:00,
2019-08-11 18:57:00,
2019-08-11 19:00:00,
2019-08-11 19:03:00,-0.28572746428551454
2019-08-11 19:06:00,-0.3087001682540631
2019-08-11 19:09:00,-0.2618547372574085
2019-08-11 19:12:00,-0.2729737112444468
2019-08-11 19:15:00,-0.20825608608254242
2019-08-11 19:18:00,-0.2604123116425967
2019-08-11 19:21:00,-0.13863651230286678
2019-08-11 19:24:00,-0.21716857880477392
2019-08-11 19:27:00,-0.18279556411624753
2019-08-11 19:30:00,-0.20893088082823397
2019-08-11 19:33:00,-0.0980476172956628
2019-08-11 19:36:00,-0.16287556243361223
2019-08-11 19:39:00,-0.1855834796260183
2019-08-11 19:42:00,-0.12260586314710054
2019-08-11 19:45:00,-0.1552167804528608
2019-08-11 19:48:00,-0.14621220552669456
2019-08-11 19:51:00,-0.1279091662462406
2019-08-11 19:54:00,-0.18277199987079484
2019-08-11 19:57:00,-0.2108355891825795
2019-08-11 20:00:00,-0.07208816264147799
2019-08-11 20:03:00,-0.14883134099977724
2019-08-11 20:06:00,-0.03759865389173456
2019-08-11 20:09:00,-0.0724637072375458
2019-08-11 20:12:00,-0.1538289618636668
2019-08-11 20:15:00,-0.20853600241440517
2019-08-11 20:18:00,-0.08776044550381812
2019-08-11 20:21:00,-0.16712045818303523
2019-08-11 20:24:00,-0.12936394213642188
2019-08-11 20:27:00,0.009426760129201739
2019-08-11 20:30:00,-0.07726517411168743
2019-08-11 20:33:00,-0.2000527954780864
2019-08-11 20:36:00,-0.20240137702631955
2019-08-11 20:39:00,-0.27173104691740946
2019-08-11 20:42:00,-0.26534651099450457
2019-08-11 20:45:00,-0.1722047310565813
2019-08-11 20:48:00,-0.2593021874076271
2019-08-11 20:51:00,-0.22227891789123078
2019-08-11 20:54:00,-0.31987588860130245
2019-08-11 20:57:00,-0.2720490677531302
2019-08-11 21:00:00,-0.23834264305213537
2019-08-11 21:03:00,-0.31973870424491224
2019-08-11 21:06:00,-0.15522537600821806
2019-08-11 21:09:00,-0.20163218858982646
2019-08-11 21:12:00,-0.113516569441515
2019-08-11 21:15:00,-0.07002999088769002
2019-08-11 21:18:00,-0.25352417428621266
2019-08-11 21:21:00,-0.12434654672682655
2019-08-11 21:24:00,-0.14001094114786383
2019-08-11 21:27:00,-0.07047091888682644
2019-08-11 21:30:00,-0.19144385224211646
2019-08-11 21:33:00,-0.1733534420691285
2019-08-11 21:36:00,-0.18944314826740083
2019-08-11 21:39:00,-0.20359020077756895
2019-08-11 21:42:00,-0.1905711974748101
2019-08-11 21:45:00,-0.07252049450585218
2019-08-11 21:48:00,-0.0917084517350304
2019-08-11 21:51:00,-0.1364042586272376
2019-08-11 21:54:00,-0.132327062306274
2019-08-11 21:57:00,-0.016133105634537515
2019-08-11 22:00:00,-0.16354474303517463
2019-08-11 22:03:00,-0.05811040341535545
2019-08-11 22:06:00,-0.08426656344732919
2019-08-11 22:09:00,-0.09327576499714496
2019-08-11 22:12:00,-0.11980205041453473
2019-08-11 22:15:00,-0.095276619024105
2019-08-11 22:18:00,-0.05373128341011579
2019-08-11 22:21:00,-0.11923894135003366
2019-08-11 22:24:00,-0.10861621320225368
2019-08-11 22:27:00,-0.1918651231385411
2019-08-11 22:30:00,-0.0597997507470609
2019-08-11 22:33:00,-0.0850717546463784
2019-08-11 22:36:00,-0.17791403115518278
2019-08-11 22:39:00,-0.009632377690707017
2019-08-11 22:42:00,-0.11992804130602508
2019-08-11 22:45:00,-0.06080537435860833
2019-08-11 22:48:00,-0.1857727674272951
2019-08-11 22:51:00,-0.09276851322130142
2019-08-11 22:54:00,-0.08716892023278433
2019-08-11 22:57:00,-0.13738813005801376
2019-08-11 23:00:00,-0.0894503776069655
2019-08-11 23:03:00,-0.1174788046764661
2019-08-11 23:06:00,-0.16607332127216523
2019-08-11 23:09:00,-0.053338820757289795
2019-08-11 23:12:00,-0.12137433328592806
2019-08-11 23:15:00,-0.03410042835008653
2019-08-11 23:18:00,-0.12831910510209354
2019-08-11 23:21:00,0.026055605173780805
2019-08-11 23:24:00,-0.11512330144989846
2019-08-11 23:27:00,-0.007350817061592352
2019-08-11 23:30:00,-0.14242892335408897
2019-08-11 23:33:00,-0.057072883481225745
2019-08-11 23:36:00,-0.08459638131074598
2019-08-11 23:39:00,-0.09505226933987387
2019-08-11 23:42:00,-0.05563617070180271
2019-08-11 23:45:00,-0.09452270957535802
2019-08-11 23:48:00,-0.0834275392888344
2019-08-11 23:51:00,-0.054297137792730155
2019-08-11 23:54:00,-0.029405441475034877
2019-08-11 23:57:00,-0.0556599302923928
2019-08-12 00:00:00,-0.1379072934219039
2019-08-12 00:03:00,-0.020229879886642266
2019-08-12 00:06:00,-0.021720722557518002
2019-08-12 00:09:00,0.06463348488739484
2019-08-12 00:12:00,0.031977529112111824
2019-08-12 00:15:00,0.056536116712607054
2019-08-12 00:18:00,0.057792578868998135
2019-08-12 00:21:00,-0.02076361749499256
2019-08-12 00:24:00,-0.032800614113682514
2019-08-12 00:27:00,0.08193649556068294
2019-08-12 00:30:00,-0.036387841079488226
2019-08-12 00:33:00,-0.19037199000712235
2019-08-12 00:36:00,-0.04702506520845873
2019-08-12 00:39:00,-0.11895602180851483
2019-08-12 00:42:00,-0.03708342532723918
2019-08-12 00:45:00,-0.1400271575847114
2019-08-12 00:48:00,-0.04328738924618847
2019-08-12 00:51:00,0.013982321740968473
2019-08-12 00:54:00,0.054150908979579526
2019-08-12 00:57:00,-0.011234764300922961
2019-08-12 01:00:00,0.07369378114844949
2019-08-12 01:03:00,-0.00915348554309503
2019-08-12 01:06:00,0.033334898127066026
2019-08-12 01:09:00,0.0487488593296348
2019-08-12 01:12:00,0.0708131937551002
2019-08-12 01:15:00,-0.02315646590528786
2019-08-12 01:18:00,-0.03183476375045302
2019-08-12 01:21:00,0.01935694380961195
2019-08-12 01:24:00,0.05113326429039944
2019-08-12 01:27:00,0.053188496382119865
2019-08-12 01:30:00,0.003525118914524228
2019-08-12 01:33:00,-0.03613219704823223
2019-08-12 01:36:00,0.04065597324489545
2019-08-12 01:39:00,0.030566810728828386
2019-08-12 01:42:00,0.1383093823036461
2019-08-12 01:45:00,0.05748282881080513
2019-08-12 01:48:00,0.17498950508178268
2019-08-12 01:51:00,0.03624986514898865
2019-08-12 01:54:00,0.02729791505527146
2019-08-12 01:57:00,0.08955931088291891
2019-08-12 02:00:00,0.07384953090456747
2019-08-12 02:03:00,0.22264376801808794
2019-08-12 02:06:00,-0.012990501260674137
2019-08-12 02:09:00,0.016681868465070693
2019-08-12 02:12:00,0.0680918163370734
2019-08-12 02:15:00,0.033488542020165823
2019-08-12 02:18:00,0.1260787927787419
2019-08-12 02:21:00,0.08428131878861223
2019-08-12 02:24:00,0.06807322992136733
2019-08-12 02:27:00,0.16266287672817725
2019-08-12 02:30:00,-0.04341782241345982
2019-08-12 02:33:00,0.02655534201625187
2019-08-12 02:36:00,0.02155773569000985
2019-08-12 02:39:00,0.001982215125451603
2019-08-12 02:42:00,0.12040721195552351
2019-08-12 02:45:00,0.0759421619997056
2019-08-12 02:48:00,0.07569771082603438
2019-08-12 02:51:00,0.03892608178620094
2019-08-12 02:54:00,0.02281253526734872
2019-08-12 02:57:00,0.12073615891722511
2019-08-12 03:00:00,0.033485044502583605
2019-08-12 03:03:00,0.128585797895596
2019-08-12 03:06:00,0.11529799948897335
2019-08-12 03:09:00,0.10066544994106152
2019-08-12 03:12:00,0.17373693806479196
2019-08-12 03:15:00,0.07017651405419656
2019-08-12 03:18:00,0.15658715171099402
2019-08-12 03:21:00,0.16906757725513444
2019-08-12 03:24:00,0.1648934719713111
2019-08-12 03:27:00,0.1913700623852037
2019-08-12 03:30:00,0.15904778428449617
2019-08-12 03:33:00,0.18472429230519083
2019-08-12 03:36:00,0.26996569760297007
2019-08-12 03:39:00,0.140006766119825
2019-08-12 03:42:00,0.22817820212071638
2019-08-12 03:45:00,0.12557039506498313
2019-08-12 03:48:00,0.05250082295185621
2019-08-12 03:51:00,0.12054545407022488
2019-08-12 03:54:00,0.16355508807117758
2019-08-12 03:57:00,0.11899894782629872
2019-08-12 04:00:00,0.11723235089101536
2019-08-12 04:03:00,0.1782255684004781
2019-08-12 04:06:00,0.06087370873018472
2019-08-12 04:09:00,0.19497940554219895
2019-08-12 04:12:00,0.04733164778878063
2019-08-12 04:15:00,0.1296332333924397
2019-08-12 04:18:00,0.14107939485728593
2019-08-12 04:21:00,0.17031184197765015
2019-08-12 04:24:00,0.14024493651265857
2019-08-12 04:27:00,0.18434859518771418
2019-08-12 04:30:00,0.15250161713873922
2019-08-12 04:33:00,0.09990431849979586
2019-08-12 04:36:00,0.16038360427484122
2019-08-12 04:39:00,0.1503352504414579
2019-08-12 04:42:00,0.08081578690070046
2019-08-12 04:45:00,0.25003779568942264
2019-08-12 04:48:00,0.03330504894711339
2019-08-12 04:51:00,0.17152390614114665
2019-08-12 04:54:00,0.15865069407863075
2019-08-12 04:57:00,0.25058361183158695
2019-08-12 05:00:00,0.1600662105123547
2019-08-12 05:03:00,0.13777603037254949
2019-08-12 05:06:00,0.2324458335934878
2019-08-12 05:09:00,0.10890164612806075
2019-08-12 05:12:00,0.13623501383290204
2019-08-12 05:15:00,0.1402635846703788
2019-08-12 05:18:00,0.17232649672286016
2019-08-12 05:21:00,0.14228506313679645
2019-08-12 05:24:00,0.14854186167121952
2019-08-12 05:27:00,0.16424772272415566
2019-08-12 05:30:00,0.17936401168805105
2019-08-12 05:33:00,0.1815826494466819
2019-08-12 05:36:00,0.17016751405287778
2019-08-12 05:39:00,0.21794021344254588
2019-08-12 05:42:00,0.21939931122921053
2019-08-12 05:45:00,0.2652046614146002
2019-08-12 05:48:00,0.2725440980973417
2019-08-12 05:51:00,0.28548818658339314
2019-08-12 05:54:00,0.25688521209281134
2019-08-12 05:57:00,0.3441776228381741
2019-08-12 06:00:00,0.354369534841112
2019-08-12 06:03:00,0.3280750561040122
2019-08-12 06:06:00,0.32814178364702684
2019-08-12 06:09:00,0.33356496371186495
2019-08-12 06:12:00,0.2711755836639327
2019-08-12 06:15:00,0.2649642277794442
2019-08-12 06:18:00,0.1961237705337453
2019-08-12 06:21:00,0.21848658291776246
2019-08-12 06:24:00,0.27124911345748615
2019-08-12 06:27:00,0.2843839190532549
2019-08-12 06:30:00,0.20367044618450336
2019-08-12 06:33:00,0.17416940471980524
2019-08-12 06:36:00,0.20249588579724787
2019-08-12 06:39:00,0.26896016645827103
2019-08-12 06:42:00,0.2368683913295513
2019-08-12 06:45:00,0.2578935559498632
2019-08-12 06:48:00,0.29026950482398206
2019-08-12 06:51:00,0.23619588118077672
2019-08-12 06:54:00,0.23454747697672929
2019-08-12 06:57:00,0.30563302539087545
2019-08-12 07:00:00,0.2667086985332503
2019-08-12 07:03:00,0.34533327478919773
2019-08-12 07:06:00,0.256227983410497
2019-08-12 07:09:00,0.1877168944558889
2019-08-12 07:12:00,0.3609200284787448
2019-08-12 07:15:00,0.30332424807954794
2019-08-12 07:18:00,0.29412265048921427
2019-08-12 07:21:00,0.32195280522807934
2019-08-12 07:24:00,0.29311319980303097
2019-08-12 07:27:00,0.3106666767727688
2019-08-12 07:30:00,0.3103894900991122
2019-08-12 07:33:00,0.21622166757026662
2019-08-12 07:36:00,0.22178217756879803
2019-08-12 07:39:00,0.18962739435733056
2019-08-12 07:42:00,0.2848855856553314
2019-08-12 07:45:00,0.29464866785502863
2019-08-12 07:48:00,0.21361654115105466
2019-08-12 07:51:00,0.21892824642389996
2019-08-12 07:54:00,0.1564074253156491
2019-08-12 07:57:00,0.23160658941509382
2019-08-12 08:00:00,0.14481781355857493
2019-08-12 08:03:00,0.05226350446446304
2019-08-12 08:06:00,0.14738417884063892
2019-08-12 08:09:00,0.1745263738552012
2019-08-12 08:12:00,0.11805459173086774
2019-08-12 08:15:00,0.08944034514320265
2019-08-12 08:18:00,0.08628807025405649
2019-08-12 08:21:00,0.07991587973327796
2019-08-12 08:24:00,0.05546478971308488
2019-08-12 08:27:00,0.1331461942235137
2019-08-12 08:30:00,0.19608925736241645
2019-08-12 08:33:00,0.07432841780098443
2019-08-12 08:36:00,0.0764859969044096
2019-08-12 08:39:00,0.06766450811358027
2019-08-12 08:42:00,0.04405069649988036
2019-08-12 08:45:00,0.03528889840481497
2019-08-12 08:48:00,0.03173905261434129
2019-08-12 08:51:00,-0.016310427623068335
2019-08-12 08:54:00,-0.00395611506263549
2019-08-12 08:57:00,-0.06874414420764197
2019-08-12 09:00:00,0.06547850841951686
2019-08-12 09:03:00,-0.05068027052885782
2019-08-12 09:06:00,-0.08069152195429297
2019-08-12 09:09:00,-0.10901844883119338
2019-08-12 09:12:00,-0.07121044801306198
2019-08-12 09:15:00,-0.10113784173120166
2019-08-12 09:18:00,-0.09940699764041483
2019-08-12 09:21:00,-0.11856931358988732
2019-08-12 09:24:00,-0.06224861373635804
2019-08-12 09:27:00,-0.12526522598835754
2019-08-12 09:30:00,-0.1845645738558801
2019-08-12 09:33:00,-0.25647945120766735
2019-08-12 09:36:00,-0.296065320466937
2019-08-12 09:39:00,-0.20659694034850418
2019-08-12 09:42:00,-0.2245807680355938
2019-08-12 09:45:00,-0.24718280683549665
2019-08-12 09:48:00,-0.31335545971921874
2019-08-12 09:51:00,-0.28973346349471285
2019-08-12 09:54:00,-0.2638875918072472
2019-08-12 09:57:00,-0.3137833342836984
2019-08-12 10:00:00,-0.3318611881383049
2019-08-12 10:03:00,-0.4262226573832777
2019-08-12 10:06:00,-0.3860830523587424
2019-08-12 10:09:00,-0.3360807193266169
2019-08-12 10:12:00,-0.2942286463593291
2019-08-12 10:15:00,-0.28952573352984246
2019-08-12 10:18:00,-0.44813057942258183
2019-08-12 10:21:00,-0.424381722562714
2019-08-12 10:24:00,-0.335722267510846
2019-08-12 10:27:00,-0.43722570994845
2019-08-12 10:30:00,-0.32721374353656074
2019-08-12 10:33:00,-0.3075035730962554
2019-08-12 10:36:00,-0.390853582178579
2019-08-12 10:39:00,-0.33247137735719434
2019-08-12 10:42:00,-0.2852923907312288
2019-08-12 10:45:00,-0.4416730514425353
2019-08-12 10:48:00,-0.39516880655787645
2019-08-12 10:51:00,-0.3252046510505693
2019-08-12 10:54:00,-0.3745852197671411
2019-08-12 10:57:00,-0.3800918188578635
2019-08-12 11:00:00,-0.3880191128650381
2019-08-12 11:03:00,-0.4572654691261846
2019-08-12 11:06:00,-0.5178750646395542
2019-08-12 11:09:00,-0.39681189831162555
2019-08-12 11:12:00,-0.5248168224210872
2019-08-12 11:15:00,-0.5155931632526176
2019-08-12 11:18:00,-0.43396566689835936
2019-08-12 11:21:00,-0.48324442464002004
2019-08-12 11:24:00,-0.5771454319880718
2019-08-12 11:27:00,-0.42714496541475455
2019-08-12 11:30:00,-0.4644561105770322
2019-08-12 11:33:00,-0.4674182909209321
2019-08-12 11:36:00,-0.5889174815878278
2019-08-12 11:39:00,-0.4584481188976497
2019-08-12 11:42:00,-0.5679436424613868
2019-08-12 11:45:00,-0.49310962177054307
2019-08-12 11:48:00,-0.35337418370613705
2019-08-12 11:51:00,-0.5187764611507077
2019-08-12 11:54:00,-0.5360852020555171
2019-08-12 11:57:00,-0.4168081499013283
2019-08-12 12:00:00,-0.43992410756163736
2019-08-12 12:03:00,-0.421585740781552
2019-08-12 12:06:00,-0.4495560365060669
2019-08-12 12:09:00,-0.4209583386178224
2019-08-12 12:12:00,-0.30631928614229764
2019-08-12 12:15:00,-0.5277163865291072
2019-08-12 12:18:00,-0.46986100577760226
2019-08-12 12:21:00,-0.5295180116803522
2019-08-12 12:24:00,-0.48916336696436247
2019-08-12 12:27:00,-0.611605923020079
2019-08-12 12:30:00,-0.49208279443342917
2019-08-12 12:33:00,-0.5718563526516505
2019-08-12 12:36:00,-0.4959130379527892
2019-08-12 12:39:00,-0.6227342840321626
2019-08-12 12:42:00,-0.5157077357013691
2019-08-12 12:45:00,-0.565863816407898
2019-08-12 12:48:00,-0.49184519158211515
2019-08-12 12:51:00,-0.5596225950079088
2019-08-12 12:54:00,-0.6107337868055538
2019-08-12 12:57:00,-0.482491598701813
2019-08-12 13:00:00,-0.5105972158826262
2019-08-12 13:03:00,-0.38442134262822947
2019-08-12 13:06:00,-0.5778657278300443
2019-08-12 13:09:00,-0.47933154133909284
2019-08-12 13:12:00,-0.4746403463696538
2019-08-12 13:15:00,-0.4785862955528728
2019-08-12 13:18:00,-0.5029745203270863
2019-08-12 13:21:00,-0.6351934703217808
2019-08-12 13:24:00,-0.532105508374741
2019-08-12 13:27:00,-0.5052391783586927
2019-08-12 13:30:00,-0.4976255438306225
2019-08-12 13:33:00,-0.611604560840135
2019-08-12 13:36:00,-0.5256635307225679
2019-08-12 13:39:00,-0.4943603882716161
2019-08-12 13:42:00,-0.43624059823468997
2019-08-12 13:45:00,-0.5037521112880654
2019-08-12 13:48:00,-0.5956875101805963
2019-08-12 13:51:00,-0.5724327376047995
2019-08-12 13:54:00,-0.556267493966061
2019-08-12 13:57:00,-0.5962205065591206
2019-08-12 14:00:00,-0.6932922412023572
2019-08-12 14:03:00,-0.5571052298304835
2019-08-12 14:06:00,-0.5049141577168825
2019-08-12 14:09:00,-0.5707478566541226
2019-08-12 14:12:00,-0.6311436742968226
2019-08-12 14:15:00,-0.6396920210053736
2019-08-12 14:18:00,-0.633280497170972
2019-08-12 14:21:00,-0.5482616615732354
2019-08-12 14:24:00,-0.7093546580716179
2019-08-12 14:27:00,-0.595320578873725
2019-08-12 14:30:00,-0.4790796624433824
2019-08-12 14:33:00,-0.4794438937483392
2019-08-12 14:36:00,-0.5503514064598676
2019-08-12 14:39:00,-0.5652387999928692
2019-08-12 14:42:00,-0.6755990504382794
2019-08-12 14:45:00,-0.6115673382428781
2019-08-12 14:48:00,-0.662298312455448
2019-08-12 14:51:00,-0.6684457809382707
2019-08-12 14:54:00,-0.6004074004619611
2019-08-12 14:57:00,-0.6263703153887263
2019-08-12 15:00:00,-0.5732085348728901
2019-08-12 15:03:00,-0.6459198216829805
2019-08-12 15:06:00,-0.620626550036036
2019-08-12 15:09:00,-0.5749584932516996
2019-08-12 15:12:00,-0.5431042599640818
2019-08-12 15:15:00,-0.5334530323843296
2019-08-12 15:18:00,-0.5746190417093544
2019-08-12 15:21:00,-0.6619769807763305
2019-08-12 15:24:00,-0.6539650363882288
2019-08-12 15:27:00,-0.6371134743374682
2019-08-12 15:30:00,-0.5670413312234928
2019-08-12 15:33:00,-0.566725426182245
2019-08-12 15:36:00,-0.6376446953668164
2019-08-12 15:39:00,-0.6621435563174032
2019-08-12 15:42:00,-0.6261424116210037
2019-08-12 15:45:00,-0.44533311511378315
2019-08-12 15:48:00,-0.766601650440407
2019-08-12 15:51:00,-0.5653197064435176
2019-08-12 15:54:00,-0.6011934181250922
2019-08-12 15:57:00,-0.6523395216597692
2019-08-12 16:00:00,-0.6078015272285029
2019-08-12 16:03:00,-0.6476386928493412
2019-08-12 16:06:00,-0.617322354905923
2019-08-12 16:09:00,-0.6160772464330648
2019-08-12 16:12:00,-0.5745980459770408
2019-08-12 16:15:00,-0.6263131669940663
2019-08-12 16:18:00,-0.6328875371456206
2019-08-12 16:21:00,-0.5510806494668827
2019-08-12 16:24:00,-0.5943582280634132
2019-08-12 16:27:00,-0.5368007684508029
2019-08-12 16:30:00,-0.5213614918446865
2019-08-12 16:33:00,-0.6300038310897662
2019-08-12 16:36:00,-0.6451845140802561
2019-08-12 16:39:00,-0.5534120146862733
2019-08-12 16:42:00,-0.5983927048208102
2019-08-12 16:45:00,-0.5812966016555379
2019-08-12 16:48:00,-0.4822343183227531
2019-08-12 16:51:00,-0.5224072863075548
2019-08-12 16:54:00,-0.46587663287215264
2019-08-12 16:57:00,-0.6371530126735365
2019-08-12 17:00:00,-0.66873151054142
2019-08-12 17:03:00,-0.5170731199713146
2019-08-12 17:06:00,-0.5966073327936101
2019-08-12 17:09:00,-0.5839627633357054
2019-08-12 17:12:00,-0.5609075426566505
2019-08-12 17:15:00,-0.6468151899227337
2019-08-12 17:18:00,-0.47227999213339444
2019-08-12 17:21:00,-0.547841680894976
2019-08-12 17:24:00,-0.603557597573797
2019-08-12 17:27:00,-0.5705395904825536
2019-08-12 17:30:00,-0.5581380227022805
2019-08-12 17:33:00,-0.5676989636185681
2019-08-12 17:36:00,-0.5503809414447574
2019-08-12 17:39:00,-0.5393245423444455
2019-08-12 17:42:00,-0.5201970787476284
2019-08-12 17:45:00,-0.5504393157930849
2019-08-12 17:48:00,-0.5493027386092422
2019-08-12 17:51:00,-0.5776558776124716
2019-08-12 17:54:00,-0.5654893057271693
2019-08-12 17:57:00,-0.606828163074681
2019-08-12 18:00:00,-0.5140827583804821
2019-08-12 18:03:00,-0.5240997540331023
2019-08-12 18:06:00,-0.5896001642294664
2019-08-12 18:09:00,-0.6026402240571542
2019-08-12 18:12:00,-0.6226120879499604
2019-08-12 18:15:00,-0.5558851391265875
2019-08-12 18:18:00,-0.6337974602289478
2019-08-12 18:21:00,-0.5234124900743495
2019-08-12 18:24:00,-0.4963792909218796
2019-08-12 18:27:00,-0.617820199542507
2019-08-12 18:30:00,-0.5502617775445628
2019-08-12 18:33:00,-0.5408460663653614
2019-08-12 18:36:00,-0.5112527348462663
2019-08-12 18:39:00,-0.5546837822550401
2019-08-12 18:42:00,-0.5515552699519048
2019-08-12 18:45:00,-0.6009779725037561
2019-08-12 18:48:00,-0.6056075667676168
2019-08-12 18:51:00,-0.4817330557811488
2019-08-12 18:54:00,
2019-08-12 18:57:00,
2019-08-12 19:00:00,
2019-08-12 19:03:00,-0.4196981392622092
2019-08-12 19:06:00,-0.5177940917953379
2019-08-12 19:09:00,-0.4261704008249012
2019-08-12 19:12:00,-0.34081921477286414
2019-08-12 19:15:00,-0.42017487666254283
2019-08-12 19:18:00,-0.39310148434714165
2019-08-12 19:21:00,-0.46651295693476413
2019-08-12 19:24:00,-0.4621337285950631
2019-08-12 19:27:00,-0.3681499884007735
2019-08-12 19:30:00,-0.4364835396855824
2019-08-12 19:33:00,-0.3629841017916533
2019-08-12 19:36:00,-0.43038842802184263
2019-08-12 19:39:00,-0.36213096442656934
2019-08-12 19:42:00,-0.3570880615500869
2019-08-12 19:45:00,-0.3790174976413141
2019-08-12 19:48:00,-0.33217222314107175
2019-08-12 19:51:00,-0.3436362589022224
2019-08-12 19:54:00,-0.2870247081089019
2019-08-12 19:57:00,-0.21937277689386292
2019-08-12 20:00:00,-0.29094814299719474
2019-08-12 20:03:00,-0.21669261766732006
2019-08-12 20:06:00,-0.18903540263420382
2019-08-12 20:09:00,-0.2335276329678777
2019-08-12 20:12:00,-0.2651697107066866
2019-08-12 20:15:00,-0.32530077130957125
2019-08-12 20:18:00,-0.23230461643311173
2019-08-12 20:21:00,-0.2378048352580322
2019-08-12 20:24:00,-0.24695080693999216
2019-08-12 20:27:00,-0.2044930057176657
2019-08-12 20:30:00,-0.2737172231626914
2019-08-12 20:33:00,-0.3542259652703592
2019-08-12 20:36:00,-0.2189642268331795
2019-08-12 20:39:00,-0.1763404034559244
2019-08-12 20:42:00,-0.1821300997231674
2019-08-12 20:45:00,-0.20564237340983027
2019-08-12 20:48:00,-0.1661027990205639
2019-08-12 20:51:00,-0.22242454718320914
2019-08-12 20:54:00,-0.241011976256857
2019-08-12 20:57:00,-0.24467626427389177
2019-08-12 21:00:00,-0.2619113083074467
2019-08-12 21:03:00,-0.2593824947506391
2019-08-12 21:06:00,-0.12564772239767308
2019-08-12 21:09:00,-0.24869340098263137
2019-08-12 21:12:00,-0.27879199449449743
2019-08-12 21:15:00,-0.1423877370435207
2019-08-12 21:18:00,-0.04475002076043211
2019-08-12 21:21:00,0.021501064708502327
2019-08-12 21:24:00,0.005703174919858611
2019-08-12 21:27:00,-0.14822663221161747
2019-08-12 21:30:00,-0.1438826457043092
2019-08-12 21:33:00,-0.09123523770273323
2019-08-12 21:36:00,-0.10592528816215463
2019-08-12 21:39:00,-0.09286107626149942
2019-08-12 21:42:00,-0.06544051402556761
2019-08-12 21:45:00,-0.1539163209102412
2019-08-12 21:48:00,-0.13638334965094145
2019-08-12 21:51:00,-0.08653386121500262
2019-08-12 21:54:00,-0.11473124225074116
2019-08-12 21:57:00,-0.08022808639560708
2019-08-12 22:00:00,-0.16048052559432335
2019-08-12 22:03:00,-0.044519545069874766
2019-08-12 22:06:00,-0.05816602012566818
2019-08-12 22:09:00,-0.10216245222727594
2019-08-12 22:12:00,-0.18359914140927458
2019-08-12 22:15:00,-0.10504439512124009
2019-08-12 22:18:00,0.010573305971149694
2019-08-12 22:21:00,-0.07750222156187192
2019-08-12 22:24:00,-0.018706102829867177
2019-08-12 22:27:00,-0.09233789872979514
2019-08-12 22:30:00,-0.1224363089888243
2019-08-12 22:33:00,-0.06658111898769903
2019-08-12 22:36:00,-0.06941968388537134
2019-08-12 22:39:00,-0.019801577142629867
2019-08-12 22:42:00,-0.05716673201311551
2019-08-12 22:45:00,-0.1320727890656599
2019-08-12 22:48:00,-0.017658364797227932
2019-08-12 22:51:00,-0.06553420870329774
2019-08-12 22:54:00,-0.06201697285234786
2019-08-12 22:57:00,0.06833077540079557
2019-08-12 23:00:00,-0.06231421124584813
2019-08-12 23:03:00,-0.0352724266513178
2019-08-12 23:06:00,-0.022995744508477856
2019-08-12 23:09:00,-0.12376118309362028
2019-08-12 23:12:00,-0.03274271226155179
2019-08-12 23:15:00,0.03804508583033339
2019-08-12 23:18:00,-0.049036224962264896
2019-08-12 23:21:00,-0.047897265604092354
2019-08-12 23:24:00,-0.06302306711722849
2019-08-12 23:27:00,-0.08683719009025026
2019-08-12 23:30:00,-0.08245614816922853
2019-08-12 23:33:00,-0.0747154925676341
2019-08-12 23:36:00,-0.0993304283513794
2019-08-12 23:39:00,-0.09814764977056711
2019-08-12 23:42:00,-0.11126941969985182
2019-08-12 23:45:00,0.07768516544177828
2019-08-12 23:48:00,0.07372061333160218
2019-08-12 23:51:00,-0.0962718531713449
2019-08-12 23:54:00,-0.059140270225896074
2019-08-12 23:57:00,-0.12366896342541622
2019-08-13 00:00:00,-0.03221627741197608
2019-08-13 00:03:00,-0.17766255859982039
2019-08-13 00:06:00,-0.04681133318570119
2019-08-13 00:09:00,-0.11015722265517525
2019-08-13 00:12:00,-0.1293084629049872
2019-08-13 00:15:00,-0.05847654127205715
2019-08-13 00:18:00,-0.08211870883064876
2019-08-13 00:21:00,-0.008632020916024885
2019-08-13 00:24:00,-0.20392577625011654
2019-08-13 00:27:00,-0.03062042075231375
2019-08-13 00:30:00,0.020650127041790256
2019-08-13 00:33:00,0.022118531319677004
2019-08-13 00:36:00,-0.07382024565663414
2019-08-13 00:39:00,-0.11018545985132278
2019-08-13 00:42:00,-0.07051187366550948
2019-08-13 00:45:00,-0.014932943864494064
2019-08-13 00:48:00,-0.06701999909353162
2019-08-13 00:51:00,0.013881152658143492
2019-08-13 00:54:00,-0.10456060795672784
2019-08-13 00:57:00,-0.11813954339447719
2019-08-13 01:00:00,-0.01824219865568466
2019-08-13 01:03:00,-0.014762774132293544
2019-08-13 01:06:00,-0.05524873020038967
2019-08-13 01:09:00,-0.022336989466225532
2019-08-13 01:12:00,-0.1311187965558247
2019-08-13 01:15:00,-0.060737241768038075
2019-08-13 01:18:00,-0.010468597984981898
2019-08-13 01:21:00,0.015703472866960055
2019-08-13 01:24:00,-0.010085733416644871
2019-08-13 01:27:00,-0.03759543076563432
2019-08-13 01:30:00,-0.031213734563209528
2019-08-13 01:33:00,-0.03145717968141071
2019-08-13 01:36:00,-0.040019018846237486
2019-08-13 01:39:00,-0.07501623760305165
2019-08-13 01:42:00,-0.11156898052507813
2019-08-13 01:45:00,-0.005788784700030192
2019-08-13 01:48:00,-0.18216211792270087
2019-08-13 01:51:00,-0.13193833375549957
2019-08-13 01:54:00,-0.11695591781909798
2019-08-13 01:57:00,-0.07205803616352568
2019-08-13 02:00:00,1.3515370710592833e-05
2019-08-13 02:03:00,-0.08724645607549064
2019-08-13 02:06:00,-0.07079552594859706
2019-08-13 02:09:00,-0.07569185654966759
2019-08-13 02:12:00,0.08447009587399634
2019-08-13 02:15:00,0.013073284256165607
2019-08-13 02:18:00,0.06414030365863255
2019-08-13 02:21:00,-0.07286417042320181
2019-08-13 02:24:00,-0.12939570227194963
2019-08-13 02:27:00,0.05400854723274051
2019-08-13 02:30:00,-0.027128540166870607
2019-08-13 02:33:00,-0.15514736435000032
2019-08-13 02:36:00,-0.10700148785929287
2019-08-13 02:39:00,-0.024835674319433565
2019-08-13 02:42:00,-0.047440473929100335
2019-08-13 02:45:00,-0.03177451843566814
2019-08-13 02:48:00,-0.041901297831202555
2019-08-13 02:51:00,-0.006666203161614703
2019-08-13 02:54:00,0.04076427459693832
2019-08-13 02:57:00,-0.03724119377477564
2019-08-13 03:00:00,0.061536004611411954
2019-08-13 03:03:00,0.02248314666707074
2019-08-13 03:06:00,0.054217242877086846
2019-08-13 03:09:00,0.08419839676645324
2019-08-13 03:12:00,-0.017211576923443772
2019-08-13 03:15:00,-0.05827575356744319
2019-08-13 03:18:00,-0.0778188458606337
2019-08-13 03:21:00,-0.01743378708607679
2019-08-13 03:24:00,0.07034651801319569
2019-08-13 03:27:00,0.11852981866940127
2019-08-13 03:30:00,0.07022736139714425
2019-08-13 03:33:00,0.050866487110681646
2019-08-13 03:36:00,0.023383743006434088
2019-08-13 03:39:00,0.12301510366381763
2019-08-13 03:42:00,0.06921482035647841
2019-08-13 03:45:00,0.09452436299585543
2019-08-13 03:48:00,0.12701069328403491
2019-08-13 03:51:00,0.14395696261607327
2019-08-13 03:54:00,0.1241161181774828
2019-08-13 03:57:00,0.1241525289055403
2019-08-13 04:00:00,0.10967471777911442
2019-08-13 04:03:00,0.20405244140567902
2019-08-13 04:06:00,0.15728001193747332
2019-08-13 04:09:00,0.16205240168301316
2019-08-13 04:12:00,0.15776544557724037
2019-08-13 04:15:00,0.18114057420172003
2019-08-13 04:18:00,0.07530636137340707
2019-08-13 04:21:00,0.04619283317094869
2019-08-13 04:24:00,0.1578506203038046
2019-08-13 04:27:00,0.009869782588054932
2019-08-13 04:30:00,0.13922343046380092
2019-08-13 04:33:00,0.11243554494149066
2019-08-13 04:36:00,0.03108914314782396
2019-08-13 04:39:00,-0.002732026191267778
2019-08-13 04:42:00,0.06228586389681823
2019-08-13 04:45:00,-0.014933630724101477
2019-08-13 04:48:00,-0.005624258410307448
2019-08-13 04:51:00,0.04917828858185658
2019-08-13 04:54:00,0.006164976315972126
2019-08-13 04:57:00,0.09669367515004978
2019-08-13 05:00:00,0.0925019542659129
2019-08-13 05:03:00,0.06890275174822591
2019-08-13 05:06:00,0.1314938316235157
2019-08-13 05:09:00,0.09253746398417206
2019-08-13 05:12:00,0.03188919311804739
2019-08-13 05:15:00,0.07281473725123533
2019-08-13 05:18:00,0.07638171594231835
2019-08-13 05:21:00,0.06834444636228909
2019-08-13 05:24:00,0.11915155928130616
2019-08-13 05:27:00,-0.018308380808775837
2019-08-13 05:30:00,-0.001560518012411194
2019-08-13 05:33:00,-0.046565798971471395
2019-08-13 05:36:00,0.09005801219660725
2019-08-13 05:39:00,0.08076920204854332
2019-08-13 05:42:00,-0.013902978277315015
2019-08-13 05:45:00,0.05416709761345828
2019-08-13 05:48:00,0.09779547392633958
2019-08-13 05:51:00,0.04820020550243953
2019-08-13 05:54:00,0.08822738906178529
2019-08-13 05:57:00,0.17730173737697896
2019-08-13 06:00:00,0.1735528307453933
2019-08-13 06:03:00,0.06297854934092584
2019-08-13 06:06:00,0.020580804147073195
2019-08-13 06:09:00,0.08392372841507267
2019-08-13 06:12:00,0.002528932014399743
2019-08-13 06:15:00,0.059617584030434045
2019-08-13 06:18:00,0.019866351451526043
2019-08-13 06:21:00,0.08368393535266705
2019-08-13 06:24:00,0.10558149326988087
2019-08-13 06:27:00,0.07709740090660944
2019-08-13 06:30:00,0.07949347052436906
2019-08-13 06:33:00,0.0963697528401326
2019-08-13 06:36:00,-0.01209811607412803
2019-08-13 06:39:00,0.10173752640696421
2019-08-13 06:42:00,0.04336530331653421
2019-08-13 06:45:00,0.0656250570328325
2019-08-13 06:48:00,0.004446396165747046
2019-08-13 06:51:00,0.03613876515112224
2019-08-13 06:54:00,0.1109437631101855
2019-08-13 06:57:00,0.04766399271773025
2019-08-13 07:00:00,0.10178739180145158
2019-08-13 07:03:00,0.1717347467745185
2019-08-13 07:06:00,0.1295841404762541
2019-08-13 07:09:00,0.1784389150867014
2019-08-13 07:12:00,0.004308545012690956
2019-08-13 07:15:00,0.04313534288888832
2019-08-13 07:18:00,0.018108838136527083
2019-08-13 07:21:00,0.029244151923251138
2019-08-13 07:24:00,-0.05881066432323223
2019-08-13 07:27:00,0.04677075431459343
2019-08-13 07:30:00,0.08725391540605187
2019-08-13 07:33:00,-0.06860434586803876
2019-08-13 07:36:00,-0.11508251192719854
2019-08-13 07:39:00,0.0071961397297855
2019-08-13 07:42:00,0.0727883168912058
2019-08-13 07:45:00,0.027172306914167166
2019-08-13 07:48:00,-0.02010385837360218
2019-08-13 07:51:00,-0.017245904541198342
2019-08-13 07:54:00,-0.020176325230352177
2019-08-13 07:57:00,-0.07179143063513038
2019-08-13 08:00:00,-0.12030746334875175
2019-08-13 08:03:00,-0.08825100506226136
2019-08-13 08:06:00,0.03744579176429852
2019-08-13 08:09:00,-0.11816795517682976
2019-08-13 08:12:00,0.012715835686265109
2019-08-13 08:15:00,0.042091649904534734
2019-08-13 08:18:00,0.004223504225251418
2019-08-13 08:21:00,0.06826799578499276
2019-08-13 08:24:00,0.05612325793850914
2019-08-13 08:27:00,-0.0515474944514267
2019-08-13 08:30:00,-0.06558702112067749
2019-08-13 08:33:00,0.06216983360008044
2019-08-13 08:36:00,-0.055972818529994584
2019-08-13 08:39:00,-0.08999514394827202
2019-08-13 08:42:00,-0.12021256797396518
2019-08-13 08:45:00,-0.09181219957946496
2019-08-13 08:48:00,-0.12149257732767182
2019-08-13 08:51:00,-0.14005195217191613
2019-08-13 08:54:00,-0.056378131157885036
2019-08-13 08:57:00,-0.1360792250647478
2019-08-13 09:00:00,0.002822407523979109
2019-08-13 09:03:00,-0.05133009662154109
2019-08-13 09:06:00,-0.1129684098586381
2019-08-13 09:09:00,-0.13192593580896528
2019-08-13 09:12:00,-0.07201713694200862
2019-08-13 09:15:00,-0.07276221678381489
2019-08-13 09:18:00,-0.14057456795927692
2019-08-13 09:21:00,-0.09634786741349899
2019-08-13 09:24:00,-0.25986865852553365
2019-08-13 09:27:00,-0.10044375462609878
2019-08-13 09:30:00,-0.06897941491905613
2019-08-13 09:33:00,-0.13915976538851282
2019-08-13 09:36:00,-0.040773921617415
2019-08-13 09:39:00,-0.10429985948360354
2019-08-13 09:42:00,-0.2182016920598926
2019-08-13 09:45:00,-0.07103701732927448
2019-08-13 09:48:00,-0.21776017048125595
2019-08-13 09:51:00,-0.18788753393590696
2019-08-13 09:54:00,-0.17567008628105896
2019-08-13 09:57:00,-0.1649982325979522
2019-08-13 10:00:00,-0.1713800531207994
2019-08-13 10:03:00,-0.1856019084295326
2019-08-13 10:06:00,-0.20955585217035377
2019-08-13 10:09:00,-0.3065078852138754
2019-08-13 10:12:00,-0.18715811315917108
2019-08-13 10:15:00,-0.1419232049098582
2019-08-13 10:18:00,-0.21077078262976556
2019-08-13 10:21:00,-0.27770652225791537
2019-08-13 10:24:00,-0.22242743364512307
2019-08-13 10:27:00,-0.23548044984102035
2019-08-13 10:30:00,-0.2509962612988943
2019-08-13 10:33:00,-0.26672989275147074
2019-08-13 10:36:00,-0.25657838209940564
2019-08-13 10:39:00,-0.2134778496615013
2019-08-13 10:42:00,-0.1450882276430434
2019-08-13 10:45:00,-0.2884807740106794
2019-08-13 10:48:00,-0.20869829711074317
2019-08-13 10:51:00,-0.26798068662526475
2019-08-13 10:54:00,-0.2590783230926377
2019-08-13 10:57:00,-0.22094186245510627
2019-08-13 11:00:00,-0.32865733928110785
2019-08-13 11:03:00,-0.2781471795222501
2019-08-13 11:06:00,-0.19215610571575326
2019-08-13 11:09:00,-0.21172649130488708
2019-08-13 11:12:00,-0.26601338540314146
2019-08-13 11:15:00,-0.22905995321110595
2019-08-13 11:18:00,-0.24575192479653651
2019-08-13 11:21:00,-0.2684765928432853
2019-08-13 11:24:00,-0.34410528697350173
2019-08-13 11:27:00,-0.32932200224144026
2019-08-13 11:30:00,-0.22561301822219093
2019-08-13 11:33:00,-0.3441065552303826
2019-08-13 11:36:00,-0.21621608618499977
2019-08-13 11:39:00,-0.18793583385553347
2019-08-13 11:42:00,-0.30876832449206404
2019-08-13 11:45:00,-0.39850703161346246
2019-08-13 11:48:00,-0.3444434349268022
2019-08-13 11:51:00,-0.41420381793972183
2019-08-13 11:54:00,-0.2992048759848558
2019-08-13 11:57:00,-0.4381730047100518
2019-08-13 12:00:00,-0.31369128756523423
2019-08-13 12:03:00,-0.2679490510528808
2019-08-13 12:06:00,-0.2596393615621082
2019-08-13 12:09:00,-0.25029200965906284
2019-08-13 12:12:00,-0.3572193279826479
2019-08-13 12:15:00,-0.2984276761721958
2019-08-13 12:18:00,-0.2587301510216662
2019-08-13 12:21:00,-0.1880963530808799
2019-08-13 12:24:00,-0.2825210756724914
2019-08-13 12:27:00,-0.40711680842980513
2019-08-13 12:30:00,-0.5138341607418511
2019-08-13 12:33:00,-0.2681905098182824
2019-08-13 12:36:00,-0.4189742069039539
2019-08-13 12:39:00,-0.4028855158713327
2019-08-13 12:42:00,-0.47814512494505834
2019-08-13 12:45:00,-0.43490124726480417
2019-08-13 12:48:00,-0.4426373588832462
2019-08-13 12:51:00,-0.5023092038563277
2019-08-13 12:54:00,-0.4732625896605782
2019-08-13 12:57:00,-0.4702972616214538
2019-08-13 13:00:00,-0.6587356816044689
2019-08-13 13:03:00,-0.5408533289508455
2019-08-13 13:06:00,-0.4659597624763592
2019-08-13 13:09:00,-0.5063903833000154
2019-08-13 13:12:00,-0.41222510228487863
2019-08-13 13:15:00,-0.4212053936740858
2019-08-13 13:18:00,-0.526645161719216
2019-08-13 13:21:00,-0.5465151992256665
2019-08-13 13:24:00,-0.3951645364288652
2019-08-13 13:27:00,-0.5090153025512905
2019-08-13 13:30:00,-0.5728563002314786
2019-08-13 13:33:00,-0.43241555745976257
2019-08-13 13:36:00,-0.5467403401123647
2019-08-13 13:39:00,-0.42597863675649705
2019-08-13 13:42:00,-0.45843435201459215
2019-08-13 13:45:00,-0.5574200824554509
2019-08-13 13:48:00,-0.4328978425019727
2019-08-13 13:51:00,-0.49099130312799844
2019-08-13 13:54:00,-0.41061574494767683
2019-08-13 13:57:00,-0.5285192364282238
2019-08-13 14:00:00,-0.5077580045032164
2019-08-13 14:03:00,-0.5858195263396055
2019-08-13 14:06:00,-0.49922915476997787
2019-08-13 14:09:00,-0.6476920591249495
2019-08-13 14:12:00,-0.5740171190454362
2019-08-13 14:15:00,-0.3789705075755023
2019-08-13 14:18:00,-0.48890565127987884
2019-08-13 14:21:00,-0.6067436587779298
2019-08-13 14:24:00,-0.4900458913573402
2019-08-13 14:27:00,-0.6411394757600419
2019-08-13 14:30:00,-0.482936735218118
2019-08-13 14:33:00,-0.5557248447123584
2019-08-13 14:36:00,-0.5385580537218857
2019-08-13 14:39:00,-0.6021676213990759
2019-08-13 14:42:00,-0.4233577418203254
2019-08-13 14:45:00,-0.596117277098756
2019-08-13 14:48:00,-0.5321579523666173
2019-08-13 14:51:00,-0.4610730337216751
2019-08-13 14:54:00,-0.575190216102726
2019-08-13 14:57:00,-0.566890463348102
2019-08-13 15:00:00,-0.423858156433937
2019-08-13 15:03:00,-0.43113931114595516
2019-08-13 15:06:00,-0.5741512892840888
2019-08-13 15:09:00,-0.5552064710693116
2019-08-13 15:12:00,-0.5834619927668996
2019-08-13 15:15:00,-0.5361331250397257
2019-08-13 15:18:00,-0.4692605692449092
2019-08-13 15:21:00,-0.513014627352959
2019-08-13 15:24:00,-0.49630880973870717
2019-08-13 15:27:00,-0.5377385664518783
2019-08-13 15:30:00,-0.5058705756555923
2019-08-13 15:33:00,-0.537459956750979
2019-08-13 15:36:00,-0.5456769250378102
2019-08-13 15:39:00,-0.43295859725560604
2019-08-13 15:42:00,-0.5305510238176225
2019-08-13 15:45:00,-0.5193863860582724
2019-08-13 15:48:00,-0.6427588992109463
2019-08-13 15:51:00,-0.6132167866073814
2019-08-13 15:54:00,-0.5612934220116017
2019-08-13 15:57:00,-0.6451227532388657
2019-08-13 16:00:00,-0.6159965061459616
2019-08-13 16:03:00,-0.5592189765908984
2019-08-13 16:06:00,-0.6534568207237044
2019-08-13 16:09:00,-0.5169406240814283
2019-08-13 16:12:00,-0.5134392824538736
2019-08-13 16:15:00,-0.49753503513397845
2019-08-13 16:18:00,-0.570948341290034
2019-08-13 16:21:00,-0.5045806696854243
2019-08-13 16:24:00,-0.6259146457961151
2019-08-13 16:27:00,-0.5186109224416668
2019-08-13 16:30:00,-0.5411171721754613
2019-08-13 16:33:00,-0.4916146157956973
2019-08-13 16:36:00,-0.6192473500892106
2019-08-13 16:39:00,-0.5122803481114602
2019-08-13 16:42:00,-0.5376803226964739
2019-08-13 16:45:00,-0.5801883209773564
2019-08-13 16:48:00,-0.5808255788539327
2019-08-13 16:51:00,-0.617629510380425
2019-08-13 16:54:00,-0.42508873344507947
2019-08-13 16:57:00,-0.5881769643209509
2019-08-13 17:00:00,-0.46328780497492517
2019-08-13 17:03:00,-0.4055725037839579
2019-08-13 17:06:00,-0.465821202184145
2019-08-13 17:09:00,-0.5277735038360447
2019-08-13 17:12:00,-0.6076896920029071
2019-08-13 17:15:00,-0.4413262360293402
2019-08-13 17:18:00,-0.5205851142314941
2019-08-13 17:21:00,-0.36705193739504693
2019-08-13 17:24:00,-0.4729712350998625
2019-08-13 17:27:00,-0.5747590461989489
2019-08-13 17:30:00,-0.5608941157599361
2019-08-13 17:33:00,-0.4412500371686292
2019-08-13 17:36:00,-0.31699969390462
2019-08-13 17:39:00,-0.40615532383986874
2019-08-13 17:42:00,-0.4159687751097749
2019-08-13 17:45:00,-0.40114416581980095
2019-08-13 17:48:00,-0.4142278389069247
2019-08-13 17:51:00,-0.3806275048054317
2019-08-13 17:54:00,-0.2947833621498148
2019-08-13 17:57:00,-0.47052294516618076
2019-08-13 18:00:00,-0.44808227512430676
2019-08-13 18:03:00,-0.3783501908940252
2019-08-13 18:06:00,-0.45454678300984597
2019-08-13 18:09:00,-0.35558642942356755
2019-08-13 18:12:00,-0.4785247456538855
2019-08-13 18:15:00,-0.37908532386990146
2019-08-13 18:18:00,-0.394181135399549
2019-08-13 18:21:00,-0.43237389990167685
2019-08-13 18:24:00,-0.37924171156862485
2019-08-13 18:27:00,-0.38915941723769265
2019-08-13 18:30:00,-0.3864545483444317
2019-08-13 18:33:00,-0.3644506666208258
2019-08-13 18:36:00,-0.2626702097055613
2019-08-13 18:39:00,-0.36331164934313165
2019-08-13 18:42:00,-0.3758053990359258
2019-08-13 18:45:00,-0.3193578718836534
2019-08-13 18:48:00,-0.3715996647945303
2019-08-13 18:51:00,-0.3007009153239437
2019-08-13 18:54:00,
2019-08-13 18:57:00,
2019-08-13 19:00:00,
2019-08-13 19:03:00,-0.25781849633978027
2019-08-13 19:06:00,-0.2503861767013973
2019-08-13 19:09:00,-0.10793177903485685
2019-08-13 19:12:00,-0.25655693596337414
2019-08-13 19:15:00,-0.2946237626438233
2019-08-13 19:18:00,-0.3192011725391808
2019-08-13 19:21:00,-0.2045332813152072
2019-08-13 19:24:00,-0.25281859907317994
2019-08-13 19:27:00,-0.16794964592418182
2019-08-13 19:30:00,-0.23375858067106492
2019-08-13 19:33:00,-0.1163236390085558
2019-08-13 19:36:00,-0.21641614303001688
2019-08-13 19:39:00,-0.13727605627263983
2019-08-13 19:42:00,-0.24063957041022377
2019-08-13 19:45:00,-0.25501217058393877
2019-08-13 19:48:00,-0.23885990592333428
2019-08-13 19:51:00,-0.2127904712573354
2019-08-13 19:54:00,-0.13093451071125628
2019-08-13 19:57:00,-0.18251133885854642
2019-08-13 20:00:00,-0.18557990315264306
2019-08-13 20:03:00,-0.09297110890372551
2019-08-13 20:06:00,-0.2225293462748823
2019-08-13 20:09:00,-0.1313256990466698
2019-08-13 20:12:00,-0.21514869910549805
2019-08-13 20:15:00,-0.10833973724373891
2019-08-13 20:18:00,-0.031343582902252365
2019-08-13 20:21:00,-0.01398586059229956
2019-08-13 20:24:00,-0.10857906768103476
2019-08-13 20:27:00,-0.06190598014313764
2019-08-13 20:30:00,-0.06175577280140487
2019-08-13 20:33:00,-0.14486936591168842
2019-08-13 20:36:00,-0.16511172446973887
2019-08-13 20:39:00,-0.055954384504730115
2019-08-13 20:42:00,-0.17379099986942492
2019-08-13 20:45:00,-0.1334318313181484
2019-08-13 20:48:00,-0.017316423864031094
2019-08-13 20:51:00,-0.01816373100285773
2019-08-13 20:54:00,-0.13785448125474886
2019-08-13 20:57:00,-0.12714027636434366
2019-08-13 21:00:00,-0.1859788209530393
2019-08-13 21:03:00,-0.14608453426120604
2019-08-13 21:06:00,-0.07283287554076878
2019-08-13 21:09:00,-0.13398497622995365
2019-08-13 21:12:00,-0.1975839182277923
2019-08-13 21:15:00,-0.17917344473306684
2019-08-13 21:18:00,-0.14438758916423922
2019-08-13 21:21:00,-0.07138235277602689
2019-08-13 21:24:00,-0.08948551852478204
2019-08-13 21:27:00,0.012949198143076046
2019-08-13 21:30:00,-0.06089784588976954
2019-08-13 21:33:00,-0.15103819235895344
2019-08-13 21:36:00,-0.03171855376160693
2019-08-13 21:39:00,-0.0858937357932632
2019-08-13 21:42:00,-0.13718543886091084
2019-08-13 21:45:00,-0.09701070088522101
2019-08-13 21:48:00,-0.013590381424080533
2019-08-13 21:51:00,-0.07080804868741097
2019-08-13 21:54:00,0.048979708204797134
2019-08-13 21:57:00,-0.03781591249145322
2019-08-13 22:00:00,-0.03699864020023824
2019-08-13 22:03:00,-0.05254013257729184
2019-08-13 22:06:00,-0.02754675812258256
2019-08-13 22:09:00,-0.11666212750463956
2019-08-13 22:12:00,-0.09039502251380327
2019-08-13 22:15:00,-0.03019016131133867
2019-08-13 22:18:00,-0.025440362343033485
2019-08-13 22:21:00,-0.13101168233015414
2019-08-13 22:24:00,-0.01659742794254271
2019-08-13 22:27:00,-0.08189972671357282
2019-08-13 22:30:00,-0.13750186407634146
2019-08-13 22:33:00,-0.12547114299769646
2019-08-13 22:36:00,-0.068536812888226
2019-08-13 22:39:00,-0.041016034008066526
2019-08-13 22:42:00,0.07114430831825302
2019-08-13 22:45:00,-0.14934190347696585
2019-08-13 22:48:00,-0.06997517625910632
2019-08-13 22:51:00,-0.08866540092628838
2019-08-13 22:54:00,-0.13442876113646207
2019-08-13 22:57:00,-0.037262859729992215
2019-08-13 23:00:00,-0.07549846321427367
2019-08-13 23:03:00,-0.0515326956585227
2019-08-13 23:06:00,-0.03582873676595
2019-08-13 23:09:00,-0.004114302977086481
2019-08-13 23:12:00,-0.062102080320755704
2019-08-13 23:15:00,-0.0014920601042263115
2019-08-13 23:18:00,0.011651903607628356
2019-08-13 23:21:00,0.06786649232202535
2019-08-13 23:24:00,-0.07451274178890799
2019-08-13 23:27:00,0.065047077332963
2019-08-13 23:30:00,0.10466446415364317
2019-08-13 23:33:00,-0.08153712421028558
2019-08-13 23:36:00,0.14338522117316188
2019-08-13 23:39:00,0.060737863729343644
2019-08-13 23:42:00,-0.02700631809642573
2019-08-13 23:45:00,0.031581074024302325
2019-08-13 23:48:00,-0.0052018363520573985
2019-08-13 23:51:00,0.06805904064913193
2019-08-13 23:54:00,-0.029669366649670792
2019-08-13 23:57:00,0.13847456831342697
2019-08-14 00:00:00,-0.005897562681241197
2019-08-14 00:03:00,-0.029207314775817395
2019-08-14 00:06:00,-0.021732748305680616
2019-08-14 00:09:00,-0.03787922232419305
2019-08-14 00:12:00,-0.010086217238381323
2019-08-14 00:15:00,-0.024678541708340163
2019-08-14 00:18:00,-0.09068835596508507
2019-08-14 00:21:00,0.003404996031747487
2019-08-14 00:24:00,0.010350989275139
2019-08-14 00:27:00,-0.011013849983783075
2019-08-14 00:30:00,-0.02134481183054504
2019-08-14 00:33:00,-0.044555364530936004
2019-08-14 00:36:00,-0.039803039243906824
2019-08-14 00:39:00,-0.10065297947534191
2019-08-14 00:42:00,0.003645871825483482
2019-08-14 00:45:00,0.026307306601836444
2019-08-14 00:48:00,-0.025985424723330652
2019-08-14 00:51:00,0.0732198247164888
2019-08-14 00:54:00,0.024773155612763276
2019-08-14 00:57:00,0.039279518899832055
2019-08-14 01:00:00,0.04726723194113447
2019-08-14 01:03:00,0.14169710824927506
2019-08-14 01:06:00,0.09748067188741061
2019-08-14 01:09:00,0.03869712753601107
2019-08-14 01:12:00,0.13029614594802297
2019-08-14 01:15:00,0.09260229051875513
2019-08-14 01:18:00,0.006702838469379913
2019-08-14 01:21:00,0.09015368565718518
2019-08-14 01:24:00,0.0922624957220819
2019-08-14 01:27:00,0.08567382943499524
2019-08-14 01:30:00,0.14826711036721463
2019-08-14 01:33:00,0.056067930129358956
2019-08-14 01:36:00,0.0847864495099202
2019-08-14 01:39:00,0.15987544650158725
2019-08-14 01:42:00,0.0934431302951566
2019-08-14 01:45:00,0.050250943523735714
2019-08-14 01:48:00,0.061694572722558405
2019-08-14 01:51:00,0.0011084982340321403
2019-08-14 01:54:00,0.08066546095142257
2019-08-14 01:57:00,0.1029625546939883
2019-08-14 02:00:00,-0.0065882420575462675
2019-08-14 02:03:00,-0.020962799513483787
2019-08-14 02:06:00,0.03034189975244317
2019-08-14 02:09:00,-0.11835134056997276
2019-08-14 02:12:00,-0.008151445784790212
2019-08-14 02:15:00,0.1171325834786785
2019-08-14 02:18:00,-0.04531068861763288
2019-08-14 02:21:00,0.03275282438966087
2019-08-14 02:24:00,-0.019227179688073193
2019-08-14 02:27:00,-0.07759893686568375
2019-08-14 02:30:00,-0.016560407480653794
2019-08-14 02:33:00,0.09841939183445447
2019-08-14 02:36:00,-0.02640880514871924
2019-08-14 02:39:00,0.07484359696439924
2019-08-14 02:42:00,0.062233146310745724
2019-08-14 02:45:00,0.14613319472914554
2019-08-14 02:48:00,6.99655336120486e-05
2019-08-14 02:51:00,0.09910917991987844
2019-08-14 02:54:00,0.10346171306900942
2019-08-14 02:57:00,-0.05993883044817494
2019-08-14 03:00:00,-0.00716912049011853
2019-08-14 03:03:00,0.03562058971624538
2019-08-14 03:06:00,0.19352189942765108
2019-08-14 03:09:00,0.163705928856416
2019-08-14 03:12:00,0.15139513346537115
2019-08-14 03:15:00,0.11073005765683774
2019-08-14 03:18:00,0.1166403462772223
2019-08-14 03:21:00,0.1210251709483714
2019-08-14 03:24:00,0.058211538392129114
2019-08-14 03:27:00,0.09898682171689188
2019-08-14 03:30:00,0.11647577248163543
2019-08-14 03:33:00,0.042046955591672486
2019-08-14 03:36:00,-0.026893407733723507
2019-08-14 03:39:00,0.07201610404030134
2019-08-14 03:42:00,0.02625294026603342
2019-08-14 03:45:00,0.017699906765756168
2019-08-14 03:48:00,0.07148095023700307
2019-08-14 03:51:00,0.106397394874989
2019-08-14 03:54:00,0.013935301955939394
2019-08-14 03:57:00,0.11212656367922591
2019-08-14 04:00:00,0.12793502845096327
2019-08-14 04:03:00,0.05043290070244666
2019-08-14 04:06:00,0.1601786806033374
2019-08-14 04:09:00,0.15737790601491497
2019-08-14 04:12:00,0.28175678467130183
2019-08-14 04:15:00,0.09037471158171684
2019-08-14 04:18:00,0.11170797932425103
2019-08-14 04:21:00,0.08647861595233053
2019-08-14 04:24:00,0.10734118951722849
2019-08-14 04:27:00,0.1935528558930173
2019-08-14 04:30:00,0.12815082163723446
2019-08-14 04:33:00,0.10902607583926738
2019-08-14 04:36:00,0.15194861055414322
2019-08-14 04:39:00,0.12758855233073518
2019-08-14 04:42:00,0.10933726940561428
2019-08-14 04:45:00,0.14818533230970843
2019-08-14 04:48:00,0.11512720403294452
2019-08-14 04:51:00,0.20727865902620124
2019-08-14 04:54:00,0.12831078675907293
2019-08-14 04:57:00,0.15366054250915795
2019-08-14 05:00:00,0.15671624744004475
2019-08-14 05:03:00,0.2196701474533711
2019-08-14 05:06:00,0.2077896285746874
2019-08-14 05:09:00,0.10997582466245603
2019-08-14 05:12:00,0.11480456142032835
2019-08-14 05:15:00,0.1333800180199205
2019-08-14 05:18:00,0.12316505044032056
2019-08-14 05:21:00,0.13465037346173858
2019-08-14 05:24:00,0.02167855198780444
2019-08-14 05:27:00,0.11566321738473562
2019-08-14 05:30:00,0.2356212628253047
2019-08-14 05:33:00,0.20045974632091657
2019-08-14 05:36:00,0.06704889190802987
2019-08-14 05:39:00,0.03479471575235493
2019-08-14 05:42:00,0.15948120353368722
2019-08-14 05:45:00,0.24276438197762218
2019-08-14 05:48:00,0.11123343584250733
2019-08-14 05:51:00,0.11927232608906024
2019-08-14 05:54:00,0.19960536899543513
2019-08-14 05:57:00,0.17784310270820924
2019-08-14 06:00:00,0.04685692150724208
2019-08-14 06:03:00,0.20455383765238366
2019-08-14 06:06:00,0.12068187796489838
2019-08-14 06:09:00,0.17194944674133694
2019-08-14 06:12:00,0.14743763749868322
2019-08-14 06:15:00,0.18899735689484487
2019-08-14 06:18:00,0.2029121954647053
2019-08-14 06:21:00,0.28917997091286907
2019-08-14 06:24:00,0.11389031760495527
2019-08-14 06:27:00,0.1795702004829991
2019-08-14 06:30:00,0.08584978010134137
2019-08-14 06:33:00,0.16541477235153934
2019-08-14 06:36:00,0.1997266034114773
2019-08-14 06:39:00,0.21987859338804583
2019-08-14 06:42:00,0.23852977099556938
2019-08-14 06:45:00,0.1635543166336788
2019-08-14 06:48:00,0.16985470588645057
2019-08-14 06:51:00,0.15699265087482672
2019-08-14 06:54:00,0.12610810380851945
2019-08-14 06:57:00,0.14892614067105114
2019-08-14 07:00:00,0.18677880019617987
2019-08-14 07:03:00,0.13036835288517068
2019-08-14 07:06:00,0.1655813868321161
2019-08-14 07:09:00,0.13060945935370682
2019-08-14 07:12:00,0.15568601757223632
2019-08-14 07:15:00,0.09372076038994237
2019-08-14 07:18:00,0.09744390755145105
2019-08-14 07:21:00,0.1076830822806869
2019-08-14 07:24:00,0.11902789777349199
2019-08-14 07:27:00,0.019682740685141198
2019-08-14 07:30:00,0.1579206439765244
2019-08-14 07:33:00,0.11341448262675158
2019-08-14 07:36:00,-0.0035768494342960366
2019-08-14 07:39:00,0.090815096428571
2019-08-14 07:42:00,0.025379756135976095
2019-08-14 07:45:00,0.06318993228615
2019-08-14 07:48:00,0.09959188026255106
2019-08-14 07:51:00,0.021488477983723442
2019-08-14 07:54:00,0.08138111496583633
2019-08-14 07:57:00,0.05889438082937204
2019-08-14 08:00:00,-0.01647097073441728
2019-08-14 08:03:00,0.10967952428211447
2019-08-14 08:06:00,0.027448776534868102
2019-08-14 08:09:00,0.027083654287821446
2019-08-14 08:12:00,0.11990902001480208
2019-08-14 08:15:00,0.040562774798047485
2019-08-14 08:18:00,0.1289371780409283
2019-08-14 08:21:00,0.09640733769123244
2019-08-14 08:24:00,-0.020431363881016296
2019-08-14 08:27:00,-0.032133498326800236
2019-08-14 08:30:00,0.006042450882830508
2019-08-14 08:33:00,-0.010661557008745604
2019-08-14 08:36:00,-0.02321332302949486
2019-08-14 08:39:00,-0.05616277162027927
2019-08-14 08:42:00,-0.11714445349133484
2019-08-14 08:45:00,-0.17680222482715635
2019-08-14 08:48:00,-0.15532358078371544
2019-08-14 08:51:00,-0.18121569105210256
2019-08-14 08:54:00,-0.18929417538487314
2019-08-14 08:57:00,-0.28155545581478236
2019-08-14 09:00:00,-0.19912328717231276
2019-08-14 09:03:00,-0.22047952553424466
2019-08-14 09:06:00,-0.252413242360376
2019-08-14 09:09:00,-0.13332156695537378
2019-08-14 09:12:00,-0.127783988367014
2019-08-14 09:15:00,-0.2576058858597321
2019-08-14 09:18:00,-0.3402585547821104
2019-08-14 09:21:00,-0.23426429775577162
2019-08-14 09:24:00,-0.23135243970278907
2019-08-14 09:27:00,-0.2755134255721714
2019-08-14 09:30:00,-0.26167692748452964
2019-08-14 09:33:00,-0.39039166916580825
2019-08-14 09:36:00,-0.3458305021870842
2019-08-14 09:39:00,-0.3111673753194282
2019-08-14 09:42:00,-0.3814570482401791
2019-08-14 09:45:00,-0.3791545069099129
2019-08-14 09:48:00,-0.3725221625679751
2019-08-14 09:51:00,-0.4074963631666719
2019-08-14 09:54:00,-0.32478029494950533
2019-08-14 09:57:00,-0.19981650665590678
2019-08-14 10:00:00,-0.3458453720107286
2019-08-14 10:03:00,-0.25621342331231745
2019-08-14 10:06:00,-0.40221843804499713
2019-08-14 10:09:00,-0.3448394972579649
2019-08-14 10:12:00,-0.4204187160842139
2019-08-14 10:15:00,-0.28895978427061664
2019-08-14 10:18:00,-0.41697210715426536
2019-08-14 10:21:00,-0.29371919049839335
2019-08-14 10:24:00,-0.37288474060966337
2019-08-14 10:27:00,-0.41105214413073554
2019-08-14 10:30:00,-0.4198598087990604
2019-08-14 10:33:00,-0.3655878260742611
2019-08-14 10:36:00,-0.44252330077597435
2019-08-14 10:39:00,-0.39952850220214486
2019-08-14 10:42:00,-0.3801433188174883
2019-08-14 10:45:00,-0.3894664648823323
2019-08-14 10:48:00,-0.3935658492135303
2019-08-14 10:51:00,-0.33391765020337516
2019-08-14 10:54:00,-0.47477344168839863
2019-08-14 10:57:00,-0.31148492103125136
2019-08-14 11:00:00,-0.3830663042518836
2019-08-14 11:03:00,-0.39012813424523074
2019-08-14 11:06:00,-0.4197327605039618
2019-08-14 11:09:00,-0.45702945245653837
2019-08-14 11:12:00,-0.36829143583901214
2019-08-14 11:15:00,-0.42313146944644586
2019-08-14 11:18:00,-0.4733459008402292
2019-08-14 11:21:00,-0.4164061217047106
2019-08-14 11:24:00,-0.4519537583323654
2019-08-14 11:27:00,-0.4043675301601297
2019-08-14 11:30:00,-0.4147305399222887
2019-08-14 11:33:00,-0.4796768606048545
2019-08-14 11:36:00,-0.4713437166150243
2019-08-14 11:39:00,-0.626436491511754
2019-08-14 11:42:00,-0.49226366336233696
2019-08-14 11:45:00,-0.5669640843893831
2019-08-14 11:48:00,-0.6165040163581921
2019-08-14 11:51:00,-0.49675436979964616
2019-08-14 11:54:00,-0.5667584407353274
2019-08-14 11:57:00,-0.45979432921024
2019-08-14 12:00:00,-0.4747559870256737
2019-08-14 12:03:00,-0.510202394160558
2019-08-14 12:06:00,-0.4903391073814305
2019-08-14 12:09:00,-0.5683835744598582
2019-08-14 12:12:00,-0.5823684348802658
2019-08-14 12:15:00,-0.5033892396971851
2019-08-14 12:18:00,-0.5436699199133272
2019-08-14 12:21:00,-0.5557385501817294
2019-08-14 12:24:00,-0.5662024368830885
2019-08-14 12:27:00,-0.5223935998569118
2019-08-14 12:30:00,-0.539119659178823
2019-08-14 12:33:00,-0.6558202383656067
2019-08-14 12:36:00,-0.4627106727795649
2019-08-14 12:39:00,-0.5092495136376556
2019-08-14 12:42:00,-0.5863392377834771
2019-08-14 12:45:00,-0.4959836159354154
2019-08-14 12:48:00,-0.5268533376990945
2019-08-14 12:51:00,-0.419478220111273
2019-08-14 12:54:00,-0.4584717370426574
2019-08-14 12:57:00,-0.45425263820925466
2019-08-14 13:00:00,-0.5766619362260599
2019-08-14 13:03:00,-0.5253321325577076
2019-08-14 13:06:00,-0.49242410088123734
2019-08-14 13:09:00,-0.4953184436042761
2019-08-14 13:12:00,-0.5475390616438744
2019-08-14 13:15:00,-0.5014324792892353
2019-08-14 13:18:00,-0.4865277095232159
2019-08-14 13:21:00,-0.48335691221797106
2019-08-14 13:24:00,-0.5036702499984358
2019-08-14 13:27:00,-0.52640848138401
2019-08-14 13:30:00,-0.5210424327123064
2019-08-14 13:33:00,-0.5603939106828761
2019-08-14 13:36:00,-0.5361341979894405
2019-08-14 13:39:00,-0.5369906319841107
2019-08-14 13:42:00,-0.5812101323950287
2019-08-14 13:45:00,-0.4442953286832676
2019-08-14 13:48:00,-0.5274394350028615
2019-08-14 13:51:00,-0.5709885379988009
2019-08-14 13:54:00,-0.5677258318600593
2019-08-14 13:57:00,-0.5611504044945832
2019-08-14 14:00:00,-0.4500896054518648
2019-08-14 14:03:00,-0.5416540255624795
2019-08-14 14:06:00,-0.6266150119718645
2019-08-14 14:09:00,-0.5509299785049393
2019-08-14 14:12:00,-0.5433366981016547
2019-08-14 14:15:00,-0.48631570088707576
2019-08-14 14:18:00,-0.5535344164753724
2019-08-14 14:21:00,-0.5604114870783405
2019-08-14 14:24:00,-0.47042664527356237
2019-08-14 14:27:00,-0.4806827929829751
2019-08-14 14:30:00,-0.5802799940375394
2019-08-14 14:33:00,-0.5254080365463096
2019-08-14 14:36:00,-0.5990646841518696
2019-08-14 14:39:00,-0.5638521809607369
2019-08-14 14:42:00,-0.6259196194907304
2019-08-14 14:45:00,-0.5735147938696059
2019-08-14 14:48:00,-0.5684150693965648
2019-08-14 14:51:00,-0.5013598531381263
2019-08-14 14:54:00,-0.6009748278851816
2019-08-14 14:57:00,-0.5152563195451876
2019-08-14 15:00:00,-0.5990994299532417
2019-08-14 15:03:00,-0.5678547628695583
2019-08-14 15:06:00,-0.6170556648706338
2019-08-14 15:09:00,-0.5444313062268407
2019-08-14 15:12:00,-0.6291008446825685
2019-08-14 15:15:00,-0.6110171412312866
2019-08-14 15:18:00,-0.6318508016748865
2019-08-14 15:21:00,-0.6186303952786716
2019-08-14 15:24:00,-0.557977882187572
2019-08-14 15:27:00,-0.5675632545797384
2019-08-14 15:30:00,-0.5411585564339703
2019-08-14 15:33:00,-0.6031415655400565
2019-08-14 15:36:00,-0.47089927384058683
2019-08-14 15:39:00,-0.4784564252645396
2019-08-14 15:42:00,-0.6020462627413963
2019-08-14 15:45:00,-0.6350477704648938
2019-08-14 15:48:00,-0.6250908495707108
2019-08-14 15:51:00,-0.4944210608819617
2019-08-14 15:54:00,-0.5111357669574659
2019-08-14 15:57:00,-0.5487926368035687
2019-08-14 16:00:00,-0.5734715999898867
2019-08-14 16:03:00,-0.5205000282909964
2019-08-14 16:06:00,-0.554070957933618
2019-08-14 16:09:00,-0.47505193923097977
2019-08-14 16:12:00,-0.3694849068634767
2019-08-14 16:15:00,-0.5113359678351799
2019-08-14 16:18:00,-0.43641619890075845
2019-08-14 16:21:00,-0.37292446912391597
2019-08-14 16:24:00,-0.45513674521629355
2019-08-14 16:27:00,-0.454279684119399
2019-08-14 16:30:00,-0.4958008717666189
2019-08-14 16:33:00,-0.44488691327012475
2019-08-14 16:36:00,-0.450147722758345
2019-08-14 16:39:00,-0.362010043317639
2019-08-14 16:42:00,-0.443068637001943
2019-08-14 16:45:00,-0.3441766768592629
2019-08-14 16:48:00,-0.5413187044148913
2019-08-14 16:51:00,-0.422764224909713
2019-08-14 16:54:00,-0.481664862624541
2019-08-14 16:57:00,-0.4680600522646614
2019-08-14 17:00:00,-0.4050668436298679
2019-08-14 17:03:00,-0.3445075633761121
2019-08-14 17:06:00,-0.46837563215058253
2019-08-14 17:09:00,-0.5363822326673926
2019-08-14 17:12:00,-0.4204067185194731
2019-08-14 17:15:00,-0.42893553327871814
2019-08-14 17:18:00,-0.4664481435842731
2019-08-14 17:21:00,-0.5010033571363692
2019-08-14 17:24:00,-0.49203378616897453
2019-08-14 17:27:00,-0.4877797414441716
2019-08-14 17:30:00,-0.4240313774104152
2019-08-14 17:33:00,-0.5110802918047739
2019-08-14 17:36:00,-0.41103375507600504
2019-08-14 17:39:00,-0.442815353615174
2019-08-14 17:42:00,-0.33767536915371466
2019-08-14 17:45:00,-0.3165519238472143
2019-08-14 17:48:00,-0.2896687055441589
2019-08-14 17:51:00,-0.39732231896232406
2019-08-14 17:54:00,-0.3598337957065496
2019-08-14 17:57:00,-0.4767413987653413
2019-08-14 18:00:00,-0.33666446510903825
2019-08-14 18:03:00,-0.401912744490005
2019-08-14 18:06:00,-0.325899035593352
2019-08-14 18:09:00,-0.44676902517835515
2019-08-14 18:12:00,-0.3470251218355429
2019-08-14 18:15:00,-0.39430878989003304
2019-08-14 18:18:00,-0.4330430899367457
2019-08-14 18:21:00,-0.3802315358088322
2019-08-14 18:24:00,-0.4452382319296362
2019-08-14 18:27:00,-0.4131845005363175
2019-08-14 18:30:00,-0.38328622385625977
2019-08-14 18:33:00,-0.2850060193428021
2019-08-14 18:36:00,-0.3602949455057569
2019-08-14 18:39:00,-0.32121683513099697
2019-08-14 18:42:00,-0.29438722748471946
2019-08-14 18:45:00,-0.27358715537070566
2019-08-14 18:48:00,-0.40140162514694566
2019-08-14 18:51:00,-0.2747195332429442
2019-08-14 18:54:00,
2019-08-14 18:57:00,
2019-08-14 19:00:00,
2019-08-14 19:03:00,-0.24542842774786777
2019-08-14 19:06:00,-0.31008231517876084
2019-08-14 19:09:00,-0.2665184486421026
2019-08-14 19:12:00,-0.30779616944033705
2019-08-14 19:15:00,-0.315910945172277
2019-08-14 19:18:00,-0.39554061388281525
2019-08-14 19:21:00,-0.31682812391318294
2019-08-14 19:24:00,-0.2524524398272092
2019-08-14 19:27:00,-0.1851912729146079
2019-08-14 19:30:00,-0.13581812175181085
2019-08-14 19:33:00,-0.07566130112866176
2019-08-14 19:36:00,-0.18130078177489395
2019-08-14 19:39:00,-0.2787250221070394
2019-08-14 19:42:00,-0.310609944726707
2019-08-14 19:45:00,-0.27428540135468893
2019-08-14 19:48:00,-0.20605598741826725
2019-08-14 19:51:00,-0.30599382730736124
2019-08-14 19:54:00,-0.3115906941701496
2019-08-14 19:57:00,-0.2495976542783751
2019-08-14 20:00:00,-0.22475021429437447
2019-08-14 20:03:00,-0.22161934909081538
2019-08-14 20:06:00,-0.30952280851852265
2019-08-14 20:09:00,-0.27774960546588545
2019-08-14 20:12:00,-0.2843796524318236
2019-08-14 20:15:00,-0.25799850283948444
2019-08-14 20:18:00,-0.25322823936073746
2019-08-14 20:21:00,-0.21982411238440136
2019-08-14 20:24:00,-0.3035625618568929
2019-08-14 20:27:00,-0.3010264920731629
2019-08-14 20:30:00,-0.274229995258338
2019-08-14 20:33:00,-0.258550608241535
2019-08-14 20:36:00,-0.20283988788156648
2019-08-14 20:39:00,-0.23216052300159618
2019-08-14 20:42:00,-0.3397283803878963
2019-08-14 20:45:00,-0.24090744613232573
2019-08-14 20:48:00,-0.2113128024600428
2019-08-14 20:51:00,-0.22291897032152974
2019-08-14 20:54:00,-0.232604357301625
2019-08-14 20:57:00,-0.2239310776039929
2019-08-14 21:00:00,-0.2132256510976731
2019-08-14 21:03:00,-0.33958907125156657
2019-08-14 21:06:00,-0.17449693313807302
2019-08-14 21:09:00,-0.19895795747498823
2019-08-14 21:12:00,-0.12832852660943672
2019-08-14 21:15:00,-0.22269451528728723
2019-08-14 21:18:00,-0.16494373258359474
2019-08-14 21:21:00,-0.27401960379688717
2019-08-14 21:24:00,-0.22494857617516573
2019-08-14 21:27:00,-0.22250173861721123
2019-08-14 21:30:00,-0.23701004753741017
2019-08-14 21:33:00,-0.21824993612023036
2019-08-14 21:36:00,-0.2817099886755159
2019-08-14 21:39:00,-0.29549296600617936
2019-08-14 21:42:00,-0.26515738541235123
2019-08-14 21:45:00,-0.2698414898179067
2019-08-14 21:48:00,-0.25947903399548977
2019-08-14 21:51:00,-0.16843850059927945
2019-08-14 21:54:00,-0.22162544125058048
2019-08-14 21:57:00,-0.15435928525459985
2019-08-14 22:00:00,-0.1682618083520424
2019-08-14 22:03:00,-0.23106092082531404
2019-08-14 22:06:00,-0.2894281537718939
2019-08-14 22:09:00,-0.22761365609790118
2019-08-14 22:12:00,-0.2088622982755055
2019-08-14 22:15:00,-0.11381982706376448
2019-08-14 22:18:00,-0.13579198548086424
2019-08-14 22:21:00,-0.17157830603099455
2019-08-14 22:24:00,-0.23044978915601178
2019-08-14 22:27:00,-0.20062980681109366
2019-08-14 22:30:00,-0.2960385521291755
2019-08-14 22:33:00,-0.15272580648985468
2019-08-14 22:36:00,-0.21577093868540942
2019-08-14 22:39:00,-0.14707418978724718
2019-08-14 22:42:00,-0.1502124267134377
2019-08-14 22:45:00,-0.122148262468329
2019-08-14 22:48:00,-0.16153998283368765
2019-08-14 22:51:00,-0.19791579633505307
2019-08-14 22:54:00,-0.19081680859085282
2019-08-14 22:57:00,-0.17241352208327498
2019-08-14 23:00:00,-0.17135588100421728
2019-08-14 23:03:00,-0.21606525006177435
2019-08-14 23:06:00,-0.2011773302366464
2019-08-14 23:09:00,-0.11151841080078384
2019-08-14 23:12:00,-0.08020071482093272
2019-08-14 23:15:00,-0.16326830723068042
2019-08-14 23:18:00,-0.14866687979792914
2019-08-14 23:21:00,-0.11025632781496597
2019-08-14 23:24:00,-0.1265285393711224
2019-08-14 23:27:00,-0.1647845423030958
2019-08-14 23:30:00,-0.16648186405899423
2019-08-14 23:33:00,-0.12290616125488896
2019-08-14 23:36:00,-0.1659607621259056
2019-08-14 23:39:00,-0.01939433457158657
2019-08-14 23:42:00,-0.0955692211394421
2019-08-14 23:45:00,-0.11875675685246279
2019-08-14 23:48:00,-0.14294636685593787
2019-08-14 23:51:00,-0.1851964649900424
2019-08-14 23:54:00,-0.03972968987045533
2019-08-14 23:57:00,-0.09860175792817927
2019-08-15 00:00:00,-0.2057695759174294
2019-08-15 00:03:00,-0.14419855235001933
2019-08-15 00:06:00,-0.05254318377137679
2019-08-15 00:09:00,-0.10699713128161648
2019-08-15 00:12:00,-0.029678765429821397
2019-08-15 00:15:00,-0.11317158766388502
2019-08-15 00:18:00,-0.11157648449602675
2019-08-15 00:21:00,-0.18682455072627135
2019-08-15 00:24:00,-0.1041067205291597
2019-08-15 00:27:00,-0.11516189903710483
2019-08-15 00:30:00,-0.11457455740037403
2019-08-15 00:33:00,-0.19470056898916255
2019-08-15 00:36:00,-0.1314309639016642
2019-08-15 00:39:00,-0.11807389777453636
2019-08-15 00:42:00,-0.24234827689411986
2019-08-15 00:45:00,-0.15329601240301827
2019-08-15 00:48:00,-0.15689238743527767
2019-08-15 00:51:00,-0.22073165522692761
2019-08-15 00:54:00,-0.1885315605455844
2019-08-15 00:57:00,-0.12411562070371929
2019-08-15 01:00:00,-0.1525996387352393
2019-08-15 01:03:00,-0.1485241274643272
2019-08-15 01:06:00,-0.19154096340275828
2019-08-15 01:09:00,-0.12190105748749147
2019-08-15 01:12:00,-0.050153964215894575
2019-08-15 01:15:00,-0.22443208993308872
2019-08-15 01:18:00,-0.2545085831799838
2019-08-15 01:21:00,-0.12832794227455224
2019-08-15 01:24:00,-0.15790212120310798
2019-08-15 01:27:00,-0.06739252248445382
2019-08-15 01:30:00,-0.058614516769921465
2019-08-15 01:33:00,-0.0625703284224528
2019-08-15 01:36:00,-0.07960535364833277
2019-08-15 01:39:00,-0.1400777565118574
2019-08-15 01:42:00,-0.009320944606315607
2019-08-15 01:45:00,-0.19711768145288033
2019-08-15 01:48:00,-0.08531894051452582
2019-08-15 01:51:00,-0.09693911117017251
2019-08-15 01:54:00,-0.08059984256505004
2019-08-15 01:57:00,-0.013449324267639895
2019-08-15 02:00:00,-0.13703340075835513
2019-08-15 02:03:00,-0.004233018337288286
2019-08-15 02:06:00,-0.07116915738333773
2019-08-15 02:09:00,-0.07316052807641427
2019-08-15 02:12:00,-0.08423865026469457
2019-08-15 02:15:00,-0.005888783724685709
2019-08-15 02:18:00,-0.03171319844949494
2019-08-15 02:21:00,-0.08680695908100233
2019-08-15 02:24:00,-0.10259728890156339
2019-08-15 02:27:00,0.004254548862093088
2019-08-15 02:30:00,-0.008159951137201915
2019-08-15 02:33:00,-0.012979611571893201
2019-08-15 02:36:00,0.04976661188050002
2019-08-15 02:39:00,0.08167794142707407
2019-08-15 02:42:00,0.03768814418413058
2019-08-15 02:45:00,0.020533779745562697
2019-08-15 02:48:00,0.0460277863361398
2019-08-15 02:51:00,-0.002349835146674195
2019-08-15 02:54:00,0.06591655204977087
2019-08-15 02:57:00,-0.0020385155527833376
2019-08-15 03:00:00,-0.03514699544484756
2019-08-15 03:03:00,-0.030644211683011235
2019-08-15 03:06:00,0.011308604287592061
2019-08-15 03:09:00,-0.017818599798715695
2019-08-15 03:12:00,-0.07491696627687361
2019-08-15 03:15:00,-0.02158858995051105
2019-08-15 03:18:00,-0.051454846396950416
2019-08-15 03:21:00,0.035554366985138586
2019-08-15 03:24:00,0.079489744586283
2019-08-15 03:27:00,0.11026154689608347
2019-08-15 03:30:00,0.10347033650788262
2019-08-15 03:33:00,0.011218378444198152
2019-08-15 03:36:00,0.04070343411393651
2019-08-15 03:39:00,0.07753304197882471
2019-08-15 03:42:00,0.09376490302747698
2019-08-15 03:45:00,0.02532403649581738
2019-08-15 03:48:00,-0.04894965552375652
2019-08-15 03:51:00,-0.022045696544466864
2019-08-15 03:54:00,-0.018712410282034853
2019-08-15 03:57:00,0.020667529518334504
2019-08-15 04:00:00,0.08253326645422021
2019-08-15 04:03:00,0.017082730238598742
2019-08-15 04:06:00,0.0763485081722024
2019-08-15 04:09:00,0.16526796674799016
2019-08-15 04:12:00,0.14585575019998487
2019-08-15 04:15:00,0.023606821217299512
2019-08-15 04:18:00,0.04006384841881072
2019-08-15 04:21:00,0.019659513607280132
2019-08-15 04:24:00,-0.06726185851374566
2019-08-15 04:27:00,0.03801952461623159
2019-08-15 04:30:00,-0.008626540186298826
2019-08-15 04:33:00,0.09108432738230476
2019-08-15 04:36:00,0.07913679438803456
2019-08-15 04:39:00,0.0166902902375341
2019-08-15 04:42:00,0.11131603999103845
2019-08-15 04:45:00,0.15903518004029138
2019-08-15 04:48:00,0.07837390685585888
2019-08-15 04:51:00,0.10644326375626179
2019-08-15 04:54:00,0.1277228656614966
2019-08-15 04:57:00,0.13405348877222423
2019-08-15 05:00:00,0.1010651450440605
2019-08-15 05:03:00,0.13097496450200197
2019-08-15 05:06:00,0.09628942805801444
2019-08-15 05:09:00,0.045528688057686395
2019-08-15 05:12:00,0.04165225235306025
2019-08-15 05:15:00,0.08958041166420116
2019-08-15 05:18:00,0.14686491169845795
2019-08-15 05:21:00,0.12934140781447923
2019-08-15 05:24:00,0.01846400946550375
2019-08-15 05:27:00,0.115177348721204
2019-08-15 05:30:00,0.036245433005831273
2019-08-15 05:33:00,0.12324710865698307
2019-08-15 05:36:00,-0.020664371531381676
2019-08-15 05:39:00,0.0825188467884459
2019-08-15 05:42:00,-0.004867924810753266
2019-08-15 05:45:00,0.07242973342403047
2019-08-15 05:48:00,0.14917718455672002
2019-08-15 05:51:00,0.05754236243126343
2019-08-15 05:54:00,0.03243780081169234
2019-08-15 05:57:00,0.10045181845674733
2019-08-15 06:00:00,0.0223818083791798
2019-08-15 06:03:00,0.06435976702647395
2019-08-15 06:06:00,0.12776995025069482
2019-08-15 06:09:00,0.12113214390103622
2019-08-15 06:12:00,0.10381407246325125
2019-08-15 06:15:00,0.2122812852967968
2019-08-15 06:18:00,0.15641552159615912
2019-08-15 06:21:00,0.07837191863444559
2019-08-15 06:24:00,0.21160995783145609
2019-08-15 06:27:00,0.058509267219506
2019-08-15 06:30:00,0.09069805115944973
2019-08-15 06:33:00,0.0687673021629962
2019-08-15 06:36:00,0.10904505807889109
2019-08-15 06:39:00,0.06918786135412347
2019-08-15 06:42:00,0.08135303295870244
2019-08-15 06:45:00,0.11308895265682395
2019-08-15 06:48:00,0.17456541981022156
2019-08-15 06:51:00,0.183152198487619
2019-08-15 06:54:00,0.16948502561763235
2019-08-15 06:57:00,0.10634730977153595
2019-08-15 07:00:00,0.11792763497282976
2019-08-15 07:03:00,0.1454989652261247
2019-08-15 07:06:00,0.12280706127654639
2019-08-15 07:09:00,0.22987529907538828
2019-08-15 07:12:00,0.10282900252951777
2019-08-15 07:15:00,0.1784054976463949
2019-08-15 07:18:00,0.12522041377513915
2019-08-15 07:21:00,0.1499155709299771
2019-08-15 07:24:00,0.13439578738035607
2019-08-15 07:27:00,0.10990083996887279
2019-08-15 07:30:00,0.16569212896826002
2019-08-15 07:33:00,0.16627467923143513
2019-08-15 07:36:00,0.13514417091886344
2019-08-15 07:39:00,0.10315770222371157
2019-08-15 07:42:00,0.1911090008929932
2019-08-15 07:45:00,0.054408421931782414
2019-08-15 07:48:00,0.1364071052696545
2019-08-15 07:51:00,0.18784162112217473
2019-08-15 07:54:00,0.06692978945278583
2019-08-15 07:57:00,0.039465731336235876
2019-08-15 08:00:00,0.10952062096941972
2019-08-15 08:03:00,-0.02358929163301582
2019-08-15 08:06:00,0.08916072221171589
2019-08-15 08:09:00,-0.043271592863391106
2019-08-15 08:12:00,0.13284931332543692
2019-08-15 08:15:00,0.025188792114590797
2019-08-15 08:18:00,0.05342108229979203
2019-08-15 08:21:00,0.12360260672051027
2019-08-15 08:24:00,-0.02458949135387911
2019-08-15 08:27:00,-0.04988437010973712
2019-08-15 08:30:00,-0.06890704322017882
2019-08-15 08:33:00,-0.11906095604854272
2019-08-15 08:36:00,-0.06930585900164488
2019-08-15 08:39:00,-0.036820064465587166
2019-08-15 08:42:00,-0.1304520834027585
2019-08-15 08:45:00,-0.07494230969257387
2019-08-15 08:48:00,-0.007136180535837866
2019-08-15 08:51:00,-0.024733032369965713
2019-08-15 08:54:00,-0.08662542162124964
2019-08-15 08:57:00,-0.044184722999432324
2019-08-15 09:00:00,-0.0880615279326662
2019-08-15 09:03:00,-0.1506502400984573
2019-08-15 09:06:00,-0.15832058959841788
2019-08-15 09:09:00,-0.145399078367916
2019-08-15 09:12:00,-0.13760445687609035
2019-08-15 09:15:00,-0.1988494356730257
2019-08-15 09:18:00,-0.16153245951682038
2019-08-15 09:21:00,-0.18956336246270666
2019-08-15 09:24:00,-0.21979286588532432
2019-08-15 09:27:00,-0.24073843207895607
2019-08-15 09:30:00,-0.18058310661263022
2019-08-15 09:33:00,-0.18519934877576816
2019-08-15 09:36:00,-0.20803329849047714
2019-08-15 09:39:00,-0.19591637959632635
2019-08-15 09:42:00,-0.2568203624971943
2019-08-15 09:45:00,-0.22148922682436023
2019-08-15 09:48:00,-0.2204651181454551
2019-08-15 09:51:00,-0.22820363677095656
2019-08-15 09:54:00,-0.2978678851071095
2019-08-15 09:57:00,-0.21059484549584795
2019-08-15 10:00:00,-0.2530520956117357
2019-08-15 10:03:00,-0.21200862843824098
2019-08-15 10:06:00,-0.22200708526634116
2019-08-15 10:09:00,-0.2511625835925315
2019-08-15 10:12:00,-0.2616107174068816
2019-08-15 10:15:00,-0.3148724403075107
2019-08-15 10:18:00,-0.23810536963276263
2019-08-15 10:21:00,-0.2949785423433582
2019-08-15 10:24:00,-0.26379989760795297
2019-08-15 10:27:00,-0.3130228794845493
2019-08-15 10:30:00,-0.35972094879303995
2019-08-15 10:33:00,-0.39124316211439236
2019-08-15 10:36:00,-0.3751744832896975
2019-08-15 10:39:00,-0.3988087147560009
2019-08-15 10:42:00,-0.39514171807041976
2019-08-15 10:45:00,-0.33753980160639685
2019-08-15 10:48:00,-0.31656705135270613
2019-08-15 10:51:00,-0.32909503583061905
2019-08-15 10:54:00,-0.40756226398292483
2019-08-15 10:57:00,-0.39154664586561694
2019-08-15 11:00:00,-0.32340609661815733
2019-08-15 11:03:00,-0.41491122526576873
2019-08-15 11:06:00,-0.3825425374984093
2019-08-15 11:09:00,-0.306907547631738
2019-08-15 11:12:00,-0.4357931157205144
2019-08-15 11:15:00,-0.3984892913009048
2019-08-15 11:18:00,-0.4102467951228732
2019-08-15 11:21:00,-0.45827309429000707
2019-08-15 11:24:00,-0.3996953031364683
2019-08-15 11:27:00,-0.37890712055053655
2019-08-15 11:30:00,-0.3489192400816705
2019-08-15 11:33:00,-0.4520083321239099
2019-08-15 11:36:00,-0.4799264354947468
2019-08-15 11:39:00,-0.3813114058939391
2019-08-15 11:42:00,-0.40788470565684065
2019-08-15 11:45:00,-0.3828811332696205
2019-08-15 11:48:00,-0.31350338792077537
2019-08-15 11:51:00,-0.2963172668486891
2019-08-15 11:54:00,-0.4499565836911188
2019-08-15 11:57:00,-0.4187967420275527
2019-08-15 12:00:00,-0.3546849291096805
2019-08-15 12:03:00,-0.43147781051578704
2019-08-15 12:06:00,-0.45135934059987903
2019-08-15 12:09:00,-0.424882270129217
2019-08-15 12:12:00,-0.26812223219462794
2019-08-15 12:15:00,-0.2876196565370037
2019-08-15 12:18:00,-0.2715408949251241
2019-08-15 12:21:00,-0.19086956518219722
2019-08-15 12:24:00,-0.3035423103153789
2019-08-15 12:27:00,-0.14262332098280694
2019-08-15 12:30:00,-0.029648468207994938
2019-08-15 12:33:00,-0.09662893649039006
2019-08-15 12:36:00,0.06530838179872944
2019-08-15 12:39:00,-0.014235746177348574
2019-08-15 12:42:00,0.030426794559048176
2019-08-15 12:45:00,-0.0335513657755655
2019-08-15 12:48:00,-0.10153078488968958
2019-08-15 12:51:00,-0.2161839187472765
2019-08-15 12:54:00,-0.3647011492982415
2019-08-15 12:57:00,-0.213701759367666
2019-08-15 13:00:00,-0.16921564408988843
2019-08-15 13:03:00,-0.2978309992731738
2019-08-15 13:06:00,-0.42964564012726214
2019-08-15 13:09:00,-0.4208419742316778
2019-08-15 13:12:00,-0.3191929022041222
2019-08-15 13:15:00,-0.2987960997342043
2019-08-15 13:18:00,-0.12025732859734717
2019-08-15 13:21:00,-0.09427982076084618
2019-08-15 13:24:00,-0.0396031144139215
2019-08-15 13:27:00,-0.17495275949744382
2019-08-15 13:30:00,-0.18449185501407328
2019-08-15 13:33:00,-0.24034093230045528
2019-08-15 13:36:00,-0.2743041128636605
2019-08-15 13:39:00,-0.25535950039096633
2019-08-15 13:42:00,-0.4245812416006629
2019-08-15 13:45:00,-0.37865847478178694
2019-08-15 13:48:00,-0.38269849820636637
2019-08-15 13:51:00,-0.3395516178707112
2019-08-15 13:54:00,-0.2543745195443421
2019-08-15 13:57:00,-0.2381953289296348
2019-08-15 14:00:00,-0.148894069797052
2019-08-15 14:03:00,-0.15270207414420156
2019-08-15 14:06:00,-0.10596520906119622
2019-08-15 14:09:00,-0.11699755566058911
2019-08-15 14:12:00,-0.24353417410208067
2019-08-15 14:15:00,-0.2730100748915447
2019-08-15 14:18:00,-0.39662075124959983
2019-08-15 14:21:00,-0.38324154463742843
2019-08-15 14:24:00,-0.05822534796442369
2019-08-15 14:27:00,-0.18385551015165902
2019-08-15 14:30:00,-0.1021514704430615
2019-08-15 14:33:00,-0.13708331872697954
2019-08-15 14:36:00,-0.25435952558405006
2019-08-15 14:39:00,-0.44484576256627406
2019-08-15 14:42:00,-0.41105037488682683
2019-08-15 14:45:00,-0.4069425929303634
2019-08-15 14:48:00,-0.45410067548789357
2019-08-15 14:51:00,-0.436901046587991
2019-08-15 14:54:00,-0.2534747952457792
2019-08-15 14:57:00,-0.3735129314587198
2019-08-15 15:00:00,-0.4775049895549728
2019-08-15 15:03:00,-0.3808800146375688
2019-08-15 15:06:00,-0.6375002486125823
2019-08-15 15:09:00,-0.5408911752615495
2019-08-15 15:12:00,-0.6252311532778094
2019-08-15 15:15:00,-0.5857637815441876
2019-08-15 15:18:00,-0.6141950236274738
2019-08-15 15:21:00,-0.5087901980428455
2019-08-15 15:24:00,-0.45319500136093893
2019-08-15 15:27:00,-0.5613638912201964
2019-08-15 15:30:00,-0.5913658017417447
2019-08-15 15:33:00,-0.6326517966201664
2019-08-15 15:36:00,-0.5682888406446978
2019-08-15 15:39:00,-0.5466962923247252
2019-08-15 15:42:00,-0.5820850592663191
2019-08-15 15:45:00,-0.5871867006208049
2019-08-15 15:48:00,-0.46305082066510295
2019-08-15 15:51:00,-0.4898480138206196
2019-08-15 15:54:00,-0.5839564668149819
2019-08-15 15:57:00,-0.5363758205803606
2019-08-15 16:00:00,-0.44815321936147257
2019-08-15 16:03:00,-0.49136079313274195
2019-08-15 16:06:00,-0.5590472694962045
2019-08-15 16:09:00,-0.6076780223208402
2019-08-15 16:12:00,-0.7422777084602217
2019-08-15 16:15:00,-0.6863317206450574
2019-08-15 16:18:00,-0.621786341089205
2019-08-15 16:21:00,-0.6106259516420209
2019-08-15 16:24:00,-0.7265386972970305
2019-08-15 16:27:00,-0.6992648335837544
2019-08-15 16:30:00,-0.5793818578109722
2019-08-15 16:33:00,-0.6191549825618949
2019-08-15 16:36:00,-0.6079637490380492
2019-08-15 16:39:00,-0.6826003351140457
2019-08-15 16:42:00,-0.6403816474445989
2019-08-15 16:45:00,-0.6434410098710828
2019-08-15 16:48:00,-0.5212465290358637
2019-08-15 16:51:00,-0.6291722861096787
2019-08-15 16:54:00,-0.6031537005324594
2019-08-15 16:57:00,-0.5564825078827198
2019-08-15 17:00:00,-0.5816957711413124
2019-08-15 17:03:00,-0.4944256810916272
2019-08-15 17:06:00,-0.48519086370953346
2019-08-15 17:09:00,-0.5289443672351695
2019-08-15 17:12:00,-0.5587642085687321
2019-08-15 17:15:00,-0.3921204749809135
2019-08-15 17:18:00,-0.5150179915498825
2019-08-15 17:21:00,-0.47240232870723275
2019-08-15 17:24:00,-0.48940482000779184
2019-08-15 17:27:00,-0.3734245327426038
2019-08-15 17:30:00,-0.4588166963810636
2019-08-15 17:33:00,-0.41609556018920557
2019-08-15 17:36:00,-0.3395657407853605
2019-08-15 17:39:00,-0.33675054611092037
2019-08-15 17:42:00,-0.3344205486349665
2019-08-15 17:45:00,-0.3207809827943038
2019-08-15 17:48:00,-0.3480046021406906
2019-08-15 17:51:00,-0.3552776973705818
2019-08-15 17:54:00,-0.36186770828669523
2019-08-15 17:57:00,-0.39327968319719275
2019-08-15 18:00:00,-0.31808917598493736
2019-08-15 18:03:00,-0.2862759621164628
2019-08-15 18:06:00,-0.10726072453888946
2019-08-15 18:09:00,-0.24777348890160056
2019-08-15 18:12:00,-0.23462864140384454
2019-08-15 18:15:00,-0.27066355215964677
2019-08-15 18:18:00,-0.18999033917810948
2019-08-15 18:21:00,-0.3086483976229033
2019-08-15 18:24:00,-0.2428262238254888
2019-08-15 18:27:00,-0.21700110374331416
2019-08-15 18:30:00,-0.1897433856268549
2019-08-15 18:33:00,-0.1799492496929247
2019-08-15 18:36:00,-0.2900698246484694
2019-08-15 18:39:00,-0.2468101705095478
2019-08-15 18:42:00,-0.16856387368892456
2019-08-15 18:45:00,-0.36700991083972667
2019-08-15 18:48:00,-0.24617598827796883
2019-08-15 18:51:00,-0.3641434474646985
2019-08-15 18:54:00,
2019-08-15 18:57:00,
2019-08-15 19:00:00,
2019-08-15 19:03:00,-0.19020234859783614
2019-08-15 19:06:00,-0.3935377877751307
2019-08-15 19:09:00,-0.2911787507724739
2019-08-15 19:12:00,-0.4006989724769028
2019-08-15 19:15:00,-0.34146821855080134
2019-08-15 19:18:00,-0.3019720783901221
2019-08-15 19:21:00,-0.3068299802213801
2019-08-15 19:24:00,-0.30398447452074606
2019-08-15 19:27:00,-0.36932778517478937
2019-08-15 19:30:00,-0.3190422652083953
2019-08-15 19:33:00,-0.36130997942785825
2019-08-15 19:36:00,-0.3727508516853959
2019-08-15 19:39:00,-0.3504593240724603
2019-08-15 19:42:00,-0.3405853397081273
2019-08-15 19:45:00,-0.38101738952678943
2019-08-15 19:48:00,-0.3482894738247069
2019-08-15 19:51:00,-0.3539050708989748
2019-08-15 19:54:00,-0.31893993933653064
2019-08-15 19:57:00,-0.2977462159303741
2019-08-15 20:00:00,-0.16289338162613376
2019-08-15 20:03:00,-0.1593545133932821
2019-08-15 20:06:00,-0.22678843059486553
2019-08-15 20:09:00,-0.08761417047207942
2019-08-15 20:12:00,-0.2366202062698335
2019-08-15 20:15:00,-0.1605513572746986
2019-08-15 20:18:00,-0.29637575570836816
2019-08-15 20:21:00,-0.28572457438076526
2019-08-15 20:24:00,-0.23445079207738218
2019-08-15 20:27:00,-0.24076591663640556
2019-08-15 20:30:00,-0.19292175797266964
2019-08-15 20:33:00,-0.21521705056420615
2019-08-15 20:36:00,-0.14872077476559298
2019-08-15 20:39:00,-0.10872020578528918
2019-08-15 20:42:00,-0.21984574124104483
2019-08-15 20:45:00,-0.051456545637449835
2019-08-15 20:48:00,-0.1367080619305625
2019-08-15 20:51:00,-0.10203388081282583
2019-08-15 20:54:00,-0.1427763920010534
2019-08-15 20:57:00,-0.2251989627265516
2019-08-15 21:00:00,-0.09975150471905181
2019-08-15 21:03:00,-0.21189252742607323
2019-08-15 21:06:00,-0.0756233246270881
2019-08-15 21:09:00,-0.10429526856705706
2019-08-15 21:12:00,-0.15255388917950086
2019-08-15 21:15:00,-0.11643725411573769
2019-08-15 21:18:00,-0.1238319441986846
2019-08-15 21:21:00,-0.23841430031842492
2019-08-15 21:24:00,-0.20386845503151108
2019-08-15 21:27:00,-0.1716597170991463
2019-08-15 21:30:00,-0.16822206505645454
2019-08-15 21:33:00,-0.2048506349005379
2019-08-15 21:36:00,-0.10887356627995359
2019-08-15 21:39:00,-0.15785161019329053
2019-08-15 21:42:00,-0.06822305057767153
2019-08-15 21:45:00,-0.26254301983732375
2019-08-15 21:48:00,-0.12321585417845426
2019-08-15 21:51:00,-0.1846760910148646
2019-08-15 21:54:00,-0.13254592497418116
2019-08-15 21:57:00,-0.20449156802192192
2019-08-15 22:00:00,-0.26057024758881653
2019-08-15 22:03:00,-0.21486629987111883
2019-08-15 22:06:00,-0.2111945765802261
2019-08-15 22:09:00,-0.27040523596093635
2019-08-15 22:12:00,-0.20767732710498876
2019-08-15 22:15:00,-0.1843757222717386
2019-08-15 22:18:00,-0.2819035228566804
2019-08-15 22:21:00,-0.10231923317968494
2019-08-15 22:24:00,-0.160493690598571
2019-08-15 22:27:00,-0.13733881526627556
2019-08-15 22:30:00,-0.18409597930155996
2019-08-15 22:33:00,-0.14056775436171165
2019-08-15 22:36:00,-0.3062545316948899
2019-08-15 22:39:00,-0.19615440340743362
2019-08-15 22:42:00,-0.26191515841759383
2019-08-15 22:45:00,-0.20978880299600178
2019-08-15 22:48:00,-0.26686722805555974
2019-08-15 22:51:00,-0.2318194809175793
2019-08-15 22:54:00,-0.24688350157668992
2019-08-15 22:57:00,-0.2751763804259326
2019-08-15 23:00:00,-0.14737592888542395
2019-08-15 23:03:00,-0.2658577654885903
2019-08-15 23:06:00,-0.13190240503030282
2019-08-15 23:09:00,-0.2299908826061028
2019-08-15 23:12:00,-0.16929319076217553
2019-08-15 23:15:00,-0.17219616804891302
2019-08-15 23:18:00,-0.1714938201820928
2019-08-15 23:21:00,-0.12192435792491096
2019-08-15 23:24:00,-0.20575239454183247
2019-08-15 23:27:00,-0.09672870941750489
2019-08-15 23:30:00,-0.11656189899252922
2019-08-15 23:33:00,-0.1352164354927936
2019-08-15 23:36:00,-0.12163223160229109
2019-08-15 23:39:00,-0.13907351591029737
2019-08-15 23:42:00,-0.14817900751438629
2019-08-15 23:45:00,-0.10611646740295555
2019-08-15 23:48:00,-0.06696595862575805
2019-08-15 23:51:00,-0.03974854067138267
2019-08-15 23:54:00,0.029722101059348915
2019-08-15 23:57:00,-0.09995350554902416
2019-08-16 00:00:00,-0.05211097193279102
2019-08-16 00:03:00,-0.02356228460365628
2019-08-16 00:06:00,-0.055729900348978845
2019-08-16 00:09:00,-0.013678571457319322
2019-08-16 00:12:00,0.03006651127236637
2019-08-16 00:15:00,0.05683503601449047
2019-08-16 00:18:00,-0.058265404417909394
2019-08-16 00:21:00,0.10299820309614915
2019-08-16 00:24:00,0.07913047629034509
2019-08-16 00:27:00,-0.01401279268674216
2019-08-16 00:30:00,-0.008386236903106692
2019-08-16 00:33:00,-0.038851099250791776
2019-08-16 00:36:00,-0.057572956163994604
2019-08-16 00:39:00,-0.0432233070005168
2019-08-16 00:42:00,-0.1783966624415143
2019-08-16 00:45:00,0.023964656703924447
2019-08-16 00:48:00,-0.05395871434404853
2019-08-16 00:51:00,-0.043604524528859656
2019-08-16 00:54:00,-0.05814202570491034
2019-08-16 00:57:00,-0.033362775578325454
2019-08-16 01:00:00,-0.0256566046343778
2019-08-16 01:03:00,0.003977550496642834
2019-08-16 01:06:00,-0.09413205209517628
2019-08-16 01:09:00,-0.04242997690738548
2019-08-16 01:12:00,0.01142437400091012
2019-08-16 01:15:00,-0.07680134532466809
2019-08-16 01:18:00,-0.07324645337581615
2019-08-16 01:21:00,-0.000350905913819588
2019-08-16 01:24:00,0.044716441716502686
2019-08-16 01:27:00,0.03450511388570021
2019-08-16 01:30:00,-0.0718485887370548
2019-08-16 01:33:00,-0.074522004360972
2019-08-16 01:36:00,-0.04090797627577558
2019-08-16 01:39:00,-0.06313613814160135
2019-08-16 01:42:00,-0.04276401328849033
2019-08-16 01:45:00,-0.008707454418811267
2019-08-16 01:48:00,-0.08637516185979166
2019-08-16 01:51:00,0.010062468554735915
2019-08-16 01:54:00,-0.02456817439281167
2019-08-16 01:57:00,-0.04898166045978769
2019-08-16 02:00:00,-0.07678629688246019
2019-08-16 02:03:00,-0.045213526219924915
2019-08-16 02:06:00,-0.05435664295026754
2019-08-16 02:09:00,-0.032839176613208565
2019-08-16 02:12:00,-0.16655794776113453
2019-08-16 02:15:00,-0.16168162398776076
2019-08-16 02:18:00,-0.10609261395450176
2019-08-16 02:21:00,-0.07739141325464516
2019-08-16 02:24:00,-0.0933198536481541
2019-08-16 02:27:00,-0.15310857714700887
2019-08-16 02:30:00,0.02149073925073708
2019-08-16 02:33:00,-0.016145643219147132
2019-08-16 02:36:00,-0.06529037048238706
2019-08-16 02:39:00,-0.0076123792153453
2019-08-16 02:42:00,-0.0826227328456639
2019-08-16 02:45:00,0.012370999298070728
2019-08-16 02:48:00,-0.07201629140286059
2019-08-16 02:51:00,-0.015785979205247713
2019-08-16 02:54:00,0.008617217021026136
2019-08-16 02:57:00,-0.051287759231627206
2019-08-16 03:00:00,-0.001363865306700518
2019-08-16 03:03:00,-0.004169008879614466
2019-08-16 03:06:00,-0.009938115129102698
2019-08-16 03:09:00,-0.03768909116388386
2019-08-16 03:12:00,-0.035410221015411025
2019-08-16 03:15:00,-0.023825463393109203
2019-08-16 03:18:00,0.06144548605431055
2019-08-16 03:21:00,0.0429673788540299
2019-08-16 03:24:00,0.007415521670111502
2019-08-16 03:27:00,-0.014109836231170902
2019-08-16 03:30:00,-0.10288278644407
2019-08-16 03:33:00,-0.17186113142963677
2019-08-16 03:36:00,-0.015195580231136319
2019-08-16 03:39:00,-0.06284543437772072
2019-08-16 03:42:00,-0.0948330391747163
2019-08-16 03:45:00,-0.025625273426953754
2019-08-16 03:48:00,-0.11144925781809434
2019-08-16 03:51:00,-0.037001989866269014
2019-08-16 03:54:00,-0.05996772962191699
2019-08-16 03:57:00,-0.05109360282568787
2019-08-16 04:00:00,-0.021094388442406853
2019-08-16 04:03:00,-0.0570851621691304
2019-08-16 04:06:00,-0.07328353211710237
2019-08-16 04:09:00,-0.07182829036543126
2019-08-16 04:12:00,-0.03602855679946515
2019-08-16 04:15:00,-0.009332594981174225
2019-08-16 04:18:00,-0.05364424732937323
2019-08-16 04:21:00,-0.09868774125982327
2019-08-16 04:24:00,0.026461656735762062
2019-08-16 04:27:00,-0.011202417256072295
2019-08-16 04:30:00,-0.020038341544079685
2019-08-16 04:33:00,0.12027064852378544
2019-08-16 04:36:00,0.006765106985142211
2019-08-16 04:39:00,0.10422705468954518
2019-08-16 04:42:00,0.12496071611786874
2019-08-16 04:45:00,0.08605154147744543
2019-08-16 04:48:00,-0.11999470514865607
2019-08-16 04:51:00,-0.0006532272609547363
2019-08-16 04:54:00,-0.06475350360528864
2019-08-16 04:57:00,-0.009736999942219882
2019-08-16 05:00:00,-0.025513422518201878
2019-08-16 05:03:00,0.013441165603239824
2019-08-16 05:06:00,0.0652824491197066
2019-08-16 05:09:00,-0.016453073096499793
2019-08-16 05:12:00,0.03678980235719109
2019-08-16 05:15:00,0.057591522703887676
2019-08-16 05:18:00,0.0348189944776891
2019-08-16 05:21:00,0.0995322297433745
2019-08-16 05:24:00,0.1774218353808692
2019-08-16 05:27:00,0.0343689680511261
2019-08-16 05:30:00,0.10570903701085399
2019-08-16 05:33:00,0.07001022127298029
2019-08-16 05:36:00,0.13104740850883445
2019-08-16 05:39:00,0.050928424421499585
2019-08-16 05:42:00,0.09082766194291025
2019-08-16 05:45:00,0.0415517200729596
2019-08-16 05:48:00,0.027003878538153003
2019-08-16 05:51:00,0.14441799990891013
2019-08-16 05:54:00,0.11970346508809371
2019-08-16 05:57:00,0.12770798220878987
2019-08-16 06:00:00,0.13121839051473216
2019-08-16 06:03:00,0.055300940469749094
2019-08-16 06:06:00,0.1849392086156172
2019-08-16 06:09:00,0.09966601319075608
2019-08-16 06:12:00,0.12342025116259947
2019-08-16 06:15:00,0.022469853801680983
2019-08-16 06:18:00,0.031389242609179746
2019-08-16 06:21:00,0.13217761582518506
2019-08-16 06:24:00,0.14218089704058912
2019-08-16 06:27:00,0.11121051672733984
2019-08-16 06:30:00,-0.04031944075387628
2019-08-16 06:33:00,-0.0034758216409045417
2019-08-16 06:36:00,0.06812992334710088
2019-08-16 06:39:00,-0.01753673656708088
2019-08-16 06:42:00,0.044470107313543394
2019-08-16 06:45:00,0.13882159256888826
2019-08-16 06:48:00,-0.019625111941763862
2019-08-16 06:51:00,0.04252799094490456
2019-08-16 06:54:00,0.08801151535442386
2019-08-16 06:57:00,0.13850939075877022
2019-08-16 07:00:00,-0.0005606613963209384
2019-08-16 07:03:00,0.18446636458122612
2019-08-16 07:06:00,-0.036611264697512524
2019-08-16 07:09:00,0.042340727077714746
2019-08-16 07:12:00,0.1597871687409338
2019-08-16 07:15:00,0.153187635875895
2019-08-16 07:18:00,0.0928060853876218
2019-08-16 07:21:00,0.08999989796700447
2019-08-16 07:24:00,0.14255137818241792
2019-08-16 07:27:00,0.16902617822728416
2019-08-16 07:30:00,0.09476599579272715
2019-08-16 07:33:00,0.0346105515282602
2019-08-16 07:36:00,0.07986929560951239
2019-08-16 07:39:00,0.04466808042047887
2019-08-16 07:42:00,-0.09898660521508873
2019-08-16 07:45:00,0.05755800758885243
2019-08-16 07:48:00,0.18803379058584824
2019-08-16 07:51:00,0.25158270589969334
2019-08-16 07:54:00,0.450619999894343
2019-08-16 07:57:00,0.5739838357442295
2019-08-16 08:00:00,0.48976094778345214
2019-08-16 08:03:00,0.46505088614520673
2019-08-16 08:06:00,0.45638058074780474
2019-08-16 08:09:00,0.15925341184436093
2019-08-16 08:12:00,0.17372852155227747
2019-08-16 08:15:00,0.16059505966637744
2019-08-16 08:18:00,0.1599941723920324
2019-08-16 08:21:00,0.1806976497322239
2019-08-16 08:24:00,0.3764446840909841
2019-08-16 08:27:00,0.3904171221908541
2019-08-16 08:30:00,0.2802720080860581
2019-08-16 08:33:00,0.2842198527397386
2019-08-16 08:36:00,0.2064566394258236
2019-08-16 08:39:00,0.3019551719341962
2019-08-16 08:42:00,0.23319075071327688
2019-08-16 08:45:00,0.15369213482568966
2019-08-16 08:48:00,0.17854396678359308
2019-08-16 08:51:00,0.22225014434786772
2019-08-16 08:54:00,0.21462500436882692
2019-08-16 08:57:00,0.08317875046782319
2019-08-16 09:00:00,0.22752206839550126
2019-08-16 09:03:00,0.24457160635665787
2019-08-16 09:06:00,0.2229408993234756
2019-08-16 09:09:00,0.3230747037166566
2019-08-16 09:12:00,0.26147242494170087
2019-08-16 09:15:00,0.4310117374917013
2019-08-16 09:18:00,0.3221003534441138
2019-08-16 09:21:00,0.25576017324794975
2019-08-16 09:24:00,0.3448228270431173
2019-08-16 09:27:00,0.22507810353528157
2019-08-16 09:30:00,0.25538731315538143
2019-08-16 09:33:00,0.29089506430130996
2019-08-16 09:36:00,0.25234664500226245
2019-08-16 09:39:00,0.2248316812066946
2019-08-16 09:42:00,0.19042834937613407
2019-08-16 09:45:00,0.205842595430056
2019-08-16 09:48:00,0.19252641073120458
2019-08-16 09:51:00,0.19258805492182773
2019-08-16 09:54:00,0.1990741163981511
2019-08-16 09:57:00,0.2472767480433049
2019-08-16 10:00:00,0.19366239205521651
2019-08-16 10:03:00,0.12268477606170336
2019-08-16 10:06:00,0.1916952363849873
2019-08-16 10:09:00,0.1544150584947488
2019-08-16 10:12:00,0.16168312684271768
2019-08-16 10:15:00,0.13622225690863843
2019-08-16 10:18:00,0.13420115750847117
2019-08-16 10:21:00,0.2424756862356503
2019-08-16 10:24:00,0.11955787555547204
2019-08-16 10:27:00,0.020206701702136343
2019-08-16 10:30:00,0.026614358779738723
2019-08-16 10:33:00,0.05705023643582763
2019-08-16 10:36:00,0.08867767129402182
2019-08-16 10:39:00,0.07862381060800772
2019-08-16 10:42:00,0.08637805512245222
2019-08-16 10:45:00,0.002997271335402729
2019-08-16 10:48:00,0.14670420293060715
2019-08-16 10:51:00,0.08641808716720334
2019-08-16 10:54:00,-0.05138112123677274
2019-08-16 10:57:00,0.07357716294302463
2019-08-16 11:00:00,0.08694266990670485
2019-08-16 11:03:00,0.0021647263896511504
2019-08-16 11:06:00,0.02535418766382236
2019-08-16 11:09:00,-0.03981334292581096
2019-08-16 11:12:00,-0.02215245529873755
2019-08-16 11:15:00,0.010919827735790477
2019-08-16 11:18:00,-0.04785212146310869
2019-08-16 11:21:00,-0.012086322468576327
2019-08-16 11:24:00,-0.04993176545167444
2019-08-16 11:27:00,-0.009124755227333026
2019-08-16 11:30:00,0.09233767795916492
2019-08-16 11:33:00,0.02691665005698951
2019-08-16 11:36:00,0.15922223512626488
2019-08-16 11:39:00,0.026157311249903614
2019-08-16 11:42:00,-0.06369876013218345
2019-08-16 11:45:00,0.014467297684007008
2019-08-16 11:48:00,0.07479001855017486
2019-08-16 11:51:00,0.02185448002717294
2019-08-16 11:54:00,-0.028633662432866913
2019-08-16 11:57:00,0.10287610071100062
2019-08-16 12:00:00,0.09445977247185056
2019-08-16 12:03:00,0.09180983082001148
2019-08-16 12:06:00,0.022556480853154426
2019-08-16 12:09:00,-0.041642380486905495
2019-08-16 12:12:00,0.08061982688457192
2019-08-16 12:15:00,0.10229612651545494
2019-08-16 12:18:00,-0.09488758446309475
2019-08-16 12:21:00,0.021631880955965244
2019-08-16 12:24:00,0.02700797723531423
2019-08-16 12:27:00,-0.024769803485526154
2019-08-16 12:30:00,-0.01837919647880426
2019-08-16 12:33:00,0.0020558251993065824
2019-08-16 12:36:00,0.048820666809319846
2019-08-16 12:39:00,-0.087848396263837
2019-08-16 12:42:00,0.006825087828588039
2019-08-16 12:45:00,-0.025247222397183577
2019-08-16 12:48:00,0.09088022048075572
2019-08-16 12:51:00,0.07812971519416578
2019-08-16 12:54:00,0.024529947449593692
2019-08-16 12:57:00,0.043378276079408806
2019-08-16 13:00:00,0.15306252724525393
2019-08-16 13:03:00,0.25788466259893994
2019-08-16 13:06:00,0.09868987257647177
2019-08-16 13:09:00,0.10806756432532438
2019-08-16 13:12:00,0.07084189052329748
2019-08-16 13:15:00,0.09028742279326707
2019-08-16 13:18:00,0.17572181630214345
2019-08-16 13:21:00,0.2210688243523009
2019-08-16 13:24:00,0.18171489060273416
2019-08-16 13:27:00,0.11599471475921064
2019-08-16 13:30:00,0.33278079659453397
2019-08-16 13:33:00,0.3347512575009546
2019-08-16 13:36:00,0.34983442193265546
2019-08-16 13:39:00,0.2063993933314805
2019-08-16 13:42:00,0.15074073903434737
2019-08-16 13:45:00,0.16214414829676116
2019-08-16 13:48:00,0.13060143072141273
2019-08-16 13:51:00,0.1383960522694565
2019-08-16 13:54:00,0.10360270229824664
2019-08-16 13:57:00,0.2722766022781684
2019-08-16 14:00:00,0.19373842881390146
2019-08-16 14:03:00,0.2050331507173837
2019-08-16 14:06:00,0.2693430056894499
2019-08-16 14:09:00,0.38217135200989105
2019-08-16 14:12:00,0.36707717062580514
2019-08-16 14:15:00,0.18760899785962692
2019-08-16 14:18:00,0.14313886351351357
2019-08-16 14:21:00,0.1582803951915821
2019-08-16 14:24:00,0.15512267577588545
2019-08-16 14:27:00,-0.004114048283952343
2019-08-16 14:30:00,0.1026649931284851
2019-08-16 14:33:00,0.3080278855189249
2019-08-16 14:36:00,0.3716582145391385
2019-08-16 14:39:00,0.22047519877429522
2019-08-16 14:42:00,0.2902388282889774
2019-08-16 14:45:00,0.27843496026338244
2019-08-16 14:48:00,0.03216475565631072
2019-08-16 14:51:00,0.040952072087634406
2019-08-16 14:54:00,0.1018629095125334
2019-08-16 14:57:00,-0.061734240350006075
2019-08-16 15:00:00,-0.12137027081189444
2019-08-16 15:03:00,-0.12707997827254758
2019-08-16 15:06:00,-0.1921379266248664
2019-08-16 15:09:00,-0.08297717228879264
2019-08-16 15:12:00,-0.14264746591879884
2019-08-16 15:15:00,-0.08412314233811458
2019-08-16 15:18:00,0.4618706221754678
2019-08-16 15:21:00,0.4763257026460792
2019-08-16 15:24:00,0.349688818044001
2019-08-16 15:27:00,0.4022556514947837
2019-08-16 15:30:00,0.42812205008891624
2019-08-16 15:33:00,0.20599170303847814
2019-08-16 15:36:00,0.16533148611307524
2019-08-16 15:39:00,0.34823907959378175
2019-08-16 15:42:00,0.3215689872689609
2019-08-16 15:45:00,0.462459939976668
2019-08-16 15:48:00,0.49035343461196135
2019-08-16 15:51:00,0.42277749280810895
2019-08-16 15:54:00,0.3045966207590709
2019-08-16 15:57:00,0.29241371790277526
2019-08-16 16:00:00,0.11322600761536705
2019-08-16 16:03:00,0.1188066764997302
2019-08-16 16:06:00,0.2271555715329896
2019-08-16 16:09:00,0.4381170834012096
2019-08-16 16:12:00,0.6491580199952409
2019-08-16 16:15:00,0.4895858225693246
2019-08-16 16:18:00,0.5094385931275838
2019-08-16 16:21:00,0.5792132206004794
2019-08-16 16:24:00,0.6140377695205643
2019-08-16 16:27:00,0.2181111223524681
2019-08-16 16:30:00,0.09889954225440079
2019-08-16 16:33:00,0.048369713226009026
2019-08-16 16:36:00,0.1478844103214101
2019-08-16 16:39:00,0.48166629581322695
2019-08-16 16:42:00,0.4880091715070307
2019-08-16 16:45:00,0.45206787978770535
2019-08-16 16:48:00,0.374372428708341
2019-08-16 16:51:00,0.32498320938202596
2019-08-16 16:54:00,0.04510307977568573
2019-08-16 16:57:00,0.1394997133479592
2019-08-16 17:00:00,0.33714501741764025
2019-08-16 17:03:00,0.22937024698592268
2019-08-16 17:06:00,0.43479959233388854
2019-08-16 17:09:00,0.39170894230295517
2019-08-16 17:12:00,0.40980170035328456
2019-08-16 17:15:00,0.20394764710101754
2019-08-16 17:18:00,0.26556966742242594
2019-08-16 17:21:00,0.3237879215492967
2019-08-16 17:24:00,0.3265434350985288
2019-08-16 17:27:00,0.32282479549246546
2019-08-16 17:30:00,0.3691591444502933
2019-08-16 17:33:00,0.3781936282173888
2019-08-16 17:36:00,0.2912726382116375
2019-08-16 17:39:00,0.17604548902602346
2019-08-16 17:42:00,0.31356699075570305
2019-08-16 17:45:00,0.24518937825030207
2019-08-16 17:48:00,0.227308978351914
2019-08-16 17:51:00,0.2699500833119828
2019-08-16 17:54:00,0.21045948558628425
2019-08-16 17:57:00,0.13851283241450574
2019-08-16 18:00:00,0.20380884843831382
2019-08-16 18:03:00,0.33798838381051155
2019-08-16 18:06:00,0.41289182799295077
2019-08-16 18:09:00,0.3321859533857605
2019-08-16 18:12:00,0.2766844138039346
2019-08-16 18:15:00,0.26991988298550496
2019-08-16 18:18:00,0.34338544308525343
2019-08-16 18:21:00,0.22913914063838092
2019-08-16 18:24:00,0.2907536524471084
2019-08-16 18:27:00,0.11424513193338726
2019-08-16 18:30:00,0.1692273828837756
2019-08-16 18:33:00,0.12537854639452917
2019-08-16 18:36:00,0.3428257391460079
2019-08-16 18:39:00,0.4471873269639559
2019-08-16 18:42:00,0.5381149559361234
2019-08-16 18:45:00,0.692188625841311
2019-08-16 18:48:00,0.6562587429482392
2019-08-16 18:51:00,0.5493764766010827
2019-08-16 18:54:00,
2019-08-16 18:57:00,
2019-08-16 19:00:00,
2019-08-16 19:03:00,0.18853884472565596
2019-08-16 19:06:00,0.08356863886382371
2019-08-16 19:09:00,0.13322424839168434
2019-08-16 19:12:00,0.10372319418723919
2019-08-16 19:15:00,0.14560942700779833
2019-08-16 19:18:00,0.1688441165850918
2019-08-16 19:21:00,0.14658518987107527
2019-08-16 19:24:00,0.017391965843046364
2019-08-16 19:27:00,0.1853429628907861
2019-08-16 19:30:00,0.10839377875709033
2019-08-16 19:33:00,0.11507056995930043
2019-08-16 19:36:00,0.22742609382419232
2019-08-16 19:39:00,0.24568708856190824
2019-08-16 19:42:00,0.05007020763957826
2019-08-16 19:45:00,0.09894176066546834
2019-08-16 19:48:00,0.11868319869364541
2019-08-16 19:51:00,0.148385167973629
2019-08-16 19:54:00,0.14449138054516197
2019-08-16 19:57:00,0.08756832813031679
2019-08-16 20:00:00,0.1831123662078653
2019-08-16 20:03:00,0.10474915198034296
2019-08-16 20:06:00,0.06646456839706616
2019-08-16 20:09:00,0.14537343219393506
2019-08-16 20:12:00,0.15568395678900515
2019-08-16 20:15:00,0.2178864165391019
2019-08-16 20:18:00,0.3717167418483882
2019-08-16 20:21:00,0.2542476986481006
2019-08-16 20:24:00,0.2803406830242352
2019-08-16 20:27:00,0.2631342184313894
2019-08-16 20:30:00,0.09576220364584742
2019-08-16 20:33:00,0.2286403428369681
2019-08-16 20:36:00,0.14795960886669945
2019-08-16 20:39:00,0.18913042441158723
2019-08-16 20:42:00,0.2228511205577206
2019-08-16 20:45:00,0.23331933439288832
2019-08-16 20:48:00,0.31960455731319826
2019-08-16 20:51:00,0.2413844773034839
2019-08-16 20:54:00,0.3826488444319125
2019-08-16 20:57:00,0.26477402911871195
2019-08-16 21:00:00,0.44051044331013145
2019-08-16 21:03:00,0.3249955193975893
2019-08-16 21:06:00,0.33644972806808937
2019-08-16 21:09:00,0.3240028724534909
2019-08-16 21:12:00,0.25348524760227065
2019-08-16 21:15:00,0.19834656591029898
2019-08-16 21:18:00,0.23437585808699168
2019-08-16 21:21:00,0.1299598643979607
2019-08-16 21:24:00,0.19756766564779582
2019-08-16 21:27:00,0.16072584882397223
2019-08-16 21:30:00,0.3148040525998681
2019-08-16 21:33:00,0.23371019241892554
2019-08-16 21:36:00,0.29273723186474854
2019-08-16 21:39:00,0.13469059116283688
2019-08-16 21:42:00,0.22131133886006182
2019-08-16 21:45:00,0.15548271059373064
2019-08-16 21:48:00,0.1960038446770227
2019-08-16 21:51:00,0.1739965075482246
2019-08-16 21:54:00,0.11235314061792678
2019-08-16 21:57:00,0.03449292935863468
2019-08-16 22:00:00,0.17362454885181933
2019-08-16 22:03:00,0.1121421057500811
2019-08-16 22:06:00,0.0950036045107936
2019-08-16 22:09:00,0.18809098885208186
2019-08-16 22:12:00,0.11139497857539027
2019-08-16 22:15:00,0.14986738402575384
2019-08-16 22:18:00,0.1598680351990538
2019-08-16 22:21:00,0.2456674018598619
2019-08-16 22:24:00,0.13505525346562308
2019-08-16 22:27:00,0.14318621886013716
2019-08-16 22:30:00,0.025939006517319285
2019-08-16 22:33:00,0.058993235522450505
2019-08-16 22:36:00,0.2443634620547641
2019-08-16 22:39:00,0.12589156933478307
2019-08-16 22:42:00,0.17369768683062148
2019-08-16 22:45:00,0.08151682311967079
2019-08-16 22:48:00,0.15808516541858353
2019-08-16 22:51:00,0.1860951697148039
2019-08-16 22:54:00,0.21403217807477404
2019-08-16 22:57:00,0.18079166885638642
2019-08-16 23:00:00,0.22533129407548813
2019-08-16 23:03:00,0.2267671786813139
2019-08-16 23:06:00,0.15076935822708037
2019-08-16 23:09:00,0.3119490881753677
2019-08-16 23:12:00,0.2917591653842351
2019-08-16 23:15:00,0.2742637511599355
2019-08-16 23:18:00,0.292811771846857
2019-08-16 23:21:00,0.1345705630797056
2019-08-16 23:24:00,0.18904445647967805
2019-08-16 23:27:00,0.222376297911012
2019-08-16 23:30:00,0.19993554102234157
2019-08-16 23:33:00,0.2082962483844426
2019-08-16 23:36:00,0.27361613473027546
2019-08-16 23:39:00,0.19789808009016951
2019-08-16 23:42:00,0.19132121475882968
2019-08-16 23:45:00,0.21126130327320425
2019-08-16 23:48:00,0.19186487433557886
2019-08-16 23:51:00,0.18568371204776213
2019-08-16 23:54:00,0.08409500256124147
2019-08-16 23:57:00,0.17091897860359495
2019-08-17 00:00:00,0.12912295267273066
2019-08-17 00:03:00,0.2369949071969586
2019-08-17 00:06:00,0.2605049021333343
2019-08-17 00:09:00,0.13514661025550367
2019-08-17 00:12:00,0.33870616886696325
2019-08-17 00:15:00,0.25848771729192777
2019-08-17 00:18:00,0.254720265170306
2019-08-17 00:21:00,0.29441369604921874
2019-08-17 00:24:00,0.28281683239146105
2019-08-17 00:27:00,0.3644844734729418
2019-08-17 00:30:00,0.24539080547504
2019-08-17 00:33:00,0.2598938003148987
2019-08-17 00:36:00,0.2303257077500689
2019-08-17 00:39:00,0.2523717381745314
2019-08-17 00:42:00,0.1788720298576436
2019-08-17 00:45:00,0.19095449102547946
2019-08-17 00:48:00,0.24835248572748014
2019-08-17 00:51:00,0.1998159003235287
2019-08-17 00:54:00,0.24322246006516934
2019-08-17 00:57:00,0.24388172280731624
2019-08-17 01:00:00,0.2661952773666485
2019-08-17 01:03:00,0.19254476513748386
2019-08-17 01:06:00,0.2676030959721629
2019-08-17 01:09:00,0.2303294067729098
2019-08-17 01:12:00,0.1871447516886633
2019-08-17 01:15:00,0.2573215525112573
2019-08-17 01:18:00,0.202644354531742
2019-08-17 01:21:00,0.30453631736287434
2019-08-17 01:24:00,0.22285698939623444
2019-08-17 01:27:00,0.20073470109025493
2019-08-17 01:30:00,0.17950667200466341
2019-08-17 01:33:00,0.34545968712427566
2019-08-17 01:36:00,0.3005289147239978
2019-08-17 01:39:00,0.3145730946213803
2019-08-17 01:42:00,0.25220209584250597
2019-08-17 01:45:00,0.26458343906705295
2019-08-17 01:48:00,0.2400660150691465
2019-08-17 01:51:00,0.26953529218036465
2019-08-17 01:54:00,0.3437891493307461
2019-08-17 01:57:00,0.2143774580263198
2019-08-17 02:00:00,0.23971712016640367
2019-08-17 02:03:00,0.28144422457796736
2019-08-17 02:06:00,0.333273174476858
2019-08-17 02:09:00,0.31013638656776266
2019-08-17 02:12:00,0.4184874863826735
2019-08-17 02:15:00,0.35725290430207224
2019-08-17 02:18:00,0.4487799726767321
2019-08-17 02:21:00,0.2815477023032713
2019-08-17 02:24:00,0.37885115327105723
2019-08-17 02:27:00,0.3528364269736244
2019-08-17 02:30:00,0.3619922047285513
2019-08-17 02:33:00,0.30368088664795323
2019-08-17 02:36:00,0.3501843047571356
2019-08-17 02:39:00,0.3561920843893063
2019-08-17 02:42:00,0.3916115564927054
2019-08-17 02:45:00,0.4303451790323152
2019-08-17 02:48:00,0.4069199867200268
2019-08-17 02:51:00,0.34270587109244843
2019-08-17 02:54:00,0.27923350499622757
2019-08-17 02:57:00,0.38297522114385174
2019-08-17 03:00:00,0.3855250706640163
2019-08-17 03:03:00,0.32521486540878186
2019-08-17 03:06:00,0.30545700074446813
2019-08-17 03:09:00,0.3755761826196249
2019-08-17 03:12:00,0.4015429245541213
2019-08-17 03:15:00,0.44625713463335615
2019-08-17 03:18:00,0.4339045160462547
2019-08-17 03:21:00,0.3842449011176541
2019-08-17 03:24:00,0.36691576705590023
2019-08-17 03:27:00,0.36628460956751496
2019-08-17 03:30:00,0.3356703066380078
2019-08-17 03:33:00,0.35714411626383935
2019-08-17 03:36:00,0.264350912362886
2019-08-17 03:39:00,0.3821848092548521
2019-08-17 03:42:00,0.3235480887173594
2019-08-17 03:45:00,0.27350847886810925
2019-08-17 03:48:00,0.2752373452421466
2019-08-17 03:51:00,0.2644689688989388
2019-08-17 03:54:00,0.2452741499476474
2019-08-17 03:57:00,0.33275781536849536
2019-08-17 04:00:00,0.29607462109800053
2019-08-17 04:03:00,0.3201165335991618
2019-08-17 04:06:00,0.24874504168866451
2019-08-17 04:09:00,0.2619717047326162
2019-08-17 04:12:00,0.19584817992517856
2019-08-17 04:15:00,0.34621798173679963
2019-08-17 04:18:00,0.24086078011373502
2019-08-17 04:21:00,0.2181628767536381
2019-08-17 04:24:00,0.37893003592381547
2019-08-17 04:27:00,0.2762202644534568
2019-08-17 04:30:00,0.34561762423146547
2019-08-17 04:33:00,0.2704324077657816
2019-08-17 04:36:00,0.3563833020909897
2019-08-17 04:39:00,0.30308472330960967
2019-08-17 04:42:00,0.34342644040356163
2019-08-17 04:45:00,0.47303645298438823
2019-08-17 04:48:00,0.29231316482025704
2019-08-17 04:51:00,0.28144834347398273
2019-08-17 04:54:00,0.3512311920764546
2019-08-17 04:57:00,0.3333731979937511
2019-08-17 05:00:00,0.4030724439654705
2019-08-17 05:03:00,0.420190159061292
2019-08-17 05:06:00,0.4066742435653623
2019-08-17 05:09:00,0.31234585409782767
2019-08-17 05:12:00,0.36495145282839303
2019-08-17 05:15:00,0.28901460934616807
2019-08-17 05:18:00,0.35276743821742684
2019-08-17 05:21:00,0.36736473994233165
2019-08-17 05:24:00,0.34319702955167486
2019-08-17 05:27:00,0.39389983804164785
2019-08-17 05:30:00,0.3922057957342986
2019-08-17 05:33:00,0.28176602947991114
2019-08-17 05:36:00,0.4169015039842634
2019-08-17 05:39:00,0.3112225496120118
2019-08-17 05:42:00,0.3358661301447228
2019-08-17 05:45:00,0.3274928172377827
2019-08-17 05:48:00,0.36306915701106846
2019-08-17 05:51:00,0.259897067286488
2019-08-17 05:54:00,0.3066840400094861
2019-08-17 05:57:00,0.29445500172238326
2019-08-17 06:00:00,0.22058837536377496
2019-08-17 06:03:00,0.3171333177230622
2019-08-17 06:06:00,0.29836504090155813
2019-08-17 06:09:00,0.33365955348375564
2019-08-17 06:12:00,0.31433600945621265
2019-08-17 06:15:00,0.35238871895268176
2019-08-17 06:18:00,0.2803258678719658
2019-08-17 06:21:00,0.37585155438972606
2019-08-17 06:24:00,0.2593417788112333
2019-08-17 06:27:00,0.41046417582339245
2019-08-17 06:30:00,0.32433714209037134
2019-08-17 06:33:00,0.25174363276295253
2019-08-17 06:36:00,0.39761172580654147
2019-08-17 06:39:00,0.37226535233685354
2019-08-17 06:42:00,0.2776260375833317
2019-08-17 06:45:00,0.2680471894952916
2019-08-17 06:48:00,0.3705406270898379
2019-08-17 06:51:00,0.3501869193183893
2019-08-17 06:54:00,0.2830042337212717
2019-08-17 06:57:00,0.28321615599980987
2019-08-17 07:00:00,0.30636256618686275
2019-08-17 07:03:00,0.3090765626282632
2019-08-17 07:06:00,0.289898810690147
2019-08-17 07:09:00,0.4179158296671517
2019-08-17 07:12:00,0.3932477540781747
2019-08-17 07:15:00,0.3325635424004645
2019-08-17 07:18:00,0.31311539288878976
2019-08-17 07:21:00,0.22327026752901702
2019-08-17 07:24:00,0.33392808587331047
2019-08-17 07:27:00,0.31619620727724396
2019-08-17 07:30:00,0.3321077071873333
2019-08-17 07:33:00,0.32893827027334055
2019-08-17 07:36:00,0.24643954665418732
2019-08-17 07:39:00,0.2941170282529697
2019-08-17 07:42:00,0.3147079649339162
2019-08-17 07:45:00,0.32226128149540045
2019-08-17 07:48:00,0.2937017566922009
2019-08-17 07:51:00,0.15493734792210034
2019-08-17 07:54:00,0.26019641779413405
2019-08-17 07:57:00,0.30136423539386215
2019-08-17 08:00:00,0.3491591594586225
2019-08-17 08:03:00,0.34880034090872414
2019-08-17 08:06:00,0.2801037255061942
2019-08-17 08:09:00,0.23433089902340498
2019-08-17 08:12:00,0.252109044796498
2019-08-17 08:15:00,0.20533012186524502
2019-08-17 08:18:00,0.2627808914965044
2019-08-17 08:21:00,0.2767966615693922
2019-08-17 08:24:00,0.13290594298274527
2019-08-17 08:27:00,0.1325321314870962
2019-08-17 08:30:00,0.12664248710018455
2019-08-17 08:33:00,0.22734354728913786
2019-08-17 08:36:00,0.09578927277357252
2019-08-17 08:39:00,0.16582999156258893
2019-08-17 08:42:00,0.14948808947013958
2019-08-17 08:45:00,0.20481689724567786
2019-08-17 08:48:00,0.20837151762435724
2019-08-17 08:51:00,0.15035296766313877
2019-08-17 08:54:00,0.0384147300963491
2019-08-17 08:57:00,0.13260988842642973
2019-08-17 09:00:00,0.1414688559389674
2019-08-17 09:03:00,0.08239121298055352
2019-08-17 09:06:00,0.12232182139672432
2019-08-17 09:09:00,0.17579655472587774
2019-08-17 09:12:00,0.026323219054006586
2019-08-17 09:15:00,0.10196921253452729
2019-08-17 09:18:00,-0.05201995434663331
2019-08-17 09:21:00,0.06812971933288736
2019-08-17 09:24:00,-0.02396604699981708
2019-08-17 09:27:00,0.0966810969611629
2019-08-17 09:30:00,-0.07781072763719976
2019-08-17 09:33:00,0.07410490944693038
2019-08-17 09:36:00,0.11577809306749032
2019-08-17 09:39:00,0.011616529942614306
2019-08-17 09:42:00,0.09704513603998066
2019-08-17 09:45:00,-0.058917418354553774
2019-08-17 09:48:00,0.09873553582895056
2019-08-17 09:51:00,-0.01376873097058251
2019-08-17 09:54:00,0.0537678653949456
2019-08-17 09:57:00,0.08020474530849242
2019-08-17 10:00:00,0.000282847234188921
2019-08-17 10:03:00,-0.025922925540101005
2019-08-17 10:06:00,-0.0647819783232535
2019-08-17 10:09:00,0.03065583550909423
2019-08-17 10:12:00,0.0025195875786039323
2019-08-17 10:15:00,0.08075662466683298
2019-08-17 10:18:00,0.04068429235758231
2019-08-17 10:21:00,0.04807613173164782
2019-08-17 10:24:00,0.047230865342214656
2019-08-17 10:27:00,0.03255815576306986
2019-08-17 10:30:00,0.10478749549599797
2019-08-17 10:33:00,0.07554678970592477
2019-08-17 10:36:00,0.09360176181746738
2019-08-17 10:39:00,0.07759395502665711
2019-08-17 10:42:00,0.054820097485787755
2019-08-17 10:45:00,0.04583948066152743
2019-08-17 10:48:00,0.022855317094979455
2019-08-17 10:51:00,0.0005088600296403456
2019-08-17 10:54:00,0.02834172230262766
2019-08-17 10:57:00,-0.032456567352994625
2019-08-17 11:00:00,-0.08098953226823369
2019-08-17 11:03:00,-0.01182455892882217
2019-08-17 11:06:00,-0.03844002747968034
2019-08-17 11:09:00,-0.08060320092818074
2019-08-17 11:12:00,-0.041330533157406535
2019-08-17 11:15:00,-0.06360751467559567
2019-08-17 11:18:00,0.055280510823251916
2019-08-17 11:21:00,-0.03198664221940817
2019-08-17 11:24:00,-0.15867964908682097
2019-08-17 11:27:00,-0.18611941871148474
2019-08-17 11:30:00,-0.19152700083708396
2019-08-17 11:33:00,-0.14937015468660775
2019-08-17 11:36:00,-0.10461071047586756
2019-08-17 11:39:00,-0.017728279028290217
2019-08-17 11:42:00,-0.09530829815270181
2019-08-17 11:45:00,-0.18678666154352186
2019-08-17 11:48:00,-0.2306490534696195
2019-08-17 11:51:00,-0.26508345921246246
2019-08-17 11:54:00,-0.13706956861210529
2019-08-17 11:57:00,-0.13664885415403205
2019-08-17 12:00:00,-0.15867452573218088
2019-08-17 12:03:00,-0.14218632493373207
2019-08-17 12:06:00,-0.1869914203019789
2019-08-17 12:09:00,-0.09247177237892856
2019-08-17 12:12:00,-0.18820411946143167
2019-08-17 12:15:00,-0.14233717188221817
2019-08-17 12:18:00,-0.1313130596615224
2019-08-17 12:21:00,-0.14816498281226131
2019-08-17 12:24:00,-0.19161901361019318
2019-08-17 12:27:00,-0.10548750194266177
2019-08-17 12:30:00,-0.15216887064957518
2019-08-17 12:33:00,-0.2947119331469139
2019-08-17 12:36:00,-0.20706618110489217
2019-08-17 12:39:00,-0.1564532536800698
2019-08-17 12:42:00,-0.213476567790849
2019-08-17 12:45:00,-0.18439047076810766
2019-08-17 12:48:00,-0.296472190157715
2019-08-17 12:51:00,-0.2500178224121328
2019-08-17 12:54:00,-0.20750809452687236
2019-08-17 12:57:00,-0.12214073739141895
2019-08-17 13:00:00,0.03498593711719877
2019-08-17 13:03:00,-0.015012702280046142
2019-08-17 13:06:00,-0.14052230156630685
2019-08-17 13:09:00,-0.06749568340518408
2019-08-17 13:12:00,-0.28822700908330035
2019-08-17 13:15:00,-0.19002986278502476
2019-08-17 13:18:00,-0.18867026625241579
2019-08-17 13:21:00,-0.25268317415634556
2019-08-17 13:24:00,-0.12352167899831556
2019-08-17 13:27:00,-0.05791732883130862
2019-08-17 13:30:00,-0.045541518817003634
2019-08-17 13:33:00,-0.16192388994409157
2019-08-17 13:36:00,-0.2569915415751325
2019-08-17 13:39:00,-0.15862556148715612
2019-08-17 13:42:00,-0.3325848589126963
2019-08-17 13:45:00,-0.26891270538237677
2019-08-17 13:48:00,-0.2956817129259548
2019-08-17 13:51:00,-0.31086675973949696
2019-08-17 13:54:00,-0.25081045575251437
2019-08-17 13:57:00,-0.19805156009783786
2019-08-17 14:00:00,-0.2995242662281612
2019-08-17 14:03:00,-0.26555054281146795
2019-08-17 14:06:00,-0.10597469637411905
2019-08-17 14:09:00,-0.16819621955670527
2019-08-17 14:12:00,-0.13894435760971646
2019-08-17 14:15:00,-0.10309072292739074
2019-08-17 14:18:00,-0.22317145018075735
2019-08-17 14:21:00,-0.14015863276750906
2019-08-17 14:24:00,-0.24677528089182488
2019-08-17 14:27:00,-0.23746532103774598
2019-08-17 14:30:00,-0.1742270313731069
2019-08-17 14:33:00,-0.24766726838049635
2019-08-17 14:36:00,-0.12344453980460912
2019-08-17 14:39:00,-0.2792404726297377
2019-08-17 14:42:00,-0.12641252767758715
2019-08-17 14:45:00,-0.15689586341670747
2019-08-17 14:48:00,0.146197073604867
2019-08-17 14:51:00,0.027918909583149798
2019-08-17 14:54:00,0.10740853156278263
2019-08-17 14:57:00,0.21094271023019928
2019-08-17 15:00:00,-0.07410356736210133
2019-08-17 15:03:00,-0.061471273840254526
2019-08-17 15:06:00,-0.2477079039005048
2019-08-17 15:09:00,-0.20410814539951616
2019-08-17 15:12:00,0.03771931142671292
2019-08-17 15:15:00,0.03908494214897473
2019-08-17 15:18:00,0.17511963052345436
2019-08-17 15:21:00,0.15099490497442503
2019-08-17 15:24:00,0.0701971376089432
2019-08-17 15:27:00,0.12859783033133
2019-08-17 15:30:00,0.12254949312296048
2019-08-17 15:33:00,0.035301727327635035
2019-08-17 15:36:00,0.1662416746748363
2019-08-17 15:39:00,0.13135630922499786
2019-08-17 15:42:00,0.1213431324443377
2019-08-17 15:45:00,0.3435833018916128
2019-08-17 15:48:00,0.1956437252688943
2019-08-17 15:51:00,0.15029684784059327
2019-08-17 15:54:00,0.10581425630203967
2019-08-17 15:57:00,-0.034737270369930684
2019-08-17 16:00:00,-0.009799471255348635
2019-08-17 16:03:00,0.4191304233012261
2019-08-17 16:06:00,0.28500943526830724
2019-08-17 16:09:00,0.20004664989920684
2019-08-17 16:12:00,-0.10363361895139178
2019-08-17 16:15:00,-0.22043481128844178
2019-08-17 16:18:00,-0.18213085706059928
2019-08-17 16:21:00,-0.1581762664077928
2019-08-17 16:24:00,-0.025304806662120427
2019-08-17 16:27:00,-0.07981323700579424
2019-08-17 16:30:00,-0.21080792636718115
2019-08-17 16:33:00,-0.25486961130314967
2019-08-17 16:36:00,-0.18937841255961985
2019-08-17 16:39:00,-0.06154248167797505
2019-08-17 16:42:00,-0.17863605996808474
2019-08-17 16:45:00,-0.16487577048815183
2019-08-17 16:48:00,-0.18020680273173184
2019-08-17 16:51:00,-0.06819708472943375
2019-08-17 16:54:00,-0.16671704886056204
2019-08-17 16:57:00,-0.043676442800688164
2019-08-17 17:00:00,-0.14858551668828568
2019-08-17 17:03:00,-0.09239560181532624
2019-08-17 17:06:00,-0.10436084271469781
2019-08-17 17:09:00,-0.16581409174102646
2019-08-17 17:12:00,-0.11218523353176124
2019-08-17 17:15:00,-0.12551781848503651
2019-08-17 17:18:00,-0.07673090426919771
2019-08-17 17:21:00,-0.09618852250463306
2019-08-17 17:24:00,0.003184546599754867
2019-08-17 17:27:00,0.2413337881534403
2019-08-17 17:30:00,0.06806267353198336
2019-08-17 17:33:00,0.02760833717127298
2019-08-17 17:36:00,0.16372889597630547
2019-08-17 17:39:00,0.022852817161663097
2019-08-17 17:42:00,-0.03597940137871092
2019-08-17 17:45:00,-0.1097430264948116
2019-08-17 17:48:00,0.20466955538029197
2019-08-17 17:51:00,0.17165662824146466
2019-08-17 17:54:00,0.4003817576690949
2019-08-17 17:57:00,0.33096928421207394
2019-08-17 18:00:00,0.7047979467498635
2019-08-17 18:03:00,0.652035602493072
2019-08-17 18:06:00,0.4456029628296392
2019-08-17 18:09:00,0.3276684525272344
2019-08-17 18:12:00,0.14062942115725718
2019-08-17 18:15:00,0.03946049022636089
2019-08-17 18:18:00,0.1616849698539795
2019-08-17 18:21:00,0.4288716924231153
2019-08-17 18:24:00,0.5005054535340037
2019-08-17 18:27:00,0.3550790469757885
2019-08-17 18:30:00,0.37509691269156065
2019-08-17 18:33:00,0.18029040055211
2019-08-17 18:36:00,0.1913068904847819
2019-08-17 18:39:00,0.2695356310084094
2019-08-17 18:42:00,0.23194277965444599
2019-08-17 18:45:00,0.11708393905905723
2019-08-17 18:48:00,0.18363750918297228
2019-08-17 18:51:00,0.09508439504958233
2019-08-17 18:54:00,
2019-08-17 18:57:00,
2019-08-17 19:00:00,
2019-08-17 19:03:00,0.20718761718262613
2019-08-17 19:06:00,0.326352052616528
2019-08-17 19:09:00,0.2891805434247203
2019-08-17 19:12:00,0.3390630348039281
2019-08-17 19:15:00,0.3094462248251375
2019-08-17 19:18:00,0.33774427053418776
2019-08-17 19:21:00,0.3704221710238471
2019-08-17 19:24:00,0.1809573133871254
2019-08-17 19:27:00,0.1587683442548382
2019-08-17 19:30:00,-0.03371876006082175
2019-08-17 19:33:00,0.026185036032131848
2019-08-17 19:36:00,0.040410427776862434
2019-08-17 19:39:00,0.03346438044036404
2019-08-17 19:42:00,0.041087447095435436
2019-08-17 19:45:00,0.11420278425794095
2019-08-17 19:48:00,0.006844783258941334
2019-08-17 19:51:00,0.024735139344556956
2019-08-17 19:54:00,0.06147913080371836
2019-08-17 19:57:00,0.04283779457159653
2019-08-17 20:00:00,0.07317848056783305
2019-08-17 20:03:00,0.08647453734153032
2019-08-17 20:06:00,0.15370815088425616
2019-08-17 20:09:00,0.08207698259343488
2019-08-17 20:12:00,0.10423390991439874
2019-08-17 20:15:00,0.06609392677705728
2019-08-17 20:18:00,0.1226765965782306
2019-08-17 20:21:00,0.10816448061120809
2019-08-17 20:24:00,0.18984280032361767
2019-08-17 20:27:00,0.03183155407191407
2019-08-17 20:30:00,0.11385728420287933
2019-08-17 20:33:00,0.13584237590231396
2019-08-17 20:36:00,0.15844185270179878
2019-08-17 20:39:00,0.15776629166407474
2019-08-17 20:42:00,0.13790136465439673
2019-08-17 20:45:00,0.11409275367793725
2019-08-17 20:48:00,0.1864752504570788
2019-08-17 20:51:00,0.21129476902041233
2019-08-17 20:54:00,0.12898130922644668
2019-08-17 20:57:00,0.058293891614425775
2019-08-17 21:00:00,0.09679685384850245
2019-08-17 21:03:00,0.13373286980856847
2019-08-17 21:06:00,0.20248441251402483
2019-08-17 21:09:00,0.19082838643998912
2019-08-17 21:12:00,0.11835885269670143
2019-08-17 21:15:00,0.24649949518965286
2019-08-17 21:18:00,0.08311885625352033
2019-08-17 21:21:00,0.18316706540741734
2019-08-17 21:24:00,0.17179132155763455
2019-08-17 21:27:00,0.1498098691029668
2019-08-17 21:30:00,0.15887501082039535
2019-08-17 21:33:00,0.12337962917433742
2019-08-17 21:36:00,0.06823801951452424
2019-08-17 21:39:00,0.21785397401737328
2019-08-17 21:42:00,0.20722586030564116
2019-08-17 21:45:00,0.1354655356798844
2019-08-17 21:48:00,0.20344300252821768
2019-08-17 21:51:00,0.08626235720964814
2019-08-17 21:54:00,0.0851689363011019
2019-08-17 21:57:00,0.16176880323195064
2019-08-17 22:00:00,0.15505349313394845
2019-08-17 22:03:00,0.3103926122367966
2019-08-17 22:06:00,0.18796054992191102
2019-08-17 22:09:00,0.2740679414141596
2019-08-17 22:12:00,0.1835743159061849
2019-08-17 22:15:00,0.24350990299592468
2019-08-17 22:18:00,0.16586226033564344
2019-08-17 22:21:00,0.16608623793848665
2019-08-17 22:24:00,0.12099805870553837
2019-08-17 22:27:00,0.13765150214732103
2019-08-17 22:30:00,0.25293814413589644
2019-08-17 22:33:00,0.23017538842879048
2019-08-17 22:36:00,0.20701416044107646
2019-08-17 22:39:00,0.15458097052191988
2019-08-17 22:42:00,0.12569861218014466
2019-08-17 22:45:00,0.1427233208173675
2019-08-17 22:48:00,0.17821533203903073
2019-08-17 22:51:00,0.15227405332262833
2019-08-17 22:54:00,0.2183810517102529
2019-08-17 22:57:00,0.21492792497366509
2019-08-17 23:00:00,0.18034446737749477
2019-08-17 23:03:00,0.2347629045232793
2019-08-17 23:06:00,0.2170365590108645
2019-08-17 23:09:00,0.11735766012884596
2019-08-17 23:12:00,0.2348252404370328
2019-08-17 23:15:00,0.26653466251212876
2019-08-17 23:18:00,0.12527094002763306
2019-08-17 23:21:00,0.07325205620941233
2019-08-17 23:24:00,0.1712901598704093
2019-08-17 23:27:00,0.1354264321963683
2019-08-17 23:30:00,0.15777552280997043
2019-08-17 23:33:00,0.1349970941760148
2019-08-17 23:36:00,0.18003053310150108
2019-08-17 23:39:00,0.2602527181724099
2019-08-17 23:42:00,0.18814414427015436
2019-08-17 23:45:00,0.25058232557643123
2019-08-17 23:48:00,0.16674236449330238
2019-08-17 23:51:00,0.24576352435036597
2019-08-17 23:54:00,0.24001504421443087
2019-08-17 23:57:00,0.3000564503182659
2019-08-18 00:00:00,0.23514229188680247
2019-08-18 00:03:00,0.27394555822343136
2019-08-18 00:06:00,0.2450547851645979
2019-08-18 00:09:00,0.1849462347993267
2019-08-18 00:12:00,0.2296200554745269
2019-08-18 00:15:00,0.20949605898243817
2019-08-18 00:18:00,0.28603859548218225
2019-08-18 00:21:00,0.3390931669343331
2019-08-18 00:24:00,0.26896012792326474
2019-08-18 00:27:00,0.34783674103681506
2019-08-18 00:30:00,0.41618706225841606
2019-08-18 00:33:00,0.29581768842263045
2019-08-18 00:36:00,0.5738258331348902
2019-08-18 00:39:00,0.34408663232187564
2019-08-18 00:42:00,0.5223635359241143
2019-08-18 00:45:00,0.4051967761111541
2019-08-18 00:48:00,0.42670289372796333
2019-08-18 00:51:00,0.41534910444602247
2019-08-18 00:54:00,0.38786467230352173
2019-08-18 00:57:00,0.2851899856278237
2019-08-18 01:00:00,0.4042384112282775
2019-08-18 01:03:00,0.4344931752088428
2019-08-18 01:06:00,0.49487308040835387
2019-08-18 01:09:00,0.41380871400218666
2019-08-18 01:12:00,0.34862159078562627
2019-08-18 01:15:00,0.3653067171697444
2019-08-18 01:18:00,0.3184137683658719
2019-08-18 01:21:00,0.2639241795547491
2019-08-18 01:24:00,0.3377714600819104
2019-08-18 01:27:00,0.335003730846438
2019-08-18 01:30:00,0.47749712241181896
2019-08-18 01:33:00,0.5508443199300359
2019-08-18 01:36:00,0.5766250294673227
2019-08-18 01:39:00,0.6243479140148338
2019-08-18 01:42:00,0.7073091246311947
2019-08-18 01:45:00,0.609869756870637
2019-08-18 01:48:00,0.5201213667448314
2019-08-18 01:51:00,0.393581823450063
2019-08-18 01:54:00,0.38125125595178133
2019-08-18 01:57:00,0.2774885184828122
2019-08-18 02:00:00,0.28467267784003525
2019-08-18 02:03:00,0.2522831417102793
2019-08-18 02:06:00,0.29096457474133786
2019-08-18 02:09:00,0.2557937966456052
2019-08-18 02:12:00,0.29768819728417384
2019-08-18 02:15:00,0.26281057535214813
2019-08-18 02:18:00,0.27921698577063125
2019-08-18 02:21:00,0.36011489093624505
2019-08-18 02:24:00,0.3642259703824493
2019-08-18 02:27:00,0.26697226583542033
2019-08-18 02:30:00,0.29175676400512884
2019-08-18 02:33:00,0.32536493742048833
2019-08-18 02:36:00,0.37560081565868586
2019-08-18 02:39:00,0.31956966287219757
2019-08-18 02:42:00,0.41692180442532845
2019-08-18 02:45:00,0.32593281003408947
2019-08-18 02:48:00,0.35432231429263084
2019-08-18 02:51:00,0.4228023392072373
2019-08-18 02:54:00,0.4270404903101621
2019-08-18 02:57:00,0.3922211600452101
2019-08-18 03:00:00,0.4275718531626467
2019-08-18 03:03:00,0.5205128187022297
2019-08-18 03:06:00,0.5884420930772194
2019-08-18 03:09:00,0.47045204133274865
2019-08-18 03:12:00,0.4437717952682192
2019-08-18 03:15:00,0.4736317728983863
2019-08-18 03:18:00,0.4582613335220458
2019-08-18 03:21:00,0.33587964601053955
2019-08-18 03:24:00,0.4533086020257997
2019-08-18 03:27:00,0.26388074496003355
2019-08-18 03:30:00,0.3063504094425866
2019-08-18 03:33:00,0.2808961079534811
2019-08-18 03:36:00,0.35635926536559737
2019-08-18 03:39:00,0.3014131923396235
2019-08-18 03:42:00,0.34130382529173175
2019-08-18 03:45:00,0.36397439592849423
2019-08-18 03:48:00,0.34605570043254374
2019-08-18 03:51:00,0.4138277741689649
2019-08-18 03:54:00,0.3472277070291625
2019-08-18 03:57:00,0.2896398225199732
2019-08-18 04:00:00,0.3063372567913234
2019-08-18 04:03:00,0.2463284713113012
2019-08-18 04:06:00,0.2468449979908769
2019-08-18 04:09:00,0.3000250153114621
2019-08-18 04:12:00,0.29559807481967937
2019-08-18 04:15:00,0.37997000459932906
2019-08-18 04:18:00,0.23675184134998517
2019-08-18 04:21:00,0.16311880912854804
2019-08-18 04:24:00,0.3202214073506866
2019-08-18 04:27:00,0.24975010259817054
2019-08-18 04:30:00,0.31787864551733946
2019-08-18 04:33:00,0.2517371894020357
2019-08-18 04:36:00,0.2773545171892806
2019-08-18 04:39:00,0.392782053171743
2019-08-18 04:42:00,0.2754624242119803
2019-08-18 04:45:00,0.31257496404964513
2019-08-18 04:48:00,0.29066431574159424
2019-08-18 04:51:00,0.373682415379335
2019-08-18 04:54:00,0.37356201615671125
2019-08-18 04:57:00,0.3085199274956949
2019-08-18 05:00:00,0.347271706476306
2019-08-18 05:03:00,0.25085969056948443
2019-08-18 05:06:00,0.32007119008022755
2019-08-18 05:09:00,0.24017375537027874
2019-08-18 05:12:00,0.35515271180855734
2019-08-18 05:15:00,0.3936600195761457
2019-08-18 05:18:00,0.38726557711805754
2019-08-18 05:21:00,0.2823574761861778
2019-08-18 05:24:00,0.390034890698189
2019-08-18 05:27:00,0.4119975473599311
2019-08-18 05:30:00,0.45282361199076604
2019-08-18 05:33:00,0.36443100284742513
2019-08-18 05:36:00,0.42579753951838484
2019-08-18 05:39:00,0.30893645689258165
2019-08-18 05:42:00,0.2954010174382802
2019-08-18 05:45:00,0.38449836424359773
2019-08-18 05:48:00,0.38540448447554354
2019-08-18 05:51:00,0.3570867227944632
2019-08-18 05:54:00,0.4254406919114899
2019-08-18 05:57:00,0.4244930512684846
2019-08-18 06:00:00,0.4318333155969185
2019-08-18 06:03:00,0.4996686462039861
2019-08-18 06:06:00,0.43260134282132867
2019-08-18 06:09:00,0.45394093245727163
2019-08-18 06:12:00,0.44277265726054793
2019-08-18 06:15:00,0.40288592849526594
2019-08-18 06:18:00,0.38423530682553064
2019-08-18 06:21:00,0.4575763355914546
2019-08-18 06:24:00,0.39928851907575336
2019-08-18 06:27:00,0.4060362009136611
2019-08-18 06:30:00,0.3806249066739724
2019-08-18 06:33:00,0.532549630770518
2019-08-18 06:36:00,0.39056006489295214
2019-08-18 06:39:00,0.523596029550788
2019-08-18 06:42:00,0.4488141559339738
2019-08-18 06:45:00,0.39113140846473016
2019-08-18 06:48:00,0.44401914300561884
2019-08-18 06:51:00,0.4219484299609917
2019-08-18 06:54:00,0.32649811977506715
2019-08-18 06:57:00,0.40210541644540854
2019-08-18 07:00:00,0.37656208504535016
2019-08-18 07:03:00,0.43388625481554755
2019-08-18 07:06:00,0.3588842602001705
2019-08-18 07:09:00,0.4543178497995086
2019-08-18 07:12:00,0.33396174224435526
2019-08-18 07:15:00,0.3251978174562282
2019-08-18 07:18:00,0.33086928120411585
2019-08-18 07:21:00,0.33084737462405656
2019-08-18 07:24:00,0.2907449297319431
2019-08-18 07:27:00,0.328894487926334
2019-08-18 07:30:00,0.3348448348164652
2019-08-18 07:33:00,0.3332593084905966
2019-08-18 07:36:00,0.43472099993090296
2019-08-18 07:39:00,0.4357602741076789
2019-08-18 07:42:00,0.34823857032006345
2019-08-18 07:45:00,0.3210355944190155
2019-08-18 07:48:00,0.3237961092467003
2019-08-18 07:51:00,0.32611145851541323
2019-08-18 07:54:00,0.4078539009104247
2019-08-18 07:57:00,0.3302176932592147
2019-08-18 08:00:00,0.28925586318945307
2019-08-18 08:03:00,0.3098668975538317
2019-08-18 08:06:00,0.3206206226021209
2019-08-18 08:09:00,0.28361871187644283
2019-08-18 08:12:00,0.2919230429347408
2019-08-18 08:15:00,0.3540137250184898
2019-08-18 08:18:00,0.35981849880539585
2019-08-18 08:21:00,0.359400828393575
2019-08-18 08:24:00,0.443125350957132
2019-08-18 08:27:00,0.31677828121581797
2019-08-18 08:30:00,0.2846189015576215
2019-08-18 08:33:00,0.32014504003228694
2019-08-18 08:36:00,0.37098365119413756
2019-08-18 08:39:00,0.30502915648310136
2019-08-18 08:42:00,0.30010814709760325
2019-08-18 08:45:00,0.3490269237669281
2019-08-18 08:48:00,0.34336497456740744
2019-08-18 08:51:00,0.29243405387887833
2019-08-18 08:54:00,0.20885825318504203
2019-08-18 08:57:00,0.23177563077763352
2019-08-18 09:00:00,0.2642037912326032
2019-08-18 09:03:00,0.21519784697011346
2019-08-18 09:06:00,0.24217285018863777
2019-08-18 09:09:00,0.2177868622439405
2019-08-18 09:12:00,0.19803018966865693
2019-08-18 09:15:00,0.1614837668756195
2019-08-18 09:18:00,0.12511567563677772
2019-08-18 09:21:00,-0.01491618017644214
2019-08-18 09:24:00,0.12777873505729076
2019-08-18 09:27:00,0.16053107643767817
2019-08-18 09:30:00,-0.017937167513025543
2019-08-18 09:33:00,0.07129914242494806
2019-08-18 09:36:00,0.011463874908599792
2019-08-18 09:39:00,0.06052612619828324
2019-08-18 09:42:00,0.02093211265747641
2019-08-18 09:45:00,-0.06010582689197008
2019-08-18 09:48:00,-0.007811625518741039
2019-08-18 09:51:00,-0.019406872880608717
2019-08-18 09:54:00,0.0137317069008418
2019-08-18 09:57:00,-0.10013596940575553
2019-08-18 10:00:00,-0.07148415610561187
2019-08-18 10:03:00,-0.07511308540767914
2019-08-18 10:06:00,-0.09114155264751389
2019-08-18 10:09:00,-0.009073736304685553
2019-08-18 10:12:00,-0.09336301621544862
2019-08-18 10:15:00,-0.10426582042794053
2019-08-18 10:18:00,-0.10357116929992571
2019-08-18 10:21:00,-0.09109241678243052
2019-08-18 10:24:00,-0.15017545288509382
2019-08-18 10:27:00,-0.09186148291610152
2019-08-18 10:30:00,-0.2558557709705269
2019-08-18 10:33:00,-0.1655894848696562
2019-08-18 10:36:00,-0.14688031907030563
2019-08-18 10:39:00,-0.16178390408515497
2019-08-18 10:42:00,-0.14324043885989113
2019-08-18 10:45:00,-0.19013876767388638
2019-08-18 10:48:00,-0.19378708108791898
2019-08-18 10:51:00,-0.21798402527429062
2019-08-18 10:54:00,-0.3027685043542192
2019-08-18 10:57:00,-0.22146178003356454
2019-08-18 11:00:00,-0.258878860103664
2019-08-18 11:03:00,-0.21646115209756545
2019-08-18 11:06:00,-0.31221141810272
2019-08-18 11:09:00,-0.2316923853563253
2019-08-18 11:12:00,-0.07258788869438604
2019-08-18 11:15:00,-0.2129978890069424
2019-08-18 11:18:00,-0.3826102922747623
2019-08-18 11:21:00,-0.19970738391708664
2019-08-18 11:24:00,-0.3425188935551091
2019-08-18 11:27:00,-0.2113459575554657
2019-08-18 11:30:00,-0.22637438125354947
2019-08-18 11:33:00,-0.20489371983421734
2019-08-18 11:36:00,-0.4386617017331673
2019-08-18 11:39:00,-0.2915411548022462
2019-08-18 11:42:00,-0.37320255207180253
2019-08-18 11:45:00,-0.4382360234613998
2019-08-18 11:48:00,-0.2943122609008242
2019-08-18 11:51:00,-0.31550903454882473
2019-08-18 11:54:00,-0.3313125612203862
2019-08-18 11:57:00,-0.37955446207922705
2019-08-18 12:00:00,-0.36069746138787195
2019-08-18 12:03:00,-0.3491207722035483
2019-08-18 12:06:00,-0.47592570746667207
2019-08-18 12:09:00,-0.3493814775205806
2019-08-18 12:12:00,-0.4070012701433825
2019-08-18 12:15:00,-0.43622288818744437
2019-08-18 12:18:00,-0.5403027970777998
2019-08-18 12:21:00,-0.47119945155947107
2019-08-18 12:24:00,-0.3873421474534666
2019-08-18 12:27:00,-0.41395274183912534
2019-08-18 12:30:00,-0.43955945885500114
2019-08-18 12:33:00,-0.41758267566098084
2019-08-18 12:36:00,-0.3787298480364143
2019-08-18 12:39:00,-0.4393937116678899
2019-08-18 12:42:00,-0.3770928788365495
2019-08-18 12:45:00,-0.480647867937364
2019-08-18 12:48:00,-0.4235080486442371
2019-08-18 12:51:00,-0.41543016784214615
2019-08-18 12:54:00,-0.48780262100677874
2019-08-18 12:57:00,-0.5143325046411178
2019-08-18 13:00:00,-0.42083332099213067
2019-08-18 13:03:00,-0.4332627942162617
2019-08-18 13:06:00,-0.5085206070455683
2019-08-18 13:09:00,-0.49341421349754455
2019-08-18 13:12:00,-0.39694308659352373
2019-08-18 13:15:00,-0.4834611273246878
2019-08-18 13:18:00,-0.5288836498447722
2019-08-18 13:21:00,-0.5047832880811711
2019-08-18 13:24:00,-0.4897774392933911
2019-08-18 13:27:00,-0.6097838356046736
2019-08-18 13:30:00,-0.5868958872671897
2019-08-18 13:33:00,-0.4212958316015829
2019-08-18 13:36:00,-0.516064719780843
2019-08-18 13:39:00,-0.6109380537644142
2019-08-18 13:42:00,-0.5433311096893476
2019-08-18 13:45:00,-0.5792825404432733
2019-08-18 13:48:00,-0.4185889520554156
2019-08-18 13:51:00,-0.5878704426023091
2019-08-18 13:54:00,-0.558663022273663
2019-08-18 13:57:00,-0.6368061364457844
2019-08-18 14:00:00,-0.6296122815312515
2019-08-18 14:03:00,-0.5593281212453576
2019-08-18 14:06:00,-0.6490922141514943
2019-08-18 14:09:00,-0.5754112743130122
2019-08-18 14:12:00,-0.543636058753691
2019-08-18 14:15:00,-0.6037574275483735
2019-08-18 14:18:00,-0.585180378167081
2019-08-18 14:21:00,-0.6285060766404058
2019-08-18 14:24:00,-0.6076856985619656
2019-08-18 14:27:00,-0.5694199597876377
2019-08-18 14:30:00,-0.6404409825208859
2019-08-18 14:33:00,-0.5618761787824837
2019-08-18 14:36:00,-0.3933812068304974
2019-08-18 14:39:00,-0.3288404062054724
2019-08-18 14:42:00,-0.4043520702670662
2019-08-18 14:45:00,-0.6906940759757276
2019-08-18 14:48:00,-0.8176353389303586
2019-08-18 14:51:00,-0.6181093425731774
2019-08-18 14:54:00,-0.458940445520966
2019-08-18 14:57:00,-0.5858367408197296
2019-08-18 15:00:00,-0.6313477438133077
2019-08-18 15:03:00,-0.6232449671584845
2019-08-18 15:06:00,-0.6689299731827418
2019-08-18 15:09:00,-0.656715471613893
2019-08-18 15:12:00,-0.6208407980055881
2019-08-18 15:15:00,-0.7004403136683663
2019-08-18 15:18:00,-0.6430155813367264
2019-08-18 15:21:00,-0.49641718248193456
2019-08-18 15:24:00,-0.7158091354651788
2019-08-18 15:27:00,-0.6134738824311512
2019-08-18 15:30:00,-0.6865591855565754
2019-08-18 15:33:00,-0.6836825981702077
2019-08-18 15:36:00,-0.6546199976147591
2019-08-18 15:39:00,-0.6345187943999235
2019-08-18 15:42:00,-0.6845601732207456
2019-08-18 15:45:00,-0.6571814287806887
2019-08-18 15:48:00,-0.5148591490451508
2019-08-18 15:51:00,-0.43191754535672544
2019-08-18 15:54:00,-0.4929696288217542
2019-08-18 15:57:00,-0.5510853206268962
2019-08-18 16:00:00,-0.4982623845816079
2019-08-18 16:03:00,-0.7367028663326778
2019-08-18 16:06:00,-0.7482670985419304
2019-08-18 16:09:00,-0.6872237705235307
2019-08-18 16:12:00,-0.6260749296860695
2019-08-18 16:15:00,-0.5610811377693494
2019-08-18 16:18:00,-0.5567404191088485
2019-08-18 16:21:00,-0.6199661948555786
2019-08-18 16:24:00,-0.61767863228539
2019-08-18 16:27:00,-0.535476680328486
2019-08-18 16:30:00,-0.5996191134175888
2019-08-18 16:33:00,-0.6992037643097433
2019-08-18 16:36:00,-0.6852290800982246
2019-08-18 16:39:00,-0.5695392153717194
2019-08-18 16:42:00,-0.6402986765109517
2019-08-18 16:45:00,-0.6362668370741744
2019-08-18 16:48:00,-0.6080002550547761
2019-08-18 16:51:00,-0.6468846745951851
2019-08-18 16:54:00,-0.6254946533691168
2019-08-18 16:57:00,-0.6351608773670705
2019-08-18 17:00:00,-0.6674984386647225
2019-08-18 17:03:00,-0.6648846393122767
2019-08-18 17:06:00,-0.7767499689146575
2019-08-18 17:09:00,-0.7156101432404398
2019-08-18 17:12:00,-0.6727750168236071
2019-08-18 17:15:00,-0.6450829168658174
2019-08-18 17:18:00,-0.552777514855677
2019-08-18 17:21:00,-0.5849936145273773
2019-08-18 17:24:00,-0.6232894302103773
2019-08-18 17:27:00,-0.590811787295138
2019-08-18 17:30:00,-0.6392910737948796
2019-08-18 17:33:00,-0.6429397116769451
2019-08-18 17:36:00,-0.5167609497934791
2019-08-18 17:39:00,-0.5646827803178667
2019-08-18 17:42:00,-0.5298772276953514
2019-08-18 17:45:00,-0.5060345413087362
2019-08-18 17:48:00,-0.4550083285650999
2019-08-18 17:51:00,-0.4603743668880611
2019-08-18 17:54:00,-0.5066393128714708
2019-08-18 17:57:00,-0.38913532775427484
2019-08-18 18:00:00,-0.49770605288631486
2019-08-18 18:03:00,-0.5489128528631113
2019-08-18 18:06:00,-0.38035260808857174
2019-08-18 18:09:00,-0.38801326252871604
2019-08-18 18:12:00,-0.5003779385272082
2019-08-18 18:15:00,-0.46161972459947265
2019-08-18 18:18:00,-0.34863337938691075
2019-08-18 18:21:00,-0.4142608945467714
2019-08-18 18:24:00,-0.23797894699572453
2019-08-18 18:27:00,-0.3109294327890666
2019-08-18 18:30:00,-0.19505973185823677
2019-08-18 18:33:00,-0.25369010324970986
2019-08-18 18:36:00,-0.29241652903988324
2019-08-18 18:39:00,-0.3095573165065275
2019-08-18 18:42:00,-0.26795132208985706
2019-08-18 18:45:00,-0.2212655033404758
2019-08-18 18:48:00,-0.2502197641050543
2019-08-18 18:51:00,-0.2971121738841589
2019-08-18 18:54:00,
2019-08-18 18:57:00,
2019-08-18 19:00:00,
2019-08-18 19:03:00,-0.26494006749175014
2019-08-18 19:06:00,-0.1919710561789998
2019-08-18 19:09:00,-0.24205627838949795
2019-08-18 19:12:00,-0.1661056235960814
2019-08-18 19:15:00,-0.2506096663129824
2019-08-18 19:18:00,-0.23961749700930568
2019-08-18 19:21:00,-0.23350223033725115
2019-08-18 19:24:00,-0.26084036656448006
2019-08-18 19:27:00,-0.2263040507112919
2019-08-18 19:30:00,-0.18649053512376668
2019-08-18 19:33:00,-0.25930203140399044
2019-08-18 19:36:00,-0.21146874532655602
2019-08-18 19:39:00,-0.2207120978695798
2019-08-18 19:42:00,-0.18744753527130342
2019-08-18 19:45:00,-0.24094554408435442
2019-08-18 19:48:00,-0.1326044636301731
2019-08-18 19:51:00,-0.08502770508289359
2019-08-18 19:54:00,-0.1671112898868614
2019-08-18 19:57:00,-0.08812850920293158
2019-08-18 20:00:00,-0.1230662523838646
2019-08-18 20:03:00,-0.03897549578118742
2019-08-18 20:06:00,-0.13366989678257823
2019-08-18 20:09:00,-0.07036821826807227
2019-08-18 20:12:00,-0.10928833534364912
2019-08-18 20:15:00,-0.07456014973217862
2019-08-18 20:18:00,-0.12619990216904853
2019-08-18 20:21:00,-0.08161130966868768
2019-08-18 20:24:00,-0.12289977089056947
2019-08-18 20:27:00,-0.1798967256030437
2019-08-18 20:30:00,-0.09908466442124109
2019-08-18 20:33:00,-0.04836291218498445
2019-08-18 20:36:00,-0.13446534722936576
2019-08-18 20:39:00,-0.08776862475554026
2019-08-18 20:42:00,-0.053991760883491224
2019-08-18 20:45:00,-0.004651868758571709
2019-08-18 20:48:00,-0.0861229395396208
2019-08-18 20:51:00,-0.029734174283817083
2019-08-18 20:54:00,-0.08928665164876293
2019-08-18 20:57:00,-0.01606485733907448
2019-08-18 21:00:00,-0.009246544384552635
2019-08-18 21:03:00,-0.02561888401601209
2019-08-18 21:06:00,-0.08967521480980167
2019-08-18 21:09:00,-0.1676937130995384
2019-08-18 21:12:00,-0.1270508490676434
2019-08-18 21:15:00,-0.05610546707072217
2019-08-18 21:18:00,-0.10949814598461671
2019-08-18 21:21:00,-0.09354718496103942
2019-08-18 21:24:00,-0.021379242125135534
2019-08-18 21:27:00,-0.03200367580160446
2019-08-18 21:30:00,-0.02488772857867616
2019-08-18 21:33:00,-0.013095433951036739
2019-08-18 21:36:00,-0.09606514145383471
2019-08-18 21:39:00,-0.026085920124501172
2019-08-18 21:42:00,0.03940668723049612
2019-08-18 21:45:00,0.035113455127088855
2019-08-18 21:48:00,0.12098998263809335
2019-08-18 21:51:00,0.11405287594391211
2019-08-18 21:54:00,0.11285308926318294
2019-08-18 21:57:00,0.19496457348890317
2019-08-18 22:00:00,0.14510196836477007
2019-08-18 22:03:00,0.06292189085274913
2019-08-18 22:06:00,0.10223375098189535
2019-08-18 22:09:00,-0.06593504390474436
2019-08-18 22:12:00,-0.0846802646657352
2019-08-18 22:15:00,-0.025195941611059425
2019-08-18 22:18:00,0.0005442438393288285
2019-08-18 22:21:00,0.02455189148821546
2019-08-18 22:24:00,-0.062317179797673816
2019-08-18 22:27:00,-0.019073954148950634
2019-08-18 22:30:00,0.06083514728766204
2019-08-18 22:33:00,-0.06480896733188501
2019-08-18 22:36:00,-0.06436736893857642
2019-08-18 22:39:00,-0.07438725191161666
2019-08-18 22:42:00,0.0024170993497136806
2019-08-18 22:45:00,-0.06438550835775914
2019-08-18 22:48:00,-0.06929700126170246
2019-08-18 22:51:00,-0.05857004562511747
2019-08-18 22:54:00,-0.14248946621273717
2019-08-18 22:57:00,-0.04127177289177553
2019-08-18 23:00:00,-0.09760917641267497
2019-08-18 23:03:00,-0.04893718316412787
2019-08-18 23:06:00,-0.09628834000335473
2019-08-18 23:09:00,-0.06298724218123652
2019-08-18 23:12:00,-0.06643553319821649
2019-08-18 23:15:00,-0.06479202264284822
2019-08-18 23:18:00,-0.04373213113137808
2019-08-18 23:21:00,-0.11192576419597344
2019-08-18 23:24:00,0.03239750936324981
2019-08-18 23:27:00,0.007887584579293616
2019-08-18 23:30:00,-0.028956229335733497
2019-08-18 23:33:00,-0.06190610269965191
2019-08-18 23:36:00,0.0012864490572042087
2019-08-18 23:39:00,-0.06542165823708501
2019-08-18 23:42:00,-0.04554847863522582
2019-08-18 23:45:00,-0.038513639961990975
2019-08-18 23:48:00,-0.05585294080441372
2019-08-18 23:51:00,-0.05098684739897408
2019-08-18 23:54:00,-0.06666164241727301
2019-08-18 23:57:00,-0.09010326705521265
2019-08-19 00:00:00,0.021170011203594186
2019-08-19 00:03:00,0.07813215244624416
2019-08-19 00:06:00,-0.06194645910449026
2019-08-19 00:09:00,-0.11832901641059834
2019-08-19 00:12:00,-0.05017071884572033
2019-08-19 00:15:00,-0.0037686533059968497
2019-08-19 00:18:00,0.04236725694846655
2019-08-19 00:21:00,-0.09094298095538988
2019-08-19 00:24:00,-0.011819933619051426
2019-08-19 00:27:00,-0.08117414472093287
2019-08-19 00:30:00,0.019833313839683342
2019-08-19 00:33:00,-0.008684854958630694
2019-08-19 00:36:00,0.05323876167449271
2019-08-19 00:39:00,0.049195228431699434
2019-08-19 00:42:00,0.07229360088467729
2019-08-19 00:45:00,0.036886004320081156
2019-08-19 00:48:00,-0.0005214160426589842
2019-08-19 00:51:00,0.10007121409500996
2019-08-19 00:54:00,-0.09999048376243991
2019-08-19 00:57:00,0.022549633730420737
2019-08-19 01:00:00,-0.06119273314328666
2019-08-19 01:03:00,-0.03262549731107356
2019-08-19 01:06:00,-0.0594488673961564
2019-08-19 01:09:00,0.030459524068021437
2019-08-19 01:12:00,-0.07172001534968331
2019-08-19 01:15:00,-0.047021922126532445
2019-08-19 01:18:00,0.07059637391074602
2019-08-19 01:21:00,-0.0288593049496626
2019-08-19 01:24:00,-0.030839971474165395
2019-08-19 01:27:00,-0.10292445993894717
2019-08-19 01:30:00,-0.10542063970927984
2019-08-19 01:33:00,-0.1168096771119167
2019-08-19 01:36:00,-0.10505191443274953
2019-08-19 01:39:00,-0.11565353118413668
2019-08-19 01:42:00,-0.06636383620735842
2019-08-19 01:45:00,-0.03705688031578802
2019-08-19 01:48:00,-0.08991952949236293
2019-08-19 01:51:00,-0.0981527231029986
2019-08-19 01:54:00,-0.1295525152963819
2019-08-19 01:57:00,-0.054280707046643784
2019-08-19 02:00:00,-0.11213636460456655
2019-08-19 02:03:00,-0.15402554794491152
2019-08-19 02:06:00,-0.1377492646348628
2019-08-19 02:09:00,-0.16800614482286846
2019-08-19 02:12:00,-0.055658079885688494
2019-08-19 02:15:00,-0.16139753160263126
2019-08-19 02:18:00,-0.09182776390360914
2019-08-19 02:21:00,-0.1352616848512298
2019-08-19 02:24:00,-0.011569852374179845
2019-08-19 02:27:00,-0.09982092268376164
2019-08-19 02:30:00,-0.10353817392632436
2019-08-19 02:33:00,-0.08084125007940202
2019-08-19 02:36:00,-0.12519440404236093
2019-08-19 02:39:00,-0.049835842949846665
2019-08-19 02:42:00,-0.10494085317327517
2019-08-19 02:45:00,-0.014361107914567128
2019-08-19 02:48:00,-0.02816145125990488
2019-08-19 02:51:00,-0.00822608093483268
2019-08-19 02:54:00,-0.06584046523516918
2019-08-19 02:57:00,0.06120172990512174
2019-08-19 03:00:00,-0.12254402286976074
2019-08-19 03:03:00,0.0019211929964626506
2019-08-19 03:06:00,-0.03695171501664163
2019-08-19 03:09:00,0.010449672676543287
2019-08-19 03:12:00,0.11798238357545188
2019-08-19 03:15:00,0.017345507812933647
2019-08-19 03:18:00,0.05839614560824202
2019-08-19 03:21:00,0.14906283378019225
2019-08-19 03:24:00,0.1199869608856261
2019-08-19 03:27:00,0.16016727681716247
2019-08-19 03:30:00,0.12539691865237046
2019-08-19 03:33:00,0.13620907984619635
2019-08-19 03:36:00,0.21311859529902222
2019-08-19 03:39:00,0.2617088679133417
2019-08-19 03:42:00,0.1304159724195415
2019-08-19 03:45:00,0.18360567550911355
2019-08-19 03:48:00,0.11398665997359103
2019-08-19 03:51:00,0.18428253068390177
2019-08-19 03:54:00,0.24050149556740053
2019-08-19 03:57:00,0.2986745733394969
2019-08-19 04:00:00,0.3146860963917675
2019-08-19 04:03:00,0.23208541874180355
2019-08-19 04:06:00,0.34792292095932
2019-08-19 04:09:00,0.284697683067634
2019-08-19 04:12:00,0.2565525448047765
2019-08-19 04:15:00,0.13948442068345912
2019-08-19 04:18:00,0.24063411113081656
2019-08-19 04:21:00,0.23228298630880317
2019-08-19 04:24:00,0.2411506590112822
2019-08-19 04:27:00,0.2692228054770567
2019-08-19 04:30:00,0.11363838893163347
2019-08-19 04:33:00,0.23563935160768779
2019-08-19 04:36:00,0.2821405681920055
2019-08-19 04:39:00,0.16984258961861087
2019-08-19 04:42:00,0.2527933470505559
2019-08-19 04:45:00,0.21349880677229294
2019-08-19 04:48:00,0.07265306777583191
2019-08-19 04:51:00,0.23460911077830815
2019-08-19 04:54:00,0.29641998642694034
2019-08-19 04:57:00,0.12802358863956442
2019-08-19 05:00:00,0.19276160901699768
2019-08-19 05:03:00,0.19122412985473147
2019-08-19 05:06:00,0.1860956990099112
2019-08-19 05:09:00,0.2192554879612203
2019-08-19 05:12:00,0.23765014266990647
2019-08-19 05:15:00,0.26437183895063754
2019-08-19 05:18:00,0.2730373024619439
2019-08-19 05:21:00,0.16814261876174896
2019-08-19 05:24:00,0.14488411184385086
2019-08-19 05:27:00,0.20584458479669365
2019-08-19 05:30:00,0.21803657022564948
2019-08-19 05:33:00,0.2426552126287902
2019-08-19 05:36:00,0.1570992277116261
2019-08-19 05:39:00,0.17784321878048104
2019-08-19 05:42:00,0.1606277459550256
2019-08-19 05:45:00,0.1542845313732073
2019-08-19 05:48:00,0.1610450108094028
2019-08-19 05:51:00,0.18881054079599835
2019-08-19 05:54:00,0.2642800516467787
2019-08-19 05:57:00,0.143163415996014
2019-08-19 06:00:00,0.25879412053541273
2019-08-19 06:03:00,0.34434224404947145
2019-08-19 06:06:00,0.23732566165813296
2019-08-19 06:09:00,0.19571202096676643
2019-08-19 06:12:00,0.22231661185202256
2019-08-19 06:15:00,0.25595810241765093
2019-08-19 06:18:00,0.1979244142655716
2019-08-19 06:21:00,0.2618813203971513
2019-08-19 06:24:00,0.226939643180458
2019-08-19 06:27:00,0.17552241865070073
2019-08-19 06:30:00,0.1794857956453484
2019-08-19 06:33:00,0.23010244935255741
2019-08-19 06:36:00,0.23548674117591872
2019-08-19 06:39:00,0.1528341628248313
2019-08-19 06:42:00,0.26956470516341824
2019-08-19 06:45:00,0.2174777264094132
2019-08-19 06:48:00,0.2675136801904614
2019-08-19 06:51:00,0.24767373048257468
2019-08-19 06:54:00,0.26665183819608274
2019-08-19 06:57:00,0.24345720323532305
2019-08-19 07:00:00,0.24637929942696246
2019-08-19 07:03:00,0.29000271096822416
2019-08-19 07:06:00,0.21582537433505422
2019-08-19 07:09:00,0.16822234515524315
2019-08-19 07:12:00,0.18841626041654536
2019-08-19 07:15:00,0.2681410158052131
2019-08-19 07:18:00,0.21167003432105957
2019-08-19 07:21:00,0.27019404839103345
2019-08-19 07:24:00,0.2544353098257943
2019-08-19 07:27:00,0.22847614879998446
2019-08-19 07:30:00,0.2876218336487568
2019-08-19 07:33:00,0.21807250651846743
2019-08-19 07:36:00,0.28355240290198935
2019-08-19 07:39:00,0.26114844307369367
2019-08-19 07:42:00,0.21385024823382537
2019-08-19 07:45:00,0.29629457683847704
2019-08-19 07:48:00,0.25263403826647846
2019-08-19 07:51:00,0.2644675616772929
2019-08-19 07:54:00,0.24834549409376905
2019-08-19 07:57:00,0.24695969236449855
2019-08-19 08:00:00,0.22994043935824493
2019-08-19 08:03:00,0.1289419516797352
2019-08-19 08:06:00,0.11705359927066183
2019-08-19 08:09:00,0.14589916916827406
2019-08-19 08:12:00,0.13075622583653512
2019-08-19 08:15:00,0.10483388769932844
2019-08-19 08:18:00,0.169106464652657
2019-08-19 08:21:00,0.15203564136731984
2019-08-19 08:24:00,0.029229155250163785
2019-08-19 08:27:00,0.058764380189018084
2019-08-19 08:30:00,0.05815320424744641
2019-08-19 08:33:00,0.04610301907621306
2019-08-19 08:36:00,-0.03788814336195401
2019-08-19 08:39:00,-0.07674968348038647
2019-08-19 08:42:00,-0.04049657390334005
2019-08-19 08:45:00,-0.0528316447182533
2019-08-19 08:48:00,-0.10287125124079921
2019-08-19 08:51:00,-0.13400161687610534
2019-08-19 08:54:00,-0.1549031920455377
2019-08-19 08:57:00,-0.027435814319744622
2019-08-19 09:00:00,-0.062353667467448304
2019-08-19 09:03:00,0.008038265765947017
2019-08-19 09:06:00,-0.13212947754158222
2019-08-19 09:09:00,-0.15067465289956772
2019-08-19 09:12:00,-0.15289263954014132
2019-08-19 09:15:00,-0.16100899404096936
2019-08-19 09:18:00,-0.1297075966557486
2019-08-19 09:21:00,-0.19622761734717642
2019-08-19 09:24:00,-0.03395056188696799
2019-08-19 09:27:00,-0.21015520598740522
2019-08-19 09:30:00,-0.17383380751891764
2019-08-19 09:33:00,-0.165328870010228
2019-08-19 09:36:00,-0.09961485337373688
2019-08-19 09:39:00,-0.21049378917882677
2019-08-19 09:42:00,-0.24136823230128357
2019-08-19 09:45:00,-0.32503453446088315
2019-08-19 09:48:00,-0.18001734608373
2019-08-19 09:51:00,-0.17806319478222576
2019-08-19 09:54:00,-0.23102086512113829
2019-08-19 09:57:00,-0.2712506831109067
2019-08-19 10:00:00,-0.10337202253987243
2019-08-19 10:03:00,-0.21943308927734506
2019-08-19 10:06:00,-0.21684244861893376
2019-08-19 10:09:00,-0.2688773205773032
2019-08-19 10:12:00,-0.2901628648111796
2019-08-19 10:15:00,-0.17326152394667815
2019-08-19 10:18:00,-0.2658342885135312
2019-08-19 10:21:00,-0.27248715340965646
2019-08-19 10:24:00,-0.24010689926075202
2019-08-19 10:27:00,-0.20507041168713158
2019-08-19 10:30:00,-0.3920969208804763
2019-08-19 10:33:00,-0.31904656219393246
2019-08-19 10:36:00,-0.3159669536589149
2019-08-19 10:39:00,-0.3591995451893695
2019-08-19 10:42:00,-0.29860970251542085
2019-08-19 10:45:00,-0.3894482039887066
2019-08-19 10:48:00,-0.31105670587589884
2019-08-19 10:51:00,-0.3147295598469668
2019-08-19 10:54:00,-0.4485069185728321
2019-08-19 10:57:00,-0.4548749883077221
2019-08-19 11:00:00,-0.45944947726724195
2019-08-19 11:03:00,-0.37000413299711
2019-08-19 11:06:00,-0.35940950550474327
2019-08-19 11:09:00,-0.39476636537517606
2019-08-19 11:12:00,-0.37197421003838826
2019-08-19 11:15:00,-0.23812320149301058
2019-08-19 11:18:00,-0.28314712590264435
2019-08-19 11:21:00,-0.21374399042747427
2019-08-19 11:24:00,-0.3826363568526858
2019-08-19 11:27:00,-0.3224930655366052
2019-08-19 11:30:00,-0.3279827584589725
2019-08-19 11:33:00,-0.3311061054251354
2019-08-19 11:36:00,-0.543934035127279
2019-08-19 11:39:00,-0.4555837817119368
2019-08-19 11:42:00,-0.5019138093363154
2019-08-19 11:45:00,-0.3874757438916845
2019-08-19 11:48:00,-0.3658368764859006
2019-08-19 11:51:00,-0.23453048490148376
2019-08-19 11:54:00,-0.2048021618815028
2019-08-19 11:57:00,-0.28057895292073454
2019-08-19 12:00:00,-0.4211458789582707
2019-08-19 12:03:00,-0.17475408851629481
2019-08-19 12:06:00,-0.34453206062454456
2019-08-19 12:09:00,-0.2798549910266388
2019-08-19 12:12:00,-0.4783977170806111
2019-08-19 12:15:00,-0.5024360199427065
2019-08-19 12:18:00,-0.5512947262374723
2019-08-19 12:21:00,-0.4663010330127122
2019-08-19 12:24:00,-0.5698786603876442
2019-08-19 12:27:00,-0.5385583452862761
2019-08-19 12:30:00,-0.5172521678891258
2019-08-19 12:33:00,-0.4574184823698033
2019-08-19 12:36:00,-0.35419569493359404
2019-08-19 12:39:00,-0.4993807009212219
2019-08-19 12:42:00,-0.5387902073593978
2019-08-19 12:45:00,-0.5521158151684062
2019-08-19 12:48:00,-0.6466584246838352
2019-08-19 12:51:00,-0.657401363219833
2019-08-19 12:54:00,-0.3938976121168025
2019-08-19 12:57:00,-0.3875907951193085
2019-08-19 13:00:00,-0.3277425709995896
2019-08-19 13:03:00,-0.3174136675297632
2019-08-19 13:06:00,-0.33137860989785395
2019-08-19 13:09:00,-0.6005343453816749
2019-08-19 13:12:00,-0.5291765282533447
2019-08-19 13:15:00,-0.5812641029449992
2019-08-19 13:18:00,-0.5754982274102076
2019-08-19 13:21:00,-0.5143311337060368
2019-08-19 13:24:00,-0.5634455992744165
2019-08-19 13:27:00,-0.5308423537038038
2019-08-19 13:30:00,-0.5858379673991294
2019-08-19 13:33:00,-0.5190588116644221
2019-08-19 13:36:00,-0.40486909181333885
2019-08-19 13:39:00,-0.379581459460951
2019-08-19 13:42:00,-0.5026558298822579
2019-08-19 13:45:00,-0.6031606048197204
2019-08-19 13:48:00,-0.5228623610024101
2019-08-19 13:51:00,-0.4977213744164146
2019-08-19 13:54:00,-0.4959691862266027
2019-08-19 13:57:00,-0.547082320814809
2019-08-19 14:00:00,-0.6779762500456172
2019-08-19 14:03:00,-0.5748829034803862
2019-08-19 14:06:00,-0.5424655156984954
2019-08-19 14:09:00,-0.5774719063994667
2019-08-19 14:12:00,-0.4336338043240744
2019-08-19 14:15:00,-0.5377480483932686
2019-08-19 14:18:00,-0.5174825957988105
2019-08-19 14:21:00,-0.4717401671051107
2019-08-19 14:24:00,-0.4470526227415803
2019-08-19 14:27:00,-0.5977900283726854
2019-08-19 14:30:00,-0.5402885356292018
2019-08-19 14:33:00,-0.5896606770464246
2019-08-19 14:36:00,-0.4510111201360587
2019-08-19 14:39:00,-0.49253153601029
2019-08-19 14:42:00,-0.6319284602993775
2019-08-19 14:45:00,-0.6868315235374212
2019-08-19 14:48:00,-0.5516526896395249
2019-08-19 14:51:00,-0.6683771376196432
2019-08-19 14:54:00,-0.6176043674668676
2019-08-19 14:57:00,-0.5943807196132411
2019-08-19 15:00:00,-0.6896786234838146
2019-08-19 15:03:00,-0.6908724821166174
2019-08-19 15:06:00,-0.6616044754561017
2019-08-19 15:09:00,-0.6799811815557746
2019-08-19 15:12:00,-0.7142023043935524
2019-08-19 15:15:00,-0.554377525728114
2019-08-19 15:18:00,-0.6428193513980318
2019-08-19 15:21:00,-0.5642558985576329
2019-08-19 15:24:00,-0.6201403834998587
2019-08-19 15:27:00,-0.5500890469754722
2019-08-19 15:30:00,-0.4228993325068018
2019-08-19 15:33:00,-0.30388876593758596
2019-08-19 15:36:00,-0.33756308181756367
2019-08-19 15:39:00,-0.48032235031132586
2019-08-19 15:42:00,-0.6173733181440184
2019-08-19 15:45:00,-0.5176753487536985
2019-08-19 15:48:00,-0.5374436607947928
2019-08-19 15:51:00,-0.4628205365137319
2019-08-19 15:54:00,-0.5767613350984107
2019-08-19 15:57:00,-0.5366691371761476
2019-08-19 16:00:00,-0.5217506801660079
2019-08-19 16:03:00,-0.5628112715294264
2019-08-19 16:06:00,-0.4068543548677894
2019-08-19 16:09:00,-0.5000889596212232
2019-08-19 16:12:00,-0.5283797898705984
2019-08-19 16:15:00,-0.4105602522151912
2019-08-19 16:18:00,-0.5016330616959976
2019-08-19 16:21:00,-0.4712111230695655
2019-08-19 16:24:00,-0.40600428417195644
2019-08-19 16:27:00,-0.4622930772146674
2019-08-19 16:30:00,-0.42306463164908337
2019-08-19 16:33:00,-0.41353682084280763
2019-08-19 16:36:00,-0.4399006670698782
2019-08-19 16:39:00,-0.43502222641291155
2019-08-19 16:42:00,-0.4816209625072929
2019-08-19 16:45:00,-0.4324358541849165
2019-08-19 16:48:00,-0.3913074346299368
2019-08-19 16:51:00,-0.3773061218676048
2019-08-19 16:54:00,-0.42586799167594336
2019-08-19 16:57:00,-0.37229183935579613
2019-08-19 17:00:00,-0.3822379159275897
2019-08-19 17:03:00,-0.4284052102694318
2019-08-19 17:06:00,-0.4056207855792877
2019-08-19 17:09:00,-0.3375880107861917
2019-08-19 17:12:00,-0.3560511366989658
2019-08-19 17:15:00,-0.44724521422523367
2019-08-19 17:18:00,-0.3923223817732264
2019-08-19 17:21:00,-0.49506937237157445
2019-08-19 17:24:00,-0.3876101187563563
2019-08-19 17:27:00,-0.4536417684316234
2019-08-19 17:30:00,-0.46465665787980015
2019-08-19 17:33:00,-0.4981537353003773
2019-08-19 17:36:00,-0.4722208728767896
2019-08-19 17:39:00,-0.45380485831185524
2019-08-19 17:42:00,-0.5092535292987463
2019-08-19 17:45:00,-0.39802871745848734
2019-08-19 17:48:00,-0.4304077677157352
2019-08-19 17:51:00,-0.4351050548706894
2019-08-19 17:54:00,-0.4352410881410833
2019-08-19 17:57:00,-0.5280807804035703
2019-08-19 18:00:00,-0.3886732191995179
2019-08-19 18:03:00,-0.4143746854801975
2019-08-19 18:06:00,-0.3529530303824231
2019-08-19 18:09:00,-0.45302120545596836
2019-08-19 18:12:00,-0.5325833973942053
2019-08-19 18:15:00,-0.4312541100007934
2019-08-19 18:18:00,-0.2942415524944977
2019-08-19 18:21:00,-0.4508716087032667
2019-08-19 18:24:00,-0.45910563025552165
2019-08-19 18:27:00,-0.32410157163496933
2019-08-19 18:30:00,-0.420934047709693
2019-08-19 18:33:00,-0.4821672107599966
2019-08-19 18:36:00,-0.485720655079831
2019-08-19 18:39:00,-0.27742789182497063
2019-08-19 18:42:00,-0.35945427725908985
2019-08-19 18:45:00,-0.4309001302527804
2019-08-19 18:48:00,-0.38650475982592525
2019-08-19 18:51:00,-0.4298647981069621
2019-08-19 18:54:00,
2019-08-19 18:57:00,
2019-08-19 19:00:00,
2019-08-19 19:03:00,-0.3905569612007298
2019-08-19 19:06:00,-0.505499158829025
2019-08-19 19:09:00,-0.40694235338440876
2019-08-19 19:12:00,-0.28129414936461217
2019-08-19 19:15:00,-0.4012405282305167
2019-08-19 19:18:00,-0.4708236767047538
2019-08-19 19:21:00,-0.316059759657378
2019-08-19 19:24:00,-0.441617365456068
2019-08-19 19:27:00,-0.3300374904844148
2019-08-19 19:30:00,-0.33779966271214334
2019-08-19 19:33:00,-0.3257386377141529
2019-08-19 19:36:00,-0.3436834219888283
2019-08-19 19:39:00,-0.4144183227119811
2019-08-19 19:42:00,-0.4058364416110294
2019-08-19 19:45:00,-0.4143451908799989
2019-08-19 19:48:00,-0.3904096908097472
2019-08-19 19:51:00,-0.4484061981104901
2019-08-19 19:54:00,-0.38719537837522466
2019-08-19 19:57:00,-0.2939686801974517
2019-08-19 20:00:00,-0.23127133945496325
2019-08-19 20:03:00,-0.37582263964048934
2019-08-19 20:06:00,-0.25815605551218823
2019-08-19 20:09:00,-0.25342355640941605
2019-08-19 20:12:00,-0.29736470621384115
2019-08-19 20:15:00,-0.3644671667144621
2019-08-19 20:18:00,-0.2091491821964837
2019-08-19 20:21:00,-0.2469240373598609
2019-08-19 20:24:00,-0.3359813803348288
2019-08-19 20:27:00,-0.2602535435746631
2019-08-19 20:30:00,-0.243869172421455
2019-08-19 20:33:00,-0.24833508216988776
2019-08-19 20:36:00,-0.2766981673478881
2019-08-19 20:39:00,-0.2365324314567374
2019-08-19 20:42:00,-0.16601318295295187
2019-08-19 20:45:00,-0.2245321554667612
2019-08-19 20:48:00,-0.14462844542453013
2019-08-19 20:51:00,-0.14672268969110291
2019-08-19 20:54:00,-0.09752345486191416
2019-08-19 20:57:00,-0.19553821035350438
2019-08-19 21:00:00,-0.23350319548660536
2019-08-19 21:03:00,-0.09296494939979993
2019-08-19 21:06:00,-0.1783819527560695
2019-08-19 21:09:00,-0.23473711329080515
2019-08-19 21:12:00,-0.025438982274067712
2019-08-19 21:15:00,-0.22416495881367382
2019-08-19 21:18:00,-0.13254013560907651
2019-08-19 21:21:00,-0.11356888172502977
2019-08-19 21:24:00,-0.1599527988150271
2019-08-19 21:27:00,0.01300811952148706
2019-08-19 21:30:00,-0.10027455641494498
2019-08-19 21:33:00,-0.13886586628291298
2019-08-19 21:36:00,-0.1151203330122712
2019-08-19 21:39:00,-0.06069030659944019
2019-08-19 21:42:00,-0.10298265532361484
2019-08-19 21:45:00,-0.1589309958366698
2019-08-19 21:48:00,-0.05087097886837455
2019-08-19 21:51:00,-0.12086763759111818
2019-08-19 21:54:00,-0.06965720778919149
2019-08-19 21:57:00,-0.11050511394171281
2019-08-19 22:00:00,-0.008980055369988804
2019-08-19 22:03:00,-0.07291182820358699
2019-08-19 22:06:00,-0.024816170352210065
2019-08-19 22:09:00,-0.017581053772062205
2019-08-19 22:12:00,-0.1434887457445484
2019-08-19 22:15:00,-0.07508646555260157
2019-08-19 22:18:00,-0.06199450919939409
2019-08-19 22:21:00,-0.060905763007383484
2019-08-19 22:24:00,-0.06794087000463378
2019-08-19 22:27:00,-0.1318626982596811
2019-08-19 22:30:00,-0.11577380232836276
2019-08-19 22:33:00,-0.13749866272860345
2019-08-19 22:36:00,-0.0759738838623889
2019-08-19 22:39:00,-0.07986932426467774
2019-08-19 22:42:00,-0.005892203432949827
2019-08-19 22:45:00,-0.09897948314892346
2019-08-19 22:48:00,-0.10132518586243577
2019-08-19 22:51:00,-0.04035088044452095
2019-08-19 22:54:00,-0.0984663340995553
2019-08-19 22:57:00,-0.054777874733417775
2019-08-19 23:00:00,-0.039779657463952844
2019-08-19 23:03:00,-0.16326499907859215
2019-08-19 23:06:00,-0.13436645724840446
2019-08-19 23:09:00,-0.126705320233782
2019-08-19 23:12:00,-0.1565226818063934
2019-08-19 23:15:00,-0.07179802356449727
2019-08-19 23:18:00,-0.11018062834364173
2019-08-19 23:21:00,-0.11208570833343856
2019-08-19 23:24:00,-0.088740397260608
2019-08-19 23:27:00,-0.09495939137906362
2019-08-19 23:30:00,-0.13833953398142285
2019-08-19 23:33:00,-0.0653940583767394
2019-08-19 23:36:00,-0.16945697326480058
2019-08-19 23:39:00,-0.0672284164883763
2019-08-19 23:42:00,-0.021261549625307907
2019-08-19 23:45:00,0.0010726973171131249
2019-08-19 23:48:00,0.009941570829028024
2019-08-19 23:51:00,0.018643899661697105
2019-08-19 23:54:00,-0.1454503774729119
2019-08-19 23:57:00,-0.018483318362541468
2019-08-20 00:00:00,-0.010009576221250427
2019-08-20 00:03:00,-0.026884451434341372
2019-08-20 00:06:00,-0.007919309731505564
2019-08-20 00:09:00,-0.008673194617642821
2019-08-20 00:12:00,-0.0012762048500576384
2019-08-20 00:15:00,0.015508255460019882
2019-08-20 00:18:00,-0.003454309296159863
2019-08-20 00:21:00,-0.04864841197638725
2019-08-20 00:24:00,0.031307788873903064
2019-08-20 00:27:00,-0.006570364232118209
2019-08-20 00:30:00,0.008891056666186614
2019-08-20 00:33:00,0.10089194882164065
2019-08-20 00:36:00,0.08440888217694464
2019-08-20 00:39:00,-0.004786542975978136
2019-08-20 00:42:00,-0.020559019810661994
2019-08-20 00:45:00,-0.000815352970278127
2019-08-20 00:48:00,-0.004375598299304784
2019-08-20 00:51:00,0.10839308638594503
2019-08-20 00:54:00,0.032608537442570196
2019-08-20 00:57:00,0.055281065665042206
2019-08-20 01:00:00,0.03864560638379544
2019-08-20 01:03:00,0.030588114211354878
2019-08-20 01:06:00,-0.0218325618527615
2019-08-20 01:09:00,-0.04904762718155098
2019-08-20 01:12:00,0.06287623054572578
2019-08-20 01:15:00,0.036631735389391906
2019-08-20 01:18:00,-0.06374369212068132
2019-08-20 01:21:00,-0.05292550270218044
2019-08-20 01:24:00,-0.10937086739471624
2019-08-20 01:27:00,-0.007939685479300351
2019-08-20 01:30:00,-0.011846884910880817
2019-08-20 01:33:00,-0.13622804041415293
2019-08-20 01:36:00,-0.0951477834241814
2019-08-20 01:39:00,0.007076813380535896
2019-08-20 01:42:00,-0.04409252160928645
2019-08-20 01:45:00,-0.006481124364484003
2019-08-20 01:48:00,0.11658417501178064
2019-08-20 01:51:00,-0.029423704864541378
2019-08-20 01:54:00,-0.04511638097363857
2019-08-20 01:57:00,-0.10088127018349269
2019-08-20 02:00:00,0.11199159770120559
2019-08-20 02:03:00,-0.10635453730981226
2019-08-20 02:06:00,0.026761104600325325
2019-08-20 02:09:00,0.030911099376965012
2019-08-20 02:12:00,0.045721506378129106
2019-08-20 02:15:00,0.06647685964117045
2019-08-20 02:18:00,0.14479141712541832
2019-08-20 02:21:00,-0.026952661706786785
2019-08-20 02:24:00,-0.020292944904440446
2019-08-20 02:27:00,0.08109820376938615
2019-08-20 02:30:00,0.07834152849204656
2019-08-20 02:33:00,0.052978075770795385
2019-08-20 02:36:00,-0.0593894109148323
2019-08-20 02:39:00,0.06295151063943649
2019-08-20 02:42:00,0.12619858966343145
2019-08-20 02:45:00,0.07423927674830111
2019-08-20 02:48:00,0.03556684677238309
2019-08-20 02:51:00,0.067081549407078
2019-08-20 02:54:00,0.12338401616051442
2019-08-20 02:57:00,0.19951051463641534
2019-08-20 03:00:00,0.1643376174530431
2019-08-20 03:03:00,0.1346069115286923
2019-08-20 03:06:00,0.13086338584054147
2019-08-20 03:09:00,0.0982311391939561
2019-08-20 03:12:00,0.08760229178426471
2019-08-20 03:15:00,0.11294670014910935
2019-08-20 03:18:00,0.16826533495429885
2019-08-20 03:21:00,0.0777320060555553
2019-08-20 03:24:00,0.15694587110533575
2019-08-20 03:27:00,0.1172458587018923
2019-08-20 03:30:00,0.1571962650997989
2019-08-20 03:33:00,0.15356253374130802
2019-08-20 03:36:00,0.06495871624480287
2019-08-20 03:39:00,0.1472576326029298
2019-08-20 03:42:00,0.1977650158410711
2019-08-20 03:45:00,0.17936084345200243
2019-08-20 03:48:00,0.2736108010080329
2019-08-20 03:51:00,0.24750651940888702
2019-08-20 03:54:00,0.18318778381541279
2019-08-20 03:57:00,0.058997581966480084
2019-08-20 04:00:00,0.20889543628834417
2019-08-20 04:03:00,0.12214009288840089
2019-08-20 04:06:00,0.20991832955007794
2019-08-20 04:09:00,0.12073677439053654
2019-08-20 04:12:00,0.1755985593991909
2019-08-20 04:15:00,0.10582604303982635
2019-08-20 04:18:00,0.15120631191297207
2019-08-20 04:21:00,0.18741217927100706
2019-08-20 04:24:00,0.12418926948498665
2019-08-20 04:27:00,0.16797169899462006
2019-08-20 04:30:00,0.1497136488563342
2019-08-20 04:33:00,0.1397438164813707
2019-08-20 04:36:00,0.15630149437924956
2019-08-20 04:39:00,0.10359028638356449
2019-08-20 04:42:00,0.019933862739719643
2019-08-20 04:45:00,0.05236259992699388
2019-08-20 04:48:00,0.10719287333733973
2019-08-20 04:51:00,0.06525828644237208
2019-08-20 04:54:00,0.04388238087511809
2019-08-20 04:57:00,0.051958950548169014
2019-08-20 05:00:00,0.06929128109334215
2019-08-20 05:03:00,0.009095342793898453
2019-08-20 05:06:00,0.10818636135053339
2019-08-20 05:09:00,0.12291050506348711
2019-08-20 05:12:00,0.10281026608822685
2019-08-20 05:15:00,0.03558871781228845
2019-08-20 05:18:00,0.036682943054302086
2019-08-20 05:21:00,0.13036323503644098
2019-08-20 05:24:00,0.09416830629402284
2019-08-20 05:27:00,0.15419649791715528
2019-08-20 05:30:00,0.12495055404190225
2019-08-20 05:33:00,0.050107977528625725
2019-08-20 05:36:00,0.10241810751358571
2019-08-20 05:39:00,0.13728174858658804
2019-08-20 05:42:00,0.09557015788669787
2019-08-20 05:45:00,0.05558375893929224
2019-08-20 05:48:00,-0.01883317674406726
2019-08-20 05:51:00,-0.029699737464738973
2019-08-20 05:54:00,0.11790362259046105
2019-08-20 05:57:00,0.04742101412773536
2019-08-20 06:00:00,0.1175760096531917
2019-08-20 06:03:00,0.05753558307822004
2019-08-20 06:06:00,0.11035210887536095
2019-08-20 06:09:00,0.15835313762420355
2019-08-20 06:12:00,0.17951568609669266
2019-08-20 06:15:00,0.16015082410712012
2019-08-20 06:18:00,0.27983689737345685
2019-08-20 06:21:00,0.14486128268328002
2019-08-20 06:24:00,0.14902936848983472
2019-08-20 06:27:00,0.1282036374935842
2019-08-20 06:30:00,0.06843661321761374
2019-08-20 06:33:00,0.020324314653635156
2019-08-20 06:36:00,0.12465436531169871
2019-08-20 06:39:00,0.05558746530874714
2019-08-20 06:42:00,0.19446225411928708
2019-08-20 06:45:00,0.19944545985561035
2019-08-20 06:48:00,0.132914390421206
2019-08-20 06:51:00,0.05991485230805438
2019-08-20 06:54:00,0.016194059999008914
2019-08-20 06:57:00,0.03935341362790723
2019-08-20 07:00:00,0.15529494695061885
2019-08-20 07:03:00,0.010457519443548335
2019-08-20 07:06:00,0.0791308357703997
2019-08-20 07:09:00,0.11815829676737621
2019-08-20 07:12:00,-0.0007102910370804238
2019-08-20 07:15:00,0.025405614567659995
2019-08-20 07:18:00,0.059160267367701636
2019-08-20 07:21:00,0.04326265331110335
2019-08-20 07:24:00,0.04910161264393764
2019-08-20 07:27:00,0.0646864626382353
2019-08-20 07:30:00,0.022197281150340586
2019-08-20 07:33:00,-0.000792684416865086
2019-08-20 07:36:00,0.06586488114078293
2019-08-20 07:39:00,0.07068333294546392
2019-08-20 07:42:00,0.027943630531979124
2019-08-20 07:45:00,0.06956851293068667
2019-08-20 07:48:00,-0.030700061842878767
2019-08-20 07:51:00,0.054852664617953906
2019-08-20 07:54:00,0.07923700616356655
2019-08-20 07:57:00,0.0038346419436834367
2019-08-20 08:00:00,0.06983066372828262
2019-08-20 08:03:00,0.10858882527668356
2019-08-20 08:06:00,0.02661544183655451
2019-08-20 08:09:00,0.04238293755389577
2019-08-20 08:12:00,0.05727419623787
2019-08-20 08:15:00,0.03710913838261831
2019-08-20 08:18:00,-0.013013621899517602
2019-08-20 08:21:00,0.01924567914409181
2019-08-20 08:24:00,0.08959618691284277
2019-08-20 08:27:00,0.053531135730111146
2019-08-20 08:30:00,0.020808264727918413
2019-08-20 08:33:00,-0.07557783433156828
2019-08-20 08:36:00,0.022200332344652907
2019-08-20 08:39:00,-0.04688584912366878
2019-08-20 08:42:00,0.016581198355027027
2019-08-20 08:45:00,-0.10224172651948038
2019-08-20 08:48:00,-0.019643167820220242
2019-08-20 08:51:00,-0.06387489204070107
2019-08-20 08:54:00,-0.06374939420777537
2019-08-20 08:57:00,0.028069547578979837
2019-08-20 09:00:00,-0.09121725794017266
2019-08-20 09:03:00,-0.15887495023054043
2019-08-20 09:06:00,-0.096696891537988
2019-08-20 09:09:00,-0.15540003560101923
2019-08-20 09:12:00,-0.1912482505969706
2019-08-20 09:15:00,-0.1284825682985229
2019-08-20 09:18:00,-0.2786304804949964
2019-08-20 09:21:00,-0.1632313370435554
2019-08-20 09:24:00,-0.1122867061657189
2019-08-20 09:27:00,-0.14366026859420344
2019-08-20 09:30:00,-0.23862814055348736
2019-08-20 09:33:00,-0.19137104945770034
2019-08-20 09:36:00,-0.1566340156557544
2019-08-20 09:39:00,-0.23375479744970562
2019-08-20 09:42:00,-0.15856651201710292
2019-08-20 09:45:00,-0.23194347811863736
2019-08-20 09:48:00,-0.19620024113368117
2019-08-20 09:51:00,-0.24266191232885603
2019-08-20 09:54:00,-0.23617461576981214
2019-08-20 09:57:00,-0.3047693219108396
2019-08-20 10:00:00,-0.20976527223700714
2019-08-20 10:03:00,-0.35234534898950187
2019-08-20 10:06:00,-0.3591457246641312
2019-08-20 10:09:00,-0.3710124548595104
2019-08-20 10:12:00,-0.29211911163997684
2019-08-20 10:15:00,-0.3322773425713308
2019-08-20 10:18:00,-0.24191399522965185
2019-08-20 10:21:00,-0.2588115455542379
2019-08-20 10:24:00,-0.30595928686324214
2019-08-20 10:27:00,-0.2858444752347964
2019-08-20 10:30:00,-0.3297835292593163
2019-08-20 10:33:00,-0.3933865264924634
2019-08-20 10:36:00,-0.3814507383161754
2019-08-20 10:39:00,-0.3430344990343883
2019-08-20 10:42:00,-0.25887190253035897
2019-08-20 10:45:00,-0.2751129999392674
2019-08-20 10:48:00,-0.31023113116674494
2019-08-20 10:51:00,-0.4883272213418195
2019-08-20 10:54:00,-0.4321357367734322
2019-08-20 10:57:00,-0.3588141499778317
2019-08-20 11:00:00,-0.36569705363058347
2019-08-20 11:03:00,-0.45709778050462546
2019-08-20 11:06:00,-0.43958213122908774
2019-08-20 11:09:00,-0.4381734252652336
2019-08-20 11:12:00,-0.43815137931829895
2019-08-20 11:15:00,-0.6279447056885488
2019-08-20 11:18:00,-0.49989604153773826
2019-08-20 11:21:00,-0.4015067846708007
2019-08-20 11:24:00,-0.47496338755172474
2019-08-20 11:27:00,-0.4612639198800821
2019-08-20 11:30:00,-0.5439122187048042
2019-08-20 11:33:00,-0.5306015982762347
2019-08-20 11:36:00,-0.48693557344586225
2019-08-20 11:39:00,-0.6190773316803302
2019-08-20 11:42:00,-0.5183048938482102
2019-08-20 11:45:00,-0.44606417798121356
2019-08-20 11:48:00,-0.5336421145912595
2019-08-20 11:51:00,-0.42410848593539185
2019-08-20 11:54:00,-0.5279036128481494
2019-08-20 11:57:00,-0.5864419595671393
2019-08-20 12:00:00,-0.5533536471413072
2019-08-20 12:03:00,-0.6076581977974911
2019-08-20 12:06:00,-0.41971598535445764
2019-08-20 12:09:00,-0.5589530316611899
2019-08-20 12:12:00,-0.48317484333330185
2019-08-20 12:15:00,-0.5434721818456296
2019-08-20 12:18:00,-0.5662790703322003
2019-08-20 12:21:00,-0.5834101735701438
2019-08-20 12:24:00,-0.5934005266372537
2019-08-20 12:27:00,-0.490153297908023
2019-08-20 12:30:00,-0.5904528070117294
2019-08-20 12:33:00,-0.5547428454806322
2019-08-20 12:36:00,-0.45624483583287656
2019-08-20 12:39:00,-0.5450211672012415
2019-08-20 12:42:00,-0.5393679959706787
2019-08-20 12:45:00,-0.501156963776566
2019-08-20 12:48:00,-0.5119669760078409
2019-08-20 12:51:00,-0.49147091459366266
2019-08-20 12:54:00,-0.5353831992667892
2019-08-20 12:57:00,-0.5287374905441311
2019-08-20 13:00:00,-0.4856117324236493
2019-08-20 13:03:00,-0.5773674200730738
2019-08-20 13:06:00,-0.55324667870957
2019-08-20 13:09:00,-0.5931619803193939
2019-08-20 13:12:00,-0.4752536441603752
2019-08-20 13:15:00,-0.45409514522799554
2019-08-20 13:18:00,-0.5468504097714799
2019-08-20 13:21:00,-0.5559929746551688
2019-08-20 13:24:00,-0.5110279887135789
2019-08-20 13:27:00,-0.682532595582586
2019-08-20 13:30:00,-0.5868135839521642
2019-08-20 13:33:00,-0.6523339086000419
2019-08-20 13:36:00,-0.6812637948369229
2019-08-20 13:39:00,-0.5449306298050942
2019-08-20 13:42:00,-0.4646968746717448
2019-08-20 13:45:00,-0.47991749697166597
2019-08-20 13:48:00,-0.5919382242810798
2019-08-20 13:51:00,-0.5540260247125843
2019-08-20 13:54:00,-0.5397042958055636
2019-08-20 13:57:00,-0.6422541617623096
2019-08-20 14:00:00,-0.513762906513648
2019-08-20 14:03:00,-0.6688170734703363
2019-08-20 14:06:00,-0.6121475274937325
2019-08-20 14:09:00,-0.5304830801937328
2019-08-20 14:12:00,-0.5087730678643538
2019-08-20 14:15:00,-0.4576081043043132
2019-08-20 14:18:00,-0.575718809486716
2019-08-20 14:21:00,-0.5790671531631801
2019-08-20 14:24:00,-0.5405696310529606
2019-08-20 14:27:00,-0.48235243742504963
2019-08-20 14:30:00,-0.5395468345373615
2019-08-20 14:33:00,-0.4485997078149353
2019-08-20 14:36:00,-0.6055751786913106
2019-08-20 14:39:00,-0.4179925307233816
2019-08-20 14:42:00,-0.5450221650481808
2019-08-20 14:45:00,-0.5684405620447137
2019-08-20 14:48:00,-0.4701017039594717
2019-08-20 14:51:00,-0.5617802711565787
2019-08-20 14:54:00,-0.6316154730175754
2019-08-20 14:57:00,-0.551605260132078
2019-08-20 15:00:00,-0.5016483700109688
2019-08-20 15:03:00,-0.5322221684591568
2019-08-20 15:06:00,-0.5056973590980078
2019-08-20 15:09:00,-0.5859439842685106
2019-08-20 15:12:00,-0.5357104637043335
2019-08-20 15:15:00,-0.6159130352538682
2019-08-20 15:18:00,-0.6378567837028299
2019-08-20 15:21:00,-0.4939218637758245
2019-08-20 15:24:00,-0.5091722833519157
2019-08-20 15:27:00,-0.5508307446213507
2019-08-20 15:30:00,-0.49877624053266345
2019-08-20 15:33:00,-0.5311020146779697
2019-08-20 15:36:00,-0.4295086018433949
2019-08-20 15:39:00,-0.5641516544811225
2019-08-20 15:42:00,-0.4260413499966944
2019-08-20 15:45:00,-0.5950951441395773
2019-08-20 15:48:00,-0.5762997992127339
2019-08-20 15:51:00,-0.5004313781512906
2019-08-20 15:54:00,-0.5336592821090562
2019-08-20 15:57:00,-0.46481315105069143
2019-08-20 16:00:00,-0.6896380742394399
2019-08-20 16:03:00,-0.6032337339913738
2019-08-20 16:06:00,-0.44952854478339077
2019-08-20 16:09:00,-0.4566434563325288
2019-08-20 16:12:00,-0.5594262191960979
2019-08-20 16:15:00,-0.48508427682077127
2019-08-20 16:18:00,-0.38294411714343823
2019-08-20 16:21:00,-0.4904709291696463
2019-08-20 16:24:00,-0.4796612380998795
2019-08-20 16:27:00,-0.45906155996487996
2019-08-20 16:30:00,-0.4615689511603591
2019-08-20 16:33:00,-0.5295245135338291
2019-08-20 16:36:00,-0.5521499398656715
2019-08-20 16:39:00,-0.4820431958925724
2019-08-20 16:42:00,-0.49275118758498593
2019-08-20 16:45:00,-0.48363486493462915
2019-08-20 16:48:00,-0.5307971660977842
2019-08-20 16:51:00,-0.5148341433390442
2019-08-20 16:54:00,-0.4120161275093892
2019-08-20 16:57:00,-0.466901729197275
2019-08-20 17:00:00,-0.5928467682411451
2019-08-20 17:03:00,-0.5288947162201794
2019-08-20 17:06:00,-0.5228460270130313
2019-08-20 17:09:00,-0.41879528094142415
2019-08-20 17:12:00,-0.5243764946424676
2019-08-20 17:15:00,-0.5012840494842976
2019-08-20 17:18:00,-0.5380373132031764
2019-08-20 17:21:00,-0.4731474319470408
2019-08-20 17:24:00,-0.44933416412129645
2019-08-20 17:27:00,-0.4643732762552304
2019-08-20 17:30:00,-0.5139117129278361
2019-08-20 17:33:00,-0.508955497267948
2019-08-20 17:36:00,-0.43032695253555175
2019-08-20 17:39:00,-0.4825607436131918
2019-08-20 17:42:00,-0.39176524158898474
2019-08-20 17:45:00,-0.538811705998171
2019-08-20 17:48:00,-0.521701810676916
2019-08-20 17:51:00,-0.47623082639853465
2019-08-20 17:54:00,-0.44839870240861046
2019-08-20 17:57:00,-0.3916688676579838
2019-08-20 18:00:00,-0.5068278283092695
2019-08-20 18:03:00,-0.47707901086414495
2019-08-20 18:06:00,-0.5193444982991196
2019-08-20 18:09:00,-0.5657387539803835
2019-08-20 18:12:00,-0.6312114625771983
2019-08-20 18:15:00,-0.5502230429220845
2019-08-20 18:18:00,-0.5593117445943676
2019-08-20 18:21:00,-0.4536980207331567
2019-08-20 18:24:00,-0.45267693178851687
2019-08-20 18:27:00,-0.47559780061743595
2019-08-20 18:30:00,-0.538968075800085
2019-08-20 18:33:00,-0.569391926181197
2019-08-20 18:36:00,-0.39866341158301566
2019-08-20 18:39:00,-0.4349458511992452
2019-08-20 18:42:00,-0.3835755516803374
2019-08-20 18:45:00,-0.3505412186514718
2019-08-20 18:48:00,-0.4451620845571824
2019-08-20 18:51:00,-0.3588784445806823
2019-08-20 18:54:00,
2019-08-20 18:57:00,
2019-08-20 19:00:00,
2019-08-20 19:03:00,-0.30902697254629174
2019-08-20 19:06:00,-0.32948793718946945
2019-08-20 19:09:00,-0.3656541128160029
2019-08-20 19:12:00,-0.42725913323567966
2019-08-20 19:15:00,-0.3964369365003222
2019-08-20 19:18:00,-0.3054878144350255
2019-08-20 19:21:00,-0.29168807511769046
2019-08-20 19:24:00,-0.30598524664776505
2019-08-20 19:27:00,-0.29866599745929534
2019-08-20 19:30:00,-0.30175219077028714
2019-08-20 19:33:00,-0.3760256819377332
2019-08-20 19:36:00,-0.28424454456506965
2019-08-20 19:39:00,-0.29430976169413725
2019-08-20 19:42:00,-0.287394546576877
2019-08-20 19:45:00,-0.20744215721651926
2019-08-20 19:48:00,-0.21136139484104888
2019-08-20 19:51:00,-0.09870493070542352
2019-08-20 19:54:00,-0.2738193652075438
2019-08-20 19:57:00,-0.19340436391559024
2019-08-20 20:00:00,-0.1624996025851715
2019-08-20 20:03:00,-0.19980553947362978
2019-08-20 20:06:00,-0.12599793147131777
2019-08-20 20:09:00,-0.2953570734927098
2019-08-20 20:12:00,-0.3122379131322077
2019-08-20 20:15:00,-0.19616499362922468
2019-08-20 20:18:00,-0.25590406004340593
2019-08-20 20:21:00,-0.0932554844505944
2019-08-20 20:24:00,-0.11209672483045097
2019-08-20 20:27:00,-0.22052518450726666
2019-08-20 20:30:00,-0.17826809279989675
2019-08-20 20:33:00,-0.1058790029770762
2019-08-20 20:36:00,-0.13154983641243234
2019-08-20 20:39:00,-0.2673019846718603
2019-08-20 20:42:00,-0.1194487666268742
2019-08-20 20:45:00,-0.14712360053636075
2019-08-20 20:48:00,-0.0649442371076816
2019-08-20 20:51:00,-0.035546981878610495
2019-08-20 20:54:00,-0.08981340277836125
2019-08-20 20:57:00,-0.15779708081072386
2019-08-20 21:00:00,-0.14250987779189472
2019-08-20 21:03:00,-0.1612794057608653
2019-08-20 21:06:00,-0.14753934440619787
2019-08-20 21:09:00,-0.14733969328574403
2019-08-20 21:12:00,-0.17192857799199146
2019-08-20 21:15:00,-0.11129364095984329
2019-08-20 21:18:00,0.004473927632147934
2019-08-20 21:21:00,-0.03871969107194673
2019-08-20 21:24:00,-0.047778153514798305
2019-08-20 21:27:00,-0.02112820862788567
2019-08-20 21:30:00,-0.07913139168090311
2019-08-20 21:33:00,-0.09783317442037287
2019-08-20 21:36:00,-0.050440688395724464
2019-08-20 21:39:00,-0.1302335795735985
2019-08-20 21:42:00,-0.04957757527392914
2019-08-20 21:45:00,0.010807844460941851
2019-08-20 21:48:00,-0.032946134517146675
2019-08-20 21:51:00,0.02400350401671858
2019-08-20 21:54:00,0.03423126884757721
2019-08-20 21:57:00,-0.03334143592047667
2019-08-20 22:00:00,-0.031416198230317605
2019-08-20 22:03:00,-0.1451561639652823
2019-08-20 22:06:00,-0.011134667821465882
2019-08-20 22:09:00,0.015726445664199673
2019-08-20 22:12:00,-0.06077483173186238
2019-08-20 22:15:00,0.04942294206875886
2019-08-20 22:18:00,-0.0032954265622038292
2019-08-20 22:21:00,-0.13475506908991974
2019-08-20 22:24:00,0.011287525774946516
2019-08-20 22:27:00,-0.028606356589648385
2019-08-20 22:30:00,0.0381128115861884
2019-08-20 22:33:00,-0.04528668771314415
2019-08-20 22:36:00,0.057838772189938936
2019-08-20 22:39:00,-0.00021085928045749824
2019-08-20 22:42:00,0.03259813666500122
2019-08-20 22:45:00,0.08197035568878164
2019-08-20 22:48:00,0.07678798040223
2019-08-20 22:51:00,0.08588245249546844
2019-08-20 22:54:00,0.07905237418816569
2019-08-20 22:57:00,0.05668598234757383
2019-08-20 23:00:00,0.0275929295631272
2019-08-20 23:03:00,0.00955547586056582
2019-08-20 23:06:00,-0.06139727887796198
2019-08-20 23:09:00,-0.010707227921216145
2019-08-20 23:12:00,-0.023612499442208446
2019-08-20 23:15:00,0.04142699408384942
2019-08-20 23:18:00,0.039057362140226815
2019-08-20 23:21:00,0.0026468250949278627
2019-08-20 23:24:00,0.14730589721841625
2019-08-20 23:27:00,0.022056476486852716
2019-08-20 23:30:00,0.05626026653607141
2019-08-20 23:33:00,0.1176931576123934
2019-08-20 23:36:00,0.10619507396518202
2019-08-20 23:39:00,0.16707802201335653
2019-08-20 23:42:00,0.033560166178972395
2019-08-20 23:45:00,0.03776567373756734
2019-08-20 23:48:00,0.10265149428011
2019-08-20 23:51:00,0.1262665749277403
2019-08-20 23:54:00,0.15071992772357135
2019-08-20 23:57:00,0.05408331861121951
2019-08-21 00:00:00,0.15071079794739717
2019-08-21 00:03:00,0.07822150315729459
2019-08-21 00:06:00,0.10847713164633888
2019-08-21 00:09:00,0.08129808289601215
2019-08-21 00:12:00,0.10276902082989636
2019-08-21 00:15:00,0.14846347163472728
2019-08-21 00:18:00,0.09206041959998856
2019-08-21 00:21:00,0.09361062259370101
2019-08-21 00:24:00,0.04758011947245677
2019-08-21 00:27:00,0.02038334171089673
2019-08-21 00:30:00,0.009331045076294231
2019-08-21 00:33:00,0.00481099736100532
2019-08-21 00:36:00,0.042340270335444075
2019-08-21 00:39:00,-0.04756974193912811
2019-08-21 00:42:00,0.10405513200953465
2019-08-21 00:45:00,0.1655819701787209
2019-08-21 00:48:00,0.09544291064861454
2019-08-21 00:51:00,0.02652477139270104
2019-08-21 00:54:00,0.0773742589815356
2019-08-21 00:57:00,0.06390821546165171
2019-08-21 01:00:00,0.07089518953785046
2019-08-21 01:03:00,-0.03164100546757709
2019-08-21 01:06:00,0.01724484508531532
2019-08-21 01:09:00,0.08508519160261585
2019-08-21 01:12:00,0.10333889350488334
2019-08-21 01:15:00,0.11151719943376293
2019-08-21 01:18:00,0.07707620903767065
2019-08-21 01:21:00,0.005797938462762886
2019-08-21 01:24:00,0.01608504341868411
2019-08-21 01:27:00,0.05621834636554013
2019-08-21 01:30:00,0.011588521797818885
2019-08-21 01:33:00,0.039748468749905896
2019-08-21 01:36:00,-0.03260506140503594
2019-08-21 01:39:00,0.04090732924112217
2019-08-21 01:42:00,0.0016182669457407428
2019-08-21 01:45:00,-0.04562074733712507
2019-08-21 01:48:00,0.004016038339159422
2019-08-21 01:51:00,0.004304187048887798
2019-08-21 01:54:00,0.02542810529257622
2019-08-21 01:57:00,0.04228363531569812
2019-08-21 02:00:00,-0.03536166959753473
2019-08-21 02:03:00,-0.00547481072123901
2019-08-21 02:06:00,0.09688601419168208
2019-08-21 02:09:00,0.06771679447041379
2019-08-21 02:12:00,0.09889371660540291
2019-08-21 02:15:00,0.02095383562141251
2019-08-21 02:18:00,0.06459150943737768
2019-08-21 02:21:00,0.07239634454901989
2019-08-21 02:24:00,0.1444646915828116
2019-08-21 02:27:00,0.1409355509300667
2019-08-21 02:30:00,0.14693818371335965
2019-08-21 02:33:00,0.18612268718112546
2019-08-21 02:36:00,0.17055221254992148
2019-08-21 02:39:00,0.24582400110409708
2019-08-21 02:42:00,0.06822319337663885
2019-08-21 02:45:00,0.055379994240695396
2019-08-21 02:48:00,0.22801322652696854
2019-08-21 02:51:00,0.19893968678991314
2019-08-21 02:54:00,0.14404885785762644
2019-08-21 02:57:00,0.06604583910376505
2019-08-21 03:00:00,0.07382784018312805
2019-08-21 03:03:00,0.04843542327267869
2019-08-21 03:06:00,0.11028455530845349
2019-08-21 03:09:00,0.014290013423078562
2019-08-21 03:12:00,0.11158234249182897
2019-08-21 03:15:00,0.185273704338897
2019-08-21 03:18:00,0.05592793205153157
2019-08-21 03:21:00,0.16922563056681383
2019-08-21 03:24:00,-0.013248601819498163
2019-08-21 03:27:00,0.12939401410773144
2019-08-21 03:30:00,0.16066369737245623
2019-08-21 03:33:00,0.1929539565518894
2019-08-21 03:36:00,0.15464276793863974
2019-08-21 03:39:00,0.126547752668273
2019-08-21 03:42:00,0.10098012485303798
2019-08-21 03:45:00,0.024124512202149617
2019-08-21 03:48:00,0.09517242245442503
2019-08-21 03:51:00,0.14337158643729708
2019-08-21 03:54:00,0.11712878255144688
2019-08-21 03:57:00,0.10280787786120982
2019-08-21 04:00:00,0.038233093209612434
2019-08-21 04:03:00,0.07420227181358996
2019-08-21 04:06:00,-0.0010805553115460498
2019-08-21 04:09:00,-0.0054814356278711784
2019-08-21 04:12:00,0.045159483534405354
2019-08-21 04:15:00,0.03403835654927434
2019-08-21 04:18:00,0.015010767091894195
2019-08-21 04:21:00,0.03368409106957415
2019-08-21 04:24:00,-0.04556200804790933
2019-08-21 04:27:00,0.003362223514955076
2019-08-21 04:30:00,0.10550014129876217
2019-08-21 04:33:00,0.02347918866615828
2019-08-21 04:36:00,-0.05879365483974652
2019-08-21 04:39:00,0.08043171572791152
2019-08-21 04:42:00,0.08490388599483367
2019-08-21 04:45:00,-0.0001693771599775573
2019-08-21 04:48:00,0.0008083109228778085
2019-08-21 04:51:00,0.06788260717542016
2019-08-21 04:54:00,0.005567773707923607
2019-08-21 04:57:00,0.02347440480792784
2019-08-21 05:00:00,-0.0026682021637043363
2019-08-21 05:03:00,0.10660177556644612
2019-08-21 05:06:00,-0.024326406632951603
2019-08-21 05:09:00,0.1677509783967821
2019-08-21 05:12:00,0.07320845189639158
2019-08-21 05:15:00,-0.0060734979712719905
2019-08-21 05:18:00,0.022407374183615048
2019-08-21 05:21:00,0.059049121209284294
2019-08-21 05:24:00,0.10588214515252048
2019-08-21 05:27:00,0.06203704117547204
2019-08-21 05:30:00,0.05608568663490132
2019-08-21 05:33:00,0.1380990652457399
2019-08-21 05:36:00,0.15830735856337697
2019-08-21 05:39:00,0.12471396047379812
2019-08-21 05:42:00,0.06965067343440978
2019-08-21 05:45:00,0.1190162432019406
2019-08-21 05:48:00,0.09050860891363754
2019-08-21 05:51:00,0.08637052405634904
2019-08-21 05:54:00,-0.006040216828807843
2019-08-21 05:57:00,0.1275151714980325
2019-08-21 06:00:00,0.034712071251192356
2019-08-21 06:03:00,0.07833880760608736
2019-08-21 06:06:00,0.07207914003117821
2019-08-21 06:09:00,-0.0348780922657852
2019-08-21 06:12:00,0.11634350402960081
2019-08-21 06:15:00,0.04228260714666021
2019-08-21 06:18:00,0.035370003828063545
2019-08-21 06:21:00,0.029438586141850465
2019-08-21 06:24:00,0.09977706048357504
2019-08-21 06:27:00,0.029668411681655016
2019-08-21 06:30:00,0.06455566347915465
2019-08-21 06:33:00,-0.023457610019761432
2019-08-21 06:36:00,0.009542256089389411
2019-08-21 06:39:00,-0.02283754501746671
2019-08-21 06:42:00,0.010900321627389076
2019-08-21 06:45:00,-0.13144373364536932
2019-08-21 06:48:00,-0.02349604531565319
2019-08-21 06:51:00,-0.006412365659457464
2019-08-21 06:54:00,-0.012095456639997337
2019-08-21 06:57:00,-0.08223761326985368
2019-08-21 07:00:00,-0.05560671003382822
2019-08-21 07:03:00,-0.016285862721645117
2019-08-21 07:06:00,-0.09596686388016451
2019-08-21 07:09:00,0.018801138945718776
2019-08-21 07:12:00,0.031524565281983996
2019-08-21 07:15:00,-0.029677950709412926
2019-08-21 07:18:00,0.06826252437321045
2019-08-21 07:21:00,-0.08171890716982944
2019-08-21 07:24:00,0.05710293888370188
2019-08-21 07:27:00,-0.0665263718569804
2019-08-21 07:30:00,0.03994700603874435
2019-08-21 07:33:00,-0.019302225512433324
2019-08-21 07:36:00,0.03222406738086647
2019-08-21 07:39:00,-0.04752862685757009
2019-08-21 07:42:00,0.0034024944489488007
2019-08-21 07:45:00,-0.04358242681786351
2019-08-21 07:48:00,-0.06034604947387834
2019-08-21 07:51:00,-0.008223672400049509
2019-08-21 07:54:00,-0.035632101770090685
2019-08-21 07:57:00,-0.06463255518730193
2019-08-21 08:00:00,-0.05165346655286385
2019-08-21 08:03:00,-0.16891339816260142
2019-08-21 08:06:00,-0.04025762013640133
2019-08-21 08:09:00,-0.09859045221344331
2019-08-21 08:12:00,-0.13300105284713482
2019-08-21 08:15:00,-0.06667436476840294
2019-08-21 08:18:00,-0.07170333068688706
2019-08-21 08:21:00,-0.04083802469051534
2019-08-21 08:24:00,-0.12557362264828953
2019-08-21 08:27:00,-0.11212413001442201
2019-08-21 08:30:00,-0.0738538674670508
2019-08-21 08:33:00,-0.18900150184242648
2019-08-21 08:36:00,-0.07661383108597875
2019-08-21 08:39:00,-0.06599881873324875
2019-08-21 08:42:00,-0.09359015914429847
2019-08-21 08:45:00,-0.12468087732895583
2019-08-21 08:48:00,-0.11714209273918641
2019-08-21 08:51:00,-0.1835279542675039
2019-08-21 08:54:00,-0.18350681024378446
2019-08-21 08:57:00,-0.14992734675183783
2019-08-21 09:00:00,-0.26196471645596375
2019-08-21 09:03:00,-0.24145143982889294
2019-08-21 09:06:00,-0.25429964346488987
2019-08-21 09:09:00,-0.22800251132105132
2019-08-21 09:12:00,-0.29756411864246957
2019-08-21 09:15:00,-0.2472184145179881
2019-08-21 09:18:00,-0.2661843752627533
2019-08-21 09:21:00,-0.3089048817831781
2019-08-21 09:24:00,-0.3675295237477485
2019-08-21 09:27:00,-0.2776842959012811
2019-08-21 09:30:00,-0.3130816074565246
2019-08-21 09:33:00,-0.25133651745028374
2019-08-21 09:36:00,-0.2916653056263385
2019-08-21 09:39:00,-0.31813550547104796
2019-08-21 09:42:00,-0.21385587382997073
2019-08-21 09:45:00,-0.32376670189370316
2019-08-21 09:48:00,-0.32571892674815217
2019-08-21 09:51:00,-0.3035799687557983
2019-08-21 09:54:00,-0.2941017758553812
2019-08-21 09:57:00,-0.46457420123846305
2019-08-21 10:00:00,-0.28860835366742776
2019-08-21 10:03:00,-0.2542239155095558
2019-08-21 10:06:00,-0.4018451067286719
2019-08-21 10:09:00,-0.37479121040496466
2019-08-21 10:12:00,-0.3546801725833575
2019-08-21 10:15:00,-0.4322597940453079
2019-08-21 10:18:00,-0.3398833106151642
2019-08-21 10:21:00,-0.3034501273180581
2019-08-21 10:24:00,-0.4162410140439192
2019-08-21 10:27:00,-0.2835871171968165
2019-08-21 10:30:00,-0.3395319208554497
2019-08-21 10:33:00,-0.3271268931221698
2019-08-21 10:36:00,-0.37618245209210954
2019-08-21 10:39:00,-0.3526923139799578
2019-08-21 10:42:00,-0.2887613814057204
2019-08-21 10:45:00,-0.3123346817617403
2019-08-21 10:48:00,-0.4592749491214363
2019-08-21 10:51:00,-0.40327540910010384
2019-08-21 10:54:00,-0.4371597958898974
2019-08-21 10:57:00,-0.3834548094193906
2019-08-21 11:00:00,-0.4935538790326177
2019-08-21 11:03:00,-0.5503123606506506
2019-08-21 11:06:00,-0.34270189185895106
2019-08-21 11:09:00,-0.41937830577148816
2019-08-21 11:12:00,-0.3981759926454629
2019-08-21 11:15:00,-0.3711752486833575
2019-08-21 11:18:00,-0.40363765163209564
2019-08-21 11:21:00,-0.44714784393255513
2019-08-21 11:24:00,-0.49275912351021134
2019-08-21 11:27:00,-0.5230539398713745
2019-08-21 11:30:00,-0.49994346443605764
2019-08-21 11:33:00,-0.5767106137698192
2019-08-21 11:36:00,-0.4792887957585208
2019-08-21 11:39:00,-0.5099898966241767
2019-08-21 11:42:00,-0.4739124524965632
2019-08-21 11:45:00,-0.38892818572981014
2019-08-21 11:48:00,-0.478709759108483
2019-08-21 11:51:00,-0.4759125252015224
2019-08-21 11:54:00,-0.486767214906763
2019-08-21 11:57:00,-0.45967001462184953
2019-08-21 12:00:00,-0.42767894488105185
2019-08-21 12:03:00,-0.5293180584326933
2019-08-21 12:06:00,-0.4661654676851299
2019-08-21 12:09:00,-0.43326855632750494
2019-08-21 12:12:00,-0.45213950558434135
2019-08-21 12:15:00,-0.5037208017591297
2019-08-21 12:18:00,-0.5122113703471314
2019-08-21 12:21:00,-0.6223569715190251
2019-08-21 12:24:00,-0.46847291690659176
2019-08-21 12:27:00,-0.5417100949783844
2019-08-21 12:30:00,-0.48773747946324875
2019-08-21 12:33:00,-0.48570189351141835
2019-08-21 12:36:00,-0.5823966217020029
2019-08-21 12:39:00,-0.5552734538678692
2019-08-21 12:42:00,-0.5791372811019073
2019-08-21 12:45:00,-0.5060524276711362
2019-08-21 12:48:00,-0.4296927841231195
2019-08-21 12:51:00,-0.5733592174804016
2019-08-21 12:54:00,-0.5546427001130496
2019-08-21 12:57:00,-0.5888425936331032
2019-08-21 13:00:00,-0.4701554561653438
2019-08-21 13:03:00,-0.5101775701580209
2019-08-21 13:06:00,-0.5112545347370769
2019-08-21 13:09:00,-0.49969716849153656
2019-08-21 13:12:00,-0.5931642453718382
2019-08-21 13:15:00,-0.5704352929824381
2019-08-21 13:18:00,-0.4755009170110611
2019-08-21 13:21:00,-0.5420628993574041
2019-08-21 13:24:00,-0.5768293136929401
2019-08-21 13:27:00,-0.6683637031577518
2019-08-21 13:30:00,-0.5260038019308126
2019-08-21 13:33:00,-0.603882575275918
2019-08-21 13:36:00,-0.582139223524166
2019-08-21 13:39:00,-0.5642094484116456
2019-08-21 13:42:00,-0.5712573179641254
2019-08-21 13:45:00,-0.7886941700653551
2019-08-21 13:48:00,-0.5522111045783618
2019-08-21 13:51:00,-0.6348750144738915
2019-08-21 13:54:00,-0.677267238702143
2019-08-21 13:57:00,-0.5213979198125003
2019-08-21 14:00:00,-0.5416803520718645
2019-08-21 14:03:00,-0.6346121484025389
2019-08-21 14:06:00,-0.6298106256018627
2019-08-21 14:09:00,-0.4600629173199309
2019-08-21 14:12:00,-0.5499523041794419
2019-08-21 14:15:00,-0.5530591646206631
2019-08-21 14:18:00,-0.5426570680272675
2019-08-21 14:21:00,-0.5319130600391304
2019-08-21 14:24:00,-0.5796552972651625
2019-08-21 14:27:00,-0.6465821518112307
2019-08-21 14:30:00,-0.6009733737836882
2019-08-21 14:33:00,-0.4865370588556175
2019-08-21 14:36:00,-0.5317558035915795
2019-08-21 14:39:00,-0.47566130641490645
2019-08-21 14:42:00,-0.5391348683617139
2019-08-21 14:45:00,-0.6924943440956213
2019-08-21 14:48:00,-0.552847190745581
2019-08-21 14:51:00,-0.5068224423870902
2019-08-21 14:54:00,-0.5888141253630579
2019-08-21 14:57:00,-0.42588464221586264
2019-08-21 15:00:00,-0.5228300476194931
2019-08-21 15:03:00,-0.4925206824649422
2019-08-21 15:06:00,-0.6558630130494976
2019-08-21 15:09:00,-0.5772355266769864
2019-08-21 15:12:00,-0.5663859575187757
2019-08-21 15:15:00,-0.6376578729676226
2019-08-21 15:18:00,-0.5810896996074462
2019-08-21 15:21:00,-0.48332452906254275
2019-08-21 15:24:00,-0.6046104439874398
2019-08-21 15:27:00,-0.6631094556674384
2019-08-21 15:30:00,-0.5095245608774235
2019-08-21 15:33:00,-0.6225336147597318
2019-08-21 15:36:00,-0.5475465411112168
2019-08-21 15:39:00,-0.5115797814450502
2019-08-21 15:42:00,-0.5542350989764486
2019-08-21 15:45:00,-0.5224555296058497
2019-08-21 15:48:00,-0.6178199290421844
2019-08-21 15:51:00,-0.5131469354566889
2019-08-21 15:54:00,-0.5394504328619973
2019-08-21 15:57:00,-0.5523446227285831
2019-08-21 16:00:00,-0.5334053333608608
2019-08-21 16:03:00,-0.6092400109747018
2019-08-21 16:06:00,-0.43365743894929665
2019-08-21 16:09:00,-0.5848993356327128
2019-08-21 16:12:00,-0.5981794016295794
2019-08-21 16:15:00,-0.6273660416610483
2019-08-21 16:18:00,-0.42720163341050466
2019-08-21 16:21:00,-0.533538892921456
2019-08-21 16:24:00,-0.5782182866886956
2019-08-21 16:27:00,-0.4948594114994762
2019-08-21 16:30:00,-0.47507888308109614
2019-08-21 16:33:00,-0.5300761284938744
2019-08-21 16:36:00,-0.5865657893004936
2019-08-21 16:39:00,-0.47726111071608557
2019-08-21 16:42:00,-0.5054295561093909
2019-08-21 16:45:00,-0.5045031928624439
2019-08-21 16:48:00,-0.5088430859574373
2019-08-21 16:51:00,-0.3795585679510509
2019-08-21 16:54:00,-0.48921405072616153
2019-08-21 16:57:00,-0.6069163526593115
2019-08-21 17:00:00,-0.43943438292313886
2019-08-21 17:03:00,-0.4579701651763912
2019-08-21 17:06:00,-0.569161148322678
2019-08-21 17:09:00,-0.4060693602770016
2019-08-21 17:12:00,-0.44502084107796236
2019-08-21 17:15:00,-0.4027876044781351
2019-08-21 17:18:00,-0.5494061239971302
2019-08-21 17:21:00,-0.4945979393974085
2019-08-21 17:24:00,-0.4394850694937986
2019-08-21 17:27:00,-0.5549966424117088
2019-08-21 17:30:00,-0.4237433421267838
2019-08-21 17:33:00,-0.4117923837687272
2019-08-21 17:36:00,-0.415478051114178
2019-08-21 17:39:00,-0.4966947523548697
2019-08-21 17:42:00,-0.3237479570317987
2019-08-21 17:45:00,-0.33330566393021854
2019-08-21 17:48:00,-0.34981420748863457
2019-08-21 17:51:00,-0.46151787074597905
2019-08-21 17:54:00,-0.46042467675943044
2019-08-21 17:57:00,-0.3893672126804404
2019-08-21 18:00:00,-0.35864419299485917
2019-08-21 18:03:00,-0.37416337631572105
2019-08-21 18:06:00,-0.3062889406129443
2019-08-21 18:09:00,-0.35552320772166013
2019-08-21 18:12:00,-0.35070325338881503
2019-08-21 18:15:00,-0.3008733695555179
2019-08-21 18:18:00,-0.2961201754922058
2019-08-21 18:21:00,-0.3952685430957672
2019-08-21 18:24:00,-0.29056165568209735
2019-08-21 18:27:00,-0.277173763460155
2019-08-21 18:30:00,-0.26511962619252927
2019-08-21 18:33:00,-0.28226628615959726
2019-08-21 18:36:00,-0.32897848239741734
2019-08-21 18:39:00,-0.2993315474309952
2019-08-21 18:42:00,-0.29272964099260435
2019-08-21 18:45:00,-0.36047673442232053
2019-08-21 18:48:00,-0.3358271085019737
2019-08-21 18:51:00,-0.2636623905208353
2019-08-21 18:54:00,
2019-08-21 18:57:00,
2019-08-21 19:00:00,
2019-08-21 19:03:00,-0.19292805654089307
2019-08-21 19:06:00,-0.3489178705806921
2019-08-21 19:09:00,-0.2921516262174464
2019-08-21 19:12:00,-0.3848281209116635
2019-08-21 19:15:00,-0.2904562025491373
2019-08-21 19:18:00,-0.34308224841817037
2019-08-21 19:21:00,-0.40452794227024924
2019-08-21 19:24:00,-0.33823113874160526
2019-08-21 19:27:00,-0.34790962241612533
2019-08-21 19:30:00,-0.3827367122403871
2019-08-21 19:33:00,-0.3075588135104681
2019-08-21 19:36:00,-0.30350617668364066
2019-08-21 19:39:00,-0.2940064188315432
2019-08-21 19:42:00,-0.2862154362600222
2019-08-21 19:45:00,-0.3639881347820051
2019-08-21 19:48:00,-0.2828338653201854
2019-08-21 19:51:00,-0.3847911564037645
2019-08-21 19:54:00,-0.3635198450120356
2019-08-21 19:57:00,-0.3588946965592754
2019-08-21 20:00:00,-0.26152864862638125
2019-08-21 20:03:00,-0.34910950230357685
2019-08-21 20:06:00,-0.3431664245769639
2019-08-21 20:09:00,-0.2005521206085632
2019-08-21 20:12:00,-0.23710352921096955
2019-08-21 20:15:00,-0.1758248645827507
2019-08-21 20:18:00,-0.08784092771514906
2019-08-21 20:21:00,-0.26182152697225547
2019-08-21 20:24:00,-0.1589944161790413
2019-08-21 20:27:00,-0.14799210781228567
2019-08-21 20:30:00,-0.10060011603763996
2019-08-21 20:33:00,-0.13995357175468826
2019-08-21 20:36:00,-0.06807116230635302
2019-08-21 20:39:00,-0.1916645397833463
2019-08-21 20:42:00,-0.015504378926266327
2019-08-21 20:45:00,-0.05653415974791187
2019-08-21 20:48:00,-0.04380145536362079
2019-08-21 20:51:00,-0.04695807596067425
2019-08-21 20:54:00,-0.12696359326116635
2019-08-21 20:57:00,-0.06415651846731407
2019-08-21 21:00:00,-0.041640329636834394
2019-08-21 21:03:00,-0.06240783861079535
2019-08-21 21:06:00,-0.11216434918748064
2019-08-21 21:09:00,-0.05786225507205245
2019-08-21 21:12:00,-0.0255064502738378
2019-08-21 21:15:00,0.010930334599606795
2019-08-21 21:18:00,-0.09782269032513113
2019-08-21 21:21:00,-0.05854257738673141
2019-08-21 21:24:00,-0.05234399363268949
2019-08-21 21:27:00,-0.05734943498868006
2019-08-21 21:30:00,-0.011719396638852686
2019-08-21 21:33:00,-0.017310411903849854
2019-08-21 21:36:00,-0.05408162263660188
2019-08-21 21:39:00,0.06837034159951827
2019-08-21 21:42:00,-0.10632582502012156
2019-08-21 21:45:00,-0.058845114518476294
2019-08-21 21:48:00,0.015661717573209444
2019-08-21 21:51:00,-2.0495006140208716e-05
2019-08-21 21:54:00,-0.037084395988017604
2019-08-21 21:57:00,-0.029357667658189257
2019-08-21 22:00:00,-0.05908434078838809
2019-08-21 22:03:00,-0.1740445638445749
2019-08-21 22:06:00,-0.0614552907756547
2019-08-21 22:09:00,-0.12171724995516797
2019-08-21 22:12:00,0.0544842729743209
2019-08-21 22:15:00,-0.1134767793427045
2019-08-21 22:18:00,-0.06987988354006802
2019-08-21 22:21:00,-0.08177729531854538
2019-08-21 22:24:00,-0.1528038636362794
2019-08-21 22:27:00,0.028335102387131883
2019-08-21 22:30:00,-0.014066114157287757
2019-08-21 22:33:00,-0.03070131263956455
2019-08-21 22:36:00,0.012791976652522408
2019-08-21 22:39:00,-0.11552889472073957
2019-08-21 22:42:00,-0.037745086296069985
2019-08-21 22:45:00,-0.05594076289929717
2019-08-21 22:48:00,0.013792685439000252
2019-08-21 22:51:00,-0.023298043469196728
2019-08-21 22:54:00,0.046057031649183955
2019-08-21 22:57:00,-0.032721891211224374
2019-08-21 23:00:00,-0.0183920825545556
2019-08-21 23:03:00,-0.0021167497335454755
2019-08-21 23:06:00,-0.055978782708507424
2019-08-21 23:09:00,0.14165808181695638
2019-08-21 23:12:00,0.020836934886062863
2019-08-21 23:15:00,0.012305362402571518
2019-08-21 23:18:00,-0.016623699314095575
2019-08-21 23:21:00,0.017278578329182892
2019-08-21 23:24:00,-0.16789134834641573
2019-08-21 23:27:00,-0.055823217246370405
2019-08-21 23:30:00,-0.029664080727968667
2019-08-21 23:33:00,-0.051052022160718025
2019-08-21 23:36:00,0.04748316425940402
2019-08-21 23:39:00,-0.14212267038885784
2019-08-21 23:42:00,0.016903221543032032
2019-08-21 23:45:00,0.016755478181380568
2019-08-21 23:48:00,0.08326820768564858
2019-08-21 23:51:00,0.03398617779185997
2019-08-21 23:54:00,0.06642469099739401
2019-08-21 23:57:00,-0.07982037305123413
2019-08-22 00:00:00,0.0204629429704255
2019-08-22 00:03:00,-0.0271253396815041
2019-08-22 00:06:00,0.11767631994086969
2019-08-22 00:09:00,0.04759963532785605
2019-08-22 00:12:00,0.04130294787086086
2019-08-22 00:15:00,0.016027296187985485
2019-08-22 00:18:00,0.029483789953133055
2019-08-22 00:21:00,0.009942578248455902
2019-08-22 00:24:00,0.08344864950197461
2019-08-22 00:27:00,0.11144010177531527
2019-08-22 00:30:00,0.07594667681058809
2019-08-22 00:33:00,0.0868886659499708
2019-08-22 00:36:00,0.06796114614240878
2019-08-22 00:39:00,0.07294010181522026
2019-08-22 00:42:00,-0.014731246115559316
2019-08-22 00:45:00,0.0878167540489585
2019-08-22 00:48:00,-0.017729213586960668
2019-08-22 00:51:00,0.12045815141908633
2019-08-22 00:54:00,0.12131000725031527
2019-08-22 00:57:00,0.14309463962814561
2019-08-22 01:00:00,0.03485818343420988
2019-08-22 01:03:00,0.13679843902423272
2019-08-22 01:06:00,0.07294774168917684
2019-08-22 01:09:00,0.143463804707892
2019-08-22 01:12:00,0.10246486447380221
2019-08-22 01:15:00,0.13205338089278484
2019-08-22 01:18:00,0.22477740760177767
2019-08-22 01:21:00,0.12522551208320465
2019-08-22 01:24:00,0.07830825457835999
2019-08-22 01:27:00,0.09837906281421738
2019-08-22 01:30:00,0.05566316544121719
2019-08-22 01:33:00,0.02288508070557782
2019-08-22 01:36:00,0.16324770329617877
2019-08-22 01:39:00,0.01654521550830168
2019-08-22 01:42:00,0.07299867293562556
2019-08-22 01:45:00,0.09232580143185487
2019-08-22 01:48:00,0.10627426127587114
2019-08-22 01:51:00,-0.03150814414260594
2019-08-22 01:54:00,0.07135854632025485
2019-08-22 01:57:00,0.04650674904252128
2019-08-22 02:00:00,0.12800910763189677
2019-08-22 02:03:00,0.12546534034390788
2019-08-22 02:06:00,0.11369825235072994
2019-08-22 02:09:00,0.07011810134866892
2019-08-22 02:12:00,-0.013686097082484139
2019-08-22 02:15:00,0.06807654024049725
2019-08-22 02:18:00,-0.07114578918111647
2019-08-22 02:21:00,0.04775881505025836
2019-08-22 02:24:00,0.13054989842953546
2019-08-22 02:27:00,0.08791803923378438
2019-08-22 02:30:00,0.07043409329719452
2019-08-22 02:33:00,0.1470363344344605
2019-08-22 02:36:00,0.07496948096775213
2019-08-22 02:39:00,0.13037015071739688
2019-08-22 02:42:00,0.07304274880095818
2019-08-22 02:45:00,0.07917997830725199
2019-08-22 02:48:00,0.06367259592144592
2019-08-22 02:51:00,0.12177507412422983
2019-08-22 02:54:00,-0.019311057240486207
2019-08-22 02:57:00,0.06223641710255379
2019-08-22 03:00:00,0.04956249410741975
2019-08-22 03:03:00,0.12510316815883016
2019-08-22 03:06:00,0.11776888411759501
2019-08-22 03:09:00,0.16208694078403596
2019-08-22 03:12:00,0.08120666225624973
2019-08-22 03:15:00,0.19827387762154558
2019-08-22 03:18:00,0.19681737427185908
2019-08-22 03:21:00,0.043134116033911596
2019-08-22 03:24:00,0.1733603049479484
2019-08-22 03:27:00,0.1355744516570212
2019-08-22 03:30:00,0.2866267682601915
2019-08-22 03:33:00,0.09143418487781219
2019-08-22 03:36:00,0.11412805469882414
2019-08-22 03:39:00,0.14904978940586489
2019-08-22 03:42:00,0.1682255441618281
2019-08-22 03:45:00,0.1598139566163468
2019-08-22 03:48:00,0.15635439341014035
2019-08-22 03:51:00,0.11346220361093629
2019-08-22 03:54:00,0.21534393696816778
2019-08-22 03:57:00,0.1548974158197325
2019-08-22 04:00:00,0.15523400797678732
2019-08-22 04:03:00,0.19579398526951763
2019-08-22 04:06:00,0.17516196241024318
2019-08-22 04:09:00,0.20050414819581874
2019-08-22 04:12:00,0.21578875559737298
2019-08-22 04:15:00,0.1424359135808686
2019-08-22 04:18:00,0.19881410643472464
2019-08-22 04:21:00,0.1982795866753122
2019-08-22 04:24:00,0.18635857301461556
2019-08-22 04:27:00,0.1990506549104225
2019-08-22 04:30:00,0.2103081308806054
2019-08-22 04:33:00,0.2589694031623253
2019-08-22 04:36:00,0.209345367354274
2019-08-22 04:39:00,0.18228367904822562
2019-08-22 04:42:00,0.1376945793135178
2019-08-22 04:45:00,0.16586333479841642
2019-08-22 04:48:00,0.10915710863906725
2019-08-22 04:51:00,0.17791006024515355
2019-08-22 04:54:00,0.15428917276619813
2019-08-22 04:57:00,0.15487127951826096
2019-08-22 05:00:00,0.2589760728994861
2019-08-22 05:03:00,0.22138976023023815
2019-08-22 05:06:00,0.19501322882035765
2019-08-22 05:09:00,0.21733260440379354
2019-08-22 05:12:00,0.3073678511599951
2019-08-22 05:15:00,0.30397132829199336
2019-08-22 05:18:00,0.2074844290996225
2019-08-22 05:21:00,0.12070956836862479
2019-08-22 05:24:00,0.2690636955745731
2019-08-22 05:27:00,0.23754804557563602
2019-08-22 05:30:00,0.30386269020277723
2019-08-22 05:33:00,0.22287709051283855
2019-08-22 05:36:00,0.3049889852388219
2019-08-22 05:39:00,0.22395462510002062
2019-08-22 05:42:00,0.2989477437861865
2019-08-22 05:45:00,0.2104686124989712
2019-08-22 05:48:00,0.15028375654213733
2019-08-22 05:51:00,0.22980329712669345
2019-08-22 05:54:00,0.1619914759553467
2019-08-22 05:57:00,0.2889362166087608
2019-08-22 06:00:00,0.27718675336001297
2019-08-22 06:03:00,0.29828476396772885
2019-08-22 06:06:00,0.2219415247100187
2019-08-22 06:09:00,0.24042146512124418
2019-08-22 06:12:00,0.23166958067247378
2019-08-22 06:15:00,0.3388756892931042
2019-08-22 06:18:00,0.2851729719387208
2019-08-22 06:21:00,0.2645937142808634
2019-08-22 06:24:00,0.2440795512616205
2019-08-22 06:27:00,0.25996876168778726
2019-08-22 06:30:00,0.2363255777253812
2019-08-22 06:33:00,0.15362065705846817
2019-08-22 06:36:00,0.15008257541455805
2019-08-22 06:39:00,0.246829706558799
2019-08-22 06:42:00,0.22018155928242322
2019-08-22 06:45:00,0.28313935199145135
2019-08-22 06:48:00,0.23563775800039366
2019-08-22 06:51:00,0.2516053951223398
2019-08-22 06:54:00,0.2469848924546909
2019-08-22 06:57:00,0.28922437749560004
2019-08-22 07:00:00,0.3422885054273479
2019-08-22 07:03:00,0.24222481545956498
2019-08-22 07:06:00,0.2067434694926078
2019-08-22 07:09:00,0.1663385061867757
2019-08-22 07:12:00,0.22817241392169763
2019-08-22 07:15:00,0.21308675621003204
2019-08-22 07:18:00,0.20429192173713773
2019-08-22 07:21:00,0.2667638876607157
2019-08-22 07:24:00,0.3049107203081576
2019-08-22 07:27:00,0.35123314391682925
2019-08-22 07:30:00,0.25831276695475935
2019-08-22 07:33:00,0.3102568450392482
2019-08-22 07:36:00,0.2721391810160867
2019-08-22 07:39:00,0.264417366657824
2019-08-22 07:42:00,0.2687180820338426
2019-08-22 07:45:00,0.21685871541234292
2019-08-22 07:48:00,0.22396890546917803
2019-08-22 07:51:00,0.3230050934809583
2019-08-22 07:54:00,0.22857152025250116
2019-08-22 07:57:00,0.18398643070139542
2019-08-22 08:00:00,0.13008469543984802
2019-08-22 08:03:00,0.14148610284860297
2019-08-22 08:06:00,0.29401233107904545
2019-08-22 08:09:00,0.11485102707979422
2019-08-22 08:12:00,0.13035390153038406
2019-08-22 08:15:00,0.0712680683943745
2019-08-22 08:18:00,0.18113450211865256
2019-08-22 08:21:00,0.10962083964949443
2019-08-22 08:24:00,0.07200858331555082
2019-08-22 08:27:00,0.15945987556187902
2019-08-22 08:30:00,0.12322178680335583
2019-08-22 08:33:00,0.042549941111985845
2019-08-22 08:36:00,0.024235109992105208
2019-08-22 08:39:00,0.07749670649945983
2019-08-22 08:42:00,0.03626407662244446
2019-08-22 08:45:00,0.01619623799490455
2019-08-22 08:48:00,-0.012149860628653641
2019-08-22 08:51:00,-0.002425970141871403
2019-08-22 08:54:00,0.06328937692740055
2019-08-22 08:57:00,0.11726411293017236
2019-08-22 09:00:00,0.04922002923757418
2019-08-22 09:03:00,0.04498873273769277
2019-08-22 09:06:00,-0.13867762627927505
2019-08-22 09:09:00,0.060268314751056096
2019-08-22 09:12:00,0.034743826153089685
2019-08-22 09:15:00,0.04360445022962267
2019-08-22 09:18:00,0.049046471782389744
2019-08-22 09:21:00,-0.014440279421933155
2019-08-22 09:24:00,-0.026265430244222898
2019-08-22 09:27:00,-0.0700191483823005
2019-08-22 09:30:00,0.028452662721917932
2019-08-22 09:33:00,-0.050291587638014335
2019-08-22 09:36:00,-0.03367696649701202
2019-08-22 09:39:00,-0.03607351139919501
2019-08-22 09:42:00,-0.015458012500971563
2019-08-22 09:45:00,-0.008795971935683156
2019-08-22 09:48:00,-0.11677005238595939
2019-08-22 09:51:00,-0.08430083672789124
2019-08-22 09:54:00,-0.04033885140518123
2019-08-22 09:57:00,-0.057285001405603
2019-08-22 10:00:00,-0.17629522774115003
2019-08-22 10:03:00,-0.06744060630967397
2019-08-22 10:06:00,-0.1745358919172304
2019-08-22 10:09:00,-0.07613820775753766
2019-08-22 10:12:00,-0.13934150860018235
2019-08-22 10:15:00,0.04408849182357244
2019-08-22 10:18:00,0.04818410349940905
2019-08-22 10:21:00,0.05839111181762746
2019-08-22 10:24:00,-0.11213833598816336
2019-08-22 10:27:00,-0.07633150101935371
2019-08-22 10:30:00,-0.002967792585081952
2019-08-22 10:33:00,0.08565806146202704
2019-08-22 10:36:00,-0.10249576200720867
2019-08-22 10:39:00,-0.12904082191141697
2019-08-22 10:42:00,-0.2144773415650434
2019-08-22 10:45:00,-0.24807951128673267
2019-08-22 10:48:00,-0.14851292516391368
2019-08-22 10:51:00,-0.06828209950174369
2019-08-22 10:54:00,-0.17711177769217556
2019-08-22 10:57:00,-0.11035016794613739
2019-08-22 11:00:00,-0.14524282253063348
2019-08-22 11:03:00,-0.2213042981554736
2019-08-22 11:06:00,-0.14785705422565343
2019-08-22 11:09:00,-0.15054581261802014
2019-08-22 11:12:00,-0.28673841341583284
2019-08-22 11:15:00,-0.20411649320146807
2019-08-22 11:18:00,-0.21929979122745635
2019-08-22 11:21:00,-0.34505918340931885
2019-08-22 11:24:00,-0.1586710723005922
2019-08-22 11:27:00,-0.25305322457387547
2019-08-22 11:30:00,-0.25213557633827577
2019-08-22 11:33:00,-0.2297630767160399
2019-08-22 11:36:00,-0.264831029209347
2019-08-22 11:39:00,-0.2667258600372975
2019-08-22 11:42:00,-0.29581038804616355
2019-08-22 11:45:00,-0.2968977030915312
2019-08-22 11:48:00,-0.20802002870743763
2019-08-22 11:51:00,-0.22923080713394484
2019-08-22 11:54:00,-0.33229679768146525
2019-08-22 11:57:00,-0.3533345051558854
2019-08-22 12:00:00,-0.34189752972446286
2019-08-22 12:03:00,-0.316409439312622
2019-08-22 12:06:00,-0.3804698362487784
2019-08-22 12:09:00,-0.2642296600887448
2019-08-22 12:12:00,-0.3974706830583159
2019-08-22 12:15:00,-0.38015779133718297
2019-08-22 12:18:00,-0.3462635553981954
2019-08-22 12:21:00,-0.318410868288197
2019-08-22 12:24:00,-0.26696000880076554
2019-08-22 12:27:00,-0.4487525024223942
2019-08-22 12:30:00,-0.3207666751546867
2019-08-22 12:33:00,-0.3553775403000259
2019-08-22 12:36:00,-0.3269531013680762
2019-08-22 12:39:00,-0.45680455266102626
2019-08-22 12:42:00,-0.4457443823329754
2019-08-22 12:45:00,-0.48951049172046623
2019-08-22 12:48:00,-0.3677883748873114
2019-08-22 12:51:00,-0.37352726795177205
2019-08-22 12:54:00,-0.3998290160523652
2019-08-22 12:57:00,-0.42589400005903144
2019-08-22 13:00:00,-0.486588876217354
2019-08-22 13:03:00,-0.4871315861328753
2019-08-22 13:06:00,-0.36902018069667974
2019-08-22 13:09:00,-0.4474274550402697
2019-08-22 13:12:00,-0.5495122463551638
2019-08-22 13:15:00,-0.5029583043772732
2019-08-22 13:18:00,-0.5647367054060055
2019-08-22 13:21:00,-0.5391045642628569
2019-08-22 13:24:00,-0.3935066131634244
2019-08-22 13:27:00,-0.3820869384604748
2019-08-22 13:30:00,-0.44993310308291257
2019-08-22 13:33:00,-0.4606291697409688
2019-08-22 13:36:00,-0.5961771537120626
2019-08-22 13:39:00,-0.5371148025299135
2019-08-22 13:42:00,-0.37867943356872047
2019-08-22 13:45:00,-0.4930208308600186
2019-08-22 13:48:00,-0.5285941491476933
2019-08-22 13:51:00,-0.5968262876821768
2019-08-22 13:54:00,-0.46194245687144075
2019-08-22 13:57:00,-0.5016607283396297
2019-08-22 14:00:00,-0.5769117129255505
2019-08-22 14:03:00,-0.4801053564580684
2019-08-22 14:06:00,-0.651061173884159
2019-08-22 14:09:00,-0.5886368013890433
2019-08-22 14:12:00,-0.6964233237317785
2019-08-22 14:15:00,-0.652986872632539
2019-08-22 14:18:00,-0.5361908965345492
2019-08-22 14:21:00,-0.5316754940144506
2019-08-22 14:24:00,-0.4898004365849715
2019-08-22 14:27:00,-0.6754144141786469
2019-08-22 14:30:00,-0.5949057365965587
2019-08-22 14:33:00,-0.6331907765764413
2019-08-22 14:36:00,-0.43627764560045534
2019-08-22 14:39:00,-0.5943356040512526
2019-08-22 14:42:00,-0.5583518387543336
2019-08-22 14:45:00,-0.6242724728809321
2019-08-22 14:48:00,-0.5734856264172095
2019-08-22 14:51:00,-0.6666943510728061
2019-08-22 14:54:00,-0.563794723787737
2019-08-22 14:57:00,-0.4384226168994019
2019-08-22 15:00:00,-0.5194110317228251
2019-08-22 15:03:00,-0.5171043195736615
2019-08-22 15:06:00,-0.601630217902482
2019-08-22 15:09:00,-0.519903909305242
2019-08-22 15:12:00,-0.5829436907403647
2019-08-22 15:15:00,-0.5896751866808358
2019-08-22 15:18:00,-0.5452367753120484
2019-08-22 15:21:00,-0.5827883504974238
2019-08-22 15:24:00,-0.5351724772295938
2019-08-22 15:27:00,-0.6120344363357617
2019-08-22 15:30:00,-0.6292203195341131
2019-08-22 15:33:00,-0.6074160783646789
2019-08-22 15:36:00,-0.5345123283400994
2019-08-22 15:39:00,-0.5387216079566883
2019-08-22 15:42:00,-0.5417308878106155
2019-08-22 15:45:00,-0.6062059879471349
2019-08-22 15:48:00,-0.5068361549386964
2019-08-22 15:51:00,-0.5292116553908954
2019-08-22 15:54:00,-0.5613011047609575
2019-08-22 15:57:00,-0.5495585801202765
2019-08-22 16:00:00,-0.3636070553843638
2019-08-22 16:03:00,-0.2966692752536346
2019-08-22 16:06:00,-0.5365984306604901
2019-08-22 16:09:00,-0.5671865792958215
2019-08-22 16:12:00,-0.635667614352144
2019-08-22 16:15:00,-0.5696445912172976
2019-08-22 16:18:00,-0.5458433954773341
2019-08-22 16:21:00,-0.6440703181602316
2019-08-22 16:24:00,-0.5205029501647687
2019-08-22 16:27:00,-0.5876303357555912
2019-08-22 16:30:00,-0.5624260412434978
2019-08-22 16:33:00,-0.561685910653182
2019-08-22 16:36:00,-0.5853663803306404
2019-08-22 16:39:00,-0.6384859756901733
2019-08-22 16:42:00,-0.6786575428927222
2019-08-22 16:45:00,-0.5578537002260759
2019-08-22 16:48:00,-0.5256940764242017
2019-08-22 16:51:00,-0.423908389026451
2019-08-22 16:54:00,-0.6741773419068409
2019-08-22 16:57:00,-0.49488555289713076
2019-08-22 17:00:00,-0.5831204168338786
2019-08-22 17:03:00,-0.6197904396493641
2019-08-22 17:06:00,-0.5603985367184237
2019-08-22 17:09:00,-0.5427377681585313
2019-08-22 17:12:00,-0.5758147510315439
2019-08-22 17:15:00,-0.45841238581022026
2019-08-22 17:18:00,-0.5498239364152369
2019-08-22 17:21:00,-0.6533310083425476
2019-08-22 17:24:00,-0.5762952253108438
2019-08-22 17:27:00,-0.4851475599394348
2019-08-22 17:30:00,-0.5016084713249711
2019-08-22 17:33:00,-0.5369502079555559
2019-08-22 17:36:00,-0.4817001963197072
2019-08-22 17:39:00,-0.5006336528308566
2019-08-22 17:42:00,-0.4892216050319007
2019-08-22 17:45:00,-0.4402419300445217
2019-08-22 17:48:00,-0.47432594583477794
2019-08-22 17:51:00,-0.4402159519986526
2019-08-22 17:54:00,-0.47761116156800654
2019-08-22 17:57:00,-0.4261300301629376
2019-08-22 18:00:00,-0.289967155720376
2019-08-22 18:03:00,-0.39935723531328904
2019-08-22 18:06:00,-0.39503681706145244
2019-08-22 18:09:00,-0.414919066883499
2019-08-22 18:12:00,-0.3168968617791279
2019-08-22 18:15:00,-0.3344314280114986
2019-08-22 18:18:00,-0.29089846736832214
2019-08-22 18:21:00,-0.3854593261047512
2019-08-22 18:24:00,-0.314651620255745
2019-08-22 18:27:00,-0.2637899150734029
2019-08-22 18:30:00,-0.41832946458981723
2019-08-22 18:33:00,-0.2526911970920196
2019-08-22 18:36:00,-0.3171605247545699
2019-08-22 18:39:00,-0.2947764612576975
2019-08-22 18:42:00,-0.2507035044064878
2019-08-22 18:45:00,-0.22992611978594368
2019-08-22 18:48:00,-0.2562974410110428
2019-08-22 18:51:00,-0.3397071018186466
2019-08-22 18:54:00,
2019-08-22 18:57:00,
2019-08-22 19:00:00,
2019-08-22 19:03:00,-0.23605612299439827
2019-08-22 19:06:00,-0.293603025535333
2019-08-22 19:09:00,-0.26349801281747887
2019-08-22 19:12:00,-0.30181687584922656
2019-08-22 19:15:00,-0.23722293640634007
2019-08-22 19:18:00,-0.22308049349248904
2019-08-22 19:21:00,-0.2503397781605372
2019-08-22 19:24:00,-0.24302051755842058
2019-08-22 19:27:00,-0.3154783809193873
2019-08-22 19:30:00,-0.2808001781296525
2019-08-22 19:33:00,-0.19888399397552803
2019-08-22 19:36:00,-0.1662237402525193
2019-08-22 19:39:00,-0.1217718767622955
2019-08-22 19:42:00,-0.26163621795387826
2019-08-22 19:45:00,-0.18664498894975168
2019-08-22 19:48:00,-0.26265364388160606
2019-08-22 19:51:00,-0.18706944382063284
2019-08-22 19:54:00,-0.1660900314823266
2019-08-22 19:57:00,-0.18023323944265712
2019-08-22 20:00:00,-0.14628552458424338
2019-08-22 20:03:00,-0.15339921653441024
2019-08-22 20:06:00,-0.17522158713893532
2019-08-22 20:09:00,-0.13656288477454837
2019-08-22 20:12:00,-0.12489011641901016
2019-08-22 20:15:00,-0.20656808194695486
2019-08-22 20:18:00,-0.19193334402251594
2019-08-22 20:21:00,-0.1637870745784653
2019-08-22 20:24:00,-0.15256185411578826
2019-08-22 20:27:00,-0.2213079756221532
2019-08-22 20:30:00,-0.20845492634066431
2019-08-22 20:33:00,-0.21455879733593974
2019-08-22 20:36:00,-0.19186275573019884
2019-08-22 20:39:00,-0.22894766827585045
2019-08-22 20:42:00,-0.16576583891708196
2019-08-22 20:45:00,-0.22380520430266415
2019-08-22 20:48:00,-0.08224820988891679
2019-08-22 20:51:00,-0.09583728205359421
2019-08-22 20:54:00,-0.1174666713071133
2019-08-22 20:57:00,-0.12904229659301336
2019-08-22 21:00:00,-0.11785551455523091
2019-08-22 21:03:00,-0.09863957830089021
2019-08-22 21:06:00,-0.17556568518227778
2019-08-22 21:09:00,-0.10199638315378934
2019-08-22 21:12:00,-0.13410998718200062
2019-08-22 21:15:00,-0.12763638782530506
2019-08-22 21:18:00,-0.04790093187369848
2019-08-22 21:21:00,-0.10620855180150102
2019-08-22 21:24:00,-0.0805230336638374
2019-08-22 21:27:00,-0.005443481515442272
2019-08-22 21:30:00,-0.1101001026691506
2019-08-22 21:33:00,-0.07043309813991527
2019-08-22 21:36:00,-0.12996377323156594
2019-08-22 21:39:00,-0.11728431935523531
2019-08-22 21:42:00,0.03010158542588215
2019-08-22 21:45:00,0.006462820009460302
2019-08-22 21:48:00,-0.02984528981693302
2019-08-22 21:51:00,-0.08139318857382705
2019-08-22 21:54:00,-0.021900896328588715
2019-08-22 21:57:00,0.04027322742422257
2019-08-22 22:00:00,-0.028318402105014684
2019-08-22 22:03:00,-0.03423948062766158
2019-08-22 22:06:00,0.04594461717465492
2019-08-22 22:09:00,-0.013241844856111129
2019-08-22 22:12:00,-0.06238190374727992
2019-08-22 22:15:00,-0.004248678084934454
2019-08-22 22:18:00,0.002785459065478335
2019-08-22 22:21:00,0.06422344421463322
2019-08-22 22:24:00,0.015089841601081844
2019-08-22 22:27:00,-0.0667188518804096
2019-08-22 22:30:00,-0.006985271773544355
2019-08-22 22:33:00,0.008020906028889385
2019-08-22 22:36:00,-0.015189098730672868
2019-08-22 22:39:00,-0.04329721714486823
2019-08-22 22:42:00,0.04377122710025105
2019-08-22 22:45:00,0.029836051522295293
2019-08-22 22:48:00,-0.016022674518808344
2019-08-22 22:51:00,-0.034791891761813076
2019-08-22 22:54:00,0.024680405016738405
2019-08-22 22:57:00,-0.05452514974854239
2019-08-22 23:00:00,0.025081960381726276
2019-08-22 23:03:00,0.025984946204459902
2019-08-22 23:06:00,-0.07854261424779452
2019-08-22 23:09:00,0.0486556237331115
2019-08-22 23:12:00,0.04129529239457952
2019-08-22 23:15:00,-0.01942488737563508
2019-08-22 23:18:00,-0.02637690019736283
2019-08-22 23:21:00,-0.0053299321892836815
2019-08-22 23:24:00,0.03275770145825163
2019-08-22 23:27:00,-0.03418900723852403
2019-08-22 23:30:00,0.08736943001912323
2019-08-22 23:33:00,0.04501080331124285
2019-08-22 23:36:00,0.009141115048066695
2019-08-22 23:39:00,0.0737693334136793
2019-08-22 23:42:00,0.009563414616479804
2019-08-22 23:45:00,-0.07017089724615744
2019-08-22 23:48:00,0.049756225012060895
2019-08-22 23:51:00,0.05746078711024438
2019-08-22 23:54:00,-0.014233894998540109
2019-08-22 23:57:00,0.05617426330792341
2019-08-23 00:00:00,-0.00793686521564041
2019-08-23 00:03:00,0.021066779260991098
2019-08-23 00:06:00,0.18900377621946518
2019-08-23 00:09:00,0.06880464212679271
2019-08-23 00:12:00,0.007810025432888779
2019-08-23 00:15:00,0.08724279326929718
2019-08-23 00:18:00,0.09334881570549669
2019-08-23 00:21:00,0.1682196268855023
2019-08-23 00:24:00,0.05552452880272085
2019-08-23 00:27:00,0.10200099899594761
2019-08-23 00:30:00,-0.03580128461419463
2019-08-23 00:33:00,0.12826322154199943
2019-08-23 00:36:00,0.1273032026654164
2019-08-23 00:39:00,0.039588566912982515
2019-08-23 00:42:00,-0.041840765662072954
2019-08-23 00:45:00,0.07318563886047968
2019-08-23 00:48:00,-0.03934358639844504
2019-08-23 00:51:00,0.03908194175113522
2019-08-23 00:54:00,0.12783241457691474
2019-08-23 00:57:00,0.011256716274431255
2019-08-23 01:00:00,-0.09782719814677421
2019-08-23 01:03:00,0.05971081956687385
2019-08-23 01:06:00,-0.027562637343294227
2019-08-23 01:09:00,-0.05394210882798234
2019-08-23 01:12:00,0.20353482489974795
2019-08-23 01:15:00,0.020505281166720124
2019-08-23 01:18:00,0.047186768149742875
2019-08-23 01:21:00,-0.08098259663154295
2019-08-23 01:24:00,-0.0014965626045864155
2019-08-23 01:27:00,-0.10115419909885759
2019-08-23 01:30:00,-0.02895866169586725
2019-08-23 01:33:00,-0.08234611055979713
2019-08-23 01:36:00,-0.12040968746237013
2019-08-23 01:39:00,0.02326768359603193
2019-08-23 01:42:00,-0.05031432127367452
2019-08-23 01:45:00,-0.08420165133765067
2019-08-23 01:48:00,0.09978921360539061
2019-08-23 01:51:00,0.06023739897051428
2019-08-23 01:54:00,0.0030560744214653823
2019-08-23 01:57:00,0.06407722252987469
2019-08-23 02:00:00,0.09309724592168322
2019-08-23 02:03:00,0.07675699166497907
2019-08-23 02:06:00,0.036822525875493284
2019-08-23 02:09:00,0.13137451568195502
2019-08-23 02:12:00,0.10354722121223858
2019-08-23 02:15:00,0.0599539593210352
2019-08-23 02:18:00,0.058073935026129675
2019-08-23 02:21:00,0.056954269565210325
2019-08-23 02:24:00,0.09552740596370768
2019-08-23 02:27:00,0.10498699099406394
2019-08-23 02:30:00,0.0016229899284780913
2019-08-23 02:33:00,0.056301984765070756
2019-08-23 02:36:00,0.07984449398463767
2019-08-23 02:39:00,0.05276933626532809
2019-08-23 02:42:00,-0.039609576319833195
2019-08-23 02:45:00,0.1437251265267605
2019-08-23 02:48:00,-0.010788653436577533
2019-08-23 02:51:00,-0.04726651652043756
2019-08-23 02:54:00,0.06408841994556269
2019-08-23 02:57:00,0.09086758129501504
2019-08-23 03:00:00,0.05110859826822889
2019-08-23 03:03:00,0.06466152898536848
2019-08-23 03:06:00,0.059716031530570035
2019-08-23 03:09:00,0.12306157975979204
2019-08-23 03:12:00,0.12084871534540298
2019-08-23 03:15:00,0.14552854996247788
2019-08-23 03:18:00,0.09211837495229247
2019-08-23 03:21:00,0.1255172299439664
2019-08-23 03:24:00,0.052905653057962354
2019-08-23 03:27:00,0.14547523106404014
2019-08-23 03:30:00,0.08169365106107307
2019-08-23 03:33:00,0.13999739694980917
2019-08-23 03:36:00,0.20821392857618548
2019-08-23 03:39:00,0.11254058361703301
2019-08-23 03:42:00,0.09681235446447545
2019-08-23 03:45:00,0.09748597449203089
2019-08-23 03:48:00,0.2538101260783492
2019-08-23 03:51:00,0.08832807704288825
2019-08-23 03:54:00,0.12523569720377736
2019-08-23 03:57:00,0.10712501559726206
2019-08-23 04:00:00,0.20027871350998794
2019-08-23 04:03:00,0.1486832211089677
2019-08-23 04:06:00,0.09866962146884362
2019-08-23 04:09:00,0.08751843225496714
2019-08-23 04:12:00,0.08562431193314524
2019-08-23 04:15:00,0.16446066683846539
2019-08-23 04:18:00,0.13179795704195385
2019-08-23 04:21:00,0.08201421733878078
2019-08-23 04:24:00,0.03815718245107291
2019-08-23 04:27:00,0.13647543358905523
2019-08-23 04:30:00,0.04668523754196485
2019-08-23 04:33:00,0.12180069715770969
2019-08-23 04:36:00,0.17349823988172375
2019-08-23 04:39:00,0.047155438941899774
2019-08-23 04:42:00,0.11602921386207754
2019-08-23 04:45:00,-0.08481019606171003
2019-08-23 04:48:00,0.09597148939866429
2019-08-23 04:51:00,0.1355132238134047
2019-08-23 04:54:00,0.008701625924231848
2019-08-23 04:57:00,0.1450670887771821
2019-08-23 05:00:00,0.14281076987163033
2019-08-23 05:03:00,0.21473965706536546
2019-08-23 05:06:00,0.24511572705733897
2019-08-23 05:09:00,0.16325144171383954
2019-08-23 05:12:00,0.10464147404866253
2019-08-23 05:15:00,0.07575563437245592
2019-08-23 05:18:00,0.159204372028114
2019-08-23 05:21:00,0.06831024572392153
2019-08-23 05:24:00,0.09890159496166007
2019-08-23 05:27:00,0.17525293909500306
2019-08-23 05:30:00,0.18788778499930459
2019-08-23 05:33:00,0.15016338152986464
2019-08-23 05:36:00,0.2630697756534346
2019-08-23 05:39:00,0.22846404542866594
2019-08-23 05:42:00,0.16280245318438347
2019-08-23 05:45:00,0.18985011955891196
2019-08-23 05:48:00,0.02438424503088754
2019-08-23 05:51:00,0.038011903268738934
2019-08-23 05:54:00,-0.023825172873387146
2019-08-23 05:57:00,0.10100445467060126
2019-08-23 06:00:00,0.07727879047871511
2019-08-23 06:03:00,0.08592535054748396
2019-08-23 06:06:00,0.058207105020017025
2019-08-23 06:09:00,0.08874713900053166
2019-08-23 06:12:00,0.08646623939085885
2019-08-23 06:15:00,0.15588973791500393
2019-08-23 06:18:00,0.14392530710017581
2019-08-23 06:21:00,0.22923117718721642
2019-08-23 06:24:00,0.1723210717946131
2019-08-23 06:27:00,0.07154680557812299
2019-08-23 06:30:00,0.06157909205364831
2019-08-23 06:33:00,0.2152088807709447
2019-08-23 06:36:00,0.12606094261985845
2019-08-23 06:39:00,0.18009558780255475
2019-08-23 06:42:00,0.08493309948232763
2019-08-23 06:45:00,0.12212816701600104
2019-08-23 06:48:00,0.10412955729015039
2019-08-23 06:51:00,0.11591966101389062
2019-08-23 06:54:00,0.09224881932925655
2019-08-23 06:57:00,0.031888470671901814
2019-08-23 07:00:00,0.09272924810011318
2019-08-23 07:03:00,0.10020402155868169
2019-08-23 07:06:00,0.05587534733240318
2019-08-23 07:09:00,0.13197777901126528
2019-08-23 07:12:00,0.16340107781337565
2019-08-23 07:15:00,0.12974496537481173
2019-08-23 07:18:00,0.08155496311536581
2019-08-23 07:21:00,0.07326799829343145
2019-08-23 07:24:00,0.09300314630314688
2019-08-23 07:27:00,0.11555541433466487
2019-08-23 07:30:00,0.15616202838219806
2019-08-23 07:33:00,-0.09229813838123846
2019-08-23 07:36:00,-0.06790891511445807
2019-08-23 07:39:00,-0.07751032438943639
2019-08-23 07:42:00,0.047142520568968393
2019-08-23 07:45:00,-0.06225317463037072
2019-08-23 07:48:00,0.01141132272420009
2019-08-23 07:51:00,0.08402033191225655
2019-08-23 07:54:00,-0.01552722777529425
2019-08-23 07:57:00,-0.01671976107786577
2019-08-23 08:00:00,0.04624701071134041
2019-08-23 08:03:00,-0.034426659545545135
2019-08-23 08:06:00,-0.07632626979034285
2019-08-23 08:09:00,0.006256194652337399
2019-08-23 08:12:00,-0.05067021246054537
2019-08-23 08:15:00,-0.08078764718209186
2019-08-23 08:18:00,0.11889536759196062
2019-08-23 08:21:00,-0.1580927181074685
2019-08-23 08:24:00,-0.06517443324662509
2019-08-23 08:27:00,-0.5140690318568204
2019-08-23 08:30:00,-0.05967666546695227
2019-08-23 08:33:00,-0.07469967474230543
2019-08-23 08:36:00,-0.06377487391773684
2019-08-23 08:39:00,-0.11523872004369196
2019-08-23 08:42:00,-0.03245998532702288
2019-08-23 08:45:00,-0.0004476030088085281
2019-08-23 08:48:00,-0.07095901221163103
2019-08-23 08:51:00,-0.1445991303355072
2019-08-23 08:54:00,-0.053093839195867076
2019-08-23 08:57:00,-0.07646349832265287
2019-08-23 09:00:00,-0.1604293631456244
2019-08-23 09:03:00,-0.0190436392480251
2019-08-23 09:06:00,-0.060894970461049525
2019-08-23 09:09:00,-0.15934694264950622
2019-08-23 09:12:00,-0.11356218938959728
2019-08-23 09:15:00,-0.06987934711708021
2019-08-23 09:18:00,-0.10506604758541016
2019-08-23 09:21:00,-0.16948738257650575
2019-08-23 09:24:00,-0.08910477048550547
2019-08-23 09:27:00,-0.026786505058225885
2019-08-23 09:30:00,-0.12654640810046658
2019-08-23 09:33:00,-0.1880429149453562
2019-08-23 09:36:00,-0.1871231696434279
2019-08-23 09:39:00,-0.19698680536561142
2019-08-23 09:42:00,-0.1572153446825837
2019-08-23 09:45:00,-0.1420566124967877
2019-08-23 09:48:00,-0.06853477483844017
2019-08-23 09:51:00,-0.1894539167586231
2019-08-23 09:54:00,-0.22913154106987577
2019-08-23 09:57:00,0.0009218294056836385
2019-08-23 10:00:00,0.07973299033909598
2019-08-23 10:03:00,0.011395991834092456
2019-08-23 10:06:00,0.030941448652185954
2019-08-23 10:09:00,0.09126646758011248
2019-08-23 10:12:00,0.21271873137948205
2019-08-23 10:15:00,-0.09670367316499551
2019-08-23 10:18:00,-0.13662789006730236
2019-08-23 10:21:00,-0.24874234988533317
2019-08-23 10:24:00,-0.2841561980821439
2019-08-23 10:27:00,-0.2921256525359581
2019-08-23 10:30:00,-0.3166724892466277
2019-08-23 10:33:00,-0.23616541751584919
2019-08-23 10:36:00,-0.19562203911624465
2019-08-23 10:39:00,-0.246165286237499
2019-08-23 10:42:00,-0.15803077502988572
2019-08-23 10:45:00,-0.253135414227188
2019-08-23 10:48:00,-0.22984802391073345
2019-08-23 10:51:00,-0.14703258317842938
2019-08-23 10:54:00,-0.20705243382207073
2019-08-23 10:57:00,-0.16122200246695684
2019-08-23 11:00:00,-0.28502642200646733
2019-08-23 11:03:00,-0.31954430022693714
2019-08-23 11:06:00,-0.20350272155474158
2019-08-23 11:09:00,-0.13917115792821733
2019-08-23 11:12:00,-0.13242375590903066
2019-08-23 11:15:00,-0.15461196067144556
2019-08-23 11:18:00,-0.23698896105065614
2019-08-23 11:21:00,-0.15920395906925933
2019-08-23 11:24:00,-0.15265435595540566
2019-08-23 11:27:00,-0.17286837868402927
2019-08-23 11:30:00,-0.163852144662485
2019-08-23 11:33:00,-0.06941727996047575
2019-08-23 11:36:00,-0.12492003797484585
2019-08-23 11:39:00,-0.2730153173080794
2019-08-23 11:42:00,-0.14778477769760912
2019-08-23 11:45:00,-0.18224156027940808
2019-08-23 11:48:00,-0.16667508697838684
2019-08-23 11:51:00,-0.21921718304963633
2019-08-23 11:54:00,-0.13778624078526036
2019-08-23 11:57:00,-0.18915101373278276
2019-08-23 12:00:00,-0.25472338318007814
2019-08-23 12:03:00,-0.2129079169033048
2019-08-23 12:06:00,-0.23285146777436694
2019-08-23 12:09:00,-0.12281591972850947
2019-08-23 12:12:00,-0.11807456637319547
2019-08-23 12:15:00,-0.2839260044231082
2019-08-23 12:18:00,-0.18574012517780147
2019-08-23 12:21:00,-0.2888831190423389
2019-08-23 12:24:00,-0.1372119584029292
2019-08-23 12:27:00,-0.27253263068041633
2019-08-23 12:30:00,-0.25064357544385985
2019-08-23 12:33:00,-0.1856348907151073
2019-08-23 12:36:00,-0.2725114352763285
2019-08-23 12:39:00,-0.28599741371630216
2019-08-23 12:42:00,-0.14908291400814733
2019-08-23 12:45:00,-0.2012636814522466
2019-08-23 12:48:00,-0.24240532571946005
2019-08-23 12:51:00,-0.23377107233147854
2019-08-23 12:54:00,-0.3387548624447163
2019-08-23 12:57:00,-0.31898868040264006
2019-08-23 13:00:00,-0.22555072108491458
2019-08-23 13:03:00,-0.2642640936966245
2019-08-23 13:06:00,-0.430929149335725
2019-08-23 13:09:00,-0.37334778859968765
2019-08-23 13:12:00,-0.31943806414943765
2019-08-23 13:15:00,-0.2455569349535267
2019-08-23 13:18:00,-0.39662061806706106
2019-08-23 13:21:00,-0.42579877067981897
2019-08-23 13:24:00,-0.45261604741830297
2019-08-23 13:27:00,-0.31697119132741136
2019-08-23 13:30:00,-0.3682919907514588
2019-08-23 13:33:00,-0.42493191873541036
2019-08-23 13:36:00,-0.4483303095700535
2019-08-23 13:39:00,-0.3728645734979068
2019-08-23 13:42:00,-0.47662297027591194
2019-08-23 13:45:00,-0.2806651498671613
2019-08-23 13:48:00,-0.29306842949830525
2019-08-23 13:51:00,-0.34534781529572456
2019-08-23 13:54:00,-0.36108077003564176
2019-08-23 13:57:00,-0.33052707625489575
2019-08-23 14:00:00,-0.2104716304094154
2019-08-23 14:03:00,-0.2147446585393027
2019-08-23 14:06:00,-0.3780891501207293
2019-08-23 14:09:00,-0.33136760154911826
2019-08-23 14:12:00,-0.2575006561955888
2019-08-23 14:15:00,-0.3287601388377652
2019-08-23 14:18:00,-0.5070194122079101
2019-08-23 14:21:00,-0.3592340167606949
2019-08-23 14:24:00,-0.36162268979603596
2019-08-23 14:27:00,-0.35031920524289717
2019-08-23 14:30:00,-0.4176360194505264
2019-08-23 14:33:00,-0.36719394171058184
2019-08-23 14:36:00,-0.33736373698081934
2019-08-23 14:39:00,-0.15543672366209194
2019-08-23 14:42:00,-0.3007969470996841
2019-08-23 14:45:00,-0.3479263781464965
2019-08-23 14:48:00,-0.3870259594610843
2019-08-23 14:51:00,-0.27115025144638594
2019-08-23 14:54:00,-0.3370322404706485
2019-08-23 14:57:00,-0.32745290092361756
2019-08-23 15:00:00,-0.5364505128118822
2019-08-23 15:03:00,-0.5389778052216911
2019-08-23 15:06:00,-0.5086562196294153
2019-08-23 15:09:00,-0.40432460784131763
2019-08-23 15:12:00,-0.41881504501520794
2019-08-23 15:15:00,-0.3373035333734151
2019-08-23 15:18:00,-0.46299555165046513
2019-08-23 15:21:00,-0.4592323006635297
2019-08-23 15:24:00,-0.26596118961708726
2019-08-23 15:27:00,-0.31137541099980126
2019-08-23 15:30:00,-0.28874784716094837
2019-08-23 15:33:00,-0.2528363341187969
2019-08-23 15:36:00,-0.19306328832408326
2019-08-23 15:39:00,-0.40820762597377325
2019-08-23 15:42:00,-0.20597099700972876
2019-08-23 15:45:00,-0.4838096577243505
2019-08-23 15:48:00,-0.264739188808619
2019-08-23 15:51:00,-0.42721959250650343
2019-08-23 15:54:00,-0.27368227790026367
2019-08-23 15:57:00,-0.4396749962107833
2019-08-23 16:00:00,-0.2936368959834681
2019-08-23 16:03:00,-0.3829642989476838
2019-08-23 16:06:00,-0.42001477394995845
2019-08-23 16:09:00,-0.46458719884196853
2019-08-23 16:12:00,-0.45178053879863
2019-08-23 16:15:00,-0.4701825493543197
2019-08-23 16:18:00,-0.4639864365159383
2019-08-23 16:21:00,-0.49565331093475606
2019-08-23 16:24:00,-0.5504094195906077
2019-08-23 16:27:00,-0.27455041657134416
2019-08-23 16:30:00,-0.21726392044161003
2019-08-23 16:33:00,-0.1988088378425914
2019-08-23 16:36:00,-0.02033568588115031
2019-08-23 16:39:00,-0.08353877525786402
2019-08-23 16:42:00,-0.2247016814112044
2019-08-23 16:45:00,-0.2954050151370211
2019-08-23 16:48:00,-0.34116699059268285
2019-08-23 16:51:00,-0.501082990772602
2019-08-23 16:54:00,-0.5096578501449471
2019-08-23 16:57:00,-0.5105515369438081
2019-08-23 17:00:00,-0.4609185839744896
2019-08-23 17:03:00,-0.4788491680456559
2019-08-23 17:06:00,-0.47051748136169635
2019-08-23 17:09:00,-0.42841280888762867
2019-08-23 17:12:00,-0.4512242019420114
2019-08-23 17:15:00,-0.5694268907260494
2019-08-23 17:18:00,-0.5517359777264801
2019-08-23 17:21:00,-0.5611002200997746
2019-08-23 17:24:00,-0.4801532478404056
2019-08-23 17:27:00,-0.5383617297482033
2019-08-23 17:30:00,-0.5448786788518305
2019-08-23 17:33:00,-0.42523715210506907
2019-08-23 17:36:00,-0.46351827887730224
2019-08-23 17:39:00,-0.49048585954574264
2019-08-23 17:42:00,-0.4851273938757572
2019-08-23 17:45:00,-0.36096429729497004
2019-08-23 17:48:00,-0.4123009580529242
2019-08-23 17:51:00,-0.40536286337817273
2019-08-23 17:54:00,-0.31683427951253407
2019-08-23 17:57:00,-0.30422311421273207
2019-08-23 18:00:00,-0.34435726880758466
2019-08-23 18:03:00,-0.4453751774507282
2019-08-23 18:06:00,-0.3686436952824579
2019-08-23 18:09:00,-0.3848149501276339
2019-08-23 18:12:00,-0.2378176429779728
2019-08-23 18:15:00,-0.3175371212817595
2019-08-23 18:18:00,-0.2574301271237118
2019-08-23 18:21:00,-0.34943617486061385
2019-08-23 18:24:00,-0.36362107773663865
2019-08-23 18:27:00,-0.37899255874810933
2019-08-23 18:30:00,-0.316400312191206
2019-08-23 18:33:00,-0.3521000426862315
2019-08-23 18:36:00,-0.3171627090432594
2019-08-23 18:39:00,-0.32181492483090324
2019-08-23 18:42:00,-0.2771743352948306
2019-08-23 18:45:00,-0.2978447589347297
2019-08-23 18:48:00,-0.23400672496336483
2019-08-23 18:51:00,-0.2678757618834311
2019-08-23 18:54:00,
2019-08-23 18:57:00,
2019-08-23 19:00:00,
2019-08-23 19:03:00,-0.18692199553260025
2019-08-23 19:06:00,-0.10178778011294298
2019-08-23 19:09:00,-0.30299562179266104
2019-08-23 19:12:00,-0.0973519635559228
2019-08-23 19:15:00,-0.17564592299981996
2019-08-23 19:18:00,-0.1516260883310565
2019-08-23 19:21:00,-0.19754778337829748
2019-08-23 19:24:00,-0.2634878798438649
2019-08-23 19:27:00,-0.14173896152834686
2019-08-23 19:30:00,-0.25076950394532105
2019-08-23 19:33:00,-0.20184543273313693
2019-08-23 19:36:00,-0.20817036155619917
2019-08-23 19:39:00,-0.11006459297908577
2019-08-23 19:42:00,-0.16098497127194378
2019-08-23 19:45:00,-0.14649064396985523
2019-08-23 19:48:00,-0.06104883460676547
2019-08-23 19:51:00,-0.21372560296543952
2019-08-23 19:54:00,-0.20085951875080355
2019-08-23 19:57:00,-0.11529489165479845
2019-08-23 20:00:00,-0.08742253443477921
2019-08-23 20:03:00,-0.15431312255799412
2019-08-23 20:06:00,-0.1515691298630486
2019-08-23 20:09:00,-0.15093150130292088
2019-08-23 20:12:00,-0.06504448489653214
2019-08-23 20:15:00,-0.014145920397936607
2019-08-23 20:18:00,-0.2241966801427111
2019-08-23 20:21:00,-0.06865832366753466
2019-08-23 20:24:00,-0.061081994284052143
2019-08-23 20:27:00,-0.03505159155554338
2019-08-23 20:30:00,-0.0391804412389547
2019-08-23 20:33:00,-0.027330367696038138
2019-08-23 20:36:00,-0.13800537857912332
2019-08-23 20:39:00,-0.043826625405188224
2019-08-23 20:42:00,-0.030316605522841655
2019-08-23 20:45:00,-0.10381468739927868
2019-08-23 20:48:00,0.029069522383736057
2019-08-23 20:51:00,-0.09310228822067756
2019-08-23 20:54:00,-0.10196296110490266
2019-08-23 20:57:00,-0.01666202508289416
2019-08-23 21:00:00,-0.08600791086922754
2019-08-23 21:03:00,0.022413623058412213
2019-08-23 21:06:00,0.01077263278460805
2019-08-23 21:09:00,-0.13434378576988593
2019-08-23 21:12:00,-0.08023068659696264
2019-08-23 21:15:00,-0.033477242285698594
2019-08-23 21:18:00,-0.17103913656859504
2019-08-23 21:21:00,-0.12701811938825358
2019-08-23 21:24:00,-0.15056253459812297
2019-08-23 21:27:00,-0.17921136008976646
2019-08-23 21:30:00,-0.1476703841350968
2019-08-23 21:33:00,-0.11082946104681923
2019-08-23 21:36:00,-0.13461098201247523
2019-08-23 21:39:00,-0.08214939624286899
2019-08-23 21:42:00,-0.13052206222255336
2019-08-23 21:45:00,-0.15410243722811856
2019-08-23 21:48:00,-0.05007495042042365
2019-08-23 21:51:00,-0.08288474565745219
2019-08-23 21:54:00,-0.22772740454132645
2019-08-23 21:57:00,-0.26305505702373466
2019-08-23 22:00:00,-0.19247784431524906
2019-08-23 22:03:00,-0.17844890985696793
2019-08-23 22:06:00,-0.21176484531531514
2019-08-23 22:09:00,-0.13752329547355657
2019-08-23 22:12:00,-0.030960992229381645
2019-08-23 22:15:00,-0.1195312750109565
2019-08-23 22:18:00,-0.07740667217490227
2019-08-23 22:21:00,-0.1914834732307895
2019-08-23 22:24:00,-0.15618544066063578
2019-08-23 22:27:00,-0.1626805270617524
2019-08-23 22:30:00,-0.12726912062294105
2019-08-23 22:33:00,-0.17133169897391554
2019-08-23 22:36:00,-0.22641972219287254
2019-08-23 22:39:00,-0.06136052199428832
2019-08-23 22:42:00,-0.11043326429859235
2019-08-23 22:45:00,-0.15440884567851754
2019-08-23 22:48:00,-0.1368666945259065
2019-08-23 22:51:00,-0.15354998957002408
2019-08-23 22:54:00,-0.057845957734173226
2019-08-23 22:57:00,-0.12080601396769453
2019-08-23 23:00:00,-0.1589262739786932
2019-08-23 23:03:00,-0.15686307000390798
2019-08-23 23:06:00,-0.057318585049813464
2019-08-23 23:09:00,-0.05557350964380703
2019-08-23 23:12:00,-0.06665153495333698
2019-08-23 23:15:00,-0.02667871002506672
2019-08-23 23:18:00,-0.07919291984308074
2019-08-23 23:21:00,-0.09081653458679284
2019-08-23 23:24:00,-0.17651355556949966
2019-08-23 23:27:00,-0.12290547656311901
2019-08-23 23:30:00,-0.19791183227903275
2019-08-23 23:33:00,-0.04186850998365799
2019-08-23 23:36:00,-0.10068787094525078
2019-08-23 23:39:00,0.018879988532205516
2019-08-23 23:42:00,-0.13652037189081057
2019-08-23 23:45:00,-0.0027961365644841862
2019-08-23 23:48:00,-0.04021744588345655
2019-08-23 23:51:00,-0.0633330953101563
2019-08-23 23:54:00,-0.06852418916099623
2019-08-23 23:57:00,-0.07339004337433153
2019-08-24 00:00:00,-0.0640041339837012
2019-08-24 00:03:00,-0.13778223614423268
2019-08-24 00:06:00,-0.10917178875263289
2019-08-24 00:09:00,-0.121781007969048
2019-08-24 00:12:00,-0.09573607718215271
2019-08-24 00:15:00,-0.05019069637131679
2019-08-24 00:18:00,-0.06860893051162975
2019-08-24 00:21:00,-0.008017236815760498
2019-08-24 00:24:00,-0.04991753861185089
2019-08-24 00:27:00,-0.0378705236153678
2019-08-24 00:30:00,-0.0861232766737885
2019-08-24 00:33:00,0.0003284759775397106
2019-08-24 00:36:00,0.044963730200151986
2019-08-24 00:39:00,-0.14953829165813204
2019-08-24 00:42:00,-0.08403504072549595
2019-08-24 00:45:00,-0.04183668023864584
2019-08-24 00:48:00,-0.14300880999184074
2019-08-24 00:51:00,-0.050320357522593895
2019-08-24 00:54:00,-0.14001557994822633
2019-08-24 00:57:00,0.00692122980797194
2019-08-24 01:00:00,-0.0619702212996458
2019-08-24 01:03:00,-0.04507385326314761
2019-08-24 01:06:00,-0.09434088490183967
2019-08-24 01:09:00,-0.09433131177695486
2019-08-24 01:12:00,-0.08245912315936721
2019-08-24 01:15:00,-0.0778135598030758
2019-08-24 01:18:00,-0.08679285536260295
2019-08-24 01:21:00,-0.07866595269780419
2019-08-24 01:24:00,-0.06333048307527633
2019-08-24 01:27:00,-0.016121808252535175
2019-08-24 01:30:00,-0.02535891632817311
2019-08-24 01:33:00,-0.03266364042013947
2019-08-24 01:36:00,-0.05021596246524496
2019-08-24 01:39:00,-0.0015616784210124024
2019-08-24 01:42:00,-0.08033443503177295
2019-08-24 01:45:00,-0.06523177692423587
2019-08-24 01:48:00,-0.17794424495531302
2019-08-24 01:51:00,-0.15684785477679952
2019-08-24 01:54:00,-0.08349359586304672
2019-08-24 01:57:00,-0.017973952848365116
2019-08-24 02:00:00,-0.01429676972196603
2019-08-24 02:03:00,0.030831731215812397
2019-08-24 02:06:00,-0.03381044358326335
2019-08-24 02:09:00,-0.07167388525107299
2019-08-24 02:12:00,-0.06753810818469219
2019-08-24 02:15:00,0.01675991065303606
2019-08-24 02:18:00,-0.08644552907202296
2019-08-24 02:21:00,-0.04093941074296481
2019-08-24 02:24:00,-0.03592723015606225
2019-08-24 02:27:00,-0.049913540282489066
2019-08-24 02:30:00,0.051814644040746316
2019-08-24 02:33:00,-0.005778842646861904
2019-08-24 02:36:00,-0.06110882851453425
2019-08-24 02:39:00,-0.0948037344429622
2019-08-24 02:42:00,-0.04579794048817121
2019-08-24 02:45:00,-0.03011914632031676
2019-08-24 02:48:00,0.04046904975041343
2019-08-24 02:51:00,-0.0038557785846364823
2019-08-24 02:54:00,-0.07833009089250709
2019-08-24 02:57:00,0.0025473941441305215
2019-08-24 03:00:00,0.00018058626073980122
2019-08-24 03:03:00,0.018348400555396438
2019-08-24 03:06:00,0.013554126723761328
2019-08-24 03:09:00,0.0645729075911845
2019-08-24 03:12:00,0.01209707871566934
2019-08-24 03:15:00,0.013254254827529621
2019-08-24 03:18:00,-0.009120082021524922
2019-08-24 03:21:00,-0.036989607214763964
2019-08-24 03:24:00,-0.05276667621097886
2019-08-24 03:27:00,0.10600093592358917
2019-08-24 03:30:00,0.12048732984692379
2019-08-24 03:33:00,0.1210615170138567
2019-08-24 03:36:00,0.1447402385678629
2019-08-24 03:39:00,0.07909181395939413
2019-08-24 03:42:00,0.018755189407556827
2019-08-24 03:45:00,0.07844379955838576
2019-08-24 03:48:00,0.11014430468736691
2019-08-24 03:51:00,0.19198063902581453
2019-08-24 03:54:00,0.1477075119292408
2019-08-24 03:57:00,0.1339136806190595
2019-08-24 04:00:00,0.1822554627680688
2019-08-24 04:03:00,0.16800737232296115
2019-08-24 04:06:00,0.19935468473028095
2019-08-24 04:09:00,0.11211731849999751
2019-08-24 04:12:00,0.1622655131093893
2019-08-24 04:15:00,0.07596182534820173
2019-08-24 04:18:00,0.17388309633145127
2019-08-24 04:21:00,0.16924808259358315
2019-08-24 04:24:00,0.21669316083142576
2019-08-24 04:27:00,0.20580367705338176
2019-08-24 04:30:00,0.15626589077129438
2019-08-24 04:33:00,0.11056379534414873
2019-08-24 04:36:00,0.16096745190162665
2019-08-24 04:39:00,0.13926627015331405
2019-08-24 04:42:00,0.2028533543091271
2019-08-24 04:45:00,0.2090269502849651
2019-08-24 04:48:00,0.2723383892338802
2019-08-24 04:51:00,0.21946640040863485
2019-08-24 04:54:00,0.25472348687895874
2019-08-24 04:57:00,0.1867444986122564
2019-08-24 05:00:00,0.2587658456334907
2019-08-24 05:03:00,0.28859547337424374
2019-08-24 05:06:00,0.23960873948544759
2019-08-24 05:09:00,0.18424376353470961
2019-08-24 05:12:00,0.2671998689006614
2019-08-24 05:15:00,0.4180127365420958
2019-08-24 05:18:00,0.24943607948841873
2019-08-24 05:21:00,0.19643385162862614
2019-08-24 05:24:00,0.2724033633262479
2019-08-24 05:27:00,0.2695918582817285
2019-08-24 05:30:00,0.2685902721692628
2019-08-24 05:33:00,0.245199006045425
2019-08-24 05:36:00,0.3267181258962637
2019-08-24 05:39:00,0.24823376771229277
2019-08-24 05:42:00,0.3318559314341769
2019-08-24 05:45:00,0.3454158844541553
2019-08-24 05:48:00,0.2876445368232794
2019-08-24 05:51:00,0.2661933448442255
2019-08-24 05:54:00,0.19343029018097013
2019-08-24 05:57:00,0.2654981991714749
2019-08-24 06:00:00,0.28560635163893267
2019-08-24 06:03:00,0.30305995149819864
2019-08-24 06:06:00,0.2868254034012807
2019-08-24 06:09:00,0.30847792647017513
2019-08-24 06:12:00,0.23908778756333504
2019-08-24 06:15:00,0.2634683642627351
2019-08-24 06:18:00,0.33021944494885247
2019-08-24 06:21:00,0.3396481304075678
2019-08-24 06:24:00,0.2781874683233241
2019-08-24 06:27:00,0.30056829182484535
2019-08-24 06:30:00,0.2939074437682052
2019-08-24 06:33:00,0.3715638853346377
2019-08-24 06:36:00,0.24905866713714886
2019-08-24 06:39:00,0.32597154460313504
2019-08-24 06:42:00,0.3271279259710127
2019-08-24 06:45:00,0.31425080749596646
2019-08-24 06:48:00,0.2889503568086411
2019-08-24 06:51:00,0.2702606951458506
2019-08-24 06:54:00,0.28839744743362417
2019-08-24 06:57:00,0.3526507414843536
2019-08-24 07:00:00,0.3967162568802678
2019-08-24 07:03:00,0.3902330058903658
2019-08-24 07:06:00,0.33574698031276284
2019-08-24 07:09:00,0.3320756588445306
2019-08-24 07:12:00,0.37608378857447633
2019-08-24 07:15:00,0.2771053017941085
2019-08-24 07:18:00,0.331126076171131
2019-08-24 07:21:00,0.23324787287612025
2019-08-24 07:24:00,0.18434653777467247
2019-08-24 07:27:00,0.33723319920540007
2019-08-24 07:30:00,0.2358951441238446
2019-08-24 07:33:00,0.22643543984725056
2019-08-24 07:36:00,0.20591757387433063
2019-08-24 07:39:00,0.21437370654297183
2019-08-24 07:42:00,0.2248001394076482
2019-08-24 07:45:00,0.13697404255515266
2019-08-24 07:48:00,0.10001088305756412
2019-08-24 07:51:00,0.16998431033442785
2019-08-24 07:54:00,0.20807250518782894
2019-08-24 07:57:00,0.16765966160170365
2019-08-24 08:00:00,0.17539776822201247
2019-08-24 08:03:00,0.2494240898032558
2019-08-24 08:06:00,0.20088004520096092
2019-08-24 08:09:00,0.12942245384437
2019-08-24 08:12:00,0.19335373064404848
2019-08-24 08:15:00,0.05574397645011686
2019-08-24 08:18:00,0.15637898648577675
2019-08-24 08:21:00,0.05007885543585644
2019-08-24 08:24:00,0.029134304058970883
2019-08-24 08:27:00,0.1395580324838761
2019-08-24 08:30:00,0.08556299475594642
2019-08-24 08:33:00,0.014424412573930567
2019-08-24 08:36:00,0.04900414925714358
2019-08-24 08:39:00,0.013345209061299101
2019-08-24 08:42:00,-0.023904519123675527
2019-08-24 08:45:00,0.017815192250793643
2019-08-24 08:48:00,-0.08688222490405906
2019-08-24 08:51:00,-0.05806248213150411
2019-08-24 08:54:00,-0.07124179886875481
2019-08-24 08:57:00,-0.0561583857394794
2019-08-24 09:00:00,-0.15977406687648
2019-08-24 09:03:00,-0.16843506268077135
2019-08-24 09:06:00,-0.21820412149992308
2019-08-24 09:09:00,-0.23751822397730393
2019-08-24 09:12:00,-0.08903027729445512
2019-08-24 09:15:00,-0.1038927329121293
2019-08-24 09:18:00,-0.1741073740775505
2019-08-24 09:21:00,-0.16882288164947568
2019-08-24 09:24:00,-0.22456384079492864
2019-08-24 09:27:00,-0.1837701920061363
2019-08-24 09:30:00,-0.1897638972433242
2019-08-24 09:33:00,-0.19755839886806825
2019-08-24 09:36:00,-0.3167120540156816
2019-08-24 09:39:00,-0.2450782091031556
2019-08-24 09:42:00,-0.14934246976901022
2019-08-24 09:45:00,-0.28969352647197866
2019-08-24 09:48:00,-0.28402812293109037
2019-08-24 09:51:00,-0.4012118402987426
2019-08-24 09:54:00,-0.30326608332683236
2019-08-24 09:57:00,-0.27316564371869845
2019-08-24 10:00:00,-0.40683307577506866
2019-08-24 10:03:00,-0.3126689740387292
2019-08-24 10:06:00,-0.41551398891294866
2019-08-24 10:09:00,-0.45605146302972344
2019-08-24 10:12:00,-0.43024742045776065
2019-08-24 10:15:00,-0.4730502838455095
2019-08-24 10:18:00,-0.45292342552266973
2019-08-24 10:21:00,-0.36745114872070417
2019-08-24 10:24:00,-0.431032783862463
2019-08-24 10:27:00,-0.39365204805312715
2019-08-24 10:30:00,-0.4139315244583486
2019-08-24 10:33:00,-0.5023813600550397
2019-08-24 10:36:00,-0.5100596257515804
2019-08-24 10:39:00,-0.4580289042996242
2019-08-24 10:42:00,-0.45229274956392373
2019-08-24 10:45:00,-0.3692008747414661
2019-08-24 10:48:00,-0.4328664476074664
2019-08-24 10:51:00,-0.3614846686731994
2019-08-24 10:54:00,-0.41447796922216185
2019-08-24 10:57:00,-0.3554629498170243
2019-08-24 11:00:00,-0.3717453588834587
2019-08-24 11:03:00,-0.2608333659215418
2019-08-24 11:06:00,-0.2638531051703694
2019-08-24 11:09:00,-0.31614332720596394
2019-08-24 11:12:00,-0.280112554493428
2019-08-24 11:15:00,-0.34497777759838755
2019-08-24 11:18:00,-0.2801576408655251
2019-08-24 11:21:00,-0.23951361794286186
2019-08-24 11:24:00,-0.23898591994350227
2019-08-24 11:27:00,-0.3215758941892659
2019-08-24 11:30:00,-0.32220266179945156
2019-08-24 11:33:00,-0.3936477500358819
2019-08-24 11:36:00,-0.2569000972469553
2019-08-24 11:39:00,-0.457805951278317
2019-08-24 11:42:00,-0.4701581212106021
2019-08-24 11:45:00,-0.5108380132261914
2019-08-24 11:48:00,-0.5127765186535953
2019-08-24 11:51:00,-0.4988832365404505
2019-08-24 11:54:00,-0.441334897825584
2019-08-24 11:57:00,-0.49092571515609507
2019-08-24 12:00:00,-0.5018539292285595
2019-08-24 12:03:00,-0.46516334143257154
2019-08-24 12:06:00,-0.2819727859092609
2019-08-24 12:09:00,-0.6092688111122015
2019-08-24 12:12:00,-0.5094789210584167
2019-08-24 12:15:00,-0.5530269715086433
2019-08-24 12:18:00,-0.5577193655996098
2019-08-24 12:21:00,-0.48129798877988605
2019-08-24 12:24:00,-0.5107541693998314
2019-08-24 12:27:00,-0.3487509455866302
2019-08-24 12:30:00,-0.3406887546917119
2019-08-24 12:33:00,-0.39391553875600493
2019-08-24 12:36:00,-0.41783214788296164
2019-08-24 12:39:00,-0.5196391412679304
2019-08-24 12:42:00,-0.6400962053244825
2019-08-24 12:45:00,-0.5152234118820616
2019-08-24 12:48:00,-0.6413786024343153
2019-08-24 12:51:00,-0.5322749206972617
2019-08-24 12:54:00,-0.5667352251956004
2019-08-24 12:57:00,-0.42786867010624974
2019-08-24 13:00:00,-0.5604176486872916
2019-08-24 13:03:00,-0.5543967961697263
2019-08-24 13:06:00,-0.5510732278811474
2019-08-24 13:09:00,-0.5733427586662287
2019-08-24 13:12:00,-0.5495906452238728
2019-08-24 13:15:00,-0.5185030854917159
2019-08-24 13:18:00,-0.46752256964168737
2019-08-24 13:21:00,-0.5367634127656515
2019-08-24 13:24:00,-0.5555773412700091
2019-08-24 13:27:00,-0.4495529751353615
2019-08-24 13:30:00,-0.4483717642483498
2019-08-24 13:33:00,-0.45639620503129663
2019-08-24 13:36:00,-0.5213826036334694
2019-08-24 13:39:00,-0.619180897719275
2019-08-24 13:42:00,-0.6395924260856987
2019-08-24 13:45:00,-0.41356179501281076
2019-08-24 13:48:00,-0.4382147585452003
2019-08-24 13:51:00,-0.47040384348395037
2019-08-24 13:54:00,-0.3491993463022709
2019-08-24 13:57:00,-0.4915903926960823
2019-08-24 14:00:00,-0.4712041739399524
2019-08-24 14:03:00,-0.47792483647390327
2019-08-24 14:06:00,-0.5750956566558898
2019-08-24 14:09:00,-0.554571891848525
2019-08-24 14:12:00,-0.5160001516838975
2019-08-24 14:15:00,-0.6584976503150415
2019-08-24 14:18:00,-0.5902970086721098
2019-08-24 14:21:00,-0.5743564471256946
2019-08-24 14:24:00,-0.5342026130409749
2019-08-24 14:27:00,-0.6094313292036873
2019-08-24 14:30:00,-0.669525467123492
2019-08-24 14:33:00,-0.5664136314026109
2019-08-24 14:36:00,-0.4585421410270101
2019-08-24 14:39:00,-0.501047939495777
2019-08-24 14:42:00,-0.48161262538849314
2019-08-24 14:45:00,-0.4748995211051579
2019-08-24 14:48:00,-0.4823219664123144
2019-08-24 14:51:00,-0.4954859061406296
2019-08-24 14:54:00,-0.5420794553230621
2019-08-24 14:57:00,-0.5841363351020732
2019-08-24 15:00:00,-0.6491462265811947
2019-08-24 15:03:00,-0.5175395519014501
2019-08-24 15:06:00,-0.6145124911895437
2019-08-24 15:09:00,-0.5428696435664051
2019-08-24 15:12:00,-0.5920381669994867
2019-08-24 15:15:00,-0.5751785247385328
2019-08-24 15:18:00,-0.5297052617828513
2019-08-24 15:21:00,-0.5687373287094601
2019-08-24 15:24:00,-0.5352738490186653
2019-08-24 15:27:00,-0.5375656697062254
2019-08-24 15:30:00,-0.556693646955523
2019-08-24 15:33:00,-0.4234810491303733
2019-08-24 15:36:00,-0.530247763685793
2019-08-24 15:39:00,-0.5328030273267359
2019-08-24 15:42:00,-0.5754807081106605
2019-08-24 15:45:00,-0.5725280461581406
2019-08-24 15:48:00,-0.46670592199416205
2019-08-24 15:51:00,-0.5111730093797746
2019-08-24 15:54:00,-0.6376409045703326
2019-08-24 15:57:00,-0.5514021745391915
2019-08-24 16:00:00,-0.46640284445476254
2019-08-24 16:03:00,-0.6820741594453352
2019-08-24 16:06:00,-0.45595072696869465
2019-08-24 16:09:00,-0.5739452181065303
2019-08-24 16:12:00,-0.6135411487803708
2019-08-24 16:15:00,-0.5206991572281368
2019-08-24 16:18:00,-0.5971353199044529
2019-08-24 16:21:00,-0.5099539376264488
2019-08-24 16:24:00,-0.4669869994453961
2019-08-24 16:27:00,-0.48009051433075456
2019-08-24 16:30:00,-0.5914473525450035
2019-08-24 16:33:00,-0.5106459667678109
2019-08-24 16:36:00,-0.5638610730596838
2019-08-24 16:39:00,-0.5477428663608066
2019-08-24 16:42:00,-0.5686560159547867
2019-08-24 16:45:00,-0.5225431020535893
2019-08-24 16:48:00,-0.5563386651850237
2019-08-24 16:51:00,-0.5591595533359737
2019-08-24 16:54:00,-0.6266428867575087
2019-08-24 16:57:00,-0.42882820894902807
2019-08-24 17:00:00,-0.5776012790378786
2019-08-24 17:03:00,-0.5483842550000873
2019-08-24 17:06:00,-0.5078848432604559
2019-08-24 17:09:00,-0.5424914185663852
2019-08-24 17:12:00,-0.5542589471780843
2019-08-24 17:15:00,-0.5376031315315117
2019-08-24 17:18:00,-0.5980500138505818
2019-08-24 17:21:00,-0.4694117679664487
2019-08-24 17:24:00,-0.5429446582408559
2019-08-24 17:27:00,-0.5742417354078952
2019-08-24 17:30:00,-0.5914616575919922
2019-08-24 17:33:00,-0.5453249126500737
2019-08-24 17:36:00,-0.6087607943320563
2019-08-24 17:39:00,-0.6004339191850363
2019-08-24 17:42:00,-0.5292356154386653
2019-08-24 17:45:00,-0.4134597576417036
2019-08-24 17:48:00,-0.5497810005937254
2019-08-24 17:51:00,-0.5755860894009288
2019-08-24 17:54:00,-0.5402761093055233
2019-08-24 17:57:00,-0.49118058687236044
2019-08-24 18:00:00,-0.4570698923001828
2019-08-24 18:03:00,-0.44944490156080974
2019-08-24 18:06:00,-0.5296969786065233
2019-08-24 18:09:00,-0.43582113063831684
2019-08-24 18:12:00,-0.5153127913451385
2019-08-24 18:15:00,-0.3159957541446943
2019-08-24 18:18:00,-0.48959042582100665
2019-08-24 18:21:00,-0.34717911859121386
2019-08-24 18:24:00,-0.4094774347153134
2019-08-24 18:27:00,-0.37600112541741737
2019-08-24 18:30:00,-0.5035097705532507
2019-08-24 18:33:00,-0.3802480014510934
2019-08-24 18:36:00,-0.4049422595364831
2019-08-24 18:39:00,-0.40552613684781136
2019-08-24 18:42:00,-0.3076753232221563
2019-08-24 18:45:00,-0.48249154946961426
2019-08-24 18:48:00,-0.35190752399876146
2019-08-24 18:51:00,-0.4305331760376703
2019-08-24 18:54:00,
2019-08-24 18:57:00,
2019-08-24 19:00:00,
2019-08-24 19:03:00,-0.4256997975065815
2019-08-24 19:06:00,-0.3932517503550912
2019-08-24 19:09:00,-0.4675005916853934
2019-08-24 19:12:00,-0.40758421795874256
2019-08-24 19:15:00,-0.45072113061286245
2019-08-24 19:18:00,-0.4148178108845286
2019-08-24 19:21:00,-0.391213597905562
2019-08-24 19:24:00,-0.43213124575538586
2019-08-24 19:27:00,-0.31679835726902184
2019-08-24 19:30:00,-0.3860704108741402
2019-08-24 19:33:00,-0.3955486770319112
2019-08-24 19:36:00,-0.3997969995982089
2019-08-24 19:39:00,-0.35911056144885833
2019-08-24 19:42:00,-0.32310271200327634
2019-08-24 19:45:00,-0.29092310157352586
2019-08-24 19:48:00,-0.3285663769753455
2019-08-24 19:51:00,-0.23178392202191844
2019-08-24 19:54:00,-0.26759644198625665
2019-08-24 19:57:00,-0.28111243869659575
2019-08-24 20:00:00,-0.19315829167908305
2019-08-24 20:03:00,-0.2364326822824978
2019-08-24 20:06:00,-0.2882726168014642
2019-08-24 20:09:00,-0.3008096457290321
2019-08-24 20:12:00,-0.29645056100696365
2019-08-24 20:15:00,-0.25025946506201535
2019-08-24 20:18:00,-0.26420140171802586
2019-08-24 20:21:00,-0.1470576262908594
2019-08-24 20:24:00,-0.18182150435245603
2019-08-24 20:27:00,-0.2715872559962236
2019-08-24 20:30:00,-0.2834212080181828
2019-08-24 20:33:00,-0.2333051657518581
2019-08-24 20:36:00,-0.21594878487070446
2019-08-24 20:39:00,-0.13906867506921117
2019-08-24 20:42:00,-0.2375418561645688
2019-08-24 20:45:00,-0.13932034712951236
2019-08-24 20:48:00,-0.13862068112445058
2019-08-24 20:51:00,-0.235578635763261
2019-08-24 20:54:00,-0.14417400551621995
2019-08-24 20:57:00,-0.050656352889348
2019-08-24 21:00:00,-0.20441254957671617
2019-08-24 21:03:00,-0.18073551104430408
2019-08-24 21:06:00,-0.1798852706340881
2019-08-24 21:09:00,-0.12169048481979416
2019-08-24 21:12:00,-0.06662507241787807
2019-08-24 21:15:00,-0.11181186761155004
2019-08-24 21:18:00,-0.1508116272281086
2019-08-24 21:21:00,-0.20968199297021783
2019-08-24 21:24:00,-0.12824102537626914
2019-08-24 21:27:00,-0.18984592773972508
2019-08-24 21:30:00,-0.09954171038469894
2019-08-24 21:33:00,-0.10141208897857723
2019-08-24 21:36:00,-0.261269080150214
2019-08-24 21:39:00,-0.1844512236528999
2019-08-24 21:42:00,-0.12211946034318544
2019-08-24 21:45:00,-0.17446808422920412
2019-08-24 21:48:00,-0.20145170969487936
2019-08-24 21:51:00,-0.11701306034569825
2019-08-24 21:54:00,-0.19644981088339364
2019-08-24 21:57:00,-0.15822521399275047
2019-08-24 22:00:00,-0.11950073627690472
2019-08-24 22:03:00,-0.14311761642585452
2019-08-24 22:06:00,-0.14121220702077153
2019-08-24 22:09:00,-0.1875913487293701
2019-08-24 22:12:00,-0.23535488384072778
2019-08-24 22:15:00,-0.1722225022710404
2019-08-24 22:18:00,-0.14824509036873224
2019-08-24 22:21:00,-0.15213266708252604
2019-08-24 22:24:00,-0.20181918398066045
2019-08-24 22:27:00,-0.1581407195010911
2019-08-24 22:30:00,-0.06708553202992107
2019-08-24 22:33:00,-0.11819880118707715
2019-08-24 22:36:00,-0.22302679116540958
2019-08-24 22:39:00,-0.17075866255447636
2019-08-24 22:42:00,-0.1567352189331359
2019-08-24 22:45:00,-0.18244751239217294
2019-08-24 22:48:00,-0.15144046142137313
2019-08-24 22:51:00,-0.15021932828824447
2019-08-24 22:54:00,-0.14536887068521764
2019-08-24 22:57:00,-0.21611024597319783
2019-08-24 23:00:00,-0.1191458470312341
2019-08-24 23:03:00,-0.11722393064923153
2019-08-24 23:06:00,-0.13094748262255962
2019-08-24 23:09:00,-0.1683736736802075
2019-08-24 23:12:00,-0.08121965364739481
2019-08-24 23:15:00,-0.14546514140573663
2019-08-24 23:18:00,-0.07084947980996503
2019-08-24 23:21:00,-0.16910004286614821
2019-08-24 23:24:00,-0.24299962950823328
2019-08-24 23:27:00,-0.09654926487519333
2019-08-24 23:30:00,-0.08245639386666426
2019-08-24 23:33:00,-0.15891493837011694
2019-08-24 23:36:00,-0.16220494630852045
2019-08-24 23:39:00,-0.1393894274568197
2019-08-24 23:42:00,-0.28913929603857014
2019-08-24 23:45:00,-0.052399385593218994
2019-08-24 23:48:00,-0.2177066296866883
2019-08-24 23:51:00,-0.040966555131092264
2019-08-24 23:54:00,-0.1399860061691811
2019-08-24 23:57:00,-0.14652940713074258
2019-08-25 00:00:00,-0.06601057114517062
2019-08-25 00:03:00,-0.06528672711340278
2019-08-25 00:06:00,-0.11902020486144238
2019-08-25 00:09:00,-0.13516371023007423
2019-08-25 00:12:00,-0.16990654314219
2019-08-25 00:15:00,-0.07216784013832012
2019-08-25 00:18:00,-0.18746986386412345
2019-08-25 00:21:00,-0.1078418178643119
2019-08-25 00:24:00,-0.12975130931653212
2019-08-25 00:27:00,-0.08117508666322237
2019-08-25 00:30:00,-0.12243690729115997
2019-08-25 00:33:00,-0.12354717593109399
2019-08-25 00:36:00,-0.06466045885872518
2019-08-25 00:39:00,-0.0741791164366532
2019-08-25 00:42:00,-0.07133015971379564
2019-08-25 00:45:00,-0.05017703770755588
2019-08-25 00:48:00,0.0009449310978766334
2019-08-25 00:51:00,0.001807924810066197
2019-08-25 00:54:00,-0.03405361680580654
2019-08-25 00:57:00,-0.07097951106453593
2019-08-25 01:00:00,-0.12115610029849222
2019-08-25 01:03:00,-0.08068512136856043
2019-08-25 01:06:00,-0.09475746210199532
2019-08-25 01:09:00,-0.07963326875648136
2019-08-25 01:12:00,-0.09684671589940308
2019-08-25 01:15:00,-0.12577816570893674
2019-08-25 01:18:00,-0.010525256719915888
2019-08-25 01:21:00,-0.11931137163458061
2019-08-25 01:24:00,-0.042646151641577035
2019-08-25 01:27:00,-0.13383100195522957
2019-08-25 01:30:00,-0.08584894210406446
2019-08-25 01:33:00,-0.11916663460885957
2019-08-25 01:36:00,-0.12241230608867681
2019-08-25 01:39:00,-0.1756128297360533
2019-08-25 01:42:00,-0.024903766943737082
2019-08-25 01:45:00,-0.08926801732593503
2019-08-25 01:48:00,-0.021032703726461932
2019-08-25 01:51:00,-0.00793882158143333
2019-08-25 01:54:00,-0.03217959564653938
2019-08-25 01:57:00,-0.06604058728487416
2019-08-25 02:00:00,-0.04536667583613507
2019-08-25 02:03:00,-0.021379890917387456
2019-08-25 02:06:00,0.02587452082963182
2019-08-25 02:09:00,-0.058701674443113916
2019-08-25 02:12:00,-0.06267817889278149
2019-08-25 02:15:00,-0.10171765472892957
2019-08-25 02:18:00,-0.08552125608906636
2019-08-25 02:21:00,-0.11235437525658654
2019-08-25 02:24:00,-0.0364433752382638
2019-08-25 02:27:00,0.03827153460025556
2019-08-25 02:30:00,-0.028708674272195367
2019-08-25 02:33:00,-0.056982828414277265
2019-08-25 02:36:00,0.023984141046753393
2019-08-25 02:39:00,0.0077883901670929845
2019-08-25 02:42:00,-0.04611465345351462
2019-08-25 02:45:00,-0.033817531977604176
2019-08-25 02:48:00,-0.04599690141344581
2019-08-25 02:51:00,0.019050001476898615
2019-08-25 02:54:00,0.01505650035966255
2019-08-25 02:57:00,0.0434486626539865
2019-08-25 03:00:00,0.006349129799502862
2019-08-25 03:03:00,0.015343026479627042
2019-08-25 03:06:00,0.0006872285619010654
2019-08-25 03:09:00,-0.034066041605342434
2019-08-25 03:12:00,-0.013763900516664762
2019-08-25 03:15:00,-0.0008772529919838234
2019-08-25 03:18:00,0.037951185602821624
2019-08-25 03:21:00,0.005710179315428832
2019-08-25 03:24:00,-0.059483015917123794
2019-08-25 03:27:00,0.0011051262771388792
2019-08-25 03:30:00,0.055874904392680946
2019-08-25 03:33:00,-0.027711677128706924
2019-08-25 03:36:00,0.10533167146638789
2019-08-25 03:39:00,0.08802837690183196
2019-08-25 03:42:00,0.042398638753468276
2019-08-25 03:45:00,-0.004478203989890517
2019-08-25 03:48:00,-0.008436959714003933
2019-08-25 03:51:00,0.05941954429687257
2019-08-25 03:54:00,0.023834287702470647
2019-08-25 03:57:00,-0.0734486271582
2019-08-25 04:00:00,0.08597830357507519
2019-08-25 04:03:00,0.009100043864236795
2019-08-25 04:06:00,0.030249003104188432
2019-08-25 04:09:00,0.04999348921751334
2019-08-25 04:12:00,0.03498899197961691
2019-08-25 04:15:00,0.11138793580204265
2019-08-25 04:18:00,0.12010769633508289
2019-08-25 04:21:00,0.16332372412944096
2019-08-25 04:24:00,0.09132126938135343
2019-08-25 04:27:00,0.10118831433999276
2019-08-25 04:30:00,0.10594613075687676
2019-08-25 04:33:00,0.12554811063580473
2019-08-25 04:36:00,-0.003656505967001067
2019-08-25 04:39:00,0.02917530425872883
2019-08-25 04:42:00,0.07160396398620605
2019-08-25 04:45:00,0.12746110061647187
2019-08-25 04:48:00,-0.011160702685799606
2019-08-25 04:51:00,0.033194166409657555
2019-08-25 04:54:00,0.08112084233442829
2019-08-25 04:57:00,0.0941037552630064
2019-08-25 05:00:00,0.07441543108535598
2019-08-25 05:03:00,0.047911077423520965
2019-08-25 05:06:00,0.08734737294616934
2019-08-25 05:09:00,0.045752141896059584
2019-08-25 05:12:00,0.03177422146262643
2019-08-25 05:15:00,0.13208070790915372
2019-08-25 05:18:00,0.024657924565985923
2019-08-25 05:21:00,0.014888597608660348
2019-08-25 05:24:00,0.040470012250466425
2019-08-25 05:27:00,0.04256870324269357
2019-08-25 05:30:00,0.05666423801454812
2019-08-25 05:33:00,0.11347960300275872
2019-08-25 05:36:00,-0.01125187595744137
2019-08-25 05:39:00,0.07207449007222522
2019-08-25 05:42:00,0.05373502477760894
2019-08-25 05:45:00,0.056718527756288495
2019-08-25 05:48:00,0.04309536047816209
2019-08-25 05:51:00,-0.010853047261093707
2019-08-25 05:54:00,0.009720177566236998
2019-08-25 05:57:00,0.0339672177152579
2019-08-25 06:00:00,0.038628509003501676
2019-08-25 06:03:00,0.06596266748596236
2019-08-25 06:06:00,0.08132570840427888
2019-08-25 06:09:00,0.04140552516594198
2019-08-25 06:12:00,0.02734441633089091
2019-08-25 06:15:00,-3.5924984786106506e-05
2019-08-25 06:18:00,0.10268503693589537
2019-08-25 06:21:00,0.009426994230807395
2019-08-25 06:24:00,0.0699831535434896
2019-08-25 06:27:00,0.042882607976252984
2019-08-25 06:30:00,0.0411717775397733
2019-08-25 06:33:00,0.06753831196249394
2019-08-25 06:36:00,0.11311548021336648
2019-08-25 06:39:00,0.03957195145500236
2019-08-25 06:42:00,0.06814118098100153
2019-08-25 06:45:00,0.12463812856680079
2019-08-25 06:48:00,0.11466125188491105
2019-08-25 06:51:00,0.046346007636998365
2019-08-25 06:54:00,0.14610772167350206
2019-08-25 06:57:00,0.08414015847364453
2019-08-25 07:00:00,0.1274270225663372
2019-08-25 07:03:00,0.13070019150029566
2019-08-25 07:06:00,0.17312683816589924
2019-08-25 07:09:00,0.14216710963773949
2019-08-25 07:12:00,0.15955695750682253
2019-08-25 07:15:00,0.08622704816002624
2019-08-25 07:18:00,0.14829112164676417
2019-08-25 07:21:00,0.11322971829861217
2019-08-25 07:24:00,0.21876999101442607
2019-08-25 07:27:00,0.2007059993823077
2019-08-25 07:30:00,0.08295673183647523
2019-08-25 07:33:00,0.11118806970790729
2019-08-25 07:36:00,0.17035575887581444
2019-08-25 07:39:00,0.14946811923255154
2019-08-25 07:42:00,0.18917896756528307
2019-08-25 07:45:00,0.12538275213415773
2019-08-25 07:48:00,0.07935261621855716
2019-08-25 07:51:00,0.04837862067864762
2019-08-25 07:54:00,0.05555140990253449
2019-08-25 07:57:00,0.0398605888245811
2019-08-25 08:00:00,0.1706743947716518
2019-08-25 08:03:00,0.12285499193529859
2019-08-25 08:06:00,0.12207892755975536
2019-08-25 08:09:00,-0.05839312796183549
2019-08-25 08:12:00,0.027176966676279335
2019-08-25 08:15:00,0.010065451718332952
2019-08-25 08:18:00,-0.11376161265519613
2019-08-25 08:21:00,0.0027264741435715223
2019-08-25 08:24:00,-0.051676790958026686
2019-08-25 08:27:00,0.038792632393040094
2019-08-25 08:30:00,-0.07273783975455217
2019-08-25 08:33:00,-0.09109198756533488
2019-08-25 08:36:00,-0.04064880814513572
2019-08-25 08:39:00,-0.0033627962575906167
2019-08-25 08:42:00,0.028342476633099523
2019-08-25 08:45:00,-0.10655033852299312
2019-08-25 08:48:00,-0.024206031995277044
2019-08-25 08:51:00,-0.0395075108402807
2019-08-25 08:54:00,-0.0026775648724424173
2019-08-25 08:57:00,-0.04601431959366664
2019-08-25 09:00:00,-0.027364292037418636
2019-08-25 09:03:00,-0.005045337107844716
2019-08-25 09:06:00,-0.06088702294999848
2019-08-25 09:09:00,-0.13850788334565323
2019-08-25 09:12:00,-0.17819285584749878
2019-08-25 09:15:00,-0.14134113898751366
2019-08-25 09:18:00,-0.13695627721642722
2019-08-25 09:21:00,-0.080403259711602
2019-08-25 09:24:00,-0.11124832554770592
2019-08-25 09:27:00,-0.06935420114575663
2019-08-25 09:30:00,-0.12146202375811299
2019-08-25 09:33:00,-0.0980368046402873
2019-08-25 09:36:00,-0.15066853970148486
2019-08-25 09:39:00,-0.18867628172034756
2019-08-25 09:42:00,-0.15174195926800849
2019-08-25 09:45:00,-0.23462810789629884
2019-08-25 09:48:00,-0.152142092937936
2019-08-25 09:51:00,-0.02925580302189701
2019-08-25 09:54:00,-0.14828549458189855
2019-08-25 09:57:00,-0.2207332793631167
2019-08-25 10:00:00,-0.26943676645299774
2019-08-25 10:03:00,-0.1996719058636245
2019-08-25 10:06:00,-0.285643169438913
2019-08-25 10:09:00,-0.239085804820661
2019-08-25 10:12:00,-0.2402686551499187
2019-08-25 10:15:00,-0.3113363276696077
2019-08-25 10:18:00,-0.18300748906432318
2019-08-25 10:21:00,-0.2916135944660141
2019-08-25 10:24:00,-0.1759432019604219
2019-08-25 10:27:00,-0.284320820388416
2019-08-25 10:30:00,-0.3816588595381063
2019-08-25 10:33:00,-0.34423583990229645
2019-08-25 10:36:00,-0.33353487630307654
2019-08-25 10:39:00,-0.4735723879714442
2019-08-25 10:42:00,-0.4439118394908519
2019-08-25 10:45:00,-0.5066839880948919
2019-08-25 10:48:00,-0.3840749541925561
2019-08-25 10:51:00,-0.43002334646126883
2019-08-25 10:54:00,-0.4976362391662974
2019-08-25 10:57:00,-0.395035641784375
2019-08-25 11:00:00,-0.4181019110254738
2019-08-25 11:03:00,-0.5128885476424898
2019-08-25 11:06:00,-0.45250512860224035
2019-08-25 11:09:00,-0.36965893368403613
2019-08-25 11:12:00,-0.5049657184862326
2019-08-25 11:15:00,-0.43517548994259414
2019-08-25 11:18:00,-0.36335975783833874
2019-08-25 11:21:00,-0.5735774779672624
2019-08-25 11:24:00,-0.5444336111820007
2019-08-25 11:27:00,-0.4717561548059166
2019-08-25 11:30:00,-0.3324706597683189
2019-08-25 11:33:00,-0.4490317815650542
2019-08-25 11:36:00,-0.5474802012047917
2019-08-25 11:39:00,-0.47850452444970415
2019-08-25 11:42:00,-0.40328252351383753
2019-08-25 11:45:00,-0.4815309444746845
2019-08-25 11:48:00,-0.4515275579583431
2019-08-25 11:51:00,-0.525279072080366
2019-08-25 11:54:00,-0.5510346876213816
2019-08-25 11:57:00,-0.45808139753165733
2019-08-25 12:00:00,-0.4327641495987109
2019-08-25 12:03:00,-0.5599918663472749
2019-08-25 12:06:00,-0.5010141074988042
2019-08-25 12:09:00,-0.46783798615291516
2019-08-25 12:12:00,-0.7119344746419074
2019-08-25 12:15:00,-0.5272085441777108
2019-08-25 12:18:00,-0.4749840017835254
2019-08-25 12:21:00,-0.44976550403896454
2019-08-25 12:24:00,-0.46518893861269817
2019-08-25 12:27:00,-0.5349018950535651
2019-08-25 12:30:00,-0.39118122810918976
2019-08-25 12:33:00,-0.5846618842775797
2019-08-25 12:36:00,-0.5036854482225408
2019-08-25 12:39:00,-0.516442831427355
2019-08-25 12:42:00,-0.5269501830637182
2019-08-25 12:45:00,-0.5494810692477472
2019-08-25 12:48:00,-0.48139588401340916
2019-08-25 12:51:00,-0.5908296950796625
2019-08-25 12:54:00,-0.6207448090294747
2019-08-25 12:57:00,-0.5735885342579081
2019-08-25 13:00:00,-0.6100616253760904
2019-08-25 13:03:00,-0.5685706033972906
2019-08-25 13:06:00,-0.5654307601487858
2019-08-25 13:09:00,-0.6568172939558394
2019-08-25 13:12:00,-0.5347174675414976
2019-08-25 13:15:00,-0.5607314228248583
2019-08-25 13:18:00,-0.7266488413323486
2019-08-25 13:21:00,-0.5951887269918075
2019-08-25 13:24:00,-0.5854874233539817
2019-08-25 13:27:00,-0.5744285535435552
2019-08-25 13:30:00,-0.7069519349651046
2019-08-25 13:33:00,-0.7603339971366836
2019-08-25 13:36:00,-0.6085845619332417
2019-08-25 13:39:00,-0.6762782034808765
2019-08-25 13:42:00,-0.6158619117089188
2019-08-25 13:45:00,-0.7336008067773037
2019-08-25 13:48:00,-0.6415091494380931
2019-08-25 13:51:00,-0.6490770009243647
2019-08-25 13:54:00,-0.6062119654887397
2019-08-25 13:57:00,-0.6607681410242776
2019-08-25 14:00:00,-0.5777333665579931
2019-08-25 14:03:00,-0.6709601738909328
2019-08-25 14:06:00,-0.763082770850815
2019-08-25 14:09:00,-0.5991813109235409
2019-08-25 14:12:00,-0.5532741007221489
2019-08-25 14:15:00,-0.6604478783584682
2019-08-25 14:18:00,-0.5446608023005979
2019-08-25 14:21:00,-0.5956543739927724
2019-08-25 14:24:00,-0.6185734904935316
2019-08-25 14:27:00,-0.639238163903542
2019-08-25 14:30:00,-0.756321509336999
2019-08-25 14:33:00,-0.6522078594116465
2019-08-25 14:36:00,-0.44908410913217267
2019-08-25 14:39:00,-0.5404824358450924
2019-08-25 14:42:00,-0.5185805179310137
2019-08-25 14:45:00,-0.5767859574949057
2019-08-25 14:48:00,-0.5729859974652527
2019-08-25 14:51:00,-0.613596942192487
2019-08-25 14:54:00,-0.5363131000645467
2019-08-25 14:57:00,-0.5424720945033528
2019-08-25 15:00:00,-0.5596385758408928
2019-08-25 15:03:00,-0.6029645020858538
2019-08-25 15:06:00,-0.6554186318978736
2019-08-25 15:09:00,-0.6247687282524907
2019-08-25 15:12:00,-0.5856527141797869
2019-08-25 15:15:00,-0.6475779001684714
2019-08-25 15:18:00,-0.5562433626489565
2019-08-25 15:21:00,-0.6036496035326877
2019-08-25 15:24:00,-0.4995449966083356
2019-08-25 15:27:00,-0.5531915118284587
2019-08-25 15:30:00,-0.6012674180844328
2019-08-25 15:33:00,-0.5945624178868911
2019-08-25 15:36:00,-0.5548614252266475
2019-08-25 15:39:00,-0.5769360576645681
2019-08-25 15:42:00,-0.5377607222332017
2019-08-25 15:45:00,-0.6203892030630414
2019-08-25 15:48:00,-0.6060229539773445
2019-08-25 15:51:00,-0.5007068472870628
2019-08-25 15:54:00,-0.4823536477734933
2019-08-25 15:57:00,-0.5991766122784838
2019-08-25 16:00:00,-0.6391953282923737
2019-08-25 16:03:00,-0.5146398710789413
2019-08-25 16:06:00,-0.6484504486666651
2019-08-25 16:09:00,-0.5194639219520241
2019-08-25 16:12:00,-0.5443142301516559
2019-08-25 16:15:00,-0.6224613965288199
2019-08-25 16:18:00,-0.5589926560475078
2019-08-25 16:21:00,-0.6196308979755258
2019-08-25 16:24:00,-0.6455392056872142
2019-08-25 16:27:00,-0.6192407740674071
2019-08-25 16:30:00,-0.5184302430204184
2019-08-25 16:33:00,-0.5903285042876405
2019-08-25 16:36:00,-0.5334330804803926
2019-08-25 16:39:00,-0.589663021248839
2019-08-25 16:42:00,-0.5413354838833015
2019-08-25 16:45:00,-0.6127072893797845
2019-08-25 16:48:00,-0.5503696216378557
2019-08-25 16:51:00,-0.5427230012827522
2019-08-25 16:54:00,-0.6139219863397329
2019-08-25 16:57:00,-0.46239279657498855
2019-08-25 17:00:00,-0.5128951784328137
2019-08-25 17:03:00,-0.503759673933871
2019-08-25 17:06:00,-0.5101859547609138
2019-08-25 17:09:00,-0.586400204056531
2019-08-25 17:12:00,-0.5553966163892596
2019-08-25 17:15:00,-0.4987463326444299
2019-08-25 17:18:00,-0.6189996369943174
2019-08-25 17:21:00,-0.5285263398129132
2019-08-25 17:24:00,-0.4961512136815145
2019-08-25 17:27:00,-0.5065693123807478
2019-08-25 17:30:00,-0.526645151014975
2019-08-25 17:33:00,-0.4462955780938387
2019-08-25 17:36:00,-0.44938490247125173
2019-08-25 17:39:00,-0.5048993864724594
2019-08-25 17:42:00,-0.5567961084125841
2019-08-25 17:45:00,-0.5013948120002283
2019-08-25 17:48:00,-0.47800111243503807
2019-08-25 17:51:00,-0.47307464699099455
2019-08-25 17:54:00,-0.4093578980643997
2019-08-25 17:57:00,-0.5479348303512666
2019-08-25 18:00:00,-0.4720203630672586
2019-08-25 18:03:00,-0.4671300109834533
2019-08-25 18:06:00,-0.3829759140961073
2019-08-25 18:09:00,-0.4560275334999915
2019-08-25 18:12:00,-0.38275013271737635
2019-08-25 18:15:00,-0.3662404849064842
2019-08-25 18:18:00,-0.41678831988934917
2019-08-25 18:21:00,-0.4304704769120349
2019-08-25 18:24:00,-0.45217488925305815
2019-08-25 18:27:00,-0.45739110879088685
2019-08-25 18:30:00,-0.40002714231701475
2019-08-25 18:33:00,-0.4777426973125216
2019-08-25 18:36:00,-0.3907408400586405
2019-08-25 18:39:00,-0.5506076487525888
2019-08-25 18:42:00,-0.47710287786128447
2019-08-25 18:45:00,-0.3809033916395492
2019-08-25 18:48:00,-0.33068732445224214
2019-08-25 18:51:00,-0.34647376904001703
2019-08-25 18:54:00,
2019-08-25 18:57:00,
2019-08-25 19:00:00,
2019-08-25 19:03:00,-0.4138486969364408
2019-08-25 19:06:00,-0.46594534752586014
2019-08-25 19:09:00,-0.4597257981998837
2019-08-25 19:12:00,-0.38685342212039586
2019-08-25 19:15:00,-0.49906471596909796
2019-08-25 19:18:00,-0.47764195677069665
2019-08-25 19:21:00,-0.3824323985085698
2019-08-25 19:24:00,-0.4038228307493341
2019-08-25 19:27:00,-0.4726588132857614
2019-08-25 19:30:00,-0.33091692305265497
2019-08-25 19:33:00,-0.4878865502738563
2019-08-25 19:36:00,-0.4459027390454935
2019-08-25 19:39:00,-0.37315260167753195
2019-08-25 19:42:00,-0.305240057774256
2019-08-25 19:45:00,-0.3464530303561446
2019-08-25 19:48:00,-0.45936866308483104
2019-08-25 19:51:00,-0.4208446619385313
2019-08-25 19:54:00,-0.2885429584123358
2019-08-25 19:57:00,-0.29765381207511155
2019-08-25 20:00:00,-0.33390995069015617
2019-08-25 20:03:00,-0.3158006445061119
2019-08-25 20:06:00,-0.2593635750343424
2019-08-25 20:09:00,-0.292012075335947
2019-08-25 20:12:00,-0.21596979519597426
2019-08-25 20:15:00,-0.23671522633077302
2019-08-25 20:18:00,-0.15983730280657937
2019-08-25 20:21:00,-0.244749801693672
2019-08-25 20:24:00,-0.2287089104071356
2019-08-25 20:27:00,-0.22679843765746455
2019-08-25 20:30:00,-0.1283070469585823
2019-08-25 20:33:00,-0.1662032057102465
2019-08-25 20:36:00,-0.2107450486295761
2019-08-25 20:39:00,-0.1008428434686266
2019-08-25 20:42:00,-0.04031989473764952
2019-08-25 20:45:00,-0.165993252153271
2019-08-25 20:48:00,-0.21335296327595188
2019-08-25 20:51:00,-0.10347684383174283
2019-08-25 20:54:00,-0.28898145113276996
2019-08-25 20:57:00,-0.17694683778432818
2019-08-25 21:00:00,-0.1686507538419164
2019-08-25 21:03:00,-0.15416391042424493
2019-08-25 21:06:00,0.003949149658581064
2019-08-25 21:09:00,-0.1608433559949276
2019-08-25 21:12:00,-0.18615169148108635
2019-08-25 21:15:00,-0.16531594974776453
2019-08-25 21:18:00,-0.1208745276389891
2019-08-25 21:21:00,-0.1441369598543929
2019-08-25 21:24:00,-0.2002844400089998
2019-08-25 21:27:00,-0.04026487163616821
2019-08-25 21:30:00,-0.1258891478681221
2019-08-25 21:33:00,-0.1493554920407405
2019-08-25 21:36:00,-0.19603436948000308
2019-08-25 21:39:00,-0.11985314643175116
2019-08-25 21:42:00,-0.14100973744058365
2019-08-25 21:45:00,-0.2045892068023818
2019-08-25 21:48:00,-0.18920226208433633
2019-08-25 21:51:00,-0.17847499229367259
2019-08-25 21:54:00,-0.11434372059193265
2019-08-25 21:57:00,-0.13240867248737231
2019-08-25 22:00:00,-0.27956122737663236
2019-08-25 22:03:00,-0.14298932476600612
2019-08-25 22:06:00,-0.11845299701855083
2019-08-25 22:09:00,-0.14710596723580238
2019-08-25 22:12:00,-0.1061678711534455
2019-08-25 22:15:00,-0.16898885999506774
2019-08-25 22:18:00,-0.14454913098916222
2019-08-25 22:21:00,-0.1417235956220111
2019-08-25 22:24:00,-0.15552099304255762
2019-08-25 22:27:00,-0.09753637531792947
2019-08-25 22:30:00,-0.12649615131613245
2019-08-25 22:33:00,-0.11933120859799828
2019-08-25 22:36:00,-0.1836850846256084
2019-08-25 22:39:00,-0.1370469942266368
2019-08-25 22:42:00,-0.0649459988532044
2019-08-25 22:45:00,-0.09045365579646614
2019-08-25 22:48:00,-0.07959849517834527
2019-08-25 22:51:00,-0.09391026720203399
2019-08-25 22:54:00,-0.10746131371547563
2019-08-25 22:57:00,-0.10866338667881337
2019-08-25 23:00:00,-0.05979048307335688
2019-08-25 23:03:00,-0.07607744085265722
2019-08-25 23:06:00,-0.12826644519452657
2019-08-25 23:09:00,-0.04738075986466583
2019-08-25 23:12:00,0.05943994355777704
2019-08-25 23:15:00,-0.044657176061321024
2019-08-25 23:18:00,-0.04733193961044435
2019-08-25 23:21:00,-0.07603999443165321
2019-08-25 23:24:00,-0.015074378085273565
2019-08-25 23:27:00,-0.06039027480034065
2019-08-25 23:30:00,-0.057303264597180714
2019-08-25 23:33:00,-0.031881564769435045
2019-08-25 23:36:00,-0.049097211389948825
2019-08-25 23:39:00,-0.016509818515260122
2019-08-25 23:42:00,-0.07460927150873431
2019-08-25 23:45:00,-0.022594502344816192
2019-08-25 23:48:00,0.03195060300032537
2019-08-25 23:51:00,-0.05117674393602556
2019-08-25 23:54:00,0.043221020308976676
2019-08-25 23:57:00,0.07723607583807279
2019-08-26 00:00:00,-0.12927506285893742
2019-08-26 00:03:00,-0.06394364636707905
2019-08-26 00:06:00,-0.028229045225259597
2019-08-26 00:09:00,-0.05683044992252917
2019-08-26 00:12:00,-0.08012016479335671
2019-08-26 00:15:00,-0.1343496515669358
2019-08-26 00:18:00,-0.1443033598672514
2019-08-26 00:21:00,-0.10561427932162815
2019-08-26 00:24:00,-0.00047041937489211705
2019-08-26 00:27:00,0.10323230395471228
2019-08-26 00:30:00,0.045526421681472584
2019-08-26 00:33:00,0.029540704874591484
2019-08-26 00:36:00,-3.471738529015056e-05
2019-08-26 00:39:00,0.06107868228878033
2019-08-26 00:42:00,-0.01936586806419882
2019-08-26 00:45:00,0.058940730917242945
2019-08-26 00:48:00,0.01723930012991559
2019-08-26 00:51:00,0.065401695215769
2019-08-26 00:54:00,0.08228011508663258
2019-08-26 00:57:00,0.0005024049160056165
2019-08-26 01:00:00,0.05555093625423524
2019-08-26 01:03:00,0.09476891392569087
2019-08-26 01:06:00,-0.0329221940785942
2019-08-26 01:09:00,0.0012803351081629444
2019-08-26 01:12:00,-0.02595149529452101
2019-08-26 01:15:00,0.043277352432312455
2019-08-26 01:18:00,0.060733655442732015
2019-08-26 01:21:00,-0.07422154936409697
2019-08-26 01:24:00,0.0015565669384614012
2019-08-26 01:27:00,-0.01687985318670826
2019-08-26 01:30:00,-0.11228235348585258
2019-08-26 01:33:00,0.04237863883867021
2019-08-26 01:36:00,-0.036982789219507595
2019-08-26 01:39:00,0.08218263925630254
2019-08-26 01:42:00,-0.05031072023729166
2019-08-26 01:45:00,0.042405742972903226
2019-08-26 01:48:00,0.008207824469195657
2019-08-26 01:51:00,0.08096397002191225
2019-08-26 01:54:00,-0.022159038747645354
2019-08-26 01:57:00,-0.020786835553224137
2019-08-26 02:00:00,-0.060239765188669026
2019-08-26 02:03:00,0.04067390249070968
2019-08-26 02:06:00,0.0006859406107651012
2019-08-26 02:09:00,-0.12488002881696048
2019-08-26 02:12:00,-0.06304897046118185
2019-08-26 02:15:00,-0.106809906720855
2019-08-26 02:18:00,0.08364997014592745
2019-08-26 02:21:00,0.031138355012444663
2019-08-26 02:24:00,-0.06012622877580043
2019-08-26 02:27:00,-0.033578552044502885
2019-08-26 02:30:00,0.0016843715175696161
2019-08-26 02:33:00,-0.08316689104719899
2019-08-26 02:36:00,-0.021608588346794022
2019-08-26 02:39:00,0.008940673418806
2019-08-26 02:42:00,-0.06467072389642681
2019-08-26 02:45:00,0.08491548415031502
2019-08-26 02:48:00,0.0652269704741002
2019-08-26 02:51:00,0.0839177172009613
2019-08-26 02:54:00,0.028908889725357767
2019-08-26 02:57:00,-0.019233644763971824
2019-08-26 03:00:00,0.05127141667253454
2019-08-26 03:03:00,0.068419234558462
2019-08-26 03:06:00,0.020793116495440245
2019-08-26 03:09:00,0.044222409653514205
2019-08-26 03:12:00,-0.04737761623010783
2019-08-26 03:15:00,0.07506064903441256
2019-08-26 03:18:00,0.10844847856640172
2019-08-26 03:21:00,0.06280257953449109
2019-08-26 03:24:00,0.068065101298032
2019-08-26 03:27:00,0.036827024928129504
2019-08-26 03:30:00,0.04454002160633763
2019-08-26 03:33:00,0.08049414273540378
2019-08-26 03:36:00,0.011977001976617885
2019-08-26 03:39:00,0.08349264227740605
2019-08-26 03:42:00,0.15414566713474187
2019-08-26 03:45:00,0.031040434991552956
2019-08-26 03:48:00,0.025765938188101245
2019-08-26 03:51:00,0.08728623900231014
2019-08-26 03:54:00,0.11646006742296322
2019-08-26 03:57:00,0.06567461085222703
2019-08-26 04:00:00,0.11685533292165928
2019-08-26 04:03:00,0.09176123894519606
2019-08-26 04:06:00,0.22926437377759612
2019-08-26 04:09:00,0.03477540087260422
2019-08-26 04:12:00,0.06763084179732459
2019-08-26 04:15:00,0.10150246716000311
2019-08-26 04:18:00,0.08934541854233657
2019-08-26 04:21:00,0.10455450098965002
2019-08-26 04:24:00,0.12931266208795478
2019-08-26 04:27:00,0.2226052126041509
2019-08-26 04:30:00,0.1813415610288871
2019-08-26 04:33:00,0.14366375823504995
2019-08-26 04:36:00,0.16302886866691324
2019-08-26 04:39:00,0.18076697362596406
2019-08-26 04:42:00,0.152169433986046
2019-08-26 04:45:00,0.15161842255810143
2019-08-26 04:48:00,-0.002039008088559058
2019-08-26 04:51:00,0.12479760008199037
2019-08-26 04:54:00,0.1968401110581226
2019-08-26 04:57:00,0.07366708282847867
2019-08-26 05:00:00,0.21496228121588956
2019-08-26 05:03:00,0.14394823570245308
2019-08-26 05:06:00,0.16740329915984375
2019-08-26 05:09:00,0.08697567342670709
2019-08-26 05:12:00,0.10096536130197364
2019-08-26 05:15:00,0.09602695215335189
2019-08-26 05:18:00,0.1661951622299398
2019-08-26 05:21:00,0.24328311849558304
2019-08-26 05:24:00,0.08804999920386081
2019-08-26 05:27:00,0.17100788275791956
2019-08-26 05:30:00,0.22585279326693808
2019-08-26 05:33:00,0.17413120645773006
2019-08-26 05:36:00,0.2055851024090316
2019-08-26 05:39:00,0.2009220352746297
2019-08-26 05:42:00,0.18889586330988095
2019-08-26 05:45:00,0.10756824060950976
2019-08-26 05:48:00,0.10420513205025372
2019-08-26 05:51:00,0.14279332424359836
2019-08-26 05:54:00,0.18508725632739242
2019-08-26 05:57:00,0.16882613005554958
2019-08-26 06:00:00,0.16526817611821798
2019-08-26 06:03:00,0.153293639999049
2019-08-26 06:06:00,0.16868260234662102
2019-08-26 06:09:00,0.2267889213173362
2019-08-26 06:12:00,0.2289742352377857
2019-08-26 06:15:00,0.19939937147790943
2019-08-26 06:18:00,0.22730162599049208
2019-08-26 06:21:00,0.12580922498096925
2019-08-26 06:24:00,0.20725363551218834
2019-08-26 06:27:00,0.1329929597961268
2019-08-26 06:30:00,0.13612196896417572
2019-08-26 06:33:00,0.1375445579699317
2019-08-26 06:36:00,0.09303593747370087
2019-08-26 06:39:00,0.17568249557632498
2019-08-26 06:42:00,0.14846766147280732
2019-08-26 06:45:00,0.2506525080765982
2019-08-26 06:48:00,0.1523036634091568
2019-08-26 06:51:00,0.1583951827198007
2019-08-26 06:54:00,0.2497179925254045
2019-08-26 06:57:00,0.23835267206044364
2019-08-26 07:00:00,0.14189597704086054
2019-08-26 07:03:00,0.14282600723117866
2019-08-26 07:06:00,0.2661898838805996
2019-08-26 07:09:00,0.2078425846891605
2019-08-26 07:12:00,0.1751453399368188
2019-08-26 07:15:00,0.15314107021231393
2019-08-26 07:18:00,0.19718160446268485
2019-08-26 07:21:00,0.13725062621284678
2019-08-26 07:24:00,0.17982961161840194
2019-08-26 07:27:00,0.12129598365567063
2019-08-26 07:30:00,0.1667494365985931
2019-08-26 07:33:00,0.2054602263044103
2019-08-26 07:36:00,0.12990005071492305
2019-08-26 07:39:00,0.1163646508090892
2019-08-26 07:42:00,0.12165112077644835
2019-08-26 07:45:00,0.06271098876425185
2019-08-26 07:48:00,0.12624834977611954
2019-08-26 07:51:00,0.1395153049748501
2019-08-26 07:54:00,0.05711117584485237
2019-08-26 07:57:00,0.10699441682481847
2019-08-26 08:00:00,0.018525196520158715
2019-08-26 08:03:00,0.12210854662930615
2019-08-26 08:06:00,0.1302735820445946
2019-08-26 08:09:00,0.01590011108419276
2019-08-26 08:12:00,0.045498727287906604
2019-08-26 08:15:00,0.013967980475513286
2019-08-26 08:18:00,0.01485469339422707
2019-08-26 08:21:00,-0.03555550843935862
2019-08-26 08:24:00,0.08232348297934777
2019-08-26 08:27:00,0.005015390454730095
2019-08-26 08:30:00,0.0161162901712828
2019-08-26 08:33:00,-0.038154466700177636
2019-08-26 08:36:00,0.024061855940260557
2019-08-26 08:39:00,-0.02220173160168315
2019-08-26 08:42:00,-0.052108448380352
2019-08-26 08:45:00,0.0038202422329618457
2019-08-26 08:48:00,-0.12453194446527505
2019-08-26 08:51:00,-0.0598864401991932
2019-08-26 08:54:00,-0.08926501106907381
2019-08-26 08:57:00,-0.1304658059890471
2019-08-26 09:00:00,-0.1643710923749495
2019-08-26 09:03:00,-0.13664519778194517
2019-08-26 09:06:00,-0.08765208779180966
2019-08-26 09:09:00,-0.12645892460307095
2019-08-26 09:12:00,-0.16456284452817727
2019-08-26 09:15:00,-0.19970658890741788
2019-08-26 09:18:00,-0.1503232135052599
2019-08-26 09:21:00,-0.130411279673865
2019-08-26 09:24:00,-0.25945791842582366
2019-08-26 09:27:00,-0.23470384261918298
2019-08-26 09:30:00,-0.12849434273135785
2019-08-26 09:33:00,-0.192727850150618
2019-08-26 09:36:00,-0.21485197169096182
2019-08-26 09:39:00,-0.10372978090259721
2019-08-26 09:42:00,-0.19228656821258028
2019-08-26 09:45:00,-0.20919596168999988
2019-08-26 09:48:00,-0.16835969726895428
2019-08-26 09:51:00,-0.09132942342318984
2019-08-26 09:54:00,-0.2538723931336335
2019-08-26 09:57:00,-0.26884780694990695
2019-08-26 10:00:00,-0.1671200046448007
2019-08-26 10:03:00,-0.2098134390615769
2019-08-26 10:06:00,-0.2338342288759918
2019-08-26 10:09:00,-0.40250041216899035
2019-08-26 10:12:00,-0.24202586816710436
2019-08-26 10:15:00,-0.310718174504359
2019-08-26 10:18:00,-0.18632306941645993
2019-08-26 10:21:00,-0.24836195622822288
2019-08-26 10:24:00,-0.2742265373634609
2019-08-26 10:27:00,-0.15473618047070659
2019-08-26 10:30:00,-0.32489054481015955
2019-08-26 10:33:00,-0.3020950686429842
2019-08-26 10:36:00,-0.40483289911901466
2019-08-26 10:39:00,-0.21008013634610734
2019-08-26 10:42:00,-0.23900459860465162
2019-08-26 10:45:00,-0.43702409713955603
2019-08-26 10:48:00,-0.3487880989911787
2019-08-26 10:51:00,-0.32344109450224323
2019-08-26 10:54:00,-0.33072592517947896
2019-08-26 10:57:00,-0.32865575740180475
2019-08-26 11:00:00,-0.310108636288021
2019-08-26 11:03:00,-0.4579048618523984
2019-08-26 11:06:00,-0.3800992308185869
2019-08-26 11:09:00,-0.35912066585217417
2019-08-26 11:12:00,-0.34461389914906704
2019-08-26 11:15:00,-0.3826011983740045
2019-08-26 11:18:00,-0.46633755410482536
2019-08-26 11:21:00,-0.28677187384016634
2019-08-26 11:24:00,-0.328140786071458
2019-08-26 11:27:00,-0.3960774651757788
2019-08-26 11:30:00,-0.3989682892119504
2019-08-26 11:33:00,-0.43829840170218404
2019-08-26 11:36:00,-0.4376059539814605
2019-08-26 11:39:00,-0.4560647483575053
2019-08-26 11:42:00,-0.3476123008551326
2019-08-26 11:45:00,-0.3959456744039471
2019-08-26 11:48:00,-0.38547379137702364
2019-08-26 11:51:00,-0.35258999943698655
2019-08-26 11:54:00,-0.32021303987431793
2019-08-26 11:57:00,-0.4364111641522186
2019-08-26 12:00:00,-0.4609568926187535
2019-08-26 12:03:00,-0.4125931663904794
2019-08-26 12:06:00,-0.3994715215107476
2019-08-26 12:09:00,-0.5117177665368899
2019-08-26 12:12:00,-0.4535243320819973
2019-08-26 12:15:00,-0.43954054116841235
2019-08-26 12:18:00,-0.4817064298950413
2019-08-26 12:21:00,-0.43668404324472476
2019-08-26 12:24:00,-0.4469038742873295
2019-08-26 12:27:00,-0.4041022810515642
2019-08-26 12:30:00,-0.5067001344732489
2019-08-26 12:33:00,-0.43268538623919994
2019-08-26 12:36:00,-0.42992796754822393
2019-08-26 12:39:00,-0.511069927679614
2019-08-26 12:42:00,-0.5254862554671718
2019-08-26 12:45:00,-0.5122082170707358
2019-08-26 12:48:00,-0.557069718964442
2019-08-26 12:51:00,-0.47245986310082344
2019-08-26 12:54:00,-0.5554854126282862
2019-08-26 12:57:00,-0.48092946236369016
2019-08-26 13:00:00,-0.6370425075164121
2019-08-26 13:03:00,-0.5828761841406163
2019-08-26 13:06:00,-0.47241921180545887
2019-08-26 13:09:00,-0.5634606541242988
2019-08-26 13:12:00,-0.5173111361008864
2019-08-26 13:15:00,-0.5687333146344713
2019-08-26 13:18:00,-0.5685604671145938
2019-08-26 13:21:00,-0.5968541216159906
2019-08-26 13:24:00,-0.5548404573658559
2019-08-26 13:27:00,-0.6029592528821581
2019-08-26 13:30:00,-0.6633457106726723
2019-08-26 13:33:00,-0.7034825125604698
2019-08-26 13:36:00,-0.6564824355218661
2019-08-26 13:39:00,-0.5719878482664171
2019-08-26 13:42:00,-0.5285270468328349
2019-08-26 13:45:00,-0.5119095198544414
2019-08-26 13:48:00,-0.5087865789251964
2019-08-26 13:51:00,-0.45432258050300334
2019-08-26 13:54:00,-0.4400426813318745
2019-08-26 13:57:00,-0.49529194290278156
2019-08-26 14:00:00,-0.5338945072574575
2019-08-26 14:03:00,-0.5035813080193634
2019-08-26 14:06:00,-0.503814434120045
2019-08-26 14:09:00,-0.4979968108499975
2019-08-26 14:12:00,-0.47024930861283565
2019-08-26 14:15:00,-0.4862953929198284
2019-08-26 14:18:00,-0.5147643360135703
2019-08-26 14:21:00,-0.5911050490422554
2019-08-26 14:24:00,-0.5471747495205364
2019-08-26 14:27:00,-0.5842058760129021
2019-08-26 14:30:00,-0.6143473660267773
2019-08-26 14:33:00,-0.5819439824176698
2019-08-26 14:36:00,-0.4967672180741829
2019-08-26 14:39:00,-0.5222509388760272
2019-08-26 14:42:00,-0.4900746371740752
2019-08-26 14:45:00,-0.5620657779330713
2019-08-26 14:48:00,-0.6183722149817754
2019-08-26 14:51:00,-0.5408278990576036
2019-08-26 14:54:00,-0.5024488048566127
2019-08-26 14:57:00,-0.4776780644161249
2019-08-26 15:00:00,-0.5411360951370057
2019-08-26 15:03:00,-0.5046883133684332
2019-08-26 15:06:00,-0.5067107957809753
2019-08-26 15:09:00,-0.561015788963175
2019-08-26 15:12:00,-0.49881142669448764
2019-08-26 15:15:00,-0.5292951842881735
2019-08-26 15:18:00,-0.5588332725542386
2019-08-26 15:21:00,-0.5060521927675268
2019-08-26 15:24:00,-0.5376849095923717
2019-08-26 15:27:00,-0.5210819170513901
2019-08-26 15:30:00,-0.49276194811943697
2019-08-26 15:33:00,-0.45369597310559584
2019-08-26 15:36:00,-0.45911765287928574
2019-08-26 15:39:00,-0.5494335378193114
2019-08-26 15:42:00,-0.5162575413044124
2019-08-26 15:45:00,-0.49778685852191984
2019-08-26 15:48:00,-0.5767229902224926
2019-08-26 15:51:00,-0.43982287302623035
2019-08-26 15:54:00,-0.5463977599894747
2019-08-26 15:57:00,-0.5086558170603439
2019-08-26 16:00:00,-0.5395207527714092
2019-08-26 16:03:00,-0.5140573155769061
2019-08-26 16:06:00,-0.5386210241771892
2019-08-26 16:09:00,-0.6440608093060973
2019-08-26 16:12:00,-0.6199165617136373
2019-08-26 16:15:00,-0.5512686311924995
2019-08-26 16:18:00,-0.4326426342391301
2019-08-26 16:21:00,-0.4922980115680389
2019-08-26 16:24:00,-0.6053523695262015
2019-08-26 16:27:00,-0.5109971203826831
2019-08-26 16:30:00,-0.5528614640610954
2019-08-26 16:33:00,-0.5193042899840634
2019-08-26 16:36:00,-0.515263452102829
2019-08-26 16:39:00,-0.5298172067547853
2019-08-26 16:42:00,-0.5419048223618006
2019-08-26 16:45:00,-0.46524551148536375
2019-08-26 16:48:00,-0.47038874048200796
2019-08-26 16:51:00,-0.5799971588274957
2019-08-26 16:54:00,-0.6181700558584566
2019-08-26 16:57:00,-0.48043990016924454
2019-08-26 17:00:00,-0.48891747229367866
2019-08-26 17:03:00,-0.5720442891214361
2019-08-26 17:06:00,-0.539456203194618
2019-08-26 17:09:00,-0.4721259350962441
2019-08-26 17:12:00,-0.6299358934580823
2019-08-26 17:15:00,-0.5139777659212541
2019-08-26 17:18:00,-0.6041463711447932
2019-08-26 17:21:00,-0.5028674192369635
2019-08-26 17:24:00,-0.513294117762257
2019-08-26 17:27:00,-0.6086045332095864
2019-08-26 17:30:00,-0.5332716588710014
2019-08-26 17:33:00,-0.4864332567368592
2019-08-26 17:36:00,-0.5995154817680941
2019-08-26 17:39:00,-0.5444836446289969
2019-08-26 17:42:00,-0.5128579875112678
2019-08-26 17:45:00,-0.6216447857050866
2019-08-26 17:48:00,-0.48995028688892717
2019-08-26 17:51:00,-0.461197160328652
2019-08-26 17:54:00,-0.4638788633923241
2019-08-26 17:57:00,-0.47016002558547143
2019-08-26 18:00:00,-0.46181064005185135
2019-08-26 18:03:00,-0.4661369279645555
2019-08-26 18:06:00,-0.4275619602510119
2019-08-26 18:09:00,-0.49469676236157056
2019-08-26 18:12:00,-0.438135261398088
2019-08-26 18:15:00,-0.3852472300148406
2019-08-26 18:18:00,-0.36555140875788084
2019-08-26 18:21:00,-0.49101727572752907
2019-08-26 18:24:00,-0.3886094753241309
2019-08-26 18:27:00,-0.39065229824666403
2019-08-26 18:30:00,-0.37360285928588155
2019-08-26 18:33:00,-0.38782288804037535
2019-08-26 18:36:00,-0.33453647380287066
2019-08-26 18:39:00,-0.36189153876455293
2019-08-26 18:42:00,-0.4422885300479038
2019-08-26 18:45:00,-0.3179778734595402
2019-08-26 18:48:00,-0.41291227848864764
2019-08-26 18:51:00,-0.3630892024571608
2019-08-26 18:54:00,
2019-08-26 18:57:00,
2019-08-26 19:00:00,
2019-08-26 19:03:00,-0.284936313811329
2019-08-26 19:06:00,-0.3944822854974177
2019-08-26 19:09:00,-0.4193120282855034
2019-08-26 19:12:00,-0.3474704968455171
2019-08-26 19:15:00,-0.4783458015443216
2019-08-26 19:18:00,-0.4275355068195381
2019-08-26 19:21:00,-0.3308320164138081
2019-08-26 19:24:00,-0.39094204311783187
2019-08-26 19:27:00,-0.33134332923833654
2019-08-26 19:30:00,-0.42930112253822017
2019-08-26 19:33:00,-0.4674448241930804
2019-08-26 19:36:00,-0.4251698336041727
2019-08-26 19:39:00,-0.3471431659584141
2019-08-26 19:42:00,-0.3851985408473979
2019-08-26 19:45:00,-0.3264060071315953
2019-08-26 19:48:00,-0.3771350844176595
2019-08-26 19:51:00,-0.2506646242314332
2019-08-26 19:54:00,-0.46420785309527446
2019-08-26 19:57:00,-0.37959491158949277
2019-08-26 20:00:00,-0.288065074777478
2019-08-26 20:03:00,-0.38480964999689604
2019-08-26 20:06:00,-0.41103907532107087
2019-08-26 20:09:00,-0.3272559789306797
2019-08-26 20:12:00,-0.39058917888041833
2019-08-26 20:15:00,-0.2922299564268087
2019-08-26 20:18:00,-0.308169411708775
2019-08-26 20:21:00,-0.38391708782870637
2019-08-26 20:24:00,-0.29718888729001947
2019-08-26 20:27:00,-0.3161056250765455
2019-08-26 20:30:00,-0.3958857549676509
2019-08-26 20:33:00,-0.36899059218825414
2019-08-26 20:36:00,-0.3438803225302536
2019-08-26 20:39:00,-0.2919340148923766
2019-08-26 20:42:00,-0.3529986098618565
2019-08-26 20:45:00,-0.3505709325047519
2019-08-26 20:48:00,-0.2643113379432407
2019-08-26 20:51:00,-0.4010250374774387
2019-08-26 20:54:00,-0.16862539052124248
2019-08-26 20:57:00,-0.3367833262154818
2019-08-26 21:00:00,-0.23669862609705206
2019-08-26 21:03:00,-0.281260052412847
2019-08-26 21:06:00,-0.19637189900788599
2019-08-26 21:09:00,-0.22086582657260578
2019-08-26 21:12:00,-0.23574509575337288
2019-08-26 21:15:00,-0.2150468223782127
2019-08-26 21:18:00,-0.3137900432441256
2019-08-26 21:21:00,-0.287280516749604
2019-08-26 21:24:00,-0.2329952906248991
2019-08-26 21:27:00,-0.36592513167238394
2019-08-26 21:30:00,-0.32460324037180044
2019-08-26 21:33:00,-0.23912772544991867
2019-08-26 21:36:00,-0.1936622919095612
2019-08-26 21:39:00,-0.24334357606591084
2019-08-26 21:42:00,-0.1993352294887245
2019-08-26 21:45:00,-0.18418458566816298
2019-08-26 21:48:00,-0.20022556961316695
2019-08-26 21:51:00,-0.13708913716033067
2019-08-26 21:54:00,-0.24110582392989954
2019-08-26 21:57:00,-0.16755006228288494
2019-08-26 22:00:00,-0.15145871527437293
2019-08-26 22:03:00,-0.17494464115145547
2019-08-26 22:06:00,-0.25360338469562294
2019-08-26 22:09:00,-0.19541374617307383
2019-08-26 22:12:00,-0.2045154563252254
2019-08-26 22:15:00,-0.14086601457984216
2019-08-26 22:18:00,-0.21805023815198865
2019-08-26 22:21:00,-0.19078140045581904
2019-08-26 22:24:00,-0.17510591510358609
2019-08-26 22:27:00,-0.1541850978264847
2019-08-26 22:30:00,-0.19839426384811532
2019-08-26 22:33:00,-0.17882012402702685
2019-08-26 22:36:00,-0.13894712045492952
2019-08-26 22:39:00,-0.09708101793034984
2019-08-26 22:42:00,-0.08380356871100503
2019-08-26 22:45:00,-0.06367543241418616
2019-08-26 22:48:00,-0.1064691620150029
2019-08-26 22:51:00,-0.0500557297081059
2019-08-26 22:54:00,-0.07854458699438283
2019-08-26 22:57:00,-0.011820589860860764
2019-08-26 23:00:00,-0.07893974003394533
2019-08-26 23:03:00,-0.08228604303116072
2019-08-26 23:06:00,-0.10464268157869583
2019-08-26 23:09:00,-0.07481570416359773
2019-08-26 23:12:00,-0.016727827594536393
2019-08-26 23:15:00,0.028954595765753766
2019-08-26 23:18:00,-0.09049138800810397
2019-08-26 23:21:00,-0.010356903387901184
2019-08-26 23:24:00,-0.05130081474413828
2019-08-26 23:27:00,-0.10639532155386178
2019-08-26 23:30:00,-0.0789602448990081
2019-08-26 23:33:00,-0.038345303226833494
2019-08-26 23:36:00,0.05680211122967194
2019-08-26 23:39:00,-0.0121656804682857
2019-08-26 23:42:00,-0.09265136832840426
2019-08-26 23:45:00,-0.058072643195146156
2019-08-26 23:48:00,-0.06918877577447802
2019-08-26 23:51:00,-0.05839795759101207
2019-08-26 23:54:00,-0.004226295446642325
2019-08-26 23:57:00,0.0342153636660214
2019-08-27 00:00:00,-0.09337421091487386
2019-08-27 00:03:00,0.09348565295704248
2019-08-27 00:06:00,0.11255844016483252
2019-08-27 00:09:00,0.037953789834716645
2019-08-27 00:12:00,0.04449629004949429
2019-08-27 00:15:00,0.014631755636912658
2019-08-27 00:18:00,0.0639326689707218
2019-08-27 00:21:00,0.05802115596253543
2019-08-27 00:24:00,0.019152110167112824
2019-08-27 00:27:00,-0.047763506804813005
2019-08-27 00:30:00,0.035331846718747784
2019-08-27 00:33:00,-0.0529262566422517
2019-08-27 00:36:00,-0.04401494021630015
2019-08-27 00:39:00,-0.028673701763239023
2019-08-27 00:42:00,-0.046991283615284374
2019-08-27 00:45:00,0.0491372564765129
2019-08-27 00:48:00,0.039891810189885746
2019-08-27 00:51:00,0.049661326006116724
2019-08-27 00:54:00,0.05564867494160808
2019-08-27 00:57:00,-0.03511800218308281
2019-08-27 01:00:00,0.07371391595785326
2019-08-27 01:03:00,0.043885857272471185
2019-08-27 01:06:00,-0.022157252253236948
2019-08-27 01:09:00,0.03091030555179941
2019-08-27 01:12:00,0.16051490277061475
2019-08-27 01:15:00,-0.00451054795979644
2019-08-27 01:18:00,0.046373134917132575
2019-08-27 01:21:00,0.07730139044548423
2019-08-27 01:24:00,0.1605166595556966
2019-08-27 01:27:00,0.061604978074626615
2019-08-27 01:30:00,0.047610432250849044
2019-08-27 01:33:00,0.02536286248999886
2019-08-27 01:36:00,0.13413901328090105
2019-08-27 01:39:00,0.07037508341920784
2019-08-27 01:42:00,0.07305222624660246
2019-08-27 01:45:00,-0.0695531322280658
2019-08-27 01:48:00,0.04084377636326053
2019-08-27 01:51:00,0.07520568988610421
2019-08-27 01:54:00,-0.014941693422542812
2019-08-27 01:57:00,0.07118179918217038
2019-08-27 02:00:00,-0.07050337888858849
2019-08-27 02:03:00,0.015523187939379568
2019-08-27 02:06:00,0.0879485271775593
2019-08-27 02:09:00,0.003240488132860264
2019-08-27 02:12:00,0.0667970436185783
2019-08-27 02:15:00,0.07840030840935697
2019-08-27 02:18:00,0.06983275129522326
2019-08-27 02:21:00,0.07756120121774757
2019-08-27 02:24:00,0.08770877190505644
2019-08-27 02:27:00,0.13566071520978085
2019-08-27 02:30:00,0.13529592103071764
2019-08-27 02:33:00,0.046089609189778
2019-08-27 02:36:00,0.08060734489453125
2019-08-27 02:39:00,0.08617108326217249
2019-08-27 02:42:00,-0.025940100509899366
2019-08-27 02:45:00,0.17219598285913662
2019-08-27 02:48:00,0.09886479211644428
2019-08-27 02:51:00,0.0910873041404443
2019-08-27 02:54:00,0.12301717101257736
2019-08-27 02:57:00,0.1317609661977599
2019-08-27 03:00:00,0.14879685457952974
2019-08-27 03:03:00,0.18687325878983074
2019-08-27 03:06:00,0.07845504060765052
2019-08-27 03:09:00,0.1031088364990751
2019-08-27 03:12:00,0.032478851955772825
2019-08-27 03:15:00,0.10135418466478541
2019-08-27 03:18:00,-0.03475716690866193
2019-08-27 03:21:00,0.016677646641710453
2019-08-27 03:24:00,0.16154243345289387
2019-08-27 03:27:00,0.16179142675389357
2019-08-27 03:30:00,0.09768130971167466
2019-08-27 03:33:00,0.0309485743362643
2019-08-27 03:36:00,0.004348533259872056
2019-08-27 03:39:00,0.03036709547694727
2019-08-27 03:42:00,0.13729790205081827
2019-08-27 03:45:00,0.028604673449365237
2019-08-27 03:48:00,0.06820558863415727
2019-08-27 03:51:00,-0.08978543374428227
2019-08-27 03:54:00,0.03397908073998224
2019-08-27 03:57:00,0.07850310801143223
2019-08-27 04:00:00,-0.020287058897679344
2019-08-27 04:03:00,-0.04472700478692104
2019-08-27 04:06:00,0.05053950002809415
2019-08-27 04:09:00,0.08552011010260685
2019-08-27 04:12:00,0.11678603142121347
2019-08-27 04:15:00,0.10291357178590488
2019-08-27 04:18:00,0.21074743218122194
2019-08-27 04:21:00,0.17519788032103634
2019-08-27 04:24:00,0.11149075603975689
2019-08-27 04:27:00,0.21982241992776608
2019-08-27 04:30:00,0.15020518674504046
2019-08-27 04:33:00,0.23083207279103135
2019-08-27 04:36:00,0.1154384521449856
2019-08-27 04:39:00,0.22226941655247856
2019-08-27 04:42:00,0.20339552054792875
2019-08-27 04:45:00,0.226261666094274
2019-08-27 04:48:00,0.27852261308788684
2019-08-27 04:51:00,0.224185221046298
2019-08-27 04:54:00,0.1991879667394869
2019-08-27 04:57:00,0.21355376948520188
2019-08-27 05:00:00,0.19525938632648376
2019-08-27 05:03:00,0.2179985560593991
2019-08-27 05:06:00,0.36711220085180685
2019-08-27 05:09:00,0.23295269535014995
2019-08-27 05:12:00,0.2746248107889073
2019-08-27 05:15:00,0.33098369345213996
2019-08-27 05:18:00,0.2248340507243256
2019-08-27 05:21:00,0.22929037695661236
2019-08-27 05:24:00,0.3150113072617273
2019-08-27 05:27:00,0.3007565894457116
2019-08-27 05:30:00,0.2563991487029966
2019-08-27 05:33:00,0.2256800978673823
2019-08-27 05:36:00,0.32656434649197763
2019-08-27 05:39:00,0.28720119036501046
2019-08-27 05:42:00,0.34521886361449106
2019-08-27 05:45:00,0.2567296768445999
2019-08-27 05:48:00,0.22979098615098792
2019-08-27 05:51:00,0.26659399206704393
2019-08-27 05:54:00,0.14531145180092153
2019-08-27 05:57:00,0.2195005129757419
2019-08-27 06:00:00,0.23443529688455556
2019-08-27 06:03:00,0.32248664990481757
2019-08-27 06:06:00,0.26321910301959406
2019-08-27 06:09:00,0.2413270419580158
2019-08-27 06:12:00,0.3601681683816764
2019-08-27 06:15:00,0.24872924241293504
2019-08-27 06:18:00,0.40274761358830347
2019-08-27 06:21:00,0.27561110435533465
2019-08-27 06:24:00,0.29383444649232615
2019-08-27 06:27:00,0.388237959411299
2019-08-27 06:30:00,0.2912314929818649
2019-08-27 06:33:00,0.40427276707021065
2019-08-27 06:36:00,0.39836877807448445
2019-08-27 06:39:00,0.36788488467686875
2019-08-27 06:42:00,0.35167815682024184
2019-08-27 06:45:00,0.4144419605665348
2019-08-27 06:48:00,0.40154695919642336
2019-08-27 06:51:00,0.4323558312456157
2019-08-27 06:54:00,0.31512632630011694
2019-08-27 06:57:00,0.33595470020657103
2019-08-27 07:00:00,0.3393932846187795
2019-08-27 07:03:00,0.3278230891536964
2019-08-27 07:06:00,0.35129683327807015
2019-08-27 07:09:00,0.3756884731020591
2019-08-27 07:12:00,0.32373975597658955
2019-08-27 07:15:00,0.3492002904709466
2019-08-27 07:18:00,0.31570869991713835
2019-08-27 07:21:00,0.29460443361824673
2019-08-27 07:24:00,0.2657181385802687
2019-08-27 07:27:00,0.28988859106641485
2019-08-27 07:30:00,0.2643653296675552
2019-08-27 07:33:00,0.35761445420348537
2019-08-27 07:36:00,0.30998464270533077
2019-08-27 07:39:00,0.31888042263403804
2019-08-27 07:42:00,0.29865427004637013
2019-08-27 07:45:00,0.28347931359513723
2019-08-27 07:48:00,0.35025744559033
2019-08-27 07:51:00,0.18508842933999858
2019-08-27 07:54:00,0.31071051214462386
2019-08-27 07:57:00,0.25913772159356085
2019-08-27 08:00:00,0.25501754715816105
2019-08-27 08:03:00,0.1737901532989099
2019-08-27 08:06:00,0.19575243914647444
2019-08-27 08:09:00,0.16343423053592687
2019-08-27 08:12:00,0.19650292394783264
2019-08-27 08:15:00,0.10643409507190427
2019-08-27 08:18:00,0.008613434956885158
2019-08-27 08:21:00,0.09351880761477105
2019-08-27 08:24:00,0.026514909618128968
2019-08-27 08:27:00,0.011645940211110428
2019-08-27 08:30:00,-0.04170250876114778
2019-08-27 08:33:00,-0.09830783183133462
2019-08-27 08:36:00,-0.12405785312682838
2019-08-27 08:39:00,-0.17830428666371745
2019-08-27 08:42:00,-0.13976495447491288
2019-08-27 08:45:00,-0.1916099332718204
2019-08-27 08:48:00,-0.1787367151516719
2019-08-27 08:51:00,-0.2514764884877536
2019-08-27 08:54:00,-0.34266173037121916
2019-08-27 08:57:00,-0.2530381266135464
2019-08-27 09:00:00,-0.3997722701828934
2019-08-27 09:03:00,-0.19515991156549717
2019-08-27 09:06:00,-0.2918012537421646
2019-08-27 09:09:00,-0.18797688340066543
2019-08-27 09:12:00,-0.2529788342562256
2019-08-27 09:15:00,-0.26221406079599774
2019-08-27 09:18:00,-0.23529074621546897
2019-08-27 09:21:00,-0.26895783014180097
2019-08-27 09:24:00,-0.3656441299187918
2019-08-27 09:27:00,-0.271030701273844
2019-08-27 09:30:00,-0.2838956164505362
2019-08-27 09:33:00,-0.30646691512396274
2019-08-27 09:36:00,-0.2633765817034259
2019-08-27 09:39:00,-0.26455719179182324
2019-08-27 09:42:00,-0.3247281198734413
2019-08-27 09:45:00,-0.3499725382399106
2019-08-27 09:48:00,-0.3127548359425987
2019-08-27 09:51:00,-0.3954635750724833
2019-08-27 09:54:00,-0.4250662858747205
2019-08-27 09:57:00,-0.29537141764132
2019-08-27 10:00:00,-0.3454883351491844
2019-08-27 10:03:00,-0.2538177981184617
2019-08-27 10:06:00,-0.3602890730992385
2019-08-27 10:09:00,-0.3391848622530915
2019-08-27 10:12:00,-0.31050957958530034
2019-08-27 10:15:00,-0.4102994732984371
2019-08-27 10:18:00,-0.4225142068735295
2019-08-27 10:21:00,-0.40812637961875
2019-08-27 10:24:00,-0.38035814952496594
2019-08-27 10:27:00,-0.429240294841577
2019-08-27 10:30:00,-0.48043133661195725
2019-08-27 10:33:00,-0.5163536634224215
2019-08-27 10:36:00,-0.44159506212895394
2019-08-27 10:39:00,-0.4418357644516391
2019-08-27 10:42:00,-0.5035331787070731
2019-08-27 10:45:00,-0.4625848504521173
2019-08-27 10:48:00,-0.427304305857092
2019-08-27 10:51:00,-0.4973425399515463
2019-08-27 10:54:00,-0.46339385124446153
2019-08-27 10:57:00,-0.4750867165288355
2019-08-27 11:00:00,-0.5512622380024936
2019-08-27 11:03:00,-0.493006334365532
2019-08-27 11:06:00,-0.5215059409081277
2019-08-27 11:09:00,-0.5804630909932484
2019-08-27 11:12:00,-0.5908876456937264
2019-08-27 11:15:00,-0.5586932000563252
2019-08-27 11:18:00,-0.5200205356333072
2019-08-27 11:21:00,-0.587520683651519
2019-08-27 11:24:00,-0.6093827926845279
2019-08-27 11:27:00,-0.5839336950517122
2019-08-27 11:30:00,-0.655194865406088
2019-08-27 11:33:00,-0.49938384725436435
2019-08-27 11:36:00,-0.5222648673628782
2019-08-27 11:39:00,-0.5682078216457285
2019-08-27 11:42:00,-0.4469563523204556
2019-08-27 11:45:00,-0.5402448672494415
2019-08-27 11:48:00,-0.4490481014578904
2019-08-27 11:51:00,-0.5986508797773809
2019-08-27 11:54:00,-0.4835382074001018
2019-08-27 11:57:00,-0.6438350241856483
2019-08-27 12:00:00,-0.6471437846013828
2019-08-27 12:03:00,-0.4468265898755135
2019-08-27 12:06:00,-0.4964254963167605
2019-08-27 12:09:00,-0.5628804327463399
2019-08-27 12:12:00,-0.6332499361984674
2019-08-27 12:15:00,-0.7478840240461295
2019-08-27 12:18:00,-0.5567972968054278
2019-08-27 12:21:00,-0.5454420562100495
2019-08-27 12:24:00,-0.5666282424053861
2019-08-27 12:27:00,-0.537906243777627
2019-08-27 12:30:00,-0.5921406796465476
2019-08-27 12:33:00,-0.5495661097067455
2019-08-27 12:36:00,-0.5052682824126578
2019-08-27 12:39:00,-0.5623365146335004
2019-08-27 12:42:00,-0.556751725258664
2019-08-27 12:45:00,-0.566434858568357
2019-08-27 12:48:00,-0.5541997639058422
2019-08-27 12:51:00,-0.5982825859089758
2019-08-27 12:54:00,-0.5000565483737773
2019-08-27 12:57:00,-0.5359161977297617
2019-08-27 13:00:00,-0.5695152464856506
2019-08-27 13:03:00,-0.5983970487757801
2019-08-27 13:06:00,-0.5775141245845248
2019-08-27 13:09:00,-0.4868047451182065
2019-08-27 13:12:00,-0.595652082987101
2019-08-27 13:15:00,-0.5104954749889998
2019-08-27 13:18:00,-0.4862565568748778
2019-08-27 13:21:00,-0.4537076417549315
2019-08-27 13:24:00,-0.5088528390522811
2019-08-27 13:27:00,-0.43701971976389586
2019-08-27 13:30:00,-0.4838545390338709
2019-08-27 13:33:00,-0.5530664697334942
2019-08-27 13:36:00,-0.5462163205280035
2019-08-27 13:39:00,-0.4602708809999285
2019-08-27 13:42:00,-0.5541060397528099
2019-08-27 13:45:00,-0.5003395238001644
2019-08-27 13:48:00,-0.4526241662491657
2019-08-27 13:51:00,-0.4768313600005172
2019-08-27 13:54:00,-0.5131334710155784
2019-08-27 13:57:00,-0.5455149689444738
2019-08-27 14:00:00,-0.5783171095098396
2019-08-27 14:03:00,-0.4930095307536817
2019-08-27 14:06:00,-0.5383734756895251
2019-08-27 14:09:00,-0.3791837887272891
2019-08-27 14:12:00,-0.5442942075436576
2019-08-27 14:15:00,-0.506892872327569
2019-08-27 14:18:00,-0.49753666240604844
2019-08-27 14:21:00,-0.584699328340264
2019-08-27 14:24:00,-0.5049515334609396
2019-08-27 14:27:00,-0.5813686155489108
2019-08-27 14:30:00,-0.5886648599610567
2019-08-27 14:33:00,-0.6558669629209248
2019-08-27 14:36:00,-0.4792465426771173
2019-08-27 14:39:00,-0.5219079690857598
2019-08-27 14:42:00,-0.5960694495818757
2019-08-27 14:45:00,-0.5249431750235658
2019-08-27 14:48:00,-0.5713965715420954
2019-08-27 14:51:00,-0.5524905995131917
2019-08-27 14:54:00,-0.5188589533746608
2019-08-27 14:57:00,-0.5995911849416871
2019-08-27 15:00:00,-0.5845910131265555
2019-08-27 15:03:00,-0.6086043742449192
2019-08-27 15:06:00,-0.5551704776223687
2019-08-27 15:09:00,-0.6370246654660718
2019-08-27 15:12:00,-0.6610146458094732
2019-08-27 15:15:00,-0.4871937634991923
2019-08-27 15:18:00,-0.43810247661838275
2019-08-27 15:21:00,-0.6357213669624571
2019-08-27 15:24:00,-0.6043167572713628
2019-08-27 15:27:00,-0.5459747512899753
2019-08-27 15:30:00,-0.5327838427191409
2019-08-27 15:33:00,-0.5694290519280685
2019-08-27 15:36:00,-0.5526097339239868
2019-08-27 15:39:00,-0.578171904619694
2019-08-27 15:42:00,-0.5328940196425265
2019-08-27 15:45:00,-0.49048912823189994
2019-08-27 15:48:00,-0.47277019295142964
2019-08-27 15:51:00,-0.5051242763121309
2019-08-27 15:54:00,-0.5188517671399495
2019-08-27 15:57:00,-0.5540927134571803
2019-08-27 16:00:00,-0.4644597458242856
2019-08-27 16:03:00,-0.6627044472624561
2019-08-27 16:06:00,-0.5718161944897133
2019-08-27 16:09:00,-0.5611234961174318
2019-08-27 16:12:00,-0.6307637377073547
2019-08-27 16:15:00,-0.5917043283552061
2019-08-27 16:18:00,-0.6208103922194823
2019-08-27 16:21:00,-0.6029312951227439
2019-08-27 16:24:00,-0.5940997976390463
2019-08-27 16:27:00,-0.6098402087106933
2019-08-27 16:30:00,-0.6093653683565208
2019-08-27 16:33:00,-0.4782423218352392
2019-08-27 16:36:00,-0.402003062393419
2019-08-27 16:39:00,-0.5631603701797872
2019-08-27 16:42:00,-0.41835889641237145
2019-08-27 16:45:00,-0.5560670989727896
2019-08-27 16:48:00,-0.5568671768313607
2019-08-27 16:51:00,-0.49332329495757676
2019-08-27 16:54:00,-0.5618927967620948
2019-08-27 16:57:00,-0.5112339569877804
2019-08-27 17:00:00,-0.5016012849013123
2019-08-27 17:03:00,-0.5614614714882578
2019-08-27 17:06:00,-0.4707723332795126
2019-08-27 17:09:00,-0.537984703818779
2019-08-27 17:12:00,-0.5691801083754626
2019-08-27 17:15:00,-0.5460383381322345
2019-08-27 17:18:00,-0.5584484311855249
2019-08-27 17:21:00,-0.45208875602588705
2019-08-27 17:24:00,-0.5177957966155873
2019-08-27 17:27:00,-0.5645022562673034
2019-08-27 17:30:00,-0.5437978334535387
2019-08-27 17:33:00,-0.6540395636203016
2019-08-27 17:36:00,-0.6365743735106548
2019-08-27 17:39:00,-0.5740988717060418
2019-08-27 17:42:00,-0.6083750755768733
2019-08-27 17:45:00,-0.4978099477130513
2019-08-27 17:48:00,-0.5037281311539914
2019-08-27 17:51:00,-0.5387611858968171
2019-08-27 17:54:00,-0.5219609938656617
2019-08-27 17:57:00,-0.5402478923836611
2019-08-27 18:00:00,-0.5374758740668426
2019-08-27 18:03:00,-0.49002089056995146
2019-08-27 18:06:00,-0.6077030473779246
2019-08-27 18:09:00,-0.44996387501674917
2019-08-27 18:12:00,-0.4439405377831349
2019-08-27 18:15:00,-0.4817176421594809
2019-08-27 18:18:00,-0.5700754095142884
2019-08-27 18:21:00,-0.40251037648295096
2019-08-27 18:24:00,-0.5198767863053035
2019-08-27 18:27:00,-0.5104791556438499
2019-08-27 18:30:00,-0.42580474886943875
2019-08-27 18:33:00,-0.43435622527772466
2019-08-27 18:36:00,-0.4038368399587853
2019-08-27 18:39:00,-0.42981087741532065
2019-08-27 18:42:00,-0.48297683967945204
2019-08-27 18:45:00,-0.40822033452928963
2019-08-27 18:48:00,-0.49657492249031066
2019-08-27 18:51:00,-0.35032001990254
2019-08-27 18:54:00,
2019-08-27 18:57:00,
2019-08-27 19:00:00,
2019-08-27 19:03:00,-0.42145531775014433
2019-08-27 19:06:00,-0.41253574412922944
2019-08-27 19:09:00,-0.3692498382173426
2019-08-27 19:12:00,-0.44712279510923736
2019-08-27 19:15:00,-0.3864928195257562
2019-08-27 19:18:00,-0.45443886882918605
2019-08-27 19:21:00,-0.3639920692011742
2019-08-27 19:24:00,-0.3856424410531645
2019-08-27 19:27:00,-0.32802587538083117
2019-08-27 19:30:00,-0.2843374259685447
2019-08-27 19:33:00,-0.31464007535709015
2019-08-27 19:36:00,-0.45731770898845525
2019-08-27 19:39:00,-0.3565361375844418
2019-08-27 19:42:00,-0.33005346698877247
2019-08-27 19:45:00,-0.31551135378441586
2019-08-27 19:48:00,-0.3849971091347584
2019-08-27 19:51:00,-0.34558781092232493
2019-08-27 19:54:00,-0.36640933325480773
2019-08-27 19:57:00,-0.29167182400527736
2019-08-27 20:00:00,-0.3484380431522709
2019-08-27 20:03:00,-0.28010015679763
2019-08-27 20:06:00,-0.2647296882556702
2019-08-27 20:09:00,-0.41390205916798095
2019-08-27 20:12:00,-0.34018897982730323
2019-08-27 20:15:00,-0.3397679321975602
2019-08-27 20:18:00,-0.3570046608770667
2019-08-27 20:21:00,-0.3765877711570056
2019-08-27 20:24:00,-0.37928699725858905
2019-08-27 20:27:00,-0.3307587441040596
2019-08-27 20:30:00,-0.3671185305909148
2019-08-27 20:33:00,-0.3961932075830532
2019-08-27 20:36:00,-0.3601125378170309
2019-08-27 20:39:00,-0.3304097073265666
2019-08-27 20:42:00,-0.34276839962541317
2019-08-27 20:45:00,-0.3779308505079939
2019-08-27 20:48:00,-0.3698952908501383
2019-08-27 20:51:00,-0.3571772046816477
2019-08-27 20:54:00,-0.2645244096734132
2019-08-27 20:57:00,-0.24229106637153563
2019-08-27 21:00:00,-0.27723747842196644
2019-08-27 21:03:00,-0.30707978475709297
2019-08-27 21:06:00,-0.36392909989154987
2019-08-27 21:09:00,-0.2944499348331533
2019-08-27 21:12:00,-0.3365913043537603
2019-08-27 21:15:00,-0.32911234541347767
2019-08-27 21:18:00,-0.2656485903813177
2019-08-27 21:21:00,-0.3054599150266881
2019-08-27 21:24:00,-0.2946264186228973
2019-08-27 21:27:00,-0.30521933691323966
2019-08-27 21:30:00,-0.2622859862386804
2019-08-27 21:33:00,-0.23583446955865384
2019-08-27 21:36:00,-0.25960111477076
2019-08-27 21:39:00,-0.1974712146847537
2019-08-27 21:42:00,-0.3194886623846287
2019-08-27 21:45:00,-0.12521943103251942
2019-08-27 21:48:00,-0.2753691674820402
2019-08-27 21:51:00,-0.20926849502814093
2019-08-27 21:54:00,-0.3157617094261127
2019-08-27 21:57:00,-0.23941209581079193
2019-08-27 22:00:00,-0.2851128100651863
2019-08-27 22:03:00,-0.29034316809747907
2019-08-27 22:06:00,-0.29575871636967577
2019-08-27 22:09:00,-0.22781817970610518
2019-08-27 22:12:00,-0.18038284657950499
2019-08-27 22:15:00,-0.22593319520291288
2019-08-27 22:18:00,-0.2766725720496197
2019-08-27 22:21:00,-0.20239870925229297
2019-08-27 22:24:00,-0.2222764712714138
2019-08-27 22:27:00,-0.23040117917929592
2019-08-27 22:30:00,-0.1373747625220858
2019-08-27 22:33:00,-0.18514814840682448
2019-08-27 22:36:00,-0.20139678834289043
2019-08-27 22:39:00,-0.14705606915686076
2019-08-27 22:42:00,-0.11710759314803454
2019-08-27 22:45:00,-0.14667948488676075
2019-08-27 22:48:00,-0.11353490204265881
2019-08-27 22:51:00,-0.15545498456231144
2019-08-27 22:54:00,-0.04040257360003352
2019-08-27 22:57:00,-0.1438625328352714
2019-08-27 23:00:00,-0.16995578347706441
2019-08-27 23:03:00,-0.15359221882783913
2019-08-27 23:06:00,-0.08251584194965744
2019-08-27 23:09:00,-0.0816795444931131
2019-08-27 23:12:00,-0.0864962613568423
2019-08-27 23:15:00,-0.05233178976607178
2019-08-27 23:18:00,-0.14250602989079653
2019-08-27 23:21:00,-0.10165592804435164
2019-08-27 23:24:00,-0.12716585768976074
2019-08-27 23:27:00,-0.045334961736671175
2019-08-27 23:30:00,-0.03468405988974155
2019-08-27 23:33:00,-0.08547235159096545
2019-08-27 23:36:00,-0.08130325164586338
2019-08-27 23:39:00,-0.15392791889053115
2019-08-27 23:42:00,-0.13369033536821462
2019-08-27 23:45:00,-0.09872630299452112
2019-08-27 23:48:00,-0.11119003733330146
2019-08-27 23:51:00,-0.12290146996946305
2019-08-27 23:54:00,-0.09592276806364453
2019-08-27 23:57:00,-0.18226698389059948
2019-08-28 00:00:00,-0.1575832714170815
2019-08-28 00:03:00,-0.26136648450847133
2019-08-28 00:06:00,-0.09151424284124232
2019-08-28 00:09:00,-0.10664411712411948
2019-08-28 00:12:00,-0.250270513278565
2019-08-28 00:15:00,-0.14275034849731583
2019-08-28 00:18:00,-0.12238795694719329
2019-08-28 00:21:00,-0.16160402269395036
2019-08-28 00:24:00,-0.2101758715956521
2019-08-28 00:27:00,-0.11213657613609485
2019-08-28 00:30:00,-0.17514647210407475
2019-08-28 00:33:00,-0.13824666823984444
2019-08-28 00:36:00,-0.15837172117954879
2019-08-28 00:39:00,-0.13215067430161298
2019-08-28 00:42:00,-0.0629572098230824
2019-08-28 00:45:00,-0.15513374872159602
2019-08-28 00:48:00,-0.17269019209368253
2019-08-28 00:51:00,-0.07640288973925635
2019-08-28 00:54:00,-0.0661478390034631
2019-08-28 00:57:00,-0.06265276039727041
2019-08-28 01:00:00,-0.14741678470903707
2019-08-28 01:03:00,-0.14098502598000096
2019-08-28 01:06:00,-0.0858150214258444
2019-08-28 01:09:00,-0.1147166898008436
2019-08-28 01:12:00,-0.07602438541033507
2019-08-28 01:15:00,-0.06202782013235719
2019-08-28 01:18:00,-0.07487953598655395
2019-08-28 01:21:00,-0.10620936600975028
2019-08-28 01:24:00,-0.030719339422603298
2019-08-28 01:27:00,-0.07419538318021068
2019-08-28 01:30:00,-0.16875575124220177
2019-08-28 01:33:00,-0.05367772677436733
2019-08-28 01:36:00,-0.1296882757673643
2019-08-28 01:39:00,-0.06358099362643088
2019-08-28 01:42:00,-0.12061439533721341
2019-08-28 01:45:00,-0.10629572102612883
2019-08-28 01:48:00,-0.08961822729304458
2019-08-28 01:51:00,0.03360382607257861
2019-08-28 01:54:00,0.028655763153665248
2019-08-28 01:57:00,-0.08112167380073743
2019-08-28 02:00:00,-0.026076236825190335
2019-08-28 02:03:00,-0.04613032293491415
2019-08-28 02:06:00,-0.14751036468123857
2019-08-28 02:09:00,-0.10174812863209581
2019-08-28 02:12:00,-0.070589379141893
2019-08-28 02:15:00,-0.10886056223534979
2019-08-28 02:18:00,-0.08718948073340016
2019-08-28 02:21:00,-0.058779832168454504
2019-08-28 02:24:00,-0.07196448608067385
2019-08-28 02:27:00,-0.03624587522062939
2019-08-28 02:30:00,-0.06552857707612247
2019-08-28 02:33:00,-0.1836018553403278
2019-08-28 02:36:00,-0.0833782355356334
2019-08-28 02:39:00,-0.13033069515518036
2019-08-28 02:42:00,-0.1590983024221373
2019-08-28 02:45:00,-0.06933491330943298
2019-08-28 02:48:00,-0.119362882001667
2019-08-28 02:51:00,-0.011678860966696902
2019-08-28 02:54:00,-0.07988843789735256
2019-08-28 02:57:00,-0.08706691311226677
2019-08-28 03:00:00,-0.14040430591455788
2019-08-28 03:03:00,-0.0031829733483732525
2019-08-28 03:06:00,-0.12621797639974375
2019-08-28 03:09:00,-0.049164266603270335
2019-08-28 03:12:00,-0.02411155100412543
2019-08-28 03:15:00,-0.03043786251396341
2019-08-28 03:18:00,-0.025276284844551355
2019-08-28 03:21:00,-3.13784158265662e-05
2019-08-28 03:24:00,-0.004225140794858362
2019-08-28 03:27:00,0.06509839812650853
2019-08-28 03:30:00,0.09489224437578514
2019-08-28 03:33:00,-0.054252887587153964
2019-08-28 03:36:00,0.055309193522873557
2019-08-28 03:39:00,-0.02052354514756871
2019-08-28 03:42:00,-0.046587552927917386
2019-08-28 03:45:00,0.00901934023386275
2019-08-28 03:48:00,0.05641810319866636
2019-08-28 03:51:00,-0.03163420315866006
2019-08-28 03:54:00,-0.03506043677890602
2019-08-28 03:57:00,0.0007232971248072317
2019-08-28 04:00:00,0.025166700759541527
2019-08-28 04:03:00,0.038106510894522216
2019-08-28 04:06:00,0.04621398315418901
2019-08-28 04:09:00,0.011740580423065694
2019-08-28 04:12:00,0.09970054119338556
2019-08-28 04:15:00,0.09237248230743944
2019-08-28 04:18:00,0.0909088215751126
2019-08-28 04:21:00,-0.012916410676837131
2019-08-28 04:24:00,0.03758597271888675
2019-08-28 04:27:00,0.030292712827417745
2019-08-28 04:30:00,-0.007622635493873986
2019-08-28 04:33:00,-0.02313239267789413
2019-08-28 04:36:00,0.03885363905965278
2019-08-28 04:39:00,-0.05015359577936351
2019-08-28 04:42:00,0.048916629301629655
2019-08-28 04:45:00,0.03214740391143778
2019-08-28 04:48:00,0.052453556063710494
2019-08-28 04:51:00,-0.004947781631244652
2019-08-28 04:54:00,0.08467375078714667
2019-08-28 04:57:00,0.018846686735855656
2019-08-28 05:00:00,0.08645927955876687
2019-08-28 05:03:00,0.0827051487401036
2019-08-28 05:06:00,0.09784261853269527
2019-08-28 05:09:00,-0.02314436628751082
2019-08-28 05:12:00,0.13549189977163678
2019-08-28 05:15:00,0.06999880513848211
2019-08-28 05:18:00,0.07505212135231432
2019-08-28 05:21:00,0.10138515542246296
2019-08-28 05:24:00,-0.005456967306258775
2019-08-28 05:27:00,0.021675391985411352
2019-08-28 05:30:00,0.039398069778258105
2019-08-28 05:33:00,0.05110895965145801
2019-08-28 05:36:00,0.03079797048940236
2019-08-28 05:39:00,0.1275363609149167
2019-08-28 05:42:00,0.07067668668668148
2019-08-28 05:45:00,0.04530337307210175
2019-08-28 05:48:00,-0.0013361118567445374
2019-08-28 05:51:00,-0.011639979804783707
2019-08-28 05:54:00,0.02846861042405635
2019-08-28 05:57:00,0.051980069623880354
2019-08-28 06:00:00,-0.09319056028505202
2019-08-28 06:03:00,-0.06573558519130529
2019-08-28 06:06:00,-0.019739839862438657
2019-08-28 06:09:00,0.033199179104485665
2019-08-28 06:12:00,-0.09604797069204096
2019-08-28 06:15:00,-0.025076345106128883
2019-08-28 06:18:00,0.10673116291485485
2019-08-28 06:21:00,0.06501460859931285
2019-08-28 06:24:00,0.08384802482214582
2019-08-28 06:27:00,0.05483432083468642
2019-08-28 06:30:00,0.0670516931165821
2019-08-28 06:33:00,0.14295516368213157
2019-08-28 06:36:00,0.06784101828708344
2019-08-28 06:39:00,0.08326109322956654
2019-08-28 06:42:00,0.01746330519534922
2019-08-28 06:45:00,0.04938979293439161
2019-08-28 06:48:00,0.10771546463263348
2019-08-28 06:51:00,0.009120004053158937
2019-08-28 06:54:00,0.033371867050448145
2019-08-28 06:57:00,0.13348288757941873
2019-08-28 07:00:00,0.01057174979194997
2019-08-28 07:03:00,0.009301719126654007
2019-08-28 07:06:00,-0.038508566151108425
2019-08-28 07:09:00,-0.022019602499597113
2019-08-28 07:12:00,-0.020377092408466524
2019-08-28 07:15:00,0.01711269208669819
2019-08-28 07:18:00,-0.14062329167489906
2019-08-28 07:21:00,0.10698359598478646
2019-08-28 07:24:00,-0.09855978151523459
2019-08-28 07:27:00,-0.05229988766080851
2019-08-28 07:30:00,-0.008257523873567152
2019-08-28 07:33:00,0.04416498045264916
2019-08-28 07:36:00,-0.007087479395977425
2019-08-28 07:39:00,0.034831085169457765
2019-08-28 07:42:00,-0.03586442452967731
2019-08-28 07:45:00,0.023929883476455416
2019-08-28 07:48:00,-0.06416603361520856
2019-08-28 07:51:00,-0.01874508006801534
2019-08-28 07:54:00,0.01700042748694841
2019-08-28 07:57:00,-0.07989659893394219
2019-08-28 08:00:00,-0.021975465072955558
2019-08-28 08:03:00,-0.03728833697329037
2019-08-28 08:06:00,0.0013178917957930025
2019-08-28 08:09:00,-0.08584088166730908
2019-08-28 08:12:00,-0.008044875336395307
2019-08-28 08:15:00,-0.026903104717462156
2019-08-28 08:18:00,-0.07644654116660377
2019-08-28 08:21:00,-0.06626457903763594
2019-08-28 08:24:00,-0.0516835720330846
2019-08-28 08:27:00,-0.1077566994576955
2019-08-28 08:30:00,-0.11661387152747693
2019-08-28 08:33:00,-0.012635421367178878
2019-08-28 08:36:00,-0.02289111056427373
2019-08-28 08:39:00,0.0005290837795541847
2019-08-28 08:42:00,0.013097706108169405
2019-08-28 08:45:00,0.1779977208720993
2019-08-28 08:48:00,0.09735495001558547
2019-08-28 08:51:00,0.0993166819858402
2019-08-28 08:54:00,0.04440188516264243
2019-08-28 08:57:00,-0.01889347932973351
2019-08-28 09:00:00,-0.0168589259642431
2019-08-28 09:03:00,-0.043941315826202754
2019-08-28 09:06:00,0.1097664038640005
2019-08-28 09:09:00,0.09332602916271071
2019-08-28 09:12:00,0.0577320253469793
2019-08-28 09:15:00,0.09621508223574438
2019-08-28 09:18:00,-0.010507120320710328
2019-08-28 09:21:00,0.00455276552986561
2019-08-28 09:24:00,-0.07721495421179725
2019-08-28 09:27:00,-0.0014197995067775082
2019-08-28 09:30:00,-0.02740148015078603
2019-08-28 09:33:00,-0.014316036086540862
2019-08-28 09:36:00,0.026843833856275978
2019-08-28 09:39:00,-0.02688568756263976
2019-08-28 09:42:00,-0.0339129617223648
2019-08-28 09:45:00,-0.03359223969295044
2019-08-28 09:48:00,-0.01802380672762638
2019-08-28 09:51:00,-0.002810939311132188
2019-08-28 09:54:00,-0.08607746355193058
2019-08-28 09:57:00,-0.1327263021704539
2019-08-28 10:00:00,-0.02486902996753315
2019-08-28 10:03:00,-0.11735298984302744
2019-08-28 10:06:00,-0.15187499922075176
2019-08-28 10:09:00,-0.09092743775909184
2019-08-28 10:12:00,-0.09033725869102227
2019-08-28 10:15:00,-0.19544601471176293
2019-08-28 10:18:00,-0.06467542278346627
2019-08-28 10:21:00,-0.061401958586714045
2019-08-28 10:24:00,-0.10633988591905563
2019-08-28 10:27:00,-0.195203398999638
2019-08-28 10:30:00,-0.09767648267330742
2019-08-28 10:33:00,-0.046870015399406384
2019-08-28 10:36:00,-0.110822384106541
2019-08-28 10:39:00,-0.10666551556181503
2019-08-28 10:42:00,-0.07496179527032609
2019-08-28 10:45:00,-0.20996408197498795
2019-08-28 10:48:00,-0.22734991495252643
2019-08-28 10:51:00,-0.19908879963008985
2019-08-28 10:54:00,-0.1336473189621188
2019-08-28 10:57:00,-0.1995960251963993
2019-08-28 11:00:00,-0.1635962946790528
2019-08-28 11:03:00,-0.13543444104465152
2019-08-28 11:06:00,-0.18794462578597404
2019-08-28 11:09:00,-0.1966543765059896
2019-08-28 11:12:00,-0.18110732361736837
2019-08-28 11:15:00,-0.2110104276125071
2019-08-28 11:18:00,-0.18852301554176165
2019-08-28 11:21:00,-0.0966719045356399
2019-08-28 11:24:00,-0.16060820627484418
2019-08-28 11:27:00,-0.2436785443228473
2019-08-28 11:30:00,-0.0950488100342568
2019-08-28 11:33:00,-0.16027861410651667
2019-08-28 11:36:00,-0.19729936395032155
2019-08-28 11:39:00,-0.17803334239312107
2019-08-28 11:42:00,-0.20230859158664316
2019-08-28 11:45:00,-0.24864130474941248
2019-08-28 11:48:00,-0.23509694577415985
2019-08-28 11:51:00,-0.18605737783514087
2019-08-28 11:54:00,-0.1311703288573085
2019-08-28 11:57:00,-0.30548148898196814
2019-08-28 12:00:00,-0.22330138646992737
2019-08-28 12:03:00,-0.2516371379057887
2019-08-28 12:06:00,-0.273266802020828
2019-08-28 12:09:00,-0.2553963128010537
2019-08-28 12:12:00,-0.1200748355351493
2019-08-28 12:15:00,-0.1596154749935863
2019-08-28 12:18:00,-0.25768939487784337
2019-08-28 12:21:00,-0.19845017680643195
2019-08-28 12:24:00,-0.22182771930113176
2019-08-28 12:27:00,-0.2823122120747712
2019-08-28 12:30:00,-0.33428805739680456
2019-08-28 12:33:00,-0.19643443359643697
2019-08-28 12:36:00,-0.3271777036999879
2019-08-28 12:39:00,-0.3937282998938372
2019-08-28 12:42:00,-0.3550888322676542
2019-08-28 12:45:00,-0.33457093853337483
2019-08-28 12:48:00,-0.2819332149732645
2019-08-28 12:51:00,-0.35439642065585986
2019-08-28 12:54:00,-0.26551829216174383
2019-08-28 12:57:00,-0.3646301128670757
2019-08-28 13:00:00,-0.33612000339127235
2019-08-28 13:03:00,-0.22309711533858945
2019-08-28 13:06:00,-0.32528152831599755
2019-08-28 13:09:00,-0.4515338196442258
2019-08-28 13:12:00,-0.396025264936668
2019-08-28 13:15:00,-0.3677835922360373
2019-08-28 13:18:00,-0.29220627048209735
2019-08-28 13:21:00,-0.3060217720546916
2019-08-28 13:24:00,-0.3092034090577158
2019-08-28 13:27:00,-0.2982937759214792
2019-08-28 13:30:00,-0.3621495459424864
2019-08-28 13:33:00,-0.37308387851436464
2019-08-28 13:36:00,-0.4031220442861354
2019-08-28 13:39:00,-0.5004788403190901
2019-08-28 13:42:00,-0.41999397215687395
2019-08-28 13:45:00,-0.37981163179739497
2019-08-28 13:48:00,-0.4149806619989249
2019-08-28 13:51:00,-0.36771734437894565
2019-08-28 13:54:00,-0.3704457325391104
2019-08-28 13:57:00,-0.4252376899628416
2019-08-28 14:00:00,-0.3772392136953613
2019-08-28 14:03:00,-0.4428660790721324
2019-08-28 14:06:00,-0.461818139427578
2019-08-28 14:09:00,-0.4014305928034787
2019-08-28 14:12:00,-0.360810013891637
2019-08-28 14:15:00,-0.3940843445561768
2019-08-28 14:18:00,-0.3346316978746131
2019-08-28 14:21:00,-0.39294811079560077
2019-08-28 14:24:00,-0.38234989836900013
2019-08-28 14:27:00,-0.4497583697963705
2019-08-28 14:30:00,-0.46267080149181083
2019-08-28 14:33:00,-0.4327075546375454
2019-08-28 14:36:00,-0.4695448485745146
2019-08-28 14:39:00,-0.46539002127917684
2019-08-28 14:42:00,-0.4307464680847488
2019-08-28 14:45:00,-0.40439507545812603
2019-08-28 14:48:00,-0.3948730201545345
2019-08-28 14:51:00,-0.32221872688421627
2019-08-28 14:54:00,-0.39594023988757954
2019-08-28 14:57:00,-0.47441837029055023
2019-08-28 15:00:00,-0.4317566633218348
2019-08-28 15:03:00,-0.32337866655632297
2019-08-28 15:06:00,-0.3834341804881092
2019-08-28 15:09:00,-0.4347990976794449
2019-08-28 15:12:00,-0.5107980048503578
2019-08-28 15:15:00,-0.42411081315242427
2019-08-28 15:18:00,-0.4829896324802121
2019-08-28 15:21:00,-0.44038345018952896
2019-08-28 15:24:00,-0.4225078767843229
2019-08-28 15:27:00,-0.38550947037089145
2019-08-28 15:30:00,-0.39991956837593534
2019-08-28 15:33:00,-0.4870721467733574
2019-08-28 15:36:00,-0.4665361501009784
2019-08-28 15:39:00,-0.4420553101278415
2019-08-28 15:42:00,-0.4499389446713735
2019-08-28 15:45:00,-0.43999394043447637
2019-08-28 15:48:00,-0.5451129564645498
2019-08-28 15:51:00,-0.34404768931017315
2019-08-28 15:54:00,-0.46281711885433197
2019-08-28 15:57:00,-0.40358553655551077
2019-08-28 16:00:00,-0.5230610057656122
2019-08-28 16:03:00,-0.4428965009035437
2019-08-28 16:06:00,-0.38856146065722896
2019-08-28 16:09:00,-0.3832539180073127
2019-08-28 16:12:00,-0.4919633304514264
2019-08-28 16:15:00,-0.4624248678041454
2019-08-28 16:18:00,-0.47595201627223105
2019-08-28 16:21:00,-0.5012274525672638
2019-08-28 16:24:00,-0.42992755038415
2019-08-28 16:27:00,-0.47373847176265826
2019-08-28 16:30:00,-0.453621157922214
2019-08-28 16:33:00,-0.4159560210628115
2019-08-28 16:36:00,-0.5145322717866065
2019-08-28 16:39:00,-0.500714886693288
2019-08-28 16:42:00,-0.3660557167983711
2019-08-28 16:45:00,-0.5243813783716291
2019-08-28 16:48:00,-0.5377162519894227
2019-08-28 16:51:00,-0.39401369518799356
2019-08-28 16:54:00,-0.45142281425881947
2019-08-28 16:57:00,-0.5651342589013097
2019-08-28 17:00:00,-0.4692413663048569
2019-08-28 17:03:00,-0.5221408437207629
2019-08-28 17:06:00,-0.4776244753247738
2019-08-28 17:09:00,-0.47605326059681374
2019-08-28 17:12:00,-0.5041378371835776
2019-08-28 17:15:00,-0.5647447502221326
2019-08-28 17:18:00,-0.580676828054095
2019-08-28 17:21:00,-0.4539289165014111
2019-08-28 17:24:00,-0.434460331877915
2019-08-28 17:27:00,-0.5057280427643605
2019-08-28 17:30:00,-0.554597439289239
2019-08-28 17:33:00,-0.5109218487705789
2019-08-28 17:36:00,-0.42307955646771234
2019-08-28 17:39:00,-0.3905328059682347
2019-08-28 17:42:00,-0.45668041389927794
2019-08-28 17:45:00,-0.4131054860083623
2019-08-28 17:48:00,-0.5042511143099659
2019-08-28 17:51:00,-0.3957002211784584
2019-08-28 17:54:00,-0.5637280523228014
2019-08-28 17:57:00,-0.4214134466744781
2019-08-28 18:00:00,-0.5465330285467189
2019-08-28 18:03:00,-0.46396130312018613
2019-08-28 18:06:00,-0.3568280224797604
2019-08-28 18:09:00,-0.5252928563339765
2019-08-28 18:12:00,-0.44892203671867037
2019-08-28 18:15:00,-0.47246196082153347
2019-08-28 18:18:00,-0.4786975057203904
2019-08-28 18:21:00,-0.32803314189897037
2019-08-28 18:24:00,-0.39337050192801826
2019-08-28 18:27:00,-0.29998199580364826
2019-08-28 18:30:00,-0.44314541334983915
2019-08-28 18:33:00,-0.2689711664602328
2019-08-28 18:36:00,-0.2077399596065561
2019-08-28 18:39:00,-0.306467006725029
2019-08-28 18:42:00,-0.31227688841988765
2019-08-28 18:45:00,-0.19579550584728622
2019-08-28 18:48:00,-0.24957214134173
2019-08-28 18:51:00,-0.2645683634128204
2019-08-28 18:54:00,-0.1970514425324268
2019-08-28 18:57:00,-0.19475191963590532
2019-08-28 19:00:00,-0.23076464995062906
2019-08-28 19:03:00,-0.23872361422860422
2019-08-28 19:06:00,-0.2077824056145232
2019-08-28 19:09:00,-0.17865729327593272
2019-08-28 19:12:00,-0.15213280214663882
2019-08-28 19:15:00,-0.21251115234582585
2019-08-28 19:18:00,-0.21033471476721388
2019-08-28 19:21:00,-0.19740548407270353
2019-08-28 19:24:00,-0.2739047704938571
2019-08-28 19:27:00,-0.09038032407352148
2019-08-28 19:30:00,-0.18557801973901178
2019-08-28 19:33:00,-0.1405956421431256
2019-08-28 19:36:00,-0.2085178118449562
2019-08-28 19:39:00,-0.15238989742982767
2019-08-28 19:42:00,-0.20528795672788647
2019-08-28 19:45:00,-0.1780886365863239
2019-08-28 19:48:00,0.07392515033325253
2019-08-28 19:51:00,-0.10279832419251989
2019-08-28 19:54:00,-0.11601712845867951
2019-08-28 19:57:00,-0.1907134339875256
2019-08-28 20:00:00,-0.15354939149426627
2019-08-28 20:03:00,-0.21295339484720444
2019-08-28 20:06:00,-0.10349911120084698
2019-08-28 20:09:00,-0.15686398133357216
2019-08-28 20:12:00,-0.06741241386407637
2019-08-28 20:15:00,-0.19109502187291127
2019-08-28 20:18:00,-0.13984499605703604
2019-08-28 20:21:00,-0.09347455087623757
2019-08-28 20:24:00,-0.1090969197874756
2019-08-28 20:27:00,-0.15918761909779278
2019-08-28 20:30:00,-0.02324104687244244
2019-08-28 20:33:00,-0.1289722509279727
2019-08-28 20:36:00,-0.11503922524582322
2019-08-28 20:39:00,-0.13544174335066828
2019-08-28 20:42:00,-0.16685859651886403
2019-08-28 20:45:00,-0.16022207247851838
2019-08-28 20:48:00,-0.1181303023295186
2019-08-28 20:51:00,-0.18511647174881318
2019-08-28 20:54:00,-0.178613600052131
2019-08-28 20:57:00,-0.17981678621566743
2019-08-28 21:00:00,-0.08750277914708704
2019-08-28 21:03:00,-0.14250011827857634
2019-08-28 21:06:00,-0.2117990029022394
2019-08-28 21:09:00,-0.10051090345120883
2019-08-28 21:12:00,-0.11637264286576965
2019-08-28 21:15:00,-0.1523903969081175
2019-08-28 21:18:00,-0.12404145900183039
2019-08-28 21:21:00,-0.08980417698137444
2019-08-28 21:24:00,-0.03571937611212661
2019-08-28 21:27:00,-0.015443461918721368
2019-08-28 21:30:00,0.01281858061162211
2019-08-28 21:33:00,-0.09937774954147471
2019-08-28 21:36:00,-0.1341904752599703
2019-08-28 21:39:00,0.06857659008812789
2019-08-28 21:42:00,-0.11977215744002478
2019-08-28 21:45:00,-0.03394211178385831
2019-08-28 21:48:00,0.032722234507104986
2019-08-28 21:51:00,-0.11377559768050105
2019-08-28 21:54:00,-0.05193094756151595
2019-08-28 21:57:00,0.037956649413501964
2019-08-28 22:00:00,-0.08351062584796409
2019-08-28 22:03:00,0.031961262949494085
2019-08-28 22:06:00,-0.1022120303898646
2019-08-28 22:09:00,-0.13792758535481653
2019-08-28 22:12:00,-0.04387708821678871
2019-08-28 22:15:00,-0.0061048554630929175
2019-08-28 22:18:00,0.007896671748596873
2019-08-28 22:21:00,0.02475654098822133
2019-08-28 22:24:00,0.08190157126392705
2019-08-28 22:27:00,-0.018826239459826866
2019-08-28 22:30:00,0.06124040845736545
2019-08-28 22:33:00,0.16513376453673345
2019-08-28 22:36:00,0.056274313004053056
2019-08-28 22:39:00,-0.01913467309054795
2019-08-28 22:42:00,0.010825921760499568
2019-08-28 22:45:00,0.15195353860036676
2019-08-28 22:48:00,0.10826236755394802
2019-08-28 22:51:00,0.09439865930653468
2019-08-28 22:54:00,0.1321890497758318
2019-08-28 22:57:00,0.11236128044703264
2019-08-28 23:00:00,0.11805665197880444
2019-08-28 23:03:00,0.09695715467705668
2019-08-28 23:06:00,0.13487721673982378
2019-08-28 23:09:00,0.20856392245792676
2019-08-28 23:12:00,0.11542407149164546
2019-08-28 23:15:00,0.1922712767188841
2019-08-28 23:18:00,0.0683437671478373
2019-08-28 23:21:00,0.14751235610424374
2019-08-28 23:24:00,0.17676216635487663
2019-08-28 23:27:00,0.09638202138916085
2019-08-28 23:30:00,0.19681236646346179
2019-08-28 23:33:00,0.12370641662943171
2019-08-28 23:36:00,0.2556975049901098
2019-08-28 23:39:00,0.1349645258960095
2019-08-28 23:42:00,0.12979875544374408
2019-08-28 23:45:00,0.15818030746822842
2019-08-28 23:48:00,0.14807253679032328
2019-08-28 23:51:00,0.17094592252141183
2019-08-28 23:54:00,0.13985870942639167
2019-08-28 23:57:00,0.12000971023371676
2019-08-29 00:00:00,0.19125493996938303
2019-08-29 00:03:00,0.1376487141729399
2019-08-29 00:06:00,0.10237593093864916
2019-08-29 00:09:00,0.1431045865347187
2019-08-29 00:12:00,0.07154127603115512
2019-08-29 00:15:00,0.16607933458442403
2019-08-29 00:18:00,0.1582174564533716
2019-08-29 00:21:00,0.13502441296321877
2019-08-29 00:24:00,0.19090638017109995
2019-08-29 00:27:00,0.16014949558621083
2019-08-29 00:30:00,0.16183581507834788
2019-08-29 00:33:00,0.2253674796972973
2019-08-29 00:36:00,0.2212879603501392
2019-08-29 00:39:00,0.22934406581754274
2019-08-29 00:42:00,0.18183319677422105
2019-08-29 00:45:00,0.28860504220489247
2019-08-29 00:48:00,0.2267888021274871
2019-08-29 00:51:00,0.24167147491186824
2019-08-29 00:54:00,0.23297541643307795
2019-08-29 00:57:00,0.30575124688283495
2019-08-29 01:00:00,0.19470080160516545
2019-08-29 01:03:00,0.25897747335113763
2019-08-29 01:06:00,0.23692091674951143
2019-08-29 01:09:00,0.18392275349850706
2019-08-29 01:12:00,0.20377516034670862
2019-08-29 01:15:00,0.24272804895110767
2019-08-29 01:18:00,0.043839068751651666
2019-08-29 01:21:00,0.15454167362196358
2019-08-29 01:24:00,0.1279893496322302
2019-08-29 01:27:00,0.2136838909719927
2019-08-29 01:30:00,0.08393131471945026
2019-08-29 01:33:00,0.2112445792786275
2019-08-29 01:36:00,0.1447228749120768
2019-08-29 01:39:00,0.18639309593555708
2019-08-29 01:42:00,0.212450341207159
2019-08-29 01:45:00,0.14317067129314864
2019-08-29 01:48:00,0.22046798267086842
2019-08-29 01:51:00,0.18207665316390376
2019-08-29 01:54:00,0.23005820758487516
2019-08-29 01:57:00,0.2711111949630549
2019-08-29 02:00:00,0.1797908196402318
2019-08-29 02:03:00,0.34273596338124435
2019-08-29 02:06:00,0.24255269838442928
2019-08-29 02:09:00,0.2765674526026487
2019-08-29 02:12:00,0.21260581004531787
2019-08-29 02:15:00,0.2602940250760639
2019-08-29 02:18:00,0.249582271825318
2019-08-29 02:21:00,0.2216274825761957
2019-08-29 02:24:00,0.3094572280985517
2019-08-29 02:27:00,0.2467646489493518
2019-08-29 02:30:00,0.13463267926294975
2019-08-29 02:33:00,0.24846708762794378
2019-08-29 02:36:00,0.20221466289586942
2019-08-29 02:39:00,0.31470773728625545
2019-08-29 02:42:00,0.20296047553188146
2019-08-29 02:45:00,0.1992910472055769
2019-08-29 02:48:00,0.2939955388534372
2019-08-29 02:51:00,0.2737760470715216
2019-08-29 02:54:00,0.2629286714563932
2019-08-29 02:57:00,0.26760073620039293
2019-08-29 03:00:00,0.34647199408732376
2019-08-29 03:03:00,0.29058670848979773
2019-08-29 03:06:00,0.3189211658055342
2019-08-29 03:09:00,0.24332014559763593
2019-08-29 03:12:00,0.316745073589459
2019-08-29 03:15:00,0.2520016276939714
2019-08-29 03:18:00,0.27270113847379207
2019-08-29 03:21:00,0.27596411508471874
2019-08-29 03:24:00,0.22599319933721063
2019-08-29 03:27:00,0.3234244273389777
2019-08-29 03:30:00,0.31525734904710134
2019-08-29 03:33:00,0.3383700255012059
2019-08-29 03:36:00,0.4039879796080754
2019-08-29 03:39:00,0.27263155571790776
2019-08-29 03:42:00,0.2449713790317105
2019-08-29 03:45:00,0.39603592368968066
2019-08-29 03:48:00,0.3608111601637347
2019-08-29 03:51:00,0.3082479182568818
2019-08-29 03:54:00,0.3638070340562649
2019-08-29 03:57:00,0.40258633455601966
2019-08-29 04:00:00,0.3406115181261953
2019-08-29 04:03:00,0.3837376512704509
2019-08-29 04:06:00,0.4225343911360824
2019-08-29 04:09:00,0.37966595524841296
2019-08-29 04:12:00,0.4090560557667118
2019-08-29 04:15:00,0.2726433613952963
2019-08-29 04:18:00,0.25193512998794176
2019-08-29 04:21:00,0.3908256568602724
2019-08-29 04:24:00,0.4422876766034278
2019-08-29 04:27:00,0.3362524125449795
2019-08-29 04:30:00,0.36152979085005654
2019-08-29 04:33:00,0.4346857696148163
2019-08-29 04:36:00,0.3777252917847136
2019-08-29 04:39:00,0.5091829370753658
2019-08-29 04:42:00,0.4306907692528057
2019-08-29 04:45:00,0.34471207998950604
2019-08-29 04:48:00,0.3617280408676038
2019-08-29 04:51:00,0.4084436317528457
2019-08-29 04:54:00,0.3687795169718697
2019-08-29 04:57:00,0.5271642720423984
2019-08-29 05:00:00,0.4583203371698801
2019-08-29 05:03:00,0.37722744590485036
2019-08-29 05:06:00,0.4784444501116809
2019-08-29 05:09:00,0.46477404652364385
2019-08-29 05:12:00,0.4546537827771999
2019-08-29 05:15:00,0.4603981546275122
2019-08-29 05:18:00,0.4963750590951008
2019-08-29 05:21:00,0.6281087088516983
2019-08-29 05:24:00,0.5230672208982128
2019-08-29 05:27:00,0.44821348646866
2019-08-29 05:30:00,0.4430311727973617
2019-08-29 05:33:00,0.49251808025479704
2019-08-29 05:36:00,0.49850618301212535
2019-08-29 05:39:00,0.4901190797485242
2019-08-29 05:42:00,0.43584873830639026
2019-08-29 05:45:00,0.5425301581361737
2019-08-29 05:48:00,0.5915392046810553
2019-08-29 05:51:00,0.4507336587915347
2019-08-29 05:54:00,0.47506205078525454
2019-08-29 05:57:00,0.3619771876353184
2019-08-29 06:00:00,0.504362250186432
2019-08-29 06:03:00,0.49372042467388155
2019-08-29 06:06:00,0.4060557080675835
2019-08-29 06:09:00,0.5365236988306492
2019-08-29 06:12:00,0.5029610320903544
2019-08-29 06:15:00,0.6027656160844117
2019-08-29 06:18:00,0.5083896430032837
2019-08-29 06:21:00,0.5118884135713415
2019-08-29 06:24:00,0.42935089633675716
2019-08-29 06:27:00,0.5198339980211131
2019-08-29 06:30:00,0.4512530789157836
2019-08-29 06:33:00,0.5466928047721353
2019-08-29 06:36:00,0.5665700275656604
2019-08-29 06:39:00,0.4467216153548179
2019-08-29 06:42:00,0.49324811054265183
2019-08-29 06:45:00,0.45580821673291894
2019-08-29 06:48:00,0.5089689056175644
2019-08-29 06:51:00,0.3914369421724473
2019-08-29 06:54:00,0.5123630200616844
2019-08-29 06:57:00,0.42596534136418995
2019-08-29 07:00:00,0.4318932719212967
2019-08-29 07:03:00,0.4838762279305229
2019-08-29 07:06:00,0.5027408286758259
2019-08-29 07:09:00,0.4351638458895195
2019-08-29 07:12:00,0.399244784570044
2019-08-29 07:15:00,0.4616131847747056
2019-08-29 07:18:00,0.49136633489410997
2019-08-29 07:21:00,0.393923617614405
2019-08-29 07:24:00,0.4402092917888467
2019-08-29 07:27:00,0.3515667497755999
2019-08-29 07:30:00,0.47551136549611783
2019-08-29 07:33:00,0.3856273120335345
2019-08-29 07:36:00,0.36839862327423134
2019-08-29 07:39:00,0.3445894455887242
2019-08-29 07:42:00,0.36209562207778845
2019-08-29 07:45:00,0.43856779481257036
2019-08-29 07:48:00,0.2710191126535051
2019-08-29 07:51:00,0.20794926488940746
2019-08-29 07:54:00,0.2607310591591272
2019-08-29 07:57:00,0.3499554948149921
2019-08-29 08:00:00,0.22184391605100018
2019-08-29 08:03:00,0.27590326544395793
2019-08-29 08:06:00,0.24650538998406546
2019-08-29 08:09:00,0.229264785324915
2019-08-29 08:12:00,0.1492789114024049
2019-08-29 08:15:00,0.22111955832150443
2019-08-29 08:18:00,0.33352289830367
2019-08-29 08:21:00,0.275096392736657
2019-08-29 08:24:00,0.10722231913348423
2019-08-29 08:27:00,0.13076432272060856
2019-08-29 08:30:00,0.11272193447712198
2019-08-29 08:33:00,-0.004185870853461893
2019-08-29 08:36:00,0.030284597945694713
2019-08-29 08:39:00,0.05112653976851789
2019-08-29 08:42:00,-0.09309793612919748
2019-08-29 08:45:00,-0.029670121862352516
2019-08-29 08:48:00,0.02586060023418213
2019-08-29 08:51:00,-0.15360811535384755
2019-08-29 08:54:00,-0.2782735195638111
2019-08-29 08:57:00,-0.3134314583546711
2019-08-29 09:00:00,-0.16094350632033638
2019-08-29 09:03:00,-0.2441372188093851
2019-08-29 09:06:00,-0.2557544490642272
2019-08-29 09:09:00,-0.2642827258510465
2019-08-29 09:12:00,-0.24800741784798674
2019-08-29 09:15:00,-0.30112334588727663
2019-08-29 09:18:00,-0.31498415336244534
2019-08-29 09:21:00,-0.21446927219409417
2019-08-29 09:24:00,-0.3492797274739132
2019-08-29 09:27:00,-0.3201737644095033
2019-08-29 09:30:00,-0.302407473949188
2019-08-29 09:33:00,-0.33294578995219126
2019-08-29 09:36:00,-0.3353362219361884
2019-08-29 09:39:00,-0.33163356952894674
2019-08-29 09:42:00,-0.2522026844532661
2019-08-29 09:45:00,-0.46005011471550006
2019-08-29 09:48:00,-0.3414989865677853
2019-08-29 09:51:00,-0.4932906575994025
2019-08-29 09:54:00,-0.5573650306217814
2019-08-29 09:57:00,-0.3263005188334205
2019-08-29 10:00:00,-0.32138466682908984
2019-08-29 10:03:00,-0.38119911814652596
2019-08-29 10:06:00,-0.3639631321682941
2019-08-29 10:09:00,-0.3961457414415577
2019-08-29 10:12:00,-0.3455776338485066
2019-08-29 10:15:00,-0.5002656614501007
2019-08-29 10:18:00,-0.5306475761171328
2019-08-29 10:21:00,-0.4956443407177744
2019-08-29 10:24:00,-0.4784680195270994
2019-08-29 10:27:00,-0.5806818926902793
2019-08-29 10:30:00,-0.581642069713439
2019-08-29 10:33:00,-0.5616267551762348
2019-08-29 10:36:00,-0.5126366173376482
2019-08-29 10:39:00,-0.6059846775463029
2019-08-29 10:42:00,-0.5840427380983897
2019-08-29 10:45:00,-0.6335240470854728
2019-08-29 10:48:00,-0.7210888773243482
2019-08-29 10:51:00,-0.6019832040948359
2019-08-29 10:54:00,-0.6979659814712704
2019-08-29 10:57:00,-0.6307943810534198
2019-08-29 11:00:00,-0.5685842904519518
2019-08-29 11:03:00,-0.5212641918499799
2019-08-29 11:06:00,-0.4676179472400577
2019-08-29 11:09:00,-0.5025683458267167
2019-08-29 11:12:00,-0.4001291692237601
2019-08-29 11:15:00,-0.48393879766081227
2019-08-29 11:18:00,-0.5060704972727308
2019-08-29 11:21:00,-0.47361371779419414
2019-08-29 11:24:00,-0.5099241809924138
2019-08-29 11:27:00,-0.5638559626202095
2019-08-29 11:30:00,-0.4911389256341181
2019-08-29 11:33:00,-0.5434207997022895
2019-08-29 11:36:00,-0.47722463157640505
2019-08-29 11:39:00,-0.5902538572042886
2019-08-29 11:42:00,-0.5747473461089498
2019-08-29 11:45:00,-0.4840695898680565
2019-08-29 11:48:00,-0.546796528326638
2019-08-29 11:51:00,-0.6257915137207419
2019-08-29 11:54:00,-0.5289735556926303
2019-08-29 11:57:00,-0.5078106566865017
2019-08-29 12:00:00,-0.5647107279740453
2019-08-29 12:03:00,-0.5516820417063286
2019-08-29 12:06:00,-0.5438980317571236
2019-08-29 12:09:00,-0.5425012167239629
2019-08-29 12:12:00,-0.5372820713161559
2019-08-29 12:15:00,-0.43358780567450594
2019-08-29 12:18:00,-0.5283585729551987
2019-08-29 12:21:00,-0.5323859635262238
2019-08-29 12:24:00,-0.5060443719455066
2019-08-29 12:27:00,-0.5767618588589016
2019-08-29 12:30:00,-0.5622076721081726
2019-08-29 12:33:00,-0.5061587416843736
2019-08-29 12:36:00,-0.5438033833190161
2019-08-29 12:39:00,-0.43844077941128035
2019-08-29 12:42:00,-0.5700271408611002
2019-08-29 12:45:00,-0.5079795426194664
2019-08-29 12:48:00,-0.5158025893159106
2019-08-29 12:51:00,-0.46284348456464386
2019-08-29 12:54:00,-0.5332653897972932
2019-08-29 12:57:00,-0.5815615778080883
2019-08-29 13:00:00,-0.5760649252893018
2019-08-29 13:03:00,-0.47906109310497413
2019-08-29 13:06:00,-0.5939969751296985
2019-08-29 13:09:00,-0.6007461482942063
2019-08-29 13:12:00,-0.6737047856775007
2019-08-29 13:15:00,-0.5445493825840231
2019-08-29 13:18:00,-0.5022827330175801
2019-08-29 13:21:00,-0.5009072717399476
2019-08-29 13:24:00,-0.5335473454355224
2019-08-29 13:27:00,-0.6026158129830037
2019-08-29 13:30:00,
2019-08-29 13:33:00,
2019-08-29 13:36:00,
2019-08-29 13:39:00,
2019-08-29 13:42:00,-0.48136997285774896
2019-08-29 13:45:00,-0.5500900926418808
2019-08-29 13:48:00,-0.545899887152359
2019-08-29 13:51:00,-0.5484865543826913
2019-08-29 13:54:00,-0.5964624070559239
2019-08-29 13:57:00,-0.4803270204519663
2019-08-29 14:00:00,-0.5452487449039154
2019-08-29 14:03:00,-0.48817315019380203
2019-08-29 14:06:00,-0.5677623479492695
2019-08-29 14:09:00,-0.5824720087199466
2019-08-29 14:12:00,-0.6052665142638602
2019-08-29 14:15:00,-0.5392068882743501
2019-08-29 14:18:00,-0.557895504139367
2019-08-29 14:21:00,-0.5389643917551439
2019-08-29 14:24:00,-0.5833413113311963
2019-08-29 14:27:00,-0.5728540841746508
2019-08-29 14:30:00,-0.5727692171833496
2019-08-29 14:33:00,-0.5824627039706911
2019-08-29 14:36:00,-0.5099297373043896
2019-08-29 14:39:00,-0.5569344361402386
2019-08-29 14:42:00,-0.5580753002486176
2019-08-29 14:45:00,-0.6000862534750127
2019-08-29 14:48:00,-0.6654726865427278
2019-08-29 14:51:00,-0.5871624604622525
2019-08-29 14:54:00,-0.6066095834484599
2019-08-29 14:57:00,-0.5677225125484711
2019-08-29 15:00:00,-0.6110965702701492
2019-08-29 15:03:00,-0.5889124654304965
2019-08-29 15:06:00,-0.5927413827459418
2019-08-29 15:09:00,-0.582571656986886
2019-08-29 15:12:00,-0.47498451589319757
2019-08-29 15:15:00,-0.47278494065386667
2019-08-29 15:18:00,-0.6456067979808608
2019-08-29 15:21:00,-0.48802275690673014
2019-08-29 15:24:00,-0.5657824742439175
2019-08-29 15:27:00,-0.5869985765716592
2019-08-29 15:30:00,-0.4803349700498529
2019-08-29 15:33:00,-0.579208429616358
2019-08-29 15:36:00,-0.6633844777639979
2019-08-29 15:39:00,-0.6205862546970593
2019-08-29 15:42:00,-0.5461594454172882
2019-08-29 15:45:00,-0.5297598238973364
2019-08-29 15:48:00,-0.522928423911992
2019-08-29 15:51:00,-0.6411935688485642
2019-08-29 15:54:00,-0.6319495906349175
2019-08-29 15:57:00,-0.5515328724234223
2019-08-29 16:00:00,-0.5864024003624877
2019-08-29 16:03:00,-0.5445766512267483
2019-08-29 16:06:00,-0.5181154574351012
2019-08-29 16:09:00,-0.6517862528716023
2019-08-29 16:12:00,-0.5997359899614594
2019-08-29 16:15:00,-0.5996245070817281
2019-08-29 16:18:00,-0.6498319343629078
2019-08-29 16:21:00,-0.5551087832031385
2019-08-29 16:24:00,-0.5837233944138234
2019-08-29 16:27:00,-0.5928102410008478
2019-08-29 16:30:00,-0.5547165302313601
2019-08-29 16:33:00,-0.5550768757433389
2019-08-29 16:36:00,-0.4888055240687663
2019-08-29 16:39:00,-0.5741277804553988
2019-08-29 16:42:00,-0.6209054703010111
2019-08-29 16:45:00,-0.5394988530659361
2019-08-29 16:48:00,-0.5342921668241161
2019-08-29 16:51:00,-0.5269201105660386
2019-08-29 16:54:00,-0.5625726857902009
2019-08-29 16:57:00,-0.6176285435192881
2019-08-29 17:00:00,-0.5510051065846824
2019-08-29 17:03:00,-0.49182885203015303
2019-08-29 17:06:00,-0.5164240226391144
2019-08-29 17:09:00,-0.4910786717837823
2019-08-29 17:12:00,-0.5052169115360243
2019-08-29 17:15:00,-0.5733165072696238
2019-08-29 17:18:00,-0.5946392619652556
2019-08-29 17:21:00,-0.49896241834716193
2019-08-29 17:24:00,-0.5877164524712271
2019-08-29 17:27:00,-0.5205259430659339
2019-08-29 17:30:00,-0.4807784835721236
2019-08-29 17:33:00,-0.528310475225453
2019-08-29 17:36:00,-0.47789323292295194
2019-08-29 17:39:00,-0.5266396497398773
2019-08-29 17:42:00,-0.5212164071493248
2019-08-29 17:45:00,-0.5710671801685976
2019-08-29 17:48:00,-0.5148621721400559
2019-08-29 17:51:00,-0.4756665382828942
2019-08-29 17:54:00,-0.4264892207189064
2019-08-29 17:57:00,-0.4049728129287473
2019-08-29 18:00:00,-0.46385191803733505
2019-08-29 18:03:00,-0.5925647392267024
2019-08-29 18:06:00,-0.6200535878292044
2019-08-29 18:09:00,-0.3915094272902593
2019-08-29 18:12:00,-0.5354312338871523
2019-08-29 18:15:00,-0.5245276155864644
2019-08-29 18:18:00,-0.43111024681525123
2019-08-29 18:21:00,-0.4974407776967382
2019-08-29 18:24:00,-0.5045174764615581
2019-08-29 18:27:00,-0.3702597728495789
2019-08-29 18:30:00,-0.42793184994070543
2019-08-29 18:33:00,-0.3996949992614418
2019-08-29 18:36:00,-0.4511435575111591
2019-08-29 18:39:00,-0.41760970682042853
2019-08-29 18:42:00,-0.3946979470287033
2019-08-29 18:45:00,-0.22383205499221503
2019-08-29 18:48:00,-0.36989964941881226
2019-08-29 18:51:00,-0.41711509915046463
2019-08-29 18:54:00,
2019-08-29 18:57:00,
2019-08-29 19:00:00,
2019-08-29 19:03:00,-0.2608237781529965
2019-08-29 19:06:00,-0.2909112827375111
2019-08-29 19:09:00,-0.27053559727744414
2019-08-29 19:12:00,-0.31810295262908994
2019-08-29 19:15:00,-0.41076414166207087
2019-08-29 19:18:00,-0.3956847736609461
2019-08-29 19:21:00,-0.3918572943502454
2019-08-29 19:24:00,-0.35964403926226396
2019-08-29 19:27:00,-0.38083202566963337
2019-08-29 19:30:00,-0.2985685455276439
2019-08-29 19:33:00,-0.3668342655639094
2019-08-29 19:36:00,-0.27642544618544207
2019-08-29 19:39:00,-0.4107129963419993
2019-08-29 19:42:00,-0.31398513695478414
2019-08-29 19:45:00,-0.2887475271845119
2019-08-29 19:48:00,-0.27758365577466293
2019-08-29 19:51:00,-0.3573497635824765
2019-08-29 19:54:00,-0.189068758631322
2019-08-29 19:57:00,-0.1734061901151449
2019-08-29 20:00:00,-0.20328135632991007
2019-08-29 20:03:00,-0.24809206981302623
2019-08-29 20:06:00,-0.1256772951876428
2019-08-29 20:09:00,-0.22583052896737854
2019-08-29 20:12:00,-0.15054493485092735
2019-08-29 20:15:00,-0.11953721937425144
2019-08-29 20:18:00,-0.19302859640987435
2019-08-29 20:21:00,-0.15551509353082338
2019-08-29 20:24:00,-0.15461416736008005
2019-08-29 20:27:00,-0.19519537446211643
2019-08-29 20:30:00,-0.23677655817442655
2019-08-29 20:33:00,-0.2058425034072684
2019-08-29 20:36:00,-0.2303275224365393
2019-08-29 20:39:00,-0.219363332285468
2019-08-29 20:42:00,-0.13764370888043231
2019-08-29 20:45:00,-0.26417457094237307
2019-08-29 20:48:00,-0.20694332354190692
2019-08-29 20:51:00,-0.09979708482603655
2019-08-29 20:54:00,-0.17168332422903632
2019-08-29 20:57:00,-0.2726692300479385
2019-08-29 21:00:00,-0.20380043146161597
2019-08-29 21:03:00,-0.23364348820439318
2019-08-29 21:06:00,-0.1673206781823069
2019-08-29 21:09:00,-0.1295254115649982
2019-08-29 21:12:00,-0.16657170134999433
2019-08-29 21:15:00,-0.21486344718726968
2019-08-29 21:18:00,-0.22125134492091547
2019-08-29 21:21:00,-0.12168765514434199
2019-08-29 21:24:00,-0.18193621868198306
2019-08-29 21:27:00,-0.23873888505369223
2019-08-29 21:30:00,-0.14431691959299542
2019-08-29 21:33:00,-0.2437856255691031
2019-08-29 21:36:00,-0.24334695065687129
2019-08-29 21:39:00,-0.152772817951643
2019-08-29 21:42:00,-0.16391951026685092
2019-08-29 21:45:00,-0.3179372156149043
2019-08-29 21:48:00,-0.25081781865401354
2019-08-29 21:51:00,-0.1489923074651074
2019-08-29 21:54:00,-0.2251066418897949
2019-08-29 21:57:00,-0.11554206053585858
2019-08-29 22:00:00,-0.1778394885840271
2019-08-29 22:03:00,-0.10862311538062386
2019-08-29 22:06:00,-0.10441884382379385
2019-08-29 22:09:00,-0.05119404478091383
2019-08-29 22:12:00,-0.21105214957111684
2019-08-29 22:15:00,-0.05868368137589641
2019-08-29 22:18:00,-0.12730732520634547
2019-08-29 22:21:00,-0.035139934767926206
2019-08-29 22:24:00,-0.08500268838929514
2019-08-29 22:27:00,-0.16569923045784662
2019-08-29 22:30:00,-0.1010658581418511
2019-08-29 22:33:00,-0.16906674454935455
2019-08-29 22:36:00,-0.16055340505215554
2019-08-29 22:39:00,-0.059118975605940705
2019-08-29 22:42:00,-0.12354071216896045
2019-08-29 22:45:00,-0.06976538846964786
2019-08-29 22:48:00,-0.07686236468379093
2019-08-29 22:51:00,-0.1071582333755714
2019-08-29 22:54:00,-0.06393359123438813
2019-08-29 22:57:00,-0.07411637394028503
2019-08-29 23:00:00,-0.10559086820381935
2019-08-29 23:03:00,-0.07484964368126157
2019-08-29 23:06:00,-0.07394241746385433
2019-08-29 23:09:00,-0.1983613046411392
2019-08-29 23:12:00,-0.13251728989558842
2019-08-29 23:15:00,-0.10237074266149193
2019-08-29 23:18:00,-0.2045545894843599
2019-08-29 23:21:00,-0.18068740999115107
2019-08-29 23:24:00,-0.17479529094828195
2019-08-29 23:27:00,-0.039623962699295134
2019-08-29 23:30:00,-0.06319551215773345
2019-08-29 23:33:00,-0.036610450226532976
2019-08-29 23:36:00,-0.2169161737405716
2019-08-29 23:39:00,-0.14245067579776105
2019-08-29 23:42:00,-0.15566005349779743
2019-08-29 23:45:00,-0.1390332784860675
2019-08-29 23:48:00,0.00026699012732933625
2019-08-29 23:51:00,-0.21502292753308438
2019-08-29 23:54:00,-0.07753944965486426
2019-08-29 23:57:00,-0.08751927926482495
2019-08-30 00:00:00,-0.0845240435438086
2019-08-30 00:03:00,-0.10705873526893583
2019-08-30 00:06:00,-0.13515854872508726
2019-08-30 00:09:00,-0.1171391871872629
2019-08-30 00:12:00,-0.05027525149785106
2019-08-30 00:15:00,-0.1273586161116782
2019-08-30 00:18:00,-0.05128207562592024
2019-08-30 00:21:00,-0.1313965285897325
2019-08-30 00:24:00,-0.08842154701295613
2019-08-30 00:27:00,-0.048399614423942694
2019-08-30 00:30:00,0.0715767404133203
2019-08-30 00:33:00,0.012402907787134154
2019-08-30 00:36:00,-0.021404601475580876
2019-08-30 00:39:00,-0.0179275280179354
2019-08-30 00:42:00,-0.007830426342820829
2019-08-30 00:45:00,-0.028330001776964764
2019-08-30 00:48:00,-0.029893202292043952
2019-08-30 00:51:00,-0.029103614019675206
2019-08-30 00:54:00,-0.03888532039997017
2019-08-30 00:57:00,-0.03878940514186979
2019-08-30 01:00:00,-0.10280423236770275
2019-08-30 01:03:00,-0.038157909899609876
2019-08-30 01:06:00,0.024972667500946955
2019-08-30 01:09:00,-0.032437204529117025
2019-08-30 01:12:00,0.013822142317906128
2019-08-30 01:15:00,-0.09647506263121386
2019-08-30 01:18:00,-0.05103264365840232
2019-08-30 01:21:00,-0.03569808863852586
2019-08-30 01:24:00,-0.002039046497543495
2019-08-30 01:27:00,0.023328903053766226
2019-08-30 01:30:00,0.039322356470790965
2019-08-30 01:33:00,0.016659407036854645
2019-08-30 01:36:00,0.02575589704002823
2019-08-30 01:39:00,-0.02497195643542227
2019-08-30 01:42:00,-0.048801481181669715
2019-08-30 01:45:00,0.021861114306204854
2019-08-30 01:48:00,-0.004510953147985219
2019-08-30 01:51:00,0.022358321723345398
2019-08-30 01:54:00,0.05152580753474467
2019-08-30 01:57:00,-0.01401771938873253
2019-08-30 02:00:00,-0.018359018909848146
2019-08-30 02:03:00,0.10637062364565963
2019-08-30 02:06:00,0.05123885703790165
2019-08-30 02:09:00,0.112926075991993
2019-08-30 02:12:00,0.146066642062749
2019-08-30 02:15:00,0.20542756440283938
2019-08-30 02:18:00,0.312370023736662
2019-08-30 02:21:00,0.31932463338978323
2019-08-30 02:24:00,0.32925098147518383
2019-08-30 02:27:00,0.16640596944745312
2019-08-30 02:30:00,0.08128882052000108
2019-08-30 02:33:00,0.026826293285239444
2019-08-30 02:36:00,0.06246657391932331
2019-08-30 02:39:00,-0.009583407145953515
2019-08-30 02:42:00,0.09982914315497737
2019-08-30 02:45:00,0.08623113689947104
2019-08-30 02:48:00,0.11719616307459546
2019-08-30 02:51:00,0.06349870231906607
2019-08-30 02:54:00,0.07041740326485524
2019-08-30 02:57:00,0.03715137376343591
2019-08-30 03:00:00,0.06443673659111937
2019-08-30 03:03:00,0.032066590547231044
2019-08-30 03:06:00,0.15066784054045002
2019-08-30 03:09:00,0.06558357391719483
2019-08-30 03:12:00,0.1116285848689813
2019-08-30 03:15:00,0.03157649902124149
2019-08-30 03:18:00,-0.007970920759532873
2019-08-30 03:21:00,-0.06919612169434686
2019-08-30 03:24:00,0.08439510651362525
2019-08-30 03:27:00,0.011493536553587091
2019-08-30 03:30:00,0.03515820337133846
2019-08-30 03:33:00,0.1389430164089731
2019-08-30 03:36:00,0.04723349902110385
2019-08-30 03:39:00,0.10653118806010298
2019-08-30 03:42:00,0.09379525529033117
2019-08-30 03:45:00,0.002121218764727928
2019-08-30 03:48:00,0.08858435087682892
2019-08-30 03:51:00,0.07920371729187536
2019-08-30 03:54:00,0.12946406739445138
2019-08-30 03:57:00,0.14094344803788772
2019-08-30 04:00:00,0.09105301666039622
2019-08-30 04:03:00,0.14564192789151775
2019-08-30 04:06:00,0.09129484695199608
2019-08-30 04:09:00,0.17625101897334616
2019-08-30 04:12:00,0.24759611584431696
2019-08-30 04:15:00,0.18491414732460498
2019-08-30 04:18:00,0.1367370489317068
2019-08-30 04:21:00,0.16811452627035806
2019-08-30 04:24:00,0.09199269834880397
2019-08-30 04:27:00,0.13300386707282996
2019-08-30 04:30:00,0.24902536695248045
2019-08-30 04:33:00,0.330694044789027
2019-08-30 04:36:00,0.14943874120064038
2019-08-30 04:39:00,0.14382433313863885
2019-08-30 04:42:00,0.08055877315990756
2019-08-30 04:45:00,0.13481009836186786
2019-08-30 04:48:00,0.2487664578416684
2019-08-30 04:51:00,0.10595217800573664
2019-08-30 04:54:00,0.11546257795345127
2019-08-30 04:57:00,0.23499305532294557
2019-08-30 05:00:00,0.19452686155756282
2019-08-30 05:03:00,0.10553250951846849
2019-08-30 05:06:00,0.23429574795568442
2019-08-30 05:09:00,0.10718391803260374
2019-08-30 05:12:00,0.20882987822477617
2019-08-30 05:15:00,0.17389262741681932
2019-08-30 05:18:00,0.1788737016225923
2019-08-30 05:21:00,0.047650450186040416
2019-08-30 05:24:00,0.0935747833697178
2019-08-30 05:27:00,0.14882872653902268
2019-08-30 05:30:00,0.19808398763228752
2019-08-30 05:33:00,0.05056850543149949
2019-08-30 05:36:00,0.22590669631421179
2019-08-30 05:39:00,0.14779473833414158
2019-08-30 05:42:00,0.0571117500917353
2019-08-30 05:45:00,0.12903493368605723
2019-08-30 05:48:00,0.1829079227613306
2019-08-30 05:51:00,0.08976090242612145
2019-08-30 05:54:00,0.08322783104819109
2019-08-30 05:57:00,0.08300115069516778
2019-08-30 06:00:00,0.14611298693660046
2019-08-30 06:03:00,0.21351554168666098
2019-08-30 06:06:00,0.16274712914002976
2019-08-30 06:09:00,0.25587762193009667
2019-08-30 06:12:00,0.1328552670019576
2019-08-30 06:15:00,0.20876650072159464
2019-08-30 06:18:00,0.2149443407081435
2019-08-30 06:21:00,0.19770475687073485
2019-08-30 06:24:00,0.15500041480203208
2019-08-30 06:27:00,0.24265711926892664
2019-08-30 06:30:00,0.19641236596601175
2019-08-30 06:33:00,0.10710070546133466
2019-08-30 06:36:00,0.1797986480459599
2019-08-30 06:39:00,0.21826123298581024
2019-08-30 06:42:00,0.1907902776742958
2019-08-30 06:45:00,0.217491492430554
2019-08-30 06:48:00,0.09770273570279642
2019-08-30 06:51:00,0.1808943003103991
2019-08-30 06:54:00,0.20935232889900135
2019-08-30 06:57:00,0.13903849947877234
2019-08-30 07:00:00,0.13802694299164386
2019-08-30 07:03:00,0.17649811841346263
2019-08-30 07:06:00,0.15985364901581534
2019-08-30 07:09:00,0.19877256905994045
2019-08-30 07:12:00,0.18174472372606942
2019-08-30 07:15:00,0.14536677637983075
2019-08-30 07:18:00,0.0661842038210807
2019-08-30 07:21:00,0.12006711174745988
2019-08-30 07:24:00,0.19673967285905292
2019-08-30 07:27:00,0.22381767510864847
2019-08-30 07:30:00,0.2378550808429054
2019-08-30 07:33:00,0.22097859578036605
2019-08-30 07:36:00,0.219951211500927
2019-08-30 07:39:00,0.17639629764272513
2019-08-30 07:42:00,0.18767164444307127
2019-08-30 07:45:00,0.20276065564968349
2019-08-30 07:48:00,0.07738416078154842
2019-08-30 07:51:00,0.12209681240591408
2019-08-30 07:54:00,0.09886112369838429
2019-08-30 07:57:00,0.14701481225614543
2019-08-30 08:00:00,0.07040066138279144
2019-08-30 08:03:00,0.21432179871237622
2019-08-30 08:06:00,0.07183479624808342
2019-08-30 08:09:00,0.07709863488969404
2019-08-30 08:12:00,0.017663460027961264
2019-08-30 08:15:00,0.0530504216772556
2019-08-30 08:18:00,-0.06319528664982954
2019-08-30 08:21:00,-0.006639669613832666
2019-08-30 08:24:00,-0.06353385497550335
2019-08-30 08:27:00,0.040937454986476496
2019-08-30 08:30:00,-0.09894158061382541
2019-08-30 08:33:00,0.010312073168620373
2019-08-30 08:36:00,-0.13239123584901336
2019-08-30 08:39:00,0.004939731138790648
2019-08-30 08:42:00,-0.09846227300465671
2019-08-30 08:45:00,-0.048615192927798034
2019-08-30 08:48:00,-0.07192469926422973
2019-08-30 08:51:00,-0.1473808593175363
2019-08-30 08:54:00,-0.06558684724632258
2019-08-30 08:57:00,-0.06378605225467027
2019-08-30 09:00:00,-0.14502909553965537
2019-08-30 09:03:00,-0.04226379658797441
2019-08-30 09:06:00,-0.1964119220608609
2019-08-30 09:09:00,-0.11927820910250375
2019-08-30 09:12:00,-0.08167542522215854
2019-08-30 09:15:00,-0.10395289676671382
2019-08-30 09:18:00,-0.11871503938607475
2019-08-30 09:21:00,-0.1238193437519044
2019-08-30 09:24:00,-0.16764263208034436
2019-08-30 09:27:00,-0.06038802682883215
2019-08-30 09:30:00,-0.21968861510794113
2019-08-30 09:33:00,-0.27993540124248284
2019-08-30 09:36:00,-0.2107624958042038
2019-08-30 09:39:00,-0.21174112336308326
2019-08-30 09:42:00,-0.12858948156053884
2019-08-30 09:45:00,-0.21777934140396837
2019-08-30 09:48:00,-0.19711071820933057
2019-08-30 09:51:00,-0.15994820822595557
2019-08-30 09:54:00,-0.18959670475067014
2019-08-30 09:57:00,-0.2049127948968703
2019-08-30 10:00:00,-0.2914714417674418
2019-08-30 10:03:00,-0.28710964768515623
2019-08-30 10:06:00,-0.16629152685749204
2019-08-30 10:09:00,-0.34141353187368395
2019-08-30 10:12:00,-0.37920345097114705
2019-08-30 10:15:00,-0.30272481828978925
2019-08-30 10:18:00,-0.24202924949889848
2019-08-30 10:21:00,-0.3716346698950588
2019-08-30 10:24:00,-0.3554825524897751
2019-08-30 10:27:00,-0.3286119288919167
2019-08-30 10:30:00,-0.3130574316116963
2019-08-30 10:33:00,-0.34840146268356875
2019-08-30 10:36:00,-0.27199474260390843
2019-08-30 10:39:00,-0.30815770763405226
2019-08-30 10:42:00,-0.3562300177549105
2019-08-30 10:45:00,-0.4174309040781168
2019-08-30 10:48:00,-0.3477009874169994
2019-08-30 10:51:00,-0.3125289066957748
2019-08-30 10:54:00,-0.3683304471666702
2019-08-30 10:57:00,-0.41941070476360665
2019-08-30 11:00:00,-0.3730926973196915
2019-08-30 11:03:00,-0.34855029165618134
2019-08-30 11:06:00,-0.4107287635112584
2019-08-30 11:09:00,-0.4167631372666847
2019-08-30 11:12:00,-0.47815849607553673
2019-08-30 11:15:00,-0.37802202116660055
2019-08-30 11:18:00,-0.42519982632052233
2019-08-30 11:21:00,-0.4720869979471445
2019-08-30 11:24:00,-0.3972291273337305
2019-08-30 11:27:00,-0.5324162527761587
2019-08-30 11:30:00,-0.504030763606238
2019-08-30 11:33:00,-0.5369145564387168
2019-08-30 11:36:00,-0.47791646784486375
2019-08-30 11:39:00,-0.4728970143829656
2019-08-30 11:42:00,-0.3910495315166713
2019-08-30 11:45:00,-0.6152730312126096
2019-08-30 11:48:00,-0.37072080313600964
2019-08-30 11:51:00,-0.46749377913238277
2019-08-30 11:54:00,-0.5743287251805782
2019-08-30 11:57:00,-0.5103845878721813
2019-08-30 12:00:00,-0.5186399030450843
2019-08-30 12:03:00,-0.5207277144557452
2019-08-30 12:06:00,-0.5449159896894002
2019-08-30 12:09:00,-0.5238295560016013
2019-08-30 12:12:00,-0.6158698974698495
2019-08-30 12:15:00,-0.4850927304188417
2019-08-30 12:18:00,-0.5212816473365365
2019-08-30 12:21:00,-0.5147682500791575
2019-08-30 12:24:00,-0.41999749776618955
2019-08-30 12:27:00,-0.5231866127559783
2019-08-30 12:30:00,-0.4770118329952311
2019-08-30 12:33:00,-0.5574700746574308
2019-08-30 12:36:00,-0.5426982936469926
2019-08-30 12:39:00,-0.4840061944312879
2019-08-30 12:42:00,-0.5184930488172768
2019-08-30 12:45:00,-0.5185302073235221
2019-08-30 12:48:00,-0.5011293529013869
2019-08-30 12:51:00,-0.5037284185413569
2019-08-30 12:54:00,-0.5189087174487099
2019-08-30 12:57:00,-0.5777996099967027
2019-08-30 13:00:00,-0.5841579362498805
2019-08-30 13:03:00,-0.5437025746650193
2019-08-30 13:06:00,-0.5058842333982057
2019-08-30 13:09:00,-0.4903176154848552
2019-08-30 13:12:00,-0.45879093173323326
2019-08-30 13:15:00,-0.5581115489333683
2019-08-30 13:18:00,-0.5560249499171164
2019-08-30 13:21:00,-0.5971839251540132
2019-08-30 13:24:00,-0.5902145321684316
2019-08-30 13:27:00,-0.4317687325894326
2019-08-30 13:30:00,-0.5418754025174621
2019-08-30 13:33:00,-0.5955268698200484
2019-08-30 13:36:00,-0.484036972284116
2019-08-30 13:39:00,-0.5272883410349891
2019-08-30 13:42:00,-0.6589719704828099
2019-08-30 13:45:00,-0.632845987417511
2019-08-30 13:48:00,-0.49381407171694036
2019-08-30 13:51:00,-0.517602009696418
2019-08-30 13:54:00,-0.5249477469840826
2019-08-30 13:57:00,-0.579487799041317
2019-08-30 14:00:00,-0.6781284568018577
2019-08-30 14:03:00,-0.664551336641523
2019-08-30 14:06:00,-0.5237138875393725
2019-08-30 14:09:00,-0.6067269519876959
2019-08-30 14:12:00,-0.5878999923548918
2019-08-30 14:15:00,-0.599252013481987
2019-08-30 14:18:00,-0.4576607513430986
2019-08-30 14:21:00,-0.6094063843494837
2019-08-30 14:24:00,-0.6290156391361847
2019-08-30 14:27:00,-0.6230669219355605
2019-08-30 14:30:00,-0.5941726474872553
2019-08-30 14:33:00,-0.598336018475436
2019-08-30 14:36:00,-0.6534285734441028
2019-08-30 14:39:00,-0.5971173785457609
2019-08-30 14:42:00,-0.6326300961141555
2019-08-30 14:45:00,-0.7175139579262577
2019-08-30 14:48:00,-0.592635819130976
2019-08-30 14:51:00,-0.6193729104230101
2019-08-30 14:54:00,-0.4689861660395991
2019-08-30 14:57:00,-0.5718846499822234
2019-08-30 15:00:00,-0.6034514377293476
2019-08-30 15:03:00,-0.5788559345061799
2019-08-30 15:06:00,-0.651359164994119
2019-08-30 15:09:00,-0.5331546402179015
2019-08-30 15:12:00,-0.5965297117891737
2019-08-30 15:15:00,-0.6084100695529173
2019-08-30 15:18:00,-0.5350925244991345
2019-08-30 15:21:00,-0.7113384396283777
2019-08-30 15:24:00,-0.41936514202723174
2019-08-30 15:27:00,-0.5516298785536264
2019-08-30 15:30:00,-0.6395340655514588
2019-08-30 15:33:00,-0.5725077805762453
2019-08-30 15:36:00,-0.4056506035329335
2019-08-30 15:39:00,-0.5501156888647074
2019-08-30 15:42:00,-0.5705244735892165
2019-08-30 15:45:00,-0.6814602546507444
2019-08-30 15:48:00,-0.6353541698902632
2019-08-30 15:51:00,-0.6239289713254266
2019-08-30 15:54:00,-0.5865720879797891
2019-08-30 15:57:00,-0.5856886447716647
2019-08-30 16:00:00,-0.6218017154017161
2019-08-30 16:03:00,-0.5452395182771852
2019-08-30 16:06:00,-0.5339425083089395
2019-08-30 16:09:00,-0.5051934022429236
2019-08-30 16:12:00,-0.5914959365098866
2019-08-30 16:15:00,-0.6033111442569066
2019-08-30 16:18:00,-0.6139963814122211
2019-08-30 16:21:00,-0.5340156956294209
2019-08-30 16:24:00,-0.5978550024622109
2019-08-30 16:27:00,-0.5829870483331092
2019-08-30 16:30:00,-0.5752697807810705
2019-08-30 16:33:00,-0.5830094043917597
2019-08-30 16:36:00,-0.6418822421694586
2019-08-30 16:39:00,-0.6103244106405441
2019-08-30 16:42:00,-0.5553866374240783
2019-08-30 16:45:00,-0.4858895238803598
2019-08-30 16:48:00,-0.658016467827963
2019-08-30 16:51:00,-0.6498617859599563
2019-08-30 16:54:00,-0.6286464675012553
2019-08-30 16:57:00,-0.6670737865579781
2019-08-30 17:00:00,-0.6390987586149208
2019-08-30 17:03:00,-0.5902621144039699
2019-08-30 17:06:00,-0.6040827173965795
2019-08-30 17:09:00,-0.5983665614816687
2019-08-30 17:12:00,-0.613629254251066
2019-08-30 17:15:00,-0.5958924751112704
2019-08-30 17:18:00,-0.6382280704724508
2019-08-30 17:21:00,-0.5746405791019242
2019-08-30 17:24:00,-0.5476656910902307
2019-08-30 17:27:00,-0.6125216048021116
2019-08-30 17:30:00,-0.6404192214981776
2019-08-30 17:33:00,-0.5031570984169207
2019-08-30 17:36:00,-0.636661335576548
2019-08-30 17:39:00,-0.5521591131234231
2019-08-30 17:42:00,-0.5961080268234582
2019-08-30 17:45:00,-0.5563293579910464
2019-08-30 17:48:00,-0.4969927037625439
2019-08-30 17:51:00,-0.5252476960877743
2019-08-30 17:54:00,-0.46535792156072375
2019-08-30 17:57:00,-0.5511694083908765
2019-08-30 18:00:00,-0.43628471583178907
2019-08-30 18:03:00,-0.4941705220662129
2019-08-30 18:06:00,-0.45308478988926026
2019-08-30 18:09:00,-0.5383054464297174
2019-08-30 18:12:00,-0.4663264842482704
2019-08-30 18:15:00,-0.5614523666611149
2019-08-30 18:18:00,-0.42231311719655196
2019-08-30 18:21:00,-0.3677567256791576
2019-08-30 18:24:00,-0.35591695124679745
2019-08-30 18:27:00,-0.36139284422597484
2019-08-30 18:30:00,-0.3773114350319702
2019-08-30 18:33:00,-0.43857680070169636
2019-08-30 18:36:00,-0.34345240182062753
2019-08-30 18:39:00,-0.3593761894078398
2019-08-30 18:42:00,-0.36984671829276294
2019-08-30 18:45:00,-0.33523746447070835
2019-08-30 18:48:00,-0.4187885326122114
2019-08-30 18:51:00,-0.22267444136372205
2019-08-30 18:54:00,
2019-08-30 18:57:00,
2019-08-30 19:00:00,
2019-08-30 19:03:00,-0.2837862756067011
2019-08-30 19:06:00,-0.2664944846996491
2019-08-30 19:09:00,-0.2958116570895868
2019-08-30 19:12:00,-0.30453818635231755
2019-08-30 19:15:00,-0.242198687786356
2019-08-30 19:18:00,-0.3409205314779342
2019-08-30 19:21:00,-0.30237971292081056
2019-08-30 19:24:00,-0.2905932098855146
2019-08-30 19:27:00,-0.2821498103502904
2019-08-30 19:30:00,-0.3070192127545397
2019-08-30 19:33:00,-0.2565329158931604
2019-08-30 19:36:00,-0.29361084238047397
2019-08-30 19:39:00,-0.11232828643551329
2019-08-30 19:42:00,-0.2088796254355998
2019-08-30 19:45:00,-0.19018338254295486
2019-08-30 19:48:00,-0.2682211594006958
2019-08-30 19:51:00,-0.31828287980755476
2019-08-30 19:54:00,-0.21597607054462742
2019-08-30 19:57:00,-0.20787770336772837
2019-08-30 20:00:00,-0.2254240604744382
2019-08-30 20:03:00,-0.3082464683265016
2019-08-30 20:06:00,-0.14560395586363484
2019-08-30 20:09:00,-0.21224750744516996
2019-08-30 20:12:00,-0.2819484902351519
2019-08-30 20:15:00,-0.3028824681932747
2019-08-30 20:18:00,-0.19088441189632022
2019-08-30 20:21:00,-0.2715518801389294
2019-08-30 20:24:00,-0.16085278263295777
2019-08-30 20:27:00,-0.28685010088162244
2019-08-30 20:30:00,-0.30843797051477395
2019-08-30 20:33:00,-0.23314697593724532
2019-08-30 20:36:00,-0.25977627288853
2019-08-30 20:39:00,-0.2060590845555339
2019-08-30 20:42:00,-0.26946358586161523
2019-08-30 20:45:00,-0.31542688661778584
2019-08-30 20:48:00,-0.2412246217643883
2019-08-30 20:51:00,-0.26588350318633047
2019-08-30 20:54:00,-0.26893480742802467
2019-08-30 20:57:00,-0.240437513151619
2019-08-30 21:00:00,-0.15499271328553732
2019-08-30 21:03:00,-0.22602962839118845
2019-08-30 21:06:00,-0.24048533019805518
2019-08-30 21:09:00,-0.2559218814339488
2019-08-30 21:12:00,-0.2647755169780339
2019-08-30 21:15:00,-0.2875011167080288
2019-08-30 21:18:00,-0.24913930455284117
2019-08-30 21:21:00,-0.2457415233213851
2019-08-30 21:24:00,-0.058484600963311095
2019-08-30 21:27:00,-0.13437743586337092
2019-08-30 21:30:00,-0.18396278579859882
2019-08-30 21:33:00,-0.11320483177127016
2019-08-30 21:36:00,-0.033910012166813885
2019-08-30 21:39:00,-0.11706187567875759
2019-08-30 21:42:00,-0.10901546606436341
2019-08-30 21:45:00,-0.1338825281291065
2019-08-30 21:48:00,-0.09862643777188396
2019-08-30 21:51:00,-0.15045297012733272
2019-08-30 21:54:00,-0.09130965165792304
2019-08-30 21:57:00,-0.12432986191720374
2019-08-30 22:00:00,-0.12374294877184866
2019-08-30 22:03:00,-0.1581932213807704
2019-08-30 22:06:00,-0.1419465406192444
2019-08-30 22:09:00,-0.2137666353191321
2019-08-30 22:12:00,-0.15315419026751442
2019-08-30 22:15:00,-0.20188867747145878
2019-08-30 22:18:00,-0.2213808339021739
2019-08-30 22:21:00,-0.09685397115953265
2019-08-30 22:24:00,-0.10107471866444939
2019-08-30 22:27:00,-0.13374074150755177
2019-08-30 22:30:00,-0.09028300547100798
2019-08-30 22:33:00,-0.07280400425310063
2019-08-30 22:36:00,-0.12618679810890399
2019-08-30 22:39:00,-0.10930460515612594
2019-08-30 22:42:00,-0.07362708315150712
2019-08-30 22:45:00,-0.05344703899243086
2019-08-30 22:48:00,-0.024354124954754752
2019-08-30 22:51:00,-0.13835867782711375
2019-08-30 22:54:00,-0.08287494610533486
2019-08-30 22:57:00,-0.04531781417284719
2019-08-30 23:00:00,-0.06380481488656642
2019-08-30 23:03:00,-0.022029828580969024
2019-08-30 23:06:00,0.03988784742585949
2019-08-30 23:09:00,-0.13804363463651725
2019-08-30 23:12:00,-0.03897388842284499
2019-08-30 23:15:00,-0.11974033041838084
2019-08-30 23:18:00,-0.057172482904547905
2019-08-30 23:21:00,-0.11525113277735954
2019-08-30 23:24:00,-0.05529103220254683
2019-08-30 23:27:00,-0.05427471679132623
2019-08-30 23:30:00,-0.10005045590042982
2019-08-30 23:33:00,-0.038313336679436816
2019-08-30 23:36:00,-0.09211360816044589
2019-08-30 23:39:00,0.040245446330288814
2019-08-30 23:42:00,-0.13943424499547064
2019-08-30 23:45:00,-0.0476648810382585
2019-08-30 23:48:00,-0.11265042212710341
2019-08-30 23:51:00,-0.06717835675101469
2019-08-30 23:54:00,-0.06243784847185907
2019-08-30 23:57:00,-0.13039787590713559
2019-08-31 00:00:00,-0.062093803658854085
2019-08-31 00:03:00,-0.10381927495774335
2019-08-31 00:06:00,-0.05711271635027515
2019-08-31 00:09:00,-0.1219716608797512
2019-08-31 00:12:00,-0.06957784313016191
2019-08-31 00:15:00,-0.09155082784758406
2019-08-31 00:18:00,-0.1350735269581378
2019-08-31 00:21:00,-0.139810414925023
2019-08-31 00:24:00,-0.08334331345616874
2019-08-31 00:27:00,-0.028548298618545687
2019-08-31 00:30:00,-0.05271485386202812
2019-08-31 00:33:00,-0.06239016666381758
2019-08-31 00:36:00,-0.07672902762840295
2019-08-31 00:39:00,-0.07756327098621796
2019-08-31 00:42:00,-0.10398894621090449
2019-08-31 00:45:00,-0.05260060214311579
2019-08-31 00:48:00,0.004480366378572853
2019-08-31 00:51:00,0.03226828329087539
2019-08-31 00:54:00,0.10377973767708681
2019-08-31 00:57:00,0.016465022697104814
2019-08-31 01:00:00,0.014466720861719295
2019-08-31 01:03:00,-0.044564989218031315
2019-08-31 01:06:00,-0.06657028194325676
2019-08-31 01:09:00,0.003478408555281476
2019-08-31 01:12:00,4.479868050566438e-05
2019-08-31 01:15:00,0.03587847321131221
2019-08-31 01:18:00,-0.020087088404125097
2019-08-31 01:21:00,0.009994457481752761
2019-08-31 01:24:00,-0.019443852235440318
2019-08-31 01:27:00,0.01606517061344448
2019-08-31 01:30:00,-0.06212201488773417
2019-08-31 01:33:00,0.029169421601295653
2019-08-31 01:36:00,-0.007078436249003062
2019-08-31 01:39:00,-0.049287700959837366
2019-08-31 01:42:00,0.01822876956680375
2019-08-31 01:45:00,-0.02538957345450399
2019-08-31 01:48:00,-0.0027077712472305393
2019-08-31 01:51:00,0.10051124126556488
2019-08-31 01:54:00,-0.026099829509632855
2019-08-31 01:57:00,0.038242048388156036
2019-08-31 02:00:00,0.12120790875655985
2019-08-31 02:03:00,0.038627305328759576
2019-08-31 02:06:00,0.0654025780665961
2019-08-31 02:09:00,-0.012766908206174321
2019-08-31 02:12:00,0.032603872868094186
2019-08-31 02:15:00,0.010531961456081262
2019-08-31 02:18:00,-0.007105968614098401
2019-08-31 02:21:00,0.03745511940189772
2019-08-31 02:24:00,0.044123910401651756
2019-08-31 02:27:00,0.02921933105011476
2019-08-31 02:30:00,0.05112774060751235
2019-08-31 02:33:00,-0.011135943033480089
2019-08-31 02:36:00,0.10303566526386021
2019-08-31 02:39:00,0.04042132370938134
2019-08-31 02:42:00,0.04384149287471928
2019-08-31 02:45:00,-0.011639109025054495
2019-08-31 02:48:00,0.14131394706930678
2019-08-31 02:51:00,0.08291809961707486
2019-08-31 02:54:00,0.09522570773668804
2019-08-31 02:57:00,-0.0012775593768878934
2019-08-31 03:00:00,0.015021652721088685
2019-08-31 03:03:00,0.048583354026391135
2019-08-31 03:06:00,0.10545103782629894
2019-08-31 03:09:00,0.13137275011115435
2019-08-31 03:12:00,0.22962463993178517
2019-08-31 03:15:00,0.1407602181698735
2019-08-31 03:18:00,0.19454545454209438
2019-08-31 03:21:00,0.16532807921913673
2019-08-31 03:24:00,0.13419164719209675
2019-08-31 03:27:00,0.07256896108413002
2019-08-31 03:30:00,0.10080732831988826
2019-08-31 03:33:00,0.12227960178535113
2019-08-31 03:36:00,0.07016129094427015
2019-08-31 03:39:00,0.24786537976001455
2019-08-31 03:42:00,0.06171043040222912
2019-08-31 03:45:00,0.15831445891234353
2019-08-31 03:48:00,0.0996229265252282
2019-08-31 03:51:00,0.09646803116720548
2019-08-31 03:54:00,0.23002629450922996
2019-08-31 03:57:00,0.10461950411718135
2019-08-31 04:00:00,0.11332553207824958
2019-08-31 04:03:00,0.10783529019670368
2019-08-31 04:06:00,0.11034909098128765
2019-08-31 04:09:00,0.14480906038204466
2019-08-31 04:12:00,0.13225951991631746
2019-08-31 04:15:00,0.1800584278926749
2019-08-31 04:18:00,0.17714200683167292
2019-08-31 04:21:00,0.23656629121461492
2019-08-31 04:24:00,0.08895390190508579
2019-08-31 04:27:00,0.1790469931315215
2019-08-31 04:30:00,0.14321885129072598
2019-08-31 04:33:00,0.11471574814805763
2019-08-31 04:36:00,0.16071976488439077
2019-08-31 04:39:00,0.11478213096035006
2019-08-31 04:42:00,0.12549646986246898
2019-08-31 04:45:00,0.08730937060164479
2019-08-31 04:48:00,0.18470445120732393
2019-08-31 04:51:00,0.19560290483735798
2019-08-31 04:54:00,0.044898977927516626
2019-08-31 04:57:00,0.07826269086433513
2019-08-31 05:00:00,0.04786209455500057
2019-08-31 05:03:00,0.05646282694561933
2019-08-31 05:06:00,-0.019575915604946204
2019-08-31 05:09:00,0.11926672960305496
2019-08-31 05:12:00,0.10287166663727021
2019-08-31 05:15:00,0.11845051759138414
2019-08-31 05:18:00,0.23063103774177307
2019-08-31 05:21:00,0.09768912541488817
2019-08-31 05:24:00,0.07775880710477168
2019-08-31 05:27:00,0.14475901240683697
2019-08-31 05:30:00,0.1541326924425448
2019-08-31 05:33:00,0.18515491129534212
2019-08-31 05:36:00,0.15308556839215726
2019-08-31 05:39:00,0.15651932569824112
2019-08-31 05:42:00,0.09335186397970574
2019-08-31 05:45:00,0.0819381094571554
2019-08-31 05:48:00,0.16351064963618
2019-08-31 05:51:00,0.14730978352082502
2019-08-31 05:54:00,0.15571984999434108
2019-08-31 05:57:00,0.08226664823666852
2019-08-31 06:00:00,0.1432308611686608
2019-08-31 06:03:00,0.17577066412411568
2019-08-31 06:06:00,0.08490270316355009
2019-08-31 06:09:00,0.0549780310703909
2019-08-31 06:12:00,0.1341390375085325
2019-08-31 06:15:00,0.10549981501065986
2019-08-31 06:18:00,0.20769263607422772
2019-08-31 06:21:00,0.14681274139354628
2019-08-31 06:24:00,0.10324246394520742
2019-08-31 06:27:00,0.1592153531881877
2019-08-31 06:30:00,0.09807611517931036
2019-08-31 06:33:00,0.1261618155520523
2019-08-31 06:36:00,0.21194664338213443
2019-08-31 06:39:00,0.17170819217619737
2019-08-31 06:42:00,0.14361843456254064
2019-08-31 06:45:00,0.20852896800153076
2019-08-31 06:48:00,0.10751925362092152
2019-08-31 06:51:00,0.088374376002605
2019-08-31 06:54:00,0.1947719136478554
2019-08-31 06:57:00,0.2402921056882974
2019-08-31 07:00:00,0.15490830985135062
2019-08-31 07:03:00,0.14437510072264104
2019-08-31 07:06:00,0.1767415713792957
2019-08-31 07:09:00,0.18441179938452024
2019-08-31 07:12:00,0.17385070895738863
2019-08-31 07:15:00,0.14621664703827264
2019-08-31 07:18:00,0.09405174925569781
2019-08-31 07:21:00,0.04210573659582906
2019-08-31 07:24:00,0.17102032873509643
2019-08-31 07:27:00,0.18946995508389364
2019-08-31 07:30:00,0.08600306747706554
2019-08-31 07:33:00,0.13303372643122202
2019-08-31 07:36:00,0.08708392172422919
2019-08-31 07:39:00,0.24162297964460322
2019-08-31 07:42:00,0.14068312496868884
2019-08-31 07:45:00,0.17383310914959793
2019-08-31 07:48:00,0.04972993881858656
2019-08-31 07:51:00,0.16519251969941706
2019-08-31 07:54:00,0.1879632492951373
2019-08-31 07:57:00,0.24863121758022544
2019-08-31 08:00:00,0.1767801736250476
2019-08-31 08:03:00,0.22841097495410168
2019-08-31 08:06:00,0.12082889293742483
2019-08-31 08:09:00,0.19254430308353676
2019-08-31 08:12:00,0.2229505189661154
2019-08-31 08:15:00,0.20870101469739666
2019-08-31 08:18:00,0.11946702234274653
2019-08-31 08:21:00,0.08291996179707439
2019-08-31 08:24:00,0.12168071785833945
2019-08-31 08:27:00,0.0928126894414163
2019-08-31 08:30:00,0.044994748608473856
2019-08-31 08:33:00,0.04956464465141153
2019-08-31 08:36:00,-0.058564230700710596
2019-08-31 08:39:00,-0.023492625303049408
2019-08-31 08:42:00,-0.007768138240010103
2019-08-31 08:45:00,-0.039093475611650774
2019-08-31 08:48:00,-0.08405184589088321
2019-08-31 08:51:00,-0.060371177615422766
2019-08-31 08:54:00,-0.07641819673705186
2019-08-31 08:57:00,-0.0629125733271394
2019-08-31 09:00:00,-0.07137900823943255
2019-08-31 09:03:00,-0.12716674384745374
2019-08-31 09:06:00,-0.2288838253065819
2019-08-31 09:09:00,-0.14511541590565002
2019-08-31 09:12:00,-0.1639725981000879
2019-08-31 09:15:00,-0.07827773285373496
2019-08-31 09:18:00,-0.20077576542087172
2019-08-31 09:21:00,-0.1825633850801296
2019-08-31 09:24:00,-0.2104291848550588
2019-08-31 09:27:00,-0.15321701990774272
2019-08-31 09:30:00,-0.17742900053758603
2019-08-31 09:33:00,-0.08355780007224212
2019-08-31 09:36:00,-0.026038122634020056
2019-08-31 09:39:00,-0.10171320735884137
2019-08-31 09:42:00,-0.25876054283133954
2019-08-31 09:45:00,-0.19757086953433145
2019-08-31 09:48:00,-0.18530924903757295
2019-08-31 09:51:00,-0.12513079828102036
2019-08-31 09:54:00,-0.28084925011643236
2019-08-31 09:57:00,-0.08833562708343834
2019-08-31 10:00:00,-0.17373263461900024
2019-08-31 10:03:00,-0.1698273723645798
2019-08-31 10:06:00,-0.1901515553224158
2019-08-31 10:09:00,-0.08912278404301333
2019-08-31 10:12:00,-0.11537710086975039
2019-08-31 10:15:00,-0.07957471658903614
2019-08-31 10:18:00,-0.1477289318717112
2019-08-31 10:21:00,-0.06858086228356797
2019-08-31 10:24:00,-0.1610264011064828
2019-08-31 10:27:00,-0.11425010100532518
2019-08-31 10:30:00,-0.05265884032064605
2019-08-31 10:33:00,-0.1566931212792042
2019-08-31 10:36:00,-0.048424232828722324
2019-08-31 10:39:00,-0.09401519768476874
2019-08-31 10:42:00,-0.07855271770387162
2019-08-31 10:45:00,-0.06109317680221693
2019-08-31 10:48:00,0.013310020699407232
2019-08-31 10:51:00,0.018372621097228148
2019-08-31 10:54:00,0.01289987631372469
2019-08-31 10:57:00,-0.07694785350122402
2019-08-31 11:00:00,-0.23109719291215924
2019-08-31 11:03:00,-0.2215245324801458
2019-08-31 11:06:00,-0.12840781810228918
2019-08-31 11:09:00,-0.27694252985241974
2019-08-31 11:12:00,-0.06505979424497355
2019-08-31 11:15:00,0.06420465366676353
2019-08-31 11:18:00,0.24707354337391507
2019-08-31 11:21:00,-0.12252109421399382
2019-08-31 11:24:00,-0.29126750356203956
2019-08-31 11:27:00,-0.33471160882822915
2019-08-31 11:30:00,-0.4433299845290435
2019-08-31 11:33:00,-0.3950362924655906
2019-08-31 11:36:00,-0.5211621262855033
2019-08-31 11:39:00,-0.534223716246629
2019-08-31 11:42:00,-0.29335472026571097
2019-08-31 11:45:00,-0.28422576402738287
2019-08-31 11:48:00,-0.39014128328335573
2019-08-31 11:51:00,-0.41350186172365966
2019-08-31 11:54:00,-0.29217698173005147
2019-08-31 11:57:00,-0.32095718398221607
2019-08-31 12:00:00,-0.2771805788465258
2019-08-31 12:03:00,-0.31228577494454157
2019-08-31 12:06:00,-0.15783411963354865
2019-08-31 12:09:00,-0.33522032520778566
2019-08-31 12:12:00,-0.31564978708144054
2019-08-31 12:15:00,-0.36221723033855824
2019-08-31 12:18:00,-0.288489027736091
2019-08-31 12:21:00,-0.41385655539556865
2019-08-31 12:24:00,-0.4075512191641337
2019-08-31 12:27:00,-0.37783180249641646
2019-08-31 12:30:00,-0.4423196223463606
2019-08-31 12:33:00,-0.34181875678166307
2019-08-31 12:36:00,-0.32136533142551116
2019-08-31 12:39:00,-0.435299624827735
2019-08-31 12:42:00,-0.33432227397480574
2019-08-31 12:45:00,-0.3771147980537535
2019-08-31 12:48:00,-0.5015345292881648
2019-08-31 12:51:00,-0.39129636301390747
2019-08-31 12:54:00,-0.4688375037062542
2019-08-31 12:57:00,-0.40760248683881173
2019-08-31 13:00:00,-0.4661146919916632
2019-08-31 13:03:00,-0.46136041674799344
2019-08-31 13:06:00,-0.4571988032521972
2019-08-31 13:09:00,-0.4030218531406149
2019-08-31 13:12:00,-0.4188763280079115
2019-08-31 13:15:00,-0.3813222691018723
2019-08-31 13:18:00,-0.4327211818819592
2019-08-31 13:21:00,-0.4032562545037308
2019-08-31 13:24:00,-0.40000667913852794
2019-08-31 13:27:00,-0.45640150485053255
2019-08-31 13:30:00,-0.434979439739152
2019-08-31 13:33:00,-0.42240601219833707
2019-08-31 13:36:00,-0.430666068636981
2019-08-31 13:39:00,-0.45081738610844013
2019-08-31 13:42:00,-0.5518921941113604
2019-08-31 13:45:00,-0.45461730528705857
2019-08-31 13:48:00,-0.4062441418315643
2019-08-31 13:51:00,-0.44924445947270897
2019-08-31 13:54:00,-0.4346202134556165
2019-08-31 13:57:00,-0.3326953898449574
2019-08-31 14:00:00,-0.3566499069378324
2019-08-31 14:03:00,-0.3849708500831639
2019-08-31 14:06:00,-0.5369520471131182
2019-08-31 14:09:00,-0.5004370282493369
2019-08-31 14:12:00,-0.40302882288818864
2019-08-31 14:15:00,-0.5071837945011453
2019-08-31 14:18:00,-0.32299682827806464
2019-08-31 14:21:00,-0.43761201900218794
2019-08-31 14:24:00,-0.45115561554837313
2019-08-31 14:27:00,-0.4502554937621426
2019-08-31 14:30:00,-0.49270372589336375
2019-08-31 14:33:00,-0.48673481763904647
2019-08-31 14:36:00,-0.5211691207519493
2019-08-31 14:39:00,-0.6343102210294091
2019-08-31 14:42:00,-0.5509746676326017
2019-08-31 14:45:00,-0.3983511536032438
2019-08-31 14:48:00,-0.5332373339663832
2019-08-31 14:51:00,-0.5066422011034888
2019-08-31 14:54:00,-0.5586758610797347
2019-08-31 14:57:00,-0.4887570447465919
2019-08-31 15:00:00,-0.5623114348640001
2019-08-31 15:03:00,-0.5413889674615575
2019-08-31 15:06:00,-0.5264569406377291
2019-08-31 15:09:00,-0.5739320354182951
2019-08-31 15:12:00,-0.6598277629894937
2019-08-31 15:15:00,-0.5357306463999976
2019-08-31 15:18:00,-0.6450677663642637
2019-08-31 15:21:00,-0.5478865853722823
2019-08-31 15:24:00,-0.6202130500580552
2019-08-31 15:27:00,-0.5443754972179136
2019-08-31 15:30:00,-0.4816808821197469
2019-08-31 15:33:00,-0.48843126570835693
2019-08-31 15:36:00,-0.624954863378548
2019-08-31 15:39:00,-0.5415618037112608
2019-08-31 15:42:00,-0.61145355696965
2019-08-31 15:45:00,-0.6035027553537589
2019-08-31 15:48:00,-0.47135793699771966
2019-08-31 15:51:00,-0.5198196858256097
2019-08-31 15:54:00,-0.588347135014601
2019-08-31 15:57:00,-0.5980265212406835
2019-08-31 16:00:00,-0.5969077308405986
2019-08-31 16:03:00,-0.5691534018499738
2019-08-31 16:06:00,-0.514453647897426
2019-08-31 16:09:00,-0.4914104117003717
2019-08-31 16:12:00,-0.4809927204666451
2019-08-31 16:15:00,-0.5022592325690312
2019-08-31 16:18:00,-0.46518831925413906
2019-08-31 16:21:00,-0.5417209909078906
2019-08-31 16:24:00,-0.437647870205808
2019-08-31 16:27:00,-0.40890807163259524
2019-08-31 16:30:00,-0.3707929975385582
2019-08-31 16:33:00,-0.42660832118394865
2019-08-31 16:36:00,-0.4955843910248632
2019-08-31 16:39:00,-0.4685907744882343
2019-08-31 16:42:00,-0.4097584487088852
2019-08-31 16:45:00,-0.4844001637094948
2019-08-31 16:48:00,-0.428589745525187
2019-08-31 16:51:00,-0.4629293759709867
2019-08-31 16:54:00,-0.4541440902539762
2019-08-31 16:57:00,-0.4573075309734236
2019-08-31 17:00:00,-0.4583355053031255
2019-08-31 17:03:00,-0.39346093673077576
2019-08-31 17:06:00,-0.4021495663909036
2019-08-31 17:09:00,-0.36843595010122954
2019-08-31 17:12:00,-0.27256706360429916
2019-08-31 17:15:00,-0.32795044923091154
2019-08-31 17:18:00,-0.31157816537512417
2019-08-31 17:21:00,-0.35352523720666795
2019-08-31 17:24:00,-0.40346515741924804
2019-08-31 17:27:00,-0.29025592459021254
2019-08-31 17:30:00,-0.2871619341872247
2019-08-31 17:33:00,-0.26164373455844725
2019-08-31 17:36:00,-0.21428208888931977
2019-08-31 17:39:00,-0.18015830280319278
2019-08-31 17:42:00,-0.285543544127961
2019-08-31 17:45:00,-0.31568382376889303
2019-08-31 17:48:00,-0.2641025928734848
2019-08-31 17:51:00,-0.24847954097572256
2019-08-31 17:54:00,-0.2522828191550275
2019-08-31 17:57:00,-0.16340904213905105
2019-08-31 18:00:00,-0.23831250361592993
2019-08-31 18:03:00,-0.177052080335784
2019-08-31 18:06:00,-0.3175698566731171
2019-08-31 18:09:00,-0.32501263206904696
2019-08-31 18:12:00,-0.13313774298063663
2019-08-31 18:15:00,-0.2131382195627225
2019-08-31 18:18:00,-0.1886142696010893
2019-08-31 18:21:00,-0.23630439111434498
2019-08-31 18:24:00,-0.17422755642206766
2019-08-31 18:27:00,-0.15777583788877791
2019-08-31 18:30:00,-0.1916833292617639
2019-08-31 18:33:00,-0.15490647669253121
2019-08-31 18:36:00,-0.218720187133556
2019-08-31 18:39:00,-0.12695125289059206
2019-08-31 18:42:00,-0.1401335345780126
2019-08-31 18:45:00,-0.19515624742774662
2019-08-31 18:48:00,-0.05314398021670286
2019-08-31 18:51:00,-0.05276101316326276
2019-08-31 18:54:00,
2019-08-31 18:57:00,
2019-08-31 19:00:00,
2019-08-31 19:03:00,-0.1059804785982692
2019-08-31 19:06:00,-0.055588848800255164
2019-08-31 19:09:00,-0.1346309957746712
2019-08-31 19:12:00,-0.06755492124676721
2019-08-31 19:15:00,-0.12497572130700974
2019-08-31 19:18:00,-0.027353630862592127
2019-08-31 19:21:00,0.008406041368175465
2019-08-31 19:24:00,-0.12846610854569462
2019-08-31 19:27:00,-0.17851720898397616
2019-08-31 19:30:00,-0.10249713479618094
2019-08-31 19:33:00,-0.025357509607658812
2019-08-31 19:36:00,-0.10720134225834954
2019-08-31 19:39:00,-0.015825876181679632
2019-08-31 19:42:00,-0.1048097629107474
2019-08-31 19:45:00,-0.21877908497265253
2019-08-31 19:48:00,-0.11761987333545676
2019-08-31 19:51:00,-0.12392006400142463
2019-08-31 19:54:00,-0.13776614362200235
2019-08-31 19:57:00,-0.13057004261872862
2019-08-31 20:00:00,-0.1621362578785579
2019-08-31 20:03:00,-0.2231268012371288
2019-08-31 20:06:00,-0.1735838416199158
2019-08-31 20:09:00,-0.22581645061973177
2019-08-31 20:12:00,-0.14715256280999256
2019-08-31 20:15:00,-0.2119363404577257
2019-08-31 20:18:00,-0.1530839941728459
2019-08-31 20:21:00,-0.09298754021267541
2019-08-31 20:24:00,-0.1651257094841867
2019-08-31 20:27:00,-0.06183403982686286
2019-08-31 20:30:00,0.008355404194730909
2019-08-31 20:33:00,-0.0857847941360319
2019-08-31 20:36:00,-0.058836895485910645
2019-08-31 20:39:00,-0.038114805108250494
2019-08-31 20:42:00,-0.002889714126411036
2019-08-31 20:45:00,0.01939675912939265
2019-08-31 20:48:00,-0.058104497162560165
2019-08-31 20:51:00,-0.038481974922376594
2019-08-31 20:54:00,-0.015783811430594596
2019-08-31 20:57:00,-0.07005085894786589
2019-08-31 21:00:00,-0.15752306095913582
2019-08-31 21:03:00,-0.00013296136671669956
2019-08-31 21:06:00,-0.06182546229314312
2019-08-31 21:09:00,-0.09880014688894789
2019-08-31 21:12:00,-0.017399853284416622
2019-08-31 21:15:00,-0.06294506411393286
2019-08-31 21:18:00,-0.11177716276375804
2019-08-31 21:21:00,-0.010905953071187469
2019-08-31 21:24:00,-0.061759146584222435
2019-08-31 21:27:00,-0.09880044874273608
2019-08-31 21:30:00,-0.048322161420912835
2019-08-31 21:33:00,-0.011281137770481564
2019-08-31 21:36:00,-0.08115514265841739
2019-08-31 21:39:00,-0.11710637307487559
2019-08-31 21:42:00,-0.05145028482593261
2019-08-31 21:45:00,-0.10192663134193936
2019-08-31 21:48:00,-0.08759349730758004
2019-08-31 21:51:00,-0.15017083884055182
2019-08-31 21:54:00,0.03125784223732353
2019-08-31 21:57:00,0.03391496215454026
2019-08-31 22:00:00,-0.0511918013166337
2019-08-31 22:03:00,0.008741899050221491
2019-08-31 22:06:00,-0.021664800030691822
2019-08-31 22:09:00,-0.0026032833742419825
2019-08-31 22:12:00,0.018709447810351776
2019-08-31 22:15:00,0.044437394236808814
2019-08-31 22:18:00,0.0874300105083421
2019-08-31 22:21:00,0.12377696324097087
2019-08-31 22:24:00,0.012860862352567892
2019-08-31 22:27:00,-0.023838445573801437
2019-08-31 22:30:00,0.04746911796218001
2019-08-31 22:33:00,-0.03216923159305907
2019-08-31 22:36:00,0.044052719201317814
2019-08-31 22:39:00,0.08455907968846077
2019-08-31 22:42:00,0.01728105882403952
2019-08-31 22:45:00,0.10186628155582866
2019-08-31 22:48:00,0.015507246514346207
2019-08-31 22:51:00,0.05243351514934602
2019-08-31 22:54:00,0.07908749942276927
2019-08-31 22:57:00,0.0636234560766411
2019-08-31 23:00:00,0.040147848163428534
2019-08-31 23:03:00,0.0939192059985885
2019-08-31 23:06:00,0.048333381327438474
2019-08-31 23:09:00,0.12972767627564963
2019-08-31 23:12:00,0.026155564121154384
2019-08-31 23:15:00,0.06871302409797408
2019-08-31 23:18:00,0.04562914803938156
2019-08-31 23:21:00,0.0528308937376778
2019-08-31 23:24:00,0.08419361741084685
2019-08-31 23:27:00,-0.01223960707778815
2019-08-31 23:30:00,0.045004842784123866
2019-08-31 23:33:00,0.15302440595536382
2019-08-31 23:36:00,0.2297687159645534
2019-08-31 23:39:00,0.15792998252879897
2019-08-31 23:42:00,0.14978899388472655
2019-08-31 23:45:00,0.08672460223345979
2019-08-31 23:48:00,-0.0024825109738912943
2019-08-31 23:51:00,0.07685139026875731
2019-08-31 23:54:00,0.011107805286030725
2019-08-31 23:57:00,0.07230459339984918
2019-09-01 00:00:00,-0.028537552730199423
2019-09-01 00:03:00,-0.056346624635637
2019-09-01 00:06:00,-0.01878217229108259
2019-09-01 00:09:00,-0.06052936044659418
2019-09-01 00:12:00,0.07021408082971448
2019-09-01 00:15:00,0.13683800505003774
2019-09-01 00:18:00,0.05706050207732005
2019-09-01 00:21:00,-0.04202597941610975
2019-09-01 00:24:00,0.07025985003468804
2019-09-01 00:27:00,0.06062329273783007
2019-09-01 00:30:00,0.031055701213290376
2019-09-01 00:33:00,0.052034958493266004
2019-09-01 00:36:00,0.03714435970823615
2019-09-01 00:39:00,0.0898289917467423
2019-09-01 00:42:00,0.009918823066584537
2019-09-01 00:45:00,-0.019213662941467646
2019-09-01 00:48:00,-0.08862382551222936
2019-09-01 00:51:00,0.09510310701000435
2019-09-01 00:54:00,0.4407755303757881
2019-09-01 00:57:00,0.5043420379557801
2019-09-01 01:00:00,0.33468344720625964
2019-09-01 01:03:00,0.2961355146226765
2019-09-01 01:06:00,0.28210457201657846
2019-09-01 01:09:00,0.31964311167092774
2019-09-01 01:12:00,0.18776935386932792
2019-09-01 01:15:00,0.3135712667979078
2019-09-01 01:18:00,0.4104614864850191
2019-09-01 01:21:00,0.5355864796570131
2019-09-01 01:24:00,0.3893717288810876
2019-09-01 01:27:00,0.5257272074384787
2019-09-01 01:30:00,0.36316019168037883
2019-09-01 01:33:00,0.2692798842501247
2019-09-01 01:36:00,0.2521249694863741
2019-09-01 01:39:00,0.28048967894301313
2019-09-01 01:42:00,0.17946040674212327
2019-09-01 01:45:00,0.2874357688813234
2019-09-01 01:48:00,0.2105206257783152
2019-09-01 01:51:00,0.20807760174994883
2019-09-01 01:54:00,0.260476581743319
2019-09-01 01:57:00,0.16927561868845942
2019-09-01 02:00:00,0.14874593402709024
2019-09-01 02:03:00,0.1545058219091402
2019-09-01 02:06:00,0.1634318406405555
2019-09-01 02:09:00,0.12455329171075391
2019-09-01 02:12:00,0.16998769896099475
2019-09-01 02:15:00,0.1880414513246933
2019-09-01 02:18:00,0.16476710687805962
2019-09-01 02:21:00,0.20771653889192976
2019-09-01 02:24:00,0.19545532831114087
2019-09-01 02:27:00,0.26265358531225047
2019-09-01 02:30:00,0.3043365437781631
2019-09-01 02:33:00,0.2941894271195906
2019-09-01 02:36:00,0.32281737961045565
2019-09-01 02:39:00,0.30965515753399586
2019-09-01 02:42:00,0.19533486820375856
2019-09-01 02:45:00,0.2863840721672659
2019-09-01 02:48:00,0.12864433712428536
2019-09-01 02:51:00,0.23061858947198743
2019-09-01 02:54:00,0.1802644706456249
2019-09-01 02:57:00,0.21723675661564812
2019-09-01 03:00:00,0.22322804436311117
2019-09-01 03:03:00,0.2578101950000473
2019-09-01 03:06:00,0.31394712327852403
2019-09-01 03:09:00,0.2822573909979269
2019-09-01 03:12:00,0.19572296022710134
2019-09-01 03:15:00,0.28315687214734453
2019-09-01 03:18:00,0.20873269445996812
2019-09-01 03:21:00,0.18284206083097843
2019-09-01 03:24:00,0.29490258835789973
2019-09-01 03:27:00,0.1435141210023403
2019-09-01 03:30:00,0.28438351278214213
2019-09-01 03:33:00,0.13079583392277527
2019-09-01 03:36:00,0.21171820825259147
2019-09-01 03:39:00,0.27080031972775487
2019-09-01 03:42:00,0.22852686454660898
2019-09-01 03:45:00,0.1990798918673704
2019-09-01 03:48:00,0.24184733972492722
2019-09-01 03:51:00,0.22428551276243525
2019-09-01 03:54:00,0.21280105475449318
2019-09-01 03:57:00,0.3224142775529799
2019-09-01 04:00:00,0.24853601836844064
2019-09-01 04:03:00,0.27339663459389385
2019-09-01 04:06:00,0.3315210484134923
2019-09-01 04:09:00,0.3422342204180495
2019-09-01 04:12:00,0.33402458271507385
2019-09-01 04:15:00,0.36541865806810847
2019-09-01 04:18:00,0.35613922927086605
2019-09-01 04:21:00,0.2801293902294901
2019-09-01 04:24:00,0.37397236349255536
2019-09-01 04:27:00,0.3661906475191472
2019-09-01 04:30:00,0.3571519399453109
2019-09-01 04:33:00,0.3831077276058181
2019-09-01 04:36:00,0.35790539397072507
2019-09-01 04:39:00,0.48027827330514583
2019-09-01 04:42:00,0.386139900587807
2019-09-01 04:45:00,0.3536444194515411
2019-09-01 04:48:00,0.36575059567269363
2019-09-01 04:51:00,0.33086927278696976
2019-09-01 04:54:00,0.24269406662523352
2019-09-01 04:57:00,0.33922962557056735
2019-09-01 05:00:00,0.4055528030624487
2019-09-01 05:03:00,0.3429953145501372
2019-09-01 05:06:00,0.45754834738409045
2019-09-01 05:09:00,0.34003148578972286
2019-09-01 05:12:00,0.39464426909245276
2019-09-01 05:15:00,0.26754996607411385
2019-09-01 05:18:00,0.3223789712716325
2019-09-01 05:21:00,0.401323977700315
2019-09-01 05:24:00,0.31318149282901686
2019-09-01 05:27:00,0.30899326147584816
2019-09-01 05:30:00,0.30731461554603356
2019-09-01 05:33:00,0.29964863841212264
2019-09-01 05:36:00,0.31471505566781843
2019-09-01 05:39:00,0.32793730792866427
2019-09-01 05:42:00,0.39893667849372605
2019-09-01 05:45:00,0.31805696968632446
2019-09-01 05:48:00,0.23528302646832344
2019-09-01 05:51:00,0.3618026779803927
2019-09-01 05:54:00,0.2726100250557124
2019-09-01 05:57:00,0.35314283729405815
2019-09-01 06:00:00,0.22207626499874777
2019-09-01 06:03:00,0.38129126113307166
2019-09-01 06:06:00,0.37377317484947525
2019-09-01 06:09:00,0.36132504794437637
2019-09-01 06:12:00,0.37348645318655826
2019-09-01 06:15:00,0.3666174743441388
2019-09-01 06:18:00,0.3632949559399776
2019-09-01 06:21:00,0.2942559535141527
2019-09-01 06:24:00,0.31781552891504816
2019-09-01 06:27:00,0.32864591658506015
2019-09-01 06:30:00,0.3920429715581122
2019-09-01 06:33:00,0.33480074560782214
2019-09-01 06:36:00,0.35478899957718113
2019-09-01 06:39:00,0.3277467132851939
2019-09-01 06:42:00,0.31013473063234187
2019-09-01 06:45:00,0.35424277190355724
2019-09-01 06:48:00,0.3500149114419173
2019-09-01 06:51:00,0.3411630563444419
2019-09-01 06:54:00,0.3203399777225968
2019-09-01 06:57:00,0.331173961785737
2019-09-01 07:00:00,0.2988958060923892
2019-09-01 07:03:00,0.42773374171503065
2019-09-01 07:06:00,0.32840051859921005
2019-09-01 07:09:00,0.38423141842213226
2019-09-01 07:12:00,0.3266339533372502
2019-09-01 07:15:00,0.38214456539458297
2019-09-01 07:18:00,0.3228189469173799
2019-09-01 07:21:00,0.32896678052179595
2019-09-01 07:24:00,0.3390823218670107
2019-09-01 07:27:00,0.3394054805821156
2019-09-01 07:30:00,0.3065114833140683
2019-09-01 07:33:00,0.272090969030387
2019-09-01 07:36:00,0.2531506913368844
2019-09-01 07:39:00,0.38684085835416226
2019-09-01 07:42:00,0.32890089706876324
2019-09-01 07:45:00,0.29162368610923295
2019-09-01 07:48:00,0.26644603001295764
2019-09-01 07:51:00,0.33743619876867115
2019-09-01 07:54:00,0.35012417338703017
2019-09-01 07:57:00,0.34531696761047215
2019-09-01 08:00:00,0.27508978180526356
2019-09-01 08:03:00,0.3630004054892879
2019-09-01 08:06:00,0.26633403935267097
2019-09-01 08:09:00,0.18066196471721696
2019-09-01 08:12:00,0.2188473133380171
2019-09-01 08:15:00,0.29022306846314905
2019-09-01 08:18:00,0.1511419222629229
2019-09-01 08:21:00,0.16896914173105415
2019-09-01 08:24:00,0.1845215294416107
2019-09-01 08:27:00,0.25528095251996774
2019-09-01 08:30:00,0.14314147778077313
2019-09-01 08:33:00,0.1321137003254762
2019-09-01 08:36:00,0.1668014199741492
2019-09-01 08:39:00,0.23407378037688886
2019-09-01 08:42:00,0.12010399902646895
2019-09-01 08:45:00,0.10615380826840237
2019-09-01 08:48:00,0.08540076554874076
2019-09-01 08:51:00,0.10966754823283509
2019-09-01 08:54:00,0.08636852759485691
2019-09-01 08:57:00,0.034504270100057965
2019-09-01 09:00:00,0.07438063623823155
2019-09-01 09:03:00,0.07875255352604427
2019-09-01 09:06:00,0.016950521737385316
2019-09-01 09:09:00,-0.08958071830596737
2019-09-01 09:12:00,-0.02286854498527191
2019-09-01 09:15:00,-0.049569604315252036
2019-09-01 09:18:00,-0.13818574417757645
2019-09-01 09:21:00,-0.13704885146142942
2019-09-01 09:24:00,-0.08384586427888507
2019-09-01 09:27:00,-0.07843408873083035
2019-09-01 09:30:00,-0.05236466695839681
2019-09-01 09:33:00,-0.17830250108579548
2019-09-01 09:36:00,-0.11979681467090586
2019-09-01 09:39:00,-0.08056427350089734
2019-09-01 09:42:00,-0.16217134983577353
2019-09-01 09:45:00,-0.12306728244288934
2019-09-01 09:48:00,-0.13694277163966717
2019-09-01 09:51:00,-0.2351151477722624
2019-09-01 09:54:00,-0.18733910709249812
2019-09-01 09:57:00,-0.1909990217189943
2019-09-01 10:00:00,-0.17282836881753383
2019-09-01 10:03:00,-0.22634984469061692
2019-09-01 10:06:00,-0.25134689236676877
2019-09-01 10:09:00,-0.18134889218964645
2019-09-01 10:12:00,-0.22284650673628903
2019-09-01 10:15:00,-0.22785104142349155
2019-09-01 10:18:00,-0.2025929043859378
2019-09-01 10:21:00,-0.26055234247922954
2019-09-01 10:24:00,-0.2645958442034839
2019-09-01 10:27:00,-0.2980631014318078
2019-09-01 10:30:00,-0.19187536233039282
2019-09-01 10:33:00,-0.19160099658427043
2019-09-01 10:36:00,-0.247673997431491
2019-09-01 10:39:00,-0.23310696990887436
2019-09-01 10:42:00,-0.226650956301512
2019-09-01 10:45:00,-0.2897534831361668
2019-09-01 10:48:00,-0.25974361754072106
2019-09-01 10:51:00,-0.35412864474261596
2019-09-01 10:54:00,-0.2637497042150585
2019-09-01 10:57:00,-0.36894074682339806
2019-09-01 11:00:00,-0.32313751219919595
2019-09-01 11:03:00,-0.4082595640238651
2019-09-01 11:06:00,-0.33030604400170205
2019-09-01 11:09:00,-0.32695865011294245
2019-09-01 11:12:00,-0.3486575442993285
2019-09-01 11:15:00,-0.29566730927763274
2019-09-01 11:18:00,-0.3977204267948764
2019-09-01 11:21:00,-0.27468461696253144
2019-09-01 11:24:00,-0.1814766297462711
2019-09-01 11:27:00,-0.26899004249474956
2019-09-01 11:30:00,-0.28269822745164674
2019-09-01 11:33:00,-0.2685845265773992
2019-09-01 11:36:00,-0.3865227162960423
2019-09-01 11:39:00,-0.3651052885909394
2019-09-01 11:42:00,-0.2662045451607469
2019-09-01 11:45:00,-0.037762202407293444
2019-09-01 11:48:00,-0.3304299452258306
2019-09-01 11:51:00,-0.3302254997850582
2019-09-01 11:54:00,-0.1910441573971866
2019-09-01 11:57:00,-0.0816453785126896
2019-09-01 12:00:00,-0.0838820624702521
2019-09-01 12:03:00,0.08017809514524288
2019-09-01 12:06:00,-0.41695337742777383
2019-09-01 12:09:00,-0.3528476064750521
2019-09-01 12:12:00,-0.45865231820164354
2019-09-01 12:15:00,-0.2737601262948033
2019-09-01 12:18:00,-0.40372895851044177
2019-09-01 12:21:00,-0.35908159546477236
2019-09-01 12:24:00,-0.4244420008189991
2019-09-01 12:27:00,-0.34716822668457326
2019-09-01 12:30:00,-0.5896187035887692
2019-09-01 12:33:00,-0.30136862377366924
2019-09-01 12:36:00,-0.2562251509272073
2019-09-01 12:39:00,-0.2243514099515096
2019-09-01 12:42:00,-0.46546615801781854
2019-09-01 12:45:00,-0.292142317223238
2019-09-01 12:48:00,-0.20328382731003103
2019-09-01 12:51:00,-0.27601445946493186
2019-09-01 12:54:00,-0.28855500902346876
2019-09-01 12:57:00,-0.2679949215149122
2019-09-01 13:00:00,-0.35591917726941347
2019-09-01 13:03:00,-0.5330669945677187
2019-09-01 13:06:00,-0.38038373758018906
2019-09-01 13:09:00,-0.532920911708004
2019-09-01 13:12:00,-0.6728832936668141
2019-09-01 13:15:00,-0.4215712145837074
2019-09-01 13:18:00,-0.3276800631953165
2019-09-01 13:21:00,-0.47402069164684235
2019-09-01 13:24:00,-0.3755081720705107
2019-09-01 13:27:00,-0.3472493598850974
2019-09-01 13:30:00,-0.28798832137312047
2019-09-01 13:33:00,-0.2741992099067261
2019-09-01 13:36:00,-0.3543957895881249
2019-09-01 13:39:00,-0.3101938750713771
2019-09-01 13:42:00,-0.3888349857645039
2019-09-01 13:45:00,-0.48714227257505627
2019-09-01 13:48:00,-0.4178912941563908
2019-09-01 13:51:00,-0.5599979608755916
2019-09-01 13:54:00,-0.6052159606530836
2019-09-01 13:57:00,-0.615194093153093
2019-09-01 14:00:00,-0.5758561416488988
2019-09-01 14:03:00,-0.5132033572994601
2019-09-01 14:06:00,-0.5122973208960389
2019-09-01 14:09:00,-0.6496740792406968
2019-09-01 14:12:00,-0.5670266163747328
2019-09-01 14:15:00,-0.5701066855049817
2019-09-01 14:18:00,-0.6801669326297883
2019-09-01 14:21:00,-0.6092108428853749
2019-09-01 14:24:00,-0.60525440646893
2019-09-01 14:27:00,-0.5708232534594231
2019-09-01 14:30:00,-0.7540877203825289
2019-09-01 14:33:00,-0.6121319464073736
2019-09-01 14:36:00,-0.6012859257805303
2019-09-01 14:39:00,-0.552328753248787
2019-09-01 14:42:00,-0.4512297823341669
2019-09-01 14:45:00,-0.688070158648884
2019-09-01 14:48:00,-0.58607970220271
2019-09-01 14:51:00,-0.5737122877565639
2019-09-01 14:54:00,-0.6058294164926679
2019-09-01 14:57:00,-0.5871684001616586
2019-09-01 15:00:00,-0.6445315492111376
2019-09-01 15:03:00,-0.6109228520106171
2019-09-01 15:06:00,-0.6482178518437536
2019-09-01 15:09:00,-0.5790924145903205
2019-09-01 15:12:00,-0.45326431035152837
2019-09-01 15:15:00,-0.4894146716902128
2019-09-01 15:18:00,-0.6502539963001368
2019-09-01 15:21:00,-0.5216360732791827
2019-09-01 15:24:00,-0.5945102299501741
2019-09-01 15:27:00,-0.638748123549135
2019-09-01 15:30:00,-0.6039338799074017
2019-09-01 15:33:00,-0.6863124752570684
2019-09-01 15:36:00,-0.616699447361043
2019-09-01 15:39:00,-0.6736696359699295
2019-09-01 15:42:00,-0.6153769618989031
2019-09-01 15:45:00,-0.646285294963377
2019-09-01 15:48:00,-0.5727875368283435
2019-09-01 15:51:00,-0.5092417682831751
2019-09-01 15:54:00,-0.6071001835817924
2019-09-01 15:57:00,-0.5204735373622498
2019-09-01 16:00:00,-0.6067792997608308
2019-09-01 16:03:00,-0.6894976310320544
2019-09-01 16:06:00,-0.49050867083741423
2019-09-01 16:09:00,-0.5386561808766146
2019-09-01 16:12:00,-0.601311281778294
2019-09-01 16:15:00,-0.5753453824321468
2019-09-01 16:18:00,-0.47684293862516824
2019-09-01 16:21:00,-0.4206221632526308
2019-09-01 16:24:00,-0.5460954863719394
2019-09-01 16:27:00,-0.6461194925445852
2019-09-01 16:30:00,-0.5483916370641282
2019-09-01 16:33:00,-0.5379952467575322
2019-09-01 16:36:00,-0.6119582452070631
2019-09-01 16:39:00,-0.6384485122426895
2019-09-01 16:42:00,-0.5585727655694654
2019-09-01 16:45:00,-0.538683310657575
2019-09-01 16:48:00,-0.6161260681880094
2019-09-01 16:51:00,-0.6581892941426872
2019-09-01 16:54:00,-0.5164145033513705
2019-09-01 16:57:00,-0.5928907759972049
2019-09-01 17:00:00,-0.5635664332265833
2019-09-01 17:03:00,-0.5724412042092126
2019-09-01 17:06:00,-0.47597690302097817
2019-09-01 17:09:00,-0.5937472810285271
2019-09-01 17:12:00,-0.5061260309525437
2019-09-01 17:15:00,-0.4574211935658923
2019-09-01 17:18:00,-0.5003644477447438
2019-09-01 17:21:00,-0.556662366496198
2019-09-01 17:24:00,-0.5242087540920011
2019-09-01 17:27:00,-0.6027632900899107
2019-09-01 17:30:00,-0.5607194091858219
2019-09-01 17:33:00,-0.5447473402737728
2019-09-01 17:36:00,-0.4861845545243
2019-09-01 17:39:00,-0.5944651893368587
2019-09-01 17:42:00,-0.5133153305851579
2019-09-01 17:45:00,-0.4907245565735252
2019-09-01 17:48:00,-0.47283823418109705
2019-09-01 17:51:00,-0.40467764308198184
2019-09-01 17:54:00,-0.4895738784559853
2019-09-01 17:57:00,-0.376176853915581
2019-09-01 18:00:00,-0.5189582178260252
2019-09-01 18:03:00,-0.3482028148114864
2019-09-01 18:06:00,-0.40898574629954965
2019-09-01 18:09:00,-0.4111729479379278
2019-09-01 18:12:00,-0.41296030754341473
2019-09-01 18:15:00,-0.3084089300978121
2019-09-01 18:18:00,-0.3313997716491599
2019-09-01 18:21:00,-0.3961834015643717
2019-09-01 18:24:00,-0.3705300882435836
2019-09-01 18:27:00,-0.2914393694360342
2019-09-01 18:30:00,-0.3968032428488186
2019-09-01 18:33:00,-0.3711260244969026
2019-09-01 18:36:00,-0.27676400473103513
2019-09-01 18:39:00,-0.32044169167784275
2019-09-01 18:42:00,-0.2842228003360674
2019-09-01 18:45:00,-0.3420211227586947
2019-09-01 18:48:00,-0.31440238617983596
2019-09-01 18:51:00,-0.2685513116216498
2019-09-01 18:54:00,
2019-09-01 18:57:00,
2019-09-01 19:00:00,
2019-09-01 19:03:00,-0.2709252776820108
2019-09-01 19:06:00,-0.27297107568904266
2019-09-01 19:09:00,-0.16233346909740476
2019-09-01 19:12:00,-0.19972307996818017
2019-09-01 19:15:00,-0.16482258702706076
2019-09-01 19:18:00,-0.2831567635965939
2019-09-01 19:21:00,-0.08974228857732669
2019-09-01 19:24:00,-0.21837579810267016
2019-09-01 19:27:00,-0.16493357442158185
2019-09-01 19:30:00,-0.10848798002103877
2019-09-01 19:33:00,-0.029627295250350016
2019-09-01 19:36:00,-0.1468828368071513
2019-09-01 19:39:00,-0.131074489376374
2019-09-01 19:42:00,-0.08391579283738793
2019-09-01 19:45:00,-0.16562264891683753
2019-09-01 19:48:00,-0.05157395882821447
2019-09-01 19:51:00,-0.2544004169600953
2019-09-01 19:54:00,-0.11962157854338784
2019-09-01 19:57:00,-0.1360287642233402
2019-09-01 20:00:00,-0.21527642948007042
2019-09-01 20:03:00,-0.10327992162569899
2019-09-01 20:06:00,-0.14342966656914768
2019-09-01 20:09:00,-0.13037855269101328
2019-09-01 20:12:00,-0.07900316454913536
2019-09-01 20:15:00,-0.17810673811925426
2019-09-01 20:18:00,-0.028119793233315704
2019-09-01 20:21:00,-0.09794994018420766
2019-09-01 20:24:00,0.00526898183323965
2019-09-01 20:27:00,-0.01985157544095273
2019-09-01 20:30:00,-0.08258832085107315
2019-09-01 20:33:00,-0.1919646399122712
2019-09-01 20:36:00,-0.10985049281890724
2019-09-01 20:39:00,-0.0934671822002997
2019-09-01 20:42:00,-0.07447074981519108
2019-09-01 20:45:00,-0.1731487541596266
2019-09-01 20:48:00,-0.05678168334708289
2019-09-01 20:51:00,-0.009103254680724149
2019-09-01 20:54:00,-0.023222565002242845
2019-09-01 20:57:00,0.01946033791659829
2019-09-01 21:00:00,-0.029228067428675786
2019-09-01 21:03:00,0.04997316164701715
2019-09-01 21:06:00,0.14287822736588396
2019-09-01 21:09:00,0.021526230157292048
2019-09-01 21:12:00,-0.04023860822263714
2019-09-01 21:15:00,0.07389959937717094
2019-09-01 21:18:00,-0.002541670436471577
2019-09-01 21:21:00,-0.06628273041661714
2019-09-01 21:24:00,-0.0006555580013696272
2019-09-01 21:27:00,-0.03648167709809513
2019-09-01 21:30:00,-0.15459387368400712
2019-09-01 21:33:00,-0.10948649197462146
2019-09-01 21:36:00,-0.018653267068373225
2019-09-01 21:39:00,-0.018225199015944327
2019-09-01 21:42:00,-0.11491582996217176
2019-09-01 21:45:00,-0.08193146912844895
2019-09-01 21:48:00,-0.03439410135302978
2019-09-01 21:51:00,-0.11797612379007205
2019-09-01 21:54:00,0.033233458787265135
2019-09-01 21:57:00,-0.08021375560389288
2019-09-01 22:00:00,0.01898810574448362
2019-09-01 22:03:00,-0.04662931781234647
2019-09-01 22:06:00,-0.07418382475054841
2019-09-01 22:09:00,0.03898662072941761
2019-09-01 22:12:00,-0.018963951227419784
2019-09-01 22:15:00,-0.07826200212957701
2019-09-01 22:18:00,-0.007676330284482447
2019-09-01 22:21:00,-0.020674765555384056
2019-09-01 22:24:00,-0.014486039536166118
2019-09-01 22:27:00,-0.03362650829387803
2019-09-01 22:30:00,0.08259720877674681
2019-09-01 22:33:00,0.04776037315150461
2019-09-01 22:36:00,-0.0374960547545129
2019-09-01 22:39:00,0.08084681953835116
2019-09-01 22:42:00,-0.08944823875737029
2019-09-01 22:45:00,0.012909584508633998
2019-09-01 22:48:00,0.04528371092408179
2019-09-01 22:51:00,-0.007208791404366366
2019-09-01 22:54:00,-0.03267570714695012
2019-09-01 22:57:00,-0.028295912975352167
2019-09-01 23:00:00,-0.0029843488894130132
2019-09-01 23:03:00,0.051170449962228304
2019-09-01 23:06:00,-0.07127603261733384
2019-09-01 23:09:00,-0.12069601774777539
2019-09-01 23:12:00,-0.05013418553471638
2019-09-01 23:15:00,0.07237872743775142
2019-09-01 23:18:00,-0.06402658961235375
2019-09-01 23:21:00,-0.05145600007477924
2019-09-01 23:24:00,0.0010470854054460688
2019-09-01 23:27:00,0.01368258039462944
2019-09-01 23:30:00,0.018979433287597658
2019-09-01 23:33:00,0.05366269401116597
2019-09-01 23:36:00,0.026292153456438427
2019-09-01 23:39:00,0.017464750209910562
2019-09-01 23:42:00,0.030050304286589835
2019-09-01 23:45:00,-0.04825114807880482
2019-09-01 23:48:00,0.09531734159605776
2019-09-01 23:51:00,-0.000350826538237925
2019-09-01 23:54:00,0.021947789994442246
2019-09-01 23:57:00,0.047912563906550076
2019-09-02 00:00:00,0.020413271237089248
2019-09-02 00:03:00,0.04828124804151912
2019-09-02 00:06:00,-0.09585015515841633
2019-09-02 00:09:00,0.07848550699128509
2019-09-02 00:12:00,-0.03797987338623443
2019-09-02 00:15:00,0.04429079705079175
2019-09-02 00:18:00,-0.029893064255190893
2019-09-02 00:21:00,0.07690945644219482
2019-09-02 00:24:00,0.0007818207436116609
2019-09-02 00:27:00,0.03214377630780518
2019-09-02 00:30:00,0.055971358893202705
2019-09-02 00:33:00,0.032000777877897235
2019-09-02 00:36:00,-0.013144245099397267
2019-09-02 00:39:00,-0.14037730761157263
2019-09-02 00:42:00,0.12418488821600704
2019-09-02 00:45:00,-0.012718567718081886
2019-09-02 00:48:00,0.03723241866470062
2019-09-02 00:51:00,0.20605131878966176
2019-09-02 00:54:00,0.013368178771486328
2019-09-02 00:57:00,0.07820809556721997
2019-09-02 01:00:00,0.0338689756349595
2019-09-02 01:03:00,0.01781758749996243
2019-09-02 01:06:00,-0.05826000188613989
2019-09-02 01:09:00,0.02878938341785897
2019-09-02 01:12:00,0.039390584055297495
2019-09-02 01:15:00,0.07435713669394772
2019-09-02 01:18:00,0.04328583961853383
2019-09-02 01:21:00,0.12520777485707413
2019-09-02 01:24:00,0.0033830277134256903
2019-09-02 01:27:00,0.05402312270769016
2019-09-02 01:30:00,0.12503250389812592
2019-09-02 01:33:00,0.1150512702183164
2019-09-02 01:36:00,0.009108519957067074
2019-09-02 01:39:00,0.11391724485707755
2019-09-02 01:42:00,0.04952932765206697
2019-09-02 01:45:00,0.0644669194796279
2019-09-02 01:48:00,0.1592856690916733
2019-09-02 01:51:00,0.10623680844770433
2019-09-02 01:54:00,0.16342988383104284
2019-09-02 01:57:00,0.04754298869164586
2019-09-02 02:00:00,0.16069196661527485
2019-09-02 02:03:00,0.10298125098364608
2019-09-02 02:06:00,0.017735860876200604
2019-09-02 02:09:00,0.10744779206487465
2019-09-02 02:12:00,0.13414756327671284
2019-09-02 02:15:00,0.0958327120357012
2019-09-02 02:18:00,0.09966695721658425
2019-09-02 02:21:00,0.13398484435646196
2019-09-02 02:24:00,0.14604497291344387
2019-09-02 02:27:00,-7.36614974243821e-05
2019-09-02 02:30:00,0.08082727801837564
2019-09-02 02:33:00,0.02187152519331903
2019-09-02 02:36:00,-0.0033024810809934024
2019-09-02 02:39:00,-0.025989416717607128
2019-09-02 02:42:00,0.06605075127902182
2019-09-02 02:45:00,-0.06202153926551546
2019-09-02 02:48:00,-0.05738880936451096
2019-09-02 02:51:00,-0.012623939119123406
2019-09-02 02:54:00,0.06099513418155311
2019-09-02 02:57:00,0.08921622404653817
2019-09-02 03:00:00,0.032386246407327235
2019-09-02 03:03:00,-0.005428646494010536
2019-09-02 03:06:00,-0.007377671732626823
2019-09-02 03:09:00,-0.0797228201404323
2019-09-02 03:12:00,0.015822138534588248
2019-09-02 03:15:00,0.10694598650485432
2019-09-02 03:18:00,0.10072021461576242
2019-09-02 03:21:00,0.09159434112359577
2019-09-02 03:24:00,0.08951293155922713
2019-09-02 03:27:00,0.11398926086047823
2019-09-02 03:30:00,0.09105662088995814
2019-09-02 03:33:00,0.15229082587461562
2019-09-02 03:36:00,0.2802276017366694
2019-09-02 03:39:00,0.1644496382278362
2019-09-02 03:42:00,0.17758744230980028
2019-09-02 03:45:00,0.15814810791277978
2019-09-02 03:48:00,0.19497041504820345
2019-09-02 03:51:00,0.07119458555297342
2019-09-02 03:54:00,0.06213945422746292
2019-09-02 03:57:00,0.17479051696204806
2019-09-02 04:00:00,0.1562098725030978
2019-09-02 04:03:00,0.11700318994900272
2019-09-02 04:06:00,0.11289145402565737
2019-09-02 04:09:00,0.2161180819491051
2019-09-02 04:12:00,0.06122577404676122
2019-09-02 04:15:00,0.2621333826654677
2019-09-02 04:18:00,0.2095394809919071
2019-09-02 04:21:00,0.3317625580237973
2019-09-02 04:24:00,0.19068168695639542
2019-09-02 04:27:00,0.07598185348598463
2019-09-02 04:30:00,0.12445586776061646
2019-09-02 04:33:00,0.19631325417861945
2019-09-02 04:36:00,0.24843729140889081
2019-09-02 04:39:00,0.1674053886283673
2019-09-02 04:42:00,0.1834647631100097
2019-09-02 04:45:00,0.07589953458312948
2019-09-02 04:48:00,0.0035084006937040613
2019-09-02 04:51:00,0.11417118948497773
2019-09-02 04:54:00,0.30081756059689724
2019-09-02 04:57:00,0.24342483443422225
2019-09-02 05:00:00,0.21524370170379825
2019-09-02 05:03:00,0.17137400323048269
2019-09-02 05:06:00,0.1560470467485402
2019-09-02 05:09:00,0.20589524628144318
2019-09-02 05:12:00,0.05062736584540062
2019-09-02 05:15:00,0.0865462312414138
2019-09-02 05:18:00,0.07521951002848937
2019-09-02 05:21:00,0.14838140177573678
2019-09-02 05:24:00,0.15123655874896258
2019-09-02 05:27:00,-0.026711045972604097
2019-09-02 05:30:00,-0.01145749116449224
2019-09-02 05:33:00,-0.014851614308042826
2019-09-02 05:36:00,0.045294973360114454
2019-09-02 05:39:00,-0.011418659123648922
2019-09-02 05:42:00,0.0967827175956586
2019-09-02 05:45:00,0.14659784372076956
2019-09-02 05:48:00,0.1326426229867934
2019-09-02 05:51:00,0.15827750210240765
2019-09-02 05:54:00,0.15831784120388193
2019-09-02 05:57:00,0.1691525384836723
2019-09-02 06:00:00,0.1369753628169974
2019-09-02 06:03:00,0.15139316728328822
2019-09-02 06:06:00,0.21074031417327888
2019-09-02 06:09:00,0.23206088336348785
2019-09-02 06:12:00,0.2815421877407971
2019-09-02 06:15:00,0.21054997513823537
2019-09-02 06:18:00,0.10442673658076274
2019-09-02 06:21:00,0.21797279667185876
2019-09-02 06:24:00,0.24931869482901448
2019-09-02 06:27:00,0.15229219163137486
2019-09-02 06:30:00,0.12825598829493856
2019-09-02 06:33:00,0.21424995589222817
2019-09-02 06:36:00,0.14498386831098742
2019-09-02 06:39:00,0.16714767938384512
2019-09-02 06:42:00,0.11938503738838335
2019-09-02 06:45:00,0.020494040420260262
2019-09-02 06:48:00,0.17423024182158997
2019-09-02 06:51:00,0.10663002144150369
2019-09-02 06:54:00,0.11966659546544633
2019-09-02 06:57:00,0.1603420413408685
2019-09-02 07:00:00,0.1020053806732335
2019-09-02 07:03:00,0.13558642354706762
2019-09-02 07:06:00,0.04938608957542101
2019-09-02 07:09:00,0.09916670878777722
2019-09-02 07:12:00,0.10714696636841836
2019-09-02 07:15:00,0.1408129995024865
2019-09-02 07:18:00,0.04307862363231152
2019-09-02 07:21:00,0.0512122305358389
2019-09-02 07:24:00,0.14530363776168542
2019-09-02 07:27:00,0.10138435202486562
2019-09-02 07:30:00,0.14659430967896014
2019-09-02 07:33:00,0.12624310160123287
2019-09-02 07:36:00,-0.006233059559292542
2019-09-02 07:39:00,0.05712058388218111
2019-09-02 07:42:00,0.1983266130940251
2019-09-02 07:45:00,0.04366028648030351
2019-09-02 07:48:00,0.036483783727817354
2019-09-02 07:51:00,0.16995474410566658
2019-09-02 07:54:00,0.03714171944716327
2019-09-02 07:57:00,0.015234282350888861
2019-09-02 08:00:00,0.07976838415669363
2019-09-02 08:03:00,0.02046121678080226
2019-09-02 08:06:00,-0.006287076925048041
2019-09-02 08:09:00,0.020713553374150706
2019-09-02 08:12:00,0.04183930948460102
2019-09-02 08:15:00,-0.028537359913343607
2019-09-02 08:18:00,0.07058625557095866
2019-09-02 08:21:00,0.005639371750532973
2019-09-02 08:24:00,-0.036073969213191504
2019-09-02 08:27:00,0.03726327987953937
2019-09-02 08:30:00,0.08640024931651169
2019-09-02 08:33:00,0.041937572213441854
2019-09-02 08:36:00,-0.10284159654781888
2019-09-02 08:39:00,-0.09716807209844092
2019-09-02 08:42:00,-0.13297665855776586
2019-09-02 08:45:00,-0.17461877624077715
2019-09-02 08:48:00,-0.12218461018500193
2019-09-02 08:51:00,-0.15234540175765687
2019-09-02 08:54:00,-0.1438449442883325
2019-09-02 08:57:00,-0.1150787623913061
2019-09-02 09:00:00,-0.10586931126630361
2019-09-02 09:03:00,-0.13164739906056866
2019-09-02 09:06:00,-0.0745442471193769
2019-09-02 09:09:00,-0.11319077800635569
2019-09-02 09:12:00,-0.1717997663503752
2019-09-02 09:15:00,-0.11401216690728688
2019-09-02 09:18:00,-0.17851783712836777
2019-09-02 09:21:00,-0.055893412266527776
2019-09-02 09:24:00,-0.13384944286752898
2019-09-02 09:27:00,-0.12408187118023761
2019-09-02 09:30:00,-0.12099944629648007
2019-09-02 09:33:00,-0.09861255900227661
2019-09-02 09:36:00,-0.18671539304637008
2019-09-02 09:39:00,-0.21290862568559987
2019-09-02 09:42:00,-0.3030409957318625
2019-09-02 09:45:00,-0.20189870402259658
2019-09-02 09:48:00,-0.3422318691982582
2019-09-02 09:51:00,-0.2734613238242787
2019-09-02 09:54:00,-0.3347082738786753
2019-09-02 09:57:00,-0.326113030640272
2019-09-02 10:00:00,-0.28434192186711016
2019-09-02 10:03:00,-0.25738230693735886
2019-09-02 10:06:00,-0.22210419858765817
2019-09-02 10:09:00,-0.2766477734365367
2019-09-02 10:12:00,-0.13653084469990517
2019-09-02 10:15:00,-0.19312571798496947
2019-09-02 10:18:00,-0.1483570542201278
2019-09-02 10:21:00,-0.24912967935136976
2019-09-02 10:24:00,-0.11888963610670089
2019-09-02 10:27:00,-0.18456909392904208
2019-09-02 10:30:00,-0.33377665293323844
2019-09-02 10:33:00,-0.3084552621943999
2019-09-02 10:36:00,-0.21886537493833202
2019-09-02 10:39:00,-0.2311240397613119
2019-09-02 10:42:00,-0.2657494259557325
2019-09-02 10:45:00,-0.2628036290548721
2019-09-02 10:48:00,-0.31041753340178957
2019-09-02 10:51:00,-0.22581934807232074
2019-09-02 10:54:00,-0.32800684936842117
2019-09-02 10:57:00,-0.3642024404532549
2019-09-02 11:00:00,-0.2434158620471294
2019-09-02 11:03:00,-0.3689255930951276
2019-09-02 11:06:00,-0.3787338988406077
2019-09-02 11:09:00,-0.31132670482105596
2019-09-02 11:12:00,-0.4117895756435246
2019-09-02 11:15:00,-0.3303276538330806
2019-09-02 11:18:00,-0.336154534489026
2019-09-02 11:21:00,-0.3631710925340599
2019-09-02 11:24:00,-0.2790043324860676
2019-09-02 11:27:00,-0.2512990693308552
2019-09-02 11:30:00,-0.3371969487624824
2019-09-02 11:33:00,-0.24846826219982177
2019-09-02 11:36:00,-0.238009786709938
2019-09-02 11:39:00,-0.3091453349216522
2019-09-02 11:42:00,-0.4140648198381882
2019-09-02 11:45:00,-0.4666225180744732
2019-09-02 11:48:00,-0.2842767131679125
2019-09-02 11:51:00,-0.4021298907828168
2019-09-02 11:54:00,-0.46115621283820474
2019-09-02 11:57:00,-0.37096983358560465
2019-09-02 12:00:00,-0.3512499949487733
2019-09-02 12:03:00,-0.4367658641967296
2019-09-02 12:06:00,-0.4554977468712309
2019-09-02 12:09:00,-0.4580769220268053
2019-09-02 12:12:00,-0.41530670596688424
2019-09-02 12:15:00,-0.4254225344272413
2019-09-02 12:18:00,-0.6081370379021678
2019-09-02 12:21:00,-0.4725378332730088
2019-09-02 12:24:00,-0.48298716808534436
2019-09-02 12:27:00,-0.39848341384134756
2019-09-02 12:30:00,-0.24440920875372285
2019-09-02 12:33:00,-0.18944781252679377
2019-09-02 12:36:00,-0.2593596692951792
2019-09-02 12:39:00,-0.35804931783474103
2019-09-02 12:42:00,-0.27832807353593125
2019-09-02 12:45:00,-0.3023805220718714
2019-09-02 12:48:00,-0.16611508565455324
2019-09-02 12:51:00,-0.16957535490018927
2019-09-02 12:54:00,-0.14385521797163392
2019-09-02 12:57:00,-0.21880273354253177
2019-09-02 13:00:00,-0.038703992072044
2019-09-02 13:03:00,-0.020841779408954153
2019-09-02 13:06:00,0.12501914628148825
2019-09-02 13:09:00,0.11513962078493023
2019-09-02 13:12:00,-0.10734937790277854
2019-09-02 13:15:00,-0.19413805304048992
2019-09-02 13:18:00,-0.16991928121188948
2019-09-02 13:21:00,-0.2790226606983879
2019-09-02 13:24:00,-0.21113727145325356
2019-09-02 13:27:00,-0.30229577439996547
2019-09-02 13:30:00,-0.14060733887293964
2019-09-02 13:33:00,-0.21516695644368156
2019-09-02 13:36:00,-0.24468584301354213
2019-09-02 13:39:00,-0.3547229613196805
2019-09-02 13:42:00,-0.2910086119487687
2019-09-02 13:45:00,-0.380475265560392
2019-09-02 13:48:00,-0.4875783553872566
2019-09-02 13:51:00,-0.35602034903280355
2019-09-02 13:54:00,-0.4495064930739545
2019-09-02 13:57:00,-0.27137985459370384
2019-09-02 14:00:00,-0.3049828057679633
2019-09-02 14:03:00,-0.34871473867326586
2019-09-02 14:06:00,-0.5070558050567229
2019-09-02 14:09:00,-0.4964381709329473
2019-09-02 14:12:00,-0.37358392493962356
2019-09-02 14:15:00,-0.321259837617788
2019-09-02 14:18:00,-0.40870007440332756
2019-09-02 14:21:00,-0.31244403550942934
2019-09-02 14:24:00,-0.4524984353782884
2019-09-02 14:27:00,-0.580910612589264
2019-09-02 14:30:00,-0.46450829307940467
2019-09-02 14:33:00,-0.48485950355319574
2019-09-02 14:36:00,-0.5200671565086168
2019-09-02 14:39:00,-0.5190789683172738
2019-09-02 14:42:00,-0.6069710916011672
2019-09-02 14:45:00,-0.523385923896285
2019-09-02 14:48:00,-0.5932556364111861
2019-09-02 14:51:00,-0.4367250900109525
2019-09-02 14:54:00,-0.6527585619701313
2019-09-02 14:57:00,-0.5294946865118391
2019-09-02 15:00:00,-0.4681499126876929
2019-09-02 15:03:00,-0.5111415298055135
2019-09-02 15:06:00,-0.5304216361361114
2019-09-02 15:09:00,-0.5396973816628474
2019-09-02 15:12:00,-0.5518708149606937
2019-09-02 15:15:00,-0.5705974174380231
2019-09-02 15:18:00,-0.5256240717134801
2019-09-02 15:21:00,-0.5775867739015439
2019-09-02 15:24:00,-0.5607517782465834
2019-09-02 15:27:00,-0.4964362280451837
2019-09-02 15:30:00,-0.5751502763472445
2019-09-02 15:33:00,-0.48482797219821805
2019-09-02 15:36:00,-0.516589100341946
2019-09-02 15:39:00,-0.46951351873264
2019-09-02 15:42:00,-0.5426923239541566
2019-09-02 15:45:00,-0.6475408022834586
2019-09-02 15:48:00,-0.5476764242753802
2019-09-02 15:51:00,-0.5981317396611416
2019-09-02 15:54:00,-0.54557023472114
2019-09-02 15:57:00,-0.313081082144663
2019-09-02 16:00:00,-0.37423732138273635
2019-09-02 16:03:00,-0.4447002014517807
2019-09-02 16:06:00,-0.47868538762253365
2019-09-02 16:09:00,-0.4251039165465613
2019-09-02 16:12:00,-0.38086944973269965
2019-09-02 16:15:00,-0.30701873267889823
2019-09-02 16:18:00,-0.35018501625273757
2019-09-02 16:21:00,-0.32702574018202313
2019-09-02 16:24:00,-0.3008083724845392
2019-09-02 16:27:00,-0.2991734870054188
2019-09-02 16:30:00,-0.34807210874998873
2019-09-02 16:33:00,-0.2727412529343951
2019-09-02 16:36:00,-0.3757290524555401
2019-09-02 16:39:00,-0.378148962694695
2019-09-02 16:42:00,-0.45886464118279946
2019-09-02 16:45:00,-0.28417151136596885
2019-09-02 16:48:00,-0.35644302398657146
2019-09-02 16:51:00,-0.422702268023329
2019-09-02 16:54:00,-0.25881503475932277
2019-09-02 16:57:00,-0.332982970091507
2019-09-02 17:00:00,-0.3770097286393934
2019-09-02 17:03:00,-0.47929446208411264
2019-09-02 17:06:00,-0.31180453151176835
2019-09-02 17:09:00,-0.47319216912705997
2019-09-02 17:12:00,-0.41305632407744497
2019-09-02 17:15:00,-0.4144395163855279
2019-09-02 17:18:00,-0.4232437285050423
2019-09-02 17:21:00,-0.3299438536784578
2019-09-02 17:24:00,-0.3748771097896224
2019-09-02 17:27:00,-0.3206096303870254
2019-09-02 17:30:00,-0.33601259801986316
2019-09-02 17:33:00,-0.4069814899395965
2019-09-02 17:36:00,-0.2847695047536831
2019-09-02 17:39:00,-0.23807771668339228
2019-09-02 17:42:00,-0.18742683025692486
2019-09-02 17:45:00,-0.2068608656820743
2019-09-02 17:48:00,-0.15699467568646241
2019-09-02 17:51:00,-0.2251879108707726
2019-09-02 17:54:00,-0.2803158698062589
2019-09-02 17:57:00,-0.21016791359187437
2019-09-02 18:00:00,-0.0771867571106668
2019-09-02 18:03:00,-0.15907822473297983
2019-09-02 18:06:00,-0.15894287070705104
2019-09-02 18:09:00,-0.17911153479468567
2019-09-02 18:12:00,-0.12981638101473436
2019-09-02 18:15:00,-0.12011206642534944
2019-09-02 18:18:00,-0.11482947805177446
2019-09-02 18:21:00,-0.26410242240848447
2019-09-02 18:24:00,-0.15754732829714158
2019-09-02 18:27:00,-0.19987559192156823
2019-09-02 18:30:00,-0.20954225217229805
2019-09-02 18:33:00,-0.208233413108303
2019-09-02 18:36:00,-0.19788899221754264
2019-09-02 18:39:00,-0.17874882939963754
2019-09-02 18:42:00,-0.13827511017649385
2019-09-02 18:45:00,-0.0985579295252137
2019-09-02 18:48:00,-0.11470347079853127
2019-09-02 18:51:00,-0.15032289501192508
2019-09-02 18:54:00,
2019-09-02 18:57:00,
2019-09-02 19:00:00,
2019-09-02 19:03:00,0.03114828022552274
2019-09-02 19:06:00,-0.00284241077582692
2019-09-02 19:09:00,-0.04742810250536422
2019-09-02 19:12:00,0.019305444424560392
2019-09-02 19:15:00,-0.08200033881780655
2019-09-02 19:18:00,-0.12525898326327933
2019-09-02 19:21:00,-0.08623834544891906
2019-09-02 19:24:00,0.0032613224863098367
2019-09-02 19:27:00,-0.14928740132404528
2019-09-02 19:30:00,0.08596106329503073
2019-09-02 19:33:00,-0.003689836725186524
2019-09-02 19:36:00,-0.004158516554639391
2019-09-02 19:39:00,-0.02191920954504667
2019-09-02 19:42:00,0.06907873032264433
2019-09-02 19:45:00,0.05458137323756773
2019-09-02 19:48:00,-0.042792532574196684
2019-09-02 19:51:00,0.004743321890543939
2019-09-02 19:54:00,0.01424303569336871
2019-09-02 19:57:00,0.03361692838871022
2019-09-02 20:00:00,0.011607429333878372
2019-09-02 20:03:00,-0.013690994467992823
2019-09-02 20:06:00,0.07612650976227542
2019-09-02 20:09:00,0.1398405814900343
2019-09-02 20:12:00,0.15434134453852266
2019-09-02 20:15:00,0.020712849663368615
2019-09-02 20:18:00,0.0819351584124206
2019-09-02 20:21:00,0.0748298766334301
2019-09-02 20:24:00,0.1431613847960307
2019-09-02 20:27:00,0.04244438603365097
2019-09-02 20:30:00,0.09688141311784193
2019-09-02 20:33:00,0.06743827547705905
2019-09-02 20:36:00,0.0852964392827289
2019-09-02 20:39:00,0.011299583628442633
2019-09-02 20:42:00,0.10007691408890196
2019-09-02 20:45:00,0.047798983312247856
2019-09-02 20:48:00,0.09034601594731839
2019-09-02 20:51:00,0.07707897902673722
2019-09-02 20:54:00,0.00843909046875524
2019-09-02 20:57:00,0.03910105798894392
2019-09-02 21:00:00,0.04481885283456677
2019-09-02 21:03:00,0.08884016562547004
2019-09-02 21:06:00,0.0820287355299456
2019-09-02 21:09:00,0.07036997635100306
2019-09-02 21:12:00,-0.047798564957076906
2019-09-02 21:15:00,-0.052544487877753454
2019-09-02 21:18:00,0.015921386767104195
2019-09-02 21:21:00,0.0530739371934601
2019-09-02 21:24:00,0.058956682671919225
2019-09-02 21:27:00,0.1674409391342806
2019-09-02 21:30:00,0.12542263423364375
2019-09-02 21:33:00,0.12103908013881437
2019-09-02 21:36:00,0.13491744368189984
2019-09-02 21:39:00,0.1170509409467968
2019-09-02 21:42:00,0.08078828598678456
2019-09-02 21:45:00,0.13942066998674818
2019-09-02 21:48:00,0.05614256294114739
2019-09-02 21:51:00,0.07126891678439051
2019-09-02 21:54:00,0.019804371205452753
2019-09-02 21:57:00,-0.012469513219741657
2019-09-02 22:00:00,-0.010055815307907778
2019-09-02 22:03:00,0.06883107882822515
2019-09-02 22:06:00,-0.008349943044265729
2019-09-02 22:09:00,0.07948526113517573
2019-09-02 22:12:00,0.011424049066135922
2019-09-02 22:15:00,0.05585866858132249
2019-09-02 22:18:00,0.12727585864928415
2019-09-02 22:21:00,0.18831437017848884
2019-09-02 22:24:00,0.02817653797114872
2019-09-02 22:27:00,0.02049841736010194
2019-09-02 22:30:00,0.12871323182969263
2019-09-02 22:33:00,0.05297019665493963
2019-09-02 22:36:00,0.097107537751981
2019-09-02 22:39:00,0.18798597882710055
2019-09-02 22:42:00,0.1473718228688199
2019-09-02 22:45:00,0.15551080178585153
2019-09-02 22:48:00,0.13953198351305218
2019-09-02 22:51:00,0.1658045035868554
2019-09-02 22:54:00,0.11170161210907281
2019-09-02 22:57:00,0.10006096169661305
2019-09-02 23:00:00,0.14625832947814388
2019-09-02 23:03:00,0.18316305775653063
2019-09-02 23:06:00,0.1522478575632249
2019-09-02 23:09:00,0.21445128269016323
2019-09-02 23:12:00,0.16682881284208406
2019-09-02 23:15:00,0.06927104975710563
2019-09-02 23:18:00,0.16247429452124607
2019-09-02 23:21:00,0.11150542373434291
2019-09-02 23:24:00,0.14688539929369426
2019-09-02 23:27:00,0.07612092111526181
2019-09-02 23:30:00,0.12954180433968077
2019-09-02 23:33:00,0.20158651768645086
2019-09-02 23:36:00,0.09052879862281316
2019-09-02 23:39:00,0.14791811744788674
2019-09-02 23:42:00,0.08793394972587976
2019-09-02 23:45:00,0.23032270141567324
2019-09-02 23:48:00,0.11533824636006784
2019-09-02 23:51:00,0.1485880234277488
2019-09-02 23:54:00,0.1646503211738377
2019-09-02 23:57:00,0.1332284464453437
2019-09-03 00:00:00,0.21379445472251746
2019-09-03 00:03:00,0.09845643686566063
2019-09-03 00:06:00,0.168587182797296
2019-09-03 00:09:00,0.15398208026516613
2019-09-03 00:12:00,0.10572035749197539
2019-09-03 00:15:00,0.20402316468971549
2019-09-03 00:18:00,0.1055439751972358
2019-09-03 00:21:00,0.047313668390359
2019-09-03 00:24:00,0.05240842282177027
2019-09-03 00:27:00,0.08245435292678849
2019-09-03 00:30:00,0.14244465918625338
2019-09-03 00:33:00,0.2118539065898517
2019-09-03 00:36:00,0.15296319981445095
2019-09-03 00:39:00,0.1719405011090771
2019-09-03 00:42:00,0.05740651288448362
2019-09-03 00:45:00,-0.013488451578155036
2019-09-03 00:48:00,-0.01878087372290338
2019-09-03 00:51:00,0.1557352207845497
2019-09-03 00:54:00,0.030147099006626377
2019-09-03 00:57:00,-0.004321867269936774
2019-09-03 01:00:00,0.010313215884139026
2019-09-03 01:03:00,-0.013649586761744104
2019-09-03 01:06:00,0.06767520268192584
2019-09-03 01:09:00,0.025046315213558046
2019-09-03 01:12:00,0.10998377505745793
2019-09-03 01:15:00,0.11714997187937115
2019-09-03 01:18:00,0.07495218226557654
2019-09-03 01:21:00,0.10013756256449824
2019-09-03 01:24:00,0.15221815845052333
2019-09-03 01:27:00,0.09664426493151268
2019-09-03 01:30:00,0.05782917476597049
2019-09-03 01:33:00,0.13945936256146751
2019-09-03 01:36:00,0.16844707453969932
2019-09-03 01:39:00,0.16329672363849568
2019-09-03 01:42:00,0.060038381596427826
2019-09-03 01:45:00,0.15849793973728765
2019-09-03 01:48:00,0.17626352007783908
2019-09-03 01:51:00,0.13364964279014657
2019-09-03 01:54:00,0.15220649269116393
2019-09-03 01:57:00,0.23276761248763478
2019-09-03 02:00:00,0.21944074203355513
2019-09-03 02:03:00,0.06659185081497299
2019-09-03 02:06:00,0.2540659238255216
2019-09-03 02:09:00,0.1477983214043661
2019-09-03 02:12:00,0.22626217498577716
2019-09-03 02:15:00,0.22316449448464937
2019-09-03 02:18:00,0.19533284121371253
2019-09-03 02:21:00,0.10782621930354708
2019-09-03 02:24:00,0.14155368538075663
2019-09-03 02:27:00,0.19865516913495185
2019-09-03 02:30:00,0.16682306881904196
2019-09-03 02:33:00,0.1069313509747758
2019-09-03 02:36:00,0.09360655502007376
2019-09-03 02:39:00,0.08066219073600678
2019-09-03 02:42:00,0.16028680728373956
2019-09-03 02:45:00,0.2204648309083268
2019-09-03 02:48:00,0.22322831243070596
2019-09-03 02:51:00,0.1178776099441734
2019-09-03 02:54:00,0.15161101287696965
2019-09-03 02:57:00,0.16401232604516736
2019-09-03 03:00:00,0.19198189165427948
2019-09-03 03:03:00,0.16995249985416194
2019-09-03 03:06:00,0.16826779212459542
2019-09-03 03:09:00,0.20132811303693643
2019-09-03 03:12:00,0.17628563556314703
2019-09-03 03:15:00,0.09676443375838062
2019-09-03 03:18:00,0.18238869664264712
2019-09-03 03:21:00,0.13671919675232402
2019-09-03 03:24:00,0.2609306623810994
2019-09-03 03:27:00,0.1787768455932337
2019-09-03 03:30:00,0.0814001830590314
2019-09-03 03:33:00,0.2516838442386984
2019-09-03 03:36:00,0.0787864342495368
2019-09-03 03:39:00,0.15766096445116773
2019-09-03 03:42:00,0.2605937250193051
2019-09-03 03:45:00,0.160034533226451
2019-09-03 03:48:00,0.09897582560057572
2019-09-03 03:51:00,0.08830008548818569
2019-09-03 03:54:00,0.18408862256416114
2019-09-03 03:57:00,0.19368334199077708
2019-09-03 04:00:00,0.20290818669934652
2019-09-03 04:03:00,0.18656406674818982
2019-09-03 04:06:00,0.1640481953712083
2019-09-03 04:09:00,0.19333323065973218
2019-09-03 04:12:00,0.15013972317677826
2019-09-03 04:15:00,0.16260427660165533
2019-09-03 04:18:00,0.25299100695093557
2019-09-03 04:21:00,0.25424291924383624
2019-09-03 04:24:00,0.12638758972747155
2019-09-03 04:27:00,0.1600839278166859
2019-09-03 04:30:00,0.07286083971092694
2019-09-03 04:33:00,0.10714887860245881
2019-09-03 04:36:00,0.16969268811311622
2019-09-03 04:39:00,0.19152299803118922
2019-09-03 04:42:00,0.20790423681825132
2019-09-03 04:45:00,0.20850594993822824
2019-09-03 04:48:00,0.07421794320481467
2019-09-03 04:51:00,0.21624310917985667
2019-09-03 04:54:00,0.13043182746088178
2019-09-03 04:57:00,0.18089563584362622
2019-09-03 05:00:00,0.24595897933863853
2019-09-03 05:03:00,0.20355311950288524
2019-09-03 05:06:00,0.30124583312255027
2019-09-03 05:09:00,0.29620814909708315
2019-09-03 05:12:00,0.2420943138970415
2019-09-03 05:15:00,0.2632998651506
2019-09-03 05:18:00,0.23064422351603753
2019-09-03 05:21:00,0.29093869682054674
2019-09-03 05:24:00,0.2925618637474372
2019-09-03 05:27:00,0.3441386716395982
2019-09-03 05:30:00,0.2704825136067939
2019-09-03 05:33:00,0.37416640155066716
2019-09-03 05:36:00,0.31043183657419604
2019-09-03 05:39:00,0.3570819762221049
2019-09-03 05:42:00,0.31353479003826124
2019-09-03 05:45:00,0.34177820528805114
2019-09-03 05:48:00,0.30054759480367466
2019-09-03 05:51:00,0.3065476821212769
2019-09-03 05:54:00,0.3419127451721238
2019-09-03 05:57:00,0.2933585048385794
2019-09-03 06:00:00,0.35128315239830954
2019-09-03 06:03:00,0.40034055966737014
2019-09-03 06:06:00,0.3319229363007139
2019-09-03 06:09:00,0.31270644640005685
2019-09-03 06:12:00,0.3517810641106962
2019-09-03 06:15:00,0.18017257653201568
2019-09-03 06:18:00,0.26937174848455925
2019-09-03 06:21:00,0.3632249785797512
2019-09-03 06:24:00,0.26746044113082235
2019-09-03 06:27:00,0.37052687577090637
2019-09-03 06:30:00,0.3347144102473294
2019-09-03 06:33:00,0.3516555601299274
2019-09-03 06:36:00,0.2497613914985095
2019-09-03 06:39:00,0.3158636800459931
2019-09-03 06:42:00,0.3173021795642512
2019-09-03 06:45:00,0.31160134910578563
2019-09-03 06:48:00,0.2891510163328235
2019-09-03 06:51:00,0.313109817714178
2019-09-03 06:54:00,0.3413228263456176
2019-09-03 06:57:00,0.38257738704891153
2019-09-03 07:00:00,0.2660502233990769
2019-09-03 07:03:00,0.3066383019839236
2019-09-03 07:06:00,0.3925073771374059
2019-09-03 07:09:00,0.3672197231472296
2019-09-03 07:12:00,0.3292401179508033
2019-09-03 07:15:00,0.3343094296797062
2019-09-03 07:18:00,0.3250555327832103
2019-09-03 07:21:00,0.3174310774444393
2019-09-03 07:24:00,0.3307012498793256
2019-09-03 07:27:00,0.3429747164144601
2019-09-03 07:30:00,0.30409938700091743
2019-09-03 07:33:00,0.40726998417090954
2019-09-03 07:36:00,0.24967518928832533
2019-09-03 07:39:00,0.30972646119749925
2019-09-03 07:42:00,0.3082142897509357
2019-09-03 07:45:00,0.27479440598403926
2019-09-03 07:48:00,0.334360251269743
2019-09-03 07:51:00,0.2519030490699947
2019-09-03 07:54:00,0.2895728172975396
2019-09-03 07:57:00,0.30738387514810483
2019-09-03 08:00:00,0.3513053353934765
2019-09-03 08:03:00,0.24493264607821175
2019-09-03 08:06:00,0.3266046053001901
2019-09-03 08:09:00,0.2372131226763372
2019-09-03 08:12:00,0.19484635161637698
2019-09-03 08:15:00,0.3068406040785021
2019-09-03 08:18:00,0.18776205302714288
2019-09-03 08:21:00,0.2507914379024214
2019-09-03 08:24:00,0.2417754481149359
2019-09-03 08:27:00,0.27676879281938227
2019-09-03 08:30:00,0.25261128852110915
2019-09-03 08:33:00,0.16244275534950248
2019-09-03 08:36:00,0.12833221046702192
2019-09-03 08:39:00,0.14855744425005923
2019-09-03 08:42:00,0.16227985464138328
2019-09-03 08:45:00,0.12578911223897649
2019-09-03 08:48:00,0.11237929672421387
2019-09-03 08:51:00,0.16349466092646026
2019-09-03 08:54:00,0.1662626259307558
2019-09-03 08:57:00,0.07836591197764164
2019-09-03 09:00:00,0.012582900762367899
2019-09-03 09:03:00,0.041182642026512895
2019-09-03 09:06:00,-0.0041746389238142
2019-09-03 09:09:00,-0.15037666154728413
2019-09-03 09:12:00,-0.11298667272023977
2019-09-03 09:15:00,-0.1293492804293237
2019-09-03 09:18:00,-0.0467747845921167
2019-09-03 09:21:00,-0.12137454681936788
2019-09-03 09:24:00,0.02884691497769154
2019-09-03 09:27:00,-0.17181192548810031
2019-09-03 09:30:00,-0.07078235065648641
2019-09-03 09:33:00,-0.17313509082924838
2019-09-03 09:36:00,-0.21873805827920023
2019-09-03 09:39:00,-0.19667925584082013
2019-09-03 09:42:00,-0.007431306160810891
2019-09-03 09:45:00,-0.3101309750711607
2019-09-03 09:48:00,-0.25297191730987834
2019-09-03 09:51:00,-0.10767667393866986
2019-09-03 09:54:00,-0.21551280127908967
2019-09-03 09:57:00,-0.1607244383936859
2019-09-03 10:00:00,-0.21165264047050414
2019-09-03 10:03:00,-0.1865157348652815
2019-09-03 10:06:00,-0.2981792046059013
2019-09-03 10:09:00,-0.42081837167057756
2019-09-03 10:12:00,-0.2588457224807712
2019-09-03 10:15:00,-0.34771382929488936
2019-09-03 10:18:00,-0.32617046678444694
2019-09-03 10:21:00,-0.43170099526736294
2019-09-03 10:24:00,-0.28350643768402506
2019-09-03 10:27:00,-0.27186667858387636
2019-09-03 10:30:00,-0.3578797217562055
2019-09-03 10:33:00,-0.3709508755368347
2019-09-03 10:36:00,-0.40406580435478645
2019-09-03 10:39:00,-0.3413000503031185
2019-09-03 10:42:00,-0.3865134429708519
2019-09-03 10:45:00,-0.49639894337650503
2019-09-03 10:48:00,-0.37404484164574114
2019-09-03 10:51:00,-0.4423806356554678
2019-09-03 10:54:00,-0.4914566411143255
2019-09-03 10:57:00,-0.47882992595140195
2019-09-03 11:00:00,-0.43494716476118356
2019-09-03 11:03:00,-0.4667555035908322
2019-09-03 11:06:00,-0.43058384704249875
2019-09-03 11:09:00,-0.5041335595803957
2019-09-03 11:12:00,-0.5194620610052993
2019-09-03 11:15:00,-0.5286460218014781
2019-09-03 11:18:00,-0.46959314018255327
2019-09-03 11:21:00,-0.5605374521440467
2019-09-03 11:24:00,-0.5193282330399711
2019-09-03 11:27:00,-0.6770611608026229
2019-09-03 11:30:00,-0.6222091149884363
2019-09-03 11:33:00,-0.6441618126463027
2019-09-03 11:36:00,-0.5855439509626308
2019-09-03 11:39:00,-0.614679948559683
2019-09-03 11:42:00,-0.5986380137254628
2019-09-03 11:45:00,-0.5723439460059581
2019-09-03 11:48:00,-0.7435625374400274
2019-09-03 11:51:00,0.0009249128094666048
2019-09-03 11:54:00,0.044866808743734055
2019-09-03 11:57:00,0.006493060533671269
2019-09-03 12:00:00,0.1972156635251281
2019-09-03 12:03:00,0.27340533571066317
2019-09-03 12:06:00,0.25045298453784426
2019-09-03 12:09:00,-0.6927878531961369
2019-09-03 12:12:00,-0.6512236785617347
2019-09-03 12:15:00,-0.6287573421056436
2019-09-03 12:18:00,-0.6962291339660851
2019-09-03 12:21:00,-0.5539000801428529
2019-09-03 12:24:00,-0.6213455052363202
2019-09-03 12:27:00,-0.561961914902497
2019-09-03 12:30:00,-0.6836490327100933
2019-09-03 12:33:00,-0.6498933869959274
2019-09-03 12:36:00,-0.5044550144370987
2019-09-03 12:39:00,-0.654395989508771
2019-09-03 12:42:00,-0.5980460727407717
2019-09-03 12:45:00,-0.6291324437359549
2019-09-03 12:48:00,-0.6384995262345683
2019-09-03 12:51:00,-0.709241174532508
2019-09-03 12:54:00,-0.6412357056949531
2019-09-03 12:57:00,-0.5657348805497691
2019-09-03 13:00:00,-0.497377797233014
2019-09-03 13:03:00,-0.5571948598167751
2019-09-03 13:06:00,-0.5605999944124846
2019-09-03 13:09:00,-0.6128199619228667
2019-09-03 13:12:00,-0.48659219132377984
2019-09-03 13:15:00,-0.668962349692606
2019-09-03 13:18:00,-0.6726883778689512
2019-09-03 13:21:00,-0.6371372925772221
2019-09-03 13:24:00,-0.6283685415088485
2019-09-03 13:27:00,-0.44033992532968114
2019-09-03 13:30:00,-0.719026368258767
2019-09-03 13:33:00,-0.728023640452875
2019-09-03 13:36:00,-0.5572817937144237
2019-09-03 13:39:00,-0.6348432643702608
2019-09-03 13:42:00,-0.6345264988837584
2019-09-03 13:45:00,-0.49531371809780467
2019-09-03 13:48:00,-0.4945482083780348
2019-09-03 13:51:00,-0.6131623547446452
2019-09-03 13:54:00,-0.5899400505151675
2019-09-03 13:57:00,-0.5456359864953129
2019-09-03 14:00:00,-0.5787426659563266
2019-09-03 14:03:00,-0.6262545606670074
2019-09-03 14:06:00,-0.554427145391287
2019-09-03 14:09:00,-0.686668225693154
2019-09-03 14:12:00,-0.6667290730263176
2019-09-03 14:15:00,-0.6088866709592367
2019-09-03 14:18:00,-0.5654715753784103
2019-09-03 14:21:00,-0.4747807917276532
2019-09-03 14:24:00,-0.6247986256865374
2019-09-03 14:27:00,-0.5652555438589957
2019-09-03 14:30:00,-0.5447407850383001
2019-09-03 14:33:00,-0.548423031968639
2019-09-03 14:36:00,-0.5120554467005718
2019-09-03 14:39:00,-0.5799778650725784
2019-09-03 14:42:00,-0.5581125616388363
2019-09-03 14:45:00,-0.5318289915072114
2019-09-03 14:48:00,-0.5509805558673975
2019-09-03 14:51:00,-0.5386959887594571
2019-09-03 14:54:00,-0.6534604995721907
2019-09-03 14:57:00,-0.59180676191977
2019-09-03 15:00:00,-0.6006831431687374
2019-09-03 15:03:00,-0.6276018156842156
2019-09-03 15:06:00,-0.592202288512226
2019-09-03 15:09:00,-0.6140281751440853
2019-09-03 15:12:00,-0.6329736506153267
2019-09-03 15:15:00,-0.5686958759989693
2019-09-03 15:18:00,-0.6143187787052966
2019-09-03 15:21:00,-0.5435554791093296
2019-09-03 15:24:00,-0.514723269337594
2019-09-03 15:27:00,-0.6266547641033071
2019-09-03 15:30:00,-0.7566381287863919
2019-09-03 15:33:00,-0.642824601978532
2019-09-03 15:36:00,-0.6454246081335668
2019-09-03 15:39:00,-0.5935071102645111
2019-09-03 15:42:00,-0.6179714783719419
2019-09-03 15:45:00,-0.639209195179717
2019-09-03 15:48:00,-0.43436850402446225
2019-09-03 15:51:00,-0.6953219525770464
2019-09-03 15:54:00,-0.6557487267027682
2019-09-03 15:57:00,-0.48421713118545995
2019-09-03 16:00:00,-0.6012424045138118
2019-09-03 16:03:00,-0.6026708851908893
2019-09-03 16:06:00,-0.444236133683944
2019-09-03 16:09:00,-0.5176382382496172
2019-09-03 16:12:00,-0.5455542062525183
2019-09-03 16:15:00,-0.5590137047478265
2019-09-03 16:18:00,-0.5888840321836142
2019-09-03 16:21:00,-0.6163585452249549
2019-09-03 16:24:00,-0.46577393660027155
2019-09-03 16:27:00,-0.5668347823853424
2019-09-03 16:30:00,-0.5512754099687527
2019-09-03 16:33:00,-0.5576498053688397
2019-09-03 16:36:00,-0.5830177230328673
2019-09-03 16:39:00,-0.5767479712876025
2019-09-03 16:42:00,-0.5525412512639036
2019-09-03 16:45:00,-0.4505062439469043
2019-09-03 16:48:00,-0.4834562366646651
2019-09-03 16:51:00,-0.5359075840597711
2019-09-03 16:54:00,-0.6062357538839933
2019-09-03 16:57:00,-0.5231938281363568
2019-09-03 17:00:00,-0.5653803547918983
2019-09-03 17:03:00,-0.48511789082283485
2019-09-03 17:06:00,-0.528852738231592
2019-09-03 17:09:00,-0.536057060275084
2019-09-03 17:12:00,-0.5134233298044251
2019-09-03 17:15:00,-0.4311301961406002
2019-09-03 17:18:00,-0.5035965323356777
2019-09-03 17:21:00,-0.4825397891162311
2019-09-03 17:24:00,-0.5181801450913213
2019-09-03 17:27:00,-0.43721390420483885
2019-09-03 17:30:00,-0.5471261163310146
2019-09-03 17:33:00,-0.6214205664533665
2019-09-03 17:36:00,-0.5167858412114583
2019-09-03 17:39:00,-0.5289841199088983
2019-09-03 17:42:00,-0.5289345258227627
2019-09-03 17:45:00,-0.5918404536747062
2019-09-03 17:48:00,-0.5014930106412407
2019-09-03 17:51:00,-0.5254927564499212
2019-09-03 17:54:00,-0.5148607689490632
2019-09-03 17:57:00,-0.5636937078512005
2019-09-03 18:00:00,-0.5100502186005542
2019-09-03 18:03:00,-0.5148359293979183
2019-09-03 18:06:00,-0.4445826265623509
2019-09-03 18:09:00,-0.5503455016882981
2019-09-03 18:12:00,-0.49748140767428595
2019-09-03 18:15:00,-0.4804536409954494
2019-09-03 18:18:00,-0.602401972924099
2019-09-03 18:21:00,-0.41799934744108214
2019-09-03 18:24:00,-0.3996019306331391
2019-09-03 18:27:00,-0.522687059068744
2019-09-03 18:30:00,-0.46072742024989566
2019-09-03 18:33:00,-0.4574796634614131
2019-09-03 18:36:00,-0.4508690189716731
2019-09-03 18:39:00,-0.47730432547263035
2019-09-03 18:42:00,-0.4592801443859571
2019-09-03 18:45:00,-0.45957966738251343
2019-09-03 18:48:00,-0.5350368096304692
2019-09-03 18:51:00,-0.36041604593680177
2019-09-03 18:54:00,
2019-09-03 18:57:00,
2019-09-03 19:00:00,
2019-09-03 19:03:00,-0.3180098484381233
2019-09-03 19:06:00,-0.40471512434271517
2019-09-03 19:09:00,-0.343672880795566
2019-09-03 19:12:00,-0.19060767940698042
2019-09-03 19:15:00,-0.309823393226452
2019-09-03 19:18:00,-0.2845554250052942
2019-09-03 19:21:00,-0.2592381676983564
2019-09-03 19:24:00,-0.22821175707485963
2019-09-03 19:27:00,-0.1538415269120037
2019-09-03 19:30:00,-0.3478560678516942
2019-09-03 19:33:00,-0.15510686512135408
2019-09-03 19:36:00,-0.31329231042116135
2019-09-03 19:39:00,-0.1339596747780547
2019-09-03 19:42:00,-0.3151268837806356
2019-09-03 19:45:00,-0.24920879249810923
2019-09-03 19:48:00,-0.26303376960947844
2019-09-03 19:51:00,-0.26585839630666896
2019-09-03 19:54:00,-0.2374758872257985
2019-09-03 19:57:00,-0.1936124219479325
2019-09-03 20:00:00,-0.16738636012468078
2019-09-03 20:03:00,-0.1954623107743032
2019-09-03 20:06:00,-0.10914576139776955
2019-09-03 20:09:00,-0.1412831028264918
2019-09-03 20:12:00,-0.09112562522938106
2019-09-03 20:15:00,-0.1944162065910291
2019-09-03 20:18:00,-0.041994882076778595
2019-09-03 20:21:00,-0.13356589746553027
2019-09-03 20:24:00,-0.07749935575196787
2019-09-03 20:27:00,-0.1412951489703005
2019-09-03 20:30:00,-0.06562443302271959
2019-09-03 20:33:00,-0.07642890011442205
2019-09-03 20:36:00,-0.05525407298910068
2019-09-03 20:39:00,-0.012052515137099817
2019-09-03 20:42:00,0.07248079319612089
2019-09-03 20:45:00,0.007438940794031623
2019-09-03 20:48:00,0.11914847126621453
2019-09-03 20:51:00,0.010994162000315555
2019-09-03 20:54:00,-0.05024737861140238
2019-09-03 20:57:00,0.019073164721646663
2019-09-03 21:00:00,0.008450793002623413
2019-09-03 21:03:00,-0.004643276476201663
2019-09-03 21:06:00,-0.010600641943028677
2019-09-03 21:09:00,-0.06265498368782119
2019-09-03 21:12:00,0.07720223894824585
2019-09-03 21:15:00,-0.05009917181087076
2019-09-03 21:18:00,0.06486920251700212
2019-09-03 21:21:00,0.009159377831963411
2019-09-03 21:24:00,-0.12474008082165255
2019-09-03 21:27:00,0.11220636722578092
2019-09-03 21:30:00,0.01888161137435418
2019-09-03 21:33:00,-0.0645429997713336
2019-09-03 21:36:00,-0.061571848774917726
2019-09-03 21:39:00,0.0030929550815130824
2019-09-03 21:42:00,0.08591926715473619
2019-09-03 21:45:00,0.024026859193668315
2019-09-03 21:48:00,-0.10453824268910239
2019-09-03 21:51:00,-0.059659808053879715
2019-09-03 21:54:00,0.02201922765573272
2019-09-03 21:57:00,-0.05090390743936268
2019-09-03 22:00:00,0.0265009431371368
2019-09-03 22:03:00,-0.03832661181763797
2019-09-03 22:06:00,0.0032691469035057708
2019-09-03 22:09:00,0.004875920367396702
2019-09-03 22:12:00,-0.06401499211119699
2019-09-03 22:15:00,-0.07744796681248545
2019-09-03 22:18:00,-0.01185731374982879
2019-09-03 22:21:00,-0.01130661099733743
2019-09-03 22:24:00,0.07838200442625975
2019-09-03 22:27:00,0.024170087683899055
2019-09-03 22:30:00,0.12239215948403626
2019-09-03 22:33:00,0.1636556292238538
2019-09-03 22:36:00,-0.06446086554444719
2019-09-03 22:39:00,0.021304093215064768
2019-09-03 22:42:00,-0.0009674416135680985
2019-09-03 22:45:00,-0.013469358160307365
2019-09-03 22:48:00,-0.028751128915928348
2019-09-03 22:51:00,-0.09557229385040955
2019-09-03 22:54:00,0.027055338122124795
2019-09-03 22:57:00,0.099472626421516
2019-09-03 23:00:00,0.033901577713152165
2019-09-03 23:03:00,-0.04245654760597972
2019-09-03 23:06:00,0.06589533550226179
2019-09-03 23:09:00,0.031955134731390444
2019-09-03 23:12:00,-0.03622225747886887
2019-09-03 23:15:00,-0.038715704693117914
2019-09-03 23:18:00,0.051919390603245574
2019-09-03 23:21:00,0.0360960543072224
2019-09-03 23:24:00,0.023459492207791754
2019-09-03 23:27:00,0.10604848968290526
2019-09-03 23:30:00,0.10244825046743244
2019-09-03 23:33:00,0.06886088042233496
2019-09-03 23:36:00,-0.038367902316394975
2019-09-03 23:39:00,0.12884826765719026
2019-09-03 23:42:00,0.09030415626239119
2019-09-03 23:45:00,-0.1135729469028206
2019-09-03 23:48:00,0.006538835633250528
2019-09-03 23:51:00,-0.02218353122697181
2019-09-03 23:54:00,-0.012848161119563883
2019-09-03 23:57:00,0.11702605829367485
2019-09-04 00:00:00,0.14604887973348468
2019-09-04 00:03:00,0.11293198999476317
2019-09-04 00:06:00,0.03640458040854355
2019-09-04 00:09:00,0.029785941596117027
2019-09-04 00:12:00,0.11159528603934632
2019-09-04 00:15:00,0.02020705287554847
2019-09-04 00:18:00,0.04054710878176593
2019-09-04 00:21:00,0.12125800471557113
2019-09-04 00:24:00,0.042062725053256145
2019-09-04 00:27:00,0.1222617358917546
2019-09-04 00:30:00,-0.07584846772698484
2019-09-04 00:33:00,0.04786532340597205
2019-09-04 00:36:00,0.04682950151385512
2019-09-04 00:39:00,0.02944446029471237
2019-09-04 00:42:00,0.05525697000859964
2019-09-04 00:45:00,0.12841335669980936
2019-09-04 00:48:00,0.08867729675534974
2019-09-04 00:51:00,0.11582218822053392
2019-09-04 00:54:00,0.02968322636314724
2019-09-04 00:57:00,0.02706719463083118
2019-09-04 01:00:00,0.011530315975733174
2019-09-04 01:03:00,0.06880970756697025
2019-09-04 01:06:00,0.009417028947495965
2019-09-04 01:09:00,-0.08461666102948584
2019-09-04 01:12:00,-0.024742801211516507
2019-09-04 01:15:00,0.03073444774059908
2019-09-04 01:18:00,-0.04616170987020496
2019-09-04 01:21:00,-0.02178872007220889
2019-09-04 01:24:00,-0.06929096945793844
2019-09-04 01:27:00,-0.03499974452176957
2019-09-04 01:30:00,0.012262848388957082
2019-09-04 01:33:00,-0.036252934487492894
2019-09-04 01:36:00,-0.09265334805598968
2019-09-04 01:39:00,-0.00968610262088987
2019-09-04 01:42:00,-0.09201818949156859
2019-09-04 01:45:00,-0.16368877907996193
2019-09-04 01:48:00,0.10401426987112927
2019-09-04 01:51:00,-0.06438482284210068
2019-09-04 01:54:00,-0.06302813295610576
2019-09-04 01:57:00,0.03176472058203217
2019-09-04 02:00:00,-0.00033073932246452387
2019-09-04 02:03:00,0.07819683955699475
2019-09-04 02:06:00,-0.049001982817287626
2019-09-04 02:09:00,0.029817263423240092
2019-09-04 02:12:00,0.021455277123948235
2019-09-04 02:15:00,-0.13047775030503317
2019-09-04 02:18:00,-0.03802281137035379
2019-09-04 02:21:00,-0.05758959895752014
2019-09-04 02:24:00,-0.06100829622943138
2019-09-04 02:27:00,0.02603842661193312
2019-09-04 02:30:00,0.07258627698985265
2019-09-04 02:33:00,-0.0129733486721193
2019-09-04 02:36:00,-0.05339136329160965
2019-09-04 02:39:00,-0.05097109654025189
2019-09-04 02:42:00,0.23156950311408764
2019-09-04 02:45:00,0.06625787397604199
2019-09-04 02:48:00,-0.03602180647476416
2019-09-04 02:51:00,-0.0015358119815687132
2019-09-04 02:54:00,0.016862303634923137
2019-09-04 02:57:00,0.0005464620390398522
2019-09-04 03:00:00,0.010993662834437146
2019-09-04 03:03:00,-0.046939457688267794
2019-09-04 03:06:00,0.04636841509227452
2019-09-04 03:09:00,0.0163265813120006
2019-09-04 03:12:00,0.043502550881555635
2019-09-04 03:15:00,0.04885309656668824
2019-09-04 03:18:00,0.08249130020777784
2019-09-04 03:21:00,0.09335534111494326
2019-09-04 03:24:00,0.07477919287293844
2019-09-04 03:27:00,0.06215829035994602
2019-09-04 03:30:00,0.16224893529920337
2019-09-04 03:33:00,0.172346982711872
2019-09-04 03:36:00,0.09006046051251815
2019-09-04 03:39:00,0.11830128905342008
2019-09-04 03:42:00,-0.026819205446997785
2019-09-04 03:45:00,0.14846425879778735
2019-09-04 03:48:00,0.1341746367356791
2019-09-04 03:51:00,0.11448740749170838
2019-09-04 03:54:00,0.12313257361421392
2019-09-04 03:57:00,0.04210002560489556
2019-09-04 04:00:00,0.04716591724246655
2019-09-04 04:03:00,0.0533297137596378
2019-09-04 04:06:00,0.002622160817168151
2019-09-04 04:09:00,-0.015328147898912903
2019-09-04 04:12:00,0.022245050118613108
2019-09-04 04:15:00,0.030273328167083946
2019-09-04 04:18:00,-0.0131115310987866
2019-09-04 04:21:00,0.06148648907071674
2019-09-04 04:24:00,0.07759936711903492
2019-09-04 04:27:00,0.19054979394184102
2019-09-04 04:30:00,0.09404961476747076
2019-09-04 04:33:00,0.10458658222569284
2019-09-04 04:36:00,0.10066354791899812
2019-09-04 04:39:00,0.1038781288636983
2019-09-04 04:42:00,0.07658864838236923
2019-09-04 04:45:00,0.07208307297076999
2019-09-04 04:48:00,0.10433075075627585
2019-09-04 04:51:00,0.09938028055410086
2019-09-04 04:54:00,0.1668951788676054
2019-09-04 04:57:00,0.06480185367354352
2019-09-04 05:00:00,0.11948847354994996
2019-09-04 05:03:00,0.007678598754921495
2019-09-04 05:06:00,0.1644668988951139
2019-09-04 05:09:00,0.08464128387345227
2019-09-04 05:12:00,0.08963098238280054
2019-09-04 05:15:00,0.2115917285164528
2019-09-04 05:18:00,0.10064990678438335
2019-09-04 05:21:00,0.032527027757737415
2019-09-04 05:24:00,0.06811951112450743
2019-09-04 05:27:00,0.07012543866892429
2019-09-04 05:30:00,0.09891261045686406
2019-09-04 05:33:00,0.06698410934177446
2019-09-04 05:36:00,0.08662148486757815
2019-09-04 05:39:00,0.0774817211376444
2019-09-04 05:42:00,0.13209300459863016
2019-09-04 05:45:00,0.15423943745292945
2019-09-04 05:48:00,0.09055073651717294
2019-09-04 05:51:00,0.1339721382105381
2019-09-04 05:54:00,0.146122205747929
2019-09-04 05:57:00,0.09582267215671436
2019-09-04 06:00:00,0.03992349147893037
2019-09-04 06:03:00,0.08935056190227897
2019-09-04 06:06:00,0.11676056107990007
2019-09-04 06:09:00,0.10568382910344098
2019-09-04 06:12:00,0.1349832249895826
2019-09-04 06:15:00,0.11604670998730171
2019-09-04 06:18:00,0.09597835776514785
2019-09-04 06:21:00,0.18140186813951686
2019-09-04 06:24:00,0.12365512330677575
2019-09-04 06:27:00,0.16562146103683517
2019-09-04 06:30:00,0.011142014029701386
2019-09-04 06:33:00,0.13290040389108526
2019-09-04 06:36:00,0.07635597485608514
2019-09-04 06:39:00,0.17611943731373003
2019-09-04 06:42:00,0.15435613346670607
2019-09-04 06:45:00,0.14729238989883697
2019-09-04 06:48:00,0.2597502358142947
2019-09-04 06:51:00,0.1708157762969904
2019-09-04 06:54:00,0.20258870865143308
2019-09-04 06:57:00,0.140027163973798
2019-09-04 07:00:00,0.1943500652510579
2019-09-04 07:03:00,0.07841632354001149
2019-09-04 07:06:00,0.14746049938850092
2019-09-04 07:09:00,0.060971071842345737
2019-09-04 07:12:00,0.12981009117987696
2019-09-04 07:15:00,0.19560491879394704
2019-09-04 07:18:00,0.07401247986416593
2019-09-04 07:21:00,0.15945019553061002
2019-09-04 07:24:00,0.1949155539517733
2019-09-04 07:27:00,0.19805891397135156
2019-09-04 07:30:00,0.09103291325988039
2019-09-04 07:33:00,0.08148844302451153
2019-09-04 07:36:00,0.021279273326115344
2019-09-04 07:39:00,0.17353364708515073
2019-09-04 07:42:00,0.10760902208954803
2019-09-04 07:45:00,0.06232326395485188
2019-09-04 07:48:00,0.058019677257448166
2019-09-04 07:51:00,0.19217928230875714
2019-09-04 07:54:00,0.14252454128757108
2019-09-04 07:57:00,0.14581636209561566
2019-09-04 08:00:00,0.19322885049155047
2019-09-04 08:03:00,0.046179015245570554
2019-09-04 08:06:00,0.09236261516718969
2019-09-04 08:09:00,0.07886768151837487
2019-09-04 08:12:00,0.0771318582289382
2019-09-04 08:15:00,0.057670446970064404
2019-09-04 08:18:00,0.06538813566925228
2019-09-04 08:21:00,0.022065038404718962
2019-09-04 08:24:00,0.11894584212768677
2019-09-04 08:27:00,0.10587888065862217
2019-09-04 08:30:00,-0.09669308635244533
2019-09-04 08:33:00,0.0008334801844966933
2019-09-04 08:36:00,-0.061571292553935564
2019-09-04 08:39:00,-0.07748896737501809
2019-09-04 08:42:00,-0.004543167833844564
2019-09-04 08:45:00,-0.022478949284618466
2019-09-04 08:48:00,-0.17964162825410313
2019-09-04 08:51:00,-0.09905120265818823
2019-09-04 08:54:00,0.01620056119622859
2019-09-04 08:57:00,-0.21593741665782318
2019-09-04 09:00:00,-0.0939616432322623
2019-09-04 09:03:00,-0.16025455399665134
2019-09-04 09:06:00,-0.10540829179171851
2019-09-04 09:09:00,-0.14752874721187936
2019-09-04 09:12:00,-0.14693235388830317
2019-09-04 09:15:00,-0.0658267744165073
2019-09-04 09:18:00,-0.18317051737125212
2019-09-04 09:21:00,-0.16360089751520945
2019-09-04 09:24:00,-0.169214245521232
2019-09-04 09:27:00,-0.10360892877594097
2019-09-04 09:30:00,-0.1710362243978807
2019-09-04 09:33:00,-0.11215625781454719
2019-09-04 09:36:00,-0.19985685449711355
2019-09-04 09:39:00,-0.22124199149607193
2019-09-04 09:42:00,-0.19547439765733543
2019-09-04 09:45:00,-0.22308908327238441
2019-09-04 09:48:00,-0.1930735012687137
2019-09-04 09:51:00,-0.204067563376384
2019-09-04 09:54:00,-0.4035317145437034
2019-09-04 09:57:00,-0.27402398076003465
2019-09-04 10:00:00,-0.28541963692418904
2019-09-04 10:03:00,-0.3035560126200494
2019-09-04 10:06:00,-0.2789069096226058
2019-09-04 10:09:00,-0.35881518693565795
2019-09-04 10:12:00,-0.33437054558152113
2019-09-04 10:15:00,-0.3767107210873064
2019-09-04 10:18:00,-0.33775204411347204
2019-09-04 10:21:00,-0.32940533579323983
2019-09-04 10:24:00,-0.36558265476401175
2019-09-04 10:27:00,-0.28129554098126164
2019-09-04 10:30:00,-0.22666560389183132
2019-09-04 10:33:00,-0.400385263617693
2019-09-04 10:36:00,-0.28374350104041923
2019-09-04 10:39:00,-0.37793882831977044
2019-09-04 10:42:00,-0.4128220949039587
2019-09-04 10:45:00,-0.35953934611256955
2019-09-04 10:48:00,-0.4027145727853281
2019-09-04 10:51:00,-0.40503416022147576
2019-09-04 10:54:00,-0.4347377007947557
2019-09-04 10:57:00,-0.3617460834587405
2019-09-04 11:00:00,-0.34392300029367107
2019-09-04 11:03:00,-0.4445649419278084
2019-09-04 11:06:00,-0.39571025123177606
2019-09-04 11:09:00,-0.3669351939454941
2019-09-04 11:12:00,-0.4473261185953561
2019-09-04 11:15:00,-0.34277551473707035
2019-09-04 11:18:00,-0.4135043212966707
2019-09-04 11:21:00,-0.354478652890748
2019-09-04 11:24:00,-0.37614393070140295
2019-09-04 11:27:00,-0.25481161886705195
2019-09-04 11:30:00,-0.3282056630457646
2019-09-04 11:33:00,-0.5509715708711838
2019-09-04 11:36:00,-0.4201166308502593
2019-09-04 11:39:00,-0.40183361046803157
2019-09-04 11:42:00,-0.33806109614761226
2019-09-04 11:45:00,-0.3236323074858092
2019-09-04 11:48:00,-0.313812553280286
2019-09-04 11:51:00,-0.34842158355291986
2019-09-04 11:54:00,-0.28602551300446066
2019-09-04 11:57:00,-0.2562449669646867
2019-09-04 12:00:00,-0.2855546888861227
2019-09-04 12:03:00,-0.37268839414531385
2019-09-04 12:06:00,-0.3463455045291539
2019-09-04 12:09:00,-0.4594686044573564
2019-09-04 12:12:00,-0.36146376005154934
2019-09-04 12:15:00,-0.22245975174018895
2019-09-04 12:18:00,-0.3155589202410738
2019-09-04 12:21:00,-0.3608010238137922
2019-09-04 12:24:00,-0.24983046475165338
2019-09-04 12:27:00,-0.33623746604621374
2019-09-04 12:30:00,-0.4369481608600836
2019-09-04 12:33:00,-0.37266076153042604
2019-09-04 12:36:00,-0.5150399335898328
2019-09-04 12:39:00,-0.6217210543575789
2019-09-04 12:42:00,-0.499538884906201
2019-09-04 12:45:00,-0.6654641441965623
2019-09-04 12:48:00,-0.5313951874388181
2019-09-04 12:51:00,-0.6182572913544959
2019-09-04 12:54:00,-0.4876980094851433
2019-09-04 12:57:00,-0.4621656890771533
2019-09-04 13:00:00,-0.3968376318339324
2019-09-04 13:03:00,-0.4494895820845386
2019-09-04 13:06:00,-0.5733099793380916
2019-09-04 13:09:00,-0.4609610560228816
2019-09-04 13:12:00,-0.4893574768370854
2019-09-04 13:15:00,-0.5180470296492103
2019-09-04 13:18:00,-0.6008367557221845
2019-09-04 13:21:00,-0.5717483085835511
2019-09-04 13:24:00,-0.5398501524445578
2019-09-04 13:27:00,-0.540164753006195
2019-09-04 13:30:00,-0.6095008116046756
2019-09-04 13:33:00,-0.5666973410439482
2019-09-04 13:36:00,-0.5810179280624652
2019-09-04 13:39:00,-0.5676630769192457
2019-09-04 13:42:00,-0.5657190447304856
2019-09-04 13:45:00,-0.5768198985649065
2019-09-04 13:48:00,-0.6166284937125397
2019-09-04 13:51:00,-0.5308906772473279
2019-09-04 13:54:00,-0.5363603179415577
2019-09-04 13:57:00,-0.6585492213003477
2019-09-04 14:00:00,-0.556416976716946
2019-09-04 14:03:00,-0.6788496543905467
2019-09-04 14:06:00,-0.6304420197771492
2019-09-04 14:09:00,-0.7590948622224118
2019-09-04 14:12:00,-0.5867190415859227
2019-09-04 14:15:00,-0.7269928631773155
2019-09-04 14:18:00,-0.6715456311915204
2019-09-04 14:21:00,-0.701285234208683
2019-09-04 14:24:00,-0.7375373600606281
2019-09-04 14:27:00,-0.6731635373473637
2019-09-04 14:30:00,-0.5476874804800786
2019-09-04 14:33:00,-0.6675230552712037
2019-09-04 14:36:00,-0.7569993477486037
2019-09-04 14:39:00,-0.6659265125311435
2019-09-04 14:42:00,-0.6209956480429355
2019-09-04 14:45:00,-0.704116587031308
2019-09-04 14:48:00,-0.8174963894815619
2019-09-04 14:51:00,-0.6932872711944924
2019-09-04 14:54:00,-0.7269463386365373
2019-09-04 14:57:00,-0.7967689325201377
2019-09-04 15:00:00,-0.714229330276396
2019-09-04 15:03:00,-0.68141699966327
2019-09-04 15:06:00,-0.6673855787684602
2019-09-04 15:09:00,-0.6401454630570242
2019-09-04 15:12:00,-0.7076895599562363
2019-09-04 15:15:00,-0.5980854716264616
2019-09-04 15:18:00,-0.5942941867937179
2019-09-04 15:21:00,-0.7420499445859718
2019-09-04 15:24:00,-0.4874668075468094
2019-09-04 15:27:00,-0.6413183664420217
2019-09-04 15:30:00,-0.5873620778721147
2019-09-04 15:33:00,-0.528115088044899
2019-09-04 15:36:00,-0.49312831770947696
2019-09-04 15:39:00,-0.6120119380385063
2019-09-04 15:42:00,-0.7265607145616855
2019-09-04 15:45:00,-0.5412287129830133
2019-09-04 15:48:00,-0.6512033438435765
2019-09-04 15:51:00,-0.6728179179184508
2019-09-04 15:54:00,-0.6141504835678688
2019-09-04 15:57:00,-0.7203070637621067
2019-09-04 16:00:00,-0.6282795508111576
2019-09-04 16:03:00,-0.6047067110649209
2019-09-04 16:06:00,-0.617786378333335
2019-09-04 16:09:00,-0.5534787292062902
2019-09-04 16:12:00,-0.5755575766480092
2019-09-04 16:15:00,-0.48872771451078734
2019-09-04 16:18:00,-0.5023266314825605
2019-09-04 16:21:00,-0.5739770667756829
2019-09-04 16:24:00,-0.5930986784134689
2019-09-04 16:27:00,-0.49380298620258145
2019-09-04 16:30:00,-0.5002524789657627
2019-09-04 16:33:00,-0.6296109371243119
2019-09-04 16:36:00,-0.5917171181224035
2019-09-04 16:39:00,-0.5718956456260571
2019-09-04 16:42:00,-0.5749801588331707
2019-09-04 16:45:00,-0.6371647908283649
2019-09-04 16:48:00,-0.41353995941466337
2019-09-04 16:51:00,-0.43510991269107535
2019-09-04 16:54:00,-0.4071293382589829
2019-09-04 16:57:00,-0.3608822077424634
2019-09-04 17:00:00,-0.5174186046074851
2019-09-04 17:03:00,-0.4261099565032964
2019-09-04 17:06:00,-0.5454514666978412
2019-09-04 17:09:00,-0.48645574348972787
2019-09-04 17:12:00,-0.48249341029008974
2019-09-04 17:15:00,-0.5172304577822047
2019-09-04 17:18:00,-0.5903424552437855
2019-09-04 17:21:00,-0.5841129138750034
2019-09-04 17:24:00,-0.49035563583959174
2019-09-04 17:27:00,-0.5081658770117201
2019-09-04 17:30:00,-0.5749303141750488
2019-09-04 17:33:00,-0.42657133038471784
2019-09-04 17:36:00,-0.5448821275460887
2019-09-04 17:39:00,-0.48428258379425415
2019-09-04 17:42:00,-0.373411700739382
2019-09-04 17:45:00,-0.46472842583386864
2019-09-04 17:48:00,-0.41333314350686123
2019-09-04 17:51:00,-0.40790720511546397
2019-09-04 17:54:00,-0.3723945211110049
2019-09-04 17:57:00,-0.2910331001248778
2019-09-04 18:00:00,-0.3491265653294704
2019-09-04 18:03:00,-0.38936833450725317
2019-09-04 18:06:00,-0.2865075377888502
2019-09-04 18:09:00,-0.3444487039887463
2019-09-04 18:12:00,-0.28486733785791785
2019-09-04 18:15:00,-0.33164925716152993
2019-09-04 18:18:00,-0.3689684975678915
2019-09-04 18:21:00,-0.3570993776604041
2019-09-04 18:24:00,-0.4229066528862404
2019-09-04 18:27:00,-0.3814177219520616
2019-09-04 18:30:00,-0.18203564004653572
2019-09-04 18:33:00,-0.25332730753007127
2019-09-04 18:36:00,-0.3535445664273311
2019-09-04 18:39:00,-0.20162626858058275
2019-09-04 18:42:00,-0.2060293069083059
2019-09-04 18:45:00,-0.2536722541476024
2019-09-04 18:48:00,-0.3298693151784846
2019-09-04 18:51:00,-0.21461828718895504
2019-09-04 18:54:00,
2019-09-04 18:57:00,
2019-09-04 19:00:00,
2019-09-04 19:03:00,-0.13834571173282484
2019-09-04 19:06:00,-0.17903268860504795
2019-09-04 19:09:00,-0.1584138023616788
2019-09-04 19:12:00,-0.146964365632698
2019-09-04 19:15:00,-0.14209429545195462
2019-09-04 19:18:00,-0.18425589513685736
2019-09-04 19:21:00,-0.08858692774214205
2019-09-04 19:24:00,-0.11324134675760433
2019-09-04 19:27:00,-0.13126149790969066
2019-09-04 19:30:00,-0.036457310341404536
2019-09-04 19:33:00,-0.061179912704062644
2019-09-04 19:36:00,-0.16944378857931497
2019-09-04 19:39:00,-0.0563564375771648
2019-09-04 19:42:00,-0.04988709617089171
2019-09-04 19:45:00,-0.022248859306785107
2019-09-04 19:48:00,-0.03810929068202995
2019-09-04 19:51:00,0.011470113883376598
2019-09-04 19:54:00,-0.007717723628218209
2019-09-04 19:57:00,-0.025626319772698025
2019-09-04 20:00:00,-0.06996359269817276
2019-09-04 20:03:00,0.06354809929928251
2019-09-04 20:06:00,-0.06044133073004332
2019-09-04 20:09:00,-0.053913418184890816
2019-09-04 20:12:00,-0.04640565105120231
2019-09-04 20:15:00,-0.1030388007193892
2019-09-04 20:18:00,-0.03674796347962683
2019-09-04 20:21:00,-0.0665323066910446
2019-09-04 20:24:00,0.008844363212176631
2019-09-04 20:27:00,-0.020693458945174825
2019-09-04 20:30:00,-0.01320430406315154
2019-09-04 20:33:00,-0.00038066805632297473
2019-09-04 20:36:00,-0.08926280531852626
2019-09-04 20:39:00,-0.14046271119667608
2019-09-04 20:42:00,-0.07746229289529083
2019-09-04 20:45:00,-0.11902768478057624
2019-09-04 20:48:00,0.035531332239315816
2019-09-04 20:51:00,0.02035533051883931
2019-09-04 20:54:00,0.0392071500279485
2019-09-04 20:57:00,0.039460324084643617
2019-09-04 21:00:00,-0.08430882656182348
2019-09-04 21:03:00,-0.022032875933575724
2019-09-04 21:06:00,0.002852501960603604
2019-09-04 21:09:00,-0.011930396167031176
2019-09-04 21:12:00,-0.0011790869961600947
2019-09-04 21:15:00,-0.028973227911933463
2019-09-04 21:18:00,0.06214810439911389
2019-09-04 21:21:00,-0.03301019853819298
2019-09-04 21:24:00,-0.03253814615158035
2019-09-04 21:27:00,0.08589536343691861
2019-09-04 21:30:00,-0.06792420280697797
2019-09-04 21:33:00,-0.03581476632120939
2019-09-04 21:36:00,0.03742684465095181
2019-09-04 21:39:00,0.02801560555042215
2019-09-04 21:42:00,-0.057303826318332085
2019-09-04 21:45:00,-0.08531360112829134
2019-09-04 21:48:00,0.009447145216086028
2019-09-04 21:51:00,-0.06911835276366673
2019-09-04 21:54:00,-0.09449732693224178
2019-09-04 21:57:00,0.0006605620382060806
2019-09-04 22:00:00,-0.0764204917797997
2019-09-04 22:03:00,-0.00815251653557425
2019-09-04 22:06:00,0.002903470256626406
2019-09-04 22:09:00,-0.05286509294847974
2019-09-04 22:12:00,-0.11225842726889823
2019-09-04 22:15:00,0.10049602563503868
2019-09-04 22:18:00,-0.054607420477111646
2019-09-04 22:21:00,-0.04958446542298134
2019-09-04 22:24:00,-4.0410804899693176e-05
2019-09-04 22:27:00,-0.034002811714003656
2019-09-04 22:30:00,0.007738651497504634
2019-09-04 22:33:00,0.06341442669275921
2019-09-04 22:36:00,-0.009305535928376685
2019-09-04 22:39:00,0.05089974165980493
2019-09-04 22:42:00,-0.027279792010631354
2019-09-04 22:45:00,0.005701920325918763
2019-09-04 22:48:00,0.08437106589025234
2019-09-04 22:51:00,0.07634983555499275
2019-09-04 22:54:00,0.029906071430900738
2019-09-04 22:57:00,0.060589660067478235
2019-09-04 23:00:00,0.07571524150375808
2019-09-04 23:03:00,-0.012839607542446174
2019-09-04 23:06:00,-0.020907300248097727
2019-09-04 23:09:00,0.028523076978956396
2019-09-04 23:12:00,0.03561411980308549
2019-09-04 23:15:00,-0.025608662055617515
2019-09-04 23:18:00,0.050122023296921725
2019-09-04 23:21:00,-0.24421194040075989
2019-09-04 23:24:00,-0.13522446466373594
2019-09-04 23:27:00,-0.09592397772291861
2019-09-04 23:30:00,-0.020019383192504847
2019-09-04 23:33:00,-0.020312718609261537
2019-09-04 23:36:00,-0.10252943998074215
2019-09-04 23:39:00,0.062427717551088335
2019-09-04 23:42:00,0.07622529099273834
2019-09-04 23:45:00,0.189119359303902
2019-09-04 23:48:00,-0.042885611677718316
2019-09-04 23:51:00,-0.061445371279205574
2019-09-04 23:54:00,-0.1278546594440968
2019-09-04 23:57:00,0.043171846360905874
2019-09-05 00:00:00,0.10873465178661945
2019-09-05 00:03:00,0.13050541370239443
2019-09-05 00:06:00,0.09216000396753543
2019-09-05 00:09:00,0.08643282860788304
2019-09-05 00:12:00,0.029291235086191136
2019-09-05 00:15:00,-0.0329418586214274
2019-09-05 00:18:00,-0.020451562678374557
2019-09-05 00:21:00,-0.021350265741318708
2019-09-05 00:24:00,0.008115786204427877
2019-09-05 00:27:00,-0.045377936045667866
2019-09-05 00:30:00,0.06106759992633215
2019-09-05 00:33:00,0.15579966740091322
2019-09-05 00:36:00,0.03292588943912733
2019-09-05 00:39:00,0.01906173943439171
2019-09-05 00:42:00,0.023161197205354256
2019-09-05 00:45:00,-0.03628241389492359
2019-09-05 00:48:00,0.046391759630182605
2019-09-05 00:51:00,0.14453783360085026
2019-09-05 00:54:00,0.14648478225734607
2019-09-05 00:57:00,0.1110407423976767
2019-09-05 01:00:00,0.11613496235457887
2019-09-05 01:03:00,0.18575940544133118
2019-09-05 01:06:00,0.4418742120467982
2019-09-05 01:09:00,0.3205203518601252
2019-09-05 01:12:00,0.30018161849375247
2019-09-05 01:15:00,0.21789375436452474
2019-09-05 01:18:00,0.1306721670182469
2019-09-05 01:21:00,0.12951525678960252
2019-09-05 01:24:00,0.14633545106346446
2019-09-05 01:27:00,0.12033756901541892
2019-09-05 01:30:00,0.13583963047420866
2019-09-05 01:33:00,0.29227814471573765
2019-09-05 01:36:00,0.31764827376434823
2019-09-05 01:39:00,0.15428322079458212
2019-09-05 01:42:00,0.22285473804595313
2019-09-05 01:45:00,0.14905826473710704
2019-09-05 01:48:00,0.15055771970145315
2019-09-05 01:51:00,0.12489807165889033
2019-09-05 01:54:00,0.18552786577527058
2019-09-05 01:57:00,0.20539427428025192
2019-09-05 02:00:00,0.24853545526241305
2019-09-05 02:03:00,0.161357021915137
2019-09-05 02:06:00,0.20322344035088236
2019-09-05 02:09:00,0.21653185349100568
2019-09-05 02:12:00,0.08099456024973506
2019-09-05 02:15:00,0.12936839293485036
2019-09-05 02:18:00,0.09031384788556807
2019-09-05 02:21:00,0.24489482881989488
2019-09-05 02:24:00,0.15757522419141878
2019-09-05 02:27:00,0.1697178331902478
2019-09-05 02:30:00,0.14688559935922285
2019-09-05 02:33:00,0.10380022560764246
2019-09-05 02:36:00,0.03364915929466861
2019-09-05 02:39:00,0.12771253242999592
2019-09-05 02:42:00,0.1613422578305972
2019-09-05 02:45:00,0.038194536402158974
2019-09-05 02:48:00,0.14583482027728678
2019-09-05 02:51:00,0.03844988741997213
2019-09-05 02:54:00,0.09195749471399495
2019-09-05 02:57:00,0.1252730932455961
2019-09-05 03:00:00,0.049884532617795685
2019-09-05 03:03:00,0.058337830250536626
2019-09-05 03:06:00,0.14930593119254354
2019-09-05 03:09:00,0.20488853965247245
2019-09-05 03:12:00,0.05164736742102605
2019-09-05 03:15:00,0.18257249432662093
2019-09-05 03:18:00,0.027305614653243993
2019-09-05 03:21:00,-0.019133393859021908
2019-09-05 03:24:00,-0.04264522845431884
2019-09-05 03:27:00,0.04747328456022615
2019-09-05 03:30:00,0.05792661577771696
2019-09-05 03:33:00,0.04075397030737804
2019-09-05 03:36:00,0.04008629062752789
2019-09-05 03:39:00,0.0567857742811384
2019-09-05 03:42:00,0.010627604431647342
2019-09-05 03:45:00,0.09856042210361693
2019-09-05 03:48:00,-0.020763864157231637
2019-09-05 03:51:00,0.15223154337513733
2019-09-05 03:54:00,0.12066521579077971
2019-09-05 03:57:00,0.12183642658044391
2019-09-05 04:00:00,0.06350058103498668
2019-09-05 04:03:00,0.11578655648457925
2019-09-05 04:06:00,0.0679450434215596
2019-09-05 04:09:00,0.2133248361513438
2019-09-05 04:12:00,0.1258209337978542
2019-09-05 04:15:00,0.11047137290302089
2019-09-05 04:18:00,0.1555139372561598
2019-09-05 04:21:00,0.07856888704134235
2019-09-05 04:24:00,0.1885549686001582
2019-09-05 04:27:00,0.0768949162271042
2019-09-05 04:30:00,0.0783490942067715
2019-09-05 04:33:00,0.02267118124279932
2019-09-05 04:36:00,0.16383737662863496
2019-09-05 04:39:00,0.14333036217124118
2019-09-05 04:42:00,0.09636411411048584
2019-09-05 04:45:00,0.09305077269408457
2019-09-05 04:48:00,0.0925873144238949
2019-09-05 04:51:00,0.1131051613799059
2019-09-05 04:54:00,0.057395573508699727
2019-09-05 04:57:00,0.14118800311996438
2019-09-05 05:00:00,0.048182182087828096
2019-09-05 05:03:00,0.10844677162663174
2019-09-05 05:06:00,0.09910833363261418
2019-09-05 05:09:00,0.12126018108403969
2019-09-05 05:12:00,0.19561453170985033
2019-09-05 05:15:00,0.17913266174321052
2019-09-05 05:18:00,0.16444149778135397
2019-09-05 05:21:00,0.09907567293521424
2019-09-05 05:24:00,0.18919166755256356
2019-09-05 05:27:00,0.19685633350565013
2019-09-05 05:30:00,0.23968858985790575
2019-09-05 05:33:00,0.14614337725805626
2019-09-05 05:36:00,0.15808203065932958
2019-09-05 05:39:00,0.2838353783164962
2019-09-05 05:42:00,0.13805604494319823
2019-09-05 05:45:00,0.10447737926205036
2019-09-05 05:48:00,0.18397043173865768
2019-09-05 05:51:00,0.1868271367600869
2019-09-05 05:54:00,0.13490008982864765
2019-09-05 05:57:00,0.12646388234617234
2019-09-05 06:00:00,0.2893977706222586
2019-09-05 06:03:00,0.2636788873173259
2019-09-05 06:06:00,0.1821608572637956
2019-09-05 06:09:00,0.3005761212212974
2019-09-05 06:12:00,0.276571946404772
2019-09-05 06:15:00,0.2560372010466949
2019-09-05 06:18:00,0.14155475489275204
2019-09-05 06:21:00,0.1322539662681379
2019-09-05 06:24:00,0.11431737828951327
2019-09-05 06:27:00,0.09617383123929812
2019-09-05 06:30:00,0.03359270995326824
2019-09-05 06:33:00,0.1526681479909371
2019-09-05 06:36:00,0.09189188102192247
2019-09-05 06:39:00,0.013963990947331695
2019-09-05 06:42:00,0.023944367407636946
2019-09-05 06:45:00,0.03160393701165276
2019-09-05 06:48:00,0.01924410175632829
2019-09-05 06:51:00,0.07633276465440986
2019-09-05 06:54:00,0.0918669291335732
2019-09-05 06:57:00,0.08562479956208335
2019-09-05 07:00:00,-0.008923287710501882
2019-09-05 07:03:00,0.04101582737308718
2019-09-05 07:06:00,0.1225179772887941
2019-09-05 07:09:00,0.11887377435567714
2019-09-05 07:12:00,0.054552194021368905
2019-09-05 07:15:00,0.05926718339742365
2019-09-05 07:18:00,0.07123560780985372
2019-09-05 07:21:00,0.023232841206265675
2019-09-05 07:24:00,0.12214203504652232
2019-09-05 07:27:00,0.09805652112214602
2019-09-05 07:30:00,0.03628567571297481
2019-09-05 07:33:00,0.05044205867437768
2019-09-05 07:36:00,0.04178997576917709
2019-09-05 07:39:00,-0.07760482027697435
2019-09-05 07:42:00,0.04550104545069189
2019-09-05 07:45:00,0.16222916018472233
2019-09-05 07:48:00,0.0107340433137324
2019-09-05 07:51:00,-0.009637836850345138
2019-09-05 07:54:00,0.019145109617966227
2019-09-05 07:57:00,0.001460945227790944
2019-09-05 08:00:00,0.023350217006225193
2019-09-05 08:03:00,-0.05857031500215726
2019-09-05 08:06:00,-0.02696817011553776
2019-09-05 08:09:00,0.009952335375032817
2019-09-05 08:12:00,-0.015968879303329686
2019-09-05 08:15:00,-0.06630352355779223
2019-09-05 08:18:00,-0.04567771564092027
2019-09-05 08:21:00,-0.06670808442146381
2019-09-05 08:24:00,-0.09535372597861169
2019-09-05 08:27:00,-0.16025119916076846
2019-09-05 08:30:00,-0.01031141126111379
2019-09-05 08:33:00,-0.10404059881699368
2019-09-05 08:36:00,-0.04618915490669906
2019-09-05 08:39:00,-0.06289843644964321
2019-09-05 08:42:00,-0.059547442726284316
2019-09-05 08:45:00,-0.11938950540326232
2019-09-05 08:48:00,-0.1881615548558102
2019-09-05 08:51:00,-0.09958887386034121
2019-09-05 08:54:00,-0.1460315371674028
2019-09-05 08:57:00,-0.12669695070411535
2019-09-05 09:00:00,-0.13317732184600573
2019-09-05 09:03:00,-0.038871923666079056
2019-09-05 09:06:00,-0.1653902454739864
2019-09-05 09:09:00,-0.21177535649030688
2019-09-05 09:12:00,-0.14332617316176766
2019-09-05 09:15:00,-0.18958719353338438
2019-09-05 09:18:00,-0.1360284482223051
2019-09-05 09:21:00,-0.1731139740543881
2019-09-05 09:24:00,-0.07443656605573779
2019-09-05 09:27:00,-0.2898032612919792
2019-09-05 09:30:00,-0.26024737387820096
2019-09-05 09:33:00,-0.1847802283679698
2019-09-05 09:36:00,-0.10588179975815137
2019-09-05 09:39:00,-0.22571279042313108
2019-09-05 09:42:00,-0.20804063685761776
2019-09-05 09:45:00,-0.22923090579166683
2019-09-05 09:48:00,-0.2595944433554678
2019-09-05 09:51:00,-0.2647933626689678
2019-09-05 09:54:00,-0.20263907953409444
2019-09-05 09:57:00,-0.21708208332591994
2019-09-05 10:00:00,-0.1770554960214099
2019-09-05 10:03:00,-0.18790197326876523
2019-09-05 10:06:00,-0.26132309646277463
2019-09-05 10:09:00,-0.24639395950424614
2019-09-05 10:12:00,-0.3192062628211829
2019-09-05 10:15:00,-0.16386728310965282
2019-09-05 10:18:00,-0.23454420331353276
2019-09-05 10:21:00,-0.19898456125736175
2019-09-05 10:24:00,-0.20917014189762995
2019-09-05 10:27:00,-0.15932259165379037
2019-09-05 10:30:00,-0.23013941738571475
2019-09-05 10:33:00,-0.3490693486573946
2019-09-05 10:36:00,-0.2509658437115263
2019-09-05 10:39:00,-0.185151047785439
2019-09-05 10:42:00,-0.3358133373208716
2019-09-05 10:45:00,-0.44651028152492245
2019-09-05 10:48:00,-0.3206537151045268
2019-09-05 10:51:00,-0.2732652739960031
2019-09-05 10:54:00,-0.37467788708949
2019-09-05 10:57:00,-0.4487522614483055
2019-09-05 11:00:00,-0.3611450885774161
2019-09-05 11:03:00,-0.33397302762563186
2019-09-05 11:06:00,-0.34295032799093406
2019-09-05 11:09:00,-0.3938234110036092
2019-09-05 11:12:00,-0.4841639294553488
2019-09-05 11:15:00,-0.37072179615222467
2019-09-05 11:18:00,-0.4368657281362971
2019-09-05 11:21:00,-0.36392111742486577
2019-09-05 11:24:00,-0.4440737316379568
2019-09-05 11:27:00,-0.45102950127744634
2019-09-05 11:30:00,-0.3780779925095885
2019-09-05 11:33:00,-0.41487691243565905
2019-09-05 11:36:00,-0.4557432504049075
2019-09-05 11:39:00,-0.4978708089733459
2019-09-05 11:42:00,-0.507782902657766
2019-09-05 11:45:00,-0.4638377715013462
2019-09-05 11:48:00,0.11310205058276779
2019-09-05 11:51:00,0.011975120457975663
2019-09-05 11:54:00,0.006067981434000558
2019-09-05 11:57:00,-0.2573200455412348
2019-09-05 12:00:00,-0.36303454456572126
2019-09-05 12:03:00,-0.4575509031771503
2019-09-05 12:06:00,-0.17290686232826147
2019-09-05 12:09:00,0.049404345176185416
2019-09-05 12:12:00,-0.4586832499865068
2019-09-05 12:15:00,-0.47389114993768544
2019-09-05 12:18:00,-0.4244601448152707
2019-09-05 12:21:00,-0.5421979382918494
2019-09-05 12:24:00,-0.4340296490183846
2019-09-05 12:27:00,-0.5259728575085205
2019-09-05 12:30:00,-0.519596033112748
2019-09-05 12:33:00,-0.44962514117480623
2019-09-05 12:36:00,-0.4520082717677383
2019-09-05 12:39:00,-0.4965311252336164
2019-09-05 12:42:00,-0.4995141514380066
2019-09-05 12:45:00,-0.45710040159394794
2019-09-05 12:48:00,-0.3758264776797091
2019-09-05 12:51:00,-0.49160037363640186
2019-09-05 12:54:00,-0.5265090609450453
2019-09-05 12:57:00,-0.5242722677697884
2019-09-05 13:00:00,-0.536078977235718
2019-09-05 13:03:00,-0.5257814545346378
2019-09-05 13:06:00,-0.5480320159583698
2019-09-05 13:09:00,-0.39257507205030606
2019-09-05 13:12:00,-0.4889373202873344
2019-09-05 13:15:00,-0.5307301536337832
2019-09-05 13:18:00,-0.5873761009344776
2019-09-05 13:21:00,-0.5170788783980811
2019-09-05 13:24:00,-0.5697621519830136
2019-09-05 13:27:00,-0.5658712222730173
2019-09-05 13:30:00,-0.5781628294308803
2019-09-05 13:33:00,-0.6148139065097098
2019-09-05 13:36:00,-0.5172682112367397
2019-09-05 13:39:00,-0.6255668503650895
2019-09-05 13:42:00,-0.5685965745488488
2019-09-05 13:45:00,-0.5654738765446723
2019-09-05 13:48:00,-0.4127221015461373
2019-09-05 13:51:00,-0.4598644473597915
2019-09-05 13:54:00,-0.5561603402604192
2019-09-05 13:57:00,-0.4478638903507317
2019-09-05 14:00:00,-0.4303335011700824
2019-09-05 14:03:00,-0.498667758102215
2019-09-05 14:06:00,-0.47861306129919967
2019-09-05 14:09:00,-0.4647883101873731
2019-09-05 14:12:00,-0.4717971804190597
2019-09-05 14:15:00,-0.5895666081887612
2019-09-05 14:18:00,-0.5021156345439408
2019-09-05 14:21:00,-0.5727108756013308
2019-09-05 14:24:00,-0.44641979857811975
2019-09-05 14:27:00,-0.5088255339643979
2019-09-05 14:30:00,-0.5837426135744863
2019-09-05 14:33:00,-0.45737799794096645
2019-09-05 14:36:00,-0.5267035448990782
2019-09-05 14:39:00,-0.4614598093031077
2019-09-05 14:42:00,-0.5524549064051598
2019-09-05 14:45:00,-0.5390607421225013
2019-09-05 14:48:00,-0.5775588363480324
2019-09-05 14:51:00,-0.5996261362621453
2019-09-05 14:54:00,-0.646439382166875
2019-09-05 14:57:00,-0.487096717870088
2019-09-05 15:00:00,-0.4956358358953139
2019-09-05 15:03:00,-0.48041372558179773
2019-09-05 15:06:00,-0.5155193618315366
2019-09-05 15:09:00,-0.524329323315726
2019-09-05 15:12:00,-0.5840495486839927
2019-09-05 15:15:00,-0.5460526973630522
2019-09-05 15:18:00,-0.6099913077901533
2019-09-05 15:21:00,-0.5884273357665393
2019-09-05 15:24:00,-0.5450651193305589
2019-09-05 15:27:00,-0.5039154699152846
2019-09-05 15:30:00,-0.5832031016589667
2019-09-05 15:33:00,-0.5238502496933393
2019-09-05 15:36:00,-0.5577093024499504
2019-09-05 15:39:00,-0.5679698713349808
2019-09-05 15:42:00,-0.5816803957513343
2019-09-05 15:45:00,-0.5647353589708359
2019-09-05 15:48:00,-0.5837017202774746
2019-09-05 15:51:00,-0.5311977214261674
2019-09-05 15:54:00,-0.5093760376998375
2019-09-05 15:57:00,-0.4786480502660311
2019-09-05 16:00:00,-0.5294637811004463
2019-09-05 16:03:00,-0.5483186646582681
2019-09-05 16:06:00,-0.6495681931604054
2019-09-05 16:09:00,-0.4743227456807517
2019-09-05 16:12:00,-0.5451439721471161
2019-09-05 16:15:00,-0.4642914123622859
2019-09-05 16:18:00,-0.566393047751319
2019-09-05 16:21:00,-0.5319492550300993
2019-09-05 16:24:00,-0.5685392728873353
2019-09-05 16:27:00,-0.5280772450777249
2019-09-05 16:30:00,-0.3097790547764703
2019-09-05 16:33:00,-0.4241157799327766
2019-09-05 16:36:00,-0.43752384999646665
2019-09-05 16:39:00,-0.4673061232155078
2019-09-05 16:42:00,-0.5793264425807934
2019-09-05 16:45:00,-0.5322418246359462
2019-09-05 16:48:00,-0.5170855198415438
2019-09-05 16:51:00,-0.6009723211355436
2019-09-05 16:54:00,-0.47535308743965743
2019-09-05 16:57:00,-0.483832767104559
2019-09-05 17:00:00,-0.5707700362214041
2019-09-05 17:03:00,-0.5125917095961654
2019-09-05 17:06:00,-0.47595857334965785
2019-09-05 17:09:00,-0.5712334122386551
2019-09-05 17:12:00,-0.4603614224030821
2019-09-05 17:15:00,-0.5787640595851258
2019-09-05 17:18:00,-0.5754007014629678
2019-09-05 17:21:00,-0.5255590036072704
2019-09-05 17:24:00,-0.571611654258561
2019-09-05 17:27:00,-0.6970335142508475
2019-09-05 17:30:00,-0.6521677538776203
2019-09-05 17:33:00,-0.6324060206808326
2019-09-05 17:36:00,-0.5356218358257934
2019-09-05 17:39:00,-0.5287128431288011
2019-09-05 17:42:00,-0.4886175692095662
2019-09-05 17:45:00,-0.6178316619814836
2019-09-05 17:48:00,-0.5366694355511186
2019-09-05 17:51:00,-0.6185067227020227
2019-09-05 17:54:00,-0.5587081045140962
2019-09-05 17:57:00,-0.4820607710575473
2019-09-05 18:00:00,-0.5232527199337937
2019-09-05 18:03:00,-0.5271850026838933
2019-09-05 18:06:00,-0.4964932762053422
2019-09-05 18:09:00,-0.5271129485587949
2019-09-05 18:12:00,-0.5166467607397749
2019-09-05 18:15:00,-0.5451747840918415
2019-09-05 18:18:00,-0.4760121106158408
2019-09-05 18:21:00,-0.5818505856824459
2019-09-05 18:24:00,-0.39907517516502367
2019-09-05 18:27:00,-0.48879865129856626
2019-09-05 18:30:00,-0.5006955283083698
2019-09-05 18:33:00,-0.4789114256478797
2019-09-05 18:36:00,-0.5931128748742935
2019-09-05 18:39:00,-0.5158145971993235
2019-09-05 18:42:00,-0.4469931640301752
2019-09-05 18:45:00,-0.5414928948550255
2019-09-05 18:48:00,-0.3827084124745852
2019-09-05 18:51:00,-0.33731049350683406
2019-09-05 18:54:00,
2019-09-05 18:57:00,
2019-09-05 19:00:00,
2019-09-05 19:03:00,-0.31090558086299325
2019-09-05 19:06:00,-0.3193655186461797
2019-09-05 19:09:00,-0.2766730854821162
2019-09-05 19:12:00,-0.35109316974018157
2019-09-05 19:15:00,-0.19487792119969072
2019-09-05 19:18:00,-0.23064972489737556
2019-09-05 19:21:00,-0.18453995176651006
2019-09-05 19:24:00,-0.2675025105166924
2019-09-05 19:27:00,-0.24509826491475906
2019-09-05 19:30:00,-0.22018512145177738
2019-09-05 19:33:00,-0.13912406620966067
2019-09-05 19:36:00,-0.16686820602859598
2019-09-05 19:39:00,-0.1350215416722449
2019-09-05 19:42:00,-0.12968356970196737
2019-09-05 19:45:00,-0.11541465231255188
2019-09-05 19:48:00,-0.017666732570376098
2019-09-05 19:51:00,-0.05072317670294524
2019-09-05 19:54:00,-0.038538327144749474
2019-09-05 19:57:00,-0.02775226045440604
2019-09-05 20:00:00,-0.09437165170442086
2019-09-05 20:03:00,-0.13115316359437657
2019-09-05 20:06:00,-0.11432937858222658
2019-09-05 20:09:00,-0.16607219593225864
2019-09-05 20:12:00,-0.032347236872396934
2019-09-05 20:15:00,-0.13749990600564388
2019-09-05 20:18:00,-0.1376136771996812
2019-09-05 20:21:00,-0.052158795474724684
2019-09-05 20:24:00,-0.145988247253797
2019-09-05 20:27:00,-0.004490454409335598
2019-09-05 20:30:00,-0.14071076517763004
2019-09-05 20:33:00,-0.08530935500385795
2019-09-05 20:36:00,-0.13756563843628555
2019-09-05 20:39:00,-0.16216001707073247
2019-09-05 20:42:00,-0.0801967495266922
2019-09-05 20:45:00,-0.03720148962105441
2019-09-05 20:48:00,-0.17579249531695496
2019-09-05 20:51:00,-0.0676072968234962
2019-09-05 20:54:00,-0.13969708453481644
2019-09-05 20:57:00,-0.0005765293446984288
2019-09-05 21:00:00,-0.15293931649875958
2019-09-05 21:03:00,-0.07812033401160079
2019-09-05 21:06:00,-0.08012698444667876
2019-09-05 21:09:00,-0.022206215092410275
2019-09-05 21:12:00,-0.19350914307443645
2019-09-05 21:15:00,-0.0380261265221975
2019-09-05 21:18:00,-0.10269355401322855
2019-09-05 21:21:00,-0.09899266255797556
2019-09-05 21:24:00,-0.12395443290108688
2019-09-05 21:27:00,-0.07527382782967607
2019-09-05 21:30:00,-0.03132322672047394
2019-09-05 21:33:00,-0.14682610055621126
2019-09-05 21:36:00,-0.13372558717651373
2019-09-05 21:39:00,-0.0924485912459545
2019-09-05 21:42:00,-0.03794312784447129
2019-09-05 21:45:00,-0.09400243393133678
2019-09-05 21:48:00,-0.06978438789332131
2019-09-05 21:51:00,-0.008785161315756795
2019-09-05 21:54:00,-0.007560798932047419
2019-09-05 21:57:00,-0.1107698644026982
2019-09-05 22:00:00,0.007697659418795411
2019-09-05 22:03:00,-0.020686226239547523
2019-09-05 22:06:00,-0.04530699146630468
2019-09-05 22:09:00,0.019435631072951765
2019-09-05 22:12:00,0.036076095325256574
2019-09-05 22:15:00,-0.07738650826917137
2019-09-05 22:18:00,0.026185560586725387
2019-09-05 22:21:00,0.025983841192442014
2019-09-05 22:24:00,0.040031652057393785
2019-09-05 22:27:00,-0.011679825846215408
2019-09-05 22:30:00,-9.606845651433105e-06
2019-09-05 22:33:00,0.04085638557495486
2019-09-05 22:36:00,-0.03370576809498971
2019-09-05 22:39:00,0.055618417489938565
2019-09-05 22:42:00,-0.030590807051680713
2019-09-05 22:45:00,-0.06345024548687661
2019-09-05 22:48:00,-0.006294437916494644
2019-09-05 22:51:00,-0.042073717671655686
2019-09-05 22:54:00,-0.06406988077168307
2019-09-05 22:57:00,-0.07560749880758522
2019-09-05 23:00:00,0.0024511884645903592
2019-09-05 23:03:00,-0.07826452695667285
2019-09-05 23:06:00,-0.0160824373072046
2019-09-05 23:09:00,-0.07070863227949076
2019-09-05 23:12:00,0.001640391927537621
2019-09-05 23:15:00,0.013219114964613254
2019-09-05 23:18:00,0.0485114124824122
2019-09-05 23:21:00,0.024172476687112976
2019-09-05 23:24:00,0.008947729849353436
2019-09-05 23:27:00,0.11264425643588538
2019-09-05 23:30:00,0.0631763535935761
2019-09-05 23:33:00,-0.011002727809454882
2019-09-05 23:36:00,0.06989636243577024
2019-09-05 23:39:00,0.051427694195808726
2019-09-05 23:42:00,0.0037536015557293467
2019-09-05 23:45:00,-0.007937282464922646
2019-09-05 23:48:00,-0.03503388360206827
2019-09-05 23:51:00,0.0566556392682287
2019-09-05 23:54:00,-0.04871772698135146
2019-09-05 23:57:00,0.007467674155009263
2019-09-06 00:00:00,0.10029418704948512
2019-09-06 00:03:00,0.011936708090729553
2019-09-06 00:06:00,0.018176350775092942
2019-09-06 00:09:00,0.0977763718962592
2019-09-06 00:12:00,0.04940596986136825
2019-09-06 00:15:00,0.007269224162939736
2019-09-06 00:18:00,-0.08020181024460271
2019-09-06 00:21:00,0.007396719334622048
2019-09-06 00:24:00,-0.038451644694248444
2019-09-06 00:27:00,-0.03303520214382161
2019-09-06 00:30:00,0.03428980509789881
2019-09-06 00:33:00,-0.0722260806105055
2019-09-06 00:36:00,0.07599752030006357
2019-09-06 00:39:00,0.008431122869353658
2019-09-06 00:42:00,-0.052671493983382334
2019-09-06 00:45:00,0.06896391442995764
2019-09-06 00:48:00,0.04436346254141199
2019-09-06 00:51:00,-0.049866594245258966
2019-09-06 00:54:00,0.04239235305965394
2019-09-06 00:57:00,-0.042574056827390905
2019-09-06 01:00:00,-0.040015613824380125
2019-09-06 01:03:00,-0.02232321108448332
2019-09-06 01:06:00,-0.14802467446367018
2019-09-06 01:09:00,-0.11576096648536804
2019-09-06 01:12:00,0.15441332559328202
2019-09-06 01:15:00,0.04145960359454648
2019-09-06 01:18:00,-0.05550442837977698
2019-09-06 01:21:00,-0.03775307283041229
2019-09-06 01:24:00,0.14229558479939897
2019-09-06 01:27:00,0.048778423929491055
2019-09-06 01:30:00,0.10099017447276992
2019-09-06 01:33:00,0.13155375407933434
2019-09-06 01:36:00,0.11673712692248728
2019-09-06 01:39:00,0.010783680489453218
2019-09-06 01:42:00,0.04910381117650786
2019-09-06 01:45:00,0.01994615297655855
2019-09-06 01:48:00,0.03991050483637082
2019-09-06 01:51:00,-0.03409550127793182
2019-09-06 01:54:00,0.14945213992297113
2019-09-06 01:57:00,0.02716109013096002
2019-09-06 02:00:00,-0.028470670287333633
2019-09-06 02:03:00,0.08990756961418356
2019-09-06 02:06:00,0.07046787616832262
2019-09-06 02:09:00,0.13854427857131668
2019-09-06 02:12:00,0.12761390815063578
2019-09-06 02:15:00,0.17297518351648478
2019-09-06 02:18:00,0.18709373316931988
2019-09-06 02:21:00,0.19078618171721473
2019-09-06 02:24:00,0.08811358857082041
2019-09-06 02:27:00,0.13863619517712777
2019-09-06 02:30:00,-0.048135972151612805
2019-09-06 02:33:00,-0.029233270118595556
2019-09-06 02:36:00,-0.01782690833823608
2019-09-06 02:39:00,0.09819473400347078
2019-09-06 02:42:00,0.041031358467989776
2019-09-06 02:45:00,0.017220714230518297
2019-09-06 02:48:00,0.1588963184686918
2019-09-06 02:51:00,0.06423953898240597
2019-09-06 02:54:00,-0.024712548624279407
2019-09-06 02:57:00,0.1048949601432696
2019-09-06 03:00:00,0.05614606984187276
2019-09-06 03:03:00,0.06980378074166538
2019-09-06 03:06:00,0.08483832199118524
2019-09-06 03:09:00,0.07970678091510308
2019-09-06 03:12:00,0.06884363329595544
2019-09-06 03:15:00,0.12246868536925604
2019-09-06 03:18:00,0.11593927472887344
2019-09-06 03:21:00,0.05603667151302716
2019-09-06 03:24:00,0.09992031046363081
2019-09-06 03:27:00,0.0013033179338322043
2019-09-06 03:30:00,-0.007719611643324242
2019-09-06 03:33:00,0.022552211932975297
2019-09-06 03:36:00,0.06249308931160158
2019-09-06 03:39:00,0.008439425380288412
2019-09-06 03:42:00,-0.022874234504854485
2019-09-06 03:45:00,0.0934911132986258
2019-09-06 03:48:00,0.08373485212331389
2019-09-06 03:51:00,-0.0032639177907753947
2019-09-06 03:54:00,-0.008219081991001076
2019-09-06 03:57:00,-0.06013870825643153
2019-09-06 04:00:00,-0.023268153967364924
2019-09-06 04:03:00,0.03221694129410935
2019-09-06 04:06:00,0.01213976431284891
2019-09-06 04:09:00,0.006214499502846138
2019-09-06 04:12:00,-0.03488484319689178
2019-09-06 04:15:00,0.04209129238432752
2019-09-06 04:18:00,0.04680258118906977
2019-09-06 04:21:00,0.10326167203061232
2019-09-06 04:24:00,0.028933705047620606
2019-09-06 04:27:00,0.05363556631425581
2019-09-06 04:30:00,0.14635969832187357
2019-09-06 04:33:00,-0.01926114846304472
2019-09-06 04:36:00,-0.049865572833994065
2019-09-06 04:39:00,0.048912312922652745
2019-09-06 04:42:00,0.02133732503847341
2019-09-06 04:45:00,0.06854005353471848
2019-09-06 04:48:00,0.09516801421659693
2019-09-06 04:51:00,0.16804947772004653
2019-09-06 04:54:00,-0.07641448123723649
2019-09-06 04:57:00,0.026340706196151586
2019-09-06 05:00:00,-0.014920853511512178
2019-09-06 05:03:00,0.09323864026873707
2019-09-06 05:06:00,0.06872101181210155
2019-09-06 05:09:00,0.049522511682368986
2019-09-06 05:12:00,0.03813320051841629
2019-09-06 05:15:00,0.15905989980473123
2019-09-06 05:18:00,0.07214826663658869
2019-09-06 05:21:00,0.08357727408053961
2019-09-06 05:24:00,0.061870671890005724
2019-09-06 05:27:00,0.16675930531982885
2019-09-06 05:30:00,0.03705404315684291
2019-09-06 05:33:00,0.11510903622126989
2019-09-06 05:36:00,0.09093820968223554
2019-09-06 05:39:00,0.21666735581067087
2019-09-06 05:42:00,0.17356786606501373
2019-09-06 05:45:00,0.29465594905508397
2019-09-06 05:48:00,0.37609900160850884
2019-09-06 05:51:00,0.4136790401048529
2019-09-06 05:54:00,0.4240836915641353
2019-09-06 05:57:00,0.4617943704589038
2019-09-06 06:00:00,0.4696385598266488
2019-09-06 06:03:00,0.47646997117232104
2019-09-06 06:06:00,0.5308888346366416
2019-09-06 06:09:00,0.5250039813016087
2019-09-06 06:12:00,0.5165576826949518
2019-09-06 06:15:00,0.46508785630538796
2019-09-06 06:18:00,0.5678106642436092
2019-09-06 06:21:00,0.45573708569764904
2019-09-06 06:24:00,0.5447513266393571
2019-09-06 06:27:00,0.5410311619580739
2019-09-06 06:30:00,0.5715685685906919
2019-09-06 06:33:00,0.5636748863907997
2019-09-06 06:36:00,0.5647877510965031
2019-09-06 06:39:00,0.5171944424327535
2019-09-06 06:42:00,0.6191590248533316
2019-09-06 06:45:00,0.5536260952641783
2019-09-06 06:48:00,0.6626037256846189
2019-09-06 06:51:00,0.7046863180427749
2019-09-06 06:54:00,0.7181478513346065
2019-09-06 06:57:00,0.6673756007396037
2019-09-06 07:00:00,0.6171066945448729
2019-09-06 07:03:00,0.460363592280828
2019-09-06 07:06:00,0.46100189550259074
2019-09-06 07:09:00,0.4839414979659864
2019-09-06 07:12:00,0.5171971583749269
2019-09-06 07:15:00,0.4291496594142359
2019-09-06 07:18:00,0.3784395401194729
2019-09-06 07:21:00,0.34862603016415505
2019-09-06 07:24:00,0.4298762166797019
2019-09-06 07:27:00,0.3805453582840528
2019-09-06 07:30:00,0.37207082391807944
2019-09-06 07:33:00,0.3379889363624784
2019-09-06 07:36:00,0.41755496695287775
2019-09-06 07:39:00,0.3774479508083459
2019-09-06 07:42:00,0.2664969903655674
2019-09-06 07:45:00,0.37643870303156746
2019-09-06 07:48:00,0.3458870037208044
2019-09-06 07:51:00,0.2587710101276457
2019-09-06 07:54:00,0.394281161431536
2019-09-06 07:57:00,0.40202645665186765
2019-09-06 08:00:00,0.3300329475462149
2019-09-06 08:03:00,0.29228774357073917
2019-09-06 08:06:00,0.2659543847386203
2019-09-06 08:09:00,0.16828297645184875
2019-09-06 08:12:00,0.27961703330095133
2019-09-06 08:15:00,0.25014508285642023
2019-09-06 08:18:00,0.3394149733073277
2019-09-06 08:21:00,0.30449684398774934
2019-09-06 08:24:00,0.3894390316768295
2019-09-06 08:27:00,0.37538892740599294
2019-09-06 08:30:00,0.3299694299033149
2019-09-06 08:33:00,0.453133049062842
2019-09-06 08:36:00,0.3348399472638448
2019-09-06 08:39:00,0.3647718456696225
2019-09-06 08:42:00,0.43423259799908465
2019-09-06 08:45:00,0.43117653716603854
2019-09-06 08:48:00,0.4255941087029669
2019-09-06 08:51:00,0.3007538555235101
2019-09-06 08:54:00,0.36477798718067334
2019-09-06 08:57:00,0.30519935099317763
2019-09-06 09:00:00,0.38596597859833537
2019-09-06 09:03:00,0.33727007968957423
2019-09-06 09:06:00,0.3975180171199213
2019-09-06 09:09:00,0.39520810657029415
2019-09-06 09:12:00,0.29243879896631597
2019-09-06 09:15:00,0.29181262166179067
2019-09-06 09:18:00,0.2922765109619263
2019-09-06 09:21:00,0.2716529899100806
2019-09-06 09:24:00,0.3464081440355926
2019-09-06 09:27:00,0.3668167892545853
2019-09-06 09:30:00,0.3878322631046558
2019-09-06 09:33:00,0.23507395914390372
2019-09-06 09:36:00,0.34083958027997596
2019-09-06 09:39:00,0.38057711851951126
2019-09-06 09:42:00,0.3322369633982021
2019-09-06 09:45:00,0.3228367361573987
2019-09-06 09:48:00,0.42204770310183903
2019-09-06 09:51:00,0.3805261487883058
2019-09-06 09:54:00,0.3606561153651455
2019-09-06 09:57:00,0.22829489427431326
2019-09-06 10:00:00,0.2990480806049618
2019-09-06 10:03:00,0.34796619949946717
2019-09-06 10:06:00,0.26466204113319236
2019-09-06 10:09:00,0.2802419392184561
2019-09-06 10:12:00,0.225609331746341
2019-09-06 10:15:00,0.1897058196676653
2019-09-06 10:18:00,0.2526551658548897
2019-09-06 10:21:00,0.1641626697888796
2019-09-06 10:24:00,0.22295363843511495
2019-09-06 10:27:00,0.2698240012358042
2019-09-06 10:30:00,0.1918288807860904
2019-09-06 10:33:00,0.16811907144591487
2019-09-06 10:36:00,0.1686550136845426
2019-09-06 10:39:00,0.14638577114300233
2019-09-06 10:42:00,0.08030358256542058
2019-09-06 10:45:00,0.1392204634971108
2019-09-06 10:48:00,0.06964394001107621
2019-09-06 10:51:00,0.16272513318943993
2019-09-06 10:54:00,0.036924680486436046
2019-09-06 10:57:00,0.06476898235985118
2019-09-06 11:00:00,0.1031061074447166
2019-09-06 11:03:00,0.08368875158026867
2019-09-06 11:06:00,0.022194361973106425
2019-09-06 11:09:00,0.018557564820980588
2019-09-06 11:12:00,0.15183929869061785
2019-09-06 11:15:00,0.10937447748125351
2019-09-06 11:18:00,0.056140560816743346
2019-09-06 11:21:00,0.033083575743489746
2019-09-06 11:24:00,0.11474667617983414
2019-09-06 11:27:00,0.021501069729822575
2019-09-06 11:30:00,-0.04856663434895836
2019-09-06 11:33:00,0.07203148488122224
2019-09-06 11:36:00,0.014227512826323618
2019-09-06 11:39:00,0.14703255720218067
2019-09-06 11:42:00,0.06706787972649408
2019-09-06 11:45:00,0.05736520310284732
2019-09-06 11:48:00,0.017104944537777556
2019-09-06 11:51:00,0.07785371093171989
2019-09-06 11:54:00,0.026084949465086993
2019-09-06 11:57:00,-0.013504155513658134
2019-09-06 12:00:00,-0.04055924600550043
2019-09-06 12:03:00,-0.08574355067202077
2019-09-06 12:06:00,-0.011646810261481733
2019-09-06 12:09:00,0.007977268455363173
2019-09-06 12:12:00,0.015602111811972463
2019-09-06 12:15:00,-0.08544778555102539
2019-09-06 12:18:00,-0.1349010301087219
2019-09-06 12:21:00,0.01875554764347953
2019-09-06 12:24:00,-0.0316786418119932
2019-09-06 12:27:00,-0.07479006668387456
2019-09-06 12:30:00,-0.02244237482346989
2019-09-06 12:33:00,-0.002554244096700131
2019-09-06 12:36:00,-0.14426197887291892
2019-09-06 12:39:00,-0.06560059950862751
2019-09-06 12:42:00,-0.04421091379134623
2019-09-06 12:45:00,-0.09934314554072898
2019-09-06 12:48:00,-0.03925596095587025
2019-09-06 12:51:00,-0.13698078185848317
2019-09-06 12:54:00,-0.0670754383600638
2019-09-06 12:57:00,0.08019480407733681
2019-09-06 13:00:00,-0.10941880254790703
2019-09-06 13:03:00,-0.10344381674781289
2019-09-06 13:06:00,-0.10785181610174277
2019-09-06 13:09:00,0.005213116443826493
2019-09-06 13:12:00,-0.01538950100166403
2019-09-06 13:15:00,-0.07076381337498105
2019-09-06 13:18:00,-0.1293200849540881
2019-09-06 13:21:00,-0.07359119577910178
2019-09-06 13:24:00,-0.04993742828219183
2019-09-06 13:27:00,-0.10583183354549419
2019-09-06 13:30:00,-0.16018068076635927
2019-09-06 13:33:00,-0.14887041641537735
2019-09-06 13:36:00,-0.14866066105628306
2019-09-06 13:39:00,-0.10678199227362484
2019-09-06 13:42:00,-0.07604758331598305
2019-09-06 13:45:00,-0.22037779760285048
2019-09-06 13:48:00,-0.18232885267116217
2019-09-06 13:51:00,-0.11663767586446738
2019-09-06 13:54:00,-0.12611373703776962
2019-09-06 13:57:00,-0.13535261215389482
2019-09-06 14:00:00,-0.23749380750211913
2019-09-06 14:03:00,-0.2067738727440087
2019-09-06 14:06:00,-0.26478116408628694
2019-09-06 14:09:00,-0.2127800115334253
2019-09-06 14:12:00,-0.15182313829842542
2019-09-06 14:15:00,-0.27397662680124313
2019-09-06 14:18:00,-0.27371607697648415
2019-09-06 14:21:00,-0.277112967280857
2019-09-06 14:24:00,-0.28932864154859317
2019-09-06 14:27:00,-0.2667777309164876
2019-09-06 14:30:00,-0.3380416229666139
2019-09-06 14:33:00,-0.3432049765788747
2019-09-06 14:36:00,-0.30530000179959416
2019-09-06 14:39:00,-0.3081148375095495
2019-09-06 14:42:00,-0.34099314865864017
2019-09-06 14:45:00,-0.3887507175161886
2019-09-06 14:48:00,-0.392430905255992
2019-09-06 14:51:00,-0.3301657899480688
2019-09-06 14:54:00,-0.22287874011112763
2019-09-06 14:57:00,-0.2187182216025576
2019-09-06 15:00:00,-0.3366437351256195
2019-09-06 15:03:00,-0.20661065705610326
2019-09-06 15:06:00,-0.362481033218387
2019-09-06 15:09:00,-0.27443224135902256
2019-09-06 15:12:00,-0.3069206485488962
2019-09-06 15:15:00,-0.2799507984044567
2019-09-06 15:18:00,-0.2577550302398208
2019-09-06 15:21:00,-0.24960567354207797
2019-09-06 15:24:00,-0.2897607714552919
2019-09-06 15:27:00,-0.1831182979155983
2019-09-06 15:30:00,0.017822766590995798
2019-09-06 15:33:00,0.07338326236464354
2019-09-06 15:36:00,0.18042944960978957
2019-09-06 15:39:00,0.3198237683218963
2019-09-06 15:42:00,0.2221214926038897
2019-09-06 15:45:00,0.2561847984121641
2019-09-06 15:48:00,0.03818853652603593
2019-09-06 15:51:00,-0.07597751576099654
2019-09-06 15:54:00,-0.021028233199785973
2019-09-06 15:57:00,-0.22232504590760982
2019-09-06 16:00:00,-0.2933360544801644
2019-09-06 16:03:00,-0.2583999141243112
2019-09-06 16:06:00,-0.278587090997064
2019-09-06 16:09:00,-0.2690003770599674
2019-09-06 16:12:00,-0.20819685231924723
2019-09-06 16:15:00,-0.3199104875754415
2019-09-06 16:18:00,-0.12930938129613878
2019-09-06 16:21:00,-0.07079612047169803
2019-09-06 16:24:00,-0.24176180477081743
2019-09-06 16:27:00,-0.12980193773842075
2019-09-06 16:30:00,-0.13053577302622443
2019-09-06 16:33:00,-0.21394532822898782
2019-09-06 16:36:00,-0.269092546978527
2019-09-06 16:39:00,-0.19146014343840534
2019-09-06 16:42:00,-0.19153433647193197
2019-09-06 16:45:00,-0.19015323866540257
2019-09-06 16:48:00,-0.13511202158309743
2019-09-06 16:51:00,-0.16830119549757683
2019-09-06 16:54:00,-0.13741185924459387
2019-09-06 16:57:00,-0.18809653494082568
2019-09-06 17:00:00,-0.09684353619888952
2019-09-06 17:03:00,-0.07700862496142236
2019-09-06 17:06:00,0.015986403655404047
2019-09-06 17:09:00,0.00788245622317163
2019-09-06 17:12:00,0.03420022376360521
2019-09-06 17:15:00,-0.019416242345641876
2019-09-06 17:18:00,-0.0024406458715020563
2019-09-06 17:21:00,-0.05521095998420833
2019-09-06 17:24:00,-0.10799669044223492
2019-09-06 17:27:00,-0.011531996549763335
2019-09-06 17:30:00,-0.019958762204737468
2019-09-06 17:33:00,0.04652100847010843
2019-09-06 17:36:00,-0.1331051674524133
2019-09-06 17:39:00,-0.08188562738484961
2019-09-06 17:42:00,0.02677197873708792
2019-09-06 17:45:00,0.024693648425568426
2019-09-06 17:48:00,0.011170693622204908
2019-09-06 17:51:00,0.05006047338179087
2019-09-06 17:54:00,-0.0798129871353126
2019-09-06 17:57:00,-0.0870860793427255
2019-09-06 18:00:00,-0.028423195871425833
2019-09-06 18:03:00,-0.05063507301667869
2019-09-06 18:06:00,-0.05697647997436661
2019-09-06 18:09:00,-0.05592260298487872
2019-09-06 18:12:00,0.03391467829862904
2019-09-06 18:15:00,-0.027774696124538423
2019-09-06 18:18:00,-0.03810063527856755
2019-09-06 18:21:00,-0.052091653623790535
2019-09-06 18:24:00,-0.016432692216085343
2019-09-06 18:27:00,-0.009401251601161675
2019-09-06 18:30:00,-0.0819280042563264
2019-09-06 18:33:00,-0.02453096348500594
2019-09-06 18:36:00,-0.06605233143039868
2019-09-06 18:39:00,-0.07069963131726809
2019-09-06 18:42:00,-0.03955572122453077
2019-09-06 18:45:00,-0.10171668761950059
2019-09-06 18:48:00,-0.025974030860197672
2019-09-06 18:51:00,-0.08762237574876508
2019-09-06 18:54:00,
2019-09-06 18:57:00,
2019-09-06 19:00:00,
2019-09-06 19:03:00,0.0100451392865466
2019-09-06 19:06:00,-0.11365185301212932
2019-09-06 19:09:00,-0.01927132765990791
2019-09-06 19:12:00,0.05821880709368088
2019-09-06 19:15:00,-0.10113405469627423
2019-09-06 19:18:00,-0.047453485660355454
2019-09-06 19:21:00,-0.02696219849940462
2019-09-06 19:24:00,0.01003874090406498
2019-09-06 19:27:00,-0.006612442859420753
2019-09-06 19:30:00,0.11361390020135786
2019-09-06 19:33:00,0.008562737826537159
2019-09-06 19:36:00,0.04175211533015499
2019-09-06 19:39:00,0.13383413436741876
2019-09-06 19:42:00,0.050320038592246874
2019-09-06 19:45:00,0.08414270840893323
2019-09-06 19:48:00,-0.0028722354522869864
2019-09-06 19:51:00,0.0038235547270346615
2019-09-06 19:54:00,-0.012489343394292973
2019-09-06 19:57:00,0.05025569323078116
2019-09-06 20:00:00,0.012212240731514612
2019-09-06 20:03:00,0.03268839499071419
2019-09-06 20:06:00,-0.002108187734961575
2019-09-06 20:09:00,-0.0006913120116109894
2019-09-06 20:12:00,0.024017399859644684
2019-09-06 20:15:00,0.005818441225301285
2019-09-06 20:18:00,0.02281349380893971
2019-09-06 20:21:00,0.04855656889031934
2019-09-06 20:24:00,-0.0005754773757189469
2019-09-06 20:27:00,0.052213952798979335
2019-09-06 20:30:00,0.02582199818044728
2019-09-06 20:33:00,-0.047984422047932185
2019-09-06 20:36:00,0.057370092882308654
2019-09-06 20:39:00,0.06216615604569142
2019-09-06 20:42:00,0.044833769276067414
2019-09-06 20:45:00,0.12550241821651298
2019-09-06 20:48:00,0.10412277854345575
2019-09-06 20:51:00,0.06133160399042481
2019-09-06 20:54:00,0.1260911504735418
2019-09-06 20:57:00,0.04148016723570436
2019-09-06 21:00:00,0.1803261198008954
2019-09-06 21:03:00,0.06927645873639676
2019-09-06 21:06:00,0.10987940435609289
2019-09-06 21:09:00,0.10950558523421705
2019-09-06 21:12:00,0.08915103946117142
2019-09-06 21:15:00,-0.003673900326361945
2019-09-06 21:18:00,0.09595545337515432
2019-09-06 21:21:00,-0.05516282618970081
2019-09-06 21:24:00,0.1212096603263717
2019-09-06 21:27:00,0.09529143063593892
2019-09-06 21:30:00,0.018633781555593032
2019-09-06 21:33:00,0.13205781895601376
2019-09-06 21:36:00,0.04593028721819792
2019-09-06 21:39:00,0.06884942991757725
2019-09-06 21:42:00,0.033614697411053385
2019-09-06 21:45:00,0.0634212486523893
2019-09-06 21:48:00,0.11443183032793058
2019-09-06 21:51:00,0.1399213266946049
2019-09-06 21:54:00,0.04436464754599001
2019-09-06 21:57:00,0.0024880933937652117
2019-09-06 22:00:00,-0.018434157380227134
2019-09-06 22:03:00,0.048339186768714626
2019-09-06 22:06:00,0.135518110061696
2019-09-06 22:09:00,0.07751522622453422
2019-09-06 22:12:00,0.05092168849347445
2019-09-06 22:15:00,0.057565603004491095
2019-09-06 22:18:00,0.09012285258046404
2019-09-06 22:21:00,0.03643427499969221
2019-09-06 22:24:00,0.09122702736431165
2019-09-06 22:27:00,0.09667698198728658
2019-09-06 22:30:00,0.13557240080075417
2019-09-06 22:33:00,0.0693873747171665
2019-09-06 22:36:00,0.09550583977227234
2019-09-06 22:39:00,0.030394899066891412
2019-09-06 22:42:00,0.11109373786075594
2019-09-06 22:45:00,0.11429893605776442
2019-09-06 22:48:00,0.07032152340445919
2019-09-06 22:51:00,0.10893301103766362
2019-09-06 22:54:00,0.03457746020023933
2019-09-06 22:57:00,0.11148115275409509
2019-09-06 23:00:00,0.1585530674989286
2019-09-06 23:03:00,0.15948780715422117
2019-09-06 23:06:00,0.11740680903210432
2019-09-06 23:09:00,0.06834808543317195
2019-09-06 23:12:00,0.11159966204621696
2019-09-06 23:15:00,0.11314155420700445
2019-09-06 23:18:00,0.08900663447388979
2019-09-06 23:21:00,0.14806664415704063
2019-09-06 23:24:00,0.04580570129314765
2019-09-06 23:27:00,0.08300073854712764
2019-09-06 23:30:00,0.11895636250488906
2019-09-06 23:33:00,0.22874763146103305
2019-09-06 23:36:00,0.02438670315507352
2019-09-06 23:39:00,0.2153721660210408
2019-09-06 23:42:00,0.16583426146911506
2019-09-06 23:45:00,0.18350305663358313
2019-09-06 23:48:00,0.08750330726314814
2019-09-06 23:51:00,0.050095706602348855
2019-09-06 23:54:00,0.1638199400775875
2019-09-06 23:57:00,0.18559127767753125
2019-09-07 00:00:00,0.10451655032881035
2019-09-07 00:03:00,0.12320209862161846
2019-09-07 00:06:00,0.12005784580850332
2019-09-07 00:09:00,0.17197049943871434
2019-09-07 00:12:00,0.09472636913659471
2019-09-07 00:15:00,0.13833638660787528
2019-09-07 00:18:00,0.2047228571669848
2019-09-07 00:21:00,0.2080066973867929
2019-09-07 00:24:00,0.17644525435775904
2019-09-07 00:27:00,0.26742048629739656
2019-09-07 00:30:00,0.11979072521148737
2019-09-07 00:33:00,0.12360901110287159
2019-09-07 00:36:00,0.19370635762641086
2019-09-07 00:39:00,0.07465934970861099
2019-09-07 00:42:00,0.1605052518258958
2019-09-07 00:45:00,0.28173439745967244
2019-09-07 00:48:00,0.20101241232134726
2019-09-07 00:51:00,0.2638878770664519
2019-09-07 00:54:00,0.1877098114839555
2019-09-07 00:57:00,0.20515339428868629
2019-09-07 01:00:00,0.17821329165582256
2019-09-07 01:03:00,0.1603426624304234
2019-09-07 01:06:00,0.17476175277829498
2019-09-07 01:09:00,0.09046205268634822
2019-09-07 01:12:00,0.22917806105095906
2019-09-07 01:15:00,0.19498890696297622
2019-09-07 01:18:00,0.18810355372914955
2019-09-07 01:21:00,0.2963560253603532
2019-09-07 01:24:00,0.2609711215471293
2019-09-07 01:27:00,0.27394074466110396
2019-09-07 01:30:00,0.22548411618618047
2019-09-07 01:33:00,0.29813759403185713
2019-09-07 01:36:00,0.256439722385835
2019-09-07 01:39:00,0.26104913922222295
2019-09-07 01:42:00,0.2454157804693864
2019-09-07 01:45:00,0.2006751484477718
2019-09-07 01:48:00,0.20052657237749827
2019-09-07 01:51:00,0.16325988452263118
2019-09-07 01:54:00,0.2246610143454859
2019-09-07 01:57:00,0.2884913801230482
2019-09-07 02:00:00,0.2849348194816912
2019-09-07 02:03:00,0.28307065095526696
2019-09-07 02:06:00,0.16463315838939252
2019-09-07 02:09:00,0.11509849533831584
2019-09-07 02:12:00,0.238457891207986
2019-09-07 02:15:00,0.2690036061906653
2019-09-07 02:18:00,0.16118476332542286
2019-09-07 02:21:00,0.274138145729637
2019-09-07 02:24:00,0.34542303521993745
2019-09-07 02:27:00,0.16563326002045642
2019-09-07 02:30:00,0.22914087539231787
2019-09-07 02:33:00,0.19846421180653806
2019-09-07 02:36:00,0.27637519065507377
2019-09-07 02:39:00,0.23750715039307124
2019-09-07 02:42:00,0.2529437507395187
2019-09-07 02:45:00,0.3486833885546048
2019-09-07 02:48:00,0.06232243485192157
2019-09-07 02:51:00,0.2873492219837317
2019-09-07 02:54:00,0.20342331785269607
2019-09-07 02:57:00,0.2050952161861801
2019-09-07 03:00:00,0.19951218480787247
2019-09-07 03:03:00,0.22251331890117854
2019-09-07 03:06:00,0.2268993820591163
2019-09-07 03:09:00,0.2526755133054621
2019-09-07 03:12:00,0.24171813908191098
2019-09-07 03:15:00,0.3360669643116694
2019-09-07 03:18:00,0.17021911012471946
2019-09-07 03:21:00,0.11557764550281036
2019-09-07 03:24:00,0.2230882367038589
2019-09-07 03:27:00,0.11063075810136525
2019-09-07 03:30:00,0.18033448470941948
2019-09-07 03:33:00,0.18734009219622294
2019-09-07 03:36:00,0.09269377888239205
2019-09-07 03:39:00,0.1573827575056157
2019-09-07 03:42:00,0.206048832435215
2019-09-07 03:45:00,0.20140564888157542
2019-09-07 03:48:00,0.18844851243540006
2019-09-07 03:51:00,0.24170717577021605
2019-09-07 03:54:00,0.2518705430170485
2019-09-07 03:57:00,0.17699479611587776
2019-09-07 04:00:00,0.099300504920393
2019-09-07 04:03:00,0.19071374029800836
2019-09-07 04:06:00,0.20539892575436625
2019-09-07 04:09:00,0.1972197489249652
2019-09-07 04:12:00,0.21107786116760963
2019-09-07 04:15:00,0.22661779493029144
2019-09-07 04:18:00,0.1915844699956324
2019-09-07 04:21:00,0.22578033835088718
2019-09-07 04:24:00,0.19627940744425132
2019-09-07 04:27:00,0.22184475149572336
2019-09-07 04:30:00,0.1446322953633512
2019-09-07 04:33:00,0.17544406465577822
2019-09-07 04:36:00,0.2770758744728141
2019-09-07 04:39:00,0.31854313121789346
2019-09-07 04:42:00,0.2822642911165758
2019-09-07 04:45:00,0.27008287525308106
2019-09-07 04:48:00,0.18784760531588063
2019-09-07 04:51:00,0.2944525951442074
2019-09-07 04:54:00,0.23720715936292436
2019-09-07 04:57:00,0.3517697392890682
2019-09-07 05:00:00,0.14384292205113525
2019-09-07 05:03:00,0.22678910867341529
2019-09-07 05:06:00,0.3102227220327336
2019-09-07 05:09:00,0.3557920845541389
2019-09-07 05:12:00,0.3293295956283373
2019-09-07 05:15:00,0.3225151036892271
2019-09-07 05:18:00,0.24903531150016534
2019-09-07 05:21:00,0.4000678813531522
2019-09-07 05:24:00,0.35227442325503944
2019-09-07 05:27:00,0.33641504274402223
2019-09-07 05:30:00,0.30476946199382837
2019-09-07 05:33:00,0.2748051822774755
2019-09-07 05:36:00,0.41428952250760176
2019-09-07 05:39:00,0.28922989040694347
2019-09-07 05:42:00,0.2858742504868701
2019-09-07 05:45:00,0.3201658752992671
2019-09-07 05:48:00,0.37104323577835885
2019-09-07 05:51:00,0.27259901385167495
2019-09-07 05:54:00,0.26696421232230705
2019-09-07 05:57:00,0.3038436156306261
2019-09-07 06:00:00,0.4099444198105857
2019-09-07 06:03:00,0.34818057783439826
2019-09-07 06:06:00,0.27806419968328555
2019-09-07 06:09:00,0.3244717945246407
2019-09-07 06:12:00,0.3337109018993374
2019-09-07 06:15:00,0.36345911667382325
2019-09-07 06:18:00,0.4000544101522223
2019-09-07 06:21:00,0.3027085417915032
2019-09-07 06:24:00,0.37222647148888655
2019-09-07 06:27:00,0.29198060431860995
2019-09-07 06:30:00,0.4065613492894613
2019-09-07 06:33:00,0.30983983856754094
2019-09-07 06:36:00,0.2912347498618715
2019-09-07 06:39:00,0.33401101315342885
2019-09-07 06:42:00,0.3129630213738892
2019-09-07 06:45:00,0.41094285396303576
2019-09-07 06:48:00,0.2735864386568778
2019-09-07 06:51:00,0.3359160391006526
2019-09-07 06:54:00,0.414165007163831
2019-09-07 06:57:00,0.28029554516211874
2019-09-07 07:00:00,0.32772454500116055
2019-09-07 07:03:00,0.26652771230277494
2019-09-07 07:06:00,0.24423410914897659
2019-09-07 07:09:00,0.4266168147158851
2019-09-07 07:12:00,0.19926732244005052
2019-09-07 07:15:00,0.2198164207683817
2019-09-07 07:18:00,0.24309110547090995
2019-09-07 07:21:00,0.23432466090059734
2019-09-07 07:24:00,0.24716837057263774
2019-09-07 07:27:00,0.3244303106099551
2019-09-07 07:30:00,0.2492402202753965
2019-09-07 07:33:00,0.3376333941362759
2019-09-07 07:36:00,0.3562649476227193
2019-09-07 07:39:00,0.2888084829585864
2019-09-07 07:42:00,0.2871573819248283
2019-09-07 07:45:00,0.13333789850980793
2019-09-07 07:48:00,0.18280695151855753
2019-09-07 07:51:00,0.1869989249497621
2019-09-07 07:54:00,0.11652243844758914
2019-09-07 07:57:00,0.16260278785773608
2019-09-07 08:00:00,0.15917440111223868
2019-09-07 08:03:00,0.10310383951519952
2019-09-07 08:06:00,0.15742469862692587
2019-09-07 08:09:00,0.18521950315374625
2019-09-07 08:12:00,0.07881414816290544
2019-09-07 08:15:00,0.09822465563502192
2019-09-07 08:18:00,0.02980103965643366
2019-09-07 08:21:00,0.08973799258114923
2019-09-07 08:24:00,0.05580452249597556
2019-09-07 08:27:00,0.02703485021339702
2019-09-07 08:30:00,0.053441578113847754
2019-09-07 08:33:00,0.10086874722037464
2019-09-07 08:36:00,0.049441214585783655
2019-09-07 08:39:00,0.06508664542980114
2019-09-07 08:42:00,0.1384981044297433
2019-09-07 08:45:00,0.038065001414906874
2019-09-07 08:48:00,0.17639796460093748
2019-09-07 08:51:00,0.11014584326238719
2019-09-07 08:54:00,0.06334227410047788
2019-09-07 08:57:00,0.10741573860923381
2019-09-07 09:00:00,0.11488930071135428
2019-09-07 09:03:00,0.10726992924855949
2019-09-07 09:06:00,-0.0022653698590033855
2019-09-07 09:09:00,0.010507994366832918
2019-09-07 09:12:00,0.09046123125625627
2019-09-07 09:15:00,0.012470603484757703
2019-09-07 09:18:00,0.13533936534992108
2019-09-07 09:21:00,0.016831947890750598
2019-09-07 09:24:00,-0.02844486014907943
2019-09-07 09:27:00,0.022150521559296976
2019-09-07 09:30:00,-0.06677002089452344
2019-09-07 09:33:00,-0.03923596045007116
2019-09-07 09:36:00,-0.08427356847016654
2019-09-07 09:39:00,-0.005028596827230558
2019-09-07 09:42:00,-0.00990805922964455
2019-09-07 09:45:00,-0.018832312848132915
2019-09-07 09:48:00,0.06440372052014709
2019-09-07 09:51:00,-0.05346509170146874
2019-09-07 09:54:00,-0.022760251692488964
2019-09-07 09:57:00,0.02166805418835338
2019-09-07 10:00:00,0.03911615776172539
2019-09-07 10:03:00,-0.04845528748029437
2019-09-07 10:06:00,-0.033506001324894896
2019-09-07 10:09:00,-0.06648044639956652
2019-09-07 10:12:00,-0.04495622899054297
2019-09-07 10:15:00,0.07724119822557896
2019-09-07 10:18:00,0.08326123483197989
2019-09-07 10:21:00,-0.2002337731521493
2019-09-07 10:24:00,-0.18357571592923705
2019-09-07 10:27:00,-0.023857696173081422
2019-09-07 10:30:00,-0.10180954815115228
2019-09-07 10:33:00,-0.06198870396673328
2019-09-07 10:36:00,-0.20046029951339506
2019-09-07 10:39:00,-0.2296738123891373
2019-09-07 10:42:00,-0.10547155984858136
2019-09-07 10:45:00,-0.17047176689936805
2019-09-07 10:48:00,-0.1308871133638263
2019-09-07 10:51:00,-0.31940297579711796
2019-09-07 10:54:00,-0.2427578014499545
2019-09-07 10:57:00,-0.20535133744152745
2019-09-07 11:00:00,-0.21241267399324215
2019-09-07 11:03:00,-0.3289590149875039
2019-09-07 11:06:00,-0.28016203534679107
2019-09-07 11:09:00,-0.17783861314342175
2019-09-07 11:12:00,-0.2476521158010314
2019-09-07 11:15:00,-0.3235133799175287
2019-09-07 11:18:00,-0.2445981419334089
2019-09-07 11:21:00,-0.27926306775384546
2019-09-07 11:24:00,-0.3467263549667905
2019-09-07 11:27:00,-0.2925395679287135
2019-09-07 11:30:00,-0.2679484455784973
2019-09-07 11:33:00,-0.27230689460384383
2019-09-07 11:36:00,-0.3830419515277299
2019-09-07 11:39:00,-0.31707007950888055
2019-09-07 11:42:00,-0.2749203564773097
2019-09-07 11:45:00,-0.3518238928961068
2019-09-07 11:48:00,0.14388948182920558
2019-09-07 11:51:00,-0.2709187872446819
2019-09-07 11:54:00,-0.057508971864081104
2019-09-07 11:57:00,-0.0020532395320174146
2019-09-07 12:00:00,-0.054672731593996104
2019-09-07 12:03:00,0.10426392316719557
2019-09-07 12:06:00,-0.10084496372832064
2019-09-07 12:09:00,-0.4617943018293431
2019-09-07 12:12:00,-0.3803471075956395
2019-09-07 12:15:00,-0.5102090821184788
2019-09-07 12:18:00,-0.39008973461511687
2019-09-07 12:21:00,-0.45361100531363263
2019-09-07 12:24:00,-0.39682801378671684
2019-09-07 12:27:00,-0.5572468033076348
2019-09-07 12:30:00,-0.48016384976688187
2019-09-07 12:33:00,-0.4811901626541726
2019-09-07 12:36:00,-0.38698044190635983
2019-09-07 12:39:00,-0.3844391019164277
2019-09-07 12:42:00,-0.48194798573962316
2019-09-07 12:45:00,-0.5154180290686554
2019-09-07 12:48:00,-0.4317962211550821
2019-09-07 12:51:00,-0.4534851379828524
2019-09-07 12:54:00,-0.46921122982752195
2019-09-07 12:57:00,-0.5305641757959165
2019-09-07 13:00:00,-0.5529079041933755
2019-09-07 13:03:00,-0.5203792172449653
2019-09-07 13:06:00,-0.6054728335404889
2019-09-07 13:09:00,-0.5253025553865882
2019-09-07 13:12:00,-0.5311700193744855
2019-09-07 13:15:00,-0.5715653645867178
2019-09-07 13:18:00,-0.5428259202502659
2019-09-07 13:21:00,-0.5625057528387174
2019-09-07 13:24:00,-0.48267842140029416
2019-09-07 13:27:00,-0.5011426817604274
2019-09-07 13:30:00,-0.3136714538735532
2019-09-07 13:33:00,-0.46291124026799935
2019-09-07 13:36:00,-0.48846530138149546
2019-09-07 13:39:00,-0.48553020477862674
2019-09-07 13:42:00,-0.47845645545055504
2019-09-07 13:45:00,-0.5864638521808274
2019-09-07 13:48:00,-0.5188031241160047
2019-09-07 13:51:00,-0.5787368609021541
2019-09-07 13:54:00,-0.5722441724612963
2019-09-07 13:57:00,-0.44573458075808503
2019-09-07 14:00:00,-0.5930152731010594
2019-09-07 14:03:00,-0.5213711793734888
2019-09-07 14:06:00,-0.532538072205341
2019-09-07 14:09:00,-0.49871288034273675
2019-09-07 14:12:00,-0.6313984249647433
2019-09-07 14:15:00,-0.5145965936571315
2019-09-07 14:18:00,-0.501892959018619
2019-09-07 14:21:00,-0.4163771697596985
2019-09-07 14:24:00,-0.6265302207136756
2019-09-07 14:27:00,-0.48478499783777806
2019-09-07 14:30:00,-0.5986233305250153
2019-09-07 14:33:00,-0.6086079600794392
2019-09-07 14:36:00,-0.6035455588363448
2019-09-07 14:39:00,-0.5885137286374515
2019-09-07 14:42:00,-0.6599286770428989
2019-09-07 14:45:00,-0.4887458820657571
2019-09-07 14:48:00,-0.6217726749167696
2019-09-07 14:51:00,-0.5461331475028146
2019-09-07 14:54:00,-0.5755425984887665
2019-09-07 14:57:00,-0.5893786008201118
2019-09-07 15:00:00,-0.49991076879831553
2019-09-07 15:03:00,-0.49964176628361656
2019-09-07 15:06:00,-0.5852237793192785
2019-09-07 15:09:00,-0.5949517738367263
2019-09-07 15:12:00,-0.5358381710238973
2019-09-07 15:15:00,-0.6331444786846419
2019-09-07 15:18:00,-0.6167571793683351
2019-09-07 15:21:00,-0.500162884956751
2019-09-07 15:24:00,-0.6121394287345083
2019-09-07 15:27:00,-0.5959821889298951
2019-09-07 15:30:00,-0.7590756372174496
2019-09-07 15:33:00,-0.5580436615634312
2019-09-07 15:36:00,-0.5285861479080722
2019-09-07 15:39:00,-0.6355943180585655
2019-09-07 15:42:00,-0.5927911744686867
2019-09-07 15:45:00,-0.6026101183161927
2019-09-07 15:48:00,-0.6207867399870679
2019-09-07 15:51:00,-0.6270389872575493
2019-09-07 15:54:00,-0.5428298146111388
2019-09-07 15:57:00,-0.5610277660128986
2019-09-07 16:00:00,-0.5853304713290868
2019-09-07 16:03:00,-0.5152796739403698
2019-09-07 16:06:00,-0.6641994748214302
2019-09-07 16:09:00,-0.5100467246964513
2019-09-07 16:12:00,-0.590898710150384
2019-09-07 16:15:00,-0.5337650831730798
2019-09-07 16:18:00,-0.5231580283321478
2019-09-07 16:21:00,-0.5489394850489475
2019-09-07 16:24:00,-0.5529825034817009
2019-09-07 16:27:00,-0.5583691139386815
2019-09-07 16:30:00,-0.6801647562279527
2019-09-07 16:33:00,-0.592071841723282
2019-09-07 16:36:00,-0.5634838626067449
2019-09-07 16:39:00,-0.5334241207993955
2019-09-07 16:42:00,-0.5386147425248282
2019-09-07 16:45:00,-0.5433300170420239
2019-09-07 16:48:00,-0.642186959542812
2019-09-07 16:51:00,-0.6904944873085128
2019-09-07 16:54:00,-0.6409469081107773
2019-09-07 16:57:00,-0.6366882051411267
2019-09-07 17:00:00,-0.5370328796759054
2019-09-07 17:03:00,-0.5975349825469038
2019-09-07 17:06:00,-0.5626470722845625
2019-09-07 17:09:00,-0.5195053787208508
2019-09-07 17:12:00,-0.5778191951939107
2019-09-07 17:15:00,-0.5503474628979461
2019-09-07 17:18:00,-0.5952913814878116
2019-09-07 17:21:00,-0.6366080719361662
2019-09-07 17:24:00,-0.48905116145499505
2019-09-07 17:27:00,-0.6114298893774617
2019-09-07 17:30:00,-0.48267739531416964
2019-09-07 17:33:00,-0.5129266443246934
2019-09-07 17:36:00,-0.5013549363865764
2019-09-07 17:39:00,-0.5732788790450059
2019-09-07 17:42:00,-0.5748742576937502
2019-09-07 17:45:00,-0.5446651722708111
2019-09-07 17:48:00,-0.5517924189243786
2019-09-07 17:51:00,-0.5712180935475999
2019-09-07 17:54:00,-0.5397264352716888
2019-09-07 17:57:00,-0.4970496731867229
2019-09-07 18:00:00,-0.4733338275639767
2019-09-07 18:03:00,-0.5589272582193416
2019-09-07 18:06:00,-0.5219294473910168
2019-09-07 18:09:00,-0.5089435559142998
2019-09-07 18:12:00,-0.5132651536310959
2019-09-07 18:15:00,-0.4968843588539471
2019-09-07 18:18:00,-0.4434215575084295
2019-09-07 18:21:00,-0.5105011165176165
2019-09-07 18:24:00,-0.4924443641667722
2019-09-07 18:27:00,-0.5600205556657443
2019-09-07 18:30:00,-0.44577185938015873
2019-09-07 18:33:00,-0.40465558267334245
2019-09-07 18:36:00,-0.46285539934541475
2019-09-07 18:39:00,-0.44273977715232604
2019-09-07 18:42:00,-0.4503266572158964
2019-09-07 18:45:00,-0.36142219969724465
2019-09-07 18:48:00,-0.4443728502364479
2019-09-07 18:51:00,-0.4471327414829034
2019-09-07 18:54:00,-0.39625395331512436
2019-09-07 18:57:00,
2019-09-07 19:00:00,
2019-09-07 19:03:00,-0.4066781880223971
2019-09-07 19:06:00,-0.4956666223498587
2019-09-07 19:09:00,-0.44406931226995994
2019-09-07 19:12:00,-0.4901591880552587
2019-09-07 19:15:00,-0.47741752684981975
2019-09-07 19:18:00,-0.4018772863252025
2019-09-07 19:21:00,-0.38284831980843137
2019-09-07 19:24:00,-0.3800889441999402
2019-09-07 19:27:00,-0.3873430268122888
2019-09-07 19:30:00,-0.4599266491013623
2019-09-07 19:33:00,-0.2627121584433212
2019-09-07 19:36:00,-0.37885755940408217
2019-09-07 19:39:00,-0.4035816199268538
2019-09-07 19:42:00,-0.31644621271112783
2019-09-07 19:45:00,-0.20343328839351216
2019-09-07 19:48:00,-0.3464492901417202
2019-09-07 19:51:00,-0.4145569020555513
2019-09-07 19:54:00,-0.4063641786379435
2019-09-07 19:57:00,-0.3705218970487749
2019-09-07 20:00:00,-0.3485251073935842
2019-09-07 20:03:00,-0.38727576696572896
2019-09-07 20:06:00,-0.34940812284264666
2019-09-07 20:09:00,-0.44629475241532646
2019-09-07 20:12:00,-0.3643615333389221
2019-09-07 20:15:00,-0.2897323691742031
2019-09-07 20:18:00,-0.3917912490899198
2019-09-07 20:21:00,-0.37961522626369515
2019-09-07 20:24:00,-0.29392023523814714
2019-09-07 20:27:00,-0.25299541346765864
2019-09-07 20:30:00,-0.3039169185760784
2019-09-07 20:33:00,-0.25712991238555105
2019-09-07 20:36:00,-0.27447750623394995
2019-09-07 20:39:00,-0.2737311771945201
2019-09-07 20:42:00,-0.29787843067123276
2019-09-07 20:45:00,-0.4189976139946907
2019-09-07 20:48:00,-0.3131091309874705
2019-09-07 20:51:00,-0.325850168667273
2019-09-07 20:54:00,-0.24924365669556892
2019-09-07 20:57:00,-0.27532778003268277
2019-09-07 21:00:00,-0.1940601384425804
2019-09-07 21:03:00,-0.20135157368412138
2019-09-07 21:06:00,-0.206130230979511
2019-09-07 21:09:00,-0.1840632929964272
2019-09-07 21:12:00,-0.19773012323361172
2019-09-07 21:15:00,-0.19087327083906303
2019-09-07 21:18:00,-0.20292963787522922
2019-09-07 21:21:00,-0.16636060614240478
2019-09-07 21:24:00,-0.1750044831702553
2019-09-07 21:27:00,-0.18454844113188074
2019-09-07 21:30:00,-0.14286430201622125
2019-09-07 21:33:00,-0.24011147643886943
2019-09-07 21:36:00,-0.05299562343117259
2019-09-07 21:39:00,-0.15842828057844827
2019-09-07 21:42:00,-0.09972416733580758
2019-09-07 21:45:00,-0.09208930140908933
2019-09-07 21:48:00,-0.09845604737159874
2019-09-07 21:51:00,-0.01671948800651535
2019-09-07 21:54:00,-0.13633622013617241
2019-09-07 21:57:00,-0.1355190938254509
2019-09-07 22:00:00,-0.0987837283237809
2019-09-07 22:03:00,-0.1335615427871062
2019-09-07 22:06:00,-0.12492515428544948
2019-09-07 22:09:00,-0.05264371703310644
2019-09-07 22:12:00,-0.1447286034038484
2019-09-07 22:15:00,-0.189974463219869
2019-09-07 22:18:00,-0.09110390694411308
2019-09-07 22:21:00,-0.06851955136187371
2019-09-07 22:24:00,-0.17141175637590322
2019-09-07 22:27:00,-0.09493466777121284
2019-09-07 22:30:00,-0.26877077710781805
2019-09-07 22:33:00,-0.13745910299871866
2019-09-07 22:36:00,-0.21185707304067591
2019-09-07 22:39:00,-0.09937417406121085
2019-09-07 22:42:00,-0.10240683054649935
2019-09-07 22:45:00,-0.13254597959399916
2019-09-07 22:48:00,-0.059841624316788966
2019-09-07 22:51:00,-0.021674433096507073
2019-09-07 22:54:00,0.010168513141081803
2019-09-07 22:57:00,-0.0651367846352855
2019-09-07 23:00:00,-0.14212339682649144
2019-09-07 23:03:00,-0.11400352136780612
2019-09-07 23:06:00,-0.10550268832969323
2019-09-07 23:09:00,-0.1257278785217295
2019-09-07 23:12:00,-0.05984263676850787
2019-09-07 23:15:00,-0.10761479474354019
2019-09-07 23:18:00,-0.18125969013499343
2019-09-07 23:21:00,-0.14425320814802944
2019-09-07 23:24:00,-0.07487836125045533
2019-09-07 23:27:00,-0.07664245086419896
2019-09-07 23:30:00,-0.16006471648313436
2019-09-07 23:33:00,-0.08706872261785747
2019-09-07 23:36:00,-0.0700682509278181
2019-09-07 23:39:00,-0.06447535265840543
2019-09-07 23:42:00,-0.08571080135914144
2019-09-07 23:45:00,-0.012158440811447235
2019-09-07 23:48:00,-0.07540336618069432
2019-09-07 23:51:00,-0.0454218794173471
2019-09-07 23:54:00,-0.026493977791574252
2019-09-07 23:57:00,-0.10957181534985239
2019-09-08 00:00:00,-0.14259662542474416
2019-09-08 00:03:00,-0.019579457422821633
2019-09-08 00:06:00,-0.2177759963926178
2019-09-08 00:09:00,-0.14036586275807394
2019-09-08 00:12:00,-0.052134420380184565
2019-09-08 00:15:00,-0.04332476781422656
2019-09-08 00:18:00,-0.13226738591833964
2019-09-08 00:21:00,-0.0806485955170615
2019-09-08 00:24:00,-0.15332605745800265
2019-09-08 00:27:00,-0.12498030575881103
2019-09-08 00:30:00,-0.08600659046931014
2019-09-08 00:33:00,-0.004581065723755273
2019-09-08 00:36:00,-0.14210019260963236
2019-09-08 00:39:00,-0.11467757883548302
2019-09-08 00:42:00,-0.13115913527735756
2019-09-08 00:45:00,-0.11646600849650213
2019-09-08 00:48:00,-0.11382121928068045
2019-09-08 00:51:00,-0.10621462876025589
2019-09-08 00:54:00,-0.10781423470217533
2019-09-08 00:57:00,-0.09538903503585061
2019-09-08 01:00:00,-0.03711347553144151
2019-09-08 01:03:00,-0.16272268506992305
2019-09-08 01:06:00,-0.08138935100481604
2019-09-08 01:09:00,-0.14987624430563073
2019-09-08 01:12:00,-0.16204261001723808
2019-09-08 01:15:00,-0.17077771056347046
2019-09-08 01:18:00,0.003050626430876946
2019-09-08 01:21:00,-0.06979753523728505
2019-09-08 01:24:00,-0.07370864307137026
2019-09-08 01:27:00,-0.10810821995920605
2019-09-08 01:30:00,-0.05920607733679617
2019-09-08 01:33:00,-0.14013973014471048
2019-09-08 01:36:00,-0.07852266580783862
2019-09-08 01:39:00,-0.037659873146822065
2019-09-08 01:42:00,-0.06921280500733928
2019-09-08 01:45:00,-0.0298028850082801
2019-09-08 01:48:00,-0.055139968591504385
2019-09-08 01:51:00,-0.05144119404263847
2019-09-08 01:54:00,-0.08853679031216188
2019-09-08 01:57:00,0.008676648490791194
2019-09-08 02:00:00,-0.05381496276265807
2019-09-08 02:03:00,-0.030879862828555815
2019-09-08 02:06:00,-0.04506453570678559
2019-09-08 02:09:00,0.06486676195521568
2019-09-08 02:12:00,0.012658444848739236
2019-09-08 02:15:00,0.0557764328298731
2019-09-08 02:18:00,-0.04768638720184981
2019-09-08 02:21:00,0.030566504869000255
2019-09-08 02:24:00,0.09040825684877518
2019-09-08 02:27:00,0.053767294919396136
2019-09-08 02:30:00,0.10457509274652921
2019-09-08 02:33:00,0.10964110719351083
2019-09-08 02:36:00,0.11736515050051821
2019-09-08 02:39:00,0.10182906365201916
2019-09-08 02:42:00,0.0769243874399308
2019-09-08 02:45:00,0.08306726535596454
2019-09-08 02:48:00,0.1212560742644655
2019-09-08 02:51:00,0.13040680240374058
2019-09-08 02:54:00,0.08574048630191555
2019-09-08 02:57:00,0.04752713654852414
2019-09-08 03:00:00,0.0935446588619584
2019-09-08 03:03:00,0.07461575740018134
2019-09-08 03:06:00,0.11155575184227473
2019-09-08 03:09:00,0.12022595348332743
2019-09-08 03:12:00,0.03267656375197703
2019-09-08 03:15:00,0.052619617054176615
2019-09-08 03:18:00,0.06556912827591077
2019-09-08 03:21:00,0.0656658121441751
2019-09-08 03:24:00,0.06227502810907026
2019-09-08 03:27:00,0.03706829006489443
2019-09-08 03:30:00,0.08321170061122984
2019-09-08 03:33:00,0.059171692146151145
2019-09-08 03:36:00,0.0781446816982907
2019-09-08 03:39:00,0.02931524174312017
2019-09-08 03:42:00,0.0198449201781159
2019-09-08 03:45:00,-0.022035555296668008
2019-09-08 03:48:00,0.06517468955195227
2019-09-08 03:51:00,-0.03131230922326722
2019-09-08 03:54:00,0.07721994128826282
2019-09-08 03:57:00,0.07813397018827573
2019-09-08 04:00:00,0.04535301332674635
2019-09-08 04:03:00,0.05750012707068208
2019-09-08 04:06:00,0.04791441150501896
2019-09-08 04:09:00,0.11688443102053725
2019-09-08 04:12:00,0.029539450044921978
2019-09-08 04:15:00,0.12232446066991542
2019-09-08 04:18:00,0.0971356904243521
2019-09-08 04:21:00,0.15009459107079692
2019-09-08 04:24:00,0.125974615821292
2019-09-08 04:27:00,0.20779925043348157
2019-09-08 04:30:00,0.07226504944168255
2019-09-08 04:33:00,0.17805482874513245
2019-09-08 04:36:00,0.09706871282867269
2019-09-08 04:39:00,0.09933872877769545
2019-09-08 04:42:00,0.12418833753520175
2019-09-08 04:45:00,0.05448162399721923
2019-09-08 04:48:00,0.17330942127335902
2019-09-08 04:51:00,0.2688291483736407
2019-09-08 04:54:00,0.22857312542646469
2019-09-08 04:57:00,0.16115835336796636
2019-09-08 05:00:00,0.1471596421263257
2019-09-08 05:03:00,0.1466792850099523
2019-09-08 05:06:00,0.2531960231169137
2019-09-08 05:09:00,0.11194224998007485
2019-09-08 05:12:00,0.07237382738844644
2019-09-08 05:15:00,0.18200191954508682
2019-09-08 05:18:00,0.17752666329727163
2019-09-08 05:21:00,0.1619817063557889
2019-09-08 05:24:00,0.13334294474134367
2019-09-08 05:27:00,0.18210641483892687
2019-09-08 05:30:00,0.2262678088225698
2019-09-08 05:33:00,0.12666517352482742
2019-09-08 05:36:00,0.2520921217851537
2019-09-08 05:39:00,0.24438887886594785
2019-09-08 05:42:00,0.11920894228427414
2019-09-08 05:45:00,0.1447474647072795
2019-09-08 05:48:00,0.18713943515592746
2019-09-08 05:51:00,0.10635193612694138
2019-09-08 05:54:00,0.10648595018153628
2019-09-08 05:57:00,0.14128613695584136
2019-09-08 06:00:00,0.16094740424057363
2019-09-08 06:03:00,0.1667205253485804
2019-09-08 06:06:00,0.1607255195443713
2019-09-08 06:09:00,0.12060415761129661
2019-09-08 06:12:00,0.14730019380880321
2019-09-08 06:15:00,0.08980376148099367
2019-09-08 06:18:00,0.14287789337492995
2019-09-08 06:21:00,0.1995040246703752
2019-09-08 06:24:00,0.0814617292697335
2019-09-08 06:27:00,0.23995639667174373
2019-09-08 06:30:00,0.21260471748411192
2019-09-08 06:33:00,0.25639981216113483
2019-09-08 06:36:00,0.186336605166332
2019-09-08 06:39:00,0.18712201292800046
2019-09-08 06:42:00,0.25554710467798714
2019-09-08 06:45:00,0.19600184921517894
2019-09-08 06:48:00,0.24289269450576967
2019-09-08 06:51:00,0.1691033661320489
2019-09-08 06:54:00,0.21260552301009739
2019-09-08 06:57:00,0.2593859075308842
2019-09-08 07:00:00,0.18918258526332465
2019-09-08 07:03:00,0.1422094120247266
2019-09-08 07:06:00,0.13761752346630374
2019-09-08 07:09:00,0.1592294414062394
2019-09-08 07:12:00,0.2511870865002379
2019-09-08 07:15:00,0.21589348943854247
2019-09-08 07:18:00,0.12197302282589817
2019-09-08 07:21:00,0.168307734135567
2019-09-08 07:24:00,0.18671128781858215
2019-09-08 07:27:00,0.18970957388967236
2019-09-08 07:30:00,0.07832717070556328
2019-09-08 07:33:00,0.21528589157873057
2019-09-08 07:36:00,0.12682951951785526
2019-09-08 07:39:00,0.11967658988419316
2019-09-08 07:42:00,0.2021145748132085
2019-09-08 07:45:00,0.09039976186772947
2019-09-08 07:48:00,0.19429704143419713
2019-09-08 07:51:00,0.1339714277057169
2019-09-08 07:54:00,0.16440299178481155
2019-09-08 07:57:00,0.11604495133286719
2019-09-08 08:00:00,0.15382141692543883
2019-09-08 08:03:00,0.11200795767854288
2019-09-08 08:06:00,0.05608771793191636
2019-09-08 08:09:00,0.010042586837357703
2019-09-08 08:12:00,0.017533360970958256
2019-09-08 08:15:00,0.06461798008024289
2019-09-08 08:18:00,0.01729822327013153
2019-09-08 08:21:00,0.09242657029636803
2019-09-08 08:24:00,0.1185978193133792
2019-09-08 08:27:00,0.04176840031345819
2019-09-08 08:30:00,0.01476758983238824
2019-09-08 08:33:00,0.036630195402722165
2019-09-08 08:36:00,-0.005975386171314767
2019-09-08 08:39:00,-0.01157997367988628
2019-09-08 08:42:00,-0.011071196747082013
2019-09-08 08:45:00,-0.10405557121066522
2019-09-08 08:48:00,0.021023471336548027
2019-09-08 08:51:00,-0.03311583158358644
2019-09-08 08:54:00,-0.1644963249123066
2019-09-08 08:57:00,-0.10272084068662934
2019-09-08 09:00:00,-0.12354456489623544
2019-09-08 09:03:00,-0.10564250650327267
2019-09-08 09:06:00,-0.06895383780789643
2019-09-08 09:09:00,-0.051114752562170906
2019-09-08 09:12:00,-0.14537718952442447
2019-09-08 09:15:00,-0.08429171540228708
2019-09-08 09:18:00,-0.09818139169613005
2019-09-08 09:21:00,-0.040212701954487784
2019-09-08 09:24:00,-0.1774857720628802
2019-09-08 09:27:00,-0.17248432762579569
2019-09-08 09:30:00,-0.07048651846440634
2019-09-08 09:33:00,-0.19198299249484307
2019-09-08 09:36:00,-0.11708615807765455
2019-09-08 09:39:00,-0.14882764129617954
2019-09-08 09:42:00,-0.12646342892014673
2019-09-08 09:45:00,-0.24072905069596118
2019-09-08 09:48:00,-0.18678777797941848
2019-09-08 09:51:00,-0.21775048704495248
2019-09-08 09:54:00,-0.23878584489119703
2019-09-08 09:57:00,-0.22978664551322936
2019-09-08 10:00:00,-0.14916159681268937
2019-09-08 10:03:00,-0.17425546182641938
2019-09-08 10:06:00,-0.15574233023238548
2019-09-08 10:09:00,-0.156295633461923
2019-09-08 10:12:00,-0.1275742487279672
2019-09-08 10:15:00,-0.19588088274849724
2019-09-08 10:18:00,-0.21443380989308025
2019-09-08 10:21:00,-0.18337765928293948
2019-09-08 10:24:00,-0.2046737677100623
2019-09-08 10:27:00,-0.25097985790267785
2019-09-08 10:30:00,-0.13331963930545498
2019-09-08 10:33:00,-0.36534817831693545
2019-09-08 10:36:00,-0.27127388066037383
2019-09-08 10:39:00,-0.37450730558890655
2019-09-08 10:42:00,-0.30873135113216676
2019-09-08 10:45:00,-0.21999605586523785
2019-09-08 10:48:00,-0.2944687587943804
2019-09-08 10:51:00,-0.369849939016774
2019-09-08 10:54:00,-0.3187434232796704
2019-09-08 10:57:00,-0.41168295989393755
2019-09-08 11:00:00,-0.3444501138392866
2019-09-08 11:03:00,-0.40142763028103445
2019-09-08 11:06:00,-0.2634518802908019
2019-09-08 11:09:00,-0.2804765255720554
2019-09-08 11:12:00,-0.4459643869848833
2019-09-08 11:15:00,-0.323156736703595
2019-09-08 11:18:00,-0.36685290945774796
2019-09-08 11:21:00,-0.3966095857404639
2019-09-08 11:24:00,-0.41698625766537134
2019-09-08 11:27:00,-0.3963782534424922
2019-09-08 11:30:00,-0.3704378907858086
2019-09-08 11:33:00,-0.46382457226815177
2019-09-08 11:36:00,-0.39663121620316133
2019-09-08 11:39:00,-0.4484122052928683
2019-09-08 11:42:00,-0.4330491949929183
2019-09-08 11:45:00,-0.3975345817778475
2019-09-08 11:48:00,-0.48312489097077105
2019-09-08 11:51:00,-0.5418706280789252
2019-09-08 11:54:00,-0.43883724834870463
2019-09-08 11:57:00,-0.45134723574346935
2019-09-08 12:00:00,-0.31691103212762073
2019-09-08 12:03:00,-0.4321778751470333
2019-09-08 12:06:00,-0.45787932537854203
2019-09-08 12:09:00,-0.49279013624231993
2019-09-08 12:12:00,-0.49748325802522686
2019-09-08 12:15:00,-0.44779817492411667
2019-09-08 12:18:00,-0.45865537158465486
2019-09-08 12:21:00,-0.4346487985333738
2019-09-08 12:24:00,-0.5413824241527436
2019-09-08 12:27:00,-0.4667272295534417
2019-09-08 12:30:00,-0.5255837857487791
2019-09-08 12:33:00,-0.5731327020592971
2019-09-08 12:36:00,-0.43631810786627057
2019-09-08 12:39:00,-0.5235085246753783
2019-09-08 12:42:00,-0.43966132098154276
2019-09-08 12:45:00,-0.4632167379678549
2019-09-08 12:48:00,-0.4655503133955676
2019-09-08 12:51:00,-0.5271483481337782
2019-09-08 12:54:00,-0.5460476556436333
2019-09-08 12:57:00,-0.47129793804720066
2019-09-08 13:00:00,-0.5272086798253213
2019-09-08 13:03:00,-0.5761791311267643
2019-09-08 13:06:00,-0.5942136087901417
2019-09-08 13:09:00,-0.5654976230511011
2019-09-08 13:12:00,-0.5599227224068954
2019-09-08 13:15:00,-0.522318379740625
2019-09-08 13:18:00,-0.5741274461200874
2019-09-08 13:21:00,-0.5885185793805476
2019-09-08 13:24:00,-0.5352178586682612
2019-09-08 13:27:00,-0.5502008088547541
2019-09-08 13:30:00,-0.5872603007023827
2019-09-08 13:33:00,-0.6105858978258425
2019-09-08 13:36:00,-0.4912869060842695
2019-09-08 13:39:00,-0.5881040093394745
2019-09-08 13:42:00,-0.5863677526303377
2019-09-08 13:45:00,-0.4966153577930754
2019-09-08 13:48:00,-0.5779894884443593
2019-09-08 13:51:00,-0.4997562645810376
2019-09-08 13:54:00,-0.6362820537581797
2019-09-08 13:57:00,-0.5435465278858942
2019-09-08 14:00:00,-0.47412660443444565
2019-09-08 14:03:00,-0.566860255097879
2019-09-08 14:06:00,-0.573942152695281
2019-09-08 14:09:00,-0.4187487876870364
2019-09-08 14:12:00,-0.4595779343760569
2019-09-08 14:15:00,-0.5340925828735408
2019-09-08 14:18:00,-0.5281819823853198
2019-09-08 14:21:00,-0.5128747993902039
2019-09-08 14:24:00,-0.4823849221040746
2019-09-08 14:27:00,-0.4523712164365179
2019-09-08 14:30:00,-0.46187741080615297
2019-09-08 14:33:00,-0.38861897754543406
2019-09-08 14:36:00,-0.4905554740287812
2019-09-08 14:39:00,-0.5520509552673616
2019-09-08 14:42:00,-0.43272411063003346
2019-09-08 14:45:00,-0.5529895759116812
2019-09-08 14:48:00,-0.5437933269918744
2019-09-08 14:51:00,-0.6527854652389351
2019-09-08 14:54:00,-0.6211122894630421
2019-09-08 14:57:00,-0.41834964405069286
2019-09-08 15:00:00,-0.48016138528441843
2019-09-08 15:03:00,-0.574369697470047
2019-09-08 15:06:00,-0.43900510207248544
2019-09-08 15:09:00,-0.44903013227826705
2019-09-08 15:12:00,-0.6203522804150339
2019-09-08 15:15:00,-0.5785615199486074
2019-09-08 15:18:00,-0.47346977101540233
2019-09-08 15:21:00,-0.5647054233412518
2019-09-08 15:24:00,-0.4686735263715036
2019-09-08 15:27:00,-0.5660957939396098
2019-09-08 15:30:00,-0.4307818044708256
2019-09-08 15:33:00,-0.46388191143444146
2019-09-08 15:36:00,-0.5125460858335487
2019-09-08 15:39:00,-0.49347882562096856
2019-09-08 15:42:00,-0.4528973911855587
2019-09-08 15:45:00,-0.5143098155041343
2019-09-08 15:48:00,-0.5892096281087333
2019-09-08 15:51:00,-0.5400368280390353
2019-09-08 15:54:00,-0.5049778897814576
2019-09-08 15:57:00,-0.46429713166287456
2019-09-08 16:00:00,-0.49852768019360383
2019-09-08 16:03:00,-0.5189949457060266
2019-09-08 16:06:00,-0.5471434726878215
2019-09-08 16:09:00,-0.5041611431083766
2019-09-08 16:12:00,-0.5137820674603972
2019-09-08 16:15:00,-0.5798321193261131
2019-09-08 16:18:00,-0.505201869437883
2019-09-08 16:21:00,-0.4627432542755514
2019-09-08 16:24:00,-0.42263450792063395
2019-09-08 16:27:00,-0.47284805140981234
2019-09-08 16:30:00,-0.583287125148729
2019-09-08 16:33:00,-0.49090605640270724
2019-09-08 16:36:00,-0.4263217114835811
2019-09-08 16:39:00,-0.4532387212707363
2019-09-08 16:42:00,-0.3997068351943085
2019-09-08 16:45:00,-0.5158061976089812
2019-09-08 16:48:00,-0.574171090834227
2019-09-08 16:51:00,-0.45568601191888547
2019-09-08 16:54:00,-0.4209705491855402
2019-09-08 16:57:00,-0.48072381799414643
2019-09-08 17:00:00,-0.42698423556493026
2019-09-08 17:03:00,-0.39112466456549555
2019-09-08 17:06:00,-0.48175102284892546
2019-09-08 17:09:00,-0.5191062247278069
2019-09-08 17:12:00,-0.4393436735871319
2019-09-08 17:15:00,-0.46947151197406356
2019-09-08 17:18:00,-0.5198018528565171
2019-09-08 17:21:00,-0.5047685167480722
2019-09-08 17:24:00,-0.46924972567717305
2019-09-08 17:27:00,-0.43254687253056545
2019-09-08 17:30:00,-0.4406074689530328
2019-09-08 17:33:00,-0.4077367604322717
2019-09-08 17:36:00,-0.49234009918188804
2019-09-08 17:39:00,-0.4789085830617523
2019-09-08 17:42:00,-0.5340780405560395
2019-09-08 17:45:00,-0.46116460822662475
2019-09-08 17:48:00,-0.41731100193686643
2019-09-08 17:51:00,-0.3557180332993539
2019-09-08 17:54:00,-0.3885274283867375
2019-09-08 17:57:00,-0.4646657093629756
2019-09-08 18:00:00,-0.4731541171233289
2019-09-08 18:03:00,-0.47405781697500515
2019-09-08 18:06:00,-0.44994006463525693
2019-09-08 18:09:00,-0.4391063915726363
2019-09-08 18:12:00,-0.47190694517831844
2019-09-08 18:15:00,-0.46688698055652367
2019-09-08 18:18:00,-0.4526525345513619
2019-09-08 18:21:00,-0.4285473082787803
2019-09-08 18:24:00,-0.4247557080896627
2019-09-08 18:27:00,-0.3635150101483191
2019-09-08 18:30:00,-0.30673410407752044
2019-09-08 18:33:00,-0.4452912031778169
2019-09-08 18:36:00,-0.3610051595568393
2019-09-08 18:39:00,-0.3229118248825671
2019-09-08 18:42:00,-0.4030799013754063
2019-09-08 18:45:00,-0.3414349353350872
2019-09-08 18:48:00,-0.2366837918583542
2019-09-08 18:51:00,-0.3024178373524933
2019-09-08 18:54:00,
2019-09-08 18:57:00,
2019-09-08 19:00:00,
2019-09-08 19:03:00,-0.2557919851357724
2019-09-08 19:06:00,-0.2912006662625686
2019-09-08 19:09:00,-0.408151092970229
2019-09-08 19:12:00,-0.33489235916431426
2019-09-08 19:15:00,-0.27928115184545277
2019-09-08 19:18:00,-0.2677640513293795
2019-09-08 19:21:00,-0.32268364089691204
2019-09-08 19:24:00,-0.38249738244763876
2019-09-08 19:27:00,-0.324114420385456
2019-09-08 19:30:00,-0.461680541867338
2019-09-08 19:33:00,-0.1912240046586362
2019-09-08 19:36:00,-0.32536261634737684
2019-09-08 19:39:00,-0.2355169930839338
2019-09-08 19:42:00,-0.39554340803414334
2019-09-08 19:45:00,-0.24552648708561264
2019-09-08 19:48:00,-0.3269695234023402
2019-09-08 19:51:00,-0.3173668036459958
2019-09-08 19:54:00,-0.33238807339637333
2019-09-08 19:57:00,-0.2752325781858076
2019-09-08 20:00:00,-0.28420700777468255
2019-09-08 20:03:00,-0.2835986079586519
2019-09-08 20:06:00,-0.26490648016527985
2019-09-08 20:09:00,-0.25791520124488443
2019-09-08 20:12:00,-0.3073000251599751
2019-09-08 20:15:00,-0.36418114391443623
2019-09-08 20:18:00,-0.27445620388152747
2019-09-08 20:21:00,-0.36228684695305446
2019-09-08 20:24:00,-0.37620469610277496
2019-09-08 20:27:00,-0.2582176818725088
2019-09-08 20:30:00,-0.2663658638105062
2019-09-08 20:33:00,-0.23079015451969553
2019-09-08 20:36:00,-0.2030392074491374
2019-09-08 20:39:00,-0.23744010278107908
2019-09-08 20:42:00,-0.17748401074152298
2019-09-08 20:45:00,-0.2634746614855885
2019-09-08 20:48:00,-0.14231375637263
2019-09-08 20:51:00,-0.21919167502983328
2019-09-08 20:54:00,-0.19595704099708655
2019-09-08 20:57:00,-0.16836265631013703
2019-09-08 21:00:00,-0.051594564144238575
2019-09-08 21:03:00,-0.0705203393284819
2019-09-08 21:06:00,-0.19794605496548456
2019-09-08 21:09:00,-0.141799948292487
2019-09-08 21:12:00,-0.11922124425643688
2019-09-08 21:15:00,-0.13146740700943838
2019-09-08 21:18:00,-0.0005101357862145051
2019-09-08 21:21:00,-0.10924996214134808
2019-09-08 21:24:00,-0.00035733383231217886
2019-09-08 21:27:00,-0.049054777232299784
2019-09-08 21:30:00,0.00034494207079660555
2019-09-08 21:33:00,-0.09254091404881137
2019-09-08 21:36:00,-0.012353278765488085
2019-09-08 21:39:00,-0.09194190281226611
2019-09-08 21:42:00,0.020108493921156878
2019-09-08 21:45:00,-0.02718419327919719
2019-09-08 21:48:00,0.07172916851493483
2019-09-08 21:51:00,-0.010085355169735521
2019-09-08 21:54:00,-0.02764717971643904
2019-09-08 21:57:00,-0.028800505008575783
2019-09-08 22:00:00,-0.16228004222801928
2019-09-08 22:03:00,-0.051555269435937134
2019-09-08 22:06:00,-0.046860551725274036
2019-09-08 22:09:00,-0.13206613778498877
2019-09-08 22:12:00,-0.004233900566873672
2019-09-08 22:15:00,0.008308728491783768
2019-09-08 22:18:00,-0.1090966131694131
2019-09-08 22:21:00,-0.06274612144210323
2019-09-08 22:24:00,0.02650483550047511
2019-09-08 22:27:00,-0.047726456427085395
2019-09-08 22:30:00,-0.13940761567914706
2019-09-08 22:33:00,-0.09795180190695874
2019-09-08 22:36:00,-0.008466360082763913
2019-09-08 22:39:00,-0.026715756072860586
2019-09-08 22:42:00,-0.07070755496050651
2019-09-08 22:45:00,-0.06058655106050992
2019-09-08 22:48:00,-0.06093236764826315
2019-09-08 22:51:00,-0.05030550234511111
2019-09-08 22:54:00,-0.042470577129961384
2019-09-08 22:57:00,-0.03400460071259204
2019-09-08 23:00:00,0.0459740052305051
2019-09-08 23:03:00,-0.12440199374094618
2019-09-08 23:06:00,-0.09056857843398802
2019-09-08 23:09:00,-0.07359352044812795
2019-09-08 23:12:00,-0.20523436710681153
2019-09-08 23:15:00,-0.20169326166956125
2019-09-08 23:18:00,-0.23238946335357014
2019-09-08 23:21:00,-0.0659492869003202
2019-09-08 23:24:00,-0.1679541446818007
2019-09-08 23:27:00,-0.16427726277703414
2019-09-08 23:30:00,-0.1698734423405881
2019-09-08 23:33:00,-0.19325246017677955
2019-09-08 23:36:00,-0.05900639723108725
2019-09-08 23:39:00,-0.06240354737013831
2019-09-08 23:42:00,-0.10860407562540786
2019-09-08 23:45:00,-0.07930389594832832
2019-09-08 23:48:00,-0.09747751985861441
2019-09-08 23:51:00,0.02217869720118415
2019-09-08 23:54:00,0.035129526097364305
2019-09-08 23:57:00,0.14047803304771378
2019-09-09 00:00:00,0.1066657734742762
2019-09-09 00:03:00,0.09110099501629065
2019-09-09 00:06:00,0.11248383956183261
2019-09-09 00:09:00,0.17051918228048635
2019-09-09 00:12:00,0.11208313571921735
2019-09-09 00:15:00,0.24525148419115794
2019-09-09 00:18:00,0.15641985829870464
2019-09-09 00:21:00,0.17037587028670487
2019-09-09 00:24:00,0.13826707853053222
2019-09-09 00:27:00,0.12003116567325378
2019-09-09 00:30:00,0.2806944426550899
2019-09-09 00:33:00,0.15942027272791393
2019-09-09 00:36:00,0.09468496754061562
2019-09-09 00:39:00,0.15917584786097905
2019-09-09 00:42:00,0.15709031723258704
2019-09-09 00:45:00,0.11415722102555037
2019-09-09 00:48:00,0.15423314337448346
2019-09-09 00:51:00,0.27498887061619826
2019-09-09 00:54:00,0.17803714278886673
2019-09-09 00:57:00,0.14587346959416436
2019-09-09 01:00:00,0.10679749680770101
2019-09-09 01:03:00,0.08068020626103589
2019-09-09 01:06:00,0.11814145606211923
2019-09-09 01:09:00,0.14265278419577498
2019-09-09 01:12:00,0.12263939790341283
2019-09-09 01:15:00,0.03970472843047901
2019-09-09 01:18:00,0.07080227354856561
2019-09-09 01:21:00,0.055389694292671265
2019-09-09 01:24:00,0.09278097638929239
2019-09-09 01:27:00,0.12537456110158018
2019-09-09 01:30:00,0.07438168443201221
2019-09-09 01:33:00,0.09788445091606945
2019-09-09 01:36:00,0.1496969159323953
2019-09-09 01:39:00,0.07114783797521795
2019-09-09 01:42:00,0.11030699190308724
2019-09-09 01:45:00,0.09194076358204484
2019-09-09 01:48:00,0.17732724636613284
2019-09-09 01:51:00,0.07810973839832513
2019-09-09 01:54:00,0.2131297547461486
2019-09-09 01:57:00,0.055364276697048354
2019-09-09 02:00:00,0.07772001878805668
2019-09-09 02:03:00,0.001090152990855131
2019-09-09 02:06:00,0.05541293745540088
2019-09-09 02:09:00,0.08284012662375062
2019-09-09 02:12:00,-0.049472312686873465
2019-09-09 02:15:00,0.031758448374262116
2019-09-09 02:18:00,0.04835121016219546
2019-09-09 02:21:00,0.03958306309510817
2019-09-09 02:24:00,0.05715204422477882
2019-09-09 02:27:00,0.045878937800182484
2019-09-09 02:30:00,0.02927189790347029
2019-09-09 02:33:00,0.04036524008949982
2019-09-09 02:36:00,0.036729639589452745
2019-09-09 02:39:00,0.0490936304734646
2019-09-09 02:42:00,0.187684384456702
2019-09-09 02:45:00,0.18758805749513385
2019-09-09 02:48:00,0.19680623201418257
2019-09-09 02:51:00,0.18681320394250633
2019-09-09 02:54:00,0.17206398975582715
2019-09-09 02:57:00,0.23774395601361675
2019-09-09 03:00:00,0.3175588231615052
2019-09-09 03:03:00,0.12787566257952676
2019-09-09 03:06:00,0.20310389513036853
2019-09-09 03:09:00,0.2340303673335029
2019-09-09 03:12:00,0.24219548790966883
2019-09-09 03:15:00,0.18354695700708135
2019-09-09 03:18:00,0.09215822082182967
2019-09-09 03:21:00,0.17061727467785204
2019-09-09 03:24:00,0.023297606028336304
2019-09-09 03:27:00,0.10847479379145852
2019-09-09 03:30:00,0.12119621925955926
2019-09-09 03:33:00,0.058699110506836405
2019-09-09 03:36:00,0.09852206704425726
2019-09-09 03:39:00,0.13160474410801726
2019-09-09 03:42:00,0.002385043742037851
2019-09-09 03:45:00,0.20982422216144414
2019-09-09 03:48:00,0.12170211431430289
2019-09-09 03:51:00,0.14275218548652902
2019-09-09 03:54:00,0.11077761612727954
2019-09-09 03:57:00,0.08754866926022942
2019-09-09 04:00:00,0.05697342373684933
2019-09-09 04:03:00,0.10754033651670625
2019-09-09 04:06:00,0.10335328189466964
2019-09-09 04:09:00,0.0914137644957691
2019-09-09 04:12:00,0.09474315108087694
2019-09-09 04:15:00,0.2503765688459225
2019-09-09 04:18:00,0.08567657431575526
2019-09-09 04:21:00,0.10080008180858613
2019-09-09 04:24:00,0.13913168628778294
2019-09-09 04:27:00,0.2375983712883567
2019-09-09 04:30:00,0.35253883682878495
2019-09-09 04:33:00,0.21536629386332606
2019-09-09 04:36:00,0.23013151771493767
2019-09-09 04:39:00,0.23125780190173373
2019-09-09 04:42:00,0.15255073980608813
2019-09-09 04:45:00,0.20956438550200573
2019-09-09 04:48:00,0.12365733309064808
2019-09-09 04:51:00,0.19186003178782585
2019-09-09 04:54:00,0.21029477379784112
2019-09-09 04:57:00,0.2037865037375468
2019-09-09 05:00:00,0.24235508960094876
2019-09-09 05:03:00,0.23382617350335977
2019-09-09 05:06:00,0.25525845220897736
2019-09-09 05:09:00,0.1596915010710518
2019-09-09 05:12:00,0.3504612320342062
2019-09-09 05:15:00,0.28978690800880713
2019-09-09 05:18:00,0.2307558585025049
2019-09-09 05:21:00,0.2876553923804863
2019-09-09 05:24:00,0.3051679573713386
2019-09-09 05:27:00,0.3034205922801334
2019-09-09 05:30:00,0.27826311965208106
2019-09-09 05:33:00,0.38410566889791653
2019-09-09 05:36:00,0.3344139601202869
2019-09-09 05:39:00,0.36627529732214725
2019-09-09 05:42:00,0.2881424438493241
2019-09-09 05:45:00,0.25810995755654176
2019-09-09 05:48:00,0.2067928718028611
2019-09-09 05:51:00,0.311805037175759
2019-09-09 05:54:00,0.3485210479270222
2019-09-09 05:57:00,0.31816779186675603
2019-09-09 06:00:00,0.36292601997666907
2019-09-09 06:03:00,0.26920902307648475
2019-09-09 06:06:00,0.40201682752768875
2019-09-09 06:09:00,0.28846987178809513
2019-09-09 06:12:00,0.347820172086017
2019-09-09 06:15:00,0.3076505587218321
2019-09-09 06:18:00,0.35188410600051157
2019-09-09 06:21:00,0.4192326270147646
2019-09-09 06:24:00,0.40276385740446585
2019-09-09 06:27:00,0.3470596935638355
2019-09-09 06:30:00,0.3431356369153491
2019-09-09 06:33:00,0.3146533401505849
2019-09-09 06:36:00,0.23091049550242815
2019-09-09 06:39:00,0.34983500037867543
2019-09-09 06:42:00,0.4671889599727024
2019-09-09 06:45:00,0.45414132264386353
2019-09-09 06:48:00,0.45489236898430363
2019-09-09 06:51:00,0.36793358260587183
2019-09-09 06:54:00,0.3897042981981258
2019-09-09 06:57:00,0.3239118920178612
2019-09-09 07:00:00,0.2823022417937864
2019-09-09 07:03:00,0.37794614119678727
2019-09-09 07:06:00,0.43569277872342127
2019-09-09 07:09:00,0.3354667336704438
2019-09-09 07:12:00,0.32082425431877937
2019-09-09 07:15:00,0.24956697929331995
2019-09-09 07:18:00,0.1659023608567054
2019-09-09 07:21:00,0.2666166200982616
2019-09-09 07:24:00,0.16985979636029924
2019-09-09 07:27:00,0.189605398650599
2019-09-09 07:30:00,0.27033703296405065
2019-09-09 07:33:00,0.35408426603345333
2019-09-09 07:36:00,0.21156496169595584
2019-09-09 07:39:00,0.16516864098366568
2019-09-09 07:42:00,0.22360405199265188
2019-09-09 07:45:00,0.24475457716954452
2019-09-09 07:48:00,0.17024464850828736
2019-09-09 07:51:00,0.2664325884761638
2019-09-09 07:54:00,0.20241457606414315
2019-09-09 07:57:00,0.13720177773404885
2019-09-09 08:00:00,0.10492772514351145
2019-09-09 08:03:00,0.2726015504807151
2019-09-09 08:06:00,0.10484809341562595
2019-09-09 08:09:00,0.0679670453883432
2019-09-09 08:12:00,0.06945591827491171
2019-09-09 08:15:00,-0.028562648013064518
2019-09-09 08:18:00,0.010219036161117856
2019-09-09 08:21:00,0.010726508177071992
2019-09-09 08:24:00,-0.015040539852407164
2019-09-09 08:27:00,0.038192520125733154
2019-09-09 08:30:00,-0.027851252620735067
2019-09-09 08:33:00,0.04168880495524263
2019-09-09 08:36:00,-0.06201162294337337
2019-09-09 08:39:00,0.00536909257601792
2019-09-09 08:42:00,0.03035876881369859
2019-09-09 08:45:00,-0.10552183571934393
2019-09-09 08:48:00,-0.14957103097680147
2019-09-09 08:51:00,0.016623596827685105
2019-09-09 08:54:00,-0.14498258451362744
2019-09-09 08:57:00,0.01404361766446982
2019-09-09 09:00:00,-0.04925100202535759
2019-09-09 09:03:00,-0.18761186446977263
2019-09-09 09:06:00,-0.2129311742900768
2019-09-09 09:09:00,-0.21145004566562875
2019-09-09 09:12:00,-0.1797082849455478
2019-09-09 09:15:00,-0.2321968699786794
2019-09-09 09:18:00,-0.19499610849470628
2019-09-09 09:21:00,-0.17696048635042416
2019-09-09 09:24:00,-0.18884449881124965
2019-09-09 09:27:00,-0.14031030706854608
2019-09-09 09:30:00,-0.2145681972454554
2019-09-09 09:33:00,-0.15751909256351837
2019-09-09 09:36:00,-0.1277579395471662
2019-09-09 09:39:00,-0.15543726219931386
2019-09-09 09:42:00,-0.10890624561835693
2019-09-09 09:45:00,-0.16597023141406453
2019-09-09 09:48:00,-0.26928727932380525
2019-09-09 09:51:00,-0.2148359183197499
2019-09-09 09:54:00,-0.17208322082535688
2019-09-09 09:57:00,-0.2171339667110601
2019-09-09 10:00:00,-0.2744002100383227
2019-09-09 10:03:00,-0.30327698099597455
2019-09-09 10:06:00,-0.3762488369068251
2019-09-09 10:09:00,-0.32509320093356564
2019-09-09 10:12:00,-0.3396428821120594
2019-09-09 10:15:00,-0.26302951318814394
2019-09-09 10:18:00,-0.414239788164366
2019-09-09 10:21:00,-0.23960269748351948
2019-09-09 10:24:00,-0.31773178637871524
2019-09-09 10:27:00,-0.23654416558434832
2019-09-09 10:30:00,-0.3764859943451597
2019-09-09 10:33:00,-0.3205171862551879
2019-09-09 10:36:00,-0.3460119590206432
2019-09-09 10:39:00,-0.3608656476436636
2019-09-09 10:42:00,-0.563410251698599
2019-09-09 10:45:00,-0.31159532384890554
2019-09-09 10:48:00,-0.37968535370902146
2019-09-09 10:51:00,-0.3125867739393584
2019-09-09 10:54:00,-0.3437320477405592
2019-09-09 10:57:00,-0.36317543313765555
2019-09-09 11:00:00,-0.4232554283019567
2019-09-09 11:03:00,-0.4460689706003791
2019-09-09 11:06:00,-0.40371208613066756
2019-09-09 11:09:00,-0.464360288722105
2019-09-09 11:12:00,-0.35415206613180317
2019-09-09 11:15:00,-0.4255435147460389
2019-09-09 11:18:00,-0.5025649530670648
2019-09-09 11:21:00,-0.635478553526184
2019-09-09 11:24:00,-0.47470699325799615
2019-09-09 11:27:00,-0.26284522598126614
2019-09-09 11:30:00,-0.4343748618957761
2019-09-09 11:33:00,-0.4514969145173495
2019-09-09 11:36:00,-0.48293002601610624
2019-09-09 11:39:00,-0.45955903808101084
2019-09-09 11:42:00,-0.30900150409991056
2019-09-09 11:45:00,-0.16962281569789184
2019-09-09 11:48:00,-0.17938848612067204
2019-09-09 11:51:00,-0.08496135402202754
2019-09-09 11:54:00,-0.2683642635753358
2019-09-09 11:57:00,-0.3248685282127326
2019-09-09 12:00:00,0.10931283655668267
2019-09-09 12:03:00,-0.047565500169525876
2019-09-09 12:06:00,-0.34653201534268874
2019-09-09 12:09:00,-0.25294367552550057
2019-09-09 12:12:00,-0.457320863731411
2019-09-09 12:15:00,-0.43875173287858615
2019-09-09 12:18:00,-0.49460925782500453
2019-09-09 12:21:00,-0.24792254357890897
2019-09-09 12:24:00,-0.41739068420361036
2019-09-09 12:27:00,-0.36074511960515565
2019-09-09 12:30:00,-0.24319396723245745
2019-09-09 12:33:00,-0.32526301155331794
2019-09-09 12:36:00,-0.18079437358198902
2019-09-09 12:39:00,-0.2569118699048545
2019-09-09 12:42:00,-0.3139570935537108
2019-09-09 12:45:00,-0.38460384173498596
2019-09-09 12:48:00,-0.467053845498242
2019-09-09 12:51:00,-0.36957433303638254
2019-09-09 12:54:00,-0.39197457925558865
2019-09-09 12:57:00,-0.3898833143974798
2019-09-09 13:00:00,-0.3077468004858588
2019-09-09 13:03:00,-0.3926718630985988
2019-09-09 13:06:00,-0.38695348649702055
2019-09-09 13:09:00,-0.3096046036949929
2019-09-09 13:12:00,-0.19333120837035267
2019-09-09 13:15:00,-0.12326474694083345
2019-09-09 13:18:00,-0.25452156724577435
2019-09-09 13:21:00,-0.2445566737821423
2019-09-09 13:24:00,-0.3624642806252609
2019-09-09 13:27:00,-0.3853736577100335
2019-09-09 13:30:00,-0.4869054710658247
2019-09-09 13:33:00,-0.3966517217209571
2019-09-09 13:36:00,-0.2777280018518127
2019-09-09 13:39:00,-0.36623916345587304
2019-09-09 13:42:00,-0.2640101462976645
2019-09-09 13:45:00,-0.2016981590518867
2019-09-09 13:48:00,-0.12151461727972901
2019-09-09 13:51:00,-0.26337782143701816
2019-09-09 13:54:00,-0.38550799101534494
2019-09-09 13:57:00,-0.3528249043036453
2019-09-09 14:00:00,-0.4280213089858762
2019-09-09 14:03:00,-0.35568758075800133
2019-09-09 14:06:00,-0.4127550738282366
2019-09-09 14:09:00,-0.3705481240523909
2019-09-09 14:12:00,-0.20779931712911548
2019-09-09 14:15:00,-0.3497610156974815
2019-09-09 14:18:00,-0.4511697269833803
2019-09-09 14:21:00,-0.26473886804245694
2019-09-09 14:24:00,-0.29118981753970274
2019-09-09 14:27:00,-0.18059080456299625
2019-09-09 14:30:00,-0.30521558215150435
2019-09-09 14:33:00,-0.24685304119225293
2019-09-09 14:36:00,-0.17784874876514323
2019-09-09 14:39:00,-0.3122632137149708
2019-09-09 14:42:00,-0.4200285042560381
2019-09-09 14:45:00,-0.26150944046440827
2019-09-09 14:48:00,-0.3799293260598233
2019-09-09 14:51:00,-0.3601284443535633
2019-09-09 14:54:00,-0.3210198658351828
2019-09-09 14:57:00,-0.4139849177473707
2019-09-09 15:00:00,-0.46865552212193506
2019-09-09 15:03:00,-0.44571518206367955
2019-09-09 15:06:00,-0.5312147092108148
2019-09-09 15:09:00,-0.4745506871838643
2019-09-09 15:12:00,-0.3838442851368882
2019-09-09 15:15:00,-0.4059485344876066
2019-09-09 15:18:00,-0.43944669709293294
2019-09-09 15:21:00,-0.4461464375402784
2019-09-09 15:24:00,-0.4718105075315293
2019-09-09 15:27:00,-0.46631818108761536
2019-09-09 15:30:00,-0.35991886586703004
2019-09-09 15:33:00,-0.5043664316960985
2019-09-09 15:36:00,-0.38420921633189664
2019-09-09 15:39:00,-0.3507459772424113
2019-09-09 15:42:00,-0.3547351251381201
2019-09-09 15:45:00,-0.3835394361840372
2019-09-09 15:48:00,-0.3352529278694192
2019-09-09 15:51:00,-0.37350025479361193
2019-09-09 15:54:00,-0.3682140371845435
2019-09-09 15:57:00,-0.42043837405122986
2019-09-09 16:00:00,-0.5588711097515784
2019-09-09 16:03:00,-0.3769957254841074
2019-09-09 16:06:00,-0.30362319050101405
2019-09-09 16:09:00,-0.43776066960174376
2019-09-09 16:12:00,-0.3911414208431552
2019-09-09 16:15:00,-0.4516232001720937
2019-09-09 16:18:00,-0.46515095568702236
2019-09-09 16:21:00,-0.4259169198255677
2019-09-09 16:24:00,-0.393353981884502
2019-09-09 16:27:00,-0.44502854243501133
2019-09-09 16:30:00,-0.45993755140267467
2019-09-09 16:33:00,-0.4378417919155595
2019-09-09 16:36:00,-0.4312780119637978
2019-09-09 16:39:00,-0.4370226623178155
2019-09-09 16:42:00,-0.3699898587065604
2019-09-09 16:45:00,-0.5263751959550973
2019-09-09 16:48:00,-0.45840224859870204
2019-09-09 16:51:00,-0.5358699486990872
2019-09-09 16:54:00,-0.5375537524987521
2019-09-09 16:57:00,-0.5809031271782601
2019-09-09 17:00:00,-0.544634743745064
2019-09-09 17:03:00,-0.5468526427764004
2019-09-09 17:06:00,-0.565791808425331
2019-09-09 17:09:00,-0.6136877408141572
2019-09-09 17:12:00,-0.5876656800292608
2019-09-09 17:15:00,-0.5444846213476922
2019-09-09 17:18:00,-0.580768202159561
2019-09-09 17:21:00,-0.5227762409519414
2019-09-09 17:24:00,-0.5245839256744489
2019-09-09 17:27:00,-0.5980869778181841
2019-09-09 17:30:00,-0.45159217646317984
2019-09-09 17:33:00,-0.6025161034860957
2019-09-09 17:36:00,-0.4935868261139831
2019-09-09 17:39:00,-0.427654240133279
2019-09-09 17:42:00,-0.48202675893929836
2019-09-09 17:45:00,-0.5447497874134797
2019-09-09 17:48:00,-0.5143765971599237
2019-09-09 17:51:00,-0.5050281099697145
2019-09-09 17:54:00,-0.5006254073226728
2019-09-09 17:57:00,-0.5083831004125727
2019-09-09 18:00:00,-0.44608751027351445
2019-09-09 18:03:00,-0.5157578261981826
2019-09-09 18:06:00,-0.4328278110026531
2019-09-09 18:09:00,-0.45637014033729884
2019-09-09 18:12:00,-0.47556016629050646
2019-09-09 18:15:00,-0.422951178692756
2019-09-09 18:18:00,-0.5207981108562763
2019-09-09 18:21:00,-0.42012702238247357
2019-09-09 18:24:00,-0.41734727581024345
2019-09-09 18:27:00,-0.4011659436560535
2019-09-09 18:30:00,-0.43989429891587406
2019-09-09 18:33:00,-0.4522933688695616
2019-09-09 18:36:00,-0.43557628572659723
2019-09-09 18:39:00,-0.42811923691704123
2019-09-09 18:42:00,-0.44044073684341356
2019-09-09 18:45:00,-0.4987003887148944
2019-09-09 18:48:00,-0.43953749301851985
2019-09-09 18:51:00,-0.38106049793719876
2019-09-09 18:54:00,
2019-09-09 18:57:00,
2019-09-09 19:00:00,
2019-09-09 19:03:00,-0.38506801109940625
2019-09-09 19:06:00,-0.3295882683320883
2019-09-09 19:09:00,-0.3832061558947544
2019-09-09 19:12:00,-0.2558361946157106
2019-09-09 19:15:00,-0.32763869244894295
2019-09-09 19:18:00,-0.26856488644671117
2019-09-09 19:21:00,-0.28405967998435244
2019-09-09 19:24:00,-0.32716578658551043
2019-09-09 19:27:00,-0.3655027247153839
2019-09-09 19:30:00,-0.2227181529289055
2019-09-09 19:33:00,-0.17750542444912298
2019-09-09 19:36:00,-0.16832675085402116
2019-09-09 19:39:00,-0.2569015198681086
2019-09-09 19:42:00,-0.2426391623124573
2019-09-09 19:45:00,-0.2934004973531046
2019-09-09 19:48:00,-0.16549724359867923
2019-09-09 19:51:00,-0.21532682891069044
2019-09-09 19:54:00,-0.23524663860104056
2019-09-09 19:57:00,-0.27110377993994916
2019-09-09 20:00:00,-0.23412894574624943
2019-09-09 20:03:00,-0.20150358652040268
2019-09-09 20:06:00,-0.1560995201265314
2019-09-09 20:09:00,-0.20732258146500726
2019-09-09 20:12:00,-0.11025774234190067
2019-09-09 20:15:00,-0.11713782957269814
2019-09-09 20:18:00,-0.21430055181781427
2019-09-09 20:21:00,-0.15857821143998763
2019-09-09 20:24:00,-0.18642874480536875
2019-09-09 20:27:00,-0.024218620176668537
2019-09-09 20:30:00,-0.11699317467412129
2019-09-09 20:33:00,-0.10321939919521128
2019-09-09 20:36:00,-0.09962987794580158
2019-09-09 20:39:00,-0.06751641500966343
2019-09-09 20:42:00,-0.1740021327328236
2019-09-09 20:45:00,-0.15372442002444586
2019-09-09 20:48:00,-0.25604593002691445
2019-09-09 20:51:00,-0.1045938361789922
2019-09-09 20:54:00,-0.07087298564698585
2019-09-09 20:57:00,-0.16460138016071824
2019-09-09 21:00:00,-0.18387847918313582
2019-09-09 21:03:00,-0.1493182816138301
2019-09-09 21:06:00,-0.20004926145884383
2019-09-09 21:09:00,-0.17086961432028147
2019-09-09 21:12:00,-0.16183532612097906
2019-09-09 21:15:00,-0.11054472464059018
2019-09-09 21:18:00,-0.26982992241005377
2019-09-09 21:21:00,-0.10156248719329142
2019-09-09 21:24:00,-0.17662542560918837
2019-09-09 21:27:00,-0.1565728278241636
2019-09-09 21:30:00,-0.16074981600684168
2019-09-09 21:33:00,-0.18347448639599406
2019-09-09 21:36:00,-0.13752944392666677
2019-09-09 21:39:00,-0.06330325926444402
2019-09-09 21:42:00,-0.061709763108865445
2019-09-09 21:45:00,-0.09693854567495919
2019-09-09 21:48:00,-0.07089244563917418
2019-09-09 21:51:00,-0.090732369446755
2019-09-09 21:54:00,-0.13661927970377974
2019-09-09 21:57:00,-0.18038424523717822
2019-09-09 22:00:00,-0.15644259351415712
2019-09-09 22:03:00,-0.13303811808981436
2019-09-09 22:06:00,-0.011548972469995533
2019-09-09 22:09:00,-0.1579375670184504
2019-09-09 22:12:00,-0.058893742895463674
2019-09-09 22:15:00,-0.03668621939283412
2019-09-09 22:18:00,-0.04659771512348243
2019-09-09 22:21:00,0.007834341561078872
2019-09-09 22:24:00,0.031802202360609044
2019-09-09 22:27:00,0.011376230878454408
2019-09-09 22:30:00,0.057694542779984204
2019-09-09 22:33:00,0.05316367327128546
2019-09-09 22:36:00,-0.05580270359820361
2019-09-09 22:39:00,0.11225537165069
2019-09-09 22:42:00,-0.0012803138627077715
2019-09-09 22:45:00,0.005889153024725147
2019-09-09 22:48:00,-0.03342653228122572
2019-09-09 22:51:00,0.1415521044207253
2019-09-09 22:54:00,0.08308267503559819
2019-09-09 22:57:00,-0.05162898394775084
2019-09-09 23:00:00,0.028237979526238632
2019-09-09 23:03:00,0.14108762091547078
2019-09-09 23:06:00,0.10418700283520366
2019-09-09 23:09:00,0.0021223694239438373
2019-09-09 23:12:00,0.12025864458968272
2019-09-09 23:15:00,0.03953266351840057
2019-09-09 23:18:00,-0.009570791328485484
2019-09-09 23:21:00,-0.014076940376241964
2019-09-09 23:24:00,-0.015234719462739577
2019-09-09 23:27:00,0.03217478993093437
2019-09-09 23:30:00,0.008441801685933115
2019-09-09 23:33:00,-0.056693918599819426
2019-09-09 23:36:00,0.05284992643498754
2019-09-09 23:39:00,0.04688544621154733
2019-09-09 23:42:00,0.008972134294992884
2019-09-09 23:45:00,0.10177621667952508
2019-09-09 23:48:00,0.0029917585425209836
2019-09-09 23:51:00,-0.04245667734869585
2019-09-09 23:54:00,0.038244814439337915
2019-09-09 23:57:00,-0.015040025190046435
2019-09-10 00:00:00,0.016153765080957783
2019-09-10 00:03:00,0.00925073294217782
2019-09-10 00:06:00,0.04782268351846142
2019-09-10 00:09:00,0.03192889286879108
2019-09-10 00:12:00,0.03143948668332541
2019-09-10 00:15:00,-0.011961828191999757
2019-09-10 00:18:00,-0.06342343674504036
2019-09-10 00:21:00,0.10488328815148407
2019-09-10 00:24:00,0.08963218081555624
2019-09-10 00:27:00,0.06825647416212632
2019-09-10 00:30:00,-0.03175898073283179
2019-09-10 00:33:00,0.09749327308969669
2019-09-10 00:36:00,-0.05424711281688133
2019-09-10 00:39:00,0.0037648868598694207
2019-09-10 00:42:00,-0.0036339184696316806
2019-09-10 00:45:00,0.0013688702759964144
2019-09-10 00:48:00,0.07840022785535439
2019-09-10 00:51:00,0.06696221347527853
2019-09-10 00:54:00,-0.039644296719814065
2019-09-10 00:57:00,0.038269489692481784
2019-09-10 01:00:00,0.03699506242804773
2019-09-10 01:03:00,-0.01776744824570642
2019-09-10 01:06:00,0.03706561487285853
2019-09-10 01:09:00,0.014977242316433603
2019-09-10 01:12:00,0.152504489632463
2019-09-10 01:15:00,-0.11987044615563036
2019-09-10 01:18:00,0.21736830886362668
2019-09-10 01:21:00,0.05996767653527968
2019-09-10 01:24:00,0.0804597604754349
2019-09-10 01:27:00,0.05303543138558098
2019-09-10 01:30:00,0.14944051949913728
2019-09-10 01:33:00,0.05528776762474763
2019-09-10 01:36:00,0.06367898308099029
2019-09-10 01:39:00,0.12109841977286351
2019-09-10 01:42:00,0.1287566013313608
2019-09-10 01:45:00,0.16257139026578216
2019-09-10 01:48:00,0.04553634574926946
2019-09-10 01:51:00,0.13613388052203845
2019-09-10 01:54:00,0.1473354585472748
2019-09-10 01:57:00,0.09333463677302234
2019-09-10 02:00:00,0.20883971467651463
2019-09-10 02:03:00,0.166882319087847
2019-09-10 02:06:00,0.0422571852760143
2019-09-10 02:09:00,0.05061911022335153
2019-09-10 02:12:00,0.18309469432966807
2019-09-10 02:15:00,0.13598258307712285
2019-09-10 02:18:00,0.11992785701062303
2019-09-10 02:21:00,0.23272544677723772
2019-09-10 02:24:00,0.19272181795821552
2019-09-10 02:27:00,0.1524970962094585
2019-09-10 02:30:00,0.09949005856401527
2019-09-10 02:33:00,0.16727020994983377
2019-09-10 02:36:00,0.1952366745201175
2019-09-10 02:39:00,0.22901058981642564
2019-09-10 02:42:00,0.2568871549527785
2019-09-10 02:45:00,0.13434560301243437
2019-09-10 02:48:00,0.27202770123602704
2019-09-10 02:51:00,0.18117028923933276
2019-09-10 02:54:00,0.19497376522565446
2019-09-10 02:57:00,0.14837932633304263
2019-09-10 03:00:00,0.18523493504773114
2019-09-10 03:03:00,0.11170727521567869
2019-09-10 03:06:00,0.19187035895862437
2019-09-10 03:09:00,0.2726171810448932
2019-09-10 03:12:00,0.18203685370343692
2019-09-10 03:15:00,0.1808660848839736
2019-09-10 03:18:00,0.23947302885011368
2019-09-10 03:21:00,0.10941689610712046
2019-09-10 03:24:00,0.1882807366337147
2019-09-10 03:27:00,0.1691129059481682
2019-09-10 03:30:00,0.11446700316196257
2019-09-10 03:33:00,0.1083177070999568
2019-09-10 03:36:00,0.08010977794413066
2019-09-10 03:39:00,0.09341407708166116
2019-09-10 03:42:00,0.16631871805617493
2019-09-10 03:45:00,0.2149075240838556
2019-09-10 03:48:00,0.29460912799936523
2019-09-10 03:51:00,0.1690356100608028
2019-09-10 03:54:00,0.3337369545835145
2019-09-10 03:57:00,0.2786967975406469
2019-09-10 04:00:00,0.20028912053004433
2019-09-10 04:03:00,0.3027655584561444
2019-09-10 04:06:00,0.04902591044185556
2019-09-10 04:09:00,-0.0184655126467419
2019-09-10 04:12:00,0.004688672035513264
2019-09-10 04:15:00,0.07708412214776672
2019-09-10 04:18:00,0.03976995302252817
2019-09-10 04:21:00,0.08247885688297174
2019-09-10 04:24:00,0.013685150759897624
2019-09-10 04:27:00,0.04117999689322005
2019-09-10 04:30:00,0.1254881659819489
2019-09-10 04:33:00,0.04562813880846761
2019-09-10 04:36:00,0.14715813060149685
2019-09-10 04:39:00,0.07029965077475708
2019-09-10 04:42:00,0.16864360830766145
2019-09-10 04:45:00,0.10543608395516912
2019-09-10 04:48:00,0.2131445476638305
2019-09-10 04:51:00,0.08094053766149045
2019-09-10 04:54:00,0.10252929199282335
2019-09-10 04:57:00,0.08618522721980071
2019-09-10 05:00:00,0.20583267563063146
2019-09-10 05:03:00,0.10617948619216122
2019-09-10 05:06:00,0.13740856059069984
2019-09-10 05:09:00,0.08197936413853313
2019-09-10 05:12:00,0.19461039325454976
2019-09-10 05:15:00,0.13147807678529944
2019-09-10 05:18:00,0.21364599990255329
2019-09-10 05:21:00,0.16954936111136476
2019-09-10 05:24:00,0.1663022750092864
2019-09-10 05:27:00,0.10381649739480281
2019-09-10 05:30:00,0.10628876583115243
2019-09-10 05:33:00,0.21014862398965306
2019-09-10 05:36:00,0.23311254862306896
2019-09-10 05:39:00,0.21303282133266066
2019-09-10 05:42:00,0.2372451665167432
2019-09-10 05:45:00,0.18718989107412654
2019-09-10 05:48:00,0.15416070848471009
2019-09-10 05:51:00,0.23400345333010364
2019-09-10 05:54:00,0.20061598763339816
2019-09-10 05:57:00,0.13102372159841025
2019-09-10 06:00:00,0.16527783354615622
2019-09-10 06:03:00,0.25437984179211526
2019-09-10 06:06:00,0.20301161366393217
2019-09-10 06:09:00,0.2299408379112151
2019-09-10 06:12:00,0.2180238851285594
2019-09-10 06:15:00,0.22337206337743964
2019-09-10 06:18:00,0.14569699378785117
2019-09-10 06:21:00,0.15073506745380882
2019-09-10 06:24:00,0.1656282608585684
2019-09-10 06:27:00,0.19210534545726432
2019-09-10 06:30:00,0.17015860923953596
2019-09-10 06:33:00,0.22556811234812812
2019-09-10 06:36:00,0.2730683319078935
2019-09-10 06:39:00,0.09647904080685521
2019-09-10 06:42:00,0.1686068735683648
2019-09-10 06:45:00,0.13461026206960014
2019-09-10 06:48:00,0.12925184320221206
2019-09-10 06:51:00,0.18153221563454736
2019-09-10 06:54:00,0.16642293416867915
2019-09-10 06:57:00,0.19940792276190678
2019-09-10 07:00:00,0.17994279185865025
2019-09-10 07:03:00,0.1977154638544789
2019-09-10 07:06:00,0.2553700497357454
2019-09-10 07:09:00,0.21420605314631302
2019-09-10 07:12:00,0.10109865805117124
2019-09-10 07:15:00,0.1630510597338457
2019-09-10 07:18:00,0.11850117627994905
2019-09-10 07:21:00,0.013659491882719976
2019-09-10 07:24:00,0.05350724358248726
2019-09-10 07:27:00,0.06006699941781335
2019-09-10 07:30:00,0.12444061063439449
2019-09-10 07:33:00,0.06655382156856149
2019-09-10 07:36:00,0.19148505234340973
2019-09-10 07:39:00,0.018461516747152018
2019-09-10 07:42:00,0.08535988247393789
2019-09-10 07:45:00,0.01941365846670351
2019-09-10 07:48:00,0.14597713881892105
2019-09-10 07:51:00,0.12334927990963251
2019-09-10 07:54:00,0.06056952759536216
2019-09-10 07:57:00,0.15000858426333252
2019-09-10 08:00:00,0.13786654261969034
2019-09-10 08:03:00,0.035449646102279075
2019-09-10 08:06:00,0.13374849188909366
2019-09-10 08:09:00,-0.0088778107991061
2019-09-10 08:12:00,0.0732596265093548
2019-09-10 08:15:00,0.015332749794140454
2019-09-10 08:18:00,-0.08430125953543666
2019-09-10 08:21:00,-0.046900752470435236
2019-09-10 08:24:00,-0.006001655171871789
2019-09-10 08:27:00,-0.039596526646903385
2019-09-10 08:30:00,-0.02574747815333467
2019-09-10 08:33:00,-0.11977720087952548
2019-09-10 08:36:00,-0.039226247847693685
2019-09-10 08:39:00,-0.10991196283606541
2019-09-10 08:42:00,-0.00790923728936832
2019-09-10 08:45:00,-0.03791924044037387
2019-09-10 08:48:00,-0.013133203950417283
2019-09-10 08:51:00,-0.05234588530379369
2019-09-10 08:54:00,-0.040995201340365384
2019-09-10 08:57:00,-0.07784241101893485
2019-09-10 09:00:00,-0.0016799361734456397
2019-09-10 09:03:00,-0.016064336780573285
2019-09-10 09:06:00,-0.02918431263981347
2019-09-10 09:09:00,-0.029198822199987262
2019-09-10 09:12:00,0.0022310895208761394
2019-09-10 09:15:00,-0.03631699565323743
2019-09-10 09:18:00,0.08124447528444989
2019-09-10 09:21:00,0.016095468104879274
2019-09-10 09:24:00,-0.0681786460852436
2019-09-10 09:27:00,-0.05762413189245308
2019-09-10 09:30:00,-0.013691380124441821
2019-09-10 09:33:00,-0.05857846190690452
2019-09-10 09:36:00,-0.025715874870570588
2019-09-10 09:39:00,-0.1224906595085713
2019-09-10 09:42:00,-0.18308380531698276
2019-09-10 09:45:00,-0.17730017674853116
2019-09-10 09:48:00,-0.13653114423431134
2019-09-10 09:51:00,-0.12510992629961493
2019-09-10 09:54:00,-0.03587494840257932
2019-09-10 09:57:00,-0.14456958219790295
2019-09-10 10:00:00,-0.2736028148308378
2019-09-10 10:03:00,-0.18434951359523666
2019-09-10 10:06:00,-0.13396541953824226
2019-09-10 10:09:00,-0.1135205066586309
2019-09-10 10:12:00,-0.04279775954614706
2019-09-10 10:15:00,-0.06299142550307124
2019-09-10 10:18:00,-0.19136297003370828
2019-09-10 10:21:00,-0.13292042316669495
2019-09-10 10:24:00,-0.20158311182217403
2019-09-10 10:27:00,-0.23200702299584464
2019-09-10 10:30:00,-0.2381043878289688
2019-09-10 10:33:00,-0.24980257732795508
2019-09-10 10:36:00,-0.21067173723582755
2019-09-10 10:39:00,-0.18852691017008283
2019-09-10 10:42:00,-0.19954484542603268
2019-09-10 10:45:00,-0.18709020882403138
2019-09-10 10:48:00,-0.13124232155070104
2019-09-10 10:51:00,-0.14784700887332747
2019-09-10 10:54:00,-0.29658548093675563
2019-09-10 10:57:00,-0.27786702848482037
2019-09-10 11:00:00,-0.2578608564180058
2019-09-10 11:03:00,-0.21584607780516762
2019-09-10 11:06:00,-0.23980836500254554
2019-09-10 11:09:00,-0.29159758254678536
2019-09-10 11:12:00,-0.16221676973458443
2019-09-10 11:15:00,-0.20321412208664924
2019-09-10 11:18:00,-0.18742231254611852
2019-09-10 11:21:00,-0.36285465934201966
2019-09-10 11:24:00,-0.31613986960513785
2019-09-10 11:27:00,-0.30370607070932465
2019-09-10 11:30:00,-0.43303894455857517
2019-09-10 11:33:00,-0.2659953650123157
2019-09-10 11:36:00,-0.35593039576235697
2019-09-10 11:39:00,-0.2998382703324296
2019-09-10 11:42:00,-0.20047098261210294
2019-09-10 11:45:00,-0.30730632066655517
2019-09-10 11:48:00,0.054278939263952
2019-09-10 11:51:00,-0.2770059648531742
2019-09-10 11:54:00,-0.23100548624955763
2019-09-10 11:57:00,-0.28478560932722985
2019-09-10 12:00:00,-0.3315154443740198
2019-09-10 12:03:00,-0.2887842623010215
2019-09-10 12:06:00,-0.2395017530859036
2019-09-10 12:09:00,-0.3454899792901074
2019-09-10 12:12:00,-0.34379970680686256
2019-09-10 12:15:00,-0.3701351377764581
2019-09-10 12:18:00,-0.31164651348200323
2019-09-10 12:21:00,-0.3114249738496824
2019-09-10 12:24:00,-0.4087236283371567
2019-09-10 12:27:00,-0.4305330650412884
2019-09-10 12:30:00,-0.3603126967537378
2019-09-10 12:33:00,-0.3488620750545124
2019-09-10 12:36:00,-0.34607092795073413
2019-09-10 12:39:00,-0.3798764969509989
2019-09-10 12:42:00,-0.41082818702125223
2019-09-10 12:45:00,-0.3138109919528915
2019-09-10 12:48:00,-0.39503224134625725
2019-09-10 12:51:00,-0.40670562059068516
2019-09-10 12:54:00,-0.4211318322487614
2019-09-10 12:57:00,-0.4386773304422036
2019-09-10 13:00:00,-0.45609596985474354
2019-09-10 13:03:00,-0.45070744812727526
2019-09-10 13:06:00,-0.3931048899815437
2019-09-10 13:09:00,-0.3721519225202883
2019-09-10 13:12:00,-0.34156605327933676
2019-09-10 13:15:00,-0.3928427659169529
2019-09-10 13:18:00,-0.4612315042004411
2019-09-10 13:21:00,-0.47054074718681704
2019-09-10 13:24:00,-0.37058745674977445
2019-09-10 13:27:00,-0.328104350793069
2019-09-10 13:30:00,-0.41731766751217947
2019-09-10 13:33:00,-0.5381086568579576
2019-09-10 13:36:00,-0.41709589751559406
2019-09-10 13:39:00,-0.5096713785287079
2019-09-10 13:42:00,-0.6255626904359133
2019-09-10 13:45:00,-0.4531531590637883
2019-09-10 13:48:00,-0.47915369732658064
2019-09-10 13:51:00,-0.406709823548681
2019-09-10 13:54:00,-0.49942737750740207
2019-09-10 13:57:00,-0.40496029314209636
2019-09-10 14:00:00,-0.4944744054777743
2019-09-10 14:03:00,-0.521170686156097
2019-09-10 14:06:00,-0.5327103445488888
2019-09-10 14:09:00,-0.519292981974445
2019-09-10 14:12:00,-0.4150090658855561
2019-09-10 14:15:00,-0.4211774147275378
2019-09-10 14:18:00,-0.4442372818359672
2019-09-10 14:21:00,-0.4730836566557173
2019-09-10 14:24:00,-0.4514979527877472
2019-09-10 14:27:00,-0.5006864351577178
2019-09-10 14:30:00,-0.5638716620831019
2019-09-10 14:33:00,-0.46309006056031876
2019-09-10 14:36:00,-0.5232867530237968
2019-09-10 14:39:00,-0.44083370160007007
2019-09-10 14:42:00,-0.5399074300234474
2019-09-10 14:45:00,-0.5552970951425209
2019-09-10 14:48:00,-0.4865593440886755
2019-09-10 14:51:00,-0.5500244879945626
2019-09-10 14:54:00,-0.5295922970291258
2019-09-10 14:57:00,-0.5311444585079244
2019-09-10 15:00:00,-0.5587662032295384
2019-09-10 15:03:00,-0.5775468270418287
2019-09-10 15:06:00,-0.6121043285150449
2019-09-10 15:09:00,-0.7271334507561846
2019-09-10 15:12:00,-0.6715174145064111
2019-09-10 15:15:00,-0.5143700117899357
2019-09-10 15:18:00,-0.6308667489684012
2019-09-10 15:21:00,-0.5802558021983941
2019-09-10 15:24:00,-0.6428409995892252
2019-09-10 15:27:00,-0.5429517725850701
2019-09-10 15:30:00,-0.5665740259410086
2019-09-10 15:33:00,-0.5823862894969238
2019-09-10 15:36:00,-0.6247064288693309
2019-09-10 15:39:00,-0.7146387309708757
2019-09-10 15:42:00,-0.5777405146328078
2019-09-10 15:45:00,-0.4996366165806876
2019-09-10 15:48:00,-0.7227584576241384
2019-09-10 15:51:00,-0.6556515096205544
2019-09-10 15:54:00,-0.5962912262274358
2019-09-10 15:57:00,-0.6388077288983709
2019-09-10 16:00:00,-0.5191176968659761
2019-09-10 16:03:00,-0.4922494201661607
2019-09-10 16:06:00,-0.538671810363951
2019-09-10 16:09:00,-0.5340770141774556
2019-09-10 16:12:00,-0.4660389433116734
2019-09-10 16:15:00,-0.5872483835917706
2019-09-10 16:18:00,-0.6154380570426383
2019-09-10 16:21:00,-0.5645150145397793
2019-09-10 16:24:00,-0.5584020406832906
2019-09-10 16:27:00,-0.6165571857831651
2019-09-10 16:30:00,-0.6593652904144847
2019-09-10 16:33:00,-0.5453286754723763
2019-09-10 16:36:00,-0.5761848191359036
2019-09-10 16:39:00,-0.5062785298298991
2019-09-10 16:42:00,-0.587255068899708
2019-09-10 16:45:00,-0.5172713084465386
2019-09-10 16:48:00,-0.5265360502255021
2019-09-10 16:51:00,-0.552617609415222
2019-09-10 16:54:00,-0.5853707255012068
2019-09-10 16:57:00,-0.5644169490439594
2019-09-10 17:00:00,-0.5167979725415535
2019-09-10 17:03:00,-0.49485879931427235
2019-09-10 17:06:00,-0.491532001345945
2019-09-10 17:09:00,-0.5360707713863349
2019-09-10 17:12:00,-0.46711778913351054
2019-09-10 17:15:00,-0.49793799729110333
2019-09-10 17:18:00,-0.3960503186762594
2019-09-10 17:21:00,-0.5872159493445679
2019-09-10 17:24:00,-0.39694598581320406
2019-09-10 17:27:00,-0.42652668118574866
2019-09-10 17:30:00,-0.4308294351126847
2019-09-10 17:33:00,-0.45332005562931954
2019-09-10 17:36:00,-0.4201720976372485
2019-09-10 17:39:00,-0.47942130125466065
2019-09-10 17:42:00,-0.48148438916734904
2019-09-10 17:45:00,-0.4371791434789998
2019-09-10 17:48:00,-0.3812995303019875
2019-09-10 17:51:00,-0.37068788531638575
2019-09-10 17:54:00,-0.3068955054961293
2019-09-10 17:57:00,-0.3246759008260369
2019-09-10 18:00:00,-0.3825686088660518
2019-09-10 18:03:00,-0.34012785194551043
2019-09-10 18:06:00,-0.32050955495083144
2019-09-10 18:09:00,-0.3556087912463113
2019-09-10 18:12:00,-0.2823351858831984
2019-09-10 18:15:00,-0.2401913361335346
2019-09-10 18:18:00,-0.27464918428444207
2019-09-10 18:21:00,-0.3072101346755858
2019-09-10 18:24:00,-0.2528541889144549
2019-09-10 18:27:00,-0.23720479327249677
2019-09-10 18:30:00,-0.23432653008052284
2019-09-10 18:33:00,-0.31172107153253137
2019-09-10 18:36:00,-0.36451213836159013
2019-09-10 18:39:00,-0.2595467984190236
2019-09-10 18:42:00,-0.2725294779570504
2019-09-10 18:45:00,-0.2859533653786457
2019-09-10 18:48:00,-0.2837269851479505
2019-09-10 18:51:00,-0.40938383590304284
2019-09-10 18:54:00,
2019-09-10 18:57:00,
2019-09-10 19:00:00,
2019-09-10 19:03:00,-0.3017129463918877
2019-09-10 19:06:00,-0.2669654917160642
2019-09-10 19:09:00,-0.24754119062077962
2019-09-10 19:12:00,-0.2689073804156692
2019-09-10 19:15:00,-0.2649233796649355
2019-09-10 19:18:00,-0.2611486768216196
2019-09-10 19:21:00,-0.2462526959439515
2019-09-10 19:24:00,-0.25065100184087896
2019-09-10 19:27:00,-0.21796750218970828
2019-09-10 19:30:00,-0.20108120950362718
2019-09-10 19:33:00,-0.19339115846207733
2019-09-10 19:36:00,-0.20099405384218016
2019-09-10 19:39:00,-0.1668566841468646
2019-09-10 19:42:00,-0.29927839315467963
2019-09-10 19:45:00,-0.295595656804835
2019-09-10 19:48:00,-0.28354674191609774
2019-09-10 19:51:00,-0.21622594358217384
2019-09-10 19:54:00,-0.2022112116856647
2019-09-10 19:57:00,-0.22693883270972037
2019-09-10 20:00:00,-0.30109880607977857
2019-09-10 20:03:00,-0.28459736878136255
2019-09-10 20:06:00,-0.2734723324770698
2019-09-10 20:09:00,-0.3072392705624907
2019-09-10 20:12:00,-0.1841180774056852
2019-09-10 20:15:00,-0.19293128758789635
2019-09-10 20:18:00,-0.20495553009351397
2019-09-10 20:21:00,-0.21106045535310614
2019-09-10 20:24:00,-0.18879812257495132
2019-09-10 20:27:00,-0.10476203590775413
2019-09-10 20:30:00,-0.1428954797138431
2019-09-10 20:33:00,-0.0754949742666895
2019-09-10 20:36:00,-0.20305673939014923
2019-09-10 20:39:00,-0.2081495684057586
2019-09-10 20:42:00,-0.09638496370234861
2019-09-10 20:45:00,-0.12817478973943253
2019-09-10 20:48:00,-0.11370011555919746
2019-09-10 20:51:00,-0.1873252935266123
2019-09-10 20:54:00,-0.042136461526979474
2019-09-10 20:57:00,-0.1755848746483366
2019-09-10 21:00:00,-0.11996436216401207
2019-09-10 21:03:00,-0.18299958341975753
2019-09-10 21:06:00,-0.022178693042860687
2019-09-10 21:09:00,-0.019298765395262762
2019-09-10 21:12:00,-0.17675884078715853
2019-09-10 21:15:00,-0.1698870839134088
2019-09-10 21:18:00,-0.14131387396804485
2019-09-10 21:21:00,-0.08149197028126309
2019-09-10 21:24:00,-0.1256214140356633
2019-09-10 21:27:00,4.204485549053061e-06
2019-09-10 21:30:00,-0.20145315256479535
2019-09-10 21:33:00,-0.12085971626851233
2019-09-10 21:36:00,-0.19667145665613361
2019-09-10 21:39:00,-0.07090175976588853
2019-09-10 21:42:00,-0.07779717401427888
2019-09-10 21:45:00,-0.12578085355687563
2019-09-10 21:48:00,-0.10936414307968789
2019-09-10 21:51:00,-0.05056572364605927
2019-09-10 21:54:00,0.007845038226378165
2019-09-10 21:57:00,-0.03920103808815156
2019-09-10 22:00:00,0.004327638019219648
2019-09-10 22:03:00,-0.053764717134811235
2019-09-10 22:06:00,-0.006851331344535083
2019-09-10 22:09:00,-0.0501169039563365
2019-09-10 22:12:00,0.04275643727424949
2019-09-10 22:15:00,-0.03999669604365863
2019-09-10 22:18:00,0.0003054588004829384
2019-09-10 22:21:00,0.035054648611890116
2019-09-10 22:24:00,0.09336753220293303
2019-09-10 22:27:00,-0.005890220937999402
2019-09-10 22:30:00,-0.03892452866102758
2019-09-10 22:33:00,0.03907606160487376
2019-09-10 22:36:00,0.0481004981451747
2019-09-10 22:39:00,-0.02436171977308277
2019-09-10 22:42:00,-0.16296212105851282
2019-09-10 22:45:00,0.0443966554993267
2019-09-10 22:48:00,-0.0095046721834251
2019-09-10 22:51:00,-0.11928770005175693
2019-09-10 22:54:00,-0.07560140533087178
2019-09-10 22:57:00,0.00995840702461237
2019-09-10 23:00:00,-0.0236276070128838
2019-09-10 23:03:00,-0.015609536917168043
2019-09-10 23:06:00,-0.02201916806978943
2019-09-10 23:09:00,-0.06576919894041566
2019-09-10 23:12:00,-0.06057556669031783
2019-09-10 23:15:00,-0.06322510375281354
2019-09-10 23:18:00,0.0035773366693661046
2019-09-10 23:21:00,-0.1122080105895975
2019-09-10 23:24:00,-0.10642596271918592
2019-09-10 23:27:00,-0.1828869133244666
2019-09-10 23:30:00,-0.11783268497043764
2019-09-10 23:33:00,-0.12440013687592
2019-09-10 23:36:00,-0.16704316371550476
2019-09-10 23:39:00,-0.1301350989847947
2019-09-10 23:42:00,-0.10336260880308146
2019-09-10 23:45:00,-0.08460409851670647
2019-09-10 23:48:00,-0.15473848450631067
2019-09-10 23:51:00,-0.10698526376251039
2019-09-10 23:54:00,-0.09529404165124333
2019-09-10 23:57:00,-0.032822324606172515
2019-09-11 00:00:00,-0.12540697869474116
2019-09-11 00:03:00,-0.12326564710383536
2019-09-11 00:06:00,-0.06739214142800165
2019-09-11 00:09:00,-0.18040282887017156
2019-09-11 00:12:00,-0.12143760975789064
2019-09-11 00:15:00,-0.18773838803315357
2019-09-11 00:18:00,-0.12998570512041852
2019-09-11 00:21:00,-0.045829463137408766
2019-09-11 00:24:00,-0.10484828889980236
2019-09-11 00:27:00,-0.05796168179062988
2019-09-11 00:30:00,-0.04745909415163396
2019-09-11 00:33:00,-0.06658601180390633
2019-09-11 00:36:00,-0.06057698958710489
2019-09-11 00:39:00,-0.04983854028745327
2019-09-11 00:42:00,-0.0464074768438536
2019-09-11 00:45:00,-0.07596926991573127
2019-09-11 00:48:00,-0.09380495724207094
2019-09-11 00:51:00,-0.040646387816877905
2019-09-11 00:54:00,-0.0666026936110029
2019-09-11 00:57:00,-0.11725508756660474
2019-09-11 01:00:00,-0.12947789422645428
2019-09-11 01:03:00,-0.03150274710128542
2019-09-11 01:06:00,-0.12971172870527425
2019-09-11 01:09:00,-0.12583327481354445
2019-09-11 01:12:00,-0.006861097875059841
2019-09-11 01:15:00,-0.16385296665197302
2019-09-11 01:18:00,-0.12812577417003013
2019-09-11 01:21:00,-0.09033666519854933
2019-09-11 01:24:00,-0.07709132566037624
2019-09-11 01:27:00,-0.08925762016673389
2019-09-11 01:30:00,-0.13527940709974473
2019-09-11 01:33:00,-0.06588902096387983
2019-09-11 01:36:00,0.030975196862641496
2019-09-11 01:39:00,-0.07673712768826135
2019-09-11 01:42:00,0.017434251991119254
2019-09-11 01:45:00,0.10661878114359524
2019-09-11 01:48:00,0.05513668618772272
2019-09-11 01:51:00,0.047012970626951756
2019-09-11 01:54:00,-0.05981924533188021
2019-09-11 01:57:00,-0.04493703564980933
2019-09-11 02:00:00,0.013064604668670654
2019-09-11 02:03:00,0.0650735053087601
2019-09-11 02:06:00,0.021009790895618607
2019-09-11 02:09:00,-0.08312693588970888
2019-09-11 02:12:00,-0.0723034274234351
2019-09-11 02:15:00,-0.15544055266286705
2019-09-11 02:18:00,-0.05142476659443673
2019-09-11 02:21:00,-0.08854414755876405
2019-09-11 02:24:00,-0.12110838910263055
2019-09-11 02:27:00,-0.046159947220132835
2019-09-11 02:30:00,-0.08942728665658706
2019-09-11 02:33:00,-0.0072232061355066435
2019-09-11 02:36:00,0.02376115806407597
2019-09-11 02:39:00,-0.0560946590386493
2019-09-11 02:42:00,-0.0021229734466032824
2019-09-11 02:45:00,0.023101893968146214
2019-09-11 02:48:00,-0.04202136482064134
2019-09-11 02:51:00,-0.1590349079986595
2019-09-11 02:54:00,-0.11267562314225188
2019-09-11 02:57:00,-0.12349307366389439
2019-09-11 03:00:00,-0.08230733946430746
2019-09-11 03:03:00,-0.0469299822228777
2019-09-11 03:06:00,-0.016545287982239643
2019-09-11 03:09:00,-0.11489108980396168
2019-09-11 03:12:00,-0.09213014310620338
2019-09-11 03:15:00,-0.06210602969451884
2019-09-11 03:18:00,0.0455363810375502
2019-09-11 03:21:00,0.026900354153610806
2019-09-11 03:24:00,-0.008199422709026294
2019-09-11 03:27:00,-0.06794477685116362
2019-09-11 03:30:00,0.008742644007156741
2019-09-11 03:33:00,0.0415061422190206
2019-09-11 03:36:00,-0.0436225655946032
2019-09-11 03:39:00,0.014156574784180975
2019-09-11 03:42:00,-0.05402275649606736
2019-09-11 03:45:00,0.06779596966185863
2019-09-11 03:48:00,-0.018302466439365617
2019-09-11 03:51:00,0.006103486800839164
2019-09-11 03:54:00,0.02190404337977725
2019-09-11 03:57:00,0.025592799152491352
2019-09-11 04:00:00,0.0035974967848915185
2019-09-11 04:03:00,-0.06893486222429601
2019-09-11 04:06:00,0.01521432231658082
2019-09-11 04:09:00,-0.009147833549945972
2019-09-11 04:12:00,0.06147663862583386
2019-09-11 04:15:00,0.022091254786857917
2019-09-11 04:18:00,-0.05761336096946934
2019-09-11 04:21:00,-0.06364967594134896
2019-09-11 04:24:00,-0.0153104182773518
2019-09-11 04:27:00,-0.0002572627431618457
2019-09-11 04:30:00,-0.15911124254125752
2019-09-11 04:33:00,0.06557506590013418
2019-09-11 04:36:00,0.017900565498734977
2019-09-11 04:39:00,0.032448692279956504
2019-09-11 04:42:00,0.07651938830770177
2019-09-11 04:45:00,0.06840990041814621
2019-09-11 04:48:00,0.13643040857084543
2019-09-11 04:51:00,0.04650587489936697
2019-09-11 04:54:00,0.09896212045373431
2019-09-11 04:57:00,-0.013073579670276558
2019-09-11 05:00:00,0.09798812466027584
2019-09-11 05:03:00,0.06533143252113405
2019-09-11 05:06:00,0.04889696001862376
2019-09-11 05:09:00,0.046744393998665146
2019-09-11 05:12:00,0.11141201524219468
2019-09-11 05:15:00,0.0037223087251163633
2019-09-11 05:18:00,0.03913432328232602
2019-09-11 05:21:00,0.08965946322143736
2019-09-11 05:24:00,0.10721721824046426
2019-09-11 05:27:00,0.051712305787020796
2019-09-11 05:30:00,0.114293219293927
2019-09-11 05:33:00,0.19857003784579774
2019-09-11 05:36:00,0.02143925396433133
2019-09-11 05:39:00,0.023872094911212116
2019-09-11 05:42:00,0.10220212965219844
2019-09-11 05:45:00,0.060308828047311636
2019-09-11 05:48:00,0.014487098131382936
2019-09-11 05:51:00,0.10555571764336946
2019-09-11 05:54:00,0.06514380523100272
2019-09-11 05:57:00,0.09978568318365433
2019-09-11 06:00:00,0.13622884586402506
2019-09-11 06:03:00,0.05778570310377518
2019-09-11 06:06:00,0.10667614821556981
2019-09-11 06:09:00,0.12009907365461459
2019-09-11 06:12:00,0.19881206804552676
2019-09-11 06:15:00,0.054914497976881194
2019-09-11 06:18:00,0.06885572457451872
2019-09-11 06:21:00,0.05735816674103944
2019-09-11 06:24:00,0.11339083766904423
2019-09-11 06:27:00,0.051826776847860856
2019-09-11 06:30:00,0.18343582424893157
2019-09-11 06:33:00,0.13201238928729708
2019-09-11 06:36:00,0.16243957283916188
2019-09-11 06:39:00,0.13153895012465
2019-09-11 06:42:00,0.1582024114463252
2019-09-11 06:45:00,0.1427759546594416
2019-09-11 06:48:00,0.057594600189361245
2019-09-11 06:51:00,0.0799800172407572
2019-09-11 06:54:00,-0.053509473547023845
2019-09-11 06:57:00,-0.014658762060491881
2019-09-11 07:00:00,0.09603725860188206
2019-09-11 07:03:00,0.032214219205627614
2019-09-11 07:06:00,-0.01910258771391682
2019-09-11 07:09:00,0.02898328733067501
2019-09-11 07:12:00,0.035895319001440384
2019-09-11 07:15:00,0.07890061209405985
2019-09-11 07:18:00,-0.012115046282360709
2019-09-11 07:21:00,0.026689700864835686
2019-09-11 07:24:00,0.040281302477296776
2019-09-11 07:27:00,-0.03235239234908249
2019-09-11 07:30:00,0.00504372663436925
2019-09-11 07:33:00,0.10864070334474718
2019-09-11 07:36:00,0.04690960117670784
2019-09-11 07:39:00,0.018987678825624243
2019-09-11 07:42:00,0.024274087137882816
2019-09-11 07:45:00,0.13424591094934613
2019-09-11 07:48:00,0.15564828453301516
2019-09-11 07:51:00,0.14428897345362657
2019-09-11 07:54:00,0.07614837561868626
2019-09-11 07:57:00,0.01668977681117667
2019-09-11 08:00:00,0.039085237374195
2019-09-11 08:03:00,0.08581477844569463
2019-09-11 08:06:00,0.07612171372841203
2019-09-11 08:09:00,0.1251016605191353
2019-09-11 08:12:00,0.13059600447451203
2019-09-11 08:15:00,0.03571944576566466
2019-09-11 08:18:00,0.08077581640202425
2019-09-11 08:21:00,0.10266806713855203
2019-09-11 08:24:00,0.030275345864424708
2019-09-11 08:27:00,0.16139221354615074
2019-09-11 08:30:00,0.1833586258063633
2019-09-11 08:33:00,0.10698375374340685
2019-09-11 08:36:00,0.163374782689516
2019-09-11 08:39:00,0.16256394376347316
2019-09-11 08:42:00,0.17409705375047224
2019-09-11 08:45:00,0.01276068558524912
2019-09-11 08:48:00,0.01101113207846538
2019-09-11 08:51:00,0.14130129356101406
2019-09-11 08:54:00,0.2058784060879475
2019-09-11 08:57:00,0.1594594436803618
2019-09-11 09:00:00,0.09786926744726543
2019-09-11 09:03:00,0.14179353143651952
2019-09-11 09:06:00,0.022470565138974052
2019-09-11 09:09:00,0.09679165954662494
2019-09-11 09:12:00,0.025861721398882764
2019-09-11 09:15:00,0.03776029064516706
2019-09-11 09:18:00,0.01651322208556394
2019-09-11 09:21:00,-0.021621774970640217
2019-09-11 09:24:00,0.003854871823079975
2019-09-11 09:27:00,0.018779621938335822
2019-09-11 09:30:00,0.017256386406813817
2019-09-11 09:33:00,0.06822831866651313
2019-09-11 09:36:00,-0.0010380495270965184
2019-09-11 09:39:00,0.03687580336878682
2019-09-11 09:42:00,-0.10627247239557391
2019-09-11 09:45:00,-0.017947788442654655
2019-09-11 09:48:00,-0.02036429695675679
2019-09-11 09:51:00,-0.03272517928786556
2019-09-11 09:54:00,-0.06971923607562758
2019-09-11 09:57:00,0.05113679310613861
2019-09-11 10:00:00,-0.01157111614469386
2019-09-11 10:03:00,-0.06759516352519768
2019-09-11 10:06:00,-0.16676266634789272
2019-09-11 10:09:00,-0.1584775547482309
2019-09-11 10:12:00,-0.02893961618093499
2019-09-11 10:15:00,-0.04326718859806533
2019-09-11 10:18:00,-0.19337682346383644
2019-09-11 10:21:00,-5.912548232345216e-05
2019-09-11 10:24:00,-0.17570510082640567
2019-09-11 10:27:00,-0.1463258281829667
2019-09-11 10:30:00,-0.0814734729005977
2019-09-11 10:33:00,-0.03368515837752284
2019-09-11 10:36:00,-0.06785768702195583
2019-09-11 10:39:00,-0.021645477475601638
2019-09-11 10:42:00,-0.05942642117719288
2019-09-11 10:45:00,-0.07086540555360443
2019-09-11 10:48:00,-0.07290019580051421
2019-09-11 10:51:00,-0.08591245596926456
2019-09-11 10:54:00,-0.091516958598163
2019-09-11 10:57:00,-0.06044608470227786
2019-09-11 11:00:00,-0.059502562522993685
2019-09-11 11:03:00,-0.08033002905409603
2019-09-11 11:06:00,-0.051417007307861695
2019-09-11 11:09:00,-0.16356564429014497
2019-09-11 11:12:00,-0.07692144600400752
2019-09-11 11:15:00,-0.1437447577769717
2019-09-11 11:18:00,-0.011397909550055374
2019-09-11 11:21:00,-0.14363180791679042
2019-09-11 11:24:00,-0.16222007354718926
2019-09-11 11:27:00,-0.05477367445132586
2019-09-11 11:30:00,-0.1479307993608927
2019-09-11 11:33:00,-0.22221108718804317
2019-09-11 11:36:00,-0.17816761326588448
2019-09-11 11:39:00,-0.1439175576914522
2019-09-11 11:42:00,-0.17639597133592133
2019-09-11 11:45:00,-0.16610358407143622
2019-09-11 11:48:00,-0.10061188299607693
2019-09-11 11:51:00,-0.18947755997180593
2019-09-11 11:54:00,-0.24630073410889963
2019-09-11 11:57:00,-0.23901692726713009
2019-09-11 12:00:00,-0.15050884295999367
2019-09-11 12:03:00,-0.10145126580414399
2019-09-11 12:06:00,-0.2115015518475616
2019-09-11 12:09:00,-0.2525634768990699
2019-09-11 12:12:00,-0.1699306571575221
2019-09-11 12:15:00,-0.21809470132819797
2019-09-11 12:18:00,-0.19212601587918243
2019-09-11 12:21:00,-0.2212960909012054
2019-09-11 12:24:00,-0.22058822910349818
2019-09-11 12:27:00,-0.33073231136802406
2019-09-11 12:30:00,-0.34220170390113935
2019-09-11 12:33:00,-0.22459785424842948
2019-09-11 12:36:00,-0.2288504175863295
2019-09-11 12:39:00,-0.24837817271338736
2019-09-11 12:42:00,-0.30192639266317656
2019-09-11 12:45:00,-0.29307893002749097
2019-09-11 12:48:00,-0.3221394543612064
2019-09-11 12:51:00,-0.3433721668944827
2019-09-11 12:54:00,-0.23784870712859174
2019-09-11 12:57:00,-0.2628958763646665
2019-09-11 13:00:00,-0.4101735627738776
2019-09-11 13:03:00,-0.27094977197248227
2019-09-11 13:06:00,-0.2858236672714156
2019-09-11 13:09:00,-0.38037813632871575
2019-09-11 13:12:00,-0.35323471216207736
2019-09-11 13:15:00,-0.26915359898720226
2019-09-11 13:18:00,-0.441689859996643
2019-09-11 13:21:00,-0.3167262138473461
2019-09-11 13:24:00,-0.46829560844696516
2019-09-11 13:27:00,-0.3995383147978373
2019-09-11 13:30:00,-0.44508059578583925
2019-09-11 13:33:00,-0.27344048194242987
2019-09-11 13:36:00,-0.3429997862659775
2019-09-11 13:39:00,-0.3724019211238101
2019-09-11 13:42:00,-0.37708501817616025
2019-09-11 13:45:00,-0.28029677427150546
2019-09-11 13:48:00,-0.42320004322061777
2019-09-11 13:51:00,-0.2852875807282089
2019-09-11 13:54:00,-0.43558516182946505
2019-09-11 13:57:00,-0.3371899528800668
2019-09-11 14:00:00,-0.4095494539363358
2019-09-11 14:03:00,-0.30183736553885865
2019-09-11 14:06:00,-0.4993591048261692
2019-09-11 14:09:00,-0.41622938286377575
2019-09-11 14:12:00,-0.31056250115960893
2019-09-11 14:15:00,-0.36996079759455824
2019-09-11 14:18:00,-0.35145889468037694
2019-09-11 14:21:00,-0.40688363135814143
2019-09-11 14:24:00,-0.45670406903207095
2019-09-11 14:27:00,-0.3945187908504977
2019-09-11 14:30:00,-0.4327142855007651
2019-09-11 14:33:00,-0.4051411109676337
2019-09-11 14:36:00,-0.5399484179276897
2019-09-11 14:39:00,-0.45721768056523615
2019-09-11 14:42:00,-0.4205635395248919
2019-09-11 14:45:00,-0.45277807134499426
2019-09-11 14:48:00,-0.5381630519886471
2019-09-11 14:51:00,-0.42879678745248384
2019-09-11 14:54:00,-0.5013641700873563
2019-09-11 14:57:00,-0.5160652534896144
2019-09-11 15:00:00,-0.4192690409435613
2019-09-11 15:03:00,-0.4501492168970458
2019-09-11 15:06:00,-0.4656241004720414
2019-09-11 15:09:00,-0.5268132250305939
2019-09-11 15:12:00,-0.5045579109897744
2019-09-11 15:15:00,-0.5386273858049435
2019-09-11 15:18:00,-0.4510659221470519
2019-09-11 15:21:00,-0.4917605596256749
2019-09-11 15:24:00,-0.666892396279934
2019-09-11 15:27:00,-0.507659134835933
2019-09-11 15:30:00,-0.5002659714795641
2019-09-11 15:33:00,-0.46863126066239147
2019-09-11 15:36:00,-0.531146909071083
2019-09-11 15:39:00,-0.542175075127318
2019-09-11 15:42:00,-0.5306347425515696
2019-09-11 15:45:00,-0.4255407122465158
2019-09-11 15:48:00,-0.4327442101013048
2019-09-11 15:51:00,-0.506848192743746
2019-09-11 15:54:00,-0.5708630875086556
2019-09-11 15:57:00,-0.5857535640387823
2019-09-11 16:00:00,-0.4808584261838291
2019-09-11 16:03:00,-0.5046314015908138
2019-09-11 16:06:00,-0.4411930245353233
2019-09-11 16:09:00,-0.4339389016229802
2019-09-11 16:12:00,-0.35413841885770125
2019-09-11 16:15:00,-0.5656635618843779
2019-09-11 16:18:00,-0.44776827944673414
2019-09-11 16:21:00,-0.508911697373037
2019-09-11 16:24:00,-0.5599566630118602
2019-09-11 16:27:00,-0.4926432653885513
2019-09-11 16:30:00,-0.5826332167376904
2019-09-11 16:33:00,-0.5089454963612638
2019-09-11 16:36:00,-0.591700063081305
2019-09-11 16:39:00,-0.5724679421851988
2019-09-11 16:42:00,-0.5032348552008443
2019-09-11 16:45:00,-0.48412326449511056
2019-09-11 16:48:00,-0.5687170488904485
2019-09-11 16:51:00,-0.5158101722697097
2019-09-11 16:54:00,-0.5267154360640802
2019-09-11 16:57:00,-0.5570353734602804
2019-09-11 17:00:00,-0.5626459848640479
2019-09-11 17:03:00,-0.4809796128789685
2019-09-11 17:06:00,-0.618563880103352
2019-09-11 17:09:00,-0.5585940288430606
2019-09-11 17:12:00,-0.5783177490937987
2019-09-11 17:15:00,-0.5741445718099385
2019-09-11 17:18:00,-0.5862884502212182
2019-09-11 17:21:00,-0.5113470546137364
2019-09-11 17:24:00,-0.5843488350801067
2019-09-11 17:27:00,-0.35790011215556206
2019-09-11 17:30:00,-0.5132392939871124
2019-09-11 17:33:00,-0.4191004977822672
2019-09-11 17:36:00,-0.35536277423005913
2019-09-11 17:39:00,-0.38918230076092186
2019-09-11 17:42:00,-0.42752342610992855
2019-09-11 17:45:00,-0.39619012168003565
2019-09-11 17:48:00,-0.4260691708247464
2019-09-11 17:51:00,-0.34616109758957236
2019-09-11 17:54:00,-0.343851222971125
2019-09-11 17:57:00,-0.3256446754232911
2019-09-11 18:00:00,-0.32488616214732247
2019-09-11 18:03:00,-0.34955875533535163
2019-09-11 18:06:00,-0.37139940509769076
2019-09-11 18:09:00,-0.37079879987743425
2019-09-11 18:12:00,-0.37640432218194064
2019-09-11 18:15:00,-0.3659388734388358
2019-09-11 18:18:00,-0.4746141172034868
2019-09-11 18:21:00,-0.4261015763402156
2019-09-11 18:24:00,-0.28260515845011014
2019-09-11 18:27:00,-0.3300959807069148
2019-09-11 18:30:00,-0.31661779248173616
2019-09-11 18:33:00,-0.27715644757836344
2019-09-11 18:36:00,-0.22755051013177763
2019-09-11 18:39:00,-0.2765487171547534
2019-09-11 18:42:00,-0.27420491073621633
2019-09-11 18:45:00,-0.24257430143563852
2019-09-11 18:48:00,-0.2974484061288081
2019-09-11 18:51:00,-0.30220436754257207
2019-09-11 18:54:00,
2019-09-11 18:57:00,
2019-09-11 19:00:00,
2019-09-11 19:03:00,-0.2277753352993841
2019-09-11 19:06:00,-0.22659716039987643
2019-09-11 19:09:00,-0.18327777929664535
2019-09-11 19:12:00,-0.18538172840015932
2019-09-11 19:15:00,-0.22853455576500892
2019-09-11 19:18:00,-0.25514149166173183
2019-09-11 19:21:00,-0.15620726069471402
2019-09-11 19:24:00,-0.20471896710870396
2019-09-11 19:27:00,-0.12483452331065337
2019-09-11 19:30:00,-0.1714672090207614
2019-09-11 19:33:00,-0.22069718019560014
2019-09-11 19:36:00,-0.16146459023042325
2019-09-11 19:39:00,-0.11405978682449813
2019-09-11 19:42:00,-0.10854861726318177
2019-09-11 19:45:00,-0.04929971155996782
2019-09-11 19:48:00,-0.13218661158094847
2019-09-11 19:51:00,-0.23468774489697353
2019-09-11 19:54:00,-0.12262159206227352
2019-09-11 19:57:00,-0.18513479676448696
2019-09-11 20:00:00,-0.19274724861367076
2019-09-11 20:03:00,-0.19219434466805296
2019-09-11 20:06:00,-0.11354786979234177
2019-09-11 20:09:00,-0.22115041045253747
2019-09-11 20:12:00,-0.09937657020867618
2019-09-11 20:15:00,-0.054399751407572694
2019-09-11 20:18:00,-0.1770635529824176
2019-09-11 20:21:00,-0.10978703487643315
2019-09-11 20:24:00,-0.14215941465801052
2019-09-11 20:27:00,-0.11326613545696773
2019-09-11 20:30:00,-0.18567661889181863
2019-09-11 20:33:00,-0.10768620860193323
2019-09-11 20:36:00,-0.052349574611866956
2019-09-11 20:39:00,-0.05749029733038924
2019-09-11 20:42:00,-0.08196893611943779
2019-09-11 20:45:00,-0.1471199332227684
2019-09-11 20:48:00,-0.03627329498357312
2019-09-11 20:51:00,0.013046927353570936
2019-09-11 20:54:00,-0.016077544417839817
2019-09-11 20:57:00,-0.09636619513179312
2019-09-11 21:00:00,-0.045430988915256876
2019-09-11 21:03:00,0.005944063749552697
2019-09-11 21:06:00,0.02650275797913082
2019-09-11 21:09:00,-0.0758543148376134
2019-09-11 21:12:00,-0.048003227451602015
2019-09-11 21:15:00,-0.029195579494000867
2019-09-11 21:18:00,-0.1511581934042283
2019-09-11 21:21:00,-0.1046522620893029
2019-09-11 21:24:00,-0.005068255643777775
2019-09-11 21:27:00,-0.061436297192017264
2019-09-11 21:30:00,-0.02033264217851638
2019-09-11 21:33:00,-0.05245384286456556
2019-09-11 21:36:00,-0.067443091841767
2019-09-11 21:39:00,-0.07541437287011377
2019-09-11 21:42:00,-0.05937675506982032
2019-09-11 21:45:00,-0.037533555658001205
2019-09-11 21:48:00,-0.023386846670348405
2019-09-11 21:51:00,-0.07414651170267916
2019-09-11 21:54:00,0.014895433743959074
2019-09-11 21:57:00,-0.09739400599204373
2019-09-11 22:00:00,-0.059615346251348456
2019-09-11 22:03:00,-0.021170765231431687
2019-09-11 22:06:00,-0.037966855964157276
2019-09-11 22:09:00,0.030383330955430665
2019-09-11 22:12:00,-0.12522017944712616
2019-09-11 22:15:00,-0.026479567177943863
2019-09-11 22:18:00,-0.1713544504139577
2019-09-11 22:21:00,-0.10604043948518438
2019-09-11 22:24:00,-0.005905807356327841
2019-09-11 22:27:00,0.0061991209897769295
2019-09-11 22:30:00,-0.07649343966090782
2019-09-11 22:33:00,-0.02294625971427422
2019-09-11 22:36:00,-0.18255412541492433
2019-09-11 22:39:00,-0.09388586762622708
2019-09-11 22:42:00,-0.1057070203614785
2019-09-11 22:45:00,0.0004718841523754236
2019-09-11 22:48:00,-0.08521040202668928
2019-09-11 22:51:00,-0.038766422306423465
2019-09-11 22:54:00,-0.08568779741125354
2019-09-11 22:57:00,-0.07674694415152317
2019-09-11 23:00:00,-0.04106744684310115
2019-09-11 23:03:00,-0.027400881358289553
2019-09-11 23:06:00,-0.1296806172464926
2019-09-11 23:09:00,-0.10427958681998462
2019-09-11 23:12:00,-0.07045896937825091
2019-09-11 23:15:00,0.10909726387245655
2019-09-11 23:18:00,0.16328206867086692
2019-09-11 23:21:00,0.21616807652452508
2019-09-11 23:24:00,0.16941680044669738
2019-09-11 23:27:00,0.1774726782898597
2019-09-11 23:30:00,0.20221950263032795
2019-09-11 23:33:00,0.14156219082104826
2019-09-11 23:36:00,0.27404732640917473
2019-09-11 23:39:00,0.17563835162565056
2019-09-11 23:42:00,0.20113543683225998
2019-09-11 23:45:00,0.1242690827814954
2019-09-11 23:48:00,0.17019007943775932
2019-09-11 23:51:00,0.07965212225218465
2019-09-11 23:54:00,0.1700819629425041
2019-09-11 23:57:00,0.0878386825363009
2019-09-12 00:00:00,0.21565807485444566
2019-09-12 00:03:00,0.10880431846186411
2019-09-12 00:06:00,0.23027151436832582
2019-09-12 00:09:00,0.24079794277184874
2019-09-12 00:12:00,0.3158857840994642
2019-09-12 00:15:00,0.17622492229105546
2019-09-12 00:18:00,0.20197148820597022
2019-09-12 00:21:00,0.17663840607735892
2019-09-12 00:24:00,0.20407839605974232
2019-09-12 00:27:00,0.15165216060256625
2019-09-12 00:30:00,0.1363699996690002
2019-09-12 00:33:00,0.08270017590274392
2019-09-12 00:36:00,0.1083429239220095
2019-09-12 00:39:00,0.18463032720177353
2019-09-12 00:42:00,0.167982127925427
2019-09-12 00:45:00,0.13005635335576926
2019-09-12 00:48:00,0.17754949473032866
2019-09-12 00:51:00,0.20510670212627247
2019-09-12 00:54:00,0.24644081950964392
2019-09-12 00:57:00,0.2230858998142935
2019-09-12 01:00:00,0.14259311623573012
2019-09-12 01:03:00,0.18609149891557308
2019-09-12 01:06:00,0.126050720027024
2019-09-12 01:09:00,0.24283039155403685
2019-09-12 01:12:00,0.31659282630812413
2019-09-12 01:15:00,0.1978325730676147
2019-09-12 01:18:00,0.25846015388970045
2019-09-12 01:21:00,0.19886147136617183
2019-09-12 01:24:00,0.1895058175537656
2019-09-12 01:27:00,0.22063255469680598
2019-09-12 01:30:00,0.28466519800701917
2019-09-12 01:33:00,0.20358683574966108
2019-09-12 01:36:00,0.1274263801162192
2019-09-12 01:39:00,0.1565365454812877
2019-09-12 01:42:00,0.12405281978345784
2019-09-12 01:45:00,0.1691916735238692
2019-09-12 01:48:00,0.10683362594585333
2019-09-12 01:51:00,0.1704263129919923
2019-09-12 01:54:00,0.14435997106028253
2019-09-12 01:57:00,0.25303770127936787
2019-09-12 02:00:00,0.2793216693310683
2019-09-12 02:03:00,0.32805886813048346
2019-09-12 02:06:00,0.2724113396662915
2019-09-12 02:09:00,0.30782262308207464
2019-09-12 02:12:00,0.3490261333424769
2019-09-12 02:15:00,0.4197432195276747
2019-09-12 02:18:00,0.36604444222473376
2019-09-12 02:21:00,0.307024333962886
2019-09-12 02:24:00,0.3466414428869484
2019-09-12 02:27:00,0.3708717852190375
2019-09-12 02:30:00,0.2704642169127851
2019-09-12 02:33:00,0.2676639482973542
2019-09-12 02:36:00,0.31160304249158344
2019-09-12 02:39:00,0.2906620109505411
2019-09-12 02:42:00,0.2625882288305661
2019-09-12 02:45:00,0.2691620952817857
2019-09-12 02:48:00,0.19415306076410843
2019-09-12 02:51:00,0.29731021270470137
2019-09-12 02:54:00,0.27603604650971647
2019-09-12 02:57:00,0.3184300927907202
2019-09-12 03:00:00,0.3338127156492874
2019-09-12 03:03:00,0.31606393195551163
2019-09-12 03:06:00,0.2937840563640748
2019-09-12 03:09:00,0.2488647381813962
2019-09-12 03:12:00,0.23235326695862568
2019-09-12 03:15:00,0.1974278165407668
2019-09-12 03:18:00,0.2546413342810183
2019-09-12 03:21:00,0.3509839013557894
2019-09-12 03:24:00,0.27985149337757775
2019-09-12 03:27:00,0.23177753512800336
2019-09-12 03:30:00,0.2741796521438573
2019-09-12 03:33:00,0.1957535400910615
2019-09-12 03:36:00,0.3058745644947294
2019-09-12 03:39:00,0.4201793494275421
2019-09-12 03:42:00,0.4045465453914403
2019-09-12 03:45:00,0.3176154795316961
2019-09-12 03:48:00,0.28012286500489836
2019-09-12 03:51:00,0.267923617632448
2019-09-12 03:54:00,0.21835205108720857
2019-09-12 03:57:00,0.3664100374030568
2019-09-12 04:00:00,0.40401076386143586
2019-09-12 04:03:00,0.801430463851375
2019-09-12 04:06:00,0.78581357492385
2019-09-12 04:09:00,0.4055214149848325
2019-09-12 04:12:00,0.5962482696398297
2019-09-12 04:15:00,0.5478621899763425
2019-09-12 04:18:00,0.44770198808134865
2019-09-12 04:21:00,0.46890587673664186
2019-09-12 04:24:00,0.43063853502383154
2019-09-12 04:27:00,0.4615678417046638
2019-09-12 04:30:00,0.5000343584785583
2019-09-12 04:33:00,0.4371086402647393
2019-09-12 04:36:00,0.4119413726082257
2019-09-12 04:39:00,0.3566197249158449
2019-09-12 04:42:00,0.40271738728216633
2019-09-12 04:45:00,0.37837438960542613
2019-09-12 04:48:00,0.36378798810090984
2019-09-12 04:51:00,0.26986116267835314
2019-09-12 04:54:00,0.27985771718067554
2019-09-12 04:57:00,0.2785352482239887
2019-09-12 05:00:00,0.3733521008944649
2019-09-12 05:03:00,0.39301250491786277
2019-09-12 05:06:00,0.34841854749203094
2019-09-12 05:09:00,0.3069357248971869
2019-09-12 05:12:00,0.27029946726599974
2019-09-12 05:15:00,0.29695331159814486
2019-09-12 05:18:00,0.3668386325813344
2019-09-12 05:21:00,0.4555306511750814
2019-09-12 05:24:00,0.4145814913622985
2019-09-12 05:27:00,0.404611695523613
2019-09-12 05:30:00,0.3649153526980058
2019-09-12 05:33:00,0.4732739257294156
2019-09-12 05:36:00,0.4040337500053397
2019-09-12 05:39:00,0.3569129905229147
2019-09-12 05:42:00,0.3857226320512268
2019-09-12 05:45:00,0.3736388624696474
2019-09-12 05:48:00,0.491679580778964
2019-09-12 05:51:00,0.3874831596189665
2019-09-12 05:54:00,0.5258859539654281
2019-09-12 05:57:00,0.44021832929320226
2019-09-12 06:00:00,0.4677530301774482
2019-09-12 06:03:00,0.35668862348461516
2019-09-12 06:06:00,0.42932365291784436
2019-09-12 06:09:00,0.40102098921045126
2019-09-12 06:12:00,0.34669787379993977
2019-09-12 06:15:00,0.37976912465626356
2019-09-12 06:18:00,0.45498552109819457
2019-09-12 06:21:00,0.3437926628009791
2019-09-12 06:24:00,0.39913099766459936
2019-09-12 06:27:00,0.345933706942958
2019-09-12 06:30:00,0.33710572559590446
2019-09-12 06:33:00,0.2605755449493472
2019-09-12 06:36:00,0.2807179006213687
2019-09-12 06:39:00,0.3306349202822503
2019-09-12 06:42:00,0.31798126723714404
2019-09-12 06:45:00,0.33839649512498227
2019-09-12 06:48:00,0.3596191853603159
2019-09-12 06:51:00,0.31444436065413583
2019-09-12 06:54:00,0.2595716734488178
2019-09-12 06:57:00,0.2009634260662665
2019-09-12 07:00:00,0.2882905506231168
2019-09-12 07:03:00,0.4988791570254989
2019-09-12 07:06:00,0.3311507081758691
2019-09-12 07:09:00,0.44633701464113074
2019-09-12 07:12:00,0.4109200365509764
2019-09-12 07:15:00,0.42462714313325023
2019-09-12 07:18:00,0.4109943957583937
2019-09-12 07:21:00,0.3759773304228702
2019-09-12 07:24:00,0.43181191308934785
2019-09-12 07:27:00,0.33477683747844367
2019-09-12 07:30:00,0.3465284763693717
2019-09-12 07:33:00,0.33283211401112567
2019-09-12 07:36:00,0.32540911576887765
2019-09-12 07:39:00,0.27952722330780944
2019-09-12 07:42:00,0.2935711482719512
2019-09-12 07:45:00,0.3087540754708016
2019-09-12 07:48:00,0.42339345909857684
2019-09-12 07:51:00,0.27879466100966965
2019-09-12 07:54:00,0.3302919432798035
2019-09-12 07:57:00,0.35557183823215155
2019-09-12 08:00:00,0.3209648781577812
2019-09-12 08:03:00,0.30559643022201044
2019-09-12 08:06:00,0.2506216335802378
2019-09-12 08:09:00,0.3006169211440124
2019-09-12 08:12:00,0.2016314075893888
2019-09-12 08:15:00,0.3339483644746224
2019-09-12 08:18:00,0.27709222458679506
2019-09-12 08:21:00,0.18729669260085302
2019-09-12 08:24:00,0.2855685842993694
2019-09-12 08:27:00,0.36679126518902194
2019-09-12 08:30:00,0.13589721716482472
2019-09-12 08:33:00,0.14366855171692805
2019-09-12 08:36:00,0.14079339333005692
2019-09-12 08:39:00,0.16136028746035436
2019-09-12 08:42:00,0.17393821699107548
2019-09-12 08:45:00,0.1432603014054621
2019-09-12 08:48:00,0.09397795603820214
2019-09-12 08:51:00,0.07670471836701154
2019-09-12 08:54:00,0.15576409851951212
2019-09-12 08:57:00,0.17675445875755713
2019-09-12 09:00:00,0.06836930143771269
2019-09-12 09:03:00,-0.0018654251524594656
2019-09-12 09:06:00,-0.019451755418060657
2019-09-12 09:09:00,-0.06020142856334587
2019-09-12 09:12:00,-0.023824398090084742
2019-09-12 09:15:00,-0.15159684510376792
2019-09-12 09:18:00,-0.034937682068402864
2019-09-12 09:21:00,0.05649150406759418
2019-09-12 09:24:00,-0.06286297180099609
2019-09-12 09:27:00,-0.01027088082616956
2019-09-12 09:30:00,-0.04254315307349543
2019-09-12 09:33:00,-0.049867753984301544
2019-09-12 09:36:00,-0.06155955684607761
2019-09-12 09:39:00,-0.035983177148239065
2019-09-12 09:42:00,-0.0644608247217775
2019-09-12 09:45:00,-0.08245047218275658
2019-09-12 09:48:00,-0.03627245324656769
2019-09-12 09:51:00,-0.12253996825774038
2019-09-12 09:54:00,-0.12119732455818166
2019-09-12 09:57:00,-0.07225214304412475
2019-09-12 10:00:00,-0.06677267151718524
2019-09-12 10:03:00,-0.018266499011758697
2019-09-12 10:06:00,-0.24118114498548948
2019-09-12 10:09:00,-0.16622740891506282
2019-09-12 10:12:00,-0.15141381583094926
2019-09-12 10:15:00,-0.15348455480881285
2019-09-12 10:18:00,-0.2190970658440392
2019-09-12 10:21:00,-0.08442511225257476
2019-09-12 10:24:00,-0.1102640075596355
2019-09-12 10:27:00,-0.20952580512130226
2019-09-12 10:30:00,-0.2231056779956475
2019-09-12 10:33:00,-0.15483886431348992
2019-09-12 10:36:00,-0.22138326825080412
2019-09-12 10:39:00,-0.2739504538799338
2019-09-12 10:42:00,-0.21880463406426998
2019-09-12 10:45:00,-0.23186435037911224
2019-09-12 10:48:00,-0.2317368382201721
2019-09-12 10:51:00,-0.24657525571473116
2019-09-12 10:54:00,-0.1875670580304245
2019-09-12 10:57:00,-0.2361581861168247
2019-09-12 11:00:00,-0.2367762943682692
2019-09-12 11:03:00,-0.2340895089236028
2019-09-12 11:06:00,-0.2553401872659151
2019-09-12 11:09:00,-0.23433635444615675
2019-09-12 11:12:00,-0.25585469830031116
2019-09-12 11:15:00,-0.3165435063385189
2019-09-12 11:18:00,-0.17087288028670855
2019-09-12 11:21:00,-0.24466632672221067
2019-09-12 11:24:00,-0.2820964910594057
2019-09-12 11:27:00,-0.26595355897194395
2019-09-12 11:30:00,-0.3131551421844847
2019-09-12 11:33:00,-0.3047634925717375
2019-09-12 11:36:00,-0.3503451471137282
2019-09-12 11:39:00,-0.28794956421870666
2019-09-12 11:42:00,-0.4177509402297801
2019-09-12 11:45:00,-0.37011740741536414
2019-09-12 11:48:00,-0.08753875729229321
2019-09-12 11:51:00,0.2013253147663363
2019-09-12 11:54:00,0.08571337824002967
2019-09-12 11:57:00,-0.053965112918774594
2019-09-12 12:00:00,-0.316065303713458
2019-09-12 12:03:00,-0.4068742093501214
2019-09-12 12:06:00,-0.39555517457699807
2019-09-12 12:09:00,-0.3590863244716047
2019-09-12 12:12:00,-0.3012581778647814
2019-09-12 12:15:00,-0.4697515746601084
2019-09-12 12:18:00,-0.4518475533271271
2019-09-12 12:21:00,-0.46761568900188877
2019-09-12 12:24:00,-0.5856148646890347
2019-09-12 12:27:00,-0.34072503801235143
2019-09-12 12:30:00,-0.4094264953948823
2019-09-12 12:33:00,-0.36125169627376863
2019-09-12 12:36:00,-0.5424120609547458
2019-09-12 12:39:00,-0.40501407002273027
2019-09-12 12:42:00,-0.43782398192411165
2019-09-12 12:45:00,-0.5132709242392366
2019-09-12 12:48:00,-0.3930002493503366
2019-09-12 12:51:00,-0.4234096709146229
2019-09-12 12:54:00,-0.38169014735620976
2019-09-12 12:57:00,-0.4583335280617007
2019-09-12 13:00:00,-0.5014328770255929
2019-09-12 13:03:00,-0.4317000151531829
2019-09-12 13:06:00,-0.5335613402057788
2019-09-12 13:09:00,-0.42617242562772617
2019-09-12 13:12:00,-0.44520346768428
2019-09-12 13:15:00,-0.3197447423764288
2019-09-12 13:18:00,-0.5018354139690473
2019-09-12 13:21:00,-0.394265961276119
2019-09-12 13:24:00,-0.48747323873641335
2019-09-12 13:27:00,-0.4368913214015606
2019-09-12 13:30:00,-0.42243311764406144
2019-09-12 13:33:00,-0.5271884300622105
2019-09-12 13:36:00,-0.3710590977240713
2019-09-12 13:39:00,-0.4395484012028419
2019-09-12 13:42:00,-0.5152077500008545
2019-09-12 13:45:00,-0.5831362599523118
2019-09-12 13:48:00,-0.521758456205248
2019-09-12 13:51:00,-0.4582527654179671
2019-09-12 13:54:00,-0.4826406813762105
2019-09-12 13:57:00,-0.5616023175650753
2019-09-12 14:00:00,-0.4682159233524317
2019-09-12 14:03:00,-0.5337249432502631
2019-09-12 14:06:00,-0.3779938320164433
2019-09-12 14:09:00,-0.4823904854733314
2019-09-12 14:12:00,-0.4753541352679349
2019-09-12 14:15:00,-0.5854533476569372
2019-09-12 14:18:00,-0.5138806803362286
2019-09-12 14:21:00,-0.4589237648217477
2019-09-12 14:24:00,-0.6433532527763077
2019-09-12 14:27:00,-0.7352606666140673
2019-09-12 14:30:00,-0.6066703878951216
2019-09-12 14:33:00,-0.407070922443836
2019-09-12 14:36:00,-0.5318619470421027
2019-09-12 14:39:00,-0.6272430939308151
2019-09-12 14:42:00,-0.5578848759379866
2019-09-12 14:45:00,-0.4097905461676419
2019-09-12 14:48:00,-0.49684476779378883
2019-09-12 14:51:00,-0.5509822001643556
2019-09-12 14:54:00,-0.480585253033496
2019-09-12 14:57:00,-0.5263413551285225
2019-09-12 15:00:00,-0.5796893837811012
2019-09-12 15:03:00,-0.4822963164659768
2019-09-12 15:06:00,-0.5646937977006132
2019-09-12 15:09:00,-0.501277672832714
2019-09-12 15:12:00,-0.5895087547332878
2019-09-12 15:15:00,-0.5767695635763062
2019-09-12 15:18:00,-0.5723805130425035
2019-09-12 15:21:00,-0.5160737817483891
2019-09-12 15:24:00,-0.4564549011720942
2019-09-12 15:27:00,-0.5753840387030209
2019-09-12 15:30:00,-0.5423836246619658
2019-09-12 15:33:00,-0.49849458501392974
2019-09-12 15:36:00,-0.43684528082968654
2019-09-12 15:39:00,-0.538744781403409
2019-09-12 15:42:00,-0.5556328595129116
2019-09-12 15:45:00,-0.5195989830636449
2019-09-12 15:48:00,-0.532010108117106
2019-09-12 15:51:00,-0.5243646081385123
2019-09-12 15:54:00,-0.5826952221977422
2019-09-12 15:57:00,-0.4989545743091526
2019-09-12 16:00:00,-0.48793042303663015
2019-09-12 16:03:00,-0.5017166172274301
2019-09-12 16:06:00,-0.5123814882461488
2019-09-12 16:09:00,-0.5236898171069697
2019-09-12 16:12:00,-0.4828164758602611
2019-09-12 16:15:00,-0.49887891936970163
2019-09-12 16:18:00,-0.572743744324157
2019-09-12 16:21:00,-0.5182864298838012
2019-09-12 16:24:00,-0.5269966063215747
2019-09-12 16:27:00,-0.5341847411345952
2019-09-12 16:30:00,-0.3841452283421063
2019-09-12 16:33:00,-0.5220611292247668
2019-09-12 16:36:00,-0.4058516108707977
2019-09-12 16:39:00,-0.4270476690837768
2019-09-12 16:42:00,-0.49164038841388447
2019-09-12 16:45:00,-0.5009510935039998
2019-09-12 16:48:00,-0.3574360459356285
2019-09-12 16:51:00,-0.5256024194886209
2019-09-12 16:54:00,-0.46039176228867973
2019-09-12 16:57:00,-0.5140214511836234
2019-09-12 17:00:00,-0.4768053484556276
2019-09-12 17:03:00,-0.4412375462310365
2019-09-12 17:06:00,-0.4491985113929218
2019-09-12 17:09:00,-0.5040693548061768
2019-09-12 17:12:00,-0.48405072698938056
2019-09-12 17:15:00,-0.4053628094902706
2019-09-12 17:18:00,-0.4941991498174616
2019-09-12 17:21:00,-0.42659779016184984
2019-09-12 17:24:00,-0.44007935938373066
2019-09-12 17:27:00,-0.4371765216001222
2019-09-12 17:30:00,-0.47764721583240544
2019-09-12 17:33:00,-0.5056285582004421
2019-09-12 17:36:00,-0.3998768377069837
2019-09-12 17:39:00,-0.31864162299069676
2019-09-12 17:42:00,-0.3366653788521603
2019-09-12 17:45:00,-0.36056950024567413
2019-09-12 17:48:00,-0.185541905395894
2019-09-12 17:51:00,-0.19242009819532768
2019-09-12 17:54:00,-0.2648399164995112
2019-09-12 17:57:00,-0.3224866248034459
2019-09-12 18:00:00,-0.27205781473440993
2019-09-12 18:03:00,-0.3713229036599728
2019-09-12 18:06:00,-0.18330752770157233
2019-09-12 18:09:00,-0.25432163153345755
2019-09-12 18:12:00,-0.20578867700567116
2019-09-12 18:15:00,-0.25081451195262616
2019-09-12 18:18:00,-0.23572263393293724
2019-09-12 18:21:00,-0.12853765641813197
2019-09-12 18:24:00,-0.15475620860740946
2019-09-12 18:27:00,-0.3406652052229333
2019-09-12 18:30:00,-0.2629148921461706
2019-09-12 18:33:00,-0.1783275847844834
2019-09-12 18:36:00,-0.28629821604965855
2019-09-12 18:39:00,-0.15107017985525317
2019-09-12 18:42:00,-0.09776898415879032
2019-09-12 18:45:00,-0.22838159135960723
2019-09-12 18:48:00,-0.17446934398344638
2019-09-12 18:51:00,-0.20823646855279776
2019-09-12 18:54:00,
2019-09-12 18:57:00,
2019-09-12 19:00:00,
2019-09-12 19:03:00,-0.20111296682733837
2019-09-12 19:06:00,-0.1331621154589584
2019-09-12 19:09:00,-0.2281532618710571
2019-09-12 19:12:00,-0.1693299295176871
2019-09-12 19:15:00,-0.13393908781915798
2019-09-12 19:18:00,-0.22273472231353253
2019-09-12 19:21:00,-0.2520762742607303
2019-09-12 19:24:00,-0.2150978223954212
2019-09-12 19:27:00,-0.15992423803589872
2019-09-12 19:30:00,-0.10924518919961201
2019-09-12 19:33:00,-0.18340557308897587
2019-09-12 19:36:00,-0.13931793838349904
2019-09-12 19:39:00,-0.26831709789354363
2019-09-12 19:42:00,-0.07574063920594654
2019-09-12 19:45:00,-0.1526778186090496
2019-09-12 19:48:00,-0.16658570324574384
2019-09-12 19:51:00,-0.18608066649983357
2019-09-12 19:54:00,-0.15163006952491287
2019-09-12 19:57:00,-0.13064844865294845
2019-09-12 20:00:00,-0.10635946927448003
2019-09-12 20:03:00,-0.05873256958824413
2019-09-12 20:06:00,-0.03691872461354251
2019-09-12 20:09:00,-0.03527849527085891
2019-09-12 20:12:00,-0.025713947614008248
2019-09-12 20:15:00,-0.006076362088947462
2019-09-12 20:18:00,-0.014427488910882857
2019-09-12 20:21:00,0.020527036344674343
2019-09-12 20:24:00,-0.02606919260762197
2019-09-12 20:27:00,-0.04578222457030279
2019-09-12 20:30:00,-0.03610937236675227
2019-09-12 20:33:00,-0.11309328166640853
2019-09-12 20:36:00,0.053644893613579825
2019-09-12 20:39:00,-0.03175272445929522
2019-09-12 20:42:00,0.13518488059509082
2019-09-12 20:45:00,-0.01602040181785469
2019-09-12 20:48:00,0.05326675287102489
2019-09-12 20:51:00,0.06345469608862686
2019-09-12 20:54:00,0.0254036313486381
2019-09-12 20:57:00,0.0351117400749672
2019-09-12 21:00:00,-0.005933544217839426
2019-09-12 21:03:00,-0.021051184501288844
2019-09-12 21:06:00,-0.05149043050215596
2019-09-12 21:09:00,-0.03975762487840484
2019-09-12 21:12:00,-0.043430590984314676
2019-09-12 21:15:00,-0.056652672476559474
2019-09-12 21:18:00,0.12072742822550708
2019-09-12 21:21:00,-0.00873739701728482
2019-09-12 21:24:00,0.0438283227272791
2019-09-12 21:27:00,0.12269006617918876
2019-09-12 21:30:00,-0.028447015214453586
2019-09-12 21:33:00,-0.07707681200110983
2019-09-12 21:36:00,-0.016748076721739835
2019-09-12 21:39:00,-0.04980479090392009
2019-09-12 21:42:00,0.015913086238754204
2019-09-12 21:45:00,-0.030455118581983243
2019-09-12 21:48:00,-0.06076800013823913
2019-09-12 21:51:00,-0.047317725406912814
2019-09-12 21:54:00,0.00915708239824653
2019-09-12 21:57:00,0.01325429800283473
2019-09-12 22:00:00,-0.1378368403190393
2019-09-12 22:03:00,0.05369362721773996
2019-09-12 22:06:00,0.04398133188448128
2019-09-12 22:09:00,0.01097289438473581
2019-09-12 22:12:00,0.07270385874488738
2019-09-12 22:15:00,-0.06832900141483833
2019-09-12 22:18:00,0.1013823683979922
2019-09-12 22:21:00,0.05912046915676683
2019-09-12 22:24:00,0.17039293313683856
2019-09-12 22:27:00,0.004291843745875212
2019-09-12 22:30:00,-0.1118410746582299
2019-09-12 22:33:00,-0.01046768947014698
2019-09-12 22:36:00,-0.05142842197517439
2019-09-12 22:39:00,-0.060107109363514155
2019-09-12 22:42:00,-0.12491996687970186
2019-09-12 22:45:00,-0.07086228073637812
2019-09-12 22:48:00,-0.051259064897010376
2019-09-12 22:51:00,0.2048671732385401
2019-09-12 22:54:00,0.33654512884766064
2019-09-12 22:57:00,0.36237544813786826
2019-09-12 23:00:00,0.2523648830083971
2019-09-12 23:03:00,0.08738650155567029
2019-09-12 23:06:00,0.013788095136078482
2019-09-12 23:09:00,0.19916861628712468
2019-09-12 23:12:00,0.3886255904578775
2019-09-12 23:15:00,0.39849321533114335
2019-09-12 23:18:00,0.19200135833983722
2019-09-12 23:21:00,0.21595697888818677
2019-09-12 23:24:00,0.49155516000513444
2019-09-12 23:27:00,0.32292797563684417
2019-09-12 23:30:00,0.17818836240252267
2019-09-12 23:33:00,0.18345300655528263
2019-09-12 23:36:00,0.1953549174598379
2019-09-12 23:39:00,0.25360543418730686
2019-09-12 23:42:00,0.3689950411332461
2019-09-12 23:45:00,0.4689866395820559
2019-09-12 23:48:00,0.5453250045358118
2019-09-12 23:51:00,0.5538194481306391
2019-09-12 23:54:00,0.5124151446764813
2019-09-12 23:57:00,0.5812488559793678
2019-09-13 00:00:00,0.5031149852984527
2019-09-13 00:03:00,0.46346001176590335
2019-09-13 00:06:00,0.45672547370509164
2019-09-13 00:09:00,0.42828240222866043
2019-09-13 00:12:00,0.5286118832447642
2019-09-13 00:15:00,0.5087860538277482
2019-09-13 00:18:00,0.5079832815193868
2019-09-13 00:21:00,0.46128146503150447
2019-09-13 00:24:00,0.5067378746109625
2019-09-13 00:27:00,0.43557275341254353
2019-09-13 00:30:00,0.48076841503228707
2019-09-13 00:33:00,0.480170000979399
2019-09-13 00:36:00,0.5629686409123451
2019-09-13 00:39:00,0.5046251562803263
2019-09-13 00:42:00,0.4695856477285929
2019-09-13 00:45:00,0.5124595664035496
2019-09-13 00:48:00,0.5057287908871899
2019-09-13 00:51:00,0.3935265254003184
2019-09-13 00:54:00,0.40644530348441776
2019-09-13 00:57:00,0.4221831145430315
2019-09-13 01:00:00,0.39930988941517853
2019-09-13 01:03:00,0.4258736750533103
2019-09-13 01:06:00,0.4566695896185138
2019-09-13 01:09:00,0.42274861430166766
2019-09-13 01:12:00,0.38086282390463566
2019-09-13 01:15:00,0.4198399786635605
2019-09-13 01:18:00,0.47059450893715393
2019-09-13 01:21:00,0.45582421634657067
2019-09-13 01:24:00,0.3606594348685803
2019-09-13 01:27:00,0.28651632987140374
2019-09-13 01:30:00,0.3734063909885208
2019-09-13 01:33:00,0.345767367099711
2019-09-13 01:36:00,0.2814022663516198
2019-09-13 01:39:00,0.32093074922192955
2019-09-13 01:42:00,0.3192606755896463
2019-09-13 01:45:00,0.32172002081676965
2019-09-13 01:48:00,0.3440046791303075
2019-09-13 01:51:00,0.3107695859116575
2019-09-13 01:54:00,0.412154625344499
2019-09-13 01:57:00,0.34695071367906394
2019-09-13 02:00:00,0.4299163834480737
2019-09-13 02:03:00,0.4983271004714993
2019-09-13 02:06:00,0.4140746023300039
2019-09-13 02:09:00,0.4462643150229155
2019-09-13 02:12:00,0.4162152684172611
2019-09-13 02:15:00,0.3999909660513481
2019-09-13 02:18:00,0.42039192625270516
2019-09-13 02:21:00,0.362230613495683
2019-09-13 02:24:00,0.4664623312274898
2019-09-13 02:27:00,0.4061190149603249
2019-09-13 02:30:00,0.521894796952779
2019-09-13 02:33:00,0.5582046512834609
2019-09-13 02:36:00,0.5335782519815098
2019-09-13 02:39:00,0.5371200846265651
2019-09-13 02:42:00,0.5624534139184334
2019-09-13 02:45:00,0.6779575830625504
2019-09-13 02:48:00,0.5645387603121321
2019-09-13 02:51:00,0.6030619055647435
2019-09-13 02:54:00,0.6170058260403835
2019-09-13 02:57:00,0.5702746110497969
2019-09-13 03:00:00,0.57621812659238
2019-09-13 03:03:00,0.595640106316921
2019-09-13 03:06:00,0.5644793122638134
2019-09-13 03:09:00,0.6155551545398907
2019-09-13 03:12:00,0.6314294717240614
2019-09-13 03:15:00,0.5871286516174337
2019-09-13 03:18:00,0.5629862776828531
2019-09-13 03:21:00,0.6149371153256311
2019-09-13 03:24:00,0.6446894070933809
2019-09-13 03:27:00,0.4901219952374163
2019-09-13 03:30:00,0.6142005201936058
2019-09-13 03:33:00,0.6241935870638713
2019-09-13 03:36:00,0.6581113259789504
2019-09-13 03:39:00,0.5504387025484903
2019-09-13 03:42:00,0.5314050206027332
2019-09-13 03:45:00,0.5435095606453615
2019-09-13 03:48:00,0.5868274522941874
2019-09-13 03:51:00,0.513349884347349
2019-09-13 03:54:00,0.4754418717048452
2019-09-13 03:57:00,0.5765974735481905
2019-09-13 04:00:00,0.550503931034882
2019-09-13 04:03:00,0.48179363679616927
2019-09-13 04:06:00,0.3930332089036028
2019-09-13 04:09:00,0.5223445192107761
2019-09-13 04:12:00,0.49273000651055554
2019-09-13 04:15:00,0.4967851753105492
2019-09-13 04:18:00,0.5099958017642621
2019-09-13 04:21:00,0.4881036025303729
2019-09-13 04:24:00,0.3889776703880443
2019-09-13 04:27:00,0.5087499171453942
2019-09-13 04:30:00,0.5416322306808183
2019-09-13 04:33:00,0.46258593854577157
2019-09-13 04:36:00,0.43758468095654734
2019-09-13 04:39:00,0.4678523717887515
2019-09-13 04:42:00,0.44216122772439803
2019-09-13 04:45:00,0.4392808615744457
2019-09-13 04:48:00,0.44866822632496905
2019-09-13 04:51:00,0.5110341370726701
2019-09-13 04:54:00,0.499611940968407
2019-09-13 04:57:00,0.4614493346171571
2019-09-13 05:00:00,0.5526915959541725
2019-09-13 05:03:00,0.5184203566284395
2019-09-13 05:06:00,0.6201353219241241
2019-09-13 05:09:00,0.5451519519961039
2019-09-13 05:12:00,0.5673430938546176
2019-09-13 05:15:00,0.5631695326088675
2019-09-13 05:18:00,0.5694757482211799
2019-09-13 05:21:00,0.48674206115055085
2019-09-13 05:24:00,0.4876117777491231
2019-09-13 05:27:00,0.5313450151022607
2019-09-13 05:30:00,0.4474007046553652
2019-09-13 05:33:00,0.5416684688968303
2019-09-13 05:36:00,0.4837171098046724
2019-09-13 05:39:00,0.5647114450282515
2019-09-13 05:42:00,0.5401405565958726
2019-09-13 05:45:00,0.581715847532962
2019-09-13 05:48:00,0.5807711208551041
2019-09-13 05:51:00,0.43563359488160813
2019-09-13 05:54:00,0.5480305215999692
2019-09-13 05:57:00,0.5488315692816172
2019-09-13 06:00:00,0.5243000935813598
2019-09-13 06:03:00,0.4818745390339245
2019-09-13 06:06:00,0.4710414910042573
2019-09-13 06:09:00,0.4579851134836872
2019-09-13 06:12:00,0.4378456813830667
2019-09-13 06:15:00,0.4575704693066882
2019-09-13 06:18:00,0.4050019226702375
2019-09-13 06:21:00,0.5812421182725984
2019-09-13 06:24:00,0.4939010523814886
2019-09-13 06:27:00,0.43983467541784194
2019-09-13 06:30:00,0.5340257589706994
2019-09-13 06:33:00,0.44431030744692634
2019-09-13 06:36:00,0.5095064899435329
2019-09-13 06:39:00,0.46882323317282726
2019-09-13 06:42:00,0.446618845773628
2019-09-13 06:45:00,0.4472006826945858
2019-09-13 06:48:00,0.48155544052997357
2019-09-13 06:51:00,0.4748039166049125
2019-09-13 06:54:00,0.4574374450484129
2019-09-13 06:57:00,0.3734447655543818
2019-09-13 07:00:00,0.42284040404450707
2019-09-13 07:03:00,0.4473908115707559
2019-09-13 07:06:00,0.44890711041603026
2019-09-13 07:09:00,0.40984539859869074
2019-09-13 07:12:00,0.4286200933026407
2019-09-13 07:15:00,0.42345737146575857
2019-09-13 07:18:00,0.43229853635108384
2019-09-13 07:21:00,0.44805922428719214
2019-09-13 07:24:00,0.4199568654211703
2019-09-13 07:27:00,0.4671037445503998
2019-09-13 07:30:00,0.39554059070758285
2019-09-13 07:33:00,0.5001114800553523
2019-09-13 07:36:00,0.4270904401556095
2019-09-13 07:39:00,0.46790813579588075
2019-09-13 07:42:00,0.4339961425557135
2019-09-13 07:45:00,0.4541353414447258
2019-09-13 07:48:00,0.44476335419426505
2019-09-13 07:51:00,0.5749227600012432
2019-09-13 07:54:00,0.546807975540446
2019-09-13 07:57:00,0.5087698405307606
2019-09-13 08:00:00,0.4413974595819923
2019-09-13 08:03:00,0.5026759171735193
2019-09-13 08:06:00,0.46485207838139786
2019-09-13 08:09:00,0.4155793711124147
2019-09-13 08:12:00,0.5378179316679166
2019-09-13 08:15:00,0.4290608840286154
2019-09-13 08:18:00,0.475134637460485
2019-09-13 08:21:00,0.5217851213852782
2019-09-13 08:24:00,0.37880872087418993
2019-09-13 08:27:00,0.4712952677960516
2019-09-13 08:30:00,0.31089607897911264
2019-09-13 08:33:00,0.32931568870031924
2019-09-13 08:36:00,0.3159902540502344
2019-09-13 08:39:00,0.3670831926675646
2019-09-13 08:42:00,0.25810481732543167
2019-09-13 08:45:00,0.2603466959998286
2019-09-13 08:48:00,0.25850581979511844
2019-09-13 08:51:00,0.2530434771561545
2019-09-13 08:54:00,0.2660584417697578
2019-09-13 08:57:00,0.1880044535744787
2019-09-13 09:00:00,0.12827237665493385
2019-09-13 09:03:00,0.2624072020074095
2019-09-13 09:06:00,0.11738286064957038
2019-09-13 09:09:00,0.059598969076432695
2019-09-13 09:12:00,0.1294527636379712
2019-09-13 09:15:00,0.1408394925024936
2019-09-13 09:18:00,0.17256107989351221
2019-09-13 09:21:00,0.18025893062895193
2019-09-13 09:24:00,0.06850298575886882
2019-09-13 09:27:00,0.05598449803068206
2019-09-13 09:30:00,0.07048938582443043
2019-09-13 09:33:00,0.07783303329887303
2019-09-13 09:36:00,0.10197832899530113
2019-09-13 09:39:00,0.22136510146418686
2019-09-13 09:42:00,0.08395409709959267
2019-09-13 09:45:00,0.06660781724610843
2019-09-13 09:48:00,0.082680872280946
2019-09-13 09:51:00,0.06086160461836698
2019-09-13 09:54:00,0.09348311411918075
2019-09-13 09:57:00,0.045502013346208514
2019-09-13 10:00:00,-0.015035386204317547
2019-09-13 10:03:00,-0.01076930026795253
2019-09-13 10:06:00,-0.11578292599244833
2019-09-13 10:09:00,-0.012471324602529421
2019-09-13 10:12:00,-0.03876237808935912
2019-09-13 10:15:00,-0.028774180232403523
2019-09-13 10:18:00,-0.12918091112749153
2019-09-13 10:21:00,-0.13876252569383496
2019-09-13 10:24:00,-0.055165990446255364
2019-09-13 10:27:00,-0.014227752750286982
2019-09-13 10:30:00,-0.20200554305790774
2019-09-13 10:33:00,-0.2044615200983344
2019-09-13 10:36:00,-0.10848162310253429
2019-09-13 10:39:00,-0.1821600402669219
2019-09-13 10:42:00,-0.135386712006607
2019-09-13 10:45:00,-0.17567263507339703
2019-09-13 10:48:00,-0.1707127572674949
2019-09-13 10:51:00,-0.26565948461143307
2019-09-13 10:54:00,-0.14465138130987043
2019-09-13 10:57:00,-0.10248178084640358
2019-09-13 11:00:00,-0.18318811227771903
2019-09-13 11:03:00,-0.3300540392129392
2019-09-13 11:06:00,-0.25953970412751914
2019-09-13 11:09:00,-0.2547652614168783
2019-09-13 11:12:00,-0.33554506546818175
2019-09-13 11:15:00,-0.3748383856822102
2019-09-13 11:18:00,-0.22721249728630255
2019-09-13 11:21:00,-0.23485920411224015
2019-09-13 11:24:00,-0.26974444078916804
2019-09-13 11:27:00,-0.1935473154792362
2019-09-13 11:30:00,-0.20566994775606418
2019-09-13 11:33:00,-0.20400569625309117
2019-09-13 11:36:00,-0.2320777818945885
2019-09-13 11:39:00,-0.22313146330861855
2019-09-13 11:42:00,-0.31666241760501634
2019-09-13 11:45:00,-0.29158050304675953
2019-09-13 11:48:00,-0.31111669219302485
2019-09-13 11:51:00,-0.2941700572563377
2019-09-13 11:54:00,-0.18491677453891953
2019-09-13 11:57:00,-0.17184630557034097
2019-09-13 12:00:00,-0.264464249972832
2019-09-13 12:03:00,-0.2553563474418752
2019-09-13 12:06:00,-0.2493255268089456
2019-09-13 12:09:00,-0.30480341924146614
2019-09-13 12:12:00,-0.27953744475547637
2019-09-13 12:15:00,-0.265365561879662
2019-09-13 12:18:00,-0.2280868436892547
2019-09-13 12:21:00,-0.35780172353753414
2019-09-13 12:24:00,-0.214156271146976
2019-09-13 12:27:00,-0.3301703399594089
2019-09-13 12:30:00,-0.30217377587632654
2019-09-13 12:33:00,-0.34107730045155904
2019-09-13 12:36:00,-0.29491591863904887
2019-09-13 12:39:00,-0.2758413621747309
2019-09-13 12:42:00,-0.09622853779904972
2019-09-13 12:45:00,-0.2813350202187621
2019-09-13 12:48:00,-0.17540030200063939
2019-09-13 12:51:00,-0.24618999564415844
2019-09-13 12:54:00,-0.4200983150155366
2019-09-13 12:57:00,-0.19088923563509752
2019-09-13 13:00:00,-0.38933350965959335
2019-09-13 13:03:00,-0.3760435538550837
2019-09-13 13:06:00,-0.333291534460443
2019-09-13 13:09:00,-0.14467048908591096
2019-09-13 13:12:00,-0.29019182861401305
2019-09-13 13:15:00,-0.30105807075284474
2019-09-13 13:18:00,-0.33781971887947293
2019-09-13 13:21:00,-0.1660982426756732
2019-09-13 13:24:00,-0.1712802924385528
2019-09-13 13:27:00,-0.2898952569497055
2019-09-13 13:30:00,-0.3039593685993509
2019-09-13 13:33:00,-0.31899010489826196
2019-09-13 13:36:00,-0.3378009145816918
2019-09-13 13:39:00,-0.38093713659520745
2019-09-13 13:42:00,-0.20383464711778743
2019-09-13 13:45:00,-0.262935512027866
2019-09-13 13:48:00,-0.4748405730998684
2019-09-13 13:51:00,-0.4293213266656153
2019-09-13 13:54:00,-0.3657813366578466
2019-09-13 13:57:00,-0.42515834363678096
2019-09-13 14:00:00,-0.2492236905038112
2019-09-13 14:03:00,-0.3009792174049153
2019-09-13 14:06:00,-0.40078561029230286
2019-09-13 14:09:00,-0.4019563694061503
2019-09-13 14:12:00,-0.44978367854122325
2019-09-13 14:15:00,-0.4060303664594471
2019-09-13 14:18:00,-0.28608510563191203
2019-09-13 14:21:00,-0.42616432373432644
2019-09-13 14:24:00,-0.5187282379642966
2019-09-13 14:27:00,-0.5106355955211939
2019-09-13 14:30:00,-0.43967321565423845
2019-09-13 14:33:00,-0.5238281523971864
2019-09-13 14:36:00,-0.4806834275565848
2019-09-13 14:39:00,-0.4507253593874907
2019-09-13 14:42:00,-0.38998752774813283
2019-09-13 14:45:00,-0.5262782539004434
2019-09-13 14:48:00,-0.47251612185226577
2019-09-13 14:51:00,-0.3399035256725256
2019-09-13 14:54:00,-0.44138585078741244
2019-09-13 14:57:00,-0.355866834832284
2019-09-13 15:00:00,-0.5373734427451495
2019-09-13 15:03:00,-0.4469063868269245
2019-09-13 15:06:00,-0.39050717803672796
2019-09-13 15:09:00,-0.492990167731989
2019-09-13 15:12:00,-0.600033722269643
2019-09-13 15:15:00,-0.562153907411755
2019-09-13 15:18:00,-0.48004945525400444
2019-09-13 15:21:00,-0.4175231531035024
2019-09-13 15:24:00,-0.620740911282951
2019-09-13 15:27:00,-0.5515317027141577
2019-09-13 15:30:00,-0.5588690326036954
2019-09-13 15:33:00,-0.42288383941166785
2019-09-13 15:36:00,-0.4279410470184075
2019-09-13 15:39:00,-0.5445886595057345
2019-09-13 15:42:00,-0.5169321971436034
2019-09-13 15:45:00,-0.5654060354265198
2019-09-13 15:48:00,-0.487755032141024
2019-09-13 15:51:00,-0.578225603655028
2019-09-13 15:54:00,-0.547855778706321
2019-09-13 15:57:00,-0.5671254389946512
2019-09-13 16:00:00,-0.5305615557346073
2019-09-13 16:03:00,-0.5313446215864133
2019-09-13 16:06:00,-0.5400096025420567
2019-09-13 16:09:00,-0.5906223995955315
2019-09-13 16:12:00,-0.5897941447300354
2019-09-13 16:15:00,-0.504914377901855
2019-09-13 16:18:00,-0.644855879623492
2019-09-13 16:21:00,-0.5768394807415689
2019-09-13 16:24:00,-0.4286483832115664
2019-09-13 16:27:00,-0.598536478682945
2019-09-13 16:30:00,-0.5273271768529639
2019-09-13 16:33:00,-0.4293920563686129
2019-09-13 16:36:00,-0.5387757193057041
2019-09-13 16:39:00,-0.48982881417623503
2019-09-13 16:42:00,-0.49625195213803863
2019-09-13 16:45:00,-0.3668415205823976
2019-09-13 16:48:00,-0.4961234196125588
2019-09-13 16:51:00,-0.5452810811623294
2019-09-13 16:54:00,-0.5478555761442863
2019-09-13 16:57:00,-0.42244760459300323
2019-09-13 17:00:00,-0.5429403939736517
2019-09-13 17:03:00,-0.4205159419326492
2019-09-13 17:06:00,-0.47896001152679446
2019-09-13 17:09:00,-0.44300740723309673
2019-09-13 17:12:00,-0.457139275752354
2019-09-13 17:15:00,-0.635046031064121
2019-09-13 17:18:00,-0.5413809079010434
2019-09-13 17:21:00,-0.43822921364073864
2019-09-13 17:24:00,-0.39228572782701576
2019-09-13 17:27:00,-0.499710821849078
2019-09-13 17:30:00,-0.48672098678162
2019-09-13 17:33:00,-0.45087872753754255
2019-09-13 17:36:00,-0.45527535495301663
2019-09-13 17:39:00,-0.42244478303592814
2019-09-13 17:42:00,-0.5390371084371282
2019-09-13 17:45:00,-0.4524758988702615
2019-09-13 17:48:00,-0.31248144943839407
2019-09-13 17:51:00,-0.4496752921841676
2019-09-13 17:54:00,-0.35318227445952743
2019-09-13 17:57:00,-0.3956071773079657
2019-09-13 18:00:00,-0.49808868181474963
2019-09-13 18:03:00,-0.4330924038742978
2019-09-13 18:06:00,-0.35341483664080897
2019-09-13 18:09:00,-0.44281883684550394
2019-09-13 18:12:00,-0.34040988714622245
2019-09-13 18:15:00,-0.305762499703917
2019-09-13 18:18:00,-0.31724999421783195
2019-09-13 18:21:00,-0.34048673559397
2019-09-13 18:24:00,-0.21358098107890555
2019-09-13 18:27:00,-0.21893886399413987
2019-09-13 18:30:00,-0.11121426240231358
2019-09-13 18:33:00,-0.2981712930407525
2019-09-13 18:36:00,-0.1213227792495104
2019-09-13 18:39:00,-0.20028669092414475
2019-09-13 18:42:00,-0.23941926400232205
2019-09-13 18:45:00,-0.09050625524997713
2019-09-13 18:48:00,-0.1062269864679024
2019-09-13 18:51:00,-0.17901949605538903
2019-09-13 18:54:00,
2019-09-13 18:57:00,
2019-09-13 19:00:00,
2019-09-13 19:03:00,-0.1145061401632006
2019-09-13 19:06:00,-0.1724836933408369
2019-09-13 19:09:00,-0.10086056325388881
2019-09-13 19:12:00,-0.0965547312547983
2019-09-13 19:15:00,-0.027040322866753286
2019-09-13 19:18:00,-0.10537020990324208
2019-09-13 19:21:00,0.022202970979378733
2019-09-13 19:24:00,0.012154635103286182
2019-09-13 19:27:00,-0.03848677546295676
2019-09-13 19:30:00,-0.047871105769502265
2019-09-13 19:33:00,0.017696511533699777
2019-09-13 19:36:00,-0.06627603662678894
2019-09-13 19:39:00,0.10840872463512596
2019-09-13 19:42:00,-0.005811096560364604
2019-09-13 19:45:00,-0.02702704712476134
2019-09-13 19:48:00,-0.04521424731973411
2019-09-13 19:51:00,0.07130484521508151
2019-09-13 19:54:00,0.0037464846551529263
2019-09-13 19:57:00,0.01131766180554905
2019-09-13 20:00:00,0.05677412192915199
2019-09-13 20:03:00,0.10327040962943101
2019-09-13 20:06:00,0.09552737795831945
2019-09-13 20:09:00,0.09449548278627162
2019-09-13 20:12:00,0.13808461031999286
2019-09-13 20:15:00,0.0770854974869053
2019-09-13 20:18:00,0.10987875623953869
2019-09-13 20:21:00,0.09607741020931826
2019-09-13 20:24:00,0.019610344797968082
2019-09-13 20:27:00,0.13723044830294384
2019-09-13 20:30:00,0.052685968024661634
2019-09-13 20:33:00,0.13201419871222697
2019-09-13 20:36:00,0.1326160698727108
2019-09-13 20:39:00,0.1838643546815888
2019-09-13 20:42:00,0.10992577237897194
2019-09-13 20:45:00,0.0872526038768342
2019-09-13 20:48:00,0.0940063608447872
2019-09-13 20:51:00,0.12246881658370512
2019-09-13 20:54:00,0.04382083729456099
2019-09-13 20:57:00,0.0350010524167601
2019-09-13 21:00:00,0.005520095892165955
2019-09-13 21:03:00,0.05727915320062493
2019-09-13 21:06:00,0.025153581413178472
2019-09-13 21:09:00,0.058891148216446254
2019-09-13 21:12:00,0.08302907727227193
2019-09-13 21:15:00,0.0633017382572234
2019-09-13 21:18:00,0.11015302377711578
2019-09-13 21:21:00,0.14566494156127874
2019-09-13 21:24:00,0.24172283010045703
2019-09-13 21:27:00,0.004503564251137959
2019-09-13 21:30:00,0.007835191243771078
2019-09-13 21:33:00,0.03880206747953707
2019-09-13 21:36:00,0.07183649131411585
2019-09-13 21:39:00,0.07446867240150823
2019-09-13 21:42:00,0.09641499352107985
2019-09-13 21:45:00,0.09460015470926919
2019-09-13 21:48:00,0.15008304508216952
2019-09-13 21:51:00,0.12822910510487873
2019-09-13 21:54:00,0.09146445271056791
2019-09-13 21:57:00,0.21819622467489808
2019-09-13 22:00:00,0.12107573733175059
2019-09-13 22:03:00,0.13452326758289246
2019-09-13 22:06:00,0.08978046297750097
2019-09-13 22:09:00,0.18465307312669665
2019-09-13 22:12:00,0.10683651029012253
2019-09-13 22:15:00,0.2046713778192384
2019-09-13 22:18:00,0.1314009536353069
2019-09-13 22:21:00,0.23003298738143485
2019-09-13 22:24:00,0.15924269164264615
2019-09-13 22:27:00,0.1064411045197744
2019-09-13 22:30:00,0.2167016170046736
2019-09-13 22:33:00,0.1623059667816733
2019-09-13 22:36:00,0.10316172821939062
2019-09-13 22:39:00,0.11605285559835465
2019-09-13 22:42:00,0.2226812001046028
2019-09-13 22:45:00,0.13171872794868023
2019-09-13 22:48:00,0.12868271797862008
2019-09-13 22:51:00,0.20925707089458
2019-09-13 22:54:00,0.12421923183103445
2019-09-13 22:57:00,0.15739545401277155
2019-09-13 23:00:00,0.11185269158301026
2019-09-13 23:03:00,0.01990201528781199
2019-09-13 23:06:00,0.040244921425539815
2019-09-13 23:09:00,0.10993062457004044
2019-09-13 23:12:00,0.12484659561664557
2019-09-13 23:15:00,0.03476168175978955
2019-09-13 23:18:00,0.06040454195897382
2019-09-13 23:21:00,0.0998927942950445
2019-09-13 23:24:00,0.2430998124054895
2019-09-13 23:27:00,0.1059142368197854
2019-09-13 23:30:00,0.26902123793701094
2019-09-13 23:33:00,0.17537267264521006
2019-09-13 23:36:00,0.1505634074549107
2019-09-13 23:39:00,0.22910196222341028
2019-09-13 23:42:00,0.1755149315393396
2019-09-13 23:45:00,0.21299014240270253
2019-09-13 23:48:00,0.17233969562704488
2019-09-13 23:51:00,0.08476018968258359
2019-09-13 23:54:00,-0.02412651265041177
2019-09-13 23:57:00,0.09540602588856473
2019-09-14 00:00:00,0.0850031982663495
2019-09-14 00:03:00,0.007949032894202901
2019-09-14 00:06:00,0.02791185158838516
2019-09-14 00:09:00,0.10324924768008259
2019-09-14 00:12:00,0.03332999190837427
2019-09-14 00:15:00,0.14849173792214287
2019-09-14 00:18:00,0.20732798415644993
2019-09-14 00:21:00,0.23301534303573135
2019-09-14 00:24:00,0.18071436486258108
2019-09-14 00:27:00,0.18790585890889133
2019-09-14 00:30:00,0.04027528694564353
2019-09-14 00:33:00,0.09408663582684085
2019-09-14 00:36:00,0.18173269959521576
2019-09-14 00:39:00,0.06925934572245751
2019-09-14 00:42:00,0.14961739181899247
2019-09-14 00:45:00,0.05465033561279142
2019-09-14 00:48:00,0.037427140064835385
2019-09-14 00:51:00,0.1483136359239552
2019-09-14 00:54:00,0.06688734419623188
2019-09-14 00:57:00,0.08693407881293069
2019-09-14 01:00:00,0.1719063343812195
2019-09-14 01:03:00,0.1358449003956821
2019-09-14 01:06:00,0.12371941190940561
2019-09-14 01:09:00,0.16033128437186406
2019-09-14 01:12:00,0.17518908154062274
2019-09-14 01:15:00,0.25883209316799594
2019-09-14 01:18:00,0.16204841458875308
2019-09-14 01:21:00,0.23006676087914002
2019-09-14 01:24:00,0.15544402130160506
2019-09-14 01:27:00,0.14678499807973822
2019-09-14 01:30:00,0.25259855136886245
2019-09-14 01:33:00,0.1898206213710978
2019-09-14 01:36:00,0.21750150747482166
2019-09-14 01:39:00,0.17917110860690855
2019-09-14 01:42:00,0.11901935100752326
2019-09-14 01:45:00,0.001656574441938119
2019-09-14 01:48:00,0.025322214429820633
2019-09-14 01:51:00,0.07766559072962309
2019-09-14 01:54:00,0.03659330424568452
2019-09-14 01:57:00,0.03922120340342872
2019-09-14 02:00:00,0.11535671768154998
2019-09-14 02:03:00,0.17565062394976394
2019-09-14 02:06:00,0.18292106015701393
2019-09-14 02:09:00,0.05595417632957833
2019-09-14 02:12:00,0.059924411853103265
2019-09-14 02:15:00,0.2283063634388327
2019-09-14 02:18:00,0.07673326684960102
2019-09-14 02:21:00,0.11106698518062785
2019-09-14 02:24:00,0.13767145578907503
2019-09-14 02:27:00,0.10448370259155126
2019-09-14 02:30:00,0.1313273375587869
2019-09-14 02:33:00,0.19865346413797624
2019-09-14 02:36:00,0.39059476424046125
2019-09-14 02:39:00,0.5360246307233751
2019-09-14 02:42:00,0.5469318288912746
2019-09-14 02:45:00,0.38290233040919475
2019-09-14 02:48:00,0.19816445466477717
2019-09-14 02:51:00,0.2872721756818919
2019-09-14 02:54:00,0.20213612640895917
2019-09-14 02:57:00,0.2103207948528052
2019-09-14 03:00:00,0.19225905521972209
2019-09-14 03:03:00,0.2432724051810169
2019-09-14 03:06:00,0.22292749820542213
2019-09-14 03:09:00,0.2950115471781487
2019-09-14 03:12:00,0.21744698167520937
2019-09-14 03:15:00,0.3333794796893699
2019-09-14 03:18:00,0.13668478813946194
2019-09-14 03:21:00,0.13171916912136794
2019-09-14 03:24:00,0.1807534659992598
2019-09-14 03:27:00,0.15889840441917613
2019-09-14 03:30:00,0.12446278688071288
2019-09-14 03:33:00,0.2632473269939055
2019-09-14 03:36:00,0.3976933215535041
2019-09-14 03:39:00,0.25879867825875635
2019-09-14 03:42:00,0.19777935281877035
2019-09-14 03:45:00,0.3245316925402335
2019-09-14 03:48:00,0.2152705683424756
2019-09-14 03:51:00,0.2556762408307236
2019-09-14 03:54:00,0.2697086761386345
2019-09-14 03:57:00,0.2767122324059983
2019-09-14 04:00:00,0.30992331393122186
2019-09-14 04:03:00,0.34956440489099805
2019-09-14 04:06:00,0.5564796400028627
2019-09-14 04:09:00,0.6539519882194327
2019-09-14 04:12:00,0.48810563541587726
2019-09-14 04:15:00,0.3092220928744496
2019-09-14 04:18:00,0.29270329446160304
2019-09-14 04:21:00,0.4153658599030905
2019-09-14 04:24:00,0.29618052700453745
2019-09-14 04:27:00,0.27103940220439426
2019-09-14 04:30:00,0.320488424955613
2019-09-14 04:33:00,0.5344422838281275
2019-09-14 04:36:00,0.392977422322474
2019-09-14 04:39:00,0.28275774342949944
2019-09-14 04:42:00,0.3116425717566358
2019-09-14 04:45:00,0.19850307001905776
2019-09-14 04:48:00,0.17040057183623958
2019-09-14 04:51:00,0.36044318924922436
2019-09-14 04:54:00,0.2407047472999011
2019-09-14 04:57:00,0.29223046793589447
2019-09-14 05:00:00,0.20591625300681926
2019-09-14 05:03:00,0.2813749220629802
2019-09-14 05:06:00,0.3462016333086808
2019-09-14 05:09:00,0.2643573382378577
2019-09-14 05:12:00,0.28528942078384034
2019-09-14 05:15:00,0.3327313275500501
2019-09-14 05:18:00,0.6874194237037727
2019-09-14 05:21:00,0.41507019862649486
2019-09-14 05:24:00,0.21050193901419334
2019-09-14 05:27:00,0.2396856314010165
2019-09-14 05:30:00,0.19345438696171868
2019-09-14 05:33:00,0.205767842893124
2019-09-14 05:36:00,0.21163504855439896
2019-09-14 05:39:00,0.1995103870194157
2019-09-14 05:42:00,0.16787645245415206
2019-09-14 05:45:00,0.31322669644600865
2019-09-14 05:48:00,0.3121485013191432
2019-09-14 05:51:00,0.28827325730105713
2019-09-14 05:54:00,0.30256889632994444
2019-09-14 05:57:00,0.2876466344309847
2019-09-14 06:00:00,0.3322697839393527
2019-09-14 06:03:00,0.18355394641520206
2019-09-14 06:06:00,0.36792392162135457
2019-09-14 06:09:00,0.2689912794834868
2019-09-14 06:12:00,0.3143990796494336
2019-09-14 06:15:00,0.287468680216989
2019-09-14 06:18:00,0.3618854384936867
2019-09-14 06:21:00,0.37318589027535154
2019-09-14 06:24:00,0.3300172551701053
2019-09-14 06:27:00,0.36214659515889025
2019-09-14 06:30:00,0.2814973748194234
2019-09-14 06:33:00,0.31284805517321956
2019-09-14 06:36:00,0.2620895598128641
2019-09-14 06:39:00,0.37589928887200585
2019-09-14 06:42:00,0.3570618880092411
2019-09-14 06:45:00,0.2844463830415407
2019-09-14 06:48:00,0.284083423088191
2019-09-14 06:51:00,0.37550498559642165
2019-09-14 06:54:00,0.29612239466018764
2019-09-14 06:57:00,0.3198932417892024
2019-09-14 07:00:00,0.3254844150201279
2019-09-14 07:03:00,0.3231587285795854
2019-09-14 07:06:00,0.2984111683372248
2019-09-14 07:09:00,0.33308472513192555
2019-09-14 07:12:00,0.37644823868367894
2019-09-14 07:15:00,0.3155615064293329
2019-09-14 07:18:00,0.3803208819522865
2019-09-14 07:21:00,0.26466652820346326
2019-09-14 07:24:00,0.2547804627872665
2019-09-14 07:27:00,0.31648740212204984
2019-09-14 07:30:00,0.3080940901019176
2019-09-14 07:33:00,0.2656289939216663
2019-09-14 07:36:00,0.3132470289760363
2019-09-14 07:39:00,0.29097854354751007
2019-09-14 07:42:00,0.2721845590398857
2019-09-14 07:45:00,0.31620652999822596
2019-09-14 07:48:00,0.2914931567591452
2019-09-14 07:51:00,0.3247397221128381
2019-09-14 07:54:00,0.249418419876406
2019-09-14 07:57:00,0.2643560862716754
2019-09-14 08:00:00,0.21479741019413723
2019-09-14 08:03:00,0.15351527049062952
2019-09-14 08:06:00,0.16005303887880018
2019-09-14 08:09:00,0.15099598992139818
2019-09-14 08:12:00,0.16091866801468768
2019-09-14 08:15:00,0.12345656903124791
2019-09-14 08:18:00,0.15268410671558286
2019-09-14 08:21:00,0.13457074869853614
2019-09-14 08:24:00,0.14167752954102752
2019-09-14 08:27:00,0.0860389406236095
2019-09-14 08:30:00,0.1162445349377208
2019-09-14 08:33:00,-0.0018131476525695689
2019-09-14 08:36:00,-0.007926683049618077
2019-09-14 08:39:00,-0.05995447889665684
2019-09-14 08:42:00,-0.08459646442724988
2019-09-14 08:45:00,-0.12663012534233076
2019-09-14 08:48:00,-0.24989911604677673
2019-09-14 08:51:00,-0.17852785670061166
2019-09-14 08:54:00,-0.176215710675649
2019-09-14 08:57:00,-0.13827276464371607
2019-09-14 09:00:00,-0.21091625459814622
2019-09-14 09:03:00,-0.16181530873211614
2019-09-14 09:06:00,-0.20016398760168386
2019-09-14 09:09:00,-0.2747415929117665
2019-09-14 09:12:00,-0.19012036715054137
2019-09-14 09:15:00,-0.1480707462309283
2019-09-14 09:18:00,-0.06652601094981492
2019-09-14 09:21:00,-0.20785617955363023
2019-09-14 09:24:00,-0.20568678070083024
2019-09-14 09:27:00,-0.18487136717573094
2019-09-14 09:30:00,-0.17494116616512656
2019-09-14 09:33:00,-0.20040528161632665
2019-09-14 09:36:00,-0.2079654853290549
2019-09-14 09:39:00,-0.20245009251090096
2019-09-14 09:42:00,-0.20099628593521857
2019-09-14 09:45:00,-0.17263216624598954
2019-09-14 09:48:00,-0.1717280917143853
2019-09-14 09:51:00,-0.19209180770286594
2019-09-14 09:54:00,-0.20096280726801297
2019-09-14 09:57:00,-0.28516088079277324
2019-09-14 10:00:00,-0.21295540871363983
2019-09-14 10:03:00,-0.26294094925327727
2019-09-14 10:06:00,-0.20907625468498736
2019-09-14 10:09:00,-0.18350553976688389
2019-09-14 10:12:00,-0.22612555802902534
2019-09-14 10:15:00,-0.2182226780749943
2019-09-14 10:18:00,-0.13584807856113912
2019-09-14 10:21:00,-0.28873132308910954
2019-09-14 10:24:00,-0.36853334862530573
2019-09-14 10:27:00,-0.2748146657491475
2019-09-14 10:30:00,-0.3607346695316096
2019-09-14 10:33:00,-0.38147207523059024
2019-09-14 10:36:00,-0.20269816502997173
2019-09-14 10:39:00,-0.33791866432210327
2019-09-14 10:42:00,-0.33837579887239144
2019-09-14 10:45:00,-0.370671910316446
2019-09-14 10:48:00,-0.2906988406663231
2019-09-14 10:51:00,-0.27951762548656234
2019-09-14 10:54:00,-0.22163711539764108
2019-09-14 10:57:00,-0.22983520986076655
2019-09-14 11:00:00,-0.3568508847205294
2019-09-14 11:03:00,-0.3702347596543518
2019-09-14 11:06:00,-0.3312533439072354
2019-09-14 11:09:00,-0.30968918543550217
2019-09-14 11:12:00,-0.2513725040029726
2019-09-14 11:15:00,-0.24996133350049377
2019-09-14 11:18:00,-0.26128364436038964
2019-09-14 11:21:00,-0.35617163058498136
2019-09-14 11:24:00,-0.3736031264021449
2019-09-14 11:27:00,-0.28612584061005464
2019-09-14 11:30:00,-0.28169439103288596
2019-09-14 11:33:00,-0.3862466730273013
2019-09-14 11:36:00,-0.48425557798748287
2019-09-14 11:39:00,-0.42322775438458393
2019-09-14 11:42:00,-0.4979727232983464
2019-09-14 11:45:00,-0.4332074390408138
2019-09-14 11:48:00,-0.335966702035023
2019-09-14 11:51:00,-0.3646984586706026
2019-09-14 11:54:00,-0.2912473079212532
2019-09-14 11:57:00,-0.2560086660878369
2019-09-14 12:00:00,-0.26698917541102674
2019-09-14 12:03:00,-0.29355094511998914
2019-09-14 12:06:00,-0.2915193791118895
2019-09-14 12:09:00,-0.42946287669178673
2019-09-14 12:12:00,-0.36375027495910217
2019-09-14 12:15:00,-0.45571102088820226
2019-09-14 12:18:00,-0.4840090333827334
2019-09-14 12:21:00,-0.4687606182051809
2019-09-14 12:24:00,-0.3574801583071121
2019-09-14 12:27:00,-0.5394350336032971
2019-09-14 12:30:00,-0.46265003672635885
2019-09-14 12:33:00,-0.5618051837693656
2019-09-14 12:36:00,-0.4932590312758407
2019-09-14 12:39:00,-0.3987168401959593
2019-09-14 12:42:00,-0.47099851224948
2019-09-14 12:45:00,-0.4477620716549495
2019-09-14 12:48:00,-0.3876207161550269
2019-09-14 12:51:00,-0.3637387649357038
2019-09-14 12:54:00,-0.3479626228342454
2019-09-14 12:57:00,-0.2440198533093394
2019-09-14 13:00:00,-0.38743161443500185
2019-09-14 13:03:00,-0.45039760505079585
2019-09-14 13:06:00,-0.45613458290023345
2019-09-14 13:09:00,-0.4306962338307585
2019-09-14 13:12:00,-0.36732257613397223
2019-09-14 13:15:00,-0.35996429770301575
2019-09-14 13:18:00,-0.392954417587589
2019-09-14 13:21:00,-0.3781535847259647
2019-09-14 13:24:00,-0.3240662961823091
2019-09-14 13:27:00,-0.42141209848108474
2019-09-14 13:30:00,-0.5032103633835732
2019-09-14 13:33:00,-0.4612026763265362
2019-09-14 13:36:00,-0.553377324935127
2019-09-14 13:39:00,-0.41002181313308483
2019-09-14 13:42:00,-0.4508569450318305
2019-09-14 13:45:00,-0.49035175498954686
2019-09-14 13:48:00,-0.513410355053793
2019-09-14 13:51:00,-0.5101139910296979
2019-09-14 13:54:00,-0.44212237989103187
2019-09-14 13:57:00,-0.45125191433112377
2019-09-14 14:00:00,-0.486499598644059
2019-09-14 14:03:00,-0.41619787414305165
2019-09-14 14:06:00,-0.39242836954269933
2019-09-14 14:09:00,-0.4727417008431871
2019-09-14 14:12:00,-0.4662660926948661
2019-09-14 14:15:00,-0.4809969733727826
2019-09-14 14:18:00,-0.600823265184431
2019-09-14 14:21:00,-0.4928368672631791
2019-09-14 14:24:00,-0.4860172082700842
2019-09-14 14:27:00,-0.5635283860786444
2019-09-14 14:30:00,-0.42128899541268083
2019-09-14 14:33:00,-0.5462893299695111
2019-09-14 14:36:00,-0.5373384697478514
2019-09-14 14:39:00,-0.4858383087456559
2019-09-14 14:42:00,-0.5747812942653923
2019-09-14 14:45:00,-0.5247480730830603
2019-09-14 14:48:00,-0.5536495675696642
2019-09-14 14:51:00,-0.5140469013787197
2019-09-14 14:54:00,-0.4695181242665285
2019-09-14 14:57:00,-0.5044230240220031
2019-09-14 15:00:00,-0.496565610570201
2019-09-14 15:03:00,-0.36132834745728815
2019-09-14 15:06:00,-0.46124529946587245
2019-09-14 15:09:00,-0.38400380499683706
2019-09-14 15:12:00,-0.3667705351988957
2019-09-14 15:15:00,-0.37632992302712864
2019-09-14 15:18:00,-0.33359568648103277
2019-09-14 15:21:00,-0.4650331823502256
2019-09-14 15:24:00,-0.47601921631911637
2019-09-14 15:27:00,-0.43467463375822035
2019-09-14 15:30:00,-0.4492403723057805
2019-09-14 15:33:00,-0.48085312028359795
2019-09-14 15:36:00,-0.39276254016613166
2019-09-14 15:39:00,-0.3907955407669874
2019-09-14 15:42:00,-0.463163597072878
2019-09-14 15:45:00,-0.4509294976189153
2019-09-14 15:48:00,-0.44217452201530705
2019-09-14 15:51:00,-0.419408993203092
2019-09-14 15:54:00,-0.4809165991392774
2019-09-14 15:57:00,-0.38292729266203196
2019-09-14 16:00:00,-0.4412376666836053
2019-09-14 16:03:00,-0.36904753178038163
2019-09-14 16:06:00,-0.40932634909341914
2019-09-14 16:09:00,-0.5762753766526885
2019-09-14 16:12:00,-0.5577672300984773
2019-09-14 16:15:00,-0.5168271987322441
2019-09-14 16:18:00,-0.503210026504064
2019-09-14 16:21:00,-0.5048091123657628
2019-09-14 16:24:00,-0.48135583649104774
2019-09-14 16:27:00,-0.4910440665066744
2019-09-14 16:30:00,-0.5609314326246704
2019-09-14 16:33:00,-0.4609627197926329
2019-09-14 16:36:00,-0.4587664215065388
2019-09-14 16:39:00,-0.4454917388215449
2019-09-14 16:42:00,-0.5307083282067993
2019-09-14 16:45:00,-0.6051638588402852
2019-09-14 16:48:00,-0.5601756107324718
2019-09-14 16:51:00,-0.6176162245240562
2019-09-14 16:54:00,-0.5690174916242086
2019-09-14 16:57:00,-0.5643586853337297
2019-09-14 17:00:00,-0.5236849290054124
2019-09-14 17:03:00,-0.5404697628763415
2019-09-14 17:06:00,-0.5230810590846318
2019-09-14 17:09:00,-0.4866467971074826
2019-09-14 17:12:00,-0.49374671135876724
2019-09-14 17:15:00,-0.4590025559198807
2019-09-14 17:18:00,-0.39595824421212455
2019-09-14 17:21:00,-0.46484617816065565
2019-09-14 17:24:00,-0.40447189864426036
2019-09-14 17:27:00,-0.4093164249350707
2019-09-14 17:30:00,-0.40967253842848095
2019-09-14 17:33:00,-0.4496031526803108
2019-09-14 17:36:00,-0.5183121908216322
2019-09-14 17:39:00,-0.4161041850734364
2019-09-14 17:42:00,-0.3967329102733288
2019-09-14 17:45:00,-0.46982030901295957
2019-09-14 17:48:00,-0.5320560704045079
2019-09-14 17:51:00,-0.4370268413084091
2019-09-14 17:54:00,-0.46275686870819754
2019-09-14 17:57:00,-0.48509689912833664
2019-09-14 18:00:00,-0.5505051612639136
2019-09-14 18:03:00,-0.43682582464441566
2019-09-14 18:06:00,-0.38136991867548886
2019-09-14 18:09:00,-0.4567715793249931
2019-09-14 18:12:00,-0.4672976387802237
2019-09-14 18:15:00,-0.5328877914391228
2019-09-14 18:18:00,-0.4378153953187507
2019-09-14 18:21:00,-0.4762718711030516
2019-09-14 18:24:00,-0.45920957238638493
2019-09-14 18:27:00,-0.39217029492431266
2019-09-14 18:30:00,-0.35932256714062305
2019-09-14 18:33:00,-0.44198994339382125
2019-09-14 18:36:00,-0.38792679303850264
2019-09-14 18:39:00,-0.30318120192208653
2019-09-14 18:42:00,-0.3932856465457917
2019-09-14 18:45:00,-0.3500915589074225
2019-09-14 18:48:00,-0.45006388037546685
2019-09-14 18:51:00,-0.351883237719278
2019-09-14 18:54:00,
2019-09-14 18:57:00,
2019-09-14 19:00:00,
2019-09-14 19:03:00,-0.44010728300958135
2019-09-14 19:06:00,-0.5020291876761576
2019-09-14 19:09:00,-0.4509097158655777
2019-09-14 19:12:00,-0.37074969213966824
2019-09-14 19:15:00,-0.39735199006486255
2019-09-14 19:18:00,-0.4099122777832349
2019-09-14 19:21:00,-0.30522886233745794
2019-09-14 19:24:00,-0.2877913843003057
2019-09-14 19:27:00,-0.3315943661097549
2019-09-14 19:30:00,-0.37761458195683417
2019-09-14 19:33:00,-0.28620918256268624
2019-09-14 19:36:00,-0.3037223441137371
2019-09-14 19:39:00,-0.34306942967498344
2019-09-14 19:42:00,-0.4205930608705444
2019-09-14 19:45:00,-0.3693791694882975
2019-09-14 19:48:00,-0.34261320055423994
2019-09-14 19:51:00,-0.35209478289976914
2019-09-14 19:54:00,-0.2474781821915144
2019-09-14 19:57:00,-0.3450231613733763
2019-09-14 20:00:00,-0.41531980121260403
2019-09-14 20:03:00,-0.3015381905066761
2019-09-14 20:06:00,-0.31306836487090095
2019-09-14 20:09:00,-0.2341297549793353
2019-09-14 20:12:00,-0.3361024811065363
2019-09-14 20:15:00,-0.2769298953761563
2019-09-14 20:18:00,-0.2678863660216848
2019-09-14 20:21:00,-0.3784991791762877
2019-09-14 20:24:00,-0.40254887936424666
2019-09-14 20:27:00,-0.36034322131007457
2019-09-14 20:30:00,-0.1965682459892264
2019-09-14 20:33:00,-0.2397894757676795
2019-09-14 20:36:00,-0.19161520818062172
2019-09-14 20:39:00,-0.2930552185872557
2019-09-14 20:42:00,-0.1830283194822755
2019-09-14 20:45:00,-0.23693434680365044
2019-09-14 20:48:00,-0.1299875048802619
2019-09-14 20:51:00,-0.12490260800740316
2019-09-14 20:54:00,-0.14515333736295588
2019-09-14 20:57:00,-0.1626409400402622
2019-09-14 21:00:00,-0.21989135790624914
2019-09-14 21:03:00,-0.12844168497031205
2019-09-14 21:06:00,-0.08426199921353827
2019-09-14 21:09:00,-0.18119177418122945
2019-09-14 21:12:00,-0.1681941355627714
2019-09-14 21:15:00,-0.21457226525325268
2019-09-14 21:18:00,-0.23309117516458855
2019-09-14 21:21:00,-0.12381888821840903
2019-09-14 21:24:00,-0.08219435438769551
2019-09-14 21:27:00,-0.17620127728230273
2019-09-14 21:30:00,-0.22601623382706748
2019-09-14 21:33:00,-0.14918784911185412
2019-09-14 21:36:00,-0.08583957114018403
2019-09-14 21:39:00,-0.18243089934156842
2019-09-14 21:42:00,-0.08023900920909455
2019-09-14 21:45:00,-0.14514004247160983
2019-09-14 21:48:00,-0.2084242987392031
2019-09-14 21:51:00,-0.06420635215596349
2019-09-14 21:54:00,-0.08861259681015099
2019-09-14 21:57:00,-0.13261084161399594
2019-09-14 22:00:00,-0.1852258432638223
2019-09-14 22:03:00,-0.2211304109769685
2019-09-14 22:06:00,-0.2545274896928049
2019-09-14 22:09:00,-0.05248007724105719
2019-09-14 22:12:00,-0.1361349559983296
2019-09-14 22:15:00,-0.1221407898130451
2019-09-14 22:18:00,-0.20725713367448861
2019-09-14 22:21:00,-0.13147598040626463
2019-09-14 22:24:00,-0.08422150909126458
2019-09-14 22:27:00,-0.20136203925414975
2019-09-14 22:30:00,-0.15921031319942358
2019-09-14 22:33:00,-0.03640964345743214
2019-09-14 22:36:00,-0.12599321768306027
2019-09-14 22:39:00,-0.08456887137202784
2019-09-14 22:42:00,-0.17776023717834732
2019-09-14 22:45:00,0.03583598267192656
2019-09-14 22:48:00,-0.10110515049666446
2019-09-14 22:51:00,-0.01870213816289379
2019-09-14 22:54:00,0.0013931919813217064
2019-09-14 22:57:00,-0.044985492521675496
2019-09-14 23:00:00,-0.10616715290842649
2019-09-14 23:03:00,-0.009802569659655092
2019-09-14 23:06:00,-0.04191653567289677
2019-09-14 23:09:00,-0.21890621555951384
2019-09-14 23:12:00,-0.009507477451336399
2019-09-14 23:15:00,-0.028330636156056244
2019-09-14 23:18:00,-0.12370393136654911
2019-09-14 23:21:00,-0.03619297765112606
2019-09-14 23:24:00,-0.012950607511186263
2019-09-14 23:27:00,-0.02120453744464612
2019-09-14 23:30:00,-0.05341648704268209
2019-09-14 23:33:00,-0.036324654745669704
2019-09-14 23:36:00,0.08120081079891861
2019-09-14 23:39:00,-0.13527642860390188
2019-09-14 23:42:00,-0.04133122299788283
2019-09-14 23:45:00,-0.005554188991993669
2019-09-14 23:48:00,0.013089193100370267
2019-09-14 23:51:00,-0.04582047719321736
2019-09-14 23:54:00,-0.0004481615642930592
2019-09-14 23:57:00,0.008379483120336317
2019-09-15 00:00:00,-0.03861294544833527
2019-09-15 00:03:00,-0.04957007033954142
2019-09-15 00:06:00,-0.039239722680633804
2019-09-15 00:09:00,-0.008594683132628234
2019-09-15 00:12:00,0.0014952756476986906
2019-09-15 00:15:00,-0.00045267034676044204
2019-09-15 00:18:00,-0.10860369649873292
2019-09-15 00:21:00,-0.08781744189417395
2019-09-15 00:24:00,-0.026782007358349347
2019-09-15 00:27:00,-0.02662418960710511
2019-09-15 00:30:00,-0.03723938623232925
2019-09-15 00:33:00,-0.04887134337599264
2019-09-15 00:36:00,-0.05129781102328934
2019-09-15 00:39:00,0.050450509036011226
2019-09-15 00:42:00,0.0478991876354371
2019-09-15 00:45:00,-0.048245175471492985
2019-09-15 00:48:00,0.07430547537143184
2019-09-15 00:51:00,0.016158108962883944
2019-09-15 00:54:00,-0.03836731764556589
2019-09-15 00:57:00,-0.08986502417025122
2019-09-15 01:00:00,0.07732505035920667
2019-09-15 01:03:00,0.028234370453333213
2019-09-15 01:06:00,0.002339517345603781
2019-09-15 01:09:00,0.09788015519609417
2019-09-15 01:12:00,0.000750008855732176
2019-09-15 01:15:00,-0.008886873930066486
2019-09-15 01:18:00,-0.005591659585377329
2019-09-15 01:21:00,-0.034287545954668985
2019-09-15 01:24:00,0.033836148940054045
2019-09-15 01:27:00,-0.058783306659790924
2019-09-15 01:30:00,-0.01816212706432907
2019-09-15 01:33:00,-0.009591480799656438
2019-09-15 01:36:00,-0.051180182821838116
2019-09-15 01:39:00,-0.07655630826417337
2019-09-15 01:42:00,-0.04741000223566516
2019-09-15 01:45:00,-0.03785669308734896
2019-09-15 01:48:00,-0.027142680245617612
2019-09-15 01:51:00,0.07308019900921181
2019-09-15 01:54:00,-0.08215996341408527
2019-09-15 01:57:00,0.016052698410419453
2019-09-15 02:00:00,-0.036576305847916046
2019-09-15 02:03:00,-0.059044450511805735
2019-09-15 02:06:00,-0.009012499857590228
2019-09-15 02:09:00,0.010086958719057293
2019-09-15 02:12:00,0.02211458532991628
2019-09-15 02:15:00,0.0026947068914182637
2019-09-15 02:18:00,0.04589763668411706
2019-09-15 02:21:00,0.03241202993490333
2019-09-15 02:24:00,0.028330262050985766
2019-09-15 02:27:00,0.013460571820530731
2019-09-15 02:30:00,0.014211077592733545
2019-09-15 02:33:00,0.03435736000642464
2019-09-15 02:36:00,0.07816310320862385
2019-09-15 02:39:00,0.06707955372218066
2019-09-15 02:42:00,0.11007896907625536
2019-09-15 02:45:00,0.049355196115413946
2019-09-15 02:48:00,0.0008102867132038227
2019-09-15 02:51:00,0.16088974729791516
2019-09-15 02:54:00,0.10966732585438876
2019-09-15 02:57:00,0.05803442107730916
2019-09-15 03:00:00,0.025617166867618835
2019-09-15 03:03:00,0.02170425823436517
2019-09-15 03:06:00,0.08615529239222042
2019-09-15 03:09:00,-0.02518952207822167
2019-09-15 03:12:00,0.006837958697872182
2019-09-15 03:15:00,0.0682072826411968
2019-09-15 03:18:00,-0.019779838080239642
2019-09-15 03:21:00,0.009489685415303484
2019-09-15 03:24:00,0.010396103323159878
2019-09-15 03:27:00,-0.10198223116390182
2019-09-15 03:30:00,0.07067374180007846
2019-09-15 03:33:00,0.0740639070928637
2019-09-15 03:36:00,-0.007392437072894609
2019-09-15 03:39:00,-0.024655788007407864
2019-09-15 03:42:00,0.011485585800130593
2019-09-15 03:45:00,0.058545049363999624
2019-09-15 03:48:00,0.03331239166305977
2019-09-15 03:51:00,-0.0847436685042453
2019-09-15 03:54:00,0.0878931437467827
2019-09-15 03:57:00,0.015116837647781267
2019-09-15 04:00:00,0.029963744059614328
2019-09-15 04:03:00,0.10903937606900627
2019-09-15 04:06:00,0.09187661903649769
2019-09-15 04:09:00,0.03564514496389393
2019-09-15 04:12:00,0.09722570046363899
2019-09-15 04:15:00,0.06280078564384439
2019-09-15 04:18:00,0.03600381396898911
2019-09-15 04:21:00,0.1294909091508316
2019-09-15 04:24:00,0.030557557765121146
2019-09-15 04:27:00,-0.0006882754224761811
2019-09-15 04:30:00,0.01538809806993413
2019-09-15 04:33:00,0.03466837828671032
2019-09-15 04:36:00,0.09184585862624317
2019-09-15 04:39:00,0.12422787414328695
2019-09-15 04:42:00,-0.011527449348704977
2019-09-15 04:45:00,0.044838486980950165
2019-09-15 04:48:00,0.05148514071373711
2019-09-15 04:51:00,0.05620720868654416
2019-09-15 04:54:00,0.10954956191892506
2019-09-15 04:57:00,0.17895151904718887
2019-09-15 05:00:00,0.21457100357673653
2019-09-15 05:03:00,0.1991130642025496
2019-09-15 05:06:00,0.06861499995210352
2019-09-15 05:09:00,0.23223671396414147
2019-09-15 05:12:00,0.15527339562493125
2019-09-15 05:15:00,0.19113409853730445
2019-09-15 05:18:00,0.14668267205962593
2019-09-15 05:21:00,0.24948734843684406
2019-09-15 05:24:00,0.277835410846194
2019-09-15 05:27:00,0.26243979826097075
2019-09-15 05:30:00,0.16556290614067848
2019-09-15 05:33:00,0.24655067366956018
2019-09-15 05:36:00,0.14105851502290534
2019-09-15 05:39:00,0.25937925727498623
2019-09-15 05:42:00,0.24116612316100827
2019-09-15 05:45:00,0.1862875631342149
2019-09-15 05:48:00,0.32080947208208954
2019-09-15 05:51:00,0.18228099454057656
2019-09-15 05:54:00,0.28662426610333114
2019-09-15 05:57:00,0.302371574267454
2019-09-15 06:00:00,0.17450624260692393
2019-09-15 06:03:00,0.2210437409734709
2019-09-15 06:06:00,0.26471747943367063
2019-09-15 06:09:00,0.3320538698797577
2019-09-15 06:12:00,0.29274961458281723
2019-09-15 06:15:00,0.33519967838674347
2019-09-15 06:18:00,0.34749502533520626
2019-09-15 06:21:00,0.24626548523190195
2019-09-15 06:24:00,0.24381782574954514
2019-09-15 06:27:00,0.15940688293142102
2019-09-15 06:30:00,0.28695148006846694
2019-09-15 06:33:00,0.22460436068411127
2019-09-15 06:36:00,0.2920058028837502
2019-09-15 06:39:00,0.26757890951193986
2019-09-15 06:42:00,0.27615956846483414
2019-09-15 06:45:00,0.22954060218756922
2019-09-15 06:48:00,0.321160603688611
2019-09-15 06:51:00,0.2745805166484274
2019-09-15 06:54:00,0.33382351883250294
2019-09-15 06:57:00,0.2825097660121969
2019-09-15 07:00:00,0.3537238354458623
2019-09-15 07:03:00,0.29273547095738195
2019-09-15 07:06:00,0.2685961347448824
2019-09-15 07:09:00,0.218475087235106
2019-09-15 07:12:00,0.3734457400987594
2019-09-15 07:15:00,0.22032045628225205
2019-09-15 07:18:00,0.250948080504088
2019-09-15 07:21:00,0.21491092615218577
2019-09-15 07:24:00,0.22164539913040926
2019-09-15 07:27:00,0.43528142124944225
2019-09-15 07:30:00,0.26990893109478975
2019-09-15 07:33:00,0.313972059843195
2019-09-15 07:36:00,0.3535294599015515
2019-09-15 07:39:00,0.3407207658901257
2019-09-15 07:42:00,0.33942077991935093
2019-09-15 07:45:00,0.26189503754301313
2019-09-15 07:48:00,0.2216176384495725
2019-09-15 07:51:00,0.1141348047655697
2019-09-15 07:54:00,0.22086044030152152
2019-09-15 07:57:00,0.010809266099499837
2019-09-15 08:00:00,0.20470719619680722
2019-09-15 08:03:00,0.17773294140715734
2019-09-15 08:06:00,0.16485754603797886
2019-09-15 08:09:00,0.0821757233752578
2019-09-15 08:12:00,0.18928810106035598
2019-09-15 08:15:00,0.20659948952419427
2019-09-15 08:18:00,0.20411446909861297
2019-09-15 08:21:00,0.12167430974091076
2019-09-15 08:24:00,0.15036253739788208
2019-09-15 08:27:00,0.25633680416143534
2019-09-15 08:30:00,0.1400863180408578
2019-09-15 08:33:00,0.10558697152106333
2019-09-15 08:36:00,0.14675258587072904
2019-09-15 08:39:00,0.14007347442822038
2019-09-15 08:42:00,0.21285717805579907
2019-09-15 08:45:00,0.13547194219432868
2019-09-15 08:48:00,0.24651299628499146
2019-09-15 08:51:00,0.04854710653097527
2019-09-15 08:54:00,0.14775508299163675
2019-09-15 08:57:00,0.04109679720158965
2019-09-15 09:00:00,0.13923150793181094
2019-09-15 09:03:00,0.190900358804015
2019-09-15 09:06:00,-0.00016780367712954103
2019-09-15 09:09:00,0.10855244210563342
2019-09-15 09:12:00,0.1771847465381029
2019-09-15 09:15:00,0.05331769245270834
2019-09-15 09:18:00,0.06317212969253205
2019-09-15 09:21:00,0.08530473737960165
2019-09-15 09:24:00,0.05177327244479102
2019-09-15 09:27:00,0.002799232362406201
2019-09-15 09:30:00,-0.0139154802030248
2019-09-15 09:33:00,0.05443738597080028
2019-09-15 09:36:00,-0.004898903657306164
2019-09-15 09:39:00,-0.029020925292797983
2019-09-15 09:42:00,-0.05644753868227781
2019-09-15 09:45:00,-0.059150553277504514
2019-09-15 09:48:00,-0.019267049575830697
2019-09-15 09:51:00,-0.20407940460222562
2019-09-15 09:54:00,-0.16824060472936253
2019-09-15 09:57:00,-0.1351906283127846
2019-09-15 10:00:00,-0.16708714052873574
2019-09-15 10:03:00,-0.2548323465034059
2019-09-15 10:06:00,-0.2725595471157476
2019-09-15 10:09:00,-0.32032420887657054
2019-09-15 10:12:00,-0.28946068760433263
2019-09-15 10:15:00,-0.1595248156010598
2019-09-15 10:18:00,-0.28057607558980635
2019-09-15 10:21:00,-0.08988897545401642
2019-09-15 10:24:00,-0.29006830273925743
2019-09-15 10:27:00,-0.1907597254353277
2019-09-15 10:30:00,-0.379758048565634
2019-09-15 10:33:00,-0.25644825817062156
2019-09-15 10:36:00,-0.1919327508166475
2019-09-15 10:39:00,-0.28928577005842726
2019-09-15 10:42:00,-0.3826941144042735
2019-09-15 10:45:00,-0.36364793958506425
2019-09-15 10:48:00,-0.25490742464609184
2019-09-15 10:51:00,-0.3009159923342395
2019-09-15 10:54:00,-0.3105777715611566
2019-09-15 10:57:00,-0.27915913878422316
2019-09-15 11:00:00,-0.28982677048878713
2019-09-15 11:03:00,-0.3489374535367915
2019-09-15 11:06:00,-0.22666811982298896
2019-09-15 11:09:00,-0.4656441432861129
2019-09-15 11:12:00,-0.3322982112649129
2019-09-15 11:15:00,-0.4942851516159976
2019-09-15 11:18:00,-0.4133690633249216
2019-09-15 11:21:00,-0.43493073643270463
2019-09-15 11:24:00,-0.42514588140716114
2019-09-15 11:27:00,-0.4534089871769993
2019-09-15 11:30:00,-0.4069242858849975
2019-09-15 11:33:00,-0.3877881869590283
2019-09-15 11:36:00,-0.4473114457871361
2019-09-15 11:39:00,-0.5034896010807302
2019-09-15 11:42:00,-0.43178837687673877
2019-09-15 11:45:00,-0.5054993469279907
2019-09-15 11:48:00,-0.43899854204113353
2019-09-15 11:51:00,-0.5588794740581307
2019-09-15 11:54:00,-0.6163324180215568
2019-09-15 11:57:00,-0.5573912140253583
2019-09-15 12:00:00,-0.5425427323180543
2019-09-15 12:03:00,-0.6048188355795787
2019-09-15 12:06:00,-0.4980493066960321
2019-09-15 12:09:00,-0.5763514863060095
2019-09-15 12:12:00,-0.5077973726322966
2019-09-15 12:15:00,-0.5816554974695123
2019-09-15 12:18:00,-0.599379938708978
2019-09-15 12:21:00,-0.4891114357611741
2019-09-15 12:24:00,-0.44063978824686956
2019-09-15 12:27:00,-0.48920912881550294
2019-09-15 12:30:00,-0.44411162284069405
2019-09-15 12:33:00,-0.4921365049316364
2019-09-15 12:36:00,-0.5167984364929907
2019-09-15 12:39:00,-0.5159823223455078
2019-09-15 12:42:00,-0.5315523238593869
2019-09-15 12:45:00,-0.7263680553306813
2019-09-15 12:48:00,-0.47145166505760017
2019-09-15 12:51:00,-0.5683882938415081
2019-09-15 12:54:00,-0.5798830008912432
2019-09-15 12:57:00,-0.5679910857617756
2019-09-15 13:00:00,-0.5007837045288852
2019-09-15 13:03:00,-0.5975810423698817
2019-09-15 13:06:00,-0.589467609919609
2019-09-15 13:09:00,-0.5221122648573555
2019-09-15 13:12:00,-0.6407557050598598
2019-09-15 13:15:00,-0.47336359946996254
2019-09-15 13:18:00,-0.4671082362809784
2019-09-15 13:21:00,-0.5130031922222997
2019-09-15 13:24:00,-0.5620363470940788
2019-09-15 13:27:00,-0.5440226278208229
2019-09-15 13:30:00,-0.5644039905069462
2019-09-15 13:33:00,-0.43517746063793084
2019-09-15 13:36:00,-0.5997420062626588
2019-09-15 13:39:00,-0.5328583387535559
2019-09-15 13:42:00,-0.5595186484907799
2019-09-15 13:45:00,-0.6034388520953939
2019-09-15 13:48:00,-0.5418539596165033
2019-09-15 13:51:00,-0.5688340691195322
2019-09-15 13:54:00,-0.5111924939767505
2019-09-15 13:57:00,-0.5568413533439411
2019-09-15 14:00:00,-0.5628593268423288
2019-09-15 14:03:00,-0.62015764143365
2019-09-15 14:06:00,-0.6549759591426891
2019-09-15 14:09:00,-0.49564114625889033
2019-09-15 14:12:00,-0.5121336282643938
2019-09-15 14:15:00,-0.4809372611268259
2019-09-15 14:18:00,-0.4842411605780512
2019-09-15 14:21:00,-0.5779457876664083
2019-09-15 14:24:00,-0.526851422925688
2019-09-15 14:27:00,-0.5289324729590703
2019-09-15 14:30:00,-0.5929842612000016
2019-09-15 14:33:00,-0.6990526806339403
2019-09-15 14:36:00,-0.5171819740575074
2019-09-15 14:39:00,-0.4864047556387163
2019-09-15 14:42:00,-0.5513098041796525
2019-09-15 14:45:00,-0.5475090005738821
2019-09-15 14:48:00,-0.680910646957102
2019-09-15 14:51:00,-0.6809577709378232
2019-09-15 14:54:00,-0.623399852405953
2019-09-15 14:57:00,-0.5933881172458655
2019-09-15 15:00:00,-0.5683625982061926
2019-09-15 15:03:00,-0.646447625369376
2019-09-15 15:06:00,-0.5509825569890268
2019-09-15 15:09:00,-0.6483878868369288
2019-09-15 15:12:00,-0.5529037129620633
2019-09-15 15:15:00,-0.680025816751197
2019-09-15 15:18:00,-0.6389314733233391
2019-09-15 15:21:00,-0.574233001519076
2019-09-15 15:24:00,-0.5612118871414395
2019-09-15 15:27:00,-0.5438272241698314
2019-09-15 15:30:00,-0.6341337910364473
2019-09-15 15:33:00,-0.5978978994420459
2019-09-15 15:36:00,-0.6380608988379777
2019-09-15 15:39:00,-0.5978581644387191
2019-09-15 15:42:00,-0.5998958754667569
2019-09-15 15:45:00,-0.5349178570222648
2019-09-15 15:48:00,-0.53520423827689
2019-09-15 15:51:00,-0.6037612635394112
2019-09-15 15:54:00,-0.5994392559873063
2019-09-15 15:57:00,-0.5166347529685709
2019-09-15 16:00:00,-0.558248121981137
2019-09-15 16:03:00,-0.587950916342777
2019-09-15 16:06:00,-0.516230511901199
2019-09-15 16:09:00,-0.6294286006667562
2019-09-15 16:12:00,-0.48918356966038345
2019-09-15 16:15:00,-0.6016091312809522
2019-09-15 16:18:00,-0.5656002135481799
2019-09-15 16:21:00,-0.6223310032999052
2019-09-15 16:24:00,-0.4650633568835474
2019-09-15 16:27:00,-0.5834241185468727
2019-09-15 16:30:00,-0.4978607516747502
2019-09-15 16:33:00,-0.49651770321651156
2019-09-15 16:36:00,-0.4269014297571516
2019-09-15 16:39:00,-0.5387454138592034
2019-09-15 16:42:00,-0.5390012809043583
2019-09-15 16:45:00,-0.5130912104324921
2019-09-15 16:48:00,-0.6417903004240202
2019-09-15 16:51:00,-0.5601375359660778
2019-09-15 16:54:00,-0.4994267594584585
2019-09-15 16:57:00,-0.5140916883777322
2019-09-15 17:00:00,-0.5579918885605366
2019-09-15 17:03:00,-0.5689579369001763
2019-09-15 17:06:00,-0.5380934800878094
2019-09-15 17:09:00,-0.5164028395890341
2019-09-15 17:12:00,-0.4663148404703179
2019-09-15 17:15:00,-0.46752106072574406
2019-09-15 17:18:00,-0.5063421449738712
2019-09-15 17:21:00,-0.5030873155270115
2019-09-15 17:24:00,-0.5459664640697497
2019-09-15 17:27:00,-0.41289693348176115
2019-09-15 17:30:00,-0.5044810517736664
2019-09-15 17:33:00,-0.5424116789914137
2019-09-15 17:36:00,-0.4557284836914164
2019-09-15 17:39:00,-0.5340810712898474
2019-09-15 17:42:00,-0.5538611599718593
2019-09-15 17:45:00,-0.46966174198507815
2019-09-15 17:48:00,-0.42216014139620484
2019-09-15 17:51:00,-0.49085710868769183
2019-09-15 17:54:00,-0.4782944703248404
2019-09-15 17:57:00,-0.41639451198938104
2019-09-15 18:00:00,-0.5034359842265985
2019-09-15 18:03:00,-0.4087299846907513
2019-09-15 18:06:00,-0.48222066075800285
2019-09-15 18:09:00,-0.44022995084299055
2019-09-15 18:12:00,-0.43510790744483074
2019-09-15 18:15:00,-0.4464981998258395
2019-09-15 18:18:00,-0.3897551014212013
2019-09-15 18:21:00,-0.3564184624809741
2019-09-15 18:24:00,-0.2600007126501396
2019-09-15 18:27:00,-0.4106262611464331
2019-09-15 18:30:00,-0.3323687816896381
2019-09-15 18:33:00,-0.23694661629747316
2019-09-15 18:36:00,-0.1593016895521373
2019-09-15 18:39:00,-0.23600564099740495
2019-09-15 18:42:00,-0.1278293133195234
2019-09-15 18:45:00,-0.08628837220584273
2019-09-15 18:48:00,-0.12533995629229366
2019-09-15 18:51:00,-0.060801536214057705
2019-09-15 18:54:00,
2019-09-15 18:57:00,
2019-09-15 19:00:00,
2019-09-15 19:03:00,0.009926933211488631
2019-09-15 19:06:00,-0.03981854680006336
2019-09-15 19:09:00,-0.049027297244606416
2019-09-15 19:12:00,-0.05028769531088528
2019-09-15 19:15:00,0.004180471555969234
2019-09-15 19:18:00,0.015012411615373367
2019-09-15 19:21:00,0.0872246189723569
2019-09-15 19:24:00,0.06483159160882224
2019-09-15 19:27:00,0.0559506385293389
2019-09-15 19:30:00,0.015397141134769754
2019-09-15 19:33:00,0.08453640509969773
2019-09-15 19:36:00,0.0875313017684789
2019-09-15 19:39:00,0.04652323193926122
2019-09-15 19:42:00,0.012311042071701195
2019-09-15 19:45:00,0.004990960147665646
2019-09-15 19:48:00,0.0344399869109111
2019-09-15 19:51:00,-0.0008656107330011764
2019-09-15 19:54:00,0.07125846350055554
2019-09-15 19:57:00,0.05922092222147057
2019-09-15 20:00:00,0.014003034279653548
2019-09-15 20:03:00,0.11471470271180806
2019-09-15 20:06:00,-0.0026606517465666
2019-09-15 20:09:00,0.027020484937452238
2019-09-15 20:12:00,0.0021464130621779987
2019-09-15 20:15:00,0.003584653903317303
2019-09-15 20:18:00,0.07165907264817406
2019-09-15 20:21:00,0.022067252536430715
2019-09-15 20:24:00,0.0004107542616225146
2019-09-15 20:27:00,-0.004438973418757541
2019-09-15 20:30:00,0.006406782528756594
2019-09-15 20:33:00,0.020813490426007775
2019-09-15 20:36:00,0.04488590922136382
2019-09-15 20:39:00,0.0680661083066525
2019-09-15 20:42:00,0.05365144309160996
2019-09-15 20:45:00,0.028238827023017166
2019-09-15 20:48:00,0.007043917951932599
2019-09-15 20:51:00,0.040105722901898844
2019-09-15 20:54:00,0.05745320453581826
2019-09-15 20:57:00,0.04419952464752441
2019-09-15 21:00:00,0.059697255415528616
2019-09-15 21:03:00,0.053366657681010565
2019-09-15 21:06:00,-0.0404519850811198
2019-09-15 21:09:00,0.003725278105775942
2019-09-15 21:12:00,-0.031180457625964664
2019-09-15 21:15:00,-0.02983144994277609
2019-09-15 21:18:00,0.019379926677288495
2019-09-15 21:21:00,-0.051011437097827184
2019-09-15 21:24:00,-0.1665276396262243
2019-09-15 21:27:00,0.038896011277984144
2019-09-15 21:30:00,-0.02355089807758759
2019-09-15 21:33:00,-0.01941670650847982
2019-09-15 21:36:00,-0.004335503731851986
2019-09-15 21:39:00,-0.04267540979770956
2019-09-15 21:42:00,-0.053602641166094145
2019-09-15 21:45:00,-0.09364965434588157
2019-09-15 21:48:00,-0.09287401719922173
2019-09-15 21:51:00,-0.12498786318514021
2019-09-15 21:54:00,0.06506529333165645
2019-09-15 21:57:00,-0.02877663650241402
2019-09-15 22:00:00,-0.04158372650994124
2019-09-15 22:03:00,-0.03488057636394615
2019-09-15 22:06:00,-0.00027775661737905466
2019-09-15 22:09:00,-0.08408143769327125
2019-09-15 22:12:00,-0.09578004482403912
2019-09-15 22:15:00,0.022023890519392353
2019-09-15 22:18:00,-0.00864119946328401
2019-09-15 22:21:00,-0.1486311426924658
2019-09-15 22:24:00,-0.08169174888291764
2019-09-15 22:27:00,-0.04080624840804603
2019-09-15 22:30:00,-0.04984324429932485
2019-09-15 22:33:00,-0.07246368745973086
2019-09-15 22:36:00,-0.07213436563978348
2019-09-15 22:39:00,-0.03552156801424644
2019-09-15 22:42:00,-0.06464533165495823
2019-09-15 22:45:00,-0.0792559299856066
2019-09-15 22:48:00,-0.1217163977669884
2019-09-15 22:51:00,-0.061525671801405224
2019-09-15 22:54:00,-0.07226917699404112
2019-09-15 22:57:00,-0.0019491465492933457
2019-09-15 23:00:00,-0.09562351912336453
2019-09-15 23:03:00,-0.058637251127208856
2019-09-15 23:06:00,-0.10339589606780919
2019-09-15 23:09:00,0.029962295237737635
2019-09-15 23:12:00,-0.021426883025696952
2019-09-15 23:15:00,-0.10117639382156085
2019-09-15 23:18:00,-0.026123113951996402
2019-09-15 23:21:00,0.007760458434631801
2019-09-15 23:24:00,0.06143108545688847
2019-09-15 23:27:00,-0.023180389622893927
2019-09-15 23:30:00,-0.07125407198498124
2019-09-15 23:33:00,0.01401883911267987
2019-09-15 23:36:00,-0.06462123413228937
2019-09-15 23:39:00,0.07987931567919304
2019-09-15 23:42:00,0.09358519661122955
2019-09-15 23:45:00,-0.05016733717218358
2019-09-15 23:48:00,-0.0319373451486058
2019-09-15 23:51:00,0.10810892385023863
2019-09-15 23:54:00,-0.007470239329791184
2019-09-15 23:57:00,0.06206296179459514
2019-09-16 00:00:00,0.05142298475516327
2019-09-16 00:03:00,-0.041895045380329066
2019-09-16 00:06:00,0.18082887972332173
2019-09-16 00:09:00,0.056052577840603135
2019-09-16 00:12:00,0.10376526661809748
2019-09-16 00:15:00,0.05968220493042509
2019-09-16 00:18:00,0.10698769253701812
2019-09-16 00:21:00,0.05429085314602844
2019-09-16 00:24:00,0.11346806486903915
2019-09-16 00:27:00,0.04009737574392602
2019-09-16 00:30:00,0.07813782684399939
2019-09-16 00:33:00,0.07525323812234319
2019-09-16 00:36:00,0.12491694430821099
2019-09-16 00:39:00,0.13467884579802103
2019-09-16 00:42:00,0.09707902699148008
2019-09-16 00:45:00,0.08776743258124498
2019-09-16 00:48:00,0.08277841175987533
2019-09-16 00:51:00,0.1931876962588035
2019-09-16 00:54:00,0.10212370210496147
2019-09-16 00:57:00,0.21275766021665277
2019-09-16 01:00:00,0.32366628099003947
2019-09-16 01:03:00,0.27931289985519925
2019-09-16 01:06:00,0.18484580727670163
2019-09-16 01:09:00,0.18243268905519017
2019-09-16 01:12:00,0.2311076219675101
2019-09-16 01:15:00,0.07522884178212053
2019-09-16 01:18:00,0.152466848187089
2019-09-16 01:21:00,0.18829473867782553
2019-09-16 01:24:00,0.13540921643556203
2019-09-16 01:27:00,0.16253490828648864
2019-09-16 01:30:00,0.2046529546133229
2019-09-16 01:33:00,0.12890322114509445
2019-09-16 01:36:00,0.09170410109697968
2019-09-16 01:39:00,0.08820037618187371
2019-09-16 01:42:00,0.24293467103626654
2019-09-16 01:45:00,0.1545387313710762
2019-09-16 01:48:00,0.2226408758403977
2019-09-16 01:51:00,0.22748970213416442
2019-09-16 01:54:00,0.23463459123195207
2019-09-16 01:57:00,0.2946793698856709
2019-09-16 02:00:00,0.15905661119631986
2019-09-16 02:03:00,0.201821607505849
2019-09-16 02:06:00,0.3603930367629573
2019-09-16 02:09:00,0.36344252113752873
2019-09-16 02:12:00,0.3183688936366593
2019-09-16 02:15:00,0.4383030530973997
2019-09-16 02:18:00,0.3090522695551954
2019-09-16 02:21:00,0.3381353241599072
2019-09-16 02:24:00,0.3837054772708939
2019-09-16 02:27:00,0.4935782912012314
2019-09-16 02:30:00,0.43529715357885834
2019-09-16 02:33:00,0.4019375444043476
2019-09-16 02:36:00,0.54718541248252
2019-09-16 02:39:00,0.5392670026220117
2019-09-16 02:42:00,0.5268424729157459
2019-09-16 02:45:00,0.6117098420750722
2019-09-16 02:48:00,0.582644276409269
2019-09-16 02:51:00,0.5855504562862848
2019-09-16 02:54:00,0.6187634731421667
2019-09-16 02:57:00,0.6772456798946109
2019-09-16 03:00:00,0.6593818150209358
2019-09-16 03:03:00,0.6998733096769456
2019-09-16 03:06:00,0.6501799379989279
2019-09-16 03:09:00,0.6835647306721171
2019-09-16 03:12:00,0.6696557110680601
2019-09-16 03:15:00,0.6094997695619782
2019-09-16 03:18:00,0.5947140924936889
2019-09-16 03:21:00,0.5284684791560608
2019-09-16 03:24:00,0.5726282723782674
2019-09-16 03:27:00,0.500741244509527
2019-09-16 03:30:00,0.5752698619421608
2019-09-16 03:33:00,0.6019620568561663
2019-09-16 03:36:00,0.5119613149614111
2019-09-16 03:39:00,0.45443337079939283
2019-09-16 03:42:00,0.4749278327427646
2019-09-16 03:45:00,0.3993041712164427
2019-09-16 03:48:00,0.45635942231081117
2019-09-16 03:51:00,0.431201760148781
2019-09-16 03:54:00,0.49950254898618596
2019-09-16 03:57:00,0.5046841629973642
2019-09-16 04:00:00,0.6178975034997052
2019-09-16 04:03:00,0.5777916990807057
2019-09-16 04:06:00,0.5251880803505173
2019-09-16 04:09:00,0.4880429795662167
2019-09-16 04:12:00,0.6020097731112628
2019-09-16 04:15:00,0.5340291339691703
2019-09-16 04:18:00,0.5327418311262022
2019-09-16 04:21:00,0.5577534305656968
2019-09-16 04:24:00,0.5360503842846924
2019-09-16 04:27:00,0.43756037988634944
2019-09-16 04:30:00,0.4493504578224474
2019-09-16 04:33:00,0.46687526539733426
2019-09-16 04:36:00,0.5185023443170849
2019-09-16 04:39:00,0.39798711871372916
2019-09-16 04:42:00,0.35761528807955756
2019-09-16 04:45:00,0.32037693697452596
2019-09-16 04:48:00,0.2770305702476321
2019-09-16 04:51:00,0.2785587966068874
2019-09-16 04:54:00,0.32072834080184975
2019-09-16 04:57:00,0.26728574829718355
2019-09-16 05:00:00,0.4496302593774999
2019-09-16 05:03:00,0.40206560215534637
2019-09-16 05:06:00,0.3913572899051019
2019-09-16 05:09:00,0.4953290887959838
2019-09-16 05:12:00,0.49974018812474696
2019-09-16 05:15:00,0.4610294490207707
2019-09-16 05:18:00,0.4088474289228543
2019-09-16 05:21:00,0.4619582719236064
2019-09-16 05:24:00,0.465059720652107
2019-09-16 05:27:00,0.42967291647147476
2019-09-16 05:30:00,0.5112887534879746
2019-09-16 05:33:00,0.4084205574061457
2019-09-16 05:36:00,0.41421718901915483
2019-09-16 05:39:00,0.5500887954516998
2019-09-16 05:42:00,0.40695720144805136
2019-09-16 05:45:00,0.3782158579706447
2019-09-16 05:48:00,0.404954300826887
2019-09-16 05:51:00,0.39560164179221147
2019-09-16 05:54:00,0.5251081368222117
2019-09-16 05:57:00,0.43521257223005705
2019-09-16 06:00:00,0.470873811870149
2019-09-16 06:03:00,0.3183696328844121
2019-09-16 06:06:00,0.45237027003622643
2019-09-16 06:09:00,0.3958088131836348
2019-09-16 06:12:00,0.399486332137144
2019-09-16 06:15:00,0.518283944348525
2019-09-16 06:18:00,0.5005422786031772
2019-09-16 06:21:00,0.511593867185411
2019-09-16 06:24:00,0.43535099493317375
2019-09-16 06:27:00,0.43475801038795225
2019-09-16 06:30:00,0.46372068310500936
2019-09-16 06:33:00,0.4915427542320572
2019-09-16 06:36:00,0.44916397346531767
2019-09-16 06:39:00,0.47508666689287793
2019-09-16 06:42:00,0.45273223754702485
2019-09-16 06:45:00,0.4639845696999032
2019-09-16 06:48:00,0.4616693786960582
2019-09-16 06:51:00,0.4925208499477094
2019-09-16 06:54:00,0.38581866591954395
2019-09-16 06:57:00,0.41869753623007
2019-09-16 07:00:00,0.42338769410849864
2019-09-16 07:03:00,0.4334296392563033
2019-09-16 07:06:00,0.46990571597672215
2019-09-16 07:09:00,0.48719740967266034
2019-09-16 07:12:00,0.376719341250805
2019-09-16 07:15:00,0.432128546467311
2019-09-16 07:18:00,0.3807936571717505
2019-09-16 07:21:00,0.42104920938209034
2019-09-16 07:24:00,0.3802690509103286
2019-09-16 07:27:00,0.3195779081716523
2019-09-16 07:30:00,0.44049090172853766
2019-09-16 07:33:00,0.334082542224337
2019-09-16 07:36:00,0.33658074413506256
2019-09-16 07:39:00,0.41583623062234665
2019-09-16 07:42:00,0.3936118145991827
2019-09-16 07:45:00,0.38980115863569154
2019-09-16 07:48:00,0.2978744780868965
2019-09-16 07:51:00,0.3856144486160815
2019-09-16 07:54:00,0.42496996391173525
2019-09-16 07:57:00,0.39084036371178854
2019-09-16 08:00:00,0.3862845120858651
2019-09-16 08:03:00,0.3855413688353906
2019-09-16 08:06:00,0.2991721993900569
2019-09-16 08:09:00,0.3635536299781279
2019-09-16 08:12:00,0.3485019841453436
2019-09-16 08:15:00,0.34824420110038545
2019-09-16 08:18:00,0.38713602206973974
2019-09-16 08:21:00,0.26808236050936785
2019-09-16 08:24:00,0.33898658503898105
2019-09-16 08:27:00,0.2677890615801175
2019-09-16 08:30:00,0.3111959853764006
2019-09-16 08:33:00,0.3959867027584778
2019-09-16 08:36:00,0.33173741145463964
2019-09-16 08:39:00,0.3397406664980167
2019-09-16 08:42:00,0.3409589626348861
2019-09-16 08:45:00,0.35378489245397304
2019-09-16 08:48:00,0.2808486048579084
2019-09-16 08:51:00,0.24220724835441843
2019-09-16 08:54:00,0.3028726062614169
2019-09-16 08:57:00,0.2720965342816726
2019-09-16 09:00:00,0.3802680066046946
2019-09-16 09:03:00,0.207267548918594
2019-09-16 09:06:00,0.2891258632463405
2019-09-16 09:09:00,0.34206476806605224
2019-09-16 09:12:00,0.2703229923337176
2019-09-16 09:15:00,0.2188619390571489
2019-09-16 09:18:00,0.3218801219560987
2019-09-16 09:21:00,0.30591337186467626
2019-09-16 09:24:00,0.3077369080198764
2019-09-16 09:27:00,0.22247196339753827
2019-09-16 09:30:00,0.18295016492419336
2019-09-16 09:33:00,0.10625390223447084
2019-09-16 09:36:00,0.19032520666576147
2019-09-16 09:39:00,0.3260532485892327
2019-09-16 09:42:00,0.11297711404210986
2019-09-16 09:45:00,0.22388538372860012
2019-09-16 09:48:00,0.1724148917839443
2019-09-16 09:51:00,0.09687124513118306
2019-09-16 09:54:00,0.16522880122630568
2019-09-16 09:57:00,0.21393238237646983
2019-09-16 10:00:00,0.2312661085010177
2019-09-16 10:03:00,0.1249654565574474
2019-09-16 10:06:00,0.02977849702659796
2019-09-16 10:09:00,0.04087906721008494
2019-09-16 10:12:00,0.02586835420635225
2019-09-16 10:15:00,0.09417596054515798
2019-09-16 10:18:00,0.012107969252383555
2019-09-16 10:21:00,0.07411375906002604
2019-09-16 10:24:00,0.052877202553986535
2019-09-16 10:27:00,-0.04727241411694649
2019-09-16 10:30:00,-0.03460308667024492
2019-09-16 10:33:00,0.09097072018141716
2019-09-16 10:36:00,-0.04333398510311781
2019-09-16 10:39:00,-0.004720932066049954
2019-09-16 10:42:00,-0.06669535252814285
2019-09-16 10:45:00,-0.07226251900613079
2019-09-16 10:48:00,-0.08878669572635545
2019-09-16 10:51:00,-0.16662673137278716
2019-09-16 10:54:00,-0.1673290182781102
2019-09-16 10:57:00,-0.18079531676119132
2019-09-16 11:00:00,-0.09158847129151582
2019-09-16 11:03:00,-0.14690318510554334
2019-09-16 11:06:00,-0.04178773195553731
2019-09-16 11:09:00,0.004783801946246058
2019-09-16 11:12:00,-0.03405704126737419
2019-09-16 11:15:00,-0.0189395529741887
2019-09-16 11:18:00,-0.09254169056885075
2019-09-16 11:21:00,-0.043698777236329533
2019-09-16 11:24:00,-0.15002677933279074
2019-09-16 11:27:00,0.05092552574836873
2019-09-16 11:30:00,-0.07603317976321478
2019-09-16 11:33:00,-0.15588635349030255
2019-09-16 11:36:00,-0.18146427052926128
2019-09-16 11:39:00,-0.07475457723785439
2019-09-16 11:42:00,-0.13486688078569387
2019-09-16 11:45:00,-0.11420835393471407
2019-09-16 11:48:00,-0.13567240726115415
2019-09-16 11:51:00,-0.14103352251282786
2019-09-16 11:54:00,-0.19071150022006123
2019-09-16 11:57:00,-0.07256285601937407
2019-09-16 12:00:00,-0.11771345927888888
2019-09-16 12:03:00,-0.09450242451941904
2019-09-16 12:06:00,-0.16850524793380828
2019-09-16 12:09:00,-0.17866308780565987
2019-09-16 12:12:00,-0.10339870391277373
2019-09-16 12:15:00,-0.013888462127511048
2019-09-16 12:18:00,-0.05102019732817098
2019-09-16 12:21:00,-0.08657429196682642
2019-09-16 12:24:00,-0.10361541674814134
2019-09-16 12:27:00,-0.1557855466948581
2019-09-16 12:30:00,-0.0018906804333482796
2019-09-16 12:33:00,-0.1669768046245963
2019-09-16 12:36:00,-0.01434545658372599
2019-09-16 12:39:00,-0.08690561668896635
2019-09-16 12:42:00,-0.2026459785828365
2019-09-16 12:45:00,-0.18224231394668777
2019-09-16 12:48:00,-0.10430219407265895
2019-09-16 12:51:00,-0.024274979456436085
2019-09-16 12:54:00,0.03204060649903795
2019-09-16 12:57:00,-0.022888781212600406
2019-09-16 13:00:00,-0.07538884930755785
2019-09-16 13:03:00,-0.04884950763130291
2019-09-16 13:06:00,-0.11116749270041737
2019-09-16 13:09:00,-0.10983289244137495
2019-09-16 13:12:00,-0.12233291387929057
2019-09-16 13:15:00,-0.139286377979829
2019-09-16 13:18:00,-0.012410597054895334
2019-09-16 13:21:00,-0.003857194431532207
2019-09-16 13:24:00,0.04097919325681687
2019-09-16 13:27:00,-0.03479673570666364
2019-09-16 13:30:00,0.06464063090567151
2019-09-16 13:33:00,0.2432039279459559
2019-09-16 13:36:00,0.1298209138853963
2019-09-16 13:39:00,0.04973405935027131
2019-09-16 13:42:00,-0.012867825827356683
2019-09-16 13:45:00,-0.08878037026141783
2019-09-16 13:48:00,-0.06467715328642498
2019-09-16 13:51:00,-0.027368490907122123
2019-09-16 13:54:00,0.0058593989916175815
2019-09-16 13:57:00,0.01940625568130372
2019-09-16 14:00:00,0.017351600213316942
2019-09-16 14:03:00,-0.027956200395976794
2019-09-16 14:06:00,-0.05000421263235921
2019-09-16 14:09:00,-0.14765471314967726
2019-09-16 14:12:00,-0.042254057587001626
2019-09-16 14:15:00,0.018146134202766007
2019-09-16 14:18:00,0.024105550968101852
2019-09-16 14:21:00,0.0623809095601473
2019-09-16 14:24:00,-0.02752273050310805
2019-09-16 14:27:00,-0.001320808716400279
2019-09-16 14:30:00,-0.11218992827519969
2019-09-16 14:33:00,0.039575544451679434
2019-09-16 14:36:00,-0.038636014287760645
2019-09-16 14:39:00,-0.11289675245552644
2019-09-16 14:42:00,-0.08992655786158821
2019-09-16 14:45:00,-0.08026335675310747
2019-09-16 14:48:00,-0.12928656191479604
2019-09-16 14:51:00,-0.19769033413598436
2019-09-16 14:54:00,-0.08713658636673927
2019-09-16 14:57:00,-0.08187348953754281
2019-09-16 15:00:00,-0.15100979909425405
2019-09-16 15:03:00,-0.18375257961042735
2019-09-16 15:06:00,-0.13511974005518823
2019-09-16 15:09:00,-0.042141216249774516
2019-09-16 15:12:00,-0.07206318118375066
2019-09-16 15:15:00,-0.0705582078969087
2019-09-16 15:18:00,-0.056730962236031246
2019-09-16 15:21:00,-0.16682520049272398
2019-09-16 15:24:00,-0.08010359801443201
2019-09-16 15:27:00,-0.05645139336922966
2019-09-16 15:30:00,-0.22956493163246705
2019-09-16 15:33:00,-0.13917824918951283
2019-09-16 15:36:00,-0.26552420107287844
2019-09-16 15:39:00,-0.1696730543392846
2019-09-16 15:42:00,-0.16618144089733278
2019-09-16 15:45:00,-0.19001652532875823
2019-09-16 15:48:00,-0.15370674690899477
2019-09-16 15:51:00,-0.22508610963723186
2019-09-16 15:54:00,-0.21534842476739868
2019-09-16 15:57:00,-0.13486157002819255
2019-09-16 16:00:00,-0.17752393530048494
2019-09-16 16:03:00,-0.2914112624632139
2019-09-16 16:06:00,-0.2927862842052491
2019-09-16 16:09:00,-0.23530354483210658
2019-09-16 16:12:00,-0.21445244419049914
2019-09-16 16:15:00,-0.16590988895933378
2019-09-16 16:18:00,-0.211328167150441
2019-09-16 16:21:00,-0.30628058282235315
2019-09-16 16:24:00,-0.2549256887912179
2019-09-16 16:27:00,-0.2473240946079045
2019-09-16 16:30:00,-0.2726483864640272
2019-09-16 16:33:00,-0.3493790889115189
2019-09-16 16:36:00,-0.27832599885880427
2019-09-16 16:39:00,-0.22955365017219265
2019-09-16 16:42:00,-0.21758697480419187
2019-09-16 16:45:00,-0.24550174438053318
2019-09-16 16:48:00,-0.2650953457905416
2019-09-16 16:51:00,-0.23849126212809324
2019-09-16 16:54:00,-0.2989153979618777
2019-09-16 16:57:00,-0.2950426006554494
2019-09-16 17:00:00,-0.22948750693967668
2019-09-16 17:03:00,-0.15666829950851024
2019-09-16 17:06:00,-0.3293500110677883
2019-09-16 17:09:00,-0.29605904909936953
2019-09-16 17:12:00,-0.18805685401650862
2019-09-16 17:15:00,-0.35832651678924776
2019-09-16 17:18:00,-0.1755754061724133
2019-09-16 17:21:00,-0.2567696496034273
2019-09-16 17:24:00,-0.15057091037698456
2019-09-16 17:27:00,-0.17446481965862404
2019-09-16 17:30:00,-0.19338353689778387
2019-09-16 17:33:00,-0.24050908618011135
2019-09-16 17:36:00,-0.11939126507547826
2019-09-16 17:39:00,-0.2583287577753026
2019-09-16 17:42:00,-0.17670073651618168
2019-09-16 17:45:00,-0.17881754544458772
2019-09-16 17:48:00,-0.2341449228027841
2019-09-16 17:51:00,-0.22071884353630367
2019-09-16 17:54:00,-0.2645108196311412
2019-09-16 17:57:00,-0.20733453653235756
2019-09-16 18:00:00,-0.142139843318148
2019-09-16 18:03:00,-0.13229049136913318
2019-09-16 18:06:00,-0.08769846271337656
2019-09-16 18:09:00,-0.12966042644472964
2019-09-16 18:12:00,0.003155830512753255
2019-09-16 18:15:00,-0.11747749501108729
2019-09-16 18:18:00,-0.05241834043528115
2019-09-16 18:21:00,-0.05905253270020694
2019-09-16 18:24:00,-0.07370950646674146
2019-09-16 18:27:00,-0.03896648934193081
2019-09-16 18:30:00,-0.02397560895838069
2019-09-16 18:33:00,-0.02611960178614936
2019-09-16 18:36:00,-0.023993945881784384
2019-09-16 18:39:00,-0.028576969783898676
2019-09-16 18:42:00,0.04775797365658718
2019-09-16 18:45:00,0.07200994827525165
2019-09-16 18:48:00,0.00553685821637373
2019-09-16 18:51:00,0.07093600104849429
2019-09-16 18:54:00,
2019-09-16 18:57:00,
2019-09-16 19:00:00,
2019-09-16 19:03:00,0.10005961259201968
2019-09-16 19:06:00,0.11785694810453151
2019-09-16 19:09:00,-0.013896572300268417
2019-09-16 19:12:00,0.1215518758706935
2019-09-16 19:15:00,0.08775210155647528
2019-09-16 19:18:00,0.009400909505870914
2019-09-16 19:21:00,-0.05757554551883004
2019-09-16 19:24:00,0.13260136033022718
2019-09-16 19:27:00,0.07981913688473696
2019-09-16 19:30:00,-0.006532996121620727
2019-09-16 19:33:00,0.1826022935371725
2019-09-16 19:36:00,0.020447971887051608
2019-09-16 19:39:00,0.030220878633201664
2019-09-16 19:42:00,0.11740801836793935
2019-09-16 19:45:00,0.08953024851069813
2019-09-16 19:48:00,0.10092388749040992
2019-09-16 19:51:00,0.14702659783404215
2019-09-16 19:54:00,0.05468030434104776
2019-09-16 19:57:00,0.0685330853269761
2019-09-16 20:00:00,0.01507468678130408
2019-09-16 20:03:00,0.11755918707774526
2019-09-16 20:06:00,0.009043645220344843
2019-09-16 20:09:00,0.03559970283549774
2019-09-16 20:12:00,-0.03638441100252976
2019-09-16 20:15:00,0.13543958458927818
2019-09-16 20:18:00,0.06660575743097752
2019-09-16 20:21:00,0.00642732187685624
2019-09-16 20:24:00,0.04123862500449604
2019-09-16 20:27:00,0.13349730742442034
2019-09-16 20:30:00,0.02923131263992218
2019-09-16 20:33:00,0.06869783768053139
2019-09-16 20:36:00,0.028545734954889213
2019-09-16 20:39:00,0.15520417035929768
2019-09-16 20:42:00,0.06240786176124402
2019-09-16 20:45:00,0.13279712316870018
2019-09-16 20:48:00,0.10748138340778723
2019-09-16 20:51:00,0.06781700059713103
2019-09-16 20:54:00,0.18548076102513278
2019-09-16 20:57:00,0.015532969030289223
2019-09-16 21:00:00,0.0856019540917714
2019-09-16 21:03:00,0.08434370383218948
2019-09-16 21:06:00,0.01966038144274762
2019-09-16 21:09:00,0.09316127537982766
2019-09-16 21:12:00,0.16835496424988605
2019-09-16 21:15:00,0.07726151229280731
2019-09-16 21:18:00,0.14790365380571302
2019-09-16 21:21:00,0.04451603440298868
2019-09-16 21:24:00,0.020188794501166285
2019-09-16 21:27:00,0.1793846907970078
2019-09-16 21:30:00,0.0630188389878299
2019-09-16 21:33:00,0.050410621339267436
2019-09-16 21:36:00,0.08028210889841603
2019-09-16 21:39:00,0.12811405496034922
2019-09-16 21:42:00,0.11976135884401629
2019-09-16 21:45:00,0.10163684563826791
2019-09-16 21:48:00,0.1669416770424732
2019-09-16 21:51:00,0.15771147572786504
2019-09-16 21:54:00,0.18353887044719386
2019-09-16 21:57:00,0.20705272055573687
2019-09-16 22:00:00,0.20758135092916064
2019-09-16 22:03:00,0.15158241459471355
2019-09-16 22:06:00,0.17024473910589677
2019-09-16 22:09:00,0.0903701226346243
2019-09-16 22:12:00,0.15729462655934867
2019-09-16 22:15:00,0.22551161311622536
2019-09-16 22:18:00,0.18660226848766115
2019-09-16 22:21:00,0.0806988217254343
2019-09-16 22:24:00,0.12574553302056302
2019-09-16 22:27:00,0.06943653942511219
2019-09-16 22:30:00,0.030773279888194338
2019-09-16 22:33:00,0.05520204443871535
2019-09-16 22:36:00,0.16795803759924866
2019-09-16 22:39:00,0.17100811389371984
2019-09-16 22:42:00,0.16623170812925991
2019-09-16 22:45:00,0.09610389279447418
2019-09-16 22:48:00,0.09193983795734084
2019-09-16 22:51:00,0.1373408569488106
2019-09-16 22:54:00,0.1281971497437553
2019-09-16 22:57:00,0.1321404535573265
2019-09-16 23:00:00,0.08971304057342877
2019-09-16 23:03:00,0.09079641145984851
2019-09-16 23:06:00,0.12841903232043705
2019-09-16 23:09:00,0.1985832153253
2019-09-16 23:12:00,0.13240183850484755
2019-09-16 23:15:00,0.12956041938736007
2019-09-16 23:18:00,0.16820459986882952
2019-09-16 23:21:00,0.17949406859440842
2019-09-16 23:24:00,0.1873941816968454
2019-09-16 23:27:00,0.12702977932923432
2019-09-16 23:30:00,0.13351527182283007
2019-09-16 23:33:00,0.15856855965716932
2019-09-16 23:36:00,0.08542333844269479
2019-09-16 23:39:00,0.041677551877228325
2019-09-16 23:42:00,0.1651724247407742
2019-09-16 23:45:00,0.08057845593032198
2019-09-16 23:48:00,0.06891255229032822
2019-09-16 23:51:00,0.08650952333300665
2019-09-16 23:54:00,0.0341652823353229
2019-09-16 23:57:00,0.1564876468508487
2019-09-17 00:00:00,0.08255554589248959
2019-09-17 00:03:00,0.10466237172482806
2019-09-17 00:06:00,0.18993684710329717
2019-09-17 00:09:00,0.14792086876747135
2019-09-17 00:12:00,0.18170626276486246
2019-09-17 00:15:00,0.3088260396596638
2019-09-17 00:18:00,0.3969135555492471
2019-09-17 00:21:00,0.20343993694569917
2019-09-17 00:24:00,0.12469843296452154
2019-09-17 00:27:00,0.17838851651868026
2019-09-17 00:30:00,0.13761474100715532
2019-09-17 00:33:00,0.2626758589701126
2019-09-17 00:36:00,0.296381851536637
2019-09-17 00:39:00,0.37394647151398885
2019-09-17 00:42:00,0.4023899257929884
2019-09-17 00:45:00,0.4974820467839436
2019-09-17 00:48:00,0.40904931841993175
2019-09-17 00:51:00,0.3682669669783536
2019-09-17 00:54:00,0.22485767320324612
2019-09-17 00:57:00,0.24402544530244086
2019-09-17 01:00:00,0.20306749422860548
2019-09-17 01:03:00,0.24011731597681774
2019-09-17 01:06:00,0.20149915819337139
2019-09-17 01:09:00,0.21967212170989114
2019-09-17 01:12:00,0.18602917063338964
2019-09-17 01:15:00,0.23148324657188368
2019-09-17 01:18:00,0.2998163215704608
2019-09-17 01:21:00,0.17771354161300223
2019-09-17 01:24:00,0.21672230330733555
2019-09-17 01:27:00,0.185664299908467
2019-09-17 01:30:00,0.15762553781229371
2019-09-17 01:33:00,0.1805311850301905
2019-09-17 01:36:00,0.19392774311938865
2019-09-17 01:39:00,0.19742598993349247
2019-09-17 01:42:00,0.19939969338008723
2019-09-17 01:45:00,0.2049217074373928
2019-09-17 01:48:00,0.17068655189473247
2019-09-17 01:51:00,0.19561936152462067
2019-09-17 01:54:00,0.14750847906549325
2019-09-17 01:57:00,0.16469964439062323
2019-09-17 02:00:00,0.17736956118528724
2019-09-17 02:03:00,0.22698097392736827
2019-09-17 02:06:00,0.18887598097211367
2019-09-17 02:09:00,0.25558134423397405
2019-09-17 02:12:00,0.28214298320148146
2019-09-17 02:15:00,0.2947492982409585
2019-09-17 02:18:00,0.274246187505355
2019-09-17 02:21:00,0.21118872224434426
2019-09-17 02:24:00,0.2847830877801698
2019-09-17 02:27:00,0.2684412901572273
2019-09-17 02:30:00,0.3138017626289411
2019-09-17 02:33:00,0.2541985642038185
2019-09-17 02:36:00,0.21083596124975656
2019-09-17 02:39:00,0.2547657913324315
2019-09-17 02:42:00,0.2968271294533906
2019-09-17 02:45:00,0.30585535293943167
2019-09-17 02:48:00,0.31774027687418993
2019-09-17 02:51:00,0.3847146275066393
2019-09-17 02:54:00,0.3958866122195559
2019-09-17 02:57:00,0.40078684889545
2019-09-17 03:00:00,0.4220734640484807
2019-09-17 03:03:00,0.26895395947508405
2019-09-17 03:06:00,0.1635884011370763
2019-09-17 03:09:00,0.18476207238592224
2019-09-17 03:12:00,0.26894473528238905
2019-09-17 03:15:00,0.24056727514130216
2019-09-17 03:18:00,0.21964074496634112
2019-09-17 03:21:00,0.2594060447499942
2019-09-17 03:24:00,0.2988235550710101
2019-09-17 03:27:00,0.4083157255658989
2019-09-17 03:30:00,0.34004268493600875
2019-09-17 03:33:00,0.4169919197298668
2019-09-17 03:36:00,0.3350372741866181
2019-09-17 03:39:00,0.32116205401956677
2019-09-17 03:42:00,0.30363627100138046
2019-09-17 03:45:00,0.38569968469403193
2019-09-17 03:48:00,0.3452085094488666
2019-09-17 03:51:00,0.32360461534750584
2019-09-17 03:54:00,0.25726194828638427
2019-09-17 03:57:00,0.30758020098841143
2019-09-17 04:00:00,0.2971142018512296
2019-09-17 04:03:00,0.2754156466442623
2019-09-17 04:06:00,0.2582106893996752
2019-09-17 04:09:00,0.3679740112442005
2019-09-17 04:12:00,0.327859781997347
2019-09-17 04:15:00,0.3505749049775204
2019-09-17 04:18:00,0.3371517358482947
2019-09-17 04:21:00,0.3387580570435489
2019-09-17 04:24:00,0.4229922887501516
2019-09-17 04:27:00,0.2845464367091495
2019-09-17 04:30:00,0.17830454841725896
2019-09-17 04:33:00,0.3103844457401692
2019-09-17 04:36:00,0.28371882501602386
2019-09-17 04:39:00,0.2741304133221547
2019-09-17 04:42:00,0.28482650412206567
2019-09-17 04:45:00,0.33850782057322704
2019-09-17 04:48:00,0.24542701174817694
2019-09-17 04:51:00,0.2773129661997018
2019-09-17 04:54:00,0.3266355818166744
2019-09-17 04:57:00,0.30743259806376955
2019-09-17 05:00:00,0.341230314666916
2019-09-17 05:03:00,0.3933985829336848
2019-09-17 05:06:00,0.32740660416885703
2019-09-17 05:09:00,0.33759829680792564
2019-09-17 05:12:00,0.3482078401149806
2019-09-17 05:15:00,0.35757790879233653
2019-09-17 05:18:00,0.33931734324249874
2019-09-17 05:21:00,0.27358947818436263
2019-09-17 05:24:00,0.34694827891053137
2019-09-17 05:27:00,0.33626308612622324
2019-09-17 05:30:00,0.37565949993251024
2019-09-17 05:33:00,0.42216395093248593
2019-09-17 05:36:00,0.3773839851467642
2019-09-17 05:39:00,0.2996997191057176
2019-09-17 05:42:00,0.31056961185242926
2019-09-17 05:45:00,0.31716739355766776
2019-09-17 05:48:00,0.3472280377271204
2019-09-17 05:51:00,0.4654364145142722
2019-09-17 05:54:00,0.46973101769793857
2019-09-17 05:57:00,0.3452328211457143
2019-09-17 06:00:00,0.3074200590755254
2019-09-17 06:03:00,0.2995629658546477
2019-09-17 06:06:00,0.2673624145302824
2019-09-17 06:09:00,0.29936683975603273
2019-09-17 06:12:00,0.3123194807248524
2019-09-17 06:15:00,0.2960542126775181
2019-09-17 06:18:00,0.275880434705698
2019-09-17 06:21:00,0.3112508258952289
2019-09-17 06:24:00,0.3772534290330327
2019-09-17 06:27:00,0.30319377144172677
2019-09-17 06:30:00,0.3065640420811633
2019-09-17 06:33:00,0.3222364533094719
2019-09-17 06:36:00,0.25847597667888067
2019-09-17 06:39:00,0.3422569038874599
2019-09-17 06:42:00,0.37913364680423456
2019-09-17 06:45:00,0.42749346224798046
2019-09-17 06:48:00,0.36311730116079843
2019-09-17 06:51:00,0.23532880554017765
2019-09-17 06:54:00,0.22700304520770942
2019-09-17 06:57:00,0.2905624954615291
2019-09-17 07:00:00,0.278998315031572
2019-09-17 07:03:00,0.24091948350354642
2019-09-17 07:06:00,0.26910735744206704
2019-09-17 07:09:00,0.14055345367057726
2019-09-17 07:12:00,0.2871585777831456
2019-09-17 07:15:00,0.3602659651844533
2019-09-17 07:18:00,0.2858975310386995
2019-09-17 07:21:00,0.2244891999660581
2019-09-17 07:24:00,0.2746669978862428
2019-09-17 07:27:00,0.28650796473755236
2019-09-17 07:30:00,0.23116950048523677
2019-09-17 07:33:00,0.27028065479618135
2019-09-17 07:36:00,0.24779859263884418
2019-09-17 07:39:00,0.27983648549201234
2019-09-17 07:42:00,0.19919238128886718
2019-09-17 07:45:00,0.1406302309285934
2019-09-17 07:48:00,0.21554950250020966
2019-09-17 07:51:00,0.25234300087390693
2019-09-17 07:54:00,0.25571721904532296
2019-09-17 07:57:00,0.32149618723934736
2019-09-17 08:00:00,0.26100508850640836
2019-09-17 08:03:00,0.2647744504072307
2019-09-17 08:06:00,0.28395207552040347
2019-09-17 08:09:00,0.2508707166297768
2019-09-17 08:12:00,0.29013873086785225
2019-09-17 08:15:00,0.2721617820942015
2019-09-17 08:18:00,0.20322462918483097
2019-09-17 08:21:00,0.19495437978162045
2019-09-17 08:24:00,0.20275173034440286
2019-09-17 08:27:00,0.18996653073423886
2019-09-17 08:30:00,0.2528520924744839
2019-09-17 08:33:00,0.283870223269048
2019-09-17 08:36:00,0.33553113041170946
2019-09-17 08:39:00,0.17798600788489694
2019-09-17 08:42:00,0.12733087393166898
2019-09-17 08:45:00,0.241357250259
2019-09-17 08:48:00,0.08448526713408455
2019-09-17 08:51:00,0.10633844360688727
2019-09-17 08:54:00,0.279168210920659
2019-09-17 08:57:00,0.19463574296173647
2019-09-17 09:00:00,0.15040525094048007
2019-09-17 09:03:00,0.21724566316436267
2019-09-17 09:06:00,0.15503076511402014
2019-09-17 09:09:00,0.19505710816065402
2019-09-17 09:12:00,0.17255805625683251
2019-09-17 09:15:00,0.14291577584322113
2019-09-17 09:18:00,0.1728156726452994
2019-09-17 09:21:00,0.06600689087554201
2019-09-17 09:24:00,0.02185013288033133
2019-09-17 09:27:00,0.13178907768809722
2019-09-17 09:30:00,0.2030768073709055
2019-09-17 09:33:00,0.20734216580137854
2019-09-17 09:36:00,0.07054668579178269
2019-09-17 09:39:00,0.046636564452114726
2019-09-17 09:42:00,0.0587047373235805
2019-09-17 09:45:00,0.007398939270842675
2019-09-17 09:48:00,0.0692997839003624
2019-09-17 09:51:00,0.0905647984354232
2019-09-17 09:54:00,0.11542527948421366
2019-09-17 09:57:00,-0.017472657793973667
2019-09-17 10:00:00,0.12864207741370137
2019-09-17 10:03:00,0.07254930872676368
2019-09-17 10:06:00,0.013850941931366378
2019-09-17 10:09:00,-0.04634473399437411
2019-09-17 10:12:00,0.0698117098381772
2019-09-17 10:15:00,-0.010005199302440815
2019-09-17 10:18:00,-0.03444149587130596
2019-09-17 10:21:00,-0.03260020059440194
2019-09-17 10:24:00,-0.042638138914924184
2019-09-17 10:27:00,0.05749172804195268
2019-09-17 10:30:00,0.0957949427870517
2019-09-17 10:33:00,0.08648149346799983
2019-09-17 10:36:00,0.14952217796178502
2019-09-17 10:39:00,0.0486508171522928
2019-09-17 10:42:00,0.05071640923824816
2019-09-17 10:45:00,0.03753588494868154
2019-09-17 10:48:00,0.16388934778507291
2019-09-17 10:51:00,0.07170184665238821
2019-09-17 10:54:00,0.05344081130624545
2019-09-17 10:57:00,0.08162161042184835
2019-09-17 11:00:00,0.006081263187809327
2019-09-17 11:03:00,-0.11453425757423474
2019-09-17 11:06:00,-0.014172298573043918
2019-09-17 11:09:00,-0.03992513463214209
2019-09-17 11:12:00,-0.1359783006168982
2019-09-17 11:15:00,-0.020194334020573024
2019-09-17 11:18:00,0.024674382287287244
2019-09-17 11:21:00,0.010817035510740425
2019-09-17 11:24:00,-0.08946677247234902
2019-09-17 11:27:00,0.06767534662628805
2019-09-17 11:30:00,-0.11150658688814019
2019-09-17 11:33:00,-0.10803388669211245
2019-09-17 11:36:00,-0.1129504293703576
2019-09-17 11:39:00,-0.14247585238905458
2019-09-17 11:42:00,-0.04379489980465223
2019-09-17 11:45:00,-0.107802600499042
2019-09-17 11:48:00,-0.10448630026604633
2019-09-17 11:51:00,-0.0825683199951186
2019-09-17 11:54:00,0.01327759399629258
2019-09-17 11:57:00,-0.02584628551289825
2019-09-17 12:00:00,0.04410478566984466
2019-09-17 12:03:00,0.17479047160298933
2019-09-17 12:06:00,0.32698845622883255
2019-09-17 12:09:00,0.2719211352250568
2019-09-17 12:12:00,0.18492018478281125
2019-09-17 12:15:00,0.31973623444054056
2019-09-17 12:18:00,0.25935499110198634
2019-09-17 12:21:00,0.21885714646174392
2019-09-17 12:24:00,0.10521241579459684
2019-09-17 12:27:00,0.13876767923011357
2019-09-17 12:30:00,0.06332958200403027
2019-09-17 12:33:00,0.052723429165780544
2019-09-17 12:36:00,0.16242737739975155
2019-09-17 12:39:00,0.06873489012360778
2019-09-17 12:42:00,-0.00621521827287097
2019-09-17 12:45:00,0.016905562228259896
2019-09-17 12:48:00,0.12578553336499
2019-09-17 12:51:00,-0.03591523614113612
2019-09-17 12:54:00,0.06180710799839062
2019-09-17 12:57:00,0.036530955301145696
2019-09-17 13:00:00,-0.18161456949331978
2019-09-17 13:03:00,0.04749563204001106
2019-09-17 13:06:00,-0.04810353219636454
2019-09-17 13:09:00,-0.016823843825477525
2019-09-17 13:12:00,-0.056591010695456134
2019-09-17 13:15:00,-0.03130937134102396
2019-09-17 13:18:00,0.04934686422626555
2019-09-17 13:21:00,-0.011722692131741042
2019-09-17 13:24:00,0.11232311905393999
2019-09-17 13:27:00,0.03090807493651937
2019-09-17 13:30:00,-0.05897130403184292
2019-09-17 13:33:00,0.009654215194530025
2019-09-17 13:36:00,-0.11201469659016539
2019-09-17 13:39:00,-0.08047625903896005
2019-09-17 13:42:00,0.010701191929172182
2019-09-17 13:45:00,-0.012953528813113735
2019-09-17 13:48:00,-0.08364346831569947
2019-09-17 13:51:00,-0.04391032869580158
2019-09-17 13:54:00,0.002011448819132511
2019-09-17 13:57:00,-0.08652017746675256
2019-09-17 14:00:00,-0.09036992639659047
2019-09-17 14:03:00,-0.17118895511225674
2019-09-17 14:06:00,-0.193014724358477
2019-09-17 14:09:00,-0.18039975036100486
2019-09-17 14:12:00,-0.10641554495612127
2019-09-17 14:15:00,-0.20944757960319293
2019-09-17 14:18:00,-0.20010768342564234
2019-09-17 14:21:00,-0.18805888241166713
2019-09-17 14:24:00,-0.26470947207610607
2019-09-17 14:27:00,-0.27395996178029236
2019-09-17 14:30:00,-0.3002215934988044
2019-09-17 14:33:00,-0.28283185514686693
2019-09-17 14:36:00,-0.2894310102601594
2019-09-17 14:39:00,-0.3533684185550783
2019-09-17 14:42:00,-0.38577626060452985
2019-09-17 14:45:00,-0.32600274071114654
2019-09-17 14:48:00,-0.3007653120928353
2019-09-17 14:51:00,-0.38993158459112465
2019-09-17 14:54:00,-0.3501865325606559
2019-09-17 14:57:00,-0.32683005390538256
2019-09-17 15:00:00,-0.33463494732268373
2019-09-17 15:03:00,-0.29765804065687007
2019-09-17 15:06:00,-0.26446190893148014
2019-09-17 15:09:00,-0.18391734727231324
2019-09-17 15:12:00,-0.061513434057815175
2019-09-17 15:15:00,-0.20489846741378415
2019-09-17 15:18:00,-0.2903826696121996
2019-09-17 15:21:00,-0.296899462716965
2019-09-17 15:24:00,-0.34463742287022114
2019-09-17 15:27:00,-0.23313510561297335
2019-09-17 15:30:00,-0.2833838028187756
2019-09-17 15:33:00,0.0014236802513778457
2019-09-17 15:36:00,0.0913722834373516
2019-09-17 15:39:00,0.1008061435867944
2019-09-17 15:42:00,0.1929861170882532
2019-09-17 15:45:00,0.059836791849534166
2019-09-17 15:48:00,0.1364821752972034
2019-09-17 15:51:00,0.025607370973773413
2019-09-17 15:54:00,-0.1583495504838197
2019-09-17 15:57:00,-0.12405739418534267
2019-09-17 16:00:00,-0.022999486241474187
2019-09-17 16:03:00,-0.05580425380935594
2019-09-17 16:06:00,-0.1960751536769294
2019-09-17 16:09:00,-0.12323483088368903
2019-09-17 16:12:00,-0.15683536234280382
2019-09-17 16:15:00,-0.32190274412278086
2019-09-17 16:18:00,-0.16354951640374793
2019-09-17 16:21:00,-0.11246304029162957
2019-09-17 16:24:00,-0.03512895053370357
2019-09-17 16:27:00,0.13313732549170254
2019-09-17 16:30:00,-0.002562451993128434
2019-09-17 16:33:00,0.10711996076440755
2019-09-17 16:36:00,0.03620447433826257
2019-09-17 16:39:00,0.07295089863100657
2019-09-17 16:42:00,-0.1281396001440953
2019-09-17 16:45:00,-0.03766604572268761
2019-09-17 16:48:00,-0.11022242057288167
2019-09-17 16:51:00,-0.19622779720248218
2019-09-17 16:54:00,-0.1387942468069241
2019-09-17 16:57:00,-0.1962810643590842
2019-09-17 17:00:00,-0.21289955149563866
2019-09-17 17:03:00,-0.1883491308076941
2019-09-17 17:06:00,-0.1718419950636303
2019-09-17 17:09:00,-0.04869904718361795
2019-09-17 17:12:00,-0.09755758681603766
2019-09-17 17:15:00,-0.2064913146023173
2019-09-17 17:18:00,-0.1042414550547619
2019-09-17 17:21:00,0.036573598847098765
2019-09-17 17:24:00,0.0020862455913857048
2019-09-17 17:27:00,-0.04534939610294941
2019-09-17 17:30:00,-0.06886289084275177
2019-09-17 17:33:00,-0.04098317061493617
2019-09-17 17:36:00,0.057799340534302246
2019-09-17 17:39:00,0.041475646801927724
2019-09-17 17:42:00,0.138988877191764
2019-09-17 17:45:00,0.11269760040283927
2019-09-17 17:48:00,0.16953241290042342
2019-09-17 17:51:00,0.060478824888491545
2019-09-17 17:54:00,0.17349490532944856
2019-09-17 17:57:00,0.14815513404920466
2019-09-17 18:00:00,0.11984188925652006
2019-09-17 18:03:00,0.21332873319590817
2019-09-17 18:06:00,0.29610631508455754
2019-09-17 18:09:00,0.31404431262825483
2019-09-17 18:12:00,0.2364276496298885
2019-09-17 18:15:00,0.41440474745320444
2019-09-17 18:18:00,0.43652199414208326
2019-09-17 18:21:00,0.3607478328750062
2019-09-17 18:24:00,0.2690457732941809
2019-09-17 18:27:00,0.2784491666242275
2019-09-17 18:30:00,0.23947354588005965
2019-09-17 18:33:00,0.06072550162923562
2019-09-17 18:36:00,0.04494935559040414
2019-09-17 18:39:00,0.10690883606338275
2019-09-17 18:42:00,0.09957090754284081
2019-09-17 18:45:00,0.30458954796864646
2019-09-17 18:48:00,0.15598719199761035
2019-09-17 18:51:00,0.155550908563157
2019-09-17 18:54:00,
2019-09-17 18:57:00,
2019-09-17 19:00:00,
2019-09-17 19:03:00,0.3708942903369348
2019-09-17 19:06:00,0.4237998920281143
2019-09-17 19:09:00,0.4808754554622965
2019-09-17 19:12:00,0.5695634108753893
2019-09-17 19:15:00,0.5164637671045398
2019-09-17 19:18:00,0.40800355597144744
2019-09-17 19:21:00,0.5113293740682252
2019-09-17 19:24:00,0.41164224111162184
2019-09-17 19:27:00,0.5108833472941683
2019-09-17 19:30:00,0.5154831294824476
2019-09-17 19:33:00,0.7174588600341281
2019-09-17 19:36:00,0.6626523961194266
2019-09-17 19:39:00,0.6476780879295916
2019-09-17 19:42:00,0.7564216418177239
2019-09-17 19:45:00,0.7318611499928238
2019-09-17 19:48:00,0.6959654909491633
2019-09-17 19:51:00,0.47087491857831765
2019-09-17 19:54:00,0.5082026735794329
2019-09-17 19:57:00,0.5274748183547331
2019-09-17 20:00:00,0.5249866412680717
2019-09-17 20:03:00,0.34271858165720914
2019-09-17 20:06:00,0.45877510157265533
2019-09-17 20:09:00,0.3796950928261822
2019-09-17 20:12:00,0.5702312334584008
2019-09-17 20:15:00,0.5550051866969739
2019-09-17 20:18:00,0.5012089250306531
2019-09-17 20:21:00,0.6311682302155077
2019-09-17 20:24:00,0.61620404796804
2019-09-17 20:27:00,0.5927018518471527
2019-09-17 20:30:00,0.6331455930874199
2019-09-17 20:33:00,0.6963863142326545
2019-09-17 20:36:00,0.7014252309934363
2019-09-17 20:39:00,0.54744424402611
2019-09-17 20:42:00,0.6298122651552376
2019-09-17 20:45:00,0.699519420370109
2019-09-17 20:48:00,0.5808179184218147
2019-09-17 20:51:00,0.8203394079644681
2019-09-17 20:54:00,0.7354560190454436
2019-09-17 20:57:00,0.6976890581405542
2019-09-17 21:00:00,0.5887301249215966
2019-09-17 21:03:00,0.5393520578659832
2019-09-17 21:06:00,0.6426750559525658
2019-09-17 21:09:00,0.6991493002994389
2019-09-17 21:12:00,0.7395425211446991
2019-09-17 21:15:00,0.6324754153809522
2019-09-17 21:18:00,0.6650676680500851
2019-09-17 21:21:00,0.6232052516673434
2019-09-17 21:24:00,0.609570528916322
2019-09-17 21:27:00,0.771228940728804
2019-09-17 21:30:00,0.6154076164693834
2019-09-17 21:33:00,0.6230627034531722
2019-09-17 21:36:00,0.6519783694078001
2019-09-17 21:39:00,0.7146344547977037
2019-09-17 21:42:00,0.6571479085258147
2019-09-17 21:45:00,0.5573184547477013
2019-09-17 21:48:00,0.5931177937037546
2019-09-17 21:51:00,0.4986663304580361
2019-09-17 21:54:00,0.49737993365840794
2019-09-17 21:57:00,0.41320593869698996
2019-09-17 22:00:00,0.40193986226665857
2019-09-17 22:03:00,0.26361545962498667
2019-09-17 22:06:00,0.30312584343317894
2019-09-17 22:09:00,0.2985879746627802
2019-09-17 22:12:00,0.2773874458312662
2019-09-17 22:15:00,0.20918841388015608
2019-09-17 22:18:00,0.3666686593506938
2019-09-17 22:21:00,0.48666952432085964
2019-09-17 22:24:00,0.2738487872195492
2019-09-17 22:27:00,0.18577704641245418
2019-09-17 22:30:00,0.3304192817052467
2019-09-17 22:33:00,0.2155742980365858
2019-09-17 22:36:00,0.14852339755714183
2019-09-17 22:39:00,0.1997148192103282
2019-09-17 22:42:00,0.1893902347145513
2019-09-17 22:45:00,0.2459807816945272
2019-09-17 22:48:00,0.19869779083535377
2019-09-17 22:51:00,0.22881741686416035
2019-09-17 22:54:00,0.1805706956563995
2019-09-17 22:57:00,0.21776853600221102
2019-09-17 23:00:00,0.2512713615491293
2019-09-17 23:03:00,0.2183908724639423
2019-09-17 23:06:00,0.2221408628636823
2019-09-17 23:09:00,0.08096801141442711
2019-09-17 23:12:00,0.21765740573124503
2019-09-17 23:15:00,0.17513600405914076
2019-09-17 23:18:00,0.17221057850565558
2019-09-17 23:21:00,0.21293307727222555
2019-09-17 23:24:00,0.11784888619303047
2019-09-17 23:27:00,0.12414539113012779
2019-09-17 23:30:00,0.17375693113507396
2019-09-17 23:33:00,0.15780128052836062
2019-09-17 23:36:00,0.11868205260412878
2019-09-17 23:39:00,0.19211392298433339
2019-09-17 23:42:00,0.23516835733147445
2019-09-17 23:45:00,0.08934209400041482
2019-09-17 23:48:00,0.10933967975716996
2019-09-17 23:51:00,0.1771771593282665
2019-09-17 23:54:00,0.148803244988585
2019-09-17 23:57:00,0.15369716102065922
2019-09-18 00:00:00,0.11505722915330807
2019-09-18 00:03:00,0.2009806815703996
2019-09-18 00:06:00,0.16636466002933048
2019-09-18 00:09:00,0.10557552412478799
2019-09-18 00:12:00,0.09348892996820268
2019-09-18 00:15:00,0.00025240276568183617
2019-09-18 00:18:00,0.18747955446303877
2019-09-18 00:21:00,0.13525300126349293
2019-09-18 00:24:00,0.15588382837182735
2019-09-18 00:27:00,0.14851068739341144
2019-09-18 00:30:00,0.0593979394597568
2019-09-18 00:33:00,0.09314442743465179
2019-09-18 00:36:00,0.09728191220244753
2019-09-18 00:39:00,0.10248872049896818
2019-09-18 00:42:00,0.0990981655112364
2019-09-18 00:45:00,0.15750544624626173
2019-09-18 00:48:00,0.11478092181374677
2019-09-18 00:51:00,0.1568757284279627
2019-09-18 00:54:00,0.17608710749902912
2019-09-18 00:57:00,0.16978791319326092
2019-09-18 01:00:00,0.07705430811995484
2019-09-18 01:03:00,0.19441285642011508
2019-09-18 01:06:00,0.10780226775943902
2019-09-18 01:09:00,0.13686058562342396
2019-09-18 01:12:00,0.1731102456205349
2019-09-18 01:15:00,0.18132480275846774
2019-09-18 01:18:00,0.1600681634587886
2019-09-18 01:21:00,0.1855162394627996
2019-09-18 01:24:00,0.211192714443996
2019-09-18 01:27:00,0.08415306316635451
2019-09-18 01:30:00,0.14877185009970617
2019-09-18 01:33:00,0.24232972993598878
2019-09-18 01:36:00,0.19966319556152712
2019-09-18 01:39:00,0.2060798197459235
2019-09-18 01:42:00,0.13305449805199032
2019-09-18 01:45:00,0.11683503299065023
2019-09-18 01:48:00,0.13994457529838655
2019-09-18 01:51:00,0.1632031282058506
2019-09-18 01:54:00,0.12914535710274322
2019-09-18 01:57:00,0.13860053604639688
2019-09-18 02:00:00,0.19041124527012698
2019-09-18 02:03:00,0.17975251828170258
2019-09-18 02:06:00,0.18983310472441417
2019-09-18 02:09:00,0.18273199888676572
2019-09-18 02:12:00,0.13458207030424774
2019-09-18 02:15:00,0.17679689899375717
2019-09-18 02:18:00,0.2485198056950253
2019-09-18 02:21:00,0.20431434075214838
2019-09-18 02:24:00,0.25902657865384526
2019-09-18 02:27:00,0.12202092289169286
2019-09-18 02:30:00,0.21721025995265109
2019-09-18 02:33:00,0.1574649413979614
2019-09-18 02:36:00,0.08940883552145351
2019-09-18 02:39:00,0.14876060300679228
2019-09-18 02:42:00,0.1647793257868102
2019-09-18 02:45:00,0.2830349183193448
2019-09-18 02:48:00,0.24217837386140673
2019-09-18 02:51:00,0.20472157164113014
2019-09-18 02:54:00,0.2080756932255099
2019-09-18 02:57:00,0.25770149537481757
2019-09-18 03:00:00,0.27888033344061114
2019-09-18 03:03:00,0.3062286062386761
2019-09-18 03:06:00,0.3032809567049526
2019-09-18 03:09:00,0.23483197584761228
2019-09-18 03:12:00,0.3254745400750494
2019-09-18 03:15:00,0.19972167734630375
2019-09-18 03:18:00,0.28776177205560316
2019-09-18 03:21:00,0.28906222995652797
2019-09-18 03:24:00,0.17360154397471206
2019-09-18 03:27:00,0.32236411139837173
2019-09-18 03:30:00,0.28256412838248934
2019-09-18 03:33:00,0.30019116545372526
2019-09-18 03:36:00,0.5301727725703813
2019-09-18 03:39:00,0.5180494692402249
2019-09-18 03:42:00,0.6463831747990412
2019-09-18 03:45:00,0.7082099859399023
2019-09-18 03:48:00,0.7925353042015217
2019-09-18 03:51:00,0.7065615922756479
2019-09-18 03:54:00,0.7757745844831447
2019-09-18 03:57:00,0.7743768106457196
2019-09-18 04:00:00,0.6498265295355736
2019-09-18 04:03:00,0.701122889991268
2019-09-18 04:06:00,0.7944664633066623
2019-09-18 04:09:00,0.8087328669869294
2019-09-18 04:12:00,0.8738818091294434
2019-09-18 04:15:00,0.7225972603005744
2019-09-18 04:18:00,0.5742170488594525
2019-09-18 04:21:00,0.4767420589139988
2019-09-18 04:24:00,0.5067638134527215
2019-09-18 04:27:00,0.4689695955701154
2019-09-18 04:30:00,0.4269331155521172
2019-09-18 04:33:00,0.4546906409165672
2019-09-18 04:36:00,0.3762613308983873
2019-09-18 04:39:00,0.3665792693186063
2019-09-18 04:42:00,0.46356274746187864
2019-09-18 04:45:00,0.4615624448040876
2019-09-18 04:48:00,0.4685659932773092
2019-09-18 04:51:00,0.4435424984432075
2019-09-18 04:54:00,0.4374894046619602
2019-09-18 04:57:00,0.30633277428387373
2019-09-18 05:00:00,0.29722946169118813
2019-09-18 05:03:00,0.3279505349832448
2019-09-18 05:06:00,0.1572612025610738
2019-09-18 05:09:00,0.2699949954175054
2019-09-18 05:12:00,0.24369813021320397
2019-09-18 05:15:00,0.2952461938386364
2019-09-18 05:18:00,0.2775606991162931
2019-09-18 05:21:00,0.23658859087777273
2019-09-18 05:24:00,0.23989586717823386
2019-09-18 05:27:00,0.27482608834253597
2019-09-18 05:30:00,0.14602970709222518
2019-09-18 05:33:00,0.28880126687278107
2019-09-18 05:36:00,0.19362683188569463
2019-09-18 05:39:00,0.1495086316976426
2019-09-18 05:42:00,0.26417100315143216
2019-09-18 05:45:00,0.2447448094414426
2019-09-18 05:48:00,0.2064244976903069
2019-09-18 05:51:00,0.260155925344975
2019-09-18 05:54:00,0.2553328172765532
2019-09-18 05:57:00,0.18716463349989
2019-09-18 06:00:00,0.1971929388304261
2019-09-18 06:03:00,0.2206488610779047
2019-09-18 06:06:00,0.17357559866036354
2019-09-18 06:09:00,0.14573116098597438
2019-09-18 06:12:00,0.22049229462555786
2019-09-18 06:15:00,0.18454243348094224
2019-09-18 06:18:00,0.28505046460514905
2019-09-18 06:21:00,0.3145436445789187
2019-09-18 06:24:00,0.2646849773532267
2019-09-18 06:27:00,0.2804966597693692
2019-09-18 06:30:00,0.25664312288398605
2019-09-18 06:33:00,0.2807103435119984
2019-09-18 06:36:00,0.22727880004055123
2019-09-18 06:39:00,0.33972455855797534
2019-09-18 06:42:00,0.2859639043358584
2019-09-18 06:45:00,0.41600164459333655
2019-09-18 06:48:00,0.46849637509620834
2019-09-18 06:51:00,0.5274396438026656
2019-09-18 06:54:00,0.49494136393803956
2019-09-18 06:57:00,0.5591330589972472
2019-09-18 07:00:00,0.6161180855767157
2019-09-18 07:03:00,0.6634915439969973
2019-09-18 07:06:00,0.6183767974159196
2019-09-18 07:09:00,0.5435171827162435
2019-09-18 07:12:00,0.5902174496190469
2019-09-18 07:15:00,0.5683466299765314
2019-09-18 07:18:00,0.5170050832250581
2019-09-18 07:21:00,0.5280161055607095
2019-09-18 07:24:00,0.5204040922144486
2019-09-18 07:27:00,0.49998273803066695
2019-09-18 07:30:00,0.4723954616678725
2019-09-18 07:33:00,0.4113066590866197
2019-09-18 07:36:00,0.3809966407453089
2019-09-18 07:39:00,0.23224085137616157
2019-09-18 07:42:00,0.3560164186696966
2019-09-18 07:45:00,0.35484238406326085
2019-09-18 07:48:00,0.40993104902207733
2019-09-18 07:51:00,0.40538243559529974
2019-09-18 07:54:00,0.45583046590672893
2019-09-18 07:57:00,0.42325381341140655
2019-09-18 08:00:00,0.354591235322232
2019-09-18 08:03:00,0.35116672797050796
2019-09-18 08:06:00,0.35358935595746743
2019-09-18 08:09:00,0.3874777851032718
2019-09-18 08:12:00,0.29990773072910315
2019-09-18 08:15:00,0.29223682674052043
2019-09-18 08:18:00,0.2938876037789555
2019-09-18 08:21:00,0.3943154414196215
2019-09-18 08:24:00,0.42378550824332706
2019-09-18 08:27:00,0.42231229451846275
2019-09-18 08:30:00,0.39988588925342583
2019-09-18 08:33:00,0.3804058740743699
2019-09-18 08:36:00,0.473930830630934
2019-09-18 08:39:00,0.1973969012631187
2019-09-18 08:42:00,0.13572152770575485
2019-09-18 08:45:00,0.1192179901745476
2019-09-18 08:48:00,0.20005961638065628
2019-09-18 08:51:00,0.2866875460629217
2019-09-18 08:54:00,0.2446755801365157
2019-09-18 08:57:00,0.2792335089042126
2019-09-18 09:00:00,0.26980494478249284
2019-09-18 09:03:00,0.2915749520079771
2019-09-18 09:06:00,0.3201686713509275
2019-09-18 09:09:00,0.33796753402657487
2019-09-18 09:12:00,0.28460633507910416
2019-09-18 09:15:00,0.3627751355861619
2019-09-18 09:18:00,0.3407151470353824
2019-09-18 09:21:00,0.382665606520618
2019-09-18 09:24:00,0.3756203327013736
2019-09-18 09:27:00,0.36325901779474634
2019-09-18 09:30:00,0.28516129172635374
2019-09-18 09:33:00,0.35549795247692373
2019-09-18 09:36:00,0.3227011137920499
2019-09-18 09:39:00,0.3538999374094942
2019-09-18 09:42:00,0.3709987718193588
2019-09-18 09:45:00,0.33071436911006913
2019-09-18 09:48:00,0.33935378284564877
2019-09-18 09:51:00,0.30740148383898713
2019-09-18 09:54:00,0.278374998598224
2019-09-18 09:57:00,0.28901577053699157
2019-09-18 10:00:00,0.35868675343652967
2019-09-18 10:03:00,0.3244621081543073
2019-09-18 10:06:00,0.17298906638399103
2019-09-18 10:09:00,0.4040836443966782
2019-09-18 10:12:00,0.2624133474077439
2019-09-18 10:15:00,0.2862351569003181
2019-09-18 10:18:00,0.31277614959105904
2019-09-18 10:21:00,0.3830625436505102
2019-09-18 10:24:00,0.3516717635730515
2019-09-18 10:27:00,0.29338979374523433
2019-09-18 10:30:00,0.29126050246037494
2019-09-18 10:33:00,0.3245170575590919
2019-09-18 10:36:00,0.2715505234883153
2019-09-18 10:39:00,0.30400785964383203
2019-09-18 10:42:00,0.28397273292688396
2019-09-18 10:45:00,0.2796344454352493
2019-09-18 10:48:00,0.27621287145149154
2019-09-18 10:51:00,0.2855391583127016
2019-09-18 10:54:00,0.15369617409783132
2019-09-18 10:57:00,0.3137139700192506
2019-09-18 11:00:00,0.3304823548299396
2019-09-18 11:03:00,0.341498814285103
2019-09-18 11:06:00,0.2971498348025534
2019-09-18 11:09:00,0.2564187337637236
2019-09-18 11:12:00,0.283123113803299
2019-09-18 11:15:00,0.21825724299077365
2019-09-18 11:18:00,0.28005523915101094
2019-09-18 11:21:00,0.36835724128684433
2019-09-18 11:24:00,0.12672517548520545
2019-09-18 11:27:00,0.22236199380927246
2019-09-18 11:30:00,0.3255357011231581
2019-09-18 11:33:00,0.31356979118248773
2019-09-18 11:36:00,0.35821310073180257
2019-09-18 11:39:00,0.32863089181046234
2019-09-18 11:42:00,0.32759979775551074
2019-09-18 11:45:00,0.23285304167296772
2019-09-18 11:48:00,0.26598654124023824
2019-09-18 11:51:00,0.2624314940807153
2019-09-18 11:54:00,0.43944705935996353
2019-09-18 11:57:00,0.37406571996081084
2019-09-18 12:00:00,0.31095863233593946
2019-09-18 12:03:00,0.15497887729003423
2019-09-18 12:06:00,0.1998453531521136
2019-09-18 12:09:00,0.25173255580443765
2019-09-18 12:12:00,0.1477073474574695
2019-09-18 12:15:00,0.13950378741253644
2019-09-18 12:18:00,0.26270938019382584
2019-09-18 12:21:00,0.2933446696405895
2019-09-18 12:24:00,0.5052297914082828
2019-09-18 12:27:00,0.49951255031265873
2019-09-18 12:30:00,0.5760524265452887
2019-09-18 12:33:00,0.5319435731395288
2019-09-18 12:36:00,0.44704583546115373
2019-09-18 12:39:00,0.4252796064270683
2019-09-18 12:42:00,0.3939954003136563
2019-09-18 12:45:00,0.4789301805441255
2019-09-18 12:48:00,0.49661424360590445
2019-09-18 12:51:00,0.513718190329314
2019-09-18 12:54:00,0.5140201478570816
2019-09-18 12:57:00,0.39010807756523036
2019-09-18 13:00:00,0.27654514505252337
2019-09-18 13:03:00,0.20122353354952338
2019-09-18 13:06:00,0.21710862424049537
2019-09-18 13:09:00,0.19245658510749308
2019-09-18 13:12:00,0.2678502994482983
2019-09-18 13:15:00,0.2330627295784211
2019-09-18 13:18:00,0.27475995795060726
2019-09-18 13:21:00,0.16742029342765363
2019-09-18 13:24:00,0.1259635365494205
2019-09-18 13:27:00,0.3568501012110801
2019-09-18 13:30:00,0.3752009500730651
2019-09-18 13:33:00,0.5020520521958929
2019-09-18 13:36:00,0.4551952604214762
2019-09-18 13:39:00,0.35502986112595636
2019-09-18 13:42:00,0.4340209456420894
2019-09-18 13:45:00,0.38702210053639874
2019-09-18 13:48:00,0.42505660553177904
2019-09-18 13:51:00,0.2761205247635985
2019-09-18 13:54:00,0.3952459182214625
2019-09-18 13:57:00,0.3491730866711009
2019-09-18 14:00:00,0.2568409426249332
2019-09-18 14:03:00,0.15998898219112334
2019-09-18 14:06:00,0.13892679383030782
2019-09-18 14:09:00,0.2347385293218167
2019-09-18 14:12:00,0.177266467411755
2019-09-18 14:15:00,0.1430915343616448
2019-09-18 14:18:00,0.2355353169288037
2019-09-18 14:21:00,0.20120178005407752
2019-09-18 14:24:00,0.33049364372527634
2019-09-18 14:27:00,0.16072529387906798
2019-09-18 14:30:00,0.20910030273296343
2019-09-18 14:33:00,0.27358979978413345
2019-09-18 14:36:00,0.1779529243625575
2019-09-18 14:39:00,0.19023214456143478
2019-09-18 14:42:00,0.33476768458484685
2019-09-18 14:45:00,0.17503906794303248
2019-09-18 14:48:00,0.1414330399948085
2019-09-18 14:51:00,0.22114040963975867
2019-09-18 14:54:00,0.2365494903587546
2019-09-18 14:57:00,0.2467698641234506
2019-09-18 15:00:00,0.3454746226787506
2019-09-18 15:03:00,0.41167616616257874
2019-09-18 15:06:00,0.4431648778701174
2019-09-18 15:09:00,0.4804872467829
2019-09-18 15:12:00,0.3313560958226276
2019-09-18 15:15:00,0.18900463006048085
2019-09-18 15:18:00,0.2928553648523575
2019-09-18 15:21:00,0.21575174083648108
2019-09-18 15:24:00,0.0866431574755211
2019-09-18 15:27:00,0.12786175486530738
2019-09-18 15:30:00,0.3060539364335
2019-09-18 15:33:00,0.3450399936281201
2019-09-18 15:36:00,0.27665634839604536
2019-09-18 15:39:00,0.2708740741010729
2019-09-18 15:42:00,0.2837279638822565
2019-09-18 15:45:00,0.3729012134365348
2019-09-18 15:48:00,0.4682128860880539
2019-09-18 15:51:00,0.4686890088382256
2019-09-18 15:54:00,0.5019372223503638
2019-09-18 15:57:00,0.46884582351242443
2019-09-18 16:00:00,0.4773865166606015
2019-09-18 16:03:00,0.4714705713440708
2019-09-18 16:06:00,0.4302174978832909
2019-09-18 16:09:00,0.45061376729540825
2019-09-18 16:12:00,0.5128007940678572
2019-09-18 16:15:00,0.43271278282776393
2019-09-18 16:18:00,0.526250113299966
2019-09-18 16:21:00,0.5301410927008874
2019-09-18 16:24:00,0.42529088431172113
2019-09-18 16:27:00,0.4231182407996812
2019-09-18 16:30:00,0.3481933094608394
2019-09-18 16:33:00,0.324861358614271
2019-09-18 16:36:00,0.3049271225468715
2019-09-18 16:39:00,0.31582753869088265
2019-09-18 16:42:00,0.1852944953488418
2019-09-18 16:45:00,0.2505412336657855
2019-09-18 16:48:00,0.2713750875809069
2019-09-18 16:51:00,0.28001604805501756
2019-09-18 16:54:00,0.33701447991620626
2019-09-18 16:57:00,0.22605686582630824
2019-09-18 17:00:00,0.2720060750915536
2019-09-18 17:03:00,0.2550383084209784
2019-09-18 17:06:00,0.2635855145878736
2019-09-18 17:09:00,0.17290268737104952
2019-09-18 17:12:00,0.28528596102296433
2019-09-18 17:15:00,0.19849945344952857
2019-09-18 17:18:00,0.21300411501584904
2019-09-18 17:21:00,0.20596563016965774
2019-09-18 17:24:00,0.11809716948562254
2019-09-18 17:27:00,0.22309048355987215
2019-09-18 17:30:00,0.24844108038604418
2019-09-18 17:33:00,0.24044805088931298
2019-09-18 17:36:00,0.24171333279304008
2019-09-18 17:39:00,0.31551104674321095
2019-09-18 17:42:00,0.2360777214580594
2019-09-18 17:45:00,0.19108694833266782
2019-09-18 17:48:00,0.2578290438888189
2019-09-18 17:51:00,0.274110118989654
2019-09-18 17:54:00,0.20883664788260603
2019-09-18 17:57:00,0.3491993235419386
2019-09-18 18:00:00,0.33502501468797163
2019-09-18 18:03:00,0.21504898243983916
2019-09-18 18:06:00,0.2224169991758913
2019-09-18 18:09:00,0.3049761669380473
2019-09-18 18:12:00,0.19552810959271483
2019-09-18 18:15:00,0.3088045938295636
2019-09-18 18:18:00,0.19866075955786755
2019-09-18 18:21:00,0.24838300754839793
2019-09-18 18:24:00,0.23482232229838473
2019-09-18 18:27:00,0.2110749070853899
2019-09-18 18:30:00,0.1099213307086302
2019-09-18 18:33:00,0.22290453453035752
2019-09-18 18:36:00,0.17528006824068143
2019-09-18 18:39:00,0.20581807165450527
2019-09-18 18:42:00,0.13936018626435498
2019-09-18 18:45:00,0.1741279549513024
2019-09-18 18:48:00,0.20983345679997
2019-09-18 18:51:00,0.17387900399745604
2019-09-18 18:54:00,
2019-09-18 18:57:00,
2019-09-18 19:00:00,
2019-09-18 19:03:00,0.1440712892917304
2019-09-18 19:06:00,0.10842973012722723
2019-09-18 19:09:00,0.2011640858413557
2019-09-18 19:12:00,0.21929754707127813
2019-09-18 19:15:00,0.2215193882083213
2019-09-18 19:18:00,0.2154487645530594
2019-09-18 19:21:00,0.1433881075371346
2019-09-18 19:24:00,0.1395461863668288
2019-09-18 19:27:00,0.1661943667071455
2019-09-18 19:30:00,0.1874226285151508
2019-09-18 19:33:00,0.23913018403595743
2019-09-18 19:36:00,0.2192178420970663
2019-09-18 19:39:00,0.21912800387764264
2019-09-18 19:42:00,0.2165719216546904
2019-09-18 19:45:00,0.15425919889213446
2019-09-18 19:48:00,0.1549659070914231
2019-09-18 19:51:00,0.22305047090378594
2019-09-18 19:54:00,0.25123463878531993
2019-09-18 19:57:00,0.20113127683549692
2019-09-18 20:00:00,0.19284211678143492
2019-09-18 20:03:00,0.29776951531357554
2019-09-18 20:06:00,0.17985699896416918
2019-09-18 20:09:00,0.21471655599867745
2019-09-18 20:12:00,0.1544316160808421
2019-09-18 20:15:00,0.2297706732741176
2019-09-18 20:18:00,0.3085446926933173
2019-09-18 20:21:00,0.15408801198844913
2019-09-18 20:24:00,0.23628942476977954
2019-09-18 20:27:00,0.1557871472602983
2019-09-18 20:30:00,0.24271963255006312
2019-09-18 20:33:00,0.32186533587741906
2019-09-18 20:36:00,0.23994720339487685
2019-09-18 20:39:00,0.23074299992265423
2019-09-18 20:42:00,0.3056860140682147
2019-09-18 20:45:00,0.2112319245920844
2019-09-18 20:48:00,0.2936246617726965
2019-09-18 20:51:00,0.15151391705666128
2019-09-18 20:54:00,0.27224218159364
2019-09-18 20:57:00,0.14397173938618835
2019-09-18 21:00:00,0.2802645424228558
2019-09-18 21:03:00,0.2428160813472573
2019-09-18 21:06:00,0.37398485980759233
2019-09-18 21:09:00,0.34747685109113036
2019-09-18 21:12:00,0.2985440460048494
2019-09-18 21:15:00,0.28100606975584697
2019-09-18 21:18:00,0.2630811379022475
2019-09-18 21:21:00,0.21647169420458567
2019-09-18 21:24:00,0.18934805474765426
2019-09-18 21:27:00,0.24195847802428716
2019-09-18 21:30:00,0.3217492201312666
2019-09-18 21:33:00,0.27750485252420276
2019-09-18 21:36:00,0.26740166870808935
2019-09-18 21:39:00,0.2830318023594032
2019-09-18 21:42:00,0.29876860700420593
2019-09-18 21:45:00,0.16851876701264246
2019-09-18 21:48:00,0.3377150597662535
2019-09-18 21:51:00,0.38615496745177325
2019-09-18 21:54:00,0.39401146875547965
2019-09-18 21:57:00,0.42386915424987137
2019-09-18 22:00:00,0.41284375448299215
2019-09-18 22:03:00,0.4108179215644441
2019-09-18 22:06:00,0.5358092794866707
2019-09-18 22:09:00,0.4898619463633622
2019-09-18 22:12:00,0.545426994166121
2019-09-18 22:15:00,0.5817762578077463
2019-09-18 22:18:00,0.5849856714651764
2019-09-18 22:21:00,0.5807792571289383
2019-09-18 22:24:00,0.530003849719435
2019-09-18 22:27:00,0.4955964356782374
2019-09-18 22:30:00,0.4624995560849925
2019-09-18 22:33:00,0.43602586924635034
2019-09-18 22:36:00,0.4421367688987061
2019-09-18 22:39:00,0.45503963522048707
2019-09-18 22:42:00,0.48051916526685545
2019-09-18 22:45:00,0.46852404338136466
2019-09-18 22:48:00,0.48322305373733343
2019-09-18 22:51:00,0.5135844304456896
2019-09-18 22:54:00,0.5213110906331053
2019-09-18 22:57:00,0.4941827862242576
2019-09-18 23:00:00,0.4545310708612078
2019-09-18 23:03:00,0.5880647168719975
2019-09-18 23:06:00,0.43888228466835244
2019-09-18 23:09:00,0.5041103445327622
2019-09-18 23:12:00,0.575759034410396
2019-09-18 23:15:00,0.4554239628909613
2019-09-18 23:18:00,0.45292515675146205
2019-09-18 23:21:00,0.4200621537214033
2019-09-18 23:24:00,0.491853808807889
2019-09-18 23:27:00,0.5323519418155342
2019-09-18 23:30:00,0.5849311537168091
2019-09-18 23:33:00,0.5123314661123572
2019-09-18 23:36:00,0.5454690668507851
2019-09-18 23:39:00,0.47424224818854555
2019-09-18 23:42:00,0.4751641581539161
2019-09-18 23:45:00,0.5388768941468811
2019-09-18 23:48:00,0.45879799295914836
2019-09-18 23:51:00,0.5092551096691409
2019-09-18 23:54:00,0.5083948518769148
2019-09-18 23:57:00,0.5079813852362349
2019-09-19 00:00:00,0.4094711242010476
2019-09-19 00:03:00,0.5402362494552335
2019-09-19 00:06:00,0.4791633929560817
2019-09-19 00:09:00,0.4353041140229834
2019-09-19 00:12:00,0.40410795597352944
2019-09-19 00:15:00,0.48510842421580946
2019-09-19 00:18:00,0.5465380951891348
2019-09-19 00:21:00,0.5334176864436699
2019-09-19 00:24:00,0.4768867777083301
2019-09-19 00:27:00,0.48831343363013957
2019-09-19 00:30:00,0.6287928729559553
2019-09-19 00:33:00,0.6323443498012011
2019-09-19 00:36:00,0.4887469531059878
2019-09-19 00:39:00,0.3803422404057528
2019-09-19 00:42:00,0.43171470583814653
2019-09-19 00:45:00,0.5654391645438182
2019-09-19 00:48:00,0.5948394282603431
2019-09-19 00:51:00,0.6361950210921918
2019-09-19 00:54:00,0.5346200699112273
2019-09-19 00:57:00,0.49559491804632216
2019-09-19 01:00:00,0.5777010204797648
2019-09-19 01:03:00,0.5649244042933788
2019-09-19 01:06:00,0.597476562322754
2019-09-19 01:09:00,0.5979071018006152
2019-09-19 01:12:00,0.5243579887819578
2019-09-19 01:15:00,0.514806759219141
2019-09-19 01:18:00,0.6721264352331673
2019-09-19 01:21:00,0.5825692097131991
2019-09-19 01:24:00,0.46614045779250546
2019-09-19 01:27:00,0.4817600488231619
2019-09-19 01:30:00,0.3647469493651556
2019-09-19 01:33:00,0.5262703012401175
2019-09-19 01:36:00,0.5237973125054509
2019-09-19 01:39:00,0.4929044037162953
2019-09-19 01:42:00,0.48311636458913654
2019-09-19 01:45:00,0.47103901218793
2019-09-19 01:48:00,0.42930859001000954
2019-09-19 01:51:00,0.4789689041311931
2019-09-19 01:54:00,0.39289332190548976
2019-09-19 01:57:00,0.3870929965289065
2019-09-19 02:00:00,0.4395608043344623
2019-09-19 02:03:00,0.4677620022383735
2019-09-19 02:06:00,0.4342254301980688
2019-09-19 02:09:00,0.4523571998086027
2019-09-19 02:12:00,0.4575951193438641
2019-09-19 02:15:00,0.4444743906124131
2019-09-19 02:18:00,0.482786442467102
2019-09-19 02:21:00,0.5320901468724628
2019-09-19 02:24:00,0.4492481892522733
2019-09-19 02:27:00,0.5723436713545311
2019-09-19 02:30:00,0.5190326002402799
2019-09-19 02:33:00,0.556216256938967
2019-09-19 02:36:00,0.5269475860130797
2019-09-19 02:39:00,0.5071351077089048
2019-09-19 02:42:00,0.545926480659773
2019-09-19 02:45:00,0.508008539200091
2019-09-19 02:48:00,0.5657553610061541
2019-09-19 02:51:00,0.47922025396053414
2019-09-19 02:54:00,0.5780939420486106
2019-09-19 02:57:00,0.5858504053352362
2019-09-19 03:00:00,0.5504342748063209
2019-09-19 03:03:00,0.562909050602741
2019-09-19 03:06:00,0.5710303049911545
2019-09-19 03:09:00,0.5630587621603809
2019-09-19 03:12:00,0.5726907492631312
2019-09-19 03:15:00,0.606966585685143
2019-09-19 03:18:00,0.5522282124118192
2019-09-19 03:21:00,0.5146538966380376
2019-09-19 03:24:00,0.47636204571853114
2019-09-19 03:27:00,0.5429699934436485
2019-09-19 03:30:00,0.5419936816024347
2019-09-19 03:33:00,0.5279940371219709
2019-09-19 03:36:00,0.6116902531395567
2019-09-19 03:39:00,0.569454177104376
2019-09-19 03:42:00,0.4732093182762469
2019-09-19 03:45:00,0.5267263207346105
2019-09-19 03:48:00,0.5184639013979222
2019-09-19 03:51:00,0.5913629862745324
2019-09-19 03:54:00,0.49461917637239594
2019-09-19 03:57:00,0.5415434843527009
2019-09-19 04:00:00,0.558242890158624
2019-09-19 04:03:00,0.5003438290540885
2019-09-19 04:06:00,0.5520423497018214
2019-09-19 04:09:00,0.598009486412991
2019-09-19 04:12:00,0.5189049955560563
2019-09-19 04:15:00,0.4691925691718666
2019-09-19 04:18:00,0.5192056941742749
2019-09-19 04:21:00,0.46074712059885314
2019-09-19 04:24:00,0.529327090107472
2019-09-19 04:27:00,0.474594014225886
2019-09-19 04:30:00,0.4771885002311933
2019-09-19 04:33:00,0.4804934348377401
2019-09-19 04:36:00,0.4902179379631093
2019-09-19 04:39:00,0.45917339911454746
2019-09-19 04:42:00,0.5420936941410446
2019-09-19 04:45:00,0.5218224694272067
2019-09-19 04:48:00,0.4917110972259593
2019-09-19 04:51:00,0.5442950942003222
2019-09-19 04:54:00,0.49318450584394213
2019-09-19 04:57:00,0.5177986449803598
2019-09-19 05:00:00,0.48105575018217905
2019-09-19 05:03:00,0.4312770993548156
2019-09-19 05:06:00,0.44649942947967247
2019-09-19 05:09:00,0.44751335431692496
2019-09-19 05:12:00,0.4530903332313869
2019-09-19 05:15:00,0.5533471586727501
2019-09-19 05:18:00,0.46765286398175476
2019-09-19 05:21:00,0.49566193678145964
2019-09-19 05:24:00,0.5798574200892972
2019-09-19 05:27:00,0.5701616783021564
2019-09-19 05:30:00,0.523617936717983
2019-09-19 05:33:00,0.573374529126113
2019-09-19 05:36:00,0.45208965630826015
2019-09-19 05:39:00,0.5180405295957939
2019-09-19 05:42:00,0.41214928912330606
2019-09-19 05:45:00,0.5658820050776399
2019-09-19 05:48:00,0.5009928611726764
2019-09-19 05:51:00,0.45018688645649263
2019-09-19 05:54:00,0.4366453222078235
2019-09-19 05:57:00,0.5298982547246283
2019-09-19 06:00:00,0.5493286104328945
2019-09-19 06:03:00,0.5337070882443413
2019-09-19 06:06:00,0.506694341173727
2019-09-19 06:09:00,0.4789842098134045
2019-09-19 06:12:00,0.6051845762684707
2019-09-19 06:15:00,0.4551418884498162
2019-09-19 06:18:00,0.4766443958936293
2019-09-19 06:21:00,0.49641938361162374
2019-09-19 06:24:00,0.45385488865611023
2019-09-19 06:27:00,0.4979785488116022
2019-09-19 06:30:00,0.4737432170572333
2019-09-19 06:33:00,0.46667270844886843
2019-09-19 06:36:00,0.3904694430858058
2019-09-19 06:39:00,0.5020498861169926
2019-09-19 06:42:00,0.4615783677186869
2019-09-19 06:45:00,0.4676503647992263
2019-09-19 06:48:00,0.49424005494574885
2019-09-19 06:51:00,0.5379743612243146
2019-09-19 06:54:00,0.6172401285874685
2019-09-19 06:57:00,0.5474802501352087
2019-09-19 07:00:00,0.6211249527105451
2019-09-19 07:03:00,0.5930108453134721
2019-09-19 07:06:00,0.4724416821358659
2019-09-19 07:09:00,0.6476267968188267
2019-09-19 07:12:00,0.5505400757979828
2019-09-19 07:15:00,0.5060987669233441
2019-09-19 07:18:00,0.5278744688169468
2019-09-19 07:21:00,0.474589617199058
2019-09-19 07:24:00,0.5511065611691492
2019-09-19 07:27:00,0.5068688237768129
2019-09-19 07:30:00,0.5373236947451119
2019-09-19 07:33:00,0.5142084445317892
2019-09-19 07:36:00,0.49380678080876805
2019-09-19 07:39:00,0.4609457138965354
2019-09-19 07:42:00,0.5262677093056141
2019-09-19 07:45:00,0.4496376464221612
2019-09-19 07:48:00,0.4658935995147999
2019-09-19 07:51:00,0.49958353122411836
2019-09-19 07:54:00,0.5713107390600953
2019-09-19 07:57:00,0.38565681428161724
2019-09-19 08:00:00,0.4072673044383919
2019-09-19 08:03:00,0.4455989907592084
2019-09-19 08:06:00,0.4856457005970469
2019-09-19 08:09:00,0.45772327748932184
2019-09-19 08:12:00,0.4442072590700832
2019-09-19 08:15:00,0.3899839779295462
2019-09-19 08:18:00,0.4226779041645159
2019-09-19 08:21:00,0.30396148947869506
2019-09-19 08:24:00,0.5117029345933588
2019-09-19 08:27:00,0.5381035788993813
2019-09-19 08:30:00,0.37496639061259884
2019-09-19 08:33:00,0.4463811759531495
2019-09-19 08:36:00,0.518010889531979
2019-09-19 08:39:00,0.3947944746378198
2019-09-19 08:42:00,0.41391180247040893
2019-09-19 08:45:00,0.4767011206264442
2019-09-19 08:48:00,0.44031636656831097
2019-09-19 08:51:00,0.44671342372419076
2019-09-19 08:54:00,0.4828171045483032
2019-09-19 08:57:00,0.2832919119959456
2019-09-19 09:00:00,0.4334932499475599
2019-09-19 09:03:00,0.39099104816762065
2019-09-19 09:06:00,0.3563375229553003
2019-09-19 09:09:00,0.37408604525268174
2019-09-19 09:12:00,0.3652801709803839
2019-09-19 09:15:00,0.3388695473078087
2019-09-19 09:18:00,0.3742100826813157
2019-09-19 09:21:00,0.4191112099998122
2019-09-19 09:24:00,0.37142458639925735
2019-09-19 09:27:00,0.3508632919705974
2019-09-19 09:30:00,0.36674175834002654
2019-09-19 09:33:00,0.3314663983429682
2019-09-19 09:36:00,0.32712181491791625
2019-09-19 09:39:00,0.3454978237285786
2019-09-19 09:42:00,0.3848260337142051
2019-09-19 09:45:00,0.3604570997045471
2019-09-19 09:48:00,0.3427609644228369
2019-09-19 09:51:00,0.28801301333754736
2019-09-19 09:54:00,0.2546831362238322
2019-09-19 09:57:00,0.2361894831317386
2019-09-19 10:00:00,0.13763112725473547
2019-09-19 10:03:00,0.19621165623152592
2019-09-19 10:06:00,0.1817902699791034
2019-09-19 10:09:00,0.13983555683307713
2019-09-19 10:12:00,0.1561709624815535
2019-09-19 10:15:00,0.25082244560155686
2019-09-19 10:18:00,0.1557770895786348
2019-09-19 10:21:00,0.17735686212739665
2019-09-19 10:24:00,0.20013238995596794
2019-09-19 10:27:00,0.08076363415466403
2019-09-19 10:30:00,0.09587100334221077
2019-09-19 10:33:00,0.068024785179432
2019-09-19 10:36:00,0.08382457685991085
2019-09-19 10:39:00,0.05797332803001609
2019-09-19 10:42:00,0.08757941183404228
2019-09-19 10:45:00,0.04391074849814913
2019-09-19 10:48:00,-0.00732583174243473
2019-09-19 10:51:00,0.007113146960932681
2019-09-19 10:54:00,0.03384360073158632
2019-09-19 10:57:00,0.05085330905689034
2019-09-19 11:00:00,-0.010152037014734105
2019-09-19 11:03:00,-0.1348479489979013
2019-09-19 11:06:00,-0.09720518529582023
2019-09-19 11:09:00,0.019019420419908784
2019-09-19 11:12:00,-0.09595363603813212
2019-09-19 11:15:00,-0.07422332252514252
2019-09-19 11:18:00,-0.06700354406569886
2019-09-19 11:21:00,-0.019672622944540308
2019-09-19 11:24:00,-0.021936508728913395
2019-09-19 11:27:00,0.03271034097718939
2019-09-19 11:30:00,-0.04198766016759237
2019-09-19 11:33:00,-0.10009134353799709
2019-09-19 11:36:00,-0.09328244740686387
2019-09-19 11:39:00,-0.1329110027407978
2019-09-19 11:42:00,-0.04006928583208946
2019-09-19 11:45:00,-0.12267544257241525
2019-09-19 11:48:00,-0.09002907405806582
2019-09-19 11:51:00,-0.11098575955782053
2019-09-19 11:54:00,-0.17710266077835968
2019-09-19 11:57:00,-0.11260317364525463
2019-09-19 12:00:00,-0.1623282076122905
2019-09-19 12:03:00,-0.150147512782155
2019-09-19 12:06:00,-0.18347297261220774
2019-09-19 12:09:00,-0.05190992131844041
2019-09-19 12:12:00,-0.04879385986453144
2019-09-19 12:15:00,-0.0494334401585661
2019-09-19 12:18:00,-0.022149121943982664
2019-09-19 12:21:00,-0.04694298110644013
2019-09-19 12:24:00,-0.1854183424572966
2019-09-19 12:27:00,-0.12141927218283399
2019-09-19 12:30:00,-0.10277483306219892
2019-09-19 12:33:00,0.023341434426299656
2019-09-19 12:36:00,-0.003261285549172044
2019-09-19 12:39:00,-0.02398440281342573
2019-09-19 12:42:00,-0.07794682359326544
2019-09-19 12:45:00,-0.02297848463530272
2019-09-19 12:48:00,0.038132233122723846
2019-09-19 12:51:00,-0.04732729734831764
2019-09-19 12:54:00,-0.13783270070751996
2019-09-19 12:57:00,-0.2388098044653475
2019-09-19 13:00:00,-0.30343439909773906
2019-09-19 13:03:00,-0.2850031910759867
2019-09-19 13:06:00,-0.3116119798515342
2019-09-19 13:09:00,-0.3088166278591302
2019-09-19 13:12:00,-0.2973615978139037
2019-09-19 13:15:00,-0.3263204784669256
2019-09-19 13:18:00,-0.31072307545775857
2019-09-19 13:21:00,-0.31053664333092
2019-09-19 13:24:00,-0.25277633694946644
2019-09-19 13:27:00,-0.3358863328595021
2019-09-19 13:30:00,-0.3009960264650431
2019-09-19 13:33:00,-0.32594630876184283
2019-09-19 13:36:00,-0.32941635990488294
2019-09-19 13:39:00,-0.23477164859110644
2019-09-19 13:42:00,-0.32824169672028347
2019-09-19 13:45:00,-0.19120370641093132
2019-09-19 13:48:00,-0.14864235215918598
2019-09-19 13:51:00,-0.22812020579857517
2019-09-19 13:54:00,-0.28559748865438905
2019-09-19 13:57:00,-0.357284549773226
2019-09-19 14:00:00,-0.24861716839296832
2019-09-19 14:03:00,-0.21956369381069862
2019-09-19 14:06:00,-0.08635988682499374
2019-09-19 14:09:00,-0.18395987042930528
2019-09-19 14:12:00,-0.21626584982942632
2019-09-19 14:15:00,-0.26507404713737515
2019-09-19 14:18:00,-0.40028207717125497
2019-09-19 14:21:00,-0.3069215726766288
2019-09-19 14:24:00,-0.2214070385747391
2019-09-19 14:27:00,-0.26024295490856275
2019-09-19 14:30:00,-0.23642502581543567
2019-09-19 14:33:00,-0.28340137897851037
2019-09-19 14:36:00,-0.32309576521487315
2019-09-19 14:39:00,-0.14920454560393637
2019-09-19 14:42:00,-0.43011803658527015
2019-09-19 14:45:00,-0.23245962582564061
2019-09-19 14:48:00,-0.30979856240008985
2019-09-19 14:51:00,-0.3955542623343149
2019-09-19 14:54:00,-0.31324824716909916
2019-09-19 14:57:00,-0.32869821597677173
2019-09-19 15:00:00,-0.3925228928573574
2019-09-19 15:03:00,-0.2523094752978068
2019-09-19 15:06:00,-0.25881845613633914
2019-09-19 15:09:00,-0.3479233439087466
2019-09-19 15:12:00,-0.32582307186453363
2019-09-19 15:15:00,-0.39544420183091233
2019-09-19 15:18:00,-0.3134808997233449
2019-09-19 15:21:00,-0.4174673909702733
2019-09-19 15:24:00,-0.2637820707141145
2019-09-19 15:27:00,-0.28162985584816624
2019-09-19 15:30:00,-0.1829627635982547
2019-09-19 15:33:00,-0.19163097091035297
2019-09-19 15:36:00,-0.17864538737842395
2019-09-19 15:39:00,-0.18843845012298743
2019-09-19 15:42:00,-0.18566813251493386
2019-09-19 15:45:00,-0.14208545851857934
2019-09-19 15:48:00,-0.10622201983903778
2019-09-19 15:51:00,-0.24410662791302684
2019-09-19 15:54:00,-0.2628549071294515
2019-09-19 15:57:00,-0.12126345744775335
2019-09-19 16:00:00,-0.298779721227163
2019-09-19 16:03:00,-0.2781764425557185
2019-09-19 16:06:00,-0.2096930089929856
2019-09-19 16:09:00,-0.29478290329450374
2019-09-19 16:12:00,-0.217416209567034
2019-09-19 16:15:00,-0.24367336850519905
2019-09-19 16:18:00,-0.2892465143679601
2019-09-19 16:21:00,-0.14331223360602507
2019-09-19 16:24:00,-0.16594723915676468
2019-09-19 16:27:00,-0.18950732145083293
2019-09-19 16:30:00,-0.1875281914751099
2019-09-19 16:33:00,-0.18909535372608843
2019-09-19 16:36:00,-0.093725558447602
2019-09-19 16:39:00,-0.25025241583756497
2019-09-19 16:42:00,-0.1073626410644124
2019-09-19 16:45:00,-0.10173626855976181
2019-09-19 16:48:00,-0.11537557642822094
2019-09-19 16:51:00,-0.03220331927815323
2019-09-19 16:54:00,0.024898288694259918
2019-09-19 16:57:00,-0.09979686084938066
2019-09-19 17:00:00,0.01614013613118459
2019-09-19 17:03:00,-0.13527281822598525
2019-09-19 17:06:00,-0.020116871242748857
2019-09-19 17:09:00,0.03280918232451313
2019-09-19 17:12:00,0.07075926488670348
2019-09-19 17:15:00,0.033319974373682726
2019-09-19 17:18:00,0.008719370977075869
2019-09-19 17:21:00,-0.016996522046042628
2019-09-19 17:24:00,0.0511935347131498
2019-09-19 17:27:00,-0.026351100816555117
2019-09-19 17:30:00,0.04350891583214889
2019-09-19 17:33:00,0.015881310822578598
2019-09-19 17:36:00,0.08345391685270442
2019-09-19 17:39:00,0.16644479157866954
2019-09-19 17:42:00,0.005148197111509489
2019-09-19 17:45:00,0.07695822811973585
2019-09-19 17:48:00,0.014155046115320147
2019-09-19 17:51:00,-0.001555932748772193
2019-09-19 17:54:00,-0.012910078248978607
2019-09-19 17:57:00,0.11933063038213731
2019-09-19 18:00:00,0.036252188142782416
2019-09-19 18:03:00,0.05443820197683635
2019-09-19 18:06:00,0.11588025036542149
2019-09-19 18:09:00,0.01246142165831543
2019-09-19 18:12:00,0.07064989721641268
2019-09-19 18:15:00,0.10196336388867167
2019-09-19 18:18:00,0.04839532539216407
2019-09-19 18:21:00,-0.03691067521521063
2019-09-19 18:24:00,0.06013954783514919
2019-09-19 18:27:00,0.012013150785321614
2019-09-19 18:30:00,0.05413420863794727
2019-09-19 18:33:00,0.06007032615502794
2019-09-19 18:36:00,0.14670009788994776
2019-09-19 18:39:00,0.12486628179061654
2019-09-19 18:42:00,0.166509032039869
2019-09-19 18:45:00,0.18024711526123838
2019-09-19 18:48:00,0.09330644143790323
2019-09-19 18:51:00,0.10804756834119189
2019-09-19 18:54:00,
2019-09-19 18:57:00,
2019-09-19 19:00:00,
2019-09-19 19:03:00,0.30066922903336035
2019-09-19 19:06:00,0.2679721906687291
2019-09-19 19:09:00,0.24888570184936043
2019-09-19 19:12:00,0.0895545105055362
2019-09-19 19:15:00,0.10127661351111783
2019-09-19 19:18:00,0.19176222648576413
2019-09-19 19:21:00,0.15006437668961325
2019-09-19 19:24:00,0.2595901215363483
2019-09-19 19:27:00,0.156669972806867
2019-09-19 19:30:00,0.13406400340073787
2019-09-19 19:33:00,0.12909622018150912
2019-09-19 19:36:00,0.18787138661411973
2019-09-19 19:39:00,0.16338557187060587
2019-09-19 19:42:00,0.22031046491207462
2019-09-19 19:45:00,0.20840501855087723
2019-09-19 19:48:00,0.23749132551563434
2019-09-19 19:51:00,0.21710300168342656
2019-09-19 19:54:00,0.16309218818167892
2019-09-19 19:57:00,0.20640773589451555
2019-09-19 20:00:00,0.17753169629338572
2019-09-19 20:03:00,0.22796801071774553
2019-09-19 20:06:00,0.20460489802206894
2019-09-19 20:09:00,0.14288428985412338
2019-09-19 20:12:00,0.15972073055013425
2019-09-19 20:15:00,0.29673973379033214
2019-09-19 20:18:00,0.21029478477515795
2019-09-19 20:21:00,0.18005303535636585
2019-09-19 20:24:00,0.15484772291330273
2019-09-19 20:27:00,0.233996415395211
2019-09-19 20:30:00,0.3010681720792263
2019-09-19 20:33:00,0.22760946571600016
2019-09-19 20:36:00,0.33045356264034353
2019-09-19 20:39:00,0.11385702730484581
2019-09-19 20:42:00,0.23684077103916934
2019-09-19 20:45:00,0.25264850160908736
2019-09-19 20:48:00,0.36186519560880015
2019-09-19 20:51:00,0.23821001264963115
2019-09-19 20:54:00,0.2235620130420557
2019-09-19 20:57:00,0.17101972551466815
2019-09-19 21:00:00,0.24450972721984954
2019-09-19 21:03:00,0.16652757756173742
2019-09-19 21:06:00,0.11206159129335447
2019-09-19 21:09:00,0.1830909452280025
2019-09-19 21:12:00,0.2001706201494926
2019-09-19 21:15:00,0.15802495717775855
2019-09-19 21:18:00,0.2238232192906935
2019-09-19 21:21:00,0.22264798573110056
2019-09-19 21:24:00,0.24775810606701043
2019-09-19 21:27:00,0.20293307963243024
2019-09-19 21:30:00,0.23081146897629878
2019-09-19 21:33:00,0.2588267584534947
2019-09-19 21:36:00,0.29127717266106856
2019-09-19 21:39:00,0.4122622024141833
2019-09-19 21:42:00,0.48940129985049907
2019-09-19 21:45:00,0.4238098505161929
2019-09-19 21:48:00,0.38432671758863535
2019-09-19 21:51:00,0.34532377305197315
2019-09-19 21:54:00,0.24889176304213834
2019-09-19 21:57:00,0.22726281632634482
2019-09-19 22:00:00,0.1620521282903269
2019-09-19 22:03:00,0.3260310802004369
2019-09-19 22:06:00,0.739299769083118
2019-09-19 22:09:00,0.3499723879111798
2019-09-19 22:12:00,0.4627303878033331
2019-09-19 22:15:00,0.3153955864023601
2019-09-19 22:18:00,0.21626763758479228
2019-09-19 22:21:00,0.15953696769696535
2019-09-19 22:24:00,0.1805399930452154
2019-09-19 22:27:00,0.2888792472072055
2019-09-19 22:30:00,0.3723920499766109
2019-09-19 22:33:00,0.3565541793979037
2019-09-19 22:36:00,0.3593391572021005
2019-09-19 22:39:00,0.32829554397414995
2019-09-19 22:42:00,0.3022216312350565
2019-09-19 22:45:00,0.4252469091144917
2019-09-19 22:48:00,0.34720571637251396
2019-09-19 22:51:00,0.4001822926597356
2019-09-19 22:54:00,0.48611808150297975
2019-09-19 22:57:00,0.32259973231901995
2019-09-19 23:00:00,0.29053987743299103
2019-09-19 23:03:00,0.3942078616528306
2019-09-19 23:06:00,0.32811512886019045
2019-09-19 23:09:00,0.37637781364128386
2019-09-19 23:12:00,0.2333220286714095
2019-09-19 23:15:00,0.22170823543075358
2019-09-19 23:18:00,0.35283082544208355
2019-09-19 23:21:00,0.31363529277518865
2019-09-19 23:24:00,0.22211074467662684
2019-09-19 23:27:00,0.3038879502714167
2019-09-19 23:30:00,0.26979506043466017
2019-09-19 23:33:00,0.2836138292108785
2019-09-19 23:36:00,0.30477806222495474
2019-09-19 23:39:00,0.293520947489867
2019-09-19 23:42:00,0.2986196993826411
2019-09-19 23:45:00,0.30139987684782454
2019-09-19 23:48:00,0.20820945884372577
2019-09-19 23:51:00,0.26447557568286584
2019-09-19 23:54:00,0.3230738706301395
2019-09-19 23:57:00,0.28952392063189336
2019-09-20 00:00:00,0.2990504785023518
2019-09-20 00:03:00,0.29566810498960194
2019-09-20 00:06:00,0.35442918370927146
2019-09-20 00:09:00,0.3936831031820134
2019-09-20 00:12:00,0.34669789720067
2019-09-20 00:15:00,0.29518789605253914
2019-09-20 00:18:00,0.3211541318431159
2019-09-20 00:21:00,0.3007056794444338
2019-09-20 00:24:00,0.36837456447125305
2019-09-20 00:27:00,0.28504723657840714
2019-09-20 00:30:00,0.3766023099179847
2019-09-20 00:33:00,0.23554707470094627
2019-09-20 00:36:00,0.2953260234255026
2019-09-20 00:39:00,0.335891763525467
2019-09-20 00:42:00,0.295167969511283
2019-09-20 00:45:00,0.32062750290424447
2019-09-20 00:48:00,0.3027274402169269
2019-09-20 00:51:00,0.3191192714913882
2019-09-20 00:54:00,0.18244278571813766
2019-09-20 00:57:00,0.2916474924745671
2019-09-20 01:00:00,0.2509333843746617
2019-09-20 01:03:00,0.23472195001824048
2019-09-20 01:06:00,0.2767456222495639
2019-09-20 01:09:00,0.28854708952684405
2019-09-20 01:12:00,0.3621007780349146
2019-09-20 01:15:00,0.27246692359722147
2019-09-20 01:18:00,0.33501092950820066
2019-09-20 01:21:00,0.3377955795596108
2019-09-20 01:24:00,0.3046787662802899
2019-09-20 01:27:00,0.3029130617925375
2019-09-20 01:30:00,0.29888938440160473
2019-09-20 01:33:00,0.4196197122217882
2019-09-20 01:36:00,0.29295602393023046
2019-09-20 01:39:00,0.3119292234090949
2019-09-20 01:42:00,0.4003316584385743
2019-09-20 01:45:00,0.35580050425261334
2019-09-20 01:48:00,0.29980098161462365
2019-09-20 01:51:00,0.3855751950908939
2019-09-20 01:54:00,0.3087771957772816
2019-09-20 01:57:00,0.4375314020779797
2019-09-20 02:00:00,0.42990297987256554
2019-09-20 02:03:00,0.4152884747486496
2019-09-20 02:06:00,0.36228038879033875
2019-09-20 02:09:00,0.3421562407359602
2019-09-20 02:12:00,0.4185696399583776
2019-09-20 02:15:00,0.38548590227861723
2019-09-20 02:18:00,0.323322852954675
2019-09-20 02:21:00,0.33248361175668606
2019-09-20 02:24:00,0.40655644751706177
2019-09-20 02:27:00,0.4120457867920777
2019-09-20 02:30:00,0.4028444783700138
2019-09-20 02:33:00,0.4069076085922916
2019-09-20 02:36:00,0.3942373684257632
2019-09-20 02:39:00,0.46948859547109123
2019-09-20 02:42:00,0.4645806512983768
2019-09-20 02:45:00,0.4252999548590424
2019-09-20 02:48:00,0.43177826243379513
2019-09-20 02:51:00,0.3792833630974428
2019-09-20 02:54:00,0.335797436645521
2019-09-20 02:57:00,0.28464382935504773
2019-09-20 03:00:00,0.3973393903316378
2019-09-20 03:03:00,0.4443829302202289
2019-09-20 03:06:00,0.3427242484938233
2019-09-20 03:09:00,0.23424036990547847
2019-09-20 03:12:00,0.3149453891810481
2019-09-20 03:15:00,0.37457972694340924
2019-09-20 03:18:00,0.2900581319975686
2019-09-20 03:21:00,0.3889804772626917
2019-09-20 03:24:00,0.3496034203143381
2019-09-20 03:27:00,0.41957820762058873
2019-09-20 03:30:00,0.4131245403683579
2019-09-20 03:33:00,0.39431226291964094
2019-09-20 03:36:00,0.4054626082877917
2019-09-20 03:39:00,0.39895981636203715
2019-09-20 03:42:00,0.42774559166275594
2019-09-20 03:45:00,0.4850164818164444
2019-09-20 03:48:00,0.4354946187922337
2019-09-20 03:51:00,0.4710985202348752
2019-09-20 03:54:00,0.42568094414582447
2019-09-20 03:57:00,0.4069448883744258
2019-09-20 04:00:00,0.33541191347410404
2019-09-20 04:03:00,0.35929642816279284
2019-09-20 04:06:00,0.3436349712825404
2019-09-20 04:09:00,0.4500642704410325
2019-09-20 04:12:00,0.35195744130658113
2019-09-20 04:15:00,0.42485038225487415
2019-09-20 04:18:00,0.49023007785933714
2019-09-20 04:21:00,0.4195372505034811
2019-09-20 04:24:00,0.3537070332531016
2019-09-20 04:27:00,0.374318690464861
2019-09-20 04:30:00,0.4846003787222344
2019-09-20 04:33:00,0.4386683109722753
2019-09-20 04:36:00,0.37360274424275985
2019-09-20 04:39:00,0.44265762634813655
2019-09-20 04:42:00,0.3629095758715266
2019-09-20 04:45:00,0.3902215895944323
2019-09-20 04:48:00,0.35757988043241085
2019-09-20 04:51:00,0.45722808537880155
2019-09-20 04:54:00,0.48203594748360956
2019-09-20 04:57:00,0.4885243371720662
2019-09-20 05:00:00,0.5130707501226652
2019-09-20 05:03:00,0.3442542610123951
2019-09-20 05:06:00,0.37362885792879297
2019-09-20 05:09:00,0.4587965214543601
2019-09-20 05:12:00,0.428667539001367
2019-09-20 05:15:00,0.46366260457483577
2019-09-20 05:18:00,0.44390441466470065
2019-09-20 05:21:00,0.44184730988104093
2019-09-20 05:24:00,0.43771645722563335
2019-09-20 05:27:00,0.446565253136157
2019-09-20 05:30:00,0.3413592591231236
2019-09-20 05:33:00,0.40784166801944366
2019-09-20 05:36:00,0.5319229805987788
2019-09-20 05:39:00,0.4293553831975032
2019-09-20 05:42:00,0.39070503611492313
2019-09-20 05:45:00,0.33871488126459326
2019-09-20 05:48:00,0.39840401709608386
2019-09-20 05:51:00,0.4035291936624503
2019-09-20 05:54:00,0.3316469273999587
2019-09-20 05:57:00,0.4216451583496905
2019-09-20 06:00:00,0.3662689607232892
2019-09-20 06:03:00,0.37234300387962094
2019-09-20 06:06:00,0.3891184539424444
2019-09-20 06:09:00,0.36388445782904455
2019-09-20 06:12:00,0.4130616604643933
2019-09-20 06:15:00,0.29897983219063917
2019-09-20 06:18:00,0.3294610119364165
2019-09-20 06:21:00,0.32559384120980894
2019-09-20 06:24:00,0.3277192047278845
2019-09-20 06:27:00,0.3702465028359825
2019-09-20 06:30:00,0.27617445017068576
2019-09-20 06:33:00,0.4629926035511289
2019-09-20 06:36:00,0.42854362543931757
2019-09-20 06:39:00,0.24289839630392862
2019-09-20 06:42:00,0.3919344407098606
2019-09-20 06:45:00,0.34781722935883863
2019-09-20 06:48:00,0.3852826776293341
2019-09-20 06:51:00,0.4479353514149125
2019-09-20 06:54:00,0.376511312250841
2019-09-20 06:57:00,0.3630561497204212
2019-09-20 07:00:00,0.3791317967550185
2019-09-20 07:03:00,0.4288851689824469
2019-09-20 07:06:00,0.44899760439022884
2019-09-20 07:09:00,0.46982871467633913
2019-09-20 07:12:00,0.3481218938234747
2019-09-20 07:15:00,0.37557735755098065
2019-09-20 07:18:00,0.45842523018893644
2019-09-20 07:21:00,0.4534962173469239
2019-09-20 07:24:00,0.37200324744793534
2019-09-20 07:27:00,0.3447593812675791
2019-09-20 07:30:00,0.3057181669918805
2019-09-20 07:33:00,0.3356329735368604
2019-09-20 07:36:00,0.40524698272821524
2019-09-20 07:39:00,0.3895175569871867
2019-09-20 07:42:00,0.3283498004013268
2019-09-20 07:45:00,0.32329121373840053
2019-09-20 07:48:00,0.28491136790364635
2019-09-20 07:51:00,0.36181421612354825
2019-09-20 07:54:00,0.2483231337795928
2019-09-20 07:57:00,0.36090343488859844
2019-09-20 08:00:00,0.2649224139566968
2019-09-20 08:03:00,0.3264662586815916
2019-09-20 08:06:00,0.2622660253416029
2019-09-20 08:09:00,0.3104739001517487
2019-09-20 08:12:00,0.3493467872376641
2019-09-20 08:15:00,0.2804080516735894
2019-09-20 08:18:00,0.29891814519004356
2019-09-20 08:21:00,0.2935522508157078
2019-09-20 08:24:00,0.3359088776366548
2019-09-20 08:27:00,0.2295158835840425
2019-09-20 08:30:00,0.3103260932596186
2019-09-20 08:33:00,0.3673231641907364
2019-09-20 08:36:00,0.37777413276279503
2019-09-20 08:39:00,0.17988525857106197
2019-09-20 08:42:00,0.2806514119415624
2019-09-20 08:45:00,0.19551275307782134
2019-09-20 08:48:00,0.19391474871395076
2019-09-20 08:51:00,0.23867243235559954
2019-09-20 08:54:00,0.1670287519685303
2019-09-20 08:57:00,0.26428629193173947
2019-09-20 09:00:00,0.2337155502914925
2019-09-20 09:03:00,0.30348082242949204
2019-09-20 09:06:00,0.24828558202170825
2019-09-20 09:09:00,0.24422009750497864
2019-09-20 09:12:00,0.15369990284921187
2019-09-20 09:15:00,0.21600092095889067
2019-09-20 09:18:00,0.14959000831510139
2019-09-20 09:21:00,0.185018739893394
2019-09-20 09:24:00,0.19846738969260969
2019-09-20 09:27:00,0.17860532128355544
2019-09-20 09:30:00,0.1184070162632338
2019-09-20 09:33:00,0.08606494001605824
2019-09-20 09:36:00,0.08250770302981891
2019-09-20 09:39:00,0.1368332043624605
2019-09-20 09:42:00,0.1083070019995489
2019-09-20 09:45:00,0.10305698063137925
2019-09-20 09:48:00,0.18063072332626007
2019-09-20 09:51:00,0.1494134101990312
2019-09-20 09:54:00,0.15241805840923917
2019-09-20 09:57:00,0.06883412116468435
2019-09-20 10:00:00,0.049309627633022046
2019-09-20 10:03:00,0.039649114110375194
2019-09-20 10:06:00,0.05907126632695281
2019-09-20 10:09:00,0.008055461024298438
2019-09-20 10:12:00,0.0166496582097011
2019-09-20 10:15:00,0.0025362019982253514
2019-09-20 10:18:00,-0.03463765343360592
2019-09-20 10:21:00,-8.284864418328652e-05
2019-09-20 10:24:00,0.03177878964845604
2019-09-20 10:27:00,-0.10230889593742631
2019-09-20 10:30:00,0.02697880004001263
2019-09-20 10:33:00,0.004217009527167193
2019-09-20 10:36:00,-0.08600398756681216
2019-09-20 10:39:00,-0.025315197510053622
2019-09-20 10:42:00,-0.03207378923963233
2019-09-20 10:45:00,-0.02810804345932638
2019-09-20 10:48:00,0.017371866971643612
2019-09-20 10:51:00,0.030813161105243125
2019-09-20 10:54:00,0.07570522767332477
2019-09-20 10:57:00,0.11976927905789125
2019-09-20 11:00:00,0.14399311183746022
2019-09-20 11:03:00,0.0686396866003065
2019-09-20 11:06:00,-0.0355568489562188
2019-09-20 11:09:00,-0.07551098747580909
2019-09-20 11:12:00,0.002783763511615689
2019-09-20 11:15:00,-0.12151564879917487
2019-09-20 11:18:00,-0.0007022392750286599
2019-09-20 11:21:00,-0.031245930954071355
2019-09-20 11:24:00,-0.03490926327435773
2019-09-20 11:27:00,-0.0013002138359183846
2019-09-20 11:30:00,-0.0043086049173552965
2019-09-20 11:33:00,-0.023220499310809828
2019-09-20 11:36:00,-0.25838525660566347
2019-09-20 11:39:00,-0.20925577369848725
2019-09-20 11:42:00,0.05997534442064989
2019-09-20 11:45:00,-0.001284159472106694
2019-09-20 11:48:00,-0.027641826629007937
2019-09-20 11:51:00,0.012382499331863528
2019-09-20 11:54:00,0.012269323522502873
2019-09-20 11:57:00,-0.07352732227047909
2019-09-20 12:00:00,-0.1988894929683056
2019-09-20 12:03:00,-0.1523776739695677
2019-09-20 12:06:00,-0.16486242191837164
2019-09-20 12:09:00,-0.143429308110683
2019-09-20 12:12:00,-0.15516988613671856
2019-09-20 12:15:00,-0.077494758523585
2019-09-20 12:18:00,-0.20852436760827686
2019-09-20 12:21:00,0.016852130337554172
2019-09-20 12:24:00,0.42639394346383597
2019-09-20 12:27:00,0.3512554058924593
2019-09-20 12:30:00,0.2959663797560097
2019-09-20 12:33:00,0.29771663856467967
2019-09-20 12:36:00,0.38599817671411074
2019-09-20 12:39:00,0.25633332321899616
2019-09-20 12:42:00,0.07589063939042262
2019-09-20 12:45:00,0.13779243029364352
2019-09-20 12:48:00,0.32005808531738467
2019-09-20 12:51:00,0.18979699964637575
2019-09-20 12:54:00,0.2307797070466222
2019-09-20 12:57:00,0.26421537762479375
2019-09-20 13:00:00,0.25564749081792115
2019-09-20 13:03:00,0.2623961016257681
2019-09-20 13:06:00,0.35734497370839335
2019-09-20 13:09:00,0.32308095938992665
2019-09-20 13:12:00,0.40846610742528355
2019-09-20 13:15:00,0.316243975599491
2019-09-20 13:18:00,0.16925544564389838
2019-09-20 13:21:00,0.0776520704101813
2019-09-20 13:24:00,0.06865258646058692
2019-09-20 13:27:00,0.1498000221575353
2019-09-20 13:30:00,0.12730938225342925
2019-09-20 13:33:00,0.1877684712936798
2019-09-20 13:36:00,0.13761396831921502
2019-09-20 13:39:00,0.14451810059563286
2019-09-20 13:42:00,0.10691508432006458
2019-09-20 13:45:00,0.13597102208495926
2019-09-20 13:48:00,0.07995176202399534
2019-09-20 13:51:00,0.018982345224230812
2019-09-20 13:54:00,0.058399933455973496
2019-09-20 13:57:00,-0.08325304030051939
2019-09-20 14:00:00,0.0043288497259936776
2019-09-20 14:03:00,-0.04010866603618979
2019-09-20 14:06:00,-0.10295700542428676
2019-09-20 14:09:00,-0.05079003649967717
2019-09-20 14:12:00,0.010351365856820394
2019-09-20 14:15:00,-0.043093667160178484
2019-09-20 14:18:00,-0.07794680820012445
2019-09-20 14:21:00,0.059170449896782884
2019-09-20 14:24:00,0.057915796279360165
2019-09-20 14:27:00,0.07199202312659736
2019-09-20 14:30:00,-0.08030370737895964
2019-09-20 14:33:00,-0.062198194089774006
2019-09-20 14:36:00,0.051047491118538346
2019-09-20 14:39:00,0.02186426885475612
2019-09-20 14:42:00,0.07581598384052768
2019-09-20 14:45:00,-0.08980111376683908
2019-09-20 14:48:00,0.07896555560841989
2019-09-20 14:51:00,0.12361471481767694
2019-09-20 14:54:00,0.1783838606502286
2019-09-20 14:57:00,0.21983533457762405
2019-09-20 15:00:00,0.12179661615749637
2019-09-20 15:03:00,0.19831540524637603
2019-09-20 15:06:00,0.22171745177740831
2019-09-20 15:09:00,0.17252512744477144
2019-09-20 15:12:00,0.2391801773807174
2019-09-20 15:15:00,0.1352596294967725
2019-09-20 15:18:00,0.1752911996138664
2019-09-20 15:21:00,0.11792224403222917
2019-09-20 15:24:00,0.0999010011437349
2019-09-20 15:27:00,0.07769845637307071
2019-09-20 15:30:00,0.13817746265777942
2019-09-20 15:33:00,0.07266653042580629
2019-09-20 15:36:00,-0.10190843344747691
2019-09-20 15:39:00,-0.0655119150765131
2019-09-20 15:42:00,0.004844530314073836
2019-09-20 15:45:00,-0.06182217128463208
2019-09-20 15:48:00,-0.12132877566637035
2019-09-20 15:51:00,0.01259906394926702
2019-09-20 15:54:00,-0.13927684027862597
2019-09-20 15:57:00,-0.16213354393187274
2019-09-20 16:00:00,-0.12178264809045913
2019-09-20 16:03:00,-0.14263075951208748
2019-09-20 16:06:00,-0.17421963344821734
2019-09-20 16:09:00,-0.14983771151702285
2019-09-20 16:12:00,-0.19780022034586864
2019-09-20 16:15:00,-0.11201991805364742
2019-09-20 16:18:00,-0.22562153853340305
2019-09-20 16:21:00,-0.12027441339688494
2019-09-20 16:24:00,-0.11082047449275478
2019-09-20 16:27:00,-0.12312944312793661
2019-09-20 16:30:00,-0.2720915265747408
2019-09-20 16:33:00,-0.1729541676471058
2019-09-20 16:36:00,-0.2220744102708636
2019-09-20 16:39:00,-0.14588494911339467
2019-09-20 16:42:00,-0.20244370949080803
2019-09-20 16:45:00,-0.12011076034002599
2019-09-20 16:48:00,-0.10320142437598179
2019-09-20 16:51:00,-0.05561907254974585
2019-09-20 16:54:00,-0.1405077570612434
2019-09-20 16:57:00,-0.02443891416214683
2019-09-20 17:00:00,-0.043809113076690664
2019-09-20 17:03:00,-0.2179112894311288
2019-09-20 17:06:00,-0.2008861281907457
2019-09-20 17:09:00,-0.14302491175936893
2019-09-20 17:12:00,-0.11767512071639885
2019-09-20 17:15:00,-0.017217516306232028
2019-09-20 17:18:00,-0.09916064492676924
2019-09-20 17:21:00,-0.07412369003452568
2019-09-20 17:24:00,-0.053066420579057194
2019-09-20 17:27:00,-0.05563528021372122
2019-09-20 17:30:00,0.060486335122618584
2019-09-20 17:33:00,0.09192793388200471
2019-09-20 17:36:00,-0.0908676586689694
2019-09-20 17:39:00,0.06576652501229319
2019-09-20 17:42:00,-0.06814883788553061
2019-09-20 17:45:00,0.041546107668409604
2019-09-20 17:48:00,0.06057974339262273
2019-09-20 17:51:00,0.12840791255672457
2019-09-20 17:54:00,0.1203266750152352
2019-09-20 17:57:00,0.04040631442887843
2019-09-20 18:00:00,0.18472224401722315
2019-09-20 18:03:00,0.05682691530819284
2019-09-20 18:06:00,0.0787440890019866
2019-09-20 18:09:00,0.12848037707459525
2019-09-20 18:12:00,0.08182207894054727
2019-09-20 18:15:00,0.08073998770572643
2019-09-20 18:18:00,-0.004924444852861143
2019-09-20 18:21:00,0.019142622839694923
2019-09-20 18:24:00,-0.03747968376080735
2019-09-20 18:27:00,0.06940700910678288
2019-09-20 18:30:00,0.0322165160882264
2019-09-20 18:33:00,0.05711057078900694
2019-09-20 18:36:00,0.0007098053619074562
2019-09-20 18:39:00,0.021236612089467144
2019-09-20 18:42:00,0.07293314528766359
2019-09-20 18:45:00,0.0995971416808743
2019-09-20 18:48:00,0.11185404358303686
2019-09-20 18:51:00,0.10299786856268156
2019-09-20 18:54:00,
2019-09-20 18:57:00,
2019-09-20 19:00:00,
2019-09-20 19:03:00,0.006465740591124813
2019-09-20 19:06:00,-0.03486100645091028
2019-09-20 19:09:00,-0.08612167476860577
2019-09-20 19:12:00,0.05568081466424246
2019-09-20 19:15:00,-0.014844450530404174
2019-09-20 19:18:00,0.013139189112052918
2019-09-20 19:21:00,0.10609453161151805
2019-09-20 19:24:00,0.1466661743092459
2019-09-20 19:27:00,0.07972112533343534
2019-09-20 19:30:00,0.10049372564736814
2019-09-20 19:33:00,0.17430036743752453
2019-09-20 19:36:00,0.2391531280629806
2019-09-20 19:39:00,0.2085105871715882
2019-09-20 19:42:00,0.35523428108984945
2019-09-20 19:45:00,0.3863133042354434
2019-09-20 19:48:00,0.42644168302365415
2019-09-20 19:51:00,0.36479702935372416
2019-09-20 19:54:00,0.24961614221058426
2019-09-20 19:57:00,0.10711055245224088
2019-09-20 20:00:00,0.1197243553339149
2019-09-20 20:03:00,0.036914068356850294
2019-09-20 20:06:00,0.07037303416234408
2019-09-20 20:09:00,0.049643660175206605
2019-09-20 20:12:00,-0.042372131223146425
2019-09-20 20:15:00,0.08421465384418525
2019-09-20 20:18:00,0.171555339629208
2019-09-20 20:21:00,0.12431852343439687
2019-09-20 20:24:00,0.14063744314904625
2019-09-20 20:27:00,0.18032781258438035
2019-09-20 20:30:00,0.13831906429004448
2019-09-20 20:33:00,0.19480089190511762
2019-09-20 20:36:00,0.2753664198070851
2019-09-20 20:39:00,0.28270191380403276
2019-09-20 20:42:00,0.27701292536784194
2019-09-20 20:45:00,0.2864092661333757
2019-09-20 20:48:00,0.25074100393129584
2019-09-20 20:51:00,0.2456906559428944
2019-09-20 20:54:00,0.20546341187269945
2019-09-20 20:57:00,0.0567252223800665
2019-09-20 21:00:00,0.061347206086736605
2019-09-20 21:03:00,-0.06687836957644322
2019-09-20 21:06:00,0.013673198864182723
2019-09-20 21:09:00,0.08366356744022596
2019-09-20 21:12:00,-0.030026841250332836
2019-09-20 21:15:00,-0.0011003967560441197
2019-09-20 21:18:00,-0.0012372711339025955
2019-09-20 21:21:00,0.04223282469723699
2019-09-20 21:24:00,-0.014823824414122555
2019-09-20 21:27:00,-0.020891311972604854
2019-09-20 21:30:00,-0.016318862029777392
2019-09-20 21:33:00,0.009830421097149156
2019-09-20 21:36:00,0.029407223300950136
2019-09-20 21:39:00,-0.001708391014915378
2019-09-20 21:42:00,0.0038442381164145445
2019-09-20 21:45:00,-0.021813980126864863
2019-09-20 21:48:00,0.06522535744477409
2019-09-20 21:51:00,0.07845653025566435
2019-09-20 21:54:00,0.08939927402690273
2019-09-20 21:57:00,0.06995881644428437
2019-09-20 22:00:00,-0.025495278024720847
2019-09-20 22:03:00,-0.06071060154738461
2019-09-20 22:06:00,-0.07148955526901091
2019-09-20 22:09:00,-0.004572027320079997
2019-09-20 22:12:00,0.012146931647635029
2019-09-20 22:15:00,0.054756568612788215
2019-09-20 22:18:00,0.11904523248171017
2019-09-20 22:21:00,0.1587090796157895
2019-09-20 22:24:00,0.16727410077015747
2019-09-20 22:27:00,0.17108169530933992
2019-09-20 22:30:00,0.21033643695966475
2019-09-20 22:33:00,0.19452906797738478
2019-09-20 22:36:00,0.188257117611613
2019-09-20 22:39:00,0.2943920242934155
2019-09-20 22:42:00,0.2898414276960466
2019-09-20 22:45:00,0.30843035438186917
2019-09-20 22:48:00,0.20933459942301624
2019-09-20 22:51:00,0.23446655583069287
2019-09-20 22:54:00,0.22337916644102052
2019-09-20 22:57:00,0.26586573746521935
2019-09-20 23:00:00,0.26030558466470666
2019-09-20 23:03:00,0.18799612228383467
2019-09-20 23:06:00,0.2663240732065333
2019-09-20 23:09:00,0.1968842214781148
2019-09-20 23:12:00,0.19356693917035273
2019-09-20 23:15:00,0.15315165473674597
2019-09-20 23:18:00,0.28227820656371705
2019-09-20 23:21:00,0.2242262316963206
2019-09-20 23:24:00,0.27447715989654853
2019-09-20 23:27:00,0.22031008311006417
2019-09-20 23:30:00,0.33792250426949977
2019-09-20 23:33:00,0.16822444298259143
2019-09-20 23:36:00,0.25064818310033843
2019-09-20 23:39:00,0.21859964050031522
2019-09-20 23:42:00,0.21352665358563172
2019-09-20 23:45:00,0.2512588839535397
2019-09-20 23:48:00,0.16314693145568526
2019-09-20 23:51:00,0.2573330966774847
2019-09-20 23:54:00,0.28098870655719566
2019-09-20 23:57:00,0.28270692191273383
2019-09-21 00:00:00,0.24120580127902258
2019-09-21 00:03:00,0.27551142769789294
2019-09-21 00:06:00,0.3040576851556125
2019-09-21 00:09:00,0.33379340176696815
2019-09-21 00:12:00,0.338231520581985
2019-09-21 00:15:00,0.33820241372910687
2019-09-21 00:18:00,0.3031218457020941
2019-09-21 00:21:00,0.341133300873139
2019-09-21 00:24:00,0.4079506576508152
2019-09-21 00:27:00,0.31840231097618243
2019-09-21 00:30:00,0.25477680728448604
2019-09-21 00:33:00,0.26173214404576584
2019-09-21 00:36:00,0.2799860511345855
2019-09-21 00:39:00,0.2187828867874373
2019-09-21 00:42:00,0.27750597545247047
2019-09-21 00:45:00,0.29343568714659796
2019-09-21 00:48:00,0.2677902427067238
2019-09-21 00:51:00,0.24590322366259443
2019-09-21 00:54:00,0.33829919879002546
2019-09-21 00:57:00,0.30292806821381646
2019-09-21 01:00:00,0.2829213092503551
2019-09-21 01:03:00,0.23939449855538442
2019-09-21 01:06:00,0.26099096611818595
2019-09-21 01:09:00,0.19267341558548878
2019-09-21 01:12:00,0.26762384907658543
2019-09-21 01:15:00,0.29257182568306916
2019-09-21 01:18:00,0.3388114821048589
2019-09-21 01:21:00,0.26758097219351384
2019-09-21 01:24:00,0.3205188727320092
2019-09-21 01:27:00,0.3205712646429788
2019-09-21 01:30:00,0.3114725561210321
2019-09-21 01:33:00,0.31022037011695147
2019-09-21 01:36:00,0.24560453397378978
2019-09-21 01:39:00,0.2716044689114483
2019-09-21 01:42:00,0.2448514595788538
2019-09-21 01:45:00,0.2250764849363236
2019-09-21 01:48:00,0.19867593040885367
2019-09-21 01:51:00,0.24997318828002335
2019-09-21 01:54:00,0.29230659998654573
2019-09-21 01:57:00,0.2952232609322323
2019-09-21 02:00:00,0.29389880828875903
2019-09-21 02:03:00,0.3006112796936691
2019-09-21 02:06:00,0.3372222121848836
2019-09-21 02:09:00,0.27782980970738436
2019-09-21 02:12:00,0.277671233784929
2019-09-21 02:15:00,0.32133192749495265
2019-09-21 02:18:00,0.39752808762131053
2019-09-21 02:21:00,0.32061129024083357
2019-09-21 02:24:00,0.22932468267919148
2019-09-21 02:27:00,0.28374758662761224
2019-09-21 02:30:00,0.2451747202463821
2019-09-21 02:33:00,0.26900286527569506
2019-09-21 02:36:00,0.24387668290626152
2019-09-21 02:39:00,0.26883249584386704
2019-09-21 02:42:00,0.21971668329638305
2019-09-21 02:45:00,0.2261040618794823
2019-09-21 02:48:00,0.2722962605018324
2019-09-21 02:51:00,0.29364071997008523
2019-09-21 02:54:00,0.2314050673486463
2019-09-21 02:57:00,0.21155305226506016
2019-09-21 03:00:00,0.23526254810462888
2019-09-21 03:03:00,0.3508597415444683
2019-09-21 03:06:00,0.2309028492594507
2019-09-21 03:09:00,0.23620756705696522
2019-09-21 03:12:00,0.35823770809759026
2019-09-21 03:15:00,0.24774357681951642
2019-09-21 03:18:00,0.2989904662129561
2019-09-21 03:21:00,0.27588352517659587
2019-09-21 03:24:00,0.23356378571099867
2019-09-21 03:27:00,0.2955451738876036
2019-09-21 03:30:00,0.2941485573163618
2019-09-21 03:33:00,0.3054894803725574
2019-09-21 03:36:00,0.27801247557420083
2019-09-21 03:39:00,0.24001265311937914
2019-09-21 03:42:00,0.22485332165013006
2019-09-21 03:45:00,0.3100515592323063
2019-09-21 03:48:00,0.23362374012003784
2019-09-21 03:51:00,0.24651077316133296
2019-09-21 03:54:00,0.28823782738021464
2019-09-21 03:57:00,0.3148118662510342
2019-09-21 04:00:00,0.3212815404232856
2019-09-21 04:03:00,0.3075194060846229
2019-09-21 04:06:00,0.26479833246651197
2019-09-21 04:09:00,0.11585130653037368
2019-09-21 04:12:00,0.2508431202870156
2019-09-21 04:15:00,0.23698097215276448
2019-09-21 04:18:00,0.24902493336338694
2019-09-21 04:21:00,0.232229687349502
2019-09-21 04:24:00,0.21434028060627952
2019-09-21 04:27:00,0.23986534960039307
2019-09-21 04:30:00,0.23748144957210116
2019-09-21 04:33:00,0.3645867911970413
2019-09-21 04:36:00,0.29312202360000583
2019-09-21 04:39:00,0.3770223076708703
2019-09-21 04:42:00,0.274494366714805
2019-09-21 04:45:00,0.29713821420864406
2019-09-21 04:48:00,0.3068811049161013
2019-09-21 04:51:00,0.3060851096616375
2019-09-21 04:54:00,0.3282303542735008
2019-09-21 04:57:00,0.3818648756198968
2019-09-21 05:00:00,0.49037034123534795
2019-09-21 05:03:00,0.3034169057909253
2019-09-21 05:06:00,0.40127365586158703
2019-09-21 05:09:00,0.3704159310653381
2019-09-21 05:12:00,0.40085336972265395
2019-09-21 05:15:00,0.2423587163386287
2019-09-21 05:18:00,0.41133174842718745
2019-09-21 05:21:00,0.339369419882928
2019-09-21 05:24:00,0.2723703810593179
2019-09-21 05:27:00,0.24878305072405738
2019-09-21 05:30:00,0.3802498536082908
2019-09-21 05:33:00,0.3605216509024558
2019-09-21 05:36:00,0.29800090534934043
2019-09-21 05:39:00,0.2704183550363837
2019-09-21 05:42:00,0.3854407085113394
2019-09-21 05:45:00,0.3407883004512655
2019-09-21 05:48:00,0.3805173965243398
2019-09-21 05:51:00,0.3636299745595011
2019-09-21 05:54:00,0.40266164704775065
2019-09-21 05:57:00,0.35294419345825645
2019-09-21 06:00:00,0.3629790146002847
2019-09-21 06:03:00,0.44016195366407374
2019-09-21 06:06:00,0.35935683330671964
2019-09-21 06:09:00,0.28438681472471217
2019-09-21 06:12:00,0.26963253404943544
2019-09-21 06:15:00,0.3872639742904198
2019-09-21 06:18:00,0.3839083454317347
2019-09-21 06:21:00,0.3811126716691433
2019-09-21 06:24:00,0.5123410071133208
2019-09-21 06:27:00,0.4011125517783398
2019-09-21 06:30:00,0.3880721687526716
2019-09-21 06:33:00,0.4239360802040437
2019-09-21 06:36:00,0.41447301067705666
2019-09-21 06:39:00,0.45569311699603077
2019-09-21 06:42:00,0.45574327831923256
2019-09-21 06:45:00,0.33962024758534426
2019-09-21 06:48:00,0.3874880649865986
2019-09-21 06:51:00,0.40545180223790567
2019-09-21 06:54:00,0.4067946486050573
2019-09-21 06:57:00,0.38100742387081254
2019-09-21 07:00:00,0.3833529304638432
2019-09-21 07:03:00,0.30633359008976413
2019-09-21 07:06:00,0.25008621856187574
2019-09-21 07:09:00,0.36084163018830395
2019-09-21 07:12:00,0.3935622915684007
2019-09-21 07:15:00,0.5159526579375893
2019-09-21 07:18:00,0.4423438971211908
2019-09-21 07:21:00,0.358901352487635
2019-09-21 07:24:00,0.4108113035178462
2019-09-21 07:27:00,0.4216061670389877
2019-09-21 07:30:00,0.33228168551602266
2019-09-21 07:33:00,0.4357295592844821
2019-09-21 07:36:00,0.4185766920762717
2019-09-21 07:39:00,0.4304336326977136
2019-09-21 07:42:00,0.36133333707442716
2019-09-21 07:45:00,0.4226956846562189
2019-09-21 07:48:00,0.32342570456262365
2019-09-21 07:51:00,0.3519430310375924
2019-09-21 07:54:00,0.43782684045839915
2019-09-21 07:57:00,0.38286460782182985
2019-09-21 08:00:00,0.3936271041881696
2019-09-21 08:03:00,0.35214835212968865
2019-09-21 08:06:00,0.32696960392695473
2019-09-21 08:09:00,0.34314953276998494
2019-09-21 08:12:00,0.26341011077136045
2019-09-21 08:15:00,0.451831897357863
2019-09-21 08:18:00,0.3338260552745851
2019-09-21 08:21:00,0.2935881241033371
2019-09-21 08:24:00,0.31280407379034614
2019-09-21 08:27:00,0.3271076149035821
2019-09-21 08:30:00,0.40828311536643014
2019-09-21 08:33:00,0.3336573408987533
2019-09-21 08:36:00,0.352551997501962
2019-09-21 08:39:00,0.31170497470219516
2019-09-21 08:42:00,0.320239745437334
2019-09-21 08:45:00,0.361788527795909
2019-09-21 08:48:00,0.20360086547754008
2019-09-21 08:51:00,0.18768039635824607
2019-09-21 08:54:00,0.24148383274302887
2019-09-21 08:57:00,0.2563280247023272
2019-09-21 09:00:00,0.2599586906785589
2019-09-21 09:03:00,0.2547043139605307
2019-09-21 09:06:00,0.2213717977538181
2019-09-21 09:09:00,0.22432089927605148
2019-09-21 09:12:00,0.31073391371859316
2019-09-21 09:15:00,0.20491020044602237
2019-09-21 09:18:00,0.18521998860603617
2019-09-21 09:21:00,0.19652426788701405
2019-09-21 09:24:00,0.21974198472349826
2019-09-21 09:27:00,0.25082277456675683
2019-09-21 09:30:00,0.2399015784006906
2019-09-21 09:33:00,0.21936641729411122
2019-09-21 09:36:00,0.16131575309452728
2019-09-21 09:39:00,0.2517539302759815
2019-09-21 09:42:00,0.19338276462536896
2019-09-21 09:45:00,0.1569306309892795
2019-09-21 09:48:00,0.031758577540585975
2019-09-21 09:51:00,0.0412204623874004
2019-09-21 09:54:00,0.09388058782718645
2019-09-21 09:57:00,0.07302038587835114
2019-09-21 10:00:00,0.002641846975222961
2019-09-21 10:03:00,0.10278785711807359
2019-09-21 10:06:00,-0.007281773911131495
2019-09-21 10:09:00,0.014197973849206846
2019-09-21 10:12:00,-0.011171054114527124
2019-09-21 10:15:00,0.02511918578284167
2019-09-21 10:18:00,-0.08055914366514116
2019-09-21 10:21:00,-0.09584160541646725
2019-09-21 10:24:00,-0.0366663227338222
2019-09-21 10:27:00,-0.05451733218711752
2019-09-21 10:30:00,0.021809868655793707
2019-09-21 10:33:00,0.006587735757705104
2019-09-21 10:36:00,-0.12229722324929071
2019-09-21 10:39:00,-0.10704421508404494
2019-09-21 10:42:00,-0.02567616505530168
2019-09-21 10:45:00,-0.13857939386525686
2019-09-21 10:48:00,-0.11689799849432347
2019-09-21 10:51:00,-0.11374453573205301
2019-09-21 10:54:00,-0.0715964859828091
2019-09-21 10:57:00,-0.09665867046447829
2019-09-21 11:00:00,-0.1455467357541238
2019-09-21 11:03:00,-0.14477069316944835
2019-09-21 11:06:00,0.00010495478380789791
2019-09-21 11:09:00,-0.13304004942978054
2019-09-21 11:12:00,-0.1604444064490167
2019-09-21 11:15:00,-0.1467103881100229
2019-09-21 11:18:00,-0.09269982559499113
2019-09-21 11:21:00,-0.02596799892199897
2019-09-21 11:24:00,-0.040112464915580404
2019-09-21 11:27:00,-0.09303002642633373
2019-09-21 11:30:00,-0.14916802287353903
2019-09-21 11:33:00,-0.13306560943476597
2019-09-21 11:36:00,-0.23117341680364234
2019-09-21 11:39:00,-0.055660671803423156
2019-09-21 11:42:00,-0.24608751735428314
2019-09-21 11:45:00,-0.29863673318862993
2019-09-21 11:48:00,-0.20723954212940043
2019-09-21 11:51:00,-0.1774372266966111
2019-09-21 11:54:00,-0.18600682009758884
2019-09-21 11:57:00,-0.1647050215086665
2019-09-21 12:00:00,-0.2435162382258227
2019-09-21 12:03:00,-0.3931010934083474
2019-09-21 12:06:00,-0.2499293214826821
2019-09-21 12:09:00,-0.17626994585498323
2019-09-21 12:12:00,-0.2922688955114836
2019-09-21 12:15:00,-0.16335120226648314
2019-09-21 12:18:00,-0.16936171304013214
2019-09-21 12:21:00,-0.11422119629042982
2019-09-21 12:24:00,-0.2141046426019102
2019-09-21 12:27:00,-0.15264158846781584
2019-09-21 12:30:00,0.17095360980374608
2019-09-21 12:33:00,0.10368871294298287
2019-09-21 12:36:00,0.197743768856526
2019-09-21 12:39:00,0.19571175978381916
2019-09-21 12:42:00,0.206349043841783
2019-09-21 12:45:00,0.17999271338095468
2019-09-21 12:48:00,0.09051884470682126
2019-09-21 12:51:00,0.24210588766521823
2019-09-21 12:54:00,0.08952727327073262
2019-09-21 12:57:00,0.1895812063453377
2019-09-21 13:00:00,0.2780155227962382
2019-09-21 13:03:00,0.15121669082986955
2019-09-21 13:06:00,0.22738687681169267
2019-09-21 13:09:00,0.13392569946245203
2019-09-21 13:12:00,0.283679168980143
2019-09-21 13:15:00,0.09787497100046494
2019-09-21 13:18:00,-0.026275820712157838
2019-09-21 13:21:00,0.07015977885629354
2019-09-21 13:24:00,-0.0079614545138611
2019-09-21 13:27:00,-0.014717812842945932
2019-09-21 13:30:00,0.002342539981043501
2019-09-21 13:33:00,0.00825670897972941
2019-09-21 13:36:00,0.010348861631143791
2019-09-21 13:39:00,0.13061729763910535
2019-09-21 13:42:00,0.06824888794062645
2019-09-21 13:45:00,0.17594707041376978
2019-09-21 13:48:00,0.019337033373517443
2019-09-21 13:51:00,0.10837313475315113
2019-09-21 13:54:00,0.11539792113171643
2019-09-21 13:57:00,0.15382180881499607
2019-09-21 14:00:00,0.09413985327597629
2019-09-21 14:03:00,0.051748739733682214
2019-09-21 14:06:00,0.0363777575162203
2019-09-21 14:09:00,0.018060045939080283
2019-09-21 14:12:00,0.0949225344489264
2019-09-21 14:15:00,0.1403224060974253
2019-09-21 14:18:00,0.2211021650414864
2019-09-21 14:21:00,0.14073607427445722
2019-09-21 14:24:00,-0.017847770527055218
2019-09-21 14:27:00,-0.09802777035241661
2019-09-21 14:30:00,-0.13749497385896348
2019-09-21 14:33:00,-0.15899735293407957
2019-09-21 14:36:00,-0.06313391215280717
2019-09-21 14:39:00,-0.13193244390924974
2019-09-21 14:42:00,-0.09830175232951888
2019-09-21 14:45:00,-0.11205672933544975
2019-09-21 14:48:00,-0.13212405211885425
2019-09-21 14:51:00,-0.11180219094904942
2019-09-21 14:54:00,-0.01967313928986414
2019-09-21 14:57:00,-0.09737580621805364
2019-09-21 15:00:00,-0.20368953807980006
2019-09-21 15:03:00,-0.07061239438564826
2019-09-21 15:06:00,-0.11147413209818069
2019-09-21 15:09:00,-0.11926781843936851
2019-09-21 15:12:00,-0.18904736042577497
2019-09-21 15:15:00,-0.12379176711647233
2019-09-21 15:18:00,-0.12381494328394638
2019-09-21 15:21:00,-0.16080530930179293
2019-09-21 15:24:00,-0.09166984497761632
2019-09-21 15:27:00,-0.12958108313915773
2019-09-21 15:30:00,-0.12764903730339938
2019-09-21 15:33:00,-0.17134914173152538
2019-09-21 15:36:00,-0.22039634104174866
2019-09-21 15:39:00,-0.15180534579877758
2019-09-21 15:42:00,-0.10400116148946381
2019-09-21 15:45:00,-0.10285658911413975
2019-09-21 15:48:00,-0.27948540767602026
2019-09-21 15:51:00,-0.3452655474837343
2019-09-21 15:54:00,-0.10691314115484829
2019-09-21 15:57:00,-0.20548653534257255
2019-09-21 16:00:00,-0.1536641344850409
2019-09-21 16:03:00,-0.15747472696796194
2019-09-21 16:06:00,-0.26616438939032605
2019-09-21 16:09:00,-0.12248480546367091
2019-09-21 16:12:00,-0.2576982462468891
2019-09-21 16:15:00,-0.23026678124654154
2019-09-21 16:18:00,-0.2552475909653822
2019-09-21 16:21:00,-0.29861619768070113
2019-09-21 16:24:00,-0.28546944373192673
2019-09-21 16:27:00,-0.11278967786182648
2019-09-21 16:30:00,-0.11423782800380877
2019-09-21 16:33:00,-0.2915160201030744
2019-09-21 16:36:00,-0.38611521283678485
2019-09-21 16:39:00,-0.32670024016294974
2019-09-21 16:42:00,-0.2944547831386899
2019-09-21 16:45:00,-0.1521594864977942
2019-09-21 16:48:00,-0.20679689248203204
2019-09-21 16:51:00,-0.21047382667148895
2019-09-21 16:54:00,-0.17588025402324092
2019-09-21 16:57:00,-0.08091819699285452
2019-09-21 17:00:00,-0.13253745300602304
2019-09-21 17:03:00,-0.19806122118222902
2019-09-21 17:06:00,-0.04087025114267817
2019-09-21 17:09:00,-0.10321220902812911
2019-09-21 17:12:00,-0.13955442847105815
2019-09-21 17:15:00,-0.09504953856941256
2019-09-21 17:18:00,-0.09901277204835424
2019-09-21 17:21:00,-0.14609316987446164
2019-09-21 17:24:00,0.16144082279004124
2019-09-21 17:27:00,-0.03582649434900986
2019-09-21 17:30:00,-0.02604698978734632
2019-09-21 17:33:00,-0.12327671651115679
2019-09-21 17:36:00,0.005421244698823102
2019-09-21 17:39:00,0.20498315177269433
2019-09-21 17:42:00,-0.08112508693824338
2019-09-21 17:45:00,0.033197605231521266
2019-09-21 17:48:00,0.036308606167892776
2019-09-21 17:51:00,0.06798608776693982
2019-09-21 17:54:00,0.05949632714987274
2019-09-21 17:57:00,0.04776003131939888
2019-09-21 18:00:00,0.13734379628033366
2019-09-21 18:03:00,0.15862094730562148
2019-09-21 18:06:00,0.2636214469216043
2019-09-21 18:09:00,0.2065304254875855
2019-09-21 18:12:00,0.18781501099027764
2019-09-21 18:15:00,0.18816246130813852
2019-09-21 18:18:00,-0.03922745190902788
2019-09-21 18:21:00,-0.0756732440636938
2019-09-21 18:24:00,-0.08695330432152559
2019-09-21 18:27:00,-0.048879118654213016
2019-09-21 18:30:00,-0.09901650107286741
2019-09-21 18:33:00,0.056809960366081214
2019-09-21 18:36:00,-0.07641136234042278
2019-09-21 18:39:00,-0.06081224074455349
2019-09-21 18:42:00,0.06140748610994251
2019-09-21 18:45:00,0.0010922756708282577
2019-09-21 18:48:00,-0.09959234377123494
2019-09-21 18:51:00,-0.002076605042702795
2019-09-21 18:54:00,
2019-09-21 18:57:00,
2019-09-21 19:00:00,
2019-09-21 19:03:00,0.05108668850897402
2019-09-21 19:06:00,-0.0026273903984588287
2019-09-21 19:09:00,0.020508834049962843
2019-09-21 19:12:00,-0.008100130433149388
2019-09-21 19:15:00,-0.023161382430487265
2019-09-21 19:18:00,0.08158542076893127
2019-09-21 19:21:00,0.11792907477331482
2019-09-21 19:24:00,0.10055161950981528
2019-09-21 19:27:00,-0.0024061545191216283
2019-09-21 19:30:00,0.019795509240680076
2019-09-21 19:33:00,-0.07517597523593622
2019-09-21 19:36:00,0.06418869191031717
2019-09-21 19:39:00,0.0933776584273005
2019-09-21 19:42:00,0.008223536778416474
2019-09-21 19:45:00,0.014291604526817991
2019-09-21 19:48:00,0.060034059187046296
2019-09-21 19:51:00,0.09029154170656284
2019-09-21 19:54:00,0.0686894407523937
2019-09-21 19:57:00,0.10142766607248177
2019-09-21 20:00:00,0.04086346759913795
2019-09-21 20:03:00,0.007507518109832745
2019-09-21 20:06:00,0.008974357076226624
2019-09-21 20:09:00,0.07016119370848628
2019-09-21 20:12:00,0.11523177978705235
2019-09-21 20:15:00,-0.025461388935582363
2019-09-21 20:18:00,0.11156007251793199
2019-09-21 20:21:00,-0.052211416180568904
2019-09-21 20:24:00,0.14804835646339143
2019-09-21 20:27:00,0.06770383659619483
2019-09-21 20:30:00,-0.002814497479334932
2019-09-21 20:33:00,0.026015766768068715
2019-09-21 20:36:00,-0.03812501623474418
2019-09-21 20:39:00,0.1081525400804253
2019-09-21 20:42:00,0.014043223948249306
2019-09-21 20:45:00,0.07060084091648378
2019-09-21 20:48:00,-0.11003240121698354
2019-09-21 20:51:00,0.13502657592772493
2019-09-21 20:54:00,0.08542192753583322
2019-09-21 20:57:00,0.06561406648040702
2019-09-21 21:00:00,0.06538814338409793
2019-09-21 21:03:00,0.10186829453539303
2019-09-21 21:06:00,0.10567245134836867
2019-09-21 21:09:00,0.10385378356494357
2019-09-21 21:12:00,0.14432129273041028
2019-09-21 21:15:00,0.14655427167673452
2019-09-21 21:18:00,0.10094549440424316
2019-09-21 21:21:00,0.1413682716358835
2019-09-21 21:24:00,0.007514485242950286
2019-09-21 21:27:00,0.18841324761990563
2019-09-21 21:30:00,0.1945608612727483
2019-09-21 21:33:00,0.12469126009335696
2019-09-21 21:36:00,0.10094304320330139
2019-09-21 21:39:00,0.1818845662069748
2019-09-21 21:42:00,0.2017905367204662
2019-09-21 21:45:00,0.13208288011350078
2019-09-21 21:48:00,0.20992256025544975
2019-09-21 21:51:00,0.14873589911343288
2019-09-21 21:54:00,0.11876863642135049
2019-09-21 21:57:00,0.12401830335312525
2019-09-21 22:00:00,0.07592139887481153
2019-09-21 22:03:00,0.19889141289274903
2019-09-21 22:06:00,0.14321717616218166
2019-09-21 22:09:00,0.11123851840511634
2019-09-21 22:12:00,0.23236067318754294
2019-09-21 22:15:00,0.14295538552244125
2019-09-21 22:18:00,0.29702982750552565
2019-09-21 22:21:00,0.1539769164618292
2019-09-21 22:24:00,0.1938529953943089
2019-09-21 22:27:00,0.2286864852006829
2019-09-21 22:30:00,0.1542549025123776
2019-09-21 22:33:00,0.2625191034750287
2019-09-21 22:36:00,0.29203870300847257
2019-09-21 22:39:00,0.16887880918358178
2019-09-21 22:42:00,0.2749304263302861
2019-09-21 22:45:00,0.12452931471892725
2019-09-21 22:48:00,0.2017495610572837
2019-09-21 22:51:00,0.15212941410965186
2019-09-21 22:54:00,0.22591725111323058
2019-09-21 22:57:00,0.2900908972347338
2019-09-21 23:00:00,0.24717259191993435
2019-09-21 23:03:00,0.27740781197132947
2019-09-21 23:06:00,0.32932621621523595
2019-09-21 23:09:00,0.3329454552697939
2019-09-21 23:12:00,0.28924558296625946
2019-09-21 23:15:00,0.23865167324396452
2019-09-21 23:18:00,0.2305524184956198
2019-09-21 23:21:00,0.279148580737683
2019-09-21 23:24:00,0.19872583716295367
2019-09-21 23:27:00,0.3032214932159718
2019-09-21 23:30:00,0.28014846298907514
2019-09-21 23:33:00,0.17898847042437183
2019-09-21 23:36:00,0.2901849855208525
2019-09-21 23:39:00,0.2926473457384873
2019-09-21 23:42:00,0.29494782040063683
2019-09-21 23:45:00,0.2397764530604718
2019-09-21 23:48:00,0.3052157870192218
2019-09-21 23:51:00,0.2567324942692153
2019-09-21 23:54:00,0.2834532627451267
2019-09-21 23:57:00,0.32502901977954934
2019-09-22 00:00:00,0.3160653596261227
2019-09-22 00:03:00,0.28941559582165155
2019-09-22 00:06:00,0.2949037691898866
2019-09-22 00:09:00,0.336992737213734
2019-09-22 00:12:00,0.3494943213696047
2019-09-22 00:15:00,0.4256428568839965
2019-09-22 00:18:00,0.2629118101908716
2019-09-22 00:21:00,0.38732818501495103
2019-09-22 00:24:00,0.3037739345373325
2019-09-22 00:27:00,0.25401931182494764
2019-09-22 00:30:00,0.3266591127990637
2019-09-22 00:33:00,0.26207598177342106
2019-09-22 00:36:00,0.36069273749376407
2019-09-22 00:39:00,0.4473192713994649
2019-09-22 00:42:00,0.27112856117577167
2019-09-22 00:45:00,0.3089108736762114
2019-09-22 00:48:00,0.35578704971590014
2019-09-22 00:51:00,0.3007280684102511
2019-09-22 00:54:00,0.2663791511110958
2019-09-22 00:57:00,0.359759098690688
2019-09-22 01:00:00,0.4558174128682708
2019-09-22 01:03:00,0.28449476382866123
2019-09-22 01:06:00,0.349923632253649
2019-09-22 01:09:00,0.25210857268143627
2019-09-22 01:12:00,0.27845927751621957
2019-09-22 01:15:00,0.3652372063345979
2019-09-22 01:18:00,0.25784482383539853
2019-09-22 01:21:00,0.33424201028338985
2019-09-22 01:24:00,0.2845252513869809
2019-09-22 01:27:00,0.21088352923419507
2019-09-22 01:30:00,0.24075029032132989
2019-09-22 01:33:00,0.22483970375679974
2019-09-22 01:36:00,0.19922025146991018
2019-09-22 01:39:00,0.3144461674736476
2019-09-22 01:42:00,0.3350431144266963
2019-09-22 01:45:00,0.22171246057712324
2019-09-22 01:48:00,0.3181621182667982
2019-09-22 01:51:00,0.2935017038557248
2019-09-22 01:54:00,0.19083836086758765
2019-09-22 01:57:00,0.4084932312219962
2019-09-22 02:00:00,0.3493075443661837
2019-09-22 02:03:00,0.3191154022701994
2019-09-22 02:06:00,0.32823134311911417
2019-09-22 02:09:00,0.2153202850175262
2019-09-22 02:12:00,0.32952713621011753
2019-09-22 02:15:00,0.2918210752250161
2019-09-22 02:18:00,0.3898144240572492
2019-09-22 02:21:00,0.3496528440879274
2019-09-22 02:24:00,0.24858296644640632
2019-09-22 02:27:00,0.2994553171207599
2019-09-22 02:30:00,0.21656843435829387
2019-09-22 02:33:00,0.369465812937392
2019-09-22 02:36:00,0.37470906872476917
2019-09-22 02:39:00,0.2588627012054303
2019-09-22 02:42:00,0.23820985701735253
2019-09-22 02:45:00,0.2716283439505105
2019-09-22 02:48:00,0.30345537058519767
2019-09-22 02:51:00,0.31409952781410766
2019-09-22 02:54:00,0.30897984864867567
2019-09-22 02:57:00,0.3810613486351144
2019-09-22 03:00:00,0.3453361459164057
2019-09-22 03:03:00,0.2898233509505985
2019-09-22 03:06:00,0.26654995442663676
2019-09-22 03:09:00,0.3594778346013072
2019-09-22 03:12:00,0.40635038366639264
2019-09-22 03:15:00,0.3567577405933662
2019-09-22 03:18:00,0.3063948051527632
2019-09-22 03:21:00,0.43040822442588933
2019-09-22 03:24:00,0.34175969340185475
2019-09-22 03:27:00,0.3767993830456362
2019-09-22 03:30:00,0.41725318091181407
2019-09-22 03:33:00,0.32013586270232963
2019-09-22 03:36:00,0.3685155053889275
2019-09-22 03:39:00,0.4525773636217991
2019-09-22 03:42:00,0.34538851257855185
2019-09-22 03:45:00,0.35649103122489123
2019-09-22 03:48:00,0.25110997074699526
2019-09-22 03:51:00,0.29396066880053695
2019-09-22 03:54:00,0.4116869568354673
2019-09-22 03:57:00,0.3442069705474182
2019-09-22 04:00:00,0.29117971954229915
2019-09-22 04:03:00,0.28853447969504487
2019-09-22 04:06:00,0.24962213322623938
2019-09-22 04:09:00,0.2968950256745302
2019-09-22 04:12:00,0.23176627524782134
2019-09-22 04:15:00,0.3989600766182093
2019-09-22 04:18:00,0.30256586527832496
2019-09-22 04:21:00,0.26605083999112367
2019-09-22 04:24:00,0.3412535646706374
2019-09-22 04:27:00,0.4125220664755602
2019-09-22 04:30:00,0.30521869909119914
2019-09-22 04:33:00,0.4101474482827143
2019-09-22 04:36:00,0.42245006384564476
2019-09-22 04:39:00,0.37534788399068475
2019-09-22 04:42:00,0.35791334518671647
2019-09-22 04:45:00,0.32976719528011245
2019-09-22 04:48:00,0.42666903667213774
2019-09-22 04:51:00,0.27705457428629643
2019-09-22 04:54:00,0.3659060944723933
2019-09-22 04:57:00,0.36471662883980116
2019-09-22 05:00:00,0.35381266926219723
2019-09-22 05:03:00,0.4217740350327972
2019-09-22 05:06:00,0.3855886395127186
2019-09-22 05:09:00,0.33381569616454954
2019-09-22 05:12:00,0.3407226155019316
2019-09-22 05:15:00,0.37606386632114663
2019-09-22 05:18:00,0.3814292991784214
2019-09-22 05:21:00,0.33266929366260456
2019-09-22 05:24:00,0.4653168149700946
2019-09-22 05:27:00,0.41228436809700497
2019-09-22 05:30:00,0.4180111068708925
2019-09-22 05:33:00,0.42210882087817936
2019-09-22 05:36:00,0.40325927171494413
2019-09-22 05:39:00,0.411730898328301
2019-09-22 05:42:00,0.3924317779375883
2019-09-22 05:45:00,0.3442088071382159
2019-09-22 05:48:00,0.3200314326074363
2019-09-22 05:51:00,0.4005658526328375
2019-09-22 05:54:00,0.3500436491811456
2019-09-22 05:57:00,0.41866137364411316
2019-09-22 06:00:00,0.377120533605364
2019-09-22 06:03:00,0.40481809562965054
2019-09-22 06:06:00,0.38665373136643666
2019-09-22 06:09:00,0.3672593507036481
2019-09-22 06:12:00,0.40359804034852687
2019-09-22 06:15:00,0.3585990052743
2019-09-22 06:18:00,0.4051937779369723
2019-09-22 06:21:00,0.3933560048857885
2019-09-22 06:24:00,0.30338608213082807
2019-09-22 06:27:00,0.3316004668728283
2019-09-22 06:30:00,0.2919010822620294
2019-09-22 06:33:00,0.33309657128080516
2019-09-22 06:36:00,0.39775628573357835
2019-09-22 06:39:00,0.42463562980356073
2019-09-22 06:42:00,0.4317518913840672
2019-09-22 06:45:00,0.3228780525378738
2019-09-22 06:48:00,0.36028756985615473
2019-09-22 06:51:00,0.3766205115113621
2019-09-22 06:54:00,0.4694796397929508
2019-09-22 06:57:00,0.4220210825261006
2019-09-22 07:00:00,0.38073234148788515
2019-09-22 07:03:00,0.30078497890718836
2019-09-22 07:06:00,0.41889208758260565
2019-09-22 07:09:00,0.38401050039470874
2019-09-22 07:12:00,0.36594051743469436
2019-09-22 07:15:00,0.3541647537295489
2019-09-22 07:18:00,0.42225684065209634
2019-09-22 07:21:00,0.46862967408020495
2019-09-22 07:24:00,0.4554462859159685
2019-09-22 07:27:00,0.38930136991177733
2019-09-22 07:30:00,0.3974664890432109
2019-09-22 07:33:00,0.37143677212026205
2019-09-22 07:36:00,0.330711542946176
2019-09-22 07:39:00,0.3750875920100043
2019-09-22 07:42:00,0.378683962173227
2019-09-22 07:45:00,0.3275223061230008
2019-09-22 07:48:00,0.3070900356936477
2019-09-22 07:51:00,0.3906601840363919
2019-09-22 07:54:00,0.4182114245957109
2019-09-22 07:57:00,0.40389687875386926
2019-09-22 08:00:00,0.4294006524313545
2019-09-22 08:03:00,0.45816378240743916
2019-09-22 08:06:00,0.2800605899694233
2019-09-22 08:09:00,0.30343327813181986
2019-09-22 08:12:00,0.3269081950723489
2019-09-22 08:15:00,0.31597187551597017
2019-09-22 08:18:00,0.2081225143734855
2019-09-22 08:21:00,0.28996484523707977
2019-09-22 08:24:00,0.1937944418498887
2019-09-22 08:27:00,0.26256216897240847
2019-09-22 08:30:00,0.19281397521098143
2019-09-22 08:33:00,0.2172196011594565
2019-09-22 08:36:00,0.2220759557508245
2019-09-22 08:39:00,0.2532606884196298
2019-09-22 08:42:00,0.18219780181385659
2019-09-22 08:45:00,0.1995387427812716
2019-09-22 08:48:00,0.2480214485481156
2019-09-22 08:51:00,0.23517741043212936
2019-09-22 08:54:00,0.19897283741067895
2019-09-22 08:57:00,0.17478473755062396
2019-09-22 09:00:00,0.14222261006045755
2019-09-22 09:03:00,0.16755829304349845
2019-09-22 09:06:00,0.185107108907971
2019-09-22 09:09:00,0.09321601537925517
2019-09-22 09:12:00,0.10864164403386667
2019-09-22 09:15:00,0.1899732449855378
2019-09-22 09:18:00,0.18660721110472878
2019-09-22 09:21:00,0.23571531918793198
2019-09-22 09:24:00,0.11858130330955419
2019-09-22 09:27:00,0.07701037368013885
2019-09-22 09:30:00,-0.028221693748264443
2019-09-22 09:33:00,0.14643418116196472
2019-09-22 09:36:00,-0.004316968845046176
2019-09-22 09:39:00,-0.02331714881603375
2019-09-22 09:42:00,-0.0028771456982781274
2019-09-22 09:45:00,0.11373708742951294
2019-09-22 09:48:00,0.1503898191498365
2019-09-22 09:51:00,0.013952552483885938
2019-09-22 09:54:00,-0.0646962357418488
2019-09-22 09:57:00,-0.11885373655536569
2019-09-22 10:00:00,-0.08102543252766736
2019-09-22 10:03:00,-0.1079118481874275
2019-09-22 10:06:00,-0.09355990903713973
2019-09-22 10:09:00,-0.059404820231975464
2019-09-22 10:12:00,-0.08711378242588808
2019-09-22 10:15:00,0.003010532180098835
2019-09-22 10:18:00,-0.0035744433943136755
2019-09-22 10:21:00,-0.043325728600962066
2019-09-22 10:24:00,-0.13934340036695403
2019-09-22 10:27:00,-0.1976438184883591
2019-09-22 10:30:00,-0.13073539241662502
2019-09-22 10:33:00,-0.21998897424685993
2019-09-22 10:36:00,-0.12092266344035352
2019-09-22 10:39:00,-0.18258682803423198
2019-09-22 10:42:00,-0.17677327715097135
2019-09-22 10:45:00,-0.1089431766485518
2019-09-22 10:48:00,-0.203513122121592
2019-09-22 10:51:00,-0.272617045349989
2019-09-22 10:54:00,-0.2572594993811208
2019-09-22 10:57:00,-0.23173578768012248
2019-09-22 11:00:00,-0.273527367402437
2019-09-22 11:03:00,-0.2235892827378052
2019-09-22 11:06:00,-0.164459669885332
2019-09-22 11:09:00,-0.22055122953349837
2019-09-22 11:12:00,-0.05630672124510738
2019-09-22 11:15:00,-0.08565307598615846
2019-09-22 11:18:00,-0.2945428416574032
2019-09-22 11:21:00,-0.10976263385418861
2019-09-22 11:24:00,-0.05718966060345565
2019-09-22 11:27:00,-0.23802917841982207
2019-09-22 11:30:00,-0.17835603971417413
2019-09-22 11:33:00,-0.11677985954804626
2019-09-22 11:36:00,-0.20657626863049927
2019-09-22 11:39:00,-0.21588735750981414
2019-09-22 11:42:00,-0.15431510744446086
2019-09-22 11:45:00,-0.09274178015590451
2019-09-22 11:48:00,-0.16152721704452233
2019-09-22 11:51:00,-0.3062061495949706
2019-09-22 11:54:00,-0.292922616125054
2019-09-22 11:57:00,-0.3247129166584273
2019-09-22 12:00:00,-0.2978466973415834
2019-09-22 12:03:00,-0.414561458576884
2019-09-22 12:06:00,-0.19280823742610664
2019-09-22 12:09:00,-0.14574081263685912
2019-09-22 12:12:00,-0.25485210807789827
2019-09-22 12:15:00,-0.3074760099608511
2019-09-22 12:18:00,-0.2373705107543742
2019-09-22 12:21:00,-0.255307403556742
2019-09-22 12:24:00,-0.3772174388024041
2019-09-22 12:27:00,-0.23258368687271513
2019-09-22 12:30:00,-0.2817251697613301
2019-09-22 12:33:00,-0.32574494663163023
2019-09-22 12:36:00,-0.16344696591119146
2019-09-22 12:39:00,-0.21926837246491004
2019-09-22 12:42:00,-0.08969106818091177
2019-09-22 12:45:00,0.023870317282614906
2019-09-22 12:48:00,-0.270734554118917
2019-09-22 12:51:00,-0.2585391104115047
2019-09-22 12:54:00,-0.3321317602983527
2019-09-22 12:57:00,-0.230763158347429
2019-09-22 13:00:00,-0.3560835386388703
2019-09-22 13:03:00,-0.35482517452732054
2019-09-22 13:06:00,-0.37309884316124453
2019-09-22 13:09:00,-0.3084276260215688
2019-09-22 13:12:00,-0.09949293397056636
2019-09-22 13:15:00,-0.2632151127038469
2019-09-22 13:18:00,-0.28989348309397656
2019-09-22 13:21:00,-0.4010324446572895
2019-09-22 13:24:00,-0.2418361654234218
2019-09-22 13:27:00,-0.13998774636934286
2019-09-22 13:30:00,-0.11993151304534422
2019-09-22 13:33:00,-0.19269411674821413
2019-09-22 13:36:00,-0.28399334111878716
2019-09-22 13:39:00,-0.26297840255273286
2019-09-22 13:42:00,-0.21669193777040618
2019-09-22 13:45:00,-0.3709368600081575
2019-09-22 13:48:00,-0.14536422374141011
2019-09-22 13:51:00,-0.02386038696675996
2019-09-22 13:54:00,0.0126723365702901
2019-09-22 13:57:00,-0.06995448627532141
2019-09-22 14:00:00,-0.11448149775384309
2019-09-22 14:03:00,-0.21681953076131322
2019-09-22 14:06:00,-0.32069322829761404
2019-09-22 14:09:00,-0.15170844007673168
2019-09-22 14:12:00,-0.1778678578467634
2019-09-22 14:15:00,-0.179362819302753
2019-09-22 14:18:00,-0.1896427115183883
2019-09-22 14:21:00,-0.19705880861135938
2019-09-22 14:24:00,-0.2625421419901386
2019-09-22 14:27:00,-0.33795489058240946
2019-09-22 14:30:00,-0.26106129965796754
2019-09-22 14:33:00,-0.288905154781105
2019-09-22 14:36:00,-0.3940308671906223
2019-09-22 14:39:00,-0.38355123981216366
2019-09-22 14:42:00,-0.28089937426040024
2019-09-22 14:45:00,-0.18077867567387784
2019-09-22 14:48:00,-0.23448323880256794
2019-09-22 14:51:00,-0.3376465053060542
2019-09-22 14:54:00,-0.29485580186116067
2019-09-22 14:57:00,-0.24231416489578805
2019-09-22 15:00:00,-0.33556896668051195
2019-09-22 15:03:00,-0.23096952168936014
2019-09-22 15:06:00,-0.3295412169103429
2019-09-22 15:09:00,-0.19342319972560063
2019-09-22 15:12:00,-0.18611670743797504
2019-09-22 15:15:00,-0.09446374604891616
2019-09-22 15:18:00,-0.1071337307283784
2019-09-22 15:21:00,-0.11468446612417438
2019-09-22 15:24:00,-0.24464611602900277
2019-09-22 15:27:00,-0.08883407526809606
2019-09-22 15:30:00,-0.14064791990711
2019-09-22 15:33:00,-0.2043694906303699
2019-09-22 15:36:00,-0.14562635953006975
2019-09-22 15:39:00,-0.1520499072179291
2019-09-22 15:42:00,-0.24369234054466915
2019-09-22 15:45:00,-0.17562671277693198
2019-09-22 15:48:00,-0.21665121233962736
2019-09-22 15:51:00,-0.12944045073265897
2019-09-22 15:54:00,-0.08439925908743362
2019-09-22 15:57:00,-0.23172196616621932
2019-09-22 16:00:00,-0.22819646217925538
2019-09-22 16:03:00,-0.29414964220444517
2019-09-22 16:06:00,-0.3493444662282741
2019-09-22 16:09:00,-0.34032437822867223
2019-09-22 16:12:00,-0.29457755762956594
2019-09-22 16:15:00,-0.2529608078045271
2019-09-22 16:18:00,-0.26240534176588426
2019-09-22 16:21:00,-0.4879697589547618
2019-09-22 16:24:00,-0.19875506543644406
2019-09-22 16:27:00,-0.15834203714166506
2019-09-22 16:30:00,-0.17776274652044322
2019-09-22 16:33:00,0.031253670103751574
2019-09-22 16:36:00,-0.08110019439641292
2019-09-22 16:39:00,0.01030100555738045
2019-09-22 16:42:00,-0.009640514529564825
2019-09-22 16:45:00,-0.16504858840147563
2019-09-22 16:48:00,-0.07535336204574605
2019-09-22 16:51:00,0.024980224778857973
2019-09-22 16:54:00,0.3140022762247554
2019-09-22 16:57:00,0.4514767469418075
2019-09-22 17:00:00,0.4660278543761365
2019-09-22 17:03:00,0.41486125570583
2019-09-22 17:06:00,0.5279715775430986
2019-09-22 17:09:00,0.5544413558930046
2019-09-22 17:12:00,0.5297424457590978
2019-09-22 17:15:00,0.49807906589978757
2019-09-22 17:18:00,0.44487539607865756
2019-09-22 17:21:00,0.369043989463421
2019-09-22 17:24:00,0.26479241791014374
2019-09-22 17:27:00,-0.008661187007362514
2019-09-22 17:30:00,0.23277547623496275
2019-09-22 17:33:00,0.14920018230083087
2019-09-22 17:36:00,0.13382937121025407
2019-09-22 17:39:00,0.01815876237702696
2019-09-22 17:42:00,0.009387989909328098
2019-09-22 17:45:00,-0.017479012337844324
2019-09-22 17:48:00,0.012215969637281887
2019-09-22 17:51:00,0.08288695762757925
2019-09-22 17:54:00,0.061124765937961456
2019-09-22 17:57:00,0.14488183116753817
2019-09-22 18:00:00,0.06930304479823235
2019-09-22 18:03:00,-0.0237449720638665
2019-09-22 18:06:00,-0.14137863713858678
2019-09-22 18:09:00,-0.13596352438344184
2019-09-22 18:12:00,0.0018437815237462019
2019-09-22 18:15:00,0.033489743664347316
2019-09-22 18:18:00,0.02811357810401205
2019-09-22 18:21:00,0.027156729772741528
2019-09-22 18:24:00,-0.030247170260622624
2019-09-22 18:27:00,0.03269057654080143
2019-09-22 18:30:00,-0.07769278691210957
2019-09-22 18:33:00,0.05108346816643916
2019-09-22 18:36:00,-0.1258227992672687
2019-09-22 18:39:00,-0.06533117549116696
2019-09-22 18:42:00,-0.044372372149950934
2019-09-22 18:45:00,-0.010713180894697416
2019-09-22 18:48:00,0.012906441666984847
2019-09-22 18:51:00,-0.022107532365623683
2019-09-22 18:54:00,
2019-09-22 18:57:00,
2019-09-22 19:00:00,
2019-09-22 19:03:00,0.09597913216589404
2019-09-22 19:06:00,0.13586171502515754
2019-09-22 19:09:00,0.02539030890216054
2019-09-22 19:12:00,0.07770177694220592
2019-09-22 19:15:00,0.05918035985661163
2019-09-22 19:18:00,0.09693121838000707
2019-09-22 19:21:00,0.07246767758414308
2019-09-22 19:24:00,0.06826191249399471
2019-09-22 19:27:00,0.011060388138844246
2019-09-22 19:30:00,0.1345285177706046
2019-09-22 19:33:00,0.22965812330460267
2019-09-22 19:36:00,-0.05444974512374756
2019-09-22 19:39:00,-0.029859786894860463
2019-09-22 19:42:00,0.0251169793911572
2019-09-22 19:45:00,-0.0005580490708894104
2019-09-22 19:48:00,0.03792912325764064
2019-09-22 19:51:00,0.1254094240053405
2019-09-22 19:54:00,0.07165455224571815
2019-09-22 19:57:00,0.05961856950324318
2019-09-22 20:00:00,-0.03497812749583318
2019-09-22 20:03:00,0.17884847995310338
2019-09-22 20:06:00,0.13950904784434215
2019-09-22 20:09:00,0.08197513864791972
2019-09-22 20:12:00,0.11032073205512916
2019-09-22 20:15:00,0.18057707806320877
2019-09-22 20:18:00,0.191287379326468
2019-09-22 20:21:00,0.07898374887810178
2019-09-22 20:24:00,0.08970653543769913
2019-09-22 20:27:00,0.04953926755030125
2019-09-22 20:30:00,0.14927797097817574
2019-09-22 20:33:00,0.14432679384287894
2019-09-22 20:36:00,0.06123743344966215
2019-09-22 20:39:00,0.10520756588709901
2019-09-22 20:42:00,0.11190540589535658
2019-09-22 20:45:00,0.1165033832824065
2019-09-22 20:48:00,0.0958515146623995
2019-09-22 20:51:00,0.02300555626248979
2019-09-22 20:54:00,0.04537626725203836
2019-09-22 20:57:00,0.08770905197326329
2019-09-22 21:00:00,0.029976297928442364
2019-09-22 21:03:00,-0.02063868234694155
2019-09-22 21:06:00,0.08752014059052726
2019-09-22 21:09:00,0.15913805643521073
2019-09-22 21:12:00,0.033442831819172625
2019-09-22 21:15:00,0.1801797258269744
2019-09-22 21:18:00,0.014907979710528707
2019-09-22 21:21:00,0.20193669139388248
2019-09-22 21:24:00,0.19583805496807827
2019-09-22 21:27:00,0.3099525537762702
2019-09-22 21:30:00,0.26377452644265986
2019-09-22 21:33:00,0.26517566385399505
2019-09-22 21:36:00,0.4851258580598028
2019-09-22 21:39:00,0.3539324527046688
2019-09-22 21:42:00,0.3946430690177749
2019-09-22 21:45:00,0.4340999870664177
2019-09-22 21:48:00,0.30457218803235264
2019-09-22 21:51:00,0.40215448641981766
2019-09-22 21:54:00,0.39415832971621967
2019-09-22 21:57:00,0.44369274916408585
2019-09-22 22:00:00,0.4745145505437449
2019-09-22 22:03:00,0.42515542794888006
2019-09-22 22:06:00,0.38686482715507964
2019-09-22 22:09:00,0.45584055269858936
2019-09-22 22:12:00,0.47999229839649615
2019-09-22 22:15:00,0.5858039871313281
2019-09-22 22:18:00,0.500658781048628
2019-09-22 22:21:00,0.404556716258071
2019-09-22 22:24:00,0.42052591084950564
2019-09-22 22:27:00,0.5008072484615127
2019-09-22 22:30:00,0.5254219248155323
2019-09-22 22:33:00,0.48925979832478106
2019-09-22 22:36:00,0.4466518743499819
2019-09-22 22:39:00,0.4326084833201662
2019-09-22 22:42:00,0.4598248840094925
2019-09-22 22:45:00,0.31313709844170035
2019-09-22 22:48:00,0.34844467066523066
2019-09-22 22:51:00,0.47833673991283376
2019-09-22 22:54:00,0.5413330743826918
2019-09-22 22:57:00,0.43447622989236834
2019-09-22 23:00:00,0.511385478704824
2019-09-22 23:03:00,0.4773912851002251
2019-09-22 23:06:00,0.5690297298295377
2019-09-22 23:09:00,0.61923488832673
2019-09-22 23:12:00,0.6815230925266178
2019-09-22 23:15:00,0.6620836540470236
2019-09-22 23:18:00,0.6387371303756595
2019-09-22 23:21:00,0.5365401458695374
2019-09-22 23:24:00,0.4549751295085116
2019-09-22 23:27:00,0.41633964316605443
2019-09-22 23:30:00,0.4410719936843748
2019-09-22 23:33:00,0.43671888387513036
2019-09-22 23:36:00,0.34302591855458786
2019-09-22 23:39:00,0.3717612466281821
2019-09-22 23:42:00,0.4712952539304638
2019-09-22 23:45:00,0.44954092918595734
2019-09-22 23:48:00,0.4640025069618332
2019-09-22 23:51:00,0.383646545536692
2019-09-22 23:54:00,0.4247266185051899
2019-09-22 23:57:00,0.3776109628317954
2019-09-23 00:00:00,0.48108604754332873
2019-09-23 00:03:00,0.4701628816254697
2019-09-23 00:06:00,0.39578788860274017
2019-09-23 00:09:00,0.4033479638265476
2019-09-23 00:12:00,0.4253143877472212
2019-09-23 00:15:00,0.5378881219502318
2019-09-23 00:18:00,0.4951256731469016
2019-09-23 00:21:00,0.4854805819959438
2019-09-23 00:24:00,0.41303900296236407
2019-09-23 00:27:00,0.4337102804115034
2019-09-23 00:30:00,0.4527597698187833
2019-09-23 00:33:00,0.38718589295302763
2019-09-23 00:36:00,0.5252970721406882
2019-09-23 00:39:00,0.5110274417980349
2019-09-23 00:42:00,0.41002763640699413
2019-09-23 00:45:00,0.4533304122922459
2019-09-23 00:48:00,0.37873269679562327
2019-09-23 00:51:00,0.5242941879051841
2019-09-23 00:54:00,0.5040353022574777
2019-09-23 00:57:00,0.5355054451283081
2019-09-23 01:00:00,0.5821924864445691
2019-09-23 01:03:00,0.6264928196629853
2019-09-23 01:06:00,0.6663326366293632
2019-09-23 01:09:00,0.5448485097178377
2019-09-23 01:12:00,0.607366667031215
2019-09-23 01:15:00,0.5651019689403824
2019-09-23 01:18:00,0.6712375942208268
2019-09-23 01:21:00,0.6413690018364377
2019-09-23 01:24:00,0.6512228512418687
2019-09-23 01:27:00,0.6806446796645673
2019-09-23 01:30:00,0.6517984968429573
2019-09-23 01:33:00,0.6664559223095239
2019-09-23 01:36:00,0.5193419378160229
2019-09-23 01:39:00,0.6019222250940288
2019-09-23 01:42:00,0.6871399646446434
2019-09-23 01:45:00,0.5642250165151381
2019-09-23 01:48:00,0.5537619810617116
2019-09-23 01:51:00,0.5345914624816146
2019-09-23 01:54:00,0.5494463571953361
2019-09-23 01:57:00,0.5927189224029803
2019-09-23 02:00:00,0.44611673690764064
2019-09-23 02:03:00,0.6228620415382693
2019-09-23 02:06:00,0.5876207908792139
2019-09-23 02:09:00,0.5646267903418902
2019-09-23 02:12:00,0.4755990592182684
2019-09-23 02:15:00,0.46493044416149587
2019-09-23 02:18:00,0.5286508217832306
2019-09-23 02:21:00,0.5620091220375798
2019-09-23 02:24:00,0.5617162199884547
2019-09-23 02:27:00,0.6044488397625969
2019-09-23 02:30:00,0.5330440039896303
2019-09-23 02:33:00,0.575110631604332
2019-09-23 02:36:00,0.5351480025095157
2019-09-23 02:39:00,0.619313595036374
2019-09-23 02:42:00,0.6104269512046585
2019-09-23 02:45:00,0.6203661419678497
2019-09-23 02:48:00,0.5596546830645366
2019-09-23 02:51:00,0.6733858009948221
2019-09-23 02:54:00,0.5685215933017957
2019-09-23 02:57:00,0.6549724320033192
2019-09-23 03:00:00,0.5736812166103391
2019-09-23 03:03:00,0.5581427877636429
2019-09-23 03:06:00,0.5207911931179865
2019-09-23 03:09:00,0.4802742740031931
2019-09-23 03:12:00,0.49080446777838915
2019-09-23 03:15:00,0.6258783728239905
2019-09-23 03:18:00,0.5598196819611303
2019-09-23 03:21:00,0.5229839484098306
2019-09-23 03:24:00,0.4553359479467076
2019-09-23 03:27:00,0.454677588343543
2019-09-23 03:30:00,0.45355523735690895
2019-09-23 03:33:00,0.33197895197918115
2019-09-23 03:36:00,0.4283255601588962
2019-09-23 03:39:00,0.42983151457696067
2019-09-23 03:42:00,0.6382745246262971
2019-09-23 03:45:00,0.5789068635251624
2019-09-23 03:48:00,0.6199829533864545
2019-09-23 03:51:00,0.6190491900873667
2019-09-23 03:54:00,0.5524864992259495
2019-09-23 03:57:00,0.5292358101553418
2019-09-23 04:00:00,0.48981529664803247
2019-09-23 04:03:00,0.356037952586405
2019-09-23 04:06:00,0.5326841551370194
2019-09-23 04:09:00,0.5032737660225735
2019-09-23 04:12:00,0.6468106270219209
2019-09-23 04:15:00,0.5555755719634021
2019-09-23 04:18:00,0.5608387863057942
2019-09-23 04:21:00,0.511500672773991
2019-09-23 04:24:00,0.5289915055612369
2019-09-23 04:27:00,0.5141300706241623
2019-09-23 04:30:00,0.4613319470984152
2019-09-23 04:33:00,0.5358857823800349
2019-09-23 04:36:00,0.5348751214997947
2019-09-23 04:39:00,0.4695949538994455
2019-09-23 04:42:00,0.6188292768554788
2019-09-23 04:45:00,0.5401311279598531
2019-09-23 04:48:00,0.5118761958029836
2019-09-23 04:51:00,0.576869497730911
2019-09-23 04:54:00,0.5491289623927287
2019-09-23 04:57:00,0.6415106658478749
2019-09-23 05:00:00,0.5638580254552608
2019-09-23 05:03:00,0.6282235244273693
2019-09-23 05:06:00,0.6000276475654118
2019-09-23 05:09:00,0.45072635573274056
2019-09-23 05:12:00,0.4915875859481389
2019-09-23 05:15:00,0.4355348670480339
2019-09-23 05:18:00,0.4974603786340026
2019-09-23 05:21:00,0.3952435155133571
2019-09-23 05:24:00,0.49289417637243105
2019-09-23 05:27:00,0.474735610139021
2019-09-23 05:30:00,0.4686284087914032
2019-09-23 05:33:00,0.43120760194807417
2019-09-23 05:36:00,0.503242263570769
2019-09-23 05:39:00,0.5425701074968288
2019-09-23 05:42:00,0.5269769547624605
2019-09-23 05:45:00,0.3526543789078005
2019-09-23 05:48:00,0.4540777108052225
2019-09-23 05:51:00,0.3859673739586924
2019-09-23 05:54:00,0.44528100711539764
2019-09-23 05:57:00,0.5032849910156756
2019-09-23 06:00:00,0.44256712416256505
2019-09-23 06:03:00,0.3652430322301825
2019-09-23 06:06:00,0.46383649746741185
2019-09-23 06:09:00,0.34223702958632884
2019-09-23 06:12:00,0.3574353852645231
2019-09-23 06:15:00,0.3830221988438893
2019-09-23 06:18:00,0.35973533539788605
2019-09-23 06:21:00,0.34558994730696213
2019-09-23 06:24:00,0.30963419402081627
2019-09-23 06:27:00,0.4211571307083659
2019-09-23 06:30:00,0.36059677860259853
2019-09-23 06:33:00,0.45709671008251007
2019-09-23 06:36:00,0.31383109248469054
2019-09-23 06:39:00,0.4322711667709882
2019-09-23 06:42:00,0.44905634980995046
2019-09-23 06:45:00,0.5064686586143807
2019-09-23 06:48:00,0.4199457891019165
2019-09-23 06:51:00,0.4785810559006336
2019-09-23 06:54:00,0.3632340473217255
2019-09-23 06:57:00,0.3214143886720535
2019-09-23 07:00:00,0.37402186475520693
2019-09-23 07:03:00,0.4465490093958806
2019-09-23 07:06:00,0.45200801994394624
2019-09-23 07:09:00,0.4637182117323846
2019-09-23 07:12:00,0.4700417542834998
2019-09-23 07:15:00,0.33046852369329827
2019-09-23 07:18:00,0.3352565223228794
2019-09-23 07:21:00,0.3732907407363655
2019-09-23 07:24:00,0.49272554115850653
2019-09-23 07:27:00,0.4061096658730321
2019-09-23 07:30:00,0.3621369273571986
2019-09-23 07:33:00,0.37565869285560893
2019-09-23 07:36:00,0.41087190864851664
2019-09-23 07:39:00,0.38577693009932545
2019-09-23 07:42:00,0.44875105273303006
2019-09-23 07:45:00,0.3105239157706592
2019-09-23 07:48:00,0.34138420845187056
2019-09-23 07:51:00,0.32968777942107863
2019-09-23 07:54:00,0.30269548197532004
2019-09-23 07:57:00,0.38365537680141415
2019-09-23 08:00:00,0.40928662460271426
2019-09-23 08:03:00,0.358066196506968
2019-09-23 08:06:00,0.4077531816616897
2019-09-23 08:09:00,0.32689472548668164
2019-09-23 08:12:00,0.3512545976425372
2019-09-23 08:15:00,0.3523465130593877
2019-09-23 08:18:00,0.39231035802396264
2019-09-23 08:21:00,0.3231526380584455
2019-09-23 08:24:00,0.3911635102518858
2019-09-23 08:27:00,0.36430738156059306
2019-09-23 08:30:00,0.3414793902616111
2019-09-23 08:33:00,0.36141449564962613
2019-09-23 08:36:00,0.4248957691083888
2019-09-23 08:39:00,0.3242111866381947
2019-09-23 08:42:00,0.21304082719359485
2019-09-23 08:45:00,0.23459462127777897
2019-09-23 08:48:00,0.26656664716915657
2019-09-23 08:51:00,0.3578518601698306
2019-09-23 08:54:00,0.2652235443971449
2019-09-23 08:57:00,0.3428664015621621
2019-09-23 09:00:00,0.34469897224209944
2019-09-23 09:03:00,0.312534713775392
2019-09-23 09:06:00,0.28584274075802796
2019-09-23 09:09:00,0.23786409532613106
2019-09-23 09:12:00,0.28963162679718835
2019-09-23 09:15:00,0.3018281861631067
2019-09-23 09:18:00,0.25402721418078045
2019-09-23 09:21:00,0.1549226704265152
2019-09-23 09:24:00,0.28557902143001
2019-09-23 09:27:00,0.27461699147227137
2019-09-23 09:30:00,0.3425177829585664
2019-09-23 09:33:00,0.13005123030296772
2019-09-23 09:36:00,0.2524684268856845
2019-09-23 09:39:00,0.19406368520287742
2019-09-23 09:42:00,0.31968150715385946
2019-09-23 09:45:00,0.1871528974594412
2019-09-23 09:48:00,0.19395224643659503
2019-09-23 09:51:00,0.22476732440520664
2019-09-23 09:54:00,0.07807644144367032
2019-09-23 09:57:00,0.16683108321944928
2019-09-23 10:00:00,0.15187650597039237
2019-09-23 10:03:00,0.11046938412266627
2019-09-23 10:06:00,0.03524623667482274
2019-09-23 10:09:00,-0.010687133289195572
2019-09-23 10:12:00,0.09166419840198614
2019-09-23 10:15:00,-0.00210524276610613
2019-09-23 10:18:00,0.11267724769510323
2019-09-23 10:21:00,0.002965760093275094
2019-09-23 10:24:00,0.05278891949080844
2019-09-23 10:27:00,0.08437276319972398
2019-09-23 10:30:00,-0.029172986718151606
2019-09-23 10:33:00,0.11216580026990641
2019-09-23 10:36:00,0.06856651034871675
2019-09-23 10:39:00,0.06350042773561881
2019-09-23 10:42:00,0.0020546635000187052
2019-09-23 10:45:00,0.0015913377734477763
2019-09-23 10:48:00,0.007099939601232563
2019-09-23 10:51:00,0.0626944458282992
2019-09-23 10:54:00,-0.08354594840130858
2019-09-23 10:57:00,-0.030782048204514467
2019-09-23 11:00:00,-0.07058197218600526
2019-09-23 11:03:00,-0.01629160696904819
2019-09-23 11:06:00,-0.03388890321770077
2019-09-23 11:09:00,0.05185724729352614
2019-09-23 11:12:00,0.06093965914828914
2019-09-23 11:15:00,-0.03324165623882891
2019-09-23 11:18:00,0.02387906044987176
2019-09-23 11:21:00,0.024906330547310063
2019-09-23 11:24:00,0.004663360360268598
2019-09-23 11:27:00,-0.10525897079395463
2019-09-23 11:30:00,-0.10215157574168643
2019-09-23 11:33:00,-0.13854148567190805
2019-09-23 11:36:00,-0.03983442778201152
2019-09-23 11:39:00,-0.1489296664030917
2019-09-23 11:42:00,-0.19852571821155607
2019-09-23 11:45:00,-0.10623287327882736
2019-09-23 11:48:00,-0.0697814485781123
2019-09-23 11:51:00,-0.07255204940850035
2019-09-23 11:54:00,-0.03755073942886611
2019-09-23 11:57:00,-0.14059720274508436
2019-09-23 12:00:00,-0.18847072807398035
2019-09-23 12:03:00,-0.1472360891158928
2019-09-23 12:06:00,-0.04036600278135438
2019-09-23 12:09:00,-0.18739990344698754
2019-09-23 12:12:00,-0.14305899306339143
2019-09-23 12:15:00,-0.15552351170936163
2019-09-23 12:18:00,-0.2154842553270555
2019-09-23 12:21:00,-0.20852792596610925
2019-09-23 12:24:00,-0.22260581681194935
2019-09-23 12:27:00,-0.2881779903796087
2019-09-23 12:30:00,-0.263705383755962
2019-09-23 12:33:00,-0.24175170053058537
2019-09-23 12:36:00,-0.21422839577684272
2019-09-23 12:39:00,-0.2164406723409229
2019-09-23 12:42:00,-0.20442232666249538
2019-09-23 12:45:00,-0.15278000856108065
2019-09-23 12:48:00,-0.20330839526405953
2019-09-23 12:51:00,-0.034939036114963073
2019-09-23 12:54:00,-0.11161237823978354
2019-09-23 12:57:00,-0.008587940515383252
2019-09-23 13:00:00,-0.1302605587944754
2019-09-23 13:03:00,-0.17501776972460448
2019-09-23 13:06:00,-0.2558584255274923
2019-09-23 13:09:00,-0.13907397653929365
2019-09-23 13:12:00,-0.08977396342623933
2019-09-23 13:15:00,-0.05397386711268837
2019-09-23 13:18:00,-0.09384264987983215
2019-09-23 13:21:00,-0.15643913210442406
2019-09-23 13:24:00,-0.17610950582974283
2019-09-23 13:27:00,-0.19733478915929936
2019-09-23 13:30:00,-0.15532933460815457
2019-09-23 13:33:00,-0.21581152910283663
2019-09-23 13:36:00,-0.13392260921227717
2019-09-23 13:39:00,-0.17005788653568743
2019-09-23 13:42:00,-0.19220206755636582
2019-09-23 13:45:00,-0.14789207188670161
2019-09-23 13:48:00,-0.14368402731162178
2019-09-23 13:51:00,-0.2338390442039895
2019-09-23 13:54:00,-0.05103399724538349
2019-09-23 13:57:00,-0.06686649641466147
2019-09-23 14:00:00,-0.0851570471118066
2019-09-23 14:03:00,-0.030851069567518152
2019-09-23 14:06:00,0.04974849021613181
2019-09-23 14:09:00,-0.17970787678910938
2019-09-23 14:12:00,-0.10830445289866475
2019-09-23 14:15:00,-0.20987913446276707
2019-09-23 14:18:00,-0.066752807314856
2019-09-23 14:21:00,0.006546937482994508
2019-09-23 14:24:00,0.22242533845428625
2019-09-23 14:27:00,0.20846393963461196
2019-09-23 14:30:00,0.1832301474905762
2019-09-23 14:33:00,0.1216099688687109
2019-09-23 14:36:00,-0.07274079488803409
2019-09-23 14:39:00,-0.1566191425727652
2019-09-23 14:42:00,0.005272293660596006
2019-09-23 14:45:00,0.034200371291944975
2019-09-23 14:48:00,-0.10671125314485153
2019-09-23 14:51:00,-0.05585916276874059
2019-09-23 14:54:00,-0.019162816913365077
2019-09-23 14:57:00,0.07385178718311636
2019-09-23 15:00:00,0.08109046285585464
2019-09-23 15:03:00,0.15206404593646994
2019-09-23 15:06:00,0.08177196057977199
2019-09-23 15:09:00,0.06075349404852659
2019-09-23 15:12:00,0.06045363639714196
2019-09-23 15:15:00,0.07128005682909588
2019-09-23 15:18:00,0.13817020762911625
2019-09-23 15:21:00,0.24539611075243783
2019-09-23 15:24:00,0.18452486770297583
2019-09-23 15:27:00,0.14905163300352342
2019-09-23 15:30:00,0.14035772622588638
2019-09-23 15:33:00,0.006605685020133478
2019-09-23 15:36:00,0.06850112808217546
2019-09-23 15:39:00,0.1299414723184782
2019-09-23 15:42:00,0.08447636573680484
2019-09-23 15:45:00,0.2291316633434235
2019-09-23 15:48:00,0.14157803021890913
2019-09-23 15:51:00,0.11859577310565328
2019-09-23 15:54:00,0.08335314065669763
2019-09-23 15:57:00,0.125698007927042
2019-09-23 16:00:00,0.16954360069115637
2019-09-23 16:03:00,0.11347727257486895
2019-09-23 16:06:00,0.11696807135911058
2019-09-23 16:09:00,0.0870485927291611
2019-09-23 16:12:00,0.010939831175448944
2019-09-23 16:15:00,0.05768022792619831
2019-09-23 16:18:00,0.09189287519200207
2019-09-23 16:21:00,0.26098944695536375
2019-09-23 16:24:00,0.30201323787940737
2019-09-23 16:27:00,0.28291917049330095
2019-09-23 16:30:00,0.3333955142198306
2019-09-23 16:33:00,0.3997833494860288
2019-09-23 16:36:00,0.26872946507006645
2019-09-23 16:39:00,0.2498476522001738
2019-09-23 16:42:00,0.2930330787365847
2019-09-23 16:45:00,0.10806797001561108
2019-09-23 16:48:00,0.19529156604494347
2019-09-23 16:51:00,0.3087501774891166
2019-09-23 16:54:00,0.28393108318886107
2019-09-23 16:57:00,0.35217953347438424
2019-09-23 17:00:00,0.30835839966908907
2019-09-23 17:03:00,0.2521577932626542
2019-09-23 17:06:00,0.18436461120137437
2019-09-23 17:09:00,0.2613909367642009
2019-09-23 17:12:00,0.2851223168535171
2019-09-23 17:15:00,0.33271205883431776
2019-09-23 17:18:00,0.33228536439804657
2019-09-23 17:21:00,0.34899585464341953
2019-09-23 17:24:00,0.2966374038659296
2019-09-23 17:27:00,0.2361896497492353
2019-09-23 17:30:00,0.3321396687587139
2019-09-23 17:33:00,0.3199208305974821
2019-09-23 17:36:00,0.3265334537626927
2019-09-23 17:39:00,0.26582408501207055
2019-09-23 17:42:00,0.290064819086183
2019-09-23 17:45:00,0.3722112962650499
2019-09-23 17:48:00,0.21797697242993763
2019-09-23 17:51:00,0.18869203937742896
2019-09-23 17:54:00,0.2794762021699171
2019-09-23 17:57:00,0.2532153767654677
2019-09-23 18:00:00,0.27608463407648287
2019-09-23 18:03:00,0.2153694606260501
2019-09-23 18:06:00,0.33364317625654394
2019-09-23 18:09:00,0.3149845361421626
2019-09-23 18:12:00,0.2897281360361035
2019-09-23 18:15:00,0.3171994242977121
2019-09-23 18:18:00,0.2623303385754525
2019-09-23 18:21:00,0.2808521277793261
2019-09-23 18:24:00,0.28567139572095357
2019-09-23 18:27:00,0.2616409068503458
2019-09-23 18:30:00,0.2028224138123278
2019-09-23 18:33:00,0.1952223124350212
2019-09-23 18:36:00,0.26936844567444496
2019-09-23 18:39:00,0.2638884456575852
2019-09-23 18:42:00,0.26661074469365076
2019-09-23 18:45:00,0.28596856521625114
2019-09-23 18:48:00,0.29486409763609345
2019-09-23 18:51:00,0.2594817028453349
2019-09-23 18:54:00,
2019-09-23 18:57:00,
2019-09-23 19:00:00,
2019-09-23 19:03:00,0.3717850665136666
2019-09-23 19:06:00,0.30179075594628557
2019-09-23 19:09:00,0.3283292592172984
2019-09-23 19:12:00,0.36480649062923476
2019-09-23 19:15:00,0.27183692536766557
2019-09-23 19:18:00,0.29385392975592595
2019-09-23 19:21:00,0.3844755942905067
2019-09-23 19:24:00,0.3451307836787123
2019-09-23 19:27:00,0.2923900466158216
2019-09-23 19:30:00,0.34057605059285834
2019-09-23 19:33:00,0.3581431034456273
2019-09-23 19:36:00,0.43684133285131566
2019-09-23 19:39:00,0.3137663664259662
2019-09-23 19:42:00,0.33564895253056193
2019-09-23 19:45:00,0.37758840805145155
2019-09-23 19:48:00,0.2665400048365427
2019-09-23 19:51:00,0.37808709342635893
2019-09-23 19:54:00,0.3636311412043369
2019-09-23 19:57:00,0.38918018333589544
2019-09-23 20:00:00,0.33832471780772266
2019-09-23 20:03:00,0.3832882134297506
2019-09-23 20:06:00,0.3354425330729782
2019-09-23 20:09:00,0.34574497650373814
2019-09-23 20:12:00,0.4474453486664629
2019-09-23 20:15:00,0.27619034140820986
2019-09-23 20:18:00,0.40019438993630274
2019-09-23 20:21:00,0.3752032859278529
2019-09-23 20:24:00,0.37158629654481956
2019-09-23 20:27:00,0.29240174622520954
2019-09-23 20:30:00,0.41592562203743455
2019-09-23 20:33:00,0.3829096280463773
2019-09-23 20:36:00,0.31505469013995935
2019-09-23 20:39:00,0.3718355136039122
2019-09-23 20:42:00,0.26389860403992316
2019-09-23 20:45:00,0.31208398213317423
2019-09-23 20:48:00,0.32125844419726945
2019-09-23 20:51:00,0.27392619040904265
2019-09-23 20:54:00,0.2663858298815853
2019-09-23 20:57:00,0.382873892439477
2019-09-23 21:00:00,0.3171064072298577
2019-09-23 21:03:00,0.3188525535800295
2019-09-23 21:06:00,0.28046114083849716
2019-09-23 21:09:00,0.4343410874761844
2019-09-23 21:12:00,0.39106146331153013
2019-09-23 21:15:00,0.3187670754770693
2019-09-23 21:18:00,0.3024189131953108
2019-09-23 21:21:00,0.37502111798715987
2019-09-23 21:24:00,0.33729160764482913
2019-09-23 21:27:00,0.4655341441604719
2019-09-23 21:30:00,0.3553059795705735
2019-09-23 21:33:00,0.3490429977786107
2019-09-23 21:36:00,0.3583727258338172
2019-09-23 21:39:00,0.3749182480871127
2019-09-23 21:42:00,0.4246627859602654
2019-09-23 21:45:00,0.39550026393811777
2019-09-23 21:48:00,0.44952521590454353
2019-09-23 21:51:00,0.37721629594653905
2019-09-23 21:54:00,0.39673434915516737
2019-09-23 21:57:00,0.33672101261743137
2019-09-23 22:00:00,0.31779545364321393
2019-09-23 22:03:00,0.2939747065266829
2019-09-23 22:06:00,0.2665168781151692
2019-09-23 22:09:00,0.3661087929473865
2019-09-23 22:12:00,0.344578277255323
2019-09-23 22:15:00,0.3518016211253894
2019-09-23 22:18:00,0.41696558953361773
2019-09-23 22:21:00,0.4889498883338774
2019-09-23 22:24:00,0.36509713417569856
2019-09-23 22:27:00,0.3484464544019943
2019-09-23 22:30:00,0.33021673359490933
2019-09-23 22:33:00,0.4063841910504493
2019-09-23 22:36:00,0.2718436573720169
2019-09-23 22:39:00,0.3007336466613424
2019-09-23 22:42:00,0.35511407651290483
2019-09-23 22:45:00,0.3495662409181364
2019-09-23 22:48:00,0.34784358441334007
2019-09-23 22:51:00,0.34358071326755635
2019-09-23 22:54:00,0.35598343880434413
2019-09-23 22:57:00,0.4011681110505947
2019-09-23 23:00:00,0.37699087011122856
2019-09-23 23:03:00,0.3340769069984617
2019-09-23 23:06:00,0.38347695139492544
2019-09-23 23:09:00,0.30779850841423695
2019-09-23 23:12:00,0.360305938327258
2019-09-23 23:15:00,0.37014361371484483
2019-09-23 23:18:00,0.3359196144818952
2019-09-23 23:21:00,0.4213951014303916
2019-09-23 23:24:00,0.27173587738434435
2019-09-23 23:27:00,0.29237660903407914
2019-09-23 23:30:00,0.3214658334437672
2019-09-23 23:33:00,0.39725497620969463
2019-09-23 23:36:00,0.36533961021609684
2019-09-23 23:39:00,0.37358972017284486
2019-09-23 23:42:00,0.3340798540446599
2019-09-23 23:45:00,0.25431894987991654
2019-09-23 23:48:00,0.3469748203901304
2019-09-23 23:51:00,0.31798268681575337
2019-09-23 23:54:00,0.34765066770302155
2019-09-23 23:57:00,0.38010292155502157
2019-09-24 00:00:00,0.3627804353260444
2019-09-24 00:03:00,0.38818490766453806
2019-09-24 00:06:00,0.3209294783207497
2019-09-24 00:09:00,0.30344812614998773
2019-09-24 00:12:00,0.2958873826411832
2019-09-24 00:15:00,0.3458250931875
2019-09-24 00:18:00,0.3085132627874714
2019-09-24 00:21:00,0.304029961789297
2019-09-24 00:24:00,0.2630776003676374
2019-09-24 00:27:00,0.2889286662114614
2019-09-24 00:30:00,0.360889296170285
2019-09-24 00:33:00,0.31329745652845986
2019-09-24 00:36:00,0.327004363065555
2019-09-24 00:39:00,0.2797042659593103
2019-09-24 00:42:00,0.3683876412113136
2019-09-24 00:45:00,0.3265726539069078
2019-09-24 00:48:00,0.34964783322942594
2019-09-24 00:51:00,0.23712098162349093
2019-09-24 00:54:00,0.3294697049330466
2019-09-24 00:57:00,0.3571750557836708
2019-09-24 01:00:00,0.28318914579477905
2019-09-24 01:03:00,0.3619944171536531
2019-09-24 01:06:00,0.2256104714506364
2019-09-24 01:09:00,0.3161867009357593
2019-09-24 01:12:00,0.2849794190830721
2019-09-24 01:15:00,0.2848237470227559
2019-09-24 01:18:00,0.1545640666298027
2019-09-24 01:21:00,0.29598840153323636
2019-09-24 01:24:00,0.28500404928701073
2019-09-24 01:27:00,0.2524068111719089
2019-09-24 01:30:00,0.2647372890583597
2019-09-24 01:33:00,0.20800146700776168
2019-09-24 01:36:00,0.27764975900254285
2019-09-24 01:39:00,0.31494401742810396
2019-09-24 01:42:00,0.3711630443949048
2019-09-24 01:45:00,0.28689932358525994
2019-09-24 01:48:00,0.2735948091616933
2019-09-24 01:51:00,0.18632789759624302
2019-09-24 01:54:00,0.28306612654841956
2019-09-24 01:57:00,0.28944513428837126
2019-09-24 02:00:00,0.26874724606557265
2019-09-24 02:03:00,0.3152341584220153
2019-09-24 02:06:00,0.3096239333490871
2019-09-24 02:09:00,0.4104513711044433
2019-09-24 02:12:00,0.3156752970156731
2019-09-24 02:15:00,0.33184254252756773
2019-09-24 02:18:00,0.23810120858627215
2019-09-24 02:21:00,0.27028635814815516
2019-09-24 02:24:00,0.37285782344270046
2019-09-24 02:27:00,0.38316706332733474
2019-09-24 02:30:00,0.31187391828416366
2019-09-24 02:33:00,0.3534264089303747
2019-09-24 02:36:00,0.3506269113884741
2019-09-24 02:39:00,0.3488691691246686
2019-09-24 02:42:00,0.35435659624482696
2019-09-24 02:45:00,0.34624105302248154
2019-09-24 02:48:00,0.3695879936967117
2019-09-24 02:51:00,0.3096711126690934
2019-09-24 02:54:00,0.3540821636367468
2019-09-24 02:57:00,0.4875018125650854
2019-09-24 03:00:00,0.3263625613439558
2019-09-24 03:03:00,0.27566946514366464
2019-09-24 03:06:00,0.22920207748211396
2019-09-24 03:09:00,0.24048359481889747
2019-09-24 03:12:00,0.29686343461293063
2019-09-24 03:15:00,0.36515374351694163
2019-09-24 03:18:00,0.4412976799525268
2019-09-24 03:21:00,0.461176082682357
2019-09-24 03:24:00,0.3625257912552229
2019-09-24 03:27:00,0.3737571289869379
2019-09-24 03:30:00,0.38840352136747924
2019-09-24 03:33:00,0.38145062995539547
2019-09-24 03:36:00,0.29988849842175114
2019-09-24 03:39:00,0.36718165100433
2019-09-24 03:42:00,0.3678633800424791
2019-09-24 03:45:00,0.38944584810514016
2019-09-24 03:48:00,0.3421614115819125
2019-09-24 03:51:00,0.38851592689826475
2019-09-24 03:54:00,0.4082216806344263
2019-09-24 03:57:00,0.3668943379503844
2019-09-24 04:00:00,0.4585079378130672
2019-09-24 04:03:00,0.4498940391240467
2019-09-24 04:06:00,0.38630341701724547
2019-09-24 04:09:00,0.45756157112901974
2019-09-24 04:12:00,0.4311585583360511
2019-09-24 04:15:00,0.3116484821682093
2019-09-24 04:18:00,0.4460099067069905
2019-09-24 04:21:00,0.4773617524151632
2019-09-24 04:24:00,0.40153880417437904
2019-09-24 04:27:00,0.49896878402847733
2019-09-24 04:30:00,0.44279122164465434
2019-09-24 04:33:00,0.28611421069416565
2019-09-24 04:36:00,0.4363212586584382
2019-09-24 04:39:00,0.5461546865174114
2019-09-24 04:42:00,0.4813321189445787
2019-09-24 04:45:00,0.42216409703337376
2019-09-24 04:48:00,0.4766224971595534
2019-09-24 04:51:00,0.4048503436433748
2019-09-24 04:54:00,0.4841510852837132
2019-09-24 04:57:00,0.3625937336353786
2019-09-24 05:00:00,0.4822271929249382
2019-09-24 05:03:00,0.44216623908755537
2019-09-24 05:06:00,0.5663251163185237
2019-09-24 05:09:00,0.42475619970775824
2019-09-24 05:12:00,0.3827620973465855
2019-09-24 05:15:00,0.3775914821092101
2019-09-24 05:18:00,0.4169154503505865
2019-09-24 05:21:00,0.4558341000147834
2019-09-24 05:24:00,0.3931920797749058
2019-09-24 05:27:00,0.2566030356481974
2019-09-24 05:30:00,0.3412808709761066
2019-09-24 05:33:00,0.31267775166668343
2019-09-24 05:36:00,0.4121273918404995
2019-09-24 05:39:00,0.32264879692337445
2019-09-24 05:42:00,0.4478056298298725
2019-09-24 05:45:00,0.42511517480727434
2019-09-24 05:48:00,0.38370086390864344
2019-09-24 05:51:00,0.4990127154009656
2019-09-24 05:54:00,0.43081639543748906
2019-09-24 05:57:00,0.4395838383002797
2019-09-24 06:00:00,0.444753898827571
2019-09-24 06:03:00,0.4385190821552669
2019-09-24 06:06:00,0.5008298743278488
2019-09-24 06:09:00,0.5188036482824714
2019-09-24 06:12:00,0.3915008467329244
2019-09-24 06:15:00,0.44930949612819404
2019-09-24 06:18:00,0.41942370274153973
2019-09-24 06:21:00,0.4077892908167655
2019-09-24 06:24:00,0.4088751197906504
2019-09-24 06:27:00,0.40861209554987
2019-09-24 06:30:00,0.4550903695721331
2019-09-24 06:33:00,0.36609655990150713
2019-09-24 06:36:00,0.4409568490997344
2019-09-24 06:39:00,0.4197137205538297
2019-09-24 06:42:00,0.38486718268370623
2019-09-24 06:45:00,0.38147582320300444
2019-09-24 06:48:00,0.3997853028548093
2019-09-24 06:51:00,0.37473292931218793
2019-09-24 06:54:00,0.4078445241433428
2019-09-24 06:57:00,0.38125548548924826
2019-09-24 07:00:00,0.32372293100854677
2019-09-24 07:03:00,0.46233849482888445
2019-09-24 07:06:00,0.3070009349428915
2019-09-24 07:09:00,0.2715880361049585
2019-09-24 07:12:00,0.3205703839160492
2019-09-24 07:15:00,0.4003446889973361
2019-09-24 07:18:00,0.3558232224469293
2019-09-24 07:21:00,0.3473981770833916
2019-09-24 07:24:00,0.3709090657911247
2019-09-24 07:27:00,0.39989162720002014
2019-09-24 07:30:00,0.4310334136798133
2019-09-24 07:33:00,0.3800897844976703
2019-09-24 07:36:00,0.33227493327791535
2019-09-24 07:39:00,0.4290635627259576
2019-09-24 07:42:00,0.4089694010395988
2019-09-24 07:45:00,0.43381024372263255
2019-09-24 07:48:00,0.2961864271262016
2019-09-24 07:51:00,0.34158781968039875
2019-09-24 07:54:00,0.35728271168488845
2019-09-24 07:57:00,0.4173664786088125
2019-09-24 08:00:00,0.3026922858631451
2019-09-24 08:03:00,0.42710618725141103
2019-09-24 08:06:00,0.34994306519479323
2019-09-24 08:09:00,0.47690594027466204
2019-09-24 08:12:00,0.3910375664423782
2019-09-24 08:15:00,0.32955322311335067
2019-09-24 08:18:00,0.3351942920378974
2019-09-24 08:21:00,0.3847974950007256
2019-09-24 08:24:00,0.4271753112609531
2019-09-24 08:27:00,0.39849436761755896
2019-09-24 08:30:00,0.32496346721285363
2019-09-24 08:33:00,0.3512350509869293
2019-09-24 08:36:00,0.30564053782711653
2019-09-24 08:39:00,0.3822946062762185
2019-09-24 08:42:00,0.44124279655324017
2019-09-24 08:45:00,0.414017780587983
2019-09-24 08:48:00,0.4427292602606485
2019-09-24 08:51:00,0.3473281675729254
2019-09-24 08:54:00,0.2991091890370967
2019-09-24 08:57:00,0.32112815650890525
2019-09-24 09:00:00,0.3270619370913437
2019-09-24 09:03:00,0.3283035455530694
2019-09-24 09:06:00,0.25866425177338215
2019-09-24 09:09:00,0.30312095233358605
2019-09-24 09:12:00,0.2721773750932357
2019-09-24 09:15:00,0.33096945212793116
2019-09-24 09:18:00,0.3707579633656337
2019-09-24 09:21:00,0.10343093516411273
2019-09-24 09:24:00,0.219327407336948
2019-09-24 09:27:00,0.19835472308000135
2019-09-24 09:30:00,0.15982382187758049
2019-09-24 09:33:00,0.1425888662666921
2019-09-24 09:36:00,0.1775826742056097
2019-09-24 09:39:00,0.041900377967124314
2019-09-24 09:42:00,0.12069367212245652
2019-09-24 09:45:00,0.05698428464853578
2019-09-24 09:48:00,0.08752225598510677
2019-09-24 09:51:00,0.0684211348470285
2019-09-24 09:54:00,0.04459309118641386
2019-09-24 09:57:00,0.0478900448360946
2019-09-24 10:00:00,0.0971481713470439
2019-09-24 10:03:00,0.05432836967111143
2019-09-24 10:06:00,0.16136269026208083
2019-09-24 10:09:00,0.06927408406835411
2019-09-24 10:12:00,0.02202487509606499
2019-09-24 10:15:00,-0.009450295071872006
2019-09-24 10:18:00,0.04631107346335739
2019-09-24 10:21:00,0.09335338042984631
2019-09-24 10:24:00,-0.00574826595476452
2019-09-24 10:27:00,0.0073749773036979605
2019-09-24 10:30:00,-0.03641728053685256
2019-09-24 10:33:00,-0.06609329644930995
2019-09-24 10:36:00,-0.006373351539934902
2019-09-24 10:39:00,-0.10321880735398281
2019-09-24 10:42:00,0.0844595860940558
2019-09-24 10:45:00,-0.014261599334759012
2019-09-24 10:48:00,-0.017758325966269695
2019-09-24 10:51:00,-0.07521777587066936
2019-09-24 10:54:00,-0.051280610372089086
2019-09-24 10:57:00,-0.06834966652013463
2019-09-24 11:00:00,-0.0526217181446782
2019-09-24 11:03:00,-0.10004845407968332
2019-09-24 11:06:00,-0.1051497605525924
2019-09-24 11:09:00,-0.07426992795774368
2019-09-24 11:12:00,-0.18603947788596997
2019-09-24 11:15:00,-0.08756627566373254
2019-09-24 11:18:00,-0.09458134500357573
2019-09-24 11:21:00,-0.1920083117686886
2019-09-24 11:24:00,-0.2197566812994296
2019-09-24 11:27:00,-0.09393818312662461
2019-09-24 11:30:00,-0.04203356770165101
2019-09-24 11:33:00,-0.15964415349395722
2019-09-24 11:36:00,-0.14720252915935816
2019-09-24 11:39:00,-0.006985001733596619
2019-09-24 11:42:00,-0.019835795114204302
2019-09-24 11:45:00,-0.2287725796849145
2019-09-24 11:48:00,-0.14204751068450605
2019-09-24 11:51:00,-0.2616498751787617
2019-09-24 11:54:00,-0.2354777644738988
2019-09-24 11:57:00,-0.14022619975935413
2019-09-24 12:00:00,-0.2357801117004783
2019-09-24 12:03:00,-0.10599878394765483
2019-09-24 12:06:00,-0.29150382849559264
2019-09-24 12:09:00,-0.24269398239454176
2019-09-24 12:12:00,-0.27259637901556744
2019-09-24 12:15:00,-0.19346101335816002
2019-09-24 12:18:00,-0.31827091072744906
2019-09-24 12:21:00,-0.23350448997871354
2019-09-24 12:24:00,-0.2524461670591336
2019-09-24 12:27:00,-0.3838551276165276
2019-09-24 12:30:00,-0.3193463135722254
2019-09-24 12:33:00,-0.26414473602170574
2019-09-24 12:36:00,-0.2905966325562872
2019-09-24 12:39:00,-0.2664159617098676
2019-09-24 12:42:00,-0.22694865992957602
2019-09-24 12:45:00,-0.3238002744309938
2019-09-24 12:48:00,-0.28756088836576055
2019-09-24 12:51:00,-0.19921593913005609
2019-09-24 12:54:00,-0.008718389836076312
2019-09-24 12:57:00,0.14383913360416045
2019-09-24 13:00:00,0.11337212243137174
2019-09-24 13:03:00,0.18522486795097848
2019-09-24 13:06:00,0.0009152578426210312
2019-09-24 13:09:00,0.024359016148594037
2019-09-24 13:12:00,-0.20966149039685433
2019-09-24 13:15:00,-0.007517652231285865
2019-09-24 13:18:00,-0.04855153706051851
2019-09-24 13:21:00,-0.19892567632939517
2019-09-24 13:24:00,-0.11008730211221973
2019-09-24 13:27:00,-0.23430048920590707
2019-09-24 13:30:00,-0.13595988398117242
2019-09-24 13:33:00,-0.10106059434730241
2019-09-24 13:36:00,-0.06684068934345078
2019-09-24 13:39:00,-0.08481932290351324
2019-09-24 13:42:00,0.03872160044136308
2019-09-24 13:45:00,-0.12149523643751081
2019-09-24 13:48:00,-0.19890658204536749
2019-09-24 13:51:00,-0.013049535715481397
2019-09-24 13:54:00,-0.05414487668082302
2019-09-24 13:57:00,-0.234887715589025
2019-09-24 14:00:00,-0.13525532522135109
2019-09-24 14:03:00,-0.1677427110534495
2019-09-24 14:06:00,-0.38758112584793025
2019-09-24 14:09:00,-0.44830726483257877
2019-09-24 14:12:00,-0.36843378355439427
2019-09-24 14:15:00,-0.38830792608490583
2019-09-24 14:18:00,-0.3591091970333764
2019-09-24 14:21:00,-0.2675861058272062
2019-09-24 14:24:00,-0.30332935325969856
2019-09-24 14:27:00,-0.24382544231332304
2019-09-24 14:30:00,-0.2640541452466323
2019-09-24 14:33:00,-0.36116584551689357
2019-09-24 14:36:00,-0.26756912329000215
2019-09-24 14:39:00,-0.2372110296972778
2019-09-24 14:42:00,-0.3139443601049834
2019-09-24 14:45:00,-0.4384900227206572
2019-09-24 14:48:00,-0.34118087552246834
2019-09-24 14:51:00,-0.4312375502104828
2019-09-24 14:54:00,-0.4722668087383113
2019-09-24 14:57:00,-0.4901908206915664
2019-09-24 15:00:00,-0.40236681942235464
2019-09-24 15:03:00,-0.554622160622273
2019-09-24 15:06:00,-0.4597445141835692
2019-09-24 15:09:00,-0.5071209646222314
2019-09-24 15:12:00,-0.4509897479115921
2019-09-24 15:15:00,-0.29195475072606314
2019-09-24 15:18:00,-0.25037334377600473
2019-09-24 15:21:00,-0.3513519355709036
2019-09-24 15:24:00,-0.29793050615217
2019-09-24 15:27:00,-0.3046415506296398
2019-09-24 15:30:00,-0.21513450179878646
2019-09-24 15:33:00,-0.2579541769680418
2019-09-24 15:36:00,-0.34516486497204824
2019-09-24 15:39:00,-0.4641134368400799
2019-09-24 15:42:00,-0.40130778853080074
2019-09-24 15:45:00,-0.27524242319503855
2019-09-24 15:48:00,-0.276862614884692
2019-09-24 15:51:00,-0.2678136178921591
2019-09-24 15:54:00,-0.2524607019718701
2019-09-24 15:57:00,-0.18105651010256452
2019-09-24 16:00:00,-0.27600609466747983
2019-09-24 16:03:00,-0.3991904303158549
2019-09-24 16:06:00,-0.2447850290614042
2019-09-24 16:09:00,-0.2819771441001535
2019-09-24 16:12:00,-0.20937191330415317
2019-09-24 16:15:00,-0.20230779280518618
2019-09-24 16:18:00,-0.14259583637669948
2019-09-24 16:21:00,-0.12632747136910893
2019-09-24 16:24:00,-0.09362569150204081
2019-09-24 16:27:00,0.048746007744114195
2019-09-24 16:30:00,0.0783746795470961
2019-09-24 16:33:00,0.16146609859544014
2019-09-24 16:36:00,0.20909953767738898
2019-09-24 16:39:00,0.30127724502949604
2019-09-24 16:42:00,0.2397294390466982
2019-09-24 16:45:00,0.16532681984017472
2019-09-24 16:48:00,0.258854857212782
2019-09-24 16:51:00,0.19358076882980413
2019-09-24 16:54:00,0.27421051754021164
2019-09-24 16:57:00,0.20814363756716148
2019-09-24 17:00:00,0.1281394269312841
2019-09-24 17:03:00,0.10508409063442059
2019-09-24 17:06:00,0.268854886156646
2019-09-24 17:09:00,0.1465542912870319
2019-09-24 17:12:00,0.08404971734819355
2019-09-24 17:15:00,0.048311427135388385
2019-09-24 17:18:00,0.18562294454466155
2019-09-24 17:21:00,0.13718052991924878
2019-09-24 17:24:00,0.12463830513780749
2019-09-24 17:27:00,0.23002186048904605
2019-09-24 17:30:00,0.1411809341855701
2019-09-24 17:33:00,0.06191928100201949
2019-09-24 17:36:00,0.07590250705635526
2019-09-24 17:39:00,0.10918112167649952
2019-09-24 17:42:00,0.041713717598042876
2019-09-24 17:45:00,0.12553218374915787
2019-09-24 17:48:00,0.1549440835908058
2019-09-24 17:51:00,0.1291831654630755
2019-09-24 17:54:00,0.2506115662565094
2019-09-24 17:57:00,0.34935182802087184
2019-09-24 18:00:00,0.2153819957320593
2019-09-24 18:03:00,0.22545902423030384
2019-09-24 18:06:00,0.2482266894822942
2019-09-24 18:09:00,0.22230547466892858
2019-09-24 18:12:00,0.22132183142360873
2019-09-24 18:15:00,0.14728982836004434
2019-09-24 18:18:00,0.07727516866970063
2019-09-24 18:21:00,0.07258012981912998
2019-09-24 18:24:00,0.15567976941986217
2019-09-24 18:27:00,0.11279756980883349
2019-09-24 18:30:00,0.1636897321453148
2019-09-24 18:33:00,0.2432076927456137
2019-09-24 18:36:00,0.2561288809382063
2019-09-24 18:39:00,0.23006373305452144
2019-09-24 18:42:00,0.17965234780956507
2019-09-24 18:45:00,0.19014529933554059
2019-09-24 18:48:00,0.29591904195217467
2019-09-24 18:51:00,0.10716487111034212
2019-09-24 18:54:00,0.17910061473202177
2019-09-24 18:57:00,
2019-09-24 19:00:00,
2019-09-24 19:03:00,0.1532277739587471
2019-09-24 19:06:00,0.1579788635487489
2019-09-24 19:09:00,0.13005628689489868
2019-09-24 19:12:00,0.0880236062425297
2019-09-24 19:15:00,0.17757656948714384
2019-09-24 19:18:00,0.3472521983978254
2019-09-24 19:21:00,0.16772673797174775
2019-09-24 19:24:00,0.1990561356260514
2019-09-24 19:27:00,0.20460616570312595
2019-09-24 19:30:00,0.20063187726071874
2019-09-24 19:33:00,0.18828996328659287
2019-09-24 19:36:00,0.14469479305267896
2019-09-24 19:39:00,0.15378708170692335
2019-09-24 19:42:00,0.12404545395185096
2019-09-24 19:45:00,0.22642508994067612
2019-09-24 19:48:00,0.1858113302138804
2019-09-24 19:51:00,0.2112140709622281
2019-09-24 19:54:00,0.28110262909569883
2019-09-24 19:57:00,0.1871405378332156
2019-09-24 20:00:00,0.20776646566611134
2019-09-24 20:03:00,0.24649488666648267
2019-09-24 20:06:00,0.1334674641541369
2019-09-24 20:09:00,0.10830606108925167
2019-09-24 20:12:00,0.0968159722102655
2019-09-24 20:15:00,0.2557895105470607
2019-09-24 20:18:00,0.14674280071596968
2019-09-24 20:21:00,0.181442380097792
2019-09-24 20:24:00,0.21100187376958957
2019-09-24 20:27:00,0.17657693870597768
2019-09-24 20:30:00,0.20837718918886594
2019-09-24 20:33:00,0.2509267231058061
2019-09-24 20:36:00,0.24154949356750421
2019-09-24 20:39:00,0.15917426759267528
2019-09-24 20:42:00,0.2762118387016699
2019-09-24 20:45:00,0.22799372300386267
2019-09-24 20:48:00,0.25778183379264874
2019-09-24 20:51:00,0.25687345115306925
2019-09-24 20:54:00,0.27515453871575346
2019-09-24 20:57:00,0.22285451336392725
2019-09-24 21:00:00,0.17770752733855488
2019-09-24 21:03:00,0.2200831598846662
2019-09-24 21:06:00,0.20077935759798038
2019-09-24 21:09:00,0.14830002971376643
2019-09-24 21:12:00,0.18696250748502052
2019-09-24 21:15:00,0.26136380584210883
2019-09-24 21:18:00,0.18741878859060535
2019-09-24 21:21:00,0.24825255950452174
2019-09-24 21:24:00,0.25465073268270544
2019-09-24 21:27:00,0.15612696820215888
2019-09-24 21:30:00,0.1927362406598263
2019-09-24 21:33:00,0.22109240189081447
2019-09-24 21:36:00,0.1636975890524468
2019-09-24 21:39:00,0.10126960335509239
2019-09-24 21:42:00,0.20794906056102036
2019-09-24 21:45:00,0.24090917074687468
2019-09-24 21:48:00,0.19011018079618225
2019-09-24 21:51:00,0.18699729774328944
2019-09-24 21:54:00,0.14952199417427892
2019-09-24 21:57:00,0.27305433325409467
2019-09-24 22:00:00,0.23294402573429807
2019-09-24 22:03:00,0.2171574318120406
2019-09-24 22:06:00,0.16425091671573
2019-09-24 22:09:00,0.17619912069000065
2019-09-24 22:12:00,0.15905334992919506
2019-09-24 22:15:00,0.24396171236918462
2019-09-24 22:18:00,0.22602765049344953
2019-09-24 22:21:00,0.2970570305964202
2019-09-24 22:24:00,0.2814472501525529
2019-09-24 22:27:00,0.2603514247397243
2019-09-24 22:30:00,0.13556606395724202
2019-09-24 22:33:00,0.18777380627324192
2019-09-24 22:36:00,0.15358369860740595
2019-09-24 22:39:00,0.21327479605236022
2019-09-24 22:42:00,0.19987274084195406
2019-09-24 22:45:00,0.17118845294299945
2019-09-24 22:48:00,0.23969809080648474
2019-09-24 22:51:00,0.22172595249321603
2019-09-24 22:54:00,0.20973152574873666
2019-09-24 22:57:00,0.25171778237216813
2019-09-24 23:00:00,0.24005756023910862
2019-09-24 23:03:00,0.26882120198575876
2019-09-24 23:06:00,0.2580086181788488
2019-09-24 23:09:00,0.28318619268912926
2019-09-24 23:12:00,0.27013266147895365
2019-09-24 23:15:00,0.24442174858177168
2019-09-24 23:18:00,0.18464340707731708
2019-09-24 23:21:00,0.3111662913437385
2019-09-24 23:24:00,0.271723488939017
2019-09-24 23:27:00,0.3339206894301583
2019-09-24 23:30:00,0.23204042655657986
2019-09-24 23:33:00,0.218685922340228
2019-09-24 23:36:00,0.24226945506319453
2019-09-24 23:39:00,0.24965532075356123
2019-09-24 23:42:00,0.2778859545137493
2019-09-24 23:45:00,0.23436910408088352
2019-09-24 23:48:00,0.20780683494893992
2019-09-24 23:51:00,0.15326852846806105
2019-09-24 23:54:00,0.20287278278203758
2019-09-24 23:57:00,0.11609765757975765
2019-09-25 00:00:00,0.19549178374688836
2019-09-25 00:03:00,0.2111867604841109
2019-09-25 00:06:00,0.2358536008084684
2019-09-25 00:09:00,0.24628995982351398
2019-09-25 00:12:00,0.23028374216073644
2019-09-25 00:15:00,0.3375675288401112
2019-09-25 00:18:00,0.23640467719963
2019-09-25 00:21:00,0.2571487483333499
2019-09-25 00:24:00,0.2330494516150452
2019-09-25 00:27:00,0.2356595960562231
2019-09-25 00:30:00,0.2568101441693784
2019-09-25 00:33:00,0.2625797715300564
2019-09-25 00:36:00,0.25689449711717316
2019-09-25 00:39:00,0.2526890189316191
2019-09-25 00:42:00,0.2573552318781367
2019-09-25 00:45:00,0.23793187405641447
2019-09-25 00:48:00,0.2815031734053832
2019-09-25 00:51:00,0.2652704180994192
2019-09-25 00:54:00,0.342686086332435
2019-09-25 00:57:00,0.28744197539174365
2019-09-25 01:00:00,0.35903407802084075
2019-09-25 01:03:00,0.42342440548173954
2019-09-25 01:06:00,0.38643300607037645
2019-09-25 01:09:00,0.3618391677487125
2019-09-25 01:12:00,0.3163524292131683
2019-09-25 01:15:00,0.3362768309551143
2019-09-25 01:18:00,0.2942812529992693
2019-09-25 01:21:00,0.3464134686846023
2019-09-25 01:24:00,0.310082433795003
2019-09-25 01:27:00,0.37357664122254164
2019-09-25 01:30:00,0.43129492846520634
2019-09-25 01:33:00,0.3287168028260794
2019-09-25 01:36:00,0.2764985262388109
2019-09-25 01:39:00,0.3792431646892851
2019-09-25 01:42:00,0.34575864638043186
2019-09-25 01:45:00,0.4994055328023137
2019-09-25 01:48:00,0.41591542065310705
2019-09-25 01:51:00,0.40153487429864754
2019-09-25 01:54:00,0.3802492327434379
2019-09-25 01:57:00,0.3970384595730252
2019-09-25 02:00:00,0.4441012855976396
2019-09-25 02:03:00,0.46777094763865534
2019-09-25 02:06:00,0.42985403709229786
2019-09-25 02:09:00,0.4053994346920149
2019-09-25 02:12:00,0.4373537419301101
2019-09-25 02:15:00,0.39469245730367675
2019-09-25 02:18:00,0.35706751015516147
2019-09-25 02:21:00,0.28906205659183115
2019-09-25 02:24:00,0.2689915599934807
2019-09-25 02:27:00,0.3347369499221031
2019-09-25 02:30:00,0.29130071879706065
2019-09-25 02:33:00,0.37872510748889
2019-09-25 02:36:00,0.31367643243237353
2019-09-25 02:39:00,0.3704855403998977
2019-09-25 02:42:00,0.31912579374255756
2019-09-25 02:45:00,0.36390666138555616
2019-09-25 02:48:00,0.3831847014902223
2019-09-25 02:51:00,0.2642145296828744
2019-09-25 02:54:00,0.39105152459245573
2019-09-25 02:57:00,0.2329222327416005
2019-09-25 03:00:00,0.373725248823348
2019-09-25 03:03:00,0.37736429270211147
2019-09-25 03:06:00,0.3148599541894441
2019-09-25 03:09:00,0.32931470398136753
2019-09-25 03:12:00,0.3465094166073186
2019-09-25 03:15:00,0.31249359312352
2019-09-25 03:18:00,0.3605688134395564
2019-09-25 03:21:00,0.34118956154662783
2019-09-25 03:24:00,0.3233926884682319
2019-09-25 03:27:00,0.31118404505855324
2019-09-25 03:30:00,0.35253830217345694
2019-09-25 03:33:00,0.3437497427212861
2019-09-25 03:36:00,0.309739484923341
2019-09-25 03:39:00,0.35392573981130226
2019-09-25 03:42:00,0.46213257957333553
2019-09-25 03:45:00,0.4198313081704441
2019-09-25 03:48:00,0.34933160057073565
2019-09-25 03:51:00,0.336249796945026
2019-09-25 03:54:00,0.32106726474899006
2019-09-25 03:57:00,0.26004364491615206
2019-09-25 04:00:00,0.29806041430094865
2019-09-25 04:03:00,0.31085165228199685
2019-09-25 04:06:00,0.3682135262009183
2019-09-25 04:09:00,0.3340882944067971
2019-09-25 04:12:00,0.35732210581448953
2019-09-25 04:15:00,0.314458419640232
2019-09-25 04:18:00,0.2542942931219727
2019-09-25 04:21:00,0.3763819042613932
2019-09-25 04:24:00,0.3178263625687805
2019-09-25 04:27:00,0.4019407326616715
2019-09-25 04:30:00,0.4424302492795391
2019-09-25 04:33:00,0.33716190402356006
2019-09-25 04:36:00,0.3148268368322533
2019-09-25 04:39:00,0.35099578908807416
2019-09-25 04:42:00,0.3957615246940236
2019-09-25 04:45:00,0.3328999701590192
2019-09-25 04:48:00,0.40684515162433854
2019-09-25 04:51:00,0.383690248899768
2019-09-25 04:54:00,0.3751695337542742
2019-09-25 04:57:00,0.33958038329291185
2019-09-25 05:00:00,0.31806788941696595
2019-09-25 05:03:00,0.3216966449554661
2019-09-25 05:06:00,0.2889450820717343
2019-09-25 05:09:00,0.48076439174718644
2019-09-25 05:12:00,0.3830020627164572
2019-09-25 05:15:00,0.3238702911367568
2019-09-25 05:18:00,0.432242275824251
2019-09-25 05:21:00,0.3501708979607656
2019-09-25 05:24:00,0.3589064987239112
2019-09-25 05:27:00,0.395300724176991
2019-09-25 05:30:00,0.4502238845098532
2019-09-25 05:33:00,0.3527655455189347
2019-09-25 05:36:00,0.4143346037313904
2019-09-25 05:39:00,0.35691691350899646
2019-09-25 05:42:00,0.36458179955417336
2019-09-25 05:45:00,0.4101500013927648
2019-09-25 05:48:00,0.4574168211572669
2019-09-25 05:51:00,0.3968784547053019
2019-09-25 05:54:00,0.39999158784360134
2019-09-25 05:57:00,0.42617352343108905
2019-09-25 06:00:00,0.4375324646406398
2019-09-25 06:03:00,0.3946062163072952
2019-09-25 06:06:00,0.3853835918995969
2019-09-25 06:09:00,0.42683862428026487
2019-09-25 06:12:00,0.3100193780831546
2019-09-25 06:15:00,0.4075616701472313
2019-09-25 06:18:00,0.4270472236428873
2019-09-25 06:21:00,0.32342775528832135
2019-09-25 06:24:00,0.3525407029445091
2019-09-25 06:27:00,0.3496969397973544
2019-09-25 06:30:00,0.3782357276651851
2019-09-25 06:33:00,0.30496217886593513
2019-09-25 06:36:00,0.3319754529160832
2019-09-25 06:39:00,0.43461071345763
2019-09-25 06:42:00,0.3536440466969566
2019-09-25 06:45:00,0.3725474408059313
2019-09-25 06:48:00,0.32569928435924567
2019-09-25 06:51:00,0.23148824491494224
2019-09-25 06:54:00,0.4000096189233773
2019-09-25 06:57:00,0.4440984831023229
2019-09-25 07:00:00,0.413330937061005
2019-09-25 07:03:00,0.30363598824595783
2019-09-25 07:06:00,0.29285864812538875
2019-09-25 07:09:00,0.3625964753823041
2019-09-25 07:12:00,0.3189076222330982
2019-09-25 07:15:00,0.3148090947918263
2019-09-25 07:18:00,0.3499417801692175
2019-09-25 07:21:00,0.31615367574607944
2019-09-25 07:24:00,0.35004833612902075
2019-09-25 07:27:00,0.3143688057261329
2019-09-25 07:30:00,0.44558313604545674
2019-09-25 07:33:00,0.29476717063647584
2019-09-25 07:36:00,0.14156981659425583
2019-09-25 07:39:00,0.36147463369633215
2019-09-25 07:42:00,0.34524059502160753
2019-09-25 07:45:00,0.21614778001253399
2019-09-25 07:48:00,0.2990760676801756
2019-09-25 07:51:00,0.36622445429202344
2019-09-25 07:54:00,0.3234540256559626
2019-09-25 07:57:00,0.29998410421120525
2019-09-25 08:00:00,0.291621507994023
2019-09-25 08:03:00,0.23686996074656008
2019-09-25 08:06:00,0.32715765947278896
2019-09-25 08:09:00,0.21193456661040955
2019-09-25 08:12:00,0.30461275470463534
2019-09-25 08:15:00,0.23430439822641347
2019-09-25 08:18:00,0.2956827850797481
2019-09-25 08:21:00,0.15062206909050246
2019-09-25 08:24:00,0.2627885220345547
2019-09-25 08:27:00,0.2516250089668688
2019-09-25 08:30:00,0.25919079943878387
2019-09-25 08:33:00,0.17977083428240803
2019-09-25 08:36:00,0.16734934738667562
2019-09-25 08:39:00,0.21132403515599663
2019-09-25 08:42:00,0.17832687637206845
2019-09-25 08:45:00,0.10132465262182677
2019-09-25 08:48:00,0.15263999986319732
2019-09-25 08:51:00,0.21853752898766743
2019-09-25 08:54:00,0.1722426141733422
2019-09-25 08:57:00,0.027711975977297243
2019-09-25 09:00:00,0.16526075568003762
2019-09-25 09:03:00,0.0911640876616957
2019-09-25 09:06:00,0.19934612041362243
2019-09-25 09:09:00,0.1869062714515053
2019-09-25 09:12:00,0.16709802755389092
2019-09-25 09:15:00,0.03537569192707224
2019-09-25 09:18:00,0.11472342735970642
2019-09-25 09:21:00,0.1341903721587414
2019-09-25 09:24:00,0.07908719422607646
2019-09-25 09:27:00,0.040165593537494715
2019-09-25 09:30:00,0.11903145517908342
2019-09-25 09:33:00,0.10542264011763791
2019-09-25 09:36:00,0.0679063974803853
2019-09-25 09:39:00,0.07839563430252383
2019-09-25 09:42:00,-0.13131192523582058
2019-09-25 09:45:00,0.043419526678746934
2019-09-25 09:48:00,-0.009060152625067985
2019-09-25 09:51:00,-0.012676642114627157
2019-09-25 09:54:00,0.12771001945884564
2019-09-25 09:57:00,0.014978585985716109
2019-09-25 10:00:00,-0.07980656616098258
2019-09-25 10:03:00,-1.2785682997673575e-05
2019-09-25 10:06:00,0.019862858157239316
2019-09-25 10:09:00,-0.0575872672203559
2019-09-25 10:12:00,0.029668384544663695
2019-09-25 10:15:00,-0.0978530468369172
2019-09-25 10:18:00,-0.04957221404890788
2019-09-25 10:21:00,0.015180607539321045
2019-09-25 10:24:00,-0.03938422714736589
2019-09-25 10:27:00,0.06553892294834895
2019-09-25 10:30:00,-0.04560541822030473
2019-09-25 10:33:00,-0.1577727769799253
2019-09-25 10:36:00,-0.04357872488481007
2019-09-25 10:39:00,-0.12321640552022473
2019-09-25 10:42:00,0.018534616031047335
2019-09-25 10:45:00,-0.03796857380257279
2019-09-25 10:48:00,-0.03210992727986195
2019-09-25 10:51:00,-0.027044624808127082
2019-09-25 10:54:00,-0.05170141797214001
2019-09-25 10:57:00,-0.07667877155864744
2019-09-25 11:00:00,-0.15212913816731088
2019-09-25 11:03:00,-0.08981480163510014
2019-09-25 11:06:00,-0.11760268095042647
2019-09-25 11:09:00,-0.1577954009359246
2019-09-25 11:12:00,-0.18280003584925453
2019-09-25 11:15:00,-0.17357200150553354
2019-09-25 11:18:00,-0.07918913937561456
2019-09-25 11:21:00,-0.10898473978591028
2019-09-25 11:24:00,-0.13452003869525697
2019-09-25 11:27:00,-0.16408120336490128
2019-09-25 11:30:00,-0.08423878156258979
2019-09-25 11:33:00,-0.14535204230742238
2019-09-25 11:36:00,-0.2428628894028293
2019-09-25 11:39:00,-0.24114607392573362
2019-09-25 11:42:00,-0.13149297178506458
2019-09-25 11:45:00,-0.24560639628333547
2019-09-25 11:48:00,-0.23424531686583805
2019-09-25 11:51:00,-0.19842362168003547
2019-09-25 11:54:00,-0.12655605800807734
2019-09-25 11:57:00,-0.2615672999098706
2019-09-25 12:00:00,-0.2228475644460559
2019-09-25 12:03:00,-0.1924987082888947
2019-09-25 12:06:00,-0.3906619780063352
2019-09-25 12:09:00,-0.18270532298527087
2019-09-25 12:12:00,-0.2757872524960021
2019-09-25 12:15:00,-0.3220486296493732
2019-09-25 12:18:00,-0.30830517377296474
2019-09-25 12:21:00,-0.31917908681526796
2019-09-25 12:24:00,-0.33184511214454915
2019-09-25 12:27:00,-0.23528110235400845
2019-09-25 12:30:00,-0.2822887370844569
2019-09-25 12:33:00,-0.21725194060621789
2019-09-25 12:36:00,-0.35615416677359235
2019-09-25 12:39:00,-0.27899506398296126
2019-09-25 12:42:00,-0.28218802121011777
2019-09-25 12:45:00,-0.3907362553409257
2019-09-25 12:48:00,-0.3709604662893753
2019-09-25 12:51:00,-0.26398892282287534
2019-09-25 12:54:00,-0.44395346633638155
2019-09-25 12:57:00,-0.30698870305070614
2019-09-25 13:00:00,-0.5009405854029296
2019-09-25 13:03:00,-0.36376310164678216
2019-09-25 13:06:00,-0.4297133062784724
2019-09-25 13:09:00,-0.3385717743774421
2019-09-25 13:12:00,-0.36291069913039564
2019-09-25 13:15:00,-0.25697796016595476
2019-09-25 13:18:00,-0.3368738999395191
2019-09-25 13:21:00,-0.48052580577063964
2019-09-25 13:24:00,-0.3198243002811978
2019-09-25 13:27:00,-0.35832626998319483
2019-09-25 13:30:00,-0.38862711191774224
2019-09-25 13:33:00,-0.3290512550177027
2019-09-25 13:36:00,-0.2943279018619478
2019-09-25 13:39:00,-0.4065541942780442
2019-09-25 13:42:00,-0.43100255830302103
2019-09-25 13:45:00,-0.38750603704301056
2019-09-25 13:48:00,-0.35782134404610133
2019-09-25 13:51:00,-0.24726727438439866
2019-09-25 13:54:00,-0.21741058447878459
2019-09-25 13:57:00,-0.11445250258020678
2019-09-25 14:00:00,-0.23728603142342308
2019-09-25 14:03:00,-0.14901552887943126
2019-09-25 14:06:00,-0.2838389730661106
2019-09-25 14:09:00,-0.2245921163733442
2019-09-25 14:12:00,-0.29003757658563245
2019-09-25 14:15:00,-0.270150051983137
2019-09-25 14:18:00,-0.21189307194958928
2019-09-25 14:21:00,-0.07780897676605036
2019-09-25 14:24:00,-0.19787715001535844
2019-09-25 14:27:00,0.1987725119790298
2019-09-25 14:30:00,0.09374933590197543
2019-09-25 14:33:00,0.15332065743882595
2019-09-25 14:36:00,0.07305662990137307
2019-09-25 14:39:00,0.16772020290687806
2019-09-25 14:42:00,-0.03186848249885088
2019-09-25 14:45:00,0.0928840470729142
2019-09-25 14:48:00,0.10278284956933703
2019-09-25 14:51:00,0.11150323978637289
2019-09-25 14:54:00,0.23135089501238326
2019-09-25 14:57:00,0.10877809092346524
2019-09-25 15:00:00,0.14454541255759068
2019-09-25 15:03:00,0.24515599436011826
2019-09-25 15:06:00,0.23256635752716193
2019-09-25 15:09:00,0.21243234199425842
2019-09-25 15:12:00,0.1984730490689799
2019-09-25 15:15:00,0.21687435242660058
2019-09-25 15:18:00,0.3081086670272839
2019-09-25 15:21:00,0.36868237243601243
2019-09-25 15:24:00,0.2433414653525574
2019-09-25 15:27:00,0.40837040289954984
2019-09-25 15:30:00,0.41853537808395913
2019-09-25 15:33:00,0.3648944254062485
2019-09-25 15:36:00,0.33476405634326056
2019-09-25 15:39:00,0.21253306261843363
2019-09-25 15:42:00,0.21314154996571233
2019-09-25 15:45:00,0.1505085922857461
2019-09-25 15:48:00,0.2520070952115816
2019-09-25 15:51:00,0.0731678103193758
2019-09-25 15:54:00,0.10870688688095242
2019-09-25 15:57:00,0.14368163992463678
2019-09-25 16:00:00,0.31002745842539525
2019-09-25 16:03:00,0.38307576403155963
2019-09-25 16:06:00,0.4266269803828777
2019-09-25 16:09:00,0.521713502829698
2019-09-25 16:12:00,0.528723234161248
2019-09-25 16:15:00,0.5440529645916286
2019-09-25 16:18:00,0.48238402379843137
2019-09-25 16:21:00,0.5115149991490853
2019-09-25 16:24:00,0.614091186077701
2019-09-25 16:27:00,0.6027592372178674
2019-09-25 16:30:00,0.5899320287941805
2019-09-25 16:33:00,0.5339568508589991
2019-09-25 16:36:00,0.5274335521376656
2019-09-25 16:39:00,0.4303636835305156
2019-09-25 16:42:00,0.4629724419996819
2019-09-25 16:45:00,0.39468051456810826
2019-09-25 16:48:00,0.4929852978602298
2019-09-25 16:51:00,0.5297546711346399
2019-09-25 16:54:00,0.5193794736731547
2019-09-25 16:57:00,0.4301160697663704
2019-09-25 17:00:00,0.4558405738276292
2019-09-25 17:03:00,0.437181483784002
2019-09-25 17:06:00,0.30504999247551723
2019-09-25 17:09:00,0.39825200217597967
2019-09-25 17:12:00,0.4979067826178607
2019-09-25 17:15:00,0.528761366581989
2019-09-25 17:18:00,0.4061156220483326
2019-09-25 17:21:00,0.224741621467615
2019-09-25 17:24:00,0.4111294832518979
2019-09-25 17:27:00,0.2988403429495179
2019-09-25 17:30:00,0.26629645487247444
2019-09-25 17:33:00,0.23085029874511065
2019-09-25 17:36:00,0.32508652579929276
2019-09-25 17:39:00,0.3787897537081335
2019-09-25 17:42:00,0.32651107625861187
2019-09-25 17:45:00,0.25464056643932054
2019-09-25 17:48:00,0.30321240677460537
2019-09-25 17:51:00,0.229389843536012
2019-09-25 17:54:00,0.38123859710219676
2019-09-25 17:57:00,0.46778806382496896
2019-09-25 18:00:00,0.3428427095894335
2019-09-25 18:03:00,0.42114528129837936
2019-09-25 18:06:00,0.39377973550381284
2019-09-25 18:09:00,0.37881858780338007
2019-09-25 18:12:00,0.3501739257086456
2019-09-25 18:15:00,0.3245714067661538
2019-09-25 18:18:00,0.3659027807018447
2019-09-25 18:21:00,0.34366198007472804
2019-09-25 18:24:00,0.381252193425496
2019-09-25 18:27:00,0.3766535300953251
2019-09-25 18:30:00,0.32128931249985726
2019-09-25 18:33:00,0.2537715520656434
2019-09-25 18:36:00,0.25665622670618404
2019-09-25 18:39:00,0.18986541386482259
2019-09-25 18:42:00,0.1621005284957846
2019-09-25 18:45:00,0.2062113024651353
2019-09-25 18:48:00,0.21731286360250124
2019-09-25 18:51:00,0.1907581392690645
2019-09-25 18:54:00,
2019-09-25 18:57:00,
2019-09-25 19:00:00,
2019-09-25 19:03:00,0.3281031743406402
2019-09-25 19:06:00,0.30717090355545906
2019-09-25 19:09:00,0.35754644606208785
2019-09-25 19:12:00,0.3350726413341931
2019-09-25 19:15:00,0.38467239610110937
2019-09-25 19:18:00,0.3393540618209272
2019-09-25 19:21:00,0.3914150789402129
2019-09-25 19:24:00,0.40308400204662576
2019-09-25 19:27:00,0.23913622163485115
2019-09-25 19:30:00,0.2919691946351577
2019-09-25 19:33:00,0.2702102543934757
2019-09-25 19:36:00,0.2502078574324855
2019-09-25 19:39:00,0.2620910506317955
2019-09-25 19:42:00,0.266908138021563
2019-09-25 19:45:00,0.22867537357899437
2019-09-25 19:48:00,0.27174696368928153
2019-09-25 19:51:00,0.2784494996410558
2019-09-25 19:54:00,0.3208420828894418
2019-09-25 19:57:00,0.35709322145658007
2019-09-25 20:00:00,0.30967035729673853
2019-09-25 20:03:00,0.2986843381845574
2019-09-25 20:06:00,0.3445512464560352
2019-09-25 20:09:00,0.3802636253589071
2019-09-25 20:12:00,0.33932085386726385
2019-09-25 20:15:00,0.4096904117170084
2019-09-25 20:18:00,0.5169309881194977
2019-09-25 20:21:00,0.339367052257046
2019-09-25 20:24:00,0.38969583559281773
2019-09-25 20:27:00,0.4033936214824507
2019-09-25 20:30:00,0.44057763338673794
2019-09-25 20:33:00,0.48478610200481853
2019-09-25 20:36:00,0.33880750833253614
2019-09-25 20:39:00,0.39071368578851207
2019-09-25 20:42:00,0.27678754153572527
2019-09-25 20:45:00,0.3394528421912355
2019-09-25 20:48:00,0.3686583790048985
2019-09-25 20:51:00,0.31883545050021667
2019-09-25 20:54:00,0.3460669108810066
2019-09-25 20:57:00,0.3839458383762917
2019-09-25 21:00:00,0.3405327939543099
2019-09-25 21:03:00,0.33331955027318827
2019-09-25 21:06:00,0.37408792523251577
2019-09-25 21:09:00,0.3939655703790663
2019-09-25 21:12:00,0.35764258607690635
2019-09-25 21:15:00,0.42867196862420087
2019-09-25 21:18:00,0.37584046640347424
2019-09-25 21:21:00,0.3572583581602089
2019-09-25 21:24:00,0.46462901900162024
2019-09-25 21:27:00,0.40351018551234574
2019-09-25 21:30:00,0.36276495645478235
2019-09-25 21:33:00,0.37390385923959
2019-09-25 21:36:00,0.3822077957189549
2019-09-25 21:39:00,0.4141984040143143
2019-09-25 21:42:00,0.3377588431049503
2019-09-25 21:45:00,0.2777729455453368
2019-09-25 21:48:00,0.4038106083628463
2019-09-25 21:51:00,0.41672981139339527
2019-09-25 21:54:00,0.4089966103784377
2019-09-25 21:57:00,0.34212586846842896
2019-09-25 22:00:00,0.35614733869795145
2019-09-25 22:03:00,0.3718858929666453
2019-09-25 22:06:00,0.4131760587996496
2019-09-25 22:09:00,0.4372166928936849
2019-09-25 22:12:00,0.3812147465908424
2019-09-25 22:15:00,0.3616435928304895
2019-09-25 22:18:00,0.40900791785037427
2019-09-25 22:21:00,0.4077706237745815
2019-09-25 22:24:00,0.38481406982862154
2019-09-25 22:27:00,0.43943949783573544
2019-09-25 22:30:00,0.37651947497118954
2019-09-25 22:33:00,0.40679793793765384
2019-09-25 22:36:00,0.3952095595295191
2019-09-25 22:39:00,0.38431126184087816
2019-09-25 22:42:00,0.29266404911237487
2019-09-25 22:45:00,0.4011784977550974
2019-09-25 22:48:00,0.3407882991330098
2019-09-25 22:51:00,0.2839881577775145
2019-09-25 22:54:00,0.27306050908413226
2019-09-25 22:57:00,0.44387138544215077
2019-09-25 23:00:00,0.27987443836514103
2019-09-25 23:03:00,0.2865069216766756
2019-09-25 23:06:00,0.2729906515996845
2019-09-25 23:09:00,0.32677908836467395
2019-09-25 23:12:00,0.27618543885529334
2019-09-25 23:15:00,0.2565521268721227
2019-09-25 23:18:00,0.38477871962601284
2019-09-25 23:21:00,0.33174994841135685
2019-09-25 23:24:00,0.27983739858115086
2019-09-25 23:27:00,0.2537540390794675
2019-09-25 23:30:00,0.39137885886339063
2019-09-25 23:33:00,0.378084517309901
2019-09-25 23:36:00,0.34569851471945867
2019-09-25 23:39:00,0.4275805925128111
2019-09-25 23:42:00,0.34135123948686896
2019-09-25 23:45:00,0.3692637815845501
2019-09-25 23:48:00,0.4042178161772654
2019-09-25 23:51:00,0.48700280203826196
2019-09-25 23:54:00,0.4524059647886247
2019-09-25 23:57:00,0.5052113713439326
2019-09-26 00:00:00,0.4467268589635296
2019-09-26 00:03:00,0.5073143359069263
2019-09-26 00:06:00,0.511306634601624
2019-09-26 00:09:00,0.5245739704856192
2019-09-26 00:12:00,0.5163769085134504
2019-09-26 00:15:00,0.585105854690255
2019-09-26 00:18:00,0.533756759128039
2019-09-26 00:21:00,0.47057610328630517
2019-09-26 00:24:00,0.5345900914806521
2019-09-26 00:27:00,0.5849427479894302
2019-09-26 00:30:00,0.5453698413342636
2019-09-26 00:33:00,0.5971028508164409
2019-09-26 00:36:00,0.5122576811734803
2019-09-26 00:39:00,0.49005993536519554
2019-09-26 00:42:00,0.4362214006721956
2019-09-26 00:45:00,0.3817813913722148
2019-09-26 00:48:00,0.5009354698518678
2019-09-26 00:51:00,0.4077827827276792
2019-09-26 00:54:00,0.5025626885010865
2019-09-26 00:57:00,0.49402640568553124
2019-09-26 01:00:00,0.5358048267082722
2019-09-26 01:03:00,0.646894663264959
2019-09-26 01:06:00,0.6153305626291399
2019-09-26 01:09:00,0.5540488691928545
2019-09-26 01:12:00,0.5730654944924254
2019-09-26 01:15:00,0.49285408204571013
2019-09-26 01:18:00,0.5468815051200409
2019-09-26 01:21:00,0.4573495876881566
2019-09-26 01:24:00,0.5685423396965348
2019-09-26 01:27:00,0.5604585261711463
2019-09-26 01:30:00,0.5856211770055779
2019-09-26 01:33:00,0.6441236064244436
2019-09-26 01:36:00,0.5969080380851324
2019-09-26 01:39:00,0.5446408104089073
2019-09-26 01:42:00,0.6012344232748319
2019-09-26 01:45:00,0.6133597243841109
2019-09-26 01:48:00,0.6096502557500685
2019-09-26 01:51:00,0.6683293312754017
2019-09-26 01:54:00,0.6549318631069241
2019-09-26 01:57:00,0.6198924461062347
2019-09-26 02:00:00,0.4844144165500097
2019-09-26 02:03:00,0.6775890297771525
2019-09-26 02:06:00,0.5983024026608064
2019-09-26 02:09:00,0.4673755210209265
2019-09-26 02:12:00,0.5387646971045115
2019-09-26 02:15:00,0.44369980602135684
2019-09-26 02:18:00,0.496346538733917
2019-09-26 02:21:00,0.4687052781718535
2019-09-26 02:24:00,0.4296393430323633
2019-09-26 02:27:00,0.4978347097232927
2019-09-26 02:30:00,0.5565335027417291
2019-09-26 02:33:00,0.48972302837080406
2019-09-26 02:36:00,0.4531960898816578
2019-09-26 02:39:00,0.500718224948173
2019-09-26 02:42:00,0.4913445505925438
2019-09-26 02:45:00,0.5350390950352448
2019-09-26 02:48:00,0.48183632572261104
2019-09-26 02:51:00,0.5107530904709847
2019-09-26 02:54:00,0.554799526825434
2019-09-26 02:57:00,0.5675779740707867
2019-09-26 03:00:00,0.49967324239298705
2019-09-26 03:03:00,0.5985548388404709
2019-09-26 03:06:00,0.5891545531691236
2019-09-26 03:09:00,0.6310970404996965
2019-09-26 03:12:00,0.6804085535318904
2019-09-26 03:15:00,0.6238165191614371
2019-09-26 03:18:00,0.5913427443455817
2019-09-26 03:21:00,0.5946160508610774
2019-09-26 03:24:00,0.5507931240183552
2019-09-26 03:27:00,0.5518912725203791
2019-09-26 03:30:00,0.5544680490716587
2019-09-26 03:33:00,0.5694099947913855
2019-09-26 03:36:00,0.5521014789363221
2019-09-26 03:39:00,0.48323896244284015
2019-09-26 03:42:00,0.5633174454032996
2019-09-26 03:45:00,0.5357129146879629
2019-09-26 03:48:00,0.504666879395927
2019-09-26 03:51:00,0.49892764783066923
2019-09-26 03:54:00,0.4603871574714731
2019-09-26 03:57:00,0.4430568093442844
2019-09-26 04:00:00,0.4428030046320828
2019-09-26 04:03:00,0.4052212168836036
2019-09-26 04:06:00,0.487871724767615
2019-09-26 04:09:00,0.48151904069993634
2019-09-26 04:12:00,0.39277061362417953
2019-09-26 04:15:00,0.45667733174667546
2019-09-26 04:18:00,0.3392532798065986
2019-09-26 04:21:00,0.5019974585692353
2019-09-26 04:24:00,0.441053750334504
2019-09-26 04:27:00,0.4889839163338934
2019-09-26 04:30:00,0.5150725591477681
2019-09-26 04:33:00,0.48367043524842757
2019-09-26 04:36:00,0.44106530961391854
2019-09-26 04:39:00,0.4719838680863404
2019-09-26 04:42:00,0.4347746041179903
2019-09-26 04:45:00,0.4970576501461892
2019-09-26 04:48:00,0.5094549342729238
2019-09-26 04:51:00,0.4750347289358956
2019-09-26 04:54:00,0.45164284880593186
2019-09-26 04:57:00,0.4139243502912109
2019-09-26 05:00:00,0.4302981453234338
2019-09-26 05:03:00,0.4029716192426349
2019-09-26 05:06:00,0.4094008142254211
2019-09-26 05:09:00,0.3787663459495434
2019-09-26 05:12:00,0.4010979512210042
2019-09-26 05:15:00,0.3776830299506173
2019-09-26 05:18:00,0.3483931306992645
2019-09-26 05:21:00,0.423876023552225
2019-09-26 05:24:00,0.3972094004747646
2019-09-26 05:27:00,0.37706866216012713
2019-09-26 05:30:00,0.4861848715646033
2019-09-26 05:33:00,0.3829200212678643
2019-09-26 05:36:00,0.3784389584183714
2019-09-26 05:39:00,0.3712817608023897
2019-09-26 05:42:00,0.40451306027472356
2019-09-26 05:45:00,0.4036367865418242
2019-09-26 05:48:00,0.34473476253600666
2019-09-26 05:51:00,0.32734729698790943
2019-09-26 05:54:00,0.3682753043527782
2019-09-26 05:57:00,0.38732925519553874
2019-09-26 06:00:00,0.41916641831335255
2019-09-26 06:03:00,0.47746080445546113
2019-09-26 06:06:00,0.38467392253824073
2019-09-26 06:09:00,0.34263782755732564
2019-09-26 06:12:00,0.36637974548989405
2019-09-26 06:15:00,0.35963332780090695
2019-09-26 06:18:00,0.3695519840899806
2019-09-26 06:21:00,0.41711669126647166
2019-09-26 06:24:00,0.39816737956812176
2019-09-26 06:27:00,0.38702230434790863
2019-09-26 06:30:00,0.41025144727649376
2019-09-26 06:33:00,0.36794521790989165
2019-09-26 06:36:00,0.38885456477737534
2019-09-26 06:39:00,0.384981294380907
2019-09-26 06:42:00,0.3728208273662972
2019-09-26 06:45:00,0.40858378543379104
2019-09-26 06:48:00,0.3608329842196554
2019-09-26 06:51:00,0.3329738751505147
2019-09-26 06:54:00,0.3753828385173392
2019-09-26 06:57:00,0.36774882682721
2019-09-26 07:00:00,0.34999610439831486
2019-09-26 07:03:00,0.43301854891251423
2019-09-26 07:06:00,0.3970213052310214
2019-09-26 07:09:00,0.38207366429207923
2019-09-26 07:12:00,0.43114724558455464
2019-09-26 07:15:00,0.49527034496514943
2019-09-26 07:18:00,0.49031428408636657
2019-09-26 07:21:00,0.4562316391041463
2019-09-26 07:24:00,0.4666623030722121
2019-09-26 07:27:00,0.3654470992855181
2019-09-26 07:30:00,0.39609137158964813
2019-09-26 07:33:00,0.45091320002609336
2019-09-26 07:36:00,0.47395079474887325
2019-09-26 07:39:00,0.4160545143569152
2019-09-26 07:42:00,0.4577066442245723
2019-09-26 07:45:00,0.4494873783062303
2019-09-26 07:48:00,0.4369235834325309
2019-09-26 07:51:00,0.4112006712596781
2019-09-26 07:54:00,0.41130021603402156
2019-09-26 07:57:00,0.3665952510735906
2019-09-26 08:00:00,0.4110555446445687
2019-09-26 08:03:00,0.38989275790856937
2019-09-26 08:06:00,0.38923263995695834
2019-09-26 08:09:00,0.3785395987151219
2019-09-26 08:12:00,0.36253841021505195
2019-09-26 08:15:00,0.3557958210369634
2019-09-26 08:18:00,0.40889010446636576
2019-09-26 08:21:00,0.3664675150711787
2019-09-26 08:24:00,0.40697989078921637
2019-09-26 08:27:00,0.3885320587401111
2019-09-26 08:30:00,0.39355457243874525
2019-09-26 08:33:00,0.44882624620748857
2019-09-26 08:36:00,0.37151768116103767
2019-09-26 08:39:00,0.3901592457962124
2019-09-26 08:42:00,0.3794368180978154
2019-09-26 08:45:00,0.40652030460614696
2019-09-26 08:48:00,0.3969071874883525
2019-09-26 08:51:00,0.409409893701536
2019-09-26 08:54:00,0.4742653969378807
2019-09-26 08:57:00,0.44719093867382753
2019-09-26 09:00:00,0.32235201239899425
2019-09-26 09:03:00,0.30072744103244986
2019-09-26 09:06:00,0.5372894511174309
2019-09-26 09:09:00,0.41420843618209346
2019-09-26 09:12:00,0.41726250131392817
2019-09-26 09:15:00,0.4958740701808324
2019-09-26 09:18:00,0.5066694838540684
2019-09-26 09:21:00,0.3413895837244354
2019-09-26 09:24:00,0.46682530495070296
2019-09-26 09:27:00,0.44547929433031186
2019-09-26 09:30:00,0.33938917688465153
2019-09-26 09:33:00,0.2987646776047086
2019-09-26 09:36:00,0.3768732379737685
2019-09-26 09:39:00,0.2789959636270396
2019-09-26 09:42:00,0.35799102474777555
2019-09-26 09:45:00,0.28278847106713556
2019-09-26 09:48:00,0.2549648564510676
2019-09-26 09:51:00,0.23642909125408096
2019-09-26 09:54:00,0.35138064364304
2019-09-26 09:57:00,0.31374194875724015
2019-09-26 10:00:00,0.276312776580653
2019-09-26 10:03:00,0.19417146366743054
2019-09-26 10:06:00,0.24637075769499006
2019-09-26 10:09:00,0.2826400979095638
2019-09-26 10:12:00,0.3371727620298657
2019-09-26 10:15:00,0.28700767452414766
2019-09-26 10:18:00,0.20075500924963308
2019-09-26 10:21:00,0.26826706913129783
2019-09-26 10:24:00,0.26679764121126937
2019-09-26 10:27:00,0.269140452122258
2019-09-26 10:30:00,0.2788417759351205
2019-09-26 10:33:00,0.1379763650085124
2019-09-26 10:36:00,0.2073693539414876
2019-09-26 10:39:00,0.10601452588133498
2019-09-26 10:42:00,0.29681569415839704
2019-09-26 10:45:00,0.15542369797390165
2019-09-26 10:48:00,0.1678055932212601
2019-09-26 10:51:00,0.1245930887699842
2019-09-26 10:54:00,0.06668856703197434
2019-09-26 10:57:00,0.14623184869230954
2019-09-26 11:00:00,0.1004865432384463
2019-09-26 11:03:00,0.15143155515204398
2019-09-26 11:06:00,0.21641142227878163
2019-09-26 11:09:00,0.1206065933046716
2019-09-26 11:12:00,0.13792255672831288
2019-09-26 11:15:00,0.10566511938844769
2019-09-26 11:18:00,0.07660167268920759
2019-09-26 11:21:00,0.1001285472891027
2019-09-26 11:24:00,0.060215122997306025
2019-09-26 11:27:00,0.12801846665263383
2019-09-26 11:30:00,0.12863610053284447
2019-09-26 11:33:00,-0.024096004508010083
2019-09-26 11:36:00,0.06981417325317807
2019-09-26 11:39:00,0.11928346338754636
2019-09-26 11:42:00,0.008591834643993934
2019-09-26 11:45:00,0.03616497445563027
2019-09-26 11:48:00,0.05574237447086716
2019-09-26 11:51:00,0.03831281177320989
2019-09-26 11:54:00,0.03878893304272424
2019-09-26 11:57:00,0.043726906773429164
2019-09-26 12:00:00,0.040028880165664305
2019-09-26 12:03:00,0.009004899275964817
2019-09-26 12:06:00,-0.055369071622521915
2019-09-26 12:09:00,-0.1490114280175021
2019-09-26 12:12:00,-0.18121662370310787
2019-09-26 12:15:00,-0.1720132004264201
2019-09-26 12:18:00,-0.09297125039375942
2019-09-26 12:21:00,-0.09883961294616483
2019-09-26 12:24:00,-0.16945375892692027
2019-09-26 12:27:00,-0.07468550197432933
2019-09-26 12:30:00,-0.12703573038623972
2019-09-26 12:33:00,-0.12157966993186164
2019-09-26 12:36:00,-0.23906811451928434
2019-09-26 12:39:00,-0.11114642524046303
2019-09-26 12:42:00,-0.27601491559033775
2019-09-26 12:45:00,-0.10203213179369186
2019-09-26 12:48:00,-0.3254852922150917
2019-09-26 12:51:00,-0.18611192126962806
2019-09-26 12:54:00,-0.26505180493563785
2019-09-26 12:57:00,-0.26743047664592723
2019-09-26 13:00:00,-0.20466503413143755
2019-09-26 13:03:00,-0.1519166664266436
2019-09-26 13:06:00,-0.027929798873458367
2019-09-26 13:09:00,-0.23350314336295241
2019-09-26 13:12:00,-0.2614018825190101
2019-09-26 13:15:00,-0.1767530522346874
2019-09-26 13:18:00,-0.31055157692668445
2019-09-26 13:21:00,-0.27255398878787673
2019-09-26 13:24:00,-0.2996090412780177
2019-09-26 13:27:00,-0.1396911404528396
2019-09-26 13:30:00,-0.3173767546150543
2019-09-26 13:33:00,-0.18297453255871687
2019-09-26 13:36:00,-0.18883415501062473
2019-09-26 13:39:00,-0.24416880969249632
2019-09-26 13:42:00,-0.22761215158942605
2019-09-26 13:45:00,-0.14508474227693569
2019-09-26 13:48:00,-0.2692836060853665
2019-09-26 13:51:00,-0.31095735701262583
2019-09-26 13:54:00,-0.35644933189763606
2019-09-26 13:57:00,-0.2852015097387266
2019-09-26 14:00:00,-0.3641834004956763
2019-09-26 14:03:00,-0.3319240545329194
2019-09-26 14:06:00,-0.3809843794583685
2019-09-26 14:09:00,-0.3152760496403175
2019-09-26 14:12:00,-0.18034874980446602
2019-09-26 14:15:00,-0.2267002742518116
2019-09-26 14:18:00,-0.42114604867146
2019-09-26 14:21:00,-0.2948419605782533
2019-09-26 14:24:00,-0.31703661546544026
2019-09-26 14:27:00,-0.3405924515308243
2019-09-26 14:30:00,-0.34331673085853254
2019-09-26 14:33:00,-0.25777516670922296
2019-09-26 14:36:00,-0.30755340084215277
2019-09-26 14:39:00,-0.2954119066087628
2019-09-26 14:42:00,-0.19256904659903284
2019-09-26 14:45:00,-0.21963007766657938
2019-09-26 14:48:00,-0.28131040544377584
2019-09-26 14:51:00,-0.19497682525053506
2019-09-26 14:54:00,-0.2049114112062398
2019-09-26 14:57:00,-0.18310997827921938
2019-09-26 15:00:00,-0.16367401275937254
2019-09-26 15:03:00,-0.2310773223773026
2019-09-26 15:06:00,-0.322854892386772
2019-09-26 15:09:00,-0.3545947376595677
2019-09-26 15:12:00,-0.32604650244905997
2019-09-26 15:15:00,-0.2514560722746637
2019-09-26 15:18:00,-0.21200410739072595
2019-09-26 15:21:00,-0.2548765197829539
2019-09-26 15:24:00,-0.128448529182549
2019-09-26 15:27:00,-0.17458466389848581
2019-09-26 15:30:00,-0.16181167536177554
2019-09-26 15:33:00,-0.11731730990493361
2019-09-26 15:36:00,-0.2628248903780559
2019-09-26 15:39:00,-0.3164363049144754
2019-09-26 15:42:00,-0.3725754508282648
2019-09-26 15:45:00,-0.24914379166017397
2019-09-26 15:48:00,-0.3092056339614828
2019-09-26 15:51:00,-0.37358138328846735
2019-09-26 15:54:00,-0.37845201949767215
2019-09-26 15:57:00,-0.3984556480558581
2019-09-26 16:00:00,-0.3899964781585936
2019-09-26 16:03:00,-0.27977766449282626
2019-09-26 16:06:00,-0.37414318065577845
2019-09-26 16:09:00,-0.347158124189491
2019-09-26 16:12:00,-0.3060701226605147
2019-09-26 16:15:00,-0.3935819106394547
2019-09-26 16:18:00,-0.38412565364194506
2019-09-26 16:21:00,-0.3376364030564787
2019-09-26 16:24:00,-0.24559223001580222
2019-09-26 16:27:00,-0.32572095995556083
2019-09-26 16:30:00,-0.3359266430651928
2019-09-26 16:33:00,-0.23708847923114718
2019-09-26 16:36:00,-0.34499924086122746
2019-09-26 16:39:00,-0.029688975980604937
2019-09-26 16:42:00,0.2813679005930112
2019-09-26 16:45:00,0.13147814012194203
2019-09-26 16:48:00,-0.0662601157061431
2019-09-26 16:51:00,-0.1253203576932833
2019-09-26 16:54:00,-0.19824487246535227
2019-09-26 16:57:00,-0.12469850311015307
2019-09-26 17:00:00,0.001701174758579782
2019-09-26 17:03:00,-0.08806817811847623
2019-09-26 17:06:00,-0.08135965403511136
2019-09-26 17:09:00,-0.11350150079903187
2019-09-26 17:12:00,-0.07215484412722617
2019-09-26 17:15:00,-0.13410646992315378
2019-09-26 17:18:00,-0.3184403381619063
2019-09-26 17:21:00,-0.2776383709330048
2019-09-26 17:24:00,-0.16800457347386555
2019-09-26 17:27:00,-0.19570298856638146
2019-09-26 17:30:00,-0.31435519377714627
2019-09-26 17:33:00,-0.17159343896020118
2019-09-26 17:36:00,-0.19118725265116154
2019-09-26 17:39:00,-0.22988903190065457
2019-09-26 17:42:00,-0.20839840750738858
2019-09-26 17:45:00,-0.1746659343839383
2019-09-26 17:48:00,-0.18040108375868158
2019-09-26 17:51:00,-0.19244488356213196
2019-09-26 17:54:00,-0.22099771042530847
2019-09-26 17:57:00,-0.11496517593036515
2019-09-26 18:00:00,-0.28400794965233445
2019-09-26 18:03:00,-0.1483349660373392
2019-09-26 18:06:00,-0.15483556154703138
2019-09-26 18:09:00,-0.121963273887161
2019-09-26 18:12:00,-0.11950236894080035
2019-09-26 18:15:00,-0.2269602506363526
2019-09-26 18:18:00,-0.07678817743521904
2019-09-26 18:21:00,-0.014920507706733588
2019-09-26 18:24:00,-0.10178003527460078
2019-09-26 18:27:00,-0.0629917559384694
2019-09-26 18:30:00,-0.12983829380965517
2019-09-26 18:33:00,-0.006598470278106561
2019-09-26 18:36:00,-0.06149312466391166
2019-09-26 18:39:00,-0.049162194430152795
2019-09-26 18:42:00,-0.05165385854854776
2019-09-26 18:45:00,0.049586780550271214
2019-09-26 18:48:00,0.06364552475588425
2019-09-26 18:51:00,0.09296448925721279
2019-09-26 18:54:00,0.014958049369568016
2019-09-26 18:57:00,
2019-09-26 19:00:00,
2019-09-26 19:03:00,0.12619324036700164
2019-09-26 19:06:00,0.032178996075572286
2019-09-26 19:09:00,0.026389024163506747
2019-09-26 19:12:00,0.03530506098110209
2019-09-26 19:15:00,0.029874712165565143
2019-09-26 19:18:00,0.11890997754437649
2019-09-26 19:21:00,0.06710596185530449
2019-09-26 19:24:00,0.12862185040580698
2019-09-26 19:27:00,0.14641445393891672
2019-09-26 19:30:00,0.12290593998216082
2019-09-26 19:33:00,0.016291214404191123
2019-09-26 19:36:00,0.17230933918199298
2019-09-26 19:39:00,0.13981328670445237
2019-09-26 19:42:00,0.09302378276481704
2019-09-26 19:45:00,0.13512113679331605
2019-09-26 19:48:00,0.13326461645914378
2019-09-26 19:51:00,0.23347070625356992
2019-09-26 19:54:00,0.09567538996464009
2019-09-26 19:57:00,0.2023742015178982
2019-09-26 20:00:00,0.1990191415287086
2019-09-26 20:03:00,0.15931423546271617
2019-09-26 20:06:00,0.2169514971644162
2019-09-26 20:09:00,0.24829710283358963
2019-09-26 20:12:00,0.24697813036942762
2019-09-26 20:15:00,0.13933873644538153
2019-09-26 20:18:00,0.20842282222372432
2019-09-26 20:21:00,0.16916796754793495
2019-09-26 20:24:00,0.20441089743746943
2019-09-26 20:27:00,0.2815253615998472
2019-09-26 20:30:00,0.15925068834519607
2019-09-26 20:33:00,0.26380360904784084
2019-09-26 20:36:00,0.22591161562206707
2019-09-26 20:39:00,0.22859893828035638
2019-09-26 20:42:00,0.22546736852700633
2019-09-26 20:45:00,0.1503161573744478
2019-09-26 20:48:00,0.1884559624548956
2019-09-26 20:51:00,0.23825001368572885
2019-09-26 20:54:00,0.2553142373924402
2019-09-26 20:57:00,0.25193239588509186
2019-09-26 21:00:00,0.2722481297691388
2019-09-26 21:03:00,0.2666334616992003
2019-09-26 21:06:00,0.32049549940416
2019-09-26 21:09:00,0.3117620638881249
2019-09-26 21:12:00,0.3036580254045589
2019-09-26 21:15:00,0.38418650664442566
2019-09-26 21:18:00,0.3733226647515835
2019-09-26 21:21:00,0.3178164850975236
2019-09-26 21:24:00,0.32911127467792767
2019-09-26 21:27:00,0.3886822624610886
2019-09-26 21:30:00,0.3675673176662144
2019-09-26 21:33:00,0.2970298391843471
2019-09-26 21:36:00,0.2505373255166319
2019-09-26 21:39:00,0.2464101851873579
2019-09-26 21:42:00,0.27165507311406145
2019-09-26 21:45:00,0.23448460527367843
2019-09-26 21:48:00,0.30108760608499097
2019-09-26 21:51:00,0.19443543985414635
2019-09-26 21:54:00,0.32317315269864366
2019-09-26 21:57:00,0.17398938266444475
2019-09-26 22:00:00,0.29392195506545704
2019-09-26 22:03:00,0.1390133989888227
2019-09-26 22:06:00,0.24727787229937803
2019-09-26 22:09:00,0.15059373672966103
2019-09-26 22:12:00,0.20689890442213255
2019-09-26 22:15:00,0.19622157295782472
2019-09-26 22:18:00,0.1456555262677739
2019-09-26 22:21:00,0.1638470867800379
2019-09-26 22:24:00,0.2520515555130487
2019-09-26 22:27:00,0.1816850892055868
2019-09-26 22:30:00,0.18010217322705557
2019-09-26 22:33:00,0.21644151981575988
2019-09-26 22:36:00,0.2949196185368237
2019-09-26 22:39:00,0.22505047813552892
2019-09-26 22:42:00,0.12757745421657773
2019-09-26 22:45:00,0.343286391286199
2019-09-26 22:48:00,0.22369099490657618
2019-09-26 22:51:00,0.18755901699023525
2019-09-26 22:54:00,0.23051858122505564
2019-09-26 22:57:00,0.1724760938387817
2019-09-26 23:00:00,0.1928233747549939
2019-09-26 23:03:00,0.17567922051119922
2019-09-26 23:06:00,0.2223149436327958
2019-09-26 23:09:00,0.20049441192708173
2019-09-26 23:12:00,0.17699847707166327
2019-09-26 23:15:00,0.208907203065678
2019-09-26 23:18:00,0.2143408790826129
2019-09-26 23:21:00,0.2534500564032669
2019-09-26 23:24:00,0.11536833649319078
2019-09-26 23:27:00,0.2298209646523901
2019-09-26 23:30:00,0.28711857854767686
2019-09-26 23:33:00,0.2709792585138757
2019-09-26 23:36:00,0.3227030362830874
2019-09-26 23:39:00,0.25622304651227523
2019-09-26 23:42:00,0.2489442567547826
2019-09-26 23:45:00,0.36293024482995406
2019-09-26 23:48:00,0.24105520287247373
2019-09-26 23:51:00,0.2604627569935474
2019-09-26 23:54:00,0.25291986358962504
2019-09-26 23:57:00,0.2453653765717263
2019-09-27 00:00:00,0.2242494450353547
2019-09-27 00:03:00,0.25181883121888404
2019-09-27 00:06:00,0.30423904528095136
2019-09-27 00:09:00,0.20926802562928515
2019-09-27 00:12:00,0.1717072067309573
2019-09-27 00:15:00,0.2420181597075839
2019-09-27 00:18:00,0.2365914373010014
2019-09-27 00:21:00,0.26694998448806473
2019-09-27 00:24:00,0.31595573842326985
2019-09-27 00:27:00,0.2945421307052811
2019-09-27 00:30:00,0.2594109420496693
2019-09-27 00:33:00,0.3565343725553589
2019-09-27 00:36:00,0.36717478957734784
2019-09-27 00:39:00,0.30817559629224434
2019-09-27 00:42:00,0.3942452994691621
2019-09-27 00:45:00,0.3037797888673026
2019-09-27 00:48:00,0.3478305804866295
2019-09-27 00:51:00,0.26668750564670063
2019-09-27 00:54:00,0.37857436660169697
2019-09-27 00:57:00,0.382965613430315
2019-09-27 01:00:00,0.35587442741223185
2019-09-27 01:03:00,0.37033691143494707
2019-09-27 01:06:00,0.3660717438528991
2019-09-27 01:09:00,0.292043762693595
2019-09-27 01:12:00,0.29961817526151435
2019-09-27 01:15:00,0.3455925636446864
2019-09-27 01:18:00,0.30105243056146946
2019-09-27 01:21:00,0.3278050261520775
2019-09-27 01:24:00,0.2887736527305833
2019-09-27 01:27:00,0.31244244100827245
2019-09-27 01:30:00,0.285278387032065
2019-09-27 01:33:00,0.4202080520096274
2019-09-27 01:36:00,0.3292994975711281
2019-09-27 01:39:00,0.39602198550949197
2019-09-27 01:42:00,0.32280248710765136
2019-09-27 01:45:00,0.25257982438427007
2019-09-27 01:48:00,0.2646085537123781
2019-09-27 01:51:00,0.3346468019100257
2019-09-27 01:54:00,0.32260161415837274
2019-09-27 01:57:00,0.1770816073629362
2019-09-27 02:00:00,0.31385883922934
2019-09-27 02:03:00,0.3723995984237831
2019-09-27 02:06:00,0.3280463215653526
2019-09-27 02:09:00,0.3227335840070964
2019-09-27 02:12:00,0.2917476929151235
2019-09-27 02:15:00,0.29825110181519676
2019-09-27 02:18:00,0.3573593482043975
2019-09-27 02:21:00,0.29882233087340637
2019-09-27 02:24:00,0.3194562702980761
2019-09-27 02:27:00,0.28933818724857474
2019-09-27 02:30:00,0.35570029722146046
2019-09-27 02:33:00,0.22864786273146365
2019-09-27 02:36:00,0.3218516430557088
2019-09-27 02:39:00,0.27701095243429563
2019-09-27 02:42:00,0.3308009816637991
2019-09-27 02:45:00,0.283313748940202
2019-09-27 02:48:00,0.3815665115683373
2019-09-27 02:51:00,0.2916134634915011
2019-09-27 02:54:00,0.384913082191531
2019-09-27 02:57:00,0.29626598361335255
2019-09-27 03:00:00,0.30564296755846954
2019-09-27 03:03:00,0.3814935332081859
2019-09-27 03:06:00,0.3256331401364605
2019-09-27 03:09:00,0.32937862547800023
2019-09-27 03:12:00,0.30997836953639535
2019-09-27 03:15:00,0.37692211857000757
2019-09-27 03:18:00,0.3563745614157483
2019-09-27 03:21:00,0.43779441156482335
2019-09-27 03:24:00,0.24384898134843525
2019-09-27 03:27:00,0.2543158429043615
2019-09-27 03:30:00,0.34489587980931447
2019-09-27 03:33:00,0.42613422571002957
2019-09-27 03:36:00,0.28101973443449424
2019-09-27 03:39:00,0.3932894103223816
2019-09-27 03:42:00,0.4511725112599265
2019-09-27 03:45:00,0.3273962535503756
2019-09-27 03:48:00,0.29824353787063274
2019-09-27 03:51:00,0.4315698192615969
2019-09-27 03:54:00,0.4404858943551062
2019-09-27 03:57:00,0.38962791211423564
2019-09-27 04:00:00,0.4454841408238508
2019-09-27 04:03:00,0.48315929665983504
2019-09-27 04:06:00,0.42780234247925364
2019-09-27 04:09:00,0.3489443959623486
2019-09-27 04:12:00,0.3733162700114576
2019-09-27 04:15:00,0.4702784267589095
2019-09-27 04:18:00,0.45721495697711134
2019-09-27 04:21:00,0.45986991253403176
2019-09-27 04:24:00,0.48704883478330885
2019-09-27 04:27:00,0.4011283402251138
2019-09-27 04:30:00,0.4192361579003432
2019-09-27 04:33:00,0.532827565356456
2019-09-27 04:36:00,0.47028361627195636
2019-09-27 04:39:00,0.44744277616308636
2019-09-27 04:42:00,0.5055990201374811
2019-09-27 04:45:00,0.5235455301555589
2019-09-27 04:48:00,0.48046910186940295
2019-09-27 04:51:00,0.457832107209299
2019-09-27 04:54:00,0.43212472286177217
2019-09-27 04:57:00,0.37015095258107067
2019-09-27 05:00:00,0.48819231884652936
2019-09-27 05:03:00,0.5308274008447142
2019-09-27 05:06:00,0.4965181151790148
2019-09-27 05:09:00,0.4020269086313988
2019-09-27 05:12:00,0.3687718629065557
2019-09-27 05:15:00,0.41429791679132677
2019-09-27 05:18:00,0.37821413842743823
2019-09-27 05:21:00,0.488725674519344
2019-09-27 05:24:00,0.30840153597665676
2019-09-27 05:27:00,0.48500804622176474
2019-09-27 05:30:00,0.407529490741922
2019-09-27 05:33:00,0.4904171456994959
2019-09-27 05:36:00,0.4466031133643469
2019-09-27 05:39:00,0.4945375284723923
2019-09-27 05:42:00,0.46812345718745973
2019-09-27 05:45:00,0.4870589562242458
2019-09-27 05:48:00,0.4324657763896198
2019-09-27 05:51:00,0.47231654747650964
2019-09-27 05:54:00,0.49042327435211064
2019-09-27 05:57:00,0.43441998532836124
2019-09-27 06:00:00,0.49480894978330525
2019-09-27 06:03:00,0.3558734980944678
2019-09-27 06:06:00,0.44801370208631397
2019-09-27 06:09:00,0.44208761015556775
2019-09-27 06:12:00,0.5474925207004162
2019-09-27 06:15:00,0.42999649731541467
2019-09-27 06:18:00,0.3975449634222059
2019-09-27 06:21:00,0.4307950216531822
2019-09-27 06:24:00,0.37828799395651913
2019-09-27 06:27:00,0.4366351437616345
2019-09-27 06:30:00,0.34518516371321084
2019-09-27 06:33:00,0.4403658143110647
2019-09-27 06:36:00,0.440547193328257
2019-09-27 06:39:00,0.4091352024710204
2019-09-27 06:42:00,0.3904812515630738
2019-09-27 06:45:00,0.40279728893790434
2019-09-27 06:48:00,0.3945440978056354
2019-09-27 06:51:00,0.4016917878934123
2019-09-27 06:54:00,0.3918342672713493
2019-09-27 06:57:00,0.44407420023395616
2019-09-27 07:00:00,0.4129729405559601
2019-09-27 07:03:00,0.4412955088156991
2019-09-27 07:06:00,0.448931568293915
2019-09-27 07:09:00,0.521752359753691
2019-09-27 07:12:00,0.2789073351857496
2019-09-27 07:15:00,0.4298839086201838
2019-09-27 07:18:00,0.514151941047885
2019-09-27 07:21:00,0.4047908660639905
2019-09-27 07:24:00,0.4624257030312151
2019-09-27 07:27:00,0.4230044678384388
2019-09-27 07:30:00,0.4697567504900917
2019-09-27 07:33:00,0.39908122836834536
2019-09-27 07:36:00,0.5011736165860157
2019-09-27 07:39:00,0.3854191773903608
2019-09-27 07:42:00,0.41070153656352204
2019-09-27 07:45:00,0.36228277370702244
2019-09-27 07:48:00,0.3770815580217004
2019-09-27 07:51:00,0.3728743994943784
2019-09-27 07:54:00,0.4032423166645458
2019-09-27 07:57:00,0.26686382237829775
2019-09-27 08:00:00,0.29352707215065266
2019-09-27 08:03:00,0.307868313345125
2019-09-27 08:06:00,0.28388689282593305
2019-09-27 08:09:00,0.42853234239584026
2019-09-27 08:12:00,0.36339444147546374
2019-09-27 08:15:00,0.376530000818434
2019-09-27 08:18:00,0.31940979781410306
2019-09-27 08:21:00,0.3226247344595663
2019-09-27 08:24:00,0.2926079804166193
2019-09-27 08:27:00,0.3337617610227426
2019-09-27 08:30:00,0.2330407657767637
2019-09-27 08:33:00,0.26461331037091895
2019-09-27 08:36:00,0.286054850453354
2019-09-27 08:39:00,0.2752289692140266
2019-09-27 08:42:00,0.273768554668834
2019-09-27 08:45:00,0.259216332103847
2019-09-27 08:48:00,0.2234358857310781
2019-09-27 08:51:00,0.18016157860080284
2019-09-27 08:54:00,0.18719799554241945
2019-09-27 08:57:00,0.2661850261629297
2019-09-27 09:00:00,0.2176500431801287
2019-09-27 09:03:00,0.06522563543660453
2019-09-27 09:06:00,0.17762683919062283
2019-09-27 09:09:00,0.05674064216378838
2019-09-27 09:12:00,0.130884063299618
2019-09-27 09:15:00,0.07259437881771191
2019-09-27 09:18:00,0.012406563841295792
2019-09-27 09:21:00,0.04400750632936479
2019-09-27 09:24:00,0.06977761418909267
2019-09-27 09:27:00,0.0011794726410698786
2019-09-27 09:30:00,0.04726774606683648
2019-09-27 09:33:00,-0.07064755568234204
2019-09-27 09:36:00,0.005054360877750241
2019-09-27 09:39:00,-0.058447791666026205
2019-09-27 09:42:00,-0.02339198155732447
2019-09-27 09:45:00,-0.015013609347761303
2019-09-27 09:48:00,-0.09064584878399273
2019-09-27 09:51:00,-0.09739642726640341
2019-09-27 09:54:00,-0.11969892960820516
2019-09-27 09:57:00,-0.04946469241878049
2019-09-27 10:00:00,-0.1735172659315367
2019-09-27 10:03:00,-0.1109024911107781
2019-09-27 10:06:00,-0.11788697924896496
2019-09-27 10:09:00,-0.11257362414517047
2019-09-27 10:12:00,-0.07926646572173013
2019-09-27 10:15:00,-0.10186500359714046
2019-09-27 10:18:00,-0.046878505749418764
2019-09-27 10:21:00,-0.08865264654656357
2019-09-27 10:24:00,-0.1800690033098249
2019-09-27 10:27:00,-0.11048668218842295
2019-09-27 10:30:00,-0.12997336241090807
2019-09-27 10:33:00,-0.08289322536541022
2019-09-27 10:36:00,-0.07521281681141545
2019-09-27 10:39:00,-0.07081894277729361
2019-09-27 10:42:00,-0.21195642439039375
2019-09-27 10:45:00,-0.18735880019187334
2019-09-27 10:48:00,-0.10355579630322609
2019-09-27 10:51:00,-0.07867395449352443
2019-09-27 10:54:00,-0.2007360256127413
2019-09-27 10:57:00,-0.30662209938378737
2019-09-27 11:00:00,-0.18973918207558427
2019-09-27 11:03:00,-0.0762936737529003
2019-09-27 11:06:00,-0.17181795899250574
2019-09-27 11:09:00,-0.12161221683021495
2019-09-27 11:12:00,-0.23324053203930362
2019-09-27 11:15:00,-0.03612508523821134
2019-09-27 11:18:00,-0.12073369949030166
2019-09-27 11:21:00,-0.11365263223410693
2019-09-27 11:24:00,0.011983136834601282
2019-09-27 11:27:00,-0.007838036405189541
2019-09-27 11:30:00,-0.03154165113824092
2019-09-27 11:33:00,-0.023652953358009654
2019-09-27 11:36:00,-0.09214247844454349
2019-09-27 11:39:00,-0.007139833467249446
2019-09-27 11:42:00,0.07948762794251252
2019-09-27 11:45:00,-0.053537123589592284
2019-09-27 11:48:00,-0.06142090523519528
2019-09-27 11:51:00,-0.018679098071061162
2019-09-27 11:54:00,0.02601977249406673
2019-09-27 11:57:00,-0.003909573645216824
2019-09-27 12:00:00,-0.13886473841580482
2019-09-27 12:03:00,-0.18094641345470563
2019-09-27 12:06:00,-0.11246811911172472
2019-09-27 12:09:00,-0.1341929304374503
2019-09-27 12:12:00,-0.032368960066946784
2019-09-27 12:15:00,-0.03590225376842682
2019-09-27 12:18:00,-0.06719304219427613
2019-09-27 12:21:00,0.05677420683718992
2019-09-27 12:24:00,-0.09603930291513052
2019-09-27 12:27:00,0.009493535897775018
2019-09-27 12:30:00,-0.11215850282752626
2019-09-27 12:33:00,-0.1407216974571952
2019-09-27 12:36:00,-0.07306405063377497
2019-09-27 12:39:00,-0.23663770701176645
2019-09-27 12:42:00,-0.2649341287404354
2019-09-27 12:45:00,-0.3476322274092922
2019-09-27 12:48:00,-0.18236272761038208
2019-09-27 12:51:00,-0.162054045823254
2019-09-27 12:54:00,-0.20306346522545482
2019-09-27 12:57:00,-0.259462627481696
2019-09-27 13:00:00,-0.25422301109557566
2019-09-27 13:03:00,-0.28675683103335814
2019-09-27 13:06:00,-0.39285148518501956
2019-09-27 13:09:00,-0.39695401752885573
2019-09-27 13:12:00,-0.28332878029982567
2019-09-27 13:15:00,-0.4380134033743843
2019-09-27 13:18:00,-0.21115339312444803
2019-09-27 13:21:00,-0.4024136005360788
2019-09-27 13:24:00,-0.41649638304284053
2019-09-27 13:27:00,-0.48860110695920866
2019-09-27 13:30:00,-0.5222877856494392
2019-09-27 13:33:00,-0.44365412450963504
2019-09-27 13:36:00,-0.6805934099268143
2019-09-27 13:39:00,-0.6081676723321721
2019-09-27 13:42:00,-0.555029708593338
2019-09-27 13:45:00,-0.47670244995612165
2019-09-27 13:48:00,-0.5272828961450386
2019-09-27 13:51:00,-0.4340623053482773
2019-09-27 13:54:00,-0.4645895046725741
2019-09-27 13:57:00,-0.3554129300517843
2019-09-27 14:00:00,-0.4558990446887492
2019-09-27 14:03:00,-0.5365453948621735
2019-09-27 14:06:00,-0.4497914627412456
2019-09-27 14:09:00,-0.5314325862189548
2019-09-27 14:12:00,-0.5803071253632197
2019-09-27 14:15:00,-0.5361408304003703
2019-09-27 14:18:00,-0.5104030148156085
2019-09-27 14:21:00,-0.5881485873385941
2019-09-27 14:24:00,-0.5172304381850381
2019-09-27 14:27:00,-0.3476499081308475
2019-09-27 14:30:00,-0.36294487211876003
2019-09-27 14:33:00,-0.4902302974545023
2019-09-27 14:36:00,-0.6446988160180922
2019-09-27 14:39:00,-0.48298034906378007
2019-09-27 14:42:00,-0.4283458149431567
2019-09-27 14:45:00,-0.5510468776244011
2019-09-27 14:48:00,-0.5760944350870432
2019-09-27 14:51:00,-0.4913806769659459
2019-09-27 14:54:00,-0.5332720928155368
2019-09-27 14:57:00,-0.4451474609895172
2019-09-27 15:00:00,-0.6591777017735581
2019-09-27 15:03:00,-0.5148275432352989
2019-09-27 15:06:00,-0.5325483877110173
2019-09-27 15:09:00,-0.516255412035207
2019-09-27 15:12:00,-0.455227666639928
2019-09-27 15:15:00,-0.46212626653118605
2019-09-27 15:18:00,-0.4361360185087051
2019-09-27 15:21:00,-0.5129308898350473
2019-09-27 15:24:00,-0.4970143682533603
2019-09-27 15:27:00,-0.4707082071060995
2019-09-27 15:30:00,-0.4977265561392983
2019-09-27 15:33:00,-0.427071305194886
2019-09-27 15:36:00,-0.4408757552438942
2019-09-27 15:39:00,-0.5323179531009714
2019-09-27 15:42:00,-0.5777142813242904
2019-09-27 15:45:00,-0.48838171375825823
2019-09-27 15:48:00,-0.642743439410026
2019-09-27 15:51:00,-0.5579712205864666
2019-09-27 15:54:00,-0.5432471300713928
2019-09-27 15:57:00,-0.41464549867504275
2019-09-27 16:00:00,-0.4664675849312516
2019-09-27 16:03:00,-0.4827836931382876
2019-09-27 16:06:00,-0.5373566721945622
2019-09-27 16:09:00,-0.4940513191023115
2019-09-27 16:12:00,-0.49033275732455195
2019-09-27 16:15:00,-0.5364501002806037
2019-09-27 16:18:00,-0.5755144046075884
2019-09-27 16:21:00,-0.49467202784654773
2019-09-27 16:24:00,-0.5744775974645222
2019-09-27 16:27:00,-0.5827221026799521
2019-09-27 16:30:00,-0.6070591617570358
2019-09-27 16:33:00,-0.55233724626612
2019-09-27 16:36:00,-0.585596064976869
2019-09-27 16:39:00,-0.5672108749892573
2019-09-27 16:42:00,-0.5705760291597812
2019-09-27 16:45:00,-0.5096999881820352
2019-09-27 16:48:00,-0.5541963565908077
2019-09-27 16:51:00,-0.5110146150058199
2019-09-27 16:54:00,-0.4930766707093426
2019-09-27 16:57:00,-0.5781813736322761
2019-09-27 17:00:00,-0.5952721455674919
2019-09-27 17:03:00,-0.45908253158495427
2019-09-27 17:06:00,-0.3620172003804214
2019-09-27 17:09:00,-0.4948697320610904
2019-09-27 17:12:00,-0.3219450856652202
2019-09-27 17:15:00,-0.40434052889247596
2019-09-27 17:18:00,-0.4526397143987424
2019-09-27 17:21:00,-0.2823704314262159
2019-09-27 17:24:00,-0.3839489874412152
2019-09-27 17:27:00,-0.4290196530159278
2019-09-27 17:30:00,-0.3625862960404902
2019-09-27 17:33:00,-0.36363949199505896
2019-09-27 17:36:00,-0.1475493875532834
2019-09-27 17:39:00,-0.279470359865968
2019-09-27 17:42:00,-0.24185756774284073
2019-09-27 17:45:00,-0.1981762209148883
2019-09-27 17:48:00,-0.17013496268782546
2019-09-27 17:51:00,-0.1895172008408963
2019-09-27 17:54:00,-0.21682379611144142
2019-09-27 17:57:00,-0.15693653651243267
2019-09-27 18:00:00,-0.19428694073866382
2019-09-27 18:03:00,-0.10158999724615114
2019-09-27 18:06:00,-0.2678729035459355
2019-09-27 18:09:00,-0.18353957513437535
2019-09-27 18:12:00,-0.13779817770256386
2019-09-27 18:15:00,-0.007680259017206481
2019-09-27 18:18:00,-0.2118474134844064
2019-09-27 18:21:00,-0.10998748597313579
2019-09-27 18:24:00,-0.09010393645530712
2019-09-27 18:27:00,-0.05451451830413134
2019-09-27 18:30:00,-0.08301494687520972
2019-09-27 18:33:00,-0.15102550743620213
2019-09-27 18:36:00,-0.21749346687033722
2019-09-27 18:39:00,-0.11409152235933107
2019-09-27 18:42:00,-0.08042095380295677
2019-09-27 18:45:00,-0.20019063552769012
2019-09-27 18:48:00,-0.16380665884855716
2019-09-27 18:51:00,-0.0665145231401425
2019-09-27 18:54:00,-0.08909874960170328
2019-09-27 18:57:00,
2019-09-27 19:00:00,
2019-09-27 19:03:00,-0.08221465790438742
2019-09-27 19:06:00,-0.048666269926002315
2019-09-27 19:09:00,-0.06054317755234706
2019-09-27 19:12:00,0.02130154471450396
2019-09-27 19:15:00,0.006520994623429033
2019-09-27 19:18:00,-0.055882463975990504
2019-09-27 19:21:00,0.001818271210936473
2019-09-27 19:24:00,-0.033524623823439015
2019-09-27 19:27:00,0.052606614647345395
2019-09-27 19:30:00,-0.05226599734436377
2019-09-27 19:33:00,0.005451684181934979
2019-09-27 19:36:00,-0.045682001145394224
2019-09-27 19:39:00,0.147311279017174
2019-09-27 19:42:00,0.07821977992847451
2019-09-27 19:45:00,0.025525845817128356
2019-09-27 19:48:00,0.007672594626171758
2019-09-27 19:51:00,0.07150065463417832
2019-09-27 19:54:00,-0.0015190185403639589
2019-09-27 19:57:00,0.08575933289347404
2019-09-27 20:00:00,0.09228377251440634
2019-09-27 20:03:00,0.04155570297598388
2019-09-27 20:06:00,-0.012632265931586062
2019-09-27 20:09:00,0.0611243859900128
2019-09-27 20:12:00,0.0861032899445604
2019-09-27 20:15:00,0.09293902791182518
2019-09-27 20:18:00,-0.0024090602296382713
2019-09-27 20:21:00,0.014851687698239857
2019-09-27 20:24:00,0.016097420777441585
2019-09-27 20:27:00,-0.03628529775511424
2019-09-27 20:30:00,0.07777449807485937
2019-09-27 20:33:00,0.021338351261704247
2019-09-27 20:36:00,0.03525881675676601
2019-09-27 20:39:00,0.0614840861292123
2019-09-27 20:42:00,0.03035392891098354
2019-09-27 20:45:00,0.04602408567910743
2019-09-27 20:48:00,0.13216396824037702
2019-09-27 20:51:00,0.015696729356079686
2019-09-27 20:54:00,-0.06575775619222668
2019-09-27 20:57:00,0.016924517353629653
2019-09-27 21:00:00,0.028975375254617575
2019-09-27 21:03:00,0.0637561058105689
2019-09-27 21:06:00,0.01747208934699529
2019-09-27 21:09:00,0.03982217319889969
2019-09-27 21:12:00,0.052621484562394016
2019-09-27 21:15:00,0.1598281922496767
2019-09-27 21:18:00,0.03290716641549807
2019-09-27 21:21:00,0.01557914043735309
2019-09-27 21:24:00,0.1162923586443867
2019-09-27 21:27:00,0.0564841841481325
2019-09-27 21:30:00,0.021757286216768534
2019-09-27 21:33:00,0.07238487322894116
2019-09-27 21:36:00,0.15836928184518229
2019-09-27 21:39:00,0.23798585075263645
2019-09-27 21:42:00,0.08199404618267181
2019-09-27 21:45:00,0.14145295403415048
2019-09-27 21:48:00,0.08395674272787801
2019-09-27 21:51:00,0.13514111640347437
2019-09-27 21:54:00,0.08174330696704146
2019-09-27 21:57:00,0.058108964228779314
2019-09-27 22:00:00,0.08657599477436406
2019-09-27 22:03:00,-0.07416526169834015
2019-09-27 22:06:00,0.023326900632014258
2019-09-27 22:09:00,0.04381170397209644
2019-09-27 22:12:00,0.035129551908369194
2019-09-27 22:15:00,-0.0017876063083122062
2019-09-27 22:18:00,0.10751171812296434
2019-09-27 22:21:00,0.0332259552470191
2019-09-27 22:24:00,0.09101798267266759
2019-09-27 22:27:00,0.07046249299645524
2019-09-27 22:30:00,0.06884606739043875
2019-09-27 22:33:00,0.08723930182759432
2019-09-27 22:36:00,0.11309630543388494
2019-09-27 22:39:00,-0.02763108379872392
2019-09-27 22:42:00,0.02863125002460265
2019-09-27 22:45:00,0.060766358194427994
2019-09-27 22:48:00,0.13852748168488915
2019-09-27 22:51:00,0.059026760986398585
2019-09-27 22:54:00,0.100209401657537
2019-09-27 22:57:00,0.11060530757578135
2019-09-27 23:00:00,0.11431711221638352
2019-09-27 23:03:00,0.16486802154355473
2019-09-27 23:06:00,0.09323146152598838
2019-09-27 23:09:00,0.06415073619280065
2019-09-27 23:12:00,0.16973726410714107
2019-09-27 23:15:00,0.19798975858594758
2019-09-27 23:18:00,0.1184739287103298
2019-09-27 23:21:00,0.09489401866034086
2019-09-27 23:24:00,0.004871990673109394
2019-09-27 23:27:00,0.1025805834831317
2019-09-27 23:30:00,0.11685274925946487
2019-09-27 23:33:00,0.2383360261323446
2019-09-27 23:36:00,0.02881690700820627
2019-09-27 23:39:00,0.05468455548776774
2019-09-27 23:42:00,-0.010366758474788185
2019-09-27 23:45:00,0.0662600760132932
2019-09-27 23:48:00,0.0730417288773424
2019-09-27 23:51:00,0.0662639257528781
2019-09-27 23:54:00,0.02197096982365565
2019-09-27 23:57:00,0.22206210902294288
2019-09-28 00:00:00,0.23081637212089845
2019-09-28 00:03:00,0.15776021461715573
2019-09-28 00:06:00,0.20900793489278158
2019-09-28 00:09:00,0.12262401672660417
2019-09-28 00:12:00,0.08623433954306847
2019-09-28 00:15:00,0.16474351728118108
2019-09-28 00:18:00,0.0491417703000252
2019-09-28 00:21:00,0.11007543455235691
2019-09-28 00:24:00,0.12091059590130726
2019-09-28 00:27:00,0.12259667976650235
2019-09-28 00:30:00,0.17195610113930115
2019-09-28 00:33:00,0.11786948005129716
2019-09-28 00:36:00,0.2899673892275132
2019-09-28 00:39:00,0.12125493405801535
2019-09-28 00:42:00,0.19417535587945167
2019-09-28 00:45:00,0.26661402290307024
2019-09-28 00:48:00,0.14191343622621844
2019-09-28 00:51:00,0.13485365473144384
2019-09-28 00:54:00,0.22848302022191547
2019-09-28 00:57:00,0.21459049215570758
2019-09-28 01:00:00,0.16896266623604106
2019-09-28 01:03:00,0.10456434191490871
2019-09-28 01:06:00,0.1365218552692795
2019-09-28 01:09:00,0.02831489188776004
2019-09-28 01:12:00,0.109863899000743
2019-09-28 01:15:00,0.13908633389496572
2019-09-28 01:18:00,0.11132920537949076
2019-09-28 01:21:00,0.17967240161340214
2019-09-28 01:24:00,0.05703777918029118
2019-09-28 01:27:00,0.0851678036984822
2019-09-28 01:30:00,0.11716372778977302
2019-09-28 01:33:00,0.18570889667040547
2019-09-28 01:36:00,0.12392059275595102
2019-09-28 01:39:00,0.2283205785017799
2019-09-28 01:42:00,0.18979285027324977
2019-09-28 01:45:00,0.14909270716668743
2019-09-28 01:48:00,0.18675949633546907
2019-09-28 01:51:00,0.1469316308142652
2019-09-28 01:54:00,0.03242380315157334
2019-09-28 01:57:00,0.13337626442609007
2019-09-28 02:00:00,0.17148542304647663
2019-09-28 02:03:00,0.13722310337277577
2019-09-28 02:06:00,0.18425893890236011
2019-09-28 02:09:00,0.1282603557279458
2019-09-28 02:12:00,0.2111338932666058
2019-09-28 02:15:00,0.1525806871934492
2019-09-28 02:18:00,0.2443321369743785
2019-09-28 02:21:00,0.11022793939901021
2019-09-28 02:24:00,0.18712892475650733
2019-09-28 02:27:00,0.1525997817512348
2019-09-28 02:30:00,0.1718420269828016
2019-09-28 02:33:00,0.15089148401597186
2019-09-28 02:36:00,0.15487112846852824
2019-09-28 02:39:00,0.0878665143792432
2019-09-28 02:42:00,0.22071546656883356
2019-09-28 02:45:00,0.15708818465361674
2019-09-28 02:48:00,0.2089340162394251
2019-09-28 02:51:00,0.17833590570006663
2019-09-28 02:54:00,0.2087138088310212
2019-09-28 02:57:00,0.30682021937445825
2019-09-28 03:00:00,0.24620801915051516
2019-09-28 03:03:00,0.3139757468995299
2019-09-28 03:06:00,0.3142084573481725
2019-09-28 03:09:00,0.2551875667364243
2019-09-28 03:12:00,0.20257130487266295
2019-09-28 03:15:00,0.21231630703209703
2019-09-28 03:18:00,0.24414692063857046
2019-09-28 03:21:00,0.09998108899594627
2019-09-28 03:24:00,0.20612778510525231
2019-09-28 03:27:00,0.1679971370996327
2019-09-28 03:30:00,0.2517084433911805
2019-09-28 03:33:00,0.1172359206435658
2019-09-28 03:36:00,0.3268705058944761
2019-09-28 03:39:00,0.17733674834772728
2019-09-28 03:42:00,0.15066675744259328
2019-09-28 03:45:00,0.17742132093997043
2019-09-28 03:48:00,0.14507952166610494
2019-09-28 03:51:00,0.16346674558286622
2019-09-28 03:54:00,0.1661701481629052
2019-09-28 03:57:00,0.17583041320301618
2019-09-28 04:00:00,0.29803493290893357
2019-09-28 04:03:00,0.22987969569300049
2019-09-28 04:06:00,0.4110619324894742
2019-09-28 04:09:00,0.28023791354542027
2019-09-28 04:12:00,0.32654207308405603
2019-09-28 04:15:00,0.18229926498753457
2019-09-28 04:18:00,0.15590927166925894
2019-09-28 04:21:00,0.07620707198753962
2019-09-28 04:24:00,0.15505628218596712
2019-09-28 04:27:00,0.20097608267616351
2019-09-28 04:30:00,0.18348521423934017
2019-09-28 04:33:00,0.19991100956264063
2019-09-28 04:36:00,0.24569383884448825
2019-09-28 04:39:00,0.30278857906193934
2019-09-28 04:42:00,0.26155095409535534
2019-09-28 04:45:00,0.2231763201075978
2019-09-28 04:48:00,0.3016763512502507
2019-09-28 04:51:00,0.2673079646236829
2019-09-28 04:54:00,0.21809302586649437
2019-09-28 04:57:00,0.22434061330721988
2019-09-28 05:00:00,0.1587807370215728
2019-09-28 05:03:00,0.13028951109242826
2019-09-28 05:06:00,0.23653800822722815
2019-09-28 05:09:00,0.18832108346123277
2019-09-28 05:12:00,0.15579593070771125
2019-09-28 05:15:00,0.12481587823037898
2019-09-28 05:18:00,0.22704562594009303
2019-09-28 05:21:00,0.35894199859467335
2019-09-28 05:24:00,0.26762053499828653
2019-09-28 05:27:00,0.21608412448296122
2019-09-28 05:30:00,0.2805468885369464
2019-09-28 05:33:00,0.265753881032083
2019-09-28 05:36:00,0.3463399175803943
2019-09-28 05:39:00,0.3237902695889261
2019-09-28 05:42:00,0.27857053164376566
2019-09-28 05:45:00,0.2423778264371208
2019-09-28 05:48:00,0.1927179929967906
2019-09-28 05:51:00,0.29248114804346415
2019-09-28 05:54:00,0.2232328955657863
2019-09-28 05:57:00,0.17411956571220344
2019-09-28 06:00:00,0.23018085888412543
2019-09-28 06:03:00,0.2508083261009233
2019-09-28 06:06:00,0.2154991716334962
2019-09-28 06:09:00,0.2932925549578158
2019-09-28 06:12:00,0.3707827740187781
2019-09-28 06:15:00,0.4066455108049922
2019-09-28 06:18:00,0.3390199155617779
2019-09-28 06:21:00,0.2892872058221201
2019-09-28 06:24:00,0.3625504119030438
2019-09-28 06:27:00,0.23717899389771446
2019-09-28 06:30:00,0.33152541026038307
2019-09-28 06:33:00,0.3255213876624339
2019-09-28 06:36:00,0.36043499688196334
2019-09-28 06:39:00,0.33852081320958405
2019-09-28 06:42:00,0.40829817411821523
2019-09-28 06:45:00,0.5432696802569694
2019-09-28 06:48:00,0.428173914350225
2019-09-28 06:51:00,0.4020233171521568
2019-09-28 06:54:00,0.3828594603952524
2019-09-28 06:57:00,0.44941985796924655
2019-09-28 07:00:00,0.44282836646243595
2019-09-28 07:03:00,0.3804777403071853
2019-09-28 07:06:00,0.3953268253903275
2019-09-28 07:09:00,0.48646846768923524
2019-09-28 07:12:00,0.488199632746273
2019-09-28 07:15:00,0.41486713960722454
2019-09-28 07:18:00,0.4084240158088619
2019-09-28 07:21:00,0.37837732197971263
2019-09-28 07:24:00,0.3866938501549271
2019-09-28 07:27:00,0.2792547211536771
2019-09-28 07:30:00,0.26027298115252506
2019-09-28 07:33:00,0.348886431161759
2019-09-28 07:36:00,0.2917707029030794
2019-09-28 07:39:00,0.32442777389189814
2019-09-28 07:42:00,0.3049225877961703
2019-09-28 07:45:00,0.2679132173674361
2019-09-28 07:48:00,0.3628884518653308
2019-09-28 07:51:00,0.3502839886165816
2019-09-28 07:54:00,0.25785050831740364
2019-09-28 07:57:00,0.3301271758367079
2019-09-28 08:00:00,0.34892129038348685
2019-09-28 08:03:00,0.3810127169150519
2019-09-28 08:06:00,0.305114936410007
2019-09-28 08:09:00,0.3146032751647567
2019-09-28 08:12:00,0.3622659240132293
2019-09-28 08:15:00,0.3018057364372453
2019-09-28 08:18:00,0.3601631290462137
2019-09-28 08:21:00,0.2798852752018206
2019-09-28 08:24:00,0.2690455510884249
2019-09-28 08:27:00,0.19003569092245698
2019-09-28 08:30:00,0.2078394901823799
2019-09-28 08:33:00,0.2728928422482113
2019-09-28 08:36:00,0.22499234508052268
2019-09-28 08:39:00,0.2805544294865854
2019-09-28 08:42:00,0.2441357414377876
2019-09-28 08:45:00,0.20533072207058467
2019-09-28 08:48:00,0.21601174128920775
2019-09-28 08:51:00,0.195080066905291
2019-09-28 08:54:00,0.14543884518189998
2019-09-28 08:57:00,0.1825158203338333
2019-09-28 09:00:00,0.09925131912348206
2019-09-28 09:03:00,0.18435899199931782
2019-09-28 09:06:00,0.12003913113460385
2019-09-28 09:09:00,0.11320881540996197
2019-09-28 09:12:00,0.1680876139498082
2019-09-28 09:15:00,0.10031293534427732
2019-09-28 09:18:00,0.03440130669866903
2019-09-28 09:21:00,0.15622081561309642
2019-09-28 09:24:00,0.20136001063320919
2019-09-28 09:27:00,0.05684418575651762
2019-09-28 09:30:00,0.102870946236294
2019-09-28 09:33:00,-0.00904718528659032
2019-09-28 09:36:00,0.06586679678446217
2019-09-28 09:39:00,0.11940518891782403
2019-09-28 09:42:00,0.15716905832306338
2019-09-28 09:45:00,-0.04487770029436433
2019-09-28 09:48:00,0.03422522696678243
2019-09-28 09:51:00,-0.010297781170777398
2019-09-28 09:54:00,0.024829334160642702
2019-09-28 09:57:00,0.02678024644234256
2019-09-28 10:00:00,-0.09986880228711925
2019-09-28 10:03:00,-0.020462837390425648
2019-09-28 10:06:00,-0.022896744756053522
2019-09-28 10:09:00,-0.11017290344614139
2019-09-28 10:12:00,-0.11964540976526905
2019-09-28 10:15:00,-0.0510384468705638
2019-09-28 10:18:00,-0.08707332532844703
2019-09-28 10:21:00,-0.037424241152564264
2019-09-28 10:24:00,-0.05939389854114552
2019-09-28 10:27:00,-0.14088851602667773
2019-09-28 10:30:00,-0.12459539108817808
2019-09-28 10:33:00,-0.15544241783038615
2019-09-28 10:36:00,-0.1738287717911362
2019-09-28 10:39:00,-0.15879529975103424
2019-09-28 10:42:00,-0.03012207800344413
2019-09-28 10:45:00,-0.11342470875098343
2019-09-28 10:48:00,-0.10702886348815355
2019-09-28 10:51:00,-0.09717203401771712
2019-09-28 10:54:00,-0.09976469200125848
2019-09-28 10:57:00,-0.18345418808632985
2019-09-28 11:00:00,-0.16550309234861516
2019-09-28 11:03:00,-0.16385359527197352
2019-09-28 11:06:00,-0.23960080598737932
2019-09-28 11:09:00,-0.2945917624782055
2019-09-28 11:12:00,-0.1762102659350262
2019-09-28 11:15:00,-0.2560841596537671
2019-09-28 11:18:00,-0.1370579151138145
2019-09-28 11:21:00,-0.11758324680647547
2019-09-28 11:24:00,-0.19835555427135887
2019-09-28 11:27:00,-0.2419385977723323
2019-09-28 11:30:00,-0.23837615529043887
2019-09-28 11:33:00,-0.2645215322774561
2019-09-28 11:36:00,-0.2593983752891518
2019-09-28 11:39:00,-0.27975562029439516
2019-09-28 11:42:00,-0.18142685783931256
2019-09-28 11:45:00,-0.23743406883812668
2019-09-28 11:48:00,-0.16393710608036827
2019-09-28 11:51:00,-0.2577683478356789
2019-09-28 11:54:00,-0.14686864297402735
2019-09-28 11:57:00,-0.19328410067271307
2019-09-28 12:00:00,-0.268431606503043
2019-09-28 12:03:00,-0.1497905767548673
2019-09-28 12:06:00,-0.3282277857697977
2019-09-28 12:09:00,-0.3261947913122185
2019-09-28 12:12:00,-0.2646361921424045
2019-09-28 12:15:00,-0.3144415078727434
2019-09-28 12:18:00,-0.24723515608695834
2019-09-28 12:21:00,-0.2977220573184809
2019-09-28 12:24:00,-0.23198903747714894
2019-09-28 12:27:00,-0.2819705045480987
2019-09-28 12:30:00,-0.2548882047219081
2019-09-28 12:33:00,-0.30556681842551825
2019-09-28 12:36:00,-0.28546105759204465
2019-09-28 12:39:00,-0.2808086029481842
2019-09-28 12:42:00,-0.3700094886627312
2019-09-28 12:45:00,-0.31513602439611077
2019-09-28 12:48:00,-0.32219869017365
2019-09-28 12:51:00,-0.40276286982248166
2019-09-28 12:54:00,-0.4191482313092365
2019-09-28 12:57:00,-0.3153347920888905
2019-09-28 13:00:00,-0.445692851837066
2019-09-28 13:03:00,-0.2737388989493752
2019-09-28 13:06:00,-0.3296863158712995
2019-09-28 13:09:00,-0.3808225224930766
2019-09-28 13:12:00,-0.47541795259064656
2019-09-28 13:15:00,-0.33483379109691214
2019-09-28 13:18:00,-0.17432710242951543
2019-09-28 13:21:00,-0.3030777072227693
2019-09-28 13:24:00,-0.17904380667442865
2019-09-28 13:27:00,-0.253156264648851
2019-09-28 13:30:00,-0.20880312029515835
2019-09-28 13:33:00,-0.20386881089569897
2019-09-28 13:36:00,-0.3334135389443418
2019-09-28 13:39:00,-0.2893324034862417
2019-09-28 13:42:00,-0.2281280385831792
2019-09-28 13:45:00,-0.2010519957169663
2019-09-28 13:48:00,-0.27945672019058065
2019-09-28 13:51:00,-0.3535361785577038
2019-09-28 13:54:00,-0.5185021154999276
2019-09-28 13:57:00,-0.4017070743420277
2019-09-28 14:00:00,-0.28979626149595106
2019-09-28 14:03:00,-0.09654245955164242
2019-09-28 14:06:00,0.029179420830644176
2019-09-28 14:09:00,0.03225327267591638
2019-09-28 14:12:00,0.27745784039262844
2019-09-28 14:15:00,-0.09510889251919252
2019-09-28 14:18:00,-0.30126163841674725
2019-09-28 14:21:00,-0.23771348860941544
2019-09-28 14:24:00,-0.36037373128323225
2019-09-28 14:27:00,-0.2836068170032604
2019-09-28 14:30:00,-0.2906990774223459
2019-09-28 14:33:00,-0.342407351442489
2019-09-28 14:36:00,-0.29586438156377426
2019-09-28 14:39:00,-0.3635455465297355
2019-09-28 14:42:00,-0.2563060083502364
2019-09-28 14:45:00,-0.3202469269261883
2019-09-28 14:48:00,-0.08105558040762162
2019-09-28 14:51:00,-0.24299281542465678
2019-09-28 14:54:00,-0.24102587222671445
2019-09-28 14:57:00,-0.3653329220825867
2019-09-28 15:00:00,-0.33520290119855645
2019-09-28 15:03:00,-0.27474431798577825
2019-09-28 15:06:00,-0.23678894030757647
2019-09-28 15:09:00,-0.32932397824708914
2019-09-28 15:12:00,-0.11756679231581302
2019-09-28 15:15:00,0.0612115078221791
2019-09-28 15:18:00,0.04428500640455013
2019-09-28 15:21:00,0.012455767149504027
2019-09-28 15:24:00,0.07502276026281152
2019-09-28 15:27:00,0.039380505990152415
2019-09-28 15:30:00,-0.2540428533818613
2019-09-28 15:33:00,0.06494280655476814
2019-09-28 15:36:00,-0.10849397163377716
2019-09-28 15:39:00,-0.2659665249801719
2019-09-28 15:42:00,-0.12611241440714593
2019-09-28 15:45:00,-0.19755472538224694
2019-09-28 15:48:00,-0.2913102320620169
2019-09-28 15:51:00,-0.41241032479530304
2019-09-28 15:54:00,-0.4672828253370085
2019-09-28 15:57:00,-0.3504141330640209
2019-09-28 16:00:00,-0.41175607850323104
2019-09-28 16:03:00,-0.42161624710234946
2019-09-28 16:06:00,-0.40949118650752325
2019-09-28 16:09:00,-0.46610398498933137
2019-09-28 16:12:00,-0.4708513279870772
2019-09-28 16:15:00,-0.4001693592112474
2019-09-28 16:18:00,-0.49941330475945733
2019-09-28 16:21:00,-0.40870861615451304
2019-09-28 16:24:00,-0.3650238853729775
2019-09-28 16:27:00,-0.3803110398457079
2019-09-28 16:30:00,-0.3173746802481219
2019-09-28 16:33:00,-0.4589555333259341
2019-09-28 16:36:00,-0.34447859505320366
2019-09-28 16:39:00,-0.42311413574799417
2019-09-28 16:42:00,-0.3615997802489801
2019-09-28 16:45:00,-0.3267646811056011
2019-09-28 16:48:00,-0.20674943880601404
2019-09-28 16:51:00,-0.18115001250293972
2019-09-28 16:54:00,-0.21104869695528805
2019-09-28 16:57:00,-0.2156745266827329
2019-09-28 17:00:00,-0.1556835001528043
2019-09-28 17:03:00,-0.11229285204206008
2019-09-28 17:06:00,0.10161856261362345
2019-09-28 17:09:00,-0.0733701610797084
2019-09-28 17:12:00,-0.21428187065038173
2019-09-28 17:15:00,-0.239614819523581
2019-09-28 17:18:00,-0.357149622934287
2019-09-28 17:21:00,-0.34815185425725304
2019-09-28 17:24:00,-0.41343999488486816
2019-09-28 17:27:00,-0.3328792319301215
2019-09-28 17:30:00,-0.34880171666958404
2019-09-28 17:33:00,-0.22376683673473963
2019-09-28 17:36:00,-0.2829935382557096
2019-09-28 17:39:00,-0.22669935308738332
2019-09-28 17:42:00,-0.13175401477292326
2019-09-28 17:45:00,-0.15973337964356915
2019-09-28 17:48:00,-0.20413424456256735
2019-09-28 17:51:00,-0.18600806305465767
2019-09-28 17:54:00,-0.22526657385003546
2019-09-28 17:57:00,-0.2136410193677989
2019-09-28 18:00:00,-0.1784861689175159
2019-09-28 18:03:00,-0.21024573823291348
2019-09-28 18:06:00,-0.23872709647298507
2019-09-28 18:09:00,-0.19378265845034548
2019-09-28 18:12:00,-0.1711111024489469
2019-09-28 18:15:00,-0.21027098811322276
2019-09-28 18:18:00,-0.1331122686461299
2019-09-28 18:21:00,-0.1443532043176674
2019-09-28 18:24:00,-0.13466511617934884
2019-09-28 18:27:00,-0.11603323914079056
2019-09-28 18:30:00,-0.15540888756129334
2019-09-28 18:33:00,-0.1685753091194897
2019-09-28 18:36:00,-0.20407637984658322
2019-09-28 18:39:00,-0.09534372771486233
2019-09-28 18:42:00,-0.20434731473591228
2019-09-28 18:45:00,-0.039675180833853574
2019-09-28 18:48:00,-0.15135447451831396
2019-09-28 18:51:00,-0.048544413776596684
2019-09-28 18:54:00,
2019-09-28 18:57:00,
2019-09-28 19:00:00,
2019-09-28 19:03:00,-0.02062841639178714
2019-09-28 19:06:00,-0.0820835845312331
2019-09-28 19:09:00,0.11831506806117886
2019-09-28 19:12:00,-0.000824501234149011
2019-09-28 19:15:00,-0.07679823040507472
2019-09-28 19:18:00,-0.01513538058713948
2019-09-28 19:21:00,-0.0541715900753843
2019-09-28 19:24:00,-0.03984738224664852
2019-09-28 19:27:00,-0.024258873911833234
2019-09-28 19:30:00,-0.03409504933546259
2019-09-28 19:33:00,-0.06535276483310781
2019-09-28 19:36:00,0.020951379847815588
2019-09-28 19:39:00,-0.006893709826442773
2019-09-28 19:42:00,0.024539597676948688
2019-09-28 19:45:00,0.04504197521595188
2019-09-28 19:48:00,0.015946844654308734
2019-09-28 19:51:00,0.003438984625631747
2019-09-28 19:54:00,-0.0016871817832111446
2019-09-28 19:57:00,0.07810320775297441
2019-09-28 20:00:00,0.01101612838147048
2019-09-28 20:03:00,0.09134575266267575
2019-09-28 20:06:00,0.0625796273358219
2019-09-28 20:09:00,0.048185943923783725
2019-09-28 20:12:00,0.08068189491081057
2019-09-28 20:15:00,0.05722658415453452
2019-09-28 20:18:00,0.07229556144966409
2019-09-28 20:21:00,0.009468592637801976
2019-09-28 20:24:00,-0.07167103550295906
2019-09-28 20:27:00,-0.11302182667151328
2019-09-28 20:30:00,0.10931668474870548
2019-09-28 20:33:00,0.04744985543658231
2019-09-28 20:36:00,0.08913857487254973
2019-09-28 20:39:00,0.054354004199808514
2019-09-28 20:42:00,0.10331126523061585
2019-09-28 20:45:00,0.11067484718415699
2019-09-28 20:48:00,0.061544614283945975
2019-09-28 20:51:00,0.0843788362172404
2019-09-28 20:54:00,0.10498299914519293
2019-09-28 20:57:00,0.07254427875142255
2019-09-28 21:00:00,0.19230462784247493
2019-09-28 21:03:00,0.0962093117633458
2019-09-28 21:06:00,0.1040475107055272
2019-09-28 21:09:00,0.04630803044545928
2019-09-28 21:12:00,0.039205950149607816
2019-09-28 21:15:00,0.11381051892931282
2019-09-28 21:18:00,0.11147549885816943
2019-09-28 21:21:00,0.14229703377117175
2019-09-28 21:24:00,0.11774456257160182
2019-09-28 21:27:00,0.11035663052575728
2019-09-28 21:30:00,0.15917057120611844
2019-09-28 21:33:00,0.13320830414096463
2019-09-28 21:36:00,0.24905452333592848
2019-09-28 21:39:00,0.09542344304287553
2019-09-28 21:42:00,0.1738229540197267
2019-09-28 21:45:00,0.282736226314114
2019-09-28 21:48:00,0.1069144814888432
2019-09-28 21:51:00,0.18549305829463947
2019-09-28 21:54:00,0.27985468799266755
2019-09-28 21:57:00,0.14268224103841476
2019-09-28 22:00:00,0.16951945480229824
2019-09-28 22:03:00,0.10637084244768857
2019-09-28 22:06:00,0.12943375361084009
2019-09-28 22:09:00,0.1664372250844508
2019-09-28 22:12:00,0.18188050463231775
2019-09-28 22:15:00,0.1789073845007465
2019-09-28 22:18:00,0.15572513255335707
2019-09-28 22:21:00,0.24507495921142208
2019-09-28 22:24:00,0.12624399210017145
2019-09-28 22:27:00,0.23903981563830712
2019-09-28 22:30:00,0.15993369852452588
2019-09-28 22:33:00,0.19195723759395378
2019-09-28 22:36:00,0.16709263325640222
2019-09-28 22:39:00,0.0972085447272093
2019-09-28 22:42:00,0.15108385618458442
2019-09-28 22:45:00,0.023700606482179865
2019-09-28 22:48:00,0.13170919258300273
2019-09-28 22:51:00,0.1078622225219874
2019-09-28 22:54:00,0.16533439175555031
2019-09-28 22:57:00,0.13299207530639023
2019-09-28 23:00:00,0.24256300706986167
2019-09-28 23:03:00,0.0975664186286167
2019-09-28 23:06:00,0.14132357348501046
2019-09-28 23:09:00,0.14421823535150224
2019-09-28 23:12:00,0.13211708771831354
2019-09-28 23:15:00,0.1671001547140918
2019-09-28 23:18:00,0.1255828903572933
2019-09-28 23:21:00,0.1838667915059773
2019-09-28 23:24:00,0.25515334600953565
2019-09-28 23:27:00,0.10183424735373592
2019-09-28 23:30:00,0.17630469681796512
2019-09-28 23:33:00,0.1828541310825358
2019-09-28 23:36:00,0.18036983174863508
2019-09-28 23:39:00,0.18788489516384743
2019-09-28 23:42:00,0.1735220044974426
2019-09-28 23:45:00,0.17672269741672153
2019-09-28 23:48:00,0.20604511164356154
2019-09-28 23:51:00,0.11423019352179153
2019-09-28 23:54:00,0.15295733954633306
2019-09-28 23:57:00,0.230533235852306
2019-09-29 00:00:00,0.3210253259753699
2019-09-29 00:03:00,0.23220907293813298
2019-09-29 00:06:00,0.2957348359140042
2019-09-29 00:09:00,0.35980866290100266
2019-09-29 00:12:00,0.16448018415132992
2019-09-29 00:15:00,0.27391861719155486
2019-09-29 00:18:00,0.2339472787299428
2019-09-29 00:21:00,0.3039681957725975
2019-09-29 00:24:00,0.21463951972936002
2019-09-29 00:27:00,0.1605509719612428
2019-09-29 00:30:00,0.20904678436875201
2019-09-29 00:33:00,0.17076193919143634
2019-09-29 00:36:00,0.20901479606874318
2019-09-29 00:39:00,0.23274158890615126
2019-09-29 00:42:00,0.327875505818497
2019-09-29 00:45:00,0.16288015366706077
2019-09-29 00:48:00,0.18761844772967606
2019-09-29 00:51:00,0.27320488798579845
2019-09-29 00:54:00,0.10084188781826242
2019-09-29 00:57:00,0.24384164760016347
2019-09-29 01:00:00,0.23579906849101917
2019-09-29 01:03:00,0.16011229534660743
2019-09-29 01:06:00,0.17526342860537625
2019-09-29 01:09:00,0.19699842626113195
2019-09-29 01:12:00,0.36808862286818567
2019-09-29 01:15:00,0.2684389646132104
2019-09-29 01:18:00,0.2583403399084432
2019-09-29 01:21:00,0.24818908653611516
2019-09-29 01:24:00,0.24317894781358973
2019-09-29 01:27:00,0.19900988357807137
2019-09-29 01:30:00,0.1959381298628955
2019-09-29 01:33:00,0.21280157440673975
2019-09-29 01:36:00,0.35128884632490553
2019-09-29 01:39:00,0.26663751850304607
2019-09-29 01:42:00,0.21243248739261844
2019-09-29 01:45:00,0.2850063798292126
2019-09-29 01:48:00,0.23995958010237928
2019-09-29 01:51:00,0.3334871268363031
2019-09-29 01:54:00,0.18716052616662182
2019-09-29 01:57:00,0.22251088355346837
2019-09-29 02:00:00,0.3078601907508869
2019-09-29 02:03:00,0.29875967979739926
2019-09-29 02:06:00,0.1644510671342232
2019-09-29 02:09:00,0.22456296508772766
2019-09-29 02:12:00,0.28857858054027474
2019-09-29 02:15:00,0.2771900101387246
2019-09-29 02:18:00,0.21980743305681472
2019-09-29 02:21:00,0.18732345282546703
2019-09-29 02:24:00,0.22505656216884518
2019-09-29 02:27:00,0.22592006140502008
2019-09-29 02:30:00,0.2607820598709054
2019-09-29 02:33:00,0.2577873794305674
2019-09-29 02:36:00,0.2010806655053443
2019-09-29 02:39:00,0.2557961781303675
2019-09-29 02:42:00,0.2939247384391024
2019-09-29 02:45:00,0.2678883609841023
2019-09-29 02:48:00,0.38065095913617597
2019-09-29 02:51:00,0.2822552889515464
2019-09-29 02:54:00,0.31019763091364894
2019-09-29 02:57:00,0.26533505003521896
2019-09-29 03:00:00,0.29261623417278315
2019-09-29 03:03:00,0.2718611024680513
2019-09-29 03:06:00,0.3712341371097523
2019-09-29 03:09:00,0.2984842010688453
2019-09-29 03:12:00,0.2834879408425195
2019-09-29 03:15:00,0.3146616846984216
2019-09-29 03:18:00,0.30359309193050876
2019-09-29 03:21:00,0.2730165303461263
2019-09-29 03:24:00,0.20887388550215746
2019-09-29 03:27:00,0.17995452744537488
2019-09-29 03:30:00,0.185557813143987
2019-09-29 03:33:00,0.21798033721387355
2019-09-29 03:36:00,0.2915400769880421
2019-09-29 03:39:00,0.15307110590737238
2019-09-29 03:42:00,0.27900880318827603
2019-09-29 03:45:00,0.28344234666241164
2019-09-29 03:48:00,0.29811913518295796
2019-09-29 03:51:00,0.21058943040623035
2019-09-29 03:54:00,0.23144101428204067
2019-09-29 03:57:00,0.17303231699804655
2019-09-29 04:00:00,0.1973166832758011
2019-09-29 04:03:00,0.26324730517359285
2019-09-29 04:06:00,0.27293660877319326
2019-09-29 04:09:00,0.16778586959731
2019-09-29 04:12:00,0.21763090266796326
2019-09-29 04:15:00,0.3207190561942639
2019-09-29 04:18:00,0.1807578440573252
2019-09-29 04:21:00,0.27799975651390696
2019-09-29 04:24:00,0.2437475668879756
2019-09-29 04:27:00,0.30913565520870634
2019-09-29 04:30:00,0.17762923072342574
2019-09-29 04:33:00,0.24685067372797675
2019-09-29 04:36:00,0.21187521470199044
2019-09-29 04:39:00,0.1729459461106444
2019-09-29 04:42:00,0.2237277744392827
2019-09-29 04:45:00,0.2799949047123391
2019-09-29 04:48:00,0.2129341857169038
2019-09-29 04:51:00,0.25057532182540854
2019-09-29 04:54:00,0.30874787896482303
2019-09-29 04:57:00,0.3190444391294136
2019-09-29 05:00:00,0.25099653235139385
2019-09-29 05:03:00,0.2290604327862411
2019-09-29 05:06:00,0.28486848190937053
2019-09-29 05:09:00,0.21595627267407735
2019-09-29 05:12:00,0.3648798605495358
2019-09-29 05:15:00,0.26447754271367785
2019-09-29 05:18:00,0.21873706935662085
2019-09-29 05:21:00,0.28383930627353493
2019-09-29 05:24:00,0.25857970669574115
2019-09-29 05:27:00,0.3304664822281893
2019-09-29 05:30:00,0.30148926900301376
2019-09-29 05:33:00,0.19603212984264928
2019-09-29 05:36:00,0.27973516567914203
2019-09-29 05:39:00,0.31123291485744176
2019-09-29 05:42:00,0.2535200724010451
2019-09-29 05:45:00,0.26916335719778317
2019-09-29 05:48:00,0.2501251364038808
2019-09-29 05:51:00,0.24197735060965897
2019-09-29 05:54:00,0.28232741800349004
2019-09-29 05:57:00,0.19798267392422986
2019-09-29 06:00:00,0.3128812709002773
2019-09-29 06:03:00,0.3092636220702616
2019-09-29 06:06:00,0.19050155091218812
2019-09-29 06:09:00,0.2633056152005224
2019-09-29 06:12:00,0.22365445353688074
2019-09-29 06:15:00,0.2999766048937431
2019-09-29 06:18:00,0.18902882960873058
2019-09-29 06:21:00,0.1275873592680341
2019-09-29 06:24:00,0.3782628194603035
2019-09-29 06:27:00,0.26212376451314867
2019-09-29 06:30:00,0.2720050056180412
2019-09-29 06:33:00,0.29766430067667216
2019-09-29 06:36:00,0.2234936727674608
2019-09-29 06:39:00,0.30536896836593996
2019-09-29 06:42:00,0.21632691985581687
2019-09-29 06:45:00,0.16379587475148583
2019-09-29 06:48:00,0.3156067452962361
2019-09-29 06:51:00,0.21220211294689761
2019-09-29 06:54:00,0.14908128690126432
2019-09-29 06:57:00,0.19120083574370028
2019-09-29 07:00:00,0.2532981057856887
2019-09-29 07:03:00,0.1384153632872085
2019-09-29 07:06:00,0.22449990004923848
2019-09-29 07:09:00,0.17192256615555834
2019-09-29 07:12:00,0.32766650793411145
2019-09-29 07:15:00,0.31565810232558533
2019-09-29 07:18:00,0.26436317748550664
2019-09-29 07:21:00,0.2480817191461142
2019-09-29 07:24:00,0.28592388133557733
2019-09-29 07:27:00,0.17856578130692924
2019-09-29 07:30:00,0.173610537510001
2019-09-29 07:33:00,0.13619712466464762
2019-09-29 07:36:00,0.2278734588336988
2019-09-29 07:39:00,0.2541718796853729
2019-09-29 07:42:00,0.2415883474917564
2019-09-29 07:45:00,0.1123897755425105
2019-09-29 07:48:00,0.2120823414612687
2019-09-29 07:51:00,0.15850009219354888
2019-09-29 07:54:00,0.12615808063213763
2019-09-29 07:57:00,0.14783845896556613
2019-09-29 08:00:00,0.1687278458711603
2019-09-29 08:03:00,0.21550496570228006
2019-09-29 08:06:00,0.12956156195690482
2019-09-29 08:09:00,0.18645728332546696
2019-09-29 08:12:00,0.17803437317422777
2019-09-29 08:15:00,0.12023186363950344
2019-09-29 08:18:00,0.13878271892548355
2019-09-29 08:21:00,0.06521133393562195
2019-09-29 08:24:00,0.09690489931392676
2019-09-29 08:27:00,0.06978804023970042
2019-09-29 08:30:00,0.12477657532110698
2019-09-29 08:33:00,0.00789741285944956
2019-09-29 08:36:00,0.1547544088811037
2019-09-29 08:39:00,0.021282572412758327
2019-09-29 08:42:00,0.033025980759475715
2019-09-29 08:45:00,0.026264851966800506
2019-09-29 08:48:00,0.08765447811930471
2019-09-29 08:51:00,-0.06353034329265483
2019-09-29 08:54:00,-0.03603907900912873
2019-09-29 08:57:00,-0.03529990449254683
2019-09-29 09:00:00,0.05379192353223061
2019-09-29 09:03:00,-0.03174763707369266
2019-09-29 09:06:00,-0.09271941181771126
2019-09-29 09:09:00,-0.08640309588645323
2019-09-29 09:12:00,-0.0071758585456223045
2019-09-29 09:15:00,0.007650952407175282
2019-09-29 09:18:00,-0.16071178261603336
2019-09-29 09:21:00,-0.05404121677054263
2019-09-29 09:24:00,-0.02986260004149699
2019-09-29 09:27:00,-0.02011956357108602
2019-09-29 09:30:00,-0.05866236200296271
2019-09-29 09:33:00,-0.18304092968202212
2019-09-29 09:36:00,-0.0327048495482245
2019-09-29 09:39:00,-0.024019829222652334
2019-09-29 09:42:00,-0.08339147832032268
2019-09-29 09:45:00,-0.13349651126748086
2019-09-29 09:48:00,-0.07798205404805003
2019-09-29 09:51:00,-0.1740715319730839
2019-09-29 09:54:00,-0.1550044586811623
2019-09-29 09:57:00,0.007713209306018598
2019-09-29 10:00:00,-0.19414024240944627
2019-09-29 10:03:00,-0.08983457691203967
2019-09-29 10:06:00,-0.022348736447327155
2019-09-29 10:09:00,-0.16121154841857788
2019-09-29 10:12:00,-0.1950934080693969
2019-09-29 10:15:00,-0.16699541273663954
2019-09-29 10:18:00,-0.1199136327825272
2019-09-29 10:21:00,-0.1691206796674578
2019-09-29 10:24:00,-0.26396939866504
2019-09-29 10:27:00,-0.16794166576704583
2019-09-29 10:30:00,-0.08118410822993383
2019-09-29 10:33:00,-0.15535670005078828
2019-09-29 10:36:00,-0.011110666801243951
2019-09-29 10:39:00,-0.11640631345477459
2019-09-29 10:42:00,0.041985619959746145
2019-09-29 10:45:00,0.042854048708363734
2019-09-29 10:48:00,-0.054567856914275126
2019-09-29 10:51:00,0.01914469940680874
2019-09-29 10:54:00,-0.003236457960952066
2019-09-29 10:57:00,-0.1315082199799349
2019-09-29 11:00:00,-0.0885552135321177
2019-09-29 11:03:00,-0.09521335790765306
2019-09-29 11:06:00,-0.060563882500218824
2019-09-29 11:09:00,-0.002798099977894708
2019-09-29 11:12:00,0.023536038464158082
2019-09-29 11:15:00,-0.02664489496362421
2019-09-29 11:18:00,-0.07378201194501344
2019-09-29 11:21:00,-0.01643029079042435
2019-09-29 11:24:00,-0.06723545914809392
2019-09-29 11:27:00,-0.0031541950996256674
2019-09-29 11:30:00,-0.07009995086002618
2019-09-29 11:33:00,0.014716015754800083
2019-09-29 11:36:00,-0.06710608586632816
2019-09-29 11:39:00,-0.14655501556211448
2019-09-29 11:42:00,-0.03590017357163333
2019-09-29 11:45:00,-0.08996842394543592
2019-09-29 11:48:00,-0.21685118608513676
2019-09-29 11:51:00,-0.15635028073677404
2019-09-29 11:54:00,-0.16643179106716843
2019-09-29 11:57:00,-0.10950663282449113
2019-09-29 12:00:00,-0.100249561737769
2019-09-29 12:03:00,-0.065994716785724
2019-09-29 12:06:00,-0.10117839042777632
2019-09-29 12:09:00,-0.10308429893728999
2019-09-29 12:12:00,-0.1624079675253256
2019-09-29 12:15:00,-0.15528994978194532
2019-09-29 12:18:00,-0.12996531874517814
2019-09-29 12:21:00,-0.11850392085136718
2019-09-29 12:24:00,-0.11237717856658946
2019-09-29 12:27:00,-0.11698438572301484
2019-09-29 12:30:00,-0.06806820053418505
2019-09-29 12:33:00,-0.03861215806398377
2019-09-29 12:36:00,-0.1473152385406138
2019-09-29 12:39:00,-0.06867959762854525
2019-09-29 12:42:00,-0.11661965576331568
2019-09-29 12:45:00,-0.09730073330376854
2019-09-29 12:48:00,0.06518842366892841
2019-09-29 12:51:00,-0.2030499137674724
2019-09-29 12:54:00,-0.09690286369612977
2019-09-29 12:57:00,-0.22402674318237814
2019-09-29 13:00:00,-0.12650125596087491
2019-09-29 13:03:00,-0.17833739514315994
2019-09-29 13:06:00,-0.14095061017508215
2019-09-29 13:09:00,-0.11178996883626269
2019-09-29 13:12:00,-0.25590183046784887
2019-09-29 13:15:00,-0.1793837580426043
2019-09-29 13:18:00,-0.29278996882391084
2019-09-29 13:21:00,-0.2914492230287351
2019-09-29 13:24:00,-0.2786297145779031
2019-09-29 13:27:00,-0.21187029077896113
2019-09-29 13:30:00,-0.21326935810856185
2019-09-29 13:33:00,-0.17786646367318326
2019-09-29 13:36:00,-0.3043763401569777
2019-09-29 13:39:00,-0.30540856216151724
2019-09-29 13:42:00,-0.33003217514306016
2019-09-29 13:45:00,-0.19109439123349148
2019-09-29 13:48:00,-0.35303089978202706
2019-09-29 13:51:00,-0.21555070519281117
2019-09-29 13:54:00,-0.25598797493046277
2019-09-29 13:57:00,-0.25242560145215975
2019-09-29 14:00:00,-0.2654872199740339
2019-09-29 14:03:00,-0.2459831369483254
2019-09-29 14:06:00,-0.034609894615073244
2019-09-29 14:09:00,-0.3045658360599077
2019-09-29 14:12:00,-0.2863477329175339
2019-09-29 14:15:00,-0.21427847472131134
2019-09-29 14:18:00,-0.1973856793166533
2019-09-29 14:21:00,-0.27530010371697244
2019-09-29 14:24:00,-0.22510260539473848
2019-09-29 14:27:00,-0.18005156821158153
2019-09-29 14:30:00,-0.25691447937907697
2019-09-29 14:33:00,-0.3106040223838704
2019-09-29 14:36:00,-0.1431272990982393
2019-09-29 14:39:00,-0.12244927693069485
2019-09-29 14:42:00,-0.22452432227782992
2019-09-29 14:45:00,-0.29179466953991096
2019-09-29 14:48:00,-0.17349365218495905
2019-09-29 14:51:00,-0.1642100676338032
2019-09-29 14:54:00,-0.20607279356528352
2019-09-29 14:57:00,-0.22334758104364028
2019-09-29 15:00:00,-0.18443876546876936
2019-09-29 15:03:00,-0.19570097084118743
2019-09-29 15:06:00,-0.23734227668740004
2019-09-29 15:09:00,-0.2319417943339772
2019-09-29 15:12:00,-0.16119910669084447
2019-09-29 15:15:00,-0.20865261480264508
2019-09-29 15:18:00,-0.1773628087715906
2019-09-29 15:21:00,-0.09539922110661792
2019-09-29 15:24:00,-0.039357516467362075
2019-09-29 15:27:00,-0.05897817217072543
2019-09-29 15:30:00,-0.04001610832585811
2019-09-29 15:33:00,-0.048450379635880836
2019-09-29 15:36:00,-0.06782605739414294
2019-09-29 15:39:00,-0.11412720814115573
2019-09-29 15:42:00,-0.09865534040932289
2019-09-29 15:45:00,-0.034908996971751094
2019-09-29 15:48:00,-0.07983379500086585
2019-09-29 15:51:00,-0.07111362208070204
2019-09-29 15:54:00,-0.13082074212496764
2019-09-29 15:57:00,-0.04276780265456637
2019-09-29 16:00:00,-0.02318876355377597
2019-09-29 16:03:00,-0.1795359511265815
2019-09-29 16:06:00,-0.18236929332215368
2019-09-29 16:09:00,-0.12383326657328553
2019-09-29 16:12:00,-0.2111495482971577
2019-09-29 16:15:00,-0.1874159364564889
2019-09-29 16:18:00,-0.27195258169962244
2019-09-29 16:21:00,-0.2242369807846103
2019-09-29 16:24:00,-0.22534071102779762
2019-09-29 16:27:00,-0.2964992137463014
2019-09-29 16:30:00,-0.16125018445796968
2019-09-29 16:33:00,-0.1975113170767031
2019-09-29 16:36:00,-0.2466786129299976
2019-09-29 16:39:00,-0.22647030458989548
2019-09-29 16:42:00,-0.18737095897347444
2019-09-29 16:45:00,-0.17666220456555948
2019-09-29 16:48:00,-0.07245107201941892
2019-09-29 16:51:00,-0.03542765689309135
2019-09-29 16:54:00,0.032053882501713815
2019-09-29 16:57:00,0.056719917798091046
2019-09-29 17:00:00,0.1550129661221149
2019-09-29 17:03:00,0.16986981132066603
2019-09-29 17:06:00,0.14308369526600018
2019-09-29 17:09:00,-0.0021937253453074845
2019-09-29 17:12:00,0.08084373097238995
2019-09-29 17:15:00,0.06531967478400702
2019-09-29 17:18:00,0.03761603438886141
2019-09-29 17:21:00,0.14938045809810774
2019-09-29 17:24:00,0.04283754043888166
2019-09-29 17:27:00,0.08814954083709381
2019-09-29 17:30:00,0.16156527575316204
2019-09-29 17:33:00,-0.025425804553947273
2019-09-29 17:36:00,0.05511575026702076
2019-09-29 17:39:00,0.08950624341417779
2019-09-29 17:42:00,0.059759113025279476
2019-09-29 17:45:00,-0.07373653879727726
2019-09-29 17:48:00,-0.06315522805113005
2019-09-29 17:51:00,0.022651046663213492
2019-09-29 17:54:00,0.045622452398674795
2019-09-29 17:57:00,-0.0028605394015812635
2019-09-29 18:00:00,-0.005642376348930611
2019-09-29 18:03:00,-0.010596996854701501
2019-09-29 18:06:00,0.11419433204940788
2019-09-29 18:09:00,0.0622412922816693
2019-09-29 18:12:00,-0.0026536935109220394
2019-09-29 18:15:00,-0.06609379305319862
2019-09-29 18:18:00,-0.0029831581370558524
2019-09-29 18:21:00,0.09486330074190619
2019-09-29 18:24:00,0.046380630019257296
2019-09-29 18:27:00,0.07812643841873523
2019-09-29 18:30:00,0.05158933950582423
2019-09-29 18:33:00,0.06995310418284362
2019-09-29 18:36:00,-0.0016524690187225133
2019-09-29 18:39:00,0.16470431884249592
2019-09-29 18:42:00,0.1251478871499785
2019-09-29 18:45:00,0.0747395342232835
2019-09-29 18:48:00,0.15316499093654556
2019-09-29 18:51:00,0.10746155811546032
2019-09-29 18:54:00,
2019-09-29 18:57:00,
2019-09-29 19:00:00,
2019-09-29 19:03:00,0.21993441780341527
2019-09-29 19:06:00,0.21985466321524427
2019-09-29 19:09:00,0.22992569364123483
2019-09-29 19:12:00,0.21846252855908688
2019-09-29 19:15:00,0.18753616710864662
2019-09-29 19:18:00,0.26126285857958464
2019-09-29 19:21:00,0.20844524228436967
2019-09-29 19:24:00,0.21781722778433732
2019-09-29 19:27:00,0.1664299459704921
2019-09-29 19:30:00,0.12162320681380834
2019-09-29 19:33:00,0.19547494818351652
2019-09-29 19:36:00,0.03500819373419972
2019-09-29 19:39:00,0.2835807575839908
2019-09-29 19:42:00,0.3582510221523876
2019-09-29 19:45:00,0.21365212083389906
2019-09-29 19:48:00,0.11242432045833084
2019-09-29 19:51:00,0.1225983998524498
2019-09-29 19:54:00,0.04622358806960847
2019-09-29 19:57:00,0.12416297951563138
2019-09-29 20:00:00,0.0819748057687093
2019-09-29 20:03:00,0.09360095918037814
2019-09-29 20:06:00,-0.013759498855620222
2019-09-29 20:09:00,0.05910264063192017
2019-09-29 20:12:00,0.17030747509500088
2019-09-29 20:15:00,0.08645047149047969
2019-09-29 20:18:00,0.13637052813373884
2019-09-29 20:21:00,0.009134192742749292
2019-09-29 20:24:00,0.05847513417256778
2019-09-29 20:27:00,0.025729872080830773
2019-09-29 20:30:00,0.02735501444237798
2019-09-29 20:33:00,0.16178078100443827
2019-09-29 20:36:00,0.11929421146214736
2019-09-29 20:39:00,0.1625683315628521
2019-09-29 20:42:00,0.0952511939955798
2019-09-29 20:45:00,0.10635650954759512
2019-09-29 20:48:00,0.09073339430159422
2019-09-29 20:51:00,0.14104782655260806
2019-09-29 20:54:00,0.07873587064085541
2019-09-29 20:57:00,0.1506753034620374
2019-09-29 21:00:00,0.09981886405421392
2019-09-29 21:03:00,0.09917106883796123
2019-09-29 21:06:00,0.17327533525184435
2019-09-29 21:09:00,0.15322612032468896
2019-09-29 21:12:00,0.2512873043164632
2019-09-29 21:15:00,0.10723676653242364
2019-09-29 21:18:00,0.22132062519267492
2019-09-29 21:21:00,0.2609942461444916
2019-09-29 21:24:00,0.23501083090366137
2019-09-29 21:27:00,0.22140585964473303
2019-09-29 21:30:00,0.1233748320494783
2019-09-29 21:33:00,0.015982816078803808
2019-09-29 21:36:00,-0.009822078675767898
2019-09-29 21:39:00,0.08664715561627645
2019-09-29 21:42:00,0.10167136550950318
2019-09-29 21:45:00,0.06160130004923303
2019-09-29 21:48:00,0.13759819366595138
2019-09-29 21:51:00,0.33397068092853033
2019-09-29 21:54:00,0.37436674081891397
2019-09-29 21:57:00,0.5875928435856395
2019-09-29 22:00:00,0.6280190579876717
2019-09-29 22:03:00,0.26835964848152116
2019-09-29 22:06:00,0.08616244601938661
2019-09-29 22:09:00,0.09801731239417677
2019-09-29 22:12:00,0.10773289618708759
2019-09-29 22:15:00,0.1436283022327416
2019-09-29 22:18:00,0.28068069923483563
2019-09-29 22:21:00,0.36361348348521005
2019-09-29 22:24:00,0.5157832001614793
2019-09-29 22:27:00,0.6033026179222247
2019-09-29 22:30:00,0.6273488118056889
2019-09-29 22:33:00,0.609289262399443
2019-09-29 22:36:00,0.3731396750859517
2019-09-29 22:39:00,0.40859758931287615
2019-09-29 22:42:00,0.5281509123668684
2019-09-29 22:45:00,0.5933719664141677
2019-09-29 22:48:00,0.49462139366323754
2019-09-29 22:51:00,0.5930951010648187
2019-09-29 22:54:00,0.517903826265524
2019-09-29 22:57:00,0.44254298687735627
2019-09-29 23:00:00,0.522392376418793
2019-09-29 23:03:00,0.45354598948142666
2019-09-29 23:06:00,0.4695025991602506
2019-09-29 23:09:00,0.3763394334439454
2019-09-29 23:12:00,0.3691811485773542
2019-09-29 23:15:00,0.3136400890691675
2019-09-29 23:18:00,0.3816428522131332
2019-09-29 23:21:00,0.41592821256239176
2019-09-29 23:24:00,0.40511441576370544
2019-09-29 23:27:00,0.43445865657105287
2019-09-29 23:30:00,0.35583504821323686
2019-09-29 23:33:00,0.40549561216010943
2019-09-29 23:36:00,0.42339411736054444
2019-09-29 23:39:00,0.446173836771095
2019-09-29 23:42:00,0.38618999181210256
2019-09-29 23:45:00,0.3999662548511651
2019-09-29 23:48:00,0.4011326248006526
2019-09-29 23:51:00,0.3942508826106632
2019-09-29 23:54:00,0.3506588695001369
2019-09-29 23:57:00,0.4306095315610037
2019-09-30 00:00:00,0.3814105176828093
2019-09-30 00:03:00,0.34231982775969527
2019-09-30 00:06:00,0.4362863553844818
2019-09-30 00:09:00,0.5216084404806907
2019-09-30 00:12:00,0.5905397205553982
2019-09-30 00:15:00,0.6730196175141714
2019-09-30 00:18:00,0.6767325595311604
2019-09-30 00:21:00,0.7339374450739342
2019-09-30 00:24:00,0.7866154046757288
2019-09-30 00:27:00,0.7791956259807193
2019-09-30 00:30:00,0.833166369476146
2019-09-30 00:33:00,0.8736845865747682
2019-09-30 00:36:00,0.8604468134742547
2019-09-30 00:39:00,0.8727703025222695
2019-09-30 00:42:00,0.8956964805422558
2019-09-30 00:45:00,0.8632841894919352
2019-09-30 00:48:00,0.826680373400734
2019-09-30 00:51:00,0.8346286742684583
2019-09-30 00:54:00,0.8110824122923646
2019-09-30 00:57:00,0.8512100427576001
2019-09-30 01:00:00,0.8849884050425771
2019-09-30 01:03:00,0.7821004053473075
2019-09-30 01:06:00,0.837474232290333
2019-09-30 01:09:00,0.8972354020187367
2019-09-30 01:12:00,0.6159287873955464
2019-09-30 01:15:00,0.4842323573287217
2019-09-30 01:18:00,0.472488585089593
2019-09-30 01:21:00,0.46809986910994894
2019-09-30 01:24:00,0.5256989298769099
2019-09-30 01:27:00,0.48664987567144635
2019-09-30 01:30:00,0.4919921943335339
2019-09-30 01:33:00,0.4460273026879804
2019-09-30 01:36:00,0.42667607804008867
2019-09-30 01:39:00,0.40979374464990315
2019-09-30 01:42:00,0.5077842401086627
2019-09-30 01:45:00,0.5027051687358153
2019-09-30 01:48:00,0.37330643105025274
2019-09-30 01:51:00,0.35669902531049047
2019-09-30 01:54:00,0.4996398534483433
2019-09-30 01:57:00,0.4705981020927652
2019-09-30 02:00:00,0.37735124887518623
2019-09-30 02:03:00,0.42190315960311864
2019-09-30 02:06:00,0.34371618855681163
2019-09-30 02:09:00,0.34271839064967935
2019-09-30 02:12:00,0.3477044847733737
2019-09-30 02:15:00,0.36794303600061085
2019-09-30 02:18:00,0.30258563902714286
2019-09-30 02:21:00,0.32301428233040497
2019-09-30 02:24:00,0.2906276836023949
2019-09-30 02:27:00,0.34462788264954725
2019-09-30 02:30:00,0.5217881023691575
2019-09-30 02:33:00,0.3726529618713812
2019-09-30 02:36:00,0.34383012211753794
2019-09-30 02:39:00,0.3041270295173035
2019-09-30 02:42:00,0.27507722804170953
2019-09-30 02:45:00,0.39102519092659804
2019-09-30 02:48:00,0.33892425428683737
2019-09-30 02:51:00,0.35803103515974044
2019-09-30 02:54:00,0.46916653869249103
2019-09-30 02:57:00,0.3524658984523512
2019-09-30 03:00:00,0.32111723518403323
2019-09-30 03:03:00,0.47483483829336137
2019-09-30 03:06:00,0.4089638713627437
2019-09-30 03:09:00,0.36275033392496425
2019-09-30 03:12:00,0.35734226069837405
2019-09-30 03:15:00,0.32166681535227326
2019-09-30 03:18:00,0.4425964441445558
2019-09-30 03:21:00,0.35690184561173055
2019-09-30 03:24:00,0.3791566438832774
2019-09-30 03:27:00,0.382498451536037
2019-09-30 03:30:00,0.3096748930687454
2019-09-30 03:33:00,0.3273483927922598
2019-09-30 03:36:00,0.352279095419874
2019-09-30 03:39:00,0.24850607148192694
2019-09-30 03:42:00,0.30492385037837266
2019-09-30 03:45:00,0.3250932474681463
2019-09-30 03:48:00,0.2768998629254611
2019-09-30 03:51:00,0.3244556003337493
2019-09-30 03:54:00,0.341260162095125
2019-09-30 03:57:00,0.2932994862774194
2019-09-30 04:00:00,0.3035052510788887
2019-09-30 04:03:00,0.41961963669263014
2019-09-30 04:06:00,0.4048561769732828
2019-09-30 04:09:00,0.3923214479036119
2019-09-30 04:12:00,0.40097776883652614
2019-09-30 04:15:00,0.31387459961945297
2019-09-30 04:18:00,0.3379010976785253
2019-09-30 04:21:00,0.2654381914193209
2019-09-30 04:24:00,0.39394860673837684
2019-09-30 04:27:00,0.35920339900275167
2019-09-30 04:30:00,0.34641536031892883
2019-09-30 04:33:00,0.4532850760464271
2019-09-30 04:36:00,0.3864419199009035
2019-09-30 04:39:00,0.35512673177851184
2019-09-30 04:42:00,0.34987944683666683
2019-09-30 04:45:00,0.3868049851145088
2019-09-30 04:48:00,0.46054653296477
2019-09-30 04:51:00,0.35171970163554533
2019-09-30 04:54:00,0.3159315820954589
2019-09-30 04:57:00,0.4083308070921703
2019-09-30 05:00:00,0.4137690599953885
2019-09-30 05:03:00,0.41538392291437276
2019-09-30 05:06:00,0.34913650473487223
2019-09-30 05:09:00,0.36944843684159423
2019-09-30 05:12:00,0.3751826750785767
2019-09-30 05:15:00,0.3320801880253157
2019-09-30 05:18:00,0.3537483065243805
2019-09-30 05:21:00,0.49701987839864614
2019-09-30 05:24:00,0.39963479651936495
2019-09-30 05:27:00,0.3935595925202051
2019-09-30 05:30:00,0.3251395402321009
2019-09-30 05:33:00,0.42811067296872807
2019-09-30 05:36:00,0.3836661913903754
2019-09-30 05:39:00,0.38437835134783427
2019-09-30 05:42:00,0.4083339762752871
2019-09-30 05:45:00,0.43730471790223646
2019-09-30 05:48:00,0.35607597574670535
2019-09-30 05:51:00,0.41038790567426986
2019-09-30 05:54:00,0.34736211130700667
2019-09-30 05:57:00,0.2951315600481621
2019-09-30 06:00:00,0.3147412614582663
2019-09-30 06:03:00,0.357326627126497
2019-09-30 06:06:00,0.3312931605519225
2019-09-30 06:09:00,0.38089668337318017
2019-09-30 06:12:00,0.37549493123646016
2019-09-30 06:15:00,0.3858375816159878
2019-09-30 06:18:00,0.3491574114917171
2019-09-30 06:21:00,0.3489196290062182
2019-09-30 06:24:00,0.24898033803435737
2019-09-30 06:27:00,0.2640773730634578
2019-09-30 06:30:00,0.3100476277537041
2019-09-30 06:33:00,0.3785128454648543
2019-09-30 06:36:00,0.3344355108287118
2019-09-30 06:39:00,0.23665326868467673
2019-09-30 06:42:00,0.3150930636879252
2019-09-30 06:45:00,0.29307397261948154
2019-09-30 06:48:00,0.3262529966639818
2019-09-30 06:51:00,0.31930818842226927
2019-09-30 06:54:00,0.37770522305947907
2019-09-30 06:57:00,0.37877493706281484
2019-09-30 07:00:00,0.26287446947446824
2019-09-30 07:03:00,0.29910917937678505
2019-09-30 07:06:00,0.3213948156665083
2019-09-30 07:09:00,0.39395842539335035
2019-09-30 07:12:00,0.4071495225117019
2019-09-30 07:15:00,0.38137584040379124
2019-09-30 07:18:00,0.29834903168142546
2019-09-30 07:21:00,0.3812609359924295
2019-09-30 07:24:00,0.4086801118943413
2019-09-30 07:27:00,0.4075596686878953
2019-09-30 07:30:00,0.41050777457741106
2019-09-30 07:33:00,0.4167293373577081
2019-09-30 07:36:00,0.35675167310967026
2019-09-30 07:39:00,0.36348284930147656
2019-09-30 07:42:00,0.4247962912573371
2019-09-30 07:45:00,0.4394969226769945
2019-09-30 07:48:00,0.3970574186653266
2019-09-30 07:51:00,0.4463824519892228
2019-09-30 07:54:00,0.37317209120533334
2019-09-30 07:57:00,0.28671056982796017
2019-09-30 08:00:00,0.4034433539361544
2019-09-30 08:03:00,0.4002029184399021
2019-09-30 08:06:00,0.21610176326356623
2019-09-30 08:09:00,0.33120076978383395
2019-09-30 08:12:00,0.2757393668537702
2019-09-30 08:15:00,0.4179421273844355
2019-09-30 08:18:00,0.33995824599179514
2019-09-30 08:21:00,0.3824750118611746
2019-09-30 08:24:00,0.37237921301266397
2019-09-30 08:27:00,0.2703880822590463
2019-09-30 08:30:00,0.2979150103361121
2019-09-30 08:33:00,0.2234920232877471
2019-09-30 08:36:00,0.3124916877694659
2019-09-30 08:39:00,0.23905322547511787
2019-09-30 08:42:00,0.22479075847661534
2019-09-30 08:45:00,0.31479238832127976
2019-09-30 08:48:00,0.24063376293690908
2019-09-30 08:51:00,0.1776894037880652
2019-09-30 08:54:00,0.21358269026148946
2019-09-30 08:57:00,0.18665728203569643
2019-09-30 09:00:00,0.22802161061758852
2019-09-30 09:03:00,0.13703081041688847
2019-09-30 09:06:00,0.16766477114367717
2019-09-30 09:09:00,0.17173480338226454
2019-09-30 09:12:00,0.22030450004314162
2019-09-30 09:15:00,0.14345767259328568
2019-09-30 09:18:00,0.21541001518721714
2019-09-30 09:21:00,0.09460550409414736
2019-09-30 09:24:00,0.11671065050762763
2019-09-30 09:27:00,0.09801812109753882
2019-09-30 09:30:00,0.06126384475936675
2019-09-30 09:33:00,0.12333535159319808
2019-09-30 09:36:00,0.058307133397818234
2019-09-30 09:39:00,0.12137328417793469
2019-09-30 09:42:00,0.21723975403534723
2019-09-30 09:45:00,0.008524604706678929
2019-09-30 09:48:00,0.007812150503468729
2019-09-30 09:51:00,0.12125398897018158
2019-09-30 09:54:00,0.05722060616159297
2019-09-30 09:57:00,0.13626617179136247
2019-09-30 10:00:00,0.06915340581616647
2019-09-30 10:03:00,0.07075560034763839
2019-09-30 10:06:00,0.03961933852713173
2019-09-30 10:09:00,0.006722885454450989
2019-09-30 10:12:00,-0.02894044520189709
2019-09-30 10:15:00,0.015974896972636543
2019-09-30 10:18:00,-0.1158032598955856
2019-09-30 10:21:00,-0.08375572132081288
2019-09-30 10:24:00,-0.12304527561707346
2019-09-30 10:27:00,-0.10381197915791063
2019-09-30 10:30:00,-0.046671950841471244
2019-09-30 10:33:00,-0.031239340991646714
2019-09-30 10:36:00,-0.03129189329729343
2019-09-30 10:39:00,0.022376913603295634
2019-09-30 10:42:00,-0.1045236961961109
2019-09-30 10:45:00,-0.06658147832638406
2019-09-30 10:48:00,-0.12338866653669811
2019-09-30 10:51:00,-0.07412705755712068
2019-09-30 10:54:00,-0.19745069779065716
2019-09-30 10:57:00,-0.1565233783652502
2019-09-30 11:00:00,-0.16243865573750327
2019-09-30 11:03:00,-0.08739427564722746
2019-09-30 11:06:00,-0.09531431081830988
2019-09-30 11:09:00,-0.18344497214286548
2019-09-30 11:12:00,-0.15058289185321883
2019-09-30 11:15:00,-0.1844819611544608
2019-09-30 11:18:00,-0.2156855485151823
2019-09-30 11:21:00,-0.14912753169107873
2019-09-30 11:24:00,-0.19182711526298135
2019-09-30 11:27:00,-0.22398367638703576
2019-09-30 11:30:00,-0.2533753422226823
2019-09-30 11:33:00,-0.22628437244947008
2019-09-30 11:36:00,-0.325132827755624
2019-09-30 11:39:00,-0.2576989616923129
2019-09-30 11:42:00,-0.4251808251734701
2019-09-30 11:45:00,-0.24860590257173953
2019-09-30 11:48:00,-0.37348464527696024
2019-09-30 11:51:00,-0.3914502183995978
2019-09-30 11:54:00,-0.310692563055909
2019-09-30 11:57:00,-0.3624330139188032
2019-09-30 12:00:00,-0.42135589652997396
2019-09-30 12:03:00,-0.35811010104384877
2019-09-30 12:06:00,-0.39305338858008554
2019-09-30 12:09:00,-0.4266485485802036
2019-09-30 12:12:00,-0.355517573374982
2019-09-30 12:15:00,-0.4167793930866992
2019-09-30 12:18:00,-0.3034414844500475
2019-09-30 12:21:00,-0.3878379783288324
2019-09-30 12:24:00,-0.36685077559684487
2019-09-30 12:27:00,-0.2842654095631474
2019-09-30 12:30:00,-0.19685377426282002
2019-09-30 12:33:00,-0.28076214115736775
2019-09-30 12:36:00,-0.36926370246624174
2019-09-30 12:39:00,-0.29491436729745146
2019-09-30 12:42:00,-0.41158823130615474
2019-09-30 12:45:00,-0.41215689731558314
2019-09-30 12:48:00,-0.3599877213457603
2019-09-30 12:51:00,-0.34246191678613513
2019-09-30 12:54:00,-0.35261838315511795
2019-09-30 12:57:00,-0.32972361432331354
2019-09-30 13:00:00,-0.4286115909009709
2019-09-30 13:03:00,-0.4392326696564055
2019-09-30 13:06:00,-0.4444516742153155
2019-09-30 13:09:00,-0.38217240827003707
2019-09-30 13:12:00,-0.4160692396501986
2019-09-30 13:15:00,-0.289366383256322
2019-09-30 13:18:00,-0.24654023221654597
2019-09-30 13:21:00,-0.16525388359139015
2019-09-30 13:24:00,-0.2504610216590777
2019-09-30 13:27:00,-0.21780428582604827
2019-09-30 13:30:00,-0.22656307380373164
2019-09-30 13:33:00,-0.2724198254114185
2019-09-30 13:36:00,-0.23388611882171517
2019-09-30 13:39:00,-0.3398611554548552
2019-09-30 13:42:00,-0.22046221666983
2019-09-30 13:45:00,-0.03248371414031226
2019-09-30 13:48:00,0.18021180519906466
2019-09-30 13:51:00,0.3005513907947943
2019-09-30 13:54:00,0.42253230987194
2019-09-30 13:57:00,0.3834766804674814
2019-09-30 14:00:00,0.47711457565930004
2019-09-30 14:03:00,0.568108901054984
2019-09-30 14:06:00,0.6508895581291085
2019-09-30 14:09:00,0.6657920419704055
2019-09-30 14:12:00,0.6291154625858439
2019-09-30 14:15:00,0.6841736975233061
2019-09-30 14:18:00,0.872690252613836
2019-09-30 14:21:00,0.8606719680947776
2019-09-30 14:24:00,0.8325002264683121
2019-09-30 14:27:00,0.7411928393885887
2019-09-30 14:30:00,0.7899442850838341
2019-09-30 14:33:00,0.7096157412006505
2019-09-30 14:36:00,0.6999433516820659
2019-09-30 14:39:00,0.4955123812696911
2019-09-30 14:42:00,0.3875801185636192
2019-09-30 14:45:00,0.40336725708999666
2019-09-30 14:48:00,0.29533304554445294
2019-09-30 14:51:00,0.28032336569225436
2019-09-30 14:54:00,0.2448230509156133
2019-09-30 14:57:00,0.3715910121328534
2019-09-30 15:00:00,0.29898848438671166
2019-09-30 15:03:00,0.25853524987013543
2019-09-30 15:06:00,0.34347994978259067
2019-09-30 15:09:00,0.33931374921780844
2019-09-30 15:12:00,0.34002954325183055
2019-09-30 15:15:00,0.3393795927460701
2019-09-30 15:18:00,0.4909425651105721
2019-09-30 15:21:00,0.3680480562690036
2019-09-30 15:24:00,0.4006461681748874
2019-09-30 15:27:00,0.30865633682941507
2019-09-30 15:30:00,0.4106851760996051
2019-09-30 15:33:00,0.4266452621728263
2019-09-30 15:36:00,0.40350908848137124
2019-09-30 15:39:00,0.2505654590854647
2019-09-30 15:42:00,0.3744076141411483
2019-09-30 15:45:00,0.41127192050549866
2019-09-30 15:48:00,0.3470624939063214
2019-09-30 15:51:00,0.30270417900862867
2019-09-30 15:54:00,0.42511389995462423
2019-09-30 15:57:00,0.3122864779974748
2019-09-30 16:00:00,0.27523975637888043
2019-09-30 16:03:00,0.287390533133248
2019-09-30 16:06:00,0.3417264342230055
2019-09-30 16:09:00,0.42491973567803143
2019-09-30 16:12:00,0.33718791127188297
2019-09-30 16:15:00,0.3145690611160603
2019-09-30 16:18:00,0.35518536955959235
2019-09-30 16:21:00,0.38227314616995045
2019-09-30 16:24:00,0.3437714564587395
2019-09-30 16:27:00,0.37490202711302345
2019-09-30 16:30:00,0.474048696985335
2019-09-30 16:33:00,0.6908636546829712
2019-09-30 16:36:00,0.6734825300217153
2019-09-30 16:39:00,0.7738135794965615
2019-09-30 16:42:00,0.6848954546395021
2019-09-30 16:45:00,0.36948157816715366
2019-09-30 16:48:00,0.3626992729436438
2019-09-30 16:51:00,0.3233248559912454
2019-09-30 16:54:00,0.18382391953934984
2019-09-30 16:57:00,0.2490808327582954
2019-09-30 17:00:00,0.2542743015991391
2019-09-30 17:03:00,0.3080607074209638
2019-09-30 17:06:00,0.3136755826969875
2019-09-30 17:09:00,0.33540925044627556
2019-09-30 17:12:00,0.34906149885608784
2019-09-30 17:15:00,0.3066743502051281
2019-09-30 17:18:00,0.37186580216075527
2019-09-30 17:21:00,0.45108981021445516
2019-09-30 17:24:00,0.3392527779428747
2019-09-30 17:27:00,0.28283395688112023
2019-09-30 17:30:00,0.3683508954200647
2019-09-30 17:33:00,0.34279262185015114
2019-09-30 17:36:00,0.3184393079962433
2019-09-30 17:39:00,0.30682466311873213
2019-09-30 17:42:00,0.4095543612767756
2019-09-30 17:45:00,0.3895524815985709
2019-09-30 17:48:00,0.31198638860621486
2019-09-30 17:51:00,0.33467220665130526
2019-09-30 17:54:00,0.3720223006307606
2019-09-30 17:57:00,0.32872114216473847
2019-09-30 18:00:00,0.30322879342554643
2019-09-30 18:03:00,0.25015062416622413
2019-09-30 18:06:00,0.30561921335464604
2019-09-30 18:09:00,0.29244587833858304
2019-09-30 18:12:00,0.33216239334990405
2019-09-30 18:15:00,0.35127209114858715
2019-09-30 18:18:00,0.2987349808475983
2019-09-30 18:21:00,0.23024778415708624
2019-09-30 18:24:00,0.3835578054408302
2019-09-30 18:27:00,0.2947047754696541
2019-09-30 18:30:00,0.32971832454660444
2019-09-30 18:33:00,0.26112865018649245
2019-09-30 18:36:00,0.26000942288976603
2019-09-30 18:39:00,0.27176233636572533
2019-09-30 18:42:00,0.30096118618399714
2019-09-30 18:45:00,0.21126938167947173
2019-09-30 18:48:00,0.23267596668790702
2019-09-30 18:51:00,0.26684060950543653
2019-09-30 18:54:00,
2019-09-30 18:57:00,
2019-09-30 19:00:00,
2019-09-30 19:03:00,0.3944871455113912
2019-09-30 19:06:00,0.24390377212102976
2019-09-30 19:09:00,0.21025593165916234
2019-09-30 19:12:00,0.23928552693928395
2019-09-30 19:15:00,0.27610043155118547
2019-09-30 19:18:00,0.21411050613522775
2019-09-30 19:21:00,0.2544941785646415
2019-09-30 19:24:00,0.20494432338824708
2019-09-30 19:27:00,0.253193248165303
2019-09-30 19:30:00,0.2722319575975689
2019-09-30 19:33:00,0.2762214144777886
2019-09-30 19:36:00,0.40685312806903084
2019-09-30 19:39:00,0.30481894805802767
2019-09-30 19:42:00,0.2877817463124188
2019-09-30 19:45:00,0.25940378909257333
2019-09-30 19:48:00,0.22038329881013397
2019-09-30 19:51:00,0.21030649190100803
2019-09-30 19:54:00,0.21896701794133833
2019-09-30 19:57:00,0.2807141417028447
2019-09-30 20:00:00,0.207831680044535
2019-09-30 20:03:00,0.2700064900305392
2019-09-30 20:06:00,0.21148126946440016
2019-09-30 20:09:00,0.3017785899515957
2019-09-30 20:12:00,0.19384779791852225
2019-09-30 20:15:00,0.2224507830852076
2019-09-30 20:18:00,0.24439866288474832
2019-09-30 20:21:00,0.29230727094989106
2019-09-30 20:24:00,0.2863242290731023
2019-09-30 20:27:00,0.28748309986264076
2019-09-30 20:30:00,0.30962461368557115
2019-09-30 20:33:00,0.3116591734386134
2019-09-30 20:36:00,0.27731253415475976
2019-09-30 20:39:00,0.4111422924213457
2019-09-30 20:42:00,0.2986115906025475
2019-09-30 20:45:00,0.3854210276109029
2019-09-30 20:48:00,0.40551388602153793
2019-09-30 20:51:00,0.40083772913664006
2019-09-30 20:54:00,0.4394899561198713
2019-09-30 20:57:00,0.5045957105117509
2019-09-30 21:00:00,0.4650813168770469
2019-09-30 21:03:00,0.4744785703273351
2019-09-30 21:06:00,0.44315857386129665
2019-09-30 21:09:00,0.41736817658170366
2019-09-30 21:12:00,0.38618166789092356
2019-09-30 21:15:00,0.4858780416443551
2019-09-30 21:18:00,0.416090407629099
2019-09-30 21:21:00,0.4071072922666872
2019-09-30 21:24:00,0.3493258781483064
2019-09-30 21:27:00,0.26528353229332424
2019-09-30 21:30:00,0.1241474727302716
2019-09-30 21:33:00,0.21949822039533728
2019-09-30 21:36:00,0.16806815493879412
2019-09-30 21:39:00,0.1548673794358706
2019-09-30 21:42:00,0.319129559480416
2019-09-30 21:45:00,0.3517295250024972
2019-09-30 21:48:00,0.33399140447608033
2019-09-30 21:51:00,0.46314438868091656
2019-09-30 21:54:00,0.4112637734053237
2019-09-30 21:57:00,0.4124684678719177
2019-09-30 22:00:00,0.4663066363303301
2019-09-30 22:03:00,0.42978780289570295
2019-09-30 22:06:00,0.45267492663441544
2019-09-30 22:09:00,0.4128439572594971
2019-09-30 22:12:00,0.4006282247794388
2019-09-30 22:15:00,0.38787014017947286
2019-09-30 22:18:00,0.4612599187470323
2019-09-30 22:21:00,0.5357337873396659
2019-09-30 22:24:00,0.47247153583094814
2019-09-30 22:27:00,0.4946639908042698
2019-09-30 22:30:00,0.4727808478715474
2019-09-30 22:33:00,0.5391932135127604
2019-09-30 22:36:00,0.6410841947493964
2019-09-30 22:39:00,0.49847274051330714
2019-09-30 22:42:00,0.5208853694030608
2019-09-30 22:45:00,0.49876885847550056
2019-09-30 22:48:00,0.509979283014161
2019-09-30 22:51:00,0.4882998400198062
2019-09-30 22:54:00,0.3267962066275345
2019-09-30 22:57:00,0.535785730535963
2019-09-30 23:00:00,0.428050898886454
2019-09-30 23:03:00,0.4422934865691559
2019-09-30 23:06:00,0.42211856914349255
2019-09-30 23:09:00,0.46120718676598926
2019-09-30 23:12:00,0.4181779330393738
2019-09-30 23:15:00,0.5049715857008437
2019-09-30 23:18:00,0.46391920457881497
2019-09-30 23:21:00,0.5392545752041542
2019-09-30 23:24:00,0.6735799594927698
2019-09-30 23:27:00,0.5793087101943115
2019-09-30 23:30:00,0.6196235152037843
2019-09-30 23:33:00,0.6532348353588304
2019-09-30 23:36:00,0.8055406942862646
2019-09-30 23:39:00,0.7466832933181422
2019-09-30 23:42:00,0.7769270187282018
2019-09-30 23:45:00,0.7314723911368901
2019-09-30 23:48:00,0.7981888639281465
2019-09-30 23:51:00,0.7131594180568186
2019-09-30 23:54:00,0.7387833904090257
2019-09-30 23:57:00,0.7485334684369604
2019-10-01 00:00:00,0.7703991270556116
2019-10-01 00:03:00,0.804381061452375
2019-10-01 00:06:00,0.7018497587858974
2019-10-01 00:09:00,0.750586334925174
2019-10-01 00:12:00,0.626631080882305
2019-10-01 00:15:00,0.6239016899682497
2019-10-01 00:18:00,0.6839869465694619
2019-10-01 00:21:00,0.4881662303468488
2019-10-01 00:24:00,0.654970054005048
2019-10-01 00:27:00,0.6526129406840937
2019-10-01 00:30:00,0.5823224822077577
2019-10-01 00:33:00,0.6429807507939813
2019-10-01 00:36:00,0.5599527881110475
2019-10-01 00:39:00,0.5659178634842874
2019-10-01 00:42:00,0.5326288542846669
2019-10-01 00:45:00,0.5713295815343713
2019-10-01 00:48:00,0.5930695146814173
2019-10-01 00:51:00,0.5552161855038094
2019-10-01 00:54:00,0.6426101574338645
2019-10-01 00:57:00,0.6902368991724757
2019-10-01 01:00:00,0.5774971104185624
2019-10-01 01:03:00,0.6555364086814848
2019-10-01 01:06:00,0.5402410869041887
2019-10-01 01:09:00,0.5191931822931792
2019-10-01 01:12:00,0.5776261868161328
2019-10-01 01:15:00,0.5975853132911766
2019-10-01 01:18:00,0.5836041810862298
2019-10-01 01:21:00,0.6081551205832056
2019-10-01 01:24:00,0.5937920708030902
2019-10-01 01:27:00,0.5696173045614614
2019-10-01 01:30:00,0.5850685755733593
2019-10-01 01:33:00,0.6002707754814764
2019-10-01 01:36:00,0.5419292663423221
2019-10-01 01:39:00,0.5551908956731495
2019-10-01 01:42:00,0.5097508167958722
2019-10-01 01:45:00,0.5481513363238832
2019-10-01 01:48:00,0.587695475818748
2019-10-01 01:51:00,0.5360863958537152
2019-10-01 01:54:00,0.639248138746666
2019-10-01 01:57:00,0.5395319440206663
2019-10-01 02:00:00,0.5923021497271748
2019-10-01 02:03:00,0.5958406794546249
2019-10-01 02:06:00,0.551091756042922
2019-10-01 02:09:00,0.5586408567367016
2019-10-01 02:12:00,0.513793764153263
2019-10-01 02:15:00,0.5435363673450411
2019-10-01 02:18:00,0.5914992729421442
2019-10-01 02:21:00,0.5300931816926777
2019-10-01 02:24:00,0.6155250657087663
2019-10-01 02:27:00,0.5162565194192439
2019-10-01 02:30:00,0.5370154891591028
2019-10-01 02:33:00,0.683635868018257
2019-10-01 02:36:00,0.5260054785620127
2019-10-01 02:39:00,0.5773331319554131
2019-10-01 02:42:00,0.5546256460210657
2019-10-01 02:45:00,0.5397030175776649
2019-10-01 02:48:00,0.6237325668689095
2019-10-01 02:51:00,0.6092298146622852
2019-10-01 02:54:00,0.5707476592058924
2019-10-01 02:57:00,0.6371136456864974
2019-10-01 03:00:00,0.593162513797381
2019-10-01 03:03:00,0.5545515051617258
2019-10-01 03:06:00,0.5560113534003222
2019-10-01 03:09:00,0.5107933254718091
2019-10-01 03:12:00,0.5569260998746017
2019-10-01 03:15:00,0.4544008311629
2019-10-01 03:18:00,0.5221541774906768
2019-10-01 03:21:00,0.6278769306991876
2019-10-01 03:24:00,0.5958134034709701
2019-10-01 03:27:00,0.5842476349000663
2019-10-01 03:30:00,0.6109963063939858
2019-10-01 03:33:00,0.5333609529728278
2019-10-01 03:36:00,0.5066088343797333
2019-10-01 03:39:00,0.6172451618709829
2019-10-01 03:42:00,0.5515392534671832
2019-10-01 03:45:00,0.49474219996346847
2019-10-01 03:48:00,0.4930708581318868
2019-10-01 03:51:00,0.5568378214211975
2019-10-01 03:54:00,0.536149769131498
2019-10-01 03:57:00,0.5588076718402135
2019-10-01 04:00:00,0.5704153488401857
2019-10-01 04:03:00,0.5292184747788156
2019-10-01 04:06:00,0.46498204184757697
2019-10-01 04:09:00,0.4735968708206997
2019-10-01 04:12:00,0.5459738325560579
2019-10-01 04:15:00,0.4817345757776934
2019-10-01 04:18:00,0.47075676577708236
2019-10-01 04:21:00,0.6192654379288456
2019-10-01 04:24:00,0.5675632338599712
2019-10-01 04:27:00,0.562924657395456
2019-10-01 04:30:00,0.5427632451329032
2019-10-01 04:33:00,0.5391614823469695
2019-10-01 04:36:00,0.5830037814350817
2019-10-01 04:39:00,0.49431660114487386
2019-10-01 04:42:00,0.5561309347194765
2019-10-01 04:45:00,0.5507362082736336
2019-10-01 04:48:00,0.5437401048685615
2019-10-01 04:51:00,0.6005335345739127
2019-10-01 04:54:00,0.5320628073021112
2019-10-01 04:57:00,0.5237792258764671
2019-10-01 05:00:00,0.5139289994049818
2019-10-01 05:03:00,0.4572755155824666
2019-10-01 05:06:00,0.48779037068339903
2019-10-01 05:09:00,0.5598051954297603
2019-10-01 05:12:00,0.563616608396103
2019-10-01 05:15:00,0.5414567286788383
2019-10-01 05:18:00,0.568069115300716
2019-10-01 05:21:00,0.5501171504917579
2019-10-01 05:24:00,0.4788398681039894
2019-10-01 05:27:00,0.5401051522950979
2019-10-01 05:30:00,0.5164694125630831
2019-10-01 05:33:00,0.5262018230054082
2019-10-01 05:36:00,0.5841098853443327
2019-10-01 05:39:00,0.47419660080129233
2019-10-01 05:42:00,0.495164555348083
2019-10-01 05:45:00,0.4213575170209083
2019-10-01 05:48:00,0.47767034251018003
2019-10-01 05:51:00,0.4996094445129984
2019-10-01 05:54:00,0.5495015583433656
2019-10-01 05:57:00,0.47707647463829517
2019-10-01 06:00:00,0.6050307575619627
2019-10-01 06:03:00,0.4874847253923349
2019-10-01 06:06:00,0.5346101906198442
2019-10-01 06:09:00,0.5320441434154759
2019-10-01 06:12:00,0.4985179538377338
2019-10-01 06:15:00,0.5544672763329004
2019-10-01 06:18:00,0.6046348579652658
2019-10-01 06:21:00,0.5008614427640623
2019-10-01 06:24:00,0.6305024526021725
2019-10-01 06:27:00,0.5688264678084352
2019-10-01 06:30:00,0.4438560970344838
2019-10-01 06:33:00,0.4783360973170261
2019-10-01 06:36:00,0.5494660468835377
2019-10-01 06:39:00,0.46835327075575606
2019-10-01 06:42:00,0.5590345081464534
2019-10-01 06:45:00,0.5222868645591916
2019-10-01 06:48:00,0.5215236777253835
2019-10-01 06:51:00,0.5322758960467695
2019-10-01 06:54:00,0.5617819913080666
2019-10-01 06:57:00,0.5391974859886091
2019-10-01 07:00:00,0.5503152879045388
2019-10-01 07:03:00,0.47599786645713493
2019-10-01 07:06:00,0.5121335971408598
2019-10-01 07:09:00,0.4385995106682685
2019-10-01 07:12:00,0.5601155295350395
2019-10-01 07:15:00,0.47291591573605274
2019-10-01 07:18:00,0.42685957248903605
2019-10-01 07:21:00,0.5548556492705075
2019-10-01 07:24:00,0.5251733113894375
2019-10-01 07:27:00,0.5310600101359455
2019-10-01 07:30:00,0.47671955156471313
2019-10-01 07:33:00,0.4930906781383442
2019-10-01 07:36:00,0.5423357273775196
2019-10-01 07:39:00,0.5012451047430773
2019-10-01 07:42:00,0.3543786798695123
2019-10-01 07:45:00,0.4645404445161603
2019-10-01 07:48:00,0.3382544837724595
2019-10-01 07:51:00,0.4589191634345866
2019-10-01 07:54:00,0.5293605987280898
2019-10-01 07:57:00,0.443224722313289
2019-10-01 08:00:00,0.47869001346793993
2019-10-01 08:03:00,0.5763453595864689
2019-10-01 08:06:00,0.4834873161627229
2019-10-01 08:09:00,0.38923280740817745
2019-10-01 08:12:00,0.3988486384762382
2019-10-01 08:15:00,0.41609608609036286
2019-10-01 08:18:00,0.4273194432032028
2019-10-01 08:21:00,0.34057607984379956
2019-10-01 08:24:00,0.4784762884675615
2019-10-01 08:27:00,0.38281429302872994
2019-10-01 08:30:00,0.40111493069127846
2019-10-01 08:33:00,0.43501676606086903
2019-10-01 08:36:00,0.4967177421102633
2019-10-01 08:39:00,0.3750422309155397
2019-10-01 08:42:00,0.43460472589174515
2019-10-01 08:45:00,0.4045202131240444
2019-10-01 08:48:00,0.42178121180762673
2019-10-01 08:51:00,0.38936224163251154
2019-10-01 08:54:00,0.3974389720132194
2019-10-01 08:57:00,0.43948158039933105
2019-10-01 09:00:00,0.410958356778508
2019-10-01 09:03:00,0.2960479628273447
2019-10-01 09:06:00,0.33546860599420825
2019-10-01 09:09:00,0.33485340220647686
2019-10-01 09:12:00,0.3651779527945678
2019-10-01 09:15:00,0.36535495140697094
2019-10-01 09:18:00,0.2537827310928833
2019-10-01 09:21:00,0.2927338132628847
2019-10-01 09:24:00,0.3206610938937047
2019-10-01 09:27:00,0.2733283976773464
2019-10-01 09:30:00,0.29287016681968225
2019-10-01 09:33:00,0.32654898933469667
2019-10-01 09:36:00,0.28369529324692166
2019-10-01 09:39:00,0.14759060520145795
2019-10-01 09:42:00,0.16175789691430964
2019-10-01 09:45:00,0.20434532643298553
2019-10-01 09:48:00,0.3209291879380771
2019-10-01 09:51:00,0.18644811229438574
2019-10-01 09:54:00,0.2419555819064385
2019-10-01 09:57:00,0.15205528248839073
2019-10-01 10:00:00,0.14295150239126997
2019-10-01 10:03:00,0.03692112982270146
2019-10-01 10:06:00,-0.02953736684287378
2019-10-01 10:09:00,0.004585778983539512
2019-10-01 10:12:00,0.05618346745626468
2019-10-01 10:15:00,-0.03511971470680919
2019-10-01 10:18:00,0.03268814108105289
2019-10-01 10:21:00,0.03474521064924829
2019-10-01 10:24:00,-0.04577094655064684
2019-10-01 10:27:00,-0.09816878818276109
2019-10-01 10:30:00,-0.0913760961120147
2019-10-01 10:33:00,-0.16156004514573397
2019-10-01 10:36:00,-0.2114720766468281
2019-10-01 10:39:00,-0.23723105046030923
2019-10-01 10:42:00,-0.17628404714588441
2019-10-01 10:45:00,-0.16681278530927557
2019-10-01 10:48:00,-0.15897546812027485
2019-10-01 10:51:00,-0.15080528040442687
2019-10-01 10:54:00,-0.3398069175541991
2019-10-01 10:57:00,-0.21614409849706817
2019-10-01 11:00:00,-0.17993685070621268
2019-10-01 11:03:00,-0.173432873036802
2019-10-01 11:06:00,-0.23247616908167856
2019-10-01 11:09:00,-0.14287100362901128
2019-10-01 11:12:00,-0.1899293182200381
2019-10-01 11:15:00,-0.19481712065635293
2019-10-01 11:18:00,-0.14302814348314996
2019-10-01 11:21:00,-0.06405663525919181
2019-10-01 11:24:00,-0.26313480532149924
2019-10-01 11:27:00,-0.24918414460785243
2019-10-01 11:30:00,-0.16013661365690268
2019-10-01 11:33:00,-0.26257366937682036
2019-10-01 11:36:00,-0.13405765161064664
2019-10-01 11:39:00,-0.27439980761607785
2019-10-01 11:42:00,-0.2468566779241428
2019-10-01 11:45:00,-0.20352877639533062
2019-10-01 11:48:00,-0.2386421803438452
2019-10-01 11:51:00,-0.20733436012460515
2019-10-01 11:54:00,-0.13644551107415737
2019-10-01 11:57:00,-0.18821834206647736
2019-10-01 12:00:00,-0.2411631559966736
2019-10-01 12:03:00,-0.16986223389557153
2019-10-01 12:06:00,-0.2583955277473251
2019-10-01 12:09:00,-0.1748874906318747
2019-10-01 12:12:00,-0.3374020019747377
2019-10-01 12:15:00,-0.23760334963765217
2019-10-01 12:18:00,-0.2910159366654739
2019-10-01 12:21:00,-0.3213708422572381
2019-10-01 12:24:00,-0.23580684432613452
2019-10-01 12:27:00,-0.2636160336245439
2019-10-01 12:30:00,-0.2672664643825442
2019-10-01 12:33:00,-0.39346487230983485
2019-10-01 12:36:00,-0.3354950804295527
2019-10-01 12:39:00,-0.23703760237111737
2019-10-01 12:42:00,-0.4590937475593364
2019-10-01 12:45:00,-0.29773299191003844
2019-10-01 12:48:00,-0.29424389474957025
2019-10-01 12:51:00,-0.2894447033986012
2019-10-01 12:54:00,-0.3162130847563276
2019-10-01 12:57:00,-0.3671308146836054
2019-10-01 13:00:00,-0.4637393235515219
2019-10-01 13:03:00,-0.27639616680284007
2019-10-01 13:06:00,-0.2618867414832948
2019-10-01 13:09:00,-0.12171552083617598
2019-10-01 13:12:00,-0.1877013633441038
2019-10-01 13:15:00,-0.45422212831880415
2019-10-01 13:18:00,-0.3848043660448752
2019-10-01 13:21:00,-0.345824983698094
2019-10-01 13:24:00,-0.33726340439835667
2019-10-01 13:27:00,-0.3048910544074488
2019-10-01 13:30:00,-0.3336399807684529
2019-10-01 13:33:00,-0.4015391918637192
2019-10-01 13:36:00,-0.3388814991577078
2019-10-01 13:39:00,-0.34502930557783884
2019-10-01 13:42:00,-0.4429728642672899
2019-10-01 13:45:00,-0.3963834667694073
2019-10-01 13:48:00,-0.37343658048229145
2019-10-01 13:51:00,-0.45461075117162864
2019-10-01 13:54:00,-0.3655654996201747
2019-10-01 13:57:00,-0.4436907392087619
2019-10-01 14:00:00,-0.4430629592008586
2019-10-01 14:03:00,-0.34704647187703586
2019-10-01 14:06:00,-0.35703345459825186
2019-10-01 14:09:00,-0.399624148775672
2019-10-01 14:12:00,-0.43744869741811954
2019-10-01 14:15:00,-0.34079628739675627
2019-10-01 14:18:00,-0.4713361832788223
2019-10-01 14:21:00,-0.38752792250443235
2019-10-01 14:24:00,-0.39742026015130705
2019-10-01 14:27:00,-0.3973308588087434
2019-10-01 14:30:00,-0.4332178182511939
2019-10-01 14:33:00,-0.36667859260040814
2019-10-01 14:36:00,-0.4500522126076021
2019-10-01 14:39:00,-0.32909691264489993
2019-10-01 14:42:00,-0.3636722338493996
2019-10-01 14:45:00,-0.3067541463442467
2019-10-01 14:48:00,-0.43251301203900994
2019-10-01 14:51:00,-0.32008945707758585
2019-10-01 14:54:00,-0.34384337782745433
2019-10-01 14:57:00,-0.32908480144624264
2019-10-01 15:00:00,-0.41054802445898986
2019-10-01 15:03:00,-0.40123002131718977
2019-10-01 15:06:00,-0.3705067044638781
2019-10-01 15:09:00,-0.3434777507224567
2019-10-01 15:12:00,-0.4699411873006625
2019-10-01 15:15:00,-0.47809956315813906
2019-10-01 15:18:00,-0.39008326947117666
2019-10-01 15:21:00,-0.3777685117879628
2019-10-01 15:24:00,-0.38129798871926823
2019-10-01 15:27:00,-0.42579508959283885
2019-10-01 15:30:00,-0.44617975632240814
2019-10-01 15:33:00,-0.4408477404462019
2019-10-01 15:36:00,-0.4118068862610471
2019-10-01 15:39:00,-0.43307871152364896
2019-10-01 15:42:00,-0.4701943111081732
2019-10-01 15:45:00,-0.38880022298968697
2019-10-01 15:48:00,-0.4138706561091112
2019-10-01 15:51:00,-0.4333398562952766
2019-10-01 15:54:00,-0.37788188817307855
2019-10-01 15:57:00,-0.5252703947081159
2019-10-01 16:00:00,-0.49864359053793805
2019-10-01 16:03:00,-0.5580687025740758
2019-10-01 16:06:00,-0.38347714417955103
2019-10-01 16:09:00,-0.4150401479046195
2019-10-01 16:12:00,-0.5356219259479076
2019-10-01 16:15:00,-0.4363836336385134
2019-10-01 16:18:00,-0.48814207664889864
2019-10-01 16:21:00,-0.4672695163375806
2019-10-01 16:24:00,-0.44075004501661397
2019-10-01 16:27:00,-0.4203889124050306
2019-10-01 16:30:00,-0.4433907351705102
2019-10-01 16:33:00,-0.40834050828914314
2019-10-01 16:36:00,-0.37319175183449715
2019-10-01 16:39:00,-0.33998950778135395
2019-10-01 16:42:00,-0.2734760550748092
2019-10-01 16:45:00,-0.30463052307578664
2019-10-01 16:48:00,-0.292626251790864
2019-10-01 16:51:00,-0.2780957997322844
2019-10-01 16:54:00,-0.2839353072733388
2019-10-01 16:57:00,-0.1632053271310383
2019-10-01 17:00:00,-0.14612306611405756
2019-10-01 17:03:00,-0.13016611364071196
2019-10-01 17:06:00,-0.14226681202495683
2019-10-01 17:09:00,-0.09478590141691257
2019-10-01 17:12:00,-0.05611636154281996
2019-10-01 17:15:00,-0.052090251367076235
2019-10-01 17:18:00,0.0037353760980636252
2019-10-01 17:21:00,0.11346024934897514
2019-10-01 17:24:00,0.030842764387841726
2019-10-01 17:27:00,0.0966703247901819
2019-10-01 17:30:00,0.14564198023998642
2019-10-01 17:33:00,0.12199281926473304
2019-10-01 17:36:00,0.07812437809423045
2019-10-01 17:39:00,0.2208649825915927
2019-10-01 17:42:00,0.4754220817857231
2019-10-01 17:45:00,0.3379926946831233
2019-10-01 17:48:00,0.1895767300330249
2019-10-01 17:51:00,0.22182733416497058
2019-10-01 17:54:00,0.21638516240813033
2019-10-01 17:57:00,0.24249526579745861
2019-10-01 18:00:00,0.08662136742663051
2019-10-01 18:03:00,0.10176736421351507
2019-10-01 18:06:00,0.10463865052594201
2019-10-01 18:09:00,0.11339433649345665
2019-10-01 18:12:00,0.07540072136748677
2019-10-01 18:15:00,0.0931227161948982
2019-10-01 18:18:00,-0.01564463600794852
2019-10-01 18:21:00,0.009361268448344617
2019-10-01 18:24:00,0.025716718914964076
2019-10-01 18:27:00,0.03648954897028034
2019-10-01 18:30:00,0.0970867716478665
2019-10-01 18:33:00,0.10453307845409654
2019-10-01 18:36:00,0.12220881891056479
2019-10-01 18:39:00,0.08526241190617156
2019-10-01 18:42:00,0.05090490702326633
2019-10-01 18:45:00,0.1630562046005366
2019-10-01 18:48:00,0.03145174793485239
2019-10-01 18:51:00,0.06397967374545033
2019-10-01 18:54:00,
2019-10-01 18:57:00,
2019-10-01 19:00:00,
2019-10-01 19:03:00,0.012643948099196223
2019-10-01 19:06:00,-0.06628813461651362
2019-10-01 19:09:00,0.08761361730944373
2019-10-01 19:12:00,0.053496232688530654
2019-10-01 19:15:00,-0.09472415898744657
2019-10-01 19:18:00,0.06245667091383211
2019-10-01 19:21:00,-0.0772461330541887
2019-10-01 19:24:00,-0.06221118392988956
2019-10-01 19:27:00,-0.003587096260105227
2019-10-01 19:30:00,-0.043065855369320616
2019-10-01 19:33:00,0.04745493707849846
2019-10-01 19:36:00,0.03774416359198085
2019-10-01 19:39:00,0.01122411436136872
2019-10-01 19:42:00,0.10155571301419286
2019-10-01 19:45:00,0.01616126436402965
2019-10-01 19:48:00,-0.03887743105923391
2019-10-01 19:51:00,0.03325544798150304
2019-10-01 19:54:00,0.16046730165277268
2019-10-01 19:57:00,0.03118373805580177
2019-10-01 20:00:00,0.10250575907332404
2019-10-01 20:03:00,0.07838802372015152
2019-10-01 20:06:00,0.16017662788556208
2019-10-01 20:09:00,0.13388002630506435
2019-10-01 20:12:00,0.16524922299765876
2019-10-01 20:15:00,-0.01775983527494418
2019-10-01 20:18:00,0.07747535506354097
2019-10-01 20:21:00,-0.003906663715667946
2019-10-01 20:24:00,0.09606690966967335
2019-10-01 20:27:00,0.016771620760152928
2019-10-01 20:30:00,0.06530862449648112
2019-10-01 20:33:00,0.08300732271624156
2019-10-01 20:36:00,0.1327008138491692
2019-10-01 20:39:00,0.13177315945597456
2019-10-01 20:42:00,0.029418555043605465
2019-10-01 20:45:00,0.10192161511162112
2019-10-01 20:48:00,0.10699871938504657
2019-10-01 20:51:00,0.0998796685072989
2019-10-01 20:54:00,0.09867546056102583
2019-10-01 20:57:00,0.1779725047190368
2019-10-01 21:00:00,0.056736973195768314
2019-10-01 21:03:00,0.1933639668660021
2019-10-01 21:06:00,0.13414131004532237
2019-10-01 21:09:00,0.28643059859786035
2019-10-01 21:12:00,0.14925138400030846
2019-10-01 21:15:00,0.2422311616911088
2019-10-01 21:18:00,0.1826172003929969
2019-10-01 21:21:00,0.029993437867062767
2019-10-01 21:24:00,0.12767206083691462
2019-10-01 21:27:00,0.21082204843304453
2019-10-01 21:30:00,0.12958263621305832
2019-10-01 21:33:00,0.11954484199122817
2019-10-01 21:36:00,0.17485009988388356
2019-10-01 21:39:00,0.16418599168076753
2019-10-01 21:42:00,0.1744216975171753
2019-10-01 21:45:00,0.14904136852112515
2019-10-01 21:48:00,0.07947180371240847
2019-10-01 21:51:00,0.16531775970895524
2019-10-01 21:54:00,0.18229636691341966
2019-10-01 21:57:00,0.1859453573921428
2019-10-01 22:00:00,0.2245448268501491
2019-10-01 22:03:00,0.20445888376133325
2019-10-01 22:06:00,0.17670888591595713
2019-10-01 22:09:00,0.06763151794308442
2019-10-01 22:12:00,0.06454763069962155
2019-10-01 22:15:00,0.10733264974726353
2019-10-01 22:18:00,0.19810566516258632
2019-10-01 22:21:00,0.15818871173286198
2019-10-01 22:24:00,0.0816956773963966
2019-10-01 22:27:00,0.16471743172053266
2019-10-01 22:30:00,0.27217491368747915
2019-10-01 22:33:00,0.28930154115732876
2019-10-01 22:36:00,0.13903650002441736
2019-10-01 22:39:00,0.24312890911676277
2019-10-01 22:42:00,0.20329702088167778
2019-10-01 22:45:00,0.1665047418163681
2019-10-01 22:48:00,0.2489112843975363
2019-10-01 22:51:00,0.15186328737246413
2019-10-01 22:54:00,0.11864528565376986
2019-10-01 22:57:00,0.24499822798520654
2019-10-01 23:00:00,0.2154956848502252
2019-10-01 23:03:00,0.20229608863121484
2019-10-01 23:06:00,0.21492464416894563
2019-10-01 23:09:00,0.22999095574880357
2019-10-01 23:12:00,0.21577895960928117
2019-10-01 23:15:00,0.20741923849459454
2019-10-01 23:18:00,0.21094019079305326
2019-10-01 23:21:00,0.27572363579429293
2019-10-01 23:24:00,0.1665565902774233
2019-10-01 23:27:00,0.29048314543814513
2019-10-01 23:30:00,0.28114968259484385
2019-10-01 23:33:00,0.20906870277320877
2019-10-01 23:36:00,0.24908005644238074
2019-10-01 23:39:00,0.2683483959163482
2019-10-01 23:42:00,0.19899722324237246
2019-10-01 23:45:00,0.190944050744406
2019-10-01 23:48:00,0.19866250062318613
2019-10-01 23:51:00,0.31037382812257874
2019-10-01 23:54:00,0.2502033294923649
2019-10-01 23:57:00,0.24736045219691505
2019-10-02 00:00:00,0.19694442185937078
2019-10-02 00:03:00,0.28371489142756445
2019-10-02 00:06:00,0.2849326607848184
2019-10-02 00:09:00,0.2458577923549683
2019-10-02 00:12:00,0.22099339592864453
2019-10-02 00:15:00,0.18988881539308977
2019-10-02 00:18:00,0.24314216780936704
2019-10-02 00:21:00,0.22136358601710526
2019-10-02 00:24:00,0.20235735398000543
2019-10-02 00:27:00,0.14410809919377243
2019-10-02 00:30:00,0.1553901968544551
2019-10-02 00:33:00,0.08443561515241527
2019-10-02 00:36:00,0.093391558896883
2019-10-02 00:39:00,0.007293754619297488
2019-10-02 00:42:00,0.0189045955218603
2019-10-02 00:45:00,0.07813991516792385
2019-10-02 00:48:00,0.12459906960009448
2019-10-02 00:51:00,0.11469485682846425
2019-10-02 00:54:00,0.26673014144563467
2019-10-02 00:57:00,0.16011778027507262
2019-10-02 01:00:00,0.1658176155159481
2019-10-02 01:03:00,0.11141484366970644
2019-10-02 01:06:00,0.16454956773799267
2019-10-02 01:09:00,0.22101744979249816
2019-10-02 01:12:00,0.18283814242823837
2019-10-02 01:15:00,0.19783088242081703
2019-10-02 01:18:00,0.08386684466211136
2019-10-02 01:21:00,0.2791716190878901
2019-10-02 01:24:00,0.14818185053945854
2019-10-02 01:27:00,0.09262924121219385
2019-10-02 01:30:00,0.18542751454634754
2019-10-02 01:33:00,0.16485637385335394
2019-10-02 01:36:00,0.08484414222698433
2019-10-02 01:39:00,0.15156358366033373
2019-10-02 01:42:00,0.12377230794083971
2019-10-02 01:45:00,0.06062942233955937
2019-10-02 01:48:00,0.1259076297388333
2019-10-02 01:51:00,0.15726227692567818
2019-10-02 01:54:00,0.14768081574635517
2019-10-02 01:57:00,0.1779596163173096
2019-10-02 02:00:00,0.03082038478589766
2019-10-02 02:03:00,0.09884642061564364
2019-10-02 02:06:00,0.11904662283984635
2019-10-02 02:09:00,0.12812896385491968
2019-10-02 02:12:00,0.07159494518640486
2019-10-02 02:15:00,0.11757289013928585
2019-10-02 02:18:00,0.15133938426760096
2019-10-02 02:21:00,0.22493031418912324
2019-10-02 02:24:00,0.1615468742739381
2019-10-02 02:27:00,0.20353310791915646
2019-10-02 02:30:00,0.31773932826450846
2019-10-02 02:33:00,0.23273325464657546
2019-10-02 02:36:00,0.19604235165468253
2019-10-02 02:39:00,0.21076997479207193
2019-10-02 02:42:00,0.28011551855223615
2019-10-02 02:45:00,0.35053219220412757
2019-10-02 02:48:00,0.26753835015853156
2019-10-02 02:51:00,0.3593125375399495
2019-10-02 02:54:00,0.2891709740031274
2019-10-02 02:57:00,0.26977834186004657
2019-10-02 03:00:00,0.2548561762548047
2019-10-02 03:03:00,0.26262583496304615
2019-10-02 03:06:00,0.26731362200087005
2019-10-02 03:09:00,0.18495110983593577
2019-10-02 03:12:00,0.24024124227156562
2019-10-02 03:15:00,0.1876040625958808
2019-10-02 03:18:00,0.20543729629321206
2019-10-02 03:21:00,0.2931926411521317
2019-10-02 03:24:00,0.27252637895878706
2019-10-02 03:27:00,0.2371997182576706
2019-10-02 03:30:00,0.3688375566067066
2019-10-02 03:33:00,0.23538902364754222
2019-10-02 03:36:00,0.3416736391203017
2019-10-02 03:39:00,0.2521381843810673
2019-10-02 03:42:00,0.35747118505361186
2019-10-02 03:45:00,0.23206403908852735
2019-10-02 03:48:00,0.22021887414405228
2019-10-02 03:51:00,0.26232028186473144
2019-10-02 03:54:00,0.3190660365246458
2019-10-02 03:57:00,0.2938422156883007
2019-10-02 04:00:00,0.3408127541252952
2019-10-02 04:03:00,0.2690581079923504
2019-10-02 04:06:00,0.25911615182167225
2019-10-02 04:09:00,0.33899740025754
2019-10-02 04:12:00,0.3029382214357952
2019-10-02 04:15:00,0.2644721572783624
2019-10-02 04:18:00,0.29782554593333543
2019-10-02 04:21:00,0.32171513040805166
2019-10-02 04:24:00,0.36360997559745556
2019-10-02 04:27:00,0.35119136120266603
2019-10-02 04:30:00,0.28396262833047103
2019-10-02 04:33:00,0.3427627270343123
2019-10-02 04:36:00,0.2953236126899128
2019-10-02 04:39:00,0.3854042752291207
2019-10-02 04:42:00,0.4095919158319248
2019-10-02 04:45:00,0.35689580077161054
2019-10-02 04:48:00,0.3672184583970761
2019-10-02 04:51:00,0.3665957342636261
2019-10-02 04:54:00,0.38127731600184234
2019-10-02 04:57:00,0.4087261402110016
2019-10-02 05:00:00,0.3512602135940597
2019-10-02 05:03:00,0.36149025590140127
2019-10-02 05:06:00,0.33904606459486786
2019-10-02 05:09:00,0.3495780341825139
2019-10-02 05:12:00,0.2989964609427034
2019-10-02 05:15:00,0.3491240919615848
2019-10-02 05:18:00,0.3847751471362244
2019-10-02 05:21:00,0.2651600739574178
2019-10-02 05:24:00,0.2556397028526476
2019-10-02 05:27:00,0.29812844382934145
2019-10-02 05:30:00,0.3761303399115832
2019-10-02 05:33:00,0.2879362452666214
2019-10-02 05:36:00,0.2746291815589643
2019-10-02 05:39:00,0.25301950698235487
2019-10-02 05:42:00,0.3256894457890098
2019-10-02 05:45:00,0.3184081849537961
2019-10-02 05:48:00,0.28250485687232185
2019-10-02 05:51:00,0.2735322631162944
2019-10-02 05:54:00,0.28001802793022534
2019-10-02 05:57:00,0.3075701729649154
2019-10-02 06:00:00,0.28487774192132065
2019-10-02 06:03:00,0.3126949052413579
2019-10-02 06:06:00,0.38779042512584283
2019-10-02 06:09:00,0.4014496948707915
2019-10-02 06:12:00,0.3642629967998232
2019-10-02 06:15:00,0.41057689309798207
2019-10-02 06:18:00,0.33533768439775713
2019-10-02 06:21:00,0.38761351414819956
2019-10-02 06:24:00,0.35472972437946737
2019-10-02 06:27:00,0.2947850976370887
2019-10-02 06:30:00,0.36525942435179104
2019-10-02 06:33:00,0.35571185556017326
2019-10-02 06:36:00,0.41290186955717445
2019-10-02 06:39:00,0.43184084371415565
2019-10-02 06:42:00,0.4747368179054092
2019-10-02 06:45:00,0.4419709588661931
2019-10-02 06:48:00,0.41694472720843123
2019-10-02 06:51:00,0.3987217443663553
2019-10-02 06:54:00,0.42897946999931946
2019-10-02 06:57:00,0.4367930266863027
2019-10-02 07:00:00,0.4072249255972906
2019-10-02 07:03:00,0.35239242312701435
2019-10-02 07:06:00,0.3308639166402827
2019-10-02 07:09:00,0.38280199679167026
2019-10-02 07:12:00,0.3301287194569227
2019-10-02 07:15:00,0.3053770260975739
2019-10-02 07:18:00,0.3425425660387873
2019-10-02 07:21:00,0.28948374885169414
2019-10-02 07:24:00,0.47685566997103024
2019-10-02 07:27:00,0.34220603216596146
2019-10-02 07:30:00,0.22075941493477558
2019-10-02 07:33:00,0.34156010711461704
2019-10-02 07:36:00,0.3401963997073949
2019-10-02 07:39:00,0.3419588750010121
2019-10-02 07:42:00,0.3770462764140916
2019-10-02 07:45:00,0.2669811093725798
2019-10-02 07:48:00,0.3136553417864434
2019-10-02 07:51:00,0.17284212004625488
2019-10-02 07:54:00,0.33082244255462
2019-10-02 07:57:00,0.3432157488068128
2019-10-02 08:00:00,0.2762037250154208
2019-10-02 08:03:00,0.22221689525025567
2019-10-02 08:06:00,0.2135428890397293
2019-10-02 08:09:00,0.20017130232434965
2019-10-02 08:12:00,0.1928637047093389
2019-10-02 08:15:00,0.28218780840552427
2019-10-02 08:18:00,0.21477938495706894
2019-10-02 08:21:00,0.29758836643327413
2019-10-02 08:24:00,0.12036148084962406
2019-10-02 08:27:00,0.15716532893935664
2019-10-02 08:30:00,0.20205646071133287
2019-10-02 08:33:00,0.18933768993537115
2019-10-02 08:36:00,0.16221700364275193
2019-10-02 08:39:00,0.2316435752964594
2019-10-02 08:42:00,0.15416431777771322
2019-10-02 08:45:00,0.1453076472300836
2019-10-02 08:48:00,0.11098178130134784
2019-10-02 08:51:00,0.10018204166618716
2019-10-02 08:54:00,0.08195586786280273
2019-10-02 08:57:00,0.1530942449174404
2019-10-02 09:00:00,0.15930290303646188
2019-10-02 09:03:00,-0.016040779600984933
2019-10-02 09:06:00,-0.04819523878995824
2019-10-02 09:09:00,0.03374406547033004
2019-10-02 09:12:00,0.022387782996304395
2019-10-02 09:15:00,0.0911471292934607
2019-10-02 09:18:00,0.13949267089975592
2019-10-02 09:21:00,0.06332200053526549
2019-10-02 09:24:00,-0.026147292677308087
2019-10-02 09:27:00,0.020151179797778696
2019-10-02 09:30:00,-0.006092379850940688
2019-10-02 09:33:00,0.016011494010740535
2019-10-02 09:36:00,0.07122412472051565
2019-10-02 09:39:00,0.014457146312452096
2019-10-02 09:42:00,0.04618356723062789
2019-10-02 09:45:00,0.011094156048557124
2019-10-02 09:48:00,0.041020547427592646
2019-10-02 09:51:00,0.026845230471963077
2019-10-02 09:54:00,0.027948882120369944
2019-10-02 09:57:00,0.062408120707857506
2019-10-02 10:00:00,0.0492786354309942
2019-10-02 10:03:00,0.11052918456510952
2019-10-02 10:06:00,0.08559601950219076
2019-10-02 10:09:00,0.14090504662544845
2019-10-02 10:12:00,0.012936824504265587
2019-10-02 10:15:00,0.08710680958517969
2019-10-02 10:18:00,-0.04786195927863446
2019-10-02 10:21:00,-0.00838004994449193
2019-10-02 10:24:00,0.022228299117386996
2019-10-02 10:27:00,0.054074313064688795
2019-10-02 10:30:00,-0.037721360172952245
2019-10-02 10:33:00,-0.09298721425847134
2019-10-02 10:36:00,-0.06625597017000473
2019-10-02 10:39:00,-0.08125062340212708
2019-10-02 10:42:00,0.0019764776000101847
2019-10-02 10:45:00,-0.005231543908053027
2019-10-02 10:48:00,0.033632479228913326
2019-10-02 10:51:00,-0.14264579212522221
2019-10-02 10:54:00,-0.07979898442067679
2019-10-02 10:57:00,-0.1272470938994843
2019-10-02 11:00:00,-0.1565056358045922
2019-10-02 11:03:00,-0.09009909247868109
2019-10-02 11:06:00,-0.11181127638747057
2019-10-02 11:09:00,-0.13430157725554182
2019-10-02 11:12:00,-0.09741940169743657
2019-10-02 11:15:00,-0.1157682973523606
2019-10-02 11:18:00,-0.09171013934758321
2019-10-02 11:21:00,-0.10114318955726276
2019-10-02 11:24:00,-0.2085988316574685
2019-10-02 11:27:00,-0.11458244403530671
2019-10-02 11:30:00,-0.07541311400325412
2019-10-02 11:33:00,-0.106126100857864
2019-10-02 11:36:00,-0.07442108490590726
2019-10-02 11:39:00,0.08885084318126246
2019-10-02 11:42:00,0.10383380878272419
2019-10-02 11:45:00,0.12797145357717454
2019-10-02 11:48:00,0.0507876870182713
2019-10-02 11:51:00,0.2126227319266718
2019-10-02 11:54:00,0.13534969546930142
2019-10-02 11:57:00,0.06463000614735392
2019-10-02 12:00:00,0.06236376807407851
2019-10-02 12:03:00,0.049924789175861406
2019-10-02 12:06:00,-0.1680601044258765
2019-10-02 12:09:00,-0.11188466498504113
2019-10-02 12:12:00,-0.12505084451828452
2019-10-02 12:15:00,-0.14025139155330635
2019-10-02 12:18:00,-0.156828714176811
2019-10-02 12:21:00,-0.10337350621460928
2019-10-02 12:24:00,-0.17644557810979222
2019-10-02 12:27:00,-0.23150206200477896
2019-10-02 12:30:00,-0.1671504822441534
2019-10-02 12:33:00,-0.1816299518420692
2019-10-02 12:36:00,-0.054986103974670186
2019-10-02 12:39:00,-0.17512468399900172
2019-10-02 12:42:00,-0.08651717587969188
2019-10-02 12:45:00,-0.20508090111491128
2019-10-02 12:48:00,-0.15628404827714348
2019-10-02 12:51:00,-0.317349320542462
2019-10-02 12:54:00,-0.23393174225549274
2019-10-02 12:57:00,-0.21527433254806283
2019-10-02 13:00:00,-0.16334826429192617
2019-10-02 13:03:00,-0.23194157489837153
2019-10-02 13:06:00,-0.24321373500714571
2019-10-02 13:09:00,-0.18743353157532283
2019-10-02 13:12:00,-0.10534481989247979
2019-10-02 13:15:00,-0.12451505544112251
2019-10-02 13:18:00,-0.25565377607586015
2019-10-02 13:21:00,-0.2415680836587626
2019-10-02 13:24:00,-0.22165254007995827
2019-10-02 13:27:00,-0.2631453728647557
2019-10-02 13:30:00,-0.2688517634379082
2019-10-02 13:33:00,-0.2549181191522507
2019-10-02 13:36:00,-0.2292669736565358
2019-10-02 13:39:00,-0.16696820399278067
2019-10-02 13:42:00,-0.17117799321221128
2019-10-02 13:45:00,-0.2306205165153301
2019-10-02 13:48:00,-0.2049137880360945
2019-10-02 13:51:00,-0.22372595958177044
2019-10-02 13:54:00,-0.3683574394435709
2019-10-02 13:57:00,-0.31295713157919636
2019-10-02 14:00:00,-0.28010993133239026
2019-10-02 14:03:00,-0.24571863121849447
2019-10-02 14:06:00,-0.3221169113676865
2019-10-02 14:09:00,-0.3021923679852989
2019-10-02 14:12:00,-0.3605176545239033
2019-10-02 14:15:00,-0.2840197149648702
2019-10-02 14:18:00,-0.3278889527293245
2019-10-02 14:21:00,-0.3126630088675597
2019-10-02 14:24:00,-0.40620212687053936
2019-10-02 14:27:00,-0.36705119171119804
2019-10-02 14:30:00,-0.2316591284222227
2019-10-02 14:33:00,-0.3317016026405213
2019-10-02 14:36:00,-0.36729085118281546
2019-10-02 14:39:00,-0.3228298930585538
2019-10-02 14:42:00,-0.24176595901610654
2019-10-02 14:45:00,-0.3611585736335883
2019-10-02 14:48:00,-0.336031144101014
2019-10-02 14:51:00,-0.3528172536102261
2019-10-02 14:54:00,-0.17916883889216706
2019-10-02 14:57:00,-0.13339135313208317
2019-10-02 15:00:00,-0.0009564241202610901
2019-10-02 15:03:00,-0.11611749388572434
2019-10-02 15:06:00,-0.04510748258127251
2019-10-02 15:09:00,-0.06194053931176313
2019-10-02 15:12:00,0.002326955930641361
2019-10-02 15:15:00,-0.07653644360800627
2019-10-02 15:18:00,-0.12228290018214238
2019-10-02 15:21:00,-0.07236640998843313
2019-10-02 15:24:00,-0.1449986080978647
2019-10-02 15:27:00,-0.08177796319466779
2019-10-02 15:30:00,-0.09901852722515514
2019-10-02 15:33:00,-0.11459618717208286
2019-10-02 15:36:00,-0.12420507323412266
2019-10-02 15:39:00,-0.11296203413786543
2019-10-02 15:42:00,-0.07661876850244198
2019-10-02 15:45:00,-0.06557192772135068
2019-10-02 15:48:00,-0.07910226606833248
2019-10-02 15:51:00,-0.06418746381882556
2019-10-02 15:54:00,-0.055541948136237806
2019-10-02 15:57:00,-0.02871004963373025
2019-10-02 16:00:00,-0.09290254317579638
2019-10-02 16:03:00,-0.09392071415237524
2019-10-02 16:06:00,-0.12410798547836066
2019-10-02 16:09:00,-0.05459574997718164
2019-10-02 16:12:00,-0.030161876688907796
2019-10-02 16:15:00,-0.07012387164002121
2019-10-02 16:18:00,-0.18564304445146718
2019-10-02 16:21:00,0.019938894782058014
2019-10-02 16:24:00,-0.02915869976789054
2019-10-02 16:27:00,-0.08405028425596583
2019-10-02 16:30:00,-0.06580456817772529
2019-10-02 16:33:00,-0.03352275078754019
2019-10-02 16:36:00,-0.06825126076074639
2019-10-02 16:39:00,0.021236944799454704
2019-10-02 16:42:00,0.06917090971734297
2019-10-02 16:45:00,-0.006020402189506058
2019-10-02 16:48:00,-0.007385569676046089
2019-10-02 16:51:00,0.014008800860949577
2019-10-02 16:54:00,0.04698917411542425
2019-10-02 16:57:00,0.034424390134859095
2019-10-02 17:00:00,0.1578078919728796
2019-10-02 17:03:00,0.10758853018865011
2019-10-02 17:06:00,0.13321810235464682
2019-10-02 17:09:00,0.27296897235180495
2019-10-02 17:12:00,0.11218413980520836
2019-10-02 17:15:00,0.24461154154744236
2019-10-02 17:18:00,0.13281932706843236
2019-10-02 17:21:00,0.3174694696323854
2019-10-02 17:24:00,0.4558716253806665
2019-10-02 17:27:00,0.39637233183873377
2019-10-02 17:30:00,0.37238366462372596
2019-10-02 17:33:00,0.14306144156205391
2019-10-02 17:36:00,0.22741181860448023
2019-10-02 17:39:00,0.1059368036790147
2019-10-02 17:42:00,0.1432836627129177
2019-10-02 17:45:00,0.030967762493162354
2019-10-02 17:48:00,0.04784021155393248
2019-10-02 17:51:00,0.05781230765694545
2019-10-02 17:54:00,0.18849801892054074
2019-10-02 17:57:00,0.1333738567503815
2019-10-02 18:00:00,0.16856426696341487
2019-10-02 18:03:00,0.12739089927475788
2019-10-02 18:06:00,0.03871221219628751
2019-10-02 18:09:00,0.1432800766881428
2019-10-02 18:12:00,-0.0166081882627509
2019-10-02 18:15:00,0.09120123960252613
2019-10-02 18:18:00,0.1285938819262924
2019-10-02 18:21:00,0.10782857745965657
2019-10-02 18:24:00,0.11460979302853502
2019-10-02 18:27:00,0.0892769305334582
2019-10-02 18:30:00,0.08056245075977131
2019-10-02 18:33:00,-0.01737983952313016
2019-10-02 18:36:00,0.022982894454514735
2019-10-02 18:39:00,-0.004741889081003592
2019-10-02 18:42:00,0.08928935345238642
2019-10-02 18:45:00,0.029631226671085642
2019-10-02 18:48:00,0.041844598972886615
2019-10-02 18:51:00,0.10258051245023125
2019-10-02 18:54:00,
2019-10-02 18:57:00,
2019-10-02 19:00:00,
2019-10-02 19:03:00,0.05655718261181164
2019-10-02 19:06:00,0.11066894413966111
2019-10-02 19:09:00,0.07682115899183373
2019-10-02 19:12:00,0.002935828838985799
2019-10-02 19:15:00,0.11295418392063539
2019-10-02 19:18:00,0.27153419614654695
2019-10-02 19:21:00,0.22507764102692818
2019-10-02 19:24:00,0.1786170438994077
2019-10-02 19:27:00,0.15585370656833675
2019-10-02 19:30:00,0.15529563026768756
2019-10-02 19:33:00,0.15237662673195018
2019-10-02 19:36:00,0.02585745175355214
2019-10-02 19:39:00,0.049858068980086045
2019-10-02 19:42:00,0.0538241689786787
2019-10-02 19:45:00,0.06394609485755609
2019-10-02 19:48:00,0.12808536449261965
2019-10-02 19:51:00,0.05270837497704406
2019-10-02 19:54:00,0.006144270292566034
2019-10-02 19:57:00,0.09227903741015098
2019-10-02 20:00:00,0.1349483372425766
2019-10-02 20:03:00,0.007015463548327716
2019-10-02 20:06:00,0.00427673010426588
2019-10-02 20:09:00,0.06563110979772091
2019-10-02 20:12:00,0.14029017793558296
2019-10-02 20:15:00,0.03877257229726183
2019-10-02 20:18:00,0.22146383437694794
2019-10-02 20:21:00,0.1671378954862348
2019-10-02 20:24:00,0.05962393628635709
2019-10-02 20:27:00,0.1962207583756026
2019-10-02 20:30:00,0.10209410984430178
2019-10-02 20:33:00,0.18041909603005024
2019-10-02 20:36:00,0.08579024060242091
2019-10-02 20:39:00,0.15708754587757312
2019-10-02 20:42:00,0.14680734021192166
2019-10-02 20:45:00,0.14558133726654887
2019-10-02 20:48:00,0.15044164882368705
2019-10-02 20:51:00,0.04665277622666508
2019-10-02 20:54:00,0.08843667972359981
2019-10-02 20:57:00,0.1470425839409586
2019-10-02 21:00:00,0.08831480790189516
2019-10-02 21:03:00,0.1496530889675114
2019-10-02 21:06:00,0.08531738161894964
2019-10-02 21:09:00,0.12560199554667406
2019-10-02 21:12:00,0.08587957697199045
2019-10-02 21:15:00,0.16869869819413452
2019-10-02 21:18:00,0.17911374259756485
2019-10-02 21:21:00,0.13858969688527623
2019-10-02 21:24:00,0.1609698162820905
2019-10-02 21:27:00,0.24839233193858945
2019-10-02 21:30:00,0.19734818375263785
2019-10-02 21:33:00,0.18064563870098027
2019-10-02 21:36:00,0.15236750477015448
2019-10-02 21:39:00,0.1797962684331651
2019-10-02 21:42:00,0.12122631834040476
2019-10-02 21:45:00,0.13168658189073312
2019-10-02 21:48:00,0.1502525071248897
2019-10-02 21:51:00,0.13694425391952336
2019-10-02 21:54:00,0.15976026632847606
2019-10-02 21:57:00,0.19530353898858266
2019-10-02 22:00:00,0.22203309773095725
2019-10-02 22:03:00,0.2637005964897412
2019-10-02 22:06:00,0.26665911343707194
2019-10-02 22:09:00,0.20776171575948865
2019-10-02 22:12:00,0.22051055522217666
2019-10-02 22:15:00,0.26174681861851923
2019-10-02 22:18:00,0.20658677092166045
2019-10-02 22:21:00,0.15590495298312135
2019-10-02 22:24:00,0.2280442400557945
2019-10-02 22:27:00,0.18719983061942003
2019-10-02 22:30:00,0.1945090550535724
2019-10-02 22:33:00,0.24233314645073278
2019-10-02 22:36:00,0.17007135201544088
2019-10-02 22:39:00,0.23561816373234024
2019-10-02 22:42:00,0.2795840490691148
2019-10-02 22:45:00,0.2233572933830601
2019-10-02 22:48:00,0.236399729932657
2019-10-02 22:51:00,0.2614853047683141
2019-10-02 22:54:00,0.22073283948395783
2019-10-02 22:57:00,0.1760892428818579
2019-10-02 23:00:00,0.2051427823070071
2019-10-02 23:03:00,0.17565197453762948
2019-10-02 23:06:00,0.2432634288157942
2019-10-02 23:09:00,0.34560840496141054
2019-10-02 23:12:00,0.2678950090733565
2019-10-02 23:15:00,0.2923212265097277
2019-10-02 23:18:00,0.3027846255833424
2019-10-02 23:21:00,0.2980513635808961
2019-10-02 23:24:00,0.3068654306823646
2019-10-02 23:27:00,0.19788562678616017
2019-10-02 23:30:00,0.23381671096115042
2019-10-02 23:33:00,0.21908544616729841
2019-10-02 23:36:00,0.1896800956635616
2019-10-02 23:39:00,0.20102461554705542
2019-10-02 23:42:00,0.2284160487030249
2019-10-02 23:45:00,0.28133509440300486
2019-10-02 23:48:00,0.1751103935295646
2019-10-02 23:51:00,0.2440838747268117
2019-10-02 23:54:00,0.242776952039776
2019-10-02 23:57:00,0.2902518173948465
2019-10-03 00:00:00,0.25558357605353876
2019-10-03 00:03:00,0.2618732981679841
2019-10-03 00:06:00,0.2638947566710499
2019-10-03 00:09:00,0.3070892603377047
2019-10-03 00:12:00,0.28401613746410703
2019-10-03 00:15:00,0.32964063596551796
2019-10-03 00:18:00,0.2202746741895112
2019-10-03 00:21:00,0.38726447883578885
2019-10-03 00:24:00,0.3023807471378177
2019-10-03 00:27:00,0.32557581479943565
2019-10-03 00:30:00,0.34369591476200867
2019-10-03 00:33:00,0.3151662459997624
2019-10-03 00:36:00,0.3984147798252593
2019-10-03 00:39:00,0.26154622387184645
2019-10-03 00:42:00,0.3346930390380294
2019-10-03 00:45:00,0.26265894581814564
2019-10-03 00:48:00,0.20046778396590526
2019-10-03 00:51:00,0.253849011001023
2019-10-03 00:54:00,0.24744896878740974
2019-10-03 00:57:00,0.3290174792957714
2019-10-03 01:00:00,0.26535443613028065
2019-10-03 01:03:00,0.24418016829923772
2019-10-03 01:06:00,0.1780858352773862
2019-10-03 01:09:00,0.2157048429797328
2019-10-03 01:12:00,0.18466555054430955
2019-10-03 01:15:00,0.21578825117785527
2019-10-03 01:18:00,0.24704645325476804
2019-10-03 01:21:00,0.17421682860805277
2019-10-03 01:24:00,0.1930330185041953
2019-10-03 01:27:00,0.26758050426866475
2019-10-03 01:30:00,0.2263471393872578
2019-10-03 01:33:00,0.2585030913497235
2019-10-03 01:36:00,0.26548218943543134
2019-10-03 01:39:00,0.2370602896948526
2019-10-03 01:42:00,0.21606414210538105
2019-10-03 01:45:00,0.21369707587695075
2019-10-03 01:48:00,0.19522595902850526
2019-10-03 01:51:00,0.17267221656959464
2019-10-03 01:54:00,0.28346664839273217
2019-10-03 01:57:00,0.2770121076036389
2019-10-03 02:00:00,0.2220921684523205
2019-10-03 02:03:00,0.19876593791633468
2019-10-03 02:06:00,0.2238893040124026
2019-10-03 02:09:00,0.2131814273911914
2019-10-03 02:12:00,0.26129185236902686
2019-10-03 02:15:00,0.32304332881693654
2019-10-03 02:18:00,0.3541749271284971
2019-10-03 02:21:00,0.32292985537452523
2019-10-03 02:24:00,0.29781863175480794
2019-10-03 02:27:00,0.256465475964319
2019-10-03 02:30:00,0.2891782015746571
2019-10-03 02:33:00,0.19399432633753122
2019-10-03 02:36:00,0.5811462261298743
2019-10-03 02:39:00,0.6278973957143421
2019-10-03 02:42:00,0.602662483722554
2019-10-03 02:45:00,0.3467190941228182
2019-10-03 02:48:00,0.550652607132065
2019-10-03 02:51:00,0.4248845251744342
2019-10-03 02:54:00,0.5191282418018659
2019-10-03 02:57:00,0.4818427201760187
2019-10-03 03:00:00,0.40341868266716574
2019-10-03 03:03:00,0.28177649955227935
2019-10-03 03:06:00,0.397894840140566
2019-10-03 03:09:00,0.40427634621374864
2019-10-03 03:12:00,0.34891480846965806
2019-10-03 03:15:00,0.41895913034608157
2019-10-03 03:18:00,0.33841471696558756
2019-10-03 03:21:00,0.3458035862236102
2019-10-03 03:24:00,0.4893021535766593
2019-10-03 03:27:00,0.4967652417302588
2019-10-03 03:30:00,0.3919768629166924
2019-10-03 03:33:00,0.3768863515059593
2019-10-03 03:36:00,0.3663532196537176
2019-10-03 03:39:00,0.3135400018360315
2019-10-03 03:42:00,0.25731146827502016
2019-10-03 03:45:00,0.36262904641807836
2019-10-03 03:48:00,0.2970849747804323
2019-10-03 03:51:00,0.21752888963112582
2019-10-03 03:54:00,0.326101842261437
2019-10-03 03:57:00,0.4033143540938795
2019-10-03 04:00:00,0.25927168148183455
2019-10-03 04:03:00,0.3625340399849506
2019-10-03 04:06:00,0.35481771896098735
2019-10-03 04:09:00,0.34411264122593366
2019-10-03 04:12:00,0.40713165715760624
2019-10-03 04:15:00,0.3705564469818796
2019-10-03 04:18:00,0.3332276103103027
2019-10-03 04:21:00,0.4042241338745498
2019-10-03 04:24:00,0.2793250471096371
2019-10-03 04:27:00,0.303834618284327
2019-10-03 04:30:00,0.2642021290244543
2019-10-03 04:33:00,0.3625713949183478
2019-10-03 04:36:00,0.3312447148607589
2019-10-03 04:39:00,0.30554116252119456
2019-10-03 04:42:00,0.3261058861321544
2019-10-03 04:45:00,0.38771721978434925
2019-10-03 04:48:00,0.3989387678091134
2019-10-03 04:51:00,0.42548983873888346
2019-10-03 04:54:00,0.3934482488541562
2019-10-03 04:57:00,0.4606150682138832
2019-10-03 05:00:00,0.3379551300295702
2019-10-03 05:03:00,0.36247217227679585
2019-10-03 05:06:00,0.47891701321475466
2019-10-03 05:09:00,0.35976866084570247
2019-10-03 05:12:00,0.4164206854360941
2019-10-03 05:15:00,0.36771205739239576
2019-10-03 05:18:00,0.3748667013540512
2019-10-03 05:21:00,0.3794349957821055
2019-10-03 05:24:00,0.48079465762913287
2019-10-03 05:27:00,0.3899617611616577
2019-10-03 05:30:00,0.4360705955430717
2019-10-03 05:33:00,0.39658913751037517
2019-10-03 05:36:00,0.377377614170598
2019-10-03 05:39:00,0.36501381255368415
2019-10-03 05:42:00,0.3653953842994042
2019-10-03 05:45:00,0.4007012507289005
2019-10-03 05:48:00,0.4325434624754507
2019-10-03 05:51:00,0.4013725767288747
2019-10-03 05:54:00,0.5207675539435286
2019-10-03 05:57:00,0.39695876364856986
2019-10-03 06:00:00,0.5037644925612312
2019-10-03 06:03:00,0.4086728012638332
2019-10-03 06:06:00,0.38197229375612096
2019-10-03 06:09:00,0.41654041381951856
2019-10-03 06:12:00,0.3296930232777413
2019-10-03 06:15:00,0.447813158693009
2019-10-03 06:18:00,0.4373955246288119
2019-10-03 06:21:00,0.3915493629360185
2019-10-03 06:24:00,0.40117664944983744
2019-10-03 06:27:00,0.4425270331759066
2019-10-03 06:30:00,0.37968666451467925
2019-10-03 06:33:00,0.3346967359106543
2019-10-03 06:36:00,0.48249988774392705
2019-10-03 06:39:00,0.41691517755424456
2019-10-03 06:42:00,0.4778628584275566
2019-10-03 06:45:00,0.4361678986442712
2019-10-03 06:48:00,0.43183404347900023
2019-10-03 06:51:00,0.4300842239888425
2019-10-03 06:54:00,0.45654455935050464
2019-10-03 06:57:00,0.36655994834273997
2019-10-03 07:00:00,0.5021209717788793
2019-10-03 07:03:00,0.4492198622768342
2019-10-03 07:06:00,0.41818097945008503
2019-10-03 07:09:00,0.5705861383740398
2019-10-03 07:12:00,0.4375063495460836
2019-10-03 07:15:00,0.41402624450364556
2019-10-03 07:18:00,0.40026510123686876
2019-10-03 07:21:00,0.42279386537580876
2019-10-03 07:24:00,0.45248425045986096
2019-10-03 07:27:00,0.3966460357394226
2019-10-03 07:30:00,0.351186512663503
2019-10-03 07:33:00,0.4416011576158212
2019-10-03 07:36:00,0.36433865798278475
2019-10-03 07:39:00,0.40677112350078914
2019-10-03 07:42:00,0.37976789556785207
2019-10-03 07:45:00,0.3386049144640424
2019-10-03 07:48:00,0.3487383104078958
2019-10-03 07:51:00,0.38220812667577775
2019-10-03 07:54:00,0.3592476102194837
2019-10-03 07:57:00,0.40750001017732984
2019-10-03 08:00:00,0.3593483482741817
2019-10-03 08:03:00,0.3897677592402147
2019-10-03 08:06:00,0.48465627393142086
2019-10-03 08:09:00,0.46508206381270156
2019-10-03 08:12:00,0.45075313508061754
2019-10-03 08:15:00,0.3952892881485468
2019-10-03 08:18:00,0.41945668989455953
2019-10-03 08:21:00,0.3723453582409775
2019-10-03 08:24:00,0.36146237359008637
2019-10-03 08:27:00,0.34956202560562133
2019-10-03 08:30:00,0.37515847462799456
2019-10-03 08:33:00,0.4489327237278644
2019-10-03 08:36:00,0.3296623252591644
2019-10-03 08:39:00,0.27290411327300035
2019-10-03 08:42:00,0.45503911154111165
2019-10-03 08:45:00,0.345189268511092
2019-10-03 08:48:00,0.32111357155434916
2019-10-03 08:51:00,0.28804974518629933
2019-10-03 08:54:00,0.22214765875878584
2019-10-03 08:57:00,0.3375851615983265
2019-10-03 09:00:00,0.290205794888891
2019-10-03 09:03:00,0.28721326908350875
2019-10-03 09:06:00,0.3101009283290068
2019-10-03 09:09:00,0.28075298586389863
2019-10-03 09:12:00,0.33999163588958936
2019-10-03 09:15:00,0.2896891107863553
2019-10-03 09:18:00,0.35452690797905007
2019-10-03 09:21:00,0.1969324551319005
2019-10-03 09:24:00,0.24900712066164488
2019-10-03 09:27:00,0.2389933606609702
2019-10-03 09:30:00,0.3312617801691431
2019-10-03 09:33:00,0.35509636048243465
2019-10-03 09:36:00,0.2974428360429897
2019-10-03 09:39:00,0.2778464882262597
2019-10-03 09:42:00,0.3107455434347344
2019-10-03 09:45:00,0.2393408816500937
2019-10-03 09:48:00,0.23914412533508767
2019-10-03 09:51:00,0.2033972700090203
2019-10-03 09:54:00,0.174342155855868
2019-10-03 09:57:00,0.10490404966532196
2019-10-03 10:00:00,0.10621081378070585
2019-10-03 10:03:00,0.0037256342374689666
2019-10-03 10:06:00,0.12109632776395074
2019-10-03 10:09:00,0.14728323927016618
2019-10-03 10:12:00,0.0758834456439672
2019-10-03 10:15:00,0.11712059530611896
2019-10-03 10:18:00,0.056331469324049976
2019-10-03 10:21:00,0.037673482125910596
2019-10-03 10:24:00,0.09283714297453116
2019-10-03 10:27:00,0.08736344977393173
2019-10-03 10:30:00,-0.006778773016321793
2019-10-03 10:33:00,-0.01954789133600343
2019-10-03 10:36:00,-0.006936065988270457
2019-10-03 10:39:00,0.010795812118544745
2019-10-03 10:42:00,-0.034372817757116536
2019-10-03 10:45:00,0.10642307858830691
2019-10-03 10:48:00,0.08934281037585379
2019-10-03 10:51:00,0.11786563842224496
2019-10-03 10:54:00,0.2369285241692296
2019-10-03 10:57:00,0.050952990539826715
2019-10-03 11:00:00,0.0929531209490051
2019-10-03 11:03:00,-0.009064803494084117
2019-10-03 11:06:00,0.10933631377457687
2019-10-03 11:09:00,0.07223144829475814
2019-10-03 11:12:00,0.22173448779739147
2019-10-03 11:15:00,0.25241562600251655
2019-10-03 11:18:00,0.4285637510282072
2019-10-03 11:21:00,0.6371338082599891
2019-10-03 11:24:00,0.734339494491735
2019-10-03 11:27:00,0.6529588802757758
2019-10-03 11:30:00,0.33555520854957877
2019-10-03 11:33:00,0.36702561144295487
2019-10-03 11:36:00,0.46028118776115434
2019-10-03 11:39:00,0.5612153603179877
2019-10-03 11:42:00,0.5626813390439906
2019-10-03 11:45:00,0.4195859348516251
2019-10-03 11:48:00,0.5601381916542323
2019-10-03 11:51:00,0.4251051323549291
2019-10-03 11:54:00,0.4233180629723279
2019-10-03 11:57:00,0.28752235099904055
2019-10-03 12:00:00,0.3213614451766489
2019-10-03 12:03:00,0.28839284511701635
2019-10-03 12:06:00,0.31036996203397393
2019-10-03 12:09:00,0.38015378569690483
2019-10-03 12:12:00,0.3321874222305041
2019-10-03 12:15:00,0.361656748533278
2019-10-03 12:18:00,0.20474576576248182
2019-10-03 12:21:00,0.2796099668644274
2019-10-03 12:24:00,0.24067724019295156
2019-10-03 12:27:00,0.33010070896540356
2019-10-03 12:30:00,0.23229491823781245
2019-10-03 12:33:00,0.21023000029413197
2019-10-03 12:36:00,0.3229543302492175
2019-10-03 12:39:00,0.3349669120812564
2019-10-03 12:42:00,0.2753436785854433
2019-10-03 12:45:00,0.29872265174628865
2019-10-03 12:48:00,0.27049830877746217
2019-10-03 12:51:00,0.3040707308855417
2019-10-03 12:54:00,0.3735038017401848
2019-10-03 12:57:00,0.2923497891133593
2019-10-03 13:00:00,0.25381210885876726
2019-10-03 13:03:00,0.36434296867844296
2019-10-03 13:06:00,0.20143765482708886
2019-10-03 13:09:00,0.23288387460149806
2019-10-03 13:12:00,0.19118534985796032
2019-10-03 13:15:00,0.130352528228741
2019-10-03 13:18:00,0.18249248304169896
2019-10-03 13:21:00,0.1318367211263194
2019-10-03 13:24:00,0.08151152994599897
2019-10-03 13:27:00,0.11763755785881358
2019-10-03 13:30:00,0.018226718993048507
2019-10-03 13:33:00,0.1210905127368278
2019-10-03 13:36:00,0.10960753100192733
2019-10-03 13:39:00,0.14688538286628727
2019-10-03 13:42:00,0.1928169231089214
2019-10-03 13:45:00,0.028893054075751934
2019-10-03 13:48:00,0.1565018142866279
2019-10-03 13:51:00,0.09835453289497309
2019-10-03 13:54:00,0.03210728623827208
2019-10-03 13:57:00,0.03702981662985394
2019-10-03 14:00:00,-0.00018871620619620444
2019-10-03 14:03:00,0.07144625067900279
2019-10-03 14:06:00,0.018341816502640995
2019-10-03 14:09:00,-0.020247368194077353
2019-10-03 14:12:00,0.08301321135644457
2019-10-03 14:15:00,0.0381887167349646
2019-10-03 14:18:00,0.020128884137704972
2019-10-03 14:21:00,0.005668519255380033
2019-10-03 14:24:00,-0.05072681303937543
2019-10-03 14:27:00,-0.06830617514850701
2019-10-03 14:30:00,-0.09078441275812565
2019-10-03 14:33:00,-0.10185445847037045
2019-10-03 14:36:00,-0.10044471004175648
2019-10-03 14:39:00,-0.08712525407474914
2019-10-03 14:42:00,-0.15445080118428223
2019-10-03 14:45:00,-0.0519948489871922
2019-10-03 14:48:00,-0.15813183417355958
2019-10-03 14:51:00,-0.10476974020326679
2019-10-03 14:54:00,-0.048971727824039135
2019-10-03 14:57:00,0.03389518302520855
2019-10-03 15:00:00,-0.18725900833777587
2019-10-03 15:03:00,-0.16325251191381085
2019-10-03 15:06:00,-0.1413334929657708
2019-10-03 15:09:00,-0.10308493602985891
2019-10-03 15:12:00,-0.20656273755105303
2019-10-03 15:15:00,-0.14698244018035211
2019-10-03 15:18:00,-0.13743504340152413
2019-10-03 15:21:00,-0.11430233839178072
2019-10-03 15:24:00,-0.10620873591415148
2019-10-03 15:27:00,-0.13649840598293395
2019-10-03 15:30:00,-0.11841792068605628
2019-10-03 15:33:00,-0.06684396428067885
2019-10-03 15:36:00,-0.16693593600717804
2019-10-03 15:39:00,-0.13949159453306947
2019-10-03 15:42:00,-0.05141248459841563
2019-10-03 15:45:00,-0.23244439606395417
2019-10-03 15:48:00,-0.11518502561682453
2019-10-03 15:51:00,-0.20536289160259003
2019-10-03 15:54:00,-0.19467165899203565
2019-10-03 15:57:00,-0.08188168950954378
2019-10-03 16:00:00,-0.11941630081213361
2019-10-03 16:03:00,-0.1151573673060966
2019-10-03 16:06:00,-0.09624392603336673
2019-10-03 16:09:00,-0.08671985231643475
2019-10-03 16:12:00,-0.1753725882220465
2019-10-03 16:15:00,-0.10713080848012169
2019-10-03 16:18:00,-0.09782696011365033
2019-10-03 16:21:00,-0.06252271073475413
2019-10-03 16:24:00,-0.06980620138949689
2019-10-03 16:27:00,-0.07824012914790046
2019-10-03 16:30:00,-0.05359745058211729
2019-10-03 16:33:00,-0.028869927885125435
2019-10-03 16:36:00,0.012122140420672167
2019-10-03 16:39:00,-0.020182466355890938
2019-10-03 16:42:00,-0.03141889032093559
2019-10-03 16:45:00,-0.06666520387278752
2019-10-03 16:48:00,-0.08823364613550666
2019-10-03 16:51:00,-0.06101782702461378
2019-10-03 16:54:00,-0.044464643630306
2019-10-03 16:57:00,-0.050863495011128634
2019-10-03 17:00:00,-0.013461928305446236
2019-10-03 17:03:00,0.05417554506482247
2019-10-03 17:06:00,-0.056397322960037855
2019-10-03 17:09:00,-0.04388928799085079
2019-10-03 17:12:00,0.027136179861770415
2019-10-03 17:15:00,-0.0466104540669221
2019-10-03 17:18:00,-0.025299214076255794
2019-10-03 17:21:00,0.048495383795227553
2019-10-03 17:24:00,-0.009488974788268933
2019-10-03 17:27:00,0.0004945114454244504
2019-10-03 17:30:00,-0.022705377669979043
2019-10-03 17:33:00,-0.0022139695624900924
2019-10-03 17:36:00,-0.0016399737843357798
2019-10-03 17:39:00,-0.003242794927700743
2019-10-03 17:42:00,0.04392479388985748
2019-10-03 17:45:00,0.026133731888080547
2019-10-03 17:48:00,-0.02598861326794122
2019-10-03 17:51:00,0.037910235328013187
2019-10-03 17:54:00,-0.04239980367907492
2019-10-03 17:57:00,-0.0217852074925986
2019-10-03 18:00:00,0.031710423407162125
2019-10-03 18:03:00,0.10331700787429554
2019-10-03 18:06:00,0.025316094172296744
2019-10-03 18:09:00,-0.04461162951923825
2019-10-03 18:12:00,-0.04091090361339411
2019-10-03 18:15:00,0.010024343576731098
2019-10-03 18:18:00,-0.003766842764548528
2019-10-03 18:21:00,0.10552471247137873
2019-10-03 18:24:00,-0.014879790496706846
2019-10-03 18:27:00,0.05068633104747278
2019-10-03 18:30:00,0.07291537290416272
2019-10-03 18:33:00,0.010477988650507086
2019-10-03 18:36:00,0.12239248590333318
2019-10-03 18:39:00,0.038789618797750336
2019-10-03 18:42:00,0.06149736552492868
2019-10-03 18:45:00,0.06526549556787131
2019-10-03 18:48:00,0.028694288946326196
2019-10-03 18:51:00,0.006926258566636534
2019-10-03 18:54:00,
2019-10-03 18:57:00,
2019-10-03 19:00:00,
2019-10-03 19:03:00,0.11131163966825852
2019-10-03 19:06:00,0.03769606437975881
2019-10-03 19:09:00,0.0619773054770576
2019-10-03 19:12:00,0.18374153623972234
2019-10-03 19:15:00,0.07322641204598312
2019-10-03 19:18:00,0.10078592311305101
2019-10-03 19:21:00,0.1031520152550911
2019-10-03 19:24:00,0.17201620330979495
2019-10-03 19:27:00,0.1266981831475391
2019-10-03 19:30:00,0.21370510356899786
2019-10-03 19:33:00,0.11051223246903419
2019-10-03 19:36:00,0.1806307349139047
2019-10-03 19:39:00,0.26693508107609887
2019-10-03 19:42:00,0.23355149101632833
2019-10-03 19:45:00,0.20591773549534764
2019-10-03 19:48:00,0.21692923341669257
2019-10-03 19:51:00,0.30377927223901224
2019-10-03 19:54:00,0.32440775203349403
2019-10-03 19:57:00,0.19606632606485164
2019-10-03 20:00:00,0.22508649350248788
2019-10-03 20:03:00,0.13870717011656097
2019-10-03 20:06:00,0.2129035048922674
2019-10-03 20:09:00,0.25070470384315513
2019-10-03 20:12:00,0.2311408535962869
2019-10-03 20:15:00,0.2815876626726208
2019-10-03 20:18:00,0.22027651208435373
2019-10-03 20:21:00,0.25290311708562285
2019-10-03 20:24:00,0.17813490496735085
2019-10-03 20:27:00,0.20910591200561157
2019-10-03 20:30:00,0.15129770769607376
2019-10-03 20:33:00,0.1669297982559783
2019-10-03 20:36:00,0.15494283189877933
2019-10-03 20:39:00,0.2789438024532842
2019-10-03 20:42:00,0.193047013470391
2019-10-03 20:45:00,0.2813976668422242
2019-10-03 20:48:00,0.21415394395398835
2019-10-03 20:51:00,0.2803231305268241
2019-10-03 20:54:00,0.2995348289625781
2019-10-03 20:57:00,0.327267485383004
2019-10-03 21:00:00,0.23403956860198605
2019-10-03 21:03:00,0.23760515143044358
2019-10-03 21:06:00,0.26130928515254936
2019-10-03 21:09:00,0.2758454431753421
2019-10-03 21:12:00,0.2561105207022365
2019-10-03 21:15:00,0.27298594430965295
2019-10-03 21:18:00,0.3749160909468401
2019-10-03 21:21:00,0.25133629481251774
2019-10-03 21:24:00,0.34497335820748276
2019-10-03 21:27:00,0.22613240160018222
2019-10-03 21:30:00,0.28534333429661274
2019-10-03 21:33:00,0.23856828226422522
2019-10-03 21:36:00,0.32439410180484174
2019-10-03 21:39:00,0.40714744952634874
2019-10-03 21:42:00,0.35151582941006154
2019-10-03 21:45:00,0.27869560768283463
2019-10-03 21:48:00,0.28673700625728316
2019-10-03 21:51:00,0.36162162348409765
2019-10-03 21:54:00,0.3537203410934353
2019-10-03 21:57:00,0.3539039082388058
2019-10-03 22:00:00,0.2709234198919148
2019-10-03 22:03:00,0.27626105344228336
2019-10-03 22:06:00,0.25620720019759347
2019-10-03 22:09:00,0.3772210950456838
2019-10-03 22:12:00,0.26541328837191713
2019-10-03 22:15:00,0.3216349706621031
2019-10-03 22:18:00,0.33965872135854625
2019-10-03 22:21:00,0.30739414694789957
2019-10-03 22:24:00,0.3400586506074319
2019-10-03 22:27:00,0.2838735339374807
2019-10-03 22:30:00,0.2940567712453799
2019-10-03 22:33:00,0.2913852207080936
2019-10-03 22:36:00,0.2869602616238467
2019-10-03 22:39:00,0.274596480187995
2019-10-03 22:42:00,0.38460444945184236
2019-10-03 22:45:00,0.30608135377252665
2019-10-03 22:48:00,0.2646912007453466
2019-10-03 22:51:00,0.25509674674964344
2019-10-03 22:54:00,0.12824829087048784
2019-10-03 22:57:00,0.32002230448154023
2019-10-03 23:00:00,0.25006069233592143
2019-10-03 23:03:00,0.254329413610094
2019-10-03 23:06:00,0.2239733351995028
2019-10-03 23:09:00,0.1842917837872733
2019-10-03 23:12:00,0.31312786773202106
2019-10-03 23:15:00,0.21936046795099173
2019-10-03 23:18:00,0.3532888610306486
2019-10-03 23:21:00,0.3270990872540551
2019-10-03 23:24:00,0.2781075348889317
2019-10-03 23:27:00,0.24406236300904993
2019-10-03 23:30:00,0.34016685037175876
2019-10-03 23:33:00,0.32443428571872346
2019-10-03 23:36:00,0.2957065399972407
2019-10-03 23:39:00,0.40317674616693466
2019-10-03 23:42:00,0.27758701622741455
2019-10-03 23:45:00,0.3417307087888162
2019-10-03 23:48:00,0.36076310207789675
2019-10-03 23:51:00,0.37618109972044067
2019-10-03 23:54:00,0.2683994883059313
2019-10-03 23:57:00,0.4005788843315372
2019-10-04 00:00:00,0.4679055061091617
2019-10-04 00:03:00,0.3282925900124951
2019-10-04 00:06:00,0.4236290480669709
2019-10-04 00:09:00,0.3951001073522775
2019-10-04 00:12:00,0.4042111030890396
2019-10-04 00:15:00,0.3888618710249716
2019-10-04 00:18:00,0.3647528772162332
2019-10-04 00:21:00,0.28217618943847356
2019-10-04 00:24:00,0.35185480249282364
2019-10-04 00:27:00,0.44942910937930947
2019-10-04 00:30:00,0.40219563163401517
2019-10-04 00:33:00,0.4406879491530731
2019-10-04 00:36:00,0.40624850403764867
2019-10-04 00:39:00,0.40321244038557325
2019-10-04 00:42:00,0.4333876786594715
2019-10-04 00:45:00,0.3733857793906168
2019-10-04 00:48:00,0.41297359008791545
2019-10-04 00:51:00,0.4911890092678277
2019-10-04 00:54:00,0.45770962494992773
2019-10-04 00:57:00,0.2991711952147966
2019-10-04 01:00:00,0.4631741286564761
2019-10-04 01:03:00,0.4726660398796412
2019-10-04 01:06:00,0.36125942421421087
2019-10-04 01:09:00,0.420100477060771
2019-10-04 01:12:00,0.37084500599530656
2019-10-04 01:15:00,0.30039511021459475
2019-10-04 01:18:00,0.3560538677319869
2019-10-04 01:21:00,0.43961391907288316
2019-10-04 01:24:00,0.37935103552410965
2019-10-04 01:27:00,0.39484235181112126
2019-10-04 01:30:00,0.45053997068970375
2019-10-04 01:33:00,0.5008700977078888
2019-10-04 01:36:00,0.5288828955305576
2019-10-04 01:39:00,0.34830707975578434
2019-10-04 01:42:00,0.35896389979006926
2019-10-04 01:45:00,0.42614099327721533
2019-10-04 01:48:00,0.42160252803427056
2019-10-04 01:51:00,0.37604540527644303
2019-10-04 01:54:00,0.45014713797456807
2019-10-04 01:57:00,0.430666255398819
2019-10-04 02:00:00,0.4948028785605061
2019-10-04 02:03:00,0.46885536941590544
2019-10-04 02:06:00,0.41839981075963806
2019-10-04 02:09:00,0.5026084777156257
2019-10-04 02:12:00,0.48355153482071955
2019-10-04 02:15:00,0.4658419890645291
2019-10-04 02:18:00,0.4446823583428454
2019-10-04 02:21:00,0.45770113012247293
2019-10-04 02:24:00,0.5055597041679789
2019-10-04 02:27:00,0.4970709463246976
2019-10-04 02:30:00,0.45435437524315603
2019-10-04 02:33:00,0.48712817767858496
2019-10-04 02:36:00,0.5258395709860224
2019-10-04 02:39:00,0.4211619593839373
2019-10-04 02:42:00,0.3774135410259305
2019-10-04 02:45:00,0.5271234081168927
2019-10-04 02:48:00,0.4317474931754077
2019-10-04 02:51:00,0.48810150208691994
2019-10-04 02:54:00,0.5419500479452495
2019-10-04 02:57:00,0.4597974873595376
2019-10-04 03:00:00,0.5720764870130779
2019-10-04 03:03:00,0.46595176587709375
2019-10-04 03:06:00,0.4779261501026326
2019-10-04 03:09:00,0.3852036770442169
2019-10-04 03:12:00,0.4776965813555307
2019-10-04 03:15:00,0.538478574319754
2019-10-04 03:18:00,0.5100943805234124
2019-10-04 03:21:00,0.5647487119014727
2019-10-04 03:24:00,0.577042881629211
2019-10-04 03:27:00,0.552741149580811
2019-10-04 03:30:00,0.5657224742186031
2019-10-04 03:33:00,0.6345970823282414
2019-10-04 03:36:00,0.6166925460114498
2019-10-04 03:39:00,0.5342753603151777
2019-10-04 03:42:00,0.6055409163307672
2019-10-04 03:45:00,0.6644222653250722
2019-10-04 03:48:00,0.5857934035096832
2019-10-04 03:51:00,0.5552979999504828
2019-10-04 03:54:00,0.666534908577205
2019-10-04 03:57:00,0.55283266005938
2019-10-04 04:00:00,0.6040785693227235
2019-10-04 04:03:00,0.5850109711456639
2019-10-04 04:06:00,0.5175161659777245
2019-10-04 04:09:00,0.5415520106169538
2019-10-04 04:12:00,0.5652931944316606
2019-10-04 04:15:00,0.5195990025552533
2019-10-04 04:18:00,0.6345445671836387
2019-10-04 04:21:00,0.4358355421256306
2019-10-04 04:24:00,0.5747564572732244
2019-10-04 04:27:00,0.5942808033149731
2019-10-04 04:30:00,0.6441468829183918
2019-10-04 04:33:00,0.6062297522086624
2019-10-04 04:36:00,0.5666023897289278
2019-10-04 04:39:00,0.502276114605877
2019-10-04 04:42:00,0.6352361831382609
2019-10-04 04:45:00,0.5448397010041504
2019-10-04 04:48:00,0.5359351417905032
2019-10-04 04:51:00,0.3887749441458368
2019-10-04 04:54:00,0.488252591602361
2019-10-04 04:57:00,0.5152345155797207
2019-10-04 05:00:00,0.6110483387137151
2019-10-04 05:03:00,0.5711599873966406
2019-10-04 05:06:00,0.5032490125452682
2019-10-04 05:09:00,0.5304494952828804
2019-10-04 05:12:00,0.6327896453616972
2019-10-04 05:15:00,0.4938900118073093
2019-10-04 05:18:00,0.5390887603181227
2019-10-04 05:21:00,0.5130003141581483
2019-10-04 05:24:00,0.6203342265181391
2019-10-04 05:27:00,0.5813136402883856
2019-10-04 05:30:00,0.658503471286167
2019-10-04 05:33:00,0.5875187100207881
2019-10-04 05:36:00,0.6307429527858517
2019-10-04 05:39:00,0.6044475137824747
2019-10-04 05:42:00,0.5989925969760748
2019-10-04 05:45:00,0.5583949296148489
2019-10-04 05:48:00,0.5796337055990648
2019-10-04 05:51:00,0.6096186007382585
2019-10-04 05:54:00,0.5131689480700174
2019-10-04 05:57:00,0.6799078991047054
2019-10-04 06:00:00,0.6573642030916744
2019-10-04 06:03:00,0.6221404609697743
2019-10-04 06:06:00,0.5821723732963733
2019-10-04 06:09:00,0.6033760602045959
2019-10-04 06:12:00,0.6146740987045973
2019-10-04 06:15:00,0.6015235880697105
2019-10-04 06:18:00,0.5899577093067592
2019-10-04 06:21:00,0.6680397249253929
2019-10-04 06:24:00,0.575327716055483
2019-10-04 06:27:00,0.5568208164429507
2019-10-04 06:30:00,0.569622313992511
2019-10-04 06:33:00,0.6952101372581296
2019-10-04 06:36:00,0.5699285488607302
2019-10-04 06:39:00,0.5793577408574038
2019-10-04 06:42:00,0.6716891039316693
2019-10-04 06:45:00,0.7632137622709365
2019-10-04 06:48:00,0.6157886013010625
2019-10-04 06:51:00,0.6225900475324124
2019-10-04 06:54:00,0.6177201592269057
2019-10-04 06:57:00,0.5636203015750425
2019-10-04 07:00:00,0.6858874929483818
2019-10-04 07:03:00,0.5875006235010005
2019-10-04 07:06:00,0.648332121523822
2019-10-04 07:09:00,0.5576357102327734
2019-10-04 07:12:00,0.5438098914913212
2019-10-04 07:15:00,0.609063777573283
2019-10-04 07:18:00,0.5941043394143435
2019-10-04 07:21:00,0.5609102794828686
2019-10-04 07:24:00,0.5788024874513553
2019-10-04 07:27:00,0.6435541209576741
2019-10-04 07:30:00,0.5953973906347301
2019-10-04 07:33:00,0.5485292218972972
2019-10-04 07:36:00,0.5184596552651897
2019-10-04 07:39:00,0.5784701624850754
2019-10-04 07:42:00,0.4181462032438503
2019-10-04 07:45:00,0.5478397077794739
2019-10-04 07:48:00,0.5753806380348578
2019-10-04 07:51:00,0.5475222967331206
2019-10-04 07:54:00,0.5418415765371378
2019-10-04 07:57:00,0.6259720331912035
2019-10-04 08:00:00,0.5321956782602797
2019-10-04 08:03:00,0.40658848718049967
2019-10-04 08:06:00,0.5219974954510462
2019-10-04 08:09:00,0.44774006127875055
2019-10-04 08:12:00,0.4444898436265703
2019-10-04 08:15:00,0.46318813787900126
2019-10-04 08:18:00,0.46562494758984485
2019-10-04 08:21:00,0.38883157431752124
2019-10-04 08:24:00,0.39038047717866675
2019-10-04 08:27:00,0.4559538835535477
2019-10-04 08:30:00,0.36503869530378097
2019-10-04 08:33:00,0.41733981038953516
2019-10-04 08:36:00,0.374082336228696
2019-10-04 08:39:00,0.41871871583384745
2019-10-04 08:42:00,0.4375506981046442
2019-10-04 08:45:00,0.296104686635033
2019-10-04 08:48:00,0.27640770083303323
2019-10-04 08:51:00,0.38434150879260187
2019-10-04 08:54:00,0.27801005551464186
2019-10-04 08:57:00,0.24210261566344116
2019-10-04 09:00:00,0.312005841083419
2019-10-04 09:03:00,0.3392132807269377
2019-10-04 09:06:00,0.2274129873354127
2019-10-04 09:09:00,0.1812492538944639
2019-10-04 09:12:00,0.1834425758428324
2019-10-04 09:15:00,0.2397507383022912
2019-10-04 09:18:00,0.2530917486233193
2019-10-04 09:21:00,0.19701967031517142
2019-10-04 09:24:00,0.18428048308271627
2019-10-04 09:27:00,0.20027184091753725
2019-10-04 09:30:00,0.1609094128453421
2019-10-04 09:33:00,0.15495977918959625
2019-10-04 09:36:00,0.10259445497291608
2019-10-04 09:39:00,0.11413302221893673
2019-10-04 09:42:00,0.12537997776416887
2019-10-04 09:45:00,0.038158877604985264
2019-10-04 09:48:00,0.07225649724574623
2019-10-04 09:51:00,0.05456226253437535
2019-10-04 09:54:00,-0.03829615836480116
2019-10-04 09:57:00,-0.0790730673430744
2019-10-04 10:00:00,-0.04459150017424918
2019-10-04 10:03:00,-0.0067660377281413275
2019-10-04 10:06:00,-0.0037210039069464074
2019-10-04 10:09:00,-0.09201341192800783
2019-10-04 10:12:00,-0.09870107739192235
2019-10-04 10:15:00,-0.13904939395928295
2019-10-04 10:18:00,-0.23864422106748862
2019-10-04 10:21:00,-0.09146864572841196
2019-10-04 10:24:00,-0.14161130647767095
2019-10-04 10:27:00,-0.169397377849009
2019-10-04 10:30:00,-0.05432934621575214
2019-10-04 10:33:00,-0.12272046003175774
2019-10-04 10:36:00,-0.11327055324494495
2019-10-04 10:39:00,-0.2076398529072776
2019-10-04 10:42:00,-0.2204902417419703
2019-10-04 10:45:00,-0.210806732249182
2019-10-04 10:48:00,-0.25832834228828006
2019-10-04 10:51:00,-0.2445798464048039
2019-10-04 10:54:00,-0.317871982953875
2019-10-04 10:57:00,-0.30830073631187815
2019-10-04 11:00:00,-0.28143090642242896
2019-10-04 11:03:00,-0.23854641316148673
2019-10-04 11:06:00,-0.21204587616659865
2019-10-04 11:09:00,-0.33129052927995417
2019-10-04 11:12:00,-0.21219436816062398
2019-10-04 11:15:00,-0.29820337799100116
2019-10-04 11:18:00,-0.2805315617814017
2019-10-04 11:21:00,-0.329824225691425
2019-10-04 11:24:00,-0.27047948590285387
2019-10-04 11:27:00,-0.11654483442123365
2019-10-04 11:30:00,-0.22974788476994945
2019-10-04 11:33:00,-0.19114948707607482
2019-10-04 11:36:00,-0.229949525237771
2019-10-04 11:39:00,-0.27185033387843305
2019-10-04 11:42:00,-0.34571367919949125
2019-10-04 11:45:00,-0.18929560668760814
2019-10-04 11:48:00,-0.23938388563192348
2019-10-04 11:51:00,0.009904929107733551
2019-10-04 11:54:00,-0.1752312376036116
2019-10-04 11:57:00,-0.21471720330146127
2019-10-04 12:00:00,-0.21154269979041374
2019-10-04 12:03:00,-0.2114764632632955
2019-10-04 12:06:00,-0.20103601903849722
2019-10-04 12:09:00,-0.26623543515574966
2019-10-04 12:12:00,-0.3115585897447204
2019-10-04 12:15:00,-0.34159585024559647
2019-10-04 12:18:00,-0.24213233300804404
2019-10-04 12:21:00,-0.363837810849418
2019-10-04 12:24:00,-0.3412384454053381
2019-10-04 12:27:00,-0.38497563778412314
2019-10-04 12:30:00,-0.3739919118651187
2019-10-04 12:33:00,-0.2939268366911847
2019-10-04 12:36:00,-0.41305354723971277
2019-10-04 12:39:00,-0.3769341320440276
2019-10-04 12:42:00,-0.46788984920220855
2019-10-04 12:45:00,-0.4055054566425724
2019-10-04 12:48:00,-0.33686062659609206
2019-10-04 12:51:00,-0.4580222731761978
2019-10-04 12:54:00,-0.4205996053381682
2019-10-04 12:57:00,-0.4244943698270731
2019-10-04 13:00:00,-0.46383577211406646
2019-10-04 13:03:00,-0.31897338241520856
2019-10-04 13:06:00,-0.26270307600333354
2019-10-04 13:09:00,-0.4228225128630356
2019-10-04 13:12:00,-0.4203475867366251
2019-10-04 13:15:00,-0.37095531465558906
2019-10-04 13:18:00,-0.40632122857556396
2019-10-04 13:21:00,-0.30487332685157753
2019-10-04 13:24:00,-0.466074515673256
2019-10-04 13:27:00,-0.25310442439075587
2019-10-04 13:30:00,-0.23832503547953365
2019-10-04 13:33:00,-0.37630361940318835
2019-10-04 13:36:00,-0.3788026068741601
2019-10-04 13:39:00,-0.4429108035274112
2019-10-04 13:42:00,-0.4379662909247486
2019-10-04 13:45:00,-0.2991394248984989
2019-10-04 13:48:00,-0.23949788948465311
2019-10-04 13:51:00,-0.33636476056165066
2019-10-04 13:54:00,-0.41227922529799343
2019-10-04 13:57:00,-0.38461178437933086
2019-10-04 14:00:00,-0.4405081107753972
2019-10-04 14:03:00,-0.43198723950558815
2019-10-04 14:06:00,-0.3605942956184549
2019-10-04 14:09:00,-0.46222090300886975
2019-10-04 14:12:00,-0.41806593779750756
2019-10-04 14:15:00,-0.4489180795415564
2019-10-04 14:18:00,-0.6230169173350646
2019-10-04 14:21:00,-0.5321825314392754
2019-10-04 14:24:00,-0.4865051834602241
2019-10-04 14:27:00,-0.5371918678368957
2019-10-04 14:30:00,-0.5023610580848299
2019-10-04 14:33:00,-0.48051078130345104
2019-10-04 14:36:00,-0.41231708691896074
2019-10-04 14:39:00,-0.4413064296914513
2019-10-04 14:42:00,-0.5309005595448753
2019-10-04 14:45:00,-0.48679177333247026
2019-10-04 14:48:00,-0.4378100062789372
2019-10-04 14:51:00,-0.4426866172099153
2019-10-04 14:54:00,-0.4053181522433533
2019-10-04 14:57:00,-0.2996753874631395
2019-10-04 15:00:00,-0.43470727867151027
2019-10-04 15:03:00,-0.2534808411077165
2019-10-04 15:06:00,-0.4883348815397994
2019-10-04 15:09:00,-0.5124071761445066
2019-10-04 15:12:00,-0.47681268553259315
2019-10-04 15:15:00,-0.5706004305698684
2019-10-04 15:18:00,-0.5972857095443942
2019-10-04 15:21:00,-0.5845566411273921
2019-10-04 15:24:00,-0.44472654767508857
2019-10-04 15:27:00,-0.3934125886301558
2019-10-04 15:30:00,-0.45717064123937234
2019-10-04 15:33:00,-0.38852259521968335
2019-10-04 15:36:00,-0.40715404691366075
2019-10-04 15:39:00,-0.30297454295265425
2019-10-04 15:42:00,-0.36950943333442865
2019-10-04 15:45:00,-0.37993330595310226
2019-10-04 15:48:00,-0.4044817623249628
2019-10-04 15:51:00,-0.39529085311750123
2019-10-04 15:54:00,-0.2888669435166662
2019-10-04 15:57:00,-0.2368693466903551
2019-10-04 16:00:00,-0.34067172251212696
2019-10-04 16:03:00,-0.2818967586876511
2019-10-04 16:06:00,-0.23058464347496965
2019-10-04 16:09:00,-0.29078862110816317
2019-10-04 16:12:00,-0.33353224478503307
2019-10-04 16:15:00,-0.19875835492138094
2019-10-04 16:18:00,-0.14954860240874268
2019-10-04 16:21:00,-0.2508417296515404
2019-10-04 16:24:00,-0.19953531018364856
2019-10-04 16:27:00,-0.250839863776946
2019-10-04 16:30:00,-0.2260042385010479
2019-10-04 16:33:00,-0.22441986107088496
2019-10-04 16:36:00,-0.2607731771096269
2019-10-04 16:39:00,-0.23051243719828562
2019-10-04 16:42:00,-0.19997073886707994
2019-10-04 16:45:00,-0.18953232315084279
2019-10-04 16:48:00,-0.19262807372325597
2019-10-04 16:51:00,-0.24106395017838622
2019-10-04 16:54:00,-0.22350715477659833
2019-10-04 16:57:00,-0.14957468810246155
2019-10-04 17:00:00,-0.2142179378516289
2019-10-04 17:03:00,-0.25927671884608117
2019-10-04 17:06:00,-0.1908943315995657
2019-10-04 17:09:00,-0.27545443602565456
2019-10-04 17:12:00,-0.22238402590983242
2019-10-04 17:15:00,-0.15046647529965185
2019-10-04 17:18:00,-0.15027612095866516
2019-10-04 17:21:00,-0.21742991065497108
2019-10-04 17:24:00,-0.24143966681651818
2019-10-04 17:27:00,-0.19862402980714933
2019-10-04 17:30:00,-0.2714621432426725
2019-10-04 17:33:00,-0.178300385254488
2019-10-04 17:36:00,-0.21468979779405117
2019-10-04 17:39:00,-0.24984509827987722
2019-10-04 17:42:00,-0.15408378839356374
2019-10-04 17:45:00,-0.14143000060710165
2019-10-04 17:48:00,-0.14907983090034804
2019-10-04 17:51:00,-0.2146327373255872
2019-10-04 17:54:00,-0.06188704997384775
2019-10-04 17:57:00,-0.10691750450524751
2019-10-04 18:00:00,-0.19145087434947072
2019-10-04 18:03:00,-0.10601946913533311
2019-10-04 18:06:00,-0.16100973356918757
2019-10-04 18:09:00,-0.00017009915899279804
2019-10-04 18:12:00,-0.11289947026477876
2019-10-04 18:15:00,-0.09348486351916563
2019-10-04 18:18:00,-0.032584128276653246
2019-10-04 18:21:00,-0.06843866998701742
2019-10-04 18:24:00,-0.09400103969386464
2019-10-04 18:27:00,-0.06754458742233282
2019-10-04 18:30:00,-0.03984286936673698
2019-10-04 18:33:00,-0.1033807852148243
2019-10-04 18:36:00,0.08482270708236683
2019-10-04 18:39:00,0.08795271298504304
2019-10-04 18:42:00,0.031178934648778522
2019-10-04 18:45:00,0.026873752569429143
2019-10-04 18:48:00,0.046525917794099314
2019-10-04 18:51:00,0.0811353049747936
2019-10-04 18:54:00,-0.06745242028762277
2019-10-04 18:57:00,
2019-10-04 19:00:00,
2019-10-04 19:03:00,0.026729229407294497
2019-10-04 19:06:00,-0.03709269180546926
2019-10-04 19:09:00,0.015616592715161914
2019-10-04 19:12:00,0.038278023533905525
2019-10-04 19:15:00,0.026308394850104833
2019-10-04 19:18:00,-0.03278816083724223
2019-10-04 19:21:00,0.10915160396046986
2019-10-04 19:24:00,0.08956117871679226
2019-10-04 19:27:00,-0.007524240370798907
2019-10-04 19:30:00,0.04772453934077703
2019-10-04 19:33:00,-0.02403225986824964
2019-10-04 19:36:00,0.14828016354329066
2019-10-04 19:39:00,0.053654494334523406
2019-10-04 19:42:00,0.018449306159311618
2019-10-04 19:45:00,0.04307336521412708
2019-10-04 19:48:00,0.11107200928745442
2019-10-04 19:51:00,0.17705607143989255
2019-10-04 19:54:00,0.005332554631536368
2019-10-04 19:57:00,0.07720443087674767
2019-10-04 20:00:00,-0.03209797281857618
2019-10-04 20:03:00,0.05001276186783343
2019-10-04 20:06:00,0.007290035604796685
2019-10-04 20:09:00,0.06814896040788199
2019-10-04 20:12:00,0.12101583152019657
2019-10-04 20:15:00,0.11263594026928558
2019-10-04 20:18:00,0.09096674912274239
2019-10-04 20:21:00,0.1909729729558194
2019-10-04 20:24:00,0.01985872724537785
2019-10-04 20:27:00,-0.008071783146419875
2019-10-04 20:30:00,0.053950678890828385
2019-10-04 20:33:00,0.01576896718597709
2019-10-04 20:36:00,0.03213667157444888
2019-10-04 20:39:00,0.09675181312331915
2019-10-04 20:42:00,0.10666857951662223
2019-10-04 20:45:00,0.05743154655760918
2019-10-04 20:48:00,0.09752603767293522
2019-10-04 20:51:00,0.0746043679909576
2019-10-04 20:54:00,0.07228828066246251
2019-10-04 20:57:00,0.0621063273417235
2019-10-04 21:00:00,0.1379056113585193
2019-10-04 21:03:00,0.10117639216213092
2019-10-04 21:06:00,0.21192038024236126
2019-10-04 21:09:00,0.13725856596045105
2019-10-04 21:12:00,0.14632335271539887
2019-10-04 21:15:00,0.2105342031463806
2019-10-04 21:18:00,0.1301680131167018
2019-10-04 21:21:00,0.1038057110642967
2019-10-04 21:24:00,0.11204002695933468
2019-10-04 21:27:00,0.043373364746855714
2019-10-04 21:30:00,0.023239708214191523
2019-10-04 21:33:00,0.09663003197755415
2019-10-04 21:36:00,0.12579640541935078
2019-10-04 21:39:00,-0.009742452278942437
2019-10-04 21:42:00,0.10088863282760485
2019-10-04 21:45:00,0.08210029551838716
2019-10-04 21:48:00,0.21480936514160476
2019-10-04 21:51:00,0.04232104894509803
2019-10-04 21:54:00,0.11039820491856744
2019-10-04 21:57:00,0.014294851715760615
2019-10-04 22:00:00,0.023928657987710267
2019-10-04 22:03:00,0.018296844509109178
2019-10-04 22:06:00,0.011324661243520495
2019-10-04 22:09:00,0.07598512012077663
2019-10-04 22:12:00,-0.05186095516239675
2019-10-04 22:15:00,0.0038101891825021994
2019-10-04 22:18:00,0.13016593625866335
2019-10-04 22:21:00,0.07037166650542304
2019-10-04 22:24:00,0.11709348268010444
2019-10-04 22:27:00,0.18227642336614736
2019-10-04 22:30:00,0.18475019014067584
2019-10-04 22:33:00,0.09324808630640291
2019-10-04 22:36:00,0.17423135995483108
2019-10-04 22:39:00,0.20417468348938428
2019-10-04 22:42:00,0.06974364467447458
2019-10-04 22:45:00,0.16903816732053656
2019-10-04 22:48:00,0.09509110129960163
2019-10-04 22:51:00,0.18224564199414317
2019-10-04 22:54:00,0.08736169779473357
2019-10-04 22:57:00,0.15416108684564733
2019-10-04 23:00:00,0.12163535033766948
2019-10-04 23:03:00,0.05769807070623756
2019-10-04 23:06:00,0.2085987302937724
2019-10-04 23:09:00,0.14960776124212316
2019-10-04 23:12:00,0.1321942255934232
2019-10-04 23:15:00,0.024690220726768075
2019-10-04 23:18:00,0.08342858485428906
2019-10-04 23:21:00,0.11040071824788811
2019-10-04 23:24:00,0.20201449845387742
2019-10-04 23:27:00,0.164201366563816
2019-10-04 23:30:00,0.11215601430745892
2019-10-04 23:33:00,0.10814557070995079
2019-10-04 23:36:00,0.07452295344796767
2019-10-04 23:39:00,0.05689350228811918
2019-10-04 23:42:00,0.15836047420941668
2019-10-04 23:45:00,0.11162186862401313
2019-10-04 23:48:00,0.05961724349344877
2019-10-04 23:51:00,0.03520249072568049
2019-10-04 23:54:00,0.06477055641198604
2019-10-04 23:57:00,0.06042329695770832
2019-10-05 00:00:00,0.04462859117182916
2019-10-05 00:03:00,0.12699800487047241
2019-10-05 00:06:00,0.06005549597830395
2019-10-05 00:09:00,0.10930765528888742
2019-10-05 00:12:00,0.16947184982484487
2019-10-05 00:15:00,0.12308939052689993
2019-10-05 00:18:00,0.09959886007129626
2019-10-05 00:21:00,0.10570622906459448
2019-10-05 00:24:00,0.11966288730457109
2019-10-05 00:27:00,0.05854955138374862
2019-10-05 00:30:00,0.09528513428870156
2019-10-05 00:33:00,0.029661046901765076
2019-10-05 00:36:00,0.12217754934664526
2019-10-05 00:39:00,0.09010890180252318
2019-10-05 00:42:00,0.15971252990232188
2019-10-05 00:45:00,0.14872083710372408
2019-10-05 00:48:00,0.15085712345614866
2019-10-05 00:51:00,0.2095639399068432
2019-10-05 00:54:00,0.13529360196992002
2019-10-05 00:57:00,0.22634922462265195
2019-10-05 01:00:00,0.1575191378885279
2019-10-05 01:03:00,0.24536782383052014
2019-10-05 01:06:00,0.22597819152906595
2019-10-05 01:09:00,0.2300860960041291
2019-10-05 01:12:00,0.12213047142762434
2019-10-05 01:15:00,0.19004368366410063
2019-10-05 01:18:00,0.15287079543963955
2019-10-05 01:21:00,0.15928322812413853
2019-10-05 01:24:00,0.23376060079169747
2019-10-05 01:27:00,0.10951960097651181
2019-10-05 01:30:00,0.23007127142648187
2019-10-05 01:33:00,0.22615285651892236
2019-10-05 01:36:00,0.216022474253748
2019-10-05 01:39:00,0.21508874689345703
2019-10-05 01:42:00,0.2555759031236562
2019-10-05 01:45:00,0.23242032552201408
2019-10-05 01:48:00,0.17629863840386406
2019-10-05 01:51:00,0.2754427258117289
2019-10-05 01:54:00,0.22644201147340937
2019-10-05 01:57:00,0.23419339851545828
2019-10-05 02:00:00,0.2170852213889134
2019-10-05 02:03:00,0.2793690361592098
2019-10-05 02:06:00,0.14704708148701684
2019-10-05 02:09:00,0.14640598409016548
2019-10-05 02:12:00,0.24307854009634866
2019-10-05 02:15:00,0.16335432685173146
2019-10-05 02:18:00,0.2500051863631825
2019-10-05 02:21:00,0.21857913840028687
2019-10-05 02:24:00,0.22314379003694285
2019-10-05 02:27:00,0.22744349687030763
2019-10-05 02:30:00,0.20404304880156587
2019-10-05 02:33:00,0.2034680545214087
2019-10-05 02:36:00,0.3056162053425169
2019-10-05 02:39:00,0.34561039478660405
2019-10-05 02:42:00,0.25808728310124707
2019-10-05 02:45:00,0.27577342731518684
2019-10-05 02:48:00,0.23393003504617127
2019-10-05 02:51:00,0.34404975624073586
2019-10-05 02:54:00,0.2955589307679247
2019-10-05 02:57:00,0.24717661298171834
2019-10-05 03:00:00,0.27810565811461174
2019-10-05 03:03:00,0.27027784397012056
2019-10-05 03:06:00,0.27627010293429066
2019-10-05 03:09:00,0.2723756899237628
2019-10-05 03:12:00,0.2580559947876395
2019-10-05 03:15:00,0.25222576212377135
2019-10-05 03:18:00,0.33112744253588744
2019-10-05 03:21:00,0.2657623607592541
2019-10-05 03:24:00,0.19426186573764426
2019-10-05 03:27:00,0.2365414288752845
2019-10-05 03:30:00,0.31110905040173975
2019-10-05 03:33:00,0.512170241694605
2019-10-05 03:36:00,0.2916404859258819
2019-10-05 03:39:00,0.356308308256132
2019-10-05 03:42:00,0.26150061133148483
2019-10-05 03:45:00,0.19451112262231618
2019-10-05 03:48:00,0.2888608429817623
2019-10-05 03:51:00,0.219123919891274
2019-10-05 03:54:00,0.1439067660497244
2019-10-05 03:57:00,0.16792751891836133
2019-10-05 04:00:00,0.3359469321227948
2019-10-05 04:03:00,0.1651857446394729
2019-10-05 04:06:00,0.03230530078343463
2019-10-05 04:09:00,0.14271630005356428
2019-10-05 04:12:00,0.23528420066918443
2019-10-05 04:15:00,0.22035146068952827
2019-10-05 04:18:00,0.15188742048729864
2019-10-05 04:21:00,0.25458308519006323
2019-10-05 04:24:00,0.31256609188091034
2019-10-05 04:27:00,0.3523624366694662
2019-10-05 04:30:00,0.315768831857838
2019-10-05 04:33:00,0.29325933080872346
2019-10-05 04:36:00,0.32406684282278775
2019-10-05 04:39:00,0.3054391483545942
2019-10-05 04:42:00,0.28911366837547803
2019-10-05 04:45:00,0.3491848698646436
2019-10-05 04:48:00,0.2421211784463253
2019-10-05 04:51:00,0.22641276074585903
2019-10-05 04:54:00,0.3065378042055613
2019-10-05 04:57:00,0.18860841957115326
2019-10-05 05:00:00,0.2417781837145867
2019-10-05 05:03:00,0.24429882293912897
2019-10-05 05:06:00,0.27849687672141954
2019-10-05 05:09:00,0.27764701257461866
2019-10-05 05:12:00,0.2615802543825225
2019-10-05 05:15:00,0.24565900430752663
2019-10-05 05:18:00,0.30422488393429603
2019-10-05 05:21:00,0.3126157024075269
2019-10-05 05:24:00,0.2441921935346727
2019-10-05 05:27:00,0.2210407801793508
2019-10-05 05:30:00,0.32180996499181447
2019-10-05 05:33:00,0.25039663126386813
2019-10-05 05:36:00,0.22532363303668035
2019-10-05 05:39:00,0.1311513889901903
2019-10-05 05:42:00,0.061270770729720425
2019-10-05 05:45:00,0.24057720568276864
2019-10-05 05:48:00,0.12813831179352064
2019-10-05 05:51:00,0.2131513593083696
2019-10-05 05:54:00,0.20255846133642308
2019-10-05 05:57:00,0.2753450272671216
2019-10-05 06:00:00,0.3011805554143052
2019-10-05 06:03:00,0.43189538235111513
2019-10-05 06:06:00,0.3976313465673229
2019-10-05 06:09:00,0.3238276801272377
2019-10-05 06:12:00,0.29744784017998427
2019-10-05 06:15:00,0.3127884999146886
2019-10-05 06:18:00,0.283236620566754
2019-10-05 06:21:00,0.34443358052402573
2019-10-05 06:24:00,0.3378265388618047
2019-10-05 06:27:00,0.2751626765978017
2019-10-05 06:30:00,0.22856249025073794
2019-10-05 06:33:00,0.25169933524023236
2019-10-05 06:36:00,0.2160951486355316
2019-10-05 06:39:00,0.2778314548945673
2019-10-05 06:42:00,0.06781281494215818
2019-10-05 06:45:00,0.07540711673618716
2019-10-05 06:48:00,0.18105654114708614
2019-10-05 06:51:00,0.02290017536029154
2019-10-05 06:54:00,0.05790133545247045
2019-10-05 06:57:00,0.12497639044863718
2019-10-05 07:00:00,0.06512362920739179
2019-10-05 07:03:00,0.15365075104170955
2019-10-05 07:06:00,0.18806131482239152
2019-10-05 07:09:00,0.2166290298698641
2019-10-05 07:12:00,0.22481923946855886
2019-10-05 07:15:00,0.07777581008940615
2019-10-05 07:18:00,0.06666197585940381
2019-10-05 07:21:00,0.06674039557333344
2019-10-05 07:24:00,0.22118971437754453
2019-10-05 07:27:00,0.11358152518863562
2019-10-05 07:30:00,0.16904665294816823
2019-10-05 07:33:00,0.09125052916374443
2019-10-05 07:36:00,0.05887328006031112
2019-10-05 07:39:00,0.14779424896045157
2019-10-05 07:42:00,0.11501097180246234
2019-10-05 07:45:00,0.22150482672230964
2019-10-05 07:48:00,0.15667325333589588
2019-10-05 07:51:00,0.1463611666239899
2019-10-05 07:54:00,0.11927984038254635
2019-10-05 07:57:00,0.07402802792449847
2019-10-05 08:00:00,0.21000225814299256
2019-10-05 08:03:00,0.11702034975093056
2019-10-05 08:06:00,0.04432504386340952
2019-10-05 08:09:00,0.030122788152652902
2019-10-05 08:12:00,0.12549096743862265
2019-10-05 08:15:00,0.15707043927585573
2019-10-05 08:18:00,0.1335436009689488
2019-10-05 08:21:00,0.13977581740948608
2019-10-05 08:24:00,-0.05407082773695038
2019-10-05 08:27:00,0.06153149346698683
2019-10-05 08:30:00,0.11876121171428622
2019-10-05 08:33:00,0.10262285306561125
2019-10-05 08:36:00,-0.05255287198650649
2019-10-05 08:39:00,0.02740417283126817
2019-10-05 08:42:00,0.10521105856008717
2019-10-05 08:45:00,-0.023459912963801344
2019-10-05 08:48:00,0.028350380023141497
2019-10-05 08:51:00,0.037072644427894375
2019-10-05 08:54:00,0.14069360933029884
2019-10-05 08:57:00,-0.15335797624845782
2019-10-05 09:00:00,-0.029811258886184078
2019-10-05 09:03:00,-0.08070470091752213
2019-10-05 09:06:00,-0.055116757419853
2019-10-05 09:09:00,-0.08781633686567147
2019-10-05 09:12:00,-0.05200156097578201
2019-10-05 09:15:00,-0.016915524926446324
2019-10-05 09:18:00,-0.1002925637807266
2019-10-05 09:21:00,-0.0196673463099728
2019-10-05 09:24:00,-0.037833669515919155
2019-10-05 09:27:00,-0.026208233919021495
2019-10-05 09:30:00,-0.0031165475520538166
2019-10-05 09:33:00,-0.017957970460827255
2019-10-05 09:36:00,0.014782356249213535
2019-10-05 09:39:00,0.07161124192617763
2019-10-05 09:42:00,0.0876145609608443
2019-10-05 09:45:00,0.01424113471983901
2019-10-05 09:48:00,0.018810604411669374
2019-10-05 09:51:00,-0.04865125365517997
2019-10-05 09:54:00,0.05175603411623797
2019-10-05 09:57:00,-0.014179127617239828
2019-10-05 10:00:00,-0.022858252489129427
2019-10-05 10:03:00,-0.12493334275490042
2019-10-05 10:06:00,-0.09183863800797099
2019-10-05 10:09:00,-0.14302924893951285
2019-10-05 10:12:00,-0.09029919286473387
2019-10-05 10:15:00,-0.12705451364934106
2019-10-05 10:18:00,-0.2019004074142572
2019-10-05 10:21:00,-0.1837781228488211
2019-10-05 10:24:00,-0.006418921093484187
2019-10-05 10:27:00,-0.21018606748515367
2019-10-05 10:30:00,-0.11423205709348849
2019-10-05 10:33:00,-0.07435083982386459
2019-10-05 10:36:00,-0.10402134711461031
2019-10-05 10:39:00,-0.21228036375367765
2019-10-05 10:42:00,-0.13208603730862478
2019-10-05 10:45:00,-0.06068250066300607
2019-10-05 10:48:00,-0.12463785553444495
2019-10-05 10:51:00,-0.12229323322958408
2019-10-05 10:54:00,0.04410828756192586
2019-10-05 10:57:00,0.0012554846728676239
2019-10-05 11:00:00,0.022294861929651688
2019-10-05 11:03:00,-0.07913906269925519
2019-10-05 11:06:00,-0.08976753832456552
2019-10-05 11:09:00,-0.041819490673276505
2019-10-05 11:12:00,0.036554114111652325
2019-10-05 11:15:00,-0.05196958469423407
2019-10-05 11:18:00,-0.01730681373862808
2019-10-05 11:21:00,0.011840215564802747
2019-10-05 11:24:00,-0.1444015854050349
2019-10-05 11:27:00,-0.023531186001548576
2019-10-05 11:30:00,-0.025880133046655374
2019-10-05 11:33:00,-0.044312132140987615
2019-10-05 11:36:00,-0.09749791762880022
2019-10-05 11:39:00,-0.0888773892350514
2019-10-05 11:42:00,-0.03345636294432097
2019-10-05 11:45:00,-0.04290135433387832
2019-10-05 11:48:00,-0.21158790066937172
2019-10-05 11:51:00,-0.21810657875033712
2019-10-05 11:54:00,-0.15543100230399887
2019-10-05 11:57:00,-0.03521053421985698
2019-10-05 12:00:00,-0.16599873956113242
2019-10-05 12:03:00,-0.21992970711164617
2019-10-05 12:06:00,-0.03143402325582656
2019-10-05 12:09:00,-0.12830116113622125
2019-10-05 12:12:00,-0.09996626208834414
2019-10-05 12:15:00,-0.17232285325889052
2019-10-05 12:18:00,-0.08694206979032515
2019-10-05 12:21:00,-0.15874976104970528
2019-10-05 12:24:00,-0.1327213560225573
2019-10-05 12:27:00,-0.13234731897910024
2019-10-05 12:30:00,-0.09612617769096232
2019-10-05 12:33:00,0.0598810531126901
2019-10-05 12:36:00,-0.024093440896365337
2019-10-05 12:39:00,-0.12445150934013327
2019-10-05 12:42:00,-0.22144460664964072
2019-10-05 12:45:00,-0.17033350638791944
2019-10-05 12:48:00,-0.15078156074946492
2019-10-05 12:51:00,-0.18918589163729393
2019-10-05 12:54:00,-0.10791317266557598
2019-10-05 12:57:00,-0.14061238876456628
2019-10-05 13:00:00,-0.1913188115317439
2019-10-05 13:03:00,-0.19833792441113474
2019-10-05 13:06:00,-0.20978360582842015
2019-10-05 13:09:00,-0.23909305635601186
2019-10-05 13:12:00,-0.2949112793965014
2019-10-05 13:15:00,-0.27139542331650546
2019-10-05 13:18:00,-0.22668632513654075
2019-10-05 13:21:00,-0.3169548773568067
2019-10-05 13:24:00,-0.33051143255590887
2019-10-05 13:27:00,-0.2123110102218675
2019-10-05 13:30:00,-0.27959891430850803
2019-10-05 13:33:00,-0.4065427537898927
2019-10-05 13:36:00,-0.3997363161926728
2019-10-05 13:39:00,-0.32634609650955326
2019-10-05 13:42:00,-0.38556356754799026
2019-10-05 13:45:00,-0.2783708318132767
2019-10-05 13:48:00,-0.3048694869478368
2019-10-05 13:51:00,-0.34929638805704144
2019-10-05 13:54:00,-0.19233261332755092
2019-10-05 13:57:00,-0.27083304981448464
2019-10-05 14:00:00,-0.4835330844948089
2019-10-05 14:03:00,-0.4063620820841152
2019-10-05 14:06:00,-0.38156104986683204
2019-10-05 14:09:00,-0.377056924195017
2019-10-05 14:12:00,-0.25693088781036977
2019-10-05 14:15:00,-0.3134892346086531
2019-10-05 14:18:00,-0.2606045279598561
2019-10-05 14:21:00,-0.13813307096796734
2019-10-05 14:24:00,-0.24940534728972352
2019-10-05 14:27:00,-0.24625983034161436
2019-10-05 14:30:00,-0.30355807768211207
2019-10-05 14:33:00,-0.22542927696792958
2019-10-05 14:36:00,-0.34455708329528534
2019-10-05 14:39:00,-0.38570167862172866
2019-10-05 14:42:00,-0.3353276043945925
2019-10-05 14:45:00,-0.4011752937786355
2019-10-05 14:48:00,-0.24232064254590568
2019-10-05 14:51:00,-0.3418723078199264
2019-10-05 14:54:00,-0.29654338683229753
2019-10-05 14:57:00,-0.25706282030472494
2019-10-05 15:00:00,-0.3683118053283465
2019-10-05 15:03:00,-0.4496619883264543
2019-10-05 15:06:00,-0.3295221454308148
2019-10-05 15:09:00,-0.4117894922100618
2019-10-05 15:12:00,-0.4041273706245079
2019-10-05 15:15:00,-0.40421352093216
2019-10-05 15:18:00,-0.4235658836179823
2019-10-05 15:21:00,-0.5076121961569129
2019-10-05 15:24:00,-0.507506385290867
2019-10-05 15:27:00,-0.540655452467945
2019-10-05 15:30:00,-0.42202572611961386
2019-10-05 15:33:00,-0.4294800153479059
2019-10-05 15:36:00,-0.4818732750027266
2019-10-05 15:39:00,-0.5241524010356784
2019-10-05 15:42:00,-0.5391221149064336
2019-10-05 15:45:00,-0.44747572682575765
2019-10-05 15:48:00,-0.44986690794593187
2019-10-05 15:51:00,-0.38988935399117963
2019-10-05 15:54:00,-0.43434645306172115
2019-10-05 15:57:00,-0.5093431334602769
2019-10-05 16:00:00,-0.4772314117625456
2019-10-05 16:03:00,-0.43700390677571477
2019-10-05 16:06:00,-0.5182023527541446
2019-10-05 16:09:00,-0.5175930601072878
2019-10-05 16:12:00,-0.3832256294801937
2019-10-05 16:15:00,-0.3992451138065576
2019-10-05 16:18:00,-0.4461386330685855
2019-10-05 16:21:00,-0.4738567213993292
2019-10-05 16:24:00,-0.3201420172675853
2019-10-05 16:27:00,-0.34349656058998335
2019-10-05 16:30:00,-0.30271864810328
2019-10-05 16:33:00,-0.19866232643425974
2019-10-05 16:36:00,0.260212068226906
2019-10-05 16:39:00,-0.04291067340761856
2019-10-05 16:42:00,-0.08352152788688727
2019-10-05 16:45:00,-0.14574172088595105
2019-10-05 16:48:00,-0.043604134607335254
2019-10-05 16:51:00,-0.11104337979787715
2019-10-05 16:54:00,-0.14416699352426576
2019-10-05 16:57:00,-0.22479559654362902
2019-10-05 17:00:00,-0.15282325742748526
2019-10-05 17:03:00,-0.04126927620058041
2019-10-05 17:06:00,-0.08948439613749315
2019-10-05 17:09:00,-0.20371885351437413
2019-10-05 17:12:00,-0.2114048108037423
2019-10-05 17:15:00,-0.15216235982740045
2019-10-05 17:18:00,-0.06498101268238088
2019-10-05 17:21:00,-0.061853908094292365
2019-10-05 17:24:00,-0.12680519209760632
2019-10-05 17:27:00,-0.11867698397622917
2019-10-05 17:30:00,-0.12452783688593172
2019-10-05 17:33:00,-0.08820593722941794
2019-10-05 17:36:00,-0.17606999151513492
2019-10-05 17:39:00,-0.16893990029876704
2019-10-05 17:42:00,-0.1337740507452736
2019-10-05 17:45:00,-0.1587070305799898
2019-10-05 17:48:00,-0.23349516909507884
2019-10-05 17:51:00,-0.20522307183711064
2019-10-05 17:54:00,-0.14107734771533842
2019-10-05 17:57:00,0.026246678492327646
2019-10-05 18:00:00,-0.11429179362511377
2019-10-05 18:03:00,-0.1290171003606133
2019-10-05 18:06:00,-0.12743385035025767
2019-10-05 18:09:00,-0.05395043808010769
2019-10-05 18:12:00,-0.07165723772021693
2019-10-05 18:15:00,-0.12155922094473226
2019-10-05 18:18:00,-0.22766297989483064
2019-10-05 18:21:00,-0.1907390103593798
2019-10-05 18:24:00,-0.09618597568334053
2019-10-05 18:27:00,-0.22378742000324792
2019-10-05 18:30:00,-0.11407206086562383
2019-10-05 18:33:00,-0.07040647867466987
2019-10-05 18:36:00,-0.27240902462546046
2019-10-05 18:39:00,-0.2035318999872402
2019-10-05 18:42:00,-0.22117362121127826
2019-10-05 18:45:00,-0.20302798708661385
2019-10-05 18:48:00,-0.15569005196726948
2019-10-05 18:51:00,-0.031887830698053676
2019-10-05 18:54:00,
2019-10-05 18:57:00,
2019-10-05 19:00:00,
2019-10-05 19:03:00,0.0136895932280936
2019-10-05 19:06:00,-0.032414379575811836
2019-10-05 19:09:00,0.16562869980947426
2019-10-05 19:12:00,0.1959282225124639
2019-10-05 19:15:00,0.44127718148592976
2019-10-05 19:18:00,0.47973969604811373
2019-10-05 19:21:00,0.5382481907724355
2019-10-05 19:24:00,0.5660950602717776
2019-10-05 19:27:00,0.4120163778893584
2019-10-05 19:30:00,0.46036106493772877
2019-10-05 19:33:00,0.4640583287525146
2019-10-05 19:36:00,0.5563794998994354
2019-10-05 19:39:00,0.6850780746104874
2019-10-05 19:42:00,0.8639524824343994
2019-10-05 19:45:00,0.8896768901326482
2019-10-05 19:48:00,0.8830776872794672
2019-10-05 19:51:00,0.8908038293370169
2019-10-05 19:54:00,0.8344286055599923
2019-10-05 19:57:00,0.6763000648927573
2019-10-05 20:00:00,0.5195491810649173
2019-10-05 20:03:00,0.5839979346497444
2019-10-05 20:06:00,0.48855989663860555
2019-10-05 20:09:00,0.35007386330227064
2019-10-05 20:12:00,0.2924988029565725
2019-10-05 20:15:00,0.3041671114353903
2019-10-05 20:18:00,0.30449959103390256
2019-10-05 20:21:00,0.2262594625825045
2019-10-05 20:24:00,0.20677855537439882
2019-10-05 20:27:00,0.15614629078430653
2019-10-05 20:30:00,0.3041961935393829
2019-10-05 20:33:00,0.1875757899143764
2019-10-05 20:36:00,0.333330828262433
2019-10-05 20:39:00,0.09577734385442227
2019-10-05 20:42:00,0.24457171536050737
2019-10-05 20:45:00,0.1945501495080748
2019-10-05 20:48:00,0.09038883272489784
2019-10-05 20:51:00,0.1572581518549896
2019-10-05 20:54:00,0.11260973608358427
2019-10-05 20:57:00,0.2250769652176814
2019-10-05 21:00:00,0.12477515139119078
2019-10-05 21:03:00,0.0913073469815231
2019-10-05 21:06:00,0.20273007856485492
2019-10-05 21:09:00,0.2219576642887091
2019-10-05 21:12:00,0.18237670723056
2019-10-05 21:15:00,0.20144028328508057
2019-10-05 21:18:00,0.2287927475879883
2019-10-05 21:21:00,0.19391854048086543
2019-10-05 21:24:00,0.2869825987492618
2019-10-05 21:27:00,0.25883830489652837
2019-10-05 21:30:00,0.14971398039239148
2019-10-05 21:33:00,0.16978486475511545
2019-10-05 21:36:00,0.15450768565352746
2019-10-05 21:39:00,0.19804777400645435
2019-10-05 21:42:00,0.22791012765395635
2019-10-05 21:45:00,0.1537641776652663
2019-10-05 21:48:00,0.0930786276874187
2019-10-05 21:51:00,0.2311123815077849
2019-10-05 21:54:00,0.18270968319870917
2019-10-05 21:57:00,0.1853649783836886
2019-10-05 22:00:00,0.2959078901553198
2019-10-05 22:03:00,0.23541946451632612
2019-10-05 22:06:00,0.28521955180156056
2019-10-05 22:09:00,0.2492721780167244
2019-10-05 22:12:00,0.23944431408324363
2019-10-05 22:15:00,0.23828822947132267
2019-10-05 22:18:00,0.30567112750719616
2019-10-05 22:21:00,0.2522471855003232
2019-10-05 22:24:00,0.20382411602906814
2019-10-05 22:27:00,0.20370769007865874
2019-10-05 22:30:00,0.11600162643213707
2019-10-05 22:33:00,0.18113602111901628
2019-10-05 22:36:00,0.16466248378463888
2019-10-05 22:39:00,0.17675811407309538
2019-10-05 22:42:00,0.15085096671157316
2019-10-05 22:45:00,0.2657976239303821
2019-10-05 22:48:00,0.2547014389327842
2019-10-05 22:51:00,0.2950173223875936
2019-10-05 22:54:00,0.2583008828166271
2019-10-05 22:57:00,0.2852071531647198
2019-10-05 23:00:00,0.2518065566833343
2019-10-05 23:03:00,0.2163305082719944
2019-10-05 23:06:00,0.23704700858462502
2019-10-05 23:09:00,0.2909267733646743
2019-10-05 23:12:00,0.255637697553766
2019-10-05 23:15:00,0.21236838751610776
2019-10-05 23:18:00,0.34273485668597914
2019-10-05 23:21:00,0.23199700376574128
2019-10-05 23:24:00,0.25851024296923697
2019-10-05 23:27:00,0.24456775354644833
2019-10-05 23:30:00,0.19869484621074207
2019-10-05 23:33:00,0.18500261332974333
2019-10-05 23:36:00,0.2822358383271535
2019-10-05 23:39:00,0.2704137559977653
2019-10-05 23:42:00,0.324658560828766
2019-10-05 23:45:00,0.2842536088001566
2019-10-05 23:48:00,0.2542072690297914
2019-10-05 23:51:00,0.2247286166153799
2019-10-05 23:54:00,0.3130925263812401
2019-10-05 23:57:00,0.20841873713459336
2019-10-06 00:00:00,0.3601100598614835
2019-10-06 00:03:00,0.2830483332739959
2019-10-06 00:06:00,0.4075683479187546
2019-10-06 00:09:00,0.3108433653425777
2019-10-06 00:12:00,0.3097578524221376
2019-10-06 00:15:00,0.3048107546619008
2019-10-06 00:18:00,0.25307127113734396
2019-10-06 00:21:00,0.31279315361678073
2019-10-06 00:24:00,0.27896847406054803
2019-10-06 00:27:00,0.2748061328518929
2019-10-06 00:30:00,0.45029452024772354
2019-10-06 00:33:00,0.47031934451899815
2019-10-06 00:36:00,0.33550182189668476
2019-10-06 00:39:00,0.28520589629488313
2019-10-06 00:42:00,0.32065200975836206
2019-10-06 00:45:00,0.34606830270644195
2019-10-06 00:48:00,0.3125186540777918
2019-10-06 00:51:00,0.3160111251307285
2019-10-06 00:54:00,0.3503959693939578
2019-10-06 00:57:00,0.3649077216864498
2019-10-06 01:00:00,0.2611272223039123
2019-10-06 01:03:00,0.34233961657372447
2019-10-06 01:06:00,0.3804520898795545
2019-10-06 01:09:00,0.3943408866811069
2019-10-06 01:12:00,0.28356780201369247
2019-10-06 01:15:00,0.43127781354348826
2019-10-06 01:18:00,0.3209905244526112
2019-10-06 01:21:00,0.3284350281243178
2019-10-06 01:24:00,0.32527164518540985
2019-10-06 01:27:00,0.36057844996201993
2019-10-06 01:30:00,0.3254535434739978
2019-10-06 01:33:00,0.2818608997578167
2019-10-06 01:36:00,0.30259731021124026
2019-10-06 01:39:00,0.25712514416625254
2019-10-06 01:42:00,0.23014965221597095
2019-10-06 01:45:00,0.2998476283805189
2019-10-06 01:48:00,0.2218905073474957
2019-10-06 01:51:00,0.3639654258742553
2019-10-06 01:54:00,0.2794551240345413
2019-10-06 01:57:00,0.37843953326319024
2019-10-06 02:00:00,0.3509774728681805
2019-10-06 02:03:00,0.4475632517111876
2019-10-06 02:06:00,0.4327027049751564
2019-10-06 02:09:00,0.39797645837325035
2019-10-06 02:12:00,0.3088904532887682
2019-10-06 02:15:00,0.36978242218725654
2019-10-06 02:18:00,0.516550822645172
2019-10-06 02:21:00,0.297137060173327
2019-10-06 02:24:00,0.25519181600105867
2019-10-06 02:27:00,0.3019425809073937
2019-10-06 02:30:00,0.31820426157332804
2019-10-06 02:33:00,0.26728929927764966
2019-10-06 02:36:00,0.41342104285917003
2019-10-06 02:39:00,0.451050202117699
2019-10-06 02:42:00,0.32908067436920874
2019-10-06 02:45:00,0.41932595092373504
2019-10-06 02:48:00,0.3121047326189341
2019-10-06 02:51:00,0.38233594977646135
2019-10-06 02:54:00,0.33085907677815385
2019-10-06 02:57:00,0.3200050169497217
2019-10-06 03:00:00,0.38113619259746656
2019-10-06 03:03:00,0.3429429760162179
2019-10-06 03:06:00,0.34053180603865485
2019-10-06 03:09:00,0.3648097366618117
2019-10-06 03:12:00,0.3439870519871988
2019-10-06 03:15:00,0.367796377683419
2019-10-06 03:18:00,0.4304609374240158
2019-10-06 03:21:00,0.3013237149681345
2019-10-06 03:24:00,0.34167299176300503
2019-10-06 03:27:00,0.3630513740162087
2019-10-06 03:30:00,0.38913421106013857
2019-10-06 03:33:00,0.3828527164225761
2019-10-06 03:36:00,0.388556680129966
2019-10-06 03:39:00,0.36890891996267783
2019-10-06 03:42:00,0.3716989019103494
2019-10-06 03:45:00,0.2694678790934404
2019-10-06 03:48:00,0.3919820935943221
2019-10-06 03:51:00,0.32352801909121354
2019-10-06 03:54:00,0.3772015563945388
2019-10-06 03:57:00,0.36836837792708366
2019-10-06 04:00:00,0.24460714519182147
2019-10-06 04:03:00,0.28853366512760203
2019-10-06 04:06:00,0.32752534996257054
2019-10-06 04:09:00,0.3528461541327488
2019-10-06 04:12:00,0.44878940752596463
2019-10-06 04:15:00,0.3282975304970819
2019-10-06 04:18:00,0.4119188407590286
2019-10-06 04:21:00,0.4463251770139891
2019-10-06 04:24:00,0.27390068726879235
2019-10-06 04:27:00,0.3536295048200486
2019-10-06 04:30:00,0.4537038266637978
2019-10-06 04:33:00,0.42827007837286146
2019-10-06 04:36:00,0.32608773343514486
2019-10-06 04:39:00,0.3773236400908786
2019-10-06 04:42:00,0.31594405162331896
2019-10-06 04:45:00,0.40610405938394933
2019-10-06 04:48:00,0.3710364470356353
2019-10-06 04:51:00,0.30396294375032085
2019-10-06 04:54:00,0.315349053985301
2019-10-06 04:57:00,0.3851179041400883
2019-10-06 05:00:00,0.4206728137347113
2019-10-06 05:03:00,0.4369142110022608
2019-10-06 05:06:00,0.4385117739681732
2019-10-06 05:09:00,0.49481386765972957
2019-10-06 05:12:00,0.43982595882522446
2019-10-06 05:15:00,0.26792959444048847
2019-10-06 05:18:00,0.38291252300746237
2019-10-06 05:21:00,0.35514968926321444
2019-10-06 05:24:00,0.3582552382241033
2019-10-06 05:27:00,0.3240263236908163
2019-10-06 05:30:00,0.33693237297399037
2019-10-06 05:33:00,0.3537987034658272
2019-10-06 05:36:00,0.41259253379024585
2019-10-06 05:39:00,0.37426353271996504
2019-10-06 05:42:00,0.451289056106873
2019-10-06 05:45:00,0.5210995095574731
2019-10-06 05:48:00,0.3851998197785065
2019-10-06 05:51:00,0.40234756854658826
2019-10-06 05:54:00,0.4504040178546802
2019-10-06 05:57:00,0.41506917690389855
2019-10-06 06:00:00,0.4284818353896185
2019-10-06 06:03:00,0.39140775929706706
2019-10-06 06:06:00,0.4525759155868627
2019-10-06 06:09:00,0.3925376734836732
2019-10-06 06:12:00,0.4557309330905923
2019-10-06 06:15:00,0.3785131006895881
2019-10-06 06:18:00,0.5177616403989305
2019-10-06 06:21:00,0.501460395540164
2019-10-06 06:24:00,0.37279706744112673
2019-10-06 06:27:00,0.5436626809680547
2019-10-06 06:30:00,0.43093970895614575
2019-10-06 06:33:00,0.34768424980489954
2019-10-06 06:36:00,0.48752368714212935
2019-10-06 06:39:00,0.481954647687985
2019-10-06 06:42:00,0.45449398779447847
2019-10-06 06:45:00,0.4177746867431438
2019-10-06 06:48:00,0.47298090294674466
2019-10-06 06:51:00,0.5105197930943177
2019-10-06 06:54:00,0.4500118090986689
2019-10-06 06:57:00,0.4127284730163865
2019-10-06 07:00:00,0.534972692659835
2019-10-06 07:03:00,0.48736141277055367
2019-10-06 07:06:00,0.5632851266464058
2019-10-06 07:09:00,0.5591586123842944
2019-10-06 07:12:00,0.3530461139822023
2019-10-06 07:15:00,0.4410981448744451
2019-10-06 07:18:00,0.41261401127553654
2019-10-06 07:21:00,0.40946753074211983
2019-10-06 07:24:00,0.3960957356118229
2019-10-06 07:27:00,0.38383001758609225
2019-10-06 07:30:00,0.36282086171593164
2019-10-06 07:33:00,0.3981060298748389
2019-10-06 07:36:00,0.5032031361624831
2019-10-06 07:39:00,0.396393902819284
2019-10-06 07:42:00,0.35037473902571037
2019-10-06 07:45:00,0.46747737735177
2019-10-06 07:48:00,0.4299210041820629
2019-10-06 07:51:00,0.33888422168973875
2019-10-06 07:54:00,0.3427147056237345
2019-10-06 07:57:00,0.34553304950867414
2019-10-06 08:00:00,0.32263547437815987
2019-10-06 08:03:00,0.4061572638536859
2019-10-06 08:06:00,0.30910381455339575
2019-10-06 08:09:00,0.23473993500869028
2019-10-06 08:12:00,0.33094026254008213
2019-10-06 08:15:00,0.30564250457683784
2019-10-06 08:18:00,0.2469992659903255
2019-10-06 08:21:00,0.1997492448112439
2019-10-06 08:24:00,0.23695035060535474
2019-10-06 08:27:00,0.31566398286963704
2019-10-06 08:30:00,0.3238583233564327
2019-10-06 08:33:00,0.2515857737856777
2019-10-06 08:36:00,0.22234377811332706
2019-10-06 08:39:00,0.24815336307699454
2019-10-06 08:42:00,0.06808380683355608
2019-10-06 08:45:00,0.09519268883713039
2019-10-06 08:48:00,0.15537235308835307
2019-10-06 08:51:00,0.213934559211566
2019-10-06 08:54:00,0.20024337520698055
2019-10-06 08:57:00,0.11457191077215612
2019-10-06 09:00:00,0.10362564485751591
2019-10-06 09:03:00,0.16044213934839036
2019-10-06 09:06:00,0.20333504045561313
2019-10-06 09:09:00,0.29578496602823634
2019-10-06 09:12:00,0.11246031393204703
2019-10-06 09:15:00,0.16804441661361125
2019-10-06 09:18:00,0.16441511500795514
2019-10-06 09:21:00,0.11548572677207858
2019-10-06 09:24:00,0.1589172719222347
2019-10-06 09:27:00,0.09090526988285319
2019-10-06 09:30:00,0.14627774659197712
2019-10-06 09:33:00,0.12475455284067039
2019-10-06 09:36:00,0.09324178326266974
2019-10-06 09:39:00,0.04720336264898606
2019-10-06 09:42:00,0.11525357277650983
2019-10-06 09:45:00,0.15614341176961943
2019-10-06 09:48:00,0.19739925853934892
2019-10-06 09:51:00,0.10586466155399421
2019-10-06 09:54:00,0.03563991209625783
2019-10-06 09:57:00,0.03651004389354284
2019-10-06 10:00:00,0.03676546974662642
2019-10-06 10:03:00,0.032511207249058316
2019-10-06 10:06:00,0.043085213340077644
2019-10-06 10:09:00,-0.028886273619946223
2019-10-06 10:12:00,0.035625622130794454
2019-10-06 10:15:00,0.0013484421259022383
2019-10-06 10:18:00,-0.15764132359640826
2019-10-06 10:21:00,-0.11281628643257591
2019-10-06 10:24:00,-0.027889317254448542
2019-10-06 10:27:00,-0.061896665201686574
2019-10-06 10:30:00,-0.08042240484292051
2019-10-06 10:33:00,-0.05797838397847954
2019-10-06 10:36:00,-0.017282453411098686
2019-10-06 10:39:00,-0.06443263450813674
2019-10-06 10:42:00,-0.0705174400048918
2019-10-06 10:45:00,-0.049439923451245704
2019-10-06 10:48:00,-0.08928211476711567
2019-10-06 10:51:00,-0.05115032321072022
2019-10-06 10:54:00,-0.02303579092244945
2019-10-06 10:57:00,-0.11370887216355641
2019-10-06 11:00:00,-0.025808229103688518
2019-10-06 11:03:00,-0.08475846855895952
2019-10-06 11:06:00,0.0024722448023339894
2019-10-06 11:09:00,0.008310727895718628
2019-10-06 11:12:00,0.028532613516176752
2019-10-06 11:15:00,-0.05380764114732983
2019-10-06 11:18:00,-0.11191716090883119
2019-10-06 11:21:00,-0.04078583529201296
2019-10-06 11:24:00,-0.043508911494768654
2019-10-06 11:27:00,-0.10415896353634935
2019-10-06 11:30:00,-0.010886842210368286
2019-10-06 11:33:00,0.055987950261453534
2019-10-06 11:36:00,-0.07909502404567093
2019-10-06 11:39:00,-0.022113167082352447
2019-10-06 11:42:00,-0.018676689567087124
2019-10-06 11:45:00,0.01879491903946473
2019-10-06 11:48:00,0.04218696380445408
2019-10-06 11:51:00,-0.06151026917126501
2019-10-06 11:54:00,-0.018322020198013433
2019-10-06 11:57:00,-0.19914414780004108
2019-10-06 12:00:00,-0.06211709563558543
2019-10-06 12:03:00,-0.06609465983035534
2019-10-06 12:06:00,-0.11447253167892768
2019-10-06 12:09:00,-0.046054787979528555
2019-10-06 12:12:00,-0.12454931535472724
2019-10-06 12:15:00,-0.12386203433112541
2019-10-06 12:18:00,-0.007057516609904724
2019-10-06 12:21:00,-0.008650861349622119
2019-10-06 12:24:00,0.060493961561462584
2019-10-06 12:27:00,-0.05525531871393241
2019-10-06 12:30:00,-0.05905707211718436
2019-10-06 12:33:00,-0.010698923386769366
2019-10-06 12:36:00,0.008448022656125431
2019-10-06 12:39:00,-0.10436956097476013
2019-10-06 12:42:00,-0.09926680427611245
2019-10-06 12:45:00,-0.17025799595006674
2019-10-06 12:48:00,-0.12505270637041122
2019-10-06 12:51:00,-0.0029012987835699278
2019-10-06 12:54:00,-0.06435280583389158
2019-10-06 12:57:00,-0.06521348140819327
2019-10-06 13:00:00,0.19974158318933632
2019-10-06 13:03:00,0.14203004924939933
2019-10-06 13:06:00,0.10379464795232707
2019-10-06 13:09:00,0.08338908666542011
2019-10-06 13:12:00,-0.001681091556008596
2019-10-06 13:15:00,0.0773084780046247
2019-10-06 13:18:00,0.0008533754495374524
2019-10-06 13:21:00,0.04814051661486474
2019-10-06 13:24:00,0.1338185853048799
2019-10-06 13:27:00,0.012687647223799559
2019-10-06 13:30:00,0.10336838478525578
2019-10-06 13:33:00,0.07050211753062285
2019-10-06 13:36:00,0.05508932445161463
2019-10-06 13:39:00,0.0504591332961013
2019-10-06 13:42:00,0.057769308744923364
2019-10-06 13:45:00,0.09499024015644864
2019-10-06 13:48:00,0.0622337272650384
2019-10-06 13:51:00,0.004564472308743461
2019-10-06 13:54:00,0.004564862844347317
2019-10-06 13:57:00,-0.09175209679636964
2019-10-06 14:00:00,-0.01722667487331364
2019-10-06 14:03:00,0.06733628655121038
2019-10-06 14:06:00,-0.0082946055405273
2019-10-06 14:09:00,0.03925169517873428
2019-10-06 14:12:00,0.048216551679445274
2019-10-06 14:15:00,0.12354752759023313
2019-10-06 14:18:00,0.1047316635430775
2019-10-06 14:21:00,0.05874817675351096
2019-10-06 14:24:00,-0.03392306874229689
2019-10-06 14:27:00,0.1021409960109736
2019-10-06 14:30:00,-0.04830252309864136
2019-10-06 14:33:00,-0.017535631896294035
2019-10-06 14:36:00,0.01054232628104046
2019-10-06 14:39:00,0.05000744423261949
2019-10-06 14:42:00,0.0697871618682484
2019-10-06 14:45:00,0.05589365727223594
2019-10-06 14:48:00,-0.03201047272608548
2019-10-06 14:51:00,0.05869080954096262
2019-10-06 14:54:00,-0.0609343665724964
2019-10-06 14:57:00,-0.018055752550537818
2019-10-06 15:00:00,0.011167015571004413
2019-10-06 15:03:00,0.029148104568434974
2019-10-06 15:06:00,-0.030470686288481375
2019-10-06 15:09:00,-0.039191601230925244
2019-10-06 15:12:00,-0.096581375446533
2019-10-06 15:15:00,-0.05644877262636783
2019-10-06 15:18:00,-0.14663311044790817
2019-10-06 15:21:00,-0.2037989087929759
2019-10-06 15:24:00,-0.055400808775402766
2019-10-06 15:27:00,-0.12678614309913883
2019-10-06 15:30:00,-0.11902330779412296
2019-10-06 15:33:00,-0.07928439266942178
2019-10-06 15:36:00,-0.11596990396037654
2019-10-06 15:39:00,-0.11761031231623065
2019-10-06 15:42:00,-0.14733937190709412
2019-10-06 15:45:00,-0.03378269490946195
2019-10-06 15:48:00,0.06714320644880445
2019-10-06 15:51:00,-0.10021537991082141
2019-10-06 15:54:00,-0.14402054041420342
2019-10-06 15:57:00,-0.10729439310620137
2019-10-06 16:00:00,0.06916251116757621
2019-10-06 16:03:00,-0.10559454150944703
2019-10-06 16:06:00,-0.15282728369220422
2019-10-06 16:09:00,-0.15015822426659042
2019-10-06 16:12:00,-0.19448327301000745
2019-10-06 16:15:00,-0.10985884472978569
2019-10-06 16:18:00,-0.2094842332008966
2019-10-06 16:21:00,-0.09970284653286399
2019-10-06 16:24:00,-0.19304027482957054
2019-10-06 16:27:00,-0.16146148638000568
2019-10-06 16:30:00,-0.12292577192152976
2019-10-06 16:33:00,-0.272774518039796
2019-10-06 16:36:00,-0.23161100144073998
2019-10-06 16:39:00,-0.11963139533258982
2019-10-06 16:42:00,-0.1987100103206103
2019-10-06 16:45:00,-0.10226418147590266
2019-10-06 16:48:00,-0.2152022391892956
2019-10-06 16:51:00,-0.20150440654168733
2019-10-06 16:54:00,-0.09935815620195854
2019-10-06 16:57:00,-0.11286201599108381
2019-10-06 17:00:00,-0.13315500624781862
2019-10-06 17:03:00,-0.16093199287627158
2019-10-06 17:06:00,-0.16699049222978601
2019-10-06 17:09:00,-0.19014624852792394
2019-10-06 17:12:00,-0.14656330597648548
2019-10-06 17:15:00,-0.0951674791317032
2019-10-06 17:18:00,-0.11607005553884164
2019-10-06 17:21:00,-0.08724632130474674
2019-10-06 17:24:00,-0.09324218568593778
2019-10-06 17:27:00,-0.044373663692510945
2019-10-06 17:30:00,-0.1331898361339654
2019-10-06 17:33:00,-0.10322478654262568
2019-10-06 17:36:00,-0.17070418922043018
2019-10-06 17:39:00,-0.13427483978841792
2019-10-06 17:42:00,-0.0857518742185448
2019-10-06 17:45:00,-0.16415980735598623
2019-10-06 17:48:00,-0.1819194181991861
2019-10-06 17:51:00,-0.20703080057597845
2019-10-06 17:54:00,-0.15576000725280892
2019-10-06 17:57:00,-0.11228362928630986
2019-10-06 18:00:00,-0.09727267187628286
2019-10-06 18:03:00,-0.06904670777839783
2019-10-06 18:06:00,-0.013331387138464379
2019-10-06 18:09:00,-0.07523760625667819
2019-10-06 18:12:00,-0.0882356284445791
2019-10-06 18:15:00,-0.12927092885814773
2019-10-06 18:18:00,-0.03616988792447273
2019-10-06 18:21:00,0.0031742861006023304
2019-10-06 18:24:00,0.012158112237273144
2019-10-06 18:27:00,-0.029089878338652397
2019-10-06 18:30:00,-0.057721459303309075
2019-10-06 18:33:00,-0.012115054042055817
2019-10-06 18:36:00,-0.03690851289496777
2019-10-06 18:39:00,0.0022713648041303713
2019-10-06 18:42:00,-0.19892361954828175
2019-10-06 18:45:00,-0.02141786981661653
2019-10-06 18:48:00,-0.08423913717001597
2019-10-06 18:51:00,0.028140333771773385
2019-10-06 18:54:00,
2019-10-06 18:57:00,
2019-10-06 19:00:00,
2019-10-06 19:03:00,0.11045605070512465
2019-10-06 19:06:00,0.06330839197994464
2019-10-06 19:09:00,0.10868272139975943
2019-10-06 19:12:00,0.0364140105724573
2019-10-06 19:15:00,0.022796195371313388
2019-10-06 19:18:00,0.015980358805165906
2019-10-06 19:21:00,0.08826162878000332
2019-10-06 19:24:00,0.09874982385184694
2019-10-06 19:27:00,0.10217827382297173
2019-10-06 19:30:00,0.018772531441356932
2019-10-06 19:33:00,0.018311873717834715
2019-10-06 19:36:00,-0.03619117167158947
2019-10-06 19:39:00,-0.021176162342328553
2019-10-06 19:42:00,0.08859538030054637
2019-10-06 19:45:00,0.19782668614902832
2019-10-06 19:48:00,0.025630669074644175
2019-10-06 19:51:00,0.07486901022531356
2019-10-06 19:54:00,-0.016906409443265602
2019-10-06 19:57:00,0.057830425731253854
2019-10-06 20:00:00,0.09472966574480779
2019-10-06 20:03:00,0.09076691661005043
2019-10-06 20:06:00,0.1241030693815901
2019-10-06 20:09:00,0.1137094795828375
2019-10-06 20:12:00,0.14163254218124166
2019-10-06 20:15:00,0.05456714369876181
2019-10-06 20:18:00,0.16244367974144325
2019-10-06 20:21:00,0.013765121392282254
2019-10-06 20:24:00,0.002579960240893797
2019-10-06 20:27:00,0.11393243002038389
2019-10-06 20:30:00,0.07333435435873525
2019-10-06 20:33:00,0.10380642422097708
2019-10-06 20:36:00,0.027706229336899924
2019-10-06 20:39:00,0.0008631879422864586
2019-10-06 20:42:00,0.027155451788871687
2019-10-06 20:45:00,0.11635848342712052
2019-10-06 20:48:00,0.1310894147285353
2019-10-06 20:51:00,0.07432793170846708
2019-10-06 20:54:00,0.020552271455358095
2019-10-06 20:57:00,0.02725568913922416
2019-10-06 21:00:00,0.05347039755270089
2019-10-06 21:03:00,0.0053096236133001184
2019-10-06 21:06:00,0.09547157356166736
2019-10-06 21:09:00,0.054741197494649896
2019-10-06 21:12:00,-0.008771828869441833
2019-10-06 21:15:00,0.12148204958486986
2019-10-06 21:18:00,0.049763588058794994
2019-10-06 21:21:00,0.11589330316735413
2019-10-06 21:24:00,0.08077017380463758
2019-10-06 21:27:00,0.10542579257116813
2019-10-06 21:30:00,0.1366739989670691
2019-10-06 21:33:00,0.10753426577451819
2019-10-06 21:36:00,0.15529043207374116
2019-10-06 21:39:00,0.13013012279111535
2019-10-06 21:42:00,0.12889218160984228
2019-10-06 21:45:00,0.11250492045064675
2019-10-06 21:48:00,0.12052191254110767
2019-10-06 21:51:00,0.1481677822177403
2019-10-06 21:54:00,0.11365883641150276
2019-10-06 21:57:00,0.11085149342420664
2019-10-06 22:00:00,0.03649983602372231
2019-10-06 22:03:00,0.01869477324999025
2019-10-06 22:06:00,0.0581129127590998
2019-10-06 22:09:00,0.10771763565890069
2019-10-06 22:12:00,0.08625636541694348
2019-10-06 22:15:00,0.012903742639196025
2019-10-06 22:18:00,0.08168616553348329
2019-10-06 22:21:00,0.09086361127879172
2019-10-06 22:24:00,0.10941706369709436
2019-10-06 22:27:00,0.06331045947490566
2019-10-06 22:30:00,0.17089768611231193
2019-10-06 22:33:00,0.17362934136781405
2019-10-06 22:36:00,0.1939633872449349
2019-10-06 22:39:00,0.13224102290962492
2019-10-06 22:42:00,0.2141102724824009
2019-10-06 22:45:00,0.24646272273952263
2019-10-06 22:48:00,0.1480246315316549
2019-10-06 22:51:00,0.2705881758941473
2019-10-06 22:54:00,0.1871060960350519
2019-10-06 22:57:00,0.23151582236812374
2019-10-06 23:00:00,0.20460337581675958
2019-10-06 23:03:00,0.15959358669391577
2019-10-06 23:06:00,0.18222314326396827
2019-10-06 23:09:00,0.2642481484033965
2019-10-06 23:12:00,0.1523914763212133
2019-10-06 23:15:00,0.22510497017896114
2019-10-06 23:18:00,0.1972445565465364
2019-10-06 23:21:00,0.20430820718127052
2019-10-06 23:24:00,0.2332755472896224
2019-10-06 23:27:00,0.2523981911988926
2019-10-06 23:30:00,0.24680160701490195
2019-10-06 23:33:00,0.3588580094020699
2019-10-06 23:36:00,0.26689780793805085
2019-10-06 23:39:00,0.36705870859594825
2019-10-06 23:42:00,0.24314640327412462
2019-10-06 23:45:00,0.15071284988368916
2019-10-06 23:48:00,0.2209622831614979
2019-10-06 23:51:00,0.1367249063874283
2019-10-06 23:54:00,0.1987898848146301
2019-10-06 23:57:00,0.24088553171640115
2019-10-07 00:00:00,0.23796283367528304
2019-10-07 00:03:00,0.1741081565849072
2019-10-07 00:06:00,0.2507763045482534
2019-10-07 00:09:00,0.21410071200830316
2019-10-07 00:12:00,0.2351148045366358
2019-10-07 00:15:00,0.25011519589168074
2019-10-07 00:18:00,0.2716395967149765
2019-10-07 00:21:00,0.2117580969763253
2019-10-07 00:24:00,0.24591057854502196
2019-10-07 00:27:00,0.25849480995822205
2019-10-07 00:30:00,0.21733668868608902
2019-10-07 00:33:00,0.2600443214843722
2019-10-07 00:36:00,0.26063248161682395
2019-10-07 00:39:00,0.2202303267328034
2019-10-07 00:42:00,0.24836938136849085
2019-10-07 00:45:00,0.1740772616424806
2019-10-07 00:48:00,0.22821594250751787
2019-10-07 00:51:00,0.14567378190719182
2019-10-07 00:54:00,0.2774740685151187
2019-10-07 00:57:00,0.2024335350335491
2019-10-07 01:00:00,0.1655285514185607
2019-10-07 01:03:00,0.20035457919084365
2019-10-07 01:06:00,0.14185187287904455
2019-10-07 01:09:00,0.15746485643279584
2019-10-07 01:12:00,0.22195327486463157
2019-10-07 01:15:00,0.20363442228762096
2019-10-07 01:18:00,0.12836522143561524
2019-10-07 01:21:00,0.2099384414016754
2019-10-07 01:24:00,0.14244589803200824
2019-10-07 01:27:00,0.23357173836069478
2019-10-07 01:30:00,0.25607457229892816
2019-10-07 01:33:00,0.32743230913905563
2019-10-07 01:36:00,0.39837740187874715
2019-10-07 01:39:00,0.41425308664037175
2019-10-07 01:42:00,0.47895008122668514
2019-10-07 01:45:00,0.4119539911857828
2019-10-07 01:48:00,0.43892600244583946
2019-10-07 01:51:00,0.577524529182881
2019-10-07 01:54:00,0.456728270575411
2019-10-07 01:57:00,0.4370507646392525
2019-10-07 02:00:00,0.32036008085145795
2019-10-07 02:03:00,0.4209785447740728
2019-10-07 02:06:00,0.21198190368869518
2019-10-07 02:09:00,0.26471997095620736
2019-10-07 02:12:00,0.3127588461589994
2019-10-07 02:15:00,0.2650594538824862
2019-10-07 02:18:00,0.17246043425950575
2019-10-07 02:21:00,0.17126756155408884
2019-10-07 02:24:00,0.16813762719039005
2019-10-07 02:27:00,0.14991193100104283
2019-10-07 02:30:00,0.24429858655673797
2019-10-07 02:33:00,0.23844808415122998
2019-10-07 02:36:00,0.1285620597692514
2019-10-07 02:39:00,0.31239014607956506
2019-10-07 02:42:00,0.2332929284656302
2019-10-07 02:45:00,0.25200841108437544
2019-10-07 02:48:00,0.12321975761352633
2019-10-07 02:51:00,0.08788613466430206
2019-10-07 02:54:00,0.04040708615769972
2019-10-07 02:57:00,0.18697774161245206
2019-10-07 03:00:00,0.16342926493257437
2019-10-07 03:03:00,0.17895165245226963
2019-10-07 03:06:00,0.129893978356165
2019-10-07 03:09:00,0.1864685838168043
2019-10-07 03:12:00,0.014427680576829971
2019-10-07 03:15:00,0.09735317628388884
2019-10-07 03:18:00,0.07434379095138866
2019-10-07 03:21:00,0.13252079302543507
2019-10-07 03:24:00,0.2075346034517338
2019-10-07 03:27:00,0.17563411940642482
2019-10-07 03:30:00,0.17320260196015624
2019-10-07 03:33:00,0.184781589913257
2019-10-07 03:36:00,0.16327765342720113
2019-10-07 03:39:00,0.28287474940083257
2019-10-07 03:42:00,0.26034223397840606
2019-10-07 03:45:00,0.24133283184892207
2019-10-07 03:48:00,0.34383670894834495
2019-10-07 03:51:00,0.3423863115583572
2019-10-07 03:54:00,0.35498516187698215
2019-10-07 03:57:00,0.3121977113189587
2019-10-07 04:00:00,0.33142215696489075
2019-10-07 04:03:00,0.36601646591441295
2019-10-07 04:06:00,0.30670335775363355
2019-10-07 04:09:00,0.35446749361830143
2019-10-07 04:12:00,0.350496867775405
2019-10-07 04:15:00,0.4069936796134357
2019-10-07 04:18:00,0.47881418446183943
2019-10-07 04:21:00,0.420890743343989
2019-10-07 04:24:00,0.3354685651213458
2019-10-07 04:27:00,0.3081159544342995
2019-10-07 04:30:00,0.3403987245146709
2019-10-07 04:33:00,0.4496390105754813
2019-10-07 04:36:00,0.41544632786246893
2019-10-07 04:39:00,0.4354791535365621
2019-10-07 04:42:00,0.42245623530470766
2019-10-07 04:45:00,0.4028399865093206
2019-10-07 04:48:00,0.3520026189988812
2019-10-07 04:51:00,0.5191817094189446
2019-10-07 04:54:00,0.4911104734557057
2019-10-07 04:57:00,0.3251394974687969
2019-10-07 05:00:00,0.4895714782855407
2019-10-07 05:03:00,0.3502968243888631
2019-10-07 05:06:00,0.3701881825583655
2019-10-07 05:09:00,0.40218398734765515
2019-10-07 05:12:00,0.497245989487169
2019-10-07 05:15:00,0.3694745776379591
2019-10-07 05:18:00,0.3546240139230008
2019-10-07 05:21:00,0.3591316942129197
2019-10-07 05:24:00,0.3546151406426361
2019-10-07 05:27:00,0.4001967678135543
2019-10-07 05:30:00,0.49024089059992093
2019-10-07 05:33:00,0.43056056902946693
2019-10-07 05:36:00,0.46824569913326286
2019-10-07 05:39:00,0.4703950582590437
2019-10-07 05:42:00,0.508193023121521
2019-10-07 05:45:00,0.4963179554800945
2019-10-07 05:48:00,0.4788661505563141
2019-10-07 05:51:00,0.47607940389690384
2019-10-07 05:54:00,0.5493946031792234
2019-10-07 05:57:00,0.555963926884715
2019-10-07 06:00:00,0.49420043002174907
2019-10-07 06:03:00,0.46172331483876405
2019-10-07 06:06:00,0.5385569620218575
2019-10-07 06:09:00,0.460077059799346
2019-10-07 06:12:00,0.490323998825545
2019-10-07 06:15:00,0.520111778821331
2019-10-07 06:18:00,0.41949497532158375
2019-10-07 06:21:00,0.48326823108186545
2019-10-07 06:24:00,0.41978642113156184
2019-10-07 06:27:00,0.46327041140051506
2019-10-07 06:30:00,0.4619736170412807
2019-10-07 06:33:00,0.45089108002611056
2019-10-07 06:36:00,0.44022477907213897
2019-10-07 06:39:00,0.5116999900865267
2019-10-07 06:42:00,0.5059884468576001
2019-10-07 06:45:00,0.47496935754156766
2019-10-07 06:48:00,0.4170470943839746
2019-10-07 06:51:00,0.47252530710881047
2019-10-07 06:54:00,0.4921259442372161
2019-10-07 06:57:00,0.46559843287070635
2019-10-07 07:00:00,0.4950553922641916
2019-10-07 07:03:00,0.5095081503378651
2019-10-07 07:06:00,0.46594403796092365
2019-10-07 07:09:00,0.4093968166512809
2019-10-07 07:12:00,0.4218625360749684
2019-10-07 07:15:00,0.5503003067968848
2019-10-07 07:18:00,0.5804842439451932
2019-10-07 07:21:00,0.4779338154563675
2019-10-07 07:24:00,0.47934108912545526
2019-10-07 07:27:00,0.472943536106186
2019-10-07 07:30:00,0.46877445835207254
2019-10-07 07:33:00,0.4077584660705611
2019-10-07 07:36:00,0.3665147804526896
2019-10-07 07:39:00,0.41060764360446456
2019-10-07 07:42:00,0.3151904446341405
2019-10-07 07:45:00,0.4008337352034914
2019-10-07 07:48:00,0.48541675994692923
2019-10-07 07:51:00,0.42012974750389276
2019-10-07 07:54:00,0.338842530287252
2019-10-07 07:57:00,0.376356193162394
2019-10-07 08:00:00,0.4073538881793297
2019-10-07 08:03:00,0.42791123161845235
2019-10-07 08:06:00,0.42381806563611235
2019-10-07 08:09:00,0.49297542208034884
2019-10-07 08:12:00,0.48332814391454804
2019-10-07 08:15:00,0.40276495083833197
2019-10-07 08:18:00,0.39749287603871153
2019-10-07 08:21:00,0.3197371388095007
2019-10-07 08:24:00,0.42672925054944244
2019-10-07 08:27:00,0.37568460526733816
2019-10-07 08:30:00,0.26643390203417994
2019-10-07 08:33:00,0.3375207981837889
2019-10-07 08:36:00,0.335175111549745
2019-10-07 08:39:00,0.40096723533469003
2019-10-07 08:42:00,0.30692392384713685
2019-10-07 08:45:00,0.24906160698429858
2019-10-07 08:48:00,0.2748393025542555
2019-10-07 08:51:00,0.4112763541183426
2019-10-07 08:54:00,0.1888057504602898
2019-10-07 08:57:00,0.29796808942154485
2019-10-07 09:00:00,0.260620932445363
2019-10-07 09:03:00,0.3349204797587504
2019-10-07 09:06:00,0.23272300866267415
2019-10-07 09:09:00,0.186898004328782
2019-10-07 09:12:00,0.16718439634195192
2019-10-07 09:15:00,0.22327689673886653
2019-10-07 09:18:00,0.1885425960563225
2019-10-07 09:21:00,0.17885036413656508
2019-10-07 09:24:00,0.16596527317494747
2019-10-07 09:27:00,0.08671503806021974
2019-10-07 09:30:00,0.11951787859135266
2019-10-07 09:33:00,0.05927836696872646
2019-10-07 09:36:00,0.12120263282980659
2019-10-07 09:39:00,0.07419123715891374
2019-10-07 09:42:00,0.09189882717527098
2019-10-07 09:45:00,0.0788755364845315
2019-10-07 09:48:00,0.0286097901237099
2019-10-07 09:51:00,0.043692481308369224
2019-10-07 09:54:00,-0.006542364364634068
2019-10-07 09:57:00,-0.019471865107107078
2019-10-07 10:00:00,-0.06635651357856887
2019-10-07 10:03:00,-0.017936358091674265
2019-10-07 10:06:00,0.059562111840534726
2019-10-07 10:09:00,0.012804539815476801
2019-10-07 10:12:00,-0.040767130406436536
2019-10-07 10:15:00,-0.008091085775447482
2019-10-07 10:18:00,-0.014005183853839753
2019-10-07 10:21:00,-0.05875597031666757
2019-10-07 10:24:00,-0.004193798577887264
2019-10-07 10:27:00,-0.048877768591466975
2019-10-07 10:30:00,-0.10504423299852306
2019-10-07 10:33:00,-0.01263505204053672
2019-10-07 10:36:00,-0.0029771929766297944
2019-10-07 10:39:00,-0.10422955164273162
2019-10-07 10:42:00,-0.14168027154721585
2019-10-07 10:45:00,-0.17715442315989094
2019-10-07 10:48:00,-0.05882921381981987
2019-10-07 10:51:00,-0.09911813561978988
2019-10-07 10:54:00,-0.05280083962617255
2019-10-07 10:57:00,-0.1752350263021185
2019-10-07 11:00:00,-0.17060193234738108
2019-10-07 11:03:00,-0.15617226103711346
2019-10-07 11:06:00,-0.07862595632570901
2019-10-07 11:09:00,-0.13162698217274738
2019-10-07 11:12:00,-0.19656003951138246
2019-10-07 11:15:00,-0.18177134354158397
2019-10-07 11:18:00,-0.19485588301699863
2019-10-07 11:21:00,-0.28504058895748585
2019-10-07 11:24:00,-0.14819286409971255
2019-10-07 11:27:00,-0.21613586659861994
2019-10-07 11:30:00,-0.10067524798813565
2019-10-07 11:33:00,-0.17222481410357204
2019-10-07 11:36:00,-0.158329951350197
2019-10-07 11:39:00,-0.1729229512838515
2019-10-07 11:42:00,-0.2289917127360468
2019-10-07 11:45:00,-0.3652044395062717
2019-10-07 11:48:00,-0.2447078245768921
2019-10-07 11:51:00,-0.17312672487759073
2019-10-07 11:54:00,-0.2245488230316255
2019-10-07 11:57:00,-0.3454615534431582
2019-10-07 12:00:00,-0.24281128414907016
2019-10-07 12:03:00,-0.2818336771187546
2019-10-07 12:06:00,-0.27993016898363976
2019-10-07 12:09:00,-0.30262368248173743
2019-10-07 12:12:00,-0.15052386141854868
2019-10-07 12:15:00,-0.28806799430424235
2019-10-07 12:18:00,-0.28066586460244025
2019-10-07 12:21:00,-0.20108499273669622
2019-10-07 12:24:00,-0.2787105273040993
2019-10-07 12:27:00,-0.2040102322474695
2019-10-07 12:30:00,-0.26289583352382806
2019-10-07 12:33:00,-0.29135124217702923
2019-10-07 12:36:00,-0.3700601309707281
2019-10-07 12:39:00,-0.32929526183716007
2019-10-07 12:42:00,-0.3460277662168778
2019-10-07 12:45:00,-0.23345806641737
2019-10-07 12:48:00,-0.27125733475213565
2019-10-07 12:51:00,-0.2797487988601688
2019-10-07 12:54:00,-0.3049472284230319
2019-10-07 12:57:00,-0.353481334469393
2019-10-07 13:00:00,-0.12121353682255176
2019-10-07 13:03:00,-0.27533677800551004
2019-10-07 13:06:00,-0.34529273227929025
2019-10-07 13:09:00,-0.26219693063046634
2019-10-07 13:12:00,-0.14157993125513713
2019-10-07 13:15:00,-0.31354466165078065
2019-10-07 13:18:00,-0.10468611784358473
2019-10-07 13:21:00,-0.3306069946237926
2019-10-07 13:24:00,-0.24096599249327255
2019-10-07 13:27:00,-0.353137688535071
2019-10-07 13:30:00,-0.3385810962255391
2019-10-07 13:33:00,-0.22705855024969424
2019-10-07 13:36:00,-0.26065951500885376
2019-10-07 13:39:00,-0.348452384022778
2019-10-07 13:42:00,-0.4558858843591338
2019-10-07 13:45:00,-0.3220953732079579
2019-10-07 13:48:00,-0.32269719023213383
2019-10-07 13:51:00,-0.34599592180529726
2019-10-07 13:54:00,-0.2711787775697303
2019-10-07 13:57:00,-0.35211830935321586
2019-10-07 14:00:00,-0.2913165902002106
2019-10-07 14:03:00,-0.3255268819021353
2019-10-07 14:06:00,-0.3425806779547429
2019-10-07 14:09:00,-0.39569768065433664
2019-10-07 14:12:00,-0.39694475582143696
2019-10-07 14:15:00,-0.4431652396023651
2019-10-07 14:18:00,-0.396779987250909
2019-10-07 14:21:00,-0.3527360025296389
2019-10-07 14:24:00,-0.34818662644886444
2019-10-07 14:27:00,-0.3392897750487691
2019-10-07 14:30:00,-0.3720769147015517
2019-10-07 14:33:00,-0.39285125242031427
2019-10-07 14:36:00,-0.4103202212256747
2019-10-07 14:39:00,-0.3363746430781589
2019-10-07 14:42:00,-0.40457840585349913
2019-10-07 14:45:00,-0.43434885566017556
2019-10-07 14:48:00,-0.3700485417127197
2019-10-07 14:51:00,-0.3576379675245107
2019-10-07 14:54:00,-0.28721676388306605
2019-10-07 14:57:00,-0.39574795935237717
2019-10-07 15:00:00,-0.25968271758000583
2019-10-07 15:03:00,-0.3830567350578349
2019-10-07 15:06:00,-0.3820488263241941
2019-10-07 15:09:00,-0.4172312378757965
2019-10-07 15:12:00,-0.3840671569714118
2019-10-07 15:15:00,-0.3030184403203293
2019-10-07 15:18:00,-0.41505989108731
2019-10-07 15:21:00,-0.28138535120416464
2019-10-07 15:24:00,-0.37865153015195574
2019-10-07 15:27:00,-0.3486883940078087
2019-10-07 15:30:00,-0.3714548669552755
2019-10-07 15:33:00,-0.4279733414179532
2019-10-07 15:36:00,-0.43993966768618975
2019-10-07 15:39:00,-0.41947056164218566
2019-10-07 15:42:00,-0.38225426140286345
2019-10-07 15:45:00,-0.3710206732966981
2019-10-07 15:48:00,-0.3507560978698052
2019-10-07 15:51:00,-0.4139737659505158
2019-10-07 15:54:00,-0.4669578005776316
2019-10-07 15:57:00,-0.4574773813754973
2019-10-07 16:00:00,-0.4534662671388219
2019-10-07 16:03:00,-0.4686122806854769
2019-10-07 16:06:00,-0.4067360274430598
2019-10-07 16:09:00,-0.44739847899512597
2019-10-07 16:12:00,-0.38552288000238377
2019-10-07 16:15:00,-0.4490163218067664
2019-10-07 16:18:00,-0.41069302042865274
2019-10-07 16:21:00,-0.41622812791445085
2019-10-07 16:24:00,-0.26147958060073506
2019-10-07 16:27:00,-0.36254423930841995
2019-10-07 16:30:00,-0.3144768668404936
2019-10-07 16:33:00,-0.39121603764010615
2019-10-07 16:36:00,-0.28569781949317985
2019-10-07 16:39:00,-0.3611331177311854
2019-10-07 16:42:00,-0.3730822658703232
2019-10-07 16:45:00,-0.3124737287589028
2019-10-07 16:48:00,-0.3678137001425057
2019-10-07 16:51:00,-0.34892402444143045
2019-10-07 16:54:00,-0.4585903080624121
2019-10-07 16:57:00,-0.37214853419925475
2019-10-07 17:00:00,-0.2850147353379384
2019-10-07 17:03:00,-0.29695632701850627
2019-10-07 17:06:00,-0.28404243564170883
2019-10-07 17:09:00,-0.1996849049701268
2019-10-07 17:12:00,-0.2562413697797865
2019-10-07 17:15:00,-0.3077068696129004
2019-10-07 17:18:00,-0.1953016513821808
2019-10-07 17:21:00,-0.3462147126149375
2019-10-07 17:24:00,-0.2843108958637117
2019-10-07 17:27:00,-0.24017789544404877
2019-10-07 17:30:00,-0.1947979609954018
2019-10-07 17:33:00,-0.15945486695414957
2019-10-07 17:36:00,-0.11239681362326337
2019-10-07 17:39:00,-0.16007470413376268
2019-10-07 17:42:00,-0.09918488154380611
2019-10-07 17:45:00,-0.05598060308210506
2019-10-07 17:48:00,-0.1420991402530376
2019-10-07 17:51:00,-0.10528374465457091
2019-10-07 17:54:00,0.047850036850377364
2019-10-07 17:57:00,-0.1554382557959002
2019-10-07 18:00:00,-0.09242835585837383
2019-10-07 18:03:00,-0.11792155781267866
2019-10-07 18:06:00,-0.10585187257356665
2019-10-07 18:09:00,-0.019101338354403197
2019-10-07 18:12:00,-0.07651861357715006
2019-10-07 18:15:00,0.004434867942222809
2019-10-07 18:18:00,-0.0384466174255067
2019-10-07 18:21:00,-0.02920022778062048
2019-10-07 18:24:00,-0.11561342824137455
2019-10-07 18:27:00,-0.036325103946694526
2019-10-07 18:30:00,-0.1319222392572783
2019-10-07 18:33:00,-0.11450903650319333
2019-10-07 18:36:00,-0.12086738544996933
2019-10-07 18:39:00,-0.02383461024743383
2019-10-07 18:42:00,0.019400561871634636
2019-10-07 18:45:00,-0.05401203014588418
2019-10-07 18:48:00,-0.06595392296480895
2019-10-07 18:51:00,-0.06109059997493205
2019-10-07 18:54:00,
2019-10-07 18:57:00,
2019-10-07 19:00:00,
2019-10-07 19:03:00,-0.11987138609424619
2019-10-07 19:06:00,-0.14022600217293757
2019-10-07 19:09:00,-0.01983260910770923
2019-10-07 19:12:00,-0.05461974713983864
2019-10-07 19:15:00,-0.067206753349069
2019-10-07 19:18:00,-0.041777037852625654
2019-10-07 19:21:00,-0.10045120127068685
2019-10-07 19:24:00,-0.056764475775480605
2019-10-07 19:27:00,-0.13724842640579027
2019-10-07 19:30:00,-0.02336100591196555
2019-10-07 19:33:00,-0.04754090700333791
2019-10-07 19:36:00,-0.018077284851756303
2019-10-07 19:39:00,-0.07062093867153862
2019-10-07 19:42:00,0.007726124953023827
2019-10-07 19:45:00,-0.015672341471997697
2019-10-07 19:48:00,0.09952374145075282
2019-10-07 19:51:00,0.02383696063878915
2019-10-07 19:54:00,-0.018595714711409528
2019-10-07 19:57:00,0.060089740491264365
2019-10-07 20:00:00,-0.03240799392813187
2019-10-07 20:03:00,-0.03156801647884322
2019-10-07 20:06:00,0.017388768064563465
2019-10-07 20:09:00,0.003244492046007963
2019-10-07 20:12:00,0.023112169031321628
2019-10-07 20:15:00,0.004504630750489014
2019-10-07 20:18:00,0.06481210843560348
2019-10-07 20:21:00,0.060101357893643126
2019-10-07 20:24:00,-0.08042665651493053
2019-10-07 20:27:00,0.05917227553936755
2019-10-07 20:30:00,0.10996329477291056
2019-10-07 20:33:00,0.08895016550189894
2019-10-07 20:36:00,0.08876788161035165
2019-10-07 20:39:00,0.028557198360886105
2019-10-07 20:42:00,0.05945066894486217
2019-10-07 20:45:00,0.11596620785485356
2019-10-07 20:48:00,-0.07203784995942897
2019-10-07 20:51:00,0.041404290255570686
2019-10-07 20:54:00,0.11038238852597715
2019-10-07 20:57:00,0.030923612459105243
2019-10-07 21:00:00,0.04815960203239911
2019-10-07 21:03:00,-0.005784943015157751
2019-10-07 21:06:00,0.12567766837247518
2019-10-07 21:09:00,0.0740364611771156
2019-10-07 21:12:00,0.11103895981869982
2019-10-07 21:15:00,0.0340121935694242
2019-10-07 21:18:00,0.05552938331737778
2019-10-07 21:21:00,0.10112567075896095
2019-10-07 21:24:00,0.09289716122231084
2019-10-07 21:27:00,0.06762037080915206
2019-10-07 21:30:00,-0.022537473767670235
2019-10-07 21:33:00,0.013152491815844769
2019-10-07 21:36:00,0.06528594069453675
2019-10-07 21:39:00,0.0689999877218952
2019-10-07 21:42:00,0.07618248844033815
2019-10-07 21:45:00,0.07205206545114606
2019-10-07 21:48:00,0.14388655004148632
2019-10-07 21:51:00,0.07695277540329926
2019-10-07 21:54:00,0.03620606237205948
2019-10-07 21:57:00,-0.015424046974658268
2019-10-07 22:00:00,-0.035992718919032995
2019-10-07 22:03:00,-0.12104207717885629
2019-10-07 22:06:00,0.09241750313054808
2019-10-07 22:09:00,-0.03130686516669812
2019-10-07 22:12:00,0.07270760291868328
2019-10-07 22:15:00,0.14566728121860706
2019-10-07 22:18:00,0.08297769778425845
2019-10-07 22:21:00,0.09326289259166742
2019-10-07 22:24:00,0.11112103291236508
2019-10-07 22:27:00,0.009519984650864899
2019-10-07 22:30:00,0.01370331034542005
2019-10-07 22:33:00,0.0030086100304629326
2019-10-07 22:36:00,0.03625418186817342
2019-10-07 22:39:00,0.027824297781421592
2019-10-07 22:42:00,0.08597915016457591
2019-10-07 22:45:00,0.10792161481208495
2019-10-07 22:48:00,0.1590162734158298
2019-10-07 22:51:00,0.13967852127535707
2019-10-07 22:54:00,0.032852122554913876
2019-10-07 22:57:00,0.10621426102687792
2019-10-07 23:00:00,0.13083933714261775
2019-10-07 23:03:00,0.050371072556288254
2019-10-07 23:06:00,0.03081003039983443
2019-10-07 23:09:00,0.071524891263266
2019-10-07 23:12:00,0.0018923698892194807
2019-10-07 23:15:00,0.116525090783
2019-10-07 23:18:00,0.05567762600480819
2019-10-07 23:21:00,0.06483710431433565
2019-10-07 23:24:00,0.04007457409596782
2019-10-07 23:27:00,0.03185605617619558
2019-10-07 23:30:00,0.15623024844933298
2019-10-07 23:33:00,0.2744253550047233
2019-10-07 23:36:00,0.23555745204691902
2019-10-07 23:39:00,0.2504311049219723
2019-10-07 23:42:00,0.4901634883237307
2019-10-07 23:45:00,0.3726244945557369
2019-10-07 23:48:00,0.3954080603274406
2019-10-07 23:51:00,0.37081794550402947
2019-10-07 23:54:00,0.261874598445047
2019-10-07 23:57:00,0.19763398957968548
2019-10-08 00:00:00,0.3096840929469522
2019-10-08 00:03:00,0.21791004242652434
2019-10-08 00:06:00,0.21911561394415457
2019-10-08 00:09:00,0.26274562344229935
2019-10-08 00:12:00,0.25030146636106565
2019-10-08 00:15:00,0.1608094676573728
2019-10-08 00:18:00,0.23877537330349696
2019-10-08 00:21:00,0.23400564527474899
2019-10-08 00:24:00,0.3046552145856367
2019-10-08 00:27:00,0.1832457764414812
2019-10-08 00:30:00,0.1579988344069534
2019-10-08 00:33:00,0.24721456270526687
2019-10-08 00:36:00,0.27359407268028235
2019-10-08 00:39:00,0.12496584620117801
2019-10-08 00:42:00,0.2735756742192166
2019-10-08 00:45:00,0.23738016471713763
2019-10-08 00:48:00,0.1595073363228039
2019-10-08 00:51:00,0.2604506366214423
2019-10-08 00:54:00,0.27208593915622714
2019-10-08 00:57:00,0.22691693452361505
2019-10-08 01:00:00,0.2607661958618337
2019-10-08 01:03:00,0.13217001956269314
2019-10-08 01:06:00,0.25268376853034624
2019-10-08 01:09:00,0.33967513307902664
2019-10-08 01:12:00,0.3429873899279414
2019-10-08 01:15:00,0.35232949230402255
2019-10-08 01:18:00,0.39687441730671935
2019-10-08 01:21:00,0.4875087564627165
2019-10-08 01:24:00,0.40957886343596783
2019-10-08 01:27:00,0.40275356893522485
2019-10-08 01:30:00,0.33397654265354504
2019-10-08 01:33:00,0.33195452367431244
2019-10-08 01:36:00,0.30036539370013315
2019-10-08 01:39:00,0.3890759069265073
2019-10-08 01:42:00,0.2311950298550869
2019-10-08 01:45:00,0.23645813698402662
2019-10-08 01:48:00,0.27509687243173175
2019-10-08 01:51:00,0.2793362438748659
2019-10-08 01:54:00,0.21911675368198757
2019-10-08 01:57:00,0.21286243243491754
2019-10-08 02:00:00,0.23018127340566252
2019-10-08 02:03:00,0.23641800687312298
2019-10-08 02:06:00,0.17827725005577122
2019-10-08 02:09:00,0.19002800128555464
2019-10-08 02:12:00,0.057983839145833826
2019-10-08 02:15:00,0.11024626139436577
2019-10-08 02:18:00,0.07395572276635676
2019-10-08 02:21:00,0.14888029235299882
2019-10-08 02:24:00,0.23041057257148623
2019-10-08 02:27:00,0.17583021167678226
2019-10-08 02:30:00,0.2020827269176948
2019-10-08 02:33:00,0.1370921225507118
2019-10-08 02:36:00,0.2555954137203571
2019-10-08 02:39:00,0.13965148523283233
2019-10-08 02:42:00,0.12441171247519378
2019-10-08 02:45:00,0.13398371659923214
2019-10-08 02:48:00,0.16818575194236018
2019-10-08 02:51:00,0.20160440713829075
2019-10-08 02:54:00,0.22955295647119556
2019-10-08 02:57:00,0.2062299489181214
2019-10-08 03:00:00,0.22359268117992315
2019-10-08 03:03:00,0.1437041947537523
2019-10-08 03:06:00,0.1428571633186948
2019-10-08 03:09:00,0.26209162848658707
2019-10-08 03:12:00,0.13853411269292337
2019-10-08 03:15:00,0.22902051051966055
2019-10-08 03:18:00,0.21245167510380725
2019-10-08 03:21:00,0.27733223855136657
2019-10-08 03:24:00,0.20775666724495068
2019-10-08 03:27:00,0.23073871687591918
2019-10-08 03:30:00,0.17866742567525762
2019-10-08 03:33:00,0.2392082188488871
2019-10-08 03:36:00,0.24727431420853918
2019-10-08 03:39:00,0.2912405035323218
2019-10-08 03:42:00,0.4019272558423381
2019-10-08 03:45:00,0.2644746462345893
2019-10-08 03:48:00,0.2691733883336269
2019-10-08 03:51:00,0.3257131160953577
2019-10-08 03:54:00,0.2926258812057654
2019-10-08 03:57:00,0.419829630384811
2019-10-08 04:00:00,0.5571212575421214
2019-10-08 04:03:00,0.5720923867671672
2019-10-08 04:06:00,0.29834283993335475
2019-10-08 04:09:00,0.4973879797789209
2019-10-08 04:12:00,0.3572629864646615
2019-10-08 04:15:00,0.5250971089375867
2019-10-08 04:18:00,0.4173535856575654
2019-10-08 04:21:00,0.55125260705438
2019-10-08 04:24:00,0.4751027138109407
2019-10-08 04:27:00,0.24770485144119903
2019-10-08 04:30:00,0.38838317523254773
2019-10-08 04:33:00,0.3149508502821732
2019-10-08 04:36:00,0.13438495811487883
2019-10-08 04:39:00,0.26992653695981517
2019-10-08 04:42:00,0.22905501415397111
2019-10-08 04:45:00,0.3456417377963703
2019-10-08 04:48:00,0.31518148386260236
2019-10-08 04:51:00,0.30108757387830565
2019-10-08 04:54:00,0.4001772869959268
2019-10-08 04:57:00,0.360408524239233
2019-10-08 05:00:00,0.285682420611181
2019-10-08 05:03:00,0.20469900763799842
2019-10-08 05:06:00,0.3387977586480133
2019-10-08 05:09:00,0.33815572631903024
2019-10-08 05:12:00,0.32056832816050473
2019-10-08 05:15:00,0.42800312813704977
2019-10-08 05:18:00,0.40830094095611
2019-10-08 05:21:00,0.3224633514107609
2019-10-08 05:24:00,0.3025295563411987
2019-10-08 05:27:00,0.36090488831609946
2019-10-08 05:30:00,0.347846173009998
2019-10-08 05:33:00,0.30579031889794805
2019-10-08 05:36:00,0.39152245183117884
2019-10-08 05:39:00,0.46310756885998217
2019-10-08 05:42:00,0.36347121696405793
2019-10-08 05:45:00,0.3754598308730692
2019-10-08 05:48:00,0.4185893801464431
2019-10-08 05:51:00,0.3911640598011559
2019-10-08 05:54:00,0.3481602491320359
2019-10-08 05:57:00,0.27789930653239026
2019-10-08 06:00:00,0.4833794301234775
2019-10-08 06:03:00,0.35234495998412285
2019-10-08 06:06:00,0.42654137019007976
2019-10-08 06:09:00,0.36240760556518126
2019-10-08 06:12:00,0.3691159902498953
2019-10-08 06:15:00,0.3034600981240487
2019-10-08 06:18:00,0.38723565992080466
2019-10-08 06:21:00,0.35970733215054906
2019-10-08 06:24:00,0.41884795568876143
2019-10-08 06:27:00,0.28181678964307366
2019-10-08 06:30:00,0.3423242624964473
2019-10-08 06:33:00,0.2803656197427813
2019-10-08 06:36:00,0.3915500532950773
2019-10-08 06:39:00,0.37446046301545266
2019-10-08 06:42:00,0.3895013179410398
2019-10-08 06:45:00,0.34455268897465885
2019-10-08 06:48:00,0.30555832694449236
2019-10-08 06:51:00,0.2777600485370044
2019-10-08 06:54:00,0.24455879477659437
2019-10-08 06:57:00,0.335427982821102
2019-10-08 07:00:00,0.35077206677846107
2019-10-08 07:03:00,0.322433322139716
2019-10-08 07:06:00,0.2508411097774683
2019-10-08 07:09:00,0.2360823923179396
2019-10-08 07:12:00,0.201982588238252
2019-10-08 07:15:00,0.32798628888457415
2019-10-08 07:18:00,0.27326797114187684
2019-10-08 07:21:00,0.3031621604643533
2019-10-08 07:24:00,0.173637444348401
2019-10-08 07:27:00,0.2986445077316944
2019-10-08 07:30:00,0.23395925136964024
2019-10-08 07:33:00,0.1987928659561362
2019-10-08 07:36:00,0.15876301074939647
2019-10-08 07:39:00,0.23111813020824457
2019-10-08 07:42:00,0.2290302620019702
2019-10-08 07:45:00,0.1667554067821584
2019-10-08 07:48:00,0.24614692125095416
2019-10-08 07:51:00,0.2248006383948109
2019-10-08 07:54:00,0.21095285784247153
2019-10-08 07:57:00,0.2533129394778939
2019-10-08 08:00:00,0.181626930460709
2019-10-08 08:03:00,0.19021985114818563
2019-10-08 08:06:00,0.19995093974648626
2019-10-08 08:09:00,0.18068539122128868
2019-10-08 08:12:00,0.19895563651994053
2019-10-08 08:15:00,0.2667409050048377
2019-10-08 08:18:00,0.19152760272652358
2019-10-08 08:21:00,0.24758690116794924
2019-10-08 08:24:00,0.16821862132724164
2019-10-08 08:27:00,0.2593727700856334
2019-10-08 08:30:00,0.19834388438385986
2019-10-08 08:33:00,0.27835784516076956
2019-10-08 08:36:00,0.08799492359827354
2019-10-08 08:39:00,0.1451540953906374
2019-10-08 08:42:00,0.19246528256201145
2019-10-08 08:45:00,0.16352936268822305
2019-10-08 08:48:00,0.205160852173492
2019-10-08 08:51:00,0.2187357806435557
2019-10-08 08:54:00,0.1396900050129375
2019-10-08 08:57:00,0.1847343534685706
2019-10-08 09:00:00,0.10316552219330788
2019-10-08 09:03:00,0.06893927073900841
2019-10-08 09:06:00,0.04119179465885736
2019-10-08 09:09:00,-0.006060214766478111
2019-10-08 09:12:00,-0.008318614003428593
2019-10-08 09:15:00,-0.0176780731734425
2019-10-08 09:18:00,-0.09813948986544574
2019-10-08 09:21:00,-0.01999269538464432
2019-10-08 09:24:00,-0.04081331079970596
2019-10-08 09:27:00,-0.06581951533649999
2019-10-08 09:30:00,-0.06337445615304205
2019-10-08 09:33:00,-0.06723388700390842
2019-10-08 09:36:00,-0.0643632715918443
2019-10-08 09:39:00,-0.10450421791961162
2019-10-08 09:42:00,-0.13208245523497908
2019-10-08 09:45:00,-0.14349667211416772
2019-10-08 09:48:00,0.0268240354438376
2019-10-08 09:51:00,-0.10157589204789019
2019-10-08 09:54:00,-0.07529185585519826
2019-10-08 09:57:00,-0.08149751292211249
2019-10-08 10:00:00,-0.1518842954073989
2019-10-08 10:03:00,-0.12811791329778544
2019-10-08 10:06:00,-0.05039963633407751
2019-10-08 10:09:00,-0.05966386241698274
2019-10-08 10:12:00,-0.060262410348684625
2019-10-08 10:15:00,-0.17181546121724978
2019-10-08 10:18:00,-0.24858030547096632
2019-10-08 10:21:00,-0.2651641997429124
2019-10-08 10:24:00,-0.26370177330761635
2019-10-08 10:27:00,-0.19452284368225037
2019-10-08 10:30:00,-0.12980466861199602
2019-10-08 10:33:00,-0.22360979714852647
2019-10-08 10:36:00,-0.21299866448850935
2019-10-08 10:39:00,-0.2093751834138402
2019-10-08 10:42:00,-0.12290378994072171
2019-10-08 10:45:00,-0.3731727061376091
2019-10-08 10:48:00,-0.1673404833703671
2019-10-08 10:51:00,-0.07592055611331716
2019-10-08 10:54:00,-0.2001029808196222
2019-10-08 10:57:00,-0.2438150351400168
2019-10-08 11:00:00,-0.19783312773517991
2019-10-08 11:03:00,-0.23983486520700126
2019-10-08 11:06:00,-0.23371738544386744
2019-10-08 11:09:00,-0.3168694401385892
2019-10-08 11:12:00,-0.1311124538346462
2019-10-08 11:15:00,-0.19113122940080984
2019-10-08 11:18:00,-0.2752156859295951
2019-10-08 11:21:00,-0.26458501309463145
2019-10-08 11:24:00,-0.2497767653424603
2019-10-08 11:27:00,-0.2217687694376309
2019-10-08 11:30:00,-0.14115340686271338
2019-10-08 11:33:00,-0.10820274000479913
2019-10-08 11:36:00,-0.1821803946371574
2019-10-08 11:39:00,-0.059939225696041376
2019-10-08 11:42:00,-0.15758899596585252
2019-10-08 11:45:00,-0.2049418616981029
2019-10-08 11:48:00,-0.16900931350915016
2019-10-08 11:51:00,-0.13228300302949947
2019-10-08 11:54:00,-0.05370915621142558
2019-10-08 11:57:00,-0.1359006361811339
2019-10-08 12:00:00,-0.1579993479409154
2019-10-08 12:03:00,-0.11373487409161953
2019-10-08 12:06:00,-0.1630714110120266
2019-10-08 12:09:00,-0.12546508280343005
2019-10-08 12:12:00,-0.06499887900633894
2019-10-08 12:15:00,-0.026064944604570428
2019-10-08 12:18:00,-0.20111677211519918
2019-10-08 12:21:00,-0.08667440870038945
2019-10-08 12:24:00,-0.17447908104833232
2019-10-08 12:27:00,-0.22192204616800382
2019-10-08 12:30:00,-0.1776232076444444
2019-10-08 12:33:00,-0.2579312832610867
2019-10-08 12:36:00,-0.24095460039694672
2019-10-08 12:39:00,-0.2328571511977202
2019-10-08 12:42:00,-0.23099610864738906
2019-10-08 12:45:00,-0.22454472215986243
2019-10-08 12:48:00,-0.22915079275082917
2019-10-08 12:51:00,-0.12642376713955628
2019-10-08 12:54:00,-0.18109488902246085
2019-10-08 12:57:00,-0.030594942870777686
2019-10-08 13:00:00,-0.11953566164811491
2019-10-08 13:03:00,-0.11740013441288966
2019-10-08 13:06:00,-0.08957665095039147
2019-10-08 13:09:00,-0.12929619822000404
2019-10-08 13:12:00,0.190686417138636
2019-10-08 13:15:00,0.1511688911769511
2019-10-08 13:18:00,0.2943471537525397
2019-10-08 13:21:00,0.3338777789604137
2019-10-08 13:24:00,0.1252710601995659
2019-10-08 13:27:00,0.017454544235420144
2019-10-08 13:30:00,-0.09765157545388092
2019-10-08 13:33:00,-0.09669508614308597
2019-10-08 13:36:00,-0.20075522533556978
2019-10-08 13:39:00,-0.2558692671357221
2019-10-08 13:42:00,-0.23339092086899882
2019-10-08 13:45:00,-0.3373080240453987
2019-10-08 13:48:00,-0.36793116003974546
2019-10-08 13:51:00,-0.21971968810657927
2019-10-08 13:54:00,-0.31836751809038333
2019-10-08 13:57:00,-0.08473687059967006
2019-10-08 14:00:00,-0.09879763117550056
2019-10-08 14:03:00,-0.05492900374133569
2019-10-08 14:06:00,0.23818143084201893
2019-10-08 14:09:00,0.15869742796769515
2019-10-08 14:12:00,0.019739548689187814
2019-10-08 14:15:00,-0.1512503278572126
2019-10-08 14:18:00,-0.09561517290194388
2019-10-08 14:21:00,0.148755421624287
2019-10-08 14:24:00,0.03235822253765264
2019-10-08 14:27:00,0.0858930661987074
2019-10-08 14:30:00,0.24078494280212226
2019-10-08 14:33:00,0.38223118115490706
2019-10-08 14:36:00,0.25924761146785613
2019-10-08 14:39:00,-0.039151738190867036
2019-10-08 14:42:00,-0.04774805499391732
2019-10-08 14:45:00,0.016806033734269477
2019-10-08 14:48:00,0.03280170306908303
2019-10-08 14:51:00,0.25478533248707436
2019-10-08 14:54:00,0.2946258117220282
2019-10-08 14:57:00,0.41966451661716064
2019-10-08 15:00:00,0.5422628353531991
2019-10-08 15:03:00,0.08757932162791349
2019-10-08 15:06:00,0.11145935250038974
2019-10-08 15:09:00,0.14509653791105848
2019-10-08 15:12:00,0.3549919333711955
2019-10-08 15:15:00,0.4451001508755894
2019-10-08 15:18:00,0.594918709482215
2019-10-08 15:21:00,0.34845790555920075
2019-10-08 15:24:00,0.41405640348148154
2019-10-08 15:27:00,0.5348657627538387
2019-10-08 15:30:00,0.6762171156127579
2019-10-08 15:33:00,0.7076754055266861
2019-10-08 15:36:00,0.5300214377418229
2019-10-08 15:39:00,0.22386113113623196
2019-10-08 15:42:00,0.1570448805387059
2019-10-08 15:45:00,-0.037789124298114984
2019-10-08 15:48:00,0.004408206255334335
2019-10-08 15:51:00,0.12857302017170014
2019-10-08 15:54:00,0.25834771372518617
2019-10-08 15:57:00,0.20159192318936903
2019-10-08 16:00:00,0.14013779898721168
2019-10-08 16:03:00,0.1614931360120977
2019-10-08 16:06:00,0.23100098809771907
2019-10-08 16:09:00,0.14508989573670306
2019-10-08 16:12:00,0.1861650560242083
2019-10-08 16:15:00,0.1695086009328861
2019-10-08 16:18:00,0.23181474942919067
2019-10-08 16:21:00,0.007432637636156869
2019-10-08 16:24:00,0.08347017852804584
2019-10-08 16:27:00,0.08620477617824918
2019-10-08 16:30:00,0.1621314373512064
2019-10-08 16:33:00,0.007111403694295859
2019-10-08 16:36:00,0.15565197533874198
2019-10-08 16:39:00,0.15257966802136025
2019-10-08 16:42:00,0.027055423372814857
2019-10-08 16:45:00,0.07509340560807232
2019-10-08 16:48:00,0.10783985470078505
2019-10-08 16:51:00,-0.02029016029092645
2019-10-08 16:54:00,0.08507335567128393
2019-10-08 16:57:00,0.04408451174157335
2019-10-08 17:00:00,0.06269377688107625
2019-10-08 17:03:00,0.09256609455223952
2019-10-08 17:06:00,0.09652597714460853
2019-10-08 17:09:00,0.039311889815792256
2019-10-08 17:12:00,0.00046925566726940815
2019-10-08 17:15:00,0.11380474455933154
2019-10-08 17:18:00,-0.044375431688422395
2019-10-08 17:21:00,0.05555252515978282
2019-10-08 17:24:00,0.066693968631796
2019-10-08 17:27:00,0.07782327586824067
2019-10-08 17:30:00,-0.04523799106016213
2019-10-08 17:33:00,0.007003084424979988
2019-10-08 17:36:00,0.016890126603925637
2019-10-08 17:39:00,0.05586723381259162
2019-10-08 17:42:00,0.009462148252055158
2019-10-08 17:45:00,0.020141921088281833
2019-10-08 17:48:00,0.10916679495232984
2019-10-08 17:51:00,0.0478254639542115
2019-10-08 17:54:00,0.05446181139672035
2019-10-08 17:57:00,0.03239456639590799
2019-10-08 18:00:00,0.0194329514026208
2019-10-08 18:03:00,-0.010874489204923066
2019-10-08 18:06:00,0.044219486349447834
2019-10-08 18:09:00,-0.003755324027167717
2019-10-08 18:12:00,-0.027093804451226333
2019-10-08 18:15:00,0.08443753395027898
2019-10-08 18:18:00,0.024466901707398847
2019-10-08 18:21:00,0.041825152884200634
2019-10-08 18:24:00,0.06631725705659619
2019-10-08 18:27:00,0.10089944152701946
2019-10-08 18:30:00,0.10483766264673022
2019-10-08 18:33:00,-0.00664937097837992
2019-10-08 18:36:00,0.06990308145157087
2019-10-08 18:39:00,0.07718963635403497
2019-10-08 18:42:00,0.017143631712997376
2019-10-08 18:45:00,-0.015314813090412827
2019-10-08 18:48:00,0.04777818376248888
2019-10-08 18:51:00,0.0954624068572798
2019-10-08 18:54:00,
2019-10-08 18:57:00,
2019-10-08 19:00:00,
2019-10-08 19:03:00,0.05106791782293385
2019-10-08 19:06:00,0.06133241812887036
2019-10-08 19:09:00,0.12141696107931921
2019-10-08 19:12:00,0.0578044514178373
2019-10-08 19:15:00,0.059545850380516185
2019-10-08 19:18:00,0.12949629290392295
2019-10-08 19:21:00,0.06237662585255066
2019-10-08 19:24:00,0.06942172773295852
2019-10-08 19:27:00,0.03772737250727687
2019-10-08 19:30:00,0.018587810126007298
2019-10-08 19:33:00,0.09431250074078434
2019-10-08 19:36:00,0.09790121365796267
2019-10-08 19:39:00,0.16685001184634984
2019-10-08 19:42:00,0.12303944291068092
2019-10-08 19:45:00,0.27461648387782134
2019-10-08 19:48:00,0.23855438196517298
2019-10-08 19:51:00,0.1850720323853352
2019-10-08 19:54:00,0.12084251620859732
2019-10-08 19:57:00,0.14200782791851907
2019-10-08 20:00:00,0.13881691999159784
2019-10-08 20:03:00,0.09673487512446854
2019-10-08 20:06:00,0.13839353041470304
2019-10-08 20:09:00,0.09022746208228227
2019-10-08 20:12:00,0.1840481026029579
2019-10-08 20:15:00,0.09499024381472054
2019-10-08 20:18:00,0.13185422701150173
2019-10-08 20:21:00,0.19911873287509252
2019-10-08 20:24:00,0.2620654314526405
2019-10-08 20:27:00,0.18435890282978562
2019-10-08 20:30:00,0.22142909557948087
2019-10-08 20:33:00,0.16027020696026284
2019-10-08 20:36:00,0.2111885151335855
2019-10-08 20:39:00,0.17498996898547148
2019-10-08 20:42:00,0.13540934884059652
2019-10-08 20:45:00,0.23803780192861268
2019-10-08 20:48:00,0.21083593106277476
2019-10-08 20:51:00,0.23497226597186227
2019-10-08 20:54:00,0.1803499662345871
2019-10-08 20:57:00,0.18295505617510344
2019-10-08 21:00:00,0.1598430002084683
2019-10-08 21:03:00,0.20806991617081394
2019-10-08 21:06:00,0.24456996082329852
2019-10-08 21:09:00,0.2215413407012079
2019-10-08 21:12:00,0.12113448866693943
2019-10-08 21:15:00,0.2740315057441194
2019-10-08 21:18:00,0.10598550647989669
2019-10-08 21:21:00,0.15923351070011904
2019-10-08 21:24:00,0.20447997170964527
2019-10-08 21:27:00,0.2720653874970935
2019-10-08 21:30:00,0.2430130314835992
2019-10-08 21:33:00,0.30010960441967427
2019-10-08 21:36:00,0.2624795706738041
2019-10-08 21:39:00,0.23488243079947324
2019-10-08 21:42:00,0.126737978877145
2019-10-08 21:45:00,0.29075480818801225
2019-10-08 21:48:00,0.24470676657858803
2019-10-08 21:51:00,0.24693709041275724
2019-10-08 21:54:00,0.19307372385793542
2019-10-08 21:57:00,0.23309385327871723
2019-10-08 22:00:00,0.16531755776981072
2019-10-08 22:03:00,0.18961887923143195
2019-10-08 22:06:00,0.20743303416924164
2019-10-08 22:09:00,0.29024299814705046
2019-10-08 22:12:00,0.20483249972051
2019-10-08 22:15:00,0.21937105365344678
2019-10-08 22:18:00,0.19121397576532217
2019-10-08 22:21:00,0.24960915994046218
2019-10-08 22:24:00,0.18726006901363235
2019-10-08 22:27:00,0.27469976508848504
2019-10-08 22:30:00,0.26144303085504816
2019-10-08 22:33:00,0.1660585421830092
2019-10-08 22:36:00,0.17618803593876464
2019-10-08 22:39:00,0.25255299915551177
2019-10-08 22:42:00,0.2711951713311578
2019-10-08 22:45:00,0.12220019613613431
2019-10-08 22:48:00,0.2042816377966119
2019-10-08 22:51:00,0.1779394300393733
2019-10-08 22:54:00,0.1567312914518766
2019-10-08 22:57:00,0.2335503765252156
2019-10-08 23:00:00,0.11126630242608826
2019-10-08 23:03:00,0.17644392525056674
2019-10-08 23:06:00,0.2005325893518375
2019-10-08 23:09:00,0.23721021095235528
2019-10-08 23:12:00,0.26301122579599223
2019-10-08 23:15:00,0.22672317925139396
2019-10-08 23:18:00,0.1722948993801765
2019-10-08 23:21:00,0.18511916620343527
2019-10-08 23:24:00,0.07590607033608876
2019-10-08 23:27:00,0.26074112020063467
2019-10-08 23:30:00,0.24450485475881578
2019-10-08 23:33:00,0.2703667116398947
2019-10-08 23:36:00,0.2555852716757272
2019-10-08 23:39:00,0.3218494537321135
2019-10-08 23:42:00,0.28707966348383707
2019-10-08 23:45:00,0.1988376713121056
2019-10-08 23:48:00,0.2791276004458041
2019-10-08 23:51:00,0.34029571597551467
2019-10-08 23:54:00,0.11428936240116627
2019-10-08 23:57:00,0.21181416230882633
2019-10-09 00:00:00,0.24896670585343372
2019-10-09 00:03:00,0.10862452449470084
2019-10-09 00:06:00,0.18786150048947547
2019-10-09 00:09:00,0.1307242081686013
2019-10-09 00:12:00,0.271347808543112
2019-10-09 00:15:00,0.19710981843002173
2019-10-09 00:18:00,0.23147905845905825
2019-10-09 00:21:00,0.2290636017551151
2019-10-09 00:24:00,0.11703297105884758
2019-10-09 00:27:00,0.1537604017063927
2019-10-09 00:30:00,0.19571761276671396
2019-10-09 00:33:00,0.30244895771352276
2019-10-09 00:36:00,0.24837564101437692
2019-10-09 00:39:00,0.21838987976911994
2019-10-09 00:42:00,0.20628986538901017
2019-10-09 00:45:00,0.19567265211719587
2019-10-09 00:48:00,0.35743742220506647
2019-10-09 00:51:00,0.29533293225222224
2019-10-09 00:54:00,0.25335826202103817
2019-10-09 00:57:00,0.32021594255445507
2019-10-09 01:00:00,0.22043971737519996
2019-10-09 01:03:00,0.22150249081295215
2019-10-09 01:06:00,0.25204215728319923
2019-10-09 01:09:00,0.18829051365815985
2019-10-09 01:12:00,0.2153809631336685
2019-10-09 01:15:00,0.2536851988093076
2019-10-09 01:18:00,0.24054989885866007
2019-10-09 01:21:00,0.19920392446113055
2019-10-09 01:24:00,0.21959404250668513
2019-10-09 01:27:00,0.26989208411708887
2019-10-09 01:30:00,0.241399001214063
2019-10-09 01:33:00,0.23558718866451045
2019-10-09 01:36:00,0.2911688829863124
2019-10-09 01:39:00,0.3171299340384053
2019-10-09 01:42:00,0.29873174254760215
2019-10-09 01:45:00,0.3016321396735293
2019-10-09 01:48:00,0.2792978117440157
2019-10-09 01:51:00,0.3082322445374075
2019-10-09 01:54:00,0.2741919731126359
2019-10-09 01:57:00,0.1682187805802755
2019-10-09 02:00:00,0.257438204022435
2019-10-09 02:03:00,0.26460337393950795
2019-10-09 02:06:00,0.263382171319563
2019-10-09 02:09:00,0.28848263215877523
2019-10-09 02:12:00,0.24112119128096765
2019-10-09 02:15:00,0.21018434377538142
2019-10-09 02:18:00,0.3045752825109389
2019-10-09 02:21:00,0.307223904355169
2019-10-09 02:24:00,0.20823084122150703
2019-10-09 02:27:00,0.34760900988413823
2019-10-09 02:30:00,0.2856125447294744
2019-10-09 02:33:00,0.3154692293931589
2019-10-09 02:36:00,0.21259817545961823
2019-10-09 02:39:00,0.3244316435539645
2019-10-09 02:42:00,0.23048964600542377
2019-10-09 02:45:00,0.26776576704429544
2019-10-09 02:48:00,0.2474695645743168
2019-10-09 02:51:00,0.23661758989425152
2019-10-09 02:54:00,0.26438950236490655
2019-10-09 02:57:00,0.20299597837913552
2019-10-09 03:00:00,0.2985040357141884
2019-10-09 03:03:00,0.35470752039026365
2019-10-09 03:06:00,0.265295617300751
2019-10-09 03:09:00,0.27464972417539
2019-10-09 03:12:00,0.29314343897812023
2019-10-09 03:15:00,0.26990431801618797
2019-10-09 03:18:00,0.19728312845990104
2019-10-09 03:21:00,0.2544970859296427
2019-10-09 03:24:00,0.2266531754523271
2019-10-09 03:27:00,0.3209157012178707
2019-10-09 03:30:00,0.24068076541317396
2019-10-09 03:33:00,0.2066439494499832
2019-10-09 03:36:00,0.3365520354954583
2019-10-09 03:39:00,0.2700336583724834
2019-10-09 03:42:00,0.26738087128313737
2019-10-09 03:45:00,0.3394612168993376
2019-10-09 03:48:00,0.23849443610140497
2019-10-09 03:51:00,0.2519982495865065
2019-10-09 03:54:00,0.31074857042813164
2019-10-09 03:57:00,0.272279375272376
2019-10-09 04:00:00,0.285395990693587
2019-10-09 04:03:00,0.314545848959483
2019-10-09 04:06:00,0.2492288160541989
2019-10-09 04:09:00,0.28459090738510895
2019-10-09 04:12:00,0.2697660804186057
2019-10-09 04:15:00,0.32884359985274614
2019-10-09 04:18:00,0.33361709389453154
2019-10-09 04:21:00,0.3546826891212618
2019-10-09 04:24:00,0.29608478753988265
2019-10-09 04:27:00,0.35190484936993016
2019-10-09 04:30:00,0.321991440746217
2019-10-09 04:33:00,0.3917342107299646
2019-10-09 04:36:00,0.36568319385759196
2019-10-09 04:39:00,0.27475116976842173
2019-10-09 04:42:00,0.3345856871463866
2019-10-09 04:45:00,0.34438549479295943
2019-10-09 04:48:00,0.3175161718887125
2019-10-09 04:51:00,0.3422518735994231
2019-10-09 04:54:00,0.4045690514141711
2019-10-09 04:57:00,0.3795962284161192
2019-10-09 05:00:00,0.3322604132512197
2019-10-09 05:03:00,0.36672281808921525
2019-10-09 05:06:00,0.46050786774446806
2019-10-09 05:09:00,0.4024783632063986
2019-10-09 05:12:00,0.4935815674974151
2019-10-09 05:15:00,0.4417033585076524
2019-10-09 05:18:00,0.4081731998783198
2019-10-09 05:21:00,0.48041118772192704
2019-10-09 05:24:00,0.298187571769688
2019-10-09 05:27:00,0.34214207713870337
2019-10-09 05:30:00,0.22484409307310216
2019-10-09 05:33:00,0.3890823323475274
2019-10-09 05:36:00,0.42483271007154144
2019-10-09 05:39:00,0.2893636013180867
2019-10-09 05:42:00,0.34602329156155065
2019-10-09 05:45:00,0.35094318188464513
2019-10-09 05:48:00,0.2976803963659336
2019-10-09 05:51:00,0.2974529282215599
2019-10-09 05:54:00,0.32900916078278897
2019-10-09 05:57:00,0.3156653113572929
2019-10-09 06:00:00,0.33892494924884886
2019-10-09 06:03:00,0.3772680859328261
2019-10-09 06:06:00,0.27603460447619454
2019-10-09 06:09:00,0.39320669344579073
2019-10-09 06:12:00,0.4071939628757377
2019-10-09 06:15:00,0.32864970878887334
2019-10-09 06:18:00,0.340730339605841
2019-10-09 06:21:00,0.3767938976810683
2019-10-09 06:24:00,0.3371565044787417
2019-10-09 06:27:00,0.3144811563263943
2019-10-09 06:30:00,0.4004393861550284
2019-10-09 06:33:00,0.23154714225466932
2019-10-09 06:36:00,0.3709647047214162
2019-10-09 06:39:00,0.3455067456472989
2019-10-09 06:42:00,0.24622019819173602
2019-10-09 06:45:00,0.33131606769427435
2019-10-09 06:48:00,0.34494570823591175
2019-10-09 06:51:00,0.25532325847552784
2019-10-09 06:54:00,0.27097311041819694
2019-10-09 06:57:00,0.2687130782888403
2019-10-09 07:00:00,0.2679742715164366
2019-10-09 07:03:00,0.2099233593386316
2019-10-09 07:06:00,0.26996452391108505
2019-10-09 07:09:00,0.2586092295749154
2019-10-09 07:12:00,0.26345083640541134
2019-10-09 07:15:00,0.34004466227167995
2019-10-09 07:18:00,0.2374192645430071
2019-10-09 07:21:00,0.09955935626135215
2019-10-09 07:24:00,0.19485247889736002
2019-10-09 07:27:00,0.15001120194449413
2019-10-09 07:30:00,0.30885801962131154
2019-10-09 07:33:00,0.2605363809794312
2019-10-09 07:36:00,0.21380688971288464
2019-10-09 07:39:00,0.27755737490087995
2019-10-09 07:42:00,0.18860561061211456
2019-10-09 07:45:00,0.2959887418498397
2019-10-09 07:48:00,0.26934736402819226
2019-10-09 07:51:00,0.18969552792822242
2019-10-09 07:54:00,0.20645412795965967
2019-10-09 07:57:00,0.197712181075417
2019-10-09 08:00:00,0.20929379102693701
2019-10-09 08:03:00,0.1799384529797976
2019-10-09 08:06:00,0.22111797473684192
2019-10-09 08:09:00,0.1486129053081413
2019-10-09 08:12:00,0.1973845083988408
2019-10-09 08:15:00,0.23220063578116878
2019-10-09 08:18:00,0.15809665137601314
2019-10-09 08:21:00,0.15309275265269662
2019-10-09 08:24:00,0.11988599535669664
2019-10-09 08:27:00,0.17215060640336333
2019-10-09 08:30:00,0.2254390157169155
2019-10-09 08:33:00,0.13288789476609963
2019-10-09 08:36:00,0.11928648023962296
2019-10-09 08:39:00,0.1870829451312943
2019-10-09 08:42:00,0.10195037186019817
2019-10-09 08:45:00,0.24209426720392457
2019-10-09 08:48:00,0.22779679398627195
2019-10-09 08:51:00,0.07791191020243105
2019-10-09 08:54:00,0.0862701199337721
2019-10-09 08:57:00,0.08611469068034694
2019-10-09 09:00:00,0.11216821421555778
2019-10-09 09:03:00,0.09040532020492265
2019-10-09 09:06:00,0.12901157267430108
2019-10-09 09:09:00,0.11167982288952771
2019-10-09 09:12:00,0.060342536107896194
2019-10-09 09:15:00,0.11712425677853844
2019-10-09 09:18:00,0.0993319042286771
2019-10-09 09:21:00,0.0402096648456336
2019-10-09 09:24:00,0.05348570101165251
2019-10-09 09:27:00,0.05109539039460742
2019-10-09 09:30:00,0.0874245701130576
2019-10-09 09:33:00,0.019087547522474324
2019-10-09 09:36:00,0.03885245571990481
2019-10-09 09:39:00,0.03538615546062829
2019-10-09 09:42:00,0.008005213119986365
2019-10-09 09:45:00,0.014083906693315384
2019-10-09 09:48:00,0.026672274907866722
2019-10-09 09:51:00,-0.07636584819113068
2019-10-09 09:54:00,-0.11813246819804135
2019-10-09 09:57:00,-0.0906975981135929
2019-10-09 10:00:00,0.012628936980263461
2019-10-09 10:03:00,-0.240721170583015
2019-10-09 10:06:00,-0.24513874140677672
2019-10-09 10:09:00,-0.10071528328359136
2019-10-09 10:12:00,-0.11960713945165935
2019-10-09 10:15:00,-0.0467946533229906
2019-10-09 10:18:00,-0.013321467886612481
2019-10-09 10:21:00,-0.20302806579309163
2019-10-09 10:24:00,-0.05947193210624846
2019-10-09 10:27:00,-0.13958571503570738
2019-10-09 10:30:00,-0.00372533359376348
2019-10-09 10:33:00,-0.06533911212642352
2019-10-09 10:36:00,-0.1605267371367063
2019-10-09 10:39:00,-0.19985718760398186
2019-10-09 10:42:00,-0.13687935045169297
2019-10-09 10:45:00,-0.23556160439483165
2019-10-09 10:48:00,-0.12633847014672028
2019-10-09 10:51:00,-0.15907186222779046
2019-10-09 10:54:00,-0.12626465125231334
2019-10-09 10:57:00,-0.24238772011847232
2019-10-09 11:00:00,-0.19707207710337116
2019-10-09 11:03:00,-0.20968433235532302
2019-10-09 11:06:00,-0.21762733193844497
2019-10-09 11:09:00,-0.2442601163818381
2019-10-09 11:12:00,-0.1935723590927978
2019-10-09 11:15:00,-0.37897960221641824
2019-10-09 11:18:00,-0.1875745654680827
2019-10-09 11:21:00,-0.3680442897537546
2019-10-09 11:24:00,-0.30098620806046483
2019-10-09 11:27:00,-0.213857217683028
2019-10-09 11:30:00,-0.40572122797095744
2019-10-09 11:33:00,-0.2558608300993228
2019-10-09 11:36:00,-0.0886672024992663
2019-10-09 11:39:00,-0.2794127474292054
2019-10-09 11:42:00,-0.3145059159164134
2019-10-09 11:45:00,-0.33744066165445474
2019-10-09 11:48:00,-0.2450232657283209
2019-10-09 11:51:00,-0.26552018174498926
2019-10-09 11:54:00,-0.3015196991945004
2019-10-09 11:57:00,-0.3284141106436209
2019-10-09 12:00:00,-0.3266448900010346
2019-10-09 12:03:00,-0.375978800050234
2019-10-09 12:06:00,-0.28517871922008453
2019-10-09 12:09:00,-0.42630632202093466
2019-10-09 12:12:00,-0.312883196565906
2019-10-09 12:15:00,-0.29359159560033277
2019-10-09 12:18:00,-0.20649234193706434
2019-10-09 12:21:00,-0.2553137687412459
2019-10-09 12:24:00,-0.2556189867909211
2019-10-09 12:27:00,-0.27924429714090593
2019-10-09 12:30:00,-0.407627396502221
2019-10-09 12:33:00,-0.40677523539795857
2019-10-09 12:36:00,-0.4157576301528252
2019-10-09 12:39:00,-0.5826400838072914
2019-10-09 12:42:00,-0.3894697668728213
2019-10-09 12:45:00,-0.4643775154546006
2019-10-09 12:48:00,-0.3294964238000375
2019-10-09 12:51:00,-0.4897400873307447
2019-10-09 12:54:00,-0.39973923822026336
2019-10-09 12:57:00,-0.3874985458791116
2019-10-09 13:00:00,-0.40204291447957985
2019-10-09 13:03:00,-0.27343741780288155
2019-10-09 13:06:00,-0.3862802147033335
2019-10-09 13:09:00,-0.44367130608748084
2019-10-09 13:12:00,-0.41381712441585705
2019-10-09 13:15:00,-0.28133165164399543
2019-10-09 13:18:00,-0.24605098934142688
2019-10-09 13:21:00,-0.3128095678399063
2019-10-09 13:24:00,-0.3868726388147934
2019-10-09 13:27:00,-0.41052902547852455
2019-10-09 13:30:00,-0.45865595911578794
2019-10-09 13:33:00,-0.42526558225807776
2019-10-09 13:36:00,-0.3664951971277901
2019-10-09 13:39:00,-0.4719431202668716
2019-10-09 13:42:00,-0.44811342948258925
2019-10-09 13:45:00,-0.3978503344653177
2019-10-09 13:48:00,-0.3672252373997935
2019-10-09 13:51:00,-0.3824431785444631
2019-10-09 13:54:00,-0.26628294083047876
2019-10-09 13:57:00,-0.40357619548433377
2019-10-09 14:00:00,-0.15887629231349365
2019-10-09 14:03:00,-0.10996830507770028
2019-10-09 14:06:00,-0.10178480626996134
2019-10-09 14:09:00,0.08240765229413682
2019-10-09 14:12:00,0.0023518612973703057
2019-10-09 14:15:00,0.06980535687023348
2019-10-09 14:18:00,0.013519478386854189
2019-10-09 14:21:00,-0.18695554217617882
2019-10-09 14:24:00,-0.30317661450510514
2019-10-09 14:27:00,-0.44168744286417905
2019-10-09 14:30:00,-0.2992721533977374
2019-10-09 14:33:00,-0.3274338241009218
2019-10-09 14:36:00,-0.3525494790351331
2019-10-09 14:39:00,-0.22791373302749207
2019-10-09 14:42:00,-0.31528081236513117
2019-10-09 14:45:00,-0.37886004317971356
2019-10-09 14:48:00,-0.44544893829936427
2019-10-09 14:51:00,-0.37005990406953515
2019-10-09 14:54:00,-0.3141728433270714
2019-10-09 14:57:00,-0.36935055930047156
2019-10-09 15:00:00,-0.44105668622404437
2019-10-09 15:03:00,-0.4770367301145484
2019-10-09 15:06:00,-0.5125483014004999
2019-10-09 15:09:00,-0.46132271052925944
2019-10-09 15:12:00,-0.47026716997055473
2019-10-09 15:15:00,-0.41438934512984815
2019-10-09 15:18:00,-0.5421294545253659
2019-10-09 15:21:00,-0.5231148455145558
2019-10-09 15:24:00,-0.5033634410376635
2019-10-09 15:27:00,-0.5460947378567766
2019-10-09 15:30:00,-0.4729754708698124
2019-10-09 15:33:00,-0.3513368923863709
2019-10-09 15:36:00,-0.21920267360155776
2019-10-09 15:39:00,-0.10255576536928857
2019-10-09 15:42:00,-0.2862260166047008
2019-10-09 15:45:00,-0.4035233144943504
2019-10-09 15:48:00,-0.05089161141279419
2019-10-09 15:51:00,-0.22993997243156628
2019-10-09 15:54:00,-0.13394802667534123
2019-10-09 15:57:00,-0.25520956186630883
2019-10-09 16:00:00,-0.25040139541158624
2019-10-09 16:03:00,-0.14780908363542267
2019-10-09 16:06:00,-0.023034686197775045
2019-10-09 16:09:00,-0.04075817955282446
2019-10-09 16:12:00,-0.08414599105032039
2019-10-09 16:15:00,0.0325387828439716
2019-10-09 16:18:00,0.12291899193576228
2019-10-09 16:21:00,-0.09206172862280937
2019-10-09 16:24:00,-0.09281119977953267
2019-10-09 16:27:00,-0.02005243858582162
2019-10-09 16:30:00,0.08061817621012324
2019-10-09 16:33:00,0.01087817376384237
2019-10-09 16:36:00,0.2421857897436439
2019-10-09 16:39:00,0.0625641783274773
2019-10-09 16:42:00,0.2303731989279072
2019-10-09 16:45:00,0.18241977608323623
2019-10-09 16:48:00,0.16486873493676057
2019-10-09 16:51:00,0.17897369879750613
2019-10-09 16:54:00,0.1444521834588386
2019-10-09 16:57:00,0.06672325174122307
2019-10-09 17:00:00,0.14246605725440986
2019-10-09 17:03:00,0.1035557958786626
2019-10-09 17:06:00,0.13631482765248393
2019-10-09 17:09:00,0.15622938238999495
2019-10-09 17:12:00,0.12312193963117579
2019-10-09 17:15:00,0.038375524545585904
2019-10-09 17:18:00,0.03113403488498534
2019-10-09 17:21:00,0.044529447282968704
2019-10-09 17:24:00,0.05415922275636831
2019-10-09 17:27:00,0.0825749674133931
2019-10-09 17:30:00,0.08836004275912046
2019-10-09 17:33:00,0.1106585908835882
2019-10-09 17:36:00,0.11100913543407387
2019-10-09 17:39:00,0.09607618178762323
2019-10-09 17:42:00,0.10700832612559452
2019-10-09 17:45:00,0.0558283663859811
2019-10-09 17:48:00,0.027162888067152835
2019-10-09 17:51:00,0.06651349064321721
2019-10-09 17:54:00,0.12568319944125506
2019-10-09 17:57:00,0.07047074204774617
2019-10-09 18:00:00,0.12666138421866435
2019-10-09 18:03:00,0.04191721044605856
2019-10-09 18:06:00,-0.018530643936571778
2019-10-09 18:09:00,-0.05617095117321469
2019-10-09 18:12:00,0.10027981061682567
2019-10-09 18:15:00,0.028367383871454876
2019-10-09 18:18:00,0.08766299331671235
2019-10-09 18:21:00,0.01940401560727878
2019-10-09 18:24:00,-0.013531393638629652
2019-10-09 18:27:00,0.02031536915876586
2019-10-09 18:30:00,0.010382909815575658
2019-10-09 18:33:00,0.07019048097890845
2019-10-09 18:36:00,0.07490002517198491
2019-10-09 18:39:00,0.02220400958162827
2019-10-09 18:42:00,0.038391967129996374
2019-10-09 18:45:00,0.0660378959904051
2019-10-09 18:48:00,-0.017670954008792705
2019-10-09 18:51:00,0.0461541857932275
2019-10-09 18:54:00,
2019-10-09 18:57:00,
2019-10-09 19:00:00,
2019-10-09 19:03:00,0.034393305950402464
2019-10-09 19:06:00,-0.01413698152532561
2019-10-09 19:09:00,-0.018465449203119988
2019-10-09 19:12:00,0.022499983388854616
2019-10-09 19:15:00,-0.025137535877945538
2019-10-09 19:18:00,0.08049581426683972
2019-10-09 19:21:00,-0.02076427344172771
2019-10-09 19:24:00,0.04591776827891181
2019-10-09 19:27:00,-0.02985164399245832
2019-10-09 19:30:00,-0.010422528940523534
2019-10-09 19:33:00,0.023113729967917607
2019-10-09 19:36:00,-0.06839159628680136
2019-10-09 19:39:00,0.03645943600656665
2019-10-09 19:42:00,0.05342583026356351
2019-10-09 19:45:00,0.02430432704085206
2019-10-09 19:48:00,0.07800165913454293
2019-10-09 19:51:00,0.011670306459336643
2019-10-09 19:54:00,0.13778050483779225
2019-10-09 19:57:00,0.028260027775331764
2019-10-09 20:00:00,0.047907493277421054
2019-10-09 20:03:00,-0.019147744773988506
2019-10-09 20:06:00,0.08271599201299296
2019-10-09 20:09:00,0.026561171942432793
2019-10-09 20:12:00,0.09267409403662441
2019-10-09 20:15:00,0.03617847544325059
2019-10-09 20:18:00,0.15519588731302747
2019-10-09 20:21:00,0.05592003983065297
2019-10-09 20:24:00,0.04139336648705694
2019-10-09 20:27:00,-0.0004708896271381491
2019-10-09 20:30:00,0.03749920995943512
2019-10-09 20:33:00,-0.03686449418819393
2019-10-09 20:36:00,0.08148356874534102
2019-10-09 20:39:00,0.024387632337948162
2019-10-09 20:42:00,-0.009388222923405465
2019-10-09 20:45:00,-0.06816905896965864
2019-10-09 20:48:00,0.1047968351849704
2019-10-09 20:51:00,-0.04925136983035827
2019-10-09 20:54:00,-0.022862035556954652
2019-10-09 20:57:00,-0.008758849435366756
2019-10-09 21:00:00,-0.005509651205784394
2019-10-09 21:03:00,0.002560379308249594
2019-10-09 21:06:00,0.06186725992552056
2019-10-09 21:09:00,-0.012526265441181295
2019-10-09 21:12:00,0.042263536787743305
2019-10-09 21:15:00,0.03475342723800168
2019-10-09 21:18:00,-0.03450990380690655
2019-10-09 21:21:00,0.049280661501313716
2019-10-09 21:24:00,0.023592188008990433
2019-10-09 21:27:00,-0.03594418727561788
2019-10-09 21:30:00,0.1313611680444069
2019-10-09 21:33:00,0.0227026514110662
2019-10-09 21:36:00,0.004683478009269493
2019-10-09 21:39:00,0.030199538636964007
2019-10-09 21:42:00,-0.010322703724227722
2019-10-09 21:45:00,-0.04251887473998295
2019-10-09 21:48:00,0.03411117270405839
2019-10-09 21:51:00,-0.023233852639521047
2019-10-09 21:54:00,0.056148135810758504
2019-10-09 21:57:00,0.06148172385957196
2019-10-09 22:00:00,0.05395129393963316
2019-10-09 22:03:00,0.0735501779750507
2019-10-09 22:06:00,0.0001447112676373763
2019-10-09 22:09:00,0.04199487014625447
2019-10-09 22:12:00,0.01464038164658632
2019-10-09 22:15:00,-0.008764518775706165
2019-10-09 22:18:00,0.020835034232163707
2019-10-09 22:21:00,-0.013641256398386759
2019-10-09 22:24:00,0.04645057769704408
2019-10-09 22:27:00,0.06675207074528089
2019-10-09 22:30:00,0.02391299665794122
2019-10-09 22:33:00,0.05391724618164062
2019-10-09 22:36:00,0.06325304451939928
2019-10-09 22:39:00,0.04715565533797417
2019-10-09 22:42:00,0.0644637717336991
2019-10-09 22:45:00,0.08653731248875829
2019-10-09 22:48:00,0.07702961306949874
2019-10-09 22:51:00,0.0005338268586001504
2019-10-09 22:54:00,0.010558477403094457
2019-10-09 22:57:00,0.0828391884846269
2019-10-09 23:00:00,0.100001351441108
2019-10-09 23:03:00,0.016761217247449167
2019-10-09 23:06:00,0.0924509403284901
2019-10-09 23:09:00,0.12799654335321975
2019-10-09 23:12:00,0.046857152870813934
2019-10-09 23:15:00,0.0008331003702437556
2019-10-09 23:18:00,0.020400208990167812
2019-10-09 23:21:00,0.10093678743135115
2019-10-09 23:24:00,0.08754662287998372
2019-10-09 23:27:00,0.11615301996664584
2019-10-09 23:30:00,0.13448054802427123
2019-10-09 23:33:00,0.10411783242517458
2019-10-09 23:36:00,0.0696131072347157
2019-10-09 23:39:00,0.055661357753024276
2019-10-09 23:42:00,0.13440606317453785
2019-10-09 23:45:00,0.07739092791291569
2019-10-09 23:48:00,0.006415154870637707
2019-10-09 23:51:00,0.075721968699213
2019-10-09 23:54:00,0.07119400288922861
2019-10-09 23:57:00,0.08578324097470613
2019-10-10 00:00:00,0.027015669071602133
2019-10-10 00:03:00,0.10529821041279774
2019-10-10 00:06:00,0.0023458399907099192
2019-10-10 00:09:00,0.10364661430151045
2019-10-10 00:12:00,0.10652180845846715
2019-10-10 00:15:00,0.007599720908672225
2019-10-10 00:18:00,0.1462054391751053
2019-10-10 00:21:00,0.21023293680917732
2019-10-10 00:24:00,0.0614149552494041
2019-10-10 00:27:00,0.1345802838286545
2019-10-10 00:30:00,0.06203060033163865
2019-10-10 00:33:00,0.10452400875976764
2019-10-10 00:36:00,0.11227896208833954
2019-10-10 00:39:00,0.12396546491169147
2019-10-10 00:42:00,0.1069054801718039
2019-10-10 00:45:00,0.06197658709834286
2019-10-10 00:48:00,0.20134443387314604
2019-10-10 00:51:00,0.07172245330917804
2019-10-10 00:54:00,0.18895163332058473
2019-10-10 00:57:00,0.038665183357920796
2019-10-10 01:00:00,0.10741541699314894
2019-10-10 01:03:00,0.10420915774034256
2019-10-10 01:06:00,-0.00860996172252726
2019-10-10 01:09:00,0.10144891104926046
2019-10-10 01:12:00,0.16174311855127144
2019-10-10 01:15:00,0.11280450510486162
2019-10-10 01:18:00,0.05152734645832879
2019-10-10 01:21:00,0.06048133828903701
2019-10-10 01:24:00,0.13328614417389417
2019-10-10 01:27:00,0.19458321675443813
2019-10-10 01:30:00,0.1047726204425885
2019-10-10 01:33:00,0.04775600998726759
2019-10-10 01:36:00,0.12420810650058911
2019-10-10 01:39:00,0.11757520311903136
2019-10-10 01:42:00,0.15819061530788758
2019-10-10 01:45:00,0.13889121768517043
2019-10-10 01:48:00,0.08026708981657293
2019-10-10 01:51:00,0.06300670863691948
2019-10-10 01:54:00,0.08782458976503449
2019-10-10 01:57:00,0.10482437670577838
2019-10-10 02:00:00,0.06627372089042183
2019-10-10 02:03:00,0.25370126155905837
2019-10-10 02:06:00,0.09647300847177576
2019-10-10 02:09:00,0.22837332911387875
2019-10-10 02:12:00,0.2180604932631809
2019-10-10 02:15:00,0.15653611136076506
2019-10-10 02:18:00,0.08122653633000709
2019-10-10 02:21:00,0.1687877297332534
2019-10-10 02:24:00,0.22182368158684085
2019-10-10 02:27:00,0.2367607176803972
2019-10-10 02:30:00,0.07040822148752568
2019-10-10 02:33:00,0.11708333213346123
2019-10-10 02:36:00,0.07718232332240405
2019-10-10 02:39:00,0.12952509066326456
2019-10-10 02:42:00,0.2836129253259969
2019-10-10 02:45:00,0.07770316638698205
2019-10-10 02:48:00,0.12001734896551852
2019-10-10 02:51:00,0.18599419856082022
2019-10-10 02:54:00,0.2366829165633817
2019-10-10 02:57:00,0.19165583412052456
2019-10-10 03:00:00,0.40600006032451574
2019-10-10 03:03:00,0.36574509157327384
2019-10-10 03:06:00,0.3314347556418511
2019-10-10 03:09:00,0.43445939228553243
2019-10-10 03:12:00,0.4062188676886649
2019-10-10 03:15:00,0.23314302982595336
2019-10-10 03:18:00,0.3442259442484783
2019-10-10 03:21:00,0.3390706489867057
2019-10-10 03:24:00,0.3538186467470723
2019-10-10 03:27:00,0.6133008070383994
2019-10-10 03:30:00,0.4497444472040115
2019-10-10 03:33:00,0.39725500567692507
2019-10-10 03:36:00,0.3280785467616738
2019-10-10 03:39:00,0.2971665749114436
2019-10-10 03:42:00,0.35672227157937186
2019-10-10 03:45:00,0.3241739103559098
2019-10-10 03:48:00,0.2710433686102647
2019-10-10 03:51:00,0.27784367413659083
2019-10-10 03:54:00,0.24258845344832025
2019-10-10 03:57:00,0.3222274410105115
2019-10-10 04:00:00,0.41586507964160546
2019-10-10 04:03:00,0.33815890742545207
2019-10-10 04:06:00,0.27655264753633446
2019-10-10 04:09:00,0.25714440701250396
2019-10-10 04:12:00,0.30145237374551925
2019-10-10 04:15:00,0.32745127761609183
2019-10-10 04:18:00,0.27100317655913386
2019-10-10 04:21:00,0.19778781952510371
2019-10-10 04:24:00,0.27806681038015313
2019-10-10 04:27:00,0.2349873907634219
2019-10-10 04:30:00,0.25162242522975475
2019-10-10 04:33:00,0.3013010354727612
2019-10-10 04:36:00,0.19103891111524263
2019-10-10 04:39:00,0.28333238729356935
2019-10-10 04:42:00,0.2321587855440157
2019-10-10 04:45:00,0.22523595418306286
2019-10-10 04:48:00,0.240224335464859
2019-10-10 04:51:00,0.26095648797058857
2019-10-10 04:54:00,0.26157806122790817
2019-10-10 04:57:00,0.2977979776183588
2019-10-10 05:00:00,0.2524493428296637
2019-10-10 05:03:00,0.4142802712807452
2019-10-10 05:06:00,0.2669019224294402
2019-10-10 05:09:00,0.19859017950017233
2019-10-10 05:12:00,0.23585409686819503
2019-10-10 05:15:00,0.2615281263476277
2019-10-10 05:18:00,0.2158934505003458
2019-10-10 05:21:00,0.3065530445255149
2019-10-10 05:24:00,0.31117135090579495
2019-10-10 05:27:00,0.29703114121076624
2019-10-10 05:30:00,0.33318183013398084
2019-10-10 05:33:00,0.2709068934260017
2019-10-10 05:36:00,0.28322180529409025
2019-10-10 05:39:00,0.23966280530282802
2019-10-10 05:42:00,0.21483749786983708
2019-10-10 05:45:00,0.2516361643418463
2019-10-10 05:48:00,0.23550024928260882
2019-10-10 05:51:00,0.25604606999746693
2019-10-10 05:54:00,0.3582001551167764
2019-10-10 05:57:00,0.18277440712518
2019-10-10 06:00:00,0.2097876998033712
2019-10-10 06:03:00,0.24725923126999305
2019-10-10 06:06:00,0.2591391890951513
2019-10-10 06:09:00,0.2585385111206051
2019-10-10 06:12:00,0.2828157803513136
2019-10-10 06:15:00,0.42177157526077735
2019-10-10 06:18:00,0.33250187343963944
2019-10-10 06:21:00,0.4151288450040056
2019-10-10 06:24:00,0.399839063409388
2019-10-10 06:27:00,0.3500325239314179
2019-10-10 06:30:00,0.2995379112898604
2019-10-10 06:33:00,0.2808932489016911
2019-10-10 06:36:00,0.23868860683654702
2019-10-10 06:39:00,0.28547996868502423
2019-10-10 06:42:00,0.21518821281262035
2019-10-10 06:45:00,0.2462179862821472
2019-10-10 06:48:00,0.27976036859331543
2019-10-10 06:51:00,0.28217076922493334
2019-10-10 06:54:00,0.27712478499660165
2019-10-10 06:57:00,0.22443878527877814
2019-10-10 07:00:00,0.2613095471550082
2019-10-10 07:03:00,0.2502175639784241
2019-10-10 07:06:00,0.294433002843391
2019-10-10 07:09:00,0.28813586690364446
2019-10-10 07:12:00,0.3046358008058405
2019-10-10 07:15:00,0.39437571422087103
2019-10-10 07:18:00,0.39257965632629066
2019-10-10 07:21:00,0.35706567136907097
2019-10-10 07:24:00,0.40449847388799753
2019-10-10 07:27:00,0.4247927286263007
2019-10-10 07:30:00,0.3174928809405628
2019-10-10 07:33:00,0.33651656659202445
2019-10-10 07:36:00,0.3815136301077473
2019-10-10 07:39:00,0.2955859327705639
2019-10-10 07:42:00,0.22893657262471834
2019-10-10 07:45:00,0.139425995431111
2019-10-10 07:48:00,0.23780534899236727
2019-10-10 07:51:00,0.14828313749984545
2019-10-10 07:54:00,0.31891129735709
2019-10-10 07:57:00,0.18179564275521898
2019-10-10 08:00:00,0.27754830879359815
2019-10-10 08:03:00,0.20662608228798263
2019-10-10 08:06:00,0.18085953732793314
2019-10-10 08:09:00,0.16102444864282006
2019-10-10 08:12:00,0.19758766543947104
2019-10-10 08:15:00,0.1918453077913682
2019-10-10 08:18:00,0.29186640350292237
2019-10-10 08:21:00,0.20359241249502702
2019-10-10 08:24:00,0.226335308545913
2019-10-10 08:27:00,0.16747475479536433
2019-10-10 08:30:00,0.25436744120281674
2019-10-10 08:33:00,0.1722743280464556
2019-10-10 08:36:00,0.20267431223743415
2019-10-10 08:39:00,0.1772247499550872
2019-10-10 08:42:00,0.1911002265809998
2019-10-10 08:45:00,0.24493140943195613
2019-10-10 08:48:00,0.14229983649426003
2019-10-10 08:51:00,0.1698029000563679
2019-10-10 08:54:00,0.1537750606517534
2019-10-10 08:57:00,0.2125699029091379
2019-10-10 09:00:00,0.27297926423733543
2019-10-10 09:03:00,0.21202315743039435
2019-10-10 09:06:00,0.0412916452850709
2019-10-10 09:09:00,0.1957925268657732
2019-10-10 09:12:00,0.18826565743199808
2019-10-10 09:15:00,0.20375971544797267
2019-10-10 09:18:00,0.24565563887557573
2019-10-10 09:21:00,0.22062464639719792
2019-10-10 09:24:00,0.19313568314061058
2019-10-10 09:27:00,0.2521437168476268
2019-10-10 09:30:00,0.20639661515662056
2019-10-10 09:33:00,0.22996662763631548
2019-10-10 09:36:00,0.2600812755587185
2019-10-10 09:39:00,0.2888336964796281
2019-10-10 09:42:00,0.31221416217152864
2019-10-10 09:45:00,0.3198519716696069
2019-10-10 09:48:00,0.40473649107059373
2019-10-10 09:51:00,0.2725979947158521
2019-10-10 09:54:00,0.22009235182770226
2019-10-10 09:57:00,0.1673239108849316
2019-10-10 10:00:00,0.20280402320520352
2019-10-10 10:03:00,0.18181662589898906
2019-10-10 10:06:00,0.24401856453840765
2019-10-10 10:09:00,0.1823736031478802
2019-10-10 10:12:00,0.2161384398432915
2019-10-10 10:15:00,0.21638774851760445
2019-10-10 10:18:00,0.16500143960911373
2019-10-10 10:21:00,0.13693432247953297
2019-10-10 10:24:00,0.17501345903662013
2019-10-10 10:27:00,0.1457666946900531
2019-10-10 10:30:00,0.1347682798165124
2019-10-10 10:33:00,0.09312335325927279
2019-10-10 10:36:00,0.1209553247255144
2019-10-10 10:39:00,0.018534593394520016
2019-10-10 10:42:00,0.08971275971492787
2019-10-10 10:45:00,-0.013710049148755843
2019-10-10 10:48:00,0.005216926517789489
2019-10-10 10:51:00,0.03658681935638697
2019-10-10 10:54:00,-0.03344105115968432
2019-10-10 10:57:00,-0.0400164245608039
2019-10-10 11:00:00,-0.05165775978190368
2019-10-10 11:03:00,0.001086638887954905
2019-10-10 11:06:00,-0.004167265779756235
2019-10-10 11:09:00,0.04262438677835689
2019-10-10 11:12:00,0.015412428232536968
2019-10-10 11:15:00,0.09781717397021339
2019-10-10 11:18:00,-0.07008965022134817
2019-10-10 11:21:00,-0.03649747359088451
2019-10-10 11:24:00,0.024488578688419693
2019-10-10 11:27:00,-0.058432766529563196
2019-10-10 11:30:00,0.035657535845132315
2019-10-10 11:33:00,0.01210620698486764
2019-10-10 11:36:00,0.05485022160024755
2019-10-10 11:39:00,0.012792036502446535
2019-10-10 11:42:00,0.05478540975997248
2019-10-10 11:45:00,-0.020091957063243626
2019-10-10 11:48:00,-0.023047269194478304
2019-10-10 11:51:00,-0.03160400175625
2019-10-10 11:54:00,0.12357050398196634
2019-10-10 11:57:00,0.04223942047104856
2019-10-10 12:00:00,0.05169622083650438
2019-10-10 12:03:00,-0.017283217638350834
2019-10-10 12:06:00,-0.11399858427284926
2019-10-10 12:09:00,-0.043561886143550055
2019-10-10 12:12:00,-0.011020600979577466
2019-10-10 12:15:00,-0.118276647829191
2019-10-10 12:18:00,-0.050225361782850086
2019-10-10 12:21:00,-0.03363322860201379
2019-10-10 12:24:00,-0.03188302929970632
2019-10-10 12:27:00,-0.04933660556901032
2019-10-10 12:30:00,-0.06269775696819124
2019-10-10 12:33:00,-0.007271925554334757
2019-10-10 12:36:00,-0.009009768014379915
2019-10-10 12:39:00,-0.060011857149731895
2019-10-10 12:42:00,-0.0318475480894449
2019-10-10 12:45:00,-0.1070587927735005
2019-10-10 12:48:00,-0.07426084211834905
2019-10-10 12:51:00,0.050587384486334486
2019-10-10 12:54:00,-0.10060743019835172
2019-10-10 12:57:00,-0.02863130320520213
2019-10-10 13:00:00,-0.023628762762655242
2019-10-10 13:03:00,-0.06285136348827791
2019-10-10 13:06:00,-0.01676238919105799
2019-10-10 13:09:00,-0.044316680041561085
2019-10-10 13:12:00,0.015658684911102227
2019-10-10 13:15:00,-0.01974560219338173
2019-10-10 13:18:00,-0.03570793311291709
2019-10-10 13:21:00,-0.04393442193310193
2019-10-10 13:24:00,-0.075733613121713
2019-10-10 13:27:00,0.015319381359631734
2019-10-10 13:30:00,0.05343744093920577
2019-10-10 13:33:00,0.11968923601534698
2019-10-10 13:36:00,0.10691299794518727
2019-10-10 13:39:00,0.05984441667152396
2019-10-10 13:42:00,-0.024305648940071478
2019-10-10 13:45:00,-0.08515126840893572
2019-10-10 13:48:00,-0.12819014776084714
2019-10-10 13:51:00,-0.16600912889555275
2019-10-10 13:54:00,-0.08391863947150568
2019-10-10 13:57:00,-0.08806344573957858
2019-10-10 14:00:00,-0.12555869535736974
2019-10-10 14:03:00,-0.14724417612973184
2019-10-10 14:06:00,-0.0968373704372425
2019-10-10 14:09:00,-0.2178408489214121
2019-10-10 14:12:00,-0.279493960779007
2019-10-10 14:15:00,-0.16522727752334276
2019-10-10 14:18:00,-0.21332683704883948
2019-10-10 14:21:00,-0.21301574769057652
2019-10-10 14:24:00,-0.1881147653480184
2019-10-10 14:27:00,-0.21522392796651957
2019-10-10 14:30:00,-0.3080057508278742
2019-10-10 14:33:00,-0.2883984262094259
2019-10-10 14:36:00,-0.3397998225665333
2019-10-10 14:39:00,-0.3584596025743849
2019-10-10 14:42:00,-0.3030989891655054
2019-10-10 14:45:00,-0.16686542608465516
2019-10-10 14:48:00,-0.3840491993985893
2019-10-10 14:51:00,-0.3306492917506034
2019-10-10 14:54:00,-0.3583942889931109
2019-10-10 14:57:00,-0.301550094638003
2019-10-10 15:00:00,-0.24904637257264994
2019-10-10 15:03:00,-0.2023302069088686
2019-10-10 15:06:00,-0.07648027299234172
2019-10-10 15:09:00,-0.06418746302676936
2019-10-10 15:12:00,-0.1446807193445352
2019-10-10 15:15:00,0.05087824687899456
2019-10-10 15:18:00,0.1337681143465943
2019-10-10 15:21:00,0.17763947250512047
2019-10-10 15:24:00,0.2031190342647733
2019-10-10 15:27:00,0.25241718346313746
2019-10-10 15:30:00,0.24806817705234607
2019-10-10 15:33:00,0.29471468425526837
2019-10-10 15:36:00,0.26156150501464026
2019-10-10 15:39:00,0.14635576413166973
2019-10-10 15:42:00,0.23139234302306022
2019-10-10 15:45:00,0.17060528696015353
2019-10-10 15:48:00,0.2915078072937831
2019-10-10 15:51:00,0.2374585453723057
2019-10-10 15:54:00,0.3681693775423014
2019-10-10 15:57:00,0.330655512691294
2019-10-10 16:00:00,0.34809457265305355
2019-10-10 16:03:00,0.298900895129691
2019-10-10 16:06:00,0.27959620793359363
2019-10-10 16:09:00,0.3420817245569765
2019-10-10 16:12:00,0.19906879958421086
2019-10-10 16:15:00,0.29666318063249264
2019-10-10 16:18:00,0.20972152214517337
2019-10-10 16:21:00,0.04479195999874719
2019-10-10 16:24:00,0.06421828154475406
2019-10-10 16:27:00,-0.026908582621388177
2019-10-10 16:30:00,0.03304837125250515
2019-10-10 16:33:00,-0.04801310398977421
2019-10-10 16:36:00,-0.029489749256981668
2019-10-10 16:39:00,-0.1563241330497931
2019-10-10 16:42:00,-0.06671241128998417
2019-10-10 16:45:00,-0.014046724841364266
2019-10-10 16:48:00,-0.07895638419989837
2019-10-10 16:51:00,-0.05674355949366827
2019-10-10 16:54:00,-0.03780708761803453
2019-10-10 16:57:00,-0.10910767667337495
2019-10-10 17:00:00,-0.04397597922064733
2019-10-10 17:03:00,-0.15142937986485094
2019-10-10 17:06:00,-0.12836611558026334
2019-10-10 17:09:00,-0.15344406204326333
2019-10-10 17:12:00,-0.037507658676986466
2019-10-10 17:15:00,-0.10346406822878862
2019-10-10 17:18:00,-0.03899143726505372
2019-10-10 17:21:00,-0.1575973886820634
2019-10-10 17:24:00,-0.13394956038627015
2019-10-10 17:27:00,-0.08813496577971591
2019-10-10 17:30:00,-0.0698422033021302
2019-10-10 17:33:00,-0.11072318148671911
2019-10-10 17:36:00,-0.1146812653246343
2019-10-10 17:39:00,-0.020556420061325298
2019-10-10 17:42:00,0.03536249560909255
2019-10-10 17:45:00,-0.16421364855580123
2019-10-10 17:48:00,-0.07673972718635014
2019-10-10 17:51:00,-0.0811441265693702
2019-10-10 17:54:00,-0.134793908014899
2019-10-10 17:57:00,-0.1284459944567402
2019-10-10 18:00:00,-0.12743885519159903
2019-10-10 18:03:00,-0.21660735793091135
2019-10-10 18:06:00,-0.1776530453997225
2019-10-10 18:09:00,-0.11367969015009294
2019-10-10 18:12:00,-0.12232177240457531
2019-10-10 18:15:00,-0.06823113147248705
2019-10-10 18:18:00,-0.058576078374017015
2019-10-10 18:21:00,-0.1871580420345822
2019-10-10 18:24:00,-0.06627547754021634
2019-10-10 18:27:00,-0.0341374813025368
2019-10-10 18:30:00,-0.08711726292551702
2019-10-10 18:33:00,-0.09519390380103232
2019-10-10 18:36:00,-0.2064918323591769
2019-10-10 18:39:00,-0.16026926001785569
2019-10-10 18:42:00,-0.04058407344666648
2019-10-10 18:45:00,-0.04616676756677407
2019-10-10 18:48:00,-0.0406202285606696
2019-10-10 18:51:00,-0.09213083509808939
2019-10-10 18:54:00,
2019-10-10 18:57:00,
2019-10-10 19:00:00,
2019-10-10 19:03:00,-0.046128763915760373
2019-10-10 19:06:00,-0.06955467467548715
2019-10-10 19:09:00,0.07176193583131862
2019-10-10 19:12:00,-0.05021789656575493
2019-10-10 19:15:00,-0.1037403343171377
2019-10-10 19:18:00,-0.034214606271575576
2019-10-10 19:21:00,-0.008520291535148772
2019-10-10 19:24:00,0.001170517229923007
2019-10-10 19:27:00,0.0025682683196919243
2019-10-10 19:30:00,0.08878828842256326
2019-10-10 19:33:00,0.10767130049367779
2019-10-10 19:36:00,-0.018224236264813953
2019-10-10 19:39:00,0.08410644794008704
2019-10-10 19:42:00,0.0026003806423773312
2019-10-10 19:45:00,0.05547418047132169
2019-10-10 19:48:00,0.07633246517553971
2019-10-10 19:51:00,-0.050153238964583124
2019-10-10 19:54:00,-0.017917809813923213
2019-10-10 19:57:00,0.011090716699925451
2019-10-10 20:00:00,0.04979801518561544
2019-10-10 20:03:00,-0.01148031522996007
2019-10-10 20:06:00,0.0525158056697137
2019-10-10 20:09:00,-0.008525009877359935
2019-10-10 20:12:00,-0.08846436050748707
2019-10-10 20:15:00,0.019777002901605556
2019-10-10 20:18:00,0.07952344693433133
2019-10-10 20:21:00,0.021246718364636763
2019-10-10 20:24:00,0.02729738726799269
2019-10-10 20:27:00,0.12727067228223632
2019-10-10 20:30:00,-0.013462005883297934
2019-10-10 20:33:00,0.023923900237605267
2019-10-10 20:36:00,0.02068228136528205
2019-10-10 20:39:00,0.016706373899296523
2019-10-10 20:42:00,0.061316638032451465
2019-10-10 20:45:00,-0.0684203674053947
2019-10-10 20:48:00,0.023228081140302947
2019-10-10 20:51:00,-0.013801558271552494
2019-10-10 20:54:00,-0.06000331758889388
2019-10-10 20:57:00,-0.060171061243579516
2019-10-10 21:00:00,-0.005961195909208072
2019-10-10 21:03:00,0.014780320503632538
2019-10-10 21:06:00,0.10122613158813465
2019-10-10 21:09:00,-0.032946383300952675
2019-10-10 21:12:00,0.08256197810652566
2019-10-10 21:15:00,0.1416719464850189
2019-10-10 21:18:00,0.020093891956150856
2019-10-10 21:21:00,0.06138166012260626
2019-10-10 21:24:00,-0.032733496638911674
2019-10-10 21:27:00,0.1552991862909039
2019-10-10 21:30:00,0.08114975485653986
2019-10-10 21:33:00,0.21533243957520654
2019-10-10 21:36:00,0.10079984263484221
2019-10-10 21:39:00,0.09464077032492924
2019-10-10 21:42:00,0.19861775293719575
2019-10-10 21:45:00,0.16607538504104014
2019-10-10 21:48:00,0.14716285066782575
2019-10-10 21:51:00,0.10501707364329604
2019-10-10 21:54:00,0.10865272249367308
2019-10-10 21:57:00,0.05566054991192004
2019-10-10 22:00:00,0.1475603612259988
2019-10-10 22:03:00,0.1373710266549324
2019-10-10 22:06:00,0.14678652124285918
2019-10-10 22:09:00,0.11550358957657636
2019-10-10 22:12:00,0.1420882714628533
2019-10-10 22:15:00,0.1408076284937465
2019-10-10 22:18:00,0.23177312847764142
2019-10-10 22:21:00,0.1545065061175137
2019-10-10 22:24:00,0.10936919759956254
2019-10-10 22:27:00,0.14734296227902632
2019-10-10 22:30:00,0.1572018870898546
2019-10-10 22:33:00,0.08952267262861824
2019-10-10 22:36:00,0.14831159477989786
2019-10-10 22:39:00,0.19040182698319086
2019-10-10 22:42:00,0.2606555538744715
2019-10-10 22:45:00,0.10485711674601816
2019-10-10 22:48:00,0.21694502522939274
2019-10-10 22:51:00,0.20776249302343786
2019-10-10 22:54:00,0.18564280340586947
2019-10-10 22:57:00,0.2693234632605481
2019-10-10 23:00:00,0.3339905088367914
2019-10-10 23:03:00,0.1664750037893441
2019-10-10 23:06:00,0.2356556181225642
2019-10-10 23:09:00,0.1884703206549716
2019-10-10 23:12:00,0.20471015644949375
2019-10-10 23:15:00,0.2853240763733993
2019-10-10 23:18:00,0.2419844165975178
2019-10-10 23:21:00,0.23691234087601742
2019-10-10 23:24:00,0.16767677427679928
2019-10-10 23:27:00,0.19182256625151695
2019-10-10 23:30:00,0.17871205309597826
2019-10-10 23:33:00,0.13613193160171022
2019-10-10 23:36:00,0.2916264036696816
2019-10-10 23:39:00,0.16414588744538605
2019-10-10 23:42:00,0.24391796393530285
2019-10-10 23:45:00,0.28442103056158885
2019-10-10 23:48:00,0.16649212025765792
2019-10-10 23:51:00,0.30834617506872064
2019-10-10 23:54:00,0.26206191540279633
2019-10-10 23:57:00,0.211902917304144
2019-10-11 00:00:00,0.2690552786338003
2019-10-11 00:03:00,0.2901937188941588
2019-10-11 00:06:00,0.2459729864708038
2019-10-11 00:09:00,0.2241112527657947
2019-10-11 00:12:00,0.07811158345646163
2019-10-11 00:15:00,0.07649282670251978
2019-10-11 00:18:00,0.10212923861610079
2019-10-11 00:21:00,0.16272459102515313
2019-10-11 00:24:00,0.2944925567686596
2019-10-11 00:27:00,0.15948695306866512
2019-10-11 00:30:00,0.07273282396187142
2019-10-11 00:33:00,0.13919275993777092
2019-10-11 00:36:00,0.24814688269765384
2019-10-11 00:39:00,0.24947764769137848
2019-10-11 00:42:00,0.285333426055729
2019-10-11 00:45:00,0.3100034605730002
2019-10-11 00:48:00,0.30797060548673016
2019-10-11 00:51:00,0.3005189669297579
2019-10-11 00:54:00,0.33909698592941595
2019-10-11 00:57:00,0.37262913864913116
2019-10-11 01:00:00,0.407867807770117
2019-10-11 01:03:00,0.40355698946467555
2019-10-11 01:06:00,0.5151355010021916
2019-10-11 01:09:00,0.5454706145530963
2019-10-11 01:12:00,0.6326049813000623
2019-10-11 01:15:00,0.7670372135134471
2019-10-11 01:18:00,0.690473785243114
2019-10-11 01:21:00,0.7275251783742078
2019-10-11 01:24:00,0.7273927392547535
2019-10-11 01:27:00,0.7545089218325529
2019-10-11 01:30:00,0.6115003896151734
2019-10-11 01:33:00,0.45219039150669005
2019-10-11 01:36:00,0.619168578636959
2019-10-11 01:39:00,0.6328522510797256
2019-10-11 01:42:00,0.4988029996368937
2019-10-11 01:45:00,0.4540107251447125
2019-10-11 01:48:00,0.5483200099667442
2019-10-11 01:51:00,0.4544914512669038
2019-10-11 01:54:00,0.31307147465497565
2019-10-11 01:57:00,0.319799314527927
2019-10-11 02:00:00,0.28271293424012356
2019-10-11 02:03:00,0.21943622005699126
2019-10-11 02:06:00,0.1766162755394589
2019-10-11 02:09:00,0.25867974546963524
2019-10-11 02:12:00,0.21729977387241206
2019-10-11 02:15:00,0.16580730442268532
2019-10-11 02:18:00,0.25502513377085734
2019-10-11 02:21:00,0.1708225688666971
2019-10-11 02:24:00,0.22933404333434737
2019-10-11 02:27:00,0.21998965623953382
2019-10-11 02:30:00,0.21051253132850434
2019-10-11 02:33:00,0.32616333085474025
2019-10-11 02:36:00,0.29391621846536964
2019-10-11 02:39:00,0.18134428667866587
2019-10-11 02:42:00,0.2686221163755249
2019-10-11 02:45:00,0.3034745773927625
2019-10-11 02:48:00,0.25051492322444346
2019-10-11 02:51:00,0.30961855753906775
2019-10-11 02:54:00,0.30638763609312036
2019-10-11 02:57:00,0.2018056637851373
2019-10-11 03:00:00,0.24874699698040104
2019-10-11 03:03:00,0.13974961912191475
2019-10-11 03:06:00,0.1674414169808074
2019-10-11 03:09:00,0.248239797684505
2019-10-11 03:12:00,0.22786551163341073
2019-10-11 03:15:00,0.10313499017843242
2019-10-11 03:18:00,0.1810372020572686
2019-10-11 03:21:00,0.1747974471165321
2019-10-11 03:24:00,0.16068717964532198
2019-10-11 03:27:00,0.20801162238080906
2019-10-11 03:30:00,0.275505017347939
2019-10-11 03:33:00,0.1609752602151957
2019-10-11 03:36:00,0.1780833118727969
2019-10-11 03:39:00,0.34367196503927744
2019-10-11 03:42:00,0.2439530807068877
2019-10-11 03:45:00,0.20842634408563754
2019-10-11 03:48:00,0.22724648769349187
2019-10-11 03:51:00,0.27334943510822995
2019-10-11 03:54:00,0.23308375053312602
2019-10-11 03:57:00,0.28856002171499995
2019-10-11 04:00:00,0.34809452514355144
2019-10-11 04:03:00,0.3119630772299615
2019-10-11 04:06:00,0.3158626492827352
2019-10-11 04:09:00,0.3185211479685677
2019-10-11 04:12:00,0.3014288470126303
2019-10-11 04:15:00,0.29042865590986366
2019-10-11 04:18:00,0.3429900168687823
2019-10-11 04:21:00,0.19554038867306645
2019-10-11 04:24:00,0.37994302525760304
2019-10-11 04:27:00,0.3356604359912012
2019-10-11 04:30:00,0.4713972991497144
2019-10-11 04:33:00,0.4051539290115329
2019-10-11 04:36:00,0.5150429777493173
2019-10-11 04:39:00,0.46620370387876164
2019-10-11 04:42:00,0.43901421644022776
2019-10-11 04:45:00,0.3942467864291075
2019-10-11 04:48:00,0.5235589461302652
2019-10-11 04:51:00,0.3712236814603216
2019-10-11 04:54:00,0.4786770106276208
2019-10-11 04:57:00,0.46277409323852225
2019-10-11 05:00:00,0.4003260206067125
2019-10-11 05:03:00,0.3284784407891834
2019-10-11 05:06:00,0.3252225650329592
2019-10-11 05:09:00,0.32499962820548944
2019-10-11 05:12:00,0.3322585424111253
2019-10-11 05:15:00,0.37446307440632154
2019-10-11 05:18:00,0.346817854414212
2019-10-11 05:21:00,0.3689252592513981
2019-10-11 05:24:00,0.29145603703358347
2019-10-11 05:27:00,0.2743322586104
2019-10-11 05:30:00,0.319542593450592
2019-10-11 05:33:00,0.3417490094141158
2019-10-11 05:36:00,0.425925191828469
2019-10-11 05:39:00,0.2695234640656281
2019-10-11 05:42:00,0.1325614162947204
2019-10-11 05:45:00,0.17772213949103843
2019-10-11 05:48:00,0.2834102261332987
2019-10-11 05:51:00,0.3359042927731366
2019-10-11 05:54:00,0.2793446633728536
2019-10-11 05:57:00,0.26308340078571746
2019-10-11 06:00:00,0.25269648423494573
2019-10-11 06:03:00,0.3733416155552618
2019-10-11 06:06:00,0.3463187550414659
2019-10-11 06:09:00,0.26452088332803214
2019-10-11 06:12:00,0.3782806776733878
2019-10-11 06:15:00,0.33140246195085865
2019-10-11 06:18:00,0.31079787480439336
2019-10-11 06:21:00,0.36381858854770144
2019-10-11 06:24:00,0.41749566619597545
2019-10-11 06:27:00,0.4153322720479764
2019-10-11 06:30:00,0.40098935148620285
2019-10-11 06:33:00,0.37831259412757845
2019-10-11 06:36:00,0.3872700436406262
2019-10-11 06:39:00,0.2940718795041448
2019-10-11 06:42:00,0.24494801257202425
2019-10-11 06:45:00,0.4117724476836315
2019-10-11 06:48:00,0.35737328520389156
2019-10-11 06:51:00,0.30801036076138644
2019-10-11 06:54:00,0.3742533331144955
2019-10-11 06:57:00,0.27521792344623464
2019-10-11 07:00:00,0.3762825893294348
2019-10-11 07:03:00,0.34652522884005066
2019-10-11 07:06:00,0.4436826296104073
2019-10-11 07:09:00,0.3196313180828838
2019-10-11 07:12:00,0.3059641861178761
2019-10-11 07:15:00,0.3549607426448347
2019-10-11 07:18:00,0.42719747801993435
2019-10-11 07:21:00,0.5577651715638581
2019-10-11 07:24:00,0.49207551001433103
2019-10-11 07:27:00,0.5081664592752304
2019-10-11 07:30:00,0.4827067499876989
2019-10-11 07:33:00,0.5489612213067403
2019-10-11 07:36:00,0.39887972968227814
2019-10-11 07:39:00,0.3553177213914296
2019-10-11 07:42:00,0.41205417305155834
2019-10-11 07:45:00,0.44399895312733406
2019-10-11 07:48:00,0.37015174514101545
2019-10-11 07:51:00,0.34904119331321226
2019-10-11 07:54:00,0.34414018502855015
2019-10-11 07:57:00,0.3351359870151782
2019-10-11 08:00:00,0.4178178127545493
2019-10-11 08:03:00,0.44885366212503186
2019-10-11 08:06:00,0.46845886598543984
2019-10-11 08:09:00,0.4502157358321597
2019-10-11 08:12:00,0.3621576537358351
2019-10-11 08:15:00,0.33069920285345233
2019-10-11 08:18:00,0.33615792636442166
2019-10-11 08:21:00,0.22195555746083073
2019-10-11 08:24:00,0.3161149792153424
2019-10-11 08:27:00,0.2811733084771504
2019-10-11 08:30:00,0.43722789008268137
2019-10-11 08:33:00,0.41764487473955114
2019-10-11 08:36:00,0.2950761529733654
2019-10-11 08:39:00,0.33911028099259966
2019-10-11 08:42:00,0.21541487391300507
2019-10-11 08:45:00,0.20446516702617146
2019-10-11 08:48:00,0.23699570015509153
2019-10-11 08:51:00,0.31930997606428946
2019-10-11 08:54:00,0.24887256744693786
2019-10-11 08:57:00,0.18724447880595108
2019-10-11 09:00:00,0.25565187961706215
2019-10-11 09:03:00,0.2782632653083965
2019-10-11 09:06:00,0.19311095989746718
2019-10-11 09:09:00,0.21001633877830272
2019-10-11 09:12:00,0.20698071895242265
2019-10-11 09:15:00,0.24266382150631216
2019-10-11 09:18:00,0.16252271168434618
2019-10-11 09:21:00,0.23324643155297053
2019-10-11 09:24:00,0.35684193088150096
2019-10-11 09:27:00,0.20396341881473745
2019-10-11 09:30:00,0.21387156864437884
2019-10-11 09:33:00,0.15908488809037635
2019-10-11 09:36:00,0.20378007165885492
2019-10-11 09:39:00,0.07095615718861836
2019-10-11 09:42:00,0.14604138043870307
2019-10-11 09:45:00,0.11817488094987993
2019-10-11 09:48:00,0.08907085323278352
2019-10-11 09:51:00,0.1920765825071271
2019-10-11 09:54:00,0.15746075037674245
2019-10-11 09:57:00,0.1426128442823824
2019-10-11 10:00:00,0.1420612292852752
2019-10-11 10:03:00,0.14707734241278558
2019-10-11 10:06:00,0.06131675033191186
2019-10-11 10:09:00,0.13392890452445272
2019-10-11 10:12:00,0.10530916105665256
2019-10-11 10:15:00,0.10934602094062029
2019-10-11 10:18:00,0.15313352117499335
2019-10-11 10:21:00,0.05214830475387089
2019-10-11 10:24:00,0.19689431407010716
2019-10-11 10:27:00,0.152000870104132
2019-10-11 10:30:00,0.05530390023278642
2019-10-11 10:33:00,0.09432592816489205
2019-10-11 10:36:00,0.12043460622351176
2019-10-11 10:39:00,0.05001165737729707
2019-10-11 10:42:00,0.09518435875446585
2019-10-11 10:45:00,0.029101015928461038
2019-10-11 10:48:00,-0.010039064391662578
2019-10-11 10:51:00,0.11224586396014047
2019-10-11 10:54:00,0.11059736961010458
2019-10-11 10:57:00,0.11576704732277676
2019-10-11 11:00:00,0.0866516861685227
2019-10-11 11:03:00,0.07842696898950408
2019-10-11 11:06:00,0.0525184482225427
2019-10-11 11:09:00,0.1646114431598562
2019-10-11 11:12:00,0.11501926975006427
2019-10-11 11:15:00,0.0500229358691513
2019-10-11 11:18:00,0.21076631064016738
2019-10-11 11:21:00,0.08554105865692918
2019-10-11 11:24:00,0.05962753575647639
2019-10-11 11:27:00,-0.02010792457150501
2019-10-11 11:30:00,0.06358866855754286
2019-10-11 11:33:00,0.05859750197350877
2019-10-11 11:36:00,-0.06890792454441907
2019-10-11 11:39:00,-0.09429310582817152
2019-10-11 11:42:00,-0.010543775911401099
2019-10-11 11:45:00,-0.1144068930854587
2019-10-11 11:48:00,0.03101988626048069
2019-10-11 11:51:00,-0.013307356995312603
2019-10-11 11:54:00,0.0601439121983276
2019-10-11 11:57:00,0.07367731668739452
2019-10-11 12:00:00,0.0033406383643637128
2019-10-11 12:03:00,0.14211766910045753
2019-10-11 12:06:00,0.11199368459995185
2019-10-11 12:09:00,0.061908603898018555
2019-10-11 12:12:00,0.05276419623697848
2019-10-11 12:15:00,0.08755213320290522
2019-10-11 12:18:00,0.14464507587268827
2019-10-11 12:21:00,0.16504041855739615
2019-10-11 12:24:00,0.2284448739497975
2019-10-11 12:27:00,0.19470599565522662
2019-10-11 12:30:00,0.24780189835195188
2019-10-11 12:33:00,0.21518130294077764
2019-10-11 12:36:00,0.09504663968635896
2019-10-11 12:39:00,0.17319365478761028
2019-10-11 12:42:00,0.13192794785209117
2019-10-11 12:45:00,0.1837529627154595
2019-10-11 12:48:00,0.12728238817800275
2019-10-11 12:51:00,0.08119023715846652
2019-10-11 12:54:00,0.2994660370153497
2019-10-11 12:57:00,0.2833325772157309
2019-10-11 13:00:00,0.16500677460362567
2019-10-11 13:03:00,0.3415773908397455
2019-10-11 13:06:00,0.2206371753445069
2019-10-11 13:09:00,0.09470261893170573
2019-10-11 13:12:00,0.11392683154764427
2019-10-11 13:15:00,0.18194182316386787
2019-10-11 13:18:00,0.1949994954086378
2019-10-11 13:21:00,0.11140404133908532
2019-10-11 13:24:00,0.0457911224643226
2019-10-11 13:27:00,-0.06643710320105356
2019-10-11 13:30:00,0.01799538955663138
2019-10-11 13:33:00,-0.06717720929407278
2019-10-11 13:36:00,-0.15071365617291121
2019-10-11 13:39:00,-0.16505820538401395
2019-10-11 13:42:00,-0.05657047226281975
2019-10-11 13:45:00,-0.16871951766438542
2019-10-11 13:48:00,-0.09613404071023979
2019-10-11 13:51:00,-0.09966328489474563
2019-10-11 13:54:00,-0.013519846535473334
2019-10-11 13:57:00,-0.06872622679128426
2019-10-11 14:00:00,-0.06446340472115253
2019-10-11 14:03:00,0.01861853351346099
2019-10-11 14:06:00,0.012987130111810075
2019-10-11 14:09:00,-0.0036495925972417353
2019-10-11 14:12:00,0.04258531560856227
2019-10-11 14:15:00,-0.038532610615334306
2019-10-11 14:18:00,-0.06591828294017432
2019-10-11 14:21:00,-0.08316408843688805
2019-10-11 14:24:00,-0.04183069298812825
2019-10-11 14:27:00,-0.039253185043435224
2019-10-11 14:30:00,-0.1354029859220418
2019-10-11 14:33:00,-0.0505636711701527
2019-10-11 14:36:00,-0.05109767851752167
2019-10-11 14:39:00,-0.08157535779690761
2019-10-11 14:42:00,-0.07594647136909316
2019-10-11 14:45:00,0.014914353150970783
2019-10-11 14:48:00,0.006030754524374515
2019-10-11 14:51:00,-0.050332144402887025
2019-10-11 14:54:00,-0.00606369001496887
2019-10-11 14:57:00,-0.02114581677460592
2019-10-11 15:00:00,-0.10981744717923902
2019-10-11 15:03:00,-0.11567790225154795
2019-10-11 15:06:00,-0.046571614446747844
2019-10-11 15:09:00,-0.019168293030247696
2019-10-11 15:12:00,-0.03853436677081845
2019-10-11 15:15:00,-0.06456989546086334
2019-10-11 15:18:00,-0.05197404948438589
2019-10-11 15:21:00,-0.022378889160336257
2019-10-11 15:24:00,-0.0919933294798625
2019-10-11 15:27:00,-0.11447611054381923
2019-10-11 15:30:00,-0.0132994212833637
2019-10-11 15:33:00,-0.0728179757782641
2019-10-11 15:36:00,-0.06796250669594883
2019-10-11 15:39:00,-0.06838355896900339
2019-10-11 15:42:00,-0.153686192348232
2019-10-11 15:45:00,-0.18436179958479215
2019-10-11 15:48:00,-0.036126279686527596
2019-10-11 15:51:00,-0.13294984126019926
2019-10-11 15:54:00,-0.1297502960798056
2019-10-11 15:57:00,-0.11477143644299304
2019-10-11 16:00:00,-0.15002876067705984
2019-10-11 16:03:00,-0.20998750398302946
2019-10-11 16:06:00,-0.19852058872737643
2019-10-11 16:09:00,-0.1453031361045305
2019-10-11 16:12:00,-0.2197032332614981
2019-10-11 16:15:00,-0.218777436061373
2019-10-11 16:18:00,-0.2163409359236539
2019-10-11 16:21:00,-0.21057486307597628
2019-10-11 16:24:00,-0.19822096719263982
2019-10-11 16:27:00,-0.18519648454895332
2019-10-11 16:30:00,-0.2607731450086135
2019-10-11 16:33:00,-0.35706356263625594
2019-10-11 16:36:00,-0.19582512157455767
2019-10-11 16:39:00,-0.2784971537049046
2019-10-11 16:42:00,-0.25438711022269445
2019-10-11 16:45:00,-0.11417505206537726
2019-10-11 16:48:00,-0.10558211220836711
2019-10-11 16:51:00,-0.11188349382501883
2019-10-11 16:54:00,-0.11753357904507311
2019-10-11 16:57:00,-0.2352891730068336
2019-10-11 17:00:00,-0.2591821186985612
2019-10-11 17:03:00,-0.30315982158873567
2019-10-11 17:06:00,-0.2797585580970008
2019-10-11 17:09:00,-0.23098022433822507
2019-10-11 17:12:00,-0.26822175181570174
2019-10-11 17:15:00,-0.16063778364718928
2019-10-11 17:18:00,-0.26440716659141117
2019-10-11 17:21:00,-0.24325318440418187
2019-10-11 17:24:00,-0.20664005016539022
2019-10-11 17:27:00,-0.2806693049249134
2019-10-11 17:30:00,-0.2373159734090109
2019-10-11 17:33:00,-0.2341376999600584
2019-10-11 17:36:00,-0.21938062943604564
2019-10-11 17:39:00,-0.2766701712279769
2019-10-11 17:42:00,-0.2001780512929372
2019-10-11 17:45:00,-0.3020042684625537
2019-10-11 17:48:00,-0.21307087376243317
2019-10-11 17:51:00,-0.17919024085307456
2019-10-11 17:54:00,-0.22892633554135955
2019-10-11 17:57:00,-0.16686708535672778
2019-10-11 18:00:00,-0.1592345288036654
2019-10-11 18:03:00,-0.07307730069965146
2019-10-11 18:06:00,-0.08763004587666501
2019-10-11 18:09:00,-0.08255919199677919
2019-10-11 18:12:00,-0.08945541543954505
2019-10-11 18:15:00,-0.05222706103421615
2019-10-11 18:18:00,-0.08214760231868468
2019-10-11 18:21:00,0.01702778244145975
2019-10-11 18:24:00,-0.022020731988050102
2019-10-11 18:27:00,-0.14206001405756297
2019-10-11 18:30:00,-0.037770432285014977
2019-10-11 18:33:00,-0.0007801863530971787
2019-10-11 18:36:00,-0.08648158653335258
2019-10-11 18:39:00,0.06298760814945581
2019-10-11 18:42:00,-0.10961006587217526
2019-10-11 18:45:00,-0.028577981481305414
2019-10-11 18:48:00,-0.01532534724776724
2019-10-11 18:51:00,0.008609655423640561
2019-10-11 18:54:00,-0.012885857553783353
2019-10-11 18:57:00,
2019-10-11 19:00:00,
2019-10-11 19:03:00,0.09996442782153281
2019-10-11 19:06:00,0.04011315937253812
2019-10-11 19:09:00,0.08209039872372159
2019-10-11 19:12:00,0.11522418085257868
2019-10-11 19:15:00,0.036061083083609446
2019-10-11 19:18:00,0.11716260567067138
2019-10-11 19:21:00,0.1133459411360036
2019-10-11 19:24:00,0.13877932255309133
2019-10-11 19:27:00,0.09107379883874955
2019-10-11 19:30:00,0.17190336081148416
2019-10-11 19:33:00,0.1315581871602376
2019-10-11 19:36:00,0.16387515815915776
2019-10-11 19:39:00,0.0556917149004903
2019-10-11 19:42:00,0.18123791611265005
2019-10-11 19:45:00,0.0918144984577225
2019-10-11 19:48:00,0.1421161944243181
2019-10-11 19:51:00,0.12974156548909832
2019-10-11 19:54:00,0.07028701092139045
2019-10-11 19:57:00,0.03378592275862502
2019-10-11 20:00:00,0.0510881638713272
2019-10-11 20:03:00,0.14758671138861246
2019-10-11 20:06:00,0.08879121495920117
2019-10-11 20:09:00,0.11127980662945447
2019-10-11 20:12:00,0.07964876101800655
2019-10-11 20:15:00,0.14809579242330528
2019-10-11 20:18:00,0.1944222935844664
2019-10-11 20:21:00,0.30721796830414405
2019-10-11 20:24:00,0.21770137105886533
2019-10-11 20:27:00,0.23155285341965737
2019-10-11 20:30:00,0.2112485571821594
2019-10-11 20:33:00,0.13204498170159695
2019-10-11 20:36:00,0.22748500200407307
2019-10-11 20:39:00,0.14856703579596342
2019-10-11 20:42:00,0.08550606677766837
2019-10-11 20:45:00,0.20380754744411433
2019-10-11 20:48:00,0.06682763841297401
2019-10-11 20:51:00,0.06680538887280818
2019-10-11 20:54:00,0.0627124862081132
2019-10-11 20:57:00,0.171853031270075
2019-10-11 21:00:00,0.08962263925673142
2019-10-11 21:03:00,0.10621504216430822
2019-10-11 21:06:00,0.0715240266151227
2019-10-11 21:09:00,0.07061652895492898
2019-10-11 21:12:00,0.15264476965705853
2019-10-11 21:15:00,0.1527353074827147
2019-10-11 21:18:00,0.14336216299147964
2019-10-11 21:21:00,0.10796488634525758
2019-10-11 21:24:00,0.19124254976134125
2019-10-11 21:27:00,0.14440801373444856
2019-10-11 21:30:00,0.1594981296927358
2019-10-11 21:33:00,0.10921142420107799
2019-10-11 21:36:00,0.14380660374604304
2019-10-11 21:39:00,0.05424743492955031
2019-10-11 21:42:00,0.05468560314352544
2019-10-11 21:45:00,0.13839396819446392
2019-10-11 21:48:00,0.125929586392715
2019-10-11 21:51:00,0.1347740654555878
2019-10-11 21:54:00,0.10068919115281005
2019-10-11 21:57:00,0.12641343901975688
2019-10-11 22:00:00,0.09940691011456693
2019-10-11 22:03:00,0.20246531497946307
2019-10-11 22:06:00,0.062389629917447564
2019-10-11 22:09:00,0.16626755617699018
2019-10-11 22:12:00,0.2529884862772178
2019-10-11 22:15:00,0.06715694929164329
2019-10-11 22:18:00,0.11512149251655046
2019-10-11 22:21:00,0.24825326878357146
2019-10-11 22:24:00,0.15893291301500767
2019-10-11 22:27:00,0.24320077394907003
2019-10-11 22:30:00,0.11241441043512168
2019-10-11 22:33:00,0.18803721613335256
2019-10-11 22:36:00,0.28352279028865723
2019-10-11 22:39:00,0.20319227039482257
2019-10-11 22:42:00,0.16709463627688592
2019-10-11 22:45:00,0.23688262414219707
2019-10-11 22:48:00,0.15974747139250667
2019-10-11 22:51:00,0.1669228464237449
2019-10-11 22:54:00,0.10680587177824918
2019-10-11 22:57:00,0.1994180570820845
2019-10-11 23:00:00,0.2798687124297885
2019-10-11 23:03:00,0.22590853929398236
2019-10-11 23:06:00,0.14204050133110968
2019-10-11 23:09:00,0.23976840342982086
2019-10-11 23:12:00,0.16062454148834604
2019-10-11 23:15:00,0.2786180091968049
2019-10-11 23:18:00,0.23450481590407435
2019-10-11 23:21:00,0.18811880224609467
2019-10-11 23:24:00,0.23419842926494994
2019-10-11 23:27:00,0.2364592937534553
2019-10-11 23:30:00,0.3361376675430847
2019-10-11 23:33:00,0.32993125969727544
2019-10-11 23:36:00,0.32704121279937226
2019-10-11 23:39:00,0.3026574935779536
2019-10-11 23:42:00,0.4181019237412329
2019-10-11 23:45:00,0.3727358548981101
2019-10-11 23:48:00,0.42549884648991565
2019-10-11 23:51:00,0.33182445644303016
2019-10-11 23:54:00,0.38489504633662364
2019-10-11 23:57:00,0.3545357662486026
2019-10-12 00:00:00,0.40213957944587264
2019-10-12 00:03:00,0.37525441648108426
2019-10-12 00:06:00,0.3581213330370474
2019-10-12 00:09:00,0.3179233260783576
2019-10-12 00:12:00,0.30360873879510564
2019-10-12 00:15:00,0.31082279535434054
2019-10-12 00:18:00,0.2632362299851252
2019-10-12 00:21:00,0.2732805172919939
2019-10-12 00:24:00,0.3028977024055166
2019-10-12 00:27:00,0.238762546471321
2019-10-12 00:30:00,0.24193631696147122
2019-10-12 00:33:00,0.2462929991673377
2019-10-12 00:36:00,0.20425660780364296
2019-10-12 00:39:00,0.2920656612322432
2019-10-12 00:42:00,0.26243381423694245
2019-10-12 00:45:00,0.29126216098620716
2019-10-12 00:48:00,0.19184963751069972
2019-10-12 00:51:00,0.2800782061277687
2019-10-12 00:54:00,0.2813637970166951
2019-10-12 00:57:00,0.354075777708033
2019-10-12 01:00:00,0.3226221729174199
2019-10-12 01:03:00,0.3143512852010417
2019-10-12 01:06:00,0.35095748852279485
2019-10-12 01:09:00,0.31040882012973725
2019-10-12 01:12:00,0.3587101498770835
2019-10-12 01:15:00,0.23390869849049523
2019-10-12 01:18:00,0.3698896873009403
2019-10-12 01:21:00,0.31486239240109626
2019-10-12 01:24:00,0.28272815966585085
2019-10-12 01:27:00,0.2779048342108581
2019-10-12 01:30:00,0.38037247248200856
2019-10-12 01:33:00,0.29636176523774793
2019-10-12 01:36:00,0.3025441529006798
2019-10-12 01:39:00,0.3651840592407325
2019-10-12 01:42:00,0.3545628628839381
2019-10-12 01:45:00,0.25471789772018383
2019-10-12 01:48:00,0.33186675438690827
2019-10-12 01:51:00,0.321428442755348
2019-10-12 01:54:00,0.31967032580189425
2019-10-12 01:57:00,0.3994519871101829
2019-10-12 02:00:00,0.435882132287702
2019-10-12 02:03:00,0.3083861723227983
2019-10-12 02:06:00,0.34021055085901253
2019-10-12 02:09:00,0.3387261034522453
2019-10-12 02:12:00,0.26972280558112516
2019-10-12 02:15:00,0.3354122104787507
2019-10-12 02:18:00,0.3455302285676112
2019-10-12 02:21:00,0.32054733435745675
2019-10-12 02:24:00,0.3655252434417662
2019-10-12 02:27:00,0.3431079099584622
2019-10-12 02:30:00,0.4227311436501964
2019-10-12 02:33:00,0.3209477108233614
2019-10-12 02:36:00,0.32209996093791915
2019-10-12 02:39:00,0.3327673547484551
2019-10-12 02:42:00,0.4503965541535422
2019-10-12 02:45:00,0.365798351815954
2019-10-12 02:48:00,0.4111080876091364
2019-10-12 02:51:00,0.3212682694935438
2019-10-12 02:54:00,0.42155228903772013
2019-10-12 02:57:00,0.28629417868546625
2019-10-12 03:00:00,0.3036421108232048
2019-10-12 03:03:00,0.30066309733433627
2019-10-12 03:06:00,0.19701576769466556
2019-10-12 03:09:00,0.33512383687440206
2019-10-12 03:12:00,0.4107815538929458
2019-10-12 03:15:00,0.3754797027275458
2019-10-12 03:18:00,0.4038807380518392
2019-10-12 03:21:00,0.23243402509268662
2019-10-12 03:24:00,0.3527914898209019
2019-10-12 03:27:00,0.35291384396788317
2019-10-12 03:30:00,0.3165604398034816
2019-10-12 03:33:00,0.26191909974613736
2019-10-12 03:36:00,0.4150790466662784
2019-10-12 03:39:00,0.37129292934451996
2019-10-12 03:42:00,0.2763404514033141
2019-10-12 03:45:00,0.3607906163312009
2019-10-12 03:48:00,0.34820141607667665
2019-10-12 03:51:00,0.27119773429922134
2019-10-12 03:54:00,0.36152445413335954
2019-10-12 03:57:00,0.38896848882905033
2019-10-12 04:00:00,0.30785776611708116
2019-10-12 04:03:00,0.28580237000363695
2019-10-12 04:06:00,0.3173276940555638
2019-10-12 04:09:00,0.3066176568506762
2019-10-12 04:12:00,0.3656562185978487
2019-10-12 04:15:00,0.34028409155411055
2019-10-12 04:18:00,0.289513623556104
2019-10-12 04:21:00,0.40048188848874133
2019-10-12 04:24:00,0.268547643385034
2019-10-12 04:27:00,0.32272659288571504
2019-10-12 04:30:00,0.3617725426073548
2019-10-12 04:33:00,0.2819652233273473
2019-10-12 04:36:00,0.40604360321577815
2019-10-12 04:39:00,0.37781593975034866
2019-10-12 04:42:00,0.30685106259721806
2019-10-12 04:45:00,0.4365028906789803
2019-10-12 04:48:00,0.3292369195319793
2019-10-12 04:51:00,0.2854813544792023
2019-10-12 04:54:00,0.2994106141986208
2019-10-12 04:57:00,0.32502905847997
2019-10-12 05:00:00,0.40943956730706077
2019-10-12 05:03:00,0.36764851535008347
2019-10-12 05:06:00,0.24960294857669396
2019-10-12 05:09:00,0.3753749124289243
2019-10-12 05:12:00,0.36249203250645223
2019-10-12 05:15:00,0.4187695806149918
2019-10-12 05:18:00,0.3471272817937461
2019-10-12 05:21:00,0.3577771085614927
2019-10-12 05:24:00,0.34725429664575813
2019-10-12 05:27:00,0.3483323812345702
2019-10-12 05:30:00,0.496765039664524
2019-10-12 05:33:00,0.45789723381625436
2019-10-12 05:36:00,0.5175895121425356
2019-10-12 05:39:00,0.43293465456326885
2019-10-12 05:42:00,0.4500153459131866
2019-10-12 05:45:00,0.33034022195846546
2019-10-12 05:48:00,0.416120435851667
2019-10-12 05:51:00,0.38066389469429396
2019-10-12 05:54:00,0.48076109579341164
2019-10-12 05:57:00,0.3990503326528483
2019-10-12 06:00:00,0.40722289599324313
2019-10-12 06:03:00,0.4140798146773932
2019-10-12 06:06:00,0.3777529841867704
2019-10-12 06:09:00,0.47312657865910523
2019-10-12 06:12:00,0.5300222712905907
2019-10-12 06:15:00,0.3548720198294859
2019-10-12 06:18:00,0.4008995207198609
2019-10-12 06:21:00,0.4468916705761785
2019-10-12 06:24:00,0.4874306238137365
2019-10-12 06:27:00,0.41532290064287736
2019-10-12 06:30:00,0.40152548811681754
2019-10-12 06:33:00,0.42962348022786045
2019-10-12 06:36:00,0.37427169828799833
2019-10-12 06:39:00,0.43889818094413613
2019-10-12 06:42:00,0.3968898283739577
2019-10-12 06:45:00,0.39503654900863694
2019-10-12 06:48:00,0.40328737806646586
2019-10-12 06:51:00,0.49042656606087576
2019-10-12 06:54:00,0.35646398671786983
2019-10-12 06:57:00,0.392488612106888
2019-10-12 07:00:00,0.5327715111613998
2019-10-12 07:03:00,0.48036589762170934
2019-10-12 07:06:00,0.4723986683598014
2019-10-12 07:09:00,0.36990697755987867
2019-10-12 07:12:00,0.35823576496483156
2019-10-12 07:15:00,0.3360490796936233
2019-10-12 07:18:00,0.45928437024451796
2019-10-12 07:21:00,0.43340231583829336
2019-10-12 07:24:00,0.48086952415644646
2019-10-12 07:27:00,0.5216040449845991
2019-10-12 07:30:00,0.33053356319720706
2019-10-12 07:33:00,0.4143052172460102
2019-10-12 07:36:00,0.4125685920333808
2019-10-12 07:39:00,0.35255664657847774
2019-10-12 07:42:00,0.4432727665769107
2019-10-12 07:45:00,0.35846225846302104
2019-10-12 07:48:00,0.36490189807392426
2019-10-12 07:51:00,0.3997768429381381
2019-10-12 07:54:00,0.3444489609794914
2019-10-12 07:57:00,0.3718128393996949
2019-10-12 08:00:00,0.39406800830215616
2019-10-12 08:03:00,0.27935397787365446
2019-10-12 08:06:00,0.32778403211875684
2019-10-12 08:09:00,0.2996885533306113
2019-10-12 08:12:00,0.39309318312530195
2019-10-12 08:15:00,0.3267831914577073
2019-10-12 08:18:00,0.3246055217738899
2019-10-12 08:21:00,0.34741662050743116
2019-10-12 08:24:00,0.2980634846606449
2019-10-12 08:27:00,0.33100369549691777
2019-10-12 08:30:00,0.20723067498454384
2019-10-12 08:33:00,0.3065024663600866
2019-10-12 08:36:00,0.2908531515709001
2019-10-12 08:39:00,0.2160600314656449
2019-10-12 08:42:00,0.2739580945469129
2019-10-12 08:45:00,0.3307358393991535
2019-10-12 08:48:00,0.25672460694829624
2019-10-12 08:51:00,0.21524287157052413
2019-10-12 08:54:00,0.2597660340478001
2019-10-12 08:57:00,0.23770871262365745
2019-10-12 09:00:00,0.2699018447474941
2019-10-12 09:03:00,0.20479927466811887
2019-10-12 09:06:00,0.24489952170000606
2019-10-12 09:09:00,0.12484245186823273
2019-10-12 09:12:00,0.255036092699811
2019-10-12 09:15:00,0.134603914947661
2019-10-12 09:18:00,0.118225635702629
2019-10-12 09:21:00,0.1809077144037019
2019-10-12 09:24:00,0.17873449562011956
2019-10-12 09:27:00,0.07215094081038842
2019-10-12 09:30:00,0.17260815793156326
2019-10-12 09:33:00,0.18533440379525246
2019-10-12 09:36:00,0.06439105100560027
2019-10-12 09:39:00,0.03910349452524997
2019-10-12 09:42:00,0.09952791995812049
2019-10-12 09:45:00,0.06603412661888797
2019-10-12 09:48:00,-0.03153098249180175
2019-10-12 09:51:00,0.07197196894236413
2019-10-12 09:54:00,0.04395326438509528
2019-10-12 09:57:00,-0.08431299562550976
2019-10-12 10:00:00,-0.028467043398791247
2019-10-12 10:03:00,-0.042357018807422264
2019-10-12 10:06:00,0.031872064453295934
2019-10-12 10:09:00,-0.06861161306244412
2019-10-12 10:12:00,-0.054794154759918
2019-10-12 10:15:00,-0.11748385145017437
2019-10-12 10:18:00,-0.04012162893963023
2019-10-12 10:21:00,-0.08581094201053929
2019-10-12 10:24:00,-0.012405421037385622
2019-10-12 10:27:00,-0.17938533609338947
2019-10-12 10:30:00,-0.08004590663279032
2019-10-12 10:33:00,-0.2014091072223323
2019-10-12 10:36:00,-0.15660807246905506
2019-10-12 10:39:00,-0.13585075122927037
2019-10-12 10:42:00,-0.15853978434836336
2019-10-12 10:45:00,-0.10281224885471829
2019-10-12 10:48:00,-0.17116160301077343
2019-10-12 10:51:00,-0.2608455586180298
2019-10-12 10:54:00,-0.22021278133109945
2019-10-12 10:57:00,-0.180710152634731
2019-10-12 11:00:00,-0.17995703968824728
2019-10-12 11:03:00,-0.3351150941997503
2019-10-12 11:06:00,-0.1932336280403888
2019-10-12 11:09:00,-0.29764237366998714
2019-10-12 11:12:00,-0.2920435295023367
2019-10-12 11:15:00,-0.329156689256763
2019-10-12 11:18:00,-0.37761302336622293
2019-10-12 11:21:00,-0.29702015716878805
2019-10-12 11:24:00,-0.2523987959996816
2019-10-12 11:27:00,-0.2822163264758615
2019-10-12 11:30:00,-0.31728152090283857
2019-10-12 11:33:00,-0.31163989231725964
2019-10-12 11:36:00,-0.26148181184879604
2019-10-12 11:39:00,-0.30473443373563214
2019-10-12 11:42:00,-0.36566359671053306
2019-10-12 11:45:00,-0.3379725318215492
2019-10-12 11:48:00,-0.3043809279859033
2019-10-12 11:51:00,-0.4008411437097834
2019-10-12 11:54:00,-0.23703593906083142
2019-10-12 11:57:00,-0.27068836889560544
2019-10-12 12:00:00,-0.277170084932834
2019-10-12 12:03:00,-0.26735742419595
2019-10-12 12:06:00,-0.22780362262199105
2019-10-12 12:09:00,-0.13679365796434695
2019-10-12 12:12:00,-0.0642610663439882
2019-10-12 12:15:00,-0.099969379031279
2019-10-12 12:18:00,-0.2141446807754619
2019-10-12 12:21:00,-0.11963877390945754
2019-10-12 12:24:00,-0.19975030348609835
2019-10-12 12:27:00,-0.1434673846982264
2019-10-12 12:30:00,-0.2369727335326388
2019-10-12 12:33:00,-0.11603006519885639
2019-10-12 12:36:00,-0.2173581942937517
2019-10-12 12:39:00,-0.07481986630051551
2019-10-12 12:42:00,-0.07103503617770457
2019-10-12 12:45:00,0.15821707370548665
2019-10-12 12:48:00,0.25293108730937774
2019-10-12 12:51:00,0.16840311313887923
2019-10-12 12:54:00,0.37345155878426795
2019-10-12 12:57:00,0.2536709938659669
2019-10-12 13:00:00,0.29108277249918046
2019-10-12 13:03:00,0.20945836173268617
2019-10-12 13:06:00,0.3036504879013364
2019-10-12 13:09:00,0.22298218122904245
2019-10-12 13:12:00,0.39022343806004756
2019-10-12 13:15:00,0.25639712320958097
2019-10-12 13:18:00,0.28907428467056207
2019-10-12 13:21:00,0.2870841927157244
2019-10-12 13:24:00,0.2293874770923594
2019-10-12 13:27:00,0.14472516937684077
2019-10-12 13:30:00,-0.07191365001159511
2019-10-12 13:33:00,0.05273569222242713
2019-10-12 13:36:00,0.16665779105551337
2019-10-12 13:39:00,0.013810693310574607
2019-10-12 13:42:00,0.2934424770888313
2019-10-12 13:45:00,0.36337097304783583
2019-10-12 13:48:00,0.39974229176544895
2019-10-12 13:51:00,0.43416293218234614
2019-10-12 13:54:00,0.3826361181058928
2019-10-12 13:57:00,0.3713883478711182
2019-10-12 14:00:00,0.4827470156691902
2019-10-12 14:03:00,0.23847490426237528
2019-10-12 14:06:00,0.3888458699753983
2019-10-12 14:09:00,0.3055786357821262
2019-10-12 14:12:00,0.32709124757298014
2019-10-12 14:15:00,0.2327594763784191
2019-10-12 14:18:00,0.1352676442744496
2019-10-12 14:21:00,0.14098053754003104
2019-10-12 14:24:00,-0.023024266678987715
2019-10-12 14:27:00,0.1775809334366727
2019-10-12 14:30:00,0.22852667589063458
2019-10-12 14:33:00,0.14418125611865662
2019-10-12 14:36:00,0.1937597828549542
2019-10-12 14:39:00,0.20980619308488713
2019-10-12 14:42:00,0.2589043500383923
2019-10-12 14:45:00,0.28925424267561084
2019-10-12 14:48:00,0.37850261309813504
2019-10-12 14:51:00,0.40531477073278666
2019-10-12 14:54:00,0.34338733670495003
2019-10-12 14:57:00,0.2879460318528686
2019-10-12 15:00:00,0.24263925909787076
2019-10-12 15:03:00,0.35661162889340403
2019-10-12 15:06:00,0.3674917895308454
2019-10-12 15:09:00,0.257107933367422
2019-10-12 15:12:00,0.24493040007888567
2019-10-12 15:15:00,0.30494707355592254
2019-10-12 15:18:00,0.3550558308969016
2019-10-12 15:21:00,0.36531642006877973
2019-10-12 15:24:00,0.3715961991929362
2019-10-12 15:27:00,0.42394006014222896
2019-10-12 15:30:00,0.4194078345969956
2019-10-12 15:33:00,0.26733344713329643
2019-10-12 15:36:00,0.30510928933068726
2019-10-12 15:39:00,0.345187832730403
2019-10-12 15:42:00,0.36936364814192757
2019-10-12 15:45:00,0.29663282258775325
2019-10-12 15:48:00,0.3908165110216828
2019-10-12 15:51:00,0.4519957813902238
2019-10-12 15:54:00,0.4130658219286829
2019-10-12 15:57:00,0.37861132971880807
2019-10-12 16:00:00,0.3952336011527109
2019-10-12 16:03:00,0.4140956547365704
2019-10-12 16:06:00,0.4061669900073639
2019-10-12 16:09:00,0.4224342493214408
2019-10-12 16:12:00,0.47347759044419035
2019-10-12 16:15:00,0.3726378114401996
2019-10-12 16:18:00,0.4010745402602538
2019-10-12 16:21:00,0.39289027774009355
2019-10-12 16:24:00,0.23081066257651628
2019-10-12 16:27:00,0.3365672661373651
2019-10-12 16:30:00,0.2451742718557739
2019-10-12 16:33:00,0.3091266591850399
2019-10-12 16:36:00,0.30638794575764905
2019-10-12 16:39:00,0.2208916258531417
2019-10-12 16:42:00,0.21850955582112874
2019-10-12 16:45:00,0.33531686400010585
2019-10-12 16:48:00,0.30234832556323
2019-10-12 16:51:00,0.3195513643047434
2019-10-12 16:54:00,0.33094726371899696
2019-10-12 16:57:00,0.27018152832522446
2019-10-12 17:00:00,0.3283972436621525
2019-10-12 17:03:00,0.3539915033467196
2019-10-12 17:06:00,0.2018601555529358
2019-10-12 17:09:00,0.2696945984158674
2019-10-12 17:12:00,0.2944970388682009
2019-10-12 17:15:00,0.35147926558391873
2019-10-12 17:18:00,0.2881478661536221
2019-10-12 17:21:00,0.24303798364235263
2019-10-12 17:24:00,0.30482128376689843
2019-10-12 17:27:00,0.2516513569400445
2019-10-12 17:30:00,0.22199397253706366
2019-10-12 17:33:00,0.3216313185995432
2019-10-12 17:36:00,0.2592250908789424
2019-10-12 17:39:00,0.2733652048281101
2019-10-12 17:42:00,0.2930123974711023
2019-10-12 17:45:00,0.27101800669197473
2019-10-12 17:48:00,0.26621777281593495
2019-10-12 17:51:00,0.20803267971069772
2019-10-12 17:54:00,0.30970994430936116
2019-10-12 17:57:00,0.1855280854144894
2019-10-12 18:00:00,0.26481434728776776
2019-10-12 18:03:00,0.2149681844057909
2019-10-12 18:06:00,0.19433091128763635
2019-10-12 18:09:00,0.19565044786781982
2019-10-12 18:12:00,0.19909731125005692
2019-10-12 18:15:00,0.14005405742960875
2019-10-12 18:18:00,0.2934191100058001
2019-10-12 18:21:00,0.14670631087892616
2019-10-12 18:24:00,0.2901230929763301
2019-10-12 18:27:00,0.2610695916195027
2019-10-12 18:30:00,0.23000006217131386
2019-10-12 18:33:00,0.29406072161549446
2019-10-12 18:36:00,0.2247778655593038
2019-10-12 18:39:00,0.1963903938136582
2019-10-12 18:42:00,0.2888722924979561
2019-10-12 18:45:00,0.3240858200511525
2019-10-12 18:48:00,0.26730529808662595
2019-10-12 18:51:00,0.24387684991188507
2019-10-12 18:54:00,
2019-10-12 18:57:00,
2019-10-12 19:00:00,
2019-10-12 19:03:00,0.21630382801021142
2019-10-12 19:06:00,0.2474645314908912
2019-10-12 19:09:00,0.30230046710346414
2019-10-12 19:12:00,0.251307207444313
2019-10-12 19:15:00,0.21486396309893507
2019-10-12 19:18:00,0.3066775010349261
2019-10-12 19:21:00,0.31487639709177984
2019-10-12 19:24:00,0.2652143855425493
2019-10-12 19:27:00,0.30721173911018695
2019-10-12 19:30:00,0.40409235219505035
2019-10-12 19:33:00,0.25262829200249826
2019-10-12 19:36:00,0.3369159420638539
2019-10-12 19:39:00,0.2510050626026441
2019-10-12 19:42:00,0.19828709185611615
2019-10-12 19:45:00,0.28234705437211005
2019-10-12 19:48:00,0.3519410678258055
2019-10-12 19:51:00,0.3137851997202574
2019-10-12 19:54:00,0.2682367016883518
2019-10-12 19:57:00,0.3504642133109428
2019-10-12 20:00:00,0.3395952616700697
2019-10-12 20:03:00,0.44760446326733927
2019-10-12 20:06:00,0.3689872152220346
2019-10-12 20:09:00,0.45668407608985717
2019-10-12 20:12:00,0.5860147780786633
2019-10-12 20:15:00,0.3973622282263136
2019-10-12 20:18:00,0.3686266007959489
2019-10-12 20:21:00,0.38260416972912026
2019-10-12 20:24:00,0.2838388493655657
2019-10-12 20:27:00,0.3222701764317435
2019-10-12 20:30:00,0.21650700082471985
2019-10-12 20:33:00,0.282387304761869
2019-10-12 20:36:00,0.49763921392099064
2019-10-12 20:39:00,0.2621451490454092
2019-10-12 20:42:00,0.24674046945381178
2019-10-12 20:45:00,0.30572239687461433
2019-10-12 20:48:00,0.33999125714916545
2019-10-12 20:51:00,0.32461535781754947
2019-10-12 20:54:00,0.32085069711268943
2019-10-12 20:57:00,0.30510493215388124
2019-10-12 21:00:00,0.3857518544324421
2019-10-12 21:03:00,0.3117464079673482
2019-10-12 21:06:00,0.42960239396080624
2019-10-12 21:09:00,0.4685855589031007
2019-10-12 21:12:00,0.42660706963670236
2019-10-12 21:15:00,0.33384758848069396
2019-10-12 21:18:00,0.2811414899312581
2019-10-12 21:21:00,0.2952917393648704
2019-10-12 21:24:00,0.4186282938165391
2019-10-12 21:27:00,0.4317315070266545
2019-10-12 21:30:00,0.41066187824043254
2019-10-12 21:33:00,0.33878021800416036
2019-10-12 21:36:00,0.39486388764964886
2019-10-12 21:39:00,0.3689672937527462
2019-10-12 21:42:00,0.2781464720508211
2019-10-12 21:45:00,0.30010614606732133
2019-10-12 21:48:00,0.40474770909514746
2019-10-12 21:51:00,0.4077631867756395
2019-10-12 21:54:00,0.3998140014888918
2019-10-12 21:57:00,0.41751530009923954
2019-10-12 22:00:00,0.42265306404362946
2019-10-12 22:03:00,0.3740641522691135
2019-10-12 22:06:00,0.33668073571368495
2019-10-12 22:09:00,0.361726395149617
2019-10-12 22:12:00,0.34649062166153044
2019-10-12 22:15:00,0.3229331267971247
2019-10-12 22:18:00,0.2850475372763981
2019-10-12 22:21:00,0.29424592346953204
2019-10-12 22:24:00,0.34576789729896973
2019-10-12 22:27:00,0.3464050739363529
2019-10-12 22:30:00,0.17144109515697892
2019-10-12 22:33:00,0.29827097755151044
2019-10-12 22:36:00,0.24099976067293483
2019-10-12 22:39:00,0.34105614032506537
2019-10-12 22:42:00,0.3535721789423292
2019-10-12 22:45:00,0.3483444243765348
2019-10-12 22:48:00,0.32819588127381394
2019-10-12 22:51:00,0.28729126200181554
2019-10-12 22:54:00,0.31120712035101405
2019-10-12 22:57:00,0.3511312265378592
2019-10-12 23:00:00,0.2894296389579267
2019-10-12 23:03:00,0.35034551748339027
2019-10-12 23:06:00,0.4234182090885952
2019-10-12 23:09:00,0.33587824256130716
2019-10-12 23:12:00,0.18966038706957988
2019-10-12 23:15:00,0.32931782575423085
2019-10-12 23:18:00,0.3870357947067191
2019-10-12 23:21:00,0.35086027819488663
2019-10-12 23:24:00,0.40138023804308887
2019-10-12 23:27:00,0.347139268826254
2019-10-12 23:30:00,0.30289367681973545
2019-10-12 23:33:00,0.24141721959108509
2019-10-12 23:36:00,0.3548871609999651
2019-10-12 23:39:00,0.3066670361510546
2019-10-12 23:42:00,0.3166805540669202
2019-10-12 23:45:00,0.34256666612236586
2019-10-12 23:48:00,0.4192923198688163
2019-10-12 23:51:00,0.4541455696563048
2019-10-12 23:54:00,0.4283274065341516
2019-10-12 23:57:00,0.6394631273179243
2019-10-13 00:00:00,0.6095829185264847
2019-10-13 00:03:00,0.4721321570795567
2019-10-13 00:06:00,0.33758345118565103
2019-10-13 00:09:00,0.2812753989458656
2019-10-13 00:12:00,0.3584647727560082
2019-10-13 00:15:00,0.27440568360242423
2019-10-13 00:18:00,0.3487105725629931
2019-10-13 00:21:00,0.33889347536035075
2019-10-13 00:24:00,0.30415556176262726
2019-10-13 00:27:00,0.41521125935787495
2019-10-13 00:30:00,0.3580540417933662
2019-10-13 00:33:00,0.39886122751573794
2019-10-13 00:36:00,0.3962588546573329
2019-10-13 00:39:00,0.34506903746756734
2019-10-13 00:42:00,0.43669809175406726
2019-10-13 00:45:00,0.37967485388605837
2019-10-13 00:48:00,0.42303610142857906
2019-10-13 00:51:00,0.4418665471522445
2019-10-13 00:54:00,0.4463007612957881
2019-10-13 00:57:00,0.46990620746134937
2019-10-13 01:00:00,0.43870603498356786
2019-10-13 01:03:00,0.4050081406307413
2019-10-13 01:06:00,0.40296565082337565
2019-10-13 01:09:00,0.4539371242906327
2019-10-13 01:12:00,0.3878102167501538
2019-10-13 01:15:00,0.38267853602962987
2019-10-13 01:18:00,0.38558131224232284
2019-10-13 01:21:00,0.4016823330173338
2019-10-13 01:24:00,0.4080368086238195
2019-10-13 01:27:00,0.39769569809271843
2019-10-13 01:30:00,0.38155065593457493
2019-10-13 01:33:00,0.36178430337184864
2019-10-13 01:36:00,0.34001564265827255
2019-10-13 01:39:00,0.3558371547875936
2019-10-13 01:42:00,0.3981507351151663
2019-10-13 01:45:00,0.4039855711893665
2019-10-13 01:48:00,0.42984223621408546
2019-10-13 01:51:00,0.3605980724822757
2019-10-13 01:54:00,0.3989548233383289
2019-10-13 01:57:00,0.35212185603791113
2019-10-13 02:00:00,0.39165631960923974
2019-10-13 02:03:00,0.3586921698746437
2019-10-13 02:06:00,0.4151794505407338
2019-10-13 02:09:00,0.39591511658039735
2019-10-13 02:12:00,0.42015751390079004
2019-10-13 02:15:00,0.37240192952219786
2019-10-13 02:18:00,0.41480363909977314
2019-10-13 02:21:00,0.5014245532487394
2019-10-13 02:24:00,0.40658969761443586
2019-10-13 02:27:00,0.4156373674201177
2019-10-13 02:30:00,0.390823103252103
2019-10-13 02:33:00,0.3225984390655867
2019-10-13 02:36:00,0.4531879762974427
2019-10-13 02:39:00,0.48898716710851886
2019-10-13 02:42:00,0.4756769137950414
2019-10-13 02:45:00,0.4528612847385034
2019-10-13 02:48:00,0.4554496723501984
2019-10-13 02:51:00,0.3738051278163539
2019-10-13 02:54:00,0.5314574882918919
2019-10-13 02:57:00,0.5262264060132793
2019-10-13 03:00:00,0.49669691584421116
2019-10-13 03:03:00,0.37886317786268364
2019-10-13 03:06:00,0.4038862685995923
2019-10-13 03:09:00,0.5039491260264981
2019-10-13 03:12:00,0.4955480879222023
2019-10-13 03:15:00,0.4953482679801482
2019-10-13 03:18:00,0.44307641057923774
2019-10-13 03:21:00,0.48405665111926055
2019-10-13 03:24:00,0.4571495479934242
2019-10-13 03:27:00,0.5461768754580589
2019-10-13 03:30:00,0.4462122208258279
2019-10-13 03:33:00,0.39211380156274345
2019-10-13 03:36:00,0.5290323836234165
2019-10-13 03:39:00,0.44656376690795696
2019-10-13 03:42:00,0.4669912353682548
2019-10-13 03:45:00,0.5322067338545935
2019-10-13 03:48:00,0.4500638441720639
2019-10-13 03:51:00,0.3821866145719923
2019-10-13 03:54:00,0.5773097302134715
2019-10-13 03:57:00,0.46197207160969356
2019-10-13 04:00:00,0.6125148403114054
2019-10-13 04:03:00,0.4836896864293294
2019-10-13 04:06:00,0.4715305165476593
2019-10-13 04:09:00,0.5260395198428114
2019-10-13 04:12:00,0.5185340546655652
2019-10-13 04:15:00,0.5697956028344606
2019-10-13 04:18:00,0.4669300188095349
2019-10-13 04:21:00,0.5993874538307296
2019-10-13 04:24:00,0.5770771879263634
2019-10-13 04:27:00,0.6848514384063265
2019-10-13 04:30:00,0.6410254278425782
2019-10-13 04:33:00,0.48024554036152267
2019-10-13 04:36:00,0.5179618730043103
2019-10-13 04:39:00,0.5786057124865351
2019-10-13 04:42:00,0.5880565851830966
2019-10-13 04:45:00,0.6040816123449986
2019-10-13 04:48:00,0.6001776975747362
2019-10-13 04:51:00,0.5967193179528181
2019-10-13 04:54:00,0.5498020606486307
2019-10-13 04:57:00,0.6088145849856232
2019-10-13 05:00:00,0.5916750772759087
2019-10-13 05:03:00,0.5786465092492108
2019-10-13 05:06:00,0.4780015582593933
2019-10-13 05:09:00,0.5607036075135738
2019-10-13 05:12:00,0.5457440218253282
2019-10-13 05:15:00,0.6048083350294746
2019-10-13 05:18:00,0.5147390563328713
2019-10-13 05:21:00,0.5419550654883096
2019-10-13 05:24:00,0.4252651500414686
2019-10-13 05:27:00,0.43238089327780926
2019-10-13 05:30:00,0.5752876907359337
2019-10-13 05:33:00,0.5299118706747095
2019-10-13 05:36:00,0.5049621452071165
2019-10-13 05:39:00,0.5129764804348156
2019-10-13 05:42:00,0.4577349395297574
2019-10-13 05:45:00,0.48017970567912016
2019-10-13 05:48:00,0.46091744339730667
2019-10-13 05:51:00,0.4970688321686225
2019-10-13 05:54:00,0.48531761289592623
2019-10-13 05:57:00,0.5523417313275445
2019-10-13 06:00:00,0.47708406979262463
2019-10-13 06:03:00,0.47278661426855706
2019-10-13 06:06:00,0.49136160355226366
2019-10-13 06:09:00,0.4425521158727861
2019-10-13 06:12:00,0.4928141220012776
2019-10-13 06:15:00,0.37027279923302103
2019-10-13 06:18:00,0.5007289991269204
2019-10-13 06:21:00,0.5503791559484625
2019-10-13 06:24:00,0.5485346716436652
2019-10-13 06:27:00,0.4877065194724537
2019-10-13 06:30:00,0.4517938852757766
2019-10-13 06:33:00,0.4967829601584981
2019-10-13 06:36:00,0.4490547841780881
2019-10-13 06:39:00,0.5357705337615357
2019-10-13 06:42:00,0.5131000727423043
2019-10-13 06:45:00,0.5683082165828068
2019-10-13 06:48:00,0.5030090448538544
2019-10-13 06:51:00,0.5289049791913385
2019-10-13 06:54:00,0.46458830415213015
2019-10-13 06:57:00,0.5244975253755229
2019-10-13 07:00:00,0.5785118980259654
2019-10-13 07:03:00,0.5505754684436965
2019-10-13 07:06:00,0.41229807285537845
2019-10-13 07:09:00,0.5479983301011657
2019-10-13 07:12:00,0.43111576227636306
2019-10-13 07:15:00,0.5767496855667673
2019-10-13 07:18:00,0.49686683252372177
2019-10-13 07:21:00,0.5245834491555001
2019-10-13 07:24:00,0.5126687328497042
2019-10-13 07:27:00,0.4686381823767647
2019-10-13 07:30:00,0.48083440112816334
2019-10-13 07:33:00,0.558213725369626
2019-10-13 07:36:00,0.4718895091504578
2019-10-13 07:39:00,0.5345197400395136
2019-10-13 07:42:00,0.5240508613572388
2019-10-13 07:45:00,0.60872974318562
2019-10-13 07:48:00,0.5202297541213738
2019-10-13 07:51:00,0.588578812693072
2019-10-13 07:54:00,0.5218844717833235
2019-10-13 07:57:00,0.5164578207176191
2019-10-13 08:00:00,0.5530515595800694
2019-10-13 08:03:00,0.5104458565209598
2019-10-13 08:06:00,0.4407812180463111
2019-10-13 08:09:00,0.4315128508096109
2019-10-13 08:12:00,0.5722328667816896
2019-10-13 08:15:00,0.4915917730716046
2019-10-13 08:18:00,0.49841636520534394
2019-10-13 08:21:00,0.4995954864189116
2019-10-13 08:24:00,0.39549369646994137
2019-10-13 08:27:00,0.5042505722838655
2019-10-13 08:30:00,0.5109327368233494
2019-10-13 08:33:00,0.5118798198743661
2019-10-13 08:36:00,0.5782471490710464
2019-10-13 08:39:00,0.5485907640340884
2019-10-13 08:42:00,0.6108009072466416
2019-10-13 08:45:00,0.6185962210357729
2019-10-13 08:48:00,0.5615514239447634
2019-10-13 08:51:00,0.5464819974561124
2019-10-13 08:54:00,0.5506033135532107
2019-10-13 08:57:00,0.5528715640186874
2019-10-13 09:00:00,0.6000374884721964
2019-10-13 09:03:00,0.4849353056175687
2019-10-13 09:06:00,0.5239741422736302
2019-10-13 09:09:00,0.43784535013088544
2019-10-13 09:12:00,0.4055799941887699
2019-10-13 09:15:00,0.4569058055296864
2019-10-13 09:18:00,0.3839652616360354
2019-10-13 09:21:00,0.4145990277635292
2019-10-13 09:24:00,0.4148964911338453
2019-10-13 09:27:00,0.5453741240560248
2019-10-13 09:30:00,0.47956969547419703
2019-10-13 09:33:00,0.39479174889720525
2019-10-13 09:36:00,0.38285973459318257
2019-10-13 09:39:00,0.3550065895217358
2019-10-13 09:42:00,0.3195594571762399
2019-10-13 09:45:00,0.3424976333128029
2019-10-13 09:48:00,0.22417667067190905
2019-10-13 09:51:00,0.3552026595210691
2019-10-13 09:54:00,0.3815848903817596
2019-10-13 09:57:00,0.37149220392564075
2019-10-13 10:00:00,0.25147702316303366
2019-10-13 10:03:00,0.22003756251075401
2019-10-13 10:06:00,0.30654481481337825
2019-10-13 10:09:00,0.22846344524839424
2019-10-13 10:12:00,0.3102933511849528
2019-10-13 10:15:00,0.25953324696581603
2019-10-13 10:18:00,0.22021450786945707
2019-10-13 10:21:00,0.1891840003439711
2019-10-13 10:24:00,0.24222107286590244
2019-10-13 10:27:00,0.23816002440662487
2019-10-13 10:30:00,0.17761740423839
2019-10-13 10:33:00,0.2177375090658984
2019-10-13 10:36:00,0.23847850437084617
2019-10-13 10:39:00,0.1271358412028576
2019-10-13 10:42:00,0.3056344338915551
2019-10-13 10:45:00,0.24180902074732558
2019-10-13 10:48:00,0.2095241176559739
2019-10-13 10:51:00,0.24050082258577277
2019-10-13 10:54:00,0.13574133172647862
2019-10-13 10:57:00,0.09906043179853441
2019-10-13 11:00:00,0.1234837956320689
2019-10-13 11:03:00,0.04382010504787104
2019-10-13 11:06:00,-0.030618680155157563
2019-10-13 11:09:00,0.11755830812563772
2019-10-13 11:12:00,0.08677764847578828
2019-10-13 11:15:00,0.06087080332616779
2019-10-13 11:18:00,0.09041378034021363
2019-10-13 11:21:00,0.02308012180935748
2019-10-13 11:24:00,0.10463455775095554
2019-10-13 11:27:00,0.09931646847121556
2019-10-13 11:30:00,0.04158826857769782
2019-10-13 11:33:00,0.06787095992348213
2019-10-13 11:36:00,0.1235148356831246
2019-10-13 11:39:00,-0.10345664925324627
2019-10-13 11:42:00,0.05956276194450538
2019-10-13 11:45:00,0.04651455824500772
2019-10-13 11:48:00,-0.03681937872835306
2019-10-13 11:51:00,0.03232869418030759
2019-10-13 11:54:00,0.037516754549073994
2019-10-13 11:57:00,0.026461300534663224
2019-10-13 12:00:00,-0.014384312283141298
2019-10-13 12:03:00,0.03733353618599722
2019-10-13 12:06:00,-0.030708082249589097
2019-10-13 12:09:00,-0.04139497584952778
2019-10-13 12:12:00,-0.04423707065279814
2019-10-13 12:15:00,0.039347343129009005
2019-10-13 12:18:00,-0.023359488839901132
2019-10-13 12:21:00,-0.0023839779768763947
2019-10-13 12:24:00,0.011112904460674145
2019-10-13 12:27:00,-0.19793631218078644
2019-10-13 12:30:00,-0.05418474179771238
2019-10-13 12:33:00,-0.06658750935758917
2019-10-13 12:36:00,-0.11321281124656934
2019-10-13 12:39:00,-0.09216528178023964
2019-10-13 12:42:00,-0.11535353504660861
2019-10-13 12:45:00,-0.16879678859726255
2019-10-13 12:48:00,-0.13265437864714613
2019-10-13 12:51:00,-0.1365076285918576
2019-10-13 12:54:00,-0.19244739204447114
2019-10-13 12:57:00,-0.05331439645954106
2019-10-13 13:00:00,-0.14182042253747795
2019-10-13 13:03:00,-0.10990215501459488
2019-10-13 13:06:00,-0.28631405665032617
2019-10-13 13:09:00,-0.17382608498860463
2019-10-13 13:12:00,-0.13298214683038623
2019-10-13 13:15:00,-0.17557148444149107
2019-10-13 13:18:00,-0.20407396651563658
2019-10-13 13:21:00,-0.09352110921963686
2019-10-13 13:24:00,-0.11522460012110969
2019-10-13 13:27:00,-0.22736318672031075
2019-10-13 13:30:00,-0.23315783035013737
2019-10-13 13:33:00,-0.23373026545630182
2019-10-13 13:36:00,-0.15346638026124992
2019-10-13 13:39:00,-0.1657231056267392
2019-10-13 13:42:00,-0.24425234140829843
2019-10-13 13:45:00,-0.19581668305335143
2019-10-13 13:48:00,-0.2250519423048445
2019-10-13 13:51:00,-0.23656148258896792
2019-10-13 13:54:00,-0.29114758610433
2019-10-13 13:57:00,-0.30143951551923465
2019-10-13 14:00:00,-0.30378016767821236
2019-10-13 14:03:00,-0.2524253609513494
2019-10-13 14:06:00,-0.29480541401539995
2019-10-13 14:09:00,-0.45582988849457706
2019-10-13 14:12:00,-0.35833697391802843
2019-10-13 14:15:00,-0.3700842405483513
2019-10-13 14:18:00,-0.3202224738975019
2019-10-13 14:21:00,-0.39305967538666664
2019-10-13 14:24:00,-0.3700202473573313
2019-10-13 14:27:00,-0.3864805863339029
2019-10-13 14:30:00,-0.48080448714978274
2019-10-13 14:33:00,-0.4045549289933774
2019-10-13 14:36:00,-0.3519122226182958
2019-10-13 14:39:00,-0.4458308901107557
2019-10-13 14:42:00,-0.3309088707770229
2019-10-13 14:45:00,-0.34586172628883105
2019-10-13 14:48:00,-0.4101920798136689
2019-10-13 14:51:00,-0.41272441334359655
2019-10-13 14:54:00,-0.4190864510976553
2019-10-13 14:57:00,-0.37089402533712246
2019-10-13 15:00:00,-0.4139679021392908
2019-10-13 15:03:00,-0.36252025863956305
2019-10-13 15:06:00,-0.38134096781914195
2019-10-13 15:09:00,-0.41765727805824326
2019-10-13 15:12:00,-0.42269590267750345
2019-10-13 15:15:00,-0.4068249467431997
2019-10-13 15:18:00,-0.3968814199620283
2019-10-13 15:21:00,-0.3780822125901864
2019-10-13 15:24:00,-0.44989763918079007
2019-10-13 15:27:00,-0.4828940497632175
2019-10-13 15:30:00,-0.3716777827947908
2019-10-13 15:33:00,-0.32942707715272945
2019-10-13 15:36:00,-0.39750212587944134
2019-10-13 15:39:00,-0.4344068553957072
2019-10-13 15:42:00,-0.3888562444264494
2019-10-13 15:45:00,-0.38710138778589
2019-10-13 15:48:00,-0.4133322095555627
2019-10-13 15:51:00,-0.313664293613499
2019-10-13 15:54:00,-0.47732986918970255
2019-10-13 15:57:00,-0.41045147604057775
2019-10-13 16:00:00,-0.507440788016936
2019-10-13 16:03:00,-0.5027075085936872
2019-10-13 16:06:00,-0.4012747549951996
2019-10-13 16:09:00,-0.3620538860705551
2019-10-13 16:12:00,-0.43308872166267065
2019-10-13 16:15:00,-0.4839280868187643
2019-10-13 16:18:00,-0.5285137765767445
2019-10-13 16:21:00,-0.5174182303338739
2019-10-13 16:24:00,-0.46886656792401027
2019-10-13 16:27:00,-0.3752880937301484
2019-10-13 16:30:00,-0.4107630822234114
2019-10-13 16:33:00,-0.5047866626072732
2019-10-13 16:36:00,-0.41035644823398343
2019-10-13 16:39:00,-0.5202798055528888
2019-10-13 16:42:00,-0.4658592791084857
2019-10-13 16:45:00,-0.43779873848546913
2019-10-13 16:48:00,-0.47390643666113874
2019-10-13 16:51:00,-0.5086296313182288
2019-10-13 16:54:00,-0.32197715968953844
2019-10-13 16:57:00,-0.3461023596792643
2019-10-13 17:00:00,-0.2552533356485469
2019-10-13 17:03:00,-0.24651945380117013
2019-10-13 17:06:00,-0.22326313802068398
2019-10-13 17:09:00,-0.1706348028384923
2019-10-13 17:12:00,-0.2397422967304692
2019-10-13 17:15:00,-0.15295357100382034
2019-10-13 17:18:00,-0.23600177070579775
2019-10-13 17:21:00,-0.32390275935892987
2019-10-13 17:24:00,-0.15955002580807331
2019-10-13 17:27:00,-0.15497953617574467
2019-10-13 17:30:00,-0.17217138513649388
2019-10-13 17:33:00,-0.1733909501040216
2019-10-13 17:36:00,-0.2740829049370177
2019-10-13 17:39:00,-0.206351195630873
2019-10-13 17:42:00,-0.26190731811766454
2019-10-13 17:45:00,-0.15835754735570617
2019-10-13 17:48:00,-0.24247457949343243
2019-10-13 17:51:00,-0.16668071690173747
2019-10-13 17:54:00,-0.18529452915896627
2019-10-13 17:57:00,-0.24677161308920859
2019-10-13 18:00:00,-0.17448769686268406
2019-10-13 18:03:00,-0.16470334240750617
2019-10-13 18:06:00,-0.10649429869806681
2019-10-13 18:09:00,-0.19794472768717242
2019-10-13 18:12:00,-0.17924641627706706
2019-10-13 18:15:00,-0.14841771751281385
2019-10-13 18:18:00,-0.17116676898012884
2019-10-13 18:21:00,-0.1755134593078651
2019-10-13 18:24:00,-0.13952566385069076
2019-10-13 18:27:00,-0.17401480189482754
2019-10-13 18:30:00,-0.06014303603564031
2019-10-13 18:33:00,-0.08265803852759745
2019-10-13 18:36:00,-0.1155562536407615
2019-10-13 18:39:00,-0.1714309571958097
2019-10-13 18:42:00,-0.11350901995120921
2019-10-13 18:45:00,-0.12191671239560264
2019-10-13 18:48:00,-0.07746768110001767
2019-10-13 18:51:00,-0.05012712906966499
2019-10-13 18:54:00,
2019-10-13 18:57:00,
2019-10-13 19:00:00,
2019-10-13 19:03:00,-0.12586435878984048
2019-10-13 19:06:00,-0.07526841422253483
2019-10-13 19:09:00,-0.0906892781976012
2019-10-13 19:12:00,-0.11202108445837666
2019-10-13 19:15:00,-0.15906495758781602
2019-10-13 19:18:00,-0.09792351069916094
2019-10-13 19:21:00,-0.19583195488968386
2019-10-13 19:24:00,-0.1266502723504459
2019-10-13 19:27:00,-0.11613987692402361
2019-10-13 19:30:00,-0.15370831860826684
2019-10-13 19:33:00,-0.1397470014328519
2019-10-13 19:36:00,-0.025862775533312288
2019-10-13 19:39:00,-0.0837282333778262
2019-10-13 19:42:00,-0.1443346772259133
2019-10-13 19:45:00,-0.05951249498798461
2019-10-13 19:48:00,-0.017338232686824995
2019-10-13 19:51:00,0.07771925633545607
2019-10-13 19:54:00,0.11872996948852688
2019-10-13 19:57:00,0.030008955208074894
2019-10-13 20:00:00,0.04906856375043844
2019-10-13 20:03:00,0.03659825300786679
2019-10-13 20:06:00,0.00876234639241602
2019-10-13 20:09:00,0.023033330203247715
2019-10-13 20:12:00,0.013334020211686948
2019-10-13 20:15:00,0.007056610479992287
2019-10-13 20:18:00,-0.014944761193646627
2019-10-13 20:21:00,0.03212315264039489
2019-10-13 20:24:00,0.07833033587439786
2019-10-13 20:27:00,0.05524737011870684
2019-10-13 20:30:00,-0.0300058213526313
2019-10-13 20:33:00,0.07185222380627465
2019-10-13 20:36:00,0.08934938282448002
2019-10-13 20:39:00,0.1500569399078131
2019-10-13 20:42:00,0.12027455093692652
2019-10-13 20:45:00,0.14011996627789358
2019-10-13 20:48:00,0.024041883843324285
2019-10-13 20:51:00,0.04304661683386257
2019-10-13 20:54:00,0.1403587157271886
2019-10-13 20:57:00,0.16281280538407827
2019-10-13 21:00:00,0.10063490637872974
2019-10-13 21:03:00,0.13549649608683012
2019-10-13 21:06:00,0.15956481187981808
2019-10-13 21:09:00,0.17195215383378581
2019-10-13 21:12:00,0.1208202787260575
2019-10-13 21:15:00,0.1582588162710863
2019-10-13 21:18:00,0.25057951717707283
2019-10-13 21:21:00,0.0584288534771531
2019-10-13 21:24:00,0.09049010382119604
2019-10-13 21:27:00,0.03603227780837415
2019-10-13 21:30:00,0.10432287158721465
2019-10-13 21:33:00,0.01601654165074251
2019-10-13 21:36:00,0.07254148637872504
2019-10-13 21:39:00,0.09030943392247082
2019-10-13 21:42:00,0.08771950197962042
2019-10-13 21:45:00,0.17133661501782171
2019-10-13 21:48:00,0.1996324871578281
2019-10-13 21:51:00,0.10057900427733557
2019-10-13 21:54:00,0.1293964751517933
2019-10-13 21:57:00,0.05062080798677471
2019-10-13 22:00:00,0.04890062748154378
2019-10-13 22:03:00,0.06166104754055368
2019-10-13 22:06:00,0.04169142960796535
2019-10-13 22:09:00,-0.026237726668512096
2019-10-13 22:12:00,0.08942550615131495
2019-10-13 22:15:00,0.09090435118906726
2019-10-13 22:18:00,0.12370004157202175
2019-10-13 22:21:00,0.0621926798018535
2019-10-13 22:24:00,0.1475875348963882
2019-10-13 22:27:00,0.154905364873116
2019-10-13 22:30:00,0.05944656404614079
2019-10-13 22:33:00,0.20865842567388881
2019-10-13 22:36:00,0.2973191517714895
2019-10-13 22:39:00,0.4570444270213443
2019-10-13 22:42:00,0.49250955697806376
2019-10-13 22:45:00,0.5316018028683516
2019-10-13 22:48:00,0.6393048938069796
2019-10-13 22:51:00,0.5356761751959311
2019-10-13 22:54:00,0.5147791904412315
2019-10-13 22:57:00,0.6035643521615839
2019-10-13 23:00:00,0.5772627458475199
2019-10-13 23:03:00,0.499168567083359
2019-10-13 23:06:00,0.5509726586617489
2019-10-13 23:09:00,0.5313258426074867
2019-10-13 23:12:00,0.5923758780051003
2019-10-13 23:15:00,0.6907355580304397
2019-10-13 23:18:00,0.6128751899320264
2019-10-13 23:21:00,0.5637801409981194
2019-10-13 23:24:00,0.5671216267550676
2019-10-13 23:27:00,0.5367063618906514
2019-10-13 23:30:00,0.5854415044992152
2019-10-13 23:33:00,0.5493723644919442
2019-10-13 23:36:00,0.4949506034994897
2019-10-13 23:39:00,0.4045561740423409
2019-10-13 23:42:00,0.4546069288810486
2019-10-13 23:45:00,0.41103969956651554
2019-10-13 23:48:00,0.36899116236418195
2019-10-13 23:51:00,0.39871702818936683
2019-10-13 23:54:00,0.4131497165186033
2019-10-13 23:57:00,0.44987091016901104
2019-10-14 00:00:00,0.4545905547184361
2019-10-14 00:03:00,0.4635681976703836
2019-10-14 00:06:00,0.42869641269334124
2019-10-14 00:09:00,0.47399494909444684
2019-10-14 00:12:00,0.519965312549914
2019-10-14 00:15:00,0.45884411830417093
2019-10-14 00:18:00,0.47534143323508715
2019-10-14 00:21:00,0.5109884767066433
2019-10-14 00:24:00,0.3790372371989861
2019-10-14 00:27:00,0.3669251878514501
2019-10-14 00:30:00,0.43028464915056475
2019-10-14 00:33:00,0.4481074076060736
2019-10-14 00:36:00,0.42089847220569254
2019-10-14 00:39:00,0.5367430828879378
2019-10-14 00:42:00,0.4787068738545486
2019-10-14 00:45:00,0.44038233764808865
2019-10-14 00:48:00,0.4582227563496417
2019-10-14 00:51:00,0.4930739316405379
2019-10-14 00:54:00,0.4431825118699635
2019-10-14 00:57:00,0.44365646818573623
2019-10-14 01:00:00,0.4849334371759255
2019-10-14 01:03:00,0.4984759385977213
2019-10-14 01:06:00,0.505068253427396
2019-10-14 01:09:00,0.4745728834859051
2019-10-14 01:12:00,0.4962270480264124
2019-10-14 01:15:00,0.47662457619765064
2019-10-14 01:18:00,0.361871633437886
2019-10-14 01:21:00,0.42532859353048025
2019-10-14 01:24:00,0.3707049310641537
2019-10-14 01:27:00,0.3657579402456008
2019-10-14 01:30:00,0.4601543767730618
2019-10-14 01:33:00,0.4399950560694492
2019-10-14 01:36:00,0.49132519772985006
2019-10-14 01:39:00,0.386052727189508
2019-10-14 01:42:00,0.40510919499507736
2019-10-14 01:45:00,0.3956033653066129
2019-10-14 01:48:00,0.42009035292727503
2019-10-14 01:51:00,0.4264768513427839
2019-10-14 01:54:00,0.43129400156510656
2019-10-14 01:57:00,0.5304275850971294
2019-10-14 02:00:00,0.5395811568598674
2019-10-14 02:03:00,0.4077333970831205
2019-10-14 02:06:00,0.37810857045150215
2019-10-14 02:09:00,0.3607427907813303
2019-10-14 02:12:00,0.43923566860712526
2019-10-14 02:15:00,0.41797756751560655
2019-10-14 02:18:00,0.4279771880997032
2019-10-14 02:21:00,0.42678031479357514
2019-10-14 02:24:00,0.4211019625300878
2019-10-14 02:27:00,0.37973789142256464
2019-10-14 02:30:00,0.43768128090994196
2019-10-14 02:33:00,0.35808072570563354
2019-10-14 02:36:00,0.4207363481693278
2019-10-14 02:39:00,0.3920198117601217
2019-10-14 02:42:00,0.44008925052014547
2019-10-14 02:45:00,0.4734279403173218
2019-10-14 02:48:00,0.486564857966016
2019-10-14 02:51:00,0.5213648224589633
2019-10-14 02:54:00,0.5009653564337668
2019-10-14 02:57:00,0.4687646494971318
2019-10-14 03:00:00,0.4981309594951995
2019-10-14 03:03:00,0.4519300001431361
2019-10-14 03:06:00,0.4892130405019657
2019-10-14 03:09:00,0.5130356639982097
2019-10-14 03:12:00,0.47587289182808945
2019-10-14 03:15:00,0.5021617017980589
2019-10-14 03:18:00,0.5413114065196396
2019-10-14 03:21:00,0.5821811502403875
2019-10-14 03:24:00,0.6146809734831891
2019-10-14 03:27:00,0.5122485447508893
2019-10-14 03:30:00,0.5198427623566886
2019-10-14 03:33:00,0.5747704922551975
2019-10-14 03:36:00,0.6134754873634733
2019-10-14 03:39:00,0.5534831950954526
2019-10-14 03:42:00,0.5413723163479744
2019-10-14 03:45:00,0.5501483116947838
2019-10-14 03:48:00,0.5181417001465434
2019-10-14 03:51:00,0.5663179749090546
2019-10-14 03:54:00,0.5335386600913807
2019-10-14 03:57:00,0.55414732202712
2019-10-14 04:00:00,0.3949495550473898
2019-10-14 04:03:00,0.4580035312789619
2019-10-14 04:06:00,0.4488189084871692
2019-10-14 04:09:00,0.3828425819407357
2019-10-14 04:12:00,0.4423075810004775
2019-10-14 04:15:00,0.4610540658783293
2019-10-14 04:18:00,0.5041664024655006
2019-10-14 04:21:00,0.4770644393250336
2019-10-14 04:24:00,0.5293635080532795
2019-10-14 04:27:00,0.31228651178702194
2019-10-14 04:30:00,0.34286577890338776
2019-10-14 04:33:00,0.42123213778916124
2019-10-14 04:36:00,0.34560157962511084
2019-10-14 04:39:00,0.45917145761524125
2019-10-14 04:42:00,0.4327204987880009
2019-10-14 04:45:00,0.5387800599948491
2019-10-14 04:48:00,0.47437924915954
2019-10-14 04:51:00,0.3852153489546595
2019-10-14 04:54:00,0.44726217712621974
2019-10-14 04:57:00,0.4020591150012933
2019-10-14 05:00:00,0.3508234017765517
2019-10-14 05:03:00,0.4183553243547635
2019-10-14 05:06:00,0.32550006300505174
2019-10-14 05:09:00,0.30510376432118846
2019-10-14 05:12:00,0.333537501015428
2019-10-14 05:15:00,0.35323936840120496
2019-10-14 05:18:00,0.3834186849780963
2019-10-14 05:21:00,0.3911416042967062
2019-10-14 05:24:00,0.5192403133558514
2019-10-14 05:27:00,0.40521343374996377
2019-10-14 05:30:00,0.399075538225361
2019-10-14 05:33:00,0.36018901002944403
2019-10-14 05:36:00,0.3381311749525935
2019-10-14 05:39:00,0.48245525426943914
2019-10-14 05:42:00,0.4085447507276285
2019-10-14 05:45:00,0.3645411860778722
2019-10-14 05:48:00,0.4146232102865497
2019-10-14 05:51:00,0.45939607812590566
2019-10-14 05:54:00,0.5077609712960793
2019-10-14 05:57:00,0.5472620102402175
2019-10-14 06:00:00,0.5291337797851838
2019-10-14 06:03:00,0.5141210800318277
2019-10-14 06:06:00,0.5161290400687335
2019-10-14 06:09:00,0.4434988209133621
2019-10-14 06:12:00,0.5236199008026574
2019-10-14 06:15:00,0.5000295647431585
2019-10-14 06:18:00,0.5018561688376622
2019-10-14 06:21:00,0.39017773347859475
2019-10-14 06:24:00,0.45343459914460027
2019-10-14 06:27:00,0.40403275920567694
2019-10-14 06:30:00,0.41257936118717
2019-10-14 06:33:00,0.39070769819312545
2019-10-14 06:36:00,0.5299337567502107
2019-10-14 06:39:00,0.4368843338315287
2019-10-14 06:42:00,0.45222467495000274
2019-10-14 06:45:00,0.4109860322540726
2019-10-14 06:48:00,0.4437326463443583
2019-10-14 06:51:00,0.39097310447641576
2019-10-14 06:54:00,0.3401704518172437
2019-10-14 06:57:00,0.3946923570845229
2019-10-14 07:00:00,0.5012834918238127
2019-10-14 07:03:00,0.3077731886136803
2019-10-14 07:06:00,0.3124509296110318
2019-10-14 07:09:00,0.39156134954055233
2019-10-14 07:12:00,0.46129297319492935
2019-10-14 07:15:00,0.4922213795520065
2019-10-14 07:18:00,0.4994879720376275
2019-10-14 07:21:00,0.3064805102872583
2019-10-14 07:24:00,0.3978299351106216
2019-10-14 07:27:00,0.41653225835369767
2019-10-14 07:30:00,0.346598075550105
2019-10-14 07:33:00,0.44004512624013614
2019-10-14 07:36:00,0.4025383790265664
2019-10-14 07:39:00,0.37661631405637763
2019-10-14 07:42:00,0.3648497830485553
2019-10-14 07:45:00,0.4274067336735925
2019-10-14 07:48:00,0.3345689589934864
2019-10-14 07:51:00,0.4198317442212556
2019-10-14 07:54:00,0.39241832484862016
2019-10-14 07:57:00,0.3670622429697801
2019-10-14 08:00:00,0.31891205413961643
2019-10-14 08:03:00,0.4419199869692534
2019-10-14 08:06:00,0.39797791107986313
2019-10-14 08:09:00,0.3729189123903893
2019-10-14 08:12:00,0.353834844885796
2019-10-14 08:15:00,0.2983515878712524
2019-10-14 08:18:00,0.23801432352695429
2019-10-14 08:21:00,0.34367369266357173
2019-10-14 08:24:00,0.2611318440793866
2019-10-14 08:27:00,0.3490601521248209
2019-10-14 08:30:00,0.27789625017805974
2019-10-14 08:33:00,0.20353490162636945
2019-10-14 08:36:00,0.46843956923038377
2019-10-14 08:39:00,0.3359417803738438
2019-10-14 08:42:00,0.16831367033506694
2019-10-14 08:45:00,0.32402978531365534
2019-10-14 08:48:00,0.2191079838656833
2019-10-14 08:51:00,0.28413485007177997
2019-10-14 08:54:00,0.1737070172949302
2019-10-14 08:57:00,0.28015600404876295
2019-10-14 09:00:00,0.22669800820938235
2019-10-14 09:03:00,0.2602714003600113
2019-10-14 09:06:00,0.25719959248749547
2019-10-14 09:09:00,0.2814047010069771
2019-10-14 09:12:00,0.24953443006080533
2019-10-14 09:15:00,0.14120235691763128
2019-10-14 09:18:00,0.3201102439676333
2019-10-14 09:21:00,0.32371794474397575
2019-10-14 09:24:00,0.2218832506859485
2019-10-14 09:27:00,0.3210066975972836
2019-10-14 09:30:00,0.2732112411043772
2019-10-14 09:33:00,0.25125414655548184
2019-10-14 09:36:00,0.2049519841343681
2019-10-14 09:39:00,0.2155140207098043
2019-10-14 09:42:00,0.13916049057627333
2019-10-14 09:45:00,0.12244484785702525
2019-10-14 09:48:00,0.10259574450793707
2019-10-14 09:51:00,0.11985572550241841
2019-10-14 09:54:00,0.16056507885463134
2019-10-14 09:57:00,0.11175311417952116
2019-10-14 10:00:00,0.17868884107969052
2019-10-14 10:03:00,0.14684565776349245
2019-10-14 10:06:00,0.11130555652931662
2019-10-14 10:09:00,0.2041053497142684
2019-10-14 10:12:00,0.18092847970876846
2019-10-14 10:15:00,0.11100131537142488
2019-10-14 10:18:00,0.05142271823211786
2019-10-14 10:21:00,-0.10006151786950568
2019-10-14 10:24:00,0.10880636075461325
2019-10-14 10:27:00,0.04058070598722452
2019-10-14 10:30:00,0.04886587275569809
2019-10-14 10:33:00,0.009861558045486163
2019-10-14 10:36:00,0.05702068000869076
2019-10-14 10:39:00,0.0400012165475232
2019-10-14 10:42:00,0.028544483193229553
2019-10-14 10:45:00,0.046753472749571756
2019-10-14 10:48:00,0.05449877979390294
2019-10-14 10:51:00,-0.020234409367617445
2019-10-14 10:54:00,0.010095702081684976
2019-10-14 10:57:00,-0.01604991592063243
2019-10-14 11:00:00,0.04111558433407936
2019-10-14 11:03:00,0.04869368590595968
2019-10-14 11:06:00,-0.03118738695781076
2019-10-14 11:09:00,-0.11039994082125304
2019-10-14 11:12:00,-0.00030221893086945784
2019-10-14 11:15:00,-0.08059703122097517
2019-10-14 11:18:00,-0.0528634458577244
2019-10-14 11:21:00,-0.0873670717920163
2019-10-14 11:24:00,-0.07943218974327237
2019-10-14 11:27:00,-0.07209680536192309
2019-10-14 11:30:00,-0.055440379770743675
2019-10-14 11:33:00,-0.12890264144641606
2019-10-14 11:36:00,0.007866648594188064
2019-10-14 11:39:00,-0.15752505620150714
2019-10-14 11:42:00,-0.18417243297699315
2019-10-14 11:45:00,-0.12283063397291016
2019-10-14 11:48:00,-0.16579927340211498
2019-10-14 11:51:00,-0.170486028960795
2019-10-14 11:54:00,-0.015115915383773881
2019-10-14 11:57:00,-0.19717135147647014
2019-10-14 12:00:00,-0.11704391208604648
2019-10-14 12:03:00,-0.038952571625429755
2019-10-14 12:06:00,-0.041254393737403916
2019-10-14 12:09:00,-0.04917744583502781
2019-10-14 12:12:00,-0.07972391252468469
2019-10-14 12:15:00,0.00025434973150595397
2019-10-14 12:18:00,-0.11062472543198965
2019-10-14 12:21:00,-0.08694633990813827
2019-10-14 12:24:00,-0.048359809502528606
2019-10-14 12:27:00,-0.055572501754113546
2019-10-14 12:30:00,-0.12451183174135849
2019-10-14 12:33:00,-0.09676556207716658
2019-10-14 12:36:00,-0.025696999744980076
2019-10-14 12:39:00,-0.11467814729007841
2019-10-14 12:42:00,-0.09117498502666876
2019-10-14 12:45:00,-0.1647917106391219
2019-10-14 12:48:00,-0.09559117658653804
2019-10-14 12:51:00,-0.06666395121089863
2019-10-14 12:54:00,0.0658740254963277
2019-10-14 12:57:00,-0.055956377042434724
2019-10-14 13:00:00,-0.09009831826608661
2019-10-14 13:03:00,-0.02912415388829004
2019-10-14 13:06:00,-0.1258039196268328
2019-10-14 13:09:00,-0.09041913771585541
2019-10-14 13:12:00,-0.20158566100911912
2019-10-14 13:15:00,-0.17433964688660808
2019-10-14 13:18:00,-0.19155776886321974
2019-10-14 13:21:00,-0.1999447662983016
2019-10-14 13:24:00,-0.24028831425385988
2019-10-14 13:27:00,-0.17941237705309732
2019-10-14 13:30:00,-0.1952627896254171
2019-10-14 13:33:00,-0.29110929073505076
2019-10-14 13:36:00,-0.26067201169729515
2019-10-14 13:39:00,-0.2787966285287098
2019-10-14 13:42:00,-0.26363719645723904
2019-10-14 13:45:00,-0.3086647854620992
2019-10-14 13:48:00,-0.2736513670889167
2019-10-14 13:51:00,-0.29178541514505696
2019-10-14 13:54:00,-0.2842986078329659
2019-10-14 13:57:00,-0.22323221816895966
2019-10-14 14:00:00,-0.2870286606384411
2019-10-14 14:03:00,-0.27967708189652285
2019-10-14 14:06:00,-0.2864192888301318
2019-10-14 14:09:00,-0.3089706481406438
2019-10-14 14:12:00,-0.34698096826218716
2019-10-14 14:15:00,-0.2706138540414713
2019-10-14 14:18:00,-0.2976094902916202
2019-10-14 14:21:00,-0.2534678067097502
2019-10-14 14:24:00,-0.18065080046829962
2019-10-14 14:27:00,-0.2503181695350918
2019-10-14 14:30:00,-0.2249823939668545
2019-10-14 14:33:00,-0.2193772822452047
2019-10-14 14:36:00,-0.22354298735479006
2019-10-14 14:39:00,-0.16234411304333207
2019-10-14 14:42:00,-0.24740053226372538
2019-10-14 14:45:00,-0.2061282721692237
2019-10-14 14:48:00,-0.20701339810915442
2019-10-14 14:51:00,-0.14269819007711249
2019-10-14 14:54:00,-0.18613836801807793
2019-10-14 14:57:00,-0.2070972017735926
2019-10-14 15:00:00,-0.12781994611685832
2019-10-14 15:03:00,-0.23805422670977805
2019-10-14 15:06:00,-0.2639274845548698
2019-10-14 15:09:00,-0.265730547767248
2019-10-14 15:12:00,-0.18576072726511939
2019-10-14 15:15:00,0.0006242298169354399
2019-10-14 15:18:00,-0.020753132001857466
2019-10-14 15:21:00,-0.03733216172355469
2019-10-14 15:24:00,0.00947009895668316
2019-10-14 15:27:00,0.0029002734539176345
2019-10-14 15:30:00,-0.10200308518483325
2019-10-14 15:33:00,-0.2039037618813495
2019-10-14 15:36:00,-0.22715780245977157
2019-10-14 15:39:00,-0.24543967713691472
2019-10-14 15:42:00,-0.27892734374336214
2019-10-14 15:45:00,-0.14375660540406443
2019-10-14 15:48:00,-0.2174334314789803
2019-10-14 15:51:00,-0.22332151460585692
2019-10-14 15:54:00,-0.20264791864178733
2019-10-14 15:57:00,-0.3067392041618291
2019-10-14 16:00:00,-0.21340348856995206
2019-10-14 16:03:00,-0.20439519079684487
2019-10-14 16:06:00,-0.22352674232809022
2019-10-14 16:09:00,-0.15963074918084885
2019-10-14 16:12:00,-0.22700257680475033
2019-10-14 16:15:00,-0.2679633938408301
2019-10-14 16:18:00,-0.2788345652659814
2019-10-14 16:21:00,-0.24128127343408323
2019-10-14 16:24:00,-0.17047527733450352
2019-10-14 16:27:00,-0.15535598278506768
2019-10-14 16:30:00,-0.1480916945333206
2019-10-14 16:33:00,-0.17443803800233582
2019-10-14 16:36:00,-0.26292549990205316
2019-10-14 16:39:00,-0.13466996677465204
2019-10-14 16:42:00,-0.23005726358940137
2019-10-14 16:45:00,-0.1572214565997001
2019-10-14 16:48:00,-0.12286024154286679
2019-10-14 16:51:00,-0.20820156866517436
2019-10-14 16:54:00,-0.1677076620288176
2019-10-14 16:57:00,-0.1850996879277318
2019-10-14 17:00:00,-0.11193166681425737
2019-10-14 17:03:00,-0.2081363020343474
2019-10-14 17:06:00,-0.15948473672989394
2019-10-14 17:09:00,-0.23121192358149756
2019-10-14 17:12:00,-0.12803422414702936
2019-10-14 17:15:00,-0.16120740233202469
2019-10-14 17:18:00,-0.12150001440016922
2019-10-14 17:21:00,-0.10878178536250971
2019-10-14 17:24:00,-0.199777183803576
2019-10-14 17:27:00,-0.20245240588349134
2019-10-14 17:30:00,-0.06651672889205429
2019-10-14 17:33:00,-0.03053424891703571
2019-10-14 17:36:00,-0.05393493722539233
2019-10-14 17:39:00,-0.08336810964175356
2019-10-14 17:42:00,-0.05375333229471835
2019-10-14 17:45:00,-0.05195237831691202
2019-10-14 17:48:00,0.002952862172037385
2019-10-14 17:51:00,-0.023276803837404714
2019-10-14 17:54:00,0.023865724142240197
2019-10-14 17:57:00,0.12486925251022285
2019-10-14 18:00:00,0.032237967994035444
2019-10-14 18:03:00,0.04595734911947602
2019-10-14 18:06:00,0.008292824724833281
2019-10-14 18:09:00,0.03465943090765222
2019-10-14 18:12:00,0.05648668266775303
2019-10-14 18:15:00,0.11522491349109032
2019-10-14 18:18:00,-0.041463766510617006
2019-10-14 18:21:00,0.010594590160110329
2019-10-14 18:24:00,0.07990676948236342
2019-10-14 18:27:00,0.08944604839911108
2019-10-14 18:30:00,0.10625964069754446
2019-10-14 18:33:00,0.06906329911987541
2019-10-14 18:36:00,0.10432082547157506
2019-10-14 18:39:00,0.08921214190962701
2019-10-14 18:42:00,0.05323699877175159
2019-10-14 18:45:00,0.14543496797233502
2019-10-14 18:48:00,0.0008164707228388579
2019-10-14 18:51:00,0.11414513815049077
2019-10-14 18:54:00,
2019-10-14 18:57:00,
2019-10-14 19:00:00,
2019-10-14 19:03:00,0.04551152051834606
2019-10-14 19:06:00,0.08163910136329378
2019-10-14 19:09:00,0.08027808052389673
2019-10-14 19:12:00,0.01802001127254016
2019-10-14 19:15:00,0.1407379986951014
2019-10-14 19:18:00,0.1141535953862558
2019-10-14 19:21:00,0.1375230459677823
2019-10-14 19:24:00,0.17922077327085617
2019-10-14 19:27:00,0.1623543619227803
2019-10-14 19:30:00,0.13746843018424215
2019-10-14 19:33:00,0.05948212125213104
2019-10-14 19:36:00,0.13004670942297025
2019-10-14 19:39:00,0.16859788177782775
2019-10-14 19:42:00,0.15781269369608708
2019-10-14 19:45:00,0.1165624512138379
2019-10-14 19:48:00,0.13080786971841007
2019-10-14 19:51:00,0.030947142706054365
2019-10-14 19:54:00,0.09943820432147277
2019-10-14 19:57:00,0.043580916361008804
2019-10-14 20:00:00,0.08584063415207766
2019-10-14 20:03:00,0.0657513934957592
2019-10-14 20:06:00,0.018341123028960737
2019-10-14 20:09:00,0.128273050833684
2019-10-14 20:12:00,0.10744643964017087
2019-10-14 20:15:00,-0.022910849116613008
2019-10-14 20:18:00,0.058900581063596746
2019-10-14 20:21:00,0.13642078609893815
2019-10-14 20:24:00,0.050182968067304046
2019-10-14 20:27:00,0.09925587643590461
2019-10-14 20:30:00,0.013503170295962263
2019-10-14 20:33:00,0.1795965173578793
2019-10-14 20:36:00,0.12157493779744755
2019-10-14 20:39:00,0.10050060494671698
2019-10-14 20:42:00,0.06055474738599287
2019-10-14 20:45:00,0.08188047809170484
2019-10-14 20:48:00,0.15824174503529775
2019-10-14 20:51:00,0.0624849238911338
2019-10-14 20:54:00,0.007725581431259343
2019-10-14 20:57:00,0.17375755589790742
2019-10-14 21:00:00,0.1490343045537088
2019-10-14 21:03:00,0.11256603479853311
2019-10-14 21:06:00,0.12417970877072548
2019-10-14 21:09:00,0.10977223899163846
2019-10-14 21:12:00,0.1157325224561987
2019-10-14 21:15:00,0.09760628046291231
2019-10-14 21:18:00,0.21361125041312334
2019-10-14 21:21:00,0.20943942643316404
2019-10-14 21:24:00,0.1576059399688461
2019-10-14 21:27:00,0.10454209690942662
2019-10-14 21:30:00,0.026257660794442472
2019-10-14 21:33:00,0.0826305240163947
2019-10-14 21:36:00,0.09996389188899002
2019-10-14 21:39:00,0.036031301573245855
2019-10-14 21:42:00,0.16193718363956577
2019-10-14 21:45:00,0.09740323882260782
2019-10-14 21:48:00,0.08413610361913015
2019-10-14 21:51:00,0.14890784326837547
2019-10-14 21:54:00,0.015815787567930784
2019-10-14 21:57:00,0.08501579042211915
2019-10-14 22:00:00,0.16043153401705013
2019-10-14 22:03:00,0.14557731626405257
2019-10-14 22:06:00,0.18242987629218987
2019-10-14 22:09:00,0.23056233537187154
2019-10-14 22:12:00,0.10193197387314967
2019-10-14 22:15:00,0.08187202046087805
2019-10-14 22:18:00,0.17545191651390724
2019-10-14 22:21:00,0.0749641267063339
2019-10-14 22:24:00,0.133309914881238
2019-10-14 22:27:00,0.19622647663300086
2019-10-14 22:30:00,0.1568393652075315
2019-10-14 22:33:00,0.1297271921509946
2019-10-14 22:36:00,0.20665784566938328
2019-10-14 22:39:00,0.20379429358200696
2019-10-14 22:42:00,0.21650015444254223
2019-10-14 22:45:00,0.19798394349078308
2019-10-14 22:48:00,0.33416242739917834
2019-10-14 22:51:00,0.32070301255265576
2019-10-14 22:54:00,0.16985867650134878
2019-10-14 22:57:00,0.24475497838858473
2019-10-14 23:00:00,0.19770469538582347
2019-10-14 23:03:00,0.16881812661500817
2019-10-14 23:06:00,0.1034934548568458
2019-10-14 23:09:00,0.2739652739675762
2019-10-14 23:12:00,0.21592344229839
2019-10-14 23:15:00,0.19896719928146922
2019-10-14 23:18:00,0.14854557302311377
2019-10-14 23:21:00,0.21799603747996343
2019-10-14 23:24:00,0.13401663820701515
2019-10-14 23:27:00,0.21232451906058714
2019-10-14 23:30:00,0.14219461859534022
2019-10-14 23:33:00,0.16115948349010978
2019-10-14 23:36:00,0.1745123953389225
2019-10-14 23:39:00,0.23464295977140637
2019-10-14 23:42:00,0.14842626010226923
2019-10-14 23:45:00,0.1786233751462305
2019-10-14 23:48:00,0.2511593497653166
2019-10-14 23:51:00,0.23527721897545462
2019-10-14 23:54:00,0.2339145587846474
2019-10-14 23:57:00,0.2461533532100475
2019-10-15 00:00:00,0.23601938099312747
2019-10-15 00:03:00,0.18874458233364066
2019-10-15 00:06:00,0.2102022482139887
2019-10-15 00:09:00,0.20731736823660185
2019-10-15 00:12:00,0.2372216189575056
2019-10-15 00:15:00,0.22617570293988365
2019-10-15 00:18:00,0.1675482268253745
2019-10-15 00:21:00,0.21582034901183533
2019-10-15 00:24:00,0.2263915304974944
2019-10-15 00:27:00,0.2115473540575863
2019-10-15 00:30:00,0.18014009130928343
2019-10-15 00:33:00,0.18059090871889794
2019-10-15 00:36:00,0.17562249790591977
2019-10-15 00:39:00,0.26633905034248073
2019-10-15 00:42:00,0.18552125639132555
2019-10-15 00:45:00,0.1770535404631346
2019-10-15 00:48:00,0.18262582848575448
2019-10-15 00:51:00,0.30996787870503795
2019-10-15 00:54:00,0.2867076279654839
2019-10-15 00:57:00,0.27795445261028817
2019-10-15 01:00:00,0.2578355385257396
2019-10-15 01:03:00,0.2593098993511376
2019-10-15 01:06:00,0.16068890528157453
2019-10-15 01:09:00,0.3477250995041459
2019-10-15 01:12:00,0.2991427881889308
2019-10-15 01:15:00,0.3824893815235555
2019-10-15 01:18:00,0.2819049404782845
2019-10-15 01:21:00,0.22220322414017346
2019-10-15 01:24:00,0.2831905291010912
2019-10-15 01:27:00,0.31589758664551937
2019-10-15 01:30:00,0.3330545060055101
2019-10-15 01:33:00,0.29549954936345557
2019-10-15 01:36:00,0.1617680004872568
2019-10-15 01:39:00,0.3036364596104022
2019-10-15 01:42:00,0.3453004108924915
2019-10-15 01:45:00,0.37230279436590763
2019-10-15 01:48:00,0.2969433961000618
2019-10-15 01:51:00,0.3077371318864266
2019-10-15 01:54:00,0.3212894101002348
2019-10-15 01:57:00,0.2745728321351635
2019-10-15 02:00:00,0.31708281948033346
2019-10-15 02:03:00,0.28855377746907607
2019-10-15 02:06:00,0.3646750388163582
2019-10-15 02:09:00,0.2727128991123209
2019-10-15 02:12:00,0.2517662256291828
2019-10-15 02:15:00,0.30529250897336624
2019-10-15 02:18:00,0.431614158160869
2019-10-15 02:21:00,0.3419028614565036
2019-10-15 02:24:00,0.3595405215953633
2019-10-15 02:27:00,0.3775281492099225
2019-10-15 02:30:00,0.35369296392798333
2019-10-15 02:33:00,0.2993328685288361
2019-10-15 02:36:00,0.2676292585791771
2019-10-15 02:39:00,0.3545822012385429
2019-10-15 02:42:00,0.33482641273099034
2019-10-15 02:45:00,0.3053534484980105
2019-10-15 02:48:00,0.34663329335108983
2019-10-15 02:51:00,0.3644849992800232
2019-10-15 02:54:00,0.27990902207920954
2019-10-15 02:57:00,0.29380216841303763
2019-10-15 03:00:00,0.3282408626785127
2019-10-15 03:03:00,0.27236001449779224
2019-10-15 03:06:00,0.28681309030673674
2019-10-15 03:09:00,0.2679560378677479
2019-10-15 03:12:00,0.27121475127023587
2019-10-15 03:15:00,0.33246780074210847
2019-10-15 03:18:00,0.3330234306675379
2019-10-15 03:21:00,0.2699559580294135
2019-10-15 03:24:00,0.2889079484411923
2019-10-15 03:27:00,0.29238370589638407
2019-10-15 03:30:00,0.2670350895454021
2019-10-15 03:33:00,0.30003460696366346
2019-10-15 03:36:00,0.29695907024597545
2019-10-15 03:39:00,0.36478835557136335
2019-10-15 03:42:00,0.34755362177315874
2019-10-15 03:45:00,0.35674024836066565
2019-10-15 03:48:00,0.44011491988277385
2019-10-15 03:51:00,0.4560668291323964
2019-10-15 03:54:00,0.4946527236870111
2019-10-15 03:57:00,0.5446757467460088
2019-10-15 04:00:00,0.5111190796940832
2019-10-15 04:03:00,0.41964980303339416
2019-10-15 04:06:00,0.34489242185759394
2019-10-15 04:09:00,0.46661057894550595
2019-10-15 04:12:00,0.24638123174622706
2019-10-15 04:15:00,0.37824985052122884
2019-10-15 04:18:00,0.42579238808247055
2019-10-15 04:21:00,0.3687787650438281
2019-10-15 04:24:00,0.3749550300108808
2019-10-15 04:27:00,0.23953307543246183
2019-10-15 04:30:00,0.39641626510342576
2019-10-15 04:33:00,0.3477311070344058
2019-10-15 04:36:00,0.43931960193128816
2019-10-15 04:39:00,0.28994091952353074
2019-10-15 04:42:00,0.33915873331221746
2019-10-15 04:45:00,0.3261417890890357
2019-10-15 04:48:00,0.39283542709080166
2019-10-15 04:51:00,0.2812709936256397
2019-10-15 04:54:00,0.37172436647210816
2019-10-15 04:57:00,0.36533545127292655
2019-10-15 05:00:00,0.30722178301971326
2019-10-15 05:03:00,0.4381554925449791
2019-10-15 05:06:00,0.33308715406678857
2019-10-15 05:09:00,0.35676186621481065
2019-10-15 05:12:00,0.3644728470162022
2019-10-15 05:15:00,0.3648149883334213
2019-10-15 05:18:00,0.400517186267507
2019-10-15 05:21:00,0.4490424181221897
2019-10-15 05:24:00,0.3868244563902863
2019-10-15 05:27:00,0.39927329711400716
2019-10-15 05:30:00,0.3478128128361959
2019-10-15 05:33:00,0.5300076430736453
2019-10-15 05:36:00,0.40921768700002303
2019-10-15 05:39:00,0.41118729073798477
2019-10-15 05:42:00,0.33325953558477295
2019-10-15 05:45:00,0.46085156148780015
2019-10-15 05:48:00,0.43907008144441306
2019-10-15 05:51:00,0.3993238198339668
2019-10-15 05:54:00,0.3510335250463754
2019-10-15 05:57:00,0.38430518134413205
2019-10-15 06:00:00,0.39052518398176517
2019-10-15 06:03:00,0.42711131952046344
2019-10-15 06:06:00,0.36778280360590543
2019-10-15 06:09:00,0.360648882404746
2019-10-15 06:12:00,0.4701336661823916
2019-10-15 06:15:00,0.36594244173795687
2019-10-15 06:18:00,0.44776309927635793
2019-10-15 06:21:00,0.27989512750383483
2019-10-15 06:24:00,0.3788299842647689
2019-10-15 06:27:00,0.42176247104316644
2019-10-15 06:30:00,0.4077888168403092
2019-10-15 06:33:00,0.4105843342022695
2019-10-15 06:36:00,0.46193390765023423
2019-10-15 06:39:00,0.3684110899522466
2019-10-15 06:42:00,0.38232173202834474
2019-10-15 06:45:00,0.42053422862653633
2019-10-15 06:48:00,0.39569653450371334
2019-10-15 06:51:00,0.40739393668741286
2019-10-15 06:54:00,0.45703285676347605
2019-10-15 06:57:00,0.30971446863384244
2019-10-15 07:00:00,0.37815383128116764
2019-10-15 07:03:00,0.355318276923299
2019-10-15 07:06:00,0.472268388965972
2019-10-15 07:09:00,0.3467949886342012
2019-10-15 07:12:00,0.33584348834284583
2019-10-15 07:15:00,0.34104038787995705
2019-10-15 07:18:00,0.4026873423777033
2019-10-15 07:21:00,0.35691508016032003
2019-10-15 07:24:00,0.37102495092892696
2019-10-15 07:27:00,0.4213003210545594
2019-10-15 07:30:00,0.25469333407289696
2019-10-15 07:33:00,0.3375170169810531
2019-10-15 07:36:00,0.32436871320641103
2019-10-15 07:39:00,0.3555084667898427
2019-10-15 07:42:00,0.26954541061564896
2019-10-15 07:45:00,0.28409585873612286
2019-10-15 07:48:00,0.3762594754534234
2019-10-15 07:51:00,0.28228797558529095
2019-10-15 07:54:00,0.3028306959766951
2019-10-15 07:57:00,0.27104597074173853
2019-10-15 08:00:00,0.2616020983144267
2019-10-15 08:03:00,0.19265485794352344
2019-10-15 08:06:00,0.24870511804209627
2019-10-15 08:09:00,0.2504030695851611
2019-10-15 08:12:00,0.13047655846389716
2019-10-15 08:15:00,0.1786193707480379
2019-10-15 08:18:00,0.16590134306562732
2019-10-15 08:21:00,0.1394528563748736
2019-10-15 08:24:00,0.1091660414533635
2019-10-15 08:27:00,0.13762434568639037
2019-10-15 08:30:00,0.1461776944720441
2019-10-15 08:33:00,0.23171539750075
2019-10-15 08:36:00,0.16763874565532433
2019-10-15 08:39:00,0.07755648726447362
2019-10-15 08:42:00,0.02300879646509202
2019-10-15 08:45:00,0.008358015496639837
2019-10-15 08:48:00,-0.004378717250119735
2019-10-15 08:51:00,0.04554856956002595
2019-10-15 08:54:00,0.03388765342378974
2019-10-15 08:57:00,0.10071088547476847
2019-10-15 09:00:00,0.101850184600778
2019-10-15 09:03:00,0.09916039596549808
2019-10-15 09:06:00,0.10034507142779603
2019-10-15 09:09:00,0.05770013108730154
2019-10-15 09:12:00,0.14956363463176103
2019-10-15 09:15:00,0.1197765817020695
2019-10-15 09:18:00,0.026258994278521186
2019-10-15 09:21:00,0.07495873350092097
2019-10-15 09:24:00,0.02351998963058577
2019-10-15 09:27:00,0.030361455007607674
2019-10-15 09:30:00,-0.04120790729677992
2019-10-15 09:33:00,0.02708849134700131
2019-10-15 09:36:00,-0.062218986519496866
2019-10-15 09:39:00,-0.09162822057578524
2019-10-15 09:42:00,-0.10142887805704959
2019-10-15 09:45:00,-0.03307159938577797
2019-10-15 09:48:00,-0.03622401642275008
2019-10-15 09:51:00,-0.11750024481585797
2019-10-15 09:54:00,-0.08942564201026926
2019-10-15 09:57:00,-0.03557911577269124
2019-10-15 10:00:00,-0.023635101371212386
2019-10-15 10:03:00,-0.06474504163821848
2019-10-15 10:06:00,-0.04087725787786667
2019-10-15 10:09:00,-0.03384470417654484
2019-10-15 10:12:00,-0.08273833248381379
2019-10-15 10:15:00,-0.16564963853016934
2019-10-15 10:18:00,-0.12558892098087426
2019-10-15 10:21:00,0.02552490481411951
2019-10-15 10:24:00,-0.041788719957253306
2019-10-15 10:27:00,-0.107524637881113
2019-10-15 10:30:00,-0.11300315567672214
2019-10-15 10:33:00,-0.058188074900954234
2019-10-15 10:36:00,-0.07283522449199609
2019-10-15 10:39:00,-0.10265002946482582
2019-10-15 10:42:00,-0.12204656749383958
2019-10-15 10:45:00,-0.1715337754428674
2019-10-15 10:48:00,-0.11351866888179529
2019-10-15 10:51:00,-0.07701654774194822
2019-10-15 10:54:00,-0.15357331593270374
2019-10-15 10:57:00,-0.08368505723530006
2019-10-15 11:00:00,-0.17769199000611025
2019-10-15 11:03:00,-0.11592648402182704
2019-10-15 11:06:00,-0.1748399963927909
2019-10-15 11:09:00,-0.10844358619004879
2019-10-15 11:12:00,-0.16501758219772
2019-10-15 11:15:00,-0.2211022191879124
2019-10-15 11:18:00,-0.1632582481171312
2019-10-15 11:21:00,-0.2054129888384182
2019-10-15 11:24:00,-0.34507937838782254
2019-10-15 11:27:00,-0.24528447353515048
2019-10-15 11:30:00,-0.30018653205507917
2019-10-15 11:33:00,-0.10890689596612901
2019-10-15 11:36:00,-0.14771429153739746
2019-10-15 11:39:00,-0.2084023418008769
2019-10-15 11:42:00,-0.1604265059676777
2019-10-15 11:45:00,-0.19541135420888622
2019-10-15 11:48:00,-0.23043318552788605
2019-10-15 11:51:00,-0.2526380559461927
2019-10-15 11:54:00,-0.19419700228957026
2019-10-15 11:57:00,-0.2305952328029548
2019-10-15 12:00:00,-0.22257581570409002
2019-10-15 12:03:00,-0.324312604971567
2019-10-15 12:06:00,-0.2580339077197209
2019-10-15 12:09:00,-0.2266401622326839
2019-10-15 12:12:00,-0.26600131950760897
2019-10-15 12:15:00,-0.17623045396260295
2019-10-15 12:18:00,-0.12750509371937824
2019-10-15 12:21:00,-0.24396575038156243
2019-10-15 12:24:00,-0.22944231529839954
2019-10-15 12:27:00,-0.11158548802734458
2019-10-15 12:30:00,-0.19020324926367493
2019-10-15 12:33:00,-0.24447867278161084
2019-10-15 12:36:00,-0.22959089156677237
2019-10-15 12:39:00,-0.22221899259812972
2019-10-15 12:42:00,-0.21134864493831174
2019-10-15 12:45:00,-0.28588515110357093
2019-10-15 12:48:00,-0.22605005859543326
2019-10-15 12:51:00,-0.25024690988470866
2019-10-15 12:54:00,-0.2066543472735134
2019-10-15 12:57:00,-0.2537827665748864
2019-10-15 13:00:00,-0.2608735701728051
2019-10-15 13:03:00,-0.3386315198833927
2019-10-15 13:06:00,-0.24298916987538632
2019-10-15 13:09:00,-0.28300364208246265
2019-10-15 13:12:00,-0.3537342202482705
2019-10-15 13:15:00,-0.26754977426350024
2019-10-15 13:18:00,-0.2483033941077224
2019-10-15 13:21:00,-0.24813639254381314
2019-10-15 13:24:00,-0.3569418694547153
2019-10-15 13:27:00,-0.24762450429216187
2019-10-15 13:30:00,-0.39353607456791906
2019-10-15 13:33:00,-0.2699744804126567
2019-10-15 13:36:00,-0.31491235903700954
2019-10-15 13:39:00,-0.12214430171178492
2019-10-15 13:42:00,-0.16866027132988393
2019-10-15 13:45:00,-0.34307607934846374
2019-10-15 13:48:00,-0.3288868655469628
2019-10-15 13:51:00,-0.2909063460940047
2019-10-15 13:54:00,-0.18992353656852856
2019-10-15 13:57:00,-0.32442759157618184
2019-10-15 14:00:00,-0.23894372288515342
2019-10-15 14:03:00,-0.19768882581058733
2019-10-15 14:06:00,-0.2178675378457342
2019-10-15 14:09:00,-0.3827406373778217
2019-10-15 14:12:00,-0.21115855390638671
2019-10-15 14:15:00,-0.24882492885478769
2019-10-15 14:18:00,-0.20370491674361801
2019-10-15 14:21:00,-0.22879380689653317
2019-10-15 14:24:00,-0.33039390924210466
2019-10-15 14:27:00,-0.39158137745215527
2019-10-15 14:30:00,-0.25688039693631026
2019-10-15 14:33:00,-0.2838589098539046
2019-10-15 14:36:00,-0.19032825506394602
2019-10-15 14:39:00,-0.2562414053462021
2019-10-15 14:42:00,-0.22167102435867037
2019-10-15 14:45:00,-0.24991946602079906
2019-10-15 14:48:00,-0.17180489678793265
2019-10-15 14:51:00,-0.15057231739558574
2019-10-15 14:54:00,-0.32713720919582556
2019-10-15 14:57:00,-0.33523135568663065
2019-10-15 15:00:00,-0.35600176283202245
2019-10-15 15:03:00,-0.3255159202773825
2019-10-15 15:06:00,-0.3483028197975955
2019-10-15 15:09:00,-0.291171016938506
2019-10-15 15:12:00,-0.4151911496661569
2019-10-15 15:15:00,-0.2638246045403321
2019-10-15 15:18:00,-0.18741848664507188
2019-10-15 15:21:00,-0.32839224962435765
2019-10-15 15:24:00,-0.21488557020398957
2019-10-15 15:27:00,-0.3264708419176259
2019-10-15 15:30:00,-0.22090710396003033
2019-10-15 15:33:00,-0.17472515461071225
2019-10-15 15:36:00,-0.23833326220989193
2019-10-15 15:39:00,-0.22524520555947447
2019-10-15 15:42:00,-0.2720627915696241
2019-10-15 15:45:00,-0.2698172583183691
2019-10-15 15:48:00,-0.25988905700228315
2019-10-15 15:51:00,-0.277934769900412
2019-10-15 15:54:00,-0.28292508828411655
2019-10-15 15:57:00,-0.21585871350174557
2019-10-15 16:00:00,-0.2837771740830135
2019-10-15 16:03:00,-0.3095710432418173
2019-10-15 16:06:00,-0.25048087500249494
2019-10-15 16:09:00,-0.3949967253757336
2019-10-15 16:12:00,-0.25585247755572027
2019-10-15 16:15:00,-0.21344906777073902
2019-10-15 16:18:00,-0.2757024232961953
2019-10-15 16:21:00,-0.3628095989514577
2019-10-15 16:24:00,-0.24767718126508953
2019-10-15 16:27:00,-0.25712987392296327
2019-10-15 16:30:00,-0.24962643493785208
2019-10-15 16:33:00,-0.35084685713241015
2019-10-15 16:36:00,-0.3500832418686173
2019-10-15 16:39:00,-0.2927288771490453
2019-10-15 16:42:00,-0.23015587011985872
2019-10-15 16:45:00,-0.2598621125870295
2019-10-15 16:48:00,-0.23954239053659876
2019-10-15 16:51:00,-0.2878083674780214
2019-10-15 16:54:00,-0.2137294588410441
2019-10-15 16:57:00,-0.1526538934217001
2019-10-15 17:00:00,-0.23718752387162567
2019-10-15 17:03:00,-0.2229739732229632
2019-10-15 17:06:00,-0.21491480150365305
2019-10-15 17:09:00,-0.15716902077929262
2019-10-15 17:12:00,-0.2562048525858245
2019-10-15 17:15:00,-0.2616719285269369
2019-10-15 17:18:00,-0.17280067892085071
2019-10-15 17:21:00,-0.21254134445695172
2019-10-15 17:24:00,-0.33492104054118954
2019-10-15 17:27:00,-0.21875176513759698
2019-10-15 17:30:00,-0.21728329906784438
2019-10-15 17:33:00,-0.16653143931836212
2019-10-15 17:36:00,-0.27798132097029793
2019-10-15 17:39:00,-0.1553726794141994
2019-10-15 17:42:00,-0.1538321138820038
2019-10-15 17:45:00,-0.14815641492123177
2019-10-15 17:48:00,-0.11741210835879201
2019-10-15 17:51:00,-0.1284042797959728
2019-10-15 17:54:00,-0.06377918656932025
2019-10-15 17:57:00,-0.16662108555129862
2019-10-15 18:00:00,-0.07551029619054361
2019-10-15 18:03:00,-0.04478303207275758
2019-10-15 18:06:00,-0.10335091362389903
2019-10-15 18:09:00,0.00682186333494883
2019-10-15 18:12:00,-0.024324528494389597
2019-10-15 18:15:00,0.007056821118453627
2019-10-15 18:18:00,-0.05537220506130325
2019-10-15 18:21:00,-0.07268656653246808
2019-10-15 18:24:00,-0.06625835523874457
2019-10-15 18:27:00,-0.11015296014574005
2019-10-15 18:30:00,-0.06880364889599377
2019-10-15 18:33:00,-0.017031951577337168
2019-10-15 18:36:00,-0.02324844367200285
2019-10-15 18:39:00,-0.0723329607860137
2019-10-15 18:42:00,-0.012759082269440114
2019-10-15 18:45:00,-0.08681919955137118
2019-10-15 18:48:00,-0.03004840017575816
2019-10-15 18:51:00,-0.03830351758256256
2019-10-15 18:54:00,
2019-10-15 18:57:00,
2019-10-15 19:00:00,
2019-10-15 19:03:00,-0.0757171053470529
2019-10-15 19:06:00,0.013031452833217827
2019-10-15 19:09:00,0.03793157939168168
2019-10-15 19:12:00,0.1047117553336534
2019-10-15 19:15:00,0.016693325627329614
2019-10-15 19:18:00,-0.08585541098364047
2019-10-15 19:21:00,0.07881895656748839
2019-10-15 19:24:00,0.11498407923687637
2019-10-15 19:27:00,0.1706663743315744
2019-10-15 19:30:00,0.23451855558874968
2019-10-15 19:33:00,0.22903589893644494
2019-10-15 19:36:00,0.1568126649799524
2019-10-15 19:39:00,0.1530775531483073
2019-10-15 19:42:00,0.08149897820987917
2019-10-15 19:45:00,0.02721252509951455
2019-10-15 19:48:00,0.02006921592260369
2019-10-15 19:51:00,0.03752610189212646
2019-10-15 19:54:00,0.07100983900329538
2019-10-15 19:57:00,0.02690075086059096
2019-10-15 20:00:00,0.16839980225722684
2019-10-15 20:03:00,0.10842059114810354
2019-10-15 20:06:00,0.17450386358763126
2019-10-15 20:09:00,0.30297729693904785
2019-10-15 20:12:00,0.4124177870534709
2019-10-15 20:15:00,0.48745106269996086
2019-10-15 20:18:00,0.29870025135556943
2019-10-15 20:21:00,0.29206238666137097
2019-10-15 20:24:00,0.1596649665830796
2019-10-15 20:27:00,0.20566150885616707
2019-10-15 20:30:00,0.20613388288541046
2019-10-15 20:33:00,0.4771680270309844
2019-10-15 20:36:00,0.45640419302031887
2019-10-15 20:39:00,0.5730670459890916
2019-10-15 20:42:00,0.486702155955129
2019-10-15 20:45:00,0.39740358381408214
2019-10-15 20:48:00,0.31116065545268157
2019-10-15 20:51:00,0.20794700276650246
2019-10-15 20:54:00,0.12830647417666796
2019-10-15 20:57:00,0.23661052677726957
2019-10-15 21:00:00,0.25839334110406753
2019-10-15 21:03:00,0.21045014222033842
2019-10-15 21:06:00,0.2821783373868243
2019-10-15 21:09:00,0.24509959487090782
2019-10-15 21:12:00,0.23094214219725018
2019-10-15 21:15:00,0.152750406870382
2019-10-15 21:18:00,0.16351973164495348
2019-10-15 21:21:00,0.17460036400404988
2019-10-15 21:24:00,0.1194852228359764
2019-10-15 21:27:00,0.12562827567734303
2019-10-15 21:30:00,0.09447963335026088
2019-10-15 21:33:00,0.08001097711712646
2019-10-15 21:36:00,0.1125629324474744
2019-10-15 21:39:00,0.1414270007715004
2019-10-15 21:42:00,0.10324162023010786
2019-10-15 21:45:00,0.1351683489607467
2019-10-15 21:48:00,0.04235326741923018
2019-10-15 21:51:00,-0.05553336406649123
2019-10-15 21:54:00,0.02856731312192551
2019-10-15 21:57:00,0.1557136951631719
2019-10-15 22:00:00,0.07179954413169298
2019-10-15 22:03:00,0.04173846874766696
2019-10-15 22:06:00,0.10510883311002317
2019-10-15 22:09:00,0.18976955103215687
2019-10-15 22:12:00,0.06078331590686048
2019-10-15 22:15:00,0.18981904303780084
2019-10-15 22:18:00,0.18026722145242502
2019-10-15 22:21:00,0.13598954524434248
2019-10-15 22:24:00,0.13108672775246077
2019-10-15 22:27:00,0.16433446771867466
2019-10-15 22:30:00,0.10069213450157122
2019-10-15 22:33:00,0.12893761154845151
2019-10-15 22:36:00,0.1510935423628439
2019-10-15 22:39:00,0.13904628475660274
2019-10-15 22:42:00,0.18979108581123683
2019-10-15 22:45:00,0.24822305082471985
2019-10-15 22:48:00,0.15205360796670675
2019-10-15 22:51:00,0.13857459678968098
2019-10-15 22:54:00,0.18595012643100972
2019-10-15 22:57:00,0.17261395288829817
2019-10-15 23:00:00,0.13487762944771475
2019-10-15 23:03:00,0.06456003172593228
2019-10-15 23:06:00,0.10053838444696339
2019-10-15 23:09:00,0.12322634785499531
2019-10-15 23:12:00,0.161680737326094
2019-10-15 23:15:00,0.1291959632278008
2019-10-15 23:18:00,0.14707180006593035
2019-10-15 23:21:00,0.16049395150980672
2019-10-15 23:24:00,0.2013059411360132
2019-10-15 23:27:00,0.15367518967275373
2019-10-15 23:30:00,0.27024468807854873
2019-10-15 23:33:00,0.16783859453920513
2019-10-15 23:36:00,0.14958989515110943
2019-10-15 23:39:00,0.19045149162508324
2019-10-15 23:42:00,0.22984763926427831
2019-10-15 23:45:00,0.24865346255000986
2019-10-15 23:48:00,0.275939803619508
2019-10-15 23:51:00,0.12020853198822579
2019-10-15 23:54:00,0.14998442151613744
2019-10-15 23:57:00,0.23576100513514575
2019-10-16 00:00:00,0.09694103615669292
2019-10-16 00:03:00,0.133741842470954
2019-10-16 00:06:00,0.21830150041967045
2019-10-16 00:09:00,0.21246996237653093
2019-10-16 00:12:00,0.16193223133245738
2019-10-16 00:15:00,0.16072179044857648
2019-10-16 00:18:00,0.2902515153012928
2019-10-16 00:21:00,0.17042102916497015
2019-10-16 00:24:00,0.24096201382491245
2019-10-16 00:27:00,0.15282973608640305
2019-10-16 00:30:00,0.10881336323751611
2019-10-16 00:33:00,0.08185899457191681
2019-10-16 00:36:00,0.1157647210553705
2019-10-16 00:39:00,0.18362115730434425
2019-10-16 00:42:00,0.1358492272300964
2019-10-16 00:45:00,0.08460812930456996
2019-10-16 00:48:00,0.10115340171478238
2019-10-16 00:51:00,0.1450427737067912
2019-10-16 00:54:00,0.05959446313909211
2019-10-16 00:57:00,0.07893266442397362
2019-10-16 01:00:00,0.02737994198554361
2019-10-16 01:03:00,0.08584785996561095
2019-10-16 01:06:00,0.11997776579841002
2019-10-16 01:09:00,0.1843536597426123
2019-10-16 01:12:00,0.102438941062303
2019-10-16 01:15:00,0.1958077779399332
2019-10-16 01:18:00,0.07861244140150347
2019-10-16 01:21:00,0.027920847368363866
2019-10-16 01:24:00,0.08619023366583178
2019-10-16 01:27:00,0.1572658043262436
2019-10-16 01:30:00,0.052321319752422824
2019-10-16 01:33:00,0.07960209198409984
2019-10-16 01:36:00,0.08811378463553865
2019-10-16 01:39:00,0.12956968285567427
2019-10-16 01:42:00,-0.005618067038597019
2019-10-16 01:45:00,0.10594100860481603
2019-10-16 01:48:00,0.07210255433386692
2019-10-16 01:51:00,0.08396982196836689
2019-10-16 01:54:00,0.10887123088622275
2019-10-16 01:57:00,0.11545430144497004
2019-10-16 02:00:00,0.20416215117290903
2019-10-16 02:03:00,0.11993219220823903
2019-10-16 02:06:00,0.15016869078453965
2019-10-16 02:09:00,0.14592771223794898
2019-10-16 02:12:00,0.26516026969983386
2019-10-16 02:15:00,0.06522584351637306
2019-10-16 02:18:00,0.15158720682575222
2019-10-16 02:21:00,0.07644015655546355
2019-10-16 02:24:00,0.01501137837880151
2019-10-16 02:27:00,0.10006034679179265
2019-10-16 02:30:00,0.11023600737189554
2019-10-16 02:33:00,0.13652345665013854
2019-10-16 02:36:00,0.12554669059079515
2019-10-16 02:39:00,0.08678835876168023
2019-10-16 02:42:00,0.12290694836019611
2019-10-16 02:45:00,0.08224730546885439
2019-10-16 02:48:00,0.08435651318984583
2019-10-16 02:51:00,0.04752787711828432
2019-10-16 02:54:00,0.13460430448645866
2019-10-16 02:57:00,0.18145221934753408
2019-10-16 03:00:00,0.09049462012842469
2019-10-16 03:03:00,0.16086953265238435
2019-10-16 03:06:00,0.12549388880478318
2019-10-16 03:09:00,0.10199298345384022
2019-10-16 03:12:00,0.12027706820117601
2019-10-16 03:15:00,0.10052314191119649
2019-10-16 03:18:00,0.23096719224253093
2019-10-16 03:21:00,0.21471141052751364
2019-10-16 03:24:00,0.13910729036723524
2019-10-16 03:27:00,0.05807975024981715
2019-10-16 03:30:00,0.1583565036982577
2019-10-16 03:33:00,0.1315237262843425
2019-10-16 03:36:00,0.15449730566052722
2019-10-16 03:39:00,0.18909220005372163
2019-10-16 03:42:00,0.15350544233007213
2019-10-16 03:45:00,0.017517225760343536
2019-10-16 03:48:00,0.2780083817618788
2019-10-16 03:51:00,0.12660561020993555
2019-10-16 03:54:00,0.14202305982087182
2019-10-16 03:57:00,0.1397959844076695
2019-10-16 04:00:00,0.1345642401446412
2019-10-16 04:03:00,0.1449764632016013
2019-10-16 04:06:00,0.30958269398161065
2019-10-16 04:09:00,0.14258212066596343
2019-10-16 04:12:00,0.15722905151176292
2019-10-16 04:15:00,0.18647184753081092
2019-10-16 04:18:00,0.20389179750537778
2019-10-16 04:21:00,0.15651398678539863
2019-10-16 04:24:00,0.18135612039333182
2019-10-16 04:27:00,0.1884706498371429
2019-10-16 04:30:00,0.16269238149823195
2019-10-16 04:33:00,0.18521572421093424
2019-10-16 04:36:00,0.10416283110043878
2019-10-16 04:39:00,0.11387393485750863
2019-10-16 04:42:00,0.17840585915058682
2019-10-16 04:45:00,0.1468778726458595
2019-10-16 04:48:00,0.19101215751635436
2019-10-16 04:51:00,0.22716333135377909
2019-10-16 04:54:00,0.2161231160010857
2019-10-16 04:57:00,0.20461594830999275
2019-10-16 05:00:00,0.2603133865848122
2019-10-16 05:03:00,0.1345764261709519
2019-10-16 05:06:00,0.21182875477069274
2019-10-16 05:09:00,0.14278501240056585
2019-10-16 05:12:00,0.1381636328732725
2019-10-16 05:15:00,0.18278075054570309
2019-10-16 05:18:00,0.0991587481219085
2019-10-16 05:21:00,0.20325954720260597
2019-10-16 05:24:00,0.15681211319082422
2019-10-16 05:27:00,0.14531050578119675
2019-10-16 05:30:00,0.1544003655607753
2019-10-16 05:33:00,0.20154211738002914
2019-10-16 05:36:00,0.16516484920174435
2019-10-16 05:39:00,0.27227768265254326
2019-10-16 05:42:00,0.2388929853465811
2019-10-16 05:45:00,0.21511349536245916
2019-10-16 05:48:00,0.2015364054437896
2019-10-16 05:51:00,0.11743424817086634
2019-10-16 05:54:00,0.20829041217115218
2019-10-16 05:57:00,0.24413230106893025
2019-10-16 06:00:00,0.3395665445244731
2019-10-16 06:03:00,0.3310092062788499
2019-10-16 06:06:00,0.2879538533160826
2019-10-16 06:09:00,0.2310695093029267
2019-10-16 06:12:00,0.21348501409056553
2019-10-16 06:15:00,0.25734295979640365
2019-10-16 06:18:00,0.25076031036326185
2019-10-16 06:21:00,0.27347839998395784
2019-10-16 06:24:00,0.23674856146163847
2019-10-16 06:27:00,0.2203920927801164
2019-10-16 06:30:00,0.2150769186744128
2019-10-16 06:33:00,0.16757773344852467
2019-10-16 06:36:00,0.20004212747829797
2019-10-16 06:39:00,0.2615005831751773
2019-10-16 06:42:00,0.26264638147603137
2019-10-16 06:45:00,0.271700448559443
2019-10-16 06:48:00,0.21810410767056965
2019-10-16 06:51:00,0.20909274639166142
2019-10-16 06:54:00,0.2669035285169912
2019-10-16 06:57:00,0.3834202431925178
2019-10-16 07:00:00,0.19360198786858973
2019-10-16 07:03:00,0.1825730973375812
2019-10-16 07:06:00,0.35407618324597934
2019-10-16 07:09:00,0.29414498677056145
2019-10-16 07:12:00,0.29711116664623205
2019-10-16 07:15:00,0.2985988939150275
2019-10-16 07:18:00,0.34546456409799475
2019-10-16 07:21:00,0.29988761103578554
2019-10-16 07:24:00,0.3969150784515705
2019-10-16 07:27:00,0.24370108512300703
2019-10-16 07:30:00,0.37503224359886644
2019-10-16 07:33:00,0.359281071550015
2019-10-16 07:36:00,0.2986271685551287
2019-10-16 07:39:00,0.3620214233934007
2019-10-16 07:42:00,0.298475960207611
2019-10-16 07:45:00,0.3262123868059348
2019-10-16 07:48:00,0.33670397731884805
2019-10-16 07:51:00,0.26497997390481487
2019-10-16 07:54:00,0.1773388804122078
2019-10-16 07:57:00,0.31002618897383627
2019-10-16 08:00:00,0.22091401265345212
2019-10-16 08:03:00,0.3294829094809302
2019-10-16 08:06:00,0.20405776615831428
2019-10-16 08:09:00,0.30631071107200114
2019-10-16 08:12:00,0.31515083727293813
2019-10-16 08:15:00,0.39696006724398103
2019-10-16 08:18:00,0.3303207543857525
2019-10-16 08:21:00,0.337723166316664
2019-10-16 08:24:00,0.3672722899680707
2019-10-16 08:27:00,0.2990006066552837
2019-10-16 08:30:00,0.32214368602075183
2019-10-16 08:33:00,0.31293667829578453
2019-10-16 08:36:00,0.2559338212215607
2019-10-16 08:39:00,0.24417252356255403
2019-10-16 08:42:00,0.24127302906543946
2019-10-16 08:45:00,0.25539806199822124
2019-10-16 08:48:00,0.16015403077960855
2019-10-16 08:51:00,0.1884426272903852
2019-10-16 08:54:00,0.15325462717908067
2019-10-16 08:57:00,0.18186030226200955
2019-10-16 09:00:00,0.3387078271538826
2019-10-16 09:03:00,0.07859519652225799
2019-10-16 09:06:00,0.2768995990302301
2019-10-16 09:09:00,0.2282947283234762
2019-10-16 09:12:00,0.11824945599471448
2019-10-16 09:15:00,0.2591181515915082
2019-10-16 09:18:00,0.21569257142988363
2019-10-16 09:21:00,0.1396941082240346
2019-10-16 09:24:00,0.13719254831761418
2019-10-16 09:27:00,0.05578814442588964
2019-10-16 09:30:00,0.10903575155185763
2019-10-16 09:33:00,0.007728104224383969
2019-10-16 09:36:00,-0.02810154439703183
2019-10-16 09:39:00,-0.01728365927942832
2019-10-16 09:42:00,-0.008921512775714291
2019-10-16 09:45:00,0.014854488018045231
2019-10-16 09:48:00,0.0018779100852839292
2019-10-16 09:51:00,0.06330993774110993
2019-10-16 09:54:00,0.016629008228733255
2019-10-16 09:57:00,-0.007589553113632519
2019-10-16 10:00:00,-0.08304068250305363
2019-10-16 10:03:00,-0.03193088635799768
2019-10-16 10:06:00,-0.11418632253116812
2019-10-16 10:09:00,-0.005367029383194222
2019-10-16 10:12:00,-0.06637893278281126
2019-10-16 10:15:00,-0.03390804128247282
2019-10-16 10:18:00,-0.1968284815404786
2019-10-16 10:21:00,-0.15049023665022787
2019-10-16 10:24:00,-0.13679199719473445
2019-10-16 10:27:00,-0.04704780371258721
2019-10-16 10:30:00,-0.1896549728119794
2019-10-16 10:33:00,-0.24603258406739315
2019-10-16 10:36:00,-0.30193467372743044
2019-10-16 10:39:00,-0.017559579928047242
2019-10-16 10:42:00,-0.07010652956410013
2019-10-16 10:45:00,-0.13677977053220047
2019-10-16 10:48:00,-0.0800725737464063
2019-10-16 10:51:00,-0.07033957861631279
2019-10-16 10:54:00,-0.20114891623364883
2019-10-16 10:57:00,-0.12348312513046267
2019-10-16 11:00:00,-0.20387041521308902
2019-10-16 11:03:00,-0.15410569439706023
2019-10-16 11:06:00,-0.164094290198193
2019-10-16 11:09:00,-0.11329058639819323
2019-10-16 11:12:00,-0.20531773049941648
2019-10-16 11:15:00,-0.19303392130484553
2019-10-16 11:18:00,-0.14631109799898923
2019-10-16 11:21:00,-0.17239541847425244
2019-10-16 11:24:00,-0.21401190103352974
2019-10-16 11:27:00,-0.1740296454022996
2019-10-16 11:30:00,0.0031330921804624268
2019-10-16 11:33:00,-0.1718610470794033
2019-10-16 11:36:00,-0.1686250606396129
2019-10-16 11:39:00,-0.13976639997770235
2019-10-16 11:42:00,-0.19825101259908706
2019-10-16 11:45:00,-0.1264301513132864
2019-10-16 11:48:00,-0.004730438011733895
2019-10-16 11:51:00,0.04440696905083996
2019-10-16 11:54:00,0.06437563184039163
2019-10-16 11:57:00,-0.08340329653697154
2019-10-16 12:00:00,-0.09601523355684094
2019-10-16 12:03:00,-0.033473648823530766
2019-10-16 12:06:00,-3.1687739181052166e-05
2019-10-16 12:09:00,-0.10624449239611522
2019-10-16 12:12:00,-0.06484324480868509
2019-10-16 12:15:00,0.011938625012192006
2019-10-16 12:18:00,-0.06134458717707503
2019-10-16 12:21:00,-0.0002927254416249525
2019-10-16 12:24:00,0.014374646319140538
2019-10-16 12:27:00,-0.0768988141624618
2019-10-16 12:30:00,-0.0729887296838001
2019-10-16 12:33:00,-0.0686802521004779
2019-10-16 12:36:00,-0.2066478825571494
2019-10-16 12:39:00,-0.20690673540883608
2019-10-16 12:42:00,-0.21689570427503213
2019-10-16 12:45:00,-0.1993728126231531
2019-10-16 12:48:00,-0.12010357155224938
2019-10-16 12:51:00,-0.08361211015431991
2019-10-16 12:54:00,-0.21319057862285717
2019-10-16 12:57:00,-0.22574181469082077
2019-10-16 13:00:00,-0.18637195925106198
2019-10-16 13:03:00,-0.14534796289802898
2019-10-16 13:06:00,-0.16872400116233166
2019-10-16 13:09:00,-0.2560647071886706
2019-10-16 13:12:00,-0.2394739122013334
2019-10-16 13:15:00,-0.32845103176873636
2019-10-16 13:18:00,-0.09624228738317697
2019-10-16 13:21:00,-0.1388475882528155
2019-10-16 13:24:00,-0.02097159076100752
2019-10-16 13:27:00,-0.01626654689039242
2019-10-16 13:30:00,-0.15796152731837765
2019-10-16 13:33:00,-0.018815739966782985
2019-10-16 13:36:00,-0.060249248697459734
2019-10-16 13:39:00,-0.09336694732957085
2019-10-16 13:42:00,-0.1693682776416381
2019-10-16 13:45:00,-0.16520727821421133
2019-10-16 13:48:00,0.027369187028114084
2019-10-16 13:51:00,0.044667857290107804
2019-10-16 13:54:00,0.01397501079736685
2019-10-16 13:57:00,-0.11079057420482741
2019-10-16 14:00:00,0.06700884605334068
2019-10-16 14:03:00,0.005389805610036547
2019-10-16 14:06:00,-0.04771125910701812
2019-10-16 14:09:00,-0.006461862350761294
2019-10-16 14:12:00,-0.09141067201005626
2019-10-16 14:15:00,0.0008173284047074958
2019-10-16 14:18:00,0.022150656617668574
2019-10-16 14:21:00,0.11149134236859481
2019-10-16 14:24:00,0.18937775097521126
2019-10-16 14:27:00,0.19529240032284179
2019-10-16 14:30:00,0.022113207698282622
2019-10-16 14:33:00,0.012384909443312608
2019-10-16 14:36:00,0.09482409458547636
2019-10-16 14:39:00,0.08862712122129324
2019-10-16 14:42:00,0.07174566335788768
2019-10-16 14:45:00,0.12982873072388657
2019-10-16 14:48:00,-0.015970347971290266
2019-10-16 14:51:00,-0.14576032542947814
2019-10-16 14:54:00,-0.06995762140547868
2019-10-16 14:57:00,0.015677583961689834
2019-10-16 15:00:00,0.014787596499843403
2019-10-16 15:03:00,-0.11922737658011329
2019-10-16 15:06:00,-0.16403528117001542
2019-10-16 15:09:00,0.07906337618823045
2019-10-16 15:12:00,0.11011262511931363
2019-10-16 15:15:00,0.11932215669486368
2019-10-16 15:18:00,-0.029686652466295982
2019-10-16 15:21:00,0.07567335364291239
2019-10-16 15:24:00,0.09694038303558727
2019-10-16 15:27:00,0.10633648961402287
2019-10-16 15:30:00,0.04488181306118122
2019-10-16 15:33:00,-0.06541787640674102
2019-10-16 15:36:00,-0.04307648290915722
2019-10-16 15:39:00,-0.026557274656852314
2019-10-16 15:42:00,-0.07628998903265938
2019-10-16 15:45:00,-0.19585202787129674
2019-10-16 15:48:00,-0.12962430448197892
2019-10-16 15:51:00,-0.0823442212006853
2019-10-16 15:54:00,-0.03118042189805692
2019-10-16 15:57:00,-0.0794003543933286
2019-10-16 16:00:00,-0.12282825695263
2019-10-16 16:03:00,-0.08307979301702062
2019-10-16 16:06:00,-0.13497143023579383
2019-10-16 16:09:00,-0.18032599487020207
2019-10-16 16:12:00,-0.1460568529943771
2019-10-16 16:15:00,-0.127077552636365
2019-10-16 16:18:00,-0.1003030888084595
2019-10-16 16:21:00,-0.08487165660744722
2019-10-16 16:24:00,-0.11526753801251743
2019-10-16 16:27:00,-0.06056170170080577
2019-10-16 16:30:00,-0.04117467724205426
2019-10-16 16:33:00,-0.08643894697746646
2019-10-16 16:36:00,-0.09359734900647254
2019-10-16 16:39:00,-0.032683925264223035
2019-10-16 16:42:00,-0.014306862926218855
2019-10-16 16:45:00,0.00893723138904079
2019-10-16 16:48:00,0.09087849337777243
2019-10-16 16:51:00,0.0037767013410530126
2019-10-16 16:54:00,0.05959088090031628
2019-10-16 16:57:00,0.02419347791800419
2019-10-16 17:00:00,-0.044195547908429944
2019-10-16 17:03:00,0.010480402641405817
2019-10-16 17:06:00,0.12502544040745533
2019-10-16 17:09:00,0.04543484385629881
2019-10-16 17:12:00,0.05801592360938912
2019-10-16 17:15:00,0.07953503881731194
2019-10-16 17:18:00,0.1113499883475697
2019-10-16 17:21:00,0.1252491389652164
2019-10-16 17:24:00,0.023032090298386265
2019-10-16 17:27:00,0.10624068832862577
2019-10-16 17:30:00,0.00012912844442780624
2019-10-16 17:33:00,-0.027165865372353437
2019-10-16 17:36:00,0.047930070223060284
2019-10-16 17:39:00,0.05583752470369063
2019-10-16 17:42:00,-0.0005833905563008557
2019-10-16 17:45:00,0.04482815403753193
2019-10-16 17:48:00,0.1920164320999902
2019-10-16 17:51:00,0.11964836372322907
2019-10-16 17:54:00,0.07981881220683817
2019-10-16 17:57:00,0.09504854425881604
2019-10-16 18:00:00,0.15644644024058607
2019-10-16 18:03:00,0.06970041562425422
2019-10-16 18:06:00,0.06854715629486918
2019-10-16 18:09:00,-0.008858435949207433
2019-10-16 18:12:00,0.11549370012465943
2019-10-16 18:15:00,0.12787733905923915
2019-10-16 18:18:00,0.06461267094715595
2019-10-16 18:21:00,0.15502157211034273
2019-10-16 18:24:00,-0.02387880276046417
2019-10-16 18:27:00,0.01845676230158233
2019-10-16 18:30:00,0.03683254504625211
2019-10-16 18:33:00,0.03443661887735061
2019-10-16 18:36:00,0.12691867286616798
2019-10-16 18:39:00,0.1238120112225829
2019-10-16 18:42:00,0.04197298270230476
2019-10-16 18:45:00,0.08128022120195055
2019-10-16 18:48:00,0.06174595284898032
2019-10-16 18:51:00,0.0590017197704924
2019-10-16 18:54:00,
2019-10-16 18:57:00,
2019-10-16 19:00:00,
2019-10-16 19:03:00,
2019-10-16 19:06:00,0.10618362390493985
2019-10-16 19:09:00,0.02470856759828166
2019-10-16 19:12:00,0.04705924276635187
2019-10-16 19:15:00,0.05245476407122851
2019-10-16 19:18:00,-0.017169077653647946
2019-10-16 19:21:00,0.06472830327550128
2019-10-16 19:24:00,0.06104554077137436
2019-10-16 19:27:00,0.09321347993153495
2019-10-16 19:30:00,0.004699778651342967
2019-10-16 19:33:00,0.0925175620831169
2019-10-16 19:36:00,0.1097819153305295
2019-10-16 19:39:00,0.0010333176608696704
2019-10-16 19:42:00,-0.06331143768528591
2019-10-16 19:45:00,0.04136736829985921
2019-10-16 19:48:00,-0.00786651117641668
2019-10-16 19:51:00,0.018300361909723506
2019-10-16 19:54:00,0.09509502478067589
2019-10-16 19:57:00,0.07671481059804819
2019-10-16 20:00:00,0.11191239261307828
2019-10-16 20:03:00,0.0578364372944975
2019-10-16 20:06:00,0.056406469017360905
2019-10-16 20:09:00,0.016054573636154146
2019-10-16 20:12:00,0.12415373549208653
2019-10-16 20:15:00,0.0753063549932449
2019-10-16 20:18:00,0.02431918507352293
2019-10-16 20:21:00,0.07325690854662525
2019-10-16 20:24:00,0.10552004826695338
2019-10-16 20:27:00,0.06920046535464053
2019-10-16 20:30:00,0.08596615956372489
2019-10-16 20:33:00,0.035023325937402205
2019-10-16 20:36:00,0.04719765668977516
2019-10-16 20:39:00,0.04313406240481754
2019-10-16 20:42:00,0.024305073034668112
2019-10-16 20:45:00,0.03689773904596905
2019-10-16 20:48:00,0.1225488281820617
2019-10-16 20:51:00,0.004771313496064522
2019-10-16 20:54:00,0.07256312052231806
2019-10-16 20:57:00,-0.019790328549333935
2019-10-16 21:00:00,0.011411272090811053
2019-10-16 21:03:00,0.07701365895979961
2019-10-16 21:06:00,0.01979005442643711
2019-10-16 21:09:00,-0.07257232596793983
2019-10-16 21:12:00,0.12297784408394818
2019-10-16 21:15:00,0.040798100395591064
2019-10-16 21:18:00,0.07806847713135312
2019-10-16 21:21:00,0.043908853694574645
2019-10-16 21:24:00,0.14265166378743288
2019-10-16 21:27:00,0.059781247614182575
2019-10-16 21:30:00,0.11857140851492431
2019-10-16 21:33:00,0.060944648729673645
2019-10-16 21:36:00,0.08026052050007593
2019-10-16 21:39:00,0.11537239492884055
2019-10-16 21:42:00,0.09399118661002603
2019-10-16 21:45:00,0.17336632395546303
2019-10-16 21:48:00,0.1476256901341344
2019-10-16 21:51:00,0.164136305985096
2019-10-16 21:54:00,0.21094750638945925
2019-10-16 21:57:00,0.10065586099977963
2019-10-16 22:00:00,0.15203573309634066
2019-10-16 22:03:00,0.15757951498397915
2019-10-16 22:06:00,0.10752585904225498
2019-10-16 22:09:00,0.15322204827788255
2019-10-16 22:12:00,0.07552973720885348
2019-10-16 22:15:00,0.20749774031702373
2019-10-16 22:18:00,0.24138466535885073
2019-10-16 22:21:00,0.15430852988953347
2019-10-16 22:24:00,0.16344862861183174
2019-10-16 22:27:00,0.3021329918906872
2019-10-16 22:30:00,0.19784457582534287
2019-10-16 22:33:00,0.17503640858188874
2019-10-16 22:36:00,0.18202702436229856
2019-10-16 22:39:00,0.29126482291405864
2019-10-16 22:42:00,0.1777113504101635
2019-10-16 22:45:00,0.22978673157473395
2019-10-16 22:48:00,0.25210398359507735
2019-10-16 22:51:00,0.23990213538678518
2019-10-16 22:54:00,0.2944634439902529
2019-10-16 22:57:00,0.2140350798348436
2019-10-16 23:00:00,0.184519467273617
2019-10-16 23:03:00,0.30277517101825424
2019-10-16 23:06:00,0.17895522771328842
2019-10-16 23:09:00,0.2771065747111834
2019-10-16 23:12:00,0.2718100591244479
2019-10-16 23:15:00,0.21078132320258192
2019-10-16 23:18:00,0.29356492548220103
2019-10-16 23:21:00,0.204383490063492
2019-10-16 23:24:00,0.18742516554510757
2019-10-16 23:27:00,0.16947885801135953
2019-10-16 23:30:00,0.2667189748840997
2019-10-16 23:33:00,0.24661051663395028
2019-10-16 23:36:00,0.3290903572081447
2019-10-16 23:39:00,0.38226007890546043
2019-10-16 23:42:00,0.46305266075893314
2019-10-16 23:45:00,0.3913220431973059
2019-10-16 23:48:00,0.4913581138328027
2019-10-16 23:51:00,0.3503080406581489
2019-10-16 23:54:00,0.37469551901506293
2019-10-16 23:57:00,0.3168249130648064
2019-10-17 00:00:00,0.2902215630854812
2019-10-17 00:03:00,0.40459612187822813
2019-10-17 00:06:00,0.32143315528475114
2019-10-17 00:09:00,0.3766955589365466
2019-10-17 00:12:00,0.39365016060611424
2019-10-17 00:15:00,0.41799899900064474
2019-10-17 00:18:00,0.3861228850927887
2019-10-17 00:21:00,0.4195380124355097
2019-10-17 00:24:00,0.4315647942573264
2019-10-17 00:27:00,0.39973993157616405
2019-10-17 00:30:00,0.43385425004970557
2019-10-17 00:33:00,0.4467147152651023
2019-10-17 00:36:00,0.44282263021818835
2019-10-17 00:39:00,0.4694628056456054
2019-10-17 00:42:00,0.47591984508551377
2019-10-17 00:45:00,0.4627678233562733
2019-10-17 00:48:00,0.44006789727615114
2019-10-17 00:51:00,0.4313498308912358
2019-10-17 00:54:00,0.39020764652775597
2019-10-17 00:57:00,0.4037413308785176
2019-10-17 01:00:00,0.4871248686590661
2019-10-17 01:03:00,0.3556811785988998
2019-10-17 01:06:00,0.4561399747796031
2019-10-17 01:09:00,0.25487037066483254
2019-10-17 01:12:00,0.3620397163146549
2019-10-17 01:15:00,0.35935815024043904
2019-10-17 01:18:00,0.3733324119923509
2019-10-17 01:21:00,0.43060505468872634
2019-10-17 01:24:00,0.42563499555529916
2019-10-17 01:27:00,0.37091087391507926
2019-10-17 01:30:00,0.3578931058375474
2019-10-17 01:33:00,0.26744510272942534
2019-10-17 01:36:00,0.35553924132756265
2019-10-17 01:39:00,0.35567535666018557
2019-10-17 01:42:00,0.33272542052151266
2019-10-17 01:45:00,0.2699670725249348
2019-10-17 01:48:00,0.25382678358903377
2019-10-17 01:51:00,0.36989870746526776
2019-10-17 01:54:00,0.24482995973403376
2019-10-17 01:57:00,0.21154587005827352
2019-10-17 02:00:00,0.2593556513173212
2019-10-17 02:03:00,0.15472581870187696
2019-10-17 02:06:00,0.2982942570525893
2019-10-17 02:09:00,0.28491466636035057
2019-10-17 02:12:00,0.26252569759395783
2019-10-17 02:15:00,0.2988571535246365
2019-10-17 02:18:00,0.3193229293676154
2019-10-17 02:21:00,0.26933525472236397
2019-10-17 02:24:00,0.3765993111410353
2019-10-17 02:27:00,0.32509231688550244
2019-10-17 02:30:00,0.3036129476384417
2019-10-17 02:33:00,0.3544019646839729
2019-10-17 02:36:00,0.37601845641222553
2019-10-17 02:39:00,0.428723929249486
2019-10-17 02:42:00,0.33064785621661485
2019-10-17 02:45:00,0.39081383472171183
2019-10-17 02:48:00,0.32778761480119556
2019-10-17 02:51:00,0.2633809701448513
2019-10-17 02:54:00,0.31508866878527897
2019-10-17 02:57:00,0.27618089539612356
2019-10-17 03:00:00,0.295803300934665
2019-10-17 03:03:00,0.2845738606804389
2019-10-17 03:06:00,0.3152857831307756
2019-10-17 03:09:00,0.3094180721582802
2019-10-17 03:12:00,0.357595417278219
2019-10-17 03:15:00,0.4312221829532632
2019-10-17 03:18:00,0.3760117596496002
2019-10-17 03:21:00,0.21353419557146935
2019-10-17 03:24:00,0.2150449442846707
2019-10-17 03:27:00,0.2578158041570191
2019-10-17 03:30:00,0.26351482985131724
2019-10-17 03:33:00,0.20810600210694474
2019-10-17 03:36:00,0.32153704563046404
2019-10-17 03:39:00,0.22708723303151146
2019-10-17 03:42:00,0.32558463904626933
2019-10-17 03:45:00,0.20727864485058944
2019-10-17 03:48:00,0.334689755659042
2019-10-17 03:51:00,0.3561919209679445
2019-10-17 03:54:00,0.39840440126499743
2019-10-17 03:57:00,0.30150517579210145
2019-10-17 04:00:00,0.30611248271543445
2019-10-17 04:03:00,0.3385861212515806
2019-10-17 04:06:00,0.46828133705434993
2019-10-17 04:09:00,0.3296415171969329
2019-10-17 04:12:00,0.4396258471334704
2019-10-17 04:15:00,0.39275336833372876
2019-10-17 04:18:00,0.3979724203946944
2019-10-17 04:21:00,0.4366041458403629
2019-10-17 04:24:00,0.48466368843497776
2019-10-17 04:27:00,0.4439376253643559
2019-10-17 04:30:00,0.2499928546983483
2019-10-17 04:33:00,0.4646124536491243
2019-10-17 04:36:00,0.35029766082669767
2019-10-17 04:39:00,0.3572416308910533
2019-10-17 04:42:00,0.42273294515189264
2019-10-17 04:45:00,0.4812310065400993
2019-10-17 04:48:00,0.4484017597322918
2019-10-17 04:51:00,0.43126776850073156
2019-10-17 04:54:00,0.3637601470500158
2019-10-17 04:57:00,0.4350279462369713
2019-10-17 05:00:00,0.5108427452205433
2019-10-17 05:03:00,0.4247702507052509
2019-10-17 05:06:00,0.4398035115779635
2019-10-17 05:09:00,0.43509459032668474
2019-10-17 05:12:00,0.49508648749389295
2019-10-17 05:15:00,0.46420987420611937
2019-10-17 05:18:00,0.6310554993357869
2019-10-17 05:21:00,0.542493040497277
2019-10-17 05:24:00,0.7024855162915173
2019-10-17 05:27:00,0.6795590482147986
2019-10-17 05:30:00,0.8332419915782339
2019-10-17 05:33:00,0.8650672216056137
2019-10-17 05:36:00,0.571401085033699
2019-10-17 05:39:00,0.4152457359937216
2019-10-17 05:42:00,0.5095622625291867
2019-10-17 05:45:00,0.49722816878681897
2019-10-17 05:48:00,0.5919658913098829
2019-10-17 05:51:00,0.5979759551175903
2019-10-17 05:54:00,0.6462980239949161
2019-10-17 05:57:00,0.7163989907256791
2019-10-17 06:00:00,0.6599769979611665
2019-10-17 06:03:00,0.6702388740246192
2019-10-17 06:06:00,0.5677026953896984
2019-10-17 06:09:00,0.6710389960949215
2019-10-17 06:12:00,0.6660821088436251
2019-10-17 06:15:00,0.5233298718314927
2019-10-17 06:18:00,0.5833763218352601
2019-10-17 06:21:00,0.5654359772649968
2019-10-17 06:24:00,0.4373338428945317
2019-10-17 06:27:00,0.3995694844151103
2019-10-17 06:30:00,0.36345468551292015
2019-10-17 06:33:00,0.36470075615892483
2019-10-17 06:36:00,0.2888552987004118
2019-10-17 06:39:00,0.4415811615994585
2019-10-17 06:42:00,0.4682148946753273
2019-10-17 06:45:00,0.46147075339075627
2019-10-17 06:48:00,0.41866414986992595
2019-10-17 06:51:00,0.47277729672686064
2019-10-17 06:54:00,0.46877032794759543
2019-10-17 06:57:00,0.5349546223537232
2019-10-17 07:00:00,0.534332089198756
2019-10-17 07:03:00,0.5720728474777843
2019-10-17 07:06:00,0.5410589388370113
2019-10-17 07:09:00,0.45881667082187505
2019-10-17 07:12:00,0.5044075946096314
2019-10-17 07:15:00,0.5480669626819008
2019-10-17 07:18:00,0.4477051480885166
2019-10-17 07:21:00,0.4390634331330716
2019-10-17 07:24:00,0.5407628364003472
2019-10-17 07:27:00,0.4598078861120598
2019-10-17 07:30:00,0.5187812517173143
2019-10-17 07:33:00,0.4573727515984274
2019-10-17 07:36:00,0.46371661181387935
2019-10-17 07:39:00,0.47056728001530246
2019-10-17 07:42:00,0.4240887119149761
2019-10-17 07:45:00,0.39100083958743426
2019-10-17 07:48:00,0.41210590677138725
2019-10-17 07:51:00,0.38977692904398964
2019-10-17 07:54:00,0.41290305801783234
2019-10-17 07:57:00,0.4634120887358222
2019-10-17 08:00:00,0.38636798896169466
2019-10-17 08:03:00,0.3465238134905917
2019-10-17 08:06:00,0.3426495685724831
2019-10-17 08:09:00,0.40850182014838765
2019-10-17 08:12:00,0.37727290808726366
2019-10-17 08:15:00,0.3259119883317112
2019-10-17 08:18:00,0.4056398885280714
2019-10-17 08:21:00,0.2534102668801097
2019-10-17 08:24:00,0.42872009441219916
2019-10-17 08:27:00,0.3396144883431589
2019-10-17 08:30:00,0.3581978328605828
2019-10-17 08:33:00,0.32727871441187517
2019-10-17 08:36:00,0.36050858109967976
2019-10-17 08:39:00,0.3254227077507039
2019-10-17 08:42:00,0.308858777117905
2019-10-17 08:45:00,0.17933679777496536
2019-10-17 08:48:00,0.2710289955534222
2019-10-17 08:51:00,0.2962811249950619
2019-10-17 08:54:00,0.4296603443381173
2019-10-17 08:57:00,0.4087026584623459
2019-10-17 09:00:00,0.3447177611141683
2019-10-17 09:03:00,0.42373115395571403
2019-10-17 09:06:00,0.3086450431420076
2019-10-17 09:09:00,0.28316907831475646
2019-10-17 09:12:00,0.24409158102088213
2019-10-17 09:15:00,0.2510812201373369
2019-10-17 09:18:00,0.15924393202595866
2019-10-17 09:21:00,0.252199814912899
2019-10-17 09:24:00,0.14276764713747525
2019-10-17 09:27:00,0.15729356865409727
2019-10-17 09:30:00,0.1680362050113331
2019-10-17 09:33:00,0.23617215080940923
2019-10-17 09:36:00,0.13231609909917097
2019-10-17 09:39:00,0.16306780755257932
2019-10-17 09:42:00,0.1433883480636382
2019-10-17 09:45:00,0.244591338374903
2019-10-17 09:48:00,0.09602789626569574
2019-10-17 09:51:00,0.09515808863312714
2019-10-17 09:54:00,0.05073351881526378
2019-10-17 09:57:00,0.0694947433206039
2019-10-17 10:00:00,0.060164492912804235
2019-10-17 10:03:00,0.13958326029541013
2019-10-17 10:06:00,0.1518978782074214
2019-10-17 10:09:00,0.0769718050943311
2019-10-17 10:12:00,0.013962784412569818
2019-10-17 10:15:00,0.07367190421433634
2019-10-17 10:18:00,0.06612117951436858
2019-10-17 10:21:00,0.027909842193651002
2019-10-17 10:24:00,0.06927959308097797
2019-10-17 10:27:00,0.08236863083885737
2019-10-17 10:30:00,0.11963542477707279
2019-10-17 10:33:00,-0.04504719305458593
2019-10-17 10:36:00,0.07019550378623762
2019-10-17 10:39:00,0.13476131940046798
2019-10-17 10:42:00,0.07967904225256461
2019-10-17 10:45:00,0.06227310138802977
2019-10-17 10:48:00,0.14423651675525662
2019-10-17 10:51:00,0.06570835173442902
2019-10-17 10:54:00,0.09469182501021578
2019-10-17 10:57:00,-0.09234422304467671
2019-10-17 11:00:00,-0.055549771517519275
2019-10-17 11:03:00,-0.022037293618495823
2019-10-17 11:06:00,-0.018331210236908646
2019-10-17 11:09:00,-0.032251977567284484
2019-10-17 11:12:00,0.0062997095641890155
2019-10-17 11:15:00,-0.07627480051706925
2019-10-17 11:18:00,-0.1511345874787935
2019-10-17 11:21:00,-0.17084034474584087
2019-10-17 11:24:00,-0.13613660862381494
2019-10-17 11:27:00,-0.15113980019214068
2019-10-17 11:30:00,-0.08979337167687618
2019-10-17 11:33:00,-0.0805543885983866
2019-10-17 11:36:00,-0.24976610218561746
2019-10-17 11:39:00,-0.20890359411185955
2019-10-17 11:42:00,-0.2061490520505913
2019-10-17 11:45:00,-0.18747401519055984
2019-10-17 11:48:00,-0.16842198407556452
2019-10-17 11:51:00,-0.23593985946320117
2019-10-17 11:54:00,-0.25927271164357535
2019-10-17 11:57:00,-0.21151294825136802
2019-10-17 12:00:00,-0.23815827865615802
2019-10-17 12:03:00,-0.20594153504640644
2019-10-17 12:06:00,-0.1339107205388359
2019-10-17 12:09:00,-0.28295934572344095
2019-10-17 12:12:00,-0.1596088463192018
2019-10-17 12:15:00,-0.2334218061030242
2019-10-17 12:18:00,-0.2792116060524563
2019-10-17 12:21:00,-0.2066096995421276
2019-10-17 12:24:00,-0.27082715679114244
2019-10-17 12:27:00,-0.17402824464272726
2019-10-17 12:30:00,-0.2405269815384372
2019-10-17 12:33:00,-0.1882107811630931
2019-10-17 12:36:00,-0.006456646000117416
2019-10-17 12:39:00,-0.07114602060141806
2019-10-17 12:42:00,-0.16209812655478117
2019-10-17 12:45:00,-0.06570799529657734
2019-10-17 12:48:00,-0.11381997308598102
2019-10-17 12:51:00,-0.021645592526851942
2019-10-17 12:54:00,-0.097787689365191
2019-10-17 12:57:00,-0.02458166584949595
2019-10-17 13:00:00,0.09361244451889661
2019-10-17 13:03:00,0.030332306142781817
2019-10-17 13:06:00,0.0517246765043069
2019-10-17 13:09:00,0.1074954937015491
2019-10-17 13:12:00,0.07864883939595302
2019-10-17 13:15:00,0.031201805551461348
2019-10-17 13:18:00,-0.1179201794010396
2019-10-17 13:21:00,-0.1741646691058918
2019-10-17 13:24:00,-0.2787273240290915
2019-10-17 13:27:00,-0.2582616016730981
2019-10-17 13:30:00,-0.03162382822620202
2019-10-17 13:33:00,-0.0806468812504022
2019-10-17 13:36:00,-0.0984408720703982
2019-10-17 13:39:00,-0.2636939877672262
2019-10-17 13:42:00,-0.16166330326569778
2019-10-17 13:45:00,-0.2891276225284969
2019-10-17 13:48:00,-0.31470375865126243
2019-10-17 13:51:00,-0.10249095719564139
2019-10-17 13:54:00,-0.19835970629924304
2019-10-17 13:57:00,-0.23174581714425813
2019-10-17 14:00:00,-0.25107299435092045
2019-10-17 14:03:00,-0.2777553140600162
2019-10-17 14:06:00,-0.22850384489305497
2019-10-17 14:09:00,-0.16927734072896783
2019-10-17 14:12:00,-0.3450622753487096
2019-10-17 14:15:00,-0.18152217968224704
2019-10-17 14:18:00,-0.0459249324435973
2019-10-17 14:21:00,-0.23727082701674362
2019-10-17 14:24:00,-0.13252039129753257
2019-10-17 14:27:00,-0.050121099858529305
2019-10-17 14:30:00,0.09223529410127185
2019-10-17 14:33:00,0.3304618615752588
2019-10-17 14:36:00,0.5189563106558239
2019-10-17 14:39:00,0.6115075432770709
2019-10-17 14:42:00,0.5208538124168172
2019-10-17 14:45:00,0.5566651468501504
2019-10-17 14:48:00,0.47460475112131917
2019-10-17 14:51:00,0.5768220271668838
2019-10-17 14:54:00,0.49622444156625534
2019-10-17 14:57:00,0.2689667934855038
2019-10-17 15:00:00,0.255511755083603
2019-10-17 15:03:00,0.16067796306629134
2019-10-17 15:06:00,0.15189526696337907
2019-10-17 15:09:00,0.10162297396078657
2019-10-17 15:12:00,0.11090837434551304
2019-10-17 15:15:00,0.11626919941761571
2019-10-17 15:18:00,0.15941653207130457
2019-10-17 15:21:00,0.06489764921519736
2019-10-17 15:24:00,0.03435379648834669
2019-10-17 15:27:00,0.06381657177433908
2019-10-17 15:30:00,0.07908183220251885
2019-10-17 15:33:00,0.0934228879518173
2019-10-17 15:36:00,-0.0031821584348108445
2019-10-17 15:39:00,0.07108363540146456
2019-10-17 15:42:00,0.043620199912822955
2019-10-17 15:45:00,0.09881266644214293
2019-10-17 15:48:00,0.0802521731849879
2019-10-17 15:51:00,0.004614001603499673
2019-10-17 15:54:00,0.00572737674764312
2019-10-17 15:57:00,-0.010824568094847109
2019-10-17 16:00:00,-0.014560882938042141
2019-10-17 16:03:00,0.013450970414453423
2019-10-17 16:06:00,-0.011631427828945107
2019-10-17 16:09:00,-0.0031085408828630534
2019-10-17 16:12:00,0.06298787184442745
2019-10-17 16:15:00,-0.04742091351903355
2019-10-17 16:18:00,0.01199417237802436
2019-10-17 16:21:00,0.0017424394463887438
2019-10-17 16:24:00,0.0910172059665797
2019-10-17 16:27:00,0.09248500202517107
2019-10-17 16:30:00,0.16017523418418023
2019-10-17 16:33:00,0.1843020196417342
2019-10-17 16:36:00,0.2316756298407654
2019-10-17 16:39:00,0.2603350574004253
2019-10-17 16:42:00,0.18829975090903872
2019-10-17 16:45:00,0.18016703451399962
2019-10-17 16:48:00,0.16858363867925164
2019-10-17 16:51:00,0.04823305437076897
2019-10-17 16:54:00,0.1125667215071644
2019-10-17 16:57:00,0.08139204830513336
2019-10-17 17:00:00,0.182536509255101
2019-10-17 17:03:00,0.13492497981843599
2019-10-17 17:06:00,0.1088718969299407
2019-10-17 17:09:00,0.1640314501659077
2019-10-17 17:12:00,0.1385767666615152
2019-10-17 17:15:00,0.16257711796623653
2019-10-17 17:18:00,0.07627545055760265
2019-10-17 17:21:00,0.08989669605881545
2019-10-17 17:24:00,0.14497125016873724
2019-10-17 17:27:00,0.09988009693893218
2019-10-17 17:30:00,0.026018284466886143
2019-10-17 17:33:00,0.030246864185016875
2019-10-17 17:36:00,0.03140056632150845
2019-10-17 17:39:00,-0.08132321521793529
2019-10-17 17:42:00,0.039637770994772836
2019-10-17 17:45:00,0.03401477806812636
2019-10-17 17:48:00,0.019963701435699477
2019-10-17 17:51:00,0.08058959937068266
2019-10-17 17:54:00,0.05519093362926242
2019-10-17 17:57:00,0.06475998072596667
2019-10-17 18:00:00,0.11217489474188369
2019-10-17 18:03:00,-0.001383550882394502
2019-10-17 18:06:00,0.03932499940265188
2019-10-17 18:09:00,0.031821791528784615
2019-10-17 18:12:00,0.07447571462228098
2019-10-17 18:15:00,0.13105804179400593
2019-10-17 18:18:00,0.030008981864511952
2019-10-17 18:21:00,0.10232423030510063
2019-10-17 18:24:00,-0.038948109309842494
2019-10-17 18:27:00,0.08995828925975502
2019-10-17 18:30:00,0.07181335523597454
2019-10-17 18:33:00,0.053694267621665404
2019-10-17 18:36:00,0.05450959202539707
2019-10-17 18:39:00,0.06321061886762891
2019-10-17 18:42:00,0.048576028481022604
2019-10-17 18:45:00,-0.008231434153287864
2019-10-17 18:48:00,0.008646724446464304
2019-10-17 18:51:00,-0.0004914624598768569
2019-10-17 18:54:00,
2019-10-17 18:57:00,
2019-10-17 19:00:00,
2019-10-17 19:03:00,0.14833988355428573
2019-10-17 19:06:00,0.0006625190516160728
2019-10-17 19:09:00,0.1076653670036194
2019-10-17 19:12:00,0.20273714630206996
2019-10-17 19:15:00,0.11894372487984128
2019-10-17 19:18:00,0.19236111380610055
2019-10-17 19:21:00,0.08260783784027126
2019-10-17 19:24:00,0.16058378019067732
2019-10-17 19:27:00,0.12580850522499532
2019-10-17 19:30:00,0.04288546146841554
2019-10-17 19:33:00,0.055244373166829064
2019-10-17 19:36:00,0.1460973784251678
2019-10-17 19:39:00,0.11323333686755177
2019-10-17 19:42:00,0.1972842472543448
2019-10-17 19:45:00,0.16926348882702769
2019-10-17 19:48:00,0.17988262131365218
2019-10-17 19:51:00,0.10908312315211788
2019-10-17 19:54:00,0.11583065503782564
2019-10-17 19:57:00,0.16938962360148935
2019-10-17 20:00:00,0.19185350582233696
2019-10-17 20:03:00,0.21429790597534293
2019-10-17 20:06:00,0.19120076574853329
2019-10-17 20:09:00,0.17177878235855815
2019-10-17 20:12:00,0.20768165829485952
2019-10-17 20:15:00,0.09985431772599895
2019-10-17 20:18:00,0.18705177389915661
2019-10-17 20:21:00,0.20576090738722996
2019-10-17 20:24:00,0.18243446262408725
2019-10-17 20:27:00,0.2272464994115353
2019-10-17 20:30:00,0.2548486340791669
2019-10-17 20:33:00,0.20664421769953378
2019-10-17 20:36:00,0.2923614981214655
2019-10-17 20:39:00,0.16479636342921822
2019-10-17 20:42:00,0.20261576252619307
2019-10-17 20:45:00,0.2340226935091323
2019-10-17 20:48:00,0.19808810170229663
2019-10-17 20:51:00,0.11590827527464853
2019-10-17 20:54:00,0.1763439533464748
2019-10-17 20:57:00,0.18518253401964557
2019-10-17 21:00:00,0.1252044192020776
2019-10-17 21:03:00,0.1210124626676361
2019-10-17 21:06:00,0.19779904899746725
2019-10-17 21:09:00,0.1603599752082232
2019-10-17 21:12:00,0.14177628944366916
2019-10-17 21:15:00,0.14391043351201915
2019-10-17 21:18:00,0.18686439496258345
2019-10-17 21:21:00,0.22915556059552955
2019-10-17 21:24:00,0.16243049855495428
2019-10-17 21:27:00,0.2620384281859174
2019-10-17 21:30:00,0.1820602465369916
2019-10-17 21:33:00,0.3557189909157614
2019-10-17 21:36:00,0.15005157307723493
2019-10-17 21:39:00,0.2658075426314781
2019-10-17 21:42:00,0.24952779029371186
2019-10-17 21:45:00,0.11683606111188283
2019-10-17 21:48:00,0.17228918291834816
2019-10-17 21:51:00,0.21773623467601055
2019-10-17 21:54:00,0.2381849348540186
2019-10-17 21:57:00,0.27474105718812325
2019-10-17 22:00:00,0.20972443472101077
2019-10-17 22:03:00,0.1908516418108661
2019-10-17 22:06:00,0.24971585081783587
2019-10-17 22:09:00,0.18667402522436305
2019-10-17 22:12:00,0.23436395594359283
2019-10-17 22:15:00,0.18320131401043227
2019-10-17 22:18:00,0.15977099375680837
2019-10-17 22:21:00,0.29950216957013254
2019-10-17 22:24:00,0.28664204115341363
2019-10-17 22:27:00,0.18403031615343934
2019-10-17 22:30:00,0.2778416647184372
2019-10-17 22:33:00,0.22438415803321732
2019-10-17 22:36:00,0.26350369715402167
2019-10-17 22:39:00,0.18770050880829103
2019-10-17 22:42:00,0.227071441705732
2019-10-17 22:45:00,0.20913730672282327
2019-10-17 22:48:00,0.36537066368015303
2019-10-17 22:51:00,0.30013515888174425
2019-10-17 22:54:00,0.28747767870595453
2019-10-17 22:57:00,0.30943306259257497
2019-10-17 23:00:00,0.26276540381297764
2019-10-17 23:03:00,0.2697231009188954
2019-10-17 23:06:00,0.30251362538911053
2019-10-17 23:09:00,0.21824893657543498
2019-10-17 23:12:00,0.21666439278459393
2019-10-17 23:15:00,0.241064738591092
2019-10-17 23:18:00,0.11085924665513858
2019-10-17 23:21:00,0.21445101810843425
2019-10-17 23:24:00,0.22983979280121503
2019-10-17 23:27:00,0.259565701116685
2019-10-17 23:30:00,0.3059131288628123
2019-10-17 23:33:00,0.21294002783702126
2019-10-17 23:36:00,0.20180374265225964
2019-10-17 23:39:00,0.1598334829644159
2019-10-17 23:42:00,0.3118660412424674
2019-10-17 23:45:00,0.34970211085635583
2019-10-17 23:48:00,0.25269851353937156
2019-10-17 23:51:00,0.32571165425434856
2019-10-17 23:54:00,0.28940326504192626
2019-10-17 23:57:00,0.2607114453813324
2019-10-18 00:00:00,0.3332229462102987
2019-10-18 00:03:00,0.31777532269262565
2019-10-18 00:06:00,0.37661993611681055
2019-10-18 00:09:00,0.26743200583035787
2019-10-18 00:12:00,0.34435736138465245
2019-10-18 00:15:00,0.3100997645966004
2019-10-18 00:18:00,0.28543560874885543
2019-10-18 00:21:00,0.2093863054995495
2019-10-18 00:24:00,0.1828086847558552
2019-10-18 00:27:00,0.29044693334066096
2019-10-18 00:30:00,0.2217991305135456
2019-10-18 00:33:00,0.28915926282564897
2019-10-18 00:36:00,0.21417702135266836
2019-10-18 00:39:00,0.23625578892273325
2019-10-18 00:42:00,0.2784914785634669
2019-10-18 00:45:00,0.2726783173922058
2019-10-18 00:48:00,0.25195739032398023
2019-10-18 00:51:00,0.24253372370066018
2019-10-18 00:54:00,0.22636904121486623
2019-10-18 00:57:00,0.2897010671645148
2019-10-18 01:00:00,0.1946357569280508
2019-10-18 01:03:00,0.22433573668695317
2019-10-18 01:06:00,0.2556656943412463
2019-10-18 01:09:00,0.22563509409172866
2019-10-18 01:12:00,0.20072759044739996
2019-10-18 01:15:00,0.16434705510096137
2019-10-18 01:18:00,0.21238381403617268
2019-10-18 01:21:00,0.1962612674140587
2019-10-18 01:24:00,0.17311097391740304
2019-10-18 01:27:00,0.19546846654230876
2019-10-18 01:30:00,0.3031449423515937
2019-10-18 01:33:00,0.12155006508305632
2019-10-18 01:36:00,0.2169397595058058
2019-10-18 01:39:00,0.27670382695043827
2019-10-18 01:42:00,0.21566117920633587
2019-10-18 01:45:00,0.22768476247239278
2019-10-18 01:48:00,0.2094126246357746
2019-10-18 01:51:00,0.309624802395831
2019-10-18 01:54:00,0.26806559336603186
2019-10-18 01:57:00,0.3307130026655045
2019-10-18 02:00:00,0.24006556273968727
2019-10-18 02:03:00,0.21642475767987435
2019-10-18 02:06:00,0.33769524077501956
2019-10-18 02:09:00,0.35040047212754644
2019-10-18 02:12:00,0.3096160449422882
2019-10-18 02:15:00,0.24183281343050567
2019-10-18 02:18:00,0.2655510268383523
2019-10-18 02:21:00,0.17880404903502267
2019-10-18 02:24:00,0.30911853477516615
2019-10-18 02:27:00,0.27573548607051634
2019-10-18 02:30:00,0.36915219267484645
2019-10-18 02:33:00,0.3385590568010457
2019-10-18 02:36:00,0.2966701270319163
2019-10-18 02:39:00,0.3035916034133379
2019-10-18 02:42:00,0.32534416284283907
2019-10-18 02:45:00,0.29130598213879466
2019-10-18 02:48:00,0.3366002418287053
2019-10-18 02:51:00,0.3058923423080273
2019-10-18 02:54:00,0.2695308698484382
2019-10-18 02:57:00,0.3743578205759377
2019-10-18 03:00:00,0.38387562155952537
2019-10-18 03:03:00,0.3849543075759243
2019-10-18 03:06:00,0.3748602344749088
2019-10-18 03:09:00,0.4334350549295891
2019-10-18 03:12:00,0.3396947732528588
2019-10-18 03:15:00,0.3746373260835867
2019-10-18 03:18:00,0.2597122768573854
2019-10-18 03:21:00,0.4266087893323629
2019-10-18 03:24:00,0.3810250860606743
2019-10-18 03:27:00,0.3014354473208414
2019-10-18 03:30:00,0.24846936048311363
2019-10-18 03:33:00,0.3219875501708884
2019-10-18 03:36:00,0.2665370222283059
2019-10-18 03:39:00,0.33243168307336646
2019-10-18 03:42:00,0.36225465864743
2019-10-18 03:45:00,0.30737395918322363
2019-10-18 03:48:00,0.3562132058085581
2019-10-18 03:51:00,0.31677377195154577
2019-10-18 03:54:00,0.18390373277856042
2019-10-18 03:57:00,0.3475071002465029
2019-10-18 04:00:00,0.28964012791715277
2019-10-18 04:03:00,0.35037798047710567
2019-10-18 04:06:00,0.3738453276130258
2019-10-18 04:09:00,0.3560676816815658
2019-10-18 04:12:00,0.2480061595379084
2019-10-18 04:15:00,0.2703250358487139
2019-10-18 04:18:00,0.2792979900099226
2019-10-18 04:21:00,0.42803589225849237
2019-10-18 04:24:00,0.38358451694927
2019-10-18 04:27:00,0.34430031491541513
2019-10-18 04:30:00,0.48511678393577995
2019-10-18 04:33:00,0.42722086301120044
2019-10-18 04:36:00,0.5061154439611641
2019-10-18 04:39:00,0.34796388647492904
2019-10-18 04:42:00,0.36460757880360006
2019-10-18 04:45:00,0.3788810193448171
2019-10-18 04:48:00,0.3157227171588488
2019-10-18 04:51:00,0.3109478611088434
2019-10-18 04:54:00,0.33776501954895366
2019-10-18 04:57:00,0.3411595615642682
2019-10-18 05:00:00,0.43678236532315395
2019-10-18 05:03:00,0.4397212352151314
2019-10-18 05:06:00,0.3997511515249812
2019-10-18 05:09:00,0.41184948204403327
2019-10-18 05:12:00,0.40846370409695965
2019-10-18 05:15:00,0.376873631659123
2019-10-18 05:18:00,0.38136464310582596
2019-10-18 05:21:00,0.32515720353120514
2019-10-18 05:24:00,0.37410607081386615
2019-10-18 05:27:00,0.45120379493477003
2019-10-18 05:30:00,0.34546473319312554
2019-10-18 05:33:00,0.3540247096661915
2019-10-18 05:36:00,0.3610818690938231
2019-10-18 05:39:00,0.3746887617568291
2019-10-18 05:42:00,0.30995502498291216
2019-10-18 05:45:00,0.39010510529959674
2019-10-18 05:48:00,0.4460732447155351
2019-10-18 05:51:00,0.34888026958554974
2019-10-18 05:54:00,0.4158813021269907
2019-10-18 05:57:00,0.40062140692594994
2019-10-18 06:00:00,0.4535276368380323
2019-10-18 06:03:00,0.3770010198981595
2019-10-18 06:06:00,0.29041563080721744
2019-10-18 06:09:00,0.3304184532669865
2019-10-18 06:12:00,0.3545475020272306
2019-10-18 06:15:00,0.32549893938829655
2019-10-18 06:18:00,0.34685391902468155
2019-10-18 06:21:00,0.33640580519255536
2019-10-18 06:24:00,0.3229124662644267
2019-10-18 06:27:00,0.2515447833225153
2019-10-18 06:30:00,0.37753399616985917
2019-10-18 06:33:00,0.33949466388241945
2019-10-18 06:36:00,0.4101696566821147
2019-10-18 06:39:00,0.3814081296512768
2019-10-18 06:42:00,0.4536374412535906
2019-10-18 06:45:00,0.3143433344015989
2019-10-18 06:48:00,0.33149104665011464
2019-10-18 06:51:00,0.359917660773192
2019-10-18 06:54:00,0.37112640395116614
2019-10-18 06:57:00,0.36804394764175186
2019-10-18 07:00:00,0.3653035142591534
2019-10-18 07:03:00,0.32298805760109417
2019-10-18 07:06:00,0.3649935056774325
2019-10-18 07:09:00,0.3932487958107913
2019-10-18 07:12:00,0.3869410525813919
2019-10-18 07:15:00,0.4754262602299377
2019-10-18 07:18:00,0.454039419245305
2019-10-18 07:21:00,0.3608004436154033
2019-10-18 07:24:00,0.38341336433660445
2019-10-18 07:27:00,0.39525860730816476
2019-10-18 07:30:00,0.3926796675178821
2019-10-18 07:33:00,0.4386330128635336
2019-10-18 07:36:00,0.4787303779643821
2019-10-18 07:39:00,0.38222655720318244
2019-10-18 07:42:00,0.4055424991636869
2019-10-18 07:45:00,0.3714785719087672
2019-10-18 07:48:00,0.37203976863435173
2019-10-18 07:51:00,0.35413874792192246
2019-10-18 07:54:00,0.3827328734204798
2019-10-18 07:57:00,0.313723006902876
2019-10-18 08:00:00,0.31974718782976197
2019-10-18 08:03:00,0.25333062192845546
2019-10-18 08:06:00,0.2659072997686849
2019-10-18 08:09:00,0.2854449666296546
2019-10-18 08:12:00,0.31488989042236426
2019-10-18 08:15:00,0.21713761544793897
2019-10-18 08:18:00,0.29514078091574447
2019-10-18 08:21:00,0.25258798072525224
2019-10-18 08:24:00,0.24269192672949202
2019-10-18 08:27:00,0.25262191985615345
2019-10-18 08:30:00,0.10839053333205584
2019-10-18 08:33:00,0.18078100218940563
2019-10-18 08:36:00,0.12775616093142617
2019-10-18 08:39:00,0.08897872547845509
2019-10-18 08:42:00,0.2584350461473264
2019-10-18 08:45:00,0.273493162596651
2019-10-18 08:48:00,0.19881648448563283
2019-10-18 08:51:00,0.13302265881895892
2019-10-18 08:54:00,0.29242527775045346
2019-10-18 08:57:00,0.1316815201892041
2019-10-18 09:00:00,0.2461225499985744
2019-10-18 09:03:00,-0.0061484077781983615
2019-10-18 09:06:00,0.08130488215920195
2019-10-18 09:09:00,0.07657723720092235
2019-10-18 09:12:00,0.10524239619707032
2019-10-18 09:15:00,0.08544376441994928
2019-10-18 09:18:00,0.02712306254898067
2019-10-18 09:21:00,0.11490638638281325
2019-10-18 09:24:00,0.029111141202406543
2019-10-18 09:27:00,-0.07033059558034438
2019-10-18 09:30:00,-0.050859723236385435
2019-10-18 09:33:00,0.04359170208431351
2019-10-18 09:36:00,-0.02477451605676606
2019-10-18 09:39:00,0.08320797868594809
2019-10-18 09:42:00,-0.01390843601279812
2019-10-18 09:45:00,-0.0044025285577049544
2019-10-18 09:48:00,-0.0698273202918358
2019-10-18 09:51:00,-0.13897813504439682
2019-10-18 09:54:00,-0.1792765656280153
2019-10-18 09:57:00,-0.09207839160222875
2019-10-18 10:00:00,-0.149652635058942
2019-10-18 10:03:00,-0.1318481833882288
2019-10-18 10:06:00,-0.11314629088496986
2019-10-18 10:09:00,-0.10372907988869429
2019-10-18 10:12:00,-0.07568057796913763
2019-10-18 10:15:00,-0.1057508295669436
2019-10-18 10:18:00,-0.16160305951405007
2019-10-18 10:21:00,-0.13512141063955596
2019-10-18 10:24:00,-0.1252776305798875
2019-10-18 10:27:00,-0.16473539106624457
2019-10-18 10:30:00,-0.14486086144546562
2019-10-18 10:33:00,-0.09685281886589792
2019-10-18 10:36:00,-0.15624070948967983
2019-10-18 10:39:00,-0.23146495090946928
2019-10-18 10:42:00,-0.17514451206096737
2019-10-18 10:45:00,-0.2023454819374706
2019-10-18 10:48:00,-0.30599484112610753
2019-10-18 10:51:00,-0.19600240358329302
2019-10-18 10:54:00,-0.13700499741321437
2019-10-18 10:57:00,-0.09937647869662669
2019-10-18 11:00:00,-0.1702587397766706
2019-10-18 11:03:00,-0.2308662282778755
2019-10-18 11:06:00,-0.1298709222047023
2019-10-18 11:09:00,-0.19416770225211621
2019-10-18 11:12:00,-0.289801726744372
2019-10-18 11:15:00,-0.2407737681276103
2019-10-18 11:18:00,-0.2397179170866366
2019-10-18 11:21:00,-0.2755726768162958
2019-10-18 11:24:00,-0.14033565635207879
2019-10-18 11:27:00,-0.22676302457955444
2019-10-18 11:30:00,-0.1768209494172197
2019-10-18 11:33:00,-0.2615039421821166
2019-10-18 11:36:00,-0.23605772573364447
2019-10-18 11:39:00,-0.30058055577740106
2019-10-18 11:42:00,-0.1888008963932748
2019-10-18 11:45:00,-0.2050365946182069
2019-10-18 11:48:00,-0.29855004529065354
2019-10-18 11:51:00,-0.3233096193135907
2019-10-18 11:54:00,-0.3166050326116192
2019-10-18 11:57:00,-0.1970396776803227
2019-10-18 12:00:00,-0.16078359677106846
2019-10-18 12:03:00,-0.10307592882588779
2019-10-18 12:06:00,-0.16339825981282274
2019-10-18 12:09:00,-0.22626175222114853
2019-10-18 12:12:00,-0.022506742795542323
2019-10-18 12:15:00,-0.15396830427471286
2019-10-18 12:18:00,-0.11202185399952214
2019-10-18 12:21:00,-0.2563295117032567
2019-10-18 12:24:00,-0.14924485090864437
2019-10-18 12:27:00,-0.21815129255759302
2019-10-18 12:30:00,-0.06320524280488371
2019-10-18 12:33:00,-0.012354664929659975
2019-10-18 12:36:00,-0.15585225286400828
2019-10-18 12:39:00,-0.0801709276412339
2019-10-18 12:42:00,-0.24881761359830534
2019-10-18 12:45:00,-0.05030500360567203
2019-10-18 12:48:00,-0.27614181710777075
2019-10-18 12:51:00,-0.2861645633111607
2019-10-18 12:54:00,-0.300165668095417
2019-10-18 12:57:00,-0.27702896002995203
2019-10-18 13:00:00,-0.24302405005443006
2019-10-18 13:03:00,-0.22035544170512367
2019-10-18 13:06:00,-0.23002280069795233
2019-10-18 13:09:00,-0.19226391544270882
2019-10-18 13:12:00,-0.17821528256098418
2019-10-18 13:15:00,-0.14363549696338396
2019-10-18 13:18:00,-0.2607715850905379
2019-10-18 13:21:00,0.023166433362519
2019-10-18 13:24:00,-0.03239784664486933
2019-10-18 13:27:00,-0.15747802518836806
2019-10-18 13:30:00,-0.10200161703198773
2019-10-18 13:33:00,-0.10323559166209861
2019-10-18 13:36:00,-0.0126263102281996
2019-10-18 13:39:00,-0.11824415050426751
2019-10-18 13:42:00,-0.046087836810670524
2019-10-18 13:45:00,0.03136685705050013
2019-10-18 13:48:00,0.03888135590102593
2019-10-18 13:51:00,0.10170902063470066
2019-10-18 13:54:00,0.22179188310792597
2019-10-18 13:57:00,0.27564077914377094
2019-10-18 14:00:00,0.17614112738891663
2019-10-18 14:03:00,0.2469748767699116
2019-10-18 14:06:00,0.1882920140650981
2019-10-18 14:09:00,0.08959155419103126
2019-10-18 14:12:00,-0.10533633122156516
2019-10-18 14:15:00,-0.12350887576548075
2019-10-18 14:18:00,-0.19501689344491524
2019-10-18 14:21:00,-0.13654793798616538
2019-10-18 14:24:00,0.07036496284683835
2019-10-18 14:27:00,0.1839059383063386
2019-10-18 14:30:00,0.32479586423903584
2019-10-18 14:33:00,0.3434141710856693
2019-10-18 14:36:00,0.21902531022175253
2019-10-18 14:39:00,0.2376837648636183
2019-10-18 14:42:00,0.5475610191651299
2019-10-18 14:45:00,0.7573554086974923
2019-10-18 14:48:00,0.6982767287696561
2019-10-18 14:51:00,0.5669634477643513
2019-10-18 14:54:00,0.4589579496788474
2019-10-18 14:57:00,0.45860961292629554
2019-10-18 15:00:00,0.3332823827365132
2019-10-18 15:03:00,0.3689614856899084
2019-10-18 15:06:00,0.37199851278302276
2019-10-18 15:09:00,0.47605739816060577
2019-10-18 15:12:00,0.3837114164414288
2019-10-18 15:15:00,0.4320629122167361
2019-10-18 15:18:00,0.5722398926462802
2019-10-18 15:21:00,0.5938795314320942
2019-10-18 15:24:00,0.4917169842531166
2019-10-18 15:27:00,0.24697822756326104
2019-10-18 15:30:00,0.265879950626811
2019-10-18 15:33:00,0.21760980714611833
2019-10-18 15:36:00,0.3375116674953347
2019-10-18 15:39:00,0.19717737319643902
2019-10-18 15:42:00,0.27429656688133264
2019-10-18 15:45:00,0.23376589057949104
2019-10-18 15:48:00,0.2232814280885691
2019-10-18 15:51:00,0.26345494316387885
2019-10-18 15:54:00,0.23924906382626432
2019-10-18 15:57:00,0.29129588198054535
2019-10-18 16:00:00,0.20867398374701907
2019-10-18 16:03:00,0.23227347396641562
2019-10-18 16:06:00,0.27991463134225114
2019-10-18 16:09:00,0.31372154805097807
2019-10-18 16:12:00,0.25349837040772627
2019-10-18 16:15:00,0.1847165911385673
2019-10-18 16:18:00,0.07695893348613936
2019-10-18 16:21:00,0.04012518530288389
2019-10-18 16:24:00,0.09112994294417831
2019-10-18 16:27:00,0.17544996411248803
2019-10-18 16:30:00,0.20590654452138324
2019-10-18 16:33:00,0.2708497987986789
2019-10-18 16:36:00,0.17534644324354076
2019-10-18 16:39:00,0.09929452534652228
2019-10-18 16:42:00,0.1582354318392163
2019-10-18 16:45:00,0.14120848744101977
2019-10-18 16:48:00,0.14801075122426255
2019-10-18 16:51:00,0.17113663015339853
2019-10-18 16:54:00,0.22490768211611112
2019-10-18 16:57:00,0.1293803711783994
2019-10-18 17:00:00,0.2174130287379512
2019-10-18 17:03:00,0.23400708236277978
2019-10-18 17:06:00,0.14173370829144005
2019-10-18 17:09:00,0.147135777500921
2019-10-18 17:12:00,0.1297317816269583
2019-10-18 17:15:00,0.18360938718143416
2019-10-18 17:18:00,0.10423091816625174
2019-10-18 17:21:00,0.11377589134542632
2019-10-18 17:24:00,0.11273005920486412
2019-10-18 17:27:00,0.13929579356647537
2019-10-18 17:30:00,0.04377073934989539
2019-10-18 17:33:00,0.07256123089763378
2019-10-18 17:36:00,0.02489917501435457
2019-10-18 17:39:00,0.10718750730677584
2019-10-18 17:42:00,0.06486895924820146
2019-10-18 17:45:00,0.08119595068819763
2019-10-18 17:48:00,0.18071608681520956
2019-10-18 17:51:00,0.07394242216207658
2019-10-18 17:54:00,0.1164954017443165
2019-10-18 17:57:00,0.06319850041228392
2019-10-18 18:00:00,0.015813928695195045
2019-10-18 18:03:00,0.01347324366167868
2019-10-18 18:06:00,0.036310578405903016
2019-10-18 18:09:00,0.21077117888472685
2019-10-18 18:12:00,0.16630089384239
2019-10-18 18:15:00,0.18642790906523032
2019-10-18 18:18:00,0.05045216126421792
2019-10-18 18:21:00,0.13750748964582726
2019-10-18 18:24:00,0.043808782688415704
2019-10-18 18:27:00,0.10022350335145802
2019-10-18 18:30:00,0.11974419668973724
2019-10-18 18:33:00,0.1581399618581827
2019-10-18 18:36:00,0.11331122781376735
2019-10-18 18:39:00,0.13561973869815347
2019-10-18 18:42:00,0.16306464292625833
2019-10-18 18:45:00,0.15124172936759805
2019-10-18 18:48:00,0.10381128799753014
2019-10-18 18:51:00,0.17071186548713513
2019-10-18 18:54:00,0.11975004702452452
2019-10-18 18:57:00,0.17292183969885855
2019-10-18 19:00:00,0.2020155635927381
2019-10-18 19:03:00,0.11863257548714046
2019-10-18 19:06:00,0.1158866278702817
2019-10-18 19:09:00,0.15394664429260274
2019-10-18 19:12:00,0.15016653107699085
2019-10-18 19:15:00,0.20560179333642736
2019-10-18 19:18:00,0.2064887287128272
2019-10-18 19:21:00,0.21809419015335152
2019-10-18 19:24:00,0.22748630383625823
2019-10-18 19:27:00,0.1943868045043473
2019-10-18 19:30:00,0.20396881829651647
2019-10-18 19:33:00,0.18505606717417322
2019-10-18 19:36:00,0.17726007667471322
2019-10-18 19:39:00,0.2874495162670314
2019-10-18 19:42:00,0.19029903778175594
2019-10-18 19:45:00,0.21878133979828362
2019-10-18 19:48:00,0.14587087106087893
2019-10-18 19:51:00,0.1923465976565808
2019-10-18 19:54:00,0.15359891524389013
2019-10-18 19:57:00,0.07307389353326244
2019-10-18 20:00:00,0.12771738683602507
2019-10-18 20:03:00,0.2169996507744827
2019-10-18 20:06:00,0.2678375983103365
2019-10-18 20:09:00,0.2335856030257446
2019-10-18 20:12:00,0.23331993556712405
2019-10-18 20:15:00,0.23448287856757588
2019-10-18 20:18:00,0.12302290392204895
2019-10-18 20:21:00,0.21086006510876132
2019-10-18 20:24:00,0.2795535006525256
2019-10-18 20:27:00,0.3164941761753539
2019-10-18 20:30:00,0.31865726864919
2019-10-18 20:33:00,0.41116521273079343
2019-10-18 20:36:00,0.35926923902059116
2019-10-18 20:39:00,0.16622835946594705
2019-10-18 20:42:00,0.13138793078860544
2019-10-18 20:45:00,0.17649052595811554
2019-10-18 20:48:00,0.44647937163574625
2019-10-18 20:51:00,0.3615858136586212
2019-10-18 20:54:00,0.28768528333478116
2019-10-18 20:57:00,0.33099732956395655
2019-10-18 21:00:00,0.31542851530969074
2019-10-18 21:03:00,0.2555978503472147
2019-10-18 21:06:00,0.2788620626732268
2019-10-18 21:09:00,0.2854985939524681
2019-10-18 21:12:00,0.376998430646438
2019-10-18 21:15:00,0.48211727693109196
2019-10-18 21:18:00,0.3697006033185062
2019-10-18 21:21:00,0.40500352321078026
2019-10-18 21:24:00,0.46232009801667573
2019-10-18 21:27:00,0.48378822570890634
2019-10-18 21:30:00,0.5580416058479045
2019-10-18 21:33:00,0.6136346125727528
2019-10-18 21:36:00,0.6335824230984031
2019-10-18 21:39:00,0.7289417088289838
2019-10-18 21:42:00,0.7877233616513877
2019-10-18 21:45:00,0.7555332214526516
2019-10-18 21:48:00,0.6633139192808244
2019-10-18 21:51:00,0.6553743002896226
2019-10-18 21:54:00,0.563507618694473
2019-10-18 21:57:00,0.6959194844318404
2019-10-18 22:00:00,0.6763811704316822
2019-10-18 22:03:00,0.5547341375505539
2019-10-18 22:06:00,0.5403250479371309
2019-10-18 22:09:00,0.5954997407692986
2019-10-18 22:12:00,0.5143063514353798
2019-10-18 22:15:00,0.567000097697985
2019-10-18 22:18:00,0.49064031290618004
2019-10-18 22:21:00,0.6489906486544896
2019-10-18 22:24:00,0.49590504490561216
2019-10-18 22:27:00,0.4666412496251837
2019-10-18 22:30:00,0.4472235987853992
2019-10-18 22:33:00,0.48762345414371566
2019-10-18 22:36:00,0.4804060628200091
2019-10-18 22:39:00,0.4649958992652614
2019-10-18 22:42:00,0.3902188388258878
2019-10-18 22:45:00,0.484185600833996
2019-10-18 22:48:00,0.5501272463755527
2019-10-18 22:51:00,0.40217634619591536
2019-10-18 22:54:00,0.41168520653963014
2019-10-18 22:57:00,0.5073228324560546
2019-10-18 23:00:00,0.40996308449717844
2019-10-18 23:03:00,0.49756336982801486
2019-10-18 23:06:00,0.47679563614650533
2019-10-18 23:09:00,0.49678915696608783
2019-10-18 23:12:00,0.48211698641625844
2019-10-18 23:15:00,0.4301401358964654
2019-10-18 23:18:00,0.4651161339083387
2019-10-18 23:21:00,0.4035622457279828
2019-10-18 23:24:00,0.47755934983661064
2019-10-18 23:27:00,0.4486657422104372
2019-10-18 23:30:00,0.5376440167266878
2019-10-18 23:33:00,0.4623727571168956
2019-10-18 23:36:00,0.4207722848839808
2019-10-18 23:39:00,0.4802344490962014
2019-10-18 23:42:00,0.5638539571323804
2019-10-18 23:45:00,0.4840089312327791
2019-10-18 23:48:00,0.4533898225652706
2019-10-18 23:51:00,0.4168558894251646
2019-10-18 23:54:00,0.47298335688378756
2019-10-18 23:57:00,0.50771820332875
2019-10-19 00:00:00,0.557410531760695
2019-10-19 00:03:00,0.40364565095251237
2019-10-19 00:06:00,0.43532264105982676
2019-10-19 00:09:00,0.3571706851930685
2019-10-19 00:12:00,0.493552512535814
2019-10-19 00:15:00,0.4079572372079383
2019-10-19 00:18:00,0.4572404608895795
2019-10-19 00:21:00,0.4582497644036039
2019-10-19 00:24:00,0.49412275231838976
2019-10-19 00:27:00,0.4846795476925081
2019-10-19 00:30:00,0.527271757286826
2019-10-19 00:33:00,0.4835493200646397
2019-10-19 00:36:00,0.48719136464507073
2019-10-19 00:39:00,0.47746517584334924
2019-10-19 00:42:00,0.3443870810663725
2019-10-19 00:45:00,0.4992567160411454
2019-10-19 00:48:00,0.3851046230675479
2019-10-19 00:51:00,0.5377544205455251
2019-10-19 00:54:00,0.38934773834688485
2019-10-19 00:57:00,0.37923383410083034
2019-10-19 01:00:00,0.47940692102412186
2019-10-19 01:03:00,0.3506310327480264
2019-10-19 01:06:00,0.4840754087131245
2019-10-19 01:09:00,0.34554016546320554
2019-10-19 01:12:00,0.5388745970892046
2019-10-19 01:15:00,0.46628014759915004
2019-10-19 01:18:00,0.5242397092742976
2019-10-19 01:21:00,0.35203764478313815
2019-10-19 01:24:00,0.4735808289293004
2019-10-19 01:27:00,0.3782067202689632
2019-10-19 01:30:00,0.41145985887402503
2019-10-19 01:33:00,0.3560381241806567
2019-10-19 01:36:00,0.30395244302047786
2019-10-19 01:39:00,0.33050078490953183
2019-10-19 01:42:00,0.4038277371709569
2019-10-19 01:45:00,0.40990738303787566
2019-10-19 01:48:00,0.4762853873232302
2019-10-19 01:51:00,0.3722540042794549
2019-10-19 01:54:00,0.40813754673757785
2019-10-19 01:57:00,0.4235069949448871
2019-10-19 02:00:00,0.4102638291864764
2019-10-19 02:03:00,0.38335199909420226
2019-10-19 02:06:00,0.3305600953977432
2019-10-19 02:09:00,0.3503258042842958
2019-10-19 02:12:00,0.3673513738390852
2019-10-19 02:15:00,0.39146110998410677
2019-10-19 02:18:00,0.39752222145585847
2019-10-19 02:21:00,0.3808759178490959
2019-10-19 02:24:00,0.367726743725882
2019-10-19 02:27:00,0.4228557911695816
2019-10-19 02:30:00,0.39278777399937326
2019-10-19 02:33:00,0.3567254376161486
2019-10-19 02:36:00,0.4122969514872352
2019-10-19 02:39:00,0.43557242729991685
2019-10-19 02:42:00,0.4092250428560078
2019-10-19 02:45:00,0.3564499298111059
2019-10-19 02:48:00,0.42576551629809956
2019-10-19 02:51:00,0.5146651458128986
2019-10-19 02:54:00,0.41702398478986424
2019-10-19 02:57:00,0.4046058047833867
2019-10-19 03:00:00,0.5299835870912943
2019-10-19 03:03:00,0.3583035732911526
2019-10-19 03:06:00,0.48990597071400543
2019-10-19 03:09:00,0.4707853139518079
2019-10-19 03:12:00,0.4475257824774985
2019-10-19 03:15:00,0.5054419267810317
2019-10-19 03:18:00,0.46603044151834183
2019-10-19 03:21:00,0.43086003940283035
2019-10-19 03:24:00,0.4266828010651693
2019-10-19 03:27:00,0.4887087807710486
2019-10-19 03:30:00,0.4446752984770228
2019-10-19 03:33:00,0.42547523132986953
2019-10-19 03:36:00,0.4762292495319116
2019-10-19 03:39:00,0.5759139347358087
2019-10-19 03:42:00,0.40758875498602265
2019-10-19 03:45:00,0.4789567509055246
2019-10-19 03:48:00,0.48664297258170564
2019-10-19 03:51:00,0.5178222853851935
2019-10-19 03:54:00,0.40612166543502326
2019-10-19 03:57:00,0.46548596204735304
2019-10-19 04:00:00,0.49241404845258785
2019-10-19 04:03:00,0.5727266793022068
2019-10-19 04:06:00,0.44267965997005376
2019-10-19 04:09:00,0.4016744313863114
2019-10-19 04:12:00,0.40013853624782314
2019-10-19 04:15:00,0.42379316118535826
2019-10-19 04:18:00,0.3658461440030578
2019-10-19 04:21:00,0.49148668222818515
2019-10-19 04:24:00,0.4866046159129951
2019-10-19 04:27:00,0.39588259115430446
2019-10-19 04:30:00,0.37143436765677507
2019-10-19 04:33:00,0.48292984806329287
2019-10-19 04:36:00,0.47632156382593394
2019-10-19 04:39:00,0.47070019568053567
2019-10-19 04:42:00,0.43147868551369584
2019-10-19 04:45:00,0.4246257855614317
2019-10-19 04:48:00,0.4046182205839841
2019-10-19 04:51:00,0.42512817640096046
2019-10-19 04:54:00,0.33570076921466807
2019-10-19 04:57:00,0.35179581438109153
2019-10-19 05:00:00,0.4259436692103691
2019-10-19 05:03:00,0.2301587170724133
2019-10-19 05:06:00,0.35295042018663025
2019-10-19 05:09:00,0.35278267571283095
2019-10-19 05:12:00,0.334821822132767
2019-10-19 05:15:00,0.36414904846458285
2019-10-19 05:18:00,0.38519742573254234
2019-10-19 05:21:00,0.3013679729799037
2019-10-19 05:24:00,0.3067720670474614
2019-10-19 05:27:00,0.31742422341744714
2019-10-19 05:30:00,0.34021311431718004
2019-10-19 05:33:00,0.38954030965209085
2019-10-19 05:36:00,0.3736488714901043
2019-10-19 05:39:00,0.3662720222146163
2019-10-19 05:42:00,0.3902014593625154
2019-10-19 05:45:00,0.3894037453221131
2019-10-19 05:48:00,0.41348399577600503
2019-10-19 05:51:00,0.3853801589810928
2019-10-19 05:54:00,0.42558321628439444
2019-10-19 05:57:00,0.44267244440544573
2019-10-19 06:00:00,0.49720174911465165
2019-10-19 06:03:00,0.3354137850589609
2019-10-19 06:06:00,0.42557803627755675
2019-10-19 06:09:00,0.4560483958856594
2019-10-19 06:12:00,0.4658588920941611
2019-10-19 06:15:00,0.39948959168367537
2019-10-19 06:18:00,0.39375338905557555
2019-10-19 06:21:00,0.46210239121984387
2019-10-19 06:24:00,0.301931547413119
2019-10-19 06:27:00,0.4629797708871024
2019-10-19 06:30:00,0.38495503512513096
2019-10-19 06:33:00,0.43348364829569164
2019-10-19 06:36:00,0.44756281983251256
2019-10-19 06:39:00,0.3873217885326312
2019-10-19 06:42:00,0.35753967204198034
2019-10-19 06:45:00,0.44605691226888666
2019-10-19 06:48:00,0.41370852528649493
2019-10-19 06:51:00,0.35576876184563844
2019-10-19 06:54:00,0.3583714855055291
2019-10-19 06:57:00,0.2700693123730957
2019-10-19 07:00:00,0.42503834642491256
2019-10-19 07:03:00,0.36081900425187996
2019-10-19 07:06:00,0.40100351463701145
2019-10-19 07:09:00,0.32750702668926124
2019-10-19 07:12:00,0.3713667665341518
2019-10-19 07:15:00,0.28968942708831946
2019-10-19 07:18:00,0.3512773928321735
2019-10-19 07:21:00,0.33612487625833865
2019-10-19 07:24:00,0.3939687817647268
2019-10-19 07:27:00,0.34702153201982355
2019-10-19 07:30:00,0.250787550586665
2019-10-19 07:33:00,0.3460784292225867
2019-10-19 07:36:00,0.251701295092289
2019-10-19 07:39:00,0.2635162645076434
2019-10-19 07:42:00,0.32864952963967653
2019-10-19 07:45:00,0.33065251312524424
2019-10-19 07:48:00,0.2312200531931694
2019-10-19 07:51:00,0.2425992697209267
2019-10-19 07:54:00,0.20099110702363987
2019-10-19 07:57:00,0.2644279613110143
2019-10-19 08:00:00,0.299906047665047
2019-10-19 08:03:00,0.2403281432834774
2019-10-19 08:06:00,0.21547249060751028
2019-10-19 08:09:00,0.18571014690940046
2019-10-19 08:12:00,0.2605686106326175
2019-10-19 08:15:00,0.30553164689621326
2019-10-19 08:18:00,0.19726532652606465
2019-10-19 08:21:00,0.21662706150584654
2019-10-19 08:24:00,0.2307658905464791
2019-10-19 08:27:00,0.12285128089911268
2019-10-19 08:30:00,0.25864898325079366
2019-10-19 08:33:00,0.16106366688785556
2019-10-19 08:36:00,0.11307911771581303
2019-10-19 08:39:00,0.16551701615838965
2019-10-19 08:42:00,0.10649106596383717
2019-10-19 08:45:00,0.17092907029018534
2019-10-19 08:48:00,0.17399871687013047
2019-10-19 08:51:00,0.16999838493165953
2019-10-19 08:54:00,0.13825302738541723
2019-10-19 08:57:00,0.13223374650192454
2019-10-19 09:00:00,0.1785562161299481
2019-10-19 09:03:00,0.16070533272750254
2019-10-19 09:06:00,0.18814144697483925
2019-10-19 09:09:00,0.16210366205569926
2019-10-19 09:12:00,0.048099928133581216
2019-10-19 09:15:00,0.07578738812406982
2019-10-19 09:18:00,-0.009344657134988665
2019-10-19 09:21:00,0.017867254395241616
2019-10-19 09:24:00,-0.013628677511462683
2019-10-19 09:27:00,0.08688326765786769
2019-10-19 09:30:00,0.06816785084129151
2019-10-19 09:33:00,0.07231495287328471
2019-10-19 09:36:00,0.13465217763666715
2019-10-19 09:39:00,0.0771235466052076
2019-10-19 09:42:00,0.05778847872738879
2019-10-19 09:45:00,0.058772169557983034
2019-10-19 09:48:00,0.004342096005586882
2019-10-19 09:51:00,0.006678663371417315
2019-10-19 09:54:00,-0.042678534838159976
2019-10-19 09:57:00,-0.003477246056320382
2019-10-19 10:00:00,0.0461979053315531
2019-10-19 10:03:00,0.03582421464835761
2019-10-19 10:06:00,0.03786516175864563
2019-10-19 10:09:00,0.0019265657609821574
2019-10-19 10:12:00,-0.04967346008226059
2019-10-19 10:15:00,-0.028714782365796054
2019-10-19 10:18:00,-0.03606428830585173
2019-10-19 10:21:00,0.0841388100623135
2019-10-19 10:24:00,-0.03829729702778195
2019-10-19 10:27:00,-0.09277019529304198
2019-10-19 10:30:00,-0.025405937225002617
2019-10-19 10:33:00,-0.05882133362899822
2019-10-19 10:36:00,-0.06580158857639162
2019-10-19 10:39:00,-0.13724765643161163
2019-10-19 10:42:00,-0.08616128381669341
2019-10-19 10:45:00,-0.20468293277025396
2019-10-19 10:48:00,-0.12190700372565288
2019-10-19 10:51:00,-0.07112089424191481
2019-10-19 10:54:00,-0.078778221803816
2019-10-19 10:57:00,-0.13961072058282298
2019-10-19 11:00:00,-0.19540573779949
2019-10-19 11:03:00,-0.10556842876974315
2019-10-19 11:06:00,-0.13327523263797048
2019-10-19 11:09:00,-0.16308780479931784
2019-10-19 11:12:00,-0.20024432896190092
2019-10-19 11:15:00,-0.1669332292750596
2019-10-19 11:18:00,-0.17640481483113035
2019-10-19 11:21:00,-0.21850165324502768
2019-10-19 11:24:00,-0.1583066190208342
2019-10-19 11:27:00,-0.18855181373254482
2019-10-19 11:30:00,-0.2463033140790003
2019-10-19 11:33:00,-0.16011431042068125
2019-10-19 11:36:00,-0.13552053214340276
2019-10-19 11:39:00,-0.08933367495711764
2019-10-19 11:42:00,-0.17610784913949828
2019-10-19 11:45:00,-0.14192247926985146
2019-10-19 11:48:00,-0.11526407302687858
2019-10-19 11:51:00,-0.11243299242391913
2019-10-19 11:54:00,-0.06605896897895036
2019-10-19 11:57:00,-0.0903946412668688
2019-10-19 12:00:00,-0.050236573672748364
2019-10-19 12:03:00,-0.10106313984795179
2019-10-19 12:06:00,-0.0024372207166152293
2019-10-19 12:09:00,-0.07451389164538114
2019-10-19 12:12:00,
2019-10-19 12:15:00,
2019-10-19 12:18:00,
2019-10-19 12:21:00,
2019-10-19 12:24:00,-0.12258070243029806
2019-10-19 12:27:00,-0.10110952074080615
2019-10-19 12:30:00,-0.09906066234532318
2019-10-19 12:33:00,-0.12080346567859124
2019-10-19 12:36:00,-0.14472128003461648
2019-10-19 12:39:00,-0.155350575884313
2019-10-19 12:42:00,-0.03729721477543535
2019-10-19 12:45:00,-0.10923287595068132
2019-10-19 12:48:00,-0.11234117906235497
2019-10-19 12:51:00,-0.06973452060179852
2019-10-19 12:54:00,-0.0717192840298253
2019-10-19 12:57:00,-0.06483355163396709
2019-10-19 13:00:00,-0.0921853191680384
2019-10-19 13:03:00,-0.007515847039542223
2019-10-19 13:06:00,-0.15968566697728193
2019-10-19 13:09:00,-0.06528308224289958
2019-10-19 13:12:00,-0.055097285667045526
2019-10-19 13:15:00,-0.050962361646554655
2019-10-19 13:18:00,-0.18174970087216025
2019-10-19 13:21:00,-0.21531444135115407
2019-10-19 13:24:00,-0.10723353063525565
2019-10-19 13:27:00,-0.09779689546161308
2019-10-19 13:30:00,-0.2286259926373191
2019-10-19 13:33:00,-0.2701581546088505
2019-10-19 13:36:00,-0.1419279926277568
2019-10-19 13:39:00,-0.1960066594976979
2019-10-19 13:42:00,-0.22026245990343796
2019-10-19 13:45:00,-0.2337726425139408
2019-10-19 13:48:00,-0.20152162079290292
2019-10-19 13:51:00,-0.1129342613057247
2019-10-19 13:54:00,-0.34429235374977907
2019-10-19 13:57:00,-0.14900829880014044
2019-10-19 14:00:00,-0.09704507745976798
2019-10-19 14:03:00,-0.23775567333370873
2019-10-19 14:06:00,-0.2573470749090916
2019-10-19 14:09:00,-0.2884403520504293
2019-10-19 14:12:00,-0.3118537287400045
2019-10-19 14:15:00,-0.2728973244027202
2019-10-19 14:18:00,-0.25022586493639665
2019-10-19 14:21:00,-0.27710732127644633
2019-10-19 14:24:00,-0.2260803373818021
2019-10-19 14:27:00,-0.31605201461565
2019-10-19 14:30:00,-0.29957357568321186
2019-10-19 14:33:00,-0.30138791480419513
2019-10-19 14:36:00,-0.17460500039794624
2019-10-19 14:39:00,-0.116774855000358
2019-10-19 14:42:00,0.057436351890771675
2019-10-19 14:45:00,0.03567209672195304
2019-10-19 14:48:00,0.10942631738782893
2019-10-19 14:51:00,0.07228492372735218
2019-10-19 14:54:00,-0.025152717264518287
2019-10-19 14:57:00,-0.008853426575853973
2019-10-19 15:00:00,-0.07590915576798807
2019-10-19 15:03:00,-0.1711495183947136
2019-10-19 15:06:00,-0.09047225015831373
2019-10-19 15:09:00,0.003251659473505697
2019-10-19 15:12:00,-0.011733300234823218
2019-10-19 15:15:00,0.16578661138709094
2019-10-19 15:18:00,0.13193991167185004
2019-10-19 15:21:00,0.19722071902248217
2019-10-19 15:24:00,0.24463286894177827
2019-10-19 15:27:00,0.1937577766086065
2019-10-19 15:30:00,0.05167798125023637
2019-10-19 15:33:00,-0.009911364506194786
2019-10-19 15:36:00,0.0033709697685821993
2019-10-19 15:39:00,0.07858048120397143
2019-10-19 15:42:00,0.03873131045708078
2019-10-19 15:45:00,-0.04291935251904988
2019-10-19 15:48:00,-0.006955024225646866
2019-10-19 15:51:00,-0.0029217085336767923
2019-10-19 15:54:00,-0.023871745597034533
2019-10-19 15:57:00,-0.00046758904829857784
2019-10-19 16:00:00,-0.08799982220858737
2019-10-19 16:03:00,-0.05373823231946062
2019-10-19 16:06:00,0.077275555399126
2019-10-19 16:09:00,0.18966659195842794
2019-10-19 16:12:00,0.2648220345090522
2019-10-19 16:15:00,0.23720238451090836
2019-10-19 16:18:00,0.25598773761356597
2019-10-19 16:21:00,0.20896389852543962
2019-10-19 16:24:00,0.12292964855072341
2019-10-19 16:27:00,0.23290197543786917
2019-10-19 16:30:00,0.21656338144379106
2019-10-19 16:33:00,0.3433196535713705
2019-10-19 16:36:00,0.4163649920606076
2019-10-19 16:39:00,0.4894719370851135
2019-10-19 16:42:00,0.7104348743483229
2019-10-19 16:45:00,0.5685324209816827
2019-10-19 16:48:00,0.43082203304822997
2019-10-19 16:51:00,0.41330735308656585
2019-10-19 16:54:00,0.47939665559209743
2019-10-19 16:57:00,0.45393576435526484
2019-10-19 17:00:00,0.5090479763675262
2019-10-19 17:03:00,0.6134354596287608
2019-10-19 17:06:00,0.5819340996235951
2019-10-19 17:09:00,0.6793340816449245
2019-10-19 17:12:00,0.7314230241224777
2019-10-19 17:15:00,0.7162118839530649
2019-10-19 17:18:00,0.7788004130784429
2019-10-19 17:21:00,0.8251668597824846
2019-10-19 17:24:00,0.8650874949431113
2019-10-19 17:27:00,0.8276878180839731
2019-10-19 17:30:00,0.8325362374029623
2019-10-19 17:33:00,0.6287520417401993
2019-10-19 17:36:00,0.6144076958947835
2019-10-19 17:39:00,0.46856798018558266
2019-10-19 17:42:00,0.5070492176614039
2019-10-19 17:45:00,0.525535121729547
2019-10-19 17:48:00,0.47007523856024136
2019-10-19 17:51:00,0.3595714966809851
2019-10-19 17:54:00,0.445326403962099
2019-10-19 17:57:00,0.370072699782952
2019-10-19 18:00:00,0.37176209008026717
2019-10-19 18:03:00,0.3107873815851576
2019-10-19 18:06:00,0.25005167758075686
2019-10-19 18:09:00,0.17927973685959842
2019-10-19 18:12:00,0.35655068698969217
2019-10-19 18:15:00,0.35233905092377427
2019-10-19 18:18:00,0.24419010188910306
2019-10-19 18:21:00,0.23377212988890506
2019-10-19 18:24:00,0.2798522882196721
2019-10-19 18:27:00,0.2673125670705758
2019-10-19 18:30:00,0.26120058039009564
2019-10-19 18:33:00,0.2507165243405325
2019-10-19 18:36:00,0.29639505406299804
2019-10-19 18:39:00,0.27022465645637794
2019-10-19 18:42:00,0.2472626584774389
2019-10-19 18:45:00,0.31102560749491204
2019-10-19 18:48:00,0.2839346793648474
2019-10-19 18:51:00,0.2910777459448468
2019-10-19 18:54:00,0.17137916923445573
2019-10-19 18:57:00,
2019-10-19 19:00:00,
2019-10-19 19:03:00,0.3084825547590526
2019-10-19 19:06:00,0.1953562096408632
2019-10-19 19:09:00,0.2579456188456106
2019-10-19 19:12:00,0.23463005634960155
2019-10-19 19:15:00,0.29179738223780305
2019-10-19 19:18:00,0.2247647912624302
2019-10-19 19:21:00,0.2393545619764268
2019-10-19 19:24:00,0.2441446969523895
2019-10-19 19:27:00,0.2168390729794396
2019-10-19 19:30:00,0.2705667568213812
2019-10-19 19:33:00,0.3272132906249112
2019-10-19 19:36:00,0.3471793824480187
2019-10-19 19:39:00,0.35598154282473615
2019-10-19 19:42:00,0.1985655459553186
2019-10-19 19:45:00,0.38163921795143096
2019-10-19 19:48:00,0.2718868183814038
2019-10-19 19:51:00,0.29032858308750065
2019-10-19 19:54:00,0.29710555212261625
2019-10-19 19:57:00,0.309802258915056
2019-10-19 20:00:00,0.3212940709394161
2019-10-19 20:03:00,0.24054250578603842
2019-10-19 20:06:00,0.3485711778888003
2019-10-19 20:09:00,0.29134769701488494
2019-10-19 20:12:00,0.34553590356409813
2019-10-19 20:15:00,0.3024287875391565
2019-10-19 20:18:00,0.21682349636267872
2019-10-19 20:21:00,0.27787351527132387
2019-10-19 20:24:00,0.3148114789977967
2019-10-19 20:27:00,0.20240428155653944
2019-10-19 20:30:00,0.25294210928126404
2019-10-19 20:33:00,0.2981732712186158
2019-10-19 20:36:00,0.25351061678480846
2019-10-19 20:39:00,0.3297434802635735
2019-10-19 20:42:00,0.20369365229157665
2019-10-19 20:45:00,0.3646610078006347
2019-10-19 20:48:00,0.3311797459749073
2019-10-19 20:51:00,0.2682068595634064
2019-10-19 20:54:00,0.23462722561515648
2019-10-19 20:57:00,0.35474120389693553
2019-10-19 21:00:00,0.3069505094696865
2019-10-19 21:03:00,0.3675989316889172
2019-10-19 21:06:00,0.3469256382952608
2019-10-19 21:09:00,0.26371912729769065
2019-10-19 21:12:00,0.2516106276528376
2019-10-19 21:15:00,0.34801707096693235
2019-10-19 21:18:00,0.35543830647247887
2019-10-19 21:21:00,0.3378019151930971
2019-10-19 21:24:00,0.2113345943579361
2019-10-19 21:27:00,0.2888304992248436
2019-10-19 21:30:00,0.289823097371368
2019-10-19 21:33:00,0.26352798407106093
2019-10-19 21:36:00,0.31290698573292275
2019-10-19 21:39:00,0.34541628010936165
2019-10-19 21:42:00,0.241618517729421
2019-10-19 21:45:00,0.274584651809505
2019-10-19 21:48:00,0.32940137835129235
2019-10-19 21:51:00,0.3686681752301979
2019-10-19 21:54:00,0.25610600692971275
2019-10-19 21:57:00,0.2842134416851536
2019-10-19 22:00:00,0.26295566020780825
2019-10-19 22:03:00,0.2275224463445511
2019-10-19 22:06:00,0.16635935855123307
2019-10-19 22:09:00,0.24347962660226585
2019-10-19 22:12:00,0.35119005035380724
2019-10-19 22:15:00,0.3457976035163597
2019-10-19 22:18:00,0.26343623630981483
2019-10-19 22:21:00,0.28162761640930967
2019-10-19 22:24:00,0.29540855809676714
2019-10-19 22:27:00,0.34936948011170443
2019-10-19 22:30:00,0.2991869565503862
2019-10-19 22:33:00,0.2134625769716081
2019-10-19 22:36:00,0.3250236554868593
2019-10-19 22:39:00,0.2584337710680984
2019-10-19 22:42:00,0.403229138148788
2019-10-19 22:45:00,0.3211183694152169
2019-10-19 22:48:00,0.3383723239530241
2019-10-19 22:51:00,0.26941194020037074
2019-10-19 22:54:00,0.26795656166552817
2019-10-19 22:57:00,0.2832368134854164
2019-10-19 23:00:00,0.2796063662838719
2019-10-19 23:03:00,0.24421386149617774
2019-10-19 23:06:00,0.31866176186360917
2019-10-19 23:09:00,0.2681260761509634
2019-10-19 23:12:00,0.3900232695463046
2019-10-19 23:15:00,0.32765000105547415
2019-10-19 23:18:00,0.3074812408843286
2019-10-19 23:21:00,0.2660563365191706
2019-10-19 23:24:00,0.28918210380368237
2019-10-19 23:27:00,0.2908277357764746
2019-10-19 23:30:00,0.24381887345947462
2019-10-19 23:33:00,0.2668046368461887
2019-10-19 23:36:00,0.28533545890746836
2019-10-19 23:39:00,0.34932463966259775
2019-10-19 23:42:00,0.1860841579728003
2019-10-19 23:45:00,0.29112136019472246
2019-10-19 23:48:00,0.2553665284121962
2019-10-19 23:51:00,0.3086206498097681
2019-10-19 23:54:00,0.3154172179293937
2019-10-19 23:57:00,0.25255447704131484
2019-10-20 00:00:00,0.34681467077319894
2019-10-20 00:03:00,0.30363260566537065
2019-10-20 00:06:00,0.30175381054993977
2019-10-20 00:09:00,0.3171488803277498
2019-10-20 00:12:00,0.30601877306366987
2019-10-20 00:15:00,0.27294562050872173
2019-10-20 00:18:00,0.2926631046265129
2019-10-20 00:21:00,0.27720940568218566
2019-10-20 00:24:00,0.3015955714955112
2019-10-20 00:27:00,0.33154038844725164
2019-10-20 00:30:00,0.27458366419944014
2019-10-20 00:33:00,0.36800852207733215
2019-10-20 00:36:00,0.4780410955722232
2019-10-20 00:39:00,0.4604295674611194
2019-10-20 00:42:00,0.31462882253515545
2019-10-20 00:45:00,0.356188799174447
2019-10-20 00:48:00,0.3452657896036726
2019-10-20 00:51:00,0.31705913553679466
2019-10-20 00:54:00,0.39700537736746355
2019-10-20 00:57:00,0.29669309755212225
2019-10-20 01:00:00,0.35358425621063816
2019-10-20 01:03:00,0.40839294412160143
2019-10-20 01:06:00,0.35730178301650994
2019-10-20 01:09:00,0.34735062914239734
2019-10-20 01:12:00,0.2986063003850745
2019-10-20 01:15:00,0.3905200315103343
2019-10-20 01:18:00,0.3125976167702902
2019-10-20 01:21:00,0.3657534631540784
2019-10-20 01:24:00,0.2606743353561001
2019-10-20 01:27:00,0.3508705935963121
2019-10-20 01:30:00,0.2528284854507774
2019-10-20 01:33:00,0.32107399003115233
2019-10-20 01:36:00,0.3340947644998664
2019-10-20 01:39:00,0.3133726216078685
2019-10-20 01:42:00,0.35741382412771827
2019-10-20 01:45:00,0.3563358995514818
2019-10-20 01:48:00,0.27266858418533957
2019-10-20 01:51:00,0.29650653496679524
2019-10-20 01:54:00,0.425248417890316
2019-10-20 01:57:00,0.3049769738730106
2019-10-20 02:00:00,0.3083421981170318
2019-10-20 02:03:00,0.3662589385375554
2019-10-20 02:06:00,0.38494927197285733
2019-10-20 02:09:00,0.31231656994714285
2019-10-20 02:12:00,0.4173991264137271
2019-10-20 02:15:00,0.3554619105604502
2019-10-20 02:18:00,0.3913346788660874
2019-10-20 02:21:00,0.4450817560610858
2019-10-20 02:24:00,0.40999127894087906
2019-10-20 02:27:00,0.3920281357626436
2019-10-20 02:30:00,0.42583419280100543
2019-10-20 02:33:00,0.42910014075033587
2019-10-20 02:36:00,0.4236486308541316
2019-10-20 02:39:00,0.43811711678858956
2019-10-20 02:42:00,0.5465623155606067
2019-10-20 02:45:00,0.5781545560606673
2019-10-20 02:48:00,0.6550754101013467
2019-10-20 02:51:00,0.8260237829993002
2019-10-20 02:54:00,0.8229724471703435
2019-10-20 02:57:00,0.8845720322910324
2019-10-20 03:00:00,0.843562182488597
2019-10-20 03:03:00,0.6941873026222538
2019-10-20 03:06:00,0.6869077794916052
2019-10-20 03:09:00,0.708176919081609
2019-10-20 03:12:00,0.7151613212817551
2019-10-20 03:15:00,0.6479834717501944
2019-10-20 03:18:00,0.5920431378543753
2019-10-20 03:21:00,0.6123911528217718
2019-10-20 03:24:00,0.5495899670791573
2019-10-20 03:27:00,0.5939332923410916
2019-10-20 03:30:00,0.6015165977640891
2019-10-20 03:33:00,0.6454625851959008
2019-10-20 03:36:00,0.46240437623958996
2019-10-20 03:39:00,0.4110534420687486
2019-10-20 03:42:00,0.3612275189728962
2019-10-20 03:45:00,0.5043960930727849
2019-10-20 03:48:00,0.4115638144086802
2019-10-20 03:51:00,0.5720958830371501
2019-10-20 03:54:00,0.8056599391767918
2019-10-20 03:57:00,0.6990222174248402
2019-10-20 04:00:00,0.5656292564706291
2019-10-20 04:03:00,0.4203301158356112
2019-10-20 04:06:00,0.5655293033996145
2019-10-20 04:09:00,0.557443081857798
2019-10-20 04:12:00,0.4170583684883127
2019-10-20 04:15:00,0.5306694668064438
2019-10-20 04:18:00,0.5086314064461703
2019-10-20 04:21:00,0.44801756222238964
2019-10-20 04:24:00,0.3354595569787193
2019-10-20 04:27:00,0.4291500973939719
2019-10-20 04:30:00,0.4309336245455029
2019-10-20 04:33:00,0.4148695811495031
2019-10-20 04:36:00,0.3234888673058549
2019-10-20 04:39:00,0.37513555816929056
2019-10-20 04:42:00,0.4550952683981109
2019-10-20 04:45:00,0.44394356568795956
2019-10-20 04:48:00,0.4105158370464892
2019-10-20 04:51:00,0.4703326540359285
2019-10-20 04:54:00,0.4977036917497344
2019-10-20 04:57:00,0.44692285568009993
2019-10-20 05:00:00,0.4925707897120901
2019-10-20 05:03:00,0.47686251485248476
2019-10-20 05:06:00,0.4585252221519909
2019-10-20 05:09:00,0.5727953442987541
2019-10-20 05:12:00,0.5206303137633199
2019-10-20 05:15:00,0.5007733242559311
2019-10-20 05:18:00,0.4666692416454339
2019-10-20 05:21:00,0.48530764248710057
2019-10-20 05:24:00,0.4098411783146503
2019-10-20 05:27:00,0.4444154576808046
2019-10-20 05:30:00,0.4911571923145175
2019-10-20 05:33:00,0.350641663655324
2019-10-20 05:36:00,0.43184529360729584
2019-10-20 05:39:00,0.48065068836689306
2019-10-20 05:42:00,0.49557081777805934
2019-10-20 05:45:00,0.41658738027848585
2019-10-20 05:48:00,0.4118649957543994
2019-10-20 05:51:00,0.4295448938747768
2019-10-20 05:54:00,0.408601898610641
2019-10-20 05:57:00,0.45491838644170457
2019-10-20 06:00:00,0.47028893705964947
2019-10-20 06:03:00,0.4357909871347374
2019-10-20 06:06:00,0.48760341029787924
2019-10-20 06:09:00,0.49413496137117363
2019-10-20 06:12:00,0.5037082109620883
2019-10-20 06:15:00,0.4494884262675214
2019-10-20 06:18:00,0.4480077803486324
2019-10-20 06:21:00,0.458517251535568
2019-10-20 06:24:00,0.36207643539182754
2019-10-20 06:27:00,0.32288392129913746
2019-10-20 06:30:00,0.37105314256206157
2019-10-20 06:33:00,0.3429894029022762
2019-10-20 06:36:00,0.38920706137076877
2019-10-20 06:39:00,0.2920454198736593
2019-10-20 06:42:00,0.2563963960985234
2019-10-20 06:45:00,0.2751084130463255
2019-10-20 06:48:00,0.34165840180645546
2019-10-20 06:51:00,0.319077425175351
2019-10-20 06:54:00,0.3077164554944716
2019-10-20 06:57:00,0.33129170894221716
2019-10-20 07:00:00,0.4232504624329181
2019-10-20 07:03:00,0.2984491211258842
2019-10-20 07:06:00,0.3608171359587118
2019-10-20 07:09:00,0.38066578596425416
2019-10-20 07:12:00,0.31521485591440523
2019-10-20 07:15:00,0.3190407648705218
2019-10-20 07:18:00,0.42977499395829
2019-10-20 07:21:00,0.36996968862212043
2019-10-20 07:24:00,0.49499046270329927
2019-10-20 07:27:00,0.33064804687381866
2019-10-20 07:30:00,0.42772214918687723
2019-10-20 07:33:00,0.4040665140711326
2019-10-20 07:36:00,0.5113896719096829
2019-10-20 07:39:00,0.36463015508178387
2019-10-20 07:42:00,0.2951008646715536
2019-10-20 07:45:00,0.4180585562784245
2019-10-20 07:48:00,0.3437106523149964
2019-10-20 07:51:00,0.4157841845576513
2019-10-20 07:54:00,0.2956573697040312
2019-10-20 07:57:00,0.35334283802757227
2019-10-20 08:00:00,0.3896352858939167
2019-10-20 08:03:00,0.2960095470316446
2019-10-20 08:06:00,0.3564759518920937
2019-10-20 08:09:00,0.34050418014840034
2019-10-20 08:12:00,0.2432627708609516
2019-10-20 08:15:00,0.29307617594417934
2019-10-20 08:18:00,0.21834370609241205
2019-10-20 08:21:00,0.2714360070675639
2019-10-20 08:24:00,0.302593512473436
2019-10-20 08:27:00,0.3001302331933289
2019-10-20 08:30:00,0.18208355030685652
2019-10-20 08:33:00,0.32020608622696045
2019-10-20 08:36:00,0.2586236614433801
2019-10-20 08:39:00,0.2198629730854691
2019-10-20 08:42:00,0.31331709357402815
2019-10-20 08:45:00,0.20055173734692744
2019-10-20 08:48:00,0.1811161253420437
2019-10-20 08:51:00,0.2235665633699
2019-10-20 08:54:00,0.19542432957013034
2019-10-20 08:57:00,0.1777446092609125
2019-10-20 09:00:00,0.1806264213129225
2019-10-20 09:03:00,0.25620147732394116
2019-10-20 09:06:00,0.17629992495955094
2019-10-20 09:09:00,0.1424029527249786
2019-10-20 09:12:00,0.16887848066278366
2019-10-20 09:15:00,0.15822228212380196
2019-10-20 09:18:00,0.20280906890798178
2019-10-20 09:21:00,0.11465179521019309
2019-10-20 09:24:00,0.030269385910173696
2019-10-20 09:27:00,0.04627588365991642
2019-10-20 09:30:00,0.15361754097546054
2019-10-20 09:33:00,0.05557654747121887
2019-10-20 09:36:00,0.07828040828752592
2019-10-20 09:39:00,0.1326944074204448
2019-10-20 09:42:00,-0.013446864610898501
2019-10-20 09:45:00,0.005242317534111862
2019-10-20 09:48:00,0.13412942232008618
2019-10-20 09:51:00,0.03571299659199667
2019-10-20 09:54:00,0.06032432703568702
2019-10-20 09:57:00,-0.0023816583498046384
2019-10-20 10:00:00,-0.02140512719790877
2019-10-20 10:03:00,-0.01616598026578231
2019-10-20 10:06:00,-0.010487417615763661
2019-10-20 10:09:00,-0.024754072164455465
2019-10-20 10:12:00,0.04827139268218161
2019-10-20 10:15:00,-0.05459173822197272
2019-10-20 10:18:00,0.09058956831324849
2019-10-20 10:21:00,0.009574524170886889
2019-10-20 10:24:00,-0.09205750271053148
2019-10-20 10:27:00,-0.15708891195652086
2019-10-20 10:30:00,-0.04725394299822483
2019-10-20 10:33:00,-0.05640192902853869
2019-10-20 10:36:00,0.046164228066288615
2019-10-20 10:39:00,-0.057558702937569706
2019-10-20 10:42:00,0.00386452668220727
2019-10-20 10:45:00,-0.022648766086604155
2019-10-20 10:48:00,0.1077965440697426
2019-10-20 10:51:00,0.11381023877891039
2019-10-20 10:54:00,0.1433758021572089
2019-10-20 10:57:00,0.0036587813099231425
2019-10-20 11:00:00,-0.07120610135939387
2019-10-20 11:03:00,0.06836920916958888
2019-10-20 11:06:00,0.009493686804944446
2019-10-20 11:09:00,0.03501686092795353
2019-10-20 11:12:00,-0.0218426420001947
2019-10-20 11:15:00,-0.024206766689928827
2019-10-20 11:18:00,0.1254752243405619
2019-10-20 11:21:00,0.08628885849839207
2019-10-20 11:24:00,-0.014333862293824495
2019-10-20 11:27:00,-0.04836589667536373
2019-10-20 11:30:00,-0.015223760692947508
2019-10-20 11:33:00,-0.16150643870525982
2019-10-20 11:36:00,-0.0817935770734266
2019-10-20 11:39:00,0.030254995586574296
2019-10-20 11:42:00,-0.019286123272081568
2019-10-20 11:45:00,-0.07089902598920617
2019-10-20 11:48:00,-0.14648370313972237
2019-10-20 11:51:00,-0.09663362063918157
2019-10-20 11:54:00,-0.11111609314360749
2019-10-20 11:57:00,-0.1662606168351317
2019-10-20 12:00:00,-0.054526662785690405
2019-10-20 12:03:00,-0.04151180051252368
2019-10-20 12:06:00,-0.12284775015535843
2019-10-20 12:09:00,-0.18393783002187547
2019-10-20 12:12:00,-0.12180805370405778
2019-10-20 12:15:00,-0.15415143414395516
2019-10-20 12:18:00,-0.0461363269033086
2019-10-20 12:21:00,-0.19919313325152643
2019-10-20 12:24:00,-0.07803500965633248
2019-10-20 12:27:00,-0.06680703845006519
2019-10-20 12:30:00,-0.18678168273152096
2019-10-20 12:33:00,-0.12121023874470893
2019-10-20 12:36:00,-0.16764049773422585
2019-10-20 12:39:00,-0.12282529719141166
2019-10-20 12:42:00,-0.19808777294724678
2019-10-20 12:45:00,-0.10694566930260407
2019-10-20 12:48:00,-0.1767515666078907
2019-10-20 12:51:00,-0.17961955413471742
2019-10-20 12:54:00,-0.1818560423144504
2019-10-20 12:57:00,-0.15909164666857123
2019-10-20 13:00:00,-0.06362234930259092
2019-10-20 13:03:00,0.006544834884607553
2019-10-20 13:06:00,-0.15613313878066037
2019-10-20 13:09:00,-0.1120515936614197
2019-10-20 13:12:00,-0.0634166473716391
2019-10-20 13:15:00,-0.05760357030379737
2019-10-20 13:18:00,0.03141853146479434
2019-10-20 13:21:00,0.032947666887992
2019-10-20 13:24:00,-0.04703761456437405
2019-10-20 13:27:00,-0.13435733579314046
2019-10-20 13:30:00,-0.050531716814248284
2019-10-20 13:33:00,-0.04908577452317786
2019-10-20 13:36:00,-0.019550798733973807
2019-10-20 13:39:00,-0.014507300801199108
2019-10-20 13:42:00,-0.09750419994799131
2019-10-20 13:45:00,0.0488916283587173
2019-10-20 13:48:00,-0.10996366302742899
2019-10-20 13:51:00,-0.1493941792973601
2019-10-20 13:54:00,-0.17873060673304053
2019-10-20 13:57:00,-0.22888948996029512
2019-10-20 14:00:00,-0.19480770625216337
2019-10-20 14:03:00,-0.07291908365812105
2019-10-20 14:06:00,-0.24238745131043515
2019-10-20 14:09:00,-0.26292230665126226
2019-10-20 14:12:00,-0.1976230184430392
2019-10-20 14:15:00,-0.23099045492574533
2019-10-20 14:18:00,-0.2217747985682763
2019-10-20 14:21:00,-0.24838679300074773
2019-10-20 14:24:00,-0.30254787398843064
2019-10-20 14:27:00,-0.27468619444795195
2019-10-20 14:30:00,-0.20159346191735494
2019-10-20 14:33:00,-0.23837190499472172
2019-10-20 14:36:00,-0.3258771939327971
2019-10-20 14:39:00,-0.10284452582970971
2019-10-20 14:42:00,-0.24815793973755262
2019-10-20 14:45:00,-0.2546494619693931
2019-10-20 14:48:00,-0.36192213095984016
2019-10-20 14:51:00,-0.1489132891058489
2019-10-20 14:54:00,-0.32806315724235446
2019-10-20 14:57:00,-0.2129226487703022
2019-10-20 15:00:00,-0.24353701328874422
2019-10-20 15:03:00,-0.1646409227864183
2019-10-20 15:06:00,-0.014537424564196044
2019-10-20 15:09:00,-0.09855840636868152
2019-10-20 15:12:00,-0.2837907417568317
2019-10-20 15:15:00,-0.1982610692927551
2019-10-20 15:18:00,-0.3101142435227757
2019-10-20 15:21:00,-0.3531061816498209
2019-10-20 15:24:00,-0.22521693877166626
2019-10-20 15:27:00,-0.043850804497196805
2019-10-20 15:30:00,0.013093694685210266
2019-10-20 15:33:00,-0.09380915770674392
2019-10-20 15:36:00,-0.15340987014712937
2019-10-20 15:39:00,-0.1273463496960403
2019-10-20 15:42:00,-0.2858171374630274
2019-10-20 15:45:00,-0.19881536786903098
2019-10-20 15:48:00,-0.207486699058677
2019-10-20 15:51:00,-0.1747405580248369
2019-10-20 15:54:00,-0.06778744890112876
2019-10-20 15:57:00,-0.023429642394660277
2019-10-20 16:00:00,-0.2277855416069201
2019-10-20 16:03:00,-0.1937201876037875
2019-10-20 16:06:00,-0.13014068961177827
2019-10-20 16:09:00,-0.2528757724688262
2019-10-20 16:12:00,-0.1537858508780232
2019-10-20 16:15:00,-0.23805071921526633
2019-10-20 16:18:00,-0.22283113663542053
2019-10-20 16:21:00,-0.12119057061983085
2019-10-20 16:24:00,-0.18809561191477542
2019-10-20 16:27:00,-0.19446451184472835
2019-10-20 16:30:00,-0.1847634439743615
2019-10-20 16:33:00,-0.1097067522555335
2019-10-20 16:36:00,-0.14728712030438373
2019-10-20 16:39:00,0.001224454443047307
2019-10-20 16:42:00,-0.171937230732226
2019-10-20 16:45:00,-0.0710464792727521
2019-10-20 16:48:00,-0.12349272363820774
2019-10-20 16:51:00,-0.01103300878128266
2019-10-20 16:54:00,0.07081775708962823
2019-10-20 16:57:00,0.024778311262878105
2019-10-20 17:00:00,0.07512882312846614
2019-10-20 17:03:00,0.09665981349206731
2019-10-20 17:06:00,0.004791378004426861
2019-10-20 17:09:00,-0.1088606438894999
2019-10-20 17:12:00,-0.15716649475177746
2019-10-20 17:15:00,-0.028378783890445902
2019-10-20 17:18:00,-0.024310347861671744
2019-10-20 17:21:00,-0.15959308712200482
2019-10-20 17:24:00,-0.05180259806252252
2019-10-20 17:27:00,-0.16460109171015347
2019-10-20 17:30:00,-0.1517259322032487
2019-10-20 17:33:00,-0.06683877360291035
2019-10-20 17:36:00,-0.06914829208824358
2019-10-20 17:39:00,-0.013868765517202064
2019-10-20 17:42:00,-0.09143423654273874
2019-10-20 17:45:00,0.0015702797878702768
2019-10-20 17:48:00,-0.04554213815544017
2019-10-20 17:51:00,-0.03666965416670109
2019-10-20 17:54:00,-0.03115121793683784
2019-10-20 17:57:00,0.024797053735312602
2019-10-20 18:00:00,-0.05289673420674035
2019-10-20 18:03:00,0.039600851198599685
2019-10-20 18:06:00,-0.0007444103483180697
2019-10-20 18:09:00,-0.01360809107421801
2019-10-20 18:12:00,0.09546724526870776
2019-10-20 18:15:00,-0.10114754341378784
2019-10-20 18:18:00,0.03133492493543599
2019-10-20 18:21:00,0.107152369923881
2019-10-20 18:24:00,0.08428078485695778
2019-10-20 18:27:00,0.11137547544950621
2019-10-20 18:30:00,0.1528088833381389
2019-10-20 18:33:00,0.04577315597771303
2019-10-20 18:36:00,0.024606676351254464
2019-10-20 18:39:00,0.017642333785147457
2019-10-20 18:42:00,0.0768593781507434
2019-10-20 18:45:00,0.04087996609041511
2019-10-20 18:48:00,0.06447717043852208
2019-10-20 18:51:00,0.0447591698128349
2019-10-20 18:54:00,
2019-10-20 18:57:00,
2019-10-20 19:00:00,
2019-10-20 19:03:00,0.1284240122575966
2019-10-20 19:06:00,0.04216542912860177
2019-10-20 19:09:00,-0.037327086849813895
2019-10-20 19:12:00,0.03401980133867255
2019-10-20 19:15:00,0.14045980584199924
2019-10-20 19:18:00,0.024606143148446336
2019-10-20 19:21:00,0.16930734490813393
2019-10-20 19:24:00,0.09142175476353032
2019-10-20 19:27:00,0.060431261221935983
2019-10-20 19:30:00,0.012826114559061352
2019-10-20 19:33:00,0.07077911844754681
2019-10-20 19:36:00,0.19081159905778122
2019-10-20 19:39:00,0.07916545967577804
2019-10-20 19:42:00,0.12347220647166068
2019-10-20 19:45:00,0.14643086545191863
2019-10-20 19:48:00,0.15718667167118383
2019-10-20 19:51:00,0.11768332606425247
2019-10-20 19:54:00,0.0019434990769013893
2019-10-20 19:57:00,0.0953973502861345
2019-10-20 20:00:00,0.13960437608284337
2019-10-20 20:03:00,0.21505237947843625
2019-10-20 20:06:00,0.21938666080200164
2019-10-20 20:09:00,0.19203282243199737
2019-10-20 20:12:00,0.1819670998543188
2019-10-20 20:15:00,-0.011440185744561404
2019-10-20 20:18:00,0.14671573718311492
2019-10-20 20:21:00,0.1347013922077167
2019-10-20 20:24:00,0.19425211425982525
2019-10-20 20:27:00,0.1447808467716527
2019-10-20 20:30:00,0.20063208990097792
2019-10-20 20:33:00,0.18303585367647202
2019-10-20 20:36:00,0.20546642204482168
2019-10-20 20:39:00,0.30568441815381675
2019-10-20 20:42:00,0.2520780764954793
2019-10-20 20:45:00,0.051669209818498985
2019-10-20 20:48:00,0.1579278012520149
2019-10-20 20:51:00,0.17293901006848955
2019-10-20 20:54:00,0.05237078879423507
2019-10-20 20:57:00,0.07378767722229895
2019-10-20 21:00:00,0.11909731568300685
2019-10-20 21:03:00,0.08672224791217786
2019-10-20 21:06:00,0.018267027115371093
2019-10-20 21:09:00,0.15025428528309703
2019-10-20 21:12:00,0.08287897203138073
2019-10-20 21:15:00,0.11867463727156746
2019-10-20 21:18:00,0.08271123620943399
2019-10-20 21:21:00,0.17638247760987724
2019-10-20 21:24:00,0.1722925366929644
2019-10-20 21:27:00,0.12316027451282707
2019-10-20 21:30:00,0.18345200918253113
2019-10-20 21:33:00,0.25043204087808135
2019-10-20 21:36:00,0.19724321551393587
2019-10-20 21:39:00,0.1888097530976438
2019-10-20 21:42:00,0.19716427197442954
2019-10-20 21:45:00,0.16800673906925567
2019-10-20 21:48:00,0.10510211715796913
2019-10-20 21:51:00,0.15841282138012502
2019-10-20 21:54:00,0.2238050954452433
2019-10-20 21:57:00,0.1477871690406687
2019-10-20 22:00:00,0.21958082598263218
2019-10-20 22:03:00,0.17890776506482098
2019-10-20 22:06:00,0.26340030639374845
2019-10-20 22:09:00,0.20765763914317859
2019-10-20 22:12:00,0.2537076286893125
2019-10-20 22:15:00,0.22953311260243936
2019-10-20 22:18:00,0.3945544513098298
2019-10-20 22:21:00,0.30211829779051413
2019-10-20 22:24:00,0.16889287896168526
2019-10-20 22:27:00,0.2736301652573161
2019-10-20 22:30:00,0.29540914428918086
2019-10-20 22:33:00,0.27754996812234367
2019-10-20 22:36:00,0.3110107552352588
2019-10-20 22:39:00,0.3140357055311256
2019-10-20 22:42:00,0.2621369615755498
2019-10-20 22:45:00,0.319441096653577
2019-10-20 22:48:00,0.338341985467423
2019-10-20 22:51:00,0.2972360161205643
2019-10-20 22:54:00,0.19623963238700526
2019-10-20 22:57:00,0.20171579575105625
2019-10-20 23:00:00,0.25381661880538786
2019-10-20 23:03:00,0.19828198888524184
2019-10-20 23:06:00,0.28620299751202083
2019-10-20 23:09:00,0.2628314398091902
2019-10-20 23:12:00,0.42117064726801345
2019-10-20 23:15:00,0.344448336566586
2019-10-20 23:18:00,0.2822056583131598
2019-10-20 23:21:00,0.2985890453664979
2019-10-20 23:24:00,0.2615857213789923
2019-10-20 23:27:00,0.3069903756984331
2019-10-20 23:30:00,0.24186525855014906
2019-10-20 23:33:00,0.33147709655071367
2019-10-20 23:36:00,0.21429668786890943
2019-10-20 23:39:00,0.1961535170322577
2019-10-20 23:42:00,0.3105000787581389
2019-10-20 23:45:00,0.26990311042720805
2019-10-20 23:48:00,0.21783980377819034
2019-10-20 23:51:00,0.24224089064364307
2019-10-20 23:54:00,0.27803082550349245
2019-10-20 23:57:00,0.24681839444150455
2019-10-21 00:00:00,0.257173177408788
2019-10-21 00:03:00,0.25344654150171664
2019-10-21 00:06:00,0.2771094335573707
2019-10-21 00:09:00,0.20614660653870942
2019-10-21 00:12:00,0.30399188465605675
2019-10-21 00:15:00,0.19488597390733275
2019-10-21 00:18:00,0.1613327341809736
2019-10-21 00:21:00,0.1869698114704761
2019-10-21 00:24:00,0.2950110871244078
2019-10-21 00:27:00,0.1891705166057136
2019-10-21 00:30:00,0.23379326960747449
2019-10-21 00:33:00,0.28815942581951504
2019-10-21 00:36:00,0.305077296381171
2019-10-21 00:39:00,0.22108042674574335
2019-10-21 00:42:00,0.28735128976046553
2019-10-21 00:45:00,0.25385596488416695
2019-10-21 00:48:00,0.29149167300045065
2019-10-21 00:51:00,0.2648431221603005
2019-10-21 00:54:00,0.2518321976320408
2019-10-21 00:57:00,0.17762872872475555
2019-10-21 01:00:00,0.1802985976929108
2019-10-21 01:03:00,0.08961355576758478
2019-10-21 01:06:00,0.37920012011340987
2019-10-21 01:09:00,0.1832039313861742
2019-10-21 01:12:00,0.2034552743454583
2019-10-21 01:15:00,0.21795771626892702
2019-10-21 01:18:00,0.17602062362504967
2019-10-21 01:21:00,0.18444769050665855
2019-10-21 01:24:00,0.24715706253653025
2019-10-21 01:27:00,0.23341472140174346
2019-10-21 01:30:00,0.2673220691285678
2019-10-21 01:33:00,0.38231666148556087
2019-10-21 01:36:00,0.2887384325768494
2019-10-21 01:39:00,0.25685037897193297
2019-10-21 01:42:00,0.21353071298142368
2019-10-21 01:45:00,0.31558147528119207
2019-10-21 01:48:00,0.2149860556941121
2019-10-21 01:51:00,0.22317975065755036
2019-10-21 01:54:00,0.19415719484442207
2019-10-21 01:57:00,0.15159752390826498
2019-10-21 02:00:00,0.12021758793338222
2019-10-21 02:03:00,0.15578698895825482
2019-10-21 02:06:00,0.19087025984231332
2019-10-21 02:09:00,0.24230921727922805
2019-10-21 02:12:00,0.2544437609750503
2019-10-21 02:15:00,0.2969355258593964
2019-10-21 02:18:00,0.350452430000189
2019-10-21 02:21:00,0.31568333512404934
2019-10-21 02:24:00,0.33388293694167714
2019-10-21 02:27:00,0.35144557998290793
2019-10-21 02:30:00,0.3110337253325497
2019-10-21 02:33:00,0.18454874761920337
2019-10-21 02:36:00,0.3036540475063134
2019-10-21 02:39:00,0.18706640772740002
2019-10-21 02:42:00,0.22760415912432563
2019-10-21 02:45:00,0.2554449534067089
2019-10-21 02:48:00,0.28253682361491883
2019-10-21 02:51:00,0.2958215295691957
2019-10-21 02:54:00,0.29371853404427384
2019-10-21 02:57:00,0.17168825786416164
2019-10-21 03:00:00,0.2766413068599718
2019-10-21 03:03:00,0.4113828478328969
2019-10-21 03:06:00,0.29398706251726026
2019-10-21 03:09:00,0.2940322242989737
2019-10-21 03:12:00,0.33205808685153215
2019-10-21 03:15:00,0.3973398336937066
2019-10-21 03:18:00,0.3386924211599762
2019-10-21 03:21:00,0.19233194141548893
2019-10-21 03:24:00,0.3832801530839447
2019-10-21 03:27:00,0.2675468862682351
2019-10-21 03:30:00,0.35916101496553665
2019-10-21 03:33:00,0.23107972836203317
2019-10-21 03:36:00,0.3001426893962389
2019-10-21 03:39:00,0.2638860032795378
2019-10-21 03:42:00,0.35726590043265105
2019-10-21 03:45:00,0.37165394371720595
2019-10-21 03:48:00,0.36425843345335807
2019-10-21 03:51:00,0.3977431006361485
2019-10-21 03:54:00,0.4070380739156576
2019-10-21 03:57:00,0.24103174666356608
2019-10-21 04:00:00,0.26449900010777583
2019-10-21 04:03:00,0.2669863956041354
2019-10-21 04:06:00,0.31867902456400543
2019-10-21 04:09:00,0.326487907750618
2019-10-21 04:12:00,0.33015697062410254
2019-10-21 04:15:00,0.27957038703618764
2019-10-21 04:18:00,0.34001454230588024
2019-10-21 04:21:00,0.2509635808905273
2019-10-21 04:24:00,0.4463738549773666
2019-10-21 04:27:00,0.28127044549876246
2019-10-21 04:30:00,0.36097305778469035
2019-10-21 04:33:00,0.23060040775953894
2019-10-21 04:36:00,0.296016673129202
2019-10-21 04:39:00,0.17360777577107456
2019-10-21 04:42:00,0.3382794788196293
2019-10-21 04:45:00,0.3085430819214139
2019-10-21 04:48:00,0.3154618529576396
2019-10-21 04:51:00,0.29301733988671685
2019-10-21 04:54:00,0.2576453216391883
2019-10-21 04:57:00,0.3705207726122808
2019-10-21 05:00:00,0.2591232957263401
2019-10-21 05:03:00,0.3743458008013931
2019-10-21 05:06:00,0.33263917199013804
2019-10-21 05:09:00,0.3537622190494858
2019-10-21 05:12:00,0.3733352864891799
2019-10-21 05:15:00,0.26616047661298126
2019-10-21 05:18:00,0.32131458056142037
2019-10-21 05:21:00,0.28312832793062626
2019-10-21 05:24:00,0.3744460300833339
2019-10-21 05:27:00,0.33865931015157
2019-10-21 05:30:00,0.409905227714205
2019-10-21 05:33:00,0.34060574901161544
2019-10-21 05:36:00,0.4007863320768479
2019-10-21 05:39:00,0.3707393296060104
2019-10-21 05:42:00,0.36318752591540715
2019-10-21 05:45:00,0.3332843925262523
2019-10-21 05:48:00,0.30951724928911517
2019-10-21 05:51:00,0.2786849638884519
2019-10-21 05:54:00,0.2847042827563655
2019-10-21 05:57:00,0.31705288276634747
2019-10-21 06:00:00,0.34078432679689286
2019-10-21 06:03:00,0.36578799754352076
2019-10-21 06:06:00,0.2809630870824549
2019-10-21 06:09:00,0.4100239370093277
2019-10-21 06:12:00,0.3565753961749465
2019-10-21 06:15:00,0.23809230678313043
2019-10-21 06:18:00,0.3374578837950253
2019-10-21 06:21:00,0.36221073383893554
2019-10-21 06:24:00,0.3012417498898685
2019-10-21 06:27:00,0.3397599475090942
2019-10-21 06:30:00,0.29876675961588717
2019-10-21 06:33:00,0.28547107495882074
2019-10-21 06:36:00,0.34176604104283115
2019-10-21 06:39:00,0.34365978609491776
2019-10-21 06:42:00,0.34307188159942825
2019-10-21 06:45:00,0.28694485335341824
2019-10-21 06:48:00,0.3872116291507268
2019-10-21 06:51:00,0.3347062085766197
2019-10-21 06:54:00,0.3563795771566447
2019-10-21 06:57:00,0.3005366930830746
2019-10-21 07:00:00,0.41277997072086237
2019-10-21 07:03:00,0.2822312917102181
2019-10-21 07:06:00,0.32352458753064184
2019-10-21 07:09:00,0.28770224167010383
2019-10-21 07:12:00,0.22951384503204508
2019-10-21 07:15:00,0.3567463532039028
2019-10-21 07:18:00,0.29957163782671614
2019-10-21 07:21:00,0.3185905752584972
2019-10-21 07:24:00,0.29691262891742554
2019-10-21 07:27:00,0.29821763907398235
2019-10-21 07:30:00,0.4017188940367191
2019-10-21 07:33:00,0.24819840386180658
2019-10-21 07:36:00,0.3583218266314816
2019-10-21 07:39:00,0.4079271880069655
2019-10-21 07:42:00,0.4091205565360383
2019-10-21 07:45:00,0.3569619380217546
2019-10-21 07:48:00,0.32727402989047505
2019-10-21 07:51:00,0.34542801552009905
2019-10-21 07:54:00,0.3434381189578062
2019-10-21 07:57:00,0.34404138934667117
2019-10-21 08:00:00,0.3257894881613197
2019-10-21 08:03:00,0.3552679577798017
2019-10-21 08:06:00,0.21327882956848043
2019-10-21 08:09:00,0.37363392763580805
2019-10-21 08:12:00,0.2524868012117736
2019-10-21 08:15:00,0.16144897423617977
2019-10-21 08:18:00,0.24523427679940824
2019-10-21 08:21:00,0.27226085697594726
2019-10-21 08:24:00,0.1923295073696636
2019-10-21 08:27:00,0.13896128488437398
2019-10-21 08:30:00,0.1758366404797016
2019-10-21 08:33:00,0.28740215923590995
2019-10-21 08:36:00,0.18839692253555995
2019-10-21 08:39:00,0.210935253908076
2019-10-21 08:42:00,0.2870678172810699
2019-10-21 08:45:00,0.25043367313173803
2019-10-21 08:48:00,0.22335772064974435
2019-10-21 08:51:00,0.321849706277078
2019-10-21 08:54:00,0.27930184740347386
2019-10-21 08:57:00,0.09641807858997709
2019-10-21 09:00:00,0.1329229225132167
2019-10-21 09:03:00,0.1351868497560531
2019-10-21 09:06:00,0.12806104064299006
2019-10-21 09:09:00,0.13827901380011554
2019-10-21 09:12:00,0.09422608863906135
2019-10-21 09:15:00,0.19674487806082652
2019-10-21 09:18:00,0.17749908341846776
2019-10-21 09:21:00,0.17686816269258543
2019-10-21 09:24:00,0.05214762695590025
2019-10-21 09:27:00,0.09928103501897567
2019-10-21 09:30:00,0.15057422654331276
2019-10-21 09:33:00,0.052461586713320685
2019-10-21 09:36:00,0.17540614088841266
2019-10-21 09:39:00,0.1707463447019677
2019-10-21 09:42:00,0.17350255495034617
2019-10-21 09:45:00,0.16898214068277184
2019-10-21 09:48:00,0.173136395117524
2019-10-21 09:51:00,0.12475019370316431
2019-10-21 09:54:00,0.12128743927667074
2019-10-21 09:57:00,0.10041961845371361
2019-10-21 10:00:00,0.09993015082039847
2019-10-21 10:03:00,0.15171124523345725
2019-10-21 10:06:00,0.17146663479587687
2019-10-21 10:09:00,0.14705004787595044
2019-10-21 10:12:00,0.07310456298080226
2019-10-21 10:15:00,0.07797059382625093
2019-10-21 10:18:00,0.07692683017575064
2019-10-21 10:21:00,0.08103654215108236
2019-10-21 10:24:00,0.03100482159021567
2019-10-21 10:27:00,0.058106876585270584
2019-10-21 10:30:00,0.1198449583691854
2019-10-21 10:33:00,-0.00877602759948104
2019-10-21 10:36:00,0.17575777632532663
2019-10-21 10:39:00,0.10451777254064609
2019-10-21 10:42:00,0.03684115993172554
2019-10-21 10:45:00,0.14032526918396115
2019-10-21 10:48:00,-0.014512361143317776
2019-10-21 10:51:00,-0.04091952356270667
2019-10-21 10:54:00,-0.081404655264123
2019-10-21 10:57:00,0.12631493596381915
2019-10-21 11:00:00,0.06583549571212188
2019-10-21 11:03:00,0.09778243745006421
2019-10-21 11:06:00,0.06175648042113835
2019-10-21 11:09:00,-0.14845241967168477
2019-10-21 11:12:00,0.00379831874181491
2019-10-21 11:15:00,0.026454785974294737
2019-10-21 11:18:00,-0.031578212619592705
2019-10-21 11:21:00,-0.022459086002470485
2019-10-21 11:24:00,-0.011406582619656547
2019-10-21 11:27:00,-0.10086890696470618
2019-10-21 11:30:00,-0.11226294196490016
2019-10-21 11:33:00,-0.043414819455676934
2019-10-21 11:36:00,-0.09630144536680518
2019-10-21 11:39:00,-0.14083950957973457
2019-10-21 11:42:00,-0.1672095262002813
2019-10-21 11:45:00,-0.12658114971685563
2019-10-21 11:48:00,-0.09617551937907365
2019-10-21 11:51:00,-0.09782056405015283
2019-10-21 11:54:00,-0.012097464282476267
2019-10-21 11:57:00,-0.0117167637894795
2019-10-21 12:00:00,0.03745526118302678
2019-10-21 12:03:00,-0.07288917701282571
2019-10-21 12:06:00,-0.05973568747953095
2019-10-21 12:09:00,0.01875265336133225
2019-10-21 12:12:00,0.056080828049744014
2019-10-21 12:15:00,-0.15052165973872889
2019-10-21 12:18:00,-0.06567927931155282
2019-10-21 12:21:00,0.15890716742671884
2019-10-21 12:24:00,0.027405203092826014
2019-10-21 12:27:00,-0.14066878421789397
2019-10-21 12:30:00,-0.01440355311666508
2019-10-21 12:33:00,-0.000274084899956506
2019-10-21 12:36:00,0.001269565281290852
2019-10-21 12:39:00,-0.11907954830553535
2019-10-21 12:42:00,-0.10111093815777394
2019-10-21 12:45:00,0.006652962258272055
2019-10-21 12:48:00,-0.06438077871268888
2019-10-21 12:51:00,-0.1921856892833489
2019-10-21 12:54:00,-0.004260613681935865
2019-10-21 12:57:00,0.00932716901746744
2019-10-21 13:00:00,0.10684410876694983
2019-10-21 13:03:00,0.012823080006512555
2019-10-21 13:06:00,0.12760167391923005
2019-10-21 13:09:00,0.09991728504377306
2019-10-21 13:12:00,0.0342035473214537
2019-10-21 13:15:00,-0.10455894415201783
2019-10-21 13:18:00,0.022603548076347124
2019-10-21 13:21:00,0.017685794986675774
2019-10-21 13:24:00,-0.026022574909291052
2019-10-21 13:27:00,0.041534033520918
2019-10-21 13:30:00,0.17686773572995662
2019-10-21 13:33:00,0.2952570885185537
2019-10-21 13:36:00,0.19168555482701777
2019-10-21 13:39:00,0.32577324513687245
2019-10-21 13:42:00,0.34367580294241407
2019-10-21 13:45:00,0.33780487495761236
2019-10-21 13:48:00,0.4473388065474637
2019-10-21 13:51:00,0.5348747839275916
2019-10-21 13:54:00,0.5329880122887403
2019-10-21 13:57:00,0.5661471169475476
2019-10-21 14:00:00,0.2964018833713453
2019-10-21 14:03:00,0.24945564620475125
2019-10-21 14:06:00,0.2012323237262308
2019-10-21 14:09:00,0.21201782633090716
2019-10-21 14:12:00,0.2908275686252182
2019-10-21 14:15:00,0.24758334421710515
2019-10-21 14:18:00,0.27998075320471116
2019-10-21 14:21:00,0.30143159268982345
2019-10-21 14:24:00,0.2486230589962588
2019-10-21 14:27:00,0.45995663213278704
2019-10-21 14:30:00,0.5884307729509715
2019-10-21 14:33:00,0.3794648351343426
2019-10-21 14:36:00,0.18071499023272963
2019-10-21 14:39:00,0.4320920250494851
2019-10-21 14:42:00,0.512139398799718
2019-10-21 14:45:00,0.37044112403054896
2019-10-21 14:48:00,0.34055238862652004
2019-10-21 14:51:00,0.5039008677603647
2019-10-21 14:54:00,0.30124022012921614
2019-10-21 14:57:00,0.21497132987786927
2019-10-21 15:00:00,0.30085035192757914
2019-10-21 15:03:00,0.2941488003482391
2019-10-21 15:06:00,0.23235164000118402
2019-10-21 15:09:00,0.32003295635877294
2019-10-21 15:12:00,0.22468342279614717
2019-10-21 15:15:00,0.19990678692272468
2019-10-21 15:18:00,0.2331193628259598
2019-10-21 15:21:00,0.3526113666853803
2019-10-21 15:24:00,0.3460607362341648
2019-10-21 15:27:00,0.2538605927541653
2019-10-21 15:30:00,0.2863229186266949
2019-10-21 15:33:00,0.27918336649537423
2019-10-21 15:36:00,0.324684640564044
2019-10-21 15:39:00,0.26827890943900456
2019-10-21 15:42:00,0.366349273349158
2019-10-21 15:45:00,0.2874156157899961
2019-10-21 15:48:00,0.29041334640612604
2019-10-21 15:51:00,0.4003050260824921
2019-10-21 15:54:00,0.3426891061302513
2019-10-21 15:57:00,0.2944627385176659
2019-10-21 16:00:00,0.3252834113978338
2019-10-21 16:03:00,0.349852455348298
2019-10-21 16:06:00,0.2561958071172512
2019-10-21 16:09:00,0.27317881308431424
2019-10-21 16:12:00,0.2808135228760307
2019-10-21 16:15:00,0.209962736951411
2019-10-21 16:18:00,0.3031112467093635
2019-10-21 16:21:00,0.3097631477547793
2019-10-21 16:24:00,0.26926536932086265
2019-10-21 16:27:00,0.2588021392803057
2019-10-21 16:30:00,0.30768684546950453
2019-10-21 16:33:00,0.2865972950295941
2019-10-21 16:36:00,0.2876155303140422
2019-10-21 16:39:00,0.2771532953566975
2019-10-21 16:42:00,0.2542185380666524
2019-10-21 16:45:00,0.27885183128910285
2019-10-21 16:48:00,0.2901271032750401
2019-10-21 16:51:00,0.24471172364610538
2019-10-21 16:54:00,0.20778661322862035
2019-10-21 16:57:00,0.1617099649740794
2019-10-21 17:00:00,0.17200714674754636
2019-10-21 17:03:00,0.2525665987611774
2019-10-21 17:06:00,0.17079159711693137
2019-10-21 17:09:00,0.23086079056821518
2019-10-21 17:12:00,0.2616200690686128
2019-10-21 17:15:00,0.31060858611169806
2019-10-21 17:18:00,0.20502661986574822
2019-10-21 17:21:00,0.24681815864715873
2019-10-21 17:24:00,0.2512108865316236
2019-10-21 17:27:00,0.21538458917183334
2019-10-21 17:30:00,0.13209451833188268
2019-10-21 17:33:00,0.19601778216878074
2019-10-21 17:36:00,0.27933457110179916
2019-10-21 17:39:00,0.2396021568802098
2019-10-21 17:42:00,0.21528381273139985
2019-10-21 17:45:00,0.18483926287666463
2019-10-21 17:48:00,0.21866758956633703
2019-10-21 17:51:00,0.29608461544762577
2019-10-21 17:54:00,0.20114138855637975
2019-10-21 17:57:00,0.15318552142491626
2019-10-21 18:00:00,0.3185978493354469
2019-10-21 18:03:00,0.18099005839985693
2019-10-21 18:06:00,0.25825277600614527
2019-10-21 18:09:00,0.24298714949054556
2019-10-21 18:12:00,0.19489813717041216
2019-10-21 18:15:00,0.18869504409491356
2019-10-21 18:18:00,0.34820942829190926
2019-10-21 18:21:00,0.30457597894309174
2019-10-21 18:24:00,0.28372650495975904
2019-10-21 18:27:00,0.2888836841747775
2019-10-21 18:30:00,0.19772502135219838
2019-10-21 18:33:00,0.2546274886205424
2019-10-21 18:36:00,0.23530996453331454
2019-10-21 18:39:00,0.268448178444487
2019-10-21 18:42:00,0.280513196917866
2019-10-21 18:45:00,0.31636765569140834
2019-10-21 18:48:00,0.18965424173205747
2019-10-21 18:51:00,0.2827325195398771
2019-10-21 18:54:00,
2019-10-21 18:57:00,
2019-10-21 19:00:00,
2019-10-21 19:03:00,0.2933848969678934
2019-10-21 19:06:00,0.23957819933451674
2019-10-21 19:09:00,0.1348302040640874
2019-10-21 19:12:00,0.1730978633317477
2019-10-21 19:15:00,0.23168526592951366
2019-10-21 19:18:00,0.23985785562075534
2019-10-21 19:21:00,0.19174135334066023
2019-10-21 19:24:00,0.16364963742552163
2019-10-21 19:27:00,0.13211228514035156
2019-10-21 19:30:00,0.3128224560478543
2019-10-21 19:33:00,0.1435185020524159
2019-10-21 19:36:00,0.22240728056846137
2019-10-21 19:39:00,0.3219920535992742
2019-10-21 19:42:00,0.19944959488674385
2019-10-21 19:45:00,0.24231989492756156
2019-10-21 19:48:00,0.2422780508055098
2019-10-21 19:51:00,0.16151618246976795
2019-10-21 19:54:00,0.2509381175879639
2019-10-21 19:57:00,0.25699243403181526
2019-10-21 20:00:00,0.23927070458790922
2019-10-21 20:03:00,0.23097580899951708
2019-10-21 20:06:00,0.27624392060323544
2019-10-21 20:09:00,0.25082532769806676
2019-10-21 20:12:00,0.28828034637984956
2019-10-21 20:15:00,0.281962621116179
2019-10-21 20:18:00,0.3112361030928241
2019-10-21 20:21:00,0.1737329191578283
2019-10-21 20:24:00,0.2352817667528484
2019-10-21 20:27:00,0.3065848840322474
2019-10-21 20:30:00,0.2806487124452133
2019-10-21 20:33:00,0.31911509254075554
2019-10-21 20:36:00,0.32301648986725695
2019-10-21 20:39:00,0.3091959848949273
2019-10-21 20:42:00,0.3488599990573107
2019-10-21 20:45:00,0.4480872703191494
2019-10-21 20:48:00,0.32743173838957773
2019-10-21 20:51:00,0.3403216643770861
2019-10-21 20:54:00,0.3807127768744749
2019-10-21 20:57:00,0.4378658634689714
2019-10-21 21:00:00,0.34481181913668024
2019-10-21 21:03:00,0.4070286636139713
2019-10-21 21:06:00,0.5071645662359288
2019-10-21 21:09:00,0.6047331899589494
2019-10-21 21:12:00,0.5950512525647014
2019-10-21 21:15:00,0.582371336167455
2019-10-21 21:18:00,0.6055050904814152
2019-10-21 21:21:00,0.5928860643938378
2019-10-21 21:24:00,0.5757471473232272
2019-10-21 21:27:00,0.5229921420517485
2019-10-21 21:30:00,0.4129525922353423
2019-10-21 21:33:00,0.447312658698479
2019-10-21 21:36:00,0.45342519360929145
2019-10-21 21:39:00,0.42823909196403065
2019-10-21 21:42:00,0.5139727508853866
2019-10-21 21:45:00,0.40451854643538354
2019-10-21 21:48:00,0.4414754876378879
2019-10-21 21:51:00,0.46007164804262857
2019-10-21 21:54:00,0.4407236681096265
2019-10-21 21:57:00,0.43661711574208084
2019-10-21 22:00:00,0.42993487664807617
2019-10-21 22:03:00,0.5120297057956691
2019-10-21 22:06:00,0.5349653320754442
2019-10-21 22:09:00,0.4430646133762366
2019-10-21 22:12:00,0.45330257427917786
2019-10-21 22:15:00,0.4344707601175628
2019-10-21 22:18:00,0.5196177383432428
2019-10-21 22:21:00,0.547343399977251
2019-10-21 22:24:00,0.48421346985611535
2019-10-21 22:27:00,0.5428425657267439
2019-10-21 22:30:00,0.4563226799850213
2019-10-21 22:33:00,0.46772976040284675
2019-10-21 22:36:00,0.4857483290555251
2019-10-21 22:39:00,0.4917140656799006
2019-10-21 22:42:00,0.556884542555224
2019-10-21 22:45:00,0.6554075784302427
2019-10-21 22:48:00,0.6231101107148334
2019-10-21 22:51:00,0.7348004769382896
2019-10-21 22:54:00,0.7223193831788421
2019-10-21 22:57:00,0.63151765810386
2019-10-21 23:00:00,0.6212892773754106
2019-10-21 23:03:00,0.5022161290598319
2019-10-21 23:06:00,0.6225910285782561
2019-10-21 23:09:00,0.6859152034188014
2019-10-21 23:12:00,0.5640244145226916
2019-10-21 23:15:00,0.7268887883616344
2019-10-21 23:18:00,0.6803210805667845
2019-10-21 23:21:00,0.8086432749869346
2019-10-21 23:24:00,0.8224540131002982
2019-10-21 23:27:00,0.8834135773048502
2019-10-21 23:30:00,0.8143986461357144
2019-10-21 23:33:00,0.6369518190453505
2019-10-21 23:36:00,0.542443708943324
2019-10-21 23:39:00,0.5164090019763421
2019-10-21 23:42:00,0.44705212377709813
2019-10-21 23:45:00,0.3803468193373192
2019-10-21 23:48:00,0.3957860439237493
2019-10-21 23:51:00,0.35640042349842815
2019-10-21 23:54:00,0.39248193654833585
2019-10-21 23:57:00,0.4534952990958345
2019-10-22 00:00:00,0.45777783197547706
2019-10-22 00:03:00,0.463627305575244
2019-10-22 00:06:00,0.5092049200785596
2019-10-22 00:09:00,0.40265540435399316
2019-10-22 00:12:00,0.4328011730650019
2019-10-22 00:15:00,0.40849677630853876
2019-10-22 00:18:00,0.44861772069651806
2019-10-22 00:21:00,0.3785586433324397
2019-10-22 00:24:00,0.4031138008345465
2019-10-22 00:27:00,0.4391026066419954
2019-10-22 00:30:00,0.5055134314841894
2019-10-22 00:33:00,0.43588845706744905
2019-10-22 00:36:00,0.47943033428521176
2019-10-22 00:39:00,0.3702681680443334
2019-10-22 00:42:00,0.3944245854100359
2019-10-22 00:45:00,0.45539854058978335
2019-10-22 00:48:00,0.40109267065997756
2019-10-22 00:51:00,0.39264111469680074
2019-10-22 00:54:00,0.4581835239737302
2019-10-22 00:57:00,0.41805739652988905
2019-10-22 01:00:00,0.4091818003892058
2019-10-22 01:03:00,0.41237886710331395
2019-10-22 01:06:00,0.38154925889540436
2019-10-22 01:09:00,0.3864415895111506
2019-10-22 01:12:00,0.29973691955723325
2019-10-22 01:15:00,0.3831742135255922
2019-10-22 01:18:00,0.3672792459703942
2019-10-22 01:21:00,0.38309425912774486
2019-10-22 01:24:00,0.3898287485000651
2019-10-22 01:27:00,0.40228345158516277
2019-10-22 01:30:00,0.40711916356605116
2019-10-22 01:33:00,0.45458663845408864
2019-10-22 01:36:00,0.42814651760539846
2019-10-22 01:39:00,0.3222804955358356
2019-10-22 01:42:00,0.4665177470315598
2019-10-22 01:45:00,0.3939662944738984
2019-10-22 01:48:00,0.4108857807377717
2019-10-22 01:51:00,0.43900170964377594
2019-10-22 01:54:00,0.41494937548606003
2019-10-22 01:57:00,0.5139437804820659
2019-10-22 02:00:00,0.4796007113754399
2019-10-22 02:03:00,0.44398852455998394
2019-10-22 02:06:00,0.4473680224269856
2019-10-22 02:09:00,0.4065909138839743
2019-10-22 02:12:00,0.3310048841385651
2019-10-22 02:15:00,0.4368652006540401
2019-10-22 02:18:00,0.41669258484108695
2019-10-22 02:21:00,0.5387099984159818
2019-10-22 02:24:00,0.5202377366869655
2019-10-22 02:27:00,0.41576569395061824
2019-10-22 02:30:00,0.4779986242094765
2019-10-22 02:33:00,0.4222542711332835
2019-10-22 02:36:00,0.4283098193259889
2019-10-22 02:39:00,0.38251146720807583
2019-10-22 02:42:00,0.4747759637104991
2019-10-22 02:45:00,0.4258194481319606
2019-10-22 02:48:00,0.5016859549260744
2019-10-22 02:51:00,0.41942140762699864
2019-10-22 02:54:00,0.36060741764976
2019-10-22 02:57:00,0.4689320199671556
2019-10-22 03:00:00,0.4793001865834299
2019-10-22 03:03:00,0.41527843679796206
2019-10-22 03:06:00,0.48198941139099816
2019-10-22 03:09:00,0.4292472411001995
2019-10-22 03:12:00,0.4751423937951813
2019-10-22 03:15:00,0.4578436418581191
2019-10-22 03:18:00,0.5015764060169658
2019-10-22 03:21:00,0.43757374377742053
2019-10-22 03:24:00,0.4678760499891723
2019-10-22 03:27:00,0.46265627632038786
2019-10-22 03:30:00,0.44120790136520327
2019-10-22 03:33:00,0.4067745653922543
2019-10-22 03:36:00,0.5051715047263201
2019-10-22 03:39:00,0.34417064512757634
2019-10-22 03:42:00,0.3551448619220423
2019-10-22 03:45:00,0.46096547109692665
2019-10-22 03:48:00,0.47249002050074296
2019-10-22 03:51:00,0.3337823195734586
2019-10-22 03:54:00,0.3330682662007689
2019-10-22 03:57:00,0.296018051340468
2019-10-22 04:00:00,0.43077015918237294
2019-10-22 04:03:00,0.45369861180353155
2019-10-22 04:06:00,0.5235823789587926
2019-10-22 04:09:00,0.4932949643876441
2019-10-22 04:12:00,0.5201241799794616
2019-10-22 04:15:00,0.49622377428886466
2019-10-22 04:18:00,0.5160363250593036
2019-10-22 04:21:00,0.4245010706796961
2019-10-22 04:24:00,0.5386731117378076
2019-10-22 04:27:00,0.47198273194698004
2019-10-22 04:30:00,0.5170965722263645
2019-10-22 04:33:00,0.4926872250120482
2019-10-22 04:36:00,0.46608407065878055
2019-10-22 04:39:00,0.4446634275253132
2019-10-22 04:42:00,0.4451735379709021
2019-10-22 04:45:00,0.5042815774492624
2019-10-22 04:48:00,0.5984983193188782
2019-10-22 04:51:00,0.5410726349559809
2019-10-22 04:54:00,0.4386244043446368
2019-10-22 04:57:00,0.5154777901175294
2019-10-22 05:00:00,0.4113887090459798
2019-10-22 05:03:00,0.4148465299154509
2019-10-22 05:06:00,0.45179305713963913
2019-10-22 05:09:00,0.4780673748903723
2019-10-22 05:12:00,0.5768115293660685
2019-10-22 05:15:00,0.5022970514876874
2019-10-22 05:18:00,0.4748289095619498
2019-10-22 05:21:00,0.5718739645370761
2019-10-22 05:24:00,0.5410153337337533
2019-10-22 05:27:00,0.52528454030994
2019-10-22 05:30:00,0.3924093365474164
2019-10-22 05:33:00,0.4548104639984558
2019-10-22 05:36:00,0.5256763017003436
2019-10-22 05:39:00,0.38157289508620806
2019-10-22 05:42:00,0.503317685111142
2019-10-22 05:45:00,0.44283628355208293
2019-10-22 05:48:00,0.534277392072056
2019-10-22 05:51:00,0.4863697603000787
2019-10-22 05:54:00,0.4786900027633578
2019-10-22 05:57:00,0.5057632903133822
2019-10-22 06:00:00,0.5549605890017233
2019-10-22 06:03:00,0.620624884932738
2019-10-22 06:06:00,0.5711024694483626
2019-10-22 06:09:00,0.5670968423484624
2019-10-22 06:12:00,0.5566004518593104
2019-10-22 06:15:00,0.5669559879523263
2019-10-22 06:18:00,0.5220840509924756
2019-10-22 06:21:00,0.5004460863159466
2019-10-22 06:24:00,0.48247373806691485
2019-10-22 06:27:00,0.5915397871031587
2019-10-22 06:30:00,0.6152794928633512
2019-10-22 06:33:00,0.5349100550582193
2019-10-22 06:36:00,0.46354760709027687
2019-10-22 06:39:00,0.5804457069009459
2019-10-22 06:42:00,0.5529470756185333
2019-10-22 06:45:00,0.49110707329805336
2019-10-22 06:48:00,0.5311091331695934
2019-10-22 06:51:00,0.5752296238414374
2019-10-22 06:54:00,0.5573195131299258
2019-10-22 06:57:00,0.40162745401164557
2019-10-22 07:00:00,0.5926194665161688
2019-10-22 07:03:00,0.5799088552364537
2019-10-22 07:06:00,0.6049436197500313
2019-10-22 07:09:00,0.5227308941401816
2019-10-22 07:12:00,0.491280049216698
2019-10-22 07:15:00,0.5437790493822945
2019-10-22 07:18:00,0.49947257067941564
2019-10-22 07:21:00,0.5096571111446906
2019-10-22 07:24:00,0.5733569263388176
2019-10-22 07:27:00,0.5335489562602334
2019-10-22 07:30:00,0.5218926439702045
2019-10-22 07:33:00,0.49033657064319414
2019-10-22 07:36:00,0.41469123085090587
2019-10-22 07:39:00,0.4699648480136034
2019-10-22 07:42:00,0.4146891408693705
2019-10-22 07:45:00,0.42855225374938755
2019-10-22 07:48:00,0.4644724608822344
2019-10-22 07:51:00,0.408807376694142
2019-10-22 07:54:00,0.38588730862790044
2019-10-22 07:57:00,0.3317382775166493
2019-10-22 08:00:00,0.4114701716565037
2019-10-22 08:03:00,0.34284722589154626
2019-10-22 08:06:00,0.40226617614865745
2019-10-22 08:09:00,0.43184453195334527
2019-10-22 08:12:00,0.3983800413111567
2019-10-22 08:15:00,0.33055504733528096
2019-10-22 08:18:00,0.45194771433074266
2019-10-22 08:21:00,0.2860120143449194
2019-10-22 08:24:00,0.35787997081502
2019-10-22 08:27:00,0.3097273275375301
2019-10-22 08:30:00,0.3479034903261322
2019-10-22 08:33:00,0.32707529953756875
2019-10-22 08:36:00,0.2657296481645517
2019-10-22 08:39:00,0.2131397693259487
2019-10-22 08:42:00,0.21270926743454766
2019-10-22 08:45:00,0.1988366792631382
2019-10-22 08:48:00,0.2540166981891048
2019-10-22 08:51:00,0.14131564659828655
2019-10-22 08:54:00,0.2648043585932669
2019-10-22 08:57:00,0.18488547911516662
2019-10-22 09:00:00,0.17879353347274218
2019-10-22 09:03:00,0.18812645721669696
2019-10-22 09:06:00,0.2101408155011768
2019-10-22 09:09:00,0.07901845027879517
2019-10-22 09:12:00,0.16353753995724674
2019-10-22 09:15:00,0.19584178517601458
2019-10-22 09:18:00,0.17243662536543525
2019-10-22 09:21:00,0.19515091281522245
2019-10-22 09:24:00,0.033096634150410864
2019-10-22 09:27:00,0.035074264698039315
2019-10-22 09:30:00,0.11173768862369116
2019-10-22 09:33:00,0.052171010567860776
2019-10-22 09:36:00,0.07540710114483318
2019-10-22 09:39:00,0.12736046288728176
2019-10-22 09:42:00,0.012517418772574729
2019-10-22 09:45:00,0.021558081506157123
2019-10-22 09:48:00,0.12853502289107155
2019-10-22 09:51:00,0.06510682906747434
2019-10-22 09:54:00,0.0431711441295306
2019-10-22 09:57:00,0.009450850322707538
2019-10-22 10:00:00,0.003799412324383411
2019-10-22 10:03:00,-0.007946966109614095
2019-10-22 10:06:00,-0.021332010466153406
2019-10-22 10:09:00,-0.0287329130143803
2019-10-22 10:12:00,-0.03194699720108929
2019-10-22 10:15:00,0.004975499757563284
2019-10-22 10:18:00,0.12071192168605194
2019-10-22 10:21:00,0.09838479616291806
2019-10-22 10:24:00,0.10582235796317718
2019-10-22 10:27:00,0.19690460902802442
2019-10-22 10:30:00,0.2709783405655912
2019-10-22 10:33:00,0.35510632096804784
2019-10-22 10:36:00,0.08255332647053137
2019-10-22 10:39:00,0.10515913033771085
2019-10-22 10:42:00,0.06350090802726527
2019-10-22 10:45:00,0.10406905801391986
2019-10-22 10:48:00,0.12524643017462722
2019-10-22 10:51:00,-0.014659994875898974
2019-10-22 10:54:00,0.0594618961854394
2019-10-22 10:57:00,-0.006414527723848096
2019-10-22 11:00:00,0.12512581911971665
2019-10-22 11:03:00,0.05082056326642714
2019-10-22 11:06:00,0.08230342246201872
2019-10-22 11:09:00,0.0013952956768434888
2019-10-22 11:12:00,0.1985783029639947
2019-10-22 11:15:00,0.29416099587643885
2019-10-22 11:18:00,0.42752955956723326
2019-10-22 11:21:00,0.4521916516229112
2019-10-22 11:24:00,0.39216395562772277
2019-10-22 11:27:00,0.39814975187869095
2019-10-22 11:30:00,0.3773102797365482
2019-10-22 11:33:00,0.38102333286417434
2019-10-22 11:36:00,0.4155709301781485
2019-10-22 11:39:00,0.528319770707526
2019-10-22 11:42:00,0.4098896243304466
2019-10-22 11:45:00,0.35984861310095084
2019-10-22 11:48:00,0.26138498321142833
2019-10-22 11:51:00,-0.007421888390638287
2019-10-22 11:54:00,-0.0752690711489663
2019-10-22 11:57:00,-0.015869083540053452
2019-10-22 12:00:00,-0.03295791012698146
2019-10-22 12:03:00,0.2072194990250864
2019-10-22 12:06:00,0.15212639911896986
2019-10-22 12:09:00,0.2263670088635763
2019-10-22 12:12:00,0.22408472258786105
2019-10-22 12:15:00,0.10426648561883667
2019-10-22 12:18:00,0.1351036850008427
2019-10-22 12:21:00,0.03178453774967238
2019-10-22 12:24:00,0.0043792195121454824
2019-10-22 12:27:00,0.07385450952523342
2019-10-22 12:30:00,-0.05822717126613952
2019-10-22 12:33:00,-0.11681860774365305
2019-10-22 12:36:00,-0.07100873845234901
2019-10-22 12:39:00,-0.15450298873884094
2019-10-22 12:42:00,-0.03364098366228063
2019-10-22 12:45:00,-0.09997636461463344
2019-10-22 12:48:00,0.0038982027431302413
2019-10-22 12:51:00,0.016320898857145494
2019-10-22 12:54:00,-0.04457479090530114
2019-10-22 12:57:00,0.04595585387534129
2019-10-22 13:00:00,-0.0008415990806724949
2019-10-22 13:03:00,0.030127040530601334
2019-10-22 13:06:00,-0.021216084198556473
2019-10-22 13:09:00,-0.08729643315001567
2019-10-22 13:12:00,-0.1207836764515946
2019-10-22 13:15:00,-0.06719569074346055
2019-10-22 13:18:00,-0.14655888261427208
2019-10-22 13:21:00,-0.20679267902312404
2019-10-22 13:24:00,-0.185847297862324
2019-10-22 13:27:00,-0.24394420712297915
2019-10-22 13:30:00,0.14291563232126236
2019-10-22 13:33:00,-0.1769981182085303
2019-10-22 13:36:00,-0.2253281084399532
2019-10-22 13:39:00,-0.20564105749178907
2019-10-22 13:42:00,-0.31821223909275886
2019-10-22 13:45:00,-0.2741732843175555
2019-10-22 13:48:00,-0.2131949177700676
2019-10-22 13:51:00,-0.1918508622723607
2019-10-22 13:54:00,-0.2774970861800057
2019-10-22 13:57:00,-0.19356203917340054
2019-10-22 14:00:00,-0.21224762744577674
2019-10-22 14:03:00,-0.22298570147370356
2019-10-22 14:06:00,-0.2226105398823961
2019-10-22 14:09:00,-0.10796774168238699
2019-10-22 14:12:00,-0.12327832142210582
2019-10-22 14:15:00,-0.23377406024002312
2019-10-22 14:18:00,-0.23087234423962855
2019-10-22 14:21:00,-0.12254234185110136
2019-10-22 14:24:00,-0.1731254265332609
2019-10-22 14:27:00,-0.24551915581287176
2019-10-22 14:30:00,-0.2469934944783745
2019-10-22 14:33:00,-0.20854978242880406
2019-10-22 14:36:00,-0.1730956155927288
2019-10-22 14:39:00,-0.34512381853801344
2019-10-22 14:42:00,-0.17191931936503124
2019-10-22 14:45:00,-0.16752578572265975
2019-10-22 14:48:00,-0.2269176356357434
2019-10-22 14:51:00,-0.1816297148032504
2019-10-22 14:54:00,-0.1014721336946991
2019-10-22 14:57:00,-0.08374741502456118
2019-10-22 15:00:00,-0.12681502899846464
2019-10-22 15:03:00,-0.093923703494454
2019-10-22 15:06:00,-0.02600457596435035
2019-10-22 15:09:00,-0.061516275762357964
2019-10-22 15:12:00,0.008672717906904381
2019-10-22 15:15:00,-0.1004799298754051
2019-10-22 15:18:00,-0.0873251667019872
2019-10-22 15:21:00,0.046698594896497525
2019-10-22 15:24:00,-0.05089412156212347
2019-10-22 15:27:00,-0.05124916509561217
2019-10-22 15:30:00,0.018843427149647596
2019-10-22 15:33:00,-0.047655388010241495
2019-10-22 15:36:00,0.0006525830131636212
2019-10-22 15:39:00,-0.09025759217291807
2019-10-22 15:42:00,-0.10030720270259508
2019-10-22 15:45:00,-0.03303239822548676
2019-10-22 15:48:00,-0.013671225610607962
2019-10-22 15:51:00,0.009044656929347639
2019-10-22 15:54:00,0.02149449817824234
2019-10-22 15:57:00,-0.03370328248200849
2019-10-22 16:00:00,-0.0400584572033722
2019-10-22 16:03:00,0.012462046667565119
2019-10-22 16:06:00,-0.00040623686771823486
2019-10-22 16:09:00,-0.013622534288344923
2019-10-22 16:12:00,-0.04256781508502172
2019-10-22 16:15:00,-0.04031213590593552
2019-10-22 16:18:00,-0.061422093802946165
2019-10-22 16:21:00,0.044714184945860325
2019-10-22 16:24:00,-0.0018624919832745945
2019-10-22 16:27:00,-0.07733736445851491
2019-10-22 16:30:00,-0.06998732886347625
2019-10-22 16:33:00,-0.14593798984208206
2019-10-22 16:36:00,-0.08070252829463698
2019-10-22 16:39:00,-0.043149633009988975
2019-10-22 16:42:00,-0.13117841921695117
2019-10-22 16:45:00,-0.1455626991171357
2019-10-22 16:48:00,-0.09901045712939549
2019-10-22 16:51:00,-0.012402051141862103
2019-10-22 16:54:00,-0.07974324103759045
2019-10-22 16:57:00,-0.03464238370992234
2019-10-22 17:00:00,-0.014428727586619061
2019-10-22 17:03:00,-0.09304596119909547
2019-10-22 17:06:00,-0.004634620344745599
2019-10-22 17:09:00,-0.11431315128027109
2019-10-22 17:12:00,-0.010117528199316439
2019-10-22 17:15:00,0.004556501797196688
2019-10-22 17:18:00,-0.05148072982035501
2019-10-22 17:21:00,0.04180112603989983
2019-10-22 17:24:00,0.028918386441318944
2019-10-22 17:27:00,0.025750408627914112
2019-10-22 17:30:00,0.08439045428735881
2019-10-22 17:33:00,0.017249873356888656
2019-10-22 17:36:00,0.12156623430490754
2019-10-22 17:39:00,-0.05272493812310586
2019-10-22 17:42:00,0.009341127853303988
2019-10-22 17:45:00,0.06384175028870231
2019-10-22 17:48:00,-0.022988705957061484
2019-10-22 17:51:00,0.013913936544668104
2019-10-22 17:54:00,0.09744980320715513
2019-10-22 17:57:00,0.041793662821930866
2019-10-22 18:00:00,0.037158336176332796
2019-10-22 18:03:00,0.022746825923263714
2019-10-22 18:06:00,0.0811346345070092
2019-10-22 18:09:00,0.09020189490769326
2019-10-22 18:12:00,0.03425888801092469
2019-10-22 18:15:00,0.05029405893742478
2019-10-22 18:18:00,0.050473851221624955
2019-10-22 18:21:00,0.16440310298486338
2019-10-22 18:24:00,0.12202953428749197
2019-10-22 18:27:00,0.08793423156851077
2019-10-22 18:30:00,0.03215324845518808
2019-10-22 18:33:00,-0.008998216779673385
2019-10-22 18:36:00,-0.008071054467734484
2019-10-22 18:39:00,0.08217364743796907
2019-10-22 18:42:00,0.1472906772730198
2019-10-22 18:45:00,0.18779143326833037
2019-10-22 18:48:00,0.13822141407325717
2019-10-22 18:51:00,0.26341541613447816
2019-10-22 18:54:00,0.24334703706591654
2019-10-22 18:57:00,
2019-10-22 19:00:00,
2019-10-22 19:03:00,0.3247018980123926
2019-10-22 19:06:00,0.32032735129712364
2019-10-22 19:09:00,0.31993147368172004
2019-10-22 19:12:00,0.2927336512876195
2019-10-22 19:15:00,0.29784530879953763
2019-10-22 19:18:00,0.2295683064371019
2019-10-22 19:21:00,0.06390145598254549
2019-10-22 19:24:00,0.07035040652453972
2019-10-22 19:27:00,0.23935519124012217
2019-10-22 19:30:00,0.1515694193907393
2019-10-22 19:33:00,0.23085962300370966
2019-10-22 19:36:00,0.21000418940798227
2019-10-22 19:39:00,0.18078800854692645
2019-10-22 19:42:00,0.19382570327258009
2019-10-22 19:45:00,0.1818682720317497
2019-10-22 19:48:00,0.22642073916085792
2019-10-22 19:51:00,0.2995942042571187
2019-10-22 19:54:00,0.3111241165563001
2019-10-22 19:57:00,0.23727709764517613
2019-10-22 20:00:00,0.27003642563619223
2019-10-22 20:03:00,0.3166912258244565
2019-10-22 20:06:00,0.2891565974791206
2019-10-22 20:09:00,0.4112030761569372
2019-10-22 20:12:00,0.27373659202248746
2019-10-22 20:15:00,0.19893709736066967
2019-10-22 20:18:00,0.2117686691178733
2019-10-22 20:21:00,0.30937271213139184
2019-10-22 20:24:00,0.2752837721472474
2019-10-22 20:27:00,0.2342744246018924
2019-10-22 20:30:00,0.2735170292804696
2019-10-22 20:33:00,0.2079781812479382
2019-10-22 20:36:00,0.24270183511328014
2019-10-22 20:39:00,0.2623450756470902
2019-10-22 20:42:00,0.12712207808624498
2019-10-22 20:45:00,0.17698408612471894
2019-10-22 20:48:00,0.1898033095754954
2019-10-22 20:51:00,0.267316832513643
2019-10-22 20:54:00,0.11099218125929156
2019-10-22 20:57:00,0.23509261542642435
2019-10-22 21:00:00,0.1130871189360505
2019-10-22 21:03:00,0.2988836686054128
2019-10-22 21:06:00,0.3407027417288191
2019-10-22 21:09:00,0.3762508083675584
2019-10-22 21:12:00,0.4769799469577265
2019-10-22 21:15:00,0.30253185277234707
2019-10-22 21:18:00,0.4484118930543559
2019-10-22 21:21:00,0.4083667785634475
2019-10-22 21:24:00,0.30760891606195173
2019-10-22 21:27:00,0.37285264623039893
2019-10-22 21:30:00,0.30366553431042576
2019-10-22 21:33:00,0.32881734449409805
2019-10-22 21:36:00,0.3472044656426192
2019-10-22 21:39:00,0.4063741543695869
2019-10-22 21:42:00,0.38258329710242833
2019-10-22 21:45:00,0.42385539546427253
2019-10-22 21:48:00,0.2801740876026315
2019-10-22 21:51:00,0.2666540637566186
2019-10-22 21:54:00,0.4369428268348088
2019-10-22 21:57:00,0.341831840286261
2019-10-22 22:00:00,0.4339838459206362
2019-10-22 22:03:00,0.4014840099059711
2019-10-22 22:06:00,0.431635358399717
2019-10-22 22:09:00,0.5380236070872115
2019-10-22 22:12:00,0.6931715886366874
2019-10-22 22:15:00,0.6408255048826277
2019-10-22 22:18:00,0.7822143623789088
2019-10-22 22:21:00,0.6549779135730773
2019-10-22 22:24:00,0.6812084559084042
2019-10-22 22:27:00,0.721461914717338
2019-10-22 22:30:00,0.6952199321669923
2019-10-22 22:33:00,0.7831169800764428
2019-10-22 22:36:00,1.0059593562635314
2019-10-22 22:39:00,1.0176105340504478
2019-10-22 22:42:00,0.9236592873736527
2019-10-22 22:45:00,0.9908331126392795
2019-10-22 22:48:00,0.9545244502531887
2019-10-22 22:51:00,0.8350933493786101
2019-10-22 22:54:00,0.803696711298187
2019-10-22 22:57:00,0.7615498592020344
2019-10-22 23:00:00,0.6892670085447321
2019-10-22 23:03:00,0.7700281149441253
2019-10-22 23:06:00,0.7138700859991332
2019-10-22 23:09:00,0.6987972574239052
2019-10-22 23:12:00,0.737919070709097
2019-10-22 23:15:00,0.7491694863138605
2019-10-22 23:18:00,0.8006405231281519
2019-10-22 23:21:00,0.8020812950943537
2019-10-22 23:24:00,0.7618015267674991
2019-10-22 23:27:00,0.7412375002134581
2019-10-22 23:30:00,0.6653925552236615
2019-10-22 23:33:00,0.7678360927730523
2019-10-22 23:36:00,0.6342941807558304
2019-10-22 23:39:00,0.6954642854501003
2019-10-22 23:42:00,0.6340029566417229
2019-10-22 23:45:00,0.6082315358357846
2019-10-22 23:48:00,0.6106461712799955
2019-10-22 23:51:00,0.46288274061362245
2019-10-22 23:54:00,0.550892962728426
2019-10-22 23:57:00,0.540649932239603
2019-10-23 00:00:00,0.5935248364510812
2019-10-23 00:03:00,0.6403884167212368
2019-10-23 00:06:00,0.6159947165966742
2019-10-23 00:09:00,0.6423815493652114
2019-10-23 00:12:00,0.6260573212634313
2019-10-23 00:15:00,0.5425243650410607
2019-10-23 00:18:00,0.6666434507400822
2019-10-23 00:21:00,0.5864426894138433
2019-10-23 00:24:00,0.5942585511048151
2019-10-23 00:27:00,0.5252330597473929
2019-10-23 00:30:00,0.6427191241970718
2019-10-23 00:33:00,0.648290388407986
2019-10-23 00:36:00,0.548967894421196
2019-10-23 00:39:00,0.642076382138896
2019-10-23 00:42:00,0.6058709297837481
2019-10-23 00:45:00,0.6192558505954935
2019-10-23 00:48:00,0.6028162200801148
2019-10-23 00:51:00,0.5578292153426219
2019-10-23 00:54:00,0.6540928565248691
2019-10-23 00:57:00,0.6194866534468702
2019-10-23 01:00:00,0.7032667797226964
2019-10-23 01:03:00,0.6917227711999772
2019-10-23 01:06:00,0.55824911959769
2019-10-23 01:09:00,0.5101210441845865
2019-10-23 01:12:00,0.5321740127755561
2019-10-23 01:15:00,0.648264162751218
2019-10-23 01:18:00,0.4545741109423602
2019-10-23 01:21:00,0.46031862109094845
2019-10-23 01:24:00,0.5813594797713222
2019-10-23 01:27:00,0.6551763847483016
2019-10-23 01:30:00,0.4926160949337941
2019-10-23 01:33:00,0.5509651195828837
2019-10-23 01:36:00,0.5481604000135007
2019-10-23 01:39:00,0.4078485557825502
2019-10-23 01:42:00,0.5590094060870001
2019-10-23 01:45:00,0.500464855635073
2019-10-23 01:48:00,0.5490082327163464
2019-10-23 01:51:00,0.5983821634123387
2019-10-23 01:54:00,0.4788524568668322
2019-10-23 01:57:00,0.6778168459376843
2019-10-23 02:00:00,0.5766554410351432
2019-10-23 02:03:00,0.6053899344000229
2019-10-23 02:06:00,0.6140831561896789
2019-10-23 02:09:00,0.5852409167741826
2019-10-23 02:12:00,0.5682979678011861
2019-10-23 02:15:00,0.5917998194007055
2019-10-23 02:18:00,0.6444865884625415
2019-10-23 02:21:00,0.735962924872922
2019-10-23 02:24:00,0.6731315917018037
2019-10-23 02:27:00,0.617851810231798
2019-10-23 02:30:00,0.629178798872772
2019-10-23 02:33:00,0.704742821483535
2019-10-23 02:36:00,0.4843020315949502
2019-10-23 02:39:00,0.7246699704954267
2019-10-23 02:42:00,0.7654618354330864
2019-10-23 02:45:00,0.5732752254996285
2019-10-23 02:48:00,0.6500449439985232
2019-10-23 02:51:00,0.6141966413817386
2019-10-23 02:54:00,0.6828604330466419
2019-10-23 02:57:00,0.6909685063835695
2019-10-23 03:00:00,0.580858065691018
2019-10-23 03:03:00,0.630845390810066
2019-10-23 03:06:00,0.6756598079353466
2019-10-23 03:09:00,0.6612846344199284
2019-10-23 03:12:00,0.7145230906191387
2019-10-23 03:15:00,0.6633854552079015
2019-10-23 03:18:00,0.6481717445400363
2019-10-23 03:21:00,0.6008405945505615
2019-10-23 03:24:00,0.5757151643125553
2019-10-23 03:27:00,0.6667478454959337
2019-10-23 03:30:00,0.6200300908120653
2019-10-23 03:33:00,0.5314659241072377
2019-10-23 03:36:00,0.5689162846185809
2019-10-23 03:39:00,0.5669364990561689
2019-10-23 03:42:00,0.5299966253122648
2019-10-23 03:45:00,0.5589800465126018
2019-10-23 03:48:00,0.5678954530772558
2019-10-23 03:51:00,0.6093716046597137
2019-10-23 03:54:00,0.487919146420154
2019-10-23 03:57:00,0.46169841495691344
2019-10-23 04:00:00,0.5175723082537047
2019-10-23 04:03:00,0.5667562228136944
2019-10-23 04:06:00,0.503590097049198
2019-10-23 04:09:00,0.48469802229402603
2019-10-23 04:12:00,0.4775811793402909
2019-10-23 04:15:00,0.43648418404546874
2019-10-23 04:18:00,0.49365980343577576
2019-10-23 04:21:00,0.4889073088636451
2019-10-23 04:24:00,0.5818942281912882
2019-10-23 04:27:00,0.56301260912403
2019-10-23 04:30:00,0.5005811702003484
2019-10-23 04:33:00,0.5722583501690224
2019-10-23 04:36:00,0.5569779973066602
2019-10-23 04:39:00,0.5853357097407752
2019-10-23 04:42:00,0.6042513186687302
2019-10-23 04:45:00,0.5143424309874831
2019-10-23 04:48:00,0.513237089502411
2019-10-23 04:51:00,0.48563493344960307
2019-10-23 04:54:00,0.44066592691166306
2019-10-23 04:57:00,0.5719764428076246
2019-10-23 05:00:00,0.5372061929930965
2019-10-23 05:03:00,0.6042528101169182
2019-10-23 05:06:00,0.5369114307008545
2019-10-23 05:09:00,0.5390459007311961
2019-10-23 05:12:00,0.5553012794218262
2019-10-23 05:15:00,0.5584776183095528
2019-10-23 05:18:00,0.5007235981890972
2019-10-23 05:21:00,0.5479280380641285
2019-10-23 05:24:00,0.4343436347025431
2019-10-23 05:27:00,0.46786627136413017
2019-10-23 05:30:00,0.5011994754132161
2019-10-23 05:33:00,0.5213676918873489
2019-10-23 05:36:00,0.5518097125251415
2019-10-23 05:39:00,0.5577473561692159
2019-10-23 05:42:00,0.44815695292862756
2019-10-23 05:45:00,0.5517663466605427
2019-10-23 05:48:00,0.5624219983682792
2019-10-23 05:51:00,0.5541351749740784
2019-10-23 05:54:00,0.5954063443231803
2019-10-23 05:57:00,0.4762369916838338
2019-10-23 06:00:00,0.47125896772178066
2019-10-23 06:03:00,0.533709568516656
2019-10-23 06:06:00,0.45034063731480956
2019-10-23 06:09:00,0.46446436018175064
2019-10-23 06:12:00,0.4567887699656694
2019-10-23 06:15:00,0.42911183933506436
2019-10-23 06:18:00,0.45850976422462963
2019-10-23 06:21:00,0.5323279150074995
2019-10-23 06:24:00,0.5003429782350963
2019-10-23 06:27:00,0.5235411264187633
2019-10-23 06:30:00,0.5980331770634848
2019-10-23 06:33:00,0.6236863388565439
2019-10-23 06:36:00,0.47671801816767356
2019-10-23 06:39:00,0.5280464611641378
2019-10-23 06:42:00,0.4577478750038608
2019-10-23 06:45:00,0.4804492880299449
2019-10-23 06:48:00,0.3993652442877078
2019-10-23 06:51:00,0.41513079427392086
2019-10-23 06:54:00,0.4309293779919585
2019-10-23 06:57:00,0.4451898340602156
2019-10-23 07:00:00,0.48782574445596083
2019-10-23 07:03:00,0.3867477993607622
2019-10-23 07:06:00,0.4919298906821723
2019-10-23 07:09:00,0.44797554006328255
2019-10-23 07:12:00,0.4047566101348252
2019-10-23 07:15:00,0.40100228476478605
2019-10-23 07:18:00,0.5110173178842388
2019-10-23 07:21:00,0.4381490640987522
2019-10-23 07:24:00,0.5362487392575872
2019-10-23 07:27:00,0.3908124572282645
2019-10-23 07:30:00,0.46108643229558766
2019-10-23 07:33:00,0.4640581573247573
2019-10-23 07:36:00,0.39812740576962824
2019-10-23 07:39:00,0.3857039872758605
2019-10-23 07:42:00,0.5091070744397257
2019-10-23 07:45:00,0.48673616769895034
2019-10-23 07:48:00,0.5040861423612455
2019-10-23 07:51:00,0.44032507208322613
2019-10-23 07:54:00,0.39494022942704987
2019-10-23 07:57:00,0.3408770102927292
2019-10-23 08:00:00,0.4758470591238506
2019-10-23 08:03:00,0.4279206906427362
2019-10-23 08:06:00,0.40578998568526004
2019-10-23 08:09:00,0.34501720203610375
2019-10-23 08:12:00,0.4256586335693555
2019-10-23 08:15:00,0.35972042530249837
2019-10-23 08:18:00,0.40698515765916454
2019-10-23 08:21:00,0.24975511337919443
2019-10-23 08:24:00,0.4239904156055445
2019-10-23 08:27:00,0.38430897003149767
2019-10-23 08:30:00,0.43176304981938074
2019-10-23 08:33:00,0.38687500132112973
2019-10-23 08:36:00,0.33190055781039973
2019-10-23 08:39:00,0.28341488989900654
2019-10-23 08:42:00,0.4026233511301598
2019-10-23 08:45:00,0.2935431356294771
2019-10-23 08:48:00,0.32104412368573776
2019-10-23 08:51:00,0.2965579355087584
2019-10-23 08:54:00,0.21711535715479613
2019-10-23 08:57:00,0.30602188047231493
2019-10-23 09:00:00,0.25079055027390496
2019-10-23 09:03:00,0.25118342973041763
2019-10-23 09:06:00,0.21357824555627758
2019-10-23 09:09:00,0.3060318425126525
2019-10-23 09:12:00,0.21597367644210408
2019-10-23 09:15:00,0.25144088263812137
2019-10-23 09:18:00,0.2638504653488667
2019-10-23 09:21:00,0.24734235462136667
2019-10-23 09:24:00,0.2239362133481677
2019-10-23 09:27:00,0.29390731895819044
2019-10-23 09:30:00,0.2399195495641493
2019-10-23 09:33:00,0.3085059064400184
2019-10-23 09:36:00,0.18903368189262437
2019-10-23 09:39:00,0.3118736306025198
2019-10-23 09:42:00,0.2006585992958776
2019-10-23 09:45:00,0.18709671841497766
2019-10-23 09:48:00,0.25187256361033405
2019-10-23 09:51:00,0.19687889796085756
2019-10-23 09:54:00,0.18606589648555882
2019-10-23 09:57:00,0.11503253696491811
2019-10-23 10:00:00,0.07814184935892854
2019-10-23 10:03:00,0.1021553557174002
2019-10-23 10:06:00,0.127300651427106
2019-10-23 10:09:00,0.11710143595325917
2019-10-23 10:12:00,0.13206454957787628
2019-10-23 10:15:00,0.11000532819480213
2019-10-23 10:18:00,0.12233596676367142
2019-10-23 10:21:00,0.12141270271257554
2019-10-23 10:24:00,0.1426571230011291
2019-10-23 10:27:00,0.17182305696246658
2019-10-23 10:30:00,0.07032974198841657
2019-10-23 10:33:00,0.10639166656267207
2019-10-23 10:36:00,0.11450112180284577
2019-10-23 10:39:00,0.16228619647375808
2019-10-23 10:42:00,0.15719970913897896
2019-10-23 10:45:00,0.08545633299144129
2019-10-23 10:48:00,0.07354377501280851
2019-10-23 10:51:00,0.0679936439512403
2019-10-23 10:54:00,0.04040740097349271
2019-10-23 10:57:00,0.11855539473043564
2019-10-23 11:00:00,-0.013809414879915494
2019-10-23 11:03:00,-0.12345506459291755
2019-10-23 11:06:00,-0.0037001924054607116
2019-10-23 11:09:00,0.05195801331177563
2019-10-23 11:12:00,0.08415482611871994
2019-10-23 11:15:00,-0.02468842855893172
2019-10-23 11:18:00,0.004214735210268827
2019-10-23 11:21:00,0.018425947354671735
2019-10-23 11:24:00,-0.044832915589665845
2019-10-23 11:27:00,0.015289784690423858
2019-10-23 11:30:00,-0.0478211227800216
2019-10-23 11:33:00,0.017574833905825926
2019-10-23 11:36:00,-0.07523693889555716
2019-10-23 11:39:00,-0.04194022038456069
2019-10-23 11:42:00,0.0023312853109587195
2019-10-23 11:45:00,-0.11529685583485616
2019-10-23 11:48:00,-0.11034128327338522
2019-10-23 11:51:00,-0.12087488311834704
2019-10-23 11:54:00,-0.12964377578157382
2019-10-23 11:57:00,-0.04643079722706034
2019-10-23 12:00:00,-0.17174348551554885
2019-10-23 12:03:00,-0.1386990137133921
2019-10-23 12:06:00,-0.24368939636900677
2019-10-23 12:09:00,-0.2726765671490625
2019-10-23 12:12:00,-0.287128950713452
2019-10-23 12:15:00,-0.1673238642511592
2019-10-23 12:18:00,-0.14305767539030967
2019-10-23 12:21:00,-0.23340954424139682
2019-10-23 12:24:00,-0.17791998527508213
2019-10-23 12:27:00,-0.2052791810908161
2019-10-23 12:30:00,-0.2259361399270574
2019-10-23 12:33:00,-0.051751438929045435
2019-10-23 12:36:00,-0.22593529985675787
2019-10-23 12:39:00,-0.20272892916602814
2019-10-23 12:42:00,-0.1471344083267354
2019-10-23 12:45:00,-0.20693775134964199
2019-10-23 12:48:00,-0.12883443727258737
2019-10-23 12:51:00,-0.1918747874130986
2019-10-23 12:54:00,-0.16369126347700558
2019-10-23 12:57:00,-0.2878591812761897
2019-10-23 13:00:00,-0.31007578313972317
2019-10-23 13:03:00,-0.2270704747226091
2019-10-23 13:06:00,-0.3460008522148428
2019-10-23 13:09:00,-0.23437347365364758
2019-10-23 13:12:00,-0.3572845020458999
2019-10-23 13:15:00,-0.36998919641649763
2019-10-23 13:18:00,-0.30203942736039835
2019-10-23 13:21:00,-0.24088839997739342
2019-10-23 13:24:00,-0.34532132031949914
2019-10-23 13:27:00,-0.39440946882376693
2019-10-23 13:30:00,-0.26196852249984204
2019-10-23 13:33:00,-0.33785687890872396
2019-10-23 13:36:00,-0.30336451307204015
2019-10-23 13:39:00,-0.17070706860715745
2019-10-23 13:42:00,-0.3441922236319215
2019-10-23 13:45:00,-0.2327136312279663
2019-10-23 13:48:00,-0.12173328996499322
2019-10-23 13:51:00,-0.22805421305452
2019-10-23 13:54:00,-0.031153984807474444
2019-10-23 13:57:00,-0.058816791947151614
2019-10-23 14:00:00,-0.08309326215919555
2019-10-23 14:03:00,-0.20306755452503467
2019-10-23 14:06:00,-0.17738228401123024
2019-10-23 14:09:00,-0.2194814685690858
2019-10-23 14:12:00,-0.19463823499239652
2019-10-23 14:15:00,-0.26250233228307707
2019-10-23 14:18:00,-0.2362231347250372
2019-10-23 14:21:00,-0.2858648325328659
2019-10-23 14:24:00,-0.22466058833930447
2019-10-23 14:27:00,-0.17439336985199816
2019-10-23 14:30:00,-0.21490907513066304
2019-10-23 14:33:00,-0.29045759035841456
2019-10-23 14:36:00,-0.18258088298057373
2019-10-23 14:39:00,-0.1766848895339308
2019-10-23 14:42:00,-0.20136810874140565
2019-10-23 14:45:00,-0.12957408141630822
2019-10-23 14:48:00,-0.2581818725845437
2019-10-23 14:51:00,-0.3114615936062819
2019-10-23 14:54:00,-0.31438632748154305
2019-10-23 14:57:00,-0.1883920312702685
2019-10-23 15:00:00,-0.23526069449991382
2019-10-23 15:03:00,-0.18883806539884063
2019-10-23 15:06:00,-0.2858381198622624
2019-10-23 15:09:00,-0.28105641545016624
2019-10-23 15:12:00,-0.24875481605687355
2019-10-23 15:15:00,-0.03623322236506965
2019-10-23 15:18:00,-0.012819737001279918
2019-10-23 15:21:00,0.1721205808130435
2019-10-23 15:24:00,0.21256442071313586
2019-10-23 15:27:00,0.2551101045227142
2019-10-23 15:30:00,0.44064884624975775
2019-10-23 15:33:00,0.23238287421958148
2019-10-23 15:36:00,0.1064803678413
2019-10-23 15:39:00,0.09762914816849388
2019-10-23 15:42:00,0.020617937941040054
2019-10-23 15:45:00,-0.12039600508614967
2019-10-23 15:48:00,-0.12062489410897115
2019-10-23 15:51:00,-0.14750422050866518
2019-10-23 15:54:00,-0.1215348758790924
2019-10-23 15:57:00,-0.1319472497756351
2019-10-23 16:00:00,-0.16062986320804384
2019-10-23 16:03:00,-0.09929539835610512
2019-10-23 16:06:00,-0.062085131732544596
2019-10-23 16:09:00,-0.08162678778131749
2019-10-23 16:12:00,-0.04892653238391631
2019-10-23 16:15:00,0.036066996339343405
2019-10-23 16:18:00,-0.040334622331783976
2019-10-23 16:21:00,-0.01871366907897709
2019-10-23 16:24:00,0.08330868469118968
2019-10-23 16:27:00,0.018293122079001023
2019-10-23 16:30:00,-0.025342437959295694
2019-10-23 16:33:00,0.11549639344718798
2019-10-23 16:36:00,0.17221445077694852
2019-10-23 16:39:00,0.2056560946582522
2019-10-23 16:42:00,0.24402361558821895
2019-10-23 16:45:00,0.3252586525786114
2019-10-23 16:48:00,0.1886111016730183
2019-10-23 16:51:00,0.25200149077272727
2019-10-23 16:54:00,0.33779885484108263
2019-10-23 16:57:00,0.3940708537883211
2019-10-23 17:00:00,0.4548208036254664
2019-10-23 17:03:00,0.38648804805086456
2019-10-23 17:06:00,0.23384098864011094
2019-10-23 17:09:00,0.08023867850778288
2019-10-23 17:12:00,-0.008297855945272659
2019-10-23 17:15:00,0.02530728209751487
2019-10-23 17:18:00,0.07081961242244006
2019-10-23 17:21:00,0.3119493502285309
2019-10-23 17:24:00,0.43835229360865924
2019-10-23 17:27:00,0.3363996905009117
2019-10-23 17:30:00,0.37495178894090486
2019-10-23 17:33:00,0.4707766642677029
2019-10-23 17:36:00,0.5602335236969225
2019-10-23 17:39:00,0.51313145175817
2019-10-23 17:42:00,0.5092279945404243
2019-10-23 17:45:00,0.542225466231514
2019-10-23 17:48:00,0.5715968114932366
2019-10-23 17:51:00,0.5739594095945222
2019-10-23 17:54:00,0.6073209601498775
2019-10-23 17:57:00,0.5802655246741324
2019-10-23 18:00:00,0.5662560171256246
2019-10-23 18:03:00,0.6446404639263505
2019-10-23 18:06:00,0.7348721631061608
2019-10-23 18:09:00,0.8258359319460169
2019-10-23 18:12:00,0.8316754002283915
2019-10-23 18:15:00,0.5724170689537686
2019-10-23 18:18:00,0.49791503220086497
2019-10-23 18:21:00,0.48378122925925027
2019-10-23 18:24:00,0.3450225369557529
2019-10-23 18:27:00,0.3881761287940435
2019-10-23 18:30:00,0.336235055650036
2019-10-23 18:33:00,0.33503118349619854
2019-10-23 18:36:00,0.4833086323073985
2019-10-23 18:39:00,0.3244853796150551
2019-10-23 18:42:00,0.2802746913445162
2019-10-23 18:45:00,0.3964392636977436
2019-10-23 18:48:00,0.2649734788026876
2019-10-23 18:51:00,0.2403464818837051
2019-10-23 18:54:00,
2019-10-23 18:57:00,
2019-10-23 19:00:00,
2019-10-23 19:03:00,0.3660154438161385
2019-10-23 19:06:00,0.26341786331454387
2019-10-23 19:09:00,0.32277589711208066
2019-10-23 19:12:00,0.2728439552581108
2019-10-23 19:15:00,0.3399086780500511
2019-10-23 19:18:00,0.2703096648239125
2019-10-23 19:21:00,0.31845451242747913
2019-10-23 19:24:00,0.3883928184443448
2019-10-23 19:27:00,0.38473503594752856
2019-10-23 19:30:00,0.34808084608317813
2019-10-23 19:33:00,0.34168343954831926
2019-10-23 19:36:00,0.2976491070524503
2019-10-23 19:39:00,0.2856243270665004
2019-10-23 19:42:00,0.38161457961484757
2019-10-23 19:45:00,0.2519415102625544
2019-10-23 19:48:00,0.3769349651868197
2019-10-23 19:51:00,0.24747137259248575
2019-10-23 19:54:00,0.2930539721796208
2019-10-23 19:57:00,0.34311471448751263
2019-10-23 20:00:00,0.2970781542051668
2019-10-23 20:03:00,0.27922862153320693
2019-10-23 20:06:00,0.2832230283283934
2019-10-23 20:09:00,0.3310089539235719
2019-10-23 20:12:00,0.38136625065038743
2019-10-23 20:15:00,0.2929790846865217
2019-10-23 20:18:00,0.2892194884008745
2019-10-23 20:21:00,0.3402789910558113
2019-10-23 20:24:00,0.2941925601987805
2019-10-23 20:27:00,0.2670604914965793
2019-10-23 20:30:00,0.33241067474881447
2019-10-23 20:33:00,0.3597094930353819
2019-10-23 20:36:00,0.249088998346906
2019-10-23 20:39:00,0.25595903918184604
2019-10-23 20:42:00,0.26260294963839215
2019-10-23 20:45:00,0.25865023821580735
2019-10-23 20:48:00,0.24391179472985414
2019-10-23 20:51:00,0.2975367771454671
2019-10-23 20:54:00,0.17274493172470784
2019-10-23 20:57:00,0.2562747913096928
2019-10-23 21:00:00,0.27433239173387847
2019-10-23 21:03:00,0.2691878937964134
2019-10-23 21:06:00,0.3663413520691847
2019-10-23 21:09:00,0.25946837602594996
2019-10-23 21:12:00,0.3434775365263363
2019-10-23 21:15:00,0.34976160379369503
2019-10-23 21:18:00,0.3077570311839395
2019-10-23 21:21:00,0.30127092849875226
2019-10-23 21:24:00,0.2781870010705916
2019-10-23 21:27:00,0.3520126964983774
2019-10-23 21:30:00,0.2622560342275051
2019-10-23 21:33:00,0.2879642347428444
2019-10-23 21:36:00,0.23885747931450396
2019-10-23 21:39:00,0.3138611360860182
2019-10-23 21:42:00,0.3131702748126486
2019-10-23 21:45:00,0.2866086486824315
2019-10-23 21:48:00,0.31902230033779233
2019-10-23 21:51:00,0.3611288200388003
2019-10-23 21:54:00,0.3986519945725604
2019-10-23 21:57:00,0.47016292424115136
2019-10-23 22:00:00,0.5076347990926138
2019-10-23 22:03:00,0.4699468304158927
2019-10-23 22:06:00,0.6306496776805375
2019-10-23 22:09:00,0.5672324284549859
2019-10-23 22:12:00,0.5362759101708434
2019-10-23 22:15:00,0.5030241508191011
2019-10-23 22:18:00,0.42478836463658354
2019-10-23 22:21:00,0.37890370591304645
2019-10-23 22:24:00,0.3103554473109966
2019-10-23 22:27:00,0.3377704635255441
2019-10-23 22:30:00,0.36263450389560603
2019-10-23 22:33:00,0.40041950256966174
2019-10-23 22:36:00,0.4595792489200221
2019-10-23 22:39:00,0.40179489537138124
2019-10-23 22:42:00,0.37894166458232803
2019-10-23 22:45:00,0.2619728164479511
2019-10-23 22:48:00,0.3173692042391849
2019-10-23 22:51:00,0.29471028274849687
2019-10-23 22:54:00,0.2797385988695851
2019-10-23 22:57:00,0.33636219398499634
2019-10-23 23:00:00,0.3740126127498229
2019-10-23 23:03:00,0.41024772052008984
2019-10-23 23:06:00,0.23288662404524985
2019-10-23 23:09:00,0.2543898951512915
2019-10-23 23:12:00,0.3403490521856156
2019-10-23 23:15:00,0.4403875088066229
2019-10-23 23:18:00,0.5755481804523583
2019-10-23 23:21:00,0.6264744018636179
2019-10-23 23:24:00,0.7247057841513538
2019-10-23 23:27:00,0.6758136923715483
2019-10-23 23:30:00,0.7067461792321978
2019-10-23 23:33:00,0.586441292682423
2019-10-23 23:36:00,0.7187132359347288
2019-10-23 23:39:00,0.7569840488771433
2019-10-23 23:42:00,0.6927571815617739
2019-10-23 23:45:00,0.7239136286397638
2019-10-23 23:48:00,0.8508893483690372
2019-10-23 23:51:00,0.8225128818153848
2019-10-23 23:54:00,0.7212173988008317
2019-10-23 23:57:00,0.7456059778549502
2019-10-24 00:00:00,0.7993347326654998
2019-10-24 00:03:00,0.7557044092466754
2019-10-24 00:06:00,0.7001226973941357
2019-10-24 00:09:00,0.6082469313074057
2019-10-24 00:12:00,0.532399517523686
2019-10-24 00:15:00,0.6551890250934207
2019-10-24 00:18:00,0.46539266451407
2019-10-24 00:21:00,0.4990142923150529
2019-10-24 00:24:00,0.43211860507034316
2019-10-24 00:27:00,0.516278150501364
2019-10-24 00:30:00,0.4440827270819341
2019-10-24 00:33:00,0.4374000998809606
2019-10-24 00:36:00,0.47418346633048714
2019-10-24 00:39:00,0.5052011357130937
2019-10-24 00:42:00,0.4818333295349362
2019-10-24 00:45:00,0.5273027831352692
2019-10-24 00:48:00,0.4366472812970983
2019-10-24 00:51:00,0.46599281516398605
2019-10-24 00:54:00,0.48398462010021603
2019-10-24 00:57:00,0.4549459526821238
2019-10-24 01:00:00,0.49538643020207473
2019-10-24 01:03:00,0.5337015010916275
2019-10-24 01:06:00,0.509298989552974
2019-10-24 01:09:00,0.4581667134024201
2019-10-24 01:12:00,0.5534978517100058
2019-10-24 01:15:00,0.5900971345409971
2019-10-24 01:18:00,0.5235311017711979
2019-10-24 01:21:00,0.5465625761075898
2019-10-24 01:24:00,0.5576529642425498
2019-10-24 01:27:00,0.5415484263262442
2019-10-24 01:30:00,0.4797281835978424
2019-10-24 01:33:00,0.5593778494065873
2019-10-24 01:36:00,0.49963473683374104
2019-10-24 01:39:00,0.59625816568348
2019-10-24 01:42:00,0.6534668260266017
2019-10-24 01:45:00,0.6254676273782138
2019-10-24 01:48:00,0.6830644915268067
2019-10-24 01:51:00,0.6897039703603696
2019-10-24 01:54:00,0.7677736546163487
2019-10-24 01:57:00,0.7736382710967291
2019-10-24 02:00:00,0.7019750192491188
2019-10-24 02:03:00,0.7001432039103861
2019-10-24 02:06:00,0.7144400817250016
2019-10-24 02:09:00,0.6653010110575224
2019-10-24 02:12:00,0.7418748320849886
2019-10-24 02:15:00,0.6765320849261798
2019-10-24 02:18:00,0.6604159273947516
2019-10-24 02:21:00,0.7556230734413134
2019-10-24 02:24:00,0.7937282023299872
2019-10-24 02:27:00,0.691325841513958
2019-10-24 02:30:00,0.6487695483208427
2019-10-24 02:33:00,0.6071928965557163
2019-10-24 02:36:00,0.6506051213113437
2019-10-24 02:39:00,0.6500148686390617
2019-10-24 02:42:00,0.631233874511679
2019-10-24 02:45:00,0.6166354287429385
2019-10-24 02:48:00,0.6312925693880516
2019-10-24 02:51:00,0.6039562984242366
2019-10-24 02:54:00,0.5846931197008303
2019-10-24 02:57:00,0.6397001937074833
2019-10-24 03:00:00,0.5892888534394842
2019-10-24 03:03:00,0.7268225892240707
2019-10-24 03:06:00,0.669480526907023
2019-10-24 03:09:00,0.6426352540102584
2019-10-24 03:12:00,0.5834678316834925
2019-10-24 03:15:00,0.4615208294197828
2019-10-24 03:18:00,0.44186094248533436
2019-10-24 03:21:00,0.534932093206919
2019-10-24 03:24:00,0.5671277321733896
2019-10-24 03:27:00,0.6191031391600745
2019-10-24 03:30:00,0.5207526267614639
2019-10-24 03:33:00,0.5932959279114698
2019-10-24 03:36:00,0.5317251321371828
2019-10-24 03:39:00,0.6224447972209077
2019-10-24 03:42:00,0.4949082505685283
2019-10-24 03:45:00,0.554861299042102
2019-10-24 03:48:00,0.5171834783656095
2019-10-24 03:51:00,0.5827243080190101
2019-10-24 03:54:00,0.5653544274970272
2019-10-24 03:57:00,0.6935023553517112
2019-10-24 04:00:00,0.6054673184504509
2019-10-24 04:03:00,0.4794038074102218
2019-10-24 04:06:00,0.6365611849255401
2019-10-24 04:09:00,0.5670790733635727
2019-10-24 04:12:00,0.6181549642603841
2019-10-24 04:15:00,0.6627553277280072
2019-10-24 04:18:00,0.6093729772528036
2019-10-24 04:21:00,0.6573482250480538
2019-10-24 04:24:00,0.7117520515010938
2019-10-24 04:27:00,0.6467871246211985
2019-10-24 04:30:00,0.5615141474145275
2019-10-24 04:33:00,0.5804186766248449
2019-10-24 04:36:00,0.5436065220883393
2019-10-24 04:39:00,0.6413055148579474
2019-10-24 04:42:00,0.567761400116467
2019-10-24 04:45:00,0.5474487608777849
2019-10-24 04:48:00,0.5969361262290818
2019-10-24 04:51:00,0.6745745691471825
2019-10-24 04:54:00,0.6936860137134317
2019-10-24 04:57:00,0.6288750849793132
2019-10-24 05:00:00,0.6505155206063478
2019-10-24 05:03:00,0.6321165732772442
2019-10-24 05:06:00,0.5700004106174674
2019-10-24 05:09:00,0.5299652407420012
2019-10-24 05:12:00,0.5512961935561407
2019-10-24 05:15:00,0.5735467131642054
2019-10-24 05:18:00,0.6619550592795349
2019-10-24 05:21:00,0.5762747906302934
2019-10-24 05:24:00,0.6148799746873124
2019-10-24 05:27:00,0.6226398366343915
2019-10-24 05:30:00,0.6946999493551402
2019-10-24 05:33:00,0.6511297738276767
2019-10-24 05:36:00,0.5869761495230819
2019-10-24 05:39:00,0.6253211250379991
2019-10-24 05:42:00,0.5955793220174996
2019-10-24 05:45:00,0.6911204536461923
2019-10-24 05:48:00,0.6431355214840551
2019-10-24 05:51:00,0.6634045913312434
2019-10-24 05:54:00,0.6558611816799385
2019-10-24 05:57:00,0.6377417371852516
2019-10-24 06:00:00,0.706248595954321
2019-10-24 06:03:00,0.6139700601380582
2019-10-24 06:06:00,0.5657655977687455
2019-10-24 06:09:00,0.5189896693234459
2019-10-24 06:12:00,0.5533955908913981
2019-10-24 06:15:00,0.49108774014842993
2019-10-24 06:18:00,0.563176643815325
2019-10-24 06:21:00,0.5703519847368739
2019-10-24 06:24:00,0.5614881885001637
2019-10-24 06:27:00,0.505178266505709
2019-10-24 06:30:00,0.4831675138451601
2019-10-24 06:33:00,0.5419980306805883
2019-10-24 06:36:00,0.5405475458046567
2019-10-24 06:39:00,0.6135573894247273
2019-10-24 06:42:00,0.5564291221083408
2019-10-24 06:45:00,0.5064992996505566
2019-10-24 06:48:00,0.5844910602202162
2019-10-24 06:51:00,0.5130823711875223
2019-10-24 06:54:00,0.49909190977217577
2019-10-24 06:57:00,0.466344550396002
2019-10-24 07:00:00,0.5791800745773799
2019-10-24 07:03:00,0.5237091457275369
2019-10-24 07:06:00,0.5258836182024993
2019-10-24 07:09:00,0.5570664517813952
2019-10-24 07:12:00,0.46329774639497145
2019-10-24 07:15:00,0.6232867467842311
2019-10-24 07:18:00,0.4154745854437465
2019-10-24 07:21:00,0.5494606269265887
2019-10-24 07:24:00,0.5653552196607166
2019-10-24 07:27:00,0.5352505541208643
2019-10-24 07:30:00,0.48271606839568904
2019-10-24 07:33:00,0.681864146292412
2019-10-24 07:36:00,0.5610644372171691
2019-10-24 07:39:00,0.5013569736394743
2019-10-24 07:42:00,0.51267116087962
2019-10-24 07:45:00,0.5010157419683878
2019-10-24 07:48:00,0.44271231899620034
2019-10-24 07:51:00,0.4177391909889252
2019-10-24 07:54:00,0.5681682392281573
2019-10-24 07:57:00,0.4694014689793562
2019-10-24 08:00:00,0.5016903366771999
2019-10-24 08:03:00,0.49515831234981533
2019-10-24 08:06:00,0.44259874748388484
2019-10-24 08:09:00,0.4853156217589003
2019-10-24 08:12:00,0.5819332281913603
2019-10-24 08:15:00,0.4935805218990481
2019-10-24 08:18:00,0.4503783856259247
2019-10-24 08:21:00,0.43000669041987294
2019-10-24 08:24:00,0.4654283377761317
2019-10-24 08:27:00,0.4025455736033905
2019-10-24 08:30:00,0.37372078670597375
2019-10-24 08:33:00,0.4454319193247329
2019-10-24 08:36:00,0.4168147511728648
2019-10-24 08:39:00,0.3620526281674188
2019-10-24 08:42:00,0.4721422924670833
2019-10-24 08:45:00,0.47740527183782433
2019-10-24 08:48:00,0.49768475792996014
2019-10-24 08:51:00,0.4544894242383748
2019-10-24 08:54:00,0.4124763238159517
2019-10-24 08:57:00,0.42730163954246336
2019-10-24 09:00:00,0.3549127402723684
2019-10-24 09:03:00,0.5084907657767985
2019-10-24 09:06:00,0.47243411839508553
2019-10-24 09:09:00,0.4232651432857324
2019-10-24 09:12:00,0.34784517126240644
2019-10-24 09:15:00,0.32028981435803416
2019-10-24 09:18:00,0.3338495168279678
2019-10-24 09:21:00,0.33104413645867226
2019-10-24 09:24:00,0.32152628481696865
2019-10-24 09:27:00,0.38578840161613925
2019-10-24 09:30:00,0.35162481551105884
2019-10-24 09:33:00,0.35906050217147367
2019-10-24 09:36:00,0.3923679206390034
2019-10-24 09:39:00,0.2753193090074433
2019-10-24 09:42:00,0.31898490746414154
2019-10-24 09:45:00,0.3503980250407608
2019-10-24 09:48:00,0.33394277188034494
2019-10-24 09:51:00,0.2635812752552056
2019-10-24 09:54:00,0.38698393210859194
2019-10-24 09:57:00,0.40509921514984626
2019-10-24 10:00:00,0.30121340834307375
2019-10-24 10:03:00,0.2828300821683456
2019-10-24 10:06:00,0.29258596344163834
2019-10-24 10:09:00,0.2717021522449272
2019-10-24 10:12:00,0.31894257635411805
2019-10-24 10:15:00,0.2527724918170975
2019-10-24 10:18:00,0.2183318564825072
2019-10-24 10:21:00,0.2088680883765619
2019-10-24 10:24:00,0.3046761770913804
2019-10-24 10:27:00,0.17071474017222954
2019-10-24 10:30:00,0.25931999363712066
2019-10-24 10:33:00,0.2904314487445845
2019-10-24 10:36:00,0.1441186595714612
2019-10-24 10:39:00,-0.00260798755181213
2019-10-24 10:42:00,-0.02888533897345269
2019-10-24 10:45:00,-0.17277751048021628
2019-10-24 10:48:00,0.14018639897705043
2019-10-24 10:51:00,0.11597196830393841
2019-10-24 10:54:00,0.09603150748739608
2019-10-24 10:57:00,0.08172488370661313
2019-10-24 11:00:00,-1.046856075617086
2019-10-24 11:03:00,0.1525514796573475
2019-10-24 11:06:00,0.10042773349829304
2019-10-24 11:09:00,0.16110620039091827
2019-10-24 11:12:00,0.10612014296918915
2019-10-24 11:15:00,0.15709993427987
2019-10-24 11:18:00,0.007813392610557912
2019-10-24 11:21:00,0.03078764083824126
2019-10-24 11:24:00,0.10133048188669136
2019-10-24 11:27:00,-0.044164430501268725
2019-10-24 11:30:00,0.017852704514723428
2019-10-24 11:33:00,-0.08508174734362228
2019-10-24 11:36:00,0.10270670523459557
2019-10-24 11:39:00,0.011196446705355356
2019-10-24 11:42:00,0.06201952392740395
2019-10-24 11:45:00,0.04285310846069024
2019-10-24 11:48:00,-0.004335772763170098
2019-10-24 11:51:00,0.04362931492357802
2019-10-24 11:54:00,-0.04220292597995012
2019-10-24 11:57:00,0.021487875052855543
2019-10-24 12:00:00,-0.008028238285703537
2019-10-24 12:03:00,-0.04654127538265129
2019-10-24 12:06:00,-0.05717113299448329
2019-10-24 12:09:00,-0.15842649010858167
2019-10-24 12:12:00,-0.13320221935748577
2019-10-24 12:15:00,-0.13505513989451856
2019-10-24 12:18:00,-0.023802178049777467
2019-10-24 12:21:00,0.004373126118082382
2019-10-24 12:24:00,-0.0030380099292983687
2019-10-24 12:27:00,0.003965841505191747
2019-10-24 12:30:00,-0.04193964286417895
2019-10-24 12:33:00,-0.029168843833986102
2019-10-24 12:36:00,-0.023099374029357023
2019-10-24 12:39:00,-0.09840058119692685
2019-10-24 12:42:00,0.12720261902359198
2019-10-24 12:45:00,0.038260816680462995
2019-10-24 12:48:00,-0.015005785067842226
2019-10-24 12:51:00,0.02776623968622971
2019-10-24 12:54:00,-0.13195691867832693
2019-10-24 12:57:00,-0.1727102929644957
2019-10-24 13:00:00,-0.0814042427883237
2019-10-24 13:03:00,-0.12115733597744338
2019-10-24 13:06:00,0.0017484220560390895
2019-10-24 13:09:00,0.0829212143638074
2019-10-24 13:12:00,-0.04677234410365827
2019-10-24 13:15:00,0.06162005374966384
2019-10-24 13:18:00,0.0042960107209069065
2019-10-24 13:21:00,0.12290590444553118
2019-10-24 13:24:00,0.04004651286123817
2019-10-24 13:27:00,-0.016976917775593847
2019-10-24 13:30:00,-0.08397027999768625
2019-10-24 13:33:00,-0.03004447097021057
2019-10-24 13:36:00,0.09146013551742271
2019-10-24 13:39:00,0.04485347982154053
2019-10-24 13:42:00,0.1374647496286343
2019-10-24 13:45:00,0.19870666444194285
2019-10-24 13:48:00,0.2207294035752625
2019-10-24 13:51:00,0.47262338934297077
2019-10-24 13:54:00,0.3564432358671752
2019-10-24 13:57:00,0.2968865827238574
2019-10-24 14:00:00,0.21456354598944927
2019-10-24 14:03:00,0.36782278499651966
2019-10-24 14:06:00,0.49610522487745357
2019-10-24 14:09:00,0.6215965735952409
2019-10-24 14:12:00,0.5807966004437617
2019-10-24 14:15:00,0.4333759149271259
2019-10-24 14:18:00,0.45870023772840796
2019-10-24 14:21:00,0.3998100971245435
2019-10-24 14:24:00,0.43773897399142925
2019-10-24 14:27:00,0.3646482354512841
2019-10-24 14:30:00,0.321346708362114
2019-10-24 14:33:00,0.34478591262131886
2019-10-24 14:36:00,0.4635252985862053
2019-10-24 14:39:00,0.5580924081287435
2019-10-24 14:42:00,0.5963904059501601
2019-10-24 14:45:00,0.6029697330723138
2019-10-24 14:48:00,0.5618843639024931
2019-10-24 14:51:00,0.3921165916282803
2019-10-24 14:54:00,0.47570087119447635
2019-10-24 14:57:00,0.27493565613633564
2019-10-24 15:00:00,0.244907063653784
2019-10-24 15:03:00,0.18452797017857847
2019-10-24 15:06:00,0.25571975835930516
2019-10-24 15:09:00,0.1883116008918364
2019-10-24 15:12:00,0.05948277112855749
2019-10-24 15:15:00,0.1154851462083002
2019-10-24 15:18:00,0.06187536795016513
2019-10-24 15:21:00,0.06882101312385203
2019-10-24 15:24:00,0.0176000539476604
2019-10-24 15:27:00,0.03768482913324078
2019-10-24 15:30:00,0.032496709988322436
2019-10-24 15:33:00,0.03895757378512599
2019-10-24 15:36:00,0.11489199525948379
2019-10-24 15:39:00,0.11453356535417925
2019-10-24 15:42:00,0.1189583428899823
2019-10-24 15:45:00,0.0580414153476454
2019-10-24 15:48:00,0.053351919717897545
2019-10-24 15:51:00,0.04694531169451466
2019-10-24 15:54:00,0.15822580117338703
2019-10-24 15:57:00,0.14953988368404225
2019-10-24 16:00:00,0.12880473245121493
2019-10-24 16:03:00,0.04545999266559875
2019-10-24 16:06:00,0.0876326494847035
2019-10-24 16:09:00,0.0906477746790415
2019-10-24 16:12:00,0.09167086423110504
2019-10-24 16:15:00,0.19193199312729803
2019-10-24 16:18:00,0.044508584826587594
2019-10-24 16:21:00,0.028269349105073616
2019-10-24 16:24:00,-0.06292011120655161
2019-10-24 16:27:00,-0.07835022887525156
2019-10-24 16:30:00,0.020517015190307575
2019-10-24 16:33:00,0.007595259079664629
2019-10-24 16:36:00,-0.0030934637918562657
2019-10-24 16:39:00,-0.03457453198512894
2019-10-24 16:42:00,0.002422590861158369
2019-10-24 16:45:00,-0.052644158576356404
2019-10-24 16:48:00,-0.008021802331938943
2019-10-24 16:51:00,0.07787740574377722
2019-10-24 16:54:00,0.07797119274823672
2019-10-24 16:57:00,0.07623255896822911
2019-10-24 17:00:00,0.08994269845055669
2019-10-24 17:03:00,0.002544711494067542
2019-10-24 17:06:00,0.0783352724313886
2019-10-24 17:09:00,0.0647771370195187
2019-10-24 17:12:00,0.1128372953076564
2019-10-24 17:15:00,0.036730155269708575
2019-10-24 17:18:00,0.12442862866026871
2019-10-24 17:21:00,0.09791910178955732
2019-10-24 17:24:00,0.1048347791274864
2019-10-24 17:27:00,0.11436165092572992
2019-10-24 17:30:00,0.14575563282869552
2019-10-24 17:33:00,0.07950963862083427
2019-10-24 17:36:00,0.06607270005838473
2019-10-24 17:39:00,0.04336633134914791
2019-10-24 17:42:00,-0.0001987481089145149
2019-10-24 17:45:00,0.025396402660931017
2019-10-24 17:48:00,0.08040664833822575
2019-10-24 17:51:00,0.06839261194318169
2019-10-24 17:54:00,0.06441324773862789
2019-10-24 17:57:00,0.05646619092505034
2019-10-24 18:00:00,0.06727744204198416
2019-10-24 18:03:00,0.07933706641068738
2019-10-24 18:06:00,0.15027856330004852
2019-10-24 18:09:00,0.11076280983951392
2019-10-24 18:12:00,0.05392074062717711
2019-10-24 18:15:00,0.1210980061333089
2019-10-24 18:18:00,0.25596973665705036
2019-10-24 18:21:00,0.13912966483155742
2019-10-24 18:24:00,0.13474883995360187
2019-10-24 18:27:00,0.20423021242243067
2019-10-24 18:30:00,0.2189520659804316
2019-10-24 18:33:00,0.31069135764869316
2019-10-24 18:36:00,0.2300922538637451
2019-10-24 18:39:00,0.1796536921515326
2019-10-24 18:42:00,0.2157984514300324
2019-10-24 18:45:00,0.2988424580535707
2019-10-24 18:48:00,0.23451126999941607
2019-10-24 18:51:00,0.19300757465333618
2019-10-24 18:54:00,
2019-10-24 18:57:00,
2019-10-24 19:00:00,
2019-10-24 19:03:00,0.14948889022662115
2019-10-24 19:06:00,0.09151450463940591
2019-10-24 19:09:00,0.17136011364203796
2019-10-24 19:12:00,0.09906174820446267
2019-10-24 19:15:00,0.15426246515892217
2019-10-24 19:18:00,0.08663914533639172
2019-10-24 19:21:00,0.14569721192094676
2019-10-24 19:24:00,0.13535464913508122
2019-10-24 19:27:00,0.13197033635213984
2019-10-24 19:30:00,0.21061294086507587
2019-10-24 19:33:00,0.12416850323211293
2019-10-24 19:36:00,0.17869818811595906
2019-10-24 19:39:00,0.18481973984211209
2019-10-24 19:42:00,0.24588988077925933
2019-10-24 19:45:00,0.20011157930014178
2019-10-24 19:48:00,0.27287608262145113
2019-10-24 19:51:00,0.22609142340019162
2019-10-24 19:54:00,0.14522577563326422
2019-10-24 19:57:00,0.2916680427053393
2019-10-24 20:00:00,0.21805469102247343
2019-10-24 20:03:00,0.13190066191742744
2019-10-24 20:06:00,0.18022723749015768
2019-10-24 20:09:00,0.22889649652216804
2019-10-24 20:12:00,0.16794012244525902
2019-10-24 20:15:00,0.17234072583278248
2019-10-24 20:18:00,0.22363119443400592
2019-10-24 20:21:00,0.3001233602500406
2019-10-24 20:24:00,0.21318076953741638
2019-10-24 20:27:00,0.13540916512647527
2019-10-24 20:30:00,0.17667234308970592
2019-10-24 20:33:00,0.16131516527474332
2019-10-24 20:36:00,0.16761076139727038
2019-10-24 20:39:00,0.1725184285882051
2019-10-24 20:42:00,0.24055942925855334
2019-10-24 20:45:00,0.1829604009623722
2019-10-24 20:48:00,0.22190986691805392
2019-10-24 20:51:00,0.18338324227602243
2019-10-24 20:54:00,0.17964329526620304
2019-10-24 20:57:00,0.11958419296507827
2019-10-24 21:00:00,0.15762395974962828
2019-10-24 21:03:00,0.2619029705666094
2019-10-24 21:06:00,0.16887922641313935
2019-10-24 21:09:00,0.15222009428703132
2019-10-24 21:12:00,0.12161146576022475
2019-10-24 21:15:00,0.22636474017741648
2019-10-24 21:18:00,0.17791683867284291
2019-10-24 21:21:00,0.06836056893934028
2019-10-24 21:24:00,0.22778391517528007
2019-10-24 21:27:00,0.21234813996306912
2019-10-24 21:30:00,0.2192955654305706
2019-10-24 21:33:00,0.17574809264749547
2019-10-24 21:36:00,0.20035783694243037
2019-10-24 21:39:00,0.2020341779761452
2019-10-24 21:42:00,0.23369953549939737
2019-10-24 21:45:00,0.2118731951444488
2019-10-24 21:48:00,0.17846617929927788
2019-10-24 21:51:00,0.2460705697289427
2019-10-24 21:54:00,0.0822129722214413
2019-10-24 21:57:00,0.1838675018440199
2019-10-24 22:00:00,0.15240833602604198
2019-10-24 22:03:00,0.21642695339113516
2019-10-24 22:06:00,0.1877930126188403
2019-10-24 22:09:00,0.13631129833350997
2019-10-24 22:12:00,0.127500012929886
2019-10-24 22:15:00,0.2724776291455555
2019-10-24 22:18:00,0.2759296714237962
2019-10-24 22:21:00,0.30119184096724894
2019-10-24 22:24:00,0.1932304352848746
2019-10-24 22:27:00,0.2707143035973445
2019-10-24 22:30:00,0.24905562684261895
2019-10-24 22:33:00,0.2331118863215238
2019-10-24 22:36:00,0.2583902242271279
2019-10-24 22:39:00,0.3204479187006086
2019-10-24 22:42:00,0.22190083633637414
2019-10-24 22:45:00,0.2717756274180374
2019-10-24 22:48:00,0.3147258471041141
2019-10-24 22:51:00,0.26411637475274574
2019-10-24 22:54:00,0.34105400704447675
2019-10-24 22:57:00,0.28059166398537627
2019-10-24 23:00:00,0.3505589763222474
2019-10-24 23:03:00,0.3895202131416795
2019-10-24 23:06:00,0.32067343998409115
2019-10-24 23:09:00,0.37197555351923484
2019-10-24 23:12:00,0.3238944793474161
2019-10-24 23:15:00,0.22407468235593342
2019-10-24 23:18:00,0.39881832146267016
2019-10-24 23:21:00,0.3453741822655729
2019-10-24 23:24:00,0.3257063153699278
2019-10-24 23:27:00,0.5050068507653123
2019-10-24 23:30:00,0.3922982218629727
2019-10-24 23:33:00,0.3009669689076304
2019-10-24 23:36:00,0.35950916036944136
2019-10-24 23:39:00,0.3557185450099496
2019-10-24 23:42:00,0.43822974161554384
2019-10-24 23:45:00,0.36302531448217223
2019-10-24 23:48:00,0.3327589338026087
2019-10-24 23:51:00,0.37276265574041645
2019-10-24 23:54:00,0.31196065243705107
2019-10-24 23:57:00,0.26553402110783964
2019-10-25 00:00:00,0.42922318888179234
2019-10-25 00:03:00,0.3220768671232008
2019-10-25 00:06:00,0.27396153046203153
2019-10-25 00:09:00,0.299899916329764
2019-10-25 00:12:00,0.4510207110568558
2019-10-25 00:15:00,0.35132143662940507
2019-10-25 00:18:00,0.2694365107564636
2019-10-25 00:21:00,0.3256917100378587
2019-10-25 00:24:00,0.42808737832194765
2019-10-25 00:27:00,0.39068758743059107
2019-10-25 00:30:00,0.3260618183618931
2019-10-25 00:33:00,0.29657749774639797
2019-10-25 00:36:00,0.3814862367041201
2019-10-25 00:39:00,0.3762379377552634
2019-10-25 00:42:00,0.35445493772346026
2019-10-25 00:45:00,0.21105362940448913
2019-10-25 00:48:00,0.37962331297637775
2019-10-25 00:51:00,0.36869081855206787
2019-10-25 00:54:00,0.30492851795844444
2019-10-25 00:57:00,0.37569388240353874
2019-10-25 01:00:00,0.36134810234506176
2019-10-25 01:03:00,0.35937247659779814
2019-10-25 01:06:00,0.2336587711458833
2019-10-25 01:09:00,0.4431273980354149
2019-10-25 01:12:00,0.3368056383876592
2019-10-25 01:15:00,0.2806040189386181
2019-10-25 01:18:00,0.2762212861650255
2019-10-25 01:21:00,0.294963615672998
2019-10-25 01:24:00,0.32347565216599605
2019-10-25 01:27:00,0.32010891523140117
2019-10-25 01:30:00,0.3254279797902768
2019-10-25 01:33:00,0.3349591139956374
2019-10-25 01:36:00,0.2697116266469948
2019-10-25 01:39:00,0.35800993253155866
2019-10-25 01:42:00,0.3850309705674704
2019-10-25 01:45:00,0.43730869729978394
2019-10-25 01:48:00,0.32100332817350363
2019-10-25 01:51:00,0.3133513315878531
2019-10-25 01:54:00,0.3340302122558114
2019-10-25 01:57:00,0.2954056286716309
2019-10-25 02:00:00,0.2515625321958055
2019-10-25 02:03:00,0.35604237830699503
2019-10-25 02:06:00,0.4252966083107026
2019-10-25 02:09:00,0.3398279777078983
2019-10-25 02:12:00,0.30925270558526563
2019-10-25 02:15:00,0.30104460233900454
2019-10-25 02:18:00,0.4590469567683044
2019-10-25 02:21:00,0.3786039274122004
2019-10-25 02:24:00,0.32496388771193097
2019-10-25 02:27:00,0.3658599118653001
2019-10-25 02:30:00,0.3337042223964204
2019-10-25 02:33:00,0.3793054572224719
2019-10-25 02:36:00,0.40755993689163006
2019-10-25 02:39:00,0.3908823714008349
2019-10-25 02:42:00,0.36462042948551243
2019-10-25 02:45:00,0.36723333189797813
2019-10-25 02:48:00,0.41724314998026557
2019-10-25 02:51:00,0.3434686915513794
2019-10-25 02:54:00,0.3829505134355031
2019-10-25 02:57:00,0.3937492679111756
2019-10-25 03:00:00,0.507353920194646
2019-10-25 03:03:00,0.4073619468766765
2019-10-25 03:06:00,0.4330749567496355
2019-10-25 03:09:00,0.4267077922305589
2019-10-25 03:12:00,0.2790065853281476
2019-10-25 03:15:00,0.3037524867598904
2019-10-25 03:18:00,0.3480249554590955
2019-10-25 03:21:00,0.37318664256969214
2019-10-25 03:24:00,0.3235076956512444
2019-10-25 03:27:00,0.2962742481522014
2019-10-25 03:30:00,0.33527958130764546
2019-10-25 03:33:00,0.2983970924939854
2019-10-25 03:36:00,0.41439716720475417
2019-10-25 03:39:00,0.3459994392853787
2019-10-25 03:42:00,0.3627248496977131
2019-10-25 03:45:00,0.41360023788814715
2019-10-25 03:48:00,0.4141136648938186
2019-10-25 03:51:00,0.41913734594976404
2019-10-25 03:54:00,0.4017537364014174
2019-10-25 03:57:00,0.3408189514007063
2019-10-25 04:00:00,0.3987019939269203
2019-10-25 04:03:00,0.3839509882928951
2019-10-25 04:06:00,0.3340875361062672
2019-10-25 04:09:00,0.28970807866568293
2019-10-25 04:12:00,0.39472504525798513
2019-10-25 04:15:00,0.33976722015637506
2019-10-25 04:18:00,0.3095582375457866
2019-10-25 04:21:00,0.3590467350003905
2019-10-25 04:24:00,0.3823982145464129
2019-10-25 04:27:00,0.32684197460548603
2019-10-25 04:30:00,0.3138048717947868
2019-10-25 04:33:00,0.34575207598396673
2019-10-25 04:36:00,0.4010456913396183
2019-10-25 04:39:00,0.37392397773578523
2019-10-25 04:42:00,0.37604008695279845
2019-10-25 04:45:00,0.451492840549804
2019-10-25 04:48:00,0.37381260199089184
2019-10-25 04:51:00,0.4254162588968029
2019-10-25 04:54:00,0.46138815033214087
2019-10-25 04:57:00,0.3385316719242155
2019-10-25 05:00:00,0.33096855455596597
2019-10-25 05:03:00,0.3614028752949139
2019-10-25 05:06:00,0.3127298624257264
2019-10-25 05:09:00,0.39014466547007487
2019-10-25 05:12:00,0.4734233547336544
2019-10-25 05:15:00,0.41970992587505407
2019-10-25 05:18:00,0.32468184984674053
2019-10-25 05:21:00,0.31278918946958356
2019-10-25 05:24:00,0.3612976562295671
2019-10-25 05:27:00,0.422897787992099
2019-10-25 05:30:00,0.3987807191408024
2019-10-25 05:33:00,0.38182658717988716
2019-10-25 05:36:00,0.4201891124405961
2019-10-25 05:39:00,0.35638334460173837
2019-10-25 05:42:00,0.42451342974868567
2019-10-25 05:45:00,0.3940094119765263
2019-10-25 05:48:00,0.3737772945303277
2019-10-25 05:51:00,0.34722225343853097
2019-10-25 05:54:00,0.3367544839096581
2019-10-25 05:57:00,0.3972517113505205
2019-10-25 06:00:00,0.43612115024819786
2019-10-25 06:03:00,0.3983495355945479
2019-10-25 06:06:00,0.34692449205635967
2019-10-25 06:09:00,0.40632112188438896
2019-10-25 06:12:00,0.40674054164247764
2019-10-25 06:15:00,0.3951050981950175
2019-10-25 06:18:00,0.3528445158141835
2019-10-25 06:21:00,0.38474540376921595
2019-10-25 06:24:00,0.40160006628650535
2019-10-25 06:27:00,0.42712744289730153
2019-10-25 06:30:00,0.45007176040297736
2019-10-25 06:33:00,0.40938672639515516
2019-10-25 06:36:00,0.3304356689893666
2019-10-25 06:39:00,0.4358726844172338
2019-10-25 06:42:00,0.3828257080899675
2019-10-25 06:45:00,0.39274849115969346
2019-10-25 06:48:00,0.3789438310799369
2019-10-25 06:51:00,0.40207584221593606
2019-10-25 06:54:00,0.3622222846536829
2019-10-25 06:57:00,0.3550982512592782
2019-10-25 07:00:00,0.36450678376274936
2019-10-25 07:03:00,0.32067949618505054
2019-10-25 07:06:00,0.3550694650117521
2019-10-25 07:09:00,0.37027233135950155
2019-10-25 07:12:00,0.37826802330096143
2019-10-25 07:15:00,0.26531728855366055
2019-10-25 07:18:00,0.3621057233064562
2019-10-25 07:21:00,0.33179855181668927
2019-10-25 07:24:00,0.414056249881412
2019-10-25 07:27:00,0.42519043488937314
2019-10-25 07:30:00,0.3762934526239974
2019-10-25 07:33:00,0.40010371753572826
2019-10-25 07:36:00,0.4493391034895353
2019-10-25 07:39:00,0.5470889549791877
2019-10-25 07:42:00,0.4384193631703397
2019-10-25 07:45:00,0.31673599425420207
2019-10-25 07:48:00,0.41284932894978965
2019-10-25 07:51:00,0.38950329483083124
2019-10-25 07:54:00,0.4660111467618435
2019-10-25 07:57:00,0.4545192409377705
2019-10-25 08:00:00,0.4863910400612781
2019-10-25 08:03:00,0.42242788044984536
2019-10-25 08:06:00,0.3135976325918932
2019-10-25 08:09:00,0.29651802873928546
2019-10-25 08:12:00,0.3320914182236834
2019-10-25 08:15:00,0.2509970309131404
2019-10-25 08:18:00,0.3393086819592668
2019-10-25 08:21:00,0.25045795245478075
2019-10-25 08:24:00,0.3184329891590778
2019-10-25 08:27:00,0.2973011317466785
2019-10-25 08:30:00,0.23759414766709597
2019-10-25 08:33:00,0.26434013508327325
2019-10-25 08:36:00,0.32523472141696175
2019-10-25 08:39:00,0.28164967282754105
2019-10-25 08:42:00,0.268245710231497
2019-10-25 08:45:00,0.20789752938480888
2019-10-25 08:48:00,0.26768629264313404
2019-10-25 08:51:00,0.3185539153703303
2019-10-25 08:54:00,0.23178864519132958
2019-10-25 08:57:00,0.26662572872226065
2019-10-25 09:00:00,0.2518950934648956
2019-10-25 09:03:00,0.12971420779791742
2019-10-25 09:06:00,0.23093463151838023
2019-10-25 09:09:00,0.22998245705935005
2019-10-25 09:12:00,0.21195855933336816
2019-10-25 09:15:00,0.24243774066400192
2019-10-25 09:18:00,0.1515534327160708
2019-10-25 09:21:00,0.23544753806987728
2019-10-25 09:24:00,0.047952943286134087
2019-10-25 09:27:00,0.14159719495745549
2019-10-25 09:30:00,0.011596271952498682
2019-10-25 09:33:00,0.1612611110130615
2019-10-25 09:36:00,0.11122827125149115
2019-10-25 09:39:00,0.0493147062539947
2019-10-25 09:42:00,0.1142963420161891
2019-10-25 09:45:00,-0.05030301071764143
2019-10-25 09:48:00,0.04809245549864727
2019-10-25 09:51:00,0.09007995916243772
2019-10-25 09:54:00,-0.002544185551244027
2019-10-25 09:57:00,-0.012074978521468438
2019-10-25 10:00:00,0.038326266621481864
2019-10-25 10:03:00,0.023043953620287994
2019-10-25 10:06:00,0.06479801116910267
2019-10-25 10:09:00,0.034734108075554104
2019-10-25 10:12:00,0.11471018191673465
2019-10-25 10:15:00,0.0815006237693865
2019-10-25 10:18:00,-0.10282222256768137
2019-10-25 10:21:00,0.12166836420146865
2019-10-25 10:24:00,0.13681185203250834
2019-10-25 10:27:00,0.12625344406455952
2019-10-25 10:30:00,-0.02054690056252184
2019-10-25 10:33:00,0.07442566452760957
2019-10-25 10:36:00,0.06178912070686238
2019-10-25 10:39:00,-0.04468863629307407
2019-10-25 10:42:00,-0.06445326786052874
2019-10-25 10:45:00,-0.0658734959313847
2019-10-25 10:48:00,-0.11309534700080803
2019-10-25 10:51:00,-0.05278879919688961
2019-10-25 10:54:00,-0.024568400646842292
2019-10-25 10:57:00,-0.006187800068403249
2019-10-25 11:00:00,-0.020441249288523977
2019-10-25 11:03:00,-0.048305740177340795
2019-10-25 11:06:00,0.00747564464683137
2019-10-25 11:09:00,-0.003363173836930855
2019-10-25 11:12:00,0.014134483545660714
2019-10-25 11:15:00,0.020866191548691404
2019-10-25 11:18:00,-0.08280727288257594
2019-10-25 11:21:00,-0.09017341850852745
2019-10-25 11:24:00,-0.04608124484275322
2019-10-25 11:27:00,-0.04728045154757865
2019-10-25 11:30:00,-0.04442163514676167
2019-10-25 11:33:00,0.04335976176389522
2019-10-25 11:36:00,-0.000520985239802485
2019-10-25 11:39:00,-0.07462701206321753
2019-10-25 11:42:00,0.02639136732653924
2019-10-25 11:45:00,-0.11429158085553581
2019-10-25 11:48:00,-0.10202613015792394
2019-10-25 11:51:00,-0.1317464392973875
2019-10-25 11:54:00,-0.20725000358601164
2019-10-25 11:57:00,-0.01460528692933849
2019-10-25 12:00:00,0.09881012132740352
2019-10-25 12:03:00,-0.02286485238869318
2019-10-25 12:06:00,-0.06894406374686923
2019-10-25 12:09:00,0.01030741420566983
2019-10-25 12:12:00,-0.018082079806333695
2019-10-25 12:15:00,-0.07961477409236295
2019-10-25 12:18:00,0.014499055906526337
2019-10-25 12:21:00,-0.16110683687611527
2019-10-25 12:24:00,-0.09817688748177034
2019-10-25 12:27:00,-0.1879985397357018
2019-10-25 12:30:00,-0.16103140626262302
2019-10-25 12:33:00,-0.2765168539137335
2019-10-25 12:36:00,-0.1713697407498671
2019-10-25 12:39:00,0.026914907867194415
2019-10-25 12:42:00,0.04017946509623016
2019-10-25 12:45:00,0.016800693409663836
2019-10-25 12:48:00,0.13982187666243817
2019-10-25 12:51:00,0.12421524968669928
2019-10-25 12:54:00,0.2098619382854281
2019-10-25 12:57:00,0.2048121581470923
2019-10-25 13:00:00,0.3127686460329073
2019-10-25 13:03:00,0.4298328658954347
2019-10-25 13:06:00,0.3723838734086371
2019-10-25 13:09:00,0.32283834868468375
2019-10-25 13:12:00,0.25523180006717894
2019-10-25 13:15:00,0.27275654166635377
2019-10-25 13:18:00,0.29289426799465446
2019-10-25 13:21:00,0.31435822296697324
2019-10-25 13:24:00,0.4346555957514511
2019-10-25 13:27:00,0.22785474566876474
2019-10-25 13:30:00,0.12883633723879484
2019-10-25 13:33:00,0.10778666621337152
2019-10-25 13:36:00,0.09074135399043826
2019-10-25 13:39:00,0.11405193431932048
2019-10-25 13:42:00,0.1907139870815513
2019-10-25 13:45:00,0.25605083197717704
2019-10-25 13:48:00,0.21048241904640008
2019-10-25 13:51:00,0.19309689358601645
2019-10-25 13:54:00,0.1992862452672739
2019-10-25 13:57:00,0.26404548542581097
2019-10-25 14:00:00,0.20595694129627873
2019-10-25 14:03:00,0.20580093132838329
2019-10-25 14:06:00,0.19232409981151477
2019-10-25 14:09:00,0.2089470780616125
2019-10-25 14:12:00,0.14944354288707018
2019-10-25 14:15:00,0.05947220067577064
2019-10-25 14:18:00,0.18878575985712587
2019-10-25 14:21:00,0.18608540630458492
2019-10-25 14:24:00,0.31197527748912535
2019-10-25 14:27:00,0.18821538674478688
2019-10-25 14:30:00,0.24079779543524182
2019-10-25 14:33:00,0.19699774819298455
2019-10-25 14:36:00,0.29787940836286
2019-10-25 14:39:00,0.22420993771578424
2019-10-25 14:42:00,0.298445355488127
2019-10-25 14:45:00,0.30638245090267446
2019-10-25 14:48:00,0.29457409529487677
2019-10-25 14:51:00,0.30788858342992853
2019-10-25 14:54:00,0.17977214521238238
2019-10-25 14:57:00,0.24315298240429684
2019-10-25 15:00:00,0.16368511983705503
2019-10-25 15:03:00,0.2601296132409061
2019-10-25 15:06:00,0.27817729422844195
2019-10-25 15:09:00,0.2185915830907561
2019-10-25 15:12:00,0.18897225462791312
2019-10-25 15:15:00,0.20889393490568864
2019-10-25 15:18:00,0.15402462926209637
2019-10-25 15:21:00,0.14682672416034848
2019-10-25 15:24:00,0.15118204089316123
2019-10-25 15:27:00,0.1646674661243992
2019-10-25 15:30:00,0.1772954651382861
2019-10-25 15:33:00,0.24873002723495574
2019-10-25 15:36:00,0.18020682626541884
2019-10-25 15:39:00,0.10942523030257689
2019-10-25 15:42:00,0.263256469193891
2019-10-25 15:45:00,0.20050406505066576
2019-10-25 15:48:00,0.2093456563205791
2019-10-25 15:51:00,0.060653845882939095
2019-10-25 15:54:00,0.03493904351734045
2019-10-25 15:57:00,0.11944854038966923
2019-10-25 16:00:00,0.14709729114724723
2019-10-25 16:03:00,0.20747565065568097
2019-10-25 16:06:00,0.1757730031397955
2019-10-25 16:09:00,0.1667325661288146
2019-10-25 16:12:00,0.17492918060582952
2019-10-25 16:15:00,0.17349746835162705
2019-10-25 16:18:00,0.1354372277982634
2019-10-25 16:21:00,0.17031982650104283
2019-10-25 16:24:00,0.12573949260240624
2019-10-25 16:27:00,0.15402251895056907
2019-10-25 16:30:00,0.0966017915905013
2019-10-25 16:33:00,0.16236305858683409
2019-10-25 16:36:00,0.09193536461236818
2019-10-25 16:39:00,0.18816501686058018
2019-10-25 16:42:00,0.23219317058311617
2019-10-25 16:45:00,0.20253484028734192
2019-10-25 16:48:00,0.17574562185996
2019-10-25 16:51:00,0.21756077108182126
2019-10-25 16:54:00,0.1298558910666543
2019-10-25 16:57:00,0.20248853246698673
2019-10-25 17:00:00,0.06405648199483949
2019-10-25 17:03:00,0.09300597830161905
2019-10-25 17:06:00,0.1606457624217228
2019-10-25 17:09:00,0.059601193640503425
2019-10-25 17:12:00,0.10583782015254428
2019-10-25 17:15:00,0.1064156402207459
2019-10-25 17:18:00,0.057784855025090565
2019-10-25 17:21:00,0.039869025637585764
2019-10-25 17:24:00,0.06857585239083619
2019-10-25 17:27:00,-0.010842518350443697
2019-10-25 17:30:00,0.06575948584787739
2019-10-25 17:33:00,0.081429368435181
2019-10-25 17:36:00,0.13464211907052004
2019-10-25 17:39:00,0.05439617690586829
2019-10-25 17:42:00,0.05183318438162132
2019-10-25 17:45:00,-0.013201243791172601
2019-10-25 17:48:00,-0.021015029709246846
2019-10-25 17:51:00,-0.06756884073070069
2019-10-25 17:54:00,0.030493150633162713
2019-10-25 17:57:00,0.05027280137954904
2019-10-25 18:00:00,0.0849320842125394
2019-10-25 18:03:00,-0.09756694760261553
2019-10-25 18:06:00,0.12064510939705997
2019-10-25 18:09:00,-0.0019059380762769251
2019-10-25 18:12:00,0.02003088781293627
2019-10-25 18:15:00,0.017040230007808077
2019-10-25 18:18:00,-0.00666896653257254
2019-10-25 18:21:00,-0.010305159941481179
2019-10-25 18:24:00,0.00578658248150532
2019-10-25 18:27:00,-0.04701380124441812
2019-10-25 18:30:00,-0.07766297758382734
2019-10-25 18:33:00,0.02842265006324851
2019-10-25 18:36:00,0.028839790557924516
2019-10-25 18:39:00,0.024572985512122614
2019-10-25 18:42:00,-0.010299046025750158
2019-10-25 18:45:00,0.18508145501891704
2019-10-25 18:48:00,0.13056073484301578
2019-10-25 18:51:00,0.2712988316313272
2019-10-25 18:54:00,
2019-10-25 18:57:00,
2019-10-25 19:00:00,
2019-10-25 19:03:00,0.15990951316729252
2019-10-25 19:06:00,0.1110911631811291
2019-10-25 19:09:00,0.09640952658531887
2019-10-25 19:12:00,0.0792925971249474
2019-10-25 19:15:00,0.21243282005906394
2019-10-25 19:18:00,0.1782343165506859
2019-10-25 19:21:00,0.1781651003219622
2019-10-25 19:24:00,0.23095525613155132
2019-10-25 19:27:00,0.18473815372203717
2019-10-25 19:30:00,0.22386946254931672
2019-10-25 19:33:00,0.0650558505822687
2019-10-25 19:36:00,0.09157403542360498
2019-10-25 19:39:00,0.06469747639033585
2019-10-25 19:42:00,0.12971867860329667
2019-10-25 19:45:00,0.030848977830771673
2019-10-25 19:48:00,0.08457036667005013
2019-10-25 19:51:00,0.08330467348702086
2019-10-25 19:54:00,0.14615077298003598
2019-10-25 19:57:00,0.14030026646389615
2019-10-25 20:00:00,0.15840634410369603
2019-10-25 20:03:00,0.24466916271086347
2019-10-25 20:06:00,0.08780963864518299
2019-10-25 20:09:00,0.11989335484184949
2019-10-25 20:12:00,0.21667499107815047
2019-10-25 20:15:00,0.23816058683934216
2019-10-25 20:18:00,0.21510904100898642
2019-10-25 20:21:00,0.2590434248582483
2019-10-25 20:24:00,0.2533659448717458
2019-10-25 20:27:00,0.1400999624513588
2019-10-25 20:30:00,0.16259426764258933
2019-10-25 20:33:00,0.2234124099896917
2019-10-25 20:36:00,0.11816188894999868
2019-10-25 20:39:00,0.17368466947675643
2019-10-25 20:42:00,0.13863313975946312
2019-10-25 20:45:00,0.09513212126688586
2019-10-25 20:48:00,0.17775784034563458
2019-10-25 20:51:00,0.09915399568961902
2019-10-25 20:54:00,0.10643235069295542
2019-10-25 20:57:00,0.19248852123592997
2019-10-25 21:00:00,0.3045647424613094
2019-10-25 21:03:00,0.16900225916339195
2019-10-25 21:06:00,0.2025771933635383
2019-10-25 21:09:00,0.19804966140702618
2019-10-25 21:12:00,0.19932165329606732
2019-10-25 21:15:00,0.1569924127531408
2019-10-25 21:18:00,0.2461233728776051
2019-10-25 21:21:00,0.20110248050889368
2019-10-25 21:24:00,0.3498589159916037
2019-10-25 21:27:00,0.27902178500801256
2019-10-25 21:30:00,0.29505028795847466
2019-10-25 21:33:00,0.19703496811933974
2019-10-25 21:36:00,0.20705843761817277
2019-10-25 21:39:00,0.13811726346750675
2019-10-25 21:42:00,0.20964930964083806
2019-10-25 21:45:00,0.1909922458058304
2019-10-25 21:48:00,0.17101011032525548
2019-10-25 21:51:00,0.2454530459932016
2019-10-25 21:54:00,0.1814943781617444
2019-10-25 21:57:00,0.20803849695175813
2019-10-25 22:00:00,0.30279791667283007
2019-10-25 22:03:00,0.2370282874546774
2019-10-25 22:06:00,0.2005414024626475
2019-10-25 22:09:00,0.24297637510949244
2019-10-25 22:12:00,0.29299241171241874
2019-10-25 22:15:00,0.2033030063207093
2019-10-25 22:18:00,0.26766386496296946
2019-10-25 22:21:00,0.24735734411308385
2019-10-25 22:24:00,0.21203475030807795
2019-10-25 22:27:00,0.27235751407715725
2019-10-25 22:30:00,0.14416870670152093
2019-10-25 22:33:00,0.23809091525129134
2019-10-25 22:36:00,0.19141133168130864
2019-10-25 22:39:00,0.2515787244593639
2019-10-25 22:42:00,0.17983152921328838
2019-10-25 22:45:00,0.30599871687797986
2019-10-25 22:48:00,0.18532355353306684
2019-10-25 22:51:00,0.2398443534854664
2019-10-25 22:54:00,0.17112733081773968
2019-10-25 22:57:00,0.15319519694418204
2019-10-25 23:00:00,0.19497666934660174
2019-10-25 23:03:00,0.22399033341054064
2019-10-25 23:06:00,0.2908301833574001
2019-10-25 23:09:00,0.2608020577944785
2019-10-25 23:12:00,0.21868126297982826
2019-10-25 23:15:00,0.20176701366744965
2019-10-25 23:18:00,0.2167048942793599
2019-10-25 23:21:00,0.11599309040127537
2019-10-25 23:24:00,0.20983913730401582
2019-10-25 23:27:00,0.2180109882360739
2019-10-25 23:30:00,0.05025086313122529
2019-10-25 23:33:00,0.17998709134610635
2019-10-25 23:36:00,0.16872685044239688
2019-10-25 23:39:00,0.17582906486615002
2019-10-25 23:42:00,0.2192862971919567
2019-10-25 23:45:00,0.2767101189251093
2019-10-25 23:48:00,0.3372239178998484
2019-10-25 23:51:00,0.20368116309583684
2019-10-25 23:54:00,0.20155923793055308
2019-10-25 23:57:00,0.1792397951755902
2019-10-26 00:00:00,0.22027779020805838
2019-10-26 00:03:00,0.16118732803766989
2019-10-26 00:06:00,0.22250073588099895
2019-10-26 00:09:00,0.2703143761739284
2019-10-26 00:12:00,0.23163131182406005
2019-10-26 00:15:00,0.25831163968013016
2019-10-26 00:18:00,0.30525068951180856
2019-10-26 00:21:00,0.2984729264657062
2019-10-26 00:24:00,0.40109799748012165
2019-10-26 00:27:00,0.39219316901625234
2019-10-26 00:30:00,0.37137018817759326
2019-10-26 00:33:00,0.327965103883173
2019-10-26 00:36:00,0.4265868279734377
2019-10-26 00:39:00,0.32950367302254335
2019-10-26 00:42:00,0.34266688130520606
2019-10-26 00:45:00,0.25861928262293077
2019-10-26 00:48:00,0.3567124370782153
2019-10-26 00:51:00,0.3312911242891232
2019-10-26 00:54:00,0.3297292165334511
2019-10-26 00:57:00,0.35544766289962126
2019-10-26 01:00:00,0.3110442335174639
2019-10-26 01:03:00,0.2578738554881852
2019-10-26 01:06:00,0.4178228094567089
2019-10-26 01:09:00,0.3441452585219622
2019-10-26 01:12:00,0.2834041011848285
2019-10-26 01:15:00,0.29916104512784614
2019-10-26 01:18:00,0.2677853076702945
2019-10-26 01:21:00,0.31293845054415215
2019-10-26 01:24:00,0.2482064360378331
2019-10-26 01:27:00,0.3833868537703893
2019-10-26 01:30:00,0.40074256639763917
2019-10-26 01:33:00,0.3784933279311531
2019-10-26 01:36:00,0.448943392664205
2019-10-26 01:39:00,0.3564033978051384
2019-10-26 01:42:00,0.332188704311136
2019-10-26 01:45:00,0.43506438987310503
2019-10-26 01:48:00,0.3873280119843798
2019-10-26 01:51:00,0.4573702641724253
2019-10-26 01:54:00,0.4159807121274639
2019-10-26 01:57:00,0.3979946150664091
2019-10-26 02:00:00,0.4615956225443938
2019-10-26 02:03:00,0.38116916228813125
2019-10-26 02:06:00,0.4436552415760957
2019-10-26 02:09:00,0.46073609574949614
2019-10-26 02:12:00,0.45220941364260625
2019-10-26 02:15:00,0.4631691498390751
2019-10-26 02:18:00,0.4506221637796557
2019-10-26 02:21:00,0.4026638889405376
2019-10-26 02:24:00,0.41770418771102413
2019-10-26 02:27:00,0.3545319058592895
2019-10-26 02:30:00,0.3335092092649461
2019-10-26 02:33:00,0.293343445840776
2019-10-26 02:36:00,0.3800492460319447
2019-10-26 02:39:00,0.34547387780912686
2019-10-26 02:42:00,0.39126740102398117
2019-10-26 02:45:00,0.4189269828806914
2019-10-26 02:48:00,0.45061858762022666
2019-10-26 02:51:00,0.4593961381765439
2019-10-26 02:54:00,0.4107333415291805
2019-10-26 02:57:00,0.443258583119416
2019-10-26 03:00:00,0.45389108264538436
2019-10-26 03:03:00,0.4984752467516955
2019-10-26 03:06:00,0.4392688420703621
2019-10-26 03:09:00,0.38914690619333214
2019-10-26 03:12:00,0.4148910902791272
2019-10-26 03:15:00,0.5162706220263544
2019-10-26 03:18:00,0.3996740814719715
2019-10-26 03:21:00,0.31403769696174777
2019-10-26 03:24:00,0.31816837304734236
2019-10-26 03:27:00,0.3365341773677528
2019-10-26 03:30:00,0.41457727288559454
2019-10-26 03:33:00,0.43309066051858736
2019-10-26 03:36:00,0.3250950288478407
2019-10-26 03:39:00,0.43460207318855737
2019-10-26 03:42:00,0.47993860037001923
2019-10-26 03:45:00,0.5040813061045242
2019-10-26 03:48:00,0.48706073180142084
2019-10-26 03:51:00,0.4968691600420243
2019-10-26 03:54:00,0.4069960251929956
2019-10-26 03:57:00,0.4761189070985097
2019-10-26 04:00:00,0.39241770599278425
2019-10-26 04:03:00,0.5302113886807547
2019-10-26 04:06:00,0.4779805486363671
2019-10-26 04:09:00,0.4726522371561259
2019-10-26 04:12:00,0.4070242292002604
2019-10-26 04:15:00,0.5176991746978388
2019-10-26 04:18:00,0.521279602988443
2019-10-26 04:21:00,0.45402598620904655
2019-10-26 04:24:00,0.6365106976766128
2019-10-26 04:27:00,0.42022067233818916
2019-10-26 04:30:00,0.5249770823405697
2019-10-26 04:33:00,0.528590187665543
2019-10-26 04:36:00,0.5367137417893559
2019-10-26 04:39:00,0.46923623108733636
2019-10-26 04:42:00,0.510328879312965
2019-10-26 04:45:00,0.539860749877505
2019-10-26 04:48:00,0.447093822231011
2019-10-26 04:51:00,0.467719575625722
2019-10-26 04:54:00,0.47077671437358504
2019-10-26 04:57:00,0.44910649247839274
2019-10-26 05:00:00,0.5294751797093227
2019-10-26 05:03:00,0.46240892349385376
2019-10-26 05:06:00,0.4898752077303925
2019-10-26 05:09:00,0.5641671235431431
2019-10-26 05:12:00,0.5169782512137431
2019-10-26 05:15:00,0.4572332785715503
2019-10-26 05:18:00,0.5134241370440691
2019-10-26 05:21:00,0.5256436301150416
2019-10-26 05:24:00,0.4831188245316298
2019-10-26 05:27:00,0.5236491316967999
2019-10-26 05:30:00,0.5383106065579568
2019-10-26 05:33:00,0.6038941949061041
2019-10-26 05:36:00,0.5755056618526737
2019-10-26 05:39:00,0.5718299008583472
2019-10-26 05:42:00,0.5370086487554886
2019-10-26 05:45:00,0.5983096842846862
2019-10-26 05:48:00,0.5292019149404723
2019-10-26 05:51:00,0.6113231682446099
2019-10-26 05:54:00,0.4883502291758077
2019-10-26 05:57:00,0.5426328267492977
2019-10-26 06:00:00,0.4745946671412753
2019-10-26 06:03:00,0.5009171185272407
2019-10-26 06:06:00,0.5092673261228811
2019-10-26 06:09:00,0.5283694727538659
2019-10-26 06:12:00,0.5570741904945749
2019-10-26 06:15:00,0.5353334719202962
2019-10-26 06:18:00,0.5055111341135898
2019-10-26 06:21:00,0.5530068915576862
2019-10-26 06:24:00,0.5998605541119559
2019-10-26 06:27:00,0.5151748119099011
2019-10-26 06:30:00,0.5441816667324701
2019-10-26 06:33:00,0.5925607036542146
2019-10-26 06:36:00,0.6487221349353831
2019-10-26 06:39:00,0.5877858129832134
2019-10-26 06:42:00,0.5606997093166797
2019-10-26 06:45:00,0.6654886435496223
2019-10-26 06:48:00,0.6324128420575903
2019-10-26 06:51:00,0.6056017641601557
2019-10-26 06:54:00,0.576216169708232
2019-10-26 06:57:00,0.5361345166146521
2019-10-26 07:00:00,0.4560402977812146
2019-10-26 07:03:00,0.6099192793691373
2019-10-26 07:06:00,0.5066717617299332
2019-10-26 07:09:00,0.504048666550716
2019-10-26 07:12:00,0.5839818483007093
2019-10-26 07:15:00,0.5291456728799631
2019-10-26 07:18:00,0.46753196841444833
2019-10-26 07:21:00,0.5211334477897367
2019-10-26 07:24:00,0.5359596077158244
2019-10-26 07:27:00,0.5039183345598417
2019-10-26 07:30:00,0.5511270498187741
2019-10-26 07:33:00,0.48091288679171385
2019-10-26 07:36:00,0.5065766064046784
2019-10-26 07:39:00,0.518004881131958
2019-10-26 07:42:00,0.5643215476047772
2019-10-26 07:45:00,0.4299294895028538
2019-10-26 07:48:00,0.4481887643715936
2019-10-26 07:51:00,0.5294043575322007
2019-10-26 07:54:00,0.4626338893156685
2019-10-26 07:57:00,0.4993447645496758
2019-10-26 08:00:00,0.4138377217938114
2019-10-26 08:03:00,0.49525731638942716
2019-10-26 08:06:00,0.48179378699080644
2019-10-26 08:09:00,0.4650447246132785
2019-10-26 08:12:00,0.4342458839038841
2019-10-26 08:15:00,0.42828529029969786
2019-10-26 08:18:00,0.3909674042321285
2019-10-26 08:21:00,0.43542272891426137
2019-10-26 08:24:00,0.3849025469591538
2019-10-26 08:27:00,0.29521598777256486
2019-10-26 08:30:00,0.36360093462394616
2019-10-26 08:33:00,0.3589180661467708
2019-10-26 08:36:00,0.3445146041859175
2019-10-26 08:39:00,0.3522082074141508
2019-10-26 08:42:00,0.4111036851531935
2019-10-26 08:45:00,0.2752939906635561
2019-10-26 08:48:00,0.2590464683348159
2019-10-26 08:51:00,0.3295061692678587
2019-10-26 08:54:00,0.34411651490216855
2019-10-26 08:57:00,0.2966269718025387
2019-10-26 09:00:00,0.2381170125794938
2019-10-26 09:03:00,0.17855118729301012
2019-10-26 09:06:00,0.3141080998231587
2019-10-26 09:09:00,0.2447067820340294
2019-10-26 09:12:00,0.2126271916879432
2019-10-26 09:15:00,0.1494200961686829
2019-10-26 09:18:00,0.22277306828806331
2019-10-26 09:21:00,0.25597345761019596
2019-10-26 09:24:00,0.16844451588082165
2019-10-26 09:27:00,0.11831063431299071
2019-10-26 09:30:00,0.12173560998701305
2019-10-26 09:33:00,0.12299013167199746
2019-10-26 09:36:00,0.07424246610338514
2019-10-26 09:39:00,0.10255227309818338
2019-10-26 09:42:00,0.0954422108877111
2019-10-26 09:45:00,0.07731330287350602
2019-10-26 09:48:00,0.13364872616205048
2019-10-26 09:51:00,0.07763343225593644
2019-10-26 09:54:00,0.12597528663093271
2019-10-26 09:57:00,0.09877189944285192
2019-10-26 10:00:00,0.03958687016654494
2019-10-26 10:03:00,0.04447463602366497
2019-10-26 10:06:00,0.04648683086548999
2019-10-26 10:09:00,0.08079723619346169
2019-10-26 10:12:00,0.1045374414793514
2019-10-26 10:15:00,-0.022426223041520643
2019-10-26 10:18:00,-0.027005946766507805
2019-10-26 10:21:00,0.01728967142429383
2019-10-26 10:24:00,0.0224385033877752
2019-10-26 10:27:00,-0.02800583139963919
2019-10-26 10:30:00,-0.08836929167176777
2019-10-26 10:33:00,-0.07830425865353163
2019-10-26 10:36:00,-0.130971643940768
2019-10-26 10:39:00,-0.17583284625686701
2019-10-26 10:42:00,-0.13330836517292255
2019-10-26 10:45:00,-0.11440363009342036
2019-10-26 10:48:00,-0.19338589088528124
2019-10-26 10:51:00,-0.05704712158313896
2019-10-26 10:54:00,-0.14852274061456683
2019-10-26 10:57:00,-0.08402264591433095
2019-10-26 11:00:00,-0.11271457543551833
2019-10-26 11:03:00,-0.14870441070200968
2019-10-26 11:06:00,-0.06995858544019029
2019-10-26 11:09:00,-0.16270126084043568
2019-10-26 11:12:00,-0.29039081653274934
2019-10-26 11:15:00,-0.08869755519555156
2019-10-26 11:18:00,-0.034774605769428035
2019-10-26 11:21:00,0.015029899801731972
2019-10-26 11:24:00,-0.08465526739291818
2019-10-26 11:27:00,-0.12940183504360903
2019-10-26 11:30:00,-0.1520184032477232
2019-10-26 11:33:00,-0.24819420829726369
2019-10-26 11:36:00,-0.23667829826814568
2019-10-26 11:39:00,-0.2176709500535594
2019-10-26 11:42:00,-0.25117544002876
2019-10-26 11:45:00,-0.17718436011386984
2019-10-26 11:48:00,-0.21386155192419665
2019-10-26 11:51:00,-0.32902379078632293
2019-10-26 11:54:00,-0.25012797934203945
2019-10-26 11:57:00,-0.3331995139877222
2019-10-26 12:00:00,-0.20227104889511338
2019-10-26 12:03:00,-0.2397060252733354
2019-10-26 12:06:00,-0.22800313506559178
2019-10-26 12:09:00,-0.2715735510947752
2019-10-26 12:12:00,-0.30149196627513675
2019-10-26 12:15:00,-0.2125637229670474
2019-10-26 12:18:00,-0.29197571442466597
2019-10-26 12:21:00,-0.2350120506737312
2019-10-26 12:24:00,-0.33271894512375866
2019-10-26 12:27:00,-0.07260536373235027
2019-10-26 12:30:00,-0.21604344040486012
2019-10-26 12:33:00,-0.0689238203793252
2019-10-26 12:36:00,-0.23837597703749225
2019-10-26 12:39:00,-0.19397567217896494
2019-10-26 12:42:00,-0.22287029073328313
2019-10-26 12:45:00,-0.24026910436202797
2019-10-26 12:48:00,-0.23845809422948605
2019-10-26 12:51:00,-0.14086995569255123
2019-10-26 12:54:00,0.002994503895706657
2019-10-26 12:57:00,-0.10053930012088585
2019-10-26 13:00:00,-0.12145441285144898
2019-10-26 13:03:00,-0.30176800579306473
2019-10-26 13:06:00,-0.2878982857178016
2019-10-26 13:09:00,-0.10950869278229902
2019-10-26 13:12:00,-0.09271460861288006
2019-10-26 13:15:00,-0.1880661419507419
2019-10-26 13:18:00,-0.06795835175398679
2019-10-26 13:21:00,0.04045238420764008
2019-10-26 13:24:00,-0.02426902183862012
2019-10-26 13:27:00,0.18566168010698902
2019-10-26 13:30:00,0.0883022745417179
2019-10-26 13:33:00,0.10655237987430155
2019-10-26 13:36:00,-0.016409086613123236
2019-10-26 13:39:00,-0.08284144631642221
2019-10-26 13:42:00,-0.3727059078584034
2019-10-26 13:45:00,-0.29436168471050905
2019-10-26 13:48:00,-0.06474299504253622
2019-10-26 13:51:00,0.03252508449213565
2019-10-26 13:54:00,-0.2459749158338127
2019-10-26 13:57:00,-0.35219044541747735
2019-10-26 14:00:00,-0.18780536825317995
2019-10-26 14:03:00,-0.22334236797217955
2019-10-26 14:06:00,-0.22723669057580764
2019-10-26 14:09:00,-0.24589737510933674
2019-10-26 14:12:00,-0.19927741651281394
2019-10-26 14:15:00,-0.17137195801495864
2019-10-26 14:18:00,-0.2596680700170282
2019-10-26 14:21:00,-0.2903557513594137
2019-10-26 14:24:00,-0.11570883696697365
2019-10-26 14:27:00,-0.2621479500951409
2019-10-26 14:30:00,-0.10610983752866332
2019-10-26 14:33:00,-0.10468584643115264
2019-10-26 14:36:00,-0.2842743606220779
2019-10-26 14:39:00,-0.26880852418025825
2019-10-26 14:42:00,-0.3507039383159736
2019-10-26 14:45:00,-0.3931004277705483
2019-10-26 14:48:00,-0.37998554810258156
2019-10-26 14:51:00,-0.4404221673695474
2019-10-26 14:54:00,-0.40979020915193587
2019-10-26 14:57:00,-0.40332080986826213
2019-10-26 15:00:00,-0.4059785835316916
2019-10-26 15:03:00,-0.44686453716531105
2019-10-26 15:06:00,-0.4339585479110042
2019-10-26 15:09:00,-0.44364000593640185
2019-10-26 15:12:00,-0.46103614792485814
2019-10-26 15:15:00,-0.38280999087032797
2019-10-26 15:18:00,-0.4106652627909284
2019-10-26 15:21:00,-0.37894469609170756
2019-10-26 15:24:00,-0.39934736055852227
2019-10-26 15:27:00,-0.41225768890205927
2019-10-26 15:30:00,-0.4182725202566644
2019-10-26 15:33:00,-0.3930204052778663
2019-10-26 15:36:00,-0.2520055766199789
2019-10-26 15:39:00,-0.28271472315321944
2019-10-26 15:42:00,-0.3623607013185506
2019-10-26 15:45:00,-0.4319899326471841
2019-10-26 15:48:00,-0.41331896787954747
2019-10-26 15:51:00,-0.3111510964800459
2019-10-26 15:54:00,-0.348010375010233
2019-10-26 15:57:00,-0.39298169258432836
2019-10-26 16:00:00,-0.3314184522560595
2019-10-26 16:03:00,-0.46779198264999877
2019-10-26 16:06:00,-0.3826337409882967
2019-10-26 16:09:00,-0.4907645464707002
2019-10-26 16:12:00,-0.37265990409161986
2019-10-26 16:15:00,-0.39812362500549625
2019-10-26 16:18:00,-0.3857386434016803
2019-10-26 16:21:00,-0.2717240786034836
2019-10-26 16:24:00,-0.31157389426624604
2019-10-26 16:27:00,-0.4775836037894692
2019-10-26 16:30:00,-0.3830381677423702
2019-10-26 16:33:00,-0.3371680070559364
2019-10-26 16:36:00,-0.2215787079189795
2019-10-26 16:39:00,-0.46909143525778063
2019-10-26 16:42:00,-0.30944539270501537
2019-10-26 16:45:00,-0.3240617652036235
2019-10-26 16:48:00,-0.1963919795800848
2019-10-26 16:51:00,-0.2998137782611252
2019-10-26 16:54:00,-0.303017543866531
2019-10-26 16:57:00,-0.36344318750713
2019-10-26 17:00:00,-0.34267992302233097
2019-10-26 17:03:00,-0.30272348478109734
2019-10-26 17:06:00,-0.27238916354508547
2019-10-26 17:09:00,-0.29682528817687626
2019-10-26 17:12:00,-0.2852060978885902
2019-10-26 17:15:00,-0.21053910792852548
2019-10-26 17:18:00,-0.19543940357584688
2019-10-26 17:21:00,-0.1492809677319542
2019-10-26 17:24:00,-0.14094001021828717
2019-10-26 17:27:00,-0.17187771862495538
2019-10-26 17:30:00,-0.1369523494064424
2019-10-26 17:33:00,-0.07590909080124675
2019-10-26 17:36:00,-0.07716544433469608
2019-10-26 17:39:00,-0.18935784385251964
2019-10-26 17:42:00,-0.0790130367077495
2019-10-26 17:45:00,-0.15660469593149173
2019-10-26 17:48:00,-0.025377285243621373
2019-10-26 17:51:00,-0.09584964160200116
2019-10-26 17:54:00,0.10876888576274268
2019-10-26 17:57:00,0.012145074879015283
2019-10-26 18:00:00,-0.024629200288700304
2019-10-26 18:03:00,-0.06487622767895118
2019-10-26 18:06:00,0.007449770454343252
2019-10-26 18:09:00,-0.03715953066449629
2019-10-26 18:12:00,-0.13840352749843987
2019-10-26 18:15:00,-0.058926755650986706
2019-10-26 18:18:00,-0.11239049441638826
2019-10-26 18:21:00,-0.0026005017166426114
2019-10-26 18:24:00,-0.03036223702827101
2019-10-26 18:27:00,-0.047813007769775595
2019-10-26 18:30:00,-0.03388715815106025
2019-10-26 18:33:00,0.016847145990539047
2019-10-26 18:36:00,-0.04286059852256585
2019-10-26 18:39:00,0.02257385548006141
2019-10-26 18:42:00,0.04029142795440066
2019-10-26 18:45:00,-0.018166037598405183
2019-10-26 18:48:00,0.029161835305274053
2019-10-26 18:51:00,0.001108003405704494
2019-10-26 18:54:00,
2019-10-26 18:57:00,
2019-10-26 19:00:00,
2019-10-26 19:03:00,-0.010089353850958105
2019-10-26 19:06:00,-0.01963059142246948
2019-10-26 19:09:00,-0.06335687322865624
2019-10-26 19:12:00,0.07178390532214962
2019-10-26 19:15:00,0.04250874095777135
2019-10-26 19:18:00,0.10362438974965471
2019-10-26 19:21:00,-0.0651368431051651
2019-10-26 19:24:00,-0.06319638109147263
2019-10-26 19:27:00,-0.044063923019677986
2019-10-26 19:30:00,-0.09412045395714586
2019-10-26 19:33:00,-0.022467771263507075
2019-10-26 19:36:00,0.001469620739783295
2019-10-26 19:39:00,0.0031313958150462895
2019-10-26 19:42:00,0.0586834850725495
2019-10-26 19:45:00,0.10240702075429908
2019-10-26 19:48:00,0.04087125222611121
2019-10-26 19:51:00,0.148976095912019
2019-10-26 19:54:00,0.08641674155353485
2019-10-26 19:57:00,0.1186184678804807
2019-10-26 20:00:00,0.054005677656846274
2019-10-26 20:03:00,0.0965153768384539
2019-10-26 20:06:00,0.1282105105006508
2019-10-26 20:09:00,0.1327233747434775
2019-10-26 20:12:00,0.05973714159040355
2019-10-26 20:15:00,0.13719135366284263
2019-10-26 20:18:00,-0.03570014782229691
2019-10-26 20:21:00,-0.11619127466963164
2019-10-26 20:24:00,-0.030086073776828925
2019-10-26 20:27:00,0.04281991950563224
2019-10-26 20:30:00,-0.022797245315473447
2019-10-26 20:33:00,0.036850759221181306
2019-10-26 20:36:00,0.013015277398949365
2019-10-26 20:39:00,0.12768597454652308
2019-10-26 20:42:00,0.039863607230017806
2019-10-26 20:45:00,0.09853810818788133
2019-10-26 20:48:00,0.0030782097224459903
2019-10-26 20:51:00,0.045845143488350004
2019-10-26 20:54:00,0.013994520401183763
2019-10-26 20:57:00,0.07030425587134914
2019-10-26 21:00:00,0.04541643432139608
2019-10-26 21:03:00,0.04584200070667066
2019-10-26 21:06:00,-0.013653978322565763
2019-10-26 21:09:00,0.07726514627341885
2019-10-26 21:12:00,0.09718788061496753
2019-10-26 21:15:00,0.12857955356503226
2019-10-26 21:18:00,0.1597148134041504
2019-10-26 21:21:00,0.22944237965583625
2019-10-26 21:24:00,0.16344207557881418
2019-10-26 21:27:00,0.21603930701735408
2019-10-26 21:30:00,0.27410132796313746
2019-10-26 21:33:00,0.24959456480326025
2019-10-26 21:36:00,0.20073292075647942
2019-10-26 21:39:00,0.2112824119909078
2019-10-26 21:42:00,0.1527699675497729
2019-10-26 21:45:00,0.21483103419734562
2019-10-26 21:48:00,0.18589179359412356
2019-10-26 21:51:00,0.2600757643062366
2019-10-26 21:54:00,0.22055476088905834
2019-10-26 21:57:00,0.29397147652588274
2019-10-26 22:00:00,0.19230892183082915
2019-10-26 22:03:00,0.3025603966542576
2019-10-26 22:06:00,0.3491079556435466
2019-10-26 22:09:00,0.32327209421549696
2019-10-26 22:12:00,0.31537423745470505
2019-10-26 22:15:00,0.30638644368747237
2019-10-26 22:18:00,0.28484199823503786
2019-10-26 22:21:00,0.26921598207962916
2019-10-26 22:24:00,0.16504685758582127
2019-10-26 22:27:00,0.2505770893014869
2019-10-26 22:30:00,0.25720551005940706
2019-10-26 22:33:00,0.4490297656500388
2019-10-26 22:36:00,0.4066115545534217
2019-10-26 22:39:00,0.36653529387353956
2019-10-26 22:42:00,0.2529365715980134
2019-10-26 22:45:00,0.2897182313754456
2019-10-26 22:48:00,0.28912860746288516
2019-10-26 22:51:00,0.26126339599613857
2019-10-26 22:54:00,0.3177547804992287
2019-10-26 22:57:00,0.29675307976413023
2019-10-26 23:00:00,0.327622960972235
2019-10-26 23:03:00,0.28318177284734247
2019-10-26 23:06:00,0.36276796710905046
2019-10-26 23:09:00,0.35003898611569184
2019-10-26 23:12:00,0.44515400925359927
2019-10-26 23:15:00,0.37455294512272985
2019-10-26 23:18:00,0.4558642655590006
2019-10-26 23:21:00,0.5225162519061541
2019-10-26 23:24:00,0.48920218019372896
2019-10-26 23:27:00,0.5388576309394466
2019-10-26 23:30:00,0.4718896259972212
2019-10-26 23:33:00,0.3687202705764321
2019-10-26 23:36:00,0.6579658970284754
2019-10-26 23:39:00,0.5704476085430201
2019-10-26 23:42:00,0.7035978223080406
2019-10-26 23:45:00,0.6508744713624424
2019-10-26 23:48:00,0.6897917949368093
2019-10-26 23:51:00,0.5600567733150115
2019-10-26 23:54:00,0.6732479063263668
2019-10-26 23:57:00,0.566194925837749
2019-10-27 00:00:00,0.7504738198613836
2019-10-27 00:03:00,0.625794831686278
2019-10-27 00:06:00,0.6136385816339498
2019-10-27 00:09:00,0.5510629407263536
2019-10-27 00:12:00,0.5633786585586904
2019-10-27 00:15:00,0.32182251454861444
2019-10-27 00:18:00,0.4720751700212986
2019-10-27 00:21:00,0.44071865001870947
2019-10-27 00:24:00,0.44337985562361837
2019-10-27 00:27:00,0.4495947539373901
2019-10-27 00:30:00,0.6635332314139646
2019-10-27 00:33:00,0.8039266133078513
2019-10-27 00:36:00,0.6485335706806836
2019-10-27 00:39:00,0.7805140785068829
2019-10-27 00:42:00,0.7076986712451685
2019-10-27 00:45:00,0.7573561499276593
2019-10-27 00:48:00,0.5621019784903751
2019-10-27 00:51:00,0.5555797111119887
2019-10-27 00:54:00,0.5321518116350603
2019-10-27 00:57:00,0.48617107664813375
2019-10-27 01:00:00,0.4912233654407032
2019-10-27 01:03:00,0.44494610147683034
2019-10-27 01:06:00,0.4771738965766872
2019-10-27 01:09:00,0.5363545289918079
2019-10-27 01:12:00,0.553687594911537
2019-10-27 01:15:00,0.5355849639932444
2019-10-27 01:18:00,0.49029348853702004
2019-10-27 01:21:00,0.46862505802647547
2019-10-27 01:24:00,0.4277106851683925
2019-10-27 01:27:00,0.4663081387804482
2019-10-27 01:30:00,0.49264446847149657
2019-10-27 01:33:00,0.38139211425550457
2019-10-27 01:36:00,0.43394443088817525
2019-10-27 01:39:00,0.486105391369108
2019-10-27 01:42:00,0.49288601660538234
2019-10-27 01:45:00,0.5261711993545646
2019-10-27 01:48:00,0.6042446337312981
2019-10-27 01:51:00,0.6236036353559484
2019-10-27 01:54:00,0.5769538898420592
2019-10-27 01:57:00,0.5258204931390082
2019-10-27 02:00:00,0.5689652305044319
2019-10-27 02:03:00,0.4670692976108626
2019-10-27 02:06:00,0.5893695929470368
2019-10-27 02:09:00,0.4388856382261679
2019-10-27 02:12:00,0.520648855473496
2019-10-27 02:15:00,0.41235147061814814
2019-10-27 02:18:00,0.42082101861990395
2019-10-27 02:21:00,0.4292496071223013
2019-10-27 02:24:00,0.4092136524285479
2019-10-27 02:27:00,0.42776810904075546
2019-10-27 02:30:00,0.4119662694562294
2019-10-27 02:33:00,0.6244219441850305
2019-10-27 02:36:00,0.4879851649958482
2019-10-27 02:39:00,0.5631752990564678
2019-10-27 02:42:00,0.5499198560186755
2019-10-27 02:45:00,0.6596587590357217
2019-10-27 02:48:00,0.5439142894670113
2019-10-27 02:51:00,0.6059009154164983
2019-10-27 02:54:00,0.6459643955728325
2019-10-27 02:57:00,0.5636890734132862
2019-10-27 03:00:00,0.5051040766643382
2019-10-27 03:03:00,0.5593262755967316
2019-10-27 03:06:00,0.5153260339998269
2019-10-27 03:09:00,0.4900035366695761
2019-10-27 03:12:00,0.5068406527545335
2019-10-27 03:15:00,0.5560597367612559
2019-10-27 03:18:00,0.49077269023138115
2019-10-27 03:21:00,0.56717194816963
2019-10-27 03:24:00,0.5243071176972762
2019-10-27 03:27:00,0.6255155296218504
2019-10-27 03:30:00,0.532023107058933
2019-10-27 03:33:00,0.515867647672053
2019-10-27 03:36:00,0.5203347022467142
2019-10-27 03:39:00,0.5013608245412229
2019-10-27 03:42:00,0.4749982829951591
2019-10-27 03:45:00,0.5603081449107208
2019-10-27 03:48:00,0.5983817707805201
2019-10-27 03:51:00,0.5679483601553557
2019-10-27 03:54:00,0.5820677374645129
2019-10-27 03:57:00,0.565344169816683
2019-10-27 04:00:00,0.47847910311480746
2019-10-27 04:03:00,0.4388098500700153
2019-10-27 04:06:00,0.4561603564596908
2019-10-27 04:09:00,0.4716460822867816
2019-10-27 04:12:00,0.4590744873959238
2019-10-27 04:15:00,0.5336362538222374
2019-10-27 04:18:00,0.44031892460378685
2019-10-27 04:21:00,0.5257662756151831
2019-10-27 04:24:00,0.47310689650169024
2019-10-27 04:27:00,0.5402211495774623
2019-10-27 04:30:00,0.42699398822634294
2019-10-27 04:33:00,0.44492543203932655
2019-10-27 04:36:00,0.48526469886189716
2019-10-27 04:39:00,0.5744696000393219
2019-10-27 04:42:00,0.4799204011187612
2019-10-27 04:45:00,0.43910380001756266
2019-10-27 04:48:00,0.39780764118063416
2019-10-27 04:51:00,0.4349686380230082
2019-10-27 04:54:00,0.45174993538944364
2019-10-27 04:57:00,0.3887525552116813
2019-10-27 05:00:00,0.4594731109244208
2019-10-27 05:03:00,0.36848996413095847
2019-10-27 05:06:00,0.4101447222598722
2019-10-27 05:09:00,0.3822611852622799
2019-10-27 05:12:00,0.4267698548452472
2019-10-27 05:15:00,0.33428732753566237
2019-10-27 05:18:00,0.41492423849365423
2019-10-27 05:21:00,0.36271243183045954
2019-10-27 05:24:00,0.42542919882390606
2019-10-27 05:27:00,0.537459164655786
2019-10-27 05:30:00,0.5511695349088654
2019-10-27 05:33:00,0.5898157898838576
2019-10-27 05:36:00,0.5779799164061501
2019-10-27 05:39:00,0.46852138421024847
2019-10-27 05:42:00,0.482097095275833
2019-10-27 05:45:00,0.48194704991607296
2019-10-27 05:48:00,0.48911679690854726
2019-10-27 05:51:00,0.43645773954830247
2019-10-27 05:54:00,0.5415781384564866
2019-10-27 05:57:00,0.5570647180138621
2019-10-27 06:00:00,0.5120692580724722
2019-10-27 06:03:00,0.5224943178471904
2019-10-27 06:06:00,0.5619817970141412
2019-10-27 06:09:00,0.5753454582334143
2019-10-27 06:12:00,0.6023427895929103
2019-10-27 06:15:00,0.6179786641855571
2019-10-27 06:18:00,0.6164667663255159
2019-10-27 06:21:00,0.6316575358429759
2019-10-27 06:24:00,0.5399577778345019
2019-10-27 06:27:00,0.6436108862492347
2019-10-27 06:30:00,0.5977431873540127
2019-10-27 06:33:00,0.5060195945046644
2019-10-27 06:36:00,0.545028913833562
2019-10-27 06:39:00,0.47736774458263653
2019-10-27 06:42:00,0.5325184884993632
2019-10-27 06:45:00,0.5493810857487347
2019-10-27 06:48:00,0.5678559622571697
2019-10-27 06:51:00,0.5410481382636476
2019-10-27 06:54:00,0.5214080765799736
2019-10-27 06:57:00,0.5348753870483165
2019-10-27 07:00:00,0.6118751966550349
2019-10-27 07:03:00,0.5405244703184735
2019-10-27 07:06:00,0.5493660754684697
2019-10-27 07:09:00,0.5490459290461445
2019-10-27 07:12:00,0.6430790286298134
2019-10-27 07:15:00,0.5226069285782273
2019-10-27 07:18:00,0.5441431689328624
2019-10-27 07:21:00,0.5277359808079041
2019-10-27 07:24:00,0.5730216027492361
2019-10-27 07:27:00,0.5348956997752907
2019-10-27 07:30:00,0.49022040572498327
2019-10-27 07:33:00,0.4837483936889839
2019-10-27 07:36:00,0.6542060322560133
2019-10-27 07:39:00,0.42902811878656166
2019-10-27 07:42:00,0.4296084909942124
2019-10-27 07:45:00,0.4100700084318305
2019-10-27 07:48:00,0.513806822328263
2019-10-27 07:51:00,0.4939141257004849
2019-10-27 07:54:00,0.39127810898611415
2019-10-27 07:57:00,0.4695943231203046
2019-10-27 08:00:00,0.3854698030626196
2019-10-27 08:03:00,0.41804176149310024
2019-10-27 08:06:00,0.44410596260968305
2019-10-27 08:09:00,0.4681543471556324
2019-10-27 08:12:00,0.39886523813009944
2019-10-27 08:15:00,0.4009147031680982
2019-10-27 08:18:00,0.41312853751844614
2019-10-27 08:21:00,0.4564661355892099
2019-10-27 08:24:00,0.5213147056207958
2019-10-27 08:27:00,0.44226962153942395
2019-10-27 08:30:00,0.3670823340177094
2019-10-27 08:33:00,0.43554731730569074
2019-10-27 08:36:00,0.33250478449798493
2019-10-27 08:39:00,0.49273574394931074
2019-10-27 08:42:00,0.3927140249639933
2019-10-27 08:45:00,0.3709125542446827
2019-10-27 08:48:00,0.38194446597725573
2019-10-27 08:51:00,0.3968758530668879
2019-10-27 08:54:00,0.32034713639137635
2019-10-27 08:57:00,0.30322742192942087
2019-10-27 09:00:00,0.2810833428867454
2019-10-27 09:03:00,0.2730132953719817
2019-10-27 09:06:00,0.2802073046927944
2019-10-27 09:09:00,0.3069626919203756
2019-10-27 09:12:00,0.3811861136359198
2019-10-27 09:15:00,0.2820863148156718
2019-10-27 09:18:00,0.09974852722808691
2019-10-27 09:21:00,0.14063572953318726
2019-10-27 09:24:00,0.17364575666420023
2019-10-27 09:27:00,0.1514174318571122
2019-10-27 09:30:00,0.23871774331587403
2019-10-27 09:33:00,0.23711296598264653
2019-10-27 09:36:00,0.32096830245870933
2019-10-27 09:39:00,0.251805073134733
2019-10-27 09:42:00,0.23983853788570286
2019-10-27 09:45:00,0.13848085480816508
2019-10-27 09:48:00,0.1970639534243901
2019-10-27 09:51:00,0.2387112574507455
2019-10-27 09:54:00,0.06172359301172037
2019-10-27 09:57:00,0.08284451231173762
2019-10-27 10:00:00,0.18672383673873583
2019-10-27 10:03:00,0.15756737095517792
2019-10-27 10:06:00,0.01858278066947605
2019-10-27 10:09:00,0.16746046226404587
2019-10-27 10:12:00,0.09322530381422212
2019-10-27 10:15:00,0.12142639064478544
2019-10-27 10:18:00,0.04800991350862205
2019-10-27 10:21:00,0.14561674620983922
2019-10-27 10:24:00,-0.022045991251445685
2019-10-27 10:27:00,-0.021871751346623114
2019-10-27 10:30:00,0.0525537157456597
2019-10-27 10:33:00,-0.0930705314015654
2019-10-27 10:36:00,0.0517059681691876
2019-10-27 10:39:00,0.003116042171711797
2019-10-27 10:42:00,-0.018741525237714995
2019-10-27 10:45:00,-0.04030906520267763
2019-10-27 10:48:00,-0.03622233071195069
2019-10-27 10:51:00,0.0013781906501435515
2019-10-27 10:54:00,0.04188204721708644
2019-10-27 10:57:00,0.004017989656176724
2019-10-27 11:00:00,-0.0692268002026708
2019-10-27 11:03:00,0.04285418842891886
2019-10-27 11:06:00,-0.10314194657843245
2019-10-27 11:09:00,-0.00909672239572501
2019-10-27 11:12:00,-0.02567962575903948
2019-10-27 11:15:00,-0.06959261491823554
2019-10-27 11:18:00,-0.16695153261412088
2019-10-27 11:21:00,-0.08121613534279959
2019-10-27 11:24:00,0.017140799990443156
2019-10-27 11:27:00,-0.06400120910632268
2019-10-27 11:30:00,-0.038995993563730735
2019-10-27 11:33:00,-0.037963808453753245
2019-10-27 11:36:00,-0.15086528360768625
2019-10-27 11:39:00,-0.05003903644694674
2019-10-27 11:42:00,-0.12719662957971423
2019-10-27 11:45:00,-0.007971058632108452
2019-10-27 11:48:00,0.1293769984194455
2019-10-27 11:51:00,0.1490036122814331
2019-10-27 11:54:00,0.09854039246340562
2019-10-27 11:57:00,0.2222605372126054
2019-10-27 12:00:00,-0.003170670844383494
2019-10-27 12:03:00,0.046087187631428606
2019-10-27 12:06:00,0.021352245748630594
2019-10-27 12:09:00,0.051980504444543385
2019-10-27 12:12:00,0.02486532601244562
2019-10-27 12:15:00,-0.004465991449308149
2019-10-27 12:18:00,0.0720980754217635
2019-10-27 12:21:00,0.03650776682866308
2019-10-27 12:24:00,-0.0018000408214220442
2019-10-27 12:27:00,-0.04901341410027271
2019-10-27 12:30:00,-0.04272701536956447
2019-10-27 12:33:00,-0.016042866963516644
2019-10-27 12:36:00,-0.14911338864499157
2019-10-27 12:39:00,-0.07052152163856817
2019-10-27 12:42:00,-0.04768723382431972
2019-10-27 12:45:00,-0.11760137617960709
2019-10-27 12:48:00,-0.10808400047642408
2019-10-27 12:51:00,-0.12014883175004343
2019-10-27 12:54:00,-0.09542152656138114
2019-10-27 12:57:00,-0.16471199218432275
2019-10-27 13:00:00,-0.159220153195065
2019-10-27 13:03:00,-0.19210535692201347
2019-10-27 13:06:00,-0.2163933433266152
2019-10-27 13:09:00,-0.2904056224550686
2019-10-27 13:12:00,-0.08832854329290285
2019-10-27 13:15:00,-0.0877116750799587
2019-10-27 13:18:00,-0.045300745723409364
2019-10-27 13:21:00,0.008318522436297826
2019-10-27 13:24:00,-0.08942725414800634
2019-10-27 13:27:00,-0.22715863337077735
2019-10-27 13:30:00,-0.07301946683321603
2019-10-27 13:33:00,-0.13941279648952332
2019-10-27 13:36:00,-0.05085914982498707
2019-10-27 13:39:00,-0.012357135925412877
2019-10-27 13:42:00,-0.02273375065391292
2019-10-27 13:45:00,-0.09356833813598087
2019-10-27 13:48:00,-0.08873222365002675
2019-10-27 13:51:00,-0.1578582464367173
2019-10-27 13:54:00,-0.14853004043180817
2019-10-27 13:57:00,0.05964424755455866
2019-10-27 14:00:00,-0.004261056580389777
2019-10-27 14:03:00,-0.071983545228818
2019-10-27 14:06:00,-0.04975114264311742
2019-10-27 14:09:00,-0.017906124227295095
2019-10-27 14:12:00,-0.07847555841084386
2019-10-27 14:15:00,-0.028052971488989442
2019-10-27 14:18:00,-0.14348502498035032
2019-10-27 14:21:00,-0.19400799657256584
2019-10-27 14:24:00,-0.21010831285093445
2019-10-27 14:27:00,-0.25534204255473014
2019-10-27 14:30:00,-0.12574575901248863
2019-10-27 14:33:00,-0.17665556264796578
2019-10-27 14:36:00,-0.23621539568881644
2019-10-27 14:39:00,-0.3021134257592166
2019-10-27 14:42:00,-0.16203257763680767
2019-10-27 14:45:00,-0.24428247021751304
2019-10-27 14:48:00,-0.14248163644748502
2019-10-27 14:51:00,-0.1842134297671123
2019-10-27 14:54:00,-0.11002896955835695
2019-10-27 14:57:00,-0.1903913274104525
2019-10-27 15:00:00,-0.19782062099932318
2019-10-27 15:03:00,-0.2022822222558034
2019-10-27 15:06:00,-0.12947114247884883
2019-10-27 15:09:00,-0.19502544474153183
2019-10-27 15:12:00,-0.23120139493073566
2019-10-27 15:15:00,-0.13199088617091093
2019-10-27 15:18:00,-0.14146953385898087
2019-10-27 15:21:00,-0.14507489178981814
2019-10-27 15:24:00,-0.11814450220424533
2019-10-27 15:27:00,-0.1763739390922865
2019-10-27 15:30:00,-0.18616814503275236
2019-10-27 15:33:00,-0.17593073122191072
2019-10-27 15:36:00,-0.07743220431342479
2019-10-27 15:39:00,-0.14671212999559202
2019-10-27 15:42:00,-0.21692441691652675
2019-10-27 15:45:00,-0.22593639652188813
2019-10-27 15:48:00,-0.17133917414474809
2019-10-27 15:51:00,-0.1264758456341042
2019-10-27 15:54:00,-0.1576811770513018
2019-10-27 15:57:00,-0.187800652926569
2019-10-27 16:00:00,-0.06901365856015218
2019-10-27 16:03:00,-0.06980164102907338
2019-10-27 16:06:00,-0.1056715647204669
2019-10-27 16:09:00,-0.1172962113732865
2019-10-27 16:12:00,-0.0899257302381784
2019-10-27 16:15:00,-0.03840910331842906
2019-10-27 16:18:00,-0.10060505218871185
2019-10-27 16:21:00,-0.18783896231002473
2019-10-27 16:24:00,-0.047338843170962264
2019-10-27 16:27:00,-0.1329439859103445
2019-10-27 16:30:00,-0.0500191807950614
2019-10-27 16:33:00,-0.08084731457671523
2019-10-27 16:36:00,-0.046677645525846856
2019-10-27 16:39:00,-0.062490388797186824
2019-10-27 16:42:00,-0.10243207222771389
2019-10-27 16:45:00,-0.03556643978561169
2019-10-27 16:48:00,-0.12840671899704148
2019-10-27 16:51:00,-0.19275411599397785
2019-10-27 16:54:00,-0.14229689458164785
2019-10-27 16:57:00,-0.015101285988919244
2019-10-27 17:00:00,-0.1320319098474556
2019-10-27 17:03:00,-0.08997954163118038
2019-10-27 17:06:00,-0.09310874848534922
2019-10-27 17:09:00,-0.018477648218265585
2019-10-27 17:12:00,-0.03356287537354774
2019-10-27 17:15:00,-0.055622546402844364
2019-10-27 17:18:00,0.00680295071498449
2019-10-27 17:21:00,-0.02228013703330589
2019-10-27 17:24:00,0.053471735986022395
2019-10-27 17:27:00,-0.062113566247546714
2019-10-27 17:30:00,0.13295949503935844
2019-10-27 17:33:00,0.03145740351430959
2019-10-27 17:36:00,0.09974961676948624
2019-10-27 17:39:00,0.10126484071162167
2019-10-27 17:42:00,0.08657937520354153
2019-10-27 17:45:00,0.06706464654143929
2019-10-27 17:48:00,0.08540066336666996
2019-10-27 17:51:00,0.08801998887457785
2019-10-27 17:54:00,0.11743600753919736
2019-10-27 17:57:00,0.10631806819071699
2019-10-27 18:00:00,0.06727765467593372
2019-10-27 18:03:00,0.14014101845219784
2019-10-27 18:06:00,0.1531096872059834
2019-10-27 18:09:00,0.06479246429506702
2019-10-27 18:12:00,0.1271159464096172
2019-10-27 18:15:00,0.18633560363525703
2019-10-27 18:18:00,0.21024438662084322
2019-10-27 18:21:00,0.19514838691321756
2019-10-27 18:24:00,0.11835758108611572
2019-10-27 18:27:00,0.17232527912636897
2019-10-27 18:30:00,0.1946939453895311
2019-10-27 18:33:00,0.2017583754677048
2019-10-27 18:36:00,0.13247310391665224
2019-10-27 18:39:00,0.14498811161877256
2019-10-27 18:42:00,0.16870405681839884
2019-10-27 18:45:00,0.17178053020677453
2019-10-27 18:48:00,0.19602362213009883
2019-10-27 18:51:00,0.1778508198366353
2019-10-27 18:54:00,
2019-10-27 18:57:00,
2019-10-27 19:00:00,
2019-10-27 19:03:00,0.2625844113704261
2019-10-27 19:06:00,0.16903937519151668
2019-10-27 19:09:00,0.1397603852349789
2019-10-27 19:12:00,0.21633855088106202
2019-10-27 19:15:00,0.14343867250715903
2019-10-27 19:18:00,0.1402058936033086
2019-10-27 19:21:00,0.1416080832647708
2019-10-27 19:24:00,0.16661658534246726
2019-10-27 19:27:00,0.2168706528424309
2019-10-27 19:30:00,0.3382525134235834
2019-10-27 19:33:00,0.1393061152744508
2019-10-27 19:36:00,0.24955475044811237
2019-10-27 19:39:00,0.21374601226409595
2019-10-27 19:42:00,0.19066398219041503
2019-10-27 19:45:00,0.18468697515953636
2019-10-27 19:48:00,0.21410048675187454
2019-10-27 19:51:00,0.14153600245094822
2019-10-27 19:54:00,0.266088833497065
2019-10-27 19:57:00,0.11509132989630189
2019-10-27 20:00:00,0.21287423937616268
2019-10-27 20:03:00,0.29495587629179454
2019-10-27 20:06:00,0.24326677133848307
2019-10-27 20:09:00,0.20773479452657284
2019-10-27 20:12:00,0.2170125550752573
2019-10-27 20:15:00,0.23189854961975698
2019-10-27 20:18:00,0.17389503530256434
2019-10-27 20:21:00,0.1324133349181693
2019-10-27 20:24:00,0.17767054016991324
2019-10-27 20:27:00,0.14643817858575403
2019-10-27 20:30:00,0.21030169125856446
2019-10-27 20:33:00,0.17437331100001074
2019-10-27 20:36:00,0.22341034775104163
2019-10-27 20:39:00,0.15832033440574378
2019-10-27 20:42:00,0.11473546536882395
2019-10-27 20:45:00,0.15366769366181643
2019-10-27 20:48:00,0.26908732893195975
2019-10-27 20:51:00,0.17530385363136247
2019-10-27 20:54:00,0.20470068571381717
2019-10-27 20:57:00,0.10373421069982669
2019-10-27 21:00:00,0.1859692041777521
2019-10-27 21:03:00,0.14405236684632428
2019-10-27 21:06:00,0.20688329077398748
2019-10-27 21:09:00,0.24715399236794156
2019-10-27 21:12:00,0.16492796743574445
2019-10-27 21:15:00,0.08809573760674994
2019-10-27 21:18:00,0.3915142356232195
2019-10-27 21:21:00,0.19708930227136534
2019-10-27 21:24:00,0.31036156718460006
2019-10-27 21:27:00,0.1439656197276804
2019-10-27 21:30:00,0.2761739502522005
2019-10-27 21:33:00,0.2902708942104937
2019-10-27 21:36:00,0.2634181081502902
2019-10-27 21:39:00,0.32868975248447896
2019-10-27 21:42:00,0.33443836605329125
2019-10-27 21:45:00,0.22849284136094639
2019-10-27 21:48:00,0.22653995437804042
2019-10-27 21:51:00,0.23302957069910235
2019-10-27 21:54:00,0.3320633859485156
2019-10-27 21:57:00,0.3079250977427819
2019-10-27 22:00:00,0.19331586867861006
2019-10-27 22:03:00,0.2905979823182179
2019-10-27 22:06:00,0.21752396407458718
2019-10-27 22:09:00,0.41423947640163306
2019-10-27 22:12:00,0.2503477228859765
2019-10-27 22:15:00,0.24242764819331342
2019-10-27 22:18:00,0.24808154367462976
2019-10-27 22:21:00,0.21247356156550268
2019-10-27 22:24:00,0.2570348330270349
2019-10-27 22:27:00,0.20102324253747383
2019-10-27 22:30:00,0.23108919184636534
2019-10-27 22:33:00,0.2224681537837796
2019-10-27 22:36:00,0.30625794678303464
2019-10-27 22:39:00,0.2869795992828017
2019-10-27 22:42:00,0.3325372211963895
2019-10-27 22:45:00,0.2965571621224967
2019-10-27 22:48:00,0.27661408568474144
2019-10-27 22:51:00,0.28074592112477603
2019-10-27 22:54:00,0.34942010066237117
2019-10-27 22:57:00,0.36803230001504517
2019-10-27 23:00:00,0.33165454296488406
2019-10-27 23:03:00,0.35827980084155797
2019-10-27 23:06:00,0.3058038733272497
2019-10-27 23:09:00,0.23171743307347015
2019-10-27 23:12:00,0.24659806726401712
2019-10-27 23:15:00,0.29405028983211423
2019-10-27 23:18:00,0.28557272522152743
2019-10-27 23:21:00,0.43844260283600534
2019-10-27 23:24:00,0.27451269691471225
2019-10-27 23:27:00,0.22913877362816493
2019-10-27 23:30:00,0.24641704047252233
2019-10-27 23:33:00,0.22672035205079055
2019-10-27 23:36:00,0.33938797543584087
2019-10-27 23:39:00,0.36185823641659454
2019-10-27 23:42:00,0.3287849976972552
2019-10-27 23:45:00,0.35381922830680423
2019-10-27 23:48:00,0.30159568454627106
2019-10-27 23:51:00,0.3687349738779062
2019-10-27 23:54:00,0.3572009964189533
2019-10-27 23:57:00,0.31264327043356843
2019-10-28 00:00:00,0.3492625344395037
2019-10-28 00:03:00,0.3611800888263019
2019-10-28 00:06:00,0.3696150950669903
2019-10-28 00:09:00,0.33617947828554406
2019-10-28 00:12:00,0.4507555101213825
2019-10-28 00:15:00,0.5060919239850818
2019-10-28 00:18:00,0.35600794097604194
2019-10-28 00:21:00,0.4182788782175635
2019-10-28 00:24:00,0.3930861025745003
2019-10-28 00:27:00,0.42349365182229803
2019-10-28 00:30:00,0.37441738106952016
2019-10-28 00:33:00,0.3674690312484472
2019-10-28 00:36:00,0.45963946998597294
2019-10-28 00:39:00,0.3638630655202064
2019-10-28 00:42:00,0.331337479132344
2019-10-28 00:45:00,0.4736999720102517
2019-10-28 00:48:00,0.4452482716959594
2019-10-28 00:51:00,0.38930307784499973
2019-10-28 00:54:00,0.37456525413603003
2019-10-28 00:57:00,0.457310282347521
2019-10-28 01:00:00,0.342770169376422
2019-10-28 01:03:00,0.44928689765487206
2019-10-28 01:06:00,0.3642317700596891
2019-10-28 01:09:00,0.3678673348803727
2019-10-28 01:12:00,0.3919478492681492
2019-10-28 01:15:00,0.2904517787653731
2019-10-28 01:18:00,0.45663738393710673
2019-10-28 01:21:00,0.367541243569633
2019-10-28 01:24:00,0.41124173801489405
2019-10-28 01:27:00,0.4538346926125314
2019-10-28 01:30:00,0.2920476773566065
2019-10-28 01:33:00,0.3983130743613401
2019-10-28 01:36:00,0.3579923622805268
2019-10-28 01:39:00,0.45386457275242265
2019-10-28 01:42:00,0.4617820610626495
2019-10-28 01:45:00,0.3765962847285209
2019-10-28 01:48:00,0.4550964431627449
2019-10-28 01:51:00,0.42199411589513147
2019-10-28 01:54:00,0.42558896825028114
2019-10-28 01:57:00,0.45673343321874427
2019-10-28 02:00:00,0.43339644293399715
2019-10-28 02:03:00,0.43043667590376344
2019-10-28 02:06:00,0.42269810377632666
2019-10-28 02:09:00,0.4529825976147208
2019-10-28 02:12:00,0.39294491392712416
2019-10-28 02:15:00,0.37734148521161615
2019-10-28 02:18:00,0.24251173386727487
2019-10-28 02:21:00,0.4322897453528185
2019-10-28 02:24:00,0.44369803290527443
2019-10-28 02:27:00,0.5606108561660221
2019-10-28 02:30:00,0.41755041582615604
2019-10-28 02:33:00,0.4223580191758174
2019-10-28 02:36:00,0.38021188900438574
2019-10-28 02:39:00,0.4101669161191239
2019-10-28 02:42:00,0.39796982210754095
2019-10-28 02:45:00,0.4552155981031092
2019-10-28 02:48:00,0.3675676602202316
2019-10-28 02:51:00,0.44042896628462813
2019-10-28 02:54:00,0.430642831270859
2019-10-28 02:57:00,0.45731123358609693
2019-10-28 03:00:00,0.4161761523224641
2019-10-28 03:03:00,0.47227711372130443
2019-10-28 03:06:00,0.41161971832292465
2019-10-28 03:09:00,0.49875582086121995
2019-10-28 03:12:00,0.5234866658031478
2019-10-28 03:15:00,0.5868070586343492
2019-10-28 03:18:00,0.5153059755993468
2019-10-28 03:21:00,0.5691077674646863
2019-10-28 03:24:00,0.5448966232124803
2019-10-28 03:27:00,0.4839121414719898
2019-10-28 03:30:00,0.41667914000572637
2019-10-28 03:33:00,0.3923021455864273
2019-10-28 03:36:00,0.5379619209605266
2019-10-28 03:39:00,0.4387562714914566
2019-10-28 03:42:00,0.49070057332744454
2019-10-28 03:45:00,0.4628955568322226
2019-10-28 03:48:00,0.5316934603748678
2019-10-28 03:51:00,0.46445992469898556
2019-10-28 03:54:00,0.48326823859474644
2019-10-28 03:57:00,0.40529366131261213
2019-10-28 04:00:00,0.4146979210035511
2019-10-28 04:03:00,0.5226201296853219
2019-10-28 04:06:00,0.4268938075494475
2019-10-28 04:09:00,0.47584708610963844
2019-10-28 04:12:00,0.46514565073994163
2019-10-28 04:15:00,0.43198109158294073
2019-10-28 04:18:00,0.47531851067071784
2019-10-28 04:21:00,0.4427724438361338
2019-10-28 04:24:00,0.4537396050872644
2019-10-28 04:27:00,0.48791335817941217
2019-10-28 04:30:00,0.5411121390636708
2019-10-28 04:33:00,0.4885781927629864
2019-10-28 04:36:00,0.5347571314860033
2019-10-28 04:39:00,0.5215418744382418
2019-10-28 04:42:00,0.5226693336948074
2019-10-28 04:45:00,0.5370479593553341
2019-10-28 04:48:00,0.5540560299397157
2019-10-28 04:51:00,0.5046057241795552
2019-10-28 04:54:00,0.5037315028653211
2019-10-28 04:57:00,0.5426107084507521
2019-10-28 05:00:00,0.591018734842919
2019-10-28 05:03:00,0.4350505263766422
2019-10-28 05:06:00,0.4862140097251313
2019-10-28 05:09:00,0.4133742104249336
2019-10-28 05:12:00,0.4837417859378661
2019-10-28 05:15:00,0.5198166114232663
2019-10-28 05:18:00,0.5714981783418125
2019-10-28 05:21:00,0.4809773440213121
2019-10-28 05:24:00,0.45628810895783545
2019-10-28 05:27:00,0.5903130348294781
2019-10-28 05:30:00,0.49462462842797095
2019-10-28 05:33:00,0.5785770591217556
2019-10-28 05:36:00,0.49536481794575593
2019-10-28 05:39:00,0.5696830373508419
2019-10-28 05:42:00,0.6504761767127434
2019-10-28 05:45:00,0.5293093826929294
2019-10-28 05:48:00,0.62375652384668
2019-10-28 05:51:00,0.6691486918878127
2019-10-28 05:54:00,0.5176081839011317
2019-10-28 05:57:00,0.6545105486707143
2019-10-28 06:00:00,0.5238603959796819
2019-10-28 06:03:00,0.5465529050773625
2019-10-28 06:06:00,0.5867582216761207
2019-10-28 06:09:00,0.5818945649532452
2019-10-28 06:12:00,0.6369225971403125
2019-10-28 06:15:00,0.5313090702725844
2019-10-28 06:18:00,0.624014076782089
2019-10-28 06:21:00,0.7253519338951264
2019-10-28 06:24:00,0.6624381092897806
2019-10-28 06:27:00,0.6413281706146563
2019-10-28 06:30:00,0.6061337028214098
2019-10-28 06:33:00,0.6608188362690157
2019-10-28 06:36:00,0.548219488187101
2019-10-28 06:39:00,0.6490362939455849
2019-10-28 06:42:00,0.5610128067474989
2019-10-28 06:45:00,0.5823447428095392
2019-10-28 06:48:00,0.5232101056106444
2019-10-28 06:51:00,0.5507489379630783
2019-10-28 06:54:00,0.6165419104555099
2019-10-28 06:57:00,0.5760799169545976
2019-10-28 07:00:00,0.6488147337310579
2019-10-28 07:03:00,0.510095910885866
2019-10-28 07:06:00,0.6263113568748508
2019-10-28 07:09:00,0.6055166527423239
2019-10-28 07:12:00,0.5399960652155755
2019-10-28 07:15:00,0.7405647423603341
2019-10-28 07:18:00,0.6352702958606642
2019-10-28 07:21:00,0.5366298329623191
2019-10-28 07:24:00,0.49444275502565915
2019-10-28 07:27:00,0.628517621619153
2019-10-28 07:30:00,0.47575115157462733
2019-10-28 07:33:00,0.585121793954329
2019-10-28 07:36:00,0.7214162220145113
2019-10-28 07:39:00,0.6363050321043033
2019-10-28 07:42:00,0.5106998308331185
2019-10-28 07:45:00,0.5654583379112523
2019-10-28 07:48:00,0.6214596804584858
2019-10-28 07:51:00,0.6216364999378925
2019-10-28 07:54:00,0.5921351921147107
2019-10-28 07:57:00,0.47555415482861463
2019-10-28 08:00:00,0.5450609865906131
2019-10-28 08:03:00,0.5742680014807888
2019-10-28 08:06:00,0.6016272936292921
2019-10-28 08:09:00,0.5268877887864392
2019-10-28 08:12:00,0.5014687241762203
2019-10-28 08:15:00,0.5232542848453932
2019-10-28 08:18:00,0.5165933657520441
2019-10-28 08:21:00,0.4588834972767586
2019-10-28 08:24:00,0.46318039013755197
2019-10-28 08:27:00,0.49634152615936955
2019-10-28 08:30:00,0.43384976601515746
2019-10-28 08:33:00,0.39899706136878876
2019-10-28 08:36:00,0.3504177516767868
2019-10-28 08:39:00,0.3929199985466312
2019-10-28 08:42:00,0.2299634675262041
2019-10-28 08:45:00,0.3216709459615572
2019-10-28 08:48:00,0.35723642343333495
2019-10-28 08:51:00,0.28160288314194304
2019-10-28 08:54:00,0.40529500389840223
2019-10-28 08:57:00,0.2654017742137853
2019-10-28 09:00:00,0.36398249622936873
2019-10-28 09:03:00,0.2587944676307643
2019-10-28 09:06:00,0.30733183296575817
2019-10-28 09:09:00,0.2703612605023409
2019-10-28 09:12:00,0.22522076662528434
2019-10-28 09:15:00,0.2992096334931489
2019-10-28 09:18:00,0.11369991891484688
2019-10-28 09:21:00,0.22495127247879054
2019-10-28 09:24:00,0.22005785075970152
2019-10-28 09:27:00,0.2092029304038192
2019-10-28 09:30:00,0.33860513601786124
2019-10-28 09:33:00,0.09066060522667385
2019-10-28 09:36:00,0.15623301527500644
2019-10-28 09:39:00,0.11260597796689353
2019-10-28 09:42:00,0.1067366718654057
2019-10-28 09:45:00,0.11680482881388343
2019-10-28 09:48:00,0.10603508203200818
2019-10-28 09:51:00,0.011781371189897527
2019-10-28 09:54:00,0.030484306645405468
2019-10-28 09:57:00,0.15978706104840512
2019-10-28 10:00:00,0.018496488010157464
2019-10-28 10:03:00,-0.09863236445806933
2019-10-28 10:06:00,-0.04895559872170452
2019-10-28 10:09:00,-0.08435356737965094
2019-10-28 10:12:00,-0.08884288200664514
2019-10-28 10:15:00,-0.0648714970132005
2019-10-28 10:18:00,-0.15481733202312853
2019-10-28 10:21:00,-0.060975036307127084
2019-10-28 10:24:00,-0.19265447414630898
2019-10-28 10:27:00,-0.14386046879485548
2019-10-28 10:30:00,-0.08351573701673942
2019-10-28 10:33:00,-0.24797051860394959
2019-10-28 10:36:00,-0.07202678572053856
2019-10-28 10:39:00,-0.06125853837875184
2019-10-28 10:42:00,-0.17038015810953766
2019-10-28 10:45:00,-0.14392247293307037
2019-10-28 10:48:00,-0.21399829696508732
2019-10-28 10:51:00,-0.14488115158098935
2019-10-28 10:54:00,-0.16343725247037355
2019-10-28 10:57:00,-0.15882119076229628
2019-10-28 11:00:00,-0.3040610391163341
2019-10-28 11:03:00,-0.24412176754958637
2019-10-28 11:06:00,-0.2755497825112343
2019-10-28 11:09:00,-0.36383339015367255
2019-10-28 11:12:00,-0.2566877401983447
2019-10-28 11:15:00,-0.25081560764874666
2019-10-28 11:18:00,-0.2787172375938667
2019-10-28 11:21:00,-0.27548157907949644
2019-10-28 11:24:00,-0.3091547680849658
2019-10-28 11:27:00,-0.25511489135334386
2019-10-28 11:30:00,-0.17354428290900614
2019-10-28 11:33:00,-0.3341854185841271
2019-10-28 11:36:00,-0.3438634886447858
2019-10-28 11:39:00,-0.2901851412306655
2019-10-28 11:42:00,-0.42112370424860046
2019-10-28 11:45:00,-0.27222051718842977
2019-10-28 11:48:00,-0.31141230178076285
2019-10-28 11:51:00,-0.306256602218582
2019-10-28 11:54:00,-0.3283120731888971
2019-10-28 11:57:00,-0.2905161054588916
2019-10-28 12:00:00,-0.4789038224615183
2019-10-28 12:03:00,-0.3626435437147961
2019-10-28 12:06:00,-0.3754562151520986
2019-10-28 12:09:00,-0.36640002035210273
2019-10-28 12:12:00,-0.2989359662992115
2019-10-28 12:15:00,-0.45922539566805654
2019-10-28 12:18:00,-0.19968748415942628
2019-10-28 12:21:00,-0.15403490612902715
2019-10-28 12:24:00,-0.21649453210352476
2019-10-28 12:27:00,-0.23042055658299887
2019-10-28 12:30:00,-0.26638710808225596
2019-10-28 12:33:00,-0.1713687377995825
2019-10-28 12:36:00,-0.21199502488570943
2019-10-28 12:39:00,-0.2648968470030013
2019-10-28 12:42:00,-0.24015236212153468
2019-10-28 12:45:00,-0.16372649985305543
2019-10-28 12:48:00,-0.2625708751697857
2019-10-28 12:51:00,-0.18408857056351735
2019-10-28 12:54:00,-0.21160066962289648
2019-10-28 12:57:00,-0.21377629160133438
2019-10-28 13:00:00,-0.37948247307662086
2019-10-28 13:03:00,-0.29109208465837355
2019-10-28 13:06:00,-0.2964572667921743
2019-10-28 13:09:00,-0.35220819476262477
2019-10-28 13:12:00,-0.22657742256433266
2019-10-28 13:15:00,-0.06628057562613776
2019-10-28 13:18:00,-0.25869154447167375
2019-10-28 13:21:00,-0.24693307115398966
2019-10-28 13:24:00,-0.4472690830222632
2019-10-28 13:27:00,-0.14961173819557416
2019-10-28 13:30:00,-0.2539716815870179
2019-10-28 13:33:00,-0.3328513552912682
2019-10-28 13:36:00,-0.2607034311765801
2019-10-28 13:39:00,-0.1436976093612543
2019-10-28 13:42:00,-0.03629977103105375
2019-10-28 13:45:00,-0.11160602353055538
2019-10-28 13:48:00,-0.17726553110583154
2019-10-28 13:51:00,-0.334387469464275
2019-10-28 13:54:00,-0.3882055921428105
2019-10-28 13:57:00,-0.24703918308836137
2019-10-28 14:00:00,-0.28518520177857454
2019-10-28 14:03:00,-0.3056885025939664
2019-10-28 14:06:00,-0.3422646474612634
2019-10-28 14:09:00,-0.2949318279314639
2019-10-28 14:12:00,-0.46464933300632083
2019-10-28 14:15:00,-0.13042530640467476
2019-10-28 14:18:00,-0.18342898787199147
2019-10-28 14:21:00,-0.24147177946213105
2019-10-28 14:24:00,-0.3021191929596512
2019-10-28 14:27:00,-0.251961106485453
2019-10-28 14:30:00,-0.36807641939628866
2019-10-28 14:33:00,-0.31284252945334856
2019-10-28 14:36:00,-0.317932759271514
2019-10-28 14:39:00,-0.3514594154124211
2019-10-28 14:42:00,-0.4544715740568108
2019-10-28 14:45:00,-0.36669164439018687
2019-10-28 14:48:00,-0.4131253122988028
2019-10-28 14:51:00,-0.32484308209603796
2019-10-28 14:54:00,-0.35803337683529435
2019-10-28 14:57:00,-0.3545021290104273
2019-10-28 15:00:00,-0.4354552772637703
2019-10-28 15:03:00,-0.4695446065184683
2019-10-28 15:06:00,-0.3867281495796533
2019-10-28 15:09:00,-0.3658421020112428
2019-10-28 15:12:00,-0.4974629026344246
2019-10-28 15:15:00,-0.4178624494753649
2019-10-28 15:18:00,-0.3299205451775151
2019-10-28 15:21:00,-0.42471284631494655
2019-10-28 15:24:00,-0.37272014970909595
2019-10-28 15:27:00,-0.3561033014167947
2019-10-28 15:30:00,-0.3442902467225508
2019-10-28 15:33:00,-0.2702530373708214
2019-10-28 15:36:00,-0.36388802031342493
2019-10-28 15:39:00,-0.3106683629607687
2019-10-28 15:42:00,-0.4954072538791934
2019-10-28 15:45:00,-0.3649831500948153
2019-10-28 15:48:00,-0.3257885212491374
2019-10-28 15:51:00,-0.2936639106251846
2019-10-28 15:54:00,-0.3201666177751008
2019-10-28 15:57:00,-0.3318466857018052
2019-10-28 16:00:00,-0.33985614938563913
2019-10-28 16:03:00,
2019-10-28 16:06:00,
2019-10-28 16:09:00,
2019-10-28 16:12:00,
2019-10-28 16:15:00,
2019-10-28 16:18:00,
2019-10-28 16:21:00,
2019-10-28 16:24:00,
2019-10-28 16:27:00,
2019-10-28 16:30:00,
2019-10-28 16:33:00,
2019-10-28 16:36:00,
2019-10-28 16:39:00,
2019-10-28 16:42:00,
2019-10-28 16:45:00,
2019-10-28 16:48:00,
2019-10-28 16:51:00,
2019-10-28 16:54:00,
2019-10-28 16:57:00,
2019-10-28 17:00:00,
2019-10-28 17:03:00,
2019-10-28 17:06:00,
2019-10-28 17:09:00,
2019-10-28 17:12:00,
2019-10-28 17:15:00,
2019-10-28 17:18:00,
2019-10-28 17:21:00,
2019-10-28 17:24:00,
2019-10-28 17:27:00,
2019-10-28 17:30:00,
2019-10-28 17:33:00,
2019-10-28 17:36:00,
2019-10-28 17:39:00,
2019-10-28 17:42:00,
2019-10-28 17:45:00,
2019-10-28 17:48:00,
2019-10-28 17:51:00,
2019-10-28 17:54:00,
2019-10-28 17:57:00,
2019-10-28 18:00:00,
2019-10-28 18:03:00,
2019-10-28 18:06:00,
2019-10-28 18:09:00,
2019-10-28 18:12:00,
2019-10-28 18:15:00,
2019-10-28 18:18:00,
2019-10-28 18:21:00,
2019-10-28 18:24:00,
2019-10-28 18:27:00,
2019-10-28 18:30:00,
2019-10-28 18:33:00,
2019-10-28 18:36:00,
2019-10-28 18:39:00,
2019-10-28 18:42:00,
2019-10-28 18:45:00,
2019-10-28 18:48:00,
2019-10-28 18:51:00,
2019-10-28 18:54:00,
2019-10-28 18:57:00,
2019-10-28 19:00:00,
2019-10-28 19:03:00,-0.017539042512396463
2019-10-28 19:06:00,0.04973077051499786
2019-10-28 19:09:00,0.024651340505783992
2019-10-28 19:12:00,-0.09144785700482316
2019-10-28 19:15:00,-0.06953153367970799
2019-10-28 19:18:00,0.06713448629386676
2019-10-28 19:21:00,0.03567325869880733
2019-10-28 19:24:00,0.06276039039647685
2019-10-28 19:27:00,-0.04804933199545758
2019-10-28 19:30:00,-0.06458450987247488
2019-10-28 19:33:00,-0.05467492654423722
2019-10-28 19:36:00,-0.03058742337560716
2019-10-28 19:39:00,0.023094267384976774
2019-10-28 19:42:00,-0.0649945582454734
2019-10-28 19:45:00,0.04134248047199662
2019-10-28 19:48:00,-0.032247035565376336
2019-10-28 19:51:00,0.021931702791903263
2019-10-28 19:54:00,-0.06766761438035473
2019-10-28 19:57:00,0.03404079416003469
2019-10-28 20:00:00,-0.024946325607061226
2019-10-28 20:03:00,-0.06267222802949846
2019-10-28 20:06:00,0.06335984446644716
2019-10-28 20:09:00,-0.0262243533731521
2019-10-28 20:12:00,0.04606442095433749
2019-10-28 20:15:00,0.026234386193948467
2019-10-28 20:18:00,0.02500639512362568
2019-10-28 20:21:00,-0.0236150716954171
2019-10-28 20:24:00,-0.051848196932780866
2019-10-28 20:27:00,-0.007696274400700531
2019-10-28 20:30:00,-0.025891535775826924
2019-10-28 20:33:00,0.06729966944016041
2019-10-28 20:36:00,0.04593745433277263
2019-10-28 20:39:00,-0.09230692988819555
2019-10-28 20:42:00,0.07660353837326284
2019-10-28 20:45:00,0.10215562943750456
2019-10-28 20:48:00,0.048471331902874226
2019-10-28 20:51:00,0.13655904873240843
2019-10-28 20:54:00,0.014974375466238143
2019-10-28 20:57:00,0.09576824579784216
2019-10-28 21:00:00,0.0019892039133537764
2019-10-28 21:03:00,0.020610586346379023
2019-10-28 21:06:00,0.06446884961081878
2019-10-28 21:09:00,0.04705147498810902
2019-10-28 21:12:00,0.0528731283506545
2019-10-28 21:15:00,0.0877101047444171
2019-10-28 21:18:00,0.15847893937029767
2019-10-28 21:21:00,0.01563678699983484
2019-10-28 21:24:00,0.06428769495488496
2019-10-28 21:27:00,0.15419272224988845
2019-10-28 21:30:00,0.17328264572773833
2019-10-28 21:33:00,0.07095331500164548
2019-10-28 21:36:00,0.12811683988536515
2019-10-28 21:39:00,0.21080582427174477
2019-10-28 21:42:00,0.12940680611836797
2019-10-28 21:45:00,0.19996599545100935
2019-10-28 21:48:00,0.21761761750161668
2019-10-28 21:51:00,0.052906958872824816
2019-10-28 21:54:00,0.16719397666912528
2019-10-28 21:57:00,0.11542465057448226
2019-10-28 22:00:00,0.187963353855082
2019-10-28 22:03:00,0.1647899576515215
2019-10-28 22:06:00,0.19103146511565683
2019-10-28 22:09:00,0.11183958837909813
2019-10-28 22:12:00,0.2033334663510118
2019-10-28 22:15:00,0.18434996602258025
2019-10-28 22:18:00,0.1639523061003274
2019-10-28 22:21:00,0.16668927219109264
2019-10-28 22:24:00,0.20961250917639518
2019-10-28 22:27:00,0.2653956239400941
2019-10-28 22:30:00,0.25762552999344734
2019-10-28 22:33:00,0.308084454505547
2019-10-28 22:36:00,0.40274219476276585
2019-10-28 22:39:00,0.32886697970354817
2019-10-28 22:42:00,0.33972503724766057
2019-10-28 22:45:00,0.2486589181789327
2019-10-28 22:48:00,0.24233535259168093
2019-10-28 22:51:00,0.2474749731434258
2019-10-28 22:54:00,0.20173459693535278
2019-10-28 22:57:00,0.3142001893783686
2019-10-28 23:00:00,0.16163364464478036
2019-10-28 23:03:00,0.23584223241061864
2019-10-28 23:06:00,0.06903045876936176
2019-10-28 23:09:00,0.3539124525219677
2019-10-28 23:12:00,0.2514748864193166
2019-10-28 23:15:00,0.1501541269574318
2019-10-28 23:18:00,0.18228528275756162
2019-10-28 23:21:00,0.21573074911128742
2019-10-28 23:24:00,0.13073132917651265
2019-10-28 23:27:00,0.22588919212159908
2019-10-28 23:30:00,0.1900485449076541
2019-10-28 23:33:00,0.2512110505879832
2019-10-28 23:36:00,0.22219841556454867
2019-10-28 23:39:00,0.35634411906556807
2019-10-28 23:42:00,0.2720224215651683
2019-10-28 23:45:00,0.42969277462646005
2019-10-28 23:48:00,0.6173548060409075
2019-10-28 23:51:00,0.6582147862914667
2019-10-28 23:54:00,0.5861963915111232
2019-10-28 23:57:00,0.5750245504005989
2019-10-29 00:00:00,0.43286593887376057
2019-10-29 00:03:00,0.4562454411909016
2019-10-29 00:06:00,0.4804901053091726
2019-10-29 00:09:00,0.5358511965099524
2019-10-29 00:12:00,0.4293678584930376
2019-10-29 00:15:00,0.3867541169253741
2019-10-29 00:18:00,0.3274219043281619
2019-10-29 00:21:00,0.37079238336980325
2019-10-29 00:24:00,0.22158150797037024
2019-10-29 00:27:00,0.26148482857217914
2019-10-29 00:30:00,0.2716766537362787
2019-10-29 00:33:00,0.3381568351653641
2019-10-29 00:36:00,0.30358132859402076
2019-10-29 00:39:00,0.30615748713438506
2019-10-29 00:42:00,0.2853345565725931
2019-10-29 00:45:00,0.2407496342288482
2019-10-29 00:48:00,0.22356703832753055
2019-10-29 00:51:00,0.25045161826267304
2019-10-29 00:54:00,0.3246064434463847
2019-10-29 00:57:00,0.34980015439737144
2019-10-29 01:00:00,0.3016033188872598
2019-10-29 01:03:00,0.3330276036826376
2019-10-29 01:06:00,0.3100068779119738
2019-10-29 01:09:00,0.27506463901119105
2019-10-29 01:12:00,0.21031493798722067
2019-10-29 01:15:00,0.2244713544980641
2019-10-29 01:18:00,0.19794264357568636
2019-10-29 01:21:00,0.2872041816187334
2019-10-29 01:24:00,0.25260377778062093
2019-10-29 01:27:00,0.2864683081417638
2019-10-29 01:30:00,0.37603741292628
2019-10-29 01:33:00,0.27301303934683574
2019-10-29 01:36:00,0.25548870204386276
2019-10-29 01:39:00,0.2853356438117203
2019-10-29 01:42:00,0.29162989383581817
2019-10-29 01:45:00,0.20065946014852898
2019-10-29 01:48:00,0.29326600816807513
2019-10-29 01:51:00,0.2661760985168371
2019-10-29 01:54:00,0.2607855906508689
2019-10-29 01:57:00,0.24584370090792618
2019-10-29 02:00:00,0.30172441096937064
2019-10-29 02:03:00,0.3917970152370458
2019-10-29 02:06:00,0.28959825890490265
2019-10-29 02:09:00,0.2891656656479995
2019-10-29 02:12:00,0.2997790290812077
2019-10-29 02:15:00,0.3132186307016127
2019-10-29 02:18:00,0.3225103968700296
2019-10-29 02:21:00,0.32140012221634606
2019-10-29 02:24:00,0.30832333405629697
2019-10-29 02:27:00,0.28915506192601015
2019-10-29 02:30:00,0.3287878114067553
2019-10-29 02:33:00,0.34001789328925724
2019-10-29 02:36:00,0.24540825947923395
2019-10-29 02:39:00,0.28534067751240855
2019-10-29 02:42:00,0.338854024022055
2019-10-29 02:45:00,0.24091024472147637
2019-10-29 02:48:00,0.3548418794247823
2019-10-29 02:51:00,0.30370459902536595
2019-10-29 02:54:00,0.32547627663410594
2019-10-29 02:57:00,0.25236390286448795
2019-10-29 03:00:00,0.40115072058387113
2019-10-29 03:03:00,0.2661226846701652
2019-10-29 03:06:00,0.37916014302061285
2019-10-29 03:09:00,0.3119711804808958
2019-10-29 03:12:00,0.3364686802884762
2019-10-29 03:15:00,0.31260139344698246
2019-10-29 03:18:00,0.2722657467913905
2019-10-29 03:21:00,0.3290527586933081
2019-10-29 03:24:00,0.3368713791091409
2019-10-29 03:27:00,0.4214595314967937
2019-10-29 03:30:00,0.3617454391202273
2019-10-29 03:33:00,0.4987111183802426
2019-10-29 03:36:00,0.5224505631539955
2019-10-29 03:39:00,0.33979840128438354
2019-10-29 03:42:00,0.4189255983673661
2019-10-29 03:45:00,0.43678825819648637
2019-10-29 03:48:00,0.3893157870786581
2019-10-29 03:51:00,0.51980375674475
2019-10-29 03:54:00,0.486181672543637
2019-10-29 03:57:00,0.55777113276406
2019-10-29 04:00:00,0.4891421930099682
2019-10-29 04:03:00,0.49616810523821187
2019-10-29 04:06:00,0.5031281112475199
2019-10-29 04:09:00,0.5474291048661257
2019-10-29 04:12:00,0.5297168810802759
2019-10-29 04:15:00,0.3943725782644947
2019-10-29 04:18:00,0.4047811995458801
2019-10-29 04:21:00,0.4312875082527512
2019-10-29 04:24:00,0.44568983253680017
2019-10-29 04:27:00,0.5052831445747756
2019-10-29 04:30:00,0.2620087412190628
2019-10-29 04:33:00,0.3008976332113207
2019-10-29 04:36:00,0.37380509785003824
2019-10-29 04:39:00,0.5301448051637863
2019-10-29 04:42:00,0.43140357206868885
2019-10-29 04:45:00,0.48070056891225477
2019-10-29 04:48:00,0.42514463223164967
2019-10-29 04:51:00,0.3833280661798426
2019-10-29 04:54:00,0.40408067361903477
2019-10-29 04:57:00,0.3780041073207485
2019-10-29 05:00:00,0.511823131284018
2019-10-29 05:03:00,0.48094600033419965
2019-10-29 05:06:00,0.45137436015659205
2019-10-29 05:09:00,0.36076632757800553
2019-10-29 05:12:00,0.4885664382298387
2019-10-29 05:15:00,0.4469176149335681
2019-10-29 05:18:00,0.3775798659369798
2019-10-29 05:21:00,0.3746889102081923
2019-10-29 05:24:00,0.3284644006084818
2019-10-29 05:27:00,0.26181234635976125
2019-10-29 05:30:00,0.2960515853706056
2019-10-29 05:33:00,0.41423837273151776
2019-10-29 05:36:00,0.41142512623156335
2019-10-29 05:39:00,0.48680170621190655
2019-10-29 05:42:00,0.47399066750296015
2019-10-29 05:45:00,0.35593438447830295
2019-10-29 05:48:00,0.40021671491035704
2019-10-29 05:51:00,0.40935991643266334
2019-10-29 05:54:00,0.4552428706552405
2019-10-29 05:57:00,0.5117165939472557
2019-10-29 06:00:00,0.567898844643139
2019-10-29 06:03:00,0.4716480094534745
2019-10-29 06:06:00,0.4189005379625428
2019-10-29 06:09:00,0.4347480964202646
2019-10-29 06:12:00,0.49935827293307966
2019-10-29 06:15:00,0.4447873384738159
2019-10-29 06:18:00,0.4569202045362317
2019-10-29 06:21:00,0.5142359938754453
2019-10-29 06:24:00,0.39101248615395434
2019-10-29 06:27:00,0.4637429977969987
2019-10-29 06:30:00,0.47616013026521387
2019-10-29 06:33:00,0.4321624115382292
2019-10-29 06:36:00,0.530377981757681
2019-10-29 06:39:00,0.5154641909938391
2019-10-29 06:42:00,0.4511830305124249
2019-10-29 06:45:00,0.4491957935331925
2019-10-29 06:48:00,0.44590567020651406
2019-10-29 06:51:00,0.39734762650579114
2019-10-29 06:54:00,0.494955466254396
2019-10-29 06:57:00,0.5300769314730474
2019-10-29 07:00:00,0.474287400183357
2019-10-29 07:03:00,0.45050399092326643
2019-10-29 07:06:00,0.6062311970923702
2019-10-29 07:09:00,0.48852407790928964
2019-10-29 07:12:00,0.48314351374710895
2019-10-29 07:15:00,0.4718223921932463
2019-10-29 07:18:00,0.5193404289909722
2019-10-29 07:21:00,0.494130604331815
2019-10-29 07:24:00,0.6226574962142308
2019-10-29 07:27:00,0.4404516755180907
2019-10-29 07:30:00,0.49493588804512
2019-10-29 07:33:00,0.4778000910965261
2019-10-29 07:36:00,0.49394888158246886
2019-10-29 07:39:00,0.5263467128081061
2019-10-29 07:42:00,0.427190575041152
2019-10-29 07:45:00,0.536330439722235
2019-10-29 07:48:00,0.49632122735221174
2019-10-29 07:51:00,0.5417016848257958
2019-10-29 07:54:00,0.4838277344944686
2019-10-29 07:57:00,0.4673591503913599
2019-10-29 08:00:00,0.331663592664313
2019-10-29 08:03:00,0.4062933306245782
2019-10-29 08:06:00,0.3526692862937466
2019-10-29 08:09:00,0.36255426525247003
2019-10-29 08:12:00,0.31201138033770803
2019-10-29 08:15:00,0.3459031874816674
2019-10-29 08:18:00,0.35494015030946
2019-10-29 08:21:00,0.40577665939770213
2019-10-29 08:24:00,0.3368920345453148
2019-10-29 08:27:00,0.4172371626521567
2019-10-29 08:30:00,0.3757767377377945
2019-10-29 08:33:00,0.31304970457023273
2019-10-29 08:36:00,0.4480708758518972
2019-10-29 08:39:00,0.3390746473302215
2019-10-29 08:42:00,0.4082660808705896
2019-10-29 08:45:00,0.3353958720530841
2019-10-29 08:48:00,0.34652849558625576
2019-10-29 08:51:00,0.25487727123868353
2019-10-29 08:54:00,0.26604171741138316
2019-10-29 08:57:00,0.267997198342357
2019-10-29 09:00:00,0.37888915197731876
2019-10-29 09:03:00,0.2185373931587833
2019-10-29 09:06:00,0.3418383313278355
2019-10-29 09:09:00,0.3410211038105331
2019-10-29 09:12:00,0.30475523971892926
2019-10-29 09:15:00,0.25587917730553045
2019-10-29 09:18:00,0.3351101422851457
2019-10-29 09:21:00,0.25275197186397236
2019-10-29 09:24:00,0.34866289943664697
2019-10-29 09:27:00,0.28647414550846406
2019-10-29 09:30:00,0.3548192156250707
2019-10-29 09:33:00,0.3709197139380649
2019-10-29 09:36:00,0.30527580691767753
2019-10-29 09:39:00,0.2057985478760429
2019-10-29 09:42:00,0.23237039803103698
2019-10-29 09:45:00,0.2998599883877091
2019-10-29 09:48:00,0.2377624045354878
2019-10-29 09:51:00,0.16761976326205286
2019-10-29 09:54:00,0.1782463918201529
2019-10-29 09:57:00,0.27598204453028075
2019-10-29 10:00:00,0.2138941238521852
2019-10-29 10:03:00,0.31126976351242774
2019-10-29 10:06:00,0.1746875260908496
2019-10-29 10:09:00,0.19228867495235136
2019-10-29 10:12:00,0.17745553366404465
2019-10-29 10:15:00,0.1486979138114748
2019-10-29 10:18:00,0.03620445066889033
2019-10-29 10:21:00,0.15215222549824148
2019-10-29 10:24:00,0.030519364987867448
2019-10-29 10:27:00,0.10840617583801304
2019-10-29 10:30:00,-0.026829799215647654
2019-10-29 10:33:00,-0.11596097442799191
2019-10-29 10:36:00,0.019495440298044286
2019-10-29 10:39:00,0.06369223581066308
2019-10-29 10:42:00,-0.001897477937120584
2019-10-29 10:45:00,0.057849317498039454
2019-10-29 10:48:00,-0.102795777346671
2019-10-29 10:51:00,-0.104368582856182
2019-10-29 10:54:00,-0.058215256035111906
2019-10-29 10:57:00,-0.06128537392260114
2019-10-29 11:00:00,0.10468164820412085
2019-10-29 11:03:00,0.0192552087050899
2019-10-29 11:06:00,0.010947362443516795
2019-10-29 11:09:00,0.0025429078918932646
2019-10-29 11:12:00,0.023594945461525185
2019-10-29 11:15:00,-0.11862461721187856
2019-10-29 11:18:00,-0.08584439530460486
2019-10-29 11:21:00,-0.10988911058427675
2019-10-29 11:24:00,-0.05472576671081697
2019-10-29 11:27:00,-0.05488020892943268
2019-10-29 11:30:00,0.04946908220813384
2019-10-29 11:33:00,-0.06773780595045764
2019-10-29 11:36:00,-0.10105076017526926
2019-10-29 11:39:00,-0.19187818913962928
2019-10-29 11:42:00,-0.08969336257536042
2019-10-29 11:45:00,-0.1997696045750672
2019-10-29 11:48:00,-0.13156506445494642
2019-10-29 11:51:00,-0.15380329288313987
2019-10-29 11:54:00,-0.03136487911763197
2019-10-29 11:57:00,-0.14837648672403247
2019-10-29 12:00:00,-0.2850578611633523
2019-10-29 12:03:00,-0.16912518909896335
2019-10-29 12:06:00,-0.18942511137635165
2019-10-29 12:09:00,-0.12756896263226736
2019-10-29 12:12:00,-0.23699956885633355
2019-10-29 12:15:00,-0.2069022670938807
2019-10-29 12:18:00,-0.18590496949275348
2019-10-29 12:21:00,-0.1853114512623506
2019-10-29 12:24:00,-0.21035332318933797
2019-10-29 12:27:00,-0.12251447579347996
2019-10-29 12:30:00,-0.21903975008393672
2019-10-29 12:33:00,-0.3525557282516161
2019-10-29 12:36:00,-0.3078352566131457
2019-10-29 12:39:00,-0.27236392464578785
2019-10-29 12:42:00,-0.3128461981788746
2019-10-29 12:45:00,-0.1829616580054676
2019-10-29 12:48:00,-0.2549967267483453
2019-10-29 12:51:00,-0.3120707662108657
2019-10-29 12:54:00,-0.2506317262725588
2019-10-29 12:57:00,-0.1539647701262652
2019-10-29 13:00:00,-0.3386847329040279
2019-10-29 13:03:00,-0.3671795921655985
2019-10-29 13:06:00,-0.3184878250592078
2019-10-29 13:09:00,-0.24409226075908919
2019-10-29 13:12:00,-0.2864742543751504
2019-10-29 13:15:00,-0.3730598969210632
2019-10-29 13:18:00,-0.3259737610227944
2019-10-29 13:21:00,-0.3818173605031916
2019-10-29 13:24:00,-0.2937538464909153
2019-10-29 13:27:00,-0.3954535112010831
2019-10-29 13:30:00,-0.13961377285477283
2019-10-29 13:33:00,-0.3299921396086347
2019-10-29 13:36:00,-0.3500271870688607
2019-10-29 13:39:00,-0.3957938238110046
2019-10-29 13:42:00,-0.31992756554308244
2019-10-29 13:45:00,-0.40010624392118643
2019-10-29 13:48:00,-0.37204666693901345
2019-10-29 13:51:00,-0.33690185325571065
2019-10-29 13:54:00,-0.2862225640567999
2019-10-29 13:57:00,-0.22113071182286603
2019-10-29 14:00:00,-0.16956275540042043
2019-10-29 14:03:00,-0.11577694918236148
2019-10-29 14:06:00,-0.1866109817940469
2019-10-29 14:09:00,-0.25458199533449033
2019-10-29 14:12:00,-0.22632664073984188
2019-10-29 14:15:00,-0.32713250072077926
2019-10-29 14:18:00,-0.3884944481159778
2019-10-29 14:21:00,-0.41513319989502406
2019-10-29 14:24:00,-0.41424871042642053
2019-10-29 14:27:00,-0.4615395869957979
2019-10-29 14:30:00,-0.40868430079626705
2019-10-29 14:33:00,-0.3975017952190001
2019-10-29 14:36:00,-0.37200995328191766
2019-10-29 14:39:00,-0.4481927766212266
2019-10-29 14:42:00,-0.4172083823738717
2019-10-29 14:45:00,-0.31860268721050033
2019-10-29 14:48:00,-0.3205703415205221
2019-10-29 14:51:00,-0.3883138889631823
2019-10-29 14:54:00,-0.37768732734866717
2019-10-29 14:57:00,-0.26479181555333753
2019-10-29 15:00:00,-0.28854919323401873
2019-10-29 15:03:00,-0.35739062424289614
2019-10-29 15:06:00,-0.34580864421968727
2019-10-29 15:09:00,-0.3264884092560578
2019-10-29 15:12:00,-0.21948441451030476
2019-10-29 15:15:00,-0.42441009373129646
2019-10-29 15:18:00,-0.31624645316725264
2019-10-29 15:21:00,-0.4072906584567022
2019-10-29 15:24:00,-0.5121547367210155
2019-10-29 15:27:00,-0.40521299971300095
2019-10-29 15:30:00,-0.5639195365333762
2019-10-29 15:33:00,-0.3316959173229179
2019-10-29 15:36:00,-0.2482106673154476
2019-10-29 15:39:00,-0.5063756610486507
2019-10-29 15:42:00,-0.3778469368017454
2019-10-29 15:45:00,-0.44721679701609673
2019-10-29 15:48:00,-0.38334541820177037
2019-10-29 15:51:00,-0.34469982381205
2019-10-29 15:54:00,-0.4749716194314715
2019-10-29 15:57:00,-0.4207598761814211
2019-10-29 16:00:00,-0.4740988867872602
2019-10-29 16:03:00,-0.3957801755877881
2019-10-29 16:06:00,-0.3299733524900148
2019-10-29 16:09:00,-0.4540108012953965
2019-10-29 16:12:00,-0.37612239739337383
2019-10-29 16:15:00,-0.35611955644753834
2019-10-29 16:18:00,-0.38416996697799277
2019-10-29 16:21:00,-0.3623969227356838
2019-10-29 16:24:00,-0.37370545299853575
2019-10-29 16:27:00,-0.37255618872711693
2019-10-29 16:30:00,-0.30297238405847793
2019-10-29 16:33:00,-0.2622033815009672
2019-10-29 16:36:00,-0.3584036302151503
2019-10-29 16:39:00,-0.3746005250570761
2019-10-29 16:42:00,-0.25930042606330517
2019-10-29 16:45:00,-0.3591854274143884
2019-10-29 16:48:00,-0.3901634630370836
2019-10-29 16:51:00,-0.25444793808946997
2019-10-29 16:54:00,-0.24185928287334946
2019-10-29 16:57:00,-0.351526714013346
2019-10-29 17:00:00,-0.3242185499758534
2019-10-29 17:03:00,-0.3034137304892397
2019-10-29 17:06:00,-0.3416017971570682
2019-10-29 17:09:00,-0.32657145387452147
2019-10-29 17:12:00,-0.3891947496601915
2019-10-29 17:15:00,-0.3150355690671631
2019-10-29 17:18:00,-0.22420937487828496
2019-10-29 17:21:00,-0.27715123127694596
2019-10-29 17:24:00,-0.2370678143048508
2019-10-29 17:27:00,-0.292947159159894
2019-10-29 17:30:00,-0.27388740671193545
2019-10-29 17:33:00,-0.192840514562306
2019-10-29 17:36:00,-0.18805905803355927
2019-10-29 17:39:00,-0.13287418025083753
2019-10-29 17:42:00,-0.07629222576304073
2019-10-29 17:45:00,-0.11647661691154099
2019-10-29 17:48:00,-0.051601259159497204
2019-10-29 17:51:00,-0.05479653701343068
2019-10-29 17:54:00,-0.09984960138405086
2019-10-29 17:57:00,-0.011633249027170223
2019-10-29 18:00:00,-0.15257002749115145
2019-10-29 18:03:00,-0.25351332791689174
2019-10-29 18:06:00,-0.02638861319633179
2019-10-29 18:09:00,-0.055497759874526764
2019-10-29 18:12:00,-0.126315790258559
2019-10-29 18:15:00,-0.08284536225914962
2019-10-29 18:18:00,-0.027140470622384782
2019-10-29 18:21:00,-0.09671295942712277
2019-10-29 18:24:00,-0.10536642050840328
2019-10-29 18:27:00,0.004750377518519144
2019-10-29 18:30:00,-0.03390385324007639
2019-10-29 18:33:00,-0.08523106144775738
2019-10-29 18:36:00,-0.05115605715946003
2019-10-29 18:39:00,0.0966924164554257
2019-10-29 18:42:00,0.002219099875446773
2019-10-29 18:45:00,-0.06044645103986568
2019-10-29 18:48:00,-0.05093576712306458
2019-10-29 18:51:00,-0.008432354121168828
2019-10-29 18:54:00,
2019-10-29 18:57:00,
2019-10-29 19:00:00,
2019-10-29 19:03:00,-0.004252784117568353
2019-10-29 19:06:00,-0.052186198966126085
2019-10-29 19:09:00,-0.02431357524875466
2019-10-29 19:12:00,0.0005357906875929075
2019-10-29 19:15:00,0.013356045784064463
2019-10-29 19:18:00,0.07102121072665568
2019-10-29 19:21:00,0.044812643134775954
2019-10-29 19:24:00,-0.07977765249114555
2019-10-29 19:27:00,-0.039376905917606564
2019-10-29 19:30:00,0.00638477788425007
2019-10-29 19:33:00,-0.04808570691386649
2019-10-29 19:36:00,-0.04059148031529958
2019-10-29 19:39:00,-0.0030804630788452414
2019-10-29 19:42:00,-0.10263506384717402
2019-10-29 19:45:00,0.036629833102040266
2019-10-29 19:48:00,-0.10150866975442341
2019-10-29 19:51:00,0.036995429441049055
2019-10-29 19:54:00,0.06909378513512365
2019-10-29 19:57:00,0.030068550446003428
2019-10-29 20:00:00,-0.05058572358171887
2019-10-29 20:03:00,-0.015140434378224654
2019-10-29 20:06:00,0.011809623148167248
2019-10-29 20:09:00,0.0033844904572220003
2019-10-29 20:12:00,0.048013896321663196
2019-10-29 20:15:00,-0.06865411774685981
2019-10-29 20:18:00,-0.09107245431482625
2019-10-29 20:21:00,-0.08767624858120371
2019-10-29 20:24:00,0.035174481001149616
2019-10-29 20:27:00,-0.010022062488189931
2019-10-29 20:30:00,0.002661041895237304
2019-10-29 20:33:00,0.09057745066809275
2019-10-29 20:36:00,0.036565052760010985
2019-10-29 20:39:00,0.052538368133014046
2019-10-29 20:42:00,0.10996064952257711
2019-10-29 20:45:00,0.17067674456927762
2019-10-29 20:48:00,0.1938666923303458
2019-10-29 20:51:00,0.201472477169375
2019-10-29 20:54:00,0.08293884276156405
2019-10-29 20:57:00,0.245201910145056
2019-10-29 21:00:00,0.03225993250578085
2019-10-29 21:03:00,0.025645939441176324
2019-10-29 21:06:00,0.12307933679949201
2019-10-29 21:09:00,0.019711366990406987
2019-10-29 21:12:00,-0.029056228393699257
2019-10-29 21:15:00,0.006925895567064799
2019-10-29 21:18:00,0.017259584463886313
2019-10-29 21:21:00,0.022123618422028812
2019-10-29 21:24:00,-0.08693915717230993
2019-10-29 21:27:00,0.04813599274586977
2019-10-29 21:30:00,0.04484042552974188
2019-10-29 21:33:00,0.10395207449789723
2019-10-29 21:36:00,0.0009508309618126987
2019-10-29 21:39:00,0.1260385813806124
2019-10-29 21:42:00,0.11996885993897877
2019-10-29 21:45:00,0.05469543506762875
2019-10-29 21:48:00,0.12105199238499154
2019-10-29 21:51:00,0.17367200308990505
2019-10-29 21:54:00,0.13639547539008845
2019-10-29 21:57:00,0.180590209895513
2019-10-29 22:00:00,0.1519277140753843
2019-10-29 22:03:00,0.14013322753652346
2019-10-29 22:06:00,0.06372016945937276
2019-10-29 22:09:00,0.15287393141244365
2019-10-29 22:12:00,0.09562027688468788
2019-10-29 22:15:00,0.24595002697304835
2019-10-29 22:18:00,0.11083953304620309
2019-10-29 22:21:00,0.22798960526824885
2019-10-29 22:24:00,0.10521457446452587
2019-10-29 22:27:00,0.17590171818602585
2019-10-29 22:30:00,0.12312860158067451
2019-10-29 22:33:00,0.17638521833237064
2019-10-29 22:36:00,0.18275663488907412
2019-10-29 22:39:00,0.1368451853357442
2019-10-29 22:42:00,0.19705480574185685
2019-10-29 22:45:00,0.19561726824974812
2019-10-29 22:48:00,0.3138760822150175
2019-10-29 22:51:00,0.23867932768695255
2019-10-29 22:54:00,0.24768644378372073
2019-10-29 22:57:00,0.3436616839929343
2019-10-29 23:00:00,0.21837237309728152
2019-10-29 23:03:00,0.4429833540509662
2019-10-29 23:06:00,0.3817433928741707
2019-10-29 23:09:00,0.5811710680261513
2019-10-29 23:12:00,0.5490300311446958
2019-10-29 23:15:00,0.7184345298151698
2019-10-29 23:18:00,0.67243398470805
2019-10-29 23:21:00,0.6232415983747615
2019-10-29 23:24:00,0.38797109282393194
2019-10-29 23:27:00,0.28961251050589
2019-10-29 23:30:00,0.2902292178276298
2019-10-29 23:33:00,0.34844471809930155
2019-10-29 23:36:00,0.3026772885301625
2019-10-29 23:39:00,0.2632129384982136
2019-10-29 23:42:00,0.37105572468487935
2019-10-29 23:45:00,0.47099396019149253
2019-10-29 23:48:00,0.3775452068587697
2019-10-29 23:51:00,0.367283881180299
2019-10-29 23:54:00,0.2898374672013233
2019-10-29 23:57:00,0.2564597242418927
2019-10-30 00:00:00,0.2601169256313369
2019-10-30 00:03:00,0.29783952415084514
2019-10-30 00:06:00,0.37298354879857243
2019-10-30 00:09:00,0.3179259996150563
2019-10-30 00:12:00,0.36738973736356684
2019-10-30 00:15:00,0.31957141990670834
2019-10-30 00:18:00,0.21255171326362188
2019-10-30 00:21:00,0.2637028437563913
2019-10-30 00:24:00,0.12272772748167426
2019-10-30 00:27:00,0.3050651404542464
2019-10-30 00:30:00,0.3114523754387619
2019-10-30 00:33:00,0.2180700511207192
2019-10-30 00:36:00,0.21080391023554057
2019-10-30 00:39:00,0.240372189706477
2019-10-30 00:42:00,0.21443311529344555
2019-10-30 00:45:00,0.32356415105743963
2019-10-30 00:48:00,0.28847926733050144
2019-10-30 00:51:00,0.3035154030609988
2019-10-30 00:54:00,0.24972932376317658
2019-10-30 00:57:00,0.23624178816032781
2019-10-30 01:00:00,0.19735869418150287
2019-10-30 01:03:00,0.23702841212366366
2019-10-30 01:06:00,0.36434504409385227
2019-10-30 01:09:00,0.4163571191457436
2019-10-30 01:12:00,0.4171358368475353
2019-10-30 01:15:00,0.5138859977389529
2019-10-30 01:18:00,0.4490653412228198
2019-10-30 01:21:00,0.5675953027981109
2019-10-30 01:24:00,0.5291303685937123
2019-10-30 01:27:00,0.5419291293308106
2019-10-30 01:30:00,0.5486922683152784
2019-10-30 01:33:00,0.6199283797583348
2019-10-30 01:36:00,0.5599124603676842
2019-10-30 01:39:00,0.4998965144604881
2019-10-30 01:42:00,0.49671020643950214
2019-10-30 01:45:00,0.5836130975390006
2019-10-30 01:48:00,0.5015699786838468
2019-10-30 01:51:00,0.5189667923588672
2019-10-30 01:54:00,0.5312924961353929
2019-10-30 01:57:00,0.49568364509326557
2019-10-30 02:00:00,0.5581080896317872
2019-10-30 02:03:00,0.4938917446016262
2019-10-30 02:06:00,0.5300074750785484
2019-10-30 02:09:00,0.5125750724924387
2019-10-30 02:12:00,0.6084575890971564
2019-10-30 02:15:00,0.5617649536242766
2019-10-30 02:18:00,0.4948057859602386
2019-10-30 02:21:00,0.514480698704233
2019-10-30 02:24:00,0.5355313374016077
2019-10-30 02:27:00,0.5446759779486001
2019-10-30 02:30:00,0.4969371770188218
2019-10-30 02:33:00,0.5418590545132815
2019-10-30 02:36:00,0.5573449362015594
2019-10-30 02:39:00,0.5118179528271867
2019-10-30 02:42:00,0.4604876393037216
2019-10-30 02:45:00,0.5462899293822261
2019-10-30 02:48:00,0.439847967687399
2019-10-30 02:51:00,0.4696882338512296
2019-10-30 02:54:00,0.5002778090146762
2019-10-30 02:57:00,0.4958496988588763
2019-10-30 03:00:00,0.5187048195272155
2019-10-30 03:03:00,0.38995304044266277
2019-10-30 03:06:00,0.45356339392048994
2019-10-30 03:09:00,0.5261174888054825
2019-10-30 03:12:00,0.5069889504219987
2019-10-30 03:15:00,0.4452208496126673
2019-10-30 03:18:00,0.4191618723482975
2019-10-30 03:21:00,0.40958907442842474
2019-10-30 03:24:00,0.465342553807659
2019-10-30 03:27:00,0.4495658914613614
2019-10-30 03:30:00,0.43722742465467945
2019-10-30 03:33:00,0.4758371071584975
2019-10-30 03:36:00,0.3869699781166105
2019-10-30 03:39:00,0.44736212123729047
2019-10-30 03:42:00,0.3976832452418648
2019-10-30 03:45:00,0.4428488942384661
2019-10-30 03:48:00,0.4586303961507383
2019-10-30 03:51:00,0.40553204110085517
2019-10-30 03:54:00,0.3727557705399249
2019-10-30 03:57:00,0.4090511788464255
2019-10-30 04:00:00,0.38911483833527427
2019-10-30 04:03:00,0.43771151962869226
2019-10-30 04:06:00,0.36349730290072557
2019-10-30 04:09:00,0.4370662724264207
2019-10-30 04:12:00,0.41371420369193856
2019-10-30 04:15:00,0.43009972092187354
2019-10-30 04:18:00,0.4079315830059045
2019-10-30 04:21:00,0.43812533070428117
2019-10-30 04:24:00,0.37789829499757843
2019-10-30 04:27:00,0.43027539374946855
2019-10-30 04:30:00,0.3919996577100733
2019-10-30 04:33:00,0.3664017097073611
2019-10-30 04:36:00,0.42466884969934426
2019-10-30 04:39:00,0.40854576316564817
2019-10-30 04:42:00,0.41542761325007405
2019-10-30 04:45:00,0.4096029522999629
2019-10-30 04:48:00,0.32470190330070636
2019-10-30 04:51:00,0.45410338718841103
2019-10-30 04:54:00,0.4735165755980688
2019-10-30 04:57:00,0.48647083875016506
2019-10-30 05:00:00,0.37703004235220305
2019-10-30 05:03:00,0.4293871404727838
2019-10-30 05:06:00,0.3977128251021895
2019-10-30 05:09:00,0.5437215103737572
2019-10-30 05:12:00,0.5036771211612177
2019-10-30 05:15:00,0.5081239404376561
2019-10-30 05:18:00,0.39024984977936583
2019-10-30 05:21:00,0.43275968842721113
2019-10-30 05:24:00,0.4928298142789913
2019-10-30 05:27:00,0.4604123517945595
2019-10-30 05:30:00,0.4347008086815549
2019-10-30 05:33:00,0.38009671483195007
2019-10-30 05:36:00,0.40194160113208
2019-10-30 05:39:00,0.46389125597244174
2019-10-30 05:42:00,0.5316562769524467
2019-10-30 05:45:00,0.4197505942784687
2019-10-30 05:48:00,0.4965618928355866
2019-10-30 05:51:00,0.4638376198385572
2019-10-30 05:54:00,0.36886181736434764
2019-10-30 05:57:00,0.35346745727787265
2019-10-30 06:00:00,0.4175731962017153
2019-10-30 06:03:00,0.4212029829726589
2019-10-30 06:06:00,0.42823923696306565
2019-10-30 06:09:00,0.5153968152645234
2019-10-30 06:12:00,0.4460387653448947
2019-10-30 06:15:00,0.47677142341547096
2019-10-30 06:18:00,0.42977753963185705
2019-10-30 06:21:00,0.4310169512407356
2019-10-30 06:24:00,0.4674283354329418
2019-10-30 06:27:00,0.4533010383586884
2019-10-30 06:30:00,0.3540334740802109
2019-10-30 06:33:00,0.48710550352387827
2019-10-30 06:36:00,0.5033112013968548
2019-10-30 06:39:00,0.48979587400799574
2019-10-30 06:42:00,0.47718346077869
2019-10-30 06:45:00,0.46091205059423146
2019-10-30 06:48:00,0.42845204528765635
2019-10-30 06:51:00,0.5611553323826115
2019-10-30 06:54:00,0.4117824187782162
2019-10-30 06:57:00,0.5044558812635955
2019-10-30 07:00:00,0.443256518042233
2019-10-30 07:03:00,0.4490049223431356
2019-10-30 07:06:00,0.46886195691939747
2019-10-30 07:09:00,0.4944280255972444
2019-10-30 07:12:00,0.430833679164607
2019-10-30 07:15:00,0.4299494443662297
2019-10-30 07:18:00,0.5147009592658947
2019-10-30 07:21:00,0.5679383948988175
2019-10-30 07:24:00,0.5414819008492486
2019-10-30 07:27:00,0.35339846268379915
2019-10-30 07:30:00,0.45655485112217775
2019-10-30 07:33:00,0.44650844305527926
2019-10-30 07:36:00,0.40319412735232163
2019-10-30 07:39:00,0.47955183532252477
2019-10-30 07:42:00,0.48343793891956466
2019-10-30 07:45:00,0.46269524067065504
2019-10-30 07:48:00,0.4637425412715288
2019-10-30 07:51:00,0.41922503817244205
2019-10-30 07:54:00,0.4489488653990179
2019-10-30 07:57:00,0.427023139473647
2019-10-30 08:00:00,0.32716715475072533
2019-10-30 08:03:00,0.3888426830999947
2019-10-30 08:06:00,0.45882587544599573
2019-10-30 08:09:00,0.5064797529556699
2019-10-30 08:12:00,0.3956439420139759
2019-10-30 08:15:00,0.37314666917313843
2019-10-30 08:18:00,0.2905539103524575
2019-10-30 08:21:00,0.3889496562929935
2019-10-30 08:24:00,0.49410661963690927
2019-10-30 08:27:00,0.3858197285288725
2019-10-30 08:30:00,0.35350142260534767
2019-10-30 08:33:00,0.34335161075830456
2019-10-30 08:36:00,0.39029884473012544
2019-10-30 08:39:00,0.45609259491953935
2019-10-30 08:42:00,0.44228558253684014
2019-10-30 08:45:00,0.40671072810062014
2019-10-30 08:48:00,0.4662585317262824
2019-10-30 08:51:00,0.42085060666448726
2019-10-30 08:54:00,0.43171904442215236
2019-10-30 08:57:00,0.39020936022399155
2019-10-30 09:00:00,0.2917205076504956
2019-10-30 09:03:00,0.30700529510050956
2019-10-30 09:06:00,0.46982590551675685
2019-10-30 09:09:00,0.34186490040542594
2019-10-30 09:12:00,0.2436375435552236
2019-10-30 09:15:00,0.3179400700823294
2019-10-30 09:18:00,0.322056509208835
2019-10-30 09:21:00,0.21374288753901283
2019-10-30 09:24:00,0.23302272846882488
2019-10-30 09:27:00,0.33439842349895343
2019-10-30 09:30:00,0.33963402040546953
2019-10-30 09:33:00,0.29805595402399376
2019-10-30 09:36:00,0.30780578347668097
2019-10-30 09:39:00,0.25088874522054994
2019-10-30 09:42:00,0.30288380846229757
2019-10-30 09:45:00,0.246311315172818
2019-10-30 09:48:00,0.16876561472628282
2019-10-30 09:51:00,0.1540495839071241
2019-10-30 09:54:00,0.3666915722913586
2019-10-30 09:57:00,0.21032691773598344
2019-10-30 10:00:00,0.15952958482779422
2019-10-30 10:03:00,0.10664286551281066
2019-10-30 10:06:00,0.18133429158120862
2019-10-30 10:09:00,0.1990055810546778
2019-10-30 10:12:00,0.08326547920898975
2019-10-30 10:15:00,0.16848287822375596
2019-10-30 10:18:00,0.0700345184144453
2019-10-30 10:21:00,0.0885981470732986
2019-10-30 10:24:00,0.1429891647136401
2019-10-30 10:27:00,0.06650891344867205
2019-10-30 10:30:00,0.16571099489522112
2019-10-30 10:33:00,-0.037548171066589475
2019-10-30 10:36:00,-0.02352920838876571
2019-10-30 10:39:00,0.005108320367298802
2019-10-30 10:42:00,-0.0015388323264460269
2019-10-30 10:45:00,0.040764426647626806
2019-10-30 10:48:00,0.06033665476331862
2019-10-30 10:51:00,-1.1733728950613909
2019-10-30 10:54:00,-0.16942536662992325
2019-10-30 10:57:00,-0.7496131585560306
2019-10-30 11:00:00,-1.5577446650595448
2019-10-30 11:03:00,-0.04584433109710062
2019-10-30 11:06:00,-0.04830687666958511
2019-10-30 11:09:00,-0.009893810697803929
2019-10-30 11:12:00,-0.08915520906191432
2019-10-30 11:15:00,-0.034484021766445494
2019-10-30 11:18:00,-0.09365949846630883
2019-10-30 11:21:00,-0.012224651435019496
2019-10-30 11:24:00,-0.010728327526067005
2019-10-30 11:27:00,-0.06187038399127687
2019-10-30 11:30:00,-0.15876279839466179
2019-10-30 11:33:00,-0.044715599556525376
2019-10-30 11:36:00,-0.29806401755735124
2019-10-30 11:39:00,-0.41267020785983277
2019-10-30 11:42:00,-0.8148292244464983
2019-10-30 11:45:00,-1.8592239385536118
2019-10-30 11:48:00,-1.7692309207204744
2019-10-30 11:51:00,-1.3984963839627653
2019-10-30 11:54:00,-1.4102297257025498
2019-10-30 11:57:00,-2.0314113900381585
2019-10-30 12:00:00,-1.9113945118958782
2019-10-30 12:03:00,-2.009940016143389
2019-10-30 12:06:00,-1.2116806564473563
2019-10-30 12:09:00,-0.2865136796027059
2019-10-30 12:12:00,-2.19113259543127
2019-10-30 12:15:00,-1.8836890181466401
2019-10-30 12:18:00,-1.0919366419345806
2019-10-30 12:21:00,-2.6080521791106435
2019-10-30 12:24:00,-2.0805619531664092
2019-10-30 12:27:00,-0.22178531336868446
2019-10-30 12:30:00,-0.35155124823478445
2019-10-30 12:33:00,-0.3635050467876795
2019-10-30 12:36:00,-0.3449471603884149
2019-10-30 12:39:00,-0.9483661995552097
2019-10-30 12:42:00,-1.8560227393690525
2019-10-30 12:45:00,-1.5409446700591047
2019-10-30 12:48:00,-0.3585640410663018
2019-10-30 12:51:00,-0.4743640562945757
2019-10-30 12:54:00,-0.35211480885175206
2019-10-30 12:57:00,-0.2105825439327873
2019-10-30 13:00:00,-0.20817842261334363
2019-10-30 13:03:00,-0.23994685873441313
2019-10-30 13:06:00,-0.3470266567884437
2019-10-30 13:09:00,-0.132265048921397
2019-10-30 13:12:00,-0.24098737554351146
2019-10-30 13:15:00,-0.3244536589043605
2019-10-30 13:18:00,-0.2620497240730515
2019-10-30 13:21:00,-0.19608105464646997
2019-10-30 13:24:00,-0.1696699697557733
2019-10-30 13:27:00,-0.1810587993709305
2019-10-30 13:30:00,-0.3092833041822587
2019-10-30 13:33:00,-0.27857752542792014
2019-10-30 13:36:00,-0.3254020626661145
2019-10-30 13:39:00,-0.3319420774522541
2019-10-30 13:42:00,-0.28370459944682125
2019-10-30 13:45:00,-0.2978782968520477
2019-10-30 13:48:00,-0.19352481321419646
2019-10-30 13:51:00,-0.30807510638396707
2019-10-30 13:54:00,-0.262324400905527
2019-10-30 13:57:00,-0.25375745554310924
2019-10-30 14:00:00,-0.2745153022790987
2019-10-30 14:03:00,-0.33246113032140556
2019-10-30 14:06:00,-0.19786297261299524
2019-10-30 14:09:00,-0.12474924936958587
2019-10-30 14:12:00,-0.2951971400876232
2019-10-30 14:15:00,-0.18364366657255005
2019-10-30 14:18:00,-0.265553886580733
2019-10-30 14:21:00,-0.2528908489240962
2019-10-30 14:24:00,-0.25518449411879374
2019-10-30 14:27:00,-0.30434801824281976
2019-10-30 14:30:00,-0.22499310513791215
2019-10-30 14:33:00,-0.1439438278444527
2019-10-30 14:36:00,-0.19914599306838454
2019-10-30 14:39:00,-0.13144823546446105
2019-10-30 14:42:00,-0.25397953212120683
2019-10-30 14:45:00,0.29422747410620786
2019-10-30 14:48:00,-0.20704663035837712
2019-10-30 14:51:00,-0.4102864188268427
2019-10-30 14:54:00,-0.13778506477899555
2019-10-30 14:57:00,-0.33470886131249244
2019-10-30 15:00:00,-0.2595469212770922
2019-10-30 15:03:00,-0.34120169281544577
2019-10-30 15:06:00,-0.33177752606286504
2019-10-30 15:09:00,-0.2803676849442809
2019-10-30 15:12:00,-0.210200363440606
2019-10-30 15:15:00,-0.3309089528985396
2019-10-30 15:18:00,-0.33976746863709195
2019-10-30 15:21:00,-0.31019975598678684
2019-10-30 15:24:00,-0.2314035867108828
2019-10-30 15:27:00,-0.21846693835482256
2019-10-30 15:30:00,-0.2916132677506198
2019-10-30 15:33:00,-0.1948421181438107
2019-10-30 15:36:00,-0.2903914057380348
2019-10-30 15:39:00,-0.3219749982870326
2019-10-30 15:42:00,-0.3033641957110831
2019-10-30 15:45:00,-0.3292324901152597
2019-10-30 15:48:00,-0.21929281254591615
2019-10-30 15:51:00,-0.3673449501710593
2019-10-30 15:54:00,-0.362723945958237
2019-10-30 15:57:00,-0.27416529678555435
2019-10-30 16:00:00,-0.36346977503296785
2019-10-30 16:03:00,-0.30757386712969037
2019-10-30 16:06:00,-0.22339863900521095
2019-10-30 16:09:00,-0.28618728035922913
2019-10-30 16:12:00,-0.25276088113599826
2019-10-30 16:15:00,-0.22553031253670497
2019-10-30 16:18:00,-0.3558717480223663
2019-10-30 16:21:00,-0.1681176202641268
2019-10-30 16:24:00,-0.2378078295246837
2019-10-30 16:27:00,-0.22950305759724188
2019-10-30 16:30:00,-0.1695415099891875
2019-10-30 16:33:00,-0.2104652515110388
2019-10-30 16:36:00,-0.158536101165339
2019-10-30 16:39:00,-0.16258191314722126
2019-10-30 16:42:00,-0.2385251420494683
2019-10-30 16:45:00,-0.14648228305640032
2019-10-30 16:48:00,-0.09100734308719893
2019-10-30 16:51:00,-0.15893033098728893
2019-10-30 16:54:00,-0.19802632063834835
2019-10-30 16:57:00,0.012035210064425428
2019-10-30 17:00:00,-0.18858069146705247
2019-10-30 17:03:00,-0.23819137293997983
2019-10-30 17:06:00,-0.15289013572032673
2019-10-30 17:09:00,-0.14130107395180858
2019-10-30 17:12:00,-0.06702325512208063
2019-10-30 17:15:00,-0.22392151150648942
2019-10-30 17:18:00,-0.0869100616574201
2019-10-30 17:21:00,-0.0834353005480466
2019-10-30 17:24:00,-0.0740239157116207
2019-10-30 17:27:00,-0.15467277318839479
2019-10-30 17:30:00,-0.06600826123195702
2019-10-30 17:33:00,-0.011691265239903714
2019-10-30 17:36:00,-0.12979000543862185
2019-10-30 17:39:00,-0.03124352486065618
2019-10-30 17:42:00,-0.07263666746814579
2019-10-30 17:45:00,-0.03279138404354853
2019-10-30 17:48:00,-0.09154319209341111
2019-10-30 17:51:00,-0.04839213492130057
2019-10-30 17:54:00,-0.0367204400942569
2019-10-30 17:57:00,0.06939632399871698
2019-10-30 18:00:00,-0.026186922676970426
2019-10-30 18:03:00,0.0814085689149806
2019-10-30 18:06:00,-0.028553968692961007
2019-10-30 18:09:00,0.030586386421077805
2019-10-30 18:12:00,0.04269073970988302
2019-10-30 18:15:00,0.07225737943190325
2019-10-30 18:18:00,0.024194233036382684
2019-10-30 18:21:00,0.05097830347534682
2019-10-30 18:24:00,0.05464015151613921
2019-10-30 18:27:00,-0.00027859860955459226
2019-10-30 18:30:00,0.02074313568039088
2019-10-30 18:33:00,0.0359061341356437
2019-10-30 18:36:00,-0.006754875272179106
2019-10-30 18:39:00,0.012645821922092182
2019-10-30 18:42:00,-0.026628943255275317
2019-10-30 18:45:00,0.061963878204949197
2019-10-30 18:48:00,-0.0753608608642935
2019-10-30 18:51:00,0.08998284597367956
2019-10-30 18:54:00,
2019-10-30 18:57:00,
2019-10-30 19:00:00,
2019-10-30 19:03:00,-0.04599528635384331
2019-10-30 19:06:00,-0.006165869240021493
2019-10-30 19:09:00,0.009880746374960836
2019-10-30 19:12:00,-0.0006838882023316728
2019-10-30 19:15:00,-0.04112737290216728
2019-10-30 19:18:00,-0.02951356365929314
2019-10-30 19:21:00,0.02544220073195902
2019-10-30 19:24:00,0.08681768712079929
2019-10-30 19:27:00,0.0343523809024191
2019-10-30 19:30:00,0.0270174134818717
2019-10-30 19:33:00,0.04913788884141468
2019-10-30 19:36:00,0.027457713364640313
2019-10-30 19:39:00,0.07150300243108632
2019-10-30 19:42:00,0.07587297027725981
2019-10-30 19:45:00,0.042501346916424154
2019-10-30 19:48:00,0.12434877001453515
2019-10-30 19:51:00,0.1844055499939259
2019-10-30 19:54:00,0.03204852387034407
2019-10-30 19:57:00,0.13002981134138736
2019-10-30 20:00:00,0.15687013557629825
2019-10-30 20:03:00,0.02368824180859974
2019-10-30 20:06:00,0.09460433618312436
2019-10-30 20:09:00,0.10302009132720968
2019-10-30 20:12:00,0.055653161141492546
2019-10-30 20:15:00,-0.009910025502506414
2019-10-30 20:18:00,0.11484139663480164
2019-10-30 20:21:00,0.15253854279404777
2019-10-30 20:24:00,0.09174299188896384
2019-10-30 20:27:00,0.09264131230975181
2019-10-30 20:30:00,0.06607894966629146
2019-10-30 20:33:00,0.09099793893523156
2019-10-30 20:36:00,0.09919110899795669
2019-10-30 20:39:00,0.16029880456591172
2019-10-30 20:42:00,0.11475037192786885
2019-10-30 20:45:00,0.10608212326889088
2019-10-30 20:48:00,0.10431089645629754
2019-10-30 20:51:00,0.1510980737572254
2019-10-30 20:54:00,0.06476161419391246
2019-10-30 20:57:00,0.03711034425367643
2019-10-30 21:00:00,0.09964652569186683
2019-10-30 21:03:00,0.05975142027000402
2019-10-30 21:06:00,0.10647238166473016
2019-10-30 21:09:00,0.06371743306931421
2019-10-30 21:12:00,0.02243612776351256
2019-10-30 21:15:00,0.06592101886081991
2019-10-30 21:18:00,0.1285581034101142
2019-10-30 21:21:00,0.13402236394983902
2019-10-30 21:24:00,0.04979956488062953
2019-10-30 21:27:00,0.07172243419631741
2019-10-30 21:30:00,0.1976902438358934
2019-10-30 21:33:00,0.07017551997569171
2019-10-30 21:36:00,0.05642119821811775
2019-10-30 21:39:00,0.08923484535944226
2019-10-30 21:42:00,0.10792312453918385
2019-10-30 21:45:00,0.051014094916524755
2019-10-30 21:48:00,0.05542110892776009
2019-10-30 21:51:00,0.12995416927105907
2019-10-30 21:54:00,0.06647876507076944
2019-10-30 21:57:00,0.025571576085837933
2019-10-30 22:00:00,-0.03110001897175607
2019-10-30 22:03:00,0.0007933014434797769
2019-10-30 22:06:00,0.0032374947267612697
2019-10-30 22:09:00,0.20643787116375734
2019-10-30 22:12:00,0.05007616160020234
2019-10-30 22:15:00,0.14920305719988392
2019-10-30 22:18:00,0.07803904926623773
2019-10-30 22:21:00,0.0333347769236525
2019-10-30 22:24:00,0.09991610113252136
2019-10-30 22:27:00,0.05830022658631151
2019-10-30 22:30:00,0.14813723889125185
2019-10-30 22:33:00,0.14397613064591042
2019-10-30 22:36:00,0.026893109696288775
2019-10-30 22:39:00,0.03619220274418922
2019-10-30 22:42:00,0.07101220680323195
2019-10-30 22:45:00,-0.05551258282832805
2019-10-30 22:48:00,0.06683364190485008
2019-10-30 22:51:00,0.06593221697721674
2019-10-30 22:54:00,0.06843106974400825
2019-10-30 22:57:00,-0.022767125874622707
2019-10-30 23:00:00,0.054915773650520805
2019-10-30 23:03:00,-0.019652324788523856
2019-10-30 23:06:00,0.02889517799769692
2019-10-30 23:09:00,0.08320227005742709
2019-10-30 23:12:00,0.12958892031304003
2019-10-30 23:15:00,0.004217816601112645
2019-10-30 23:18:00,0.09863708788049053
2019-10-30 23:21:00,0.041988963427229464
2019-10-30 23:24:00,0.050405198345742974
2019-10-30 23:27:00,0.08615671806478531
2019-10-30 23:30:00,0.1291741745900481
2019-10-30 23:33:00,0.20050901041133784
2019-10-30 23:36:00,0.09262702382301313
2019-10-30 23:39:00,0.12345866134768357
2019-10-30 23:42:00,0.10270606452945685
2019-10-30 23:45:00,0.1885816591552043
2019-10-30 23:48:00,0.12388844067555738
2019-10-30 23:51:00,0.08343901601756443
2019-10-30 23:54:00,0.19943110324726376
2019-10-30 23:57:00,0.21163520992638496
2019-10-31 00:00:00,0.248218286278302
2019-10-31 00:03:00,0.21563646138230297
2019-10-31 00:06:00,0.27255851620748217
2019-10-31 00:09:00,0.24514089646231696
2019-10-31 00:12:00,0.36093013768260107
2019-10-31 00:15:00,0.3215802613288474
2019-10-31 00:18:00,0.38104539172786644
2019-10-31 00:21:00,0.4106414628998891
2019-10-31 00:24:00,0.38881855462159365
2019-10-31 00:27:00,0.3908722718180684
2019-10-31 00:30:00,0.3535739540529903
2019-10-31 00:33:00,0.3379244536827173
2019-10-31 00:36:00,0.5056902211978809
2019-10-31 00:39:00,0.3579649881834257
2019-10-31 00:42:00,0.375241561875157
2019-10-31 00:45:00,0.4805581741821925
2019-10-31 00:48:00,0.4232316679794508
2019-10-31 00:51:00,0.49826877854366103
2019-10-31 00:54:00,0.453888686184996
2019-10-31 00:57:00,0.47842625756351254
2019-10-31 01:00:00,0.5301726977345993
2019-10-31 01:03:00,0.5081863213862903
2019-10-31 01:06:00,0.5050237721478652
2019-10-31 01:09:00,0.5658910689196546
2019-10-31 01:12:00,0.5279200354879663
2019-10-31 01:15:00,0.5101968570428426
2019-10-31 01:18:00,0.5412085159631488
2019-10-31 01:21:00,0.5546183734851979
2019-10-31 01:24:00,0.49550941621555467
2019-10-31 01:27:00,0.47608884416496267
2019-10-31 01:30:00,0.5582104569301123
2019-10-31 01:33:00,0.4338433092156606
2019-10-31 01:36:00,0.48153970582319516
2019-10-31 01:39:00,0.4612082888481268
2019-10-31 01:42:00,0.5361623324239417
2019-10-31 01:45:00,0.5309809366909235
2019-10-31 01:48:00,0.5445228986684469
2019-10-31 01:51:00,0.585750126986909
2019-10-31 01:54:00,0.532790198591897
2019-10-31 01:57:00,0.5745678785702353
2019-10-31 02:00:00,0.5615640800755273
2019-10-31 02:03:00,0.5199904454969442
2019-10-31 02:06:00,0.4746806006206157
2019-10-31 02:09:00,0.5479492329420168
2019-10-31 02:12:00,0.4523651644018969
2019-10-31 02:15:00,0.5038014851365915
2019-10-31 02:18:00,0.43233743755303067
2019-10-31 02:21:00,0.4342729428958023
2019-10-31 02:24:00,0.42835789150211667
2019-10-31 02:27:00,0.42552961737590067
2019-10-31 02:30:00,0.4895396484953949
2019-10-31 02:33:00,0.5075566600482944
2019-10-31 02:36:00,0.4736541742069562
2019-10-31 02:39:00,0.4009371616106705
2019-10-31 02:42:00,0.4369296890548071
2019-10-31 02:45:00,0.5128515024206308
2019-10-31 02:48:00,0.4484101732122667
2019-10-31 02:51:00,0.41578998677175605
2019-10-31 02:54:00,0.41490342599644237
2019-10-31 02:57:00,0.44115502667273176
2019-10-31 03:00:00,0.4369159090710468
2019-10-31 03:03:00,0.4004078754967395
2019-10-31 03:06:00,0.3895573912169539
2019-10-31 03:09:00,0.3453120335024664
2019-10-31 03:12:00,0.44792878472173925
2019-10-31 03:15:00,0.493806978336238
2019-10-31 03:18:00,0.43772843207125334
2019-10-31 03:21:00,0.3923861523649066
2019-10-31 03:24:00,0.3647654996881897
2019-10-31 03:27:00,0.3471235323788733
2019-10-31 03:30:00,0.40700532972391557
2019-10-31 03:33:00,0.31939772991233895
2019-10-31 03:36:00,0.40174686909404045
2019-10-31 03:39:00,0.4952241466612577
2019-10-31 03:42:00,0.3850377020997371
2019-10-31 03:45:00,0.481034366719598
2019-10-31 03:48:00,0.5057969938852125
2019-10-31 03:51:00,0.5439481009780707
2019-10-31 03:54:00,0.5458567144802942
2019-10-31 03:57:00,0.5508147026534971
2019-10-31 04:00:00,0.5700915677981016
2019-10-31 04:03:00,0.6131834947366883
2019-10-31 04:06:00,0.6793234403655788
2019-10-31 04:09:00,0.7177776788676056
2019-10-31 04:12:00,0.6111537006852359
2019-10-31 04:15:00,0.6270736510293204
2019-10-31 04:18:00,0.49948216281592295
2019-10-31 04:21:00,0.5222966816185703
2019-10-31 04:24:00,0.48985359756267144
2019-10-31 04:27:00,0.5503083981142822
2019-10-31 04:30:00,0.43976929154558775
2019-10-31 04:33:00,0.402296835383936
2019-10-31 04:36:00,0.5094865479935038
2019-10-31 04:39:00,0.5058667605862297
2019-10-31 04:42:00,0.47473104449244374
2019-10-31 04:45:00,0.4785393901758539
2019-10-31 04:48:00,0.5170570462387332
2019-10-31 04:51:00,0.38547413298471156
2019-10-31 04:54:00,0.5335645421513391
2019-10-31 04:57:00,0.45655076191980015
2019-10-31 05:00:00,0.4393256459150052
2019-10-31 05:03:00,0.3990657974491114
2019-10-31 05:06:00,0.4187654552065396
2019-10-31 05:09:00,0.44108477216724395
2019-10-31 05:12:00,0.47198435509920955
2019-10-31 05:15:00,0.428220024605821
2019-10-31 05:18:00,0.4771038425569145
2019-10-31 05:21:00,0.376505098383916
2019-10-31 05:24:00,0.4927870198526989
2019-10-31 05:27:00,0.4313661087606988
2019-10-31 05:30:00,0.4382472411977574
2019-10-31 05:33:00,0.4384060404804586
2019-10-31 05:36:00,0.4290564640181742
2019-10-31 05:39:00,0.4210328627172544
2019-10-31 05:42:00,0.5755643261021532
2019-10-31 05:45:00,0.4136843377667674
2019-10-31 05:48:00,0.3459409634298254
2019-10-31 05:51:00,0.4490712373784618
2019-10-31 05:54:00,0.4597314714291656
2019-10-31 05:57:00,0.4459147095817002
2019-10-31 06:00:00,0.4123319049118095
2019-10-31 06:03:00,0.5444362888199521
2019-10-31 06:06:00,0.4639732763920392
2019-10-31 06:09:00,0.40565172563975693
2019-10-31 06:12:00,0.410693959168384
2019-10-31 06:15:00,0.4656722721232427
2019-10-31 06:18:00,0.33902510913003425
2019-10-31 06:21:00,0.3948399090929797
2019-10-31 06:24:00,0.4430924038770172
2019-10-31 06:27:00,0.5060627387746308
2019-10-31 06:30:00,0.48967345362149217
2019-10-31 06:33:00,0.5198598757854143
2019-10-31 06:36:00,0.48607134113842676
2019-10-31 06:39:00,0.41300374275192553
2019-10-31 06:42:00,0.4051720385563158
2019-10-31 06:45:00,0.4281361536853865
2019-10-31 06:48:00,0.5784092291739285
2019-10-31 06:51:00,0.5221928149962878
2019-10-31 06:54:00,0.5110177087993293
2019-10-31 06:57:00,0.3505021602846341
2019-10-31 07:00:00,0.47091916778003906
2019-10-31 07:03:00,0.41808358864523143
2019-10-31 07:06:00,0.4027717324191826
2019-10-31 07:09:00,0.4885658199208933
2019-10-31 07:12:00,0.423225049504822
2019-10-31 07:15:00,0.4455889101948287
2019-10-31 07:18:00,0.42914586549335354
2019-10-31 07:21:00,0.4046836507528724
2019-10-31 07:24:00,0.42367082307896453
2019-10-31 07:27:00,0.4391451466884746
2019-10-31 07:30:00,0.4961029866003628
2019-10-31 07:33:00,0.4829649918060568
2019-10-31 07:36:00,0.5702314830184605
2019-10-31 07:39:00,0.44575988208765693
2019-10-31 07:42:00,0.5648694976746924
2019-10-31 07:45:00,0.3906064945751382
2019-10-31 07:48:00,0.4297883535153346
2019-10-31 07:51:00,0.47007141067007296
2019-10-31 07:54:00,0.5384814638194939
2019-10-31 07:57:00,0.4375667777648573
2019-10-31 08:00:00,0.31987210115676135
2019-10-31 08:03:00,0.38191644189248564
2019-10-31 08:06:00,0.27230701129263934
2019-10-31 08:09:00,0.4350898667832439
2019-10-31 08:12:00,0.400285969227582
2019-10-31 08:15:00,0.3807288687586947
2019-10-31 08:18:00,0.2475030618448386
2019-10-31 08:21:00,0.31426106591675307
2019-10-31 08:24:00,0.2561142816236952
2019-10-31 08:27:00,0.35062485771805996
2019-10-31 08:30:00,0.28421051228406213
2019-10-31 08:33:00,0.36329625821576883
2019-10-31 08:36:00,0.36151538360877566
2019-10-31 08:39:00,0.3298314764486463
2019-10-31 08:42:00,0.28538734577102787
2019-10-31 08:45:00,0.2800142528864171
2019-10-31 08:48:00,0.3334669091786395
2019-10-31 08:51:00,0.22176968892910054
2019-10-31 08:54:00,0.31043899782741846
2019-10-31 08:57:00,0.3272860507619839
2019-10-31 09:00:00,0.2699756684834256
2019-10-31 09:03:00,0.17737699097529003
2019-10-31 09:06:00,0.373816103070169
2019-10-31 09:09:00,0.21820517557131325
2019-10-31 09:12:00,0.1842679667987568
2019-10-31 09:15:00,0.2391022086369503
2019-10-31 09:18:00,0.2344418272709845
2019-10-31 09:21:00,0.27294753375537084
2019-10-31 09:24:00,0.1703214609474344
2019-10-31 09:27:00,0.20339247452994869
2019-10-31 09:30:00,0.1696618502866727
2019-10-31 09:33:00,0.13091647667704365
2019-10-31 09:36:00,0.11030807816837296
2019-10-31 09:39:00,0.19031547221840128
2019-10-31 09:42:00,0.024425159516113126
2019-10-31 09:45:00,0.040474250136469436
2019-10-31 09:48:00,0.11410232470052506
2019-10-31 09:51:00,-0.016969164296767758
2019-10-31 09:54:00,0.06219135897197248
2019-10-31 09:57:00,0.10319246757933342
2019-10-31 10:00:00,0.09369802869053956
2019-10-31 10:03:00,0.06075923653503423
2019-10-31 10:06:00,-0.01749095080862162
2019-10-31 10:09:00,0.10481608649996588
2019-10-31 10:12:00,0.03083831646767976
2019-10-31 10:15:00,-0.013632650927604573
2019-10-31 10:18:00,-0.08122157614690195
2019-10-31 10:21:00,-0.05698279073209278
2019-10-31 10:24:00,-0.014792472804515455
2019-10-31 10:27:00,-0.012060503777149734
2019-10-31 10:30:00,-0.06404073533263954
2019-10-31 10:33:00,-0.10994208233080371
2019-10-31 10:36:00,-0.12299867231877215
2019-10-31 10:39:00,-0.12208256004538498
2019-10-31 10:42:00,-0.10278192709228051
2019-10-31 10:45:00,-0.13582553394815022
2019-10-31 10:48:00,-0.09673577114847376
2019-10-31 10:51:00,-0.10316497533159463
2019-10-31 10:54:00,-0.16191688813745486
2019-10-31 10:57:00,-0.11705090400687368
2019-10-31 11:00:00,-0.14126777181155603
2019-10-31 11:03:00,-0.0902600275096006
2019-10-31 11:06:00,-0.18741558799831637
2019-10-31 11:09:00,-0.12979925229154787
2019-10-31 11:12:00,-0.08618839842660009
2019-10-31 11:15:00,-0.1411120737813576
2019-10-31 11:18:00,-0.11588106649782048
2019-10-31 11:21:00,-0.2584212501984666
2019-10-31 11:24:00,-0.19257533985313557
2019-10-31 11:27:00,-0.21981779332480755
2019-10-31 11:30:00,-0.1603865966566218
2019-10-31 11:33:00,-0.13788216058168246
2019-10-31 11:36:00,-0.205171834810983
2019-10-31 11:39:00,-0.21966606126738952
2019-10-31 11:42:00,-0.17817177917856952
2019-10-31 11:45:00,-0.3136881866209933
2019-10-31 11:48:00,-0.23440435587320962
2019-10-31 11:51:00,-0.15980495052031074
2019-10-31 11:54:00,-0.23897100833318063
2019-10-31 11:57:00,-0.24227434571326967
2019-10-31 12:00:00,-0.3390074724158012
2019-10-31 12:03:00,-0.22040975213934644
2019-10-31 12:06:00,-0.32333534490879856
2019-10-31 12:09:00,-0.29719991939435886
2019-10-31 12:12:00,-0.25822022987966875
2019-10-31 12:15:00,-0.2028152028546515
2019-10-31 12:18:00,-0.23087953804815697
2019-10-31 12:21:00,-0.22512696660578513
2019-10-31 12:24:00,-0.2615415392463092
2019-10-31 12:27:00,-0.16269037503178652
2019-10-31 12:30:00,-0.15305444432834747
2019-10-31 12:33:00,-0.09004691344387084
2019-10-31 12:36:00,-0.07331615935117952
2019-10-31 12:39:00,-0.23621236372139265
2019-10-31 12:42:00,-0.1377352979447437
2019-10-31 12:45:00,-0.19042663823233852
2019-10-31 12:48:00,-0.09596403736037473
2019-10-31 12:51:00,-0.20458220977576502
2019-10-31 12:54:00,-0.08028975027104934
2019-10-31 12:57:00,-0.19893097285427075
2019-10-31 13:00:00,-0.1920972922542319
2019-10-31 13:03:00,-0.20971227196196196
2019-10-31 13:06:00,-0.2616757673976622
2019-10-31 13:09:00,-0.12032846412080289
2019-10-31 13:12:00,-0.21622468377341875
2019-10-31 13:15:00,-0.18121013007242937
2019-10-31 13:18:00,-0.21291540010491872
2019-10-31 13:21:00,-0.16498689753984763
2019-10-31 13:24:00,-0.06082098964367333
2019-10-31 13:27:00,0.021766327432658272
2019-10-31 13:30:00,0.11787872024029866
2019-10-31 13:33:00,-0.17534427811477826
2019-10-31 13:36:00,-0.07009071620319673
2019-10-31 13:39:00,-0.1816585036542051
2019-10-31 13:42:00,-0.1806644354561513
2019-10-31 13:45:00,-0.4322877709061572
2019-10-31 13:48:00,-0.4207133768612721
2019-10-31 13:51:00,-0.3596763223158064
2019-10-31 13:54:00,-0.11880256790726662
2019-10-31 13:57:00,-0.1134968473824074
2019-10-31 14:00:00,-0.13262422915397565
2019-10-31 14:03:00,-0.10354187835918083
2019-10-31 14:06:00,-0.11908727928033613
2019-10-31 14:09:00,-0.21249639019418964
2019-10-31 14:12:00,-0.26379696852427514
2019-10-31 14:15:00,-0.20097432090125267
2019-10-31 14:18:00,-0.18215085522251684
2019-10-31 14:21:00,-0.1385421782418348
2019-10-31 14:24:00,-0.2801232797304465
2019-10-31 14:27:00,-0.15564769609750329
2019-10-31 14:30:00,-0.14789577378661534
2019-10-31 14:33:00,-0.17105727668882764
2019-10-31 14:36:00,-0.2880050316019833
2019-10-31 14:39:00,-0.20639944439290048
2019-10-31 14:42:00,-0.24125337261978075
2019-10-31 14:45:00,-0.1583214765765888
2019-10-31 14:48:00,-0.22223555912665915
2019-10-31 14:51:00,-0.26414638079569386
2019-10-31 14:54:00,-0.2823840489955387
2019-10-31 14:57:00,-0.2742606525471274
2019-10-31 15:00:00,-0.2325916485499988
2019-10-31 15:03:00,-0.22526312181764752
2019-10-31 15:06:00,-0.28783822960150474
2019-10-31 15:09:00,-0.23028716766486923
2019-10-31 15:12:00,-0.3519792155254322
2019-10-31 15:15:00,-0.3478765194734592
2019-10-31 15:18:00,-0.26649015789519126
2019-10-31 15:21:00,-0.30770025805611567
2019-10-31 15:24:00,-0.29069220675091856
2019-10-31 15:27:00,-0.17727386853954386
2019-10-31 15:30:00,-0.3469022067219498
2019-10-31 15:33:00,-0.3481070739832717
2019-10-31 15:36:00,-0.3395970539565951
2019-10-31 15:39:00,-0.3776434180775823
2019-10-31 15:42:00,-0.40650011464549607
2019-10-31 15:45:00,-0.408824257857475
2019-10-31 15:48:00,-0.38295277740661504
2019-10-31 15:51:00,-0.36809949036603484
2019-10-31 15:54:00,-0.24967669211321208
2019-10-31 15:57:00,-0.275291458533502
2019-10-31 16:00:00,-0.33678058791440435
2019-10-31 16:03:00,-0.3319883289974541
2019-10-31 16:06:00,-0.31497093290988687
2019-10-31 16:09:00,-0.4206219876873547
2019-10-31 16:12:00,-0.3970414766836825
2019-10-31 16:15:00,-0.38760280985110285
2019-10-31 16:18:00,-0.33572719939195395
2019-10-31 16:21:00,-0.3174368523329463
2019-10-31 16:24:00,-0.24426968584430142
2019-10-31 16:27:00,-0.3082889972227463
2019-10-31 16:30:00,-0.35171913124912635
2019-10-31 16:33:00,-0.36517484780603127
2019-10-31 16:36:00,-0.2983204061825404
2019-10-31 16:39:00,-0.3880875011644207
2019-10-31 16:42:00,-0.37879022590260547
2019-10-31 16:45:00,-0.4439669206360577
2019-10-31 16:48:00,-0.504427112272765
2019-10-31 16:51:00,-0.5077408126297769
2019-10-31 16:54:00,-0.5119051548886091
2019-10-31 16:57:00,-0.430992202180164
2019-10-31 17:00:00,-0.43776018449153753
2019-10-31 17:03:00,-0.310395278660053
2019-10-31 17:06:00,-0.27114437217255727
2019-10-31 17:09:00,-0.38037571079655663
2019-10-31 17:12:00,-0.2727057330228604
2019-10-31 17:15:00,-0.23759295506317812
2019-10-31 17:18:00,-0.1989689999183497
2019-10-31 17:21:00,-0.24608712311038516
2019-10-31 17:24:00,-0.25104180530780695
2019-10-31 17:27:00,-0.10600474915429459
2019-10-31 17:30:00,-0.15326265061884214
2019-10-31 17:33:00,-0.25390060882375565
2019-10-31 17:36:00,-0.19728195669586057
2019-10-31 17:39:00,-0.1831517041978259
2019-10-31 17:42:00,-0.14324937331184628
2019-10-31 17:45:00,-0.11902083755177273
2019-10-31 17:48:00,-0.10160291733689064
2019-10-31 17:51:00,-0.15651670942793316
2019-10-31 17:54:00,-0.07703284979152158
2019-10-31 17:57:00,-0.07648572676117738
2019-10-31 18:00:00,0.009349542438769731
2019-10-31 18:03:00,0.054037819318580205
2019-10-31 18:06:00,-0.0359554666934514
2019-10-31 18:09:00,0.012804040801995598
2019-10-31 18:12:00,0.09380397792114081
2019-10-31 18:15:00,0.016291769606255002
2019-10-31 18:18:00,-0.028738352819061674
2019-10-31 18:21:00,0.01380782136442349
2019-10-31 18:24:00,0.009173334539184452
2019-10-31 18:27:00,-0.04380894442886074
2019-10-31 18:30:00,0.008948792913884063
2019-10-31 18:33:00,-0.04250659307155047
2019-10-31 18:36:00,-0.024862314465053714
2019-10-31 18:39:00,0.12605841090686454
2019-10-31 18:42:00,0.044673118600485395
2019-10-31 18:45:00,0.11497680969500834
2019-10-31 18:48:00,0.13279391186483736
2019-10-31 18:51:00,0.08830555417193864
2019-10-31 18:54:00,0.10785291760714699
2019-10-31 18:57:00,
2019-10-31 19:00:00,
2019-10-31 19:03:00,0.1661562020208862
2019-10-31 19:06:00,0.19909739426890383
2019-10-31 19:09:00,0.04058650651654716
2019-10-31 19:12:00,-0.009898795653327852
2019-10-31 19:15:00,0.0742581201094481
2019-10-31 19:18:00,0.10872989409233469
2019-10-31 19:21:00,0.09674888191716491
2019-10-31 19:24:00,0.1587638419241557
2019-10-31 19:27:00,0.1294140032188693
2019-10-31 19:30:00,0.10943144755509593
2019-10-31 19:33:00,0.1278822916510194
2019-10-31 19:36:00,0.08685736416720147
2019-10-31 19:39:00,0.13380371251361112
2019-10-31 19:42:00,0.18923409349395115
2019-10-31 19:45:00,0.16254964070543565
2019-10-31 19:48:00,0.18059985967778402
2019-10-31 19:51:00,0.13914730117028284
2019-10-31 19:54:00,0.2241789237303351
2019-10-31 19:57:00,0.13086419798247562
2019-10-31 20:00:00,0.13857845032862315
2019-10-31 20:03:00,0.16897645651420135
2019-10-31 20:06:00,0.22880029397452972
2019-10-31 20:09:00,0.26149216237968176
2019-10-31 20:12:00,0.1210045854321038
2019-10-31 20:15:00,0.15488643744447472
2019-10-31 20:18:00,0.14252864967301093
2019-10-31 20:21:00,0.2504694854168861
2019-10-31 20:24:00,0.10257391461652787
2019-10-31 20:27:00,0.17944989018263868
2019-10-31 20:30:00,0.3217156518724096
2019-10-31 20:33:00,0.17204839073150424
2019-10-31 20:36:00,0.18933406770895544
2019-10-31 20:39:00,0.1301644491886691
2019-10-31 20:42:00,0.20684147821191345
2019-10-31 20:45:00,0.17283170806848602
2019-10-31 20:48:00,0.2683625764110502
2019-10-31 20:51:00,0.20537735609997299
2019-10-31 20:54:00,0.2645433938635051
2019-10-31 20:57:00,0.1089746422898088
2019-10-31 21:00:00,0.14508542158591808
2019-10-31 21:03:00,0.12561453671213485
2019-10-31 21:06:00,0.07576862657498395
2019-10-31 21:09:00,0.2524827293829617
2019-10-31 21:12:00,0.075855765345068
2019-10-31 21:15:00,0.13613499386991634
2019-10-31 21:18:00,0.11245485554383094
2019-10-31 21:21:00,0.1945719578999956
2019-10-31 21:24:00,0.11224484600171536
2019-10-31 21:27:00,0.2626382354421821
2019-10-31 21:30:00,0.1251796090819539
2019-10-31 21:33:00,0.2166610572289187
2019-10-31 21:36:00,0.24549186261890554
2019-10-31 21:39:00,0.23438753731244333
2019-10-31 21:42:00,0.20778793724741718
2019-10-31 21:45:00,0.153001997041315
2019-10-31 21:48:00,0.2187728563239375
2019-10-31 21:51:00,0.17468526891292413
2019-10-31 21:54:00,0.3147214723006755
2019-10-31 21:57:00,0.2529054391741852
2019-10-31 22:00:00,0.23401936429735315
2019-10-31 22:03:00,0.31359740631648947
2019-10-31 22:06:00,0.2881054398632159
2019-10-31 22:09:00,0.26151561854703687
2019-10-31 22:12:00,0.26998721597743724
2019-10-31 22:15:00,0.22020837604560484
2019-10-31 22:18:00,0.35531742256296184
2019-10-31 22:21:00,0.17802398749523718
2019-10-31 22:24:00,0.21635908184606478
2019-10-31 22:27:00,0.20459832450626436
2019-10-31 22:30:00,0.22741002041396996
2019-10-31 22:33:00,0.20650398205759757
2019-10-31 22:36:00,0.3184031718941469
2019-10-31 22:39:00,0.29880929336974305
2019-10-31 22:42:00,0.23667007219023617
2019-10-31 22:45:00,0.2585444346909185
2019-10-31 22:48:00,0.36734270380810585
2019-10-31 22:51:00,0.30269153179335717
2019-10-31 22:54:00,0.29390105688935364
2019-10-31 22:57:00,0.29428525914369175
2019-10-31 23:00:00,0.2797373018428857
2019-10-31 23:03:00,0.17303700406910139
2019-10-31 23:06:00,0.42927736140927664
2019-10-31 23:09:00,0.2230176866511897
2019-10-31 23:12:00,0.29501435176848645
2019-10-31 23:15:00,0.26641936849716785
2019-10-31 23:18:00,0.2545527743370144
2019-10-31 23:21:00,0.2674047786865117
2019-10-31 23:24:00,0.19539559486878488
2019-10-31 23:27:00,0.24364970537902764
2019-10-31 23:30:00,0.2253893167153933
2019-10-31 23:33:00,0.20489569119598627
2019-10-31 23:36:00,0.24768588496851862
2019-10-31 23:39:00,0.22369272894928827
2019-10-31 23:42:00,0.3072077874798538
2019-10-31 23:45:00,0.3157166484434697
2019-10-31 23:48:00,0.2394833575738744
2019-10-31 23:51:00,0.28060351834847097
2019-10-31 23:54:00,0.32236393679875164
2019-10-31 23:57:00,0.21866645796575312
2019-11-01 00:00:00,0.2705224132523085
2019-11-01 00:03:00,0.31839534872705144
2019-11-01 00:06:00,0.37351940576456855
2019-11-01 00:09:00,0.377735541144375
2019-11-01 00:12:00,0.2776870429445921
2019-11-01 00:15:00,0.3160858095639014
2019-11-01 00:18:00,0.2999856161334833
2019-11-01 00:21:00,0.30005251354072016
2019-11-01 00:24:00,0.23577284604868964
2019-11-01 00:27:00,0.320183841445953
2019-11-01 00:30:00,0.23371335353164113
2019-11-01 00:33:00,0.3507650680923575
2019-11-01 00:36:00,0.2846493962263139
2019-11-01 00:39:00,0.3910356244480795
2019-11-01 00:42:00,0.2954822112792499
2019-11-01 00:45:00,0.17999042175244995
2019-11-01 00:48:00,0.26151117675618707
2019-11-01 00:51:00,0.27064467949310256
2019-11-01 00:54:00,0.25795705748311093
2019-11-01 00:57:00,0.22215557336386382
2019-11-01 01:00:00,0.29437735367855566
2019-11-01 01:03:00,0.28011904480109706
2019-11-01 01:06:00,0.23424930062799376
2019-11-01 01:09:00,0.1787241048218675
2019-11-01 01:12:00,0.2964821436880811
2019-11-01 01:15:00,0.22560701856951937
2019-11-01 01:18:00,0.2345255634142518
2019-11-01 01:21:00,0.2682045129080848
2019-11-01 01:24:00,0.23406924810217333
2019-11-01 01:27:00,0.2767958395743335
2019-11-01 01:30:00,0.27858715981216164
2019-11-01 01:33:00,0.36784907198438077
2019-11-01 01:36:00,0.4087029756445304
2019-11-01 01:39:00,0.3370870754774842
2019-11-01 01:42:00,0.35226883069645964
2019-11-01 01:45:00,0.27161928131994273
2019-11-01 01:48:00,0.4378029776297012
2019-11-01 01:51:00,0.33142544702826626
2019-11-01 01:54:00,0.43470995259559686
2019-11-01 01:57:00,0.4462485814821662
2019-11-01 02:00:00,0.35559730007776125
2019-11-01 02:03:00,0.3418003823280742
2019-11-01 02:06:00,0.4160986083150533
2019-11-01 02:09:00,0.4078686814642083
2019-11-01 02:12:00,0.3833438561966318
2019-11-01 02:15:00,0.3508547246526632
2019-11-01 02:18:00,0.29199140967671156
2019-11-01 02:21:00,0.3735608277957567
2019-11-01 02:24:00,0.35386159326731104
2019-11-01 02:27:00,0.516806021929824
2019-11-01 02:30:00,0.356445188498526
2019-11-01 02:33:00,0.3941391622168453
2019-11-01 02:36:00,0.338143134298889
2019-11-01 02:39:00,0.362978764143179
2019-11-01 02:42:00,0.4234813068108565
2019-11-01 02:45:00,0.33871087439041503
2019-11-01 02:48:00,0.34579925978727033
2019-11-01 02:51:00,0.3469738015615462
2019-11-01 02:54:00,0.42411741128358926
2019-11-01 02:57:00,0.45232239155058096
2019-11-01 03:00:00,0.34264847882053573
2019-11-01 03:03:00,0.33579782249114487
2019-11-01 03:06:00,0.41176136293887566
2019-11-01 03:09:00,0.388442231680699
2019-11-01 03:12:00,0.43215094435134915
2019-11-01 03:15:00,0.460863271034043
2019-11-01 03:18:00,0.45120098939560194
2019-11-01 03:21:00,0.39810394194273613
2019-11-01 03:24:00,0.29344633570752876
2019-11-01 03:27:00,0.23858587848741308
2019-11-01 03:30:00,0.43920743434108545
2019-11-01 03:33:00,0.3203377143720445
2019-11-01 03:36:00,0.3022406660941783
2019-11-01 03:39:00,0.31699006091770343
2019-11-01 03:42:00,0.3464451480027151
2019-11-01 03:45:00,0.29713662469208657
2019-11-01 03:48:00,0.3809339041952171
2019-11-01 03:51:00,0.45534248342386263
2019-11-01 03:54:00,0.32360359170462516
2019-11-01 03:57:00,0.3366712071022562
2019-11-01 04:00:00,0.2647735223369523
2019-11-01 04:03:00,0.3437970218098485
2019-11-01 04:06:00,0.363330866024171
2019-11-01 04:09:00,0.31551830344466225
2019-11-01 04:12:00,0.2555253751577311
2019-11-01 04:15:00,0.41621385788249654
2019-11-01 04:18:00,0.43007524556941235
2019-11-01 04:21:00,0.42747916939271136
2019-11-01 04:24:00,0.37058608868420606
2019-11-01 04:27:00,0.4302496031435794
2019-11-01 04:30:00,0.35174984738267767
2019-11-01 04:33:00,0.4255266265250839
2019-11-01 04:36:00,0.3185652101793153
2019-11-01 04:39:00,0.3362827961597077
2019-11-01 04:42:00,0.3896575466990271
2019-11-01 04:45:00,0.44992923626637094
2019-11-01 04:48:00,0.39140751989577893
2019-11-01 04:51:00,0.4213261472683598
2019-11-01 04:54:00,0.3455692255192844
2019-11-01 04:57:00,0.3435587365465267
2019-11-01 05:00:00,0.37476751122824226
2019-11-01 05:03:00,0.4106456155001865
2019-11-01 05:06:00,0.4467605755061186
2019-11-01 05:09:00,0.4658745459883562
2019-11-01 05:12:00,0.49501525744415176
2019-11-01 05:15:00,0.5595258451826339
2019-11-01 05:18:00,0.42263551314835013
2019-11-01 05:21:00,0.4406921280581173
2019-11-01 05:24:00,0.5653899698573923
2019-11-01 05:27:00,0.49425924239994856
2019-11-01 05:30:00,0.48201111808305086
2019-11-01 05:33:00,0.5699634037982833
2019-11-01 05:36:00,0.622800921493365
2019-11-01 05:39:00,0.4225580921256551
2019-11-01 05:42:00,0.514109002201792
2019-11-01 05:45:00,0.41918364597796653
2019-11-01 05:48:00,0.44168428579524743
2019-11-01 05:51:00,0.44894406942569276
2019-11-01 05:54:00,0.46176085728734506
2019-11-01 05:57:00,0.3824905137546466
2019-11-01 06:00:00,0.3825215708293399
2019-11-01 06:03:00,0.34912520024613514
2019-11-01 06:06:00,0.43150188818447077
2019-11-01 06:09:00,0.3852957130142727
2019-11-01 06:12:00,0.2974878614112413
2019-11-01 06:15:00,0.3608618189126105
2019-11-01 06:18:00,0.36307272921186495
2019-11-01 06:21:00,0.3457026978419435
2019-11-01 06:24:00,0.356762720113295
2019-11-01 06:27:00,0.35948221458261287
2019-11-01 06:30:00,0.3377128501566631
2019-11-01 06:33:00,0.34915033806322526
2019-11-01 06:36:00,0.34112378247982633
2019-11-01 06:39:00,0.3624006620196951
2019-11-01 06:42:00,0.2688322785661512
2019-11-01 06:45:00,0.267435701070724
2019-11-01 06:48:00,0.3004938729229707
2019-11-01 06:51:00,0.26283612722062344
2019-11-01 06:54:00,0.3435986854666453
2019-11-01 06:57:00,0.2704773682270343
2019-11-01 07:00:00,0.359490868583066
2019-11-01 07:03:00,0.2580781713629108
2019-11-01 07:06:00,0.3083280052591135
2019-11-01 07:09:00,0.42610269087884944
2019-11-01 07:12:00,0.36125922279444467
2019-11-01 07:15:00,0.3566017715664316
2019-11-01 07:18:00,0.285921199267932
2019-11-01 07:21:00,0.3918710043294027
2019-11-01 07:24:00,0.3698408116820815
2019-11-01 07:27:00,0.44125836999955936
2019-11-01 07:30:00,0.3632805457981476
2019-11-01 07:33:00,0.3081394340034649
2019-11-01 07:36:00,0.41801764570095656
2019-11-01 07:39:00,0.34575402600506777
2019-11-01 07:42:00,0.38397081563493884
2019-11-01 07:45:00,0.3539975691616064
2019-11-01 07:48:00,0.36595807847078277
2019-11-01 07:51:00,0.2617374533082284
2019-11-01 07:54:00,0.26137202298758666
2019-11-01 07:57:00,0.2676032555436336
2019-11-01 08:00:00,0.32184203113627063
2019-11-01 08:03:00,0.3384649758091882
2019-11-01 08:06:00,0.3183952701811563
2019-11-01 08:09:00,0.2936201593456076
2019-11-01 08:12:00,0.3591542581642102
2019-11-01 08:15:00,0.27394918209807884
2019-11-01 08:18:00,0.41055841697220785
2019-11-01 08:21:00,0.3134899855944582
2019-11-01 08:24:00,0.3410956876813884
2019-11-01 08:27:00,0.31257072622980786
2019-11-01 08:30:00,0.2836171680373809
2019-11-01 08:33:00,0.2518192301216118
2019-11-01 08:36:00,0.336311777728838
2019-11-01 08:39:00,0.28014434535822375
2019-11-01 08:42:00,0.3402269303734897
2019-11-01 08:45:00,0.21314248580455342
2019-11-01 08:48:00,0.21116799899147054
2019-11-01 08:51:00,0.16458890517765212
2019-11-01 08:54:00,0.16545363617041176
2019-11-01 08:57:00,0.13815244686486494
2019-11-01 09:00:00,0.18265599712356106
2019-11-01 09:03:00,0.06907185342515731
2019-11-01 09:06:00,0.029115476977267463
2019-11-01 09:09:00,0.03812887120579944
2019-11-01 09:12:00,0.0478624051351062
2019-11-01 09:15:00,0.09242286348126072
2019-11-01 09:18:00,0.045388999334306845
2019-11-01 09:21:00,0.06657401872206492
2019-11-01 09:24:00,0.09593712861004633
2019-11-01 09:27:00,0.11437598292798157
2019-11-01 09:30:00,-0.03467105962306505
2019-11-01 09:33:00,0.035276096691234216
2019-11-01 09:36:00,0.09536446165424195
2019-11-01 09:39:00,0.1212241588337406
2019-11-01 09:42:00,0.07444742324150866
2019-11-01 09:45:00,0.17875606665421628
2019-11-01 09:48:00,0.07150096632176428
2019-11-01 09:51:00,0.021834677151275628
2019-11-01 09:54:00,0.14048690168112898
2019-11-01 09:57:00,-0.016709462516871554
2019-11-01 10:00:00,0.031820272432696584
2019-11-01 10:03:00,-0.03676408927202601
2019-11-01 10:06:00,0.014899705731124868
2019-11-01 10:09:00,0.017599165948070095
2019-11-01 10:12:00,-0.04408283391035184
2019-11-01 10:15:00,0.028065811482690606
2019-11-01 10:18:00,-0.048452276449609144
2019-11-01 10:21:00,0.043802558554489224
2019-11-01 10:24:00,-0.08311238481678629
2019-11-01 10:27:00,-0.06552254402066637
2019-11-01 10:30:00,-0.10315449022175471
2019-11-01 10:33:00,-0.03257379719451592
2019-11-01 10:36:00,-0.021243244189577126
2019-11-01 10:39:00,-0.0169665097134839
2019-11-01 10:42:00,0.04249365700718499
2019-11-01 10:45:00,-0.04461789784903658
2019-11-01 10:48:00,-0.02069580652505465
2019-11-01 10:51:00,-0.03849660765649787
2019-11-01 10:54:00,-0.16863894749002384
2019-11-01 10:57:00,-0.15864877011523504
2019-11-01 11:00:00,-0.16246571048196756
2019-11-01 11:03:00,-0.19127758460655286
2019-11-01 11:06:00,-0.08215939220821156
2019-11-01 11:09:00,-0.1280482347576708
2019-11-01 11:12:00,-0.1429063468088998
2019-11-01 11:15:00,-0.07407868718570398
2019-11-01 11:18:00,-0.16421429759492412
2019-11-01 11:21:00,-0.25701527465281515
2019-11-01 11:24:00,-0.10557245101949775
2019-11-01 11:27:00,-0.15278844608087638
2019-11-01 11:30:00,-0.07583779982331862
2019-11-01 11:33:00,-0.0157269436897991
2019-11-01 11:36:00,-0.1257938260428091
2019-11-01 11:39:00,-0.13459273251123705
2019-11-01 11:42:00,-0.31476677821933663
2019-11-01 11:45:00,-0.1372418514700371
2019-11-01 11:48:00,-0.20417235632953634
2019-11-01 11:51:00,-0.19230634945085967
2019-11-01 11:54:00,-0.2772079862453438
2019-11-01 11:57:00,-0.21881501262117808
2019-11-01 12:00:00,-0.15312067246327388
2019-11-01 12:03:00,-0.26473810123684416
2019-11-01 12:06:00,-0.24381859545178486
2019-11-01 12:09:00,-0.2530762082365072
2019-11-01 12:12:00,-0.2003945678503669
2019-11-01 12:15:00,-0.24213568734205637
2019-11-01 12:18:00,-0.21111085349701852
2019-11-01 12:21:00,-0.10505519605345626
2019-11-01 12:24:00,-0.2413550457376914
2019-11-01 12:27:00,-0.166490456582153
2019-11-01 12:30:00,-0.34301466214873244
2019-11-01 12:33:00,-0.2564572127971019
2019-11-01 12:36:00,-0.3245330797661836
2019-11-01 12:39:00,-0.36504426448732374
2019-11-01 12:42:00,-0.42519870581730856
2019-11-01 12:45:00,-0.39305447366785984
2019-11-01 12:48:00,-0.3606461085806245
2019-11-01 12:51:00,-0.24598501659744443
2019-11-01 12:54:00,-0.2135928460775176
2019-11-01 12:57:00,-0.1883268951985997
2019-11-01 13:00:00,-0.1643623891005177
2019-11-01 13:03:00,-0.17767528621459405
2019-11-01 13:06:00,-0.029942165588238367
2019-11-01 13:09:00,-0.018932637998204882
2019-11-01 13:12:00,-0.021901443044384905
2019-11-01 13:15:00,-0.13099515275649765
2019-11-01 13:18:00,-0.1595033749172785
2019-11-01 13:21:00,-0.22280519848328595
2019-11-01 13:24:00,-0.06231478643525179
2019-11-01 13:27:00,-0.04503030346336345
2019-11-01 13:30:00,-0.11827140178280615
2019-11-01 13:33:00,-0.08084936803328446
2019-11-01 13:36:00,-0.06382315663552163
2019-11-01 13:39:00,-0.14528425251700128
2019-11-01 13:42:00,-0.16850586507689513
2019-11-01 13:45:00,-0.33261829197590487
2019-11-01 13:48:00,-0.27955495487043436
2019-11-01 13:51:00,-0.3818186543771276
2019-11-01 13:54:00,-0.31025562753023905
2019-11-01 13:57:00,-0.2867700321188522
2019-11-01 14:00:00,-0.15697091327916723
2019-11-01 14:03:00,-0.24053653722472745
2019-11-01 14:06:00,-0.13275060700755148
2019-11-01 14:09:00,-0.12315786406747975
2019-11-01 14:12:00,0.0005761379994169147
2019-11-01 14:15:00,-0.1989506815661457
2019-11-01 14:18:00,-0.14656730238942828
2019-11-01 14:21:00,-0.1811623919272165
2019-11-01 14:24:00,-0.27275353715702977
2019-11-01 14:27:00,-0.27032412557048247
2019-11-01 14:30:00,-0.3814828843592295
2019-11-01 14:33:00,-0.40971696002264935
2019-11-01 14:36:00,-0.3628285688416213
2019-11-01 14:39:00,-0.3899271668263964
2019-11-01 14:42:00,-0.17979279927317293
2019-11-01 14:45:00,-0.17688244031637623
2019-11-01 14:48:00,-0.16898201178378258
2019-11-01 14:51:00,-0.25870227989872774
2019-11-01 14:54:00,-0.28405064599286334
2019-11-01 14:57:00,-0.21158775316280298
2019-11-01 15:00:00,-0.22514451271217695
2019-11-01 15:03:00,-0.3638358740135459
2019-11-01 15:06:00,-0.20529694121279363
2019-11-01 15:09:00,-0.13135108014131447
2019-11-01 15:12:00,0.010069064180754594
2019-11-01 15:15:00,-0.06019226680632528
2019-11-01 15:18:00,-0.028802204937733222
2019-11-01 15:21:00,0.07701494081698002
2019-11-01 15:24:00,-0.05819627643501235
2019-11-01 15:27:00,0.10330050261120505
2019-11-01 15:30:00,-0.08584676625167731
2019-11-01 15:33:00,0.0123888028139163
2019-11-01 15:36:00,0.2654497007365535
2019-11-01 15:39:00,0.13010506004337685
2019-11-01 15:42:00,0.1505373898098128
2019-11-01 15:45:00,0.11568997843079387
2019-11-01 15:48:00,0.11307454902191694
2019-11-01 15:51:00,0.1602280549972761
2019-11-01 15:54:00,0.04983096376946605
2019-11-01 15:57:00,0.23116543563281766
2019-11-01 16:00:00,0.2272345764127408
2019-11-01 16:03:00,0.28732665262299406
2019-11-01 16:06:00,-0.006648440202184247
2019-11-01 16:09:00,0.05473688997045656
2019-11-01 16:12:00,0.44836472647580194
2019-11-01 16:15:00,0.38559206556823256
2019-11-01 16:18:00,0.5562600924599792
2019-11-01 16:21:00,0.7635955775101593
2019-11-01 16:24:00,0.5483930278082312
2019-11-01 16:27:00,0.20397157551201417
2019-11-01 16:30:00,0.07851099712587484
2019-11-01 16:33:00,0.26694074090238473
2019-11-01 16:36:00,0.3232907410767325
2019-11-01 16:39:00,0.22672760445061613
2019-11-01 16:42:00,0.17746414510452269
2019-11-01 16:45:00,0.29428373966419485
2019-11-01 16:48:00,0.30483369366868374
2019-11-01 16:51:00,0.3082632204812512
2019-11-01 16:54:00,0.4285486375986238
2019-11-01 16:57:00,0.40710849834886176
2019-11-01 17:00:00,0.3967107461721753
2019-11-01 17:03:00,0.2456335636586573
2019-11-01 17:06:00,0.3555684521206217
2019-11-01 17:09:00,0.3171318973476218
2019-11-01 17:12:00,0.4080384885874082
2019-11-01 17:15:00,0.5312205114412905
2019-11-01 17:18:00,0.4908648872219601
2019-11-01 17:21:00,0.42473943701907046
2019-11-01 17:24:00,0.38481128645332774
2019-11-01 17:27:00,0.45563711204943047
2019-11-01 17:30:00,0.5757013008842478
2019-11-01 17:33:00,0.6128665782203484
2019-11-01 17:36:00,0.4015605835602969
2019-11-01 17:39:00,0.3648294256465192
2019-11-01 17:42:00,0.2858338875153663
2019-11-01 17:45:00,0.2794234741693913
2019-11-01 17:48:00,0.24746417249281194
2019-11-01 17:51:00,0.28663100350195236
2019-11-01 17:54:00,0.18999979135094236
2019-11-01 17:57:00,0.15886984322867193
2019-11-01 18:00:00,0.2501076365394965
2019-11-01 18:03:00,0.2481228417855732
2019-11-01 18:06:00,0.33370360427790047
2019-11-01 18:09:00,0.4028560022319425
2019-11-01 18:12:00,0.5046730317058632
2019-11-01 18:15:00,0.6761356012686974
2019-11-01 18:18:00,0.5865917867600388
2019-11-01 18:21:00,0.5206017575362694
2019-11-01 18:24:00,0.7032844319080027
2019-11-01 18:27:00,0.7427858072569506
2019-11-01 18:30:00,0.5965907193207727
2019-11-01 18:33:00,0.6909353276591332
2019-11-01 18:36:00,0.6145234280722889
2019-11-01 18:39:00,0.5574613042103351
2019-11-01 18:42:00,0.8841953958652766
2019-11-01 18:45:00,0.8314300547581865
2019-11-01 18:48:00,0.6746823620690634
2019-11-01 18:51:00,0.7891885426471958
2019-11-01 18:54:00,
2019-11-01 18:57:00,
2019-11-01 19:00:00,
2019-11-01 19:03:00,0.7644285879893573
2019-11-01 19:06:00,0.6931276749256199
2019-11-01 19:09:00,0.58706237513303
2019-11-01 19:12:00,0.5372126704122593
2019-11-01 19:15:00,0.5325775555581345
2019-11-01 19:18:00,0.44103120071355306
2019-11-01 19:21:00,0.4317927076274941
2019-11-01 19:24:00,0.46447067989134894
2019-11-01 19:27:00,0.5146241322674996
2019-11-01 19:30:00,0.6539554498856432
2019-11-01 19:33:00,0.7951811937153934
2019-11-01 19:36:00,0.7549155603562667
2019-11-01 19:39:00,0.7853975525528654
2019-11-01 19:42:00,0.5404595640661114
2019-11-01 19:45:00,0.42274389736297735
2019-11-01 19:48:00,0.36252742187906506
2019-11-01 19:51:00,0.3782703108058172
2019-11-01 19:54:00,0.4774190334803734
2019-11-01 19:57:00,0.5800081101851333
2019-11-01 20:00:00,0.6017040362147554
2019-11-01 20:03:00,0.4437238321343102
2019-11-01 20:06:00,0.4966044259728051
2019-11-01 20:09:00,0.5642805783231779
2019-11-01 20:12:00,0.683709079177504
2019-11-01 20:15:00,0.59060170048582
2019-11-01 20:18:00,0.4464882183925738
2019-11-01 20:21:00,0.46446953912686695
2019-11-01 20:24:00,0.5004279515952135
2019-11-01 20:27:00,0.47406425118964535
2019-11-01 20:30:00,0.36211628598243806
2019-11-01 20:33:00,0.3208541734036885
2019-11-01 20:36:00,0.41747172758726947
2019-11-01 20:39:00,0.45799388109008987
2019-11-01 20:42:00,0.4378293213280813
2019-11-01 20:45:00,0.599564027030226
2019-11-01 20:48:00,0.5868593758777365
2019-11-01 20:51:00,0.5089456619269299
2019-11-01 20:54:00,0.6339091405336035
2019-11-01 20:57:00,0.6267483154176716
2019-11-01 21:00:00,0.49069985689806117
2019-11-01 21:03:00,0.4445147050892615
2019-11-01 21:06:00,0.4663639475627406
2019-11-01 21:09:00,0.46112086568456334
2019-11-01 21:12:00,0.3611296960277173
2019-11-01 21:15:00,0.42439003931809793
2019-11-01 21:18:00,0.516487837327702
2019-11-01 21:21:00,0.41734085732258563
2019-11-01 21:24:00,0.5300032307906122
2019-11-01 21:27:00,0.5287537738556694
2019-11-01 21:30:00,0.5061623521784213
2019-11-01 21:33:00,0.29980041160757764
2019-11-01 21:36:00,0.41682689375892323
2019-11-01 21:39:00,0.3704598690974308
2019-11-01 21:42:00,0.4667516683790609
2019-11-01 21:45:00,0.3619369474742484
2019-11-01 21:48:00,0.23861268237936883
2019-11-01 21:51:00,0.3750029867862281
2019-11-01 21:54:00,0.26320947449198684
2019-11-01 21:57:00,0.3527850443759917
2019-11-01 22:00:00,0.49844667605157156
2019-11-01 22:03:00,0.3443102771904023
2019-11-01 22:06:00,0.42396526259136635
2019-11-01 22:09:00,0.4563272747910787
2019-11-01 22:12:00,0.41690758320476107
2019-11-01 22:15:00,0.3391645891827011
2019-11-01 22:18:00,0.33257108853632644
2019-11-01 22:21:00,0.3657094739630793
2019-11-01 22:24:00,0.46367798755755985
2019-11-01 22:27:00,0.41576030930445995
2019-11-01 22:30:00,0.40015239647652834
2019-11-01 22:33:00,0.4454354392822779
2019-11-01 22:36:00,0.36078187441000864
2019-11-01 22:39:00,0.5234460713914473
2019-11-01 22:42:00,0.4149337841698184
2019-11-01 22:45:00,0.3498832130688925
2019-11-01 22:48:00,0.4174201520190195
2019-11-01 22:51:00,0.2765699309900356
2019-11-01 22:54:00,0.3825839761225893
2019-11-01 22:57:00,0.3719313294663493
2019-11-01 23:00:00,0.3227824902622274
2019-11-01 23:03:00,0.382737399853454
2019-11-01 23:06:00,0.4073183515718597
2019-11-01 23:09:00,0.3178665820307742
2019-11-01 23:12:00,0.4549706306356711
2019-11-01 23:15:00,0.386612540773001
2019-11-01 23:18:00,0.4204752268748848
2019-11-01 23:21:00,0.43864851501103885
2019-11-01 23:24:00,0.3928035328520423
2019-11-01 23:27:00,0.45132555314336287
2019-11-01 23:30:00,0.4168332680955018
2019-11-01 23:33:00,0.40472543750252044
2019-11-01 23:36:00,0.39778583812255874
2019-11-01 23:39:00,0.43369765143694394
2019-11-01 23:42:00,0.3767588691576407
2019-11-01 23:45:00,0.40887120838789315
2019-11-01 23:48:00,0.4144673771095313
2019-11-01 23:51:00,0.326470878252735
2019-11-01 23:54:00,0.37627714404243306
2019-11-01 23:57:00,0.4353945091672813
2019-11-02 00:00:00,0.3869680559861308
2019-11-02 00:03:00,0.41260240575661555
2019-11-02 00:06:00,0.35997269844716584
2019-11-02 00:09:00,0.39174172513855865
2019-11-02 00:12:00,0.44438353278081877
2019-11-02 00:15:00,0.4163006035749959
2019-11-02 00:18:00,0.37284772437158153
2019-11-02 00:21:00,0.37464815050418565
2019-11-02 00:24:00,0.38419607527066546
2019-11-02 00:27:00,0.392284696378681
2019-11-02 00:30:00,0.35908192671769257
2019-11-02 00:33:00,0.3635045636468135
2019-11-02 00:36:00,0.3583617396713521
2019-11-02 00:39:00,0.3667540206087665
2019-11-02 00:42:00,0.3824106587908318
2019-11-02 00:45:00,0.3197875562678405
2019-11-02 00:48:00,0.36144494897024515
2019-11-02 00:51:00,0.40781331773689544
2019-11-02 00:54:00,0.3684486989062066
2019-11-02 00:57:00,0.47126820960312443
2019-11-02 01:00:00,0.33468537843367585
2019-11-02 01:03:00,0.38388946438897165
2019-11-02 01:06:00,0.3761258805783996
2019-11-02 01:09:00,0.3954670893736534
2019-11-02 01:12:00,0.39716026721958997
2019-11-02 01:15:00,0.3925165762195775
2019-11-02 01:18:00,0.36838799451788873
2019-11-02 01:21:00,0.39539335958374977
2019-11-02 01:24:00,0.41438193121592803
2019-11-02 01:27:00,0.45632299468724113
2019-11-02 01:30:00,0.3533847245798256
2019-11-02 01:33:00,0.43236987565018126
2019-11-02 01:36:00,0.40102741547912046
2019-11-02 01:39:00,0.41949606698250363
2019-11-02 01:42:00,0.4599603974491515
2019-11-02 01:45:00,0.4007131274685207
2019-11-02 01:48:00,0.44809072327723243
2019-11-02 01:51:00,0.33430325776600966
2019-11-02 01:54:00,0.4440442999620018
2019-11-02 01:57:00,0.4001106477386429
2019-11-02 02:00:00,0.4497494684616754
2019-11-02 02:03:00,0.3466457766534745
2019-11-02 02:06:00,0.4983573290152208
2019-11-02 02:09:00,0.525252227615681
2019-11-02 02:12:00,0.4629304120564939
2019-11-02 02:15:00,0.5354817538002976
2019-11-02 02:18:00,0.5496237354461186
2019-11-02 02:21:00,0.55783870527722
2019-11-02 02:24:00,0.591147136791335
2019-11-02 02:27:00,0.7806473385257391
2019-11-02 02:30:00,0.8408897733484082
2019-11-02 02:33:00,0.8132556514815406
2019-11-02 02:36:00,0.6670627408317387
2019-11-02 02:39:00,0.6088284585852648
2019-11-02 02:42:00,0.5889052390460279
2019-11-02 02:45:00,0.5578753677647228
2019-11-02 02:48:00,0.5970613867569341
2019-11-02 02:51:00,0.516106812991552
2019-11-02 02:54:00,0.5867261686651091
2019-11-02 02:57:00,0.5199830604716453
2019-11-02 03:00:00,0.5344008848410908
2019-11-02 03:03:00,0.5313360079535983
2019-11-02 03:06:00,0.5091845480823736
2019-11-02 03:09:00,0.5523366669614234
2019-11-02 03:12:00,0.45659509379237306
2019-11-02 03:15:00,0.44729871960657874
2019-11-02 03:18:00,0.47226044077058305
2019-11-02 03:21:00,0.5668087445453693
2019-11-02 03:24:00,0.4951175203198659
2019-11-02 03:27:00,0.47729405306841954
2019-11-02 03:30:00,0.44585009375333584
2019-11-02 03:33:00,0.4600376118493159
2019-11-02 03:36:00,0.3744002792148535
2019-11-02 03:39:00,0.4099431118171992
2019-11-02 03:42:00,0.42725343859621034
2019-11-02 03:45:00,0.33660321702984675
2019-11-02 03:48:00,0.41103120218264166
2019-11-02 03:51:00,0.44276748231436613
2019-11-02 03:54:00,0.4944412617441003
2019-11-02 03:57:00,0.4787138015730079
2019-11-02 04:00:00,0.439464001045053
2019-11-02 04:03:00,0.36838761158247735
2019-11-02 04:06:00,0.4004254992084384
2019-11-02 04:09:00,0.40822643713283924
2019-11-02 04:12:00,0.47507187115081706
2019-11-02 04:15:00,0.4275612312663384
2019-11-02 04:18:00,0.3001156527359967
2019-11-02 04:21:00,0.4891647997862947
2019-11-02 04:24:00,0.39659589108515547
2019-11-02 04:27:00,0.41511654855031566
2019-11-02 04:30:00,0.4237283792770654
2019-11-02 04:33:00,0.445991685422257
2019-11-02 04:36:00,0.4392061149736719
2019-11-02 04:39:00,0.37933119861457953
2019-11-02 04:42:00,0.4541245324815577
2019-11-02 04:45:00,0.3671244413700947
2019-11-02 04:48:00,0.41434928276470373
2019-11-02 04:51:00,0.41447756598751084
2019-11-02 04:54:00,0.39975793351976563
2019-11-02 04:57:00,0.5273577133311846
2019-11-02 05:00:00,0.43848949407077953
2019-11-02 05:03:00,0.40415542797649096
2019-11-02 05:06:00,0.3596053097747358
2019-11-02 05:09:00,0.425800422544512
2019-11-02 05:12:00,0.5240927677382956
2019-11-02 05:15:00,0.44133486756652474
2019-11-02 05:18:00,0.46512862657510823
2019-11-02 05:21:00,0.5311568220482741
2019-11-02 05:24:00,0.4316894024572093
2019-11-02 05:27:00,0.38259776509880794
2019-11-02 05:30:00,0.4686872687303776
2019-11-02 05:33:00,0.4817858635319112
2019-11-02 05:36:00,0.46196695667390486
2019-11-02 05:39:00,0.423674894670512
2019-11-02 05:42:00,0.4369545258993526
2019-11-02 05:45:00,0.42190024515866753
2019-11-02 05:48:00,0.42862369021383984
2019-11-02 05:51:00,0.4389985289015499
2019-11-02 05:54:00,0.4674536932388378
2019-11-02 05:57:00,0.45673317780517664
2019-11-02 06:00:00,0.3989635790522357
2019-11-02 06:03:00,0.5012536426951328
2019-11-02 06:06:00,0.42741551079723195
2019-11-02 06:09:00,0.40343460808742293
2019-11-02 06:12:00,0.4014168071936979
2019-11-02 06:15:00,0.39151911068887557
2019-11-02 06:18:00,0.35365156752010307
2019-11-02 06:21:00,0.403014945892437
2019-11-02 06:24:00,0.44637523668069434
2019-11-02 06:27:00,0.37692806343596885
2019-11-02 06:30:00,0.36865788784791675
2019-11-02 06:33:00,0.35295960097062107
2019-11-02 06:36:00,0.34905893156030743
2019-11-02 06:39:00,0.37319379654132945
2019-11-02 06:42:00,0.4166834175267695
2019-11-02 06:45:00,0.5514394427073626
2019-11-02 06:48:00,0.4719284351748456
2019-11-02 06:51:00,0.39277028385549784
2019-11-02 06:54:00,0.43471961863031083
2019-11-02 06:57:00,0.36240637430677225
2019-11-02 07:00:00,0.514243219216155
2019-11-02 07:03:00,0.398858346534837
2019-11-02 07:06:00,0.40525824727171766
2019-11-02 07:09:00,0.4192116898894369
2019-11-02 07:12:00,0.44496898261706974
2019-11-02 07:15:00,0.32465396647972966
2019-11-02 07:18:00,0.43966970812925865
2019-11-02 07:21:00,0.4375353459316784
2019-11-02 07:24:00,0.36050868606412223
2019-11-02 07:27:00,0.41769722086201
2019-11-02 07:30:00,0.3337114779090484
2019-11-02 07:33:00,0.46523584078556723
2019-11-02 07:36:00,0.3753075965114476
2019-11-02 07:39:00,0.37468769694180537
2019-11-02 07:42:00,0.38655103189432793
2019-11-02 07:45:00,0.42379406427266986
2019-11-02 07:48:00,0.38697147099861695
2019-11-02 07:51:00,0.4193575893337993
2019-11-02 07:54:00,0.37614706638720463
2019-11-02 07:57:00,0.39793376079654763
2019-11-02 08:00:00,0.3239716566375819
2019-11-02 08:03:00,0.37249893111913934
2019-11-02 08:06:00,0.4243320937245585
2019-11-02 08:09:00,0.24037848677835427
2019-11-02 08:12:00,0.3066719379631877
2019-11-02 08:15:00,0.38394989432077864
2019-11-02 08:18:00,0.31983757466593943
2019-11-02 08:21:00,0.4278564554196578
2019-11-02 08:24:00,0.26523687287004805
2019-11-02 08:27:00,0.2788626539039569
2019-11-02 08:30:00,0.37354809625355756
2019-11-02 08:33:00,0.3431101293408574
2019-11-02 08:36:00,0.25883632881675567
2019-11-02 08:39:00,0.34291699459782876
2019-11-02 08:42:00,0.34082488372473563
2019-11-02 08:45:00,0.36623346539772683
2019-11-02 08:48:00,0.329000840518745
2019-11-02 08:51:00,0.31778575126730857
2019-11-02 08:54:00,0.28681251928247775
2019-11-02 08:57:00,0.27851114542335154
2019-11-02 09:00:00,0.21160776762479827
2019-11-02 09:03:00,0.31070998478645606
2019-11-02 09:06:00,0.19200338558755448
2019-11-02 09:09:00,0.26378574890111395
2019-11-02 09:12:00,0.17553737195368058
2019-11-02 09:15:00,0.2904040136084518
2019-11-02 09:18:00,0.1764353276461179
2019-11-02 09:21:00,0.1529268445169123
2019-11-02 09:24:00,0.13835461133965055
2019-11-02 09:27:00,0.24736377081717364
2019-11-02 09:30:00,0.13359057956273546
2019-11-02 09:33:00,0.1022140708405459
2019-11-02 09:36:00,0.2216217066795707
2019-11-02 09:39:00,0.23483217701226522
2019-11-02 09:42:00,0.12432971898027745
2019-11-02 09:45:00,0.09171839056091358
2019-11-02 09:48:00,0.09552400131605054
2019-11-02 09:51:00,0.09016817951066969
2019-11-02 09:54:00,0.06904100722101703
2019-11-02 09:57:00,0.15145021657394864
2019-11-02 10:00:00,0.16891736545966296
2019-11-02 10:03:00,0.05428765621746834
2019-11-02 10:06:00,0.05838033722164937
2019-11-02 10:09:00,0.04680097493502444
2019-11-02 10:12:00,0.049447577727391945
2019-11-02 10:15:00,0.03109271753402254
2019-11-02 10:18:00,0.02282722170167517
2019-11-02 10:21:00,-0.08738544869783027
2019-11-02 10:24:00,0.08059445909577789
2019-11-02 10:27:00,-0.028257848129669583
2019-11-02 10:30:00,-0.06917499402800331
2019-11-02 10:33:00,-0.09821454426111131
2019-11-02 10:36:00,-0.09349042901658322
2019-11-02 10:39:00,-0.059138605693874524
2019-11-02 10:42:00,-0.0060226671282634925
2019-11-02 10:45:00,-0.06027755686523051
2019-11-02 10:48:00,-0.016390209415419577
2019-11-02 10:51:00,-0.08423928802039882
2019-11-02 10:54:00,-0.0750427400347462
2019-11-02 10:57:00,-0.17149202834286825
2019-11-02 11:00:00,-0.11481021568545202
2019-11-02 11:03:00,-0.03558858943949872
2019-11-02 11:06:00,-0.09276320581028585
2019-11-02 11:09:00,-0.15986408786938
2019-11-02 11:12:00,-0.12962270151797384
2019-11-02 11:15:00,-0.14281986269463687
2019-11-02 11:18:00,-0.08927007337558734
2019-11-02 11:21:00,-0.08425507266366594
2019-11-02 11:24:00,-0.14837556728542722
2019-11-02 11:27:00,-0.060428312971112064
2019-11-02 11:30:00,-0.12126397738165906
2019-11-02 11:33:00,-0.13571990278222756
2019-11-02 11:36:00,-0.13110799616066515
2019-11-02 11:39:00,-0.184164296148424
2019-11-02 11:42:00,-0.20597471130332679
2019-11-02 11:45:00,-0.14810692967552086
2019-11-02 11:48:00,-0.17430749605222218
2019-11-02 11:51:00,-0.23667091485515357
2019-11-02 11:54:00,-0.1725080177060363
2019-11-02 11:57:00,-0.13389936230430521
2019-11-02 12:00:00,-0.1659916202516456
2019-11-02 12:03:00,-0.1401167723040544
2019-11-02 12:06:00,-0.17503522342906308
2019-11-02 12:09:00,-0.29969711089285056
2019-11-02 12:12:00,-0.36314242469086366
2019-11-02 12:15:00,-0.28724696864060206
2019-11-02 12:18:00,-0.20530538874231752
2019-11-02 12:21:00,-0.3105386154287544
2019-11-02 12:24:00,-0.35613938819403756
2019-11-02 12:27:00,-0.20026285473585403
2019-11-02 12:30:00,-0.26731477454490005
2019-11-02 12:33:00,-0.3491164736760197
2019-11-02 12:36:00,-0.2607540076044188
2019-11-02 12:39:00,-0.32862647709947623
2019-11-02 12:42:00,-0.2630229456597135
2019-11-02 12:45:00,-0.2017460034422811
2019-11-02 12:48:00,-0.21366720713098175
2019-11-02 12:51:00,-0.29745522026081517
2019-11-02 12:54:00,-0.2117704021229656
2019-11-02 12:57:00,-0.1913032441536302
2019-11-02 13:00:00,-0.23394469689833386
2019-11-02 13:03:00,-0.12041326283116405
2019-11-02 13:06:00,-0.1032770952805322
2019-11-02 13:09:00,-0.11707412086389013
2019-11-02 13:12:00,-0.17618349788386922
2019-11-02 13:15:00,-0.0902394562012887
2019-11-02 13:18:00,-0.2725064763199043
2019-11-02 13:21:00,-0.21976896429220005
2019-11-02 13:24:00,-0.2674440423154465
2019-11-02 13:27:00,-0.1144320150403928
2019-11-02 13:30:00,-0.23693212608577596
2019-11-02 13:33:00,-0.18705860611316893
2019-11-02 13:36:00,-0.17199378766667905
2019-11-02 13:39:00,-0.1526255018958409
2019-11-02 13:42:00,-0.2233582945269177
2019-11-02 13:45:00,-0.2505683296063239
2019-11-02 13:48:00,-0.19084199920337142
2019-11-02 13:51:00,-0.17332095027586547
2019-11-02 13:54:00,-0.25853079732513606
2019-11-02 13:57:00,-0.22181896758127095
2019-11-02 14:00:00,-0.17458665628174685
2019-11-02 14:03:00,-0.2603712474656277
2019-11-02 14:06:00,-0.2983905690633719
2019-11-02 14:09:00,-0.21803417664824565
2019-11-02 14:12:00,-0.2127989795179701
2019-11-02 14:15:00,-0.23324078823497985
2019-11-02 14:18:00,0.00044456644974388837
2019-11-02 14:21:00,-0.03886341415125116
2019-11-02 14:24:00,-0.019699283052318606
2019-11-02 14:27:00,-0.10417956090697089
2019-11-02 14:30:00,-0.1684458069899506
2019-11-02 14:33:00,-0.2211427779124051
2019-11-02 14:36:00,-0.12344345862845785
2019-11-02 14:39:00,-0.126757609485594
2019-11-02 14:42:00,-0.2526257144436954
2019-11-02 14:45:00,-0.026472895619292558
2019-11-02 14:48:00,0.01928774216912643
2019-11-02 14:51:00,0.13056333270316145
2019-11-02 14:54:00,0.015131980465639572
2019-11-02 14:57:00,0.23916882243190685
2019-11-02 15:00:00,0.29954432178993784
2019-11-02 15:03:00,0.2074757692370781
2019-11-02 15:06:00,0.1969687145706871
2019-11-02 15:09:00,0.06972450416895981
2019-11-02 15:12:00,-0.04178184389797934
2019-11-02 15:15:00,-0.046335500988107015
2019-11-02 15:18:00,0.14401608509604102
2019-11-02 15:21:00,0.1759585071409333
2019-11-02 15:24:00,0.15837885617980874
2019-11-02 15:27:00,0.32072572945639877
2019-11-02 15:30:00,0.15125757928166195
2019-11-02 15:33:00,0.16190362601736297
2019-11-02 15:36:00,0.1550221226202666
2019-11-02 15:39:00,0.3133243213747505
2019-11-02 15:42:00,0.32928899099283626
2019-11-02 15:45:00,0.270289143054697
2019-11-02 15:48:00,0.377981737179482
2019-11-02 15:51:00,0.3833885180891343
2019-11-02 15:54:00,0.41710818590775034
2019-11-02 15:57:00,0.40818877440779033
2019-11-02 16:00:00,0.29754651141024624
2019-11-02 16:03:00,0.23720580851926343
2019-11-02 16:06:00,0.3314542933430289
2019-11-02 16:09:00,0.3483651662065199
2019-11-02 16:12:00,0.44803029589718335
2019-11-02 16:15:00,0.47131786467531356
2019-11-02 16:18:00,0.3539211649947447
2019-11-02 16:21:00,0.23912179562347546
2019-11-02 16:24:00,0.1143842621395379
2019-11-02 16:27:00,0.023915872705970287
2019-11-02 16:30:00,-0.016431490600041343
2019-11-02 16:33:00,0.05035282826162302
2019-11-02 16:36:00,0.0016842022436662774
2019-11-02 16:39:00,-0.060942037047482245
2019-11-02 16:42:00,-0.014086079459389111
2019-11-02 16:45:00,0.0013928870674249083
2019-11-02 16:48:00,-0.03904071668375764
2019-11-02 16:51:00,0.03928989721214293
2019-11-02 16:54:00,-0.07425157989376885
2019-11-02 16:57:00,-0.06881657897741889
2019-11-02 17:00:00,-0.12330341641688847
2019-11-02 17:03:00,0.03587434123414823
2019-11-02 17:06:00,-0.025334187958890197
2019-11-02 17:09:00,-0.07382389078082952
2019-11-02 17:12:00,-0.06722669286830296
2019-11-02 17:15:00,0.03102242154176338
2019-11-02 17:18:00,-0.015671608953709892
2019-11-02 17:21:00,-0.01883993775476256
2019-11-02 17:24:00,-0.054123280441103816
2019-11-02 17:27:00,0.05859604845591093
2019-11-02 17:30:00,0.05392899129373063
2019-11-02 17:33:00,-0.020232557490601266
2019-11-02 17:36:00,0.010194448390393518
2019-11-02 17:39:00,-0.06501092932933261
2019-11-02 17:42:00,0.032871424046732045
2019-11-02 17:45:00,0.02237666848225217
2019-11-02 17:48:00,-0.09268633748490629
2019-11-02 17:51:00,-0.02065889114822994
2019-11-02 17:54:00,-0.007635935858843368
2019-11-02 17:57:00,0.0525138249529391
2019-11-02 18:00:00,0.09621651334742864
2019-11-02 18:03:00,0.020611548853935346
2019-11-02 18:06:00,0.029617519075316068
2019-11-02 18:09:00,0.061888548175716096
2019-11-02 18:12:00,0.055511530722128555
2019-11-02 18:15:00,0.033872478989906085
2019-11-02 18:18:00,0.06480787415205214
2019-11-02 18:21:00,0.21413277872198933
2019-11-02 18:24:00,0.16929760695376217
2019-11-02 18:27:00,0.20268883294903617
2019-11-02 18:30:00,0.08873918787440971
2019-11-02 18:33:00,0.14295790490643867
2019-11-02 18:36:00,0.24138279348233027
2019-11-02 18:39:00,0.15923203928673502
2019-11-02 18:42:00,0.2242241120521271
2019-11-02 18:45:00,0.25503428226193137
2019-11-02 18:48:00,0.14089055790952898
2019-11-02 18:51:00,0.18231226135316092
2019-11-02 18:54:00,
2019-11-02 18:57:00,
2019-11-02 19:00:00,
2019-11-02 19:03:00,0.22080729190594184
2019-11-02 19:06:00,0.2421587356639634
2019-11-02 19:09:00,0.17151471326627643
2019-11-02 19:12:00,0.16742869227340407
2019-11-02 19:15:00,0.18828862432093274
2019-11-02 19:18:00,0.22409354585113306
2019-11-02 19:21:00,0.21966465312902983
2019-11-02 19:24:00,0.14049785685614324
2019-11-02 19:27:00,0.2379134044333
2019-11-02 19:30:00,0.14290413368672716
2019-11-02 19:33:00,0.19385467859598293
2019-11-02 19:36:00,0.2688975556797004
2019-11-02 19:39:00,0.10649136281375604
2019-11-02 19:42:00,0.1778790430808499
2019-11-02 19:45:00,0.17141078475202676
2019-11-02 19:48:00,0.20852607561693048
2019-11-02 19:51:00,0.17844308082857196
2019-11-02 19:54:00,0.1812764875725179
2019-11-02 19:57:00,0.2422721699680892
2019-11-02 20:00:00,0.17814908347503433
2019-11-02 20:03:00,0.03695983416019999
2019-11-02 20:06:00,0.037929725753315324
2019-11-02 20:09:00,0.08556615424890879
2019-11-02 20:12:00,0.15140349062170344
2019-11-02 20:15:00,0.09332696533726903
2019-11-02 20:18:00,0.22746737412899165
2019-11-02 20:21:00,0.24635186710497692
2019-11-02 20:24:00,0.26406231128947866
2019-11-02 20:27:00,0.37191917235332994
2019-11-02 20:30:00,0.24930007112931207
2019-11-02 20:33:00,0.3393335377771791
2019-11-02 20:36:00,0.2965511937837846
2019-11-02 20:39:00,0.3137752781888139
2019-11-02 20:42:00,0.23626174816871526
2019-11-02 20:45:00,0.15976723816481808
2019-11-02 20:48:00,0.17642578170358547
2019-11-02 20:51:00,0.1577738120411709
2019-11-02 20:54:00,0.2056492033267432
2019-11-02 20:57:00,0.16928831630292507
2019-11-02 21:00:00,0.19758118286642912
2019-11-02 21:03:00,0.2720509639606803
2019-11-02 21:06:00,0.17830951674369544
2019-11-02 21:09:00,0.10683192982423861
2019-11-02 21:12:00,0.19013309249754684
2019-11-02 21:15:00,0.07273900483494344
2019-11-02 21:18:00,0.19772389130821466
2019-11-02 21:21:00,0.08619607078281888
2019-11-02 21:24:00,0.17332880210460644
2019-11-02 21:27:00,0.15409558067409534
2019-11-02 21:30:00,0.19925265841243345
2019-11-02 21:33:00,0.10784968649289794
2019-11-02 21:36:00,0.09898495153146314
2019-11-02 21:39:00,0.17358460549172605
2019-11-02 21:42:00,0.19713673645281915
2019-11-02 21:45:00,0.19705395489035027
2019-11-02 21:48:00,0.2452699893358954
2019-11-02 21:51:00,0.15734851391232496
2019-11-02 21:54:00,0.13410152829737854
2019-11-02 21:57:00,0.14600016557426443
2019-11-02 22:00:00,0.0858278107367596
2019-11-02 22:03:00,0.058951270786849364
2019-11-02 22:06:00,0.17811336169563674
2019-11-02 22:09:00,0.16311481025798003
2019-11-02 22:12:00,0.07697320444981415
2019-11-02 22:15:00,0.12193355870908817
2019-11-02 22:18:00,0.07664124103246195
2019-11-02 22:21:00,0.13091992602420532
2019-11-02 22:24:00,0.11263188665719781
2019-11-02 22:27:00,0.18019254206484447
2019-11-02 22:30:00,0.07574088147373459
2019-11-02 22:33:00,0.08479269311447979
2019-11-02 22:36:00,0.08166194443850827
2019-11-02 22:39:00,0.22010220371942069
2019-11-02 22:42:00,0.0851921828843274
2019-11-02 22:45:00,0.07380967184371912
2019-11-02 22:48:00,0.1956890417473005
2019-11-02 22:51:00,0.1954879138465344
2019-11-02 22:54:00,0.21140264530913555
2019-11-02 22:57:00,0.14697691813040592
2019-11-02 23:00:00,0.12414816895039849
2019-11-02 23:03:00,0.1555449612440043
2019-11-02 23:06:00,0.2917935420706499
2019-11-02 23:09:00,0.18142532266227818
2019-11-02 23:12:00,0.18033966716791383
2019-11-02 23:15:00,0.25545901670102467
2019-11-02 23:18:00,0.29516613836176475
2019-11-02 23:21:00,0.25194779707470616
2019-11-02 23:24:00,0.2900791097195565
2019-11-02 23:27:00,0.21106609306843893
2019-11-02 23:30:00,0.24128336146560514
2019-11-02 23:33:00,0.2518054529800793
2019-11-02 23:36:00,0.2561107972858281
2019-11-02 23:39:00,0.2542012382160692
2019-11-02 23:42:00,0.26539658934296995
2019-11-02 23:45:00,0.23678929905184987
2019-11-02 23:48:00,0.13877616961531203
2019-11-02 23:51:00,0.14512233384800766
2019-11-02 23:54:00,0.1204364883479343
2019-11-02 23:57:00,0.22438983334063778
2019-11-03 00:00:00,0.21343854704036858
2019-11-03 00:03:00,0.12271459877973712
2019-11-03 00:06:00,0.1637657505440302
2019-11-03 00:09:00,0.22761595575633464
2019-11-03 00:12:00,0.20142794437657585
2019-11-03 00:15:00,0.19217181666374472
2019-11-03 00:18:00,0.3413155104650514
2019-11-03 00:21:00,0.25473809002994585
2019-11-03 00:24:00,0.2914080858989223
2019-11-03 00:27:00,0.2990113453104186
2019-11-03 00:30:00,0.3302769869562212
2019-11-03 00:33:00,0.3621496960723789
2019-11-03 00:36:00,0.3525798618936733
2019-11-03 00:39:00,0.3287698802537875
2019-11-03 00:42:00,0.25310623355761663
2019-11-03 00:45:00,0.2776575512604609
2019-11-03 00:48:00,0.3293575445981105
2019-11-03 00:51:00,0.3650587729661652
2019-11-03 00:54:00,0.26946450519898235
2019-11-03 00:57:00,0.29206565221136316
2019-11-03 01:00:00,0.38028762782732883
2019-11-03 01:03:00,0.2977308350286876
2019-11-03 01:06:00,0.3658888190065568
2019-11-03 01:09:00,0.38883591724260214
2019-11-03 01:12:00,0.34217157591592695
2019-11-03 01:15:00,0.2696020778469119
2019-11-03 01:18:00,0.21453947400635798
2019-11-03 01:21:00,0.37037482526835674
2019-11-03 01:24:00,0.363754378620456
2019-11-03 01:27:00,0.2936781782989897
2019-11-03 01:30:00,0.25474545656254577
2019-11-03 01:33:00,0.4045747921970815
2019-11-03 01:36:00,0.31752709938422186
2019-11-03 01:39:00,0.29667988381930854
2019-11-03 01:42:00,0.3351931418596905
2019-11-03 01:45:00,0.3790662022020683
2019-11-03 01:48:00,0.25382426876808495
2019-11-03 01:51:00,0.3417750452699124
2019-11-03 01:54:00,0.27465456415569633
2019-11-03 01:57:00,0.3215839000067149
2019-11-03 02:00:00,0.32698573235791173
2019-11-03 02:03:00,0.308208374276262
2019-11-03 02:06:00,0.2848265478968983
2019-11-03 02:09:00,0.35017723916934074
2019-11-03 02:12:00,0.3457968398577691
2019-11-03 02:15:00,0.32239862739004366
2019-11-03 02:18:00,0.34479850986514293
2019-11-03 02:21:00,0.3720906817578111
2019-11-03 02:24:00,0.33312470760898805
2019-11-03 02:27:00,0.39292889582986845
2019-11-03 02:30:00,0.3274786114293988
2019-11-03 02:33:00,0.3446693305916142
2019-11-03 02:36:00,0.40799665473946334
2019-11-03 02:39:00,0.24098147919687563
2019-11-03 02:42:00,0.23039794975670702
2019-11-03 02:45:00,0.3922903434452678
2019-11-03 02:48:00,0.3381074319000277
2019-11-03 02:51:00,0.31271577187436606
2019-11-03 02:54:00,0.3781152164263517
2019-11-03 02:57:00,0.42310834097128236
2019-11-03 03:00:00,0.32080997362675134
2019-11-03 03:03:00,0.3398339165481161
2019-11-03 03:06:00,0.2950913759143532
2019-11-03 03:09:00,0.30714141994906186
2019-11-03 03:12:00,0.2876228209643159
2019-11-03 03:15:00,0.31821891567773264
2019-11-03 03:18:00,0.2324243014232934
2019-11-03 03:21:00,0.36372572529518266
2019-11-03 03:24:00,0.2944365755083709
2019-11-03 03:27:00,0.37102081471164183
2019-11-03 03:30:00,0.34057783799426034
2019-11-03 03:33:00,0.2679826016382094
2019-11-03 03:36:00,0.35044396775180076
2019-11-03 03:39:00,0.37089840825444753
2019-11-03 03:42:00,0.4733712916035415
2019-11-03 03:45:00,0.41320731984097847
2019-11-03 03:48:00,0.4776720022727545
2019-11-03 03:51:00,0.34330075368058033
2019-11-03 03:54:00,0.3901708473400163
2019-11-03 03:57:00,0.34824997217884857
2019-11-03 04:00:00,0.39305002494432983
2019-11-03 04:03:00,0.42171193360070447
2019-11-03 04:06:00,0.36813848038792685
2019-11-03 04:09:00,0.2513482263054243
2019-11-03 04:12:00,0.30507598565492344
2019-11-03 04:15:00,0.40982590604772895
2019-11-03 04:18:00,0.3573523968675545
2019-11-03 04:21:00,0.3893583917035812
2019-11-03 04:24:00,0.38910397387047624
2019-11-03 04:27:00,0.28829717635852603
2019-11-03 04:30:00,0.2878058013450868
2019-11-03 04:33:00,0.3002654248109593
2019-11-03 04:36:00,0.3203338398915321
2019-11-03 04:39:00,0.3724829721185188
2019-11-03 04:42:00,0.42164060797477987
2019-11-03 04:45:00,0.3674251383919227
2019-11-03 04:48:00,0.3537403571586424
2019-11-03 04:51:00,0.33309945011257014
2019-11-03 04:54:00,0.4100169523240993
2019-11-03 04:57:00,0.2631882732032409
2019-11-03 05:00:00,0.3312908523105307
2019-11-03 05:03:00,0.40647161956917444
2019-11-03 05:06:00,0.2753062452919153
2019-11-03 05:09:00,0.37742119016144215
2019-11-03 05:12:00,0.30143155905915364
2019-11-03 05:15:00,0.37097193749991675
2019-11-03 05:18:00,0.3269880551426354
2019-11-03 05:21:00,0.30597785300568603
2019-11-03 05:24:00,0.37679085352516495
2019-11-03 05:27:00,0.3165648943344763
2019-11-03 05:30:00,0.4588148309755411
2019-11-03 05:33:00,0.3700147799430624
2019-11-03 05:36:00,0.4229621622131958
2019-11-03 05:39:00,0.30885449332981807
2019-11-03 05:42:00,0.4036583067614856
2019-11-03 05:45:00,0.48349894153426476
2019-11-03 05:48:00,0.3928735219711825
2019-11-03 05:51:00,0.36599360516959223
2019-11-03 05:54:00,0.41093346471427594
2019-11-03 05:57:00,0.2751700182629975
2019-11-03 06:00:00,0.34575662173489263
2019-11-03 06:03:00,0.3743480929401244
2019-11-03 06:06:00,0.4116212830630275
2019-11-03 06:09:00,0.308929493606513
2019-11-03 06:12:00,0.4307217546483457
2019-11-03 06:15:00,0.42848405301947423
2019-11-03 06:18:00,0.34259384021925143
2019-11-03 06:21:00,0.34919060300921956
2019-11-03 06:24:00,0.40157929386725755
2019-11-03 06:27:00,0.40062539280324927
2019-11-03 06:30:00,0.3750274259614912
2019-11-03 06:33:00,0.4436703593671609
2019-11-03 06:36:00,0.4139165970442491
2019-11-03 06:39:00,0.40973361803742137
2019-11-03 06:42:00,0.30405515413917783
2019-11-03 06:45:00,0.3416355340351629
2019-11-03 06:48:00,0.3701659738522949
2019-11-03 06:51:00,0.32087041754670054
2019-11-03 06:54:00,0.4018199613944944
2019-11-03 06:57:00,0.3485582978430557
2019-11-03 07:00:00,0.35829678278099664
2019-11-03 07:03:00,0.4431937292009138
2019-11-03 07:06:00,0.36582771095748967
2019-11-03 07:09:00,0.36747350037546767
2019-11-03 07:12:00,0.36305447843375305
2019-11-03 07:15:00,0.43550007502477683
2019-11-03 07:18:00,0.4003881572049295
2019-11-03 07:21:00,0.3050462405711869
2019-11-03 07:24:00,0.329947320759004
2019-11-03 07:27:00,0.3345613998500312
2019-11-03 07:30:00,0.25322956403550734
2019-11-03 07:33:00,0.33612335558171935
2019-11-03 07:36:00,0.2760322231831651
2019-11-03 07:39:00,0.37655582800795173
2019-11-03 07:42:00,0.26771260976977374
2019-11-03 07:45:00,0.2676088790144604
2019-11-03 07:48:00,0.38173415738168615
2019-11-03 07:51:00,0.32485623914993766
2019-11-03 07:54:00,0.3348424230470073
2019-11-03 07:57:00,0.2926211796631719
2019-11-03 08:00:00,0.2864611292717427
2019-11-03 08:03:00,0.29568382078059585
2019-11-03 08:06:00,0.2347202655298588
2019-11-03 08:09:00,0.2312619852629041
2019-11-03 08:12:00,0.329867459182708
2019-11-03 08:15:00,0.31585157138488285
2019-11-03 08:18:00,0.3463295697531521
2019-11-03 08:21:00,0.32044211612566187
2019-11-03 08:24:00,0.39046349982430684
2019-11-03 08:27:00,0.37942530637553773
2019-11-03 08:30:00,0.3294499358171379
2019-11-03 08:33:00,0.2961387588517823
2019-11-03 08:36:00,0.31634739769503994
2019-11-03 08:39:00,0.3057157877651093
2019-11-03 08:42:00,0.23802842044972294
2019-11-03 08:45:00,0.2877988723244016
2019-11-03 08:48:00,0.3249306008756889
2019-11-03 08:51:00,0.2110747515107505
2019-11-03 08:54:00,0.36589491272758323
2019-11-03 08:57:00,0.215739276564193
2019-11-03 09:00:00,0.2535749402744045
2019-11-03 09:03:00,0.20691882636884884
2019-11-03 09:06:00,0.18808871614277223
2019-11-03 09:09:00,0.25345430902200405
2019-11-03 09:12:00,0.243534950784408
2019-11-03 09:15:00,0.26110617121065616
2019-11-03 09:18:00,0.2056756200942118
2019-11-03 09:21:00,0.2730048201667614
2019-11-03 09:24:00,0.1552226849905196
2019-11-03 09:27:00,0.15002939436573115
2019-11-03 09:30:00,0.20344826552218365
2019-11-03 09:33:00,0.11402199357047493
2019-11-03 09:36:00,0.10599854095016781
2019-11-03 09:39:00,0.1591919829664903
2019-11-03 09:42:00,0.2176246065210421
2019-11-03 09:45:00,0.16638818251760767
2019-11-03 09:48:00,0.20602310634870946
2019-11-03 09:51:00,0.1553300541085605
2019-11-03 09:54:00,0.2059011329853888
2019-11-03 09:57:00,0.07778281730071512
2019-11-03 10:00:00,0.15064052958018692
2019-11-03 10:03:00,0.05000764675804703
2019-11-03 10:06:00,0.038906823438026095
2019-11-03 10:09:00,0.07350207665598418
2019-11-03 10:12:00,0.0693520159070431
2019-11-03 10:15:00,-0.0672042486539226
2019-11-03 10:18:00,0.014615438842497497
2019-11-03 10:21:00,0.032903749307024555
2019-11-03 10:24:00,-0.0766052925402505
2019-11-03 10:27:00,-0.021242205951864435
2019-11-03 10:30:00,-0.040279504683667255
2019-11-03 10:33:00,-0.05656808132994229
2019-11-03 10:36:00,0.0502033455583728
2019-11-03 10:39:00,-0.00280995170226106
2019-11-03 10:42:00,0.024406595970106082
2019-11-03 10:45:00,-0.09708156086958297
2019-11-03 10:48:00,0.019537705421953433
2019-11-03 10:51:00,-0.10264111337534132
2019-11-03 10:54:00,-0.0276498095736315
2019-11-03 10:57:00,-0.09706323328867938
2019-11-03 11:00:00,-0.004029962808090204
2019-11-03 11:03:00,-0.004024664327857863
2019-11-03 11:06:00,-0.05039340429260619
2019-11-03 11:09:00,-0.055043042009003784
2019-11-03 11:12:00,-0.03830674293857328
2019-11-03 11:15:00,-0.052355484337169855
2019-11-03 11:18:00,-0.06503598176760761
2019-11-03 11:21:00,-0.02757576065653211
2019-11-03 11:24:00,-0.1304312836483632
2019-11-03 11:27:00,-0.08969318838421714
2019-11-03 11:30:00,-0.1427085333150444
2019-11-03 11:33:00,-0.20919347201680694
2019-11-03 11:36:00,-0.22031895550020408
2019-11-03 11:39:00,-0.2037198725436724
2019-11-03 11:42:00,-0.161656519017356
2019-11-03 11:45:00,-0.06261614416001748
2019-11-03 11:48:00,-0.08841493771029718
2019-11-03 11:51:00,-0.17263796956120814
2019-11-03 11:54:00,-0.19075694891614603
2019-11-03 11:57:00,-0.20171646176095237
2019-11-03 12:00:00,-0.23444073612313332
2019-11-03 12:03:00,-0.21449996853152697
2019-11-03 12:06:00,-0.10729118792829695
2019-11-03 12:09:00,-0.18771584801879726
2019-11-03 12:12:00,-0.2817357576568611
2019-11-03 12:15:00,-0.30732889580269784
2019-11-03 12:18:00,-0.26205247156070754
2019-11-03 12:21:00,-0.155980891731474
2019-11-03 12:24:00,-0.06462976232398887
2019-11-03 12:27:00,-0.17259036661562277
2019-11-03 12:30:00,-0.13891374684988023
2019-11-03 12:33:00,-0.08873289748930802
2019-11-03 12:36:00,-0.017609541362787695
2019-11-03 12:39:00,-0.07892821382779402
2019-11-03 12:42:00,-0.042388450629857743
2019-11-03 12:45:00,-0.1235936255342267
2019-11-03 12:48:00,-0.08498385788408314
2019-11-03 12:51:00,0.0009790036085064457
2019-11-03 12:54:00,-0.04920392843780519
2019-11-03 12:57:00,-0.07795475275730723
2019-11-03 13:00:00,-0.04838312808499268
2019-11-03 13:03:00,-0.0814406574346549
2019-11-03 13:06:00,-0.19952686421765975
2019-11-03 13:09:00,-0.07000782529598837
2019-11-03 13:12:00,-0.16786510664235266
2019-11-03 13:15:00,-0.16051520207349768
2019-11-03 13:18:00,-0.22549994106583426
2019-11-03 13:21:00,-0.30924312384229324
2019-11-03 13:24:00,-0.36561476732782694
2019-11-03 13:27:00,-0.3176823929281909
2019-11-03 13:30:00,-0.13587095689541684
2019-11-03 13:33:00,-0.1634745106536002
2019-11-03 13:36:00,-0.23573591651626202
2019-11-03 13:39:00,-0.01923615962164149
2019-11-03 13:42:00,-0.021040914676973443
2019-11-03 13:45:00,-0.06327275386064457
2019-11-03 13:48:00,0.13701171161432057
2019-11-03 13:51:00,0.1648269415832715
2019-11-03 13:54:00,0.20350114234173589
2019-11-03 13:57:00,0.3504783278337982
2019-11-03 14:00:00,0.2778418280801702
2019-11-03 14:03:00,-0.01959126694544011
2019-11-03 14:06:00,0.208321466247412
2019-11-03 14:09:00,0.23554726560337258
2019-11-03 14:12:00,0.06862177085560006
2019-11-03 14:15:00,0.0016845061495587288
2019-11-03 14:18:00,0.23669609176926087
2019-11-03 14:21:00,0.5357014236093391
2019-11-03 14:24:00,0.5373516374710334
2019-11-03 14:27:00,0.5732626103961138
2019-11-03 14:30:00,0.38403945153987706
2019-11-03 14:33:00,0.2674159317045337
2019-11-03 14:36:00,0.16710341425920205
2019-11-03 14:39:00,0.2460620604094288
2019-11-03 14:42:00,-0.0031519683483338667
2019-11-03 14:45:00,0.17785604939092536
2019-11-03 14:48:00,0.4079938340606759
2019-11-03 14:51:00,0.4141372501462115
2019-11-03 14:54:00,0.5607477990097323
2019-11-03 14:57:00,0.5818750850784795
2019-11-03 15:00:00,0.5933115543540453
2019-11-03 15:03:00,0.5251900158591525
2019-11-03 15:06:00,0.47106749854117425
2019-11-03 15:09:00,0.3754517901081158
2019-11-03 15:12:00,0.5583378049082057
2019-11-03 15:15:00,0.5770947151099222
2019-11-03 15:18:00,0.6915242241264536
2019-11-03 15:21:00,0.6545253287466721
2019-11-03 15:24:00,0.5026962377247628
2019-11-03 15:27:00,0.38273979709293826
2019-11-03 15:30:00,0.3357648478041142
2019-11-03 15:33:00,0.3124089877972551
2019-11-03 15:36:00,0.3311942979356104
2019-11-03 15:39:00,0.33737220351400765
2019-11-03 15:42:00,0.3008041070511922
2019-11-03 15:45:00,0.4126953294747864
2019-11-03 15:48:00,0.4119382533524458
2019-11-03 15:51:00,0.47028976134510003
2019-11-03 15:54:00,0.4415827195135762
2019-11-03 15:57:00,0.28385478741552106
2019-11-03 16:00:00,0.3062048285240735
2019-11-03 16:03:00,0.269617531908807
2019-11-03 16:06:00,0.32236938242886026
2019-11-03 16:09:00,0.263644315009401
2019-11-03 16:12:00,0.31326612525612063
2019-11-03 16:15:00,0.3095723978564706
2019-11-03 16:18:00,0.3027382770674194
2019-11-03 16:21:00,0.3866716462769091
2019-11-03 16:24:00,0.276818114463083
2019-11-03 16:27:00,0.2447084864891167
2019-11-03 16:30:00,0.25180370463431245
2019-11-03 16:33:00,0.29304144820497413
2019-11-03 16:36:00,0.2897064034719392
2019-11-03 16:39:00,0.3054236831267758
2019-11-03 16:42:00,0.28324189880783024
2019-11-03 16:45:00,0.31574068691838875
2019-11-03 16:48:00,0.25651694226280597
2019-11-03 16:51:00,0.2844515429225112
2019-11-03 16:54:00,0.31964832340003113
2019-11-03 16:57:00,0.24480932842669745
2019-11-03 17:00:00,0.36833998916335986
2019-11-03 17:03:00,0.2323944222021055
2019-11-03 17:06:00,0.3046577457068338
2019-11-03 17:09:00,0.25835238351606904
2019-11-03 17:12:00,0.23179712723151624
2019-11-03 17:15:00,0.3109478074613321
2019-11-03 17:18:00,0.2586449147200369
2019-11-03 17:21:00,0.16858948474146018
2019-11-03 17:24:00,0.33139479920771464
2019-11-03 17:27:00,0.2408807148834171
2019-11-03 17:30:00,0.19215605298205674
2019-11-03 17:33:00,0.2958658054650982
2019-11-03 17:36:00,0.21942154342315234
2019-11-03 17:39:00,0.2269958958993925
2019-11-03 17:42:00,0.16688928313459428
2019-11-03 17:45:00,0.15973014775261163
2019-11-03 17:48:00,0.21301679160183085
2019-11-03 17:51:00,0.3002990608731011
2019-11-03 17:54:00,0.27898276011029566
2019-11-03 17:57:00,0.2895324658193772
2019-11-03 18:00:00,0.23287652358328614
2019-11-03 18:03:00,0.35749359531138225
2019-11-03 18:06:00,0.3208901312406738
2019-11-03 18:09:00,0.22077654040765538
2019-11-03 18:12:00,0.17217120115964235
2019-11-03 18:15:00,0.1842236567994746
2019-11-03 18:18:00,0.24160716123969905
2019-11-03 18:21:00,0.24106786120290735
2019-11-03 18:24:00,0.27372368216828136
2019-11-03 18:27:00,0.20034938380246103
2019-11-03 18:30:00,0.18603029178484576
2019-11-03 18:33:00,0.11777779400716781
2019-11-03 18:36:00,0.13895767591793629
2019-11-03 18:39:00,0.26749860853681184
2019-11-03 18:42:00,0.19232728618197825
2019-11-03 18:45:00,0.15274554458949297
2019-11-03 18:48:00,0.25244524230248544
2019-11-03 18:51:00,0.2737140441079191
2019-11-03 18:54:00,
2019-11-03 18:57:00,
2019-11-03 19:00:00,
2019-11-03 19:03:00,0.27238259349741156
2019-11-03 19:06:00,0.26385963784957767
2019-11-03 19:09:00,0.2222223239053278
2019-11-03 19:12:00,0.31516232997466886
2019-11-03 19:15:00,0.3419620918365922
2019-11-03 19:18:00,0.4077585686248426
2019-11-03 19:21:00,0.43744900050836577
2019-11-03 19:24:00,0.6145394094601215
2019-11-03 19:27:00,0.683342294420072
2019-11-03 19:30:00,0.48178411655368336
2019-11-03 19:33:00,0.5310707215745651
2019-11-03 19:36:00,0.42314213300659276
2019-11-03 19:39:00,0.219460917410629
2019-11-03 19:42:00,0.2428686116326162
2019-11-03 19:45:00,0.24920205199310885
2019-11-03 19:48:00,0.29220853295191773
2019-11-03 19:51:00,0.38696561834154863
2019-11-03 19:54:00,0.4256622981421856
2019-11-03 19:57:00,0.4204410295762955
2019-11-03 20:00:00,0.4286542239796063
2019-11-03 20:03:00,0.4786903715751123
2019-11-03 20:06:00,0.2695263360690774
2019-11-03 20:09:00,0.36155225249933665
2019-11-03 20:12:00,0.34570191818642115
2019-11-03 20:15:00,0.30850956650476746
2019-11-03 20:18:00,0.31441711162432284
2019-11-03 20:21:00,0.23722273222477952
2019-11-03 20:24:00,0.2181514980596262
2019-11-03 20:27:00,0.12551400594958295
2019-11-03 20:30:00,0.19212422198819468
2019-11-03 20:33:00,0.26661578381822437
2019-11-03 20:36:00,0.3883363841484311
2019-11-03 20:39:00,0.3592733247252795
2019-11-03 20:42:00,0.3872322084794746
2019-11-03 20:45:00,0.3539402395412594
2019-11-03 20:48:00,0.2924698062196853
2019-11-03 20:51:00,0.3149354518236578
2019-11-03 20:54:00,0.28000126203664877
2019-11-03 20:57:00,0.31977915799365064
2019-11-03 21:00:00,0.3204319679390437
2019-11-03 21:03:00,0.2771655795196466
2019-11-03 21:06:00,0.3112903387147412
2019-11-03 21:09:00,0.23166924048382498
2019-11-03 21:12:00,0.15719669490590604
2019-11-03 21:15:00,0.3709641637611867
2019-11-03 21:18:00,0.21865664418476172
2019-11-03 21:21:00,0.2868174174099636
2019-11-03 21:24:00,0.2101578130584585
2019-11-03 21:27:00,0.266870173648897
2019-11-03 21:30:00,0.21532920807965183
2019-11-03 21:33:00,0.25125595886567
2019-11-03 21:36:00,0.430569001903109
2019-11-03 21:39:00,0.3695916625028417
2019-11-03 21:42:00,0.27187207635910227
2019-11-03 21:45:00,0.26000617951609684
2019-11-03 21:48:00,0.2366137553692056
2019-11-03 21:51:00,0.15493357760766457
2019-11-03 21:54:00,0.34830547759480623
2019-11-03 21:57:00,0.36442067466032313
2019-11-03 22:00:00,0.2680310868955189
2019-11-03 22:03:00,0.2974821016355804
2019-11-03 22:06:00,0.2521864714981916
2019-11-03 22:09:00,0.2606270180607453
2019-11-03 22:12:00,0.19885813456778578
2019-11-03 22:15:00,0.1041243830284202
2019-11-03 22:18:00,0.20746852746879085
2019-11-03 22:21:00,0.23744389759616524
2019-11-03 22:24:00,0.2059621634849691
2019-11-03 22:27:00,0.24542584747069895
2019-11-03 22:30:00,0.1538744081435084
2019-11-03 22:33:00,0.25814634507582923
2019-11-03 22:36:00,0.17764055137871537
2019-11-03 22:39:00,0.18660249686308816
2019-11-03 22:42:00,0.2772779845998343
2019-11-03 22:45:00,0.21797790984743415
2019-11-03 22:48:00,0.2259935482722426
2019-11-03 22:51:00,0.31793721757247795
2019-11-03 22:54:00,0.11651502232615485
2019-11-03 22:57:00,0.24799776757066638
2019-11-03 23:00:00,0.21873108189583945
2019-11-03 23:03:00,0.3430122014841004
2019-11-03 23:06:00,0.2813262659134921
2019-11-03 23:09:00,0.3329092007778627
2019-11-03 23:12:00,0.13796263062704384
2019-11-03 23:15:00,0.27751781770501793
2019-11-03 23:18:00,0.22770396656738967
2019-11-03 23:21:00,0.3576317782294609
2019-11-03 23:24:00,0.3078918220687683
2019-11-03 23:27:00,0.26954038397286695
2019-11-03 23:30:00,0.3263458102196637
2019-11-03 23:33:00,0.3363490678856351
2019-11-03 23:36:00,0.22981179691350917
2019-11-03 23:39:00,0.262618510050288
2019-11-03 23:42:00,0.24376300686230934
2019-11-03 23:45:00,0.3145746495630988
2019-11-03 23:48:00,0.2543349325981694
2019-11-03 23:51:00,0.3557152000461201
2019-11-03 23:54:00,0.27943970244143657
2019-11-03 23:57:00,0.27036672772442216
2019-11-04 00:00:00,0.2797230030254241
2019-11-04 00:03:00,0.21869389522436222
2019-11-04 00:06:00,0.30240466126491583
2019-11-04 00:09:00,0.35367863521321397
2019-11-04 00:12:00,0.2535272804968258
2019-11-04 00:15:00,0.22804435963638525
2019-11-04 00:18:00,0.2910768601305449
2019-11-04 00:21:00,0.2384657056946935
2019-11-04 00:24:00,0.1995178651006313
2019-11-04 00:27:00,0.24925130308099597
2019-11-04 00:30:00,0.24134482307113103
2019-11-04 00:33:00,0.3143686367330929
2019-11-04 00:36:00,0.21187092722135503
2019-11-04 00:39:00,0.18286475518192447
2019-11-04 00:42:00,0.2783250289378998
2019-11-04 00:45:00,0.2817523073232451
2019-11-04 00:48:00,0.32503014428510824
2019-11-04 00:51:00,0.3328712155272342
2019-11-04 00:54:00,0.2502914729536201
2019-11-04 00:57:00,0.33302868680533493
2019-11-04 01:00:00,0.3289194382032292
2019-11-04 01:03:00,0.33259825471282056
2019-11-04 01:06:00,0.32370776035185145
2019-11-04 01:09:00,0.32861483883959863
2019-11-04 01:12:00,0.27588965674732435
2019-11-04 01:15:00,0.2921380237968947
2019-11-04 01:18:00,0.3217968591760041
2019-11-04 01:21:00,0.32225262695703805
2019-11-04 01:24:00,0.3520317113465694
2019-11-04 01:27:00,0.32466859067233145
2019-11-04 01:30:00,0.2941095295254854
2019-11-04 01:33:00,0.3011943743678671
2019-11-04 01:36:00,0.29880536318961504
2019-11-04 01:39:00,0.2344650128833905
2019-11-04 01:42:00,0.33960215789159065
2019-11-04 01:45:00,0.27437709680020816
2019-11-04 01:48:00,0.2738182684491903
2019-11-04 01:51:00,0.35373446872449676
2019-11-04 01:54:00,0.3156815613392041
2019-11-04 01:57:00,0.3552335875876338
2019-11-04 02:00:00,0.3304229891566024
2019-11-04 02:03:00,0.40530960015405526
2019-11-04 02:06:00,0.23544772159999638
2019-11-04 02:09:00,0.34913320706306195
2019-11-04 02:12:00,0.4109868552436069
2019-11-04 02:15:00,0.2538882755068812
2019-11-04 02:18:00,0.3930286050459131
2019-11-04 02:21:00,0.3259702143747063
2019-11-04 02:24:00,0.470912218614842
2019-11-04 02:27:00,0.37079106379570703
2019-11-04 02:30:00,0.36290016367189537
2019-11-04 02:33:00,0.2899452588986833
2019-11-04 02:36:00,0.2742356993385897
2019-11-04 02:39:00,0.3923611276030101
2019-11-04 02:42:00,0.38939654121247713
2019-11-04 02:45:00,0.2719941365931504
2019-11-04 02:48:00,0.33816148974710813
2019-11-04 02:51:00,0.28898834071634383
2019-11-04 02:54:00,0.34132780039800537
2019-11-04 02:57:00,0.34308483290209324
2019-11-04 03:00:00,0.38336180413278953
2019-11-04 03:03:00,0.35820203564679787
2019-11-04 03:06:00,0.34962480918380834
2019-11-04 03:09:00,0.3819801099610345
2019-11-04 03:12:00,0.33885925244260306
2019-11-04 03:15:00,0.3009854901351332
2019-11-04 03:18:00,0.43409109677543256
2019-11-04 03:21:00,0.3758642077636978
2019-11-04 03:24:00,0.39661067629208446
2019-11-04 03:27:00,0.4944091548201186
2019-11-04 03:30:00,0.4010032665779022
2019-11-04 03:33:00,0.4089321983274772
2019-11-04 03:36:00,0.388581843798363
2019-11-04 03:39:00,0.32563261865362847
2019-11-04 03:42:00,0.3692188291794878
2019-11-04 03:45:00,0.3896163962886021
2019-11-04 03:48:00,0.34627618614575795
2019-11-04 03:51:00,0.42534482753012526
2019-11-04 03:54:00,0.44490575968887924
2019-11-04 03:57:00,0.3828738109793903
2019-11-04 04:00:00,0.41286937472779073
2019-11-04 04:03:00,0.37578083816362096
2019-11-04 04:06:00,0.35023159745020394
2019-11-04 04:09:00,0.413143270443868
2019-11-04 04:12:00,0.3783891300572577
2019-11-04 04:15:00,0.32873731024926656
2019-11-04 04:18:00,0.3033298498660315
2019-11-04 04:21:00,0.36124465093644176
2019-11-04 04:24:00,0.41851111956395926
2019-11-04 04:27:00,0.3971908817325698
2019-11-04 04:30:00,0.44193029821803975
2019-11-04 04:33:00,0.36314634303931825
2019-11-04 04:36:00,0.4762333529049556
2019-11-04 04:39:00,0.36813133020484656
2019-11-04 04:42:00,0.48237217066684934
2019-11-04 04:45:00,0.442180662459009
2019-11-04 04:48:00,0.4241681015266181
2019-11-04 04:51:00,0.5188791921764278
2019-11-04 04:54:00,0.511894827995377
2019-11-04 04:57:00,0.5484701604989368
2019-11-04 05:00:00,0.43586991377412687
2019-11-04 05:03:00,0.42619749379935
2019-11-04 05:06:00,0.4428663871338472
2019-11-04 05:09:00,0.38604225094007916
2019-11-04 05:12:00,0.4745514472487571
2019-11-04 05:15:00,0.4008869107860278
2019-11-04 05:18:00,0.47959485723157513
2019-11-04 05:21:00,0.4664599646876013
2019-11-04 05:24:00,0.4159137680139793
2019-11-04 05:27:00,0.3365087261808526
2019-11-04 05:30:00,0.33276273798361444
2019-11-04 05:33:00,0.39071966558003624
2019-11-04 05:36:00,0.2630862175980724
2019-11-04 05:39:00,0.32089253134364526
2019-11-04 05:42:00,0.3118659333350138
2019-11-04 05:45:00,0.30058992887808245
2019-11-04 05:48:00,0.2698176414874638
2019-11-04 05:51:00,0.28596676483664396
2019-11-04 05:54:00,0.3187422452496662
2019-11-04 05:57:00,0.3198939544524251
2019-11-04 06:00:00,0.3741939932512537
2019-11-04 06:03:00,0.3438841041648857
2019-11-04 06:06:00,0.36607047456737973
2019-11-04 06:09:00,0.23621000605947984
2019-11-04 06:12:00,0.3384930808985587
2019-11-04 06:15:00,0.32665424108586194
2019-11-04 06:18:00,0.3805575652212383
2019-11-04 06:21:00,0.3464038184772562
2019-11-04 06:24:00,0.32036208390178444
2019-11-04 06:27:00,0.26192933981104716
2019-11-04 06:30:00,0.4004132576416737
2019-11-04 06:33:00,0.39655998947353055
2019-11-04 06:36:00,0.2679512653177767
2019-11-04 06:39:00,0.37217250258953527
2019-11-04 06:42:00,0.27835228584007154
2019-11-04 06:45:00,0.4258532811415989
2019-11-04 06:48:00,0.4055755665808647
2019-11-04 06:51:00,0.36823630198819046
2019-11-04 06:54:00,0.3552092264673661
2019-11-04 06:57:00,0.4604659013469359
2019-11-04 07:00:00,0.40512520437454214
2019-11-04 07:03:00,0.4383391997112085
2019-11-04 07:06:00,0.338440434839697
2019-11-04 07:09:00,0.46658364442396305
2019-11-04 07:12:00,0.42014225127633154
2019-11-04 07:15:00,0.34665320024561197
2019-11-04 07:18:00,0.3863500038035568
2019-11-04 07:21:00,0.4394215844090468
2019-11-04 07:24:00,0.33664659974743927
2019-11-04 07:27:00,0.3097160258313352
2019-11-04 07:30:00,0.3789739945231645
2019-11-04 07:33:00,0.3602781178568648
2019-11-04 07:36:00,0.26866656720739
2019-11-04 07:39:00,0.28437305236860766
2019-11-04 07:42:00,0.3254092241558624
2019-11-04 07:45:00,0.351030573341518
2019-11-04 07:48:00,0.3563159244358758
2019-11-04 07:51:00,0.3461062292528254
2019-11-04 07:54:00,0.29288680951691504
2019-11-04 07:57:00,0.3418196935180049
2019-11-04 08:00:00,0.335862034174113
2019-11-04 08:03:00,0.321053300128483
2019-11-04 08:06:00,0.2306952199880925
2019-11-04 08:09:00,0.3297056531368412
2019-11-04 08:12:00,0.34160732318599685
2019-11-04 08:15:00,0.3690099275272587
2019-11-04 08:18:00,0.30321997223893504
2019-11-04 08:21:00,0.2793376507971175
2019-11-04 08:24:00,0.40009401600838146
2019-11-04 08:27:00,0.3575862671336836
2019-11-04 08:30:00,0.39564672894374553
2019-11-04 08:33:00,0.32078276620865154
2019-11-04 08:36:00,0.3057045585242122
2019-11-04 08:39:00,0.423468174642494
2019-11-04 08:42:00,0.40033986969791613
2019-11-04 08:45:00,0.2830320985240746
2019-11-04 08:48:00,0.3359200825993298
2019-11-04 08:51:00,0.27432090727336345
2019-11-04 08:54:00,0.32371191548321576
2019-11-04 08:57:00,0.2405512272569581
2019-11-04 09:00:00,0.22562736342729295
2019-11-04 09:03:00,0.28036053586191656
2019-11-04 09:06:00,0.1033460075241237
2019-11-04 09:09:00,0.24236766389577724
2019-11-04 09:12:00,0.22239746186738785
2019-11-04 09:15:00,0.24336294695336846
2019-11-04 09:18:00,0.30424190186244005
2019-11-04 09:21:00,0.16531907249060396
2019-11-04 09:24:00,0.16793056445629873
2019-11-04 09:27:00,0.14395482714206764
2019-11-04 09:30:00,0.09925438603937664
2019-11-04 09:33:00,0.17896134682399634
2019-11-04 09:36:00,0.07982883587925471
2019-11-04 09:39:00,0.07339637811281818
2019-11-04 09:42:00,0.09243348662045037
2019-11-04 09:45:00,0.0589577070235805
2019-11-04 09:48:00,0.07368132306896769
2019-11-04 09:51:00,0.06763338720685397
2019-11-04 09:54:00,-0.04539695062254623
2019-11-04 09:57:00,-0.048235557247949146
2019-11-04 10:00:00,-0.004017444197245368
2019-11-04 10:03:00,-0.0029154288419590557
2019-11-04 10:06:00,0.022196360776831625
2019-11-04 10:09:00,-0.06929716395899277
2019-11-04 10:12:00,-0.03453089589339697
2019-11-04 10:15:00,0.07550636298725522
2019-11-04 10:18:00,-0.09278343184956839
2019-11-04 10:21:00,-0.04100467390640006
2019-11-04 10:24:00,-0.05813716297029714
2019-11-04 10:27:00,-0.12789083164346948
2019-11-04 10:30:00,-0.0054956661481355695
2019-11-04 10:33:00,0.004485869067877957
2019-11-04 10:36:00,0.09748683766912336
2019-11-04 10:39:00,-0.13832501364476002
2019-11-04 10:42:00,-0.06591430479960536
2019-11-04 10:45:00,-0.1455102159268904
2019-11-04 10:48:00,-0.05057424411165812
2019-11-04 10:51:00,-0.07831662142785945
2019-11-04 10:54:00,-0.0701848653527577
2019-11-04 10:57:00,-0.1280089858340716
2019-11-04 11:00:00,-0.12881626073732377
2019-11-04 11:03:00,-0.02838725100451711
2019-11-04 11:06:00,-0.08739774970894132
2019-11-04 11:09:00,-0.14567226919149334
2019-11-04 11:12:00,-0.12921349858078202
2019-11-04 11:15:00,-0.08850644202107105
2019-11-04 11:18:00,-0.11463741112493153
2019-11-04 11:21:00,-0.1628747481506707
2019-11-04 11:24:00,-0.16575688893129836
2019-11-04 11:27:00,-0.08658948051737525
2019-11-04 11:30:00,-0.16268431024451502
2019-11-04 11:33:00,-0.13163852286794508
2019-11-04 11:36:00,-0.17889282563623965
2019-11-04 11:39:00,-0.13269587496341728
2019-11-04 11:42:00,-0.21546910700362787
2019-11-04 11:45:00,-0.20670235985539875
2019-11-04 11:48:00,-0.2403746922303185
2019-11-04 11:51:00,-0.27138644931744693
2019-11-04 11:54:00,-0.32003598963041213
2019-11-04 11:57:00,-0.42190242703668446
2019-11-04 12:00:00,-0.18330957156115346
2019-11-04 12:03:00,-0.3214351929104282
2019-11-04 12:06:00,-0.21994792203929592
2019-11-04 12:09:00,-0.2900536121877053
2019-11-04 12:12:00,-0.387113082065639
2019-11-04 12:15:00,-0.213421351356601
2019-11-04 12:18:00,-0.27939580127156205
2019-11-04 12:21:00,-0.25803420210769445
2019-11-04 12:24:00,-0.3011331843296148
2019-11-04 12:27:00,-0.21838391039619864
2019-11-04 12:30:00,-0.3215016717250023
2019-11-04 12:33:00,-0.16711708570426254
2019-11-04 12:36:00,-0.21270273355253266
2019-11-04 12:39:00,-0.31460869191562324
2019-11-04 12:42:00,-0.2890313756812475
2019-11-04 12:45:00,-0.2720995871189871
2019-11-04 12:48:00,-0.40453912977079654
2019-11-04 12:51:00,-0.31710227347520004
2019-11-04 12:54:00,-0.3450989809628595
2019-11-04 12:57:00,-0.2323373691945676
2019-11-04 13:00:00,-0.18106149541830519
2019-11-04 13:03:00,-0.16058944812482423
2019-11-04 13:06:00,-0.16017117521175805
2019-11-04 13:09:00,-0.24843272460401522
2019-11-04 13:12:00,-0.13075392562700472
2019-11-04 13:15:00,-0.13810247107772966
2019-11-04 13:18:00,-0.04764292661155878
2019-11-04 13:21:00,-0.06208843178058032
2019-11-04 13:24:00,-0.039293761361307133
2019-11-04 13:27:00,-0.13582162693370492
2019-11-04 13:30:00,-0.03692151785611486
2019-11-04 13:33:00,-0.07417912577221841
2019-11-04 13:36:00,-0.1536361765454899
2019-11-04 13:39:00,-0.04384642596812682
2019-11-04 13:42:00,-0.16333717902944045
2019-11-04 13:45:00,-0.22288484719797452
2019-11-04 13:48:00,-0.13790719929556872
2019-11-04 13:51:00,-0.2580215078210131
2019-11-04 13:54:00,-0.11772223160198791
2019-11-04 13:57:00,-0.2741619590563005
2019-11-04 14:00:00,-0.2800024017755618
2019-11-04 14:03:00,-0.3154896521924684
2019-11-04 14:06:00,-0.3722509092040127
2019-11-04 14:09:00,-0.3947189544393268
2019-11-04 14:12:00,-0.5014019473177314
2019-11-04 14:15:00,-0.32553587443408105
2019-11-04 14:18:00,-0.33993981007785123
2019-11-04 14:21:00,-0.3213007703354833
2019-11-04 14:24:00,-0.45340100750263446
2019-11-04 14:27:00,-0.3441773550929952
2019-11-04 14:30:00,-0.27366795651056464
2019-11-04 14:33:00,-0.3628942550669194
2019-11-04 14:36:00,-0.4401191076197506
2019-11-04 14:39:00,-0.39471567655056106
2019-11-04 14:42:00,-0.5244248623895942
2019-11-04 14:45:00,-0.38227431010693635
2019-11-04 14:48:00,-0.24322164282352787
2019-11-04 14:51:00,-0.28211150297181575
2019-11-04 14:54:00,-0.13512930098164588
2019-11-04 14:57:00,-0.2021619231487648
2019-11-04 15:00:00,-0.23779237124563224
2019-11-04 15:03:00,-0.3030905625219589
2019-11-04 15:06:00,-0.2755022017360602
2019-11-04 15:09:00,-0.20649278753285216
2019-11-04 15:12:00,-0.24139016285505477
2019-11-04 15:15:00,-0.23507463061457656
2019-11-04 15:18:00,-0.24570918174947565
2019-11-04 15:21:00,-0.1632621357834978
2019-11-04 15:24:00,-0.22839708538793957
2019-11-04 15:27:00,-0.2473028777020545
2019-11-04 15:30:00,-0.2679727261019025
2019-11-04 15:33:00,-0.22557103595045191
2019-11-04 15:36:00,-0.28024575581315503
2019-11-04 15:39:00,-0.2654627908289058
2019-11-04 15:42:00,-0.2567365968321269
2019-11-04 15:45:00,-0.1952903577566758
2019-11-04 15:48:00,-0.2388275565759841
2019-11-04 15:51:00,-0.17832154225033037
2019-11-04 15:54:00,-0.23389099068975838
2019-11-04 15:57:00,-0.3109522465189798
2019-11-04 16:00:00,-0.32942564069048785
2019-11-04 16:03:00,-0.2679044053285793
2019-11-04 16:06:00,-0.21761968499276918
2019-11-04 16:09:00,-0.2869364263462444
2019-11-04 16:12:00,-0.29981535664165904
2019-11-04 16:15:00,-0.22673317792879288
2019-11-04 16:18:00,-0.21491991467229354
2019-11-04 16:21:00,-0.19427014045231772
2019-11-04 16:24:00,-0.28215210154939996
2019-11-04 16:27:00,-0.2137750729610275
2019-11-04 16:30:00,-0.3471234649354642
2019-11-04 16:33:00,-0.3479584606524213
2019-11-04 16:36:00,-0.32865986847690465
2019-11-04 16:39:00,-0.33001066288153424
2019-11-04 16:42:00,-0.2133134738041349
2019-11-04 16:45:00,-0.32888315811061375
2019-11-04 16:48:00,-0.28646373170118977
2019-11-04 16:51:00,-0.37508550751454095
2019-11-04 16:54:00,-0.35561680174595267
2019-11-04 16:57:00,-0.267199637025044
2019-11-04 17:00:00,-0.2979922220490039
2019-11-04 17:03:00,-0.3306469957811373
2019-11-04 17:06:00,-0.37510231810472305
2019-11-04 17:09:00,-0.21273498847483552
2019-11-04 17:12:00,-0.2180772792724497
2019-11-04 17:15:00,-0.24433333625569276
2019-11-04 17:18:00,-0.17009083399079827
2019-11-04 17:21:00,-0.20569539935729608
2019-11-04 17:24:00,-0.14397474863375237
2019-11-04 17:27:00,-0.29146403085991324
2019-11-04 17:30:00,-0.18367001515474612
2019-11-04 17:33:00,-0.118455143288827
2019-11-04 17:36:00,-0.19370630149080625
2019-11-04 17:39:00,-0.10556267174291634
2019-11-04 17:42:00,-0.08337219940455043
2019-11-04 17:45:00,-0.2186406628086388
2019-11-04 17:48:00,-0.146172254383373
2019-11-04 17:51:00,-0.09231520119681136
2019-11-04 17:54:00,-0.14508076646296786
2019-11-04 17:57:00,-0.06465426436835742
2019-11-04 18:00:00,-0.11465268875673473
2019-11-04 18:03:00,-0.09029391539684184
2019-11-04 18:06:00,-0.11728311545499537
2019-11-04 18:09:00,-0.04763816939873777
2019-11-04 18:12:00,-0.09386885959037272
2019-11-04 18:15:00,-0.1444680715091522
2019-11-04 18:18:00,-0.0577039953016083
2019-11-04 18:21:00,-0.0672339887719886
2019-11-04 18:24:00,-0.1083315584581328
2019-11-04 18:27:00,-0.09878792362781041
2019-11-04 18:30:00,-0.11511407064654122
2019-11-04 18:33:00,-0.08681501783144085
2019-11-04 18:36:00,0.03965347141655684
2019-11-04 18:39:00,0.0382955580312796
2019-11-04 18:42:00,0.001024413629920673
2019-11-04 18:45:00,0.03687314055008528
2019-11-04 18:48:00,0.03774927820745688
2019-11-04 18:51:00,0.12117310745003351
2019-11-04 18:54:00,
2019-11-04 18:57:00,
2019-11-04 19:00:00,
2019-11-04 19:03:00,0.0786999587809305
2019-11-04 19:06:00,0.02367847911619947
2019-11-04 19:09:00,0.04524401015561352
2019-11-04 19:12:00,-0.011192856474337987
2019-11-04 19:15:00,0.18968301589382008
2019-11-04 19:18:00,0.08103942838494049
2019-11-04 19:21:00,0.004025568266172286
2019-11-04 19:24:00,0.03906761399065317
2019-11-04 19:27:00,0.05592119712912336
2019-11-04 19:30:00,-0.003745184990918915
2019-11-04 19:33:00,0.049998342681988106
2019-11-04 19:36:00,0.05085923448285712
2019-11-04 19:39:00,0.024682555384913485
2019-11-04 19:42:00,0.03688124896621048
2019-11-04 19:45:00,0.03365725931377028
2019-11-04 19:48:00,0.17891222747573465
2019-11-04 19:51:00,0.049580708742780644
2019-11-04 19:54:00,0.0032814641659797417
2019-11-04 19:57:00,0.05693101487798913
2019-11-04 20:00:00,0.0167593391344667
2019-11-04 20:03:00,0.13929516212618864
2019-11-04 20:06:00,0.10415930934362905
2019-11-04 20:09:00,0.13800018075130538
2019-11-04 20:12:00,0.10178469192328521
2019-11-04 20:15:00,0.13597816517028605
2019-11-04 20:18:00,0.008331681389904588
2019-11-04 20:21:00,0.09034534582519882
2019-11-04 20:24:00,-0.00550013848362596
2019-11-04 20:27:00,0.05721620611660683
2019-11-04 20:30:00,0.11134136869173972
2019-11-04 20:33:00,0.15236312812072583
2019-11-04 20:36:00,0.16687299838372383
2019-11-04 20:39:00,0.1388462332591871
2019-11-04 20:42:00,0.06357374436072405
2019-11-04 20:45:00,0.10962159838760499
2019-11-04 20:48:00,0.16396852005783558
2019-11-04 20:51:00,0.12811151861149028
2019-11-04 20:54:00,0.146344390827835
2019-11-04 20:57:00,0.19610982755284567
2019-11-04 21:00:00,0.11361546768227981
2019-11-04 21:03:00,0.058582078803112836
2019-11-04 21:06:00,0.15389577098653717
2019-11-04 21:09:00,0.06410491003487095
2019-11-04 21:12:00,0.1386576714797343
2019-11-04 21:15:00,0.04351799970555703
2019-11-04 21:18:00,0.09624014913094925
2019-11-04 21:21:00,0.14407265235519162
2019-11-04 21:24:00,0.14179225444905796
2019-11-04 21:27:00,0.22780982052825038
2019-11-04 21:30:00,0.1234566086476434
2019-11-04 21:33:00,0.1535929800348299
2019-11-04 21:36:00,0.1556204434430697
2019-11-04 21:39:00,0.1710498596998491
2019-11-04 21:42:00,0.08192945373286875
2019-11-04 21:45:00,0.16993239049679687
2019-11-04 21:48:00,0.21150033528579115
2019-11-04 21:51:00,0.2072667004778168
2019-11-04 21:54:00,0.20961864948799303
2019-11-04 21:57:00,0.1087846595338533
2019-11-04 22:00:00,0.1840480508814153
2019-11-04 22:03:00,0.2604936095755761
2019-11-04 22:06:00,0.23896990425754439
2019-11-04 22:09:00,0.2133539733674752
2019-11-04 22:12:00,0.20130958974442592
2019-11-04 22:15:00,0.19648220064345878
2019-11-04 22:18:00,0.18705381989951775
2019-11-04 22:21:00,0.1801152934140191
2019-11-04 22:24:00,0.2034670709377906
2019-11-04 22:27:00,0.15128688090084097
2019-11-04 22:30:00,0.2522243768017347
2019-11-04 22:33:00,0.21556349234828076
2019-11-04 22:36:00,0.16013998798524653
2019-11-04 22:39:00,0.1302444857249725
2019-11-04 22:42:00,0.21031302054626622
2019-11-04 22:45:00,0.12304119942376701
2019-11-04 22:48:00,0.2413479580781086
2019-11-04 22:51:00,0.20909869660124514
2019-11-04 22:54:00,0.31210695957082635
2019-11-04 22:57:00,0.1045534651213984
2019-11-04 23:00:00,0.1606834949043332
2019-11-04 23:03:00,0.17553526969362565
2019-11-04 23:06:00,0.08728635420055753
2019-11-04 23:09:00,0.16731124710213408
2019-11-04 23:12:00,0.11583700664215257
2019-11-04 23:15:00,0.12693657488540566
2019-11-04 23:18:00,0.239460984786092
2019-11-04 23:21:00,0.21186756609080248
2019-11-04 23:24:00,0.12672966221811066
2019-11-04 23:27:00,0.2363254603170617
2019-11-04 23:30:00,0.26661678108672504
2019-11-04 23:33:00,0.27100028605593707
2019-11-04 23:36:00,0.19990196613150601
2019-11-04 23:39:00,0.1891562659282613
2019-11-04 23:42:00,0.1412237796294562
2019-11-04 23:45:00,0.2352762142040774
2019-11-04 23:48:00,0.20232194690748884
2019-11-04 23:51:00,0.22800227836802378
2019-11-04 23:54:00,0.18134465227052488
2019-11-04 23:57:00,0.1787581059966783
2019-11-05 00:00:00,0.13488622331169609
2019-11-05 00:03:00,0.17627045182314305
2019-11-05 00:06:00,0.23135826645096813
2019-11-05 00:09:00,0.23719415757636853
2019-11-05 00:12:00,0.23571373037469812
2019-11-05 00:15:00,0.14313796472720242
2019-11-05 00:18:00,0.13983750947096496
2019-11-05 00:21:00,0.17903704123949638
2019-11-05 00:24:00,0.22125781894516194
2019-11-05 00:27:00,0.21327599459294788
2019-11-05 00:30:00,0.09492345307108963
2019-11-05 00:33:00,0.009869483535794643
2019-11-05 00:36:00,0.1455166671483994
2019-11-05 00:39:00,0.24631879062252438
2019-11-05 00:42:00,0.2795720692907935
2019-11-05 00:45:00,0.1534720248601502
2019-11-05 00:48:00,0.2612739087384739
2019-11-05 00:51:00,0.29324720855890973
2019-11-05 00:54:00,0.25856592374429965
2019-11-05 00:57:00,0.14392991065972183
2019-11-05 01:00:00,0.31274670464330256
2019-11-05 01:03:00,0.26470666280783917
2019-11-05 01:06:00,0.22215383309583103
2019-11-05 01:09:00,0.2242201796759673
2019-11-05 01:12:00,0.12289511409312581
2019-11-05 01:15:00,0.18891165078565564
2019-11-05 01:18:00,0.20491211116541308
2019-11-05 01:21:00,0.19920409793382987
2019-11-05 01:24:00,0.1824212198524151
2019-11-05 01:27:00,0.27139650202775556
2019-11-05 01:30:00,0.1329655286215825
2019-11-05 01:33:00,0.2335361657757744
2019-11-05 01:36:00,0.14711455520983918
2019-11-05 01:39:00,0.27017806862340876
2019-11-05 01:42:00,0.3754590230523718
2019-11-05 01:45:00,0.3532772727273823
2019-11-05 01:48:00,0.4336736417769771
2019-11-05 01:51:00,0.4921867035022274
2019-11-05 01:54:00,0.5782367843913221
2019-11-05 01:57:00,0.5723184904011873
2019-11-05 02:00:00,0.5535659076145976
2019-11-05 02:03:00,0.3356031469921845
2019-11-05 02:06:00,0.24133752397267472
2019-11-05 02:09:00,0.19642950825237904
2019-11-05 02:12:00,0.1811223079285469
2019-11-05 02:15:00,0.17234701227852156
2019-11-05 02:18:00,0.2864441778288551
2019-11-05 02:21:00,0.29543452856768226
2019-11-05 02:24:00,0.24985939186979067
2019-11-05 02:27:00,0.20915205871654052
2019-11-05 02:30:00,0.23391357741638785
2019-11-05 02:33:00,0.32091477408437186
2019-11-05 02:36:00,0.20920380396734117
2019-11-05 02:39:00,0.20828732691347795
2019-11-05 02:42:00,0.3388492339604454
2019-11-05 02:45:00,0.2836574571857682
2019-11-05 02:48:00,0.31881950232929057
2019-11-05 02:51:00,0.2907990420175679
2019-11-05 02:54:00,0.4135993512563232
2019-11-05 02:57:00,0.43007157936415297
2019-11-05 03:00:00,0.4118921879252184
2019-11-05 03:03:00,0.40689402120079876
2019-11-05 03:06:00,0.3917030631108105
2019-11-05 03:09:00,0.2870765214130415
2019-11-05 03:12:00,0.297223951508613
2019-11-05 03:15:00,0.4295306093791851
2019-11-05 03:18:00,0.36472548645048164
2019-11-05 03:21:00,0.34513284076894024
2019-11-05 03:24:00,0.2867740602432036
2019-11-05 03:27:00,0.2826656020558289
2019-11-05 03:30:00,0.2986870356288023
2019-11-05 03:33:00,0.2519942051580415
2019-11-05 03:36:00,0.2629860860161557
2019-11-05 03:39:00,0.13739956722304214
2019-11-05 03:42:00,0.2688734084792941
2019-11-05 03:45:00,0.20822667328252464
2019-11-05 03:48:00,0.2032238379277942
2019-11-05 03:51:00,0.2307500154797708
2019-11-05 03:54:00,0.27547941411319243
2019-11-05 03:57:00,0.2824791632706365
2019-11-05 04:00:00,0.14687223127117477
2019-11-05 04:03:00,0.2672997871279108
2019-11-05 04:06:00,0.26869442682044564
2019-11-05 04:09:00,0.20232306425390334
2019-11-05 04:12:00,0.27680075812224914
2019-11-05 04:15:00,0.2592871165980455
2019-11-05 04:18:00,0.28196427320625617
2019-11-05 04:21:00,0.3583549654798617
2019-11-05 04:24:00,0.39957585700244636
2019-11-05 04:27:00,0.31945295756594305
2019-11-05 04:30:00,0.24912269640884688
2019-11-05 04:33:00,0.2717174163254299
2019-11-05 04:36:00,0.2619755256043277
2019-11-05 04:39:00,0.26626970668257854
2019-11-05 04:42:00,0.1885413854820399
2019-11-05 04:45:00,0.30081052868604274
2019-11-05 04:48:00,0.30715724622956486
2019-11-05 04:51:00,0.32018209922870255
2019-11-05 04:54:00,0.25689351116443504
2019-11-05 04:57:00,0.24323651045057204
2019-11-05 05:00:00,0.3290592471220748
2019-11-05 05:03:00,0.30734959504962944
2019-11-05 05:06:00,0.2316889199526031
2019-11-05 05:09:00,0.25291339440974525
2019-11-05 05:12:00,0.26767107387109945
2019-11-05 05:15:00,0.1899271295321796
2019-11-05 05:18:00,0.31190434066826356
2019-11-05 05:21:00,0.20197155936915578
2019-11-05 05:24:00,0.2863387851032826
2019-11-05 05:27:00,0.31418299266118765
2019-11-05 05:30:00,0.24571641682172185
2019-11-05 05:33:00,0.1765766523013781
2019-11-05 05:36:00,0.26014197085510204
2019-11-05 05:39:00,0.26080856551141096
2019-11-05 05:42:00,0.28369991827867125
2019-11-05 05:45:00,0.22455100748516088
2019-11-05 05:48:00,0.16595190416967398
2019-11-05 05:51:00,0.2804514545732104
2019-11-05 05:54:00,0.12883592187478143
2019-11-05 05:57:00,0.3369595064892792
2019-11-05 06:00:00,0.29471943538584355
2019-11-05 06:03:00,0.3160719260995961
2019-11-05 06:06:00,0.28331099857990694
2019-11-05 06:09:00,0.7712902843321103
2019-11-05 06:12:00,0.7554575510338282
2019-11-05 06:15:00,0.4674095846866635
2019-11-05 06:18:00,0.2603505273904716
2019-11-05 06:21:00,0.28617307276704196
2019-11-05 06:24:00,0.27791228611039287
2019-11-05 06:27:00,0.3163486831373348
2019-11-05 06:30:00,0.2802576206540266
2019-11-05 06:33:00,0.3598188381415639
2019-11-05 06:36:00,0.3946020641222958
2019-11-05 06:39:00,0.41622673824792855
2019-11-05 06:42:00,0.34498058872804904
2019-11-05 06:45:00,0.2613142292721591
2019-11-05 06:48:00,0.20771347880247504
2019-11-05 06:51:00,0.28614449568630107
2019-11-05 06:54:00,0.2816180892183979
2019-11-05 06:57:00,0.24081429905629648
2019-11-05 07:00:00,0.2911461032448983
2019-11-05 07:03:00,0.2311163161954255
2019-11-05 07:06:00,0.2565227860499135
2019-11-05 07:09:00,0.3732676530193544
2019-11-05 07:12:00,0.33497506236659547
2019-11-05 07:15:00,0.28411188662761333
2019-11-05 07:18:00,0.24245591957156876
2019-11-05 07:21:00,0.1698458291746192
2019-11-05 07:24:00,0.18325210953400983
2019-11-05 07:27:00,0.17999968710836356
2019-11-05 07:30:00,0.14898922019244765
2019-11-05 07:33:00,0.18447009763849564
2019-11-05 07:36:00,0.2152807756360744
2019-11-05 07:39:00,0.09163669903540494
2019-11-05 07:42:00,0.1513036426239296
2019-11-05 07:45:00,0.09626215159011053
2019-11-05 07:48:00,0.1255641847776019
2019-11-05 07:51:00,0.16751237677760855
2019-11-05 07:54:00,0.14586656247132623
2019-11-05 07:57:00,0.14323843468969244
2019-11-05 08:00:00,0.18019737826853088
2019-11-05 08:03:00,0.13736599246635706
2019-11-05 08:06:00,0.15645558467258525
2019-11-05 08:09:00,0.1665692481327028
2019-11-05 08:12:00,0.10226384242128006
2019-11-05 08:15:00,0.11425652734487812
2019-11-05 08:18:00,0.15582756240536355
2019-11-05 08:21:00,0.10516299797870943
2019-11-05 08:24:00,0.12250428437465644
2019-11-05 08:27:00,0.10133892626220131
2019-11-05 08:30:00,0.10186966882065462
2019-11-05 08:33:00,0.2054482622301066
2019-11-05 08:36:00,0.09248394822799355
2019-11-05 08:39:00,0.18133685546683864
2019-11-05 08:42:00,0.13120520433739102
2019-11-05 08:45:00,0.11417859709735012
2019-11-05 08:48:00,0.15735388329949274
2019-11-05 08:51:00,0.13512185573245006
2019-11-05 08:54:00,0.04773215690187271
2019-11-05 08:57:00,0.1500431392196333
2019-11-05 09:00:00,0.13939899410706857
2019-11-05 09:03:00,0.17160489495893216
2019-11-05 09:06:00,0.177384222213675
2019-11-05 09:09:00,0.03827283149576033
2019-11-05 09:12:00,0.08101838424522612
2019-11-05 09:15:00,0.13251095300728366
2019-11-05 09:18:00,0.18585398725724644
2019-11-05 09:21:00,0.04638045040644556
2019-11-05 09:24:00,0.12602590755795973
2019-11-05 09:27:00,0.1178809138355632
2019-11-05 09:30:00,0.11620693399441961
2019-11-05 09:33:00,0.05030903694517974
2019-11-05 09:36:00,0.10200228997649674
2019-11-05 09:39:00,0.1525096347542103
2019-11-05 09:42:00,0.09172271734922788
2019-11-05 09:45:00,0.09013263497610069
2019-11-05 09:48:00,0.10540907884200124
2019-11-05 09:51:00,0.03743677569588044
2019-11-05 09:54:00,0.15541694974035636
2019-11-05 09:57:00,0.16099006935894522
2019-11-05 10:00:00,0.09791426412198234
2019-11-05 10:03:00,0.1378491514286111
2019-11-05 10:06:00,0.05684057017441546
2019-11-05 10:09:00,0.052490030701449086
2019-11-05 10:12:00,0.037656239007105796
2019-11-05 10:15:00,0.21211100210825862
2019-11-05 10:18:00,0.1094545563120164
2019-11-05 10:21:00,0.0599097324009108
2019-11-05 10:24:00,0.026667521625313384
2019-11-05 10:27:00,0.0961567986229852
2019-11-05 10:30:00,0.07223487503938486
2019-11-05 10:33:00,0.08882585790581743
2019-11-05 10:36:00,0.05215145144268263
2019-11-05 10:39:00,0.03646676588959963
2019-11-05 10:42:00,0.1072845233131261
2019-11-05 10:45:00,0.032335683519988834
2019-11-05 10:48:00,0.10484720357811739
2019-11-05 10:51:00,-0.03496699312410101
2019-11-05 10:54:00,0.04310141583556515
2019-11-05 10:57:00,0.14135071961516132
2019-11-05 11:00:00,0.027931135287019515
2019-11-05 11:03:00,-0.028406216972200582
2019-11-05 11:06:00,-0.016742059868875003
2019-11-05 11:09:00,-0.0007752261342375277
2019-11-05 11:12:00,-0.0007263504354000361
2019-11-05 11:15:00,-0.09766839137807892
2019-11-05 11:18:00,-0.10861224288430549
2019-11-05 11:21:00,-0.02495261940589444
2019-11-05 11:24:00,-0.03332436189657528
2019-11-05 11:27:00,0.009104659395291037
2019-11-05 11:30:00,-0.17356667317841357
2019-11-05 11:33:00,-0.0817840271773207
2019-11-05 11:36:00,-0.08778956478482769
2019-11-05 11:39:00,-0.21369307708675933
2019-11-05 11:42:00,-0.18648259427232006
2019-11-05 11:45:00,-0.31196124033147044
2019-11-05 11:48:00,-0.15569496591393772
2019-11-05 11:51:00,-0.19297884983166114
2019-11-05 11:54:00,-0.27202075989134755
2019-11-05 11:57:00,-0.06319352144788581
2019-11-05 12:00:00,-0.18265826968013243
2019-11-05 12:03:00,-0.23468784179993918
2019-11-05 12:06:00,-0.20181108420513283
2019-11-05 12:09:00,-0.24628209241637933
2019-11-05 12:12:00,-0.19067513849779516
2019-11-05 12:15:00,-0.20881911472361026
2019-11-05 12:18:00,-0.25202109587030463
2019-11-05 12:21:00,-0.21037053531767924
2019-11-05 12:24:00,-0.23183179031229884
2019-11-05 12:27:00,-0.20131454289139583
2019-11-05 12:30:00,-0.08040348865432634
2019-11-05 12:33:00,-0.06436267630135717
2019-11-05 12:36:00,-0.30984082502089905
2019-11-05 12:39:00,-0.24158942719623155
2019-11-05 12:42:00,-0.23250627450318007
2019-11-05 12:45:00,-0.09464955371765882
2019-11-05 12:48:00,-0.18972120916066615
2019-11-05 12:51:00,-0.14026866271620975
2019-11-05 12:54:00,-0.1116257272745429
2019-11-05 12:57:00,-0.07932574186332886
2019-11-05 13:00:00,-0.0641104047347767
2019-11-05 13:03:00,0.045820480579834566
2019-11-05 13:06:00,-0.14945935369212293
2019-11-05 13:09:00,-0.15195523681273926
2019-11-05 13:12:00,-0.16602447879932924
2019-11-05 13:15:00,-0.09290224722229823
2019-11-05 13:18:00,-0.03204500895702722
2019-11-05 13:21:00,-0.08209891813373815
2019-11-05 13:24:00,-0.11216296805599768
2019-11-05 13:27:00,-0.03710600345078774
2019-11-05 13:30:00,0.0038079342186279064
2019-11-05 13:33:00,0.05420692450820752
2019-11-05 13:36:00,-0.07838171458263332
2019-11-05 13:39:00,-0.013614951088754879
2019-11-05 13:42:00,0.1362744708951027
2019-11-05 13:45:00,0.1941235774650636
2019-11-05 13:48:00,0.31457507446322097
2019-11-05 13:51:00,0.10334727902909435
2019-11-05 13:54:00,0.1685276522579784
2019-11-05 13:57:00,0.09023322643287202
2019-11-05 14:00:00,0.08382174839829304
2019-11-05 14:03:00,0.12567060990181744
2019-11-05 14:06:00,0.0032043374519048484
2019-11-05 14:09:00,-0.1208316696885845
2019-11-05 14:12:00,-0.07630864701002338
2019-11-05 14:15:00,-0.09214361143330052
2019-11-05 14:18:00,0.14604476242374176
2019-11-05 14:21:00,0.22490154667548268
2019-11-05 14:24:00,0.13305694274464486
2019-11-05 14:27:00,0.049101274536383244
2019-11-05 14:30:00,0.2040113906380725
2019-11-05 14:33:00,-0.05119899413023177
2019-11-05 14:36:00,-0.11944161770003348
2019-11-05 14:39:00,-0.16641956188703944
2019-11-05 14:42:00,-0.16423308331275166
2019-11-05 14:45:00,-0.1653413767443226
2019-11-05 14:48:00,-0.07331732297558347
2019-11-05 14:51:00,-0.12760848692772697
2019-11-05 14:54:00,-0.04579060535292001
2019-11-05 14:57:00,-0.13864566862349648
2019-11-05 15:00:00,-0.15644230387545122
2019-11-05 15:03:00,-0.06752481760145201
2019-11-05 15:06:00,-0.06602247607486333
2019-11-05 15:09:00,-0.09889911675963958
2019-11-05 15:12:00,0.15097250170344978
2019-11-05 15:15:00,-0.058782344641315376
2019-11-05 15:18:00,-0.09480749770108332
2019-11-05 15:21:00,-0.1023150776949251
2019-11-05 15:24:00,-0.08719366603941126
2019-11-05 15:27:00,-0.1450098835641711
2019-11-05 15:30:00,-0.02446094386459663
2019-11-05 15:33:00,-0.042173375631591625
2019-11-05 15:36:00,-0.05394985690810472
2019-11-05 15:39:00,0.03412730555669441
2019-11-05 15:42:00,0.0008334550615245462
2019-11-05 15:45:00,-0.0649655734227963
2019-11-05 15:48:00,-0.07682360930482446
2019-11-05 15:51:00,-0.10830206209715243
2019-11-05 15:54:00,-0.0519837407423438
2019-11-05 15:57:00,-0.044618575159177
2019-11-05 16:00:00,-0.07429217809823285
2019-11-05 16:03:00,0.0702185044210637
2019-11-05 16:06:00,-0.04308947593847279
2019-11-05 16:09:00,0.0038803446185511348
2019-11-05 16:12:00,0.021789098704914522
2019-11-05 16:15:00,0.0006604700030266031
2019-11-05 16:18:00,0.028047595794760127
2019-11-05 16:21:00,-0.013594773419526973
2019-11-05 16:24:00,0.0129756982271374
2019-11-05 16:27:00,0.07910218919607814
2019-11-05 16:30:00,0.046816088027298974
2019-11-05 16:33:00,-0.07040923499744167
2019-11-05 16:36:00,-0.14990981693688354
2019-11-05 16:39:00,-0.08047009885774514
2019-11-05 16:42:00,-0.039556026059074156
2019-11-05 16:45:00,-0.13606866750944846
2019-11-05 16:48:00,-0.08515783510756592
2019-11-05 16:51:00,-0.16378432459106307
2019-11-05 16:54:00,-0.09117867122108692
2019-11-05 16:57:00,-0.1811488450609886
2019-11-05 17:00:00,-0.13923455171624255
2019-11-05 17:03:00,-0.1659271331684522
2019-11-05 17:06:00,-0.1828296954391817
2019-11-05 17:09:00,-0.14460447079835603
2019-11-05 17:12:00,-0.0914858458441472
2019-11-05 17:15:00,-0.1927900215547993
2019-11-05 17:18:00,-0.1606745170994941
2019-11-05 17:21:00,-0.14317230398478387
2019-11-05 17:24:00,-0.13686513837654957
2019-11-05 17:27:00,-0.12734839292255629
2019-11-05 17:30:00,-0.24037675770421174
2019-11-05 17:33:00,-0.14944870786064257
2019-11-05 17:36:00,-0.11313068632932755
2019-11-05 17:39:00,-0.0669822362538639
2019-11-05 17:42:00,-0.06291006113184494
2019-11-05 17:45:00,-0.15349370169963095
2019-11-05 17:48:00,-0.07760090121854546
2019-11-05 17:51:00,-0.06652022295514826
2019-11-05 17:54:00,-0.14151212081856102
2019-11-05 17:57:00,-0.08439783853788185
2019-11-05 18:00:00,-0.1594813893368041
2019-11-05 18:03:00,-0.009342553792521358
2019-11-05 18:06:00,-0.04315026551722667
2019-11-05 18:09:00,0.05428689115205998
2019-11-05 18:12:00,-0.08550266347072011
2019-11-05 18:15:00,-0.06062895541958824
2019-11-05 18:18:00,-0.0020912756243660624
2019-11-05 18:21:00,0.05702249520447822
2019-11-05 18:24:00,-0.019632015965783012
2019-11-05 18:27:00,-0.009307112038072773
2019-11-05 18:30:00,-0.017187082245527563
2019-11-05 18:33:00,-0.050349906874089356
2019-11-05 18:36:00,-0.0588677567240552
2019-11-05 18:39:00,0.09436929768253322
2019-11-05 18:42:00,-0.017620651768197604
2019-11-05 18:45:00,-0.030140991615724033
2019-11-05 18:48:00,0.029097488537615845
2019-11-05 18:51:00,-0.016511407499081088
2019-11-05 18:54:00,0.027838339836932846
2019-11-05 18:57:00,
2019-11-05 19:00:00,
2019-11-05 19:03:00,0.044795197842347534
2019-11-05 19:06:00,-0.12117474587256538
2019-11-05 19:09:00,-0.10726728794037399
2019-11-05 19:12:00,-0.059939923877664114
2019-11-05 19:15:00,-0.024814023314945644
2019-11-05 19:18:00,-0.0344430952309267
2019-11-05 19:21:00,-0.05110684713690716
2019-11-05 19:24:00,0.019592022795734465
2019-11-05 19:27:00,0.11272379431403579
2019-11-05 19:30:00,0.005853553898703012
2019-11-05 19:33:00,-0.0073309847863924915
2019-11-05 19:36:00,0.06796137963266347
2019-11-05 19:39:00,0.00373675167759302
2019-11-05 19:42:00,0.04343416305647452
2019-11-05 19:45:00,0.021900081027638407
2019-11-05 19:48:00,0.02372453161268595
2019-11-05 19:51:00,0.014218831058485648
2019-11-05 19:54:00,-0.036558640170937906
2019-11-05 19:57:00,0.07232772827035205
2019-11-05 20:00:00,0.12387583841166361
2019-11-05 20:03:00,0.11838024602479891
2019-11-05 20:06:00,0.12367048924517121
2019-11-05 20:09:00,0.060705573304915106
2019-11-05 20:12:00,0.07217756606308967
2019-11-05 20:15:00,-0.015217994271154112
2019-11-05 20:18:00,0.032775563375935235
2019-11-05 20:21:00,0.08728914561515921
2019-11-05 20:24:00,0.08454940966953473
2019-11-05 20:27:00,0.11807662618463155
2019-11-05 20:30:00,0.08386055862496278
2019-11-05 20:33:00,0.09889271288511736
2019-11-05 20:36:00,0.13397415798465317
2019-11-05 20:39:00,0.003995010662265486
2019-11-05 20:42:00,0.11275760090637732
2019-11-05 20:45:00,0.08709270650894041
2019-11-05 20:48:00,0.1071207633072504
2019-11-05 20:51:00,0.030157314866244178
2019-11-05 20:54:00,0.14974334643045495
2019-11-05 20:57:00,0.13067491182385993
2019-11-05 21:00:00,0.1566593865672985
2019-11-05 21:03:00,0.17095304974156988
2019-11-05 21:06:00,0.0819583752893891
2019-11-05 21:09:00,0.1655203883654508
2019-11-05 21:12:00,0.041570835028267084
2019-11-05 21:15:00,0.18357343441493867
2019-11-05 21:18:00,0.14732204369073543
2019-11-05 21:21:00,0.23284167267223665
2019-11-05 21:24:00,0.22311639962003937
2019-11-05 21:27:00,0.20090856895882325
2019-11-05 21:30:00,0.228833820857119
2019-11-05 21:33:00,0.14715769108653376
2019-11-05 21:36:00,0.07570684336656086
2019-11-05 21:39:00,0.24456588821840342
2019-11-05 21:42:00,0.22307118285192473
2019-11-05 21:45:00,0.12986310943318813
2019-11-05 21:48:00,0.1663273964683185
2019-11-05 21:51:00,0.13939951772783843
2019-11-05 21:54:00,0.166782532854711
2019-11-05 21:57:00,0.09491578848360405
2019-11-05 22:00:00,0.09049309052255694
2019-11-05 22:03:00,0.1312747774124432
2019-11-05 22:06:00,0.177920786174127
2019-11-05 22:09:00,0.1930089256936185
2019-11-05 22:12:00,0.10567797120029354
2019-11-05 22:15:00,0.23844833862017367
2019-11-05 22:18:00,0.1067516670771056
2019-11-05 22:21:00,0.11246241184750261
2019-11-05 22:24:00,0.2794690368299939
2019-11-05 22:27:00,0.0798095421877747
2019-11-05 22:30:00,0.0915156222671385
2019-11-05 22:33:00,0.13027271759222003
2019-11-05 22:36:00,0.1261968025979172
2019-11-05 22:39:00,0.13047074437480433
2019-11-05 22:42:00,0.13658320537808777
2019-11-05 22:45:00,0.15587621282315922
2019-11-05 22:48:00,0.1708127381388067
2019-11-05 22:51:00,0.14358443846163027
2019-11-05 22:54:00,0.21131098941003756
2019-11-05 22:57:00,0.17883179080200762
2019-11-05 23:00:00,0.1328821666331237
2019-11-05 23:03:00,0.20668489693690617
2019-11-05 23:06:00,0.226294791503733
2019-11-05 23:09:00,0.2643922338438074
2019-11-05 23:12:00,0.2047203978063976
2019-11-05 23:15:00,0.25231340843140515
2019-11-05 23:18:00,0.26437647159008293
2019-11-05 23:21:00,0.2819100696772239
2019-11-05 23:24:00,0.28783568334790743
2019-11-05 23:27:00,0.1966003599855526
2019-11-05 23:30:00,0.29502294837726595
2019-11-05 23:33:00,0.247656498720346
2019-11-05 23:36:00,0.11422122199815021
2019-11-05 23:39:00,0.17277342329288103
2019-11-05 23:42:00,0.10206654207468091
2019-11-05 23:45:00,0.1459977377360815
2019-11-05 23:48:00,0.10174894876604412
2019-11-05 23:51:00,0.22455604589214317
2019-11-05 23:54:00,0.16196246759471933
2019-11-05 23:57:00,0.2655462113799558
2019-11-06 00:00:00,0.20730778345381395
2019-11-06 00:03:00,0.15839839155847812
2019-11-06 00:06:00,0.29157803376762104
2019-11-06 00:09:00,0.22018290857613465
2019-11-06 00:12:00,0.2724519883928451
2019-11-06 00:15:00,0.1617234760655606
2019-11-06 00:18:00,0.16390902533908047
2019-11-06 00:21:00,0.35599115494204625
2019-11-06 00:24:00,0.08638745755303034
2019-11-06 00:27:00,0.24225885437368788
2019-11-06 00:30:00,0.07828193527200256
2019-11-06 00:33:00,0.2897476236219063
2019-11-06 00:36:00,0.21558436016420046
2019-11-06 00:39:00,0.28589978685204187
2019-11-06 00:42:00,0.21637999632321225
2019-11-06 00:45:00,0.1575971273504706
2019-11-06 00:48:00,0.2646544887234086
2019-11-06 00:51:00,0.24496639855226476
2019-11-06 00:54:00,0.21000454451336736
2019-11-06 00:57:00,0.10964833820315789
2019-11-06 01:00:00,0.23510581778759843
2019-11-06 01:03:00,0.19713142472772915
2019-11-06 01:06:00,0.24981921151101005
2019-11-06 01:09:00,0.22634082629451768
2019-11-06 01:12:00,0.2285445794615839
2019-11-06 01:15:00,0.1988604675705119
2019-11-06 01:18:00,0.2530208965097245
2019-11-06 01:21:00,0.2759219908681416
2019-11-06 01:24:00,0.24994116056058147
2019-11-06 01:27:00,0.20977802319612238
2019-11-06 01:30:00,0.2953311588428278
2019-11-06 01:33:00,0.2802129430771174
2019-11-06 01:36:00,0.20691720918665624
2019-11-06 01:39:00,0.25995232190814477
2019-11-06 01:42:00,0.17645793027554646
2019-11-06 01:45:00,0.24373376562738258
2019-11-06 01:48:00,0.10920766181823183
2019-11-06 01:51:00,0.13856957459995556
2019-11-06 01:54:00,0.23739240249983595
2019-11-06 01:57:00,0.2629521499676457
2019-11-06 02:00:00,0.27151860947952855
2019-11-06 02:03:00,0.29534320245454637
2019-11-06 02:06:00,0.3530633865051982
2019-11-06 02:09:00,0.4141387057948691
2019-11-06 02:12:00,0.3818133938092956
2019-11-06 02:15:00,0.45842704574243953
2019-11-06 02:18:00,0.31327685359752877
2019-11-06 02:21:00,0.33200603426774933
2019-11-06 02:24:00,0.388645072826705
2019-11-06 02:27:00,0.40149123660012265
2019-11-06 02:30:00,0.35482078382671034
2019-11-06 02:33:00,0.3687068344813724
2019-11-06 02:36:00,0.3150040350211043
2019-11-06 02:39:00,0.3721819326530067
2019-11-06 02:42:00,0.26878477457483996
2019-11-06 02:45:00,0.27151344564663304
2019-11-06 02:48:00,0.27987805843429214
2019-11-06 02:51:00,0.1874006181126333
2019-11-06 02:54:00,0.18599408691994768
2019-11-06 02:57:00,0.19169395166056802
2019-11-06 03:00:00,0.28374386476355085
2019-11-06 03:03:00,0.29359904334921794
2019-11-06 03:06:00,0.2723110498196206
2019-11-06 03:09:00,0.3028118270335085
2019-11-06 03:12:00,0.22849269260922256
2019-11-06 03:15:00,0.25241596634077723
2019-11-06 03:18:00,0.2694627064622068
2019-11-06 03:21:00,0.21751521365285953
2019-11-06 03:24:00,0.2365356547314832
2019-11-06 03:27:00,0.30995516067872586
2019-11-06 03:30:00,0.28295532306140103
2019-11-06 03:33:00,0.3486347508124368
2019-11-06 03:36:00,0.28332331863560967
2019-11-06 03:39:00,0.24572072467134376
2019-11-06 03:42:00,0.23448339301381793
2019-11-06 03:45:00,0.21404806206123794
2019-11-06 03:48:00,0.3510473427901388
2019-11-06 03:51:00,0.29462347806156686
2019-11-06 03:54:00,0.32433472445603684
2019-11-06 03:57:00,0.2902219119608844
2019-11-06 04:00:00,0.26581988375164656
2019-11-06 04:03:00,0.29563878191652293
2019-11-06 04:06:00,0.22548478848455034
2019-11-06 04:09:00,0.19176828146618163
2019-11-06 04:12:00,0.23085001785142367
2019-11-06 04:15:00,0.24940655646685173
2019-11-06 04:18:00,0.2586761479687425
2019-11-06 04:21:00,0.2712690942972813
2019-11-06 04:24:00,0.30716995845028805
2019-11-06 04:27:00,0.2709465031948639
2019-11-06 04:30:00,0.28547938228501835
2019-11-06 04:33:00,0.25438344901431265
2019-11-06 04:36:00,0.3006503245946419
2019-11-06 04:39:00,0.2619807337964062
2019-11-06 04:42:00,0.24555239140272533
2019-11-06 04:45:00,0.27337143990405366
2019-11-06 04:48:00,0.25381778576974057
2019-11-06 04:51:00,0.3144059484643549
2019-11-06 04:54:00,0.3591691748199537
2019-11-06 04:57:00,0.2887896753709356
2019-11-06 05:00:00,0.36794126417760253
2019-11-06 05:03:00,0.29616689196478774
2019-11-06 05:06:00,0.3295043694521951
2019-11-06 05:09:00,0.37574389103758676
2019-11-06 05:12:00,0.39731358510817927
2019-11-06 05:15:00,0.34472286304026056
2019-11-06 05:18:00,0.39941857254984825
2019-11-06 05:21:00,0.31629228121528286
2019-11-06 05:24:00,0.3517856282451248
2019-11-06 05:27:00,0.3542019201407811
2019-11-06 05:30:00,0.2794173840548524
2019-11-06 05:33:00,0.2177284433795421
2019-11-06 05:36:00,0.3370603860946062
2019-11-06 05:39:00,0.3793912633364016
2019-11-06 05:42:00,0.27115424488590634
2019-11-06 05:45:00,0.3390060710655689
2019-11-06 05:48:00,0.3098305228720051
2019-11-06 05:51:00,0.3646384223656014
2019-11-06 05:54:00,0.3433714460667261
2019-11-06 05:57:00,0.2588572923665424
2019-11-06 06:00:00,0.27036334738562573
2019-11-06 06:03:00,0.26810639552235216
2019-11-06 06:06:00,0.3345378701608297
2019-11-06 06:09:00,0.389802054749282
2019-11-06 06:12:00,0.27382553730097925
2019-11-06 06:15:00,0.3633166654676643
2019-11-06 06:18:00,0.3697007546305713
2019-11-06 06:21:00,0.35537032672709756
2019-11-06 06:24:00,0.31250733964390065
2019-11-06 06:27:00,0.33739770306812034
2019-11-06 06:30:00,0.2893238724166167
2019-11-06 06:33:00,0.30348578377879676
2019-11-06 06:36:00,0.2998195022950654
2019-11-06 06:39:00,0.2929044214275791
2019-11-06 06:42:00,0.3355840750407424
2019-11-06 06:45:00,0.24664045619027775
2019-11-06 06:48:00,0.31644849604185765
2019-11-06 06:51:00,0.2530021654560528
2019-11-06 06:54:00,0.24613487606177387
2019-11-06 06:57:00,0.2595107150838203
2019-11-06 07:00:00,0.3147846609068665
2019-11-06 07:03:00,0.3233964615427567
2019-11-06 07:06:00,0.22931634617231111
2019-11-06 07:09:00,0.3181584002123259
2019-11-06 07:12:00,0.3922994063049714
2019-11-06 07:15:00,0.30462022151755264
2019-11-06 07:18:00,0.27812591308321544
2019-11-06 07:21:00,0.3842679617089857
2019-11-06 07:24:00,0.40998915874524755
2019-11-06 07:27:00,0.32358692971240544
2019-11-06 07:30:00,0.29339022530695047
2019-11-06 07:33:00,0.34252938482995887
2019-11-06 07:36:00,0.4353124782892337
2019-11-06 07:39:00,0.2845504821514169
2019-11-06 07:42:00,0.32024128278857233
2019-11-06 07:45:00,0.24405784390626195
2019-11-06 07:48:00,0.3588895467152611
2019-11-06 07:51:00,0.3184392727768568
2019-11-06 07:54:00,0.3070622998810677
2019-11-06 07:57:00,0.3962592029741927
2019-11-06 08:00:00,0.2870176331288121
2019-11-06 08:03:00,0.2749313242849212
2019-11-06 08:06:00,0.17576545321844605
2019-11-06 08:09:00,0.17633493383954146
2019-11-06 08:12:00,0.20325355827941394
2019-11-06 08:15:00,0.1658338960867809
2019-11-06 08:18:00,0.21287913066072406
2019-11-06 08:21:00,0.23339140667297897
2019-11-06 08:24:00,0.1924868204803829
2019-11-06 08:27:00,0.2628166811432493
2019-11-06 08:30:00,0.2171905509339922
2019-11-06 08:33:00,0.17601455730613225
2019-11-06 08:36:00,0.1994625526237428
2019-11-06 08:39:00,0.20904030427556108
2019-11-06 08:42:00,0.18360978243225645
2019-11-06 08:45:00,0.2188503549648999
2019-11-06 08:48:00,0.20417092727905128
2019-11-06 08:51:00,0.20866591743669005
2019-11-06 08:54:00,0.23066389781877206
2019-11-06 08:57:00,0.2059814131677058
2019-11-06 09:00:00,0.13366292840720462
2019-11-06 09:03:00,0.11964041499834366
2019-11-06 09:06:00,0.07473632469748281
2019-11-06 09:09:00,0.09655072410504317
2019-11-06 09:12:00,0.14755155603467074
2019-11-06 09:15:00,0.06769992222416477
2019-11-06 09:18:00,0.09037154094312427
2019-11-06 09:21:00,0.16270159220169944
2019-11-06 09:24:00,0.09780396917460621
2019-11-06 09:27:00,0.1221909016887821
2019-11-06 09:30:00,0.08171059587641594
2019-11-06 09:33:00,0.015394371314016553
2019-11-06 09:36:00,0.09444340030722742
2019-11-06 09:39:00,0.0406503765028674
2019-11-06 09:42:00,0.06537025593019052
2019-11-06 09:45:00,0.05405765500455573
2019-11-06 09:48:00,0.04938723715093829
2019-11-06 09:51:00,-0.01851516162076905
2019-11-06 09:54:00,0.13746080615453593
2019-11-06 09:57:00,-0.0029842154454513548
2019-11-06 10:00:00,-0.04870673049435936
2019-11-06 10:03:00,0.005657720802730637
2019-11-06 10:06:00,0.05024667407775496
2019-11-06 10:09:00,-0.08382702353372906
2019-11-06 10:12:00,-0.1520507200064003
2019-11-06 10:15:00,-0.04598820488928368
2019-11-06 10:18:00,-0.04801338824069035
2019-11-06 10:21:00,-0.08719573752597398
2019-11-06 10:24:00,-0.20030991097513606
2019-11-06 10:27:00,-0.1396822114673455
2019-11-06 10:30:00,-0.1798255321938882
2019-11-06 10:33:00,-0.1167180784364632
2019-11-06 10:36:00,-0.12162702952781501
2019-11-06 10:39:00,-0.12669219997883374
2019-11-06 10:42:00,-0.2652449338715428
2019-11-06 10:45:00,-0.1871102461460623
2019-11-06 10:48:00,-0.14233977456217417
2019-11-06 10:51:00,-0.3090382263579272
2019-11-06 10:54:00,-0.23801166015397257
2019-11-06 10:57:00,-0.11128201101985269
2019-11-06 11:00:00,-0.18046488329781596
2019-11-06 11:03:00,-0.16588192886877096
2019-11-06 11:06:00,-0.2649226829391296
2019-11-06 11:09:00,-0.10049475897369575
2019-11-06 11:12:00,-0.2084244931029957
2019-11-06 11:15:00,-0.1751883167203232
2019-11-06 11:18:00,-0.22083709318366118
2019-11-06 11:21:00,-0.12331866076453935
2019-11-06 11:24:00,-0.14487564406704223
2019-11-06 11:27:00,-0.22813120136214593
2019-11-06 11:30:00,-0.24085562876985023
2019-11-06 11:33:00,-0.2288775032361059
2019-11-06 11:36:00,-0.23762708748142813
2019-11-06 11:39:00,-0.3028117482879793
2019-11-06 11:42:00,-0.16372864527977526
2019-11-06 11:45:00,-0.21178626442161885
2019-11-06 11:48:00,-0.15635965485319048
2019-11-06 11:51:00,-0.30506703846953087
2019-11-06 11:54:00,-0.2772271351836366
2019-11-06 11:57:00,-0.21741767101127607
2019-11-06 12:00:00,-0.32272509232137736
2019-11-06 12:03:00,-0.2983062220930037
2019-11-06 12:06:00,-0.19608434897327243
2019-11-06 12:09:00,-0.18565998506574033
2019-11-06 12:12:00,-0.30007289571517504
2019-11-06 12:15:00,-0.2853439336726069
2019-11-06 12:18:00,-0.3140582932175562
2019-11-06 12:21:00,-0.20496032673912623
2019-11-06 12:24:00,-0.2164773687214847
2019-11-06 12:27:00,-0.26023748821040726
2019-11-06 12:30:00,-0.2292657591960392
2019-11-06 12:33:00,-0.16859648832763696
2019-11-06 12:36:00,-0.14982274367071113
2019-11-06 12:39:00,-0.1910853416919167
2019-11-06 12:42:00,-0.18149236070343022
2019-11-06 12:45:00,-0.18785715948962434
2019-11-06 12:48:00,-0.23736915148174376
2019-11-06 12:51:00,-0.24911671270001534
2019-11-06 12:54:00,-0.29249753261848355
2019-11-06 12:57:00,-0.3560032493818994
2019-11-06 13:00:00,-0.2934379630193007
2019-11-06 13:03:00,-0.2744330288809351
2019-11-06 13:06:00,-0.2980812787833429
2019-11-06 13:09:00,-0.3286074247064903
2019-11-06 13:12:00,-0.396971709657862
2019-11-06 13:15:00,-0.2446946987097931
2019-11-06 13:18:00,-0.4286290795497507
2019-11-06 13:21:00,-0.30509087362389664
2019-11-06 13:24:00,-0.38054428526146467
2019-11-06 13:27:00,-0.3007988777106334
2019-11-06 13:30:00,-0.35837678940669093
2019-11-06 13:33:00,-0.38784065500635734
2019-11-06 13:36:00,-0.22717483233395797
2019-11-06 13:39:00,-0.31548738303774826
2019-11-06 13:42:00,-0.3725961606236865
2019-11-06 13:45:00,-0.3202079822250994
2019-11-06 13:48:00,-0.4137179448300117
2019-11-06 13:51:00,-0.24956497573936076
2019-11-06 13:54:00,-0.3228061371194144
2019-11-06 13:57:00,-0.38777879291848194
2019-11-06 14:00:00,-0.35437013466861345
2019-11-06 14:03:00,-0.295406232108121
2019-11-06 14:06:00,-0.43018237573920715
2019-11-06 14:09:00,-0.25489654952315277
2019-11-06 14:12:00,-0.3442874439076604
2019-11-06 14:15:00,-0.274144674472268
2019-11-06 14:18:00,-0.34013197838959286
2019-11-06 14:21:00,-0.3781546374469258
2019-11-06 14:24:00,-0.21952400278337336
2019-11-06 14:27:00,-0.3350339928749122
2019-11-06 14:30:00,-0.22108206159117572
2019-11-06 14:33:00,-0.34093859730904796
2019-11-06 14:36:00,-0.33140595016976704
2019-11-06 14:39:00,-0.198736861682562
2019-11-06 14:42:00,-0.32715100979783074
2019-11-06 14:45:00,-0.39876736133783197
2019-11-06 14:48:00,-0.32554862222201564
2019-11-06 14:51:00,-0.2864039968159773
2019-11-06 14:54:00,-0.3371757089983589
2019-11-06 14:57:00,-0.4178764792570746
2019-11-06 15:00:00,-0.3624362010053801
2019-11-06 15:03:00,-0.30781160904882654
2019-11-06 15:06:00,-0.4127298464610476
2019-11-06 15:09:00,-0.34362817228168296
2019-11-06 15:12:00,-0.33536152231692995
2019-11-06 15:15:00,-0.28464781066168143
2019-11-06 15:18:00,-0.27898948849286853
2019-11-06 15:21:00,-0.3177767474785469
2019-11-06 15:24:00,-0.31134908365271485
2019-11-06 15:27:00,-0.22106104828793605
2019-11-06 15:30:00,-0.22896320721633856
2019-11-06 15:33:00,-0.26765590881876733
2019-11-06 15:36:00,-0.27479568071504445
2019-11-06 15:39:00,-0.20536469427696602
2019-11-06 15:42:00,-0.3362657377896312
2019-11-06 15:45:00,-0.32127273740991313
2019-11-06 15:48:00,-0.20359379781535836
2019-11-06 15:51:00,-0.26134940006971874
2019-11-06 15:54:00,-0.28408812338795997
2019-11-06 15:57:00,-0.2472030861339931
2019-11-06 16:00:00,-0.2357090620296276
2019-11-06 16:03:00,-0.34474759102670305
2019-11-06 16:06:00,-0.3213537102619739
2019-11-06 16:09:00,-0.32335778942814386
2019-11-06 16:12:00,-0.3242655511764383
2019-11-06 16:15:00,-0.29586950205049334
2019-11-06 16:18:00,-0.40412455452485574
2019-11-06 16:21:00,-0.3446815059493247
2019-11-06 16:24:00,-0.29905631212926664
2019-11-06 16:27:00,-0.29154004676240675
2019-11-06 16:30:00,-0.2517438850593976
2019-11-06 16:33:00,-0.3034127989693616
2019-11-06 16:36:00,-0.31669953314730037
2019-11-06 16:39:00,-0.31272251049216493
2019-11-06 16:42:00,-0.3306622886323112
2019-11-06 16:45:00,-0.24521890892793863
2019-11-06 16:48:00,-0.23123512369392074
2019-11-06 16:51:00,-0.269702585428206
2019-11-06 16:54:00,-0.3111979397359619
2019-11-06 16:57:00,-0.2656946377007898
2019-11-06 17:00:00,-0.2181127486437049
2019-11-06 17:03:00,-0.21681273886656527
2019-11-06 17:06:00,-0.18979493538432735
2019-11-06 17:09:00,-0.20395192596760126
2019-11-06 17:12:00,-0.27406277830220915
2019-11-06 17:15:00,-0.1989452006978354
2019-11-06 17:18:00,-0.26420782594681214
2019-11-06 17:21:00,-0.14372343450781955
2019-11-06 17:24:00,-0.2356183115815611
2019-11-06 17:27:00,-0.06021589609434841
2019-11-06 17:30:00,-0.14075810205935113
2019-11-06 17:33:00,-0.20513908582444174
2019-11-06 17:36:00,-0.16883780047658092
2019-11-06 17:39:00,-0.10193365115696906
2019-11-06 17:42:00,-0.20519796374492216
2019-11-06 17:45:00,-0.15500649871199812
2019-11-06 17:48:00,-0.1047345174572456
2019-11-06 17:51:00,-0.2099152462528764
2019-11-06 17:54:00,-0.07113488901376286
2019-11-06 17:57:00,-0.10506802751467603
2019-11-06 18:00:00,-0.09896713579951211
2019-11-06 18:03:00,-0.19802537278036425
2019-11-06 18:06:00,-0.022085090080167902
2019-11-06 18:09:00,-0.16163539544805872
2019-11-06 18:12:00,-0.1503212009419599
2019-11-06 18:15:00,-0.1476275173815793
2019-11-06 18:18:00,-0.13382186228210458
2019-11-06 18:21:00,-0.0803412673949424
2019-11-06 18:24:00,-0.1286370971219526
2019-11-06 18:27:00,-0.18036760782945294
2019-11-06 18:30:00,-0.05712636122927961
2019-11-06 18:33:00,-0.16010646686697783
2019-11-06 18:36:00,-0.08250214982234638
2019-11-06 18:39:00,-0.17650553208920883
2019-11-06 18:42:00,-0.09223109401261809
2019-11-06 18:45:00,-0.11236566107851331
2019-11-06 18:48:00,-0.0235642191848342
2019-11-06 18:51:00,-0.11445601293695518
2019-11-06 18:54:00,
2019-11-06 18:57:00,
2019-11-06 19:00:00,
2019-11-06 19:03:00,-0.1695292824873036
2019-11-06 19:06:00,-0.03273028726022176
2019-11-06 19:09:00,-0.17350425472824327
2019-11-06 19:12:00,-0.08635927376116115
2019-11-06 19:15:00,-0.09197344575426314
2019-11-06 19:18:00,-0.03146598037642434
2019-11-06 19:21:00,-0.13397332341287438
2019-11-06 19:24:00,-0.1000529547202973
2019-11-06 19:27:00,-0.05849583512673462
2019-11-06 19:30:00,-0.10597203298385693
2019-11-06 19:33:00,0.002854439266002373
2019-11-06 19:36:00,-0.009452600265262845
2019-11-06 19:39:00,-0.06947473436014207
2019-11-06 19:42:00,-0.025393904936890976
2019-11-06 19:45:00,0.028923906834847912
2019-11-06 19:48:00,-0.026313849798157207
2019-11-06 19:51:00,0.026436109061933166
2019-11-06 19:54:00,0.11040390220313157
2019-11-06 19:57:00,0.033332640461424035
2019-11-06 20:00:00,0.05924263477174918
2019-11-06 20:03:00,0.13756560356750924
2019-11-06 20:06:00,0.06725601845579376
2019-11-06 20:09:00,0.11922484058288774
2019-11-06 20:12:00,0.06746001848057404
2019-11-06 20:15:00,0.08863676683523636
2019-11-06 20:18:00,0.10019699207265376
2019-11-06 20:21:00,0.14500569144115616
2019-11-06 20:24:00,0.02679388738658872
2019-11-06 20:27:00,0.022412864998386794
2019-11-06 20:30:00,-0.048251434279507066
2019-11-06 20:33:00,0.1344115206302945
2019-11-06 20:36:00,0.13214436583825773
2019-11-06 20:39:00,0.035283737253735126
2019-11-06 20:42:00,0.12410226710045436
2019-11-06 20:45:00,0.1142404541018891
2019-11-06 20:48:00,0.11538311631568376
2019-11-06 20:51:00,0.00959267795718688
2019-11-06 20:54:00,0.05795505198864248
2019-11-06 20:57:00,0.1394824060930091
2019-11-06 21:00:00,0.1617996255615708
2019-11-06 21:03:00,0.107804114134467
2019-11-06 21:06:00,0.08061165114821733
2019-11-06 21:09:00,0.15339067303153797
2019-11-06 21:12:00,0.15519920508188534
2019-11-06 21:15:00,0.10168217685094305
2019-11-06 21:18:00,0.029793208266937654
2019-11-06 21:21:00,0.1498452634804721
2019-11-06 21:24:00,0.07110937329144917
2019-11-06 21:27:00,0.08141420655243792
2019-11-06 21:30:00,0.14043930870349186
2019-11-06 21:33:00,0.1598874957437033
2019-11-06 21:36:00,0.19941453992100833
2019-11-06 21:39:00,0.1529499127157692
2019-11-06 21:42:00,0.0739825897471178
2019-11-06 21:45:00,0.11671754642071619
2019-11-06 21:48:00,0.13277302054990514
2019-11-06 21:51:00,0.20378041878882414
2019-11-06 21:54:00,0.04706525695820574
2019-11-06 21:57:00,0.07396187011056554
2019-11-06 22:00:00,0.09943082123737668
2019-11-06 22:03:00,0.013664977867108519
2019-11-06 22:06:00,0.058408788277915846
2019-11-06 22:09:00,0.05703062931382874
2019-11-06 22:12:00,0.0829726290750159
2019-11-06 22:15:00,0.1378340750778193
2019-11-06 22:18:00,0.08342583280023064
2019-11-06 22:21:00,0.0879725257030941
2019-11-06 22:24:00,0.07539200504271548
2019-11-06 22:27:00,0.007486558225991757
2019-11-06 22:30:00,0.1167489482277233
2019-11-06 22:33:00,0.11931549143554321
2019-11-06 22:36:00,0.04898778530309755
2019-11-06 22:39:00,0.03278885016163713
2019-11-06 22:42:00,0.09285412470489973
2019-11-06 22:45:00,0.12992744882603802
2019-11-06 22:48:00,-0.03711937603145543
2019-11-06 22:51:00,0.0805136004392466
2019-11-06 22:54:00,0.12523782581234855
2019-11-06 22:57:00,0.06804335253815452
2019-11-06 23:00:00,0.12931457572085492
2019-11-06 23:03:00,0.1294869393069007
2019-11-06 23:06:00,0.06503056599990487
2019-11-06 23:09:00,0.13806790375650735
2019-11-06 23:12:00,0.11343934236180075
2019-11-06 23:15:00,0.062105779826652
2019-11-06 23:18:00,0.12657558932511392
2019-11-06 23:21:00,0.13730311724555122
2019-11-06 23:24:00,0.17067629463076628
2019-11-06 23:27:00,0.1681879546338223
2019-11-06 23:30:00,0.1917896024959873
2019-11-06 23:33:00,0.16561256485590548
2019-11-06 23:36:00,0.11928971457922444
2019-11-06 23:39:00,0.20354508216860268
2019-11-06 23:42:00,0.17875947725946162
2019-11-06 23:45:00,0.06519028171999253
2019-11-06 23:48:00,0.14475935307262944
2019-11-06 23:51:00,0.18607865270433877
2019-11-06 23:54:00,0.1863523325698111
2019-11-06 23:57:00,0.08629346949140881
2019-11-07 00:00:00,0.11108278061590227
2019-11-07 00:03:00,0.17631451466763792
2019-11-07 00:06:00,0.16581491069024423
2019-11-07 00:09:00,0.18429242683066605
2019-11-07 00:12:00,0.20767542158512242
2019-11-07 00:15:00,0.22738121260874777
2019-11-07 00:18:00,0.19805655951449808
2019-11-07 00:21:00,0.13882132605772313
2019-11-07 00:24:00,0.3520889545924888
2019-11-07 00:27:00,0.2355481350346622
2019-11-07 00:30:00,0.2561460797177233
2019-11-07 00:33:00,0.2443748932742551
2019-11-07 00:36:00,0.19407015022011365
2019-11-07 00:39:00,0.2354405495013907
2019-11-07 00:42:00,0.23236883526527663
2019-11-07 00:45:00,0.32667063787363304
2019-11-07 00:48:00,0.2585979564138938
2019-11-07 00:51:00,0.3179148725999994
2019-11-07 00:54:00,0.3072677052086874
2019-11-07 00:57:00,0.24723936205782593
2019-11-07 01:00:00,0.3088399289672452
2019-11-07 01:03:00,0.19690444799289253
2019-11-07 01:06:00,0.2521527072531171
2019-11-07 01:09:00,0.16573390870661342
2019-11-07 01:12:00,0.22943393505232734
2019-11-07 01:15:00,0.2471598303218343
2019-11-07 01:18:00,0.32795643431774124
2019-11-07 01:21:00,0.1971461016010494
2019-11-07 01:24:00,0.20593348076312168
2019-11-07 01:27:00,0.08790696120075836
2019-11-07 01:30:00,0.282826843693897
2019-11-07 01:33:00,0.3227094812599489
2019-11-07 01:36:00,0.21588705130767494
2019-11-07 01:39:00,0.32776770301740044
2019-11-07 01:42:00,0.2174535815927925
2019-11-07 01:45:00,0.2804810066286336
2019-11-07 01:48:00,0.2953778145866295
2019-11-07 01:51:00,0.2703433887095912
2019-11-07 01:54:00,0.2962237786386481
2019-11-07 01:57:00,0.2714064068426296
2019-11-07 02:00:00,0.2040005090110526
2019-11-07 02:03:00,0.30544134256615507
2019-11-07 02:06:00,0.2644074829747751
2019-11-07 02:09:00,0.28938030412297167
2019-11-07 02:12:00,0.3311604757699911
2019-11-07 02:15:00,0.30398672887338307
2019-11-07 02:18:00,0.2736088025054073
2019-11-07 02:21:00,0.3203393974249593
2019-11-07 02:24:00,0.37763054512134886
2019-11-07 02:27:00,0.30709071752824
2019-11-07 02:30:00,0.4063572181501627
2019-11-07 02:33:00,0.38015910987041934
2019-11-07 02:36:00,0.40428015932167227
2019-11-07 02:39:00,0.3788934120171348
2019-11-07 02:42:00,0.3577360019393723
2019-11-07 02:45:00,0.3182934338939276
2019-11-07 02:48:00,0.3239240447509246
2019-11-07 02:51:00,0.2990730239846471
2019-11-07 02:54:00,0.2562846577086475
2019-11-07 02:57:00,0.2589867605930749
2019-11-07 03:00:00,0.3070121757490938
2019-11-07 03:03:00,0.3674526896101611
2019-11-07 03:06:00,0.2492826559474679
2019-11-07 03:09:00,0.3088880099980429
2019-11-07 03:12:00,0.15852677018915529
2019-11-07 03:15:00,0.27540927008624294
2019-11-07 03:18:00,0.2683131287932383
2019-11-07 03:21:00,0.3083544833335736
2019-11-07 03:24:00,0.30502435476182654
2019-11-07 03:27:00,0.26334991804674246
2019-11-07 03:30:00,0.17320674196412256
2019-11-07 03:33:00,0.3692111906148625
2019-11-07 03:36:00,0.34107930088799776
2019-11-07 03:39:00,0.3601642685504203
2019-11-07 03:42:00,0.27189467738872963
2019-11-07 03:45:00,0.3374709858927645
2019-11-07 03:48:00,0.22224252393004917
2019-11-07 03:51:00,0.2981294788508535
2019-11-07 03:54:00,0.3281922733727356
2019-11-07 03:57:00,0.3106312571159151
2019-11-07 04:00:00,0.33667770379457806
2019-11-07 04:03:00,0.3853751910542087
2019-11-07 04:06:00,0.3279293536273258
2019-11-07 04:09:00,0.3359781554799497
2019-11-07 04:12:00,0.3063799302179291
2019-11-07 04:15:00,0.3575591137744141
2019-11-07 04:18:00,0.3313574528671097
2019-11-07 04:21:00,0.30863431307312794
2019-11-07 04:24:00,0.2832611611410698
2019-11-07 04:27:00,0.28792397951775683
2019-11-07 04:30:00,0.2563969096162282
2019-11-07 04:33:00,0.2994670647973976
2019-11-07 04:36:00,0.2825249795210425
2019-11-07 04:39:00,0.3237719926761997
2019-11-07 04:42:00,0.22997631383117323
2019-11-07 04:45:00,0.2576291715465686
2019-11-07 04:48:00,0.30071332954673835
2019-11-07 04:51:00,0.30111430924915794
2019-11-07 04:54:00,0.33397301421695147
2019-11-07 04:57:00,0.19989608516846147
2019-11-07 05:00:00,0.25550768554211345
2019-11-07 05:03:00,0.2561569146693614
2019-11-07 05:06:00,0.31294784863541736
2019-11-07 05:09:00,0.40445558183381536
2019-11-07 05:12:00,0.31789081989450096
2019-11-07 05:15:00,0.31571452985963333
2019-11-07 05:18:00,0.2940968936524655
2019-11-07 05:21:00,0.30682260068920186
2019-11-07 05:24:00,0.28421465674188084
2019-11-07 05:27:00,0.30314669054979504
2019-11-07 05:30:00,0.3391487768142838
2019-11-07 05:33:00,0.34804996354188233
2019-11-07 05:36:00,0.3545374260004337
2019-11-07 05:39:00,0.18820454346825954
2019-11-07 05:42:00,0.2998095602579838
2019-11-07 05:45:00,0.3948452330510577
2019-11-07 05:48:00,0.21063937410144717
2019-11-07 05:51:00,0.31545797932750475
2019-11-07 05:54:00,0.19599926720241
2019-11-07 05:57:00,0.250055078582875
2019-11-07 06:00:00,0.2815836002029073
2019-11-07 06:03:00,0.28195203244462164
2019-11-07 06:06:00,0.22355046631065534
2019-11-07 06:09:00,0.24673419834397237
2019-11-07 06:12:00,0.32455322759290084
2019-11-07 06:15:00,0.34791632491561586
2019-11-07 06:18:00,0.262733338832561
2019-11-07 06:21:00,0.37326216887345254
2019-11-07 06:24:00,0.3270126925219188
2019-11-07 06:27:00,0.22716026285405633
2019-11-07 06:30:00,0.31369713553164047
2019-11-07 06:33:00,0.3508293810803025
2019-11-07 06:36:00,0.36115032652946866
2019-11-07 06:39:00,0.22666311044969234
2019-11-07 06:42:00,0.1809285501475415
2019-11-07 06:45:00,0.24117693284910047
2019-11-07 06:48:00,0.3145018323123736
2019-11-07 06:51:00,0.24725755350647205
2019-11-07 06:54:00,0.3459627129387286
2019-11-07 06:57:00,0.2529896957183837
2019-11-07 07:00:00,0.3228206912644964
2019-11-07 07:03:00,0.2761186737218395
2019-11-07 07:06:00,0.27509297979946723
2019-11-07 07:09:00,0.31470723651534627
2019-11-07 07:12:00,0.31727502966651855
2019-11-07 07:15:00,0.34379200234138807
2019-11-07 07:18:00,0.3131510162696145
2019-11-07 07:21:00,0.30187156441053276
2019-11-07 07:24:00,0.3648804687027791
2019-11-07 07:27:00,0.3424569445805332
2019-11-07 07:30:00,0.2759322078891273
2019-11-07 07:33:00,0.37975453718831886
2019-11-07 07:36:00,0.3553452008462159
2019-11-07 07:39:00,0.39417442457710195
2019-11-07 07:42:00,0.40516034581611393
2019-11-07 07:45:00,0.4293489752150208
2019-11-07 07:48:00,0.37897263213727683
2019-11-07 07:51:00,0.36016443320346525
2019-11-07 07:54:00,0.31644112758334586
2019-11-07 07:57:00,0.35057251276094803
2019-11-07 08:00:00,0.4267044037275127
2019-11-07 08:03:00,0.3486232424521063
2019-11-07 08:06:00,0.33910167547441006
2019-11-07 08:09:00,0.3828544202182229
2019-11-07 08:12:00,0.3949188178005443
2019-11-07 08:15:00,0.27455146862712354
2019-11-07 08:18:00,0.3670996202602055
2019-11-07 08:21:00,0.330288426118841
2019-11-07 08:24:00,0.34601775910761035
2019-11-07 08:27:00,0.3172662483216868
2019-11-07 08:30:00,0.30827988445429355
2019-11-07 08:33:00,0.36952285869483603
2019-11-07 08:36:00,0.334780915995168
2019-11-07 08:39:00,0.4129031362783735
2019-11-07 08:42:00,0.24243851438490083
2019-11-07 08:45:00,0.3504540864930732
2019-11-07 08:48:00,0.35029517855895165
2019-11-07 08:51:00,0.32805795578474317
2019-11-07 08:54:00,0.29256579074080946
2019-11-07 08:57:00,0.3734160629444432
2019-11-07 09:00:00,0.31540697516578575
2019-11-07 09:03:00,0.29927428481528295
2019-11-07 09:06:00,0.22598717337052676
2019-11-07 09:09:00,0.27586717567913865
2019-11-07 09:12:00,0.24210416874484508
2019-11-07 09:15:00,0.23186082738044433
2019-11-07 09:18:00,0.27260150611959943
2019-11-07 09:21:00,0.24863514007859067
2019-11-07 09:24:00,0.1547032112407578
2019-11-07 09:27:00,0.12730941529457596
2019-11-07 09:30:00,0.17110116884623494
2019-11-07 09:33:00,0.25055001041801006
2019-11-07 09:36:00,0.16575839242614165
2019-11-07 09:39:00,0.1736232036350316
2019-11-07 09:42:00,0.07861933051054848
2019-11-07 09:45:00,0.14212566775330515
2019-11-07 09:48:00,0.18220772611363145
2019-11-07 09:51:00,0.03196562603750408
2019-11-07 09:54:00,0.13269874091577094
2019-11-07 09:57:00,0.1435287215647918
2019-11-07 10:00:00,0.05448320326678413
2019-11-07 10:03:00,0.06971036024680188
2019-11-07 10:06:00,0.0909432762160236
2019-11-07 10:09:00,0.12660815800182945
2019-11-07 10:12:00,0.1660437363172491
2019-11-07 10:15:00,0.09575350025215812
2019-11-07 10:18:00,0.21392304304720255
2019-11-07 10:21:00,0.06958369580149792
2019-11-07 10:24:00,0.06895098130775068
2019-11-07 10:27:00,0.10113172274714088
2019-11-07 10:30:00,0.021327089730903026
2019-11-07 10:33:00,0.019505309966746154
2019-11-07 10:36:00,0.09154260838738537
2019-11-07 10:39:00,-0.017700732197681646
2019-11-07 10:42:00,-0.059968313680599294
2019-11-07 10:45:00,0.05479878278970318
2019-11-07 10:48:00,-0.04566619291477991
2019-11-07 10:51:00,0.036959035350378144
2019-11-07 10:54:00,-0.06873348084434383
2019-11-07 10:57:00,0.10166636510126636
2019-11-07 11:00:00,0.0398989423510443
2019-11-07 11:03:00,-0.021988163167350194
2019-11-07 11:06:00,-0.15300612085502507
2019-11-07 11:09:00,-0.15981703365633848
2019-11-07 11:12:00,-0.1527571483244401
2019-11-07 11:15:00,-0.14923553264560496
2019-11-07 11:18:00,-0.060610998331469546
2019-11-07 11:21:00,-0.14869804064602477
2019-11-07 11:24:00,-0.049644343978002325
2019-11-07 11:27:00,-0.08945755355608753
2019-11-07 11:30:00,-0.1794076356392793
2019-11-07 11:33:00,-0.11849337527064563
2019-11-07 11:36:00,-0.1646967383716742
2019-11-07 11:39:00,-0.1885092205869796
2019-11-07 11:42:00,-0.25410500478488984
2019-11-07 11:45:00,-0.14540311847969178
2019-11-07 11:48:00,-0.16205345877250465
2019-11-07 11:51:00,-0.17651823284819557
2019-11-07 11:54:00,-0.18138964938793833
2019-11-07 11:57:00,-0.31643813537448295
2019-11-07 12:00:00,-0.2177017558722696
2019-11-07 12:03:00,-0.2508588301083705
2019-11-07 12:06:00,-0.24251018595873575
2019-11-07 12:09:00,-0.31525371882406716
2019-11-07 12:12:00,-0.18686559702365457
2019-11-07 12:15:00,-0.13730128711455336
2019-11-07 12:18:00,-0.25213130012491547
2019-11-07 12:21:00,-0.17419269949016325
2019-11-07 12:24:00,-0.25943801911495257
2019-11-07 12:27:00,-0.26744450798582875
2019-11-07 12:30:00,-0.30924681873460713
2019-11-07 12:33:00,-0.3049869652023176
2019-11-07 12:36:00,-0.3353786545299613
2019-11-07 12:39:00,-0.405730143616438
2019-11-07 12:42:00,-0.4103201621695689
2019-11-07 12:45:00,-0.40084729254783724
2019-11-07 12:48:00,-0.46174454002755283
2019-11-07 12:51:00,-0.2701513349178981
2019-11-07 12:54:00,-0.3985110337481501
2019-11-07 12:57:00,-0.44630038550161544
2019-11-07 13:00:00,-0.41082166299923983
2019-11-07 13:03:00,-0.3472101853699314
2019-11-07 13:06:00,-0.3617107730249245
2019-11-07 13:09:00,-0.2977923844781003
2019-11-07 13:12:00,-0.506419766660315
2019-11-07 13:15:00,-0.4109498095050981
2019-11-07 13:18:00,-0.4273862283128551
2019-11-07 13:21:00,-0.34295734776378595
2019-11-07 13:24:00,-0.5009260650792839
2019-11-07 13:27:00,-0.3528291938823145
2019-11-07 13:30:00,-0.40328280656160587
2019-11-07 13:33:00,-0.29751598792717004
2019-11-07 13:36:00,-0.4592575143648787
2019-11-07 13:39:00,-0.3659580147742645
2019-11-07 13:42:00,-0.40967406376108784
2019-11-07 13:45:00,-0.41087669800964477
2019-11-07 13:48:00,-0.2778781860296249
2019-11-07 13:51:00,-0.4059399999682114
2019-11-07 13:54:00,-0.4161682047580939
2019-11-07 13:57:00,-0.2608182832256034
2019-11-07 14:00:00,-0.3009446201117498
2019-11-07 14:03:00,-0.20291970202708853
2019-11-07 14:06:00,-0.3043091178200825
2019-11-07 14:09:00,-0.20337235378787
2019-11-07 14:12:00,-0.2103745016661378
2019-11-07 14:15:00,-0.10535664130458144
2019-11-07 14:18:00,-0.17981366769117813
2019-11-07 14:21:00,-0.2673966141013011
2019-11-07 14:24:00,-0.323171292180632
2019-11-07 14:27:00,-0.21998849454092806
2019-11-07 14:30:00,-0.23329794427718298
2019-11-07 14:33:00,-0.3035675371228308
2019-11-07 14:36:00,-0.39715703285833115
2019-11-07 14:39:00,-0.4265174741601072
2019-11-07 14:42:00,-0.45107793304794086
2019-11-07 14:45:00,-0.4527317222144802
2019-11-07 14:48:00,-0.45902663242640074
2019-11-07 14:51:00,-0.5129493856932186
2019-11-07 14:54:00,-0.37023532476126775
2019-11-07 14:57:00,-0.4358077910747511
2019-11-07 15:00:00,-0.3924163883704068
2019-11-07 15:03:00,-0.27217818383746817
2019-11-07 15:06:00,-0.3996393963316791
2019-11-07 15:09:00,-0.35461539148599286
2019-11-07 15:12:00,-0.3718065062434448
2019-11-07 15:15:00,-0.3875812934851979
2019-11-07 15:18:00,-0.2717777071371188
2019-11-07 15:21:00,-0.39621018013599496
2019-11-07 15:24:00,-0.27769667153819455
2019-11-07 15:27:00,-0.22534039616425616
2019-11-07 15:30:00,-0.2681151005337483
2019-11-07 15:33:00,-0.3461391354475154
2019-11-07 15:36:00,-0.3361239829227429
2019-11-07 15:39:00,-0.3403389734687039
2019-11-07 15:42:00,-0.2952008884102497
2019-11-07 15:45:00,-0.25933092333877994
2019-11-07 15:48:00,-0.2164789403083205
2019-11-07 15:51:00,-0.1911845326876005
2019-11-07 15:54:00,-0.27370069674549313
2019-11-07 15:57:00,-0.15068522238016158
2019-11-07 16:00:00,-0.1600185785422923
2019-11-07 16:03:00,-0.23612612212650674
2019-11-07 16:06:00,-0.13346007826316963
2019-11-07 16:09:00,-0.29354125520461594
2019-11-07 16:12:00,-0.26469168814679733
2019-11-07 16:15:00,-0.22662986070986335
2019-11-07 16:18:00,-0.23727930040502088
2019-11-07 16:21:00,-0.2533863581632545
2019-11-07 16:24:00,-0.16797574799562653
2019-11-07 16:27:00,-0.2413488498964398
2019-11-07 16:30:00,-0.24778413852095582
2019-11-07 16:33:00,-0.2326374607195021
2019-11-07 16:36:00,-0.1844870861230561
2019-11-07 16:39:00,-0.20890536919182523
2019-11-07 16:42:00,-0.24101740929410198
2019-11-07 16:45:00,-0.16495462963951013
2019-11-07 16:48:00,-0.13565519704161488
2019-11-07 16:51:00,-0.19774410066418113
2019-11-07 16:54:00,-0.14512180985644818
2019-11-07 16:57:00,-0.11232412342695852
2019-11-07 17:00:00,-0.15410786479219496
2019-11-07 17:03:00,-0.016352911898081857
2019-11-07 17:06:00,-0.08330403593606661
2019-11-07 17:09:00,-0.12213783921856702
2019-11-07 17:12:00,-0.10865905547586863
2019-11-07 17:15:00,-0.20771251226852883
2019-11-07 17:18:00,-0.021238783406090533
2019-11-07 17:21:00,-0.09860914097203022
2019-11-07 17:24:00,0.012711972307556607
2019-11-07 17:27:00,-0.0899544005517896
2019-11-07 17:30:00,0.08161040932776586
2019-11-07 17:33:00,-0.026940712919042653
2019-11-07 17:36:00,-0.06902584858647742
2019-11-07 17:39:00,0.05932614355123178
2019-11-07 17:42:00,-0.01479286903997945
2019-11-07 17:45:00,0.027799920712311632
2019-11-07 17:48:00,-0.015954266587414168
2019-11-07 17:51:00,0.04419814764145258
2019-11-07 17:54:00,-0.036268801858625466
2019-11-07 17:57:00,0.11877523125963307
2019-11-07 18:00:00,0.12452434022588932
2019-11-07 18:03:00,0.08047403751868387
2019-11-07 18:06:00,0.0914719811353848
2019-11-07 18:09:00,-0.019690185310992092
2019-11-07 18:12:00,0.11523265931157312
2019-11-07 18:15:00,0.1253784912691458
2019-11-07 18:18:00,0.16040220481005463
2019-11-07 18:21:00,0.13629659353523493
2019-11-07 18:24:00,0.12414938211219351
2019-11-07 18:27:00,0.10113675158612523
2019-11-07 18:30:00,0.09726627944030497
2019-11-07 18:33:00,0.085578566139759
2019-11-07 18:36:00,0.13809557407012107
2019-11-07 18:39:00,0.20642945602787677
2019-11-07 18:42:00,0.08684080688630047
2019-11-07 18:45:00,0.14543674194845835
2019-11-07 18:48:00,0.07916042975307391
2019-11-07 18:51:00,0.11869907832510762
2019-11-07 18:54:00,0.09601480877506674
2019-11-07 18:57:00,
2019-11-07 19:00:00,
2019-11-07 19:03:00,0.1660806861153219
2019-11-07 19:06:00,0.07708476757750304
2019-11-07 19:09:00,0.074968167940483
2019-11-07 19:12:00,0.06173733110762214
2019-11-07 19:15:00,0.03314188974258059
2019-11-07 19:18:00,0.13337794881471154
2019-11-07 19:21:00,0.11924566631927291
2019-11-07 19:24:00,0.1340134477650281
2019-11-07 19:27:00,0.07243122210195452
2019-11-07 19:30:00,0.13607501221190432
2019-11-07 19:33:00,0.15534386884280593
2019-11-07 19:36:00,0.06628187415753928
2019-11-07 19:39:00,0.047128181481525644
2019-11-07 19:42:00,0.0950516206478369
2019-11-07 19:45:00,0.10548353546897715
2019-11-07 19:48:00,-0.02299291831610617
2019-11-07 19:51:00,0.15717749023895067
2019-11-07 19:54:00,0.1170398636965615
2019-11-07 19:57:00,-0.026608614551037135
2019-11-07 20:00:00,0.09954786630248691
2019-11-07 20:03:00,0.0723418452110991
2019-11-07 20:06:00,0.10283309857857148
2019-11-07 20:09:00,0.08668737732728005
2019-11-07 20:12:00,0.15557583180333268
2019-11-07 20:15:00,0.10545711617169218
2019-11-07 20:18:00,0.09674888669428583
2019-11-07 20:21:00,0.11067021614400119
2019-11-07 20:24:00,0.08147841787098287
2019-11-07 20:27:00,0.10450563450223171
2019-11-07 20:30:00,0.1471522763903863
2019-11-07 20:33:00,0.10603498970669989
2019-11-07 20:36:00,0.07026174485730508
2019-11-07 20:39:00,0.13551427370464353
2019-11-07 20:42:00,0.1078653859645442
2019-11-07 20:45:00,0.0272253071934756
2019-11-07 20:48:00,0.057552214928875856
2019-11-07 20:51:00,0.0855672510561476
2019-11-07 20:54:00,0.11438814061460789
2019-11-07 20:57:00,0.14101116964621951
2019-11-07 21:00:00,0.17729978449176542
2019-11-07 21:03:00,0.07659953180547063
2019-11-07 21:06:00,-0.04064030202323465
2019-11-07 21:09:00,0.10001255005096255
2019-11-07 21:12:00,0.15256435533655122
2019-11-07 21:15:00,0.050460589741760487
2019-11-07 21:18:00,0.009956341134397917
2019-11-07 21:21:00,-0.09140121220252695
2019-11-07 21:24:00,0.10609206598701348
2019-11-07 21:27:00,0.04278713006266344
2019-11-07 21:30:00,0.09179537999983722
2019-11-07 21:33:00,0.12869814425442883
2019-11-07 21:36:00,0.15532556400512476
2019-11-07 21:39:00,0.1312680283895702
2019-11-07 21:42:00,0.1202857586566779
2019-11-07 21:45:00,0.22599023910657934
2019-11-07 21:48:00,0.19194020191662275
2019-11-07 21:51:00,0.21304578333450763
2019-11-07 21:54:00,0.18884057878273097
2019-11-07 21:57:00,0.25361419241670546
2019-11-07 22:00:00,0.20463458549590996
2019-11-07 22:03:00,0.15167636013791252
2019-11-07 22:06:00,0.15687503938693226
2019-11-07 22:09:00,0.14980623318632524
2019-11-07 22:12:00,0.19864615836758048
2019-11-07 22:15:00,0.1734378287131335
2019-11-07 22:18:00,0.22790835220689587
2019-11-07 22:21:00,0.20437414510007557
2019-11-07 22:24:00,0.2686069700084204
2019-11-07 22:27:00,0.27746701920546
2019-11-07 22:30:00,0.22388322896193813
2019-11-07 22:33:00,0.16123269789460437
2019-11-07 22:36:00,0.20465784613924143
2019-11-07 22:39:00,0.14524809813565298
2019-11-07 22:42:00,0.18755239832120196
2019-11-07 22:45:00,0.09854768459138086
2019-11-07 22:48:00,0.16134065841532674
2019-11-07 22:51:00,0.1420942665543521
2019-11-07 22:54:00,0.2500203737678248
2019-11-07 22:57:00,0.12123801694201575
2019-11-07 23:00:00,0.23670598304715895
2019-11-07 23:03:00,0.10577230145185013
2019-11-07 23:06:00,0.15583474896584448
2019-11-07 23:09:00,0.13090183117924425
2019-11-07 23:12:00,0.2260227727142592
2019-11-07 23:15:00,0.14573992804918134
2019-11-07 23:18:00,0.14245514168129603
2019-11-07 23:21:00,0.1058124830967131
2019-11-07 23:24:00,0.1840605540079423
2019-11-07 23:27:00,0.1856199513359229
2019-11-07 23:30:00,0.1984113427542411
2019-11-07 23:33:00,0.22542954389939496
2019-11-07 23:36:00,0.18293769861327291
2019-11-07 23:39:00,0.1922223230183704
2019-11-07 23:42:00,0.1190937257459268
2019-11-07 23:45:00,0.13936977195766076
2019-11-07 23:48:00,0.17968884023025566
2019-11-07 23:51:00,0.07889792845486454
2019-11-07 23:54:00,0.28277311883795164
2019-11-07 23:57:00,0.18533858255779023
2019-11-08 00:00:00,0.15105667145309098
2019-11-08 00:03:00,0.23954537526077502
2019-11-08 00:06:00,0.2104131434485339
2019-11-08 00:09:00,0.14410944660653513
2019-11-08 00:12:00,0.1961617034278902
2019-11-08 00:15:00,0.23774396344458637
2019-11-08 00:18:00,0.25141343347581824
2019-11-08 00:21:00,0.15757772282961469
2019-11-08 00:24:00,0.24060927366031137
2019-11-08 00:27:00,0.1979752558185055
2019-11-08 00:30:00,0.20530086832633287
2019-11-08 00:33:00,0.09200075247133555
2019-11-08 00:36:00,0.15459790971061693
2019-11-08 00:39:00,0.07467315556067433
2019-11-08 00:42:00,0.15293837004406896
2019-11-08 00:45:00,0.14502647032975347
2019-11-08 00:48:00,0.1651675680134872
2019-11-08 00:51:00,0.255996959012748
2019-11-08 00:54:00,0.22248768103361272
2019-11-08 00:57:00,0.1918764174964167
2019-11-08 01:00:00,0.2837667930911607
2019-11-08 01:03:00,0.2509023406838651
2019-11-08 01:06:00,0.25659198929480453
2019-11-08 01:09:00,0.2522826898374433
2019-11-08 01:12:00,0.27565326942141155
2019-11-08 01:15:00,0.18776845184135027
2019-11-08 01:18:00,0.22611348152082655
2019-11-08 01:21:00,0.18870792456897334
2019-11-08 01:24:00,0.297555773218221
2019-11-08 01:27:00,0.1002561016597383
2019-11-08 01:30:00,0.18561994496155876
2019-11-08 01:33:00,0.22759681813334964
2019-11-08 01:36:00,0.23944896372711355
2019-11-08 01:39:00,0.09692299455281272
2019-11-08 01:42:00,0.1891645350067961
2019-11-08 01:45:00,0.14282169830198654
2019-11-08 01:48:00,0.2557271663384313
2019-11-08 01:51:00,0.1303875828660921
2019-11-08 01:54:00,0.19550179819589175
2019-11-08 01:57:00,0.27509469160452227
2019-11-08 02:00:00,0.12773934961069244
2019-11-08 02:03:00,0.17438286544955872
2019-11-08 02:06:00,0.28598485190940437
2019-11-08 02:09:00,0.1108013233362044
2019-11-08 02:12:00,0.15621552936300986
2019-11-08 02:15:00,0.2163884334291879
2019-11-08 02:18:00,0.23804525367978613
2019-11-08 02:21:00,0.17028362092850102
2019-11-08 02:24:00,0.11107416540369286
2019-11-08 02:27:00,0.26054662860639155
2019-11-08 02:30:00,0.2267762448857411
2019-11-08 02:33:00,0.21599127605168178
2019-11-08 02:36:00,0.262356323209076
2019-11-08 02:39:00,0.21988856786651922
2019-11-08 02:42:00,0.21566572500830716
2019-11-08 02:45:00,0.339708033296688
2019-11-08 02:48:00,0.26564376620621033
2019-11-08 02:51:00,0.3131983622568555
2019-11-08 02:54:00,0.2820517221074965
2019-11-08 02:57:00,0.36452213313970105
2019-11-08 03:00:00,0.2376456010716197
2019-11-08 03:03:00,0.21886419852665995
2019-11-08 03:06:00,0.2759128189122748
2019-11-08 03:09:00,0.250230578947253
2019-11-08 03:12:00,0.18830251094362893
2019-11-08 03:15:00,0.2799550410286997
2019-11-08 03:18:00,0.19374380487653298
2019-11-08 03:21:00,0.35504454043314126
2019-11-08 03:24:00,0.34496567270201695
2019-11-08 03:27:00,0.3554066897634698
2019-11-08 03:30:00,0.3355633425845781
2019-11-08 03:33:00,0.3817495465513048
2019-11-08 03:36:00,0.4155467743595409
2019-11-08 03:39:00,0.4596152020835689
2019-11-08 03:42:00,0.33360852713656186
2019-11-08 03:45:00,0.284499006797148
2019-11-08 03:48:00,0.27094116929373513
2019-11-08 03:51:00,0.3323461031911279
2019-11-08 03:54:00,0.3800340342119739
2019-11-08 03:57:00,0.29158902971391853
2019-11-08 04:00:00,0.2540490464035656
2019-11-08 04:03:00,0.26496365547120604
2019-11-08 04:06:00,0.31825612121639324
2019-11-08 04:09:00,0.3002620362355515
2019-11-08 04:12:00,0.2605039991397007
2019-11-08 04:15:00,0.30617563560946337
2019-11-08 04:18:00,0.2459248383161139
2019-11-08 04:21:00,0.301758969392381
2019-11-08 04:24:00,0.29713069863777264
2019-11-08 04:27:00,0.30920217391303595
2019-11-08 04:30:00,0.3545947336377253
2019-11-08 04:33:00,0.3463976103202526
2019-11-08 04:36:00,0.35416701025360453
2019-11-08 04:39:00,0.2899992035119112
2019-11-08 04:42:00,0.3643423995642934
2019-11-08 04:45:00,0.40418390399298687
2019-11-08 04:48:00,0.3501830167194271
2019-11-08 04:51:00,0.3635485287894653
2019-11-08 04:54:00,0.3750191288778524
2019-11-08 04:57:00,0.44095661829737764
2019-11-08 05:00:00,0.36237954166170994
2019-11-08 05:03:00,0.3049793535085996
2019-11-08 05:06:00,0.3780456646643984
2019-11-08 05:09:00,0.3433533361410923
2019-11-08 05:12:00,0.3706691309699863
2019-11-08 05:15:00,0.338846421474841
2019-11-08 05:18:00,0.36233715588485893
2019-11-08 05:21:00,0.3072879341166299
2019-11-08 05:24:00,0.38787891864768653
2019-11-08 05:27:00,0.3834253983202416
2019-11-08 05:30:00,0.3742949249790968
2019-11-08 05:33:00,0.3206925603557238
2019-11-08 05:36:00,0.2627847395744425
2019-11-08 05:39:00,0.3085286196334778
2019-11-08 05:42:00,0.4434527824477641
2019-11-08 05:45:00,0.24968101108117935
2019-11-08 05:48:00,0.3646073279242046
2019-11-08 05:51:00,0.46062055922618583
2019-11-08 05:54:00,0.34225310725946656
2019-11-08 05:57:00,0.25672981166491127
2019-11-08 06:00:00,0.24983680519125073
2019-11-08 06:03:00,0.3468661579101422
2019-11-08 06:06:00,0.338941227011162
2019-11-08 06:09:00,0.2809764175882492
2019-11-08 06:12:00,0.3099699150928359
2019-11-08 06:15:00,0.23232886212434778
2019-11-08 06:18:00,0.33939197884245687
2019-11-08 06:21:00,0.343421685406895
2019-11-08 06:24:00,0.3094893788007198
2019-11-08 06:27:00,0.2740754654323041
2019-11-08 06:30:00,0.3461451892787295
2019-11-08 06:33:00,0.3470919007040152
2019-11-08 06:36:00,0.3723971753224191
2019-11-08 06:39:00,0.4087305999328237
2019-11-08 06:42:00,0.28085264741935134
2019-11-08 06:45:00,0.3339983883241757
2019-11-08 06:48:00,0.3618425604665845
2019-11-08 06:51:00,0.4298036719191032
2019-11-08 06:54:00,0.30698056889804093
2019-11-08 06:57:00,0.3950821287745043
2019-11-08 07:00:00,0.2559603316464063
2019-11-08 07:03:00,0.3288093887624086
2019-11-08 07:06:00,0.3801910959088559
2019-11-08 07:09:00,0.28405050123222964
2019-11-08 07:12:00,0.2949983477182627
2019-11-08 07:15:00,0.36960009300844376
2019-11-08 07:18:00,0.37994020114433624
2019-11-08 07:21:00,0.3063959430909904
2019-11-08 07:24:00,0.35261662576277786
2019-11-08 07:27:00,0.415749804877521
2019-11-08 07:30:00,0.37923786794618763
2019-11-08 07:33:00,0.3510400096411672
2019-11-08 07:36:00,0.27089694544406484
2019-11-08 07:39:00,0.3407055786765909
2019-11-08 07:42:00,0.2717916885126215
2019-11-08 07:45:00,0.2938436715893431
2019-11-08 07:48:00,0.3141008795942639
2019-11-08 07:51:00,0.40868344821228675
2019-11-08 07:54:00,0.2701361895136074
2019-11-08 07:57:00,0.2948365581846133
2019-11-08 08:00:00,0.4000951598522988
2019-11-08 08:03:00,0.24142122576250813
2019-11-08 08:06:00,0.263981047276161
2019-11-08 08:09:00,0.3243568555167826
2019-11-08 08:12:00,0.29121685468112446
2019-11-08 08:15:00,0.3031644143197809
2019-11-08 08:18:00,0.2634103987297749
2019-11-08 08:21:00,0.1841046709970442
2019-11-08 08:24:00,0.21786827021270483
2019-11-08 08:27:00,0.2519017630102667
2019-11-08 08:30:00,0.1666998664235848
2019-11-08 08:33:00,0.14122341273451866
2019-11-08 08:36:00,0.1446691747040063
2019-11-08 08:39:00,0.17930094443659073
2019-11-08 08:42:00,0.15565794355001117
2019-11-08 08:45:00,0.11773365908550204
2019-11-08 08:48:00,-0.017019386113929613
2019-11-08 08:51:00,0.05807241759458748
2019-11-08 08:54:00,0.0492750308216614
2019-11-08 08:57:00,0.067270516668259
2019-11-08 09:00:00,0.03753874259359691
2019-11-08 09:03:00,0.09681662772931077
2019-11-08 09:06:00,0.02169003000670955
2019-11-08 09:09:00,0.11338481057669014
2019-11-08 09:12:00,-0.05869984581607923
2019-11-08 09:15:00,0.15681611503941895
2019-11-08 09:18:00,0.04113496806223793
2019-11-08 09:21:00,-0.003790488831896255
2019-11-08 09:24:00,0.03541913577555533
2019-11-08 09:27:00,0.06334011336093681
2019-11-08 09:30:00,-0.09272714348981026
2019-11-08 09:33:00,-0.042676146149005945
2019-11-08 09:36:00,-0.1884635464087978
2019-11-08 09:39:00,-0.0359060157645672
2019-11-08 09:42:00,-0.06816278181577218
2019-11-08 09:45:00,-0.13276995460790886
2019-11-08 09:48:00,-0.09007855732841108
2019-11-08 09:51:00,-0.20208933686592445
2019-11-08 09:54:00,-0.1977951275549117
2019-11-08 09:57:00,-0.1260714207630258
2019-11-08 10:00:00,-0.2574864075119194
2019-11-08 10:03:00,-0.15493896737825708
2019-11-08 10:06:00,-0.10502104473960117
2019-11-08 10:09:00,-0.16620460349776067
2019-11-08 10:12:00,-0.19790467428794045
2019-11-08 10:15:00,-0.22561840723085425
2019-11-08 10:18:00,-0.2101376765367604
2019-11-08 10:21:00,-0.14456284808863984
2019-11-08 10:24:00,-0.27523931003639746
2019-11-08 10:27:00,-0.3086735437134962
2019-11-08 10:30:00,-0.17072446638002248
2019-11-08 10:33:00,-0.2558190321230427
2019-11-08 10:36:00,-0.19713259825908835
2019-11-08 10:39:00,-0.22759241095087646
2019-11-08 10:42:00,-0.37975612758231136
2019-11-08 10:45:00,-0.22171505068808983
2019-11-08 10:48:00,-0.26953319751413574
2019-11-08 10:51:00,-0.2527047024129274
2019-11-08 10:54:00,-0.17778926168318776
2019-11-08 10:57:00,-0.23491529196928695
2019-11-08 11:00:00,-0.3490900064854827
2019-11-08 11:03:00,-0.27407431222275136
2019-11-08 11:06:00,-0.13464365301507542
2019-11-08 11:09:00,-0.2057718647014326
2019-11-08 11:12:00,-0.1786275736488392
2019-11-08 11:15:00,-0.37419057047867454
2019-11-08 11:18:00,-0.3580129025202723
2019-11-08 11:21:00,-0.364221116478177
2019-11-08 11:24:00,-0.367013871624124
2019-11-08 11:27:00,-0.33320760141754135
2019-11-08 11:30:00,-0.38938417327517527
2019-11-08 11:33:00,-0.333806910798387
2019-11-08 11:36:00,-0.3984395878770215
2019-11-08 11:39:00,-0.33141835478556914
2019-11-08 11:42:00,-0.2730670723837534
2019-11-08 11:45:00,-0.29735852871539237
2019-11-08 11:48:00,-0.3309369674034315
2019-11-08 11:51:00,-0.3242837327836128
2019-11-08 11:54:00,-0.28072170918994743
2019-11-08 11:57:00,-0.2792215642404017
2019-11-08 12:00:00,-0.3339834136789932
2019-11-08 12:03:00,-0.1431677499819557
2019-11-08 12:06:00,-0.25911593753301077
2019-11-08 12:09:00,-0.24355050383115895
2019-11-08 12:12:00,-0.158740332629975
2019-11-08 12:15:00,-0.1198938041544011
2019-11-08 12:18:00,-0.08725158009281131
2019-11-08 12:21:00,-0.11066778896679352
2019-11-08 12:24:00,0.07559732265633556
2019-11-08 12:27:00,0.11785302807766129
2019-11-08 12:30:00,0.06504398245823495
2019-11-08 12:33:00,0.011615124719696723
2019-11-08 12:36:00,-0.04905656470833719
2019-11-08 12:39:00,-0.12339816014127791
2019-11-08 12:42:00,0.04333290095775055
2019-11-08 12:45:00,0.16817585211327923
2019-11-08 12:48:00,-0.13595285041617444
2019-11-08 12:51:00,-0.20718915624604506
2019-11-08 12:54:00,-0.22864487164565617
2019-11-08 12:57:00,-0.2766242902695808
2019-11-08 13:00:00,-0.2606288593420345
2019-11-08 13:03:00,-0.3093841436088951
2019-11-08 13:06:00,-0.34159308363939545
2019-11-08 13:09:00,-0.343311007895295
2019-11-08 13:12:00,-0.30289344203680457
2019-11-08 13:15:00,-0.3242662004987551
2019-11-08 13:18:00,-0.3366970409621217
2019-11-08 13:21:00,-0.41977299751039254
2019-11-08 13:24:00,-0.5017083661031165
2019-11-08 13:27:00,-0.4331920008388579
2019-11-08 13:30:00,-0.42845880643938017
2019-11-08 13:33:00,-0.45144701685870814
2019-11-08 13:36:00,-0.42028414029215355
2019-11-08 13:39:00,-0.45434988205505533
2019-11-08 13:42:00,-0.46710625475662937
2019-11-08 13:45:00,-0.44546854047843
2019-11-08 13:48:00,-0.45239434308518867
2019-11-08 13:51:00,-0.3356329183096136
2019-11-08 13:54:00,-0.4395887042754225
2019-11-08 13:57:00,-0.3622161896224725
2019-11-08 14:00:00,-0.3447594789703885
2019-11-08 14:03:00,-0.4295899781686785
2019-11-08 14:06:00,-0.4031255434148875
2019-11-08 14:09:00,-0.32701412761014126
2019-11-08 14:12:00,-0.56044796216122
2019-11-08 14:15:00,-0.4444083712575093
2019-11-08 14:18:00,-0.3873987997784525
2019-11-08 14:21:00,-0.35794049941773665
2019-11-08 14:24:00,-0.2760505009166536
2019-11-08 14:27:00,-0.3509430512108338
2019-11-08 14:30:00,-0.4547296865935664
2019-11-08 14:33:00,-0.32603129976808987
2019-11-08 14:36:00,-0.37636008867923465
2019-11-08 14:39:00,-0.297721711093061
2019-11-08 14:42:00,-0.3510095408942675
2019-11-08 14:45:00,-0.3397928899686917
2019-11-08 14:48:00,-0.3239804090720213
2019-11-08 14:51:00,-0.07071181761585876
2019-11-08 14:54:00,0.15295014854513056
2019-11-08 14:57:00,0.21820156891925535
2019-11-08 15:00:00,0.24806703855176693
2019-11-08 15:03:00,0.20773714509925867
2019-11-08 15:06:00,0.14828875645247308
2019-11-08 15:09:00,0.06308381432137367
2019-11-08 15:12:00,0.1825884488824272
2019-11-08 15:15:00,0.3273702827775651
2019-11-08 15:18:00,0.4058698068937474
2019-11-08 15:21:00,0.4508255581823164
2019-11-08 15:24:00,0.48658866194966777
2019-11-08 15:27:00,0.3983293362254585
2019-11-08 15:30:00,0.4873973751256244
2019-11-08 15:33:00,0.4796961412807832
2019-11-08 15:36:00,0.3906537118334086
2019-11-08 15:39:00,0.41997437012457794
2019-11-08 15:42:00,0.4517168504173128
2019-11-08 15:45:00,0.41194949441921835
2019-11-08 15:48:00,0.2706548546732961
2019-11-08 15:51:00,0.1574155829035817
2019-11-08 15:54:00,0.12490492435728129
2019-11-08 15:57:00,-8.90400829121063e-05
2019-11-08 16:00:00,-0.007852968537974903
2019-11-08 16:03:00,0.13641434612958392
2019-11-08 16:06:00,0.05511820274608681
2019-11-08 16:09:00,0.04830254212788532
2019-11-08 16:12:00,0.017483276549910443
2019-11-08 16:15:00,0.15463017694264636
2019-11-08 16:18:00,0.019052553083497514
2019-11-08 16:21:00,-0.061739129070076615
2019-11-08 16:24:00,-0.026177976905046307
2019-11-08 16:27:00,0.08129116616970578
2019-11-08 16:30:00,0.012356318864192417
2019-11-08 16:33:00,-0.056885924052153314
2019-11-08 16:36:00,0.021449847923861398
2019-11-08 16:39:00,0.008103897000751203
2019-11-08 16:42:00,0.044030737708169454
2019-11-08 16:45:00,-0.0377099605376543
2019-11-08 16:48:00,0.07427932103342982
2019-11-08 16:51:00,0.08094778237244782
2019-11-08 16:54:00,0.016853005564826162
2019-11-08 16:57:00,0.033801812234969475
2019-11-08 17:00:00,-0.06312644401680245
2019-11-08 17:03:00,0.09525650966980947
2019-11-08 17:06:00,-0.016660161406036877
2019-11-08 17:09:00,0.057755456458494336
2019-11-08 17:12:00,-0.009536371060733018
2019-11-08 17:15:00,0.11208545913046919
2019-11-08 17:18:00,0.19389397843144707
2019-11-08 17:21:00,0.1593732750742447
2019-11-08 17:24:00,0.12998868134985742
2019-11-08 17:27:00,0.05447076634845871
2019-11-08 17:30:00,0.15460216825664475
2019-11-08 17:33:00,0.13303003969650717
2019-11-08 17:36:00,0.10816591746265658
2019-11-08 17:39:00,-0.022862155324389732
2019-11-08 17:42:00,0.03966269523061783
2019-11-08 17:45:00,0.08914411384500909
2019-11-08 17:48:00,0.0902219875802075
2019-11-08 17:51:00,0.10221201415589576
2019-11-08 17:54:00,0.06404023546980397
2019-11-08 17:57:00,0.020145410112831996
2019-11-08 18:00:00,-0.00599496719473791
2019-11-08 18:03:00,0.06425579057253117
2019-11-08 18:06:00,5.805827572658018e-05
2019-11-08 18:09:00,0.13230056357775766
2019-11-08 18:12:00,0.08343731677859978
2019-11-08 18:15:00,0.12182081088769792
2019-11-08 18:18:00,0.0726481328790669
2019-11-08 18:21:00,0.09855753137566126
2019-11-08 18:24:00,0.004422429098326575
2019-11-08 18:27:00,0.03903161556121404
2019-11-08 18:30:00,0.06752272171667073
2019-11-08 18:33:00,0.1577975795923976
2019-11-08 18:36:00,0.13427070638999794
2019-11-08 18:39:00,0.1275080277874281
2019-11-08 18:42:00,0.09479068114484335
2019-11-08 18:45:00,-0.002606654447163237
2019-11-08 18:48:00,0.07532037696518046
2019-11-08 18:51:00,0.10477297151544462
2019-11-08 18:54:00,
2019-11-08 18:57:00,
2019-11-08 19:00:00,
2019-11-08 19:03:00,0.07178089517697117
2019-11-08 19:06:00,0.1266883009658386
2019-11-08 19:09:00,0.10728648777597982
2019-11-08 19:12:00,0.13770400965864837
2019-11-08 19:15:00,0.007622023615681428
2019-11-08 19:18:00,0.047611770424509814
2019-11-08 19:21:00,0.1116920374960273
2019-11-08 19:24:00,0.05232954789528321
2019-11-08 19:27:00,0.02913479537096464
2019-11-08 19:30:00,0.2016014042749248
2019-11-08 19:33:00,0.24636684673777154
2019-11-08 19:36:00,-0.03969617013302695
2019-11-08 19:39:00,0.15980179968016728
2019-11-08 19:42:00,0.14535799481302547
2019-11-08 19:45:00,0.22803505727745232
2019-11-08 19:48:00,0.30107495796374906
2019-11-08 19:51:00,0.14902135935807337
2019-11-08 19:54:00,0.2555034933455431
2019-11-08 19:57:00,0.1612965201456973
2019-11-08 20:00:00,0.2526443384340382
2019-11-08 20:03:00,0.4412916377444276
2019-11-08 20:06:00,0.3868719553263986
2019-11-08 20:09:00,0.48646952316124725
2019-11-08 20:12:00,0.290721203092005
2019-11-08 20:15:00,0.30401998759447224
2019-11-08 20:18:00,0.27953726273955226
2019-11-08 20:21:00,0.308739104962342
2019-11-08 20:24:00,0.3664128882027171
2019-11-08 20:27:00,0.4647434423149548
2019-11-08 20:30:00,0.47757413754504796
2019-11-08 20:33:00,0.5072118437681183
2019-11-08 20:36:00,0.5462515342673555
2019-11-08 20:39:00,0.4929419730444238
2019-11-08 20:42:00,0.5224193065336067
2019-11-08 20:45:00,0.6756141001224023
2019-11-08 20:48:00,0.569376388432886
2019-11-08 20:51:00,0.5355852626368005
2019-11-08 20:54:00,0.649359359913376
2019-11-08 20:57:00,0.5952618045837426
2019-11-08 21:00:00,0.5999502581202023
2019-11-08 21:03:00,0.5351360056052954
2019-11-08 21:06:00,0.5700142444659377
2019-11-08 21:09:00,0.4893894733044135
2019-11-08 21:12:00,0.5052522247607385
2019-11-08 21:15:00,0.6035207405239476
2019-11-08 21:18:00,0.5010432584194291
2019-11-08 21:21:00,0.6195717046123264
2019-11-08 21:24:00,0.5761152925484794
2019-11-08 21:27:00,0.6698111242895379
2019-11-08 21:30:00,0.674216633498645
2019-11-08 21:33:00,0.5912649474135492
2019-11-08 21:36:00,0.6221117131661345
2019-11-08 21:39:00,0.667193091430363
2019-11-08 21:42:00,0.6541302355803964
2019-11-08 21:45:00,0.6739132995238606
2019-11-08 21:48:00,0.7098197671280673
2019-11-08 21:51:00,0.6501595583582684
2019-11-08 21:54:00,0.7647314522228612
2019-11-08 21:57:00,0.6334151858551422
2019-11-08 22:00:00,0.5730053877333035
2019-11-08 22:03:00,0.7147962691132079
2019-11-08 22:06:00,0.6765476808677136
2019-11-08 22:09:00,0.7529380900459159
2019-11-08 22:12:00,0.5883634652466867
2019-11-08 22:15:00,0.6378574007374027
2019-11-08 22:18:00,0.6728168671840535
2019-11-08 22:21:00,0.7044497892182449
2019-11-08 22:24:00,0.6307609501347429
2019-11-08 22:27:00,0.6026830495580953
2019-11-08 22:30:00,0.6902951923314617
2019-11-08 22:33:00,0.6784752316281129
2019-11-08 22:36:00,0.6967607130386568
2019-11-08 22:39:00,0.6534281751471553
2019-11-08 22:42:00,0.7572672995960943
2019-11-08 22:45:00,0.6964163633758176
2019-11-08 22:48:00,0.7149465425071071
2019-11-08 22:51:00,0.7032847453904765
2019-11-08 22:54:00,0.7121572484511489
2019-11-08 22:57:00,0.779083798091392
2019-11-08 23:00:00,0.7551575025286184
2019-11-08 23:03:00,0.7355844042868966
2019-11-08 23:06:00,0.7624842179737357
2019-11-08 23:09:00,0.7334530725565855
2019-11-08 23:12:00,0.6454693508757714
2019-11-08 23:15:00,0.7349532333619777
2019-11-08 23:18:00,0.6776123607871227
2019-11-08 23:21:00,0.6470143222199454
2019-11-08 23:24:00,0.6467494222039818
2019-11-08 23:27:00,0.6522355195286309
2019-11-08 23:30:00,0.5911017129596416
2019-11-08 23:33:00,0.7286504121588564
2019-11-08 23:36:00,0.5606777118645141
2019-11-08 23:39:00,0.6661437561250523
2019-11-08 23:42:00,0.7013091595418359
2019-11-08 23:45:00,0.7672839211357996
2019-11-08 23:48:00,0.7778025540328599
2019-11-08 23:51:00,0.6472921617911425
2019-11-08 23:54:00,0.5943896172853442
2019-11-08 23:57:00,0.5237705965634518
2019-11-09 00:00:00,0.5669245254102862
2019-11-09 00:03:00,0.5004054822632042
2019-11-09 00:06:00,0.4162124045608948
2019-11-09 00:09:00,0.4712353644118821
2019-11-09 00:12:00,0.4861146773890255
2019-11-09 00:15:00,0.3293255481113988
2019-11-09 00:18:00,0.2690441989661849
2019-11-09 00:21:00,0.35758126498069487
2019-11-09 00:24:00,0.4322188482419733
2019-11-09 00:27:00,0.3470348511779662
2019-11-09 00:30:00,0.3555503790636294
2019-11-09 00:33:00,0.39425269199233526
2019-11-09 00:36:00,0.392599903514963
2019-11-09 00:39:00,0.3741778740296695
2019-11-09 00:42:00,0.40137425761417944
2019-11-09 00:45:00,0.5210337721547376
2019-11-09 00:48:00,0.4591017908873596
2019-11-09 00:51:00,0.35654189672771963
2019-11-09 00:54:00,0.4108783236734439
2019-11-09 00:57:00,0.46935653382263354
2019-11-09 01:00:00,0.41748031301222
2019-11-09 01:03:00,0.4628630129701605
2019-11-09 01:06:00,0.43011630205450047
2019-11-09 01:09:00,0.4798579867808712
2019-11-09 01:12:00,0.43511656615635275
2019-11-09 01:15:00,0.4485407495646996
2019-11-09 01:18:00,0.4327987038220158
2019-11-09 01:21:00,0.5031521595910249
2019-11-09 01:24:00,0.5609409016494169
2019-11-09 01:27:00,0.547711316674679
2019-11-09 01:30:00,0.5350694554589381
2019-11-09 01:33:00,0.573706421769316
2019-11-09 01:36:00,0.5089051434199519
2019-11-09 01:39:00,0.5028707401428392
2019-11-09 01:42:00,0.5430017451915887
2019-11-09 01:45:00,0.5705248372466372
2019-11-09 01:48:00,0.46732869419230383
2019-11-09 01:51:00,0.5988283891038577
2019-11-09 01:54:00,0.5544055355006776
2019-11-09 01:57:00,0.4514126551893014
2019-11-09 02:00:00,0.6138126220236018
2019-11-09 02:03:00,0.6282722116346804
2019-11-09 02:06:00,0.5940659059734799
2019-11-09 02:09:00,0.5232959235086128
2019-11-09 02:12:00,0.6090662767589379
2019-11-09 02:15:00,0.44472598381452144
2019-11-09 02:18:00,0.5352722155597576
2019-11-09 02:21:00,0.5237226217553825
2019-11-09 02:24:00,0.4811834919543685
2019-11-09 02:27:00,0.5001685397878077
2019-11-09 02:30:00,0.5083431919567261
2019-11-09 02:33:00,0.4977550479356978
2019-11-09 02:36:00,0.5933207179675151
2019-11-09 02:39:00,0.4557980369002621
2019-11-09 02:42:00,0.5552937948879162
2019-11-09 02:45:00,0.5747644334172719
2019-11-09 02:48:00,0.5053203883454103
2019-11-09 02:51:00,0.48317411408379485
2019-11-09 02:54:00,0.4877540129951967
2019-11-09 02:57:00,0.49847918804175606
2019-11-09 03:00:00,0.358612056437039
2019-11-09 03:03:00,0.42934014325425096
2019-11-09 03:06:00,0.5461094726981628
2019-11-09 03:09:00,0.5213503955624219
2019-11-09 03:12:00,0.5139459198181271
2019-11-09 03:15:00,0.5049710551407998
2019-11-09 03:18:00,0.42250828731880574
2019-11-09 03:21:00,0.6212197015220795
2019-11-09 03:24:00,0.5479878790633848
2019-11-09 03:27:00,0.4956708825652072
2019-11-09 03:30:00,0.511402262169895
2019-11-09 03:33:00,0.5453175947270097
2019-11-09 03:36:00,0.501393345292513
2019-11-09 03:39:00,0.5587316678038974
2019-11-09 03:42:00,0.5916495733730471
2019-11-09 03:45:00,0.5875694210930078
2019-11-09 03:48:00,0.5266311286473524
2019-11-09 03:51:00,0.6795149040189017
2019-11-09 03:54:00,0.6229311874172936
2019-11-09 03:57:00,0.606023673769073
2019-11-09 04:00:00,0.535636929269458
2019-11-09 04:03:00,0.6018988915806176
2019-11-09 04:06:00,0.6416410146413227
2019-11-09 04:09:00,0.4679226801304708
2019-11-09 04:12:00,0.5347715724785189
2019-11-09 04:15:00,0.5448701986060769
2019-11-09 04:18:00,0.5562919013757437
2019-11-09 04:21:00,0.483077975095739
2019-11-09 04:24:00,0.49973371052203674
2019-11-09 04:27:00,0.6124253872461054
2019-11-09 04:30:00,0.5491715761166347
2019-11-09 04:33:00,0.5258284089957783
2019-11-09 04:36:00,0.44825397932447686
2019-11-09 04:39:00,0.5262311179862991
2019-11-09 04:42:00,0.4746982945101763
2019-11-09 04:45:00,0.5152574755069281
2019-11-09 04:48:00,0.5431263229820615
2019-11-09 04:51:00,0.5060663495793847
2019-11-09 04:54:00,0.6626134817495881
2019-11-09 04:57:00,0.6180752297713639
2019-11-09 05:00:00,0.6347271846494777
2019-11-09 05:03:00,0.6500342763496292
2019-11-09 05:06:00,0.6585239587229808
2019-11-09 05:09:00,0.6140133964111101
2019-11-09 05:12:00,0.6438325494426067
2019-11-09 05:15:00,0.5612288663247114
2019-11-09 05:18:00,0.5909690614461169
2019-11-09 05:21:00,0.6001845879644634
2019-11-09 05:24:00,0.557321031257004
2019-11-09 05:27:00,0.5896610652884533
2019-11-09 05:30:00,0.5965032194304172
2019-11-09 05:33:00,0.6017157308000947
2019-11-09 05:36:00,0.6275397925330708
2019-11-09 05:39:00,0.6181130701905317
2019-11-09 05:42:00,0.6155687184041199
2019-11-09 05:45:00,0.6514997984200477
2019-11-09 05:48:00,0.577460942834989
2019-11-09 05:51:00,0.5370250919547175
2019-11-09 05:54:00,0.5697250941829566
2019-11-09 05:57:00,0.6109399208373247
2019-11-09 06:00:00,0.5924748862159959
2019-11-09 06:03:00,0.5805685931327957
2019-11-09 06:06:00,0.565934111765614
2019-11-09 06:09:00,0.5166540388532894
2019-11-09 06:12:00,0.5417980101553894
2019-11-09 06:15:00,0.5564344050309273
2019-11-09 06:18:00,0.502581011188056
2019-11-09 06:21:00,0.5297135780015765
2019-11-09 06:24:00,0.47704383432119357
2019-11-09 06:27:00,0.4708954500995901
2019-11-09 06:30:00,0.5956570387477882
2019-11-09 06:33:00,0.48202327658850663
2019-11-09 06:36:00,0.4767345698937788
2019-11-09 06:39:00,0.5379411836327677
2019-11-09 06:42:00,0.41261099626655096
2019-11-09 06:45:00,0.42789216340554503
2019-11-09 06:48:00,0.4789870834683825
2019-11-09 06:51:00,0.433187310109588
2019-11-09 06:54:00,0.5294402524782527
2019-11-09 06:57:00,0.5757790461175318
2019-11-09 07:00:00,0.5672953224133721
2019-11-09 07:03:00,0.5998094507581868
2019-11-09 07:06:00,0.6174604240101758
2019-11-09 07:09:00,0.5736598826966315
2019-11-09 07:12:00,0.6240415341298444
2019-11-09 07:15:00,0.5624969601495877
2019-11-09 07:18:00,0.5282415555015518
2019-11-09 07:21:00,0.5421636034021162
2019-11-09 07:24:00,0.6902203970002461
2019-11-09 07:27:00,0.6034806792785048
2019-11-09 07:30:00,0.5211817645146652
2019-11-09 07:33:00,0.584367503956571
2019-11-09 07:36:00,0.5767205559457125
2019-11-09 07:39:00,0.6243288764412114
2019-11-09 07:42:00,0.513159865506509
2019-11-09 07:45:00,0.5101610628802291
2019-11-09 07:48:00,0.6184314212734421
2019-11-09 07:51:00,0.4919434358230319
2019-11-09 07:54:00,0.4228620491269339
2019-11-09 07:57:00,0.4031793416723417
2019-11-09 08:00:00,0.48531748751742043
2019-11-09 08:03:00,0.49980581378270017
2019-11-09 08:06:00,0.5110434712126448
2019-11-09 08:09:00,0.44648307409073595
2019-11-09 08:12:00,0.43588587577568205
2019-11-09 08:15:00,0.4338544731699585
2019-11-09 08:18:00,0.48634817349397963
2019-11-09 08:21:00,0.4475842541605175
2019-11-09 08:24:00,0.4438151848213465
2019-11-09 08:27:00,0.4762103982158692
2019-11-09 08:30:00,0.6436517349694668
2019-11-09 08:33:00,0.5727665545520608
2019-11-09 08:36:00,0.49827456783003754
2019-11-09 08:39:00,0.5221982202434674
2019-11-09 08:42:00,0.5185220056499702
2019-11-09 08:45:00,0.3892437128130837
2019-11-09 08:48:00,0.4354035394222251
2019-11-09 08:51:00,0.39445540507432497
2019-11-09 08:54:00,0.3983259192038986
2019-11-09 08:57:00,0.5069779296310344
2019-11-09 09:00:00,0.4845357117735034
2019-11-09 09:03:00,0.46993050041413653
2019-11-09 09:06:00,0.42333429294592406
2019-11-09 09:09:00,0.3577987995990952
2019-11-09 09:12:00,0.3815603677658146
2019-11-09 09:15:00,0.47087583037551894
2019-11-09 09:18:00,0.48546543834436306
2019-11-09 09:21:00,0.5215092722980899
2019-11-09 09:24:00,0.46505688686835356
2019-11-09 09:27:00,0.606396193011733
2019-11-09 09:30:00,0.5757842446299719
2019-11-09 09:33:00,0.5724860913817338
2019-11-09 09:36:00,0.5196323334417912
2019-11-09 09:39:00,0.48482481606470174
2019-11-09 09:42:00,0.5007519798764406
2019-11-09 09:45:00,0.47594159613919373
2019-11-09 09:48:00,0.4567227965285383
2019-11-09 09:51:00,0.4501575720317419
2019-11-09 09:54:00,0.41488929265489105
2019-11-09 09:57:00,0.428269771991836
2019-11-09 10:00:00,0.3601433354193091
2019-11-09 10:03:00,0.3673318601761366
2019-11-09 10:06:00,0.41826962305259485
2019-11-09 10:09:00,0.4047584134044655
2019-11-09 10:12:00,0.4241150460669587
2019-11-09 10:15:00,0.3829218428126637
2019-11-09 10:18:00,0.39944773014781276
2019-11-09 10:21:00,0.5080226991055383
2019-11-09 10:24:00,0.32220519306963524
2019-11-09 10:27:00,0.395215530029418
2019-11-09 10:30:00,0.32914990915543285
2019-11-09 10:33:00,0.45935557759821677
2019-11-09 10:36:00,0.38436282746954475
2019-11-09 10:39:00,0.3997162433807375
2019-11-09 10:42:00,0.3773432087849642
2019-11-09 10:45:00,0.45795348272781666
2019-11-09 10:48:00,0.39000834417782926
2019-11-09 10:51:00,0.31329346894790433
2019-11-09 10:54:00,0.392447224128432
2019-11-09 10:57:00,0.34954751629095426
2019-11-09 11:00:00,0.38368237293934726
2019-11-09 11:03:00,0.43770926710431013
2019-11-09 11:06:00,0.40388608356266786
2019-11-09 11:09:00,0.42488250660704807
2019-11-09 11:12:00,0.38498355201323875
2019-11-09 11:15:00,0.4005064607990221
2019-11-09 11:18:00,0.39304254296229146
2019-11-09 11:21:00,0.3956998187021554
2019-11-09 11:24:00,0.45393300649146795
2019-11-09 11:27:00,0.32644495161451914
2019-11-09 11:30:00,0.43559426298406834
2019-11-09 11:33:00,0.41151053782817826
2019-11-09 11:36:00,0.41783444163496597
2019-11-09 11:39:00,0.36045638747378916
2019-11-09 11:42:00,0.43952457262741973
2019-11-09 11:45:00,0.3291074838599002
2019-11-09 11:48:00,0.41354731270809
2019-11-09 11:51:00,0.3562128346076179
2019-11-09 11:54:00,0.3333139161438794
2019-11-09 11:57:00,0.4400043507806686
2019-11-09 12:00:00,0.3327542956738512
2019-11-09 12:03:00,0.39095129653077265
2019-11-09 12:06:00,0.37791628261334154
2019-11-09 12:09:00,0.28827270956935536
2019-11-09 12:12:00,0.47929730211723154
2019-11-09 12:15:00,0.3845457266858716
2019-11-09 12:18:00,0.3770764328573364
2019-11-09 12:21:00,0.32400818308036605
2019-11-09 12:24:00,0.3252574631777634
2019-11-09 12:27:00,0.1787274365696021
2019-11-09 12:30:00,0.2720216693413704
2019-11-09 12:33:00,0.25213716544101317
2019-11-09 12:36:00,0.18829245262759287
2019-11-09 12:39:00,0.29210913521308157
2019-11-09 12:42:00,0.19461495463804113
2019-11-09 12:45:00,0.17757437260860343
2019-11-09 12:48:00,0.21900533230359542
2019-11-09 12:51:00,0.2625658883455344
2019-11-09 12:54:00,0.15331768111940391
2019-11-09 12:57:00,0.29458694515238903
2019-11-09 13:00:00,0.2627796861507363
2019-11-09 13:03:00,0.2505567254554535
2019-11-09 13:06:00,0.19376777263556733
2019-11-09 13:09:00,0.20566003768971086
2019-11-09 13:12:00,0.19682345378839727
2019-11-09 13:15:00,0.08447741583876223
2019-11-09 13:18:00,0.16659556257201302
2019-11-09 13:21:00,0.08698593174233338
2019-11-09 13:24:00,0.2486316384630527
2019-11-09 13:27:00,0.14494781830791226
2019-11-09 13:30:00,0.15324097565923012
2019-11-09 13:33:00,-0.011067738130009275
2019-11-09 13:36:00,0.13326864378825576
2019-11-09 13:39:00,0.1985504762778305
2019-11-09 13:42:00,0.0922365587568379
2019-11-09 13:45:00,0.13538090257412705
2019-11-09 13:48:00,0.049856188511398614
2019-11-09 13:51:00,0.09777716823629135
2019-11-09 13:54:00,0.07003171914749373
2019-11-09 13:57:00,-0.0046943121391791465
2019-11-09 14:00:00,0.0146255085482494
2019-11-09 14:03:00,0.054364119615854634
2019-11-09 14:06:00,0.05733547659241367
2019-11-09 14:09:00,0.06777735105822558
2019-11-09 14:12:00,0.028324041214773388
2019-11-09 14:15:00,0.01659182504386081
2019-11-09 14:18:00,-0.061432696534097886
2019-11-09 14:21:00,-0.025538007549414488
2019-11-09 14:24:00,0.06934303480079507
2019-11-09 14:27:00,-0.042709171093349596
2019-11-09 14:30:00,0.028804398055171987
2019-11-09 14:33:00,0.01000177329200369
2019-11-09 14:36:00,0.007303072905472163
2019-11-09 14:39:00,0.032729405904888154
2019-11-09 14:42:00,-0.07010324052924943
2019-11-09 14:45:00,0.032426774819327875
2019-11-09 14:48:00,-0.09876528108384264
2019-11-09 14:51:00,-0.014736591050791503
2019-11-09 14:54:00,-0.011615077375324745
2019-11-09 14:57:00,-0.049105002325802616
2019-11-09 15:00:00,-0.1039328428540216
2019-11-09 15:03:00,-0.11033427160128895
2019-11-09 15:06:00,-0.08402544905897003
2019-11-09 15:09:00,-0.08556662828601702
2019-11-09 15:12:00,0.06147195620155799
2019-11-09 15:15:00,0.02184522606836481
2019-11-09 15:18:00,-0.02947745637322896
2019-11-09 15:21:00,0.03543191763770892
2019-11-09 15:24:00,-0.1222001893165725
2019-11-09 15:27:00,-0.10960069002089767
2019-11-09 15:30:00,-0.08200790995346097
2019-11-09 15:33:00,-0.08902223466606074
2019-11-09 15:36:00,-0.14053486749912736
2019-11-09 15:39:00,-0.05975661285560818
2019-11-09 15:42:00,-0.05503156133198672
2019-11-09 15:45:00,-0.10505780626414207
2019-11-09 15:48:00,0.001302781544438858
2019-11-09 15:51:00,0.003119363458154112
2019-11-09 15:54:00,-0.0528116045236402
2019-11-09 15:57:00,-0.06462874432833132
2019-11-09 16:00:00,-0.06079068261357179
2019-11-09 16:03:00,-0.08885645154384747
2019-11-09 16:06:00,-0.04604218707055452
2019-11-09 16:09:00,-0.07244664115847854
2019-11-09 16:12:00,-0.14739735773611073
2019-11-09 16:15:00,-0.06456773468079291
2019-11-09 16:18:00,-0.10940689022976358
2019-11-09 16:21:00,-5.858207549636063e-05
2019-11-09 16:24:00,-0.04418465928841897
2019-11-09 16:27:00,-0.09566356934590203
2019-11-09 16:30:00,-0.02844032432477661
2019-11-09 16:33:00,0.068322384335886
2019-11-09 16:36:00,0.04556724929045686
2019-11-09 16:39:00,0.05710742461434393
2019-11-09 16:42:00,-0.07506066849640547
2019-11-09 16:45:00,-0.10770947218128413
2019-11-09 16:48:00,-0.044168936440371454
2019-11-09 16:51:00,-0.12642836948691638
2019-11-09 16:54:00,0.019090955026513257
2019-11-09 16:57:00,-0.040113635261491254
2019-11-09 17:00:00,
2019-11-09 17:03:00,
2019-11-09 17:06:00,
2019-11-09 17:09:00,
2019-11-09 17:12:00,
2019-11-09 17:15:00,
2019-11-09 17:18:00,
2019-11-09 17:21:00,
2019-11-09 17:24:00,
2019-11-09 17:27:00,
2019-11-09 17:30:00,
2019-11-09 17:33:00,
2019-11-09 17:36:00,
2019-11-09 17:39:00,
2019-11-09 17:42:00,
2019-11-09 17:45:00,
2019-11-09 17:48:00,
2019-11-09 17:51:00,
2019-11-09 17:54:00,
2019-11-09 17:57:00,
2019-11-09 18:00:00,
2019-11-09 18:03:00,
2019-11-09 18:06:00,
2019-11-09 18:09:00,
2019-11-09 18:12:00,
2019-11-09 18:15:00,
2019-11-09 18:18:00,
2019-11-09 18:21:00,
2019-11-09 18:24:00,
2019-11-09 18:27:00,
2019-11-09 18:30:00,
2019-11-09 18:33:00,
2019-11-09 18:36:00,
2019-11-09 18:39:00,
2019-11-09 18:42:00,
2019-11-09 18:45:00,
2019-11-09 18:48:00,
2019-11-09 18:51:00,
2019-11-09 18:54:00,
2019-11-09 18:57:00,
2019-11-09 19:00:00,
2019-11-09 19:03:00,0.09558357726905342
2019-11-09 19:06:00,0.09905304945647231
2019-11-09 19:09:00,0.1008272645289594
2019-11-09 19:12:00,0.1472110962490092
2019-11-09 19:15:00,0.16860903756196421
2019-11-09 19:18:00,0.08213652711276609
2019-11-09 19:21:00,0.16195942798424312
2019-11-09 19:24:00,0.23252738114655358
2019-11-09 19:27:00,0.12169353563291452
2019-11-09 19:30:00,0.08367939949039283
2019-11-09 19:33:00,0.09016943306630765
2019-11-09 19:36:00,0.09520355497210176
2019-11-09 19:39:00,0.14625534945514573
2019-11-09 19:42:00,0.1626029670115372
2019-11-09 19:45:00,0.17226858711251225
2019-11-09 19:48:00,0.07234046575842967
2019-11-09 19:51:00,0.18208119063945105
2019-11-09 19:54:00,0.0550082364632658
2019-11-09 19:57:00,0.13959009985654802
2019-11-09 20:00:00,0.07541843322684372
2019-11-09 20:03:00,0.21440931553144082
2019-11-09 20:06:00,0.1554883489740746
2019-11-09 20:09:00,0.12867353711851592
2019-11-09 20:12:00,0.08599452781703576
2019-11-09 20:15:00,0.202111067467456
2019-11-09 20:18:00,0.30046676644695935
2019-11-09 20:21:00,0.17174586387977797
2019-11-09 20:24:00,0.25455727932592254
2019-11-09 20:27:00,0.29392732874981675
2019-11-09 20:30:00,0.32644380307073106
2019-11-09 20:33:00,0.23570551308347376
2019-11-09 20:36:00,0.3503435701997546
2019-11-09 20:39:00,0.24162337126864486
2019-11-09 20:42:00,0.19021438043034777
2019-11-09 20:45:00,0.2706592803577905
2019-11-09 20:48:00,0.20611228966248518
2019-11-09 20:51:00,0.1997249824430014
2019-11-09 20:54:00,0.23311080268888418
2019-11-09 20:57:00,0.13080515197384557
2019-11-09 21:00:00,0.24193337908366175
2019-11-09 21:03:00,0.2568695274666766
2019-11-09 21:06:00,0.3129098582457459
2019-11-09 21:09:00,0.26082864425177377
2019-11-09 21:12:00,0.2644200679309847
2019-11-09 21:15:00,0.23070350787043026
2019-11-09 21:18:00,0.3152558588961938
2019-11-09 21:21:00,0.3153834381188858
2019-11-09 21:24:00,0.19941119320446887
2019-11-09 21:27:00,0.2740213831370397
2019-11-09 21:30:00,0.17746759312825588
2019-11-09 21:33:00,0.23161191547114868
2019-11-09 21:36:00,0.31527389857080834
2019-11-09 21:39:00,0.28394924058198967
2019-11-09 21:42:00,0.24492228220105972
2019-11-09 21:45:00,0.32601855888663067
2019-11-09 21:48:00,0.219237883841231
2019-11-09 21:51:00,0.26737776901677535
2019-11-09 21:54:00,0.3360792989130914
2019-11-09 21:57:00,0.18613081646441287
2019-11-09 22:00:00,0.23994685131577853
2019-11-09 22:03:00,0.26070390184696635
2019-11-09 22:06:00,0.22838937638243806
2019-11-09 22:09:00,0.25987170767052703
2019-11-09 22:12:00,0.23634017869829904
2019-11-09 22:15:00,0.29124878269732335
2019-11-09 22:18:00,0.2066834931117114
2019-11-09 22:21:00,0.22776444290332165
2019-11-09 22:24:00,0.3127005423082778
2019-11-09 22:27:00,0.3904291373490878
2019-11-09 22:30:00,0.21734084140979348
2019-11-09 22:33:00,0.29099657231938636
2019-11-09 22:36:00,0.3909363127051506
2019-11-09 22:39:00,0.3562759252828869
2019-11-09 22:42:00,0.39355267851647113
2019-11-09 22:45:00,0.3936257285142801
2019-11-09 22:48:00,0.3355735476005748
2019-11-09 22:51:00,0.3938988454241894
2019-11-09 22:54:00,0.2367389189497544
2019-11-09 22:57:00,0.43264829003834393
2019-11-09 23:00:00,0.3769145666129248
2019-11-09 23:03:00,0.3421814397065077
2019-11-09 23:06:00,0.3863372497932005
2019-11-09 23:09:00,0.3033527827390685
2019-11-09 23:12:00,0.40602477802417525
2019-11-09 23:15:00,0.33341356914360176
2019-11-09 23:18:00,0.3523187926668925
2019-11-09 23:21:00,0.3152307661694067
2019-11-09 23:24:00,0.40262639634374864
2019-11-09 23:27:00,0.33995985519686656
2019-11-09 23:30:00,0.42164869216827583
2019-11-09 23:33:00,0.4030598125176539
2019-11-09 23:36:00,0.4505184358670249
2019-11-09 23:39:00,0.44534348103059074
2019-11-09 23:42:00,0.427909355871293
2019-11-09 23:45:00,0.38776453592134885
2019-11-09 23:48:00,0.38576366598221057
2019-11-09 23:51:00,0.2306304548396838
2019-11-09 23:54:00,0.41745154115233163
2019-11-09 23:57:00,0.339216605539832
2019-11-10 00:00:00,0.36766004565890853
2019-11-10 00:03:00,0.28645192499237737
2019-11-10 00:06:00,0.3713499656658996
2019-11-10 00:09:00,0.3720196061779575
2019-11-10 00:12:00,0.2940720732350428
2019-11-10 00:15:00,0.4471331535169156
2019-11-10 00:18:00,0.43973377570148386
2019-11-10 00:21:00,0.42690459483469567
2019-11-10 00:24:00,0.3644045821837949
2019-11-10 00:27:00,0.4402010617265546
2019-11-10 00:30:00,0.44132775704878213
2019-11-10 00:33:00,0.4125280467774246
2019-11-10 00:36:00,0.36314345142056936
2019-11-10 00:39:00,0.45052461506884356
2019-11-10 00:42:00,0.3373018636305005
2019-11-10 00:45:00,0.4183158591388292
2019-11-10 00:48:00,0.36299561871533115
2019-11-10 00:51:00,0.4318702485555832
2019-11-10 00:54:00,0.3307519675699382
2019-11-10 00:57:00,0.37826578901820085
2019-11-10 01:00:00,0.4449536740646636
2019-11-10 01:03:00,0.47009542182740915
2019-11-10 01:06:00,0.3526362926655793
2019-11-10 01:09:00,0.360354983325351
2019-11-10 01:12:00,0.39203660732971457
2019-11-10 01:15:00,0.3096070129373061
2019-11-10 01:18:00,0.42623505140403495
2019-11-10 01:21:00,0.439235197486596
2019-11-10 01:24:00,0.47811951761900673
2019-11-10 01:27:00,0.48325247973110663
2019-11-10 01:30:00,0.4253848715885624
2019-11-10 01:33:00,0.45879060552067585
2019-11-10 01:36:00,0.4693871432705805
2019-11-10 01:39:00,0.4039092028946243
2019-11-10 01:42:00,0.38437604406266246
2019-11-10 01:45:00,0.4311322902685788
2019-11-10 01:48:00,0.4438253632791884
2019-11-10 01:51:00,0.4896825511021916
2019-11-10 01:54:00,0.3782828151515787
2019-11-10 01:57:00,0.3677162967283607
2019-11-10 02:00:00,0.38168150267551937
2019-11-10 02:03:00,0.44016747287821545
2019-11-10 02:06:00,0.4256530203527973
2019-11-10 02:09:00,0.42512933737077674
2019-11-10 02:12:00,0.31508744657111265
2019-11-10 02:15:00,0.4805013473259123
2019-11-10 02:18:00,0.4577858778804398
2019-11-10 02:21:00,0.3922024067500729
2019-11-10 02:24:00,0.4721478464871893
2019-11-10 02:27:00,0.4172916442598762
2019-11-10 02:30:00,0.4667131228773087
2019-11-10 02:33:00,0.3872363391464546
2019-11-10 02:36:00,0.43520867689909437
2019-11-10 02:39:00,0.3406920990140634
2019-11-10 02:42:00,0.3913784529059967
2019-11-10 02:45:00,0.42957085968384945
2019-11-10 02:48:00,0.4288364525143038
2019-11-10 02:51:00,0.4541720450313278
2019-11-10 02:54:00,0.40172517792581175
2019-11-10 02:57:00,0.4842023356356435
2019-11-10 03:00:00,0.46025279266660846
2019-11-10 03:03:00,0.3919071085281871
2019-11-10 03:06:00,0.3840005677902809
2019-11-10 03:09:00,0.3336854630277344
2019-11-10 03:12:00,0.38761267149061496
2019-11-10 03:15:00,0.38062979258307905
2019-11-10 03:18:00,0.4335753609094013
2019-11-10 03:21:00,0.41731573656619503
2019-11-10 03:24:00,0.41046284638878205
2019-11-10 03:27:00,0.34743539802968826
2019-11-10 03:30:00,0.3531898668504141
2019-11-10 03:33:00,0.367140203215115
2019-11-10 03:36:00,0.45110365764844573
2019-11-10 03:39:00,0.41517022971964934
2019-11-10 03:42:00,0.36576439046774567
2019-11-10 03:45:00,0.42907137209698476
2019-11-10 03:48:00,0.45617112252472225
2019-11-10 03:51:00,0.43525015258865096
2019-11-10 03:54:00,0.38852924510121056
2019-11-10 03:57:00,0.42803785061801136
2019-11-10 04:00:00,0.37629298485148865
2019-11-10 04:03:00,0.46740560522567876
2019-11-10 04:06:00,0.3958242007889794
2019-11-10 04:09:00,0.3788168114744508
2019-11-10 04:12:00,0.46019828753208003
2019-11-10 04:15:00,0.2976147411943657
2019-11-10 04:18:00,0.42724038042376833
2019-11-10 04:21:00,0.4476759544627953
2019-11-10 04:24:00,0.4204628837869109
2019-11-10 04:27:00,0.49404137693568373
2019-11-10 04:30:00,0.34404472956862264
2019-11-10 04:33:00,0.499779899425846
2019-11-10 04:36:00,0.40184486778974815
2019-11-10 04:39:00,0.42391395201542537
2019-11-10 04:42:00,0.4145746818517182
2019-11-10 04:45:00,0.3658146283584074
2019-11-10 04:48:00,0.42976389774418067
2019-11-10 04:51:00,0.5182579076025604
2019-11-10 04:54:00,0.45472319299796027
2019-11-10 04:57:00,0.5502561828417925
2019-11-10 05:00:00,0.4345546314247599
2019-11-10 05:03:00,0.4353254605714483
2019-11-10 05:06:00,0.4299826912120466
2019-11-10 05:09:00,0.45500009020281595
2019-11-10 05:12:00,0.4408148487346466
2019-11-10 05:15:00,0.5397337038979231
2019-11-10 05:18:00,0.5322052804284567
2019-11-10 05:21:00,0.4379479205584289
2019-11-10 05:24:00,0.47635909715575053
2019-11-10 05:27:00,0.38918573833888104
2019-11-10 05:30:00,0.4104156397401084
2019-11-10 05:33:00,0.5019099952299939
2019-11-10 05:36:00,0.5353603135968115
2019-11-10 05:39:00,0.43949167440831616
2019-11-10 05:42:00,0.3761926507223734
2019-11-10 05:45:00,0.3928671236885748
2019-11-10 05:48:00,0.5153503698476243
2019-11-10 05:51:00,0.4722034163444846
2019-11-10 05:54:00,0.5407953897902757
2019-11-10 05:57:00,0.5404801183764789
2019-11-10 06:00:00,0.44012500843979296
2019-11-10 06:03:00,0.4785600455375061
2019-11-10 06:06:00,0.5814000688152419
2019-11-10 06:09:00,0.4286324060660718
2019-11-10 06:12:00,0.4442114663995653
2019-11-10 06:15:00,0.46528760809195546
2019-11-10 06:18:00,0.4761607424572958
2019-11-10 06:21:00,0.4009260523420721
2019-11-10 06:24:00,0.3825947029923782
2019-11-10 06:27:00,0.46650189237857376
2019-11-10 06:30:00,0.4062715659337073
2019-11-10 06:33:00,0.40129233877217985
2019-11-10 06:36:00,0.40336494793871225
2019-11-10 06:39:00,0.4829698009097001
2019-11-10 06:42:00,0.4812273407161456
2019-11-10 06:45:00,0.4724239808494417
2019-11-10 06:48:00,0.5322782018840826
2019-11-10 06:51:00,0.4777957456685158
2019-11-10 06:54:00,0.5207869529818367
2019-11-10 06:57:00,0.4575389677875705
2019-11-10 07:00:00,0.5123817131717487
2019-11-10 07:03:00,0.5511844374547081
2019-11-10 07:06:00,0.6037366953839864
2019-11-10 07:09:00,0.5153171438736877
2019-11-10 07:12:00,0.6000458208241071
2019-11-10 07:15:00,0.5077767401250526
2019-11-10 07:18:00,0.49850017771183275
2019-11-10 07:21:00,0.4786896841351904
2019-11-10 07:24:00,0.5156271248748112
2019-11-10 07:27:00,0.5327188214793637
2019-11-10 07:30:00,0.44853265018872435
2019-11-10 07:33:00,0.556975949658522
2019-11-10 07:36:00,0.4668379562729683
2019-11-10 07:39:00,0.5939873334241952
2019-11-10 07:42:00,0.537819312830095
2019-11-10 07:45:00,0.3729615444603951
2019-11-10 07:48:00,0.4724013447061566
2019-11-10 07:51:00,0.4836334652429741
2019-11-10 07:54:00,0.29776074481304704
2019-11-10 07:57:00,0.3805449920748174
2019-11-10 08:00:00,0.34145312528153227
2019-11-10 08:03:00,0.43784564375658874
2019-11-10 08:06:00,0.2880522375572241
2019-11-10 08:09:00,0.34848357122154994
2019-11-10 08:12:00,0.29666971126300723
2019-11-10 08:15:00,0.37998668421397497
2019-11-10 08:18:00,0.36710821990544673
2019-11-10 08:21:00,0.313988411779178
2019-11-10 08:24:00,0.42824876317240523
2019-11-10 08:27:00,0.37870804193784124
2019-11-10 08:30:00,0.3447749193505274
2019-11-10 08:33:00,0.45182216408267095
2019-11-10 08:36:00,0.33596451697542307
2019-11-10 08:39:00,0.35806132132438506
2019-11-10 08:42:00,0.28622792991330925
2019-11-10 08:45:00,0.2524433126500867
2019-11-10 08:48:00,0.22791729418241857
2019-11-10 08:51:00,0.2769363346457112
2019-11-10 08:54:00,0.16163526038855025
2019-11-10 08:57:00,0.21631225875324844
2019-11-10 09:00:00,0.24096841619893894
2019-11-10 09:03:00,0.25533195531767205
2019-11-10 09:06:00,0.25024131640981295
2019-11-10 09:09:00,0.16613978072518876
2019-11-10 09:12:00,0.21777726117977636
2019-11-10 09:15:00,0.21089374885923462
2019-11-10 09:18:00,0.23906161656492486
2019-11-10 09:21:00,0.1456968116933126
2019-11-10 09:24:00,0.15038686209294383
2019-11-10 09:27:00,0.11247651660983138
2019-11-10 09:30:00,0.1215725649968249
2019-11-10 09:33:00,0.0975004967178279
2019-11-10 09:36:00,0.06951059804129045
2019-11-10 09:39:00,0.10289949957046929
2019-11-10 09:42:00,0.08068425371311605
2019-11-10 09:45:00,0.07998926239343973
2019-11-10 09:48:00,0.05348215175757787
2019-11-10 09:51:00,0.1455758595668044
2019-11-10 09:54:00,0.0025696181036209964
2019-11-10 09:57:00,0.006619121875019118
2019-11-10 10:00:00,-0.0032292399367861435
2019-11-10 10:03:00,0.012786722798352912
2019-11-10 10:06:00,0.0511158621372374
2019-11-10 10:09:00,0.033088272710187994
2019-11-10 10:12:00,0.052817504690551687
2019-11-10 10:15:00,-0.05627487007024001
2019-11-10 10:18:00,-0.05049933391984496
2019-11-10 10:21:00,-0.14015863926772454
2019-11-10 10:24:00,-0.01653755752329289
2019-11-10 10:27:00,-0.011443106529895886
2019-11-10 10:30:00,0.0005932434365831796
2019-11-10 10:33:00,-0.10167698300568873
2019-11-10 10:36:00,-0.06149430500863673
2019-11-10 10:39:00,-0.06642646975711841
2019-11-10 10:42:00,-0.11764823828320914
2019-11-10 10:45:00,-0.13867155701728962
2019-11-10 10:48:00,-0.13990697081868575
2019-11-10 10:51:00,-0.18985945100337176
2019-11-10 10:54:00,-0.1726220797926885
2019-11-10 10:57:00,-0.21838976871663363
2019-11-10 11:00:00,-0.20857208112892067
2019-11-10 11:03:00,-0.19686049234792335
2019-11-10 11:06:00,-0.16638855967698873
2019-11-10 11:09:00,-0.20188899395583348
2019-11-10 11:12:00,-0.18933657154184402
2019-11-10 11:15:00,-0.17437581180155348
2019-11-10 11:18:00,-0.2542691811660802
2019-11-10 11:21:00,-0.2595802627630519
2019-11-10 11:24:00,-0.2008993774120995
2019-11-10 11:27:00,-0.15034153388938876
2019-11-10 11:30:00,-0.13781170826968037
2019-11-10 11:33:00,-0.21776743952045763
2019-11-10 11:36:00,-0.24929851361383726
2019-11-10 11:39:00,-0.30122986756310866
2019-11-10 11:42:00,-0.21752490600584906
2019-11-10 11:45:00,-0.26393004413552035
2019-11-10 11:48:00,-0.23508561161298758
2019-11-10 11:51:00,-0.322464997882264
2019-11-10 11:54:00,-0.16941598443747807
2019-11-10 11:57:00,-0.36291903376258006
2019-11-10 12:00:00,-0.22388683610745375
2019-11-10 12:03:00,-0.24379320753558886
2019-11-10 12:06:00,-0.2953756128414966
2019-11-10 12:09:00,-0.33746617179087934
2019-11-10 12:12:00,-0.22484974519301204
2019-11-10 12:15:00,-0.22676957441865397
2019-11-10 12:18:00,-0.04508421045591149
2019-11-10 12:21:00,-0.1556082508099621
2019-11-10 12:24:00,-0.048955046317132656
2019-11-10 12:27:00,-0.06503438877564349
2019-11-10 12:30:00,0.013649182369817936
2019-11-10 12:33:00,0.10182947029710476
2019-11-10 12:36:00,0.0630484672439593
2019-11-10 12:39:00,0.17952979262105373
2019-11-10 12:42:00,0.17280944754350003
2019-11-10 12:45:00,0.3134802264850123
2019-11-10 12:48:00,0.26904084505207493
2019-11-10 12:51:00,0.26120485532476323
2019-11-10 12:54:00,0.3561840893244721
2019-11-10 12:57:00,0.15556546213878164
2019-11-10 13:00:00,0.145570787962356
2019-11-10 13:03:00,0.22590485451240738
2019-11-10 13:06:00,0.2626046079362254
2019-11-10 13:09:00,0.21448498906670466
2019-11-10 13:12:00,0.05907844108071458
2019-11-10 13:15:00,0.0340034074271216
2019-11-10 13:18:00,0.09247659543865439
2019-11-10 13:21:00,0.08709664604242562
2019-11-10 13:24:00,0.23747717563503556
2019-11-10 13:27:00,0.10762145239834808
2019-11-10 13:30:00,0.04728617539512925
2019-11-10 13:33:00,0.0595501359846935
2019-11-10 13:36:00,0.10155658819087421
2019-11-10 13:39:00,0.10353883836557998
2019-11-10 13:42:00,0.1822057300772144
2019-11-10 13:45:00,0.2070451630470984
2019-11-10 13:48:00,0.2992588442245392
2019-11-10 13:51:00,0.29394270348205964
2019-11-10 13:54:00,0.3737682783632863
2019-11-10 13:57:00,0.5086714174186113
2019-11-10 14:00:00,0.47872776337635514
2019-11-10 14:03:00,0.6259635109619808
2019-11-10 14:06:00,0.6115148872333975
2019-11-10 14:09:00,0.5702383613538018
2019-11-10 14:12:00,0.4960672523792482
2019-11-10 14:15:00,0.353990105836715
2019-11-10 14:18:00,0.27341824985808216
2019-11-10 14:21:00,0.2403427471021473
2019-11-10 14:24:00,0.21255190610258978
2019-11-10 14:27:00,0.27564454835669494
2019-11-10 14:30:00,0.3332114047104824
2019-11-10 14:33:00,0.2459680318764299
2019-11-10 14:36:00,0.22102749339120464
2019-11-10 14:39:00,0.2192265331100316
2019-11-10 14:42:00,0.25609828966838677
2019-11-10 14:45:00,0.19525878177455525
2019-11-10 14:48:00,0.2824918298081798
2019-11-10 14:51:00,0.1429024901335083
2019-11-10 14:54:00,0.13155566127522889
2019-11-10 14:57:00,0.2733995081368903
2019-11-10 15:00:00,0.3439847963658167
2019-11-10 15:03:00,0.3999342062494975
2019-11-10 15:06:00,0.38915112180688993
2019-11-10 15:09:00,0.5049477832658908
2019-11-10 15:12:00,0.4729160802770025
2019-11-10 15:15:00,0.47995285810856103
2019-11-10 15:18:00,0.37874262239898826
2019-11-10 15:21:00,0.4006884736807592
2019-11-10 15:24:00,0.2994581181599756
2019-11-10 15:27:00,0.3045541032741994
2019-11-10 15:30:00,0.34282742066238825
2019-11-10 15:33:00,0.27471682574167744
2019-11-10 15:36:00,0.36771570612745563
2019-11-10 15:39:00,0.45935539471156517
2019-11-10 15:42:00,0.38563133764523627
2019-11-10 15:45:00,0.38363649362759134
2019-11-10 15:48:00,0.3778441100193959
2019-11-10 15:51:00,0.4757470242215618
2019-11-10 15:54:00,
2019-11-10 15:57:00,
2019-11-10 16:00:00,
2019-11-10 16:03:00,
2019-11-10 16:06:00,
2019-11-10 16:09:00,
2019-11-10 16:12:00,
2019-11-10 16:15:00,
2019-11-10 16:18:00,
2019-11-10 16:21:00,
2019-11-10 16:24:00,
2019-11-10 16:27:00,
2019-11-10 16:30:00,
2019-11-10 16:33:00,
2019-11-10 16:36:00,
2019-11-10 16:39:00,
2019-11-10 16:42:00,
2019-11-10 16:45:00,
2019-11-10 16:48:00,
2019-11-10 16:51:00,
2019-11-10 16:54:00,
2019-11-10 16:57:00,
2019-11-10 17:00:00,
2019-11-10 17:03:00,
2019-11-10 17:06:00,
2019-11-10 17:09:00,
2019-11-10 17:12:00,
2019-11-10 17:15:00,
2019-11-10 17:18:00,
2019-11-10 17:21:00,
2019-11-10 17:24:00,
2019-11-10 17:27:00,
2019-11-10 17:30:00,
2019-11-10 17:33:00,
2019-11-10 17:36:00,
2019-11-10 17:39:00,
2019-11-10 17:42:00,
2019-11-10 17:45:00,
2019-11-10 17:48:00,
2019-11-10 17:51:00,
2019-11-10 17:54:00,
2019-11-10 17:57:00,
2019-11-10 18:00:00,
2019-11-10 18:03:00,
2019-11-10 18:06:00,
2019-11-10 18:09:00,
2019-11-10 18:12:00,
2019-11-10 18:15:00,
2019-11-10 18:18:00,
2019-11-10 18:21:00,
2019-11-10 18:24:00,
2019-11-10 18:27:00,
2019-11-10 18:30:00,
2019-11-10 18:33:00,
2019-11-10 18:36:00,
2019-11-10 18:39:00,
2019-11-10 18:42:00,
2019-11-10 18:45:00,
2019-11-10 18:48:00,
2019-11-10 18:51:00,
2019-11-10 18:54:00,
2019-11-10 18:57:00,
2019-11-10 19:00:00,
2019-11-10 19:03:00,0.18838494723655685
2019-11-10 19:06:00,0.1478525884634223
2019-11-10 19:09:00,0.20583945157363814
2019-11-10 19:12:00,0.07395455925018268
2019-11-10 19:15:00,0.2329520700495209
2019-11-10 19:18:00,0.1498345672026744
2019-11-10 19:21:00,0.12893323809822732
2019-11-10 19:24:00,0.06589132579040324
2019-11-10 19:27:00,0.08699581128678346
2019-11-10 19:30:00,0.21987038918314283
2019-11-10 19:33:00,0.17385223824976492
2019-11-10 19:36:00,0.2536423943721502
2019-11-10 19:39:00,0.3103437698447351
2019-11-10 19:42:00,0.39781406668538466
2019-11-10 19:45:00,0.3883462372904205
2019-11-10 19:48:00,0.23195979109016207
2019-11-10 19:51:00,0.28473442218000855
2019-11-10 19:54:00,0.1442549469497294
2019-11-10 19:57:00,0.19842946485681523
2019-11-10 20:00:00,0.18559040902840707
2019-11-10 20:03:00,0.09969357207717167
2019-11-10 20:06:00,0.20231334897727038
2019-11-10 20:09:00,0.22011066253099898
2019-11-10 20:12:00,0.19270607645773907
2019-11-10 20:15:00,0.24325053929590013
2019-11-10 20:18:00,0.18879964457977394
2019-11-10 20:21:00,0.22351046505031036
2019-11-10 20:24:00,0.16747074767306458
2019-11-10 20:27:00,0.15747304518345118
2019-11-10 20:30:00,0.14525787273566948
2019-11-10 20:33:00,0.195536078347061
2019-11-10 20:36:00,0.0581492563711663
2019-11-10 20:39:00,0.1783823592064664
2019-11-10 20:42:00,0.24360241975870167
2019-11-10 20:45:00,0.114031912980181
2019-11-10 20:48:00,0.1385710923007082
2019-11-10 20:51:00,0.1760312768153085
2019-11-10 20:54:00,0.2468211042833559
2019-11-10 20:57:00,0.3077017951056291
2019-11-10 21:00:00,0.34420461343160014
2019-11-10 21:03:00,0.34635578526194877
2019-11-10 21:06:00,0.216042562340931
2019-11-10 21:09:00,0.23400009582650227
2019-11-10 21:12:00,0.3266865723432488
2019-11-10 21:15:00,0.31398011361824274
2019-11-10 21:18:00,0.2526461630467338
2019-11-10 21:21:00,0.3380382181006212
2019-11-10 21:24:00,0.41191008130533646
2019-11-10 21:27:00,0.48028253442709
2019-11-10 21:30:00,0.4524410732385036
2019-11-10 21:33:00,0.4084120788990049
2019-11-10 21:36:00,0.4479056123902865
2019-11-10 21:39:00,0.5180661096080712
2019-11-10 21:42:00,0.5099729529558772
2019-11-10 21:45:00,0.5002327466787619
2019-11-10 21:48:00,0.41316074058494223
2019-11-10 21:51:00,0.26781440571795656
2019-11-10 21:54:00,0.24697652887437016
2019-11-10 21:57:00,0.2436702060905418
2019-11-10 22:00:00,0.26316925960554727
2019-11-10 22:03:00,0.3332715442597305
2019-11-10 22:06:00,0.3712820056237547
2019-11-10 22:09:00,0.3816308273976574
2019-11-10 22:12:00,0.40102607336592655
2019-11-10 22:15:00,0.40308533961535886
2019-11-10 22:18:00,0.3460300418154816
2019-11-10 22:21:00,0.44023125987234835
2019-11-10 22:24:00,0.43525184900977365
2019-11-10 22:27:00,0.38216407428194543
2019-11-10 22:30:00,0.39590408467017824
2019-11-10 22:33:00,0.469683301065686
2019-11-10 22:36:00,0.4440338044663008
2019-11-10 22:39:00,0.4401741608054408
2019-11-10 22:42:00,0.4415093973910871
2019-11-10 22:45:00,0.465603757266706
2019-11-10 22:48:00,0.4172606748928729
2019-11-10 22:51:00,0.42825974475312023
2019-11-10 22:54:00,0.4467408621087543
2019-11-10 22:57:00,0.5222418547310212
2019-11-10 23:00:00,0.4674452999713594
2019-11-10 23:03:00,0.48022642473392807
2019-11-10 23:06:00,0.46982361623321367
2019-11-10 23:09:00,0.46791813590431275
2019-11-10 23:12:00,0.5076441442745363
2019-11-10 23:15:00,0.5568601160642856
2019-11-10 23:18:00,0.47786094516658295
2019-11-10 23:21:00,0.5139214018761322
2019-11-10 23:24:00,0.4985745132244688
2019-11-10 23:27:00,0.5073320642326848
2019-11-10 23:30:00,0.6177332892197
2019-11-10 23:33:00,0.5994297735977057
2019-11-10 23:36:00,0.5145635172125367
2019-11-10 23:39:00,0.588583276716065
2019-11-10 23:42:00,0.4520705202889417
2019-11-10 23:45:00,0.4952614195644287
2019-11-10 23:48:00,0.4342138420927881
2019-11-10 23:51:00,0.40877264071860964
2019-11-10 23:54:00,0.38545116500608856
2019-11-10 23:57:00,0.49848146943639904
2019-11-11 00:00:00,0.40933867532743307
2019-11-11 00:03:00,0.44407063763225096
2019-11-11 00:06:00,0.4334634648079714
2019-11-11 00:09:00,0.4330584580627601
2019-11-11 00:12:00,0.44230232911354506
2019-11-11 00:15:00,0.39970480971425104
2019-11-11 00:18:00,0.4170503318264309
2019-11-11 00:21:00,0.4220079956720042
2019-11-11 00:24:00,0.4439936176278252
2019-11-11 00:27:00,0.41825200781971716
2019-11-11 00:30:00,0.48896434965985236
2019-11-11 00:33:00,0.4519583222781307
2019-11-11 00:36:00,0.4588282330607285
2019-11-11 00:39:00,0.517575092887455
2019-11-11 00:42:00,0.5307461574311105
2019-11-11 00:45:00,0.577576569863254
2019-11-11 00:48:00,0.5275157366780263
2019-11-11 00:51:00,0.502499798316137
2019-11-11 00:54:00,0.5485162230488072
2019-11-11 00:57:00,0.46651337826187955
2019-11-11 01:00:00,0.45349113555039366
2019-11-11 01:03:00,0.4598942406815354
2019-11-11 01:06:00,0.4731384586044669
2019-11-11 01:09:00,0.4283268642393523
2019-11-11 01:12:00,0.3785737575101962
2019-11-11 01:15:00,0.45246031355094374
2019-11-11 01:18:00,0.38478034684953855
2019-11-11 01:21:00,0.36609891819796303
2019-11-11 01:24:00,0.3853559864966769
2019-11-11 01:27:00,0.3571865279418489
2019-11-11 01:30:00,0.39297384103804234
2019-11-11 01:33:00,0.4159140657699254
2019-11-11 01:36:00,0.37604729907616274
2019-11-11 01:39:00,0.39356735948882715
2019-11-11 01:42:00,0.31196318538104606
2019-11-11 01:45:00,0.4259060072665193
2019-11-11 01:48:00,0.3975236552167871
2019-11-11 01:51:00,0.3947476347484553
2019-11-11 01:54:00,0.4306174613951157
2019-11-11 01:57:00,0.415684036006553
2019-11-11 02:00:00,0.4184626740674844
2019-11-11 02:03:00,0.5597538432052147
2019-11-11 02:06:00,0.4459670759810592
2019-11-11 02:09:00,0.5230066978916739
2019-11-11 02:12:00,0.4257489089757769
2019-11-11 02:15:00,0.4198825226471854
2019-11-11 02:18:00,0.4369886137062622
2019-11-11 02:21:00,0.4534127057821138
2019-11-11 02:24:00,0.5317652841915219
2019-11-11 02:27:00,0.4926801285776037
2019-11-11 02:30:00,0.4019116335786066
2019-11-11 02:33:00,0.37880859981470394
2019-11-11 02:36:00,0.4703309191843914
2019-11-11 02:39:00,0.518546551530676
2019-11-11 02:42:00,0.5859690749043125
2019-11-11 02:45:00,0.5060150394838843
2019-11-11 02:48:00,0.4717925834786456
2019-11-11 02:51:00,0.4998184569905675
2019-11-11 02:54:00,0.504133558911235
2019-11-11 02:57:00,0.47158190310352666
2019-11-11 03:00:00,0.46458039083984204
2019-11-11 03:03:00,0.3799691259782776
2019-11-11 03:06:00,0.37321101433769854
2019-11-11 03:09:00,0.44210823349533257
2019-11-11 03:12:00,0.4763447690627345
2019-11-11 03:15:00,0.4521140340769989
2019-11-11 03:18:00,0.4830626824419255
2019-11-11 03:21:00,0.4255940757593635
2019-11-11 03:24:00,0.4121449625745299
2019-11-11 03:27:00,0.37078002356213347
2019-11-11 03:30:00,0.44908727649465163
2019-11-11 03:33:00,0.40414437411016024
2019-11-11 03:36:00,0.46951822022543865
2019-11-11 03:39:00,0.40523389832452494
2019-11-11 03:42:00,0.4362497562934209
2019-11-11 03:45:00,0.3716872965424045
2019-11-11 03:48:00,0.4247151031473777
2019-11-11 03:51:00,0.43531448820596097
2019-11-11 03:54:00,0.4077489695969234
2019-11-11 03:57:00,0.4088094558379112
2019-11-11 04:00:00,0.47910600396625114
2019-11-11 04:03:00,0.5308851814247646
2019-11-11 04:06:00,0.5443031884193488
2019-11-11 04:09:00,0.5384393145568538
2019-11-11 04:12:00,0.5155268238143549
2019-11-11 04:15:00,0.44694898104171443
2019-11-11 04:18:00,0.45970323813696723
2019-11-11 04:21:00,0.39944846157345637
2019-11-11 04:24:00,0.46357205423407777
2019-11-11 04:27:00,0.4719948409567678
2019-11-11 04:30:00,0.5192717438659429
2019-11-11 04:33:00,0.45309979365140407
2019-11-11 04:36:00,0.5262031359939101
2019-11-11 04:39:00,0.3951303264354351
2019-11-11 04:42:00,0.45341842421453293
2019-11-11 04:45:00,0.4679152964222908
2019-11-11 04:48:00,0.4788464237180392
2019-11-11 04:51:00,0.4990375413679544
2019-11-11 04:54:00,0.5065267687475625
2019-11-11 04:57:00,0.3912701171931303
2019-11-11 05:00:00,0.46298287235657654
2019-11-11 05:03:00,0.45239290815243294
2019-11-11 05:06:00,0.4901395338459906
2019-11-11 05:09:00,0.5162701162054191
2019-11-11 05:12:00,0.503799547914582
2019-11-11 05:15:00,0.6098614267531843
2019-11-11 05:18:00,0.6204710892684488
2019-11-11 05:21:00,0.6041254047054849
2019-11-11 05:24:00,0.5673645401815293
2019-11-11 05:27:00,0.5192470061176095
2019-11-11 05:30:00,0.5463949016246943
2019-11-11 05:33:00,0.4061885719291922
2019-11-11 05:36:00,0.5055246643028113
2019-11-11 05:39:00,0.3848608401946194
2019-11-11 05:42:00,0.3247311934474624
2019-11-11 05:45:00,0.35793165544311023
2019-11-11 05:48:00,0.3662700647079191
2019-11-11 05:51:00,0.37179100579902524
2019-11-11 05:54:00,0.35694504944143546
2019-11-11 05:57:00,0.346585201797609
2019-11-11 06:00:00,0.3994232900457746
2019-11-11 06:03:00,0.41050440307657254
2019-11-11 06:06:00,0.401119828619926
2019-11-11 06:09:00,0.4235627060496654
2019-11-11 06:12:00,0.5029429638300371
2019-11-11 06:15:00,0.5015682945675053
2019-11-11 06:18:00,0.5202403106042084
2019-11-11 06:21:00,0.4069550819033907
2019-11-11 06:24:00,0.4590676612693301
2019-11-11 06:27:00,0.4656273310845336
2019-11-11 06:30:00,0.37731765740005585
2019-11-11 06:33:00,0.4833085998341744
2019-11-11 06:36:00,0.3609937659880984
2019-11-11 06:39:00,0.4632881218281568
2019-11-11 06:42:00,0.34541135200583994
2019-11-11 06:45:00,0.3780423262175532
2019-11-11 06:48:00,0.3910940237328191
2019-11-11 06:51:00,0.3629294878214182
2019-11-11 06:54:00,0.345483435717199
2019-11-11 06:57:00,0.2569465208614474
2019-11-11 07:00:00,0.4751647461562243
2019-11-11 07:03:00,0.49142131943960976
2019-11-11 07:06:00,0.4127594674478132
2019-11-11 07:09:00,0.4032748015580978
2019-11-11 07:12:00,0.38871090506802375
2019-11-11 07:15:00,0.4800578940283913
2019-11-11 07:18:00,0.3376643229375986
2019-11-11 07:21:00,0.3583106434020351
2019-11-11 07:24:00,0.4673588740869832
2019-11-11 07:27:00,0.3333046762249978
2019-11-11 07:30:00,0.43591541601870176
2019-11-11 07:33:00,0.46004233514850057
2019-11-11 07:36:00,0.2904050276343355
2019-11-11 07:39:00,0.5062950811861242
2019-11-11 07:42:00,0.5530561108492407
2019-11-11 07:45:00,0.4032745029201692
2019-11-11 07:48:00,0.38013936825757355
2019-11-11 07:51:00,0.40352359415931005
2019-11-11 07:54:00,0.39314370671360166
2019-11-11 07:57:00,0.39586077788652574
2019-11-11 08:00:00,0.3349716386341015
2019-11-11 08:03:00,0.3432158258358413
2019-11-11 08:06:00,0.41725611750729286
2019-11-11 08:09:00,0.3795450765503574
2019-11-11 08:12:00,0.3616166317249849
2019-11-11 08:15:00,0.4633007306755985
2019-11-11 08:18:00,0.37335708397000644
2019-11-11 08:21:00,0.3409806481874398
2019-11-11 08:24:00,0.43547433346424214
2019-11-11 08:27:00,0.49599025222448745
2019-11-11 08:30:00,0.4440587755511842
2019-11-11 08:33:00,0.3856392107179545
2019-11-11 08:36:00,0.42045212781158625
2019-11-11 08:39:00,0.38748949887923345
2019-11-11 08:42:00,0.43019153760985773
2019-11-11 08:45:00,0.3450597120402108
2019-11-11 08:48:00,0.36822116513786796
2019-11-11 08:51:00,0.28977943528298056
2019-11-11 08:54:00,0.264599205627178
2019-11-11 08:57:00,0.28308784600767467
2019-11-11 09:00:00,0.3737820338271831
2019-11-11 09:03:00,0.273809562330257
2019-11-11 09:06:00,0.25947450917396964
2019-11-11 09:09:00,0.318688722836896
2019-11-11 09:12:00,0.28705016666378924
2019-11-11 09:15:00,0.2656279008503475
2019-11-11 09:18:00,0.23946065461007038
2019-11-11 09:21:00,0.2463960065500146
2019-11-11 09:24:00,0.1777021559419154
2019-11-11 09:27:00,0.24830922987086979
2019-11-11 09:30:00,0.26593125256675876
2019-11-11 09:33:00,0.21279554699083292
2019-11-11 09:36:00,0.3101864989732235
2019-11-11 09:39:00,0.24135516391118017
2019-11-11 09:42:00,0.23891608845548262
2019-11-11 09:45:00,0.2290348493016836
2019-11-11 09:48:00,0.23600876862343512
2019-11-11 09:51:00,0.10580752412266747
2019-11-11 09:54:00,0.15173924924499715
2019-11-11 09:57:00,0.0935084250129421
2019-11-11 10:00:00,0.08018169149437426
2019-11-11 10:03:00,0.1176784609864967
2019-11-11 10:06:00,0.03434429029164221
2019-11-11 10:09:00,0.03623198027565877
2019-11-11 10:12:00,0.11485387307237716
2019-11-11 10:15:00,0.07568728223378685
2019-11-11 10:18:00,0.08652008232888875
2019-11-11 10:21:00,0.05635619837102013
2019-11-11 10:24:00,0.029816913273862156
2019-11-11 10:27:00,0.08628442610876164
2019-11-11 10:30:00,-0.06428454203899037
2019-11-11 10:33:00,-0.07769639052867205
2019-11-11 10:36:00,0.09785873387636457
2019-11-11 10:39:00,-0.017200921795222257
2019-11-11 10:42:00,-0.003572501118526361
2019-11-11 10:45:00,-0.012127623610126648
2019-11-11 10:48:00,0.05039022551409289
2019-11-11 10:51:00,-0.024525015098959102
2019-11-11 10:54:00,0.03231232617014257
2019-11-11 10:57:00,0.011705080064587037
2019-11-11 11:00:00,0.06245988756546694
2019-11-11 11:03:00,-0.025212251904179084
2019-11-11 11:06:00,-0.029207270939309637
2019-11-11 11:09:00,0.05868367004131869
2019-11-11 11:12:00,-0.04801093713939508
2019-11-11 11:15:00,0.042064131669746985
2019-11-11 11:18:00,0.021340514536063893
2019-11-11 11:21:00,-0.023128310828610665
2019-11-11 11:24:00,-0.06356175653769469
2019-11-11 11:27:00,0.04243226588954485
2019-11-11 11:30:00,-0.022856773400008024
2019-11-11 11:33:00,-0.029581282782771723
2019-11-11 11:36:00,-0.053329723854972144
2019-11-11 11:39:00,-0.08388544883104032
2019-11-11 11:42:00,-0.011516424814715265
2019-11-11 11:45:00,-0.13179497667596252
2019-11-11 11:48:00,-0.09455754303633057
2019-11-11 11:51:00,-0.04399045495881637
2019-11-11 11:54:00,-0.0009989035825697101
2019-11-11 11:57:00,-0.11872966709375987
2019-11-11 12:00:00,-0.10272823721101076
2019-11-11 12:03:00,-0.17632516821623767
2019-11-11 12:06:00,-0.10294541646055677
2019-11-11 12:09:00,-0.19415761070473536
2019-11-11 12:12:00,-0.08606344153338341
2019-11-11 12:15:00,-0.106480244255863
2019-11-11 12:18:00,-0.18957431062290198
2019-11-11 12:21:00,-0.1509825304524952
2019-11-11 12:24:00,-0.1411298582455629
2019-11-11 12:27:00,-0.1819469893682708
2019-11-11 12:30:00,-0.24210972926221075
2019-11-11 12:33:00,-0.15950715562280493
2019-11-11 12:36:00,-0.24639788122340178
2019-11-11 12:39:00,-0.1429310204443368
2019-11-11 12:42:00,-0.2377376819458732
2019-11-11 12:45:00,-0.19385040733095593
2019-11-11 12:48:00,-0.06463834830054793
2019-11-11 12:51:00,-0.3134981966696273
2019-11-11 12:54:00,-0.08233212818788616
2019-11-11 12:57:00,-0.1196954493677822
2019-11-11 13:00:00,-0.07937342760880028
2019-11-11 13:03:00,-0.21286146889161728
2019-11-11 13:06:00,-0.22137718471691414
2019-11-11 13:09:00,-0.21999747212322518
2019-11-11 13:12:00,-0.1423852498554652
2019-11-11 13:15:00,-0.23063021671401884
2019-11-11 13:18:00,-0.24946530092233843
2019-11-11 13:21:00,-0.21528023808150465
2019-11-11 13:24:00,-0.20257102065147592
2019-11-11 13:27:00,-0.16521108099146886
2019-11-11 13:30:00,-0.3146179138411185
2019-11-11 13:33:00,-0.16937745378811542
2019-11-11 13:36:00,-0.12974013368261694
2019-11-11 13:39:00,-0.13350501241853863
2019-11-11 13:42:00,-0.19211735599503754
2019-11-11 13:45:00,-0.31452239782009883
2019-11-11 13:48:00,-0.2187616096474585
2019-11-11 13:51:00,-0.2018811142044683
2019-11-11 13:54:00,-0.23650817050975093
2019-11-11 13:57:00,-0.36431210242551515
2019-11-11 14:00:00,-0.4263155555489675
2019-11-11 14:03:00,-0.14871841132122654
2019-11-11 14:06:00,-0.23465335689229505
2019-11-11 14:09:00,-0.3829182262094264
2019-11-11 14:12:00,-0.359058116351207
2019-11-11 14:15:00,-0.3247926112607047
2019-11-11 14:18:00,-0.26163789320008846
2019-11-11 14:21:00,-0.22310764974156427
2019-11-11 14:24:00,-0.1280630894520982
2019-11-11 14:27:00,-0.24590226459469022
2019-11-11 14:30:00,-0.09984773990726126
2019-11-11 14:33:00,-0.13441787310966902
2019-11-11 14:36:00,-0.08408418578403598
2019-11-11 14:39:00,-0.1313653361304432
2019-11-11 14:42:00,-0.316262430900224
2019-11-11 14:45:00,-0.2005963668464119
2019-11-11 14:48:00,-0.08798530011756611
2019-11-11 14:51:00,-0.21004590991577743
2019-11-11 14:54:00,-0.27049153509875623
2019-11-11 14:57:00,-0.34715421720665063
2019-11-11 15:00:00,-0.25511936448270944
2019-11-11 15:03:00,-0.4098483790804721
2019-11-11 15:06:00,-0.33239652502476247
2019-11-11 15:09:00,-0.3376680705905528
2019-11-11 15:12:00,-0.17843864195742754
2019-11-11 15:15:00,-0.2680332885263397
2019-11-11 15:18:00,-0.3646513271329468
2019-11-11 15:21:00,-0.3883575107010415
2019-11-11 15:24:00,-0.3842400989593102
2019-11-11 15:27:00,-0.4913814928131046
2019-11-11 15:30:00,-0.3593947973874947
2019-11-11 15:33:00,-0.3403393426111734
2019-11-11 15:36:00,-0.34488253176459693
2019-11-11 15:39:00,-0.30275302962553496
2019-11-11 15:42:00,-0.39649854790206973
2019-11-11 15:45:00,-0.19568694472786774
2019-11-11 15:48:00,-0.15970972012365792
2019-11-11 15:51:00,-0.07962563649851973
2019-11-11 15:54:00,-0.01917297387592498
2019-11-11 15:57:00,-0.08155312798305658
2019-11-11 16:00:00,-0.07517362508713177
2019-11-11 16:03:00,-0.0562436661952006
2019-11-11 16:06:00,-0.004095094240767594
2019-11-11 16:09:00,-0.14044902887297894
2019-11-11 16:12:00,-0.06560487702114415
2019-11-11 16:15:00,-0.051268891010693096
2019-11-11 16:18:00,-0.12394289633112976
2019-11-11 16:21:00,-0.1051403989003461
2019-11-11 16:24:00,-0.1553197199231704
2019-11-11 16:27:00,-0.17995026234279976
2019-11-11 16:30:00,-0.12647638108575165
2019-11-11 16:33:00,-0.13412688556286412
2019-11-11 16:36:00,-0.2012149747121157
2019-11-11 16:39:00,-0.035878737064194866
2019-11-11 16:42:00,-0.1634480350290346
2019-11-11 16:45:00,-0.16508607974503775
2019-11-11 16:48:00,0.010577164700123376
2019-11-11 16:51:00,-0.15822557991998565
2019-11-11 16:54:00,-0.03316673916282298
2019-11-11 16:57:00,-0.15325610430897996
2019-11-11 17:00:00,-0.22917820307173997
2019-11-11 17:03:00,-0.1063898705569386
2019-11-11 17:06:00,-0.10010610898075356
2019-11-11 17:09:00,-0.10283427841716275
2019-11-11 17:12:00,-0.027491708293268857
2019-11-11 17:15:00,-0.07327858406910082
2019-11-11 17:18:00,-0.15748355830180572
2019-11-11 17:21:00,-0.07632074345400497
2019-11-11 17:24:00,-0.17134103619923735
2019-11-11 17:27:00,-0.07350787967214956
2019-11-11 17:30:00,-0.07033953939122739
2019-11-11 17:33:00,-0.055407653671522894
2019-11-11 17:36:00,-0.058225136738769834
2019-11-11 17:39:00,-0.11216371367828515
2019-11-11 17:42:00,0.012731640355696072
2019-11-11 17:45:00,0.01495999204206555
2019-11-11 17:48:00,0.018956344233799882
2019-11-11 17:51:00,0.03252332109030931
2019-11-11 17:54:00,-0.0036443959337475462
2019-11-11 17:57:00,-0.042014459262929904
2019-11-11 18:00:00,-0.12866321584863272
2019-11-11 18:03:00,0.11366297664005742
2019-11-11 18:06:00,-0.04065155949496102
2019-11-11 18:09:00,-0.021373488863446255
2019-11-11 18:12:00,-0.017371715819535893
2019-11-11 18:15:00,-0.020696087609394453
2019-11-11 18:18:00,-0.010224846833068568
2019-11-11 18:21:00,0.08577891550572758
2019-11-11 18:24:00,0.007373842764025085
2019-11-11 18:27:00,-0.012306104589868028
2019-11-11 18:30:00,0.01700684295121846
2019-11-11 18:33:00,0.003345571709530759
2019-11-11 18:36:00,0.07353746832404795
2019-11-11 18:39:00,0.047763718449516546
2019-11-11 18:42:00,0.00723232433801968
2019-11-11 18:45:00,0.04865765127385657
2019-11-11 18:48:00,-0.0003598558930661966
2019-11-11 18:51:00,0.04812800821059682
2019-11-11 18:54:00,
2019-11-11 18:57:00,
2019-11-11 19:00:00,
2019-11-11 19:03:00,0.033688102279484156
2019-11-11 19:06:00,0.07525301090441872
2019-11-11 19:09:00,0.072216909901897
2019-11-11 19:12:00,0.0878961679859458
2019-11-11 19:15:00,0.13519229896405704
2019-11-11 19:18:00,-0.00648469081119174
2019-11-11 19:21:00,0.06706990475424845
2019-11-11 19:24:00,0.056028606046481855
2019-11-11 19:27:00,0.0028804133367543727
2019-11-11 19:30:00,0.12759613776137257
2019-11-11 19:33:00,0.051613175253692134
2019-11-11 19:36:00,0.0809732288377063
2019-11-11 19:39:00,0.14300285291938053
2019-11-11 19:42:00,0.09915361127571032
2019-11-11 19:45:00,0.08424257579679306
2019-11-11 19:48:00,0.1430747500184566
2019-11-11 19:51:00,0.25431101831219394
2019-11-11 19:54:00,0.18508229174273083
2019-11-11 19:57:00,0.16200163610568552
2019-11-11 20:00:00,0.18789855940099187
2019-11-11 20:03:00,0.20217478642081232
2019-11-11 20:06:00,0.06683088188231068
2019-11-11 20:09:00,0.10811051687721829
2019-11-11 20:12:00,0.169597775111356
2019-11-11 20:15:00,0.22629206404405977
2019-11-11 20:18:00,0.21225875646956638
2019-11-11 20:21:00,0.12227923414650377
2019-11-11 20:24:00,0.07308278444452299
2019-11-11 20:27:00,0.10784080390010331
2019-11-11 20:30:00,0.11072575997769718
2019-11-11 20:33:00,0.08155497759975106
2019-11-11 20:36:00,0.11802895398045621
2019-11-11 20:39:00,0.08894551360276637
2019-11-11 20:42:00,0.1138850183847353
2019-11-11 20:45:00,0.03791332210624887
2019-11-11 20:48:00,0.18666114190710914
2019-11-11 20:51:00,0.09357923465211115
2019-11-11 20:54:00,0.11609734665762517
2019-11-11 20:57:00,0.16674771103276953
2019-11-11 21:00:00,0.15521736670672226
2019-11-11 21:03:00,0.17566388885722972
2019-11-11 21:06:00,0.1265759693376367
2019-11-11 21:09:00,0.1611048740693377
2019-11-11 21:12:00,0.10845671949891766
2019-11-11 21:15:00,0.10675201151155989
2019-11-11 21:18:00,0.10540332412261932
2019-11-11 21:21:00,0.14716970352651515
2019-11-11 21:24:00,0.1184659530870249
2019-11-11 21:27:00,0.15068171662750274
2019-11-11 21:30:00,0.20647846003686254
2019-11-11 21:33:00,0.15560373012738182
2019-11-11 21:36:00,0.17707850740771391
2019-11-11 21:39:00,0.2957839896862424
2019-11-11 21:42:00,0.30272050276875007
2019-11-11 21:45:00,0.3124114708504635
2019-11-11 21:48:00,0.3382839325361715
2019-11-11 21:51:00,0.3262696463490897
2019-11-11 21:54:00,0.3710212939060966
2019-11-11 21:57:00,0.23781520406834034
2019-11-11 22:00:00,0.24676207408498385
2019-11-11 22:03:00,0.390602090849427
2019-11-11 22:06:00,0.43868141917937464
2019-11-11 22:09:00,0.40388461267298226
2019-11-11 22:12:00,0.3121177534723074
2019-11-11 22:15:00,0.20571437522016822
2019-11-11 22:18:00,0.2860334682600296
2019-11-11 22:21:00,0.22184832920834197
2019-11-11 22:24:00,0.14920989685640507
2019-11-11 22:27:00,0.19933284909620852
2019-11-11 22:30:00,0.2930381458115221
2019-11-11 22:33:00,0.19827059430372174
2019-11-11 22:36:00,0.11377071995315191
2019-11-11 22:39:00,0.31173264159053815
2019-11-11 22:42:00,0.32837981815112016
2019-11-11 22:45:00,0.4331629734054445
2019-11-11 22:48:00,0.47831650544998183
2019-11-11 22:51:00,0.498743125025328
2019-11-11 22:54:00,0.4888783174111495
2019-11-11 22:57:00,0.5050402165917376
2019-11-11 23:00:00,0.4882658313705974
2019-11-11 23:03:00,0.38969030701514384
2019-11-11 23:06:00,0.45625416330653934
2019-11-11 23:09:00,0.39596841802642757
2019-11-11 23:12:00,0.5325918943117358
2019-11-11 23:15:00,0.5300232276691759
2019-11-11 23:18:00,0.6243435805612876
2019-11-11 23:21:00,0.5460494532976554
2019-11-11 23:24:00,0.645159555195562
2019-11-11 23:27:00,0.6379921138697
2019-11-11 23:30:00,0.5713823435900167
2019-11-11 23:33:00,0.705662652525973
2019-11-11 23:36:00,0.6763542743266839
2019-11-11 23:39:00,0.5837340341818731
2019-11-11 23:42:00,0.7155979103462755
2019-11-11 23:45:00,0.7263861798598441
2019-11-11 23:48:00,0.5213961948239785
2019-11-11 23:51:00,0.5942639904267821
2019-11-11 23:54:00,0.6231005866827672
2019-11-11 23:57:00,0.592010159409142
2019-11-12 00:00:00,0.5735537368553878
2019-11-12 00:03:00,0.47473928672479815
2019-11-12 00:06:00,0.6084261387376273
2019-11-12 00:09:00,0.614467339699047
2019-11-12 00:12:00,0.6283916924119808
2019-11-12 00:15:00,0.706726599045453
2019-11-12 00:18:00,0.6531853138791348
2019-11-12 00:21:00,0.5040201339697887
2019-11-12 00:24:00,0.5497211570978493
2019-11-12 00:27:00,0.4793986506221586
2019-11-12 00:30:00,0.499356105201457
2019-11-12 00:33:00,0.5019107297326855
2019-11-12 00:36:00,0.498379957493853
2019-11-12 00:39:00,0.5423831788318125
2019-11-12 00:42:00,0.5605767252436635
2019-11-12 00:45:00,0.6980614458024661
2019-11-12 00:48:00,0.7456041044279687
2019-11-12 00:51:00,0.7384118400128159
2019-11-12 00:54:00,0.6793557045705825
2019-11-12 00:57:00,0.5240511104570942
2019-11-12 01:00:00,0.6328795892770813
2019-11-12 01:03:00,0.7241437908244848
2019-11-12 01:06:00,0.6885540629650109
2019-11-12 01:09:00,0.6343295363029711
2019-11-12 01:12:00,0.5934111170033702
2019-11-12 01:15:00,0.5359339384813211
2019-11-12 01:18:00,0.617767860396043
2019-11-12 01:21:00,0.5804755263576453
2019-11-12 01:24:00,0.5625124128096672
2019-11-12 01:27:00,0.58251766447205
2019-11-12 01:30:00,0.5589885242865194
2019-11-12 01:33:00,0.41247295467854883
2019-11-12 01:36:00,0.5560015208952223
2019-11-12 01:39:00,0.5024606855698721
2019-11-12 01:42:00,0.5925051234059993
2019-11-12 01:45:00,0.636515880493107
2019-11-12 01:48:00,0.5166603706909427
2019-11-12 01:51:00,0.611813941573871
2019-11-12 01:54:00,0.610590284995169
2019-11-12 01:57:00,0.47444106540274333
2019-11-12 02:00:00,0.48605933360329345
2019-11-12 02:03:00,0.496626977386768
2019-11-12 02:06:00,0.47105499019215813
2019-11-12 02:09:00,0.4936681213924885
2019-11-12 02:12:00,0.4298983238352889
2019-11-12 02:15:00,0.36678499313200064
2019-11-12 02:18:00,0.4924683890034771
2019-11-12 02:21:00,0.4945966806129718
2019-11-12 02:24:00,0.45547206252382466
2019-11-12 02:27:00,0.4750070908535804
2019-11-12 02:30:00,0.4374201830347033
2019-11-12 02:33:00,0.44728285674790413
2019-11-12 02:36:00,0.5309015828277666
2019-11-12 02:39:00,0.5631795265289838
2019-11-12 02:42:00,0.4508715944601249
2019-11-12 02:45:00,0.5041172334266548
2019-11-12 02:48:00,0.5450706893601023
2019-11-12 02:51:00,0.5571887946498464
2019-11-12 02:54:00,0.542549737987315
2019-11-12 02:57:00,0.4532233008209232
2019-11-12 03:00:00,0.4382514911515045
2019-11-12 03:03:00,0.5149929768896868
2019-11-12 03:06:00,0.49695053891724683
2019-11-12 03:09:00,0.5049296725966883
2019-11-12 03:12:00,0.4593467596737355
2019-11-12 03:15:00,0.4603956762973098
2019-11-12 03:18:00,0.4740054253827566
2019-11-12 03:21:00,0.5861155689369753
2019-11-12 03:24:00,0.5485833338436805
2019-11-12 03:27:00,0.5743079339969768
2019-11-12 03:30:00,0.632340300743067
2019-11-12 03:33:00,0.544026520432169
2019-11-12 03:36:00,0.6148318768229615
2019-11-12 03:39:00,0.5793026914277561
2019-11-12 03:42:00,0.5886843777816466
2019-11-12 03:45:00,0.521842784018304
2019-11-12 03:48:00,0.4580878253050287
2019-11-12 03:51:00,0.4205290817852756
2019-11-12 03:54:00,0.4921440573082805
2019-11-12 03:57:00,0.5272640808598794
2019-11-12 04:00:00,0.3797835311108315
2019-11-12 04:03:00,0.4699492973668953
2019-11-12 04:06:00,0.5766549443652593
2019-11-12 04:09:00,0.5783797299271782
2019-11-12 04:12:00,0.5228237363589301
2019-11-12 04:15:00,0.48234545865335576
2019-11-12 04:18:00,0.5116788540890411
2019-11-12 04:21:00,0.430255266770871
2019-11-12 04:24:00,0.48477075592739993
2019-11-12 04:27:00,0.5910323525589547
2019-11-12 04:30:00,0.5396847717880178
2019-11-12 04:33:00,0.5813493645580934
2019-11-12 04:36:00,0.5325726204792431
2019-11-12 04:39:00,0.6491986835470698
2019-11-12 04:42:00,0.7732122230260643
2019-11-12 04:45:00,0.8200467990077414
2019-11-12 04:48:00,0.7359033232840488
2019-11-12 04:51:00,0.5676038836049315
2019-11-12 04:54:00,0.39244929875690104
2019-11-12 04:57:00,0.4931670890089208
2019-11-12 05:00:00,0.3927321903394727
2019-11-12 05:03:00,0.4275591118872626
2019-11-12 05:06:00,0.38649030281965224
2019-11-12 05:09:00,0.46203092372934407
2019-11-12 05:12:00,0.5062111257061019
2019-11-12 05:15:00,0.4023992986320195
2019-11-12 05:18:00,0.4591131488951987
2019-11-12 05:21:00,0.4264240825161778
2019-11-12 05:24:00,0.39074265908220696
2019-11-12 05:27:00,0.46516043923440975
2019-11-12 05:30:00,0.46404706511486893
2019-11-12 05:33:00,0.43032771640810097
2019-11-12 05:36:00,0.3909267155329985
2019-11-12 05:39:00,0.45390472879603294
2019-11-12 05:42:00,0.42065015989834365
2019-11-12 05:45:00,0.3251339126713333
2019-11-12 05:48:00,0.3140047335921281
2019-11-12 05:51:00,0.3271980607570981
2019-11-12 05:54:00,0.4550640011601672
2019-11-12 05:57:00,0.3613969078576247
2019-11-12 06:00:00,0.3870441647184748
2019-11-12 06:03:00,0.39202408120570453
2019-11-12 06:06:00,0.31159792890872495
2019-11-12 06:09:00,0.4516465271644279
2019-11-12 06:12:00,0.4580549320976388
2019-11-12 06:15:00,0.4525036846596322
2019-11-12 06:18:00,0.4971603963626876
2019-11-12 06:21:00,0.4786163750722494
2019-11-12 06:24:00,0.49635723025733114
2019-11-12 06:27:00,0.5646705534376224
2019-11-12 06:30:00,0.4234666230816515
2019-11-12 06:33:00,0.4426707193829884
2019-11-12 06:36:00,0.40921107812857827
2019-11-12 06:39:00,0.43746703232602613
2019-11-12 06:42:00,0.39533280184747355
2019-11-12 06:45:00,0.47432364164467344
2019-11-12 06:48:00,0.48486259496064577
2019-11-12 06:51:00,0.4897296259599102
2019-11-12 06:54:00,0.5015780057406118
2019-11-12 06:57:00,0.5582315647795326
2019-11-12 07:00:00,0.41442470403148945
2019-11-12 07:03:00,0.3880739253892216
2019-11-12 07:06:00,0.4658425645067723
2019-11-12 07:09:00,0.4343697803382156
2019-11-12 07:12:00,0.3887999541406657
2019-11-12 07:15:00,0.43496527073978086
2019-11-12 07:18:00,0.45068604149122393
2019-11-12 07:21:00,0.4575052967798001
2019-11-12 07:24:00,0.3687164964763383
2019-11-12 07:27:00,0.48697363551087847
2019-11-12 07:30:00,0.36399317436826095
2019-11-12 07:33:00,0.37473512795247643
2019-11-12 07:36:00,0.32921717841276177
2019-11-12 07:39:00,0.3482390278048797
2019-11-12 07:42:00,0.40205513790124314
2019-11-12 07:45:00,0.3444582651887913
2019-11-12 07:48:00,0.5147208215341834
2019-11-12 07:51:00,0.37833032967608915
2019-11-12 07:54:00,0.41635468057734215
2019-11-12 07:57:00,0.49279783211733275
2019-11-12 08:00:00,0.4515441134817024
2019-11-12 08:03:00,0.44315809421937047
2019-11-12 08:06:00,0.3245579496556843
2019-11-12 08:09:00,0.4080406338904936
2019-11-12 08:12:00,0.457671424623868
2019-11-12 08:15:00,0.4370295319820343
2019-11-12 08:18:00,0.49119118942809337
2019-11-12 08:21:00,0.4055403912258839
2019-11-12 08:24:00,0.4055095274859468
2019-11-12 08:27:00,0.41685367593692035
2019-11-12 08:30:00,0.5031421049913547
2019-11-12 08:33:00,0.4883106241433097
2019-11-12 08:36:00,0.3815048997865915
2019-11-12 08:39:00,0.30335578301583155
2019-11-12 08:42:00,0.4395841371232905
2019-11-12 08:45:00,0.359537303945217
2019-11-12 08:48:00,0.38232600771516445
2019-11-12 08:51:00,0.444568346444953
2019-11-12 08:54:00,0.4248858864764884
2019-11-12 08:57:00,0.37492107646198747
2019-11-12 09:00:00,0.5033800824936066
2019-11-12 09:03:00,0.43848148370847184
2019-11-12 09:06:00,0.4460812899151847
2019-11-12 09:09:00,0.3459609183471457
2019-11-12 09:12:00,0.3774495696026179
2019-11-12 09:15:00,0.4666793994010163
2019-11-12 09:18:00,0.4473107791692428
2019-11-12 09:21:00,0.4040651977830976
2019-11-12 09:24:00,0.41197373502734536
2019-11-12 09:27:00,0.39209974831351246
2019-11-12 09:30:00,0.3344848615122942
2019-11-12 09:33:00,0.26718123488205947
2019-11-12 09:36:00,0.2873149868288465
2019-11-12 09:39:00,0.25336796981724774
2019-11-12 09:42:00,0.38203923680924845
2019-11-12 09:45:00,0.30719319656191146
2019-11-12 09:48:00,0.29027778414308614
2019-11-12 09:51:00,0.3778966335819973
2019-11-12 09:54:00,0.3702205822607425
2019-11-12 09:57:00,0.31517374646068674
2019-11-12 10:00:00,0.40481065279374207
2019-11-12 10:03:00,0.41880090656223956
2019-11-12 10:06:00,0.34309354365933586
2019-11-12 10:09:00,0.4084235274619914
2019-11-12 10:12:00,0.347047510263053
2019-11-12 10:15:00,0.36825970599056745
2019-11-12 10:18:00,0.3344955694349778
2019-11-12 10:21:00,0.28182267057019317
2019-11-12 10:24:00,0.3905702627768619
2019-11-12 10:27:00,0.3249192870486013
2019-11-12 10:30:00,0.32745190252484235
2019-11-12 10:33:00,0.39902571169017165
2019-11-12 10:36:00,0.4354183438074415
2019-11-12 10:39:00,0.308720689775555
2019-11-12 10:42:00,0.3049336832173708
2019-11-12 10:45:00,0.2902198939925711
2019-11-12 10:48:00,0.31160386319453437
2019-11-12 10:51:00,0.341274424053438
2019-11-12 10:54:00,0.2358585570788705
2019-11-12 10:57:00,0.31235097622641206
2019-11-12 11:00:00,0.22133759833167233
2019-11-12 11:03:00,0.28237493388792245
2019-11-12 11:06:00,0.33215958422016456
2019-11-12 11:09:00,0.1778803228693846
2019-11-12 11:12:00,0.20919295284488726
2019-11-12 11:15:00,0.30607539288888574
2019-11-12 11:18:00,0.3707348408742632
2019-11-12 11:21:00,0.3131971994482683
2019-11-12 11:24:00,0.3585687977796965
2019-11-12 11:27:00,0.3917670788387113
2019-11-12 11:30:00,0.2821047645993531
2019-11-12 11:33:00,0.3012879491767535
2019-11-12 11:36:00,0.31360943486691895
2019-11-12 11:39:00,0.17035788460179901
2019-11-12 11:42:00,0.08209175805382074
2019-11-12 11:45:00,0.17328962061014863
2019-11-12 11:48:00,0.07941030770740554
2019-11-12 11:51:00,0.14542901945674203
2019-11-12 11:54:00,-0.004412733428353022
2019-11-12 11:57:00,0.055316703980963666
2019-11-12 12:00:00,-0.02918396847542226
2019-11-12 12:03:00,-0.023553523124519415
2019-11-12 12:06:00,-0.04659173179214804
2019-11-12 12:09:00,-0.04664430054810964
2019-11-12 12:12:00,-0.13013654786578854
2019-11-12 12:15:00,-0.09947394353429218
2019-11-12 12:18:00,-0.05732193062362967
2019-11-12 12:21:00,-0.08565931636633195
2019-11-12 12:24:00,-0.04892347751444959
2019-11-12 12:27:00,-0.10302198785325345
2019-11-12 12:30:00,-0.13131935245922932
2019-11-12 12:33:00,-0.17271701427353037
2019-11-12 12:36:00,-0.020317577797982267
2019-11-12 12:39:00,-0.04605733348978447
2019-11-12 12:42:00,0.0803756308094421
2019-11-12 12:45:00,0.00989437097246082
2019-11-12 12:48:00,-0.007195633229912346
2019-11-12 12:51:00,-0.09049796123355236
2019-11-12 12:54:00,-0.0037989477511359837
2019-11-12 12:57:00,-0.053639576752686935
2019-11-12 13:00:00,0.016505473281995364
2019-11-12 13:03:00,-0.08648671545881825
2019-11-12 13:06:00,-0.02355778225432914
2019-11-12 13:09:00,-0.020462342352345786
2019-11-12 13:12:00,-0.0511663526667121
2019-11-12 13:15:00,0.06333195699590988
2019-11-12 13:18:00,0.08036405940828217
2019-11-12 13:21:00,0.018341707134084118
2019-11-12 13:24:00,0.04048279302617175
2019-11-12 13:27:00,0.10669042606417634
2019-11-12 13:30:00,0.15190411441267315
2019-11-12 13:33:00,0.10934910438646739
2019-11-12 13:36:00,0.2042559290558188
2019-11-12 13:39:00,0.30463848830339657
2019-11-12 13:42:00,0.2899920831395093
2019-11-12 13:45:00,0.24129991323184186
2019-11-12 13:48:00,0.41324263394324134
2019-11-12 13:51:00,0.31492926798904364
2019-11-12 13:54:00,0.3432121942203139
2019-11-12 13:57:00,0.28518912653606776
2019-11-12 14:00:00,0.3376699156947893
2019-11-12 14:03:00,0.3435103746070922
2019-11-12 14:06:00,0.3869626640180286
2019-11-12 14:09:00,0.5386451046530283
2019-11-12 14:12:00,0.4973073533586785
2019-11-12 14:15:00,0.39302325103165003
2019-11-12 14:18:00,0.5231390656572898
2019-11-12 14:21:00,0.3854228299030069
2019-11-12 14:24:00,0.4264855764691333
2019-11-12 14:27:00,0.35101912668255864
2019-11-12 14:30:00,0.42491641201388575
2019-11-12 14:33:00,0.3585372130971791
2019-11-12 14:36:00,0.3216209463159885
2019-11-12 14:39:00,0.24533123347003993
2019-11-12 14:42:00,0.26740850634092794
2019-11-12 14:45:00,0.35159724220994804
2019-11-12 14:48:00,0.29165432410076164
2019-11-12 14:51:00,0.400777005918485
2019-11-12 14:54:00,0.39641072669684263
2019-11-12 14:57:00,0.3635654468922098
2019-11-12 15:00:00,0.3473928789940146
2019-11-12 15:03:00,0.23600906704365343
2019-11-12 15:06:00,0.4138350724878137
2019-11-12 15:09:00,0.42201356012463975
2019-11-12 15:12:00,0.37347187144416694
2019-11-12 15:15:00,0.42555927931556425
2019-11-12 15:18:00,0.36160446909048005
2019-11-12 15:21:00,0.28570255117040233
2019-11-12 15:24:00,0.2286715882946737
2019-11-12 15:27:00,0.18848632265780907
2019-11-12 15:30:00,0.17609710472504503
2019-11-12 15:33:00,0.14979664505722212
2019-11-12 15:36:00,0.20072957233827537
2019-11-12 15:39:00,0.07350715644878392
2019-11-12 15:42:00,0.12714108486591158
2019-11-12 15:45:00,0.26948302450341544
2019-11-12 15:48:00,0.3114709827339084
2019-11-12 15:51:00,0.18818940723275546
2019-11-12 15:54:00,0.2901931151000099
2019-11-12 15:57:00,0.2473576480877
2019-11-12 16:00:00,0.29883073283679096
2019-11-12 16:03:00,0.1922330994669892
2019-11-12 16:06:00,0.310116350074054
2019-11-12 16:09:00,0.21291582718185964
2019-11-12 16:12:00,0.365085060084823
2019-11-12 16:15:00,0.373940371257504
2019-11-12 16:18:00,0.3782459191526186
2019-11-12 16:21:00,0.3796868642670006
2019-11-12 16:24:00,0.5170924032913717
2019-11-12 16:27:00,0.5444887176917064
2019-11-12 16:30:00,0.5228828643664087
2019-11-12 16:33:00,0.5247674062838996
2019-11-12 16:36:00,0.4855529608518623
2019-11-12 16:39:00,0.500736929829884
2019-11-12 16:42:00,0.4819675889830819
2019-11-12 16:45:00,0.5934049955189948
2019-11-12 16:48:00,0.6639126614042539
2019-11-12 16:51:00,0.6661172061237153
2019-11-12 16:54:00,0.7409059880635027
2019-11-12 16:57:00,0.7770710090555326
2019-11-12 17:00:00,0.649149845128477
2019-11-12 17:03:00,0.6215484325078364
2019-11-12 17:06:00,0.6905427192575075
2019-11-12 17:09:00,0.5176221358434532
2019-11-12 17:12:00,0.4312793866113793
2019-11-12 17:15:00,0.30220687039866334
2019-11-12 17:18:00,0.3726357130302631
2019-11-12 17:21:00,0.35901491633802607
2019-11-12 17:24:00,0.277080541507587
2019-11-12 17:27:00,0.31991552005030144
2019-11-12 17:30:00,0.41749109187702516
2019-11-12 17:33:00,0.5041802132680573
2019-11-12 17:36:00,0.545125557288543
2019-11-12 17:39:00,0.6391071434288733
2019-11-12 17:42:00,0.5344295302577393
2019-11-12 17:45:00,0.5440755965538528
2019-11-12 17:48:00,0.4443798831042045
2019-11-12 17:51:00,0.39451205996846284
2019-11-12 17:54:00,0.371827512040511
2019-11-12 17:57:00,0.339214549569931
2019-11-12 18:00:00,0.41753165255926206
2019-11-12 18:03:00,0.4506262506488383
2019-11-12 18:06:00,0.4098325026948828
2019-11-12 18:09:00,0.530956764465202
2019-11-12 18:12:00,0.52405916877035
2019-11-12 18:15:00,0.5949587735497062
2019-11-12 18:18:00,0.47718483197041905
2019-11-12 18:21:00,0.5779278870093094
2019-11-12 18:24:00,0.5627105744806045
2019-11-12 18:27:00,0.6086163827588962
2019-11-12 18:30:00,0.5708161629650021
2019-11-12 18:33:00,0.530924844148899
2019-11-12 18:36:00,0.6305882297849053
2019-11-12 18:39:00,0.5792718031285062
2019-11-12 18:42:00,0.583704034514767
2019-11-12 18:45:00,0.5386811714603823
2019-11-12 18:48:00,0.5031678999723681
2019-11-12 18:51:00,0.5122486676072526
2019-11-12 18:54:00,
2019-11-12 18:57:00,
2019-11-12 19:00:00,
2019-11-12 19:03:00,0.39409081853023054
2019-11-12 19:06:00,0.36023216589643425
2019-11-12 19:09:00,0.3675878266481618
2019-11-12 19:12:00,0.3942181690239295
2019-11-12 19:15:00,0.3412286750518092
2019-11-12 19:18:00,0.33132265745740597
2019-11-12 19:21:00,0.3636953000713561
2019-11-12 19:24:00,0.28095363850246713
2019-11-12 19:27:00,0.3031478178351108
2019-11-12 19:30:00,0.2130200815689136
2019-11-12 19:33:00,0.30225756412357896
2019-11-12 19:36:00,0.25413152116669835
2019-11-12 19:39:00,0.3463307274644194
2019-11-12 19:42:00,0.33243866905428376
2019-11-12 19:45:00,0.2381395333244427
2019-11-12 19:48:00,0.298444507266197
2019-11-12 19:51:00,0.3729700492289112
2019-11-12 19:54:00,0.35107289912389206
2019-11-12 19:57:00,0.38325411583019786
2019-11-12 20:00:00,0.3345854149202978
2019-11-12 20:03:00,0.33743972486240636
2019-11-12 20:06:00,0.3126227725816193
2019-11-12 20:09:00,0.419180400360176
2019-11-12 20:12:00,0.33718535691230045
2019-11-12 20:15:00,0.24675569810364095
2019-11-12 20:18:00,0.29252668418644134
2019-11-12 20:21:00,0.3117978323145394
2019-11-12 20:24:00,0.2680731890885113
2019-11-12 20:27:00,0.24287508279797976
2019-11-12 20:30:00,0.2855811764686109
2019-11-12 20:33:00,0.3542900112328198
2019-11-12 20:36:00,0.25575064063104946
2019-11-12 20:39:00,0.2998129753052581
2019-11-12 20:42:00,0.2518823813673521
2019-11-12 20:45:00,0.2556944876078546
2019-11-12 20:48:00,0.31564411858448693
2019-11-12 20:51:00,0.290892106394665
2019-11-12 20:54:00,0.38767437349605416
2019-11-12 20:57:00,0.24351620420219433
2019-11-12 21:00:00,0.24192950022660398
2019-11-12 21:03:00,0.4198367294273453
2019-11-12 21:06:00,0.36517625681784693
2019-11-12 21:09:00,0.3836162885183967
2019-11-12 21:12:00,0.312740315749636
2019-11-12 21:15:00,0.305876320597406
2019-11-12 21:18:00,0.2799766980069762
2019-11-12 21:21:00,0.3398499422186205
2019-11-12 21:24:00,0.2578256170864961
2019-11-12 21:27:00,0.3314123099946755
2019-11-12 21:30:00,0.2554096062863209
2019-11-12 21:33:00,0.24433303828652697
2019-11-12 21:36:00,0.16538518358936471
2019-11-12 21:39:00,0.2197767960190049
2019-11-12 21:42:00,0.3357170873449604
2019-11-12 21:45:00,0.31304038839743953
2019-11-12 21:48:00,0.2352438499116829
2019-11-12 21:51:00,0.16156043340146198
2019-11-12 21:54:00,0.27319301201208646
2019-11-12 21:57:00,0.30169680207160354
2019-11-12 22:00:00,0.2489162370728195
2019-11-12 22:03:00,0.31205935261749573
2019-11-12 22:06:00,0.24937960310325025
2019-11-12 22:09:00,0.3324892649894764
2019-11-12 22:12:00,0.381436230232282
2019-11-12 22:15:00,0.27962995428367776
2019-11-12 22:18:00,0.32712478310304505
2019-11-12 22:21:00,0.2790185248795751
2019-11-12 22:24:00,0.3676977292794277
2019-11-12 22:27:00,0.3164388625486936
2019-11-12 22:30:00,0.35135488670727
2019-11-12 22:33:00,0.36306232331179444
2019-11-12 22:36:00,0.4085495564078201
2019-11-12 22:39:00,0.2521805039134506
2019-11-12 22:42:00,0.3268632104765743
2019-11-12 22:45:00,0.3684663707223308
2019-11-12 22:48:00,0.31552697967140375
2019-11-12 22:51:00,0.37509244727510804
2019-11-12 22:54:00,0.3806673311447071
2019-11-12 22:57:00,0.4296977269404465
2019-11-12 23:00:00,0.39888569330105383
2019-11-12 23:03:00,0.28536870555632277
2019-11-12 23:06:00,0.2711711413750777
2019-11-12 23:09:00,0.3005319867276057
2019-11-12 23:12:00,0.2960156168747403
2019-11-12 23:15:00,0.34226792425778285
2019-11-12 23:18:00,0.3333423546326344
2019-11-12 23:21:00,0.36375374025715246
2019-11-12 23:24:00,0.4275352475378895
2019-11-12 23:27:00,0.3657355752359308
2019-11-12 23:30:00,0.36956165314774125
2019-11-12 23:33:00,0.34038445337523626
2019-11-12 23:36:00,0.3630696540244003
2019-11-12 23:39:00,0.4158259869618064
2019-11-12 23:42:00,0.34246142622924935
2019-11-12 23:45:00,0.42023664844754194
2019-11-12 23:48:00,0.4257705867421464
2019-11-12 23:51:00,0.3665142349432813
2019-11-12 23:54:00,0.37294512056195117
2019-11-12 23:57:00,0.3289648176025821
2019-11-13 00:00:00,0.3982601225663984
2019-11-13 00:03:00,0.42356766926394585
2019-11-13 00:06:00,0.32527322891849053
2019-11-13 00:09:00,0.2957992681240853
2019-11-13 00:12:00,0.2962575859261847
2019-11-13 00:15:00,0.30742262737135206
2019-11-13 00:18:00,0.37205976181621736
2019-11-13 00:21:00,0.37003635026559323
2019-11-13 00:24:00,0.3504914251807918
2019-11-13 00:27:00,0.33483695805097113
2019-11-13 00:30:00,0.35052279574910017
2019-11-13 00:33:00,0.2729832025880796
2019-11-13 00:36:00,0.4284319369560876
2019-11-13 00:39:00,0.3827696314791069
2019-11-13 00:42:00,0.4544296687980136
2019-11-13 00:45:00,0.3310104688252977
2019-11-13 00:48:00,0.3794084257770578
2019-11-13 00:51:00,0.39117125109623885
2019-11-13 00:54:00,0.34762832932443644
2019-11-13 00:57:00,0.37769165029135365
2019-11-13 01:00:00,0.4583817298145618
2019-11-13 01:03:00,0.44787946721135086
2019-11-13 01:06:00,0.43271769238418756
2019-11-13 01:09:00,0.37612671899063344
2019-11-13 01:12:00,0.37882115034807384
2019-11-13 01:15:00,0.3538163395020888
2019-11-13 01:18:00,0.40508594058013614
2019-11-13 01:21:00,0.48196767437661947
2019-11-13 01:24:00,0.3854699234679515
2019-11-13 01:27:00,0.3395931304539772
2019-11-13 01:30:00,0.39132732803869885
2019-11-13 01:33:00,0.3520151088024477
2019-11-13 01:36:00,0.34831685784700994
2019-11-13 01:39:00,0.29155570051125324
2019-11-13 01:42:00,0.3957822536316371
2019-11-13 01:45:00,0.2774642680102488
2019-11-13 01:48:00,0.32912448779552506
2019-11-13 01:51:00,0.4923381904362145
2019-11-13 01:54:00,0.33954022935319017
2019-11-13 01:57:00,0.33267611501412375
2019-11-13 02:00:00,0.4832847838945895
2019-11-13 02:03:00,0.3925124272080893
2019-11-13 02:06:00,0.3536267602723342
2019-11-13 02:09:00,0.41330450627117443
2019-11-13 02:12:00,0.4455164369300064
2019-11-13 02:15:00,0.3038021707694156
2019-11-13 02:18:00,0.37423099344346156
2019-11-13 02:21:00,0.2745982134775886
2019-11-13 02:24:00,0.3440775860132703
2019-11-13 02:27:00,0.32295846928536776
2019-11-13 02:30:00,0.37003448897314684
2019-11-13 02:33:00,0.4228398924762473
2019-11-13 02:36:00,0.30324349084708047
2019-11-13 02:39:00,0.36576047562653
2019-11-13 02:42:00,0.5212291308456543
2019-11-13 02:45:00,0.40851149916034046
2019-11-13 02:48:00,0.37779168385168305
2019-11-13 02:51:00,0.41067023708421857
2019-11-13 02:54:00,0.3045648043656115
2019-11-13 02:57:00,0.3629860854979938
2019-11-13 03:00:00,0.4756762425820398
2019-11-13 03:03:00,0.3851810028196496
2019-11-13 03:06:00,0.454277089906725
2019-11-13 03:09:00,0.4653581920365468
2019-11-13 03:12:00,0.38574092634075896
2019-11-13 03:15:00,0.39685920755431425
2019-11-13 03:18:00,0.4638394305043221
2019-11-13 03:21:00,0.39910197642410594
2019-11-13 03:24:00,0.4368369686443998
2019-11-13 03:27:00,0.38513973187809825
2019-11-13 03:30:00,0.38687399856212323
2019-11-13 03:33:00,0.3868093189499291
2019-11-13 03:36:00,0.3248755315159997
2019-11-13 03:39:00,0.3432255715191559
2019-11-13 03:42:00,0.3380198366039622
2019-11-13 03:45:00,0.3923885304937471
2019-11-13 03:48:00,0.33973997247460375
2019-11-13 03:51:00,0.4020603836496548
2019-11-13 03:54:00,0.39107798908764835
2019-11-13 03:57:00,0.3684163475854234
2019-11-13 04:00:00,0.35948971377302996
2019-11-13 04:03:00,0.36812056673403504
2019-11-13 04:06:00,0.428105489495465
2019-11-13 04:09:00,0.26965697495182894
2019-11-13 04:12:00,0.31567223897428676
2019-11-13 04:15:00,0.38884492801685155
2019-11-13 04:18:00,0.3107784728126717
2019-11-13 04:21:00,0.40927607426868917
2019-11-13 04:24:00,0.3777326667689067
2019-11-13 04:27:00,0.3092318222246604
2019-11-13 04:30:00,0.4238113405854733
2019-11-13 04:33:00,0.35752913469798386
2019-11-13 04:36:00,0.46679864050503284
2019-11-13 04:39:00,0.45892363747969966
2019-11-13 04:42:00,0.3774724095731017
2019-11-13 04:45:00,0.3239465578607792
2019-11-13 04:48:00,0.3324779992520348
2019-11-13 04:51:00,0.3458498348753096
2019-11-13 04:54:00,0.42447730731316824
2019-11-13 04:57:00,0.3924615399271829
2019-11-13 05:00:00,0.41104735824046656
2019-11-13 05:03:00,0.3819441653220679
2019-11-13 05:06:00,0.3715268154991236
2019-11-13 05:09:00,0.35075742960992784
2019-11-13 05:12:00,0.40523272151341416
2019-11-13 05:15:00,0.3582702704634926
2019-11-13 05:18:00,0.35821937810590043
2019-11-13 05:21:00,0.3739796389752428
2019-11-13 05:24:00,0.3156565384309147
2019-11-13 05:27:00,0.29044062785629876
2019-11-13 05:30:00,0.2832165704784302
2019-11-13 05:33:00,0.4221004562634789
2019-11-13 05:36:00,0.3368257124585057
2019-11-13 05:39:00,0.4529021224013263
2019-11-13 05:42:00,0.41149542368020775
2019-11-13 05:45:00,0.3231658467754528
2019-11-13 05:48:00,0.42691881746577565
2019-11-13 05:51:00,0.3793295060372657
2019-11-13 05:54:00,0.32225726994482784
2019-11-13 05:57:00,0.3101596263346664
2019-11-13 06:00:00,0.3600603503834918
2019-11-13 06:03:00,0.35803427353533834
2019-11-13 06:06:00,0.42309278735467615
2019-11-13 06:09:00,0.44808347116673986
2019-11-13 06:12:00,0.45753464255039944
2019-11-13 06:15:00,0.3898005377649838
2019-11-13 06:18:00,0.48379743970764366
2019-11-13 06:21:00,0.4521032187956848
2019-11-13 06:24:00,0.3929786347135291
2019-11-13 06:27:00,0.4725834934654358
2019-11-13 06:30:00,0.4353464445567852
2019-11-13 06:33:00,0.44008015146647494
2019-11-13 06:36:00,0.42075409624391114
2019-11-13 06:39:00,0.4501688733024025
2019-11-13 06:42:00,0.40532890006704747
2019-11-13 06:45:00,0.468647227558165
2019-11-13 06:48:00,0.396242725837908
2019-11-13 06:51:00,0.4045995575811503
2019-11-13 06:54:00,0.5143093510245649
2019-11-13 06:57:00,0.43459424542811576
2019-11-13 07:00:00,0.41151639364835546
2019-11-13 07:03:00,0.3849516070711161
2019-11-13 07:06:00,0.3806492880074188
2019-11-13 07:09:00,0.5069769378693536
2019-11-13 07:12:00,0.39534812991962553
2019-11-13 07:15:00,0.4598917877218014
2019-11-13 07:18:00,0.5044478893465225
2019-11-13 07:21:00,0.4983932431001108
2019-11-13 07:24:00,0.4200656226672663
2019-11-13 07:27:00,0.4124894303920996
2019-11-13 07:30:00,0.4680944180331039
2019-11-13 07:33:00,0.44175078956175184
2019-11-13 07:36:00,0.451260000122943
2019-11-13 07:39:00,0.38219090417078405
2019-11-13 07:42:00,0.46977440240112855
2019-11-13 07:45:00,0.557910459256334
2019-11-13 07:48:00,0.46100950827957377
2019-11-13 07:51:00,0.3275244393470871
2019-11-13 07:54:00,0.47076472342143916
2019-11-13 07:57:00,0.3840174753528345
2019-11-13 08:00:00,0.360250090668103
2019-11-13 08:03:00,0.473969642511463
2019-11-13 08:06:00,0.39290493032086715
2019-11-13 08:09:00,0.3648548431816039
2019-11-13 08:12:00,0.35259725686017873
2019-11-13 08:15:00,0.40797998906873545
2019-11-13 08:18:00,0.32482545656637285
2019-11-13 08:21:00,0.32868936457214204
2019-11-13 08:24:00,0.4316183153125053
2019-11-13 08:27:00,0.34533069079043344
2019-11-13 08:30:00,0.382817918406829
2019-11-13 08:33:00,0.3590753581120225
2019-11-13 08:36:00,0.42463428835640116
2019-11-13 08:39:00,0.4749738881113217
2019-11-13 08:42:00,0.40309154727799523
2019-11-13 08:45:00,0.33261428548570393
2019-11-13 08:48:00,0.27397825052025837
2019-11-13 08:51:00,0.26309072436885117
2019-11-13 08:54:00,0.314603327384134
2019-11-13 08:57:00,0.2613651848336076
2019-11-13 09:00:00,0.29808711791696396
2019-11-13 09:03:00,0.29282476182572736
2019-11-13 09:06:00,0.3414399251375926
2019-11-13 09:09:00,0.31359652871350363
2019-11-13 09:12:00,0.28925713272298026
2019-11-13 09:15:00,0.25350875781469995
2019-11-13 09:18:00,0.35154533845502556
2019-11-13 09:21:00,0.3122810577424957
2019-11-13 09:24:00,0.38002817215317464
2019-11-13 09:27:00,0.27747861050653455
2019-11-13 09:30:00,0.38758448635417153
2019-11-13 09:33:00,0.3519907760421006
2019-11-13 09:36:00,0.3702429334075532
2019-11-13 09:39:00,0.419377775784028
2019-11-13 09:42:00,0.41735937503324294
2019-11-13 09:45:00,0.3723679724380986
2019-11-13 09:48:00,0.3626113773764814
2019-11-13 09:51:00,0.3345203058258335
2019-11-13 09:54:00,0.28532775360906726
2019-11-13 09:57:00,0.342648816620283
2019-11-13 10:00:00,0.40789422377002893
2019-11-13 10:03:00,0.27954956110170315
2019-11-13 10:06:00,0.2556709855715553
2019-11-13 10:09:00,0.3199623951711601
2019-11-13 10:12:00,0.2884173831515682
2019-11-13 10:15:00,0.3194927828904497
2019-11-13 10:18:00,0.3662688510567591
2019-11-13 10:21:00,0.3338133626560307
2019-11-13 10:24:00,0.38850865573471083
2019-11-13 10:27:00,0.44642735131367317
2019-11-13 10:30:00,0.2562202876795254
2019-11-13 10:33:00,0.31184497961726265
2019-11-13 10:36:00,0.3276762173435941
2019-11-13 10:39:00,0.382216660717404
2019-11-13 10:42:00,0.31957083054976465
2019-11-13 10:45:00,0.28342209701071397
2019-11-13 10:48:00,0.3306894136263736
2019-11-13 10:51:00,0.3108148986282231
2019-11-13 10:54:00,0.34589795274422386
2019-11-13 10:57:00,0.3434687992692602
2019-11-13 11:00:00,0.1965774202033117
2019-11-13 11:03:00,0.2846124247200237
2019-11-13 11:06:00,0.33737574771629397
2019-11-13 11:09:00,0.20196927245643792
2019-11-13 11:12:00,0.25051997137069293
2019-11-13 11:15:00,0.22134017211749324
2019-11-13 11:18:00,0.21651273740803845
2019-11-13 11:21:00,0.1601961552325406
2019-11-13 11:24:00,0.16606239382724652
2019-11-13 11:27:00,0.12358183047240345
2019-11-13 11:30:00,0.160974520217394
2019-11-13 11:33:00,0.07141161473236934
2019-11-13 11:36:00,0.10574811940171003
2019-11-13 11:39:00,0.12062473437407562
2019-11-13 11:42:00,0.12518627001344385
2019-11-13 11:45:00,0.1849931868847534
2019-11-13 11:48:00,0.12180171628017433
2019-11-13 11:51:00,0.1188556110005834
2019-11-13 11:54:00,0.04413501861574787
2019-11-13 11:57:00,0.14370588256957717
2019-11-13 12:00:00,0.17171141613118834
2019-11-13 12:03:00,0.09778197082846418
2019-11-13 12:06:00,0.06376004686029546
2019-11-13 12:09:00,0.055193404643887334
2019-11-13 12:12:00,0.19077204013734672
2019-11-13 12:15:00,0.026059170541486765
2019-11-13 12:18:00,0.08746280857081956
2019-11-13 12:21:00,-0.05447451235579592
2019-11-13 12:24:00,-0.017133488559863963
2019-11-13 12:27:00,0.04569622196981982
2019-11-13 12:30:00,0.03787103867347241
2019-11-13 12:33:00,0.13278374250529623
2019-11-13 12:36:00,0.09508505166866144
2019-11-13 12:39:00,0.13363395024583724
2019-11-13 12:42:00,0.09505475898498617
2019-11-13 12:45:00,0.10314430134206987
2019-11-13 12:48:00,0.29665957356269246
2019-11-13 12:51:00,0.22204963587648763
2019-11-13 12:54:00,0.30702258510206093
2019-11-13 12:57:00,0.3869692026489133
2019-11-13 13:00:00,0.3265224935491915
2019-11-13 13:03:00,0.2575549188397872
2019-11-13 13:06:00,0.19136388832879447
2019-11-13 13:09:00,0.20662904477859456
2019-11-13 13:12:00,0.0680079985573343
2019-11-13 13:15:00,0.0033165362261229347
2019-11-13 13:18:00,-0.044814232425778755
2019-11-13 13:21:00,0.0039852611126889315
2019-11-13 13:24:00,0.09453689881087257
2019-11-13 13:27:00,-0.023296953962585576
2019-11-13 13:30:00,0.16384850179485966
2019-11-13 13:33:00,-0.02121765421878763
2019-11-13 13:36:00,0.027964222401863026
2019-11-13 13:39:00,0.01571376913148015
2019-11-13 13:42:00,0.07748105747458567
2019-11-13 13:45:00,0.11227658356636994
2019-11-13 13:48:00,0.05874561145384405
2019-11-13 13:51:00,0.17957278026051426
2019-11-13 13:54:00,0.3180466648404945
2019-11-13 13:57:00,0.713276113796212
2019-11-13 14:00:00,0.5806064841723924
2019-11-13 14:03:00,0.6456927007509421
2019-11-13 14:06:00,0.611609493783078
2019-11-13 14:09:00,0.7634897064380084
2019-11-13 14:12:00,0.5814529368394119
2019-11-13 14:15:00,0.5264342770557278
2019-11-13 14:18:00,0.4632565796524091
2019-11-13 14:21:00,0.38850032054983785
2019-11-13 14:24:00,0.39348779105910126
2019-11-13 14:27:00,0.4657760190848421
2019-11-13 14:30:00,0.3808189371463868
2019-11-13 14:33:00,0.5128015282374463
2019-11-13 14:36:00,0.5923149170328657
2019-11-13 14:39:00,0.5457119595757831
2019-11-13 14:42:00,0.6076587615290236
2019-11-13 14:45:00,0.6692585540798177
2019-11-13 14:48:00,0.49215125840561313
2019-11-13 14:51:00,0.4401339935499209
2019-11-13 14:54:00,0.516133345631431
2019-11-13 14:57:00,0.4467224294111247
2019-11-13 15:00:00,0.3626442168870767
2019-11-13 15:03:00,0.35946827301069106
2019-11-13 15:06:00,0.4295225950949657
2019-11-13 15:09:00,0.42073908913118885
2019-11-13 15:12:00,0.26033952318601905
2019-11-13 15:15:00,0.29930992414819
2019-11-13 15:18:00,0.24974669277128214
2019-11-13 15:21:00,0.2888215752358292
2019-11-13 15:24:00,0.31412679483986494
2019-11-13 15:27:00,0.4192933983831608
2019-11-13 15:30:00,0.2914623415604183
2019-11-13 15:33:00,0.4110491631319064
2019-11-13 15:36:00,0.33673629370531444
2019-11-13 15:39:00,0.36652897092000103
2019-11-13 15:42:00,0.39222416596533094
2019-11-13 15:45:00,0.35275461417063525
2019-11-13 15:48:00,0.40692466753574763
2019-11-13 15:51:00,0.41153189075163255
2019-11-13 15:54:00,0.37910783246633173
2019-11-13 15:57:00,0.4237805351127122
2019-11-13 16:00:00,0.38720897696191514
2019-11-13 16:03:00,0.4631093487019484
2019-11-13 16:06:00,0.38604624446509206
2019-11-13 16:09:00,0.4215227251955298
2019-11-13 16:12:00,0.4257014845152298
2019-11-13 16:15:00,0.4165703504343128
2019-11-13 16:18:00,0.3934410905030177
2019-11-13 16:21:00,0.42806536039000775
2019-11-13 16:24:00,0.3981200829084628
2019-11-13 16:27:00,0.3542804752646589
2019-11-13 16:30:00,0.39377292450666346
2019-11-13 16:33:00,0.4817293709355681
2019-11-13 16:36:00,0.40066165246770424
2019-11-13 16:39:00,0.3704902448840812
2019-11-13 16:42:00,0.4237376916953508
2019-11-13 16:45:00,0.4648418104774805
2019-11-13 16:48:00,0.4513224891714458
2019-11-13 16:51:00,0.4407183646745807
2019-11-13 16:54:00,0.44478169875628737
2019-11-13 16:57:00,0.4293364903383008
2019-11-13 17:00:00,0.515764066743202
2019-11-13 17:03:00,0.43371175785284777
2019-11-13 17:06:00,0.4469296502319935
2019-11-13 17:09:00,0.46319947807398876
2019-11-13 17:12:00,0.417449375031822
2019-11-13 17:15:00,0.46250615921235294
2019-11-13 17:18:00,0.4130854277621552
2019-11-13 17:21:00,0.42267167076971646
2019-11-13 17:24:00,0.39907617394158024
2019-11-13 17:27:00,0.3838477631847468
2019-11-13 17:30:00,0.4691652898825396
2019-11-13 17:33:00,0.3261160215856762
2019-11-13 17:36:00,0.4234133903331099
2019-11-13 17:39:00,0.5021813631853433
2019-11-13 17:42:00,0.3869176706747339
2019-11-13 17:45:00,0.4150489225691558
2019-11-13 17:48:00,0.4008253758554474
2019-11-13 17:51:00,0.3532919950617952
2019-11-13 17:54:00,0.4305678463434788
2019-11-13 17:57:00,0.4153943346602773
2019-11-13 18:00:00,0.33434673637185597
2019-11-13 18:03:00,0.32451224382299415
2019-11-13 18:06:00,0.4272542527180576
2019-11-13 18:09:00,0.44494284555645436
2019-11-13 18:12:00,0.4271804933752037
2019-11-13 18:15:00,0.36463489321607767
2019-11-13 18:18:00,0.4059765118006453
2019-11-13 18:21:00,0.4150118201486066
2019-11-13 18:24:00,0.2523716514741068
2019-11-13 18:27:00,0.42341377430511784
2019-11-13 18:30:00,0.4627188675381717
2019-11-13 18:33:00,0.349345825114483
2019-11-13 18:36:00,0.4116341581847678
2019-11-13 18:39:00,0.3742727742107377
2019-11-13 18:42:00,0.40439191823656984
2019-11-13 18:45:00,0.37604958379932896
2019-11-13 18:48:00,0.31929890088593993
2019-11-13 18:51:00,0.3445674509109722
2019-11-13 18:54:00,
2019-11-13 18:57:00,
2019-11-13 19:00:00,
2019-11-13 19:03:00,0.3740380394505678
2019-11-13 19:06:00,0.4096820941848023
2019-11-13 19:09:00,0.44937163224182086
2019-11-13 19:12:00,0.32397899538312913
2019-11-13 19:15:00,0.3215182870594617
2019-11-13 19:18:00,0.37240487626246477
2019-11-13 19:21:00,0.31366728837201663
2019-11-13 19:24:00,0.34191677400679055
2019-11-13 19:27:00,0.32661580832689197
2019-11-13 19:30:00,0.285462541635809
2019-11-13 19:33:00,0.3198407153302014
2019-11-13 19:36:00,0.3522312864964192
2019-11-13 19:39:00,0.38350171415760315
2019-11-13 19:42:00,0.2544538726185692
2019-11-13 19:45:00,0.33309393856978886
2019-11-13 19:48:00,0.4130376855949862
2019-11-13 19:51:00,0.2824012972200194
2019-11-13 19:54:00,0.431140911987427
2019-11-13 19:57:00,0.351985267690452
2019-11-13 20:00:00,0.36594906004614813
2019-11-13 20:03:00,0.31061212969166263
2019-11-13 20:06:00,0.3088822606378585
2019-11-13 20:09:00,0.31657774194945887
2019-11-13 20:12:00,0.29719469716280855
2019-11-13 20:15:00,0.32953390207637767
2019-11-13 20:18:00,0.341128113943455
2019-11-13 20:21:00,0.2799039344396306
2019-11-13 20:24:00,0.2745922881010756
2019-11-13 20:27:00,0.2994325010607213
2019-11-13 20:30:00,0.33967979331208653
2019-11-13 20:33:00,0.36408656684534435
2019-11-13 20:36:00,0.36092249296643786
2019-11-13 20:39:00,0.4260276179511493
2019-11-13 20:42:00,0.275293211048961
2019-11-13 20:45:00,0.2475416751806847
2019-11-13 20:48:00,0.33874276650755064
2019-11-13 20:51:00,0.34556609221118606
2019-11-13 20:54:00,0.25445718504352044
2019-11-13 20:57:00,0.317760755831614
2019-11-13 21:00:00,0.21923680024497116
2019-11-13 21:03:00,0.33668158971653384
2019-11-13 21:06:00,0.32715947619470853
2019-11-13 21:09:00,0.2853786338154123
2019-11-13 21:12:00,0.25510965614273573
2019-11-13 21:15:00,0.2458579261531213
2019-11-13 21:18:00,0.4207346237995466
2019-11-13 21:21:00,0.3021582370586202
2019-11-13 21:24:00,0.37801268504915697
2019-11-13 21:27:00,0.3794167153185981
2019-11-13 21:30:00,0.2802129765793211
2019-11-13 21:33:00,0.32223656284736535
2019-11-13 21:36:00,0.37073563125841247
2019-11-13 21:39:00,0.4072168017748936
2019-11-13 21:42:00,0.38364949499140266
2019-11-13 21:45:00,0.2902816057983273
2019-11-13 21:48:00,0.22510111486877804
2019-11-13 21:51:00,0.4546080689434575
2019-11-13 21:54:00,0.2798009619414188
2019-11-13 21:57:00,0.32472222426241615
2019-11-13 22:00:00,0.3341002403626021
2019-11-13 22:03:00,0.3593754433258596
2019-11-13 22:06:00,0.3468836173200316
2019-11-13 22:09:00,0.2818846318448891
2019-11-13 22:12:00,0.3340882559459146
2019-11-13 22:15:00,0.3538130335611527
2019-11-13 22:18:00,0.3531828963714929
2019-11-13 22:21:00,0.2988815082252927
2019-11-13 22:24:00,0.3506102098597239
2019-11-13 22:27:00,0.4021915726667089
2019-11-13 22:30:00,0.3226333431301782
2019-11-13 22:33:00,0.3799946319400078
2019-11-13 22:36:00,0.3342152532264322
2019-11-13 22:39:00,0.36118443532734545
2019-11-13 22:42:00,0.3954433564811666
2019-11-13 22:45:00,0.3945927438004446
2019-11-13 22:48:00,0.34717344371694026
2019-11-13 22:51:00,0.4461946934019352
2019-11-13 22:54:00,0.45890944093309827
2019-11-13 22:57:00,0.40897809701698407
2019-11-13 23:00:00,0.3516340131438369
2019-11-13 23:03:00,0.34737085016013225
2019-11-13 23:06:00,0.3824085670323143
2019-11-13 23:09:00,0.3836700714612675
2019-11-13 23:12:00,0.45913528948705107
2019-11-13 23:15:00,0.43322990694753116
2019-11-13 23:18:00,0.3640372251455801
2019-11-13 23:21:00,0.33575654150712353
2019-11-13 23:24:00,0.4317932046039914
2019-11-13 23:27:00,0.4194175083442815
2019-11-13 23:30:00,0.3751475484169191
2019-11-13 23:33:00,0.4776200058439599
2019-11-13 23:36:00,0.42188916724131786
2019-11-13 23:39:00,0.459876487526401
2019-11-13 23:42:00,0.3781640885092088
2019-11-13 23:45:00,0.46681807273643017
2019-11-13 23:48:00,0.42690764574223294
2019-11-13 23:51:00,0.4249495456680279
2019-11-13 23:54:00,0.4256879430191134
2019-11-13 23:57:00,0.38841168735802967
2019-11-14 00:00:00,0.4309583838534081
2019-11-14 00:03:00,0.44684073648795675
2019-11-14 00:06:00,0.5526655686018671
2019-11-14 00:09:00,0.5279288210666664
2019-11-14 00:12:00,0.473200302025532
2019-11-14 00:15:00,0.3964437833379293
2019-11-14 00:18:00,0.35445457913863265
2019-11-14 00:21:00,0.36519263685590886
2019-11-14 00:24:00,0.3994049599926939
2019-11-14 00:27:00,0.3671452870586336
2019-11-14 00:30:00,0.3514541456856364
2019-11-14 00:33:00,0.4477426579225039
2019-11-14 00:36:00,0.35148220710550504
2019-11-14 00:39:00,0.27879215434887783
2019-11-14 00:42:00,0.32787413172798097
2019-11-14 00:45:00,0.3506844052571978
2019-11-14 00:48:00,0.41952103507708216
2019-11-14 00:51:00,0.30233896741845
2019-11-14 00:54:00,0.3773167214734485
2019-11-14 00:57:00,0.3640908135500922
2019-11-14 01:00:00,0.314000380358209
2019-11-14 01:03:00,0.3202787090100969
2019-11-14 01:06:00,0.4434799483257166
2019-11-14 01:09:00,0.40900991305613843
2019-11-14 01:12:00,0.4784254100474641
2019-11-14 01:15:00,0.29649124362845214
2019-11-14 01:18:00,0.39188518208254663
2019-11-14 01:21:00,0.3573898926796346
2019-11-14 01:24:00,0.4475912999654952
2019-11-14 01:27:00,0.3877489469160196
2019-11-14 01:30:00,0.45212680414852
2019-11-14 01:33:00,0.44635010359269245
2019-11-14 01:36:00,0.342935561798015
2019-11-14 01:39:00,0.45899810089986204
2019-11-14 01:42:00,0.401224598269323
2019-11-14 01:45:00,0.39708607605439283
2019-11-14 01:48:00,0.32662156048115776
2019-11-14 01:51:00,0.3969749399238367
2019-11-14 01:54:00,0.47550383305224386
2019-11-14 01:57:00,0.401628503619861
2019-11-14 02:00:00,0.3698295973708241
2019-11-14 02:03:00,0.3868159881158135
2019-11-14 02:06:00,0.406486761249937
2019-11-14 02:09:00,0.47463247546727416
2019-11-14 02:12:00,0.36332796868487094
2019-11-14 02:15:00,0.4525419045946819
2019-11-14 02:18:00,0.4034557607758984
2019-11-14 02:21:00,0.42531917719651346
2019-11-14 02:24:00,0.44594331355807526
2019-11-14 02:27:00,0.44903561575091544
2019-11-14 02:30:00,0.34655635674198493
2019-11-14 02:33:00,0.43078462098287673
2019-11-14 02:36:00,0.4801774512558836
2019-11-14 02:39:00,0.445976181325193
2019-11-14 02:42:00,0.40770539436721265
2019-11-14 02:45:00,0.3507279893150326
2019-11-14 02:48:00,0.4586959323566475
2019-11-14 02:51:00,0.352477526634118
2019-11-14 02:54:00,0.32376927961058755
2019-11-14 02:57:00,0.43817702574096984
2019-11-14 03:00:00,0.3594993616065949
2019-11-14 03:03:00,0.42770706269305947
2019-11-14 03:06:00,0.30579391962777436
2019-11-14 03:09:00,0.48955067008978403
2019-11-14 03:12:00,0.4405584441217911
2019-11-14 03:15:00,0.44745014497613056
2019-11-14 03:18:00,0.4867366903722541
2019-11-14 03:21:00,0.4780227173020535
2019-11-14 03:24:00,0.4437291217682855
2019-11-14 03:27:00,0.4098222576645867
2019-11-14 03:30:00,0.2746733401567667
2019-11-14 03:33:00,0.3540798589511951
2019-11-14 03:36:00,0.40810027079817246
2019-11-14 03:39:00,0.4016084100055082
2019-11-14 03:42:00,0.43623248480867005
2019-11-14 03:45:00,0.3655826700595526
2019-11-14 03:48:00,0.3728133516779053
2019-11-14 03:51:00,0.43247002171511895
2019-11-14 03:54:00,0.398240989420799
2019-11-14 03:57:00,0.3604201851026687
2019-11-14 04:00:00,0.4430048007881737
2019-11-14 04:03:00,0.526713004426199
2019-11-14 04:06:00,0.4273843361825129
2019-11-14 04:09:00,0.4692115264223844
2019-11-14 04:12:00,0.4320182652551239
2019-11-14 04:15:00,0.39725031878981554
2019-11-14 04:18:00,0.40363400246786796
2019-11-14 04:21:00,0.4192459450837305
2019-11-14 04:24:00,0.2757023146753568
2019-11-14 04:27:00,0.4364945157913098
2019-11-14 04:30:00,0.44285042229375904
2019-11-14 04:33:00,0.4413187587126117
2019-11-14 04:36:00,0.39298316606397066
2019-11-14 04:39:00,0.3984985790366409
2019-11-14 04:42:00,0.385516478428201
2019-11-14 04:45:00,0.3282388177142366
2019-11-14 04:48:00,0.3647387506771338
2019-11-14 04:51:00,0.34138408734639825
2019-11-14 04:54:00,0.3794071365408058
2019-11-14 04:57:00,0.4584841940543356
2019-11-14 05:00:00,0.3096082632422963
2019-11-14 05:03:00,0.34405583520634764
2019-11-14 05:06:00,0.34919988775982347
2019-11-14 05:09:00,0.45607434165435734
2019-11-14 05:12:00,0.4005990596879201
2019-11-14 05:15:00,0.40712329575325157
2019-11-14 05:18:00,0.4923380105884121
2019-11-14 05:21:00,0.4121629114209213
2019-11-14 05:24:00,0.31616863383248983
2019-11-14 05:27:00,0.5010658281195788
2019-11-14 05:30:00,0.4154110166970213
2019-11-14 05:33:00,0.43512793753694723
2019-11-14 05:36:00,0.42172545791822813
2019-11-14 05:39:00,0.4310170118722567
2019-11-14 05:42:00,0.3504579704073194
2019-11-14 05:45:00,0.4250977759866714
2019-11-14 05:48:00,0.37779894644802425
2019-11-14 05:51:00,0.31351810894938126
2019-11-14 05:54:00,0.32662046096953645
2019-11-14 05:57:00,0.40459226043714125
2019-11-14 06:00:00,0.4363386865118173
2019-11-14 06:03:00,0.359298587565263
2019-11-14 06:06:00,0.3614857961535449
2019-11-14 06:09:00,0.35891839876103404
2019-11-14 06:12:00,0.4071879831967067
2019-11-14 06:15:00,0.3440174787128285
2019-11-14 06:18:00,0.3786915827051871
2019-11-14 06:21:00,0.4267636628100604
2019-11-14 06:24:00,0.3254545389557393
2019-11-14 06:27:00,0.290821151684554
2019-11-14 06:30:00,0.4249322183386539
2019-11-14 06:33:00,0.42870154891676293
2019-11-14 06:36:00,0.5066193246499324
2019-11-14 06:39:00,0.3837289296902213
2019-11-14 06:42:00,0.38048689358817
2019-11-14 06:45:00,0.3193268355647092
2019-11-14 06:48:00,0.357136563083543
2019-11-14 06:51:00,0.33269777458906447
2019-11-14 06:54:00,0.4069275667197303
2019-11-14 06:57:00,0.39350796539696375
2019-11-14 07:00:00,0.33173659862347904
2019-11-14 07:03:00,0.3267542056260595
2019-11-14 07:06:00,0.46509931708595786
2019-11-14 07:09:00,0.40615299608634814
2019-11-14 07:12:00,0.40452308003443704
2019-11-14 07:15:00,0.3362020419536407
2019-11-14 07:18:00,0.38790892417637224
2019-11-14 07:21:00,0.4343098445881992
2019-11-14 07:24:00,0.32671986582465706
2019-11-14 07:27:00,0.3270448958085126
2019-11-14 07:30:00,0.2451834737180434
2019-11-14 07:33:00,0.20040424110010235
2019-11-14 07:36:00,0.3483096191930031
2019-11-14 07:39:00,0.28791246006755955
2019-11-14 07:42:00,0.33174112741886574
2019-11-14 07:45:00,0.3431582769843544
2019-11-14 07:48:00,0.3251287040803277
2019-11-14 07:51:00,0.407642875514
2019-11-14 07:54:00,0.46616368350072435
2019-11-14 07:57:00,0.32063453812355647
2019-11-14 08:00:00,0.4601351542086718
2019-11-14 08:03:00,0.3769018762831138
2019-11-14 08:06:00,0.4481941428397249
2019-11-14 08:09:00,0.3369894388760599
2019-11-14 08:12:00,0.377326680752617
2019-11-14 08:15:00,0.4207112455963511
2019-11-14 08:18:00,0.45063557558012235
2019-11-14 08:21:00,0.47759307989713307
2019-11-14 08:24:00,0.4176304172630694
2019-11-14 08:27:00,0.3550006997487003
2019-11-14 08:30:00,0.22537813200386836
2019-11-14 08:33:00,0.2333755745974031
2019-11-14 08:36:00,0.3178575161144863
2019-11-14 08:39:00,0.4070155493769789
2019-11-14 08:42:00,0.369985576440115
2019-11-14 08:45:00,0.2719464946864605
2019-11-14 08:48:00,0.2641767888976574
2019-11-14 08:51:00,0.2702981182769122
2019-11-14 08:54:00,0.3165010486088704
2019-11-14 08:57:00,0.3935038889640623
2019-11-14 09:00:00,0.321262519028096
2019-11-14 09:03:00,0.3385576579154872
2019-11-14 09:06:00,0.2216860558265239
2019-11-14 09:09:00,0.3005055507763359
2019-11-14 09:12:00,0.20357431777915735
2019-11-14 09:15:00,0.3360354741430456
2019-11-14 09:18:00,0.25102563045959414
2019-11-14 09:21:00,0.23473496889363332
2019-11-14 09:24:00,0.2480634248324236
2019-11-14 09:27:00,0.22363715411296425
2019-11-14 09:30:00,0.20501573601143264
2019-11-14 09:33:00,0.290044078336507
2019-11-14 09:36:00,0.22478573352725562
2019-11-14 09:39:00,0.32104848385728246
2019-11-14 09:42:00,0.20779130996186268
2019-11-14 09:45:00,0.20776203240473023
2019-11-14 09:48:00,0.19537187504010944
2019-11-14 09:51:00,0.18577468939463415
2019-11-14 09:54:00,0.2193240361524431
2019-11-14 09:57:00,0.2370468166806745
2019-11-14 10:00:00,0.23960015513466715
2019-11-14 10:03:00,0.18138470850550448
2019-11-14 10:06:00,0.15088918135000995
2019-11-14 10:09:00,0.24140149308226455
2019-11-14 10:12:00,0.21670277521803882
2019-11-14 10:15:00,0.20695635173399296
2019-11-14 10:18:00,0.10803526244035311
2019-11-14 10:21:00,0.30370337325928176
2019-11-14 10:24:00,0.13330173608642326
2019-11-14 10:27:00,0.1714816467602418
2019-11-14 10:30:00,0.24065276278923875
2019-11-14 10:33:00,0.1479735341495143
2019-11-14 10:36:00,0.203728385641341
2019-11-14 10:39:00,0.2083610334194077
2019-11-14 10:42:00,0.18373104284711417
2019-11-14 10:45:00,0.26718204534131473
2019-11-14 10:48:00,0.18923760065763418
2019-11-14 10:51:00,0.17175996819986494
2019-11-14 10:54:00,0.08665707721581839
2019-11-14 10:57:00,0.19083504640423143
2019-11-14 11:00:00,0.2194061563068317
2019-11-14 11:03:00,0.12242794668890156
2019-11-14 11:06:00,0.18772664122451488
2019-11-14 11:09:00,0.11948085992742108
2019-11-14 11:12:00,0.23592221803852453
2019-11-14 11:15:00,0.16226640135766957
2019-11-14 11:18:00,0.23603578369647948
2019-11-14 11:21:00,0.10959021637205524
2019-11-14 11:24:00,0.09947989415502434
2019-11-14 11:27:00,0.28162644092685696
2019-11-14 11:30:00,0.25741590746133625
2019-11-14 11:33:00,0.19757938060001834
2019-11-14 11:36:00,0.19352100720016097
2019-11-14 11:39:00,0.22668864829859103
2019-11-14 11:42:00,0.1855188805521948
2019-11-14 11:45:00,0.1599752773137766
2019-11-14 11:48:00,0.2988956366440334
2019-11-14 11:51:00,0.16552614346164773
2019-11-14 11:54:00,0.29123917615515893
2019-11-14 11:57:00,0.29686898653085336
2019-11-14 12:00:00,0.413246799142712
2019-11-14 12:03:00,0.43697415109835447
2019-11-14 12:06:00,0.2327296113832631
2019-11-14 12:09:00,0.10401551975002121
2019-11-14 12:12:00,0.017389890637161898
2019-11-14 12:15:00,0.03023745784400944
2019-11-14 12:18:00,0.013828569378460998
2019-11-14 12:21:00,0.02285330494083837
2019-11-14 12:24:00,0.035117785365173404
2019-11-14 12:27:00,-0.016574840904127086
2019-11-14 12:30:00,-0.03354454376307103
2019-11-14 12:33:00,-0.0190709435225358
2019-11-14 12:36:00,0.08404061761092407
2019-11-14 12:39:00,0.011141253429116205
2019-11-14 12:42:00,0.09754813033725895
2019-11-14 12:45:00,-0.010778080741772555
2019-11-14 12:48:00,-0.03307205949516856
2019-11-14 12:51:00,0.1016160026434818
2019-11-14 12:54:00,0.13657912695686036
2019-11-14 12:57:00,0.06533776193617769
2019-11-14 13:00:00,0.17958972078463376
2019-11-14 13:03:00,-0.022960247770299702
2019-11-14 13:06:00,-0.029433973856157536
2019-11-14 13:09:00,-0.12822397016810783
2019-11-14 13:12:00,-0.13247859944573293
2019-11-14 13:15:00,-0.02163352121584694
2019-11-14 13:18:00,0.05951306561854608
2019-11-14 13:21:00,0.02901666887078136
2019-11-14 13:24:00,0.056718492839308965
2019-11-14 13:27:00,0.10031376952616711
2019-11-14 13:30:00,0.13455637760273476
2019-11-14 13:33:00,0.13908437690844266
2019-11-14 13:36:00,0.15449365019662764
2019-11-14 13:39:00,0.15591257385676727
2019-11-14 13:42:00,0.11942412457085538
2019-11-14 13:45:00,0.16941266279252432
2019-11-14 13:48:00,0.01495585864347504
2019-11-14 13:51:00,-0.12243407559452635
2019-11-14 13:54:00,-0.14052266733813212
2019-11-14 13:57:00,-0.2141562649501907
2019-11-14 14:00:00,-0.07897613549744165
2019-11-14 14:03:00,0.1099182975587496
2019-11-14 14:06:00,0.031020606828519703
2019-11-14 14:09:00,0.11475500998119514
2019-11-14 14:12:00,0.12899743024883037
2019-11-14 14:15:00,0.09874638429198512
2019-11-14 14:18:00,0.3253840465119424
2019-11-14 14:21:00,0.341261275556235
2019-11-14 14:24:00,0.2719051497049918
2019-11-14 14:27:00,0.13029082199966524
2019-11-14 14:30:00,0.11640867776401365
2019-11-14 14:33:00,0.01917450958222844
2019-11-14 14:36:00,-0.0008602825409411707
2019-11-14 14:39:00,-0.016402009606792944
2019-11-14 14:42:00,0.021201004871329587
2019-11-14 14:45:00,0.06730903200337934
2019-11-14 14:48:00,0.052888486472568275
2019-11-14 14:51:00,0.06511527277211826
2019-11-14 14:54:00,-0.08545248153370721
2019-11-14 14:57:00,-0.08088697212099305
2019-11-14 15:00:00,-0.07593231776854736
2019-11-14 15:03:00,-0.017631421485987175
2019-11-14 15:06:00,0.048318318230883506
2019-11-14 15:09:00,-0.012457319898885544
2019-11-14 15:12:00,0.051097807957091845
2019-11-14 15:15:00,0.16145711384382366
2019-11-14 15:18:00,0.5903429789675556
2019-11-14 15:21:00,0.3544296478646629
2019-11-14 15:24:00,0.5206698298090373
2019-11-14 15:27:00,0.6936799840047456
2019-11-14 15:30:00,0.5823756635435302
2019-11-14 15:33:00,0.5923148880657436
2019-11-14 15:36:00,0.588483061044144
2019-11-14 15:39:00,0.39832112056706137
2019-11-14 15:42:00,0.382550328179434
2019-11-14 15:45:00,0.36317465436934526
2019-11-14 15:48:00,0.43163626229761576
2019-11-14 15:51:00,0.4251068408253218
2019-11-14 15:54:00,0.4827149851146828
2019-11-14 15:57:00,0.5189586010062612
2019-11-14 16:00:00,0.46026496085823965
2019-11-14 16:03:00,0.5451444353674333
2019-11-14 16:06:00,0.4243795335745517
2019-11-14 16:09:00,0.5062946410004088
2019-11-14 16:12:00,0.46057811712836383
2019-11-14 16:15:00,0.4429304744503497
2019-11-14 16:18:00,0.20633329522598842
2019-11-14 16:21:00,0.22677888552067316
2019-11-14 16:24:00,0.2377294748950476
2019-11-14 16:27:00,0.33947612534052496
2019-11-14 16:30:00,0.23454050904643964
2019-11-14 16:33:00,0.13815586350932563
2019-11-14 16:36:00,0.14441834864652492
2019-11-14 16:39:00,0.14785161910378974
2019-11-14 16:42:00,0.1498917414668881
2019-11-14 16:45:00,0.2842207824031675
2019-11-14 16:48:00,0.20554539023584084
2019-11-14 16:51:00,0.3143182781938094
2019-11-14 16:54:00,0.3708088380666368
2019-11-14 16:57:00,0.32176852092027275
2019-11-14 17:00:00,0.27552800482976636
2019-11-14 17:03:00,0.3195363727396625
2019-11-14 17:06:00,0.2936786498250399
2019-11-14 17:09:00,0.23947657008909573
2019-11-14 17:12:00,0.22886946210087444
2019-11-14 17:15:00,0.32294819080982506
2019-11-14 17:18:00,0.2184744252469386
2019-11-14 17:21:00,0.2687102483645276
2019-11-14 17:24:00,0.22857813741114796
2019-11-14 17:27:00,0.22796846751782596
2019-11-14 17:30:00,0.32362907042357847
2019-11-14 17:33:00,0.35074981328051535
2019-11-14 17:36:00,0.41569658369132867
2019-11-14 17:39:00,0.48686709134335615
2019-11-14 17:42:00,0.5033484235801211
2019-11-14 17:45:00,0.5775605032312683
2019-11-14 17:48:00,0.45511138877350277
2019-11-14 17:51:00,0.5579078264909754
2019-11-14 17:54:00,0.6577564766686805
2019-11-14 17:57:00,0.6330358923893868
2019-11-14 18:00:00,0.6916250598952729
2019-11-14 18:03:00,0.7246169368550568
2019-11-14 18:06:00,0.7376374967926154
2019-11-14 18:09:00,0.622904634490169
2019-11-14 18:12:00,0.6330912181994108
2019-11-14 18:15:00,0.5157790638987194
2019-11-14 18:18:00,0.42783097086709176
2019-11-14 18:21:00,0.41707092107509425
2019-11-14 18:24:00,0.37494621912065895
2019-11-14 18:27:00,0.2875247326232966
2019-11-14 18:30:00,0.30582598039427467
2019-11-14 18:33:00,0.30515060316986364
2019-11-14 18:36:00,0.29671931620436
2019-11-14 18:39:00,0.3494621836122178
2019-11-14 18:42:00,0.3209393338065638
2019-11-14 18:45:00,0.26374310029234493
2019-11-14 18:48:00,0.36832477748907877
2019-11-14 18:51:00,0.2347362235736341
2019-11-14 18:54:00,0.287013301073614
2019-11-14 18:57:00,
2019-11-14 19:00:00,
2019-11-14 19:03:00,0.3837681200344605
2019-11-14 19:06:00,0.36779415368187074
2019-11-14 19:09:00,0.3276049064626818
2019-11-14 19:12:00,0.40964210548577284
2019-11-14 19:15:00,0.38167054348502916
2019-11-14 19:18:00,0.3113317361568875
2019-11-14 19:21:00,0.3142171773402538
2019-11-14 19:24:00,0.4652115952935105
2019-11-14 19:27:00,0.44077362486547145
2019-11-14 19:30:00,0.33091825735453995
2019-11-14 19:33:00,0.3178428772237112
2019-11-14 19:36:00,0.30148961018716136
2019-11-14 19:39:00,0.36334669934859676
2019-11-14 19:42:00,0.3649768008552883
2019-11-14 19:45:00,0.3530865675501218
2019-11-14 19:48:00,0.25707219643487633
2019-11-14 19:51:00,0.2611814529498133
2019-11-14 19:54:00,0.27354398109758904
2019-11-14 19:57:00,0.4763156823409531
2019-11-14 20:00:00,0.2800914004787387
2019-11-14 20:03:00,0.31135264748337477
2019-11-14 20:06:00,0.34959829261924824
2019-11-14 20:09:00,0.35878372983802365
2019-11-14 20:12:00,0.41416663866351655
2019-11-14 20:15:00,0.5427990303065258
2019-11-14 20:18:00,0.550991730289013
2019-11-14 20:21:00,0.591449114666716
2019-11-14 20:24:00,0.5475475721034968
2019-11-14 20:27:00,0.5497293816217166
2019-11-14 20:30:00,0.7310437219744585
2019-11-14 20:33:00,0.675888861983367
2019-11-14 20:36:00,0.6844869655498655
2019-11-14 20:39:00,0.6490035401760679
2019-11-14 20:42:00,0.5655699677051302
2019-11-14 20:45:00,0.45246003354196773
2019-11-14 20:48:00,0.4620651182558504
2019-11-14 20:51:00,0.3692741867363907
2019-11-14 20:54:00,0.32565916052186594
2019-11-14 20:57:00,0.31458393035518384
2019-11-14 21:00:00,0.3943537699711328
2019-11-14 21:03:00,0.3881119758286786
2019-11-14 21:06:00,0.44502833015883425
2019-11-14 21:09:00,0.4831966018197136
2019-11-14 21:12:00,0.35174490099944933
2019-11-14 21:15:00,0.44379422285970804
2019-11-14 21:18:00,0.4722770704133268
2019-11-14 21:21:00,0.5794287519553336
2019-11-14 21:24:00,0.492307642507285
2019-11-14 21:27:00,0.45020082268854367
2019-11-14 21:30:00,0.4523741783336277
2019-11-14 21:33:00,0.3873924274868159
2019-11-14 21:36:00,0.26498797927411033
2019-11-14 21:39:00,0.293900717433246
2019-11-14 21:42:00,0.1628929809373858
2019-11-14 21:45:00,0.26057671405953897
2019-11-14 21:48:00,0.2791038960314154
2019-11-14 21:51:00,0.3108372824748358
2019-11-14 21:54:00,0.33566933548013367
2019-11-14 21:57:00,0.3698278894202076
2019-11-14 22:00:00,0.4175756659012677
2019-11-14 22:03:00,0.37014945136468214
2019-11-14 22:06:00,0.4056072371535038
2019-11-14 22:09:00,0.43281569012430054
2019-11-14 22:12:00,0.6183646998026688
2019-11-14 22:15:00,0.656313423544816
2019-11-14 22:18:00,0.6501034467160025
2019-11-14 22:21:00,0.4973886125746958
2019-11-14 22:24:00,0.505243476376279
2019-11-14 22:27:00,0.40160865235714027
2019-11-14 22:30:00,0.3750883252094468
2019-11-14 22:33:00,0.41652701209176257
2019-11-14 22:36:00,0.40757786156058273
2019-11-14 22:39:00,0.33908301683050013
2019-11-14 22:42:00,0.30783546608785173
2019-11-14 22:45:00,0.3643269919097065
2019-11-14 22:48:00,0.31326303132527755
2019-11-14 22:51:00,0.20442549389042597
2019-11-14 22:54:00,0.3542899223180598
2019-11-14 22:57:00,0.41135168301593694
2019-11-14 23:00:00,0.31167465665612326
2019-11-14 23:03:00,0.3753489423052656
2019-11-14 23:06:00,0.43023051491877595
2019-11-14 23:09:00,0.4309558895123473
2019-11-14 23:12:00,0.3845925837026698
2019-11-14 23:15:00,0.3898526488608809
2019-11-14 23:18:00,0.3961145901820373
2019-11-14 23:21:00,0.38948334159090336
2019-11-14 23:24:00,0.42088309455499484
2019-11-14 23:27:00,0.4811459699067768
2019-11-14 23:30:00,0.4964593880362713
2019-11-14 23:33:00,0.44883244714054626
2019-11-14 23:36:00,0.5612090678226309
2019-11-14 23:39:00,0.5271602159259601
2019-11-14 23:42:00,0.5051309718574544
2019-11-14 23:45:00,0.4594769128365783
2019-11-14 23:48:00,0.5135347903822662
2019-11-14 23:51:00,0.4504677615246351
2019-11-14 23:54:00,0.39304606565002587
2019-11-14 23:57:00,0.4633012436237891
2019-11-15 00:00:00,0.39915352052400976
2019-11-15 00:03:00,0.37679235771190633
2019-11-15 00:06:00,0.47914245667658406
2019-11-15 00:09:00,0.4194001310932549
2019-11-15 00:12:00,0.329060357011997
2019-11-15 00:15:00,0.3634985758006337
2019-11-15 00:18:00,0.315084208976657
2019-11-15 00:21:00,0.3344218216424224
2019-11-15 00:24:00,0.39380448586325656
2019-11-15 00:27:00,0.29014841339534314
2019-11-15 00:30:00,0.3710478996850384
2019-11-15 00:33:00,0.3495663805366007
2019-11-15 00:36:00,0.4264235516952226
2019-11-15 00:39:00,0.3192211986116149
2019-11-15 00:42:00,0.39648044171968877
2019-11-15 00:45:00,0.3028911763216229
2019-11-15 00:48:00,0.3735177128233431
2019-11-15 00:51:00,0.4482355276135195
2019-11-15 00:54:00,0.3691439996997019
2019-11-15 00:57:00,0.3406122828147886
2019-11-15 01:00:00,0.3579775847783253
2019-11-15 01:03:00,0.3672401325756596
2019-11-15 01:06:00,0.32216665996901384
2019-11-15 01:09:00,0.35947518964718483
2019-11-15 01:12:00,0.3722608233598521
2019-11-15 01:15:00,0.37448306909919893
2019-11-15 01:18:00,0.4016624121777568
2019-11-15 01:21:00,0.4713881803314166
2019-11-15 01:24:00,0.36894105503500896
2019-11-15 01:27:00,0.43864441967980383
2019-11-15 01:30:00,0.38540501099402036
2019-11-15 01:33:00,0.3910935578737167
2019-11-15 01:36:00,0.45404314088830233
2019-11-15 01:39:00,0.4146684391731128
2019-11-15 01:42:00,0.3189196785838817
2019-11-15 01:45:00,0.4000599494533503
2019-11-15 01:48:00,0.48717508940166
2019-11-15 01:51:00,0.40332789636926236
2019-11-15 01:54:00,0.3977925065034924
2019-11-15 01:57:00,0.3825259220424755
2019-11-15 02:00:00,0.5282004353442176
2019-11-15 02:03:00,0.3889714444589458
2019-11-15 02:06:00,0.4775067216050388
2019-11-15 02:09:00,0.28200496535612274
2019-11-15 02:12:00,0.3872294734628099
2019-11-15 02:15:00,0.35248533249381353
2019-11-15 02:18:00,0.3591836262150423
2019-11-15 02:21:00,0.3718072256151572
2019-11-15 02:24:00,0.46409451521537903
2019-11-15 02:27:00,0.4272887924298061
2019-11-15 02:30:00,0.447573946513387
2019-11-15 02:33:00,0.49201621156043984
2019-11-15 02:36:00,0.37635314997777414
2019-11-15 02:39:00,0.3173468666037138
2019-11-15 02:42:00,0.4139935332705704
2019-11-15 02:45:00,0.39050222129748136
2019-11-15 02:48:00,0.45027266730426163
2019-11-15 02:51:00,0.40269482962338543
2019-11-15 02:54:00,0.48659299101058195
2019-11-15 02:57:00,0.5051001302127247
2019-11-15 03:00:00,0.5083330257992884
2019-11-15 03:03:00,0.5211047318343276
2019-11-15 03:06:00,0.4560733440998206
2019-11-15 03:09:00,0.40822306816676246
2019-11-15 03:12:00,0.4730018836078216
2019-11-15 03:15:00,0.5451695948765973
2019-11-15 03:18:00,0.3372174894105342
2019-11-15 03:21:00,0.44914194967276444
2019-11-15 03:24:00,0.4254534549497748
2019-11-15 03:27:00,0.3911596632063947
2019-11-15 03:30:00,0.5248973045298158
2019-11-15 03:33:00,0.45163904852165615
2019-11-15 03:36:00,0.5068215292811828
2019-11-15 03:39:00,0.44250509435192953
2019-11-15 03:42:00,0.4564824726396637
2019-11-15 03:45:00,0.5070640147241647
2019-11-15 03:48:00,0.5233888218242555
2019-11-15 03:51:00,0.6231384891235621
2019-11-15 03:54:00,0.5577110395739169
2019-11-15 03:57:00,0.5452639981604648
2019-11-15 04:00:00,0.5701681108695311
2019-11-15 04:03:00,0.5641927266063931
2019-11-15 04:06:00,0.5135794624318919
2019-11-15 04:09:00,0.40984027011097623
2019-11-15 04:12:00,0.5213604623477863
2019-11-15 04:15:00,0.5081533180825772
2019-11-15 04:18:00,0.4563755559397009
2019-11-15 04:21:00,0.45872244060802814
2019-11-15 04:24:00,0.43077699748647547
2019-11-15 04:27:00,0.42943457640450333
2019-11-15 04:30:00,0.4499804124540674
2019-11-15 04:33:00,0.46109198746074753
2019-11-15 04:36:00,0.438864630111766
2019-11-15 04:39:00,0.38662075270377727
2019-11-15 04:42:00,0.4642526130185729
2019-11-15 04:45:00,0.4093852196680814
2019-11-15 04:48:00,0.408966595444042
2019-11-15 04:51:00,0.4305677565153019
2019-11-15 04:54:00,0.45425147509507724
2019-11-15 04:57:00,0.4556736596859423
2019-11-15 05:00:00,0.44801052202427627
2019-11-15 05:03:00,0.3761989976758855
2019-11-15 05:06:00,0.4172685823546658
2019-11-15 05:09:00,0.4795657086392566
2019-11-15 05:12:00,0.5469109201536071
2019-11-15 05:15:00,0.4690794081284366
2019-11-15 05:18:00,0.40951677427415234
2019-11-15 05:21:00,0.4872830381568747
2019-11-15 05:24:00,0.5458768235125717
2019-11-15 05:27:00,0.5057419025042691
2019-11-15 05:30:00,0.47091765341997416
2019-11-15 05:33:00,0.43096441906709515
2019-11-15 05:36:00,0.4192261771365793
2019-11-15 05:39:00,0.3951661683540806
2019-11-15 05:42:00,0.40947242132381234
2019-11-15 05:45:00,0.37739082290261194
2019-11-15 05:48:00,0.46479873777377634
2019-11-15 05:51:00,0.4824392796713255
2019-11-15 05:54:00,0.45990310459751527
2019-11-15 05:57:00,0.43851986799404585
2019-11-15 06:00:00,0.4265410456710015
2019-11-15 06:03:00,0.37198000588443847
2019-11-15 06:06:00,0.4045629539618858
2019-11-15 06:09:00,0.3685507639801813
2019-11-15 06:12:00,0.3691821420895849
2019-11-15 06:15:00,0.42464072658606256
2019-11-15 06:18:00,0.4487819057240472
2019-11-15 06:21:00,0.3945470486084446
2019-11-15 06:24:00,0.44142310000660245
2019-11-15 06:27:00,0.46358287004392196
2019-11-15 06:30:00,0.4080683392138553
2019-11-15 06:33:00,0.37766327520222376
2019-11-15 06:36:00,0.4359455056653587
2019-11-15 06:39:00,0.48812409250223254
2019-11-15 06:42:00,0.49923142331994086
2019-11-15 06:45:00,0.47710021414019366
2019-11-15 06:48:00,0.4542119652759311
2019-11-15 06:51:00,0.397035177720511
2019-11-15 06:54:00,0.4072995360753566
2019-11-15 06:57:00,0.4269274396698961
2019-11-15 07:00:00,0.4585884613836697
2019-11-15 07:03:00,0.5578848362511053
2019-11-15 07:06:00,0.46066179312850863
2019-11-15 07:09:00,0.37457294504309857
2019-11-15 07:12:00,0.4452889594170415
2019-11-15 07:15:00,0.4226253426500648
2019-11-15 07:18:00,0.37969315472770404
2019-11-15 07:21:00,0.17354626747834345
2019-11-15 07:24:00,0.3549713330325517
2019-11-15 07:27:00,0.4676451039267704
2019-11-15 07:30:00,0.3336228630483902
2019-11-15 07:33:00,0.4200645344581062
2019-11-15 07:36:00,0.4554522320166825
2019-11-15 07:39:00,0.4175645550957938
2019-11-15 07:42:00,0.29623011637340824
2019-11-15 07:45:00,0.3505886820560704
2019-11-15 07:48:00,0.2731255822928347
2019-11-15 07:51:00,0.32472338557528246
2019-11-15 07:54:00,0.337917243986567
2019-11-15 07:57:00,0.31378838640301865
2019-11-15 08:00:00,0.38069249979270126
2019-11-15 08:03:00,0.34991386279477865
2019-11-15 08:06:00,0.3531382618717771
2019-11-15 08:09:00,0.38665315891734053
2019-11-15 08:12:00,0.3572998479128273
2019-11-15 08:15:00,0.2108381729589155
2019-11-15 08:18:00,0.24411747610776047
2019-11-15 08:21:00,0.20645995273400786
2019-11-15 08:24:00,0.32140366463312375
2019-11-15 08:27:00,0.20744069269352394
2019-11-15 08:30:00,0.3079280394863986
2019-11-15 08:33:00,0.3782776021280938
2019-11-15 08:36:00,0.2966713388451012
2019-11-15 08:39:00,0.3178403866194799
2019-11-15 08:42:00,0.36110611793361613
2019-11-15 08:45:00,0.23520324125536263
2019-11-15 08:48:00,0.35894005209206625
2019-11-15 08:51:00,0.35727297559384397
2019-11-15 08:54:00,0.29396080506609223
2019-11-15 08:57:00,0.3677787242742738
2019-11-15 09:00:00,0.3547214552178275
2019-11-15 09:03:00,0.3982161480155355
2019-11-15 09:06:00,0.38053355739572226
2019-11-15 09:09:00,0.34483206222012086
2019-11-15 09:12:00,0.2537007243097946
2019-11-15 09:15:00,0.36192825077353064
2019-11-15 09:18:00,0.3357888633466928
2019-11-15 09:21:00,0.19331773459259693
2019-11-15 09:24:00,0.2321151821823264
2019-11-15 09:27:00,0.22764276577754572
2019-11-15 09:30:00,0.3027141651046463
2019-11-15 09:33:00,0.2713487023249854
2019-11-15 09:36:00,0.22073374492583753
2019-11-15 09:39:00,0.2563073313265818
2019-11-15 09:42:00,0.3082183758986048
2019-11-15 09:45:00,0.3144992791512209
2019-11-15 09:48:00,0.21165190239776166
2019-11-15 09:51:00,0.19473894958031224
2019-11-15 09:54:00,0.20370078612700127
2019-11-15 09:57:00,0.2477211607850336
2019-11-15 10:00:00,0.10668014839870921
2019-11-15 10:03:00,0.12749172216848592
2019-11-15 10:06:00,0.25943465043906144
2019-11-15 10:09:00,0.1841272189940355
2019-11-15 10:12:00,0.1939994064032362
2019-11-15 10:15:00,0.21689602351784742
2019-11-15 10:18:00,0.09149616098835622
2019-11-15 10:21:00,0.15980825583625347
2019-11-15 10:24:00,0.0800648006315896
2019-11-15 10:27:00,0.20050484730472817
2019-11-15 10:30:00,0.21512428304072273
2019-11-15 10:33:00,0.201204042145946
2019-11-15 10:36:00,0.172281199827637
2019-11-15 10:39:00,0.08736065079534683
2019-11-15 10:42:00,0.1301913801222554
2019-11-15 10:45:00,0.07550060747155385
2019-11-15 10:48:00,0.17007915452006728
2019-11-15 10:51:00,0.19088664684147716
2019-11-15 10:54:00,0.15703978161928944
2019-11-15 10:57:00,0.10704185839580305
2019-11-15 11:00:00,0.09353899516816
2019-11-15 11:03:00,0.014414026650570122
2019-11-15 11:06:00,0.0314455324401024
2019-11-15 11:09:00,0.12687615560560062
2019-11-15 11:12:00,-0.02318330371764432
2019-11-15 11:15:00,-0.0072473758345950046
2019-11-15 11:18:00,0.002705510531257005
2019-11-15 11:21:00,-0.029028833875713644
2019-11-15 11:24:00,0.02521002612797929
2019-11-15 11:27:00,0.0372159240291694
2019-11-15 11:30:00,0.14283238744422988
2019-11-15 11:33:00,0.03499486827229248
2019-11-15 11:36:00,0.04712785825273613
2019-11-15 11:39:00,0.03655843340283127
2019-11-15 11:42:00,-0.03947103138841612
2019-11-15 11:45:00,0.00021432920829056457
2019-11-15 11:48:00,-0.038061698950002665
2019-11-15 11:51:00,0.04218290009981729
2019-11-15 11:54:00,-0.05090844177289
2019-11-15 11:57:00,0.01282229554976766
2019-11-15 12:00:00,0.0959619628702626
2019-11-15 12:03:00,0.03202691139858871
2019-11-15 12:06:00,-0.08468527662967062
2019-11-15 12:09:00,-0.0016797083632127396
2019-11-15 12:12:00,0.025287344001071688
2019-11-15 12:15:00,-0.03679233222089806
2019-11-15 12:18:00,-0.15505859587221948
2019-11-15 12:21:00,0.0027144970778749666
2019-11-15 12:24:00,-0.005774497693096237
2019-11-15 12:27:00,0.057031633365340895
2019-11-15 12:30:00,0.17222381126600794
2019-11-15 12:33:00,0.008044936525607227
2019-11-15 12:36:00,0.20457026894649744
2019-11-15 12:39:00,0.16276349134847123
2019-11-15 12:42:00,0.10984748371379283
2019-11-15 12:45:00,0.1514455292477237
2019-11-15 12:48:00,0.1316371107675991
2019-11-15 12:51:00,0.08488253461513295
2019-11-15 12:54:00,0.15043701390652586
2019-11-15 12:57:00,0.03976671417473199
2019-11-15 13:00:00,0.06498031372558444
2019-11-15 13:03:00,0.025948084388062398
2019-11-15 13:06:00,0.04638609617632028
2019-11-15 13:09:00,0.1209162741236014
2019-11-15 13:12:00,0.07762262665858088
2019-11-15 13:15:00,0.16940226524542368
2019-11-15 13:18:00,0.17551427316277568
2019-11-15 13:21:00,0.24613200442837524
2019-11-15 13:24:00,0.11418589138389734
2019-11-15 13:27:00,0.06187311158629427
2019-11-15 13:30:00,-0.04184818476238661
2019-11-15 13:33:00,-0.0975360624245809
2019-11-15 13:36:00,-0.04654933670565242
2019-11-15 13:39:00,-0.06671462448423426
2019-11-15 13:42:00,-0.11262769205183076
2019-11-15 13:45:00,-0.08684691792535659
2019-11-15 13:48:00,-0.12823170027434116
2019-11-15 13:51:00,-0.09825379346358432
2019-11-15 13:54:00,-0.04832089597363165
2019-11-15 13:57:00,-0.06085426854906473
2019-11-15 14:00:00,-0.0513435066538932
2019-11-15 14:03:00,0.011946088352544848
2019-11-15 14:06:00,-0.09112999840675684
2019-11-15 14:09:00,-0.010612848331959412
2019-11-15 14:12:00,-0.04287804872564038
2019-11-15 14:15:00,-0.1265420502758161
2019-11-15 14:18:00,-0.08116707994986427
2019-11-15 14:21:00,-0.09920962825179913
2019-11-15 14:24:00,0.06880508518412398
2019-11-15 14:27:00,0.10999213688313603
2019-11-15 14:30:00,0.19059762199429997
2019-11-15 14:33:00,0.12849791518414122
2019-11-15 14:36:00,0.27302195814178276
2019-11-15 14:39:00,0.22636578946702457
2019-11-15 14:42:00,0.12580631619835003
2019-11-15 14:45:00,0.1798735421599531
2019-11-15 14:48:00,0.1379236482908368
2019-11-15 14:51:00,0.13085899393371392
2019-11-15 14:54:00,0.15216218017474148
2019-11-15 14:57:00,0.14141610192234566
2019-11-15 15:00:00,0.040631131920008556
2019-11-15 15:03:00,0.10620566932999509
2019-11-15 15:06:00,0.11613641830831511
2019-11-15 15:09:00,0.08292653649687054
2019-11-15 15:12:00,0.021631629306341438
2019-11-15 15:15:00,0.06115894179595216
2019-11-15 15:18:00,0.07518109676624363
2019-11-15 15:21:00,0.21685340525613128
2019-11-15 15:24:00,0.161295594760702
2019-11-15 15:27:00,0.27952920114790913
2019-11-15 15:30:00,0.3188596401924997
2019-11-15 15:33:00,0.31525575414951845
2019-11-15 15:36:00,0.25661794041894836
2019-11-15 15:39:00,0.10984708361672801
2019-11-15 15:42:00,0.16528258604290613
2019-11-15 15:45:00,0.20514866760163386
2019-11-15 15:48:00,0.10419929459067134
2019-11-15 15:51:00,0.2544161313888367
2019-11-15 15:54:00,0.28098840018105875
2019-11-15 15:57:00,0.30981261492445356
2019-11-15 16:00:00,0.3239148562985861
2019-11-15 16:03:00,0.38781782551188826
2019-11-15 16:06:00,0.5731696898278074
2019-11-15 16:09:00,0.5502766876594478
2019-11-15 16:12:00,0.44977288173680563
2019-11-15 16:15:00,0.5055077256555478
2019-11-15 16:18:00,0.5675103380353335
2019-11-15 16:21:00,0.4485611212992353
2019-11-15 16:24:00,0.48408439603593933
2019-11-15 16:27:00,0.543884355303021
2019-11-15 16:30:00,0.351471742428771
2019-11-15 16:33:00,0.24208089660686483
2019-11-15 16:36:00,0.2532928244754089
2019-11-15 16:39:00,0.2601980460890445
2019-11-15 16:42:00,0.21920353494198253
2019-11-15 16:45:00,0.2124795827051571
2019-11-15 16:48:00,0.10668126078587647
2019-11-15 16:51:00,0.21368470188326683
2019-11-15 16:54:00,0.32769494502963425
2019-11-15 16:57:00,0.25905704466674706
2019-11-15 17:00:00,0.28748937522664164
2019-11-15 17:03:00,0.3118798828130025
2019-11-15 17:06:00,0.36117471307215965
2019-11-15 17:09:00,0.3013624250468183
2019-11-15 17:12:00,0.30042734045156294
2019-11-15 17:15:00,0.26998576566097654
2019-11-15 17:18:00,0.32781261335856016
2019-11-15 17:21:00,0.4209552362226532
2019-11-15 17:24:00,0.33495527515225376
2019-11-15 17:27:00,0.3293327075151069
2019-11-15 17:30:00,0.32437131890668525
2019-11-15 17:33:00,0.2943178473556145
2019-11-15 17:36:00,0.2806454694894569
2019-11-15 17:39:00,0.3234378119797725
2019-11-15 17:42:00,0.23714511856314857
2019-11-15 17:45:00,0.35945746336619777
2019-11-15 17:48:00,0.3474537931918462
2019-11-15 17:51:00,0.24696143094041645
2019-11-15 17:54:00,0.35488524736678073
2019-11-15 17:57:00,0.3288549637670144
2019-11-15 18:00:00,0.29788182807743624
2019-11-15 18:03:00,0.3211179823617272
2019-11-15 18:06:00,0.3251956527407174
2019-11-15 18:09:00,0.22615548485185855
2019-11-15 18:12:00,0.255632428385411
2019-11-15 18:15:00,0.21506234673034896
2019-11-15 18:18:00,0.2101797371431644
2019-11-15 18:21:00,0.2550892651586878
2019-11-15 18:24:00,0.2516311287131998
2019-11-15 18:27:00,0.18417108395397008
2019-11-15 18:30:00,0.25852504875933846
2019-11-15 18:33:00,0.17142367788858337
2019-11-15 18:36:00,0.1636566835956046
2019-11-15 18:39:00,0.21908803632021545
2019-11-15 18:42:00,0.27068468656273126
2019-11-15 18:45:00,0.25370373207010743
2019-11-15 18:48:00,0.3356249735442134
2019-11-15 18:51:00,0.17527647840609006
2019-11-15 18:54:00,
2019-11-15 18:57:00,
2019-11-15 19:00:00,
2019-11-15 19:03:00,0.18985255708099658
2019-11-15 19:06:00,0.20598867731428072
2019-11-15 19:09:00,0.15439227570954017
2019-11-15 19:12:00,0.21115506572505183
2019-11-15 19:15:00,0.18639047205840598
2019-11-15 19:18:00,0.17833856807942539
2019-11-15 19:21:00,0.14674524840512504
2019-11-15 19:24:00,0.19908344994115623
2019-11-15 19:27:00,0.30667445207291166
2019-11-15 19:30:00,0.2379267159680012
2019-11-15 19:33:00,0.2165572666296498
2019-11-15 19:36:00,0.22689170278175652
2019-11-15 19:39:00,0.18527717135640387
2019-11-15 19:42:00,0.2576462617583388
2019-11-15 19:45:00,0.26322339982164067
2019-11-15 19:48:00,0.19935758008426774
2019-11-15 19:51:00,0.1692885363319192
2019-11-15 19:54:00,0.10597804847930092
2019-11-15 19:57:00,0.1354587430276979
2019-11-15 20:00:00,0.12706890916638258
2019-11-15 20:03:00,0.16226312310618596
2019-11-15 20:06:00,0.00747249257403837
2019-11-15 20:09:00,0.13675504629497937
2019-11-15 20:12:00,0.21292011113911258
2019-11-15 20:15:00,0.2863431212015257
2019-11-15 20:18:00,0.14165647570911233
2019-11-15 20:21:00,0.32178923697534856
2019-11-15 20:24:00,0.2755657917976464
2019-11-15 20:27:00,0.31173220002028756
2019-11-15 20:30:00,0.25803557301173896
2019-11-15 20:33:00,0.21987050791148022
2019-11-15 20:36:00,0.1919288639631418
2019-11-15 20:39:00,0.20647609531073385
2019-11-15 20:42:00,0.24434501257115926
2019-11-15 20:45:00,0.13950606887084405
2019-11-15 20:48:00,0.21489177665455372
2019-11-15 20:51:00,0.28660642235468003
2019-11-15 20:54:00,0.24600795717469737
2019-11-15 20:57:00,0.25458961345293574
2019-11-15 21:00:00,0.22765442207423803
2019-11-15 21:03:00,0.195537478213339
2019-11-15 21:06:00,0.2636406404437821
2019-11-15 21:09:00,0.2797789091508207
2019-11-15 21:12:00,0.1660893460525017
2019-11-15 21:15:00,0.21416930045978688
2019-11-15 21:18:00,0.206041933560698
2019-11-15 21:21:00,0.20167020280445058
2019-11-15 21:24:00,0.17909436818774793
2019-11-15 21:27:00,0.2394756909675948
2019-11-15 21:30:00,0.28353182835945745
2019-11-15 21:33:00,0.1388504651881135
2019-11-15 21:36:00,0.16160978679079108
2019-11-15 21:39:00,0.19545997062994047
2019-11-15 21:42:00,0.2200653071466263
2019-11-15 21:45:00,0.2858751014122731
2019-11-15 21:48:00,0.2577098451741904
2019-11-15 21:51:00,0.2664106114028755
2019-11-15 21:54:00,0.1606565600270642
2019-11-15 21:57:00,0.28846253085134776
2019-11-15 22:00:00,0.20797199994564153
2019-11-15 22:03:00,0.22456852556882723
2019-11-15 22:06:00,0.154550872676964
2019-11-15 22:09:00,0.21003089844788292
2019-11-15 22:12:00,0.26704052385969135
2019-11-15 22:15:00,0.21400867601255413
2019-11-15 22:18:00,0.26581377758765257
2019-11-15 22:21:00,0.2707816153473459
2019-11-15 22:24:00,0.25099703039853694
2019-11-15 22:27:00,0.3314498634376264
2019-11-15 22:30:00,0.21334099696457542
2019-11-15 22:33:00,0.26216151815339117
2019-11-15 22:36:00,0.3199289959152338
2019-11-15 22:39:00,0.2977486484173255
2019-11-15 22:42:00,0.28948688895303576
2019-11-15 22:45:00,0.31324729199195644
2019-11-15 22:48:00,0.2872435272878988
2019-11-15 22:51:00,0.29590631004936085
2019-11-15 22:54:00,0.20421999133463942
2019-11-15 22:57:00,0.23658046279621203
2019-11-15 23:00:00,0.22434503904355552
2019-11-15 23:03:00,0.17862297640704128
2019-11-15 23:06:00,0.19651914460723674
2019-11-15 23:09:00,0.27210141586868986
2019-11-15 23:12:00,0.2508495442389176
2019-11-15 23:15:00,0.2209082373506135
2019-11-15 23:18:00,0.289798374511804
2019-11-15 23:21:00,0.3189110682109231
2019-11-15 23:24:00,0.2682067536950399
2019-11-15 23:27:00,0.258640185523177
2019-11-15 23:30:00,0.25804082968392095
2019-11-15 23:33:00,0.32428027110779567
2019-11-15 23:36:00,0.28772268960284464
2019-11-15 23:39:00,0.25840653280050674
2019-11-15 23:42:00,0.3156973435428654
2019-11-15 23:45:00,0.250917351839405
2019-11-15 23:48:00,0.30107676680165696
2019-11-15 23:51:00,0.3535860797327359
2019-11-15 23:54:00,0.31414806304258036
2019-11-15 23:57:00,0.31523553204084465
2019-11-16 00:00:00,0.36993445867074115
2019-11-16 00:03:00,0.41391544422299376
2019-11-16 00:06:00,0.3888716179095013
2019-11-16 00:09:00,0.3361539005444456
2019-11-16 00:12:00,0.4445171676029531
2019-11-16 00:15:00,0.42200476273876575
2019-11-16 00:18:00,0.3027597216054687
2019-11-16 00:21:00,0.32127232100265246
2019-11-16 00:24:00,0.3951369052040832
2019-11-16 00:27:00,0.35271485811318826
2019-11-16 00:30:00,0.3919802176017697
2019-11-16 00:33:00,0.31624050768635925
2019-11-16 00:36:00,0.31977580598857
2019-11-16 00:39:00,0.2816341194866254
2019-11-16 00:42:00,0.30453135316793123
2019-11-16 00:45:00,0.2808892707616337
2019-11-16 00:48:00,0.25006720226508605
2019-11-16 00:51:00,0.3439619316188214
2019-11-16 00:54:00,0.29848644437066696
2019-11-16 00:57:00,0.321055887325997
2019-11-16 01:00:00,0.21877024310634852
2019-11-16 01:03:00,0.18046863412308767
2019-11-16 01:06:00,0.2352419513622408
2019-11-16 01:09:00,0.30972207214165337
2019-11-16 01:12:00,0.25648827673569485
2019-11-16 01:15:00,0.16960398357275608
2019-11-16 01:18:00,0.2856308816423052
2019-11-16 01:21:00,0.2942582580650992
2019-11-16 01:24:00,0.3038940422412679
2019-11-16 01:27:00,0.3443434149195923
2019-11-16 01:30:00,0.3078913931748275
2019-11-16 01:33:00,0.2911513494474889
2019-11-16 01:36:00,0.2940596202451502
2019-11-16 01:39:00,0.3287712207718414
2019-11-16 01:42:00,0.38722876110870175
2019-11-16 01:45:00,0.37078257979447926
2019-11-16 01:48:00,0.24591835171872845
2019-11-16 01:51:00,0.2544864983964885
2019-11-16 01:54:00,0.3961427822788437
2019-11-16 01:57:00,0.48355301225700487
2019-11-16 02:00:00,0.3261053982516273
2019-11-16 02:03:00,0.42091718094548014
2019-11-16 02:06:00,0.31333117737642624
2019-11-16 02:09:00,0.43330173664929816
2019-11-16 02:12:00,0.32155459483658433
2019-11-16 02:15:00,0.4563986637054427
2019-11-16 02:18:00,0.5144689040297408
2019-11-16 02:21:00,0.36718317037292536
2019-11-16 02:24:00,0.39598802621725326
2019-11-16 02:27:00,0.43790927881786956
2019-11-16 02:30:00,0.5443994410103414
2019-11-16 02:33:00,0.31861329896401
2019-11-16 02:36:00,0.4249560752391517
2019-11-16 02:39:00,0.4459362661865498
2019-11-16 02:42:00,0.4016979106684744
2019-11-16 02:45:00,0.31276058706993126
2019-11-16 02:48:00,0.4045592242134717
2019-11-16 02:51:00,0.40684457545035
2019-11-16 02:54:00,0.40614065664095733
2019-11-16 02:57:00,0.4269204048095503
2019-11-16 03:00:00,0.38831684947848544
2019-11-16 03:03:00,0.36277159618668975
2019-11-16 03:06:00,0.5031507639752135
2019-11-16 03:09:00,0.4454922887213115
2019-11-16 03:12:00,0.3981390046367892
2019-11-16 03:15:00,0.42660657049401607
2019-11-16 03:18:00,0.49675843118728835
2019-11-16 03:21:00,0.4698742991621998
2019-11-16 03:24:00,0.547243413999297
2019-11-16 03:27:00,0.4289870052743936
2019-11-16 03:30:00,0.4246603280572572
2019-11-16 03:33:00,0.44819129479338926
2019-11-16 03:36:00,0.4142725956231743
2019-11-16 03:39:00,0.6137985392346081
2019-11-16 03:42:00,0.4824180927307111
2019-11-16 03:45:00,0.5438907858729749
2019-11-16 03:48:00,0.4499352338777953
2019-11-16 03:51:00,0.546890487063763
2019-11-16 03:54:00,0.45164360995494235
2019-11-16 03:57:00,0.4759767080830102
2019-11-16 04:00:00,0.4583209479408197
2019-11-16 04:03:00,0.4580371033034112
2019-11-16 04:06:00,0.4511876942360118
2019-11-16 04:09:00,0.4983010908340475
2019-11-16 04:12:00,0.4128120475160699
2019-11-16 04:15:00,0.5540264828301815
2019-11-16 04:18:00,0.48647776394574294
2019-11-16 04:21:00,0.6067506888288676
2019-11-16 04:24:00,0.4875784478577998
2019-11-16 04:27:00,0.4901021645351875
2019-11-16 04:30:00,0.42312672947861074
2019-11-16 04:33:00,0.5090379733580903
2019-11-16 04:36:00,0.5484763547652278
2019-11-16 04:39:00,0.5144980297984034
2019-11-16 04:42:00,0.5375502428928485
2019-11-16 04:45:00,0.46944378031537326
2019-11-16 04:48:00,0.4220282854068387
2019-11-16 04:51:00,0.47661690049017125
2019-11-16 04:54:00,0.5463649318338639
2019-11-16 04:57:00,0.4224068320048673
2019-11-16 05:00:00,0.5092216239001459
2019-11-16 05:03:00,0.49092768742821136
2019-11-16 05:06:00,0.4959786217426654
2019-11-16 05:09:00,0.38468639424496587
2019-11-16 05:12:00,0.5696571696760202
2019-11-16 05:15:00,0.42732537221024813
2019-11-16 05:18:00,0.4671221749599681
2019-11-16 05:21:00,0.41364572236574304
2019-11-16 05:24:00,0.3850257778125865
2019-11-16 05:27:00,0.35820158352129283
2019-11-16 05:30:00,0.4060571230092478
2019-11-16 05:33:00,0.3972985454099103
2019-11-16 05:36:00,0.43570316090767847
2019-11-16 05:39:00,0.37801692821767574
2019-11-16 05:42:00,0.37657764073634326
2019-11-16 05:45:00,0.35552370555978996
2019-11-16 05:48:00,0.39610835936679223
2019-11-16 05:51:00,0.3492167736350211
2019-11-16 05:54:00,0.5151811636197294
2019-11-16 05:57:00,0.4775193774736408
2019-11-16 06:00:00,0.35151290455064554
2019-11-16 06:03:00,0.4115402356422351
2019-11-16 06:06:00,0.3870247749288751
2019-11-16 06:09:00,0.3962530492094629
2019-11-16 06:12:00,0.49364543724703935
2019-11-16 06:15:00,0.3428102515076148
2019-11-16 06:18:00,0.39449133631910627
2019-11-16 06:21:00,0.42888433688801797
2019-11-16 06:24:00,0.41836349083428104
2019-11-16 06:27:00,0.4060265196836781
2019-11-16 06:30:00,0.40892526213463043
2019-11-16 06:33:00,0.4309913902778817
2019-11-16 06:36:00,0.4406852161566235
2019-11-16 06:39:00,0.4256639689941153
2019-11-16 06:42:00,0.3692308902681134
2019-11-16 06:45:00,0.33581738399738015
2019-11-16 06:48:00,0.4353254184740649
2019-11-16 06:51:00,0.2917999931813142
2019-11-16 06:54:00,0.36340430480686337
2019-11-16 06:57:00,0.34629502099261344
2019-11-16 07:00:00,0.3226365220610887
2019-11-16 07:03:00,0.33267108187413896
2019-11-16 07:06:00,0.3490110111350191
2019-11-16 07:09:00,0.3379284904948463
2019-11-16 07:12:00,0.38657983456079137
2019-11-16 07:15:00,0.29924196709066564
2019-11-16 07:18:00,0.44324128108615923
2019-11-16 07:21:00,0.32660954103465656
2019-11-16 07:24:00,0.42086227405400223
2019-11-16 07:27:00,0.36086829326075076
2019-11-16 07:30:00,0.4947112653146064
2019-11-16 07:33:00,0.4862370783893084
2019-11-16 07:36:00,0.47895701452381445
2019-11-16 07:39:00,0.5093095371008189
2019-11-16 07:42:00,
2019-11-16 07:45:00,
2019-11-16 07:48:00,
2019-11-16 07:51:00,
2019-11-16 07:54:00,
2019-11-16 07:57:00,
2019-11-16 08:00:00,
2019-11-16 08:03:00,
2019-11-16 08:06:00,
2019-11-16 08:09:00,
2019-11-16 08:12:00,
2019-11-16 08:15:00,
2019-11-16 08:18:00,
2019-11-16 08:21:00,
2019-11-16 08:24:00,
2019-11-16 08:27:00,
2019-11-16 08:30:00,
2019-11-16 08:33:00,
2019-11-16 08:36:00,
2019-11-16 08:39:00,
2019-11-16 08:42:00,
2019-11-16 08:45:00,
2019-11-16 08:48:00,
2019-11-16 08:51:00,
2019-11-16 08:54:00,
2019-11-16 08:57:00,
2019-11-16 09:00:00,
2019-11-16 09:03:00,
2019-11-16 09:06:00,
2019-11-16 09:09:00,
2019-11-16 09:12:00,
2019-11-16 09:15:00,
2019-11-16 09:18:00,
2019-11-16 09:21:00,
2019-11-16 09:24:00,
2019-11-16 09:27:00,
2019-11-16 09:30:00,
2019-11-16 09:33:00,
2019-11-16 09:36:00,
2019-11-16 09:39:00,
2019-11-16 09:42:00,
2019-11-16 09:45:00,
2019-11-16 09:48:00,
2019-11-16 09:51:00,
2019-11-16 09:54:00,
2019-11-16 09:57:00,
2019-11-16 10:00:00,
2019-11-16 10:03:00,
2019-11-16 10:06:00,
2019-11-16 10:09:00,
2019-11-16 10:12:00,
2019-11-16 10:15:00,
2019-11-16 10:18:00,
2019-11-16 10:21:00,
2019-11-16 10:24:00,
2019-11-16 10:27:00,
2019-11-16 10:30:00,
2019-11-16 10:33:00,
2019-11-16 10:36:00,
2019-11-16 10:39:00,
2019-11-16 10:42:00,
2019-11-16 10:45:00,
2019-11-16 10:48:00,
2019-11-16 10:51:00,
2019-11-16 10:54:00,
2019-11-16 10:57:00,
2019-11-16 11:00:00,
2019-11-16 11:03:00,
2019-11-16 11:06:00,
2019-11-16 11:09:00,
2019-11-16 11:12:00,
2019-11-16 11:15:00,
2019-11-16 11:18:00,
2019-11-16 11:21:00,
2019-11-16 11:24:00,
2019-11-16 11:27:00,
2019-11-16 11:30:00,
2019-11-16 11:33:00,
2019-11-16 11:36:00,
2019-11-16 11:39:00,
2019-11-16 11:42:00,
2019-11-16 11:45:00,
2019-11-16 11:48:00,
2019-11-16 11:51:00,
2019-11-16 11:54:00,
2019-11-16 11:57:00,
2019-11-16 12:00:00,
2019-11-16 12:03:00,
2019-11-16 12:06:00,
2019-11-16 12:09:00,
2019-11-16 12:12:00,
2019-11-16 12:15:00,
2019-11-16 12:18:00,
2019-11-16 12:21:00,
2019-11-16 12:24:00,
2019-11-16 12:27:00,
2019-11-16 12:30:00,
2019-11-16 12:33:00,
2019-11-16 12:36:00,
2019-11-16 12:39:00,
2019-11-16 12:42:00,
2019-11-16 12:45:00,
2019-11-16 12:48:00,
2019-11-16 12:51:00,
2019-11-16 12:54:00,
2019-11-16 12:57:00,
2019-11-16 13:00:00,
2019-11-16 13:03:00,
2019-11-16 13:06:00,
2019-11-16 13:09:00,
2019-11-16 13:12:00,
2019-11-16 13:15:00,
2019-11-16 13:18:00,
2019-11-16 13:21:00,
2019-11-16 13:24:00,
2019-11-16 13:27:00,
2019-11-16 13:30:00,
2019-11-16 13:33:00,
2019-11-16 13:36:00,
2019-11-16 13:39:00,
2019-11-16 13:42:00,
2019-11-16 13:45:00,
2019-11-16 13:48:00,
2019-11-16 13:51:00,
2019-11-16 13:54:00,
2019-11-16 13:57:00,
2019-11-16 14:00:00,
2019-11-16 14:03:00,
2019-11-16 14:06:00,
2019-11-16 14:09:00,
2019-11-16 14:12:00,
2019-11-16 14:15:00,
2019-11-16 14:18:00,
2019-11-16 14:21:00,
2019-11-16 14:24:00,
2019-11-16 14:27:00,
2019-11-16 14:30:00,
2019-11-16 14:33:00,
2019-11-16 14:36:00,
2019-11-16 14:39:00,
2019-11-16 14:42:00,
2019-11-16 14:45:00,
2019-11-16 14:48:00,
2019-11-16 14:51:00,
2019-11-16 14:54:00,
2019-11-16 14:57:00,
2019-11-16 15:00:00,
2019-11-16 15:03:00,
2019-11-16 15:06:00,
2019-11-16 15:09:00,
2019-11-16 15:12:00,
2019-11-16 15:15:00,
2019-11-16 15:18:00,
2019-11-16 15:21:00,
2019-11-16 15:24:00,
2019-11-16 15:27:00,
2019-11-16 15:30:00,
2019-11-16 15:33:00,
2019-11-16 15:36:00,
2019-11-16 15:39:00,
2019-11-16 15:42:00,
2019-11-16 15:45:00,
2019-11-16 15:48:00,
2019-11-16 15:51:00,
2019-11-16 15:54:00,
2019-11-16 15:57:00,
2019-11-16 16:00:00,
2019-11-16 16:03:00,
2019-11-16 16:06:00,
2019-11-16 16:09:00,
2019-11-16 16:12:00,
2019-11-16 16:15:00,
2019-11-16 16:18:00,
2019-11-16 16:21:00,
2019-11-16 16:24:00,
2019-11-16 16:27:00,
2019-11-16 16:30:00,
2019-11-16 16:33:00,
2019-11-16 16:36:00,
2019-11-16 16:39:00,
2019-11-16 16:42:00,
2019-11-16 16:45:00,
2019-11-16 16:48:00,
2019-11-16 16:51:00,
2019-11-16 16:54:00,
2019-11-16 16:57:00,
2019-11-16 17:00:00,
2019-11-16 17:03:00,
2019-11-16 17:06:00,
2019-11-16 17:09:00,
2019-11-16 17:12:00,
2019-11-16 17:15:00,
2019-11-16 17:18:00,
2019-11-16 17:21:00,
2019-11-16 17:24:00,
2019-11-16 17:27:00,
2019-11-16 17:30:00,
2019-11-16 17:33:00,
2019-11-16 17:36:00,
2019-11-16 17:39:00,
2019-11-16 17:42:00,
2019-11-16 17:45:00,
2019-11-16 17:48:00,
2019-11-16 17:51:00,
2019-11-16 17:54:00,
2019-11-16 17:57:00,
2019-11-16 18:00:00,
2019-11-16 18:03:00,
2019-11-16 18:06:00,
2019-11-16 18:09:00,
2019-11-16 18:12:00,
2019-11-16 18:15:00,
2019-11-16 18:18:00,
2019-11-16 18:21:00,
2019-11-16 18:24:00,
2019-11-16 18:27:00,
2019-11-16 18:30:00,
2019-11-16 18:33:00,
2019-11-16 18:36:00,
2019-11-16 18:39:00,
2019-11-16 18:42:00,
2019-11-16 18:45:00,
2019-11-16 18:48:00,
2019-11-16 18:51:00,
2019-11-16 18:54:00,
2019-11-16 18:57:00,
2019-11-16 19:00:00,
2019-11-16 19:03:00,0.2619879646979939
2019-11-16 19:06:00,0.1445466282899588
2019-11-16 19:09:00,0.06963849347386031
2019-11-16 19:12:00,0.030948909394624025
2019-11-16 19:15:00,0.04767734739749585
2019-11-16 19:18:00,0.09868355344548263
2019-11-16 19:21:00,0.22716555446299935
2019-11-16 19:24:00,0.2187453359280198
2019-11-16 19:27:00,0.22472834056975444
2019-11-16 19:30:00,0.16669373152456046
2019-11-16 19:33:00,0.25188204221120714
2019-11-16 19:36:00,0.17627106641623413
2019-11-16 19:39:00,0.10751833019230617
2019-11-16 19:42:00,0.23397472453484625
2019-11-16 19:45:00,0.2480166276702107
2019-11-16 19:48:00,0.2500833905533
2019-11-16 19:51:00,0.3502031770989902
2019-11-16 19:54:00,0.1812678186524863
2019-11-16 19:57:00,0.19076360305217577
2019-11-16 20:00:00,0.17153186005697307
2019-11-16 20:03:00,0.1904992343247045
2019-11-16 20:06:00,0.13734824968850035
2019-11-16 20:09:00,0.05135164120099489
2019-11-16 20:12:00,0.15843619942489795
2019-11-16 20:15:00,0.08843108702615154
2019-11-16 20:18:00,0.28658213124873555
2019-11-16 20:21:00,0.24495201028690872
2019-11-16 20:24:00,0.24688471144185087
2019-11-16 20:27:00,0.24835132540920313
2019-11-16 20:30:00,0.2352885158384197
2019-11-16 20:33:00,0.2674721752100595
2019-11-16 20:36:00,0.265733308585709
2019-11-16 20:39:00,0.23105365713399806
2019-11-16 20:42:00,0.24783051463663242
2019-11-16 20:45:00,0.19366914130409896
2019-11-16 20:48:00,0.24183797387689765
2019-11-16 20:51:00,0.1974857281825848
2019-11-16 20:54:00,0.27199931569265345
2019-11-16 20:57:00,0.23828556243705634
2019-11-16 21:00:00,0.1877460054492417
2019-11-16 21:03:00,0.29300833289920547
2019-11-16 21:06:00,0.34050946178643926
2019-11-16 21:09:00,0.2979387808321121
2019-11-16 21:12:00,0.39626797213367126
2019-11-16 21:15:00,0.2082271384552996
2019-11-16 21:18:00,0.23294414682004572
2019-11-16 21:21:00,0.2911227499171787
2019-11-16 21:24:00,0.3082688068095081
2019-11-16 21:27:00,0.24863096359621295
2019-11-16 21:30:00,0.11144898772261058
2019-11-16 21:33:00,0.2586306865587744
2019-11-16 21:36:00,0.2090378944877216
2019-11-16 21:39:00,0.19320322672172097
2019-11-16 21:42:00,0.30488610423202545
2019-11-16 21:45:00,0.12162131101553086
2019-11-16 21:48:00,0.23937859544685125
2019-11-16 21:51:00,0.23893250837915048
2019-11-16 21:54:00,0.24288908823024258
2019-11-16 21:57:00,0.2830184762992758
2019-11-16 22:00:00,0.27289933634079944
2019-11-16 22:03:00,0.33715095851738397
2019-11-16 22:06:00,0.30945918364551517
2019-11-16 22:09:00,0.3353992090517295
2019-11-16 22:12:00,0.38358165597736615
2019-11-16 22:15:00,0.3420696944743895
2019-11-16 22:18:00,0.286951961475836
2019-11-16 22:21:00,0.2710698105924507
2019-11-16 22:24:00,0.2101669329532001
2019-11-16 22:27:00,0.2668917865146341
2019-11-16 22:30:00,0.19197211667665215
2019-11-16 22:33:00,0.28820724731866676
2019-11-16 22:36:00,0.1644449056943813
2019-11-16 22:39:00,0.25139993667238514
2019-11-16 22:42:00,0.2543447257759226
2019-11-16 22:45:00,0.18813256242458465
2019-11-16 22:48:00,0.3642150190848952
2019-11-16 22:51:00,0.25706202295356206
2019-11-16 22:54:00,0.30600480364768146
2019-11-16 22:57:00,0.24247933436282665
2019-11-16 23:00:00,0.280498641514896
2019-11-16 23:03:00,0.3001734279738457
2019-11-16 23:06:00,0.28595469502022297
2019-11-16 23:09:00,0.3252807749205431
2019-11-16 23:12:00,0.22128269962257718
2019-11-16 23:15:00,0.37031143612887263
2019-11-16 23:18:00,0.40042125224982783
2019-11-16 23:21:00,0.4194168179488429
2019-11-16 23:24:00,0.4143227055675993
2019-11-16 23:27:00,0.3882754391753451
2019-11-16 23:30:00,0.3402712558286112
2019-11-16 23:33:00,0.43976224808494635
2019-11-16 23:36:00,0.46991999644887983
2019-11-16 23:39:00,0.42304297409123137
2019-11-16 23:42:00,0.4228664369587136
2019-11-16 23:45:00,0.2994843592756524
2019-11-16 23:48:00,0.28666644346742487
2019-11-16 23:51:00,0.3973374254439932
2019-11-16 23:54:00,0.39225485804951177
2019-11-16 23:57:00,0.30928433575024883
2019-11-17 00:00:00,0.4722359965360283
2019-11-17 00:03:00,0.41690629883419206
2019-11-17 00:06:00,0.3704719674568082
2019-11-17 00:09:00,0.46576650597552316
2019-11-17 00:12:00,0.3528357693175508
2019-11-17 00:15:00,0.36679384639006685
2019-11-17 00:18:00,0.2791527779986609
2019-11-17 00:21:00,0.4881098972421114
2019-11-17 00:24:00,0.44001773679451617
2019-11-17 00:27:00,0.4267388815048889
2019-11-17 00:30:00,0.39599458831003176
2019-11-17 00:33:00,0.4694891232682039
2019-11-17 00:36:00,0.3353916177151177
2019-11-17 00:39:00,0.35480115857586725
2019-11-17 00:42:00,0.34940159377185864
2019-11-17 00:45:00,0.34768895613382256
2019-11-17 00:48:00,0.3120588813844165
2019-11-17 00:51:00,0.46504009871080143
2019-11-17 00:54:00,0.31302975600067384
2019-11-17 00:57:00,0.3777504605902209
2019-11-17 01:00:00,0.3395148102500798
2019-11-17 01:03:00,0.4080906168923093
2019-11-17 01:06:00,0.4207721389946073
2019-11-17 01:09:00,0.3915558967424886
2019-11-17 01:12:00,0.3826871820704696
2019-11-17 01:15:00,0.4161388068370684
2019-11-17 01:18:00,0.4251942693471733
2019-11-17 01:21:00,0.43445015828456235
2019-11-17 01:24:00,0.4488066072336778
2019-11-17 01:27:00,0.4842750331820298
2019-11-17 01:30:00,0.40980772459670334
2019-11-17 01:33:00,0.4301452988248684
2019-11-17 01:36:00,0.49294139860836594
2019-11-17 01:39:00,0.5224180978315189
2019-11-17 01:42:00,0.42468590743379764
2019-11-17 01:45:00,0.4411772944823724
2019-11-17 01:48:00,0.4504608756198536
2019-11-17 01:51:00,0.46027695221300746
2019-11-17 01:54:00,0.43983875201735145
2019-11-17 01:57:00,0.48537070759118706
2019-11-17 02:00:00,0.417672257701156
2019-11-17 02:03:00,0.4486938163695413
2019-11-17 02:06:00,0.5165746246536855
2019-11-17 02:09:00,0.3843563742378251
2019-11-17 02:12:00,0.4473563673013814
2019-11-17 02:15:00,0.3519727236544554
2019-11-17 02:18:00,0.42930366915692275
2019-11-17 02:21:00,0.4203269132773926
2019-11-17 02:24:00,0.36114591120315254
2019-11-17 02:27:00,0.3817925699713669
2019-11-17 02:30:00,0.3350294812848915
2019-11-17 02:33:00,0.3643443197446459
2019-11-17 02:36:00,0.24297725572296258
2019-11-17 02:39:00,0.3638010854164122
2019-11-17 02:42:00,0.3494553991737348
2019-11-17 02:45:00,0.3619813460848036
2019-11-17 02:48:00,0.34201786408635826
2019-11-17 02:51:00,0.3475196187735605
2019-11-17 02:54:00,0.3944931883404479
2019-11-17 02:57:00,0.36336461128968267
2019-11-17 03:00:00,0.30382628254528754
2019-11-17 03:03:00,0.3317835585799003
2019-11-17 03:06:00,0.3925362323740842
2019-11-17 03:09:00,0.27680745020660424
2019-11-17 03:12:00,0.35782794439325016
2019-11-17 03:15:00,0.3337078533343174
2019-11-17 03:18:00,0.4164496726390894
2019-11-17 03:21:00,0.37479846363470415
2019-11-17 03:24:00,0.35736042669037715
2019-11-17 03:27:00,0.39585575596248646
2019-11-17 03:30:00,0.43891391798979384
2019-11-17 03:33:00,0.35846699078882693
2019-11-17 03:36:00,0.43225092579217517
2019-11-17 03:39:00,0.38067035308819186
2019-11-17 03:42:00,0.445146629119165
2019-11-17 03:45:00,0.4302339384859124
2019-11-17 03:48:00,0.3381059270597575
2019-11-17 03:51:00,0.4489418093223776
2019-11-17 03:54:00,0.36322058621743736
2019-11-17 03:57:00,0.4668625367604591
2019-11-17 04:00:00,0.445917361152965
2019-11-17 04:03:00,0.4235857248056618
2019-11-17 04:06:00,0.38417097906295794
2019-11-17 04:09:00,0.404836464917139
2019-11-17 04:12:00,0.506338224671083
2019-11-17 04:15:00,0.36271163043221577
2019-11-17 04:18:00,0.39416893493449834
2019-11-17 04:21:00,0.4537798422011292
2019-11-17 04:24:00,0.4943525893355627
2019-11-17 04:27:00,0.3615703168142659
2019-11-17 04:30:00,0.45127586812407117
2019-11-17 04:33:00,0.37811952782402614
2019-11-17 04:36:00,0.5394819525616867
2019-11-17 04:39:00,0.4551114676166321
2019-11-17 04:42:00,0.4341908272588739
2019-11-17 04:45:00,0.5559532591327638
2019-11-17 04:48:00,0.49186746557836614
2019-11-17 04:51:00,0.49622262915204374
2019-11-17 04:54:00,0.5060504251854354
2019-11-17 04:57:00,0.4796821657207033
2019-11-17 05:00:00,0.45660463738590806
2019-11-17 05:03:00,0.530929636780229
2019-11-17 05:06:00,0.42043087060085327
2019-11-17 05:09:00,0.4800619917325548
2019-11-17 05:12:00,0.5113310487617468
2019-11-17 05:15:00,0.498238070458342
2019-11-17 05:18:00,0.5167548696117024
2019-11-17 05:21:00,0.6193419013392258
2019-11-17 05:24:00,0.5388061037257899
2019-11-17 05:27:00,0.5006348801306331
2019-11-17 05:30:00,0.5173255407872261
2019-11-17 05:33:00,0.47629344200959167
2019-11-17 05:36:00,0.4956570460707326
2019-11-17 05:39:00,0.5347300074244004
2019-11-17 05:42:00,0.37675894890412565
2019-11-17 05:45:00,0.4633219747639714
2019-11-17 05:48:00,0.36448277090198644
2019-11-17 05:51:00,0.37457335830845295
2019-11-17 05:54:00,0.34055562090969715
2019-11-17 05:57:00,0.4198448195613196
2019-11-17 06:00:00,0.4747078164567142
2019-11-17 06:03:00,0.5510102383966569
2019-11-17 06:06:00,0.3517102071321574
2019-11-17 06:09:00,0.3706674814305302
2019-11-17 06:12:00,0.2918709575095022
2019-11-17 06:15:00,0.4099637585131859
2019-11-17 06:18:00,0.4300782983784188
2019-11-17 06:21:00,0.4418053792051069
2019-11-17 06:24:00,0.39316510714212427
2019-11-17 06:27:00,0.39053014847530676
2019-11-17 06:30:00,0.4950616180871634
2019-11-17 06:33:00,0.5084164078272124
2019-11-17 06:36:00,0.5059994357194455
2019-11-17 06:39:00,0.4404739036687033
2019-11-17 06:42:00,0.44361388977131355
2019-11-17 06:45:00,0.48872817965178683
2019-11-17 06:48:00,0.5107072862151654
2019-11-17 06:51:00,0.44658323111565323
2019-11-17 06:54:00,0.48294753915178035
2019-11-17 06:57:00,0.4096670029041434
2019-11-17 07:00:00,0.3617375766375517
2019-11-17 07:03:00,0.37603676692674526
2019-11-17 07:06:00,0.4155599701935557
2019-11-17 07:09:00,0.4380528113720743
2019-11-17 07:12:00,0.38361910306798563
2019-11-17 07:15:00,0.4227904599322301
2019-11-17 07:18:00,0.362021241527998
2019-11-17 07:21:00,0.3809495039396893
2019-11-17 07:24:00,0.34253293816914265
2019-11-17 07:27:00,0.38088728585205445
2019-11-17 07:30:00,0.39617055407057933
2019-11-17 07:33:00,0.44542919906882616
2019-11-17 07:36:00,0.3222708619783816
2019-11-17 07:39:00,0.48885512950511156
2019-11-17 07:42:00,0.43647204603610135
2019-11-17 07:45:00,0.37582263731445664
2019-11-17 07:48:00,0.3016558296513949
2019-11-17 07:51:00,0.4479241679691768
2019-11-17 07:54:00,0.45315551445133906
2019-11-17 07:57:00,0.41243110112748127
2019-11-17 08:00:00,0.3966477593560285
2019-11-17 08:03:00,0.32241492790592474
2019-11-17 08:06:00,0.38877143337833786
2019-11-17 08:09:00,0.35321915323606845
2019-11-17 08:12:00,0.3419869630255903
2019-11-17 08:15:00,0.42652477289175295
2019-11-17 08:18:00,0.5238027635867866
2019-11-17 08:21:00,0.32375806936749996
2019-11-17 08:24:00,0.33175038513212485
2019-11-17 08:27:00,0.3975839871797575
2019-11-17 08:30:00,0.4390215959525108
2019-11-17 08:33:00,0.40545857047737854
2019-11-17 08:36:00,0.40131729261872806
2019-11-17 08:39:00,0.45549095490395075
2019-11-17 08:42:00,0.4437754916241943
2019-11-17 08:45:00,0.3058988682005861
2019-11-17 08:48:00,0.3153080044467629
2019-11-17 08:51:00,0.340459639773087
2019-11-17 08:54:00,0.28766114640836804
2019-11-17 08:57:00,0.23050700110974276
2019-11-17 09:00:00,0.30068331983204644
2019-11-17 09:03:00,0.3055374407285285
2019-11-17 09:06:00,0.3689333233589309
2019-11-17 09:09:00,0.3340178481996645
2019-11-17 09:12:00,0.3081048840668359
2019-11-17 09:15:00,0.29562492899873405
2019-11-17 09:18:00,0.29196999510230626
2019-11-17 09:21:00,0.35222208508417907
2019-11-17 09:24:00,0.3255062367353503
2019-11-17 09:27:00,0.24910003610847298
2019-11-17 09:30:00,0.24226340734810492
2019-11-17 09:33:00,0.2585767260689522
2019-11-17 09:36:00,0.14870736041666532
2019-11-17 09:39:00,0.24133264040563063
2019-11-17 09:42:00,0.2313547448803206
2019-11-17 09:45:00,0.15553294987682875
2019-11-17 09:48:00,0.12053717347782822
2019-11-17 09:51:00,0.10576669973119124
2019-11-17 09:54:00,0.17849621208756616
2019-11-17 09:57:00,0.18535033944175439
2019-11-17 10:00:00,0.2572833027759316
2019-11-17 10:03:00,0.3746030081552476
2019-11-17 10:06:00,0.18115065132519703
2019-11-17 10:09:00,0.2382047556682778
2019-11-17 10:12:00,0.28057611682817196
2019-11-17 10:15:00,0.2867017491225283
2019-11-17 10:18:00,0.28100892060018623
2019-11-17 10:21:00,0.16655861992228438
2019-11-17 10:24:00,0.16089343570780557
2019-11-17 10:27:00,0.20833567393958674
2019-11-17 10:30:00,0.14548123730003226
2019-11-17 10:33:00,0.18533264164790353
2019-11-17 10:36:00,0.18942118884649517
2019-11-17 10:39:00,0.18947625751042096
2019-11-17 10:42:00,0.2587050719642434
2019-11-17 10:45:00,0.20800678083196544
2019-11-17 10:48:00,0.2126713900457844
2019-11-17 10:51:00,0.2337591781761148
2019-11-17 10:54:00,0.16610937195702036
2019-11-17 10:57:00,0.20145479681087863
2019-11-17 11:00:00,0.16094465305297945
2019-11-17 11:03:00,0.1984446735945653
2019-11-17 11:06:00,0.08972032775670868
2019-11-17 11:09:00,0.2088988819542692
2019-11-17 11:12:00,0.15952680882679715
2019-11-17 11:15:00,0.1554693164361538
2019-11-17 11:18:00,0.14931914945157132
2019-11-17 11:21:00,0.09081936381960531
2019-11-17 11:24:00,0.08981641423343945
2019-11-17 11:27:00,0.1387545464670552
2019-11-17 11:30:00,0.07070400468273874
2019-11-17 11:33:00,0.07627436549898903
2019-11-17 11:36:00,0.07318018983755792
2019-11-17 11:39:00,0.06144484308447318
2019-11-17 11:42:00,0.08048384867453251
2019-11-17 11:45:00,0.07822668713146186
2019-11-17 11:48:00,0.006144267643321655
2019-11-17 11:51:00,0.10151118861136865
2019-11-17 11:54:00,0.06936099599852241
2019-11-17 11:57:00,0.059166162025633184
2019-11-17 12:00:00,0.057153996889269365
2019-11-17 12:03:00,0.020566590653629646
2019-11-17 12:06:00,-0.01695152398860955
2019-11-17 12:09:00,-0.010104049769893209
2019-11-17 12:12:00,0.025059159465399716
2019-11-17 12:15:00,0.12130550158065034
2019-11-17 12:18:00,0.030687348775074952
2019-11-17 12:21:00,0.0010183273187749364
2019-11-17 12:24:00,-0.02610944248431224
2019-11-17 12:27:00,0.0931782303395039
2019-11-17 12:30:00,-0.053913055978625835
2019-11-17 12:33:00,-0.0009456591595267128
2019-11-17 12:36:00,-0.06074455933674017
2019-11-17 12:39:00,-0.02355772134308154
2019-11-17 12:42:00,-0.013505428212226889
2019-11-17 12:45:00,-0.09272034440726884
2019-11-17 12:48:00,-0.0815828376350396
2019-11-17 12:51:00,-0.2083802407097437
2019-11-17 12:54:00,-0.05635460260680247
2019-11-17 12:57:00,-0.16396878199253706
2019-11-17 13:00:00,-0.1031157938408569
2019-11-17 13:03:00,-0.08249040699905663
2019-11-17 13:06:00,-0.08740065506572137
2019-11-17 13:09:00,-0.0632898217547222
2019-11-17 13:12:00,-0.03896477687231936
2019-11-17 13:15:00,-0.13690798760933376
2019-11-17 13:18:00,-0.1434512770197216
2019-11-17 13:21:00,-0.029274742572624746
2019-11-17 13:24:00,-0.11387557415724814
2019-11-17 13:27:00,-0.23501546219097236
2019-11-17 13:30:00,-0.24847248140292777
2019-11-17 13:33:00,-0.18600981209635847
2019-11-17 13:36:00,-0.2152385560117409
2019-11-17 13:39:00,-0.1708755811962419
2019-11-17 13:42:00,-0.08937712760371141
2019-11-17 13:45:00,-0.08089879058928773
2019-11-17 13:48:00,-0.0906859973673022
2019-11-17 13:51:00,-0.06714413901084981
2019-11-17 13:54:00,-0.1936876039134745
2019-11-17 13:57:00,-0.2220950678526492
2019-11-17 14:00:00,-0.2869876116188266
2019-11-17 14:03:00,-0.17766913112660632
2019-11-17 14:06:00,-0.1268374833261987
2019-11-17 14:09:00,-0.08821450730789593
2019-11-17 14:12:00,0.024325987163649643
2019-11-17 14:15:00,-0.0022169489645307294
2019-11-17 14:18:00,-0.11773406971383338
2019-11-17 14:21:00,-0.16218202851371188
2019-11-17 14:24:00,-0.08746638845605048
2019-11-17 14:27:00,-0.055166485212168936
2019-11-17 14:30:00,-0.162407365857689
2019-11-17 14:33:00,-0.09048540017727191
2019-11-17 14:36:00,-0.15867083220291534
2019-11-17 14:39:00,-0.14415695336015233
2019-11-17 14:42:00,-0.10463832837740483
2019-11-17 14:45:00,-0.15557543322114498
2019-11-17 14:48:00,-0.20161538296969184
2019-11-17 14:51:00,-0.14098363775281086
2019-11-17 14:54:00,-0.07279997954248074
2019-11-17 14:57:00,-0.15780406353604803
2019-11-17 15:00:00,-0.10725522748242611
2019-11-17 15:03:00,-0.15091897640041907
2019-11-17 15:06:00,-0.16231074267153645
2019-11-17 15:09:00,-0.14318490114021643
2019-11-17 15:12:00,-0.1117328803426858
2019-11-17 15:15:00,-0.08680241388481136
2019-11-17 15:18:00,-0.15183333780282737
2019-11-17 15:21:00,-0.1743431920350531
2019-11-17 15:24:00,-0.18056346223187347
2019-11-17 15:27:00,-0.10024667693380707
2019-11-17 15:30:00,-0.11470647639248455
2019-11-17 15:33:00,-0.009874307722441245
2019-11-17 15:36:00,-0.06714343745687756
2019-11-17 15:39:00,-0.15434576525024113
2019-11-17 15:42:00,-0.10974883729210205
2019-11-17 15:45:00,-0.04364821361889426
2019-11-17 15:48:00,-0.0860501369657527
2019-11-17 15:51:00,-0.06162721347379829
2019-11-17 15:54:00,-0.010200219621708584
2019-11-17 15:57:00,0.11991332638160657
2019-11-17 16:00:00,0.06163684835712502
2019-11-17 16:03:00,0.05132636235373411
2019-11-17 16:06:00,-0.028498886985801164
2019-11-17 16:09:00,0.02026568224988523
2019-11-17 16:12:00,-0.07886196983952232
2019-11-17 16:15:00,-0.060882648562653685
2019-11-17 16:18:00,-0.11272798535964057
2019-11-17 16:21:00,0.21925954316145635
2019-11-17 16:24:00,0.4544786186430656
2019-11-17 16:27:00,0.4081119995595941
2019-11-17 16:30:00,0.3993429234594714
2019-11-17 16:33:00,0.27521904807684905
2019-11-17 16:36:00,0.4061119351807747
2019-11-17 16:39:00,0.30234179930351957
2019-11-17 16:42:00,0.2661962516105518
2019-11-17 16:45:00,0.15601653541790483
2019-11-17 16:48:00,0.13310261040140858
2019-11-17 16:51:00,0.12847077009047325
2019-11-17 16:54:00,0.16012256819556114
2019-11-17 16:57:00,0.19494449544373538
2019-11-17 17:00:00,0.12304800624787049
2019-11-17 17:03:00,0.13415989340802525
2019-11-17 17:06:00,0.15129384257801348
2019-11-17 17:09:00,0.2072549039119167
2019-11-17 17:12:00,0.27131215405546527
2019-11-17 17:15:00,0.27041298084930077
2019-11-17 17:18:00,0.2526344611321747
2019-11-17 17:21:00,0.24911076362758422
2019-11-17 17:24:00,0.14803974348274096
2019-11-17 17:27:00,0.22491895672732198
2019-11-17 17:30:00,0.1124207953921541
2019-11-17 17:33:00,0.08589725894501044
2019-11-17 17:36:00,0.08493535726910295
2019-11-17 17:39:00,0.10232765839072044
2019-11-17 17:42:00,0.09149895405403186
2019-11-17 17:45:00,0.15655633893987897
2019-11-17 17:48:00,0.18112029907979377
2019-11-17 17:51:00,0.07309406525837403
2019-11-17 17:54:00,0.09476735081949528
2019-11-17 17:57:00,0.21249562363573204
2019-11-17 18:00:00,0.1683458364212811
2019-11-17 18:03:00,0.09978760342676196
2019-11-17 18:06:00,0.08679762245719758
2019-11-17 18:09:00,0.26551684502032913
2019-11-17 18:12:00,0.23952892048890817
2019-11-17 18:15:00,0.37722811845071647
2019-11-17 18:18:00,0.438404659581181
2019-11-17 18:21:00,0.3498369843284195
2019-11-17 18:24:00,0.2955169890998377
2019-11-17 18:27:00,0.3471998203171438
2019-11-17 18:30:00,0.43869174402192357
2019-11-17 18:33:00,0.47731996627805984
2019-11-17 18:36:00,0.4420034828070243
2019-11-17 18:39:00,0.41272830479425693
2019-11-17 18:42:00,0.28752193990823116
2019-11-17 18:45:00,0.3196518465793474
2019-11-17 18:48:00,0.20308617562614018
2019-11-17 18:51:00,0.28152673179408794
2019-11-17 18:54:00,0.23847488972575093
2019-11-17 18:57:00,
2019-11-17 19:00:00,
2019-11-17 19:03:00,0.3235804726929814
2019-11-17 19:06:00,0.3473831236843239
2019-11-17 19:09:00,0.44646390980148
2019-11-17 19:12:00,0.4464699768308833
2019-11-17 19:15:00,0.3582427274199631
2019-11-17 19:18:00,0.29745602248857494
2019-11-17 19:21:00,0.29153811067305924
2019-11-17 19:24:00,0.2802465219424448
2019-11-17 19:27:00,0.22037745021822275
2019-11-17 19:30:00,0.36264394676618394
2019-11-17 19:33:00,0.3479825886184926
2019-11-17 19:36:00,0.38020134650321324
2019-11-17 19:39:00,0.3127512590986612
2019-11-17 19:42:00,0.24069950178977706
2019-11-17 19:45:00,0.3272355394764759
2019-11-17 19:48:00,0.25507414964766895
2019-11-17 19:51:00,0.24364709029885034
2019-11-17 19:54:00,0.17584995336460452
2019-11-17 19:57:00,0.19837531944449438
2019-11-17 20:00:00,0.200669143073128
2019-11-17 20:03:00,0.2935444817961752
2019-11-17 20:06:00,0.19068703286870914
2019-11-17 20:09:00,0.17264258700367918
2019-11-17 20:12:00,0.3160738706461075
2019-11-17 20:15:00,0.326841962994763
2019-11-17 20:18:00,0.3049685007923131
2019-11-17 20:21:00,0.33269324005271983
2019-11-17 20:24:00,0.3359011788627413
2019-11-17 20:27:00,0.3207679031006023
2019-11-17 20:30:00,0.30787378941283805
2019-11-17 20:33:00,0.24327386119864514
2019-11-17 20:36:00,0.2466418769757297
2019-11-17 20:39:00,0.3270837239023763
2019-11-17 20:42:00,0.31117552724390407
2019-11-17 20:45:00,0.26180622296817546
2019-11-17 20:48:00,0.2149008320902226
2019-11-17 20:51:00,0.21684636644937427
2019-11-17 20:54:00,0.30202750817824153
2019-11-17 20:57:00,0.3224110728675669
2019-11-17 21:00:00,0.2850896068052293
2019-11-17 21:03:00,0.30882257739619945
2019-11-17 21:06:00,0.3279008244112447
2019-11-17 21:09:00,0.41427225902714326
2019-11-17 21:12:00,0.36071276019850984
2019-11-17 21:15:00,0.4635016326387813
2019-11-17 21:18:00,0.38184647277739714
2019-11-17 21:21:00,0.37374122110708186
2019-11-17 21:24:00,0.2782427280322963
2019-11-17 21:27:00,0.12854143279008667
2019-11-17 21:30:00,0.20726954110978113
2019-11-17 21:33:00,0.29440794721517705
2019-11-17 21:36:00,0.18458675429485538
2019-11-17 21:39:00,0.16717545305488102
2019-11-17 21:42:00,0.2761196313442724
2019-11-17 21:45:00,0.2996667645180082
2019-11-17 21:48:00,0.22716585974905001
2019-11-17 21:51:00,0.2658532500789761
2019-11-17 21:54:00,0.2509506881849006
2019-11-17 21:57:00,0.3987530652572673
2019-11-17 22:00:00,0.5570805493791795
2019-11-17 22:03:00,0.40822149706298205
2019-11-17 22:06:00,0.4440090356088717
2019-11-17 22:09:00,0.488990230479601
2019-11-17 22:12:00,0.6093119863178913
2019-11-17 22:15:00,0.5796313001961266
2019-11-17 22:18:00,0.6785374431575519
2019-11-17 22:21:00,0.6784388217898254
2019-11-17 22:24:00,0.6836202383025807
2019-11-17 22:27:00,0.6414071993155517
2019-11-17 22:30:00,0.6287340016371559
2019-11-17 22:33:00,0.5955008184043891
2019-11-17 22:36:00,0.7116118269191247
2019-11-17 22:39:00,0.7062293383121414
2019-11-17 22:42:00,0.5440183136067276
2019-11-17 22:45:00,0.623350530101618
2019-11-17 22:48:00,0.6462441247591642
2019-11-17 22:51:00,0.6122399717652911
2019-11-17 22:54:00,0.6795444688497696
2019-11-17 22:57:00,0.5943632172805451
2019-11-17 23:00:00,0.4244076512187007
2019-11-17 23:03:00,0.4303424682194077
2019-11-17 23:06:00,0.3731071933794965
2019-11-17 23:09:00,0.3933396217359473
2019-11-17 23:12:00,0.38672255268119216
2019-11-17 23:15:00,0.45716020175893846
2019-11-17 23:18:00,0.4431743685827314
2019-11-17 23:21:00,0.296098886590471
2019-11-17 23:24:00,0.44468664914006695
2019-11-17 23:27:00,0.48999807966561093
2019-11-17 23:30:00,0.5123722812160167
2019-11-17 23:33:00,0.3985875733388866
2019-11-17 23:36:00,0.32579493598962017
2019-11-17 23:39:00,0.45585769319109204
2019-11-17 23:42:00,0.34172030785816787
2019-11-17 23:45:00,0.2768128392425524
2019-11-17 23:48:00,0.4123513630748903
2019-11-17 23:51:00,0.44179183192346727
2019-11-17 23:54:00,0.4774524127607833
2019-11-17 23:57:00,0.4240035165299787
2019-11-18 00:00:00,0.45414432955999473
2019-11-18 00:03:00,0.38190200588536527
2019-11-18 00:06:00,0.47043993218295554
2019-11-18 00:09:00,0.4767662007354261
2019-11-18 00:12:00,0.5096135179905446
2019-11-18 00:15:00,0.4486760483566741
2019-11-18 00:18:00,0.4915393084982611
2019-11-18 00:21:00,0.48729047635157485
2019-11-18 00:24:00,0.5080329917499853
2019-11-18 00:27:00,0.42826004395624295
2019-11-18 00:30:00,0.3694934522140443
2019-11-18 00:33:00,0.4755998534603805
2019-11-18 00:36:00,0.4697773935542955
2019-11-18 00:39:00,0.46717223908683536
2019-11-18 00:42:00,0.5021518639419469
2019-11-18 00:45:00,0.4410570957649611
2019-11-18 00:48:00,0.37865343839439447
2019-11-18 00:51:00,0.5020919339548868
2019-11-18 00:54:00,0.44728734948608917
2019-11-18 00:57:00,0.4259871602231442
2019-11-18 01:00:00,0.4406966280064353
2019-11-18 01:03:00,0.46952833627432256
2019-11-18 01:06:00,0.43655613999925436
2019-11-18 01:09:00,0.4449335870720006
2019-11-18 01:12:00,0.37205147823397056
2019-11-18 01:15:00,0.5798975369766026
2019-11-18 01:18:00,0.41093969626348326
2019-11-18 01:21:00,0.47820775708470364
2019-11-18 01:24:00,0.45794985716793235
2019-11-18 01:27:00,0.4655214840714166
2019-11-18 01:30:00,0.45539307462581746
2019-11-18 01:33:00,0.4217693369935773
2019-11-18 01:36:00,0.4542390567636403
2019-11-18 01:39:00,0.4531903908966797
2019-11-18 01:42:00,0.35019287664727017
2019-11-18 01:45:00,0.41959116505211114
2019-11-18 01:48:00,0.47703386369926193
2019-11-18 01:51:00,0.483978554152543
2019-11-18 01:54:00,0.42489979047769566
2019-11-18 01:57:00,0.4340664997708359
2019-11-18 02:00:00,0.41203830242864115
2019-11-18 02:03:00,0.3835401885247052
2019-11-18 02:06:00,0.3745405266285502
2019-11-18 02:09:00,0.46485911750806963
2019-11-18 02:12:00,0.4609465442027272
2019-11-18 02:15:00,0.4398206999163108
2019-11-18 02:18:00,0.5400353457870892
2019-11-18 02:21:00,0.4528110308028772
2019-11-18 02:24:00,0.4701218771436402
2019-11-18 02:27:00,0.6477452293388524
2019-11-18 02:30:00,0.5373646536036176
2019-11-18 02:33:00,0.5516335311698981
2019-11-18 02:36:00,0.47363584478040366
2019-11-18 02:39:00,0.5005460735027896
2019-11-18 02:42:00,0.5384859765310921
2019-11-18 02:45:00,0.49265390337694726
2019-11-18 02:48:00,0.4071871836315495
2019-11-18 02:51:00,0.46698717497827147
2019-11-18 02:54:00,0.5998367044779229
2019-11-18 02:57:00,0.6320067795211344
2019-11-18 03:00:00,0.563997039369383
2019-11-18 03:03:00,0.5387928720668356
2019-11-18 03:06:00,0.6051000274937905
2019-11-18 03:09:00,0.4604284508819205
2019-11-18 03:12:00,0.4539248589802014
2019-11-18 03:15:00,0.5069072370814638
2019-11-18 03:18:00,0.5112180394407915
2019-11-18 03:21:00,0.4761903772104574
2019-11-18 03:24:00,0.6707378321493707
2019-11-18 03:27:00,0.5461360010468184
2019-11-18 03:30:00,0.5546841017619499
2019-11-18 03:33:00,0.5041768429420017
2019-11-18 03:36:00,0.624413306534791
2019-11-18 03:39:00,0.5241971764884283
2019-11-18 03:42:00,0.6178353085738877
2019-11-18 03:45:00,0.48470576483555305
2019-11-18 03:48:00,0.4849975802839026
2019-11-18 03:51:00,0.5562023009420045
2019-11-18 03:54:00,0.47431218862448077
2019-11-18 03:57:00,0.4940782537221935
2019-11-18 04:00:00,0.4669069033964206
2019-11-18 04:03:00,0.5795110520019762
2019-11-18 04:06:00,0.5207873209192257
2019-11-18 04:09:00,0.47569742617520205
2019-11-18 04:12:00,0.5391253858350069
2019-11-18 04:15:00,0.5553994646444949
2019-11-18 04:18:00,0.6612592777227064
2019-11-18 04:21:00,0.6235580248950328
2019-11-18 04:24:00,0.5549328303278003
2019-11-18 04:27:00,0.5580546578734129
2019-11-18 04:30:00,0.5992928196944831
2019-11-18 04:33:00,0.5259691923608898
2019-11-18 04:36:00,0.5100935930771584
2019-11-18 04:39:00,0.5525344409546165
2019-11-18 04:42:00,0.5461184405215249
2019-11-18 04:45:00,0.47958916091994297
2019-11-18 04:48:00,0.5122621648522454
2019-11-18 04:51:00,0.51371849086064
2019-11-18 04:54:00,0.5242708896372505
2019-11-18 04:57:00,0.5195789689625485
2019-11-18 05:00:00,0.39685325500494173
2019-11-18 05:03:00,0.5152806611990854
2019-11-18 05:06:00,0.492210580291669
2019-11-18 05:09:00,0.5042102056615363
2019-11-18 05:12:00,0.567584743965881
2019-11-18 05:15:00,0.49137484843299717
2019-11-18 05:18:00,0.5458731933168792
2019-11-18 05:21:00,0.5277081389128853
2019-11-18 05:24:00,0.48508197238908224
2019-11-18 05:27:00,0.5163166949924403
2019-11-18 05:30:00,0.4832745532187346
2019-11-18 05:33:00,0.5350903204787869
2019-11-18 05:36:00,0.5603710645945625
2019-11-18 05:39:00,0.5146661734593749
2019-11-18 05:42:00,0.5318981328229597
2019-11-18 05:45:00,0.504887713052824
2019-11-18 05:48:00,0.4911551207154048
2019-11-18 05:51:00,0.5423566544037044
2019-11-18 05:54:00,0.4512103891454444
2019-11-18 05:57:00,0.5373595274768945
2019-11-18 06:00:00,0.6315518093547325
2019-11-18 06:03:00,0.5019131709835278
2019-11-18 06:06:00,0.5381735660479308
2019-11-18 06:09:00,0.4644376508109076
2019-11-18 06:12:00,0.4870085770666037
2019-11-18 06:15:00,0.4819141032274388
2019-11-18 06:18:00,0.48589608638314985
2019-11-18 06:21:00,0.4375737897076988
2019-11-18 06:24:00,0.42808557682951687
2019-11-18 06:27:00,0.4753870932482869
2019-11-18 06:30:00,0.5035929393313836
2019-11-18 06:33:00,0.46709768747530234
2019-11-18 06:36:00,0.44802952483127
2019-11-18 06:39:00,0.44525864009006
2019-11-18 06:42:00,0.4450092254204492
2019-11-18 06:45:00,0.42236723654195885
2019-11-18 06:48:00,0.45849904773342587
2019-11-18 06:51:00,0.47656255703600436
2019-11-18 06:54:00,0.4520534077224738
2019-11-18 06:57:00,0.5630894364242067
2019-11-18 07:00:00,0.5533624547071554
2019-11-18 07:03:00,0.596798946824606
2019-11-18 07:06:00,0.510791773520566
2019-11-18 07:09:00,0.4362325709769834
2019-11-18 07:12:00,0.44038432812197925
2019-11-18 07:15:00,0.4382281624074267
2019-11-18 07:18:00,0.3967435549488414
2019-11-18 07:21:00,0.529353563708753
2019-11-18 07:24:00,0.4948608061504842
2019-11-18 07:27:00,0.5128601404979918
2019-11-18 07:30:00,0.47410182535094236
2019-11-18 07:33:00,0.4509911297194549
2019-11-18 07:36:00,0.46849280065816856
2019-11-18 07:39:00,0.5160754096434061
2019-11-18 07:42:00,0.606161248547096
2019-11-18 07:45:00,0.4279693485614757
2019-11-18 07:48:00,0.42606968922109445
2019-11-18 07:51:00,0.42850061122732086
2019-11-18 07:54:00,0.3863367461493681
2019-11-18 07:57:00,0.3754381650322216
2019-11-18 08:00:00,0.33599917457291895
2019-11-18 08:03:00,0.3549254006152296
2019-11-18 08:06:00,0.48323342590998664
2019-11-18 08:09:00,0.43725415844704685
2019-11-18 08:12:00,0.2703922265398546
2019-11-18 08:15:00,0.30756033309501163
2019-11-18 08:18:00,0.43820798646981984
2019-11-18 08:21:00,0.38841994169013105
2019-11-18 08:24:00,0.32276705636923
2019-11-18 08:27:00,0.24227751249372886
2019-11-18 08:30:00,0.3549091497915242
2019-11-18 08:33:00,0.35642237438139546
2019-11-18 08:36:00,0.3891759139506803
2019-11-18 08:39:00,0.3529608028638336
2019-11-18 08:42:00,0.28545030126366555
2019-11-18 08:45:00,0.25323595264148935
2019-11-18 08:48:00,0.3145341949765452
2019-11-18 08:51:00,0.29558575416780286
2019-11-18 08:54:00,0.3557408158487192
2019-11-18 08:57:00,0.26408756501160724
2019-11-18 09:00:00,0.33963567428003216
2019-11-18 09:03:00,0.3293258009720148
2019-11-18 09:06:00,0.2234488900826932
2019-11-18 09:09:00,0.31813710790299865
2019-11-18 09:12:00,0.35472897321795926
2019-11-18 09:15:00,0.283848062236018
2019-11-18 09:18:00,0.2514515811845399
2019-11-18 09:21:00,0.23864736430266476
2019-11-18 09:24:00,0.317790803707112
2019-11-18 09:27:00,0.3299436640558042
2019-11-18 09:30:00,0.20903427175829847
2019-11-18 09:33:00,0.257132708423228
2019-11-18 09:36:00,0.3156499514553843
2019-11-18 09:39:00,0.3440212673509109
2019-11-18 09:42:00,0.2845094792796772
2019-11-18 09:45:00,0.26792496397632704
2019-11-18 09:48:00,0.2502107170278123
2019-11-18 09:51:00,0.2735202587109029
2019-11-18 09:54:00,0.3725003735480641
2019-11-18 09:57:00,0.22609454503157167
2019-11-18 10:00:00,0.2428270026913424
2019-11-18 10:03:00,0.12856217734230313
2019-11-18 10:06:00,0.2049768034946169
2019-11-18 10:09:00,0.1578675598469772
2019-11-18 10:12:00,0.20548374588270235
2019-11-18 10:15:00,0.1234287337351816
2019-11-18 10:18:00,0.1151050988007114
2019-11-18 10:21:00,0.14651873639257929
2019-11-18 10:24:00,0.2093796929056566
2019-11-18 10:27:00,0.17070228024579137
2019-11-18 10:30:00,0.13310801123930105
2019-11-18 10:33:00,0.21566326711962347
2019-11-18 10:36:00,0.16979068217642634
2019-11-18 10:39:00,0.08673160254244294
2019-11-18 10:42:00,0.1944096350049449
2019-11-18 10:45:00,0.1770707557255946
2019-11-18 10:48:00,0.1564009460423108
2019-11-18 10:51:00,0.16057112002937401
2019-11-18 10:54:00,0.18547670787626203
2019-11-18 10:57:00,0.08791488611979048
2019-11-18 11:00:00,0.08284479271441114
2019-11-18 11:03:00,0.12717965863180325
2019-11-18 11:06:00,0.12208919561732046
2019-11-18 11:09:00,0.03866694229793666
2019-11-18 11:12:00,0.09274624297199807
2019-11-18 11:15:00,0.073222624283801
2019-11-18 11:18:00,0.009753736761297205
2019-11-18 11:21:00,0.11320623685855935
2019-11-18 11:24:00,-0.035348126209783004
2019-11-18 11:27:00,0.07237754760780035
2019-11-18 11:30:00,0.17778833902247015
2019-11-18 11:33:00,0.13597455471892772
2019-11-18 11:36:00,0.06128665016268542
2019-11-18 11:39:00,0.12011924795751838
2019-11-18 11:42:00,-0.049500814285522665
2019-11-18 11:45:00,0.028814212110319204
2019-11-18 11:48:00,0.07587070451847922
2019-11-18 11:51:00,-0.01800210889621212
2019-11-18 11:54:00,-0.03555882830937662
2019-11-18 11:57:00,0.0290602575987009
2019-11-18 12:00:00,-0.09018569592183212
2019-11-18 12:03:00,-0.16629178850575954
2019-11-18 12:06:00,0.07548308859122699
2019-11-18 12:09:00,0.015386227134399633
2019-11-18 12:12:00,-0.05138828838153131
2019-11-18 12:15:00,-0.07629130518398597
2019-11-18 12:18:00,-0.1626630024222777
2019-11-18 12:21:00,-0.050585553477958456
2019-11-18 12:24:00,-0.011713424755782853
2019-11-18 12:27:00,-0.04147597510706191
2019-11-18 12:30:00,-0.10920730701047887
2019-11-18 12:33:00,-0.10632917059729152
2019-11-18 12:36:00,-0.04979116715372811
2019-11-18 12:39:00,-0.15804312266300258
2019-11-18 12:42:00,-0.13913761536326774
2019-11-18 12:45:00,-0.14778082125894798
2019-11-18 12:48:00,-0.054797630342193315
2019-11-18 12:51:00,-0.05512929079986861
2019-11-18 12:54:00,-0.02420921640685947
2019-11-18 12:57:00,-0.1543259456939836
2019-11-18 13:00:00,-0.07312642887421816
2019-11-18 13:03:00,-0.15416593624649977
2019-11-18 13:06:00,-0.17878861318268946
2019-11-18 13:09:00,-0.15128717647638723
2019-11-18 13:12:00,-0.28480490711552875
2019-11-18 13:15:00,-0.19198598171698222
2019-11-18 13:18:00,-0.16210773193392924
2019-11-18 13:21:00,-0.19697975518585054
2019-11-18 13:24:00,-0.23750727301938923
2019-11-18 13:27:00,-0.19765661163273762
2019-11-18 13:30:00,-0.23192555431882056
2019-11-18 13:33:00,-0.20790075822316112
2019-11-18 13:36:00,-0.2980178158057356
2019-11-18 13:39:00,-0.28317952144413994
2019-11-18 13:42:00,-0.19239804786451487
2019-11-18 13:45:00,-0.12490013434785396
2019-11-18 13:48:00,-0.19232486549827854
2019-11-18 13:51:00,-0.236371836376577
2019-11-18 13:54:00,-0.24997469344208412
2019-11-18 13:57:00,-0.25285978651493224
2019-11-18 14:00:00,-0.30300615911983186
2019-11-18 14:03:00,-0.29738387450049686
2019-11-18 14:06:00,-0.15283102591183706
2019-11-18 14:09:00,-0.16719109624312978
2019-11-18 14:12:00,-0.20534891784501497
2019-11-18 14:15:00,-0.19238137451702642
2019-11-18 14:18:00,-0.25727053665286803
2019-11-18 14:21:00,-0.22785352139084125
2019-11-18 14:24:00,-0.23439488604230974
2019-11-18 14:27:00,-0.3064136012953327
2019-11-18 14:30:00,-0.2709958031934434
2019-11-18 14:33:00,-0.1227102614487876
2019-11-18 14:36:00,-0.20778761950174385
2019-11-18 14:39:00,-0.20115729869229426
2019-11-18 14:42:00,-0.25736876554771015
2019-11-18 14:45:00,-0.29812319131315235
2019-11-18 14:48:00,-0.16839814530015929
2019-11-18 14:51:00,-0.013594324109874378
2019-11-18 14:54:00,-0.06725601440069795
2019-11-18 14:57:00,-0.07938473208793084
2019-11-18 15:00:00,-0.028028619740780414
2019-11-18 15:03:00,0.0016291848403398035
2019-11-18 15:06:00,0.006755426644701856
2019-11-18 15:09:00,-0.043860810405021766
2019-11-18 15:12:00,-0.06469397699129331
2019-11-18 15:15:00,-0.1314388780850777
2019-11-18 15:18:00,-0.024254219544502575
2019-11-18 15:21:00,0.06637667607253661
2019-11-18 15:24:00,0.059585615448440876
2019-11-18 15:27:00,0.13675398166270725
2019-11-18 15:30:00,0.1511685689637261
2019-11-18 15:33:00,0.24313353075729083
2019-11-18 15:36:00,0.2176825513003564
2019-11-18 15:39:00,0.15905049784487346
2019-11-18 15:42:00,0.11990714249679968
2019-11-18 15:45:00,0.044978087001197764
2019-11-18 15:48:00,-0.0024269652066664094
2019-11-18 15:51:00,0.17198961172124427
2019-11-18 15:54:00,0.2526512109247392
2019-11-18 15:57:00,0.09805896139312154
2019-11-18 16:00:00,0.20372901690575418
2019-11-18 16:03:00,0.2492251731507622
2019-11-18 16:06:00,0.22048051876140562
2019-11-18 16:09:00,0.21908611151911828
2019-11-18 16:12:00,0.2439645963798398
2019-11-18 16:15:00,0.15775325042915256
2019-11-18 16:18:00,-0.03563546798892503
2019-11-18 16:21:00,-0.08331859281247489
2019-11-18 16:24:00,0.010017746519224602
2019-11-18 16:27:00,0.34567406256093136
2019-11-18 16:30:00,0.26662665646313144
2019-11-18 16:33:00,0.17520623901322097
2019-11-18 16:36:00,0.25317461172807043
2019-11-18 16:39:00,0.3292770066852313
2019-11-18 16:42:00,0.2962081249737025
2019-11-18 16:45:00,0.4369225067115394
2019-11-18 16:48:00,0.311999895850704
2019-11-18 16:51:00,0.39628220690133276
2019-11-18 16:54:00,0.4758206240687741
2019-11-18 16:57:00,0.3658400310716843
2019-11-18 17:00:00,0.3573191487344616
2019-11-18 17:03:00,0.3382032573576339
2019-11-18 17:06:00,0.36579962909394226
2019-11-18 17:09:00,0.3855287866498429
2019-11-18 17:12:00,0.5419347786902904
2019-11-18 17:15:00,0.473199116792955
2019-11-18 17:18:00,0.5194340629859653
2019-11-18 17:21:00,0.4162811466046037
2019-11-18 17:24:00,0.30319103346363363
2019-11-18 17:27:00,0.24011551134924503
2019-11-18 17:30:00,0.4781505979782992
2019-11-18 17:33:00,0.42967334435797966
2019-11-18 17:36:00,0.5026707351071877
2019-11-18 17:39:00,0.643189199706967
2019-11-18 17:42:00,0.7961020361315718
2019-11-18 17:45:00,0.5348809138160959
2019-11-18 17:48:00,0.2824022236225687
2019-11-18 17:51:00,0.45347628143434804
2019-11-18 17:54:00,0.31601884388004464
2019-11-18 17:57:00,0.3306934066264944
2019-11-18 18:00:00,0.374152655923524
2019-11-18 18:03:00,0.45189854604115
2019-11-18 18:06:00,0.5846908188322573
2019-11-18 18:09:00,0.8608563746308278
2019-11-18 18:12:00,0.7810520786114239
2019-11-18 18:15:00,0.7278101281860927
2019-11-18 18:18:00,0.783042559361661
2019-11-18 18:21:00,0.7795280511504643
2019-11-18 18:24:00,0.6404527545054179
2019-11-18 18:27:00,0.7914169762073584
2019-11-18 18:30:00,0.8494717866353767
2019-11-18 18:33:00,0.8843912079935876
2019-11-18 18:36:00,0.640294145967971
2019-11-18 18:39:00,0.5309774843823334
2019-11-18 18:42:00,0.7861930251718832
2019-11-18 18:45:00,0.7042883294001285
2019-11-18 18:48:00,0.6759116601755295
2019-11-18 18:51:00,0.7101919289332272
2019-11-18 18:54:00,
2019-11-18 18:57:00,
2019-11-18 19:00:00,
2019-11-18 19:03:00,0.7581426056311216
2019-11-18 19:06:00,0.8846706058027394
2019-11-18 19:09:00,0.8857662435111138
2019-11-18 19:12:00,0.9346870007128132
2019-11-18 19:15:00,0.8540168603532265
2019-11-18 19:18:00,0.8886279595960218
2019-11-18 19:21:00,0.9091066417933007
2019-11-18 19:24:00,0.8520904620238525
2019-11-18 19:27:00,0.6715293242584153
2019-11-18 19:30:00,0.6791715545886632
2019-11-18 19:33:00,0.5657484207633843
2019-11-18 19:36:00,0.4488362866810576
2019-11-18 19:39:00,0.44556903355464783
2019-11-18 19:42:00,0.38263158439661993
2019-11-18 19:45:00,0.23679830111035471
2019-11-18 19:48:00,0.2316133994912093
2019-11-18 19:51:00,0.332008370239123
2019-11-18 19:54:00,0.3861853530174244
2019-11-18 19:57:00,0.3272961787149029
2019-11-18 20:00:00,0.3031748533637142
2019-11-18 20:03:00,0.25161295199364986
2019-11-18 20:06:00,0.25230776338565875
2019-11-18 20:09:00,0.1638337604151161
2019-11-18 20:12:00,0.3727818794003497
2019-11-18 20:15:00,0.34302192293239386
2019-11-18 20:18:00,0.3539497840012018
2019-11-18 20:21:00,0.3449576193148687
2019-11-18 20:24:00,0.285399079697072
2019-11-18 20:27:00,0.2649526962627533
2019-11-18 20:30:00,0.34413689053411645
2019-11-18 20:33:00,0.29221177307022117
2019-11-18 20:36:00,0.26388286455772914
2019-11-18 20:39:00,0.22285696277930356
2019-11-18 20:42:00,0.2486417101169991
2019-11-18 20:45:00,0.2934224572790072
2019-11-18 20:48:00,0.2428243535752017
2019-11-18 20:51:00,0.2620951593313521
2019-11-18 20:54:00,0.33050749051596995
2019-11-18 20:57:00,0.24338615824439103
2019-11-18 21:00:00,0.284553925218745
2019-11-18 21:03:00,0.294233237025594
2019-11-18 21:06:00,0.26742722313588274
2019-11-18 21:09:00,0.2597764510321099
2019-11-18 21:12:00,0.45890048529332716
2019-11-18 21:15:00,0.2828863113954867
2019-11-18 21:18:00,0.36502991534280227
2019-11-18 21:21:00,0.2744722725956876
2019-11-18 21:24:00,0.23034672707206028
2019-11-18 21:27:00,0.2696148034153225
2019-11-18 21:30:00,0.23994718944635451
2019-11-18 21:33:00,0.3377176025805966
2019-11-18 21:36:00,0.4415850386116631
2019-11-18 21:39:00,0.30936065079771424
2019-11-18 21:42:00,0.35629984802267245
2019-11-18 21:45:00,0.3415286656973535
2019-11-18 21:48:00,0.2540811583356799
2019-11-18 21:51:00,0.2514123054135098
2019-11-18 21:54:00,0.27422108869978956
2019-11-18 21:57:00,0.38374349850073486
2019-11-18 22:00:00,0.3698662133541575
2019-11-18 22:03:00,0.34207521379408945
2019-11-18 22:06:00,0.2896773482897288
2019-11-18 22:09:00,0.3564635959368161
2019-11-18 22:12:00,0.294712457870844
2019-11-18 22:15:00,0.36114175211400834
2019-11-18 22:18:00,0.3403239388721886
2019-11-18 22:21:00,0.30195719302469115
2019-11-18 22:24:00,0.3107783409157605
2019-11-18 22:27:00,0.3796237733745329
2019-11-18 22:30:00,0.33652307243295354
2019-11-18 22:33:00,0.3852115484054366
2019-11-18 22:36:00,0.35624509822230266
2019-11-18 22:39:00,0.39693720866995363
2019-11-18 22:42:00,0.33424917800607545
2019-11-18 22:45:00,0.3348930430009318
2019-11-18 22:48:00,0.36321133322769583
2019-11-18 22:51:00,0.43784595432725837
2019-11-18 22:54:00,0.43056195015316234
2019-11-18 22:57:00,0.3460950165781469
2019-11-18 23:00:00,0.41561228371182324
2019-11-18 23:03:00,0.366481535729406
2019-11-18 23:06:00,0.337687871718515
2019-11-18 23:09:00,0.2612665023614795
2019-11-18 23:12:00,0.32054882462296064
2019-11-18 23:15:00,0.37959189487889944
2019-11-18 23:18:00,0.20944169649396827
2019-11-18 23:21:00,0.4186066666139254
2019-11-18 23:24:00,0.4303750683669705
2019-11-18 23:27:00,0.38847734186379057
2019-11-18 23:30:00,0.3680351172367864
2019-11-18 23:33:00,0.4907872907447768
2019-11-18 23:36:00,0.40938165548863026
2019-11-18 23:39:00,0.4001201663068059
2019-11-18 23:42:00,0.4390805221113965
2019-11-18 23:45:00,0.3586142237779768
2019-11-18 23:48:00,0.2706352636811289
2019-11-18 23:51:00,0.33336278445847256
2019-11-18 23:54:00,0.38214141334543683
2019-11-18 23:57:00,0.33983790367790334
2019-11-19 00:00:00,0.4386274661413836
2019-11-19 00:03:00,0.41610805869493106
2019-11-19 00:06:00,0.42940033053253046
2019-11-19 00:09:00,0.4094719473344526
2019-11-19 00:12:00,0.4004602089989362
2019-11-19 00:15:00,0.40638382018221364
2019-11-19 00:18:00,0.4461635036913094
2019-11-19 00:21:00,0.4849421654196817
2019-11-19 00:24:00,0.4063988633473059
2019-11-19 00:27:00,0.4515067636198751
2019-11-19 00:30:00,0.40094296118246575
2019-11-19 00:33:00,0.45089029437224326
2019-11-19 00:36:00,0.46949196163501483
2019-11-19 00:39:00,0.5082195250190011
2019-11-19 00:42:00,0.4700706123307441
2019-11-19 00:45:00,0.4085480995792068
2019-11-19 00:48:00,0.3778840457034107
2019-11-19 00:51:00,0.4734742115053905
2019-11-19 00:54:00,0.5661575777486405
2019-11-19 00:57:00,0.4817001453382659
2019-11-19 01:00:00,0.6793767609806878
2019-11-19 01:03:00,0.6110720857940919
2019-11-19 01:06:00,0.6695183633002557
2019-11-19 01:09:00,0.6590211794941752
2019-11-19 01:12:00,0.6862016473753556
2019-11-19 01:15:00,0.6920241241919598
2019-11-19 01:18:00,0.5989916300864593
2019-11-19 01:21:00,0.4708661746198004
2019-11-19 01:24:00,0.37678317124414207
2019-11-19 01:27:00,0.4653791463834409
2019-11-19 01:30:00,0.6180473284838399
2019-11-19 01:33:00,0.7274927791194159
2019-11-19 01:36:00,0.7104255904053502
2019-11-19 01:39:00,0.630795121721178
2019-11-19 01:42:00,0.6167335044393099
2019-11-19 01:45:00,0.9265986914449513
2019-11-19 01:48:00,0.7695281384753798
2019-11-19 01:51:00,0.5577297480317043
2019-11-19 01:54:00,0.5307806088330835
2019-11-19 01:57:00,0.5018868699782502
2019-11-19 02:00:00,0.5314729450241202
2019-11-19 02:03:00,0.613232500690799
2019-11-19 02:06:00,0.6154983727620333
2019-11-19 02:09:00,0.6076703834108343
2019-11-19 02:12:00,0.4363551003343673
2019-11-19 02:15:00,0.5202341829731267
2019-11-19 02:18:00,0.658089475413135
2019-11-19 02:21:00,0.5792729016569638
2019-11-19 02:24:00,0.6665698314417341
2019-11-19 02:27:00,0.6673876719017926
2019-11-19 02:30:00,0.7493397384603782
2019-11-19 02:33:00,0.7284449194704621
2019-11-19 02:36:00,0.7102465079547642
2019-11-19 02:39:00,0.685631831493879
2019-11-19 02:42:00,0.6244196303900935
2019-11-19 02:45:00,0.784382304198175
2019-11-19 02:48:00,0.8923224269844354
2019-11-19 02:51:00,0.8420682872740599
2019-11-19 02:54:00,0.7640934017455834
2019-11-19 02:57:00,0.9476494315636046
2019-11-19 03:00:00,0.8384698986928925
2019-11-19 03:03:00,0.5950214910766363
2019-11-19 03:06:00,0.44686253413067334
2019-11-19 03:09:00,0.414942075075885
2019-11-19 03:12:00,0.4364797471656061
2019-11-19 03:15:00,0.3351121258359626
2019-11-19 03:18:00,0.41407829395842555
2019-11-19 03:21:00,0.41772764684213826
2019-11-19 03:24:00,0.6677005920897159
2019-11-19 03:27:00,0.6734757336910207
2019-11-19 03:30:00,0.8017583327376769
2019-11-19 03:33:00,0.6564316189572423
2019-11-19 03:36:00,0.6797247106829332
2019-11-19 03:39:00,0.5110318609574733
2019-11-19 03:42:00,0.4675979188971269
2019-11-19 03:45:00,0.4521459313929199
2019-11-19 03:48:00,0.5070481974868812
2019-11-19 03:51:00,0.46166573268249067
2019-11-19 03:54:00,0.4942912756094415
2019-11-19 03:57:00,0.4747971087763858
2019-11-19 04:00:00,0.5234097679726801
2019-11-19 04:03:00,0.46641580920083925
2019-11-19 04:06:00,0.5204863465037874
2019-11-19 04:09:00,0.5307043249272851
2019-11-19 04:12:00,0.4539526371586362
2019-11-19 04:15:00,0.49801655143863854
2019-11-19 04:18:00,0.44549034127442155
2019-11-19 04:21:00,0.4926707277459741
2019-11-19 04:24:00,0.47963719191795917
2019-11-19 04:27:00,0.47353435540316013
2019-11-19 04:30:00,0.4486590685912688
2019-11-19 04:33:00,0.43963751088421077
2019-11-19 04:36:00,0.45882408337223524
2019-11-19 04:39:00,0.3968915796305623
2019-11-19 04:42:00,0.4857886315927544
2019-11-19 04:45:00,0.4837831256933214
2019-11-19 04:48:00,0.5149674430180085
2019-11-19 04:51:00,0.4587494897531883
2019-11-19 04:54:00,0.4266269645071361
2019-11-19 04:57:00,0.5558581777238487
2019-11-19 05:00:00,0.4851346524105793
2019-11-19 05:03:00,0.4386492966910396
2019-11-19 05:06:00,0.5128456341235506
2019-11-19 05:09:00,0.508584488969916
2019-11-19 05:12:00,0.5440137695543399
2019-11-19 05:15:00,0.4385396403841355
2019-11-19 05:18:00,0.523337203309552
2019-11-19 05:21:00,0.5040790528818775
2019-11-19 05:24:00,0.5024841255505521
2019-11-19 05:27:00,0.494329859890172
2019-11-19 05:30:00,0.5482580368686172
2019-11-19 05:33:00,0.5609999612419756
2019-11-19 05:36:00,0.6082729734936834
2019-11-19 05:39:00,0.47828500709789523
2019-11-19 05:42:00,0.6082830579547931
2019-11-19 05:45:00,0.4496956290538492
2019-11-19 05:48:00,0.5573124196252479
2019-11-19 05:51:00,0.5370559359337221
2019-11-19 05:54:00,0.49625636361287206
2019-11-19 05:57:00,0.48754411032075495
2019-11-19 06:00:00,0.48837278077309065
2019-11-19 06:03:00,0.4728754853222199
2019-11-19 06:06:00,0.4435490138793625
2019-11-19 06:09:00,0.4031784234182396
2019-11-19 06:12:00,0.4674641495529954
2019-11-19 06:15:00,0.4892742281152209
2019-11-19 06:18:00,0.5314388006781314
2019-11-19 06:21:00,0.40432041637558314
2019-11-19 06:24:00,0.4145698895911778
2019-11-19 06:27:00,0.4435858637055503
2019-11-19 06:30:00,0.43555805263036973
2019-11-19 06:33:00,0.45187456251352387
2019-11-19 06:36:00,0.32227992310492937
2019-11-19 06:39:00,0.4187589852289193
2019-11-19 06:42:00,0.48368912925405994
2019-11-19 06:45:00,0.4649039163273301
2019-11-19 06:48:00,0.44687053591968606
2019-11-19 06:51:00,0.5705721565201429
2019-11-19 06:54:00,0.44451679060523475
2019-11-19 06:57:00,0.4369808665117034
2019-11-19 07:00:00,0.3659436573412904
2019-11-19 07:03:00,0.4386161795568455
2019-11-19 07:06:00,0.3323557933748589
2019-11-19 07:09:00,0.39227932585436065
2019-11-19 07:12:00,0.4000142304915357
2019-11-19 07:15:00,0.3824248196513622
2019-11-19 07:18:00,0.23803815373770476
2019-11-19 07:21:00,0.42695599471841206
2019-11-19 07:24:00,0.5272681658348688
2019-11-19 07:27:00,0.5434016425458594
2019-11-19 07:30:00,0.6124813923485135
2019-11-19 07:33:00,0.5540830492142277
2019-11-19 07:36:00,0.6343356488837344
2019-11-19 07:39:00,0.48930178236412303
2019-11-19 07:42:00,0.5151492021764739
2019-11-19 07:45:00,0.45939063407666936
2019-11-19 07:48:00,0.43243914539363004
2019-11-19 07:51:00,0.46390041086215206
2019-11-19 07:54:00,0.3581726976815389
2019-11-19 07:57:00,0.41569297827459195
2019-11-19 08:00:00,0.4188272014992549
2019-11-19 08:03:00,0.4383026066301454
2019-11-19 08:06:00,0.5019530748801913
2019-11-19 08:09:00,0.3744111194013158
2019-11-19 08:12:00,0.38198104949242406
2019-11-19 08:15:00,0.42206391544516464
2019-11-19 08:18:00,0.47037944121342434
2019-11-19 08:21:00,0.4337745783490732
2019-11-19 08:24:00,0.4207258612756277
2019-11-19 08:27:00,0.374308789765621
2019-11-19 08:30:00,0.5032509176251665
2019-11-19 08:33:00,0.4333956268606016
2019-11-19 08:36:00,0.48313123443097084
2019-11-19 08:39:00,0.41698157222208465
2019-11-19 08:42:00,0.36759996333074696
2019-11-19 08:45:00,0.40810208908266077
2019-11-19 08:48:00,0.3668525976306114
2019-11-19 08:51:00,0.2842464827475055
2019-11-19 08:54:00,0.37313489474405515
2019-11-19 08:57:00,0.3836227588790848
2019-11-19 09:00:00,0.346989869489164
2019-11-19 09:03:00,0.41804212436539956
2019-11-19 09:06:00,0.30229629948206593
2019-11-19 09:09:00,0.3824571129080141
2019-11-19 09:12:00,0.260994856560103
2019-11-19 09:15:00,0.34911826572221116
2019-11-19 09:18:00,0.33195965429524676
2019-11-19 09:21:00,0.39225315996674226
2019-11-19 09:24:00,0.4085609002435717
2019-11-19 09:27:00,0.3266862854833903
2019-11-19 09:30:00,0.28783622616418825
2019-11-19 09:33:00,0.4088546810839375
2019-11-19 09:36:00,0.2762812760057045
2019-11-19 09:39:00,0.28628358766189876
2019-11-19 09:42:00,0.27493345399165037
2019-11-19 09:45:00,0.25770329250423174
2019-11-19 09:48:00,0.24193265654088236
2019-11-19 09:51:00,0.31259249164583025
2019-11-19 09:54:00,0.19360220332953304
2019-11-19 09:57:00,0.15160823466698048
2019-11-19 10:00:00,0.32185046228659075
2019-11-19 10:03:00,0.3596330852702181
2019-11-19 10:06:00,0.2877207157795283
2019-11-19 10:09:00,0.2378111588526508
2019-11-19 10:12:00,0.28021791613531377
2019-11-19 10:15:00,0.271145618229923
2019-11-19 10:18:00,0.1877552200665491
2019-11-19 10:21:00,0.19280653070495646
2019-11-19 10:24:00,0.255217530794539
2019-11-19 10:27:00,0.2413609755059838
2019-11-19 10:30:00,0.18248055515726946
2019-11-19 10:33:00,0.16934641352435165
2019-11-19 10:36:00,0.23832324622742362
2019-11-19 10:39:00,0.15349707710970506
2019-11-19 10:42:00,0.1806988873124169
2019-11-19 10:45:00,0.04382591302913852
2019-11-19 10:48:00,0.10769637079243921
2019-11-19 10:51:00,0.05529352661091025
2019-11-19 10:54:00,0.2065339072307779
2019-11-19 10:57:00,0.15248148359347624
2019-11-19 11:00:00,0.10407252548355928
2019-11-19 11:03:00,0.16858836915429265
2019-11-19 11:06:00,0.2285961321879313
2019-11-19 11:09:00,0.3090523744129996
2019-11-19 11:12:00,0.17154358871579234
2019-11-19 11:15:00,0.15364703872353402
2019-11-19 11:18:00,0.2749577686128646
2019-11-19 11:21:00,0.2705217728251341
2019-11-19 11:24:00,0.2183540522633507
2019-11-19 11:27:00,0.1428340935634651
2019-11-19 11:30:00,0.07823162739111922
2019-11-19 11:33:00,0.22158348198803424
2019-11-19 11:36:00,0.2727197181939687
2019-11-19 11:39:00,0.09378855025875055
2019-11-19 11:42:00,0.056048418665398
2019-11-19 11:45:00,0.07610143997703744
2019-11-19 11:48:00,0.0962499174498248
2019-11-19 11:51:00,0.012868448926269593
2019-11-19 11:54:00,-0.0035344899748110947
2019-11-19 11:57:00,0.047575234077896766
2019-11-19 12:00:00,0.10294227475452544
2019-11-19 12:03:00,0.07071859987581774
2019-11-19 12:06:00,0.1366907212700994
2019-11-19 12:09:00,-0.023309206334602095
2019-11-19 12:12:00,-0.030357780390716016
2019-11-19 12:15:00,0.05935193301002073
2019-11-19 12:18:00,-0.09627356432815759
2019-11-19 12:21:00,0.04023880416252723
2019-11-19 12:24:00,0.06628258804482812
2019-11-19 12:27:00,-0.08878472949584193
2019-11-19 12:30:00,0.010457572974246432
2019-11-19 12:33:00,-0.10863956952596254
2019-11-19 12:36:00,-0.1130652365449123
2019-11-19 12:39:00,-0.125741316081303
2019-11-19 12:42:00,-0.09026191691197027
2019-11-19 12:45:00,-0.17240718193960447
2019-11-19 12:48:00,-0.10579958211729945
2019-11-19 12:51:00,-0.04444395713835547
2019-11-19 12:54:00,0.03516548052067492
2019-11-19 12:57:00,0.0637708741733718
2019-11-19 13:00:00,0.024872079974727512
2019-11-19 13:03:00,0.17819742996726973
2019-11-19 13:06:00,0.19084094213934577
2019-11-19 13:09:00,0.19108845024624088
2019-11-19 13:12:00,0.278802203101975
2019-11-19 13:15:00,0.1493390119028959
2019-11-19 13:18:00,0.2316023425744902
2019-11-19 13:21:00,0.33222501921500225
2019-11-19 13:24:00,0.3928931327318992
2019-11-19 13:27:00,0.28831807179528823
2019-11-19 13:30:00,0.3814246028953221
2019-11-19 13:33:00,0.3720935177182696
2019-11-19 13:36:00,0.28037633160522546
2019-11-19 13:39:00,0.25931457496199073
2019-11-19 13:42:00,0.3204994131619969
2019-11-19 13:45:00,0.29960174613302115
2019-11-19 13:48:00,0.16906365364349085
2019-11-19 13:51:00,0.13342045613757136
2019-11-19 13:54:00,0.22487021277089525
2019-11-19 13:57:00,0.18580275476409724
2019-11-19 14:00:00,0.10346711506531392
2019-11-19 14:03:00,0.1604122346034842
2019-11-19 14:06:00,0.18450013914065266
2019-11-19 14:09:00,0.34464779870518214
2019-11-19 14:12:00,0.36498347843394185
2019-11-19 14:15:00,0.36973234050270776
2019-11-19 14:18:00,0.42803976139276756
2019-11-19 14:21:00,0.30619427088862494
2019-11-19 14:24:00,0.2292919609188857
2019-11-19 14:27:00,0.26004404390050695
2019-11-19 14:30:00,0.23035512385575885
2019-11-19 14:33:00,0.11372907892780404
2019-11-19 14:36:00,0.11928341758533634
2019-11-19 14:39:00,0.0753965645876633
2019-11-19 14:42:00,0.21771429665591313
2019-11-19 14:45:00,0.34067474513454954
2019-11-19 14:48:00,0.379258972151149
2019-11-19 14:51:00,0.2985233532618281
2019-11-19 14:54:00,0.10263380338756178
2019-11-19 14:57:00,0.17485454505828102
2019-11-19 15:00:00,0.2039089452792382
2019-11-19 15:03:00,0.15367974380603755
2019-11-19 15:06:00,0.25231515778284574
2019-11-19 15:09:00,0.2547802127872387
2019-11-19 15:12:00,0.34226762497627305
2019-11-19 15:15:00,0.28954808549855215
2019-11-19 15:18:00,0.31576894749815665
2019-11-19 15:21:00,0.22085042142708744
2019-11-19 15:24:00,0.37535896561308846
2019-11-19 15:27:00,0.22507875949401068
2019-11-19 15:30:00,0.2690236323429076
2019-11-19 15:33:00,0.18746085039634863
2019-11-19 15:36:00,0.3944744416231174
2019-11-19 15:39:00,0.6275888459836096
2019-11-19 15:42:00,0.7205644033404042
2019-11-19 15:45:00,0.6171031640611204
2019-11-19 15:48:00,0.627346538713482
2019-11-19 15:51:00,0.68204078606351
2019-11-19 15:54:00,0.7510311780116581
2019-11-19 15:57:00,0.6428469314233212
2019-11-19 16:00:00,0.5381037437016403
2019-11-19 16:03:00,0.6418990609350317
2019-11-19 16:06:00,0.5456507483323776
2019-11-19 16:09:00,0.5430785166640817
2019-11-19 16:12:00,0.3580799053463011
2019-11-19 16:15:00,0.39690860436155617
2019-11-19 16:18:00,0.3447639434681946
2019-11-19 16:21:00,0.4229778001956106
2019-11-19 16:24:00,0.4368985176252522
2019-11-19 16:27:00,0.3131459927772653
2019-11-19 16:30:00,0.3194170373243992
2019-11-19 16:33:00,0.47498966138346077
2019-11-19 16:36:00,0.5443987970691069
2019-11-19 16:39:00,0.5823446839168014
2019-11-19 16:42:00,0.5607091680503231
2019-11-19 16:45:00,0.5977105384633319
2019-11-19 16:48:00,0.6280469455262505
2019-11-19 16:51:00,0.5864544229954731
2019-11-19 16:54:00,0.7441639160094837
2019-11-19 16:57:00,0.7427439015555706
2019-11-19 17:00:00,0.7049749634636555
2019-11-19 17:03:00,0.6996513797370199
2019-11-19 17:06:00,0.539292029757064
2019-11-19 17:09:00,0.709587389342289
2019-11-19 17:12:00,0.8084212946679372
2019-11-19 17:15:00,0.6490118571657604
2019-11-19 17:18:00,0.4335173409370441
2019-11-19 17:21:00,0.37628449975505873
2019-11-19 17:24:00,0.4987892692659557
2019-11-19 17:27:00,0.28873801682448175
2019-11-19 17:30:00,0.4109458075697603
2019-11-19 17:33:00,0.5111464034516757
2019-11-19 17:36:00,0.28756865307610724
2019-11-19 17:39:00,0.39034075299952065
2019-11-19 17:42:00,0.40396393193111635
2019-11-19 17:45:00,0.35918265246863257
2019-11-19 17:48:00,0.35339426139364605
2019-11-19 17:51:00,0.3508970496016559
2019-11-19 17:54:00,0.2693559372750087
2019-11-19 17:57:00,0.3063352222741287
2019-11-19 18:00:00,0.31269474501721106
2019-11-19 18:03:00,0.35715451274205634
2019-11-19 18:06:00,0.37052398963902533
2019-11-19 18:09:00,0.2691720927483061
2019-11-19 18:12:00,0.39528241391025176
2019-11-19 18:15:00,0.29753116894710274
2019-11-19 18:18:00,0.30056996153177806
2019-11-19 18:21:00,0.37400197573208516
2019-11-19 18:24:00,0.39082737895466835
2019-11-19 18:27:00,0.359459917711888
2019-11-19 18:30:00,0.3378829953312561
2019-11-19 18:33:00,0.33659222895545327
2019-11-19 18:36:00,0.3571584202013014
2019-11-19 18:39:00,0.3950732948658242
2019-11-19 18:42:00,0.38373067510042347
2019-11-19 18:45:00,0.36095351227146466
2019-11-19 18:48:00,0.36313438903425777
2019-11-19 18:51:00,0.3748418659745312
2019-11-19 18:54:00,
2019-11-19 18:57:00,
2019-11-19 19:00:00,
2019-11-19 19:03:00,0.3556637809278982
2019-11-19 19:06:00,0.32267347227815435
2019-11-19 19:09:00,0.2607811095394368
2019-11-19 19:12:00,0.4023907705459351
2019-11-19 19:15:00,0.1979023175355792
2019-11-19 19:18:00,0.36133347850301334
2019-11-19 19:21:00,0.3891183712095767
2019-11-19 19:24:00,0.4354519389189022
2019-11-19 19:27:00,0.4110651461858197
2019-11-19 19:30:00,0.44349719624045747
2019-11-19 19:33:00,0.3589773053074623
2019-11-19 19:36:00,0.37474620610225884
2019-11-19 19:39:00,0.38570316983327757
2019-11-19 19:42:00,0.3187224798319903
2019-11-19 19:45:00,0.35271755788221526
2019-11-19 19:48:00,0.7779370924113778
2019-11-19 19:51:00,0.7395346108206127
2019-11-19 19:54:00,0.8678840174951006
2019-11-19 19:57:00,0.8424474841142455
2019-11-19 20:00:00,0.8586349944038147
2019-11-19 20:03:00,0.8021754890932584
2019-11-19 20:06:00,0.7518085142339714
2019-11-19 20:09:00,0.7234746995955561
2019-11-19 20:12:00,0.5489481084298973
2019-11-19 20:15:00,0.5584696164816023
2019-11-19 20:18:00,0.4502448630104823
2019-11-19 20:21:00,0.45852758038114416
2019-11-19 20:24:00,0.4079238936784577
2019-11-19 20:27:00,0.43895128778473236
2019-11-19 20:30:00,0.2958969475332651
2019-11-19 20:33:00,0.38896005822431334
2019-11-19 20:36:00,0.26917823917864325
2019-11-19 20:39:00,0.3701272604965311
2019-11-19 20:42:00,0.3869914938539978
2019-11-19 20:45:00,0.3919846073492863
2019-11-19 20:48:00,0.3873404695690965
2019-11-19 20:51:00,0.41426975725710236
2019-11-19 20:54:00,0.4041765905743091
2019-11-19 20:57:00,0.3121574756752352
2019-11-19 21:00:00,0.30855544792166256
2019-11-19 21:03:00,0.37059122592262383
2019-11-19 21:06:00,0.40072109711724124
2019-11-19 21:09:00,0.4876648324770372
2019-11-19 21:12:00,0.4471917187537997
2019-11-19 21:15:00,0.41258900211977334
2019-11-19 21:18:00,0.39117195126505067
2019-11-19 21:21:00,0.4361998142302923
2019-11-19 21:24:00,0.46454857162132157
2019-11-19 21:27:00,0.2526499664623998
2019-11-19 21:30:00,0.47663474869398215
2019-11-19 21:33:00,0.4418520882027792
2019-11-19 21:36:00,0.4136129778793247
2019-11-19 21:39:00,0.3861858894888428
2019-11-19 21:42:00,0.4678509060690317
2019-11-19 21:45:00,0.36756046726605973
2019-11-19 21:48:00,0.36996572782459225
2019-11-19 21:51:00,0.49679310907697527
2019-11-19 21:54:00,0.5273295418630255
2019-11-19 21:57:00,0.40522442960627814
2019-11-19 22:00:00,0.4064907559513813
2019-11-19 22:03:00,0.4912286983884542
2019-11-19 22:06:00,0.44097073592462266
2019-11-19 22:09:00,0.45192542704990046
2019-11-19 22:12:00,0.39059445717441577
2019-11-19 22:15:00,0.4198348127334839
2019-11-19 22:18:00,0.3844514365705436
2019-11-19 22:21:00,0.40973984586378265
2019-11-19 22:24:00,0.35131761500770153
2019-11-19 22:27:00,0.453063017147997
2019-11-19 22:30:00,0.33893981727862865
2019-11-19 22:33:00,0.3458586601614684
2019-11-19 22:36:00,0.44258732098194287
2019-11-19 22:39:00,0.472501005756385
2019-11-19 22:42:00,0.42598313347468775
2019-11-19 22:45:00,0.3924905097305782
2019-11-19 22:48:00,0.35941613354503943
2019-11-19 22:51:00,0.400961380993067
2019-11-19 22:54:00,0.4771113318740845
2019-11-19 22:57:00,0.42825482957903205
2019-11-19 23:00:00,0.4907579764947627
2019-11-19 23:03:00,0.40162556497642754
2019-11-19 23:06:00,0.44338972566959
2019-11-19 23:09:00,0.5025534459801975
2019-11-19 23:12:00,0.42633659843068017
2019-11-19 23:15:00,0.3493422213948634
2019-11-19 23:18:00,0.40739974850669114
2019-11-19 23:21:00,0.41927417134729694
2019-11-19 23:24:00,0.4646872774446251
2019-11-19 23:27:00,0.45245056876285616
2019-11-19 23:30:00,0.37596807606132643
2019-11-19 23:33:00,0.4853875370695846
2019-11-19 23:36:00,0.3792756769134371
2019-11-19 23:39:00,0.4807421471373914
2019-11-19 23:42:00,0.36198498211365404
2019-11-19 23:45:00,0.3849285015210171
2019-11-19 23:48:00,0.314560803859365
2019-11-19 23:51:00,0.3412510824811079
2019-11-19 23:54:00,0.42966688930147257
2019-11-19 23:57:00,0.34543945918863983
2019-11-20 00:00:00,0.3246263174179944
2019-11-20 00:03:00,0.5092098933477018
2019-11-20 00:06:00,0.37418966482312044
2019-11-20 00:09:00,0.3884795347952945
2019-11-20 00:12:00,0.44679548640294797
2019-11-20 00:15:00,0.4057211346994336
2019-11-20 00:18:00,0.36372469342688873
2019-11-20 00:21:00,0.3879457969804889
2019-11-20 00:24:00,0.4695918394850196
2019-11-20 00:27:00,0.4438867546954839
2019-11-20 00:30:00,0.47748856192612266
2019-11-20 00:33:00,0.4748280044367448
2019-11-20 00:36:00,0.4920558082699813
2019-11-20 00:39:00,0.42627382990252727
2019-11-20 00:42:00,0.4727487778757222
2019-11-20 00:45:00,0.4441742174511205
2019-11-20 00:48:00,0.41911764310168564
2019-11-20 00:51:00,0.45584720805561574
2019-11-20 00:54:00,0.33023468954291957
2019-11-20 00:57:00,0.4389145738641673
2019-11-20 01:00:00,0.4325604345416991
2019-11-20 01:03:00,0.44085184470299055
2019-11-20 01:06:00,0.44869104651377256
2019-11-20 01:09:00,0.44092314627823725
2019-11-20 01:12:00,0.5039967803403442
2019-11-20 01:15:00,0.5362588547003497
2019-11-20 01:18:00,0.5302241654015347
2019-11-20 01:21:00,0.44812522439639224
2019-11-20 01:24:00,0.5130168370747015
2019-11-20 01:27:00,0.5485055294539052
2019-11-20 01:30:00,0.5099195439885307
2019-11-20 01:33:00,0.5783049546330403
2019-11-20 01:36:00,0.770983654703798
2019-11-20 01:39:00,0.8567973768690536
2019-11-20 01:42:00,0.8104031253535027
2019-11-20 01:45:00,0.9073993379867602
2019-11-20 01:48:00,0.7730422341132339
2019-11-20 01:51:00,0.38935897971447275
2019-11-20 01:54:00,0.45195673037392226
2019-11-20 01:57:00,0.38522417927140395
2019-11-20 02:00:00,0.4447192892288854
2019-11-20 02:03:00,0.5667165492054096
2019-11-20 02:06:00,0.6128950316825126
2019-11-20 02:09:00,0.9140976165742813
2019-11-20 02:12:00,0.9785324566049667
2019-11-20 02:15:00,0.9765091568421553
2019-11-20 02:18:00,1.0706384161572942
2019-11-20 02:21:00,1.0318518848421263
2019-11-20 02:24:00,1.0279260383209703
2019-11-20 02:27:00,0.8846296462302803
2019-11-20 02:30:00,0.9471313289103591
2019-11-20 02:33:00,0.9023714464679529
2019-11-20 02:36:00,1.0139082366400771
2019-11-20 02:39:00,0.9260903173429256
2019-11-20 02:42:00,0.9248483903753595
2019-11-20 02:45:00,0.9406334898658884
2019-11-20 02:48:00,0.7185825311016174
2019-11-20 02:51:00,0.7211838672309341
2019-11-20 02:54:00,0.7246663206659036
2019-11-20 02:57:00,0.6677642953312102
2019-11-20 03:00:00,0.5522478250870222
2019-11-20 03:03:00,0.5364595102951739
2019-11-20 03:06:00,0.6079392201997962
2019-11-20 03:09:00,0.6270783137586022
2019-11-20 03:12:00,0.38302183849299354
2019-11-20 03:15:00,0.5794817912984058
2019-11-20 03:18:00,0.5970410032225573
2019-11-20 03:21:00,0.578054087186672
2019-11-20 03:24:00,0.5441397306453268
2019-11-20 03:27:00,0.5573702327217802
2019-11-20 03:30:00,0.81759958508934
2019-11-20 03:33:00,0.8930499980328932
2019-11-20 03:36:00,0.9592691851611335
2019-11-20 03:39:00,1.0824075621389397
2019-11-20 03:42:00,0.88453544283459
2019-11-20 03:45:00,0.8256269406128922
2019-11-20 03:48:00,0.4649636129137775
2019-11-20 03:51:00,0.5172605246580133
2019-11-20 03:54:00,0.3705106720123581
2019-11-20 03:57:00,0.37347192791281714
2019-11-20 04:00:00,0.4204523171549681
2019-11-20 04:03:00,0.4338914701763201
2019-11-20 04:06:00,0.5095947957589715
2019-11-20 04:09:00,0.4156825904788093
2019-11-20 04:12:00,0.3263783952355084
2019-11-20 04:15:00,0.3956265383926052
2019-11-20 04:18:00,0.4508486970714216
2019-11-20 04:21:00,0.35199672975932117
2019-11-20 04:24:00,0.49150644071238503
2019-11-20 04:27:00,0.4060867460613622
2019-11-20 04:30:00,0.3927129238260818
2019-11-20 04:33:00,0.43983605392969594
2019-11-20 04:36:00,0.29115924884945343
2019-11-20 04:39:00,0.4240537757844436
2019-11-20 04:42:00,0.38801090819254114
2019-11-20 04:45:00,0.4439113427354755
2019-11-20 04:48:00,0.4867553098517874
2019-11-20 04:51:00,0.2804142805329093
2019-11-20 04:54:00,0.40925927294938447
2019-11-20 04:57:00,0.42922840870761547
2019-11-20 05:00:00,0.4663738775706747
2019-11-20 05:03:00,0.5104852232982466
2019-11-20 05:06:00,0.39316158430114
2019-11-20 05:09:00,0.45453810600423594
2019-11-20 05:12:00,0.4211624909970624
2019-11-20 05:15:00,0.4249042933999476
2019-11-20 05:18:00,0.5238094692772961
2019-11-20 05:21:00,0.48060432556889054
2019-11-20 05:24:00,0.4544848507089796
2019-11-20 05:27:00,0.4812354166517707
2019-11-20 05:30:00,0.5304015944795992
2019-11-20 05:33:00,0.5030394509630014
2019-11-20 05:36:00,0.5291223541111094
2019-11-20 05:39:00,0.47304471209673693
2019-11-20 05:42:00,0.5169623948514754
2019-11-20 05:45:00,0.5101885104403436
2019-11-20 05:48:00,0.5097378758006812
2019-11-20 05:51:00,0.4535642935510964
2019-11-20 05:54:00,0.4157012358200518
2019-11-20 05:57:00,0.3511354438771832
2019-11-20 06:00:00,0.5210878810962072
2019-11-20 06:03:00,0.4172396412389503
2019-11-20 06:06:00,0.43478058150964216
2019-11-20 06:09:00,0.3948747743740455
2019-11-20 06:12:00,0.36121592870517816
2019-11-20 06:15:00,0.4522918317906601
2019-11-20 06:18:00,0.3554497069563922
2019-11-20 06:21:00,0.39558712864300105
2019-11-20 06:24:00,0.39064738877789296
2019-11-20 06:27:00,0.44072254342438555
2019-11-20 06:30:00,0.47079842169665653
2019-11-20 06:33:00,0.47159144317430446
2019-11-20 06:36:00,0.48194316456721253
2019-11-20 06:39:00,0.4378577092695082
2019-11-20 06:42:00,0.41043018133353826
2019-11-20 06:45:00,0.5071375681546328
2019-11-20 06:48:00,0.45348612054550586
2019-11-20 06:51:00,0.49317691094319116
2019-11-20 06:54:00,0.44230764403829426
2019-11-20 06:57:00,0.5233754518941396
2019-11-20 07:00:00,0.4724055577646027
2019-11-20 07:03:00,0.4969722873055389
2019-11-20 07:06:00,0.526617878853699
2019-11-20 07:09:00,0.36187812626860705
2019-11-20 07:12:00,0.3680143192681271
2019-11-20 07:15:00,0.4752545090652802
2019-11-20 07:18:00,0.41006338681847865
2019-11-20 07:21:00,0.4346767421570803
2019-11-20 07:24:00,0.40293755808573906
2019-11-20 07:27:00,0.509236415976261
2019-11-20 07:30:00,0.5045201381866491
2019-11-20 07:33:00,0.44075362020902276
2019-11-20 07:36:00,0.48570352288726326
2019-11-20 07:39:00,0.38576141969326727
2019-11-20 07:42:00,0.47006343376096993
2019-11-20 07:45:00,0.49018452577701055
2019-11-20 07:48:00,0.45101471613099875
2019-11-20 07:51:00,0.4532296753912419
2019-11-20 07:54:00,0.40405541488763674
2019-11-20 07:57:00,0.5005423386219832
2019-11-20 08:00:00,0.46258994814013477
2019-11-20 08:03:00,0.4354457998077237
2019-11-20 08:06:00,0.5023931571391813
2019-11-20 08:09:00,0.41634853128766736
2019-11-20 08:12:00,0.48514831201032393
2019-11-20 08:15:00,0.40767660998830024
2019-11-20 08:18:00,0.46861040555182853
2019-11-20 08:21:00,0.4447689395025236
2019-11-20 08:24:00,0.5414922137471194
2019-11-20 08:27:00,0.47724582529644977
2019-11-20 08:30:00,0.4808804844840324
2019-11-20 08:33:00,0.3497070539081051
2019-11-20 08:36:00,0.3933786030056581
2019-11-20 08:39:00,0.42079331643361684
2019-11-20 08:42:00,0.33778147753167787
2019-11-20 08:45:00,0.32686294092792423
2019-11-20 08:48:00,0.33777450882575977
2019-11-20 08:51:00,0.3403657802367661
2019-11-20 08:54:00,0.3012887628129306
2019-11-20 08:57:00,0.32565843880439616
2019-11-20 09:00:00,0.35822834344077137
2019-11-20 09:03:00,0.3086621638820475
2019-11-20 09:06:00,0.3635901281779752
2019-11-20 09:09:00,0.30875173156198343
2019-11-20 09:12:00,0.3932270357252605
2019-11-20 09:15:00,0.36363433932285716
2019-11-20 09:18:00,0.18986211603845504
2019-11-20 09:21:00,0.2933513945388313
2019-11-20 09:24:00,0.30008448353311223
2019-11-20 09:27:00,0.27852948070568573
2019-11-20 09:30:00,0.28360386183425135
2019-11-20 09:33:00,0.2162010245442616
2019-11-20 09:36:00,0.2741126602689974
2019-11-20 09:39:00,0.28641176166888727
2019-11-20 09:42:00,0.2161061091592842
2019-11-20 09:45:00,0.3098301488853963
2019-11-20 09:48:00,0.2713801708190431
2019-11-20 09:51:00,0.2261341263672989
2019-11-20 09:54:00,0.2703280967126034
2019-11-20 09:57:00,0.30701324133872276
2019-11-20 10:00:00,0.28446007070493806
2019-11-20 10:03:00,0.27264955879684294
2019-11-20 10:06:00,0.21846639282932756
2019-11-20 10:09:00,0.2697871167356425
2019-11-20 10:12:00,0.26123465652051436
2019-11-20 10:15:00,0.2798022306697021
2019-11-20 10:18:00,0.11667888643961533
2019-11-20 10:21:00,0.14021272316796285
2019-11-20 10:24:00,0.29583826807754576
2019-11-20 10:27:00,0.22339051932391385
2019-11-20 10:30:00,0.10684376855698474
2019-11-20 10:33:00,0.18058798359220418
2019-11-20 10:36:00,0.1817843180356249
2019-11-20 10:39:00,0.21727942611471462
2019-11-20 10:42:00,0.30265796760335206
2019-11-20 10:45:00,0.06205131655877949
2019-11-20 10:48:00,0.12611275309177472
2019-11-20 10:51:00,0.18447880754854395
2019-11-20 10:54:00,0.1885956026059148
2019-11-20 10:57:00,0.24622374012562886
2019-11-20 11:00:00,0.08398524721053491
2019-11-20 11:03:00,0.12389454076668471
2019-11-20 11:06:00,0.1874185179400456
2019-11-20 11:09:00,0.13844648445359553
2019-11-20 11:12:00,0.15775950088834634
2019-11-20 11:15:00,0.137419437919732
2019-11-20 11:18:00,0.1308123981003746
2019-11-20 11:21:00,0.18784303830204863
2019-11-20 11:24:00,0.1884158015752746
2019-11-20 11:27:00,0.17255571061724595
2019-11-20 11:30:00,0.1051196953378053
2019-11-20 11:33:00,0.15360339125624023
2019-11-20 11:36:00,0.17365577794669207
2019-11-20 11:39:00,0.09209339676857553
2019-11-20 11:42:00,0.13713676095596838
2019-11-20 11:45:00,0.03143550698337094
2019-11-20 11:48:00,0.13243953708695244
2019-11-20 11:51:00,0.0924628657901394
2019-11-20 11:54:00,0.0924353713857613
2019-11-20 11:57:00,0.11023670974600464
2019-11-20 12:00:00,0.043300212215967804
2019-11-20 12:03:00,0.06732152132792635
2019-11-20 12:06:00,0.05798689409772351
2019-11-20 12:09:00,0.12884713935000036
2019-11-20 12:12:00,0.16778166619297963
2019-11-20 12:15:00,0.10825897213874214
2019-11-20 12:18:00,0.13878211712454913
2019-11-20 12:21:00,0.07828751745580576
2019-11-20 12:24:00,0.02179769362027173
2019-11-20 12:27:00,0.0101837585272051
2019-11-20 12:30:00,0.029564252792056323
2019-11-20 12:33:00,-0.07829131738793649
2019-11-20 12:36:00,0.03556427810923424
2019-11-20 12:39:00,-0.027768612439842855
2019-11-20 12:42:00,-0.023629288329800602
2019-11-20 12:45:00,0.005325595989177145
2019-11-20 12:48:00,-0.10211398703324903
2019-11-20 12:51:00,-0.08414579016334756
2019-11-20 12:54:00,-0.10996545101295396
2019-11-20 12:57:00,-0.1184888586865327
2019-11-20 13:00:00,-0.07031326668817428
2019-11-20 13:03:00,0.04792933776093378
2019-11-20 13:06:00,0.10113157167614872
2019-11-20 13:09:00,-0.11768817698998646
2019-11-20 13:12:00,-0.10790986687459281
2019-11-20 13:15:00,-0.035975099309553116
2019-11-20 13:18:00,-0.06462427601439913
2019-11-20 13:21:00,0.008837065722104853
2019-11-20 13:24:00,0.061778534058078094
2019-11-20 13:27:00,-0.013413035459848288
2019-11-20 13:30:00,0.13694502126412544
2019-11-20 13:33:00,-0.06844028490434084
2019-11-20 13:36:00,0.06397232480298953
2019-11-20 13:39:00,0.04213768153539377
2019-11-20 13:42:00,-0.05999372381239709
2019-11-20 13:45:00,-0.026528307240312188
2019-11-20 13:48:00,-0.012061945897016813
2019-11-20 13:51:00,0.007395249270700788
2019-11-20 13:54:00,-0.058472772054415145
2019-11-20 13:57:00,0.022986083535897706
2019-11-20 14:00:00,-0.0035994041490994277
2019-11-20 14:03:00,-0.029477639353672203
2019-11-20 14:06:00,-0.031330035999076244
2019-11-20 14:09:00,0.048432911838062864
2019-11-20 14:12:00,-0.07239660218175459
2019-11-20 14:15:00,0.1185855763325776
2019-11-20 14:18:00,0.27853085494450625
2019-11-20 14:21:00,0.16401315121549942
2019-11-20 14:24:00,0.11071039219552858
2019-11-20 14:27:00,-0.021651866802983477
2019-11-20 14:30:00,0.06846780920363926
2019-11-20 14:33:00,0.002223588134881993
2019-11-20 14:36:00,0.07794493993287688
2019-11-20 14:39:00,-0.003426314964883659
2019-11-20 14:42:00,0.02649976049463021
2019-11-20 14:45:00,0.06248131655524958
2019-11-20 14:48:00,0.08620716263135364
2019-11-20 14:51:00,-0.02117573047064525
2019-11-20 14:54:00,0.08852574952658188
2019-11-20 14:57:00,0.1954067223708762
2019-11-20 15:00:00,0.24561940364594648
2019-11-20 15:03:00,0.24712993504704173
2019-11-20 15:06:00,0.06585408036778517
2019-11-20 15:09:00,-0.0834209287078238
2019-11-20 15:12:00,-0.14093150370831609
2019-11-20 15:15:00,0.0005677412868294596
2019-11-20 15:18:00,-0.13356126054452488
2019-11-20 15:21:00,-0.13645157406347153
2019-11-20 15:24:00,-0.05563524599358516
2019-11-20 15:27:00,-0.10002922448376239
2019-11-20 15:30:00,-0.18643180874300924
2019-11-20 15:33:00,-0.025578634386647536
2019-11-20 15:36:00,0.19446687620677494
2019-11-20 15:39:00,0.0750662437156393
2019-11-20 15:42:00,0.000689783154257384
2019-11-20 15:45:00,0.1083203688734784
2019-11-20 15:48:00,0.04614844791319683
2019-11-20 15:51:00,0.0073123211221854945
2019-11-20 15:54:00,0.1373184273538186
2019-11-20 15:57:00,0.1205002345803905
2019-11-20 16:00:00,0.06414248473544149
2019-11-20 16:03:00,0.15040282566792484
2019-11-20 16:06:00,0.038651584864624056
2019-11-20 16:09:00,0.03244429739356747
2019-11-20 16:12:00,0.31545472759557924
2019-11-20 16:15:00,0.2575950022079496
2019-11-20 16:18:00,0.43695587202228126
2019-11-20 16:21:00,0.5139182114217533
2019-11-20 16:24:00,0.4907847772335572
2019-11-20 16:27:00,0.46451256979048594
2019-11-20 16:30:00,0.4482568632405446
2019-11-20 16:33:00,0.48517624136690074
2019-11-20 16:36:00,0.5481113010600325
2019-11-20 16:39:00,0.4155755287555394
2019-11-20 16:42:00,0.10674280961029581
2019-11-20 16:45:00,0.012142368805484693
2019-11-20 16:48:00,0.005123198074500124
2019-11-20 16:51:00,-0.012609377857927484
2019-11-20 16:54:00,0.10457441411938362
2019-11-20 16:57:00,0.0845443559018122
2019-11-20 17:00:00,-0.01423996545031514
2019-11-20 17:03:00,0.04978016088074355
2019-11-20 17:06:00,0.08011653610140002
2019-11-20 17:09:00,-0.011147602436608395
2019-11-20 17:12:00,0.07641366464378052
2019-11-20 17:15:00,-0.0038779037789140602
2019-11-20 17:18:00,0.029916343920547206
2019-11-20 17:21:00,0.02206915253475472
2019-11-20 17:24:00,0.16797838884565408
2019-11-20 17:27:00,0.19451997465165505
2019-11-20 17:30:00,0.1824885010955768
2019-11-20 17:33:00,0.12132485402753446
2019-11-20 17:36:00,0.12637025716895778
2019-11-20 17:39:00,0.1708305347771102
2019-11-20 17:42:00,0.11567606393026608
2019-11-20 17:45:00,0.15582316734355572
2019-11-20 17:48:00,0.1119187973527005
2019-11-20 17:51:00,0.09436895504813947
2019-11-20 17:54:00,0.08758577735119388
2019-11-20 17:57:00,0.0758551297642498
2019-11-20 18:00:00,0.0934638541817776
2019-11-20 18:03:00,0.07960371412184486
2019-11-20 18:06:00,0.06643296700889323
2019-11-20 18:09:00,-0.03811496763643163
2019-11-20 18:12:00,0.025976304180915122
2019-11-20 18:15:00,0.21218645023856197
2019-11-20 18:18:00,0.06453107840843586
2019-11-20 18:21:00,0.09976225018198193
2019-11-20 18:24:00,0.11857725709580791
2019-11-20 18:27:00,0.11859930122807327
2019-11-20 18:30:00,0.22087703871568465
2019-11-20 18:33:00,0.07906521264669664
2019-11-20 18:36:00,0.2040453970949443
2019-11-20 18:39:00,0.14745432244990297
2019-11-20 18:42:00,0.16340764928804674
2019-11-20 18:45:00,0.14530968599655125
2019-11-20 18:48:00,0.19822712718325874
2019-11-20 18:51:00,0.2325174313870093
2019-11-20 18:54:00,
2019-11-20 18:57:00,
2019-11-20 19:00:00,
2019-11-20 19:03:00,0.13982130811785964
2019-11-20 19:06:00,0.1315504020291769
2019-11-20 19:09:00,0.14711857535593253
2019-11-20 19:12:00,0.18565318130697506
2019-11-20 19:15:00,0.18306503297776544
2019-11-20 19:18:00,0.21258591430171236
2019-11-20 19:21:00,0.18549134216669927
2019-11-20 19:24:00,0.16236228324095237
2019-11-20 19:27:00,0.1381514972146647
2019-11-20 19:30:00,0.17902076872343287
2019-11-20 19:33:00,0.20387734668599933
2019-11-20 19:36:00,0.18311099288939658
2019-11-20 19:39:00,0.21580438650562428
2019-11-20 19:42:00,0.14609748751985308
2019-11-20 19:45:00,0.26538677176927195
2019-11-20 19:48:00,0.13167629233413436
2019-11-20 19:51:00,0.06887185874199986
2019-11-20 19:54:00,0.18145357066185852
2019-11-20 19:57:00,0.15436512790199686
2019-11-20 20:00:00,0.16088529314828293
2019-11-20 20:03:00,0.2554125093443531
2019-11-20 20:06:00,0.1851427119574396
2019-11-20 20:09:00,0.1549698495024927
2019-11-20 20:12:00,0.0888650637340902
2019-11-20 20:15:00,0.15930880269064573
2019-11-20 20:18:00,0.13929108827773007
2019-11-20 20:21:00,0.1408045429672029
2019-11-20 20:24:00,0.19085172507328707
2019-11-20 20:27:00,0.16501081355835368
2019-11-20 20:30:00,0.12764977070781924
2019-11-20 20:33:00,0.28218488776388995
2019-11-20 20:36:00,0.20691761657315055
2019-11-20 20:39:00,0.159841390582244
2019-11-20 20:42:00,0.21159555243332306
2019-11-20 20:45:00,0.1234968842650801
2019-11-20 20:48:00,0.21107004427568654
2019-11-20 20:51:00,0.27003251538781115
2019-11-20 20:54:00,0.2594287722275226
2019-11-20 20:57:00,0.13496026568697062
2019-11-20 21:00:00,0.24658110127916189
2019-11-20 21:03:00,0.12291024003235407
2019-11-20 21:06:00,0.22458877938146316
2019-11-20 21:09:00,0.18799945214027503
2019-11-20 21:12:00,0.181327829459633
2019-11-20 21:15:00,0.2920483565573022
2019-11-20 21:18:00,0.2574607927258512
2019-11-20 21:21:00,0.2138783416052661
2019-11-20 21:24:00,0.2437257335953973
2019-11-20 21:27:00,0.3434744465807853
2019-11-20 21:30:00,0.28276955284900396
2019-11-20 21:33:00,0.21944611068414588
2019-11-20 21:36:00,0.3354502437243809
2019-11-20 21:39:00,0.28346458959441634
2019-11-20 21:42:00,0.3228146133447467
2019-11-20 21:45:00,0.4157766692047744
2019-11-20 21:48:00,0.36058982226933267
2019-11-20 21:51:00,0.4032307208210568
2019-11-20 21:54:00,0.3760669274848851
2019-11-20 21:57:00,0.18445651290340948
2019-11-20 22:00:00,0.32389747595453855
2019-11-20 22:03:00,0.3422575082584558
2019-11-20 22:06:00,0.4027983809532998
2019-11-20 22:09:00,0.26324620568567525
2019-11-20 22:12:00,0.25156977689391624
2019-11-20 22:15:00,0.36142582747106644
2019-11-20 22:18:00,0.3464337021574124
2019-11-20 22:21:00,0.30900237750637416
2019-11-20 22:24:00,0.36434709637836704
2019-11-20 22:27:00,0.3691193472125178
2019-11-20 22:30:00,0.36996199348755
2019-11-20 22:33:00,0.40471877951819124
2019-11-20 22:36:00,0.38783607841202183
2019-11-20 22:39:00,0.3722082886490625
2019-11-20 22:42:00,0.4060815710320185
2019-11-20 22:45:00,0.30608693652254715
2019-11-20 22:48:00,0.3395330196641453
2019-11-20 22:51:00,0.35898126208769554
2019-11-20 22:54:00,0.35203981179279253
2019-11-20 22:57:00,0.34280255628522127
2019-11-20 23:00:00,0.3222495356404238
2019-11-20 23:03:00,0.35708587538510983
2019-11-20 23:06:00,0.32211014469993415
2019-11-20 23:09:00,0.333656301589599
2019-11-20 23:12:00,0.25688512043450373
2019-11-20 23:15:00,0.40999391723465806
2019-11-20 23:18:00,0.40343216139439164
2019-11-20 23:21:00,0.30540549158513386
2019-11-20 23:24:00,0.35239067963823345
2019-11-20 23:27:00,0.34553092675571406
2019-11-20 23:30:00,0.3037396265036705
2019-11-20 23:33:00,0.3241501411383183
2019-11-20 23:36:00,0.3107805298998869
2019-11-20 23:39:00,0.3511784150911126
2019-11-20 23:42:00,0.34698349119832983
2019-11-20 23:45:00,0.3756277048628931
2019-11-20 23:48:00,0.4068915465343821
2019-11-20 23:51:00,0.38431227577405025
2019-11-20 23:54:00,0.35320068952154315
2019-11-20 23:57:00,0.3912693188593721
2019-11-21 00:00:00,0.404010567698208
2019-11-21 00:03:00,0.334874054158945
2019-11-21 00:06:00,0.4180789978667008
2019-11-21 00:09:00,0.35314785788079917
2019-11-21 00:12:00,0.2806510347556923
2019-11-21 00:15:00,0.3656940255647214
2019-11-21 00:18:00,0.3968032123113403
2019-11-21 00:21:00,0.3366936226112216
2019-11-21 00:24:00,0.42997258135193306
2019-11-21 00:27:00,0.32842349849352104
2019-11-21 00:30:00,0.25363211846382683
2019-11-21 00:33:00,0.27568374941472484
2019-11-21 00:36:00,0.3814994143224908
2019-11-21 00:39:00,0.2901389434663315
2019-11-21 00:42:00,0.34200109333630735
2019-11-21 00:45:00,0.4006189610215074
2019-11-21 00:48:00,0.35208446199789023
2019-11-21 00:51:00,0.3832641402496506
2019-11-21 00:54:00,0.44922201864602584
2019-11-21 00:57:00,0.557838903669051
2019-11-21 01:00:00,0.5177455703386045
2019-11-21 01:03:00,0.5622748784383589
2019-11-21 01:06:00,0.7591337525048516
2019-11-21 01:09:00,0.6898080324364173
2019-11-21 01:12:00,0.6370882515508356
2019-11-21 01:15:00,0.5033808930339205
2019-11-21 01:18:00,0.592898091496636
2019-11-21 01:21:00,0.6356002357020429
2019-11-21 01:24:00,0.4870661742129414
2019-11-21 01:27:00,0.5179106001302216
2019-11-21 01:30:00,0.4577696954414705
2019-11-21 01:33:00,0.5025500981705591
2019-11-21 01:36:00,0.47364059623868116
2019-11-21 01:39:00,0.5622120092269824
2019-11-21 01:42:00,0.4962369754518363
2019-11-21 01:45:00,0.3470830313590909
2019-11-21 01:48:00,0.34518786662846423
2019-11-21 01:51:00,0.28235234575362256
2019-11-21 01:54:00,0.38371496486547585
2019-11-21 01:57:00,0.336792600897013
2019-11-21 02:00:00,0.3617153046227486
2019-11-21 02:03:00,0.382860309374621
2019-11-21 02:06:00,0.36430769045324496
2019-11-21 02:09:00,0.3410718119429248
2019-11-21 02:12:00,0.2617272904966512
2019-11-21 02:15:00,0.26143111133654884
2019-11-21 02:18:00,0.39646184017431096
2019-11-21 02:21:00,0.3782158518127403
2019-11-21 02:24:00,0.3639533501727783
2019-11-21 02:27:00,0.3936524459310249
2019-11-21 02:30:00,0.33337054389659215
2019-11-21 02:33:00,0.3646136264860047
2019-11-21 02:36:00,0.3791908501601142
2019-11-21 02:39:00,0.3618365556411618
2019-11-21 02:42:00,0.45535813306611317
2019-11-21 02:45:00,0.3929516480266102
2019-11-21 02:48:00,0.4273863017215831
2019-11-21 02:51:00,0.3797057965238082
2019-11-21 02:54:00,0.40502478831984945
2019-11-21 02:57:00,0.4034206673705967
2019-11-21 03:00:00,0.46060203577019365
2019-11-21 03:03:00,0.380492307134773
2019-11-21 03:06:00,0.395289983057296
2019-11-21 03:09:00,0.49733739598627835
2019-11-21 03:12:00,0.42698080652621684
2019-11-21 03:15:00,0.37728551008007116
2019-11-21 03:18:00,0.3749722501353858
2019-11-21 03:21:00,0.3121441861248968
2019-11-21 03:24:00,0.4744835888951684
2019-11-21 03:27:00,0.5079714707555922
2019-11-21 03:30:00,0.412694139191899
2019-11-21 03:33:00,0.438643241563625
2019-11-21 03:36:00,0.36047068807891947
2019-11-21 03:39:00,0.4090779333083674
2019-11-21 03:42:00,0.42098588598190645
2019-11-21 03:45:00,0.40996486139420085
2019-11-21 03:48:00,0.49579852059258656
2019-11-21 03:51:00,0.45410405510682494
2019-11-21 03:54:00,0.535993892302713
2019-11-21 03:57:00,0.6000901863180275
2019-11-21 04:00:00,0.3938367904772804
2019-11-21 04:03:00,0.4716474722698649
2019-11-21 04:06:00,0.4816256747801617
2019-11-21 04:09:00,0.4783217221840914
2019-11-21 04:12:00,0.4700928129896056
2019-11-21 04:15:00,0.5581338254630737
2019-11-21 04:18:00,0.49197992833398985
2019-11-21 04:21:00,0.3855231518911637
2019-11-21 04:24:00,0.42348071258197706
2019-11-21 04:27:00,0.4986991536023879
2019-11-21 04:30:00,0.42535131521788117
2019-11-21 04:33:00,0.37049903737255363
2019-11-21 04:36:00,0.4742235508359727
2019-11-21 04:39:00,0.4021232925233562
2019-11-21 04:42:00,0.5164298517693737
2019-11-21 04:45:00,0.4950469631307328
2019-11-21 04:48:00,0.36098623677440855
2019-11-21 04:51:00,0.45511898273900897
2019-11-21 04:54:00,0.5106301909984268
2019-11-21 04:57:00,0.46901604064441926
2019-11-21 05:00:00,0.49550523430542626
2019-11-21 05:03:00,0.5137388218071806
2019-11-21 05:06:00,0.42814800884258375
2019-11-21 05:09:00,0.45540928132493264
2019-11-21 05:12:00,0.43627140301862255
2019-11-21 05:15:00,0.4468694007848626
2019-11-21 05:18:00,0.3312210032567009
2019-11-21 05:21:00,0.4319613667789213
2019-11-21 05:24:00,0.4355756341283836
2019-11-21 05:27:00,0.459448254357369
2019-11-21 05:30:00,0.4607076891319366
2019-11-21 05:33:00,0.3277016455491548
2019-11-21 05:36:00,0.45718490889203167
2019-11-21 05:39:00,0.4948612471438878
2019-11-21 05:42:00,0.46644909115701694
2019-11-21 05:45:00,0.504056136768213
2019-11-21 05:48:00,0.5304853142645811
2019-11-21 05:51:00,0.4270909033969019
2019-11-21 05:54:00,0.5617899120884431
2019-11-21 05:57:00,0.44984894112985785
2019-11-21 06:00:00,0.5531063633143276
2019-11-21 06:03:00,0.40418780919731034
2019-11-21 06:06:00,0.5837020381262619
2019-11-21 06:09:00,0.4647941890959828
2019-11-21 06:12:00,0.513656066675253
2019-11-21 06:15:00,0.5435206101086578
2019-11-21 06:18:00,0.6141319128012128
2019-11-21 06:21:00,0.44624465864944796
2019-11-21 06:24:00,0.5327735612006563
2019-11-21 06:27:00,0.5531138983161554
2019-11-21 06:30:00,0.44599550954757206
2019-11-21 06:33:00,0.4555458728061694
2019-11-21 06:36:00,0.532586884922523
2019-11-21 06:39:00,0.5217643648690569
2019-11-21 06:42:00,0.41440871449441374
2019-11-21 06:45:00,0.5663290557483265
2019-11-21 06:48:00,0.5405832249596187
2019-11-21 06:51:00,0.5182510489830747
2019-11-21 06:54:00,0.5750961657504945
2019-11-21 06:57:00,0.4562014286009912
2019-11-21 07:00:00,0.5787884813857431
2019-11-21 07:03:00,0.5697709196841174
2019-11-21 07:06:00,0.5132066665178172
2019-11-21 07:09:00,0.4995673181776965
2019-11-21 07:12:00,0.604062982359892
2019-11-21 07:15:00,0.6221925305427476
2019-11-21 07:18:00,0.5985813498393782
2019-11-21 07:21:00,0.5512167510049153
2019-11-21 07:24:00,0.5069115783678058
2019-11-21 07:27:00,0.39085337289310473
2019-11-21 07:30:00,0.5441410609438435
2019-11-21 07:33:00,0.4038276702779626
2019-11-21 07:36:00,0.5080469444991991
2019-11-21 07:39:00,0.5214380183640515
2019-11-21 07:42:00,0.49509200806380704
2019-11-21 07:45:00,0.47136732451440366
2019-11-21 07:48:00,0.3477041962551084
2019-11-21 07:51:00,0.4028112247161175
2019-11-21 07:54:00,0.45410149302932723
2019-11-21 07:57:00,0.3947184989862649
2019-11-21 08:00:00,0.37928332830415457
2019-11-21 08:03:00,0.3943481389608223
2019-11-21 08:06:00,0.43685425659640487
2019-11-21 08:09:00,0.34605290487502316
2019-11-21 08:12:00,0.3955274395761421
2019-11-21 08:15:00,0.3214068698410415
2019-11-21 08:18:00,0.33183778459692803
2019-11-21 08:21:00,0.4291343772674736
2019-11-21 08:24:00,0.46552236148903603
2019-11-21 08:27:00,0.3891907806739141
2019-11-21 08:30:00,0.3627080525885731
2019-11-21 08:33:00,0.30106443886728584
2019-11-21 08:36:00,0.2506069611051771
2019-11-21 08:39:00,0.31714036764975617
2019-11-21 08:42:00,0.28437390888535674
2019-11-21 08:45:00,0.3524866006408729
2019-11-21 08:48:00,0.2857808507736763
2019-11-21 08:51:00,0.2441257014120879
2019-11-21 08:54:00,0.23296802841241515
2019-11-21 08:57:00,0.24952610900544414
2019-11-21 09:00:00,0.21566165444863827
2019-11-21 09:03:00,0.1660850374570373
2019-11-21 09:06:00,0.20396163518034882
2019-11-21 09:09:00,0.18838541881427773
2019-11-21 09:12:00,0.2171962686387019
2019-11-21 09:15:00,0.17188314712956299
2019-11-21 09:18:00,0.18804210922394304
2019-11-21 09:21:00,0.17895397459778906
2019-11-21 09:24:00,0.11801747064544088
2019-11-21 09:27:00,0.10588641222653905
2019-11-21 09:30:00,0.1221183214145185
2019-11-21 09:33:00,0.18596156258092833
2019-11-21 09:36:00,0.16725264587029187
2019-11-21 09:39:00,0.04822787556184949
2019-11-21 09:42:00,-0.031917931132227295
2019-11-21 09:45:00,0.08275583994696945
2019-11-21 09:48:00,0.0796182324031065
2019-11-21 09:51:00,0.07488619231412486
2019-11-21 09:54:00,0.016159827491890155
2019-11-21 09:57:00,0.009604673073738468
2019-11-21 10:00:00,0.10059459770934609
2019-11-21 10:03:00,0.018258591967423854
2019-11-21 10:06:00,0.03916497592410906
2019-11-21 10:09:00,-0.10822318755793958
2019-11-21 10:12:00,0.02843140792452914
2019-11-21 10:15:00,-0.0801675816001648
2019-11-21 10:18:00,-0.03394769533053932
2019-11-21 10:21:00,0.03636556378506839
2019-11-21 10:24:00,-0.1874639987803448
2019-11-21 10:27:00,0.10137114562633087
2019-11-21 10:30:00,-0.04541064888934443
2019-11-21 10:33:00,-0.047979416838643374
2019-11-21 10:36:00,-0.04359580278730846
2019-11-21 10:39:00,-0.1787594140711235
2019-11-21 10:42:00,-0.11102234303734804
2019-11-21 10:45:00,-0.08005081615999643
2019-11-21 10:48:00,-0.10363617852021889
2019-11-21 10:51:00,-0.12630247047354715
2019-11-21 10:54:00,-0.1854743954040714
2019-11-21 10:57:00,-0.10366592539537578
2019-11-21 11:00:00,-0.09578800312988278
2019-11-21 11:03:00,-0.012917077022564172
2019-11-21 11:06:00,-0.02545756735634086
2019-11-21 11:09:00,-0.11046724759285098
2019-11-21 11:12:00,-0.1105028819100653
2019-11-21 11:15:00,-0.1350722938240665
2019-11-21 11:18:00,-0.1682204258784168
2019-11-21 11:21:00,-0.1125679671761759
2019-11-21 11:24:00,-0.16570815822137774
2019-11-21 11:27:00,-0.2725915856310621
2019-11-21 11:30:00,-0.2751803374868018
2019-11-21 11:33:00,-0.24641129471325485
2019-11-21 11:36:00,-0.23732429593087545
2019-11-21 11:39:00,-0.14391240447224618
2019-11-21 11:42:00,-0.13187117318710762
2019-11-21 11:45:00,-0.2849644027525642
2019-11-21 11:48:00,-0.11306495506113379
2019-11-21 11:51:00,-0.20277315664424123
2019-11-21 11:54:00,-0.10995967083306368
2019-11-21 11:57:00,-0.16883577451511655
2019-11-21 12:00:00,-0.21931464538636192
2019-11-21 12:03:00,-0.1142660029542526
2019-11-21 12:06:00,-0.27038396142188503
2019-11-21 12:09:00,-0.08929997293375891
2019-11-21 12:12:00,-0.23508611866861884
2019-11-21 12:15:00,-0.038555521127193515
2019-11-21 12:18:00,-0.0628119415537185
2019-11-21 12:21:00,-0.19368645051849853
2019-11-21 12:24:00,-0.08661193469799855
2019-11-21 12:27:00,-0.12559620382484127
2019-11-21 12:30:00,-0.03353727593412259
2019-11-21 12:33:00,-0.10771098570188542
2019-11-21 12:36:00,-0.14201304450966745
2019-11-21 12:39:00,-0.26883122631443257
2019-11-21 12:42:00,-0.077359628877673
2019-11-21 12:45:00,-0.10536690207186439
2019-11-21 12:48:00,-0.0754244633949952
2019-11-21 12:51:00,-0.0848541329183945
2019-11-21 12:54:00,-0.09178173995843508
2019-11-21 12:57:00,-0.15581746335260505
2019-11-21 13:00:00,-0.18120823434560407
2019-11-21 13:03:00,-0.23496845166789626
2019-11-21 13:06:00,-0.28567007847823334
2019-11-21 13:09:00,-0.2544909992871567
2019-11-21 13:12:00,-0.22344547947835736
2019-11-21 13:15:00,-0.2145898664653032
2019-11-21 13:18:00,-0.15075981294455687
2019-11-21 13:21:00,-0.20098184774718675
2019-11-21 13:24:00,-0.23710342999277145
2019-11-21 13:27:00,-0.10062433236748802
2019-11-21 13:30:00,-0.2749185686973874
2019-11-21 13:33:00,-0.07484440513928803
2019-11-21 13:36:00,-0.06969783832340681
2019-11-21 13:39:00,0.029856123186050354
2019-11-21 13:42:00,-0.027367577213851746
2019-11-21 13:45:00,0.03975676120086291
2019-11-21 13:48:00,-0.04359928419160042
2019-11-21 13:51:00,-0.025312507121611816
2019-11-21 13:54:00,-0.005017514771679998
2019-11-21 13:57:00,-0.15211253114080137
2019-11-21 14:00:00,-0.14610412888123392
2019-11-21 14:03:00,-0.07045795489540296
2019-11-21 14:06:00,-0.3012867465771478
2019-11-21 14:09:00,-0.1882796213182587
2019-11-21 14:12:00,-0.12317710495619849
2019-11-21 14:15:00,-0.19079796894408219
2019-11-21 14:18:00,-0.1628994416677756
2019-11-21 14:21:00,-0.12162877242525383
2019-11-21 14:24:00,-0.013766453760069908
2019-11-21 14:27:00,-0.06090298370986602
2019-11-21 14:30:00,-0.029911324796728422
2019-11-21 14:33:00,-0.028023710305319582
2019-11-21 14:36:00,-0.11596562524999854
2019-11-21 14:39:00,-0.10587576235565166
2019-11-21 14:42:00,-0.15882117707565158
2019-11-21 14:45:00,-0.05577951508325896
2019-11-21 14:48:00,-0.1837818427573552
2019-11-21 14:51:00,-0.26845138823966863
2019-11-21 14:54:00,-0.30281271759014317
2019-11-21 14:57:00,-0.08493809237597816
2019-11-21 15:00:00,-0.09403443515248
2019-11-21 15:03:00,-0.07432033837204699
2019-11-21 15:06:00,-0.035536628865997955
2019-11-21 15:09:00,0.06270697817939208
2019-11-21 15:12:00,0.24024918690264485
2019-11-21 15:15:00,0.23626733753161488
2019-11-21 15:18:00,0.1840851679301636
2019-11-21 15:21:00,0.029931940695348658
2019-11-21 15:24:00,-0.11687509859689271
2019-11-21 15:27:00,-0.08642299148209531
2019-11-21 15:30:00,0.1040872798151895
2019-11-21 15:33:00,0.4216369985363144
2019-11-21 15:36:00,0.1720234428821641
2019-11-21 15:39:00,-0.033771831713693246
2019-11-21 15:42:00,-0.13814686057298786
2019-11-21 15:45:00,-0.19098060783420578
2019-11-21 15:48:00,0.04733579405638011
2019-11-21 15:51:00,0.18062994042139735
2019-11-21 15:54:00,0.13391634716202816
2019-11-21 15:57:00,0.2511024263806121
2019-11-21 16:00:00,0.15153919658490622
2019-11-21 16:03:00,-0.017209256461853784
2019-11-21 16:06:00,-0.022529531786744883
2019-11-21 16:09:00,0.0609632422881532
2019-11-21 16:12:00,-0.07322395115619429
2019-11-21 16:15:00,-0.030913743952055484
2019-11-21 16:18:00,0.1301608346754506
2019-11-21 16:21:00,0.20250844805866564
2019-11-21 16:24:00,0.2126387511288499
2019-11-21 16:27:00,0.2826925662989197
2019-11-21 16:30:00,0.4118937245309553
2019-11-21 16:33:00,0.3949894509062801
2019-11-21 16:36:00,0.3880541106461237
2019-11-21 16:39:00,0.25247068712735654
2019-11-21 16:42:00,0.17087407374793884
2019-11-21 16:45:00,0.13029310290863805
2019-11-21 16:48:00,0.019386750861087876
2019-11-21 16:51:00,0.028498192717904658
2019-11-21 16:54:00,-0.01487172108085133
2019-11-21 16:57:00,0.015042956966965448
2019-11-21 17:00:00,-0.15327178387025242
2019-11-21 17:03:00,0.0172197034841588
2019-11-21 17:06:00,-0.0024408783553440117
2019-11-21 17:09:00,-0.07898986120517293
2019-11-21 17:12:00,-0.012732599071284767
2019-11-21 17:15:00,-0.05620701364614433
2019-11-21 17:18:00,-0.015085728532937992
2019-11-21 17:21:00,0.05894274442772485
2019-11-21 17:24:00,0.041698198787173624
2019-11-21 17:27:00,0.02526812110852461
2019-11-21 17:30:00,0.010164646681232625
2019-11-21 17:33:00,-0.0038260985004399117
2019-11-21 17:36:00,-0.046640306780773244
2019-11-21 17:39:00,0.006080439343463695
2019-11-21 17:42:00,0.09617205282387431
2019-11-21 17:45:00,0.2652177675852272
2019-11-21 17:48:00,0.26267454248551303
2019-11-21 17:51:00,0.31694511214828935
2019-11-21 17:54:00,0.2216239146711132
2019-11-21 17:57:00,0.4061423179592225
2019-11-21 18:00:00,0.3627171636812818
2019-11-21 18:03:00,0.3089242231527578
2019-11-21 18:06:00,0.44474927482633575
2019-11-21 18:09:00,0.6072059293139205
2019-11-21 18:12:00,0.6113518882420976
2019-11-21 18:15:00,0.6242548400010719
2019-11-21 18:18:00,0.5833680448127438
2019-11-21 18:21:00,0.6413087726438675
2019-11-21 18:24:00,0.728731768470368
2019-11-21 18:27:00,0.6118640159020288
2019-11-21 18:30:00,0.7980268708540166
2019-11-21 18:33:00,0.6235868921743872
2019-11-21 18:36:00,0.6834619954327081
2019-11-21 18:39:00,0.6768972321548858
2019-11-21 18:42:00,0.6080318929849682
2019-11-21 18:45:00,0.5572644640725457
2019-11-21 18:48:00,0.43803254443389505
2019-11-21 18:51:00,0.3787917434434007
2019-11-21 18:54:00,
2019-11-21 18:57:00,
2019-11-21 19:00:00,
2019-11-21 19:03:00,
2019-11-21 19:06:00,0.47053822653072075
2019-11-21 19:09:00,0.3739235382275865
2019-11-21 19:12:00,0.42756662022100045
2019-11-21 19:15:00,0.22180869411295134
2019-11-21 19:18:00,0.20554449685567988
2019-11-21 19:21:00,0.1781401643306708
2019-11-21 19:24:00,0.18038053003431287
2019-11-21 19:27:00,0.23241272044839434
2019-11-21 19:30:00,0.23965002952775194
2019-11-21 19:33:00,0.26991629073683043
2019-11-21 19:36:00,0.3670289267800513
2019-11-21 19:39:00,0.38594571684603807
2019-11-21 19:42:00,0.4742801102645444
2019-11-21 19:45:00,0.5061542374140231
2019-11-21 19:48:00,0.49738907823928
2019-11-21 19:51:00,0.47077014607162937
2019-11-21 19:54:00,0.561879194085293
2019-11-21 19:57:00,0.4333801553988792
2019-11-21 20:00:00,0.33209165995475587
2019-11-21 20:03:00,0.4591390850325183
2019-11-21 20:06:00,0.43621016801284895
2019-11-21 20:09:00,0.44198325615121803
2019-11-21 20:12:00,0.43256078238704276
2019-11-21 20:15:00,0.3494642137094388
2019-11-21 20:18:00,0.41904463093726463
2019-11-21 20:21:00,0.5108426403448334
2019-11-21 20:24:00,0.29017611743870475
2019-11-21 20:27:00,0.4143937491365932
2019-11-21 20:30:00,0.4253274521638559
2019-11-21 20:33:00,0.42300353414447045
2019-11-21 20:36:00,0.5006288328577284
2019-11-21 20:39:00,0.4180129388900582
2019-11-21 20:42:00,0.4837827280009037
2019-11-21 20:45:00,0.3988536468724533
2019-11-21 20:48:00,0.4542677064625309
2019-11-21 20:51:00,0.36813129314646176
2019-11-21 20:54:00,0.4748084315166352
2019-11-21 20:57:00,0.3979097543294756
2019-11-21 21:00:00,0.41978258302003724
2019-11-21 21:03:00,0.3778248279076024
2019-11-21 21:06:00,0.4189803467478441
2019-11-21 21:09:00,0.4754135654320635
2019-11-21 21:12:00,0.4486726996756829
2019-11-21 21:15:00,0.43496441767439364
2019-11-21 21:18:00,0.42395680761330823
2019-11-21 21:21:00,0.44868818476726346
2019-11-21 21:24:00,0.40387230196489554
2019-11-21 21:27:00,0.3672337661829488
2019-11-21 21:30:00,0.3385085298774584
2019-11-21 21:33:00,0.4008256967297825
2019-11-21 21:36:00,0.28856315408978617
2019-11-21 21:39:00,0.3028988046258405
2019-11-21 21:42:00,0.3595730653972282
2019-11-21 21:45:00,0.4133481168389608
2019-11-21 21:48:00,0.3142051995009183
2019-11-21 21:51:00,0.28280090046075657
2019-11-21 21:54:00,0.2395840517328338
2019-11-21 21:57:00,0.3716779450283525
2019-11-21 22:00:00,0.30298475133025704
2019-11-21 22:03:00,0.3668524371377657
2019-11-21 22:06:00,0.28842177811435477
2019-11-21 22:09:00,0.33969607648595
2019-11-21 22:12:00,0.32538384121494346
2019-11-21 22:15:00,0.39722242414586617
2019-11-21 22:18:00,0.37302721389056614
2019-11-21 22:21:00,0.40008201305278135
2019-11-21 22:24:00,0.28697805515906794
2019-11-21 22:27:00,0.38576559758860185
2019-11-21 22:30:00,0.3430331448080892
2019-11-21 22:33:00,0.26370465950788
2019-11-21 22:36:00,0.39814128772900403
2019-11-21 22:39:00,0.42238350066833164
2019-11-21 22:42:00,0.40774440289823133
2019-11-21 22:45:00,0.38347153991696814
2019-11-21 22:48:00,0.3068800485882548
2019-11-21 22:51:00,0.2268368596462551
2019-11-21 22:54:00,0.29577700486703407
2019-11-21 22:57:00,0.3402730879981277
2019-11-21 23:00:00,0.33945040983923036
2019-11-21 23:03:00,0.37670444327909536
2019-11-21 23:06:00,0.37709611381023933
2019-11-21 23:09:00,0.35514799822033183
2019-11-21 23:12:00,0.41873413529083336
2019-11-21 23:15:00,0.5095253302801552
2019-11-21 23:18:00,0.3731672765201779
2019-11-21 23:21:00,0.465516130525657
2019-11-21 23:24:00,0.408768071180873
2019-11-21 23:27:00,0.36512336662855205
2019-11-21 23:30:00,0.5142575413049144
2019-11-21 23:33:00,0.4685535064004398
2019-11-21 23:36:00,0.3506052295514337
2019-11-21 23:39:00,0.43356907024133307
2019-11-21 23:42:00,0.40907408222153663
2019-11-21 23:45:00,0.3256847876350548
2019-11-21 23:48:00,0.30644668252364227
2019-11-21 23:51:00,0.42981665421910975
2019-11-21 23:54:00,0.34936416615579446
2019-11-21 23:57:00,0.40137447817545535
2019-11-22 00:00:00,0.3324910872282203
2019-11-22 00:03:00,0.3340232084606214
2019-11-22 00:06:00,0.41417316764380985
2019-11-22 00:09:00,0.3746737958908284
2019-11-22 00:12:00,0.3688863120709698
2019-11-22 00:15:00,0.3980897737425835
2019-11-22 00:18:00,0.38973095041535544
2019-11-22 00:21:00,0.4577382257438103
2019-11-22 00:24:00,0.3911864754484782
2019-11-22 00:27:00,0.38609669870362495
2019-11-22 00:30:00,0.37960442201659816
2019-11-22 00:33:00,0.5108737448334182
2019-11-22 00:36:00,0.4824700805710336
2019-11-22 00:39:00,0.41492387807716113
2019-11-22 00:42:00,0.3643034849160358
2019-11-22 00:45:00,0.3418661703925636
2019-11-22 00:48:00,0.3220044017984378
2019-11-22 00:51:00,0.4097626077041241
2019-11-22 00:54:00,0.39320377638847503
2019-11-22 00:57:00,0.41357856805296933
2019-11-22 01:00:00,0.43882000296804335
2019-11-22 01:03:00,0.35318741291553124
2019-11-22 01:06:00,0.40541317306389146
2019-11-22 01:09:00,0.36038060809363515
2019-11-22 01:12:00,0.4663915048585068
2019-11-22 01:15:00,0.3812639231868502
2019-11-22 01:18:00,0.46353975145262893
2019-11-22 01:21:00,0.49315564192471584
2019-11-22 01:24:00,0.5714643410237272
2019-11-22 01:27:00,0.4158768942214124
2019-11-22 01:30:00,0.6539411853929096
2019-11-22 01:33:00,0.8039877959424757
2019-11-22 01:36:00,0.7438004362294919
2019-11-22 01:39:00,0.5118130369992855
2019-11-22 01:42:00,0.3734325014893898
2019-11-22 01:45:00,0.2590188810767131
2019-11-22 01:48:00,0.37019467938665684
2019-11-22 01:51:00,0.274704737422951
2019-11-22 01:54:00,0.3518194006165345
2019-11-22 01:57:00,0.38246666521177985
2019-11-22 02:00:00,0.4114594115126238
2019-11-22 02:03:00,0.3730517999816243
2019-11-22 02:06:00,0.3366052955468035
2019-11-22 02:09:00,0.35898937083493365
2019-11-22 02:12:00,0.3956866876691265
2019-11-22 02:15:00,0.27971960611614577
2019-11-22 02:18:00,0.39990462913226565
2019-11-22 02:21:00,0.3050580433622372
2019-11-22 02:24:00,0.3657001224535179
2019-11-22 02:27:00,0.3411764270926483
2019-11-22 02:30:00,0.40313252184790827
2019-11-22 02:33:00,0.4392389645787489
2019-11-22 02:36:00,0.35029097748207505
2019-11-22 02:39:00,0.4286689750427968
2019-11-22 02:42:00,0.3403328604688909
2019-11-22 02:45:00,0.4617006655205955
2019-11-22 02:48:00,0.4231166425999504
2019-11-22 02:51:00,0.4261923698238661
2019-11-22 02:54:00,0.40121032076501706
2019-11-22 02:57:00,0.40246235765829397
2019-11-22 03:00:00,0.3954184111730683
2019-11-22 03:03:00,0.3729434573007211
2019-11-22 03:06:00,0.4708630928278126
2019-11-22 03:09:00,0.4626363088255516
2019-11-22 03:12:00,0.3658950262081362
2019-11-22 03:15:00,0.2665554921262583
2019-11-22 03:18:00,0.39543031139419327
2019-11-22 03:21:00,0.5118954661401176
2019-11-22 03:24:00,0.38207853142807835
2019-11-22 03:27:00,0.3975014957497933
2019-11-22 03:30:00,0.35472963223242004
2019-11-22 03:33:00,0.38300363506675694
2019-11-22 03:36:00,0.3298015732611361
2019-11-22 03:39:00,0.4184081649262339
2019-11-22 03:42:00,0.427442638832531
2019-11-22 03:45:00,0.3664458820553591
2019-11-22 03:48:00,0.41340369354554696
2019-11-22 03:51:00,0.419465306492782
2019-11-22 03:54:00,0.4247051822306389
2019-11-22 03:57:00,0.47081678160577667
2019-11-22 04:00:00,0.43658144432686186
2019-11-22 04:03:00,0.33565972798839994
2019-11-22 04:06:00,0.49695083575176113
2019-11-22 04:09:00,0.4491477312099619
2019-11-22 04:12:00,0.48867728933532817
2019-11-22 04:15:00,0.41282473325384217
2019-11-22 04:18:00,0.4529517404874355
2019-11-22 04:21:00,0.3420069843651845
2019-11-22 04:24:00,0.46556121214860013
2019-11-22 04:27:00,0.47211379595273684
2019-11-22 04:30:00,0.5410244686590886
2019-11-22 04:33:00,0.4978213429699849
2019-11-22 04:36:00,0.41887264358075527
2019-11-22 04:39:00,0.3687182208889226
2019-11-22 04:42:00,0.4080685196204854
2019-11-22 04:45:00,0.4281093867733148
2019-11-22 04:48:00,0.5318765050671459
2019-11-22 04:51:00,0.3705825781945009
2019-11-22 04:54:00,0.5272891312092725
2019-11-22 04:57:00,0.479376439800717
2019-11-22 05:00:00,0.49110102687029666
2019-11-22 05:03:00,0.4629554506802265
2019-11-22 05:06:00,0.3625225231104423
2019-11-22 05:09:00,0.447506872977101
2019-11-22 05:12:00,0.41079806695125853
2019-11-22 05:15:00,0.3511785670948484
2019-11-22 05:18:00,0.3352504287996112
2019-11-22 05:21:00,0.46900263765303407
2019-11-22 05:24:00,0.35787184166809993
2019-11-22 05:27:00,0.4364337022334439
2019-11-22 05:30:00,0.4606102697283063
2019-11-22 05:33:00,0.505775605980773
2019-11-22 05:36:00,0.3610503370417746
2019-11-22 05:39:00,0.48267985487166243
2019-11-22 05:42:00,0.4349439944940059
2019-11-22 05:45:00,0.4552526924272229
2019-11-22 05:48:00,0.42457059633778726
2019-11-22 05:51:00,0.5034018613781654
2019-11-22 05:54:00,0.451065588995732
2019-11-22 05:57:00,0.4254127269007313
2019-11-22 06:00:00,0.4893600977060828
2019-11-22 06:03:00,0.4238863465403142
2019-11-22 06:06:00,0.41608708481112444
2019-11-22 06:09:00,0.41750620767453483
2019-11-22 06:12:00,0.45211451059697083
2019-11-22 06:15:00,0.497945126407501
2019-11-22 06:18:00,0.48376462922209384
2019-11-22 06:21:00,0.45665659502543576
2019-11-22 06:24:00,0.44946446617183256
2019-11-22 06:27:00,0.5146611265134879
2019-11-22 06:30:00,0.4938960210793084
2019-11-22 06:33:00,0.3394301257387724
2019-11-22 06:36:00,0.43666736136293594
2019-11-22 06:39:00,0.5284280440853308
2019-11-22 06:42:00,0.45890920504308497
2019-11-22 06:45:00,0.4169765965128249
2019-11-22 06:48:00,0.40295036848988275
2019-11-22 06:51:00,0.37841624006847496
2019-11-22 06:54:00,0.5012994597734632
2019-11-22 06:57:00,0.42180101572091644
2019-11-22 07:00:00,0.4175791347905715
2019-11-22 07:03:00,0.44726332310835915
2019-11-22 07:06:00,0.42156593833192346
2019-11-22 07:09:00,0.3288969917358031
2019-11-22 07:12:00,0.4492142357888156
2019-11-22 07:15:00,0.4795428421785459
2019-11-22 07:18:00,0.36572742170682204
2019-11-22 07:21:00,0.40162599009192945
2019-11-22 07:24:00,0.49696304496876564
2019-11-22 07:27:00,0.44575181432026056
2019-11-22 07:30:00,0.36681150093534143
2019-11-22 07:33:00,0.3596497030878254
2019-11-22 07:36:00,0.38436153918348737
2019-11-22 07:39:00,0.36169565033958406
2019-11-22 07:42:00,0.3994993941419125
2019-11-22 07:45:00,0.31240574697505963
2019-11-22 07:48:00,0.40821856717536775
2019-11-22 07:51:00,0.47058322714059386
2019-11-22 07:54:00,0.38597294871357235
2019-11-22 07:57:00,0.27135001230470834
2019-11-22 08:00:00,0.35401088302268136
2019-11-22 08:03:00,0.4079677624195597
2019-11-22 08:06:00,0.3717585395745573
2019-11-22 08:09:00,0.2770996917469688
2019-11-22 08:12:00,0.2467760068636835
2019-11-22 08:15:00,0.23477419008577272
2019-11-22 08:18:00,0.3092598753318043
2019-11-22 08:21:00,0.29742470975725155
2019-11-22 08:24:00,0.3531363921788966
2019-11-22 08:27:00,0.3785131941875193
2019-11-22 08:30:00,0.23086469540481858
2019-11-22 08:33:00,0.3099329280996699
2019-11-22 08:36:00,0.3007002298574548
2019-11-22 08:39:00,0.3900948520008569
2019-11-22 08:42:00,0.200288456308499
2019-11-22 08:45:00,0.3423327114020367
2019-11-22 08:48:00,0.22080558439159859
2019-11-22 08:51:00,0.1777924616482096
2019-11-22 08:54:00,0.25929786704591606
2019-11-22 08:57:00,0.21268625888853876
2019-11-22 09:00:00,0.1793212121146439
2019-11-22 09:03:00,0.21246104952166434
2019-11-22 09:06:00,0.20997776813504743
2019-11-22 09:09:00,0.1558631226395164
2019-11-22 09:12:00,0.18281092449092284
2019-11-22 09:15:00,0.13243754274418507
2019-11-22 09:18:00,0.14091125079255562
2019-11-22 09:21:00,0.2660867570043024
2019-11-22 09:24:00,0.2157592390558989
2019-11-22 09:27:00,0.0544136505745314
2019-11-22 09:30:00,0.06405126385624271
2019-11-22 09:33:00,0.08225800979869291
2019-11-22 09:36:00,0.08350872649111807
2019-11-22 09:39:00,0.13365765682368647
2019-11-22 09:42:00,0.1387002509496824
2019-11-22 09:45:00,0.09752621943653139
2019-11-22 09:48:00,0.18251463112227384
2019-11-22 09:51:00,-0.0005424076398981015
2019-11-22 09:54:00,0.08057635293101839
2019-11-22 09:57:00,0.009718279706305566
2019-11-22 10:00:00,0.05461117496912493
2019-11-22 10:03:00,0.03418691451332734
2019-11-22 10:06:00,0.03218481607331114
2019-11-22 10:09:00,0.07568706951661852
2019-11-22 10:12:00,0.045239905396272206
2019-11-22 10:15:00,0.1019126583522052
2019-11-22 10:18:00,-0.011893773223789594
2019-11-22 10:21:00,0.0169466408937069
2019-11-22 10:24:00,0.03399189686609816
2019-11-22 10:27:00,-0.020774844249103808
2019-11-22 10:30:00,-0.04896287196032745
2019-11-22 10:33:00,-0.08280661957064694
2019-11-22 10:36:00,0.02957873533819111
2019-11-22 10:39:00,0.009529420634919461
2019-11-22 10:42:00,-0.06160768396614458
2019-11-22 10:45:00,-0.02325266138132065
2019-11-22 10:48:00,-0.08193940788891041
2019-11-22 10:51:00,-0.03842853922355971
2019-11-22 10:54:00,-0.12125976929200988
2019-11-22 10:57:00,-0.04039653718223235
2019-11-22 11:00:00,-0.09470034425140739
2019-11-22 11:03:00,-0.11611709380679258
2019-11-22 11:06:00,-0.09079357217603956
2019-11-22 11:09:00,-0.11326079251500687
2019-11-22 11:12:00,-0.17353114967346528
2019-11-22 11:15:00,-0.20366611015879243
2019-11-22 11:18:00,-0.10494065579996459
2019-11-22 11:21:00,-0.05374530137498823
2019-11-22 11:24:00,-0.07905413623541335
2019-11-22 11:27:00,-0.1078608627402673
2019-11-22 11:30:00,-0.2537722537829268
2019-11-22 11:33:00,-0.15318132522594397
2019-11-22 11:36:00,-0.16493641280186466
2019-11-22 11:39:00,-0.2290185217499925
2019-11-22 11:42:00,-0.10412036314033912
2019-11-22 11:45:00,-0.14072578819764203
2019-11-22 11:48:00,-0.19682251857898336
2019-11-22 11:51:00,-0.061884425982157154
2019-11-22 11:54:00,-0.1145138867678952
2019-11-22 11:57:00,-0.11367592439427199
2019-11-22 12:00:00,-0.06058970699893962
2019-11-22 12:03:00,-0.1768581442954087
2019-11-22 12:06:00,-0.19466677164155044
2019-11-22 12:09:00,-0.14703386405176389
2019-11-22 12:12:00,-0.19508171135890962
2019-11-22 12:15:00,-0.17130147317880073
2019-11-22 12:18:00,-0.19684170407066404
2019-11-22 12:21:00,-0.22944162435811677
2019-11-22 12:24:00,-0.15050310839620806
2019-11-22 12:27:00,-0.21641238860274825
2019-11-22 12:30:00,-0.22382349532034596
2019-11-22 12:33:00,-0.3135422643561583
2019-11-22 12:36:00,-0.30176237476899814
2019-11-22 12:39:00,-0.30304611694162986
2019-11-22 12:42:00,-0.295467212840947
2019-11-22 12:45:00,-0.27441190802466053
2019-11-22 12:48:00,-0.3462837897347413
2019-11-22 12:51:00,-0.29629328602936766
2019-11-22 12:54:00,-0.35570064947239644
2019-11-22 12:57:00,-0.22630846833345686
2019-11-22 13:00:00,-0.1904993167480029
2019-11-22 13:03:00,-0.1681655431430613
2019-11-22 13:06:00,-0.25537532701486043
2019-11-22 13:09:00,-0.2668334995000805
2019-11-22 13:12:00,-0.257559586240518
2019-11-22 13:15:00,-0.34385332866008866
2019-11-22 13:18:00,-0.24230188435387845
2019-11-22 13:21:00,-0.3449863355631919
2019-11-22 13:24:00,-0.2389803035202931
2019-11-22 13:27:00,-0.344086307596001
2019-11-22 13:30:00,-0.16057241175747095
2019-11-22 13:33:00,-0.3468569321099153
2019-11-22 13:36:00,-0.25315641000355527
2019-11-22 13:39:00,-0.2681955312372679
2019-11-22 13:42:00,-0.2937636343081067
2019-11-22 13:45:00,-0.25756321819056893
2019-11-22 13:48:00,-0.21556375809859674
2019-11-22 13:51:00,-0.3024489739182741
2019-11-22 13:54:00,-0.272234785521448
2019-11-22 13:57:00,-0.289452672961545
2019-11-22 14:00:00,-0.24797173645976045
2019-11-22 14:03:00,-0.19615454106786956
2019-11-22 14:06:00,-0.2794333209112665
2019-11-22 14:09:00,-0.26845555479815175
2019-11-22 14:12:00,-0.2400323210578108
2019-11-22 14:15:00,-0.3633642991438819
2019-11-22 14:18:00,-0.2314968712901191
2019-11-22 14:21:00,-0.29905940293377853
2019-11-22 14:24:00,-0.3420904913519962
2019-11-22 14:27:00,-0.3052679455407201
2019-11-22 14:30:00,-0.3027056663141252
2019-11-22 14:33:00,-0.19463244931523604
2019-11-22 14:36:00,-0.252988683866306
2019-11-22 14:39:00,-0.15710530205114992
2019-11-22 14:42:00,-0.10681343744744254
2019-11-22 14:45:00,-0.19128461248720896
2019-11-22 14:48:00,-0.2628933990428095
2019-11-22 14:51:00,-0.22640162322619517
2019-11-22 14:54:00,-0.20507622296912587
2019-11-22 14:57:00,-0.2699074861318991
2019-11-22 15:00:00,-0.22350230191040055
2019-11-22 15:03:00,-0.04628833302865587
2019-11-22 15:06:00,0.44057472982945
2019-11-22 15:09:00,0.2744113894045199
2019-11-22 15:12:00,0.4949831167303955
2019-11-22 15:15:00,0.310807655772237
2019-11-22 15:18:00,0.40337807949617854
2019-11-22 15:21:00,0.5148688002943231
2019-11-22 15:24:00,0.5859196005158083
2019-11-22 15:27:00,0.5612699723035348
2019-11-22 15:30:00,
2019-11-22 15:33:00,
2019-11-22 15:36:00,
2019-11-22 15:39:00,
2019-11-22 15:42:00,
2019-11-22 15:45:00,
2019-11-22 15:48:00,
2019-11-22 15:51:00,3.034504885232309
2019-11-22 15:54:00,0.5907881117122997
2019-11-22 15:57:00,0.2819404241736265
2019-11-22 16:00:00,0.3773516517268263
2019-11-22 16:03:00,0.41645503968476305
2019-11-22 16:06:00,0.4024054805884134
2019-11-22 16:09:00,0.49140993494626173
2019-11-22 16:12:00,0.5506068626744991
2019-11-22 16:15:00,0.6180114619036772
2019-11-22 16:18:00,0.453628652480802
2019-11-22 16:21:00,0.5166105775056167
2019-11-22 16:24:00,0.40407527257252696
2019-11-22 16:27:00,0.45376688823733957
2019-11-22 16:30:00,0.45134571377428756
2019-11-22 16:33:00,0.5105076499050938
2019-11-22 16:36:00,0.5164243624707296
2019-11-22 16:39:00,0.49363288097521263
2019-11-22 16:42:00,0.4471423247766779
2019-11-22 16:45:00,0.4842144506335444
2019-11-22 16:48:00,0.47086552669770754
2019-11-22 16:51:00,0.47863996619798854
2019-11-22 16:54:00,0.4401949404984862
2019-11-22 16:57:00,0.5388345026807997
2019-11-22 17:00:00,0.5372782511807941
2019-11-22 17:03:00,0.5202715779244613
2019-11-22 17:06:00,0.5035786412975654
2019-11-22 17:09:00,0.6551348454869981
2019-11-22 17:12:00,0.6213873306386972
2019-11-22 17:15:00,0.6285881240117419
2019-11-22 17:18:00,0.7014084391346387
2019-11-22 17:21:00,0.5798926924400689
2019-11-22 17:24:00,0.6505233514340034
2019-11-22 17:27:00,0.5217890540524195
2019-11-22 17:30:00,0.583765518045027
2019-11-22 17:33:00,0.5939166474608442
2019-11-22 17:36:00,0.48544953158022963
2019-11-22 17:39:00,0.6077098908912717
2019-11-22 17:42:00,0.5063371184247671
2019-11-22 17:45:00,0.5881331997876487
2019-11-22 17:48:00,0.5277808065974341
2019-11-22 17:51:00,0.577404423101882
2019-11-22 17:54:00,0.5612008914726516
2019-11-22 17:57:00,0.4293438598893431
2019-11-22 18:00:00,0.48322761424753935
2019-11-22 18:03:00,0.5425628574286065
2019-11-22 18:06:00,0.45477106018245195
2019-11-22 18:09:00,0.4802241785692445
2019-11-22 18:12:00,0.33678303325609704
2019-11-22 18:15:00,0.41828365857571725
2019-11-22 18:18:00,0.3331514105062183
2019-11-22 18:21:00,0.4145798486238732
2019-11-22 18:24:00,0.5119442207991369
2019-11-22 18:27:00,0.45931537327135175
2019-11-22 18:30:00,0.41797083196087215
2019-11-22 18:33:00,0.35452943118610847
2019-11-22 18:36:00,0.4080020185575677
2019-11-22 18:39:00,0.4542138683330563
2019-11-22 18:42:00,0.4460109471265241
2019-11-22 18:45:00,0.3827735002381587
2019-11-22 18:48:00,0.48821382688521453
2019-11-22 18:51:00,
2019-11-22 18:54:00,
2019-11-22 18:57:00,
2019-11-22 19:00:00,
2019-11-22 19:03:00,0.5983164551493019
2019-11-22 19:06:00,0.4274396598996759
2019-11-22 19:09:00,0.5188270375796833
2019-11-22 19:12:00,0.4604745972518458
2019-11-22 19:15:00,0.5612769117336711
2019-11-22 19:18:00,0.5742389034087978
2019-11-22 19:21:00,0.4905154504501752
2019-11-22 19:24:00,0.4987435891284804
2019-11-22 19:27:00,0.38436534988454696
2019-11-22 19:30:00,0.43799694651744403
2019-11-22 19:33:00,0.5094717937119526
2019-11-22 19:36:00,0.40063254621645683
2019-11-22 19:39:00,0.43713801296144084
2019-11-22 19:42:00,0.4754704290097038
2019-11-22 19:45:00,0.3599256460977358
2019-11-22 19:48:00,0.4102235349337775
2019-11-22 19:51:00,0.46929933382608624
2019-11-22 19:54:00,0.39399089935284337
2019-11-22 19:57:00,0.4514027965666969
2019-11-22 20:00:00,0.3748072947887522
2019-11-22 20:03:00,0.4064542314820301
2019-11-22 20:06:00,0.38105865456304855
2019-11-22 20:09:00,0.4829553563701552
2019-11-22 20:12:00,0.5074146222775084
2019-11-22 20:15:00,0.6420118342035153
2019-11-22 20:18:00,0.4687103774388106
2019-11-22 20:21:00,0.5551886716386321
2019-11-22 20:24:00,0.5074655226051163
2019-11-22 20:27:00,0.5588125771494674
2019-11-22 20:30:00,0.4375376727890625
2019-11-22 20:33:00,0.4803536311043217
2019-11-22 20:36:00,0.5628355402452598
2019-11-22 20:39:00,0.46114881989007017
2019-11-22 20:42:00,0.3749292538674922
2019-11-22 20:45:00,0.5513375237015907
2019-11-22 20:48:00,0.5138999875306354
2019-11-22 20:51:00,0.435716618302763
2019-11-22 20:54:00,0.43066987912095556
2019-11-22 20:57:00,0.4947933070342856
2019-11-22 21:00:00,0.42817210128436045
2019-11-22 21:03:00,0.5587267761197836
2019-11-22 21:06:00,0.49824953473671485
2019-11-22 21:09:00,0.4787573496059281
2019-11-22 21:12:00,0.5031287048390141
2019-11-22 21:15:00,0.5224796644454841
2019-11-22 21:18:00,0.5107225901166998
2019-11-22 21:21:00,0.5148911620306649
2019-11-22 21:24:00,0.46984247273832125
2019-11-22 21:27:00,0.4773807513741417
2019-11-22 21:30:00,0.4297714662685621
2019-11-22 21:33:00,0.5121351205120277
2019-11-22 21:36:00,0.43102226363754426
2019-11-22 21:39:00,0.45211086980378923
2019-11-22 21:42:00,0.50884823903084
2019-11-22 21:45:00,0.46053277496923783
2019-11-22 21:48:00,0.4448291874707593
2019-11-22 21:51:00,0.42980569232923926
2019-11-22 21:54:00,0.41588105622696503
2019-11-22 21:57:00,0.507347177777433
2019-11-22 22:00:00,0.4098832699114041
2019-11-22 22:03:00,0.38814616417386105
2019-11-22 22:06:00,0.34361731868250445
2019-11-22 22:09:00,0.44528256591894433
2019-11-22 22:12:00,0.4004705631497245
2019-11-22 22:15:00,0.3972394647399824
2019-11-22 22:18:00,0.4803517161450941
2019-11-22 22:21:00,0.4137977040320493
2019-11-22 22:24:00,0.529514684746232
2019-11-22 22:27:00,0.43676209510636
2019-11-22 22:30:00,0.4477223414591549
2019-11-22 22:33:00,0.5362428651501432
2019-11-22 22:36:00,0.5783894412644486
2019-11-22 22:39:00,0.47637262075261333
2019-11-22 22:42:00,0.5460117795599331
2019-11-22 22:45:00,0.5091268545942853
2019-11-22 22:48:00,0.49926302932897215
2019-11-22 22:51:00,0.41273992756828193
2019-11-22 22:54:00,0.4463593426880266
2019-11-22 22:57:00,0.48522583972641087
2019-11-22 23:00:00,0.35601656094570444
2019-11-22 23:03:00,0.38680972422071136
2019-11-22 23:06:00,0.41916643691365607
2019-11-22 23:09:00,0.39697697383149944
2019-11-22 23:12:00,0.47843400968594096
2019-11-22 23:15:00,0.46840341266386076
2019-11-22 23:18:00,0.3861360283573845
2019-11-22 23:21:00,0.3422503382375339
2019-11-22 23:24:00,0.3835585413610261
2019-11-22 23:27:00,0.4843378988263112
2019-11-22 23:30:00,0.4272981162463907
2019-11-22 23:33:00,0.5243371552346616
2019-11-22 23:36:00,0.5417221664672525
2019-11-22 23:39:00,0.44515724221855635
2019-11-22 23:42:00,0.5218937685846186
2019-11-22 23:45:00,0.43620039285735857
2019-11-22 23:48:00,0.4997422195943386
2019-11-22 23:51:00,0.556459267040907
2019-11-22 23:54:00,0.5385316619921809
2019-11-22 23:57:00,0.5839303048216493
2019-11-23 00:00:00,0.5393180241831033
2019-11-23 00:03:00,0.5545836764521823
2019-11-23 00:06:00,0.47151557489866036
2019-11-23 00:09:00,0.49978334792763235
2019-11-23 00:12:00,0.5636030710496129
2019-11-23 00:15:00,0.44240706751855896
2019-11-23 00:18:00,0.5511992565185437
2019-11-23 00:21:00,0.4445495320797477
2019-11-23 00:24:00,0.43747640003340393
2019-11-23 00:27:00,0.411084333921508
2019-11-23 00:30:00,0.4450424691512467
2019-11-23 00:33:00,0.521000695520911
2019-11-23 00:36:00,0.42330681538214776
2019-11-23 00:39:00,0.4619873406298325
2019-11-23 00:42:00,0.5198666525320164
2019-11-23 00:45:00,0.4901665513344824
2019-11-23 00:48:00,0.5131984298562884
2019-11-23 00:51:00,0.4943134529140707
2019-11-23 00:54:00,0.5877892452142532
2019-11-23 00:57:00,0.48330203970539287
2019-11-23 01:00:00,0.8449430452440652
2019-11-23 01:03:00,0.5717625957021255
2019-11-23 01:06:00,0.36541122376269186
2019-11-23 01:09:00,0.4892497070069908
2019-11-23 01:12:00,0.3683777412426821
2019-11-23 01:15:00,-0.32448190043430714
2019-11-23 01:18:00,0.5862536082005931
2019-11-23 01:21:00,0.5444385404400691
2019-11-23 01:24:00,0.531491094356852
2019-11-23 01:27:00,0.49211617971837995
2019-11-23 01:30:00,0.4457694695336727
2019-11-23 01:33:00,0.553146020043755
2019-11-23 01:36:00,0.4409729248075678
2019-11-23 01:39:00,0.5939788909961976
2019-11-23 01:42:00,0.450388078840831
2019-11-23 01:45:00,0.4785962857965842
2019-11-23 01:48:00,0.47457977010321883
2019-11-23 01:51:00,0.5054361695287071
2019-11-23 01:54:00,0.5326915886925576
2019-11-23 01:57:00,0.581819719285761
2019-11-23 02:00:00,0.5238609399747816
2019-11-23 02:03:00,0.49258957198742337
2019-11-23 02:06:00,0.48743513807016825
2019-11-23 02:09:00,0.4747155439139874
2019-11-23 02:12:00,0.506533162097071
2019-11-23 02:15:00,0.5077972879238928
2019-11-23 02:18:00,0.539468475808178
2019-11-23 02:21:00,0.5253143616176317
2019-11-23 02:24:00,0.5500701919748394
2019-11-23 02:27:00,0.5980188977559351
2019-11-23 02:30:00,0.5439244897698359
2019-11-23 02:33:00,0.5760947508570666
2019-11-23 02:36:00,0.5630064965369002
2019-11-23 02:39:00,0.5896153382017246
2019-11-23 02:42:00,0.5307301664436181
2019-11-23 02:45:00,0.5544342757612526
2019-11-23 02:48:00,0.4465823750543336
2019-11-23 02:51:00,0.4928252371086046
2019-11-23 02:54:00,0.4960495692549216
2019-11-23 02:57:00,0.5565304962087794
2019-11-23 03:00:00,0.5313230967221898
2019-11-23 03:03:00,0.4347064455592431
2019-11-23 03:06:00,0.5181125000337943
2019-11-23 03:09:00,0.5420839704341915
2019-11-23 03:12:00,0.4555782388213174
2019-11-23 03:15:00,0.5573567991067421
2019-11-23 03:18:00,0.5472357940204233
2019-11-23 03:21:00,0.5319388610680562
2019-11-23 03:24:00,0.5311222907947695
2019-11-23 03:27:00,0.4255433352224145
2019-11-23 03:30:00,0.46750350746361846
2019-11-23 03:33:00,0.47372302575877256
2019-11-23 03:36:00,0.46497987663877893
2019-11-23 03:39:00,0.48403425221721363
2019-11-23 03:42:00,0.5121332216898509
2019-11-23 03:45:00,0.4551157884868644
2019-11-23 03:48:00,0.4138350869365013
2019-11-23 03:51:00,0.4476036989656791
2019-11-23 03:54:00,0.5118604520686176
2019-11-23 03:57:00,0.5147363708016996
2019-11-23 04:00:00,0.46721558054900925
2019-11-23 04:03:00,0.49583652597567607
2019-11-23 04:06:00,0.5231629170767746
2019-11-23 04:09:00,0.552893127012851
2019-11-23 04:12:00,0.5448857267595031
2019-11-23 04:15:00,0.5065983441351136
2019-11-23 04:18:00,0.5957168416213676
2019-11-23 04:21:00,0.5474007278623958
2019-11-23 04:24:00,0.5446386469477602
2019-11-23 04:27:00,0.5412824218750529
2019-11-23 04:30:00,0.5970668527796192
2019-11-23 04:33:00,0.5357133228395128
2019-11-23 04:36:00,0.5228895099427291
2019-11-23 04:39:00,0.623986201203536
2019-11-23 04:42:00,0.5813139895805648
2019-11-23 04:45:00,0.598450917752416
2019-11-23 04:48:00,0.6072907729689518
2019-11-23 04:51:00,0.5638962374743528
2019-11-23 04:54:00,0.47186370692816126
2019-11-23 04:57:00,0.5363679240372221
2019-11-23 05:00:00,0.49967647056178066
2019-11-23 05:03:00,0.48632943656008365
2019-11-23 05:06:00,0.6305052271092677
2019-11-23 05:09:00,0.4602536448705905
2019-11-23 05:12:00,0.5778101943863589
2019-11-23 05:15:00,0.5221915601100022
2019-11-23 05:18:00,0.6290815093837523
2019-11-23 05:21:00,0.5259678721643013
2019-11-23 05:24:00,0.6329075004074411
2019-11-23 05:27:00,0.6157064960776211
2019-11-23 05:30:00,0.7059497932177692
2019-11-23 05:33:00,0.5917476261122943
2019-11-23 05:36:00,0.5549936607714017
2019-11-23 05:39:00,0.5859504482997977
2019-11-23 05:42:00,0.6057553618820748
2019-11-23 05:45:00,0.5550751695548115
2019-11-23 05:48:00,0.5573658880301764
2019-11-23 05:51:00,0.5187843394053857
2019-11-23 05:54:00,0.6126459215373075
2019-11-23 05:57:00,0.5821637074133719
2019-11-23 06:00:00,0.6044858826888913
2019-11-23 06:03:00,0.5687168840854611
2019-11-23 06:06:00,0.6132466655171811
2019-11-23 06:09:00,0.5191932265805121
2019-11-23 06:12:00,0.5009759824976072
2019-11-23 06:15:00,0.5446333593265535
2019-11-23 06:18:00,0.5760356524742178
2019-11-23 06:21:00,0.5328647683602981
2019-11-23 06:24:00,0.5453114353834962
2019-11-23 06:27:00,0.44652989008704935
2019-11-23 06:30:00,0.5310403240651453
2019-11-23 06:33:00,0.5042941462301087
2019-11-23 06:36:00,0.5356617394066348
2019-11-23 06:39:00,0.5027311631793623
2019-11-23 06:42:00,0.46707528809992027
2019-11-23 06:45:00,0.5179128194183704
2019-11-23 06:48:00,0.5045006849728679
2019-11-23 06:51:00,0.4816412091417419
2019-11-23 06:54:00,0.5784291394554657
2019-11-23 06:57:00,0.5074289907569209
2019-11-23 07:00:00,0.5007235264391738
2019-11-23 07:03:00,0.49423884832924614
2019-11-23 07:06:00,0.4675519451885748
2019-11-23 07:09:00,0.5474083751180956
2019-11-23 07:12:00,0.566656400261536
2019-11-23 07:15:00,0.5173983050513584
2019-11-23 07:18:00,0.5090871284979244
2019-11-23 07:21:00,0.5346246859414236
2019-11-23 07:24:00,0.4274655107300305
2019-11-23 07:27:00,0.5003710964227253
2019-11-23 07:30:00,0.4708486406680663
2019-11-23 07:33:00,0.35426477869447126
2019-11-23 07:36:00,0.5034140244279115
2019-11-23 07:39:00,0.38766319613068845
2019-11-23 07:42:00,0.4271822258334623
2019-11-23 07:45:00,0.4942378551813249
2019-11-23 07:48:00,0.5286080783208718
2019-11-23 07:51:00,0.4254138957260807
2019-11-23 07:54:00,0.44003759183271995
2019-11-23 07:57:00,0.41904981926052187
2019-11-23 08:00:00,0.47992487439859133
2019-11-23 08:03:00,0.3853181373954726
2019-11-23 08:06:00,0.3984603955549346
2019-11-23 08:09:00,0.3685339830919929
2019-11-23 08:12:00,0.41311220040358876
2019-11-23 08:15:00,0.44305920011782973
2019-11-23 08:18:00,0.4160413922698467
2019-11-23 08:21:00,0.4610850153653132
2019-11-23 08:24:00,0.47217318445348155
2019-11-23 08:27:00,0.48114663841732863
2019-11-23 08:30:00,0.3630931308487675
2019-11-23 08:33:00,0.34003716910615367
2019-11-23 08:36:00,0.2868706176397495
2019-11-23 08:39:00,0.4007552104120009
2019-11-23 08:42:00,0.41699609133792137
2019-11-23 08:45:00,0.4396278470062498
2019-11-23 08:48:00,0.4656025937541699
2019-11-23 08:51:00,0.32657065147782305
2019-11-23 08:54:00,0.3679051451721307
2019-11-23 08:57:00,0.37777142886500314
2019-11-23 09:00:00,0.30374658186917713
2019-11-23 09:03:00,0.40559894599232393
2019-11-23 09:06:00,0.3208429092702545
2019-11-23 09:09:00,0.23683690192456197
2019-11-23 09:12:00,0.28608577484078523
2019-11-23 09:15:00,0.3004554550944363
2019-11-23 09:18:00,0.28499424768909876
2019-11-23 09:21:00,0.1590926017190668
2019-11-23 09:24:00,0.32634257728602734
2019-11-23 09:27:00,0.2087581190879746
2019-11-23 09:30:00,0.17468993938467747
2019-11-23 09:33:00,0.30548108388722994
2019-11-23 09:36:00,0.1745439101675288
2019-11-23 09:39:00,0.1653131625062656
2019-11-23 09:42:00,0.21699675832797993
2019-11-23 09:45:00,0.17222819975853554
2019-11-23 09:48:00,0.16152854787884507
2019-11-23 09:51:00,0.15671342353846285
2019-11-23 09:54:00,0.1272045694260555
2019-11-23 09:57:00,0.14843904642640382
2019-11-23 10:00:00,0.16960451355583928
2019-11-23 10:03:00,0.03075699415762756
2019-11-23 10:06:00,0.12307149050781163
2019-11-23 10:09:00,0.03969510468363069
2019-11-23 10:12:00,0.03582147117072054
2019-11-23 10:15:00,0.11536409336008546
2019-11-23 10:18:00,0.1649670137819612
2019-11-23 10:21:00,0.05433920913174006
2019-11-23 10:24:00,-0.020028310142947703
2019-11-23 10:27:00,0.01652994158138199
2019-11-23 10:30:00,-0.011298029305976343
2019-11-23 10:33:00,0.07605528123872318
2019-11-23 10:36:00,0.11943151020119558
2019-11-23 10:39:00,0.009755183436993775
2019-11-23 10:42:00,0.03228882010915868
2019-11-23 10:45:00,-0.07147108854195494
2019-11-23 10:48:00,-0.054869611995115974
2019-11-23 10:51:00,-0.04370042542336705
2019-11-23 10:54:00,0.027774446933051422
2019-11-23 10:57:00,-0.05111272029580505
2019-11-23 11:00:00,-0.0807954214638471
2019-11-23 11:03:00,-0.05648989413015215
2019-11-23 11:06:00,-0.06219906379965323
2019-11-23 11:09:00,-0.026306111195935955
2019-11-23 11:12:00,-0.07294567203837232
2019-11-23 11:15:00,0.05367882750840636
2019-11-23 11:18:00,0.04282058590081306
2019-11-23 11:21:00,0.022218646501585226
2019-11-23 11:24:00,0.0054755179493781725
2019-11-23 11:27:00,-0.1197899117469774
2019-11-23 11:30:00,-0.033313740950575266
2019-11-23 11:33:00,-0.07834802133135099
2019-11-23 11:36:00,-0.028137718437051262
2019-11-23 11:39:00,-0.1755682094475901
2019-11-23 11:42:00,-0.22134864131669474
2019-11-23 11:45:00,-0.05642975964474317
2019-11-23 11:48:00,0.009628494952835354
2019-11-23 11:51:00,-0.14010022804967548
2019-11-23 11:54:00,-0.1541244805770816
2019-11-23 11:57:00,-0.15520209108490235
2019-11-23 12:00:00,-0.14142954261120622
2019-11-23 12:03:00,-0.13183944372462975
2019-11-23 12:06:00,-0.11901836907179586
2019-11-23 12:09:00,-0.13510037494955895
2019-11-23 12:12:00,-0.16412188129947936
2019-11-23 12:15:00,-0.04662268914631795
2019-11-23 12:18:00,-0.1673430691342901
2019-11-23 12:21:00,-0.19878353208764565
2019-11-23 12:24:00,-0.1700248432757121
2019-11-23 12:27:00,-0.14671023818368667
2019-11-23 12:30:00,-0.151260950090375
2019-11-23 12:33:00,-0.206152077759441
2019-11-23 12:36:00,-0.11214064707797888
2019-11-23 12:39:00,-0.10806068751435305
2019-11-23 12:42:00,-0.03075805403693721
2019-11-23 12:45:00,-0.015696297916917956
2019-11-23 12:48:00,0.008266170273941498
2019-11-23 12:51:00,-0.016599394849379223
2019-11-23 12:54:00,-0.07515836639686313
2019-11-23 12:57:00,-0.11367863792003163
2019-11-23 13:00:00,-0.12078488730344361
2019-11-23 13:03:00,-0.22255592473072738
2019-11-23 13:06:00,-0.08139508541728446
2019-11-23 13:09:00,-0.13613937634227113
2019-11-23 13:12:00,-0.20208077467123076
2019-11-23 13:15:00,-0.0663902574155486
2019-11-23 13:18:00,-0.20165939972406477
2019-11-23 13:21:00,-0.266662657172958
2019-11-23 13:24:00,-0.25461177912887933
2019-11-23 13:27:00,-0.23027789704838142
2019-11-23 13:30:00,-0.35015723246374364
2019-11-23 13:33:00,-0.25115393078431225
2019-11-23 13:36:00,-0.25899376138852404
2019-11-23 13:39:00,-0.2807468721828741
2019-11-23 13:42:00,-0.2731678462344007
2019-11-23 13:45:00,-0.28992730974141523
2019-11-23 13:48:00,-0.33263661169405623
2019-11-23 13:51:00,-0.2563974605790804
2019-11-23 13:54:00,-0.21544383169265302
2019-11-23 13:57:00,-0.29902226270041865
2019-11-23 14:00:00,-0.16637291481464445
2019-11-23 14:03:00,-0.12577493694675468
2019-11-23 14:06:00,-0.10851748233591252
2019-11-23 14:09:00,-0.175592592196665
2019-11-23 14:12:00,-0.0728174163955373
2019-11-23 14:15:00,-0.011660601324138042
2019-11-23 14:18:00,-0.03274161317165181
2019-11-23 14:21:00,-0.0244355564047396
2019-11-23 14:24:00,-0.015497177670056317
2019-11-23 14:27:00,0.14059033803772536
2019-11-23 14:30:00,0.22251713851863997
2019-11-23 14:33:00,0.12637484934731447
2019-11-23 14:36:00,0.22428331565021153
2019-11-23 14:39:00,0.08498143227359378
2019-11-23 14:42:00,0.03974977433438198
2019-11-23 14:45:00,-0.019619982723384055
2019-11-23 14:48:00,-0.11309788541296939
2019-11-23 14:51:00,0.059261981293332155
2019-11-23 14:54:00,0.12053832451152857
2019-11-23 14:57:00,0.12054669965073117
2019-11-23 15:00:00,0.24325601710671663
2019-11-23 15:03:00,0.3018119186654644
2019-11-23 15:06:00,0.3097805537323097
2019-11-23 15:09:00,0.5363452675163103
2019-11-23 15:12:00,0.34210201384689753
2019-11-23 15:15:00,0.06766459464165564
2019-11-23 15:18:00,-0.011387707638505162
2019-11-23 15:21:00,-0.1953810477794491
2019-11-23 15:24:00,-0.18566901064286867
2019-11-23 15:27:00,-0.24688965456431333
2019-11-23 15:30:00,-0.15479830457417165
2019-11-23 15:33:00,-0.22667659814914032
2019-11-23 15:36:00,-0.22124048361388304
2019-11-23 15:39:00,-0.05367432217639134
2019-11-23 15:42:00,0.04349377704812696
2019-11-23 15:45:00,-0.0062735028362794765
2019-11-23 15:48:00,0.21362483889851092
2019-11-23 15:51:00,0.05661944333775182
2019-11-23 15:54:00,0.23747147204528574
2019-11-23 15:57:00,0.27558115597008737
2019-11-23 16:00:00,0.22256868917395423
2019-11-23 16:03:00,0.04460201157803567
2019-11-23 16:06:00,0.10399425730378198
2019-11-23 16:09:00,0.08826468433585433
2019-11-23 16:12:00,0.06560033500551299
2019-11-23 16:15:00,0.07626193293839378
2019-11-23 16:18:00,0.06302521245805792
2019-11-23 16:21:00,0.13158896149548127
2019-11-23 16:24:00,0.07491270019744434
2019-11-23 16:27:00,0.20345781767861126
2019-11-23 16:30:00,0.22368343210922603
2019-11-23 16:33:00,0.22649367426316758
2019-11-23 16:36:00,0.2813605009723119
2019-11-23 16:39:00,0.2569347065993952
2019-11-23 16:42:00,0.23954858908825827
2019-11-23 16:45:00,0.31350895585211447
2019-11-23 16:48:00,0.311089996298449
2019-11-23 16:51:00,0.304052933794992
2019-11-23 16:54:00,0.30493293663715804
2019-11-23 16:57:00,0.3009644323566931
2019-11-23 17:00:00,0.35736784762309526
2019-11-23 17:03:00,0.37938752215666227
2019-11-23 17:06:00,0.3263046391959392
2019-11-23 17:09:00,0.4007761125999423
2019-11-23 17:12:00,0.43793501525004785
2019-11-23 17:15:00,0.44861292223680493
2019-11-23 17:18:00,0.46478357534891757
2019-11-23 17:21:00,0.48650228770998183
2019-11-23 17:24:00,0.4861537288707609
2019-11-23 17:27:00,0.5222217585548492
2019-11-23 17:30:00,0.5830740356129809
2019-11-23 17:33:00,0.5606701554135611
2019-11-23 17:36:00,0.6436112331982144
2019-11-23 17:39:00,0.5748763898861853
2019-11-23 17:42:00,0.614888347042438
2019-11-23 17:45:00,0.5557017213803306
2019-11-23 17:48:00,0.5164318881627992
2019-11-23 17:51:00,0.424122387294517
2019-11-23 17:54:00,0.42390531324139147
2019-11-23 17:57:00,0.3088411737232377
2019-11-23 18:00:00,0.3562711857090335
2019-11-23 18:03:00,0.31786866788189627
2019-11-23 18:06:00,0.3286260846194864
2019-11-23 18:09:00,0.3875118569649203
2019-11-23 18:12:00,0.3142924082666809
2019-11-23 18:15:00,0.3857653754266721
2019-11-23 18:18:00,0.4631763297537077
2019-11-23 18:21:00,0.4407611600888117
2019-11-23 18:24:00,0.3886057451088618
2019-11-23 18:27:00,0.44453961082297155
2019-11-23 18:30:00,0.3356073765434644
2019-11-23 18:33:00,0.3314386322009
2019-11-23 18:36:00,0.44851746412342663
2019-11-23 18:39:00,0.3831469361085169
2019-11-23 18:42:00,0.32786233518186236
2019-11-23 18:45:00,0.42095731892925414
2019-11-23 18:48:00,0.40419322229320187
2019-11-23 18:51:00,0.40675416249666796
2019-11-23 18:54:00,
2019-11-23 18:57:00,
2019-11-23 19:00:00,
2019-11-23 19:03:00,0.34694883604288407
2019-11-23 19:06:00,0.344262135962083
2019-11-23 19:09:00,0.45020893444632293
2019-11-23 19:12:00,0.26095006225085626
2019-11-23 19:15:00,0.3718706330250825
2019-11-23 19:18:00,0.39112050469111637
2019-11-23 19:21:00,0.3364852212912979
2019-11-23 19:24:00,0.4435713736815501
2019-11-23 19:27:00,0.37662180096424436
2019-11-23 19:30:00,0.399486945944318
2019-11-23 19:33:00,0.37709937142108174
2019-11-23 19:36:00,0.40446395759096276
2019-11-23 19:39:00,0.33013587547213774
2019-11-23 19:42:00,0.2634957869292407
2019-11-23 19:45:00,0.41202394841968726
2019-11-23 19:48:00,0.402679003386595
2019-11-23 19:51:00,0.3185097329581481
2019-11-23 19:54:00,0.3503710814095484
2019-11-23 19:57:00,0.3298082424862514
2019-11-23 20:00:00,0.3195222827070552
2019-11-23 20:03:00,0.2711240681358049
2019-11-23 20:06:00,0.338215768180703
2019-11-23 20:09:00,0.3745334323726297
2019-11-23 20:12:00,0.38606371638780956
2019-11-23 20:15:00,0.4701596493154625
2019-11-23 20:18:00,0.42403058223715107
2019-11-23 20:21:00,0.25506513728760183
2019-11-23 20:24:00,0.29283237429041264
2019-11-23 20:27:00,0.362854601459901
2019-11-23 20:30:00,0.2695010652690826
2019-11-23 20:33:00,0.3278885372290574
2019-11-23 20:36:00,0.41916434673385083
2019-11-23 20:39:00,0.3091362796967587
2019-11-23 20:42:00,0.4211885398877939
2019-11-23 20:45:00,0.355784666380373
2019-11-23 20:48:00,0.37102466150219016
2019-11-23 20:51:00,0.36779702661698366
2019-11-23 20:54:00,0.22094414042828703
2019-11-23 20:57:00,0.2816277895871053
2019-11-23 21:00:00,0.32212403282835567
2019-11-23 21:03:00,0.36128348211553885
2019-11-23 21:06:00,0.3888441300935028
2019-11-23 21:09:00,0.42391250383997203
2019-11-23 21:12:00,0.49084836639269724
2019-11-23 21:15:00,0.4108542707349443
2019-11-23 21:18:00,0.4973495891727566
2019-11-23 21:21:00,0.5848965701895281
2019-11-23 21:24:00,0.46712173348493025
2019-11-23 21:27:00,0.5153001568859281
2019-11-23 21:30:00,0.4336691212928372
2019-11-23 21:33:00,0.4319580219854515
2019-11-23 21:36:00,0.36542500995005867
2019-11-23 21:39:00,0.2257754981132507
2019-11-23 21:42:00,0.34981836400180555
2019-11-23 21:45:00,0.6446922730856954
2019-11-23 21:48:00,0.6574663682228561
2019-11-23 21:51:00,0.5519940011977269
2019-11-23 21:54:00,0.5539885631225729
2019-11-23 21:57:00,0.49430965408231486
2019-11-23 22:00:00,0.38943703586210177
2019-11-23 22:03:00,0.3429567145328747
2019-11-23 22:06:00,0.3162236085192376
2019-11-23 22:09:00,0.3101619221959595
2019-11-23 22:12:00,0.4581466650182051
2019-11-23 22:15:00,0.3976142764125825
2019-11-23 22:18:00,0.3720720546980374
2019-11-23 22:21:00,0.36915068112676863
2019-11-23 22:24:00,0.333343966903044
2019-11-23 22:27:00,0.4028308374054177
2019-11-23 22:30:00,0.28861099655915723
2019-11-23 22:33:00,0.2853107361232219
2019-11-23 22:36:00,0.26774875515491203
2019-11-23 22:39:00,0.40080873298632014
2019-11-23 22:42:00,0.27790396834853937
2019-11-23 22:45:00,0.4313794102226325
2019-11-23 22:48:00,0.4314170599682825
2019-11-23 22:51:00,0.42264647296855173
2019-11-23 22:54:00,0.3541795866980806
2019-11-23 22:57:00,0.33454870695913996
2019-11-23 23:00:00,0.497623175494482
2019-11-23 23:03:00,0.5194268182086148
2019-11-23 23:06:00,0.3559464709983331
2019-11-23 23:09:00,0.3779499321292974
2019-11-23 23:12:00,0.3970149120657993
2019-11-23 23:15:00,0.38503275815293136
2019-11-23 23:18:00,0.4143444847427986
2019-11-23 23:21:00,0.3398237433997906
2019-11-23 23:24:00,0.40200597100016466
2019-11-23 23:27:00,0.4165041488603265
2019-11-23 23:30:00,0.36242989791128366
2019-11-23 23:33:00,0.3465912138149747
2019-11-23 23:36:00,0.43006648921607393
2019-11-23 23:39:00,0.38902837609964536
2019-11-23 23:42:00,0.3372981980187433
2019-11-23 23:45:00,0.3107629527780773
2019-11-23 23:48:00,0.2815823566267568
2019-11-23 23:51:00,0.4123943498483982
2019-11-23 23:54:00,0.3128896606107787
2019-11-23 23:57:00,0.36878988790118683
2019-11-24 00:00:00,0.3865873886454665
2019-11-24 00:03:00,0.3077321343326389
2019-11-24 00:06:00,0.3764893497988169
2019-11-24 00:09:00,0.4170609868955353
2019-11-24 00:12:00,0.4239280302163593
2019-11-24 00:15:00,0.40829613176532575
2019-11-24 00:18:00,0.43893705880407197
2019-11-24 00:21:00,0.38439292997833263
2019-11-24 00:24:00,0.3802567119017226
2019-11-24 00:27:00,0.4380598499321877
2019-11-24 00:30:00,0.5250054084068552
2019-11-24 00:33:00,0.4506422700768553
2019-11-24 00:36:00,0.5483058707113742
2019-11-24 00:39:00,0.5287776867721732
2019-11-24 00:42:00,0.3415286247772542
2019-11-24 00:45:00,0.41809413484111246
2019-11-24 00:48:00,0.3404263603729305
2019-11-24 00:51:00,0.4349382082964439
2019-11-24 00:54:00,0.3261041957466091
2019-11-24 00:57:00,0.2965379142017923
2019-11-24 01:00:00,0.40195981189208396
2019-11-24 01:03:00,0.33947314944441587
2019-11-24 01:06:00,0.3825086044033128
2019-11-24 01:09:00,0.2965288607993557
2019-11-24 01:12:00,0.324359970665796
2019-11-24 01:15:00,0.4074337819335483
2019-11-24 01:18:00,0.3772067843929108
2019-11-24 01:21:00,0.41414459551293703
2019-11-24 01:24:00,0.3914940826331872
2019-11-24 01:27:00,0.400152081898284
2019-11-24 01:30:00,0.3136957703845269
2019-11-24 01:33:00,0.3513093601713422
2019-11-24 01:36:00,0.3702560755925788
2019-11-24 01:39:00,0.5164944575265054
2019-11-24 01:42:00,0.393183290517527
2019-11-24 01:45:00,0.3763566038705335
2019-11-24 01:48:00,0.3779865210291291
2019-11-24 01:51:00,0.3419360621069245
2019-11-24 01:54:00,0.393573304641734
2019-11-24 01:57:00,0.37130722553058604
2019-11-24 02:00:00,0.36634460085468845
2019-11-24 02:03:00,0.44706514017377685
2019-11-24 02:06:00,0.36017522877642705
2019-11-24 02:09:00,0.440662641548613
2019-11-24 02:12:00,0.4686205682452851
2019-11-24 02:15:00,0.38143349944226657
2019-11-24 02:18:00,0.3337521471584637
2019-11-24 02:21:00,0.4287058578731262
2019-11-24 02:24:00,0.3899918431209244
2019-11-24 02:27:00,0.4275896899164877
2019-11-24 02:30:00,0.370451798852514
2019-11-24 02:33:00,0.4558184853799503
2019-11-24 02:36:00,0.4165290010260492
2019-11-24 02:39:00,0.29794131292663906
2019-11-24 02:42:00,0.42821379034370466
2019-11-24 02:45:00,0.3139936841668032
2019-11-24 02:48:00,0.36395117311201375
2019-11-24 02:51:00,0.4605721127635434
2019-11-24 02:54:00,0.48151223846952007
2019-11-24 02:57:00,0.46918824586686014
2019-11-24 03:00:00,0.4432277803730358
2019-11-24 03:03:00,0.4411803430463124
2019-11-24 03:06:00,0.45290282671112436
2019-11-24 03:09:00,0.4095926427281711
2019-11-24 03:12:00,0.47504502438567897
2019-11-24 03:15:00,0.4692118831426342
2019-11-24 03:18:00,0.52244318000578
2019-11-24 03:21:00,0.503828952496292
2019-11-24 03:24:00,0.5132918013152903
2019-11-24 03:27:00,0.48032721827877367
2019-11-24 03:30:00,0.38846148648184453
2019-11-24 03:33:00,0.4347190068481268
2019-11-24 03:36:00,0.43036889905215503
2019-11-24 03:39:00,0.4624080724148598
2019-11-24 03:42:00,0.46845931743627034
2019-11-24 03:45:00,0.4102161770856583
2019-11-24 03:48:00,0.5834120443792017
2019-11-24 03:51:00,0.4614509847755244
2019-11-24 03:54:00,0.5346796246442977
2019-11-24 03:57:00,0.49821151037161826
2019-11-24 04:00:00,0.3898516381260606
2019-11-24 04:03:00,0.42604596326361843
2019-11-24 04:06:00,0.43189160286044626
2019-11-24 04:09:00,0.39837952062953264
2019-11-24 04:12:00,0.5201558413712064
2019-11-24 04:15:00,0.3940397218907492
2019-11-24 04:18:00,0.44267526018211356
2019-11-24 04:21:00,0.4923455682869644
2019-11-24 04:24:00,0.5233083931205442
2019-11-24 04:27:00,0.6230098162978948
2019-11-24 04:30:00,0.5432261660410518
2019-11-24 04:33:00,0.5536682644008124
2019-11-24 04:36:00,0.5415278987603642
2019-11-24 04:39:00,0.5269642937068397
2019-11-24 04:42:00,0.48789489989900403
2019-11-24 04:45:00,0.451326464492638
2019-11-24 04:48:00,0.5232483014782474
2019-11-24 04:51:00,0.540468914736266
2019-11-24 04:54:00,0.5890837566477103
2019-11-24 04:57:00,0.5062033317307737
2019-11-24 05:00:00,0.5001976812989142
2019-11-24 05:03:00,0.5042833534197371
2019-11-24 05:06:00,0.5019853819304672
2019-11-24 05:09:00,0.4858590238936813
2019-11-24 05:12:00,0.5494516820405693
2019-11-24 05:15:00,0.5123724066170894
2019-11-24 05:18:00,0.49961119207659976
2019-11-24 05:21:00,0.4941420397760794
2019-11-24 05:24:00,0.4588038395241938
2019-11-24 05:27:00,0.4910705441031382
2019-11-24 05:30:00,0.477928200686506
2019-11-24 05:33:00,0.4156873074422265
2019-11-24 05:36:00,0.4253100948311612
2019-11-24 05:39:00,0.4098870721776393
2019-11-24 05:42:00,0.4461096785526024
2019-11-24 05:45:00,0.43769004557094604
2019-11-24 05:48:00,0.3440416996696172
2019-11-24 05:51:00,0.38579873650769514
2019-11-24 05:54:00,0.4649574326774655
2019-11-24 05:57:00,0.38129014154651486
2019-11-24 06:00:00,0.3175097255221999
2019-11-24 06:03:00,0.49477518340859206
2019-11-24 06:06:00,0.43040246521343306
2019-11-24 06:09:00,0.5248056825090543
2019-11-24 06:12:00,0.5214584879254858
2019-11-24 06:15:00,0.4663267948463954
2019-11-24 06:18:00,0.4521459181283376
2019-11-24 06:21:00,0.3377359679175811
2019-11-24 06:24:00,0.4052582724662557
2019-11-24 06:27:00,0.42553378482341486
2019-11-24 06:30:00,0.4203180700384337
2019-11-24 06:33:00,0.5722394142867415
2019-11-24 06:36:00,0.5570906832066953
2019-11-24 06:39:00,0.43124029060896873
2019-11-24 06:42:00,0.5528735856468074
2019-11-24 06:45:00,0.48792021084022963
2019-11-24 06:48:00,0.5226967187912805
2019-11-24 06:51:00,0.5674849293635589
2019-11-24 06:54:00,0.4604585080160746
2019-11-24 06:57:00,0.5238360714505461
2019-11-24 07:00:00,0.48984777781703315
2019-11-24 07:03:00,0.42528417697224086
2019-11-24 07:06:00,0.44444699622556527
2019-11-24 07:09:00,0.4754964092100522
2019-11-24 07:12:00,0.532166986962352
2019-11-24 07:15:00,0.44039558153554026
2019-11-24 07:18:00,0.48834870989389856
2019-11-24 07:21:00,0.5149409048696043
2019-11-24 07:24:00,0.479409017541343
2019-11-24 07:27:00,0.5493434176941037
2019-11-24 07:30:00,0.43765321817988934
2019-11-24 07:33:00,0.413188572654974
2019-11-24 07:36:00,0.4578293796834032
2019-11-24 07:39:00,0.41678457120031
2019-11-24 07:42:00,0.5955874494466116
2019-11-24 07:45:00,0.4653824301757936
2019-11-24 07:48:00,0.38965889770128115
2019-11-24 07:51:00,0.3728006290075996
2019-11-24 07:54:00,0.34389672526839377
2019-11-24 07:57:00,0.29525835036196213
2019-11-24 08:00:00,0.3805946625988099
2019-11-24 08:03:00,0.5111125945051072
2019-11-24 08:06:00,0.3872748818902778
2019-11-24 08:09:00,0.4767454703484191
2019-11-24 08:12:00,0.3066725957511949
2019-11-24 08:15:00,0.3483283102410155
2019-11-24 08:18:00,0.4745467975579345
2019-11-24 08:21:00,0.4080784876612711
2019-11-24 08:24:00,0.30446941902840763
2019-11-24 08:27:00,0.33652578883430806
2019-11-24 08:30:00,0.42581886056973417
2019-11-24 08:33:00,0.2818818997719177
2019-11-24 08:36:00,0.39267522886717643
2019-11-24 08:39:00,0.28990062481733503
2019-11-24 08:42:00,0.3936699601427449
2019-11-24 08:45:00,0.30949125074658923
2019-11-24 08:48:00,0.2677248016911449
2019-11-24 08:51:00,0.2874018955474753
2019-11-24 08:54:00,0.2010884685342944
2019-11-24 08:57:00,0.3085886183774278
2019-11-24 09:00:00,0.1749935489118002
2019-11-24 09:03:00,0.24029446481534933
2019-11-24 09:06:00,0.33938315786815565
2019-11-24 09:09:00,0.22836442474016394
2019-11-24 09:12:00,0.3207659992417575
2019-11-24 09:15:00,0.24563603252391886
2019-11-24 09:18:00,0.27338811661269347
2019-11-24 09:21:00,0.2621774691270389
2019-11-24 09:24:00,0.2591363837991594
2019-11-24 09:27:00,0.24911695478311913
2019-11-24 09:30:00,0.16528909051288565
2019-11-24 09:33:00,0.1957020689158071
2019-11-24 09:36:00,0.23089271109449783
2019-11-24 09:39:00,0.1873211905477774
2019-11-24 09:42:00,0.2141051976857966
2019-11-24 09:45:00,0.09191505580969306
2019-11-24 09:48:00,0.14258776837266396
2019-11-24 09:51:00,0.1474074842559503
2019-11-24 09:54:00,0.05642382444153782
2019-11-24 09:57:00,0.10183753511842042
2019-11-24 10:00:00,0.10103242089866171
2019-11-24 10:03:00,0.05234126913330783
2019-11-24 10:06:00,0.1173127889484249
2019-11-24 10:09:00,0.05543316915276364
2019-11-24 10:12:00,-0.024200020693683655
2019-11-24 10:15:00,-0.003368292866241518
2019-11-24 10:18:00,-0.09163231134169791
2019-11-24 10:21:00,0.002716588122950725
2019-11-24 10:24:00,-0.020065778741866325
2019-11-24 10:27:00,-0.03850335803855387
2019-11-24 10:30:00,-0.032111220646243055
2019-11-24 10:33:00,-0.0887289405715137
2019-11-24 10:36:00,-0.06821625110148943
2019-11-24 10:39:00,-0.05334340124102255
2019-11-24 10:42:00,-0.15333038688049783
2019-11-24 10:45:00,-0.06912532585624831
2019-11-24 10:48:00,-0.06672461626004633
2019-11-24 10:51:00,-0.10722734029758385
2019-11-24 10:54:00,-0.05864050884639482
2019-11-24 10:57:00,-0.006963974821474039
2019-11-24 11:00:00,-0.14470022296467278
2019-11-24 11:03:00,-0.09199469220038736
2019-11-24 11:06:00,-0.16765345923204222
2019-11-24 11:09:00,-0.0720022224484751
2019-11-24 11:12:00,-0.021643161855536164
2019-11-24 11:15:00,-0.11609525236701757
2019-11-24 11:18:00,-0.11450989302323933
2019-11-24 11:21:00,-0.11935985561626694
2019-11-24 11:24:00,-0.10960766634730135
2019-11-24 11:27:00,-0.0986014466323013
2019-11-24 11:30:00,-0.11552806746567512
2019-11-24 11:33:00,-0.15530280495545412
2019-11-24 11:36:00,-0.15102152728758256
2019-11-24 11:39:00,-0.10063442330005046
2019-11-24 11:42:00,-0.11075002604388828
2019-11-24 11:45:00,-0.15674082064350614
2019-11-24 11:48:00,-0.11214555519961777
2019-11-24 11:51:00,-0.15307728834375212
2019-11-24 11:54:00,-0.20242885979581615
2019-11-24 11:57:00,-0.19626072846273246
2019-11-24 12:00:00,-0.09244467865312345
2019-11-24 12:03:00,-0.14235204126799772
2019-11-24 12:06:00,-0.11916078282638409
2019-11-24 12:09:00,-0.08395610541822407
2019-11-24 12:12:00,-0.10263243682686607
2019-11-24 12:15:00,-0.09432495097644278
2019-11-24 12:18:00,-0.23209657442430398
2019-11-24 12:21:00,-0.20036740562915156
2019-11-24 12:24:00,-0.12032373231176052
2019-11-24 12:27:00,-0.12994325163595022
2019-11-24 12:30:00,-0.1361561672621292
2019-11-24 12:33:00,-0.10358480982478113
2019-11-24 12:36:00,-0.13637593650554436
2019-11-24 12:39:00,-0.06765862420212443
2019-11-24 12:42:00,-0.057040692084228795
2019-11-24 12:45:00,-0.012462750971735659
2019-11-24 12:48:00,-0.10011934411784296
2019-11-24 12:51:00,-0.10999837253319811
2019-11-24 12:54:00,-0.06931490134417118
2019-11-24 12:57:00,-0.013799542275933163
2019-11-24 13:00:00,0.09017762664529982
2019-11-24 13:03:00,-0.04650867663247027
2019-11-24 13:06:00,-0.047565310606842104
2019-11-24 13:09:00,0.023397612665462475
2019-11-24 13:12:00,-0.11772965506378341
2019-11-24 13:15:00,-0.046833480051873266
2019-11-24 13:18:00,0.02002892860986094
2019-11-24 13:21:00,0.061040582487351
2019-11-24 13:24:00,-0.012709746919313147
2019-11-24 13:27:00,-0.01145223134437856
2019-11-24 13:30:00,0.12760484997909316
2019-11-24 13:33:00,0.03571389110686596
2019-11-24 13:36:00,-0.0006261791106680903
2019-11-24 13:39:00,0.05656405491163241
2019-11-24 13:42:00,0.07068958992880425
2019-11-24 13:45:00,-0.010455626199359358
2019-11-24 13:48:00,0.07168609977634333
2019-11-24 13:51:00,0.09927820811458332
2019-11-24 13:54:00,0.042002248713345125
2019-11-24 13:57:00,-0.06822781896175911
2019-11-24 14:00:00,-0.0010723821524720734
2019-11-24 14:03:00,-0.05165886715707302
2019-11-24 14:06:00,0.0019332935330567125
2019-11-24 14:09:00,0.03080983152352701
2019-11-24 14:12:00,-0.0027932897436926396
2019-11-24 14:15:00,-0.07153410791846682
2019-11-24 14:18:00,-0.036777200658093534
2019-11-24 14:21:00,-0.03285654720673392
2019-11-24 14:24:00,-0.009633687357450071
2019-11-24 14:27:00,-0.08393403584062753
2019-11-24 14:30:00,0.03358372367449647
2019-11-24 14:33:00,0.0003548989926116519
2019-11-24 14:36:00,-0.05137590295368
2019-11-24 14:39:00,-0.043462401532167405
2019-11-24 14:42:00,-0.0685088286085147
2019-11-24 14:45:00,-0.01640488096649051
2019-11-24 14:48:00,-0.07309427089921883
2019-11-24 14:51:00,-0.08230179897373091
2019-11-24 14:54:00,-0.108619796375649
2019-11-24 14:57:00,-0.1201558804312981
2019-11-24 15:00:00,0.0022237508830471597
2019-11-24 15:03:00,-0.041258696159161445
2019-11-24 15:06:00,0.017727695448229497
2019-11-24 15:09:00,-0.06595962086674945
2019-11-24 15:12:00,-0.03568424999218678
2019-11-24 15:15:00,0.026102887115939666
2019-11-24 15:18:00,-0.11384162954107069
2019-11-24 15:21:00,-0.0976925320849773
2019-11-24 15:24:00,-0.08967823543360964
2019-11-24 15:27:00,-0.09787307318356397
2019-11-24 15:30:00,-0.07979865116675455
2019-11-24 15:33:00,-0.01770988767628978
2019-11-24 15:36:00,0.009432292411702292
2019-11-24 15:39:00,0.018819134006378135
2019-11-24 15:42:00,-0.19988851918236605
2019-11-24 15:45:00,-0.10024450922929873
2019-11-24 15:48:00,-0.0226335263079136
2019-11-24 15:51:00,-0.03722611946540155
2019-11-24 15:54:00,-0.25095054246600057
2019-11-24 15:57:00,0.05381790892261051
2019-11-24 16:00:00,0.013229876591822176
2019-11-24 16:03:00,-0.020630786643437204
2019-11-24 16:06:00,0.013939483641593142
2019-11-24 16:09:00,-0.024655638379783795
2019-11-24 16:12:00,0.01633608968631961
2019-11-24 16:15:00,-0.1393409319100556
2019-11-24 16:18:00,-0.04292985227499457
2019-11-24 16:21:00,-0.007706321362093149
2019-11-24 16:24:00,0.06402479582601472
2019-11-24 16:27:00,-0.06828652084652731
2019-11-24 16:30:00,-0.015114894289354197
2019-11-24 16:33:00,-0.008992878105686941
2019-11-24 16:36:00,-0.050439466384545995
2019-11-24 16:39:00,-0.005741075146545427
2019-11-24 16:42:00,0.015009735007765812
2019-11-24 16:45:00,-0.007335256047099392
2019-11-24 16:48:00,0.032349765471565206
2019-11-24 16:51:00,0.06765000009625055
2019-11-24 16:54:00,-0.00872729110238879
2019-11-24 16:57:00,0.11478199777155851
2019-11-24 17:00:00,0.0369307735777511
2019-11-24 17:03:00,0.07216733427372901
2019-11-24 17:06:00,0.06532535563314923
2019-11-24 17:09:00,0.03828709455621038
2019-11-24 17:12:00,0.12181966317137949
2019-11-24 17:15:00,0.033293686158344826
2019-11-24 17:18:00,0.12056227826934673
2019-11-24 17:21:00,0.033842388968821524
2019-11-24 17:24:00,0.06245836484066558
2019-11-24 17:27:00,0.10912340097746664
2019-11-24 17:30:00,0.13279661242626162
2019-11-24 17:33:00,0.11410203735317737
2019-11-24 17:36:00,0.06421704818529861
2019-11-24 17:39:00,0.10872005147444952
2019-11-24 17:42:00,0.16339463239432916
2019-11-24 17:45:00,0.21547589169631465
2019-11-24 17:48:00,0.08966343116259168
2019-11-24 17:51:00,0.15121664341319274
2019-11-24 17:54:00,0.2048477644712534
2019-11-24 17:57:00,0.12680237197804445
2019-11-24 18:00:00,0.14168353643793807
2019-11-24 18:03:00,0.1690637186342201
2019-11-24 18:06:00,0.13675408218574603
2019-11-24 18:09:00,0.08483534004926696
2019-11-24 18:12:00,0.1907392895581097
2019-11-24 18:15:00,0.16805650693572716
2019-11-24 18:18:00,0.09619216501084793
2019-11-24 18:21:00,0.1191325116965345
2019-11-24 18:24:00,0.13827649943101505
2019-11-24 18:27:00,0.08844053931045437
2019-11-24 18:30:00,0.16281298245428388
2019-11-24 18:33:00,0.12859727638942786
2019-11-24 18:36:00,0.13658485460092606
2019-11-24 18:39:00,0.2188667152747712
2019-11-24 18:42:00,0.1278752018843079
2019-11-24 18:45:00,0.1869572944704032
2019-11-24 18:48:00,0.2500416010819322
2019-11-24 18:51:00,0.18812021389112488
2019-11-24 18:54:00,0.1513531358552882
2019-11-24 18:57:00,
2019-11-24 19:00:00,
2019-11-24 19:03:00,0.20814636546731435
2019-11-24 19:06:00,0.1694467225373728
2019-11-24 19:09:00,0.12954961727905356
2019-11-24 19:12:00,0.253075125767964
2019-11-24 19:15:00,0.182627395427005
2019-11-24 19:18:00,0.20050003467764554
2019-11-24 19:21:00,0.16508338436705117
2019-11-24 19:24:00,0.22673736366573394
2019-11-24 19:27:00,0.1608484645990984
2019-11-24 19:30:00,0.1128992757829792
2019-11-24 19:33:00,0.21986053203158917
2019-11-24 19:36:00,0.247431915407617
2019-11-24 19:39:00,0.16390572923450009
2019-11-24 19:42:00,0.1348165457446271
2019-11-24 19:45:00,0.1720844660558214
2019-11-24 19:48:00,0.23452947441643346
2019-11-24 19:51:00,0.19132978756277907
2019-11-24 19:54:00,0.15522309730511097
2019-11-24 19:57:00,0.2127640831766371
2019-11-24 20:00:00,0.26842869647509815
2019-11-24 20:03:00,0.27847679208673526
2019-11-24 20:06:00,0.32574625028746595
2019-11-24 20:09:00,0.23113160704599522
2019-11-24 20:12:00,0.3035214128543089
2019-11-24 20:15:00,0.2611641403094609
2019-11-24 20:18:00,0.31739080128829755
2019-11-24 20:21:00,0.24149458837803195
2019-11-24 20:24:00,0.33304963758541817
2019-11-24 20:27:00,0.2625467666038048
2019-11-24 20:30:00,0.22891941314821906
2019-11-24 20:33:00,0.18343611395539483
2019-11-24 20:36:00,0.23609781016193665
2019-11-24 20:39:00,0.19407807253423925
2019-11-24 20:42:00,0.2869256114552172
2019-11-24 20:45:00,0.24354757038435082
2019-11-24 20:48:00,0.23843527183481683
2019-11-24 20:51:00,0.36638308046150314
2019-11-24 20:54:00,0.33776046132226156
2019-11-24 20:57:00,0.3167813404509161
2019-11-24 21:00:00,0.3136575011576497
2019-11-24 21:03:00,0.26174573247539
2019-11-24 21:06:00,0.2534546816795
2019-11-24 21:09:00,0.2575816743623136
2019-11-24 21:12:00,0.25986464826610245
2019-11-24 21:15:00,0.2435268039392895
2019-11-24 21:18:00,0.2689136795274294
2019-11-24 21:21:00,0.31328132053118907
2019-11-24 21:24:00,0.26097097780154854
2019-11-24 21:27:00,0.25525934856415233
2019-11-24 21:30:00,0.2061564999440293
2019-11-24 21:33:00,0.3103449920279786
2019-11-24 21:36:00,0.25697122183311194
2019-11-24 21:39:00,0.1502270321124115
2019-11-24 21:42:00,0.2135798160012996
2019-11-24 21:45:00,0.24821709889505428
2019-11-24 21:48:00,0.26664028039454024
2019-11-24 21:51:00,0.2180116178726621
2019-11-24 21:54:00,0.3501035829426087
2019-11-24 21:57:00,0.26543441048687555
2019-11-24 22:00:00,0.3844486162777798
2019-11-24 22:03:00,0.23785330272517058
2019-11-24 22:06:00,0.3147385949838508
2019-11-24 22:09:00,0.20561724075514576
2019-11-24 22:12:00,0.2830158505867644
2019-11-24 22:15:00,0.39108048278774277
2019-11-24 22:18:00,0.3302330950079977
2019-11-24 22:21:00,0.24507314215037468
2019-11-24 22:24:00,0.363452243183076
2019-11-24 22:27:00,0.42141188846824207
2019-11-24 22:30:00,0.3731101008152109
2019-11-24 22:33:00,0.35337070596801823
2019-11-24 22:36:00,0.25638620541730006
2019-11-24 22:39:00,0.3160445807320684
2019-11-24 22:42:00,0.36016964688838016
2019-11-24 22:45:00,0.3056018611661102
2019-11-24 22:48:00,0.309812915258874
2019-11-24 22:51:00,0.3551211382781503
2019-11-24 22:54:00,0.34475318710400416
2019-11-24 22:57:00,0.2885463942861861
2019-11-24 23:00:00,0.3351190346091357
2019-11-24 23:03:00,0.3686121339665078
2019-11-24 23:06:00,0.32748509445633545
2019-11-24 23:09:00,0.2616281709950954
2019-11-24 23:12:00,0.3057379687589332
2019-11-24 23:15:00,0.42529751888912415
2019-11-24 23:18:00,0.3530788737012358
2019-11-24 23:21:00,0.3439618378794762
2019-11-24 23:24:00,0.385850457632273
2019-11-24 23:27:00,0.4036647286719699
2019-11-24 23:30:00,0.44512867722227156
2019-11-24 23:33:00,0.45550574230287566
2019-11-24 23:36:00,0.38400983165951175
2019-11-24 23:39:00,0.399435656871276
2019-11-24 23:42:00,0.34514437621851357
2019-11-24 23:45:00,0.3679536011993605
2019-11-24 23:48:00,0.23660936339013006
2019-11-24 23:51:00,0.35000593086653
2019-11-24 23:54:00,0.45329644375954103
2019-11-24 23:57:00,0.3822285135270249
2019-11-25 00:00:00,0.4431336215261581
2019-11-25 00:03:00,0.24654233219774824
2019-11-25 00:06:00,0.34175729231515106
2019-11-25 00:09:00,0.345285830788157
2019-11-25 00:12:00,0.4046331806299577
2019-11-25 00:15:00,0.4546943155486929
2019-11-25 00:18:00,0.38851050687520683
2019-11-25 00:21:00,0.3979426243400894
2019-11-25 00:24:00,0.4676719914733667
2019-11-25 00:27:00,0.47349071347167637
2019-11-25 00:30:00,0.3635532201172964
2019-11-25 00:33:00,0.3626073263604894
2019-11-25 00:36:00,0.43772093306938586
2019-11-25 00:39:00,0.2876126619672732
2019-11-25 00:42:00,0.381914816110168
2019-11-25 00:45:00,0.38133089779540796
2019-11-25 00:48:00,0.35006742303437477
2019-11-25 00:51:00,0.4595613646272909
2019-11-25 00:54:00,0.41718620314054533
2019-11-25 00:57:00,0.44019209558558714
2019-11-25 01:00:00,0.22900573564754723
2019-11-25 01:03:00,0.45098594215068033
2019-11-25 01:06:00,0.29839914185453154
2019-11-25 01:09:00,0.46454801206942875
2019-11-25 01:12:00,0.4374570069065271
2019-11-25 01:15:00,0.45686709653432445
2019-11-25 01:18:00,0.45678488275638074
2019-11-25 01:21:00,0.41218525311973053
2019-11-25 01:24:00,0.3774080031635094
2019-11-25 01:27:00,0.4157801523568878
2019-11-25 01:30:00,0.352578957851847
2019-11-25 01:33:00,0.5442659454747059
2019-11-25 01:36:00,0.4060888415013437
2019-11-25 01:39:00,0.399184123653356
2019-11-25 01:42:00,0.3915521475698256
2019-11-25 01:45:00,0.35037175342546334
2019-11-25 01:48:00,0.45822954793840154
2019-11-25 01:51:00,0.314101935622773
2019-11-25 01:54:00,0.3562880745216148
2019-11-25 01:57:00,0.3679309276955678
2019-11-25 02:00:00,0.40336660205883845
2019-11-25 02:03:00,0.42833832864607757
2019-11-25 02:06:00,0.3978637748285223
2019-11-25 02:09:00,0.43391368526403085
2019-11-25 02:12:00,0.3800260300490663
2019-11-25 02:15:00,0.37157066747818135
2019-11-25 02:18:00,0.43249986402793184
2019-11-25 02:21:00,0.42583478940446184
2019-11-25 02:24:00,0.44974109763143133
2019-11-25 02:27:00,0.37173692875148845
2019-11-25 02:30:00,0.5030680798918183
2019-11-25 02:33:00,0.4837163386916359
2019-11-25 02:36:00,0.4985456529470298
2019-11-25 02:39:00,0.48525892071734233
2019-11-25 02:42:00,0.4471868711723914
2019-11-25 02:45:00,0.39774240069561984
2019-11-25 02:48:00,0.4324112116617016
2019-11-25 02:51:00,0.3814093056542447
2019-11-25 02:54:00,0.4267435901715544
2019-11-25 02:57:00,0.4732392278785369
2019-11-25 03:00:00,0.5076439917729658
2019-11-25 03:03:00,0.3937091681697211
2019-11-25 03:06:00,0.49275056149815555
2019-11-25 03:09:00,0.4236391000175672
2019-11-25 03:12:00,0.43852558842763756
2019-11-25 03:15:00,0.4421890691437511
2019-11-25 03:18:00,0.3660844300875965
2019-11-25 03:21:00,0.3642094465828336
2019-11-25 03:24:00,0.38921917150611307
2019-11-25 03:27:00,0.3367097466241944
2019-11-25 03:30:00,0.46219845066360676
2019-11-25 03:33:00,0.38465657790561636
2019-11-25 03:36:00,0.4030472723924845
2019-11-25 03:39:00,0.3814295515102799
2019-11-25 03:42:00,0.5547394825222227
2019-11-25 03:45:00,0.4324111185974857
2019-11-25 03:48:00,0.4534079451707953
2019-11-25 03:51:00,0.4147920872208033
2019-11-25 03:54:00,0.4884954393573935
2019-11-25 03:57:00,0.44243589176375053
2019-11-25 04:00:00,0.41062295756199774
2019-11-25 04:03:00,0.330497212269222
2019-11-25 04:06:00,0.45074492542232747
2019-11-25 04:09:00,0.4082307709776387
2019-11-25 04:12:00,0.48080782340770156
2019-11-25 04:15:00,0.3674482611779126
2019-11-25 04:18:00,0.48360585012630963
2019-11-25 04:21:00,0.5689779368258883
2019-11-25 04:24:00,0.5063863581249848
2019-11-25 04:27:00,0.4597482492238214
2019-11-25 04:30:00,0.49638402347676447
2019-11-25 04:33:00,0.4074398786837605
2019-11-25 04:36:00,0.5286727068308323
2019-11-25 04:39:00,0.41540655119280245
2019-11-25 04:42:00,0.46367918589368173
2019-11-25 04:45:00,0.47793454550026127
2019-11-25 04:48:00,0.38846695192978586
2019-11-25 04:51:00,0.42211167875683486
2019-11-25 04:54:00,0.515297402851786
2019-11-25 04:57:00,0.3974758712672042
2019-11-25 05:00:00,0.434231773616375
2019-11-25 05:03:00,0.5871519727749046
2019-11-25 05:06:00,0.49020377490296596
2019-11-25 05:09:00,0.455957125072473
2019-11-25 05:12:00,0.6382526959047823
2019-11-25 05:15:00,0.5293394237322104
2019-11-25 05:18:00,0.49689867313173863
2019-11-25 05:21:00,0.5659708248854827
2019-11-25 05:24:00,0.5606111236094762
2019-11-25 05:27:00,0.5335542952711876
2019-11-25 05:30:00,0.5103016005331256
2019-11-25 05:33:00,0.4581994433192449
2019-11-25 05:36:00,0.4055681880905695
2019-11-25 05:39:00,0.44626974236877004
2019-11-25 05:42:00,0.4324938816001236
2019-11-25 05:45:00,0.5285203276829975
2019-11-25 05:48:00,0.5060627290973798
2019-11-25 05:51:00,0.5196450738800991
2019-11-25 05:54:00,0.4851662691824572
2019-11-25 05:57:00,0.412838993480932
2019-11-25 06:00:00,0.3159360425615887
2019-11-25 06:03:00,0.4633612534818212
2019-11-25 06:06:00,0.4573632877737168
2019-11-25 06:09:00,0.4355992523940131
2019-11-25 06:12:00,0.383413969631647
2019-11-25 06:15:00,0.4435756060731251
2019-11-25 06:18:00,0.5475539199349555
2019-11-25 06:21:00,0.40324172773182454
2019-11-25 06:24:00,0.5387381137970806
2019-11-25 06:27:00,0.46228431784987833
2019-11-25 06:30:00,0.29654743057119504
2019-11-25 06:33:00,0.38244318304725766
2019-11-25 06:36:00,0.4112598169525086
2019-11-25 06:39:00,0.4863520666218051
2019-11-25 06:42:00,0.4862053518264702
2019-11-25 06:45:00,0.516958753323081
2019-11-25 06:48:00,0.42246730628261275
2019-11-25 06:51:00,0.4812314601902017
2019-11-25 06:54:00,0.4532909633945792
2019-11-25 06:57:00,0.4286870765737376
2019-11-25 07:00:00,0.3861026579241411
2019-11-25 07:03:00,0.506605664972767
2019-11-25 07:06:00,0.41504154241061997
2019-11-25 07:09:00,0.3786201015392976
2019-11-25 07:12:00,0.3904970637918268
2019-11-25 07:15:00,0.5073540742465639
2019-11-25 07:18:00,0.4616012492074333
2019-11-25 07:21:00,0.4532175938515479
2019-11-25 07:24:00,0.4093479895162204
2019-11-25 07:27:00,0.4876854080604289
2019-11-25 07:30:00,0.40175951038037283
2019-11-25 07:33:00,0.44408578046341063
2019-11-25 07:36:00,0.47925103135054314
2019-11-25 07:39:00,0.4994603692122723
2019-11-25 07:42:00,0.4901283366977509
2019-11-25 07:45:00,0.4084401948693994
2019-11-25 07:48:00,0.35748082336135667
2019-11-25 07:51:00,0.2270734976673907
2019-11-25 07:54:00,0.38418254078857217
2019-11-25 07:57:00,0.27197342878719155
2019-11-25 08:00:00,0.2661053452397937
2019-11-25 08:03:00,0.321128424467247
2019-11-25 08:06:00,0.3579503849467187
2019-11-25 08:09:00,0.35069772766109963
2019-11-25 08:12:00,0.41211664227540723
2019-11-25 08:15:00,0.37954335125294847
2019-11-25 08:18:00,0.3911363795833722
2019-11-25 08:21:00,0.3965000411646997
2019-11-25 08:24:00,0.3011221453389794
2019-11-25 08:27:00,0.3839949449358073
2019-11-25 08:30:00,0.4513064515214751
2019-11-25 08:33:00,0.2833254608223683
2019-11-25 08:36:00,0.2995019197916804
2019-11-25 08:39:00,0.2696090695466751
2019-11-25 08:42:00,0.2209741730132464
2019-11-25 08:45:00,0.24934792265787564
2019-11-25 08:48:00,0.23978808469058777
2019-11-25 08:51:00,0.35717519283701904
2019-11-25 08:54:00,0.3274913585835293
2019-11-25 08:57:00,0.3180280755727267
2019-11-25 09:00:00,0.16566034523748385
2019-11-25 09:03:00,0.3269860506183022
2019-11-25 09:06:00,0.14492518891216832
2019-11-25 09:09:00,-0.12647082534607534
2019-11-25 09:12:00,0.12831633832132638
2019-11-25 09:15:00,0.2898644721906294
2019-11-25 09:18:00,0.09529588589657578
2019-11-25 09:21:00,0.13310197023776027
2019-11-25 09:24:00,0.044962126591826745
2019-11-25 09:27:00,0.08842712121219165
2019-11-25 09:30:00,0.2505314181445897
2019-11-25 09:33:00,0.0189648572888359
2019-11-25 09:36:00,0.10971972627424975
2019-11-25 09:39:00,0.09105466281602048
2019-11-25 09:42:00,0.06445610830445503
2019-11-25 09:45:00,0.043562471023108174
2019-11-25 09:48:00,0.05856590899895764
2019-11-25 09:51:00,0.1593877968998072
2019-11-25 09:54:00,0.1705950939590366
2019-11-25 09:57:00,0.10196799947601676
2019-11-25 10:00:00,0.1257199431479421
2019-11-25 10:03:00,-0.11779987910819045
2019-11-25 10:06:00,0.10684939290945294
2019-11-25 10:09:00,0.07421568242409649
2019-11-25 10:12:00,-0.060266574899515035
2019-11-25 10:15:00,0.14902296105435653
2019-11-25 10:18:00,-0.015305292327582265
2019-11-25 10:21:00,-0.035669438045601964
2019-11-25 10:24:00,0.012697689407048074
2019-11-25 10:27:00,0.008472318290046132
2019-11-25 10:30:00,0.0992253222485715
2019-11-25 10:33:00,-0.08910485533147039
2019-11-25 10:36:00,0.04631689692865848
2019-11-25 10:39:00,-0.012676120708306371
2019-11-25 10:42:00,-0.05967213096340629
2019-11-25 10:45:00,-0.1049580349327357
2019-11-25 10:48:00,-0.06414864338404414
2019-11-25 10:51:00,-0.029885771009958262
2019-11-25 10:54:00,0.026339601680376745
2019-11-25 10:57:00,0.03823538060697729
2019-11-25 11:00:00,-0.17510167146076583
2019-11-25 11:03:00,0.052042593025873884
2019-11-25 11:06:00,-0.05687453271036702
2019-11-25 11:09:00,0.03375566727856949
2019-11-25 11:12:00,-0.10021998861708425
2019-11-25 11:15:00,-0.1339740532569067
2019-11-25 11:18:00,-0.14859840019806825
2019-11-25 11:21:00,-0.10020924515890783
2019-11-25 11:24:00,-0.07501773093741804
2019-11-25 11:27:00,-0.08916069379836244
2019-11-25 11:30:00,-0.09797403059815224
2019-11-25 11:33:00,-0.11701899198317278
2019-11-25 11:36:00,-0.15838538683709658
2019-11-25 11:39:00,-0.022180079282122733
2019-11-25 11:42:00,-0.1025282150313842
2019-11-25 11:45:00,-0.2025397976499903
2019-11-25 11:48:00,-0.22042957875208913
2019-11-25 11:51:00,-0.18909801313395747
2019-11-25 11:54:00,-0.10017693084114399
2019-11-25 11:57:00,-0.2158403780724143
2019-11-25 12:00:00,-0.18098731092970866
2019-11-25 12:03:00,0.5391322493509279
2019-11-25 12:06:00,-0.21652214624327826
2019-11-25 12:09:00,-0.22032488897411895
2019-11-25 12:12:00,-0.24773043336500677
2019-11-25 12:15:00,-0.16778250923846372
2019-11-25 12:18:00,-0.2648737240003811
2019-11-25 12:21:00,-0.2323038781181026
2019-11-25 12:24:00,-0.19322169378233411
2019-11-25 12:27:00,-0.21359360366193414
2019-11-25 12:30:00,-0.20934661115552444
2019-11-25 12:33:00,-0.1664056327444996
2019-11-25 12:36:00,-0.2837129820445625
2019-11-25 12:39:00,-0.3852558323995936
2019-11-25 12:42:00,-0.3320773339877974
2019-11-25 12:45:00,-0.31349669635102373
2019-11-25 12:48:00,-0.34466532971663355
2019-11-25 12:51:00,-0.39021557587074085
2019-11-25 12:54:00,-0.2678245137216777
2019-11-25 12:57:00,-0.25220610070908833
2019-11-25 13:00:00,-0.24718999111274798
2019-11-25 13:03:00,-0.24354252938314858
2019-11-25 13:06:00,-0.3266382203765943
2019-11-25 13:09:00,-0.2759636051883376
2019-11-25 13:12:00,-0.23611584172334688
2019-11-25 13:15:00,-0.2764641411909565
2019-11-25 13:18:00,-0.3156366049261692
2019-11-25 13:21:00,-0.302417100092498
2019-11-25 13:24:00,-0.28345403587024975
2019-11-25 13:27:00,-0.2128710122586881
2019-11-25 13:30:00,-0.3435901752188215
2019-11-25 13:33:00,-0.3346071146725649
2019-11-25 13:36:00,-0.32202666451638606
2019-11-25 13:39:00,-0.3571658452912061
2019-11-25 13:42:00,-0.20152592511533385
2019-11-25 13:45:00,-0.3558626466947885
2019-11-25 13:48:00,-0.3071938306612765
2019-11-25 13:51:00,-0.607829668672025
2019-11-25 13:54:00,-0.2071749383887891
2019-11-25 13:57:00,-0.2910539570598871
2019-11-25 14:00:00,-0.27448151550089506
2019-11-25 14:03:00,-0.3233126648381699
2019-11-25 14:06:00,-0.28701058480857
2019-11-25 14:09:00,-0.36825239061960247
2019-11-25 14:12:00,-0.32920899684393135
2019-11-25 14:15:00,-0.2705889911450754
2019-11-25 14:18:00,-0.19767357457925527
2019-11-25 14:21:00,-0.3250556392489443
2019-11-25 14:24:00,-0.30638435398384445
2019-11-25 14:27:00,-0.2451291447941344
2019-11-25 14:30:00,-0.3048417650315969
2019-11-25 14:33:00,-0.2745080786364156
2019-11-25 14:36:00,-0.26212792158179354
2019-11-25 14:39:00,-0.3995617877671407
2019-11-25 14:42:00,-0.33641566201043815
2019-11-25 14:45:00,-0.3770916519390539
2019-11-25 14:48:00,-0.4052212747904491
2019-11-25 14:51:00,-0.3235863146172733
2019-11-25 14:54:00,-0.28050407555804213
2019-11-25 14:57:00,-0.24863757468705217
2019-11-25 15:00:00,-0.22577887961710985
2019-11-25 15:03:00,-0.3210052698096888
2019-11-25 15:06:00,-0.3862629430727793
2019-11-25 15:09:00,-0.4641693615921554
2019-11-25 15:12:00,-0.382463726940216
2019-11-25 15:15:00,-0.3424311847189756
2019-11-25 15:18:00,-0.3820623047183176
2019-11-25 15:21:00,-0.3906802682170678
2019-11-25 15:24:00,-0.29330720176722025
2019-11-25 15:27:00,-0.3410579854307798
2019-11-25 15:30:00,-0.4280672225058879
2019-11-25 15:33:00,-0.3017101727203908
2019-11-25 15:36:00,-0.3151183082699731
2019-11-25 15:39:00,-0.2869011899750262
2019-11-25 15:42:00,-0.32901202899000737
2019-11-25 15:45:00,-0.26285916886132554
2019-11-25 15:48:00,-0.3626462818485834
2019-11-25 15:51:00,-0.337315479248673
2019-11-25 15:54:00,-0.3321295910690196
2019-11-25 15:57:00,-0.19073559010291774
2019-11-25 16:00:00,-0.38886760174517576
2019-11-25 16:03:00,-0.19620262504918173
2019-11-25 16:06:00,-0.3746181745866579
2019-11-25 16:09:00,-0.2951177242081826
2019-11-25 16:12:00,-0.18425631845781254
2019-11-25 16:15:00,-0.30336666687372826
2019-11-25 16:18:00,-0.34983258011959606
2019-11-25 16:21:00,-0.2868524227420721
2019-11-25 16:24:00,-0.2023614151290758
2019-11-25 16:27:00,-0.2428192909077893
2019-11-25 16:30:00,-0.2593066604649721
2019-11-25 16:33:00,-0.30160049714095294
2019-11-25 16:36:00,-0.27375262403728584
2019-11-25 16:39:00,-0.2565183875209982
2019-11-25 16:42:00,-0.2560284421116421
2019-11-25 16:45:00,-0.35636958067419755
2019-11-25 16:48:00,-0.3543496565739588
2019-11-25 16:51:00,-0.28752195025299443
2019-11-25 16:54:00,-0.22413374072863235
2019-11-25 16:57:00,-0.2839184369506711
2019-11-25 17:00:00,-0.19665917495751728
2019-11-25 17:03:00,-0.1575943734134171
2019-11-25 17:06:00,-0.2021021526920208
2019-11-25 17:09:00,-0.2635995960427522
2019-11-25 17:12:00,-0.26473839435743685
2019-11-25 17:15:00,-0.15011875844891165
2019-11-25 17:18:00,-0.16103499955778489
2019-11-25 17:21:00,-0.1294185990905703
2019-11-25 17:24:00,-0.12304583244804235
2019-11-25 17:27:00,-0.08356982619818609
2019-11-25 17:30:00,-0.09978757870902655
2019-11-25 17:33:00,-0.20044247567523144
2019-11-25 17:36:00,-0.06177826630397476
2019-11-25 17:39:00,-0.06276192206041742
2019-11-25 17:42:00,-0.12699046843158612
2019-11-25 17:45:00,-0.19560889568941775
2019-11-25 17:48:00,-0.15136241845988252
2019-11-25 17:51:00,-0.20379396345265377
2019-11-25 17:54:00,-0.09122914253589443
2019-11-25 17:57:00,-0.1112993085683911
2019-11-25 18:00:00,-0.06472782718691406
2019-11-25 18:03:00,-0.1652842677673334
2019-11-25 18:06:00,-0.11601464300957787
2019-11-25 18:09:00,-0.09173906446761748
2019-11-25 18:12:00,-0.11010984939406399
2019-11-25 18:15:00,-0.1652814180629889
2019-11-25 18:18:00,-0.1270276105729522
2019-11-25 18:21:00,-0.19912644589578576
2019-11-25 18:24:00,0.005348133212692119
2019-11-25 18:27:00,-0.08373465604097419
2019-11-25 18:30:00,-0.07066006057272034
2019-11-25 18:33:00,-0.059820822160759235
2019-11-25 18:36:00,0.03154681847604479
2019-11-25 18:39:00,-3.63406843462144e-05
2019-11-25 18:42:00,-0.023257130283184324
2019-11-25 18:45:00,0.03771465390269668
2019-11-25 18:48:00,0.030864389800569825
2019-11-25 18:51:00,0.05706522872463893
2019-11-25 18:54:00,
2019-11-25 18:57:00,
2019-11-25 19:00:00,
2019-11-25 19:03:00,
2019-11-25 19:06:00,0.02878124681302552
2019-11-25 19:09:00,0.07714606170793559
2019-11-25 19:12:00,0.033026606255759816
2019-11-25 19:15:00,0.08607137624835559
2019-11-25 19:18:00,0.0110826606441492
2019-11-25 19:21:00,0.07013111998088561
2019-11-25 19:24:00,0.09695499985377865
2019-11-25 19:27:00,0.08624005311355631
2019-11-25 19:30:00,0.044024474300329075
2019-11-25 19:33:00,0.07380217767530439
2019-11-25 19:36:00,0.08417647807050344
2019-11-25 19:39:00,0.1527269201031345
2019-11-25 19:42:00,0.05073663085545377
2019-11-25 19:45:00,
2019-11-25 19:48:00,
2019-11-25 19:51:00,
2019-11-25 19:54:00,0.6683036057077629
2019-11-25 19:57:00,0.1401389008373144
2019-11-25 20:00:00,0.12343222151872624
2019-11-25 20:03:00,0.09336549474988942
2019-11-25 20:06:00,0.14765184314757107
2019-11-25 20:09:00,0.1023556070551308
2019-11-25 20:12:00,0.06510468111326873
2019-11-25 20:15:00,0.11200516256099036
2019-11-25 20:18:00,0.11233119818092518
2019-11-25 20:21:00,0.11817891328297492
2019-11-25 20:24:00,-1.032848089530205
2019-11-25 20:27:00,
2019-11-25 20:30:00,0.17020139535929957
2019-11-25 20:33:00,0.20040993232214532
2019-11-25 20:36:00,0.11535957913179118
2019-11-25 20:39:00,0.23599406933419687
2019-11-25 20:42:00,-0.6309437636528514
2019-11-25 20:45:00,
2019-11-25 20:48:00,-0.7384509811169551
2019-11-25 20:51:00,-0.7164970874992491
2019-11-25 20:54:00,0.1989511060875202
2019-11-25 20:57:00,0.1429780591497547
2019-11-25 21:00:00,0.22946059387362538
2019-11-25 21:03:00,0.15962953299390392
2019-11-25 21:06:00,0.10995719930537007
2019-11-25 21:09:00,0.057125470398887046
2019-11-25 21:12:00,0.13607564478462564
2019-11-25 21:15:00,0.0712156571589162
2019-11-25 21:18:00,0.14631835703715979
2019-11-25 21:21:00,0.05508637246833814
2019-11-25 21:24:00,0.1436935917460005
2019-11-25 21:27:00,0.2015450484386747
2019-11-25 21:30:00,0.24034584517903568
2019-11-25 21:33:00,0.09456562389198098
2019-11-25 21:36:00,0.14504523228339394
2019-11-25 21:39:00,0.14571672752509812
2019-11-25 21:42:00,0.041816361819599024
2019-11-25 21:45:00,0.12384992787309557
2019-11-25 21:48:00,0.09459082349252412
2019-11-25 21:51:00,0.10279616547308024
2019-11-25 21:54:00,0.07427629108138945
2019-11-25 21:57:00,0.12407329801237665
2019-11-25 22:00:00,0.17517267232739187
2019-11-25 22:03:00,0.00596455524492967
2019-11-25 22:06:00,0.1440364013323574
2019-11-25 22:09:00,0.2035665265406692
2019-11-25 22:12:00,0.23344124861165483
2019-11-25 22:15:00,0.1331393446989182
2019-11-25 22:18:00,0.16967671200382028
2019-11-25 22:21:00,0.1991109737512602
2019-11-25 22:24:00,0.23026890357914453
2019-11-25 22:27:00,0.11380140693012208
2019-11-25 22:30:00,0.21727721011382073
2019-11-25 22:33:00,0.11657862313802525
2019-11-25 22:36:00,0.23840442069064238
2019-11-25 22:39:00,0.19985165243934944
2019-11-25 22:42:00,0.2155456851268127
2019-11-25 22:45:00,0.04981676830112747
2019-11-25 22:48:00,0.2522418033350391
2019-11-25 22:51:00,0.22729711220034687
2019-11-25 22:54:00,0.21239480701262892
2019-11-25 22:57:00,0.12307467561242902
2019-11-25 23:00:00,0.07659977674387619
2019-11-25 23:03:00,0.1385919209998292
2019-11-25 23:06:00,0.20507884321125402
2019-11-25 23:09:00,0.26746756426479124
2019-11-25 23:12:00,0.2628626981268667
2019-11-25 23:15:00,0.17127336669670967
2019-11-25 23:18:00,0.19385212398026397
2019-11-25 23:21:00,0.16496557349717023
2019-11-25 23:24:00,0.24742422185795476
2019-11-25 23:27:00,0.19734275018225844
2019-11-25 23:30:00,0.1919099933651296
2019-11-25 23:33:00,0.20062594070469686
2019-11-25 23:36:00,0.1535724828225966
2019-11-25 23:39:00,0.1737338285900023
2019-11-25 23:42:00,0.2247365251772635
2019-11-25 23:45:00,0.24064731481962554
2019-11-25 23:48:00,0.26160739598481086
2019-11-25 23:51:00,0.325901698467419
2019-11-25 23:54:00,0.28770718352376434
2019-11-25 23:57:00,0.2534394324102891
2019-11-26 00:00:00,0.18951594895071366
2019-11-26 00:03:00,0.3489509755044651
2019-11-26 00:06:00,0.2096347667531404
2019-11-26 00:09:00,0.2797050591811967
2019-11-26 00:12:00,0.24521913067906098
2019-11-26 00:15:00,0.1741623741338003
2019-11-26 00:18:00,0.2015389555969591
2019-11-26 00:21:00,0.3117642171745274
2019-11-26 00:24:00,0.29812071115651406
2019-11-26 00:27:00,0.22472473288740957
2019-11-26 00:30:00,0.18329280867550324
2019-11-26 00:33:00,0.2393030289643434
2019-11-26 00:36:00,0.1637748565164543
2019-11-26 00:39:00,0.2710399312696836
2019-11-26 00:42:00,0.25485943098544794
2019-11-26 00:45:00,0.20262785494742275
2019-11-26 00:48:00,0.1282380212365979
2019-11-26 00:51:00,0.22723701083378955
2019-11-26 00:54:00,0.2676050443027407
2019-11-26 00:57:00,0.35835122333276104
2019-11-26 01:00:00,0.2747782037330353
2019-11-26 01:03:00,0.2323845030141456
2019-11-26 01:06:00,0.2400675391153868
2019-11-26 01:09:00,0.12361621997922612
2019-11-26 01:12:00,0.260247455220167
2019-11-26 01:15:00,0.12117014285752248
2019-11-26 01:18:00,0.22529562702322892
2019-11-26 01:21:00,0.2425027065779659
2019-11-26 01:24:00,0.20920583418273964
2019-11-26 01:27:00,0.1101529638015677
2019-11-26 01:30:00,0.11908535809027398
2019-11-26 01:33:00,0.15800102852250575
2019-11-26 01:36:00,0.204691556920352
2019-11-26 01:39:00,0.2814219697106637
2019-11-26 01:42:00,0.2698980973680136
2019-11-26 01:45:00,0.20504993570307306
2019-11-26 01:48:00,0.3286491199097554
2019-11-26 01:51:00,0.19189048097143768
2019-11-26 01:54:00,0.345357139276814
2019-11-26 01:57:00,0.32492901874087465
2019-11-26 02:00:00,0.36991073731428514
2019-11-26 02:03:00,0.3419979272991327
2019-11-26 02:06:00,0.2164389297913658
2019-11-26 02:09:00,0.28439845473729974
2019-11-26 02:12:00,0.25496763207394224
2019-11-26 02:15:00,0.24805552500322392
2019-11-26 02:18:00,0.355674388244438
2019-11-26 02:21:00,0.253139077196181
2019-11-26 02:24:00,0.2840657502076738
2019-11-26 02:27:00,0.23863039993273105
2019-11-26 02:30:00,0.23316350819112586
2019-11-26 02:33:00,0.19764033037176887
2019-11-26 02:36:00,0.2574376529393021
2019-11-26 02:39:00,0.2908213847057368
2019-11-26 02:42:00,0.2922023123127815
2019-11-26 02:45:00,0.24218263802595175
2019-11-26 02:48:00,0.34585849925696266
2019-11-26 02:51:00,0.2540503376466745
2019-11-26 02:54:00,0.2832129667908134
2019-11-26 02:57:00,0.2570603924722832
2019-11-26 03:00:00,0.2718437267517402
2019-11-26 03:03:00,0.26389265496436565
2019-11-26 03:06:00,0.2199422170208436
2019-11-26 03:09:00,0.16117123843088166
2019-11-26 03:12:00,0.3076917030884374
2019-11-26 03:15:00,0.3518735242068374
2019-11-26 03:18:00,0.25433397722133577
2019-11-26 03:21:00,0.2821151953934873
2019-11-26 03:24:00,0.3309481356499191
2019-11-26 03:27:00,0.26512880129331506
2019-11-26 03:30:00,0.2553110732066557
2019-11-26 03:33:00,0.291929892262317
2019-11-26 03:36:00,0.25568505717853895
2019-11-26 03:39:00,0.33830522780573347
2019-11-26 03:42:00,0.1901645099928828
2019-11-26 03:45:00,0.2698407538528045
2019-11-26 03:48:00,0.25229447703287633
2019-11-26 03:51:00,0.2715502699658714
2019-11-26 03:54:00,0.3358119137876088
2019-11-26 03:57:00,0.29665515087873473
2019-11-26 04:00:00,0.26065980403495814
2019-11-26 04:03:00,0.29337829370138024
2019-11-26 04:06:00,0.24472592417936312
2019-11-26 04:09:00,0.3128229626255461
2019-11-26 04:12:00,0.3393717791133781
2019-11-26 04:15:00,0.33917516648881474
2019-11-26 04:18:00,0.2881605041734474
2019-11-26 04:21:00,0.26687039079678243
2019-11-26 04:24:00,0.2846220863879694
2019-11-26 04:27:00,0.35606782350839694
2019-11-26 04:30:00,0.323761788276272
2019-11-26 04:33:00,0.24561760532657217
2019-11-26 04:36:00,0.44936685792538356
2019-11-26 04:39:00,0.3550806666730182
2019-11-26 04:42:00,0.3152517584438783
2019-11-26 04:45:00,0.3863238957849262
2019-11-26 04:48:00,0.2908995068642639
2019-11-26 04:51:00,0.3969691991944728
2019-11-26 04:54:00,0.3921447279770405
2019-11-26 04:57:00,0.3285133199683514
2019-11-26 05:00:00,0.3237575273922175
2019-11-26 05:03:00,0.364926930495983
2019-11-26 05:06:00,0.45379446061701856
2019-11-26 05:09:00,0.371961896385983
2019-11-26 05:12:00,0.2844874222047338
2019-11-26 05:15:00,0.3409246876483394
2019-11-26 05:18:00,0.36567432289172075
2019-11-26 05:21:00,0.38182330660458774
2019-11-26 05:24:00,0.3487903005254793
2019-11-26 05:27:00,0.3655451009350372
2019-11-26 05:30:00,0.34162914941100553
2019-11-26 05:33:00,0.30422430073627993
2019-11-26 05:36:00,0.3870692071507733
2019-11-26 05:39:00,0.3208369688974244
2019-11-26 05:42:00,0.3201128831000801
2019-11-26 05:45:00,0.28627795531627953
2019-11-26 05:48:00,0.4045521813400228
2019-11-26 05:51:00,0.2808129212514814
2019-11-26 05:54:00,0.32773627573681097
2019-11-26 05:57:00,0.3316701007828442
2019-11-26 06:00:00,0.3747145748612297
2019-11-26 06:03:00,0.2379086139578135
2019-11-26 06:06:00,0.3013420604090129
2019-11-26 06:09:00,0.2801422317589868
2019-11-26 06:12:00,0.3123502018889326
2019-11-26 06:15:00,0.3745281910519225
2019-11-26 06:18:00,0.4252443492961788
2019-11-26 06:21:00,0.6463224266115617
2019-11-26 06:24:00,0.41762215555257853
2019-11-26 06:27:00,0.3072969087042452
2019-11-26 06:30:00,0.39830114993475263
2019-11-26 06:33:00,0.28476213829549124
2019-11-26 06:36:00,0.24194349636735524
2019-11-26 06:39:00,0.26942443265636484
2019-11-26 06:42:00,0.3384686550951983
2019-11-26 06:45:00,0.33648756373230526
2019-11-26 06:48:00,0.35095926916659437
2019-11-26 06:51:00,0.3051289384937945
2019-11-26 06:54:00,0.3296143193434773
2019-11-26 06:57:00,0.28334597747493717
2019-11-26 07:00:00,0.37213649724458264
2019-11-26 07:03:00,0.3261078630986276
2019-11-26 07:06:00,0.3064664262602719
2019-11-26 07:09:00,0.3650214872807851
2019-11-26 07:12:00,0.23838845332892333
2019-11-26 07:15:00,0.3057372134213665
2019-11-26 07:18:00,0.3747487024701286
2019-11-26 07:21:00,0.3048713300331656
2019-11-26 07:24:00,0.36996092834715455
2019-11-26 07:27:00,0.29167180260827763
2019-11-26 07:30:00,0.3919487021200325
2019-11-26 07:33:00,0.34900666970145267
2019-11-26 07:36:00,0.45457476059266355
2019-11-26 07:39:00,0.291371432102153
2019-11-26 07:42:00,0.25851345640950285
2019-11-26 07:45:00,0.323614420362901
2019-11-26 07:48:00,0.3596363556951587
2019-11-26 07:51:00,0.34052840680965346
2019-11-26 07:54:00,0.3353896569281005
2019-11-26 07:57:00,0.3130258223907276
2019-11-26 08:00:00,0.29188702435305913
2019-11-26 08:03:00,0.2772221227453997
2019-11-26 08:06:00,0.3156795711009863
2019-11-26 08:09:00,0.18490725178912726
2019-11-26 08:12:00,0.27886153819770243
2019-11-26 08:15:00,0.3328877023344603
2019-11-26 08:18:00,0.16319125032828197
2019-11-26 08:21:00,0.2542172340130264
2019-11-26 08:24:00,0.3526907864120403
2019-11-26 08:27:00,0.19360354593641205
2019-11-26 08:30:00,0.35259530182219123
2019-11-26 08:33:00,0.2520794054691464
2019-11-26 08:36:00,0.2040995670489565
2019-11-26 08:39:00,0.14940959290248657
2019-11-26 08:42:00,0.28517630931679605
2019-11-26 08:45:00,0.04766426909515076
2019-11-26 08:48:00,0.11090507227225999
2019-11-26 08:51:00,0.20570535717513394
2019-11-26 08:54:00,0.2674437058293506
2019-11-26 08:57:00,0.25879531712763537
2019-11-26 09:00:00,0.08962919559257898
2019-11-26 09:03:00,0.23917349960009915
2019-11-26 09:06:00,0.32987872144263974
2019-11-26 09:09:00,0.1926752739370272
2019-11-26 09:12:00,0.1734675688813354
2019-11-26 09:15:00,0.15958224802790255
2019-11-26 09:18:00,0.09886457033326224
2019-11-26 09:21:00,0.05848327825839306
2019-11-26 09:24:00,0.086257107156257
2019-11-26 09:27:00,0.15784944819682778
2019-11-26 09:30:00,0.06383881532860869
2019-11-26 09:33:00,0.055766122863474266
2019-11-26 09:36:00,0.10935238973206651
2019-11-26 09:39:00,0.057696519737930885
2019-11-26 09:42:00,0.11304667304574423
2019-11-26 09:45:00,0.10353672096385935
2019-11-26 09:48:00,0.08342469226221283
2019-11-26 09:51:00,0.12960052430616997
2019-11-26 09:54:00,0.13237150104180273
2019-11-26 09:57:00,-0.008519274932950793
2019-11-26 10:00:00,-0.05147858204441036
2019-11-26 10:03:00,-0.02161169219277781
2019-11-26 10:06:00,-0.0009507505253623094
2019-11-26 10:09:00,-0.0006879495302314353
2019-11-26 10:12:00,-0.02576764223573491
2019-11-26 10:15:00,-0.19248506532790088
2019-11-26 10:18:00,0.10605162584033678
2019-11-26 10:21:00,0.037634718214746954
2019-11-26 10:24:00,0.04825204708959063
2019-11-26 10:27:00,-0.01449956140447739
2019-11-26 10:30:00,0.0026715525864915435
2019-11-26 10:33:00,-0.001077421951777069
2019-11-26 10:36:00,0.0067636813106446425
2019-11-26 10:39:00,-0.08384090986572801
2019-11-26 10:42:00,-0.0023703491353899153
2019-11-26 10:45:00,-0.12308385539483879
2019-11-26 10:48:00,-0.03654408865389769
2019-11-26 10:51:00,-0.04207991804383937
2019-11-26 10:54:00,-0.17844710275380748
2019-11-26 10:57:00,0.06424325214271676
2019-11-26 11:00:00,-0.1402213752775765
2019-11-26 11:03:00,-0.028275263654904847
2019-11-26 11:06:00,-0.11666252426425672
2019-11-26 11:09:00,-0.13784161851043564
2019-11-26 11:12:00,-0.19805184743898963
2019-11-26 11:15:00,-0.1464186612136018
2019-11-26 11:18:00,-0.11778212976901159
2019-11-26 11:21:00,-0.04127213449550027
2019-11-26 11:24:00,-0.049021269595414196
2019-11-26 11:27:00,-0.010538344324629634
2019-11-26 11:30:00,-0.07775770397591941
2019-11-26 11:33:00,-0.07424853518602959
2019-11-26 11:36:00,-0.21320886796371497
2019-11-26 11:39:00,-0.11018194204160636
2019-11-26 11:42:00,-0.1763915262196747
2019-11-26 11:45:00,-0.19482044067757442
2019-11-26 11:48:00,-0.26060843444162174
2019-11-26 11:51:00,-0.13083069478767584
2019-11-26 11:54:00,-0.13029448301443836
2019-11-26 11:57:00,-0.19457002317841443
2019-11-26 12:00:00,-0.12606790417135016
2019-11-26 12:03:00,-0.0994871323936195
2019-11-26 12:06:00,-0.1560533737017522
2019-11-26 12:09:00,-0.16156778496321067
2019-11-26 12:12:00,-0.18599878408667792
2019-11-26 12:15:00,-0.14197456870459746
2019-11-26 12:18:00,-0.1343129148867206
2019-11-26 12:21:00,-0.20520364931263657
2019-11-26 12:24:00,-0.09838625768310294
2019-11-26 12:27:00,-0.15150009071777504
2019-11-26 12:30:00,-0.1162180261269441
2019-11-26 12:33:00,-0.1791891177788898
2019-11-26 12:36:00,-0.41755253345564824
2019-11-26 12:39:00,-0.18311724593684175
2019-11-26 12:42:00,-0.19685824398806062
2019-11-26 12:45:00,-0.16986314623767385
2019-11-26 12:48:00,-0.1284063661548771
2019-11-26 12:51:00,-0.28844741987944644
2019-11-26 12:54:00,-0.25348953722027545
2019-11-26 12:57:00,-0.2470309340577046
2019-11-26 13:00:00,-0.27434088966015224
2019-11-26 13:03:00,-0.21697111903426958
2019-11-26 13:06:00,-0.06257766913853402
2019-11-26 13:09:00,-0.27181898237381574
2019-11-26 13:12:00,-0.12164141677732232
2019-11-26 13:15:00,-0.16859857999395444
2019-11-26 13:18:00,-0.25449184608555697
2019-11-26 13:21:00,-0.20458346466904231
2019-11-26 13:24:00,-0.22989635073156478
2019-11-26 13:27:00,-0.19511999100154753
2019-11-26 13:30:00,-0.23559416474012096
2019-11-26 13:33:00,-0.15643661197952952
2019-11-26 13:36:00,-0.2165247734282616
2019-11-26 13:39:00,-0.15966525988915237
2019-11-26 13:42:00,-0.2748415109653024
2019-11-26 13:45:00,-0.21279644644283735
2019-11-26 13:48:00,-0.21180902712910665
2019-11-26 13:51:00,-0.2606850745011684
2019-11-26 13:54:00,-0.13740044225255588
2019-11-26 13:57:00,-0.23103694098591632
2019-11-26 14:00:00,-0.24761966656740242
2019-11-26 14:03:00,-0.1342682342448711
2019-11-26 14:06:00,0.3411685364469008
2019-11-26 14:09:00,-0.2640028995773491
2019-11-26 14:12:00,-0.21017566150118228
2019-11-26 14:15:00,-0.19032799003042555
2019-11-26 14:18:00,-0.14441579213706746
2019-11-26 14:21:00,-0.10445603925705882
2019-11-26 14:24:00,-0.18298770031952927
2019-11-26 14:27:00,-0.17473626543062437
2019-11-26 14:30:00,-0.184329672967408
2019-11-26 14:33:00,-0.17817202797738219
2019-11-26 14:36:00,-0.2595608786376147
2019-11-26 14:39:00,-0.1732309124619178
2019-11-26 14:42:00,-0.09496714160093234
2019-11-26 14:45:00,-0.10469092646388845
2019-11-26 14:48:00,-0.2524425035778677
2019-11-26 14:51:00,-0.22434236159728016
2019-11-26 14:54:00,-0.18088190705799434
2019-11-26 14:57:00,-0.16041619278144026
2019-11-26 15:00:00,-0.14431474078719475
2019-11-26 15:03:00,-0.1967604785351682
2019-11-26 15:06:00,-0.3152121430154011
2019-11-26 15:09:00,-0.19427962564515155
2019-11-26 15:12:00,-0.15123499075542668
2019-11-26 15:15:00,-0.19817048830265094
2019-11-26 15:18:00,-0.21294817976229297
2019-11-26 15:21:00,-0.26082595113979323
2019-11-26 15:24:00,-0.27483231378158735
2019-11-26 15:27:00,-0.2885239008622875
2019-11-26 15:30:00,-0.1483526376701434
2019-11-26 15:33:00,-0.24759876427475547
2019-11-26 15:36:00,-0.23170364694254886
2019-11-26 15:39:00,-0.19533525499082316
2019-11-26 15:42:00,-0.2319941323401622
2019-11-26 15:45:00,-0.1583212983523481
2019-11-26 15:48:00,-0.3700745109603645
2019-11-26 15:51:00,-0.2681288976930887
2019-11-26 15:54:00,-0.2816906225561411
2019-11-26 15:57:00,-0.3077675981569996
2019-11-26 16:00:00,-0.2844688273178235
2019-11-26 16:03:00,-0.28408555959606474
2019-11-26 16:06:00,-0.2626289384167535
2019-11-26 16:09:00,-0.25624206332230415
2019-11-26 16:12:00,-0.2285215181516378
2019-11-26 16:15:00,-0.2429430458960269
2019-11-26 16:18:00,-0.22255261745544885
2019-11-26 16:21:00,-0.18878165080082
2019-11-26 16:24:00,-0.24467563800277503
2019-11-26 16:27:00,-0.09843727375766775
2019-11-26 16:30:00,-0.1926172625703657
2019-11-26 16:33:00,-0.26274243153750376
2019-11-26 16:36:00,-0.2198558562257631
2019-11-26 16:39:00,-0.190914214314148
2019-11-26 16:42:00,-0.224412374995552
2019-11-26 16:45:00,-0.20772064367247367
2019-11-26 16:48:00,-0.21841823316179898
2019-11-26 16:51:00,-0.1991662706113857
2019-11-26 16:54:00,-0.22287825242216286
2019-11-26 16:57:00,-0.2070400426319452
2019-11-26 17:00:00,-0.23084680972965543
2019-11-26 17:03:00,-0.16164503388637286
2019-11-26 17:06:00,-0.11991952422994245
2019-11-26 17:09:00,-0.13769097238019867
2019-11-26 17:12:00,-0.09717015560164555
2019-11-26 17:15:00,-0.17811315028774288
2019-11-26 17:18:00,-0.10443931578600996
2019-11-26 17:21:00,-0.2288993445023948
2019-11-26 17:24:00,-0.09910578139312065
2019-11-26 17:27:00,-0.13810262319850608
2019-11-26 17:30:00,-0.09003479092916677
2019-11-26 17:33:00,-0.11589892454782103
2019-11-26 17:36:00,-0.14453976776877653
2019-11-26 17:39:00,-0.1153986127262101
2019-11-26 17:42:00,-0.13533547374782984
2019-11-26 17:45:00,-0.0726184616640353
2019-11-26 17:48:00,-0.03712666083254135
2019-11-26 17:51:00,-0.046467885886727345
2019-11-26 17:54:00,-0.2385576664154314
2019-11-26 17:57:00,-0.09235627259005241
2019-11-26 18:00:00,-0.2085423478110897
2019-11-26 18:03:00,-0.017188502151100238
2019-11-26 18:06:00,-0.17829543243453827
2019-11-26 18:09:00,-0.11517316348499662
2019-11-26 18:12:00,-0.07626461283081198
2019-11-26 18:15:00,-0.11800287909204599
2019-11-26 18:18:00,-0.04963101410288573
2019-11-26 18:21:00,-0.06455225572551626
2019-11-26 18:24:00,-0.0944865314735921
2019-11-26 18:27:00,0.034214995538150106
2019-11-26 18:30:00,0.09196933953916187
2019-11-26 18:33:00,-0.014211722481888955
2019-11-26 18:36:00,0.044957446861872086
2019-11-26 18:39:00,0.06434010861539718
2019-11-26 18:42:00,-0.05242246950228946
2019-11-26 18:45:00,-0.07178050428080951
2019-11-26 18:48:00,-0.03672024235322624
2019-11-26 18:51:00,-0.03757799823915775
2019-11-26 18:54:00,
2019-11-26 18:57:00,
2019-11-26 19:00:00,
2019-11-26 19:03:00,-0.03482395532893179
2019-11-26 19:06:00,0.08634778419116174
2019-11-26 19:09:00,-0.07867063371492122
2019-11-26 19:12:00,-0.13465792483566474
2019-11-26 19:15:00,0.11806784510093848
2019-11-26 19:18:00,-0.04995015845611306
2019-11-26 19:21:00,0.045660459796522446
2019-11-26 19:24:00,0.07058536383971159
2019-11-26 19:27:00,0.022166638832629815
2019-11-26 19:30:00,-0.014077349499586944
2019-11-26 19:33:00,-0.06234792505227915
2019-11-26 19:36:00,-0.1415851881710637
2019-11-26 19:39:00,0.05261377543996559
2019-11-26 19:42:00,0.021372794245962723
2019-11-26 19:45:00,0.035755750889507
2019-11-26 19:48:00,0.06767465504401571
2019-11-26 19:51:00,0.04379685074513873
2019-11-26 19:54:00,0.016284303973577607
2019-11-26 19:57:00,0.12528253224286345
2019-11-26 20:00:00,0.10212602225595901
2019-11-26 20:03:00,0.08904538952378971
2019-11-26 20:06:00,0.03776977001501791
2019-11-26 20:09:00,0.10795583375687556
2019-11-26 20:12:00,-0.01617696893106313
2019-11-26 20:15:00,0.044239353123487035
2019-11-26 20:18:00,0.12385507737548096
2019-11-26 20:21:00,0.07901963040683313
2019-11-26 20:24:00,0.06520075945752524
2019-11-26 20:27:00,0.00233093065810408
2019-11-26 20:30:00,0.09993792456708661
2019-11-26 20:33:00,0.09663821131704253
2019-11-26 20:36:00,0.0630160007780205
2019-11-26 20:39:00,0.1309090524029557
2019-11-26 20:42:00,0.10576988470728566
2019-11-26 20:45:00,0.0904382269202415
2019-11-26 20:48:00,0.08849613014723445
2019-11-26 20:51:00,0.1074265078129315
2019-11-26 20:54:00,0.18034600506803145
2019-11-26 20:57:00,0.14639029628438038
2019-11-26 21:00:00,0.17787395065056444
2019-11-26 21:03:00,0.15789605912289062
2019-11-26 21:06:00,0.2037486426373789
2019-11-26 21:09:00,0.2122023737484824
2019-11-26 21:12:00,0.19097566874421545
2019-11-26 21:15:00,0.13591114508250257
2019-11-26 21:18:00,0.1754772509169129
2019-11-26 21:21:00,0.15653105636897635
2019-11-26 21:24:00,0.12131666236439287
2019-11-26 21:27:00,0.17557085943275297
2019-11-26 21:30:00,0.15542546508345367
2019-11-26 21:33:00,0.11017389758080753
2019-11-26 21:36:00,0.14113285000229325
2019-11-26 21:39:00,0.08692751412985444
2019-11-26 21:42:00,0.15725037108632023
2019-11-26 21:45:00,0.2248583659231258
2019-11-26 21:48:00,0.1360873418361166
2019-11-26 21:51:00,0.09485305833322855
2019-11-26 21:54:00,0.08616478233437874
2019-11-26 21:57:00,0.10539647193189694
2019-11-26 22:00:00,0.2299949519511415
2019-11-26 22:03:00,0.05024148840186626
2019-11-26 22:06:00,0.14053049701573173
2019-11-26 22:09:00,0.1662312254066478
2019-11-26 22:12:00,0.23369344127689828
2019-11-26 22:15:00,0.17023485463533916
2019-11-26 22:18:00,0.14780972421903016
2019-11-26 22:21:00,0.18660480587789152
2019-11-26 22:24:00,0.12028922603371939
2019-11-26 22:27:00,0.1243722713551847
2019-11-26 22:30:00,0.24719439599749649
2019-11-26 22:33:00,0.15611428334841548
2019-11-26 22:36:00,0.22404197955842164
2019-11-26 22:39:00,0.22258731688350508
2019-11-26 22:42:00,0.22419470665647623
2019-11-26 22:45:00,0.14130010767746626
2019-11-26 22:48:00,0.10127617971977543
2019-11-26 22:51:00,0.051648992139234906
2019-11-26 22:54:00,0.22781369336445323
2019-11-26 22:57:00,0.2327504815511361
2019-11-26 23:00:00,0.2555258275874621
2019-11-26 23:03:00,0.21659378773205162
2019-11-26 23:06:00,0.13378941375054865
2019-11-26 23:09:00,0.2932666677619409
2019-11-26 23:12:00,0.07631674882685502
2019-11-26 23:15:00,0.1971608222827399
2019-11-26 23:18:00,0.2224051157984377
2019-11-26 23:21:00,0.12148652118173686
2019-11-26 23:24:00,0.1922686707754906
2019-11-26 23:27:00,0.16564532963889178
2019-11-26 23:30:00,0.0706416042801834
2019-11-26 23:33:00,0.157048931324141
2019-11-26 23:36:00,0.20400008304517314
2019-11-26 23:39:00,0.12995546178643735
2019-11-26 23:42:00,0.2755484904208174
2019-11-26 23:45:00,0.18369300153261747
2019-11-26 23:48:00,0.19835231619242677
2019-11-26 23:51:00,0.18669163703270897
2019-11-26 23:54:00,0.1873182134567628
2019-11-26 23:57:00,0.16565219858864566
2019-11-27 00:00:00,0.17092586626569073
2019-11-27 00:03:00,0.22824792466997224
2019-11-27 00:06:00,0.19921984662767045
2019-11-27 00:09:00,0.23835936158809545
2019-11-27 00:12:00,0.12937546920409204
2019-11-27 00:15:00,0.20414110218098358
2019-11-27 00:18:00,0.3646852882998246
2019-11-27 00:21:00,0.1862976849736242
2019-11-27 00:24:00,0.16242627676774646
2019-11-27 00:27:00,0.13004091406907037
2019-11-27 00:30:00,0.17368127523855037
2019-11-27 00:33:00,0.13954215506845458
2019-11-27 00:36:00,0.32129269280102335
2019-11-27 00:39:00,0.2427239195278048
2019-11-27 00:42:00,0.33968625405623243
2019-11-27 00:45:00,0.17651276270680683
2019-11-27 00:48:00,0.31725365434243713
2019-11-27 00:51:00,0.2711395813852846
2019-11-27 00:54:00,0.21267791300903127
2019-11-27 00:57:00,0.22245170697925687
2019-11-27 01:00:00,0.29408725554668536
2019-11-27 01:03:00,0.3022638394801902
2019-11-27 01:06:00,0.36691445080197127
2019-11-27 01:09:00,0.3706814012788868
2019-11-27 01:12:00,0.3537911674936254
2019-11-27 01:15:00,0.4033523362718938
2019-11-27 01:18:00,0.3317955434551436
2019-11-27 01:21:00,0.3497747683755392
2019-11-27 01:24:00,0.2677014620197724
2019-11-27 01:27:00,0.22775648889250988
2019-11-27 01:30:00,0.2556726077003191
2019-11-27 01:33:00,0.4690101566072258
2019-11-27 01:36:00,0.343026199224596
2019-11-27 01:39:00,0.4455138549898834
2019-11-27 01:42:00,0.34930907698947067
2019-11-27 01:45:00,0.344141159706453
2019-11-27 01:48:00,0.42696058288623817
2019-11-27 01:51:00,0.47020403298398605
2019-11-27 01:54:00,0.410900189095571
2019-11-27 01:57:00,0.4548726814867905
2019-11-27 02:00:00,0.3731936501062023
2019-11-27 02:03:00,0.35189070297161607
2019-11-27 02:06:00,0.5584571819157418
2019-11-27 02:09:00,0.42100086613976373
2019-11-27 02:12:00,0.45785835375363604
2019-11-27 02:15:00,0.4421054188279072
2019-11-27 02:18:00,0.4898118398772908
2019-11-27 02:21:00,0.5695259079150787
2019-11-27 02:24:00,0.43865433032601686
2019-11-27 02:27:00,0.42524224077004646
2019-11-27 02:30:00,0.5086334332942783
2019-11-27 02:33:00,0.5024789630967348
2019-11-27 02:36:00,0.5397989579739146
2019-11-27 02:39:00,0.5333185750448592
2019-11-27 02:42:00,0.4893400048617309
2019-11-27 02:45:00,0.5057109648232085
2019-11-27 02:48:00,0.4992248692528847
2019-11-27 02:51:00,0.5182672992713151
2019-11-27 02:54:00,0.4358305644146867
2019-11-27 02:57:00,0.44941014226549214
2019-11-27 03:00:00,0.37336489606678924
2019-11-27 03:03:00,0.39631327152847007
2019-11-27 03:06:00,0.4867712974991605
2019-11-27 03:09:00,0.2709839924245898
2019-11-27 03:12:00,0.3379157755896358
2019-11-27 03:15:00,0.33746195039424265
2019-11-27 03:18:00,0.2784584927093192
2019-11-27 03:21:00,0.24037021576492634
2019-11-27 03:24:00,0.3420043547026239
2019-11-27 03:27:00,0.36664116611837017
2019-11-27 03:30:00,0.3141383321604394
2019-11-27 03:33:00,0.28197357670859446
2019-11-27 03:36:00,0.4748512566048362
2019-11-27 03:39:00,0.3271784625722489
2019-11-27 03:42:00,0.3699192330867618
2019-11-27 03:45:00,0.23282561719577188
2019-11-27 03:48:00,0.23233799993619186
2019-11-27 03:51:00,0.31292758462006987
2019-11-27 03:54:00,0.3029990378039997
2019-11-27 03:57:00,0.2184591052896394
2019-11-27 04:00:00,0.31172596084701354
2019-11-27 04:03:00,0.34339001272496716
2019-11-27 04:06:00,0.38834234436984616
2019-11-27 04:09:00,0.3247540431934226
2019-11-27 04:12:00,0.3129093882715779
2019-11-27 04:15:00,0.3427361527145649
2019-11-27 04:18:00,0.41931000523084094
2019-11-27 04:21:00,0.36402903126389674
2019-11-27 04:24:00,0.24831991117270036
2019-11-27 04:27:00,0.286883449044808
2019-11-27 04:30:00,0.327012363280744
2019-11-27 04:33:00,0.32851851945525823
2019-11-27 04:36:00,0.3254044879366802
2019-11-27 04:39:00,0.3302293128128895
2019-11-27 04:42:00,0.33112642732521635
2019-11-27 04:45:00,0.3584907401126429
2019-11-27 04:48:00,0.38973118977907006
2019-11-27 04:51:00,0.3983956678256959
2019-11-27 04:54:00,0.4171344474394232
2019-11-27 04:57:00,0.39785987403683976
2019-11-27 05:00:00,0.35109268456687914
2019-11-27 05:03:00,0.38952868299867305
2019-11-27 05:06:00,0.40836696853233434
2019-11-27 05:09:00,0.4662921592347402
2019-11-27 05:12:00,0.43891561915751254
2019-11-27 05:15:00,0.45384676101406285
2019-11-27 05:18:00,0.44737708911509344
2019-11-27 05:21:00,0.4310049108964904
2019-11-27 05:24:00,0.3450472106993061
2019-11-27 05:27:00,0.3490295604132143
2019-11-27 05:30:00,0.4277144617969384
2019-11-27 05:33:00,0.38707102141398764
2019-11-27 05:36:00,0.417569793280677
2019-11-27 05:39:00,0.292355149370394
2019-11-27 05:42:00,0.3615475311743239
2019-11-27 05:45:00,0.4502131899312758
2019-11-27 05:48:00,0.35249786489259805
2019-11-27 05:51:00,0.3718771657988782
2019-11-27 05:54:00,0.43127046503786914
2019-11-27 05:57:00,0.4248838282667293
2019-11-27 06:00:00,0.36431086149877956
2019-11-27 06:03:00,0.33482003802976124
2019-11-27 06:06:00,0.45693450763172905
2019-11-27 06:09:00,0.4118284868417277
2019-11-27 06:12:00,0.39986741523375713
2019-11-27 06:15:00,0.42168128435548624
2019-11-27 06:18:00,0.3856682643815361
2019-11-27 06:21:00,0.45291635739278036
2019-11-27 06:24:00,0.3116616736800779
2019-11-27 06:27:00,0.396673426856637
2019-11-27 06:30:00,0.47716081573565816
2019-11-27 06:33:00,0.41429101639181454
2019-11-27 06:36:00,0.38064584175259597
2019-11-27 06:39:00,0.3712734978533945
2019-11-27 06:42:00,0.36429055859150594
2019-11-27 06:45:00,0.3893560639721727
2019-11-27 06:48:00,0.41213579021535907
2019-11-27 06:51:00,0.36161177592566673
2019-11-27 06:54:00,0.26083874559651576
2019-11-27 06:57:00,0.4020601959251735
2019-11-27 07:00:00,0.35032433128344564
2019-11-27 07:03:00,0.39998136728848976
2019-11-27 07:06:00,0.41051032804551824
2019-11-27 07:09:00,0.4473278330935955
2019-11-27 07:12:00,0.4135270314353079
2019-11-27 07:15:00,0.3336135914056513
2019-11-27 07:18:00,0.3946874183070008
2019-11-27 07:21:00,0.429449883466134
2019-11-27 07:24:00,0.43163854339218233
2019-11-27 07:27:00,0.39127113485847076
2019-11-27 07:30:00,0.28724013472481147
2019-11-27 07:33:00,0.3685357371038549
2019-11-27 07:36:00,0.330981522743798
2019-11-27 07:39:00,0.3557705766109507
2019-11-27 07:42:00,0.4339075072161904
2019-11-27 07:45:00,0.3276007570171373
2019-11-27 07:48:00,0.3242152328705288
2019-11-27 07:51:00,0.36766762975759093
2019-11-27 07:54:00,0.41782573949308244
2019-11-27 07:57:00,0.3791021666095844
2019-11-27 08:00:00,0.35818863129458123
2019-11-27 08:03:00,0.3784381697130357
2019-11-27 08:06:00,0.38764502470098705
2019-11-27 08:09:00,0.30783972218415556
2019-11-27 08:12:00,0.4060343801230033
2019-11-27 08:15:00,0.2964698635012155
2019-11-27 08:18:00,0.36648752402788887
2019-11-27 08:21:00,0.3102483924191688
2019-11-27 08:24:00,0.360202602268032
2019-11-27 08:27:00,0.35354468399998495
2019-11-27 08:30:00,0.23877979761408596
2019-11-27 08:33:00,0.2737342199585555
2019-11-27 08:36:00,0.37790869849584396
2019-11-27 08:39:00,0.20170072734822497
2019-11-27 08:42:00,0.11139388837369779
2019-11-27 08:45:00,0.1581509733247799
2019-11-27 08:48:00,0.2028449080264636
2019-11-27 08:51:00,0.14539484388876645
2019-11-27 08:54:00,0.29548406465551125
2019-11-27 08:57:00,0.1978981942916107
2019-11-27 09:00:00,0.037383454503185476
2019-11-27 09:03:00,0.12876044659321906
2019-11-27 09:06:00,0.15260258907244406
2019-11-27 09:09:00,0.16636293057121065
2019-11-27 09:12:00,0.18282046114501327
2019-11-27 09:15:00,0.13004515118552717
2019-11-27 09:18:00,0.19030745310192287
2019-11-27 09:21:00,0.08248913362439225
2019-11-27 09:24:00,0.10478463616703948
2019-11-27 09:27:00,0.03601262375303804
2019-11-27 09:30:00,0.0612436946068442
2019-11-27 09:33:00,-0.015387059344959653
2019-11-27 09:36:00,0.009038701980273345
2019-11-27 09:39:00,-0.034993688627480424
2019-11-27 09:42:00,0.026962426291277097
2019-11-27 09:45:00,0.11562325464865353
2019-11-27 09:48:00,-0.0043687082166457
2019-11-27 09:51:00,-0.06792633340592147
2019-11-27 09:54:00,-0.05403167000832809
2019-11-27 09:57:00,-0.03509690990358649
2019-11-27 10:00:00,0.027573738636760936
2019-11-27 10:03:00,-0.057399621064519124
2019-11-27 10:06:00,-0.06677572784235508
2019-11-27 10:09:00,0.010781988258656838
2019-11-27 10:12:00,-0.11309888903952015
2019-11-27 10:15:00,-0.08767647732832984
2019-11-27 10:18:00,-0.10431170706249304
2019-11-27 10:21:00,-0.014312336444845641
2019-11-27 10:24:00,-0.0018640191927374872
2019-11-27 10:27:00,-0.11646196847686952
2019-11-27 10:30:00,-0.10262244900252426
2019-11-27 10:33:00,-0.04238748892788635
2019-11-27 10:36:00,-0.14656390525726692
2019-11-27 10:39:00,-0.1476969283176004
2019-11-27 10:42:00,-0.1424415906516856
2019-11-27 10:45:00,-0.04940523024913546
2019-11-27 10:48:00,-0.10741085087840929
2019-11-27 10:51:00,-0.023110638480432044
2019-11-27 10:54:00,-0.15034404538482704
2019-11-27 10:57:00,-0.13627625261585763
2019-11-27 11:00:00,-0.21973303453160042
2019-11-27 11:03:00,-0.04243326563170058
2019-11-27 11:06:00,-0.16204177707311374
2019-11-27 11:09:00,-0.11552397891182409
2019-11-27 11:12:00,-0.10831909695752984
2019-11-27 11:15:00,-0.10607824942138677
2019-11-27 11:18:00,-0.047542780905189375
2019-11-27 11:21:00,-0.1721344008922756
2019-11-27 11:24:00,-0.1898244918172054
2019-11-27 11:27:00,-0.16615388421269017
2019-11-27 11:30:00,-0.1515346313512964
2019-11-27 11:33:00,-0.17990464375526471
2019-11-27 11:36:00,-0.1569595378493318
2019-11-27 11:39:00,-0.1422986111322757
2019-11-27 11:42:00,-0.08351466814787045
2019-11-27 11:45:00,-0.1675607607666052
2019-11-27 11:48:00,-0.21913031274186778
2019-11-27 11:51:00,-0.25877308861868187
2019-11-27 11:54:00,-0.27209400890751567
2019-11-27 11:57:00,-0.32296082353326483
2019-11-27 12:00:00,-0.21377568918353518
2019-11-27 12:03:00,-0.23548534338044647
2019-11-27 12:06:00,-0.22718231577221104
2019-11-27 12:09:00,-0.23035206401493724
2019-11-27 12:12:00,-0.25438899300326057
2019-11-27 12:15:00,-0.28799242655958324
2019-11-27 12:18:00,-0.2521918601376001
2019-11-27 12:21:00,-0.2597657488637424
2019-11-27 12:24:00,-0.20560892721999835
2019-11-27 12:27:00,-0.2555221642283527
2019-11-27 12:30:00,-0.22989555474623558
2019-11-27 12:33:00,-0.24838911824957677
2019-11-27 12:36:00,-0.33428245532422807
2019-11-27 12:39:00,-0.30118298852852377
2019-11-27 12:42:00,-0.24219114959697663
2019-11-27 12:45:00,-0.23322973612602027
2019-11-27 12:48:00,-0.2325171825878556
2019-11-27 12:51:00,-0.191652822997753
2019-11-27 12:54:00,-0.2677897021138165
2019-11-27 12:57:00,-0.2443540638498689
2019-11-27 13:00:00,-0.23795533528857504
2019-11-27 13:03:00,-0.17601760972041802
2019-11-27 13:06:00,-0.2735574339520781
2019-11-27 13:09:00,-0.3398948528375172
2019-11-27 13:12:00,-0.21775941084513306
2019-11-27 13:15:00,-0.289998344854439
2019-11-27 13:18:00,-0.16229185098916332
2019-11-27 13:21:00,-0.20876962554854117
2019-11-27 13:24:00,-0.2031515171855176
2019-11-27 13:27:00,-0.21251347766246909
2019-11-27 13:30:00,-0.16776728369887906
2019-11-27 13:33:00,-0.21949121164539065
2019-11-27 13:36:00,-0.32259411299446583
2019-11-27 13:39:00,-0.23813119641727098
2019-11-27 13:42:00,-0.1950517964107803
2019-11-27 13:45:00,-0.1677257818051885
2019-11-27 13:48:00,-0.27247776556578174
2019-11-27 13:51:00,-0.2058399318138413
2019-11-27 13:54:00,-0.27630026183595646
2019-11-27 13:57:00,-0.1691823985214569
2019-11-27 14:00:00,-0.31261458452536317
2019-11-27 14:03:00,-0.26505290095735745
2019-11-27 14:06:00,-0.3181855439673882
2019-11-27 14:09:00,-0.2938664417699215
2019-11-27 14:12:00,-0.1912044059611162
2019-11-27 14:15:00,-0.19175803978720296
2019-11-27 14:18:00,-0.2863715273377352
2019-11-27 14:21:00,-0.31959092707631953
2019-11-27 14:24:00,-0.285242881718375
2019-11-27 14:27:00,-0.25101746828391924
2019-11-27 14:30:00,-0.27237614669951427
2019-11-27 14:33:00,-0.2999651389713449
2019-11-27 14:36:00,-0.33651754629897823
2019-11-27 14:39:00,-0.3318546745368849
2019-11-27 14:42:00,-0.29006176827323316
2019-11-27 14:45:00,-0.40985649054721307
2019-11-27 14:48:00,-0.30106353205258074
2019-11-27 14:51:00,-0.3164876272112451
2019-11-27 14:54:00,-0.3006720548186763
2019-11-27 14:57:00,-0.3310869776122445
2019-11-27 15:00:00,-0.36522506207040806
2019-11-27 15:03:00,-0.3731458723941614
2019-11-27 15:06:00,-0.3380251215258454
2019-11-27 15:09:00,-0.29942590018180226
2019-11-27 15:12:00,-0.22874086939265226
2019-11-27 15:15:00,-0.3023470370829955
2019-11-27 15:18:00,-0.2844203115158166
2019-11-27 15:21:00,-0.2750686112913172
2019-11-27 15:24:00,-0.3179504337293224
2019-11-27 15:27:00,-0.3276223042196307
2019-11-27 15:30:00,-0.29300402430754957
2019-11-27 15:33:00,-0.35193599111369167
2019-11-27 15:36:00,-0.2896662100649223
2019-11-27 15:39:00,-0.24601885917684285
2019-11-27 15:42:00,-0.3917889798372016
2019-11-27 15:45:00,-0.32156539773501436
2019-11-27 15:48:00,-0.34197301920784184
2019-11-27 15:51:00,-0.36105184653462175
2019-11-27 15:54:00,-0.23299435516071298
2019-11-27 15:57:00,-0.2855526365014498
2019-11-27 16:00:00,-0.2212382835102744
2019-11-27 16:03:00,-0.17080039822428716
2019-11-27 16:06:00,-0.2280111151866322
2019-11-27 16:09:00,-0.36940913428441036
2019-11-27 16:12:00,-0.2675419526519818
2019-11-27 16:15:00,-0.2162385996664966
2019-11-27 16:18:00,-0.2201387639827317
2019-11-27 16:21:00,-0.3087940196007821
2019-11-27 16:24:00,-0.2944092448616402
2019-11-27 16:27:00,-0.21993290831522927
2019-11-27 16:30:00,-0.17722068279164205
2019-11-27 16:33:00,-0.2570613126051171
2019-11-27 16:36:00,-0.2084089803736333
2019-11-27 16:39:00,-0.150296667632972
2019-11-27 16:42:00,-0.2278911797211549
2019-11-27 16:45:00,-0.23709168471418707
2019-11-27 16:48:00,-0.1437902453420179
2019-11-27 16:51:00,-0.2686729485419619
2019-11-27 16:54:00,-0.18010770754352734
2019-11-27 16:57:00,-0.22710885605800968
2019-11-27 17:00:00,-0.1389969187056863
2019-11-27 17:03:00,-0.11222703939165513
2019-11-27 17:06:00,-0.16298642320663248
2019-11-27 17:09:00,-0.18764818661645677
2019-11-27 17:12:00,-0.17705729915655866
2019-11-27 17:15:00,-0.0851963178157007
2019-11-27 17:18:00,-0.18160008805995176
2019-11-27 17:21:00,-0.15716242734396246
2019-11-27 17:24:00,-0.11716388962037172
2019-11-27 17:27:00,-0.11511034421749855
2019-11-27 17:30:00,-0.1533382295686465
2019-11-27 17:33:00,-0.12443854329723081
2019-11-27 17:36:00,-0.17904216931293604
2019-11-27 17:39:00,-0.09930911859959224
2019-11-27 17:42:00,-0.15502413075068944
2019-11-27 17:45:00,-0.08853555669730895
2019-11-27 17:48:00,-0.08660258682152744
2019-11-27 17:51:00,-0.08685831338254957
2019-11-27 17:54:00,-0.1801102116663742
2019-11-27 17:57:00,-0.0794939780279833
2019-11-27 18:00:00,-0.09258941511791363
2019-11-27 18:03:00,-0.13517839101689333
2019-11-27 18:06:00,-0.05007529301121849
2019-11-27 18:09:00,-0.08322176423439487
2019-11-27 18:12:00,-0.11919365514421543
2019-11-27 18:15:00,-0.12952556807562132
2019-11-27 18:18:00,-0.07223094197303226
2019-11-27 18:21:00,0.012079731494452517
2019-11-27 18:24:00,-0.04762275988144893
2019-11-27 18:27:00,-0.05817032502437769
2019-11-27 18:30:00,0.01337367459939287
2019-11-27 18:33:00,-0.04590863202059836
2019-11-27 18:36:00,-0.009324225727141311
2019-11-27 18:39:00,0.0355885310219719
2019-11-27 18:42:00,-0.009518282947908574
2019-11-27 18:45:00,-0.0734559851032941
2019-11-27 18:48:00,-0.050247706997708974
2019-11-27 18:51:00,-0.01791792534055503
2019-11-27 18:54:00,
2019-11-27 18:57:00,
2019-11-27 19:00:00,
2019-11-27 19:03:00,0.035604774760884084
2019-11-27 19:06:00,0.029000215663813833
2019-11-27 19:09:00,0.05117148257932058
2019-11-27 19:12:00,0.021251477465966673
2019-11-27 19:15:00,0.13023246573419556
2019-11-27 19:18:00,0.00910847133718562
2019-11-27 19:21:00,0.08125066409786541
2019-11-27 19:24:00,0.013905986933821168
2019-11-27 19:27:00,0.05834113356195303
2019-11-27 19:30:00,0.0007406893657275759
2019-11-27 19:33:00,-0.011507428174581946
2019-11-27 19:36:00,0.18549143097214937
2019-11-27 19:39:00,0.018324541465801758
2019-11-27 19:42:00,0.07540167610204662
2019-11-27 19:45:00,0.0210611877730571
2019-11-27 19:48:00,0.020479137724748853
2019-11-27 19:51:00,-0.0023217334181708793
2019-11-27 19:54:00,0.08009590581997372
2019-11-27 19:57:00,0.05263717716860583
2019-11-27 20:00:00,0.04514332630407125
2019-11-27 20:03:00,0.028939738228075385
2019-11-27 20:06:00,-0.06401074995392264
2019-11-27 20:09:00,-0.04247468113732111
2019-11-27 20:12:00,0.05829645666420902
2019-11-27 20:15:00,-0.06166366781104671
2019-11-27 20:18:00,0.08989020233440215
2019-11-27 20:21:00,0.06679905975028078
2019-11-27 20:24:00,-0.0008454994309659014
2019-11-27 20:27:00,0.09598441564264704
2019-11-27 20:30:00,0.14593545371059236
2019-11-27 20:33:00,-0.048924619028753114
2019-11-27 20:36:00,0.024337120108100407
2019-11-27 20:39:00,0.024371768236164826
2019-11-27 20:42:00,0.08795597578654224
2019-11-27 20:45:00,0.10070382369605113
2019-11-27 20:48:00,0.04824447653641073
2019-11-27 20:51:00,0.06846279592849669
2019-11-27 20:54:00,0.102811804778014
2019-11-27 20:57:00,0.09127795382534032
2019-11-27 21:00:00,0.08830389100910452
2019-11-27 21:03:00,0.04804837455424149
2019-11-27 21:06:00,0.047530295804165235
2019-11-27 21:09:00,0.12673311584370595
2019-11-27 21:12:00,0.12560084209928846
2019-11-27 21:15:00,0.0883875837473056
2019-11-27 21:18:00,0.05286072849605716
2019-11-27 21:21:00,0.009183011254151552
2019-11-27 21:24:00,0.01856069476986022
2019-11-27 21:27:00,0.15446653032859103
2019-11-27 21:30:00,0.014218451378610553
2019-11-27 21:33:00,0.006370407928272925
2019-11-27 21:36:00,0.058009627447916046
2019-11-27 21:39:00,0.003022411002973513
2019-11-27 21:42:00,0.07782595516511037
2019-11-27 21:45:00,-0.0030627911614260483
2019-11-27 21:48:00,0.03218394518592049
2019-11-27 21:51:00,0.08164044822888172
2019-11-27 21:54:00,0.10821620761913664
2019-11-27 21:57:00,0.0003330872576157162
2019-11-27 22:00:00,-0.01145163968686802
2019-11-27 22:03:00,-0.02052144065601169
2019-11-27 22:06:00,0.06066102048805533
2019-11-27 22:09:00,-0.030276737794054043
2019-11-27 22:12:00,0.03271186908062873
2019-11-27 22:15:00,0.04722879447899686
2019-11-27 22:18:00,0.103472020124741
2019-11-27 22:21:00,0.15016880154195178
2019-11-27 22:24:00,0.09977578920688757
2019-11-27 22:27:00,-0.010670024413855117
2019-11-27 22:30:00,0.1066955081200831
2019-11-27 22:33:00,0.04878124374425852
2019-11-27 22:36:00,-0.0419142423029939
2019-11-27 22:39:00,-0.09579057768371513
2019-11-27 22:42:00,0.07955628385997215
2019-11-27 22:45:00,0.09296935633358316
2019-11-27 22:48:00,0.09346118382217128
2019-11-27 22:51:00,0.16814742364022095
2019-11-27 22:54:00,0.24660172800139435
2019-11-27 22:57:00,0.16460808952973593
2019-11-27 23:00:00,0.18743454928528536
2019-11-27 23:03:00,0.202488114761195
2019-11-27 23:06:00,0.13784726522999335
2019-11-27 23:09:00,0.029191950105030173
2019-11-27 23:12:00,0.10082297872884283
2019-11-27 23:15:00,0.22274310670337627
2019-11-27 23:18:00,0.10477245074048369
2019-11-27 23:21:00,0.19611168987091787
2019-11-27 23:24:00,0.13913820399994847
2019-11-27 23:27:00,0.14642201725752102
2019-11-27 23:30:00,0.19207970476560376
2019-11-27 23:33:00,0.2893227310690918
2019-11-27 23:36:00,0.23985627978208868
2019-11-27 23:39:00,0.3736769176780399
2019-11-27 23:42:00,0.4516768422507198
2019-11-27 23:45:00,0.4499934549395448
2019-11-27 23:48:00,0.23321759557256883
2019-11-27 23:51:00,0.45511209450734214
2019-11-27 23:54:00,0.4441886683711118
2019-11-27 23:57:00,0.36692265811524294
2019-11-28 00:00:00,0.45780486295791434
2019-11-28 00:03:00,0.39944485776453575
2019-11-28 00:06:00,0.45760214095605534
2019-11-28 00:09:00,0.4587327541009927
2019-11-28 00:12:00,0.3735272936836509
2019-11-28 00:15:00,0.6782225133933366
2019-11-28 00:18:00,0.5058727699454835
2019-11-28 00:21:00,0.6548650839880565
2019-11-28 00:24:00,0.5731656801838199
2019-11-28 00:27:00,0.5412045056710326
2019-11-28 00:30:00,0.5850373290233506
2019-11-28 00:33:00,0.6649609687408429
2019-11-28 00:36:00,0.4387852738204856
2019-11-28 00:39:00,0.5033105888477962
2019-11-28 00:42:00,0.4252597406580776
2019-11-28 00:45:00,0.7726324585827342
2019-11-28 00:48:00,0.7823555132160891
2019-11-28 00:51:00,0.66706578779133
2019-11-28 00:54:00,0.7728618587880192
2019-11-28 00:57:00,0.8397660966828653
2019-11-28 01:00:00,0.8931766909159364
2019-11-28 01:03:00,0.8358369900871594
2019-11-28 01:06:00,0.7303190286076529
2019-11-28 01:09:00,0.6022859136840566
2019-11-28 01:12:00,0.6536709079209686
2019-11-28 01:15:00,0.5693524738242672
2019-11-28 01:18:00,0.5910761703502203
2019-11-28 01:21:00,0.46605953630989916
2019-11-28 01:24:00,0.5185081295003897
2019-11-28 01:27:00,0.4935941670966031
2019-11-28 01:30:00,0.5054425360928008
2019-11-28 01:33:00,0.48877602287177524
2019-11-28 01:36:00,0.5675676741972211
2019-11-28 01:39:00,0.5480338350730563
2019-11-28 01:42:00,0.6295698822227109
2019-11-28 01:45:00,0.5567040275963677
2019-11-28 01:48:00,0.6172521473486086
2019-11-28 01:51:00,0.5937012231822791
2019-11-28 01:54:00,0.6487015182083269
2019-11-28 01:57:00,0.5931898661161767
2019-11-28 02:00:00,0.588308179186356
2019-11-28 02:03:00,0.6281439356461647
2019-11-28 02:06:00,0.6808554849823736
2019-11-28 02:09:00,0.7126827296244755
2019-11-28 02:12:00,0.7004177080227123
2019-11-28 02:15:00,0.7481553840630681
2019-11-28 02:18:00,0.8210986374106142
2019-11-28 02:21:00,0.6555811005812302
2019-11-28 02:24:00,0.7766906571125105
2019-11-28 02:27:00,0.7659273278016485
2019-11-28 02:30:00,0.6912388934027831
2019-11-28 02:33:00,0.5979279382996765
2019-11-28 02:36:00,0.6340262595833792
2019-11-28 02:39:00,0.6488064898305197
2019-11-28 02:42:00,0.7142296463778166
2019-11-28 02:45:00,0.6786177685014536
2019-11-28 02:48:00,0.640056589372989
2019-11-28 02:51:00,0.7150185501453734
2019-11-28 02:54:00,0.6777166351687924
2019-11-28 02:57:00,0.7049040635718029
2019-11-28 03:00:00,0.600014812857296
2019-11-28 03:03:00,0.7974523011357633
2019-11-28 03:06:00,0.7379671363527223
2019-11-28 03:09:00,0.7324433538952348
2019-11-28 03:12:00,0.7099750561025644
2019-11-28 03:15:00,0.6813897350558022
2019-11-28 03:18:00,0.6633295896140226
2019-11-28 03:21:00,0.7407222060672325
2019-11-28 03:24:00,0.6148157390138067
2019-11-28 03:27:00,0.6414406384500353
2019-11-28 03:30:00,0.6939063956812674
2019-11-28 03:33:00,0.613678382154319
2019-11-28 03:36:00,0.7061958389946312
2019-11-28 03:39:00,0.7642284436829527
2019-11-28 03:42:00,0.7492804326434452
2019-11-28 03:45:00,0.7449541922818526
2019-11-28 03:48:00,0.6942698861088274
2019-11-28 03:51:00,0.8158093428233997
2019-11-28 03:54:00,0.7621038169197618
2019-11-28 03:57:00,0.7451242457593708
2019-11-28 04:00:00,0.7033666808558792
2019-11-28 04:03:00,0.5871825720028028
2019-11-28 04:06:00,0.783351366386114
2019-11-28 04:09:00,0.7076127468935738
2019-11-28 04:12:00,0.6808920242976342
2019-11-28 04:15:00,0.7918587474856622
2019-11-28 04:18:00,0.7548642402063592
2019-11-28 04:21:00,0.7353876638878774
2019-11-28 04:24:00,0.6743316562713062
2019-11-28 04:27:00,0.7575537414041378
2019-11-28 04:30:00,0.687440921712323
2019-11-28 04:33:00,0.6499953158723883
2019-11-28 04:36:00,0.7194068772855644
2019-11-28 04:39:00,0.6077633007133727
2019-11-28 04:42:00,0.654518919530517
2019-11-28 04:45:00,0.5734397805422304
2019-11-28 04:48:00,0.5880209166332406
2019-11-28 04:51:00,0.5640628553079523
2019-11-28 04:54:00,0.6313029159962298
2019-11-28 04:57:00,0.5627454073108424
2019-11-28 05:00:00,0.6131536158060271
2019-11-28 05:03:00,0.5947940314451898
2019-11-28 05:06:00,0.4358079339254459
2019-11-28 05:09:00,0.6115697307617438
2019-11-28 05:12:00,0.6109175522004193
2019-11-28 05:15:00,0.5840089747940738
2019-11-28 05:18:00,0.5498225357287083
2019-11-28 05:21:00,0.6164468193924222
2019-11-28 05:24:00,0.5621598326846993
2019-11-28 05:27:00,0.5878941548818375
2019-11-28 05:30:00,0.5790595557604661
2019-11-28 05:33:00,0.6597916193937294
2019-11-28 05:36:00,0.5900889752612102
2019-11-28 05:39:00,0.5766983022509748
2019-11-28 05:42:00,0.6868491292198087
2019-11-28 05:45:00,0.5608421958583563
2019-11-28 05:48:00,0.6009828082725335
2019-11-28 05:51:00,0.5838559907871854
2019-11-28 05:54:00,0.5077116019850223
2019-11-28 05:57:00,0.5825794546922225
2019-11-28 06:00:00,0.548851727737997
2019-11-28 06:03:00,0.640691382028308
2019-11-28 06:06:00,0.6260907063510217
2019-11-28 06:09:00,0.5533675589082918
2019-11-28 06:12:00,0.5567364839700986
2019-11-28 06:15:00,0.6293870781270812
2019-11-28 06:18:00,0.701549786549208
2019-11-28 06:21:00,0.5705471972011651
2019-11-28 06:24:00,0.6194195227985801
2019-11-28 06:27:00,0.6765612824201526
2019-11-28 06:30:00,0.6777745323181534
2019-11-28 06:33:00,0.6616406043787038
2019-11-28 06:36:00,0.5877811065612946
2019-11-28 06:39:00,0.6528171757765335
2019-11-28 06:42:00,0.7196450192296879
2019-11-28 06:45:00,0.5510968624960242
2019-11-28 06:48:00,0.5823232194992443
2019-11-28 06:51:00,0.6142907247348148
2019-11-28 06:54:00,0.6258182997358404
2019-11-28 06:57:00,0.6047559892867298
2019-11-28 07:00:00,0.5684793527514103
2019-11-28 07:03:00,0.5963017995931068
2019-11-28 07:06:00,0.6041181063706063
2019-11-28 07:09:00,0.5760523675912737
2019-11-28 07:12:00,0.6288179619263587
2019-11-28 07:15:00,0.4907093222530534
2019-11-28 07:18:00,0.583638940011042
2019-11-28 07:21:00,0.5099127735607567
2019-11-28 07:24:00,0.573270881088149
2019-11-28 07:27:00,0.557674844000303
2019-11-28 07:30:00,0.5769598035491867
2019-11-28 07:33:00,0.5038842776776278
2019-11-28 07:36:00,0.54963775363683
2019-11-28 07:39:00,0.5817264169835425
2019-11-28 07:42:00,0.5130908683395887
2019-11-28 07:45:00,0.6080162711235175
2019-11-28 07:48:00,0.4216098895915934
2019-11-28 07:51:00,0.5091110893595783
2019-11-28 07:54:00,0.43244589125794164
2019-11-28 07:57:00,0.470616918722385
2019-11-28 08:00:00,0.5262561691043288
2019-11-28 08:03:00,0.4490190909599505
2019-11-28 08:06:00,0.46202985243974126
2019-11-28 08:09:00,0.542778717134297
2019-11-28 08:12:00,0.361257997734981
2019-11-28 08:15:00,0.320484329242106
2019-11-28 08:18:00,0.40175804347705935
2019-11-28 08:21:00,0.42918527050863986
2019-11-28 08:24:00,0.3850235652384981
2019-11-28 08:27:00,0.35559791252421746
2019-11-28 08:30:00,0.3491433505203645
2019-11-28 08:33:00,0.3576693213182125
2019-11-28 08:36:00,0.37517508582197934
2019-11-28 08:39:00,0.3379165190595472
2019-11-28 08:42:00,0.2716618756171556
2019-11-28 08:45:00,0.22282365710992735
2019-11-28 08:48:00,0.385462454078322
2019-11-28 08:51:00,0.2947382135488965
2019-11-28 08:54:00,0.33794273171844225
2019-11-28 08:57:00,0.24722643571533354
2019-11-28 09:00:00,0.35241832525088057
2019-11-28 09:03:00,0.28939211418207833
2019-11-28 09:06:00,0.260843172974603
2019-11-28 09:09:00,0.22177519028855386
2019-11-28 09:12:00,0.3270066859822123
2019-11-28 09:15:00,0.2897462917239295
2019-11-28 09:18:00,0.26459624400615667
2019-11-28 09:21:00,0.2576112245766353
2019-11-28 09:24:00,0.26142144555228697
2019-11-28 09:27:00,0.24212146226250297
2019-11-28 09:30:00,0.15914412979282133
2019-11-28 09:33:00,0.2790556545702998
2019-11-28 09:36:00,0.19554265887683187
2019-11-28 09:39:00,0.21005248393583997
2019-11-28 09:42:00,0.29783548684940797
2019-11-28 09:45:00,0.15874685329453087
2019-11-28 09:48:00,0.2063776965295574
2019-11-28 09:51:00,0.20188795477650956
2019-11-28 09:54:00,0.22163680629887494
2019-11-28 09:57:00,0.17137877012334002
2019-11-28 10:00:00,0.16500231333503734
2019-11-28 10:03:00,0.17579501084526328
2019-11-28 10:06:00,0.1936251103405766
2019-11-28 10:09:00,-0.677103816771421
2019-11-28 10:12:00,0.17317674683641826
2019-11-28 10:15:00,0.04867706654522408
2019-11-28 10:18:00,0.13183881812886966
2019-11-28 10:21:00,0.11502946127183122
2019-11-28 10:24:00,0.19952021193654446
2019-11-28 10:27:00,0.0847787874127448
2019-11-28 10:30:00,0.052646526314049424
2019-11-28 10:33:00,0.04852661177721984
2019-11-28 10:36:00,-0.00538416402173425
2019-11-28 10:39:00,0.03771147898322624
2019-11-28 10:42:00,0.03689958680121208
2019-11-28 10:45:00,-0.031865553676254876
2019-11-28 10:48:00,-0.057601735406933585
2019-11-28 10:51:00,-0.024026375633866337
2019-11-28 10:54:00,-0.08835569973246038
2019-11-28 10:57:00,0.029775324260924663
2019-11-28 11:00:00,-0.020912199483007043
2019-11-28 11:03:00,0.007162785508114666
2019-11-28 11:06:00,0.010655559249698854
2019-11-28 11:09:00,-0.04131091638470252
2019-11-28 11:12:00,-0.1607004372919505
2019-11-28 11:15:00,0.028147508227391427
2019-11-28 11:18:00,0.019412400375642846
2019-11-28 11:21:00,-0.14028789157885058
2019-11-28 11:24:00,-0.0854172619742144
2019-11-28 11:27:00,-0.016943626905799647
2019-11-28 11:30:00,0.017626593213663
2019-11-28 11:33:00,-0.0387863028765878
2019-11-28 11:36:00,0.007195449806374654
2019-11-28 11:39:00,-0.046504682684769705
2019-11-28 11:42:00,-0.032451532114748716
2019-11-28 11:45:00,0.02132852192488599
2019-11-28 11:48:00,0.1503795880389589
2019-11-28 11:51:00,0.1077380189740893
2019-11-28 11:54:00,0.0641973822074533
2019-11-28 11:57:00,0.04679650750910014
2019-11-28 12:00:00,-0.04437435783967203
2019-11-28 12:03:00,-0.12066760462232651
2019-11-28 12:06:00,-0.04996705978078353
2019-11-28 12:09:00,0.034929371547946175
2019-11-28 12:12:00,-0.029726543070012212
2019-11-28 12:15:00,0.09288054099948795
2019-11-28 12:18:00,0.06723953586686093
2019-11-28 12:21:00,-0.0705460049695148
2019-11-28 12:24:00,-0.04616818435033565
2019-11-28 12:27:00,0.03287267122840376
2019-11-28 12:30:00,0.1028486864041156
2019-11-28 12:33:00,0.013170540428802724
2019-11-28 12:36:00,0.020407799281031203
2019-11-28 12:39:00,0.029881872120995467
2019-11-28 12:42:00,-0.040765433350145486
2019-11-28 12:45:00,-0.01091962420565551
2019-11-28 12:48:00,-0.039659229730602874
2019-11-28 12:51:00,-0.10129301964701654
2019-11-28 12:54:00,0.012887519771254574
2019-11-28 12:57:00,0.016911579020074896
2019-11-28 13:00:00,-0.012390107386522686
2019-11-28 13:03:00,-0.03132581370931575
2019-11-28 13:06:00,0.01883000778599353
2019-11-28 13:09:00,0.018856267086789558
2019-11-28 13:12:00,-0.11409259477261458
2019-11-28 13:15:00,-0.006143421018009576
2019-11-28 13:18:00,-0.09556745615310547
2019-11-28 13:21:00,-0.06375063025660666
2019-11-28 13:24:00,-0.07347908139428228
2019-11-28 13:27:00,-0.09215321421106637
2019-11-28 13:30:00,-0.09176278215079492
2019-11-28 13:33:00,-0.1080249579333099
2019-11-28 13:36:00,-0.06212357210273467
2019-11-28 13:39:00,-0.03527557424496308
2019-11-28 13:42:00,-0.09351773878410086
2019-11-28 13:45:00,-0.05991321602971311
2019-11-28 13:48:00,-0.16091488732956805
2019-11-28 13:51:00,-0.10223451348508661
2019-11-28 13:54:00,-0.12324873864679375
2019-11-28 13:57:00,-0.06417330232488894
2019-11-28 14:00:00,-0.1969369794513227
2019-11-28 14:03:00,-0.20157186500745183
2019-11-28 14:06:00,-0.17745992813695466
2019-11-28 14:09:00,-0.06353496578276463
2019-11-28 14:12:00,-0.0851147111312116
2019-11-28 14:15:00,-0.1793546286255605
2019-11-28 14:18:00,-0.15577381515294064
2019-11-28 14:21:00,-0.12400031510861709
2019-11-28 14:24:00,-0.1575417344454877
2019-11-28 14:27:00,-0.17738572122749474
2019-11-28 14:30:00,-0.07082863637890568
2019-11-28 14:33:00,-0.1465488912924684
2019-11-28 14:36:00,-0.09821039344518567
2019-11-28 14:39:00,-0.10775419819441368
2019-11-28 14:42:00,-0.19143462383379983
2019-11-28 14:45:00,-0.16336471252418505
2019-11-28 14:48:00,-0.10076494513208445
2019-11-28 14:51:00,-0.15983969045907997
2019-11-28 14:54:00,-0.18239260825686188
2019-11-28 14:57:00,-0.21734518062686448
2019-11-28 15:00:00,-0.20468703866396254
2019-11-28 15:03:00,-0.16902906336071055
2019-11-28 15:06:00,-0.19138008673354534
2019-11-28 15:09:00,-0.12366987225442472
2019-11-28 15:12:00,-0.21118583559575654
2019-11-28 15:15:00,-0.15596428363539871
2019-11-28 15:18:00,-0.17662469294219818
2019-11-28 15:21:00,-0.292146601589252
2019-11-28 15:24:00,-0.2055959417003237
2019-11-28 15:27:00,-0.0653073555651531
2019-11-28 15:30:00,-0.14307791846431428
2019-11-28 15:33:00,-0.09635787533943585
2019-11-28 15:36:00,-0.1962180682013468
2019-11-28 15:39:00,-0.1533003584288508
2019-11-28 15:42:00,-0.22239604730890505
2019-11-28 15:45:00,-0.22580976946585452
2019-11-28 15:48:00,-0.17125080995106146
2019-11-28 15:51:00,-0.16826404304572407
2019-11-28 15:54:00,-0.18237456343194935
2019-11-28 15:57:00,-0.26971931636160207
2019-11-28 16:00:00,-0.16709017284358652
2019-11-28 16:03:00,-0.08616227589089931
2019-11-28 16:06:00,-0.2417984236576558
2019-11-28 16:09:00,-0.2933805739538684
2019-11-28 16:12:00,-0.21366690885719208
2019-11-28 16:15:00,-0.19932784499849276
2019-11-28 16:18:00,-0.25464799993579845
2019-11-28 16:21:00,-0.26032708931330717
2019-11-28 16:24:00,-0.28038188942542774
2019-11-28 16:27:00,-0.18294732821192383
2019-11-28 16:30:00,-0.3059834905700427
2019-11-28 16:33:00,-0.2189436818099466
2019-11-28 16:36:00,-0.2988606548306052
2019-11-28 16:39:00,-0.24364767953261435
2019-11-28 16:42:00,-0.18202109019449608
2019-11-28 16:45:00,-0.1605214820127685
2019-11-28 16:48:00,-0.15961665418745952
2019-11-28 16:51:00,-0.21281896950284818
2019-11-28 16:54:00,-0.1771965309160919
2019-11-28 16:57:00,-0.2561534773549283
2019-11-28 17:00:00,-0.20508567993277893
2019-11-28 17:03:00,-0.26646977944886885
2019-11-28 17:06:00,-0.1714662958679014
2019-11-28 17:09:00,-0.23844312071196327
2019-11-28 17:12:00,-0.1877386866601114
2019-11-28 17:15:00,-0.20179249673810773
2019-11-28 17:18:00,-0.17055886137751486
2019-11-28 17:21:00,-0.04530808176809842
2019-11-28 17:24:00,-0.09938213439460242
2019-11-28 17:27:00,-0.1144890391883564
2019-11-28 17:30:00,-0.19328044812317557
2019-11-28 17:33:00,-0.16836297964050573
2019-11-28 17:36:00,-0.1637717444434088
2019-11-28 17:39:00,-0.12940356251357343
2019-11-28 17:42:00,-0.0697123326637552
2019-11-28 17:45:00,-0.007037702523746248
2019-11-28 17:48:00,-0.07578668815983747
2019-11-28 17:51:00,-0.019958870201605805
2019-11-28 17:54:00,0.011987081703296099
2019-11-28 17:57:00,-0.09165758896256193
2019-11-28 18:00:00,-0.12315824680854348
2019-11-28 18:03:00,-0.10463299112802815
2019-11-28 18:06:00,0.023445735138523105
2019-11-28 18:09:00,-0.03752725907435206
2019-11-28 18:12:00,-0.008364342639254119
2019-11-28 18:15:00,0.0005484601304033276
2019-11-28 18:18:00,0.05619877073149837
2019-11-28 18:21:00,0.0012467160690903256
2019-11-28 18:24:00,-0.03045493883502104
2019-11-28 18:27:00,-0.01907886659301994
2019-11-28 18:30:00,-0.02054869016109251
2019-11-28 18:33:00,0.02530867063410369
2019-11-28 18:36:00,0.017365824488877024
2019-11-28 18:39:00,-0.07790329512050675
2019-11-28 18:42:00,0.04875266457457883
2019-11-28 18:45:00,0.06526570384966135
2019-11-28 18:48:00,-0.0021374561818561233
2019-11-28 18:51:00,0.08046444829756183
2019-11-28 18:54:00,0.1331863872368899
2019-11-28 18:57:00,
2019-11-28 19:00:00,
2019-11-28 19:03:00,-0.008915883115832912
2019-11-28 19:06:00,0.11722262026052022
2019-11-28 19:09:00,0.0847333849138181
2019-11-28 19:12:00,0.11134298782860697
2019-11-28 19:15:00,0.00894765623843341
2019-11-28 19:18:00,0.06806454420853925
2019-11-28 19:21:00,0.12085207807712095
2019-11-28 19:24:00,0.14761191787226835
2019-11-28 19:27:00,0.0448524160535726
2019-11-28 19:30:00,0.08530394276994002
2019-11-28 19:33:00,0.15636444222832324
2019-11-28 19:36:00,0.12478445159371176
2019-11-28 19:39:00,0.21717620523895675
2019-11-28 19:42:00,0.16476164859761866
2019-11-28 19:45:00,0.2726256281331416
2019-11-28 19:48:00,0.12451246679239603
2019-11-28 19:51:00,0.17783940783306207
2019-11-28 19:54:00,0.14982802354057867
2019-11-28 19:57:00,0.19482634586830727
2019-11-28 20:00:00,0.17785430930678103
2019-11-28 20:03:00,0.18204080321140736
2019-11-28 20:06:00,0.0886639530885418
2019-11-28 20:09:00,0.11210184006182544
2019-11-28 20:12:00,0.060737038213119376
2019-11-28 20:15:00,0.06865031672168698
2019-11-28 20:18:00,0.14234489320267585
2019-11-28 20:21:00,0.11679679814415067
2019-11-28 20:24:00,0.05551099731485465
2019-11-28 20:27:00,0.09496322570680604
2019-11-28 20:30:00,0.054602875237776516
2019-11-28 20:33:00,0.0046905874689286975
2019-11-28 20:36:00,0.035008150294743245
2019-11-28 20:39:00,0.027394064902694026
2019-11-28 20:42:00,0.07669237006052754
2019-11-28 20:45:00,0.050187271699314806
2019-11-28 20:48:00,0.10529351833156397
2019-11-28 20:51:00,0.12781244533476865
2019-11-28 20:54:00,0.010933662396610089
2019-11-28 20:57:00,0.05944774262587771
2019-11-28 21:00:00,-0.0020306741321292066
2019-11-28 21:03:00,0.1239926507902851
2019-11-28 21:06:00,0.12624712531498972
2019-11-28 21:09:00,0.13152978677914007
2019-11-28 21:12:00,0.13619540686204346
2019-11-28 21:15:00,0.07548462246069221
2019-11-28 21:18:00,0.13294700893703748
2019-11-28 21:21:00,0.013368908584652672
2019-11-28 21:24:00,0.15352097400716502
2019-11-28 21:27:00,0.14573770926466523
2019-11-28 21:30:00,0.1494520305864171
2019-11-28 21:33:00,0.216194803186454
2019-11-28 21:36:00,0.12570514890859386
2019-11-28 21:39:00,0.20703803349562122
2019-11-28 21:42:00,0.1550762475246188
2019-11-28 21:45:00,-0.004842079764898699
2019-11-28 21:48:00,0.17152662937195373
2019-11-28 21:51:00,0.08684926113039637
2019-11-28 21:54:00,0.10829150983624913
2019-11-28 21:57:00,0.16220623067295037
2019-11-28 22:00:00,0.1481677174018614
2019-11-28 22:03:00,0.1671312906551634
2019-11-28 22:06:00,0.1345593297932055
2019-11-28 22:09:00,0.16843606261608102
2019-11-28 22:12:00,0.1261127224947245
2019-11-28 22:15:00,0.13548266765218386
2019-11-28 22:18:00,0.20535889650767558
2019-11-28 22:21:00,0.09023249486614304
2019-11-28 22:24:00,0.2759945548729661
2019-11-28 22:27:00,0.1347057301463792
2019-11-28 22:30:00,0.16377811816187204
2019-11-28 22:33:00,0.17099409894149176
2019-11-28 22:36:00,0.09115698650322202
2019-11-28 22:39:00,0.18215747308966002
2019-11-28 22:42:00,0.16699839699822405
2019-11-28 22:45:00,0.1636459365959695
2019-11-28 22:48:00,0.2325037634501541
2019-11-28 22:51:00,0.22648942667922256
2019-11-28 22:54:00,0.21862490709861504
2019-11-28 22:57:00,0.24877083897337116
2019-11-28 23:00:00,0.24378681319205953
2019-11-28 23:03:00,0.2231513502028406
2019-11-28 23:06:00,0.30448639427771695
2019-11-28 23:09:00,0.2475458729900879
2019-11-28 23:12:00,0.21392655002165384
2019-11-28 23:15:00,0.2374719941730632
2019-11-28 23:18:00,0.2597384007307255
2019-11-28 23:21:00,0.21290499726927692
2019-11-28 23:24:00,0.18562400745986452
2019-11-28 23:27:00,0.21630039634061404
2019-11-28 23:30:00,0.21283987717492892
2019-11-28 23:33:00,0.14532332835710804
2019-11-28 23:36:00,0.16562004290659615
2019-11-28 23:39:00,0.2979052284585464
2019-11-28 23:42:00,0.19398166917630988
2019-11-28 23:45:00,0.30163344054983554
2019-11-28 23:48:00,0.23466190621496708
2019-11-28 23:51:00,0.18346303323346547
2019-11-28 23:54:00,0.17079787742585495
2019-11-28 23:57:00,0.21470625877805105
2019-11-29 00:00:00,0.30878687995721066
2019-11-29 00:03:00,0.309814767910666
2019-11-29 00:06:00,0.11108856602663764
2019-11-29 00:09:00,0.28575355993370977
2019-11-29 00:12:00,0.30352878659942917
2019-11-29 00:15:00,0.22312491050308836
2019-11-29 00:18:00,0.20507531396822287
2019-11-29 00:21:00,0.20594617890583322
2019-11-29 00:24:00,0.22490463716144404
2019-11-29 00:27:00,0.17481371185721173
2019-11-29 00:30:00,0.11790297530768612
2019-11-29 00:33:00,0.3147809369384049
2019-11-29 00:36:00,0.31213231066288927
2019-11-29 00:39:00,0.23340595156861355
2019-11-29 00:42:00,0.33760622076835034
2019-11-29 00:45:00,0.19903965144123958
2019-11-29 00:48:00,0.23176544127733223
2019-11-29 00:51:00,0.3335937440733687
2019-11-29 00:54:00,0.22460694342902343
2019-11-29 00:57:00,0.3438154417682995
2019-11-29 01:00:00,0.3419414980212423
2019-11-29 01:03:00,0.2224256460354468
2019-11-29 01:06:00,0.3406225679821091
2019-11-29 01:09:00,0.22400322650992166
2019-11-29 01:12:00,0.16082024825385588
2019-11-29 01:15:00,0.24607923249811847
2019-11-29 01:18:00,0.26656874913447837
2019-11-29 01:21:00,0.21474785284874542
2019-11-29 01:24:00,0.28264486499108443
2019-11-29 01:27:00,0.25232111401061275
2019-11-29 01:30:00,0.254816419779047
2019-11-29 01:33:00,0.1505994156823931
2019-11-29 01:36:00,0.21595871442531234
2019-11-29 01:39:00,0.13936133474487633
2019-11-29 01:42:00,0.26766768634138316
2019-11-29 01:45:00,0.23581625324646893
2019-11-29 01:48:00,0.28034168373483226
2019-11-29 01:51:00,0.2528392278132401
2019-11-29 01:54:00,0.2559432721301391
2019-11-29 01:57:00,0.36016536284620315
2019-11-29 02:00:00,0.3705202833992871
2019-11-29 02:03:00,0.3352732734314827
2019-11-29 02:06:00,0.3722148473033826
2019-11-29 02:09:00,0.26728943173242214
2019-11-29 02:12:00,0.32519165351703805
2019-11-29 02:15:00,0.37651236738264515
2019-11-29 02:18:00,0.29723503672869356
2019-11-29 02:21:00,0.28319293083535513
2019-11-29 02:24:00,0.29660033970395716
2019-11-29 02:27:00,0.26539773688000423
2019-11-29 02:30:00,0.33177624456885724
2019-11-29 02:33:00,0.2715211767351775
2019-11-29 02:36:00,0.23443385019652396
2019-11-29 02:39:00,0.16297892294278427
2019-11-29 02:42:00,0.2659017662365386
2019-11-29 02:45:00,0.3466609571896697
2019-11-29 02:48:00,0.302069601242863
2019-11-29 02:51:00,0.2785658357402667
2019-11-29 02:54:00,0.30938314569090153
2019-11-29 02:57:00,0.2271850363532053
2019-11-29 03:00:00,0.3827681461067982
2019-11-29 03:03:00,0.2874140176140827
2019-11-29 03:06:00,0.32836360412414933
2019-11-29 03:09:00,0.2929930120748736
2019-11-29 03:12:00,0.23618974481865962
2019-11-29 03:15:00,0.24625722747765622
2019-11-29 03:18:00,0.31891776148120243
2019-11-29 03:21:00,0.24500994294641032
2019-11-29 03:24:00,0.3297000896126292
2019-11-29 03:27:00,0.1930618370235493
2019-11-29 03:30:00,0.28614211812407575
2019-11-29 03:33:00,0.29610213176289335
2019-11-29 03:36:00,0.2974797102353932
2019-11-29 03:39:00,0.2207597790111322
2019-11-29 03:42:00,0.3259521203642066
2019-11-29 03:45:00,0.30830318283341285
2019-11-29 03:48:00,0.23902864863583773
2019-11-29 03:51:00,0.27855348108818134
2019-11-29 03:54:00,0.3092053425748986
2019-11-29 03:57:00,0.27397901105302935
2019-11-29 04:00:00,0.3136167343112106
2019-11-29 04:03:00,0.32264947942820754
2019-11-29 04:06:00,0.3634592054692689
2019-11-29 04:09:00,0.38077485475639605
2019-11-29 04:12:00,0.47581219810894027
2019-11-29 04:15:00,0.546916409418202
2019-11-29 04:18:00,0.503635449144042
2019-11-29 04:21:00,0.33272259809865545
2019-11-29 04:24:00,0.3369005962991878
2019-11-29 04:27:00,0.43936418306537917
2019-11-29 04:30:00,0.32948363572853623
2019-11-29 04:33:00,0.35910567789767356
2019-11-29 04:36:00,0.3309053073827499
2019-11-29 04:39:00,0.3044487049089071
2019-11-29 04:42:00,0.37186327263242447
2019-11-29 04:45:00,0.29698915769654377
2019-11-29 04:48:00,0.30989770926481697
2019-11-29 04:51:00,0.2887368569130899
2019-11-29 04:54:00,0.3057112569470064
2019-11-29 04:57:00,0.3258845929893255
2019-11-29 05:00:00,0.34507728780010893
2019-11-29 05:03:00,0.46854034979782
2019-11-29 05:06:00,0.33260478023254336
2019-11-29 05:09:00,0.36063820331673924
2019-11-29 05:12:00,0.32114904157583624
2019-11-29 05:15:00,0.3303146539574868
2019-11-29 05:18:00,0.4194805437968512
2019-11-29 05:21:00,0.3012055768328423
2019-11-29 05:24:00,0.36878973798002335
2019-11-29 05:27:00,0.42901170645899356
2019-11-29 05:30:00,0.37461786221240345
2019-11-29 05:33:00,0.4665777681137797
2019-11-29 05:36:00,0.3874924617597344
2019-11-29 05:39:00,0.29561447992233525
2019-11-29 05:42:00,0.25961505913420524
2019-11-29 05:45:00,0.30842931566223797
2019-11-29 05:48:00,0.380575501108126
2019-11-29 05:51:00,0.35767221394564785
2019-11-29 05:54:00,0.3596253145221908
2019-11-29 05:57:00,0.37155841221277797
2019-11-29 06:00:00,0.35662956065766593
2019-11-29 06:03:00,0.3512796648565768
2019-11-29 06:06:00,0.42706807883888587
2019-11-29 06:09:00,0.40717853702079765
2019-11-29 06:12:00,0.37645700402549664
2019-11-29 06:15:00,0.32278241612738157
2019-11-29 06:18:00,0.44160743859617924
2019-11-29 06:21:00,0.4560886247332405
2019-11-29 06:24:00,0.3507691783105429
2019-11-29 06:27:00,0.4556143835848161
2019-11-29 06:30:00,0.4487194692577532
2019-11-29 06:33:00,0.462196777621557
2019-11-29 06:36:00,0.4581671700705101
2019-11-29 06:39:00,0.36137967458597586
2019-11-29 06:42:00,0.37830969461060704
2019-11-29 06:45:00,0.43596494681770537
2019-11-29 06:48:00,0.40878550392909574
2019-11-29 06:51:00,0.4252253249097748
2019-11-29 06:54:00,0.4603317651077532
2019-11-29 06:57:00,0.27098429803385216
2019-11-29 07:00:00,0.2979171388483337
2019-11-29 07:03:00,0.32911657610782186
2019-11-29 07:06:00,0.3728903096423437
2019-11-29 07:09:00,0.3769264003819899
2019-11-29 07:12:00,0.37062652762682546
2019-11-29 07:15:00,0.39304959081812285
2019-11-29 07:18:00,0.29517369762817225
2019-11-29 07:21:00,0.340817611567104
2019-11-29 07:24:00,0.3558986541160607
2019-11-29 07:27:00,0.422571976465008
2019-11-29 07:30:00,0.36965943620498365
2019-11-29 07:33:00,0.297981159165829
2019-11-29 07:36:00,0.3539540895772575
2019-11-29 07:39:00,0.33864926577888355
2019-11-29 07:42:00,0.343384870845
2019-11-29 07:45:00,0.2679160933077469
2019-11-29 07:48:00,0.21157510965474557
2019-11-29 07:51:00,0.33409282419052033
2019-11-29 07:54:00,0.28348408798166247
2019-11-29 07:57:00,0.37090559005878276
2019-11-29 08:00:00,0.34806811722882003
2019-11-29 08:03:00,0.2558825349431686
2019-11-29 08:06:00,0.2469808157191551
2019-11-29 08:09:00,0.3203297703673229
2019-11-29 08:12:00,0.29762859275814435
2019-11-29 08:15:00,0.22641558128549377
2019-11-29 08:18:00,0.299318589806262
2019-11-29 08:21:00,0.23039241726337423
2019-11-29 08:24:00,0.2452959136655295
2019-11-29 08:27:00,0.2874149251844642
2019-11-29 08:30:00,0.13397297538580233
2019-11-29 08:33:00,0.21063988705515158
2019-11-29 08:36:00,0.1557630274283497
2019-11-29 08:39:00,0.2438407633472366
2019-11-29 08:42:00,0.21290785650785438
2019-11-29 08:45:00,0.14622885292038745
2019-11-29 08:48:00,0.13433649785991975
2019-11-29 08:51:00,0.27569448157225906
2019-11-29 08:54:00,0.22986104016086983
2019-11-29 08:57:00,0.24768788334824876
2019-11-29 09:00:00,0.15483034375938587
2019-11-29 09:03:00,0.14834354835812746
2019-11-29 09:06:00,0.2872706185983134
2019-11-29 09:09:00,0.11372040662780591
2019-11-29 09:12:00,0.11207914419884446
2019-11-29 09:15:00,0.17120506348697972
2019-11-29 09:18:00,0.21769238752051479
2019-11-29 09:21:00,0.23364372716923754
2019-11-29 09:24:00,0.21383092732384057
2019-11-29 09:27:00,0.27639306968694655
2019-11-29 09:30:00,0.128598328773478
2019-11-29 09:33:00,0.1624282312153582
2019-11-29 09:36:00,0.2885239368086445
2019-11-29 09:39:00,0.2630822110930353
2019-11-29 09:42:00,0.25249505562646846
2019-11-29 09:45:00,0.1743306797226296
2019-11-29 09:48:00,0.1957553273882695
2019-11-29 09:51:00,0.22997591889679825
2019-11-29 09:54:00,0.21885573858378393
2019-11-29 09:57:00,0.13843310413966492
2019-11-29 10:00:00,0.1345493927429402
2019-11-29 10:03:00,0.16161539667240277
2019-11-29 10:06:00,0.05428263920907739
2019-11-29 10:09:00,0.05656022718233089
2019-11-29 10:12:00,0.09031835236044117
2019-11-29 10:15:00,0.08553540342825272
2019-11-29 10:18:00,0.1174961476482963
2019-11-29 10:21:00,0.070325078995495
2019-11-29 10:24:00,0.12440946254650953
2019-11-29 10:27:00,-0.0035392506629818854
2019-11-29 10:30:00,0.008444737547392833
2019-11-29 10:33:00,0.01813694609211325
2019-11-29 10:36:00,0.06909468992017764
2019-11-29 10:39:00,0.09704798544322557
2019-11-29 10:42:00,-0.0037268907616407887
2019-11-29 10:45:00,0.08394447146906714
2019-11-29 10:48:00,0.10882934940360656
2019-11-29 10:51:00,0.09295982535627445
2019-11-29 10:54:00,0.07808846432970995
2019-11-29 10:57:00,0.05507994969042329
2019-11-29 11:00:00,0.0547717315004661
2019-11-29 11:03:00,0.11487188730302478
2019-11-29 11:06:00,0.011546899200084226
2019-11-29 11:09:00,-0.08451268286478353
2019-11-29 11:12:00,-0.01757234733435098
2019-11-29 11:15:00,-0.005817142650414553
2019-11-29 11:18:00,0.06819574041770693
2019-11-29 11:21:00,0.15147337718565268
2019-11-29 11:24:00,0.08108940710519619
2019-11-29 11:27:00,0.018652607156752765
2019-11-29 11:30:00,0.01010906476017226
2019-11-29 11:33:00,-0.08072610625356447
2019-11-29 11:36:00,-0.12708608756184958
2019-11-29 11:39:00,-0.04624794335029492
2019-11-29 11:42:00,-0.09659889706091462
2019-11-29 11:45:00,-0.006418278349997308
2019-11-29 11:48:00,-0.019520280542792534
2019-11-29 11:51:00,0.07736972264291353
2019-11-29 11:54:00,0.04500843021367018
2019-11-29 11:57:00,0.06963409761038974
2019-11-29 12:00:00,0.13692216427870108
2019-11-29 12:03:00,0.04002224141345323
2019-11-29 12:06:00,-0.0645100902600575
2019-11-29 12:09:00,-0.04686414938908001
2019-11-29 12:12:00,-0.08625633206810335
2019-11-29 12:15:00,-0.011789257320288016
2019-11-29 12:18:00,0.11117594485438076
2019-11-29 12:21:00,0.02141393301434391
2019-11-29 12:24:00,-0.008402928406439969
2019-11-29 12:27:00,-0.05015262091234263
2019-11-29 12:30:00,-0.043959905131828236
2019-11-29 12:33:00,-0.01863013906967126
2019-11-29 12:36:00,-0.05499368487932088
2019-11-29 12:39:00,-0.06420626576266386
2019-11-29 12:42:00,-0.1210157001108314
2019-11-29 12:45:00,-0.1959187133588216
2019-11-29 12:48:00,-0.15131461848471872
2019-11-29 12:51:00,-0.03322510033837034
2019-11-29 12:54:00,0.0196087260233071
2019-11-29 12:57:00,-0.014077994641354508
2019-11-29 13:00:00,0.035277849486590185
2019-11-29 13:03:00,-0.02641748090081819
2019-11-29 13:06:00,0.07687457364272632
2019-11-29 13:09:00,0.005393697010561027
2019-11-29 13:12:00,-0.11624665671263301
2019-11-29 13:15:00,-0.011586398714541701
2019-11-29 13:18:00,-0.10817093958695523
2019-11-29 13:21:00,-0.20134045943547108
2019-11-29 13:24:00,-0.14541413286087845
2019-11-29 13:27:00,-0.02513590054559245
2019-11-29 13:30:00,-0.07855761635903491
2019-11-29 13:33:00,-0.0901987748919737
2019-11-29 13:36:00,-0.05109633079439391
2019-11-29 13:39:00,-0.04542190141393121
2019-11-29 13:42:00,-0.0014320015073963077
2019-11-29 13:45:00,-0.07160810091130543
2019-11-29 13:48:00,0.025047984878483476
2019-11-29 13:51:00,-0.12886961869628522
2019-11-29 13:54:00,-0.09333118675994001
2019-11-29 13:57:00,0.010716258819343238
2019-11-29 14:00:00,0.144032195413331
2019-11-29 14:03:00,0.12526747507757818
2019-11-29 14:06:00,0.15644459424089519
2019-11-29 14:09:00,0.2061251644861386
2019-11-29 14:12:00,0.35612354456236517
2019-11-29 14:15:00,0.22317720046180511
2019-11-29 14:18:00,0.2241310317775742
2019-11-29 14:21:00,0.08482092174500622
2019-11-29 14:24:00,0.16541372672332955
2019-11-29 14:27:00,0.22282493702061856
2019-11-29 14:30:00,0.23781683624457628
2019-11-29 14:33:00,0.2663738831165574
2019-11-29 14:36:00,0.3306605665567304
2019-11-29 14:39:00,0.3145878271840843
2019-11-29 14:42:00,0.1856081380303749
2019-11-29 14:45:00,0.19698668688215548
2019-11-29 14:48:00,0.33701234603825014
2019-11-29 14:51:00,0.3809257330825062
2019-11-29 14:54:00,0.39165303122126716
2019-11-29 14:57:00,0.24931553515841642
2019-11-29 15:00:00,0.3248596475021941
2019-11-29 15:03:00,0.23698103833345385
2019-11-29 15:06:00,0.27583625877036866
2019-11-29 15:09:00,0.4063203917467604
2019-11-29 15:12:00,0.28552379549279294
2019-11-29 15:15:00,0.3184496345955381
2019-11-29 15:18:00,0.30946834950134416
2019-11-29 15:21:00,0.26430858214541786
2019-11-29 15:24:00,0.25718061636860057
2019-11-29 15:27:00,0.29021170533275154
2019-11-29 15:30:00,0.29888010697658274
2019-11-29 15:33:00,0.2240119999790977
2019-11-29 15:36:00,0.27768501066867657
2019-11-29 15:39:00,0.26037904576526216
2019-11-29 15:42:00,0.4255641161354333
2019-11-29 15:45:00,0.5013569116220538
2019-11-29 15:48:00,0.39876638937050757
2019-11-29 15:51:00,0.4630833761439703
2019-11-29 15:54:00,0.4702317866547787
2019-11-29 15:57:00,0.5642165123805967
2019-11-29 16:00:00,0.4529226491989675
2019-11-29 16:03:00,0.48927783275013326
2019-11-29 16:06:00,0.41251548182549413
2019-11-29 16:09:00,0.36956889468189047
2019-11-29 16:12:00,0.3080408046614025
2019-11-29 16:15:00,0.4368084573534361
2019-11-29 16:18:00,0.34160995854040266
2019-11-29 16:21:00,0.2963841221348389
2019-11-29 16:24:00,0.3476051542464802
2019-11-29 16:27:00,0.43506141387251773
2019-11-29 16:30:00,0.37785442291840354
2019-11-29 16:33:00,0.47316774851458376
2019-11-29 16:36:00,0.4055133262666004
2019-11-29 16:39:00,0.4538441786561975
2019-11-29 16:42:00,0.45528274915227485
2019-11-29 16:45:00,0.43532862632889646
2019-11-29 16:48:00,0.4309062692654493
2019-11-29 16:51:00,0.4268833194269064
2019-11-29 16:54:00,0.3662897599023722
2019-11-29 16:57:00,0.37339486982244807
2019-11-29 17:00:00,0.2998643971927777
2019-11-29 17:03:00,0.39785944412005847
2019-11-29 17:06:00,0.36913389716039546
2019-11-29 17:09:00,0.4585947804301327
2019-11-29 17:12:00,0.40188262204725334
2019-11-29 17:15:00,0.2593060564231564
2019-11-29 17:18:00,0.4157827275411705
2019-11-29 17:21:00,0.38061662212390956
2019-11-29 17:24:00,0.3912054720323681
2019-11-29 17:27:00,0.3414743707712091
2019-11-29 17:30:00,0.3840387873526083
2019-11-29 17:33:00,0.33568001704878725
2019-11-29 17:36:00,0.2853523473062296
2019-11-29 17:39:00,0.21066752583709558
2019-11-29 17:42:00,0.28518922032492355
2019-11-29 17:45:00,0.3197606027993629
2019-11-29 17:48:00,0.36804758131501103
2019-11-29 17:51:00,0.4125227857237519
2019-11-29 17:54:00,0.2540812261362362
2019-11-29 17:57:00,0.4148118967753476
2019-11-29 18:00:00,0.3220520622942331
2019-11-29 18:03:00,0.31833682998632185
2019-11-29 18:06:00,0.38587538224459195
2019-11-29 18:09:00,0.38926396439285327
2019-11-29 18:12:00,0.3396898813153939
2019-11-29 18:15:00,0.29723743893043775
2019-11-29 18:18:00,0.22447724350149656
2019-11-29 18:21:00,0.1695981597652576
2019-11-29 18:24:00,0.2550140527692406
2019-11-29 18:27:00,0.30873024352490575
2019-11-29 18:30:00,0.38404396940222796
2019-11-29 18:33:00,0.32118510055477145
2019-11-29 18:36:00,0.3368362204404889
2019-11-29 18:39:00,0.3510757015837953
2019-11-29 18:42:00,0.4183765968390958
2019-11-29 18:45:00,0.37617169183721444
2019-11-29 18:48:00,0.3305889982455028
2019-11-29 18:51:00,0.4021859035643729
2019-11-29 18:54:00,
2019-11-29 18:57:00,
2019-11-29 19:00:00,
2019-11-29 19:03:00,0.28453702059033503
2019-11-29 19:06:00,0.2524750003070153
2019-11-29 19:09:00,0.23036446359810725
2019-11-29 19:12:00,0.2609299835469301
2019-11-29 19:15:00,0.23562717532956867
2019-11-29 19:18:00,0.21453264709259656
2019-11-29 19:21:00,0.2823618933837224
2019-11-29 19:24:00,0.33164155142719665
2019-11-29 19:27:00,0.2541324293147227
2019-11-29 19:30:00,0.2941874601246468
2019-11-29 19:33:00,0.23548032753808457
2019-11-29 19:36:00,0.43179446906776775
2019-11-29 19:39:00,0.3530287312470932
2019-11-29 19:42:00,0.35687194795980304
2019-11-29 19:45:00,0.3736773935428346
2019-11-29 19:48:00,0.43282599286902723
2019-11-29 19:51:00,0.3497533134847117
2019-11-29 19:54:00,0.3506869701348023
2019-11-29 19:57:00,0.3565243559957594
2019-11-29 20:00:00,0.3192690378396037
2019-11-29 20:03:00,0.3928696270610885
2019-11-29 20:06:00,0.41432648688464724
2019-11-29 20:09:00,0.5089092949147016
2019-11-29 20:12:00,0.36561214578745194
2019-11-29 20:15:00,0.45867294688036964
2019-11-29 20:18:00,0.38070218600802264
2019-11-29 20:21:00,0.3686374541595683
2019-11-29 20:24:00,0.4615427670523218
2019-11-29 20:27:00,0.36373688933377935
2019-11-29 20:30:00,0.4380669829544672
2019-11-29 20:33:00,0.5512758401224573
2019-11-29 20:36:00,0.4602492238835225
2019-11-29 20:39:00,0.3665119309910665
2019-11-29 20:42:00,0.3871603572005142
2019-11-29 20:45:00,0.35055370048632994
2019-11-29 20:48:00,0.4120660272965324
2019-11-29 20:51:00,0.3276149726403901
2019-11-29 20:54:00,0.37418915290800214
2019-11-29 20:57:00,0.28892591504501297
2019-11-29 21:00:00,0.20756843201826314
2019-11-29 21:03:00,0.399066084248318
2019-11-29 21:06:00,0.36685998087295957
2019-11-29 21:09:00,0.33947443060458227
2019-11-29 21:12:00,0.3937009740973849
2019-11-29 21:15:00,0.3214069038095886
2019-11-29 21:18:00,0.4026968031229785
2019-11-29 21:21:00,0.2841411726540173
2019-11-29 21:24:00,0.33306079558064994
2019-11-29 21:27:00,0.3758991502224944
2019-11-29 21:30:00,0.285034903017106
2019-11-29 21:33:00,0.3469686510517249
2019-11-29 21:36:00,0.36357138798814503
2019-11-29 21:39:00,0.4289459538697997
2019-11-29 21:42:00,0.3909013991557231
2019-11-29 21:45:00,0.42274521680667476
2019-11-29 21:48:00,0.3215503165732798
2019-11-29 21:51:00,0.38897102552402885
2019-11-29 21:54:00,0.46721401852261124
2019-11-29 21:57:00,0.3350809061417408
2019-11-29 22:00:00,0.377234547809735
2019-11-29 22:03:00,0.24865528451186947
2019-11-29 22:06:00,0.4702312004052942
2019-11-29 22:09:00,0.48164951455379423
2019-11-29 22:12:00,0.35000966978520864
2019-11-29 22:15:00,0.37922762219966444
2019-11-29 22:18:00,0.36495232092715923
2019-11-29 22:21:00,0.47118670828069753
2019-11-29 22:24:00,0.2995629981344905
2019-11-29 22:27:00,0.3561092773242649
2019-11-29 22:30:00,0.3404113769635728
2019-11-29 22:33:00,0.3631418670630069
2019-11-29 22:36:00,0.3479115456029831
2019-11-29 22:39:00,0.41304965409506167
2019-11-29 22:42:00,0.4064429350307819
2019-11-29 22:45:00,0.37840234002800344
2019-11-29 22:48:00,0.34689219106212477
2019-11-29 22:51:00,0.42162950914689645
2019-11-29 22:54:00,0.374857998787661
2019-11-29 22:57:00,0.38211225727849296
2019-11-29 23:00:00,0.3649590755663894
2019-11-29 23:03:00,0.4679182337413863
2019-11-29 23:06:00,0.3264718806164524
2019-11-29 23:09:00,0.30564447201652456
2019-11-29 23:12:00,0.29459602965943077
2019-11-29 23:15:00,0.3480579439212761
2019-11-29 23:18:00,0.36715602113667956
2019-11-29 23:21:00,0.35365983531352185
2019-11-29 23:24:00,0.3661005829969213
2019-11-29 23:27:00,0.3462694372117312
2019-11-29 23:30:00,0.3323887181816758
2019-11-29 23:33:00,0.49041542721113274
2019-11-29 23:36:00,0.33848764186677727
2019-11-29 23:39:00,0.3646467100812174
2019-11-29 23:42:00,0.41917063301963253
2019-11-29 23:45:00,0.375925496899697
2019-11-29 23:48:00,0.2847342733585947
2019-11-29 23:51:00,0.3525052669440356
2019-11-29 23:54:00,0.44448220596780175
2019-11-29 23:57:00,0.4244213790178719
2019-11-30 00:00:00,0.46635143010871616
2019-11-30 00:03:00,0.44023527577371624
2019-11-30 00:06:00,0.4411382481489454
2019-11-30 00:09:00,0.4515310592946662
2019-11-30 00:12:00,0.23374891272084142
2019-11-30 00:15:00,0.41047002007940137
2019-11-30 00:18:00,0.3917547545175353
2019-11-30 00:21:00,0.4429890086777277
2019-11-30 00:24:00,0.44562160270362483
2019-11-30 00:27:00,0.46883912790366367
2019-11-30 00:30:00,0.3645493131657531
2019-11-30 00:33:00,0.4196308419335537
2019-11-30 00:36:00,0.5603704205517488
2019-11-30 00:39:00,0.4026106585653224
2019-11-30 00:42:00,0.43293570039020324
2019-11-30 00:45:00,0.42409534090757006
2019-11-30 00:48:00,0.384061189681006
2019-11-30 00:51:00,0.5446025532001499
2019-11-30 00:54:00,0.3978216604901377
2019-11-30 00:57:00,0.4421837071941468
2019-11-30 01:00:00,0.40469065403073046
2019-11-30 01:03:00,0.5252148644771069
2019-11-30 01:06:00,0.3747510928017732
2019-11-30 01:09:00,0.2853293794557885
2019-11-30 01:12:00,0.46006215650879767
2019-11-30 01:15:00,0.43437136344743976
2019-11-30 01:18:00,0.394637487144621
2019-11-30 01:21:00,0.41352251916572413
2019-11-30 01:24:00,0.3345172019504048
2019-11-30 01:27:00,0.4049279080910537
2019-11-30 01:30:00,0.4787728813785179
2019-11-30 01:33:00,0.4405667946535914
2019-11-30 01:36:00,0.4867975629138641
2019-11-30 01:39:00,0.4595586441859041
2019-11-30 01:42:00,0.3726112003132016
2019-11-30 01:45:00,0.4143660452195377
2019-11-30 01:48:00,0.4134134398214542
2019-11-30 01:51:00,0.47301756831825514
2019-11-30 01:54:00,0.45833274573089966
2019-11-30 01:57:00,0.41384443843946883
2019-11-30 02:00:00,0.43624656431092035
2019-11-30 02:03:00,0.3825773926783995
2019-11-30 02:06:00,0.44999019997442247
2019-11-30 02:09:00,0.40628266589919804
2019-11-30 02:12:00,0.49796072938238467
2019-11-30 02:15:00,0.4994553947975646
2019-11-30 02:18:00,0.5072140505735092
2019-11-30 02:21:00,0.3482397518320113
2019-11-30 02:24:00,0.4110749729573513
2019-11-30 02:27:00,0.40991776444747074
2019-11-30 02:30:00,0.5025423626549355
2019-11-30 02:33:00,0.5400481739706038
2019-11-30 02:36:00,0.45639504059880664
2019-11-30 02:39:00,0.47990372750365395
2019-11-30 02:42:00,0.47061377796330817
2019-11-30 02:45:00,0.4530666860724182
2019-11-30 02:48:00,0.47652105559774327
2019-11-30 02:51:00,0.41589555035409376
2019-11-30 02:54:00,0.3513317403874794
2019-11-30 02:57:00,0.40531387025180265
2019-11-30 03:00:00,0.27654090479114757
2019-11-30 03:03:00,0.4981957361562763
2019-11-30 03:06:00,0.4326405572659837
2019-11-30 03:09:00,0.44216338164795843
2019-11-30 03:12:00,0.4621362210273787
2019-11-30 03:15:00,0.42035267576017077
2019-11-30 03:18:00,0.49972504826041586
2019-11-30 03:21:00,0.5165110294667556
2019-11-30 03:24:00,0.48946233891700786
2019-11-30 03:27:00,0.582625903689177
2019-11-30 03:30:00,0.4348129046040867
2019-11-30 03:33:00,0.4862383844708802
2019-11-30 03:36:00,0.5155466042751868
2019-11-30 03:39:00,0.4676177944091364
2019-11-30 03:42:00,0.5081298013736841
2019-11-30 03:45:00,0.5780167640173772
2019-11-30 03:48:00,0.5728956776538325
2019-11-30 03:51:00,0.46123320485253316
2019-11-30 03:54:00,0.5394381481218034
2019-11-30 03:57:00,0.44984897756950204
2019-11-30 04:00:00,0.506112776117277
2019-11-30 04:03:00,0.4943076866462093
2019-11-30 04:06:00,0.5137830787634243
2019-11-30 04:09:00,0.466102069197575
2019-11-30 04:12:00,0.4664943108941202
2019-11-30 04:15:00,0.4379322269231807
2019-11-30 04:18:00,0.4831145877545282
2019-11-30 04:21:00,0.5138313772395691
2019-11-30 04:24:00,0.5199745295374782
2019-11-30 04:27:00,0.5648139721395751
2019-11-30 04:30:00,0.5303441387019916
2019-11-30 04:33:00,0.5444473428661922
2019-11-30 04:36:00,0.4989936988243926
2019-11-30 04:39:00,0.5180969556310515
2019-11-30 04:42:00,0.599267164176581
2019-11-30 04:45:00,0.5211666599942077
2019-11-30 04:48:00,0.5791024555506965
2019-11-30 04:51:00,0.5205512810728692
2019-11-30 04:54:00,0.46874640287302327
2019-11-30 04:57:00,0.42008961520474486
2019-11-30 05:00:00,0.522409609784745
2019-11-30 05:03:00,0.5046733769063962
2019-11-30 05:06:00,0.5359874582371731
2019-11-30 05:09:00,0.6208946679734026
2019-11-30 05:12:00,0.5003237590875642
2019-11-30 05:15:00,0.5842248581378158
2019-11-30 05:18:00,0.5992791079227118
2019-11-30 05:21:00,0.4932572069109824
2019-11-30 05:24:00,0.48574033509680703
2019-11-30 05:27:00,0.5674693722745587
2019-11-30 05:30:00,0.5533326826720213
2019-11-30 05:33:00,0.6131313605564515
2019-11-30 05:36:00,0.5558309976180453
2019-11-30 05:39:00,0.4770520815366126
2019-11-30 05:42:00,0.5412188093949339
2019-11-30 05:45:00,0.4884717369192799
2019-11-30 05:48:00,0.5119062773803762
2019-11-30 05:51:00,0.5645702742331196
2019-11-30 05:54:00,0.5852777916620084
2019-11-30 05:57:00,0.4821205186032671
2019-11-30 06:00:00,0.5150811018900754
2019-11-30 06:03:00,0.5474292697940086
2019-11-30 06:06:00,0.5217382604142813
2019-11-30 06:09:00,0.4649202018687788
2019-11-30 06:12:00,0.5370759396196263
2019-11-30 06:15:00,0.5244454997769026
2019-11-30 06:18:00,0.5521662860811603
2019-11-30 06:21:00,0.5325833213194642
2019-11-30 06:24:00,0.4959445373737026
2019-11-30 06:27:00,0.5108866289132834
2019-11-30 06:30:00,0.5328012578552261
2019-11-30 06:33:00,0.6360509568571615
2019-11-30 06:36:00,0.5383631426626039
2019-11-30 06:39:00,0.4756685908143936
2019-11-30 06:42:00,0.5150947813440325
2019-11-30 06:45:00,0.4870056819502224
2019-11-30 06:48:00,0.5837324813567761
2019-11-30 06:51:00,0.5965110981147745
2019-11-30 06:54:00,0.4892796545926785
2019-11-30 06:57:00,0.6140162582149742
2019-11-30 07:00:00,0.43783316719282084
2019-11-30 07:03:00,0.5300999234514734
2019-11-30 07:06:00,0.5485226246090633
2019-11-30 07:09:00,0.44241421284078797
2019-11-30 07:12:00,0.49406870813993464
2019-11-30 07:15:00,0.4367613065995215
2019-11-30 07:18:00,0.4496942006801419
2019-11-30 07:21:00,0.5004856473420887
2019-11-30 07:24:00,0.4064627530129883
2019-11-30 07:27:00,0.41686043684666174
2019-11-30 07:30:00,0.4181722667775034
2019-11-30 07:33:00,0.45273942245171384
2019-11-30 07:36:00,0.40700841226799866
2019-11-30 07:39:00,0.39091016770447595
2019-11-30 07:42:00,0.5255796116051101
2019-11-30 07:45:00,0.3356392834215285
2019-11-30 07:48:00,0.4380506434416702
2019-11-30 07:51:00,0.4492273092494088
2019-11-30 07:54:00,0.3670857684912221
2019-11-30 07:57:00,0.44039701422076405
2019-11-30 08:00:00,0.5098952773457768
2019-11-30 08:03:00,0.4002854861504943
2019-11-30 08:06:00,0.33465639932052227
2019-11-30 08:09:00,0.3877093259415574
2019-11-30 08:12:00,0.3920790114459578
2019-11-30 08:15:00,0.3951870086136182
2019-11-30 08:18:00,0.3593230082376522
2019-11-30 08:21:00,0.3552554349460024
2019-11-30 08:24:00,0.3803576275337264
2019-11-30 08:27:00,0.35393127553925297
2019-11-30 08:30:00,0.3264115715520006
2019-11-30 08:33:00,0.46634951932975355
2019-11-30 08:36:00,0.40186849744833353
2019-11-30 08:39:00,0.3265244985359459
2019-11-30 08:42:00,0.37936579751601585
2019-11-30 08:45:00,0.23762418833848642
2019-11-30 08:48:00,0.24357132113743774
2019-11-30 08:51:00,0.3242427558147938
2019-11-30 08:54:00,0.3712810690757351
2019-11-30 08:57:00,0.36109684769030537
2019-11-30 09:00:00,0.3023248369250382
2019-11-30 09:03:00,0.353957442905255
2019-11-30 09:06:00,0.24533500144866593
2019-11-30 09:09:00,0.2924925000513099
2019-11-30 09:12:00,0.2872750028827227
2019-11-30 09:15:00,0.19161006832553085
2019-11-30 09:18:00,0.2821239431826257
2019-11-30 09:21:00,0.2822522614644072
2019-11-30 09:24:00,0.23779005640938067
2019-11-30 09:27:00,0.3142242314321493
2019-11-30 09:30:00,0.203800838391885
2019-11-30 09:33:00,0.23067297442543122
2019-11-30 09:36:00,0.16605056208135238
2019-11-30 09:39:00,0.21689184468260692
2019-11-30 09:42:00,0.23200385490173403
2019-11-30 09:45:00,0.27420130069640436
2019-11-30 09:48:00,0.2438329766582683
2019-11-30 09:51:00,0.1997921198272934
2019-11-30 09:54:00,0.23423507772480434
2019-11-30 09:57:00,0.15813526738588735
2019-11-30 10:00:00,0.2721677741808435
2019-11-30 10:03:00,0.20803304567141367
2019-11-30 10:06:00,0.11837164463929639
2019-11-30 10:09:00,0.15279871575495463
2019-11-30 10:12:00,0.19641787027569535
2019-11-30 10:15:00,0.2034323137132219
2019-11-30 10:18:00,0.1721677430354589
2019-11-30 10:21:00,0.13889763614821504
2019-11-30 10:24:00,0.13633139252908677
2019-11-30 10:27:00,0.2445463204530256
2019-11-30 10:30:00,0.24245296584155085
2019-11-30 10:33:00,0.200639363843095
2019-11-30 10:36:00,0.12412907960862185
2019-11-30 10:39:00,0.15390789342626476
2019-11-30 10:42:00,0.06791635616514213
2019-11-30 10:45:00,0.25883627190921743
2019-11-30 10:48:00,0.15455870963239704
2019-11-30 10:51:00,0.27257953805411717
2019-11-30 10:54:00,0.19359164719594446
2019-11-30 10:57:00,0.24504472489900309
2019-11-30 11:00:00,0.22685212475465732
2019-11-30 11:03:00,0.1899635271672082
2019-11-30 11:06:00,0.1405433249137218
2019-11-30 11:09:00,0.20217057895496282
2019-11-30 11:12:00,0.14675697122504516
2019-11-30 11:15:00,0.1859908448582246
2019-11-30 11:18:00,0.22768962644806834
2019-11-30 11:21:00,0.17596445565686736
2019-11-30 11:24:00,0.17023750051123443
2019-11-30 11:27:00,0.03266069963171958
2019-11-30 11:30:00,0.1903581977126123
2019-11-30 11:33:00,0.12524521019867052
2019-11-30 11:36:00,0.12280640184650338
2019-11-30 11:39:00,0.12860057512983758
2019-11-30 11:42:00,0.14794181535899043
2019-11-30 11:45:00,0.172175155677337
2019-11-30 11:48:00,0.10425857481851608
2019-11-30 11:51:00,0.1426403953020099
2019-11-30 11:54:00,0.19237509859812008
2019-11-30 11:57:00,0.10573089411263936
2019-11-30 12:00:00,0.09187069841993889
2019-11-30 12:03:00,0.16821961439040933
2019-11-30 12:06:00,0.176520266977775
2019-11-30 12:09:00,0.14765755651347945
2019-11-30 12:12:00,0.09564838241897178
2019-11-30 12:15:00,0.1170663213437706
2019-11-30 12:18:00,0.04114920218194129
2019-11-30 12:21:00,0.024858695394186725
2019-11-30 12:24:00,0.10171633368122457
2019-11-30 12:27:00,0.0328329146511237
2019-11-30 12:30:00,-0.026715653941550954
2019-11-30 12:33:00,0.10426557751611654
2019-11-30 12:36:00,0.05561688759007666
2019-11-30 12:39:00,0.07683297582093473
2019-11-30 12:42:00,-0.016270599712981948
2019-11-30 12:45:00,-0.08345548501529265
2019-11-30 12:48:00,0.05869485881652281
2019-11-30 12:51:00,0.052795271750710526
2019-11-30 12:54:00,0.02528418114007991
2019-11-30 12:57:00,-0.024173912296532762
2019-11-30 13:00:00,0.06567261037315575
2019-11-30 13:03:00,-0.0061504781406824804
2019-11-30 13:06:00,0.004477878842294558
2019-11-30 13:09:00,-0.08320523247232359
2019-11-30 13:12:00,-0.043264726948109455
2019-11-30 13:15:00,-0.06528642553314512
2019-11-30 13:18:00,-0.075219845795516
2019-11-30 13:21:00,0.0042461743124135864
2019-11-30 13:24:00,-0.04472914938878603
2019-11-30 13:27:00,-0.041930151401061266
2019-11-30 13:30:00,-0.0870645287287175
2019-11-30 13:33:00,-0.07451184828869373
2019-11-30 13:36:00,0.01485932887197805
2019-11-30 13:39:00,-0.026373632415925385
2019-11-30 13:42:00,-0.03837576599573822
2019-11-30 13:45:00,0.041243107182992844
2019-11-30 13:48:00,-0.08257913317584098
2019-11-30 13:51:00,-0.11336557052874241
2019-11-30 13:54:00,0.005190754676505094
2019-11-30 13:57:00,-0.08677253434814247
2019-11-30 14:00:00,-0.09223608822810547
2019-11-30 14:03:00,0.014234463590184987
2019-11-30 14:06:00,-0.22024099435316202
2019-11-30 14:09:00,-0.029682750188214868
2019-11-30 14:12:00,0.054653378827140386
2019-11-30 14:15:00,-0.12834689214611217
2019-11-30 14:18:00,-0.02571168847680383
2019-11-30 14:21:00,-0.05326126054205815
2019-11-30 14:24:00,-0.017256907181490533
2019-11-30 14:27:00,-0.11154627043350729
2019-11-30 14:30:00,-0.014748347583633858
2019-11-30 14:33:00,-0.029341976478065135
2019-11-30 14:36:00,-0.057494704102794
2019-11-30 14:39:00,-0.04197363537264209
2019-11-30 14:42:00,-0.010817410920651582
2019-11-30 14:45:00,0.02196027313112836
2019-11-30 14:48:00,0.1355442299256424
2019-11-30 14:51:00,0.029287261093429606
2019-11-30 14:54:00,-0.10347182412300526
2019-11-30 14:57:00,-0.14062338493113202
2019-11-30 15:00:00,-0.031157948762029264
2019-11-30 15:03:00,-0.11970789676121285
2019-11-30 15:06:00,-0.11072892014476565
2019-11-30 15:09:00,-0.20856268775685294
2019-11-30 15:12:00,-0.03085123384317967
2019-11-30 15:15:00,-0.07570785458921137
2019-11-30 15:18:00,-0.09409383549342465
2019-11-30 15:21:00,-0.14854410179958677
2019-11-30 15:24:00,-0.01870235523944075
2019-11-30 15:27:00,-0.05046760575663711
2019-11-30 15:30:00,0.013327387638582877
2019-11-30 15:33:00,-0.08126236161183442
2019-11-30 15:36:00,-0.04882734764851193
2019-11-30 15:39:00,0.004334728454978176
2019-11-30 15:42:00,-0.09981943389414027
2019-11-30 15:45:00,-0.07356680235949398
2019-11-30 15:48:00,-0.023578661951887625
2019-11-30 15:51:00,0.025408702615436596
2019-11-30 15:54:00,0.0158304196742165
2019-11-30 15:57:00,0.014302641844381014
2019-11-30 16:00:00,0.07099601848892689
2019-11-30 16:03:00,-0.013602080387499882
2019-11-30 16:06:00,-0.02549244532758621
2019-11-30 16:09:00,0.07598181574371665
2019-11-30 16:12:00,-0.07719830225931901
2019-11-30 16:15:00,-0.03907740012868999
2019-11-30 16:18:00,-0.080143599567009
2019-11-30 16:21:00,0.050393531723216256
2019-11-30 16:24:00,0.03797896414977231
2019-11-30 16:27:00,0.04042576951809451
2019-11-30 16:30:00,0.023971684187017672
2019-11-30 16:33:00,0.11752591527681489
2019-11-30 16:36:00,0.02733402873769819
2019-11-30 16:39:00,0.003104009441699418
2019-11-30 16:42:00,0.029475986993077186
2019-11-30 16:45:00,0.10983448827545317
2019-11-30 16:48:00,-0.005088594156802628
2019-11-30 16:51:00,0.047370655783026905
2019-11-30 16:54:00,0.10383954480727198
2019-11-30 16:57:00,0.05410574851214278
2019-11-30 17:00:00,-0.016226400210598513
2019-11-30 17:03:00,0.1123260900279206
2019-11-30 17:06:00,0.04031473272692665
2019-11-30 17:09:00,0.0640038496753732
2019-11-30 17:12:00,0.13187179523407622
2019-11-30 17:15:00,0.1241814384055715
2019-11-30 17:18:00,0.0730653978808391
2019-11-30 17:21:00,0.03329932760249221
2019-11-30 17:24:00,0.12564060904446706
2019-11-30 17:27:00,0.15729028698245884
2019-11-30 17:30:00,0.08767086875292307
2019-11-30 17:33:00,0.1487956172069289
2019-11-30 17:36:00,0.10837268966992042
2019-11-30 17:39:00,0.11564061320643759
2019-11-30 17:42:00,0.07668255917229772
2019-11-30 17:45:00,0.1569606357630846
2019-11-30 17:48:00,0.07593814069741711
2019-11-30 17:51:00,0.17668336559802356
2019-11-30 17:54:00,0.08678844590326662
2019-11-30 17:57:00,0.18037542828864161
2019-11-30 18:00:00,0.14417708716376865
2019-11-30 18:03:00,0.19311057869754222
2019-11-30 18:06:00,0.17563370707830472
2019-11-30 18:09:00,0.17987330306380045
2019-11-30 18:12:00,0.21820926386430983
2019-11-30 18:15:00,0.23455961113091917
2019-11-30 18:18:00,0.16776913398695115
2019-11-30 18:21:00,0.17703334557177186
2019-11-30 18:24:00,0.14236843851546155
2019-11-30 18:27:00,0.2089581457607892
2019-11-30 18:30:00,0.23597766418174615
2019-11-30 18:33:00,0.2311052626627088
2019-11-30 18:36:00,0.12851999809174686
2019-11-30 18:39:00,0.24391640536561
2019-11-30 18:42:00,0.30359681806407934
2019-11-30 18:45:00,0.19780153104312603
2019-11-30 18:48:00,0.20811717314614953
2019-11-30 18:51:00,0.20153142337301233
2019-11-30 18:54:00,0.17161401563311074
2019-11-30 18:57:00,
2019-11-30 19:00:00,
2019-11-30 19:03:00,0.14809790837244918
2019-11-30 19:06:00,0.2289156532076504
2019-11-30 19:09:00,0.1654348378051509
2019-11-30 19:12:00,0.18698679271477658
2019-11-30 19:15:00,0.2590846829689326
2019-11-30 19:18:00,0.22041051943921275
2019-11-30 19:21:00,0.20849842726374845
2019-11-30 19:24:00,0.23742299530999844
2019-11-30 19:27:00,0.2798678908650345
2019-11-30 19:30:00,0.22549694451532787
2019-11-30 19:33:00,0.13220183840070376
2019-11-30 19:36:00,0.1986947186621819
2019-11-30 19:39:00,0.18870289454639533
2019-11-30 19:42:00,0.1802317191647944
2019-11-30 19:45:00,0.14291750224481348
2019-11-30 19:48:00,0.2178132983881369
2019-11-30 19:51:00,0.24235589062340068
2019-11-30 19:54:00,0.2491396478364436
2019-11-30 19:57:00,0.2046830676594027
2019-11-30 20:00:00,0.2457774461733493
2019-11-30 20:03:00,0.14550151128048583
2019-11-30 20:06:00,0.16243062415611575
2019-11-30 20:09:00,0.23786571284466618
2019-11-30 20:12:00,0.18664304561889367
2019-11-30 20:15:00,0.19550014090452805
2019-11-30 20:18:00,0.15847678368913876
2019-11-30 20:21:00,0.21284115660023417
2019-11-30 20:24:00,0.27531234179878084
2019-11-30 20:27:00,0.19319980518542934
2019-11-30 20:30:00,0.19588959390227956
2019-11-30 20:33:00,0.24563668685397033
2019-11-30 20:36:00,0.21406635547805308
2019-11-30 20:39:00,0.34217735035690566
2019-11-30 20:42:00,0.3698588562937175
2019-11-30 20:45:00,0.36966181366898354
2019-11-30 20:48:00,0.2925292721321284
2019-11-30 20:51:00,0.3014695070074822
2019-11-30 20:54:00,0.29432627189862615
2019-11-30 20:57:00,0.34814091622223486
2019-11-30 21:00:00,0.27841236125982505
2019-11-30 21:03:00,0.37908758448043045
2019-11-30 21:06:00,0.3521190543859234
2019-11-30 21:09:00,0.3311129935292456
2019-11-30 21:12:00,0.2580985574948045
2019-11-30 21:15:00,0.4018176404572955
2019-11-30 21:18:00,0.3521590906293568
2019-11-30 21:21:00,0.41522661447089604
2019-11-30 21:24:00,0.3426777403246888
2019-11-30 21:27:00,0.21584106880061427
2019-11-30 21:30:00,0.30315614150708825
2019-11-30 21:33:00,0.27879680004934926
2019-11-30 21:36:00,0.2905977265224351
2019-11-30 21:39:00,0.26293213833429263
2019-11-30 21:42:00,0.2983562658592973
2019-11-30 21:45:00,0.2575346187560399
2019-11-30 21:48:00,0.30137207769780616
2019-11-30 21:51:00,0.2947729664491021
2019-11-30 21:54:00,0.2872949894995145
2019-11-30 21:57:00,0.2843412853263203
2019-11-30 22:00:00,0.2692485293572986
2019-11-30 22:03:00,0.37697990428944195
2019-11-30 22:06:00,0.37681566008916434
2019-11-30 22:09:00,0.23836095013462
2019-11-30 22:12:00,0.38316375976995687
2019-11-30 22:15:00,0.39381275459749077
2019-11-30 22:18:00,0.2878648752641766
2019-11-30 22:21:00,0.3046133071732129
2019-11-30 22:24:00,0.40604840436412815
2019-11-30 22:27:00,0.29405888684925685
2019-11-30 22:30:00,0.4316153000359009
2019-11-30 22:33:00,0.396230345703259
2019-11-30 22:36:00,0.4385603643778495
2019-11-30 22:39:00,0.3681478309987938
2019-11-30 22:42:00,0.3873019704921603
2019-11-30 22:45:00,0.38569701129205214
2019-11-30 22:48:00,0.412642356026538
2019-11-30 22:51:00,0.41742327007301583
2019-11-30 22:54:00,0.334427572641971
2019-11-30 22:57:00,0.3452106842048579
2019-11-30 23:00:00,0.3652296201113927
2019-11-30 23:03:00,0.4699207659509739
2019-11-30 23:06:00,0.42533540103028145
2019-11-30 23:09:00,0.3601038451653835
2019-11-30 23:12:00,0.3404368556721806
2019-11-30 23:15:00,0.45252369599143094
2019-11-30 23:18:00,0.34001524423069895
2019-11-30 23:21:00,0.4149037518084242
2019-11-30 23:24:00,0.354049768923403
2019-11-30 23:27:00,0.4504249782754641
2019-11-30 23:30:00,0.37681722060165157
2019-11-30 23:33:00,0.3104308266213138
2019-11-30 23:36:00,0.4231990027719803
2019-11-30 23:39:00,0.34659979650217565
2019-11-30 23:42:00,0.44211249502035344
2019-11-30 23:45:00,0.36767178260060973
2019-11-30 23:48:00,0.3896022665269925
2019-11-30 23:51:00,0.4127214381105091
2019-11-30 23:54:00,0.2712864758479441
2019-11-30 23:57:00,0.3663190117051158
2019-12-01 00:00:00,0.4041410414212123
2019-12-01 00:03:00,0.31181107497496896
2019-12-01 00:06:00,0.39607894763889817
2019-12-01 00:09:00,0.4628429791259805
2019-12-01 00:12:00,0.3382599571457945
2019-12-01 00:15:00,0.26386916456976905
2019-12-01 00:18:00,0.4339085538532572
2019-12-01 00:21:00,0.34550882936986227
2019-12-01 00:24:00,0.3137780499280325
2019-12-01 00:27:00,0.3675048889263053
2019-12-01 00:30:00,0.3897997883020139
2019-12-01 00:33:00,0.39849436404216476
2019-12-01 00:36:00,0.29133767989333137
2019-12-01 00:39:00,0.2556973024563831
2019-12-01 00:42:00,0.37888389834387226
2019-12-01 00:45:00,0.32560444781665865
2019-12-01 00:48:00,0.4293940255411144
2019-12-01 00:51:00,0.3760538053295477
2019-12-01 00:54:00,0.275992502814006
2019-12-01 00:57:00,0.3590046202346002
2019-12-01 01:00:00,0.3038548954088469
2019-12-01 01:03:00,0.3126870758508744
2019-12-01 01:06:00,0.3234675857277125
2019-12-01 01:09:00,0.40503838963962835
2019-12-01 01:12:00,0.47063723496705734
2019-12-01 01:15:00,0.3712080847521406
2019-12-01 01:18:00,0.4382406845962805
2019-12-01 01:21:00,0.3367605069221895
2019-12-01 01:24:00,0.4126122608876699
2019-12-01 01:27:00,0.3949387806835034
2019-12-01 01:30:00,0.4701323645688831
2019-12-01 01:33:00,0.3025857528358529
2019-12-01 01:36:00,0.39048905400312606
2019-12-01 01:39:00,0.41500393518776946
2019-12-01 01:42:00,0.49842063992809926
2019-12-01 01:45:00,0.42520771981065764
2019-12-01 01:48:00,0.41176369630824183
2019-12-01 01:51:00,0.3973460189478146
2019-12-01 01:54:00,0.47577729840389793
2019-12-01 01:57:00,0.41470264486218866
2019-12-01 02:00:00,0.34846125902242875
2019-12-01 02:03:00,0.4968186771927776
2019-12-01 02:06:00,0.296691907775255
2019-12-01 02:09:00,0.4969249140284546
2019-12-01 02:12:00,0.5026611905644813
2019-12-01 02:15:00,0.4897198453449505
2019-12-01 02:18:00,0.40076127767474645
2019-12-01 02:21:00,0.41228645609589876
2019-12-01 02:24:00,0.34669470472550756
2019-12-01 02:27:00,0.3895717732356161
2019-12-01 02:30:00,0.4633736049958088
2019-12-01 02:33:00,0.32348557365497754
2019-12-01 02:36:00,0.36056022457000836
2019-12-01 02:39:00,0.3772018090901952
2019-12-01 02:42:00,0.35505541937919816
2019-12-01 02:45:00,0.34977568840207596
2019-12-01 02:48:00,0.2984666488090397
2019-12-01 02:51:00,0.32790591490891074
2019-12-01 02:54:00,0.39292431792881644
2019-12-01 02:57:00,0.4312277847556629
2019-12-01 03:00:00,0.3893961027776527
2019-12-01 03:03:00,0.35400770883023824
2019-12-01 03:06:00,0.3897299086774524
2019-12-01 03:09:00,0.3525304066710646
2019-12-01 03:12:00,0.34494605118300115
2019-12-01 03:15:00,0.36069494700592486
2019-12-01 03:18:00,0.38678989417564935
2019-12-01 03:21:00,0.3589666759859824
2019-12-01 03:24:00,0.3409560105632181
2019-12-01 03:27:00,0.43473112551851045
2019-12-01 03:30:00,0.4525983338543824
2019-12-01 03:33:00,0.4987106113147206
2019-12-01 03:36:00,0.42076276303862414
2019-12-01 03:39:00,0.42677041569049834
2019-12-01 03:42:00,0.38013376358281903
2019-12-01 03:45:00,0.42065859089194646
2019-12-01 03:48:00,0.4561074235598426
2019-12-01 03:51:00,0.30199181184735835
2019-12-01 03:54:00,0.322366265101266
2019-12-01 03:57:00,0.4854032554630976
2019-12-01 04:00:00,0.408395195856599
2019-12-01 04:03:00,0.31404169396984116
2019-12-01 04:06:00,0.4657427686568667
2019-12-01 04:09:00,0.4178335442959451
2019-12-01 04:12:00,0.3847349975601446
2019-12-01 04:15:00,0.45229619128826926
2019-12-01 04:18:00,0.35650349489372957
2019-12-01 04:21:00,0.4583608617341497
2019-12-01 04:24:00,0.5523356643581678
2019-12-01 04:27:00,0.39247531641376554
2019-12-01 04:30:00,0.3792941795283582
2019-12-01 04:33:00,0.34111523073676153
2019-12-01 04:36:00,0.4781488780212726
2019-12-01 04:39:00,0.4363123356800429
2019-12-01 04:42:00,0.4640950942102222
2019-12-01 04:45:00,0.38849779889602587
2019-12-01 04:48:00,0.4068128996317455
2019-12-01 04:51:00,0.47610686932949875
2019-12-01 04:54:00,0.42626753984183097
2019-12-01 04:57:00,0.48103259699189493
2019-12-01 05:00:00,0.4565524782163948
2019-12-01 05:03:00,0.4757576936536907
2019-12-01 05:06:00,0.395870718589606
2019-12-01 05:09:00,0.47789546223435764
2019-12-01 05:12:00,0.46321060900129396
2019-12-01 05:15:00,0.50931773940124
2019-12-01 05:18:00,0.430839745205958
2019-12-01 05:21:00,0.47435787365708393
2019-12-01 05:24:00,0.3995394413138911
2019-12-01 05:27:00,0.4612004944559658
2019-12-01 05:30:00,0.5174129556662592
2019-12-01 05:33:00,0.506670682753338
2019-12-01 05:36:00,0.5205805529774921
2019-12-01 05:39:00,0.5255263421088898
2019-12-01 05:42:00,0.4894699518059724
2019-12-01 05:45:00,0.5766969552946648
2019-12-01 05:48:00,0.5099887303381934
2019-12-01 05:51:00,0.5196445243375933
2019-12-01 05:54:00,0.6074560983864217
2019-12-01 05:57:00,0.5011269024830654
2019-12-01 06:00:00,0.5141594878935507
2019-12-01 06:03:00,0.44524318983741296
2019-12-01 06:06:00,0.44596554590089
2019-12-01 06:09:00,0.42525791860146
2019-12-01 06:12:00,0.508986909897601
2019-12-01 06:15:00,0.4320798188600179
2019-12-01 06:18:00,0.46803139040088126
2019-12-01 06:21:00,0.5770269821111356
2019-12-01 06:24:00,0.4732094723559612
2019-12-01 06:27:00,0.49994044820152794
2019-12-01 06:30:00,0.5322396222477437
2019-12-01 06:33:00,0.5697448332826411
2019-12-01 06:36:00,0.4754893059712799
2019-12-01 06:39:00,0.5697140822731512
2019-12-01 06:42:00,0.5458198969338923
2019-12-01 06:45:00,0.5478637221958138
2019-12-01 06:48:00,0.5604905789226109
2019-12-01 06:51:00,0.4769991104329847
2019-12-01 06:54:00,0.5643481262109162
2019-12-01 06:57:00,0.627508286551631
2019-12-01 07:00:00,0.5560279980435325
2019-12-01 07:03:00,0.5282890629129611
2019-12-01 07:06:00,0.5452373328267868
2019-12-01 07:09:00,0.6554153626952939
2019-12-01 07:12:00,0.5639534326845705
2019-12-01 07:15:00,0.5196322199332144
2019-12-01 07:18:00,0.49396076433555436
2019-12-01 07:21:00,0.4682856892878817
2019-12-01 07:24:00,0.4866002786121726
2019-12-01 07:27:00,0.49920559111609464
2019-12-01 07:30:00,0.427996933770487
2019-12-01 07:33:00,0.5183015466429879
2019-12-01 07:36:00,0.49397503244836116
2019-12-01 07:39:00,0.5803439090313987
2019-12-01 07:42:00,0.5109481443003006
2019-12-01 07:45:00,0.4141650950800795
2019-12-01 07:48:00,0.5082292415163465
2019-12-01 07:51:00,0.3952828704364606
2019-12-01 07:54:00,0.50421684559916
2019-12-01 07:57:00,0.47490822115736364
2019-12-01 08:00:00,0.43100514202990325
2019-12-01 08:03:00,0.47925975221926365
2019-12-01 08:06:00,0.35880704269766284
2019-12-01 08:09:00,0.3793244168562069
2019-12-01 08:12:00,0.3327659662187443
2019-12-01 08:15:00,0.35861401590591413
2019-12-01 08:18:00,0.41257532919729556
2019-12-01 08:21:00,0.37640802179311095
2019-12-01 08:24:00,0.4462981602122795
2019-12-01 08:27:00,0.30047727086741816
2019-12-01 08:30:00,0.3153584860803562
2019-12-01 08:33:00,0.3201620494680242
2019-12-01 08:36:00,0.33311374661354876
2019-12-01 08:39:00,0.2747234058313097
2019-12-01 08:42:00,0.39931302287908466
2019-12-01 08:45:00,0.4011917972468382
2019-12-01 08:48:00,0.2990587335052055
2019-12-01 08:51:00,0.24166655464159703
2019-12-01 08:54:00,0.3273753589008379
2019-12-01 08:57:00,0.24161810824426766
2019-12-01 09:00:00,0.210600251777862
2019-12-01 09:03:00,0.2871166973794175
2019-12-01 09:06:00,0.34133139657234324
2019-12-01 09:09:00,0.2689694983801587
2019-12-01 09:12:00,0.2292427972911355
2019-12-01 09:15:00,0.13689296863969957
2019-12-01 09:18:00,0.2548301080046258
2019-12-01 09:21:00,0.15274969707058972
2019-12-01 09:24:00,0.27719337272026223
2019-12-01 09:27:00,0.1961597061818452
2019-12-01 09:30:00,0.23946792343497236
2019-12-01 09:33:00,0.24675171931113482
2019-12-01 09:36:00,0.1971100839946871
2019-12-01 09:39:00,0.2381550904717642
2019-12-01 09:42:00,0.11623801493851715
2019-12-01 09:45:00,0.10672794497543237
2019-12-01 09:48:00,0.2257767725787403
2019-12-01 09:51:00,0.19060372253164815
2019-12-01 09:54:00,0.2431030916016539
2019-12-01 09:57:00,0.20644647618240697
2019-12-01 10:00:00,0.16750046057569534
2019-12-01 10:03:00,0.13907490241183496
2019-12-01 10:06:00,0.061673007501440225
2019-12-01 10:09:00,0.1161677850234355
2019-12-01 10:12:00,0.12001430585655726
2019-12-01 10:15:00,0.14802067409340225
2019-12-01 10:18:00,0.20029867698764292
2019-12-01 10:21:00,0.19955159672463196
2019-12-01 10:24:00,0.08685907599186748
2019-12-01 10:27:00,0.1521603054169418
2019-12-01 10:30:00,0.08190086085011217
2019-12-01 10:33:00,0.08128214034911707
2019-12-01 10:36:00,0.07999359382125704
2019-12-01 10:39:00,0.1047563979188908
2019-12-01 10:42:00,0.06601617388520253
2019-12-01 10:45:00,0.06643424313386959
2019-12-01 10:48:00,0.05733378947934398
2019-12-01 10:51:00,0.19506210438083826
2019-12-01 10:54:00,0.1977607652579536
2019-12-01 10:57:00,0.06331043023294569
2019-12-01 11:00:00,0.13040014251237153
2019-12-01 11:03:00,-4.81588597267546e-06
2019-12-01 11:06:00,0.15623486366149564
2019-12-01 11:09:00,0.11132666284606785
2019-12-01 11:12:00,0.03431496890635799
2019-12-01 11:15:00,0.16555597368534336
2019-12-01 11:18:00,0.07426613984512187
2019-12-01 11:21:00,0.087474287858754
2019-12-01 11:24:00,0.07405284951818203
2019-12-01 11:27:00,0.1134064616824162
2019-12-01 11:30:00,0.05037532656234589
2019-12-01 11:33:00,0.09182299439919461
2019-12-01 11:36:00,0.058821949289836084
2019-12-01 11:39:00,-0.0014561102146330995
2019-12-01 11:42:00,0.11449603774167372
2019-12-01 11:45:00,0.026521965566814742
2019-12-01 11:48:00,-0.03652074662340965
2019-12-01 11:51:00,-0.06586554214806029
2019-12-01 11:54:00,0.09586076305185998
2019-12-01 11:57:00,-0.07987801733816013
2019-12-01 12:00:00,-0.031558248919338894
2019-12-01 12:03:00,-0.13505704023401677
2019-12-01 12:06:00,-0.05571651118867749
2019-12-01 12:09:00,-0.09405646773478793
2019-12-01 12:12:00,-0.12897395341963147
2019-12-01 12:15:00,-0.01767208948666621
2019-12-01 12:18:00,-0.16933183617305758
2019-12-01 12:21:00,-0.09238876263452767
2019-12-01 12:24:00,-0.06245988497215649
2019-12-01 12:27:00,-0.205201756808151
2019-12-01 12:30:00,-0.07055314877908359
2019-12-01 12:33:00,-0.0016320355287575694
2019-12-01 12:36:00,-0.04495414941709441
2019-12-01 12:39:00,0.0773793030692218
2019-12-01 12:42:00,-0.08346042243499596
2019-12-01 12:45:00,-0.18086569613046777
2019-12-01 12:48:00,-0.06956973967737667
2019-12-01 12:51:00,-0.1250791426571709
2019-12-01 12:54:00,-0.09834639611875673
2019-12-01 12:57:00,-0.18776184109037786
2019-12-01 13:00:00,-0.062478151247944425
2019-12-01 13:03:00,-0.17995500522977181
2019-12-01 13:06:00,-0.09414738745425666
2019-12-01 13:09:00,-0.11011300373309041
2019-12-01 13:12:00,-0.12220294329102899
2019-12-01 13:15:00,-0.10768225402432563
2019-12-01 13:18:00,-0.2139255219909728
2019-12-01 13:21:00,-0.03514039142294223
2019-12-01 13:24:00,-0.14445276712405075
2019-12-01 13:27:00,0.004568346255382494
2019-12-01 13:30:00,-0.08049554689756633
2019-12-01 13:33:00,-0.23644604589020446
2019-12-01 13:36:00,-0.18931879918096683
2019-12-01 13:39:00,-0.21013284995058257
2019-12-01 13:42:00,-0.0931219042196858
2019-12-01 13:45:00,-0.09231064087549612
2019-12-01 13:48:00,-0.1389209733916914
2019-12-01 13:51:00,-0.08634381941487845
2019-12-01 13:54:00,-0.18169604261225913
2019-12-01 13:57:00,-0.0876417057298795
2019-12-01 14:00:00,-0.15077560343598861
2019-12-01 14:03:00,-0.0728170990701642
2019-12-01 14:06:00,-0.09337812569572179
2019-12-01 14:09:00,-0.2532909392812712
2019-12-01 14:12:00,-0.061716693669154665
2019-12-01 14:15:00,-0.12692971934990283
2019-12-01 14:18:00,-0.11027450231603098
2019-12-01 14:21:00,-0.054860734244357445
2019-12-01 14:24:00,-0.1511868839746171
2019-12-01 14:27:00,-0.252626719276293
2019-12-01 14:30:00,-0.12045832282444735
2019-12-01 14:33:00,-0.1917616461452667
2019-12-01 14:36:00,-0.10055837366854803
2019-12-01 14:39:00,-0.05754827459969647
2019-12-01 14:42:00,-0.09671689376494896
2019-12-01 14:45:00,-0.04342454903746784
2019-12-01 14:48:00,-0.18485785807274624
2019-12-01 14:51:00,-0.01798909948780647
2019-12-01 14:54:00,-0.021559964633695472
2019-12-01 14:57:00,0.05359228464004673
2019-12-01 15:00:00,0.11822539318279723
2019-12-01 15:03:00,-0.010419591733182187
2019-12-01 15:06:00,0.0478405775390911
2019-12-01 15:09:00,0.03295451326010834
2019-12-01 15:12:00,0.01540478829673475
2019-12-01 15:15:00,-0.042433521540203856
2019-12-01 15:18:00,-0.04397801461271911
2019-12-01 15:21:00,-0.17706016933897217
2019-12-01 15:24:00,1.865883388063594e-05
2019-12-01 15:27:00,0.022884782904156964
2019-12-01 15:30:00,-0.044984125180235424
2019-12-01 15:33:00,-0.05971302952474389
2019-12-01 15:36:00,-0.11095275708748886
2019-12-01 15:39:00,-0.03693440219126387
2019-12-01 15:42:00,-0.009755501150834789
2019-12-01 15:45:00,-0.04677189793261505
2019-12-01 15:48:00,0.07320353739032726
2019-12-01 15:51:00,-0.08868689865118995
2019-12-01 15:54:00,-0.032683248536613974
2019-12-01 15:57:00,-0.04852373155273426
2019-12-01 16:00:00,-0.11394118457246805
2019-12-01 16:03:00,-0.050862619192457714
2019-12-01 16:06:00,-0.07681993955765165
2019-12-01 16:09:00,-0.10166140036494653
2019-12-01 16:12:00,-0.10433509826287946
2019-12-01 16:15:00,-0.26900526636961786
2019-12-01 16:18:00,-0.21178496780675005
2019-12-01 16:21:00,-0.07860794113076963
2019-12-01 16:24:00,-0.2155029240164481
2019-12-01 16:27:00,-0.03636565157955829
2019-12-01 16:30:00,-0.06479809074335208
2019-12-01 16:33:00,-0.04106361065055353
2019-12-01 16:36:00,-0.20548769180970794
2019-12-01 16:39:00,-0.08378984168427905
2019-12-01 16:42:00,-0.0631710518022146
2019-12-01 16:45:00,-0.11318326849618643
2019-12-01 16:48:00,-0.15177911269393007
2019-12-01 16:51:00,-0.12856072140863262
2019-12-01 16:54:00,-0.13289213216290818
2019-12-01 16:57:00,-0.08859310283486366
2019-12-01 17:00:00,-0.0474271611030872
2019-12-01 17:03:00,-0.008358193069227582
2019-12-01 17:06:00,-0.0384865133155472
2019-12-01 17:09:00,-0.05772522103472966
2019-12-01 17:12:00,-0.23726754561522512
2019-12-01 17:15:00,-0.05781329056452478
2019-12-01 17:18:00,-0.07233851639801969
2019-12-01 17:21:00,-0.07791950706007356
2019-12-01 17:24:00,-0.14048176223661812
2019-12-01 17:27:00,-0.13127189621656044
2019-12-01 17:30:00,-0.06030246101300918
2019-12-01 17:33:00,-0.023788582481756748
2019-12-01 17:36:00,-0.029280076906559316
2019-12-01 17:39:00,0.0638270765785478
2019-12-01 17:42:00,-0.049732877132555586
2019-12-01 17:45:00,-0.06920058212108415
2019-12-01 17:48:00,0.03940247395536289
2019-12-01 17:51:00,-0.01744623998871475
2019-12-01 17:54:00,0.006287130638384042
2019-12-01 17:57:00,0.03613374521393098
2019-12-01 18:00:00,-0.038528668741662386
2019-12-01 18:03:00,0.009354367931905472
2019-12-01 18:06:00,0.02391092448993959
2019-12-01 18:09:00,0.061113837324114684
2019-12-01 18:12:00,-0.00901863297036698
2019-12-01 18:15:00,0.052023482522884024
2019-12-01 18:18:00,0.04032995414161178
2019-12-01 18:21:00,-0.035903347043870326
2019-12-01 18:24:00,-0.011606887673849542
2019-12-01 18:27:00,0.007690070957949047
2019-12-01 18:30:00,0.018806457169660007
2019-12-01 18:33:00,0.044446170860908296
2019-12-01 18:36:00,0.023890109333478904
2019-12-01 18:39:00,0.08173029997686854
2019-12-01 18:42:00,0.023962027330981073
2019-12-01 18:45:00,0.012437485271902915
2019-12-01 18:48:00,0.016423124767811714
2019-12-01 18:51:00,-0.01520803865457765
2019-12-01 18:54:00,
2019-12-01 18:57:00,
2019-12-01 19:00:00,
2019-12-01 19:03:00,0.03963955742233338
2019-12-01 19:06:00,0.031156213528333865
2019-12-01 19:09:00,0.12181915308474345
2019-12-01 19:12:00,0.06756632387873651
2019-12-01 19:15:00,0.046892010805208884
2019-12-01 19:18:00,-0.010340098561300692
2019-12-01 19:21:00,-0.0013438243551036066
2019-12-01 19:24:00,0.0227058315210229
2019-12-01 19:27:00,0.006099401579263031
2019-12-01 19:30:00,0.054760207479262135
2019-12-01 19:33:00,0.017469226058608456
2019-12-01 19:36:00,0.06633202448063003
2019-12-01 19:39:00,-0.017524101050412355
2019-12-01 19:42:00,0.10646142813567394
2019-12-01 19:45:00,0.16947922917893266
2019-12-01 19:48:00,0.14652448808061536
2019-12-01 19:51:00,0.07107090250644887
2019-12-01 19:54:00,0.17203011360800247
2019-12-01 19:57:00,0.11601877237251301
2019-12-01 20:00:00,0.12147878315425942
2019-12-01 20:03:00,0.09110418729449066
2019-12-01 20:06:00,0.06297869781673171
2019-12-01 20:09:00,0.13583140379790848
2019-12-01 20:12:00,0.04969829530608649
2019-12-01 20:15:00,0.2695268658302439
2019-12-01 20:18:00,0.20365730109500646
2019-12-01 20:21:00,0.11370269375737507
2019-12-01 20:24:00,0.13319650015034767
2019-12-01 20:27:00,0.16704441758940902
2019-12-01 20:30:00,0.19395461818641024
2019-12-01 20:33:00,0.1781204778292249
2019-12-01 20:36:00,0.12738467117077334
2019-12-01 20:39:00,0.20367754097105717
2019-12-01 20:42:00,0.12563982463547063
2019-12-01 20:45:00,0.182513342477705
2019-12-01 20:48:00,0.08219555686292779
2019-12-01 20:51:00,0.08529356440760694
2019-12-01 20:54:00,0.18476004119293066
2019-12-01 20:57:00,0.22719066507789876
2019-12-01 21:00:00,0.11782586561906783
2019-12-01 21:03:00,0.2308200589946523
2019-12-01 21:06:00,0.1500412642508877
2019-12-01 21:09:00,0.1702421405043424
2019-12-01 21:12:00,0.15884751294566968
2019-12-01 21:15:00,0.2489215098651698
2019-12-01 21:18:00,0.336036785939541
2019-12-01 21:21:00,0.23912834100053715
2019-12-01 21:24:00,0.28181554389260555
2019-12-01 21:27:00,0.11170566879451371
2019-12-01 21:30:00,0.23556552444625822
2019-12-01 21:33:00,0.1816745420924235
2019-12-01 21:36:00,0.2805964327191077
2019-12-01 21:39:00,0.2916353937083045
2019-12-01 21:42:00,0.24184583506377066
2019-12-01 21:45:00,0.3051366612298807
2019-12-01 21:48:00,0.23963564362867373
2019-12-01 21:51:00,0.23000753741587232
2019-12-01 21:54:00,0.21256041761387223
2019-12-01 21:57:00,0.22771687850303124
2019-12-01 22:00:00,0.23773618104036132
2019-12-01 22:03:00,0.08201813592660301
2019-12-01 22:06:00,0.14076679433372874
2019-12-01 22:09:00,0.13344616249196406
2019-12-01 22:12:00,0.27289045449430205
2019-12-01 22:15:00,0.19635692871099764
2019-12-01 22:18:00,0.2908622347289338
2019-12-01 22:21:00,0.2427082423517959
2019-12-01 22:24:00,0.33062449815946593
2019-12-01 22:27:00,0.2195284162900748
2019-12-01 22:30:00,0.30377366790611404
2019-12-01 22:33:00,0.24781045347464215
2019-12-01 22:36:00,0.32643986721632245
2019-12-01 22:39:00,0.17263196443047946
2019-12-01 22:42:00,0.21172459227886975
2019-12-01 22:45:00,0.16099216045739695
2019-12-01 22:48:00,0.2461513570062266
2019-12-01 22:51:00,0.32327660597417207
2019-12-01 22:54:00,0.2266164256313914
2019-12-01 22:57:00,0.22951992164047397
2019-12-01 23:00:00,0.2049738367528562
2019-12-01 23:03:00,0.29426593750656593
2019-12-01 23:06:00,0.15686756378556765
2019-12-01 23:09:00,0.20932959405126894
2019-12-01 23:12:00,0.20661396826358214
2019-12-01 23:15:00,0.2046312925156144
2019-12-01 23:18:00,0.2447115061041245
2019-12-01 23:21:00,0.19502092738269994
2019-12-01 23:24:00,0.27309796764365046
2019-12-01 23:27:00,0.1382803365630707
2019-12-01 23:30:00,0.25826303377857585
2019-12-01 23:33:00,0.2385233347206963
2019-12-01 23:36:00,0.12849112924578776
2019-12-01 23:39:00,0.23797132176650848
2019-12-01 23:42:00,0.2704801988692225
2019-12-01 23:45:00,0.2751867869289413
2019-12-01 23:48:00,0.22142277795683185
2019-12-01 23:51:00,0.143206584215136
2019-12-01 23:54:00,0.27213779082751444
2019-12-01 23:57:00,0.2536156087895165
2019-12-02 00:00:00,0.23606584994610103
2019-12-02 00:03:00,0.24987946342167788
2019-12-02 00:06:00,0.18711925660733186
2019-12-02 00:09:00,0.22230910726415232
2019-12-02 00:12:00,0.19272525489105874
2019-12-02 00:15:00,0.3142544901897395
2019-12-02 00:18:00,0.22735550194784082
2019-12-02 00:21:00,0.2736879887170858
2019-12-02 00:24:00,0.3273605049610637
2019-12-02 00:27:00,0.2945287198773485
2019-12-02 00:30:00,0.31562135577974004
2019-12-02 00:33:00,0.32165587154105424
2019-12-02 00:36:00,0.35630529827221835
2019-12-02 00:39:00,0.32963942934406987
2019-12-02 00:42:00,0.2989965748973873
2019-12-02 00:45:00,0.3176882396065821
2019-12-02 00:48:00,0.4117733501254861
2019-12-02 00:51:00,0.38586942787623
2019-12-02 00:54:00,0.2667365689525809
2019-12-02 00:57:00,0.3573895011836612
2019-12-02 01:00:00,0.38268800810919856
2019-12-02 01:03:00,0.3157857428433317
2019-12-02 01:06:00,0.38448688439001444
2019-12-02 01:09:00,0.2730891916745577
2019-12-02 01:12:00,0.3390950601698819
2019-12-02 01:15:00,0.3165650761037
2019-12-02 01:18:00,0.3788796266617851
2019-12-02 01:21:00,0.26088264907969005
2019-12-02 01:24:00,0.39807541454240436
2019-12-02 01:27:00,0.4180529938908535
2019-12-02 01:30:00,0.35383594597965384
2019-12-02 01:33:00,0.4845735054936995
2019-12-02 01:36:00,0.45721577741818464
2019-12-02 01:39:00,0.4702609377292788
2019-12-02 01:42:00,0.36330890696018514
2019-12-02 01:45:00,0.3833126844422168
2019-12-02 01:48:00,0.3818208896237252
2019-12-02 01:51:00,0.4146339064433846
2019-12-02 01:54:00,0.37251460448277385
2019-12-02 01:57:00,0.42922615860652513
2019-12-02 02:00:00,0.445608635059898
2019-12-02 02:03:00,0.397759863619342
2019-12-02 02:06:00,0.4161738417938068
2019-12-02 02:09:00,0.36027536508441926
2019-12-02 02:12:00,0.41582176525105297
2019-12-02 02:15:00,0.44213116879257086
2019-12-02 02:18:00,0.3713953861214918
2019-12-02 02:21:00,0.4190473491926241
2019-12-02 02:24:00,0.4059553306099133
2019-12-02 02:27:00,0.36909516011598953
2019-12-02 02:30:00,0.3777744360164661
2019-12-02 02:33:00,0.38313209813037474
2019-12-02 02:36:00,0.40351452063219995
2019-12-02 02:39:00,0.4065052014879029
2019-12-02 02:42:00,0.3962247266906047
2019-12-02 02:45:00,0.31737893435672504
2019-12-02 02:48:00,0.4269224582244533
2019-12-02 02:51:00,0.39564041858375276
2019-12-02 02:54:00,0.4156877137292554
2019-12-02 02:57:00,0.4297040651082966
2019-12-02 03:00:00,0.3819688941552499
2019-12-02 03:03:00,0.34527838255490906
2019-12-02 03:06:00,0.4107106006426875
2019-12-02 03:09:00,0.33667603945281144
2019-12-02 03:12:00,0.2963560723791261
2019-12-02 03:15:00,0.3141135613753363
2019-12-02 03:18:00,0.24690115770158627
2019-12-02 03:21:00,0.4008288510281659
2019-12-02 03:24:00,0.3783565575703278
2019-12-02 03:27:00,0.4444939641456358
2019-12-02 03:30:00,0.47395548115758857
2019-12-02 03:33:00,0.3897069815876648
2019-12-02 03:36:00,0.41304374103185637
2019-12-02 03:39:00,0.3766632875452274
2019-12-02 03:42:00,0.3326033437932665
2019-12-02 03:45:00,0.3475864484497606
2019-12-02 03:48:00,0.3152167756080644
2019-12-02 03:51:00,0.278384962020084
2019-12-02 03:54:00,0.4065782039542114
2019-12-02 03:57:00,0.39687876325342586
2019-12-02 04:00:00,0.40300746911964325
2019-12-02 04:03:00,0.3959812674484624
2019-12-02 04:06:00,0.37495708108446024
2019-12-02 04:09:00,0.3929497819044059
2019-12-02 04:12:00,0.457313941615098
2019-12-02 04:15:00,0.34855172958066305
2019-12-02 04:18:00,0.48427677690392557
2019-12-02 04:21:00,0.3439064431704537
2019-12-02 04:24:00,0.46792302905748784
2019-12-02 04:27:00,0.37213831921991414
2019-12-02 04:30:00,0.3932951876594757
2019-12-02 04:33:00,0.43665803189770713
2019-12-02 04:36:00,0.44843553297221206
2019-12-02 04:39:00,0.36542024053972
2019-12-02 04:42:00,0.5324753488637839
2019-12-02 04:45:00,0.3754464470648031
2019-12-02 04:48:00,0.42297515985222844
2019-12-02 04:51:00,0.5132501761851245
2019-12-02 04:54:00,0.4318365162274631
2019-12-02 04:57:00,0.4397572485513592
2019-12-02 05:00:00,0.42304128115443973
2019-12-02 05:03:00,0.5327809174475533
2019-12-02 05:06:00,0.5580065313440059
2019-12-02 05:09:00,0.4845088939791822
2019-12-02 05:12:00,0.47199790961724375
2019-12-02 05:15:00,0.5100305683193938
2019-12-02 05:18:00,0.5143253171352171
2019-12-02 05:21:00,0.46363628966906845
2019-12-02 05:24:00,0.5087968932411968
2019-12-02 05:27:00,0.4944349400402075
2019-12-02 05:30:00,0.5198662968513759
2019-12-02 05:33:00,0.5709828116203539
2019-12-02 05:36:00,0.5428726923522618
2019-12-02 05:39:00,0.47336603410462885
2019-12-02 05:42:00,0.44344569579669724
2019-12-02 05:45:00,0.5445818330878183
2019-12-02 05:48:00,0.5395576425263471
2019-12-02 05:51:00,0.5592507134749667
2019-12-02 05:54:00,0.5086774346503944
2019-12-02 05:57:00,0.4829462751298479
2019-12-02 06:00:00,0.5285174612218952
2019-12-02 06:03:00,0.47866980873783405
2019-12-02 06:06:00,0.5113561282661294
2019-12-02 06:09:00,0.46780516518418835
2019-12-02 06:12:00,0.4572195024376242
2019-12-02 06:15:00,0.527083164563237
2019-12-02 06:18:00,0.5291135269642382
2019-12-02 06:21:00,0.44170164599404416
2019-12-02 06:24:00,0.5113299997176455
2019-12-02 06:27:00,0.4551156853485736
2019-12-02 06:30:00,0.48088957906367114
2019-12-02 06:33:00,0.5147353243943371
2019-12-02 06:36:00,0.46838402921724764
2019-12-02 06:39:00,0.5459242899320316
2019-12-02 06:42:00,0.5238237610497549
2019-12-02 06:45:00,0.48767375597464024
2019-12-02 06:48:00,0.43232555655578153
2019-12-02 06:51:00,0.40066307259257883
2019-12-02 06:54:00,0.48345872852343064
2019-12-02 06:57:00,0.5186910746194258
2019-12-02 07:00:00,0.4514382535531354
2019-12-02 07:03:00,0.4568457325062809
2019-12-02 07:06:00,0.4831499604678129
2019-12-02 07:09:00,0.533792720282463
2019-12-02 07:12:00,0.5243502086609055
2019-12-02 07:15:00,0.45470296196441495
2019-12-02 07:18:00,0.4536757027520366
2019-12-02 07:21:00,0.3359108943464548
2019-12-02 07:24:00,0.33039383041892734
2019-12-02 07:27:00,0.41674000010698364
2019-12-02 07:30:00,0.4324420907907438
2019-12-02 07:33:00,0.39400097187109395
2019-12-02 07:36:00,0.4501927705077833
2019-12-02 07:39:00,0.35923072442375314
2019-12-02 07:42:00,0.4114053847152377
2019-12-02 07:45:00,0.40194785728647275
2019-12-02 07:48:00,0.2956305692720207
2019-12-02 07:51:00,0.2888774186591263
2019-12-02 07:54:00,0.31289930234089525
2019-12-02 07:57:00,0.27303914549929686
2019-12-02 08:00:00,0.28877796260724153
2019-12-02 08:03:00,0.3833838805040841
2019-12-02 08:06:00,0.30678258365782085
2019-12-02 08:09:00,0.3261623997456127
2019-12-02 08:12:00,0.29200244032614364
2019-12-02 08:15:00,0.2960095290830509
2019-12-02 08:18:00,0.3483845057177746
2019-12-02 08:21:00,0.2330426329650095
2019-12-02 08:24:00,0.24268839253244323
2019-12-02 08:27:00,0.2824913476441111
2019-12-02 08:30:00,0.26498033014274824
2019-12-02 08:33:00,0.3217675442171526
2019-12-02 08:36:00,0.24215574231067194
2019-12-02 08:39:00,0.26481286731939235
2019-12-02 08:42:00,0.27719593105530294
2019-12-02 08:45:00,0.3376553587194735
2019-12-02 08:48:00,0.26730259697291103
2019-12-02 08:51:00,0.21536790547861528
2019-12-02 08:54:00,0.231532602698735
2019-12-02 08:57:00,0.2166659420315682
2019-12-02 09:00:00,0.19832101623745757
2019-12-02 09:03:00,0.1427909257928377
2019-12-02 09:06:00,0.1610598443723461
2019-12-02 09:09:00,0.21441846984339463
2019-12-02 09:12:00,0.2036916986019719
2019-12-02 09:15:00,0.1720265303171118
2019-12-02 09:18:00,0.22079073420650275
2019-12-02 09:21:00,0.1288717918258726
2019-12-02 09:24:00,0.22068060988812022
2019-12-02 09:27:00,0.1446191033398918
2019-12-02 09:30:00,0.08764485354311091
2019-12-02 09:33:00,0.278494705205901
2019-12-02 09:36:00,0.11982779008013722
2019-12-02 09:39:00,0.028642343942067328
2019-12-02 09:42:00,0.10123074821007094
2019-12-02 09:45:00,0.14945755163932972
2019-12-02 09:48:00,0.1316534996188352
2019-12-02 09:51:00,0.1292770786938604
2019-12-02 09:54:00,0.1644385277678566
2019-12-02 09:57:00,0.11654164928739874
2019-12-02 10:00:00,0.10381895819932652
2019-12-02 10:03:00,0.045652439738944395
2019-12-02 10:06:00,0.05906561585698
2019-12-02 10:09:00,0.037240654387687755
2019-12-02 10:12:00,-0.02903288234875845
2019-12-02 10:15:00,0.029424139534796723
2019-12-02 10:18:00,-0.059514053837915526
2019-12-02 10:21:00,0.07972660262544196
2019-12-02 10:24:00,0.012151335151656895
2019-12-02 10:27:00,0.01231142449142908
2019-12-02 10:30:00,-0.02957600883911482
2019-12-02 10:33:00,0.10599096418451381
2019-12-02 10:36:00,0.028922422205539533
2019-12-02 10:39:00,0.03191688037111362
2019-12-02 10:42:00,-0.05188081362251751
2019-12-02 10:45:00,-0.02620497592653237
2019-12-02 10:48:00,-0.11179173708984536
2019-12-02 10:51:00,-0.03443897324655154
2019-12-02 10:54:00,0.07250248218707611
2019-12-02 10:57:00,0.02831995442807056
2019-12-02 11:00:00,0.08359549966996838
2019-12-02 11:03:00,-0.022909633421875242
2019-12-02 11:06:00,-0.0581336390589513
2019-12-02 11:09:00,0.0728492386384687
2019-12-02 11:12:00,-0.016817708932080677
2019-12-02 11:15:00,-0.13315092950711005
2019-12-02 11:18:00,-0.03055639968374635
2019-12-02 11:21:00,-0.015376015550032207
2019-12-02 11:24:00,-0.05867927930700034
2019-12-02 11:27:00,0.008116694603359065
2019-12-02 11:30:00,0.008810748518328637
2019-12-02 11:33:00,-0.011826043546022902
2019-12-02 11:36:00,-0.04711718522719366
2019-12-02 11:39:00,-0.1051336660896709
2019-12-02 11:42:00,-0.08258381098363543
2019-12-02 11:45:00,0.03410487577502863
2019-12-02 11:48:00,-0.02102283802207694
2019-12-02 11:51:00,-0.1257842685785704
2019-12-02 11:54:00,-0.10466924828119772
2019-12-02 11:57:00,-0.0572153290611368
2019-12-02 12:00:00,0.026195956814035526
2019-12-02 12:03:00,-0.13717874235572936
2019-12-02 12:06:00,0.020347079252189815
2019-12-02 12:09:00,-0.08884879608609708
2019-12-02 12:12:00,-0.038314479236760235
2019-12-02 12:15:00,0.004036833927102634
2019-12-02 12:18:00,-0.08155929222516534
2019-12-02 12:21:00,-0.07185690786246823
2019-12-02 12:24:00,-0.14634737295597233
2019-12-02 12:27:00,-0.08718803134610198
2019-12-02 12:30:00,-0.07868812138610792
2019-12-02 12:33:00,-0.13269005357562946
2019-12-02 12:36:00,-0.06822697386508025
2019-12-02 12:39:00,-0.10709827764458169
2019-12-02 12:42:00,-0.1921954228861864
2019-12-02 12:45:00,-0.12414026656233546
2019-12-02 12:48:00,-0.1379313427340776
2019-12-02 12:51:00,0.06354164782237604
2019-12-02 12:54:00,-0.022444555733784455
2019-12-02 12:57:00,-0.006518353737931193
2019-12-02 13:00:00,-0.07882134361983617
2019-12-02 13:03:00,-0.02394594017766849
2019-12-02 13:06:00,-0.13807430575729995
2019-12-02 13:09:00,-0.10240942904761141
2019-12-02 13:12:00,-0.1236281846224756
2019-12-02 13:15:00,-0.11198800161980671
2019-12-02 13:18:00,-0.11275885619238579
2019-12-02 13:21:00,-0.20814403392353142
2019-12-02 13:24:00,-0.1912604622017966
2019-12-02 13:27:00,-0.23206020977352182
2019-12-02 13:30:00,-0.1602821919740336
2019-12-02 13:33:00,-0.16587143605175925
2019-12-02 13:36:00,-0.2274023687925819
2019-12-02 13:39:00,-0.18243840485752116
2019-12-02 13:42:00,-0.19204266005857562
2019-12-02 13:45:00,-0.08462027808224093
2019-12-02 13:48:00,-0.10133266474082347
2019-12-02 13:51:00,-0.04677049917393106
2019-12-02 13:54:00,-0.1610183628505979
2019-12-02 13:57:00,-0.047848869188840126
2019-12-02 14:00:00,-0.267908279272433
2019-12-02 14:03:00,-0.29094744489225377
2019-12-02 14:06:00,-0.21978763113577315
2019-12-02 14:09:00,-0.2523301917946128
2019-12-02 14:12:00,-0.19557824265086765
2019-12-02 14:15:00,-0.2544035528915174
2019-12-02 14:18:00,-0.23986216603611865
2019-12-02 14:21:00,-0.2277868616682781
2019-12-02 14:24:00,-0.35207130604663917
2019-12-02 14:27:00,-0.19174791928497825
2019-12-02 14:30:00,-0.2952006963105873
2019-12-02 14:33:00,-0.3163504400571924
2019-12-02 14:36:00,-0.28217194076046326
2019-12-02 14:39:00,-0.14692225364848355
2019-12-02 14:42:00,-0.2673048652393959
2019-12-02 14:45:00,-0.26342023700124173
2019-12-02 14:48:00,-0.23240913645628325
2019-12-02 14:51:00,-0.3442085674236637
2019-12-02 14:54:00,-0.22109349706977355
2019-12-02 14:57:00,-0.2411216912947225
2019-12-02 15:00:00,-0.10820397478505583
2019-12-02 15:03:00,-0.22462097045331575
2019-12-02 15:06:00,-0.19508486177170425
2019-12-02 15:09:00,-0.31104427042680527
2019-12-02 15:12:00,-0.21191096371683216
2019-12-02 15:15:00,-0.3612663014706641
2019-12-02 15:18:00,-0.24785537705861316
2019-12-02 15:21:00,-0.2046712280496763
2019-12-02 15:24:00,-0.19289309582029546
2019-12-02 15:27:00,-0.2206301880984256
2019-12-02 15:30:00,-0.16378754653879923
2019-12-02 15:33:00,-0.24552039733845277
2019-12-02 15:36:00,-0.1736078364068021
2019-12-02 15:39:00,-0.19170496400823822
2019-12-02 15:42:00,-0.3160532618612706
2019-12-02 15:45:00,-0.26536807393529216
2019-12-02 15:48:00,-0.17274637214467248
2019-12-02 15:51:00,-0.1685288307539281
2019-12-02 15:54:00,-0.28450099511104554
2019-12-02 15:57:00,-0.2506955653953469
2019-12-02 16:00:00,-0.26117778816330883
2019-12-02 16:03:00,-0.21532725660472352
2019-12-02 16:06:00,-0.12513154284221173
2019-12-02 16:09:00,-0.2596919372321054
2019-12-02 16:12:00,-0.21050556841601065
2019-12-02 16:15:00,-0.22112290118047895
2019-12-02 16:18:00,-0.22213442871952793
2019-12-02 16:21:00,-0.16086967571550304
2019-12-02 16:24:00,-0.24645439354299015
2019-12-02 16:27:00,-0.26148923793618906
2019-12-02 16:30:00,-0.18445103679567865
2019-12-02 16:33:00,-0.2478467024781139
2019-12-02 16:36:00,-0.22695666441973117
2019-12-02 16:39:00,-0.20376744264814306
2019-12-02 16:42:00,-0.23467617837206944
2019-12-02 16:45:00,-0.17901720897481255
2019-12-02 16:48:00,-0.15371628359389433
2019-12-02 16:51:00,-0.20135523921044296
2019-12-02 16:54:00,-0.21168289311958688
2019-12-02 16:57:00,-0.1650610816407152
2019-12-02 17:00:00,-0.13923820816216903
2019-12-02 17:03:00,-0.16675767969928756
2019-12-02 17:06:00,-0.19541086714468747
2019-12-02 17:09:00,-0.16386036485607747
2019-12-02 17:12:00,-0.19142147603230342
2019-12-02 17:15:00,-0.1691215961374155
2019-12-02 17:18:00,-0.0011228181975297957
2019-12-02 17:21:00,-0.10457430548831326
2019-12-02 17:24:00,-0.016944816943976093
2019-12-02 17:27:00,-0.045661062480348846
2019-12-02 17:30:00,-0.15808697642569314
2019-12-02 17:33:00,-0.15124572532511138
2019-12-02 17:36:00,-0.16967534788182093
2019-12-02 17:39:00,-0.1475831737816975
2019-12-02 17:42:00,-0.07705172570467766
2019-12-02 17:45:00,-0.06325861946646683
2019-12-02 17:48:00,-0.1150836924585974
2019-12-02 17:51:00,0.03184801464198017
2019-12-02 17:54:00,-0.01594517849082422
2019-12-02 17:57:00,0.0054055880784176225
2019-12-02 18:00:00,-0.14153206023053144
2019-12-02 18:03:00,-0.08188268919087704
2019-12-02 18:06:00,-0.1689163012104018
2019-12-02 18:09:00,-0.019685752581722227
2019-12-02 18:12:00,-0.10110932410918849
2019-12-02 18:15:00,-0.07701408868899762
2019-12-02 18:18:00,-0.14538868193756116
2019-12-02 18:21:00,-0.1230681198864545
2019-12-02 18:24:00,-0.01153040061444699
2019-12-02 18:27:00,-0.12379287477784828
2019-12-02 18:30:00,-0.032867436497440394
2019-12-02 18:33:00,-0.12178941920353736
2019-12-02 18:36:00,-0.11573548933580469
2019-12-02 18:39:00,0.01883174681267974
2019-12-02 18:42:00,-0.03155321420638302
2019-12-02 18:45:00,-0.0585822821722104
2019-12-02 18:48:00,0.04304847077281693
2019-12-02 18:51:00,0.08332920307481118
2019-12-02 18:54:00,
2019-12-02 18:57:00,
2019-12-02 19:00:00,
2019-12-02 19:03:00,-0.0031488516904119024
2019-12-02 19:06:00,0.008459395858437802
2019-12-02 19:09:00,0.048659885261997715
2019-12-02 19:12:00,-0.01038532426139227
2019-12-02 19:15:00,0.05583779530394395
2019-12-02 19:18:00,0.07414469799539347
2019-12-02 19:21:00,0.130557730607336
2019-12-02 19:24:00,0.04927971240692841
2019-12-02 19:27:00,0.07635184277768303
2019-12-02 19:30:00,0.19889472231022864
2019-12-02 19:33:00,0.24188725906310538
2019-12-02 19:36:00,0.09033595253021076
2019-12-02 19:39:00,0.1032295450962124
2019-12-02 19:42:00,0.1216002696073133
2019-12-02 19:45:00,0.20551428283312134
2019-12-02 19:48:00,0.18062774442029195
2019-12-02 19:51:00,0.1143553260636736
2019-12-02 19:54:00,0.006777689415514487
2019-12-02 19:57:00,0.08499376408212811
2019-12-02 20:00:00,0.16202366717050154
2019-12-02 20:03:00,0.13444318784416964
2019-12-02 20:06:00,0.16499979322503577
2019-12-02 20:09:00,0.1256486419954399
2019-12-02 20:12:00,0.05719171566465775
2019-12-02 20:15:00,0.11690397693689647
2019-12-02 20:18:00,0.23647625107747672
2019-12-02 20:21:00,0.12300799959388087
2019-12-02 20:24:00,0.15320704745289504
2019-12-02 20:27:00,0.13080822892004562
2019-12-02 20:30:00,0.21861482250125164
2019-12-02 20:33:00,0.1892946818420569
2019-12-02 20:36:00,0.16402566595951384
2019-12-02 20:39:00,0.24254799110485692
2019-12-02 20:42:00,0.1416366805995608
2019-12-02 20:45:00,0.1583024228706904
2019-12-02 20:48:00,0.18755525816425234
2019-12-02 20:51:00,0.21586357435171522
2019-12-02 20:54:00,0.0790611427668182
2019-12-02 20:57:00,0.22695845453648644
2019-12-02 21:00:00,0.27006344244568936
2019-12-02 21:03:00,0.31204057612819724
2019-12-02 21:06:00,0.21935030413004597
2019-12-02 21:09:00,0.19275004994983647
2019-12-02 21:12:00,0.2810891084436662
2019-12-02 21:15:00,0.27729633346962146
2019-12-02 21:18:00,0.2839958979199082
2019-12-02 21:21:00,0.17968131912493845
2019-12-02 21:24:00,0.33543031343396024
2019-12-02 21:27:00,0.28975427245978835
2019-12-02 21:30:00,0.1794382689774352
2019-12-02 21:33:00,0.26066680650075114
2019-12-02 21:36:00,0.2511471557597815
2019-12-02 21:39:00,0.26833109599476757
2019-12-02 21:42:00,0.270977499134176
2019-12-02 21:45:00,0.33483132060484877
2019-12-02 21:48:00,0.2885003559312054
2019-12-02 21:51:00,0.32580375234704206
2019-12-02 21:54:00,0.2573347843149918
2019-12-02 21:57:00,0.30392621551516186
2019-12-02 22:00:00,0.32372482906049527
2019-12-02 22:03:00,0.2514352663936279
2019-12-02 22:06:00,0.2844822819683941
2019-12-02 22:09:00,0.2728699699343906
2019-12-02 22:12:00,0.3490405290004901
2019-12-02 22:15:00,0.3642459875156874
2019-12-02 22:18:00,0.2688726127369705
2019-12-02 22:21:00,0.29411618992332933
2019-12-02 22:24:00,0.31318931078612877
2019-12-02 22:27:00,0.2990462647143204
2019-12-02 22:30:00,0.2274894783720356
2019-12-02 22:33:00,0.20934635833134507
2019-12-02 22:36:00,0.2517031470548545
2019-12-02 22:39:00,0.14882864550639852
2019-12-02 22:42:00,0.22375286366292357
2019-12-02 22:45:00,0.2407204873185833
2019-12-02 22:48:00,0.23622179479889382
2019-12-02 22:51:00,0.28341318958098327
2019-12-02 22:54:00,0.24346215434599117
2019-12-02 22:57:00,0.2055071041529004
2019-12-02 23:00:00,0.2941252191812964
2019-12-02 23:03:00,0.2771251432284316
2019-12-02 23:06:00,0.3165007004594145
2019-12-02 23:09:00,0.21907775813514263
2019-12-02 23:12:00,0.21847083347921625
2019-12-02 23:15:00,0.3385377957799278
2019-12-02 23:18:00,0.30296405879357735
2019-12-02 23:21:00,0.27130332444028227
2019-12-02 23:24:00,0.29358704857463636
2019-12-02 23:27:00,0.31421228708518356
2019-12-02 23:30:00,0.2770399793154752
2019-12-02 23:33:00,0.3068903652442714
2019-12-02 23:36:00,0.2768904485903363
2019-12-02 23:39:00,0.3629349610545205
2019-12-02 23:42:00,0.29498503564133216
2019-12-02 23:45:00,0.25314060480906164
2019-12-02 23:48:00,0.357237696847335
2019-12-02 23:51:00,0.277473447719899
2019-12-02 23:54:00,0.30287445478717245
2019-12-02 23:57:00,0.28183998076241323
2019-12-03 00:00:00,0.3471906726461498
2019-12-03 00:03:00,0.3512223967519503
2019-12-03 00:06:00,0.3973478567634743
2019-12-03 00:09:00,0.3431565072362446
2019-12-03 00:12:00,0.39135963603195023
2019-12-03 00:15:00,0.337342000718877
2019-12-03 00:18:00,0.2799849120165163
2019-12-03 00:21:00,0.39556200255651675
2019-12-03 00:24:00,0.3055451802973721
2019-12-03 00:27:00,0.18560480302932092
2019-12-03 00:30:00,0.29939973345420867
2019-12-03 00:33:00,0.34130799818677815
2019-12-03 00:36:00,0.3084357080315385
2019-12-03 00:39:00,0.28138185483925326
2019-12-03 00:42:00,0.17711154364735648
2019-12-03 00:45:00,0.3180192402443822
2019-12-03 00:48:00,0.33307599500932383
2019-12-03 00:51:00,0.32575530611512704
2019-12-03 00:54:00,0.3000305957631326
2019-12-03 00:57:00,0.35287441913976636
2019-12-03 01:00:00,0.33138566702393746
2019-12-03 01:03:00,0.4044535883257936
2019-12-03 01:06:00,0.4542650176614984
2019-12-03 01:09:00,0.34801426163448923
2019-12-03 01:12:00,0.4081313768040786
2019-12-03 01:15:00,0.37347285373760997
2019-12-03 01:18:00,0.31371251557067126
2019-12-03 01:21:00,0.3508186971116629
2019-12-03 01:24:00,0.37187193628204795
2019-12-03 01:27:00,0.39433199686197895
2019-12-03 01:30:00,0.413681527711276
2019-12-03 01:33:00,0.361442455795725
2019-12-03 01:36:00,0.29601098881420285
2019-12-03 01:39:00,0.4231704033025494
2019-12-03 01:42:00,0.3880170172107569
2019-12-03 01:45:00,0.3206614039697797
2019-12-03 01:48:00,0.4064782758273964
2019-12-03 01:51:00,0.3945897042854085
2019-12-03 01:54:00,0.25907040978700024
2019-12-03 01:57:00,0.30216610247617837
2019-12-03 02:00:00,0.3175845848173253
2019-12-03 02:03:00,0.3396235375611809
2019-12-03 02:06:00,0.34094073591535334
2019-12-03 02:09:00,0.35443737696505195
2019-12-03 02:12:00,0.2664496440891071
2019-12-03 02:15:00,0.28630144305901695
2019-12-03 02:18:00,0.36928329384937797
2019-12-03 02:21:00,0.39667708632453014
2019-12-03 02:24:00,0.3801465897508365
2019-12-03 02:27:00,0.4618742118022965
2019-12-03 02:30:00,0.4508579611234609
2019-12-03 02:33:00,0.36848194824420943
2019-12-03 02:36:00,0.3413237352742726
2019-12-03 02:39:00,0.41885471250787987
2019-12-03 02:42:00,0.3958609560854143
2019-12-03 02:45:00,0.3814280270798349
2019-12-03 02:48:00,0.3295263809255857
2019-12-03 02:51:00,0.40833363262038347
2019-12-03 02:54:00,0.38756618486053185
2019-12-03 02:57:00,0.39051724824020084
2019-12-03 03:00:00,0.40856661052578147
2019-12-03 03:03:00,0.549348415057807
2019-12-03 03:06:00,0.29959781392591367
2019-12-03 03:09:00,0.4121952114323335
2019-12-03 03:12:00,0.4809885129317877
2019-12-03 03:15:00,0.4731517634659781
2019-12-03 03:18:00,0.4671379685286752
2019-12-03 03:21:00,0.4283818439924403
2019-12-03 03:24:00,0.44141725634551676
2019-12-03 03:27:00,0.3420208019423967
2019-12-03 03:30:00,0.374475014944494
2019-12-03 03:33:00,0.3902914055964857
2019-12-03 03:36:00,0.3672565042953124
2019-12-03 03:39:00,0.35755048625674135
2019-12-03 03:42:00,0.3595277529604459
2019-12-03 03:45:00,0.31758965454309873
2019-12-03 03:48:00,0.34469629327224993
2019-12-03 03:51:00,0.4305272874924526
2019-12-03 03:54:00,0.4590501308283592
2019-12-03 03:57:00,0.395929555571513
2019-12-03 04:00:00,0.3359146812980498
2019-12-03 04:03:00,0.21864030904077936
2019-12-03 04:06:00,0.34722237075715157
2019-12-03 04:09:00,0.3701526404360038
2019-12-03 04:12:00,0.44387664112736047
2019-12-03 04:15:00,0.4269545035909914
2019-12-03 04:18:00,0.39940568595807235
2019-12-03 04:21:00,0.4560803469759094
2019-12-03 04:24:00,0.5140199668028913
2019-12-03 04:27:00,0.44699034450081854
2019-12-03 04:30:00,0.38562988273611154
2019-12-03 04:33:00,0.4649207912322595
2019-12-03 04:36:00,0.4621854309166338
2019-12-03 04:39:00,0.41041041938945
2019-12-03 04:42:00,0.3916172619747158
2019-12-03 04:45:00,0.4031836002644127
2019-12-03 04:48:00,0.4592790147479491
2019-12-03 04:51:00,0.3319500668025057
2019-12-03 04:54:00,0.4761095734007199
2019-12-03 04:57:00,0.39470965710569317
2019-12-03 05:00:00,0.4426149916797044
2019-12-03 05:03:00,0.4388892231554564
2019-12-03 05:06:00,0.43760927138777106
2019-12-03 05:09:00,0.424392941483859
2019-12-03 05:12:00,0.4254098623460436
2019-12-03 05:15:00,0.35971376318121884
2019-12-03 05:18:00,0.5037774110179498
2019-12-03 05:21:00,0.41556353409572466
2019-12-03 05:24:00,0.48823197870842705
2019-12-03 05:27:00,0.4838989618271512
2019-12-03 05:30:00,0.35491623703484265
2019-12-03 05:33:00,0.33850087233173554
2019-12-03 05:36:00,0.4484115599964298
2019-12-03 05:39:00,0.4964294238920388
2019-12-03 05:42:00,0.5080015785081855
2019-12-03 05:45:00,0.42403646268928696
2019-12-03 05:48:00,0.4040839797448825
2019-12-03 05:51:00,0.5156985247118655
2019-12-03 05:54:00,0.5122814746792983
2019-12-03 05:57:00,0.44985815813799945
2019-12-03 06:00:00,0.4387697200845082
2019-12-03 06:03:00,0.4361124862427346
2019-12-03 06:06:00,0.48513712067489223
2019-12-03 06:09:00,0.46285991675870264
2019-12-03 06:12:00,0.3985090048883535
2019-12-03 06:15:00,0.41814607467017595
2019-12-03 06:18:00,0.4638861548880868
2019-12-03 06:21:00,0.4004046300627806
2019-12-03 06:24:00,0.3863663145336318
2019-12-03 06:27:00,0.41288856585299527
2019-12-03 06:30:00,0.4104935471332851
2019-12-03 06:33:00,0.4087130471018554
2019-12-03 06:36:00,0.413324782146276
2019-12-03 06:39:00,0.4058431174072439
2019-12-03 06:42:00,0.4162780410388791
2019-12-03 06:45:00,0.37495452515190664
2019-12-03 06:48:00,0.3995797760627511
2019-12-03 06:51:00,0.3203392639564413
2019-12-03 06:54:00,0.44304718412814736
2019-12-03 06:57:00,0.45184517449507666
2019-12-03 07:00:00,0.3847694014947365
2019-12-03 07:03:00,0.4253297285180224
2019-12-03 07:06:00,0.44309980775199165
2019-12-03 07:09:00,0.43100512374957134
2019-12-03 07:12:00,0.45760139007751377
2019-12-03 07:15:00,0.4699560032005934
2019-12-03 07:18:00,0.36982558422312195
2019-12-03 07:21:00,0.43499828691653875
2019-12-03 07:24:00,0.3198201344828817
2019-12-03 07:27:00,0.392437886487528
2019-12-03 07:30:00,0.47276418803068054
2019-12-03 07:33:00,0.4794946857741138
2019-12-03 07:36:00,0.4816624622475274
2019-12-03 07:39:00,0.3371637634457443
2019-12-03 07:42:00,0.40522224049914257
2019-12-03 07:45:00,0.39052319127620194
2019-12-03 07:48:00,0.33920171032025337
2019-12-03 07:51:00,0.4982814764475165
2019-12-03 07:54:00,0.45702979322607007
2019-12-03 07:57:00,0.41399245132947726
2019-12-03 08:00:00,0.3349145075619049
2019-12-03 08:03:00,0.3718460233984615
2019-12-03 08:06:00,0.3410336325141543
2019-12-03 08:09:00,0.3816648185662075
2019-12-03 08:12:00,0.34280151454146335
2019-12-03 08:15:00,0.37868154089198924
2019-12-03 08:18:00,0.3648112910477721
2019-12-03 08:21:00,0.35753370351875446
2019-12-03 08:24:00,0.396726532059688
2019-12-03 08:27:00,0.33864190529857296
2019-12-03 08:30:00,0.27434294961039996
2019-12-03 08:33:00,0.35968631185659206
2019-12-03 08:36:00,0.2887466003673467
2019-12-03 08:39:00,0.2788773686040713
2019-12-03 08:42:00,0.4050759998079343
2019-12-03 08:45:00,0.34204914594602087
2019-12-03 08:48:00,0.35185363835330463
2019-12-03 08:51:00,0.21458677148029892
2019-12-03 08:54:00,0.27001468641441306
2019-12-03 08:57:00,0.22651335154137087
2019-12-03 09:00:00,0.24295004332481085
2019-12-03 09:03:00,0.327780102162194
2019-12-03 09:06:00,0.3137028497185952
2019-12-03 09:09:00,0.2951830584474351
2019-12-03 09:12:00,0.24598321342807594
2019-12-03 09:15:00,0.22126715777409345
2019-12-03 09:18:00,0.20418334337415445
2019-12-03 09:21:00,0.19493537138947659
2019-12-03 09:24:00,0.1550448682478418
2019-12-03 09:27:00,0.25751678721644566
2019-12-03 09:30:00,0.16217940776050455
2019-12-03 09:33:00,0.22331044405376588
2019-12-03 09:36:00,0.2009977238374745
2019-12-03 09:39:00,0.3009390892306669
2019-12-03 09:42:00,0.12686352379137134
2019-12-03 09:45:00,0.1019127150579493
2019-12-03 09:48:00,0.18320203602439733
2019-12-03 09:51:00,0.15866623533582924
2019-12-03 09:54:00,0.18572255592579268
2019-12-03 09:57:00,0.14292060425913178
2019-12-03 10:00:00,0.10749399114075686
2019-12-03 10:03:00,0.14953004418646287
2019-12-03 10:06:00,0.12146361569523378
2019-12-03 10:09:00,0.16495514310810222
2019-12-03 10:12:00,0.15887108696887253
2019-12-03 10:15:00,0.07710871709070943
2019-12-03 10:18:00,0.1729704819969129
2019-12-03 10:21:00,0.10033337691976385
2019-12-03 10:24:00,0.054095331037615324
2019-12-03 10:27:00,0.09643375050563918
2019-12-03 10:30:00,-0.01642811200935057
2019-12-03 10:33:00,0.04465568572220491
2019-12-03 10:36:00,0.08748833195920724
2019-12-03 10:39:00,0.04220058762973622
2019-12-03 10:42:00,0.0368673276956315
2019-12-03 10:45:00,0.04846005576331436
2019-12-03 10:48:00,0.02530930084378724
2019-12-03 10:51:00,0.013215071107367748
2019-12-03 10:54:00,0.06390318720730193
2019-12-03 10:57:00,0.014789003782425425
2019-12-03 11:00:00,0.0874432675300909
2019-12-03 11:03:00,-0.022510846276077245
2019-12-03 11:06:00,-0.03758815992750897
2019-12-03 11:09:00,-0.1385930730894529
2019-12-03 11:12:00,-0.058882399499509575
2019-12-03 11:15:00,-0.052963860608542745
2019-12-03 11:18:00,-0.07227587844778327
2019-12-03 11:21:00,0.003164941856596215
2019-12-03 11:24:00,0.07841235925917545
2019-12-03 11:27:00,-0.13478521581822633
2019-12-03 11:30:00,-0.2237570198832941
2019-12-03 11:33:00,0.0313822608487726
2019-12-03 11:36:00,0.016448316731100476
2019-12-03 11:39:00,-0.058762153188524735
2019-12-03 11:42:00,-0.015639911860375832
2019-12-03 11:45:00,-0.03202139664608694
2019-12-03 11:48:00,-0.011686705400279607
2019-12-03 11:51:00,-0.05422746764321573
2019-12-03 11:54:00,0.016201392452501295
2019-12-03 11:57:00,-0.07823767119538161
2019-12-03 12:00:00,-0.03784877389568919
2019-12-03 12:03:00,-0.04079287051888514
2019-12-03 12:06:00,-0.015121289473086108
2019-12-03 12:09:00,0.033233415412667
2019-12-03 12:12:00,0.02308439611738322
2019-12-03 12:15:00,-0.04328129079476639
2019-12-03 12:18:00,-0.16499617996521465
2019-12-03 12:21:00,-0.07489239241533596
2019-12-03 12:24:00,-0.1206410602858341
2019-12-03 12:27:00,-0.06452294422365412
2019-12-03 12:30:00,-0.05161460093830783
2019-12-03 12:33:00,-0.025320244488284516
2019-12-03 12:36:00,-0.12351818277613802
2019-12-03 12:39:00,-0.11522679896495447
2019-12-03 12:42:00,-0.21509930431534485
2019-12-03 12:45:00,-0.09915697781957533
2019-12-03 12:48:00,-0.13865079291485927
2019-12-03 12:51:00,-0.13262370045634952
2019-12-03 12:54:00,-0.09807696504748264
2019-12-03 12:57:00,-0.1018940670562074
2019-12-03 13:00:00,0.015369108887909988
2019-12-03 13:03:00,-0.0006952470930627896
2019-12-03 13:06:00,0.08669564747515324
2019-12-03 13:09:00,0.07350478393561843
2019-12-03 13:12:00,0.11358306525426087
2019-12-03 13:15:00,0.15736158165424285
2019-12-03 13:18:00,0.20489814815528007
2019-12-03 13:21:00,0.18421782347843418
2019-12-03 13:24:00,0.17265344374749247
2019-12-03 13:27:00,0.09007001669851888
2019-12-03 13:30:00,0.1721375798846907
2019-12-03 13:33:00,0.2787373030499225
2019-12-03 13:36:00,0.22204911651260772
2019-12-03 13:39:00,0.11612854698972797
2019-12-03 13:42:00,0.1289885017442316
2019-12-03 13:45:00,0.15563658185641316
2019-12-03 13:48:00,0.10551577179546712
2019-12-03 13:51:00,0.014219482024941499
2019-12-03 13:54:00,0.09674353250824197
2019-12-03 13:57:00,0.0874332784667331
2019-12-03 14:00:00,0.02044948172840577
2019-12-03 14:03:00,0.14241692679547668
2019-12-03 14:06:00,0.07195359120464673
2019-12-03 14:09:00,0.13011051532924967
2019-12-03 14:12:00,0.1514314926767497
2019-12-03 14:15:00,0.041086433517534715
2019-12-03 14:18:00,0.00935962498402887
2019-12-03 14:21:00,0.05552694241310974
2019-12-03 14:24:00,0.14691952580841416
2019-12-03 14:27:00,0.1169487002320011
2019-12-03 14:30:00,0.12700859642473006
2019-12-03 14:33:00,0.16955946609095918
2019-12-03 14:36:00,0.2500241956960281
2019-12-03 14:39:00,0.12905026936942932
2019-12-03 14:42:00,0.13776847197789266
2019-12-03 14:45:00,0.15843543032895013
2019-12-03 14:48:00,0.22536015259072428
2019-12-03 14:51:00,0.13650650260484554
2019-12-03 14:54:00,0.1031600478255541
2019-12-03 14:57:00,0.2395064031800871
2019-12-03 15:00:00,0.1694788062590078
2019-12-03 15:03:00,0.2292762103692212
2019-12-03 15:06:00,0.3298220690347762
2019-12-03 15:09:00,0.30393120918392924
2019-12-03 15:12:00,0.3477885756445289
2019-12-03 15:15:00,0.3149116263763858
2019-12-03 15:18:00,0.25147204264328593
2019-12-03 15:21:00,0.249014005510503
2019-12-03 15:24:00,0.16833098985290462
2019-12-03 15:27:00,0.28736613170434566
2019-12-03 15:30:00,0.13443568650302495
2019-12-03 15:33:00,0.12240647475704236
2019-12-03 15:36:00,0.13872619015825194
2019-12-03 15:39:00,0.17583685648719438
2019-12-03 15:42:00,0.17674861260178432
2019-12-03 15:45:00,0.08882902213105126
2019-12-03 15:48:00,0.11797502425201856
2019-12-03 15:51:00,0.0486543290201098
2019-12-03 15:54:00,0.14772046250419635
2019-12-03 15:57:00,0.20305983925101145
2019-12-03 16:00:00,0.26117772931758054
2019-12-03 16:03:00,0.31583245987167174
2019-12-03 16:06:00,0.17531754358725493
2019-12-03 16:09:00,0.10485677380336256
2019-12-03 16:12:00,0.09217426661558648
2019-12-03 16:15:00,0.19231648766685794
2019-12-03 16:18:00,0.15175014361955164
2019-12-03 16:21:00,0.1972738567454826
2019-12-03 16:24:00,0.06257184073353983
2019-12-03 16:27:00,0.056582026609760305
2019-12-03 16:30:00,0.11870871685397333
2019-12-03 16:33:00,0.11887140433060495
2019-12-03 16:36:00,-0.0709280912786312
2019-12-03 16:39:00,-0.05568076096034247
2019-12-03 16:42:00,0.032705422190645095
2019-12-03 16:45:00,0.1150073336111177
2019-12-03 16:48:00,0.012308676519353412
2019-12-03 16:51:00,0.053916249231747315
2019-12-03 16:54:00,0.0897317765588923
2019-12-03 16:57:00,0.08693163561088113
2019-12-03 17:00:00,0.09157309334852926
2019-12-03 17:03:00,0.048494644265019815
2019-12-03 17:06:00,0.06922233594474392
2019-12-03 17:09:00,0.010967425229921446
2019-12-03 17:12:00,0.03134844774689327
2019-12-03 17:15:00,-0.01463502310957665
2019-12-03 17:18:00,-0.020753041760656288
2019-12-03 17:21:00,-0.01657957594329673
2019-12-03 17:24:00,0.03546648457017909
2019-12-03 17:27:00,0.06952715607934579
2019-12-03 17:30:00,0.08548712378365053
2019-12-03 17:33:00,0.023619164466936127
2019-12-03 17:36:00,-0.017387641756613448
2019-12-03 17:39:00,0.08246652966982992
2019-12-03 17:42:00,0.1335397982176687
2019-12-03 17:45:00,0.17595850134296143
2019-12-03 17:48:00,0.0836924055999475
2019-12-03 17:51:00,0.11880251993648017
2019-12-03 17:54:00,0.012608461068452925
2019-12-03 17:57:00,0.16104403390886546
2019-12-03 18:00:00,0.11894852344880746
2019-12-03 18:03:00,0.17814220181128348
2019-12-03 18:06:00,0.038621266229597495
2019-12-03 18:09:00,0.0804346709157926
2019-12-03 18:12:00,0.12057169508307197
2019-12-03 18:15:00,0.06100263089399505
2019-12-03 18:18:00,0.09999175794348503
2019-12-03 18:21:00,0.11603217170494418
2019-12-03 18:24:00,0.0643626413148013
2019-12-03 18:27:00,0.12201111969687872
2019-12-03 18:30:00,0.2274731726700452
2019-12-03 18:33:00,0.2624423211082103
2019-12-03 18:36:00,0.11846886396608625
2019-12-03 18:39:00,0.30552081631685724
2019-12-03 18:42:00,0.2114877157880528
2019-12-03 18:45:00,0.2655003340672124
2019-12-03 18:48:00,0.22363215322258156
2019-12-03 18:51:00,0.29282684702059214
2019-12-03 18:54:00,
2019-12-03 18:57:00,
2019-12-03 19:00:00,
2019-12-03 19:03:00,0.26614228129648154
2019-12-03 19:06:00,0.19980991636617773
2019-12-03 19:09:00,0.24420735144258288
2019-12-03 19:12:00,0.13148050899269492
2019-12-03 19:15:00,0.25557380441159694
2019-12-03 19:18:00,0.22020686607396556
2019-12-03 19:21:00,0.252774995636571
2019-12-03 19:24:00,0.2638654179747846
2019-12-03 19:27:00,0.3099010892078695
2019-12-03 19:30:00,0.24694917807039474
2019-12-03 19:33:00,0.3204653014339556
2019-12-03 19:36:00,0.34297721376805157
2019-12-03 19:39:00,0.1981069556481998
2019-12-03 19:42:00,0.20775758982000525
2019-12-03 19:45:00,0.3521038455536427
2019-12-03 19:48:00,0.3185363670648371
2019-12-03 19:51:00,0.2859795749459977
2019-12-03 19:54:00,0.32524122430527314
2019-12-03 19:57:00,0.26665957381788985
2019-12-03 20:00:00,0.2828303086958499
2019-12-03 20:03:00,0.3591799701732725
2019-12-03 20:06:00,0.31538493503222753
2019-12-03 20:09:00,0.26638878045724823
2019-12-03 20:12:00,0.2948274102819255
2019-12-03 20:15:00,0.3602816623557601
2019-12-03 20:18:00,0.23936984207472278
2019-12-03 20:21:00,0.2664568468346147
2019-12-03 20:24:00,0.27528775859246934
2019-12-03 20:27:00,0.3726544071139415
2019-12-03 20:30:00,0.3097242872784136
2019-12-03 20:33:00,0.2452838058626412
2019-12-03 20:36:00,0.26263162687325803
2019-12-03 20:39:00,0.22971624956193182
2019-12-03 20:42:00,0.3407566937883644
2019-12-03 20:45:00,0.20346863066112064
2019-12-03 20:48:00,0.34105095669764296
2019-12-03 20:51:00,0.31044610616811497
2019-12-03 20:54:00,0.30295930689527495
2019-12-03 20:57:00,0.33082636540791555
2019-12-03 21:00:00,0.25049977970979853
2019-12-03 21:03:00,0.28731467414002054
2019-12-03 21:06:00,0.19180923141101403
2019-12-03 21:09:00,0.284221775861738
2019-12-03 21:12:00,0.2409196602966972
2019-12-03 21:15:00,0.22758948361172315
2019-12-03 21:18:00,0.3013574495830085
2019-12-03 21:21:00,0.3556046715340244
2019-12-03 21:24:00,0.36594610772368696
2019-12-03 21:27:00,0.38363130417656066
2019-12-03 21:30:00,0.2405524747903769
2019-12-03 21:33:00,0.30535270139495196
2019-12-03 21:36:00,0.33058263460276294
2019-12-03 21:39:00,0.2868533998993712
2019-12-03 21:42:00,0.26236351917742695
2019-12-03 21:45:00,0.31871239705265
2019-12-03 21:48:00,0.276274533266303
2019-12-03 21:51:00,0.3716412290420408
2019-12-03 21:54:00,0.2735459712568513
2019-12-03 21:57:00,0.2749012689799315
2019-12-03 22:00:00,0.2656820437053966
2019-12-03 22:03:00,0.2624859347880033
2019-12-03 22:06:00,0.32299038402311453
2019-12-03 22:09:00,0.2303460307724663
2019-12-03 22:12:00,0.15691867895958467
2019-12-03 22:15:00,0.23043689701393077
2019-12-03 22:18:00,0.29094462662055776
2019-12-03 22:21:00,0.2320186176944503
2019-12-03 22:24:00,0.20946240599494104
2019-12-03 22:27:00,0.3420017923324963
2019-12-03 22:30:00,0.31677890820640187
2019-12-03 22:33:00,0.2530398453995417
2019-12-03 22:36:00,0.2708563972917091
2019-12-03 22:39:00,0.24917988702071625
2019-12-03 22:42:00,0.23749999176607162
2019-12-03 22:45:00,0.2549163264322374
2019-12-03 22:48:00,0.3555007545101603
2019-12-03 22:51:00,0.21596611979271074
2019-12-03 22:54:00,0.12823379323003792
2019-12-03 22:57:00,0.23055377254422638
2019-12-03 23:00:00,0.28399289531012073
2019-12-03 23:03:00,0.21686278468274622
2019-12-03 23:06:00,0.22159325720741663
2019-12-03 23:09:00,0.1668842673049653
2019-12-03 23:12:00,0.25583366916055184
2019-12-03 23:15:00,0.34774726174515536
2019-12-03 23:18:00,0.2520208574833305
2019-12-03 23:21:00,0.3831588767255312
2019-12-03 23:24:00,0.2562209135631974
2019-12-03 23:27:00,0.3096997574790521
2019-12-03 23:30:00,0.33843081678122644
2019-12-03 23:33:00,0.3368703309870966
2019-12-03 23:36:00,0.3345130979511737
2019-12-03 23:39:00,0.26935465129548675
2019-12-03 23:42:00,0.260778946590392
2019-12-03 23:45:00,0.2777993872857678
2019-12-03 23:48:00,0.3244285511572116
2019-12-03 23:51:00,0.3559436829123115
2019-12-03 23:54:00,0.3707132399653119
2019-12-03 23:57:00,0.3210066961284497
2019-12-04 00:00:00,0.3249506262158093
2019-12-04 00:03:00,0.33621983743961437
2019-12-04 00:06:00,0.4305540345354757
2019-12-04 00:09:00,0.46315624942769773
2019-12-04 00:12:00,0.4553850057324098
2019-12-04 00:15:00,0.37401527074251817
2019-12-04 00:18:00,0.44587892474913815
2019-12-04 00:21:00,0.36072420571684916
2019-12-04 00:24:00,0.4937719235549025
2019-12-04 00:27:00,0.38957313243849967
2019-12-04 00:30:00,0.38669448225090264
2019-12-04 00:33:00,0.3901863042654554
2019-12-04 00:36:00,0.41358570637800085
2019-12-04 00:39:00,0.3573603814959938
2019-12-04 00:42:00,0.40307102461292743
2019-12-04 00:45:00,0.4410200799709969
2019-12-04 00:48:00,0.42724569669292123
2019-12-04 00:51:00,0.4941469973958874
2019-12-04 00:54:00,0.4117116156422753
2019-12-04 00:57:00,0.4964541986332165
2019-12-04 01:00:00,0.42776769277600124
2019-12-04 01:03:00,0.4210591955693985
2019-12-04 01:06:00,0.4675855290926165
2019-12-04 01:09:00,0.4649585463080257
2019-12-04 01:12:00,0.43676451587197107
2019-12-04 01:15:00,0.40875559036845743
2019-12-04 01:18:00,0.4685119631585053
2019-12-04 01:21:00,0.3854107119812511
2019-12-04 01:24:00,0.4699614147696707
2019-12-04 01:27:00,0.4659764451070032
2019-12-04 01:30:00,0.42041669967517237
2019-12-04 01:33:00,0.4963264965352323
2019-12-04 01:36:00,0.4594382520297131
2019-12-04 01:39:00,0.5042744532723873
2019-12-04 01:42:00,0.5053450426585187
2019-12-04 01:45:00,0.4757151600731504
2019-12-04 01:48:00,0.46082449946317183
2019-12-04 01:51:00,0.38234812138443885
2019-12-04 01:54:00,0.5005112592159549
2019-12-04 01:57:00,0.4368271298145032
2019-12-04 02:00:00,0.47643592903432364
2019-12-04 02:03:00,0.44849369150904295
2019-12-04 02:06:00,0.5685285663454351
2019-12-04 02:09:00,0.4789934897770536
2019-12-04 02:12:00,0.4696244829723355
2019-12-04 02:15:00,0.4863062736578172
2019-12-04 02:18:00,0.48260254719923523
2019-12-04 02:21:00,0.5245504122179341
2019-12-04 02:24:00,0.4510827398678998
2019-12-04 02:27:00,0.5328686321890928
2019-12-04 02:30:00,0.45296981154291416
2019-12-04 02:33:00,0.5290719513055819
2019-12-04 02:36:00,0.533846811062233
2019-12-04 02:39:00,0.5244025351278196
2019-12-04 02:42:00,0.5105902406328937
2019-12-04 02:45:00,0.5906249877326673
2019-12-04 02:48:00,0.5005500983026536
2019-12-04 02:51:00,0.6028685843533594
2019-12-04 02:54:00,0.5440559839408365
2019-12-04 02:57:00,0.4880217666654403
2019-12-04 03:00:00,0.5387429032373348
2019-12-04 03:03:00,0.530992162644452
2019-12-04 03:06:00,0.5551549418502759
2019-12-04 03:09:00,0.5527688615283637
2019-12-04 03:12:00,0.48715062549075583
2019-12-04 03:15:00,0.45514969583229004
2019-12-04 03:18:00,0.5162088826077706
2019-12-04 03:21:00,0.46870669687308464
2019-12-04 03:24:00,0.4583065370140389
2019-12-04 03:27:00,0.4704913431247064
2019-12-04 03:30:00,0.5608037393437257
2019-12-04 03:33:00,0.5717124987835973
2019-12-04 03:36:00,0.5271184311130241
2019-12-04 03:39:00,0.49005232761459183
2019-12-04 03:42:00,0.558213316468823
2019-12-04 03:45:00,0.5915117119671436
2019-12-04 03:48:00,0.46109132122978735
2019-12-04 03:51:00,0.45666492235505984
2019-12-04 03:54:00,0.5016569827733406
2019-12-04 03:57:00,0.47110809724341607
2019-12-04 04:00:00,0.49719437871812033
2019-12-04 04:03:00,0.43461356678886887
2019-12-04 04:06:00,0.4690700438532076
2019-12-04 04:09:00,0.6019659448454036
2019-12-04 04:12:00,0.5453089979579318
2019-12-04 04:15:00,0.522558322812813
2019-12-04 04:18:00,0.499013106478742
2019-12-04 04:21:00,0.5454429943226842
2019-12-04 04:24:00,0.46327101513270463
2019-12-04 04:27:00,0.46301258381669186
2019-12-04 04:30:00,0.5766208450751265
2019-12-04 04:33:00,0.5620220845314066
2019-12-04 04:36:00,0.5331119573712044
2019-12-04 04:39:00,0.488014718916304
2019-12-04 04:42:00,0.5697264469081347
2019-12-04 04:45:00,0.5751045519589297
2019-12-04 04:48:00,0.4825808025582887
2019-12-04 04:51:00,0.5052013858704072
2019-12-04 04:54:00,0.5367260770183861
2019-12-04 04:57:00,0.5303654477605164
2019-12-04 05:00:00,0.595107425472122
2019-12-04 05:03:00,0.5762651998758201
2019-12-04 05:06:00,0.6641322440902968
2019-12-04 05:09:00,0.491447197394848
2019-12-04 05:12:00,0.5783149036530517
2019-12-04 05:15:00,0.5526286150148962
2019-12-04 05:18:00,0.5599703174952992
2019-12-04 05:21:00,0.665310037496738
2019-12-04 05:24:00,0.642833338878745
2019-12-04 05:27:00,0.601724566699545
2019-12-04 05:30:00,0.5745249741752332
2019-12-04 05:33:00,0.5696178238729317
2019-12-04 05:36:00,0.5865226252792581
2019-12-04 05:39:00,0.6640568843290566
2019-12-04 05:42:00,0.5658423185258243
2019-12-04 05:45:00,0.6250703748532374
2019-12-04 05:48:00,0.6257067163471106
2019-12-04 05:51:00,0.6562111559149457
2019-12-04 05:54:00,0.5316330696832665
2019-12-04 05:57:00,0.587417542451476
2019-12-04 06:00:00,0.6713671769036864
2019-12-04 06:03:00,0.6125525573137338
2019-12-04 06:06:00,0.5857083586515159
2019-12-04 06:09:00,0.6733546909326265
2019-12-04 06:12:00,0.6003177364236194
2019-12-04 06:15:00,0.5291451269119989
2019-12-04 06:18:00,0.5975077012789143
2019-12-04 06:21:00,0.6103974930067011
2019-12-04 06:24:00,0.5476346960244314
2019-12-04 06:27:00,0.5991158831175198
2019-12-04 06:30:00,0.6519486701315031
2019-12-04 06:33:00,0.6135235594991286
2019-12-04 06:36:00,0.6571974028830141
2019-12-04 06:39:00,0.5726345391504992
2019-12-04 06:42:00,0.6640486597956965
2019-12-04 06:45:00,0.6743256080469564
2019-12-04 06:48:00,0.5476481308058396
2019-12-04 06:51:00,0.6313892965378045
2019-12-04 06:54:00,0.5985224823251656
2019-12-04 06:57:00,0.5750589816651086
2019-12-04 07:00:00,0.633419726162856
2019-12-04 07:03:00,0.5881968461810629
2019-12-04 07:06:00,0.6106416960965362
2019-12-04 07:09:00,0.6303221868847118
2019-12-04 07:12:00,0.666784803056089
2019-12-04 07:15:00,0.6352762446262545
2019-12-04 07:18:00,0.5723041243994658
2019-12-04 07:21:00,0.5764308906265683
2019-12-04 07:24:00,0.5370763962442311
2019-12-04 07:27:00,0.6975491257065869
2019-12-04 07:30:00,0.5592415978007352
2019-12-04 07:33:00,0.6595440296974289
2019-12-04 07:36:00,0.5955271139175125
2019-12-04 07:39:00,0.5491493918749484
2019-12-04 07:42:00,0.5939399329047319
2019-12-04 07:45:00,0.5662713674711881
2019-12-04 07:48:00,0.612928357397891
2019-12-04 07:51:00,0.6057592095321525
2019-12-04 07:54:00,0.48814556807207055
2019-12-04 07:57:00,0.4646154979046173
2019-12-04 08:00:00,0.5018612207487649
2019-12-04 08:03:00,0.5197541676407127
2019-12-04 08:06:00,0.4817813468491181
2019-12-04 08:09:00,0.47682078034131337
2019-12-04 08:12:00,0.5266955178859121
2019-12-04 08:15:00,0.5419119532701302
2019-12-04 08:18:00,0.4986945710905957
2019-12-04 08:21:00,0.4696891391145641
2019-12-04 08:24:00,0.4870114259579168
2019-12-04 08:27:00,0.4576834417600253
2019-12-04 08:30:00,0.4325682164503064
2019-12-04 08:33:00,0.40016418658251496
2019-12-04 08:36:00,0.3995469916557681
2019-12-04 08:39:00,0.4092841007799848
2019-12-04 08:42:00,0.3766076817959174
2019-12-04 08:45:00,0.48290499502701323
2019-12-04 08:48:00,0.4638240102665918
2019-12-04 08:51:00,0.3469388658543835
2019-12-04 08:54:00,0.42602145527956736
2019-12-04 08:57:00,0.37782442780405745
2019-12-04 09:00:00,0.3694920642258239
2019-12-04 09:03:00,0.3698975551924377
2019-12-04 09:06:00,0.40912042560637474
2019-12-04 09:09:00,0.3512092758666654
2019-12-04 09:12:00,0.3448228438097658
2019-12-04 09:15:00,0.252897552617128
2019-12-04 09:18:00,0.31169400703589645
2019-12-04 09:21:00,0.31228625980423885
2019-12-04 09:24:00,0.3356143303579415
2019-12-04 09:27:00,0.3710726182091548
2019-12-04 09:30:00,0.1267789936807162
2019-12-04 09:33:00,0.26652214549147857
2019-12-04 09:36:00,0.308571456265895
2019-12-04 09:39:00,0.2699078433008708
2019-12-04 09:42:00,0.3346687515810345
2019-12-04 09:45:00,0.3351747130859053
2019-12-04 09:48:00,0.29276695324244884
2019-12-04 09:51:00,0.2848899522228976
2019-12-04 09:54:00,0.20040032168935795
2019-12-04 09:57:00,0.2753281586043954
2019-12-04 10:00:00,0.2787449900981187
2019-12-04 10:03:00,0.18118584406875016
2019-12-04 10:06:00,0.16354135251191337
2019-12-04 10:09:00,0.26362933487331475
2019-12-04 10:12:00,0.26299625065848886
2019-12-04 10:15:00,0.23095945478212343
2019-12-04 10:18:00,0.20973414071647767
2019-12-04 10:21:00,0.17066105038270507
2019-12-04 10:24:00,0.09655245342889884
2019-12-04 10:27:00,0.18457529077920753
2019-12-04 10:30:00,0.15625498172778407
2019-12-04 10:33:00,0.1704007707837718
2019-12-04 10:36:00,0.09569726015706692
2019-12-04 10:39:00,0.038227374851942386
2019-12-04 10:42:00,0.11183582537358916
2019-12-04 10:45:00,0.08810267818978446
2019-12-04 10:48:00,0.07644194061185772
2019-12-04 10:51:00,0.04600597084953506
2019-12-04 10:54:00,0.13092434400124375
2019-12-04 10:57:00,0.18480717984022021
2019-12-04 11:00:00,0.10428445146885679
2019-12-04 11:03:00,0.027918289213573644
2019-12-04 11:06:00,0.15246943354668474
2019-12-04 11:09:00,0.05926957576002678
2019-12-04 11:12:00,0.03251437028683313
2019-12-04 11:15:00,0.007009837048883583
2019-12-04 11:18:00,0.04483119626439702
2019-12-04 11:21:00,0.0019331276644720674
2019-12-04 11:24:00,0.10792132647799235
2019-12-04 11:27:00,0.022319590355550645
2019-12-04 11:30:00,0.09971450952980376
2019-12-04 11:33:00,0.05922363671555786
2019-12-04 11:36:00,0.16294566650856268
2019-12-04 11:39:00,-0.05252391318720129
2019-12-04 11:42:00,0.034819938607199674
2019-12-04 11:45:00,-0.00198993173182771
2019-12-04 11:48:00,0.013168284931680319
2019-12-04 11:51:00,0.08026761658436499
2019-12-04 11:54:00,0.016006420866631288
2019-12-04 11:57:00,0.027700062549968152
2019-12-04 12:00:00,-0.005355749351565464
2019-12-04 12:03:00,-0.022419980945301177
2019-12-04 12:06:00,-0.13847056240587108
2019-12-04 12:09:00,0.07208081783903708
2019-12-04 12:12:00,0.0030525778901733247
2019-12-04 12:15:00,0.0007418681060471499
2019-12-04 12:18:00,0.03541279708093725
2019-12-04 12:21:00,0.07399151538373872
2019-12-04 12:24:00,-0.015092492329472407
2019-12-04 12:27:00,0.16360726379417656
2019-12-04 12:30:00,0.15783843625507643
2019-12-04 12:33:00,0.056526216501140425
2019-12-04 12:36:00,0.0822251149700719
2019-12-04 12:39:00,0.036185277232505086
2019-12-04 12:42:00,0.003865983572325149
2019-12-04 12:45:00,-0.0017773416049067237
2019-12-04 12:48:00,3.3297556456091115e-05
2019-12-04 12:51:00,-0.06983101727070107
2019-12-04 12:54:00,-0.008648477569920487
2019-12-04 12:57:00,-0.13970911445113643
2019-12-04 13:00:00,-0.028971359604327063
2019-12-04 13:03:00,0.15646480550384467
2019-12-04 13:06:00,0.16259185674010723
2019-12-04 13:09:00,0.05648976906769576
2019-12-04 13:12:00,0.12436584632604308
2019-12-04 13:15:00,-0.020630337369482277
2019-12-04 13:18:00,-0.1005781972515365
2019-12-04 13:21:00,0.05411616397742591
2019-12-04 13:24:00,0.109462837218814
2019-12-04 13:27:00,-0.03356839071551576
2019-12-04 13:30:00,0.12048968773331126
2019-12-04 13:33:00,0.19438162019622496
2019-12-04 13:36:00,0.07585980045570295
2019-12-04 13:39:00,0.06452405162508512
2019-12-04 13:42:00,0.034157444663378556
2019-12-04 13:45:00,0.12192655055304158
2019-12-04 13:48:00,0.33278801516564727
2019-12-04 13:51:00,0.28043166414840925
2019-12-04 13:54:00,0.22262755922895394
2019-12-04 13:57:00,0.20944715958478355
2019-12-04 14:00:00,0.24578655955963313
2019-12-04 14:03:00,0.23495025802168357
2019-12-04 14:06:00,0.3595978163307336
2019-12-04 14:09:00,0.4401959565502125
2019-12-04 14:12:00,0.3725746694903478
2019-12-04 14:15:00,0.22506032638273155
2019-12-04 14:18:00,0.11258022224524211
2019-12-04 14:21:00,0.23005552788856676
2019-12-04 14:24:00,0.2938589715931812
2019-12-04 14:27:00,0.4362237947223093
2019-12-04 14:30:00,0.2516377431085175
2019-12-04 14:33:00,0.2876119080871149
2019-12-04 14:36:00,0.33672347191611607
2019-12-04 14:39:00,0.2902182147013832
2019-12-04 14:42:00,0.19226603828741418
2019-12-04 14:45:00,0.2645403645577744
2019-12-04 14:48:00,0.1987188391015593
2019-12-04 14:51:00,0.20995207532229188
2019-12-04 14:54:00,0.21168742253837536
2019-12-04 14:57:00,0.2559414694594011
2019-12-04 15:00:00,0.2543119928800479
2019-12-04 15:03:00,0.39589560197026685
2019-12-04 15:06:00,0.4050287444572973
2019-12-04 15:09:00,0.184058237151703
2019-12-04 15:12:00,0.12037810975851926
2019-12-04 15:15:00,0.05955766977587018
2019-12-04 15:18:00,0.11808014812271495
2019-12-04 15:21:00,0.11235809943167396
2019-12-04 15:24:00,0.17569015025964063
2019-12-04 15:27:00,0.03891072429269116
2019-12-04 15:30:00,0.11378418936271828
2019-12-04 15:33:00,0.05998535925954229
2019-12-04 15:36:00,0.05048749846167766
2019-12-04 15:39:00,0.022427583562603104
2019-12-04 15:42:00,0.050006953541753774
2019-12-04 15:45:00,0.003958998576251815
2019-12-04 15:48:00,0.05416844549142752
2019-12-04 15:51:00,0.0611481047350253
2019-12-04 15:54:00,0.07701111211827083
2019-12-04 15:57:00,0.10121397494197026
2019-12-04 16:00:00,0.03464165414538911
2019-12-04 16:03:00,0.06066933874615188
2019-12-04 16:06:00,-0.04508300270953214
2019-12-04 16:09:00,-0.02266675698740528
2019-12-04 16:12:00,-0.04422212725148711
2019-12-04 16:15:00,-0.039397956678214996
2019-12-04 16:18:00,0.026995122482787792
2019-12-04 16:21:00,-0.01343048074897979
2019-12-04 16:24:00,0.12508446583132127
2019-12-04 16:27:00,0.23420935664165654
2019-12-04 16:30:00,0.1571027994390306
2019-12-04 16:33:00,0.08184333418398637
2019-12-04 16:36:00,0.228245012631362
2019-12-04 16:39:00,0.5544243076481052
2019-12-04 16:42:00,0.6761666200549143
2019-12-04 16:45:00,0.5691673208158932
2019-12-04 16:48:00,0.4569209001813874
2019-12-04 16:51:00,0.42423069067774577
2019-12-04 16:54:00,0.37078126990246574
2019-12-04 16:57:00,0.27668929721431823
2019-12-04 17:00:00,0.3042857797505576
2019-12-04 17:03:00,0.24513043216717278
2019-12-04 17:06:00,0.2297859381481544
2019-12-04 17:09:00,0.2726138933129505
2019-12-04 17:12:00,0.16343090513862535
2019-12-04 17:15:00,0.40261163189541094
2019-12-04 17:18:00,0.2753153325792823
2019-12-04 17:21:00,0.3473429278154754
2019-12-04 17:24:00,0.2732414796282683
2019-12-04 17:27:00,0.3706405330781877
2019-12-04 17:30:00,0.29587785931551025
2019-12-04 17:33:00,0.31103173310140164
2019-12-04 17:36:00,0.28890956781259547
2019-12-04 17:39:00,0.1657189550160183
2019-12-04 17:42:00,0.19582953995592334
2019-12-04 17:45:00,0.23207512161133081
2019-12-04 17:48:00,0.1833386016418217
2019-12-04 17:51:00,0.2370451967912004
2019-12-04 17:54:00,0.24609529871963787
2019-12-04 17:57:00,0.20273107903153686
2019-12-04 18:00:00,0.17662361075855415
2019-12-04 18:03:00,0.18017642642212195
2019-12-04 18:06:00,0.20091282047422965
2019-12-04 18:09:00,0.16136904271434105
2019-12-04 18:12:00,0.261921889095845
2019-12-04 18:15:00,0.10816096611239345
2019-12-04 18:18:00,0.17074498351098555
2019-12-04 18:21:00,0.17476861015194345
2019-12-04 18:24:00,0.1640932262268393
2019-12-04 18:27:00,0.1578666256951351
2019-12-04 18:30:00,0.16057611129019733
2019-12-04 18:33:00,0.22940737607353867
2019-12-04 18:36:00,0.19100470308649165
2019-12-04 18:39:00,0.15445341778251986
2019-12-04 18:42:00,0.25004158294359513
2019-12-04 18:45:00,0.159048830535653
2019-12-04 18:48:00,0.2447216332236053
2019-12-04 18:51:00,0.23023505255434884
2019-12-04 18:54:00,
2019-12-04 18:57:00,
2019-12-04 19:00:00,
2019-12-04 19:03:00,0.21963542797692526
2019-12-04 19:06:00,0.25587222529384235
2019-12-04 19:09:00,0.2101451371891585
2019-12-04 19:12:00,0.24284152430368522
2019-12-04 19:15:00,0.3523190412627173
2019-12-04 19:18:00,0.32115811531872396
2019-12-04 19:21:00,0.24573904295090188
2019-12-04 19:24:00,0.21819493504233378
2019-12-04 19:27:00,0.27707788685859214
2019-12-04 19:30:00,0.27146582183411283
2019-12-04 19:33:00,0.25635734093521023
2019-12-04 19:36:00,0.2051969285986388
2019-12-04 19:39:00,0.2877466978924872
2019-12-04 19:42:00,0.29161922816786046
2019-12-04 19:45:00,0.2544570914017754
2019-12-04 19:48:00,0.27672654614167413
2019-12-04 19:51:00,0.29206778631237285
2019-12-04 19:54:00,0.342434148336622
2019-12-04 19:57:00,0.29528857062706493
2019-12-04 20:00:00,0.3032577871661033
2019-12-04 20:03:00,0.337034862978669
2019-12-04 20:06:00,0.37848108848339734
2019-12-04 20:09:00,0.29875798434034095
2019-12-04 20:12:00,0.2540889541071465
2019-12-04 20:15:00,0.2177712682948254
2019-12-04 20:18:00,0.4022656040398829
2019-12-04 20:21:00,0.31487569002780447
2019-12-04 20:24:00,0.3703750284554985
2019-12-04 20:27:00,0.42597479901377255
2019-12-04 20:30:00,0.29620634715377037
2019-12-04 20:33:00,0.3453913890065792
2019-12-04 20:36:00,0.33928535231905244
2019-12-04 20:39:00,0.34693616487481904
2019-12-04 20:42:00,0.3454624365873542
2019-12-04 20:45:00,0.31318198639598904
2019-12-04 20:48:00,0.3269146610058442
2019-12-04 20:51:00,0.3169877793702085
2019-12-04 20:54:00,0.34731485184585154
2019-12-04 20:57:00,0.2612084740795808
2019-12-04 21:00:00,0.2787382642175089
2019-12-04 21:03:00,0.3099923456244369
2019-12-04 21:06:00,0.3256526433515319
2019-12-04 21:09:00,0.32748200350465595
2019-12-04 21:12:00,0.33048862635547493
2019-12-04 21:15:00,0.26403504244535725
2019-12-04 21:18:00,0.32693359363304353
2019-12-04 21:21:00,0.26816414244717635
2019-12-04 21:24:00,0.33693320864125553
2019-12-04 21:27:00,0.30704265701501754
2019-12-04 21:30:00,0.30269826793681887
2019-12-04 21:33:00,0.21583752535298117
2019-12-04 21:36:00,0.32931977838109106
2019-12-04 21:39:00,0.22232437468920807
2019-12-04 21:42:00,0.37840277744408013
2019-12-04 21:45:00,0.26795364564600277
2019-12-04 21:48:00,0.36591624467291695
2019-12-04 21:51:00,0.2633070985068571
2019-12-04 21:54:00,0.34810948616177484
2019-12-04 21:57:00,0.3593419871903052
2019-12-04 22:00:00,0.3042687219357276
2019-12-04 22:03:00,0.4735763798503285
2019-12-04 22:06:00,0.391505002313977
2019-12-04 22:09:00,0.35006111903629744
2019-12-04 22:12:00,0.37418896321412376
2019-12-04 22:15:00,0.40275714384722505
2019-12-04 22:18:00,0.4118969518062272
2019-12-04 22:21:00,0.44545925280277743
2019-12-04 22:24:00,0.41585378611233637
2019-12-04 22:27:00,0.3496282702997746
2019-12-04 22:30:00,0.3947404609393175
2019-12-04 22:33:00,0.30989884032391046
2019-12-04 22:36:00,0.38815551388461245
2019-12-04 22:39:00,0.3740296823962126
2019-12-04 22:42:00,0.2817975036605276
2019-12-04 22:45:00,0.4560370587332727
2019-12-04 22:48:00,0.371605097866734
2019-12-04 22:51:00,0.44002053243110595
2019-12-04 22:54:00,0.5037723269391563
2019-12-04 22:57:00,0.37510679249669465
2019-12-04 23:00:00,0.48206446517372115
2019-12-04 23:03:00,0.4040356212688039
2019-12-04 23:06:00,0.4682080150592469
2019-12-04 23:09:00,0.4726935698559487
2019-12-04 23:12:00,0.42949463481375005
2019-12-04 23:15:00,0.4645329339409727
2019-12-04 23:18:00,0.4524536740720464
2019-12-04 23:21:00,0.5656906211806358
2019-12-04 23:24:00,0.560081380554152
2019-12-04 23:27:00,0.46471349581401
2019-12-04 23:30:00,0.4173433669326414
2019-12-04 23:33:00,0.352553433241269
2019-12-04 23:36:00,0.39272109463814786
2019-12-04 23:39:00,0.37036317001445695
2019-12-04 23:42:00,0.41994169928284464
2019-12-04 23:45:00,0.40322815845769355
2019-12-04 23:48:00,0.31141207900242307
2019-12-04 23:51:00,0.3705033355308842
2019-12-04 23:54:00,0.37570143749525187
2019-12-04 23:57:00,0.46641139196918857
2019-12-05 00:00:00,0.40625399698052433
2019-12-05 00:03:00,0.33237506442100084
2019-12-05 00:06:00,0.398857271803422
2019-12-05 00:09:00,0.4700111693746294
2019-12-05 00:12:00,0.42854300837035453
2019-12-05 00:15:00,0.5193754377857545
2019-12-05 00:18:00,0.3977801971242343
2019-12-05 00:21:00,0.42144716569060847
2019-12-05 00:24:00,0.473984470490052
2019-12-05 00:27:00,0.41336960187499017
2019-12-05 00:30:00,0.4854771414225638
2019-12-05 00:33:00,0.5344466355180089
2019-12-05 00:36:00,0.42192836945531553
2019-12-05 00:39:00,0.3482531717247639
2019-12-05 00:42:00,0.43241857706885867
2019-12-05 00:45:00,0.3854942862662938
2019-12-05 00:48:00,0.3967487112651611
2019-12-05 00:51:00,0.4117283349553986
2019-12-05 00:54:00,0.4986875735547187
2019-12-05 00:57:00,0.4113297026010514
2019-12-05 01:00:00,0.46958970026543057
2019-12-05 01:03:00,0.4032013564200838
2019-12-05 01:06:00,0.4435648480633745
2019-12-05 01:09:00,0.40181013905021246
2019-12-05 01:12:00,0.4342805211861105
2019-12-05 01:15:00,0.40767878886993003
2019-12-05 01:18:00,0.43424027921668085
2019-12-05 01:21:00,0.4926129571417732
2019-12-05 01:24:00,0.5224679861989898
2019-12-05 01:27:00,0.5405332165600498
2019-12-05 01:30:00,0.5354375706056658
2019-12-05 01:33:00,0.4883331631072565
2019-12-05 01:36:00,0.5360083022993081
2019-12-05 01:39:00,0.4473893833150555
2019-12-05 01:42:00,0.40094714305263324
2019-12-05 01:45:00,0.39848576377835343
2019-12-05 01:48:00,0.47922208283034706
2019-12-05 01:51:00,0.4251248172832902
2019-12-05 01:54:00,0.5279906856638377
2019-12-05 01:57:00,0.4880167562303086
2019-12-05 02:00:00,0.5236113529207387
2019-12-05 02:03:00,0.4266582995996373
2019-12-05 02:06:00,0.5322630150691339
2019-12-05 02:09:00,0.34283886045534473
2019-12-05 02:12:00,0.4938502672940217
2019-12-05 02:15:00,0.44772428427751265
2019-12-05 02:18:00,0.42544017568758363
2019-12-05 02:21:00,0.6194271619451115
2019-12-05 02:24:00,0.4726281369286198
2019-12-05 02:27:00,0.4924204801074552
2019-12-05 02:30:00,0.45882577323368423
2019-12-05 02:33:00,0.420565891925321
2019-12-05 02:36:00,0.4519156391153274
2019-12-05 02:39:00,0.48750883089553554
2019-12-05 02:42:00,0.39689430953961846
2019-12-05 02:45:00,0.4605304920913227
2019-12-05 02:48:00,0.4454686658438618
2019-12-05 02:51:00,0.4180728314817088
2019-12-05 02:54:00,0.491964690549878
2019-12-05 02:57:00,0.5162582445146882
2019-12-05 03:00:00,0.3792709615386798
2019-12-05 03:03:00,0.360807945757756
2019-12-05 03:06:00,0.4620039752631442
2019-12-05 03:09:00,0.4591609896482396
2019-12-05 03:12:00,0.44317955983819957
2019-12-05 03:15:00,0.458887708815098
2019-12-05 03:18:00,0.4697059693522192
2019-12-05 03:21:00,0.5024618488215538
2019-12-05 03:24:00,0.45975999075074014
2019-12-05 03:27:00,0.48480623981674853
2019-12-05 03:30:00,0.5194444194225412
2019-12-05 03:33:00,0.5656741345446221
2019-12-05 03:36:00,0.5311522222361873
2019-12-05 03:39:00,0.5533715863027737
2019-12-05 03:42:00,0.5849393916483905
2019-12-05 03:45:00,0.46363720805857156
2019-12-05 03:48:00,0.5015503424348822
2019-12-05 03:51:00,0.5436721395033146
2019-12-05 03:54:00,0.5242583513463615
2019-12-05 03:57:00,0.5062349772656489
2019-12-05 04:00:00,0.5885126330108505
2019-12-05 04:03:00,0.4783368804392012
2019-12-05 04:06:00,0.5230070680253789
2019-12-05 04:09:00,0.5870938568580755
2019-12-05 04:12:00,0.5255255236264702
2019-12-05 04:15:00,0.5163757886684266
2019-12-05 04:18:00,0.4524564212405835
2019-12-05 04:21:00,0.5198998077983674
2019-12-05 04:24:00,0.5297108754703004
2019-12-05 04:27:00,0.5849195723754974
2019-12-05 04:30:00,0.5431365349349448
2019-12-05 04:33:00,0.5109853101702697
2019-12-05 04:36:00,0.5279745245907179
2019-12-05 04:39:00,0.39112196057800475
2019-12-05 04:42:00,0.45534560503477906
2019-12-05 04:45:00,0.36665962921557593
2019-12-05 04:48:00,0.4577876737461679
2019-12-05 04:51:00,0.41207102546229635
2019-12-05 04:54:00,0.5128027594826676
2019-12-05 04:57:00,0.4358602611151241
2019-12-05 05:00:00,0.4714609426771972
2019-12-05 05:03:00,0.46531229689048814
2019-12-05 05:06:00,0.5773732479401019
2019-12-05 05:09:00,0.4902882774933346
2019-12-05 05:12:00,0.4453094519906813
2019-12-05 05:15:00,0.4922222924674884
2019-12-05 05:18:00,0.5325405286180853
2019-12-05 05:21:00,0.469474176238009
2019-12-05 05:24:00,0.5048905666351402
2019-12-05 05:27:00,0.5168819500202062
2019-12-05 05:30:00,0.48269634088461544
2019-12-05 05:33:00,0.5347371566473953
2019-12-05 05:36:00,0.490080279149538
2019-12-05 05:39:00,0.4617666664086073
2019-12-05 05:42:00,0.5213004402265824
2019-12-05 05:45:00,0.4783344382369137
2019-12-05 05:48:00,0.4494230905187351
2019-12-05 05:51:00,0.45860518110083603
2019-12-05 05:54:00,0.4435585382387899
2019-12-05 05:57:00,0.391020936412076
2019-12-05 06:00:00,0.44536918743290244
2019-12-05 06:03:00,0.4814364811610403
2019-12-05 06:06:00,0.39661182187046506
2019-12-05 06:09:00,0.423448552503487
2019-12-05 06:12:00,0.4472927202950814
2019-12-05 06:15:00,0.43882183883124526
2019-12-05 06:18:00,0.49103402878506586
2019-12-05 06:21:00,0.4003426583357168
2019-12-05 06:24:00,0.4451612168542738
2019-12-05 06:27:00,0.41661061553185164
2019-12-05 06:30:00,0.48309672619382127
2019-12-05 06:33:00,0.38640519277288377
2019-12-05 06:36:00,0.4147201136244689
2019-12-05 06:39:00,0.4061495877749053
2019-12-05 06:42:00,0.45409880014113924
2019-12-05 06:45:00,0.37227918503100454
2019-12-05 06:48:00,0.4079717667248133
2019-12-05 06:51:00,0.44471008582053173
2019-12-05 06:54:00,0.536479639469178
2019-12-05 06:57:00,0.5564254353012075
2019-12-05 07:00:00,0.4341047458711955
2019-12-05 07:03:00,0.49846640226144245
2019-12-05 07:06:00,0.5123458072811786
2019-12-05 07:09:00,0.5887594540497503
2019-12-05 07:12:00,0.4804295192736845
2019-12-05 07:15:00,0.4162009169658063
2019-12-05 07:18:00,0.5429223320242613
2019-12-05 07:21:00,0.46578936889761735
2019-12-05 07:24:00,0.5566996890456721
2019-12-05 07:27:00,0.563758759073778
2019-12-05 07:30:00,0.5748591139015389
2019-12-05 07:33:00,0.4960491783742782
2019-12-05 07:36:00,0.5049128505445424
2019-12-05 07:39:00,0.45755781574303
2019-12-05 07:42:00,0.5233881246357441
2019-12-05 07:45:00,0.4907644964580413
2019-12-05 07:48:00,0.4887641524810533
2019-12-05 07:51:00,0.44410476771184904
2019-12-05 07:54:00,0.529392438259606
2019-12-05 07:57:00,0.46125427647456263
2019-12-05 08:00:00,0.5327169422806719
2019-12-05 08:03:00,0.4105261553578998
2019-12-05 08:06:00,0.4591534416814511
2019-12-05 08:09:00,0.3977683555785916
2019-12-05 08:12:00,0.4880837257854296
2019-12-05 08:15:00,0.5446422949441967
2019-12-05 08:18:00,0.43691502199538945
2019-12-05 08:21:00,0.39517286606343305
2019-12-05 08:24:00,0.43355375945554897
2019-12-05 08:27:00,0.5164493504217944
2019-12-05 08:30:00,0.41974781625134483
2019-12-05 08:33:00,0.44948469318677553
2019-12-05 08:36:00,0.37420031985146807
2019-12-05 08:39:00,0.3991878901730388
2019-12-05 08:42:00,0.44457529716265753
2019-12-05 08:45:00,0.40614644254833365
2019-12-05 08:48:00,0.3092353372318257
2019-12-05 08:51:00,0.40887697551340807
2019-12-05 08:54:00,0.30954759839210055
2019-12-05 08:57:00,0.3512284478778156
2019-12-05 09:00:00,0.3324167736981849
2019-12-05 09:03:00,0.32578445502792874
2019-12-05 09:06:00,0.3320866945708758
2019-12-05 09:09:00,0.3509154566083339
2019-12-05 09:12:00,0.3590835754309296
2019-12-05 09:15:00,0.32198681496004156
2019-12-05 09:18:00,0.39334186526247095
2019-12-05 09:21:00,0.22978450304651687
2019-12-05 09:24:00,0.2534351707512883
2019-12-05 09:27:00,0.2391518366002856
2019-12-05 09:30:00,0.2452146143191385
2019-12-05 09:33:00,0.2714260234263861
2019-12-05 09:36:00,0.17541882071634518
2019-12-05 09:39:00,0.15388678632092478
2019-12-05 09:42:00,0.2199534640688512
2019-12-05 09:45:00,0.2015293847466637
2019-12-05 09:48:00,0.20527778100711203
2019-12-05 09:51:00,0.1870141439770805
2019-12-05 09:54:00,0.15712044687808202
2019-12-05 09:57:00,0.1941980630568878
2019-12-05 10:00:00,0.16342300247663388
2019-12-05 10:03:00,0.18582547203601507
2019-12-05 10:06:00,0.23756737795258687
2019-12-05 10:09:00,0.13807037998020633
2019-12-05 10:12:00,0.07921044831840618
2019-12-05 10:15:00,0.14063869914491534
2019-12-05 10:18:00,0.13228137027499542
2019-12-05 10:21:00,0.17356310283935272
2019-12-05 10:24:00,0.05636954096689806
2019-12-05 10:27:00,0.04505295858785985
2019-12-05 10:30:00,0.14164676008908827
2019-12-05 10:33:00,-0.019147215884402158
2019-12-05 10:36:00,0.051557717845014395
2019-12-05 10:39:00,0.09790935997187944
2019-12-05 10:42:00,0.05728467188242803
2019-12-05 10:45:00,0.13942538070097044
2019-12-05 10:48:00,0.05029968133720786
2019-12-05 10:51:00,0.10830400278462093
2019-12-05 10:54:00,0.022736614078098683
2019-12-05 10:57:00,0.09671622320274764
2019-12-05 11:00:00,0.09108302456411366
2019-12-05 11:03:00,0.10591145208599073
2019-12-05 11:06:00,0.045112050775173884
2019-12-05 11:09:00,-0.020532516164109893
2019-12-05 11:12:00,0.08713928881070387
2019-12-05 11:15:00,0.06653196083846069
2019-12-05 11:18:00,-0.010486414478236838
2019-12-05 11:21:00,-0.06907749639600524
2019-12-05 11:24:00,-0.006727330460364556
2019-12-05 11:27:00,0.004487829357742612
2019-12-05 11:30:00,0.017054056694689734
2019-12-05 11:33:00,-0.010107880810835468
2019-12-05 11:36:00,-0.11560256493874022
2019-12-05 11:39:00,-0.08360426512808772
2019-12-05 11:42:00,-0.012732797797013973
2019-12-05 11:45:00,-0.033227514680845616
2019-12-05 11:48:00,0.015712822149964722
2019-12-05 11:51:00,-0.0972414868754754
2019-12-05 11:54:00,-0.06834897881458346
2019-12-05 11:57:00,-0.0894534934743092
2019-12-05 12:00:00,0.010288712070746442
2019-12-05 12:03:00,-0.01676774988834495
2019-12-05 12:06:00,-0.0021195178847506213
2019-12-05 12:09:00,-0.07936300646616701
2019-12-05 12:12:00,-0.0580643781132153
2019-12-05 12:15:00,-0.04393580533343311
2019-12-05 12:18:00,-0.0437600742168911
2019-12-05 12:21:00,-0.08069577609722955
2019-12-05 12:24:00,-0.010914503245317064
2019-12-05 12:27:00,0.0032039566029311572
2019-12-05 12:30:00,-0.13543111235810557
2019-12-05 12:33:00,-0.008149420695019671
2019-12-05 12:36:00,0.0816195026970945
2019-12-05 12:39:00,0.017934455258682647
2019-12-05 12:42:00,-0.04197644253224553
2019-12-05 12:45:00,-0.016846451013293517
2019-12-05 12:48:00,-0.022941285757781316
2019-12-05 12:51:00,0.038834170773156984
2019-12-05 12:54:00,0.127158298358097
2019-12-05 12:57:00,-0.012497798525032522
2019-12-05 13:00:00,0.009355902435572716
2019-12-05 13:03:00,0.02138804973299102
2019-12-05 13:06:00,-0.09774955633366744
2019-12-05 13:09:00,0.05262370887214729
2019-12-05 13:12:00,-0.03166167953679633
2019-12-05 13:15:00,-0.09171885913258393
2019-12-05 13:18:00,-0.050229014938224736
2019-12-05 13:21:00,-0.12944171963164308
2019-12-05 13:24:00,-0.12299636443378859
2019-12-05 13:27:00,-0.10765789330065445
2019-12-05 13:30:00,-0.2294062507127137
2019-12-05 13:33:00,-0.1112359233055713
2019-12-05 13:36:00,-0.10487837624856411
2019-12-05 13:39:00,-0.1183367298700091
2019-12-05 13:42:00,-0.08961281845688518
2019-12-05 13:45:00,-0.15989965561078634
2019-12-05 13:48:00,-0.10278432584220809
2019-12-05 13:51:00,0.00488314255773048
2019-12-05 13:54:00,-0.1393101964729908
2019-12-05 13:57:00,-0.13185182512279425
2019-12-05 14:00:00,-0.13160062935224914
2019-12-05 14:03:00,-0.12473055679657818
2019-12-05 14:06:00,-0.13898100071656927
2019-12-05 14:09:00,-0.07743715540550511
2019-12-05 14:12:00,-0.011531974917943444
2019-12-05 14:15:00,-0.08213552708451743
2019-12-05 14:18:00,-0.26647112997449085
2019-12-05 14:21:00,-0.20339302177916352
2019-12-05 14:24:00,-0.1577713451179079
2019-12-05 14:27:00,-0.16678505741981553
2019-12-05 14:30:00,-0.055649283212517275
2019-12-05 14:33:00,-0.12450581694236007
2019-12-05 14:36:00,-0.041034895097936896
2019-12-05 14:39:00,-0.20463758281448463
2019-12-05 14:42:00,-0.14947226710228279
2019-12-05 14:45:00,-0.19139354764945438
2019-12-05 14:48:00,-0.1460363543544645
2019-12-05 14:51:00,-0.19465600882750778
2019-12-05 14:54:00,-0.1333226599352315
2019-12-05 14:57:00,-0.22131280876197934
2019-12-05 15:00:00,-0.2882263035691608
2019-12-05 15:03:00,-0.2700188998909425
2019-12-05 15:06:00,-0.15931783659993926
2019-12-05 15:09:00,-0.295829817297772
2019-12-05 15:12:00,-0.18345716055489447
2019-12-05 15:15:00,-0.14943621445667077
2019-12-05 15:18:00,-0.15937479618196448
2019-12-05 15:21:00,-0.15486689203663673
2019-12-05 15:24:00,-0.11877440343562284
2019-12-05 15:27:00,-0.17639059638497656
2019-12-05 15:30:00,-0.027078224942897577
2019-12-05 15:33:00,-0.13035134726561637
2019-12-05 15:36:00,-0.19945255306924992
2019-12-05 15:39:00,-0.07477790455664035
2019-12-05 15:42:00,-0.12680429995282338
2019-12-05 15:45:00,-0.1323197582386797
2019-12-05 15:48:00,-0.15471696741349206
2019-12-05 15:51:00,-0.10798160622579189
2019-12-05 15:54:00,-0.10994942436832389
2019-12-05 15:57:00,-0.09408932114251911
2019-12-05 16:00:00,-0.06026962859681362
2019-12-05 16:03:00,-0.12209569729731129
2019-12-05 16:06:00,-0.19330990803223358
2019-12-05 16:09:00,-0.14833495505854444
2019-12-05 16:12:00,-0.06537351163495941
2019-12-05 16:15:00,-0.19646586926512555
2019-12-05 16:18:00,-0.12039528571261826
2019-12-05 16:21:00,-0.13145566649086504
2019-12-05 16:24:00,-0.06929363858165516
2019-12-05 16:27:00,-0.21272396473295885
2019-12-05 16:30:00,-0.14448286538731736
2019-12-05 16:33:00,-0.08439536715485474
2019-12-05 16:36:00,-0.16688896377257834
2019-12-05 16:39:00,-0.043721220793713655
2019-12-05 16:42:00,-0.06140919362508157
2019-12-05 16:45:00,-0.046720484551144636
2019-12-05 16:48:00,-0.18236314788907748
2019-12-05 16:51:00,-0.15989140636418142
2019-12-05 16:54:00,-0.14066085705002251
2019-12-05 16:57:00,0.0009553454340789358
2019-12-05 17:00:00,-0.10287470015441613
2019-12-05 17:03:00,-0.10329683592976835
2019-12-05 17:06:00,-0.0728991489813211
2019-12-05 17:09:00,-0.045925658496230426
2019-12-05 17:12:00,-0.017933805597522223
2019-12-05 17:15:00,-0.07483470294636163
2019-12-05 17:18:00,-0.04102120510634677
2019-12-05 17:21:00,-0.07263763387294375
2019-12-05 17:24:00,-0.12102772446905874
2019-12-05 17:27:00,-0.05478151412484067
2019-12-05 17:30:00,-0.16594950845086487
2019-12-05 17:33:00,-0.012414515922728242
2019-12-05 17:36:00,-0.0695461226516727
2019-12-05 17:39:00,-0.011952475009138652
2019-12-05 17:42:00,-0.035747254566388165
2019-12-05 17:45:00,0.06495470683586291
2019-12-05 17:48:00,0.06263888616865643
2019-12-05 17:51:00,0.008979542153440434
2019-12-05 17:54:00,-0.07215082444537302
2019-12-05 17:57:00,0.0019818726296989553
2019-12-05 18:00:00,0.09969004013663607
2019-12-05 18:03:00,0.05765215569778093
2019-12-05 18:06:00,0.05327433752603383
2019-12-05 18:09:00,0.05190671432728777
2019-12-05 18:12:00,0.025760136279359358
2019-12-05 18:15:00,0.006154444054402575
2019-12-05 18:18:00,-0.02290137905959
2019-12-05 18:21:00,0.013077901222800392
2019-12-05 18:24:00,0.08834596423639596
2019-12-05 18:27:00,0.12712245367470132
2019-12-05 18:30:00,0.0051801970775500195
2019-12-05 18:33:00,0.08052077556243376
2019-12-05 18:36:00,0.0722295251037508
2019-12-05 18:39:00,0.0031571778396255468
2019-12-05 18:42:00,0.08147804998031916
2019-12-05 18:45:00,0.02607374256302819
2019-12-05 18:48:00,0.07819134468218181
2019-12-05 18:51:00,0.07380948213989313
2019-12-05 18:54:00,
2019-12-05 18:57:00,
2019-12-05 19:00:00,
2019-12-05 19:03:00,0.03798093671787228
2019-12-05 19:06:00,-0.0023473940270264393
2019-12-05 19:09:00,0.15738954793818039
2019-12-05 19:12:00,0.0773224009843716
2019-12-05 19:15:00,0.05513318610252327
2019-12-05 19:18:00,0.11821124152459106
2019-12-05 19:21:00,0.04934739259289245
2019-12-05 19:24:00,0.11811276918894009
2019-12-05 19:27:00,0.05264925851923863
2019-12-05 19:30:00,0.03516705914205431
2019-12-05 19:33:00,0.11806010412897194
2019-12-05 19:36:00,0.13508310154935543
2019-12-05 19:39:00,0.07681945073818497
2019-12-05 19:42:00,0.13097108162105542
2019-12-05 19:45:00,0.10687745743467758
2019-12-05 19:48:00,0.09551658692549836
2019-12-05 19:51:00,0.1671870447011088
2019-12-05 19:54:00,0.15619032562949542
2019-12-05 19:57:00,0.15173120870696266
2019-12-05 20:00:00,0.0953375877002145
2019-12-05 20:03:00,0.19078736498755688
2019-12-05 20:06:00,0.13856502015249816
2019-12-05 20:09:00,0.2739905303010346
2019-12-05 20:12:00,0.17881825506668747
2019-12-05 20:15:00,0.16840602093270718
2019-12-05 20:18:00,0.14672921791463978
2019-12-05 20:21:00,0.18621713266134066
2019-12-05 20:24:00,0.1604671256602046
2019-12-05 20:27:00,0.29464513243442525
2019-12-05 20:30:00,0.17522584877241343
2019-12-05 20:33:00,0.0774400036169709
2019-12-05 20:36:00,0.1280664695766518
2019-12-05 20:39:00,0.20619052386291514
2019-12-05 20:42:00,0.2473216111126817
2019-12-05 20:45:00,0.10565606634793312
2019-12-05 20:48:00,0.20926017081336568
2019-12-05 20:51:00,0.23939222542395555
2019-12-05 20:54:00,0.2351128708374972
2019-12-05 20:57:00,0.14819498911771234
2019-12-05 21:00:00,0.29189732525685486
2019-12-05 21:03:00,0.1499516311290563
2019-12-05 21:06:00,0.22957301176137435
2019-12-05 21:09:00,0.1854662293127376
2019-12-05 21:12:00,0.261576873664751
2019-12-05 21:15:00,0.16309872182995377
2019-12-05 21:18:00,0.16051287567978534
2019-12-05 21:21:00,0.15323582586614748
2019-12-05 21:24:00,0.22797671652978124
2019-12-05 21:27:00,0.10983764667099649
2019-12-05 21:30:00,0.14369148322765568
2019-12-05 21:33:00,0.11003411612836089
2019-12-05 21:36:00,0.18235737568545574
2019-12-05 21:39:00,0.11357893162715982
2019-12-05 21:42:00,0.1974937398865677
2019-12-05 21:45:00,0.22568048426688847
2019-12-05 21:48:00,0.1491367766382723
2019-12-05 21:51:00,0.25022753154291877
2019-12-05 21:54:00,0.2285546893569972
2019-12-05 21:57:00,0.18662469964829143
2019-12-05 22:00:00,0.2735771859747729
2019-12-05 22:03:00,0.2998774744264665
2019-12-05 22:06:00,0.22336956929535745
2019-12-05 22:09:00,0.28487638747418487
2019-12-05 22:12:00,0.1889689004013917
2019-12-05 22:15:00,0.31552557293764494
2019-12-05 22:18:00,0.28719286339918426
2019-12-05 22:21:00,0.15870800368503524
2019-12-05 22:24:00,0.20590044515432737
2019-12-05 22:27:00,0.24733723642134464
2019-12-05 22:30:00,0.249206255127433
2019-12-05 22:33:00,0.20316684245648275
2019-12-05 22:36:00,0.26976777634894233
2019-12-05 22:39:00,0.2911833497831253
2019-12-05 22:42:00,0.2007288725336025
2019-12-05 22:45:00,0.2807555571826583
2019-12-05 22:48:00,0.23400835172424195
2019-12-05 22:51:00,0.34278720516084604
2019-12-05 22:54:00,0.18812036553907774
2019-12-05 22:57:00,0.18322260771446963
2019-12-05 23:00:00,0.155853632932633
2019-12-05 23:03:00,0.2427697060948617
2019-12-05 23:06:00,0.15155453737952485
2019-12-05 23:09:00,0.2502987912028516
2019-12-05 23:12:00,0.29368884157878483
2019-12-05 23:15:00,0.32566374270999177
2019-12-05 23:18:00,0.22404983681252588
2019-12-05 23:21:00,0.26565166911871074
2019-12-05 23:24:00,0.2718900657853851
2019-12-05 23:27:00,0.22200195246767862
2019-12-05 23:30:00,0.2722844941785638
2019-12-05 23:33:00,0.2635826512437802
2019-12-05 23:36:00,0.15216686958473247
2019-12-05 23:39:00,0.11641870453973979
2019-12-05 23:42:00,0.2967859580039658
2019-12-05 23:45:00,0.1832240051422218
2019-12-05 23:48:00,0.28274089800385127
2019-12-05 23:51:00,0.21523407626449398
2019-12-05 23:54:00,0.2196551198598513
2019-12-05 23:57:00,0.19892873555608048
2019-12-06 00:00:00,0.352349100446645
2019-12-06 00:03:00,0.25504462294111363
2019-12-06 00:06:00,0.23136776332790987
2019-12-06 00:09:00,0.2667372880382004
2019-12-06 00:12:00,0.2561907144553288
2019-12-06 00:15:00,0.20292504313079007
2019-12-06 00:18:00,0.2916352929409527
2019-12-06 00:21:00,0.25684028386217506
2019-12-06 00:24:00,0.2794860224341278
2019-12-06 00:27:00,0.3583077014472451
2019-12-06 00:30:00,0.28916809437419033
2019-12-06 00:33:00,0.31554150667517433
2019-12-06 00:36:00,0.21044042862456536
2019-12-06 00:39:00,0.29721996614131285
2019-12-06 00:42:00,0.3375658402218846
2019-12-06 00:45:00,0.27098453427038294
2019-12-06 00:48:00,0.27345688451350725
2019-12-06 00:51:00,0.25733717104589005
2019-12-06 00:54:00,0.30165538651760926
2019-12-06 00:57:00,0.19313659590142152
2019-12-06 01:00:00,0.2710424632761601
2019-12-06 01:03:00,0.3427314583261136
2019-12-06 01:06:00,0.23852179856288558
2019-12-06 01:09:00,0.3541766585024675
2019-12-06 01:12:00,0.36454939629550154
2019-12-06 01:15:00,0.3282796616410337
2019-12-06 01:18:00,0.40120872564682486
2019-12-06 01:21:00,0.3897258925828737
2019-12-06 01:24:00,0.3220580673067275
2019-12-06 01:27:00,0.33273090744359024
2019-12-06 01:30:00,0.43074524453805907
2019-12-06 01:33:00,0.4408486510695866
2019-12-06 01:36:00,0.3723237669101991
2019-12-06 01:39:00,0.37102792286174235
2019-12-06 01:42:00,0.39200103244996853
2019-12-06 01:45:00,0.30632205609242646
2019-12-06 01:48:00,0.3731622139314936
2019-12-06 01:51:00,0.32626736043187066
2019-12-06 01:54:00,0.30546427834030965
2019-12-06 01:57:00,0.3079600664809732
2019-12-06 02:00:00,0.35322718056806934
2019-12-06 02:03:00,0.4170635144590733
2019-12-06 02:06:00,0.34484538542426435
2019-12-06 02:09:00,0.35466024399465823
2019-12-06 02:12:00,0.36181479670028693
2019-12-06 02:15:00,0.4452331630450317
2019-12-06 02:18:00,0.39089705310124145
2019-12-06 02:21:00,0.3760867050554566
2019-12-06 02:24:00,0.408632137650784
2019-12-06 02:27:00,0.394222555325598
2019-12-06 02:30:00,0.36534246902624545
2019-12-06 02:33:00,0.33251162121678135
2019-12-06 02:36:00,0.3653415719584814
2019-12-06 02:39:00,0.3121958631479629
2019-12-06 02:42:00,0.31795560580280835
2019-12-06 02:45:00,0.3447233676773749
2019-12-06 02:48:00,0.4138776240492348
2019-12-06 02:51:00,0.30969450796635556
2019-12-06 02:54:00,0.2992073887655238
2019-12-06 02:57:00,0.4116446447565636
2019-12-06 03:00:00,0.40466727646696654
2019-12-06 03:03:00,0.3000688452383997
2019-12-06 03:06:00,0.3071763528719771
2019-12-06 03:09:00,0.5047367043434292
2019-12-06 03:12:00,0.4069818974659256
2019-12-06 03:15:00,0.3683614135393327
2019-12-06 03:18:00,0.42300986596887924
2019-12-06 03:21:00,0.4064413949561754
2019-12-06 03:24:00,0.36402849101943957
2019-12-06 03:27:00,0.33882914754542526
2019-12-06 03:30:00,0.3743685591086887
2019-12-06 03:33:00,0.4244154799800981
2019-12-06 03:36:00,0.4473757564047105
2019-12-06 03:39:00,0.4010865727319697
2019-12-06 03:42:00,0.43242626302662757
2019-12-06 03:45:00,0.39749785882844435
2019-12-06 03:48:00,0.42051040298224507
2019-12-06 03:51:00,0.4040915076719216
2019-12-06 03:54:00,0.40791972988859015
2019-12-06 03:57:00,0.4457243517675238
2019-12-06 04:00:00,0.4329302367648893
2019-12-06 04:03:00,0.36844371157621936
2019-12-06 04:06:00,0.3260562996085241
2019-12-06 04:09:00,0.3714422645155082
2019-12-06 04:12:00,0.42123546534736533
2019-12-06 04:15:00,0.2852129753280792
2019-12-06 04:18:00,0.458146296400912
2019-12-06 04:21:00,0.38776818112728506
2019-12-06 04:24:00,0.39237058410276404
2019-12-06 04:27:00,0.40658613118858966
2019-12-06 04:30:00,0.3545499724619958
2019-12-06 04:33:00,0.4321394374489955
2019-12-06 04:36:00,0.3180231387904655
2019-12-06 04:39:00,0.44734211475656593
2019-12-06 04:42:00,0.41261720300718707
2019-12-06 04:45:00,0.5076062974944193
2019-12-06 04:48:00,0.4751977530787599
2019-12-06 04:51:00,0.46074943873406937
2019-12-06 04:54:00,0.3579221450409591
2019-12-06 04:57:00,0.40236388696217773
2019-12-06 05:00:00,0.38528756426336486
2019-12-06 05:03:00,0.39195666707820465
2019-12-06 05:06:00,0.3679792154032384
2019-12-06 05:09:00,0.45511359437233523
2019-12-06 05:12:00,0.43375392086244347
2019-12-06 05:15:00,0.4321141972179703
2019-12-06 05:18:00,0.38065916831413915
2019-12-06 05:21:00,0.4670373451829164
2019-12-06 05:24:00,0.5152053025656755
2019-12-06 05:27:00,0.4293529947033221
2019-12-06 05:30:00,0.3802570336006852
2019-12-06 05:33:00,0.5487899842677848
2019-12-06 05:36:00,0.40491273974106434
2019-12-06 05:39:00,0.4355364700174391
2019-12-06 05:42:00,0.41854981850951845
2019-12-06 05:45:00,0.4195672788973184
2019-12-06 05:48:00,0.4298784440401846
2019-12-06 05:51:00,0.45229776238642216
2019-12-06 05:54:00,0.33057948975312
2019-12-06 05:57:00,0.4118751261464695
2019-12-06 06:00:00,0.41762068062575963
2019-12-06 06:03:00,0.41632763875844603
2019-12-06 06:06:00,0.42062725863968353
2019-12-06 06:09:00,0.4670034420361162
2019-12-06 06:12:00,0.38619237945988516
2019-12-06 06:15:00,0.40661815118357936
2019-12-06 06:18:00,0.40524386119864175
2019-12-06 06:21:00,0.4489386541264935
2019-12-06 06:24:00,0.41618472734074885
2019-12-06 06:27:00,0.4103018173099713
2019-12-06 06:30:00,0.4091365480819036
2019-12-06 06:33:00,0.43499796456990225
2019-12-06 06:36:00,0.44986636861403895
2019-12-06 06:39:00,0.4087093734536893
2019-12-06 06:42:00,0.4659944573812709
2019-12-06 06:45:00,0.394234450762724
2019-12-06 06:48:00,0.42209514077217136
2019-12-06 06:51:00,0.34795464919301367
2019-12-06 06:54:00,0.339816020160697
2019-12-06 06:57:00,0.4077101290636165
2019-12-06 07:00:00,0.31694206112587153
2019-12-06 07:03:00,0.3956628798305246
2019-12-06 07:06:00,0.4314106483307114
2019-12-06 07:09:00,0.45506930533377954
2019-12-06 07:12:00,0.3385478942369673
2019-12-06 07:15:00,0.36140652191841127
2019-12-06 07:18:00,0.40703696196169403
2019-12-06 07:21:00,0.3271951351545681
2019-12-06 07:24:00,0.3258228574654254
2019-12-06 07:27:00,0.4608941594309499
2019-12-06 07:30:00,0.36731954026191715
2019-12-06 07:33:00,0.3032798422712517
2019-12-06 07:36:00,0.35777502197839794
2019-12-06 07:39:00,0.34839951286022597
2019-12-06 07:42:00,0.36230925660845514
2019-12-06 07:45:00,0.3662240928955498
2019-12-06 07:48:00,0.33870029885247277
2019-12-06 07:51:00,0.33137067437064616
2019-12-06 07:54:00,0.31291057327138105
2019-12-06 07:57:00,0.35716785933055917
2019-12-06 08:00:00,0.298973220388973
2019-12-06 08:03:00,0.29179296688164413
2019-12-06 08:06:00,0.267811987866196
2019-12-06 08:09:00,0.27346785559990394
2019-12-06 08:12:00,0.30767556805409413
2019-12-06 08:15:00,0.4100539315871288
2019-12-06 08:18:00,0.31723030556526055
2019-12-06 08:21:00,0.2823525626945411
2019-12-06 08:24:00,0.32125324408013967
2019-12-06 08:27:00,0.21368525175677178
2019-12-06 08:30:00,0.3319476039175129
2019-12-06 08:33:00,0.3042008673554051
2019-12-06 08:36:00,0.2895742549825968
2019-12-06 08:39:00,0.2525057208827093
2019-12-06 08:42:00,0.21146496552796634
2019-12-06 08:45:00,0.1431806294140756
2019-12-06 08:48:00,0.26522385289291606
2019-12-06 08:51:00,0.2630813327587589
2019-12-06 08:54:00,0.24789514366955245
2019-12-06 08:57:00,0.2820763158180739
2019-12-06 09:00:00,0.14122666378972326
2019-12-06 09:03:00,0.27971797251439057
2019-12-06 09:06:00,0.16939737829460455
2019-12-06 09:09:00,0.24605969603811673
2019-12-06 09:12:00,0.25683969978200594
2019-12-06 09:15:00,0.24007462218577302
2019-12-06 09:18:00,0.12884696030437226
2019-12-06 09:21:00,0.12850309788990444
2019-12-06 09:24:00,0.18479094186005796
2019-12-06 09:27:00,0.23935139774846448
2019-12-06 09:30:00,0.10414117764474895
2019-12-06 09:33:00,0.13833368169872529
2019-12-06 09:36:00,0.12184111098804351
2019-12-06 09:39:00,0.26769873230028907
2019-12-06 09:42:00,0.1009968459159154
2019-12-06 09:45:00,0.1346918191155737
2019-12-06 09:48:00,0.17906963932171038
2019-12-06 09:51:00,0.13016389616319657
2019-12-06 09:54:00,0.04101392832944839
2019-12-06 09:57:00,0.08303502775851257
2019-12-06 10:00:00,0.16831246386539078
2019-12-06 10:03:00,0.11933728936668331
2019-12-06 10:06:00,0.10787224461728329
2019-12-06 10:09:00,0.19501213908989712
2019-12-06 10:12:00,0.07759606317142698
2019-12-06 10:15:00,0.02857340945638498
2019-12-06 10:18:00,0.16971560704951116
2019-12-06 10:21:00,0.16925494544648245
2019-12-06 10:24:00,0.2241019568105571
2019-12-06 10:27:00,0.06411115852523608
2019-12-06 10:30:00,0.15240454329324393
2019-12-06 10:33:00,0.12436582781737116
2019-12-06 10:36:00,0.06998550314705199
2019-12-06 10:39:00,0.11990795754763894
2019-12-06 10:42:00,0.10294207686700929
2019-12-06 10:45:00,0.09934380591948866
2019-12-06 10:48:00,0.14651784424489733
2019-12-06 10:51:00,0.12586583029985832
2019-12-06 10:54:00,0.18910012875028315
2019-12-06 10:57:00,0.16765822314960133
2019-12-06 11:00:00,0.1572565662905845
2019-12-06 11:03:00,0.11476598043680042
2019-12-06 11:06:00,0.03225159803673705
2019-12-06 11:09:00,0.05273933457743851
2019-12-06 11:12:00,0.06881056214467662
2019-12-06 11:15:00,0.07696007742805477
2019-12-06 11:18:00,-0.004996294985346594
2019-12-06 11:21:00,0.12639488181196157
2019-12-06 11:24:00,0.08589792804787066
2019-12-06 11:27:00,0.10832873385288622
2019-12-06 11:30:00,0.14111135881881864
2019-12-06 11:33:00,-0.09395599111843467
2019-12-06 11:36:00,-0.018616886789800446
2019-12-06 11:39:00,0.13413023025015036
2019-12-06 11:42:00,0.07513670379915993
2019-12-06 11:45:00,-0.0914582800514836
2019-12-06 11:48:00,-0.013099601998249
2019-12-06 11:51:00,0.06672355082713466
2019-12-06 11:54:00,-0.001864721277058834
2019-12-06 11:57:00,0.08444463345847453
2019-12-06 12:00:00,-0.03127453188415075
2019-12-06 12:03:00,-0.1267053329398209
2019-12-06 12:06:00,-0.02911764423367913
2019-12-06 12:09:00,0.06777979223863895
2019-12-06 12:12:00,0.07756855298293885
2019-12-06 12:15:00,-0.028176188322618145
2019-12-06 12:18:00,-0.05432768531142074
2019-12-06 12:21:00,0.0009745401880536519
2019-12-06 12:24:00,-0.1336612403361528
2019-12-06 12:27:00,0.03543710438583503
2019-12-06 12:30:00,0.020512680206365985
2019-12-06 12:33:00,-0.05803673070317927
2019-12-06 12:36:00,-0.07743226921672886
2019-12-06 12:39:00,-0.10452702294770688
2019-12-06 12:42:00,-0.08311764161453539
2019-12-06 12:45:00,-0.14887218976309669
2019-12-06 12:48:00,-0.05254176580291414
2019-12-06 12:51:00,-0.19963880498198705
2019-12-06 12:54:00,-0.046943543697409496
2019-12-06 12:57:00,-0.03264975697572936
2019-12-06 13:00:00,0.0065599985494486646
2019-12-06 13:03:00,-0.15635589010139483
2019-12-06 13:06:00,-0.15427067406761807
2019-12-06 13:09:00,-0.05384860704401717
2019-12-06 13:12:00,0.019723600950158016
2019-12-06 13:15:00,-0.06198237530446704
2019-12-06 13:18:00,-0.050748301540977536
2019-12-06 13:21:00,-0.1285762921982041
2019-12-06 13:24:00,-0.14963196925043576
2019-12-06 13:27:00,-0.16096814030998985
2019-12-06 13:30:00,-0.13537677740208665
2019-12-06 13:33:00,-0.1709306153091461
2019-12-06 13:36:00,-0.16128866608721637
2019-12-06 13:39:00,-0.15494196778649894
2019-12-06 13:42:00,-0.2701753377092473
2019-12-06 13:45:00,-0.15579063918386282
2019-12-06 13:48:00,-0.19539697592000493
2019-12-06 13:51:00,-0.21650215504683956
2019-12-06 13:54:00,-0.18866376381942018
2019-12-06 13:57:00,-0.026244640835784594
2019-12-06 14:00:00,-0.13556223591984917
2019-12-06 14:03:00,-0.05081852199691639
2019-12-06 14:06:00,-0.11241103273783892
2019-12-06 14:09:00,-0.17194124548922218
2019-12-06 14:12:00,-0.03261194803252465
2019-12-06 14:15:00,-0.04607344948493619
2019-12-06 14:18:00,-0.22286475708961007
2019-12-06 14:21:00,0.023992174355441875
2019-12-06 14:24:00,-0.09327822487387039
2019-12-06 14:27:00,-0.07616813824677138
2019-12-06 14:30:00,0.015466284522119622
2019-12-06 14:33:00,-0.043580064671289165
2019-12-06 14:36:00,-0.07140691801680532
2019-12-06 14:39:00,-0.08777865104457305
2019-12-06 14:42:00,-0.06378469769140338
2019-12-06 14:45:00,-0.23849612120585562
2019-12-06 14:48:00,0.08169353375888022
2019-12-06 14:51:00,-0.11700239044108685
2019-12-06 14:54:00,-0.20356267858244337
2019-12-06 14:57:00,-0.041662627684729614
2019-12-06 15:00:00,-0.0448700945136693
2019-12-06 15:03:00,-0.21727019906302303
2019-12-06 15:06:00,-0.06479588420836535
2019-12-06 15:09:00,-0.016022952164576054
2019-12-06 15:12:00,-0.13102420030952544
2019-12-06 15:15:00,-0.12808961833508192
2019-12-06 15:18:00,-0.15726116992635752
2019-12-06 15:21:00,-0.07932821607585083
2019-12-06 15:24:00,-0.0918245320818869
2019-12-06 15:27:00,-0.08452606669743545
2019-12-06 15:30:00,-0.055581929423567544
2019-12-06 15:33:00,-0.02087141682505944
2019-12-06 15:36:00,-0.08483297493444297
2019-12-06 15:39:00,-0.11291591799147227
2019-12-06 15:42:00,-0.10690146201659445
2019-12-06 15:45:00,-0.08411929388046246
2019-12-06 15:48:00,-0.13238998017936865
2019-12-06 15:51:00,-0.08497672570246095
2019-12-06 15:54:00,0.007146349985021061
2019-12-06 15:57:00,-0.03984011115181829
2019-12-06 16:00:00,0.027269888402258857
2019-12-06 16:03:00,0.12888635568168638
2019-12-06 16:06:00,0.13539083920295525
2019-12-06 16:09:00,0.08471074488949171
2019-12-06 16:12:00,0.09571702120979353
2019-12-06 16:15:00,0.04638923471287626
2019-12-06 16:18:00,-0.010095381693474792
2019-12-06 16:21:00,0.12852422143970443
2019-12-06 16:24:00,-0.07973805034833958
2019-12-06 16:27:00,-0.01813678848481004
2019-12-06 16:30:00,-0.04122329166386862
2019-12-06 16:33:00,-0.0007333940852163323
2019-12-06 16:36:00,-0.056876866414995675
2019-12-06 16:39:00,0.0680851467943171
2019-12-06 16:42:00,0.04995183898165578
2019-12-06 16:45:00,-0.01736771819543037
2019-12-06 16:48:00,-0.03628887883456855
2019-12-06 16:51:00,0.014448229167669524
2019-12-06 16:54:00,0.07131022523498132
2019-12-06 16:57:00,0.22546535923606825
2019-12-06 17:00:00,0.17256600016031598
2019-12-06 17:03:00,0.08894587392222775
2019-12-06 17:06:00,-0.03954569829159027
2019-12-06 17:09:00,0.004362041648732884
2019-12-06 17:12:00,-0.006410853660042903
2019-12-06 17:15:00,-0.045112430064079945
2019-12-06 17:18:00,0.04105489222530423
2019-12-06 17:21:00,0.08729801220448508
2019-12-06 17:24:00,-0.0007121695652472226
2019-12-06 17:27:00,-0.05086926904516531
2019-12-06 17:30:00,0.045070455379914165
2019-12-06 17:33:00,0.059077427988540876
2019-12-06 17:36:00,0.043955039349725666
2019-12-06 17:39:00,0.07314470166625142
2019-12-06 17:42:00,0.09438840098749779
2019-12-06 17:45:00,0.09521336322120533
2019-12-06 17:48:00,0.08162909701843546
2019-12-06 17:51:00,0.15478997072023049
2019-12-06 17:54:00,0.1594868910606806
2019-12-06 17:57:00,0.19889392452938637
2019-12-06 18:00:00,0.14675587324597927
2019-12-06 18:03:00,0.0945572214448589
2019-12-06 18:06:00,0.17026041604253805
2019-12-06 18:09:00,0.22069689887518962
2019-12-06 18:12:00,0.22079316231207713
2019-12-06 18:15:00,0.21631943734070092
2019-12-06 18:18:00,0.22816609374450536
2019-12-06 18:21:00,0.12607030816718634
2019-12-06 18:24:00,0.20520755985063488
2019-12-06 18:27:00,0.2028491898233824
2019-12-06 18:30:00,0.3218587219993765
2019-12-06 18:33:00,0.19555002421805057
2019-12-06 18:36:00,0.12112670529450043
2019-12-06 18:39:00,0.18495582122386622
2019-12-06 18:42:00,0.1575608505165178
2019-12-06 18:45:00,0.2670548381117328
2019-12-06 18:48:00,0.1544228605940816
2019-12-06 18:51:00,0.21725883512567634
2019-12-06 18:54:00,
2019-12-06 18:57:00,
2019-12-06 19:00:00,
2019-12-06 19:03:00,0.19689691400623133
2019-12-06 19:06:00,0.20686160469068682
2019-12-06 19:09:00,0.168441173744327
2019-12-06 19:12:00,0.2925675155011618
2019-12-06 19:15:00,0.16949139608158248
2019-12-06 19:18:00,0.2497013957316767
2019-12-06 19:21:00,0.14683798685609872
2019-12-06 19:24:00,0.254766451206649
2019-12-06 19:27:00,0.23930305706545596
2019-12-06 19:30:00,0.14079412791693358
2019-12-06 19:33:00,0.12970857613862563
2019-12-06 19:36:00,0.1578441508816013
2019-12-06 19:39:00,0.20391894553461043
2019-12-06 19:42:00,0.1825227714130051
2019-12-06 19:45:00,0.17142116873759505
2019-12-06 19:48:00,0.16086855647682796
2019-12-06 19:51:00,0.19643450069725077
2019-12-06 19:54:00,0.09252961904780932
2019-12-06 19:57:00,0.020861913054829984
2019-12-06 20:00:00,0.10665451533174064
2019-12-06 20:03:00,0.13623393911535686
2019-12-06 20:06:00,0.08916389190574137
2019-12-06 20:09:00,0.12403092893543999
2019-12-06 20:12:00,0.18015207912816322
2019-12-06 20:15:00,0.08410979284667519
2019-12-06 20:18:00,0.19685666098422416
2019-12-06 20:21:00,0.20643266576598762
2019-12-06 20:24:00,0.11525428893219214
2019-12-06 20:27:00,0.34113640552976676
2019-12-06 20:30:00,0.24708520969829806
2019-12-06 20:33:00,0.16527096791674012
2019-12-06 20:36:00,0.14776579721052485
2019-12-06 20:39:00,0.1744730132208474
2019-12-06 20:42:00,0.20321258290113065
2019-12-06 20:45:00,0.22421333829748846
2019-12-06 20:48:00,0.14996818682607227
2019-12-06 20:51:00,0.17094051608307836
2019-12-06 20:54:00,0.24804793364398847
2019-12-06 20:57:00,0.23388436556558645
2019-12-06 21:00:00,0.271250989006262
2019-12-06 21:03:00,0.30913413642724663
2019-12-06 21:06:00,0.2817632490907158
2019-12-06 21:09:00,0.19415267348398402
2019-12-06 21:12:00,0.2814159433357304
2019-12-06 21:15:00,0.26815755885178305
2019-12-06 21:18:00,0.23142196159267314
2019-12-06 21:21:00,0.1976788504453566
2019-12-06 21:24:00,0.21050593092417103
2019-12-06 21:27:00,0.31229833563247666
2019-12-06 21:30:00,0.48793687859301826
2019-12-06 21:33:00,0.35387313778164753
2019-12-06 21:36:00,0.36344384834364973
2019-12-06 21:39:00,0.34609672797682833
2019-12-06 21:42:00,0.2684753555137718
2019-12-06 21:45:00,0.1751824685316592
2019-12-06 21:48:00,0.2225938731311885
2019-12-06 21:51:00,0.43102609337432796
2019-12-06 21:54:00,0.29593513369115954
2019-12-06 21:57:00,0.2918893155930391
2019-12-06 22:00:00,0.3247735980485231
2019-12-06 22:03:00,0.40382353184691056
2019-12-06 22:06:00,0.31076215354590886
2019-12-06 22:09:00,0.3470932945295431
2019-12-06 22:12:00,0.2452346301681132
2019-12-06 22:15:00,0.2460488947668864
2019-12-06 22:18:00,0.3556967738611547
2019-12-06 22:21:00,0.3269951717487629
2019-12-06 22:24:00,0.3777525085417892
2019-12-06 22:27:00,0.3541292569113921
2019-12-06 22:30:00,0.29979477931226484
2019-12-06 22:33:00,0.3283199560388539
2019-12-06 22:36:00,0.3194532016893845
2019-12-06 22:39:00,0.2843361877901316
2019-12-06 22:42:00,0.24210324490036328
2019-12-06 22:45:00,0.30173989538650403
2019-12-06 22:48:00,0.4141044040836164
2019-12-06 22:51:00,0.412765622208326
2019-12-06 22:54:00,0.41659110873564487
2019-12-06 22:57:00,0.43331601429218836
2019-12-06 23:00:00,0.4049718938879323
2019-12-06 23:03:00,0.3230833235640489
2019-12-06 23:06:00,0.3604212714199093
2019-12-06 23:09:00,0.3412683181230136
2019-12-06 23:12:00,0.4928605414499998
2019-12-06 23:15:00,0.3966796091090714
2019-12-06 23:18:00,0.3900784950115508
2019-12-06 23:21:00,0.32405814946912415
2019-12-06 23:24:00,0.3872746443138908
2019-12-06 23:27:00,0.3127081926090227
2019-12-06 23:30:00,0.3873942333399327
2019-12-06 23:33:00,0.38587843110457243
2019-12-06 23:36:00,0.3863760150441067
2019-12-06 23:39:00,0.4008617652560815
2019-12-06 23:42:00,0.38589379031225235
2019-12-06 23:45:00,0.3443729607799355
2019-12-06 23:48:00,0.3369640343775586
2019-12-06 23:51:00,0.29169577448413975
2019-12-06 23:54:00,0.48742513463417936
2019-12-06 23:57:00,0.25593964776902567
2019-12-07 00:00:00,0.2989121105186996
2019-12-07 00:03:00,0.2871830396239261
2019-12-07 00:06:00,0.30366478980812417
2019-12-07 00:09:00,0.34250840803912297
2019-12-07 00:12:00,0.36992039347381933
2019-12-07 00:15:00,0.37081817051415555
2019-12-07 00:18:00,0.2350901336215543
2019-12-07 00:21:00,0.3552033865789781
2019-12-07 00:24:00,0.336119310002573
2019-12-07 00:27:00,0.2905412949324955
2019-12-07 00:30:00,0.39923730741270447
2019-12-07 00:33:00,0.26889259012210687
2019-12-07 00:36:00,0.29036242240135834
2019-12-07 00:39:00,0.3101648446195213
2019-12-07 00:42:00,0.25582750243580676
2019-12-07 00:45:00,0.30821975665838863
2019-12-07 00:48:00,0.22382120881150058
2019-12-07 00:51:00,0.27327576406759135
2019-12-07 00:54:00,0.22201793495401034
2019-12-07 00:57:00,0.25840429156960454
2019-12-07 01:00:00,0.22579827912005612
2019-12-07 01:03:00,0.2849974350899629
2019-12-07 01:06:00,0.28030771583348724
2019-12-07 01:09:00,0.3718958262893466
2019-12-07 01:12:00,0.37442477391959983
2019-12-07 01:15:00,0.23405792441593576
2019-12-07 01:18:00,0.27482524671052033
2019-12-07 01:21:00,0.3410146588361158
2019-12-07 01:24:00,0.2641216256186567
2019-12-07 01:27:00,0.20626976332005142
2019-12-07 01:30:00,0.3443468824453362
2019-12-07 01:33:00,0.29365572017400154
2019-12-07 01:36:00,0.2729493025247507
2019-12-07 01:39:00,0.323319034020642
2019-12-07 01:42:00,0.3676418802867829
2019-12-07 01:45:00,0.2736161066626437
2019-12-07 01:48:00,0.24998328449208884
2019-12-07 01:51:00,0.305625617021974
2019-12-07 01:54:00,0.3258516384633481
2019-12-07 01:57:00,0.342238444572331
2019-12-07 02:00:00,0.32402864785092333
2019-12-07 02:03:00,0.2057291583647043
2019-12-07 02:06:00,0.33186092739043715
2019-12-07 02:09:00,0.3057014472975652
2019-12-07 02:12:00,0.37682895553820117
2019-12-07 02:15:00,0.3623283424158785
2019-12-07 02:18:00,0.4356081939676528
2019-12-07 02:21:00,0.4113058224788233
2019-12-07 02:24:00,0.3051175487382807
2019-12-07 02:27:00,0.4038456428686459
2019-12-07 02:30:00,0.3559197251509545
2019-12-07 02:33:00,0.35931924924983605
2019-12-07 02:36:00,0.3579672166773662
2019-12-07 02:39:00,0.4058762963578033
2019-12-07 02:42:00,0.4199325635570972
2019-12-07 02:45:00,0.3479853425466217
2019-12-07 02:48:00,0.27726475975981657
2019-12-07 02:51:00,0.36203005360556517
2019-12-07 02:54:00,0.35007146424572966
2019-12-07 02:57:00,0.3467041242267328
2019-12-07 03:00:00,0.27408806365770033
2019-12-07 03:03:00,0.3824976288576636
2019-12-07 03:06:00,0.3365383139397409
2019-12-07 03:09:00,0.3569240980052655
2019-12-07 03:12:00,0.43984314238372235
2019-12-07 03:15:00,0.30370433675324193
2019-12-07 03:18:00,0.28208295506186687
2019-12-07 03:21:00,0.43869482203865573
2019-12-07 03:24:00,0.45482994546290456
2019-12-07 03:27:00,0.3810726233573405
2019-12-07 03:30:00,0.3751124628304865
2019-12-07 03:33:00,0.38787938569907965
2019-12-07 03:36:00,0.4401725144342663
2019-12-07 03:39:00,0.4032376530795432
2019-12-07 03:42:00,0.4194648320629426
2019-12-07 03:45:00,0.36631432286606014
2019-12-07 03:48:00,0.3175433892370165
2019-12-07 03:51:00,0.34239020661880204
2019-12-07 03:54:00,0.45423660157325685
2019-12-07 03:57:00,0.3310200810309425
2019-12-07 04:00:00,0.3750977318302944
2019-12-07 04:03:00,0.4465804544861953
2019-12-07 04:06:00,0.3450433835446347
2019-12-07 04:09:00,0.3396472493067222
2019-12-07 04:12:00,0.3558670151722936
2019-12-07 04:15:00,0.3936396259504704
2019-12-07 04:18:00,0.4232295676976605
2019-12-07 04:21:00,0.3630152335807679
2019-12-07 04:24:00,0.4378487121749117
2019-12-07 04:27:00,0.4601226292844558
2019-12-07 04:30:00,0.47256974976397714
2019-12-07 04:33:00,0.4299820972541397
2019-12-07 04:36:00,0.38159888709856205
2019-12-07 04:39:00,0.4232809333656746
2019-12-07 04:42:00,0.41640105463642385
2019-12-07 04:45:00,0.3764244657232325
2019-12-07 04:48:00,0.35224367854840466
2019-12-07 04:51:00,0.5532137114031457
2019-12-07 04:54:00,0.37067501483431897
2019-12-07 04:57:00,0.41141228882224823
2019-12-07 05:00:00,0.4223748848322657
2019-12-07 05:03:00,0.5005237200295483
2019-12-07 05:06:00,0.3089847029053203
2019-12-07 05:09:00,0.32942338343423216
2019-12-07 05:12:00,0.3904553687729049
2019-12-07 05:15:00,0.3897541699569729
2019-12-07 05:18:00,0.41565364092116397
2019-12-07 05:21:00,0.41055592593085066
2019-12-07 05:24:00,0.3820298906048265
2019-12-07 05:27:00,0.3650907812333912
2019-12-07 05:30:00,0.36024672721492834
2019-12-07 05:33:00,0.4234254719951309
2019-12-07 05:36:00,0.46483747977629264
2019-12-07 05:39:00,0.4165767525472006
2019-12-07 05:42:00,0.4117334892433746
2019-12-07 05:45:00,0.4147351919530138
2019-12-07 05:48:00,0.350723139697493
2019-12-07 05:51:00,0.37000353067458036
2019-12-07 05:54:00,0.32481662863352767
2019-12-07 05:57:00,0.40283919503053767
2019-12-07 06:00:00,0.3866895028317572
2019-12-07 06:03:00,0.4359079589082171
2019-12-07 06:06:00,0.4472054232772962
2019-12-07 06:09:00,0.2819867188367766
2019-12-07 06:12:00,0.4954364436284209
2019-12-07 06:15:00,0.43754581533562487
2019-12-07 06:18:00,0.40942689776630914
2019-12-07 06:21:00,0.4477126757777228
2019-12-07 06:24:00,0.38180525774635043
2019-12-07 06:27:00,0.3006841734439831
2019-12-07 06:30:00,0.43435837462880045
2019-12-07 06:33:00,0.3930304463185621
2019-12-07 06:36:00,0.47876477617899127
2019-12-07 06:39:00,0.5151505428622727
2019-12-07 06:42:00,0.5321401233327947
2019-12-07 06:45:00,0.47501782433278095
2019-12-07 06:48:00,0.43557501752741246
2019-12-07 06:51:00,0.40225013324374004
2019-12-07 06:54:00,0.45361201438413445
2019-12-07 06:57:00,0.3006798008335636
2019-12-07 07:00:00,0.4434336206330727
2019-12-07 07:03:00,0.3679085599090399
2019-12-07 07:06:00,0.3478746196122984
2019-12-07 07:09:00,0.5036551772593612
2019-12-07 07:12:00,0.47934477386479557
2019-12-07 07:15:00,0.41923868858816604
2019-12-07 07:18:00,0.4785561280977504
2019-12-07 07:21:00,0.42779957507605104
2019-12-07 07:24:00,0.47427164517023357
2019-12-07 07:27:00,0.45910521830904827
2019-12-07 07:30:00,0.417944986920304
2019-12-07 07:33:00,0.4346400424901731
2019-12-07 07:36:00,0.35086435474255495
2019-12-07 07:39:00,0.45166426079100574
2019-12-07 07:42:00,0.28834695905396757
2019-12-07 07:45:00,0.4121220977683038
2019-12-07 07:48:00,0.3790351704818704
2019-12-07 07:51:00,0.3605892405018949
2019-12-07 07:54:00,0.3437553547026937
2019-12-07 07:57:00,0.3196152973353037
2019-12-07 08:00:00,0.25805449296831284
2019-12-07 08:03:00,0.33534315211880994
2019-12-07 08:06:00,0.34548434374232784
2019-12-07 08:09:00,0.2900963351821133
2019-12-07 08:12:00,0.3802931568183112
2019-12-07 08:15:00,0.4182288991066798
2019-12-07 08:18:00,0.3369467366501908
2019-12-07 08:21:00,0.322299930643112
2019-12-07 08:24:00,0.36093141240951354
2019-12-07 08:27:00,0.2618210920735464
2019-12-07 08:30:00,0.33952559904940927
2019-12-07 08:33:00,0.32389218785033336
2019-12-07 08:36:00,0.20000411177903743
2019-12-07 08:39:00,0.28460937458703484
2019-12-07 08:42:00,0.2409304754193613
2019-12-07 08:45:00,0.32683644087904895
2019-12-07 08:48:00,0.2954962262375602
2019-12-07 08:51:00,0.29700316402869475
2019-12-07 08:54:00,0.35312862199424444
2019-12-07 08:57:00,0.32080913457792803
2019-12-07 09:00:00,0.26722322306773094
2019-12-07 09:03:00,0.3350144573726652
2019-12-07 09:06:00,0.3829898470103217
2019-12-07 09:09:00,0.2587422490950644
2019-12-07 09:12:00,0.32441960512358037
2019-12-07 09:15:00,0.25204549401541954
2019-12-07 09:18:00,0.3114868503246271
2019-12-07 09:21:00,0.28481764870826964
2019-12-07 09:24:00,0.27687856582292625
2019-12-07 09:27:00,0.2595326580530468
2019-12-07 09:30:00,0.33056296763953696
2019-12-07 09:33:00,0.26875897235976254
2019-12-07 09:36:00,0.26983091137725523
2019-12-07 09:39:00,0.19146163619546996
2019-12-07 09:42:00,0.2981905730428025
2019-12-07 09:45:00,0.18397303082798544
2019-12-07 09:48:00,0.12273061863146495
2019-12-07 09:51:00,0.13468472556326105
2019-12-07 09:54:00,0.23280036615045674
2019-12-07 09:57:00,0.16470510415683748
2019-12-07 10:00:00,0.17213197100215893
2019-12-07 10:03:00,0.2849779572630382
2019-12-07 10:06:00,0.30767770715414144
2019-12-07 10:09:00,0.19721086271994182
2019-12-07 10:12:00,0.32244950466099453
2019-12-07 10:15:00,0.18454130968132176
2019-12-07 10:18:00,0.20262567638087603
2019-12-07 10:21:00,0.19165312539536217
2019-12-07 10:24:00,0.27440938476502197
2019-12-07 10:27:00,0.0611071162004464
2019-12-07 10:30:00,0.19339165822651694
2019-12-07 10:33:00,0.08035875206320497
2019-12-07 10:36:00,0.1632529481763072
2019-12-07 10:39:00,0.2628002969738077
2019-12-07 10:42:00,0.2330288775130498
2019-12-07 10:45:00,0.31164411540959236
2019-12-07 10:48:00,0.33331016379219136
2019-12-07 10:51:00,0.30615620617737704
2019-12-07 10:54:00,0.19323076479844303
2019-12-07 10:57:00,0.2091236796075009
2019-12-07 11:00:00,0.21810686413931535
2019-12-07 11:03:00,0.20288234575855313
2019-12-07 11:06:00,0.15012424512650568
2019-12-07 11:09:00,0.03556800060408705
2019-12-07 11:12:00,0.016753380278885288
2019-12-07 11:15:00,0.09945832632809015
2019-12-07 11:18:00,-0.011493597264006894
2019-12-07 11:21:00,0.04144672001456229
2019-12-07 11:24:00,0.08257477655803314
2019-12-07 11:27:00,0.07783679842242464
2019-12-07 11:30:00,0.09049100784977782
2019-12-07 11:33:00,0.11719927521602358
2019-12-07 11:36:00,0.039335812075819376
2019-12-07 11:39:00,0.008688372997937677
2019-12-07 11:42:00,0.047706929108699114
2019-12-07 11:45:00,-0.07943429192397389
2019-12-07 11:48:00,0.00622141121147024
2019-12-07 11:51:00,0.04835204445481622
2019-12-07 11:54:00,0.00929412565938037
2019-12-07 11:57:00,0.053031511563631284
2019-12-07 12:00:00,0.14020717980008612
2019-12-07 12:03:00,0.03262627488288672
2019-12-07 12:06:00,0.10242526986394296
2019-12-07 12:09:00,0.10735755884775244
2019-12-07 12:12:00,0.10651827730100649
2019-12-07 12:15:00,0.07316580092134473
2019-12-07 12:18:00,0.20851069167486003
2019-12-07 12:21:00,0.15802784875842235
2019-12-07 12:24:00,0.07658132057309786
2019-12-07 12:27:00,0.1742729908962133
2019-12-07 12:30:00,0.16835885291237673
2019-12-07 12:33:00,0.1285851883406508
2019-12-07 12:36:00,0.0712638297218291
2019-12-07 12:39:00,0.18674489998596755
2019-12-07 12:42:00,0.12741235605454904
2019-12-07 12:45:00,0.09192540987169195
2019-12-07 12:48:00,0.09645444570230666
2019-12-07 12:51:00,0.07136830663313276
2019-12-07 12:54:00,0.18792096937374936
2019-12-07 12:57:00,0.12354355747623913
2019-12-07 13:00:00,0.3810997334317108
2019-12-07 13:03:00,0.3171002699176597
2019-12-07 13:06:00,0.43383247106419276
2019-12-07 13:09:00,0.32913870791350064
2019-12-07 13:12:00,0.4091141399793514
2019-12-07 13:15:00,0.37246926743625863
2019-12-07 13:18:00,0.2704262248019518
2019-12-07 13:21:00,0.3833293870510488
2019-12-07 13:24:00,0.39964991844834685
2019-12-07 13:27:00,0.382505322887539
2019-12-07 13:30:00,0.4260855730608455
2019-12-07 13:33:00,0.32251405642773534
2019-12-07 13:36:00,0.35819386429398037
2019-12-07 13:39:00,0.36974614200204314
2019-12-07 13:42:00,0.3557019782239763
2019-12-07 13:45:00,0.40880669933733316
2019-12-07 13:48:00,0.3634718105681145
2019-12-07 13:51:00,0.40337024253415166
2019-12-07 13:54:00,0.4038850315843092
2019-12-07 13:57:00,0.3898343684703036
2019-12-07 14:00:00,0.4019120467006019
2019-12-07 14:03:00,0.4004670965443893
2019-12-07 14:06:00,0.4915917683437101
2019-12-07 14:09:00,0.40394080581421576
2019-12-07 14:12:00,0.4024087682270192
2019-12-07 14:15:00,0.27143150852759845
2019-12-07 14:18:00,0.3103211658216196
2019-12-07 14:21:00,0.3388632165780905
2019-12-07 14:24:00,0.3697717161283549
2019-12-07 14:27:00,0.3382264781274671
2019-12-07 14:30:00,0.4208449998188257
2019-12-07 14:33:00,0.3987735678933291
2019-12-07 14:36:00,0.18679379811948138
2019-12-07 14:39:00,0.1709614109805102
2019-12-07 14:42:00,0.12080893533578774
2019-12-07 14:45:00,0.13450127403467604
2019-12-07 14:48:00,0.14744837349866202
2019-12-07 14:51:00,0.24252312658364872
2019-12-07 14:54:00,0.2828946974505584
2019-12-07 14:57:00,0.4579546765514806
2019-12-07 15:00:00,0.632998825773484
2019-12-07 15:03:00,0.7978647266932626
2019-12-07 15:06:00,0.7518063291340127
2019-12-07 15:09:00,0.5944250693510753
2019-12-07 15:12:00,0.7295423833887185
2019-12-07 15:15:00,0.8486683267059902
2019-12-07 15:18:00,0.7637923876511081
2019-12-07 15:21:00,0.783968578776296
2019-12-07 15:24:00,0.7116466578860354
2019-12-07 15:27:00,0.593224932641931
2019-12-07 15:30:00,0.5960116445335188
2019-12-07 15:33:00,0.5335878212746366
2019-12-07 15:36:00,0.4524387912364318
2019-12-07 15:39:00,0.4008549219401516
2019-12-07 15:42:00,0.4841696482165503
2019-12-07 15:45:00,0.44286557104379654
2019-12-07 15:48:00,0.5300053293729547
2019-12-07 15:51:00,0.43024728792454425
2019-12-07 15:54:00,0.46576147446768346
2019-12-07 15:57:00,0.44363931835283665
2019-12-07 16:00:00,0.5717484766813072
2019-12-07 16:03:00,0.47158663308039195
2019-12-07 16:06:00,0.42439823569196733
2019-12-07 16:09:00,0.5195201766516675
2019-12-07 16:12:00,0.5186871120123442
2019-12-07 16:15:00,0.5160943528278494
2019-12-07 16:18:00,0.5405092165431711
2019-12-07 16:21:00,0.5380017650214768
2019-12-07 16:24:00,0.5160938605663432
2019-12-07 16:27:00,0.4804906224184151
2019-12-07 16:30:00,0.4437444003232258
2019-12-07 16:33:00,0.37114777514045727
2019-12-07 16:36:00,0.533443318242746
2019-12-07 16:39:00,0.3183206707071804
2019-12-07 16:42:00,0.389625915850047
2019-12-07 16:45:00,0.48134620105463455
2019-12-07 16:48:00,0.41889985623362236
2019-12-07 16:51:00,0.45467538344814784
2019-12-07 16:54:00,0.40146499356342247
2019-12-07 16:57:00,0.3884854343368147
2019-12-07 17:00:00,0.33579621727989206
2019-12-07 17:03:00,0.3474758746882003
2019-12-07 17:06:00,0.3632528988275112
2019-12-07 17:09:00,0.41195743874192203
2019-12-07 17:12:00,0.4073967756754655
2019-12-07 17:15:00,0.3701366877331793
2019-12-07 17:18:00,0.37168643641837207
2019-12-07 17:21:00,0.3979918743112876
2019-12-07 17:24:00,0.37431896983605384
2019-12-07 17:27:00,0.4480974614775164
2019-12-07 17:30:00,0.4446290718603336
2019-12-07 17:33:00,0.4097238687552931
2019-12-07 17:36:00,0.3510342234794166
2019-12-07 17:39:00,0.4405895729526037
2019-12-07 17:42:00,0.3364282514230581
2019-12-07 17:45:00,0.3390255734373113
2019-12-07 17:48:00,0.41943762724105227
2019-12-07 17:51:00,0.48246774474228005
2019-12-07 17:54:00,0.36281408698158657
2019-12-07 17:57:00,0.41270530505869374
2019-12-07 18:00:00,0.3888610520809834
2019-12-07 18:03:00,0.3197179441721687
2019-12-07 18:06:00,0.36770127066438363
2019-12-07 18:09:00,0.404329114999598
2019-12-07 18:12:00,0.3601539567075065
2019-12-07 18:15:00,0.34397681212567477
2019-12-07 18:18:00,0.44676759437112423
2019-12-07 18:21:00,0.2817064890852521
2019-12-07 18:24:00,0.3087258441595395
2019-12-07 18:27:00,0.2954153251940852
2019-12-07 18:30:00,0.3295995996593888
2019-12-07 18:33:00,0.2983877245263784
2019-12-07 18:36:00,0.2847213341722181
2019-12-07 18:39:00,0.33220168625160795
2019-12-07 18:42:00,0.34972067516639527
2019-12-07 18:45:00,0.3485883113219188
2019-12-07 18:48:00,0.2926412681648003
2019-12-07 18:51:00,0.4228327480926737
2019-12-07 18:54:00,0.47423181832419914
2019-12-07 18:57:00,
2019-12-07 19:00:00,
2019-12-07 19:03:00,0.40434810911267505
2019-12-07 19:06:00,0.4156440836046613
2019-12-07 19:09:00,0.38298908139876175
2019-12-07 19:12:00,0.4789832470434021
2019-12-07 19:15:00,0.4293165664483922
2019-12-07 19:18:00,0.40149365915357293
2019-12-07 19:21:00,0.3981209014420415
2019-12-07 19:24:00,0.4174789512747452
2019-12-07 19:27:00,0.5044607314858354
2019-12-07 19:30:00,0.43238935703158177
2019-12-07 19:33:00,0.4444727025373254
2019-12-07 19:36:00,0.39964464659141186
2019-12-07 19:39:00,0.3821297004103599
2019-12-07 19:42:00,0.4004774213597102
2019-12-07 19:45:00,0.4128695792509234
2019-12-07 19:48:00,0.3927010012257597
2019-12-07 19:51:00,0.3905981941616119
2019-12-07 19:54:00,0.44157888383483623
2019-12-07 19:57:00,0.4102098724553116
2019-12-07 20:00:00,0.41580738341673396
2019-12-07 20:03:00,0.44795153699686807
2019-12-07 20:06:00,0.43136915740643644
2019-12-07 20:09:00,0.4273579803727898
2019-12-07 20:12:00,0.3296637425175959
2019-12-07 20:15:00,0.4198509329697231
2019-12-07 20:18:00,0.46513905000011846
2019-12-07 20:21:00,0.3809068679347547
2019-12-07 20:24:00,0.43345420752109476
2019-12-07 20:27:00,0.4700676263189507
2019-12-07 20:30:00,0.4170645913563362
2019-12-07 20:33:00,0.4401152203313359
2019-12-07 20:36:00,0.4107628568388577
2019-12-07 20:39:00,0.4288727287199663
2019-12-07 20:42:00,0.4775642028940297
2019-12-07 20:45:00,0.47807599717913263
2019-12-07 20:48:00,0.46811466410440516
2019-12-07 20:51:00,0.41771719773601035
2019-12-07 20:54:00,0.5121743829990919
2019-12-07 20:57:00,0.500230358351871
2019-12-07 21:00:00,0.542099460620534
2019-12-07 21:03:00,0.47293572095304626
2019-12-07 21:06:00,0.44571439726627204
2019-12-07 21:09:00,0.49019184327278253
2019-12-07 21:12:00,0.5341487488799999
2019-12-07 21:15:00,0.5394020985969519
2019-12-07 21:18:00,0.5549082997573578
2019-12-07 21:21:00,0.6190093873216824
2019-12-07 21:24:00,0.49799290585076506
2019-12-07 21:27:00,0.5108928262815766
2019-12-07 21:30:00,0.5538200995645752
2019-12-07 21:33:00,0.5528073295556055
2019-12-07 21:36:00,0.48627953562936455
2019-12-07 21:39:00,0.6046550934273682
2019-12-07 21:42:00,0.552811545620898
2019-12-07 21:45:00,0.5902191170687274
2019-12-07 21:48:00,0.40864427184556007
2019-12-07 21:51:00,0.5239236306614998
2019-12-07 21:54:00,0.5308885079885499
2019-12-07 21:57:00,0.44819357067177634
2019-12-07 22:00:00,0.4380020695554663
2019-12-07 22:03:00,0.6082048088144916
2019-12-07 22:06:00,0.5031896125424851
2019-12-07 22:09:00,0.4920698216891424
2019-12-07 22:12:00,0.46291324918900045
2019-12-07 22:15:00,0.600183812101875
2019-12-07 22:18:00,0.4665836838908035
2019-12-07 22:21:00,0.44348958111595493
2019-12-07 22:24:00,0.5867739959246592
2019-12-07 22:27:00,0.48205761296202354
2019-12-07 22:30:00,0.5083250489475404
2019-12-07 22:33:00,0.48187261061070785
2019-12-07 22:36:00,0.6029008073511477
2019-12-07 22:39:00,0.5999891823148573
2019-12-07 22:42:00,0.4825284307819402
2019-12-07 22:45:00,0.5431759850524713
2019-12-07 22:48:00,0.5194325841386558
2019-12-07 22:51:00,0.5324268598036497
2019-12-07 22:54:00,0.4587959917628268
2019-12-07 22:57:00,0.5918620267183883
2019-12-07 23:00:00,0.5625937709356776
2019-12-07 23:03:00,0.5249089323775138
2019-12-07 23:06:00,0.5197202669902481
2019-12-07 23:09:00,0.5028694089688202
2019-12-07 23:12:00,0.6184692596485206
2019-12-07 23:15:00,0.4804302541164134
2019-12-07 23:18:00,0.4872169631461247
2019-12-07 23:21:00,0.5822558513868898
2019-12-07 23:24:00,0.540200096962792
2019-12-07 23:27:00,0.5391072522790523
2019-12-07 23:30:00,0.5369393386508818
2019-12-07 23:33:00,0.5774684971176498
2019-12-07 23:36:00,0.5592016870502334
2019-12-07 23:39:00,0.5933602695499758
2019-12-07 23:42:00,0.5797581311714453
2019-12-07 23:45:00,0.519252978043653
2019-12-07 23:48:00,0.628926015273862
2019-12-07 23:51:00,0.495708177295171
2019-12-07 23:54:00,0.6084200167955487
2019-12-07 23:57:00,0.5357530426775838
2019-12-08 00:00:00,0.6041760100985698
2019-12-08 00:03:00,0.5555004368063692
2019-12-08 00:06:00,0.5925628828462663
2019-12-08 00:09:00,0.5489703598064466
2019-12-08 00:12:00,0.6219461453749773
2019-12-08 00:15:00,0.5515067871794486
2019-12-08 00:18:00,0.5794670754243612
2019-12-08 00:21:00,0.5253731407395321
2019-12-08 00:24:00,0.5563310952551888
2019-12-08 00:27:00,0.5055178194120913
2019-12-08 00:30:00,0.5642403414148589
2019-12-08 00:33:00,0.4874984528841537
2019-12-08 00:36:00,0.43637934702911707
2019-12-08 00:39:00,0.6499164017018302
2019-12-08 00:42:00,0.5776263016404641
2019-12-08 00:45:00,0.6292002957364957
2019-12-08 00:48:00,0.6547464111582713
2019-12-08 00:51:00,0.6203120152997599
2019-12-08 00:54:00,0.6528394945100899
2019-12-08 00:57:00,0.5913163154268091
2019-12-08 01:00:00,0.6017810756762856
2019-12-08 01:03:00,0.5648193456825652
2019-12-08 01:06:00,0.5777342370645897
2019-12-08 01:09:00,0.606120610139044
2019-12-08 01:12:00,0.6080576220297189
2019-12-08 01:15:00,0.6410199551504547
2019-12-08 01:18:00,0.5105938101976903
2019-12-08 01:21:00,0.487150713365736
2019-12-08 01:24:00,0.6021884351133053
2019-12-08 01:27:00,0.6151611751517976
2019-12-08 01:30:00,0.5636034680061357
2019-12-08 01:33:00,0.5933807207965742
2019-12-08 01:36:00,0.636027230817831
2019-12-08 01:39:00,0.538143553382838
2019-12-08 01:42:00,0.5669514551708517
2019-12-08 01:45:00,0.6297772721002275
2019-12-08 01:48:00,0.578447016506118
2019-12-08 01:51:00,0.6266435914545809
2019-12-08 01:54:00,0.5175199016806005
2019-12-08 01:57:00,0.5694167462544328
2019-12-08 02:00:00,0.5204261319161105
2019-12-08 02:03:00,0.5887721812704285
2019-12-08 02:06:00,0.5589640904924522
2019-12-08 02:09:00,0.5247620783529214
2019-12-08 02:12:00,0.5648272139200685
2019-12-08 02:15:00,0.6150233245096501
2019-12-08 02:18:00,0.5776765584357122
2019-12-08 02:21:00,0.6120628085060957
2019-12-08 02:24:00,0.5880458167550273
2019-12-08 02:27:00,0.6052576307700974
2019-12-08 02:30:00,0.5777251590245669
2019-12-08 02:33:00,0.5896318502980762
2019-12-08 02:36:00,0.5570058032915881
2019-12-08 02:39:00,0.6061759210355717
2019-12-08 02:42:00,0.5248208470720783
2019-12-08 02:45:00,0.6260506949379305
2019-12-08 02:48:00,0.6920220841417404
2019-12-08 02:51:00,0.6368242532561226
2019-12-08 02:54:00,0.6294475041798933
2019-12-08 02:57:00,0.5397289355019552
2019-12-08 03:00:00,0.5917658643567165
2019-12-08 03:03:00,0.6317119792120138
2019-12-08 03:06:00,0.5578534726122371
2019-12-08 03:09:00,0.6440848252102569
2019-12-08 03:12:00,0.611956010256165
2019-12-08 03:15:00,0.5904050738221827
2019-12-08 03:18:00,0.5752359177184871
2019-12-08 03:21:00,0.599344924739853
2019-12-08 03:24:00,0.7441113328419533
2019-12-08 03:27:00,0.7123676234609206
2019-12-08 03:30:00,0.6438896769501525
2019-12-08 03:33:00,0.6060125949799726
2019-12-08 03:36:00,0.6876250442783771
2019-12-08 03:39:00,0.6182992848688968
2019-12-08 03:42:00,0.6067663825650698
2019-12-08 03:45:00,0.5886676395143127
2019-12-08 03:48:00,0.6757106331893397
2019-12-08 03:51:00,0.6514278345802609
2019-12-08 03:54:00,0.6216733877169531
2019-12-08 03:57:00,0.6071811538967609
2019-12-08 04:00:00,0.7459426112981191
2019-12-08 04:03:00,0.707941923957037
2019-12-08 04:06:00,0.6978960306960289
2019-12-08 04:09:00,0.7800081903272371
2019-12-08 04:12:00,0.6358001335327685
2019-12-08 04:15:00,0.8030293978626446
2019-12-08 04:18:00,0.6902872143909349
2019-12-08 04:21:00,0.638274539953386
2019-12-08 04:24:00,0.7033736239762334
2019-12-08 04:27:00,0.7825494667595194
2019-12-08 04:30:00,0.7562606058622237
2019-12-08 04:33:00,0.6841050493798662
2019-12-08 04:36:00,0.7101521467234875
2019-12-08 04:39:00,0.6913435794198222
2019-12-08 04:42:00,0.6229008373221632
2019-12-08 04:45:00,0.6940204916323296
2019-12-08 04:48:00,0.6379036673720293
2019-12-08 04:51:00,0.6201579832793414
2019-12-08 04:54:00,0.6256691222167206
2019-12-08 04:57:00,0.6147902716300564
2019-12-08 05:00:00,0.5723752034435847
2019-12-08 05:03:00,0.6503662292149102
2019-12-08 05:06:00,0.6355940274385148
2019-12-08 05:09:00,0.5421120204815111
2019-12-08 05:12:00,0.6397765458565914
2019-12-08 05:15:00,0.7155415782470413
2019-12-08 05:18:00,0.6562832114287289
2019-12-08 05:21:00,0.6945777213969109
2019-12-08 05:24:00,0.6880422816163332
2019-12-08 05:27:00,0.678174129056913
2019-12-08 05:30:00,0.6754937502822145
2019-12-08 05:33:00,0.6751180714879865
2019-12-08 05:36:00,0.6874553697181227
2019-12-08 05:39:00,0.6833313759553903
2019-12-08 05:42:00,0.700720414204568
2019-12-08 05:45:00,0.7267656839849792
2019-12-08 05:48:00,0.6924831338886861
2019-12-08 05:51:00,0.7001799247168492
2019-12-08 05:54:00,0.6171095543417664
2019-12-08 05:57:00,0.6938154886398138
2019-12-08 06:00:00,0.7179172661166149
2019-12-08 06:03:00,0.761778630069216
2019-12-08 06:06:00,0.7350961966199634
2019-12-08 06:09:00,0.674152912338343
2019-12-08 06:12:00,0.748779092788709
2019-12-08 06:15:00,0.7532036860190487
2019-12-08 06:18:00,0.7288083391965188
2019-12-08 06:21:00,0.6937637749667829
2019-12-08 06:24:00,0.5483955382969157
2019-12-08 06:27:00,0.7276039700701062
2019-12-08 06:30:00,0.7066338882287369
2019-12-08 06:33:00,0.7018030747803436
2019-12-08 06:36:00,0.7195478159532058
2019-12-08 06:39:00,0.7161877730251831
2019-12-08 06:42:00,0.7173423473066691
2019-12-08 06:45:00,0.6422363783598257
2019-12-08 06:48:00,0.6485302108322344
2019-12-08 06:51:00,0.7259921524111519
2019-12-08 06:54:00,0.6437379086970623
2019-12-08 06:57:00,0.7030548399575309
2019-12-08 07:00:00,0.6391430014704156
2019-12-08 07:03:00,0.7988445666981079
2019-12-08 07:06:00,0.6418091225890521
2019-12-08 07:09:00,0.6938545215410841
2019-12-08 07:12:00,0.7010392912030738
2019-12-08 07:15:00,0.6739857390807629
2019-12-08 07:18:00,0.6171339536385858
2019-12-08 07:21:00,0.7132291925142908
2019-12-08 07:24:00,0.7762060422791706
2019-12-08 07:27:00,0.7116013887138024
2019-12-08 07:30:00,0.6951533556173786
2019-12-08 07:33:00,0.6939259315172421
2019-12-08 07:36:00,0.7569734399697836
2019-12-08 07:39:00,0.7357519031132824
2019-12-08 07:42:00,0.6830299543369165
2019-12-08 07:45:00,0.7242793722787155
2019-12-08 07:48:00,0.6409275180276381
2019-12-08 07:51:00,0.6218209646275454
2019-12-08 07:54:00,0.6426219375102846
2019-12-08 07:57:00,0.6789783539006748
2019-12-08 08:00:00,0.5842221266604497
2019-12-08 08:03:00,0.6759989366398145
2019-12-08 08:06:00,0.5342746148855895
2019-12-08 08:09:00,0.6119380806770209
2019-12-08 08:12:00,0.5743990287398901
2019-12-08 08:15:00,0.6380218559525019
2019-12-08 08:18:00,0.5967240026598688
2019-12-08 08:21:00,0.6594827246987052
2019-12-08 08:24:00,0.6421817317732348
2019-12-08 08:27:00,0.7527988694873784
2019-12-08 08:30:00,0.7055005052492902
2019-12-08 08:33:00,0.6609937922887639
2019-12-08 08:36:00,0.5863958468824535
2019-12-08 08:39:00,0.6282958851825242
2019-12-08 08:42:00,0.6979546452394061
2019-12-08 08:45:00,0.6015155352545207
2019-12-08 08:48:00,0.7449668991617955
2019-12-08 08:51:00,0.6716717624817647
2019-12-08 08:54:00,0.688783341330236
2019-12-08 08:57:00,0.6524265819284665
2019-12-08 09:00:00,0.5499475570895811
2019-12-08 09:03:00,0.5762673857129812
2019-12-08 09:06:00,0.6186729637213375
2019-12-08 09:09:00,0.5516565498278396
2019-12-08 09:12:00,0.5262992133337434
2019-12-08 09:15:00,0.6424443231207988
2019-12-08 09:18:00,0.5822675605014069
2019-12-08 09:21:00,0.567125105980665
2019-12-08 09:24:00,0.49753062270178816
2019-12-08 09:27:00,0.6287842427131523
2019-12-08 09:30:00,0.58769352444574
2019-12-08 09:33:00,0.5811304105173463
2019-12-08 09:36:00,0.49511289114798274
2019-12-08 09:39:00,0.5770107571905783
2019-12-08 09:42:00,0.5894287149668571
2019-12-08 09:45:00,0.49096256794666715
2019-12-08 09:48:00,0.4525761683365772
2019-12-08 09:51:00,0.49146000229984566
2019-12-08 09:54:00,0.49212460845376427
2019-12-08 09:57:00,0.5934900578384941
2019-12-08 10:00:00,0.5609775018765504
2019-12-08 10:03:00,0.4482681687779859
2019-12-08 10:06:00,0.5585800101176233
2019-12-08 10:09:00,0.548268623414117
2019-12-08 10:12:00,0.48036224013316087
2019-12-08 10:15:00,0.5111051679560887
2019-12-08 10:18:00,0.43074365847564877
2019-12-08 10:21:00,0.33269847105714234
2019-12-08 10:24:00,0.437787739534258
2019-12-08 10:27:00,0.4928932039662186
2019-12-08 10:30:00,0.41288656475700236
2019-12-08 10:33:00,0.3401526021760901
2019-12-08 10:36:00,0.47268683492944774
2019-12-08 10:39:00,0.40592247865293984
2019-12-08 10:42:00,0.37355652177865295
2019-12-08 10:45:00,0.3524809877970938
2019-12-08 10:48:00,0.2867578594753013
2019-12-08 10:51:00,0.3835254427507948
2019-12-08 10:54:00,0.3710089408304498
2019-12-08 10:57:00,0.4331780170801949
2019-12-08 11:00:00,0.355661854323273
2019-12-08 11:03:00,0.4120050732117875
2019-12-08 11:06:00,0.39996700374075544
2019-12-08 11:09:00,0.22033105894473692
2019-12-08 11:12:00,0.3376705130411324
2019-12-08 11:15:00,0.3579202933495367
2019-12-08 11:18:00,0.37904354672792806
2019-12-08 11:21:00,0.4314705396309364
2019-12-08 11:24:00,0.3918344852790483
2019-12-08 11:27:00,0.33445045548307917
2019-12-08 11:30:00,0.2687155811972275
2019-12-08 11:33:00,0.24363206662371795
2019-12-08 11:36:00,0.303426995469124
2019-12-08 11:39:00,0.2501127981362856
2019-12-08 11:42:00,0.30696023889458957
2019-12-08 11:45:00,0.31553443944636683
2019-12-08 11:48:00,0.19649015961630312
2019-12-08 11:51:00,0.30049451555987616
2019-12-08 11:54:00,0.4364521772094463
2019-12-08 11:57:00,0.4368970943199315
2019-12-08 12:00:00,0.30609372751587216
2019-12-08 12:03:00,0.4110478671891542
2019-12-08 12:06:00,0.31948950614014393
2019-12-08 12:09:00,0.280891718278383
2019-12-08 12:12:00,0.20985610323424453
2019-12-08 12:15:00,0.24826746482688122
2019-12-08 12:18:00,0.2439547516067364
2019-12-08 12:21:00,0.29576639823307005
2019-12-08 12:24:00,0.33776858338427473
2019-12-08 12:27:00,0.3819616842241089
2019-12-08 12:30:00,0.40168605423275494
2019-12-08 12:33:00,0.3445533012231863
2019-12-08 12:36:00,0.27219657390770635
2019-12-08 12:39:00,0.3919521644127144
2019-12-08 12:42:00,0.38863587752126705
2019-12-08 12:45:00,0.4624261603697164
2019-12-08 12:48:00,0.2908153044617734
2019-12-08 12:51:00,0.4086165885896662
2019-12-08 12:54:00,0.36475674682179715
2019-12-08 12:57:00,0.3867433316991651
2019-12-08 13:00:00,0.2870069966229494
2019-12-08 13:03:00,0.2995804273736553
2019-12-08 13:06:00,0.20444968924493878
2019-12-08 13:09:00,0.30007182706020785
2019-12-08 13:12:00,0.3160638421350086
2019-12-08 13:15:00,0.2678003443314765
2019-12-08 13:18:00,0.2784622648190407
2019-12-08 13:21:00,0.30399160407472436
2019-12-08 13:24:00,0.23120565107177526
2019-12-08 13:27:00,0.24745632475566026
2019-12-08 13:30:00,0.1708716127985781
2019-12-08 13:33:00,0.17814839079125022
2019-12-08 13:36:00,0.18368193829303436
2019-12-08 13:39:00,0.2390464320881165
2019-12-08 13:42:00,0.1039666215213515
2019-12-08 13:45:00,0.15528205277115603
2019-12-08 13:48:00,0.18483962528182474
2019-12-08 13:51:00,0.2518766360427094
2019-12-08 13:54:00,0.24555430451374605
2019-12-08 13:57:00,0.22117293999929188
2019-12-08 14:00:00,0.11840051793399198
2019-12-08 14:03:00,0.12405988738726137
2019-12-08 14:06:00,-0.0073683453578041735
2019-12-08 14:09:00,0.11278086545121369
2019-12-08 14:12:00,0.01094135675475627
2019-12-08 14:15:00,-0.034832314564766875
2019-12-08 14:18:00,-0.09549656476281143
2019-12-08 14:21:00,-0.11778884261150324
2019-12-08 14:24:00,-0.07014905697457152
2019-12-08 14:27:00,-0.08693817700242334
2019-12-08 14:30:00,-0.0032625406830675274
2019-12-08 14:33:00,-0.043638404514979356
2019-12-08 14:36:00,-0.12360740862305875
2019-12-08 14:39:00,0.006135822047156125
2019-12-08 14:42:00,-0.09504869873808275
2019-12-08 14:45:00,-0.12358066549694513
2019-12-08 14:48:00,-0.028737149876860713
2019-12-08 14:51:00,-0.06408232226675636
2019-12-08 14:54:00,-0.003700702340836415
2019-12-08 14:57:00,-0.06257218657435715
2019-12-08 15:00:00,-0.021501853085851508
2019-12-08 15:03:00,0.004645299129663272
2019-12-08 15:06:00,0.04523010822077822
2019-12-08 15:09:00,-0.032142834364890405
2019-12-08 15:12:00,0.004828199073813266
2019-12-08 15:15:00,-0.025464892550985496
2019-12-08 15:18:00,-0.04628297267288417
2019-12-08 15:21:00,-0.08083328267741763
2019-12-08 15:24:00,0.08407438719433458
2019-12-08 15:27:00,0.20966071256486885
2019-12-08 15:30:00,0.19800877862780908
2019-12-08 15:33:00,0.10118899623631705
2019-12-08 15:36:00,0.13109998197586492
2019-12-08 15:39:00,0.13677343934438113
2019-12-08 15:42:00,0.07226897773409746
2019-12-08 15:45:00,0.04696254035252423
2019-12-08 15:48:00,0.22612062175676328
2019-12-08 15:51:00,0.24339556553798047
2019-12-08 15:54:00,0.3017281051465375
2019-12-08 15:57:00,0.17224676866300115
2019-12-08 16:00:00,0.28796316012147827
2019-12-08 16:03:00,0.2578735232041254
2019-12-08 16:06:00,0.2578751367663017
2019-12-08 16:09:00,0.3465201236865596
2019-12-08 16:12:00,0.19925929142993937
2019-12-08 16:15:00,0.15408932903500272
2019-12-08 16:18:00,0.02524906774056035
2019-12-08 16:21:00,0.14672008401720404
2019-12-08 16:24:00,0.12109726994179937
2019-12-08 16:27:00,0.12777204238864215
2019-12-08 16:30:00,0.1301211139930274
2019-12-08 16:33:00,0.13460871726260848
2019-12-08 16:36:00,0.09747151434413581
2019-12-08 16:39:00,0.06205060789915251
2019-12-08 16:42:00,0.19057082654245505
2019-12-08 16:45:00,0.04180318733170907
2019-12-08 16:48:00,-0.013470049653790284
2019-12-08 16:51:00,0.0707688895564047
2019-12-08 16:54:00,-0.008101557640543433
2019-12-08 16:57:00,0.0608636406047367
2019-12-08 17:00:00,0.13913256274327068
2019-12-08 17:03:00,0.1529814888135661
2019-12-08 17:06:00,0.16203788385740836
2019-12-08 17:09:00,0.199269982012936
2019-12-08 17:12:00,0.2310089428020774
2019-12-08 17:15:00,0.11957079136914217
2019-12-08 17:18:00,0.21670102125028734
2019-12-08 17:21:00,0.19490583564896724
2019-12-08 17:24:00,0.17528669487290927
2019-12-08 17:27:00,0.15427880960993434
2019-12-08 17:30:00,0.1641127055500533
2019-12-08 17:33:00,0.1678384306126759
2019-12-08 17:36:00,0.14612938522583363
2019-12-08 17:39:00,0.1466952193617317
2019-12-08 17:42:00,0.12311935070454183
2019-12-08 17:45:00,0.1187901204647801
2019-12-08 17:48:00,0.24931260573850977
2019-12-08 17:51:00,0.2106181473208153
2019-12-08 17:54:00,0.22250419167943392
2019-12-08 17:57:00,0.1258418624637443
2019-12-08 18:00:00,0.10324606477888665
2019-12-08 18:03:00,0.13074635106067944
2019-12-08 18:06:00,0.1359465461059699
2019-12-08 18:09:00,0.2202425263534451
2019-12-08 18:12:00,0.29004172115105575
2019-12-08 18:15:00,0.29155175052591176
2019-12-08 18:18:00,0.31722821912700283
2019-12-08 18:21:00,0.2550034721804195
2019-12-08 18:24:00,0.22440248626082848
2019-12-08 18:27:00,0.3321745062766581
2019-12-08 18:30:00,0.3127026059570426
2019-12-08 18:33:00,0.25838404163863515
2019-12-08 18:36:00,0.3435987852448079
2019-12-08 18:39:00,0.3887135385960505
2019-12-08 18:42:00,0.31677204292282113
2019-12-08 18:45:00,0.27836589075042184
2019-12-08 18:48:00,0.27279024975604216
2019-12-08 18:51:00,0.2575047846445955
2019-12-08 18:54:00,0.33587175612501596
2019-12-08 18:57:00,0.15468771275760673
2019-12-08 19:00:00,0.40515098247908554
2019-12-08 19:03:00,0.30344906456326726
2019-12-08 19:06:00,0.2578392521237447
2019-12-08 19:09:00,0.36605278540366726
2019-12-08 19:12:00,0.33721062011113645
2019-12-08 19:15:00,0.3731182185778721
2019-12-08 19:18:00,0.3446739535628467
2019-12-08 19:21:00,0.257035322222805
2019-12-08 19:24:00,0.3302868993752668
2019-12-08 19:27:00,0.275714919609527
2019-12-08 19:30:00,0.37688128806559007
2019-12-08 19:33:00,0.3414790309657292
2019-12-08 19:36:00,0.3319124665823665
2019-12-08 19:39:00,0.3388392196371228
2019-12-08 19:42:00,0.3164762596769606
2019-12-08 19:45:00,0.3496363506118314
2019-12-08 19:48:00,0.26293207931223606
2019-12-08 19:51:00,0.27823109358286047
2019-12-08 19:54:00,0.3784203125104568
2019-12-08 19:57:00,0.2604721033605415
2019-12-08 20:00:00,0.34078398417523204
2019-12-08 20:03:00,0.37090471793112556
2019-12-08 20:06:00,0.2768477950450574
2019-12-08 20:09:00,0.3600907800222899
2019-12-08 20:12:00,0.35613465786587994
2019-12-08 20:15:00,0.30752883750557203
2019-12-08 20:18:00,0.41870130295757235
2019-12-08 20:21:00,0.305905325131107
2019-12-08 20:24:00,0.2955357773671494
2019-12-08 20:27:00,0.24413885336883823
2019-12-08 20:30:00,0.3095098276434669
2019-12-08 20:33:00,0.3144086733289555
2019-12-08 20:36:00,0.3774192441397872
2019-12-08 20:39:00,0.23186569695712933
2019-12-08 20:42:00,0.31051720748047273
2019-12-08 20:45:00,0.33593336681110486
2019-12-08 20:48:00,0.39473228307929276
2019-12-08 20:51:00,0.3570277640029076
2019-12-08 20:54:00,0.39421519840982455
2019-12-08 20:57:00,0.3877370923963781
2019-12-08 21:00:00,0.37556446953766454
2019-12-08 21:03:00,0.37710152788667983
2019-12-08 21:06:00,0.3899451139203052
2019-12-08 21:09:00,0.4226298800408017
2019-12-08 21:12:00,0.4741548053132192
2019-12-08 21:15:00,0.4611894463388353
2019-12-08 21:18:00,0.34075108328761416
2019-12-08 21:21:00,0.39931542031956724
2019-12-08 21:24:00,0.42663360680836604
2019-12-08 21:27:00,0.36181549200807694
2019-12-08 21:30:00,0.4516442268172227
2019-12-08 21:33:00,0.5255930949251706
2019-12-08 21:36:00,0.41779494653252414
2019-12-08 21:39:00,0.39223092467960896
2019-12-08 21:42:00,0.4871559382060582
2019-12-08 21:45:00,0.38595213110761506
2019-12-08 21:48:00,0.4777097441986484
2019-12-08 21:51:00,0.40451104560156637
2019-12-08 21:54:00,0.4603823908665845
2019-12-08 21:57:00,0.506586102536005
2019-12-08 22:00:00,0.25935495133609265
2019-12-08 22:03:00,0.40837111559869754
2019-12-08 22:06:00,0.3470200885357144
2019-12-08 22:09:00,0.4534717529041927
2019-12-08 22:12:00,0.4079641817949664
2019-12-08 22:15:00,0.4929056809685335
2019-12-08 22:18:00,0.47734580222640943
2019-12-08 22:21:00,0.37432174779968364
2019-12-08 22:24:00,0.5342533160006155
2019-12-08 22:27:00,0.46727437678868
2019-12-08 22:30:00,0.48195981083671313
2019-12-08 22:33:00,0.46774846978087226
2019-12-08 22:36:00,0.5602520454712021
2019-12-08 22:39:00,0.41131802556833463
2019-12-08 22:42:00,0.5229729723506011
2019-12-08 22:45:00,0.4810174896736612
2019-12-08 22:48:00,0.44736615997823037
2019-12-08 22:51:00,0.528030766641848
2019-12-08 22:54:00,0.4255664656837439
2019-12-08 22:57:00,0.4855453121559776
2019-12-08 23:00:00,0.36404554717069004
2019-12-08 23:03:00,0.5299812412666824
2019-12-08 23:06:00,0.44778476421834057
2019-12-08 23:09:00,0.40488013412505097
2019-12-08 23:12:00,0.522304878767784
2019-12-08 23:15:00,0.41492958108716493
2019-12-08 23:18:00,0.5014627456437779
2019-12-08 23:21:00,0.5085507074453517
2019-12-08 23:24:00,0.48207151170413454
2019-12-08 23:27:00,0.37444761262059956
2019-12-08 23:30:00,0.5423032533678906
2019-12-08 23:33:00,0.41576875650793
2019-12-08 23:36:00,0.4621647712384629
2019-12-08 23:39:00,0.4083193466532862
2019-12-08 23:42:00,0.46185265319053315
2019-12-08 23:45:00,0.45421573667226767
2019-12-08 23:48:00,0.5313786658990693
2019-12-08 23:51:00,0.4764853564039413
2019-12-08 23:54:00,0.47413238324639906
2019-12-08 23:57:00,0.5922887165613133
2019-12-09 00:00:00,0.5420264454764379
2019-12-09 00:03:00,0.46284282545065025
2019-12-09 00:06:00,0.49623915487512704
2019-12-09 00:09:00,0.4746553118960719
2019-12-09 00:12:00,0.40259593367989055
2019-12-09 00:15:00,0.5213875499146639
2019-12-09 00:18:00,0.5024308343775488
2019-12-09 00:21:00,0.40442293407517127
2019-12-09 00:24:00,0.5113565811575427
2019-12-09 00:27:00,0.5409058945577385
2019-12-09 00:30:00,0.47468851104559917
2019-12-09 00:33:00,0.37154851681810896
2019-12-09 00:36:00,0.4483648794563351
2019-12-09 00:39:00,0.4380682750535243
2019-12-09 00:42:00,0.4141416635623614
2019-12-09 00:45:00,0.4499441619221898
2019-12-09 00:48:00,0.4729054877171279
2019-12-09 00:51:00,0.43849245301282735
2019-12-09 00:54:00,0.4135720447162612
2019-12-09 00:57:00,0.5049127531527802
2019-12-09 01:00:00,0.4175193624737972
2019-12-09 01:03:00,0.445967488754377
2019-12-09 01:06:00,0.4642038978735741
2019-12-09 01:09:00,0.48454584817125124
2019-12-09 01:12:00,0.45545391363714316
2019-12-09 01:15:00,0.33733847719452115
2019-12-09 01:18:00,0.42241296856775534
2019-12-09 01:21:00,0.48720026145178963
2019-12-09 01:24:00,0.41059628743425947
2019-12-09 01:27:00,0.4639431770063993
2019-12-09 01:30:00,0.4980907531218577
2019-12-09 01:33:00,0.3954753748959092
2019-12-09 01:36:00,0.4085387551243116
2019-12-09 01:39:00,0.473920645105693
2019-12-09 01:42:00,0.4289787566145833
2019-12-09 01:45:00,0.4981278867509218
2019-12-09 01:48:00,0.3226799544785308
2019-12-09 01:51:00,0.4562235758638167
2019-12-09 01:54:00,0.5275422199912896
2019-12-09 01:57:00,0.40920657948885264
2019-12-09 02:00:00,0.4039791387791638
2019-12-09 02:03:00,0.3927961459564244
2019-12-09 02:06:00,0.3698181859668921
2019-12-09 02:09:00,0.45357972837967964
2019-12-09 02:12:00,0.4468651625530242
2019-12-09 02:15:00,0.4114022437469771
2019-12-09 02:18:00,0.42244942242638217
2019-12-09 02:21:00,0.46172311786671116
2019-12-09 02:24:00,0.4738129200973731
2019-12-09 02:27:00,0.4354529055477201
2019-12-09 02:30:00,0.4241477886971552
2019-12-09 02:33:00,0.405432168296727
2019-12-09 02:36:00,0.4642718546331821
2019-12-09 02:39:00,0.49612572226010343
2019-12-09 02:42:00,0.4982685481261342
2019-12-09 02:45:00,0.40795640844714853
2019-12-09 02:48:00,0.47450324228429963
2019-12-09 02:51:00,0.5120306402083656
2019-12-09 02:54:00,0.5962250207849706
2019-12-09 02:57:00,0.46577576720773095
2019-12-09 03:00:00,0.40939001221909166
2019-12-09 03:03:00,0.5015779540085532
2019-12-09 03:06:00,0.5061957751539694
2019-12-09 03:09:00,0.42680891548724276
2019-12-09 03:12:00,0.45202584522257894
2019-12-09 03:15:00,0.44223680760734396
2019-12-09 03:18:00,0.4171562841120249
2019-12-09 03:21:00,0.3867595388738323
2019-12-09 03:24:00,0.5091175152071514
2019-12-09 03:27:00,0.43373338002402306
2019-12-09 03:30:00,0.4153985839017764
2019-12-09 03:33:00,0.4750861978760099
2019-12-09 03:36:00,0.4447037812792587
2019-12-09 03:39:00,0.4862618129948828
2019-12-09 03:42:00,0.5172492021582116
2019-12-09 03:45:00,0.5038404967846759
2019-12-09 03:48:00,0.4703920413643914
2019-12-09 03:51:00,0.43691309434063896
2019-12-09 03:54:00,0.5863994101482604
2019-12-09 03:57:00,0.5565361863602902
2019-12-09 04:00:00,0.5020294148046673
2019-12-09 04:03:00,0.479709873065417
2019-12-09 04:06:00,0.5446849782718459
2019-12-09 04:09:00,0.5445801407483941
2019-12-09 04:12:00,0.4363832897511202
2019-12-09 04:15:00,0.5711627487397664
2019-12-09 04:18:00,0.5184802193905966
2019-12-09 04:21:00,0.5943706981340711
2019-12-09 04:24:00,0.5618900566396974
2019-12-09 04:27:00,0.5488504878777576
2019-12-09 04:30:00,0.5181897198066849
2019-12-09 04:33:00,0.5585744251483789
2019-12-09 04:36:00,0.6137734278987068
2019-12-09 04:39:00,0.5910496112312558
2019-12-09 04:42:00,0.6133432090953193
2019-12-09 04:45:00,0.5390922761768593
2019-12-09 04:48:00,0.5884003158453197
2019-12-09 04:51:00,0.6080801102634155
2019-12-09 04:54:00,0.6610663893131346
2019-12-09 04:57:00,0.6669680617326321
2019-12-09 05:00:00,0.5909323387630252
2019-12-09 05:03:00,0.5873341554657827
2019-12-09 05:06:00,0.607783076724445
2019-12-09 05:09:00,0.5497906753276993
2019-12-09 05:12:00,0.5697644699154694
2019-12-09 05:15:00,0.6117983157195113
2019-12-09 05:18:00,0.5551049215355306
2019-12-09 05:21:00,0.6290386290190781
2019-12-09 05:24:00,0.7374103071423974
2019-12-09 05:27:00,0.5888587615768301
2019-12-09 05:30:00,0.5920091277436086
2019-12-09 05:33:00,0.622069542050383
2019-12-09 05:36:00,0.5942555125542412
2019-12-09 05:39:00,0.6417426623515325
2019-12-09 05:42:00,0.5657127851012547
2019-12-09 05:45:00,0.6235364065771023
2019-12-09 05:48:00,0.6590429268596267
2019-12-09 05:51:00,0.5955249735507095
2019-12-09 05:54:00,0.6437882458603781
2019-12-09 05:57:00,0.6414949267339125
2019-12-09 06:00:00,0.6953912616811522
2019-12-09 06:03:00,0.6380382693838555
2019-12-09 06:06:00,0.5971328733535302
2019-12-09 06:09:00,0.5901412298172772
2019-12-09 06:12:00,0.5881983493653706
2019-12-09 06:15:00,0.6158725209125464
2019-12-09 06:18:00,0.6370547366049664
2019-12-09 06:21:00,0.5966830243170875
2019-12-09 06:24:00,0.5992026951511775
2019-12-09 06:27:00,0.6857075809543289
2019-12-09 06:30:00,0.6125702350665847
2019-12-09 06:33:00,0.6786828735727681
2019-12-09 06:36:00,0.591035718683429
2019-12-09 06:39:00,0.6767644534737087
2019-12-09 06:42:00,0.6338512026635499
2019-12-09 06:45:00,0.6481470423259452
2019-12-09 06:48:00,0.6531085392518889
2019-12-09 06:51:00,0.6230433993252404
2019-12-09 06:54:00,0.6266749868431134
2019-12-09 06:57:00,0.6513297203844104
2019-12-09 07:00:00,0.6957787526903303
2019-12-09 07:03:00,0.6529263850037523
2019-12-09 07:06:00,0.6308211347467818
2019-12-09 07:09:00,0.6381947741758722
2019-12-09 07:12:00,0.611125654381965
2019-12-09 07:15:00,0.6455914382073615
2019-12-09 07:18:00,0.5349012444422669
2019-12-09 07:21:00,0.6305319862430565
2019-12-09 07:24:00,0.5911407666902164
2019-12-09 07:27:00,0.6335547143627878
2019-12-09 07:30:00,0.5159911270654334
2019-12-09 07:33:00,0.5652704372671451
2019-12-09 07:36:00,0.5722469793847154
2019-12-09 07:39:00,0.5828933059935366
2019-12-09 07:42:00,0.6454670575031969
2019-12-09 07:45:00,0.573594865469488
2019-12-09 07:48:00,0.6963478309739912
2019-12-09 07:51:00,0.6081852211485739
2019-12-09 07:54:00,0.5351610196751153
2019-12-09 07:57:00,0.6175906524534298
2019-12-09 08:00:00,0.5808883501975401
2019-12-09 08:03:00,0.5804512004465892
2019-12-09 08:06:00,0.6136332132971347
2019-12-09 08:09:00,0.5591953552951168
2019-12-09 08:12:00,0.4419339654417058
2019-12-09 08:15:00,0.556935542916051
2019-12-09 08:18:00,0.5637308322631611
2019-12-09 08:21:00,0.515608289686952
2019-12-09 08:24:00,0.49203263065635383
2019-12-09 08:27:00,0.5064681294362572
2019-12-09 08:30:00,0.37867154952448345
2019-12-09 08:33:00,0.4303321676295013
2019-12-09 08:36:00,0.465958592500499
2019-12-09 08:39:00,0.4253080499878479
2019-12-09 08:42:00,0.43076286749465
2019-12-09 08:45:00,0.4542946575548399
2019-12-09 08:48:00,0.41877981423903066
2019-12-09 08:51:00,0.3916537599155845
2019-12-09 08:54:00,0.4583067566795762
2019-12-09 08:57:00,0.3985338292999927
2019-12-09 09:00:00,0.32880703922484145
2019-12-09 09:03:00,0.4213024372878067
2019-12-09 09:06:00,0.3985060292682192
2019-12-09 09:09:00,0.39377230914664096
2019-12-09 09:12:00,0.3665679817416958
2019-12-09 09:15:00,0.3502692679426218
2019-12-09 09:18:00,0.3761176425427948
2019-12-09 09:21:00,0.38298490054251033
2019-12-09 09:24:00,0.37280692474894295
2019-12-09 09:27:00,0.30265581472843905
2019-12-09 09:30:00,0.37799552082913124
2019-12-09 09:33:00,0.3378216305928845
2019-12-09 09:36:00,0.34120192403185
2019-12-09 09:39:00,0.31593692012023666
2019-12-09 09:42:00,0.40216906524045726
2019-12-09 09:45:00,0.2923297229485229
2019-12-09 09:48:00,0.34904131528611515
2019-12-09 09:51:00,0.22731049674058568
2019-12-09 09:54:00,0.28081732924994185
2019-12-09 09:57:00,0.241288238655045
2019-12-09 10:00:00,0.2759458408261821
2019-12-09 10:03:00,0.27078333077139405
2019-12-09 10:06:00,0.3290163058334201
2019-12-09 10:09:00,0.1889667727705273
2019-12-09 10:12:00,0.3167712605135762
2019-12-09 10:15:00,0.3805126988727352
2019-12-09 10:18:00,0.32114380865232306
2019-12-09 10:21:00,0.28139331416963387
2019-12-09 10:24:00,0.23915013472077362
2019-12-09 10:27:00,0.20376610044536392
2019-12-09 10:30:00,0.20210169652040122
2019-12-09 10:33:00,0.2379713588052823
2019-12-09 10:36:00,0.22748438347616684
2019-12-09 10:39:00,0.34047351015692584
2019-12-09 10:42:00,0.13662065379082833
2019-12-09 10:45:00,0.22710684436111706
2019-12-09 10:48:00,0.244024230153002
2019-12-09 10:51:00,0.2700537891153658
2019-12-09 10:54:00,0.20409992869878124
2019-12-09 10:57:00,0.20898304623733566
2019-12-09 11:00:00,0.25939965784886
2019-12-09 11:03:00,0.23005402371921946
2019-12-09 11:06:00,0.22908270791577934
2019-12-09 11:09:00,0.11559314318816405
2019-12-09 11:12:00,0.19093979849088782
2019-12-09 11:15:00,0.18649949519584652
2019-12-09 11:18:00,0.20861848194579125
2019-12-09 11:21:00,0.10772984859147527
2019-12-09 11:24:00,0.1583981186599317
2019-12-09 11:27:00,0.1576982784524148
2019-12-09 11:30:00,0.10541266485290635
2019-12-09 11:33:00,0.08366605078811062
2019-12-09 11:36:00,0.14436295718860492
2019-12-09 11:39:00,0.13017485441486087
2019-12-09 11:42:00,0.1587619992199052
2019-12-09 11:45:00,0.11037181876804425
2019-12-09 11:48:00,0.06817513019615262
2019-12-09 11:51:00,0.038438831031385234
2019-12-09 11:54:00,0.011017068247724637
2019-12-09 11:57:00,0.11956187193777623
2019-12-09 12:00:00,0.06656998475978071
2019-12-09 12:03:00,0.0030446595102375795
2019-12-09 12:06:00,-0.05221446015275433
2019-12-09 12:09:00,0.025685223209507058
2019-12-09 12:12:00,0.03364805928327996
2019-12-09 12:15:00,-0.10817073462408189
2019-12-09 12:18:00,0.13600689905530317
2019-12-09 12:21:00,-0.02102038405843132
2019-12-09 12:24:00,0.0772802216619084
2019-12-09 12:27:00,0.04682439086923296
2019-12-09 12:30:00,-0.010847543901093104
2019-12-09 12:33:00,-0.044993678528499004
2019-12-09 12:36:00,-0.09074946646529725
2019-12-09 12:39:00,-0.026286608870691452
2019-12-09 12:42:00,0.008624151681544845
2019-12-09 12:45:00,0.02516059086082123
2019-12-09 12:48:00,0.06777187617080926
2019-12-09 12:51:00,-0.055427563632008514
2019-12-09 12:54:00,-0.0792675307867512
2019-12-09 12:57:00,0.0614951253990057
2019-12-09 13:00:00,-0.08421340512984443
2019-12-09 13:03:00,-0.016600057137111435
2019-12-09 13:06:00,0.042095723236684535
2019-12-09 13:09:00,-0.09459952330132637
2019-12-09 13:12:00,-0.018334972552509043
2019-12-09 13:15:00,-0.03363042970067909
2019-12-09 13:18:00,0.008609386767659544
2019-12-09 13:21:00,-0.11309588487847577
2019-12-09 13:24:00,-0.14336059513857435
2019-12-09 13:27:00,-0.054008871618918874
2019-12-09 13:30:00,-0.05352731414512846
2019-12-09 13:33:00,0.024045560737192773
2019-12-09 13:36:00,-0.0632467648276247
2019-12-09 13:39:00,-0.11109729827745696
2019-12-09 13:42:00,-0.0015112874478404592
2019-12-09 13:45:00,-0.06083946702273124
2019-12-09 13:48:00,-0.11518296965425634
2019-12-09 13:51:00,0.039205262835992016
2019-12-09 13:54:00,-0.06226844417022903
2019-12-09 13:57:00,0.03619183675226623
2019-12-09 14:00:00,-0.0943257680647207
2019-12-09 14:03:00,0.04634937614275714
2019-12-09 14:06:00,0.0731253680812074
2019-12-09 14:09:00,0.00938723786873652
2019-12-09 14:12:00,-0.015419762216879462
2019-12-09 14:15:00,0.0779426740068061
2019-12-09 14:18:00,0.0527989778759661
2019-12-09 14:21:00,-0.03818051791961352
2019-12-09 14:24:00,-0.09124919808408549
2019-12-09 14:27:00,-0.007574466739470154
2019-12-09 14:30:00,-0.024057380891179037
2019-12-09 14:33:00,0.04939823070958482
2019-12-09 14:36:00,-0.048448112642972774
2019-12-09 14:39:00,-0.04027171021363074
2019-12-09 14:42:00,-0.061739525222321845
2019-12-09 14:45:00,-0.047910810099438095
2019-12-09 14:48:00,0.13906396438733282
2019-12-09 14:51:00,0.04282249601772037
2019-12-09 14:54:00,-0.031082903973356224
2019-12-09 14:57:00,0.012565808413853574
2019-12-09 15:00:00,0.013718711872172662
2019-12-09 15:03:00,0.049722576539522834
2019-12-09 15:06:00,-0.05374120957526429
2019-12-09 15:09:00,0.11741540492869262
2019-12-09 15:12:00,-0.0034268689482246373
2019-12-09 15:15:00,-0.059899842852587426
2019-12-09 15:18:00,0.10371974775006265
2019-12-09 15:21:00,-0.06610513048241273
2019-12-09 15:24:00,-0.10896116094147601
2019-12-09 15:27:00,-0.08418539578121909
2019-12-09 15:30:00,-0.08721142125165215
2019-12-09 15:33:00,-0.20135471110558
2019-12-09 15:36:00,-0.11268628634348943
2019-12-09 15:39:00,-0.012330061635907441
2019-12-09 15:42:00,-0.011562266363512208
2019-12-09 15:45:00,-0.023428184574868283
2019-12-09 15:48:00,-0.038833580957032154
2019-12-09 15:51:00,-0.05318586849239182
2019-12-09 15:54:00,-0.000423505998071505
2019-12-09 15:57:00,0.11317947597962075
2019-12-09 16:00:00,0.06976590605034971
2019-12-09 16:03:00,-0.10700823089234746
2019-12-09 16:06:00,-0.12986987709166442
2019-12-09 16:09:00,0.051767764179487585
2019-12-09 16:12:00,-0.024303017747570266
2019-12-09 16:15:00,-0.05103644133890839
2019-12-09 16:18:00,-0.04523864842349212
2019-12-09 16:21:00,-0.06262912134212684
2019-12-09 16:24:00,-0.008640916661931897
2019-12-09 16:27:00,-0.0174474439299388
2019-12-09 16:30:00,-0.192383088761801
2019-12-09 16:33:00,-0.13070530835341287
2019-12-09 16:36:00,-0.015448912359715905
2019-12-09 16:39:00,-0.06994516862926048
2019-12-09 16:42:00,0.023389150088746646
2019-12-09 16:45:00,-0.10044723591744287
2019-12-09 16:48:00,-0.0214687805145104
2019-12-09 16:51:00,-0.004507217978414246
2019-12-09 16:54:00,-0.08895714930974918
2019-12-09 16:57:00,0.0017118684326646871
2019-12-09 17:00:00,-0.016079918089644707
2019-12-09 17:03:00,-0.018137740282270443
2019-12-09 17:06:00,0.03353484605582935
2019-12-09 17:09:00,0.0055219310399365895
2019-12-09 17:12:00,-0.09559821085679232
2019-12-09 17:15:00,-0.0061821456963002674
2019-12-09 17:18:00,0.028703360533427258
2019-12-09 17:21:00,-0.0798374133664197
2019-12-09 17:24:00,-0.02654207286872179
2019-12-09 17:27:00,0.02189056921207566
2019-12-09 17:30:00,0.03622645966396476
2019-12-09 17:33:00,-0.013078896782076299
2019-12-09 17:36:00,0.013547803014319015
2019-12-09 17:39:00,-0.019198107814702325
2019-12-09 17:42:00,0.04985306189388439
2019-12-09 17:45:00,0.017281407493953793
2019-12-09 17:48:00,0.0715362253002354
2019-12-09 17:51:00,0.02562818025546676
2019-12-09 17:54:00,0.08782188993654927
2019-12-09 17:57:00,0.006744948795756045
2019-12-09 18:00:00,0.07426187559559594
2019-12-09 18:03:00,0.09169840065152357
2019-12-09 18:06:00,0.19689209720712597
2019-12-09 18:09:00,0.1203396089584885
2019-12-09 18:12:00,0.1785875013275131
2019-12-09 18:15:00,0.1431383073387451
2019-12-09 18:18:00,0.11145208780902749
2019-12-09 18:21:00,0.10787134321128633
2019-12-09 18:24:00,0.13624727087625388
2019-12-09 18:27:00,0.10181510270723493
2019-12-09 18:30:00,0.18827175254409667
2019-12-09 18:33:00,0.14111978623378718
2019-12-09 18:36:00,0.18228288306357854
2019-12-09 18:39:00,0.18976153283847452
2019-12-09 18:42:00,0.131631084148637
2019-12-09 18:45:00,0.1364994107988764
2019-12-09 18:48:00,0.21523382483127307
2019-12-09 18:51:00,0.188833921741832
2019-12-09 18:54:00,0.18760662707654774
2019-12-09 18:57:00,0.23895516941786354
2019-12-09 19:00:00,0.24570815904183974
2019-12-09 19:03:00,0.1300063666608935
2019-12-09 19:06:00,0.26137467926838553
2019-12-09 19:09:00,0.191944829131387
2019-12-09 19:12:00,0.1795733940400055
2019-12-09 19:15:00,0.17752309592202664
2019-12-09 19:18:00,0.21555234964654346
2019-12-09 19:21:00,0.27399409133346353
2019-12-09 19:24:00,0.11960514313892645
2019-12-09 19:27:00,0.1784534624618459
2019-12-09 19:30:00,0.18883223125357063
2019-12-09 19:33:00,0.19337713652424782
2019-12-09 19:36:00,0.30042972941367907
2019-12-09 19:39:00,0.2821769573716324
2019-12-09 19:42:00,0.24212484512412402
2019-12-09 19:45:00,0.1781119802474791
2019-12-09 19:48:00,0.2658165053170478
2019-12-09 19:51:00,0.1767835145831782
2019-12-09 19:54:00,0.20751594774088744
2019-12-09 19:57:00,0.2325097217471921
2019-12-09 20:00:00,0.23943130738348373
2019-12-09 20:03:00,0.2008404274868667
2019-12-09 20:06:00,0.3118239951621149
2019-12-09 20:09:00,0.3073217606973344
2019-12-09 20:12:00,0.2640754279346993
2019-12-09 20:15:00,0.3182185437226508
2019-12-09 20:18:00,0.2763948048878433
2019-12-09 20:21:00,0.2222127323254881
2019-12-09 20:24:00,0.29730206176822094
2019-12-09 20:27:00,0.2689001903722783
2019-12-09 20:30:00,0.28271765008275906
2019-12-09 20:33:00,0.2764385213017704
2019-12-09 20:36:00,0.29606157203022576
2019-12-09 20:39:00,0.3243364095154675
2019-12-09 20:42:00,0.37311527733982075
2019-12-09 20:45:00,0.3940564599924983
2019-12-09 20:48:00,0.3617410136110948
2019-12-09 20:51:00,0.19006273507636706
2019-12-09 20:54:00,0.3083805314495862
2019-12-09 20:57:00,0.3201889259414088
2019-12-09 21:00:00,0.3416465009735816
2019-12-09 21:03:00,0.301851293728987
2019-12-09 21:06:00,0.29204853889820015
2019-12-09 21:09:00,0.32588156776012056
2019-12-09 21:12:00,0.2716527550464889
2019-12-09 21:15:00,0.15992405396627873
2019-12-09 21:18:00,0.1966765554678318
2019-12-09 21:21:00,0.22524923639343797
2019-12-09 21:24:00,0.2398971762944484
2019-12-09 21:27:00,0.2821415782286181
2019-12-09 21:30:00,0.3666491965877299
2019-12-09 21:33:00,0.42265915374156293
2019-12-09 21:36:00,0.22078108306772037
2019-12-09 21:39:00,0.2738993290757321
2019-12-09 21:42:00,0.30494330020178495
2019-12-09 21:45:00,0.3222953852438195
2019-12-09 21:48:00,0.24023354443232847
2019-12-09 21:51:00,0.14766844743508045
2019-12-09 21:54:00,0.2890204556010758
2019-12-09 21:57:00,0.2517994270401118
2019-12-09 22:00:00,0.22492446946580458
2019-12-09 22:03:00,0.2805112191032322
2019-12-09 22:06:00,0.3162256065372162
2019-12-09 22:09:00,0.18820639725055344
2019-12-09 22:12:00,0.36237966087969653
2019-12-09 22:15:00,0.3281511508598669
2019-12-09 22:18:00,0.3359854515820757
2019-12-09 22:21:00,0.3225037374343174
2019-12-09 22:24:00,0.3223679843619607
2019-12-09 22:27:00,0.30375620999251396
2019-12-09 22:30:00,0.36706389625447855
2019-12-09 22:33:00,0.2906048142667714
2019-12-09 22:36:00,0.3339779511713914
2019-12-09 22:39:00,0.28189192857689704
2019-12-09 22:42:00,0.3126551083076379
2019-12-09 22:45:00,0.2573427207104828
2019-12-09 22:48:00,0.3138385907901693
2019-12-09 22:51:00,0.32952660193433303
2019-12-09 22:54:00,0.5583447430568071
2019-12-09 22:57:00,0.4010765127587206
2019-12-09 23:00:00,0.36105602770913947
2019-12-09 23:03:00,0.41761161065471697
2019-12-09 23:06:00,0.4318710916750206
2019-12-09 23:09:00,0.3539771005740704
2019-12-09 23:12:00,0.3863098159069409
2019-12-09 23:15:00,0.349926658033894
2019-12-09 23:18:00,0.39347225507384564
2019-12-09 23:21:00,0.3474454254272814
2019-12-09 23:24:00,0.3733377030659426
2019-12-09 23:27:00,0.38571274699785363
2019-12-09 23:30:00,0.33714221350436446
2019-12-09 23:33:00,0.4091521502526234
2019-12-09 23:36:00,0.3728670041163582
2019-12-09 23:39:00,0.3899140357905253
2019-12-09 23:42:00,0.38103814431525507
2019-12-09 23:45:00,0.44877569350825297
2019-12-09 23:48:00,0.46923223069012465
2019-12-09 23:51:00,0.3195358442694669
2019-12-09 23:54:00,0.41654787243169267
2019-12-09 23:57:00,0.4017153919095904
2019-12-10 00:00:00,0.40742250952598624
2019-12-10 00:03:00,0.40456462101673196
2019-12-10 00:06:00,0.32313226020249886
2019-12-10 00:09:00,0.437059796795495
2019-12-10 00:12:00,0.3772316996438576
2019-12-10 00:15:00,0.43780952168179965
2019-12-10 00:18:00,0.3777402480557157
2019-12-10 00:21:00,0.33018792980038825
2019-12-10 00:24:00,0.3639868968261908
2019-12-10 00:27:00,0.4721204566851611
2019-12-10 00:30:00,0.4390673703829293
2019-12-10 00:33:00,0.45620258112609235
2019-12-10 00:36:00,0.371701596561536
2019-12-10 00:39:00,0.47401068333675767
2019-12-10 00:42:00,0.4426166756712746
2019-12-10 00:45:00,0.429739453147306
2019-12-10 00:48:00,0.32686841347816653
2019-12-10 00:51:00,0.41482568231083405
2019-12-10 00:54:00,0.4984494880003467
2019-12-10 00:57:00,0.4467770550129444
2019-12-10 01:00:00,0.4785886504266159
2019-12-10 01:03:00,0.453658448370561
2019-12-10 01:06:00,0.4314135135942365
2019-12-10 01:09:00,0.46621074771331905
2019-12-10 01:12:00,0.36203792779207333
2019-12-10 01:15:00,0.4522048555514857
2019-12-10 01:18:00,0.4871440802878624
2019-12-10 01:21:00,0.4881689704248515
2019-12-10 01:24:00,0.4799857698282608
2019-12-10 01:27:00,0.41750830914065773
2019-12-10 01:30:00,0.5111676655834003
2019-12-10 01:33:00,0.4649509677665833
2019-12-10 01:36:00,0.5706115198497059
2019-12-10 01:39:00,0.5173755387687038
2019-12-10 01:42:00,0.4952958583490954
2019-12-10 01:45:00,0.4330743015689791
2019-12-10 01:48:00,0.5002118198303265
2019-12-10 01:51:00,0.4623661046769598
2019-12-10 01:54:00,0.4418336802157796
2019-12-10 01:57:00,0.5057189201114056
2019-12-10 02:00:00,0.5491732027639387
2019-12-10 02:03:00,0.4502580873397619
2019-12-10 02:06:00,0.4084438729875046
2019-12-10 02:09:00,0.4985821054102644
2019-12-10 02:12:00,0.46521712686956107
2019-12-10 02:15:00,0.4140253850157478
2019-12-10 02:18:00,0.5266515629983815
2019-12-10 02:21:00,0.5129714565420613
2019-12-10 02:24:00,0.41165394838219527
2019-12-10 02:27:00,0.4548269842937316
2019-12-10 02:30:00,0.5203329674496899
2019-12-10 02:33:00,0.5008101795584707
2019-12-10 02:36:00,0.5327199952314459
2019-12-10 02:39:00,0.4490286322129009
2019-12-10 02:42:00,0.48272827369009974
2019-12-10 02:45:00,0.56064688608501
2019-12-10 02:48:00,0.4966516458835031
2019-12-10 02:51:00,0.5328253971737809
2019-12-10 02:54:00,0.5803294103650387
2019-12-10 02:57:00,0.48086538888111363
2019-12-10 03:00:00,0.5502933023559535
2019-12-10 03:03:00,0.5336887351803057
2019-12-10 03:06:00,0.5352813983470242
2019-12-10 03:09:00,0.5666710179415304
2019-12-10 03:12:00,0.48205004339479274
2019-12-10 03:15:00,0.47100073659368036
2019-12-10 03:18:00,0.5352481998145322
2019-12-10 03:21:00,0.5648404747858535
2019-12-10 03:24:00,0.5291946929731921
2019-12-10 03:27:00,0.5429273563294714
2019-12-10 03:30:00,0.46416217536250315
2019-12-10 03:33:00,0.4516232317274671
2019-12-10 03:36:00,0.44863275789344925
2019-12-10 03:39:00,0.4663438418518808
2019-12-10 03:42:00,0.5235836730616938
2019-12-10 03:45:00,0.5711370345576938
2019-12-10 03:48:00,0.6235182345650401
2019-12-10 03:51:00,0.463852993027956
2019-12-10 03:54:00,0.4855531617148472
2019-12-10 03:57:00,0.5472735563865854
2019-12-10 04:00:00,0.5751180499370321
2019-12-10 04:03:00,0.5019310826349965
2019-12-10 04:06:00,0.5538216898224277
2019-12-10 04:09:00,0.5500289670237635
2019-12-10 04:12:00,0.5179184555312304
2019-12-10 04:15:00,0.5527713083403114
2019-12-10 04:18:00,0.5396326020127162
2019-12-10 04:21:00,0.5057472021123885
2019-12-10 04:24:00,0.5866819781924733
2019-12-10 04:27:00,0.5175007888419714
2019-12-10 04:30:00,0.5409640611843543
2019-12-10 04:33:00,0.5983040119380689
2019-12-10 04:36:00,0.5813511093892885
2019-12-10 04:39:00,0.5117773461532238
2019-12-10 04:42:00,0.5194260238276911
2019-12-10 04:45:00,0.5432739235118902
2019-12-10 04:48:00,0.49500276062082094
2019-12-10 04:51:00,0.6252766682562196
2019-12-10 04:54:00,0.525743679053619
2019-12-10 04:57:00,0.5917327592486572
2019-12-10 05:00:00,0.5380332550266758
2019-12-10 05:03:00,0.5719501140526972
2019-12-10 05:06:00,0.5074921097559582
2019-12-10 05:09:00,0.5111334052965617
2019-12-10 05:12:00,0.45168027469048866
2019-12-10 05:15:00,0.4959915741765144
2019-12-10 05:18:00,0.5077638541440592
2019-12-10 05:21:00,0.4818375172930587
2019-12-10 05:24:00,0.4607168775781929
2019-12-10 05:27:00,0.5379491435567161
2019-12-10 05:30:00,0.5219401102644952
2019-12-10 05:33:00,0.6105130561140868
2019-12-10 05:36:00,0.4584516444125484
2019-12-10 05:39:00,0.5092156261071636
2019-12-10 05:42:00,0.4860980938898365
2019-12-10 05:45:00,0.48155508131986835
2019-12-10 05:48:00,0.556107832484372
2019-12-10 05:51:00,0.46230673796048904
2019-12-10 05:54:00,0.5354450348594355
2019-12-10 05:57:00,0.47696598168892024
2019-12-10 06:00:00,0.5123536129669901
2019-12-10 06:03:00,0.5732508408842705
2019-12-10 06:06:00,0.5436890117509279
2019-12-10 06:09:00,0.4470860911764021
2019-12-10 06:12:00,0.41050623048113266
2019-12-10 06:15:00,0.541815034377862
2019-12-10 06:18:00,0.4502499547327261
2019-12-10 06:21:00,0.5497952496227754
2019-12-10 06:24:00,0.44916424581890624
2019-12-10 06:27:00,0.48828938198420246
2019-12-10 06:30:00,0.48266438517254073
2019-12-10 06:33:00,0.5301441511346638
2019-12-10 06:36:00,0.5017269554375616
2019-12-10 06:39:00,0.47321899416033375
2019-12-10 06:42:00,0.4108196796178163
2019-12-10 06:45:00,0.5708963017494852
2019-12-10 06:48:00,0.5482042452126166
2019-12-10 06:51:00,0.5604719716899353
2019-12-10 06:54:00,0.33832741494330776
2019-12-10 06:57:00,0.4907112874325321
2019-12-10 07:00:00,0.6210611736989904
2019-12-10 07:03:00,0.517991079020419
2019-12-10 07:06:00,0.5289980228913578
2019-12-10 07:09:00,0.48150469961359477
2019-12-10 07:12:00,0.4590033497945569
2019-12-10 07:15:00,0.5427697763643664
2019-12-10 07:18:00,0.366434504139761
2019-12-10 07:21:00,0.5058043303229738
2019-12-10 07:24:00,0.46740824031428474
2019-12-10 07:27:00,0.4195199319875087
2019-12-10 07:30:00,0.5265616868027791
2019-12-10 07:33:00,0.5616429469630475
2019-12-10 07:36:00,0.4814562550131427
2019-12-10 07:39:00,0.4439553699692169
2019-12-10 07:42:00,0.5011903515392078
2019-12-10 07:45:00,0.5636981633517735
2019-12-10 07:48:00,0.5782812168711189
2019-12-10 07:51:00,0.42044144966666863
2019-12-10 07:54:00,0.34259557425701814
2019-12-10 07:57:00,0.464131572256008
2019-12-10 08:00:00,0.46749593373300513
2019-12-10 08:03:00,0.49851293433783894
2019-12-10 08:06:00,0.39351158782972107
2019-12-10 08:09:00,0.48302516246309324
2019-12-10 08:12:00,0.39765555840949673
2019-12-10 08:15:00,0.46696206927896355
2019-12-10 08:18:00,0.41702962535333654
2019-12-10 08:21:00,0.32443573315623553
2019-12-10 08:24:00,0.4062337233101516
2019-12-10 08:27:00,0.4374243684893031
2019-12-10 08:30:00,0.4178930770797251
2019-12-10 08:33:00,0.31076651672987055
2019-12-10 08:36:00,0.36594651212203644
2019-12-10 08:39:00,0.3555239307037823
2019-12-10 08:42:00,0.31057577244297363
2019-12-10 08:45:00,0.3758940789790586
2019-12-10 08:48:00,0.406374499858714
2019-12-10 08:51:00,0.3735135775262961
2019-12-10 08:54:00,0.3671249865964228
2019-12-10 08:57:00,0.34553969309484955
2019-12-10 09:00:00,0.40643410468305774
2019-12-10 09:03:00,0.23139083820234418
2019-12-10 09:06:00,0.2630473054975937
2019-12-10 09:09:00,0.2886231712969902
2019-12-10 09:12:00,0.3442124357715102
2019-12-10 09:15:00,0.30532593966660215
2019-12-10 09:18:00,0.2520909346825988
2019-12-10 09:21:00,0.2521138226867947
2019-12-10 09:24:00,0.23032689301186338
2019-12-10 09:27:00,0.26395986261303506
2019-12-10 09:30:00,0.31604043729544173
2019-12-10 09:33:00,0.27488033131004386
2019-12-10 09:36:00,0.31797732449842897
2019-12-10 09:39:00,0.261030322904503
2019-12-10 09:42:00,0.19551742718471132
2019-12-10 09:45:00,0.2200776540371976
2019-12-10 09:48:00,0.23126889250897875
2019-12-10 09:51:00,0.23633378548254314
2019-12-10 09:54:00,0.26431721864747715
2019-12-10 09:57:00,0.32458075689589805
2019-12-10 10:00:00,0.16162027097919918
2019-12-10 10:03:00,0.27441723126696616
2019-12-10 10:06:00,0.19744114648364075
2019-12-10 10:09:00,
2019-12-10 10:12:00,
2019-12-10 10:15:00,0.27822874041095247
2019-12-10 10:18:00,0.18265088726764134
2019-12-10 10:21:00,0.15730182123411396
2019-12-10 10:24:00,0.2513385933613108
2019-12-10 10:27:00,0.03395627990454386
2019-12-10 10:30:00,0.28061109814410656
2019-12-10 10:33:00,0.1689016890672974
2019-12-10 10:36:00,0.19190753775853864
2019-12-10 10:39:00,0.16910195692452135
2019-12-10 10:42:00,0.20017174046529362
2019-12-10 10:45:00,0.15214418818288777
2019-12-10 10:48:00,0.07399196616728432
2019-12-10 10:51:00,0.21116072596123558
2019-12-10 10:54:00,0.18751074066187812
2019-12-10 10:57:00,0.13614738363747847
2019-12-10 11:00:00,0.1798210337150863
2019-12-10 11:03:00,0.14117409336176934
2019-12-10 11:06:00,0.07057764787919041
2019-12-10 11:09:00,0.054257490179850265
2019-12-10 11:12:00,0.08761764846093456
2019-12-10 11:15:00,0.027759914804619257
2019-12-10 11:18:00,-0.006036146682333765
2019-12-10 11:21:00,0.10458303685686587
2019-12-10 11:24:00,-0.02734255381449202
2019-12-10 11:27:00,0.11792358709135442
2019-12-10 11:30:00,0.09471636698600605
2019-12-10 11:33:00,0.1702576304712693
2019-12-10 11:36:00,0.0789163583360164
2019-12-10 11:39:00,0.14910545126690522
2019-12-10 11:42:00,0.15703661343763997
2019-12-10 11:45:00,0.10658444814572476
2019-12-10 11:48:00,-0.028548179213828462
2019-12-10 11:51:00,0.017156714411669327
2019-12-10 11:54:00,0.1563696260747065
2019-12-10 11:57:00,0.038248983015932936
2019-12-10 12:00:00,0.00714134229440333
2019-12-10 12:03:00,0.05843201536816878
2019-12-10 12:06:00,-0.034515511977076585
2019-12-10 12:09:00,-0.06169367441901841
2019-12-10 12:12:00,-0.16401988379669774
2019-12-10 12:15:00,-0.020190962003823643
2019-12-10 12:18:00,-0.0929674971768577
2019-12-10 12:21:00,-0.07678052668870805
2019-12-10 12:24:00,0.00767067418280476
2019-12-10 12:27:00,0.07080811578134671
2019-12-10 12:30:00,0.02078954892749607
2019-12-10 12:33:00,0.03419295878381945
2019-12-10 12:36:00,-0.004844208576457731
2019-12-10 12:39:00,-0.02730581961924372
2019-12-10 12:42:00,0.012454895957773715
2019-12-10 12:45:00,0.03080685002419159
2019-12-10 12:48:00,-0.10164889865700388
2019-12-10 12:51:00,-0.03056675678328702
2019-12-10 12:54:00,-0.06744178523905475
2019-12-10 12:57:00,-0.025314238300268244
2019-12-10 13:00:00,-0.060567155706621634
2019-12-10 13:03:00,-0.10200317714406992
2019-12-10 13:06:00,-0.09261621233673623
2019-12-10 13:09:00,-0.13893711431575184
2019-12-10 13:12:00,-0.19998774175235212
2019-12-10 13:15:00,-0.1267316116280881
2019-12-10 13:18:00,-0.21649620143824677
2019-12-10 13:21:00,-0.07941194059236523
2019-12-10 13:24:00,-0.1400945467248107
2019-12-10 13:27:00,0.055129224089228046
2019-12-10 13:30:00,-0.0711238022090015
2019-12-10 13:33:00,-0.13139777466324176
2019-12-10 13:36:00,-0.06091196420788947
2019-12-10 13:39:00,-0.1846207139751641
2019-12-10 13:42:00,-0.16662502726381945
2019-12-10 13:45:00,-0.1490218800394132
2019-12-10 13:48:00,-0.12705072927349192
2019-12-10 13:51:00,-0.13506342335080035
2019-12-10 13:54:00,-0.17404850763324475
2019-12-10 13:57:00,-0.09121268831512452
2019-12-10 14:00:00,-0.1868271300240849
2019-12-10 14:03:00,-0.2251407570731203
2019-12-10 14:06:00,-0.23200348187185682
2019-12-10 14:09:00,-0.18904533051761518
2019-12-10 14:12:00,-0.15092198796571665
2019-12-10 14:15:00,-0.13581535773755604
2019-12-10 14:18:00,-0.11539533166342153
2019-12-10 14:21:00,-0.11324782265864997
2019-12-10 14:24:00,-0.176684179463507
2019-12-10 14:27:00,-0.13699440028136678
2019-12-10 14:30:00,-0.11909437361612163
2019-12-10 14:33:00,-0.16455698438267063
2019-12-10 14:36:00,0.026905328964801356
2019-12-10 14:39:00,-0.010687670056654497
2019-12-10 14:42:00,-0.029822079862526607
2019-12-10 14:45:00,-0.02124438143152929
2019-12-10 14:48:00,0.0015620555675468495
2019-12-10 14:51:00,-0.1328962550076085
2019-12-10 14:54:00,-0.030093089044612498
2019-12-10 14:57:00,-0.055543137327674685
2019-12-10 15:00:00,-0.11217944631209775
2019-12-10 15:03:00,-0.054474804781477815
2019-12-10 15:06:00,-0.1100442479999515
2019-12-10 15:09:00,0.024848367745676114
2019-12-10 15:12:00,0.11623218081774667
2019-12-10 15:15:00,0.03638014581946436
2019-12-10 15:18:00,0.03874728855674903
2019-12-10 15:21:00,0.08828225949218904
2019-12-10 15:24:00,0.027238600614509778
2019-12-10 15:27:00,0.012412641026969595
2019-12-10 15:30:00,0.07736669048222211
2019-12-10 15:33:00,-0.017242680498156915
2019-12-10 15:36:00,0.11388466358107507
2019-12-10 15:39:00,0.12427435681462384
2019-12-10 15:42:00,0.2549857231720125
2019-12-10 15:45:00,0.2521957221989055
2019-12-10 15:48:00,0.33552825559740995
2019-12-10 15:51:00,0.3039850338989254
2019-12-10 15:54:00,0.3245320276643042
2019-12-10 15:57:00,0.2250087107046852
2019-12-10 16:00:00,0.17713271155372468
2019-12-10 16:03:00,0.24227471720661242
2019-12-10 16:06:00,0.27366294533771907
2019-12-10 16:09:00,0.1703533512521176
2019-12-10 16:12:00,0.14996054722763574
2019-12-10 16:15:00,0.05447209757426208
2019-12-10 16:18:00,0.05289886414925604
2019-12-10 16:21:00,-0.008011844801956158
2019-12-10 16:24:00,0.17649374040900057
2019-12-10 16:27:00,0.22467307427797323
2019-12-10 16:30:00,0.22160756404906579
2019-12-10 16:33:00,0.13612138553918385
2019-12-10 16:36:00,0.08610814584392301
2019-12-10 16:39:00,-0.05290108591788112
2019-12-10 16:42:00,0.17119620108746858
2019-12-10 16:45:00,-0.019421644244175695
2019-12-10 16:48:00,0.01924976425004843
2019-12-10 16:51:00,0.09473548082070238
2019-12-10 16:54:00,0.20796521195404694
2019-12-10 16:57:00,0.11799922337945645
2019-12-10 17:00:00,0.19133999752784803
2019-12-10 17:03:00,0.20922627716572606
2019-12-10 17:06:00,0.20419236214701186
2019-12-10 17:09:00,0.12149749993119485
2019-12-10 17:12:00,0.18005925492019514
2019-12-10 17:15:00,0.10481139292619446
2019-12-10 17:18:00,0.19821574091656657
2019-12-10 17:21:00,0.06357452378784956
2019-12-10 17:24:00,0.15954496516548033
2019-12-10 17:27:00,0.20456653153456728
2019-12-10 17:30:00,0.04413669915743412
2019-12-10 17:33:00,0.13348789983592724
2019-12-10 17:36:00,0.08276959307488596
2019-12-10 17:39:00,0.28572723061552097
2019-12-10 17:42:00,0.18170823749983356
2019-12-10 17:45:00,0.20925854042724268
2019-12-10 17:48:00,0.19338090647306672
2019-12-10 17:51:00,0.08301449011833029
2019-12-10 17:54:00,0.1668523218934297
2019-12-10 17:57:00,0.11226395968969882
2019-12-10 18:00:00,-0.005077423391924185
2019-12-10 18:03:00,0.019754568194287003
2019-12-10 18:06:00,-0.1469389987724412
2019-12-10 18:09:00,0.06931128240074713
2019-12-10 18:12:00,0.06262766151093047
2019-12-10 18:15:00,0.1368007874843329
2019-12-10 18:18:00,0.15920896936472673
2019-12-10 18:21:00,0.3139946657488508
2019-12-10 18:24:00,0.17885375392381775
2019-12-10 18:27:00,0.22492125809282015
2019-12-10 18:30:00,0.07694478262925486
2019-12-10 18:33:00,0.3035147905613371
2019-12-10 18:36:00,0.15080609205904238
2019-12-10 18:39:00,0.20436816874200758
2019-12-10 18:42:00,0.14346435539908953
2019-12-10 18:45:00,0.20008065835838806
2019-12-10 18:48:00,0.15459595367985912
2019-12-10 18:51:00,-0.02386723978952432
2019-12-10 18:54:00,
2019-12-10 18:57:00,
2019-12-10 19:00:00,
2019-12-10 19:03:00,-0.02098459039422096
2019-12-10 19:06:00,0.14084816058635852
2019-12-10 19:09:00,0.07896487605682978
2019-12-10 19:12:00,0.1553465269720391
2019-12-10 19:15:00,0.24662614150292939
2019-12-10 19:18:00,0.17150253814122607
2019-12-10 19:21:00,0.139618842080381
2019-12-10 19:24:00,0.13322450544052344
2019-12-10 19:27:00,0.21953799809165275
2019-12-10 19:30:00,0.30156234717554753
2019-12-10 19:33:00,0.3431543707376363
2019-12-10 19:36:00,0.24994091196060708
2019-12-10 19:39:00,0.26512527147326637
2019-12-10 19:42:00,0.23415570702468358
2019-12-10 19:45:00,0.30027108332029684
2019-12-10 19:48:00,0.3036709039286052
2019-12-10 19:51:00,0.31844616031440864
2019-12-10 19:54:00,0.1633890552047319
2019-12-10 19:57:00,0.29345559260514165
2019-12-10 20:00:00,0.2952532459809163
2019-12-10 20:03:00,0.388074338359786
2019-12-10 20:06:00,0.44030915593344844
2019-12-10 20:09:00,0.47957418534315366
2019-12-10 20:12:00,0.3960285080223116
2019-12-10 20:15:00,0.44722334503825323
2019-12-10 20:18:00,0.4370690664527501
2019-12-10 20:21:00,0.45716045288907026
2019-12-10 20:24:00,0.33812480524665034
2019-12-10 20:27:00,0.4223135551073369
2019-12-10 20:30:00,0.41697484093111825
2019-12-10 20:33:00,0.36575914013877764
2019-12-10 20:36:00,0.41532708329935986
2019-12-10 20:39:00,0.36471111994325156
2019-12-10 20:42:00,0.28752298441810353
2019-12-10 20:45:00,0.38034988458673524
2019-12-10 20:48:00,0.24859213275613
2019-12-10 20:51:00,0.2771478981862856
2019-12-10 20:54:00,0.33372994659356436
2019-12-10 20:57:00,0.23584181594537768
2019-12-10 21:00:00,0.27406029746975946
2019-12-10 21:03:00,0.3020666209497449
2019-12-10 21:06:00,0.29705015086568665
2019-12-10 21:09:00,0.2513533608935177
2019-12-10 21:12:00,0.1652292707263996
2019-12-10 21:15:00,0.2698054778861092
2019-12-10 21:18:00,0.42749750548659904
2019-12-10 21:21:00,0.30520621144358984
2019-12-10 21:24:00,0.2935354546033295
2019-12-10 21:27:00,0.3204640541329127
2019-12-10 21:30:00,0.35651178528439686
2019-12-10 21:33:00,0.392610931549882
2019-12-10 21:36:00,0.35736691707950285
2019-12-10 21:39:00,0.4683762768784163
2019-12-10 21:42:00,0.2694630663226576
2019-12-10 21:45:00,0.4308371652355163
2019-12-10 21:48:00,0.4587295709334853
2019-12-10 21:51:00,0.4023881763823738
2019-12-10 21:54:00,0.39548597258749396
2019-12-10 21:57:00,0.35036526261717427
2019-12-10 22:00:00,0.35797545316387414
2019-12-10 22:03:00,0.41532649435953317
2019-12-10 22:06:00,0.48781910873833567
2019-12-10 22:09:00,0.3387153596474377
2019-12-10 22:12:00,0.34090978497886226
2019-12-10 22:15:00,0.3854279614520806
2019-12-10 22:18:00,0.4404273762593789
2019-12-10 22:21:00,0.4537153749042204
2019-12-10 22:24:00,0.42335885242385984
2019-12-10 22:27:00,0.34844134706952445
2019-12-10 22:30:00,0.3494462761766499
2019-12-10 22:33:00,0.3974297389482331
2019-12-10 22:36:00,0.3825885810894647
2019-12-10 22:39:00,0.3219864195077662
2019-12-10 22:42:00,0.4387250384640424
2019-12-10 22:45:00,0.3960199254679537
2019-12-10 22:48:00,0.3963233475302559
2019-12-10 22:51:00,0.4094273289337025
2019-12-10 22:54:00,0.47868882151726666
2019-12-10 22:57:00,0.539326077544672
2019-12-10 23:00:00,0.4692993402759953
2019-12-10 23:03:00,0.3106230067999718
2019-12-10 23:06:00,0.36907948605340835
2019-12-10 23:09:00,0.37426409347722256
2019-12-10 23:12:00,0.46247287243051005
2019-12-10 23:15:00,0.4482219487412067
2019-12-10 23:18:00,0.3682571700318249
2019-12-10 23:21:00,0.5202074003656776
2019-12-10 23:24:00,0.4235450760093613
2019-12-10 23:27:00,0.5238829340689222
2019-12-10 23:30:00,0.49840478277656075
2019-12-10 23:33:00,0.4794717712370016
2019-12-10 23:36:00,0.41361914482592965
2019-12-10 23:39:00,0.4374951466192556
2019-12-10 23:42:00,0.5401652953279381
2019-12-10 23:45:00,0.483878277108829
2019-12-10 23:48:00,0.5365225723803064
2019-12-10 23:51:00,0.5278304093542374
2019-12-10 23:54:00,0.5682530054743324
2019-12-10 23:57:00,0.3528106440337524
2019-12-11 00:00:00,0.5038948850086058
2019-12-11 00:03:00,0.42800983318755925
2019-12-11 00:06:00,0.44105691599725105
2019-12-11 00:09:00,0.4474065010484196
2019-12-11 00:12:00,0.4029301567858852
2019-12-11 00:15:00,0.5685519884706878
2019-12-11 00:18:00,0.5277384929275399
2019-12-11 00:21:00,0.4495125060001328
2019-12-11 00:24:00,0.40693871654900704
2019-12-11 00:27:00,0.3642193811568859
2019-12-11 00:30:00,0.40227591691183306
2019-12-11 00:33:00,0.47719548317547833
2019-12-11 00:36:00,0.39770117037210184
2019-12-11 00:39:00,0.4259973089829714
2019-12-11 00:42:00,0.3915083036180249
2019-12-11 00:45:00,0.39198113958593694
2019-12-11 00:48:00,0.43626714159921676
2019-12-11 00:51:00,0.40787221462278467
2019-12-11 00:54:00,0.41117402056937635
2019-12-11 00:57:00,0.48294316064129816
2019-12-11 01:00:00,0.3692788204386943
2019-12-11 01:03:00,0.49955865052828585
2019-12-11 01:06:00,0.4928941076373121
2019-12-11 01:09:00,0.453469275024986
2019-12-11 01:12:00,0.46379669703833315
2019-12-11 01:15:00,0.38020961445062085
2019-12-11 01:18:00,0.4797895106435135
2019-12-11 01:21:00,0.48347424745992384
2019-12-11 01:24:00,0.5067088708028678
2019-12-11 01:27:00,0.5747464365208543
2019-12-11 01:30:00,0.6066839068978993
2019-12-11 01:33:00,0.6766529385783429
2019-12-11 01:36:00,0.7814030996316319
2019-12-11 01:39:00,0.726502094270586
2019-12-11 01:42:00,0.6738709998127206
2019-12-11 01:45:00,0.726458138752605
2019-12-11 01:48:00,0.7788407950459373
2019-12-11 01:51:00,0.6805771431633048
2019-12-11 01:54:00,0.5224026238326474
2019-12-11 01:57:00,0.4442467331721218
2019-12-11 02:00:00,0.5748397344975729
2019-12-11 02:03:00,0.486208039882456
2019-12-11 02:06:00,0.5321403524366701
2019-12-11 02:09:00,0.5121164436377512
2019-12-11 02:12:00,0.426004180523023
2019-12-11 02:15:00,0.41615911375311043
2019-12-11 02:18:00,0.48999772904267047
2019-12-11 02:21:00,0.4557055196069655
2019-12-11 02:24:00,0.44925745676749784
2019-12-11 02:27:00,0.4658113819139089
2019-12-11 02:30:00,0.5602002872996081
2019-12-11 02:33:00,0.4483888481987037
2019-12-11 02:36:00,0.4602454701028478
2019-12-11 02:39:00,0.5321603429983384
2019-12-11 02:42:00,0.39909450425636805
2019-12-11 02:45:00,0.4671177103580817
2019-12-11 02:48:00,0.5103974550473254
2019-12-11 02:51:00,0.5545546452090093
2019-12-11 02:54:00,0.5794261378933356
2019-12-11 02:57:00,0.5534321291700621
2019-12-11 03:00:00,0.5389991106068805
2019-12-11 03:03:00,0.5514540368912435
2019-12-11 03:06:00,0.3960914615103661
2019-12-11 03:09:00,0.4757851002892153
2019-12-11 03:12:00,0.5131891421581258
2019-12-11 03:15:00,0.528273502550519
2019-12-11 03:18:00,0.5749643398361286
2019-12-11 03:21:00,0.4618330251132079
2019-12-11 03:24:00,0.5213875670995662
2019-12-11 03:27:00,0.5460462738712408
2019-12-11 03:30:00,0.45073077908483583
2019-12-11 03:33:00,0.522824821255881
2019-12-11 03:36:00,0.5772698768966507
2019-12-11 03:39:00,0.44093993435808443
2019-12-11 03:42:00,0.4442807356419394
2019-12-11 03:45:00,0.5379773479734808
2019-12-11 03:48:00,0.5273883677691629
2019-12-11 03:51:00,0.5588388065348795
2019-12-11 03:54:00,0.47659310334228167
2019-12-11 03:57:00,0.48975296726143824
2019-12-11 04:00:00,0.40925289421727484
2019-12-11 04:03:00,0.4217572385067001
2019-12-11 04:06:00,0.4530427380180413
2019-12-11 04:09:00,0.461095569409963
2019-12-11 04:12:00,0.45836503832958897
2019-12-11 04:15:00,0.46913439301761173
2019-12-11 04:18:00,0.4865898908387294
2019-12-11 04:21:00,0.4464245599223773
2019-12-11 04:24:00,0.44762187354143634
2019-12-11 04:27:00,0.514279175547415
2019-12-11 04:30:00,0.479585000967063
2019-12-11 04:33:00,0.45622865313214334
2019-12-11 04:36:00,0.502584908805261
2019-12-11 04:39:00,0.5664515461374435
2019-12-11 04:42:00,0.4995634956619597
2019-12-11 04:45:00,0.5395050572957416
2019-12-11 04:48:00,0.579469501690312
2019-12-11 04:51:00,0.5413080541638351
2019-12-11 04:54:00,0.4510018107803262
2019-12-11 04:57:00,0.43403447986310084
2019-12-11 05:00:00,0.5574263381325864
2019-12-11 05:03:00,0.5761651237042997
2019-12-11 05:06:00,0.5569212801413528
2019-12-11 05:09:00,0.6006573334296377
2019-12-11 05:12:00,0.602847715920575
2019-12-11 05:15:00,0.5381351413266202
2019-12-11 05:18:00,0.5511141817754037
2019-12-11 05:21:00,0.5200348194826461
2019-12-11 05:24:00,0.42431947239566625
2019-12-11 05:27:00,0.44611469503888657
2019-12-11 05:30:00,0.4771340517801832
2019-12-11 05:33:00,0.4947984951891158
2019-12-11 05:36:00,0.4716297550551758
2019-12-11 05:39:00,0.4560511271475889
2019-12-11 05:42:00,0.5103039889938827
2019-12-11 05:45:00,0.4460528794422203
2019-12-11 05:48:00,0.5035181542097575
2019-12-11 05:51:00,0.522756855483351
2019-12-11 05:54:00,0.5234552311097218
2019-12-11 05:57:00,0.5433535001985774
2019-12-11 06:00:00,0.47072122084398416
2019-12-11 06:03:00,0.4884156151655361
2019-12-11 06:06:00,0.6161251790730944
2019-12-11 06:09:00,0.4541494523764982
2019-12-11 06:12:00,0.5589344456927847
2019-12-11 06:15:00,0.511018962943524
2019-12-11 06:18:00,0.5859847337894166
2019-12-11 06:21:00,0.4789217294214154
2019-12-11 06:24:00,0.4585316612624979
2019-12-11 06:27:00,0.4731249466892109
2019-12-11 06:30:00,0.49865376095982583
2019-12-11 06:33:00,0.42961476948516975
2019-12-11 06:36:00,0.49742656846228783
2019-12-11 06:39:00,0.5291904620158334
2019-12-11 06:42:00,0.49455851436465537
2019-12-11 06:45:00,0.528266767655964
2019-12-11 06:48:00,0.5538055285076098
2019-12-11 06:51:00,0.5173772438401443
2019-12-11 06:54:00,0.5349759437481794
2019-12-11 06:57:00,0.5496205490264856
2019-12-11 07:00:00,0.48945137226166935
2019-12-11 07:03:00,0.4637965019041417
2019-12-11 07:06:00,0.5275700720370651
2019-12-11 07:09:00,0.5103283610836797
2019-12-11 07:12:00,0.3998183493832812
2019-12-11 07:15:00,0.5909317245844363
2019-12-11 07:18:00,0.5469865350635814
2019-12-11 07:21:00,0.41870741405801937
2019-12-11 07:24:00,0.46849795084983725
2019-12-11 07:27:00,0.5025781916957044
2019-12-11 07:30:00,0.5558951027705916
2019-12-11 07:33:00,0.43197405181001614
2019-12-11 07:36:00,0.4714401617355293
2019-12-11 07:39:00,0.49340499801786564
2019-12-11 07:42:00,0.3475650828880248
2019-12-11 07:45:00,0.4983516952717082
2019-12-11 07:48:00,0.5059605105783476
2019-12-11 07:51:00,0.46391991381369735
2019-12-11 07:54:00,0.42076162223526126
2019-12-11 07:57:00,0.48818644702782876
2019-12-11 08:00:00,0.42494966043824434
2019-12-11 08:03:00,0.45225360768665723
2019-12-11 08:06:00,0.5458506943745647
2019-12-11 08:09:00,0.4381471406883861
2019-12-11 08:12:00,0.4946202070594268
2019-12-11 08:15:00,0.5377216244090732
2019-12-11 08:18:00,0.4878705202550009
2019-12-11 08:21:00,0.538577567217942
2019-12-11 08:24:00,0.41544339524705265
2019-12-11 08:27:00,0.44164748671278176
2019-12-11 08:30:00,0.46283506782822315
2019-12-11 08:33:00,0.44770778972014114
2019-12-11 08:36:00,0.3518770477501789
2019-12-11 08:39:00,0.4241407097372303
2019-12-11 08:42:00,0.33346462549906164
2019-12-11 08:45:00,0.3279642982951714
2019-12-11 08:48:00,0.42556036392443275
2019-12-11 08:51:00,0.3159611865058878
2019-12-11 08:54:00,0.31535421277931164
2019-12-11 08:57:00,0.3490970228527317
2019-12-11 09:00:00,0.34253290180294016
2019-12-11 09:03:00,0.36323520593799685
2019-12-11 09:06:00,0.3601624726646264
2019-12-11 09:09:00,0.3698673483427797
2019-12-11 09:12:00,0.4834108573599565
2019-12-11 09:15:00,0.4046161129128336
2019-12-11 09:18:00,0.31212227894212674
2019-12-11 09:21:00,0.4192879318500218
2019-12-11 09:24:00,0.32285919496393944
2019-12-11 09:27:00,0.32042080893506864
2019-12-11 09:30:00,0.43845912843079304
2019-12-11 09:33:00,0.3328822677522112
2019-12-11 09:36:00,0.3582175793143847
2019-12-11 09:39:00,0.28194632852751056
2019-12-11 09:42:00,0.20677040941012592
2019-12-11 09:45:00,0.2416163053160858
2019-12-11 09:48:00,0.26953360000504745
2019-12-11 09:51:00,0.2922359975902964
2019-12-11 09:54:00,0.31374582346501256
2019-12-11 09:57:00,0.18989657474384103
2019-12-11 10:00:00,0.22110726044024887
2019-12-11 10:03:00,0.18865204197942376
2019-12-11 10:06:00,0.1896551594001039
2019-12-11 10:09:00,0.26561485317023426
2019-12-11 10:12:00,0.2240924896134402
2019-12-11 10:15:00,0.2771068869469673
2019-12-11 10:18:00,0.3071017157616893
2019-12-11 10:21:00,0.0025381705929703458
2019-12-11 10:24:00,0.09934934268778761
2019-12-11 10:27:00,0.2351286252492173
2019-12-11 10:30:00,0.2659266131074105
2019-12-11 10:33:00,0.28428537995705483
2019-12-11 10:36:00,0.21250787306126995
2019-12-11 10:39:00,0.15877719032863524
2019-12-11 10:42:00,0.19067018771460198
2019-12-11 10:45:00,0.14502902358390202
2019-12-11 10:48:00,0.07709883513842897
2019-12-11 10:51:00,0.07894590679052271
2019-12-11 10:54:00,0.1342706819734758
2019-12-11 10:57:00,0.19165153289844739
2019-12-11 11:00:00,0.06539971487114826
2019-12-11 11:03:00,0.12046082920898016
2019-12-11 11:06:00,0.21808780537980965
2019-12-11 11:09:00,0.23064993576122106
2019-12-11 11:12:00,0.16001809398517253
2019-12-11 11:15:00,0.2380728583328846
2019-12-11 11:18:00,0.04797328518708355
2019-12-11 11:21:00,0.021533091988203523
2019-12-11 11:24:00,0.11556861930188234
2019-12-11 11:27:00,0.10471379127210412
2019-12-11 11:30:00,0.13510882762676601
2019-12-11 11:33:00,0.07681220598516347
2019-12-11 11:36:00,0.06365663819116207
2019-12-11 11:39:00,0.0902091173738313
2019-12-11 11:42:00,0.1158492171296075
2019-12-11 11:45:00,0.14232910878570237
2019-12-11 11:48:00,0.08319413515431506
2019-12-11 11:51:00,0.06136741941963919
2019-12-11 11:54:00,0.08791157558925988
2019-12-11 11:57:00,0.03732260645557517
2019-12-11 12:00:00,0.03955432442597839
2019-12-11 12:03:00,0.12004316877920473
2019-12-11 12:06:00,0.04013692773793309
2019-12-11 12:09:00,0.18279143740903692
2019-12-11 12:12:00,0.0753350349270363
2019-12-11 12:15:00,0.07911155404690362
2019-12-11 12:18:00,0.08887488917685005
2019-12-11 12:21:00,0.10878837021971322
2019-12-11 12:24:00,0.06948076777479173
2019-12-11 12:27:00,0.14325943695297383
2019-12-11 12:30:00,0.06978200241627519
2019-12-11 12:33:00,0.019800186643749385
2019-12-11 12:36:00,0.002106134720463615
2019-12-11 12:39:00,0.06445769040402638
2019-12-11 12:42:00,0.011147249234568335
2019-12-11 12:45:00,-0.014579892547601503
2019-12-11 12:48:00,-0.019888989533058066
2019-12-11 12:51:00,-0.09737228446510926
2019-12-11 12:54:00,-0.10943917016936666
2019-12-11 12:57:00,-0.0658985587576808
2019-12-11 13:00:00,-0.08014360016721866
2019-12-11 13:03:00,-0.1351505811525726
2019-12-11 13:06:00,-0.17418178967290032
2019-12-11 13:09:00,-0.11079031581283516
2019-12-11 13:12:00,-0.21467558350337868
2019-12-11 13:15:00,-0.18576750990808932
2019-12-11 13:18:00,-0.10317592103785955
2019-12-11 13:21:00,-0.04374328317635445
2019-12-11 13:24:00,0.02331130108899515
2019-12-11 13:27:00,0.029104633247982292
2019-12-11 13:30:00,0.0782066830331587
2019-12-11 13:33:00,0.11222276249645802
2019-12-11 13:36:00,0.032516140128734605
2019-12-11 13:39:00,0.0006263649401603288
2019-12-11 13:42:00,0.04143398678451149
2019-12-11 13:45:00,-0.06101035940679367
2019-12-11 13:48:00,-0.02432600730520562
2019-12-11 13:51:00,0.17084540212385946
2019-12-11 13:54:00,0.29217678974816863
2019-12-11 13:57:00,0.32388391896267876
2019-12-11 14:00:00,0.3404082426988566
2019-12-11 14:03:00,0.34112653553751215
2019-12-11 14:06:00,0.19339447309732805
2019-12-11 14:09:00,0.3111352827072551
2019-12-11 14:12:00,0.3812619190809414
2019-12-11 14:15:00,0.3166892666175727
2019-12-11 14:18:00,0.3915122909831439
2019-12-11 14:21:00,0.34658299824621963
2019-12-11 14:24:00,0.33704457870834403
2019-12-11 14:27:00,0.31164792534701746
2019-12-11 14:30:00,0.28452352553114224
2019-12-11 14:33:00,0.24976799339015088
2019-12-11 14:36:00,0.22100980217356891
2019-12-11 14:39:00,0.3303106082854015
2019-12-11 14:42:00,0.19717653633802001
2019-12-11 14:45:00,0.3085825859309921
2019-12-11 14:48:00,0.08185361756630982
2019-12-11 14:51:00,0.16661090186028105
2019-12-11 14:54:00,0.2558901729221361
2019-12-11 14:57:00,0.33097511263554225
2019-12-11 15:00:00,0.23058317313490306
2019-12-11 15:03:00,0.18609956215590273
2019-12-11 15:06:00,0.1798711784837792
2019-12-11 15:09:00,0.20425424068361053
2019-12-11 15:12:00,0.1951382417379932
2019-12-11 15:15:00,0.17998416190795297
2019-12-11 15:18:00,0.1448377877863436
2019-12-11 15:21:00,0.16738887411304404
2019-12-11 15:24:00,0.20158248431170023
2019-12-11 15:27:00,0.2234870431709055
2019-12-11 15:30:00,0.23513139432429853
2019-12-11 15:33:00,0.3078316317099734
2019-12-11 15:36:00,0.1935161935770111
2019-12-11 15:39:00,0.2358384067983934
2019-12-11 15:42:00,0.2570650235671792
2019-12-11 15:45:00,0.20146967848791064
2019-12-11 15:48:00,0.19262639674536786
2019-12-11 15:51:00,0.2533577424605937
2019-12-11 15:54:00,0.27227061358547644
2019-12-11 15:57:00,0.22836212431360536
2019-12-11 16:00:00,0.2838961106851343
2019-12-11 16:03:00,0.3165282349256131
2019-12-11 16:06:00,0.3377838809137188
2019-12-11 16:09:00,0.3473037499226166
2019-12-11 16:12:00,0.2768230280995567
2019-12-11 16:15:00,0.3235549727310172
2019-12-11 16:18:00,0.35246394162749084
2019-12-11 16:21:00,0.3158596899258441
2019-12-11 16:24:00,0.15972492851483366
2019-12-11 16:27:00,0.20083501321505537
2019-12-11 16:30:00,0.22894464721201757
2019-12-11 16:33:00,0.16329512606461094
2019-12-11 16:36:00,0.2523557466667512
2019-12-11 16:39:00,0.07650260806940423
2019-12-11 16:42:00,0.22133764519213628
2019-12-11 16:45:00,0.19391809901770785
2019-12-11 16:48:00,0.14022011534257217
2019-12-11 16:51:00,0.14031974538914938
2019-12-11 16:54:00,0.09376469684735866
2019-12-11 16:57:00,0.17085107512991726
2019-12-11 17:00:00,0.09977563683310109
2019-12-11 17:03:00,0.06700858602982862
2019-12-11 17:06:00,0.08856304502762669
2019-12-11 17:09:00,0.08794826426759528
2019-12-11 17:12:00,0.13537117762058415
2019-12-11 17:15:00,0.1905776742888179
2019-12-11 17:18:00,0.13942357944625883
2019-12-11 17:21:00,0.04256622507347174
2019-12-11 17:24:00,0.16790049780837535
2019-12-11 17:27:00,0.09047282073765928
2019-12-11 17:30:00,0.1407126414641766
2019-12-11 17:33:00,0.11256920260046854
2019-12-11 17:36:00,0.14997868254442892
2019-12-11 17:39:00,0.06939774997471204
2019-12-11 17:42:00,0.06997683927471599
2019-12-11 17:45:00,0.07832463173372162
2019-12-11 17:48:00,0.09124360429132139
2019-12-11 17:51:00,0.034339042598560354
2019-12-11 17:54:00,0.08425043900984974
2019-12-11 17:57:00,0.11899543484088326
2019-12-11 18:00:00,0.10724292578595396
2019-12-11 18:03:00,0.12987352595234825
2019-12-11 18:06:00,0.13423699958411817
2019-12-11 18:09:00,0.10363849032643202
2019-12-11 18:12:00,0.11569988601559089
2019-12-11 18:15:00,0.08392978348462066
2019-12-11 18:18:00,0.1815324753048344
2019-12-11 18:21:00,0.09649438931694476
2019-12-11 18:24:00,0.24426443067244463
2019-12-11 18:27:00,0.15042632892192387
2019-12-11 18:30:00,0.16808630848487383
2019-12-11 18:33:00,0.18458655775486932
2019-12-11 18:36:00,0.1281703723652754
2019-12-11 18:39:00,0.25519668424743713
2019-12-11 18:42:00,0.2195570955644257
2019-12-11 18:45:00,0.2238933420978242
2019-12-11 18:48:00,0.21915816858285098
2019-12-11 18:51:00,0.2313140182940856
2019-12-11 18:54:00,
2019-12-11 18:57:00,
2019-12-11 19:00:00,
2019-12-11 19:03:00,0.12160127423180711
2019-12-11 19:06:00,0.09402879135529929
2019-12-11 19:09:00,0.2240236628334742
2019-12-11 19:12:00,0.17074738443892556
2019-12-11 19:15:00,0.04567163785441153
2019-12-11 19:18:00,0.18878483110387378
2019-12-11 19:21:00,0.12023099896362055
2019-12-11 19:24:00,0.08270762955658029
2019-12-11 19:27:00,0.06156385182561053
2019-12-11 19:30:00,0.10077634977653815
2019-12-11 19:33:00,0.135924836498873
2019-12-11 19:36:00,0.10828520813180376
2019-12-11 19:39:00,0.10131086485199603
2019-12-11 19:42:00,0.09248457887224504
2019-12-11 19:45:00,0.19834034317096894
2019-12-11 19:48:00,0.09509071088314158
2019-12-11 19:51:00,0.17909469294397695
2019-12-11 19:54:00,0.129042946229049
2019-12-11 19:57:00,0.14076439111005357
2019-12-11 20:00:00,0.22567778296632923
2019-12-11 20:03:00,0.11870067223208025
2019-12-11 20:06:00,0.1684956649276046
2019-12-11 20:09:00,0.16950302307321863
2019-12-11 20:12:00,0.18601047680567717
2019-12-11 20:15:00,0.17323665545615086
2019-12-11 20:18:00,0.15285913932882522
2019-12-11 20:21:00,0.08062686454962886
2019-12-11 20:24:00,0.11775264984214573
2019-12-11 20:27:00,0.11541763079230805
2019-12-11 20:30:00,0.15291701154188786
2019-12-11 20:33:00,0.14809230228962633
2019-12-11 20:36:00,0.11016721404212149
2019-12-11 20:39:00,0.22653174824040434
2019-12-11 20:42:00,0.15964371304858105
2019-12-11 20:45:00,0.1592529683564976
2019-12-11 20:48:00,0.14130221064374382
2019-12-11 20:51:00,0.18688846099638567
2019-12-11 20:54:00,0.1279486137125332
2019-12-11 20:57:00,0.11616581151690752
2019-12-11 21:00:00,0.1869408330443889
2019-12-11 21:03:00,0.14051079254682008
2019-12-11 21:06:00,0.26074231258712643
2019-12-11 21:09:00,0.18011280357688975
2019-12-11 21:12:00,0.2225867481731143
2019-12-11 21:15:00,0.21601450679696654
2019-12-11 21:18:00,0.27640945447325294
2019-12-11 21:21:00,0.1503607850802382
2019-12-11 21:24:00,0.24635674297769583
2019-12-11 21:27:00,0.30350431775462994
2019-12-11 21:30:00,0.18447667632983666
2019-12-11 21:33:00,0.15759499371142738
2019-12-11 21:36:00,0.20058885959394956
2019-12-11 21:39:00,0.12780755126203758
2019-12-11 21:42:00,0.210850880654732
2019-12-11 21:45:00,0.24667415957566163
2019-12-11 21:48:00,0.23150366064504624
2019-12-11 21:51:00,0.2450489929129276
2019-12-11 21:54:00,0.26070985030958127
2019-12-11 21:57:00,0.2492943354635031
2019-12-11 22:00:00,0.3095578200226896
2019-12-11 22:03:00,0.20097008833118934
2019-12-11 22:06:00,0.27836298647810054
2019-12-11 22:09:00,0.36898951200578267
2019-12-11 22:12:00,0.2560507065113029
2019-12-11 22:15:00,0.3351502797917192
2019-12-11 22:18:00,0.25473080835269
2019-12-11 22:21:00,0.2898271425099779
2019-12-11 22:24:00,0.3134278464994509
2019-12-11 22:27:00,0.24225761250454525
2019-12-11 22:30:00,0.32687743682168957
2019-12-11 22:33:00,0.3215979444264008
2019-12-11 22:36:00,0.38384344367887024
2019-12-11 22:39:00,0.3223132350026958
2019-12-11 22:42:00,0.22484400265443583
2019-12-11 22:45:00,0.30304633213143006
2019-12-11 22:48:00,0.382998680951971
2019-12-11 22:51:00,0.26148979935169336
2019-12-11 22:54:00,0.3219107594413231
2019-12-11 22:57:00,0.4068909928619746
2019-12-11 23:00:00,0.4638658293229696
2019-12-11 23:03:00,0.4304283806305307
2019-12-11 23:06:00,0.44423189230082016
2019-12-11 23:09:00,0.3025919485152144
2019-12-11 23:12:00,0.3472238905582117
2019-12-11 23:15:00,0.3337842777990545
2019-12-11 23:18:00,0.40155060924894315
2019-12-11 23:21:00,0.4294338416324308
2019-12-11 23:24:00,0.4205361809634951
2019-12-11 23:27:00,0.33352273877653715
2019-12-11 23:30:00,0.4246544770251717
2019-12-11 23:33:00,0.4420428019930682
2019-12-11 23:36:00,0.3446455991116295
2019-12-11 23:39:00,0.4507575227601137
2019-12-11 23:42:00,0.40121841967709315
2019-12-11 23:45:00,0.45819941679127396
2019-12-11 23:48:00,0.403541371644792
2019-12-11 23:51:00,0.48424080046714835
2019-12-11 23:54:00,0.49370376816312955
2019-12-11 23:57:00,0.39360810546963876
2019-12-12 00:00:00,0.3998818788601852
2019-12-12 00:03:00,0.3199827411556839
2019-12-12 00:06:00,0.39200740912207266
2019-12-12 00:09:00,0.4321483575198499
2019-12-12 00:12:00,0.45257760324108176
2019-12-12 00:15:00,0.4499945709035842
2019-12-12 00:18:00,0.404227542813544
2019-12-12 00:21:00,0.5811037872647944
2019-12-12 00:24:00,0.448000906832533
2019-12-12 00:27:00,0.4939709507707448
2019-12-12 00:30:00,0.5114683020372013
2019-12-12 00:33:00,0.4272024280310234
2019-12-12 00:36:00,0.5525171281914822
2019-12-12 00:39:00,0.3009193958728815
2019-12-12 00:42:00,0.44580788710419483
2019-12-12 00:45:00,0.36820381920506406
2019-12-12 00:48:00,0.382455394862518
2019-12-12 00:51:00,0.43604035101867566
2019-12-12 00:54:00,0.39593521324297853
2019-12-12 00:57:00,0.3461173848999124
2019-12-12 01:00:00,0.43037282845369873
2019-12-12 01:03:00,0.4516232961373703
2019-12-12 01:06:00,0.432130070985977
2019-12-12 01:09:00,0.41535474719057675
2019-12-12 01:12:00,0.5027341347608854
2019-12-12 01:15:00,0.42675689450788923
2019-12-12 01:18:00,0.5169990013083066
2019-12-12 01:21:00,0.4404935393270648
2019-12-12 01:24:00,0.4585145230572607
2019-12-12 01:27:00,0.513963135343829
2019-12-12 01:30:00,0.6027044231695982
2019-12-12 01:33:00,0.5351026581638507
2019-12-12 01:36:00,0.501557765235475
2019-12-12 01:39:00,0.4142101469418549
2019-12-12 01:42:00,0.41432201412470704
2019-12-12 01:45:00,0.45442422501224655
2019-12-12 01:48:00,0.4655162439794367
2019-12-12 01:51:00,0.41165039511861323
2019-12-12 01:54:00,0.5191202533623596
2019-12-12 01:57:00,0.45153448959075604
2019-12-12 02:00:00,0.3969884884395469
2019-12-12 02:03:00,0.41573022582116437
2019-12-12 02:06:00,0.38605677428506624
2019-12-12 02:09:00,0.35908283272959807
2019-12-12 02:12:00,0.45080689472081303
2019-12-12 02:15:00,0.4403496325286369
2019-12-12 02:18:00,0.3602047211086301
2019-12-12 02:21:00,0.44987756278766255
2019-12-12 02:24:00,0.3862310755415592
2019-12-12 02:27:00,0.3952321537474859
2019-12-12 02:30:00,0.38775203886552845
2019-12-12 02:33:00,0.43199196489416636
2019-12-12 02:36:00,0.37084547003615853
2019-12-12 02:39:00,0.4183245067904977
2019-12-12 02:42:00,0.4043713027110698
2019-12-12 02:45:00,0.4880587090946733
2019-12-12 02:48:00,0.45544890100347857
2019-12-12 02:51:00,0.4192340172092486
2019-12-12 02:54:00,0.40534564579809285
2019-12-12 02:57:00,0.3310755836259318
2019-12-12 03:00:00,0.4215353278769385
2019-12-12 03:03:00,0.41163515804993267
2019-12-12 03:06:00,0.44432468118571933
2019-12-12 03:09:00,0.5126298117829151
2019-12-12 03:12:00,0.5055839437118266
2019-12-12 03:15:00,0.3582867254492612
2019-12-12 03:18:00,0.40794676617196046
2019-12-12 03:21:00,0.46382622116590255
2019-12-12 03:24:00,0.4503668295512284
2019-12-12 03:27:00,0.32675217787812016
2019-12-12 03:30:00,0.5457656318960744
2019-12-12 03:33:00,0.41968214433904905
2019-12-12 03:36:00,0.5325576326931127
2019-12-12 03:39:00,0.5027987387518351
2019-12-12 03:42:00,0.4589513184833436
2019-12-12 03:45:00,0.5098133876382462
2019-12-12 03:48:00,0.47182128314085503
2019-12-12 03:51:00,0.4739975406267831
2019-12-12 03:54:00,0.48803980276534276
2019-12-12 03:57:00,0.584828495035083
2019-12-12 04:00:00,0.4875250944718914
2019-12-12 04:03:00,0.4043291387772001
2019-12-12 04:06:00,0.5676042786540734
2019-12-12 04:09:00,0.41278475107037593
2019-12-12 04:12:00,0.5918662997737556
2019-12-12 04:15:00,0.5119609843918624
2019-12-12 04:18:00,0.5237709524959087
2019-12-12 04:21:00,0.4630741063595565
2019-12-12 04:24:00,0.5273143712294655
2019-12-12 04:27:00,0.46670673873546775
2019-12-12 04:30:00,0.5597416966808737
2019-12-12 04:33:00,0.47789568729149323
2019-12-12 04:36:00,0.536835233182444
2019-12-12 04:39:00,0.43362167858236944
2019-12-12 04:42:00,0.5327168987412279
2019-12-12 04:45:00,0.5730401881743319
2019-12-12 04:48:00,0.5415544135282744
2019-12-12 04:51:00,0.523123919612658
2019-12-12 04:54:00,0.4691199198639424
2019-12-12 04:57:00,0.5655682911854569
2019-12-12 05:00:00,0.5923830288689373
2019-12-12 05:03:00,0.6302043668107444
2019-12-12 05:06:00,0.4777134760689705
2019-12-12 05:09:00,0.5056424592781923
2019-12-12 05:12:00,0.5080092567784504
2019-12-12 05:15:00,0.5460634120121313
2019-12-12 05:18:00,0.5943689627244453
2019-12-12 05:21:00,0.5320490789973746
2019-12-12 05:24:00,0.4865599879055935
2019-12-12 05:27:00,0.5444760115654503
2019-12-12 05:30:00,0.4936002148797911
2019-12-12 05:33:00,0.4730760825327138
2019-12-12 05:36:00,0.5474591320654554
2019-12-12 05:39:00,0.5516824679745014
2019-12-12 05:42:00,0.5676911093185595
2019-12-12 05:45:00,0.5229425021482825
2019-12-12 05:48:00,0.4586790406216892
2019-12-12 05:51:00,0.4733518101620007
2019-12-12 05:54:00,0.6388566853491966
2019-12-12 05:57:00,0.5594430163787933
2019-12-12 06:00:00,0.5250125567956161
2019-12-12 06:03:00,0.562233356425395
2019-12-12 06:06:00,0.5008056280761934
2019-12-12 06:09:00,0.5422903154580467
2019-12-12 06:12:00,0.48582879418000857
2019-12-12 06:15:00,0.5134926978121825
2019-12-12 06:18:00,0.631533256576688
2019-12-12 06:21:00,0.4874801433904281
2019-12-12 06:24:00,0.5048800911444573
2019-12-12 06:27:00,0.45015905711227333
2019-12-12 06:30:00,0.47974233276528366
2019-12-12 06:33:00,0.5345081013350637
2019-12-12 06:36:00,0.508913494767171
2019-12-12 06:39:00,0.47137370398473877
2019-12-12 06:42:00,0.5043786900394025
2019-12-12 06:45:00,0.5973163523088374
2019-12-12 06:48:00,0.5648157665794997
2019-12-12 06:51:00,0.51319783917819
2019-12-12 06:54:00,0.5101157880711185
2019-12-12 06:57:00,0.5483040911759076
2019-12-12 07:00:00,0.5524360192487734
2019-12-12 07:03:00,0.4776181507186834
2019-12-12 07:06:00,0.49636882053317777
2019-12-12 07:09:00,0.45685860608227813
2019-12-12 07:12:00,0.510802411020336
2019-12-12 07:15:00,0.5073639130490619
2019-12-12 07:18:00,0.5568109526884655
2019-12-12 07:21:00,0.5563122565756089
2019-12-12 07:24:00,0.5154623138042211
2019-12-12 07:27:00,0.5533852719631795
2019-12-12 07:30:00,0.4758662530312563
2019-12-12 07:33:00,0.693677529300885
2019-12-12 07:36:00,0.46469538221288076
2019-12-12 07:39:00,0.5285455994114727
2019-12-12 07:42:00,0.48496384646534807
2019-12-12 07:45:00,0.42350842548302126
2019-12-12 07:48:00,0.3607814756707626
2019-12-12 07:51:00,0.46368476304462547
2019-12-12 07:54:00,0.4439082920376336
2019-12-12 07:57:00,0.4298008168784122
2019-12-12 08:00:00,0.4963159007637614
2019-12-12 08:03:00,0.45461804305881515
2019-12-12 08:06:00,0.4097541535078335
2019-12-12 08:09:00,0.5527785289335725
2019-12-12 08:12:00,0.5879454099213604
2019-12-12 08:15:00,0.4914778204829986
2019-12-12 08:18:00,0.2954875931205265
2019-12-12 08:21:00,0.43538080906535015
2019-12-12 08:24:00,0.3931389684142914
2019-12-12 08:27:00,0.3302481416347973
2019-12-12 08:30:00,0.3883602077610817
2019-12-12 08:33:00,0.41846484420909746
2019-12-12 08:36:00,0.38605242319579247
2019-12-12 08:39:00,0.4181111155050985
2019-12-12 08:42:00,0.3190913835057927
2019-12-12 08:45:00,0.3123794289434727
2019-12-12 08:48:00,0.3226879412707717
2019-12-12 08:51:00,0.2649990320494453
2019-12-12 08:54:00,0.34851835860195024
2019-12-12 08:57:00,0.3398271299405451
2019-12-12 09:00:00,0.26333050041057504
2019-12-12 09:03:00,0.44322946126033
2019-12-12 09:06:00,0.39208045107346834
2019-12-12 09:09:00,0.39062008457131014
2019-12-12 09:12:00,0.3357864150190153
2019-12-12 09:15:00,0.38572547168860183
2019-12-12 09:18:00,0.3146304642176574
2019-12-12 09:21:00,0.25263669794702537
2019-12-12 09:24:00,0.39548249914145117
2019-12-12 09:27:00,0.40782532233134816
2019-12-12 09:30:00,0.2116548088943091
2019-12-12 09:33:00,0.2334616132848737
2019-12-12 09:36:00,0.24665730080607773
2019-12-12 09:39:00,0.2578670110450503
2019-12-12 09:42:00,0.2832112322911371
2019-12-12 09:45:00,0.2641223226156626
2019-12-12 09:48:00,0.27569198839887576
2019-12-12 09:51:00,0.3452008073052184
2019-12-12 09:54:00,0.18303019845342305
2019-12-12 09:57:00,0.16407696222421464
2019-12-12 10:00:00,0.16728849198034368
2019-12-12 10:03:00,0.1388966538976888
2019-12-12 10:06:00,0.24767651870496366
2019-12-12 10:09:00,0.12379257412453626
2019-12-12 10:12:00,0.2041602041036299
2019-12-12 10:15:00,0.2414740042634662
2019-12-12 10:18:00,0.1091166219898696
2019-12-12 10:21:00,0.23406242429433632
2019-12-12 10:24:00,0.22751824327048098
2019-12-12 10:27:00,0.17274739853189658
2019-12-12 10:30:00,0.11253458150969209
2019-12-12 10:33:00,0.16557937173337223
2019-12-12 10:36:00,0.15677871857849368
2019-12-12 10:39:00,0.20040978203923032
2019-12-12 10:42:00,0.10062547501047447
2019-12-12 10:45:00,0.15536548628341507
2019-12-12 10:48:00,0.0545944450046818
2019-12-12 10:51:00,0.09905422864994762
2019-12-12 10:54:00,0.14392875587310527
2019-12-12 10:57:00,0.224621422831774
2019-12-12 11:00:00,0.1477748825548133
2019-12-12 11:03:00,0.19811221976243587
2019-12-12 11:06:00,0.052066839984433955
2019-12-12 11:09:00,0.12993085596622223
2019-12-12 11:12:00,0.029103030734745516
2019-12-12 11:15:00,0.023033855962239613
2019-12-12 11:18:00,0.03169352359827826
2019-12-12 11:21:00,0.004750840951430746
2019-12-12 11:24:00,0.010764190091890669
2019-12-12 11:27:00,0.023160438215086288
2019-12-12 11:30:00,0.016863317595152694
2019-12-12 11:33:00,0.08865686790272775
2019-12-12 11:36:00,-0.07012522527884357
2019-12-12 11:39:00,-0.00459275034103257
2019-12-12 11:42:00,0.021961710127300194
2019-12-12 11:45:00,0.07776139475089394
2019-12-12 11:48:00,0.03110388753486859
2019-12-12 11:51:00,0.06898511548416764
2019-12-12 11:54:00,0.05060739786983959
2019-12-12 11:57:00,0.02269607965212117
2019-12-12 12:00:00,-0.05882836157189786
2019-12-12 12:03:00,0.13109074543365296
2019-12-12 12:06:00,0.07920056014688726
2019-12-12 12:09:00,-0.005402829110778384
2019-12-12 12:12:00,0.08185978589739307
2019-12-12 12:15:00,-0.003346322574941496
2019-12-12 12:18:00,0.16065791329106105
2019-12-12 12:21:00,0.1358112184680067
2019-12-12 12:24:00,0.07176015004495184
2019-12-12 12:27:00,0.0839613802258441
2019-12-12 12:30:00,0.07707726120946745
2019-12-12 12:33:00,-0.07221999807853763
2019-12-12 12:36:00,0.08093163744416643
2019-12-12 12:39:00,0.012166033122923636
2019-12-12 12:42:00,0.00854317322625775
2019-12-12 12:45:00,0.06228068481192395
2019-12-12 12:48:00,0.12337977527505473
2019-12-12 12:51:00,0.02776969864282819
2019-12-12 12:54:00,0.04003251371108263
2019-12-12 12:57:00,0.06515487724783497
2019-12-12 13:00:00,-0.04253521696972484
2019-12-12 13:03:00,0.08155922510889013
2019-12-12 13:06:00,-0.01607060809055838
2019-12-12 13:09:00,0.03575350296750912
2019-12-12 13:12:00,-0.029149495256490354
2019-12-12 13:15:00,-0.045923600047387936
2019-12-12 13:18:00,0.015393732136374183
2019-12-12 13:21:00,-0.0393146111725855
2019-12-12 13:24:00,0.0576431528176613
2019-12-12 13:27:00,-0.011769938198881391
2019-12-12 13:30:00,-0.04766195912696958
2019-12-12 13:33:00,0.014722463847419931
2019-12-12 13:36:00,-0.06308247825654689
2019-12-12 13:39:00,0.06524045053430427
2019-12-12 13:42:00,-0.059599122428721785
2019-12-12 13:45:00,0.02164937286397617
2019-12-12 13:48:00,-0.04215708586514211
2019-12-12 13:51:00,-0.016989562972412386
2019-12-12 13:54:00,0.036818542286994216
2019-12-12 13:57:00,-0.0315909713690985
2019-12-12 14:00:00,-0.02831306223492902
2019-12-12 14:03:00,-0.06209690531056822
2019-12-12 14:06:00,-0.07769699791833773
2019-12-12 14:09:00,-0.03179299362227539
2019-12-12 14:12:00,-0.034194414312651134
2019-12-12 14:15:00,0.021286272570876008
2019-12-12 14:18:00,-0.014546879289753178
2019-12-12 14:21:00,-0.07369814674007102
2019-12-12 14:24:00,0.04009833543835839
2019-12-12 14:27:00,-0.06418974891784046
2019-12-12 14:30:00,0.0310607623245005
2019-12-12 14:33:00,-0.016707493750345748
2019-12-12 14:36:00,-0.04587175474154037
2019-12-12 14:39:00,-0.06111771637301899
2019-12-12 14:42:00,-0.03422354774716041
2019-12-12 14:45:00,-0.11420242072540532
2019-12-12 14:48:00,0.005023926119918087
2019-12-12 14:51:00,0.023200607205410506
2019-12-12 14:54:00,0.0363132009708238
2019-12-12 14:57:00,-0.09152011213575406
2019-12-12 15:00:00,-0.10275113165090488
2019-12-12 15:03:00,0.010975658948780165
2019-12-12 15:06:00,0.0668633856643055
2019-12-12 15:09:00,0.10500553942091528
2019-12-12 15:12:00,0.06386947213957228
2019-12-12 15:15:00,0.010345563932787627
2019-12-12 15:18:00,0.16562347145389822
2019-12-12 15:21:00,0.14489328871547968
2019-12-12 15:24:00,0.07934957723659863
2019-12-12 15:27:00,0.07325973241489692
2019-12-12 15:30:00,0.11841106549576352
2019-12-12 15:33:00,0.08618037455283911
2019-12-12 15:36:00,0.031038855986935232
2019-12-12 15:39:00,0.008994490543727807
2019-12-12 15:42:00,0.045279003289124375
2019-12-12 15:45:00,-0.010704327215194098
2019-12-12 15:48:00,-0.030096532207437576
2019-12-12 15:51:00,0.06623000528128387
2019-12-12 15:54:00,-0.046575279743251485
2019-12-12 15:57:00,0.07307981820321174
2019-12-12 16:00:00,-0.11531448166590508
2019-12-12 16:03:00,-0.0013664604560972293
2019-12-12 16:06:00,-0.0008243520273367722
2019-12-12 16:09:00,-0.06989435294485702
2019-12-12 16:12:00,0.047864248408359344
2019-12-12 16:15:00,-0.034795129161864224
2019-12-12 16:18:00,0.027377643848808475
2019-12-12 16:21:00,0.0688677413298251
2019-12-12 16:24:00,0.1267047425567398
2019-12-12 16:27:00,0.13737711390359664
2019-12-12 16:30:00,0.14692294755724333
2019-12-12 16:33:00,0.10971003827103232
2019-12-12 16:36:00,0.08362650240428593
2019-12-12 16:39:00,0.04920840377167224
2019-12-12 16:42:00,0.06444076924196906
2019-12-12 16:45:00,0.1075039260996391
2019-12-12 16:48:00,0.16374439577964495
2019-12-12 16:51:00,0.11346537074769003
2019-12-12 16:54:00,0.01065586002158625
2019-12-12 16:57:00,0.14437306569226394
2019-12-12 17:00:00,0.0977843390878661
2019-12-12 17:03:00,0.14049369225074315
2019-12-12 17:06:00,0.14393506528489297
2019-12-12 17:09:00,0.1990575127670695
2019-12-12 17:12:00,0.11117968133203249
2019-12-12 17:15:00,0.17310623125945312
2019-12-12 17:18:00,0.17527416407358487
2019-12-12 17:21:00,0.07329826305908682
2019-12-12 17:24:00,0.038216916479029805
2019-12-12 17:27:00,0.1013648186265641
2019-12-12 17:30:00,0.03285913933774509
2019-12-12 17:33:00,0.05582342401231699
2019-12-12 17:36:00,0.06994983393371967
2019-12-12 17:39:00,0.1254275469385675
2019-12-12 17:42:00,0.03356151473104774
2019-12-12 17:45:00,0.14222909768852787
2019-12-12 17:48:00,0.11069704807260905
2019-12-12 17:51:00,0.181047153866416
2019-12-12 17:54:00,0.06641482848482383
2019-12-12 17:57:00,0.07229949601304497
2019-12-12 18:00:00,0.09347550715187936
2019-12-12 18:03:00,0.14976815434243917
2019-12-12 18:06:00,0.12625605288081942
2019-12-12 18:09:00,0.17485478016334355
2019-12-12 18:12:00,0.3249601639195703
2019-12-12 18:15:00,0.11256893341186469
2019-12-12 18:18:00,0.21885584307551653
2019-12-12 18:21:00,0.25901601924539364
2019-12-12 18:24:00,0.3290191222477006
2019-12-12 18:27:00,0.42235181165040103
2019-12-12 18:30:00,0.38596941448952293
2019-12-12 18:33:00,0.473004195921817
2019-12-12 18:36:00,0.42294607885588675
2019-12-12 18:39:00,0.4188629151619807
2019-12-12 18:42:00,0.38677529526330545
2019-12-12 18:45:00,0.43412557974750143
2019-12-12 18:48:00,0.47645684218741735
2019-12-12 18:51:00,0.384578310506015
2019-12-12 18:54:00,
2019-12-12 18:57:00,
2019-12-12 19:00:00,
2019-12-12 19:03:00,0.4030439141847637
2019-12-12 19:06:00,0.44014018223703033
2019-12-12 19:09:00,0.4788751258304842
2019-12-12 19:12:00,0.6585365170046202
2019-12-12 19:15:00,0.5309441470706133
2019-12-12 19:18:00,0.4706388535012138
2019-12-12 19:21:00,0.5060423685280853
2019-12-12 19:24:00,0.48643342320372085
2019-12-12 19:27:00,0.5868511780295762
2019-12-12 19:30:00,0.6084270562013216
2019-12-12 19:33:00,0.5001320155844269
2019-12-12 19:36:00,0.43273403890412965
2019-12-12 19:39:00,0.4634481876489076
2019-12-12 19:42:00,0.5203992647848281
2019-12-12 19:45:00,0.5088769295323914
2019-12-12 19:48:00,0.46840868522025403
2019-12-12 19:51:00,0.34881597012656584
2019-12-12 19:54:00,0.5031427366644152
2019-12-12 19:57:00,0.48351120143524895
2019-12-12 20:00:00,0.420904041207109
2019-12-12 20:03:00,0.35230471656166173
2019-12-12 20:06:00,0.3517016561456785
2019-12-12 20:09:00,0.21528689234713738
2019-12-12 20:12:00,0.42284832422001273
2019-12-12 20:15:00,0.2673879871133522
2019-12-12 20:18:00,0.32306544196922005
2019-12-12 20:21:00,0.16164279267570691
2019-12-12 20:24:00,0.23787298988088423
2019-12-12 20:27:00,0.25739751398810995
2019-12-12 20:30:00,0.339884003483121
2019-12-12 20:33:00,0.2669551456070849
2019-12-12 20:36:00,0.36778170546278943
2019-12-12 20:39:00,0.22488159681995512
2019-12-12 20:42:00,0.27412270401623573
2019-12-12 20:45:00,0.3260897071016302
2019-12-12 20:48:00,0.18114898259028678
2019-12-12 20:51:00,0.30014671223051437
2019-12-12 20:54:00,0.31045078494122436
2019-12-12 20:57:00,0.43826120388735035
2019-12-12 21:00:00,0.4669316125040268
2019-12-12 21:03:00,0.326978863362001
2019-12-12 21:06:00,0.4020738302068594
2019-12-12 21:09:00,0.5020666178267561
2019-12-12 21:12:00,0.48022122900187014
2019-12-12 21:15:00,0.4459190420656114
2019-12-12 21:18:00,0.4224138315515802
2019-12-12 21:21:00,0.38971868706613577
2019-12-12 21:24:00,0.3861298165934386
2019-12-12 21:27:00,0.36765399219035544
2019-12-12 21:30:00,0.335290571294081
2019-12-12 21:33:00,0.3578718006445456
2019-12-12 21:36:00,0.4402047054995819
2019-12-12 21:39:00,0.4171424477186747
2019-12-12 21:42:00,0.3952354928808859
2019-12-12 21:45:00,0.39099904364331906
2019-12-12 21:48:00,0.4105777579577534
2019-12-12 21:51:00,0.32493809261518436
2019-12-12 21:54:00,0.2614276362163537
2019-12-12 21:57:00,0.38710391606286976
2019-12-12 22:00:00,0.37925776357946006
2019-12-12 22:03:00,0.4549694641289648
2019-12-12 22:06:00,0.44310209565372816
2019-12-12 22:09:00,0.46039756793481956
2019-12-12 22:12:00,0.21336780084840257
2019-12-12 22:15:00,0.3120179613084133
2019-12-12 22:18:00,0.3666470793484109
2019-12-12 22:21:00,0.4103951728339439
2019-12-12 22:24:00,0.3217462514892304
2019-12-12 22:27:00,0.4816785118504754
2019-12-12 22:30:00,0.33860049052913155
2019-12-12 22:33:00,0.46985259496580056
2019-12-12 22:36:00,0.45427152660812453
2019-12-12 22:39:00,0.41825302292096467
2019-12-12 22:42:00,0.40055242960977466
2019-12-12 22:45:00,0.3526137461826693
2019-12-12 22:48:00,0.46284891866758926
2019-12-12 22:51:00,0.3645927266485387
2019-12-12 22:54:00,0.449743791800131
2019-12-12 22:57:00,0.42708585038610636
2019-12-12 23:00:00,0.5230104013342043
2019-12-12 23:03:00,0.41073722835665194
2019-12-12 23:06:00,0.3264743313585541
2019-12-12 23:09:00,0.38927527656244365
2019-12-12 23:12:00,0.4474773498660056
2019-12-12 23:15:00,0.4140443782489456
2019-12-12 23:18:00,0.47421185967442625
2019-12-12 23:21:00,0.5730320516021266
2019-12-12 23:24:00,0.3950400143900197
2019-12-12 23:27:00,0.4023414042447939
2019-12-12 23:30:00,0.4446264654108063
2019-12-12 23:33:00,0.4429746434166759
2019-12-12 23:36:00,0.4704275201825112
2019-12-12 23:39:00,0.4117790390578193
2019-12-12 23:42:00,0.47376219575960477
2019-12-12 23:45:00,0.5623408212316576
2019-12-12 23:48:00,0.5078818660019806
2019-12-12 23:51:00,0.49842588081133954
2019-12-12 23:54:00,0.4638522805150842
2019-12-12 23:57:00,0.5663189512649751
2019-12-13 00:00:00,0.5685361535305447
2019-12-13 00:03:00,0.4936395225508363
2019-12-13 00:06:00,0.6247568308496056
2019-12-13 00:09:00,0.5651541180383788
2019-12-13 00:12:00,0.5310770909132998
2019-12-13 00:15:00,0.4462280152069411
2019-12-13 00:18:00,0.5640400772245471
2019-12-13 00:21:00,0.5103453748919833
2019-12-13 00:24:00,0.4410091338621669
2019-12-13 00:27:00,0.4753172017556153
2019-12-13 00:30:00,0.532070816345481
2019-12-13 00:33:00,0.5420500832309472
2019-12-13 00:36:00,0.4554712647542374
2019-12-13 00:39:00,0.4683188757388166
2019-12-13 00:42:00,0.5355418345609451
2019-12-13 00:45:00,0.666480848777212
2019-12-13 00:48:00,0.6827257110328446
2019-12-13 00:51:00,0.5836585197534987
2019-12-13 00:54:00,0.5778735219569171
2019-12-13 00:57:00,0.5097385944239363
2019-12-13 01:00:00,0.5985715177233715
2019-12-13 01:03:00,0.5720302714178729
2019-12-13 01:06:00,0.5586868503091864
2019-12-13 01:09:00,0.5027668430134327
2019-12-13 01:12:00,0.6589731216014911
2019-12-13 01:15:00,0.5828873834595925
2019-12-13 01:18:00,0.5383463738780847
2019-12-13 01:21:00,0.5273136603830153
2019-12-13 01:24:00,0.5290418817185696
2019-12-13 01:27:00,0.5968442637274052
2019-12-13 01:30:00,0.5618077892149245
2019-12-13 01:33:00,0.586278449322549
2019-12-13 01:36:00,0.6144968203415715
2019-12-13 01:39:00,0.6220267831094475
2019-12-13 01:42:00,0.5375859282054876
2019-12-13 01:45:00,0.6299525965145563
2019-12-13 01:48:00,0.6571079796471508
2019-12-13 01:51:00,0.6864631078053662
2019-12-13 01:54:00,0.7088061697467651
2019-12-13 01:57:00,0.6122708588531509
2019-12-13 02:00:00,0.6826441595345614
2019-12-13 02:03:00,0.7185073909820971
2019-12-13 02:06:00,0.7749138068974162
2019-12-13 02:09:00,0.8312799122708725
2019-12-13 02:12:00,0.7512116666462134
2019-12-13 02:15:00,0.8409886389590611
2019-12-13 02:18:00,0.7440850040200075
2019-12-13 02:21:00,0.7587543290434837
2019-12-13 02:24:00,0.6532059317627272
2019-12-13 02:27:00,0.6820552161510705
2019-12-13 02:30:00,0.6841140288631777
2019-12-13 02:33:00,0.7058319979558974
2019-12-13 02:36:00,0.7452547453540888
2019-12-13 02:39:00,0.690456245440771
2019-12-13 02:42:00,0.7211892510384246
2019-12-13 02:45:00,0.6518188224706023
2019-12-13 02:48:00,0.7068723549469951
2019-12-13 02:51:00,0.6884494770603169
2019-12-13 02:54:00,0.6842628642448858
2019-12-13 02:57:00,0.7051392170206441
2019-12-13 03:00:00,0.6821817996631125
2019-12-13 03:03:00,0.5433256988756625
2019-12-13 03:06:00,0.6891714897215593
2019-12-13 03:09:00,0.6764089240504063
2019-12-13 03:12:00,0.6735269863934263
2019-12-13 03:15:00,0.7041041083631399
2019-12-13 03:18:00,0.6738090144900184
2019-12-13 03:21:00,0.5880691823057873
2019-12-13 03:24:00,0.578663521235967
2019-12-13 03:27:00,0.6532433377025768
2019-12-13 03:30:00,0.6240584623533891
2019-12-13 03:33:00,0.6390960612643539
2019-12-13 03:36:00,0.6559634135691681
2019-12-13 03:39:00,0.6043988521182087
2019-12-13 03:42:00,0.730829846861468
2019-12-13 03:45:00,0.692819239051687
2019-12-13 03:48:00,0.614455342399026
2019-12-13 03:51:00,0.6647162044953348
2019-12-13 03:54:00,0.707369556214303
2019-12-13 03:57:00,0.7415196677285394
2019-12-13 04:00:00,0.683089855235437
2019-12-13 04:03:00,0.6075582335720924
2019-12-13 04:06:00,0.5732148672224184
2019-12-13 04:09:00,0.6400813181485887
2019-12-13 04:12:00,0.6501622279970434
2019-12-13 04:15:00,0.6058763243145222
2019-12-13 04:18:00,0.5936527536561584
2019-12-13 04:21:00,0.5871346072299275
2019-12-13 04:24:00,0.5766927211093957
2019-12-13 04:27:00,0.5636886073791061
2019-12-13 04:30:00,0.6418940830519659
2019-12-13 04:33:00,0.6400583724985722
2019-12-13 04:36:00,0.6165227933609572
2019-12-13 04:39:00,0.5969362279292341
2019-12-13 04:42:00,0.5591010421558167
2019-12-13 04:45:00,0.6225938948301177
2019-12-13 04:48:00,0.6399149045355443
2019-12-13 04:51:00,0.5744832850413104
2019-12-13 04:54:00,0.5728377559194087
2019-12-13 04:57:00,0.5194064816403738
2019-12-13 05:00:00,0.5348725748711445
2019-12-13 05:03:00,0.4563666071034618
2019-12-13 05:06:00,0.4988599351140124
2019-12-13 05:09:00,0.5021512175077874
2019-12-13 05:12:00,0.47873343192463835
2019-12-13 05:15:00,0.4421316463331664
2019-12-13 05:18:00,0.6052164430536209
2019-12-13 05:21:00,0.5494197733455621
2019-12-13 05:24:00,0.6385488867278468
2019-12-13 05:27:00,0.48545993455570624
2019-12-13 05:30:00,0.5359698872007357
2019-12-13 05:33:00,0.6038896021559026
2019-12-13 05:36:00,0.5564100017271585
2019-12-13 05:39:00,0.5342330379518785
2019-12-13 05:42:00,0.47477461293954093
2019-12-13 05:45:00,0.5380443160389063
2019-12-13 05:48:00,0.6007362745540945
2019-12-13 05:51:00,0.6261406053481551
2019-12-13 05:54:00,0.6386783194914187
2019-12-13 05:57:00,0.5625059740892766
2019-12-13 06:00:00,0.48064378454034795
2019-12-13 06:03:00,0.5077595626750622
2019-12-13 06:06:00,0.6100576220053426
2019-12-13 06:09:00,0.7019487544412755
2019-12-13 06:12:00,0.5942584005949243
2019-12-13 06:15:00,0.587633324193007
2019-12-13 06:18:00,0.7097991309635177
2019-12-13 06:21:00,0.6169605693225435
2019-12-13 06:24:00,0.7300779510499069
2019-12-13 06:27:00,0.5921419968980217
2019-12-13 06:30:00,0.5587014914041788
2019-12-13 06:33:00,0.693474228145476
2019-12-13 06:36:00,0.6353805878275125
2019-12-13 06:39:00,0.7180383206310808
2019-12-13 06:42:00,0.6697200641857535
2019-12-13 06:45:00,0.6810573944619591
2019-12-13 06:48:00,0.6961631774677812
2019-12-13 06:51:00,0.6636928541292377
2019-12-13 06:54:00,0.6768727099419038
2019-12-13 06:57:00,0.6134308795801644
2019-12-13 07:00:00,0.5732641614220597
2019-12-13 07:03:00,0.6501030524718772
2019-12-13 07:06:00,0.6529876859287356
2019-12-13 07:09:00,0.6095476052963136
2019-12-13 07:12:00,0.6582705629446082
2019-12-13 07:15:00,0.6184711021378462
2019-12-13 07:18:00,0.663173007934347
2019-12-13 07:21:00,0.5474471570219634
2019-12-13 07:24:00,0.6596936911936382
2019-12-13 07:27:00,0.5849824984887277
2019-12-13 07:30:00,0.4596550271971296
2019-12-13 07:33:00,0.5390114583267973
2019-12-13 07:36:00,0.5615309615772048
2019-12-13 07:39:00,0.49761905059551736
2019-12-13 07:42:00,0.4891491618063242
2019-12-13 07:45:00,0.42816312656316313
2019-12-13 07:48:00,0.46357074523899655
2019-12-13 07:51:00,0.49950122485125803
2019-12-13 07:54:00,0.4485800352848628
2019-12-13 07:57:00,0.45128031905016996
2019-12-13 08:00:00,0.5842423740555773
2019-12-13 08:03:00,0.622067539481236
2019-12-13 08:06:00,0.48401817106730505
2019-12-13 08:09:00,0.5701050335046602
2019-12-13 08:12:00,0.5541803892230064
2019-12-13 08:15:00,0.5917649156685911
2019-12-13 08:18:00,0.4654635526860602
2019-12-13 08:21:00,0.5612076140246245
2019-12-13 08:24:00,0.6204655692936285
2019-12-13 08:27:00,0.5756571524028686
2019-12-13 08:30:00,0.43583886504063685
2019-12-13 08:33:00,0.5027887970126699
2019-12-13 08:36:00,0.4784684429033632
2019-12-13 08:39:00,0.5109018768203555
2019-12-13 08:42:00,0.5120930468507368
2019-12-13 08:45:00,0.4614081598858206
2019-12-13 08:48:00,0.6017115649372613
2019-12-13 08:51:00,0.47005803663722645
2019-12-13 08:54:00,0.46598011815507334
2019-12-13 08:57:00,0.43837522486933267
2019-12-13 09:00:00,0.397766505948141
2019-12-13 09:03:00,0.5088548874586536
2019-12-13 09:06:00,0.49987882953007556
2019-12-13 09:09:00,0.5066177724689851
2019-12-13 09:12:00,0.4371971641497794
2019-12-13 09:15:00,0.4941659522209534
2019-12-13 09:18:00,0.3769615919258058
2019-12-13 09:21:00,0.38562121070822286
2019-12-13 09:24:00,0.33027168125761364
2019-12-13 09:27:00,0.39650735976078977
2019-12-13 09:30:00,0.40605501248467135
2019-12-13 09:33:00,0.4091468150820674
2019-12-13 09:36:00,0.3893748893521547
2019-12-13 09:39:00,0.3913923234891854
2019-12-13 09:42:00,0.42686333300343904
2019-12-13 09:45:00,0.3572061637497086
2019-12-13 09:48:00,0.3184064912684903
2019-12-13 09:51:00,0.4364984302963535
2019-12-13 09:54:00,0.37378547386310856
2019-12-13 09:57:00,0.4541365541103346
2019-12-13 10:00:00,0.3415693322459106
2019-12-13 10:03:00,0.44259384088809384
2019-12-13 10:06:00,0.40402534012065416
2019-12-13 10:09:00,0.4913946508004301
2019-12-13 10:12:00,0.4536792776727907
2019-12-13 10:15:00,0.41407883947317714
2019-12-13 10:18:00,0.44710293158209424
2019-12-13 10:21:00,0.3296763671816052
2019-12-13 10:24:00,0.4081279452646527
2019-12-13 10:27:00,0.32241875860273694
2019-12-13 10:30:00,0.3463963410686688
2019-12-13 10:33:00,0.4495426141835992
2019-12-13 10:36:00,0.3315800579455299
2019-12-13 10:39:00,0.2597433355945782
2019-12-13 10:42:00,0.2817367463989058
2019-12-13 10:45:00,0.4158216513175148
2019-12-13 10:48:00,0.41559120909590774
2019-12-13 10:51:00,0.37007614202434524
2019-12-13 10:54:00,0.25217550400293476
2019-12-13 10:57:00,0.3770510979010737
2019-12-13 11:00:00,0.32090170137774976
2019-12-13 11:03:00,0.2410726935530647
2019-12-13 11:06:00,0.309897343766977
2019-12-13 11:09:00,0.30381342569535263
2019-12-13 11:12:00,0.25530485968062067
2019-12-13 11:15:00,0.2804514644437859
2019-12-13 11:18:00,0.22987771687712666
2019-12-13 11:21:00,0.41868445427502365
2019-12-13 11:24:00,0.30064331313491266
2019-12-13 11:27:00,0.26923902576368164
2019-12-13 11:30:00,0.2812032970496716
2019-12-13 11:33:00,0.2431918962120676
2019-12-13 11:36:00,0.2732592023245388
2019-12-13 11:39:00,0.21611947724477432
2019-12-13 11:42:00,0.3191608461677333
2019-12-13 11:45:00,0.21062631942544385
2019-12-13 11:48:00,0.23856856489095435
2019-12-13 11:51:00,0.2851236879375847
2019-12-13 11:54:00,0.2282256095163575
2019-12-13 11:57:00,0.32007189001922143
2019-12-13 12:00:00,0.17869526005802072
2019-12-13 12:03:00,0.2950808944939354
2019-12-13 12:06:00,0.31144122396705143
2019-12-13 12:09:00,0.2991228980387177
2019-12-13 12:12:00,0.3089189067894722
2019-12-13 12:15:00,0.2595725271171432
2019-12-13 12:18:00,0.1867568285639436
2019-12-13 12:21:00,0.1574873059262245
2019-12-13 12:24:00,0.19591873872280985
2019-12-13 12:27:00,0.20110816144659793
2019-12-13 12:30:00,0.20558853790106468
2019-12-13 12:33:00,0.06694831946498425
2019-12-13 12:36:00,0.14703735292971487
2019-12-13 12:39:00,0.2122073603568424
2019-12-13 12:42:00,0.26855279700896517
2019-12-13 12:45:00,0.1256581171844573
2019-12-13 12:48:00,0.14119724317225746
2019-12-13 12:51:00,0.17684268852451623
2019-12-13 12:54:00,0.1498711768551857
2019-12-13 12:57:00,0.1628760090761716
2019-12-13 13:00:00,0.1648817253405923
2019-12-13 13:03:00,0.16075403325754678
2019-12-13 13:06:00,0.1599169151519959
2019-12-13 13:09:00,0.17451144572555677
2019-12-13 13:12:00,0.2253905132656655
2019-12-13 13:15:00,0.10160758704904538
2019-12-13 13:18:00,0.12362887917936405
2019-12-13 13:21:00,0.15747964711567874
2019-12-13 13:24:00,0.060555578564333246
2019-12-13 13:27:00,0.09828718062595954
2019-12-13 13:30:00,0.09413283841917064
2019-12-13 13:33:00,0.1147626570567013
2019-12-13 13:36:00,0.12747094356046773
2019-12-13 13:39:00,0.09831122680054705
2019-12-13 13:42:00,0.12055447646895345
2019-12-13 13:45:00,0.09271857163366803
2019-12-13 13:48:00,0.0911693681118777
2019-12-13 13:51:00,0.09768036186591189
2019-12-13 13:54:00,0.06857512245937869
2019-12-13 13:57:00,-0.038347789001477395
2019-12-13 14:00:00,0.060465059378657315
2019-12-13 14:03:00,-0.013917299425315832
2019-12-13 14:06:00,0.005684531590929964
2019-12-13 14:09:00,0.009960207811843702
2019-12-13 14:12:00,-0.0715658441917526
2019-12-13 14:15:00,-0.0917924686559104
2019-12-13 14:18:00,0.007787992254804976
2019-12-13 14:21:00,0.017817318700565465
2019-12-13 14:24:00,0.06454436670037467
2019-12-13 14:27:00,-0.07322448526366543
2019-12-13 14:30:00,0.0692259401111528
2019-12-13 14:33:00,0.050684156274826364
2019-12-13 14:36:00,-0.003580180419021417
2019-12-13 14:39:00,0.012657992636150084
2019-12-13 14:42:00,0.13277606000201558
2019-12-13 14:45:00,0.05764114631671191
2019-12-13 14:48:00,0.06164584489505387
2019-12-13 14:51:00,0.014672492283807514
2019-12-13 14:54:00,0.12160111821475539
2019-12-13 14:57:00,0.045141749650724705
2019-12-13 15:00:00,0.03203904223511245
2019-12-13 15:03:00,0.05154618738856698
2019-12-13 15:06:00,-0.01800370785974792
2019-12-13 15:09:00,-0.047751116347683364
2019-12-13 15:12:00,0.05221738798508113
2019-12-13 15:15:00,0.04024221232060654
2019-12-13 15:18:00,-0.031867800586894646
2019-12-13 15:21:00,0.05603319579404342
2019-12-13 15:24:00,-0.08807668627747489
2019-12-13 15:27:00,-0.0644922063111153
2019-12-13 15:30:00,-0.02447360906302265
2019-12-13 15:33:00,-0.05137727892304156
2019-12-13 15:36:00,0.0026167417103124535
2019-12-13 15:39:00,-0.060992303828072636
2019-12-13 15:42:00,-0.12083495327493665
2019-12-13 15:45:00,-0.05741099930344262
2019-12-13 15:48:00,-0.0063542367591935545
2019-12-13 15:51:00,-0.015961836668964224
2019-12-13 15:54:00,-0.010822736155944312
2019-12-13 15:57:00,-0.06409754696369419
2019-12-13 16:00:00,0.04749680566197867
2019-12-13 16:03:00,-0.15307991425828504
2019-12-13 16:06:00,-0.02260535463915403
2019-12-13 16:09:00,-0.03106262003524307
2019-12-13 16:12:00,-0.11691149176471072
2019-12-13 16:15:00,-0.02005634683706603
2019-12-13 16:18:00,0.03493497966491077
2019-12-13 16:21:00,-0.06558965659371552
2019-12-13 16:24:00,-0.09439866766592786
2019-12-13 16:27:00,-0.017234101561030002
2019-12-13 16:30:00,-0.09753737465814538
2019-12-13 16:33:00,-0.07886608514195359
2019-12-13 16:36:00,-0.1459519878567903
2019-12-13 16:39:00,-0.1369046041730826
2019-12-13 16:42:00,0.041783633187549185
2019-12-13 16:45:00,-0.04503098047553067
2019-12-13 16:48:00,-0.12922700042838642
2019-12-13 16:51:00,-0.05984520880161881
2019-12-13 16:54:00,-0.07767101352078498
2019-12-13 16:57:00,-0.031979929134820395
2019-12-13 17:00:00,-0.13334305373490452
2019-12-13 17:03:00,-0.11345249948425362
2019-12-13 17:06:00,-0.0831304277458571
2019-12-13 17:09:00,-0.06908714165950869
2019-12-13 17:12:00,-0.08879562414631437
2019-12-13 17:15:00,-0.06725143373290621
2019-12-13 17:18:00,-0.0837740998983918
2019-12-13 17:21:00,-0.05358190502505522
2019-12-13 17:24:00,-0.047958103074734026
2019-12-13 17:27:00,-0.029170904534112196
2019-12-13 17:30:00,-0.014218791207383674
2019-12-13 17:33:00,0.04644898750342463
2019-12-13 17:36:00,0.0776916373196741
2019-12-13 17:39:00,0.0040870804241421865
2019-12-13 17:42:00,-0.029786560376408033
2019-12-13 17:45:00,-0.014184010341011799
2019-12-13 17:48:00,-0.07207168009364295
2019-12-13 17:51:00,0.09307801000051086
2019-12-13 17:54:00,-0.03378406731320638
2019-12-13 17:57:00,0.11314642337356418
2019-12-13 18:00:00,0.028348997985006008
2019-12-13 18:03:00,0.04533712282585611
2019-12-13 18:06:00,-0.015650222718022633
2019-12-13 18:09:00,0.12829194679761713
2019-12-13 18:12:00,0.1126181038850973
2019-12-13 18:15:00,0.22384511649710248
2019-12-13 18:18:00,0.11570027852542353
2019-12-13 18:21:00,0.19256409787493567
2019-12-13 18:24:00,0.012610864637338182
2019-12-13 18:27:00,0.18643153052295247
2019-12-13 18:30:00,0.16463466544161065
2019-12-13 18:33:00,0.17777073631077656
2019-12-13 18:36:00,0.14238957158119092
2019-12-13 18:39:00,0.2203819567958476
2019-12-13 18:42:00,0.09469963761273448
2019-12-13 18:45:00,0.11809731972545023
2019-12-13 18:48:00,0.2218731276240078
2019-12-13 18:51:00,0.15071701458793996
2019-12-13 18:54:00,0.11934596794833396
2019-12-13 18:57:00,
2019-12-13 19:00:00,
2019-12-13 19:03:00,0.1361272220203773
2019-12-13 19:06:00,0.11271543325653965
2019-12-13 19:09:00,0.21632517682002117
2019-12-13 19:12:00,0.08649379297872883
2019-12-13 19:15:00,0.19129458346122874
2019-12-13 19:18:00,0.11373228892438192
2019-12-13 19:21:00,0.07723573769277436
2019-12-13 19:24:00,0.10421263900769873
2019-12-13 19:27:00,0.21303496901714425
2019-12-13 19:30:00,0.20467198413547294
2019-12-13 19:33:00,0.11969527474809638
2019-12-13 19:36:00,0.18976315762319018
2019-12-13 19:39:00,0.3516644574240786
2019-12-13 19:42:00,0.4477059626805726
2019-12-13 19:45:00,0.3577746135867983
2019-12-13 19:48:00,0.33997899465350656
2019-12-13 19:51:00,0.39862430441462493
2019-12-13 19:54:00,0.3970478635980612
2019-12-13 19:57:00,0.1563169089727694
2019-12-13 20:00:00,0.2546653518686526
2019-12-13 20:03:00,0.19900960876691443
2019-12-13 20:06:00,0.3249933049835363
2019-12-13 20:09:00,0.27043670613772974
2019-12-13 20:12:00,0.2956768178237894
2019-12-13 20:15:00,0.2169619941981864
2019-12-13 20:18:00,0.21232780946877483
2019-12-13 20:21:00,0.2571262712896214
2019-12-13 20:24:00,0.1925571665472603
2019-12-13 20:27:00,0.2752967107659856
2019-12-13 20:30:00,0.2221977540477269
2019-12-13 20:33:00,0.21619064480330508
2019-12-13 20:36:00,0.1874829227701298
2019-12-13 20:39:00,0.27512929487392057
2019-12-13 20:42:00,0.26151607289625645
2019-12-13 20:45:00,0.24035037818526916
2019-12-13 20:48:00,0.1487542485550648
2019-12-13 20:51:00,0.2240173865337738
2019-12-13 20:54:00,0.2772363998317928
2019-12-13 20:57:00,0.15264537103564635
2019-12-13 21:00:00,0.24760725314160936
2019-12-13 21:03:00,0.11471731534948049
2019-12-13 21:06:00,0.1978798317996393
2019-12-13 21:09:00,0.22773577531449973
2019-12-13 21:12:00,0.26016759398657996
2019-12-13 21:15:00,0.2303078473186133
2019-12-13 21:18:00,0.3083119891761612
2019-12-13 21:21:00,0.2416089274873343
2019-12-13 21:24:00,0.1745280540998806
2019-12-13 21:27:00,0.24958004740761908
2019-12-13 21:30:00,0.30081302483102945
2019-12-13 21:33:00,0.20043717052072907
2019-12-13 21:36:00,0.17678921772511558
2019-12-13 21:39:00,0.1319117668372769
2019-12-13 21:42:00,0.25610420540283485
2019-12-13 21:45:00,0.1853130763534523
2019-12-13 21:48:00,0.25109891819681707
2019-12-13 21:51:00,0.26857616240130255
2019-12-13 21:54:00,0.25693337899650714
2019-12-13 21:57:00,0.24686121651353687
2019-12-13 22:00:00,0.31286853914434687
2019-12-13 22:03:00,0.19749377012749392
2019-12-13 22:06:00,0.22488904698820988
2019-12-13 22:09:00,0.21294945698025458
2019-12-13 22:12:00,0.29325616318720904
2019-12-13 22:15:00,0.324856182298106
2019-12-13 22:18:00,0.18136561627767378
2019-12-13 22:21:00,0.28839421891211714
2019-12-13 22:24:00,0.25816649276481485
2019-12-13 22:27:00,0.3367693623284822
2019-12-13 22:30:00,0.1897650538339235
2019-12-13 22:33:00,0.34498925406643366
2019-12-13 22:36:00,0.3675884119820694
2019-12-13 22:39:00,0.27616906043505196
2019-12-13 22:42:00,0.3166546133896304
2019-12-13 22:45:00,0.30466436277492903
2019-12-13 22:48:00,0.35728482278193496
2019-12-13 22:51:00,0.37594620789457167
2019-12-13 22:54:00,0.24643444710494578
2019-12-13 22:57:00,0.39962305176925383
2019-12-13 23:00:00,0.32353113380202103
2019-12-13 23:03:00,0.26860047429937595
2019-12-13 23:06:00,0.38048544277870633
2019-12-13 23:09:00,0.26162136368037636
2019-12-13 23:12:00,0.36150870238702737
2019-12-13 23:15:00,0.383258766902145
2019-12-13 23:18:00,0.39499567523375845
2019-12-13 23:21:00,0.4119676809503403
2019-12-13 23:24:00,0.4671882180409739
2019-12-13 23:27:00,0.3717024583907005
2019-12-13 23:30:00,0.42107775504194933
2019-12-13 23:33:00,0.40530794586265984
2019-12-13 23:36:00,0.3632013392673912
2019-12-13 23:39:00,0.3533694626645456
2019-12-13 23:42:00,0.4657996144880485
2019-12-13 23:45:00,0.35525834391597755
2019-12-13 23:48:00,0.4031386813633162
2019-12-13 23:51:00,0.3290965724722241
2019-12-13 23:54:00,0.3849549321904533
2019-12-13 23:57:00,0.3068755392611706
2019-12-14 00:00:00,0.3732660653465132
2019-12-14 00:03:00,0.37715672310781656
2019-12-14 00:06:00,0.30482348394906467
2019-12-14 00:09:00,0.3150366158191673
2019-12-14 00:12:00,0.3539918618953948
2019-12-14 00:15:00,0.35076579190786106
2019-12-14 00:18:00,0.38584020300339716
2019-12-14 00:21:00,0.37058143377993247
2019-12-14 00:24:00,0.2797126235677183
2019-12-14 00:27:00,0.43119302012331673
2019-12-14 00:30:00,0.43946960318316997
2019-12-14 00:33:00,0.3604975321003394
2019-12-14 00:36:00,0.33745393684824876
2019-12-14 00:39:00,0.3640618826206037
2019-12-14 00:42:00,0.357917079233232
2019-12-14 00:45:00,0.3106558042488814
2019-12-14 00:48:00,0.2744820021911778
2019-12-14 00:51:00,0.3447530028822712
2019-12-14 00:54:00,0.3850248716087208
2019-12-14 00:57:00,0.40527766544238375
2019-12-14 01:00:00,0.33347706252459375
2019-12-14 01:03:00,0.4523638198676281
2019-12-14 01:06:00,0.33629239637684805
2019-12-14 01:09:00,0.32720119524373104
2019-12-14 01:12:00,0.3834180684488615
2019-12-14 01:15:00,0.4154430736137442
2019-12-14 01:18:00,0.4666837411294864
2019-12-14 01:21:00,0.44552141125899425
2019-12-14 01:24:00,0.5029592042776585
2019-12-14 01:27:00,0.49500791116832943
2019-12-14 01:30:00,0.4869961291080358
2019-12-14 01:33:00,0.3740962963483412
2019-12-14 01:36:00,0.5022230754105408
2019-12-14 01:39:00,0.34856579783252073
2019-12-14 01:42:00,0.4709965192379286
2019-12-14 01:45:00,0.4713892615141049
2019-12-14 01:48:00,0.35266972018894194
2019-12-14 01:51:00,0.436889079385935
2019-12-14 01:54:00,0.4498151302856854
2019-12-14 01:57:00,0.4584460137560882
2019-12-14 02:00:00,0.604751764223181
2019-12-14 02:03:00,0.5586195171929376
2019-12-14 02:06:00,0.552426587433331
2019-12-14 02:09:00,0.6236248393536243
2019-12-14 02:12:00,0.5550289640372057
2019-12-14 02:15:00,0.586850467983254
2019-12-14 02:18:00,0.5627417131854031
2019-12-14 02:21:00,0.5097530049251873
2019-12-14 02:24:00,0.4722898451681772
2019-12-14 02:27:00,0.6142833865272337
2019-12-14 02:30:00,0.5893787657029748
2019-12-14 02:33:00,0.602042838336331
2019-12-14 02:36:00,0.4701306310510631
2019-12-14 02:39:00,0.5454349076132416
2019-12-14 02:42:00,0.6384194540478916
2019-12-14 02:45:00,0.6966337823482718
2019-12-14 02:48:00,0.503176005263299
2019-12-14 02:51:00,0.555702277334035
2019-12-14 02:54:00,0.5767187432299465
2019-12-14 02:57:00,0.40580803299593526
2019-12-14 03:00:00,0.49377478233628835
2019-12-14 03:03:00,0.4765327928883494
2019-12-14 03:06:00,0.5634801614903608
2019-12-14 03:09:00,0.6593720479349372
2019-12-14 03:12:00,0.7309596354769496
2019-12-14 03:15:00,0.6689983385654159
2019-12-14 03:18:00,0.4942811612700666
2019-12-14 03:21:00,0.5766652830182011
2019-12-14 03:24:00,0.5324738396963085
2019-12-14 03:27:00,0.6141724856707924
2019-12-14 03:30:00,0.5831654925733005
2019-12-14 03:33:00,0.5438831128003017
2019-12-14 03:36:00,0.5758187364179435
2019-12-14 03:39:00,0.5669648021834632
2019-12-14 03:42:00,0.5510597167113929
2019-12-14 03:45:00,0.599191945309542
2019-12-14 03:48:00,0.5723365026287297
2019-12-14 03:51:00,0.5571979131275953
2019-12-14 03:54:00,0.5766365411681704
2019-12-14 03:57:00,0.5753869573090924
2019-12-14 04:00:00,0.6734275852706446
2019-12-14 04:03:00,0.5701096829326389
2019-12-14 04:06:00,0.5249161238990041
2019-12-14 04:09:00,0.6248616184057596
2019-12-14 04:12:00,0.5722292588479263
2019-12-14 04:15:00,0.5711827564991268
2019-12-14 04:18:00,0.4927906935776605
2019-12-14 04:21:00,0.5033294193954134
2019-12-14 04:24:00,0.558136212148554
2019-12-14 04:27:00,0.5763801275030005
2019-12-14 04:30:00,0.5185762395479969
2019-12-14 04:33:00,0.5358752087066705
2019-12-14 04:36:00,0.6222688687673212
2019-12-14 04:39:00,0.7325090308312383
2019-12-14 04:42:00,0.636076258718731
2019-12-14 04:45:00,0.5950489144913149
2019-12-14 04:48:00,0.594266198026844
2019-12-14 04:51:00,0.6628698722628314
2019-12-14 04:54:00,0.6847899210040396
2019-12-14 04:57:00,0.6543930161847697
2019-12-14 05:00:00,0.6921017463302519
2019-12-14 05:03:00,0.7090095503424436
2019-12-14 05:06:00,0.7254907571566491
2019-12-14 05:09:00,0.5815833756553843
2019-12-14 05:12:00,0.7032566068803021
2019-12-14 05:15:00,0.6243657131057034
2019-12-14 05:18:00,0.6105586768081253
2019-12-14 05:21:00,0.5602315944050815
2019-12-14 05:24:00,0.66492666493059
2019-12-14 05:27:00,0.5534123605873447
2019-12-14 05:30:00,0.5498444683524895
2019-12-14 05:33:00,0.5951509315830776
2019-12-14 05:36:00,0.6054800390734272
2019-12-14 05:39:00,0.6108977454300657
2019-12-14 05:42:00,0.5123430184727908
2019-12-14 05:45:00,0.55142808657763
2019-12-14 05:48:00,0.681155255469946
2019-12-14 05:51:00,0.5224570619001838
2019-12-14 05:54:00,0.5981718592460652
2019-12-14 05:57:00,0.6019083009487645
2019-12-14 06:00:00,0.6352688432170339
2019-12-14 06:03:00,0.6091973149253818
2019-12-14 06:06:00,0.5098006957942971
2019-12-14 06:09:00,0.6317714314740783
2019-12-14 06:12:00,0.5675279935766753
2019-12-14 06:15:00,0.5570221873798005
2019-12-14 06:18:00,0.55713083122032
2019-12-14 06:21:00,0.5674901771296845
2019-12-14 06:24:00,0.5435512221850445
2019-12-14 06:27:00,0.5929286394357973
2019-12-14 06:30:00,0.64099418081463
2019-12-14 06:33:00,0.5892724898458255
2019-12-14 06:36:00,0.5913225476843422
2019-12-14 06:39:00,0.6618840155119301
2019-12-14 06:42:00,0.6490574929953823
2019-12-14 06:45:00,0.6212021174459892
2019-12-14 06:48:00,0.5437148689934475
2019-12-14 06:51:00,0.6748207366499628
2019-12-14 06:54:00,0.6981604260626
2019-12-14 06:57:00,0.5552111547751224
2019-12-14 07:00:00,0.5688207882199663
2019-12-14 07:03:00,0.6099116977674726
2019-12-14 07:06:00,0.7169611156287488
2019-12-14 07:09:00,0.5254679432266016
2019-12-14 07:12:00,0.5807200715398722
2019-12-14 07:15:00,0.6282789687969625
2019-12-14 07:18:00,0.5610929104638558
2019-12-14 07:21:00,0.6089225800771487
2019-12-14 07:24:00,0.5608091700638056
2019-12-14 07:27:00,0.5560292596852037
2019-12-14 07:30:00,0.49991297370519305
2019-12-14 07:33:00,0.5695863511099333
2019-12-14 07:36:00,0.5679574311615738
2019-12-14 07:39:00,0.5168383859326013
2019-12-14 07:42:00,0.49141465112182914
2019-12-14 07:45:00,0.5134509780290841
2019-12-14 07:48:00,0.44744183858824726
2019-12-14 07:51:00,0.4513463431422906
2019-12-14 07:54:00,0.45536931291428573
2019-12-14 07:57:00,0.5473524626214612
2019-12-14 08:00:00,0.5629047987665103
2019-12-14 08:03:00,0.5419479170051886
2019-12-14 08:06:00,0.4809729111082106
2019-12-14 08:09:00,0.5428117925805509
2019-12-14 08:12:00,0.5725699485101359
2019-12-14 08:15:00,0.6006015687101467
2019-12-14 08:18:00,0.5934760102915675
2019-12-14 08:21:00,0.5266595081927221
2019-12-14 08:24:00,0.5030770680527894
2019-12-14 08:27:00,0.5763651351323347
2019-12-14 08:30:00,0.5305026942918403
2019-12-14 08:33:00,0.489532559111467
2019-12-14 08:36:00,0.4335006864695288
2019-12-14 08:39:00,0.5058306843899345
2019-12-14 08:42:00,0.5197038771009375
2019-12-14 08:45:00,0.5247419313004116
2019-12-14 08:48:00,0.49625695858583185
2019-12-14 08:51:00,0.5547466984222069
2019-12-14 08:54:00,0.42773925300974724
2019-12-14 08:57:00,0.5526658610632467
2019-12-14 09:00:00,0.46890068853389266
2019-12-14 09:03:00,0.4548118761593969
2019-12-14 09:06:00,0.46656606916053533
2019-12-14 09:09:00,0.4675381797015916
2019-12-14 09:12:00,0.4502934635857514
2019-12-14 09:15:00,0.43537500929397766
2019-12-14 09:18:00,0.4223121940351575
2019-12-14 09:21:00,0.4810749322988386
2019-12-14 09:24:00,0.4694602039466531
2019-12-14 09:27:00,0.4549443252212768
2019-12-14 09:30:00,0.4553131860463395
2019-12-14 09:33:00,0.47526221462345575
2019-12-14 09:36:00,0.5007749046689582
2019-12-14 09:39:00,0.5017917117350521
2019-12-14 09:42:00,0.539724951746507
2019-12-14 09:45:00,0.5455417069131272
2019-12-14 09:48:00,0.4976148587742273
2019-12-14 09:51:00,0.4317033238411341
2019-12-14 09:54:00,0.581892864242036
2019-12-14 09:57:00,0.5699141708597608
2019-12-14 10:00:00,0.4411121675483969
2019-12-14 10:03:00,0.29184844563360457
2019-12-14 10:06:00,0.3944454749579904
2019-12-14 10:09:00,0.32912036708245296
2019-12-14 10:12:00,0.44841135225362905
2019-12-14 10:15:00,0.3764361987073812
2019-12-14 10:18:00,0.3949017278613951
2019-12-14 10:21:00,0.28117255669991437
2019-12-14 10:24:00,0.3120275341418619
2019-12-14 10:27:00,0.34454297791813815
2019-12-14 10:30:00,0.34546115147901446
2019-12-14 10:33:00,0.3736788737166421
2019-12-14 10:36:00,0.4971326586083933
2019-12-14 10:39:00,0.4239292129390151
2019-12-14 10:42:00,0.44566946916000916
2019-12-14 10:45:00,0.439898472683808
2019-12-14 10:48:00,0.4706438802001003
2019-12-14 10:51:00,0.476434059859173
2019-12-14 10:54:00,0.43947879241216015
2019-12-14 10:57:00,0.4302817361352709
2019-12-14 11:00:00,0.45702365755516894
2019-12-14 11:03:00,0.3816731019137478
2019-12-14 11:06:00,0.37069574844946374
2019-12-14 11:09:00,0.32529138014615455
2019-12-14 11:12:00,0.3899172856141604
2019-12-14 11:15:00,0.2702121730243334
2019-12-14 11:18:00,0.28022047584471466
2019-12-14 11:21:00,0.28949550699701376
2019-12-14 11:24:00,0.27002569597271986
2019-12-14 11:27:00,0.1987290483407378
2019-12-14 11:30:00,0.19804822681737733
2019-12-14 11:33:00,0.19432767868369183
2019-12-14 11:36:00,0.2549731710043943
2019-12-14 11:39:00,0.22319611458578947
2019-12-14 11:42:00,0.2384768363926355
2019-12-14 11:45:00,0.18919428254883996
2019-12-14 11:48:00,0.15596775932061746
2019-12-14 11:51:00,0.23698906838518496
2019-12-14 11:54:00,0.3015727517421851
2019-12-14 11:57:00,0.14245341742656592
2019-12-14 12:00:00,0.16376584654034332
2019-12-14 12:03:00,0.09936944144993731
2019-12-14 12:06:00,0.017905021326498627
2019-12-14 12:09:00,0.2140982306704018
2019-12-14 12:12:00,0.05959353282366919
2019-12-14 12:15:00,0.12912659620343447
2019-12-14 12:18:00,0.02054347327288042
2019-12-14 12:21:00,0.07159738887821732
2019-12-14 12:24:00,0.094719891649504
2019-12-14 12:27:00,0.11824638453407488
2019-12-14 12:30:00,0.19459483456012094
2019-12-14 12:33:00,0.11199863604366556
2019-12-14 12:36:00,0.07036705227022821
2019-12-14 12:39:00,0.0009573452950348837
2019-12-14 12:42:00,0.10333245993342643
2019-12-14 12:45:00,0.16558095137094142
2019-12-14 12:48:00,0.12397050597701309
2019-12-14 12:51:00,0.05963784534964134
2019-12-14 12:54:00,0.009525426107984458
2019-12-14 12:57:00,0.05439460359525583
2019-12-14 13:00:00,0.028349268213219148
2019-12-14 13:03:00,-0.012903511615263596
2019-12-14 13:06:00,0.07712035130919048
2019-12-14 13:09:00,0.14440352800363598
2019-12-14 13:12:00,0.08664788406059643
2019-12-14 13:15:00,0.14592390500763486
2019-12-14 13:18:00,0.05021433806285813
2019-12-14 13:21:00,0.08086364562285553
2019-12-14 13:24:00,0.03455398562238088
2019-12-14 13:27:00,0.03778642694959444
2019-12-14 13:30:00,-0.10087941210338158
2019-12-14 13:33:00,-0.0013084279233908092
2019-12-14 13:36:00,0.0720014113343268
2019-12-14 13:39:00,0.11835327110964045
2019-12-14 13:42:00,0.13208648918333665
2019-12-14 13:45:00,0.1419601438313407
2019-12-14 13:48:00,0.1272807623006429
2019-12-14 13:51:00,0.10397262379956373
2019-12-14 13:54:00,0.03405240395920828
2019-12-14 13:57:00,0.07152630764164769
2019-12-14 14:00:00,0.09658904219389797
2019-12-14 14:03:00,0.1463059012615986
2019-12-14 14:06:00,0.07882587950933839
2019-12-14 14:09:00,0.10561424407882214
2019-12-14 14:12:00,0.05171773974888083
2019-12-14 14:15:00,0.1593572363254907
2019-12-14 14:18:00,0.10130224608468552
2019-12-14 14:21:00,0.21831949481600077
2019-12-14 14:24:00,0.15621946425528677
2019-12-14 14:27:00,0.16000233791550045
2019-12-14 14:30:00,0.10681551663014943
2019-12-14 14:33:00,0.17417952448636242
2019-12-14 14:36:00,0.18564038748377243
2019-12-14 14:39:00,0.14664141397821595
2019-12-14 14:42:00,0.07974289022013181
2019-12-14 14:45:00,0.05850358992057636
2019-12-14 14:48:00,-0.060206309600403074
2019-12-14 14:51:00,0.039671147026922426
2019-12-14 14:54:00,-0.010566355749119793
2019-12-14 14:57:00,-0.03803749065264128
2019-12-14 15:00:00,0.03223591423557082
2019-12-14 15:03:00,0.1381027884100945
2019-12-14 15:06:00,0.011264229267737846
2019-12-14 15:09:00,-0.04422404036159833
2019-12-14 15:12:00,0.13889075218168045
2019-12-14 15:15:00,0.061405753678343444
2019-12-14 15:18:00,0.07760749134274647
2019-12-14 15:21:00,0.16915505782048967
2019-12-14 15:24:00,0.12944778469147877
2019-12-14 15:27:00,0.07273820683428767
2019-12-14 15:30:00,0.13632961848151126
2019-12-14 15:33:00,0.08053599272545853
2019-12-14 15:36:00,0.17115975266381156
2019-12-14 15:39:00,0.1526381524317344
2019-12-14 15:42:00,0.00956916528042484
2019-12-14 15:45:00,0.15430367058326055
2019-12-14 15:48:00,0.15365138442928128
2019-12-14 15:51:00,0.09389056794452699
2019-12-14 15:54:00,0.13586777003513362
2019-12-14 15:57:00,0.03405954170830228
2019-12-14 16:00:00,0.11754793916423978
2019-12-14 16:03:00,0.1235551772486474
2019-12-14 16:06:00,0.09925911554387312
2019-12-14 16:09:00,-0.014055016350312144
2019-12-14 16:12:00,0.12137523237089454
2019-12-14 16:15:00,0.08043228351817788
2019-12-14 16:18:00,0.20053878725502727
2019-12-14 16:21:00,0.1808414730476784
2019-12-14 16:24:00,0.13385756254564285
2019-12-14 16:27:00,0.05539812041575942
2019-12-14 16:30:00,0.060579149698583024
2019-12-14 16:33:00,0.033135136572184365
2019-12-14 16:36:00,-0.0839749784192918
2019-12-14 16:39:00,0.01999295976469284
2019-12-14 16:42:00,-0.031042995006998808
2019-12-14 16:45:00,-0.026043744784431055
2019-12-14 16:48:00,-0.011825673556643324
2019-12-14 16:51:00,-0.03982322777790159
2019-12-14 16:54:00,-0.12819683806185367
2019-12-14 16:57:00,0.056236979077141314
2019-12-14 17:00:00,0.026905132097965634
2019-12-14 17:03:00,0.0839340210632713
2019-12-14 17:06:00,0.03639598358273588
2019-12-14 17:09:00,0.053390258775039
2019-12-14 17:12:00,0.028489612974055945
2019-12-14 17:15:00,0.08583921296894914
2019-12-14 17:18:00,0.052650710820444147
2019-12-14 17:21:00,-0.04452640557593668
2019-12-14 17:24:00,0.13438658880357934
2019-12-14 17:27:00,0.0748993495542436
2019-12-14 17:30:00,0.018113624072725543
2019-12-14 17:33:00,0.13846639758020274
2019-12-14 17:36:00,0.14131766238313048
2019-12-14 17:39:00,0.01320090923815087
2019-12-14 17:42:00,0.22560636417381374
2019-12-14 17:45:00,0.15503335423784392
2019-12-14 17:48:00,0.1362051914555309
2019-12-14 17:51:00,0.10547759571352344
2019-12-14 17:54:00,0.2561041851599839
2019-12-14 17:57:00,0.38201735731837516
2019-12-14 18:00:00,0.3270063275830353
2019-12-14 18:03:00,0.26633984221382434
2019-12-14 18:06:00,0.3568587514373007
2019-12-14 18:09:00,0.3313725659690476
2019-12-14 18:12:00,0.2573925074833028
2019-12-14 18:15:00,0.2342439683417865
2019-12-14 18:18:00,0.16306692738265838
2019-12-14 18:21:00,0.20996712750968527
2019-12-14 18:24:00,0.1768849616875059
2019-12-14 18:27:00,0.15053283591896616
2019-12-14 18:30:00,0.2192784454155685
2019-12-14 18:33:00,0.25981273196640586
2019-12-14 18:36:00,0.25695815537750377
2019-12-14 18:39:00,0.3128817874850256
2019-12-14 18:42:00,0.35622575918660004
2019-12-14 18:45:00,0.3713534079769829
2019-12-14 18:48:00,0.41621246586845473
2019-12-14 18:51:00,0.3293916001510979
2019-12-14 18:54:00,0.4361971433567078
2019-12-14 18:57:00,
2019-12-14 19:00:00,
2019-12-14 19:03:00,0.3366443767353644
2019-12-14 19:06:00,0.3265721174529972
2019-12-14 19:09:00,0.41538963685843555
2019-12-14 19:12:00,0.3809087102162607
2019-12-14 19:15:00,0.45597323507172405
2019-12-14 19:18:00,0.4910747036998373
2019-12-14 19:21:00,0.35775020725827744
2019-12-14 19:24:00,0.398633499513835
2019-12-14 19:27:00,0.3673985936948725
2019-12-14 19:30:00,0.35239232758459593
2019-12-14 19:33:00,0.5305584683143252
2019-12-14 19:36:00,0.42026659870350613
2019-12-14 19:39:00,0.40957826610269876
2019-12-14 19:42:00,0.3674422214445485
2019-12-14 19:45:00,0.378621779689297
2019-12-14 19:48:00,0.4425952235677073
2019-12-14 19:51:00,0.4049628128067866
2019-12-14 19:54:00,0.4781240863561038
2019-12-14 19:57:00,0.44536781519940405
2019-12-14 20:00:00,0.5243507556186842
2019-12-14 20:03:00,0.34877644708046773
2019-12-14 20:06:00,0.4679401978418696
2019-12-14 20:09:00,0.5079043949954212
2019-12-14 20:12:00,0.472851738860129
2019-12-14 20:15:00,0.45355053504943044
2019-12-14 20:18:00,0.5118671681389628
2019-12-14 20:21:00,0.40208064976553715
2019-12-14 20:24:00,0.41231394376882236
2019-12-14 20:27:00,0.4142134818408749
2019-12-14 20:30:00,0.4650103576940978
2019-12-14 20:33:00,0.39425181402612
2019-12-14 20:36:00,0.45523362188407646
2019-12-14 20:39:00,0.42340022218866125
2019-12-14 20:42:00,0.4075192308645228
2019-12-14 20:45:00,0.4436880975301847
2019-12-14 20:48:00,0.46836088868593606
2019-12-14 20:51:00,0.45508017316109317
2019-12-14 20:54:00,0.5013897486541055
2019-12-14 20:57:00,0.558456083829526
2019-12-14 21:00:00,0.5819677859929584
2019-12-14 21:03:00,0.5700464693816798
2019-12-14 21:06:00,0.5700047395658885
2019-12-14 21:09:00,0.771423641489946
2019-12-14 21:12:00,0.6573870680648497
2019-12-14 21:15:00,0.7143169672268641
2019-12-14 21:18:00,0.6102043868088458
2019-12-14 21:21:00,0.5516047950830512
2019-12-14 21:24:00,0.5537761555925726
2019-12-14 21:27:00,0.5638379468989569
2019-12-14 21:30:00,0.5483061524456616
2019-12-14 21:33:00,0.46090185615707924
2019-12-14 21:36:00,0.4669391119695092
2019-12-14 21:39:00,0.39487260553772785
2019-12-14 21:42:00,0.43303791926501845
2019-12-14 21:45:00,0.5237315323071243
2019-12-14 21:48:00,0.5006880058630259
2019-12-14 21:51:00,0.45157113514528646
2019-12-14 21:54:00,0.60526332472881
2019-12-14 21:57:00,0.47425868483401246
2019-12-14 22:00:00,0.4705210485478233
2019-12-14 22:03:00,0.48968123071608716
2019-12-14 22:06:00,0.6390514281698074
2019-12-14 22:09:00,0.4683741216723547
2019-12-14 22:12:00,0.45867013658767064
2019-12-14 22:15:00,0.48502087609705313
2019-12-14 22:18:00,0.5438914024053929
2019-12-14 22:21:00,0.5349916912054482
2019-12-14 22:24:00,0.46456506426380884
2019-12-14 22:27:00,0.4068641306843688
2019-12-14 22:30:00,0.42687736663793885
2019-12-14 22:33:00,0.3888012286615776
2019-12-14 22:36:00,0.43626751690720766
2019-12-14 22:39:00,0.4539282611557951
2019-12-14 22:42:00,0.5499890902555649
2019-12-14 22:45:00,0.5172768192433068
2019-12-14 22:48:00,0.5167313973955174
2019-12-14 22:51:00,0.5413964993902596
2019-12-14 22:54:00,0.5911679192902284
2019-12-14 22:57:00,0.5781155520206767
2019-12-14 23:00:00,0.5675810208972507
2019-12-14 23:03:00,0.5780476908293508
2019-12-14 23:06:00,0.6103515717678079
2019-12-14 23:09:00,0.5902805580612949
2019-12-14 23:12:00,0.5839642600809043
2019-12-14 23:15:00,0.5551073647237672
2019-12-14 23:18:00,0.5169196912660254
2019-12-14 23:21:00,0.5369717437746431
2019-12-14 23:24:00,0.5691947078254884
2019-12-14 23:27:00,0.486982746663557
2019-12-14 23:30:00,0.48783879690790855
2019-12-14 23:33:00,0.5014351652591245
2019-12-14 23:36:00,0.4624106498452534
2019-12-14 23:39:00,0.6193230048385772
2019-12-14 23:42:00,0.5925912561702376
2019-12-14 23:45:00,0.5860609249658069
2019-12-14 23:48:00,0.6548990183579804
2019-12-14 23:51:00,0.6557324820869326
2019-12-14 23:54:00,0.8347300812982326
2019-12-14 23:57:00,0.7867500082056722
2019-12-15 00:00:00,0.8638366321703188
2019-12-15 00:03:00,0.7882514801585216
2019-12-15 00:06:00,0.8323324059841752
2019-12-15 00:09:00,0.8921996289885783
2019-12-15 00:12:00,0.8603630489720899
2019-12-15 00:15:00,0.8240403799455862
2019-12-15 00:18:00,0.9123361131719321
2019-12-15 00:21:00,0.8375614882904756
2019-12-15 00:24:00,0.8716754839830401
2019-12-15 00:27:00,0.92990114474253
2019-12-15 00:30:00,0.8433611580564389
2019-12-15 00:33:00,0.7218360102519341
2019-12-15 00:36:00,0.7661335297872824
2019-12-15 00:39:00,0.7643860470007553
2019-12-15 00:42:00,0.6563765422670826
2019-12-15 00:45:00,0.780086362449083
2019-12-15 00:48:00,0.8578868331474041
2019-12-15 00:51:00,0.8291146378700205
2019-12-15 00:54:00,0.8780725511637115
2019-12-15 00:57:00,0.8492189173035172
2019-12-15 01:00:00,0.8016335574719164
2019-12-15 01:03:00,0.7983635945595324
2019-12-15 01:06:00,0.6982395178031311
2019-12-15 01:09:00,0.7678177540532829
2019-12-15 01:12:00,0.729889513630269
2019-12-15 01:15:00,0.8104916829792614
2019-12-15 01:18:00,0.8499038328192228
2019-12-15 01:21:00,0.8448137303760745
2019-12-15 01:24:00,0.8640105457230334
2019-12-15 01:27:00,0.8059518953356815
2019-12-15 01:30:00,0.8244624802545104
2019-12-15 01:33:00,0.7536762937401136
2019-12-15 01:36:00,0.8997430221434684
2019-12-15 01:39:00,0.8870314788594555
2019-12-15 01:42:00,0.8967949443845669
2019-12-15 01:45:00,0.8037985501210301
2019-12-15 01:48:00,0.7311905492896926
2019-12-15 01:51:00,0.823446690945218
2019-12-15 01:54:00,0.7782204639150336
2019-12-15 01:57:00,0.723087432908244
2019-12-15 02:00:00,0.7695046409499469
2019-12-15 02:03:00,0.8004200793797622
2019-12-15 02:06:00,0.6954145188375946
2019-12-15 02:09:00,0.7986632645863097
2019-12-15 02:12:00,0.7238159370247672
2019-12-15 02:15:00,0.7413393842920186
2019-12-15 02:18:00,0.6913497129552866
2019-12-15 02:21:00,0.8016020157402863
2019-12-15 02:24:00,0.8261428105354298
2019-12-15 02:27:00,0.8063972124769521
2019-12-15 02:30:00,0.7462053982016528
2019-12-15 02:33:00,0.7160941850656286
2019-12-15 02:36:00,0.6714514425024731
2019-12-15 02:39:00,0.703592286193782
2019-12-15 02:42:00,0.6869828168552203
2019-12-15 02:45:00,0.7351486107498886
2019-12-15 02:48:00,0.7689821074482097
2019-12-15 02:51:00,0.6837789405954027
2019-12-15 02:54:00,0.7508219161685474
2019-12-15 02:57:00,0.6348152291407132
2019-12-15 03:00:00,0.723549888053185
2019-12-15 03:03:00,0.8161191260422811
2019-12-15 03:06:00,0.8232044203042506
2019-12-15 03:09:00,0.7084587401332669
2019-12-15 03:12:00,0.6888059031047078
2019-12-15 03:15:00,0.6304948073451442
2019-12-15 03:18:00,0.6714439181055241
2019-12-15 03:21:00,0.73655581461054
2019-12-15 03:24:00,0.7990930880757219
2019-12-15 03:27:00,0.6218704983894554
2019-12-15 03:30:00,0.7604963872892085
2019-12-15 03:33:00,0.6947388774398178
2019-12-15 03:36:00,0.675461567618072
2019-12-15 03:39:00,0.7587656843653576
2019-12-15 03:42:00,0.7157553281827518
2019-12-15 03:45:00,0.7277445546629338
2019-12-15 03:48:00,0.7913770742979409
2019-12-15 03:51:00,0.6957752422588896
2019-12-15 03:54:00,0.7792819857808695
2019-12-15 03:57:00,0.7050565395971375
2019-12-15 04:00:00,0.6699174301667767
2019-12-15 04:03:00,0.7456904100610586
2019-12-15 04:06:00,0.7398865090153208
2019-12-15 04:09:00,0.6851477258388741
2019-12-15 04:12:00,0.7090078430353515
2019-12-15 04:15:00,0.7218358688913327
2019-12-15 04:18:00,0.7340641919800532
2019-12-15 04:21:00,0.6086662938099607
2019-12-15 04:24:00,0.6422303814095471
2019-12-15 04:27:00,0.7178272306472309
2019-12-15 04:30:00,0.6218261418022166
2019-12-15 04:33:00,0.6825309756681577
2019-12-15 04:36:00,0.6053500074945077
2019-12-15 04:39:00,0.7368001372752246
2019-12-15 04:42:00,0.6742320867227249
2019-12-15 04:45:00,0.724021543310073
2019-12-15 04:48:00,0.6879331035395353
2019-12-15 04:51:00,0.6811183071627624
2019-12-15 04:54:00,0.667387604163082
2019-12-15 04:57:00,0.6875422682098815
2019-12-15 05:00:00,0.7628207265972264
2019-12-15 05:03:00,0.726999607993946
2019-12-15 05:06:00,0.6881737116740965
2019-12-15 05:09:00,0.693627290224299
2019-12-15 05:12:00,0.537370235994274
2019-12-15 05:15:00,0.7315998605038772
2019-12-15 05:18:00,0.7673294882588948
2019-12-15 05:21:00,0.8105303908420183
2019-12-15 05:24:00,0.7547276740039592
2019-12-15 05:27:00,0.7212217175901969
2019-12-15 05:30:00,0.7519815318509586
2019-12-15 05:33:00,0.7058617578894086
2019-12-15 05:36:00,0.7583326305688161
2019-12-15 05:39:00,0.7563646313672621
2019-12-15 05:42:00,0.6910846004239488
2019-12-15 05:45:00,0.7177545663234355
2019-12-15 05:48:00,0.720144648990356
2019-12-15 05:51:00,0.707957855135021
2019-12-15 05:54:00,0.6849025156631114
2019-12-15 05:57:00,0.6915151211882176
2019-12-15 06:00:00,0.6968804900761256
2019-12-15 06:03:00,0.7478473510157073
2019-12-15 06:06:00,0.75910200220045
2019-12-15 06:09:00,0.6597305492887244
2019-12-15 06:12:00,0.7420295951457092
2019-12-15 06:15:00,0.6382808587192699
2019-12-15 06:18:00,0.6453125255046075
2019-12-15 06:21:00,0.6301732422417103
2019-12-15 06:24:00,0.7151522618682975
2019-12-15 06:27:00,0.7353460889573284
2019-12-15 06:30:00,0.6598584176711029
2019-12-15 06:33:00,0.6794641704531159
2019-12-15 06:36:00,0.7281658057626146
2019-12-15 06:39:00,0.5762040223012264
2019-12-15 06:42:00,0.6665916545524624
2019-12-15 06:45:00,0.7351724230091463
2019-12-15 06:48:00,0.6573022991370294
2019-12-15 06:51:00,0.699319255615876
2019-12-15 06:54:00,0.614910161536045
2019-12-15 06:57:00,0.6462466561213773
2019-12-15 07:00:00,0.6890482018904436
2019-12-15 07:03:00,0.7493496219506142
2019-12-15 07:06:00,0.6210375357087514
2019-12-15 07:09:00,0.533119225166331
2019-12-15 07:12:00,0.7200645226980669
2019-12-15 07:15:00,0.6350735765247464
2019-12-15 07:18:00,0.6356935433417448
2019-12-15 07:21:00,0.6040481657208261
2019-12-15 07:24:00,0.653502109209569
2019-12-15 07:27:00,0.5650541452363882
2019-12-15 07:30:00,0.6399714447999827
2019-12-15 07:33:00,0.6034522684988133
2019-12-15 07:36:00,0.5844247520959129
2019-12-15 07:39:00,0.5603168910719774
2019-12-15 07:42:00,0.5722806103143512
2019-12-15 07:45:00,0.5539035577531877
2019-12-15 07:48:00,0.6128756031391163
2019-12-15 07:51:00,0.6190484458371657
2019-12-15 07:54:00,0.576314814798252
2019-12-15 07:57:00,0.5604960241420258
2019-12-15 08:00:00,0.5564280448884915
2019-12-15 08:03:00,0.5450673364463796
2019-12-15 08:06:00,0.5741838638073773
2019-12-15 08:09:00,0.5532247404353825
2019-12-15 08:12:00,0.6194030917678219
2019-12-15 08:15:00,0.5762579741411287
2019-12-15 08:18:00,0.45344833669560103
2019-12-15 08:21:00,0.5428552183180386
2019-12-15 08:24:00,0.45485860774505227
2019-12-15 08:27:00,0.5236226781298114
2019-12-15 08:30:00,0.5093525698726467
2019-12-15 08:33:00,0.5490878356310986
2019-12-15 08:36:00,0.48594455417878635
2019-12-15 08:39:00,0.4957780969001533
2019-12-15 08:42:00,0.49351716247650756
2019-12-15 08:45:00,0.48790070495454074
2019-12-15 08:48:00,0.47009814047032705
2019-12-15 08:51:00,0.4501294474104611
2019-12-15 08:54:00,0.44538778216161745
2019-12-15 08:57:00,0.45775998265833096
2019-12-15 09:00:00,0.49880090205061833
2019-12-15 09:03:00,0.45739103206767595
2019-12-15 09:06:00,0.4446056060770047
2019-12-15 09:09:00,0.4769902975949094
2019-12-15 09:12:00,0.47595746631571956
2019-12-15 09:15:00,0.46848455103821607
2019-12-15 09:18:00,0.3438528485582424
2019-12-15 09:21:00,0.415309246314564
2019-12-15 09:24:00,0.4835675569357818
2019-12-15 09:27:00,0.3809042404693628
2019-12-15 09:30:00,0.5050712025940243
2019-12-15 09:33:00,0.4550519057178235
2019-12-15 09:36:00,0.42765164667957833
2019-12-15 09:39:00,0.4351221285691622
2019-12-15 09:42:00,0.42174183474054416
2019-12-15 09:45:00,0.39973320705991
2019-12-15 09:48:00,0.3125214733796611
2019-12-15 09:51:00,0.35863582297361063
2019-12-15 09:54:00,0.4846833039223952
2019-12-15 09:57:00,0.4345605700464148
2019-12-15 10:00:00,0.3449245484219432
2019-12-15 10:03:00,0.3031186484308819
2019-12-15 10:06:00,0.32788979081385605
2019-12-15 10:09:00,0.346353317095236
2019-12-15 10:12:00,0.3264889161902147
2019-12-15 10:15:00,0.3454601305876963
2019-12-15 10:18:00,0.4062017192727012
2019-12-15 10:21:00,0.3614049045835941
2019-12-15 10:24:00,0.24650554014516501
2019-12-15 10:27:00,0.2389875435585509
2019-12-15 10:30:00,0.3559807718128809
2019-12-15 10:33:00,0.273161612459603
2019-12-15 10:36:00,0.23552790621675967
2019-12-15 10:39:00,0.22655292644554947
2019-12-15 10:42:00,0.274839597574271
2019-12-15 10:45:00,0.2809366187902924
2019-12-15 10:48:00,0.13323445579237614
2019-12-15 10:51:00,0.24026528370205824
2019-12-15 10:54:00,0.20309526941275635
2019-12-15 10:57:00,0.30740485228824355
2019-12-15 11:00:00,0.18113589942032604
2019-12-15 11:03:00,0.2638408676662607
2019-12-15 11:06:00,0.16506558791616044
2019-12-15 11:09:00,0.2145627882727581
2019-12-15 11:12:00,0.19532319977361112
2019-12-15 11:15:00,0.2015715549210313
2019-12-15 11:18:00,0.15633532923726534
2019-12-15 11:21:00,0.15512236910728916
2019-12-15 11:24:00,0.2676081323655808
2019-12-15 11:27:00,0.24818709517671778
2019-12-15 11:30:00,0.12793312350873975
2019-12-15 11:33:00,0.13140490756518375
2019-12-15 11:36:00,0.22336272079570563
2019-12-15 11:39:00,0.27427083129867924
2019-12-15 11:42:00,0.07618540624486059
2019-12-15 11:45:00,0.18832314930278926
2019-12-15 11:48:00,0.15071232069288953
2019-12-15 11:51:00,0.17207676001584105
2019-12-15 11:54:00,0.10697425461876264
2019-12-15 11:57:00,0.16208154715525325
2019-12-15 12:00:00,0.27313554927121686
2019-12-15 12:03:00,0.10633011921709112
2019-12-15 12:06:00,0.1820203963086442
2019-12-15 12:09:00,0.05432665626705102
2019-12-15 12:12:00,0.1275255093550527
2019-12-15 12:15:00,0.027798923319096502
2019-12-15 12:18:00,0.06231520275770208
2019-12-15 12:21:00,0.10250040726384668
2019-12-15 12:24:00,0.19986145903970964
2019-12-15 12:27:00,0.12418478594923954
2019-12-15 12:30:00,0.09156828000050155
2019-12-15 12:33:00,0.15724451615312773
2019-12-15 12:36:00,0.23214173738119825
2019-12-15 12:39:00,0.17077904529742227
2019-12-15 12:42:00,0.17076602230287108
2019-12-15 12:45:00,0.10332726868250575
2019-12-15 12:48:00,0.18989066615387173
2019-12-15 12:51:00,0.1541614794921884
2019-12-15 12:54:00,0.30824822361097404
2019-12-15 12:57:00,0.14293837020625233
2019-12-15 13:00:00,0.16658671324643137
2019-12-15 13:03:00,0.1599001973332861
2019-12-15 13:06:00,0.12358026425613389
2019-12-15 13:09:00,0.21536270114688705
2019-12-15 13:12:00,0.14213689547938202
2019-12-15 13:15:00,0.06380653248510271
2019-12-15 13:18:00,0.06213173242548464
2019-12-15 13:21:00,0.07872031076311714
2019-12-15 13:24:00,0.07413156142786193
2019-12-15 13:27:00,0.11499613092166783
2019-12-15 13:30:00,0.14802933156562403
2019-12-15 13:33:00,0.10136277604038924
2019-12-15 13:36:00,0.1538606824098565
2019-12-15 13:39:00,0.08546572552336329
2019-12-15 13:42:00,0.02933253830661897
2019-12-15 13:45:00,0.1801312754880655
2019-12-15 13:48:00,0.14360817798132075
2019-12-15 13:51:00,0.0827437022749109
2019-12-15 13:54:00,-0.10730365141404263
2019-12-15 13:57:00,0.03460029722572244
2019-12-15 14:00:00,0.030560898260830527
2019-12-15 14:03:00,0.10087831805151382
2019-12-15 14:06:00,0.026841607953201674
2019-12-15 14:09:00,0.09276261451589107
2019-12-15 14:12:00,-0.020233057832342638
2019-12-15 14:15:00,0.05671461880172046
2019-12-15 14:18:00,0.06548476257955826
2019-12-15 14:21:00,0.01326491954228004
2019-12-15 14:24:00,-0.04837430255452091
2019-12-15 14:27:00,0.00829220721323054
2019-12-15 14:30:00,0.14408948798268284
2019-12-15 14:33:00,0.11525489720577298
2019-12-15 14:36:00,0.026785817141217194
2019-12-15 14:39:00,-0.09444909484750497
2019-12-15 14:42:00,-0.034036703649178435
2019-12-15 14:45:00,0.0002735371820108412
2019-12-15 14:48:00,-0.05169447411822148
2019-12-15 14:51:00,-0.062441420403104075
2019-12-15 14:54:00,0.0048891879210941624
2019-12-15 14:57:00,-0.09389521005351753
2019-12-15 15:00:00,-0.07701446955280744
2019-12-15 15:03:00,-0.09468181729107528
2019-12-15 15:06:00,-0.09337125384928413
2019-12-15 15:09:00,-0.011286185218693845
2019-12-15 15:12:00,0.04306822660527132
2019-12-15 15:15:00,-0.04655290928570821
2019-12-15 15:18:00,-0.03788347739106257
2019-12-15 15:21:00,0.026991552176241385
2019-12-15 15:24:00,-0.02482951325441718
2019-12-15 15:27:00,-0.0770338990239452
2019-12-15 15:30:00,0.03025730350714184
2019-12-15 15:33:00,-0.08042256866747266
2019-12-15 15:36:00,-0.03412536857479154
2019-12-15 15:39:00,0.08294673978554101
2019-12-15 15:42:00,0.07130815826252501
2019-12-15 15:45:00,-0.038348977505449966
2019-12-15 15:48:00,-0.02659715903058668
2019-12-15 15:51:00,-0.011646535306226724
2019-12-15 15:54:00,-0.0024989353556179594
2019-12-15 15:57:00,-0.00017590821687463176
2019-12-15 16:00:00,0.0681799270066108
2019-12-15 16:03:00,0.0930478035306237
2019-12-15 16:06:00,0.08820541399035164
2019-12-15 16:09:00,0.03342948159462367
2019-12-15 16:12:00,0.04729674176701337
2019-12-15 16:15:00,0.04222832086281869
2019-12-15 16:18:00,0.08891821685313062
2019-12-15 16:21:00,0.07644146563666254
2019-12-15 16:24:00,0.15074263037524815
2019-12-15 16:27:00,0.016011714921660314
2019-12-15 16:30:00,0.144866784804492
2019-12-15 16:33:00,0.06760719627419576
2019-12-15 16:36:00,0.11873938222828428
2019-12-15 16:39:00,0.22226679797989846
2019-12-15 16:42:00,0.11858637935876004
2019-12-15 16:45:00,0.09265449368621148
2019-12-15 16:48:00,0.08210816366749896
2019-12-15 16:51:00,0.06558374809924317
2019-12-15 16:54:00,0.10120206881737204
2019-12-15 16:57:00,0.005676914175978709
2019-12-15 17:00:00,0.17111469798368262
2019-12-15 17:03:00,0.17005130144906389
2019-12-15 17:06:00,0.12086466826292508
2019-12-15 17:09:00,0.11172322674849511
2019-12-15 17:12:00,0.07963531844603722
2019-12-15 17:15:00,0.1875389928844129
2019-12-15 17:18:00,0.07649614492731871
2019-12-15 17:21:00,0.1362139110747762
2019-12-15 17:24:00,0.03723653953045414
2019-12-15 17:27:00,0.12693975699238536
2019-12-15 17:30:00,0.20116600435579812
2019-12-15 17:33:00,0.14442595401976632
2019-12-15 17:36:00,0.13786866385419216
2019-12-15 17:39:00,0.09953664805846074
2019-12-15 17:42:00,0.22611323349343593
2019-12-15 17:45:00,0.1495703404143569
2019-12-15 17:48:00,2.6660250341592473e-05
2019-12-15 17:51:00,0.03493587644868512
2019-12-15 17:54:00,0.09077002457132721
2019-12-15 17:57:00,0.11674875785246286
2019-12-15 18:00:00,0.1592117234721968
2019-12-15 18:03:00,0.11276183975843423
2019-12-15 18:06:00,0.08046473351959094
2019-12-15 18:09:00,0.09641850708032962
2019-12-15 18:12:00,0.10272218650163722
2019-12-15 18:15:00,0.07303579661777349
2019-12-15 18:18:00,0.23108418497491812
2019-12-15 18:21:00,0.1041284961120823
2019-12-15 18:24:00,0.19310589290120106
2019-12-15 18:27:00,0.2177482853412016
2019-12-15 18:30:00,0.22197632939020195
2019-12-15 18:33:00,0.13839029270798164
2019-12-15 18:36:00,0.1164003991032132
2019-12-15 18:39:00,0.1028874598564471
2019-12-15 18:42:00,0.1228389124670457
2019-12-15 18:45:00,0.1300451523173365
2019-12-15 18:48:00,0.15555118242775734
2019-12-15 18:51:00,0.14967688892244269
2019-12-15 18:54:00,
2019-12-15 18:57:00,
2019-12-15 19:00:00,
2019-12-15 19:03:00,0.24013189469650342
2019-12-15 19:06:00,0.1865653662437694
2019-12-15 19:09:00,0.1640624850782615
2019-12-15 19:12:00,0.052556103801236986
2019-12-15 19:15:00,0.14155430434567506
2019-12-15 19:18:00,0.17892143479048173
2019-12-15 19:21:00,0.19780042947240872
2019-12-15 19:24:00,0.14027682795551755
2019-12-15 19:27:00,0.105008786534313
2019-12-15 19:30:00,0.19392992134669385
2019-12-15 19:33:00,0.21536512137748787
2019-12-15 19:36:00,0.18338986825392567
2019-12-15 19:39:00,0.11623985095934586
2019-12-15 19:42:00,0.11286989541798675
2019-12-15 19:45:00,0.16656003326107793
2019-12-15 19:48:00,0.19833739312349508
2019-12-15 19:51:00,0.16106080343399753
2019-12-15 19:54:00,0.1862360132537333
2019-12-15 19:57:00,0.28796135659973743
2019-12-15 20:00:00,0.19263424494346282
2019-12-15 20:03:00,0.17167013357709493
2019-12-15 20:06:00,0.17632840343128464
2019-12-15 20:09:00,0.24934714324518836
2019-12-15 20:12:00,0.19592340201973002
2019-12-15 20:15:00,0.1623164824790706
2019-12-15 20:18:00,0.2382010980043674
2019-12-15 20:21:00,0.20663118929331858
2019-12-15 20:24:00,0.1710411991488172
2019-12-15 20:27:00,0.18862182112246728
2019-12-15 20:30:00,0.19676811602437283
2019-12-15 20:33:00,0.22598858121494914
2019-12-15 20:36:00,0.29759220490535654
2019-12-15 20:39:00,0.22598057714446895
2019-12-15 20:42:00,0.09516254502352695
2019-12-15 20:45:00,0.14075800501467484
2019-12-15 20:48:00,0.16529699483442073
2019-12-15 20:51:00,0.22090203758841653
2019-12-15 20:54:00,0.2975155021022715
2019-12-15 20:57:00,0.28832511066866573
2019-12-15 21:00:00,0.1673639878084714
2019-12-15 21:03:00,0.204289786821505
2019-12-15 21:06:00,0.21409080864782482
2019-12-15 21:09:00,0.17324340907737223
2019-12-15 21:12:00,0.2598832074854158
2019-12-15 21:15:00,0.16380331798660563
2019-12-15 21:18:00,0.1427489051228008
2019-12-15 21:21:00,0.25597655657685436
2019-12-15 21:24:00,0.19621107205313137
2019-12-15 21:27:00,0.21778735782987724
2019-12-15 21:30:00,0.3395367686827626
2019-12-15 21:33:00,0.2982903284206486
2019-12-15 21:36:00,0.23697989637645378
2019-12-15 21:39:00,0.16910895177920793
2019-12-15 21:42:00,0.15320697005807915
2019-12-15 21:45:00,0.19446226266387612
2019-12-15 21:48:00,0.2222341918554207
2019-12-15 21:51:00,0.27021855104726455
2019-12-15 21:54:00,0.21816448794908183
2019-12-15 21:57:00,0.14429920074479696
2019-12-15 22:00:00,0.23976123869977073
2019-12-15 22:03:00,0.22466558594999242
2019-12-15 22:06:00,0.24462767736690694
2019-12-15 22:09:00,0.24729019487017467
2019-12-15 22:12:00,0.2981353870342218
2019-12-15 22:15:00,0.2542114564030271
2019-12-15 22:18:00,0.12283503478613511
2019-12-15 22:21:00,0.32281029803084493
2019-12-15 22:24:00,0.1597753901431247
2019-12-15 22:27:00,0.315160069281319
2019-12-15 22:30:00,0.2026846942061411
2019-12-15 22:33:00,0.25251088007485123
2019-12-15 22:36:00,0.17747229619357086
2019-12-15 22:39:00,0.12812239576402362
2019-12-15 22:42:00,0.2586282849970871
2019-12-15 22:45:00,0.26338772960451706
2019-12-15 22:48:00,0.33489480721448217
2019-12-15 22:51:00,0.29516060309020986
2019-12-15 22:54:00,0.24761817916675
2019-12-15 22:57:00,0.28652428192594925
2019-12-15 23:00:00,0.2943624873166186
2019-12-15 23:03:00,0.276849578488509
2019-12-15 23:06:00,0.33326205037400314
2019-12-15 23:09:00,0.22861266294120242
2019-12-15 23:12:00,0.2511016744472272
2019-12-15 23:15:00,0.24204088841145222
2019-12-15 23:18:00,0.2254409523508798
2019-12-15 23:21:00,0.32619100390428457
2019-12-15 23:24:00,0.32275189396551696
2019-12-15 23:27:00,0.25829370800528295
2019-12-15 23:30:00,0.4036860422124846
2019-12-15 23:33:00,0.29450577029967917
2019-12-15 23:36:00,0.3569015432081528
2019-12-15 23:39:00,0.2688903669385354
2019-12-15 23:42:00,0.31272903267006313
2019-12-15 23:45:00,0.24859995255468448
2019-12-15 23:48:00,0.40143967302282135
2019-12-15 23:51:00,0.3067098703997999
2019-12-15 23:54:00,0.2663837631396859
2019-12-15 23:57:00,0.3516572891475107
2019-12-16 00:00:00,0.36489425561273947
2019-12-16 00:03:00,0.3017368855957443
2019-12-16 00:06:00,0.363477354978329
2019-12-16 00:09:00,0.37379290848832625
2019-12-16 00:12:00,0.4942381447663138
2019-12-16 00:15:00,0.35685645881977734
2019-12-16 00:18:00,0.3653156461073763
2019-12-16 00:21:00,0.36315636585283073
2019-12-16 00:24:00,0.38389639821656374
2019-12-16 00:27:00,0.39923478029550097
2019-12-16 00:30:00,0.41457658745292747
2019-12-16 00:33:00,0.39216141919899883
2019-12-16 00:36:00,0.3234842629974537
2019-12-16 00:39:00,0.5248202811133069
2019-12-16 00:42:00,0.3371604347103698
2019-12-16 00:45:00,0.4542716316838664
2019-12-16 00:48:00,0.399259060873419
2019-12-16 00:51:00,0.4240937478143678
2019-12-16 00:54:00,0.39607382386373047
2019-12-16 00:57:00,0.34400915709784385
2019-12-16 01:00:00,0.418425958160924
2019-12-16 01:03:00,0.4362114389529097
2019-12-16 01:06:00,0.40699638042008246
2019-12-16 01:09:00,0.44608782352145226
2019-12-16 01:12:00,0.46918942460854396
2019-12-16 01:15:00,0.4266924032412476
2019-12-16 01:18:00,0.3095986576602172
2019-12-16 01:21:00,0.4058624086027862
2019-12-16 01:24:00,0.32886990918029824
2019-12-16 01:27:00,0.22576061329334607
2019-12-16 01:30:00,0.3268699149566032
2019-12-16 01:33:00,0.24957982010397473
2019-12-16 01:36:00,0.3021167378099108
2019-12-16 01:39:00,0.25540365133912246
2019-12-16 01:42:00,0.36966375027844833
2019-12-16 01:45:00,0.36602446691892965
2019-12-16 01:48:00,0.3345486242040465
2019-12-16 01:51:00,0.40100656293469683
2019-12-16 01:54:00,0.3541770958528332
2019-12-16 01:57:00,0.3958309019243984
2019-12-16 02:00:00,0.3581198518243127
2019-12-16 02:03:00,0.32619015886410807
2019-12-16 02:06:00,0.40374018741897544
2019-12-16 02:09:00,0.43223760213658124
2019-12-16 02:12:00,0.36255838407288365
2019-12-16 02:15:00,0.47464127362030695
2019-12-16 02:18:00,0.4174615298852018
2019-12-16 02:21:00,0.4209929770784697
2019-12-16 02:24:00,0.43247976120392195
2019-12-16 02:27:00,0.3568783415609573
2019-12-16 02:30:00,0.3928381059885737
2019-12-16 02:33:00,0.4057896300082575
2019-12-16 02:36:00,0.45270483108470216
2019-12-16 02:39:00,0.377613509199648
2019-12-16 02:42:00,0.3910157243246317
2019-12-16 02:45:00,0.49609118945591035
2019-12-16 02:48:00,0.32704992056631
2019-12-16 02:51:00,0.36341541309855074
2019-12-16 02:54:00,0.3103585789835961
2019-12-16 02:57:00,0.3493492770164721
2019-12-16 03:00:00,0.4302182923281066
2019-12-16 03:03:00,0.436646119114414
2019-12-16 03:06:00,0.32951901980965204
2019-12-16 03:09:00,0.4598435283692197
2019-12-16 03:12:00,0.41088968861146213
2019-12-16 03:15:00,0.3291882281914127
2019-12-16 03:18:00,0.3550387568930091
2019-12-16 03:21:00,0.4436087747579336
2019-12-16 03:24:00,0.4593425988319382
2019-12-16 03:27:00,0.3634375612622307
2019-12-16 03:30:00,0.3149460155644874
2019-12-16 03:33:00,0.4460379789434228
2019-12-16 03:36:00,0.4437253912058168
2019-12-16 03:39:00,0.4234740864126252
2019-12-16 03:42:00,0.40868078534884944
2019-12-16 03:45:00,0.30806881464644675
2019-12-16 03:48:00,0.39142225570446953
2019-12-16 03:51:00,0.369416039831151
2019-12-16 03:54:00,0.44915464089859825
2019-12-16 03:57:00,0.422064574647834
2019-12-16 04:00:00,0.5436794642309337
2019-12-16 04:03:00,0.42514600545410985
2019-12-16 04:06:00,0.3621852981551683
2019-12-16 04:09:00,0.5375950789844524
2019-12-16 04:12:00,0.4713075999966918
2019-12-16 04:15:00,0.4263637346593896
2019-12-16 04:18:00,0.43474161511477405
2019-12-16 04:21:00,0.5402945184011969
2019-12-16 04:24:00,0.565509861162866
2019-12-16 04:27:00,0.47324355363355153
2019-12-16 04:30:00,0.4727660925773307
2019-12-16 04:33:00,0.4934661993469831
2019-12-16 04:36:00,0.53545974159465
2019-12-16 04:39:00,0.5041823754902452
2019-12-16 04:42:00,0.46348339849214426
2019-12-16 04:45:00,0.4856146939234236
2019-12-16 04:48:00,0.4885972461041206
2019-12-16 04:51:00,0.3345108804423944
2019-12-16 04:54:00,0.5339281924278225
2019-12-16 04:57:00,0.5334700503701129
2019-12-16 05:00:00,0.577397600338486
2019-12-16 05:03:00,0.5112737234001088
2019-12-16 05:06:00,0.3528386134980792
2019-12-16 05:09:00,0.5017651957168141
2019-12-16 05:12:00,0.4964617101716726
2019-12-16 05:15:00,0.5468415758498395
2019-12-16 05:18:00,0.3838078579628359
2019-12-16 05:21:00,0.43992620830692886
2019-12-16 05:24:00,0.43101811760544706
2019-12-16 05:27:00,0.35879308564960866
2019-12-16 05:30:00,0.5089336551735641
2019-12-16 05:33:00,0.47179115841424846
2019-12-16 05:36:00,0.5616061960763545
2019-12-16 05:39:00,0.423845127625043
2019-12-16 05:42:00,0.4398794334460945
2019-12-16 05:45:00,0.47927237405673395
2019-12-16 05:48:00,0.5939722198492063
2019-12-16 05:51:00,0.42059138916056327
2019-12-16 05:54:00,0.49912469015816896
2019-12-16 05:57:00,0.47251026065487167
2019-12-16 06:00:00,0.5030088002193907
2019-12-16 06:03:00,0.5778206192172206
2019-12-16 06:06:00,0.6100569014437838
2019-12-16 06:09:00,0.6600763964765406
2019-12-16 06:12:00,0.582733219989052
2019-12-16 06:15:00,0.5467595659872586
2019-12-16 06:18:00,0.507811293510656
2019-12-16 06:21:00,0.5596991910515499
2019-12-16 06:24:00,0.5442484024753185
2019-12-16 06:27:00,0.5540792285146949
2019-12-16 06:30:00,0.5509084159715485
2019-12-16 06:33:00,0.6047152061233305
2019-12-16 06:36:00,0.5844334192027532
2019-12-16 06:39:00,0.6717985805313447
2019-12-16 06:42:00,0.6560476950954808
2019-12-16 06:45:00,0.6443786446058084
2019-12-16 06:48:00,0.5906593790182342
2019-12-16 06:51:00,0.5904780165654984
2019-12-16 06:54:00,0.6543875402591084
2019-12-16 06:57:00,0.5943101486472528
2019-12-16 07:00:00,0.6434671528999729
2019-12-16 07:03:00,0.7067431930123576
2019-12-16 07:06:00,0.5813734153551309
2019-12-16 07:09:00,0.650704300592281
2019-12-16 07:12:00,0.5983108537720909
2019-12-16 07:15:00,0.5457547156177611
2019-12-16 07:18:00,0.4659791018719375
2019-12-16 07:21:00,0.4392674544871511
2019-12-16 07:24:00,0.604623907161681
2019-12-16 07:27:00,0.47206965815831836
2019-12-16 07:30:00,0.49746289471426053
2019-12-16 07:33:00,0.535013116157586
2019-12-16 07:36:00,0.5271656841587742
2019-12-16 07:39:00,0.5572110913157076
2019-12-16 07:42:00,0.4896703889216951
2019-12-16 07:45:00,0.3537107059312916
2019-12-16 07:48:00,0.47992668227743707
2019-12-16 07:51:00,0.4656250093640324
2019-12-16 07:54:00,0.47039885926562874
2019-12-16 07:57:00,0.4207288287622646
2019-12-16 08:00:00,0.47655860614321455
2019-12-16 08:03:00,0.37550109881112803
2019-12-16 08:06:00,0.4078516651252926
2019-12-16 08:09:00,0.4852917384504849
2019-12-16 08:12:00,0.48460483575121316
2019-12-16 08:15:00,0.4244164754491635
2019-12-16 08:18:00,0.48761792485629485
2019-12-16 08:21:00,0.3906879867760722
2019-12-16 08:24:00,0.4266328705081719
2019-12-16 08:27:00,0.42748052251181434
2019-12-16 08:30:00,0.382916359092917
2019-12-16 08:33:00,0.3697027633778589
2019-12-16 08:36:00,0.4247583711518814
2019-12-16 08:39:00,0.36065962369582394
2019-12-16 08:42:00,0.43863097765881776
2019-12-16 08:45:00,0.39208166112632625
2019-12-16 08:48:00,0.39550500189051263
2019-12-16 08:51:00,0.29821921133793694
2019-12-16 08:54:00,0.3375009345419926
2019-12-16 08:57:00,0.3521973040207058
2019-12-16 09:00:00,0.2783949679713942
2019-12-16 09:03:00,0.3881425390766253
2019-12-16 09:06:00,0.31077621694618074
2019-12-16 09:09:00,0.29064646451973886
2019-12-16 09:12:00,0.19901733963189372
2019-12-16 09:15:00,0.3140944918397963
2019-12-16 09:18:00,0.28554321001740846
2019-12-16 09:21:00,0.08187301305645178
2019-12-16 09:24:00,0.2899528198035455
2019-12-16 09:27:00,0.2027783912615746
2019-12-16 09:30:00,0.22355051727669206
2019-12-16 09:33:00,0.12209899504290433
2019-12-16 09:36:00,0.193357176961797
2019-12-16 09:39:00,0.14266787946638715
2019-12-16 09:42:00,0.2017747066844322
2019-12-16 09:45:00,0.0726600054103983
2019-12-16 09:48:00,0.1778083108919759
2019-12-16 09:51:00,0.2413379917857128
2019-12-16 09:54:00,0.15074092988987786
2019-12-16 09:57:00,0.20750454266402585
2019-12-16 10:00:00,0.10959252115998197
2019-12-16 10:03:00,0.19154916841608838
2019-12-16 10:06:00,0.05598982037076894
2019-12-16 10:09:00,0.022831793938735245
2019-12-16 10:12:00,0.08711326898355765
2019-12-16 10:15:00,0.07348619811409662
2019-12-16 10:18:00,0.07688569955769253
2019-12-16 10:21:00,0.0874024033898877
2019-12-16 10:24:00,0.10959963551340479
2019-12-16 10:27:00,0.09230438065418411
2019-12-16 10:30:00,0.042139006573790994
2019-12-16 10:33:00,0.046531084053071936
2019-12-16 10:36:00,0.029133438799931355
2019-12-16 10:39:00,-0.04819899925627169
2019-12-16 10:42:00,-0.03357970461496507
2019-12-16 10:45:00,-0.04931848429953334
2019-12-16 10:48:00,-0.07646221868134262
2019-12-16 10:51:00,-0.08020753171507522
2019-12-16 10:54:00,-0.036523833646811
2019-12-16 10:57:00,-0.032459917560686335
2019-12-16 11:00:00,0.015446331858527174
2019-12-16 11:03:00,-0.02304153045105295
2019-12-16 11:06:00,-0.09537012958799096
2019-12-16 11:09:00,0.0004381079496624807
2019-12-16 11:12:00,0.0469093911424352
2019-12-16 11:15:00,-0.041909580906917654
2019-12-16 11:18:00,-0.012806147660626266
2019-12-16 11:21:00,-0.007046297657211653
2019-12-16 11:24:00,-0.03333653586167884
2019-12-16 11:27:00,0.03948564576614899
2019-12-16 11:30:00,-0.015310144968680106
2019-12-16 11:33:00,0.058921391706519444
2019-12-16 11:36:00,-0.07162056955934304
2019-12-16 11:39:00,-0.03923994873889569
2019-12-16 11:42:00,0.019668563652032844
2019-12-16 11:45:00,-0.03296408230283987
2019-12-16 11:48:00,-0.0685349571591587
2019-12-16 11:51:00,-0.03861667059311458
2019-12-16 11:54:00,-0.11987991915111706
2019-12-16 11:57:00,-0.1878353689656933
2019-12-16 12:00:00,-0.13402462571275464
2019-12-16 12:03:00,-0.11737962854289208
2019-12-16 12:06:00,-0.05726274802577791
2019-12-16 12:09:00,-0.12170411347551635
2019-12-16 12:12:00,-0.12344490732306213
2019-12-16 12:15:00,-0.10872562166167654
2019-12-16 12:18:00,-0.15941834899473406
2019-12-16 12:21:00,-0.1348191282054927
2019-12-16 12:24:00,-0.07596421275593457
2019-12-16 12:27:00,-0.08829369747724058
2019-12-16 12:30:00,-0.07205437905281542
2019-12-16 12:33:00,-0.10406087777573703
2019-12-16 12:36:00,-0.1982200430001626
2019-12-16 12:39:00,-0.025896254686585962
2019-12-16 12:42:00,-0.1609043378845172
2019-12-16 12:45:00,-0.12550046837674245
2019-12-16 12:48:00,-0.22897814704020902
2019-12-16 12:51:00,0.03071587564750189
2019-12-16 12:54:00,-0.22051234609983794
2019-12-16 12:57:00,-0.12432430271917383
2019-12-16 13:00:00,-0.12673787825855243
2019-12-16 13:03:00,-0.030480237716687952
2019-12-16 13:06:00,-0.13269319007326885
2019-12-16 13:09:00,-0.21402908359158346
2019-12-16 13:12:00,-0.08683679283035417
2019-12-16 13:15:00,-0.15423401084734678
2019-12-16 13:18:00,-0.1348252707243205
2019-12-16 13:21:00,-0.025909286090666228
2019-12-16 13:24:00,-0.14259648467259467
2019-12-16 13:27:00,-0.16260947867505138
2019-12-16 13:30:00,-0.10369485788288557
2019-12-16 13:33:00,-0.11759129822911518
2019-12-16 13:36:00,-0.12468239091509759
2019-12-16 13:39:00,-0.031798338694954964
2019-12-16 13:42:00,-0.19792998099904935
2019-12-16 13:45:00,-0.15527895445387685
2019-12-16 13:48:00,-0.13334364149591238
2019-12-16 13:51:00,-0.018506757468742308
2019-12-16 13:54:00,-0.011562529032289603
2019-12-16 13:57:00,-0.07209758068273686
2019-12-16 14:00:00,-0.1841506971854301
2019-12-16 14:03:00,-0.12789404717261732
2019-12-16 14:06:00,-0.18660577132089884
2019-12-16 14:09:00,-0.09907157524895638
2019-12-16 14:12:00,-0.13807384104075027
2019-12-16 14:15:00,-0.05349572484607279
2019-12-16 14:18:00,-0.1405835327181535
2019-12-16 14:21:00,-0.24955263192805432
2019-12-16 14:24:00,-0.1454525120778385
2019-12-16 14:27:00,-0.15636921127094183
2019-12-16 14:30:00,-0.19176043230112327
2019-12-16 14:33:00,-0.19032124777879744
2019-12-16 14:36:00,-0.155432297004495
2019-12-16 14:39:00,-0.21195025958797942
2019-12-16 14:42:00,-0.1295723637281867
2019-12-16 14:45:00,-0.16491223999014437
2019-12-16 14:48:00,-0.06775323343538275
2019-12-16 14:51:00,-0.16692053880052526
2019-12-16 14:54:00,-0.12294923660027735
2019-12-16 14:57:00,-0.03388774466992572
2019-12-16 15:00:00,-0.1359930118675834
2019-12-16 15:03:00,-0.10907735021402232
2019-12-16 15:06:00,-0.10305843329109621
2019-12-16 15:09:00,-0.13090998849452262
2019-12-16 15:12:00,-0.18962158056888256
2019-12-16 15:15:00,-0.12745232425271524
2019-12-16 15:18:00,-0.09802274340023587
2019-12-16 15:21:00,-0.16472390678848114
2019-12-16 15:24:00,-0.15251240270407607
2019-12-16 15:27:00,-0.24436263673322856
2019-12-16 15:30:00,-0.21283253752267228
2019-12-16 15:33:00,-0.18317583374295054
2019-12-16 15:36:00,-0.11407510989567982
2019-12-16 15:39:00,-0.17771656603963493
2019-12-16 15:42:00,-0.21751527410145854
2019-12-16 15:45:00,-0.17640979882003194
2019-12-16 15:48:00,-0.12142984280637847
2019-12-16 15:51:00,-0.09619732039425344
2019-12-16 15:54:00,-0.1888194460883028
2019-12-16 15:57:00,-0.2204877615253622
2019-12-16 16:00:00,-0.16170037788049285
2019-12-16 16:03:00,-0.21431844146837875
2019-12-16 16:06:00,-0.08270227720265666
2019-12-16 16:09:00,-0.14408023709160034
2019-12-16 16:12:00,-0.1187541784773316
2019-12-16 16:15:00,-0.28499700399208905
2019-12-16 16:18:00,-0.1561072048033907
2019-12-16 16:21:00,-0.3057165538438653
2019-12-16 16:24:00,-0.10331203700991409
2019-12-16 16:27:00,-0.1261551334088722
2019-12-16 16:30:00,-0.2103733655874862
2019-12-16 16:33:00,-0.17568584549434263
2019-12-16 16:36:00,-0.18279495852351602
2019-12-16 16:39:00,-0.18530954552750245
2019-12-16 16:42:00,-0.22143993389283878
2019-12-16 16:45:00,-0.09068062312894654
2019-12-16 16:48:00,-0.2551308367357592
2019-12-16 16:51:00,-0.21306730881320846
2019-12-16 16:54:00,-0.12093427641480048
2019-12-16 16:57:00,-0.23599784751820607
2019-12-16 17:00:00,-0.1361710839541388
2019-12-16 17:03:00,-0.20632935281207665
2019-12-16 17:06:00,-0.14783140923918836
2019-12-16 17:09:00,-0.2187394773654887
2019-12-16 17:12:00,-0.1945622584892135
2019-12-16 17:15:00,-0.11906991844784898
2019-12-16 17:18:00,-0.17241278417316153
2019-12-16 17:21:00,-0.2183742858247797
2019-12-16 17:24:00,-0.1548692878736233
2019-12-16 17:27:00,-0.07141112453462028
2019-12-16 17:30:00,-0.1507177562631341
2019-12-16 17:33:00,-0.1397103464314
2019-12-16 17:36:00,-0.17361816168318
2019-12-16 17:39:00,-0.07029359061658624
2019-12-16 17:42:00,-0.08080511856292105
2019-12-16 17:45:00,0.026330976150234164
2019-12-16 17:48:00,-0.08080949562372552
2019-12-16 17:51:00,-0.09407385945490887
2019-12-16 17:54:00,-0.06691382101621457
2019-12-16 17:57:00,-0.08999333636216988
2019-12-16 18:00:00,0.03464528781677245
2019-12-16 18:03:00,-0.013072210204825296
2019-12-16 18:06:00,0.04566302187851079
2019-12-16 18:09:00,-0.06434600636089272
2019-12-16 18:12:00,0.039560087895495144
2019-12-16 18:15:00,-0.07182585070205505
2019-12-16 18:18:00,-0.05707075131181227
2019-12-16 18:21:00,0.05174126271623436
2019-12-16 18:24:00,-0.05367101659800255
2019-12-16 18:27:00,-0.015198535288561743
2019-12-16 18:30:00,-0.0002490810109634367
2019-12-16 18:33:00,0.06587979600800509
2019-12-16 18:36:00,-0.02209392625718465
2019-12-16 18:39:00,0.006546133308461322
2019-12-16 18:42:00,0.02599617370492524
2019-12-16 18:45:00,-0.03818769500816188
2019-12-16 18:48:00,0.09042263395127748
2019-12-16 18:51:00,-0.018281321256779393
2019-12-16 18:54:00,
2019-12-16 18:57:00,
2019-12-16 19:00:00,
2019-12-16 19:03:00,0.05457995974103369
2019-12-16 19:06:00,0.05245342923115004
2019-12-16 19:09:00,0.07561688965307667
2019-12-16 19:12:00,0.11030007521696916
2019-12-16 19:15:00,0.1423822239055994
2019-12-16 19:18:00,0.20039746590418872
2019-12-16 19:21:00,0.17047789094152677
2019-12-16 19:24:00,0.07702594948176511
2019-12-16 19:27:00,0.18262116537738393
2019-12-16 19:30:00,0.19056458204420323
2019-12-16 19:33:00,0.23650111483482306
2019-12-16 19:36:00,0.24238197381515647
2019-12-16 19:39:00,0.25294645171584307
2019-12-16 19:42:00,0.3014553768620658
2019-12-16 19:45:00,0.3108192131488181
2019-12-16 19:48:00,0.28751500327138046
2019-12-16 19:51:00,0.25965904075025037
2019-12-16 19:54:00,0.22201995212697057
2019-12-16 19:57:00,0.2714690442011829
2019-12-16 20:00:00,0.1484986587212802
2019-12-16 20:03:00,0.2668137582002714
2019-12-16 20:06:00,0.17029871458368007
2019-12-16 20:09:00,0.21208439674239798
2019-12-16 20:12:00,0.25675486369181044
2019-12-16 20:15:00,0.24981352934190681
2019-12-16 20:18:00,0.28067871898491603
2019-12-16 20:21:00,0.25286700202218526
2019-12-16 20:24:00,0.2555529947268269
2019-12-16 20:27:00,0.2142626178290925
2019-12-16 20:30:00,0.23892209711135592
2019-12-16 20:33:00,0.23195749919420905
2019-12-16 20:36:00,0.22997356538826352
2019-12-16 20:39:00,0.29117971056649594
2019-12-16 20:42:00,0.28929436519104
2019-12-16 20:45:00,0.2279790665585324
2019-12-16 20:48:00,0.2804735278832595
2019-12-16 20:51:00,0.20662662427383793
2019-12-16 20:54:00,0.22970564448587538
2019-12-16 20:57:00,0.2810941643720639
2019-12-16 21:00:00,0.18742729328772612
2019-12-16 21:03:00,0.2303312254726393
2019-12-16 21:06:00,0.19727604079525918
2019-12-16 21:09:00,0.21829499153068355
2019-12-16 21:12:00,0.13660253005906497
2019-12-16 21:15:00,0.12315558389320813
2019-12-16 21:18:00,0.11290452959116237
2019-12-16 21:21:00,0.17250247555699616
2019-12-16 21:24:00,0.19135431674163783
2019-12-16 21:27:00,0.205618539300076
2019-12-16 21:30:00,0.21996161684421622
2019-12-16 21:33:00,0.18200073401345662
2019-12-16 21:36:00,0.23384126692656082
2019-12-16 21:39:00,0.2089088363067617
2019-12-16 21:42:00,0.25918915745569393
2019-12-16 21:45:00,0.19656645491392055
2019-12-16 21:48:00,0.21311507932000495
2019-12-16 21:51:00,0.23717851760807207
2019-12-16 21:54:00,0.20269736518110903
2019-12-16 21:57:00,0.15970043449596005
2019-12-16 22:00:00,0.22996854866579497
2019-12-16 22:03:00,0.1621792442081187
2019-12-16 22:06:00,0.22458119709722268
2019-12-16 22:09:00,0.0851851199607836
2019-12-16 22:12:00,0.19161334832415378
2019-12-16 22:15:00,0.23082325982051088
2019-12-16 22:18:00,0.16499589681052385
2019-12-16 22:21:00,0.22024191443091468
2019-12-16 22:24:00,0.23541966936136305
2019-12-16 22:27:00,0.2000543503231711
2019-12-16 22:30:00,0.2870782119277919
2019-12-16 22:33:00,0.188768655990998
2019-12-16 22:36:00,0.23658429455463192
2019-12-16 22:39:00,0.1581415194921192
2019-12-16 22:42:00,0.16700545422469304
2019-12-16 22:45:00,0.23327379879481214
2019-12-16 22:48:00,0.21312568405795673
2019-12-16 22:51:00,0.3110573455828103
2019-12-16 22:54:00,0.3118685945690345
2019-12-16 22:57:00,0.3740604603275983
2019-12-16 23:00:00,0.40390460929205574
2019-12-16 23:03:00,0.4467632637811221
2019-12-16 23:06:00,0.44015136147544354
2019-12-16 23:09:00,0.5053720889392821
2019-12-16 23:12:00,0.5284300601688869
2019-12-16 23:15:00,0.4821475494169931
2019-12-16 23:18:00,0.49404672934355176
2019-12-16 23:21:00,0.48485929712450115
2019-12-16 23:24:00,0.6013254401686368
2019-12-16 23:27:00,0.5298561813465312
2019-12-16 23:30:00,0.48260742845218374
2019-12-16 23:33:00,0.495430153488428
2019-12-16 23:36:00,0.47364235035530555
2019-12-16 23:39:00,0.5861940031242625
2019-12-16 23:42:00,0.5637950748782714
2019-12-16 23:45:00,0.43498757456876547
2019-12-16 23:48:00,0.4600464230654211
2019-12-16 23:51:00,0.4600594206648907
2019-12-16 23:54:00,0.47773590333690663
2019-12-16 23:57:00,0.3745950997019918
2019-12-17 00:00:00,0.5336540916274544
2019-12-17 00:03:00,0.511134968067779
2019-12-17 00:06:00,0.42249346724190673
2019-12-17 00:09:00,0.4727565012044579
2019-12-17 00:12:00,0.5142922872712461
2019-12-17 00:15:00,0.4932576265571811
2019-12-17 00:18:00,0.6257298711315116
2019-12-17 00:21:00,0.5076541829125745
2019-12-17 00:24:00,0.6044456649845529
2019-12-17 00:27:00,0.5587492153601943
2019-12-17 00:30:00,0.6097415753045539
2019-12-17 00:33:00,0.5600252524195071
2019-12-17 00:36:00,0.5411030353635056
2019-12-17 00:39:00,0.5465811292032754
2019-12-17 00:42:00,0.535769612677484
2019-12-17 00:45:00,0.5248719921382303
2019-12-17 00:48:00,0.6331854480646939
2019-12-17 00:51:00,0.598975631657936
2019-12-17 00:54:00,0.6300966892324595
2019-12-17 00:57:00,0.5591518398790072
2019-12-17 01:00:00,0.6022277230565578
2019-12-17 01:03:00,0.5620101648504487
2019-12-17 01:06:00,0.5345033819221499
2019-12-17 01:09:00,0.6274031106737539
2019-12-17 01:12:00,0.6179420794582029
2019-12-17 01:15:00,0.673683756966966
2019-12-17 01:18:00,0.6091283807278387
2019-12-17 01:21:00,0.5486105613524046
2019-12-17 01:24:00,0.5801686584183017
2019-12-17 01:27:00,0.5655247804168084
2019-12-17 01:30:00,0.6194379372649905
2019-12-17 01:33:00,0.6181061871311044
2019-12-17 01:36:00,0.5232176653623242
2019-12-17 01:39:00,0.5246656444929272
2019-12-17 01:42:00,0.5376687799554247
2019-12-17 01:45:00,0.4155051639249905
2019-12-17 01:48:00,0.48473736153340496
2019-12-17 01:51:00,0.5727595945098756
2019-12-17 01:54:00,0.4837427598827162
2019-12-17 01:57:00,0.4727404256252612
2019-12-17 02:00:00,0.42618344318657364
2019-12-17 02:03:00,0.3812023917344618
2019-12-17 02:06:00,0.37505397159191034
2019-12-17 02:09:00,0.39909632145423757
2019-12-17 02:12:00,0.35697425315277087
2019-12-17 02:15:00,0.41953189789580847
2019-12-17 02:18:00,0.4090166943557847
2019-12-17 02:21:00,0.47201901258455337
2019-12-17 02:24:00,0.48824172550507683
2019-12-17 02:27:00,0.5036212403325635
2019-12-17 02:30:00,0.490658657124186
2019-12-17 02:33:00,0.47084193236440797
2019-12-17 02:36:00,0.3541234690246142
2019-12-17 02:39:00,0.46867550819592907
2019-12-17 02:42:00,0.5031651183959411
2019-12-17 02:45:00,0.4993336664198864
2019-12-17 02:48:00,0.4543508904186524
2019-12-17 02:51:00,0.2842074393724374
2019-12-17 02:54:00,0.4324019553142193
2019-12-17 02:57:00,0.531579315898
2019-12-17 03:00:00,0.4241041603119129
2019-12-17 03:03:00,0.4781545670961691
2019-12-17 03:06:00,0.39299375094498146
2019-12-17 03:09:00,0.4877948772081595
2019-12-17 03:12:00,0.5214312158814778
2019-12-17 03:15:00,0.45437542237573325
2019-12-17 03:18:00,0.4971792404724056
2019-12-17 03:21:00,0.42087664817421455
2019-12-17 03:24:00,0.3876673154067589
2019-12-17 03:27:00,0.5155311104228986
2019-12-17 03:30:00,0.4708164125846679
2019-12-17 03:33:00,0.525424524383368
2019-12-17 03:36:00,0.6200867248425652
2019-12-17 03:39:00,0.4266956324304374
2019-12-17 03:42:00,0.4522862867703452
2019-12-17 03:45:00,0.5261566193835847
2019-12-17 03:48:00,0.5520493746566331
2019-12-17 03:51:00,0.5632391151230536
2019-12-17 03:54:00,0.4145387149310409
2019-12-17 03:57:00,0.5048818665814565
2019-12-17 04:00:00,0.5726302364040521
2019-12-17 04:03:00,0.6033808214719443
2019-12-17 04:06:00,0.5083907582043707
2019-12-17 04:09:00,0.5186947858232998
2019-12-17 04:12:00,0.49998782306488465
2019-12-17 04:15:00,0.5045358201816157
2019-12-17 04:18:00,0.38761926677926795
2019-12-17 04:21:00,0.469536798212971
2019-12-17 04:24:00,0.48601171332086324
2019-12-17 04:27:00,0.5106189753743706
2019-12-17 04:30:00,0.5148494455613104
2019-12-17 04:33:00,0.4901771180483365
2019-12-17 04:36:00,0.37463211538931773
2019-12-17 04:39:00,0.4824519780988794
2019-12-17 04:42:00,0.5771130004688416
2019-12-17 04:45:00,0.48452855631654757
2019-12-17 04:48:00,0.5765638212723161
2019-12-17 04:51:00,0.483558867179795
2019-12-17 04:54:00,0.48182246894350556
2019-12-17 04:57:00,0.48385391250064913
2019-12-17 05:00:00,0.3709483269105931
2019-12-17 05:03:00,0.5149839981576179
2019-12-17 05:06:00,0.5354057524891687
2019-12-17 05:09:00,0.438074219650332
2019-12-17 05:12:00,0.4444516001894385
2019-12-17 05:15:00,0.43527462040623277
2019-12-17 05:18:00,0.5526424550333786
2019-12-17 05:21:00,0.48361664536651006
2019-12-17 05:24:00,0.42291012161155095
2019-12-17 05:27:00,0.5003875837211922
2019-12-17 05:30:00,0.40591279404554825
2019-12-17 05:33:00,0.481434121423888
2019-12-17 05:36:00,0.42351415250192304
2019-12-17 05:39:00,0.4676654704121006
2019-12-17 05:42:00,0.5073934074822546
2019-12-17 05:45:00,0.4525156035536497
2019-12-17 05:48:00,0.4616423134340266
2019-12-17 05:51:00,0.6067195799310525
2019-12-17 05:54:00,0.5140942924272167
2019-12-17 05:57:00,0.4383344926106929
2019-12-17 06:00:00,0.4268024550905807
2019-12-17 06:03:00,0.519465703730134
2019-12-17 06:06:00,0.46580694465797023
2019-12-17 06:09:00,0.4185120793057422
2019-12-17 06:12:00,0.49437387652398
2019-12-17 06:15:00,0.5110434845615259
2019-12-17 06:18:00,0.5015556471685159
2019-12-17 06:21:00,0.3025264179614737
2019-12-17 06:24:00,0.4540047209655995
2019-12-17 06:27:00,0.4316673676921141
2019-12-17 06:30:00,0.4347320177940901
2019-12-17 06:33:00,0.45833878787158255
2019-12-17 06:36:00,0.5304633546227819
2019-12-17 06:39:00,0.4522221575580261
2019-12-17 06:42:00,0.38107117298284265
2019-12-17 06:45:00,0.5558261570900527
2019-12-17 06:48:00,0.4249795691580971
2019-12-17 06:51:00,0.4635350355938499
2019-12-17 06:54:00,0.44140818833625417
2019-12-17 06:57:00,0.4063719778602035
2019-12-17 07:00:00,0.4672633735249292
2019-12-17 07:03:00,0.48051313600018375
2019-12-17 07:06:00,0.455607391146998
2019-12-17 07:09:00,0.5065536576179852
2019-12-17 07:12:00,0.44983570622525804
2019-12-17 07:15:00,0.4369070372629267
2019-12-17 07:18:00,0.4392305359916122
2019-12-17 07:21:00,0.4196532031528477
2019-12-17 07:24:00,0.403431578740026
2019-12-17 07:27:00,0.4288547247787733
2019-12-17 07:30:00,0.3700431910543216
2019-12-17 07:33:00,0.41574683606484086
2019-12-17 07:36:00,0.39016440089960724
2019-12-17 07:39:00,0.39090597674737637
2019-12-17 07:42:00,0.33880193890058763
2019-12-17 07:45:00,0.4500893525427614
2019-12-17 07:48:00,0.4798556916987309
2019-12-17 07:51:00,0.46834498383850587
2019-12-17 07:54:00,0.36987805142462093
2019-12-17 07:57:00,0.3520967276909346
2019-12-17 08:00:00,0.3377855638755136
2019-12-17 08:03:00,0.41834490634789745
2019-12-17 08:06:00,0.4319033655542057
2019-12-17 08:09:00,0.5126937689799433
2019-12-17 08:12:00,0.4616431731878947
2019-12-17 08:15:00,0.3928063108834863
2019-12-17 08:18:00,0.383901871113153
2019-12-17 08:21:00,0.34225721169605094
2019-12-17 08:24:00,0.3877989354907072
2019-12-17 08:27:00,0.38316925809755276
2019-12-17 08:30:00,0.24846371995670324
2019-12-17 08:33:00,0.3648151609654633
2019-12-17 08:36:00,0.216101749936513
2019-12-17 08:39:00,0.39513617838412074
2019-12-17 08:42:00,0.32853946979031434
2019-12-17 08:45:00,0.36534330719291574
2019-12-17 08:48:00,0.24830167287052518
2019-12-17 08:51:00,0.38015214795461816
2019-12-17 08:54:00,0.3529776222852661
2019-12-17 08:57:00,0.37851801501267346
2019-12-17 09:00:00,0.33189900276892104
2019-12-17 09:03:00,0.33768821492935785
2019-12-17 09:06:00,0.1876890199714012
2019-12-17 09:09:00,0.31983280824420035
2019-12-17 09:12:00,0.30342818728792054
2019-12-17 09:15:00,0.3353361650039801
2019-12-17 09:18:00,0.34311020749311183
2019-12-17 09:21:00,0.26582790347333685
2019-12-17 09:24:00,0.21914711145620913
2019-12-17 09:27:00,0.43018684053771494
2019-12-17 09:30:00,0.29767732024100724
2019-12-17 09:33:00,0.4615382644828401
2019-12-17 09:36:00,0.34811785410886387
2019-12-17 09:39:00,0.3234305720050088
2019-12-17 09:42:00,0.3371077030938068
2019-12-17 09:45:00,0.3692346442526855
2019-12-17 09:48:00,0.35784238141303604
2019-12-17 09:51:00,0.3248898232944839
2019-12-17 09:54:00,0.39501736343208904
2019-12-17 09:57:00,0.3451256790287971
2019-12-17 10:00:00,0.3693889673490389
2019-12-17 10:03:00,0.3503595148237082
2019-12-17 10:06:00,0.3745428083818183
2019-12-17 10:09:00,0.1910394283895016
2019-12-17 10:12:00,0.2921185295739406
2019-12-17 10:15:00,0.3285758216559316
2019-12-17 10:18:00,0.2827553515011232
2019-12-17 10:21:00,0.27478926995314623
2019-12-17 10:24:00,0.31351849958662115
2019-12-17 10:27:00,0.33314048531406115
2019-12-17 10:30:00,0.23298376991147052
2019-12-17 10:33:00,0.24675479722702676
2019-12-17 10:36:00,0.29994030568400376
2019-12-17 10:39:00,0.2357080127795257
2019-12-17 10:42:00,0.23586889004559453
2019-12-17 10:45:00,0.297293709734447
2019-12-17 10:48:00,0.2307441782986075
2019-12-17 10:51:00,0.2718861200548872
2019-12-17 10:54:00,0.28956274013341954
2019-12-17 10:57:00,0.1559427492801433
2019-12-17 11:00:00,0.1569451228995149
2019-12-17 11:03:00,0.18750798588541784
2019-12-17 11:06:00,0.13489710720728
2019-12-17 11:09:00,0.15288580553442443
2019-12-17 11:12:00,0.12517766497927596
2019-12-17 11:15:00,0.1762823559042772
2019-12-17 11:18:00,0.27841234666891523
2019-12-17 11:21:00,0.09809678063703586
2019-12-17 11:24:00,0.1745678281864116
2019-12-17 11:27:00,0.030960875147627576
2019-12-17 11:30:00,0.10920507055760709
2019-12-17 11:33:00,0.11397197480454224
2019-12-17 11:36:00,0.004386462194986507
2019-12-17 11:39:00,0.0669212205843337
2019-12-17 11:42:00,0.13416529529877153
2019-12-17 11:45:00,0.06641928645956341
2019-12-17 11:48:00,0.1314871892274141
2019-12-17 11:51:00,0.10049946158517287
2019-12-17 11:54:00,0.09729660686616626
2019-12-17 11:57:00,0.11357755352094046
2019-12-17 12:00:00,0.14902403024768773
2019-12-17 12:03:00,0.02824926375052428
2019-12-17 12:06:00,0.009348071255431023
2019-12-17 12:09:00,0.0630540807842408
2019-12-17 12:12:00,0.04517203593832164
2019-12-17 12:15:00,0.14768418899097924
2019-12-17 12:18:00,-0.00430142728851024
2019-12-17 12:21:00,0.11859986504566677
2019-12-17 12:24:00,0.02908490836398414
2019-12-17 12:27:00,0.08332546107476446
2019-12-17 12:30:00,0.10918624564908441
2019-12-17 12:33:00,-0.000986858607745944
2019-12-17 12:36:00,0.01722823006679164
2019-12-17 12:39:00,0.043281413010504366
2019-12-17 12:42:00,-0.04462015517680129
2019-12-17 12:45:00,-0.06816584370636747
2019-12-17 12:48:00,0.14225559817776912
2019-12-17 12:51:00,0.031074166335315567
2019-12-17 12:54:00,-0.016809053794759166
2019-12-17 12:57:00,-0.06141266941989443
2019-12-17 13:00:00,-0.023807174791556918
2019-12-17 13:03:00,-0.09569413367682955
2019-12-17 13:06:00,-0.08679663623269107
2019-12-17 13:09:00,-0.09294291090026263
2019-12-17 13:12:00,-0.008301547723306157
2019-12-17 13:15:00,-0.07908983084399779
2019-12-17 13:18:00,-0.0713499442518355
2019-12-17 13:21:00,-0.10418529005136179
2019-12-17 13:24:00,-0.09336746997803402
2019-12-17 13:27:00,-0.10582414378211524
2019-12-17 13:30:00,-0.03609281516298779
2019-12-17 13:33:00,-0.025177060311307287
2019-12-17 13:36:00,-0.10696931112460106
2019-12-17 13:39:00,-0.157562202874999
2019-12-17 13:42:00,-0.07464692098909609
2019-12-17 13:45:00,-0.14239387394093228
2019-12-17 13:48:00,-0.07512177477667592
2019-12-17 13:51:00,-0.02374487860464569
2019-12-17 13:54:00,-0.04898891650634596
2019-12-17 13:57:00,-0.02545040700493928
2019-12-17 14:00:00,-0.18512622489299702
2019-12-17 14:03:00,-0.2076849664593965
2019-12-17 14:06:00,-0.1797119084559995
2019-12-17 14:09:00,-0.08700317741454455
2019-12-17 14:12:00,-0.10522836767904664
2019-12-17 14:15:00,-0.1577853221867258
2019-12-17 14:18:00,-0.12707191210415658
2019-12-17 14:21:00,-0.223046230805096
2019-12-17 14:24:00,-0.1402780559105281
2019-12-17 14:27:00,-0.09530510316710661
2019-12-17 14:30:00,-0.1663551562523935
2019-12-17 14:33:00,-0.05630848915888009
2019-12-17 14:36:00,-0.1066613623113426
2019-12-17 14:39:00,-0.08028229978594936
2019-12-17 14:42:00,-0.06769711464784223
2019-12-17 14:45:00,-0.05314941301196541
2019-12-17 14:48:00,-0.09774701732948188
2019-12-17 14:51:00,-0.11835282970946537
2019-12-17 14:54:00,-0.0469368000856889
2019-12-17 14:57:00,-0.06563400514369278
2019-12-17 15:00:00,-0.06597010367465828
2019-12-17 15:03:00,-0.0757753002844197
2019-12-17 15:06:00,-0.16923872439872412
2019-12-17 15:09:00,-0.10291742818316152
2019-12-17 15:12:00,-0.058579582185529944
2019-12-17 15:15:00,-0.04703865353604897
2019-12-17 15:18:00,-0.14122847420384232
2019-12-17 15:21:00,-0.05996130149452483
2019-12-17 15:24:00,-0.1839323768967347
2019-12-17 15:27:00,-0.1753806081590028
2019-12-17 15:30:00,-0.1679577374501946
2019-12-17 15:33:00,-0.23187237678371275
2019-12-17 15:36:00,-0.20859487160277013
2019-12-17 15:39:00,-0.21611727536242142
2019-12-17 15:42:00,-0.18030864600160612
2019-12-17 15:45:00,-0.22297703516557021
2019-12-17 15:48:00,-0.05989133338079
2019-12-17 15:51:00,-0.18367839803636343
2019-12-17 15:54:00,-0.049717079054687474
2019-12-17 15:57:00,-0.08970578015708952
2019-12-17 16:00:00,-0.09744682349867162
2019-12-17 16:03:00,-0.10977783337432356
2019-12-17 16:06:00,-0.022444129590667217
2019-12-17 16:09:00,-0.13992026095183974
2019-12-17 16:12:00,-0.09473538173165252
2019-12-17 16:15:00,-0.01752282598903321
2019-12-17 16:18:00,-0.11269598136328796
2019-12-17 16:21:00,-0.07976537166450726
2019-12-17 16:24:00,-0.0249362356452707
2019-12-17 16:27:00,-0.1788907731566951
2019-12-17 16:30:00,-0.1598753649586797
2019-12-17 16:33:00,-0.06437896993378445
2019-12-17 16:36:00,-0.08355141701417779
2019-12-17 16:39:00,-0.07656713688135142
2019-12-17 16:42:00,-0.10674652525642614
2019-12-17 16:45:00,-0.10219340604180616
2019-12-17 16:48:00,-0.1495575639739286
2019-12-17 16:51:00,-0.1129000197600476
2019-12-17 16:54:00,-0.25175426811352963
2019-12-17 16:57:00,-0.19699270672134617
2019-12-17 17:00:00,-0.24218366652172563
2019-12-17 17:03:00,-0.17805235541322872
2019-12-17 17:06:00,-0.10571901968557995
2019-12-17 17:09:00,-0.14804754702890932
2019-12-17 17:12:00,-0.23307765971117078
2019-12-17 17:15:00,-0.1344675214922404
2019-12-17 17:18:00,-0.12837001374890633
2019-12-17 17:21:00,-0.047214044576548986
2019-12-17 17:24:00,-0.1846935104996419
2019-12-17 17:27:00,-0.01978515243735046
2019-12-17 17:30:00,-0.10715049844179703
2019-12-17 17:33:00,-0.037103882989470094
2019-12-17 17:36:00,-0.03157293235585712
2019-12-17 17:39:00,-0.09665084937034862
2019-12-17 17:42:00,-0.05863438956242817
2019-12-17 17:45:00,-0.1345092334875062
2019-12-17 17:48:00,-0.07076398209500212
2019-12-17 17:51:00,0.0766748979052636
2019-12-17 17:54:00,0.016465415020832097
2019-12-17 17:57:00,-0.00017490613805648536
2019-12-17 18:00:00,-0.09254376339720238
2019-12-17 18:03:00,0.020709993449770536
2019-12-17 18:06:00,0.0064976600356772
2019-12-17 18:09:00,-0.008373150607724256
2019-12-17 18:12:00,0.031034310732025006
2019-12-17 18:15:00,0.0066102086266255355
2019-12-17 18:18:00,0.010719737385954886
2019-12-17 18:21:00,-0.056170983738468294
2019-12-17 18:24:00,-0.04292919464415945
2019-12-17 18:27:00,0.08219432163969032
2019-12-17 18:30:00,-0.12160241261028659
2019-12-17 18:33:00,-0.008964814741318605
2019-12-17 18:36:00,-0.04695486884713773
2019-12-17 18:39:00,0.0015610613764920345
2019-12-17 18:42:00,0.03885432788280241
2019-12-17 18:45:00,-0.012909285200066734
2019-12-17 18:48:00,-0.1278948279077099
2019-12-17 18:51:00,-0.013084160551784407
2019-12-17 18:54:00,-0.09074424192237984
2019-12-17 18:57:00,
2019-12-17 19:00:00,
2019-12-17 19:03:00,-0.011755358669120142
2019-12-17 19:06:00,0.007871403195110815
2019-12-17 19:09:00,0.017909377293108264
2019-12-17 19:12:00,-0.04475193350020845
2019-12-17 19:15:00,0.0697976109722731
2019-12-17 19:18:00,0.022626514712555945
2019-12-17 19:21:00,0.024952610376203666
2019-12-17 19:24:00,0.02354281051009366
2019-12-17 19:27:00,0.03047754033690353
2019-12-17 19:30:00,0.016901993094450063
2019-12-17 19:33:00,0.01120308538122572
2019-12-17 19:36:00,0.08384606445071086
2019-12-17 19:39:00,0.14127203856230608
2019-12-17 19:42:00,0.12782438640283544
2019-12-17 19:45:00,0.09339868302345167
2019-12-17 19:48:00,0.11739533313573247
2019-12-17 19:51:00,0.10932173825119662
2019-12-17 19:54:00,0.1550166508835673
2019-12-17 19:57:00,0.13307605479212725
2019-12-17 20:00:00,0.1980300985148915
2019-12-17 20:03:00,0.14300833857225825
2019-12-17 20:06:00,0.20491858671459795
2019-12-17 20:09:00,0.14208324636575753
2019-12-17 20:12:00,0.20221284902640946
2019-12-17 20:15:00,0.08766386711857876
2019-12-17 20:18:00,0.21282487287385266
2019-12-17 20:21:00,0.2138061695536635
2019-12-17 20:24:00,0.15335845948936822
2019-12-17 20:27:00,0.1045962306649244
2019-12-17 20:30:00,0.15156374699233766
2019-12-17 20:33:00,0.12196613681788904
2019-12-17 20:36:00,0.2622482186412185
2019-12-17 20:39:00,0.23532869962224368
2019-12-17 20:42:00,0.3074719424870409
2019-12-17 20:45:00,0.22608791240651271
2019-12-17 20:48:00,0.19413610516193103
2019-12-17 20:51:00,0.16433718202904402
2019-12-17 20:54:00,0.3451830947641952
2019-12-17 20:57:00,0.3299370438748497
2019-12-17 21:00:00,0.43057940591739907
2019-12-17 21:03:00,0.33154474161034386
2019-12-17 21:06:00,0.4035699140600286
2019-12-17 21:09:00,0.45551308001876123
2019-12-17 21:12:00,0.48461136866427523
2019-12-17 21:15:00,0.5701917454389331
2019-12-17 21:18:00,0.5872684729521893
2019-12-17 21:21:00,0.6083877712858907
2019-12-17 21:24:00,0.5931969803698394
2019-12-17 21:27:00,0.668578760584694
2019-12-17 21:30:00,0.7358594467082753
2019-12-17 21:33:00,0.841616614150098
2019-12-17 21:36:00,0.7762702576974903
2019-12-17 21:39:00,0.6624610026614732
2019-12-17 21:42:00,0.6489694390601812
2019-12-17 21:45:00,0.4110373311906983
2019-12-17 21:48:00,0.4851902702702091
2019-12-17 21:51:00,0.4388274837559152
2019-12-17 21:54:00,0.3740767594710519
2019-12-17 21:57:00,0.426940794177483
2019-12-17 22:00:00,0.533489482403013
2019-12-17 22:03:00,0.4070117320280815
2019-12-17 22:06:00,0.5109968323798739
2019-12-17 22:09:00,0.5159377202119231
2019-12-17 22:12:00,0.5117065610464806
2019-12-17 22:15:00,0.4681968088169697
2019-12-17 22:18:00,0.49053246279049745
2019-12-17 22:21:00,0.47642162245529107
2019-12-17 22:24:00,0.4183786723729668
2019-12-17 22:27:00,0.4454662330680321
2019-12-17 22:30:00,0.40703107569271424
2019-12-17 22:33:00,0.2968587186631453
2019-12-17 22:36:00,0.41220038214402166
2019-12-17 22:39:00,0.40244934835948243
2019-12-17 22:42:00,0.5139914886166821
2019-12-17 22:45:00,0.4430104203545966
2019-12-17 22:48:00,0.33916015667301735
2019-12-17 22:51:00,0.32253782320759683
2019-12-17 22:54:00,0.4223019929257248
2019-12-17 22:57:00,0.39036887600332193
2019-12-17 23:00:00,0.44926215552590065
2019-12-17 23:03:00,0.32035254478461184
2019-12-17 23:06:00,0.47532133375733565
2019-12-17 23:09:00,0.4313985136128622
2019-12-17 23:12:00,0.37450323374952177
2019-12-17 23:15:00,0.36311241124383287
2019-12-17 23:18:00,0.39336446542546355
2019-12-17 23:21:00,0.38722856081642476
2019-12-17 23:24:00,0.43331307622321447
2019-12-17 23:27:00,0.4111853807604575
2019-12-17 23:30:00,0.42854691850214977
2019-12-17 23:33:00,0.3830052918652882
2019-12-17 23:36:00,0.435707828645036
2019-12-17 23:39:00,0.4070773747731664
2019-12-17 23:42:00,0.49370000641937395
2019-12-17 23:45:00,0.3276513208375036
2019-12-17 23:48:00,0.4757616168762979
2019-12-17 23:51:00,0.4628145791382394
2019-12-17 23:54:00,0.4607157945249014
2019-12-17 23:57:00,0.3882299681549739
2019-12-18 00:00:00,0.46228125244334706
2019-12-18 00:03:00,0.4294489134192645
2019-12-18 00:06:00,0.31872430196995083
2019-12-18 00:09:00,0.391929576653979
2019-12-18 00:12:00,0.34241050557193375
2019-12-18 00:15:00,0.4552382015160106
2019-12-18 00:18:00,0.3541573662458859
2019-12-18 00:21:00,0.2628961088361166
2019-12-18 00:24:00,0.3975089539266605
2019-12-18 00:27:00,0.29388132265262357
2019-12-18 00:30:00,0.38750131935466925
2019-12-18 00:33:00,0.38375928040278495
2019-12-18 00:36:00,0.4168848920708115
2019-12-18 00:39:00,0.515505463276952
2019-12-18 00:42:00,0.5548940806061182
2019-12-18 00:45:00,0.487214539252534
2019-12-18 00:48:00,0.4740473501109932
2019-12-18 00:51:00,0.3789857993259602
2019-12-18 00:54:00,0.5207467897943161
2019-12-18 00:57:00,0.4269166994493503
2019-12-18 01:00:00,0.3817408566281415
2019-12-18 01:03:00,0.40658543043485906
2019-12-18 01:06:00,0.3449173022460741
2019-12-18 01:09:00,0.4341328390734134
2019-12-18 01:12:00,0.44225720153622206
2019-12-18 01:15:00,0.41443305124454355
2019-12-18 01:18:00,0.4047659567105484
2019-12-18 01:21:00,0.44019270146554845
2019-12-18 01:24:00,0.5479560848407345
2019-12-18 01:27:00,0.48900241481754847
2019-12-18 01:30:00,0.4681515337277915
2019-12-18 01:33:00,0.46486258106051537
2019-12-18 01:36:00,0.45060420606068874
2019-12-18 01:39:00,0.4741078862767836
2019-12-18 01:42:00,0.4393107347647742
2019-12-18 01:45:00,0.5706328386661426
2019-12-18 01:48:00,0.5032139186228619
2019-12-18 01:51:00,0.43816222873721244
2019-12-18 01:54:00,0.5066866360893982
2019-12-18 01:57:00,0.5315779776328782
2019-12-18 02:00:00,0.5094709360129173
2019-12-18 02:03:00,0.47505667205336977
2019-12-18 02:06:00,0.4483957212883638
2019-12-18 02:09:00,0.42097609790027946
2019-12-18 02:12:00,0.5101573381262483
2019-12-18 02:15:00,0.4719612574214693
2019-12-18 02:18:00,0.4804005825750437
2019-12-18 02:21:00,0.4373747236198824
2019-12-18 02:24:00,0.3568426485528562
2019-12-18 02:27:00,0.4177852134765203
2019-12-18 02:30:00,0.45309783767498857
2019-12-18 02:33:00,0.47460839959416035
2019-12-18 02:36:00,0.4513547326408798
2019-12-18 02:39:00,0.4452778959364423
2019-12-18 02:42:00,0.5088522739400787
2019-12-18 02:45:00,0.4797832548282486
2019-12-18 02:48:00,0.5372170454173215
2019-12-18 02:51:00,0.5723051229976477
2019-12-18 02:54:00,0.46977255440816634
2019-12-18 02:57:00,0.4881108448591931
2019-12-18 03:00:00,0.4803521274027389
2019-12-18 03:03:00,0.5304519350008832
2019-12-18 03:06:00,0.47617896367694357
2019-12-18 03:09:00,0.4905418834017041
2019-12-18 03:12:00,0.5032631512377748
2019-12-18 03:15:00,0.3788130212265628
2019-12-18 03:18:00,0.43635689826669477
2019-12-18 03:21:00,0.4541830601920651
2019-12-18 03:24:00,0.43464805956244845
2019-12-18 03:27:00,0.4831585357661652
2019-12-18 03:30:00,0.43375750134487134
2019-12-18 03:33:00,0.4838322855031265
2019-12-18 03:36:00,0.47561833228826345
2019-12-18 03:39:00,0.5104145352643741
2019-12-18 03:42:00,0.4206294569941633
2019-12-18 03:45:00,0.4653375948900589
2019-12-18 03:48:00,0.45869248376789074
2019-12-18 03:51:00,0.38373373933274024
2019-12-18 03:54:00,0.4795644539814248
2019-12-18 03:57:00,0.442870914043624
2019-12-18 04:00:00,0.45173551284625546
2019-12-18 04:03:00,0.5034841576749614
2019-12-18 04:06:00,0.5420178128146631
2019-12-18 04:09:00,0.41077787752436734
2019-12-18 04:12:00,0.5367953634928995
2019-12-18 04:15:00,0.5505921952820927
2019-12-18 04:18:00,0.4837779960375883
2019-12-18 04:21:00,0.47412586440441373
2019-12-18 04:24:00,0.5591704154319928
2019-12-18 04:27:00,0.5404860110380127
2019-12-18 04:30:00,0.5417239764687451
2019-12-18 04:33:00,0.5033791675534189
2019-12-18 04:36:00,0.555662041893072
2019-12-18 04:39:00,0.555003156120506
2019-12-18 04:42:00,0.6063620093865438
2019-12-18 04:45:00,0.5475083491079431
2019-12-18 04:48:00,0.5452912560733125
2019-12-18 04:51:00,0.5701926630500793
2019-12-18 04:54:00,0.42652570072914386
2019-12-18 04:57:00,0.5589767897647562
2019-12-18 05:00:00,0.567198821704892
2019-12-18 05:03:00,0.581556471029387
2019-12-18 05:06:00,0.6371705006701518
2019-12-18 05:09:00,0.4827903385566401
2019-12-18 05:12:00,0.577977963752744
2019-12-18 05:15:00,0.551424466789058
2019-12-18 05:18:00,0.5759114670284475
2019-12-18 05:21:00,0.6632565521617266
2019-12-18 05:24:00,0.6338858582999478
2019-12-18 05:27:00,0.6035739583410873
2019-12-18 05:30:00,0.6470488714248859
2019-12-18 05:33:00,0.6926370959988617
2019-12-18 05:36:00,0.6793499894645265
2019-12-18 05:39:00,0.6584339762933951
2019-12-18 05:42:00,0.6202279335231538
2019-12-18 05:45:00,0.6283654699172416
2019-12-18 05:48:00,0.636294997166658
2019-12-18 05:51:00,0.6297924262099741
2019-12-18 05:54:00,0.6758763545577722
2019-12-18 05:57:00,0.5748248449417588
2019-12-18 06:00:00,0.604995147707541
2019-12-18 06:03:00,0.6341548443609213
2019-12-18 06:06:00,0.6207960166534576
2019-12-18 06:09:00,0.6307345993188278
2019-12-18 06:12:00,0.5538050004163324
2019-12-18 06:15:00,0.477946559117413
2019-12-18 06:18:00,0.5319065418853484
2019-12-18 06:21:00,0.5102719041625505
2019-12-18 06:24:00,0.5806388932600726
2019-12-18 06:27:00,0.49714568477492094
2019-12-18 06:30:00,0.5220277307176957
2019-12-18 06:33:00,0.5187174296204944
2019-12-18 06:36:00,0.47921736585789176
2019-12-18 06:39:00,0.4598989512771823
2019-12-18 06:42:00,0.4127962942410477
2019-12-18 06:45:00,0.42292727383647843
2019-12-18 06:48:00,0.46511480294645935
2019-12-18 06:51:00,0.339030243880984
2019-12-18 06:54:00,0.38159275233260814
2019-12-18 06:57:00,0.399038174108739
2019-12-18 07:00:00,0.4792172063092721
2019-12-18 07:03:00,0.4944577881809664
2019-12-18 07:06:00,0.40300816592895217
2019-12-18 07:09:00,0.41661032070749116
2019-12-18 07:12:00,0.4389163589790428
2019-12-18 07:15:00,0.35752594703581053
2019-12-18 07:18:00,0.4736387999845988
2019-12-18 07:21:00,0.40455828495259993
2019-12-18 07:24:00,0.4556407780696645
2019-12-18 07:27:00,0.43920308511673056
2019-12-18 07:30:00,0.4419627615587274
2019-12-18 07:33:00,0.49082288427553067
2019-12-18 07:36:00,0.4442894947624154
2019-12-18 07:39:00,0.40272437791622906
2019-12-18 07:42:00,0.5267469036680268
2019-12-18 07:45:00,0.44599614353626293
2019-12-18 07:48:00,0.25561719175084363
2019-12-18 07:51:00,0.3921953895915635
2019-12-18 07:54:00,0.43872842195497697
2019-12-18 07:57:00,0.3771452316857449
2019-12-18 08:00:00,0.4020732167014671
2019-12-18 08:03:00,0.4418896535050294
2019-12-18 08:06:00,0.40122749140840597
2019-12-18 08:09:00,0.2706533506444657
2019-12-18 08:12:00,0.3856319384577205
2019-12-18 08:15:00,0.34097292334206486
2019-12-18 08:18:00,0.39108503508339254
2019-12-18 08:21:00,0.34942885015971115
2019-12-18 08:24:00,0.39442336073233264
2019-12-18 08:27:00,0.364593276608673
2019-12-18 08:30:00,0.3448118414489727
2019-12-18 08:33:00,0.36527349912682894
2019-12-18 08:36:00,0.31956664448625816
2019-12-18 08:39:00,0.3312381343051811
2019-12-18 08:42:00,0.24808255016642988
2019-12-18 08:45:00,0.31331870257014316
2019-12-18 08:48:00,0.27492374834531574
2019-12-18 08:51:00,0.2671511558129396
2019-12-18 08:54:00,0.2532604393098268
2019-12-18 08:57:00,0.2914217694242893
2019-12-18 09:00:00,0.2917826149851521
2019-12-18 09:03:00,0.16635912406542275
2019-12-18 09:06:00,0.25131463820264344
2019-12-18 09:09:00,0.21790013132215336
2019-12-18 09:12:00,0.19782644173523067
2019-12-18 09:15:00,0.10427497033009558
2019-12-18 09:18:00,0.21072349915561972
2019-12-18 09:21:00,0.10675812921402894
2019-12-18 09:24:00,0.20666811796803586
2019-12-18 09:27:00,0.15564102833508286
2019-12-18 09:30:00,0.14901212639489358
2019-12-18 09:33:00,0.11723154346714182
2019-12-18 09:36:00,0.10646859825112642
2019-12-18 09:39:00,0.09565290188135123
2019-12-18 09:42:00,0.06460177825209712
2019-12-18 09:45:00,0.1712804889307904
2019-12-18 09:48:00,0.07794837279931244
2019-12-18 09:51:00,0.08830241009292195
2019-12-18 09:54:00,0.08916177046751272
2019-12-18 09:57:00,0.17087160456577521
2019-12-18 10:00:00,0.08669169113858288
2019-12-18 10:03:00,0.17288034512631612
2019-12-18 10:06:00,-0.021853334028264726
2019-12-18 10:09:00,0.1421197110393564
2019-12-18 10:12:00,0.13239139213766293
2019-12-18 10:15:00,0.1166381629794273
2019-12-18 10:18:00,0.048256427348292164
2019-12-18 10:21:00,-0.03444170400393887
2019-12-18 10:24:00,0.03718685205012662
2019-12-18 10:27:00,0.1251940941714338
2019-12-18 10:30:00,0.16776953147234508
2019-12-18 10:33:00,0.09576045492281082
2019-12-18 10:36:00,0.03963532601062525
2019-12-18 10:39:00,0.12173941237273311
2019-12-18 10:42:00,0.00045178172535997874
2019-12-18 10:45:00,-0.03196438232839682
2019-12-18 10:48:00,-0.024273043154209972
2019-12-18 10:51:00,-0.010075715744278568
2019-12-18 10:54:00,0.04333516416971861
2019-12-18 10:57:00,0.12437972832054811
2019-12-18 11:00:00,0.1672099345931315
2019-12-18 11:03:00,0.09502588591305994
2019-12-18 11:06:00,-0.0034245370454755175
2019-12-18 11:09:00,0.05510583840879235
2019-12-18 11:12:00,0.050823644775732646
2019-12-18 11:15:00,-0.019523402940308188
2019-12-18 11:18:00,0.03493570016837566
2019-12-18 11:21:00,0.03632315245454265
2019-12-18 11:24:00,0.007938501958619781
2019-12-18 11:27:00,-0.0004369119156990564
2019-12-18 11:30:00,0.06654469058037193
2019-12-18 11:33:00,-0.02661458391122551
2019-12-18 11:36:00,-0.01518207919929182
2019-12-18 11:39:00,0.059933853005929905
2019-12-18 11:42:00,0.010058678742097982
2019-12-18 11:45:00,-0.08176852060290685
2019-12-18 11:48:00,-0.024044393594920166
2019-12-18 11:51:00,0.12474738885083525
2019-12-18 11:54:00,-0.050377161403844184
2019-12-18 11:57:00,0.04609380311245559
2019-12-18 12:00:00,0.015249581937098355
2019-12-18 12:03:00,-0.18519166637338458
2019-12-18 12:06:00,-0.13719382697115634
2019-12-18 12:09:00,-0.16361883955636358
2019-12-18 12:12:00,-0.16283770342749904
2019-12-18 12:15:00,-0.12250755958359605
2019-12-18 12:18:00,-0.009464721321648994
2019-12-18 12:21:00,-0.08513581395345682
2019-12-18 12:24:00,-0.04291563402097154
2019-12-18 12:27:00,-0.27422821052903146
2019-12-18 12:30:00,-0.16244316149931137
2019-12-18 12:33:00,-0.15050377639693124
2019-12-18 12:36:00,0.0015058459647434574
2019-12-18 12:39:00,-0.13453249250221688
2019-12-18 12:42:00,-0.11770299470663304
2019-12-18 12:45:00,-0.11029126210485174
2019-12-18 12:48:00,-0.10476168064781177
2019-12-18 12:51:00,-0.2337072342885449
2019-12-18 12:54:00,-0.24014107939939322
2019-12-18 12:57:00,-0.22334239510610132
2019-12-18 13:00:00,-0.14369322810387075
2019-12-18 13:03:00,-0.10297852858536771
2019-12-18 13:06:00,-0.12488041435381092
2019-12-18 13:09:00,-0.19486452898939888
2019-12-18 13:12:00,-0.23324131594830533
2019-12-18 13:15:00,-0.17643655777277445
2019-12-18 13:18:00,-0.10622162361727305
2019-12-18 13:21:00,-0.13258809385484938
2019-12-18 13:24:00,-0.17277890465464907
2019-12-18 13:27:00,-0.180862481966642
2019-12-18 13:30:00,-0.156254718417415
2019-12-18 13:33:00,-0.20382254504755792
2019-12-18 13:36:00,-0.1948328982044245
2019-12-18 13:39:00,-0.110305434749705
2019-12-18 13:42:00,-0.09527430112353841
2019-12-18 13:45:00,-0.0426301780055951
2019-12-18 13:48:00,-0.05610960837066159
2019-12-18 13:51:00,-0.14792009818563656
2019-12-18 13:54:00,-0.13776648162769334
2019-12-18 13:57:00,-0.17570882323752812
2019-12-18 14:00:00,-0.16034272951350204
2019-12-18 14:03:00,-0.1378479123840748
2019-12-18 14:06:00,-0.13929589764092043
2019-12-18 14:09:00,-0.1241168673741413
2019-12-18 14:12:00,-0.0831198605671375
2019-12-18 14:15:00,-0.11344579342591032
2019-12-18 14:18:00,-0.13713575736255734
2019-12-18 14:21:00,-0.16396539796488696
2019-12-18 14:24:00,-0.0937120846358539
2019-12-18 14:27:00,-0.17773392256259513
2019-12-18 14:30:00,-0.18851981390889705
2019-12-18 14:33:00,-0.2659720327274613
2019-12-18 14:36:00,-0.26850903269775017
2019-12-18 14:39:00,-0.15829577901502034
2019-12-18 14:42:00,-0.038933169692882075
2019-12-18 14:45:00,-0.1586274639944918
2019-12-18 14:48:00,-0.16898944425025775
2019-12-18 14:51:00,-0.04874551548442696
2019-12-18 14:54:00,-0.07214521587269473
2019-12-18 14:57:00,-0.05463818900551587
2019-12-18 15:00:00,0.06443632713768466
2019-12-18 15:03:00,0.06406508020626234
2019-12-18 15:06:00,-0.0017233573242378952
2019-12-18 15:09:00,-0.046673412538837056
2019-12-18 15:12:00,0.021834522315884897
2019-12-18 15:15:00,-0.0368275815400807
2019-12-18 15:18:00,0.0015691769635282071
2019-12-18 15:21:00,0.003155867858538386
2019-12-18 15:24:00,-0.026961348919996908
2019-12-18 15:27:00,-0.03973703735681511
2019-12-18 15:30:00,0.16631049371551399
2019-12-18 15:33:00,0.0026036290835236287
2019-12-18 15:36:00,0.03135609068846179
2019-12-18 15:39:00,0.04015291982960889
2019-12-18 15:42:00,0.2130108152387038
2019-12-18 15:45:00,0.07143715928924621
2019-12-18 15:48:00,-0.024756198185116318
2019-12-18 15:51:00,0.22394900794273553
2019-12-18 15:54:00,0.37124796929481363
2019-12-18 15:57:00,0.3497077940717759
2019-12-18 16:00:00,0.22795218672473538
2019-12-18 16:03:00,0.2904528607633097
2019-12-18 16:06:00,0.06877643396563826
2019-12-18 16:09:00,0.04873211753857731
2019-12-18 16:12:00,-0.0517483565329826
2019-12-18 16:15:00,-0.015081733730710312
2019-12-18 16:18:00,-0.10594653505381757
2019-12-18 16:21:00,-0.05761337812879219
2019-12-18 16:24:00,0.0927310520172
2019-12-18 16:27:00,0.0007694605332062565
2019-12-18 16:30:00,0.12089480674274
2019-12-18 16:33:00,0.15452606725449414
2019-12-18 16:36:00,0.11387221369926692
2019-12-18 16:39:00,0.1515646504865913
2019-12-18 16:42:00,0.08037113064136747
2019-12-18 16:45:00,0.14879147502483647
2019-12-18 16:48:00,0.12718391949294983
2019-12-18 16:51:00,0.12773270126081115
2019-12-18 16:54:00,0.04008098571989649
2019-12-18 16:57:00,0.05801098640290547
2019-12-18 17:00:00,0.09813272538985984
2019-12-18 17:03:00,0.034976540072136686
2019-12-18 17:06:00,0.0869293067235617
2019-12-18 17:09:00,0.06878683304427113
2019-12-18 17:12:00,0.09114211608169853
2019-12-18 17:15:00,0.0659146477044601
2019-12-18 17:18:00,0.15796500922959922
2019-12-18 17:21:00,0.076948712689898
2019-12-18 17:24:00,0.07769725270600247
2019-12-18 17:27:00,0.05241291814985516
2019-12-18 17:30:00,0.14358007648928606
2019-12-18 17:33:00,0.16051660615750052
2019-12-18 17:36:00,0.06710312917351757
2019-12-18 17:39:00,0.10031848574521973
2019-12-18 17:42:00,0.12818725310933132
2019-12-18 17:45:00,0.06735105028809585
2019-12-18 17:48:00,0.1341530755904614
2019-12-18 17:51:00,0.21392363056094155
2019-12-18 17:54:00,0.14880466404713388
2019-12-18 17:57:00,0.1045386427921926
2019-12-18 18:00:00,0.11557400662474038
2019-12-18 18:03:00,0.1403595171769325
2019-12-18 18:06:00,0.08667979088949096
2019-12-18 18:09:00,0.22435009000741957
2019-12-18 18:12:00,0.21515008315066098
2019-12-18 18:15:00,0.17246784807400672
2019-12-18 18:18:00,0.16598493525361846
2019-12-18 18:21:00,0.024289931634484674
2019-12-18 18:24:00,0.16833585272934215
2019-12-18 18:27:00,0.1308401889899642
2019-12-18 18:30:00,0.15205755752896266
2019-12-18 18:33:00,0.14584646086154862
2019-12-18 18:36:00,0.1988045039647659
2019-12-18 18:39:00,0.18211808105320415
2019-12-18 18:42:00,0.2615505077157536
2019-12-18 18:45:00,0.19403255178588097
2019-12-18 18:48:00,0.2612504303928631
2019-12-18 18:51:00,0.19366039745557373
2019-12-18 18:54:00,
2019-12-18 18:57:00,
2019-12-18 19:00:00,
2019-12-18 19:03:00,0.16866785639541604
2019-12-18 19:06:00,0.18871225522633495
2019-12-18 19:09:00,0.1834664310144376
2019-12-18 19:12:00,0.11680368958116105
2019-12-18 19:15:00,0.1526678578609335
2019-12-18 19:18:00,0.24477634663674053
2019-12-18 19:21:00,0.18932217761187076
2019-12-18 19:24:00,0.23201209740000195
2019-12-18 19:27:00,0.24375197824025463
2019-12-18 19:30:00,0.15706524529440458
2019-12-18 19:33:00,0.1905060976225741
2019-12-18 19:36:00,0.2795994608871979
2019-12-18 19:39:00,0.365094745795318
2019-12-18 19:42:00,0.18704578846558206
2019-12-18 19:45:00,0.1861280448460434
2019-12-18 19:48:00,0.3292113226805782
2019-12-18 19:51:00,0.22344270696186186
2019-12-18 19:54:00,0.28285975266663854
2019-12-18 19:57:00,0.26199811748693946
2019-12-18 20:00:00,0.2520967576584212
2019-12-18 20:03:00,0.2072371169882672
2019-12-18 20:06:00,0.21149802900265513
2019-12-18 20:09:00,0.28158764982629236
2019-12-18 20:12:00,0.26261917058138806
2019-12-18 20:15:00,0.37871408659282224
2019-12-18 20:18:00,0.24907743966213047
2019-12-18 20:21:00,0.28900207559945557
2019-12-18 20:24:00,0.2713484465325564
2019-12-18 20:27:00,0.16581177692933124
2019-12-18 20:30:00,0.2558802856970033
2019-12-18 20:33:00,0.2568033059758932
2019-12-18 20:36:00,0.27934073267687154
2019-12-18 20:39:00,0.3297853881076094
2019-12-18 20:42:00,0.29101507745986055
2019-12-18 20:45:00,0.3042089810431321
2019-12-18 20:48:00,0.2902825178596231
2019-12-18 20:51:00,0.27605476485604186
2019-12-18 20:54:00,0.28771693134763154
2019-12-18 20:57:00,0.2906533881354676
2019-12-18 21:00:00,0.324520583480421
2019-12-18 21:03:00,0.323072836850713
2019-12-18 21:06:00,0.27094913986479696
2019-12-18 21:09:00,0.3594724422446802
2019-12-18 21:12:00,0.3675167991577837
2019-12-18 21:15:00,0.25245207537818715
2019-12-18 21:18:00,0.3316484771064552
2019-12-18 21:21:00,0.31708971815339737
2019-12-18 21:24:00,0.3915342942070765
2019-12-18 21:27:00,0.34403025877440996
2019-12-18 21:30:00,0.32138999376684296
2019-12-18 21:33:00,0.32669263998013776
2019-12-18 21:36:00,0.2855015029551282
2019-12-18 21:39:00,0.22536052424612762
2019-12-18 21:42:00,0.3849326077654496
2019-12-18 21:45:00,0.29320361440005627
2019-12-18 21:48:00,0.3201393734550493
2019-12-18 21:51:00,0.3138195893318425
2019-12-18 21:54:00,0.377524266316982
2019-12-18 21:57:00,0.4327326805815801
2019-12-18 22:00:00,0.40555031710368894
2019-12-18 22:03:00,0.2833716361736265
2019-12-18 22:06:00,0.3648866611237622
2019-12-18 22:09:00,0.3476976032624748
2019-12-18 22:12:00,0.32498593739808257
2019-12-18 22:15:00,0.3577953581308293
2019-12-18 22:18:00,0.35854131659067434
2019-12-18 22:21:00,0.3287060427614392
2019-12-18 22:24:00,0.42744159589534547
2019-12-18 22:27:00,0.39981944629204236
2019-12-18 22:30:00,0.3925163965934644
2019-12-18 22:33:00,0.3845349016834234
2019-12-18 22:36:00,0.3238510563981549
2019-12-18 22:39:00,0.27854844266812506
2019-12-18 22:42:00,0.36630425999635463
2019-12-18 22:45:00,0.33557136075967264
2019-12-18 22:48:00,0.33762668840500965
2019-12-18 22:51:00,0.1714976989280217
2019-12-18 22:54:00,0.36271245305317734
2019-12-18 22:57:00,0.3234182213590202
2019-12-18 23:00:00,0.36753927336576453
2019-12-18 23:03:00,0.3770468378208989
2019-12-18 23:06:00,0.37268760472727536
2019-12-18 23:09:00,0.2855410655119499
2019-12-18 23:12:00,0.267504881953073
2019-12-18 23:15:00,0.344577451850796
2019-12-18 23:18:00,0.231387638813203
2019-12-18 23:21:00,0.4356093379738013
2019-12-18 23:24:00,0.29841416835546397
2019-12-18 23:27:00,0.3428356890425448
2019-12-18 23:30:00,0.329144231941882
2019-12-18 23:33:00,0.3494229839709533
2019-12-18 23:36:00,0.24105309737183234
2019-12-18 23:39:00,0.3675477595227221
2019-12-18 23:42:00,0.37502463004022957
2019-12-18 23:45:00,0.40683215989042765
2019-12-18 23:48:00,0.46746006362297976
2019-12-18 23:51:00,0.4296505690649042
2019-12-18 23:54:00,0.4015435419831306
2019-12-18 23:57:00,0.4315632838404895
2019-12-19 00:00:00,0.439062546054231
2019-12-19 00:03:00,0.3749820164966877
2019-12-19 00:06:00,0.3722162926600845
2019-12-19 00:09:00,0.39404640208550745
2019-12-19 00:12:00,0.41617434787895036
2019-12-19 00:15:00,0.3586867678907879
2019-12-19 00:18:00,0.3403230657133349
2019-12-19 00:21:00,0.3965603694985589
2019-12-19 00:24:00,0.25571122194446616
2019-12-19 00:27:00,0.22868798599398588
2019-12-19 00:30:00,0.3068026794871912
2019-12-19 00:33:00,0.35035446844830176
2019-12-19 00:36:00,0.357269307912361
2019-12-19 00:39:00,0.3815804308360953
2019-12-19 00:42:00,0.42034836778827867
2019-12-19 00:45:00,0.3488593931294872
2019-12-19 00:48:00,0.31893318774075397
2019-12-19 00:51:00,0.37864811811334675
2019-12-19 00:54:00,0.3123346857681213
2019-12-19 00:57:00,0.38712233357017567
2019-12-19 01:00:00,0.29930923837304135
2019-12-19 01:03:00,0.3422571525080116
2019-12-19 01:06:00,0.3720513667204841
2019-12-19 01:09:00,0.4065063320604736
2019-12-19 01:12:00,0.43533476153339734
2019-12-19 01:15:00,0.44525729189172125
2019-12-19 01:18:00,0.4519833738062857
2019-12-19 01:21:00,0.5408666104109443
2019-12-19 01:24:00,0.5697541048550079
2019-12-19 01:27:00,0.6000989132334666
2019-12-19 01:30:00,0.48647533262544584
2019-12-19 01:33:00,0.5297873819223469
2019-12-19 01:36:00,0.5513364852949962
2019-12-19 01:39:00,0.5357744308068391
2019-12-19 01:42:00,0.5697176460086553
2019-12-19 01:45:00,0.5733967960700852
2019-12-19 01:48:00,0.7181999915669621
2019-12-19 01:51:00,0.5812743394702125
2019-12-19 01:54:00,0.6391965181935575
2019-12-19 01:57:00,0.6071212513836599
2019-12-19 02:00:00,0.5908294335117148
2019-12-19 02:03:00,0.6009146473922442
2019-12-19 02:06:00,0.5706080792361377
2019-12-19 02:09:00,0.5598915774380089
2019-12-19 02:12:00,0.5531490500309246
2019-12-19 02:15:00,0.4917853687714455
2019-12-19 02:18:00,0.516832148965193
2019-12-19 02:21:00,0.6308156257685482
2019-12-19 02:24:00,0.6380332877993737
2019-12-19 02:27:00,0.5167462597182748
2019-12-19 02:30:00,0.6108008054354173
2019-12-19 02:33:00,0.5965765483105088
2019-12-19 02:36:00,0.5571895478915962
2019-12-19 02:39:00,0.5318084812102484
2019-12-19 02:42:00,0.5419546900626528
2019-12-19 02:45:00,0.4640981048848971
2019-12-19 02:48:00,0.5394064862036885
2019-12-19 02:51:00,0.5045099836179929
2019-12-19 02:54:00,0.5065684998373854
2019-12-19 02:57:00,0.42019232462939726
2019-12-19 03:00:00,0.4362859316665322
2019-12-19 03:03:00,0.37777340378761437
2019-12-19 03:06:00,0.5133756034928183
2019-12-19 03:09:00,0.4349165138378339
2019-12-19 03:12:00,0.4838451633814884
2019-12-19 03:15:00,0.4305895060504099
2019-12-19 03:18:00,0.5454590209061507
2019-12-19 03:21:00,0.4675934231082124
2019-12-19 03:24:00,0.3593194990361894
2019-12-19 03:27:00,0.44132466328812825
2019-12-19 03:30:00,0.4548846243760636
2019-12-19 03:33:00,0.3648415662014486
2019-12-19 03:36:00,0.3941097488462333
2019-12-19 03:39:00,0.41483012043374856
2019-12-19 03:42:00,0.28650636345270186
2019-12-19 03:45:00,0.42016556174479547
2019-12-19 03:48:00,0.4101212486897907
2019-12-19 03:51:00,0.44021725789309585
2019-12-19 03:54:00,0.37135589120794066
2019-12-19 03:57:00,0.4588845209117949
2019-12-19 04:00:00,0.39583289577450387
2019-12-19 04:03:00,0.4006544957993583
2019-12-19 04:06:00,0.3340795890786694
2019-12-19 04:09:00,0.45133316418338154
2019-12-19 04:12:00,0.346102167369736
2019-12-19 04:15:00,0.43705355873015606
2019-12-19 04:18:00,0.3936568560128535
2019-12-19 04:21:00,0.39167149784321964
2019-12-19 04:24:00,0.37994513930829044
2019-12-19 04:27:00,0.46191613906989915
2019-12-19 04:30:00,0.36099061407310273
2019-12-19 04:33:00,0.4161050851477057
2019-12-19 04:36:00,0.3665196725483497
2019-12-19 04:39:00,0.48983310432214466
2019-12-19 04:42:00,0.36959164034965397
2019-12-19 04:45:00,0.3804038120146629
2019-12-19 04:48:00,0.5342683182611836
2019-12-19 04:51:00,0.45133847441860553
2019-12-19 04:54:00,0.5048236858726227
2019-12-19 04:57:00,0.4928973470067035
2019-12-19 05:00:00,0.46120776025333043
2019-12-19 05:03:00,0.4101048579628923
2019-12-19 05:06:00,0.330643688315547
2019-12-19 05:09:00,0.45260865524608107
2019-12-19 05:12:00,0.3905188313332246
2019-12-19 05:15:00,0.388007086467951
2019-12-19 05:18:00,0.4459312653854113
2019-12-19 05:21:00,0.3985872675140172
2019-12-19 05:24:00,0.40067991302873907
2019-12-19 05:27:00,0.45004139716809277
2019-12-19 05:30:00,0.3907289047361928
2019-12-19 05:33:00,0.33022657429501123
2019-12-19 05:36:00,0.4264297428780992
2019-12-19 05:39:00,0.4115118210604578
2019-12-19 05:42:00,0.35091013314854536
2019-12-19 05:45:00,0.4416482522605065
2019-12-19 05:48:00,0.39734407875528177
2019-12-19 05:51:00,0.420504079035652
2019-12-19 05:54:00,0.47306893851879295
2019-12-19 05:57:00,0.3681831327985492
2019-12-19 06:00:00,0.26951197227270995
2019-12-19 06:03:00,0.37030644181282923
2019-12-19 06:06:00,0.4116004472285226
2019-12-19 06:09:00,0.481609978536369
2019-12-19 06:12:00,0.3772272779507375
2019-12-19 06:15:00,0.4474329075562764
2019-12-19 06:18:00,0.3278323122464144
2019-12-19 06:21:00,0.4245923260564268
2019-12-19 06:24:00,0.492988004205813
2019-12-19 06:27:00,0.38825779918613534
2019-12-19 06:30:00,0.3707318253021299
2019-12-19 06:33:00,0.3309088726066989
2019-12-19 06:36:00,0.31484285102919785
2019-12-19 06:39:00,0.2796769246073154
2019-12-19 06:42:00,0.3951214177413931
2019-12-19 06:45:00,0.3508917776089788
2019-12-19 06:48:00,0.42629132077934173
2019-12-19 06:51:00,0.3972125455665605
2019-12-19 06:54:00,0.37499422052673026
2019-12-19 06:57:00,0.30240227232002326
2019-12-19 07:00:00,0.32013237228147773
2019-12-19 07:03:00,0.42130724392916363
2019-12-19 07:06:00,0.28467062428097734
2019-12-19 07:09:00,0.322494659139295
2019-12-19 07:12:00,0.362005453985887
2019-12-19 07:15:00,0.48217039448013566
2019-12-19 07:18:00,0.41367050853472165
2019-12-19 07:21:00,0.33760225522854626
2019-12-19 07:24:00,0.27886516993277155
2019-12-19 07:27:00,0.3347810053634248
2019-12-19 07:30:00,0.3419746478973025
2019-12-19 07:33:00,0.32987384443606516
2019-12-19 07:36:00,0.2822304419815964
2019-12-19 07:39:00,0.3458671529176627
2019-12-19 07:42:00,0.39377028849258977
2019-12-19 07:45:00,0.2886844144642282
2019-12-19 07:48:00,0.3283260666018464
2019-12-19 07:51:00,0.2774025239822322
2019-12-19 07:54:00,0.33504230703027815
2019-12-19 07:57:00,0.29232671410414923
2019-12-19 08:00:00,0.2997792625495208
2019-12-19 08:03:00,0.258712501887544
2019-12-19 08:06:00,0.2680722662655626
2019-12-19 08:09:00,0.31775588576977043
2019-12-19 08:12:00,0.3762039297635056
2019-12-19 08:15:00,0.27257735646441006
2019-12-19 08:18:00,0.3474162197759938
2019-12-19 08:21:00,0.38928375283376226
2019-12-19 08:24:00,0.37184272082953385
2019-12-19 08:27:00,0.2349963933712047
2019-12-19 08:30:00,0.34853929753478496
2019-12-19 08:33:00,0.239207285765076
2019-12-19 08:36:00,0.2965732554348506
2019-12-19 08:39:00,0.34567563955994274
2019-12-19 08:42:00,0.2800665953054704
2019-12-19 08:45:00,0.32653528638422813
2019-12-19 08:48:00,0.20684288727545663
2019-12-19 08:51:00,0.3554181544514563
2019-12-19 08:54:00,0.320850243957409
2019-12-19 08:57:00,0.30219304857666884
2019-12-19 09:00:00,0.23641105357734205
2019-12-19 09:03:00,0.302751858845113
2019-12-19 09:06:00,0.1744298858107527
2019-12-19 09:09:00,0.2535257509405824
2019-12-19 09:12:00,0.19268534155480666
2019-12-19 09:15:00,0.12214308031462906
2019-12-19 09:18:00,0.257089152845424
2019-12-19 09:21:00,0.26991433437854084
2019-12-19 09:24:00,0.22543884237995826
2019-12-19 09:27:00,0.21642542074420135
2019-12-19 09:30:00,0.1030164339242674
2019-12-19 09:33:00,0.14511892553372263
2019-12-19 09:36:00,0.17883094163568103
2019-12-19 09:39:00,0.21458401363537405
2019-12-19 09:42:00,0.19383537644205262
2019-12-19 09:45:00,0.17654109049175304
2019-12-19 09:48:00,0.2568703833056247
2019-12-19 09:51:00,0.1274300568687181
2019-12-19 09:54:00,0.24733979779699666
2019-12-19 09:57:00,0.12257359763509612
2019-12-19 10:00:00,0.10208288036642443
2019-12-19 10:03:00,0.12901244612100982
2019-12-19 10:06:00,0.1997923859456705
2019-12-19 10:09:00,0.14902773218506127
2019-12-19 10:12:00,0.06872871731303576
2019-12-19 10:15:00,0.21832230848900736
2019-12-19 10:18:00,0.027638693040444196
2019-12-19 10:21:00,0.17375855678625385
2019-12-19 10:24:00,0.12539957991725714
2019-12-19 10:27:00,0.09243370499575576
2019-12-19 10:30:00,0.08840410319390912
2019-12-19 10:33:00,0.0969237745373448
2019-12-19 10:36:00,0.1850718555901949
2019-12-19 10:39:00,0.18133396561523796
2019-12-19 10:42:00,0.10084338860519892
2019-12-19 10:45:00,0.09357345639108416
2019-12-19 10:48:00,0.11408911101091235
2019-12-19 10:51:00,0.17118020082131125
2019-12-19 10:54:00,0.07127212426496499
2019-12-19 10:57:00,0.09499201710627858
2019-12-19 11:00:00,0.036554944487477314
2019-12-19 11:03:00,0.12949945999201873
2019-12-19 11:06:00,0.06250301067058217
2019-12-19 11:09:00,0.07301827865700261
2019-12-19 11:12:00,0.08988109046464388
2019-12-19 11:15:00,0.060635351370763146
2019-12-19 11:18:00,0.060774026528065406
2019-12-19 11:21:00,0.08253342016740817
2019-12-19 11:24:00,0.023947117896000236
2019-12-19 11:27:00,-0.01687068304750028
2019-12-19 11:30:00,0.15884402033384504
2019-12-19 11:33:00,0.13350203119802018
2019-12-19 11:36:00,0.03543909080059393
2019-12-19 11:39:00,0.08201171279256414
2019-12-19 11:42:00,0.021179755757714247
2019-12-19 11:45:00,0.06720645112568491
2019-12-19 11:48:00,0.05169756617459598
2019-12-19 11:51:00,0.09568001439492946
2019-12-19 11:54:00,0.029216287560075216
2019-12-19 11:57:00,0.05264229407197263
2019-12-19 12:00:00,0.05281810469142556
2019-12-19 12:03:00,0.07037644454493375
2019-12-19 12:06:00,0.006465787342222029
2019-12-19 12:09:00,-0.058487056348667465
2019-12-19 12:12:00,-0.05951624377524922
2019-12-19 12:15:00,-0.05535987329147929
2019-12-19 12:18:00,-0.1799454032175163
2019-12-19 12:21:00,-0.03756017026250902
2019-12-19 12:24:00,-0.0017512553043843582
2019-12-19 12:27:00,-0.20539985101527236
2019-12-19 12:30:00,-0.029779707946318013
2019-12-19 12:33:00,0.030674265366201325
2019-12-19 12:36:00,-0.15363524661489691
2019-12-19 12:39:00,-0.11285293604828439
2019-12-19 12:42:00,-0.08258257132996505
2019-12-19 12:45:00,0.036244082549274026
2019-12-19 12:48:00,-0.09124554504563775
2019-12-19 12:51:00,-0.0034570296726315064
2019-12-19 12:54:00,-0.1373140612092243
2019-12-19 12:57:00,0.008241049988839677
2019-12-19 13:00:00,-0.047427153159219415
2019-12-19 13:03:00,-0.06913074581035517
2019-12-19 13:06:00,-0.12075297401497664
2019-12-19 13:09:00,-0.07890227732247013
2019-12-19 13:12:00,-0.03470914976952599
2019-12-19 13:15:00,-0.09555523563710722
2019-12-19 13:18:00,-0.09752149374799046
2019-12-19 13:21:00,-0.10249957711835123
2019-12-19 13:24:00,-0.04292712543445987
2019-12-19 13:27:00,-0.14182844606762046
2019-12-19 13:30:00,-0.17850468011363319
2019-12-19 13:33:00,-0.21249633266040746
2019-12-19 13:36:00,-0.1764562253001145
2019-12-19 13:39:00,-0.20300904003414644
2019-12-19 13:42:00,-0.16809408006929516
2019-12-19 13:45:00,-0.2041027075636066
2019-12-19 13:48:00,-0.19386604224439452
2019-12-19 13:51:00,-0.03713816944696191
2019-12-19 13:54:00,-0.1749930176711132
2019-12-19 13:57:00,-0.09911223979639772
2019-12-19 14:00:00,-0.18465685952452304
2019-12-19 14:03:00,-0.17973515414581698
2019-12-19 14:06:00,-0.3416522289189743
2019-12-19 14:09:00,-0.3255426389220588
2019-12-19 14:12:00,-0.16165574960876938
2019-12-19 14:15:00,-0.25254332483268627
2019-12-19 14:18:00,-0.1911664133867248
2019-12-19 14:21:00,-0.23381976999360177
2019-12-19 14:24:00,-0.24391656622071878
2019-12-19 14:27:00,-0.22296785934923946
2019-12-19 14:30:00,-0.2817720942470032
2019-12-19 14:33:00,-0.30405121700113114
2019-12-19 14:36:00,-0.14576304445688493
2019-12-19 14:39:00,-0.21231798671846036
2019-12-19 14:42:00,-0.25076401814806104
2019-12-19 14:45:00,-0.27835303079666573
2019-12-19 14:48:00,-0.21377872005052723
2019-12-19 14:51:00,-0.25213066843576826
2019-12-19 14:54:00,-0.18812360781214466
2019-12-19 14:57:00,-0.22854825952884994
2019-12-19 15:00:00,-0.09652239094327797
2019-12-19 15:03:00,-0.14624099655452483
2019-12-19 15:06:00,-0.3157591532098536
2019-12-19 15:09:00,-0.1676241489211634
2019-12-19 15:12:00,-0.20281192616187127
2019-12-19 15:15:00,-0.21731557154083703
2019-12-19 15:18:00,-0.27088944049387464
2019-12-19 15:21:00,-0.19346609860440367
2019-12-19 15:24:00,-0.18575395907828351
2019-12-19 15:27:00,-0.21892020779569066
2019-12-19 15:30:00,-0.2124904879249243
2019-12-19 15:33:00,-0.2269171125057028
2019-12-19 15:36:00,-0.2677725991826492
2019-12-19 15:39:00,-0.2152786856481157
2019-12-19 15:42:00,-0.33154262742516494
2019-12-19 15:45:00,-0.24228565142362868
2019-12-19 15:48:00,-0.25012082533532976
2019-12-19 15:51:00,-0.2651867470037814
2019-12-19 15:54:00,-0.2636761182713485
2019-12-19 15:57:00,-0.34223665479851206
2019-12-19 16:00:00,-0.23799117506962375
2019-12-19 16:03:00,-0.27465379284308256
2019-12-19 16:06:00,-0.27347125437046316
2019-12-19 16:09:00,-0.23504288051719868
2019-12-19 16:12:00,-0.3792059634052407
2019-12-19 16:15:00,-0.2540998630594231
2019-12-19 16:18:00,-0.20957003897302684
2019-12-19 16:21:00,-0.2671283801508366
2019-12-19 16:24:00,-0.18105256737578657
2019-12-19 16:27:00,-0.3152458396268685
2019-12-19 16:30:00,-0.2922632079120717
2019-12-19 16:33:00,-0.14257109138355872
2019-12-19 16:36:00,-0.34209084851141824
2019-12-19 16:39:00,-0.23850247398678448
2019-12-19 16:42:00,
2019-12-19 16:45:00,
2019-12-19 16:48:00,
2019-12-19 16:51:00,
2019-12-19 16:54:00,
2019-12-19 16:57:00,
2019-12-19 17:00:00,
2019-12-19 17:03:00,
2019-12-19 17:06:00,
2019-12-19 17:09:00,
2019-12-19 17:12:00,
2019-12-19 17:15:00,
2019-12-19 17:18:00,
2019-12-19 17:21:00,
2019-12-19 17:24:00,
2019-12-19 17:27:00,
2019-12-19 17:30:00,
2019-12-19 17:33:00,
2019-12-19 17:36:00,
2019-12-19 17:39:00,
2019-12-19 17:42:00,
2019-12-19 17:45:00,
2019-12-19 17:48:00,
2019-12-19 17:51:00,
2019-12-19 17:54:00,
2019-12-19 17:57:00,
2019-12-19 18:00:00,
2019-12-19 18:03:00,
2019-12-19 18:06:00,
2019-12-19 18:09:00,
2019-12-19 18:12:00,
2019-12-19 18:15:00,
2019-12-19 18:18:00,
2019-12-19 18:21:00,
2019-12-19 18:24:00,
2019-12-19 18:27:00,
2019-12-19 18:30:00,
2019-12-19 18:33:00,
2019-12-19 18:36:00,
2019-12-19 18:39:00,
2019-12-19 18:42:00,
2019-12-19 18:45:00,
2019-12-19 18:48:00,
2019-12-19 18:51:00,
2019-12-19 18:54:00,
2019-12-19 18:57:00,
2019-12-19 19:00:00,
2019-12-19 19:03:00,0.10626073939590697
2019-12-19 19:06:00,0.06729994946527995
2019-12-19 19:09:00,0.014340886953846166
2019-12-19 19:12:00,0.18010792171810408
2019-12-19 19:15:00,0.09267365959885865
2019-12-19 19:18:00,0.09837825444424197
2019-12-19 19:21:00,0.12257566172996803
2019-12-19 19:24:00,0.08625090922976142
2019-12-19 19:27:00,0.02121695430531645
2019-12-19 19:30:00,0.044739434251141574
2019-12-19 19:33:00,0.11231142427874374
2019-12-19 19:36:00,0.013932049941558944
2019-12-19 19:39:00,0.06586476504355687
2019-12-19 19:42:00,0.018470947067328325
2019-12-19 19:45:00,0.014161651678080034
2019-12-19 19:48:00,0.020142323397692508
2019-12-19 19:51:00,0.0017822318582148
2019-12-19 19:54:00,0.020845873820633187
2019-12-19 19:57:00,0.10365725214046506
2019-12-19 20:00:00,0.016163255200126514
2019-12-19 20:03:00,0.163739854987341
2019-12-19 20:06:00,0.04226637295727187
2019-12-19 20:09:00,0.14718367143569822
2019-12-19 20:12:00,0.12304047275540597
2019-12-19 20:15:00,0.04972696307692104
2019-12-19 20:18:00,0.08124552868935098
2019-12-19 20:21:00,0.06019348280176473
2019-12-19 20:24:00,0.13548467680777776
2019-12-19 20:27:00,0.1382114970504631
2019-12-19 20:30:00,0.06725094541229737
2019-12-19 20:33:00,0.14386827328075924
2019-12-19 20:36:00,0.11381186055547232
2019-12-19 20:39:00,0.11957241806629781
2019-12-19 20:42:00,0.16072606206097362
2019-12-19 20:45:00,0.09796249640635324
2019-12-19 20:48:00,0.10826338001550084
2019-12-19 20:51:00,0.12418167776206701
2019-12-19 20:54:00,0.16291639545454473
2019-12-19 20:57:00,0.12277003148221866
2019-12-19 21:00:00,0.18157754765110212
2019-12-19 21:03:00,0.1244313996951405
2019-12-19 21:06:00,0.10853723393154269
2019-12-19 21:09:00,0.13665271492448028
2019-12-19 21:12:00,0.12454112095105074
2019-12-19 21:15:00,0.07279997972392493
2019-12-19 21:18:00,0.20573853271912412
2019-12-19 21:21:00,0.1654635763396186
2019-12-19 21:24:00,0.15981167256813933
2019-12-19 21:27:00,0.10157754476068703
2019-12-19 21:30:00,0.25917599559466
2019-12-19 21:33:00,0.16071957009967264
2019-12-19 21:36:00,0.1454884638801559
2019-12-19 21:39:00,0.22966973074420594
2019-12-19 21:42:00,0.1233994505452074
2019-12-19 21:45:00,0.13214382169400096
2019-12-19 21:48:00,0.1340159107104455
2019-12-19 21:51:00,0.06202663111963602
2019-12-19 21:54:00,0.12001535255046747
2019-12-19 21:57:00,0.061208529916711996
2019-12-19 22:00:00,0.10134717782852931
2019-12-19 22:03:00,0.09445576128518951
2019-12-19 22:06:00,0.1111055540217194
2019-12-19 22:09:00,0.1292863282880603
2019-12-19 22:12:00,0.13842901284090203
2019-12-19 22:15:00,0.24626867506913186
2019-12-19 22:18:00,0.14033253468187468
2019-12-19 22:21:00,0.15730921899876193
2019-12-19 22:24:00,0.22585899529951803
2019-12-19 22:27:00,0.1595185383279727
2019-12-19 22:30:00,0.11240300957257432
2019-12-19 22:33:00,0.12284729480745682
2019-12-19 22:36:00,0.11514946865463571
2019-12-19 22:39:00,0.12273697738447709
2019-12-19 22:42:00,0.042975174716787023
2019-12-19 22:45:00,0.15184641037444635
2019-12-19 22:48:00,0.10094883347534278
2019-12-19 22:51:00,0.08306435354353425
2019-12-19 22:54:00,0.14917799062948234
2019-12-19 22:57:00,0.1353884741917568
2019-12-19 23:00:00,0.04344495856247477
2019-12-19 23:03:00,0.17815878765884463
2019-12-19 23:06:00,0.11956636360787343
2019-12-19 23:09:00,0.07624181986676604
2019-12-19 23:12:00,0.10683541807253505
2019-12-19 23:15:00,0.16593178345294746
2019-12-19 23:18:00,0.13526744278192382
2019-12-19 23:21:00,0.15033178128646796
2019-12-19 23:24:00,0.2579712736854276
2019-12-19 23:27:00,0.16028658116249517
2019-12-19 23:30:00,0.17036979567734534
2019-12-19 23:33:00,0.1858158832949357
2019-12-19 23:36:00,0.2455586754970227
2019-12-19 23:39:00,0.2504589950477225
2019-12-19 23:42:00,0.1778913653566292
2019-12-19 23:45:00,0.15476897758469477
2019-12-19 23:48:00,0.18304652660543752
2019-12-19 23:51:00,0.24111684232741482
2019-12-19 23:54:00,0.24038820981218123
2019-12-19 23:57:00,0.282480003816147
2019-12-20 00:00:00,0.2495608138487455
2019-12-20 00:03:00,0.29304527143250425
2019-12-20 00:06:00,0.31901629165997747
2019-12-20 00:09:00,0.3335896524335453
2019-12-20 00:12:00,0.2685668087115687
2019-12-20 00:15:00,0.35287294311882533
2019-12-20 00:18:00,0.33748645188228465
2019-12-20 00:21:00,0.36167959824786067
2019-12-20 00:24:00,0.2731856267745343
2019-12-20 00:27:00,0.3104115137595045
2019-12-20 00:30:00,0.384537969716348
2019-12-20 00:33:00,0.31758762287148556
2019-12-20 00:36:00,0.23222389428707402
2019-12-20 00:39:00,0.3512429870261258
2019-12-20 00:42:00,0.4489833696569576
2019-12-20 00:45:00,0.17396309866376214
2019-12-20 00:48:00,0.3284573381710061
2019-12-20 00:51:00,0.17740932760881378
2019-12-20 00:54:00,0.24174971780496435
2019-12-20 00:57:00,0.19563534772032654
2019-12-20 01:00:00,0.3349285998615983
2019-12-20 01:03:00,0.24274130660279525
2019-12-20 01:06:00,0.21280730064370346
2019-12-20 01:09:00,0.302824506054435
2019-12-20 01:12:00,0.18779344905425432
2019-12-20 01:15:00,0.27169848125851104
2019-12-20 01:18:00,0.24398990964232325
2019-12-20 01:21:00,0.2566543740417728
2019-12-20 01:24:00,0.33926759120686256
2019-12-20 01:27:00,0.3084140906204311
2019-12-20 01:30:00,0.2732656820529087
2019-12-20 01:33:00,0.3501928748927412
2019-12-20 01:36:00,0.30364568011310666
2019-12-20 01:39:00,0.2792579347823789
2019-12-20 01:42:00,0.3292535815716633
2019-12-20 01:45:00,0.35742991408227454
2019-12-20 01:48:00,0.30535755096002504
2019-12-20 01:51:00,0.296198747231017
2019-12-20 01:54:00,0.27245365287956247
2019-12-20 01:57:00,0.3961377144990479
2019-12-20 02:00:00,0.2660397762417688
2019-12-20 02:03:00,0.24360416306717525
2019-12-20 02:06:00,0.29049932144579316
2019-12-20 02:09:00,0.3031748359492781
2019-12-20 02:12:00,0.3386641508532193
2019-12-20 02:15:00,0.21202242864643495
2019-12-20 02:18:00,0.25205953603943954
2019-12-20 02:21:00,0.3014217480839534
2019-12-20 02:24:00,0.27980661675115925
2019-12-20 02:27:00,0.20476758297354536
2019-12-20 02:30:00,0.27128591123408796
2019-12-20 02:33:00,0.301972685135695
2019-12-20 02:36:00,0.2579227796965142
2019-12-20 02:39:00,0.32413491589358046
2019-12-20 02:42:00,0.25254898446195284
2019-12-20 02:45:00,0.35601586908006766
2019-12-20 02:48:00,0.30487632988536006
2019-12-20 02:51:00,0.32701911279758633
2019-12-20 02:54:00,0.16433388568736973
2019-12-20 02:57:00,0.2956322250994958
2019-12-20 03:00:00,0.28879204617885534
2019-12-20 03:03:00,0.31223666450671317
2019-12-20 03:06:00,0.3883159198996964
2019-12-20 03:09:00,0.3724747445856451
2019-12-20 03:12:00,0.3560216707947461
2019-12-20 03:15:00,0.3520422095723461
2019-12-20 03:18:00,0.35734692227822507
2019-12-20 03:21:00,0.49883788892793746
2019-12-20 03:24:00,0.28599920814593816
2019-12-20 03:27:00,0.31827601884930345
2019-12-20 03:30:00,0.325383177111064
2019-12-20 03:33:00,0.33455853468308305
2019-12-20 03:36:00,0.4473888377861499
2019-12-20 03:39:00,0.34543321328385446
2019-12-20 03:42:00,0.455343387073583
2019-12-20 03:45:00,0.5111149827549752
2019-12-20 03:48:00,0.36183290030623994
2019-12-20 03:51:00,0.42185939628126334
2019-12-20 03:54:00,0.4742397482243632
2019-12-20 03:57:00,0.4653046560417238
2019-12-20 04:00:00,0.37498795597201706
2019-12-20 04:03:00,0.39494431648375894
2019-12-20 04:06:00,0.3593062735969852
2019-12-20 04:09:00,0.4354241776086951
2019-12-20 04:12:00,0.38775789863672117
2019-12-20 04:15:00,0.4680714229190812
2019-12-20 04:18:00,0.4714189249820606
2019-12-20 04:21:00,0.4282665738272726
2019-12-20 04:24:00,0.4291068310972719
2019-12-20 04:27:00,0.43809308188832574
2019-12-20 04:30:00,0.38723001908880406
2019-12-20 04:33:00,0.37009272003354
2019-12-20 04:36:00,0.42689048547066477
2019-12-20 04:39:00,0.36068885370843873
2019-12-20 04:42:00,0.3616559071256802
2019-12-20 04:45:00,0.435696128747054
2019-12-20 04:48:00,0.32201933685041695
2019-12-20 04:51:00,0.3821982515083846
2019-12-20 04:54:00,0.36335696440011134
2019-12-20 04:57:00,0.37717032781472426
2019-12-20 05:00:00,0.4579951920090366
2019-12-20 05:03:00,0.34246608266829526
2019-12-20 05:06:00,0.2602834920331816
2019-12-20 05:09:00,0.35397743942098714
2019-12-20 05:12:00,0.3783410647857295
2019-12-20 05:15:00,0.3027736776167558
2019-12-20 05:18:00,0.42752413924529264
2019-12-20 05:21:00,0.3595145730491254
2019-12-20 05:24:00,0.39092361610534
2019-12-20 05:27:00,0.48394920744601677
2019-12-20 05:30:00,0.39357370210228737
2019-12-20 05:33:00,0.345161253170545
2019-12-20 05:36:00,0.4288725337739834
2019-12-20 05:39:00,0.403861371061339
2019-12-20 05:42:00,0.37818767777395124
2019-12-20 05:45:00,0.463677830173026
2019-12-20 05:48:00,0.4663138530692663
2019-12-20 05:51:00,0.45823831260258885
2019-12-20 05:54:00,0.46052836807507447
2019-12-20 05:57:00,0.3843561029999023
2019-12-20 06:00:00,0.29559929056154033
2019-12-20 06:03:00,0.30216694395204513
2019-12-20 06:06:00,0.31789603423436574
2019-12-20 06:09:00,0.41718595646466383
2019-12-20 06:12:00,0.38262542720747206
2019-12-20 06:15:00,0.4488578272386121
2019-12-20 06:18:00,0.3877655890299252
2019-12-20 06:21:00,0.3125701037657791
2019-12-20 06:24:00,0.36944742995223123
2019-12-20 06:27:00,0.35863283669266366
2019-12-20 06:30:00,0.44944479029641116
2019-12-20 06:33:00,0.51872530478812
2019-12-20 06:36:00,0.4179763005857353
2019-12-20 06:39:00,0.45757495971241724
2019-12-20 06:42:00,0.4975073547172997
2019-12-20 06:45:00,0.4732954096268145
2019-12-20 06:48:00,0.4560995420260383
2019-12-20 06:51:00,0.39238105920372846
2019-12-20 06:54:00,0.46917447833885717
2019-12-20 06:57:00,0.46524051336820094
2019-12-20 07:00:00,0.40083267723179006
2019-12-20 07:03:00,0.36550445649663743
2019-12-20 07:06:00,0.405022764222565
2019-12-20 07:09:00,0.3570919212328363
2019-12-20 07:12:00,0.3939191041619665
2019-12-20 07:15:00,0.32851005438459424
2019-12-20 07:18:00,0.3997241165668015
2019-12-20 07:21:00,0.45986051759911106
2019-12-20 07:24:00,0.3819718043972671
2019-12-20 07:27:00,0.3815053888049533
2019-12-20 07:30:00,0.40851179491397716
2019-12-20 07:33:00,0.37262415687496286
2019-12-20 07:36:00,0.4040485668566589
2019-12-20 07:39:00,0.4326183813295188
2019-12-20 07:42:00,0.4372586429860803
2019-12-20 07:45:00,0.43668393655718774
2019-12-20 07:48:00,0.3661179699874424
2019-12-20 07:51:00,0.43135003906110114
2019-12-20 07:54:00,0.412048563418864
2019-12-20 07:57:00,0.34381044310583775
2019-12-20 08:00:00,0.3508175844884249
2019-12-20 08:03:00,0.3436112053087186
2019-12-20 08:06:00,0.3474990778310598
2019-12-20 08:09:00,0.3890364788924785
2019-12-20 08:12:00,0.4441486142329154
2019-12-20 08:15:00,0.29095986389563677
2019-12-20 08:18:00,0.35019669938810694
2019-12-20 08:21:00,0.28066204598604827
2019-12-20 08:24:00,0.38292776839892895
2019-12-20 08:27:00,0.2911505396942289
2019-12-20 08:30:00,0.350739560212844
2019-12-20 08:33:00,0.3613395715602792
2019-12-20 08:36:00,0.30455553058232
2019-12-20 08:39:00,0.3060470445017245
2019-12-20 08:42:00,0.2368417693628544
2019-12-20 08:45:00,0.24314478060796318
2019-12-20 08:48:00,0.3309634663238512
2019-12-20 08:51:00,0.2540119376141661
2019-12-20 08:54:00,0.2665339214910887
2019-12-20 08:57:00,0.17611551701787675
2019-12-20 09:00:00,0.21057156238254038
2019-12-20 09:03:00,0.31017389249552707
2019-12-20 09:06:00,0.13528457152807505
2019-12-20 09:09:00,0.21459496647867127
2019-12-20 09:12:00,0.1833810879062412
2019-12-20 09:15:00,0.19119773423091146
2019-12-20 09:18:00,0.14415799070781077
2019-12-20 09:21:00,0.15470854914337906
2019-12-20 09:24:00,0.14663828449926086
2019-12-20 09:27:00,0.19065012834869322
2019-12-20 09:30:00,0.10980228782307222
2019-12-20 09:33:00,0.07921113156180581
2019-12-20 09:36:00,0.0705094335968397
2019-12-20 09:39:00,0.06253459991665977
2019-12-20 09:42:00,0.12564789247466024
2019-12-20 09:45:00,0.07274506579062745
2019-12-20 09:48:00,0.18751636890323198
2019-12-20 09:51:00,0.04238163589286614
2019-12-20 09:54:00,0.09682889661632998
2019-12-20 09:57:00,0.10017130322506773
2019-12-20 10:00:00,0.1141653461701253
2019-12-20 10:03:00,0.0905905456546634
2019-12-20 10:06:00,0.1046437105591167
2019-12-20 10:09:00,0.049672257340546366
2019-12-20 10:12:00,-0.04881689272036738
2019-12-20 10:15:00,0.02103747616132523
2019-12-20 10:18:00,0.01179670660485499
2019-12-20 10:21:00,0.08140690616903612
2019-12-20 10:24:00,0.009156759926952418
2019-12-20 10:27:00,0.1686740094742163
2019-12-20 10:30:00,0.013327760851552739
2019-12-20 10:33:00,0.025987766821117475
2019-12-20 10:36:00,-0.023367833281952244
2019-12-20 10:39:00,-0.0321020805184844
2019-12-20 10:42:00,0.04860934941808637
2019-12-20 10:45:00,-0.03892604278041745
2019-12-20 10:48:00,-0.08903263531618677
2019-12-20 10:51:00,0.03872423896189048
2019-12-20 10:54:00,-0.02363598701731462
2019-12-20 10:57:00,-0.07602494966135964
2019-12-20 11:00:00,0.007411768506699445
2019-12-20 11:03:00,-0.18334795536071624
2019-12-20 11:06:00,-0.036275334440063034
2019-12-20 11:09:00,-0.015692590159233077
2019-12-20 11:12:00,-0.05806582550434314
2019-12-20 11:15:00,-0.068206428419046
2019-12-20 11:18:00,-0.04986226881027278
2019-12-20 11:21:00,0.06910002881488708
2019-12-20 11:24:00,-0.01646927482090632
2019-12-20 11:27:00,-0.12366981766331264
2019-12-20 11:30:00,-0.11734759316891541
2019-12-20 11:33:00,-0.12802407514527658
2019-12-20 11:36:00,-0.1122463719906932
2019-12-20 11:39:00,-0.22833171104417715
2019-12-20 11:42:00,-0.08185875578277546
2019-12-20 11:45:00,-0.16144277914179384
2019-12-20 11:48:00,0.03426324064724895
2019-12-20 11:51:00,-0.14554257475168697
2019-12-20 11:54:00,-0.07347978068264638
2019-12-20 11:57:00,-0.11033197801521055
2019-12-20 12:00:00,0.006336536370156409
2019-12-20 12:03:00,-0.052294458519327236
2019-12-20 12:06:00,-0.11285589439040677
2019-12-20 12:09:00,-0.14290119649604094
2019-12-20 12:12:00,-0.1982750836876903
2019-12-20 12:15:00,-0.15191278894235438
2019-12-20 12:18:00,-0.0647061227427912
2019-12-20 12:21:00,-0.12704608173226006
2019-12-20 12:24:00,-0.16195050221955398
2019-12-20 12:27:00,-0.14468853663498749
2019-12-20 12:30:00,-0.09941190725470506
2019-12-20 12:33:00,-0.10862207751080177
2019-12-20 12:36:00,-0.1351858728025377
2019-12-20 12:39:00,-0.14778508231228216
2019-12-20 12:42:00,-0.09220067164994816
2019-12-20 12:45:00,-0.12926178513060904
2019-12-20 12:48:00,-0.2027532159821135
2019-12-20 12:51:00,-0.1189808076366603
2019-12-20 12:54:00,-0.19685968719090852
2019-12-20 12:57:00,-0.23126856389671957
2019-12-20 13:00:00,-0.15232151725376752
2019-12-20 13:03:00,-0.09369462487700275
2019-12-20 13:06:00,-0.25817687359892716
2019-12-20 13:09:00,-0.12807729177058036
2019-12-20 13:12:00,-0.18240366301296262
2019-12-20 13:15:00,-0.0952952891170753
2019-12-20 13:18:00,-0.20149961678970385
2019-12-20 13:21:00,-0.18218494209673963
2019-12-20 13:24:00,-0.21666001413797176
2019-12-20 13:27:00,-0.13718766444014818
2019-12-20 13:30:00,-0.20547024666541347
2019-12-20 13:33:00,-0.2306750427234192
2019-12-20 13:36:00,-0.16489107210622933
2019-12-20 13:39:00,-0.17686072544677245
2019-12-20 13:42:00,-0.20970255919587544
2019-12-20 13:45:00,-0.15614392766434548
2019-12-20 13:48:00,-0.1993639191319403
2019-12-20 13:51:00,-0.1873246745843744
2019-12-20 13:54:00,-0.29952920184166487
2019-12-20 13:57:00,-0.20419288653681633
2019-12-20 14:00:00,-0.26564021157588513
2019-12-20 14:03:00,-0.2539065239859042
2019-12-20 14:06:00,-0.18091719214515933
2019-12-20 14:09:00,-0.21644925792287495
2019-12-20 14:12:00,-0.22903579874122215
2019-12-20 14:15:00,-0.19561344884925802
2019-12-20 14:18:00,-0.15498511466574882
2019-12-20 14:21:00,-0.17054489026452302
2019-12-20 14:24:00,-0.1658925731695149
2019-12-20 14:27:00,-0.23109342289461665
2019-12-20 14:30:00,-0.2453904246510774
2019-12-20 14:33:00,-0.2689415682772278
2019-12-20 14:36:00,-0.23413867825604484
2019-12-20 14:39:00,-0.1778437661377552
2019-12-20 14:42:00,-0.18175173479693285
2019-12-20 14:45:00,-0.180498160354432
2019-12-20 14:48:00,-0.22463193155573435
2019-12-20 14:51:00,-0.13057076901242226
2019-12-20 14:54:00,-0.2135087761027421
2019-12-20 14:57:00,-0.1775027871104271
2019-12-20 15:00:00,-0.1140541911162245
2019-12-20 15:03:00,-0.11079114532634549
2019-12-20 15:06:00,-0.140968662441594
2019-12-20 15:09:00,-0.12784123175873674
2019-12-20 15:12:00,-0.1390504571535871
2019-12-20 15:15:00,-0.15025465907780244
2019-12-20 15:18:00,-0.13831544420440878
2019-12-20 15:21:00,-0.11798925643250868
2019-12-20 15:24:00,-0.0961941647981348
2019-12-20 15:27:00,-0.06952843648690532
2019-12-20 15:30:00,-0.15625839138130004
2019-12-20 15:33:00,-0.2503715744383044
2019-12-20 15:36:00,-0.12884183866799503
2019-12-20 15:39:00,-0.03705999359158341
2019-12-20 15:42:00,-0.24528996115930113
2019-12-20 15:45:00,-0.07601432292847221
2019-12-20 15:48:00,-0.21053200425717478
2019-12-20 15:51:00,-0.24685853038488403
2019-12-20 15:54:00,-0.1877465133447913
2019-12-20 15:57:00,-0.19021572678201437
2019-12-20 16:00:00,-0.21325188963999153
2019-12-20 16:03:00,-0.21697090438880196
2019-12-20 16:06:00,-0.10767957671026807
2019-12-20 16:09:00,-0.22545474143987576
2019-12-20 16:12:00,-0.2255407656577404
2019-12-20 16:15:00,-0.08163263235678642
2019-12-20 16:18:00,-0.11545372483959682
2019-12-20 16:21:00,-0.08543582700747265
2019-12-20 16:24:00,-0.1088152201318735
2019-12-20 16:27:00,-0.14716713138619752
2019-12-20 16:30:00,-0.18112835307812247
2019-12-20 16:33:00,-0.17023864375573794
2019-12-20 16:36:00,-0.16293530984239624
2019-12-20 16:39:00,-0.13540682131264248
2019-12-20 16:42:00,-0.01666595510806701
2019-12-20 16:45:00,-0.14236750980001034
2019-12-20 16:48:00,-0.15290094358499573
2019-12-20 16:51:00,-0.24381980998686004
2019-12-20 16:54:00,-0.15041179449633546
2019-12-20 16:57:00,-0.0968817529479793
2019-12-20 17:00:00,-0.10668329675058885
2019-12-20 17:03:00,-0.06697221760555294
2019-12-20 17:06:00,-0.09826040266472091
2019-12-20 17:09:00,-0.10658837027966683
2019-12-20 17:12:00,-0.13866314037909433
2019-12-20 17:15:00,-0.10771127747398168
2019-12-20 17:18:00,-0.18912085360710762
2019-12-20 17:21:00,-0.028669182965074924
2019-12-20 17:24:00,-0.10374001088530349
2019-12-20 17:27:00,-0.11340244578730108
2019-12-20 17:30:00,-0.11562734073174852
2019-12-20 17:33:00,-0.11377474874080917
2019-12-20 17:36:00,-0.04495969477846984
2019-12-20 17:39:00,-0.009614175817546311
2019-12-20 17:42:00,-0.08799869107048153
2019-12-20 17:45:00,-0.05316498318615004
2019-12-20 17:48:00,-0.08070682834443232
2019-12-20 17:51:00,-0.1580238894743502
2019-12-20 17:54:00,-0.04754194704742076
2019-12-20 17:57:00,-0.09614405882183519
2019-12-20 18:00:00,-0.06126363442984939
2019-12-20 18:03:00,0.0016483073779909319
2019-12-20 18:06:00,0.008989736501462176
2019-12-20 18:09:00,0.05271981840070339
2019-12-20 18:12:00,0.043221341846958694
2019-12-20 18:15:00,-0.048314761056985844
2019-12-20 18:18:00,0.0061062442283628116
2019-12-20 18:21:00,0.02390124413113881
2019-12-20 18:24:00,0.027863738058385934
2019-12-20 18:27:00,0.09016095921504075
2019-12-20 18:30:00,-0.014136026452320039
2019-12-20 18:33:00,0.059275150589371606
2019-12-20 18:36:00,0.1127825335542525
2019-12-20 18:39:00,0.05315497507325517
2019-12-20 18:42:00,0.10813627984458662
2019-12-20 18:45:00,0.06825894996336501
2019-12-20 18:48:00,0.08920005967394218
2019-12-20 18:51:00,-0.012442355174528075
2019-12-20 18:54:00,
2019-12-20 18:57:00,
2019-12-20 19:00:00,
2019-12-20 19:03:00,0.06311803584821973
2019-12-20 19:06:00,0.041477172411077845
2019-12-20 19:09:00,0.10306156397086852
2019-12-20 19:12:00,0.06913619448044983
2019-12-20 19:15:00,0.13390641593832697
2019-12-20 19:18:00,0.17438836171106686
2019-12-20 19:21:00,0.1450364338756458
2019-12-20 19:24:00,0.08349040855864587
2019-12-20 19:27:00,0.1739177649130852
2019-12-20 19:30:00,0.19925316220775358
2019-12-20 19:33:00,0.09792150717595405
2019-12-20 19:36:00,0.12121684063509974
2019-12-20 19:39:00,0.1711090372518811
2019-12-20 19:42:00,0.1740221106489912
2019-12-20 19:45:00,0.14301016105923736
2019-12-20 19:48:00,0.15250023555972803
2019-12-20 19:51:00,0.2455461549093343
2019-12-20 19:54:00,0.11473918596198018
2019-12-20 19:57:00,0.17766327763018808
2019-12-20 20:00:00,0.1802899013666206
2019-12-20 20:03:00,0.23096930570636687
2019-12-20 20:06:00,0.106489187795205
2019-12-20 20:09:00,0.19687349101764084
2019-12-20 20:12:00,0.13955786803558112
2019-12-20 20:15:00,0.16784438934973878
2019-12-20 20:18:00,0.08168970142048693
2019-12-20 20:21:00,0.18038517571272905
2019-12-20 20:24:00,0.19576202705775358
2019-12-20 20:27:00,0.12391498127874456
2019-12-20 20:30:00,0.05866945664132572
2019-12-20 20:33:00,0.1422109106972016
2019-12-20 20:36:00,0.10211388805402066
2019-12-20 20:39:00,0.1799214895815453
2019-12-20 20:42:00,0.19115711259513546
2019-12-20 20:45:00,0.14016650834628308
2019-12-20 20:48:00,0.14190322050484383
2019-12-20 20:51:00,0.22671479790989224
2019-12-20 20:54:00,0.13595215042596465
2019-12-20 20:57:00,0.20351507688127413
2019-12-20 21:00:00,0.10655983180572548
2019-12-20 21:03:00,0.13890500295843822
2019-12-20 21:06:00,0.20175498395781233
2019-12-20 21:09:00,0.19085495444664957
2019-12-20 21:12:00,0.2627557962645142
2019-12-20 21:15:00,0.09233419671699039
2019-12-20 21:18:00,0.16025320607684534
2019-12-20 21:21:00,0.15815948006604685
2019-12-20 21:24:00,0.1611843628210181
2019-12-20 21:27:00,0.11426855875100728
2019-12-20 21:30:00,0.04510267761389741
2019-12-20 21:33:00,0.23670949499467042
2019-12-20 21:36:00,0.24864281446360792
2019-12-20 21:39:00,0.198255146624831
2019-12-20 21:42:00,0.15716568429007793
2019-12-20 21:45:00,0.20099461736771218
2019-12-20 21:48:00,0.38821359672374456
2019-12-20 21:51:00,0.33443977860963514
2019-12-20 21:54:00,0.26920182879524646
2019-12-20 21:57:00,0.26890194468495565
2019-12-20 22:00:00,0.32062495077798303
2019-12-20 22:03:00,0.21679660540382883
2019-12-20 22:06:00,0.18972698008690259
2019-12-20 22:09:00,0.264109960212636
2019-12-20 22:12:00,0.23665475970835814
2019-12-20 22:15:00,0.1923809345249765
2019-12-20 22:18:00,0.11843093688332829
2019-12-20 22:21:00,0.23749643744542936
2019-12-20 22:24:00,0.22633461214866202
2019-12-20 22:27:00,0.15519111902443683
2019-12-20 22:30:00,0.2532220137176182
2019-12-20 22:33:00,0.28619279333770464
2019-12-20 22:36:00,0.28962401939094207
2019-12-20 22:39:00,0.34871723102776286
2019-12-20 22:42:00,0.3838584057047001
2019-12-20 22:45:00,0.43086006346396744
2019-12-20 22:48:00,0.37961056049499575
2019-12-20 22:51:00,0.318231896706493
2019-12-20 22:54:00,0.2857704405736854
2019-12-20 22:57:00,0.3770535151379022
2019-12-20 23:00:00,0.25766341430340844
2019-12-20 23:03:00,0.33659695111714427
2019-12-20 23:06:00,0.34006602153425547
2019-12-20 23:09:00,0.4336218639748495
2019-12-20 23:12:00,0.41370559130155016
2019-12-20 23:15:00,0.3707230939270403
2019-12-20 23:18:00,0.5079950700909421
2019-12-20 23:21:00,0.5118904620388207
2019-12-20 23:24:00,0.4903441859859754
2019-12-20 23:27:00,0.4543791307618221
2019-12-20 23:30:00,0.5366354776493836
2019-12-20 23:33:00,0.5335165427102311
2019-12-20 23:36:00,0.45163969157636075
2019-12-20 23:39:00,0.5732500180589
2019-12-20 23:42:00,0.6062844276184478
2019-12-20 23:45:00,0.47890109908331624
2019-12-20 23:48:00,0.5200540220661765
2019-12-20 23:51:00,0.5068036478171507
2019-12-20 23:54:00,0.5363143325978967
2019-12-20 23:57:00,0.5755445402800774
2019-12-21 00:00:00,0.5683485734460874
2019-12-21 00:03:00,0.5883880830087378
2019-12-21 00:06:00,0.555158698443563
2019-12-21 00:09:00,0.5995817221814264
2019-12-21 00:12:00,0.6125170896798409
2019-12-21 00:15:00,0.6580426518080458
2019-12-21 00:18:00,0.6952264426045076
2019-12-21 00:21:00,0.5646771905290962
2019-12-21 00:24:00,0.6527009778855586
2019-12-21 00:27:00,0.5853415689811072
2019-12-21 00:30:00,0.6127627761969165
2019-12-21 00:33:00,0.7165665471322882
2019-12-21 00:36:00,0.5230051994285532
2019-12-21 00:39:00,0.5165477917096268
2019-12-21 00:42:00,0.4748857707240859
2019-12-21 00:45:00,0.3868478127368462
2019-12-21 00:48:00,0.48726077843764415
2019-12-21 00:51:00,0.4775657568028464
2019-12-21 00:54:00,0.4808646912485983
2019-12-21 00:57:00,0.3441902987079857
2019-12-21 01:00:00,0.358727809785762
2019-12-21 01:03:00,0.49759211099888034
2019-12-21 01:06:00,0.44919486149302656
2019-12-21 01:09:00,0.3946341976905501
2019-12-21 01:12:00,0.48926343714435916
2019-12-21 01:15:00,0.4519912606868388
2019-12-21 01:18:00,0.44379110082832085
2019-12-21 01:21:00,0.42754297831089616
2019-12-21 01:24:00,0.4292908367233963
2019-12-21 01:27:00,0.5138561903528398
2019-12-21 01:30:00,0.4367155365179656
2019-12-21 01:33:00,0.4851489963346012
2019-12-21 01:36:00,0.46376569631746634
2019-12-21 01:39:00,0.5026362385743823
2019-12-21 01:42:00,0.40998855871697515
2019-12-21 01:45:00,0.3805378762712621
2019-12-21 01:48:00,0.45974077550044967
2019-12-21 01:51:00,0.3884731918282682
2019-12-21 01:54:00,0.46478167227098766
2019-12-21 01:57:00,0.3673763859695782
2019-12-21 02:00:00,0.39859670070126185
2019-12-21 02:03:00,0.44517770978728777
2019-12-21 02:06:00,0.46548448312387336
2019-12-21 02:09:00,0.3549826912719709
2019-12-21 02:12:00,0.3108138827955713
2019-12-21 02:15:00,0.3707515883182282
2019-12-21 02:18:00,0.42565553514356225
2019-12-21 02:21:00,0.38784459511811065
2019-12-21 02:24:00,0.4762482796060681
2019-12-21 02:27:00,0.5193756251399009
2019-12-21 02:30:00,0.46688231804398583
2019-12-21 02:33:00,0.4625800203532435
2019-12-21 02:36:00,0.4639517032446747
2019-12-21 02:39:00,0.5535393473402337
2019-12-21 02:42:00,0.5179059972012396
2019-12-21 02:45:00,0.5299784044838702
2019-12-21 02:48:00,0.5348562268299588
2019-12-21 02:51:00,0.5562609604879185
2019-12-21 02:54:00,0.42874155863097485
2019-12-21 02:57:00,0.49469942300879666
2019-12-21 03:00:00,0.3605453451924632
2019-12-21 03:03:00,0.5571894670686106
2019-12-21 03:06:00,0.4497302211257761
2019-12-21 03:09:00,0.5357574714534508
2019-12-21 03:12:00,0.5617370259719223
2019-12-21 03:15:00,0.6616142694572318
2019-12-21 03:18:00,0.5851493068391846
2019-12-21 03:21:00,0.5753585947143165
2019-12-21 03:24:00,0.606129583415111
2019-12-21 03:27:00,0.5858762137502822
2019-12-21 03:30:00,0.5301891442012447
2019-12-21 03:33:00,0.5862727670588015
2019-12-21 03:36:00,0.5764331741152091
2019-12-21 03:39:00,0.5446829730128115
2019-12-21 03:42:00,0.520942169156001
2019-12-21 03:45:00,0.5317242425242625
2019-12-21 03:48:00,0.5142527059833242
2019-12-21 03:51:00,0.5338925828010019
2019-12-21 03:54:00,0.5435597000281405
2019-12-21 03:57:00,0.6091541560535347
2019-12-21 04:00:00,0.4756742792168893
2019-12-21 04:03:00,0.5319899467020264
2019-12-21 04:06:00,0.4904452742738954
2019-12-21 04:09:00,0.4231468235154807
2019-12-21 04:12:00,0.48009947678559683
2019-12-21 04:15:00,0.4286104301648379
2019-12-21 04:18:00,0.41812610344720724
2019-12-21 04:21:00,0.483397276799451
2019-12-21 04:24:00,0.4227418523219626
2019-12-21 04:27:00,0.46557525805371824
2019-12-21 04:30:00,0.39452560236543377
2019-12-21 04:33:00,0.4476871718060238
2019-12-21 04:36:00,0.48068594680671595
2019-12-21 04:39:00,0.5368713125212139
2019-12-21 04:42:00,0.6238185521232822
2019-12-21 04:45:00,0.5868434721954827
2019-12-21 04:48:00,0.6303282627671933
2019-12-21 04:51:00,0.6032092637091182
2019-12-21 04:54:00,0.5796961013433588
2019-12-21 04:57:00,0.5571359266688773
2019-12-21 05:00:00,0.6706226899812577
2019-12-21 05:03:00,0.5654053632242153
2019-12-21 05:06:00,0.5626554767592324
2019-12-21 05:09:00,0.5586249146394948
2019-12-21 05:12:00,0.5572777167652134
2019-12-21 05:15:00,0.5170287388343127
2019-12-21 05:18:00,0.5200664352855142
2019-12-21 05:21:00,0.4792714406598293
2019-12-21 05:24:00,0.6909232063001696
2019-12-21 05:27:00,0.626170949067614
2019-12-21 05:30:00,0.6953733915800626
2019-12-21 05:33:00,0.6851891053283339
2019-12-21 05:36:00,0.6877691868769489
2019-12-21 05:39:00,0.6754000260368116
2019-12-21 05:42:00,0.5958824838124315
2019-12-21 05:45:00,0.6083135280065903
2019-12-21 05:48:00,0.6491739330290898
2019-12-21 05:51:00,0.6044901691151381
2019-12-21 05:54:00,0.6002607320290849
2019-12-21 05:57:00,0.6395266989263746
2019-12-21 06:00:00,0.6143314572794907
2019-12-21 06:03:00,0.5859312392858556
2019-12-21 06:06:00,0.6430045700744813
2019-12-21 06:09:00,0.7228665604055777
2019-12-21 06:12:00,0.5448732814724622
2019-12-21 06:15:00,0.6252755290872756
2019-12-21 06:18:00,0.6507271319038637
2019-12-21 06:21:00,0.4994611327339271
2019-12-21 06:24:00,0.569044273901909
2019-12-21 06:27:00,0.5896794229353759
2019-12-21 06:30:00,0.5270892037845556
2019-12-21 06:33:00,0.606489420823948
2019-12-21 06:36:00,0.5916209871209617
2019-12-21 06:39:00,0.5536789207680499
2019-12-21 06:42:00,0.5705459923621561
2019-12-21 06:45:00,0.6034029539130188
2019-12-21 06:48:00,0.5635025599386267
2019-12-21 06:51:00,0.49315795326208445
2019-12-21 06:54:00,0.5999553013231207
2019-12-21 06:57:00,0.6364580373583522
2019-12-21 07:00:00,0.6137659510029607
2019-12-21 07:03:00,0.5592866691369522
2019-12-21 07:06:00,0.6255520813862745
2019-12-21 07:09:00,0.5948696937626323
2019-12-21 07:12:00,0.5413136664455465
2019-12-21 07:15:00,0.609305290151724
2019-12-21 07:18:00,0.590971955562793
2019-12-21 07:21:00,0.5947693243064691
2019-12-21 07:24:00,0.6079693044534906
2019-12-21 07:27:00,0.6259975710918297
2019-12-21 07:30:00,0.6114977630634257
2019-12-21 07:33:00,0.5359521868927004
2019-12-21 07:36:00,0.6192225218457565
2019-12-21 07:39:00,0.5784993839781691
2019-12-21 07:42:00,0.47952536109733046
2019-12-21 07:45:00,0.5875466239684215
2019-12-21 07:48:00,0.5418850223221625
2019-12-21 07:51:00,0.6248887753046688
2019-12-21 07:54:00,0.5888720190002914
2019-12-21 07:57:00,0.6457201882550976
2019-12-21 08:00:00,0.6720036642785772
2019-12-21 08:03:00,0.46728937982442176
2019-12-21 08:06:00,0.5909318958866834
2019-12-21 08:09:00,0.6224079617107918
2019-12-21 08:12:00,0.6083135563578139
2019-12-21 08:15:00,0.5768365754560705
2019-12-21 08:18:00,0.6231812166349187
2019-12-21 08:21:00,0.5201416475642304
2019-12-21 08:24:00,0.5207981232442194
2019-12-21 08:27:00,0.5769714435478477
2019-12-21 08:30:00,0.40918344583127464
2019-12-21 08:33:00,0.3982339086117008
2019-12-21 08:36:00,0.4313244427104337
2019-12-21 08:39:00,0.457576982151636
2019-12-21 08:42:00,0.47572183826878245
2019-12-21 08:45:00,0.5578652312945565
2019-12-21 08:48:00,0.45829247760798353
2019-12-21 08:51:00,0.40637454019866937
2019-12-21 08:54:00,0.5467505067604179
2019-12-21 08:57:00,0.4533599124883949
2019-12-21 09:00:00,0.387657466627104
2019-12-21 09:03:00,0.4264749198307527
2019-12-21 09:06:00,0.4267893898693842
2019-12-21 09:09:00,0.37234722943384213
2019-12-21 09:12:00,0.3967441790354087
2019-12-21 09:15:00,0.484098218609347
2019-12-21 09:18:00,0.36405840324783867
2019-12-21 09:21:00,0.3629790386512468
2019-12-21 09:24:00,0.3906665947020542
2019-12-21 09:27:00,0.3501950851082256
2019-12-21 09:30:00,0.38320724024737274
2019-12-21 09:33:00,0.4023059139033194
2019-12-21 09:36:00,0.31745352790545667
2019-12-21 09:39:00,0.3492978520930592
2019-12-21 09:42:00,0.358457636211142
2019-12-21 09:45:00,0.29443724832214
2019-12-21 09:48:00,0.36052435163105656
2019-12-21 09:51:00,0.3019889493456276
2019-12-21 09:54:00,0.3665427231268268
2019-12-21 09:57:00,0.31940144021092465
2019-12-21 10:00:00,0.29101292055452177
2019-12-21 10:03:00,0.3813994571510193
2019-12-21 10:06:00,0.32273322384662606
2019-12-21 10:09:00,0.4047036247685014
2019-12-21 10:12:00,0.3682134866460842
2019-12-21 10:15:00,0.39144391651984733
2019-12-21 10:18:00,0.26509188509459136
2019-12-21 10:21:00,0.22373350641447587
2019-12-21 10:24:00,0.33440101026849334
2019-12-21 10:27:00,0.26781502322370443
2019-12-21 10:30:00,0.3041191179228804
2019-12-21 10:33:00,0.28373936392182486
2019-12-21 10:36:00,0.21744003960208147
2019-12-21 10:39:00,0.22774173459754365
2019-12-21 10:42:00,0.2518616077795741
2019-12-21 10:45:00,0.2486246639097658
2019-12-21 10:48:00,0.2775512944456864
2019-12-21 10:51:00,0.09195072139340255
2019-12-21 10:54:00,0.2710671425271016
2019-12-21 10:57:00,0.2371752021734892
2019-12-21 11:00:00,0.25170038063669153
2019-12-21 11:03:00,0.15310362848094883
2019-12-21 11:06:00,0.18638451606153694
2019-12-21 11:09:00,0.27056400208124387
2019-12-21 11:12:00,0.28418544911306753
2019-12-21 11:15:00,0.25969965769360215
2019-12-21 11:18:00,0.21109004794197972
2019-12-21 11:21:00,0.10783005905523169
2019-12-21 11:24:00,0.16820835941763335
2019-12-21 11:27:00,0.17928177212553464
2019-12-21 11:30:00,0.11517848321062729
2019-12-21 11:33:00,0.24432559447132007
2019-12-21 11:36:00,0.1599928308924632
2019-12-21 11:39:00,0.1512540034138965
2019-12-21 11:42:00,0.08837197417989273
2019-12-21 11:45:00,0.15635459458655987
2019-12-21 11:48:00,0.01908930620737692
2019-12-21 11:51:00,0.1483631570763464
2019-12-21 11:54:00,0.02703482323119033
2019-12-21 11:57:00,-0.018706123531558205
2019-12-21 12:00:00,0.08019347689509004
2019-12-21 12:03:00,0.07337156311291437
2019-12-21 12:06:00,-0.06471423808511645
2019-12-21 12:09:00,0.12758129805348517
2019-12-21 12:12:00,0.12761599399539136
2019-12-21 12:15:00,-0.0016109970309230448
2019-12-21 12:18:00,0.0376035294337953
2019-12-21 12:21:00,-0.011069010473988783
2019-12-21 12:24:00,0.0654095769626224
2019-12-21 12:27:00,-0.010510330140391488
2019-12-21 12:30:00,0.04526461247678526
2019-12-21 12:33:00,-0.10411432395193287
2019-12-21 12:36:00,0.007022273595168826
2019-12-21 12:39:00,-0.01963110917773747
2019-12-21 12:42:00,0.007813255451424084
2019-12-21 12:45:00,-0.007695505595734176
2019-12-21 12:48:00,0.14656912877967443
2019-12-21 12:51:00,-0.04407958444971882
2019-12-21 12:54:00,-0.03174701710656791
2019-12-21 12:57:00,0.03207880235044058
2019-12-21 13:00:00,0.017086693848852974
2019-12-21 13:03:00,0.08326770693031449
2019-12-21 13:06:00,-0.04775656825330543
2019-12-21 13:09:00,0.013742522698976245
2019-12-21 13:12:00,-0.011913479371401081
2019-12-21 13:15:00,-0.0016806928359187623
2019-12-21 13:18:00,0.006278380540663875
2019-12-21 13:21:00,0.018657807615284128
2019-12-21 13:24:00,-0.10309342382140585
2019-12-21 13:27:00,-0.02474038500020015
2019-12-21 13:30:00,-0.005369402751910002
2019-12-21 13:33:00,-0.0522508446865686
2019-12-21 13:36:00,0.03322229545540267
2019-12-21 13:39:00,-0.00946944336976685
2019-12-21 13:42:00,-0.05323960919241699
2019-12-21 13:45:00,-0.029516508466144842
2019-12-21 13:48:00,-0.12693012824900052
2019-12-21 13:51:00,0.026718593883117592
2019-12-21 13:54:00,-0.07734481892805434
2019-12-21 13:57:00,-0.09731543051282188
2019-12-21 14:00:00,-0.11891654463244095
2019-12-21 14:03:00,-0.09919281164496851
2019-12-21 14:06:00,-0.2844342268800233
2019-12-21 14:09:00,-0.08662651017129974
2019-12-21 14:12:00,-0.17077361046193573
2019-12-21 14:15:00,
2019-12-21 14:18:00,
2019-12-21 14:21:00,
2019-12-21 14:24:00,
2019-12-21 14:27:00,
2019-12-21 14:30:00,
2019-12-21 14:33:00,
2019-12-21 14:36:00,
2019-12-21 14:39:00,
2019-12-21 14:42:00,
2019-12-21 14:45:00,
2019-12-21 14:48:00,
2019-12-21 14:51:00,
2019-12-21 14:54:00,
2019-12-21 14:57:00,
2019-12-21 15:00:00,
2019-12-21 15:03:00,
2019-12-21 15:06:00,
2019-12-21 15:09:00,
2019-12-21 15:12:00,
2019-12-21 15:15:00,
2019-12-21 15:18:00,
2019-12-21 15:21:00,
2019-12-21 15:24:00,
2019-12-21 15:27:00,
2019-12-21 15:30:00,
2019-12-21 15:33:00,
2019-12-21 15:36:00,
2019-12-21 15:39:00,
2019-12-21 15:42:00,
2019-12-21 15:45:00,
2019-12-21 15:48:00,
2019-12-21 15:51:00,
2019-12-21 15:54:00,
2019-12-21 15:57:00,
2019-12-21 16:00:00,
2019-12-21 16:03:00,
2019-12-21 16:06:00,
2019-12-21 16:09:00,
2019-12-21 16:12:00,
2019-12-21 16:15:00,
2019-12-21 16:18:00,
2019-12-21 16:21:00,
2019-12-21 16:24:00,
2019-12-21 16:27:00,
2019-12-21 16:30:00,
2019-12-21 16:33:00,
2019-12-21 16:36:00,
2019-12-21 16:39:00,
2019-12-21 16:42:00,
2019-12-21 16:45:00,
2019-12-21 16:48:00,
2019-12-21 16:51:00,
2019-12-21 16:54:00,
2019-12-21 16:57:00,
2019-12-21 17:00:00,
2019-12-21 17:03:00,
2019-12-21 17:06:00,
2019-12-21 17:09:00,
2019-12-21 17:12:00,
2019-12-21 17:15:00,
2019-12-21 17:18:00,
2019-12-21 17:21:00,
2019-12-21 17:24:00,
2019-12-21 17:27:00,
2019-12-21 17:30:00,
2019-12-21 17:33:00,
2019-12-21 17:36:00,
2019-12-21 17:39:00,
2019-12-21 17:42:00,
2019-12-21 17:45:00,
2019-12-21 17:48:00,
2019-12-21 17:51:00,
2019-12-21 17:54:00,
2019-12-21 17:57:00,
2019-12-21 18:00:00,
2019-12-21 18:03:00,
2019-12-21 18:06:00,
2019-12-21 18:09:00,
2019-12-21 18:12:00,
2019-12-21 18:15:00,
2019-12-21 18:18:00,
2019-12-21 18:21:00,
2019-12-21 18:24:00,
2019-12-21 18:27:00,
2019-12-21 18:30:00,
2019-12-21 18:33:00,
2019-12-21 18:36:00,
2019-12-21 18:39:00,
2019-12-21 18:42:00,
2019-12-21 18:45:00,
2019-12-21 18:48:00,
2019-12-21 18:51:00,
2019-12-21 18:54:00,
2019-12-21 18:57:00,
2019-12-21 19:00:00,
2019-12-21 19:03:00,0.08238358316759786
2019-12-21 19:06:00,0.1323714787379231
2019-12-21 19:09:00,0.20481488585437546
2019-12-21 19:12:00,0.10598458332697192
2019-12-21 19:15:00,0.34447868656457103
2019-12-21 19:18:00,0.25047688476905705
2019-12-21 19:21:00,0.15858687079588663
2019-12-21 19:24:00,0.08570869824905003
2019-12-21 19:27:00,0.18004432947407167
2019-12-21 19:30:00,0.14532104182364947
2019-12-21 19:33:00,0.13717779869915603
2019-12-21 19:36:00,0.2917472677022488
2019-12-21 19:39:00,0.18463658880301637
2019-12-21 19:42:00,0.1916360621459603
2019-12-21 19:45:00,0.38091613276571934
2019-12-21 19:48:00,0.17668097035146957
2019-12-21 19:51:00,0.21704079060731374
2019-12-21 19:54:00,0.19455479524560815
2019-12-21 19:57:00,0.25013533470701077
2019-12-21 20:00:00,0.21112724961068352
2019-12-21 20:03:00,0.2596129579332569
2019-12-21 20:06:00,0.2072598347349981
2019-12-21 20:09:00,0.31747582174568834
2019-12-21 20:12:00,0.2698225818574542
2019-12-21 20:15:00,0.3569517452095283
2019-12-21 20:18:00,0.32164116342221405
2019-12-21 20:21:00,0.2573702984744841
2019-12-21 20:24:00,0.2808106290601131
2019-12-21 20:27:00,0.2508585080981902
2019-12-21 20:30:00,0.22623576627307784
2019-12-21 20:33:00,0.24410679733773577
2019-12-21 20:36:00,0.23988834989393126
2019-12-21 20:39:00,0.2861193075224264
2019-12-21 20:42:00,0.16621181729118462
2019-12-21 20:45:00,0.2941191347656513
2019-12-21 20:48:00,0.306690083099852
2019-12-21 20:51:00,0.22668172060531333
2019-12-21 20:54:00,0.30430609708685097
2019-12-21 20:57:00,0.2568168461606888
2019-12-21 21:00:00,0.17333958817960138
2019-12-21 21:03:00,0.35035475503275393
2019-12-21 21:06:00,0.23679113874675295
2019-12-21 21:09:00,0.18814554722882804
2019-12-21 21:12:00,0.15708085774099345
2019-12-21 21:15:00,0.2379972108294055
2019-12-21 21:18:00,0.3465634738420249
2019-12-21 21:21:00,0.18561714164218301
2019-12-21 21:24:00,0.22414508222863105
2019-12-21 21:27:00,0.31464154175233716
2019-12-21 21:30:00,0.26478493736675546
2019-12-21 21:33:00,0.27029135507342517
2019-12-21 21:36:00,0.3143891797447509
2019-12-21 21:39:00,0.21215351512205416
2019-12-21 21:42:00,0.25111732510805496
2019-12-21 21:45:00,0.23549334401729993
2019-12-21 21:48:00,0.2667003062304616
2019-12-21 21:51:00,0.32178543764297274
2019-12-21 21:54:00,0.314171537269317
2019-12-21 21:57:00,0.18070866917810235
2019-12-21 22:00:00,0.2880163778581277
2019-12-21 22:03:00,0.3172994928339108
2019-12-21 22:06:00,0.28693125045606394
2019-12-21 22:09:00,0.32292733350834624
2019-12-21 22:12:00,0.22836881716062862
2019-12-21 22:15:00,0.3158159997923349
2019-12-21 22:18:00,0.3125514107054528
2019-12-21 22:21:00,0.26469151493967047
2019-12-21 22:24:00,0.3844677791306026
2019-12-21 22:27:00,0.4014162247910349
2019-12-21 22:30:00,0.31164026410067436
2019-12-21 22:33:00,0.29690498505163987
2019-12-21 22:36:00,0.27719928362279234
2019-12-21 22:39:00,0.3253892754196386
2019-12-21 22:42:00,0.19520960832676337
2019-12-21 22:45:00,0.29391611458504485
2019-12-21 22:48:00,0.32389699073110023
2019-12-21 22:51:00,0.43740775715173186
2019-12-21 22:54:00,0.367092459588946
2019-12-21 22:57:00,0.35924354444415485
2019-12-21 23:00:00,0.2861618709773097
2019-12-21 23:03:00,0.3051573931232383
2019-12-21 23:06:00,0.3374403301622806
2019-12-21 23:09:00,0.34679822294248197
2019-12-21 23:12:00,0.38468463771704364
2019-12-21 23:15:00,0.3150394374861776
2019-12-21 23:18:00,0.30059011016555814
2019-12-21 23:21:00,0.3479146993002473
2019-12-21 23:24:00,0.33235442054211717
2019-12-21 23:27:00,0.3109337107287615
2019-12-21 23:30:00,0.31627363452270174
2019-12-21 23:33:00,0.36344418764559805
2019-12-21 23:36:00,0.2769560921292964
2019-12-21 23:39:00,0.3211149920508092
2019-12-21 23:42:00,0.3338072381659458
2019-12-21 23:45:00,0.4191472056223233
2019-12-21 23:48:00,0.30669132888687045
2019-12-21 23:51:00,0.3114778423200164
2019-12-21 23:54:00,0.38117824084685026
2019-12-21 23:57:00,0.4354943107749705
2019-12-22 00:00:00,0.4349495118883624
2019-12-22 00:03:00,0.44672411035065807
2019-12-22 00:06:00,0.4365117521932689
2019-12-22 00:09:00,0.4259386868959041
2019-12-22 00:12:00,0.3288766022201912
2019-12-22 00:15:00,0.46317116043223905
2019-12-22 00:18:00,0.4656913181655682
2019-12-22 00:21:00,0.4039923694334675
2019-12-22 00:24:00,0.3606184662478995
2019-12-22 00:27:00,0.48908245113011617
2019-12-22 00:30:00,0.5012272636632815
2019-12-22 00:33:00,0.4173798004579794
2019-12-22 00:36:00,0.492246200954753
2019-12-22 00:39:00,0.3346468116052961
2019-12-22 00:42:00,0.44861574766292733
2019-12-22 00:45:00,0.37170329192269946
2019-12-22 00:48:00,0.3761938421695845
2019-12-22 00:51:00,0.46441416396595514
2019-12-22 00:54:00,0.3964002374071356
2019-12-22 00:57:00,0.4323378479707003
2019-12-22 01:00:00,0.3803407605134339
2019-12-22 01:03:00,0.5338169713981529
2019-12-22 01:06:00,0.3712117589776085
2019-12-22 01:09:00,0.5250068752764605
2019-12-22 01:12:00,0.4452920746131781
2019-12-22 01:15:00,0.4912587325286495
2019-12-22 01:18:00,0.4897980233154158
2019-12-22 01:21:00,0.513253162396893
2019-12-22 01:24:00,0.49028696419009066
2019-12-22 01:27:00,0.3745964703211939
2019-12-22 01:30:00,0.39896763139626046
2019-12-22 01:33:00,0.4954548644586225
2019-12-22 01:36:00,0.40522498252619243
2019-12-22 01:39:00,0.41386087188146803
2019-12-22 01:42:00,0.5361404799917864
2019-12-22 01:45:00,0.5048703557531553
2019-12-22 01:48:00,0.4332727248523156
2019-12-22 01:51:00,0.42256900894750515
2019-12-22 01:54:00,0.5202369549417654
2019-12-22 01:57:00,0.46093921924557435
2019-12-22 02:00:00,0.41344214609659957
2019-12-22 02:03:00,0.3859261157317633
2019-12-22 02:06:00,0.3910414258584751
2019-12-22 02:09:00,0.38530714226169493
2019-12-22 02:12:00,0.28985811772008674
2019-12-22 02:15:00,0.3912188213114973
2019-12-22 02:18:00,0.4043636115305844
2019-12-22 02:21:00,0.4858419399576519
2019-12-22 02:24:00,0.38994426220426703
2019-12-22 02:27:00,0.37331486619700627
2019-12-22 02:30:00,0.46394002358573516
2019-12-22 02:33:00,0.3926333030902356
2019-12-22 02:36:00,0.4718782910613868
2019-12-22 02:39:00,0.4806004152917467
2019-12-22 02:42:00,0.431816497927457
2019-12-22 02:45:00,0.37545833541327056
2019-12-22 02:48:00,0.5341446975021995
2019-12-22 02:51:00,0.5351010068480377
2019-12-22 02:54:00,0.5148955853176176
2019-12-22 02:57:00,0.42272728866663556
2019-12-22 03:00:00,0.4850168305026159
2019-12-22 03:03:00,0.44739057509337954
2019-12-22 03:06:00,0.44161055034982155
2019-12-22 03:09:00,0.5380683743893542
2019-12-22 03:12:00,0.4406036327600873
2019-12-22 03:15:00,0.48588931376639266
2019-12-22 03:18:00,0.5648588127706944
2019-12-22 03:21:00,0.5653161028586169
2019-12-22 03:24:00,0.523880828048334
2019-12-22 03:27:00,0.5713833378250115
2019-12-22 03:30:00,0.552245066596754
2019-12-22 03:33:00,0.4933541725897044
2019-12-22 03:36:00,0.6167655335341351
2019-12-22 03:39:00,0.5708876514746635
2019-12-22 03:42:00,0.6177706794485971
2019-12-22 03:45:00,0.5527519110262347
2019-12-22 03:48:00,0.54866002399217
2019-12-22 03:51:00,0.5979611725105087
2019-12-22 03:54:00,0.5300084021641283
2019-12-22 03:57:00,0.5745062376651049
2019-12-22 04:00:00,0.46110642980517014
2019-12-22 04:03:00,0.6390896556580401
2019-12-22 04:06:00,0.5188388570689995
2019-12-22 04:09:00,0.5378645938563977
2019-12-22 04:12:00,0.5658254639357096
2019-12-22 04:15:00,0.5763327468107491
2019-12-22 04:18:00,0.5609463184496803
2019-12-22 04:21:00,0.5951687092730253
2019-12-22 04:24:00,0.5570930098956524
2019-12-22 04:27:00,0.5896441809672979
2019-12-22 04:30:00,0.666145109311401
2019-12-22 04:33:00,0.5984363554316019
2019-12-22 04:36:00,0.6190435067730959
2019-12-22 04:39:00,0.47798151848093084
2019-12-22 04:42:00,0.5303958360736374
2019-12-22 04:45:00,0.5888561431781909
2019-12-22 04:48:00,0.6203272689562027
2019-12-22 04:51:00,0.5223347418425988
2019-12-22 04:54:00,0.6599439961921689
2019-12-22 04:57:00,0.6124150087786688
2019-12-22 05:00:00,0.5864588320687858
2019-12-22 05:03:00,0.46038266490756996
2019-12-22 05:06:00,0.6485833324530859
2019-12-22 05:09:00,0.5941001321738213
2019-12-22 05:12:00,0.5533906401587387
2019-12-22 05:15:00,0.6134155467858591
2019-12-22 05:18:00,0.6459627046967853
2019-12-22 05:21:00,0.6119949528798543
2019-12-22 05:24:00,0.5979566996454082
2019-12-22 05:27:00,0.6015770958071585
2019-12-22 05:30:00,0.6228456901738468
2019-12-22 05:33:00,0.6770047154729468
2019-12-22 05:36:00,0.6728682835773725
2019-12-22 05:39:00,0.585812753301866
2019-12-22 05:42:00,0.6632002617129729
2019-12-22 05:45:00,0.6810171043886726
2019-12-22 05:48:00,0.622616989419555
2019-12-22 05:51:00,0.5494774353031744
2019-12-22 05:54:00,0.7796026190576981
2019-12-22 05:57:00,0.5494829365680971
2019-12-22 06:00:00,0.5799898999161996
2019-12-22 06:03:00,0.5751676196356925
2019-12-22 06:06:00,0.6080384373788092
2019-12-22 06:09:00,0.6124461452109244
2019-12-22 06:12:00,0.5151885198272907
2019-12-22 06:15:00,0.5300686035700437
2019-12-22 06:18:00,0.49355493352459234
2019-12-22 06:21:00,0.6621508296908019
2019-12-22 06:24:00,0.6520600048531264
2019-12-22 06:27:00,0.5711671411825137
2019-12-22 06:30:00,0.5766877249723734
2019-12-22 06:33:00,0.7001869249067454
2019-12-22 06:36:00,0.6380643597264566
2019-12-22 06:39:00,0.6865783802729766
2019-12-22 06:42:00,0.7078224894208347
2019-12-22 06:45:00,0.7446870594922075
2019-12-22 06:48:00,0.6611870612093185
2019-12-22 06:51:00,0.6079101167189265
2019-12-22 06:54:00,0.6953119753320607
2019-12-22 06:57:00,0.5994616818816212
2019-12-22 07:00:00,0.6141071158887712
2019-12-22 07:03:00,0.6289558987339774
2019-12-22 07:06:00,0.6804552422186134
2019-12-22 07:09:00,0.6359338578046732
2019-12-22 07:12:00,0.6667991617565576
2019-12-22 07:15:00,0.6378272442142361
2019-12-22 07:18:00,0.5423544189869176
2019-12-22 07:21:00,0.5567241085482237
2019-12-22 07:24:00,0.6686546522074082
2019-12-22 07:27:00,0.5053977060250645
2019-12-22 07:30:00,0.6930046550115776
2019-12-22 07:33:00,0.5433941895125258
2019-12-22 07:36:00,0.5438031212169676
2019-12-22 07:39:00,0.6089824414904683
2019-12-22 07:42:00,0.6031162413589186
2019-12-22 07:45:00,0.542473393360126
2019-12-22 07:48:00,0.5987036048794607
2019-12-22 07:51:00,0.5516658777910948
2019-12-22 07:54:00,0.6209471650678893
2019-12-22 07:57:00,0.5772368183767753
2019-12-22 08:00:00,0.5070881347696741
2019-12-22 08:03:00,0.5654478889950951
2019-12-22 08:06:00,0.47948685706273864
2019-12-22 08:09:00,0.6628815859253336
2019-12-22 08:12:00,0.5317936961212126
2019-12-22 08:15:00,0.5346112374061818
2019-12-22 08:18:00,0.549636925442087
2019-12-22 08:21:00,0.5569402325346573
2019-12-22 08:24:00,0.46534948028323697
2019-12-22 08:27:00,0.5348369478294899
2019-12-22 08:30:00,0.5183658262648692
2019-12-22 08:33:00,0.4701666603353374
2019-12-22 08:36:00,0.46689291026757473
2019-12-22 08:39:00,0.5220399156281701
2019-12-22 08:42:00,0.4804616268097561
2019-12-22 08:45:00,0.4648552515860729
2019-12-22 08:48:00,0.4727855721051242
2019-12-22 08:51:00,0.47706039063547223
2019-12-22 08:54:00,0.4396333616901984
2019-12-22 08:57:00,0.41018440451586
2019-12-22 09:00:00,0.4449486954833901
2019-12-22 09:03:00,0.43447150335276774
2019-12-22 09:06:00,0.3619563779899977
2019-12-22 09:09:00,0.3732360170982929
2019-12-22 09:12:00,0.403410812462198
2019-12-22 09:15:00,0.3001084260961875
2019-12-22 09:18:00,0.404578237757903
2019-12-22 09:21:00,0.4327826960401353
2019-12-22 09:24:00,0.3548835396581467
2019-12-22 09:27:00,0.3406376658028307
2019-12-22 09:30:00,0.3762077380308142
2019-12-22 09:33:00,0.30818061791285345
2019-12-22 09:36:00,0.27192866101626123
2019-12-22 09:39:00,0.23667743334397073
2019-12-22 09:42:00,0.23672458266145213
2019-12-22 09:45:00,0.27493172526015996
2019-12-22 09:48:00,0.2559266660795174
2019-12-22 09:51:00,0.22307660136380036
2019-12-22 09:54:00,0.31339838902846395
2019-12-22 09:57:00,0.23928614758250433
2019-12-22 10:00:00,0.2559801839076954
2019-12-22 10:03:00,0.2523400804540188
2019-12-22 10:06:00,0.24473206697564365
2019-12-22 10:09:00,0.09768823977259444
2019-12-22 10:12:00,0.22437464661538797
2019-12-22 10:15:00,0.20436177600470273
2019-12-22 10:18:00,0.1873052923727414
2019-12-22 10:21:00,0.14563596954025115
2019-12-22 10:24:00,0.13023680372373292
2019-12-22 10:27:00,0.17311536722485243
2019-12-22 10:30:00,0.24521006443802662
2019-12-22 10:33:00,0.12463934839871627
2019-12-22 10:36:00,0.1603217287305938
2019-12-22 10:39:00,0.03088749766880028
2019-12-22 10:42:00,0.06810087350595495
2019-12-22 10:45:00,0.15900208321545506
2019-12-22 10:48:00,0.0038322823792213967
2019-12-22 10:51:00,0.11021571974305289
2019-12-22 10:54:00,0.10919740658766841
2019-12-22 10:57:00,0.05494064101321783
2019-12-22 11:00:00,0.0655606987421038
2019-12-22 11:03:00,0.07729092212741762
2019-12-22 11:06:00,0.0732458011737549
2019-12-22 11:09:00,0.07534984684235724
2019-12-22 11:12:00,0.010695667941888587
2019-12-22 11:15:00,0.04719182008335565
2019-12-22 11:18:00,-0.027724311248562117
2019-12-22 11:21:00,0.03134785767002768
2019-12-22 11:24:00,-0.022638509385501493
2019-12-22 11:27:00,-0.00713584278412327
2019-12-22 11:30:00,0.04239592955724447
2019-12-22 11:33:00,0.10597468066976035
2019-12-22 11:36:00,0.113240728188714
2019-12-22 11:39:00,0.1228067452899495
2019-12-22 11:42:00,0.0050663369058838725
2019-12-22 11:45:00,-0.03243850078132482
2019-12-22 11:48:00,0.07616149396648098
2019-12-22 11:51:00,-0.03414654706386955
2019-12-22 11:54:00,0.05666569398590582
2019-12-22 11:57:00,0.037148968739870725
2019-12-22 12:00:00,0.015331171648426789
2019-12-22 12:03:00,-0.036205643961295664
2019-12-22 12:06:00,0.05606097481228289
2019-12-22 12:09:00,0.05533189842049069
2019-12-22 12:12:00,-0.00996054495340104
2019-12-22 12:15:00,-0.07167155558568084
2019-12-22 12:18:00,0.08356895641600204
2019-12-22 12:21:00,0.05041277681812062
2019-12-22 12:24:00,-0.07899624164707575
2019-12-22 12:27:00,-0.05477181903091832
2019-12-22 12:30:00,-0.02510984639502567
2019-12-22 12:33:00,0.07732537060911682
2019-12-22 12:36:00,-0.026291780024280342
2019-12-22 12:39:00,0.07222238801779213
2019-12-22 12:42:00,0.07198160523068964
2019-12-22 12:45:00,0.017816874658194592
2019-12-22 12:48:00,0.07965827800859415
2019-12-22 12:51:00,-0.015324529253518904
2019-12-22 12:54:00,0.0945048647835165
2019-12-22 12:57:00,0.08182627622142036
2019-12-22 13:00:00,0.16725333968008727
2019-12-22 13:03:00,0.1804557099164299
2019-12-22 13:06:00,0.009716381799705687
2019-12-22 13:09:00,0.1558097986927578
2019-12-22 13:12:00,0.10215990373683326
2019-12-22 13:15:00,0.06557249793371511
2019-12-22 13:18:00,-0.0033975745975567406
2019-12-22 13:21:00,-0.07400934735926512
2019-12-22 13:24:00,-0.03129531848884426
2019-12-22 13:27:00,0.09580219687831004
2019-12-22 13:30:00,0.07751662189770059
2019-12-22 13:33:00,0.0461912730705194
2019-12-22 13:36:00,0.04424590886253554
2019-12-22 13:39:00,-3.2910209029068938e-06
2019-12-22 13:42:00,0.0006819666859883
2019-12-22 13:45:00,-0.0036358412621666503
2019-12-22 13:48:00,0.07772440809878844
2019-12-22 13:51:00,0.13067442042279254
2019-12-22 13:54:00,0.07693026298034056
2019-12-22 13:57:00,0.03653884127845686
2019-12-22 14:00:00,0.1771000663821951
2019-12-22 14:03:00,0.05834061245008115
2019-12-22 14:06:00,0.043970891666901935
2019-12-22 14:09:00,0.06036023662682055
2019-12-22 14:12:00,0.020790892058528243
2019-12-22 14:15:00,0.03949427334197253
2019-12-22 14:18:00,-0.03918344200587853
2019-12-22 14:21:00,0.047920744700036266
2019-12-22 14:24:00,-0.03657993188966202
2019-12-22 14:27:00,-0.14744212828156833
2019-12-22 14:30:00,-0.040630477241052176
2019-12-22 14:33:00,-0.033210761842440206
2019-12-22 14:36:00,-0.08877701557713635
2019-12-22 14:39:00,0.007464949238283225
2019-12-22 14:42:00,0.001932228164434946
2019-12-22 14:45:00,-0.04334181408688664
2019-12-22 14:48:00,0.06057207759789662
2019-12-22 14:51:00,-0.08554385388032415
2019-12-22 14:54:00,0.05768869415322797
2019-12-22 14:57:00,-0.07108929055505087
2019-12-22 15:00:00,-0.08708167030619052
2019-12-22 15:03:00,0.022672488222383436
2019-12-22 15:06:00,-0.05455528782806596
2019-12-22 15:09:00,-0.008708073652258008
2019-12-22 15:12:00,-0.05390352897484263
2019-12-22 15:15:00,-0.05222743187425749
2019-12-22 15:18:00,-0.10171763912478582
2019-12-22 15:21:00,-0.11574410169737348
2019-12-22 15:24:00,-0.002826612381738869
2019-12-22 15:27:00,-0.022150088546766256
2019-12-22 15:30:00,-0.03455192140421559
2019-12-22 15:33:00,-0.05550437547350384
2019-12-22 15:36:00,-0.1277464183372672
2019-12-22 15:39:00,-0.11963548236184351
2019-12-22 15:42:00,-0.13095741913912207
2019-12-22 15:45:00,-0.042123908618123096
2019-12-22 15:48:00,-0.021111159329791462
2019-12-22 15:51:00,-0.09639342722789479
2019-12-22 15:54:00,-0.12889905461076978
2019-12-22 15:57:00,-0.0318620953372033
2019-12-22 16:00:00,-0.0821434090476032
2019-12-22 16:03:00,-0.1403234564506306
2019-12-22 16:06:00,-0.05727643259018578
2019-12-22 16:09:00,-0.04265945748386457
2019-12-22 16:12:00,0.055071553509549176
2019-12-22 16:15:00,-0.18772356451830774
2019-12-22 16:18:00,-0.10037651842020523
2019-12-22 16:21:00,-0.09230305090517277
2019-12-22 16:24:00,0.048724608512543455
2019-12-22 16:27:00,-0.17550456809073012
2019-12-22 16:30:00,-0.08084510470177975
2019-12-22 16:33:00,0.010858724146999066
2019-12-22 16:36:00,-0.05011320814224973
2019-12-22 16:39:00,-0.024433193690526878
2019-12-22 16:42:00,-0.06470424536058772
2019-12-22 16:45:00,0.016926093684332955
2019-12-22 16:48:00,-0.11439146727548177
2019-12-22 16:51:00,0.04884256057982839
2019-12-22 16:54:00,0.03823407392349054
2019-12-22 16:57:00,0.03313248461194007
2019-12-22 17:00:00,-0.013199190567263486
2019-12-22 17:03:00,-0.04519623082251201
2019-12-22 17:06:00,0.09801151821147869
2019-12-22 17:09:00,-0.013718531455253924
2019-12-22 17:12:00,-0.007454069968673593
2019-12-22 17:15:00,-0.09119037588891388
2019-12-22 17:18:00,0.01467623431597076
2019-12-22 17:21:00,-0.02054936903749649
2019-12-22 17:24:00,0.05766288621998683
2019-12-22 17:27:00,-0.004549380075616227
2019-12-22 17:30:00,0.08782175706846829
2019-12-22 17:33:00,0.13012707032851267
2019-12-22 17:36:00,0.05113885425259923
2019-12-22 17:39:00,0.09455817293809332
2019-12-22 17:42:00,0.06428232593407301
2019-12-22 17:45:00,0.06941597624637552
2019-12-22 17:48:00,0.1896750272310328
2019-12-22 17:51:00,0.13594379055842865
2019-12-22 17:54:00,0.11693009035690238
2019-12-22 17:57:00,0.1058667692865356
2019-12-22 18:00:00,0.12197530283498281
2019-12-22 18:03:00,0.11537119245889471
2019-12-22 18:06:00,0.1637893196625555
2019-12-22 18:09:00,0.24396699754350948
2019-12-22 18:12:00,0.20732524172797184
2019-12-22 18:15:00,0.24770885597058623
2019-12-22 18:18:00,0.29934996425021154
2019-12-22 18:21:00,0.18859420264470828
2019-12-22 18:24:00,0.2473665764366615
2019-12-22 18:27:00,0.24930326145124582
2019-12-22 18:30:00,0.2878651451218843
2019-12-22 18:33:00,0.19418301195560161
2019-12-22 18:36:00,0.2657862307013943
2019-12-22 18:39:00,0.24989696204926304
2019-12-22 18:42:00,0.1865045818208273
2019-12-22 18:45:00,0.3666577692601436
2019-12-22 18:48:00,0.2524587863992451
2019-12-22 18:51:00,0.270343524943371
2019-12-22 18:54:00,
2019-12-22 18:57:00,
2019-12-22 19:00:00,
2019-12-22 19:03:00,0.30532872988044346
2019-12-22 19:06:00,0.19259639478889312
2019-12-22 19:09:00,0.20037842941201234
2019-12-22 19:12:00,0.29983414973395384
2019-12-22 19:15:00,0.2931706197534254
2019-12-22 19:18:00,0.3304340541772035
2019-12-22 19:21:00,0.2916450157998156
2019-12-22 19:24:00,0.3463756209761186
2019-12-22 19:27:00,0.3616942185324774
2019-12-22 19:30:00,0.2699643721628604
2019-12-22 19:33:00,0.302535629200122
2019-12-22 19:36:00,0.3089434319164752
2019-12-22 19:39:00,0.2637394074027952
2019-12-22 19:42:00,0.283160638108086
2019-12-22 19:45:00,0.2829111050915003
2019-12-22 19:48:00,0.28450823810703696
2019-12-22 19:51:00,0.20418552549750757
2019-12-22 19:54:00,0.3025331854119031
2019-12-22 19:57:00,0.3637870480546894
2019-12-22 20:00:00,0.3903523731065661
2019-12-22 20:03:00,0.32064409771953706
2019-12-22 20:06:00,0.3148234852763494
2019-12-22 20:09:00,0.2950341726981378
2019-12-22 20:12:00,0.23093253065786712
2019-12-22 20:15:00,0.3559983034671177
2019-12-22 20:18:00,0.1811104450896437
2019-12-22 20:21:00,0.2851479929832408
2019-12-22 20:24:00,0.28121736331763714
2019-12-22 20:27:00,0.32811898747883106
2019-12-22 20:30:00,0.2530979215180764
2019-12-22 20:33:00,0.30126644742455255
2019-12-22 20:36:00,0.3754249967697092
2019-12-22 20:39:00,0.25948925138226286
2019-12-22 20:42:00,0.3138576871133978
2019-12-22 20:45:00,0.3275856537665618
2019-12-22 20:48:00,0.2725008718577442
2019-12-22 20:51:00,0.2244572215160474
2019-12-22 20:54:00,0.31215271252841603
2019-12-22 20:57:00,0.3162847657607699
2019-12-22 21:00:00,0.32564679850480616
2019-12-22 21:03:00,0.2440083041573189
2019-12-22 21:06:00,0.24115046459303358
2019-12-22 21:09:00,0.27709905190204154
2019-12-22 21:12:00,0.4714581397694815
2019-12-22 21:15:00,0.2504529876272841
2019-12-22 21:18:00,0.3621309288441239
2019-12-22 21:21:00,0.26047227674530404
2019-12-22 21:24:00,0.2907041791174265
2019-12-22 21:27:00,0.2600850932087724
2019-12-22 21:30:00,0.32353168474048744
2019-12-22 21:33:00,0.3501768496842601
2019-12-22 21:36:00,0.2950031486913076
2019-12-22 21:39:00,0.2228874090252475
2019-12-22 21:42:00,0.34314660472796277
2019-12-22 21:45:00,0.29729813336518873
2019-12-22 21:48:00,0.37956038130488423
2019-12-22 21:51:00,0.19720002603588682
2019-12-22 21:54:00,0.29844102307794174
2019-12-22 21:57:00,0.1873323075413964
2019-12-22 22:00:00,0.25373189140651675
2019-12-22 22:03:00,0.23438171262461083
2019-12-22 22:06:00,0.2754745417063873
2019-12-22 22:09:00,0.22721894023845834
2019-12-22 22:12:00,0.25785367434104955
2019-12-22 22:15:00,0.28298003650161263
2019-12-22 22:18:00,0.35709615819502005
2019-12-22 22:21:00,0.31213097661679967
2019-12-22 22:24:00,0.2815885302173342
2019-12-22 22:27:00,0.23711884555609686
2019-12-22 22:30:00,0.347075549583451
2019-12-22 22:33:00,0.3215153851585342
2019-12-22 22:36:00,0.3013157544425553
2019-12-22 22:39:00,0.2750965532915757
2019-12-22 22:42:00,0.2998327338583522
2019-12-22 22:45:00,0.2540451074207226
2019-12-22 22:48:00,0.32189755080281657
2019-12-22 22:51:00,0.3805450587407222
2019-12-22 22:54:00,0.34024657314654405
2019-12-22 22:57:00,0.3339484204108203
2019-12-22 23:00:00,0.3417042308410032
2019-12-22 23:03:00,0.34733194070537365
2019-12-22 23:06:00,0.4655414090364616
2019-12-22 23:09:00,0.4039175682189011
2019-12-22 23:12:00,0.4138420060091903
2019-12-22 23:15:00,0.40081503448880085
2019-12-22 23:18:00,0.3936842275760455
2019-12-22 23:21:00,0.5261746338467788
2019-12-22 23:24:00,0.46993088334698996
2019-12-22 23:27:00,0.49794672243865534
2019-12-22 23:30:00,0.5729466519442212
2019-12-22 23:33:00,0.5098219208196042
2019-12-22 23:36:00,0.42529268040993884
2019-12-22 23:39:00,0.41856097741430176
2019-12-22 23:42:00,0.5045714647815771
2019-12-22 23:45:00,0.5023830278382775
2019-12-22 23:48:00,0.5042737489338833
2019-12-22 23:51:00,0.5160258814913163
2019-12-22 23:54:00,0.5255012892187096
2019-12-22 23:57:00,0.5303953224356519
2019-12-23 00:00:00,0.4382072159550603
2019-12-23 00:03:00,0.5206808380247594
2019-12-23 00:06:00,0.5889252324184895
2019-12-23 00:09:00,0.5268186440702607
2019-12-23 00:12:00,0.5831368778939918
2019-12-23 00:15:00,0.5243453415872068
2019-12-23 00:18:00,0.5003503546693082
2019-12-23 00:21:00,0.4396938232965226
2019-12-23 00:24:00,0.44873847250232757
2019-12-23 00:27:00,0.508859857524044
2019-12-23 00:30:00,0.5475920722813044
2019-12-23 00:33:00,0.4702752629046927
2019-12-23 00:36:00,0.4099464143961882
2019-12-23 00:39:00,0.37642289152393005
2019-12-23 00:42:00,0.40030287885946336
2019-12-23 00:45:00,0.417102971411623
2019-12-23 00:48:00,0.45933569523197093
2019-12-23 00:51:00,0.4090413723450297
2019-12-23 00:54:00,0.5038092677045256
2019-12-23 00:57:00,0.49799476008030297
2019-12-23 01:00:00,0.47926962689433594
2019-12-23 01:03:00,0.47949185541637007
2019-12-23 01:06:00,0.5054975412219278
2019-12-23 01:09:00,0.4531933686679963
2019-12-23 01:12:00,0.4386434297554729
2019-12-23 01:15:00,0.49761040829361036
2019-12-23 01:18:00,0.4873076955213378
2019-12-23 01:21:00,0.46749055731862654
2019-12-23 01:24:00,0.5014210045936807
2019-12-23 01:27:00,0.5468780195921568
2019-12-23 01:30:00,0.44697513991411597
2019-12-23 01:33:00,0.46956346584914854
2019-12-23 01:36:00,0.46329251368848645
2019-12-23 01:39:00,0.5056142726207327
2019-12-23 01:42:00,0.551940631058585
2019-12-23 01:45:00,0.44605009611285595
2019-12-23 01:48:00,0.47307288191268526
2019-12-23 01:51:00,0.45184004851995496
2019-12-23 01:54:00,0.4828802028941368
2019-12-23 01:57:00,0.3998108262445612
2019-12-23 02:00:00,0.45641087475155473
2019-12-23 02:03:00,0.34726659727374454
2019-12-23 02:06:00,0.40625219740354623
2019-12-23 02:09:00,0.5167208956476657
2019-12-23 02:12:00,0.3967959045602356
2019-12-23 02:15:00,0.6030020956243334
2019-12-23 02:18:00,0.42759062726355523
2019-12-23 02:21:00,0.4356059045981624
2019-12-23 02:24:00,0.5321361575543051
2019-12-23 02:27:00,0.5024449909258806
2019-12-23 02:30:00,0.49017779799703476
2019-12-23 02:33:00,0.432370836108646
2019-12-23 02:36:00,0.5405500665814884
2019-12-23 02:39:00,0.5117217658941513
2019-12-23 02:42:00,0.4737188205362486
2019-12-23 02:45:00,0.5446819472259108
2019-12-23 02:48:00,0.5423468352828991
2019-12-23 02:51:00,0.5086644790669652
2019-12-23 02:54:00,0.5775402378357057
2019-12-23 02:57:00,0.5727789698744914
2019-12-23 03:00:00,0.4759242572361586
2019-12-23 03:03:00,0.5757754092020946
2019-12-23 03:06:00,0.4791300292459937
2019-12-23 03:09:00,0.5122605109535243
2019-12-23 03:12:00,0.5633934706962691
2019-12-23 03:15:00,0.5451490099988519
2019-12-23 03:18:00,0.6019672579878943
2019-12-23 03:21:00,0.6205172022710599
2019-12-23 03:24:00,0.5528926692311984
2019-12-23 03:27:00,0.5470380624728364
2019-12-23 03:30:00,0.5550368827151715
2019-12-23 03:33:00,0.5746689452629425
2019-12-23 03:36:00,0.48247337370924015
2019-12-23 03:39:00,0.45733588639774325
2019-12-23 03:42:00,0.49543737341082306
2019-12-23 03:45:00,0.4653165272744104
2019-12-23 03:48:00,0.5222306618718449
2019-12-23 03:51:00,0.5301880166281308
2019-12-23 03:54:00,0.4986234217778929
2019-12-23 03:57:00,0.5166166751379819
2019-12-23 04:00:00,0.5490565488390189
2019-12-23 04:03:00,0.4832588032664944
2019-12-23 04:06:00,0.515525705516211
2019-12-23 04:09:00,0.5709530146185102
2019-12-23 04:12:00,0.5804345112767351
2019-12-23 04:15:00,0.5770074005156971
2019-12-23 04:18:00,0.5815819323254914
2019-12-23 04:21:00,0.5930811732217762
2019-12-23 04:24:00,0.5955817195581972
2019-12-23 04:27:00,0.6123471338353283
2019-12-23 04:30:00,0.5941450077185664
2019-12-23 04:33:00,0.5373293186228238
2019-12-23 04:36:00,0.6104548202035858
2019-12-23 04:39:00,0.5565559065595949
2019-12-23 04:42:00,0.5821960669088639
2019-12-23 04:45:00,0.4026187309642637
2019-12-23 04:48:00,0.5913416025115339
2019-12-23 04:51:00,0.5483344298901329
2019-12-23 04:54:00,0.6504936383698237
2019-12-23 04:57:00,0.5988637819177143
2019-12-23 05:00:00,0.5447048097578886
2019-12-23 05:03:00,0.58400593021139
2019-12-23 05:06:00,0.5035750303623558
2019-12-23 05:09:00,0.6011820226020745
2019-12-23 05:12:00,0.5823070147729368
2019-12-23 05:15:00,0.60715733665279
2019-12-23 05:18:00,0.5663344142343476
2019-12-23 05:21:00,0.4913538284662877
2019-12-23 05:24:00,0.6137503561170092
2019-12-23 05:27:00,0.6293095067807144
2019-12-23 05:30:00,0.4716793255204266
2019-12-23 05:33:00,0.44890287340376744
2019-12-23 05:36:00,0.5590398189477241
2019-12-23 05:39:00,0.512410475524689
2019-12-23 05:42:00,0.4730889177367885
2019-12-23 05:45:00,0.543645414159073
2019-12-23 05:48:00,0.6464763870960724
2019-12-23 05:51:00,0.6725361472377926
2019-12-23 05:54:00,0.5258137848177284
2019-12-23 05:57:00,0.4456329285183642
2019-12-23 06:00:00,0.6508105499176509
2019-12-23 06:03:00,0.5998322479929357
2019-12-23 06:06:00,0.6250886615918603
2019-12-23 06:09:00,0.6407554435585325
2019-12-23 06:12:00,0.4990837238098038
2019-12-23 06:15:00,0.5770860087271217
2019-12-23 06:18:00,0.625928688980764
2019-12-23 06:21:00,0.49987886861350717
2019-12-23 06:24:00,0.5342968354584059
2019-12-23 06:27:00,0.687365766523726
2019-12-23 06:30:00,0.7343589694406205
2019-12-23 06:33:00,0.6138240553812011
2019-12-23 06:36:00,0.5456135884291484
2019-12-23 06:39:00,0.4959217987132547
2019-12-23 06:42:00,0.42469805122692605
2019-12-23 06:45:00,0.5033275101762342
2019-12-23 06:48:00,0.4681972925409923
2019-12-23 06:51:00,0.5422183123389459
2019-12-23 06:54:00,0.42100837380041867
2019-12-23 06:57:00,0.39015505802098005
2019-12-23 07:00:00,0.54148719924342
2019-12-23 07:03:00,0.60824404832033
2019-12-23 07:06:00,0.48815679324553685
2019-12-23 07:09:00,0.4543101740487714
2019-12-23 07:12:00,0.47247122177134315
2019-12-23 07:15:00,0.42848944415726464
2019-12-23 07:18:00,0.44802065929047785
2019-12-23 07:21:00,0.45973402594160007
2019-12-23 07:24:00,0.5147262164027211
2019-12-23 07:27:00,0.493903490162495
2019-12-23 07:30:00,0.4783712057183038
2019-12-23 07:33:00,0.4739763957898617
2019-12-23 07:36:00,0.481085047954366
2019-12-23 07:39:00,0.5330176971768879
2019-12-23 07:42:00,0.4534114151072117
2019-12-23 07:45:00,0.4601930350400494
2019-12-23 07:48:00,0.5422941830623245
2019-12-23 07:51:00,0.39276926007357815
2019-12-23 07:54:00,0.30988134833432923
2019-12-23 07:57:00,0.39336670779925953
2019-12-23 08:00:00,0.4766512287012006
2019-12-23 08:03:00,0.40310819667359965
2019-12-23 08:06:00,0.44033693265112106
2019-12-23 08:09:00,0.36985438166641416
2019-12-23 08:12:00,0.34631468342803373
2019-12-23 08:15:00,0.40532920808249173
2019-12-23 08:18:00,0.342616072907731
2019-12-23 08:21:00,0.3639393103576367
2019-12-23 08:24:00,0.34497525569059917
2019-12-23 08:27:00,0.3536949124534772
2019-12-23 08:30:00,0.26530926893474316
2019-12-23 08:33:00,0.247997820946523
2019-12-23 08:36:00,0.2481689472817834
2019-12-23 08:39:00,0.32996151736040247
2019-12-23 08:42:00,0.22525497664850036
2019-12-23 08:45:00,0.21854412587248362
2019-12-23 08:48:00,0.3522057100908569
2019-12-23 08:51:00,0.2793875589133563
2019-12-23 08:54:00,0.19710221456563204
2019-12-23 08:57:00,0.24107306030276732
2019-12-23 09:00:00,0.27925108078432004
2019-12-23 09:03:00,0.32634987938502036
2019-12-23 09:06:00,0.19130199432771633
2019-12-23 09:09:00,0.11381185820533801
2019-12-23 09:12:00,0.17584654356647889
2019-12-23 09:15:00,0.19929705746517357
2019-12-23 09:18:00,0.28893008956970334
2019-12-23 09:21:00,0.21501727930126435
2019-12-23 09:24:00,0.11052658269170479
2019-12-23 09:27:00,0.1505660625106202
2019-12-23 09:30:00,0.1397541704521359
2019-12-23 09:33:00,0.13210512914685069
2019-12-23 09:36:00,0.08119781360659317
2019-12-23 09:39:00,-0.025983866389140076
2019-12-23 09:42:00,0.08222322535721105
2019-12-23 09:45:00,0.1702516159312495
2019-12-23 09:48:00,0.07086153117450067
2019-12-23 09:51:00,0.1424024908903334
2019-12-23 09:54:00,0.09201392416775889
2019-12-23 09:57:00,0.042721408332170085
2019-12-23 10:00:00,0.08372734987750619
2019-12-23 10:03:00,0.044921203391595554
2019-12-23 10:06:00,0.16460134708034957
2019-12-23 10:09:00,0.09792131160406825
2019-12-23 10:12:00,0.0898646863146837
2019-12-23 10:15:00,0.12596348287189585
2019-12-23 10:18:00,0.11368021951903984
2019-12-23 10:21:00,0.15460255557457003
2019-12-23 10:24:00,0.11556964756061916
2019-12-23 10:27:00,0.054063877749797484
2019-12-23 10:30:00,0.12860732965583566
2019-12-23 10:33:00,0.176337121437939
2019-12-23 10:36:00,0.06858969168257545
2019-12-23 10:39:00,0.18460406280649977
2019-12-23 10:42:00,0.12339586936138858
2019-12-23 10:45:00,0.20570462093826336
2019-12-23 10:48:00,0.22721524027952
2019-12-23 10:51:00,0.06291830268207832
2019-12-23 10:54:00,0.26814497004693294
2019-12-23 10:57:00,0.0962095809432526
2019-12-23 11:00:00,0.1327233683846316
2019-12-23 11:03:00,0.06437142262274165
2019-12-23 11:06:00,0.010559639979419444
2019-12-23 11:09:00,0.059468925503097125
2019-12-23 11:12:00,0.11105595953870306
2019-12-23 11:15:00,0.15949120715629306
2019-12-23 11:18:00,0.16549998950756617
2019-12-23 11:21:00,0.15821203749453616
2019-12-23 11:24:00,0.1719975996007861
2019-12-23 11:27:00,0.18339189780573406
2019-12-23 11:30:00,0.14901555106490605
2019-12-23 11:33:00,0.2932892222094665
2019-12-23 11:36:00,0.045781465654954445
2019-12-23 11:39:00,0.1872731860974568
2019-12-23 11:42:00,0.20113402213416975
2019-12-23 11:45:00,0.12508044993097656
2019-12-23 11:48:00,0.33317746267698567
2019-12-23 11:51:00,0.13843380760658874
2019-12-23 11:54:00,0.20309035374026507
2019-12-23 11:57:00,0.2189334772855318
2019-12-23 12:00:00,0.1809339614677583
2019-12-23 12:03:00,0.22428254778850487
2019-12-23 12:06:00,0.07889720602474881
2019-12-23 12:09:00,0.05458011696066478
2019-12-23 12:12:00,0.0911710571358526
2019-12-23 12:15:00,0.014325551399565484
2019-12-23 12:18:00,0.12878683907445065
2019-12-23 12:21:00,0.19831306352085676
2019-12-23 12:24:00,0.09121421135256469
2019-12-23 12:27:00,0.1512021286874301
2019-12-23 12:30:00,0.08245140971718001
2019-12-23 12:33:00,0.14130066403413366
2019-12-23 12:36:00,0.1193903843922044
2019-12-23 12:39:00,0.03371628169060159
2019-12-23 12:42:00,0.06934558919112987
2019-12-23 12:45:00,0.14138108948623085
2019-12-23 12:48:00,0.16157839197416024
2019-12-23 12:51:00,0.2168332518152738
2019-12-23 12:54:00,0.014003961385014918
2019-12-23 12:57:00,0.1235603584866567
2019-12-23 13:00:00,-0.0579345571446197
2019-12-23 13:03:00,-0.019979402498165655
2019-12-23 13:06:00,-0.03190732551632891
2019-12-23 13:09:00,-0.020609672404305
2019-12-23 13:12:00,0.05587414835031268
2019-12-23 13:15:00,0.08068588171767033
2019-12-23 13:18:00,0.048417946600125106
2019-12-23 13:21:00,0.034515983705034614
2019-12-23 13:24:00,-0.0009020807234492167
2019-12-23 13:27:00,0.0038374454260292623
2019-12-23 13:30:00,0.008795105201556908
2019-12-23 13:33:00,0.07570597167881488
2019-12-23 13:36:00,-0.07492559771026208
2019-12-23 13:39:00,-0.06461057074619703
2019-12-23 13:42:00,0.0947472023670457
2019-12-23 13:45:00,0.025627661807334334
2019-12-23 13:48:00,-0.04549982813927045
2019-12-23 13:51:00,-0.0585906857575651
2019-12-23 13:54:00,-0.033824015337359015
2019-12-23 13:57:00,-0.01634919621363906
2019-12-23 14:00:00,0.03865720553733354
2019-12-23 14:03:00,0.039709279621206406
2019-12-23 14:06:00,0.03327338069738062
2019-12-23 14:09:00,-0.015757743681376724
2019-12-23 14:12:00,-0.05066422601976228
2019-12-23 14:15:00,-0.04281066058229044
2019-12-23 14:18:00,-0.07014055281842957
2019-12-23 14:21:00,-0.037637382006664666
2019-12-23 14:24:00,-0.06934868408961847
2019-12-23 14:27:00,-0.04184902994046524
2019-12-23 14:30:00,-0.0879040769615358
2019-12-23 14:33:00,-0.03610087620148761
2019-12-23 14:36:00,0.07245279680284966
2019-12-23 14:39:00,-0.12157214018640161
2019-12-23 14:42:00,-0.027879091754755336
2019-12-23 14:45:00,-0.07096447982326026
2019-12-23 14:48:00,0.08268634651159346
2019-12-23 14:51:00,0.02024244033748346
2019-12-23 14:54:00,-0.008060206226218725
2019-12-23 14:57:00,0.02250473603822911
2019-12-23 15:00:00,0.03986373108597263
2019-12-23 15:03:00,0.10808542178102698
2019-12-23 15:06:00,0.12914119334720908
2019-12-23 15:09:00,0.07562486688260606
2019-12-23 15:12:00,0.08821548663820522
2019-12-23 15:15:00,-0.0055121926677088595
2019-12-23 15:18:00,-0.042078608774602344
2019-12-23 15:21:00,-0.03551039237606801
2019-12-23 15:24:00,0.031221928571994795
2019-12-23 15:27:00,-0.03828588446287995
2019-12-23 15:30:00,-0.04609629067721244
2019-12-23 15:33:00,0.018178957554823683
2019-12-23 15:36:00,0.011532596347137769
2019-12-23 15:39:00,-0.09088878582593907
2019-12-23 15:42:00,-0.019960128622813045
2019-12-23 15:45:00,0.05402176135908121
2019-12-23 15:48:00,-0.01574817878815793
2019-12-23 15:51:00,-0.0747335758046006
2019-12-23 15:54:00,0.09138478675521355
2019-12-23 15:57:00,0.05062943574444034
2019-12-23 16:00:00,0.0131926532423563
2019-12-23 16:03:00,-0.046503073616690926
2019-12-23 16:06:00,-0.021636103872879175
2019-12-23 16:09:00,0.06764880683687124
2019-12-23 16:12:00,-0.0655109594350165
2019-12-23 16:15:00,-0.03221849323216475
2019-12-23 16:18:00,0.008485884937272203
2019-12-23 16:21:00,0.037731491600141
2019-12-23 16:24:00,-0.0322000409840939
2019-12-23 16:27:00,-0.06482641625780161
2019-12-23 16:30:00,-0.0038699841958305115
2019-12-23 16:33:00,-0.14061549581839472
2019-12-23 16:36:00,0.039704089046438185
2019-12-23 16:39:00,-0.05566059177289162
2019-12-23 16:42:00,-0.03648455513842919
2019-12-23 16:45:00,-0.08897279111414491
2019-12-23 16:48:00,-0.035184210098634594
2019-12-23 16:51:00,-0.004142360641480991
2019-12-23 16:54:00,0.06009992670800557
2019-12-23 16:57:00,-0.004377245926661999
2019-12-23 17:00:00,-0.0035464190870015955
2019-12-23 17:03:00,0.09049903773973256
2019-12-23 17:06:00,0.015558107017454859
2019-12-23 17:09:00,-0.028840211374927094
2019-12-23 17:12:00,0.09117466700939758
2019-12-23 17:15:00,0.0622832430653375
2019-12-23 17:18:00,-0.02356152298136749
2019-12-23 17:21:00,-0.04306531962021154
2019-12-23 17:24:00,0.08266611426455484
2019-12-23 17:27:00,0.11986503480011379
2019-12-23 17:30:00,-0.055608928309823114
2019-12-23 17:33:00,0.054499661192153326
2019-12-23 17:36:00,0.10262306071342664
2019-12-23 17:39:00,0.01844884109573286
2019-12-23 17:42:00,0.04384339850429342
2019-12-23 17:45:00,0.16648381002391943
2019-12-23 17:48:00,-0.017938768162707674
2019-12-23 17:51:00,0.08859023710147085
2019-12-23 17:54:00,0.1374968506814298
2019-12-23 17:57:00,0.07100821594900708
2019-12-23 18:00:00,0.1309017310140348
2019-12-23 18:03:00,0.10453669877853144
2019-12-23 18:06:00,0.11723071468190938
2019-12-23 18:09:00,0.15268734790515737
2019-12-23 18:12:00,0.20985378221206474
2019-12-23 18:15:00,0.14071675552116858
2019-12-23 18:18:00,0.21116935143191995
2019-12-23 18:21:00,0.17612299592377667
2019-12-23 18:24:00,0.1834742495422006
2019-12-23 18:27:00,0.20080363894368247
2019-12-23 18:30:00,0.18983371966896812
2019-12-23 18:33:00,0.1620437326910178
2019-12-23 18:36:00,0.2044257878869189
2019-12-23 18:39:00,0.17710322887734264
2019-12-23 18:42:00,0.21628712472363532
2019-12-23 18:45:00,0.07494069839066242
2019-12-23 18:48:00,0.1635349018122838
2019-12-23 18:51:00,0.15509089175969848
2019-12-23 18:54:00,
2019-12-23 18:57:00,
2019-12-23 19:00:00,
2019-12-23 19:03:00,0.1419927124957212
2019-12-23 19:06:00,0.19407454502686505
2019-12-23 19:09:00,0.1746998064492118
2019-12-23 19:12:00,0.1476389876258395
2019-12-23 19:15:00,0.19873135963166533
2019-12-23 19:18:00,0.17771349859799557
2019-12-23 19:21:00,0.17082217737947758
2019-12-23 19:24:00,0.23391308868372107
2019-12-23 19:27:00,0.16708901314649438
2019-12-23 19:30:00,0.18281535563301077
2019-12-23 19:33:00,0.2138080134625966
2019-12-23 19:36:00,0.19037672981249898
2019-12-23 19:39:00,0.30008024769233543
2019-12-23 19:42:00,0.3317141063639042
2019-12-23 19:45:00,0.2846105641928034
2019-12-23 19:48:00,0.21990615860312346
2019-12-23 19:51:00,0.26998155768927745
2019-12-23 19:54:00,0.3446188862246231
2019-12-23 19:57:00,0.25189120619188543
2019-12-23 20:00:00,0.17805727204381583
2019-12-23 20:03:00,0.20331167045350185
2019-12-23 20:06:00,0.17952179883383224
2019-12-23 20:09:00,0.26685343574735043
2019-12-23 20:12:00,0.22805348351630528
2019-12-23 20:15:00,0.2915993648998665
2019-12-23 20:18:00,0.24746048656282937
2019-12-23 20:21:00,0.36644841697642505
2019-12-23 20:24:00,0.27646857425190774
2019-12-23 20:27:00,0.32271459297936644
2019-12-23 20:30:00,0.3784023831709078
2019-12-23 20:33:00,0.34216425694415875
2019-12-23 20:36:00,0.2646999249760711
2019-12-23 20:39:00,0.41186097654662035
2019-12-23 20:42:00,0.25468409140989934
2019-12-23 20:45:00,0.33499563390699905
2019-12-23 20:48:00,0.3792993900785291
2019-12-23 20:51:00,0.367963625857044
2019-12-23 20:54:00,0.3587976592821178
2019-12-23 20:57:00,0.29978490203598085
2019-12-23 21:00:00,0.3769950928585786
2019-12-23 21:03:00,0.36094017236337095
2019-12-23 21:06:00,0.3475767207514764
2019-12-23 21:09:00,0.4244812577881021
2019-12-23 21:12:00,0.36393106459667024
2019-12-23 21:15:00,0.30357063308559873
2019-12-23 21:18:00,0.32150507145206575
2019-12-23 21:21:00,0.24235421070557095
2019-12-23 21:24:00,0.22210601923285367
2019-12-23 21:27:00,0.28670080224713956
2019-12-23 21:30:00,0.35200242862924824
2019-12-23 21:33:00,0.25152106384706485
2019-12-23 21:36:00,0.3432968370963181
2019-12-23 21:39:00,0.21160158954450026
2019-12-23 21:42:00,0.2676777602322886
2019-12-23 21:45:00,0.2630960616959328
2019-12-23 21:48:00,0.23320572074811707
2019-12-23 21:51:00,0.28389757387054715
2019-12-23 21:54:00,0.21961264635177713
2019-12-23 21:57:00,0.2773558859459513
2019-12-23 22:00:00,0.2699289615167686
2019-12-23 22:03:00,0.260003906306963
2019-12-23 22:06:00,0.24176675090211575
2019-12-23 22:09:00,0.29969417495902917
2019-12-23 22:12:00,0.3461846879229711
2019-12-23 22:15:00,0.32950478244407577
2019-12-23 22:18:00,0.3553444863674713
2019-12-23 22:21:00,0.41026602499846376
2019-12-23 22:24:00,0.4536668638218657
2019-12-23 22:27:00,0.3528562946388547
2019-12-23 22:30:00,0.2771046695893915
2019-12-23 22:33:00,0.3358385441454743
2019-12-23 22:36:00,0.27318914150993123
2019-12-23 22:39:00,0.36217682351360736
2019-12-23 22:42:00,0.41733117139199294
2019-12-23 22:45:00,0.4350418018829032
2019-12-23 22:48:00,0.42125994971803493
2019-12-23 22:51:00,0.405144964485487
2019-12-23 22:54:00,0.3991248460275756
2019-12-23 22:57:00,0.3955006835490167
2019-12-23 23:00:00,0.3824923285985733
2019-12-23 23:03:00,0.3705926721718811
2019-12-23 23:06:00,0.38043286289860134
2019-12-23 23:09:00,0.42385538989935867
2019-12-23 23:12:00,0.37483479940812003
2019-12-23 23:15:00,0.32807897499685623
2019-12-23 23:18:00,0.41773265370818535
2019-12-23 23:21:00,0.27925221949652723
2019-12-23 23:24:00,0.3274491202075751
2019-12-23 23:27:00,0.362093122249064
2019-12-23 23:30:00,0.33408472552827106
2019-12-23 23:33:00,0.24905148634758234
2019-12-23 23:36:00,0.2856486629002575
2019-12-23 23:39:00,0.3004082994721671
2019-12-23 23:42:00,0.23586338581884547
2019-12-23 23:45:00,0.2104317669716238
2019-12-23 23:48:00,0.2553118564142096
2019-12-23 23:51:00,0.33194529540810436
2019-12-23 23:54:00,0.2832785804695277
2019-12-23 23:57:00,0.2961447293167794
2019-12-24 00:00:00,0.40877007837707424
2019-12-24 00:03:00,0.31539741105518715
2019-12-24 00:06:00,0.38108480885614426
2019-12-24 00:09:00,0.36243487178080613
2019-12-24 00:12:00,0.3242733810014897
2019-12-24 00:15:00,0.36532423882948706
2019-12-24 00:18:00,0.3446224633019028
2019-12-24 00:21:00,0.30850773308645785
2019-12-24 00:24:00,0.39323550346932734
2019-12-24 00:27:00,0.3807837751589318
2019-12-24 00:30:00,0.47953259099750767
2019-12-24 00:33:00,0.4461963435791745
2019-12-24 00:36:00,0.5210551237406662
2019-12-24 00:39:00,0.47265399678224185
2019-12-24 00:42:00,0.47201636419612214
2019-12-24 00:45:00,0.43145036041107687
2019-12-24 00:48:00,0.4781764084675615
2019-12-24 00:51:00,0.3619892015732944
2019-12-24 00:54:00,0.44492757703761754
2019-12-24 00:57:00,0.46774152939644864
2019-12-24 01:00:00,0.4929484193012854
2019-12-24 01:03:00,0.40674069201008933
2019-12-24 01:06:00,0.46985036197344243
2019-12-24 01:09:00,0.5061363635692828
2019-12-24 01:12:00,0.42136862062596947
2019-12-24 01:15:00,0.4376818206461053
2019-12-24 01:18:00,0.3747073688660407
2019-12-24 01:21:00,0.36223082179782295
2019-12-24 01:24:00,0.4164052504303868
2019-12-24 01:27:00,0.5032124991764704
2019-12-24 01:30:00,0.4301623974367885
2019-12-24 01:33:00,0.32362654305484284
2019-12-24 01:36:00,0.48884386565367777
2019-12-24 01:39:00,0.42282687267208985
2019-12-24 01:42:00,0.3041305879534093
2019-12-24 01:45:00,0.35152012773534125
2019-12-24 01:48:00,0.35091456857071535
2019-12-24 01:51:00,0.40617373254917766
2019-12-24 01:54:00,0.3197310627194838
2019-12-24 01:57:00,0.3700853821881651
2019-12-24 02:00:00,0.3391331603245362
2019-12-24 02:03:00,0.33056388155654304
2019-12-24 02:06:00,0.3809405542174318
2019-12-24 02:09:00,0.45233987352457916
2019-12-24 02:12:00,0.47577228138106875
2019-12-24 02:15:00,0.45335851022502993
2019-12-24 02:18:00,0.3609372694204467
2019-12-24 02:21:00,0.31092112348176215
2019-12-24 02:24:00,0.3822088929338747
2019-12-24 02:27:00,0.42293238111983555
2019-12-24 02:30:00,0.4664205270387356
2019-12-24 02:33:00,0.5665501353162199
2019-12-24 02:36:00,0.45464053052461395
2019-12-24 02:39:00,0.516602045598006
2019-12-24 02:42:00,0.4259691355370592
2019-12-24 02:45:00,0.428083460951143
2019-12-24 02:48:00,0.44820061109601284
2019-12-24 02:51:00,0.41732951053688794
2019-12-24 02:54:00,0.4188891141915292
2019-12-24 02:57:00,0.4251829057932923
2019-12-24 03:00:00,0.4040272001025187
2019-12-24 03:03:00,0.40608199504367803
2019-12-24 03:06:00,0.4254062984061875
2019-12-24 03:09:00,0.4958516093229832
2019-12-24 03:12:00,0.46324646840992045
2019-12-24 03:15:00,0.5035830297763937
2019-12-24 03:18:00,0.4022521567167132
2019-12-24 03:21:00,0.47546407955593395
2019-12-24 03:24:00,0.46382980503955196
2019-12-24 03:27:00,0.47846689647889207
2019-12-24 03:30:00,0.5045415465857559
2019-12-24 03:33:00,0.4461976330697439
2019-12-24 03:36:00,0.40709622924123323
2019-12-24 03:39:00,0.5689593028751005
2019-12-24 03:42:00,0.4783112884132379
2019-12-24 03:45:00,0.515540084843451
2019-12-24 03:48:00,0.639984538187548
2019-12-24 03:51:00,0.5459794586794828
2019-12-24 03:54:00,0.5409056742151392
2019-12-24 03:57:00,0.5465786640871215
2019-12-24 04:00:00,0.4931873012689607
2019-12-24 04:03:00,0.6200689835429216
2019-12-24 04:06:00,0.4643106101255512
2019-12-24 04:09:00,0.5926519208958325
2019-12-24 04:12:00,0.50708471902675
2019-12-24 04:15:00,0.5274497817231918
2019-12-24 04:18:00,0.5331524398235388
2019-12-24 04:21:00,0.5456635540010097
2019-12-24 04:24:00,0.448334057951854
2019-12-24 04:27:00,0.6031307708857412
2019-12-24 04:30:00,0.5501168845696611
2019-12-24 04:33:00,0.6015653477653018
2019-12-24 04:36:00,0.6308083387403371
2019-12-24 04:39:00,0.6214259052256921
2019-12-24 04:42:00,0.6342588935059439
2019-12-24 04:45:00,0.6085622211440977
2019-12-24 04:48:00,0.5874250215351253
2019-12-24 04:51:00,0.5517635973591837
2019-12-24 04:54:00,0.6503038081350496
2019-12-24 04:57:00,0.6822043163313651
2019-12-24 05:00:00,0.6127487103148042
2019-12-24 05:03:00,0.6583341044733402
2019-12-24 05:06:00,0.7171392058020274
2019-12-24 05:09:00,0.6391394042877323
2019-12-24 05:12:00,0.7130865805291933
2019-12-24 05:15:00,0.6823274232310723
2019-12-24 05:18:00,0.6136327298497122
2019-12-24 05:21:00,0.6901864107578604
2019-12-24 05:24:00,0.6682104986557533
2019-12-24 05:27:00,0.7637868351631596
2019-12-24 05:30:00,0.711397392090305
2019-12-24 05:33:00,0.6587805281597525
2019-12-24 05:36:00,0.7110687579839237
2019-12-24 05:39:00,0.7843939474579429
2019-12-24 05:42:00,0.6785115981255103
2019-12-24 05:45:00,0.6078969278638624
2019-12-24 05:48:00,0.6443552935841694
2019-12-24 05:51:00,0.62764719102654
2019-12-24 05:54:00,0.6950800083478157
2019-12-24 05:57:00,0.5593126822676595
2019-12-24 06:00:00,0.6434091585881561
2019-12-24 06:03:00,0.6404250457661647
2019-12-24 06:06:00,0.6278030015857325
2019-12-24 06:09:00,0.7347898963613488
2019-12-24 06:12:00,0.6643461800214823
2019-12-24 06:15:00,0.6439326408479928
2019-12-24 06:18:00,0.6664150029290568
2019-12-24 06:21:00,0.6031550041195146
2019-12-24 06:24:00,0.650387514170518
2019-12-24 06:27:00,0.692599677268106
2019-12-24 06:30:00,0.7395502437433947
2019-12-24 06:33:00,0.6848445405912003
2019-12-24 06:36:00,0.789212681810227
2019-12-24 06:39:00,0.6445979271410351
2019-12-24 06:42:00,0.7917267815754485
2019-12-24 06:45:00,0.759808037744051
2019-12-24 06:48:00,0.7429927474634042
2019-12-24 06:51:00,0.6996573455037947
2019-12-24 06:54:00,0.6108822370723601
2019-12-24 06:57:00,0.7090162265184858
2019-12-24 07:00:00,0.7395007370795383
2019-12-24 07:03:00,0.6666274118922502
2019-12-24 07:06:00,0.6701242966045129
2019-12-24 07:09:00,0.7550014213502436
2019-12-24 07:12:00,0.7247793888219576
2019-12-24 07:15:00,0.710467311248749
2019-12-24 07:18:00,0.7198670774474749
2019-12-24 07:21:00,0.7061930428050118
2019-12-24 07:24:00,0.7503173327006039
2019-12-24 07:27:00,0.7127850959405464
2019-12-24 07:30:00,0.5736498086963024
2019-12-24 07:33:00,0.7393719635617799
2019-12-24 07:36:00,0.7044477676355427
2019-12-24 07:39:00,0.6088081071864053
2019-12-24 07:42:00,0.5989385306074837
2019-12-24 07:45:00,0.6549798097606185
2019-12-24 07:48:00,0.6592990119341948
2019-12-24 07:51:00,0.6602254599588946
2019-12-24 07:54:00,0.6372079145641578
2019-12-24 07:57:00,0.6871257034189853
2019-12-24 08:00:00,0.6781159858973069
2019-12-24 08:03:00,0.648754584610117
2019-12-24 08:06:00,0.5602104023522543
2019-12-24 08:09:00,0.5286561219511441
2019-12-24 08:12:00,0.5581234861311373
2019-12-24 08:15:00,0.5687922219499342
2019-12-24 08:18:00,0.6016777594746259
2019-12-24 08:21:00,0.47559000439190413
2019-12-24 08:24:00,0.5233607992990983
2019-12-24 08:27:00,0.5627963918440742
2019-12-24 08:30:00,0.3920006703262402
2019-12-24 08:33:00,0.4196467454498247
2019-12-24 08:36:00,0.5033162098795856
2019-12-24 08:39:00,0.4426271899322387
2019-12-24 08:42:00,0.47842551589309323
2019-12-24 08:45:00,0.3836333391283233
2019-12-24 08:48:00,0.3850640795056961
2019-12-24 08:51:00,0.3846897290761717
2019-12-24 08:54:00,0.3296548806591204
2019-12-24 08:57:00,0.39006800435032574
2019-12-24 09:00:00,0.3044888325193824
2019-12-24 09:03:00,0.31988938690807345
2019-12-24 09:06:00,0.31213171541378415
2019-12-24 09:09:00,0.340059745111148
2019-12-24 09:12:00,0.3077996003382282
2019-12-24 09:15:00,0.3064887390335116
2019-12-24 09:18:00,0.30122980345532824
2019-12-24 09:21:00,0.22781151970099245
2019-12-24 09:24:00,0.2500451492858815
2019-12-24 09:27:00,0.17136385082932293
2019-12-24 09:30:00,0.18656741350309858
2019-12-24 09:33:00,0.15299165295840567
2019-12-24 09:36:00,0.1301545812278846
2019-12-24 09:39:00,0.11002690787637448
2019-12-24 09:42:00,0.26294652512706307
2019-12-24 09:45:00,0.19515208444130394
2019-12-24 09:48:00,0.18564525946192134
2019-12-24 09:51:00,0.17619566045283364
2019-12-24 09:54:00,0.24375284649977402
2019-12-24 09:57:00,0.13392752532246277
2019-12-24 10:00:00,0.15457791170547353
2019-12-24 10:03:00,0.09366447755485297
2019-12-24 10:06:00,0.11266407539909551
2019-12-24 10:09:00,0.0829836277204663
2019-12-24 10:12:00,0.1327641253306524
2019-12-24 10:15:00,0.13814650807159978
2019-12-24 10:18:00,0.11369953287294265
2019-12-24 10:21:00,0.18513854839710575
2019-12-24 10:24:00,0.10523401374416608
2019-12-24 10:27:00,0.010145134000993039
2019-12-24 10:30:00,0.060648053229556353
2019-12-24 10:33:00,0.10930632942353213
2019-12-24 10:36:00,0.05236023036820825
2019-12-24 10:39:00,0.02710029606828357
2019-12-24 10:42:00,0.08419644708908436
2019-12-24 10:45:00,0.06606812110049987
2019-12-24 10:48:00,0.18653221944367715
2019-12-24 10:51:00,0.07353173981334749
2019-12-24 10:54:00,0.0884457355304562
2019-12-24 10:57:00,-0.00851968609930509
2019-12-24 11:00:00,0.12257973183346849
2019-12-24 11:03:00,-0.010208685841462284
2019-12-24 11:06:00,0.016915320243754195
2019-12-24 11:09:00,0.09624871020150749
2019-12-24 11:12:00,0.06678427264643005
2019-12-24 11:15:00,0.09552276406327564
2019-12-24 11:18:00,0.06428152421614186
2019-12-24 11:21:00,0.059426110420361056
2019-12-24 11:24:00,0.06871714913307869
2019-12-24 11:27:00,-0.059410113949752485
2019-12-24 11:30:00,-0.1294409930857796
2019-12-24 11:33:00,-0.030852597864509335
2019-12-24 11:36:00,-0.05958352923033772
2019-12-24 11:39:00,-0.09473520496140964
2019-12-24 11:42:00,-0.022330272775320736
2019-12-24 11:45:00,0.03192825229405116
2019-12-24 11:48:00,0.04864690767811908
2019-12-24 11:51:00,-0.055386964312845066
2019-12-24 11:54:00,-0.1130629064259665
2019-12-24 11:57:00,0.017728243403610122
2019-12-24 12:00:00,0.0030930708161349685
2019-12-24 12:03:00,-0.04011792414729598
2019-12-24 12:06:00,-0.019583912400719328
2019-12-24 12:09:00,0.026789415334633304
2019-12-24 12:12:00,-0.10280084699166991
2019-12-24 12:15:00,0.024557954746455835
2019-12-24 12:18:00,-0.1272547718733108
2019-12-24 12:21:00,-0.09860596840826474
2019-12-24 12:24:00,-0.01136450929249122
2019-12-24 12:27:00,0.058341847439862704
2019-12-24 12:30:00,0.025062622704126625
2019-12-24 12:33:00,-0.09699931446169785
2019-12-24 12:36:00,-0.10488804710092836
2019-12-24 12:39:00,-0.09480784438602541
2019-12-24 12:42:00,-0.025765287740455278
2019-12-24 12:45:00,-0.03078590370978418
2019-12-24 12:48:00,-0.0908649621837867
2019-12-24 12:51:00,0.003649438157424356
2019-12-24 12:54:00,-0.055261474257633836
2019-12-24 12:57:00,-0.03723693281085616
2019-12-24 13:00:00,-0.11813285422960007
2019-12-24 13:03:00,-0.12562052980172211
2019-12-24 13:06:00,-0.1133293565780491
2019-12-24 13:09:00,-0.05820878234550264
2019-12-24 13:12:00,0.04119214864681453
2019-12-24 13:15:00,-0.15638225910561232
2019-12-24 13:18:00,-0.15699225345349532
2019-12-24 13:21:00,-0.1554666678034664
2019-12-24 13:24:00,-0.1735531290494805
2019-12-24 13:27:00,-0.16676989454839486
2019-12-24 13:30:00,-0.12123444737886757
2019-12-24 13:33:00,-0.09199957714474749
2019-12-24 13:36:00,-0.08673387290906476
2019-12-24 13:39:00,-0.10549048708867304
2019-12-24 13:42:00,-0.20594361363237113
2019-12-24 13:45:00,-0.15689049329904492
2019-12-24 13:48:00,-0.22966908911547534
2019-12-24 13:51:00,-0.19210680586553508
2019-12-24 13:54:00,-0.1380996495997806
2019-12-24 13:57:00,-0.15178013898736253
2019-12-24 14:00:00,-0.1659523505294942
2019-12-24 14:03:00,-0.16676292948187665
2019-12-24 14:06:00,-0.1523668422092328
2019-12-24 14:09:00,-0.14738148525782435
2019-12-24 14:12:00,-0.11762433969306585
2019-12-24 14:15:00,-0.18827441262641287
2019-12-24 14:18:00,-0.15917839212386298
2019-12-24 14:21:00,-0.10511455782290113
2019-12-24 14:24:00,-0.03379773001830699
2019-12-24 14:27:00,-0.07182337056786992
2019-12-24 14:30:00,-0.17959217482638223
2019-12-24 14:33:00,-0.061336816539551364
2019-12-24 14:36:00,-0.05660272295295954
2019-12-24 14:39:00,-0.1353478640209005
2019-12-24 14:42:00,-0.11477895967402674
2019-12-24 14:45:00,-0.20361290576875035
2019-12-24 14:48:00,-0.16716145232231838
2019-12-24 14:51:00,-0.15607645719614993
2019-12-24 14:54:00,-0.09980711577395596
2019-12-24 14:57:00,-0.1962176205129822
2019-12-24 15:00:00,-0.2222246012747746
2019-12-24 15:03:00,-0.1422489212376945
2019-12-24 15:06:00,-0.06952129703154242
2019-12-24 15:09:00,-0.08269104531649418
2019-12-24 15:12:00,-0.16287983504673775
2019-12-24 15:15:00,-0.1778444346410879
2019-12-24 15:18:00,-0.31680265829282916
2019-12-24 15:21:00,-0.23365114046237068
2019-12-24 15:24:00,-0.1014547865929103
2019-12-24 15:27:00,-0.12814982295134314
2019-12-24 15:30:00,-0.16039943813672153
2019-12-24 15:33:00,-0.16331650284342913
2019-12-24 15:36:00,-0.2702874755014477
2019-12-24 15:39:00,-0.07418427679749584
2019-12-24 15:42:00,-0.058577845120112215
2019-12-24 15:45:00,-0.10491957655517581
2019-12-24 15:48:00,-0.1557395368787411
2019-12-24 15:51:00,-0.2479420173153244
2019-12-24 15:54:00,-0.08072491804125548
2019-12-24 15:57:00,-0.10870701124616744
2019-12-24 16:00:00,-0.09675632270699452
2019-12-24 16:03:00,-0.13951128612109187
2019-12-24 16:06:00,-0.03708585690202426
2019-12-24 16:09:00,-0.13103918755444965
2019-12-24 16:12:00,-0.24549767997660865
2019-12-24 16:15:00,0.016586405479813493
2019-12-24 16:18:00,-0.001679051097255524
2019-12-24 16:21:00,-0.11452946353404059
2019-12-24 16:24:00,-0.10466074247005963
2019-12-24 16:27:00,-0.11214238124154008
2019-12-24 16:30:00,-0.03531520613950079
2019-12-24 16:33:00,0.03057682808065465
2019-12-24 16:36:00,0.0034115536805074953
2019-12-24 16:39:00,0.02225662672992712
2019-12-24 16:42:00,0.02220440717536576
2019-12-24 16:45:00,-0.024746622131431195
2019-12-24 16:48:00,0.07820390670173083
2019-12-24 16:51:00,0.0639092323626187
2019-12-24 16:54:00,0.03351436825118981
2019-12-24 16:57:00,0.058044742568597485
2019-12-24 17:00:00,0.011070796684862216
2019-12-24 17:03:00,0.12995384343554406
2019-12-24 17:06:00,-0.00915062255222665
2019-12-24 17:09:00,0.0903045188712781
2019-12-24 17:12:00,-0.0033644177452174517
2019-12-24 17:15:00,0.018925633920162
2019-12-24 17:18:00,-0.029339502840230125
2019-12-24 17:21:00,0.033382832564086584
2019-12-24 17:24:00,0.0547383786540081
2019-12-24 17:27:00,-0.07100667594744436
2019-12-24 17:30:00,0.05574192707342718
2019-12-24 17:33:00,-0.024319783179350907
2019-12-24 17:36:00,-0.09141181231831297
2019-12-24 17:39:00,-0.03643376402925469
2019-12-24 17:42:00,0.07426856366078027
2019-12-24 17:45:00,-0.08940627046325744
2019-12-24 17:48:00,0.06610869581567158
2019-12-24 17:51:00,0.09619296736570959
2019-12-24 17:54:00,-0.018559437771443754
2019-12-24 17:57:00,0.15394832617880638
2019-12-24 18:00:00,0.05006847683370097
2019-12-24 18:03:00,-0.10805964073404084
2019-12-24 18:06:00,0.00033781789261411177
2019-12-24 18:09:00,0.020010756867975488
2019-12-24 18:12:00,0.11113414247023456
2019-12-24 18:15:00,0.05798058216021218
2019-12-24 18:18:00,0.051888608391209345
2019-12-24 18:21:00,0.0018165529007205805
2019-12-24 18:24:00,0.13023378010746
2019-12-24 18:27:00,0.11923639628116689
2019-12-24 18:30:00,0.11598821596521702
2019-12-24 18:33:00,0.06767315943062613
2019-12-24 18:36:00,0.24528582247882014
2019-12-24 18:39:00,0.06960383246723723
2019-12-24 18:42:00,0.17383383389147866
2019-12-24 18:45:00,0.16074956334426815
2019-12-24 18:48:00,0.22561993720142937
2019-12-24 18:51:00,0.20300235436258163
2019-12-24 18:54:00,
2019-12-24 18:57:00,
2019-12-24 19:00:00,
2019-12-24 19:03:00,0.2199231512642541
2019-12-24 19:06:00,0.17334024338680365
2019-12-24 19:09:00,0.21869124334926937
2019-12-24 19:12:00,0.14901403215179698
2019-12-24 19:15:00,0.21345993045787282
2019-12-24 19:18:00,0.19266965734169617
2019-12-24 19:21:00,0.21433328712203092
2019-12-24 19:24:00,0.14402837398978363
2019-12-24 19:27:00,0.20704733323208302
2019-12-24 19:30:00,0.26465820031580733
2019-12-24 19:33:00,0.21805505072040887
2019-12-24 19:36:00,0.33326153797452207
2019-12-24 19:39:00,0.21732998835415174
2019-12-24 19:42:00,0.1539223397854812
2019-12-24 19:45:00,0.2284038376218973
2019-12-24 19:48:00,0.16532777587224246
2019-12-24 19:51:00,0.16745913835006832
2019-12-24 19:54:00,0.14596894625520918
2019-12-24 19:57:00,0.2139366387917221
2019-12-24 20:00:00,0.2891586682457614
2019-12-24 20:03:00,0.21524138910905322
2019-12-24 20:06:00,0.15249145825970345
2019-12-24 20:09:00,0.1316583616176672
2019-12-24 20:12:00,0.11694087845779677
2019-12-24 20:15:00,0.27497031975536856
2019-12-24 20:18:00,0.28369066519508124
2019-12-24 20:21:00,0.21416667359238772
2019-12-24 20:24:00,0.1587998068942511
2019-12-24 20:27:00,0.21610958014309745
2019-12-24 20:30:00,0.2066907563690279
2019-12-24 20:33:00,0.16074904960271397
2019-12-24 20:36:00,0.17661773171488448
2019-12-24 20:39:00,0.34004635780269155
2019-12-24 20:42:00,0.23739692908060306
2019-12-24 20:45:00,0.35820462991898694
2019-12-24 20:48:00,0.22791824977292663
2019-12-24 20:51:00,0.1778279520027013
2019-12-24 20:54:00,0.29080870739528564
2019-12-24 20:57:00,0.32780493744814976
2019-12-24 21:00:00,0.32715820117607564
2019-12-24 21:03:00,0.32618621098691847
2019-12-24 21:06:00,0.3113432489798811
2019-12-24 21:09:00,0.29240717477301814
2019-12-24 21:12:00,0.2897637656504344
2019-12-24 21:15:00,0.33989261441553253
2019-12-24 21:18:00,0.2102975513626575
2019-12-24 21:21:00,0.3480519236151167
2019-12-24 21:24:00,0.2524889557016081
2019-12-24 21:27:00,0.2637070416857341
2019-12-24 21:30:00,0.31727204984036916
2019-12-24 21:33:00,0.3228622124523781
2019-12-24 21:36:00,0.273599780902714
2019-12-24 21:39:00,0.2647460007876816
2019-12-24 21:42:00,0.28356584759728776
2019-12-24 21:45:00,0.29211979305205205
2019-12-24 21:48:00,0.2850022794817164
2019-12-24 21:51:00,0.24503825865099316
2019-12-24 21:54:00,0.35539408860142885
2019-12-24 21:57:00,0.1474728722597547
2019-12-24 22:00:00,0.2744065548085928
2019-12-24 22:03:00,0.2837563013161457
2019-12-24 22:06:00,0.2675888678924707
2019-12-24 22:09:00,0.2963464783298946
2019-12-24 22:12:00,0.3443523524193779
2019-12-24 22:15:00,0.2874856116720821
2019-12-24 22:18:00,0.27094540816347035
2019-12-24 22:21:00,0.3050489161629457
2019-12-24 22:24:00,0.2723793981802487
2019-12-24 22:27:00,0.2497538697112418
2019-12-24 22:30:00,0.2152362722601424
2019-12-24 22:33:00,0.32555983145743994
2019-12-24 22:36:00,0.21063412150664362
2019-12-24 22:39:00,0.22573437287900333
2019-12-24 22:42:00,0.24568679587900988
2019-12-24 22:45:00,0.265120634711252
2019-12-24 22:48:00,0.19002210364925531
2019-12-24 22:51:00,0.20320937368819614
2019-12-24 22:54:00,0.23004625452642813
2019-12-24 22:57:00,0.20436455118044705
2019-12-24 23:00:00,0.3443408738343692
2019-12-24 23:03:00,0.2858480414528799
2019-12-24 23:06:00,0.30921160455892505
2019-12-24 23:09:00,0.27392905118625777
2019-12-24 23:12:00,0.3185608073825392
2019-12-24 23:15:00,0.31937403794137253
2019-12-24 23:18:00,0.35272625283465686
2019-12-24 23:21:00,0.33587155639759203
2019-12-24 23:24:00,0.35829067688905525
2019-12-24 23:27:00,0.3902226996061131
2019-12-24 23:30:00,0.2913964427607425
2019-12-24 23:33:00,0.2686900750982204
2019-12-24 23:36:00,0.3266813497755834
2019-12-24 23:39:00,0.3297828675913479
2019-12-24 23:42:00,0.3902366574022835
2019-12-24 23:45:00,0.4065266831545955
2019-12-24 23:48:00,0.4197041747778485
2019-12-24 23:51:00,0.34509204184655573
2019-12-24 23:54:00,0.3011500441699013
2019-12-24 23:57:00,0.291560396368709
2019-12-25 00:00:00,0.39602827353138537
2019-12-25 00:03:00,0.4052183352511065
2019-12-25 00:06:00,0.30388757170481995
2019-12-25 00:09:00,0.38870431471275424
2019-12-25 00:12:00,0.47592294408724456
2019-12-25 00:15:00,0.437085570747513
2019-12-25 00:18:00,0.44852659255928984
2019-12-25 00:21:00,0.4033481253264313
2019-12-25 00:24:00,0.45866743248234343
2019-12-25 00:27:00,0.4653210451061227
2019-12-25 00:30:00,0.33431619395724965
2019-12-25 00:33:00,0.41464574587524794
2019-12-25 00:36:00,0.4080293853393755
2019-12-25 00:39:00,0.35000275280373216
2019-12-25 00:42:00,0.4144727235456571
2019-12-25 00:45:00,0.32571820594313294
2019-12-25 00:48:00,0.4021423399850619
2019-12-25 00:51:00,0.40161917521186297
2019-12-25 00:54:00,0.4221022400556649
2019-12-25 00:57:00,0.39427152008130406
2019-12-25 01:00:00,0.3816654269607511
2019-12-25 01:03:00,0.21510278062100952
2019-12-25 01:06:00,0.3917096937757947
2019-12-25 01:09:00,0.4553436627546148
2019-12-25 01:12:00,0.4625590530149566
2019-12-25 01:15:00,0.4317365045758379
2019-12-25 01:18:00,0.35502126295909875
2019-12-25 01:21:00,0.5083135609382907
2019-12-25 01:24:00,0.4629746888757609
2019-12-25 01:27:00,0.3689506015782058
2019-12-25 01:30:00,0.5521369943787136
2019-12-25 01:33:00,0.35784477183227636
2019-12-25 01:36:00,0.3139556227952198
2019-12-25 01:39:00,0.30604185829253083
2019-12-25 01:42:00,0.4325779599450925
2019-12-25 01:45:00,0.25400590257379463
2019-12-25 01:48:00,0.35396129441744506
2019-12-25 01:51:00,0.28976671025560563
2019-12-25 01:54:00,0.2856456945547734
2019-12-25 01:57:00,0.2799324381222732
2019-12-25 02:00:00,0.3157060158355307
2019-12-25 02:03:00,0.34842945595255514
2019-12-25 02:06:00,0.3711678340690696
2019-12-25 02:09:00,0.41494336286820044
2019-12-25 02:12:00,0.3546720948754114
2019-12-25 02:15:00,0.38677578534094437
2019-12-25 02:18:00,0.31168485105774835
2019-12-25 02:21:00,0.39271780174641435
2019-12-25 02:24:00,0.3555207105816294
2019-12-25 02:27:00,0.38566581086109863
2019-12-25 02:30:00,0.4319225115895051
2019-12-25 02:33:00,0.4403427657260295
2019-12-25 02:36:00,0.4684165414843733
2019-12-25 02:39:00,0.4225831909231488
2019-12-25 02:42:00,0.3773841306930876
2019-12-25 02:45:00,0.43357007382644497
2019-12-25 02:48:00,0.3531368207271157
2019-12-25 02:51:00,0.4987459164448751
2019-12-25 02:54:00,0.3304209213320064
2019-12-25 02:57:00,0.38510955193032714
2019-12-25 03:00:00,0.33952979156993024
2019-12-25 03:03:00,0.4559739702303318
2019-12-25 03:06:00,0.4247123224827192
2019-12-25 03:09:00,0.3758579955559753
2019-12-25 03:12:00,0.4602877462538686
2019-12-25 03:15:00,0.39574900848094785
2019-12-25 03:18:00,0.4221037317747687
2019-12-25 03:21:00,0.2937927259666253
2019-12-25 03:24:00,0.3810219569709261
2019-12-25 03:27:00,0.4621713783943733
2019-12-25 03:30:00,0.3602909491254991
2019-12-25 03:33:00,0.35916735112311926
2019-12-25 03:36:00,0.3591951052438276
2019-12-25 03:39:00,0.42336774917652065
2019-12-25 03:42:00,0.40609658067143073
2019-12-25 03:45:00,0.4229827379934932
2019-12-25 03:48:00,0.4134652071161895
2019-12-25 03:51:00,0.36377278498633814
2019-12-25 03:54:00,0.3627492496441391
2019-12-25 03:57:00,0.2849684350802022
2019-12-25 04:00:00,0.4423683446404425
2019-12-25 04:03:00,0.4301524096161984
2019-12-25 04:06:00,0.43041758393201235
2019-12-25 04:09:00,0.42591865223135983
2019-12-25 04:12:00,0.4547998623235685
2019-12-25 04:15:00,0.42976047439373133
2019-12-25 04:18:00,0.5211380279019977
2019-12-25 04:21:00,0.5134143609779471
2019-12-25 04:24:00,0.4734203274612696
2019-12-25 04:27:00,0.3876303966978867
2019-12-25 04:30:00,0.4425442851137973
2019-12-25 04:33:00,0.3591083049172994
2019-12-25 04:36:00,0.5368525278151424
2019-12-25 04:39:00,0.32199178765432634
2019-12-25 04:42:00,0.39514657947569276
2019-12-25 04:45:00,0.013915262707030251
2019-12-25 04:48:00,0.4459187987912969
2019-12-25 04:51:00,0.43420423071125924
2019-12-25 04:54:00,0.4376682422263798
2019-12-25 04:57:00,0.48605226407369173
2019-12-25 05:00:00,0.40739090245426723
2019-12-25 05:03:00,0.4019929686467094
2019-12-25 05:06:00,0.3947082518475895
2019-12-25 05:09:00,0.42934139850939346
2019-12-25 05:12:00,0.43138749376061014
2019-12-25 05:15:00,0.5469334268265129
2019-12-25 05:18:00,0.5094429837707253
2019-12-25 05:21:00,0.526837281131634
2019-12-25 05:24:00,0.5740305100738397
2019-12-25 05:27:00,0.6255164672471665
2019-12-25 05:30:00,0.5979549929743371
2019-12-25 05:33:00,0.6562181391025206
2019-12-25 05:36:00,0.5172979065785057
2019-12-25 05:39:00,0.6192363486334784
2019-12-25 05:42:00,0.5181429406071629
2019-12-25 05:45:00,0.5866547378648761
2019-12-25 05:48:00,0.604317242975128
2019-12-25 05:51:00,0.6713710701286004
2019-12-25 05:54:00,0.5943743879416274
2019-12-25 05:57:00,0.665328341223983
2019-12-25 06:00:00,0.5146670744570088
2019-12-25 06:03:00,0.6276678703862899
2019-12-25 06:06:00,0.5702172868983553
2019-12-25 06:09:00,0.6061024678002127
2019-12-25 06:12:00,0.6144301694212118
2019-12-25 06:15:00,0.6030240442790955
2019-12-25 06:18:00,0.6066445130826423
2019-12-25 06:21:00,0.5141535580557957
2019-12-25 06:24:00,0.6162834870427218
2019-12-25 06:27:00,0.5855050638917305
2019-12-25 06:30:00,0.5516745699288208
2019-12-25 06:33:00,0.5679650213271543
2019-12-25 06:36:00,0.4996374836341033
2019-12-25 06:39:00,0.4779263809607528
2019-12-25 06:42:00,0.435532787683826
2019-12-25 06:45:00,0.5703126042690769
2019-12-25 06:48:00,0.39806828830694485
2019-12-25 06:51:00,0.536243471637647
2019-12-25 06:54:00,0.5595093681935737
2019-12-25 06:57:00,0.49858211041998857
2019-12-25 07:00:00,0.5486980604741234
2019-12-25 07:03:00,0.565585165242851
2019-12-25 07:06:00,0.5292555055694947
2019-12-25 07:09:00,0.516786519368452
2019-12-25 07:12:00,0.5664467928486374
2019-12-25 07:15:00,0.5559843214484772
2019-12-25 07:18:00,0.4948027475172694
2019-12-25 07:21:00,0.5196995643509581
2019-12-25 07:24:00,0.503832648586183
2019-12-25 07:27:00,0.48766796466543383
2019-12-25 07:30:00,0.46437272067828417
2019-12-25 07:33:00,0.4602092918303242
2019-12-25 07:36:00,0.37978788492000604
2019-12-25 07:39:00,0.503704336315991
2019-12-25 07:42:00,0.4519804134578749
2019-12-25 07:45:00,0.470020009375844
2019-12-25 07:48:00,0.505493044813079
2019-12-25 07:51:00,0.5703033266344733
2019-12-25 07:54:00,0.45913267460662155
2019-12-25 07:57:00,0.4328617986955692
2019-12-25 08:00:00,0.4680128857505679
2019-12-25 08:03:00,0.45297142641658183
2019-12-25 08:06:00,0.4364344634795998
2019-12-25 08:09:00,0.48114765726927544
2019-12-25 08:12:00,0.4643308965429469
2019-12-25 08:15:00,0.4563586775245767
2019-12-25 08:18:00,0.46102719455535635
2019-12-25 08:21:00,0.41420198874243397
2019-12-25 08:24:00,0.3519314094966717
2019-12-25 08:27:00,0.4090090209654704
2019-12-25 08:30:00,0.28339878724295886
2019-12-25 08:33:00,0.47694387256137816
2019-12-25 08:36:00,0.4396518210623981
2019-12-25 08:39:00,0.3596695299019075
2019-12-25 08:42:00,0.2949819844851618
2019-12-25 08:45:00,0.37888525872944
2019-12-25 08:48:00,0.37409635767744476
2019-12-25 08:51:00,0.313066402371021
2019-12-25 08:54:00,0.30540764728772274
2019-12-25 08:57:00,0.3337619454172227
2019-12-25 09:00:00,0.2990698909910634
2019-12-25 09:03:00,0.26686859319920586
2019-12-25 09:06:00,0.1437717967614276
2019-12-25 09:09:00,0.3429175859108682
2019-12-25 09:12:00,0.3754152669090445
2019-12-25 09:15:00,0.1907611344733482
2019-12-25 09:18:00,0.2704262697094464
2019-12-25 09:21:00,0.2827361398404946
2019-12-25 09:24:00,0.2929948414432033
2019-12-25 09:27:00,0.28352333390813556
2019-12-25 09:30:00,0.29945082098532794
2019-12-25 09:33:00,0.24867286253282828
2019-12-25 09:36:00,0.3210841519426708
2019-12-25 09:39:00,0.24333708303339563
2019-12-25 09:42:00,0.27965654993948874
2019-12-25 09:45:00,0.1933345912274831
2019-12-25 09:48:00,0.11072251499854247
2019-12-25 09:51:00,0.057229327370578176
2019-12-25 09:54:00,0.16204325488774884
2019-12-25 09:57:00,0.11241235931333904
2019-12-25 10:00:00,0.12214924428315044
2019-12-25 10:03:00,0.10114553075203503
2019-12-25 10:06:00,0.16468926646911086
2019-12-25 10:09:00,0.14932218947933507
2019-12-25 10:12:00,0.16182275164737803
2019-12-25 10:15:00,0.17154173264043493
2019-12-25 10:18:00,0.1037917808340012
2019-12-25 10:21:00,0.13737855146155198
2019-12-25 10:24:00,0.12069238501277368
2019-12-25 10:27:00,0.12721511030963484
2019-12-25 10:30:00,0.15339219076918198
2019-12-25 10:33:00,0.1540545586431108
2019-12-25 10:36:00,0.17716507054768726
2019-12-25 10:39:00,0.08472152055799143
2019-12-25 10:42:00,0.043257035946624
2019-12-25 10:45:00,0.12754904628747
2019-12-25 10:48:00,0.014860405987747072
2019-12-25 10:51:00,0.05197814976861537
2019-12-25 10:54:00,0.0742440925810115
2019-12-25 10:57:00,0.0633400523538512
2019-12-25 11:00:00,0.10123858746499081
2019-12-25 11:03:00,0.1263326905888107
2019-12-25 11:06:00,0.13229821353553461
2019-12-25 11:09:00,0.10581828151265427
2019-12-25 11:12:00,0.0644154377773134
2019-12-25 11:15:00,0.17735163616674754
2019-12-25 11:18:00,0.13334471947729298
2019-12-25 11:21:00,0.14866313185621038
2019-12-25 11:24:00,0.18684804578720104
2019-12-25 11:27:00,0.24671487719285778
2019-12-25 11:30:00,0.14974248673252077
2019-12-25 11:33:00,0.28702657673193244
2019-12-25 11:36:00,0.11122431954197509
2019-12-25 11:39:00,0.12356435629919815
2019-12-25 11:42:00,0.11896962721755244
2019-12-25 11:45:00,0.02553840134658003
2019-12-25 11:48:00,0.09300125787478919
2019-12-25 11:51:00,0.042953280285075834
2019-12-25 11:54:00,0.12376542101827681
2019-12-25 11:57:00,-0.04180254392161942
2019-12-25 12:00:00,0.02797030763838393
2019-12-25 12:03:00,0.18886042131828162
2019-12-25 12:06:00,-0.040811764681564
2019-12-25 12:09:00,0.02257951328829222
2019-12-25 12:12:00,0.00789044824028906
2019-12-25 12:15:00,0.1272775544621254
2019-12-25 12:18:00,-0.11370282071521842
2019-12-25 12:21:00,-0.10075655559819552
2019-12-25 12:24:00,-0.08880245562664868
2019-12-25 12:27:00,0.0023325514525822655
2019-12-25 12:30:00,-0.014439250585269292
2019-12-25 12:33:00,0.01541908124204383
2019-12-25 12:36:00,-0.008167881922815923
2019-12-25 12:39:00,-0.13376908429899004
2019-12-25 12:42:00,-0.009948452733624435
2019-12-25 12:45:00,-0.04309674075972225
2019-12-25 12:48:00,-0.07696603130142421
2019-12-25 12:51:00,-0.04210350950438624
2019-12-25 12:54:00,0.03329299675345965
2019-12-25 12:57:00,-0.13791472304785657
2019-12-25 13:00:00,-0.17369784906503583
2019-12-25 13:03:00,-0.06113923649076014
2019-12-25 13:06:00,-0.06545132055788372
2019-12-25 13:09:00,-0.06571046341912279
2019-12-25 13:12:00,-0.09519256188599456
2019-12-25 13:15:00,-0.062243747828176765
2019-12-25 13:18:00,-0.11568862600512375
2019-12-25 13:21:00,-0.06143371620464677
2019-12-25 13:24:00,-0.055621780898661655
2019-12-25 13:27:00,-0.1834837997632235
2019-12-25 13:30:00,-0.07632966851684841
2019-12-25 13:33:00,-0.05587961237847594
2019-12-25 13:36:00,-0.12205226545006553
2019-12-25 13:39:00,-0.08780199444885284
2019-12-25 13:42:00,-0.10404114161764255
2019-12-25 13:45:00,-0.07298635278476695
2019-12-25 13:48:00,-0.20638109470399968
2019-12-25 13:51:00,-0.12658533089978619
2019-12-25 13:54:00,-0.11518045838153057
2019-12-25 13:57:00,-0.13863430745948335
2019-12-25 14:00:00,-0.01803529332414655
2019-12-25 14:03:00,-0.050197255464183854
2019-12-25 14:06:00,0.01900635238155246
2019-12-25 14:09:00,-0.069957337912399
2019-12-25 14:12:00,-0.11504787976866737
2019-12-25 14:15:00,-0.021060123565007416
2019-12-25 14:18:00,0.06537993013915866
2019-12-25 14:21:00,-0.035467540123875096
2019-12-25 14:24:00,0.006081448825852931
2019-12-25 14:27:00,0.05538171935000946
2019-12-25 14:30:00,-0.00358749964090066
2019-12-25 14:33:00,-0.0027127978705721034
2019-12-25 14:36:00,0.03293776365586609
2019-12-25 14:39:00,0.12573056579543618
2019-12-25 14:42:00,0.016002002381299008
2019-12-25 14:45:00,-0.05021490725334843
2019-12-25 14:48:00,-0.06637914549429524
2019-12-25 14:51:00,0.020893385217334526
2019-12-25 14:54:00,0.056475695005303805
2019-12-25 14:57:00,0.0724269221105942
2019-12-25 15:00:00,0.07419437313097887
2019-12-25 15:03:00,0.08956949185221674
2019-12-25 15:06:00,0.14043836019112632
2019-12-25 15:09:00,0.12916796923309448
2019-12-25 15:12:00,0.19175490065816803
2019-12-25 15:15:00,0.22559736956606002
2019-12-25 15:18:00,0.09287405000338822
2019-12-25 15:21:00,0.11901543884152943
2019-12-25 15:24:00,0.15969495389640542
2019-12-25 15:27:00,0.16037292177350082
2019-12-25 15:30:00,0.04543000129143593
2019-12-25 15:33:00,0.13072462436764454
2019-12-25 15:36:00,0.11698914195045518
2019-12-25 15:39:00,0.01569983659015861
2019-12-25 15:42:00,0.0823273170950074
2019-12-25 15:45:00,0.23790483941604634
2019-12-25 15:48:00,0.10805348781542534
2019-12-25 15:51:00,0.12118602011986468
2019-12-25 15:54:00,0.2726267294115132
2019-12-25 15:57:00,0.17949121444058846
2019-12-25 16:00:00,0.18380790430319394
2019-12-25 16:03:00,0.05349385389632744
2019-12-25 16:06:00,0.09516145568471757
2019-12-25 16:09:00,0.1125491763338573
2019-12-25 16:12:00,0.12514865731532154
2019-12-25 16:15:00,0.0789287316285936
2019-12-25 16:18:00,0.03056098248049466
2019-12-25 16:21:00,0.04644875488833122
2019-12-25 16:24:00,0.05534680597395436
2019-12-25 16:27:00,-0.03423982657528768
2019-12-25 16:30:00,0.0744974228347246
2019-12-25 16:33:00,0.08452818740238399
2019-12-25 16:36:00,0.14074770870064413
2019-12-25 16:39:00,0.21147466687364158
2019-12-25 16:42:00,0.11559342350653878
2019-12-25 16:45:00,0.1895649509191344
2019-12-25 16:48:00,0.1428272906647976
2019-12-25 16:51:00,0.23300821777604597
2019-12-25 16:54:00,0.1277237944693752
2019-12-25 16:57:00,0.1589887101036993
2019-12-25 17:00:00,0.12110672221973573
2019-12-25 17:03:00,0.18968052678303593
2019-12-25 17:06:00,0.1574880353351773
2019-12-25 17:09:00,0.15155817244476566
2019-12-25 17:12:00,0.1494184659588882
2019-12-25 17:15:00,0.12876333708658194
2019-12-25 17:18:00,0.14154204390410996
2019-12-25 17:21:00,0.16615173120226245
2019-12-25 17:24:00,0.06726814489604749
2019-12-25 17:27:00,0.13452562720800643
2019-12-25 17:30:00,0.028701650559241898
2019-12-25 17:33:00,0.04438610731170911
2019-12-25 17:36:00,0.11748877844121353
2019-12-25 17:39:00,0.1157288394782654
2019-12-25 17:42:00,0.045511767774598866
2019-12-25 17:45:00,0.08425700686512982
2019-12-25 17:48:00,0.13625764217016467
2019-12-25 17:51:00,0.11084557160177155
2019-12-25 17:54:00,0.0740758558783341
2019-12-25 17:57:00,0.010986027931551234
2019-12-25 18:00:00,0.03023610662637566
2019-12-25 18:03:00,0.14063962883261638
2019-12-25 18:06:00,0.08286359997430282
2019-12-25 18:09:00,0.06725478053414236
2019-12-25 18:12:00,0.16343786168562247
2019-12-25 18:15:00,0.19491562333536194
2019-12-25 18:18:00,0.2600847715700638
2019-12-25 18:21:00,0.12578721133832005
2019-12-25 18:24:00,0.19062971648645544
2019-12-25 18:27:00,0.1799736396916387
2019-12-25 18:30:00,0.1972802911378153
2019-12-25 18:33:00,0.2466701139949805
2019-12-25 18:36:00,0.27584455716566936
2019-12-25 18:39:00,0.21942882632527017
2019-12-25 18:42:00,0.22284256581349382
2019-12-25 18:45:00,0.18219567439513185
2019-12-25 18:48:00,0.1634486968612805
2019-12-25 18:51:00,0.2032246688654027
2019-12-25 18:54:00,
2019-12-25 18:57:00,
2019-12-25 19:00:00,
2019-12-25 19:03:00,0.13357946650546637
2019-12-25 19:06:00,0.25995504196811225
2019-12-25 19:09:00,0.303190557000903
2019-12-25 19:12:00,0.2783903120510445
2019-12-25 19:15:00,0.20349347234849802
2019-12-25 19:18:00,0.25860596783957135
2019-12-25 19:21:00,0.16827718571795458
2019-12-25 19:24:00,0.19533849104715273
2019-12-25 19:27:00,0.2994886764325315
2019-12-25 19:30:00,0.14736619467072387
2019-12-25 19:33:00,0.1649119127775407
2019-12-25 19:36:00,0.2718881608162178
2019-12-25 19:39:00,0.2701446838379411
2019-12-25 19:42:00,0.3037528980076445
2019-12-25 19:45:00,0.20307740280139797
2019-12-25 19:48:00,0.1851859401235174
2019-12-25 19:51:00,0.2644647115726002
2019-12-25 19:54:00,0.34348698663575306
2019-12-25 19:57:00,0.3264492969670414
2019-12-25 20:00:00,0.2768861213839955
2019-12-25 20:03:00,0.202665206224367
2019-12-25 20:06:00,0.32722145469421093
2019-12-25 20:09:00,0.2896779178330462
2019-12-25 20:12:00,0.27641427155811016
2019-12-25 20:15:00,0.33684443603931413
2019-12-25 20:18:00,0.29001767996305716
2019-12-25 20:21:00,0.3482729243581275
2019-12-25 20:24:00,0.322459140531862
2019-12-25 20:27:00,0.34540050407809986
2019-12-25 20:30:00,0.3469626204008591
2019-12-25 20:33:00,0.3233470698531278
2019-12-25 20:36:00,0.354887786242557
2019-12-25 20:39:00,0.2875945668765212
2019-12-25 20:42:00,0.36782919743296816
2019-12-25 20:45:00,0.3750393918185182
2019-12-25 20:48:00,0.34163308126221636
2019-12-25 20:51:00,0.2724792955630164
2019-12-25 20:54:00,0.3246668825112806
2019-12-25 20:57:00,0.2837886807897121
2019-12-25 21:00:00,0.34484540478541703
2019-12-25 21:03:00,0.3391246253402187
2019-12-25 21:06:00,0.38638300472854326
2019-12-25 21:09:00,0.33656462987096347
2019-12-25 21:12:00,0.43649048630072684
2019-12-25 21:15:00,0.33814993698609896
2019-12-25 21:18:00,0.4442321099206765
2019-12-25 21:21:00,0.4247768642524079
2019-12-25 21:24:00,0.27402291861028516
2019-12-25 21:27:00,0.43878410285714153
2019-12-25 21:30:00,0.4410154477897663
2019-12-25 21:33:00,0.49139184163641403
2019-12-25 21:36:00,0.48989346807007905
2019-12-25 21:39:00,0.38870906948773154
2019-12-25 21:42:00,0.36503752856862093
2019-12-25 21:45:00,0.4898140360374441
2019-12-25 21:48:00,0.4391307260530084
2019-12-25 21:51:00,0.38515587119127304
2019-12-25 21:54:00,0.4028130799437122
2019-12-25 21:57:00,0.4549682471747474
2019-12-25 22:00:00,0.35448670136952387
2019-12-25 22:03:00,0.4703542487168306
2019-12-25 22:06:00,0.39714081552489233
2019-12-25 22:09:00,0.49218184210502613
2019-12-25 22:12:00,0.3261224978357973
2019-12-25 22:15:00,0.48991733594340303
2019-12-25 22:18:00,0.4530445112257553
2019-12-25 22:21:00,0.3500473552517178
2019-12-25 22:24:00,0.3518136999448416
2019-12-25 22:27:00,0.3607793767661178
2019-12-25 22:30:00,0.32305821492479936
2019-12-25 22:33:00,0.440633049791586
2019-12-25 22:36:00,0.49445400593054956
2019-12-25 22:39:00,0.41849011477171416
2019-12-25 22:42:00,0.330807023518048
2019-12-25 22:45:00,0.34294309868789696
2019-12-25 22:48:00,0.31393826929439683
2019-12-25 22:51:00,0.44982482927099454
2019-12-25 22:54:00,0.2748518833213325
2019-12-25 22:57:00,0.36335664138329093
2019-12-25 23:00:00,0.4284206590100439
2019-12-25 23:03:00,0.3612811012880002
2019-12-25 23:06:00,0.36792566752973244
2019-12-25 23:09:00,0.36723431795149963
2019-12-25 23:12:00,0.4944414145826954
2019-12-25 23:15:00,0.4529125478358651
2019-12-25 23:18:00,0.4964136956668881
2019-12-25 23:21:00,0.3157261892268366
2019-12-25 23:24:00,0.29427509448021283
2019-12-25 23:27:00,0.38486082870315386
2019-12-25 23:30:00,0.3240761315858549
2019-12-25 23:33:00,0.2750024050347406
2019-12-25 23:36:00,0.31209916361410706
2019-12-25 23:39:00,0.3401911794094872
2019-12-25 23:42:00,0.24353848229850428
2019-12-25 23:45:00,0.26268407932315085
2019-12-25 23:48:00,0.34529585389617523
2019-12-25 23:51:00,0.24551771615250573
2019-12-25 23:54:00,0.35950996035171556
2019-12-25 23:57:00,0.34866436503756404
2019-12-26 00:00:00,0.40011229819612026
2019-12-26 00:03:00,0.30854620708277025
2019-12-26 00:06:00,0.33055227095968576
2019-12-26 00:09:00,0.3772881107012722
2019-12-26 00:12:00,0.3648999911858368
2019-12-26 00:15:00,0.4170753274229355
2019-12-26 00:18:00,0.3866816351145417
2019-12-26 00:21:00,0.25010877226196726
2019-12-26 00:24:00,0.27013496706149454
2019-12-26 00:27:00,0.3009432021963221
2019-12-26 00:30:00,0.4145326861595322
2019-12-26 00:33:00,0.36040683752906943
2019-12-26 00:36:00,0.32522938548839875
2019-12-26 00:39:00,0.3552179396155566
2019-12-26 00:42:00,0.37034645935545996
2019-12-26 00:45:00,0.3385955610735323
2019-12-26 00:48:00,0.3343253751535258
2019-12-26 00:51:00,0.28606942924619716
2019-12-26 00:54:00,0.33128837812580514
2019-12-26 00:57:00,0.22815082182950164
2019-12-26 01:00:00,0.3870566950783427
2019-12-26 01:03:00,0.2863273354839748
2019-12-26 01:06:00,0.27831644435354974
2019-12-26 01:09:00,0.37056685475295126
2019-12-26 01:12:00,0.32884377517416397
2019-12-26 01:15:00,0.3124503606052258
2019-12-26 01:18:00,0.34600700333902523
2019-12-26 01:21:00,0.3106657588738244
2019-12-26 01:24:00,0.40434745028107955
2019-12-26 01:27:00,0.36382045111400885
2019-12-26 01:30:00,0.327645169218556
2019-12-26 01:33:00,0.33644378556437005
2019-12-26 01:36:00,0.3641908840234578
2019-12-26 01:39:00,0.3829384439069372
2019-12-26 01:42:00,0.24895335096198323
2019-12-26 01:45:00,0.2693042950156155
2019-12-26 01:48:00,0.3391778342361249
2019-12-26 01:51:00,0.2983998527400331
2019-12-26 01:54:00,0.31359869560640163
2019-12-26 01:57:00,0.3083517591695113
2019-12-26 02:00:00,0.39007014840314014
2019-12-26 02:03:00,0.30652091328158804
2019-12-26 02:06:00,0.3399098186866354
2019-12-26 02:09:00,0.2973213792983529
2019-12-26 02:12:00,0.3576385637098838
2019-12-26 02:15:00,0.3442233812660902
2019-12-26 02:18:00,0.31893599731927225
2019-12-26 02:21:00,0.29255079594605604
2019-12-26 02:24:00,0.3051028032465979
2019-12-26 02:27:00,0.41368953166551137
2019-12-26 02:30:00,0.3397177505236755
2019-12-26 02:33:00,0.34796897162567575
2019-12-26 02:36:00,0.41332431516923407
2019-12-26 02:39:00,0.3154936803516648
2019-12-26 02:42:00,0.35701044380419944
2019-12-26 02:45:00,0.26722469625400436
2019-12-26 02:48:00,0.3235153933364927
2019-12-26 02:51:00,0.30011704860129385
2019-12-26 02:54:00,0.36906957558306885
2019-12-26 02:57:00,0.43420692809979755
2019-12-26 03:00:00,0.3232136248682309
2019-12-26 03:03:00,0.39626572830280793
2019-12-26 03:06:00,0.4479709706503172
2019-12-26 03:09:00,0.3658848304088451
2019-12-26 03:12:00,0.4806974082964075
2019-12-26 03:15:00,0.4203924356520474
2019-12-26 03:18:00,0.48627871409524914
2019-12-26 03:21:00,0.44244083422489666
2019-12-26 03:24:00,0.38950638555354544
2019-12-26 03:27:00,0.4151109549554235
2019-12-26 03:30:00,0.4986613716152988
2019-12-26 03:33:00,0.4644405062724104
2019-12-26 03:36:00,0.5349480634857855
2019-12-26 03:39:00,0.454098945635792
2019-12-26 03:42:00,0.5294188243893245
2019-12-26 03:45:00,0.44844969448598704
2019-12-26 03:48:00,0.4733939816584325
2019-12-26 03:51:00,0.4563314194453483
2019-12-26 03:54:00,0.5578664087790344
2019-12-26 03:57:00,0.5053153330950977
2019-12-26 04:00:00,0.49679975440983526
2019-12-26 04:03:00,0.5934970541678126
2019-12-26 04:06:00,0.6350454896581255
2019-12-26 04:09:00,0.5289328757160661
2019-12-26 04:12:00,0.5062596752197237
2019-12-26 04:15:00,0.571053426451499
2019-12-26 04:18:00,0.5270327447211116
2019-12-26 04:21:00,0.6098643052098964
2019-12-26 04:24:00,0.5958217341582213
2019-12-26 04:27:00,0.6604110293725967
2019-12-26 04:30:00,0.5111841008858846
2019-12-26 04:33:00,0.5815120369014153
2019-12-26 04:36:00,0.5933366433271772
2019-12-26 04:39:00,0.5816291990811351
2019-12-26 04:42:00,0.6762283500720514
2019-12-26 04:45:00,0.6630278235639935
2019-12-26 04:48:00,0.6004513766866353
2019-12-26 04:51:00,0.5836912821990836
2019-12-26 04:54:00,0.6043911766657288
2019-12-26 04:57:00,0.5923263089690636
2019-12-26 05:00:00,0.6002410163449099
2019-12-26 05:03:00,0.7565127832007192
2019-12-26 05:06:00,0.6220630985092157
2019-12-26 05:09:00,0.5556894744125884
2019-12-26 05:12:00,0.629065170990657
2019-12-26 05:15:00,0.631607465049683
2019-12-26 05:18:00,0.6466969042581923
2019-12-26 05:21:00,0.5826239357259055
2019-12-26 05:24:00,0.5612100982676793
2019-12-26 05:27:00,0.6975863837973861
2019-12-26 05:30:00,0.6597711627076137
2019-12-26 05:33:00,0.6455060914552746
2019-12-26 05:36:00,0.7364278233909545
2019-12-26 05:39:00,0.6739559213704638
2019-12-26 05:42:00,0.6343512420069715
2019-12-26 05:45:00,0.7626573614980998
2019-12-26 05:48:00,0.7455982807258579
2019-12-26 05:51:00,0.6816428601959501
2019-12-26 05:54:00,0.6739752560185934
2019-12-26 05:57:00,0.6463046201196221
2019-12-26 06:00:00,0.6444797313102981
2019-12-26 06:03:00,0.6004859849809918
2019-12-26 06:06:00,0.6695005351749046
2019-12-26 06:09:00,0.6944674827843187
2019-12-26 06:12:00,0.6366980023113911
2019-12-26 06:15:00,0.6204810944114456
2019-12-26 06:18:00,0.634325603432444
2019-12-26 06:21:00,0.7144915263942266
2019-12-26 06:24:00,0.73652954279396
2019-12-26 06:27:00,0.6630152366240623
2019-12-26 06:30:00,0.63682118982166
2019-12-26 06:33:00,0.6732381719219802
2019-12-26 06:36:00,0.5906222334967879
2019-12-26 06:39:00,0.7355769492955346
2019-12-26 06:42:00,0.6433355117154633
2019-12-26 06:45:00,0.6688880471024845
2019-12-26 06:48:00,0.6661800554608703
2019-12-26 06:51:00,0.6513311539912934
2019-12-26 06:54:00,0.7176388127178939
2019-12-26 06:57:00,0.6816811990481142
2019-12-26 07:00:00,0.7043809530036924
2019-12-26 07:03:00,0.7039287719883305
2019-12-26 07:06:00,0.8231887047002715
2019-12-26 07:09:00,0.69260929581543
2019-12-26 07:12:00,0.6891051699928994
2019-12-26 07:15:00,0.7869048127158749
2019-12-26 07:18:00,0.6745507825203845
2019-12-26 07:21:00,0.7022524240904318
2019-12-26 07:24:00,0.6911645608033723
2019-12-26 07:27:00,0.6363459024900067
2019-12-26 07:30:00,0.7317600200801166
2019-12-26 07:33:00,0.6569292490606813
2019-12-26 07:36:00,0.698792629770935
2019-12-26 07:39:00,0.7377838300805593
2019-12-26 07:42:00,0.7180041251754119
2019-12-26 07:45:00,0.6689091656828055
2019-12-26 07:48:00,0.7078545925605795
2019-12-26 07:51:00,0.6896882794725343
2019-12-26 07:54:00,0.6675983041806717
2019-12-26 07:57:00,0.7011553119177165
2019-12-26 08:00:00,0.6433377604811881
2019-12-26 08:03:00,0.6524084971953812
2019-12-26 08:06:00,0.6590523470852077
2019-12-26 08:09:00,0.6380842648719636
2019-12-26 08:12:00,0.6519845083268478
2019-12-26 08:15:00,0.6057099705465703
2019-12-26 08:18:00,0.5395479782735038
2019-12-26 08:21:00,0.6389301619001913
2019-12-26 08:24:00,0.5548407329898168
2019-12-26 08:27:00,0.4641327593168967
2019-12-26 08:30:00,0.5178457680322595
2019-12-26 08:33:00,0.6409055541645898
2019-12-26 08:36:00,0.6287841222967359
2019-12-26 08:39:00,0.557249689356297
2019-12-26 08:42:00,0.5211614407619436
2019-12-26 08:45:00,0.6588076571871966
2019-12-26 08:48:00,0.4916326793000394
2019-12-26 08:51:00,0.525137233982548
2019-12-26 08:54:00,0.5165084666380722
2019-12-26 08:57:00,0.47698526277019937
2019-12-26 09:00:00,0.5341131620976967
2019-12-26 09:03:00,0.4549812831204463
2019-12-26 09:06:00,0.46784239209807765
2019-12-26 09:09:00,0.4388595704778595
2019-12-26 09:12:00,0.4728715831129193
2019-12-26 09:15:00,0.5185903249163175
2019-12-26 09:18:00,0.48321060558311046
2019-12-26 09:21:00,0.4563638684301168
2019-12-26 09:24:00,0.3190389149656312
2019-12-26 09:27:00,0.3686563509970142
2019-12-26 09:30:00,0.3458980232350086
2019-12-26 09:33:00,0.4739468598596659
2019-12-26 09:36:00,0.4434859578203145
2019-12-26 09:39:00,0.38719389783892666
2019-12-26 09:42:00,0.3816075674878334
2019-12-26 09:45:00,0.3462720821810308
2019-12-26 09:48:00,0.30617663475328527
2019-12-26 09:51:00,0.28750950333215997
2019-12-26 09:54:00,0.26087427244169703
2019-12-26 09:57:00,0.402299053485649
2019-12-26 10:00:00,0.14753648347851822
2019-12-26 10:03:00,0.2732968619613416
2019-12-26 10:06:00,0.26124880826080243
2019-12-26 10:09:00,0.20644485936594492
2019-12-26 10:12:00,0.29628746827887653
2019-12-26 10:15:00,0.21897667956432088
2019-12-26 10:18:00,0.18469919153972114
2019-12-26 10:21:00,0.20985970151645006
2019-12-26 10:24:00,0.14158713104188791
2019-12-26 10:27:00,0.15707627311491024
2019-12-26 10:30:00,0.24872403668899778
2019-12-26 10:33:00,0.1701523039988615
2019-12-26 10:36:00,0.21126871794160706
2019-12-26 10:39:00,0.3659321720220987
2019-12-26 10:42:00,0.19318118547062113
2019-12-26 10:45:00,0.16616382122532514
2019-12-26 10:48:00,0.21361767035205048
2019-12-26 10:51:00,0.12434575798363312
2019-12-26 10:54:00,0.10556128989037461
2019-12-26 10:57:00,0.09196485718433678
2019-12-26 11:00:00,0.053975179674637275
2019-12-26 11:03:00,0.15591890663699814
2019-12-26 11:06:00,0.1263824424146378
2019-12-26 11:09:00,0.19228536725529466
2019-12-26 11:12:00,0.1509876524229412
2019-12-26 11:15:00,0.24205305849858405
2019-12-26 11:18:00,-0.017680890250574066
2019-12-26 11:21:00,-0.03168894913284248
2019-12-26 11:24:00,0.17946110538593985
2019-12-26 11:27:00,0.087453474665665
2019-12-26 11:30:00,-0.03605498571323551
2019-12-26 11:33:00,0.06280589583792562
2019-12-26 11:36:00,0.11020555179152325
2019-12-26 11:39:00,0.09955359834322053
2019-12-26 11:42:00,0.05681405487717939
2019-12-26 11:45:00,0.0026924476469503134
2019-12-26 11:48:00,0.037502168856747176
2019-12-26 11:51:00,-0.1272901384803049
2019-12-26 11:54:00,0.018973289363941603
2019-12-26 11:57:00,0.06114191610339503
2019-12-26 12:00:00,0.041113103921418315
2019-12-26 12:03:00,-0.0666972846513545
2019-12-26 12:06:00,-0.044357989716445445
2019-12-26 12:09:00,-0.02254043438614417
2019-12-26 12:12:00,-0.12872524911347227
2019-12-26 12:15:00,-0.08710252845838795
2019-12-26 12:18:00,-0.01259428078617475
2019-12-26 12:21:00,-0.14406351775562598
2019-12-26 12:24:00,0.0800991787891121
2019-12-26 12:27:00,-0.11737351351581538
2019-12-26 12:30:00,-0.011349420766862295
2019-12-26 12:33:00,-0.12289957486422054
2019-12-26 12:36:00,-0.10098904054740387
2019-12-26 12:39:00,-0.010510734019874235
2019-12-26 12:42:00,-0.011159964615615081
2019-12-26 12:45:00,-0.08006792423594788
2019-12-26 12:48:00,-0.11547570500727034
2019-12-26 12:51:00,-0.10539547094145973
2019-12-26 12:54:00,-0.11055559560963957
2019-12-26 12:57:00,-0.039052989362915014
2019-12-26 13:00:00,-0.04773163838956407
2019-12-26 13:03:00,-0.0461003013929826
2019-12-26 13:06:00,-0.058483963002061046
2019-12-26 13:09:00,-0.007815082033403087
2019-12-26 13:12:00,0.015374265921025199
2019-12-26 13:15:00,-0.08700320008557583
2019-12-26 13:18:00,0.012516506381757608
2019-12-26 13:21:00,-0.050049527646649494
2019-12-26 13:24:00,0.06710758531210104
2019-12-26 13:27:00,-0.0492745780485393
2019-12-26 13:30:00,-0.07934006458577869
2019-12-26 13:33:00,-0.005385160264211208
2019-12-26 13:36:00,0.0564634858538966
2019-12-26 13:39:00,0.04387619073713722
2019-12-26 13:42:00,-0.09221237731566134
2019-12-26 13:45:00,0.012064685066604852
2019-12-26 13:48:00,0.07265734574156113
2019-12-26 13:51:00,-0.02452077926864149
2019-12-26 13:54:00,-0.00841208827216633
2019-12-26 13:57:00,-0.12899468784570445
2019-12-26 14:00:00,0.02210089906475332
2019-12-26 14:03:00,-0.003946762630846479
2019-12-26 14:06:00,-0.11115530180086353
2019-12-26 14:09:00,-0.03924281487149983
2019-12-26 14:12:00,0.029088772319198597
2019-12-26 14:15:00,-0.12867063493308706
2019-12-26 14:18:00,0.02847939079765638
2019-12-26 14:21:00,-0.047295769078857575
2019-12-26 14:24:00,-0.09111669167987202
2019-12-26 14:27:00,0.0024378416035233386
2019-12-26 14:30:00,-0.10547032680693746
2019-12-26 14:33:00,-0.05953822418365462
2019-12-26 14:36:00,-0.13343087046763458
2019-12-26 14:39:00,-0.14529980814171495
2019-12-26 14:42:00,-0.14955001734921325
2019-12-26 14:45:00,-0.11120691899861868
2019-12-26 14:48:00,-0.15491221952885326
2019-12-26 14:51:00,-0.1585376893906414
2019-12-26 14:54:00,-0.08136485046219377
2019-12-26 14:57:00,-0.12105155134514689
2019-12-26 15:00:00,-0.1373989817904544
2019-12-26 15:03:00,-0.22129639793382694
2019-12-26 15:06:00,-0.23783349089927697
2019-12-26 15:09:00,-0.12362424817337114
2019-12-26 15:12:00,-0.17309881315475195
2019-12-26 15:15:00,-0.13306967273854298
2019-12-26 15:18:00,-0.1843216792476028
2019-12-26 15:21:00,-0.1353304463654581
2019-12-26 15:24:00,-0.23590468871765324
2019-12-26 15:27:00,-0.18727623014007122
2019-12-26 15:30:00,-0.18726980456017372
2019-12-26 15:33:00,-0.29510488110986444
2019-12-26 15:36:00,-0.21272498652012928
2019-12-26 15:39:00,-0.17029564014171683
2019-12-26 15:42:00,-0.13860610384699612
2019-12-26 15:45:00,-0.22094585585557525
2019-12-26 15:48:00,-0.1825269551728752
2019-12-26 15:51:00,-0.16700910847657724
2019-12-26 15:54:00,-0.16589504401770228
2019-12-26 15:57:00,-0.12712917287717573
2019-12-26 16:00:00,-0.11448428528797194
2019-12-26 16:03:00,-0.12051580945717433
2019-12-26 16:06:00,-0.01839446881672302
2019-12-26 16:09:00,-0.03525024904320162
2019-12-26 16:12:00,-0.08931838698816819
2019-12-26 16:15:00,0.008200962459000039
2019-12-26 16:18:00,-0.06769786084828411
2019-12-26 16:21:00,-0.01741118106730255
2019-12-26 16:24:00,-0.05726114246465386
2019-12-26 16:27:00,-0.05190528410906836
2019-12-26 16:30:00,0.060622310416533765
2019-12-26 16:33:00,-0.002981882933227098
2019-12-26 16:36:00,-0.02139019978790202
2019-12-26 16:39:00,-0.026645340407469575
2019-12-26 16:42:00,-0.05704142001627588
2019-12-26 16:45:00,-0.06643838131469693
2019-12-26 16:48:00,-0.07310797992369089
2019-12-26 16:51:00,-0.06916328507924163
2019-12-26 16:54:00,-0.09636412624826107
2019-12-26 16:57:00,-0.1729668303232188
2019-12-26 17:00:00,-0.09202491519903333
2019-12-26 17:03:00,-0.16130421574973752
2019-12-26 17:06:00,-0.19147653054500324
2019-12-26 17:09:00,-0.04729846082437916
2019-12-26 17:12:00,-0.13210268822479065
2019-12-26 17:15:00,-0.06010236523366075
2019-12-26 17:18:00,-0.03883336737197851
2019-12-26 17:21:00,0.0074645122048195844
2019-12-26 17:24:00,0.01959690210964027
2019-12-26 17:27:00,0.005586092775956786
2019-12-26 17:30:00,-0.08351510790561179
2019-12-26 17:33:00,-0.05060567359817014
2019-12-26 17:36:00,-0.009357037060908624
2019-12-26 17:39:00,0.023435100350980065
2019-12-26 17:42:00,-0.004017616946782709
2019-12-26 17:45:00,-0.01477955655502683
2019-12-26 17:48:00,0.03648183320547105
2019-12-26 17:51:00,0.07244191744320005
2019-12-26 17:54:00,-0.04496191460867749
2019-12-26 17:57:00,0.06608866280589609
2019-12-26 18:00:00,0.039748536754586894
2019-12-26 18:03:00,0.14640014425839354
2019-12-26 18:06:00,0.10079496733146698
2019-12-26 18:09:00,0.06346112579109331
2019-12-26 18:12:00,0.07309258570137445
2019-12-26 18:15:00,0.22703272257473373
2019-12-26 18:18:00,0.115003669457451
2019-12-26 18:21:00,0.1533095630364869
2019-12-26 18:24:00,0.1653787074566253
2019-12-26 18:27:00,0.14862089750079122
2019-12-26 18:30:00,0.15719779769290199
2019-12-26 18:33:00,0.12771684581838372
2019-12-26 18:36:00,0.07035528598396468
2019-12-26 18:39:00,0.14768641409614247
2019-12-26 18:42:00,0.14349401583137933
2019-12-26 18:45:00,0.14741524439483555
2019-12-26 18:48:00,0.16243208034637746
2019-12-26 18:51:00,0.17560862572349833
2019-12-26 18:54:00,
2019-12-26 18:57:00,
2019-12-26 19:00:00,
2019-12-26 19:03:00,0.20501350512807903
2019-12-26 19:06:00,0.19514078576207794
2019-12-26 19:09:00,0.2698144274770016
2019-12-26 19:12:00,0.07843296625719631
2019-12-26 19:15:00,0.18045565688515808
2019-12-26 19:18:00,0.21991674304268827
2019-12-26 19:21:00,0.18689796429498529
2019-12-26 19:24:00,0.23287941547636137
2019-12-26 19:27:00,0.24604366646610742
2019-12-26 19:30:00,0.17941150825117802
2019-12-26 19:33:00,0.25915731032841904
2019-12-26 19:36:00,0.26798984941575554
2019-12-26 19:39:00,0.21675050654238248
2019-12-26 19:42:00,0.232713503348009
2019-12-26 19:45:00,0.2224305980275858
2019-12-26 19:48:00,0.3275110117155009
2019-12-26 19:51:00,0.20750269678842415
2019-12-26 19:54:00,0.3489149681682875
2019-12-26 19:57:00,0.22046549095711043
2019-12-26 20:00:00,0.24688628109976207
2019-12-26 20:03:00,0.2042826227480532
2019-12-26 20:06:00,0.3562231973999701
2019-12-26 20:09:00,0.3053125177105471
2019-12-26 20:12:00,0.09899148943549108
2019-12-26 20:15:00,0.1976294135029093
2019-12-26 20:18:00,0.2784953131391603
2019-12-26 20:21:00,0.2521471978014347
2019-12-26 20:24:00,0.2457101217979698
2019-12-26 20:27:00,0.27338238795766756
2019-12-26 20:30:00,0.26288066050682346
2019-12-26 20:33:00,0.2471964407633891
2019-12-26 20:36:00,0.2731899892857541
2019-12-26 20:39:00,0.3179894521662163
2019-12-26 20:42:00,0.29940758158920744
2019-12-26 20:45:00,0.2356821202207584
2019-12-26 20:48:00,0.2626053817130014
2019-12-26 20:51:00,0.3133557472336861
2019-12-26 20:54:00,0.3174130079013935
2019-12-26 20:57:00,0.2923456695133382
2019-12-26 21:00:00,0.30606055013180367
2019-12-26 21:03:00,0.3728533677103769
2019-12-26 21:06:00,0.3660551088422608
2019-12-26 21:09:00,0.3438345739787678
2019-12-26 21:12:00,0.3262773375479924
2019-12-26 21:15:00,0.31898747627855073
2019-12-26 21:18:00,0.40231996463978703
2019-12-26 21:21:00,0.348418832152106
2019-12-26 21:24:00,0.3811717178660956
2019-12-26 21:27:00,0.38542174593777645
2019-12-26 21:30:00,0.3546068161350604
2019-12-26 21:33:00,0.38820059810268503
2019-12-26 21:36:00,0.4211091287039608
2019-12-26 21:39:00,0.31399682436091325
2019-12-26 21:42:00,0.4044552601194482
2019-12-26 21:45:00,0.4438237870421631
2019-12-26 21:48:00,0.39565925856010153
2019-12-26 21:51:00,0.37826538972655044
2019-12-26 21:54:00,0.5011575238412433
2019-12-26 21:57:00,0.3887150656572089
2019-12-26 22:00:00,0.382838545000709
2019-12-26 22:03:00,0.3070415956819943
2019-12-26 22:06:00,0.3217462604530965
2019-12-26 22:09:00,0.34689229257480747
2019-12-26 22:12:00,0.3302619219468852
2019-12-26 22:15:00,0.23846579279882008
2019-12-26 22:18:00,0.27414246842323564
2019-12-26 22:21:00,0.3490788472126951
2019-12-26 22:24:00,0.2905422416762917
2019-12-26 22:27:00,0.37280736120033
2019-12-26 22:30:00,0.3538547781020611
2019-12-26 22:33:00,0.3111483493451601
2019-12-26 22:36:00,0.28153005654530716
2019-12-26 22:39:00,0.4313918879403218
2019-12-26 22:42:00,0.2976044785062868
2019-12-26 22:45:00,0.380742053847257
2019-12-26 22:48:00,0.2989560711366721
2019-12-26 22:51:00,0.32465612154356904
2019-12-26 22:54:00,0.3741511054042803
2019-12-26 22:57:00,0.35010354784839137
2019-12-26 23:00:00,0.33183935797882214
2019-12-26 23:03:00,0.42332915780815483
2019-12-26 23:06:00,0.32794137750431673
2019-12-26 23:09:00,0.32781999037507603
2019-12-26 23:12:00,0.35778653555917117
2019-12-26 23:15:00,0.37630749182932277
2019-12-26 23:18:00,0.2779794452258102
2019-12-26 23:21:00,0.3162049810739518
2019-12-26 23:24:00,0.3111160562789905
2019-12-26 23:27:00,0.32354976943958036
2019-12-26 23:30:00,0.2991750935248092
2019-12-26 23:33:00,0.3030243867438571
2019-12-26 23:36:00,0.36034540397457704
2019-12-26 23:39:00,0.38284033134357287
2019-12-26 23:42:00,0.34845039284249424
2019-12-26 23:45:00,0.39233727749495984
2019-12-26 23:48:00,0.4894829368564615
2019-12-26 23:51:00,0.4457111106963225
2019-12-26 23:54:00,0.4581519925297357
2019-12-26 23:57:00,0.4141871783374427
2019-12-27 00:00:00,0.4444175875746055
2019-12-27 00:03:00,0.34695358712411917
2019-12-27 00:06:00,0.3570392452469946
2019-12-27 00:09:00,0.43323858733970155
2019-12-27 00:12:00,0.42043511207566553
2019-12-27 00:15:00,0.4494193677833209
2019-12-27 00:18:00,0.36164910397297945
2019-12-27 00:21:00,0.3828684555729751
2019-12-27 00:24:00,0.36671203455000523
2019-12-27 00:27:00,0.46263129294226246
2019-12-27 00:30:00,0.41974601163298075
2019-12-27 00:33:00,0.5737307063840831
2019-12-27 00:36:00,0.46795619560464274
2019-12-27 00:39:00,0.44975767889224016
2019-12-27 00:42:00,0.4387130743998
2019-12-27 00:45:00,0.4303033579288922
2019-12-27 00:48:00,0.32869896771836693
2019-12-27 00:51:00,0.5145257844716866
2019-12-27 00:54:00,0.41216089330345085
2019-12-27 00:57:00,0.41231132569987494
2019-12-27 01:00:00,0.5054135093209879
2019-12-27 01:03:00,0.3743476624211439
2019-12-27 01:06:00,0.3505024439384101
2019-12-27 01:09:00,0.4972675239247337
2019-12-27 01:12:00,0.34115035935985816
2019-12-27 01:15:00,0.3774383471890701
2019-12-27 01:18:00,0.3917894666846564
2019-12-27 01:21:00,0.44929941857662925
2019-12-27 01:24:00,0.42435106142090717
2019-12-27 01:27:00,0.36960459957686
2019-12-27 01:30:00,0.40735465670098847
2019-12-27 01:33:00,0.3837550534483398
2019-12-27 01:36:00,0.3122261895493921
2019-12-27 01:39:00,0.42318673577040045
2019-12-27 01:42:00,0.4529430572745241
2019-12-27 01:45:00,0.3835803985588768
2019-12-27 01:48:00,0.40021119538909034
2019-12-27 01:51:00,0.49478316164487524
2019-12-27 01:54:00,0.42184710885800314
2019-12-27 01:57:00,0.4255009877148268
2019-12-27 02:00:00,0.40690751131529623
2019-12-27 02:03:00,0.33044713527630165
2019-12-27 02:06:00,0.342397507296198
2019-12-27 02:09:00,0.40545698312701006
2019-12-27 02:12:00,0.4957788890160373
2019-12-27 02:15:00,0.42743132732454114
2019-12-27 02:18:00,0.4545622127325828
2019-12-27 02:21:00,0.4383878158626544
2019-12-27 02:24:00,0.5455444867844221
2019-12-27 02:27:00,0.45068702097916
2019-12-27 02:30:00,0.44776937362945546
2019-12-27 02:33:00,0.42716968099585984
2019-12-27 02:36:00,0.4480751824015101
2019-12-27 02:39:00,0.5113903862648499
2019-12-27 02:42:00,0.47173917223523176
2019-12-27 02:45:00,0.4747933546484546
2019-12-27 02:48:00,0.4206420464938674
2019-12-27 02:51:00,0.46295219433534385
2019-12-27 02:54:00,0.472643367463661
2019-12-27 02:57:00,0.5558227895132859
2019-12-27 03:00:00,0.5329615508609891
2019-12-27 03:03:00,0.4838318166268323
2019-12-27 03:06:00,0.49821168288974604
2019-12-27 03:09:00,0.4885385605119268
2019-12-27 03:12:00,0.4533075741395578
2019-12-27 03:15:00,0.4453285225217769
2019-12-27 03:18:00,0.45296586727005206
2019-12-27 03:21:00,0.4581837295222613
2019-12-27 03:24:00,0.5547063993378742
2019-12-27 03:27:00,0.4496620698441802
2019-12-27 03:30:00,0.49478137436000225
2019-12-27 03:33:00,0.41884290553224446
2019-12-27 03:36:00,0.5487389925009438
2019-12-27 03:39:00,0.4378015062728764
2019-12-27 03:42:00,0.43868275949768076
2019-12-27 03:45:00,0.41412142159003906
2019-12-27 03:48:00,0.47909347487762943
2019-12-27 03:51:00,0.4496449470138941
2019-12-27 03:54:00,0.5032645912218641
2019-12-27 03:57:00,0.4771514461848483
2019-12-27 04:00:00,0.5079775035395073
2019-12-27 04:03:00,0.47960802404389824
2019-12-27 04:06:00,0.49368958459160694
2019-12-27 04:09:00,0.41005053694624394
2019-12-27 04:12:00,0.5131512318430396
2019-12-27 04:15:00,0.5460269261314465
2019-12-27 04:18:00,0.6202281892815904
2019-12-27 04:21:00,0.46591496371996755
2019-12-27 04:24:00,0.5574784503535284
2019-12-27 04:27:00,0.4995053382504011
2019-12-27 04:30:00,0.5112121064972825
2019-12-27 04:33:00,0.49807732990399245
2019-12-27 04:36:00,0.47090500973126836
2019-12-27 04:39:00,0.5413589917179706
2019-12-27 04:42:00,0.5682465817683919
2019-12-27 04:45:00,0.5085690829488954
2019-12-27 04:48:00,0.5543970130512434
2019-12-27 04:51:00,0.5729387558247367
2019-12-27 04:54:00,0.4631195862802997
2019-12-27 04:57:00,0.5365033674210622
2019-12-27 05:00:00,0.5191837099343957
2019-12-27 05:03:00,0.5305792203971009
2019-12-27 05:06:00,0.48956501660956064
2019-12-27 05:09:00,0.5554502393341636
2019-12-27 05:12:00,0.5315198513636687
2019-12-27 05:15:00,0.5879155777375331
2019-12-27 05:18:00,0.4149627808399714
2019-12-27 05:21:00,0.6421856955329304
2019-12-27 05:24:00,0.5653594490984801
2019-12-27 05:27:00,0.6162897915143617
2019-12-27 05:30:00,0.5799502857379366
2019-12-27 05:33:00,0.4300455554162568
2019-12-27 05:36:00,0.5308651423747506
2019-12-27 05:39:00,0.5732328810854028
2019-12-27 05:42:00,0.5826681953045068
2019-12-27 05:45:00,0.58211867684048
2019-12-27 05:48:00,0.5623444921896521
2019-12-27 05:51:00,0.5163479412253764
2019-12-27 05:54:00,0.5662873148979202
2019-12-27 05:57:00,0.49221365708473286
2019-12-27 06:00:00,0.5489024771386539
2019-12-27 06:03:00,0.47516039553124756
2019-12-27 06:06:00,0.4572098549763268
2019-12-27 06:09:00,0.4175627483656399
2019-12-27 06:12:00,0.5333927771096114
2019-12-27 06:15:00,0.5222949453691967
2019-12-27 06:18:00,0.5381047272767319
2019-12-27 06:21:00,0.5046828211221737
2019-12-27 06:24:00,0.5285438994460492
2019-12-27 06:27:00,0.512567906130073
2019-12-27 06:30:00,0.4513334878954538
2019-12-27 06:33:00,0.5050568362975127
2019-12-27 06:36:00,0.50586006941802
2019-12-27 06:39:00,0.46433208745042975
2019-12-27 06:42:00,0.49614008334788195
2019-12-27 06:45:00,0.49653018589140174
2019-12-27 06:48:00,0.3932651331293755
2019-12-27 06:51:00,0.48995628258921897
2019-12-27 06:54:00,0.47497941275395306
2019-12-27 06:57:00,0.41282720583393484
2019-12-27 07:00:00,0.4468601203503795
2019-12-27 07:03:00,0.37766643413647216
2019-12-27 07:06:00,0.3454499305133254
2019-12-27 07:09:00,0.48368917261581146
2019-12-27 07:12:00,0.40951444360126743
2019-12-27 07:15:00,0.41562466707955537
2019-12-27 07:18:00,0.46923622247982166
2019-12-27 07:21:00,0.418908636925039
2019-12-27 07:24:00,0.36106882186390976
2019-12-27 07:27:00,0.34910155717307134
2019-12-27 07:30:00,0.38115971525002124
2019-12-27 07:33:00,0.38306275667054024
2019-12-27 07:36:00,0.44764919336387266
2019-12-27 07:39:00,0.37998761778936796
2019-12-27 07:42:00,0.47466251715439967
2019-12-27 07:45:00,0.4064359798574628
2019-12-27 07:48:00,0.41743115628804617
2019-12-27 07:51:00,0.31525961953218484
2019-12-27 07:54:00,0.41543294654445617
2019-12-27 07:57:00,0.3546117802011395
2019-12-27 08:00:00,0.3425763693014119
2019-12-27 08:03:00,0.36575982033292576
2019-12-27 08:06:00,0.414392345097383
2019-12-27 08:09:00,0.2339338500564736
2019-12-27 08:12:00,0.3051039202917991
2019-12-27 08:15:00,0.2556366187333765
2019-12-27 08:18:00,0.26945998354574385
2019-12-27 08:21:00,0.24495956413773
2019-12-27 08:24:00,0.24035369872154888
2019-12-27 08:27:00,0.3031900861786312
2019-12-27 08:30:00,0.31845954858192727
2019-12-27 08:33:00,0.2516246091447556
2019-12-27 08:36:00,0.31171154714763816
2019-12-27 08:39:00,0.28488065481309377
2019-12-27 08:42:00,0.33401892142114775
2019-12-27 08:45:00,0.21863128767085982
2019-12-27 08:48:00,0.2828137793592873
2019-12-27 08:51:00,0.2058072730894196
2019-12-27 08:54:00,0.36743062912330515
2019-12-27 08:57:00,0.35464386036005635
2019-12-27 09:00:00,0.27681449300126815
2019-12-27 09:03:00,0.2805386725581229
2019-12-27 09:06:00,0.23226125350015536
2019-12-27 09:09:00,0.40115195260972314
2019-12-27 09:12:00,0.15986381526323612
2019-12-27 09:15:00,0.3409566193610658
2019-12-27 09:18:00,0.24419344702982926
2019-12-27 09:21:00,0.31599830816423946
2019-12-27 09:24:00,0.18923565021646027
2019-12-27 09:27:00,0.2632881849240789
2019-12-27 09:30:00,0.28605360708257876
2019-12-27 09:33:00,0.28768645966016493
2019-12-27 09:36:00,0.2644323787903886
2019-12-27 09:39:00,0.2573660586008941
2019-12-27 09:42:00,0.21704777770997907
2019-12-27 09:45:00,0.30233678797048924
2019-12-27 09:48:00,0.3366121050682409
2019-12-27 09:51:00,0.2870902796215091
2019-12-27 09:54:00,0.20804085833924546
2019-12-27 09:57:00,0.24546018127324487
2019-12-27 10:00:00,0.28366196260321885
2019-12-27 10:03:00,0.23410312097763608
2019-12-27 10:06:00,0.1798623279287881
2019-12-27 10:09:00,0.3179088276118023
2019-12-27 10:12:00,0.19701077503640363
2019-12-27 10:15:00,0.13255410790395672
2019-12-27 10:18:00,0.2245848234422283
2019-12-27 10:21:00,0.20869758999748456
2019-12-27 10:24:00,0.19441828186484145
2019-12-27 10:27:00,0.13485202506456062
2019-12-27 10:30:00,0.2776461020494594
2019-12-27 10:33:00,0.2644991383641013
2019-12-27 10:36:00,0.22831095091265752
2019-12-27 10:39:00,0.2172887228339846
2019-12-27 10:42:00,0.2753530455066766
2019-12-27 10:45:00,0.08591578037044201
2019-12-27 10:48:00,0.19010152244283063
2019-12-27 10:51:00,0.1111377936585427
2019-12-27 10:54:00,0.21259236295389883
2019-12-27 10:57:00,0.23841764249442576
2019-12-27 11:00:00,0.2207763088737238
2019-12-27 11:03:00,0.09618600653658405
2019-12-27 11:06:00,0.12391576474482235
2019-12-27 11:09:00,0.052365684469350526
2019-12-27 11:12:00,0.1040465810424962
2019-12-27 11:15:00,0.07459953512653783
2019-12-27 11:18:00,0.1628310059738851
2019-12-27 11:21:00,0.12674205975866926
2019-12-27 11:24:00,0.0873046161668185
2019-12-27 11:27:00,0.061305666247790214
2019-12-27 11:30:00,0.14068856714959566
2019-12-27 11:33:00,0.14077941539738958
2019-12-27 11:36:00,0.1490651780134158
2019-12-27 11:39:00,0.09146406620476455
2019-12-27 11:42:00,0.10950462174059794
2019-12-27 11:45:00,0.1692305018963225
2019-12-27 11:48:00,0.1372069575386945
2019-12-27 11:51:00,0.14542884684846058
2019-12-27 11:54:00,0.14184449808522004
2019-12-27 11:57:00,0.10814240714483958
2019-12-27 12:00:00,0.14571639982847273
2019-12-27 12:03:00,0.05677801615883027
2019-12-27 12:06:00,0.10769372716339376
2019-12-27 12:09:00,0.047027133472170135
2019-12-27 12:12:00,0.005541959801121266
2019-12-27 12:15:00,0.03577706042057116
2019-12-27 12:18:00,0.027151797217243256
2019-12-27 12:21:00,0.091234969845857
2019-12-27 12:24:00,0.03357390026502571
2019-12-27 12:27:00,0.18203476428504928
2019-12-27 12:30:00,0.0891640902926838
2019-12-27 12:33:00,0.08526116326027022
2019-12-27 12:36:00,0.07641559582231139
2019-12-27 12:39:00,0.08661272542644838
2019-12-27 12:42:00,0.06286095091127208
2019-12-27 12:45:00,0.031883060434211075
2019-12-27 12:48:00,0.11605551493840949
2019-12-27 12:51:00,0.08979479709631732
2019-12-27 12:54:00,0.18963544076120797
2019-12-27 12:57:00,0.05697641808313847
2019-12-27 13:00:00,0.053713711884768145
2019-12-27 13:03:00,0.15782809753227411
2019-12-27 13:06:00,0.11494707585927699
2019-12-27 13:09:00,-0.003973358766074853
2019-12-27 13:12:00,0.13379580316325246
2019-12-27 13:15:00,0.1509068758621197
2019-12-27 13:18:00,-0.027565368061459594
2019-12-27 13:21:00,0.1015808673439551
2019-12-27 13:24:00,0.09129000276817578
2019-12-27 13:27:00,0.05244272628789304
2019-12-27 13:30:00,0.1684177279968253
2019-12-27 13:33:00,0.0614614974983283
2019-12-27 13:36:00,0.09287635838393271
2019-12-27 13:39:00,0.02052961253224339
2019-12-27 13:42:00,0.09845824531225844
2019-12-27 13:45:00,0.03948367794112073
2019-12-27 13:48:00,0.1074490784445743
2019-12-27 13:51:00,0.005436947408270498
2019-12-27 13:54:00,0.09068971148394667
2019-12-27 13:57:00,-0.03046319515436835
2019-12-27 14:00:00,0.09024964846832972
2019-12-27 14:03:00,0.017690841221622122
2019-12-27 14:06:00,-0.02351296732155106
2019-12-27 14:09:00,-0.047067187078994266
2019-12-27 14:12:00,0.03206490769878201
2019-12-27 14:15:00,-0.010965067119627747
2019-12-27 14:18:00,0.03664064901175834
2019-12-27 14:21:00,-0.01022707350705332
2019-12-27 14:24:00,-0.18487618350269486
2019-12-27 14:27:00,0.08038527004339358
2019-12-27 14:30:00,0.02914566468899693
2019-12-27 14:33:00,0.041512104382263715
2019-12-27 14:36:00,0.036394760033033435
2019-12-27 14:39:00,0.009266967078247035
2019-12-27 14:42:00,-0.059611789618145394
2019-12-27 14:45:00,-0.05934058391682129
2019-12-27 14:48:00,-0.07128765315360397
2019-12-27 14:51:00,-0.13644797696741762
2019-12-27 14:54:00,0.05082947452541475
2019-12-27 14:57:00,-0.08243880931996728
2019-12-27 15:00:00,0.0204112218855812
2019-12-27 15:03:00,-0.006418113657161939
2019-12-27 15:06:00,-0.06164998511445674
2019-12-27 15:09:00,-0.07477493456480033
2019-12-27 15:12:00,0.005875320468248901
2019-12-27 15:15:00,-0.10247298727148291
2019-12-27 15:18:00,-0.02243293937550561
2019-12-27 15:21:00,-0.03118842334998817
2019-12-27 15:24:00,-0.13452154631914937
2019-12-27 15:27:00,0.013050108825382267
2019-12-27 15:30:00,-0.14685017796210786
2019-12-27 15:33:00,-0.07519802834383427
2019-12-27 15:36:00,0.022722412927748792
2019-12-27 15:39:00,0.00928014191345028
2019-12-27 15:42:00,0.010419920981803443
2019-12-27 15:45:00,-0.00885187893817374
2019-12-27 15:48:00,-0.08447117017135497
2019-12-27 15:51:00,-0.05596924439760187
2019-12-27 15:54:00,0.010013946244725958
2019-12-27 15:57:00,0.05094843388371828
2019-12-27 16:00:00,0.07893173181025759
2019-12-27 16:03:00,0.06195608946023867
2019-12-27 16:06:00,0.008600027986460645
2019-12-27 16:09:00,-0.007105386120201729
2019-12-27 16:12:00,-0.016077246620966434
2019-12-27 16:15:00,0.018321053521447084
2019-12-27 16:18:00,-0.08080504807469424
2019-12-27 16:21:00,0.04110492566803714
2019-12-27 16:24:00,0.12847225939293594
2019-12-27 16:27:00,0.003365812958747938
2019-12-27 16:30:00,0.048601597839422084
2019-12-27 16:33:00,0.004305524809353756
2019-12-27 16:36:00,-0.017826581886822623
2019-12-27 16:39:00,-0.023154123289373274
2019-12-27 16:42:00,-0.024840329921630655
2019-12-27 16:45:00,0.0776849866036855
2019-12-27 16:48:00,0.06025993883849878
2019-12-27 16:51:00,0.022660278620662666
2019-12-27 16:54:00,-0.010506922175977707
2019-12-27 16:57:00,0.024360829365491554
2019-12-27 17:00:00,0.06709258283996178
2019-12-27 17:03:00,-0.036020476387250255
2019-12-27 17:06:00,0.0782919593758038
2019-12-27 17:09:00,0.09000729691052811
2019-12-27 17:12:00,0.09280238280359754
2019-12-27 17:15:00,0.13853624795717678
2019-12-27 17:18:00,0.0788543950326357
2019-12-27 17:21:00,0.07997652514774245
2019-12-27 17:24:00,0.10871765809980616
2019-12-27 17:27:00,0.022386328090817642
2019-12-27 17:30:00,0.12815746930999694
2019-12-27 17:33:00,0.07775000933253295
2019-12-27 17:36:00,0.11573467244807034
2019-12-27 17:39:00,0.08570823912378955
2019-12-27 17:42:00,0.05411624440256446
2019-12-27 17:45:00,0.06403356916547409
2019-12-27 17:48:00,0.1103103272018302
2019-12-27 17:51:00,0.13277896524476773
2019-12-27 17:54:00,0.14887714145169184
2019-12-27 17:57:00,0.1671336508216541
2019-12-27 18:00:00,0.2545018071389791
2019-12-27 18:03:00,0.157852210101737
2019-12-27 18:06:00,0.23903748081170306
2019-12-27 18:09:00,0.2955837581538958
2019-12-27 18:12:00,0.2349346150143674
2019-12-27 18:15:00,0.27109337911559805
2019-12-27 18:18:00,0.2557012429705878
2019-12-27 18:21:00,0.1752745055126752
2019-12-27 18:24:00,0.1559186682564473
2019-12-27 18:27:00,0.2697553224036824
2019-12-27 18:30:00,0.17451248230531746
2019-12-27 18:33:00,0.1158619724815253
2019-12-27 18:36:00,0.2703583832859522
2019-12-27 18:39:00,0.21013792720975744
2019-12-27 18:42:00,0.22488107502715593
2019-12-27 18:45:00,0.22274580337727912
2019-12-27 18:48:00,0.2282475421733352
2019-12-27 18:51:00,0.4410499899124716
2019-12-27 18:54:00,
2019-12-27 18:57:00,
2019-12-27 19:00:00,
2019-12-27 19:03:00,0.26262311894453205
2019-12-27 19:06:00,0.2747745924759215
2019-12-27 19:09:00,0.2691900178109563
2019-12-27 19:12:00,0.18400411650270598
2019-12-27 19:15:00,0.31229413474761714
2019-12-27 19:18:00,0.25970117069158505
2019-12-27 19:21:00,0.18592667314374012
2019-12-27 19:24:00,0.23200054402229853
2019-12-27 19:27:00,0.25636159200485054
2019-12-27 19:30:00,0.2507901796879537
2019-12-27 19:33:00,0.2805376666183861
2019-12-27 19:36:00,0.34104485282364294
2019-12-27 19:39:00,0.16588946853380548
2019-12-27 19:42:00,0.27886385435471084
2019-12-27 19:45:00,0.2453178559587741
2019-12-27 19:48:00,0.3829606217142896
2019-12-27 19:51:00,0.26111883862665763
2019-12-27 19:54:00,0.23480813207129358
2019-12-27 19:57:00,0.3097424936802895
2019-12-27 20:00:00,0.28601986327981876
2019-12-27 20:03:00,0.19171336128152916
2019-12-27 20:06:00,0.2854914875646273
2019-12-27 20:09:00,0.23132061545709348
2019-12-27 20:12:00,0.34259245678293837
2019-12-27 20:15:00,0.26803596471188484
2019-12-27 20:18:00,0.3175252941711051
2019-12-27 20:21:00,0.35434473431394053
2019-12-27 20:24:00,0.39668791728706765
2019-12-27 20:27:00,0.28407543140355074
2019-12-27 20:30:00,0.37653487252640616
2019-12-27 20:33:00,0.31173814812842693
2019-12-27 20:36:00,0.3498823791451855
2019-12-27 20:39:00,0.38039573252405035
2019-12-27 20:42:00,0.410449593626538
2019-12-27 20:45:00,0.4191915917410256
2019-12-27 20:48:00,0.39671681206516496
2019-12-27 20:51:00,0.401199108710955
2019-12-27 20:54:00,0.35943771256035006
2019-12-27 20:57:00,0.4228452509591989
2019-12-27 21:00:00,0.35301235419154864
2019-12-27 21:03:00,0.4284130573770426
2019-12-27 21:06:00,0.35715750726660644
2019-12-27 21:09:00,0.3913342852523556
2019-12-27 21:12:00,0.35605330089430254
2019-12-27 21:15:00,0.40173950580748397
2019-12-27 21:18:00,0.520905460895051
2019-12-27 21:21:00,0.4655999507445472
2019-12-27 21:24:00,0.43923422895238673
2019-12-27 21:27:00,0.3704806793779767
2019-12-27 21:30:00,0.4115893013803884
2019-12-27 21:33:00,0.45533996686918954
2019-12-27 21:36:00,0.4120767533830758
2019-12-27 21:39:00,0.45544914307072304
2019-12-27 21:42:00,0.4081040716115467
2019-12-27 21:45:00,0.36238794566696697
2019-12-27 21:48:00,0.4609999177596933
2019-12-27 21:51:00,0.4294638155401458
2019-12-27 21:54:00,0.45657740190694085
2019-12-27 21:57:00,0.4596529332693535
2019-12-27 22:00:00,0.43131897051455326
2019-12-27 22:03:00,0.42508857712732606
2019-12-27 22:06:00,0.40451353573763527
2019-12-27 22:09:00,0.4943638323389905
2019-12-27 22:12:00,0.43652734260848547
2019-12-27 22:15:00,0.4058488304257253
2019-12-27 22:18:00,0.45013924417332873
2019-12-27 22:21:00,0.5589112048564857
2019-12-27 22:24:00,0.4931819780972546
2019-12-27 22:27:00,0.40119271723165184
2019-12-27 22:30:00,0.5048328881884458
2019-12-27 22:33:00,0.4827748699223662
2019-12-27 22:36:00,0.4150546052136974
2019-12-27 22:39:00,0.463276917680048
2019-12-27 22:42:00,0.5692105240528349
2019-12-27 22:45:00,0.4401264277224186
2019-12-27 22:48:00,0.43664504136432924
2019-12-27 22:51:00,0.41545455968275746
2019-12-27 22:54:00,0.41130513151586
2019-12-27 22:57:00,0.4139477020410709
2019-12-27 23:00:00,0.4242428218433929
2019-12-27 23:03:00,0.3823176568087092
2019-12-27 23:06:00,0.46221331937664445
2019-12-27 23:09:00,0.44068972270389395
2019-12-27 23:12:00,0.37297300990712756
2019-12-27 23:15:00,0.3392531625711399
2019-12-27 23:18:00,0.4802371164412875
2019-12-27 23:21:00,0.46178941077323543
2019-12-27 23:24:00,0.3319944026416124
2019-12-27 23:27:00,0.46938845668574913
2019-12-27 23:30:00,0.3800383281940185
2019-12-27 23:33:00,0.4593894969864323
2019-12-27 23:36:00,0.436481296036618
2019-12-27 23:39:00,0.4294612349007707
2019-12-27 23:42:00,0.4260170653178079
2019-12-27 23:45:00,0.46005716462860846
2019-12-27 23:48:00,0.40664430296760656
2019-12-27 23:51:00,0.3811900752391466
2019-12-27 23:54:00,0.567932512288337
2019-12-27 23:57:00,0.3724125454801879
2019-12-28 00:00:00,0.4050689060035211
2019-12-28 00:03:00,0.43323366640885297
2019-12-28 00:06:00,0.500853741224546
2019-12-28 00:09:00,0.4887853656115908
2019-12-28 00:12:00,0.5068350272712223
2019-12-28 00:15:00,0.40471044970178127
2019-12-28 00:18:00,0.4423648239364866
2019-12-28 00:21:00,0.5027873077868321
2019-12-28 00:24:00,0.45027278320111463
2019-12-28 00:27:00,0.40180162267563446
2019-12-28 00:30:00,0.36296651676673264
2019-12-28 00:33:00,0.4366293033380657
2019-12-28 00:36:00,0.4679901031481677
2019-12-28 00:39:00,0.3291787787878775
2019-12-28 00:42:00,0.4422169822383921
2019-12-28 00:45:00,0.42892863848493334
2019-12-28 00:48:00,0.4356577059229494
2019-12-28 00:51:00,0.4803598509650442
2019-12-28 00:54:00,0.4237048708438351
2019-12-28 00:57:00,0.4537730669768507
2019-12-28 01:00:00,0.47280042521396126
2019-12-28 01:03:00,0.4303827534131415
2019-12-28 01:06:00,0.45038185674667375
2019-12-28 01:09:00,0.4375831331738027
2019-12-28 01:12:00,0.44916559165477565
2019-12-28 01:15:00,0.5782038050196547
2019-12-28 01:18:00,0.5893602179041864
2019-12-28 01:21:00,0.4995305126727203
2019-12-28 01:24:00,0.49961239968541804
2019-12-28 01:27:00,0.6014197975022171
2019-12-28 01:30:00,0.5906683308219272
2019-12-28 01:33:00,0.4284682080798916
2019-12-28 01:36:00,0.5389857212046536
2019-12-28 01:39:00,0.4475106305686154
2019-12-28 01:42:00,0.5892533164346787
2019-12-28 01:45:00,0.6310671150112626
2019-12-28 01:48:00,0.445638402376062
2019-12-28 01:51:00,0.4845784504370272
2019-12-28 01:54:00,0.4781600330395577
2019-12-28 01:57:00,0.4555285671470415
2019-12-28 02:00:00,0.5454307845844824
2019-12-28 02:03:00,0.5384267669336396
2019-12-28 02:06:00,0.47142999233790306
2019-12-28 02:09:00,0.4245580560995563
2019-12-28 02:12:00,0.4567687858699969
2019-12-28 02:15:00,0.5420292402093878
2019-12-28 02:18:00,0.578207874163752
2019-12-28 02:21:00,0.5282410841024898
2019-12-28 02:24:00,0.6025837393909796
2019-12-28 02:27:00,0.648658396571534
2019-12-28 02:30:00,0.5251906993756847
2019-12-28 02:33:00,0.48951312702524774
2019-12-28 02:36:00,0.6421290432296587
2019-12-28 02:39:00,0.5793463989895145
2019-12-28 02:42:00,0.497571491544079
2019-12-28 02:45:00,0.5291893082582533
2019-12-28 02:48:00,0.6010949960584071
2019-12-28 02:51:00,0.5785484391259956
2019-12-28 02:54:00,0.565607559745331
2019-12-28 02:57:00,0.6836137698272751
2019-12-28 03:00:00,0.6564268150168573
2019-12-28 03:03:00,0.6379446719676594
2019-12-28 03:06:00,0.6518318052387144
2019-12-28 03:09:00,0.7123152027078277
2019-12-28 03:12:00,0.7041984476414314
2019-12-28 03:15:00,0.5755436708649881
2019-12-28 03:18:00,0.5413670866852272
2019-12-28 03:21:00,0.6340880218414782
2019-12-28 03:24:00,0.5583549726013644
2019-12-28 03:27:00,0.6173018787353044
2019-12-28 03:30:00,0.5739542703166762
2019-12-28 03:33:00,0.5295671617689663
2019-12-28 03:36:00,0.6771986998289208
2019-12-28 03:39:00,0.5739962328966612
2019-12-28 03:42:00,0.578752707910553
2019-12-28 03:45:00,0.6838233197817658
2019-12-28 03:48:00,0.6126225481131655
2019-12-28 03:51:00,0.5728243650603986
2019-12-28 03:54:00,0.6260244307215999
2019-12-28 03:57:00,0.5813134512568467
2019-12-28 04:00:00,0.6683882102724965
2019-12-28 04:03:00,0.6188293889089778
2019-12-28 04:06:00,0.6873454420837675
2019-12-28 04:09:00,0.5696062948273948
2019-12-28 04:12:00,0.5963006037167133
2019-12-28 04:15:00,0.5862908294832323
2019-12-28 04:18:00,0.6414762716024711
2019-12-28 04:21:00,0.6255763902569242
2019-12-28 04:24:00,0.5385038019672947
2019-12-28 04:27:00,0.6530795850811728
2019-12-28 04:30:00,0.6312256594563905
2019-12-28 04:33:00,0.6227715121623305
2019-12-28 04:36:00,0.6045678506050081
2019-12-28 04:39:00,0.6308161681959064
2019-12-28 04:42:00,0.6374197195929696
2019-12-28 04:45:00,0.6083909381372337
2019-12-28 04:48:00,0.5602550209086985
2019-12-28 04:51:00,0.6030727295176348
2019-12-28 04:54:00,0.6669897370076683
2019-12-28 04:57:00,0.7160794212738324
2019-12-28 05:00:00,0.6134585534625785
2019-12-28 05:03:00,0.6975044870449665
2019-12-28 05:06:00,0.5832865749698612
2019-12-28 05:09:00,0.6385310919227436
2019-12-28 05:12:00,0.6629523760085476
2019-12-28 05:15:00,0.6031268877732145
2019-12-28 05:18:00,0.5909436119943621
2019-12-28 05:21:00,0.6798153117725292
2019-12-28 05:24:00,0.5177462758278466
2019-12-28 05:27:00,0.5870596170195768
2019-12-28 05:30:00,0.6294220299388371
2019-12-28 05:33:00,0.6796302868237944
2019-12-28 05:36:00,0.5552665357880073
2019-12-28 05:39:00,0.5836198893549636
2019-12-28 05:42:00,0.6062709938698276
2019-12-28 05:45:00,0.5061791091213195
2019-12-28 05:48:00,0.5603251231203785
2019-12-28 05:51:00,0.6133125123679406
2019-12-28 05:54:00,0.6233102126756194
2019-12-28 05:57:00,0.6115780771801269
2019-12-28 06:00:00,0.6948763341299582
2019-12-28 06:03:00,0.5030372236157064
2019-12-28 06:06:00,0.6858852427225202
2019-12-28 06:09:00,0.6385634264968871
2019-12-28 06:12:00,0.5963609422434502
2019-12-28 06:15:00,0.6954306621927344
2019-12-28 06:18:00,0.6519947399640387
2019-12-28 06:21:00,0.7082432641228706
2019-12-28 06:24:00,0.7593939724163761
2019-12-28 06:27:00,0.5507343095040937
2019-12-28 06:30:00,0.6639515378404326
2019-12-28 06:33:00,0.7242318667875338
2019-12-28 06:36:00,0.5998575945159814
2019-12-28 06:39:00,0.6298462495672652
2019-12-28 06:42:00,0.6748374138875874
2019-12-28 06:45:00,0.5622581233200776
2019-12-28 06:48:00,0.66977144055096
2019-12-28 06:51:00,0.6373034026414075
2019-12-28 06:54:00,0.6400952958351809
2019-12-28 06:57:00,0.6298132896138213
2019-12-28 07:00:00,0.6327864890203045
2019-12-28 07:03:00,0.6920939877927594
2019-12-28 07:06:00,0.5827340381312638
2019-12-28 07:09:00,0.6388853542126753
2019-12-28 07:12:00,0.6789724296369855
2019-12-28 07:15:00,0.6541515430241134
2019-12-28 07:18:00,0.6565227100177822
2019-12-28 07:21:00,0.6127722100804363
2019-12-28 07:24:00,0.6966124197259091
2019-12-28 07:27:00,0.4974408852747274
2019-12-28 07:30:00,0.643720315620385
2019-12-28 07:33:00,0.6224396472455851
2019-12-28 07:36:00,0.6394196718808871
2019-12-28 07:39:00,0.564140286770396
2019-12-28 07:42:00,0.6615421848508731
2019-12-28 07:45:00,0.5936611261521989
2019-12-28 07:48:00,0.7067632353144973
2019-12-28 07:51:00,0.6087200066539822
2019-12-28 07:54:00,0.5973203450760138
2019-12-28 07:57:00,0.5488404948212064
2019-12-28 08:00:00,0.5451295365634223
2019-12-28 08:03:00,0.49566374186184703
2019-12-28 08:06:00,0.541395234269828
2019-12-28 08:09:00,0.641993225470685
2019-12-28 08:12:00,0.6089062005629557
2019-12-28 08:15:00,0.5601640112355994
2019-12-28 08:18:00,0.4700624907848123
2019-12-28 08:21:00,0.4784741059335147
2019-12-28 08:24:00,0.42590270927365736
2019-12-28 08:27:00,0.44225755210459283
2019-12-28 08:30:00,0.41864004352237316
2019-12-28 08:33:00,0.52948044558417
2019-12-28 08:36:00,0.5291956259392805
2019-12-28 08:39:00,0.5128863563493269
2019-12-28 08:42:00,0.4046289383841213
2019-12-28 08:45:00,0.3934201412907896
2019-12-28 08:48:00,0.47714340064476346
2019-12-28 08:51:00,0.38288269959610943
2019-12-28 08:54:00,0.445858407859987
2019-12-28 08:57:00,0.5119694239816113
2019-12-28 09:00:00,0.4227249251045464
2019-12-28 09:03:00,0.40635481791827033
2019-12-28 09:06:00,0.4103972992644458
2019-12-28 09:09:00,0.4422341971943524
2019-12-28 09:12:00,0.3720645101523701
2019-12-28 09:15:00,0.37091213354290176
2019-12-28 09:18:00,0.3644064884452973
2019-12-28 09:21:00,0.2957565870117378
2019-12-28 09:24:00,0.36642851380202046
2019-12-28 09:27:00,0.3944763498258794
2019-12-28 09:30:00,0.2471656328240215
2019-12-28 09:33:00,0.1618768622947755
2019-12-28 09:36:00,0.20722105141214797
2019-12-28 09:39:00,0.22947422925187766
2019-12-28 09:42:00,0.0993682453217275
2019-12-28 09:45:00,0.264301363704476
2019-12-28 09:48:00,0.20329202262098534
2019-12-28 09:51:00,0.18406641951247593
2019-12-28 09:54:00,0.18310004619559095
2019-12-28 09:57:00,0.22623451265064887
2019-12-28 10:00:00,0.16820047210472922
2019-12-28 10:03:00,0.12137194739284496
2019-12-28 10:06:00,0.1520181296639862
2019-12-28 10:09:00,0.17685710396631293
2019-12-28 10:12:00,0.21027458483877126
2019-12-28 10:15:00,0.2984440712625087
2019-12-28 10:18:00,0.18918194869900162
2019-12-28 10:21:00,0.17096844581573123
2019-12-28 10:24:00,0.1756299309773226
2019-12-28 10:27:00,0.11128522648266426
2019-12-28 10:30:00,0.23473608146281322
2019-12-28 10:33:00,0.09479589622844742
2019-12-28 10:36:00,0.2009934680254446
2019-12-28 10:39:00,0.12317123237028227
2019-12-28 10:42:00,0.07707582336826135
2019-12-28 10:45:00,-0.022136778390631662
2019-12-28 10:48:00,0.031731676252718444
2019-12-28 10:51:00,0.05341153802748977
2019-12-28 10:54:00,0.05665993036677719
2019-12-28 10:57:00,-0.03377367853374835
2019-12-28 11:00:00,0.18442677322326517
2019-12-28 11:03:00,0.042938622517851854
2019-12-28 11:06:00,0.015296491299977788
2019-12-28 11:09:00,-0.029939208911685
2019-12-28 11:12:00,0.0793926136101959
2019-12-28 11:15:00,0.09222764208635681
2019-12-28 11:18:00,-0.05140652885097552
2019-12-28 11:21:00,0.009218275654006902
2019-12-28 11:24:00,0.06451107287978175
2019-12-28 11:27:00,0.059845776597967415
2019-12-28 11:30:00,0.0577407294865111
2019-12-28 11:33:00,0.06283004804021175
2019-12-28 11:36:00,-0.020973142491300223
2019-12-28 11:39:00,0.04349390194749958
2019-12-28 11:42:00,0.05826852725317622
2019-12-28 11:45:00,0.0015120977082005993
2019-12-28 11:48:00,-0.010586520829747315
2019-12-28 11:51:00,0.141469742317895
2019-12-28 11:54:00,0.0593124078311007
2019-12-28 11:57:00,0.006211162292572681
2019-12-28 12:00:00,0.04847711907035546
2019-12-28 12:03:00,0.0008187526972847081
2019-12-28 12:06:00,0.052935385263822354
2019-12-28 12:09:00,0.002753222667877253
2019-12-28 12:12:00,0.03243015474021149
2019-12-28 12:15:00,0.016706520990908302
2019-12-28 12:18:00,0.09115476298603653
2019-12-28 12:21:00,0.035722633841714924
2019-12-28 12:24:00,-0.005355633017472883
2019-12-28 12:27:00,4.313758739726836e-05
2019-12-28 12:30:00,-0.0131403012447322
2019-12-28 12:33:00,-0.04268468243162715
2019-12-28 12:36:00,-0.0460850113242941
2019-12-28 12:39:00,-0.11994765136341812
2019-12-28 12:42:00,-0.09216256970017866
2019-12-28 12:45:00,0.015561937805614434
2019-12-28 12:48:00,-0.011674599437299094
2019-12-28 12:51:00,-0.07334101454353004
2019-12-28 12:54:00,-0.055399842030510627
2019-12-28 12:57:00,-0.019546997680720324
2019-12-28 13:00:00,-0.06952413894782694
2019-12-28 13:03:00,-0.04746572634064705
2019-12-28 13:06:00,-0.11498897978418654
2019-12-28 13:09:00,-0.14639490757542717
2019-12-28 13:12:00,-0.15637730304985098
2019-12-28 13:15:00,-0.05193705820897776
2019-12-28 13:18:00,-0.13793200255275906
2019-12-28 13:21:00,-0.11664457048567556
2019-12-28 13:24:00,-0.04153427644303065
2019-12-28 13:27:00,-0.10146860739939711
2019-12-28 13:30:00,-0.04288134985853276
2019-12-28 13:33:00,-0.06399133521153999
2019-12-28 13:36:00,-0.09347596189763863
2019-12-28 13:39:00,-0.026582576873352082
2019-12-28 13:42:00,-0.057891110253251554
2019-12-28 13:45:00,-0.1600151958334095
2019-12-28 13:48:00,-0.1745650782120265
2019-12-28 13:51:00,-0.14650446426958297
2019-12-28 13:54:00,-0.09441993170065643
2019-12-28 13:57:00,-0.11921273775402597
2019-12-28 14:00:00,-0.15814134197637486
2019-12-28 14:03:00,-0.10347193435313784
2019-12-28 14:06:00,0.04046572081352906
2019-12-28 14:09:00,-0.11516982673504117
2019-12-28 14:12:00,-0.1404447064239207
2019-12-28 14:15:00,-0.0874804388537882
2019-12-28 14:18:00,-0.19977139453118298
2019-12-28 14:21:00,-0.09254420368057481
2019-12-28 14:24:00,-0.16442309559823798
2019-12-28 14:27:00,-0.1211731029872567
2019-12-28 14:30:00,-0.15214610090441738
2019-12-28 14:33:00,-0.050003864248026275
2019-12-28 14:36:00,-0.1755546225177227
2019-12-28 14:39:00,-0.1466284017532189
2019-12-28 14:42:00,-0.23011182832800614
2019-12-28 14:45:00,-0.13444419494572912
2019-12-28 14:48:00,-0.12925473433193702
2019-12-28 14:51:00,-0.15546079182962558
2019-12-28 14:54:00,-0.11037470600604138
2019-12-28 14:57:00,-0.13268454968942933
2019-12-28 15:00:00,-0.008503403447718938
2019-12-28 15:03:00,-0.050273202258324545
2019-12-28 15:06:00,-0.1709141561975116
2019-12-28 15:09:00,-0.1506828511487015
2019-12-28 15:12:00,-0.12098400501901097
2019-12-28 15:15:00,-0.04736063109464794
2019-12-28 15:18:00,0.009127100418254486
2019-12-28 15:21:00,-0.020836669773643735
2019-12-28 15:24:00,-0.03910496603310776
2019-12-28 15:27:00,-0.06216055534264342
2019-12-28 15:30:00,-0.008890060135001931
2019-12-28 15:33:00,-0.07563571814023362
2019-12-28 15:36:00,-0.019218698446934468
2019-12-28 15:39:00,0.007500895946520814
2019-12-28 15:42:00,-0.1322877378187286
2019-12-28 15:45:00,-0.12060398924597848
2019-12-28 15:48:00,-0.10025737291073256
2019-12-28 15:51:00,-0.033437176822531
2019-12-28 15:54:00,-0.023504110164537906
2019-12-28 15:57:00,-0.135274752933924
2019-12-28 16:00:00,-0.0874946072129319
2019-12-28 16:03:00,-0.14062719084790842
2019-12-28 16:06:00,-0.03740635666071057
2019-12-28 16:09:00,-0.059940171802566056
2019-12-28 16:12:00,-0.04637652598671593
2019-12-28 16:15:00,-0.08754912835667028
2019-12-28 16:18:00,-0.15071597190188868
2019-12-28 16:21:00,-0.11001859977392314
2019-12-28 16:24:00,-0.1909306461129745
2019-12-28 16:27:00,-0.16341985349561128
2019-12-28 16:30:00,-0.07415172342274445
2019-12-28 16:33:00,-0.07492584398897861
2019-12-28 16:36:00,-0.06083412605062222
2019-12-28 16:39:00,-0.04452303270949187
2019-12-28 16:42:00,-0.10334118730855835
2019-12-28 16:45:00,-0.06685413432188625
2019-12-28 16:48:00,-0.030329335322392126
2019-12-28 16:51:00,-0.030051975238393425
2019-12-28 16:54:00,-0.0015567019542004346
2019-12-28 16:57:00,-0.05446197954205445
2019-12-28 17:00:00,-0.023315993409596558
2019-12-28 17:03:00,-0.0810718114997826
2019-12-28 17:06:00,-0.1399040827374165
2019-12-28 17:09:00,-0.04220232085714315
2019-12-28 17:12:00,-0.03722821674369925
2019-12-28 17:15:00,0.05419537897915916
2019-12-28 17:18:00,-0.029494610856204417
2019-12-28 17:21:00,0.006020854003679688
2019-12-28 17:24:00,-0.03184302096025249
2019-12-28 17:27:00,0.0007714179190543291
2019-12-28 17:30:00,-0.04556864860086307
2019-12-28 17:33:00,-0.0030706078409821203
2019-12-28 17:36:00,-0.06519251223824085
2019-12-28 17:39:00,0.008529821907416135
2019-12-28 17:42:00,-0.07678775991917064
2019-12-28 17:45:00,-0.009369864060374766
2019-12-28 17:48:00,0.029286891389176617
2019-12-28 17:51:00,-0.03098153279381677
2019-12-28 17:54:00,0.04805901192571582
2019-12-28 17:57:00,0.14510954081612226
2019-12-28 18:00:00,0.07312402774130078
2019-12-28 18:03:00,-0.05471759657569919
2019-12-28 18:06:00,0.1762801408722794
2019-12-28 18:09:00,0.043975498020984105
2019-12-28 18:12:00,0.13925996457089695
2019-12-28 18:15:00,0.05837050447036063
2019-12-28 18:18:00,0.18289493274340884
2019-12-28 18:21:00,0.09492884545664992
2019-12-28 18:24:00,0.07020496426827094
2019-12-28 18:27:00,0.1548352324372786
2019-12-28 18:30:00,0.03815473968916194
2019-12-28 18:33:00,0.14411091301604984
2019-12-28 18:36:00,0.19870473218423967
2019-12-28 18:39:00,0.17522215561456278
2019-12-28 18:42:00,0.1446144001911307
2019-12-28 18:45:00,0.07649461187560291
2019-12-28 18:48:00,0.13830451353766193
2019-12-28 18:51:00,0.17475898098348353
2019-12-28 18:54:00,
2019-12-28 18:57:00,
2019-12-28 19:00:00,
2019-12-28 19:03:00,0.10755393556070203
2019-12-28 19:06:00,0.20473683967242096
2019-12-28 19:09:00,0.15773193178080192
2019-12-28 19:12:00,0.21190766223901392
2019-12-28 19:15:00,0.20571070871983466
2019-12-28 19:18:00,0.014015794106910562
2019-12-28 19:21:00,0.25864605266707485
2019-12-28 19:24:00,0.21249567099545175
2019-12-28 19:27:00,0.31378262234682097
2019-12-28 19:30:00,0.1026825565510876
2019-12-28 19:33:00,0.19598981964549012
2019-12-28 19:36:00,0.25275991847559
2019-12-28 19:39:00,0.19792156847012166
2019-12-28 19:42:00,0.16997703611372117
2019-12-28 19:45:00,0.17107430545286206
2019-12-28 19:48:00,0.17609606115843235
2019-12-28 19:51:00,0.2939570601775472
2019-12-28 19:54:00,0.25441980850433765
2019-12-28 19:57:00,0.1766397116153371
2019-12-28 20:00:00,0.2278151652965903
2019-12-28 20:03:00,0.2432544802376242
2019-12-28 20:06:00,0.1953526188978003
2019-12-28 20:09:00,0.3151506047583439
2019-12-28 20:12:00,0.2437936419675566
2019-12-28 20:15:00,0.25799658139197845
2019-12-28 20:18:00,0.2079832946472493
2019-12-28 20:21:00,0.1428697048881986
2019-12-28 20:24:00,0.2345786429506802
2019-12-28 20:27:00,0.2510451781155325
2019-12-28 20:30:00,0.2531197138183643
2019-12-28 20:33:00,0.2645954150571015
2019-12-28 20:36:00,0.2022789943715111
2019-12-28 20:39:00,0.21420846472636867
2019-12-28 20:42:00,0.2376872536490282
2019-12-28 20:45:00,0.2722778767903833
2019-12-28 20:48:00,0.2815607186510647
2019-12-28 20:51:00,0.27771210634654153
2019-12-28 20:54:00,0.26049932438729684
2019-12-28 20:57:00,0.25908359470446385
2019-12-28 21:00:00,0.22519170214582118
2019-12-28 21:03:00,0.3043720815959432
2019-12-28 21:06:00,0.34762345995341093
2019-12-28 21:09:00,0.2682628340156725
2019-12-28 21:12:00,0.20889562331410616
2019-12-28 21:15:00,0.26863195650304306
2019-12-28 21:18:00,0.3058872552832099
2019-12-28 21:21:00,0.36769314547115073
2019-12-28 21:24:00,0.236576616086154
2019-12-28 21:27:00,0.30698511705134024
2019-12-28 21:30:00,0.35265805312735665
2019-12-28 21:33:00,0.3302506348165366
2019-12-28 21:36:00,0.3842173977683956
2019-12-28 21:39:00,0.40225582688168515
2019-12-28 21:42:00,0.3308341125511447
2019-12-28 21:45:00,0.36965002570906336
2019-12-28 21:48:00,0.3916782668608221
2019-12-28 21:51:00,0.33628548270223746
2019-12-28 21:54:00,0.2967220922953402
2019-12-28 21:57:00,0.314986421314984
2019-12-28 22:00:00,0.2843021410825486
2019-12-28 22:03:00,0.35223617297765486
2019-12-28 22:06:00,0.32171436156295385
2019-12-28 22:09:00,0.2596691516458236
2019-12-28 22:12:00,0.31461779249053734
2019-12-28 22:15:00,0.31122079857033214
2019-12-28 22:18:00,0.356940645481302
2019-12-28 22:21:00,0.3721951317709795
2019-12-28 22:24:00,0.37882998997844197
2019-12-28 22:27:00,0.3388540143437808
2019-12-28 22:30:00,0.3115710505662719
2019-12-28 22:33:00,0.2937109542422718
2019-12-28 22:36:00,0.19473783240550802
2019-12-28 22:39:00,0.3742327572848012
2019-12-28 22:42:00,0.30163781064254636
2019-12-28 22:45:00,0.324217362759498
2019-12-28 22:48:00,0.3614278149833581
2019-12-28 22:51:00,0.3913520587941548
2019-12-28 22:54:00,0.4444361338691465
2019-12-28 22:57:00,0.4052651327689887
2019-12-28 23:00:00,0.3761314520710357
2019-12-28 23:03:00,0.41374935094523835
2019-12-28 23:06:00,0.4223203252564076
2019-12-28 23:09:00,0.4788597140495767
2019-12-28 23:12:00,0.42749188123758586
2019-12-28 23:15:00,0.36792720246239696
2019-12-28 23:18:00,0.5428192766435131
2019-12-28 23:21:00,0.39803733143912723
2019-12-28 23:24:00,0.41561532477942364
2019-12-28 23:27:00,0.45835726096044027
2019-12-28 23:30:00,0.49123500927095165
2019-12-28 23:33:00,0.3615183994905351
2019-12-28 23:36:00,0.35721163057718286
2019-12-28 23:39:00,0.27949231691155774
2019-12-28 23:42:00,0.4371940573061579
2019-12-28 23:45:00,0.38808207029774167
2019-12-28 23:48:00,0.3000881801438595
2019-12-28 23:51:00,0.5333237141948075
2019-12-28 23:54:00,0.48110057755371827
2019-12-28 23:57:00,0.4599555380067386
2019-12-29 00:00:00,0.43513669327325033
2019-12-29 00:03:00,0.4906324419612247
2019-12-29 00:06:00,0.44843153861836527
2019-12-29 00:09:00,0.39796942215542686
2019-12-29 00:12:00,0.42479415478101146
2019-12-29 00:15:00,0.4765306225179984
2019-12-29 00:18:00,0.5461470087728912
2019-12-29 00:21:00,0.479606565112249
2019-12-29 00:24:00,0.5075770101320813
2019-12-29 00:27:00,0.5523791647898975
2019-12-29 00:30:00,0.5290870808354953
2019-12-29 00:33:00,0.6244805059485543
2019-12-29 00:36:00,0.45126233210299915
2019-12-29 00:39:00,0.46573490585348054
2019-12-29 00:42:00,0.49406587312574857
2019-12-29 00:45:00,0.3895338097101444
2019-12-29 00:48:00,0.43253764258946603
2019-12-29 00:51:00,0.5790974662101576
2019-12-29 00:54:00,0.4502998354683996
2019-12-29 00:57:00,0.5022229054497984
2019-12-29 01:00:00,0.5238352802870736
2019-12-29 01:03:00,0.5566742697176323
2019-12-29 01:06:00,0.5427774926936308
2019-12-29 01:09:00,0.5466815406422256
2019-12-29 01:12:00,0.45038661877754294
2019-12-29 01:15:00,0.5787643025116154
2019-12-29 01:18:00,0.46253501565104216
2019-12-29 01:21:00,0.5257656495089122
2019-12-29 01:24:00,0.5702259141895638
2019-12-29 01:27:00,0.6618788197290542
2019-12-29 01:30:00,0.6112495502919728
2019-12-29 01:33:00,0.41092883298966854
2019-12-29 01:36:00,0.5611272606482203
2019-12-29 01:39:00,0.4640876133752272
2019-12-29 01:42:00,0.5684253432621631
2019-12-29 01:45:00,0.46710363579063596
2019-12-29 01:48:00,0.5635237026067443
2019-12-29 01:51:00,0.5500699694188711
2019-12-29 01:54:00,0.5723022840841168
2019-12-29 01:57:00,0.5592084152843313
2019-12-29 02:00:00,0.5165031903205204
2019-12-29 02:03:00,0.5786183247745953
2019-12-29 02:06:00,0.5660481953766521
2019-12-29 02:09:00,0.5867714940827113
2019-12-29 02:12:00,0.5272285041047553
2019-12-29 02:15:00,0.5388906328291796
2019-12-29 02:18:00,0.5682109656515877
2019-12-29 02:21:00,0.5196686158068928
2019-12-29 02:24:00,0.5826542865741544
2019-12-29 02:27:00,0.610698997693305
2019-12-29 02:30:00,0.53411557651458
2019-12-29 02:33:00,0.5123121175741971
2019-12-29 02:36:00,0.5769472347070632
2019-12-29 02:39:00,0.6086641927494725
2019-12-29 02:42:00,0.5811295645612518
2019-12-29 02:45:00,0.6222184902056824
2019-12-29 02:48:00,0.5251356633023079
2019-12-29 02:51:00,0.6118387682228104
2019-12-29 02:54:00,0.6011747650417192
2019-12-29 02:57:00,0.6655761430452571
2019-12-29 03:00:00,0.6000458369619537
2019-12-29 03:03:00,0.6325522124401459
2019-12-29 03:06:00,0.6117849289827859
2019-12-29 03:09:00,0.6479642923079609
2019-12-29 03:12:00,0.5941390719594892
2019-12-29 03:15:00,0.5798661264904013
2019-12-29 03:18:00,0.5766974872400965
2019-12-29 03:21:00,0.6991198455359608
2019-12-29 03:24:00,0.6528727308929092
2019-12-29 03:27:00,0.6150159531403574
2019-12-29 03:30:00,0.6574424797431107
2019-12-29 03:33:00,0.6199726382253061
2019-12-29 03:36:00,0.6180607197624681
2019-12-29 03:39:00,0.5790861021594651
2019-12-29 03:42:00,0.6853341269362545
2019-12-29 03:45:00,0.6837113482526433
2019-12-29 03:48:00,0.6746418336443298
2019-12-29 03:51:00,0.7200892098183544
2019-12-29 03:54:00,0.6563097461337861
2019-12-29 03:57:00,0.736345825244598
2019-12-29 04:00:00,0.6468616707089154
2019-12-29 04:03:00,0.7179526694444576
2019-12-29 04:06:00,0.6346773206431067
2019-12-29 04:09:00,0.7319733127072823
2019-12-29 04:12:00,0.6663966675434949
2019-12-29 04:15:00,0.7109170053089429
2019-12-29 04:18:00,0.6276528307245144
2019-12-29 04:21:00,0.6352336177558868
2019-12-29 04:24:00,0.6811491614566307
2019-12-29 04:27:00,0.581410829395395
2019-12-29 04:30:00,0.6484505316254854
2019-12-29 04:33:00,0.643083943716249
2019-12-29 04:36:00,0.7283928670892124
2019-12-29 04:39:00,0.7063360528827616
2019-12-29 04:42:00,0.672553815118988
2019-12-29 04:45:00,0.6446578057422698
2019-12-29 04:48:00,0.6689622677847069
2019-12-29 04:51:00,0.6665757266978289
2019-12-29 04:54:00,0.5383728768777587
2019-12-29 04:57:00,0.6620293719078632
2019-12-29 05:00:00,0.6268878852535522
2019-12-29 05:03:00,0.668029418760625
2019-12-29 05:06:00,0.5979024321511588
2019-12-29 05:09:00,0.5879486140779022
2019-12-29 05:12:00,0.5819092936351922
2019-12-29 05:15:00,0.6535414633920595
2019-12-29 05:18:00,0.6689438417462839
2019-12-29 05:21:00,0.6534647653296588
2019-12-29 05:24:00,0.6301377288172603
2019-12-29 05:27:00,0.7122431328439234
2019-12-29 05:30:00,0.6656037204797371
2019-12-29 05:33:00,0.5942929740340333
2019-12-29 05:36:00,0.6662907705243128
2019-12-29 05:39:00,0.6173531927345266
2019-12-29 05:42:00,0.6762583181860009
2019-12-29 05:45:00,0.6826126499299221
2019-12-29 05:48:00,0.5939954363748825
2019-12-29 05:51:00,0.5410715749972042
2019-12-29 05:54:00,0.6493898232308766
2019-12-29 05:57:00,0.5898859763901783
2019-12-29 06:00:00,0.5167691331270134
2019-12-29 06:03:00,0.6002796230279159
2019-12-29 06:06:00,0.6141546725089029
2019-12-29 06:09:00,0.6073177838302399
2019-12-29 06:12:00,0.673196378145974
2019-12-29 06:15:00,0.5437230477702997
2019-12-29 06:18:00,0.6318779313559162
2019-12-29 06:21:00,0.5929103758953147
2019-12-29 06:24:00,0.4807400930467338
2019-12-29 06:27:00,0.5385813977556495
2019-12-29 06:30:00,0.6043573389393373
2019-12-29 06:33:00,0.4764423618601086
2019-12-29 06:36:00,0.5702582727615777
2019-12-29 06:39:00,0.49108772338524886
2019-12-29 06:42:00,0.5962579935840608
2019-12-29 06:45:00,0.5478423497651193
2019-12-29 06:48:00,0.5933695822726577
2019-12-29 06:51:00,0.5243911780000872
2019-12-29 06:54:00,0.5645863715590167
2019-12-29 06:57:00,0.4981800754703727
2019-12-29 07:00:00,0.587245313992355
2019-12-29 07:03:00,0.5913065207350883
2019-12-29 07:06:00,0.5781988114177352
2019-12-29 07:09:00,0.63532810928956
2019-12-29 07:12:00,0.5830569744443892
2019-12-29 07:15:00,0.5391839927303863
2019-12-29 07:18:00,0.5927379241621225
2019-12-29 07:21:00,0.6650072469765291
2019-12-29 07:24:00,0.64297621965585
2019-12-29 07:27:00,0.55453413058558
2019-12-29 07:30:00,0.6097700495474783
2019-12-29 07:33:00,0.5729874133739941
2019-12-29 07:36:00,0.6593319356319398
2019-12-29 07:39:00,0.47723007933302597
2019-12-29 07:42:00,0.5422149860580703
2019-12-29 07:45:00,0.5521158027860338
2019-12-29 07:48:00,0.5681598555840992
2019-12-29 07:51:00,0.6254971617888145
2019-12-29 07:54:00,0.574541466539074
2019-12-29 07:57:00,0.6557136009486157
2019-12-29 08:00:00,0.6379222458062372
2019-12-29 08:03:00,0.5291815664265869
2019-12-29 08:06:00,0.6213642504802124
2019-12-29 08:09:00,0.5135235958488238
2019-12-29 08:12:00,0.5486471200573533
2019-12-29 08:15:00,0.5073704562772718
2019-12-29 08:18:00,0.46128454705439026
2019-12-29 08:21:00,0.5059728572663857
2019-12-29 08:24:00,0.5395345655126107
2019-12-29 08:27:00,0.5090337303702768
2019-12-29 08:30:00,0.5038711540110512
2019-12-29 08:33:00,0.4434411495417976
2019-12-29 08:36:00,0.4924045918000388
2019-12-29 08:39:00,0.45496800868204446
2019-12-29 08:42:00,0.46947837577033624
2019-12-29 08:45:00,0.39035924485426676
2019-12-29 08:48:00,0.4094223356657949
2019-12-29 08:51:00,0.40942342873182724
2019-12-29 08:54:00,0.4992949645628073
2019-12-29 08:57:00,0.3647237503381575
2019-12-29 09:00:00,0.3850043464571513
2019-12-29 09:03:00,0.44099966618415465
2019-12-29 09:06:00,0.3452372584075647
2019-12-29 09:09:00,0.42978395847455886
2019-12-29 09:12:00,0.3939709756369325
2019-12-29 09:15:00,0.3649657556250645
2019-12-29 09:18:00,0.33721092796889707
2019-12-29 09:21:00,0.3930330431118705
2019-12-29 09:24:00,0.26420764213054326
2019-12-29 09:27:00,0.39271822087891906
2019-12-29 09:30:00,0.22849240570081975
2019-12-29 09:33:00,0.35945449533920737
2019-12-29 09:36:00,0.3174081092044503
2019-12-29 09:39:00,0.3255517829640553
2019-12-29 09:42:00,0.2773404498421428
2019-12-29 09:45:00,0.2647212793307858
2019-12-29 09:48:00,0.26713255147910786
2019-12-29 09:51:00,0.2395726357291892
2019-12-29 09:54:00,0.14320475293260415
2019-12-29 09:57:00,0.26739451029908423
2019-12-29 10:00:00,0.23441358832599235
2019-12-29 10:03:00,0.19269361277230246
2019-12-29 10:06:00,0.09401703543420581
2019-12-29 10:09:00,0.1428565170644447
2019-12-29 10:12:00,0.24241250187918695
2019-12-29 10:15:00,0.22122888684344844
2019-12-29 10:18:00,0.17670401747540154
2019-12-29 10:21:00,0.2300175493954839
2019-12-29 10:24:00,0.1592924733810719
2019-12-29 10:27:00,0.22443305978163153
2019-12-29 10:30:00,0.1147066312928473
2019-12-29 10:33:00,0.12179241491344328
2019-12-29 10:36:00,0.09640346936959077
2019-12-29 10:39:00,0.2622054057975447
2019-12-29 10:42:00,0.22277511409521367
2019-12-29 10:45:00,0.23560193502788707
2019-12-29 10:48:00,0.15298990546665436
2019-12-29 10:51:00,0.20598181348913158
2019-12-29 10:54:00,0.14301227386158644
2019-12-29 10:57:00,0.1497226660258093
2019-12-29 11:00:00,0.0867859890742011
2019-12-29 11:03:00,0.12953419065229355
2019-12-29 11:06:00,0.24325994921684924
2019-12-29 11:09:00,0.20750783085179592
2019-12-29 11:12:00,0.2585510582217694
2019-12-29 11:15:00,0.0827771646098654
2019-12-29 11:18:00,0.2220815194405077
2019-12-29 11:21:00,0.21557076413205323
2019-12-29 11:24:00,0.1895201292048796
2019-12-29 11:27:00,0.2393995406635554
2019-12-29 11:30:00,0.09269527289160351
2019-12-29 11:33:00,0.16873102974602716
2019-12-29 11:36:00,0.2679932704348289
2019-12-29 11:39:00,-0.01257572486377967
2019-12-29 11:42:00,-0.023923093193616296
2019-12-29 11:45:00,0.040384024744298586
2019-12-29 11:48:00,0.030912326918269173
2019-12-29 11:51:00,0.0728553518172248
2019-12-29 11:54:00,0.10225191766994612
2019-12-29 11:57:00,0.11843122575282905
2019-12-29 12:00:00,0.04386147213665481
2019-12-29 12:03:00,0.05864545049161052
2019-12-29 12:06:00,0.061154103591036346
2019-12-29 12:09:00,-0.030661702617976516
2019-12-29 12:12:00,-0.027547811108036058
2019-12-29 12:15:00,0.08856129962629211
2019-12-29 12:18:00,-0.06642655583362966
2019-12-29 12:21:00,-0.022973117840138002
2019-12-29 12:24:00,0.06304410403714655
2019-12-29 12:27:00,-0.02403644724120113
2019-12-29 12:30:00,-0.08477733571754698
2019-12-29 12:33:00,-0.02267709997647671
2019-12-29 12:36:00,-0.0007153166139914902
2019-12-29 12:39:00,0.026994269462306875
2019-12-29 12:42:00,-0.02629947319508119
2019-12-29 12:45:00,0.002496223503442252
2019-12-29 12:48:00,-0.025620779533710447
2019-12-29 12:51:00,-0.01881222826057183
2019-12-29 12:54:00,-0.17115683536127335
2019-12-29 12:57:00,-0.16841358525721262
2019-12-29 13:00:00,-0.056097272662270825
2019-12-29 13:03:00,-0.21178352719749682
2019-12-29 13:06:00,-0.006354435632601962
2019-12-29 13:09:00,-0.10954582595991269
2019-12-29 13:12:00,-0.2101784869036578
2019-12-29 13:15:00,-0.26137884147300383
2019-12-29 13:18:00,-0.16779256659577868
2019-12-29 13:21:00,-0.1447343435050925
2019-12-29 13:24:00,-0.13513058973376246
2019-12-29 13:27:00,-0.0841451485036373
2019-12-29 13:30:00,0.09590094641714586
2019-12-29 13:33:00,0.008783997394914422
2019-12-29 13:36:00,-0.03492183569102281
2019-12-29 13:39:00,-0.05120357464852532
2019-12-29 13:42:00,-0.01479210475997661
2019-12-29 13:45:00,-0.05268528776656467
2019-12-29 13:48:00,0.031080909723186778
2019-12-29 13:51:00,-0.09764017628344845
2019-12-29 13:54:00,-0.06211460827267956
2019-12-29 13:57:00,0.015296326936550031
2019-12-29 14:00:00,-0.06380731648590654
2019-12-29 14:03:00,0.040691808528151796
2019-12-29 14:06:00,-0.0645624669413678
2019-12-29 14:09:00,0.02331289129193692
2019-12-29 14:12:00,-0.03355247613569645
2019-12-29 14:15:00,0.044268174185674525
2019-12-29 14:18:00,-0.08681122952242504
2019-12-29 14:21:00,-0.10419981477446072
2019-12-29 14:24:00,0.017830503775087436
2019-12-29 14:27:00,0.021931793216424467
2019-12-29 14:30:00,-0.1537418736832592
2019-12-29 14:33:00,-0.05503728268070063
2019-12-29 14:36:00,-0.09413236970328853
2019-12-29 14:39:00,-0.1590139472131682
2019-12-29 14:42:00,-0.12186818934708299
2019-12-29 14:45:00,-0.0771756884476531
2019-12-29 14:48:00,-0.020398373486671062
2019-12-29 14:51:00,-0.1263515017196255
2019-12-29 14:54:00,-0.047336151472507026
2019-12-29 14:57:00,-0.09362821134214983
2019-12-29 15:00:00,-0.01999304853893591
2019-12-29 15:03:00,0.00930187720291542
2019-12-29 15:06:00,0.10933459337485374
2019-12-29 15:09:00,0.0028210682110625385
2019-12-29 15:12:00,-0.0566169578793847
2019-12-29 15:15:00,0.025227416720042584
2019-12-29 15:18:00,0.0024241233296038445
2019-12-29 15:21:00,0.01787093981641874
2019-12-29 15:24:00,-0.05277141205243652
2019-12-29 15:27:00,0.014612622398715303
2019-12-29 15:30:00,-0.0261764756797902
2019-12-29 15:33:00,-0.045978158939362856
2019-12-29 15:36:00,-0.0659955277571953
2019-12-29 15:39:00,-0.09540848912718047
2019-12-29 15:42:00,0.13160884578206833
2019-12-29 15:45:00,0.22860467963550946
2019-12-29 15:48:00,0.3001689964277716
2019-12-29 15:51:00,0.20983519117066862
2019-12-29 15:54:00,0.07074753040592441
2019-12-29 15:57:00,0.03657601856787096
2019-12-29 16:00:00,0.16102688127534748
2019-12-29 16:03:00,0.27749680948494415
2019-12-29 16:06:00,0.35096705377344506
2019-12-29 16:09:00,0.3834468351777218
2019-12-29 16:12:00,0.29749551890853354
2019-12-29 16:15:00,0.3489332121943107
2019-12-29 16:18:00,0.402494669852274
2019-12-29 16:21:00,0.3563209523269961
2019-12-29 16:24:00,0.38396783665854173
2019-12-29 16:27:00,0.46130734017339137
2019-12-29 16:30:00,0.4695976552658294
2019-12-29 16:33:00,0.5871463055407844
2019-12-29 16:36:00,0.5634998092683077
2019-12-29 16:39:00,0.4986163608392644
2019-12-29 16:42:00,0.5026317764304622
2019-12-29 16:45:00,0.3313103619253184
2019-12-29 16:48:00,0.5220462212791972
2019-12-29 16:51:00,0.28865916499813693
2019-12-29 16:54:00,0.4732244476635401
2019-12-29 16:57:00,0.3794530206598097
2019-12-29 17:00:00,0.4232032651633517
2019-12-29 17:03:00,0.4210283207128782
2019-12-29 17:06:00,0.4111565966292119
2019-12-29 17:09:00,0.43737114072911254
2019-12-29 17:12:00,0.5560495953146187
2019-12-29 17:15:00,0.5270780259787102
2019-12-29 17:18:00,0.5562354282054116
2019-12-29 17:21:00,0.4807853246651348
2019-12-29 17:24:00,0.5201098320964093
2019-12-29 17:27:00,0.5998509957121883
2019-12-29 17:30:00,0.5910962178397199
2019-12-29 17:33:00,0.6322984119850048
2019-12-29 17:36:00,0.7685028019284914
2019-12-29 17:39:00,0.8280452413627017
2019-12-29 17:42:00,0.8200860277453899
2019-12-29 17:45:00,0.862278593748897
2019-12-29 17:48:00,0.8685634468399144
2019-12-29 17:51:00,0.8628260554830263
2019-12-29 17:54:00,0.7882562541393554
2019-12-29 17:57:00,0.7265289800513415
2019-12-29 18:00:00,0.7061602442766457
2019-12-29 18:03:00,0.7377999835839546
2019-12-29 18:06:00,0.8153769847025387
2019-12-29 18:09:00,0.8563554293454558
2019-12-29 18:12:00,0.8244005193384965
2019-12-29 18:15:00,0.8803430425801935
2019-12-29 18:18:00,0.9184664263885338
2019-12-29 18:21:00,0.8976762272615701
2019-12-29 18:24:00,0.9007362109349515
2019-12-29 18:27:00,0.829457354085207
2019-12-29 18:30:00,0.9120037706816788
2019-12-29 18:33:00,0.9460527625384998
2019-12-29 18:36:00,0.9049825233157094
2019-12-29 18:39:00,0.9170790835001981
2019-12-29 18:42:00,0.9882783848428858
2019-12-29 18:45:00,0.9125554327004011
2019-12-29 18:48:00,0.9220504965147711
2019-12-29 18:51:00,0.9044157953107401
2019-12-29 18:54:00,
2019-12-29 18:57:00,
2019-12-29 19:00:00,
2019-12-29 19:03:00,0.8698344670050346
2019-12-29 19:06:00,0.8891160710956001
2019-12-29 19:09:00,0.9030511063818949
2019-12-29 19:12:00,0.9216084936121547
2019-12-29 19:15:00,0.8022474883271116
2019-12-29 19:18:00,0.8136347059684113
2019-12-29 19:21:00,0.8584060484805036
2019-12-29 19:24:00,0.8945622981757424
2019-12-29 19:27:00,0.8440719872489808
2019-12-29 19:30:00,0.8741304182134968
2019-12-29 19:33:00,0.9450950214080649
2019-12-29 19:36:00,0.8238947309116043
2019-12-29 19:39:00,0.7991569703141863
2019-12-29 19:42:00,0.8394123719459117
2019-12-29 19:45:00,0.7551198089672653
2019-12-29 19:48:00,0.7371531017784037
2019-12-29 19:51:00,0.6560639848581786
2019-12-29 19:54:00,0.7120679355962807
2019-12-29 19:57:00,0.7137376398897572
2019-12-29 20:00:00,0.7433078038401959
2019-12-29 20:03:00,0.6373895119634767
2019-12-29 20:06:00,0.5581642887992757
2019-12-29 20:09:00,0.6419742408260731
2019-12-29 20:12:00,0.6686598532064636
2019-12-29 20:15:00,0.6381027161046973
2019-12-29 20:18:00,0.7771737728384096
2019-12-29 20:21:00,0.6518558210602805
2019-12-29 20:24:00,0.6453826738173802
2019-12-29 20:27:00,0.6303906756308493
2019-12-29 20:30:00,0.6104385183658678
2019-12-29 20:33:00,0.6176243340183873
2019-12-29 20:36:00,0.6071492612552447
2019-12-29 20:39:00,0.6431970144896582
2019-12-29 20:42:00,0.6193665219012701
2019-12-29 20:45:00,0.6346920833266267
2019-12-29 20:48:00,0.5491278053938231
2019-12-29 20:51:00,0.6055783554303389
2019-12-29 20:54:00,0.6451289481451568
2019-12-29 20:57:00,0.5958035533906809
2019-12-29 21:00:00,0.6757681923646146
2019-12-29 21:03:00,0.6173998033934822
2019-12-29 21:06:00,0.6927351539911797
2019-12-29 21:09:00,0.5958431135308047
2019-12-29 21:12:00,0.70277514170931
2019-12-29 21:15:00,0.7066872378028393
2019-12-29 21:18:00,0.5519843266520184
2019-12-29 21:21:00,0.5972826562076534
2019-12-29 21:24:00,0.6087757910029268
2019-12-29 21:27:00,0.628586004540864
2019-12-29 21:30:00,0.6725228429457388
2019-12-29 21:33:00,0.5910924098071746
2019-12-29 21:36:00,0.7091983643096569
2019-12-29 21:39:00,0.5673806307632958
2019-12-29 21:42:00,0.5016519329776088
2019-12-29 21:45:00,0.5561485870262004
2019-12-29 21:48:00,0.6755159262270922
2019-12-29 21:51:00,0.607328662820521
2019-12-29 21:54:00,0.6484671274178595
2019-12-29 21:57:00,0.6679251226747169
2019-12-29 22:00:00,0.677171297074949
2019-12-29 22:03:00,0.5335555590555145
2019-12-29 22:06:00,0.5462199084865915
2019-12-29 22:09:00,0.5988619737118483
2019-12-29 22:12:00,0.6437380633758494
2019-12-29 22:15:00,0.6284589029035601
2019-12-29 22:18:00,0.6543120739295887
2019-12-29 22:21:00,0.5387400742145587
2019-12-29 22:24:00,0.5549388947862326
2019-12-29 22:27:00,0.5618546569444334
2019-12-29 22:30:00,0.5795068185022956
2019-12-29 22:33:00,0.6028649176807903
2019-12-29 22:36:00,0.7225637204253417
2019-12-29 22:39:00,0.5995230989797165
2019-12-29 22:42:00,0.6023372482515015
2019-12-29 22:45:00,0.6376003501339937
2019-12-29 22:48:00,0.5967821531489221
2019-12-29 22:51:00,0.5730510186726292
2019-12-29 22:54:00,0.5662527645234832
2019-12-29 22:57:00,0.5004033648318114
2019-12-29 23:00:00,0.5671571560465054
2019-12-29 23:03:00,0.6247769313301887
2019-12-29 23:06:00,0.5645556930539897
2019-12-29 23:09:00,0.5600420642668382
2019-12-29 23:12:00,0.6642213956723708
2019-12-29 23:15:00,0.5958057033884074
2019-12-29 23:18:00,0.5871380386158194
2019-12-29 23:21:00,0.5736527675909997
2019-12-29 23:24:00,0.5799975169255163
2019-12-29 23:27:00,0.4979282564201526
2019-12-29 23:30:00,0.5420587130984131
2019-12-29 23:33:00,0.640481193328128
2019-12-29 23:36:00,0.6032029126712928
2019-12-29 23:39:00,0.581378209673062
2019-12-29 23:42:00,0.5056611883085793
2019-12-29 23:45:00,0.5867900871812708
2019-12-29 23:48:00,0.5382647145294186
2019-12-29 23:51:00,0.6915693028066698
2019-12-29 23:54:00,0.6341520730892967
2019-12-29 23:57:00,0.6136006803840814
2019-12-30 00:00:00,0.5909376244267719
2019-12-30 00:03:00,0.5741633669489943
2019-12-30 00:06:00,0.5826724000294234
2019-12-30 00:09:00,0.6851174585322042
2019-12-30 00:12:00,0.4928334884688752
2019-12-30 00:15:00,0.5271149694170845
2019-12-30 00:18:00,0.4571487138629209
2019-12-30 00:21:00,0.5293355521084209
2019-12-30 00:24:00,0.6165707494983508
2019-12-30 00:27:00,0.5098689005476444
2019-12-30 00:30:00,0.5136663217712112
2019-12-30 00:33:00,0.45688354018108157
2019-12-30 00:36:00,0.6097647804623421
2019-12-30 00:39:00,0.49143291042304327
2019-12-30 00:42:00,0.5593494967918673
2019-12-30 00:45:00,0.478547806554559
2019-12-30 00:48:00,0.5502156876503932
2019-12-30 00:51:00,0.6014440434928474
2019-12-30 00:54:00,0.5599946824889912
2019-12-30 00:57:00,0.6088013991037542
2019-12-30 01:00:00,0.5730066081933956
2019-12-30 01:03:00,0.5541821693947782
2019-12-30 01:06:00,0.6457839829082559
2019-12-30 01:09:00,0.5537842983284236
2019-12-30 01:12:00,0.6149751270880301
2019-12-30 01:15:00,0.5969673367631003
2019-12-30 01:18:00,0.5653954580188838
2019-12-30 01:21:00,0.61926957101889
2019-12-30 01:24:00,0.6031115765975414
2019-12-30 01:27:00,0.6052052698488524
2019-12-30 01:30:00,0.5667889060003404
2019-12-30 01:33:00,0.621990935825238
2019-12-30 01:36:00,0.6344657137311174
2019-12-30 01:39:00,0.6731161900528946
2019-12-30 01:42:00,0.5084211541985155
2019-12-30 01:45:00,0.623168725652306
2019-12-30 01:48:00,0.6759777765488479
2019-12-30 01:51:00,0.5863914091077049
2019-12-30 01:54:00,0.6426189444221109
2019-12-30 01:57:00,0.5737667086283409
2019-12-30 02:00:00,0.5716478528946709
2019-12-30 02:03:00,0.5365077028455403
2019-12-30 02:06:00,0.5859432089521874
2019-12-30 02:09:00,0.5928152881621145
2019-12-30 02:12:00,0.626657830616864
2019-12-30 02:15:00,0.4900468453270719
2019-12-30 02:18:00,0.5718829754951571
2019-12-30 02:21:00,0.49355946550548424
2019-12-30 02:24:00,0.5147837387611389
2019-12-30 02:27:00,0.655698951709212
2019-12-30 02:30:00,0.5408632869406915
2019-12-30 02:33:00,0.5741519224296212
2019-12-30 02:36:00,0.6317582307484599
2019-12-30 02:39:00,0.6328905050133358
2019-12-30 02:42:00,0.709031275689938
2019-12-30 02:45:00,0.6189443890390294
2019-12-30 02:48:00,0.6348948338521154
2019-12-30 02:51:00,0.6885638446044595
2019-12-30 02:54:00,0.6446395994158252
2019-12-30 02:57:00,0.6510020279337709
2019-12-30 03:00:00,0.671555603166496
2019-12-30 03:03:00,0.6361522846721073
2019-12-30 03:06:00,0.5927839030741211
2019-12-30 03:09:00,0.7455055066637897
2019-12-30 03:12:00,0.6003044066455345
2019-12-30 03:15:00,0.6061533655321227
2019-12-30 03:18:00,0.5897955060859204
2019-12-30 03:21:00,0.4750190682047446
2019-12-30 03:24:00,0.5522484359118494
2019-12-30 03:27:00,0.5402268035447833
2019-12-30 03:30:00,0.5943091162190512
2019-12-30 03:33:00,0.4904748922101021
2019-12-30 03:36:00,0.7137514962520299
2019-12-30 03:39:00,0.5616182136595285
2019-12-30 03:42:00,0.5187763629539859
2019-12-30 03:45:00,0.6756017032981845
2019-12-30 03:48:00,0.6145764111195149
2019-12-30 03:51:00,0.6351781320587406
2019-12-30 03:54:00,0.5066911214282754
2019-12-30 03:57:00,0.6052104981182538
2019-12-30 04:00:00,0.4960631668990345
2019-12-30 04:03:00,0.588814854892405
2019-12-30 04:06:00,0.5348420955910456
2019-12-30 04:09:00,0.6044597259271427
2019-12-30 04:12:00,0.585818975737709
2019-12-30 04:15:00,0.6365485292863582
2019-12-30 04:18:00,0.6102296722716574
2019-12-30 04:21:00,0.6594153874192443
2019-12-30 04:24:00,0.6673349532075576
2019-12-30 04:27:00,0.6076314586371723
2019-12-30 04:30:00,0.5840745929079958
2019-12-30 04:33:00,0.6296020052137123
2019-12-30 04:36:00,0.6820896344520975
2019-12-30 04:39:00,0.5739914489976172
2019-12-30 04:42:00,0.5378826415624758
2019-12-30 04:45:00,0.5739485811278655
2019-12-30 04:48:00,0.6219895224090806
2019-12-30 04:51:00,0.6712745125864217
2019-12-30 04:54:00,0.6554651925657708
2019-12-30 04:57:00,0.6076507322008524
2019-12-30 05:00:00,0.6477414263949299
2019-12-30 05:03:00,0.6335175978231291
2019-12-30 05:06:00,0.6509185279276721
2019-12-30 05:09:00,0.5956315572644826
2019-12-30 05:12:00,0.5774918432805407
2019-12-30 05:15:00,0.5674381088361429
2019-12-30 05:18:00,0.6072619369739982
2019-12-30 05:21:00,0.5625048274778237
2019-12-30 05:24:00,0.637922694566214
2019-12-30 05:27:00,0.5850282396955322
2019-12-30 05:30:00,0.567423277479179
2019-12-30 05:33:00,0.6484605947019872
2019-12-30 05:36:00,0.5833101121560844
2019-12-30 05:39:00,0.5679501385839103
2019-12-30 05:42:00,0.518650061243477
2019-12-30 05:45:00,0.6240410139133132
2019-12-30 05:48:00,0.563994626797296
2019-12-30 05:51:00,0.5816924164097372
2019-12-30 05:54:00,0.6102296024835141
2019-12-30 05:57:00,0.40098474666331185
2019-12-30 06:00:00,0.569866105010874
2019-12-30 06:03:00,0.5260618067935638
2019-12-30 06:06:00,0.5146120029724557
2019-12-30 06:09:00,0.4012002235602381
2019-12-30 06:12:00,0.5066443040402646
2019-12-30 06:15:00,0.593788850587714
2019-12-30 06:18:00,0.5053904651458652
2019-12-30 06:21:00,0.5550282323849842
2019-12-30 06:24:00,0.5212507956891272
2019-12-30 06:27:00,0.5982028590545951
2019-12-30 06:30:00,0.566545069168626
2019-12-30 06:33:00,0.5420192029994837
2019-12-30 06:36:00,0.6148643531620337
2019-12-30 06:39:00,0.5828157003315937
2019-12-30 06:42:00,0.5250477190302263
2019-12-30 06:45:00,0.464963918583976
2019-12-30 06:48:00,0.6766872171780278
2019-12-30 06:51:00,0.4721106553662935
2019-12-30 06:54:00,0.5357065736111508
2019-12-30 06:57:00,0.5452968047104036
2019-12-30 07:00:00,0.5733928962818595
2019-12-30 07:03:00,0.49600301925642043
2019-12-30 07:06:00,0.65665288011661
2019-12-30 07:09:00,0.542861898583908
2019-12-30 07:12:00,0.5438179607785969
2019-12-30 07:15:00,0.48872262185346926
2019-12-30 07:18:00,0.5694822287427996
2019-12-30 07:21:00,0.5566611170893339
2019-12-30 07:24:00,0.5635552474525412
2019-12-30 07:27:00,0.5572259714343204
2019-12-30 07:30:00,0.5349351394085602
2019-12-30 07:33:00,0.5807898435625134
2019-12-30 07:36:00,0.6045982891552626
2019-12-30 07:39:00,0.544816874739638
2019-12-30 07:42:00,0.5052204656708454
2019-12-30 07:45:00,0.5468426798091741
2019-12-30 07:48:00,0.5689882313326393
2019-12-30 07:51:00,0.5581326995192626
2019-12-30 07:54:00,0.40534342376116683
2019-12-30 07:57:00,0.4518407666561757
2019-12-30 08:00:00,0.5396407337912024
2019-12-30 08:03:00,0.4638308814199945
2019-12-30 08:06:00,0.477770048917705
2019-12-30 08:09:00,0.529777744665239
2019-12-30 08:12:00,0.4859408488690633
2019-12-30 08:15:00,0.44497154741844724
2019-12-30 08:18:00,0.48772295449077774
2019-12-30 08:21:00,0.47384281677994977
2019-12-30 08:24:00,0.34242260542322356
2019-12-30 08:27:00,0.4312835129404107
2019-12-30 08:30:00,0.5303885917429625
2019-12-30 08:33:00,0.46975946907878097
2019-12-30 08:36:00,0.408769112297648
2019-12-30 08:39:00,0.43448208654416476
2019-12-30 08:42:00,0.37142775944209916
2019-12-30 08:45:00,0.43411577635339427
2019-12-30 08:48:00,0.38634902066792165
2019-12-30 08:51:00,0.32395807099879903
2019-12-30 08:54:00,0.46312108070111435
2019-12-30 08:57:00,0.4181205159384831
2019-12-30 09:00:00,0.5384364934245696
2019-12-30 09:03:00,0.41674155839012883
2019-12-30 09:06:00,0.3855569353002579
2019-12-30 09:09:00,0.49571060148372226
2019-12-30 09:12:00,0.46708856023786893
2019-12-30 09:15:00,0.49063937697712845
2019-12-30 09:18:00,0.33978158652774937
2019-12-30 09:21:00,0.418842580683247
2019-12-30 09:24:00,0.36458236060622085
2019-12-30 09:27:00,0.3997246882478862
2019-12-30 09:30:00,0.4524165160784719
2019-12-30 09:33:00,0.3580265787644521
2019-12-30 09:36:00,0.3889607025989221
2019-12-30 09:39:00,0.3902525021713359
2019-12-30 09:42:00,0.34365738152769154
2019-12-30 09:45:00,0.40197650705829346
2019-12-30 09:48:00,0.3445870543430942
2019-12-30 09:51:00,0.4135209129696591
2019-12-30 09:54:00,0.28834114226219754
2019-12-30 09:57:00,0.3823751525833359
2019-12-30 10:00:00,0.39615460353331855
2019-12-30 10:03:00,0.22098807476317006
2019-12-30 10:06:00,0.38119907641038253
2019-12-30 10:09:00,0.28675676806449246
2019-12-30 10:12:00,0.20857238149528712
2019-12-30 10:15:00,0.15845181666986718
2019-12-30 10:18:00,0.32758900695495186
2019-12-30 10:21:00,0.26874375274803697
2019-12-30 10:24:00,0.27720184826091554
2019-12-30 10:27:00,0.33590785890919506
2019-12-30 10:30:00,0.2720094774153381
2019-12-30 10:33:00,0.2627813540908619
2019-12-30 10:36:00,0.2878823694687753
2019-12-30 10:39:00,0.202193540220037
2019-12-30 10:42:00,0.2786861746511704
2019-12-30 10:45:00,0.21061508204991242
2019-12-30 10:48:00,0.21803618920876033
2019-12-30 10:51:00,0.2919772832706258
2019-12-30 10:54:00,0.28415294371808386
2019-12-30 10:57:00,0.21383986100011043
2019-12-30 11:00:00,0.19415289669927915
2019-12-30 11:03:00,0.13349467485210198
2019-12-30 11:06:00,0.20982570263061007
2019-12-30 11:09:00,0.20072820499149202
2019-12-30 11:12:00,0.2729419421033299
2019-12-30 11:15:00,0.2036931007083922
2019-12-30 11:18:00,0.23718614226072532
2019-12-30 11:21:00,0.14243829043118694
2019-12-30 11:24:00,0.18019955569616286
2019-12-30 11:27:00,0.14575213952724653
2019-12-30 11:30:00,0.16881100990326559
2019-12-30 11:33:00,0.19597310328703088
2019-12-30 11:36:00,0.19296645980688254
2019-12-30 11:39:00,0.27792575647305284
2019-12-30 11:42:00,0.21411612229553612
2019-12-30 11:45:00,0.14980305232973024
2019-12-30 11:48:00,0.1808138267467143
2019-12-30 11:51:00,0.2548501522107358
2019-12-30 11:54:00,0.20358480266628476
2019-12-30 11:57:00,0.24610585504581195
2019-12-30 12:00:00,0.13859686983971642
2019-12-30 12:03:00,0.2547428287073217
2019-12-30 12:06:00,0.26898952633223416
2019-12-30 12:09:00,0.19752521370418208
2019-12-30 12:12:00,0.10134062881195405
2019-12-30 12:15:00,0.2599365141979888
2019-12-30 12:18:00,0.25487529001895837
2019-12-30 12:21:00,0.24696716293061627
2019-12-30 12:24:00,0.19129160320909477
2019-12-30 12:27:00,0.15287110936509407
2019-12-30 12:30:00,0.15748915093200822
2019-12-30 12:33:00,0.09090819019911578
2019-12-30 12:36:00,0.05215872056913895
2019-12-30 12:39:00,0.1741665044426668
2019-12-30 12:42:00,0.24304022287714133
2019-12-30 12:45:00,0.2673906663062553
2019-12-30 12:48:00,0.16991196485633964
2019-12-30 12:51:00,0.16068717313800107
2019-12-30 12:54:00,0.2415214864374775
2019-12-30 12:57:00,0.1970484017375611
2019-12-30 13:00:00,0.29638228432378355
2019-12-30 13:03:00,0.18580304159667094
2019-12-30 13:06:00,0.08597885157786322
2019-12-30 13:09:00,0.12448240401153043
2019-12-30 13:12:00,0.0833533495531924
2019-12-30 13:15:00,0.11354426094482051
2019-12-30 13:18:00,0.18368587508490464
2019-12-30 13:21:00,0.1477846131555225
2019-12-30 13:24:00,0.05454557161755247
2019-12-30 13:27:00,0.08856206862452609
2019-12-30 13:30:00,0.10494697587290602
2019-12-30 13:33:00,0.122921927034497
2019-12-30 13:36:00,0.07299916639249204
2019-12-30 13:39:00,0.10808821695178494
2019-12-30 13:42:00,0.0942801917565248
2019-12-30 13:45:00,0.12571149069066223
2019-12-30 13:48:00,0.06818071688996952
2019-12-30 13:51:00,0.06707436999357697
2019-12-30 13:54:00,0.20712384034118259
2019-12-30 13:57:00,0.25733788724437545
2019-12-30 14:00:00,0.1569011324322105
2019-12-30 14:03:00,0.15563230143123974
2019-12-30 14:06:00,0.18988160046302482
2019-12-30 14:09:00,0.08254130349735078
2019-12-30 14:12:00,0.06536426203416568
2019-12-30 14:15:00,0.09564545027257054
2019-12-30 14:18:00,0.11291641115349194
2019-12-30 14:21:00,0.20474020983448327
2019-12-30 14:24:00,0.2168362837592781
2019-12-30 14:27:00,0.04926647639831572
2019-12-30 14:30:00,0.0816480171166063
2019-12-30 14:33:00,0.1768044126566224
2019-12-30 14:36:00,0.05044390765181106
2019-12-30 14:39:00,0.09700642386974323
2019-12-30 14:42:00,0.1458668091989921
2019-12-30 14:45:00,0.0731417468380755
2019-12-30 14:48:00,0.03143766388217273
2019-12-30 14:51:00,0.1215722864824329
2019-12-30 14:54:00,0.06870979907802166
2019-12-30 14:57:00,0.0922262304422361
2019-12-30 15:00:00,0.028006241101024898
2019-12-30 15:03:00,0.0770191148177446
2019-12-30 15:06:00,0.11378791452290216
2019-12-30 15:09:00,0.020713559043031182
2019-12-30 15:12:00,0.03819669322109576
2019-12-30 15:15:00,0.0525107315617106
2019-12-30 15:18:00,0.0853910695739728
2019-12-30 15:21:00,0.1894086727796207
2019-12-30 15:24:00,-0.009378682604619826
2019-12-30 15:27:00,0.10911016209337276
2019-12-30 15:30:00,0.16099527146673154
2019-12-30 15:33:00,0.03904485743129271
2019-12-30 15:36:00,0.0912427259925721
2019-12-30 15:39:00,0.09248562651509928
2019-12-30 15:42:00,0.014316786991287245
2019-12-30 15:45:00,0.03848271258920022
2019-12-30 15:48:00,0.1350392045669082
2019-12-30 15:51:00,0.14905519317812832
2019-12-30 15:54:00,0.10853010159547694
2019-12-30 15:57:00,0.11344576170432674
2019-12-30 16:00:00,0.010715166203340232
2019-12-30 16:03:00,0.08576592588804033
2019-12-30 16:06:00,0.04098154799646636
2019-12-30 16:09:00,0.10825985164188978
2019-12-30 16:12:00,0.013867081510738899
2019-12-30 16:15:00,0.03549239660276271
2019-12-30 16:18:00,0.028590727010964656
2019-12-30 16:21:00,0.08218976987166116
2019-12-30 16:24:00,0.19950467555150908
2019-12-30 16:27:00,0.050299389878830425
2019-12-30 16:30:00,0.12236873710520513
2019-12-30 16:33:00,-0.011172536899152874
2019-12-30 16:36:00,0.0745290748577645
2019-12-30 16:39:00,0.1171551977416243
2019-12-30 16:42:00,0.09068327237577023
2019-12-30 16:45:00,0.015715394787321202
2019-12-30 16:48:00,0.1769482795070303
2019-12-30 16:51:00,0.01185340685748315
2019-12-30 16:54:00,-0.03878847058246038
2019-12-30 16:57:00,0.10543362239224052
2019-12-30 17:00:00,0.043524849989069025
2019-12-30 17:03:00,0.12557796672172117
2019-12-30 17:06:00,0.051280083330993875
2019-12-30 17:09:00,0.02875314865701739
2019-12-30 17:12:00,0.023165668834053577
2019-12-30 17:15:00,0.13405625903277496
2019-12-30 17:18:00,0.09434049566726799
2019-12-30 17:21:00,0.16162942483225606
2019-12-30 17:24:00,0.1361341565617522
2019-12-30 17:27:00,0.09268064690297706
2019-12-30 17:30:00,0.10972615797572871
2019-12-30 17:33:00,0.05086207209717486
2019-12-30 17:36:00,0.08889520906006965
2019-12-30 17:39:00,0.0589240359012706
2019-12-30 17:42:00,0.14232245443474767
2019-12-30 17:45:00,0.17932527812848775
2019-12-30 17:48:00,0.22625574026585582
2019-12-30 17:51:00,0.33612290570266623
2019-12-30 17:54:00,0.46137730041766645
2019-12-30 17:57:00,0.31616958860564637
2019-12-30 18:00:00,0.3552702519085642
2019-12-30 18:03:00,0.41677836109397504
2019-12-30 18:06:00,0.34399555557604344
2019-12-30 18:09:00,0.4001034177708789
2019-12-30 18:12:00,0.3568302262148677
2019-12-30 18:15:00,0.38163181611565733
2019-12-30 18:18:00,0.38054408211866075
2019-12-30 18:21:00,0.3849714080070612
2019-12-30 18:24:00,0.37161743888503906
2019-12-30 18:27:00,0.43132307058317565
2019-12-30 18:30:00,0.4565559704520865
2019-12-30 18:33:00,0.5177491983589562
2019-12-30 18:36:00,0.45795847737457507
2019-12-30 18:39:00,0.4505718967745338
2019-12-30 18:42:00,0.5781098265357514
2019-12-30 18:45:00,0.5951220201562251
2019-12-30 18:48:00,0.6385288147233155
2019-12-30 18:51:00,0.5527046639408013
2019-12-30 18:54:00,
2019-12-30 18:57:00,
2019-12-30 19:00:00,
2019-12-30 19:03:00,0.4788387884129861
2019-12-30 19:06:00,0.4187096653779463
2019-12-30 19:09:00,0.41922724146411383
2019-12-30 19:12:00,0.502464929527946
2019-12-30 19:15:00,0.38444654793374866
2019-12-30 19:18:00,0.2988013813752559
2019-12-30 19:21:00,0.33462535215869593
2019-12-30 19:24:00,0.3969562873484733
2019-12-30 19:27:00,0.31601580156780074
2019-12-30 19:30:00,0.28354274647472266
2019-12-30 19:33:00,0.4633498680522621
2019-12-30 19:36:00,0.43326290402325185
2019-12-30 19:39:00,0.438399575445942
2019-12-30 19:42:00,0.30249693048659765
2019-12-30 19:45:00,0.3802996981187903
2019-12-30 19:48:00,0.39785375768929043
2019-12-30 19:51:00,0.36402680910168783
2019-12-30 19:54:00,0.48093506965244615
2019-12-30 19:57:00,0.5411663941171696
2019-12-30 20:00:00,0.4776271234351839
2019-12-30 20:03:00,0.5372539355842605
2019-12-30 20:06:00,0.689733305065829
2019-12-30 20:09:00,0.6152407219567522
2019-12-30 20:12:00,0.7401825479554418
2019-12-30 20:15:00,0.6483813197285713
2019-12-30 20:18:00,0.7312529340886158
2019-12-30 20:21:00,0.6459711969633872
2019-12-30 20:24:00,0.5968419595775458
2019-12-30 20:27:00,0.5692644943970322
2019-12-30 20:30:00,0.5738583158832853
2019-12-30 20:33:00,0.46963646858023367
2019-12-30 20:36:00,0.651166566667996
2019-12-30 20:39:00,0.6760742923410135
2019-12-30 20:42:00,0.6461711643727881
2019-12-30 20:45:00,0.6373802929339263
2019-12-30 20:48:00,0.7281448476391574
2019-12-30 20:51:00,0.7436103421994744
2019-12-30 20:54:00,0.6012246989675418
2019-12-30 20:57:00,0.58283348206146
2019-12-30 21:00:00,0.6317992411037494
2019-12-30 21:03:00,0.5146100635032553
2019-12-30 21:06:00,0.5297040628473155
2019-12-30 21:09:00,0.5646205778553508
2019-12-30 21:12:00,0.5771115726175822
2019-12-30 21:15:00,0.5777563760788667
2019-12-30 21:18:00,0.7419435669067411
2019-12-30 21:21:00,0.6350665813590695
2019-12-30 21:24:00,0.6034592873683096
2019-12-30 21:27:00,0.6938231480780814
2019-12-30 21:30:00,0.6109520284673522
2019-12-30 21:33:00,0.7434844277289585
2019-12-30 21:36:00,0.7647973865621225
2019-12-30 21:39:00,0.8112736563187468
2019-12-30 21:42:00,0.6903676147985607
2019-12-30 21:45:00,0.7235942565483242
2019-12-30 21:48:00,0.7678544850458024
2019-12-30 21:51:00,0.7631072764268083
2019-12-30 21:54:00,0.8000943032253645
2019-12-30 21:57:00,0.7277216610405617
2019-12-30 22:00:00,0.8723208603110493
2019-12-30 22:03:00,0.8452125552163352
2019-12-30 22:06:00,0.8543498808541017
2019-12-30 22:09:00,0.9437607115184505
2019-12-30 22:12:00,0.9582978289521407
2019-12-30 22:15:00,0.9925586199096301
2019-12-30 22:18:00,1.0094036489747396
2019-12-30 22:21:00,0.9422828672090304
2019-12-30 22:24:00,0.9608154060679794
2019-12-30 22:27:00,0.9634411941408985
2019-12-30 22:30:00,0.9654699828616913
2019-12-30 22:33:00,0.9668655436929043
2019-12-30 22:36:00,0.9039207324024687
2019-12-30 22:39:00,0.7975297278304652
2019-12-30 22:42:00,0.8329738041190353
2019-12-30 22:45:00,0.7894471829838494
2019-12-30 22:48:00,0.7525087319910426
2019-12-30 22:51:00,0.736947388546696
2019-12-30 22:54:00,0.7651190636985348
2019-12-30 22:57:00,0.6762472130362767
2019-12-30 23:00:00,0.7832206217075282
2019-12-30 23:03:00,0.7095299330706553
2019-12-30 23:06:00,0.8388091945915903
2019-12-30 23:09:00,0.7380558640810477
2019-12-30 23:12:00,0.6170902642622309
2019-12-30 23:15:00,0.6590817689265123
2019-12-30 23:18:00,0.6381612388518647
2019-12-30 23:21:00,0.7375618906485784
2019-12-30 23:24:00,0.6745405746507345
2019-12-30 23:27:00,0.6707129620743899
2019-12-30 23:30:00,0.6578528335796818
2019-12-30 23:33:00,0.6155093037140205
2019-12-30 23:36:00,0.7042059631766051
2019-12-30 23:39:00,0.7166746140275677
2019-12-30 23:42:00,0.7201723207551822
2019-12-30 23:45:00,0.6076656946549974
2019-12-30 23:48:00,0.6067653904623853
2019-12-30 23:51:00,0.6748014852150277
2019-12-30 23:54:00,0.6661045678595201
2019-12-30 23:57:00,0.6306678915674411
2019-12-31 00:00:00,0.6619589503863494
2019-12-31 00:03:00,0.6993230764168743
2019-12-31 00:06:00,0.7050895836536597
2019-12-31 00:09:00,0.6898791732074869
2019-12-31 00:12:00,0.6106381343263365
2019-12-31 00:15:00,0.7177875288171549
2019-12-31 00:18:00,0.710755736006945
2019-12-31 00:21:00,0.750967704665527
2019-12-31 00:24:00,0.7660357522506729
2019-12-31 00:27:00,0.7668717583720195
2019-12-31 00:30:00,0.7094978129738365
2019-12-31 00:33:00,0.7099112828690295
2019-12-31 00:36:00,0.681462141768975
2019-12-31 00:39:00,0.6915061251398242
2019-12-31 00:42:00,0.7776129304413644
2019-12-31 00:45:00,0.7484224575437679
2019-12-31 00:48:00,0.6654417832594959
2019-12-31 00:51:00,0.7808757049289738
2019-12-31 00:54:00,0.8123416263811691
2019-12-31 00:57:00,0.8437617724381425
2019-12-31 01:00:00,0.7789999464704351
2019-12-31 01:03:00,0.7255241956223699
2019-12-31 01:06:00,0.8881676447516611
2019-12-31 01:09:00,0.9081448112905832
2019-12-31 01:12:00,0.8305650653330758
2019-12-31 01:15:00,0.7220375492856874
2019-12-31 01:18:00,0.7976756727065322
2019-12-31 01:21:00,0.9052383223470315
2019-12-31 01:24:00,0.9107191823406424
2019-12-31 01:27:00,0.7845200289906415
2019-12-31 01:30:00,0.8016521393868175
2019-12-31 01:33:00,0.8627450575479543
2019-12-31 01:36:00,0.8345414576290864
2019-12-31 01:39:00,0.8434956223114796
2019-12-31 01:42:00,0.8290051890120935
2019-12-31 01:45:00,0.8289077470080883
2019-12-31 01:48:00,0.8022229371602521
2019-12-31 01:51:00,0.9142153177196519
2019-12-31 01:54:00,0.819444923538299
2019-12-31 01:57:00,0.8253752758624273
2019-12-31 02:00:00,0.8357694616467484
2019-12-31 02:03:00,0.8557908253599749
2019-12-31 02:06:00,0.7925567838314578
2019-12-31 02:09:00,0.853705476821176
2019-12-31 02:12:00,0.7693805043379598
2019-12-31 02:15:00,0.8652130762515071
2019-12-31 02:18:00,0.8497521235818795
2019-12-31 02:21:00,0.9127988543965557
2019-12-31 02:24:00,0.9162646909530849
2019-12-31 02:27:00,0.9335223668457502
2019-12-31 02:30:00,0.9378996657039238
2019-12-31 02:33:00,1.0443824233657324
2019-12-31 02:36:00,1.0318560595364943
2019-12-31 02:39:00,1.0618545664104886
2019-12-31 02:42:00,1.0471827436600165
2019-12-31 02:45:00,0.9706211847060331
2019-12-31 02:48:00,0.8721725623689736
2019-12-31 02:51:00,0.8851961022027695
2019-12-31 02:54:00,0.8497168006890092
2019-12-31 02:57:00,0.9261497831067231
2019-12-31 03:00:00,0.8856843182185798
2019-12-31 03:03:00,0.8416528076517693
2019-12-31 03:06:00,0.6508807818541982
2019-12-31 03:09:00,0.7316089670835595
2019-12-31 03:12:00,0.8302967745135561
2019-12-31 03:15:00,0.7900800646501125
2019-12-31 03:18:00,0.7460683972324205
2019-12-31 03:21:00,0.6799759578128146
2019-12-31 03:24:00,0.8506735807459904
2019-12-31 03:27:00,0.9192889433894607
2019-12-31 03:30:00,0.9643442077922373
2019-12-31 03:33:00,0.8406295806565254
2019-12-31 03:36:00,0.7985611098192749
2019-12-31 03:39:00,0.8648484936799719
2019-12-31 03:42:00,0.7808227689474165
2019-12-31 03:45:00,0.8251959801141311
2019-12-31 03:48:00,0.7997638865958265
2019-12-31 03:51:00,0.841980645617241
2019-12-31 03:54:00,0.8490684993591344
2019-12-31 03:57:00,0.8905725518573604
2019-12-31 04:00:00,0.8987109393672768
2019-12-31 04:03:00,0.900013183235501
2019-12-31 04:06:00,0.8756946716915763
2019-12-31 04:09:00,0.9117963619508487
2019-12-31 04:12:00,0.8244740976226126
2019-12-31 04:15:00,0.8355315370095013
2019-12-31 04:18:00,0.827623123472847
2019-12-31 04:21:00,0.8450239141689053
2019-12-31 04:24:00,0.8474282446308052
2019-12-31 04:27:00,0.9216353375271069
2019-12-31 04:30:00,0.785020026767711
2019-12-31 04:33:00,0.7932075097822349
2019-12-31 04:36:00,0.752248392177421
2019-12-31 04:39:00,0.7622994853924752
2019-12-31 04:42:00,0.8338923320571325
2019-12-31 04:45:00,0.7583993982341894
2019-12-31 04:48:00,0.7509548706258329
2019-12-31 04:51:00,0.8486766027235717
2019-12-31 04:54:00,0.8362411014242639
2019-12-31 04:57:00,0.8938981923199663
2019-12-31 05:00:00,0.8232962307187677
2019-12-31 05:03:00,0.7984525495351136
2019-12-31 05:06:00,0.890677369946161
2019-12-31 05:09:00,0.7747789743348221
2019-12-31 05:12:00,0.8443701583418601
2019-12-31 05:15:00,0.7156123591170171
2019-12-31 05:18:00,0.7697666269540377
2019-12-31 05:21:00,0.8298609277665037
2019-12-31 05:24:00,0.838480388371238
2019-12-31 05:27:00,0.7562778725335306
2019-12-31 05:30:00,0.75573829477446
2019-12-31 05:33:00,0.8007588654345454
2019-12-31 05:36:00,0.799815048078699
2019-12-31 05:39:00,0.7854626110633944
2019-12-31 05:42:00,0.8517561480305176
2019-12-31 05:45:00,0.7523352658155886
2019-12-31 05:48:00,0.8568452806938467
2019-12-31 05:51:00,0.7969873269059917
2019-12-31 05:54:00,0.831159286049342
2019-12-31 05:57:00,0.8053788721720139
2019-12-31 06:00:00,0.7700071158338346
2019-12-31 06:03:00,0.7947026972498747
2019-12-31 06:06:00,0.7887979610318325
2019-12-31 06:09:00,0.815833387932571
2019-12-31 06:12:00,0.7872208279603683
2019-12-31 06:15:00,0.8820629723351203
2019-12-31 06:18:00,0.8093876565185951
2019-12-31 06:21:00,0.8229456173785366
2019-12-31 06:24:00,0.808729106487533
2019-12-31 06:27:00,0.8304698280816751
2019-12-31 06:30:00,0.7691889925262103
2019-12-31 06:33:00,0.7784175909421265
2019-12-31 06:36:00,0.7876779741873179
2019-12-31 06:39:00,0.6964716134910987
2019-12-31 06:42:00,0.7656516257404178
2019-12-31 06:45:00,0.776079601469462
2019-12-31 06:48:00,0.8281263745566889
2019-12-31 06:51:00,0.747989677148098
2019-12-31 06:54:00,0.7214449633790423
2019-12-31 06:57:00,0.7085070674846747
2019-12-31 07:00:00,0.7112980892591736
2019-12-31 07:03:00,0.7147150989990791
2019-12-31 07:06:00,0.737295138296929
2019-12-31 07:09:00,0.8028644472518636
2019-12-31 07:12:00,0.8021290956228313
2019-12-31 07:15:00,0.7344741482741028
2019-12-31 07:18:00,0.7334914206753638
2019-12-31 07:21:00,0.7029846439483549
2019-12-31 07:24:00,0.682861149603923
2019-12-31 07:27:00,0.7161194850857555
2019-12-31 07:30:00,0.8390741852653605
2019-12-31 07:33:00,0.7718035765612967
2019-12-31 07:36:00,0.7762634606499432
2019-12-31 07:39:00,0.6566761171646931
2019-12-31 07:42:00,0.6953315416474197
2019-12-31 07:45:00,0.6600793799561302
2019-12-31 07:48:00,0.6778800288085449
2019-12-31 07:51:00,0.7122482710083204
2019-12-31 07:54:00,0.6822134297102593
2019-12-31 07:57:00,0.6591851784359051
2019-12-31 08:00:00,0.6819026131211672
2019-12-31 08:03:00,0.7064265802754335
2019-12-31 08:06:00,0.6296779941768591
2019-12-31 08:09:00,0.6636439755202446
2019-12-31 08:12:00,0.7404228996680331
2019-12-31 08:15:00,0.6353051952354463
2019-12-31 08:18:00,0.5918347456644142
2019-12-31 08:21:00,0.6163721936489424
2019-12-31 08:24:00,0.6334337455728019
2019-12-31 08:27:00,0.6556679600809048
2019-12-31 08:30:00,0.6020870074816571
2019-12-31 08:33:00,0.6143617686336711
2019-12-31 08:36:00,0.5281006837001883
2019-12-31 08:39:00,0.763214177416728
2019-12-31 08:42:00,0.5564828643442752
2019-12-31 08:45:00,0.5614836644584216
2019-12-31 08:48:00,0.5265438862627434
2019-12-31 08:51:00,0.5304967309744484
2019-12-31 08:54:00,0.4993739667906425
2019-12-31 08:57:00,0.5592141606247196
2019-12-31 09:00:00,0.5837185966191782
2019-12-31 09:03:00,0.49072491697762644
2019-12-31 09:06:00,0.5508355196113826
2019-12-31 09:09:00,0.5454261881897651
2019-12-31 09:12:00,0.5338099119476851
2019-12-31 09:15:00,0.5248819713713715
2019-12-31 09:18:00,0.59731889968117
2019-12-31 09:21:00,0.44722613377024345
2019-12-31 09:24:00,0.4837312615525775
2019-12-31 09:27:00,0.48638883071453165
2019-12-31 09:30:00,0.435652224726482
2019-12-31 09:33:00,0.48418632371232206
2019-12-31 09:36:00,0.5020021088612907
2019-12-31 09:39:00,0.4113288950608762
2019-12-31 09:42:00,0.4559236701956024
2019-12-31 09:45:00,0.40194408901913903
2019-12-31 09:48:00,0.4756941381525621
2019-12-31 09:51:00,0.4848812504415605
2019-12-31 09:54:00,0.4037882170726448
2019-12-31 09:57:00,0.4621607839076205
2019-12-31 10:00:00,0.47300740877648195
2019-12-31 10:03:00,0.48867897438026375
2019-12-31 10:06:00,0.526663327662277
2019-12-31 10:09:00,0.4305468526421805
2019-12-31 10:12:00,0.4428756174433488
2019-12-31 10:15:00,0.4602459492177218
2019-12-31 10:18:00,0.42843562018856574
2019-12-31 10:21:00,0.4530735305359599
2019-12-31 10:24:00,0.451327962535629
2019-12-31 10:27:00,0.33181740702247
2019-12-31 10:30:00,0.4131556206147593
2019-12-31 10:33:00,0.388923501181182
2019-12-31 10:36:00,0.3141515884717023
2019-12-31 10:39:00,0.4361496556907696
2019-12-31 10:42:00,0.37489942805962073
2019-12-31 10:45:00,0.45574418274702566
2019-12-31 10:48:00,0.5336999517046479
2019-12-31 10:51:00,0.3610904453803414
2019-12-31 10:54:00,0.46463785558785275
2019-12-31 10:57:00,0.5036209361266515
2019-12-31 11:00:00,0.5095554919287792
2019-12-31 11:03:00,0.44364332427306863
2019-12-31 11:06:00,0.3587652116557365
2019-12-31 11:09:00,0.3566208103469535
2019-12-31 11:12:00,0.29715812499716776
2019-12-31 11:15:00,0.43379110084680406
2019-12-31 11:18:00,0.3026814327031957
2019-12-31 11:21:00,0.3381449315096461
2019-12-31 11:24:00,0.35171963063572775
2019-12-31 11:27:00,0.33870331773033513
2019-12-31 11:30:00,0.3895069072308388
2019-12-31 11:33:00,0.22906091354798264
2019-12-31 11:36:00,0.2902406089091869
2019-12-31 11:39:00,0.2710761316054118
2019-12-31 11:42:00,0.22422277934879276
2019-12-31 11:45:00,0.18771809676786688
2019-12-31 11:48:00,0.24695031527653555
2019-12-31 11:51:00,0.09632956599699583
2019-12-31 11:54:00,0.21715971600792727
2019-12-31 11:57:00,0.05059386851468162
2019-12-31 12:00:00,0.19354119568936312
2019-12-31 12:03:00,0.08688590013269959
2019-12-31 12:06:00,0.18540666306927278
2019-12-31 12:09:00,0.09051747628581097
2019-12-31 12:12:00,0.07977487902519442
2019-12-31 12:15:00,0.0269496183457818
2019-12-31 12:18:00,0.12197391291977056
2019-12-31 12:21:00,0.15611524052576442
2019-12-31 12:24:00,0.283398717967259
2019-12-31 12:27:00,0.21448638413147592
2019-12-31 12:30:00,0.330320531540508
2019-12-31 12:33:00,0.4734136985809414
2019-12-31 12:36:00,0.4233306796539864
2019-12-31 12:39:00,0.4464175845997147
2019-12-31 12:42:00,0.41687525795111924
2019-12-31 12:45:00,0.5310007118045519
2019-12-31 12:48:00,0.5187966808137503
2019-12-31 12:51:00,0.6043984002976686
2019-12-31 12:54:00,0.5419077098479193
2019-12-31 12:57:00,0.5917187827715793
2019-12-31 13:00:00,0.5866145980129431
2019-12-31 13:03:00,0.5735467950172506
2019-12-31 13:06:00,0.57904963730482
2019-12-31 13:09:00,0.5206521049261141
2019-12-31 13:12:00,0.45027970241363846
2019-12-31 13:15:00,0.36609470314095915
2019-12-31 13:18:00,0.3638486926599285
2019-12-31 13:21:00,0.39683120174959186
2019-12-31 13:24:00,0.30823215571189166
2019-12-31 13:27:00,0.38617778659636315
2019-12-31 13:30:00,0.37295375256735497
2019-12-31 13:33:00,0.3990608665814648
2019-12-31 13:36:00,0.4209026590150984
2019-12-31 13:39:00,0.4739346887641318
2019-12-31 13:42:00,0.42628789097011577
2019-12-31 13:45:00,0.3651002763261886
2019-12-31 13:48:00,0.45905660455434827
2019-12-31 13:51:00,0.5281602017841465
2019-12-31 13:54:00,0.5252049523065807
2019-12-31 13:57:00,0.49936108458717854
2019-12-31 14:00:00,0.556958088305521
2019-12-31 14:03:00,0.7763404491397523
2019-12-31 14:06:00,0.7176699101179338
2019-12-31 14:09:00,0.5889020317952145
2019-12-31 14:12:00,0.590238779384606
2019-12-31 14:15:00,0.43472774113342894
2019-12-31 14:18:00,0.5000496653847222
2019-12-31 14:21:00,0.4346829745471723
2019-12-31 14:24:00,0.5015490645609475
2019-12-31 14:27:00,0.473088936846068
2019-12-31 14:30:00,0.4680014297124444
2019-12-31 14:33:00,0.4966482402822976
2019-12-31 14:36:00,0.5335426864922965
2019-12-31 14:39:00,0.6336984661709835
2019-12-31 14:42:00,0.6395763001639807
2019-12-31 14:45:00,0.4565248939791786
2019-12-31 14:48:00,0.48729235794178294
2019-12-31 14:51:00,0.4343083461251922
2019-12-31 14:54:00,0.4752798123352022
2019-12-31 14:57:00,0.474413055522632
2019-12-31 15:00:00,0.5006787246316549
2019-12-31 15:03:00,0.4470839469204293
2019-12-31 15:06:00,0.45390427640916187
2019-12-31 15:09:00,0.3769722764914718
2019-12-31 15:12:00,0.4887428974538466
2019-12-31 15:15:00,0.46558731181522717
2019-12-31 15:18:00,0.500572983220593
2019-12-31 15:21:00,0.4678684507235289
2019-12-31 15:24:00,0.4718353381372822
2019-12-31 15:27:00,0.4901725114171427
2019-12-31 15:30:00,0.5769320356689036
2019-12-31 15:33:00,0.6297581401057073
2019-12-31 15:36:00,0.5877190205653733
2019-12-31 15:39:00,0.6233213007438394
2019-12-31 15:42:00,0.6256012374119564
2019-12-31 15:45:00,0.6114615877433494
2019-12-31 15:48:00,0.669321269947261
2019-12-31 15:51:00,0.6369103307207524
2019-12-31 15:54:00,0.5909398279058564
2019-12-31 15:57:00,0.665855608961408
2019-12-31 16:00:00,0.6282181509413363
2019-12-31 16:03:00,0.6552789334193676
2019-12-31 16:06:00,0.6215345710275528
2019-12-31 16:09:00,0.5598808675022724
2019-12-31 16:12:00,0.5023394793119564
2019-12-31 16:15:00,0.5841947775331846
2019-12-31 16:18:00,0.6167771792814278
2019-12-31 16:21:00,0.6231815480911109
2019-12-31 16:24:00,0.6622581680147164
2019-12-31 16:27:00,0.5453979726422062
2019-12-31 16:30:00,0.6103588696041697
2019-12-31 16:33:00,0.684251601806011
2019-12-31 16:36:00,0.5336793183718669
2019-12-31 16:39:00,0.61290337951948
2019-12-31 16:42:00,0.6094712147317409
2019-12-31 16:45:00,0.5365567146471335
2019-12-31 16:48:00,0.5554030195533528
2019-12-31 16:51:00,0.6157897722216603
2019-12-31 16:54:00,0.5820272216009243
2019-12-31 16:57:00,0.698539646218137
2019-12-31 17:00:00,0.5834184474987865
2019-12-31 17:03:00,0.6406662955018874
2019-12-31 17:06:00,0.716493405079575
2019-12-31 17:09:00,0.6997001424333575
2019-12-31 17:12:00,0.6494235282909244
2019-12-31 17:15:00,0.621894931244185
2019-12-31 17:18:00,0.6897821246437275
2019-12-31 17:21:00,0.6134709108595757
2019-12-31 17:24:00,0.7326015411528033
2019-12-31 17:27:00,0.7909592754750179
2019-12-31 17:30:00,0.7489580240359714
2019-12-31 17:33:00,0.7556516848255228
2019-12-31 17:36:00,0.7460316714400506
2019-12-31 17:39:00,0.8100168079020023
2019-12-31 17:42:00,0.7597813432760177
2019-12-31 17:45:00,0.7778710411479892
2019-12-31 17:48:00,0.7894445231382861
2019-12-31 17:51:00,0.7266782647459422
2019-12-31 17:54:00,0.7559106100248414
2019-12-31 17:57:00,0.7422256596922239
2019-12-31 18:00:00,0.793709983599399
2019-12-31 18:03:00,0.782519676049958
2019-12-31 18:06:00,0.8408932697602154
2019-12-31 18:09:00,0.9072725109139697
2019-12-31 18:12:00,0.7751114767841045
2019-12-31 18:15:00,0.8026354405567986
2019-12-31 18:18:00,0.7748157909773568
2019-12-31 18:21:00,0.758574417153909
2019-12-31 18:24:00,0.7532711622699821
2019-12-31 18:27:00,0.7842332586301382
2019-12-31 18:30:00,0.7516124002587503
2019-12-31 18:33:00,0.8218330380933025
2019-12-31 18:36:00,0.7738384001893337
2019-12-31 18:39:00,0.7623736045233045
2019-12-31 18:42:00,0.7941336687705984
2019-12-31 18:45:00,0.7491717359691847
2019-12-31 18:48:00,0.8133199244958291
2019-12-31 18:51:00,0.6662466912115974
2019-12-31 18:54:00,
2019-12-31 18:57:00,
2019-12-31 19:00:00,
2019-12-31 19:03:00,0.760279764413383
2019-12-31 19:06:00,0.7886252838575842
2019-12-31 19:09:00,0.7934886865651265
2019-12-31 19:12:00,0.8241389620446853
2019-12-31 19:15:00,0.7769935080925734
2019-12-31 19:18:00,0.7049078562782825
2019-12-31 19:21:00,0.7402594214048008
2019-12-31 19:24:00,0.7094667165669648
2019-12-31 19:27:00,0.7422128057987152
2019-12-31 19:30:00,0.6836653169546594
2019-12-31 19:33:00,0.7313250075217752
2019-12-31 19:36:00,0.8060711881940961
2019-12-31 19:39:00,0.8234064120821927
2019-12-31 19:42:00,0.7565038034537679
2019-12-31 19:45:00,0.7707725762288646
2019-12-31 19:48:00,0.7049329856257032
2019-12-31 19:51:00,0.7665135690072589
2019-12-31 19:54:00,0.732026504766111
2019-12-31 19:57:00,0.7785585343026469
2019-12-31 20:00:00,0.7382650851873791
2019-12-31 20:03:00,0.7379010711429714
2019-12-31 20:06:00,0.7069097915177736
2019-12-31 20:09:00,0.7703795911976954
2019-12-31 20:12:00,0.6950016032400299
2019-12-31 20:15:00,0.7507807276905964
2019-12-31 20:18:00,0.6903643808935271
2019-12-31 20:21:00,0.7723197026334674
2019-12-31 20:24:00,0.7720956757684121
2019-12-31 20:27:00,0.6503487984846856
2019-12-31 20:30:00,0.7288332787518925
2019-12-31 20:33:00,0.6397052891353496
2019-12-31 20:36:00,0.7104691756229613
2019-12-31 20:39:00,0.7532854014571626
2019-12-31 20:42:00,0.727454354817894
2019-12-31 20:45:00,0.7239229529225213
2019-12-31 20:48:00,0.7411242139687033
2019-12-31 20:51:00,0.7098196549041518
2019-12-31 20:54:00,0.8037873679792256
2019-12-31 20:57:00,0.7254428420551449
2019-12-31 21:00:00,0.7394092624334689
2019-12-31 21:03:00,0.7081380662810943
2019-12-31 21:06:00,0.6409510507806999
2019-12-31 21:09:00,0.6526025023113107
2019-12-31 21:12:00,0.7210088751079411
2019-12-31 21:15:00,0.8072294624617484
2019-12-31 21:18:00,0.693812575821994
2019-12-31 21:21:00,0.8231523474905771
2019-12-31 21:24:00,0.8280416491570577
2019-12-31 21:27:00,0.8047703962018318
2019-12-31 21:30:00,0.759096992997911
2019-12-31 21:33:00,0.7537442268168775
2019-12-31 21:36:00,0.666148690993623
2019-12-31 21:39:00,0.7746539940785055
2019-12-31 21:42:00,0.8339588547183325
2019-12-31 21:45:00,0.6618997633599975
2019-12-31 21:48:00,0.6813549588320598
2019-12-31 21:51:00,0.7241399446650121
2019-12-31 21:54:00,0.7541513090453691
2019-12-31 21:57:00,0.6805406286429729
2019-12-31 22:00:00,0.8010912125468508
2019-12-31 22:03:00,0.6946266434110839
2019-12-31 22:06:00,0.7874765256736396
2019-12-31 22:09:00,0.7560726937345521
2019-12-31 22:12:00,0.8219683250732714
2019-12-31 22:15:00,0.7600274471647026
2019-12-31 22:18:00,0.7482451238005297
2019-12-31 22:21:00,0.7044959893605665
2019-12-31 22:24:00,0.7228118824338594
2019-12-31 22:27:00,0.6601613520453498
2019-12-31 22:30:00,0.9146424529061505
2019-12-31 22:33:00,0.7387635993117101
2019-12-31 22:36:00,0.7297519983096095
2019-12-31 22:39:00,0.8059473745120727
2019-12-31 22:42:00,0.7874703482476093
2019-12-31 22:45:00,0.7418936306110595
2019-12-31 22:48:00,0.7218775964961992
2019-12-31 22:51:00,0.7203233824349127
2019-12-31 22:54:00,0.7738919208717903
2019-12-31 22:57:00,0.7620528874797969
2019-12-31 23:00:00,0.7166953193942049
2019-12-31 23:03:00,0.720782745052702
2019-12-31 23:06:00,0.7230831074261346
2019-12-31 23:09:00,0.7616760184923805
2019-12-31 23:12:00,0.6922352651077972
2019-12-31 23:15:00,0.7591931534139462
2019-12-31 23:18:00,0.6921404161091118
2019-12-31 23:21:00,0.764938020028751
2019-12-31 23:24:00,0.6974478897491849
2019-12-31 23:27:00,0.7425895894258474
2019-12-31 23:30:00,0.641357034387056
2019-12-31 23:33:00,0.6366565240209638
2019-12-31 23:36:00,0.7479439830113961
2019-12-31 23:39:00,0.7178153363251454
2019-12-31 23:42:00,0.6393051987492413
2019-12-31 23:45:00,0.7118370434256462
2019-12-31 23:48:00,0.6297976908964529
2019-12-31 23:51:00,0.6920635100073014
2019-12-31 23:54:00,0.7228010140145216
2019-12-31 23:57:00,0.6542042300774256
2020-01-01 00:00:00,0.6625473135112543
2020-01-01 00:03:00,0.7401933932840166
2020-01-01 00:06:00,0.7201048634210565
2020-01-01 00:09:00,0.6875236991232327
2020-01-01 00:12:00,0.5968217248316705
2020-01-01 00:15:00,0.6532921700550105
2020-01-01 00:18:00,0.7284192605939666
2020-01-01 00:21:00,0.6721916092284914
2020-01-01 00:24:00,0.7055909728312031
2020-01-01 00:27:00,0.6867442152502576
2020-01-01 00:30:00,0.6821204305559263
2020-01-01 00:33:00,0.838254134565716
2020-01-01 00:36:00,0.7912335884155368
2020-01-01 00:39:00,0.7634391141757533
2020-01-01 00:42:00,0.7426979373717586
2020-01-01 00:45:00,0.7110870228129329
2020-01-01 00:48:00,0.7498053906440418
2020-01-01 00:51:00,0.8009221081304645
2020-01-01 00:54:00,0.7362099242653244
2020-01-01 00:57:00,0.7199152450196493
2020-01-01 01:00:00,0.7802805940229973
2020-01-01 01:03:00,0.7775022231793969
2020-01-01 01:06:00,0.8504374640595529
2020-01-01 01:09:00,0.7573903761312977
2020-01-01 01:12:00,0.8544934234318475
2020-01-01 01:15:00,0.8072818933412123
2020-01-01 01:18:00,0.7877120490564948
2020-01-01 01:21:00,0.6857180429656182
2020-01-01 01:24:00,0.6055442321691089
2020-01-01 01:27:00,0.7342644675991323
2020-01-01 01:30:00,0.6235189535499899
2020-01-01 01:33:00,0.7223582380920561
2020-01-01 01:36:00,0.7536247964220593
2020-01-01 01:39:00,0.7320134860676148
2020-01-01 01:42:00,0.8012980472068989
2020-01-01 01:45:00,0.6723528002675039
2020-01-01 01:48:00,0.7485354006805096
2020-01-01 01:51:00,0.7064856890781925
2020-01-01 01:54:00,0.6973123082582333
2020-01-01 01:57:00,0.7237243442844488
2020-01-01 02:00:00,0.632605732491129
2020-01-01 02:03:00,0.6983250108348784
2020-01-01 02:06:00,0.647222275112199
2020-01-01 02:09:00,0.7576786498186721
2020-01-01 02:12:00,0.7199776893071999
2020-01-01 02:15:00,0.7000570359311951
2020-01-01 02:18:00,0.6892258074320239
2020-01-01 02:21:00,0.6776224438953591
2020-01-01 02:24:00,0.7072271314393106
2020-01-01 02:27:00,0.662087317780049
2020-01-01 02:30:00,0.6761300260128564
2020-01-01 02:33:00,0.7278129359820582
2020-01-01 02:36:00,0.7448869844581054
2020-01-01 02:39:00,0.6419597921523632
2020-01-01 02:42:00,0.7045685884990576
2020-01-01 02:45:00,0.7397170003404199
2020-01-01 02:48:00,0.6883162072046503
2020-01-01 02:51:00,0.6229471148270136
2020-01-01 02:54:00,0.728618249139231
2020-01-01 02:57:00,0.6795985838290903
2020-01-01 03:00:00,0.674170544159324
2020-01-01 03:03:00,0.6893036059503288
2020-01-01 03:06:00,0.7406498696585686
2020-01-01 03:09:00,0.6836859901043226
2020-01-01 03:12:00,0.7418500969586148
2020-01-01 03:15:00,0.6666488063838756
2020-01-01 03:18:00,0.8341387195609968
2020-01-01 03:21:00,0.7620782295704771
2020-01-01 03:24:00,0.7464248365291724
2020-01-01 03:27:00,0.7623332892440544
2020-01-01 03:30:00,0.7954346750869945
2020-01-01 03:33:00,0.6907870668359237
2020-01-01 03:36:00,0.7543436360868441
2020-01-01 03:39:00,0.6690230148178102
2020-01-01 03:42:00,0.7107745236675669
2020-01-01 03:45:00,0.7014021142607589
2020-01-01 03:48:00,0.7429316930785035
2020-01-01 03:51:00,0.8129769454530447
2020-01-01 03:54:00,0.8075810727088992
2020-01-01 03:57:00,0.7380537405069845
2020-01-01 04:00:00,0.8174371693642115
2020-01-01 04:03:00,0.7939544072735316
2020-01-01 04:06:00,0.7604239956751826
2020-01-01 04:09:00,0.7864935407644111
2020-01-01 04:12:00,0.7907966869763072
2020-01-01 04:15:00,0.6842080042721932
2020-01-01 04:18:00,0.7554745522559188
2020-01-01 04:21:00,0.7039752334522404
2020-01-01 04:24:00,0.7929952270430931
2020-01-01 04:27:00,0.7074504220184394
2020-01-01 04:30:00,0.7722287980880651
2020-01-01 04:33:00,0.8082588733324201
2020-01-01 04:36:00,0.7172712009876818
2020-01-01 04:39:00,0.6725520378512329
2020-01-01 04:42:00,0.8219481884892161
2020-01-01 04:45:00,0.718442147471194
2020-01-01 04:48:00,0.7692803850832206
2020-01-01 04:51:00,0.758066657290442
2020-01-01 04:54:00,0.7314151106539271
2020-01-01 04:57:00,0.7746887604189396
2020-01-01 05:00:00,0.6859337289658356
2020-01-01 05:03:00,0.7702223658470189
2020-01-01 05:06:00,0.7655012311592486
2020-01-01 05:09:00,0.855550221019655
2020-01-01 05:12:00,0.7649595385892098
2020-01-01 05:15:00,0.7464690445904694
2020-01-01 05:18:00,0.7075472995389305
2020-01-01 05:21:00,0.6971872135689523
2020-01-01 05:24:00,0.7685894868857872
2020-01-01 05:27:00,0.700918954051474
2020-01-01 05:30:00,0.8143237846996954
2020-01-01 05:33:00,0.7512668020705746
2020-01-01 05:36:00,0.8592172244436256
2020-01-01 05:39:00,0.8305674902892406
2020-01-01 05:42:00,0.8000247772363309
2020-01-01 05:45:00,0.7646104933755282
2020-01-01 05:48:00,0.7957448716000499
2020-01-01 05:51:00,0.7844511028881129
2020-01-01 05:54:00,0.8993580200757378
2020-01-01 05:57:00,0.7431611887157601
2020-01-01 06:00:00,0.8117769891716193
2020-01-01 06:03:00,0.7815560612247623
2020-01-01 06:06:00,0.5816600662789142
2020-01-01 06:09:00,0.7314238284753287
2020-01-01 06:12:00,0.723544557217167
2020-01-01 06:15:00,0.7220783224294678
2020-01-01 06:18:00,0.8381693432735915
2020-01-01 06:21:00,0.7609023362008429
2020-01-01 06:24:00,0.7545110492885669
2020-01-01 06:27:00,0.7721261385399316
2020-01-01 06:30:00,0.7663234554451606
2020-01-01 06:33:00,0.6926803033637725
2020-01-01 06:36:00,0.7322985145586358
2020-01-01 06:39:00,0.8319488334605012
2020-01-01 06:42:00,0.8108639735806378
2020-01-01 06:45:00,0.8351663863141994
2020-01-01 06:48:00,0.7712280070889506
2020-01-01 06:51:00,0.7824719825717921
2020-01-01 06:54:00,0.8091069489212259
2020-01-01 06:57:00,0.7512229537035751
2020-01-01 07:00:00,0.8742029247845267
2020-01-01 07:03:00,0.7604526456704548
2020-01-01 07:06:00,0.7985916519255056
2020-01-01 07:09:00,0.7097435714169364
2020-01-01 07:12:00,0.8077047488054063
2020-01-01 07:15:00,0.7901936777256537
2020-01-01 07:18:00,0.8004150183438128
2020-01-01 07:21:00,0.7198033433398905
2020-01-01 07:24:00,0.7654501781557315
2020-01-01 07:27:00,0.886615705454858
2020-01-01 07:30:00,0.8484920684461486
2020-01-01 07:33:00,0.7892192378718619
2020-01-01 07:36:00,0.6729478595202067
2020-01-01 07:39:00,0.7573633278739749
2020-01-01 07:42:00,0.7764187901935315
2020-01-01 07:45:00,0.8540409037334484
2020-01-01 07:48:00,0.8606192265997379
2020-01-01 07:51:00,0.8102711071797444
2020-01-01 07:54:00,0.7471045997734223
2020-01-01 07:57:00,0.6955401781696082
2020-01-01 08:00:00,0.7800225162309289
2020-01-01 08:03:00,0.7596887341868523
2020-01-01 08:06:00,0.7409473377906011
2020-01-01 08:09:00,0.6991164523905695
2020-01-01 08:12:00,0.6885341531274776
2020-01-01 08:15:00,0.7393029761523167
2020-01-01 08:18:00,0.8246108834685515
2020-01-01 08:21:00,0.7411841761542632
2020-01-01 08:24:00,0.6900492661153521
2020-01-01 08:27:00,0.7382769280139883
2020-01-01 08:30:00,0.7217139463784861
2020-01-01 08:33:00,0.7307541717622144
2020-01-01 08:36:00,0.8001684789325054
2020-01-01 08:39:00,0.637891254297017
2020-01-01 08:42:00,0.7724018216634363
2020-01-01 08:45:00,0.6589339180328011
2020-01-01 08:48:00,0.7058384121027075
2020-01-01 08:51:00,0.7327416356677645
2020-01-01 08:54:00,0.7671325312788895
2020-01-01 08:57:00,0.7165477641697748
2020-01-01 09:00:00,0.6776079350137252
2020-01-01 09:03:00,0.6493246464480649
2020-01-01 09:06:00,0.7450160219289046
2020-01-01 09:09:00,0.5610957548148576
2020-01-01 09:12:00,0.7221708774050057
2020-01-01 09:15:00,0.6923071525500291
2020-01-01 09:18:00,0.6460492571627583
2020-01-01 09:21:00,0.6215383934833199
2020-01-01 09:24:00,0.7688956993437159
2020-01-01 09:27:00,0.7552592913110061
2020-01-01 09:30:00,0.6641202265936954
2020-01-01 09:33:00,0.6804071639836025
2020-01-01 09:36:00,0.6954386263203673
2020-01-01 09:39:00,0.6898304465501042
2020-01-01 09:42:00,0.6464799840136379
2020-01-01 09:45:00,0.7880451273736071
2020-01-01 09:48:00,0.6822164852590049
2020-01-01 09:51:00,0.5759933276821698
2020-01-01 09:54:00,0.6513924597591085
2020-01-01 09:57:00,0.6910865637030383
2020-01-01 10:00:00,0.6634764006477099
2020-01-01 10:03:00,0.6350479216065992
2020-01-01 10:06:00,0.7004075641143004
2020-01-01 10:09:00,0.621666289631662
2020-01-01 10:12:00,0.5770213882242388
2020-01-01 10:15:00,0.628141920062717
2020-01-01 10:18:00,0.6318043918641933
2020-01-01 10:21:00,0.6108209318751392
2020-01-01 10:24:00,0.5212540858393595
2020-01-01 10:27:00,0.6631737151982975
2020-01-01 10:30:00,0.6719484738531492
2020-01-01 10:33:00,0.621831579540526
2020-01-01 10:36:00,0.5149680714639544
2020-01-01 10:39:00,0.6780497678161623
2020-01-01 10:42:00,0.5846077836488917
2020-01-01 10:45:00,0.5093541701549498
2020-01-01 10:48:00,0.5946532247009486
2020-01-01 10:51:00,0.5860657719683218
2020-01-01 10:54:00,0.5549264931916582
2020-01-01 10:57:00,0.39989041094622735
2020-01-01 11:00:00,0.5542316883999092
2020-01-01 11:03:00,0.47085777957732944
2020-01-01 11:06:00,0.5363095997124674
2020-01-01 11:09:00,0.4303549977625494
2020-01-01 11:12:00,0.44049961490185296
2020-01-01 11:15:00,0.39288428452005064
2020-01-01 11:18:00,0.4772680144292849
2020-01-01 11:21:00,0.41646355895068154
2020-01-01 11:24:00,0.39413666069930287
2020-01-01 11:27:00,0.43198724889663254
2020-01-01 11:30:00,0.47079024861784546
2020-01-01 11:33:00,0.518447977775395
2020-01-01 11:36:00,0.5169987274356913
2020-01-01 11:39:00,0.5126584096512943
2020-01-01 11:42:00,0.44610859999795593
2020-01-01 11:45:00,0.445490204972657
2020-01-01 11:48:00,0.2827322439558202
2020-01-01 11:51:00,0.29289181712920254
2020-01-01 11:54:00,0.35870123523994835
2020-01-01 11:57:00,0.2846799638318771
2020-01-01 12:00:00,0.40575235652374886
2020-01-01 12:03:00,0.3374268669584808
2020-01-01 12:06:00,0.3324457963812506
2020-01-01 12:09:00,0.3013552860949176
2020-01-01 12:12:00,0.15168746966986646
2020-01-01 12:15:00,0.3413856439973415
2020-01-01 12:18:00,0.39156167388074437
2020-01-01 12:21:00,0.3308887200919344
2020-01-01 12:24:00,0.34341121818403053
2020-01-01 12:27:00,0.33854539576367415
2020-01-01 12:30:00,0.3589825561575708
2020-01-01 12:33:00,0.20133236452448955
2020-01-01 12:36:00,0.2894673104141816
2020-01-01 12:39:00,0.31556024835151675
2020-01-01 12:42:00,0.22612067883056852
2020-01-01 12:45:00,0.33245642356598637
2020-01-01 12:48:00,0.1899157903469586
2020-01-01 12:51:00,0.21358626569076478
2020-01-01 12:54:00,0.166161934226011
2020-01-01 12:57:00,0.20683490398386084
2020-01-01 13:00:00,0.1760515081538756
2020-01-01 13:03:00,0.16857817355753468
2020-01-01 13:06:00,0.1884813792819955
2020-01-01 13:09:00,0.1311272718554619
2020-01-01 13:12:00,0.16833645123676888
2020-01-01 13:15:00,0.22198421973723725
2020-01-01 13:18:00,0.02692552807360471
2020-01-01 13:21:00,0.3488189259451815
2020-01-01 13:24:00,0.29338460723897697
2020-01-01 13:27:00,0.2041461173559469
2020-01-01 13:30:00,0.31376054863392255
2020-01-01 13:33:00,0.12904807046822953
2020-01-01 13:36:00,0.17644094860537507
2020-01-01 13:39:00,0.0658003753843559
2020-01-01 13:42:00,0.18549117253866143
2020-01-01 13:45:00,0.22231542271305216
2020-01-01 13:48:00,0.1303430696190162
2020-01-01 13:51:00,0.13421164763235538
2020-01-01 13:54:00,0.10715283768917061
2020-01-01 13:57:00,0.14699743162151435
2020-01-01 14:00:00,0.12754304571552666
2020-01-01 14:03:00,0.11961317322987952
2020-01-01 14:06:00,0.05754367824664541
2020-01-01 14:09:00,0.010555336055006137
2020-01-01 14:12:00,0.08749311050564756
2020-01-01 14:15:00,0.05914894061697851
2020-01-01 14:18:00,0.06574504535194592
2020-01-01 14:21:00,0.09212149737186337
2020-01-01 14:24:00,-0.0016268779145320877
2020-01-01 14:27:00,0.14508637836581784
2020-01-01 14:30:00,0.04560166342429284
2020-01-01 14:33:00,0.2043205756192492
2020-01-01 14:36:00,0.1417941270655092
2020-01-01 14:39:00,0.06169832083719484
2020-01-01 14:42:00,0.04614220987457429
2020-01-01 14:45:00,0.18737343386521843
2020-01-01 14:48:00,0.10219721633069412
2020-01-01 14:51:00,0.07937223802389326
2020-01-01 14:54:00,0.09928513571122721
2020-01-01 14:57:00,0.04766254162285577
2020-01-01 15:00:00,0.05032102395773563
2020-01-01 15:03:00,0.2530858643207239
2020-01-01 15:06:00,0.33125583925476576
2020-01-01 15:09:00,0.2376069082145591
2020-01-01 15:12:00,0.26792520025281874
2020-01-01 15:15:00,0.26856348598630575
2020-01-01 15:18:00,0.2757492446246488
2020-01-01 15:21:00,0.23884646802571297
2020-01-01 15:24:00,0.20999970804496115
2020-01-01 15:27:00,0.348554321672907
2020-01-01 15:30:00,0.3258563229004494
2020-01-01 15:33:00,0.42240584131639025
2020-01-01 15:36:00,0.2779359947570015
2020-01-01 15:39:00,0.26069671477750944
2020-01-01 15:42:00,0.32044962774585883
2020-01-01 15:45:00,0.2569278446864587
2020-01-01 15:48:00,0.2888044401734078
2020-01-01 15:51:00,0.32946303242448494
2020-01-01 15:54:00,0.25644242260187866
2020-01-01 15:57:00,0.22636761238970848
2020-01-01 16:00:00,0.3295852887674755
2020-01-01 16:03:00,0.35100790127739856
2020-01-01 16:06:00,0.3357180907437396
2020-01-01 16:09:00,0.30538231671249605
2020-01-01 16:12:00,0.2835121783989507
2020-01-01 16:15:00,0.34283449991778525
2020-01-01 16:18:00,0.1452569608636054
2020-01-01 16:21:00,0.285602350417264
2020-01-01 16:24:00,0.1575318527002878
2020-01-01 16:27:00,0.24422081624595648
2020-01-01 16:30:00,0.2776791437865995
2020-01-01 16:33:00,0.25366111270466263
2020-01-01 16:36:00,0.17578959628332314
2020-01-01 16:39:00,0.19411022229616037
2020-01-01 16:42:00,0.21967246807543006
2020-01-01 16:45:00,0.1641414975857174
2020-01-01 16:48:00,0.2462501516936868
2020-01-01 16:51:00,0.3495479694088317
2020-01-01 16:54:00,0.4173676781214226
2020-01-01 16:57:00,0.4627076123538245
2020-01-01 17:00:00,0.42390564237155104
2020-01-01 17:03:00,0.3648623834869795
2020-01-01 17:06:00,0.29815464791369095
2020-01-01 17:09:00,0.4593246808203162
2020-01-01 17:12:00,0.3418308793692404
2020-01-01 17:15:00,0.3950002882720014
2020-01-01 17:18:00,0.34292671411600395
2020-01-01 17:21:00,0.38233877074975453
2020-01-01 17:24:00,0.3586675510698569
2020-01-01 17:27:00,0.30185407485936366
2020-01-01 17:30:00,0.3561367517608005
2020-01-01 17:33:00,0.49925868795764927
2020-01-01 17:36:00,0.4390165522259508
2020-01-01 17:39:00,0.5106060179045926
2020-01-01 17:42:00,0.4537314940111514
2020-01-01 17:45:00,0.44796934927182974
2020-01-01 17:48:00,0.38849436498583145
2020-01-01 17:51:00,0.48802428551664434
2020-01-01 17:54:00,0.5143498859140436
2020-01-01 17:57:00,0.5029431500458372
2020-01-01 18:00:00,0.4460560399610358
2020-01-01 18:03:00,0.4107685750320229
2020-01-01 18:06:00,0.452680268946267
2020-01-01 18:09:00,0.4455412309532676
2020-01-01 18:12:00,0.4643774565918761
2020-01-01 18:15:00,0.5245051171028763
2020-01-01 18:18:00,0.5856189405882333
2020-01-01 18:21:00,0.436805855134935
2020-01-01 18:24:00,0.5475193618726166
2020-01-01 18:27:00,0.5838683801380853
2020-01-01 18:30:00,0.693380927811063
2020-01-01 18:33:00,0.5387232968575972
2020-01-01 18:36:00,0.5471167129962851
2020-01-01 18:39:00,0.5057718593317304
2020-01-01 18:42:00,0.48971947285139095
2020-01-01 18:45:00,0.4844658351150315
2020-01-01 18:48:00,0.47781695831668003
2020-01-01 18:51:00,0.5035357439164727
2020-01-01 18:54:00,
2020-01-01 18:57:00,
2020-01-01 19:00:00,
2020-01-01 19:03:00,0.5341738237659683
2020-01-01 19:06:00,0.5170480227019993
2020-01-01 19:09:00,0.4887459511298289
2020-01-01 19:12:00,0.5511639864996596
2020-01-01 19:15:00,0.6567214050130019
2020-01-01 19:18:00,0.703739523468812
2020-01-01 19:21:00,0.7155338151196133
2020-01-01 19:24:00,0.656236221319034
2020-01-01 19:27:00,0.5216926467459189
2020-01-01 19:30:00,0.5119011603644026
2020-01-01 19:33:00,0.4013758125668119
2020-01-01 19:36:00,0.5164807467643868
2020-01-01 19:39:00,0.4769618995017595
2020-01-01 19:42:00,0.46195196374253555
2020-01-01 19:45:00,0.4114030633579091
2020-01-01 19:48:00,0.45874896942069654
2020-01-01 19:51:00,0.3433404236492379
2020-01-01 19:54:00,0.34814972181419535
2020-01-01 19:57:00,0.5226933558177507
2020-01-01 20:00:00,0.44662531189561605
2020-01-01 20:03:00,0.4753749394506599
2020-01-01 20:06:00,0.5221196212710879
2020-01-01 20:09:00,0.5292979988872162
2020-01-01 20:12:00,0.5208699529743512
2020-01-01 20:15:00,0.4953309876707408
2020-01-01 20:18:00,0.4344389536252038
2020-01-01 20:21:00,0.5425575012108652
2020-01-01 20:24:00,0.5041133462266885
2020-01-01 20:27:00,0.48809672954627104
2020-01-01 20:30:00,0.5768015072355865
2020-01-01 20:33:00,0.5266146267381373
2020-01-01 20:36:00,0.42565140078039576
2020-01-01 20:39:00,0.45163301233986886
2020-01-01 20:42:00,0.45080568782879027
2020-01-01 20:45:00,0.4684462896447599
2020-01-01 20:48:00,0.3139797900108192
2020-01-01 20:51:00,0.44371429927929285
2020-01-01 20:54:00,0.34368665979997104
2020-01-01 20:57:00,0.3569087483564317
2020-01-01 21:00:00,0.4609488315637691
2020-01-01 21:03:00,0.5270819535057285
2020-01-01 21:06:00,0.40232897433736525
2020-01-01 21:09:00,0.5535461731020632
2020-01-01 21:12:00,0.48170604738385236
2020-01-01 21:15:00,0.39927773425893065
2020-01-01 21:18:00,0.3915599133571277
2020-01-01 21:21:00,0.38401720373207127
2020-01-01 21:24:00,0.475168852959996
2020-01-01 21:27:00,0.438076319166953
2020-01-01 21:30:00,0.4328919014448047
2020-01-01 21:33:00,0.5006457160881155
2020-01-01 21:36:00,0.3783496183651778
2020-01-01 21:39:00,0.5280051504336711
2020-01-01 21:42:00,0.47984558259094
2020-01-01 21:45:00,0.4711930461562588
2020-01-01 21:48:00,0.419130185308461
2020-01-01 21:51:00,0.4109144585963804
2020-01-01 21:54:00,0.46398867880196804
2020-01-01 21:57:00,0.44410442545944306
2020-01-01 22:00:00,0.42720391205403985
2020-01-01 22:03:00,0.489383388691806
2020-01-01 22:06:00,0.5778367167707756
2020-01-01 22:09:00,0.5912908588193204
2020-01-01 22:12:00,0.42711882954768043
2020-01-01 22:15:00,0.49678874133650197
2020-01-01 22:18:00,0.5506931983198342
2020-01-01 22:21:00,0.47009363293784645
2020-01-01 22:24:00,0.607691432811464
2020-01-01 22:27:00,0.5098949192584996
2020-01-01 22:30:00,0.578591208083651
2020-01-01 22:33:00,0.5503450990699434
2020-01-01 22:36:00,0.547559979019411
2020-01-01 22:39:00,0.49413408230566347
2020-01-01 22:42:00,0.4654840713939734
2020-01-01 22:45:00,0.6103946078226272
2020-01-01 22:48:00,0.5993783138418394
2020-01-01 22:51:00,0.5241095289479745
2020-01-01 22:54:00,0.4229090382845584
2020-01-01 22:57:00,0.46364326082147045
2020-01-01 23:00:00,0.5227463812578321
2020-01-01 23:03:00,0.5784970592343939
2020-01-01 23:06:00,0.5630658062490284
2020-01-01 23:09:00,0.6607307678272036
2020-01-01 23:12:00,0.5814614426087701
2020-01-01 23:15:00,0.502548974064382
2020-01-01 23:18:00,0.6326021557513286
2020-01-01 23:21:00,0.5277418756256225
2020-01-01 23:24:00,0.5728756440590814
2020-01-01 23:27:00,0.567945987411747
2020-01-01 23:30:00,0.5276181261604052
2020-01-01 23:33:00,0.475605962114912
2020-01-01 23:36:00,0.4446296723386922
2020-01-01 23:39:00,0.5583070164094579
2020-01-01 23:42:00,0.5697343964141623
2020-01-01 23:45:00,0.5632388010923819
2020-01-01 23:48:00,0.5434039526224979
2020-01-01 23:51:00,0.5382407797438304
2020-01-01 23:54:00,0.4894247018808642
2020-01-01 23:57:00,0.5476757061663307
2020-01-02 00:00:00,0.6217269118200193
2020-01-02 00:03:00,0.5983099722209317
2020-01-02 00:06:00,0.6497396517540324
2020-01-02 00:09:00,0.5518856801681977
2020-01-02 00:12:00,0.5330435622782375
2020-01-02 00:15:00,0.6031697539410175
2020-01-02 00:18:00,0.6501981237463497
2020-01-02 00:21:00,0.5625234934561263
2020-01-02 00:24:00,0.6592680393787305
2020-01-02 00:27:00,0.5992771625886917
2020-01-02 00:30:00,0.6218058236001411
2020-01-02 00:33:00,0.6546334472373019
2020-01-02 00:36:00,0.6708791164711556
2020-01-02 00:39:00,0.7105731189139419
2020-01-02 00:42:00,0.6135306969001704
2020-01-02 00:45:00,0.5555448900615829
2020-01-02 00:48:00,0.5955771006086934
2020-01-02 00:51:00,0.7417792787447297
2020-01-02 00:54:00,0.5852686579905253
2020-01-02 00:57:00,0.5229789348840086
2020-01-02 01:00:00,0.6546188021409307
2020-01-02 01:03:00,0.6150842790360684
2020-01-02 01:06:00,0.6086610137300568
2020-01-02 01:09:00,0.49924503026556977
2020-01-02 01:12:00,0.619183871548671
2020-01-02 01:15:00,0.6341737826651865
2020-01-02 01:18:00,0.6704772164097221
2020-01-02 01:21:00,0.5974138204450128
2020-01-02 01:24:00,0.686735989670467
2020-01-02 01:27:00,0.7024262639381504
2020-01-02 01:30:00,0.6343768601422539
2020-01-02 01:33:00,0.5563218300258086
2020-01-02 01:36:00,0.5606000117090844
2020-01-02 01:39:00,0.5978061038968576
2020-01-02 01:42:00,0.6288222172709652
2020-01-02 01:45:00,0.618374066982085
2020-01-02 01:48:00,0.6618614362585049
2020-01-02 01:51:00,0.6416816755400419
2020-01-02 01:54:00,0.6069453073819204
2020-01-02 01:57:00,0.6176447882441494
2020-01-02 02:00:00,0.6201164142719904
2020-01-02 02:03:00,0.5721392857486762
2020-01-02 02:06:00,0.49957410978754524
2020-01-02 02:09:00,0.6570660124005485
2020-01-02 02:12:00,0.6233975455729706
2020-01-02 02:15:00,0.7087335292322336
2020-01-02 02:18:00,0.683403801628458
2020-01-02 02:21:00,0.7032924827774423
2020-01-02 02:24:00,0.747508301292271
2020-01-02 02:27:00,0.7556064729927812
2020-01-02 02:30:00,0.7654017103772617
2020-01-02 02:33:00,0.815298887271581
2020-01-02 02:36:00,0.8564125107491805
2020-01-02 02:39:00,0.7224207273961838
2020-01-02 02:42:00,0.7218656929152871
2020-01-02 02:45:00,0.7483858353676851
2020-01-02 02:48:00,0.6805399255701445
2020-01-02 02:51:00,0.8025072649567164
2020-01-02 02:54:00,0.705430275572553
2020-01-02 02:57:00,0.669787444766996
2020-01-02 03:00:00,0.5595556621867672
2020-01-02 03:03:00,0.6026857487544817
2020-01-02 03:06:00,0.7062106049684189
2020-01-02 03:09:00,0.7049807307368496
2020-01-02 03:12:00,0.6256711085805478
2020-01-02 03:15:00,0.7223795812133176
2020-01-02 03:18:00,0.6162471064035344
2020-01-02 03:21:00,0.5674643064710949
2020-01-02 03:24:00,0.7580569205280199
2020-01-02 03:27:00,0.6312983675042005
2020-01-02 03:30:00,0.6324942055395582
2020-01-02 03:33:00,0.6417298062135615
2020-01-02 03:36:00,0.5882512707883052
2020-01-02 03:39:00,0.6291107562113325
2020-01-02 03:42:00,0.6805329711316972
2020-01-02 03:45:00,0.7230107951425566
2020-01-02 03:48:00,0.7025866730027701
2020-01-02 03:51:00,0.723451702073362
2020-01-02 03:54:00,0.655222107863608
2020-01-02 03:57:00,0.712355109168243
2020-01-02 04:00:00,0.7453119970782609
2020-01-02 04:03:00,0.7173466777260273
2020-01-02 04:06:00,0.640103275701847
2020-01-02 04:09:00,0.7019017246065005
2020-01-02 04:12:00,0.6303040959983264
2020-01-02 04:15:00,0.6868950565836371
2020-01-02 04:18:00,0.7340242765837957
2020-01-02 04:21:00,0.6791239164754188
2020-01-02 04:24:00,0.6920447202627997
2020-01-02 04:27:00,0.6438784416782823
2020-01-02 04:30:00,0.7188106720184919
2020-01-02 04:33:00,0.5836867521140334
2020-01-02 04:36:00,0.6491857623203146
2020-01-02 04:39:00,0.560013329162814
2020-01-02 04:42:00,0.6412956792227646
2020-01-02 04:45:00,0.6604748808110799
2020-01-02 04:48:00,0.6701294031892644
2020-01-02 04:51:00,0.6286154048778485
2020-01-02 04:54:00,0.8546006619581021
2020-01-02 04:57:00,0.651130622846722
2020-01-02 05:00:00,0.743960006503869
2020-01-02 05:03:00,0.6876069563230089
2020-01-02 05:06:00,0.6398704569145366
2020-01-02 05:09:00,0.6837139844986382
2020-01-02 05:12:00,0.6185903619330588
2020-01-02 05:15:00,0.7040200403751555
2020-01-02 05:18:00,0.7029541384187041
2020-01-02 05:21:00,0.6725129672012713
2020-01-02 05:24:00,0.658719308743855
2020-01-02 05:27:00,0.6729772898707438
2020-01-02 05:30:00,0.709399838425611
2020-01-02 05:33:00,0.6601372820135225
2020-01-02 05:36:00,0.696379313458408
2020-01-02 05:39:00,0.6277336397693603
2020-01-02 05:42:00,0.5966684049362243
2020-01-02 05:45:00,0.6748576238696273
2020-01-02 05:48:00,0.7155730160856706
2020-01-02 05:51:00,0.7028018794343325
2020-01-02 05:54:00,0.7210245500376686
2020-01-02 05:57:00,0.5080062866977642
2020-01-02 06:00:00,0.6848422287835092
2020-01-02 06:03:00,0.7118938915358513
2020-01-02 06:06:00,0.63166853399008
2020-01-02 06:09:00,0.6175435100288951
2020-01-02 06:12:00,0.6741230863902956
2020-01-02 06:15:00,0.6593868875528415
2020-01-02 06:18:00,0.6675964269668384
2020-01-02 06:21:00,0.6420936029290942
2020-01-02 06:24:00,0.6499970573340761
2020-01-02 06:27:00,0.6689521897016562
2020-01-02 06:30:00,0.6818863169054907
2020-01-02 06:33:00,0.7185722853815264
2020-01-02 06:36:00,0.6470638589558462
2020-01-02 06:39:00,0.6836914801439207
2020-01-02 06:42:00,0.5976869076763478
2020-01-02 06:45:00,0.5664847637493722
2020-01-02 06:48:00,0.6365298758800009
2020-01-02 06:51:00,0.6326013523903953
2020-01-02 06:54:00,0.6623520354555694
2020-01-02 06:57:00,0.6481197848023612
2020-01-02 07:00:00,0.6560556898401728
2020-01-02 07:03:00,0.6820763635702178
2020-01-02 07:06:00,0.6569780314928266
2020-01-02 07:09:00,0.6855615431769024
2020-01-02 07:12:00,0.5848480174426527
2020-01-02 07:15:00,0.6556473150495776
2020-01-02 07:18:00,0.5103891032262595
2020-01-02 07:21:00,0.6564946381813002
2020-01-02 07:24:00,0.6280259902717376
2020-01-02 07:27:00,0.6988264701446951
2020-01-02 07:30:00,0.5972680413532885
2020-01-02 07:33:00,0.6436024929723771
2020-01-02 07:36:00,0.6555493178549341
2020-01-02 07:39:00,0.6386955906743879
2020-01-02 07:42:00,0.586469139631447
2020-01-02 07:45:00,0.5861286304128157
2020-01-02 07:48:00,0.605933982204192
2020-01-02 07:51:00,0.6141705614053308
2020-01-02 07:54:00,0.6176607921291861
2020-01-02 07:57:00,0.5739713038799437
2020-01-02 08:00:00,0.7285199882726943
2020-01-02 08:03:00,0.6208531489962752
2020-01-02 08:06:00,0.6139944662833159
2020-01-02 08:09:00,0.6027634451825179
2020-01-02 08:12:00,0.5495971681907577
2020-01-02 08:15:00,0.5996980276685804
2020-01-02 08:18:00,0.4836959195621944
2020-01-02 08:21:00,0.6222772751896173
2020-01-02 08:24:00,0.6367876914976023
2020-01-02 08:27:00,0.5626418961393824
2020-01-02 08:30:00,0.5401238859815294
2020-01-02 08:33:00,0.5814607761353727
2020-01-02 08:36:00,0.5606118161685458
2020-01-02 08:39:00,0.48223729837417295
2020-01-02 08:42:00,0.6051714379663053
2020-01-02 08:45:00,0.5605246827423116
2020-01-02 08:48:00,0.4893461760766513
2020-01-02 08:51:00,0.538272473083623
2020-01-02 08:54:00,0.49300029480491503
2020-01-02 08:57:00,0.525589252760426
2020-01-02 09:00:00,0.4623754933402324
2020-01-02 09:03:00,0.5247179911849003
2020-01-02 09:06:00,0.5491407336751877
2020-01-02 09:09:00,0.5051763631981885
2020-01-02 09:12:00,0.5154619198210639
2020-01-02 09:15:00,0.5192050246909616
2020-01-02 09:18:00,0.4036896325012549
2020-01-02 09:21:00,0.4356090622339366
2020-01-02 09:24:00,0.42676431805153925
2020-01-02 09:27:00,0.32716566299575334
2020-01-02 09:30:00,0.4016431873369015
2020-01-02 09:33:00,0.3942700355496527
2020-01-02 09:36:00,0.3282439666454593
2020-01-02 09:39:00,0.3205110524333463
2020-01-02 09:42:00,0.4510062867452689
2020-01-02 09:45:00,0.3901088852720136
2020-01-02 09:48:00,0.3464234240602764
2020-01-02 09:51:00,0.36879629555505744
2020-01-02 09:54:00,0.39548253907815933
2020-01-02 09:57:00,0.32327400480079405
2020-01-02 10:00:00,0.3993781252879103
2020-01-02 10:03:00,0.3699785159414546
2020-01-02 10:06:00,0.4982667497633315
2020-01-02 10:09:00,0.47531493005038783
2020-01-02 10:12:00,0.3517740260866731
2020-01-02 10:15:00,0.3063187546803192
2020-01-02 10:18:00,0.4085778124333501
2020-01-02 10:21:00,0.36975375705321767
2020-01-02 10:24:00,0.3909302063725022
2020-01-02 10:27:00,0.4574335257001394
2020-01-02 10:30:00,0.3081920177228312
2020-01-02 10:33:00,0.3670108093289173
2020-01-02 10:36:00,0.3785933666492838
2020-01-02 10:39:00,0.35488138796370094
2020-01-02 10:42:00,0.25124012679509633
2020-01-02 10:45:00,0.27502895783806025
2020-01-02 10:48:00,0.37950238308940243
2020-01-02 10:51:00,0.21683142692933188
2020-01-02 10:54:00,0.36130214863493393
2020-01-02 10:57:00,0.3383195160491823
2020-01-02 11:00:00,0.25272939736066746
2020-01-02 11:03:00,0.3753840973608362
2020-01-02 11:06:00,0.318317122574058
2020-01-02 11:09:00,0.3617894108652422
2020-01-02 11:12:00,0.3564682069443279
2020-01-02 11:15:00,0.35210612799869523
2020-01-02 11:18:00,0.27188118578686726
2020-01-02 11:21:00,0.33923949848048096
2020-01-02 11:24:00,0.3754284358803943
2020-01-02 11:27:00,0.33389318891318
2020-01-02 11:30:00,0.16227524474271604
2020-01-02 11:33:00,0.21908726818480773
2020-01-02 11:36:00,0.212535684504644
2020-01-02 11:39:00,0.27985838175476374
2020-01-02 11:42:00,0.2869330468642488
2020-01-02 11:45:00,0.3219841990824648
2020-01-02 11:48:00,0.26845932946895346
2020-01-02 11:51:00,0.21099894464208546
2020-01-02 11:54:00,0.2597030957937818
2020-01-02 11:57:00,0.2512258204164368
2020-01-02 12:00:00,0.22856013047572787
2020-01-02 12:03:00,0.19647462329788823
2020-01-02 12:06:00,0.19591785079211377
2020-01-02 12:09:00,0.28416785387213395
2020-01-02 12:12:00,0.2087777312595449
2020-01-02 12:15:00,0.21057230144174355
2020-01-02 12:18:00,0.17876160499957905
2020-01-02 12:21:00,0.09152937545718487
2020-01-02 12:24:00,0.09491947762262498
2020-01-02 12:27:00,0.13590650877898725
2020-01-02 12:30:00,0.16538872187032894
2020-01-02 12:33:00,0.08776188808906227
2020-01-02 12:36:00,0.1748333004388769
2020-01-02 12:39:00,0.10819757515167794
2020-01-02 12:42:00,0.0982275060106872
2020-01-02 12:45:00,0.0601550311927781
2020-01-02 12:48:00,0.08922268512020537
2020-01-02 12:51:00,0.05931071206418892
2020-01-02 12:54:00,0.010486850930476521
2020-01-02 12:57:00,0.1760655213853397
2020-01-02 13:00:00,0.13936545783508336
2020-01-02 13:03:00,0.10372414630421645
2020-01-02 13:06:00,0.08323185146366541
2020-01-02 13:09:00,0.12168226505883695
2020-01-02 13:12:00,0.12464626128888767
2020-01-02 13:15:00,0.027218987781566284
2020-01-02 13:18:00,0.027665447369884077
2020-01-02 13:21:00,0.07116532431564337
2020-01-02 13:24:00,0.10394082945634864
2020-01-02 13:27:00,0.07534379293377924
2020-01-02 13:30:00,0.11226374603802469
2020-01-02 13:33:00,0.11100994902773209
2020-01-02 13:36:00,0.09329345240684006
2020-01-02 13:39:00,0.08044791800881512
2020-01-02 13:42:00,0.06726372734743791
2020-01-02 13:45:00,0.0272279018588506
2020-01-02 13:48:00,0.007536914944751061
2020-01-02 13:51:00,0.016355723612377915
2020-01-02 13:54:00,0.008860949551035446
2020-01-02 13:57:00,-0.08201306040643885
2020-01-02 14:00:00,-0.04586937869692065
2020-01-02 14:03:00,0.0017667717956442175
2020-01-02 14:06:00,0.0408854287683198
2020-01-02 14:09:00,-0.09960327420373005
2020-01-02 14:12:00,-0.08338893737646913
2020-01-02 14:15:00,0.019380200677574067
2020-01-02 14:18:00,0.13625899557251842
2020-01-02 14:21:00,0.01081812021720907
2020-01-02 14:24:00,0.015812512158902337
2020-01-02 14:27:00,0.047590877578386426
2020-01-02 14:30:00,0.013520203855591717
2020-01-02 14:33:00,-0.021004698321917203
2020-01-02 14:36:00,0.0391407907339385
2020-01-02 14:39:00,0.0703794002249083
2020-01-02 14:42:00,0.07896540292216514
2020-01-02 14:45:00,0.07574952059292173
2020-01-02 14:48:00,-0.048609315022304145
2020-01-02 14:51:00,0.09236803936852311
2020-01-02 14:54:00,0.0068544788029498704
2020-01-02 14:57:00,-0.029113949432371555
2020-01-02 15:00:00,-0.03546106203401678
2020-01-02 15:03:00,0.11909326584469682
2020-01-02 15:06:00,-0.12897360750639564
2020-01-02 15:09:00,0.007955254800151579
2020-01-02 15:12:00,0.027160522894291717
2020-01-02 15:15:00,0.05543038844058401
2020-01-02 15:18:00,0.10351922133241942
2020-01-02 15:21:00,0.21399886029490744
2020-01-02 15:24:00,0.08106113398650905
2020-01-02 15:27:00,0.1028115266307168
2020-01-02 15:30:00,0.09256079994582933
2020-01-02 15:33:00,0.16155273345054866
2020-01-02 15:36:00,0.24084558023292857
2020-01-02 15:39:00,0.2600291124752516
2020-01-02 15:42:00,0.1601452782346655
2020-01-02 15:45:00,0.28220607222675653
2020-01-02 15:48:00,0.3089682500268509
2020-01-02 15:51:00,0.1966518212137771
2020-01-02 15:54:00,0.2477995349998423
2020-01-02 15:57:00,0.19093186059956224
2020-01-02 16:00:00,0.21719542881430698
2020-01-02 16:03:00,0.18733147354413404
2020-01-02 16:06:00,0.11379157419804642
2020-01-02 16:09:00,0.09143546922371115
2020-01-02 16:12:00,0.2294924381330361
2020-01-02 16:15:00,0.20581203449643226
2020-01-02 16:18:00,0.18692662701442941
2020-01-02 16:21:00,0.18914368515766
2020-01-02 16:24:00,0.10562983554609673
2020-01-02 16:27:00,0.24516626215631732
2020-01-02 16:30:00,0.0716474633588291
2020-01-02 16:33:00,0.19098769741890465
2020-01-02 16:36:00,0.23638704017713508
2020-01-02 16:39:00,0.31289550276346745
2020-01-02 16:42:00,0.17136556483802678
2020-01-02 16:45:00,0.2189966937024792
2020-01-02 16:48:00,0.2205311984355376
2020-01-02 16:51:00,0.3375968608290236
2020-01-02 16:54:00,0.26267392332363215
2020-01-02 16:57:00,0.19615151743522574
2020-01-02 17:00:00,0.12306949983803861
2020-01-02 17:03:00,0.37952281190018766
2020-01-02 17:06:00,0.31346394592435445
2020-01-02 17:09:00,0.29252400308251936
2020-01-02 17:12:00,0.20284793177881966
2020-01-02 17:15:00,0.3136461958120549
2020-01-02 17:18:00,0.17614444861749234
2020-01-02 17:21:00,0.1409031255394666
2020-01-02 17:24:00,0.36785149694765096
2020-01-02 17:27:00,0.12236222295496191
2020-01-02 17:30:00,0.08688773346159451
2020-01-02 17:33:00,0.14818310502136
2020-01-02 17:36:00,0.20382345635505317
2020-01-02 17:39:00,0.3492717450366172
2020-01-02 17:42:00,0.37308365925628095
2020-01-02 17:45:00,0.35375788013266174
2020-01-02 17:48:00,0.4371292657770596
2020-01-02 17:51:00,0.3475174087202504
2020-01-02 17:54:00,0.33715742358509715
2020-01-02 17:57:00,0.3359059159392359
2020-01-02 18:00:00,0.4575588426484387
2020-01-02 18:03:00,0.43461621234928316
2020-01-02 18:06:00,0.44917883909522516
2020-01-02 18:09:00,0.374467118836435
2020-01-02 18:12:00,0.42433967593638044
2020-01-02 18:15:00,0.4195968612580714
2020-01-02 18:18:00,0.3561638583897775
2020-01-02 18:21:00,0.3736681673070166
2020-01-02 18:24:00,0.39415717930654637
2020-01-02 18:27:00,0.4177259374645814
2020-01-02 18:30:00,0.3914928586168003
2020-01-02 18:33:00,0.4197605305925549
2020-01-02 18:36:00,0.34734814678853354
2020-01-02 18:39:00,0.48121388440858937
2020-01-02 18:42:00,0.4919826184225826
2020-01-02 18:45:00,0.4430804760593219
2020-01-02 18:48:00,0.34252480164957433
2020-01-02 18:51:00,0.4651045778238654
2020-01-02 18:54:00,
2020-01-02 18:57:00,
2020-01-02 19:00:00,
2020-01-02 19:03:00,0.345822432648049
2020-01-02 19:06:00,0.42607307894974156
2020-01-02 19:09:00,0.19432752225668537
2020-01-02 19:12:00,0.22716775759431584
2020-01-02 19:15:00,0.2746397872505213
2020-01-02 19:18:00,0.3125553947653543
2020-01-02 19:21:00,0.36401745774674055
2020-01-02 19:24:00,0.5017454590525858
2020-01-02 19:27:00,0.5545672465163989
2020-01-02 19:30:00,0.35224185306572053
2020-01-02 19:33:00,0.4411414860580294
2020-01-02 19:36:00,0.5028671620447085
2020-01-02 19:39:00,0.45326572104568186
2020-01-02 19:42:00,0.4063331515320101
2020-01-02 19:45:00,0.410357504387207
2020-01-02 19:48:00,0.5755475275789763
2020-01-02 19:51:00,0.5918236787766205
2020-01-02 19:54:00,0.5213723461454265
2020-01-02 19:57:00,0.5208428491514496
2020-01-02 20:00:00,0.4526740404371594
2020-01-02 20:03:00,0.465221444693384
2020-01-02 20:06:00,0.5368400558545545
2020-01-02 20:09:00,0.45542503971699944
2020-01-02 20:12:00,0.34326576986177315
2020-01-02 20:15:00,0.510368375402436
2020-01-02 20:18:00,0.5393069506393999
2020-01-02 20:21:00,0.5143214245093759
2020-01-02 20:24:00,0.3469340787173678
2020-01-02 20:27:00,0.3434111136634215
2020-01-02 20:30:00,0.47015968167420397
2020-01-02 20:33:00,0.4628744477512896
2020-01-02 20:36:00,0.17414602344246077
2020-01-02 20:39:00,0.5825144864373328
2020-01-02 20:42:00,0.4780221987332993
2020-01-02 20:45:00,0.46561062585738
2020-01-02 20:48:00,0.5120165534648322
2020-01-02 20:51:00,0.5750832650955999
2020-01-02 20:54:00,0.6088634278937661
2020-01-02 20:57:00,0.5881853713787564
2020-01-02 21:00:00,0.5373837385695879
2020-01-02 21:03:00,0.5394391563129943
2020-01-02 21:06:00,0.5271057290902945
2020-01-02 21:09:00,0.4601449610091777
2020-01-02 21:12:00,0.601197291904441
2020-01-02 21:15:00,0.5385822155323581
2020-01-02 21:18:00,0.497495226905869
2020-01-02 21:21:00,0.4870749972515114
2020-01-02 21:24:00,0.4931411481129544
2020-01-02 21:27:00,0.4928686659995378
2020-01-02 21:30:00,0.46631341372176394
2020-01-02 21:33:00,0.45800142674448807
2020-01-02 21:36:00,0.4000341719602716
2020-01-02 21:39:00,0.6035911083494057
2020-01-02 21:42:00,0.5571889277738933
2020-01-02 21:45:00,0.6465276727590208
2020-01-02 21:48:00,0.6126281761231667
2020-01-02 21:51:00,0.612896370103158
2020-01-02 21:54:00,0.43221435405342845
2020-01-02 21:57:00,0.45275111259729783
2020-01-02 22:00:00,0.5217718872894466
2020-01-02 22:03:00,0.43244564428709964
2020-01-02 22:06:00,0.5667622984173022
2020-01-02 22:09:00,0.5263735103829958
2020-01-02 22:12:00,0.45727305209970837
2020-01-02 22:15:00,0.47682553862932764
2020-01-02 22:18:00,0.5229602803764806
2020-01-02 22:21:00,0.5219502011829604
2020-01-02 22:24:00,0.5637397264128481
2020-01-02 22:27:00,0.587535373407718
2020-01-02 22:30:00,0.6051569690621363
2020-01-02 22:33:00,0.5599330072898852
2020-01-02 22:36:00,0.47044671884913214
2020-01-02 22:39:00,0.594627428537251
2020-01-02 22:42:00,0.4838671575407716
2020-01-02 22:45:00,0.6071652981800071
2020-01-02 22:48:00,0.47373349934525777
2020-01-02 22:51:00,0.5689174798687873
2020-01-02 22:54:00,0.5140389688861546
2020-01-02 22:57:00,0.467536067412027
2020-01-02 23:00:00,0.5362549703245918
2020-01-02 23:03:00,0.49142189945484915
2020-01-02 23:06:00,0.49962106908185433
2020-01-02 23:09:00,0.5180134686057727
2020-01-02 23:12:00,0.5018495155973142
2020-01-02 23:15:00,0.5006131467054615
2020-01-02 23:18:00,0.48306690120074336
2020-01-02 23:21:00,0.4490469559074768
2020-01-02 23:24:00,0.4370356047734276
2020-01-02 23:27:00,0.4630729197780852
2020-01-02 23:30:00,0.4447555077893526
2020-01-02 23:33:00,0.5247037147003084
2020-01-02 23:36:00,0.49471103811293915
2020-01-02 23:39:00,0.5234611926878188
2020-01-02 23:42:00,0.5303099113089047
2020-01-02 23:45:00,0.5785595029625483
2020-01-02 23:48:00,0.6354347465806427
2020-01-02 23:51:00,0.5031883247256133
2020-01-02 23:54:00,0.5028946687798452
2020-01-02 23:57:00,0.5918761891559825
2020-01-03 00:00:00,0.6081551912902228
2020-01-03 00:03:00,0.5214678223187548
2020-01-03 00:06:00,0.5754678075819584
2020-01-03 00:09:00,0.5328964460216525
2020-01-03 00:12:00,0.6329894278144366
2020-01-03 00:15:00,0.5872089994736598
2020-01-03 00:18:00,0.6072125760346694
2020-01-03 00:21:00,0.5898515546842305
2020-01-03 00:24:00,0.6684334149417168
2020-01-03 00:27:00,0.5749550359983004
2020-01-03 00:30:00,0.5924867922421981
2020-01-03 00:33:00,0.6063523940320579
2020-01-03 00:36:00,0.5979493398288014
2020-01-03 00:39:00,0.5579961624541738
2020-01-03 00:42:00,0.5742085203049783
2020-01-03 00:45:00,0.5799838275049183
2020-01-03 00:48:00,0.6205535257034285
2020-01-03 00:51:00,0.6096413889206929
2020-01-03 00:54:00,0.5817989635493177
2020-01-03 00:57:00,0.5855608887823109
2020-01-03 01:00:00,0.6137606656828893
2020-01-03 01:03:00,0.6916449320413562
2020-01-03 01:06:00,0.6368365895119723
2020-01-03 01:09:00,0.5920523897470957
2020-01-03 01:12:00,0.7062269887376829
2020-01-03 01:15:00,0.5539339352131947
2020-01-03 01:18:00,0.5793506280500083
2020-01-03 01:21:00,0.6065723087962169
2020-01-03 01:24:00,0.6078509125610481
2020-01-03 01:27:00,0.4858421284156975
2020-01-03 01:30:00,0.5704005099658502
2020-01-03 01:33:00,0.6227337353622033
2020-01-03 01:36:00,0.6689416043450933
2020-01-03 01:39:00,0.5946689991496328
2020-01-03 01:42:00,0.6074376170221285
2020-01-03 01:45:00,0.5920026743918925
2020-01-03 01:48:00,0.6457603823866407
2020-01-03 01:51:00,0.6688719512697503
2020-01-03 01:54:00,0.6045419997517456
2020-01-03 01:57:00,0.62269126551098
2020-01-03 02:00:00,0.6406104376390545
2020-01-03 02:03:00,0.5931018644993173
2020-01-03 02:06:00,0.6001475240677792
2020-01-03 02:09:00,0.696710312820187
2020-01-03 02:12:00,0.7854639177464264
2020-01-03 02:15:00,0.639239540690312
2020-01-03 02:18:00,0.6369975374304317
2020-01-03 02:21:00,0.6358958318648433
2020-01-03 02:24:00,0.7012756106308302
2020-01-03 02:27:00,0.7191874767192985
2020-01-03 02:30:00,0.5047937712758994
2020-01-03 02:33:00,0.6490927433637239
2020-01-03 02:36:00,0.5939501123629611
2020-01-03 02:39:00,0.6374976677357722
2020-01-03 02:42:00,0.6238784152403696
2020-01-03 02:45:00,0.5843957354619533
2020-01-03 02:48:00,0.6418620091207003
2020-01-03 02:51:00,0.5728864726008283
2020-01-03 02:54:00,0.6439408962130528
2020-01-03 02:57:00,0.6867579250499602
2020-01-03 03:00:00,0.6900146233140276
2020-01-03 03:03:00,0.7475321089829663
2020-01-03 03:06:00,0.6043366781121904
2020-01-03 03:09:00,0.7056562317849284
2020-01-03 03:12:00,0.7262227121848355
2020-01-03 03:15:00,0.6370525192469358
2020-01-03 03:18:00,0.6328512030872844
2020-01-03 03:21:00,0.7154823612650034
2020-01-03 03:24:00,0.6906736495986365
2020-01-03 03:27:00,0.7173708668387917
2020-01-03 03:30:00,0.6360198792428378
2020-01-03 03:33:00,0.6607263201194087
2020-01-03 03:36:00,0.6683963449982002
2020-01-03 03:39:00,0.5883656233175429
2020-01-03 03:42:00,0.6526254264815066
2020-01-03 03:45:00,0.6190661105003983
2020-01-03 03:48:00,0.5137380875615918
2020-01-03 03:51:00,0.6729570523647226
2020-01-03 03:54:00,0.7233557121411422
2020-01-03 03:57:00,0.6396776592420679
2020-01-03 04:00:00,0.7234528498217969
2020-01-03 04:03:00,0.6499672971434052
2020-01-03 04:06:00,0.573625114711831
2020-01-03 04:09:00,0.6614455637170522
2020-01-03 04:12:00,0.6985505244568913
2020-01-03 04:15:00,0.6568069560270828
2020-01-03 04:18:00,0.5969100008063037
2020-01-03 04:21:00,0.6181959456889103
2020-01-03 04:24:00,0.627967063742858
2020-01-03 04:27:00,0.6284075955173876
2020-01-03 04:30:00,0.5507707349404427
2020-01-03 04:33:00,0.6498195977407022
2020-01-03 04:36:00,0.5133091655235376
2020-01-03 04:39:00,0.5933904081060177
2020-01-03 04:42:00,0.6886766502180421
2020-01-03 04:45:00,0.6487257423047481
2020-01-03 04:48:00,0.5324295253450373
2020-01-03 04:51:00,0.5027312823382886
2020-01-03 04:54:00,0.6065166973451142
2020-01-03 04:57:00,0.5877108474338684
2020-01-03 05:00:00,0.7001681241887354
2020-01-03 05:03:00,0.6840761442077792
2020-01-03 05:06:00,0.6901122202659735
2020-01-03 05:09:00,0.6979829121241323
2020-01-03 05:12:00,0.6400371791217481
2020-01-03 05:15:00,0.6142655556388377
2020-01-03 05:18:00,0.6140196739155499
2020-01-03 05:21:00,0.6676572002058379
2020-01-03 05:24:00,0.7587487468080099
2020-01-03 05:27:00,0.6509972599330922
2020-01-03 05:30:00,0.6811741577474777
2020-01-03 05:33:00,0.7040082575403517
2020-01-03 05:36:00,0.8280421976367052
2020-01-03 05:39:00,0.6899271567953633
2020-01-03 05:42:00,0.6709285758566352
2020-01-03 05:45:00,0.6727546811436014
2020-01-03 05:48:00,0.6617312654286707
2020-01-03 05:51:00,0.6508300705670536
2020-01-03 05:54:00,0.7836167019779054
2020-01-03 05:57:00,0.6341841850064611
2020-01-03 06:00:00,0.6775278364726773
2020-01-03 06:03:00,0.707743708276837
2020-01-03 06:06:00,0.7177972658683416
2020-01-03 06:09:00,0.7418724216129817
2020-01-03 06:12:00,0.6971142453852508
2020-01-03 06:15:00,0.6936598553554632
2020-01-03 06:18:00,0.7263984294259558
2020-01-03 06:21:00,0.7696887108480723
2020-01-03 06:24:00,0.6750347712186908
2020-01-03 06:27:00,0.7684264884991308
2020-01-03 06:30:00,0.7209511701282736
2020-01-03 06:33:00,0.6467134930870202
2020-01-03 06:36:00,0.7075192880439545
2020-01-03 06:39:00,0.745050006136978
2020-01-03 06:42:00,0.7267917128224326
2020-01-03 06:45:00,0.7949673741214269
2020-01-03 06:48:00,0.7559076505626194
2020-01-03 06:51:00,0.6398050375501043
2020-01-03 06:54:00,0.7839765727892996
2020-01-03 06:57:00,0.7355619241535578
2020-01-03 07:00:00,0.7328054230545717
2020-01-03 07:03:00,0.6904122587831125
2020-01-03 07:06:00,0.6977613908749163
2020-01-03 07:09:00,0.6234026774118888
2020-01-03 07:12:00,0.7021163162510788
2020-01-03 07:15:00,0.7164158283132451
2020-01-03 07:18:00,0.6800625942292982
2020-01-03 07:21:00,0.680378351152342
2020-01-03 07:24:00,0.6565170776851801
2020-01-03 07:27:00,0.7678018451615003
2020-01-03 07:30:00,0.6185476030574932
2020-01-03 07:33:00,0.6624572178588437
2020-01-03 07:36:00,0.6128944677442405
2020-01-03 07:39:00,0.7037229187237131
2020-01-03 07:42:00,0.6148478803833655
2020-01-03 07:45:00,0.6491090668205857
2020-01-03 07:48:00,0.6421623380375081
2020-01-03 07:51:00,0.6760444584993479
2020-01-03 07:54:00,0.6132646576417073
2020-01-03 07:57:00,0.6259465108288396
2020-01-03 08:00:00,0.6347976084824722
2020-01-03 08:03:00,0.6976902588812663
2020-01-03 08:06:00,0.6416978673844937
2020-01-03 08:09:00,0.7000807709789569
2020-01-03 08:12:00,0.6359709472223471
2020-01-03 08:15:00,0.5548692354531113
2020-01-03 08:18:00,0.5762335932732299
2020-01-03 08:21:00,0.6659460032987568
2020-01-03 08:24:00,0.5622994701081439
2020-01-03 08:27:00,0.5524819301514299
2020-01-03 08:30:00,0.5596217379323889
2020-01-03 08:33:00,0.4757190245945253
2020-01-03 08:36:00,0.4996476307940725
2020-01-03 08:39:00,0.5673684846137803
2020-01-03 08:42:00,0.5252587939421005
2020-01-03 08:45:00,0.5330256084495204
2020-01-03 08:48:00,0.5395269955319009
2020-01-03 08:51:00,0.5048783591037136
2020-01-03 08:54:00,0.43020799260881404
2020-01-03 08:57:00,0.4388249951919079
2020-01-03 09:00:00,0.47409255184231824
2020-01-03 09:03:00,0.5345526217991505
2020-01-03 09:06:00,0.5070776450270955
2020-01-03 09:09:00,0.44829455853954414
2020-01-03 09:12:00,0.4403847447923681
2020-01-03 09:15:00,0.36042956440820717
2020-01-03 09:18:00,0.45294387576717554
2020-01-03 09:21:00,0.4034775107339783
2020-01-03 09:24:00,0.39181412791612047
2020-01-03 09:27:00,0.3202257627303311
2020-01-03 09:30:00,0.3472753869091889
2020-01-03 09:33:00,0.33266871041365675
2020-01-03 09:36:00,0.3740317693470274
2020-01-03 09:39:00,0.35027412792879886
2020-01-03 09:42:00,0.3014662480014749
2020-01-03 09:45:00,0.3888611734055871
2020-01-03 09:48:00,0.40412084272475113
2020-01-03 09:51:00,0.34345387395575244
2020-01-03 09:54:00,0.39031148119516956
2020-01-03 09:57:00,0.09590857550068677
2020-01-03 10:00:00,0.15949380576790873
2020-01-03 10:03:00,0.3461643802806975
2020-01-03 10:06:00,0.28465212082545577
2020-01-03 10:09:00,0.2207360748852807
2020-01-03 10:12:00,0.28785150961152794
2020-01-03 10:15:00,0.3435159731820363
2020-01-03 10:18:00,0.32276602469767113
2020-01-03 10:21:00,0.2849843830967984
2020-01-03 10:24:00,0.30289021643568503
2020-01-03 10:27:00,0.17977237798618262
2020-01-03 10:30:00,0.2670629543175096
2020-01-03 10:33:00,0.2819160753546157
2020-01-03 10:36:00,0.3204137227025967
2020-01-03 10:39:00,0.29137716505073286
2020-01-03 10:42:00,0.3011497664413696
2020-01-03 10:45:00,0.2688347342428301
2020-01-03 10:48:00,0.27583425474063006
2020-01-03 10:51:00,0.23581905821635019
2020-01-03 10:54:00,0.27993191451776056
2020-01-03 10:57:00,0.2769490273193469
2020-01-03 11:00:00,0.23198978185325814
2020-01-03 11:03:00,0.36215573453853267
2020-01-03 11:06:00,0.21997322240622452
2020-01-03 11:09:00,0.29380341696440837
2020-01-03 11:12:00,0.1822675432361507
2020-01-03 11:15:00,0.17127911411262176
2020-01-03 11:18:00,0.2214958260168487
2020-01-03 11:21:00,0.30201439225680815
2020-01-03 11:24:00,0.21938478522747573
2020-01-03 11:27:00,0.189243067105906
2020-01-03 11:30:00,0.1504045663827469
2020-01-03 11:33:00,0.18307140381148201
2020-01-03 11:36:00,0.1797768594160516
2020-01-03 11:39:00,0.15628952674501306
2020-01-03 11:42:00,0.22567559153526418
2020-01-03 11:45:00,0.1408905458071672
2020-01-03 11:48:00,-0.045520947580712345
2020-01-03 11:51:00,0.18542177708980034
2020-01-03 11:54:00,0.24597733325401805
2020-01-03 11:57:00,0.11264610414337994
2020-01-03 12:00:00,0.066379886020286
2020-01-03 12:03:00,0.11303706887957787
2020-01-03 12:06:00,0.10369887525769172
2020-01-03 12:09:00,0.04327319255958173
2020-01-03 12:12:00,0.09430906768170644
2020-01-03 12:15:00,0.05218901533760345
2020-01-03 12:18:00,0.037743882494623904
2020-01-03 12:21:00,0.12202789932530322
2020-01-03 12:24:00,0.030876411783992808
2020-01-03 12:27:00,0.07896620283679567
2020-01-03 12:30:00,-0.06590709241567083
2020-01-03 12:33:00,0.0435162191154177
2020-01-03 12:36:00,0.010998826970308073
2020-01-03 12:39:00,-0.15698044400869549
2020-01-03 12:42:00,0.013621102065201285
2020-01-03 12:45:00,-0.010189588851631015
2020-01-03 12:48:00,-0.03827020953167448
2020-01-03 12:51:00,0.012004253897998751
2020-01-03 12:54:00,0.059900606155110836
2020-01-03 12:57:00,-0.07721397673805086
2020-01-03 13:00:00,-0.03832737351621063
2020-01-03 13:03:00,-0.00032721206537189573
2020-01-03 13:06:00,0.013528986882306526
2020-01-03 13:09:00,0.08188700273012728
2020-01-03 13:12:00,-0.0007146859342128664
2020-01-03 13:15:00,-0.02908724029765608
2020-01-03 13:18:00,0.023075498218418034
2020-01-03 13:21:00,-0.09768843525262128
2020-01-03 13:24:00,-0.06639572239231484
2020-01-03 13:27:00,-0.013952131117150657
2020-01-03 13:30:00,0.04648309566169928
2020-01-03 13:33:00,-0.09318974845115235
2020-01-03 13:36:00,0.025626169475515326
2020-01-03 13:39:00,-0.0703792325394943
2020-01-03 13:42:00,-0.01571225675985488
2020-01-03 13:45:00,-0.19666641841973842
2020-01-03 13:48:00,-0.1771674157370171
2020-01-03 13:51:00,-0.2185317149567254
2020-01-03 13:54:00,-0.10421032540068609
2020-01-03 13:57:00,0.01644244275496476
2020-01-03 14:00:00,-0.016159340940419042
2020-01-03 14:03:00,-0.15480893932357276
2020-01-03 14:06:00,0.10529923728915946
2020-01-03 14:09:00,-0.1373640558841771
2020-01-03 14:12:00,-0.15093238188450186
2020-01-03 14:15:00,-0.8418707659681672
2020-01-03 14:18:00,0.07717754388050935
2020-01-03 14:21:00,0.09607131188795393
2020-01-03 14:24:00,-0.01926676020798368
2020-01-03 14:27:00,-0.09664307430870167
2020-01-03 14:30:00,-0.035668963157434064
2020-01-03 14:33:00,-0.11024790506621684
2020-01-03 14:36:00,-0.016683203025877447
2020-01-03 14:39:00,-0.13377898551379985
2020-01-03 14:42:00,-0.08498689669886517
2020-01-03 14:45:00,-0.022545965813947078
2020-01-03 14:48:00,-0.025692342103582178
2020-01-03 14:51:00,-0.07834083725992969
2020-01-03 14:54:00,-0.03865573361474617
2020-01-03 14:57:00,0.02685215591236556
2020-01-03 15:00:00,0.1274444094779028
2020-01-03 15:03:00,-0.04034748207300254
2020-01-03 15:06:00,0.017220312784900216
2020-01-03 15:09:00,-0.10441770135406614
2020-01-03 15:12:00,0.08463270933867761
2020-01-03 15:15:00,0.0560833752427925
2020-01-03 15:18:00,0.10386977168832345
2020-01-03 15:21:00,0.031919369135266606
2020-01-03 15:24:00,0.06984250252423863
2020-01-03 15:27:00,0.14945158209519604
2020-01-03 15:30:00,0.1402754194469935
2020-01-03 15:33:00,0.192648730720407
2020-01-03 15:36:00,
2020-01-03 15:39:00,0.10125164744920312
2020-01-03 15:42:00,-0.10664929253033506
2020-01-03 15:45:00,0.013205711252112451
2020-01-03 15:48:00,0.11214530259678668
2020-01-03 15:51:00,0.05509316091473693
2020-01-03 15:54:00,0.1324543732979464
2020-01-03 15:57:00,0.13385072903361106
2020-01-03 16:00:00,0.31196529859766997
2020-01-03 16:03:00,0.2952379956264508
2020-01-03 16:06:00,0.12117217435968541
2020-01-03 16:09:00,0.14663432999913084
2020-01-03 16:12:00,0.1900802620216382
2020-01-03 16:15:00,0.1550402737962031
2020-01-03 16:18:00,0.11492877941111601
2020-01-03 16:21:00,0.08197583702826705
2020-01-03 16:24:00,0.11482773220541276
2020-01-03 16:27:00,0.003228014971284665
2020-01-03 16:30:00,0.03739109117884709
2020-01-03 16:33:00,0.0004774530393660825
2020-01-03 16:36:00,0.1323891116358027
2020-01-03 16:39:00,0.011034481313174638
2020-01-03 16:42:00,0.07574307572934913
2020-01-03 16:45:00,0.03238786571472474
2020-01-03 16:48:00,0.044302921809787676
2020-01-03 16:51:00,0.07886635305817435
2020-01-03 16:54:00,0.08127192232973357
2020-01-03 16:57:00,0.12472324031170956
2020-01-03 17:00:00,0.08548818145243331
2020-01-03 17:03:00,0.113310143876447
2020-01-03 17:06:00,-0.009809069906452805
2020-01-03 17:09:00,0.021543540121058413
2020-01-03 17:12:00,0.03918471731270756
2020-01-03 17:15:00,0.09888338905994942
2020-01-03 17:18:00,0.09261455268494956
2020-01-03 17:21:00,0.029057967331766577
2020-01-03 17:24:00,0.008869236670136615
2020-01-03 17:27:00,-0.018402334135771525
2020-01-03 17:30:00,0.031961855394285976
2020-01-03 17:33:00,-0.05845473875774587
2020-01-03 17:36:00,0.0637338732610715
2020-01-03 17:39:00,0.07207855143775532
2020-01-03 17:42:00,0.07206853468431973
2020-01-03 17:45:00,0.09970268684281791
2020-01-03 17:48:00,-0.006937417438734883
2020-01-03 17:51:00,0.05690390952281632
2020-01-03 17:54:00,0.04435225685847399
2020-01-03 17:57:00,0.07167746124673613
2020-01-03 18:00:00,0.02785392377597873
2020-01-03 18:03:00,0.030476177659920722
2020-01-03 18:06:00,0.10304941804940881
2020-01-03 18:09:00,0.09172958898506067
2020-01-03 18:12:00,0.08481742126872405
2020-01-03 18:15:00,0.018863065904781706
2020-01-03 18:18:00,0.1370486321405906
2020-01-03 18:21:00,0.10513896104612286
2020-01-03 18:24:00,0.14408345295572644
2020-01-03 18:27:00,0.11850397423449976
2020-01-03 18:30:00,0.08392192087563899
2020-01-03 18:33:00,0.11005955027104619
2020-01-03 18:36:00,0.1777257790679414
2020-01-03 18:39:00,0.15313225491075855
2020-01-03 18:42:00,0.10177838786967186
2020-01-03 18:45:00,0.20004166794478806
2020-01-03 18:48:00,0.06550868669626198
2020-01-03 18:51:00,0.17379538859341892
2020-01-03 18:54:00,
2020-01-03 18:57:00,
2020-01-03 19:00:00,
2020-01-03 19:03:00,0.09978416630622178
2020-01-03 19:06:00,0.2239839963778536
2020-01-03 19:09:00,0.11222976110303762
2020-01-03 19:12:00,0.2629616794279741
2020-01-03 19:15:00,0.275119329825543
2020-01-03 19:18:00,0.20200758448288525
2020-01-03 19:21:00,0.20346654094112182
2020-01-03 19:24:00,0.25321550823520056
2020-01-03 19:27:00,0.2544650178061829
2020-01-03 19:30:00,0.15587799590451823
2020-01-03 19:33:00,0.2083201605998397
2020-01-03 19:36:00,0.18420523939477107
2020-01-03 19:39:00,0.18518020726384066
2020-01-03 19:42:00,0.21703819103851174
2020-01-03 19:45:00,0.2542354253322969
2020-01-03 19:48:00,0.32684244530128126
2020-01-03 19:51:00,0.21119789676248502
2020-01-03 19:54:00,0.16935103761272785
2020-01-03 19:57:00,0.2835343129311241
2020-01-03 20:00:00,0.2720917479383047
2020-01-03 20:03:00,0.20352566163137453
2020-01-03 20:06:00,0.19790898601979734
2020-01-03 20:09:00,0.1966330311278739
2020-01-03 20:12:00,0.28949622507599315
2020-01-03 20:15:00,0.30897274144854237
2020-01-03 20:18:00,0.39706018667391163
2020-01-03 20:21:00,0.3571470913757935
2020-01-03 20:24:00,0.2865790890526796
2020-01-03 20:27:00,0.21713400633819901
2020-01-03 20:30:00,0.3125203197620863
2020-01-03 20:33:00,0.2881266400100344
2020-01-03 20:36:00,0.35095044178524404
2020-01-03 20:39:00,0.28969162342929167
2020-01-03 20:42:00,0.3793509291278383
2020-01-03 20:45:00,0.28492250530001684
2020-01-03 20:48:00,0.40229190790404346
2020-01-03 20:51:00,0.37294404350024024
2020-01-03 20:54:00,0.2985493863117199
2020-01-03 20:57:00,0.36498404709846
2020-01-03 21:00:00,0.3501846640287454
2020-01-03 21:03:00,0.36210791476344184
2020-01-03 21:06:00,0.31001527192449885
2020-01-03 21:09:00,0.4128769679776383
2020-01-03 21:12:00,0.3214666912534767
2020-01-03 21:15:00,0.3878549234326556
2020-01-03 21:18:00,0.3719785982877397
2020-01-03 21:21:00,0.3942316287577796
2020-01-03 21:24:00,0.34372600464735115
2020-01-03 21:27:00,0.4465695226504067
2020-01-03 21:30:00,0.3926026302416403
2020-01-03 21:33:00,0.41131958474085195
2020-01-03 21:36:00,0.4203342585961991
2020-01-03 21:39:00,0.3622731904487182
2020-01-03 21:42:00,0.3777845371809576
2020-01-03 21:45:00,0.43143197354436325
2020-01-03 21:48:00,0.4654955221599266
2020-01-03 21:51:00,0.40427908857878947
2020-01-03 21:54:00,0.4115869981209812
2020-01-03 21:57:00,0.3972830938345737
2020-01-03 22:00:00,0.4342985350581898
2020-01-03 22:03:00,0.43712282470681885
2020-01-03 22:06:00,0.4014069886444531
2020-01-03 22:09:00,0.46919448279862763
2020-01-03 22:12:00,0.3323744012250245
2020-01-03 22:15:00,0.38446648337293254
2020-01-03 22:18:00,0.4141250308568374
2020-01-03 22:21:00,0.3522386665403019
2020-01-03 22:24:00,0.4204670444832459
2020-01-03 22:27:00,0.4400785682593096
2020-01-03 22:30:00,0.4512677016493285
2020-01-03 22:33:00,0.44836283778022334
2020-01-03 22:36:00,0.4435778016207337
2020-01-03 22:39:00,0.38703367611543626
2020-01-03 22:42:00,0.5493235073126357
2020-01-03 22:45:00,0.3853892454861807
2020-01-03 22:48:00,0.5031406112538548
2020-01-03 22:51:00,0.4591720887805195
2020-01-03 22:54:00,0.45946313889447765
2020-01-03 22:57:00,0.4586666864486233
2020-01-03 23:00:00,0.5055905513324888
2020-01-03 23:03:00,0.49695068133132736
2020-01-03 23:06:00,0.461054448527193
2020-01-03 23:09:00,0.3384360842760543
2020-01-03 23:12:00,0.3837244085180487
2020-01-03 23:15:00,0.4607136844142019
2020-01-03 23:18:00,0.41721813367473715
2020-01-03 23:21:00,0.3903720949271019
2020-01-03 23:24:00,0.4599941241469878
2020-01-03 23:27:00,0.5084797256972138
2020-01-03 23:30:00,0.5291107462760465
2020-01-03 23:33:00,0.40775550190795684
2020-01-03 23:36:00,0.5311840104497492
2020-01-03 23:39:00,0.5330180213026097
2020-01-03 23:42:00,0.4650212853105131
2020-01-03 23:45:00,0.5376857278163811
2020-01-03 23:48:00,0.4522855218656332
2020-01-03 23:51:00,0.4956938273036826
2020-01-03 23:54:00,0.5221652908578562
2020-01-03 23:57:00,0.49850393216496514
2020-01-04 00:00:00,0.45113192925799694
2020-01-04 00:03:00,0.44548549223651435
2020-01-04 00:06:00,0.48181019811090664
2020-01-04 00:09:00,0.42342495892665966
2020-01-04 00:12:00,0.556698265672253
2020-01-04 00:15:00,0.46509444720328474
2020-01-04 00:18:00,0.5163440309282805
2020-01-04 00:21:00,0.4107424486821287
2020-01-04 00:24:00,0.46170431918483246
2020-01-04 00:27:00,0.4210706252749219
2020-01-04 00:30:00,0.5534677228678788
2020-01-04 00:33:00,0.5083110449452306
2020-01-04 00:36:00,0.5144035035805246
2020-01-04 00:39:00,0.43243520775217803
2020-01-04 00:42:00,0.47126069899030654
2020-01-04 00:45:00,0.5004748102348913
2020-01-04 00:48:00,0.5659622758917635
2020-01-04 00:51:00,0.5295062190682529
2020-01-04 00:54:00,0.41088284929361407
2020-01-04 00:57:00,0.5339495255718134
2020-01-04 01:00:00,0.5080156023985865
2020-01-04 01:03:00,0.4983638144964857
2020-01-04 01:06:00,0.5429613417244923
2020-01-04 01:09:00,0.4554414658761061
2020-01-04 01:12:00,0.5253570917872707
2020-01-04 01:15:00,0.4898768249671548
2020-01-04 01:18:00,0.5524884997154231
2020-01-04 01:21:00,0.5047770869219335
2020-01-04 01:24:00,0.44120693260248345
2020-01-04 01:27:00,0.4635354441168147
2020-01-04 01:30:00,0.59073243368465
2020-01-04 01:33:00,0.6552043253495867
2020-01-04 01:36:00,0.5173119460317821
2020-01-04 01:39:00,0.5047463257363347
2020-01-04 01:42:00,0.513754700113509
2020-01-04 01:45:00,0.4784802201287448
2020-01-04 01:48:00,0.5165974706381462
2020-01-04 01:51:00,0.5436243884348642
2020-01-04 01:54:00,0.5035734300856802
2020-01-04 01:57:00,0.537268437057719
2020-01-04 02:00:00,0.5139661519049241
2020-01-04 02:03:00,0.5007905888868436
2020-01-04 02:06:00,0.49156250118556954
2020-01-04 02:09:00,0.48951755005009545
2020-01-04 02:12:00,0.5194864917786504
2020-01-04 02:15:00,0.5836917904562142
2020-01-04 02:18:00,0.43935303220609967
2020-01-04 02:21:00,0.5780822133810375
2020-01-04 02:24:00,0.6462524230769873
2020-01-04 02:27:00,0.5138428747298462
2020-01-04 02:30:00,0.5370180608504143
2020-01-04 02:33:00,0.513986660075318
2020-01-04 02:36:00,0.58841137017356
2020-01-04 02:39:00,0.5175994938960002
2020-01-04 02:42:00,0.45584438466357824
2020-01-04 02:45:00,0.49847141167998643
2020-01-04 02:48:00,0.49234642109513516
2020-01-04 02:51:00,0.5064239600872611
2020-01-04 02:54:00,0.4575283740870191
2020-01-04 02:57:00,0.4655035047432534
2020-01-04 03:00:00,0.6158133978480578
2020-01-04 03:03:00,0.5467390737096594
2020-01-04 03:06:00,0.5611699308833522
2020-01-04 03:09:00,0.4293372745062811
2020-01-04 03:12:00,0.4912283523069618
2020-01-04 03:15:00,0.5537200553773687
2020-01-04 03:18:00,0.4359339657067949
2020-01-04 03:21:00,0.5110960723268931
2020-01-04 03:24:00,0.6271755731102076
2020-01-04 03:27:00,0.5968868742938298
2020-01-04 03:30:00,0.5483792342369611
2020-01-04 03:33:00,0.6248187890829513
2020-01-04 03:36:00,0.5904110611743931
2020-01-04 03:39:00,0.5860569925988557
2020-01-04 03:42:00,0.5697909343289211
2020-01-04 03:45:00,0.5114271745179622
2020-01-04 03:48:00,0.5602021017697894
2020-01-04 03:51:00,0.4821400964670488
2020-01-04 03:54:00,0.6505025841080396
2020-01-04 03:57:00,0.5650216977992386
2020-01-04 04:00:00,0.6290345671725959
2020-01-04 04:03:00,0.6113533309763284
2020-01-04 04:06:00,0.5604418920271996
2020-01-04 04:09:00,0.5294971854083315
2020-01-04 04:12:00,0.6179439337936401
2020-01-04 04:15:00,0.5512206276704887
2020-01-04 04:18:00,0.6417389205911377
2020-01-04 04:21:00,0.5907075041370717
2020-01-04 04:24:00,0.5068106199580029
2020-01-04 04:27:00,0.6727108019345565
2020-01-04 04:30:00,0.593504448706824
2020-01-04 04:33:00,0.6058430753472521
2020-01-04 04:36:00,0.6472202981766486
2020-01-04 04:39:00,0.6135521046136319
2020-01-04 04:42:00,0.634610594000037
2020-01-04 04:45:00,0.565637130482628
2020-01-04 04:48:00,0.5965403751431495
2020-01-04 04:51:00,0.5555243121498847
2020-01-04 04:54:00,0.5703915068865513
2020-01-04 04:57:00,0.5563274949369088
2020-01-04 05:00:00,0.6177831365379234
2020-01-04 05:03:00,0.6106780624352837
2020-01-04 05:06:00,0.4861395995294515
2020-01-04 05:09:00,0.5649952917596011
2020-01-04 05:12:00,0.5945158665394956
2020-01-04 05:15:00,0.529672974895675
2020-01-04 05:18:00,0.6070612807109796
2020-01-04 05:21:00,0.4521960422540019
2020-01-04 05:24:00,0.6155191399413411
2020-01-04 05:27:00,0.5701564997535797
2020-01-04 05:30:00,0.5762738160946128
2020-01-04 05:33:00,0.523557778653128
2020-01-04 05:36:00,0.6503101973636944
2020-01-04 05:39:00,0.561725169841111
2020-01-04 05:42:00,0.6678310401519525
2020-01-04 05:45:00,0.6320623094591156
2020-01-04 05:48:00,0.6465737268098337
2020-01-04 05:51:00,0.6047833875024367
2020-01-04 05:54:00,0.5489743715109512
2020-01-04 05:57:00,0.7515587580933243
2020-01-04 06:00:00,0.6643355033512535
2020-01-04 06:03:00,0.5853894298693376
2020-01-04 06:06:00,0.6404365341557536
2020-01-04 06:09:00,0.6196907397554696
2020-01-04 06:12:00,0.6127543602672176
2020-01-04 06:15:00,0.5628243209785637
2020-01-04 06:18:00,0.7004556594530413
2020-01-04 06:21:00,0.5484271925205348
2020-01-04 06:24:00,0.6870952105346078
2020-01-04 06:27:00,0.6336677846647945
2020-01-04 06:30:00,0.5502960741995935
2020-01-04 06:33:00,0.619631452968008
2020-01-04 06:36:00,0.5962283776484583
2020-01-04 06:39:00,0.5519794130104287
2020-01-04 06:42:00,0.5641358731753598
2020-01-04 06:45:00,0.5814103998196174
2020-01-04 06:48:00,0.6389039399807643
2020-01-04 06:51:00,0.6260422010470847
2020-01-04 06:54:00,0.6348050704018533
2020-01-04 06:57:00,0.6270517375524491
2020-01-04 07:00:00,0.5638928091221942
2020-01-04 07:03:00,0.6503974979495979
2020-01-04 07:06:00,0.5750895860352898
2020-01-04 07:09:00,0.6407976170630718
2020-01-04 07:12:00,0.6160677814727933
2020-01-04 07:15:00,0.6216598455001758
2020-01-04 07:18:00,0.6851954938924791
2020-01-04 07:21:00,0.5633794618121897
2020-01-04 07:24:00,0.586054215218212
2020-01-04 07:27:00,0.6216361133293731
2020-01-04 07:30:00,0.5539621379972459
2020-01-04 07:33:00,0.6565043911194266
2020-01-04 07:36:00,0.5748192189944348
2020-01-04 07:39:00,0.5716499430599811
2020-01-04 07:42:00,0.5963624333825805
2020-01-04 07:45:00,0.5077990771257532
2020-01-04 07:48:00,0.5566161077726974
2020-01-04 07:51:00,0.5686942695644461
2020-01-04 07:54:00,0.5016091576027293
2020-01-04 07:57:00,0.5951274343231603
2020-01-04 08:00:00,0.49474719195427497
2020-01-04 08:03:00,0.5408029121542768
2020-01-04 08:06:00,0.5816743933908128
2020-01-04 08:09:00,0.6660011835849105
2020-01-04 08:12:00,0.5247677951971355
2020-01-04 08:15:00,0.44276359453175473
2020-01-04 08:18:00,0.4952651002659536
2020-01-04 08:21:00,0.5808585588216033
2020-01-04 08:24:00,0.4557488571726367
2020-01-04 08:27:00,0.4610160798926586
2020-01-04 08:30:00,0.4081961949456172
2020-01-04 08:33:00,0.5156253760302434
2020-01-04 08:36:00,0.5223536749473396
2020-01-04 08:39:00,0.4860563445269577
2020-01-04 08:42:00,0.4045290384142959
2020-01-04 08:45:00,0.44547529126236896
2020-01-04 08:48:00,0.324699383485779
2020-01-04 08:51:00,0.4573239607698838
2020-01-04 08:54:00,0.3538190366203935
2020-01-04 08:57:00,0.4408030817574513
2020-01-04 09:00:00,0.4351845428066099
2020-01-04 09:03:00,0.416208180976696
2020-01-04 09:06:00,0.30640580596070777
2020-01-04 09:09:00,0.3650605321666376
2020-01-04 09:12:00,0.2961950258670072
2020-01-04 09:15:00,0.38239383715080066
2020-01-04 09:18:00,0.2966949249512254
2020-01-04 09:21:00,0.21124556090228452
2020-01-04 09:24:00,0.30382048667843264
2020-01-04 09:27:00,0.3438459443494821
2020-01-04 09:30:00,0.2991926613823921
2020-01-04 09:33:00,0.32671971660715826
2020-01-04 09:36:00,0.2819290726152417
2020-01-04 09:39:00,0.36020378413502385
2020-01-04 09:42:00,0.22612225034760058
2020-01-04 09:45:00,0.21657280871625062
2020-01-04 09:48:00,0.28738010283575477
2020-01-04 09:51:00,0.1710479487164207
2020-01-04 09:54:00,0.03140527221893308
2020-01-04 09:57:00,0.16859132030111823
2020-01-04 10:00:00,0.19031305368474705
2020-01-04 10:03:00,0.15885930807911564
2020-01-04 10:06:00,0.10422002607310787
2020-01-04 10:09:00,0.2155006486024149
2020-01-04 10:12:00,0.17309591525696533
2020-01-04 10:15:00,0.19910663667792505
2020-01-04 10:18:00,0.17094785526654732
2020-01-04 10:21:00,0.20900633936582835
2020-01-04 10:24:00,0.21026687176640735
2020-01-04 10:27:00,0.14338343908241313
2020-01-04 10:30:00,0.2295043594133972
2020-01-04 10:33:00,0.19218109922275062
2020-01-04 10:36:00,0.2452679430491571
2020-01-04 10:39:00,0.18977005002966507
2020-01-04 10:42:00,0.1934095547077277
2020-01-04 10:45:00,0.23257949349164164
2020-01-04 10:48:00,0.07544165615297516
2020-01-04 10:51:00,0.320158001253958
2020-01-04 10:54:00,0.22558172693175038
2020-01-04 10:57:00,0.18135270283306681
2020-01-04 11:00:00,0.21715396855063318
2020-01-04 11:03:00,0.17637669940648948
2020-01-04 11:06:00,0.2805203015731763
2020-01-04 11:09:00,0.14447274571796243
2020-01-04 11:12:00,0.10177863279881194
2020-01-04 11:15:00,0.26418219148933986
2020-01-04 11:18:00,0.08448833555598867
2020-01-04 11:21:00,0.16626314244393825
2020-01-04 11:24:00,0.16451482744213308
2020-01-04 11:27:00,0.19339633400619505
2020-01-04 11:30:00,0.12364568634131956
2020-01-04 11:33:00,0.0835810656170679
2020-01-04 11:36:00,0.03871122997844623
2020-01-04 11:39:00,0.05408492472383841
2020-01-04 11:42:00,0.022936007501243694
2020-01-04 11:45:00,0.11086786425187256
2020-01-04 11:48:00,0.1444047778602453
2020-01-04 11:51:00,0.10204765638707158
2020-01-04 11:54:00,0.1349098988212063
2020-01-04 11:57:00,0.12814852405335841
2020-01-04 12:00:00,0.07999419284595888
2020-01-04 12:03:00,0.07856896033780458
2020-01-04 12:06:00,0.012706776266156794
2020-01-04 12:09:00,0.019638976530359287
2020-01-04 12:12:00,-0.039720804743751614
2020-01-04 12:15:00,-0.055202992081831326
2020-01-04 12:18:00,0.02681011284556689
2020-01-04 12:21:00,0.008172972414399737
2020-01-04 12:24:00,0.07693370721091242
2020-01-04 12:27:00,-0.045320467417127475
2020-01-04 12:30:00,-0.07906832461725344
2020-01-04 12:33:00,0.009402733150750464
2020-01-04 12:36:00,-0.0029284482259868128
2020-01-04 12:39:00,0.0783009835540156
2020-01-04 12:42:00,0.007539725442427425
2020-01-04 12:45:00,-0.08269707636964085
2020-01-04 12:48:00,-0.017114124605882353
2020-01-04 12:51:00,-0.008057820146177619
2020-01-04 12:54:00,-0.08212304042746155
2020-01-04 12:57:00,0.05226226808105139
2020-01-04 13:00:00,-0.0742878043125188
2020-01-04 13:03:00,-0.07994019925877183
2020-01-04 13:06:00,-0.03610588421571492
2020-01-04 13:09:00,-0.034356366222993984
2020-01-04 13:12:00,-0.011528284930250265
2020-01-04 13:15:00,-0.12049677594495734
2020-01-04 13:18:00,-0.09554830324879049
2020-01-04 13:21:00,-0.053988746878189886
2020-01-04 13:24:00,-0.10684556020083846
2020-01-04 13:27:00,-0.1409074182479344
2020-01-04 13:30:00,-0.16269152178210788
2020-01-04 13:33:00,-0.16138528720301792
2020-01-04 13:36:00,-0.03365045225945096
2020-01-04 13:39:00,-0.01759810140583795
2020-01-04 13:42:00,-0.14026465936558452
2020-01-04 13:45:00,-0.15763926545446338
2020-01-04 13:48:00,-0.15901562692283733
2020-01-04 13:51:00,-0.24564409834403023
2020-01-04 13:54:00,-0.19946946102282936
2020-01-04 13:57:00,-0.13792331017543802
2020-01-04 14:00:00,-0.0654464836813986
2020-01-04 14:03:00,-0.11258027434791984
2020-01-04 14:06:00,-0.06112434849347892
2020-01-04 14:09:00,-0.164985966467043
2020-01-04 14:12:00,-0.15577744696389573
2020-01-04 14:15:00,-0.1700631998908193
2020-01-04 14:18:00,-0.15098309334712212
2020-01-04 14:21:00,-0.2529705974350236
2020-01-04 14:24:00,-0.1882185117959807
2020-01-04 14:27:00,-0.15131757673549373
2020-01-04 14:30:00,-0.1471435327174504
2020-01-04 14:33:00,-0.15579705231635899
2020-01-04 14:36:00,-0.22314429826394644
2020-01-04 14:39:00,-0.09178002508241434
2020-01-04 14:42:00,-0.11012798330841633
2020-01-04 14:45:00,-0.10703420125958019
2020-01-04 14:48:00,-0.10384977157173125
2020-01-04 14:51:00,-0.12516220679196977
2020-01-04 14:54:00,-0.07924305295426848
2020-01-04 14:57:00,-0.16012902688208897
2020-01-04 15:00:00,-0.06934533592755088
2020-01-04 15:03:00,-0.034535540376509744
2020-01-04 15:06:00,-0.07248721946723435
2020-01-04 15:09:00,-0.05657956641982764
2020-01-04 15:12:00,-0.031337343316579336
2020-01-04 15:15:00,0.005274476281556417
2020-01-04 15:18:00,0.01996592758098359
2020-01-04 15:21:00,-0.07035333497054808
2020-01-04 15:24:00,0.04119634784029813
2020-01-04 15:27:00,0.10696142644866313
2020-01-04 15:30:00,0.06085953835639657
2020-01-04 15:33:00,-0.030786049475921118
2020-01-04 15:36:00,0.05098943051257265
2020-01-04 15:39:00,-0.006546368381407319
2020-01-04 15:42:00,0.003892381999207828
2020-01-04 15:45:00,0.11450123267769641
2020-01-04 15:48:00,-0.009457076210480864
2020-01-04 15:51:00,0.054518645315340564
2020-01-04 15:54:00,0.07726623432796487
2020-01-04 15:57:00,0.08317339370631771
2020-01-04 16:00:00,0.04111253641400481
2020-01-04 16:03:00,0.1730487092852968
2020-01-04 16:06:00,0.017617871283107434
2020-01-04 16:09:00,-0.009180694596693684
2020-01-04 16:12:00,0.10193646811580948
2020-01-04 16:15:00,-0.029401340293929934
2020-01-04 16:18:00,-0.11333093809474803
2020-01-04 16:21:00,-0.057596293046628944
2020-01-04 16:24:00,-0.005421237932296208
2020-01-04 16:27:00,0.038418215221497576
2020-01-04 16:30:00,0.03721366575388174
2020-01-04 16:33:00,0.02173671005130018
2020-01-04 16:36:00,0.057195753756332124
2020-01-04 16:39:00,0.16549192216962183
2020-01-04 16:42:00,0.2179857004602468
2020-01-04 16:45:00,0.2329877648462002
2020-01-04 16:48:00,0.13077704263008627
2020-01-04 16:51:00,0.18922685042508647
2020-01-04 16:54:00,0.2555205774162914
2020-01-04 16:57:00,0.1890482962565443
2020-01-04 17:00:00,0.22892746745958448
2020-01-04 17:03:00,0.07190108032835951
2020-01-04 17:06:00,0.05737330954684694
2020-01-04 17:09:00,0.06145109848091579
2020-01-04 17:12:00,0.2133210993901571
2020-01-04 17:15:00,0.12526341671122054
2020-01-04 17:18:00,0.2035828234377277
2020-01-04 17:21:00,0.1298704169149687
2020-01-04 17:24:00,0.18117787065085622
2020-01-04 17:27:00,0.10020007194628988
2020-01-04 17:30:00,0.09440690208964497
2020-01-04 17:33:00,0.10204588612515408
2020-01-04 17:36:00,0.13522473557151216
2020-01-04 17:39:00,0.09235793805652293
2020-01-04 17:42:00,0.12552267438951503
2020-01-04 17:45:00,0.09396141253785117
2020-01-04 17:48:00,0.13908989857134202
2020-01-04 17:51:00,0.11208929924617905
2020-01-04 17:54:00,0.2584103123842283
2020-01-04 17:57:00,0.30310759036945
2020-01-04 18:00:00,0.1915975973989248
2020-01-04 18:03:00,0.22528161167889493
2020-01-04 18:06:00,0.2213910174305056
2020-01-04 18:09:00,0.29980631916345146
2020-01-04 18:12:00,0.22588177662919406
2020-01-04 18:15:00,0.09144593976247961
2020-01-04 18:18:00,0.1794426875135855
2020-01-04 18:21:00,0.22394651796014386
2020-01-04 18:24:00,0.2562887421543678
2020-01-04 18:27:00,0.118879028721949
2020-01-04 18:30:00,0.2636249849745127
2020-01-04 18:33:00,0.1749055909369872
2020-01-04 18:36:00,0.15986579668469858
2020-01-04 18:39:00,0.13803106132019138
2020-01-04 18:42:00,0.2292061610831979
2020-01-04 18:45:00,0.16628323808140522
2020-01-04 18:48:00,0.20469655167499923
2020-01-04 18:51:00,0.2753012289412595
2020-01-04 18:54:00,
2020-01-04 18:57:00,
2020-01-04 19:00:00,
2020-01-04 19:03:00,0.2079385495072188
2020-01-04 19:06:00,0.24876053926413988
2020-01-04 19:09:00,0.18561969793415756
2020-01-04 19:12:00,0.1900496949899093
2020-01-04 19:15:00,0.19789434531799088
2020-01-04 19:18:00,0.32336767969616176
2020-01-04 19:21:00,0.24106738204443445
2020-01-04 19:24:00,0.3550355347720142
2020-01-04 19:27:00,0.4331649966379132
2020-01-04 19:30:00,0.23057539408472394
2020-01-04 19:33:00,0.3239438566903914
2020-01-04 19:36:00,0.2478390694228665
2020-01-04 19:39:00,0.3809266448799917
2020-01-04 19:42:00,0.4541647268799238
2020-01-04 19:45:00,0.5095828747039945
2020-01-04 19:48:00,0.1203216826930884
2020-01-04 19:51:00,0.19801276419781288
2020-01-04 19:54:00,0.2680469555834293
2020-01-04 19:57:00,0.3210698039072213
2020-01-04 20:00:00,0.2944455698274169
2020-01-04 20:03:00,0.30228398167025716
2020-01-04 20:06:00,0.3547602722879901
2020-01-04 20:09:00,0.4883484715020927
2020-01-04 20:12:00,0.5002750122545194
2020-01-04 20:15:00,0.36049318837865485
2020-01-04 20:18:00,0.39054593698455164
2020-01-04 20:21:00,0.3240177852582633
2020-01-04 20:24:00,0.36968356575124517
2020-01-04 20:27:00,0.41274492990942235
2020-01-04 20:30:00,0.244254220878247
2020-01-04 20:33:00,0.29302801215646923
2020-01-04 20:36:00,0.36290443288908136
2020-01-04 20:39:00,0.3822755502010864
2020-01-04 20:42:00,0.357387417421819
2020-01-04 20:45:00,0.2664370415932922
2020-01-04 20:48:00,0.31740816191791055
2020-01-04 20:51:00,0.2989527322465051
2020-01-04 20:54:00,0.3186840234826036
2020-01-04 20:57:00,0.29789003339959663
2020-01-04 21:00:00,0.330347095281013
2020-01-04 21:03:00,0.24808098465035755
2020-01-04 21:06:00,0.3608621053616048
2020-01-04 21:09:00,0.3658127691210211
2020-01-04 21:12:00,0.33034493495711104
2020-01-04 21:15:00,0.4069253979726568
2020-01-04 21:18:00,0.4501205076587098
2020-01-04 21:21:00,0.28868883539729495
2020-01-04 21:24:00,0.3689317949755946
2020-01-04 21:27:00,0.40853448420239147
2020-01-04 21:30:00,0.36778058453774065
2020-01-04 21:33:00,0.39494273281650294
2020-01-04 21:36:00,0.4447468679310873
2020-01-04 21:39:00,0.2601846125422185
2020-01-04 21:42:00,0.32370056981608286
2020-01-04 21:45:00,0.4012599705968114
2020-01-04 21:48:00,0.3330079623668212
2020-01-04 21:51:00,0.3311219311575542
2020-01-04 21:54:00,0.3287234695388861
2020-01-04 21:57:00,0.28027433098134225
2020-01-04 22:00:00,0.312500359725675
2020-01-04 22:03:00,0.3310086722811434
2020-01-04 22:06:00,0.4015388119070167
2020-01-04 22:09:00,0.32452735494712215
2020-01-04 22:12:00,0.31865829038264337
2020-01-04 22:15:00,0.2810729914650665
2020-01-04 22:18:00,0.32795172087787705
2020-01-04 22:21:00,0.3311840947768019
2020-01-04 22:24:00,0.4595899891592694
2020-01-04 22:27:00,0.37182394623255277
2020-01-04 22:30:00,0.30840121561919887
2020-01-04 22:33:00,0.3802150099855339
2020-01-04 22:36:00,0.3360598994350994
2020-01-04 22:39:00,0.29620674780591116
2020-01-04 22:42:00,0.41713650672647873
2020-01-04 22:45:00,0.38318596520588244
2020-01-04 22:48:00,0.35988449908074926
2020-01-04 22:51:00,0.38795715374055817
2020-01-04 22:54:00,0.5024317393844058
2020-01-04 22:57:00,0.3231316899320973
2020-01-04 23:00:00,0.49919070920617514
2020-01-04 23:03:00,0.4406887283262222
2020-01-04 23:06:00,0.3472050682789245
2020-01-04 23:09:00,0.3831008503029807
2020-01-04 23:12:00,0.2736669178460147
2020-01-04 23:15:00,0.34221311511322483
2020-01-04 23:18:00,0.5339954195205223
2020-01-04 23:21:00,0.4907183792983574
2020-01-04 23:24:00,0.5345320080108422
2020-01-04 23:27:00,0.411592996801744
2020-01-04 23:30:00,0.39749461016378973
2020-01-04 23:33:00,0.3855096323237035
2020-01-04 23:36:00,0.3836960641080509
2020-01-04 23:39:00,0.40570050266114777
2020-01-04 23:42:00,0.44410264509741637
2020-01-04 23:45:00,0.5664659281766262
2020-01-04 23:48:00,0.5593901337019815
2020-01-04 23:51:00,0.5436565858204858
2020-01-04 23:54:00,0.5589299300207813
2020-01-04 23:57:00,0.47700794322980755
2020-01-05 00:00:00,0.5785697691948144
2020-01-05 00:03:00,0.5713912018470069
2020-01-05 00:06:00,0.5190192140387353
2020-01-05 00:09:00,0.5028613171779739
2020-01-05 00:12:00,0.5258291174849319
2020-01-05 00:15:00,0.5286356296909389
2020-01-05 00:18:00,0.5131126738567673
2020-01-05 00:21:00,0.4802080368814359
2020-01-05 00:24:00,0.526095330687042
2020-01-05 00:27:00,0.47774963362053313
2020-01-05 00:30:00,0.46111245253717925
2020-01-05 00:33:00,0.45620243955295336
2020-01-05 00:36:00,0.48391283040712096
2020-01-05 00:39:00,0.42026019444256235
2020-01-05 00:42:00,0.35795148136435273
2020-01-05 00:45:00,0.44604311244631845
2020-01-05 00:48:00,0.3776298277192609
2020-01-05 00:51:00,0.4908603265259899
2020-01-05 00:54:00,0.3286354585732738
2020-01-05 00:57:00,0.37547029302595547
2020-01-05 01:00:00,0.37288498519592395
2020-01-05 01:03:00,0.4046907139406244
2020-01-05 01:06:00,0.4515901057083056
2020-01-05 01:09:00,0.40960754885327333
2020-01-05 01:12:00,0.3804923343251403
2020-01-05 01:15:00,0.39892948015335605
2020-01-05 01:18:00,0.5357169117338572
2020-01-05 01:21:00,0.4326964980769503
2020-01-05 01:24:00,0.3717682823876203
2020-01-05 01:27:00,0.29069028426823706
2020-01-05 01:30:00,0.4362100782855123
2020-01-05 01:33:00,0.29555745166089764
2020-01-05 01:36:00,0.45501591941143715
2020-01-05 01:39:00,0.3961422306140321
2020-01-05 01:42:00,0.4448279249336906
2020-01-05 01:45:00,0.4437622341432643
2020-01-05 01:48:00,0.3545735825223346
2020-01-05 01:51:00,0.37762616984150554
2020-01-05 01:54:00,0.3732576853872729
2020-01-05 01:57:00,0.41142362770165164
2020-01-05 02:00:00,0.4557254502311707
2020-01-05 02:03:00,0.3219107222150228
2020-01-05 02:06:00,0.446524689882267
2020-01-05 02:09:00,0.3313593567240787
2020-01-05 02:12:00,0.3655159741048237
2020-01-05 02:15:00,0.4338237955129216
2020-01-05 02:18:00,0.46640052671170906
2020-01-05 02:21:00,0.3967049639766742
2020-01-05 02:24:00,0.38202277019217945
2020-01-05 02:27:00,0.40298853436530635
2020-01-05 02:30:00,0.38509487571752743
2020-01-05 02:33:00,0.3073940255297316
2020-01-05 02:36:00,0.35064419651911294
2020-01-05 02:39:00,0.3664442298581889
2020-01-05 02:42:00,0.33477575881522625
2020-01-05 02:45:00,0.3813891594244865
2020-01-05 02:48:00,0.28961891760826575
2020-01-05 02:51:00,0.36985094690942333
2020-01-05 02:54:00,0.31528194340285154
2020-01-05 02:57:00,0.36310945330961886
2020-01-05 03:00:00,0.4351018486917724
2020-01-05 03:03:00,0.36169724458676455
2020-01-05 03:06:00,0.3784726685437363
2020-01-05 03:09:00,0.33213657174371747
2020-01-05 03:12:00,0.3076862198002459
2020-01-05 03:15:00,0.378031984946233
2020-01-05 03:18:00,0.33230068851474925
2020-01-05 03:21:00,0.39312322372160224
2020-01-05 03:24:00,0.34529373900852534
2020-01-05 03:27:00,0.30887959270086185
2020-01-05 03:30:00,0.4588847603145041
2020-01-05 03:33:00,0.4083678729830922
2020-01-05 03:36:00,0.43108702915395725
2020-01-05 03:39:00,0.4210571039641877
2020-01-05 03:42:00,0.4298556063640717
2020-01-05 03:45:00,0.4364762568644096
2020-01-05 03:48:00,0.34617487360611676
2020-01-05 03:51:00,0.46504896029136944
2020-01-05 03:54:00,0.43262797801526176
2020-01-05 03:57:00,0.4199688644913522
2020-01-05 04:00:00,0.38138251702923753
2020-01-05 04:03:00,0.39229150388337075
2020-01-05 04:06:00,0.4111195622523951
2020-01-05 04:09:00,0.36487295141432696
2020-01-05 04:12:00,0.38587409224464864
2020-01-05 04:15:00,0.4991613792643079
2020-01-05 04:18:00,0.5073354871242941
2020-01-05 04:21:00,0.5912204531728094
2020-01-05 04:24:00,0.42094643291346756
2020-01-05 04:27:00,0.46664890472061415
2020-01-05 04:30:00,0.43061113514818317
2020-01-05 04:33:00,0.5000354457607727
2020-01-05 04:36:00,0.5194708925531586
2020-01-05 04:39:00,0.42606175294082504
2020-01-05 04:42:00,0.44900512527470937
2020-01-05 04:45:00,0.5083483247196909
2020-01-05 04:48:00,0.44565261308838444
2020-01-05 04:51:00,0.434593042299241
2020-01-05 04:54:00,0.45327316911601656
2020-01-05 04:57:00,0.6582459854653848
2020-01-05 05:00:00,0.6119428097795208
2020-01-05 05:03:00,0.6980223761461843
2020-01-05 05:06:00,0.6553142160129255
2020-01-05 05:09:00,0.6129381900572639
2020-01-05 05:12:00,0.5931562329469102
2020-01-05 05:15:00,0.6665669429885384
2020-01-05 05:18:00,0.601208659739541
2020-01-05 05:21:00,0.5470952090978471
2020-01-05 05:24:00,0.5858622430923788
2020-01-05 05:27:00,0.5600000565898426
2020-01-05 05:30:00,0.5292883091305498
2020-01-05 05:33:00,0.487691758673634
2020-01-05 05:36:00,0.5475549273457432
2020-01-05 05:39:00,0.4020344849611206
2020-01-05 05:42:00,0.4267460646046288
2020-01-05 05:45:00,0.45079152090920616
2020-01-05 05:48:00,0.39221005294132283
2020-01-05 05:51:00,0.3586692211318905
2020-01-05 05:54:00,0.4348982801412262
2020-01-05 05:57:00,0.39620056181405516
2020-01-05 06:00:00,0.47333766985281045
2020-01-05 06:03:00,0.39140848662560757
2020-01-05 06:06:00,0.561026134854103
2020-01-05 06:09:00,0.4142827016992783
2020-01-05 06:12:00,0.4280669259815113
2020-01-05 06:15:00,0.474395125223225
2020-01-05 06:18:00,0.4247319762696975
2020-01-05 06:21:00,0.49085672269177394
2020-01-05 06:24:00,0.39475298527383984
2020-01-05 06:27:00,0.42763006162152806
2020-01-05 06:30:00,0.4587916007803301
2020-01-05 06:33:00,0.3961990629140928
2020-01-05 06:36:00,0.4260851405085191
2020-01-05 06:39:00,0.40949448343008044
2020-01-05 06:42:00,0.4933534830026929
2020-01-05 06:45:00,0.5210244654345502
2020-01-05 06:48:00,0.3921187112586608
2020-01-05 06:51:00,0.36660994184421725
2020-01-05 06:54:00,0.45620554445036987
2020-01-05 06:57:00,0.4130479374661604
2020-01-05 07:00:00,0.5290077817076053
2020-01-05 07:03:00,0.3599698844339514
2020-01-05 07:06:00,0.5156070120712002
2020-01-05 07:09:00,0.4438168744006816
2020-01-05 07:12:00,0.3845923728443381
2020-01-05 07:15:00,0.4087304662438669
2020-01-05 07:18:00,0.4321614036659298
2020-01-05 07:21:00,0.46976586650731633
2020-01-05 07:24:00,0.4284735619059461
2020-01-05 07:27:00,0.4304382494900665
2020-01-05 07:30:00,0.4489778574083516
2020-01-05 07:33:00,0.4710601541565893
2020-01-05 07:36:00,0.281067808789885
2020-01-05 07:39:00,0.3532200682407165
2020-01-05 07:42:00,0.4676122448965998
2020-01-05 07:45:00,0.44299854025740615
2020-01-05 07:48:00,0.43372951709079643
2020-01-05 07:51:00,0.41920614669618317
2020-01-05 07:54:00,0.4259735614423903
2020-01-05 07:57:00,0.37836407796737603
2020-01-05 08:00:00,0.47510259832915835
2020-01-05 08:03:00,0.3858986316731148
2020-01-05 08:06:00,0.4527961686424078
2020-01-05 08:09:00,0.3581587970595024
2020-01-05 08:12:00,0.40309452229644194
2020-01-05 08:15:00,0.3625646067051207
2020-01-05 08:18:00,0.29412413826884176
2020-01-05 08:21:00,0.37080316021121007
2020-01-05 08:24:00,0.324752579146832
2020-01-05 08:27:00,0.3660433186113323
2020-01-05 08:30:00,0.32641243211736537
2020-01-05 08:33:00,0.3621271602051479
2020-01-05 08:36:00,0.3469779833421853
2020-01-05 08:39:00,0.44348201993943803
2020-01-05 08:42:00,0.349586935169782
2020-01-05 08:45:00,0.39031983099425815
2020-01-05 08:48:00,0.25699990418888774
2020-01-05 08:51:00,0.2103327548495031
2020-01-05 08:54:00,0.3258385950612137
2020-01-05 08:57:00,0.29566062335760535
2020-01-05 09:00:00,0.2344374454854119
2020-01-05 09:03:00,0.3264185861335136
2020-01-05 09:06:00,0.3475399215965922
2020-01-05 09:09:00,0.2804959068824928
2020-01-05 09:12:00,0.26861532708107916
2020-01-05 09:15:00,0.22491916304704773
2020-01-05 09:18:00,0.2611967905907022
2020-01-05 09:21:00,0.2800193426189139
2020-01-05 09:24:00,0.2615637361640779
2020-01-05 09:27:00,0.2188929331812801
2020-01-05 09:30:00,0.2886933632480577
2020-01-05 09:33:00,0.27938592392223427
2020-01-05 09:36:00,0.3085398172268583
2020-01-05 09:39:00,0.28026215134428867
2020-01-05 09:42:00,0.3582615603987733
2020-01-05 09:45:00,0.22169961801188265
2020-01-05 09:48:00,0.20515540874578164
2020-01-05 09:51:00,0.12817125900164683
2020-01-05 09:54:00,0.09960892837420943
2020-01-05 09:57:00,0.2275545750877086
2020-01-05 10:00:00,0.26825653506693925
2020-01-05 10:03:00,0.16188590746469345
2020-01-05 10:06:00,0.18642667615165465
2020-01-05 10:09:00,0.2137488988989844
2020-01-05 10:12:00,0.13246623405410674
2020-01-05 10:15:00,0.17021232521886986
2020-01-05 10:18:00,0.11032811399849152
2020-01-05 10:21:00,0.12129520666206872
2020-01-05 10:24:00,0.1291305841904773
2020-01-05 10:27:00,0.1500565793052715
2020-01-05 10:30:00,0.21250298859280292
2020-01-05 10:33:00,0.12811645413069073
2020-01-05 10:36:00,0.19807392104581822
2020-01-05 10:39:00,0.1252121656503391
2020-01-05 10:42:00,0.1289561272791957
2020-01-05 10:45:00,0.050388844673648236
2020-01-05 10:48:00,0.05060681950175194
2020-01-05 10:51:00,0.1288592574342715
2020-01-05 10:54:00,0.00041614507631493325
2020-01-05 10:57:00,0.15967279211162122
2020-01-05 11:00:00,0.08930373877615239
2020-01-05 11:03:00,0.0574954606285587
2020-01-05 11:06:00,0.17511815663220887
2020-01-05 11:09:00,0.13492972576028706
2020-01-05 11:12:00,0.21899918970336785
2020-01-05 11:15:00,0.13775035086791831
2020-01-05 11:18:00,0.1746488255970462
2020-01-05 11:21:00,0.12759200410175708
2020-01-05 11:24:00,0.1593822562139735
2020-01-05 11:27:00,0.22372369970440786
2020-01-05 11:30:00,0.11327832574761487
2020-01-05 11:33:00,-0.012775786604834138
2020-01-05 11:36:00,0.18041566263951836
2020-01-05 11:39:00,0.10328018632645808
2020-01-05 11:42:00,0.17916793298616085
2020-01-05 11:45:00,0.10539773903281002
2020-01-05 11:48:00,0.040400836808487384
2020-01-05 11:51:00,-0.02397179603957511
2020-01-05 11:54:00,0.13211409103337246
2020-01-05 11:57:00,0.000510709444256463
2020-01-05 12:00:00,0.06570829932513789
2020-01-05 12:03:00,0.023958746574578527
2020-01-05 12:06:00,0.07849634483704904
2020-01-05 12:09:00,0.0016648873148028542
2020-01-05 12:12:00,-0.026655118988344384
2020-01-05 12:15:00,0.15000113420853722
2020-01-05 12:18:00,0.08931377737786761
2020-01-05 12:21:00,0.07786106205122678
2020-01-05 12:24:00,0.013570339890407013
2020-01-05 12:27:00,-0.00971273698769437
2020-01-05 12:30:00,-0.0364059325014523
2020-01-05 12:33:00,-0.03508104946337198
2020-01-05 12:36:00,-0.09688583904534198
2020-01-05 12:39:00,0.15691030202162892
2020-01-05 12:42:00,0.07375326935783733
2020-01-05 12:45:00,-0.039812026617369156
2020-01-05 12:48:00,-0.013018508736479362
2020-01-05 12:51:00,-0.04393014304531562
2020-01-05 12:54:00,-0.06415924789649807
2020-01-05 12:57:00,-0.11835834320595495
2020-01-05 13:00:00,-0.049763743773723945
2020-01-05 13:03:00,-0.11909340578620231
2020-01-05 13:06:00,-0.00811449936173858
2020-01-05 13:09:00,-0.11674431768801696
2020-01-05 13:12:00,-0.13315570725359294
2020-01-05 13:15:00,-0.06621514446294441
2020-01-05 13:18:00,-0.11598237885692697
2020-01-05 13:21:00,-0.09269453155133078
2020-01-05 13:24:00,-0.15350325669686526
2020-01-05 13:27:00,-0.05604048197045586
2020-01-05 13:30:00,-0.09072100646920944
2020-01-05 13:33:00,-0.10495060922966104
2020-01-05 13:36:00,-0.1513550119718161
2020-01-05 13:39:00,-0.11261342983021905
2020-01-05 13:42:00,-0.1339657221917605
2020-01-05 13:45:00,-0.17714166229478678
2020-01-05 13:48:00,-0.08663384470844449
2020-01-05 13:51:00,-0.10165401882136393
2020-01-05 13:54:00,-0.027136473693815333
2020-01-05 13:57:00,-0.10771723870186634
2020-01-05 14:00:00,-0.11283818295555648
2020-01-05 14:03:00,-0.2101627819183136
2020-01-05 14:06:00,-0.0900941475870809
2020-01-05 14:09:00,-0.1919626144536437
2020-01-05 14:12:00,-0.09795357932233628
2020-01-05 14:15:00,-0.1486158063030416
2020-01-05 14:18:00,0.05308942409294559
2020-01-05 14:21:00,-0.023555162356444725
2020-01-05 14:24:00,0.13268611561778698
2020-01-05 14:27:00,0.0060607362728433145
2020-01-05 14:30:00,0.08700196452628006
2020-01-05 14:33:00,0.08858980075035561
2020-01-05 14:36:00,0.027355113779549356
2020-01-05 14:39:00,0.08267495272440328
2020-01-05 14:42:00,-0.016883256035896466
2020-01-05 14:45:00,-0.10230238008784909
2020-01-05 14:48:00,-0.07547672191975607
2020-01-05 14:51:00,0.0842378830909638
2020-01-05 14:54:00,0.0221356577785059
2020-01-05 14:57:00,-0.04945150644078922
2020-01-05 15:00:00,-0.03913358132388112
2020-01-05 15:03:00,-0.047065459703560464
2020-01-05 15:06:00,-0.11992026127012423
2020-01-05 15:09:00,-0.06817813814723195
2020-01-05 15:12:00,0.06003923153843971
2020-01-05 15:15:00,0.050520528116010155
2020-01-05 15:18:00,0.0009313122466210189
2020-01-05 15:21:00,-0.08119943777586514
2020-01-05 15:24:00,0.030672141301636202
2020-01-05 15:27:00,-0.05777873709348569
2020-01-05 15:30:00,0.055868959853967226
2020-01-05 15:33:00,-0.035457053892571366
2020-01-05 15:36:00,0.015842224238951985
2020-01-05 15:39:00,-0.038115296264209064
2020-01-05 15:42:00,0.05807795013248551
2020-01-05 15:45:00,-0.0676317873918606
2020-01-05 15:48:00,0.018889905717458078
2020-01-05 15:51:00,0.05743667289948462
2020-01-05 15:54:00,0.1581692550980165
2020-01-05 15:57:00,0.02931260004345404
2020-01-05 16:00:00,-0.05252807036254126
2020-01-05 16:03:00,-0.047152218560142956
2020-01-05 16:06:00,0.05303700689273683
2020-01-05 16:09:00,0.04189747836710467
2020-01-05 16:12:00,-0.07481386825338632
2020-01-05 16:15:00,-0.05083719159631528
2020-01-05 16:18:00,0.06961497234362923
2020-01-05 16:21:00,-0.044750773143675815
2020-01-05 16:24:00,-0.07185281104500518
2020-01-05 16:27:00,0.037687444946129744
2020-01-05 16:30:00,-0.03141553676618969
2020-01-05 16:33:00,-0.00890888267150558
2020-01-05 16:36:00,-0.025603862091543306
2020-01-05 16:39:00,-0.020256746776283308
2020-01-05 16:42:00,-0.011958771828233239
2020-01-05 16:45:00,-0.009590131720017325
2020-01-05 16:48:00,-0.12045512391557622
2020-01-05 16:51:00,-0.046104037529062225
2020-01-05 16:54:00,0.0694569013538171
2020-01-05 16:57:00,0.06403684429915302
2020-01-05 17:00:00,0.04770218837296625
2020-01-05 17:03:00,-0.04187144416130195
2020-01-05 17:06:00,0.04070289181379394
2020-01-05 17:09:00,-0.007042881282416147
2020-01-05 17:12:00,0.021239632330377844
2020-01-05 17:15:00,0.15074327649045927
2020-01-05 17:18:00,0.009242667477110444
2020-01-05 17:21:00,0.1043516529146018
2020-01-05 17:24:00,0.10827338134697584
2020-01-05 17:27:00,0.17363435976085384
2020-01-05 17:30:00,0.07317925041536455
2020-01-05 17:33:00,0.11988040896710572
2020-01-05 17:36:00,0.10898029990795521
2020-01-05 17:39:00,0.1619308276347624
2020-01-05 17:42:00,0.10239576769271252
2020-01-05 17:45:00,0.005129952039737873
2020-01-05 17:48:00,0.17175378692041932
2020-01-05 17:51:00,0.059999401718869194
2020-01-05 17:54:00,0.07442478598494517
2020-01-05 17:57:00,0.07501922394828853
2020-01-05 18:00:00,0.13094776917711215
2020-01-05 18:03:00,0.14549256979552183
2020-01-05 18:06:00,0.1469735047533618
2020-01-05 18:09:00,0.1355165183739473
2020-01-05 18:12:00,0.1902344003755161
2020-01-05 18:15:00,0.20249917689682206
2020-01-05 18:18:00,0.286851577676714
2020-01-05 18:21:00,0.1563516323747649
2020-01-05 18:24:00,0.15695202066063985
2020-01-05 18:27:00,0.16671748662122354
2020-01-05 18:30:00,0.25751426346749895
2020-01-05 18:33:00,0.22802213230937696
2020-01-05 18:36:00,0.30735935057231245
2020-01-05 18:39:00,0.1975135015038063
2020-01-05 18:42:00,0.17985425227607266
2020-01-05 18:45:00,0.23182389056074726
2020-01-05 18:48:00,0.22277498965024733
2020-01-05 18:51:00,0.25211240771477605
2020-01-05 18:54:00,0.2014133430458287
2020-01-05 18:57:00,
2020-01-05 19:00:00,
2020-01-05 19:03:00,0.27077273034313976
2020-01-05 19:06:00,0.19863385950429802
2020-01-05 19:09:00,0.20903354508698158
2020-01-05 19:12:00,0.1966896655052892
2020-01-05 19:15:00,0.1821790360754676
2020-01-05 19:18:00,0.2933092046276329
2020-01-05 19:21:00,0.17378457733417463
2020-01-05 19:24:00,0.2682017761436555
2020-01-05 19:27:00,0.2248987181574762
2020-01-05 19:30:00,0.4071822761578119
2020-01-05 19:33:00,0.27624671842539783
2020-01-05 19:36:00,0.3001023654059054
2020-01-05 19:39:00,0.3219276574076275
2020-01-05 19:42:00,0.34620660602553244
2020-01-05 19:45:00,0.30132958408779587
2020-01-05 19:48:00,0.26192719963120226
2020-01-05 19:51:00,0.34666388240560764
2020-01-05 19:54:00,0.31481152558410486
2020-01-05 19:57:00,0.32873870422639584
2020-01-05 20:00:00,0.1760075516293682
2020-01-05 20:03:00,0.2839469860248869
2020-01-05 20:06:00,0.28809394691938905
2020-01-05 20:09:00,0.2888381994778797
2020-01-05 20:12:00,0.35352633824282975
2020-01-05 20:15:00,0.3359084963100827
2020-01-05 20:18:00,0.3071450333933399
2020-01-05 20:21:00,0.34707807231222887
2020-01-05 20:24:00,0.351188229805075
2020-01-05 20:27:00,0.40820971485322843
2020-01-05 20:30:00,0.42407100237892337
2020-01-05 20:33:00,0.2796714512605831
2020-01-05 20:36:00,0.2507065593217135
2020-01-05 20:39:00,0.2678628880482279
2020-01-05 20:42:00,0.32849962347671635
2020-01-05 20:45:00,0.3250330557224288
2020-01-05 20:48:00,0.3008378179767419
2020-01-05 20:51:00,0.36652242349498465
2020-01-05 20:54:00,0.3340822662554501
2020-01-05 20:57:00,0.31086004094538566
2020-01-05 21:00:00,0.41415168847805717
2020-01-05 21:03:00,0.36161430231578606
2020-01-05 21:06:00,0.4160180499855528
2020-01-05 21:09:00,0.3798080688274581
2020-01-05 21:12:00,0.36484407392589446
2020-01-05 21:15:00,0.3907915331488425
2020-01-05 21:18:00,0.3716514056695246
2020-01-05 21:21:00,0.4142222821293444
2020-01-05 21:24:00,0.4588175946665274
2020-01-05 21:27:00,0.3617762841720946
2020-01-05 21:30:00,0.40407112639877596
2020-01-05 21:33:00,0.37842526691923695
2020-01-05 21:36:00,0.35261685633707884
2020-01-05 21:39:00,0.3774103643597755
2020-01-05 21:42:00,0.36913622590321893
2020-01-05 21:45:00,0.3798682429306268
2020-01-05 21:48:00,0.39570452338085715
2020-01-05 21:51:00,0.3920709100228237
2020-01-05 21:54:00,0.3269050223511272
2020-01-05 21:57:00,0.25884083108906
2020-01-05 22:00:00,0.37208429851574465
2020-01-05 22:03:00,0.3670204938978827
2020-01-05 22:06:00,0.316736713019111
2020-01-05 22:09:00,0.3494326434361028
2020-01-05 22:12:00,0.39658822565530727
2020-01-05 22:15:00,0.39802195273927055
2020-01-05 22:18:00,0.3077637651370537
2020-01-05 22:21:00,0.3621430051684911
2020-01-05 22:24:00,0.3882169090057346
2020-01-05 22:27:00,0.30334678425185757
2020-01-05 22:30:00,0.40541651206461893
2020-01-05 22:33:00,0.45341104402609744
2020-01-05 22:36:00,0.42258466712456766
2020-01-05 22:39:00,0.4223559203338141
2020-01-05 22:42:00,0.4946942307122413
2020-01-05 22:45:00,0.3417640232420922
2020-01-05 22:48:00,0.33786580895201723
2020-01-05 22:51:00,0.4488536501466456
2020-01-05 22:54:00,0.27085765404387985
2020-01-05 22:57:00,0.44455709364558516
2020-01-05 23:00:00,0.33436154591225886
2020-01-05 23:03:00,0.4229430658366482
2020-01-05 23:06:00,0.38638650744371716
2020-01-05 23:09:00,0.4815118754322043
2020-01-05 23:12:00,0.41415024942898526
2020-01-05 23:15:00,0.5192551888220578
2020-01-05 23:18:00,0.45991037283903324
2020-01-05 23:21:00,0.5211377201126197
2020-01-05 23:24:00,0.4933091866824384
2020-01-05 23:27:00,0.44823395155339085
2020-01-05 23:30:00,0.47537315732262186
2020-01-05 23:33:00,0.419140870919648
2020-01-05 23:36:00,0.4445904870599975
2020-01-05 23:39:00,0.449890725402156
2020-01-05 23:42:00,0.44191145312117897
2020-01-05 23:45:00,0.5003224462953995
2020-01-05 23:48:00,0.5733158750779239
2020-01-05 23:51:00,0.406473232045073
2020-01-05 23:54:00,0.4408184603956329
2020-01-05 23:57:00,0.4974327922705015
2020-01-06 00:00:00,0.5585295957821472
2020-01-06 00:03:00,0.6247341726058266
2020-01-06 00:06:00,0.5476116443554133
2020-01-06 00:09:00,0.6247650304167678
2020-01-06 00:12:00,0.5668264309628057
2020-01-06 00:15:00,0.5475565096535888
2020-01-06 00:18:00,0.50912061978471
2020-01-06 00:21:00,0.5210009708712278
2020-01-06 00:24:00,0.5280821235376152
2020-01-06 00:27:00,0.4356907869556039
2020-01-06 00:30:00,0.48452160550965573
2020-01-06 00:33:00,0.44119438251254905
2020-01-06 00:36:00,0.5961512642754201
2020-01-06 00:39:00,0.6188812031576845
2020-01-06 00:42:00,0.5579845010174154
2020-01-06 00:45:00,0.4659446102249376
2020-01-06 00:48:00,0.37213805698070246
2020-01-06 00:51:00,0.47608140306039104
2020-01-06 00:54:00,0.4680930848531375
2020-01-06 00:57:00,0.46845007260213833
2020-01-06 01:00:00,0.4155601886777731
2020-01-06 01:03:00,0.4663672470758229
2020-01-06 01:06:00,0.3995937515968535
2020-01-06 01:09:00,0.48439629265772055
2020-01-06 01:12:00,0.43885233276506597
2020-01-06 01:15:00,0.5309513675116477
2020-01-06 01:18:00,0.5046781590468754
2020-01-06 01:21:00,0.418418454259438
2020-01-06 01:24:00,0.40549483047311696
2020-01-06 01:27:00,0.4941992582794228
2020-01-06 01:30:00,0.5103884334905615
2020-01-06 01:33:00,0.41856508246581825
2020-01-06 01:36:00,0.5654788666090553
2020-01-06 01:39:00,0.5151765062855702
2020-01-06 01:42:00,0.4540108396674327
2020-01-06 01:45:00,0.35689184934301466
2020-01-06 01:48:00,0.4509632410273525
2020-01-06 01:51:00,0.5329282661912202
2020-01-06 01:54:00,0.42878449125129237
2020-01-06 01:57:00,0.4833341697614628
2020-01-06 02:00:00,0.42587141043816246
2020-01-06 02:03:00,0.44347113589486753
2020-01-06 02:06:00,0.4047704410787105
2020-01-06 02:09:00,0.427942670501011
2020-01-06 02:12:00,0.46321989954986975
2020-01-06 02:15:00,0.3885812622838216
2020-01-06 02:18:00,0.4684157990720905
2020-01-06 02:21:00,0.46703552870349085
2020-01-06 02:24:00,0.36387959830636873
2020-01-06 02:27:00,0.41233794923920186
2020-01-06 02:30:00,0.44518020464477104
2020-01-06 02:33:00,0.45598508534988014
2020-01-06 02:36:00,0.45081083731713534
2020-01-06 02:39:00,0.43610959760036394
2020-01-06 02:42:00,0.5132544323245725
2020-01-06 02:45:00,0.4300721329344128
2020-01-06 02:48:00,0.4272625136711099
2020-01-06 02:51:00,0.44244734588818346
2020-01-06 02:54:00,0.3835096890442742
2020-01-06 02:57:00,0.476070115088703
2020-01-06 03:00:00,0.4524825801742054
2020-01-06 03:03:00,0.49878450717022815
2020-01-06 03:06:00,0.47060898014655095
2020-01-06 03:09:00,0.3576941463633716
2020-01-06 03:12:00,0.5264235218526778
2020-01-06 03:15:00,0.5093427213070072
2020-01-06 03:18:00,0.3905862871147292
2020-01-06 03:21:00,0.4089559798239293
2020-01-06 03:24:00,0.4571114301101602
2020-01-06 03:27:00,0.40125221290310265
2020-01-06 03:30:00,0.3594260377338969
2020-01-06 03:33:00,0.44518137344499564
2020-01-06 03:36:00,0.39464341594919006
2020-01-06 03:39:00,0.3923520748905389
2020-01-06 03:42:00,0.333689163345241
2020-01-06 03:45:00,0.39483053931178347
2020-01-06 03:48:00,0.36141876583616295
2020-01-06 03:51:00,0.3808904628760388
2020-01-06 03:54:00,0.30299402444285306
2020-01-06 03:57:00,0.403882930113582
2020-01-06 04:00:00,0.4004211796889763
2020-01-06 04:03:00,0.39668539107333345
2020-01-06 04:06:00,0.3941914884258608
2020-01-06 04:09:00,0.3670538579956997
2020-01-06 04:12:00,0.5037032303177966
2020-01-06 04:15:00,0.41649240633239515
2020-01-06 04:18:00,0.38779350564766446
2020-01-06 04:21:00,0.48637837060260836
2020-01-06 04:24:00,0.30945326154301256
2020-01-06 04:27:00,0.4964814741693999
2020-01-06 04:30:00,0.49062271484535813
2020-01-06 04:33:00,0.42646124487333736
2020-01-06 04:36:00,0.48114335497456295
2020-01-06 04:39:00,0.5826027062393564
2020-01-06 04:42:00,0.43314330843571724
2020-01-06 04:45:00,0.5204901741154799
2020-01-06 04:48:00,0.39129021064633207
2020-01-06 04:51:00,0.38102244141322217
2020-01-06 04:54:00,0.4195250616311341
2020-01-06 04:57:00,0.447823717428264
2020-01-06 05:00:00,0.4413019852158868
2020-01-06 05:03:00,0.441291665696383
2020-01-06 05:06:00,0.47330402863025256
2020-01-06 05:09:00,0.48354679889700947
2020-01-06 05:12:00,0.47257502753581093
2020-01-06 05:15:00,0.4794150198025591
2020-01-06 05:18:00,0.51381295586026
2020-01-06 05:21:00,0.5638656712164902
2020-01-06 05:24:00,0.6089222152211846
2020-01-06 05:27:00,0.42861539272581695
2020-01-06 05:30:00,0.36794268178493894
2020-01-06 05:33:00,0.4377450843534234
2020-01-06 05:36:00,0.43065877556506393
2020-01-06 05:39:00,0.42607850873849884
2020-01-06 05:42:00,0.49975449888285084
2020-01-06 05:45:00,0.39021142100017414
2020-01-06 05:48:00,0.4343715190637454
2020-01-06 05:51:00,0.3857036525648141
2020-01-06 05:54:00,0.4492437633709301
2020-01-06 05:57:00,0.46519937898574426
2020-01-06 06:00:00,0.3043177798660395
2020-01-06 06:03:00,0.4142980931852662
2020-01-06 06:06:00,0.4187415259393106
2020-01-06 06:09:00,0.5410937446542903
2020-01-06 06:12:00,0.5012794176336115
2020-01-06 06:15:00,0.5733947438445739
2020-01-06 06:18:00,0.6672586259320497
2020-01-06 06:21:00,0.5805652238298649
2020-01-06 06:24:00,0.7160724725436012
2020-01-06 06:27:00,0.699445245734978
2020-01-06 06:30:00,0.6713035988886418
2020-01-06 06:33:00,0.6424007388040991
2020-01-06 06:36:00,0.5995794278910012
2020-01-06 06:39:00,0.7168849611454107
2020-01-06 06:42:00,0.7398392379978986
2020-01-06 06:45:00,0.6563222734021679
2020-01-06 06:48:00,0.6015201486646902
2020-01-06 06:51:00,0.6900375871513234
2020-01-06 06:54:00,0.7518188673170698
2020-01-06 06:57:00,0.6038839555408231
2020-01-06 07:00:00,0.5697068956092721
2020-01-06 07:03:00,0.5220089307152307
2020-01-06 07:06:00,0.543943559229831
2020-01-06 07:09:00,0.4407233166559763
2020-01-06 07:12:00,0.5514154319225781
2020-01-06 07:15:00,0.508729344146559
2020-01-06 07:18:00,0.4760243356067235
2020-01-06 07:21:00,0.46592316013510526
2020-01-06 07:24:00,0.5350092761776182
2020-01-06 07:27:00,0.525227328953008
2020-01-06 07:30:00,0.49769957673618137
2020-01-06 07:33:00,0.35684193141639753
2020-01-06 07:36:00,0.47613193707883283
2020-01-06 07:39:00,0.4224257185077249
2020-01-06 07:42:00,0.5103431453393341
2020-01-06 07:45:00,0.43680340630288583
2020-01-06 07:48:00,0.4205927745484246
2020-01-06 07:51:00,0.5260743346443064
2020-01-06 07:54:00,0.5195316653591817
2020-01-06 07:57:00,0.5252226881127058
2020-01-06 08:00:00,0.4131653092363763
2020-01-06 08:03:00,0.5422263684490645
2020-01-06 08:06:00,0.4910472324185662
2020-01-06 08:09:00,0.48830676946562335
2020-01-06 08:12:00,0.5665710177943879
2020-01-06 08:15:00,0.5646368728039874
2020-01-06 08:18:00,0.6520295046298088
2020-01-06 08:21:00,0.4860604857529438
2020-01-06 08:24:00,0.46685566170901893
2020-01-06 08:27:00,0.4741392740954211
2020-01-06 08:30:00,0.43106158952053875
2020-01-06 08:33:00,0.6125693637912946
2020-01-06 08:36:00,0.6018432130318274
2020-01-06 08:39:00,0.45995848699652697
2020-01-06 08:42:00,0.4581972644863299
2020-01-06 08:45:00,0.47192427964921535
2020-01-06 08:48:00,0.4214752497165932
2020-01-06 08:51:00,0.44842151011050646
2020-01-06 08:54:00,0.4776347863090109
2020-01-06 08:57:00,0.4253195725064529
2020-01-06 09:00:00,0.45247502503218584
2020-01-06 09:03:00,0.3448000506280664
2020-01-06 09:06:00,0.440445327080738
2020-01-06 09:09:00,0.3594785598178305
2020-01-06 09:12:00,0.40601475595593683
2020-01-06 09:15:00,0.2660623273000624
2020-01-06 09:18:00,0.3891841421273057
2020-01-06 09:21:00,0.361332275565303
2020-01-06 09:24:00,0.30402876653232624
2020-01-06 09:27:00,0.34647912089707233
2020-01-06 09:30:00,0.3596287530382938
2020-01-06 09:33:00,0.33274545997915084
2020-01-06 09:36:00,0.37028930822015127
2020-01-06 09:39:00,0.2709162309092221
2020-01-06 09:42:00,0.37846693414371657
2020-01-06 09:45:00,0.36511891567039356
2020-01-06 09:48:00,0.24256033910342012
2020-01-06 09:51:00,0.3215872049286759
2020-01-06 09:54:00,0.3601898563631494
2020-01-06 09:57:00,0.21698913700953426
2020-01-06 10:00:00,0.35033984102238946
2020-01-06 10:03:00,0.3305495970045058
2020-01-06 10:06:00,0.29493665640802647
2020-01-06 10:09:00,0.22425659435879197
2020-01-06 10:12:00,0.25789186639076433
2020-01-06 10:15:00,0.19737210423249962
2020-01-06 10:18:00,0.15699027699344015
2020-01-06 10:21:00,0.09844671148414363
2020-01-06 10:24:00,0.14629533964921393
2020-01-06 10:27:00,0.16733261137005684
2020-01-06 10:30:00,0.19488120397761577
2020-01-06 10:33:00,0.13069245475969637
2020-01-06 10:36:00,0.12485499535858935
2020-01-06 10:39:00,0.1994287085389601
2020-01-06 10:42:00,0.08811951451883715
2020-01-06 10:45:00,0.1523553287162258
2020-01-06 10:48:00,0.07499794299991436
2020-01-06 10:51:00,0.04286084588488848
2020-01-06 10:54:00,0.031988338793667026
2020-01-06 10:57:00,0.08111293887742477
2020-01-06 11:00:00,0.11964557236046858
2020-01-06 11:03:00,0.12620447183900296
2020-01-06 11:06:00,0.10549829547835543
2020-01-06 11:09:00,0.0667877582473011
2020-01-06 11:12:00,0.11331430912224505
2020-01-06 11:15:00,0.11222219576154657
2020-01-06 11:18:00,0.06466103912686094
2020-01-06 11:21:00,0.06032618818380797
2020-01-06 11:24:00,0.07725498660244057
2020-01-06 11:27:00,-0.0120324646348422
2020-01-06 11:30:00,0.039597468787860635
2020-01-06 11:33:00,0.008197064745047555
2020-01-06 11:36:00,0.027385392824839982
2020-01-06 11:39:00,0.06957676400986657
2020-01-06 11:42:00,0.12574221135599828
2020-01-06 11:45:00,-0.0045170475793838705
2020-01-06 11:48:00,0.024445253476983453
2020-01-06 11:51:00,-0.05402790259029189
2020-01-06 11:54:00,0.05066211352874461
2020-01-06 11:57:00,-0.09962542534520935
2020-01-06 12:00:00,-0.05994039655979577
2020-01-06 12:03:00,-0.01647677046702256
2020-01-06 12:06:00,0.07745319707458975
2020-01-06 12:09:00,-0.039334654399226565
2020-01-06 12:12:00,-0.05884042185380167
2020-01-06 12:15:00,-0.057145314118031365
2020-01-06 12:18:00,-0.1337987185338534
2020-01-06 12:21:00,-0.13740791458178592
2020-01-06 12:24:00,-0.11625705104552253
2020-01-06 12:27:00,-0.1824452008420394
2020-01-06 12:30:00,0.01639374537484173
2020-01-06 12:33:00,-0.10846120767462253
2020-01-06 12:36:00,-0.07720024719543517
2020-01-06 12:39:00,-0.12286666081536168
2020-01-06 12:42:00,-0.10995780438088332
2020-01-06 12:45:00,-0.048183545097856495
2020-01-06 12:48:00,-0.1145245694437449
2020-01-06 12:51:00,-0.10907464171674519
2020-01-06 12:54:00,-0.17167380565501844
2020-01-06 12:57:00,-0.1241925132369488
2020-01-06 13:00:00,-0.13278451794712964
2020-01-06 13:03:00,-0.22398235478550532
2020-01-06 13:06:00,-0.2316547449156019
2020-01-06 13:09:00,-0.19799605555840571
2020-01-06 13:12:00,-0.2867494146488525
2020-01-06 13:15:00,-0.3242632885942953
2020-01-06 13:18:00,-0.2766436430459862
2020-01-06 13:21:00,-0.27640044238171413
2020-01-06 13:24:00,-0.3231273819920375
2020-01-06 13:27:00,-0.11610181463692015
2020-01-06 13:30:00,-0.25451710926171245
2020-01-06 13:33:00,-0.27040054504772115
2020-01-06 13:36:00,-0.305488345725621
2020-01-06 13:39:00,-0.17478819626120412
2020-01-06 13:42:00,-0.13092460166251385
2020-01-06 13:45:00,-0.17177874939153526
2020-01-06 13:48:00,-0.29197057741100707
2020-01-06 13:51:00,-0.22546426941937625
2020-01-06 13:54:00,-0.20630184875818713
2020-01-06 13:57:00,-0.32203625861717455
2020-01-06 14:00:00,-0.24128132796028012
2020-01-06 14:03:00,-0.21894428453089176
2020-01-06 14:06:00,-0.059213633902174934
2020-01-06 14:09:00,-0.1173808084657253
2020-01-06 14:12:00,-0.27862578530476867
2020-01-06 14:15:00,-0.2347868968066109
2020-01-06 14:18:00,-0.21030475870480814
2020-01-06 14:21:00,-0.15533507048070305
2020-01-06 14:24:00,-0.2094229686209701
2020-01-06 14:27:00,-0.2145403540645816
2020-01-06 14:30:00,-0.1687749921422892
2020-01-06 14:33:00,-0.06952311787182452
2020-01-06 14:36:00,-0.008341799981508302
2020-01-06 14:39:00,-0.13207531420385976
2020-01-06 14:42:00,-0.15546116169275592
2020-01-06 14:45:00,-0.15366616686696943
2020-01-06 14:48:00,-0.17170287945532436
2020-01-06 14:51:00,-0.19039719501876107
2020-01-06 14:54:00,-0.11395744410634734
2020-01-06 14:57:00,-0.08770237634701061
2020-01-06 15:00:00,-0.10797857987631687
2020-01-06 15:03:00,0.004913896295306586
2020-01-06 15:06:00,0.01820976561526777
2020-01-06 15:09:00,-0.01672633163991577
2020-01-06 15:12:00,-0.016886207254174224
2020-01-06 15:15:00,0.03624320369516454
2020-01-06 15:18:00,0.03552007201830065
2020-01-06 15:21:00,0.08209558425414798
2020-01-06 15:24:00,-0.01567432095168897
2020-01-06 15:27:00,-0.02224083876996019
2020-01-06 15:30:00,0.033487157079889585
2020-01-06 15:33:00,0.034108799371665555
2020-01-06 15:36:00,-0.05824157788731554
2020-01-06 15:39:00,-0.08546522649044164
2020-01-06 15:42:00,-0.020166710658372722
2020-01-06 15:45:00,-0.04761628746138058
2020-01-06 15:48:00,-0.048302469820896476
2020-01-06 15:51:00,-0.027748297701691627
2020-01-06 15:54:00,-0.030550215599078
2020-01-06 15:57:00,-0.07484716637640076
2020-01-06 16:00:00,-0.0716721020153841
2020-01-06 16:03:00,-0.08474500153351983
2020-01-06 16:06:00,-0.04457642618120872
2020-01-06 16:09:00,-0.08658714098351084
2020-01-06 16:12:00,-0.07333996307977486
2020-01-06 16:15:00,-0.08582068739224269
2020-01-06 16:18:00,-0.05367164035857286
2020-01-06 16:21:00,-0.07904523632430482
2020-01-06 16:24:00,-0.10504924405034899
2020-01-06 16:27:00,-0.07932813156980956
2020-01-06 16:30:00,-0.03411850716753406
2020-01-06 16:33:00,-0.13842818224662778
2020-01-06 16:36:00,-0.09570494760498605
2020-01-06 16:39:00,-0.09675060975553151
2020-01-06 16:42:00,-0.13741883075516625
2020-01-06 16:45:00,-0.04768319755368111
2020-01-06 16:48:00,-0.07938308385990922
2020-01-06 16:51:00,-0.06093567943003109
2020-01-06 16:54:00,-0.07103417423684277
2020-01-06 16:57:00,-0.11550566031348808
2020-01-06 17:00:00,-0.004355735161368557
2020-01-06 17:03:00,-0.13543291106941524
2020-01-06 17:06:00,-0.16579967716603505
2020-01-06 17:09:00,-0.15799983826968855
2020-01-06 17:12:00,-0.14149570762418762
2020-01-06 17:15:00,-0.08848056945470262
2020-01-06 17:18:00,-0.1585741720652436
2020-01-06 17:21:00,0.04065169086857168
2020-01-06 17:24:00,-0.08672540430012532
2020-01-06 17:27:00,-0.07635621464027054
2020-01-06 17:30:00,-0.048948144951339145
2020-01-06 17:33:00,0.024121929814668874
2020-01-06 17:36:00,0.06648895022345869
2020-01-06 17:39:00,0.10088170996732515
2020-01-06 17:42:00,0.14900679218851565
2020-01-06 17:45:00,0.1235832527534626
2020-01-06 17:48:00,0.056591514454396474
2020-01-06 17:51:00,0.06494913890043108
2020-01-06 17:54:00,0.1120799557767782
2020-01-06 17:57:00,0.19729852128261882
2020-01-06 18:00:00,0.14458376242788518
2020-01-06 18:03:00,0.15350284055858765
2020-01-06 18:06:00,0.19096918288539655
2020-01-06 18:09:00,0.13410061245980387
2020-01-06 18:12:00,0.06193114134697453
2020-01-06 18:15:00,0.1203961477567077
2020-01-06 18:18:00,0.25852828175732157
2020-01-06 18:21:00,0.07682465079301437
2020-01-06 18:24:00,0.09480719018284844
2020-01-06 18:27:00,0.0688209754346758
2020-01-06 18:30:00,0.2650533519203577
2020-01-06 18:33:00,0.1091763848568803
2020-01-06 18:36:00,0.07438288997764175
2020-01-06 18:39:00,0.1889961725407261
2020-01-06 18:42:00,0.1421651687429062
2020-01-06 18:45:00,0.23979589740037
2020-01-06 18:48:00,0.20728902077121347
2020-01-06 18:51:00,0.20867750503850857
2020-01-06 18:54:00,
2020-01-06 18:57:00,
2020-01-06 19:00:00,
2020-01-06 19:03:00,0.22291726400266043
2020-01-06 19:06:00,0.19038578859834843
2020-01-06 19:09:00,0.13138968015095998
2020-01-06 19:12:00,0.2842338785438301
2020-01-06 19:15:00,0.22631402803676792
2020-01-06 19:18:00,0.23967438120706674
2020-01-06 19:21:00,0.28535219174381155
2020-01-06 19:24:00,0.2694883010016724
2020-01-06 19:27:00,0.2943395025642985
2020-01-06 19:30:00,0.26873213033741195
2020-01-06 19:33:00,0.18718834465329337
2020-01-06 19:36:00,0.22396804698246342
2020-01-06 19:39:00,0.21464927055154703
2020-01-06 19:42:00,0.2004080537454911
2020-01-06 19:45:00,0.18165298812249375
2020-01-06 19:48:00,0.21523660077588147
2020-01-06 19:51:00,0.2894414444040194
2020-01-06 19:54:00,0.2851757992389139
2020-01-06 19:57:00,0.3176868916983153
2020-01-06 20:00:00,0.2820184853218848
2020-01-06 20:03:00,0.2743278259637236
2020-01-06 20:06:00,0.26169562334899865
2020-01-06 20:09:00,0.2532513896523483
2020-01-06 20:12:00,0.27661366157758494
2020-01-06 20:15:00,0.32677204905326107
2020-01-06 20:18:00,0.35601520988348057
2020-01-06 20:21:00,0.3149473770716895
2020-01-06 20:24:00,0.3662963635742358
2020-01-06 20:27:00,0.306390381087283
2020-01-06 20:30:00,0.29457864388996313
2020-01-06 20:33:00,0.23318884210794977
2020-01-06 20:36:00,0.4044517034484443
2020-01-06 20:39:00,0.4540192681071744
2020-01-06 20:42:00,0.45706235656086847
2020-01-06 20:45:00,0.3217618526825845
2020-01-06 20:48:00,0.44079834396637807
2020-01-06 20:51:00,0.4440674154773774
2020-01-06 20:54:00,0.417077610244462
2020-01-06 20:57:00,0.4479687533982428
2020-01-06 21:00:00,0.3899046911626556
2020-01-06 21:03:00,0.3085818351159446
2020-01-06 21:06:00,0.43465303788627807
2020-01-06 21:09:00,0.42405655987477076
2020-01-06 21:12:00,0.29362317250115666
2020-01-06 21:15:00,0.35916900978662625
2020-01-06 21:18:00,0.35055566793789694
2020-01-06 21:21:00,0.36843772643436523
2020-01-06 21:24:00,0.3782452408531185
2020-01-06 21:27:00,0.4159531020777649
2020-01-06 21:30:00,0.21949766857511577
2020-01-06 21:33:00,0.2920764979010073
2020-01-06 21:36:00,0.32126353388224516
2020-01-06 21:39:00,0.47898688690276003
2020-01-06 21:42:00,0.3581753943692547
2020-01-06 21:45:00,0.3312966683857894
2020-01-06 21:48:00,0.3502360121035508
2020-01-06 21:51:00,0.30183486918389235
2020-01-06 21:54:00,0.31514661536704125
2020-01-06 21:57:00,0.3980739047336215
2020-01-06 22:00:00,0.42083362499363375
2020-01-06 22:03:00,0.3580417199205499
2020-01-06 22:06:00,0.393516918616001
2020-01-06 22:09:00,0.311192268688103
2020-01-06 22:12:00,0.4437779849205299
2020-01-06 22:15:00,0.33644648427281254
2020-01-06 22:18:00,0.405318863845082
2020-01-06 22:21:00,0.35718567102412635
2020-01-06 22:24:00,0.4386894454811454
2020-01-06 22:27:00,0.41911249457791655
2020-01-06 22:30:00,0.4071398425662096
2020-01-06 22:33:00,0.40166754803760796
2020-01-06 22:36:00,0.3278673185112666
2020-01-06 22:39:00,0.37855915913274885
2020-01-06 22:42:00,0.39638360911391146
2020-01-06 22:45:00,0.3630717663256746
2020-01-06 22:48:00,0.25644925412171915
2020-01-06 22:51:00,0.3982830772800412
2020-01-06 22:54:00,0.3942703525328852
2020-01-06 22:57:00,0.4891747427280393
2020-01-06 23:00:00,0.43783180936287636
2020-01-06 23:03:00,0.42516200545327365
2020-01-06 23:06:00,0.36556660090394644
2020-01-06 23:09:00,0.4010716544231059
2020-01-06 23:12:00,0.4816161503753733
2020-01-06 23:15:00,0.40740527567504614
2020-01-06 23:18:00,0.4070060968664393
2020-01-06 23:21:00,0.3972252400261027
2020-01-06 23:24:00,0.3277977876310274
2020-01-06 23:27:00,0.30507139569590436
2020-01-06 23:30:00,0.39895738647805956
2020-01-06 23:33:00,0.36364605835802877
2020-01-06 23:36:00,0.33790410708968466
2020-01-06 23:39:00,0.4504040226424877
2020-01-06 23:42:00,0.3692196371776504
2020-01-06 23:45:00,0.3963557256860213
2020-01-06 23:48:00,0.3869243178626789
2020-01-06 23:51:00,0.35346622178593634
2020-01-06 23:54:00,0.44936263424563094
2020-01-06 23:57:00,0.37162346920450773
2020-01-07 00:00:00,0.31801421502279936
2020-01-07 00:03:00,0.34940098192925007
2020-01-07 00:06:00,0.40631948668084306
2020-01-07 00:09:00,0.3765331070342768
2020-01-07 00:12:00,0.38552245810456043
2020-01-07 00:15:00,0.28696412717573594
2020-01-07 00:18:00,0.3833490429041717
2020-01-07 00:21:00,0.43994077405557164
2020-01-07 00:24:00,0.35893184437605896
2020-01-07 00:27:00,0.3588991010331597
2020-01-07 00:30:00,0.3689024423763385
2020-01-07 00:33:00,0.44876080523511064
2020-01-07 00:36:00,0.539901776618251
2020-01-07 00:39:00,0.4006992349077336
2020-01-07 00:42:00,0.4099295793301394
2020-01-07 00:45:00,0.5450850760052504
2020-01-07 00:48:00,0.3752812644585788
2020-01-07 00:51:00,0.5492831659621515
2020-01-07 00:54:00,0.5022400182157298
2020-01-07 00:57:00,0.47434738004454857
2020-01-07 01:00:00,0.42852826060067173
2020-01-07 01:03:00,0.4355258138886029
2020-01-07 01:06:00,0.4350551275156249
2020-01-07 01:09:00,0.422072986162334
2020-01-07 01:12:00,0.37729197266020265
2020-01-07 01:15:00,0.4381829787050151
2020-01-07 01:18:00,0.367053710205937
2020-01-07 01:21:00,0.38406456161811775
2020-01-07 01:24:00,0.4752096805581232
2020-01-07 01:27:00,0.38441580882880544
2020-01-07 01:30:00,0.34436301953275006
2020-01-07 01:33:00,0.3948358662157716
2020-01-07 01:36:00,0.4553152836961658
2020-01-07 01:39:00,0.4154277923952918
2020-01-07 01:42:00,0.4730027327682933
2020-01-07 01:45:00,0.4379479994485109
2020-01-07 01:48:00,0.45363668962409065
2020-01-07 01:51:00,0.4865341119411255
2020-01-07 01:54:00,0.4541306372159397
2020-01-07 01:57:00,0.5571685833805304
2020-01-07 02:00:00,0.4028528086021197
2020-01-07 02:03:00,0.489781533137716
2020-01-07 02:06:00,0.511483183215546
2020-01-07 02:09:00,0.5190265777153513
2020-01-07 02:12:00,0.3616435763708523
2020-01-07 02:15:00,0.3963019357458961
2020-01-07 02:18:00,0.48081471838787593
2020-01-07 02:21:00,0.4054717169723858
2020-01-07 02:24:00,0.4236365856818338
2020-01-07 02:27:00,0.40987299559463963
2020-01-07 02:30:00,0.46653099760430905
2020-01-07 02:33:00,0.5240528098167374
2020-01-07 02:36:00,0.5296824374424318
2020-01-07 02:39:00,0.4070691539068889
2020-01-07 02:42:00,0.503262737792852
2020-01-07 02:45:00,0.3954411727071374
2020-01-07 02:48:00,0.4321008837271165
2020-01-07 02:51:00,0.49773982149974927
2020-01-07 02:54:00,0.48032700249655136
2020-01-07 02:57:00,0.5406948932679825
2020-01-07 03:00:00,0.44758093486160533
2020-01-07 03:03:00,0.4026658647640602
2020-01-07 03:06:00,0.44029558999710616
2020-01-07 03:09:00,0.49241417433643164
2020-01-07 03:12:00,0.5072735921984872
2020-01-07 03:15:00,0.48344188756720996
2020-01-07 03:18:00,0.4545157150564023
2020-01-07 03:21:00,0.5192265514104406
2020-01-07 03:24:00,0.4172868664137468
2020-01-07 03:27:00,0.5043898558502065
2020-01-07 03:30:00,0.4833948813600841
2020-01-07 03:33:00,0.573355379941404
2020-01-07 03:36:00,0.47472544670955585
2020-01-07 03:39:00,0.49834650756912424
2020-01-07 03:42:00,0.5648875147982153
2020-01-07 03:45:00,0.5576993483416004
2020-01-07 03:48:00,0.5557057177166485
2020-01-07 03:51:00,0.5526169442879336
2020-01-07 03:54:00,0.5696934609632649
2020-01-07 03:57:00,0.47249277770669096
2020-01-07 04:00:00,0.5235213082938799
2020-01-07 04:03:00,0.5586386684515787
2020-01-07 04:06:00,0.5275335323530044
2020-01-07 04:09:00,0.6019514493484053
2020-01-07 04:12:00,0.47146247829266485
2020-01-07 04:15:00,0.45870617075763676
2020-01-07 04:18:00,0.47190861660095607
2020-01-07 04:21:00,0.5555916260198046
2020-01-07 04:24:00,0.5121498877194881
2020-01-07 04:27:00,0.48606344996778716
2020-01-07 04:30:00,0.4365585132613319
2020-01-07 04:33:00,0.48405291926320615
2020-01-07 04:36:00,0.4899964308939957
2020-01-07 04:39:00,0.5000947442940742
2020-01-07 04:42:00,0.49600520503304324
2020-01-07 04:45:00,0.5337420598416429
2020-01-07 04:48:00,0.4919530444297493
2020-01-07 04:51:00,0.6155893843547346
2020-01-07 04:54:00,0.4980062966496348
2020-01-07 04:57:00,0.47021750431810005
2020-01-07 05:00:00,0.5240977769412325
2020-01-07 05:03:00,0.5684593630783183
2020-01-07 05:06:00,0.48192692686455985
2020-01-07 05:09:00,0.5295264136906894
2020-01-07 05:12:00,0.4620554857042407
2020-01-07 05:15:00,0.4961748202728131
2020-01-07 05:18:00,0.446011322751076
2020-01-07 05:21:00,0.5849437618470006
2020-01-07 05:24:00,0.5976928416678788
2020-01-07 05:27:00,0.5700329904577757
2020-01-07 05:30:00,0.43443555523805344
2020-01-07 05:33:00,0.5392518860135169
2020-01-07 05:36:00,0.5458217304071695
2020-01-07 05:39:00,0.6073092289089459
2020-01-07 05:42:00,0.5531282352679341
2020-01-07 05:45:00,0.5486976962721997
2020-01-07 05:48:00,0.5130440924550044
2020-01-07 05:51:00,0.5752808858741787
2020-01-07 05:54:00,0.5502848160024882
2020-01-07 05:57:00,0.5580622058774907
2020-01-07 06:00:00,0.5144402952857376
2020-01-07 06:03:00,0.5479487578862745
2020-01-07 06:06:00,0.4914412397789647
2020-01-07 06:09:00,0.6015169185115496
2020-01-07 06:12:00,0.7283265610906255
2020-01-07 06:15:00,0.47656249490603386
2020-01-07 06:18:00,0.581820761344261
2020-01-07 06:21:00,0.588438594307604
2020-01-07 06:24:00,0.5158693916948778
2020-01-07 06:27:00,0.5298300610078854
2020-01-07 06:30:00,0.4739844915652043
2020-01-07 06:33:00,0.6296840305299156
2020-01-07 06:36:00,0.48401012807062216
2020-01-07 06:39:00,0.5513214289701409
2020-01-07 06:42:00,0.5698207403115134
2020-01-07 06:45:00,0.6911049500078548
2020-01-07 06:48:00,0.4982216345499637
2020-01-07 06:51:00,0.6501983696305729
2020-01-07 06:54:00,0.554455316390488
2020-01-07 06:57:00,0.5535783572826745
2020-01-07 07:00:00,0.5514416190414408
2020-01-07 07:03:00,0.5376217661809619
2020-01-07 07:06:00,0.6044272368715724
2020-01-07 07:09:00,0.598283971206456
2020-01-07 07:12:00,0.5985495232265521
2020-01-07 07:15:00,0.5676485791652226
2020-01-07 07:18:00,0.6015003104629386
2020-01-07 07:21:00,0.566515021023406
2020-01-07 07:24:00,0.6228583771071499
2020-01-07 07:27:00,0.5055126345403664
2020-01-07 07:30:00,0.6232709940123868
2020-01-07 07:33:00,0.6533169550225466
2020-01-07 07:36:00,0.49465007656834814
2020-01-07 07:39:00,0.5778130712739653
2020-01-07 07:42:00,0.6080534643572832
2020-01-07 07:45:00,0.6170433060337359
2020-01-07 07:48:00,0.5391510099311176
2020-01-07 07:51:00,0.5034697393289775
2020-01-07 07:54:00,0.5741053201442128
2020-01-07 07:57:00,0.46811535963081496
2020-01-07 08:00:00,0.4849780523969116
2020-01-07 08:03:00,0.4317812683422062
2020-01-07 08:06:00,0.53498135566565
2020-01-07 08:09:00,0.5428801528245231
2020-01-07 08:12:00,0.4612319778367464
2020-01-07 08:15:00,0.49170709007773894
2020-01-07 08:18:00,0.5338241795139993
2020-01-07 08:21:00,0.4652385084921775
2020-01-07 08:24:00,0.4818391500383541
2020-01-07 08:27:00,0.4860940553231785
2020-01-07 08:30:00,0.42919754807354593
2020-01-07 08:33:00,0.38734520218235957
2020-01-07 08:36:00,0.34808014562759126
2020-01-07 08:39:00,0.35315499234945946
2020-01-07 08:42:00,0.37483796406206693
2020-01-07 08:45:00,0.49568259043201124
2020-01-07 08:48:00,0.32377320098675
2020-01-07 08:51:00,0.352177117920462
2020-01-07 08:54:00,0.49060660068209927
2020-01-07 08:57:00,0.3797876722460387
2020-01-07 09:00:00,0.388172066688071
2020-01-07 09:03:00,0.3586600331666432
2020-01-07 09:06:00,0.4102467418188098
2020-01-07 09:09:00,0.3166786361814502
2020-01-07 09:12:00,0.08710022564667952
2020-01-07 09:15:00,0.25631080739333356
2020-01-07 09:18:00,0.2635616581849831
2020-01-07 09:21:00,0.23222278017186682
2020-01-07 09:24:00,0.30073248688177046
2020-01-07 09:27:00,0.22753061005181507
2020-01-07 09:30:00,0.2409127185551938
2020-01-07 09:33:00,0.23370045898082026
2020-01-07 09:36:00,0.17626677144511405
2020-01-07 09:39:00,0.1800297631095873
2020-01-07 09:42:00,0.10011263844324958
2020-01-07 09:45:00,0.17544478605503855
2020-01-07 09:48:00,0.171859667520323
2020-01-07 09:51:00,0.0969308564266953
2020-01-07 09:54:00,0.1199212890970216
2020-01-07 09:57:00,0.1469638334655201
2020-01-07 10:00:00,0.2819371235676158
2020-01-07 10:03:00,0.10027846829530063
2020-01-07 10:06:00,0.07357668241178317
2020-01-07 10:09:00,0.14829504274780447
2020-01-07 10:12:00,0.18578357583783145
2020-01-07 10:15:00,0.13905488995823134
2020-01-07 10:18:00,0.035794594051481
2020-01-07 10:21:00,0.06536549576361494
2020-01-07 10:24:00,0.13393032713736375
2020-01-07 10:27:00,0.23134964139950398
2020-01-07 10:30:00,0.03283265445560346
2020-01-07 10:33:00,0.029600474083679273
2020-01-07 10:36:00,0.14606204004940082
2020-01-07 10:39:00,0.13632696837834146
2020-01-07 10:42:00,0.10613827598507442
2020-01-07 10:45:00,0.046140370575642464
2020-01-07 10:48:00,0.07954809595321422
2020-01-07 10:51:00,0.16925283618593312
2020-01-07 10:54:00,0.1605816578902477
2020-01-07 10:57:00,0.08858814580628405
2020-01-07 11:00:00,0.05118583288225409
2020-01-07 11:03:00,0.13376614281150978
2020-01-07 11:06:00,0.08569671489738084
2020-01-07 11:09:00,0.08855757632045425
2020-01-07 11:12:00,0.10687142705677388
2020-01-07 11:15:00,0.06128879144887378
2020-01-07 11:18:00,0.08384878605937729
2020-01-07 11:21:00,0.14154585188248348
2020-01-07 11:24:00,0.21241214565765176
2020-01-07 11:27:00,0.17708316554779913
2020-01-07 11:30:00,0.2428204289989253
2020-01-07 11:33:00,0.26785878236813687
2020-01-07 11:36:00,0.054133020545634736
2020-01-07 11:39:00,0.057838573963920226
2020-01-07 11:42:00,0.10734522493993381
2020-01-07 11:45:00,0.0019251418794397068
2020-01-07 11:48:00,0.08441545833790087
2020-01-07 11:51:00,-0.036120779775387746
2020-01-07 11:54:00,0.06842575805467277
2020-01-07 11:57:00,0.017642443233398808
2020-01-07 12:00:00,0.04564999750118659
2020-01-07 12:03:00,0.0023762831390854444
2020-01-07 12:06:00,0.00223666818322954
2020-01-07 12:09:00,0.10076263467720992
2020-01-07 12:12:00,0.05922255218780492
2020-01-07 12:15:00,0.030414780861462987
2020-01-07 12:18:00,0.03033290616326667
2020-01-07 12:21:00,0.003987719322367411
2020-01-07 12:24:00,0.10221575484894174
2020-01-07 12:27:00,-0.06832347340383649
2020-01-07 12:30:00,0.01999127771819076
2020-01-07 12:33:00,0.031599902091613785
2020-01-07 12:36:00,-0.028781936515997586
2020-01-07 12:39:00,-0.09044920750648089
2020-01-07 12:42:00,-0.1033345836313515
2020-01-07 12:45:00,-0.05322740764461287
2020-01-07 12:48:00,0.017916226799798096
2020-01-07 12:51:00,-0.021712293572875296
2020-01-07 12:54:00,-0.11011377806829614
2020-01-07 12:57:00,-0.022880239642745437
2020-01-07 13:00:00,-0.05310643620578048
2020-01-07 13:03:00,-0.04371390024232369
2020-01-07 13:06:00,0.0327117825396499
2020-01-07 13:09:00,-0.02542543597240865
2020-01-07 13:12:00,-0.04572490150877684
2020-01-07 13:15:00,0.019598887251561337
2020-01-07 13:18:00,-0.055868719169382075
2020-01-07 13:21:00,-0.04308876587657551
2020-01-07 13:24:00,0.01734304301805878
2020-01-07 13:27:00,-0.06346338513702676
2020-01-07 13:30:00,-0.028236651285794778
2020-01-07 13:33:00,-0.008996120287747544
2020-01-07 13:36:00,-0.07964138451870895
2020-01-07 13:39:00,-0.076616712309999
2020-01-07 13:42:00,0.028996286163362583
2020-01-07 13:45:00,-0.09015456948674228
2020-01-07 13:48:00,-0.042928640565094156
2020-01-07 13:51:00,-0.0520951586144065
2020-01-07 13:54:00,-0.17893173052652855
2020-01-07 13:57:00,-0.15933467446848226
2020-01-07 14:00:00,-0.053109697204263284
2020-01-07 14:03:00,-0.19219880674921797
2020-01-07 14:06:00,-0.03247809652094702
2020-01-07 14:09:00,0.005108672504491096
2020-01-07 14:12:00,-0.10848562237333681
2020-01-07 14:15:00,0.004505683186494025
2020-01-07 14:18:00,-0.0821666893717179
2020-01-07 14:21:00,-0.1049879707388186
2020-01-07 14:24:00,-0.12842112208915069
2020-01-07 14:27:00,-0.062859723361953
2020-01-07 14:30:00,-0.028259032470259626
2020-01-07 14:33:00,0.008537092182450579
2020-01-07 14:36:00,-0.04605853446753372
2020-01-07 14:39:00,-0.1331633066450877
2020-01-07 14:42:00,-0.1409623258865622
2020-01-07 14:45:00,-0.04368983383096747
2020-01-07 14:48:00,-0.15723146293021273
2020-01-07 14:51:00,-0.015572116309272133
2020-01-07 14:54:00,-0.06634856587885452
2020-01-07 14:57:00,0.061289429069688595
2020-01-07 15:00:00,-0.06504791845554792
2020-01-07 15:03:00,-0.09610184717587344
2020-01-07 15:06:00,-0.02504366205948827
2020-01-07 15:09:00,-0.04963812767005038
2020-01-07 15:12:00,-0.023134033222504513
2020-01-07 15:15:00,-0.06091131545332473
2020-01-07 15:18:00,-0.11464321332380223
2020-01-07 15:21:00,-0.03276786136609644
2020-01-07 15:24:00,-0.03905774429529174
2020-01-07 15:27:00,-0.08923917434196937
2020-01-07 15:30:00,-0.09246370712082808
2020-01-07 15:33:00,0.12057888542443607
2020-01-07 15:36:00,-0.010794792632736971
2020-01-07 15:39:00,-0.07613530223494536
2020-01-07 15:42:00,-0.08868686184268881
2020-01-07 15:45:00,-0.09877810351855487
2020-01-07 15:48:00,-0.022650343823727326
2020-01-07 15:51:00,-0.09942199277389818
2020-01-07 15:54:00,-0.13111098741461547
2020-01-07 15:57:00,-0.08596385185177269
2020-01-07 16:00:00,-0.054602479900211165
2020-01-07 16:03:00,-0.06974151283861829
2020-01-07 16:06:00,-0.03777761303126681
2020-01-07 16:09:00,-0.0714597094340661
2020-01-07 16:12:00,-0.1325696337560771
2020-01-07 16:15:00,0.040434820847110586
2020-01-07 16:18:00,0.03530247247903162
2020-01-07 16:21:00,-0.09382812003531171
2020-01-07 16:24:00,-0.11201041116697752
2020-01-07 16:27:00,-0.14901304992423547
2020-01-07 16:30:00,0.17862046398778375
2020-01-07 16:33:00,-0.08079476196274982
2020-01-07 16:36:00,-0.05023498786727032
2020-01-07 16:39:00,-0.011154677276181246
2020-01-07 16:42:00,-0.12129883395385832
2020-01-07 16:45:00,-0.08423287969253579
2020-01-07 16:48:00,-0.0655605239334136
2020-01-07 16:51:00,0.031412011087013525
2020-01-07 16:54:00,-0.06965106927736997
2020-01-07 16:57:00,-0.06347276409525193
2020-01-07 17:00:00,-0.07787355103403115
2020-01-07 17:03:00,-0.030951053629166836
2020-01-07 17:06:00,0.003324397218420927
2020-01-07 17:09:00,-0.06523989815423192
2020-01-07 17:12:00,0.027185085788119068
2020-01-07 17:15:00,0.07113325482288246
2020-01-07 17:18:00,-0.002106512859427312
2020-01-07 17:21:00,-0.09889683933397464
2020-01-07 17:24:00,-0.04482010584217733
2020-01-07 17:27:00,0.048193722475105005
2020-01-07 17:30:00,0.09497355795264184
2020-01-07 17:33:00,-0.026784426944516326
2020-01-07 17:36:00,0.058728336257786395
2020-01-07 17:39:00,0.0940440385516581
2020-01-07 17:42:00,-0.04631320984196918
2020-01-07 17:45:00,0.16584336501637154
2020-01-07 17:48:00,0.16777453467943815
2020-01-07 17:51:00,0.13139265421295931
2020-01-07 17:54:00,0.08722408272637949
2020-01-07 17:57:00,0.03752111333983521
2020-01-07 18:00:00,0.10282014594815791
2020-01-07 18:03:00,0.05252337660158446
2020-01-07 18:06:00,0.1305886015508122
2020-01-07 18:09:00,0.14513639852424376
2020-01-07 18:12:00,0.10316982851645662
2020-01-07 18:15:00,0.08339632290045529
2020-01-07 18:18:00,0.10456216708536203
2020-01-07 18:21:00,0.06277813598831017
2020-01-07 18:24:00,0.1886592493225976
2020-01-07 18:27:00,0.1467602932186196
2020-01-07 18:30:00,0.15901874885111056
2020-01-07 18:33:00,0.13405374473489928
2020-01-07 18:36:00,0.10273762519949514
2020-01-07 18:39:00,0.019029712426913648
2020-01-07 18:42:00,0.0861176224771043
2020-01-07 18:45:00,0.023213491022943344
2020-01-07 18:48:00,0.12626780484146138
2020-01-07 18:51:00,0.10835710686819766
2020-01-07 18:54:00,
2020-01-07 18:57:00,
2020-01-07 19:00:00,
2020-01-07 19:03:00,0.22099750643894822
2020-01-07 19:06:00,0.0916590373933559
2020-01-07 19:09:00,0.1289979638454497
2020-01-07 19:12:00,0.10674083575179338
2020-01-07 19:15:00,0.11546202473550693
2020-01-07 19:18:00,0.14623742107619364
2020-01-07 19:21:00,0.1501827410447163
2020-01-07 19:24:00,0.19087090000243734
2020-01-07 19:27:00,0.24371997859657313
2020-01-07 19:30:00,0.22246157955476065
2020-01-07 19:33:00,0.16134002453020457
2020-01-07 19:36:00,0.05537484071021481
2020-01-07 19:39:00,0.17817152066862718
2020-01-07 19:42:00,0.1532275509620149
2020-01-07 19:45:00,0.14076442670659617
2020-01-07 19:48:00,0.22018856450557678
2020-01-07 19:51:00,0.22201400387120884
2020-01-07 19:54:00,0.18094691696370546
2020-01-07 19:57:00,0.1582285569990063
2020-01-07 20:00:00,0.21293129717071224
2020-01-07 20:03:00,0.23233916219709272
2020-01-07 20:06:00,0.2619620528378164
2020-01-07 20:09:00,0.1697398526782763
2020-01-07 20:12:00,0.24450831555463992
2020-01-07 20:15:00,0.16533745254622545
2020-01-07 20:18:00,0.24965159052175068
2020-01-07 20:21:00,0.311694408026824
2020-01-07 20:24:00,0.1522696728864048
2020-01-07 20:27:00,0.20880264003176308
2020-01-07 20:30:00,0.28697963410775174
2020-01-07 20:33:00,0.3141689335010369
2020-01-07 20:36:00,0.25766340194758186
2020-01-07 20:39:00,0.3009181269098349
2020-01-07 20:42:00,0.4166445876263083
2020-01-07 20:45:00,0.3282200018595631
2020-01-07 20:48:00,0.3283363591345392
2020-01-07 20:51:00,0.2976926518529126
2020-01-07 20:54:00,0.237339035483501
2020-01-07 20:57:00,0.2803258937744886
2020-01-07 21:00:00,0.22140180923986463
2020-01-07 21:03:00,0.24768573366577584
2020-01-07 21:06:00,0.2761408223179842
2020-01-07 21:09:00,0.26207699307906296
2020-01-07 21:12:00,0.3270639138591491
2020-01-07 21:15:00,0.35434423730458775
2020-01-07 21:18:00,0.312258671701386
2020-01-07 21:21:00,0.3130658567604314
2020-01-07 21:24:00,0.31911956587060786
2020-01-07 21:27:00,0.3400864914645467
2020-01-07 21:30:00,0.32726141049073476
2020-01-07 21:33:00,0.3234802401546517
2020-01-07 21:36:00,0.3806756488437486
2020-01-07 21:39:00,0.33227563172289365
2020-01-07 21:42:00,0.36423030095699005
2020-01-07 21:45:00,0.39880016377156835
2020-01-07 21:48:00,0.2747115769597599
2020-01-07 21:51:00,0.49706509219527106
2020-01-07 21:54:00,0.35541555204952147
2020-01-07 21:57:00,0.24499380948662974
2020-01-07 22:00:00,0.3128462659564093
2020-01-07 22:03:00,0.27402050781330445
2020-01-07 22:06:00,0.3281298521673648
2020-01-07 22:09:00,0.4083728038864365
2020-01-07 22:12:00,0.3068443686528326
2020-01-07 22:15:00,0.4005374910690307
2020-01-07 22:18:00,0.37327111846900607
2020-01-07 22:21:00,0.3626268736886118
2020-01-07 22:24:00,0.43655036365788646
2020-01-07 22:27:00,0.4496126094768442
2020-01-07 22:30:00,0.35816531871302004
2020-01-07 22:33:00,0.39245558905258804
2020-01-07 22:36:00,0.4178213594473732
2020-01-07 22:39:00,0.36831034392128004
2020-01-07 22:42:00,0.42806772815225713
2020-01-07 22:45:00,0.4600042680532397
2020-01-07 22:48:00,0.43449679025354726
2020-01-07 22:51:00,0.4349745874714017
2020-01-07 22:54:00,0.38514749069020127
2020-01-07 22:57:00,0.3315419812199707
2020-01-07 23:00:00,0.3206516605234242
2020-01-07 23:03:00,0.34049061167536365
2020-01-07 23:06:00,0.38866182817605477
2020-01-07 23:09:00,0.3567034002016385
2020-01-07 23:12:00,0.376917968039038
2020-01-07 23:15:00,0.43906409492478815
2020-01-07 23:18:00,0.3923491069753027
2020-01-07 23:21:00,0.3245338434898599
2020-01-07 23:24:00,0.41346519607270693
2020-01-07 23:27:00,0.41152021775809544
2020-01-07 23:30:00,0.4060242938623446
2020-01-07 23:33:00,0.5017958899838391
2020-01-07 23:36:00,0.3604222923173097
2020-01-07 23:39:00,0.4454664316866115
2020-01-07 23:42:00,0.4958986630516051
2020-01-07 23:45:00,0.38862574184935283
2020-01-07 23:48:00,0.3727198723989886
2020-01-07 23:51:00,0.5036519739551863
2020-01-07 23:54:00,0.37095209876969193
2020-01-07 23:57:00,0.4035593266750652
2020-01-08 00:00:00,0.4301135358363126
2020-01-08 00:03:00,0.4362883822527692
2020-01-08 00:06:00,0.46558475358449414
2020-01-08 00:09:00,0.3781171117864801
2020-01-08 00:12:00,0.40703284390025374
2020-01-08 00:15:00,0.49154945353899393
2020-01-08 00:18:00,0.48804907055199465
2020-01-08 00:21:00,0.43087198603888055
2020-01-08 00:24:00,0.48055740607480857
2020-01-08 00:27:00,0.5007508206049351
2020-01-08 00:30:00,0.47114640537415653
2020-01-08 00:33:00,0.5334903023112361
2020-01-08 00:36:00,0.4291909419862918
2020-01-08 00:39:00,0.591024961528035
2020-01-08 00:42:00,0.48374338837317055
2020-01-08 00:45:00,0.5391741906350376
2020-01-08 00:48:00,0.5105997724515987
2020-01-08 00:51:00,0.5551857637235571
2020-01-08 00:54:00,0.575348042841199
2020-01-08 00:57:00,0.531131561235668
2020-01-08 01:00:00,0.4258001114466765
2020-01-08 01:03:00,0.44984261271537207
2020-01-08 01:06:00,0.5621909747081872
2020-01-08 01:09:00,0.39720982314202047
2020-01-08 01:12:00,0.45328831933352376
2020-01-08 01:15:00,0.5796722703984756
2020-01-08 01:18:00,0.4518479191679603
2020-01-08 01:21:00,0.5038372630683057
2020-01-08 01:24:00,0.5389401771217308
2020-01-08 01:27:00,0.45216865413726737
2020-01-08 01:30:00,0.48576935096480156
2020-01-08 01:33:00,0.5436770336099812
2020-01-08 01:36:00,0.48667412412930844
2020-01-08 01:39:00,0.3668871964299001
2020-01-08 01:42:00,0.46093636118507675
2020-01-08 01:45:00,0.5368806673155291
2020-01-08 01:48:00,0.36278584660425395
2020-01-08 01:51:00,0.45987879429480927
2020-01-08 01:54:00,0.4735044916494644
2020-01-08 01:57:00,0.43626154587104793
2020-01-08 02:00:00,0.5160815183589307
2020-01-08 02:03:00,0.6222237910773742
2020-01-08 02:06:00,0.5396313365707783
2020-01-08 02:09:00,0.504661510837991
2020-01-08 02:12:00,0.5267335783977956
2020-01-08 02:15:00,0.4387409934128641
2020-01-08 02:18:00,0.5264100502354268
2020-01-08 02:21:00,0.4721609326900307
2020-01-08 02:24:00,0.4895454010970184
2020-01-08 02:27:00,0.6362277805741883
2020-01-08 02:30:00,0.5200946560333932
2020-01-08 02:33:00,0.4674849084346988
2020-01-08 02:36:00,0.5028702192763035
2020-01-08 02:39:00,0.5221548876061206
2020-01-08 02:42:00,0.4979884736096096
2020-01-08 02:45:00,0.7205394215972092
2020-01-08 02:48:00,0.6454144004964633
2020-01-08 02:51:00,0.5455013129258077
2020-01-08 02:54:00,0.4770574436213906
2020-01-08 02:57:00,0.38023848184082
2020-01-08 03:00:00,0.4583571285130006
2020-01-08 03:03:00,0.5667447068149727
2020-01-08 03:06:00,0.44388584412126875
2020-01-08 03:09:00,0.5611071582012528
2020-01-08 03:12:00,0.5240359565025869
2020-01-08 03:15:00,0.5149333013056889
2020-01-08 03:18:00,0.4434867586674045
2020-01-08 03:21:00,0.5735575291074042
2020-01-08 03:24:00,0.5105972450754166
2020-01-08 03:27:00,0.5045067128125424
2020-01-08 03:30:00,0.4910088064032152
2020-01-08 03:33:00,0.5630987047685494
2020-01-08 03:36:00,0.5562150412098958
2020-01-08 03:39:00,0.5511996717718262
2020-01-08 03:42:00,0.5935183729459368
2020-01-08 03:45:00,0.5325224389531513
2020-01-08 03:48:00,0.5703059476576868
2020-01-08 03:51:00,0.663508736639244
2020-01-08 03:54:00,0.5516854112210012
2020-01-08 03:57:00,0.4991997145393725
2020-01-08 04:00:00,0.5960467408659724
2020-01-08 04:03:00,0.6063027262570699
2020-01-08 04:06:00,0.5177639789824866
2020-01-08 04:09:00,0.5300698287849173
2020-01-08 04:12:00,0.6283067630765231
2020-01-08 04:15:00,0.5642186259237292
2020-01-08 04:18:00,0.7092944136099391
2020-01-08 04:21:00,0.6392157268212486
2020-01-08 04:24:00,0.6581276695441147
2020-01-08 04:27:00,0.5542786545700551
2020-01-08 04:30:00,0.63743993467466
2020-01-08 04:33:00,0.6173861000157785
2020-01-08 04:36:00,0.7312354091752695
2020-01-08 04:39:00,0.7034017452286889
2020-01-08 04:42:00,0.6425705042803997
2020-01-08 04:45:00,0.6458848017629748
2020-01-08 04:48:00,0.6300292757396733
2020-01-08 04:51:00,0.6863762176488422
2020-01-08 04:54:00,0.6631532987876199
2020-01-08 04:57:00,0.6963016987950255
2020-01-08 05:00:00,0.5597411416120508
2020-01-08 05:03:00,0.7403739502131543
2020-01-08 05:06:00,0.7981099468780712
2020-01-08 05:09:00,0.6515074729750268
2020-01-08 05:12:00,0.648067741031241
2020-01-08 05:15:00,0.5612121856685803
2020-01-08 05:18:00,0.6644878166740114
2020-01-08 05:21:00,0.6182383914292586
2020-01-08 05:24:00,0.5074610037650586
2020-01-08 05:27:00,0.5736043523779131
2020-01-08 05:30:00,0.5657793426368585
2020-01-08 05:33:00,0.4820167796098076
2020-01-08 05:36:00,0.4471873387877281
2020-01-08 05:39:00,0.5203398146896916
2020-01-08 05:42:00,0.4593468010002084
2020-01-08 05:45:00,0.519473942874356
2020-01-08 05:48:00,0.5341061699660941
2020-01-08 05:51:00,0.4696209341653912
2020-01-08 05:54:00,0.5636127042315024
2020-01-08 05:57:00,0.47314157933237766
2020-01-08 06:00:00,0.5845225760910466
2020-01-08 06:03:00,0.553665573248054
2020-01-08 06:06:00,0.45029395367993175
2020-01-08 06:09:00,0.34682393063917516
2020-01-08 06:12:00,0.5107958905604164
2020-01-08 06:15:00,0.5485741543209315
2020-01-08 06:18:00,0.5776899472155606
2020-01-08 06:21:00,0.46377262843003564
2020-01-08 06:24:00,0.4572387391604025
2020-01-08 06:27:00,0.5434495328007074
2020-01-08 06:30:00,0.5343843976880862
2020-01-08 06:33:00,0.5490581973568851
2020-01-08 06:36:00,0.5341677001449625
2020-01-08 06:39:00,0.5470683175693694
2020-01-08 06:42:00,0.4824827066753983
2020-01-08 06:45:00,0.5811361328383668
2020-01-08 06:48:00,0.5989000527868029
2020-01-08 06:51:00,0.5636768436338571
2020-01-08 06:54:00,0.5667923068136247
2020-01-08 06:57:00,0.6761501233993954
2020-01-08 07:00:00,0.5173168308352842
2020-01-08 07:03:00,0.6311455680757376
2020-01-08 07:06:00,0.5978347074619137
2020-01-08 07:09:00,0.5277367993415965
2020-01-08 07:12:00,0.6325089347105859
2020-01-08 07:15:00,0.5540924607158217
2020-01-08 07:18:00,0.6204294594498947
2020-01-08 07:21:00,0.5705690344236132
2020-01-08 07:24:00,0.6470922674649842
2020-01-08 07:27:00,0.48910561084232995
2020-01-08 07:30:00,0.6176124393848568
2020-01-08 07:33:00,0.6131207976690689
2020-01-08 07:36:00,0.5904538504767061
2020-01-08 07:39:00,0.6276860632673333
2020-01-08 07:42:00,0.5539053340707483
2020-01-08 07:45:00,0.5835036836314202
2020-01-08 07:48:00,0.5957942987461138
2020-01-08 07:51:00,0.6256726277155167
2020-01-08 07:54:00,0.46361961259270856
2020-01-08 07:57:00,0.6162290613454502
2020-01-08 08:00:00,0.4601585321441348
2020-01-08 08:03:00,0.5558976072451287
2020-01-08 08:06:00,0.5484852095964357
2020-01-08 08:09:00,0.5136570523356454
2020-01-08 08:12:00,0.5872085801751155
2020-01-08 08:15:00,0.5936866951613524
2020-01-08 08:18:00,0.5661053574486345
2020-01-08 08:21:00,0.5822655824665048
2020-01-08 08:24:00,0.5473802788998796
2020-01-08 08:27:00,0.5918217174456117
2020-01-08 08:30:00,0.49192666557212306
2020-01-08 08:33:00,0.5467089179800837
2020-01-08 08:36:00,0.5410313007491823
2020-01-08 08:39:00,0.4891633369142028
2020-01-08 08:42:00,0.5479574680813357
2020-01-08 08:45:00,0.5712397172295596
2020-01-08 08:48:00,0.42103664147361997
2020-01-08 08:51:00,0.443221737452518
2020-01-08 08:54:00,0.4964828245148283
2020-01-08 08:57:00,0.4230576562880515
2020-01-08 09:00:00,0.4168429016151549
2020-01-08 09:03:00,0.42648971472954145
2020-01-08 09:06:00,0.3931101444692331
2020-01-08 09:09:00,0.3663668295390039
2020-01-08 09:12:00,0.309012092333262
2020-01-08 09:15:00,0.3705388937834755
2020-01-08 09:18:00,0.30591289281892386
2020-01-08 09:21:00,0.40297161914935486
2020-01-08 09:24:00,0.3822768815423956
2020-01-08 09:27:00,0.2703951511331866
2020-01-08 09:30:00,0.23365840378659186
2020-01-08 09:33:00,0.35931692502589385
2020-01-08 09:36:00,0.28485742859766106
2020-01-08 09:39:00,0.25383087737839105
2020-01-08 09:42:00,0.30203410602314307
2020-01-08 09:45:00,0.3396330869588837
2020-01-08 09:48:00,0.28169069006827385
2020-01-08 09:51:00,0.09633515864993569
2020-01-08 09:54:00,0.24049633880741794
2020-01-08 09:57:00,0.2771165064506249
2020-01-08 10:00:00,0.18160715939785632
2020-01-08 10:03:00,0.18928703333824615
2020-01-08 10:06:00,0.14057421745388865
2020-01-08 10:09:00,0.20233795798344545
2020-01-08 10:12:00,0.251678006295208
2020-01-08 10:15:00,0.28281037842788237
2020-01-08 10:18:00,0.25751633528642515
2020-01-08 10:21:00,0.214372130696745
2020-01-08 10:24:00,0.2942508111897837
2020-01-08 10:27:00,0.32409091196916506
2020-01-08 10:30:00,0.23266679652812172
2020-01-08 10:33:00,0.33809033285132273
2020-01-08 10:36:00,0.21668965960543574
2020-01-08 10:39:00,0.27940597520904475
2020-01-08 10:42:00,0.13295267165443647
2020-01-08 10:45:00,0.29931148205838554
2020-01-08 10:48:00,0.2162388197408518
2020-01-08 10:51:00,0.31010276861337616
2020-01-08 10:54:00,0.2820230950263749
2020-01-08 10:57:00,0.25423734707101175
2020-01-08 11:00:00,0.22128914222537333
2020-01-08 11:03:00,0.20877183249444897
2020-01-08 11:06:00,0.1330005654733668
2020-01-08 11:09:00,0.1976371670287449
2020-01-08 11:12:00,-0.48533653749296946
2020-01-08 11:15:00,0.22588155455986225
2020-01-08 11:18:00,0.18417115767948644
2020-01-08 11:21:00,0.10152191371236086
2020-01-08 11:24:00,0.12720552819183695
2020-01-08 11:27:00,0.13079365347442717
2020-01-08 11:30:00,0.1900475016573182
2020-01-08 11:33:00,0.22002534793762152
2020-01-08 11:36:00,0.06213202032455456
2020-01-08 11:39:00,0.26511903215151733
2020-01-08 11:42:00,0.13642599321718762
2020-01-08 11:45:00,0.08234747526012143
2020-01-08 11:48:00,0.10501214868617126
2020-01-08 11:51:00,0.04224892727677343
2020-01-08 11:54:00,0.07864976969250392
2020-01-08 11:57:00,0.10779429149295083
2020-01-08 12:00:00,0.02891281764868836
2020-01-08 12:03:00,0.07226172575127521
2020-01-08 12:06:00,0.10840486527831672
2020-01-08 12:09:00,-0.016256370286328092
2020-01-08 12:12:00,-0.04945456832416539
2020-01-08 12:15:00,0.12815010863982934
2020-01-08 12:18:00,0.056589928993844296
2020-01-08 12:21:00,-0.02403249906808469
2020-01-08 12:24:00,-0.04509120160292923
2020-01-08 12:27:00,0.05947135215359367
2020-01-08 12:30:00,-0.12705995302684414
2020-01-08 12:33:00,-0.008711804057213612
2020-01-08 12:36:00,-0.008361878010646251
2020-01-08 12:39:00,-0.09138828910226948
2020-01-08 12:42:00,0.13088641360315023
2020-01-08 12:45:00,-0.06849027255577766
2020-01-08 12:48:00,-0.10164726801519919
2020-01-08 12:51:00,0.05566712434369947
2020-01-08 12:54:00,0.08568100883735497
2020-01-08 12:57:00,-0.014316744604286669
2020-01-08 13:00:00,-0.12118445673621636
2020-01-08 13:03:00,0.0695951746408241
2020-01-08 13:06:00,-0.008418555261982874
2020-01-08 13:09:00,-0.054784534530597284
2020-01-08 13:12:00,-0.10792059849023872
2020-01-08 13:15:00,-0.10387803778041871
2020-01-08 13:18:00,-0.0425680228158285
2020-01-08 13:21:00,-0.21150003940948636
2020-01-08 13:24:00,0.05866507393022857
2020-01-08 13:27:00,-0.1852840793718542
2020-01-08 13:30:00,-0.11791995356895768
2020-01-08 13:33:00,-0.13050168727585287
2020-01-08 13:36:00,-0.07721527282723173
2020-01-08 13:39:00,-0.21768762131154062
2020-01-08 13:42:00,-0.18699778585795457
2020-01-08 13:45:00,0.06256662155755066
2020-01-08 13:48:00,0.20012141131360295
2020-01-08 13:51:00,-0.2309905867962243
2020-01-08 13:54:00,-0.07107568132522601
2020-01-08 13:57:00,-0.01470582228978401
2020-01-08 14:00:00,-0.0032939363154014245
2020-01-08 14:03:00,-0.16218180449226338
2020-01-08 14:06:00,0.00399515734943634
2020-01-08 14:09:00,-0.11783219159678993
2020-01-08 14:12:00,-0.13821457576716512
2020-01-08 14:15:00,-0.05777641528163713
2020-01-08 14:18:00,-0.203594957660016
2020-01-08 14:21:00,-0.2047772480385106
2020-01-08 14:24:00,-0.1634563006272174
2020-01-08 14:27:00,-0.04613587743011749
2020-01-08 14:30:00,-0.07926107403335436
2020-01-08 14:33:00,-0.2420670637440594
2020-01-08 14:36:00,-0.07305893313946399
2020-01-08 14:39:00,-0.250622656694361
2020-01-08 14:42:00,-0.28095957993144793
2020-01-08 14:45:00,-0.3443054924022704
2020-01-08 14:48:00,-0.15048410450600613
2020-01-08 14:51:00,-0.15638487644002907
2020-01-08 14:54:00,-0.22014457458521974
2020-01-08 14:57:00,-0.17372134512254434
2020-01-08 15:00:00,-0.12745510506709934
2020-01-08 15:03:00,-0.2035309637979026
2020-01-08 15:06:00,-0.15299709907873194
2020-01-08 15:09:00,-0.18308182016488672
2020-01-08 15:12:00,-0.0577999895422181
2020-01-08 15:15:00,-0.11036749595768924
2020-01-08 15:18:00,-0.1665018960570137
2020-01-08 15:21:00,-0.16702234264499793
2020-01-08 15:24:00,-0.22562568612670475
2020-01-08 15:27:00,-0.19474912245163978
2020-01-08 15:30:00,-0.17825322248626208
2020-01-08 15:33:00,-0.1355315635917691
2020-01-08 15:36:00,-0.250703049612639
2020-01-08 15:39:00,-0.1846124429619067
2020-01-08 15:42:00,-0.11479754928410557
2020-01-08 15:45:00,-0.2442741352871849
2020-01-08 15:48:00,-0.07923581443435523
2020-01-08 15:51:00,-0.11189294643884296
2020-01-08 15:54:00,-0.1707084440846529
2020-01-08 15:57:00,-0.25383608707238636
2020-01-08 16:00:00,-0.19182080920415956
2020-01-08 16:03:00,-0.2067082175153132
2020-01-08 16:06:00,-0.1006607842451217
2020-01-08 16:09:00,-0.19453135010985534
2020-01-08 16:12:00,-0.14495310385080984
2020-01-08 16:15:00,-0.17386723415762617
2020-01-08 16:18:00,-0.16492460495391015
2020-01-08 16:21:00,-0.1611854422601482
2020-01-08 16:24:00,-0.1543236104191692
2020-01-08 16:27:00,-0.14327800747707897
2020-01-08 16:30:00,-0.16824450511268196
2020-01-08 16:33:00,-0.21711069254746462
2020-01-08 16:36:00,-0.1373009052919656
2020-01-08 16:39:00,-0.11457150894773349
2020-01-08 16:42:00,-0.11705100929447099
2020-01-08 16:45:00,-0.18297340676792828
2020-01-08 16:48:00,-0.2082519636447273
2020-01-08 16:51:00,-0.10494368987832559
2020-01-08 16:54:00,-0.2714818398521288
2020-01-08 16:57:00,-0.18729502837464906
2020-01-08 17:00:00,-0.2346251598517597
2020-01-08 17:03:00,-0.17324182488903261
2020-01-08 17:06:00,-0.1473432108388124
2020-01-08 17:09:00,-0.19844591489282948
2020-01-08 17:12:00,-0.07359326865037019
2020-01-08 17:15:00,-0.09572513767318469
2020-01-08 17:18:00,-0.08805356322102398
2020-01-08 17:21:00,-0.09941041879346812
2020-01-08 17:24:00,-0.12482213229992567
2020-01-08 17:27:00,-0.01721404243943425
2020-01-08 17:30:00,-0.13565742461747732
2020-01-08 17:33:00,-0.2422978180827613
2020-01-08 17:36:00,-0.05709932456397837
2020-01-08 17:39:00,-0.09170937688355707
2020-01-08 17:42:00,-0.07587928600321447
2020-01-08 17:45:00,-0.11373649489036097
2020-01-08 17:48:00,-0.022125151204647864
2020-01-08 17:51:00,-0.08855776250561576
2020-01-08 17:54:00,-0.14069732910269295
2020-01-08 17:57:00,-0.07640405657832616
2020-01-08 18:00:00,-0.050801994229800584
2020-01-08 18:03:00,-0.10756569701635499
2020-01-08 18:06:00,-0.07238591143493522
2020-01-08 18:09:00,-0.15311733627720514
2020-01-08 18:12:00,-0.044800963266823146
2020-01-08 18:15:00,-0.08619197468243556
2020-01-08 18:18:00,-0.0650127469493782
2020-01-08 18:21:00,-0.09314231994034117
2020-01-08 18:24:00,-0.04791980996725442
2020-01-08 18:27:00,-0.03127177702856443
2020-01-08 18:30:00,-0.03683243865947361
2020-01-08 18:33:00,-0.036009735186610214
2020-01-08 18:36:00,-0.015719684437669912
2020-01-08 18:39:00,-0.07645754343656108
2020-01-08 18:42:00,0.010529475803366495
2020-01-08 18:45:00,-0.08885317411881033
2020-01-08 18:48:00,-0.04800221157654505
2020-01-08 18:51:00,-0.10521006986346038
2020-01-08 18:54:00,-0.1179359881630262
2020-01-08 18:57:00,
2020-01-08 19:00:00,
2020-01-08 19:03:00,
2020-01-08 19:06:00,
2020-01-08 19:09:00,
2020-01-08 19:12:00,0.01839767708565887
2020-01-08 19:15:00,-0.02056292403506177
2020-01-08 19:18:00,-0.05745281706845162
2020-01-08 19:21:00,-0.04008427364516365
2020-01-08 19:24:00,0.06680743280452361
2020-01-08 19:27:00,0.04865077902991288
2020-01-08 19:30:00,0.18377172661371333
2020-01-08 19:33:00,0.08918402271518744
2020-01-08 19:36:00,0.0267795167376903
2020-01-08 19:39:00,0.1948565421594708
2020-01-08 19:42:00,0.053304651825897054
2020-01-08 19:45:00,-0.04126329059835143
2020-01-08 19:48:00,0.07724849513903109
2020-01-08 19:51:00,0.21609430729563428
2020-01-08 19:54:00,0.16334057570890081
2020-01-08 19:57:00,0.12163119014985568
2020-01-08 20:00:00,0.11864645679793284
2020-01-08 20:03:00,0.13387432524336873
2020-01-08 20:06:00,0.15490124682463602
2020-01-08 20:09:00,0.12774773360450808
2020-01-08 20:12:00,0.15090913087794888
2020-01-08 20:15:00,0.18854449837061793
2020-01-08 20:18:00,0.21571436846704728
2020-01-08 20:21:00,0.11210615943053881
2020-01-08 20:24:00,0.23175690970674623
2020-01-08 20:27:00,0.3295866968051655
2020-01-08 20:30:00,0.15569175531919655
2020-01-08 20:33:00,0.2675896079453537
2020-01-08 20:36:00,0.2505544037367713
2020-01-08 20:39:00,0.29741481391238267
2020-01-08 20:42:00,0.25644082610625674
2020-01-08 20:45:00,0.24300789905464626
2020-01-08 20:48:00,0.2529829815865696
2020-01-08 20:51:00,0.28070856347335393
2020-01-08 20:54:00,0.20511253408972152
2020-01-08 20:57:00,0.21678481235824165
2020-01-08 21:00:00,0.32667804400193745
2020-01-08 21:03:00,0.2310482631302193
2020-01-08 21:06:00,0.35161944922413113
2020-01-08 21:09:00,0.28541550231540214
2020-01-08 21:12:00,0.309057889280723
2020-01-08 21:15:00,0.32708439109376286
2020-01-08 21:18:00,0.38797478019461096
2020-01-08 21:21:00,0.40859248658972547
2020-01-08 21:24:00,0.27351106046148743
2020-01-08 21:27:00,0.3457046200109062
2020-01-08 21:30:00,0.38344850717027157
2020-01-08 21:33:00,0.38766296719427373
2020-01-08 21:36:00,0.31113117244376554
2020-01-08 21:39:00,0.323401634925915
2020-01-08 21:42:00,0.34716143836817537
2020-01-08 21:45:00,0.3848048668893398
2020-01-08 21:48:00,0.4410058069140632
2020-01-08 21:51:00,0.42094387274647715
2020-01-08 21:54:00,0.4695148541364347
2020-01-08 21:57:00,0.4361009572793364
2020-01-08 22:00:00,0.47188886462129176
2020-01-08 22:03:00,0.4599809480736212
2020-01-08 22:06:00,0.2896597572891437
2020-01-08 22:09:00,0.4559527936140739
2020-01-08 22:12:00,0.3549718026974915
2020-01-08 22:15:00,0.38949818923532575
2020-01-08 22:18:00,0.36211341328089475
2020-01-08 22:21:00,0.4197467581439014
2020-01-08 22:24:00,0.4143174414997475
2020-01-08 22:27:00,0.4529943842487114
2020-01-08 22:30:00,0.35156129718234297
2020-01-08 22:33:00,0.4642629315479212
2020-01-08 22:36:00,0.37976079963158327
2020-01-08 22:39:00,0.422721953160476
2020-01-08 22:42:00,0.427608456518783
2020-01-08 22:45:00,0.42608964083399314
2020-01-08 22:48:00,0.37206381163611013
2020-01-08 22:51:00,0.43405029174726906
2020-01-08 22:54:00,0.4547088777187014
2020-01-08 22:57:00,0.4580616453889661
2020-01-08 23:00:00,0.45497912461405576
2020-01-08 23:03:00,0.37193907078574284
2020-01-08 23:06:00,0.5360860043950879
2020-01-08 23:09:00,0.4238889131831911
2020-01-08 23:12:00,0.48077264964842925
2020-01-08 23:15:00,0.48907064288300717
2020-01-08 23:18:00,0.4853731025845036
2020-01-08 23:21:00,0.38344237906937906
2020-01-08 23:24:00,0.5329626218797898
2020-01-08 23:27:00,0.5210165250184673
2020-01-08 23:30:00,0.499772506271313
2020-01-08 23:33:00,0.5938156675175037
2020-01-08 23:36:00,0.4724554783987287
2020-01-08 23:39:00,0.4613005267910921
2020-01-08 23:42:00,0.4792433354442096
2020-01-08 23:45:00,0.42903333968376955
2020-01-08 23:48:00,0.3882232203186504
2020-01-08 23:51:00,0.44441073320967917
2020-01-08 23:54:00,0.47633922965280817
2020-01-08 23:57:00,0.5179848663946132
2020-01-09 00:00:00,0.4705710070926443
2020-01-09 00:03:00,0.5031163668896284
2020-01-09 00:06:00,0.5363131605125773
2020-01-09 00:09:00,0.540267844903326
2020-01-09 00:12:00,0.4341073280792216
2020-01-09 00:15:00,0.5513104983664334
2020-01-09 00:18:00,0.4260644755576095
2020-01-09 00:21:00,0.5708389081664791
2020-01-09 00:24:00,0.5312652431928768
2020-01-09 00:27:00,0.4166277672927663
2020-01-09 00:30:00,0.5393480685527265
2020-01-09 00:33:00,0.49603741546923175
2020-01-09 00:36:00,0.5526939993529254
2020-01-09 00:39:00,0.4764522104680964
2020-01-09 00:42:00,0.5523130333199333
2020-01-09 00:45:00,0.4231310388207703
2020-01-09 00:48:00,0.40033928461508594
2020-01-09 00:51:00,0.4822941835729466
2020-01-09 00:54:00,0.514287427721456
2020-01-09 00:57:00,0.5339657357295096
2020-01-09 01:00:00,0.4346227860255567
2020-01-09 01:03:00,0.49836013943712487
2020-01-09 01:06:00,0.5184000688466881
2020-01-09 01:09:00,0.5202389635703071
2020-01-09 01:12:00,0.6178502432862274
2020-01-09 01:15:00,0.4677458879210121
2020-01-09 01:18:00,0.5253502781832822
2020-01-09 01:21:00,0.5334283525733667
2020-01-09 01:24:00,0.4646179220161457
2020-01-09 01:27:00,0.5125073913196729
2020-01-09 01:30:00,0.5424288943237343
2020-01-09 01:33:00,0.5254418066618882
2020-01-09 01:36:00,0.5215642428094043
2020-01-09 01:39:00,0.5275085291536357
2020-01-09 01:42:00,0.5526079178038117
2020-01-09 01:45:00,0.5288161302994467
2020-01-09 01:48:00,0.519538530964553
2020-01-09 01:51:00,0.5152756103196339
2020-01-09 01:54:00,0.5058363517856037
2020-01-09 01:57:00,0.4894303985124111
2020-01-09 02:00:00,0.5599394682529919
2020-01-09 02:03:00,0.47222711377770565
2020-01-09 02:06:00,0.42286393465769834
2020-01-09 02:09:00,0.475827244066636
2020-01-09 02:12:00,0.497242233095335
2020-01-09 02:15:00,0.46292605708555357
2020-01-09 02:18:00,0.45670465152284123
2020-01-09 02:21:00,0.579942950036525
2020-01-09 02:24:00,0.5455613278434726
2020-01-09 02:27:00,0.5641489558548187
2020-01-09 02:30:00,0.46927976768284907
2020-01-09 02:33:00,0.561009317577259
2020-01-09 02:36:00,0.5828473393112859
2020-01-09 02:39:00,0.5175739885242479
2020-01-09 02:42:00,0.5937676496948256
2020-01-09 02:45:00,0.583316589328092
2020-01-09 02:48:00,0.549197075861457
2020-01-09 02:51:00,0.5109586191400695
2020-01-09 02:54:00,0.5425788842630936
2020-01-09 02:57:00,0.5424769937445717
2020-01-09 03:00:00,0.5527800057623153
2020-01-09 03:03:00,0.6026390297516855
2020-01-09 03:06:00,0.6100169107729698
2020-01-09 03:09:00,0.4753149884216441
2020-01-09 03:12:00,0.44995660115796454
2020-01-09 03:15:00,0.5500412276757061
2020-01-09 03:18:00,0.5842607217550153
2020-01-09 03:21:00,0.6659336654672074
2020-01-09 03:24:00,0.6751060200739971
2020-01-09 03:27:00,0.5881348108200655
2020-01-09 03:30:00,0.575726595835647
2020-01-09 03:33:00,0.6096145748049935
2020-01-09 03:36:00,0.5796072193303985
2020-01-09 03:39:00,0.5841902838168949
2020-01-09 03:42:00,0.604654343040238
2020-01-09 03:45:00,0.5034328443663298
2020-01-09 03:48:00,0.6219227221580468
2020-01-09 03:51:00,0.6103027933015142
2020-01-09 03:54:00,0.6647566790742871
2020-01-09 03:57:00,0.5437662064545066
2020-01-09 04:00:00,0.5429570961814534
2020-01-09 04:03:00,0.5932854647901991
2020-01-09 04:06:00,0.537601245945325
2020-01-09 04:09:00,0.5962477862607898
2020-01-09 04:12:00,0.5397907052126811
2020-01-09 04:15:00,0.6314632067606567
2020-01-09 04:18:00,0.6198482126903855
2020-01-09 04:21:00,0.6380151205839866
2020-01-09 04:24:00,0.6571233454794765
2020-01-09 04:27:00,0.6801902917584357
2020-01-09 04:30:00,0.6252861216419205
2020-01-09 04:33:00,0.633818631621125
2020-01-09 04:36:00,0.6126195305656665
2020-01-09 04:39:00,0.6066267789043422
2020-01-09 04:42:00,0.5878680824590106
2020-01-09 04:45:00,0.6418377251125662
2020-01-09 04:48:00,0.6510269537540125
2020-01-09 04:51:00,0.646394223524851
2020-01-09 04:54:00,0.6580158289192468
2020-01-09 04:57:00,0.5705428842375113
2020-01-09 05:00:00,0.5747897389514947
2020-01-09 05:03:00,0.6712257043848808
2020-01-09 05:06:00,0.5907906919594552
2020-01-09 05:09:00,0.5818566559663054
2020-01-09 05:12:00,0.6549935383669094
2020-01-09 05:15:00,0.6989931284395539
2020-01-09 05:18:00,0.6179480227074805
2020-01-09 05:21:00,0.6707989910462402
2020-01-09 05:24:00,0.6718040094120283
2020-01-09 05:27:00,0.7094656802556187
2020-01-09 05:30:00,0.5819096798537657
2020-01-09 05:33:00,0.6158517327067443
2020-01-09 05:36:00,0.5918225239068988
2020-01-09 05:39:00,0.6113037255350378
2020-01-09 05:42:00,0.5910086596898054
2020-01-09 05:45:00,0.6849490817209585
2020-01-09 05:48:00,0.6917240767176622
2020-01-09 05:51:00,0.7081855863907549
2020-01-09 05:54:00,0.5743149592345276
2020-01-09 05:57:00,0.6333953679015849
2020-01-09 06:00:00,0.717934362733331
2020-01-09 06:03:00,0.616828738287893
2020-01-09 06:06:00,0.7044606984998723
2020-01-09 06:09:00,0.554837805068189
2020-01-09 06:12:00,0.600214362221152
2020-01-09 06:15:00,0.7258935414293433
2020-01-09 06:18:00,0.5935425514197163
2020-01-09 06:21:00,0.5892252572024859
2020-01-09 06:24:00,0.6857979648551122
2020-01-09 06:27:00,0.6398224863650057
2020-01-09 06:30:00,0.5998886452563283
2020-01-09 06:33:00,0.6542714363616824
2020-01-09 06:36:00,0.7218577924268743
2020-01-09 06:39:00,0.6654319446887484
2020-01-09 06:42:00,0.6747408152852472
2020-01-09 06:45:00,0.7120431468974289
2020-01-09 06:48:00,0.6325881655391754
2020-01-09 06:51:00,0.7433588303267697
2020-01-09 06:54:00,0.686600664845173
2020-01-09 06:57:00,0.736201140156993
2020-01-09 07:00:00,0.6778804741803697
2020-01-09 07:03:00,0.7556138020601111
2020-01-09 07:06:00,0.7576032944473923
2020-01-09 07:09:00,0.6723420944721283
2020-01-09 07:12:00,0.7127949371366071
2020-01-09 07:15:00,0.7132567126752178
2020-01-09 07:18:00,0.7366134895951859
2020-01-09 07:21:00,0.7803027945651593
2020-01-09 07:24:00,0.7585330537901314
2020-01-09 07:27:00,0.7451177300476388
2020-01-09 07:30:00,0.733861049549148
2020-01-09 07:33:00,0.6886254806295824
2020-01-09 07:36:00,0.7554944834404296
2020-01-09 07:39:00,0.8094906263317512
2020-01-09 07:42:00,0.6772077549978235
2020-01-09 07:45:00,0.7105598464182208
2020-01-09 07:48:00,0.6686447558315649
2020-01-09 07:51:00,0.8112841731630169
2020-01-09 07:54:00,0.6812282947494737
2020-01-09 07:57:00,0.6698351059393985
2020-01-09 08:00:00,0.8015451668825904
2020-01-09 08:03:00,0.7675092496058369
2020-01-09 08:06:00,0.6929380798056854
2020-01-09 08:09:00,0.592978512113234
2020-01-09 08:12:00,0.7065000745561747
2020-01-09 08:15:00,0.5740525000221623
2020-01-09 08:18:00,0.7225008265089627
2020-01-09 08:21:00,0.6304022561859028
2020-01-09 08:24:00,0.6345949284543053
2020-01-09 08:27:00,0.597488136972629
2020-01-09 08:30:00,0.6805156840075597
2020-01-09 08:33:00,0.6331516404745798
2020-01-09 08:36:00,0.6247747887122159
2020-01-09 08:39:00,0.6369483331844776
2020-01-09 08:42:00,0.6507064807024108
2020-01-09 08:45:00,0.6406776553737359
2020-01-09 08:48:00,0.6363983679573835
2020-01-09 08:51:00,0.5763796459365267
2020-01-09 08:54:00,
2020-01-09 08:57:00,
2020-01-09 09:00:00,
2020-01-09 09:03:00,
2020-01-09 09:06:00,
2020-01-09 09:09:00,
2020-01-09 09:12:00,
2020-01-09 09:15:00,
2020-01-09 09:18:00,
2020-01-09 09:21:00,
2020-01-09 09:24:00,
2020-01-09 09:27:00,
2020-01-09 09:30:00,
2020-01-09 09:33:00,
2020-01-09 09:36:00,
2020-01-09 09:39:00,
2020-01-09 09:42:00,
2020-01-09 09:45:00,
2020-01-09 09:48:00,
2020-01-09 09:51:00,
2020-01-09 09:54:00,
2020-01-09 09:57:00,
2020-01-09 10:00:00,
2020-01-09 10:03:00,
2020-01-09 10:06:00,
2020-01-09 10:09:00,
2020-01-09 10:12:00,
2020-01-09 10:15:00,
2020-01-09 10:18:00,
2020-01-09 10:21:00,
2020-01-09 10:24:00,
2020-01-09 10:27:00,
2020-01-09 10:30:00,
2020-01-09 10:33:00,
2020-01-09 10:36:00,
2020-01-09 10:39:00,
2020-01-09 10:42:00,
2020-01-09 10:45:00,
2020-01-09 10:48:00,
2020-01-09 10:51:00,
2020-01-09 10:54:00,
2020-01-09 10:57:00,
2020-01-09 11:00:00,
2020-01-09 11:03:00,
2020-01-09 11:06:00,
2020-01-09 11:09:00,
2020-01-09 11:12:00,
2020-01-09 11:15:00,
2020-01-09 11:18:00,
2020-01-09 11:21:00,
2020-01-09 11:24:00,
2020-01-09 11:27:00,
2020-01-09 11:30:00,
2020-01-09 11:33:00,
2020-01-09 11:36:00,
2020-01-09 11:39:00,
2020-01-09 11:42:00,
2020-01-09 11:45:00,
2020-01-09 11:48:00,
2020-01-09 11:51:00,
2020-01-09 11:54:00,
2020-01-09 11:57:00,
2020-01-09 12:00:00,
2020-01-09 12:03:00,
2020-01-09 12:06:00,
2020-01-09 12:09:00,
2020-01-09 12:12:00,
2020-01-09 12:15:00,
2020-01-09 12:18:00,
2020-01-09 12:21:00,
2020-01-09 12:24:00,
2020-01-09 12:27:00,
2020-01-09 12:30:00,
2020-01-09 12:33:00,
2020-01-09 12:36:00,
2020-01-09 12:39:00,
2020-01-09 12:42:00,
2020-01-09 12:45:00,
2020-01-09 12:48:00,
2020-01-09 12:51:00,
2020-01-09 12:54:00,
2020-01-09 12:57:00,
2020-01-09 13:00:00,
2020-01-09 13:03:00,
2020-01-09 13:06:00,
2020-01-09 13:09:00,0.6460776407486719
2020-01-09 13:12:00,
2020-01-09 13:15:00,
2020-01-09 13:18:00,
2020-01-09 13:21:00,
2020-01-09 13:24:00,
2020-01-09 13:27:00,
2020-01-09 13:30:00,
2020-01-09 13:33:00,
2020-01-09 13:36:00,
2020-01-09 13:39:00,
2020-01-09 13:42:00,
2020-01-09 13:45:00,
2020-01-09 13:48:00,
2020-01-09 13:51:00,
2020-01-09 13:54:00,
2020-01-09 13:57:00,
2020-01-09 14:00:00,
2020-01-09 14:03:00,
2020-01-09 14:06:00,
2020-01-09 14:09:00,
2020-01-09 14:12:00,
2020-01-09 14:15:00,
2020-01-09 14:18:00,
2020-01-09 14:21:00,
2020-01-09 14:24:00,
2020-01-09 14:27:00,
2020-01-09 14:30:00,
2020-01-09 14:33:00,
2020-01-09 14:36:00,
2020-01-09 14:39:00,
2020-01-09 14:42:00,
2020-01-09 14:45:00,
2020-01-09 14:48:00,
2020-01-09 14:51:00,
2020-01-09 14:54:00,
2020-01-09 14:57:00,
2020-01-09 15:00:00,
2020-01-09 15:03:00,
2020-01-09 15:06:00,
2020-01-09 15:09:00,
2020-01-09 15:12:00,
2020-01-09 15:15:00,
2020-01-09 15:18:00,
2020-01-09 15:21:00,
2020-01-09 15:24:00,
2020-01-09 15:27:00,
2020-01-09 15:30:00,
2020-01-09 15:33:00,
2020-01-09 15:36:00,
2020-01-09 15:39:00,
2020-01-09 15:42:00,
2020-01-09 15:45:00,
2020-01-09 15:48:00,
2020-01-09 15:51:00,
2020-01-09 15:54:00,
2020-01-09 15:57:00,
2020-01-09 16:00:00,
2020-01-09 16:03:00,
2020-01-09 16:06:00,
2020-01-09 16:09:00,
2020-01-09 16:12:00,
2020-01-09 16:15:00,
2020-01-09 16:18:00,
2020-01-09 16:21:00,
2020-01-09 16:24:00,
2020-01-09 16:27:00,
2020-01-09 16:30:00,
2020-01-09 16:33:00,
2020-01-09 16:36:00,
2020-01-09 16:39:00,
2020-01-09 16:42:00,
2020-01-09 16:45:00,
2020-01-09 16:48:00,
2020-01-09 16:51:00,
2020-01-09 16:54:00,
2020-01-09 16:57:00,
2020-01-09 17:00:00,
2020-01-09 17:03:00,
2020-01-09 17:06:00,
2020-01-09 17:09:00,
2020-01-09 17:12:00,
2020-01-09 17:15:00,
2020-01-09 17:18:00,
2020-01-09 17:21:00,0.6127357468944297
2020-01-09 17:24:00,
2020-01-09 17:27:00,
2020-01-09 17:30:00,
2020-01-09 17:33:00,
2020-01-09 17:36:00,-0.04386777297622757
2020-01-09 17:39:00,0.03833268636640241
2020-01-09 17:42:00,-0.09195502461574279
2020-01-09 17:45:00,-0.12673475507511966
2020-01-09 17:48:00,
2020-01-09 17:51:00,
2020-01-09 17:54:00,
2020-01-09 17:57:00,
2020-01-09 18:00:00,
2020-01-09 18:03:00,
2020-01-09 18:06:00,
2020-01-09 18:09:00,
2020-01-09 18:12:00,
2020-01-09 18:15:00,
2020-01-09 18:18:00,
2020-01-09 18:21:00,
2020-01-09 18:24:00,
2020-01-09 18:27:00,
2020-01-09 18:30:00,
2020-01-09 18:33:00,
2020-01-09 18:36:00,
2020-01-09 18:39:00,
2020-01-09 18:42:00,
2020-01-09 18:45:00,
2020-01-09 18:48:00,
2020-01-09 18:51:00,
2020-01-09 18:54:00,
2020-01-09 18:57:00,
2020-01-09 19:00:00,
2020-01-09 19:03:00,0.1708344786017051
2020-01-09 19:06:00,0.13573001296373377
2020-01-09 19:09:00,-0.033777504105671596
2020-01-09 19:12:00,0.11867070790862044
2020-01-09 19:15:00,0.061166750564723316
2020-01-09 19:18:00,0.03295975283788266
2020-01-09 19:21:00,0.09928320101965937
2020-01-09 19:24:00,0.15898624017535212
2020-01-09 19:27:00,0.11915882256511168
2020-01-09 19:30:00,0.1347996534641993
2020-01-09 19:33:00,0.11659956352264089
2020-01-09 19:36:00,0.2024081729075533
2020-01-09 19:39:00,0.1779541700798859
2020-01-09 19:42:00,0.12647978702045748
2020-01-09 19:45:00,0.2154287722675008
2020-01-09 19:48:00,0.05022858847860334
2020-01-09 19:51:00,0.061164846247265814
2020-01-09 19:54:00,0.036934184181689034
2020-01-09 19:57:00,0.11530182800674993
2020-01-09 20:00:00,0.18963034770428067
2020-01-09 20:03:00,0.216794738423971
2020-01-09 20:06:00,0.09884784346513698
2020-01-09 20:09:00,0.04204835004605911
2020-01-09 20:12:00,0.11219808812194287
2020-01-09 20:15:00,0.2564248382350911
2020-01-09 20:18:00,0.23895793109693386
2020-01-09 20:21:00,0.2715430381452961
2020-01-09 20:24:00,0.3004043311476039
2020-01-09 20:27:00,0.17349973684844144
2020-01-09 20:30:00,0.16717532679876967
2020-01-09 20:33:00,0.16949156505438623
2020-01-09 20:36:00,0.25614524185601795
2020-01-09 20:39:00,0.1675079637610679
2020-01-09 20:42:00,0.14431782693196737
2020-01-09 20:45:00,0.36253222348443614
2020-01-09 20:48:00,0.23005042366372663
2020-01-09 20:51:00,0.2539745729667402
2020-01-09 20:54:00,0.18037288045564992
2020-01-09 20:57:00,0.2783010914372426
2020-01-09 21:00:00,0.2886879808116305
2020-01-09 21:03:00,0.39140045648525756
2020-01-09 21:06:00,0.24434927731630296
2020-01-09 21:09:00,0.33859141777389823
2020-01-09 21:12:00,0.32566091087983295
2020-01-09 21:15:00,0.26079234569249365
2020-01-09 21:18:00,0.38491387201196403
2020-01-09 21:21:00,0.3840566069386
2020-01-09 21:24:00,0.3374712269900897
2020-01-09 21:27:00,0.30136651709028683
2020-01-09 21:30:00,0.3756622910553915
2020-01-09 21:33:00,0.2958573888199112
2020-01-09 21:36:00,0.26506916398955127
2020-01-09 21:39:00,0.22573277799017433
2020-01-09 21:42:00,0.3339580523752943
2020-01-09 21:45:00,0.26802503688350043
2020-01-09 21:48:00,0.19783093113886707
2020-01-09 21:51:00,0.2957444120645505
2020-01-09 21:54:00,0.19561414858947046
2020-01-09 21:57:00,0.386007041966991
2020-01-09 22:00:00,0.27690957724405507
2020-01-09 22:03:00,0.3525868435561961
2020-01-09 22:06:00,0.23660927362055872
2020-01-09 22:09:00,0.38402936828111933
2020-01-09 22:12:00,0.23531801354403115
2020-01-09 22:15:00,0.3652643627247585
2020-01-09 22:18:00,0.20490123634647261
2020-01-09 22:21:00,0.290599742132315
2020-01-09 22:24:00,0.32621161401493737
2020-01-09 22:27:00,0.2577884324632578
2020-01-09 22:30:00,0.30131030673669557
2020-01-09 22:33:00,0.3825664542230811
2020-01-09 22:36:00,0.34577762047899796
2020-01-09 22:39:00,0.3555818565442337
2020-01-09 22:42:00,0.31352125765465644
2020-01-09 22:45:00,0.3639645631498638
2020-01-09 22:48:00,0.3796608847167704
2020-01-09 22:51:00,0.27312788028717705
2020-01-09 22:54:00,0.373658025791201
2020-01-09 22:57:00,0.34977834850360523
2020-01-09 23:00:00,0.3968298441902789
2020-01-09 23:03:00,0.3296998951001342
2020-01-09 23:06:00,0.3685803456593817
2020-01-09 23:09:00,0.44837685698985297
2020-01-09 23:12:00,0.43604566580739856
2020-01-09 23:15:00,0.3461897043575277
2020-01-09 23:18:00,0.43998532173912963
2020-01-09 23:21:00,0.38176412585590924
2020-01-09 23:24:00,0.35804583404808454
2020-01-09 23:27:00,0.30765946282014056
2020-01-09 23:30:00,0.3437485881083262
2020-01-09 23:33:00,0.2930210154168549
2020-01-09 23:36:00,0.3384922232119152
2020-01-09 23:39:00,0.3382012149263005
2020-01-09 23:42:00,0.3147196632911573
2020-01-09 23:45:00,0.35546367590791306
2020-01-09 23:48:00,0.3297875685535132
2020-01-09 23:51:00,0.24617153025309335
2020-01-09 23:54:00,0.3401541787437168
2020-01-09 23:57:00,0.41891555579627493
2020-01-10 00:00:00,0.2838270410144901
2020-01-10 00:03:00,0.36512161806757604
2020-01-10 00:06:00,0.33677884878574105
2020-01-10 00:09:00,0.29978175300601606
2020-01-10 00:12:00,0.37830699702738
2020-01-10 00:15:00,0.37606292590959356
2020-01-10 00:18:00,0.39053944289292986
2020-01-10 00:21:00,0.36837868549724817
2020-01-10 00:24:00,0.3446656643417896
2020-01-10 00:27:00,0.28548354840728507
2020-01-10 00:30:00,0.22160731854967253
2020-01-10 00:33:00,0.2622881152456671
2020-01-10 00:36:00,0.23546062438782656
2020-01-10 00:39:00,0.25533861505095956
2020-01-10 00:42:00,0.25541554196644256
2020-01-10 00:45:00,0.2628661393585503
2020-01-10 00:48:00,0.32530326125686315
2020-01-10 00:51:00,0.38936499676577796
2020-01-10 00:54:00,0.3992294961949483
2020-01-10 00:57:00,0.3213925457797586
2020-01-10 01:00:00,0.23965136643158758
2020-01-10 01:03:00,0.25541248594777244
2020-01-10 01:06:00,0.30252535771580824
2020-01-10 01:09:00,0.36178618683055674
2020-01-10 01:12:00,0.41223298245063233
2020-01-10 01:15:00,0.377588245566983
2020-01-10 01:18:00,0.2765410965398587
2020-01-10 01:21:00,0.3790399757684213
2020-01-10 01:24:00,0.47516607500887176
2020-01-10 01:27:00,0.39865553017091315
2020-01-10 01:30:00,0.25586266839650307
2020-01-10 01:33:00,0.3841778946987233
2020-01-10 01:36:00,0.43088004025202054
2020-01-10 01:39:00,0.46088538872686513
2020-01-10 01:42:00,0.5046226440882151
2020-01-10 01:45:00,0.49146850166403055
2020-01-10 01:48:00,0.4483724102672113
2020-01-10 01:51:00,0.4694988368723898
2020-01-10 01:54:00,0.4943959344311679
2020-01-10 01:57:00,0.38099251091392716
2020-01-10 02:00:00,0.3092931046870149
2020-01-10 02:03:00,0.42259053392132273
2020-01-10 02:06:00,0.4634333207227428
2020-01-10 02:09:00,0.47033069166786845
2020-01-10 02:12:00,0.4302741504770893
2020-01-10 02:15:00,0.408579958058624
2020-01-10 02:18:00,0.4322691230490818
2020-01-10 02:21:00,0.3811924285741952
2020-01-10 02:24:00,0.48125960512402344
2020-01-10 02:27:00,0.40554702973139456
2020-01-10 02:30:00,0.4466742625078268
2020-01-10 02:33:00,0.4183816659076456
2020-01-10 02:36:00,0.507564489742947
2020-01-10 02:39:00,0.5291059164648004
2020-01-10 02:42:00,0.6193345167687312
2020-01-10 02:45:00,0.567187489185244
2020-01-10 02:48:00,0.5974461162448392
2020-01-10 02:51:00,0.48255426689570413
2020-01-10 02:54:00,0.6043814770799258
2020-01-10 02:57:00,0.6276130484259284
2020-01-10 03:00:00,0.7037923584227883
2020-01-10 03:03:00,0.6763375422825106
2020-01-10 03:06:00,0.6504503315934471
2020-01-10 03:09:00,0.5143937449509508
2020-01-10 03:12:00,0.46115615898821716
2020-01-10 03:15:00,0.5854639046615944
2020-01-10 03:18:00,0.637387727119517
2020-01-10 03:21:00,0.6783267802447881
2020-01-10 03:24:00,0.7516219372332102
2020-01-10 03:27:00,0.7082516007843651
2020-01-10 03:30:00,0.4871736889191993
2020-01-10 03:33:00,0.4149400137445127
2020-01-10 03:36:00,0.44847201729191966
2020-01-10 03:39:00,0.49063273882603653
2020-01-10 03:42:00,0.4488431915339106
2020-01-10 03:45:00,0.4558442968257168
2020-01-10 03:48:00,0.4599699074447017
2020-01-10 03:51:00,0.4738812863164412
2020-01-10 03:54:00,0.4339019120156422
2020-01-10 03:57:00,0.42740558497769143
2020-01-10 04:00:00,0.33573373873917944
2020-01-10 04:03:00,0.4687138791639427
2020-01-10 04:06:00,0.4106742023012657
2020-01-10 04:09:00,0.5781219695085156
2020-01-10 04:12:00,0.6904469091115857
2020-01-10 04:15:00,0.5211197468303226
2020-01-10 04:18:00,0.35605795042334876
2020-01-10 04:21:00,0.48463783742033684
2020-01-10 04:24:00,0.41710888860654904
2020-01-10 04:27:00,0.453129854719748
2020-01-10 04:30:00,0.40045501123017857
2020-01-10 04:33:00,0.41713997492729504
2020-01-10 04:36:00,0.4758020301214856
2020-01-10 04:39:00,0.48017253415588357
2020-01-10 04:42:00,0.4450660757202627
2020-01-10 04:45:00,0.427097711599572
2020-01-10 04:48:00,0.5233517331778899
2020-01-10 04:51:00,0.4798808875070222
2020-01-10 04:54:00,0.4810720400367927
2020-01-10 04:57:00,0.47690796326617146
2020-01-10 05:00:00,0.5115798135323075
2020-01-10 05:03:00,0.417392172230052
2020-01-10 05:06:00,0.49758038356151246
2020-01-10 05:09:00,0.40494680278692385
2020-01-10 05:12:00,0.45595770248394274
2020-01-10 05:15:00,0.5025919126773601
2020-01-10 05:18:00,0.5005503519692525
2020-01-10 05:21:00,0.5131076132145722
2020-01-10 05:24:00,0.5477436432458376
2020-01-10 05:27:00,0.5011399935553413
2020-01-10 05:30:00,0.47986321910383367
2020-01-10 05:33:00,0.44765510649710905
2020-01-10 05:36:00,0.579184790699685
2020-01-10 05:39:00,0.41927586746840007
2020-01-10 05:42:00,0.5860079776392695
2020-01-10 05:45:00,0.6349582031281216
2020-01-10 05:48:00,0.5937130462716027
2020-01-10 05:51:00,0.5361228786214838
2020-01-10 05:54:00,0.4744695073765115
2020-01-10 05:57:00,0.4739348558516667
2020-01-10 06:00:00,0.4839322738540659
2020-01-10 06:03:00,0.5275314372574371
2020-01-10 06:06:00,0.5342651151499922
2020-01-10 06:09:00,0.508117066528996
2020-01-10 06:12:00,0.46651635771439715
2020-01-10 06:15:00,0.5901533975796838
2020-01-10 06:18:00,0.5416190829011498
2020-01-10 06:21:00,0.42422148326045317
2020-01-10 06:24:00,0.5327315984428651
2020-01-10 06:27:00,0.5282556770376914
2020-01-10 06:30:00,0.5378463786735779
2020-01-10 06:33:00,0.5804573288539814
2020-01-10 06:36:00,0.47321454083095205
2020-01-10 06:39:00,0.5560570144402277
2020-01-10 06:42:00,0.428216143644363
2020-01-10 06:45:00,0.5828436357042506
2020-01-10 06:48:00,0.5151156021852898
2020-01-10 06:51:00,0.5857547600950284
2020-01-10 06:54:00,0.5609221527296882
2020-01-10 06:57:00,0.49962885819957137
2020-01-10 07:00:00,0.5484312657771966
2020-01-10 07:03:00,0.44615602283465705
2020-01-10 07:06:00,0.47588071187175274
2020-01-10 07:09:00,0.47949728531602887
2020-01-10 07:12:00,0.5304318376124115
2020-01-10 07:15:00,0.4483037386974047
2020-01-10 07:18:00,0.43062108625593964
2020-01-10 07:21:00,0.48854588790618436
2020-01-10 07:24:00,0.487178945872472
2020-01-10 07:27:00,0.49181321633659536
2020-01-10 07:30:00,0.5726839879001773
2020-01-10 07:33:00,0.478703580759543
2020-01-10 07:36:00,0.5844754044080673
2020-01-10 07:39:00,0.5319918623773106
2020-01-10 07:42:00,0.5683417727074698
2020-01-10 07:45:00,0.6261978076511809
2020-01-10 07:48:00,0.5222257047055905
2020-01-10 07:51:00,0.4782890313131247
2020-01-10 07:54:00,0.4828232318927803
2020-01-10 07:57:00,0.486412569311085
2020-01-10 08:00:00,0.4518739813177035
2020-01-10 08:03:00,0.48698097497208437
2020-01-10 08:06:00,0.3983552470087943
2020-01-10 08:09:00,0.44520198311772674
2020-01-10 08:12:00,0.35294425527246176
2020-01-10 08:15:00,0.27376421584273203
2020-01-10 08:18:00,0.40010981126533807
2020-01-10 08:21:00,0.39879169626891553
2020-01-10 08:24:00,0.4174445166452756
2020-01-10 08:27:00,0.40455117997782963
2020-01-10 08:30:00,0.2826126783110112
2020-01-10 08:33:00,0.41082674846211376
2020-01-10 08:36:00,0.3627260114308797
2020-01-10 08:39:00,0.40472843125479585
2020-01-10 08:42:00,0.4392178582232873
2020-01-10 08:45:00,0.34479521937959134
2020-01-10 08:48:00,0.3920654833150934
2020-01-10 08:51:00,0.3086680530470858
2020-01-10 08:54:00,0.35411169407711895
2020-01-10 08:57:00,0.2755773342819907
2020-01-10 09:00:00,0.30639493933000495
2020-01-10 09:03:00,0.2899446861298429
2020-01-10 09:06:00,0.32441448228553327
2020-01-10 09:09:00,0.09393647459114618
2020-01-10 09:12:00,0.30410394280090713
2020-01-10 09:15:00,0.27469371512120233
2020-01-10 09:18:00,0.21524050504598335
2020-01-10 09:21:00,0.18022740273835325
2020-01-10 09:24:00,0.17359556826977496
2020-01-10 09:27:00,0.008633653671324737
2020-01-10 09:30:00,0.26226049804722606
2020-01-10 09:33:00,0.11404094208415927
2020-01-10 09:36:00,0.17936864868721614
2020-01-10 09:39:00,0.0943903361271623
2020-01-10 09:42:00,0.07605869463509407
2020-01-10 09:45:00,0.08883569850161166
2020-01-10 09:48:00,0.10123211164648183
2020-01-10 09:51:00,0.061811352255347174
2020-01-10 09:54:00,0.006914293959368933
2020-01-10 09:57:00,-0.06933495952011981
2020-01-10 10:00:00,0.04265888983422883
2020-01-10 10:03:00,-0.01602766164364766
2020-01-10 10:06:00,0.06610656547331928
2020-01-10 10:09:00,0.07541833067926973
2020-01-10 10:12:00,-0.017630543213897454
2020-01-10 10:15:00,-0.02012037007239087
2020-01-10 10:18:00,0.039672152487241874
2020-01-10 10:21:00,0.025840480260512777
2020-01-10 10:24:00,0.04665835161074483
2020-01-10 10:27:00,0.08758404381575247
2020-01-10 10:30:00,0.07401181131723433
2020-01-10 10:33:00,-0.013393667967818601
2020-01-10 10:36:00,-0.012732316842914315
2020-01-10 10:39:00,0.08405725215300208
2020-01-10 10:42:00,-0.03692277723069992
2020-01-10 10:45:00,-0.017660650384357268
2020-01-10 10:48:00,-0.03538310457213356
2020-01-10 10:51:00,-0.020784405062443057
2020-01-10 10:54:00,-0.09950797920294008
2020-01-10 10:57:00,-0.05463884320067791
2020-01-10 11:00:00,-0.13264135515481712
2020-01-10 11:03:00,-0.10199881420896872
2020-01-10 11:06:00,-0.15819216749565612
2020-01-10 11:09:00,-0.12077342904058241
2020-01-10 11:12:00,-0.03362807017668956
2020-01-10 11:15:00,0.010667474541833144
2020-01-10 11:18:00,-0.030624448924072567
2020-01-10 11:21:00,-0.01967372271832346
2020-01-10 11:24:00,-0.03415092097384331
2020-01-10 11:27:00,-0.026944157212312803
2020-01-10 11:30:00,-0.09733414531166318
2020-01-10 11:33:00,-0.038953924304792054
2020-01-10 11:36:00,-0.16852479444344226
2020-01-10 11:39:00,-0.14527096043769916
2020-01-10 11:42:00,-0.07938164267488901
2020-01-10 11:45:00,-0.036473503982279
2020-01-10 11:48:00,-0.2830650439440774
2020-01-10 11:51:00,-0.2312230538378799
2020-01-10 11:54:00,-0.262184378684708
2020-01-10 11:57:00,-0.17381572136173418
2020-01-10 12:00:00,-0.1475231592670525
2020-01-10 12:03:00,-0.16073590301300555
2020-01-10 12:06:00,-0.23095478842719785
2020-01-10 12:09:00,-0.10714896769241022
2020-01-10 12:12:00,-0.21932428772396406
2020-01-10 12:15:00,-0.21895868369608706
2020-01-10 12:18:00,-0.20926778036408678
2020-01-10 12:21:00,-0.12213547337654518
2020-01-10 12:24:00,-0.23087400476060793
2020-01-10 12:27:00,-0.08453715912992266
2020-01-10 12:30:00,-0.13477423364946617
2020-01-10 12:33:00,-0.19829657331422368
2020-01-10 12:36:00,-0.1133900723856982
2020-01-10 12:39:00,-0.2766447620193162
2020-01-10 12:42:00,-0.26128627289443784
2020-01-10 12:45:00,-0.2056308000003355
2020-01-10 12:48:00,-0.16962779532343575
2020-01-10 12:51:00,-0.1878684708711944
2020-01-10 12:54:00,-0.17905294270121885
2020-01-10 12:57:00,-0.3138285223188291
2020-01-10 13:00:00,-0.23817837143536735
2020-01-10 13:03:00,-0.18755308973305773
2020-01-10 13:06:00,-0.1762897751221999
2020-01-10 13:09:00,-0.29965297512694633
2020-01-10 13:12:00,-0.24054200141165438
2020-01-10 13:15:00,-0.2601327398282933
2020-01-10 13:18:00,-0.30820753999006456
2020-01-10 13:21:00,-0.3023479183901827
2020-01-10 13:24:00,-0.26224919801626356
2020-01-10 13:27:00,-0.1420704313910619
2020-01-10 13:30:00,-0.2741885738366818
2020-01-10 13:33:00,-0.39466533471005505
2020-01-10 13:36:00,-0.3080385764022253
2020-01-10 13:39:00,-0.221795180732272
2020-01-10 13:42:00,-0.2006474357931438
2020-01-10 13:45:00,-0.18245577324552187
2020-01-10 13:48:00,-0.24575040159436412
2020-01-10 13:51:00,-0.26421916579579374
2020-01-10 13:54:00,-0.28031039179506934
2020-01-10 13:57:00,-0.1946385818691283
2020-01-10 14:00:00,-0.24658698791728284
2020-01-10 14:03:00,-0.26753967393062794
2020-01-10 14:06:00,-0.2461153140993133
2020-01-10 14:09:00,-0.2604371448525171
2020-01-10 14:12:00,-0.24491526954318488
2020-01-10 14:15:00,-0.212561656968262
2020-01-10 14:18:00,-0.3292462828896987
2020-01-10 14:21:00,-0.25670935095371306
2020-01-10 14:24:00,-0.2916566173645947
2020-01-10 14:27:00,-0.23159064058711465
2020-01-10 14:30:00,-0.2840007297767215
2020-01-10 14:33:00,-0.3388085259995819
2020-01-10 14:36:00,-0.2839672375032478
2020-01-10 14:39:00,-0.26407197189371345
2020-01-10 14:42:00,-0.18786650612497624
2020-01-10 14:45:00,-0.27989488148756436
2020-01-10 14:48:00,-0.2293714876028048
2020-01-10 14:51:00,-0.2827392040993004
2020-01-10 14:54:00,-0.24022590779054553
2020-01-10 14:57:00,-0.21067893254769388
2020-01-10 15:00:00,-0.275029235097918
2020-01-10 15:03:00,-0.3722359630694996
2020-01-10 15:06:00,-0.4205030165013568
2020-01-10 15:09:00,-0.3295463280436479
2020-01-10 15:12:00,-0.2495315916655727
2020-01-10 15:15:00,-0.3686413318192763
2020-01-10 15:18:00,-0.27982151584876647
2020-01-10 15:21:00,-0.2747183893749252
2020-01-10 15:24:00,-0.25721965577417905
2020-01-10 15:27:00,-0.24321832216742223
2020-01-10 15:30:00,-0.1879986227066297
2020-01-10 15:33:00,-0.29726531012443047
2020-01-10 15:36:00,-0.32700678922208226
2020-01-10 15:39:00,-0.21298956612099573
2020-01-10 15:42:00,-0.22826071146744198
2020-01-10 15:45:00,-0.17529112974636973
2020-01-10 15:48:00,-0.35917080935900003
2020-01-10 15:51:00,-0.3225013322210657
2020-01-10 15:54:00,-0.36211296138753823
2020-01-10 15:57:00,-0.2756202162318573
2020-01-10 16:00:00,-0.2639774051252175
2020-01-10 16:03:00,-0.3644839999818714
2020-01-10 16:06:00,-0.21364402981134845
2020-01-10 16:09:00,-0.2953258871529556
2020-01-10 16:12:00,-0.24256049855694073
2020-01-10 16:15:00,-0.24406467247257524
2020-01-10 16:18:00,-0.32431648733160046
2020-01-10 16:21:00,-0.17981267722996108
2020-01-10 16:24:00,-0.16557365240140598
2020-01-10 16:27:00,-0.17554926741473764
2020-01-10 16:30:00,-0.3285934895137643
2020-01-10 16:33:00,-0.2752947444075744
2020-01-10 16:36:00,-0.3234467202939868
2020-01-10 16:39:00,-0.3020897848222148
2020-01-10 16:42:00,-0.342188668668598
2020-01-10 16:45:00,-0.20131422139610322
2020-01-10 16:48:00,-0.35483494384624237
2020-01-10 16:51:00,-0.22688608286358658
2020-01-10 16:54:00,-0.2687509192184052
2020-01-10 16:57:00,-0.24178896176778153
2020-01-10 17:00:00,-0.21416477221083596
2020-01-10 17:03:00,-0.21466895737364666
2020-01-10 17:06:00,-0.21891232221798873
2020-01-10 17:09:00,-0.3650560682351056
2020-01-10 17:12:00,-0.16526665697591625
2020-01-10 17:15:00,-0.353143111887789
2020-01-10 17:18:00,-0.17052301357796296
2020-01-10 17:21:00,-0.21660773416982693
2020-01-10 17:24:00,-0.21701333269430734
2020-01-10 17:27:00,-0.26183784415775335
2020-01-10 17:30:00,-0.2098294228709392
2020-01-10 17:33:00,-0.20688693778521383
2020-01-10 17:36:00,-0.15573085002131393
2020-01-10 17:39:00,-0.1901412237749014
2020-01-10 17:42:00,-0.22876113474444537
2020-01-10 17:45:00,-0.2793656774733222
2020-01-10 17:48:00,-0.09451142703630921
2020-01-10 17:51:00,-0.12011544308342081
2020-01-10 17:54:00,-0.16995279429238508
2020-01-10 17:57:00,-0.15918233304256546
2020-01-10 18:00:00,-0.11257279913712637
2020-01-10 18:03:00,-0.14062467532625078
2020-01-10 18:06:00,0.0014623119279235652
2020-01-10 18:09:00,-0.04905081689014423
2020-01-10 18:12:00,-0.17416649149282648
2020-01-10 18:15:00,-0.13070921306507444
2020-01-10 18:18:00,0.0048105199487622485
2020-01-10 18:21:00,-0.09305510246957738
2020-01-10 18:24:00,0.08357234073719155
2020-01-10 18:27:00,-0.05367289932877384
2020-01-10 18:30:00,-0.09355768603717252
2020-01-10 18:33:00,-0.06894319585916264
2020-01-10 18:36:00,-0.14907384823249004
2020-01-10 18:39:00,-0.03765930328381728
2020-01-10 18:42:00,0.020664098131987885
2020-01-10 18:45:00,-0.0032288850566715155
2020-01-10 18:48:00,-0.01738785724506897
2020-01-10 18:51:00,0.0015336638066401065
2020-01-10 18:54:00,0.03182420588399282
2020-01-10 18:57:00,
2020-01-10 19:00:00,
2020-01-10 19:03:00,0.19980619004854816
2020-01-10 19:06:00,0.12564041627695133
2020-01-10 19:09:00,0.09809871819879845
2020-01-10 19:12:00,0.02871370779132576
2020-01-10 19:15:00,0.09289895338184806
2020-01-10 19:18:00,0.00272369466068767
2020-01-10 19:21:00,0.17519731952023676
2020-01-10 19:24:00,0.13099746886541652
2020-01-10 19:27:00,0.04221125940080128
2020-01-10 19:30:00,0.17339409229606417
2020-01-10 19:33:00,0.19075106449048462
2020-01-10 19:36:00,0.15163369143732552
2020-01-10 19:39:00,0.11220349875588909
2020-01-10 19:42:00,0.10874629450654538
2020-01-10 19:45:00,0.17020982765029657
2020-01-10 19:48:00,0.16690770623523576
2020-01-10 19:51:00,0.12477951280499155
2020-01-10 19:54:00,0.08665316967324088
2020-01-10 19:57:00,0.12352445740367557
2020-01-10 20:00:00,0.14758561469420783
2020-01-10 20:03:00,0.16877854122145663
2020-01-10 20:06:00,0.05524699338815253
2020-01-10 20:09:00,0.17207979366122572
2020-01-10 20:12:00,0.2267078590874121
2020-01-10 20:15:00,0.27243516059826334
2020-01-10 20:18:00,0.1738484420615123
2020-01-10 20:21:00,0.2025813358793016
2020-01-10 20:24:00,0.1696126404214624
2020-01-10 20:27:00,0.25479549386278677
2020-01-10 20:30:00,0.24071328971058392
2020-01-10 20:33:00,0.1734515002910939
2020-01-10 20:36:00,0.19594471554006532
2020-01-10 20:39:00,0.1535334093698566
2020-01-10 20:42:00,0.16986641228652388
2020-01-10 20:45:00,0.2805146789345372
2020-01-10 20:48:00,0.08177398233289068
2020-01-10 20:51:00,0.15803132846190238
2020-01-10 20:54:00,0.2371264737151364
2020-01-10 20:57:00,0.13827304456060574
2020-01-10 21:00:00,0.19007560148202174
2020-01-10 21:03:00,0.16925691711350055
2020-01-10 21:06:00,0.20939790225298793
2020-01-10 21:09:00,0.16032478652289228
2020-01-10 21:12:00,0.20951858385615196
2020-01-10 21:15:00,0.23097111815070548
2020-01-10 21:18:00,0.18061205462987573
2020-01-10 21:21:00,0.16001584473889352
2020-01-10 21:24:00,0.1523255137486217
2020-01-10 21:27:00,0.25163947624446337
2020-01-10 21:30:00,0.2398489224262903
2020-01-10 21:33:00,0.1904024449335111
2020-01-10 21:36:00,0.20733443007276264
2020-01-10 21:39:00,0.21159303753643144
2020-01-10 21:42:00,0.17099651690659812
2020-01-10 21:45:00,0.2846803765930872
2020-01-10 21:48:00,0.2889462370590081
2020-01-10 21:51:00,0.27005015537480404
2020-01-10 21:54:00,0.2274079957285835
2020-01-10 21:57:00,0.21222011152889309
2020-01-10 22:00:00,0.27990752826030985
2020-01-10 22:03:00,0.3406681945207879
2020-01-10 22:06:00,0.2678795471284161
2020-01-10 22:09:00,0.2206497314161311
2020-01-10 22:12:00,0.30680755736023
2020-01-10 22:15:00,0.14171886710852277
2020-01-10 22:18:00,0.34214354435846417
2020-01-10 22:21:00,0.22919745505203082
2020-01-10 22:24:00,0.191440970986946
2020-01-10 22:27:00,0.23416374552601837
2020-01-10 22:30:00,0.18515736661152005
2020-01-10 22:33:00,0.1949872956036529
2020-01-10 22:36:00,0.25454134435528886
2020-01-10 22:39:00,0.25741390885650617
2020-01-10 22:42:00,0.23325350167942815
2020-01-10 22:45:00,0.18381210258462488
2020-01-10 22:48:00,0.32047640573853187
2020-01-10 22:51:00,0.2621585649524718
2020-01-10 22:54:00,0.3117006337276962
2020-01-10 22:57:00,0.28695747534129623
2020-01-10 23:00:00,0.19736543117392102
2020-01-10 23:03:00,0.18385226104118146
2020-01-10 23:06:00,0.12378446253279662
2020-01-10 23:09:00,0.3193571274389342
2020-01-10 23:12:00,0.29757876962469254
2020-01-10 23:15:00,0.20607940044448014
2020-01-10 23:18:00,0.3045552072721307
2020-01-10 23:21:00,0.24148735834586432
2020-01-10 23:24:00,0.2397361279625443
2020-01-10 23:27:00,0.25989946552255105
2020-01-10 23:30:00,0.18497534867060494
2020-01-10 23:33:00,0.2473387232352593
2020-01-10 23:36:00,0.22446875504465424
2020-01-10 23:39:00,0.27945136737679377
2020-01-10 23:42:00,0.3533968384926993
2020-01-10 23:45:00,0.25004971598031034
2020-01-10 23:48:00,0.2724917063414978
2020-01-10 23:51:00,0.2301091404641511
2020-01-10 23:54:00,0.2530803061201823
2020-01-10 23:57:00,0.2842908629990575
2020-01-11 00:00:00,0.3218876413738485
2020-01-11 00:03:00,0.269516326535836
2020-01-11 00:06:00,0.26034662094872374
2020-01-11 00:09:00,0.2902469543527104
2020-01-11 00:12:00,0.38705911283966543
2020-01-11 00:15:00,0.31948511343426844
2020-01-11 00:18:00,0.2936847469878785
2020-01-11 00:21:00,0.3236952862995395
2020-01-11 00:24:00,0.26879419543155336
2020-01-11 00:27:00,0.22222205616674273
2020-01-11 00:30:00,0.32805262413211267
2020-01-11 00:33:00,0.18449566390779637
2020-01-11 00:36:00,0.2906149272352536
2020-01-11 00:39:00,0.283777525473738
2020-01-11 00:42:00,0.3092554417049769
2020-01-11 00:45:00,0.2563596117001907
2020-01-11 00:48:00,0.2034716335924145
2020-01-11 00:51:00,0.20136737717268716
2020-01-11 00:54:00,0.33269061389802346
2020-01-11 00:57:00,0.24278705704705317
2020-01-11 01:00:00,0.1704605904167238
2020-01-11 01:03:00,0.26595718420924186
2020-01-11 01:06:00,0.26749368030408505
2020-01-11 01:09:00,0.24201579092942893
2020-01-11 01:12:00,0.27182643981126375
2020-01-11 01:15:00,0.2455265024374853
2020-01-11 01:18:00,0.3480175749421619
2020-01-11 01:21:00,0.2448332014641892
2020-01-11 01:24:00,0.2848364326028445
2020-01-11 01:27:00,0.2529112998872165
2020-01-11 01:30:00,0.30196550106541054
2020-01-11 01:33:00,0.22928888406590886
2020-01-11 01:36:00,0.20304810336722312
2020-01-11 01:39:00,0.3237088072987717
2020-01-11 01:42:00,0.22310892747344724
2020-01-11 01:45:00,0.24934584074298982
2020-01-11 01:48:00,0.29031210799763585
2020-01-11 01:51:00,0.2580972662391332
2020-01-11 01:54:00,0.32509885546426176
2020-01-11 01:57:00,0.2110557810739806
2020-01-11 02:00:00,0.32915617206828074
2020-01-11 02:03:00,0.25940610641123385
2020-01-11 02:06:00,0.2726950937596371
2020-01-11 02:09:00,0.22047688876529037
2020-01-11 02:12:00,0.2226142110327487
2020-01-11 02:15:00,0.3168228435260403
2020-01-11 02:18:00,0.32340635315330246
2020-01-11 02:21:00,0.27272299236557274
2020-01-11 02:24:00,0.3080543493117034
2020-01-11 02:27:00,0.33747451518570415
2020-01-11 02:30:00,0.3397976423779596
2020-01-11 02:33:00,0.29629987441609273
2020-01-11 02:36:00,0.3193466648062895
2020-01-11 02:39:00,0.3074578961513339
2020-01-11 02:42:00,0.2205656902384021
2020-01-11 02:45:00,0.21419166117425448
2020-01-11 02:48:00,0.23740271456523487
2020-01-11 02:51:00,0.25885464871703334
2020-01-11 02:54:00,0.2382973913911428
2020-01-11 02:57:00,0.22411445793323992
2020-01-11 03:00:00,0.2571242453867626
2020-01-11 03:03:00,0.31445072047006306
2020-01-11 03:06:00,0.2289131513559255
2020-01-11 03:09:00,0.3022051907232708
2020-01-11 03:12:00,0.30275395488757795
2020-01-11 03:15:00,0.28231756426390575
2020-01-11 03:18:00,0.2973830137299842
2020-01-11 03:21:00,0.34791429427338016
2020-01-11 03:24:00,0.41950575070006835
2020-01-11 03:27:00,0.3047871795398578
2020-01-11 03:30:00,0.31260252198455873
2020-01-11 03:33:00,0.32821820059024276
2020-01-11 03:36:00,0.29059648558580875
2020-01-11 03:39:00,0.3071127507562892
2020-01-11 03:42:00,0.3831179193537082
2020-01-11 03:45:00,0.33249009701563637
2020-01-11 03:48:00,0.359543387590179
2020-01-11 03:51:00,0.3239657705867103
2020-01-11 03:54:00,0.2774061219574264
2020-01-11 03:57:00,0.3735358863278293
2020-01-11 04:00:00,0.33580951328161746
2020-01-11 04:03:00,0.3987007458314906
2020-01-11 04:06:00,0.35503922044654246
2020-01-11 04:09:00,0.37195722417499155
2020-01-11 04:12:00,0.41812793217968647
2020-01-11 04:15:00,0.4428487928361733
2020-01-11 04:18:00,0.3701906500585892
2020-01-11 04:21:00,0.3861170405608618
2020-01-11 04:24:00,0.38832868836868784
2020-01-11 04:27:00,0.4702043189133178
2020-01-11 04:30:00,0.36527560548381643
2020-01-11 04:33:00,0.31633004565236433
2020-01-11 04:36:00,0.403930189391815
2020-01-11 04:39:00,0.4383065626169582
2020-01-11 04:42:00,0.3259689500654872
2020-01-11 04:45:00,0.4048050664708853
2020-01-11 04:48:00,0.274416418769988
2020-01-11 04:51:00,0.4047644659022467
2020-01-11 04:54:00,0.5002289780927072
2020-01-11 04:57:00,0.4464212845554698
2020-01-11 05:00:00,0.4051614724347701
2020-01-11 05:03:00,0.3938430461222424
2020-01-11 05:06:00,0.33968215762268983
2020-01-11 05:09:00,0.3678089884634801
2020-01-11 05:12:00,0.39895757059491643
2020-01-11 05:15:00,0.419351570868173
2020-01-11 05:18:00,0.37963032305970046
2020-01-11 05:21:00,0.40737380707571447
2020-01-11 05:24:00,0.47050890282702085
2020-01-11 05:27:00,0.43172347600108196
2020-01-11 05:30:00,0.3868695439518888
2020-01-11 05:33:00,0.4806593564328523
2020-01-11 05:36:00,0.36012723835079896
2020-01-11 05:39:00,0.37376222400808956
2020-01-11 05:42:00,0.418318956341011
2020-01-11 05:45:00,0.4311741380554963
2020-01-11 05:48:00,0.4423371937910474
2020-01-11 05:51:00,0.45331096261548964
2020-01-11 05:54:00,0.4196574174333705
2020-01-11 05:57:00,0.4053081366762967
2020-01-11 06:00:00,0.3857738802204267
2020-01-11 06:03:00,0.41511160045195084
2020-01-11 06:06:00,0.4856382728438007
2020-01-11 06:09:00,0.4013707294838582
2020-01-11 06:12:00,0.4466808255058936
2020-01-11 06:15:00,0.4611695834731222
2020-01-11 06:18:00,0.5531635631539871
2020-01-11 06:21:00,0.4575408845988136
2020-01-11 06:24:00,0.3810105610824621
2020-01-11 06:27:00,0.5153657915125791
2020-01-11 06:30:00,0.4745482656909985
2020-01-11 06:33:00,0.37904480479295444
2020-01-11 06:36:00,0.4315821162247744
2020-01-11 06:39:00,0.42366521581783445
2020-01-11 06:42:00,0.3911719841516401
2020-01-11 06:45:00,0.3873739685984674
2020-01-11 06:48:00,0.42552676987673976
2020-01-11 06:51:00,0.45233056252152437
2020-01-11 06:54:00,0.5074867034185218
2020-01-11 06:57:00,0.48053937783100764
2020-01-11 07:00:00,0.4246855140797834
2020-01-11 07:03:00,0.4661415108652136
2020-01-11 07:06:00,0.4225893630588189
2020-01-11 07:09:00,0.4849232887928565
2020-01-11 07:12:00,0.41331579567406607
2020-01-11 07:15:00,0.5253288903108455
2020-01-11 07:18:00,0.5124611773625247
2020-01-11 07:21:00,0.5383715965443798
2020-01-11 07:24:00,0.46413186359188785
2020-01-11 07:27:00,0.37677625693521577
2020-01-11 07:30:00,0.41456256679191483
2020-01-11 07:33:00,0.462545699917996
2020-01-11 07:36:00,0.35063235872377163
2020-01-11 07:39:00,0.34282063428292986
2020-01-11 07:42:00,0.505920341581998
2020-01-11 07:45:00,0.37728023249883336
2020-01-11 07:48:00,0.35160345160079487
2020-01-11 07:51:00,0.3428438580642137
2020-01-11 07:54:00,0.3778575025270925
2020-01-11 07:57:00,0.3948146841142943
2020-01-11 08:00:00,0.29104774630349084
2020-01-11 08:03:00,0.23332487841628335
2020-01-11 08:06:00,0.31325602848477274
2020-01-11 08:09:00,0.3014432673053875
2020-01-11 08:12:00,0.2864164060778194
2020-01-11 08:15:00,0.3071934351240202
2020-01-11 08:18:00,0.24738588345519474
2020-01-11 08:21:00,0.20598970002032502
2020-01-11 08:24:00,0.23478804831574962
2020-01-11 08:27:00,0.17744904422488617
2020-01-11 08:30:00,0.2905948066369888
2020-01-11 08:33:00,0.27737392070548594
2020-01-11 08:36:00,0.15884169070608323
2020-01-11 08:39:00,0.1634430495533934
2020-01-11 08:42:00,0.14950958547842674
2020-01-11 08:45:00,0.10658754218815147
2020-01-11 08:48:00,0.10224828593567281
2020-01-11 08:51:00,0.0326381525651982
2020-01-11 08:54:00,0.06892180549198201
2020-01-11 08:57:00,0.07693183249472213
2020-01-11 09:00:00,0.004047664116171745
2020-01-11 09:03:00,0.13050429274733233
2020-01-11 09:06:00,0.04900915926276639
2020-01-11 09:09:00,-0.05351083565102499
2020-01-11 09:12:00,-0.09222752547339041
2020-01-11 09:15:00,-0.08551154008955564
2020-01-11 09:18:00,-0.007929119973255183
2020-01-11 09:21:00,-0.08113642764777751
2020-01-11 09:24:00,-0.05982657953421722
2020-01-11 09:27:00,-0.029566819042258885
2020-01-11 09:30:00,-0.15855753210229295
2020-01-11 09:33:00,-0.08852632913635716
2020-01-11 09:36:00,-0.08741418444878946
2020-01-11 09:39:00,-0.08625626178684342
2020-01-11 09:42:00,-0.1674261330997524
2020-01-11 09:45:00,-0.07583717438365056
2020-01-11 09:48:00,-0.07162353198617666
2020-01-11 09:51:00,-0.006162888951962486
2020-01-11 09:54:00,-0.019436620841190688
2020-01-11 09:57:00,-0.04824785643421592
2020-01-11 10:00:00,-0.10467046603798735
2020-01-11 10:03:00,-0.12937019054669463
2020-01-11 10:06:00,0.00019357992135837776
2020-01-11 10:09:00,-0.0595156238251775
2020-01-11 10:12:00,-0.1373635847355672
2020-01-11 10:15:00,-0.09070648976006623
2020-01-11 10:18:00,-0.08689263599740116
2020-01-11 10:21:00,-0.20933449033213947
2020-01-11 10:24:00,-0.05435093148918213
2020-01-11 10:27:00,-0.1880214720248432
2020-01-11 10:30:00,-0.14942547157465924
2020-01-11 10:33:00,-0.1842347333390535
2020-01-11 10:36:00,-0.20848225045881463
2020-01-11 10:39:00,-0.10587746621149563
2020-01-11 10:42:00,-0.201521707784309
2020-01-11 10:45:00,-0.31893863230027364
2020-01-11 10:48:00,-0.2306211024587128
2020-01-11 10:51:00,-0.22734377877139877
2020-01-11 10:54:00,-0.24252420275473696
2020-01-11 10:57:00,-0.3222461633050102
2020-01-11 11:00:00,-0.24726015868446893
2020-01-11 11:03:00,-0.4247912723782292
2020-01-11 11:06:00,-0.40193153580457874
2020-01-11 11:09:00,-0.35971926537632726
2020-01-11 11:12:00,-0.302857222924672
2020-01-11 11:15:00,-0.34001684380888264
2020-01-11 11:18:00,-0.2637273150760393
2020-01-11 11:21:00,-0.32474506498033406
2020-01-11 11:24:00,-0.2953825533647887
2020-01-11 11:27:00,-0.3548743840299835
2020-01-11 11:30:00,-0.33374831868314914
2020-01-11 11:33:00,-0.3562068744162161
2020-01-11 11:36:00,-0.43548791518105645
2020-01-11 11:39:00,-0.26222418738746
2020-01-11 11:42:00,-0.29729896262313105
2020-01-11 11:45:00,-0.3412963032775451
2020-01-11 11:48:00,-0.3681280132479401
2020-01-11 11:51:00,-0.2871626119560915
2020-01-11 11:54:00,-0.3078047983358374
2020-01-11 11:57:00,-0.3530638792828995
2020-01-11 12:00:00,-0.4467746873066858
2020-01-11 12:03:00,-0.28848297448666926
2020-01-11 12:06:00,-0.33861744376156366
2020-01-11 12:09:00,-0.29131465845586035
2020-01-11 12:12:00,-0.4069126298972492
2020-01-11 12:15:00,-0.3522732221745173
2020-01-11 12:18:00,-0.46761280056011856
2020-01-11 12:21:00,-0.3764767952927741
2020-01-11 12:24:00,-0.32995535657840946
2020-01-11 12:27:00,-0.3233537326476039
2020-01-11 12:30:00,-0.2353223515940499
2020-01-11 12:33:00,-0.3258841034585771
2020-01-11 12:36:00,-0.3566508525601648
2020-01-11 12:39:00,-0.3278622296227809
2020-01-11 12:42:00,-0.20157734386538095
2020-01-11 12:45:00,-0.44370245648809714
2020-01-11 12:48:00,-0.4200174649274686
2020-01-11 12:51:00,-0.47261237350130614
2020-01-11 12:54:00,-0.42000741066846103
2020-01-11 12:57:00,-0.4594509791447763
2020-01-11 13:00:00,-0.38420478059316565
2020-01-11 13:03:00,-0.4252151533764845
2020-01-11 13:06:00,-0.2721949286276413
2020-01-11 13:09:00,-0.38564134159611285
2020-01-11 13:12:00,-0.36608418922889996
2020-01-11 13:15:00,-0.30950270485845977
2020-01-11 13:18:00,-0.46381476760814166
2020-01-11 13:21:00,-0.3609065139119707
2020-01-11 13:24:00,-0.3113175470527949
2020-01-11 13:27:00,-0.3179367421362258
2020-01-11 13:30:00,-0.4276997483698324
2020-01-11 13:33:00,-0.32288473993520483
2020-01-11 13:36:00,-0.4692119220667337
2020-01-11 13:39:00,-0.3516674033102163
2020-01-11 13:42:00,-0.4599539006006239
2020-01-11 13:45:00,-0.46544935942085885
2020-01-11 13:48:00,-0.43682859188328393
2020-01-11 13:51:00,-0.3202591923363798
2020-01-11 13:54:00,-0.4865828802626879
2020-01-11 13:57:00,-0.3756360996068224
2020-01-11 14:00:00,-0.5604214104799325
2020-01-11 14:03:00,-0.436874532122431
2020-01-11 14:06:00,-0.4869802402340042
2020-01-11 14:09:00,-0.482020415162026
2020-01-11 14:12:00,-0.4425950948308355
2020-01-11 14:15:00,-0.5356545205449947
2020-01-11 14:18:00,-0.44452440997554277
2020-01-11 14:21:00,-0.3956395553910852
2020-01-11 14:24:00,-0.5948004768572446
2020-01-11 14:27:00,-0.43426739714499263
2020-01-11 14:30:00,-0.43560040182381954
2020-01-11 14:33:00,-0.46790303894727003
2020-01-11 14:36:00,-0.48827184996110873
2020-01-11 14:39:00,-0.5196502989897454
2020-01-11 14:42:00,-0.47461564520352795
2020-01-11 14:45:00,-0.5508023655663123
2020-01-11 14:48:00,-0.43977770916296777
2020-01-11 14:51:00,-0.4523009534272546
2020-01-11 14:54:00,-0.5424738159879894
2020-01-11 14:57:00,-0.48473175939165003
2020-01-11 15:00:00,-0.45808200758807516
2020-01-11 15:03:00,-0.5089970841199829
2020-01-11 15:06:00,-0.5272086687434694
2020-01-11 15:09:00,-0.47430913670149266
2020-01-11 15:12:00,-0.46052977413444296
2020-01-11 15:15:00,-0.4115083437861813
2020-01-11 15:18:00,-0.38993563160795475
2020-01-11 15:21:00,-0.3897924508673327
2020-01-11 15:24:00,-0.50067224719362
2020-01-11 15:27:00,-0.4368436983338597
2020-01-11 15:30:00,-0.48254500783690446
2020-01-11 15:33:00,-0.4708586457669526
2020-01-11 15:36:00,-0.5466622864364012
2020-01-11 15:39:00,-0.58821409946313
2020-01-11 15:42:00,-0.4860187733331145
2020-01-11 15:45:00,-0.4370601539654899
2020-01-11 15:48:00,-0.4875642997662908
2020-01-11 15:51:00,-0.5324687541246362
2020-01-11 15:54:00,-0.47317156385082626
2020-01-11 15:57:00,-0.4736260517419737
2020-01-11 16:00:00,-0.5427910923915533
2020-01-11 16:03:00,-0.5892107744799091
2020-01-11 16:06:00,-0.5116298069975187
2020-01-11 16:09:00,-0.48638494321784265
2020-01-11 16:12:00,-0.5285878623985241
2020-01-11 16:15:00,-0.5754381083569342
2020-01-11 16:18:00,-0.4384781700948679
2020-01-11 16:21:00,-0.5151378051757547
2020-01-11 16:24:00,-0.5398798226432859
2020-01-11 16:27:00,-0.5194056297983707
2020-01-11 16:30:00,-0.5182469612835234
2020-01-11 16:33:00,-0.4478791323818996
2020-01-11 16:36:00,-0.5514500210986739
2020-01-11 16:39:00,-0.5325542622071566
2020-01-11 16:42:00,-0.4773135031564948
2020-01-11 16:45:00,-0.507916639150892
2020-01-11 16:48:00,-0.35628446084473353
2020-01-11 16:51:00,-0.41895396998751266
2020-01-11 16:54:00,-0.4676594544289969
2020-01-11 16:57:00,-0.5188929722411899
2020-01-11 17:00:00,-0.5018675410183846
2020-01-11 17:03:00,-0.5455057304707793
2020-01-11 17:06:00,-0.38834889383917925
2020-01-11 17:09:00,-0.45037067403160336
2020-01-11 17:12:00,-0.46129773410291364
2020-01-11 17:15:00,-0.4602327435499092
2020-01-11 17:18:00,-0.411095010090321
2020-01-11 17:21:00,-0.46261237143727385
2020-01-11 17:24:00,-0.46526531646418334
2020-01-11 17:27:00,-0.4841319531241197
2020-01-11 17:30:00,-0.4376316365502362
2020-01-11 17:33:00,-0.44445708949558593
2020-01-11 17:36:00,-0.4184962401852772
2020-01-11 17:39:00,-0.34680382406048693
2020-01-11 17:42:00,-0.42109737220204124
2020-01-11 17:45:00,-0.47079765438201093
2020-01-11 17:48:00,-0.41332406401119215
2020-01-11 17:51:00,-0.5003457223247096
2020-01-11 17:54:00,-0.4786830179793924
2020-01-11 17:57:00,-0.44131447734997664
2020-01-11 18:00:00,-0.41324920533219256
2020-01-11 18:03:00,-0.4321739736824952
2020-01-11 18:06:00,-0.2863583355681385
2020-01-11 18:09:00,-0.48768279348115584
2020-01-11 18:12:00,-0.4025921932946517
2020-01-11 18:15:00,-0.3424844886965843
2020-01-11 18:18:00,-0.2904344135564543
2020-01-11 18:21:00,-0.38224468754197005
2020-01-11 18:24:00,-0.28797732038668755
2020-01-11 18:27:00,-0.20651722745543566
2020-01-11 18:30:00,-0.18613971243701144
2020-01-11 18:33:00,-0.21573186997176208
2020-01-11 18:36:00,-0.2399696457956111
2020-01-11 18:39:00,-0.26500381717744403
2020-01-11 18:42:00,-0.1191576721988099
2020-01-11 18:45:00,-0.17954219091114965
2020-01-11 18:48:00,-0.22811458533283258
2020-01-11 18:51:00,-0.1816559087654923
2020-01-11 18:54:00,
2020-01-11 18:57:00,
2020-01-11 19:00:00,
2020-01-11 19:03:00,-0.10918138853605797
2020-01-11 19:06:00,-0.19324366188584463
2020-01-11 19:09:00,-0.22271106591620082
2020-01-11 19:12:00,-0.14755725650553586
2020-01-11 19:15:00,-0.22650037280220658
2020-01-11 19:18:00,-0.26028374145386124
2020-01-11 19:21:00,-0.17053588318879065
2020-01-11 19:24:00,-0.21685807525199152
2020-01-11 19:27:00,-0.19223467259877225
2020-01-11 19:30:00,-0.21213682678848045
2020-01-11 19:33:00,-0.16440679231692457
2020-01-11 19:36:00,-0.15933684953290594
2020-01-11 19:39:00,-0.2952406973825532
2020-01-11 19:42:00,-0.2066825245553332
2020-01-11 19:45:00,-0.19118629327584813
2020-01-11 19:48:00,-0.06352410465478897
2020-01-11 19:51:00,-0.18390815162513263
2020-01-11 19:54:00,-0.25071318769334994
2020-01-11 19:57:00,-0.09539388413440975
2020-01-11 20:00:00,-0.03231333955329774
2020-01-11 20:03:00,-0.21231700931605246
2020-01-11 20:06:00,-0.060617054796580305
2020-01-11 20:09:00,-0.057606199176461814
2020-01-11 20:12:00,-0.09643232732980778
2020-01-11 20:15:00,-0.06669748414867627
2020-01-11 20:18:00,-0.0007097629793975102
2020-01-11 20:21:00,-0.10501066174469997
2020-01-11 20:24:00,-0.04495050116810262
2020-01-11 20:27:00,-0.11452865404834256
2020-01-11 20:30:00,0.0094765703062194
2020-01-11 20:33:00,-0.0751131446259592
2020-01-11 20:36:00,-0.10393075521710671
2020-01-11 20:39:00,-0.10752912095136935
2020-01-11 20:42:00,-0.10628621502053193
2020-01-11 20:45:00,-0.10980702839754031
2020-01-11 20:48:00,0.0020346961436530364
2020-01-11 20:51:00,-0.046094736473094144
2020-01-11 20:54:00,-0.03980743187554481
2020-01-11 20:57:00,-0.03743161906129444
2020-01-11 21:00:00,-0.0020991854522662834
2020-01-11 21:03:00,-0.06381246430152032
2020-01-11 21:06:00,0.002559194388936703
2020-01-11 21:09:00,-0.022822241415610733
2020-01-11 21:12:00,0.038966368925173356
2020-01-11 21:15:00,0.023730510322138798
2020-01-11 21:18:00,-0.0873454080426086
2020-01-11 21:21:00,0.03720739608746726
2020-01-11 21:24:00,0.006533158255081162
2020-01-11 21:27:00,0.025575358712330853
2020-01-11 21:30:00,0.005913371796282263
2020-01-11 21:33:00,0.017542133616302635
2020-01-11 21:36:00,-0.11846336639700894
2020-01-11 21:39:00,-0.04791788825104959
2020-01-11 21:42:00,-0.06803114193110105
2020-01-11 21:45:00,0.020042125122131438
2020-01-11 21:48:00,-0.1172027025565967
2020-01-11 21:51:00,-0.02582699533354571
2020-01-11 21:54:00,0.06550667876632588
2020-01-11 21:57:00,-0.023125443547655777
2020-01-11 22:00:00,-0.09194354517347847
2020-01-11 22:03:00,-0.003210689931563593
2020-01-11 22:06:00,-0.02435783735916175
2020-01-11 22:09:00,-0.04421671958374418
2020-01-11 22:12:00,0.07083539187169663
2020-01-11 22:15:00,0.10235995968167799
2020-01-11 22:18:00,0.04225587507517048
2020-01-11 22:21:00,0.07620048894921183
2020-01-11 22:24:00,0.044505110036141105
2020-01-11 22:27:00,0.06304309982698442
2020-01-11 22:30:00,0.005898823462985092
2020-01-11 22:33:00,0.051436896142831756
2020-01-11 22:36:00,-0.08932135212944559
2020-01-11 22:39:00,0.07821604358940704
2020-01-11 22:42:00,0.12131427447377519
2020-01-11 22:45:00,0.10702242282974339
2020-01-11 22:48:00,0.14898052618957536
2020-01-11 22:51:00,0.018027205499549837
2020-01-11 22:54:00,0.10878732798664714
2020-01-11 22:57:00,0.0629268932384548
2020-01-11 23:00:00,0.08035948379927049
2020-01-11 23:03:00,0.01633579201552493
2020-01-11 23:06:00,0.1197806043155083
2020-01-11 23:09:00,0.03758309618092426
2020-01-11 23:12:00,0.05714376826546186
2020-01-11 23:15:00,0.05713507879892177
2020-01-11 23:18:00,0.037757464874459856
2020-01-11 23:21:00,0.042423083100686654
2020-01-11 23:24:00,0.18305827958624832
2020-01-11 23:27:00,0.0925556788636186
2020-01-11 23:30:00,0.09872210010132676
2020-01-11 23:33:00,0.1669147694473736
2020-01-11 23:36:00,0.061860525858548954
2020-01-11 23:39:00,0.03533216109667592
2020-01-11 23:42:00,0.11182373741058882
2020-01-11 23:45:00,0.1319354130991428
2020-01-11 23:48:00,0.12157112370312007
2020-01-11 23:51:00,0.17810797247182109
2020-01-11 23:54:00,0.09147833552526663
2020-01-11 23:57:00,0.060389817489067354
2020-01-12 00:00:00,0.1611486554791668
2020-01-12 00:03:00,0.20175643688838818
2020-01-12 00:06:00,0.10894359248055707
2020-01-12 00:09:00,0.025858888449761253
2020-01-12 00:12:00,0.1675304053649711
2020-01-12 00:15:00,0.11193933219095697
2020-01-12 00:18:00,0.1649267815500366
2020-01-12 00:21:00,0.13472767847883915
2020-01-12 00:24:00,0.13970270242759852
2020-01-12 00:27:00,0.13787189560594015
2020-01-12 00:30:00,0.05755789783580667
2020-01-12 00:33:00,0.19842158208825822
2020-01-12 00:36:00,0.1657269213387167
2020-01-12 00:39:00,0.21828270419030105
2020-01-12 00:42:00,0.15554090220507533
2020-01-12 00:45:00,0.19250143603858305
2020-01-12 00:48:00,0.23584883833217418
2020-01-12 00:51:00,0.1898980134529893
2020-01-12 00:54:00,0.2747854283930451
2020-01-12 00:57:00,0.2030849984009251
2020-01-12 01:00:00,0.13539443617776215
2020-01-12 01:03:00,0.1910821426737357
2020-01-12 01:06:00,0.12328993412631917
2020-01-12 01:09:00,0.21764152168861983
2020-01-12 01:12:00,0.26547151300923133
2020-01-12 01:15:00,0.28867792286075655
2020-01-12 01:18:00,0.1878865276832471
2020-01-12 01:21:00,0.22343152952748824
2020-01-12 01:24:00,0.22450473406820493
2020-01-12 01:27:00,0.24639269718642254
2020-01-12 01:30:00,0.15948832318150608
2020-01-12 01:33:00,0.32166083680937163
2020-01-12 01:36:00,0.26755595653241926
2020-01-12 01:39:00,0.12670939954102778
2020-01-12 01:42:00,0.2731478023155205
2020-01-12 01:45:00,0.2513022083398937
2020-01-12 01:48:00,0.24711926684517493
2020-01-12 01:51:00,0.36249456012001247
2020-01-12 01:54:00,0.23977567962896273
2020-01-12 01:57:00,0.19580642049913877
2020-01-12 02:00:00,0.20034328234066834
2020-01-12 02:03:00,0.20158799004610728
2020-01-12 02:06:00,0.22223514790448462
2020-01-12 02:09:00,0.24887874107992047
2020-01-12 02:12:00,0.2636221290355252
2020-01-12 02:15:00,0.21545547493258255
2020-01-12 02:18:00,0.1786218031938347
2020-01-12 02:21:00,0.16891102093728705
2020-01-12 02:24:00,0.19983046987414355
2020-01-12 02:27:00,0.28777746905177537
2020-01-12 02:30:00,0.2170991985846058
2020-01-12 02:33:00,0.29018385296058113
2020-01-12 02:36:00,0.25694568242249716
2020-01-12 02:39:00,0.2922015283662631
2020-01-12 02:42:00,0.3549458745800962
2020-01-12 02:45:00,0.22489610288278072
2020-01-12 02:48:00,0.24508360934584061
2020-01-12 02:51:00,0.2728274863985689
2020-01-12 02:54:00,0.33637376503867245
2020-01-12 02:57:00,0.3024237691816438
2020-01-12 03:00:00,0.27255763121519294
2020-01-12 03:03:00,0.354444324124529
2020-01-12 03:06:00,0.39414278756771637
2020-01-12 03:09:00,0.364745735492761
2020-01-12 03:12:00,0.31728012716274634
2020-01-12 03:15:00,0.21898822062962608
2020-01-12 03:18:00,0.33176787854006307
2020-01-12 03:21:00,0.31427182433458256
2020-01-12 03:24:00,0.2762577872873635
2020-01-12 03:27:00,0.2303336838246537
2020-01-12 03:30:00,0.2922581581483996
2020-01-12 03:33:00,0.28065417574390494
2020-01-12 03:36:00,0.3009252164717964
2020-01-12 03:39:00,0.4524256303005245
2020-01-12 03:42:00,0.36641512346193394
2020-01-12 03:45:00,0.3238782292826272
2020-01-12 03:48:00,0.2847830050138782
2020-01-12 03:51:00,0.1877176375498948
2020-01-12 03:54:00,0.37035042686295583
2020-01-12 03:57:00,0.27622637958637597
2020-01-12 04:00:00,0.3657826486800104
2020-01-12 04:03:00,0.41321784231064385
2020-01-12 04:06:00,0.3595282937467914
2020-01-12 04:09:00,0.360837413922809
2020-01-12 04:12:00,0.28432848171718206
2020-01-12 04:15:00,0.32239658714894404
2020-01-12 04:18:00,0.3798002643970335
2020-01-12 04:21:00,0.26753691740600516
2020-01-12 04:24:00,0.3593063741044489
2020-01-12 04:27:00,0.3284281450602293
2020-01-12 04:30:00,0.36471979294884704
2020-01-12 04:33:00,0.2627663892697001
2020-01-12 04:36:00,0.3932988217192701
2020-01-12 04:39:00,0.3564779093853758
2020-01-12 04:42:00,0.3513374836580283
2020-01-12 04:45:00,0.3154878665430374
2020-01-12 04:48:00,0.2926577474257783
2020-01-12 04:51:00,0.4350448166136971
2020-01-12 04:54:00,0.32163099444579757
2020-01-12 04:57:00,0.32809790860346766
2020-01-12 05:00:00,0.37556973198968535
2020-01-12 05:03:00,0.3654184850119009
2020-01-12 05:06:00,0.33526170591369464
2020-01-12 05:09:00,0.3955203638109879
2020-01-12 05:12:00,0.32235849183609844
2020-01-12 05:15:00,0.3621499219587463
2020-01-12 05:18:00,0.39479562681179914
2020-01-12 05:21:00,0.4893880099498915
2020-01-12 05:24:00,0.3862373776759114
2020-01-12 05:27:00,0.42222370971131795
2020-01-12 05:30:00,0.4468835090717107
2020-01-12 05:33:00,0.3840739857807307
2020-01-12 05:36:00,0.4524673500491758
2020-01-12 05:39:00,0.4126880337301486
2020-01-12 05:42:00,0.37404931047251466
2020-01-12 05:45:00,0.4671435098885013
2020-01-12 05:48:00,0.5045382228934727
2020-01-12 05:51:00,0.42598116549157794
2020-01-12 05:54:00,0.4442070613609417
2020-01-12 05:57:00,0.3438228170959974
2020-01-12 06:00:00,0.46763960096353685
2020-01-12 06:03:00,0.4424278309150509
2020-01-12 06:06:00,0.46971887782200383
2020-01-12 06:09:00,0.43691549807948604
2020-01-12 06:12:00,0.4099803377223452
2020-01-12 06:15:00,0.49254935453609505
2020-01-12 06:18:00,0.439725831699036
2020-01-12 06:21:00,0.5173722262839533
2020-01-12 06:24:00,0.48101782608210897
2020-01-12 06:27:00,0.4706769950468015
2020-01-12 06:30:00,0.4211771640336792
2020-01-12 06:33:00,0.4631376914694556
2020-01-12 06:36:00,0.5221642415297083
2020-01-12 06:39:00,0.4782499518011605
2020-01-12 06:42:00,0.4569811686418461
2020-01-12 06:45:00,0.4070959327177093
2020-01-12 06:48:00,0.4994951813952184
2020-01-12 06:51:00,0.5186811153840267
2020-01-12 06:54:00,0.4946482894962969
2020-01-12 06:57:00,0.6014202193612164
2020-01-12 07:00:00,0.5516078876806318
2020-01-12 07:03:00,0.5287982526812698
2020-01-12 07:06:00,0.48948210097017864
2020-01-12 07:09:00,0.5753845977055221
2020-01-12 07:12:00,0.6199244637237484
2020-01-12 07:15:00,0.5628040118294848
2020-01-12 07:18:00,0.5452724925977463
2020-01-12 07:21:00,0.5539260942400688
2020-01-12 07:24:00,0.5101529193183865
2020-01-12 07:27:00,0.4843984003839523
2020-01-12 07:30:00,0.48178239057943983
2020-01-12 07:33:00,0.5373762986019983
2020-01-12 07:36:00,0.5706926807716286
2020-01-12 07:39:00,0.474379633512342
2020-01-12 07:42:00,0.44849991327924954
2020-01-12 07:45:00,0.5361495675551851
2020-01-12 07:48:00,0.444860353678564
2020-01-12 07:51:00,0.5491906495827266
2020-01-12 07:54:00,0.5312332390101346
2020-01-12 07:57:00,0.5084518406346774
2020-01-12 08:00:00,0.4104493878116955
2020-01-12 08:03:00,0.44421980965762486
2020-01-12 08:06:00,0.44422785904760076
2020-01-12 08:09:00,0.4754428525620824
2020-01-12 08:12:00,0.4667275643813582
2020-01-12 08:15:00,0.4645382724385172
2020-01-12 08:18:00,0.39981644164691943
2020-01-12 08:21:00,0.41722098732287805
2020-01-12 08:24:00,0.37696033660591866
2020-01-12 08:27:00,0.3543417616809279
2020-01-12 08:30:00,0.43723530639800856
2020-01-12 08:33:00,0.36699974328308826
2020-01-12 08:36:00,0.45656236286561125
2020-01-12 08:39:00,0.3679622482947025
2020-01-12 08:42:00,0.3134814773492849
2020-01-12 08:45:00,0.40976222778931515
2020-01-12 08:48:00,0.3446716733489552
2020-01-12 08:51:00,0.3425602544769504
2020-01-12 08:54:00,0.3326067611913004
2020-01-12 08:57:00,0.27605869830284746
2020-01-12 09:00:00,0.317364196083588
2020-01-12 09:03:00,0.2838491915580903
2020-01-12 09:06:00,0.27191920592878205
2020-01-12 09:09:00,0.3164808592491113
2020-01-12 09:12:00,0.3106130408668264
2020-01-12 09:15:00,0.1508731085455679
2020-01-12 09:18:00,0.24540910576502029
2020-01-12 09:21:00,0.12680351582451976
2020-01-12 09:24:00,0.20599530616817674
2020-01-12 09:27:00,0.13303784001215035
2020-01-12 09:30:00,0.04857885088154035
2020-01-12 09:33:00,0.1521004344089647
2020-01-12 09:36:00,0.20013548929563285
2020-01-12 09:39:00,0.11941858533072036
2020-01-12 09:42:00,0.06642381136600761
2020-01-12 09:45:00,0.056110366218149466
2020-01-12 09:48:00,0.06144827090764693
2020-01-12 09:51:00,0.11699271183823612
2020-01-12 09:54:00,0.09971789631526917
2020-01-12 09:57:00,0.08424841275063955
2020-01-12 10:00:00,0.08820968793730799
2020-01-12 10:03:00,-0.032644448998723874
2020-01-12 10:06:00,0.01399467847500091
2020-01-12 10:09:00,-0.03893469019664053
2020-01-12 10:12:00,-0.05889279337657172
2020-01-12 10:15:00,-0.11998396077541429
2020-01-12 10:18:00,-0.15398191139394157
2020-01-12 10:21:00,-0.11281673894956157
2020-01-12 10:24:00,-0.14261306707822996
2020-01-12 10:27:00,-0.18920921485670306
2020-01-12 10:30:00,-0.2054863316395199
2020-01-12 10:33:00,-0.2323184276124266
2020-01-12 10:36:00,-0.27012550283785686
2020-01-12 10:39:00,-0.2049394795394619
2020-01-12 10:42:00,-0.26112965308635694
2020-01-12 10:45:00,-0.28458411401027206
2020-01-12 10:48:00,-0.25724158465260416
2020-01-12 10:51:00,-0.22084588248378623
2020-01-12 10:54:00,-0.30389629019043696
2020-01-12 10:57:00,-0.2570002661773856
2020-01-12 11:00:00,-0.2609009875732795
2020-01-12 11:03:00,-0.25957730500459775
2020-01-12 11:06:00,-0.33155347110215416
2020-01-12 11:09:00,-0.4270250134550224
2020-01-12 11:12:00,-0.20703548440894792
2020-01-12 11:15:00,-0.2583137807298499
2020-01-12 11:18:00,-0.2943430659526598
2020-01-12 11:21:00,-0.3153188649136496
2020-01-12 11:24:00,-0.3440930762927792
2020-01-12 11:27:00,-0.4107487581783289
2020-01-12 11:30:00,-0.3937223098145637
2020-01-12 11:33:00,-0.379766511056971
2020-01-12 11:36:00,-0.2383941646729113
2020-01-12 11:39:00,-0.4095523468914166
2020-01-12 11:42:00,-0.3514128211647858
2020-01-12 11:45:00,-0.33996250131173156
2020-01-12 11:48:00,-0.36626779038812174
2020-01-12 11:51:00,-0.2960565006870297
2020-01-12 11:54:00,-0.3742174783448604
2020-01-12 11:57:00,-0.30844252378722103
2020-01-12 12:00:00,-0.26130591677713255
2020-01-12 12:03:00,-0.3412577727326038
2020-01-12 12:06:00,-0.3759832619457484
2020-01-12 12:09:00,-0.34397584931360825
2020-01-12 12:12:00,-0.2868493318491119
2020-01-12 12:15:00,-0.4300489778337351
2020-01-12 12:18:00,-0.4133493214414443
2020-01-12 12:21:00,-0.3855629693001674
2020-01-12 12:24:00,-0.3278857530315804
2020-01-12 12:27:00,-0.4111765831732441
2020-01-12 12:30:00,-0.48254395942745987
2020-01-12 12:33:00,-0.4701974244352982
2020-01-12 12:36:00,-0.3970458413311917
2020-01-12 12:39:00,-0.43947344348089246
2020-01-12 12:42:00,-0.4400324211937914
2020-01-12 12:45:00,-0.40678436487667113
2020-01-12 12:48:00,-0.4189611573593197
2020-01-12 12:51:00,-0.36444168023302836
2020-01-12 12:54:00,-0.46435082636907055
2020-01-12 12:57:00,-0.417450195271158
2020-01-12 13:00:00,-0.33890595577770455
2020-01-12 13:03:00,-0.4715060349482769
2020-01-12 13:06:00,-0.5064720494621042
2020-01-12 13:09:00,-0.4216487332374186
2020-01-12 13:12:00,-0.4315393861922985
2020-01-12 13:15:00,-0.37549858482367426
2020-01-12 13:18:00,-0.4383380888888837
2020-01-12 13:21:00,-0.5340434818244262
2020-01-12 13:24:00,-0.5056934581730843
2020-01-12 13:27:00,-0.40770242384070343
2020-01-12 13:30:00,-0.4150286523696991
2020-01-12 13:33:00,-0.49093226008136526
2020-01-12 13:36:00,-0.5051832637747111
2020-01-12 13:39:00,-0.3788730522076662
2020-01-12 13:42:00,-0.50443336244183
2020-01-12 13:45:00,-0.3742625971532334
2020-01-12 13:48:00,-0.42602577111165374
2020-01-12 13:51:00,-0.30315565603939376
2020-01-12 13:54:00,-0.3827446277059039
2020-01-12 13:57:00,-0.4314066939293184
2020-01-12 14:00:00,-0.4354041005396425
2020-01-12 14:03:00,-0.43575645020717957
2020-01-12 14:06:00,-0.4923721874912417
2020-01-12 14:09:00,-0.48825756520619734
2020-01-12 14:12:00,-0.4790665910246048
2020-01-12 14:15:00,-0.43173594896978784
2020-01-12 14:18:00,-0.6098595459275202
2020-01-12 14:21:00,-0.5116862964489428
2020-01-12 14:24:00,-0.6562202049888697
2020-01-12 14:27:00,-0.4642551694528265
2020-01-12 14:30:00,-0.4083835864654475
2020-01-12 14:33:00,-0.4101033749843168
2020-01-12 14:36:00,-0.42611330287491
2020-01-12 14:39:00,-0.42380573172897584
2020-01-12 14:42:00,-0.3655240906022641
2020-01-12 14:45:00,-0.43243468633130533
2020-01-12 14:48:00,-0.4218998178598099
2020-01-12 14:51:00,-0.34737548228116566
2020-01-12 14:54:00,-0.3352046883030084
2020-01-12 14:57:00,-0.40524860472982027
2020-01-12 15:00:00,-0.5408834919244896
2020-01-12 15:03:00,-0.4089640959360281
2020-01-12 15:06:00,-0.5168459674063683
2020-01-12 15:09:00,-0.44355265534971977
2020-01-12 15:12:00,-0.4267386133307127
2020-01-12 15:15:00,-0.33041356240886444
2020-01-12 15:18:00,-0.4035470838667834
2020-01-12 15:21:00,-0.5016246225001169
2020-01-12 15:24:00,-0.3960354555010781
2020-01-12 15:27:00,-0.4818983240040211
2020-01-12 15:30:00,-0.43990793385245297
2020-01-12 15:33:00,-0.3672840698081359
2020-01-12 15:36:00,-0.4771982055544868
2020-01-12 15:39:00,-0.41348156977755934
2020-01-12 15:42:00,-0.3172131301981267
2020-01-12 15:45:00,-0.4311733677378129
2020-01-12 15:48:00,-0.44665700616496906
2020-01-12 15:51:00,-0.3796118242667035
2020-01-12 15:54:00,-0.4794962651393462
2020-01-12 15:57:00,-0.41874448822261456
2020-01-12 16:00:00,-0.41348891824469547
2020-01-12 16:03:00,-0.4386555799698044
2020-01-12 16:06:00,-0.3603858723990925
2020-01-12 16:09:00,-0.44910583461694387
2020-01-12 16:12:00,-0.3624002226299581
2020-01-12 16:15:00,-0.5053567944038377
2020-01-12 16:18:00,-0.5504065405147571
2020-01-12 16:21:00,-0.3543623030152503
2020-01-12 16:24:00,-0.38278625058143234
2020-01-12 16:27:00,-0.49737124698202706
2020-01-12 16:30:00,-0.475886458869752
2020-01-12 16:33:00,-0.4849612859906074
2020-01-12 16:36:00,-0.46722973704669357
2020-01-12 16:39:00,-0.48874360327738486
2020-01-12 16:42:00,-0.48857162762038797
2020-01-12 16:45:00,-0.5055526110657524
2020-01-12 16:48:00,-0.4556799589511229
2020-01-12 16:51:00,-0.293788306517456
2020-01-12 16:54:00,-0.2886843925807625
2020-01-12 16:57:00,-0.39258425395428276
2020-01-12 17:00:00,-0.3461097202730343
2020-01-12 17:03:00,-0.34451150016531074
2020-01-12 17:06:00,-0.2715946754684637
2020-01-12 17:09:00,-0.36006067774866324
2020-01-12 17:12:00,-0.35677018004213323
2020-01-12 17:15:00,-0.44596210090287514
2020-01-12 17:18:00,-0.3139003476421749
2020-01-12 17:21:00,-0.38273553795437465
2020-01-12 17:24:00,-0.3856492642231615
2020-01-12 17:27:00,-0.4016403719173809
2020-01-12 17:30:00,-0.3426270140158749
2020-01-12 17:33:00,-0.38217093799448776
2020-01-12 17:36:00,-0.4128637144742697
2020-01-12 17:39:00,-0.31126077656006146
2020-01-12 17:42:00,-0.24068826828829515
2020-01-12 17:45:00,-0.3770035689246356
2020-01-12 17:48:00,-0.3401739441551399
2020-01-12 17:51:00,-0.2859853984666074
2020-01-12 17:54:00,-0.36299139607302777
2020-01-12 17:57:00,-0.36966575361680043
2020-01-12 18:00:00,-0.271974134546042
2020-01-12 18:03:00,-0.2837809063051395
2020-01-12 18:06:00,-0.21742780462187739
2020-01-12 18:09:00,-0.2820339394725693
2020-01-12 18:12:00,-0.320892397250816
2020-01-12 18:15:00,-0.22197426117810437
2020-01-12 18:18:00,-0.278695209069042
2020-01-12 18:21:00,-0.27568907790032426
2020-01-12 18:24:00,-0.2252541931204064
2020-01-12 18:27:00,-0.2668966442163878
2020-01-12 18:30:00,-0.17081022706520343
2020-01-12 18:33:00,-0.1916342695324147
2020-01-12 18:36:00,-0.21290383645725797
2020-01-12 18:39:00,-0.19749268692459054
2020-01-12 18:42:00,-0.30118522495598654
2020-01-12 18:45:00,-0.14534798187378328
2020-01-12 18:48:00,-0.1717205730313367
2020-01-12 18:51:00,-0.19588383004185062
2020-01-12 18:54:00,-0.15440264362297285
2020-01-12 18:57:00,
2020-01-12 19:00:00,
2020-01-12 19:03:00,-0.17350464649246078
2020-01-12 19:06:00,-0.125265275348454
2020-01-12 19:09:00,-0.16298799046995782
2020-01-12 19:12:00,-0.21718314833719887
2020-01-12 19:15:00,-0.10587707774880073
2020-01-12 19:18:00,-0.15469637883973064
2020-01-12 19:21:00,-0.15290509110354833
2020-01-12 19:24:00,-0.13200024364113006
2020-01-12 19:27:00,-0.1495849484468863
2020-01-12 19:30:00,-0.06869858776371984
2020-01-12 19:33:00,-0.14658401295389467
2020-01-12 19:36:00,-0.15364840239789146
2020-01-12 19:39:00,-0.007115724784682698
2020-01-12 19:42:00,0.07169614861925311
2020-01-12 19:45:00,-0.10105260920062165
2020-01-12 19:48:00,-0.04284747076792428
2020-01-12 19:51:00,0.050199003726845604
2020-01-12 19:54:00,-0.1426825662314286
2020-01-12 19:57:00,-0.03203209701473497
2020-01-12 20:00:00,-0.035363267111733876
2020-01-12 20:03:00,-0.04304615655314592
2020-01-12 20:06:00,-0.02590744812914636
2020-01-12 20:09:00,-0.06711131201956277
2020-01-12 20:12:00,-0.058178050948527016
2020-01-12 20:15:00,-0.07335237765113334
2020-01-12 20:18:00,-0.07760526657915534
2020-01-12 20:21:00,-0.11197734449052632
2020-01-12 20:24:00,-0.0818843055033085
2020-01-12 20:27:00,-0.1250974570687049
2020-01-12 20:30:00,-0.034383022797896956
2020-01-12 20:33:00,-0.09893473064380487
2020-01-12 20:36:00,-0.004961929410683297
2020-01-12 20:39:00,0.10563158331677869
2020-01-12 20:42:00,0.050148990186130504
2020-01-12 20:45:00,-0.04144923561068481
2020-01-12 20:48:00,-0.0213018067109374
2020-01-12 20:51:00,0.04071201796097057
2020-01-12 20:54:00,0.034792849977691276
2020-01-12 20:57:00,-0.08248430569346965
2020-01-12 21:00:00,0.015939687860281992
2020-01-12 21:03:00,0.11299998789093024
2020-01-12 21:06:00,0.07219738122608987
2020-01-12 21:09:00,0.0001770899154394101
2020-01-12 21:12:00,-0.02762760996927227
2020-01-12 21:15:00,0.04534314657092864
2020-01-12 21:18:00,0.12398430717581732
2020-01-12 21:21:00,0.14698981364040264
2020-01-12 21:24:00,0.03196439101282067
2020-01-12 21:27:00,0.03412577121520144
2020-01-12 21:30:00,0.06124738580575695
2020-01-12 21:33:00,0.025311167375605237
2020-01-12 21:36:00,0.03501322180807165
2020-01-12 21:39:00,-0.06020072277959798
2020-01-12 21:42:00,0.04644782071324016
2020-01-12 21:45:00,0.08532950657900074
2020-01-12 21:48:00,0.0068761292524754936
2020-01-12 21:51:00,0.05710027214894353
2020-01-12 21:54:00,0.00690143808793664
2020-01-12 21:57:00,0.07899555597128938
2020-01-12 22:00:00,0.15269936538572892
2020-01-12 22:03:00,0.00451339989342614
2020-01-12 22:06:00,0.1022437692581093
2020-01-12 22:09:00,0.001926459934736613
2020-01-12 22:12:00,0.18422437906269806
2020-01-12 22:15:00,0.16858544882143178
2020-01-12 22:18:00,0.2104828172406883
2020-01-12 22:21:00,0.16364042425664138
2020-01-12 22:24:00,0.1601868464912286
2020-01-12 22:27:00,0.15154000697765468
2020-01-12 22:30:00,0.11266377000134753
2020-01-12 22:33:00,0.05755514817496987
2020-01-12 22:36:00,0.12931836014877263
2020-01-12 22:39:00,0.052048522813606724
2020-01-12 22:42:00,0.08895353713353416
2020-01-12 22:45:00,0.07754605795162206
2020-01-12 22:48:00,0.1511907846239069
2020-01-12 22:51:00,0.12513355330770537
2020-01-12 22:54:00,0.11791298472456901
2020-01-12 22:57:00,0.14102535411075223
2020-01-12 23:00:00,0.14173339071703595
2020-01-12 23:03:00,0.17721842344462857
2020-01-12 23:06:00,0.13822131181353825
2020-01-12 23:09:00,0.14561830305609647
2020-01-12 23:12:00,0.18655875925719556
2020-01-12 23:15:00,0.1628733200085435
2020-01-12 23:18:00,0.09714061737980728
2020-01-12 23:21:00,0.15859199945026603
2020-01-12 23:24:00,0.0814392085325153
2020-01-12 23:27:00,0.11295033661468779
2020-01-12 23:30:00,0.16073850192520922
2020-01-12 23:33:00,0.07981505336181272
2020-01-12 23:36:00,0.15416157055915392
2020-01-12 23:39:00,0.1609110032699732
2020-01-12 23:42:00,0.21344516986175677
2020-01-12 23:45:00,0.16767838394656565
2020-01-12 23:48:00,0.1355854376851653
2020-01-12 23:51:00,0.11017451351324326
2020-01-12 23:54:00,0.16386828635216943
2020-01-12 23:57:00,0.1770105074467665
2020-01-13 00:00:00,0.12302972108972199
2020-01-13 00:03:00,0.12883772566345897
2020-01-13 00:06:00,0.1420218142720273
2020-01-13 00:09:00,0.17411842674238187
2020-01-13 00:12:00,0.2024466515067047
2020-01-13 00:15:00,0.10424547355540881
2020-01-13 00:18:00,0.16316097532876483
2020-01-13 00:21:00,0.10916167267197352
2020-01-13 00:24:00,0.1503615521932602
2020-01-13 00:27:00,0.0854628020194923
2020-01-13 00:30:00,0.11132725856253955
2020-01-13 00:33:00,0.10026274258598278
2020-01-13 00:36:00,0.09270012508261516
2020-01-13 00:39:00,0.0922564132792445
2020-01-13 00:42:00,0.112437279268363
2020-01-13 00:45:00,0.21696290487358283
2020-01-13 00:48:00,0.07826715419895436
2020-01-13 00:51:00,0.1472927690028314
2020-01-13 00:54:00,0.20091963934419255
2020-01-13 00:57:00,0.27662960025458005
2020-01-13 01:00:00,0.19723947562158628
2020-01-13 01:03:00,0.17795278722354624
2020-01-13 01:06:00,0.18272103660223138
2020-01-13 01:09:00,0.1031746840722576
2020-01-13 01:12:00,0.18002274531289686
2020-01-13 01:15:00,0.1705962823233449
2020-01-13 01:18:00,0.10491554561178873
2020-01-13 01:21:00,0.11805187438147868
2020-01-13 01:24:00,0.20032156025047243
2020-01-13 01:27:00,0.2632536352026591
2020-01-13 01:30:00,0.14528012995475592
2020-01-13 01:33:00,0.157706540317065
2020-01-13 01:36:00,0.23814371117219935
2020-01-13 01:39:00,0.21901743861684508
2020-01-13 01:42:00,0.17693741772006888
2020-01-13 01:45:00,0.2068974002198729
2020-01-13 01:48:00,0.1733561988876886
2020-01-13 01:51:00,0.2817504202951113
2020-01-13 01:54:00,0.20750543340113836
2020-01-13 01:57:00,0.2509317872733732
2020-01-13 02:00:00,0.20644734564467626
2020-01-13 02:03:00,0.14070033875793797
2020-01-13 02:06:00,0.16898487860140676
2020-01-13 02:09:00,0.20424382771511773
2020-01-13 02:12:00,0.29461846089930077
2020-01-13 02:15:00,0.15976576496672124
2020-01-13 02:18:00,0.2273379669166502
2020-01-13 02:21:00,0.09975504331686125
2020-01-13 02:24:00,0.10927932736200319
2020-01-13 02:27:00,0.24094572225288857
2020-01-13 02:30:00,0.17060465231099897
2020-01-13 02:33:00,0.2784710522207092
2020-01-13 02:36:00,0.22923703868826806
2020-01-13 02:39:00,0.3159251173361781
2020-01-13 02:42:00,0.2852096461928113
2020-01-13 02:45:00,0.1723981879234202
2020-01-13 02:48:00,0.3229778655212385
2020-01-13 02:51:00,0.18856764114190128
2020-01-13 02:54:00,0.32160803736678645
2020-01-13 02:57:00,0.23074881929034063
2020-01-13 03:00:00,0.24293356403825328
2020-01-13 03:03:00,0.26976960082055257
2020-01-13 03:06:00,0.2572836018508724
2020-01-13 03:09:00,0.28261452996736125
2020-01-13 03:12:00,0.2286888043338422
2020-01-13 03:15:00,0.30996764498462426
2020-01-13 03:18:00,0.25098154595656297
2020-01-13 03:21:00,0.25300566660325785
2020-01-13 03:24:00,0.3290770555357767
2020-01-13 03:27:00,0.3896242474343694
2020-01-13 03:30:00,0.21092292150615322
2020-01-13 03:33:00,0.2883620271501286
2020-01-13 03:36:00,0.2650586566607558
2020-01-13 03:39:00,0.2985756519341862
2020-01-13 03:42:00,0.34745277988395173
2020-01-13 03:45:00,0.28181196233401806
2020-01-13 03:48:00,0.258705416213445
2020-01-13 03:51:00,0.29764372741726675
2020-01-13 03:54:00,0.33578778443171586
2020-01-13 03:57:00,0.31707962195741857
2020-01-13 04:00:00,0.29852090026770384
2020-01-13 04:03:00,0.4138629848739015
2020-01-13 04:06:00,0.324766861097487
2020-01-13 04:09:00,0.30778836959007094
2020-01-13 04:12:00,0.3335310121178736
2020-01-13 04:15:00,0.2753093672361615
2020-01-13 04:18:00,0.24051293662824946
2020-01-13 04:21:00,0.24571737885452194
2020-01-13 04:24:00,0.3596343256750174
2020-01-13 04:27:00,0.26420643971363234
2020-01-13 04:30:00,0.3164217624011485
2020-01-13 04:33:00,0.32278143368756673
2020-01-13 04:36:00,0.3245965510055271
2020-01-13 04:39:00,0.3206998157903058
2020-01-13 04:42:00,0.3532480802042528
2020-01-13 04:45:00,0.3693568003297969
2020-01-13 04:48:00,0.40017124160311823
2020-01-13 04:51:00,0.38837913318661776
2020-01-13 04:54:00,0.4760298925721713
2020-01-13 04:57:00,0.39737237205946485
2020-01-13 05:00:00,0.3591800932334763
2020-01-13 05:03:00,0.43618598198446534
2020-01-13 05:06:00,0.4327054225318534
2020-01-13 05:09:00,0.395277911539722
2020-01-13 05:12:00,0.42724378157038245
2020-01-13 05:15:00,0.2880876874630758
2020-01-13 05:18:00,0.4188645474995951
2020-01-13 05:21:00,0.42275747710590394
2020-01-13 05:24:00,0.41063383993133584
2020-01-13 05:27:00,0.43376457575351424
2020-01-13 05:30:00,0.3598381924559817
2020-01-13 05:33:00,0.4066658887387007
2020-01-13 05:36:00,0.3185393277789217
2020-01-13 05:39:00,0.4556054879986391
2020-01-13 05:42:00,0.46473347626573513
2020-01-13 05:45:00,0.408807853946314
2020-01-13 05:48:00,0.3763366700747497
2020-01-13 05:51:00,0.43337274944923365
2020-01-13 05:54:00,0.4536892841163649
2020-01-13 05:57:00,0.41735657730731646
2020-01-13 06:00:00,0.4445251352099149
2020-01-13 06:03:00,0.4607742991567534
2020-01-13 06:06:00,0.5215075857019542
2020-01-13 06:09:00,0.47031169745559964
2020-01-13 06:12:00,0.4858675883083947
2020-01-13 06:15:00,0.4613032970476638
2020-01-13 06:18:00,0.43380546376755547
2020-01-13 06:21:00,0.47518866448638164
2020-01-13 06:24:00,0.4754013368753931
2020-01-13 06:27:00,0.414053500234445
2020-01-13 06:30:00,0.4303127496341972
2020-01-13 06:33:00,0.4676921666647331
2020-01-13 06:36:00,0.49884475080193624
2020-01-13 06:39:00,0.4947080001980453
2020-01-13 06:42:00,0.44984967448391444
2020-01-13 06:45:00,0.45647763331948
2020-01-13 06:48:00,0.4311476097195168
2020-01-13 06:51:00,0.3977149612901485
2020-01-13 06:54:00,0.4303390733102219
2020-01-13 06:57:00,0.4367294051113504
2020-01-13 07:00:00,0.514625784301245
2020-01-13 07:03:00,0.333587350786388
2020-01-13 07:06:00,0.4083367123546964
2020-01-13 07:09:00,0.36736702827528234
2020-01-13 07:12:00,0.4112187276535906
2020-01-13 07:15:00,0.525021644102253
2020-01-13 07:18:00,0.4416750289960305
2020-01-13 07:21:00,0.44805765896779803
2020-01-13 07:24:00,0.3603531583361246
2020-01-13 07:27:00,0.4296097762044724
2020-01-13 07:30:00,0.3760689506610788
2020-01-13 07:33:00,0.4184274254716911
2020-01-13 07:36:00,0.38629091529338666
2020-01-13 07:39:00,0.5088013713280475
2020-01-13 07:42:00,0.4264715664109531
2020-01-13 07:45:00,0.4742818221677112
2020-01-13 07:48:00,0.43086709323523564
2020-01-13 07:51:00,0.415996901574033
2020-01-13 07:54:00,0.43636471330859194
2020-01-13 07:57:00,0.37963377686793365
2020-01-13 08:00:00,0.4088692552519433
2020-01-13 08:03:00,0.375506947677934
2020-01-13 08:06:00,0.44061734410155395
2020-01-13 08:09:00,0.28084546448980063
2020-01-13 08:12:00,0.40780864188366195
2020-01-13 08:15:00,0.2509763229399482
2020-01-13 08:18:00,0.3652681925917136
2020-01-13 08:21:00,0.2974883034640925
2020-01-13 08:24:00,0.296130232822577
2020-01-13 08:27:00,0.3196741834989325
2020-01-13 08:30:00,0.2921920528966666
2020-01-13 08:33:00,0.3960356591784375
2020-01-13 08:36:00,0.28845504373725817
2020-01-13 08:39:00,0.29424176461344587
2020-01-13 08:42:00,0.23213354136686348
2020-01-13 08:45:00,0.28080850210847075
2020-01-13 08:48:00,0.3172667077946585
2020-01-13 08:51:00,0.19912777167502327
2020-01-13 08:54:00,0.2041718827813952
2020-01-13 08:57:00,0.21362969859688974
2020-01-13 09:00:00,0.17195329789228708
2020-01-13 09:03:00,0.13174090964906782
2020-01-13 09:06:00,0.18124568925276208
2020-01-13 09:09:00,0.1213802422836352
2020-01-13 09:12:00,0.10665719403789353
2020-01-13 09:15:00,0.18280285530721585
2020-01-13 09:18:00,-0.006067729665062416
2020-01-13 09:21:00,-0.009313808297974902
2020-01-13 09:24:00,-0.000279404024354335
2020-01-13 09:27:00,-0.11742365063236093
2020-01-13 09:30:00,-0.03912161363564337
2020-01-13 09:33:00,-0.06359769577755969
2020-01-13 09:36:00,-0.019175331383053162
2020-01-13 09:39:00,-0.1487218507209036
2020-01-13 09:42:00,-0.061584760881999046
2020-01-13 09:45:00,-0.14687592949809414
2020-01-13 09:48:00,-0.06594112200497193
2020-01-13 09:51:00,-0.09813522728916269
2020-01-13 09:54:00,-0.13117857785101705
2020-01-13 09:57:00,-0.0976420523496131
2020-01-13 10:00:00,-0.09239016521394205
2020-01-13 10:03:00,-0.12832442245934317
2020-01-13 10:06:00,-0.17018559727989668
2020-01-13 10:09:00,-0.1203855773445639
2020-01-13 10:12:00,-0.19032164422606002
2020-01-13 10:15:00,-0.1637576284986153
2020-01-13 10:18:00,-0.11748138551240572
2020-01-13 10:21:00,-0.24066774748774833
2020-01-13 10:24:00,-0.15110886204752205
2020-01-13 10:27:00,-0.2225064620010926
2020-01-13 10:30:00,-0.15811469960692648
2020-01-13 10:33:00,-0.2204619770102454
2020-01-13 10:36:00,-0.15616960029262827
2020-01-13 10:39:00,-0.24534996160235778
2020-01-13 10:42:00,-0.2147022533748668
2020-01-13 10:45:00,-0.15965520522229326
2020-01-13 10:48:00,-0.12171995619968357
2020-01-13 10:51:00,-0.26717130725268134
2020-01-13 10:54:00,-0.2545833814097591
2020-01-13 10:57:00,-0.3220827716829149
2020-01-13 11:00:00,-0.3308895642363723
2020-01-13 11:03:00,-0.22835056791609532
2020-01-13 11:06:00,-0.20429527361602595
2020-01-13 11:09:00,-0.2907851659221592
2020-01-13 11:12:00,-0.3058202157799883
2020-01-13 11:15:00,-0.23192936675752662
2020-01-13 11:18:00,-0.3301512137407485
2020-01-13 11:21:00,-0.3048488292301954
2020-01-13 11:24:00,-0.2205625544614236
2020-01-13 11:27:00,-0.30466334115777727
2020-01-13 11:30:00,-0.31379941373745623
2020-01-13 11:33:00,-0.2912523571466181
2020-01-13 11:36:00,-0.38480530964739046
2020-01-13 11:39:00,-0.25323824721573374
2020-01-13 11:42:00,-0.3460373393363625
2020-01-13 11:45:00,-0.1843821972782962
2020-01-13 11:48:00,-0.33806015499658315
2020-01-13 11:51:00,-0.3453413451028382
2020-01-13 11:54:00,-0.2628973416870508
2020-01-13 11:57:00,-0.3781300626196753
2020-01-13 12:00:00,-0.2974576752442317
2020-01-13 12:03:00,-0.21426080241872114
2020-01-13 12:06:00,-0.4491122345466465
2020-01-13 12:09:00,-0.39808168130167587
2020-01-13 12:12:00,-0.4075640700409622
2020-01-13 12:15:00,-0.379989901283011
2020-01-13 12:18:00,-0.37210525027637686
2020-01-13 12:21:00,-0.44789549973148723
2020-01-13 12:24:00,-0.45874913914479976
2020-01-13 12:27:00,-0.4444516633161584
2020-01-13 12:30:00,-0.40325365284496684
2020-01-13 12:33:00,-0.42982586278168355
2020-01-13 12:36:00,-0.3731239878337078
2020-01-13 12:39:00,-0.4831383993321765
2020-01-13 12:42:00,-0.56343239940594
2020-01-13 12:45:00,-0.4863792571443355
2020-01-13 12:48:00,-0.42771894952568346
2020-01-13 12:51:00,-0.3649573676325417
2020-01-13 12:54:00,-0.26841598995889626
2020-01-13 12:57:00,-0.5157013535953183
2020-01-13 13:00:00,-0.4828091548272937
2020-01-13 13:03:00,-0.35502812908077885
2020-01-13 13:06:00,-0.45276400396159033
2020-01-13 13:09:00,-0.4463389357484857
2020-01-13 13:12:00,-0.3659118148699463
2020-01-13 13:15:00,-0.4456710805765738
2020-01-13 13:18:00,-0.3821965760244552
2020-01-13 13:21:00,-0.44419994387607176
2020-01-13 13:24:00,-0.48634059099543947
2020-01-13 13:27:00,-0.468422002594707
2020-01-13 13:30:00,-0.32903590455248377
2020-01-13 13:33:00,-0.44305697375148156
2020-01-13 13:36:00,-0.3521915825244264
2020-01-13 13:39:00,-0.40820867018595663
2020-01-13 13:42:00,-0.4630691898213968
2020-01-13 13:45:00,-0.44506055419378754
2020-01-13 13:48:00,-0.45641517161897127
2020-01-13 13:51:00,-0.5465583254192552
2020-01-13 13:54:00,-0.49002114010875175
2020-01-13 13:57:00,-0.46101472124337306
2020-01-13 14:00:00,-0.4976657586360602
2020-01-13 14:03:00,-0.4807361479273027
2020-01-13 14:06:00,-0.493348378604594
2020-01-13 14:09:00,-0.4518569063312725
2020-01-13 14:12:00,-0.5718014274360144
2020-01-13 14:15:00,-0.5724339267601977
2020-01-13 14:18:00,-0.47637712076578964
2020-01-13 14:21:00,-0.6788914460176443
2020-01-13 14:24:00,-0.42169670280310356
2020-01-13 14:27:00,-0.4091835262975678
2020-01-13 14:30:00,-0.5789928667741151
2020-01-13 14:33:00,-0.5149093660436392
2020-01-13 14:36:00,-0.49600262330517353
2020-01-13 14:39:00,-0.49489630211212443
2020-01-13 14:42:00,-0.4397439629781843
2020-01-13 14:45:00,-0.5591526529046291
2020-01-13 14:48:00,-0.49855635856749814
2020-01-13 14:51:00,-0.4846375409779853
2020-01-13 14:54:00,-0.49596893561800925
2020-01-13 14:57:00,-0.5255935914985344
2020-01-13 15:00:00,-0.4518533215399998
2020-01-13 15:03:00,-0.36619101571017154
2020-01-13 15:06:00,-0.5091293310994729
2020-01-13 15:09:00,-0.4515381518560275
2020-01-13 15:12:00,-0.5187450374030504
2020-01-13 15:15:00,-0.494791832194835
2020-01-13 15:18:00,-0.5156815255801348
2020-01-13 15:21:00,-0.5617274083677444
2020-01-13 15:24:00,-0.5925641605726355
2020-01-13 15:27:00,-0.49069238316513974
2020-01-13 15:30:00,-0.44901867471440937
2020-01-13 15:33:00,-0.5395878346293443
2020-01-13 15:36:00,-0.5033602956592063
2020-01-13 15:39:00,-0.4926359183865543
2020-01-13 15:42:00,-0.44223538440115817
2020-01-13 15:45:00,-0.5072180179967063
2020-01-13 15:48:00,-0.48524232786962784
2020-01-13 15:51:00,-0.48224180069371414
2020-01-13 15:54:00,-0.39879003515278555
2020-01-13 15:57:00,-0.42464183172756975
2020-01-13 16:00:00,-0.4710519721569426
2020-01-13 16:03:00,-0.43868370616633
2020-01-13 16:06:00,-0.515812759017706
2020-01-13 16:09:00,-0.4548843012114503
2020-01-13 16:12:00,-0.6132527731235768
2020-01-13 16:15:00,-0.42519640667137537
2020-01-13 16:18:00,-0.43380098013204815
2020-01-13 16:21:00,-0.4090219652956648
2020-01-13 16:24:00,-0.3620724495170293
2020-01-13 16:27:00,-0.40603501117328733
2020-01-13 16:30:00,-0.4021064913370651
2020-01-13 16:33:00,-0.5125144443380805
2020-01-13 16:36:00,-0.552105665115846
2020-01-13 16:39:00,-0.4382422320468322
2020-01-13 16:42:00,-0.3514623186043764
2020-01-13 16:45:00,-0.2971900207265321
2020-01-13 16:48:00,-0.33207898861058993
2020-01-13 16:51:00,-0.312890507981308
2020-01-13 16:54:00,-0.5098124865705245
2020-01-13 16:57:00,-0.4625393110424625
2020-01-13 17:00:00,-0.31884617707021334
2020-01-13 17:03:00,-0.2502989151027464
2020-01-13 17:06:00,-0.412296053075238
2020-01-13 17:09:00,-0.3951713160111012
2020-01-13 17:12:00,-0.28400624380401496
2020-01-13 17:15:00,-0.27034799564091827
2020-01-13 17:18:00,-0.3444047463120228
2020-01-13 17:21:00,-0.3383902686340434
2020-01-13 17:24:00,-0.34686135434810694
2020-01-13 17:27:00,-0.25493822510003383
2020-01-13 17:30:00,-0.38498038356567577
2020-01-13 17:33:00,-0.2098645865683011
2020-01-13 17:36:00,-0.3584045907243194
2020-01-13 17:39:00,-0.2545634464876798
2020-01-13 17:42:00,-0.38434686880430036
2020-01-13 17:45:00,-0.399534657448271
2020-01-13 17:48:00,-0.33225575435545807
2020-01-13 17:51:00,-0.3275917886846287
2020-01-13 17:54:00,-0.2728027010558094
2020-01-13 17:57:00,-0.36894372029382794
2020-01-13 18:00:00,-0.24574223857570132
2020-01-13 18:03:00,-0.28626368703527305
2020-01-13 18:06:00,-0.3491626484411654
2020-01-13 18:09:00,-0.2915624411515978
2020-01-13 18:12:00,-0.2603097264281473
2020-01-13 18:15:00,-0.25547445266789737
2020-01-13 18:18:00,-0.26897549013790467
2020-01-13 18:21:00,-0.33059763388843066
2020-01-13 18:24:00,-0.1905793989826634
2020-01-13 18:27:00,-0.2734309609812158
2020-01-13 18:30:00,-0.19885842359605022
2020-01-13 18:33:00,-0.3251755208482905
2020-01-13 18:36:00,-0.28527993520839345
2020-01-13 18:39:00,-0.2602911808941144
2020-01-13 18:42:00,-0.31522920878387595
2020-01-13 18:45:00,-0.3060396971500836
2020-01-13 18:48:00,-0.20295260336365573
2020-01-13 18:51:00,-0.25913570646480366
2020-01-13 18:54:00,-0.2438429279243337
2020-01-13 18:57:00,
2020-01-13 19:00:00,
2020-01-13 19:03:00,-0.23262377955535385
2020-01-13 19:06:00,-0.2980945740308698
2020-01-13 19:09:00,-0.1796559637270434
2020-01-13 19:12:00,-0.1652189043397243
2020-01-13 19:15:00,-0.2056745611970996
2020-01-13 19:18:00,-0.11997818215809275
2020-01-13 19:21:00,-0.1916475612389945
2020-01-13 19:24:00,-0.16648822348133763
2020-01-13 19:27:00,-0.12015920795607826
2020-01-13 19:30:00,-0.16175158952336233
2020-01-13 19:33:00,-0.08677495393442314
2020-01-13 19:36:00,-0.21551503229380842
2020-01-13 19:39:00,-0.18277787686315605
2020-01-13 19:42:00,-0.07230480786091675
2020-01-13 19:45:00,-0.21697344213725955
2020-01-13 19:48:00,-0.1611423038576163
2020-01-13 19:51:00,-0.24446302660868469
2020-01-13 19:54:00,-0.18471366804436684
2020-01-13 19:57:00,-0.17740232685014234
2020-01-13 20:00:00,-0.135593068064793
2020-01-13 20:03:00,-0.054744479429587045
2020-01-13 20:06:00,-0.14140235433166026
2020-01-13 20:09:00,-0.24332967653572268
2020-01-13 20:12:00,-0.21959981189803557
2020-01-13 20:15:00,-0.10484692018991382
2020-01-13 20:18:00,-0.14627345410673342
2020-01-13 20:21:00,-0.14495094064511704
2020-01-13 20:24:00,-0.10754833121643514
2020-01-13 20:27:00,-0.13506610814363285
2020-01-13 20:30:00,-0.10820226103032837
2020-01-13 20:33:00,-0.13795350698228503
2020-01-13 20:36:00,-0.1389379370340862
2020-01-13 20:39:00,-0.12930530540791096
2020-01-13 20:42:00,-0.1014217307865124
2020-01-13 20:45:00,-0.10814654974325322
2020-01-13 20:48:00,-0.16640162276075898
2020-01-13 20:51:00,-0.1270031036097521
2020-01-13 20:54:00,-0.05978131168234313
2020-01-13 20:57:00,-0.11820558925990099
2020-01-13 21:00:00,-0.07837526192730593
2020-01-13 21:03:00,-0.15587009754688097
2020-01-13 21:06:00,-0.07268881161678564
2020-01-13 21:09:00,-0.16328367318863002
2020-01-13 21:12:00,-0.12509881494821684
2020-01-13 21:15:00,-0.05876131519352157
2020-01-13 21:18:00,-0.10956522404052293
2020-01-13 21:21:00,-0.11595467803550719
2020-01-13 21:24:00,-0.14866116188846945
2020-01-13 21:27:00,-0.00879308565657766
2020-01-13 21:30:00,-0.03312288176215361
2020-01-13 21:33:00,-0.12638912341378727
2020-01-13 21:36:00,-0.045623261174966956
2020-01-13 21:39:00,-0.07783283741559899
2020-01-13 21:42:00,-0.017768400086083602
2020-01-13 21:45:00,-0.1428211780826132
2020-01-13 21:48:00,-0.01840595629539621
2020-01-13 21:51:00,-0.08874323778195503
2020-01-13 21:54:00,-0.04563722080047228
2020-01-13 21:57:00,0.14682493419172715
2020-01-13 22:00:00,-0.0073352255704435265
2020-01-13 22:03:00,-0.05010812218273486
2020-01-13 22:06:00,-0.08302346489563206
2020-01-13 22:09:00,0.061614902145834094
2020-01-13 22:12:00,-0.02794177079556448
2020-01-13 22:15:00,-0.025254584354229337
2020-01-13 22:18:00,-0.10160711208766315
2020-01-13 22:21:00,-0.03677255673568425
2020-01-13 22:24:00,-0.01010938316528609
2020-01-13 22:27:00,0.022297441149817132
2020-01-13 22:30:00,-0.01918856401806579
2020-01-13 22:33:00,0.012464322368430203
2020-01-13 22:36:00,-0.020275771569401968
2020-01-13 22:39:00,-0.012874542389397448
2020-01-13 22:42:00,0.03387631218708975
2020-01-13 22:45:00,-0.04003704538513375
2020-01-13 22:48:00,0.014827816408171657
2020-01-13 22:51:00,0.10392717115252026
2020-01-13 22:54:00,0.013957226215268292
2020-01-13 22:57:00,0.05329695591160544
2020-01-13 23:00:00,-0.036524419481850146
2020-01-13 23:03:00,-0.00032181260206698425
2020-01-13 23:06:00,0.04050933432063175
2020-01-13 23:09:00,0.07927196533671577
2020-01-13 23:12:00,0.025114964828958364
2020-01-13 23:15:00,0.08055216369808704
2020-01-13 23:18:00,0.03442176283857634
2020-01-13 23:21:00,0.020785164113362953
2020-01-13 23:24:00,0.11996286621780428
2020-01-13 23:27:00,0.02975236117708846
2020-01-13 23:30:00,0.07622895313932077
2020-01-13 23:33:00,0.1134871477033812
2020-01-13 23:36:00,0.06349481035459803
2020-01-13 23:39:00,0.08960128634316789
2020-01-13 23:42:00,0.11492065887682656
2020-01-13 23:45:00,0.1503531170574206
2020-01-13 23:48:00,0.07298236180400863
2020-01-13 23:51:00,0.11192997071998434
2020-01-13 23:54:00,0.11728579581722443
2020-01-13 23:57:00,0.14100422023449255
2020-01-14 00:00:00,0.01938231754587605
2020-01-14 00:03:00,0.1635075195760578
2020-01-14 00:06:00,0.2298361246058107
2020-01-14 00:09:00,0.2071131956781187
2020-01-14 00:12:00,0.1616986249105139
2020-01-14 00:15:00,0.16910664401927988
2020-01-14 00:18:00,0.24718923564620354
2020-01-14 00:21:00,0.15866332695571828
2020-01-14 00:24:00,0.12649864842836678
2020-01-14 00:27:00,0.1386582639598828
2020-01-14 00:30:00,0.17469492519848018
2020-01-14 00:33:00,0.12605947606721202
2020-01-14 00:36:00,0.20908183190005047
2020-01-14 00:39:00,0.11182459964379632
2020-01-14 00:42:00,0.03019656561747297
2020-01-14 00:45:00,0.10895108807909537
2020-01-14 00:48:00,0.1353347484669598
2020-01-14 00:51:00,0.13379454627295218
2020-01-14 00:54:00,0.1682307539065846
2020-01-14 00:57:00,0.20987281381815137
2020-01-14 01:00:00,0.12015423259049385
2020-01-14 01:03:00,0.21737580237754628
2020-01-14 01:06:00,0.17304182125639045
2020-01-14 01:09:00,0.09386319292133294
2020-01-14 01:12:00,0.18207006009197357
2020-01-14 01:15:00,0.1617723064503025
2020-01-14 01:18:00,0.22865983664365785
2020-01-14 01:21:00,0.21773698761302285
2020-01-14 01:24:00,0.10828318465240727
2020-01-14 01:27:00,-0.035672762481340214
2020-01-14 01:30:00,-0.013051904750113863
2020-01-14 01:33:00,0.026497217040912346
2020-01-14 01:36:00,0.12873206467037335
2020-01-14 01:39:00,0.05707256506786962
2020-01-14 01:42:00,0.06738333496667792
2020-01-14 01:45:00,0.09357547632214391
2020-01-14 01:48:00,0.1346048689683812
2020-01-14 01:51:00,0.13638166827024634
2020-01-14 01:54:00,0.1764268860929974
2020-01-14 01:57:00,0.02730973887065602
2020-01-14 02:00:00,0.10554932973690256
2020-01-14 02:03:00,0.11764558397379687
2020-01-14 02:06:00,0.07483856727168359
2020-01-14 02:09:00,0.07670699174110496
2020-01-14 02:12:00,0.10680913421077776
2020-01-14 02:15:00,0.08039865333751095
2020-01-14 02:18:00,0.1614138444241462
2020-01-14 02:21:00,0.2135679895330327
2020-01-14 02:24:00,0.12200720591027903
2020-01-14 02:27:00,0.17615277414614638
2020-01-14 02:30:00,0.09162736730041843
2020-01-14 02:33:00,0.26532206610664844
2020-01-14 02:36:00,0.2872812625413417
2020-01-14 02:39:00,0.13659049082809815
2020-01-14 02:42:00,0.25966543347567494
2020-01-14 02:45:00,0.27170370892002893
2020-01-14 02:48:00,0.1270176030156449
2020-01-14 02:51:00,0.2504101132436176
2020-01-14 02:54:00,0.29530876352754376
2020-01-14 02:57:00,0.21342551137780674
2020-01-14 03:00:00,0.21846931160712302
2020-01-14 03:03:00,0.23213006760380495
2020-01-14 03:06:00,0.19378558791271416
2020-01-14 03:09:00,0.16899438156013957
2020-01-14 03:12:00,0.3441638182806628
2020-01-14 03:15:00,0.21935879123367386
2020-01-14 03:18:00,0.15550107982710415
2020-01-14 03:21:00,0.1818667739311195
2020-01-14 03:24:00,0.23441522949678983
2020-01-14 03:27:00,0.24245261864587064
2020-01-14 03:30:00,0.29234864861825827
2020-01-14 03:33:00,0.18145989880764546
2020-01-14 03:36:00,0.269086757021455
2020-01-14 03:39:00,0.13064244810169612
2020-01-14 03:42:00,0.12484758213270197
2020-01-14 03:45:00,0.2631888745670494
2020-01-14 03:48:00,0.16691475352337193
2020-01-14 03:51:00,0.1165951277386057
2020-01-14 03:54:00,0.21644951161107429
2020-01-14 03:57:00,0.239501904725671
2020-01-14 04:00:00,0.20718235583507294
2020-01-14 04:03:00,0.07044089821135913
2020-01-14 04:06:00,0.15130385418552805
2020-01-14 04:09:00,0.18137942070330837
2020-01-14 04:12:00,0.1924483530479506
2020-01-14 04:15:00,0.22773996822951403
2020-01-14 04:18:00,0.16114538951029544
2020-01-14 04:21:00,0.2279334644924802
2020-01-14 04:24:00,0.26890834653687534
2020-01-14 04:27:00,0.247705355105154
2020-01-14 04:30:00,0.2192256593619959
2020-01-14 04:33:00,0.315279760253361
2020-01-14 04:36:00,0.18941976859514398
2020-01-14 04:39:00,0.2507787512041091
2020-01-14 04:42:00,0.23318427810107778
2020-01-14 04:45:00,0.2055626327693858
2020-01-14 04:48:00,0.2056648021523415
2020-01-14 04:51:00,0.23868417985380574
2020-01-14 04:54:00,0.2574378719641004
2020-01-14 04:57:00,0.18916212234643126
2020-01-14 05:00:00,0.26857992831008914
2020-01-14 05:03:00,0.2132797796176078
2020-01-14 05:06:00,0.21202388148992668
2020-01-14 05:09:00,0.19113338552301684
2020-01-14 05:12:00,0.31285257946274214
2020-01-14 05:15:00,0.21191937196198296
2020-01-14 05:18:00,0.2457539872139023
2020-01-14 05:21:00,0.21743832747694114
2020-01-14 05:24:00,0.19105135038762455
2020-01-14 05:27:00,0.13400614952314527
2020-01-14 05:30:00,0.23012914030800857
2020-01-14 05:33:00,0.28503842850238925
2020-01-14 05:36:00,0.273661257949243
2020-01-14 05:39:00,0.2182978374108302
2020-01-14 05:42:00,0.152661043735975
2020-01-14 05:45:00,0.136762129884346
2020-01-14 05:48:00,0.1940877029164767
2020-01-14 05:51:00,0.1547956693194692
2020-01-14 05:54:00,0.20206639850488273
2020-01-14 05:57:00,0.1745245581712993
2020-01-14 06:00:00,0.14886073842183123
2020-01-14 06:03:00,0.23554151436781012
2020-01-14 06:06:00,0.2918779015483324
2020-01-14 06:09:00,0.2768720008953096
2020-01-14 06:12:00,0.17942351581916682
2020-01-14 06:15:00,0.18320675683105492
2020-01-14 06:18:00,0.2607793887420371
2020-01-14 06:21:00,0.17936450948900529
2020-01-14 06:24:00,0.17108167026538013
2020-01-14 06:27:00,0.2610283721227802
2020-01-14 06:30:00,0.28637553012936223
2020-01-14 06:33:00,0.24131499759823782
2020-01-14 06:36:00,0.33227401954417246
2020-01-14 06:39:00,0.29339310473102387
2020-01-14 06:42:00,0.3436122999474378
2020-01-14 06:45:00,0.2966599321804324
2020-01-14 06:48:00,0.19341282697695306
2020-01-14 06:51:00,0.14033990440645994
2020-01-14 06:54:00,0.21095772211936037
2020-01-14 06:57:00,0.15126142683658372
2020-01-14 07:00:00,0.1290002122963756
2020-01-14 07:03:00,0.19759273878321437
2020-01-14 07:06:00,0.1929594810790718
2020-01-14 07:09:00,0.17574632118987665
2020-01-14 07:12:00,0.22531029027277327
2020-01-14 07:15:00,0.16542583262213384
2020-01-14 07:18:00,0.30469423170654863
2020-01-14 07:21:00,0.20987009099684428
2020-01-14 07:24:00,0.3015908198547095
2020-01-14 07:27:00,0.25602080272551575
2020-01-14 07:30:00,0.1731090106420652
2020-01-14 07:33:00,0.24789089439332201
2020-01-14 07:36:00,0.2152934551052681
2020-01-14 07:39:00,0.23496237203903547
2020-01-14 07:42:00,0.2011970951375588
2020-01-14 07:45:00,0.30532030895619755
2020-01-14 07:48:00,0.22041009488759755
2020-01-14 07:51:00,0.2986518512356042
2020-01-14 07:54:00,0.19499471794614465
2020-01-14 07:57:00,0.2166147628409476
2020-01-14 08:00:00,0.19302332118752474
2020-01-14 08:03:00,0.21841708930639925
2020-01-14 08:06:00,0.24955159705132246
2020-01-14 08:09:00,0.12917663619515452
2020-01-14 08:12:00,0.16539525981806946
2020-01-14 08:15:00,0.19125786953480883
2020-01-14 08:18:00,0.10499932383976329
2020-01-14 08:21:00,0.08058468228563243
2020-01-14 08:24:00,0.16559759464036006
2020-01-14 08:27:00,0.06249172166212702
2020-01-14 08:30:00,0.12777799082829233
2020-01-14 08:33:00,0.22576463510137046
2020-01-14 08:36:00,-0.008154800692580011
2020-01-14 08:39:00,0.14505460622274313
2020-01-14 08:42:00,0.1461224566617716
2020-01-14 08:45:00,0.06362610772583821
2020-01-14 08:48:00,0.07446031368959893
2020-01-14 08:51:00,0.11388585588690603
2020-01-14 08:54:00,0.02137188493480835
2020-01-14 08:57:00,0.06506076530558857
2020-01-14 09:00:00,-0.02446187705442071
2020-01-14 09:03:00,-0.04406813619118566
2020-01-14 09:06:00,-0.026783911305983565
2020-01-14 09:09:00,0.0016849266486360648
2020-01-14 09:12:00,-0.013733631824663917
2020-01-14 09:15:00,0.02004896101726672
2020-01-14 09:18:00,0.006513712025821405
2020-01-14 09:21:00,0.061941862359446986
2020-01-14 09:24:00,-0.0376652221057725
2020-01-14 09:27:00,0.06715999571036946
2020-01-14 09:30:00,-0.06668428995726572
2020-01-14 09:33:00,-0.14494036127422305
2020-01-14 09:36:00,0.05318125279683272
2020-01-14 09:39:00,-0.03557993072303134
2020-01-14 09:42:00,-0.19984935904216172
2020-01-14 09:45:00,-0.13868547545627052
2020-01-14 09:48:00,-0.04001699711960782
2020-01-14 09:51:00,-0.11823071126201512
2020-01-14 09:54:00,-0.06854999269961581
2020-01-14 09:57:00,-0.09411122414064721
2020-01-14 10:00:00,-0.09060114059013813
2020-01-14 10:03:00,-0.11569970815395436
2020-01-14 10:06:00,-0.09232711570865604
2020-01-14 10:09:00,-0.1274861451699394
2020-01-14 10:12:00,-0.16100221679499782
2020-01-14 10:15:00,-0.056466464878155875
2020-01-14 10:18:00,-0.1723396654835483
2020-01-14 10:21:00,-0.11081345101291618
2020-01-14 10:24:00,-0.24176200720967245
2020-01-14 10:27:00,-0.21849752974782177
2020-01-14 10:30:00,-0.17288824482409382
2020-01-14 10:33:00,-0.1782302011746424
2020-01-14 10:36:00,-0.12722629195764057
2020-01-14 10:39:00,-0.17197678840244635
2020-01-14 10:42:00,-0.18482375145293872
2020-01-14 10:45:00,-0.24178482347679164
2020-01-14 10:48:00,-0.14195545298997558
2020-01-14 10:51:00,-0.11315214469169632
2020-01-14 10:54:00,-0.2776385167069293
2020-01-14 10:57:00,-0.20835175304625864
2020-01-14 11:00:00,-0.19990303673250764
2020-01-14 11:03:00,-0.2202456061127691
2020-01-14 11:06:00,-0.261158935637809
2020-01-14 11:09:00,-0.1784133900910092
2020-01-14 11:12:00,-0.2696157952029239
2020-01-14 11:15:00,-0.2490656560228217
2020-01-14 11:18:00,-0.2131493175020296
2020-01-14 11:21:00,-0.22264843619706198
2020-01-14 11:24:00,-0.2258266491776908
2020-01-14 11:27:00,-0.16226433348430191
2020-01-14 11:30:00,-0.2937897575731654
2020-01-14 11:33:00,-0.253402839680291
2020-01-14 11:36:00,-0.2819425048188009
2020-01-14 11:39:00,-0.3500771167628045
2020-01-14 11:42:00,-0.33209530220841543
2020-01-14 11:45:00,-0.19072392810147676
2020-01-14 11:48:00,-0.28085933906720584
2020-01-14 11:51:00,-0.2626391351337247
2020-01-14 11:54:00,-0.37281201070379666
2020-01-14 11:57:00,-0.3239828639536313
2020-01-14 12:00:00,-0.36369543484534006
2020-01-14 12:03:00,-0.3352992397998378
2020-01-14 12:06:00,-0.41398561541529943
2020-01-14 12:09:00,-0.233514346862421
2020-01-14 12:12:00,-0.324568918404168
2020-01-14 12:15:00,-0.3645879953330109
2020-01-14 12:18:00,-0.39804219863481194
2020-01-14 12:21:00,-0.43433958673898587
2020-01-14 12:24:00,-0.375797526620147
2020-01-14 12:27:00,-0.2593364955858988
2020-01-14 12:30:00,-0.3341044886171858
2020-01-14 12:33:00,-0.41425738015504976
2020-01-14 12:36:00,-0.36421049278987994
2020-01-14 12:39:00,-0.2855679295822142
2020-01-14 12:42:00,-0.19786205055174833
2020-01-14 12:45:00,-0.3687174370607522
2020-01-14 12:48:00,-0.28936081650931555
2020-01-14 12:51:00,-0.397453455525806
2020-01-14 12:54:00,-0.3420086654165857
2020-01-14 12:57:00,-0.38005717911721604
2020-01-14 13:00:00,-0.44724570030314226
2020-01-14 13:03:00,-0.3909700730444001
2020-01-14 13:06:00,-0.3542619932158573
2020-01-14 13:09:00,-0.38734277739644085
2020-01-14 13:12:00,-0.4172871976789452
2020-01-14 13:15:00,-0.3087871661361419
2020-01-14 13:18:00,-0.35688253749930254
2020-01-14 13:21:00,-0.4104855131459999
2020-01-14 13:24:00,-0.38133040023274134
2020-01-14 13:27:00,-0.20830931683616427
2020-01-14 13:30:00,-0.3735281449359604
2020-01-14 13:33:00,-0.33404922941161885
2020-01-14 13:36:00,-0.43237506480892307
2020-01-14 13:39:00,-0.4223927417214668
2020-01-14 13:42:00,-0.49399742199568664
2020-01-14 13:45:00,-0.34127588937076325
2020-01-14 13:48:00,-0.4501459708289417
2020-01-14 13:51:00,-0.43941557483242377
2020-01-14 13:54:00,-0.34602600585770915
2020-01-14 13:57:00,-0.3407909918793166
2020-01-14 14:00:00,-0.35398577892544836
2020-01-14 14:03:00,-0.46280143742620794
2020-01-14 14:06:00,-0.47599531576696563
2020-01-14 14:09:00,-0.4457009516876269
2020-01-14 14:12:00,-0.500098969497742
2020-01-14 14:15:00,-0.41123942726250107
2020-01-14 14:18:00,-0.4509211365470378
2020-01-14 14:21:00,-0.4447471713589266
2020-01-14 14:24:00,-0.45722010877454977
2020-01-14 14:27:00,-0.5203944676136985
2020-01-14 14:30:00,-0.5486156655057925
2020-01-14 14:33:00,-0.3999956912738867
2020-01-14 14:36:00,-0.4569798019397808
2020-01-14 14:39:00,-0.572314546180678
2020-01-14 14:42:00,-0.5040136827597621
2020-01-14 14:45:00,-0.3803522626687368
2020-01-14 14:48:00,-0.555951578694021
2020-01-14 14:51:00,-0.4665784669649611
2020-01-14 14:54:00,-0.5263485721876009
2020-01-14 14:57:00,-0.6155773834761362
2020-01-14 15:00:00,-0.48812846502426055
2020-01-14 15:03:00,-0.5285469003749199
2020-01-14 15:06:00,-0.5032807164948281
2020-01-14 15:09:00,-0.403444340279691
2020-01-14 15:12:00,-0.4737039581574436
2020-01-14 15:15:00,-0.5169355241508811
2020-01-14 15:18:00,-0.49260630243304604
2020-01-14 15:21:00,-0.4036134697145144
2020-01-14 15:24:00,-0.5094424838385976
2020-01-14 15:27:00,-0.4559997237532798
2020-01-14 15:30:00,-0.4303459018976241
2020-01-14 15:33:00,-0.4415893787402183
2020-01-14 15:36:00,-0.42857882237535705
2020-01-14 15:39:00,-0.5802569911085698
2020-01-14 15:42:00,-0.5455854680615175
2020-01-14 15:45:00,-0.4566300949001061
2020-01-14 15:48:00,-0.4361499246642211
2020-01-14 15:51:00,-0.4819706278033209
2020-01-14 15:54:00,-0.5127699872114704
2020-01-14 15:57:00,-0.6119452925744895
2020-01-14 16:00:00,-0.50013321540996
2020-01-14 16:03:00,-0.44386967257116794
2020-01-14 16:06:00,-0.5029685955520335
2020-01-14 16:09:00,-0.39620580262175054
2020-01-14 16:12:00,-0.3773217359233172
2020-01-14 16:15:00,-0.387496190348827
2020-01-14 16:18:00,-0.39802286721231894
2020-01-14 16:21:00,-0.5023821617731414
2020-01-14 16:24:00,-0.3971119456271026
2020-01-14 16:27:00,-0.4807301644574977
2020-01-14 16:30:00,-0.36690101086867344
2020-01-14 16:33:00,-0.4712265368681301
2020-01-14 16:36:00,-0.38502724390900767
2020-01-14 16:39:00,-0.5217208131869029
2020-01-14 16:42:00,-0.33139250024544253
2020-01-14 16:45:00,-0.41468361207432736
2020-01-14 16:48:00,-0.45758017092560976
2020-01-14 16:51:00,-0.46377743179016306
2020-01-14 16:54:00,-0.4412816960798409
2020-01-14 16:57:00,-0.2423508188114738
2020-01-14 17:00:00,-0.4209720540659987
2020-01-14 17:03:00,-0.34652776703467225
2020-01-14 17:06:00,-0.3158385587038879
2020-01-14 17:09:00,-0.3303879691023326
2020-01-14 17:12:00,-0.2381668454218584
2020-01-14 17:15:00,-0.43652967586291425
2020-01-14 17:18:00,-0.2624277746988355
2020-01-14 17:21:00,-0.45356280283465367
2020-01-14 17:24:00,-0.37740745168935064
2020-01-14 17:27:00,-0.39078689562131785
2020-01-14 17:30:00,-0.3410155682730647
2020-01-14 17:33:00,-0.41913972248886466
2020-01-14 17:36:00,-0.39576838393833214
2020-01-14 17:39:00,-0.43020785874284684
2020-01-14 17:42:00,-0.26208545946713
2020-01-14 17:45:00,-0.39853990951507967
2020-01-14 17:48:00,-0.41728669409712893
2020-01-14 17:51:00,-0.31417291045926277
2020-01-14 17:54:00,-0.3547387516767344
2020-01-14 17:57:00,-0.3780933833575091
2020-01-14 18:00:00,-0.32674782036121996
2020-01-14 18:03:00,-0.40140334303862346
2020-01-14 18:06:00,-0.2638919480824029
2020-01-14 18:09:00,-0.26825812888813516
2020-01-14 18:12:00,-0.38532741238651624
2020-01-14 18:15:00,-0.3968282298550321
2020-01-14 18:18:00,-0.4085370134461641
2020-01-14 18:21:00,-0.24906716141265406
2020-01-14 18:24:00,-0.35235057064551256
2020-01-14 18:27:00,-0.35125153012472765
2020-01-14 18:30:00,-0.24916415273776238
2020-01-14 18:33:00,-0.2589527578817865
2020-01-14 18:36:00,-0.3392430477774724
2020-01-14 18:39:00,-0.2217302647995325
2020-01-14 18:42:00,-0.23742446875212408
2020-01-14 18:45:00,-0.23289492783874266
2020-01-14 18:48:00,-0.3256341583233393
2020-01-14 18:51:00,-0.29684436332297537
2020-01-14 18:54:00,-0.3034266524455802
2020-01-14 18:57:00,
2020-01-14 19:00:00,
2020-01-14 19:03:00,-0.2263903403604104
2020-01-14 19:06:00,-0.14707393126462875
2020-01-14 19:09:00,-0.2919906118451081
2020-01-14 19:12:00,-0.13110868645395612
2020-01-14 19:15:00,-0.15087018898447013
2020-01-14 19:18:00,-0.2574544332928781
2020-01-14 19:21:00,-0.16875920955703805
2020-01-14 19:24:00,-0.15674674746719575
2020-01-14 19:27:00,-0.20903399443824355
2020-01-14 19:30:00,-0.09329203482633375
2020-01-14 19:33:00,-0.1563055867157459
2020-01-14 19:36:00,-0.1809599105275197
2020-01-14 19:39:00,-0.10476409180125756
2020-01-14 19:42:00,-0.14220582511990187
2020-01-14 19:45:00,-0.03104828519383318
2020-01-14 19:48:00,-0.16816015384222283
2020-01-14 19:51:00,-0.07160652395094758
2020-01-14 19:54:00,-0.18525639209855171
2020-01-14 19:57:00,-0.10769278844531982
2020-01-14 20:00:00,-0.09552512070672492
2020-01-14 20:03:00,-0.04179997213674369
2020-01-14 20:06:00,-0.2002008236154893
2020-01-14 20:09:00,-0.17931585538383388
2020-01-14 20:12:00,-0.14520097177398839
2020-01-14 20:15:00,0.004157152373863937
2020-01-14 20:18:00,-0.1037507600212848
2020-01-14 20:21:00,-0.024717154357631443
2020-01-14 20:24:00,-0.13317857654215004
2020-01-14 20:27:00,-0.032058943878212176
2020-01-14 20:30:00,-0.11695338266241606
2020-01-14 20:33:00,-0.125842368830547
2020-01-14 20:36:00,-0.0981039711024323
2020-01-14 20:39:00,-0.0337309946936557
2020-01-14 20:42:00,-0.04982013553512843
2020-01-14 20:45:00,-0.04408915817373327
2020-01-14 20:48:00,0.015820901647714436
2020-01-14 20:51:00,-0.08343506744654405
2020-01-14 20:54:00,-0.07768233338282471
2020-01-14 20:57:00,-0.0808664361790079
2020-01-14 21:00:00,-0.0457036163434168
2020-01-14 21:03:00,0.09517538855408247
2020-01-14 21:06:00,-0.02229399457803538
2020-01-14 21:09:00,-0.08684754212828238
2020-01-14 21:12:00,0.023150249071591134
2020-01-14 21:15:00,-0.08869405265932073
2020-01-14 21:18:00,0.039873845828708454
2020-01-14 21:21:00,0.07394482172003336
2020-01-14 21:24:00,-0.0729316455073672
2020-01-14 21:27:00,-0.0010445502775269233
2020-01-14 21:30:00,-0.0019737537208470712
2020-01-14 21:33:00,0.07980898317907759
2020-01-14 21:36:00,0.004823052006827311
2020-01-14 21:39:00,-0.03662194162285459
2020-01-14 21:42:00,-0.04627603682735071
2020-01-14 21:45:00,0.06492724189456567
2020-01-14 21:48:00,0.022150054496535176
2020-01-14 21:51:00,-0.06630762256156686
2020-01-14 21:54:00,-0.03697543206703813
2020-01-14 21:57:00,0.09734747258136167
2020-01-14 22:00:00,0.08552952839301042
2020-01-14 22:03:00,0.015816748800034475
2020-01-14 22:06:00,0.023649244693160654
2020-01-14 22:09:00,0.014311624490858321
2020-01-14 22:12:00,0.019300325722895195
2020-01-14 22:15:00,0.03441730560319911
2020-01-14 22:18:00,0.03898357608045444
2020-01-14 22:21:00,0.05176954703500769
2020-01-14 22:24:00,0.06531120928025302
2020-01-14 22:27:00,0.0714300930585523
2020-01-14 22:30:00,0.061471791426527034
2020-01-14 22:33:00,0.03332414720301813
2020-01-14 22:36:00,0.07867207614594918
2020-01-14 22:39:00,-0.005208182164267328
2020-01-14 22:42:00,0.04260791546937526
2020-01-14 22:45:00,0.050010213313896656
2020-01-14 22:48:00,0.06902705223478733
2020-01-14 22:51:00,0.041970123940416215
2020-01-14 22:54:00,0.095630953388536
2020-01-14 22:57:00,0.1389608203461421
2020-01-14 23:00:00,0.08929384691811038
2020-01-14 23:03:00,0.08273068932186334
2020-01-14 23:06:00,0.09015164548105759
2020-01-14 23:09:00,-0.03527956845073277
2020-01-14 23:12:00,0.0686644467788824
2020-01-14 23:15:00,0.005591285115315259
2020-01-14 23:18:00,0.08162542974588405
2020-01-14 23:21:00,-0.05399168588957082
2020-01-14 23:24:00,0.0035056294764217455
2020-01-14 23:27:00,0.04787275436984828
2020-01-14 23:30:00,0.08769201840738106
2020-01-14 23:33:00,0.049875945760391005
2020-01-14 23:36:00,-0.0073234209091879165
2020-01-14 23:39:00,0.016211228898328045
2020-01-14 23:42:00,0.07541488028408594
2020-01-14 23:45:00,0.06431383024533943
2020-01-14 23:48:00,-0.009759450977753659
2020-01-14 23:51:00,0.08483605449288234
2020-01-14 23:54:00,0.0032116834831299457
2020-01-14 23:57:00,0.07658202657336233
2020-01-15 00:00:00,0.003841748469653794
2020-01-15 00:03:00,0.040657447238402256
2020-01-15 00:06:00,0.04958933948108779
2020-01-15 00:09:00,0.1505056527290094
2020-01-15 00:12:00,0.03660081967211681
2020-01-15 00:15:00,0.0006302930489709979
2020-01-15 00:18:00,0.06924158751837695
2020-01-15 00:21:00,0.009710927843002537
2020-01-15 00:24:00,0.05624749654089101
2020-01-15 00:27:00,0.05032036696115938
2020-01-15 00:30:00,0.033388316412128916
2020-01-15 00:33:00,0.0709560473133024
2020-01-15 00:36:00,0.025796131776587572
2020-01-15 00:39:00,0.025242144958667723
2020-01-15 00:42:00,-0.010207357875401613
2020-01-15 00:45:00,0.0391170082036183
2020-01-15 00:48:00,0.04126420392003638
2020-01-15 00:51:00,0.04092629033868889
2020-01-15 00:54:00,0.11408841767030253
2020-01-15 00:57:00,0.14093960078645296
2020-01-15 01:00:00,0.13162109515013753
2020-01-15 01:03:00,0.144801770136894
2020-01-15 01:06:00,0.044453508161609534
2020-01-15 01:09:00,0.11319282594450897
2020-01-15 01:12:00,0.12310862317201554
2020-01-15 01:15:00,0.16065440755812688
2020-01-15 01:18:00,0.11248785815826068
2020-01-15 01:21:00,0.07382281239137001
2020-01-15 01:24:00,0.12009205548980617
2020-01-15 01:27:00,0.05548385017596047
2020-01-15 01:30:00,0.10692928549963199
2020-01-15 01:33:00,0.19939573268430877
2020-01-15 01:36:00,0.05238535068554029
2020-01-15 01:39:00,0.18894689334456416
2020-01-15 01:42:00,0.12786207016301887
2020-01-15 01:45:00,0.13264767894855822
2020-01-15 01:48:00,0.14184167861344577
2020-01-15 01:51:00,0.21418736665646065
2020-01-15 01:54:00,0.10485754689744908
2020-01-15 01:57:00,0.21631865000557582
2020-01-15 02:00:00,0.1712174924421106
2020-01-15 02:03:00,0.11363396193291919
2020-01-15 02:06:00,0.17469403706007824
2020-01-15 02:09:00,0.1840186111702451
2020-01-15 02:12:00,0.17626145641429503
2020-01-15 02:15:00,0.14021854310897197
2020-01-15 02:18:00,0.2155260099523275
2020-01-15 02:21:00,0.1593420371387424
2020-01-15 02:24:00,0.15732154142250465
2020-01-15 02:27:00,0.09439329200336033
2020-01-15 02:30:00,0.22838258791165345
2020-01-15 02:33:00,0.24344271682156204
2020-01-15 02:36:00,0.17122391604368659
2020-01-15 02:39:00,0.13150821252719425
2020-01-15 02:42:00,0.11859358802576025
2020-01-15 02:45:00,0.07445074755457881
2020-01-15 02:48:00,0.18677849472078378
2020-01-15 02:51:00,0.17816854165585028
2020-01-15 02:54:00,0.1548510829139218
2020-01-15 02:57:00,0.23202497147207168
2020-01-15 03:00:00,0.10385719151781814
2020-01-15 03:03:00,0.23772696885623645
2020-01-15 03:06:00,0.16779489215025478
2020-01-15 03:09:00,0.16236019046442607
2020-01-15 03:12:00,0.22777079215921958
2020-01-15 03:15:00,0.19989637994547138
2020-01-15 03:18:00,0.2057574453974098
2020-01-15 03:21:00,0.18028291234514882
2020-01-15 03:24:00,0.29377061918017944
2020-01-15 03:27:00,0.12953950450639695
2020-01-15 03:30:00,0.12706981023922026
2020-01-15 03:33:00,0.1679798811570663
2020-01-15 03:36:00,0.20766675603312024
2020-01-15 03:39:00,0.10131835225462282
2020-01-15 03:42:00,0.14878234765006937
2020-01-15 03:45:00,0.14467513034242074
2020-01-15 03:48:00,0.1174293093120582
2020-01-15 03:51:00,0.16893200409026576
2020-01-15 03:54:00,0.1651189899346832
2020-01-15 03:57:00,0.15135432612174782
2020-01-15 04:00:00,0.200299409108311
2020-01-15 04:03:00,0.2418123434852646
2020-01-15 04:06:00,0.11882376071019962
2020-01-15 04:09:00,0.06622373374614199
2020-01-15 04:12:00,0.14976582358428914
2020-01-15 04:15:00,0.22498389676343322
2020-01-15 04:18:00,0.17658761855460625
2020-01-15 04:21:00,0.26454494168251586
2020-01-15 04:24:00,0.17420198640422768
2020-01-15 04:27:00,0.23977034180410328
2020-01-15 04:30:00,0.2326081206440449
2020-01-15 04:33:00,0.2156310865163391
2020-01-15 04:36:00,0.1973931047931501
2020-01-15 04:39:00,0.2705901351691864
2020-01-15 04:42:00,0.21667072256093434
2020-01-15 04:45:00,0.21123576332479388
2020-01-15 04:48:00,0.19898717396506527
2020-01-15 04:51:00,0.15635017751657188
2020-01-15 04:54:00,0.2118929730572745
2020-01-15 04:57:00,0.23334054745555477
2020-01-15 05:00:00,0.28484806995140843
2020-01-15 05:03:00,0.2963121185023283
2020-01-15 05:06:00,0.2044515420829498
2020-01-15 05:09:00,0.24329424949701206
2020-01-15 05:12:00,0.16922905686595868
2020-01-15 05:15:00,0.16278565158739866
2020-01-15 05:18:00,0.28763540230380613
2020-01-15 05:21:00,0.38720024119572827
2020-01-15 05:24:00,0.14649960394763184
2020-01-15 05:27:00,0.2022747110944465
2020-01-15 05:30:00,0.23166106499928674
2020-01-15 05:33:00,0.24389213984318303
2020-01-15 05:36:00,0.3378986842959648
2020-01-15 05:39:00,0.2758469714582361
2020-01-15 05:42:00,0.21290685670800258
2020-01-15 05:45:00,0.2097088756132166
2020-01-15 05:48:00,0.22885776091482057
2020-01-15 05:51:00,0.28276577953005244
2020-01-15 05:54:00,0.17919968472801884
2020-01-15 05:57:00,0.23356775021341036
2020-01-15 06:00:00,0.24155610062865662
2020-01-15 06:03:00,0.27149134691700283
2020-01-15 06:06:00,0.3224618393251717
2020-01-15 06:09:00,0.3062908217096947
2020-01-15 06:12:00,0.30666579288691764
2020-01-15 06:15:00,0.343043560897911
2020-01-15 06:18:00,0.23601722327487096
2020-01-15 06:21:00,0.24631521507825482
2020-01-15 06:24:00,0.15580196337094776
2020-01-15 06:27:00,0.3093112206943829
2020-01-15 06:30:00,0.3561322739612365
2020-01-15 06:33:00,0.2736013444992409
2020-01-15 06:36:00,0.29028854069275667
2020-01-15 06:39:00,0.3231140269573416
2020-01-15 06:42:00,0.2889768608793588
2020-01-15 06:45:00,0.36972207316256345
2020-01-15 06:48:00,0.32074380959448945
2020-01-15 06:51:00,0.18721179292049328
2020-01-15 06:54:00,0.3324218738837317
2020-01-15 06:57:00,0.27542121174320755
2020-01-15 07:00:00,0.28722484322372566
2020-01-15 07:03:00,0.2002942996197703
2020-01-15 07:06:00,0.24223796312259083
2020-01-15 07:09:00,0.20483136286009085
2020-01-15 07:12:00,0.23757653522170585
2020-01-15 07:15:00,0.18452741181408783
2020-01-15 07:18:00,0.2594460700965442
2020-01-15 07:21:00,0.1521216662628717
2020-01-15 07:24:00,0.16628836658844648
2020-01-15 07:27:00,0.15371666877473444
2020-01-15 07:30:00,0.14509517379184445
2020-01-15 07:33:00,0.1951455815935219
2020-01-15 07:36:00,0.2488647023642443
2020-01-15 07:39:00,0.17366536138973743
2020-01-15 07:42:00,0.16079579378509834
2020-01-15 07:45:00,0.19515311901528776
2020-01-15 07:48:00,0.23241776770186107
2020-01-15 07:51:00,0.22322091877219918
2020-01-15 07:54:00,0.21442750178414371
2020-01-15 07:57:00,0.1902628107958435
2020-01-15 08:00:00,0.1948055763060097
2020-01-15 08:03:00,0.17568096537439715
2020-01-15 08:06:00,0.148038327475831
2020-01-15 08:09:00,0.197076462816824
2020-01-15 08:12:00,0.23735413695379748
2020-01-15 08:15:00,0.2539281527839421
2020-01-15 08:18:00,0.1766826142158493
2020-01-15 08:21:00,0.26149170841949854
2020-01-15 08:24:00,0.2391600024402578
2020-01-15 08:27:00,0.3068154020488123
2020-01-15 08:30:00,0.21840047623499004
2020-01-15 08:33:00,0.20000547343079234
2020-01-15 08:36:00,0.2145733871484481
2020-01-15 08:39:00,0.1516182441390015
2020-01-15 08:42:00,0.11326502130822291
2020-01-15 08:45:00,0.11619823327691847
2020-01-15 08:48:00,0.14233078762731566
2020-01-15 08:51:00,0.1329119421918108
2020-01-15 08:54:00,0.10683036340572016
2020-01-15 08:57:00,0.20371331750101263
2020-01-15 09:00:00,0.17203906349584486
2020-01-15 09:03:00,0.08132727431063813
2020-01-15 09:06:00,0.01292484555676765
2020-01-15 09:09:00,0.14782259538651488
2020-01-15 09:12:00,0.06550433227909025
2020-01-15 09:15:00,0.06425463168142187
2020-01-15 09:18:00,0.18294374806970382
2020-01-15 09:21:00,0.12096978382925272
2020-01-15 09:24:00,0.16145438713101612
2020-01-15 09:27:00,0.04838276728969504
2020-01-15 09:30:00,0.1271220999265097
2020-01-15 09:33:00,0.007886172975361205
2020-01-15 09:36:00,-0.014251935872891863
2020-01-15 09:39:00,-0.07527396472261216
2020-01-15 09:42:00,-0.0028309487579463166
2020-01-15 09:45:00,-0.010174979833607267
2020-01-15 09:48:00,0.011892625580742333
2020-01-15 09:51:00,0.06354587351393093
2020-01-15 09:54:00,0.15442447658443825
2020-01-15 09:57:00,0.05190202550807044
2020-01-15 10:00:00,0.13338837233760614
2020-01-15 10:03:00,0.00030408280008487054
2020-01-15 10:06:00,-0.12201076145748857
2020-01-15 10:09:00,-0.06409279952879388
2020-01-15 10:12:00,-0.12920338709682255
2020-01-15 10:15:00,-0.05338980543302796
2020-01-15 10:18:00,-0.09511404761963149
2020-01-15 10:21:00,-0.07800168448972045
2020-01-15 10:24:00,-0.01169548326737413
2020-01-15 10:27:00,-0.02707816972213095
2020-01-15 10:30:00,0.013185884956385507
2020-01-15 10:33:00,-0.061345921489362354
2020-01-15 10:36:00,-0.13358712184873411
2020-01-15 10:39:00,-0.16643658300500874
2020-01-15 10:42:00,-0.09113946527435246
2020-01-15 10:45:00,-0.18183940247939745
2020-01-15 10:48:00,-0.11199754292044872
2020-01-15 10:51:00,0.004256574291844117
2020-01-15 10:54:00,-0.13311409220324322
2020-01-15 10:57:00,-0.21485379498545853
2020-01-15 11:00:00,-0.12428459077642628
2020-01-15 11:03:00,-0.18243976144049157
2020-01-15 11:06:00,-0.10633181134113556
2020-01-15 11:09:00,-0.1990930730005971
2020-01-15 11:12:00,-0.19026555102118436
2020-01-15 11:15:00,-0.1558678542608618
2020-01-15 11:18:00,-0.15766864061521346
2020-01-15 11:21:00,-0.11977200063739701
2020-01-15 11:24:00,-0.10101448457214701
2020-01-15 11:27:00,-0.06628967254391682
2020-01-15 11:30:00,-0.24917296553485357
2020-01-15 11:33:00,-0.10978822021650103
2020-01-15 11:36:00,-0.10374646621556849
2020-01-15 11:39:00,-0.11012966830094228
2020-01-15 11:42:00,-0.09655298828039349
2020-01-15 11:45:00,-0.2670812635725497
2020-01-15 11:48:00,-0.09735445890601113
2020-01-15 11:51:00,-0.0997058014919503
2020-01-15 11:54:00,-0.11263716318001116
2020-01-15 11:57:00,-0.19465179869752092
2020-01-15 12:00:00,-0.1273577593041182
2020-01-15 12:03:00,-0.19448188353356954
2020-01-15 12:06:00,-0.17117073097756474
2020-01-15 12:09:00,-0.16687573049307503
2020-01-15 12:12:00,-0.18018393516098286
2020-01-15 12:15:00,-0.11690157708272864
2020-01-15 12:18:00,-0.2060416323604386
2020-01-15 12:21:00,-0.15230488768128225
2020-01-15 12:24:00,-0.24578751111755537
2020-01-15 12:27:00,-0.17140227739128022
2020-01-15 12:30:00,-0.24062707363088975
2020-01-15 12:33:00,-0.18503702240747089
2020-01-15 12:36:00,-0.18225873182757368
2020-01-15 12:39:00,-0.27269172127176944
2020-01-15 12:42:00,-0.24971207562316522
2020-01-15 12:45:00,-0.22075818988855644
2020-01-15 12:48:00,-0.1272768768573087
2020-01-15 12:51:00,-0.18135366510790618
2020-01-15 12:54:00,-0.14156998584547864
2020-01-15 12:57:00,-0.18508403690100295
2020-01-15 13:00:00,-0.2031785835263804
2020-01-15 13:03:00,-0.21550946953499306
2020-01-15 13:06:00,-0.2629331777527568
2020-01-15 13:09:00,-0.1381528540255772
2020-01-15 13:12:00,-0.07329537972219669
2020-01-15 13:15:00,-0.1828074040595311
2020-01-15 13:18:00,-0.19437943742900643
2020-01-15 13:21:00,-0.23684013035676799
2020-01-15 13:24:00,-0.21441705035334735
2020-01-15 13:27:00,-0.2256409637242882
2020-01-15 13:30:00,-0.22182352838115094
2020-01-15 13:33:00,-0.2630525584273755
2020-01-15 13:36:00,-0.19543674325757365
2020-01-15 13:39:00,-0.2520461449550453
2020-01-15 13:42:00,-0.20214157125496968
2020-01-15 13:45:00,-0.22992003651785353
2020-01-15 13:48:00,-0.2759846371950516
2020-01-15 13:51:00,-0.20325045331929914
2020-01-15 13:54:00,-0.30299492282927076
2020-01-15 13:57:00,-0.3310824545826563
2020-01-15 14:00:00,-0.30981797841991465
2020-01-15 14:03:00,-0.3871472223626711
2020-01-15 14:06:00,-0.26321172656258796
2020-01-15 14:09:00,-0.2635670930047809
2020-01-15 14:12:00,-0.2453737373069771
2020-01-15 14:15:00,-0.3400927100629474
2020-01-15 14:18:00,-0.26676668198234665
2020-01-15 14:21:00,-0.28220108071212735
2020-01-15 14:24:00,-0.33166433428425535
2020-01-15 14:27:00,-0.3775432492867594
2020-01-15 14:30:00,-0.2793980431175669
2020-01-15 14:33:00,-0.2090663937106001
2020-01-15 14:36:00,-0.29321968510657825
2020-01-15 14:39:00,-0.2878060270703031
2020-01-15 14:42:00,-0.34140589228860563
2020-01-15 14:45:00,-0.4590386143382261
2020-01-15 14:48:00,-0.27541526636770186
2020-01-15 14:51:00,-0.32974509334093227
2020-01-15 14:54:00,-0.2886140972611315
2020-01-15 14:57:00,-0.31812827924420617
2020-01-15 15:00:00,-0.3420072299643948
2020-01-15 15:03:00,-0.3637872299790388
2020-01-15 15:06:00,-0.467645518587517
2020-01-15 15:09:00,-0.33311713972693724
2020-01-15 15:12:00,-0.38998028764416404
2020-01-15 15:15:00,-0.43059269696851743
2020-01-15 15:18:00,-0.3947186023411291
2020-01-15 15:21:00,-0.43339066759835987
2020-01-15 15:24:00,-0.40632326823600806
2020-01-15 15:27:00,-0.4023693810935356
2020-01-15 15:30:00,-0.400610968297201
2020-01-15 15:33:00,-0.34275426885301385
2020-01-15 15:36:00,-0.36646603735744065
2020-01-15 15:39:00,-0.34678634243738315
2020-01-15 15:42:00,-0.38078138431575326
2020-01-15 15:45:00,-0.30456999584112054
2020-01-15 15:48:00,-0.32776009085620217
2020-01-15 15:51:00,-0.3745846517822997
2020-01-15 15:54:00,-0.3195609073587775
2020-01-15 15:57:00,-0.30194470709682264
2020-01-15 16:00:00,-0.3435173900636528
2020-01-15 16:03:00,-0.18087032024288874
2020-01-15 16:06:00,-0.2619252253231821
2020-01-15 16:09:00,-0.27622321429549856
2020-01-15 16:12:00,-0.1074666943065381
2020-01-15 16:15:00,-0.19767972928713107
2020-01-15 16:18:00,-0.23618150226064927
2020-01-15 16:21:00,-0.2652494245803041
2020-01-15 16:24:00,-0.19101534394229702
2020-01-15 16:27:00,-0.3311761932756099
2020-01-15 16:30:00,-0.34410388189797914
2020-01-15 16:33:00,-0.1865393680870966
2020-01-15 16:36:00,-0.3251852989577628
2020-01-15 16:39:00,-0.3446704709534174
2020-01-15 16:42:00,-0.28365894014871174
2020-01-15 16:45:00,-0.31768533024330736
2020-01-15 16:48:00,-0.1967930937341862
2020-01-15 16:51:00,-0.2636191282928735
2020-01-15 16:54:00,-0.1634176424943803
2020-01-15 16:57:00,-0.16664236039702018
2020-01-15 17:00:00,-0.18645822529492762
2020-01-15 17:03:00,-0.19856885472228214
2020-01-15 17:06:00,-0.1444029221653409
2020-01-15 17:09:00,-0.14875380779182024
2020-01-15 17:12:00,-0.18099569685517736
2020-01-15 17:15:00,-0.19120350277512443
2020-01-15 17:18:00,-0.16375095726260724
2020-01-15 17:21:00,-0.1974994764146345
2020-01-15 17:24:00,-0.04436070387038171
2020-01-15 17:27:00,-0.11996055770384828
2020-01-15 17:30:00,-0.05625626087379487
2020-01-15 17:33:00,-0.07386284750634786
2020-01-15 17:36:00,-0.13323540660115896
2020-01-15 17:39:00,-0.20965117222147
2020-01-15 17:42:00,-0.1110836377592932
2020-01-15 17:45:00,-0.1441624689513219
2020-01-15 17:48:00,-0.11509882335116117
2020-01-15 17:51:00,-0.18737213238841832
2020-01-15 17:54:00,-0.16089293477949695
2020-01-15 17:57:00,-0.16582236765583502
2020-01-15 18:00:00,-0.0867372053369877
2020-01-15 18:03:00,-0.25459748997798215
2020-01-15 18:06:00,-0.1706062314110568
2020-01-15 18:09:00,-0.14269175272181656
2020-01-15 18:12:00,-0.1588225765260063
2020-01-15 18:15:00,-0.13940521573533715
2020-01-15 18:18:00,-0.18761934536343006
2020-01-15 18:21:00,-0.06279844321022665
2020-01-15 18:24:00,-0.14481913453244033
2020-01-15 18:27:00,-0.11353646831059905
2020-01-15 18:30:00,-0.08259677051159997
2020-01-15 18:33:00,-0.131801320858699
2020-01-15 18:36:00,0.019622612137482065
2020-01-15 18:39:00,-0.11573840275184466
2020-01-15 18:42:00,-0.024988789622796048
2020-01-15 18:45:00,-0.08852932107396327
2020-01-15 18:48:00,-0.10765790764395433
2020-01-15 18:51:00,-0.11987852701639667
2020-01-15 18:54:00,
2020-01-15 18:57:00,
2020-01-15 19:00:00,
2020-01-15 19:03:00,0.034237498845868686
2020-01-15 19:06:00,-0.19848559230354113
2020-01-15 19:09:00,-0.03141880352922044
2020-01-15 19:12:00,-0.011097556829895439
2020-01-15 19:15:00,-0.10589800909400537
2020-01-15 19:18:00,0.024355916186948434
2020-01-15 19:21:00,0.02954853382038891
2020-01-15 19:24:00,-0.05647384233691355
2020-01-15 19:27:00,-0.04533599566730118
2020-01-15 19:30:00,-0.0987028836602235
2020-01-15 19:33:00,-0.014654265637943809
2020-01-15 19:36:00,-0.017196488914919428
2020-01-15 19:39:00,-0.03320758957903536
2020-01-15 19:42:00,-0.013361899503991026
2020-01-15 19:45:00,-0.05758098006123191
2020-01-15 19:48:00,0.04814868651874349
2020-01-15 19:51:00,-0.01863652806952132
2020-01-15 19:54:00,-0.032316598233478544
2020-01-15 19:57:00,-0.04224861315327644
2020-01-15 20:00:00,0.042697854577966154
2020-01-15 20:03:00,-0.015922572232739185
2020-01-15 20:06:00,-0.013281213547486459
2020-01-15 20:09:00,-0.09650579843071228
2020-01-15 20:12:00,-0.022202409371516296
2020-01-15 20:15:00,0.03700702726644067
2020-01-15 20:18:00,-0.07346775886310297
2020-01-15 20:21:00,0.06223148058359129
2020-01-15 20:24:00,-0.06521169478077127
2020-01-15 20:27:00,-0.03024594798733915
2020-01-15 20:30:00,-0.0019336477060960533
2020-01-15 20:33:00,-0.03622056410000596
2020-01-15 20:36:00,-0.024354242602157683
2020-01-15 20:39:00,0.025384799089579246
2020-01-15 20:42:00,-0.06177258896127569
2020-01-15 20:45:00,-0.04683587271830447
2020-01-15 20:48:00,0.10811591520649699
2020-01-15 20:51:00,0.05200805880150483
2020-01-15 20:54:00,0.13497701761588132
2020-01-15 20:57:00,0.12930689322934086
2020-01-15 21:00:00,0.029207056520419883
2020-01-15 21:03:00,0.0596457367797143
2020-01-15 21:06:00,0.08489776052357456
2020-01-15 21:09:00,0.020707599329625737
2020-01-15 21:12:00,-0.05091679888306544
2020-01-15 21:15:00,0.011916763901297145
2020-01-15 21:18:00,0.0732329441647721
2020-01-15 21:21:00,-0.04190850787756517
2020-01-15 21:24:00,-0.0310435310250341
2020-01-15 21:27:00,0.09000321809998013
2020-01-15 21:30:00,0.019383917126049255
2020-01-15 21:33:00,0.004387272441135792
2020-01-15 21:36:00,0.03940511214352682
2020-01-15 21:39:00,0.09070997850398044
2020-01-15 21:42:00,0.012916317158556012
2020-01-15 21:45:00,0.11070119865632932
2020-01-15 21:48:00,0.12791239429685675
2020-01-15 21:51:00,0.08600058684737633
2020-01-15 21:54:00,0.11324833163803305
2020-01-15 21:57:00,0.12412946490928789
2020-01-15 22:00:00,0.0057446835576229205
2020-01-15 22:03:00,0.05666067959276688
2020-01-15 22:06:00,0.019966594962795625
2020-01-15 22:09:00,0.014032322943876352
2020-01-15 22:12:00,0.04196604573644436
2020-01-15 22:15:00,0.0087988813805282
2020-01-15 22:18:00,0.10818641253661099
2020-01-15 22:21:00,0.07823187611302274
2020-01-15 22:24:00,0.04815579560238348
2020-01-15 22:27:00,0.1242010606734425
2020-01-15 22:30:00,0.03645554289988695
2020-01-15 22:33:00,0.04101379434047203
2020-01-15 22:36:00,0.13400565085419203
2020-01-15 22:39:00,0.012930156201775844
2020-01-15 22:42:00,0.1616718974669311
2020-01-15 22:45:00,0.01454851385017264
2020-01-15 22:48:00,0.09225414162972356
2020-01-15 22:51:00,0.02871298167428904
2020-01-15 22:54:00,0.06708010626067562
2020-01-15 22:57:00,0.08415419234330557
2020-01-15 23:00:00,0.07549735216178988
2020-01-15 23:03:00,0.08954597447092283
2020-01-15 23:06:00,0.08637261831285059
2020-01-15 23:09:00,-0.05705123911957344
2020-01-15 23:12:00,0.029091544455638996
2020-01-15 23:15:00,0.046604743950638294
2020-01-15 23:18:00,-0.03678399460511628
2020-01-15 23:21:00,-0.05049063767626194
2020-01-15 23:24:00,-0.013334059422959399
2020-01-15 23:27:00,0.0029592429865488157
2020-01-15 23:30:00,0.013327564412634274
2020-01-15 23:33:00,-0.01364317688603478
2020-01-15 23:36:00,0.05127787654782878
2020-01-15 23:39:00,-0.04462138497763135
2020-01-15 23:42:00,0.002367639823035006
2020-01-15 23:45:00,0.0019226541926400387
2020-01-15 23:48:00,-0.08097058080272745
2020-01-15 23:51:00,0.02836569698092717
2020-01-15 23:54:00,0.01780878820898124
2020-01-15 23:57:00,0.00512303983197171
2020-01-16 00:00:00,0.0872899341612765
2020-01-16 00:03:00,0.20141389981546354
2020-01-16 00:06:00,0.08019283359220708
2020-01-16 00:09:00,0.0673978749096591
2020-01-16 00:12:00,0.1314176489190686
2020-01-16 00:15:00,0.08904794969339491
2020-01-16 00:18:00,0.23521163259732702
2020-01-16 00:21:00,0.18779246108789494
2020-01-16 00:24:00,0.16685956886681197
2020-01-16 00:27:00,0.230783657949587
2020-01-16 00:30:00,0.16978624066337034
2020-01-16 00:33:00,0.254764621916479
2020-01-16 00:36:00,0.16566972878723618
2020-01-16 00:39:00,0.0762021166022464
2020-01-16 00:42:00,0.12502692361999834
2020-01-16 00:45:00,0.07823011810472735
2020-01-16 00:48:00,0.12912319806275718
2020-01-16 00:51:00,0.049003542349623785
2020-01-16 00:54:00,0.051239119535694044
2020-01-16 00:57:00,0.13875325799176608
2020-01-16 01:00:00,0.1780124405358947
2020-01-16 01:03:00,0.20793281527312502
2020-01-16 01:06:00,0.19126402961887834
2020-01-16 01:09:00,0.12989500329797465
2020-01-16 01:12:00,0.062031188402045245
2020-01-16 01:15:00,0.052484236356804104
2020-01-16 01:18:00,0.14479392842673633
2020-01-16 01:21:00,0.20846958029312646
2020-01-16 01:24:00,0.2601739899897666
2020-01-16 01:27:00,0.1724455099856641
2020-01-16 01:30:00,0.19147645502164323
2020-01-16 01:33:00,0.2031452001734806
2020-01-16 01:36:00,0.20509453357794882
2020-01-16 01:39:00,0.23015677985011962
2020-01-16 01:42:00,0.30847849612661093
2020-01-16 01:45:00,0.1949187906002976
2020-01-16 01:48:00,0.22173769589397807
2020-01-16 01:51:00,0.22614294688463588
2020-01-16 01:54:00,0.17640752477120714
2020-01-16 01:57:00,0.16113747546052082
2020-01-16 02:00:00,0.2448547780857666
2020-01-16 02:03:00,0.13680318060659147
2020-01-16 02:06:00,0.12961570062168448
2020-01-16 02:09:00,0.21100311479818856
2020-01-16 02:12:00,0.12826393077762077
2020-01-16 02:15:00,0.044182292517120914
2020-01-16 02:18:00,0.030299890902711013
2020-01-16 02:21:00,0.11809401093944416
2020-01-16 02:24:00,0.26117516472919533
2020-01-16 02:27:00,0.22856814689060911
2020-01-16 02:30:00,0.22017160142394232
2020-01-16 02:33:00,0.22575440545352876
2020-01-16 02:36:00,0.2182831870784412
2020-01-16 02:39:00,0.19354773450089624
2020-01-16 02:42:00,0.1829930430665172
2020-01-16 02:45:00,0.1804036265196487
2020-01-16 02:48:00,0.1763987055159646
2020-01-16 02:51:00,0.18380305201446845
2020-01-16 02:54:00,0.22270878922830661
2020-01-16 02:57:00,0.11961301758515219
2020-01-16 03:00:00,0.16235701097320998
2020-01-16 03:03:00,0.17672628522763034
2020-01-16 03:06:00,0.10032921097052849
2020-01-16 03:09:00,0.12764060845421454
2020-01-16 03:12:00,0.07048682243652138
2020-01-16 03:15:00,0.13333377389733414
2020-01-16 03:18:00,0.1819433419741472
2020-01-16 03:21:00,0.10426440256048863
2020-01-16 03:24:00,0.14882641885651537
2020-01-16 03:27:00,0.18114089044695447
2020-01-16 03:30:00,0.1001803886910011
2020-01-16 03:33:00,0.052011594328519095
2020-01-16 03:36:00,0.15147675318377196
2020-01-16 03:39:00,0.13846094546772747
2020-01-16 03:42:00,0.1823603471784736
2020-01-16 03:45:00,0.27189065174781035
2020-01-16 03:48:00,0.2078916085300193
2020-01-16 03:51:00,0.28731193492535567
2020-01-16 03:54:00,0.20171176909082078
2020-01-16 03:57:00,0.18636101260131
2020-01-16 04:00:00,0.21557448531365253
2020-01-16 04:03:00,0.16049309853792693
2020-01-16 04:06:00,0.17400149868018389
2020-01-16 04:09:00,0.25261561871474214
2020-01-16 04:12:00,0.23614427627296664
2020-01-16 04:15:00,0.16382613388532263
2020-01-16 04:18:00,0.1515548655506791
2020-01-16 04:21:00,0.24642623953025122
2020-01-16 04:24:00,0.17051602923692144
2020-01-16 04:27:00,0.09264729382243786
2020-01-16 04:30:00,0.16582181853630118
2020-01-16 04:33:00,0.0620853347039656
2020-01-16 04:36:00,0.16430098305568208
2020-01-16 04:39:00,0.11052425813215905
2020-01-16 04:42:00,0.022530994527073744
2020-01-16 04:45:00,0.18262023253760162
2020-01-16 04:48:00,0.08778668985070226
2020-01-16 04:51:00,0.0962759995527449
2020-01-16 04:54:00,0.08797214060882652
2020-01-16 04:57:00,0.11261205613323
2020-01-16 05:00:00,-0.005046274244023152
2020-01-16 05:03:00,0.09872627160132197
2020-01-16 05:06:00,0.09626832344690683
2020-01-16 05:09:00,0.0657437549292581
2020-01-16 05:12:00,0.17493381170260136
2020-01-16 05:15:00,0.18319664727857798
2020-01-16 05:18:00,0.08549638579631846
2020-01-16 05:21:00,0.08544245994909261
2020-01-16 05:24:00,-0.00582510017579807
2020-01-16 05:27:00,0.009515507489027186
2020-01-16 05:30:00,0.15970347233377424
2020-01-16 05:33:00,0.20706573185060506
2020-01-16 05:36:00,0.06576547098092078
2020-01-16 05:39:00,0.006694476094537549
2020-01-16 05:42:00,0.02427554332660975
2020-01-16 05:45:00,0.10303473881066338
2020-01-16 05:48:00,0.12432159117258834
2020-01-16 05:51:00,0.054430450055235724
2020-01-16 05:54:00,0.10024965982648837
2020-01-16 05:57:00,0.04159762944487966
2020-01-16 06:00:00,0.07177057905755646
2020-01-16 06:03:00,0.027962097789043128
2020-01-16 06:06:00,0.04650650576940052
2020-01-16 06:09:00,-0.0027111166112945284
2020-01-16 06:12:00,0.1208875307740982
2020-01-16 06:15:00,0.06172688282612171
2020-01-16 06:18:00,0.020976243253471694
2020-01-16 06:21:00,0.19487106666161935
2020-01-16 06:24:00,0.09432011699550458
2020-01-16 06:27:00,0.11654574752935787
2020-01-16 06:30:00,0.0648853447574993
2020-01-16 06:33:00,0.05434555368350402
2020-01-16 06:36:00,0.22587669319756287
2020-01-16 06:39:00,0.1544332873103258
2020-01-16 06:42:00,0.09570173294855522
2020-01-16 06:45:00,0.09577151054099886
2020-01-16 06:48:00,0.2416542331779965
2020-01-16 06:51:00,0.194785389988283
2020-01-16 06:54:00,0.07122661768363514
2020-01-16 06:57:00,0.15835210772058872
2020-01-16 07:00:00,0.12464981027221711
2020-01-16 07:03:00,0.12279821515647882
2020-01-16 07:06:00,0.057295447319461346
2020-01-16 07:09:00,0.09609298792611298
2020-01-16 07:12:00,0.12699242200204708
2020-01-16 07:15:00,0.14986433888060446
2020-01-16 07:18:00,0.18394205599236102
2020-01-16 07:21:00,0.12416165683032432
2020-01-16 07:24:00,0.10059313512340395
2020-01-16 07:27:00,0.1460412916463838
2020-01-16 07:30:00,0.058315409994577294
2020-01-16 07:33:00,0.16377196989952836
2020-01-16 07:36:00,0.06476248426542952
2020-01-16 07:39:00,0.07712560256271672
2020-01-16 07:42:00,0.08703813160047957
2020-01-16 07:45:00,0.05834638975159123
2020-01-16 07:48:00,0.14817662568560763
2020-01-16 07:51:00,0.04142822620570996
2020-01-16 07:54:00,0.062299888963821104
2020-01-16 07:57:00,0.05793734167980347
2020-01-16 08:00:00,0.15563385766944293
2020-01-16 08:03:00,0.17214862038048295
2020-01-16 08:06:00,0.17528340985705881
2020-01-16 08:09:00,0.03273399276190503
2020-01-16 08:12:00,0.02741531909174455
2020-01-16 08:15:00,0.04686579287761106
2020-01-16 08:18:00,0.07446875775769968
2020-01-16 08:21:00,-0.040348554524825886
2020-01-16 08:24:00,-0.04459164069481858
2020-01-16 08:27:00,0.017405612108916557
2020-01-16 08:30:00,0.06889114537841579
2020-01-16 08:33:00,0.026171698053360615
2020-01-16 08:36:00,-0.020768965611864587
2020-01-16 08:39:00,0.020689693465328673
2020-01-16 08:42:00,-0.010675180145710783
2020-01-16 08:45:00,0.031043635789387736
2020-01-16 08:48:00,0.06740951469259926
2020-01-16 08:51:00,-0.07744399938832203
2020-01-16 08:54:00,0.05288087338868763
2020-01-16 08:57:00,-0.11805066982100243
2020-01-16 09:00:00,0.09224611069811317
2020-01-16 09:03:00,-0.0976871428209165
2020-01-16 09:06:00,-0.09145200400115527
2020-01-16 09:09:00,0.01885957055401377
2020-01-16 09:12:00,0.011203853048812107
2020-01-16 09:15:00,0.03358975824767185
2020-01-16 09:18:00,0.06799533742690755
2020-01-16 09:21:00,0.049545258704654316
2020-01-16 09:24:00,-0.0705965657942329
2020-01-16 09:27:00,-0.02685525851092052
2020-01-16 09:30:00,-0.032072735634983474
2020-01-16 09:33:00,-0.032713281218491375
2020-01-16 09:36:00,0.01107125958492361
2020-01-16 09:39:00,-0.0765841483174654
2020-01-16 09:42:00,-0.04965602158682714
2020-01-16 09:45:00,-0.14334672984182362
2020-01-16 09:48:00,-0.23422135246624975
2020-01-16 09:51:00,0.06560203281679833
2020-01-16 09:54:00,-0.07751445167798465
2020-01-16 09:57:00,0.003843855768764115
2020-01-16 10:00:00,-0.10368132425537624
2020-01-16 10:03:00,-0.06349140416818955
2020-01-16 10:06:00,-0.14732890580177127
2020-01-16 10:09:00,-0.12849263597217941
2020-01-16 10:12:00,-0.09620794301645219
2020-01-16 10:15:00,-0.17609769957391563
2020-01-16 10:18:00,-0.11725665325496948
2020-01-16 10:21:00,-0.1267182880521318
2020-01-16 10:24:00,-0.0055211417761711346
2020-01-16 10:27:00,-0.10974935916067352
2020-01-16 10:30:00,0.019332741431128397
2020-01-16 10:33:00,-0.20147401262340736
2020-01-16 10:36:00,-0.10183958211797517
2020-01-16 10:39:00,-0.05602868309540554
2020-01-16 10:42:00,-0.21212509687802594
2020-01-16 10:45:00,-0.16148934017166994
2020-01-16 10:48:00,-0.23536749808778268
2020-01-16 10:51:00,-0.14167983768857084
2020-01-16 10:54:00,-0.24723139089195456
2020-01-16 10:57:00,-0.20022301262605424
2020-01-16 11:00:00,-0.15077730751079343
2020-01-16 11:03:00,-0.18947289877166895
2020-01-16 11:06:00,-0.3223149420925324
2020-01-16 11:09:00,-0.29655975965408743
2020-01-16 11:12:00,-0.3676287474254991
2020-01-16 11:15:00,-0.25753492621470286
2020-01-16 11:18:00,-0.4393944649165178
2020-01-16 11:21:00,-0.35274742958813476
2020-01-16 11:24:00,-0.3579017896162213
2020-01-16 11:27:00,-0.26158888516403067
2020-01-16 11:30:00,-0.3470790975786713
2020-01-16 11:33:00,-0.20953241305085157
2020-01-16 11:36:00,-0.30518587666142594
2020-01-16 11:39:00,-0.24645509953717237
2020-01-16 11:42:00,-0.24332289181944589
2020-01-16 11:45:00,-0.39693250221984044
2020-01-16 11:48:00,-0.34394653777030726
2020-01-16 11:51:00,-0.34972520568175014
2020-01-16 11:54:00,-0.34631693659127905
2020-01-16 11:57:00,-0.32889301073936394
2020-01-16 12:00:00,-0.37127251808919937
2020-01-16 12:03:00,-0.4036802831997761
2020-01-16 12:06:00,-0.25433012454362824
2020-01-16 12:09:00,-0.3136994354724152
2020-01-16 12:12:00,-0.3634126190701181
2020-01-16 12:15:00,-0.27604481367114886
2020-01-16 12:18:00,-0.243046525755517
2020-01-16 12:21:00,-0.29732161043313
2020-01-16 12:24:00,-0.27664479205685666
2020-01-16 12:27:00,-0.3890059658141354
2020-01-16 12:30:00,-0.39793238938864306
2020-01-16 12:33:00,-0.3866469907707142
2020-01-16 12:36:00,-0.22314911677119653
2020-01-16 12:39:00,-0.23668620508669846
2020-01-16 12:42:00,-0.3710746832090308
2020-01-16 12:45:00,-0.33404529256353044
2020-01-16 12:48:00,-0.38618942931248057
2020-01-16 12:51:00,-0.3068018489245219
2020-01-16 12:54:00,-0.3462335628432811
2020-01-16 12:57:00,-0.36820336025363076
2020-01-16 13:00:00,-0.3365253489265001
2020-01-16 13:03:00,-0.20636704179258913
2020-01-16 13:06:00,-0.36807935374139333
2020-01-16 13:09:00,-0.30044909912805906
2020-01-16 13:12:00,-0.40811908811184594
2020-01-16 13:15:00,-0.2222482713995646
2020-01-16 13:18:00,-0.24846429289829075
2020-01-16 13:21:00,-0.25585071464331577
2020-01-16 13:24:00,-0.38914983409074466
2020-01-16 13:27:00,-0.1904691681007762
2020-01-16 13:30:00,-0.36974948274234976
2020-01-16 13:33:00,-0.31547860462211474
2020-01-16 13:36:00,-0.4119482034730595
2020-01-16 13:39:00,-0.2667146483085503
2020-01-16 13:42:00,-0.3627153253740971
2020-01-16 13:45:00,-0.39484864235805617
2020-01-16 13:48:00,-0.3627843612612196
2020-01-16 13:51:00,-0.3665320209968286
2020-01-16 13:54:00,-0.35227932162001707
2020-01-16 13:57:00,-0.4610032575765217
2020-01-16 14:00:00,-0.521573106291271
2020-01-16 14:03:00,-0.3203330439915817
2020-01-16 14:06:00,-0.4347655022570507
2020-01-16 14:09:00,-0.39584738915300477
2020-01-16 14:12:00,-0.42361245221320587
2020-01-16 14:15:00,-0.42495946423474606
2020-01-16 14:18:00,-0.31541585911435277
2020-01-16 14:21:00,-0.370283511647699
2020-01-16 14:24:00,-0.3836616328050013
2020-01-16 14:27:00,-0.449374111602026
2020-01-16 14:30:00,-0.40171944777546287
2020-01-16 14:33:00,-0.48775489385803894
2020-01-16 14:36:00,-0.3295065965888284
2020-01-16 14:39:00,-0.38860718630621705
2020-01-16 14:42:00,-0.3081852692708935
2020-01-16 14:45:00,-0.36704641868129784
2020-01-16 14:48:00,-0.39605799183811996
2020-01-16 14:51:00,-0.37316065990728475
2020-01-16 14:54:00,-0.4273823233447729
2020-01-16 14:57:00,-0.4031376837619405
2020-01-16 15:00:00,-0.46534398857841097
2020-01-16 15:03:00,-0.4003144890794488
2020-01-16 15:06:00,-0.46630139081037214
2020-01-16 15:09:00,-0.3277479352245223
2020-01-16 15:12:00,-0.34670558562339693
2020-01-16 15:15:00,-0.3060724187837991
2020-01-16 15:18:00,-0.5020640115491233
2020-01-16 15:21:00,-0.40266111687446937
2020-01-16 15:24:00,-0.37325575825315127
2020-01-16 15:27:00,-0.4112434024237359
2020-01-16 15:30:00,-0.33949286441082904
2020-01-16 15:33:00,-0.38187813379181534
2020-01-16 15:36:00,-0.38822853812968106
2020-01-16 15:39:00,-0.4686964600961119
2020-01-16 15:42:00,-0.4891829153224876
2020-01-16 15:45:00,-0.49382874612604155
2020-01-16 15:48:00,-0.43909320288173603
2020-01-16 15:51:00,-0.37745661601701386
2020-01-16 15:54:00,-0.34838555129397264
2020-01-16 15:57:00,-0.48334402967248025
2020-01-16 16:00:00,-0.33847759814079836
2020-01-16 16:03:00,-0.38848788262305334
2020-01-16 16:06:00,-0.3928083182209434
2020-01-16 16:09:00,-0.30876443159314704
2020-01-16 16:12:00,-0.3931042698009719
2020-01-16 16:15:00,-0.3768322028452644
2020-01-16 16:18:00,-0.4017641639990188
2020-01-16 16:21:00,-0.33532690481064265
2020-01-16 16:24:00,-0.3082339954435156
2020-01-16 16:27:00,-0.3147945495504132
2020-01-16 16:30:00,-0.48141496152624086
2020-01-16 16:33:00,-0.35557322916412204
2020-01-16 16:36:00,-0.38973475247070155
2020-01-16 16:39:00,-0.3830441818452641
2020-01-16 16:42:00,-0.36763859875912885
2020-01-16 16:45:00,-0.30522664215266104
2020-01-16 16:48:00,-0.34320438295100075
2020-01-16 16:51:00,-0.34190889808240854
2020-01-16 16:54:00,-0.388152938364442
2020-01-16 16:57:00,-0.2950418125226406
2020-01-16 17:00:00,-0.423253775720525
2020-01-16 17:03:00,-0.3863244093529943
2020-01-16 17:06:00,-0.3719431995624518
2020-01-16 17:09:00,-0.3496727255712244
2020-01-16 17:12:00,-0.43323276318523085
2020-01-16 17:15:00,-0.3211266113165152
2020-01-16 17:18:00,-0.21278809198162207
2020-01-16 17:21:00,-0.3834166990641279
2020-01-16 17:24:00,-0.4246026076305043
2020-01-16 17:27:00,-0.3527525650653729
2020-01-16 17:30:00,-0.35759810497154376
2020-01-16 17:33:00,-0.4650042273339636
2020-01-16 17:36:00,-0.3509264883633705
2020-01-16 17:39:00,-0.333043280833067
2020-01-16 17:42:00,-0.2637353625920582
2020-01-16 17:45:00,-0.26356279300591723
2020-01-16 17:48:00,-0.2845234231571112
2020-01-16 17:51:00,-0.25806825538427347
2020-01-16 17:54:00,-0.34016137437100724
2020-01-16 17:57:00,-0.2545403190321167
2020-01-16 18:00:00,-0.34124211238059843
2020-01-16 18:03:00,-0.2635255503623739
2020-01-16 18:06:00,-0.25282533421750486
2020-01-16 18:09:00,-0.23184552693970772
2020-01-16 18:12:00,-0.22415685865996693
2020-01-16 18:15:00,-0.23459961967284926
2020-01-16 18:18:00,-0.2758694434774611
2020-01-16 18:21:00,-0.262490057606783
2020-01-16 18:24:00,-0.24779966323256986
2020-01-16 18:27:00,-0.14178000488902853
2020-01-16 18:30:00,-0.24895999466366447
2020-01-16 18:33:00,-0.24965868910061317
2020-01-16 18:36:00,-0.18648255558400706
2020-01-16 18:39:00,-0.20624129142635184
2020-01-16 18:42:00,-0.19407505194141095
2020-01-16 18:45:00,-0.166066450617393
2020-01-16 18:48:00,-0.10609883192279312
2020-01-16 18:51:00,-0.20741746364552682
2020-01-16 18:54:00,
2020-01-16 18:57:00,
2020-01-16 19:00:00,
2020-01-16 19:03:00,-0.21639245076113411
2020-01-16 19:06:00,-0.32174714442697905
2020-01-16 19:09:00,-0.22620374227062712
2020-01-16 19:12:00,-0.16021766340958266
2020-01-16 19:15:00,-0.18843267277776476
2020-01-16 19:18:00,-0.15488778032988648
2020-01-16 19:21:00,-0.25263478820141927
2020-01-16 19:24:00,-0.2823115500119684
2020-01-16 19:27:00,-0.09459433520328275
2020-01-16 19:30:00,-0.1478521179997756
2020-01-16 19:33:00,-0.23988321362293163
2020-01-16 19:36:00,-0.1697745817709233
2020-01-16 19:39:00,-0.2531093322850779
2020-01-16 19:42:00,-0.15588664125107243
2020-01-16 19:45:00,-0.2859857630747342
2020-01-16 19:48:00,-0.11932775840375598
2020-01-16 19:51:00,-0.1469996474271511
2020-01-16 19:54:00,-0.18638172680044818
2020-01-16 19:57:00,-0.25413723219298845
2020-01-16 20:00:00,-0.1790006462990732
2020-01-16 20:03:00,-0.27230509792491375
2020-01-16 20:06:00,-0.1222149143130764
2020-01-16 20:09:00,-0.10533576892584051
2020-01-16 20:12:00,-0.10720910813375895
2020-01-16 20:15:00,-0.19853110546137032
2020-01-16 20:18:00,-0.11100633739380328
2020-01-16 20:21:00,-0.060760577130679394
2020-01-16 20:24:00,-0.17729493963895493
2020-01-16 20:27:00,-0.10106348717459923
2020-01-16 20:30:00,-0.15479616613686176
2020-01-16 20:33:00,-0.05539443079015882
2020-01-16 20:36:00,-0.00065347249557135
2020-01-16 20:39:00,-0.07871718770076086
2020-01-16 20:42:00,-0.08086227404453439
2020-01-16 20:45:00,-0.03164008864200696
2020-01-16 20:48:00,-0.040471430668219455
2020-01-16 20:51:00,-0.06876766468354845
2020-01-16 20:54:00,-0.053637910399061184
2020-01-16 20:57:00,-0.09159652836319765
2020-01-16 21:00:00,-0.029897914397963632
2020-01-16 21:03:00,-0.043124936689139304
2020-01-16 21:06:00,-0.07617256772624614
2020-01-16 21:09:00,-0.13888608748561637
2020-01-16 21:12:00,0.010008890275230442
2020-01-16 21:15:00,-0.06383257689452648
2020-01-16 21:18:00,-0.10309751457162974
2020-01-16 21:21:00,0.007661906409680341
2020-01-16 21:24:00,0.0565504104912975
2020-01-16 21:27:00,-0.004148813323979539
2020-01-16 21:30:00,-0.029058268643041174
2020-01-16 21:33:00,0.022995853789495868
2020-01-16 21:36:00,-0.004944054901216077
2020-01-16 21:39:00,-0.025217505849070676
2020-01-16 21:42:00,-0.04847195876703836
2020-01-16 21:45:00,0.14244759329619683
2020-01-16 21:48:00,0.02587481259121205
2020-01-16 21:51:00,-0.007051764871789601
2020-01-16 21:54:00,0.017401659303175165
2020-01-16 21:57:00,-0.005747083826122434
2020-01-16 22:00:00,0.021028946051785624
2020-01-16 22:03:00,0.05898398838775165
2020-01-16 22:06:00,0.032995327164599075
2020-01-16 22:09:00,0.05127666669733344
2020-01-16 22:12:00,0.06784522828036188
2020-01-16 22:15:00,0.012056830251822248
2020-01-16 22:18:00,-0.05471968601688104
2020-01-16 22:21:00,0.005962335750041348
2020-01-16 22:24:00,0.04639437687296777
2020-01-16 22:27:00,0.04680911787079367
2020-01-16 22:30:00,-0.01207306521399687
2020-01-16 22:33:00,0.06828424350976547
2020-01-16 22:36:00,-0.036887397010445966
2020-01-16 22:39:00,0.01614480838924237
2020-01-16 22:42:00,0.030429658499770085
2020-01-16 22:45:00,0.09112279616175556
2020-01-16 22:48:00,0.02107205533695833
2020-01-16 22:51:00,0.14303830306459986
2020-01-16 22:54:00,0.09339362955319075
2020-01-16 22:57:00,0.015906941965681654
2020-01-16 23:00:00,-5.295798524684869e-05
2020-01-16 23:03:00,0.11909388062900916
2020-01-16 23:06:00,0.05765230825971912
2020-01-16 23:09:00,0.02506360215619452
2020-01-16 23:12:00,0.011459481889232848
2020-01-16 23:15:00,0.09688116448666051
2020-01-16 23:18:00,-0.023639451158146585
2020-01-16 23:21:00,0.1077720297616338
2020-01-16 23:24:00,0.043602405624994844
2020-01-16 23:27:00,0.06181969878838345
2020-01-16 23:30:00,0.083377224149217
2020-01-16 23:33:00,0.05452620633451488
2020-01-16 23:36:00,0.10530714318724677
2020-01-16 23:39:00,0.15918952723188795
2020-01-16 23:42:00,0.11492043407025676
2020-01-16 23:45:00,0.13487746136348733
2020-01-16 23:48:00,0.14099120021626277
2020-01-16 23:51:00,0.05120565758232942
2020-01-16 23:54:00,0.0391155770545879
2020-01-16 23:57:00,0.11239909182143037
2020-01-17 00:00:00,0.06791586466130184
2020-01-17 00:03:00,0.14559146020275193
2020-01-17 00:06:00,0.10042844055931255
2020-01-17 00:09:00,0.08591081157982217
2020-01-17 00:12:00,0.17430573568316277
2020-01-17 00:15:00,0.09992488179392467
2020-01-17 00:18:00,0.10832458998135053
2020-01-17 00:21:00,0.14568157444557528
2020-01-17 00:24:00,0.08019980768136747
2020-01-17 00:27:00,0.13119465437046074
2020-01-17 00:30:00,0.12533205231108013
2020-01-17 00:33:00,0.06420264927805874
2020-01-17 00:36:00,0.13221276412883753
2020-01-17 00:39:00,0.02766514220974159
2020-01-17 00:42:00,0.04982073143509069
2020-01-17 00:45:00,0.10995698789309927
2020-01-17 00:48:00,0.08106682846096191
2020-01-17 00:51:00,0.04891865529782535
2020-01-17 00:54:00,0.06745839176323898
2020-01-17 00:57:00,0.06891313276872779
2020-01-17 01:00:00,0.08128676353817355
2020-01-17 01:03:00,0.1639837255069665
2020-01-17 01:06:00,0.07359483022486302
2020-01-17 01:09:00,0.13565714146113805
2020-01-17 01:12:00,0.17422885991783232
2020-01-17 01:15:00,0.10055780019348504
2020-01-17 01:18:00,0.09109902509356971
2020-01-17 01:21:00,0.11437040874500326
2020-01-17 01:24:00,0.08005602506591458
2020-01-17 01:27:00,0.12414817555367108
2020-01-17 01:30:00,0.10938769021839789
2020-01-17 01:33:00,0.19542485068245696
2020-01-17 01:36:00,0.104744931631501
2020-01-17 01:39:00,0.3120523780839335
2020-01-17 01:42:00,0.24018466204665856
2020-01-17 01:45:00,0.21432277539855704
2020-01-17 01:48:00,0.23451874686003293
2020-01-17 01:51:00,0.21323514829646228
2020-01-17 01:54:00,0.24111659198365487
2020-01-17 01:57:00,0.2051945386321563
2020-01-17 02:00:00,0.2001530507671987
2020-01-17 02:03:00,0.19815977452037714
2020-01-17 02:06:00,0.15878140077586522
2020-01-17 02:09:00,0.2523668253468827
2020-01-17 02:12:00,0.15384413176462886
2020-01-17 02:15:00,0.25553328647640683
2020-01-17 02:18:00,0.30403854526059604
2020-01-17 02:21:00,0.2980382513788413
2020-01-17 02:24:00,0.26613090830818464
2020-01-17 02:27:00,0.3028550533331327
2020-01-17 02:30:00,0.24543225825334503
2020-01-17 02:33:00,0.3373816655098949
2020-01-17 02:36:00,0.2651250162018641
2020-01-17 02:39:00,0.2728738007921834
2020-01-17 02:42:00,0.27206257883682383
2020-01-17 02:45:00,0.3170995812885735
2020-01-17 02:48:00,0.31760339636986146
2020-01-17 02:51:00,0.2253474022655837
2020-01-17 02:54:00,0.24139991796573668
2020-01-17 02:57:00,0.34534771094985217
2020-01-17 03:00:00,0.400336499824391
2020-01-17 03:03:00,0.3263229090620712
2020-01-17 03:06:00,0.2874936622789619
2020-01-17 03:09:00,0.3461734470827196
2020-01-17 03:12:00,0.3645991377657083
2020-01-17 03:15:00,0.36766564105636235
2020-01-17 03:18:00,0.33798452135033585
2020-01-17 03:21:00,0.16141982847574354
2020-01-17 03:24:00,0.2879436252747496
2020-01-17 03:27:00,0.2907019428640183
2020-01-17 03:30:00,0.32057588818219074
2020-01-17 03:33:00,0.30012662428691783
2020-01-17 03:36:00,0.38387483284384416
2020-01-17 03:39:00,0.3423145829654004
2020-01-17 03:42:00,0.29541941954585127
2020-01-17 03:45:00,0.3357794537191694
2020-01-17 03:48:00,0.2780010204308496
2020-01-17 03:51:00,0.33538817920714337
2020-01-17 03:54:00,0.37642161253307904
2020-01-17 03:57:00,0.31883369382842375
2020-01-17 04:00:00,0.40768097655535485
2020-01-17 04:03:00,0.39042863748431955
2020-01-17 04:06:00,0.21047193716248103
2020-01-17 04:09:00,0.41885092923217826
2020-01-17 04:12:00,0.3289244859377618
2020-01-17 04:15:00,0.35195984483470966
2020-01-17 04:18:00,0.3186008925475221
2020-01-17 04:21:00,0.2569351162821931
2020-01-17 04:24:00,0.2604685780866589
2020-01-17 04:27:00,0.27091669479580105
2020-01-17 04:30:00,0.2055096126321132
2020-01-17 04:33:00,0.26370446120307633
2020-01-17 04:36:00,0.2687367322732257
2020-01-17 04:39:00,0.297476040672052
2020-01-17 04:42:00,0.23695450162909992
2020-01-17 04:45:00,0.302809890507433
2020-01-17 04:48:00,0.3508932633382642
2020-01-17 04:51:00,0.3186975273125654
2020-01-17 04:54:00,0.3256559806670225
2020-01-17 04:57:00,0.31832010925234044
2020-01-17 05:00:00,0.3906048714673602
2020-01-17 05:03:00,0.36462263991165855
2020-01-17 05:06:00,0.3800861063493244
2020-01-17 05:09:00,0.2991392563887416
2020-01-17 05:12:00,0.3504120568561575
2020-01-17 05:15:00,0.25327827544077763
2020-01-17 05:18:00,0.33782308004100514
2020-01-17 05:21:00,0.39943276360992286
2020-01-17 05:24:00,0.42364429622972466
2020-01-17 05:27:00,0.296195562792434
2020-01-17 05:30:00,0.30525928144703585
2020-01-17 05:33:00,0.3742346038763458
2020-01-17 05:36:00,0.3305555564826932
2020-01-17 05:39:00,0.36879914564656247
2020-01-17 05:42:00,0.3511344913740686
2020-01-17 05:45:00,0.35709510573769876
2020-01-17 05:48:00,0.3694697082111702
2020-01-17 05:51:00,0.3931227944244142
2020-01-17 05:54:00,0.40372914657069714
2020-01-17 05:57:00,0.3178014912656977
2020-01-17 06:00:00,0.4064999798482063
2020-01-17 06:03:00,0.3375445590054369
2020-01-17 06:06:00,0.3681528705349706
2020-01-17 06:09:00,0.4229069566923158
2020-01-17 06:12:00,0.3960898351379569
2020-01-17 06:15:00,0.377972316965554
2020-01-17 06:18:00,0.3907573097075101
2020-01-17 06:21:00,0.5045135844290485
2020-01-17 06:24:00,0.4295705002275554
2020-01-17 06:27:00,0.4120158187693619
2020-01-17 06:30:00,0.37914142323194255
2020-01-17 06:33:00,0.38012071053560703
2020-01-17 06:36:00,0.47589098518517403
2020-01-17 06:39:00,0.36336298251148946
2020-01-17 06:42:00,0.33328984274612594
2020-01-17 06:45:00,0.4220515752688243
2020-01-17 06:48:00,0.35188817912722925
2020-01-17 06:51:00,0.39396447185526995
2020-01-17 06:54:00,0.3823908708598083
2020-01-17 06:57:00,0.446210265866398
2020-01-17 07:00:00,0.4523321382421841
2020-01-17 07:03:00,0.40448284395813516
2020-01-17 07:06:00,0.4272264346330985
2020-01-17 07:09:00,0.39909387060555446
2020-01-17 07:12:00,0.5573282294659521
2020-01-17 07:15:00,0.39541571412325993
2020-01-17 07:18:00,0.46000761394725487
2020-01-17 07:21:00,0.37092654303495465
2020-01-17 07:24:00,0.42750911150341153
2020-01-17 07:27:00,0.471323481569641
2020-01-17 07:30:00,0.4359227860001056
2020-01-17 07:33:00,0.3741025487784668
2020-01-17 07:36:00,0.4436727173059012
2020-01-17 07:39:00,0.3986910764637628
2020-01-17 07:42:00,0.3836409329327921
2020-01-17 07:45:00,0.35556472928323046
2020-01-17 07:48:00,0.43972754483525023
2020-01-17 07:51:00,0.3618805373505438
2020-01-17 07:54:00,0.353099407079128
2020-01-17 07:57:00,0.39357797282946194
2020-01-17 08:00:00,0.3601955511715573
2020-01-17 08:03:00,0.2745251901256438
2020-01-17 08:06:00,0.292377301905276
2020-01-17 08:09:00,0.26748021192179294
2020-01-17 08:12:00,0.16573745945891005
2020-01-17 08:15:00,0.36032125370866197
2020-01-17 08:18:00,0.31080735012443483
2020-01-17 08:21:00,0.24107971771843495
2020-01-17 08:24:00,0.2957904119555792
2020-01-17 08:27:00,0.17581694032668338
2020-01-17 08:30:00,0.25816559324584887
2020-01-17 08:33:00,0.25210481971430454
2020-01-17 08:36:00,0.19218900977688236
2020-01-17 08:39:00,0.09463562199152875
2020-01-17 08:42:00,0.08524899526531726
2020-01-17 08:45:00,0.09790211895716538
2020-01-17 08:48:00,0.09040609512993569
2020-01-17 08:51:00,0.05471512789182498
2020-01-17 08:54:00,0.11181217626830176
2020-01-17 08:57:00,0.06290555502494044
2020-01-17 09:00:00,0.010647518135101564
2020-01-17 09:03:00,-0.08844430114879742
2020-01-17 09:06:00,-0.13057068352475198
2020-01-17 09:09:00,-0.14931864618353075
2020-01-17 09:12:00,-0.1375032146792705
2020-01-17 09:15:00,-0.16465727185936885
2020-01-17 09:18:00,-0.2036921248727026
2020-01-17 09:21:00,-0.3074844017682494
2020-01-17 09:24:00,-0.2856263287670231
2020-01-17 09:27:00,-0.21004045800839322
2020-01-17 09:30:00,-0.2881912189101854
2020-01-17 09:33:00,-0.24223137659799931
2020-01-17 09:36:00,-0.24343595596650403
2020-01-17 09:39:00,-0.14918254157191768
2020-01-17 09:42:00,-0.21419161770342043
2020-01-17 09:45:00,-0.27886021189522125
2020-01-17 09:48:00,-0.382145501268667
2020-01-17 09:51:00,-0.18202232824233988
2020-01-17 09:54:00,-0.28236029912255844
2020-01-17 09:57:00,-0.14630255872822318
2020-01-17 10:00:00,-0.3109695550043625
2020-01-17 10:03:00,-0.2759497166543383
2020-01-17 10:06:00,-0.26141428182131676
2020-01-17 10:09:00,-0.29816796296660186
2020-01-17 10:12:00,-0.3729965875472203
2020-01-17 10:15:00,-0.42416209477369193
2020-01-17 10:18:00,-0.22345849609678226
2020-01-17 10:21:00,-0.22527505872454867
2020-01-17 10:24:00,-0.35648509637837833
2020-01-17 10:27:00,-0.3519618742431021
2020-01-17 10:30:00,-0.3801968601929957
2020-01-17 10:33:00,-0.40659818326122377
2020-01-17 10:36:00,-0.24114516718373125
2020-01-17 10:39:00,-0.3551556571967467
2020-01-17 10:42:00,-0.3107949290313172
2020-01-17 10:45:00,-0.29568391370315794
2020-01-17 10:48:00,-0.2857077044386642
2020-01-17 10:51:00,-0.38883659991870445
2020-01-17 10:54:00,-0.34325299017348243
2020-01-17 10:57:00,-0.31375278470750345
2020-01-17 11:00:00,-0.2732212912790146
2020-01-17 11:03:00,-0.32334561732761813
2020-01-17 11:06:00,-0.3619916899236273
2020-01-17 11:09:00,-0.32103811783400715
2020-01-17 11:12:00,-0.2767973759258098
2020-01-17 11:15:00,-0.19044996220469557
2020-01-17 11:18:00,-0.3194186629596061
2020-01-17 11:21:00,-0.38561788683642817
2020-01-17 11:24:00,-0.28848127479108143
2020-01-17 11:27:00,-0.27116934484621424
2020-01-17 11:30:00,-0.34433387312111563
2020-01-17 11:33:00,-0.29214510275949124
2020-01-17 11:36:00,-0.29490275073237626
2020-01-17 11:39:00,-0.3053149251110767
2020-01-17 11:42:00,-0.34512699987215
2020-01-17 11:45:00,-0.32838703447606576
2020-01-17 11:48:00,-0.26822809619000054
2020-01-17 11:51:00,-0.48703931840282166
2020-01-17 11:54:00,-0.3595222984941415
2020-01-17 11:57:00,-0.3585064139192582
2020-01-17 12:00:00,-0.3602887713797145
2020-01-17 12:03:00,-0.3716089640021778
2020-01-17 12:06:00,-0.30615819194974847
2020-01-17 12:09:00,-0.327579756917487
2020-01-17 12:12:00,-0.4225041078569234
2020-01-17 12:15:00,-0.3656411415998946
2020-01-17 12:18:00,-0.4279602791442585
2020-01-17 12:21:00,-0.35211334614922407
2020-01-17 12:24:00,-0.5349346547963592
2020-01-17 12:27:00,-0.38460332244909523
2020-01-17 12:30:00,-0.32518440738095933
2020-01-17 12:33:00,-0.4523128838428079
2020-01-17 12:36:00,-0.46513631272063094
2020-01-17 12:39:00,-0.39222305783812317
2020-01-17 12:42:00,-0.4724998417556776
2020-01-17 12:45:00,-0.5043557006068227
2020-01-17 12:48:00,-0.5302826828679486
2020-01-17 12:51:00,-0.3753435751371512
2020-01-17 12:54:00,-0.36587379194924097
2020-01-17 12:57:00,-0.4483939175264595
2020-01-17 13:00:00,-0.32545988900216116
2020-01-17 13:03:00,-0.28814123336491093
2020-01-17 13:06:00,-0.4028538996743123
2020-01-17 13:09:00,-0.4566954778555896
2020-01-17 13:12:00,-0.3428085531306806
2020-01-17 13:15:00,-0.33338251772630656
2020-01-17 13:18:00,-0.44376724290231095
2020-01-17 13:21:00,-0.4175157109731913
2020-01-17 13:24:00,-0.40896635401452386
2020-01-17 13:27:00,-0.4100005268020368
2020-01-17 13:30:00,-0.426684600107194
2020-01-17 13:33:00,-0.39906571044554084
2020-01-17 13:36:00,-0.3746502480819345
2020-01-17 13:39:00,-0.3494424837747374
2020-01-17 13:42:00,-0.32301652449353924
2020-01-17 13:45:00,-0.22481359989660632
2020-01-17 13:48:00,-0.2426697249829317
2020-01-17 13:51:00,-0.36957153291422173
2020-01-17 13:54:00,-0.28916818816333034
2020-01-17 13:57:00,-0.35248157516241463
2020-01-17 14:00:00,-0.3346724866676709
2020-01-17 14:03:00,-0.34285075144742905
2020-01-17 14:06:00,-0.4154355452221239
2020-01-17 14:09:00,-0.33944168798808505
2020-01-17 14:12:00,-0.3401758479537875
2020-01-17 14:15:00,-0.377565464963709
2020-01-17 14:18:00,-0.440231912457989
2020-01-17 14:21:00,-0.3438261518751915
2020-01-17 14:24:00,-0.44631880372594424
2020-01-17 14:27:00,-0.4152856199184498
2020-01-17 14:30:00,-0.5244186363907488
2020-01-17 14:33:00,-0.40628016457429794
2020-01-17 14:36:00,-0.47649469488140994
2020-01-17 14:39:00,-0.4583660969053085
2020-01-17 14:42:00,-0.4411077245143247
2020-01-17 14:45:00,-0.49283613789225456
2020-01-17 14:48:00,-0.47448140741943234
2020-01-17 14:51:00,-0.49642680636594605
2020-01-17 14:54:00,-0.4753186948233292
2020-01-17 14:57:00,-0.35226407833914664
2020-01-17 15:00:00,-0.49865606764529957
2020-01-17 15:03:00,-0.43485361094496966
2020-01-17 15:06:00,-0.405837304879185
2020-01-17 15:09:00,-0.4282220577541125
2020-01-17 15:12:00,-0.42662350009192096
2020-01-17 15:15:00,-0.3989615726570719
2020-01-17 15:18:00,-0.37278494153025576
2020-01-17 15:21:00,-0.36981396014761003
2020-01-17 15:24:00,-0.4210614761032616
2020-01-17 15:27:00,-0.42356442379161763
2020-01-17 15:30:00,-0.5355964792079249
2020-01-17 15:33:00,-0.41967409559202906
2020-01-17 15:36:00,-0.522621247011557
2020-01-17 15:39:00,-0.4906702236242495
2020-01-17 15:42:00,-0.5053445484820713
2020-01-17 15:45:00,-0.4281463608978697
2020-01-17 15:48:00,-0.4376031647931313
2020-01-17 15:51:00,-0.5096199489748869
2020-01-17 15:54:00,-0.47742056528306875
2020-01-17 15:57:00,-0.38142445056399765
2020-01-17 16:00:00,-0.4402009228689394
2020-01-17 16:03:00,-0.38543626337468595
2020-01-17 16:06:00,-0.4324554508773417
2020-01-17 16:09:00,-0.35709753689292256
2020-01-17 16:12:00,-0.47045087044278944
2020-01-17 16:15:00,-0.4515786119285963
2020-01-17 16:18:00,-0.481106763910077
2020-01-17 16:21:00,-0.40292953748434
2020-01-17 16:24:00,-0.5470879583040755
2020-01-17 16:27:00,-0.45427778783056283
2020-01-17 16:30:00,-0.5391913420234573
2020-01-17 16:33:00,-0.4651333028920135
2020-01-17 16:36:00,-0.4933679303230747
2020-01-17 16:39:00,-0.466771101344591
2020-01-17 16:42:00,-0.438818819051221
2020-01-17 16:45:00,-0.44080644099597066
2020-01-17 16:48:00,-0.3809369923359327
2020-01-17 16:51:00,-0.4551498556664342
2020-01-17 16:54:00,-0.48404040369769064
2020-01-17 16:57:00,-0.5326447109771948
2020-01-17 17:00:00,-0.5161825404941851
2020-01-17 17:03:00,-0.4988907578016324
2020-01-17 17:06:00,-0.5018622590986297
2020-01-17 17:09:00,-0.4662817775657686
2020-01-17 17:12:00,-0.42099545695356255
2020-01-17 17:15:00,-0.4199869622042911
2020-01-17 17:18:00,-0.5538570289520521
2020-01-17 17:21:00,-0.48161351907560856
2020-01-17 17:24:00,-0.5713266187674435
2020-01-17 17:27:00,-0.5017364769775554
2020-01-17 17:30:00,-0.43905590573575637
2020-01-17 17:33:00,-0.3589158563297019
2020-01-17 17:36:00,-0.4034941246414405
2020-01-17 17:39:00,-0.4712110992548446
2020-01-17 17:42:00,-0.3190070704992536
2020-01-17 17:45:00,-0.45400698567027575
2020-01-17 17:48:00,-0.37668233857510813
2020-01-17 17:51:00,-0.4357593718210069
2020-01-17 17:54:00,-0.3012924111428674
2020-01-17 17:57:00,-0.3881809966881633
2020-01-17 18:00:00,-0.36928840243939476
2020-01-17 18:03:00,-0.38423111733379756
2020-01-17 18:06:00,-0.3991933131147789
2020-01-17 18:09:00,-0.3537215834046492
2020-01-17 18:12:00,-0.4122869591829499
2020-01-17 18:15:00,-0.41167090975721976
2020-01-17 18:18:00,-0.3821364787853554
2020-01-17 18:21:00,-0.3539413625170482
2020-01-17 18:24:00,-0.31388754863405666
2020-01-17 18:27:00,-0.42067306371228597
2020-01-17 18:30:00,-0.33492021291965557
2020-01-17 18:33:00,-0.32283215464656223
2020-01-17 18:36:00,-0.35765711163861624
2020-01-17 18:39:00,-0.377993338101021
2020-01-17 18:42:00,-0.29334334290734887
2020-01-17 18:45:00,-0.33759771735077493
2020-01-17 18:48:00,-0.28751148277819993
2020-01-17 18:51:00,-0.2874127268789266
2020-01-17 18:54:00,
2020-01-17 18:57:00,
2020-01-17 19:00:00,
2020-01-17 19:03:00,-0.24417879650718533
2020-01-17 19:06:00,-0.23254100831519509
2020-01-17 19:09:00,-0.28925563761333706
2020-01-17 19:12:00,-0.31790654246981376
2020-01-17 19:15:00,-0.24751096999068523
2020-01-17 19:18:00,-0.2971779169373576
2020-01-17 19:21:00,-0.2947060592711068
2020-01-17 19:24:00,-0.2582361142505647
2020-01-17 19:27:00,-0.2586492418960802
2020-01-17 19:30:00,-0.2790121773875285
2020-01-17 19:33:00,-0.2880333447477028
2020-01-17 19:36:00,-0.2607225688436756
2020-01-17 19:39:00,-0.3111460536193249
2020-01-17 19:42:00,-0.29684034960490635
2020-01-17 19:45:00,-0.31944865010331114
2020-01-17 19:48:00,-0.29736490146996175
2020-01-17 19:51:00,-0.22690209624880708
2020-01-17 19:54:00,-0.2719391262557451
2020-01-17 19:57:00,-0.2376719945420973
2020-01-17 20:00:00,-0.27723244999140206
2020-01-17 20:03:00,-0.25218505891069753
2020-01-17 20:06:00,-0.1742299651692747
2020-01-17 20:09:00,-0.33635824751689825
2020-01-17 20:12:00,-0.25392464653953084
2020-01-17 20:15:00,-0.24306661153610776
2020-01-17 20:18:00,-0.2873627194662163
2020-01-17 20:21:00,-0.3301678342739933
2020-01-17 20:24:00,-0.3262121427636089
2020-01-17 20:27:00,-0.20937500577207402
2020-01-17 20:30:00,-0.19929456240322452
2020-01-17 20:33:00,-0.25469019822037353
2020-01-17 20:36:00,-0.2716810975953763
2020-01-17 20:39:00,-0.24553589590044567
2020-01-17 20:42:00,-0.15229776260173367
2020-01-17 20:45:00,-0.27105124919046375
2020-01-17 20:48:00,-0.18614116744072362
2020-01-17 20:51:00,-0.16816743129101042
2020-01-17 20:54:00,-0.08652219509400538
2020-01-17 20:57:00,-0.2575252434324966
2020-01-17 21:00:00,-0.20935725942075578
2020-01-17 21:03:00,-0.14577369715107125
2020-01-17 21:06:00,-0.1172033745571639
2020-01-17 21:09:00,-0.21087766968906863
2020-01-17 21:12:00,-0.15270902905649564
2020-01-17 21:15:00,-0.16872553558471282
2020-01-17 21:18:00,-0.19494531839944784
2020-01-17 21:21:00,-0.16380281128363094
2020-01-17 21:24:00,-0.16598789774809575
2020-01-17 21:27:00,-0.20861767202234205
2020-01-17 21:30:00,-0.08582877490687224
2020-01-17 21:33:00,-0.313217913696235
2020-01-17 21:36:00,-0.15050466780576244
2020-01-17 21:39:00,-0.17856104455842114
2020-01-17 21:42:00,-0.18723230637993993
2020-01-17 21:45:00,-0.18177273292383234
2020-01-17 21:48:00,-0.20880324194132527
2020-01-17 21:51:00,-0.13118627675049765
2020-01-17 21:54:00,-0.24735275595156736
2020-01-17 21:57:00,-0.1383669331657984
2020-01-17 22:00:00,-0.14238110664535952
2020-01-17 22:03:00,-0.14019950194631292
2020-01-17 22:06:00,-0.17998094760503136
2020-01-17 22:09:00,-0.13668920476465019
2020-01-17 22:12:00,-0.15520709043687475
2020-01-17 22:15:00,-0.14536506013934059
2020-01-17 22:18:00,-0.11341181233825637
2020-01-17 22:21:00,-0.1380942166694581
2020-01-17 22:24:00,-0.22119572040810453
2020-01-17 22:27:00,-0.10949045499290833
2020-01-17 22:30:00,-0.06573011427093434
2020-01-17 22:33:00,-0.17205268286380715
2020-01-17 22:36:00,-0.13659912139939934
2020-01-17 22:39:00,-0.15362860034520054
2020-01-17 22:42:00,-0.18544188166634967
2020-01-17 22:45:00,0.02751400050686925
2020-01-17 22:48:00,-0.05382229109756054
2020-01-17 22:51:00,-0.07229087418801328
2020-01-17 22:54:00,-0.07389972612696738
2020-01-17 22:57:00,-0.1413256231992932
2020-01-17 23:00:00,-0.024805511513591227
2020-01-17 23:03:00,-0.12590586457605468
2020-01-17 23:06:00,-0.08051673586476227
2020-01-17 23:09:00,-0.15222220944900755
2020-01-17 23:12:00,-0.04369857671770205
2020-01-17 23:15:00,-0.07684558366980809
2020-01-17 23:18:00,-0.05413031220012954
2020-01-17 23:21:00,-0.08303564161826671
2020-01-17 23:24:00,-0.05910690117576678
2020-01-17 23:27:00,-0.0390089458931584
2020-01-17 23:30:00,-0.07638012320660437
2020-01-17 23:33:00,0.047510014775411946
2020-01-17 23:36:00,-0.08126929769821345
2020-01-17 23:39:00,-0.06244226180132273
2020-01-17 23:42:00,-0.11046294476813046
2020-01-17 23:45:00,-0.008246383230869014
2020-01-17 23:48:00,-0.13976291053648993
2020-01-17 23:51:00,-0.043680150307693566
2020-01-17 23:54:00,-0.06606936854535661
2020-01-17 23:57:00,-0.02214592591155906
2020-01-18 00:00:00,-0.016066055434748705
2020-01-18 00:03:00,0.025142420289739675
2020-01-18 00:06:00,0.030766547841551528
2020-01-18 00:09:00,-0.062108787389547615
2020-01-18 00:12:00,0.11461634310973068
2020-01-18 00:15:00,-0.012269728098203814
2020-01-18 00:18:00,-0.03343609027456296
2020-01-18 00:21:00,-0.023820592881179437
2020-01-18 00:24:00,0.11667651283613623
2020-01-18 00:27:00,0.10326220288175136
2020-01-18 00:30:00,0.019229203460270128
2020-01-18 00:33:00,0.05667065292641382
2020-01-18 00:36:00,-0.01016630987356848
2020-01-18 00:39:00,0.01279235545797519
2020-01-18 00:42:00,0.012702420366622391
2020-01-18 00:45:00,0.05853759631634148
2020-01-18 00:48:00,0.059826211032827814
2020-01-18 00:51:00,-0.0715904785612338
2020-01-18 00:54:00,0.07310213822313472
2020-01-18 00:57:00,0.16442987040551316
2020-01-18 01:00:00,0.00045541461258835625
2020-01-18 01:03:00,-0.013637529487027678
2020-01-18 01:06:00,0.05353916778221901
2020-01-18 01:09:00,0.14452988224030605
2020-01-18 01:12:00,0.07345110397966437
2020-01-18 01:15:00,0.1713232495052921
2020-01-18 01:18:00,0.0670433779005748
2020-01-18 01:21:00,0.07801869125472649
2020-01-18 01:24:00,0.0760218667393815
2020-01-18 01:27:00,0.057032385346758474
2020-01-18 01:30:00,-0.038621205594552066
2020-01-18 01:33:00,0.07271215924890839
2020-01-18 01:36:00,0.0901091660668385
2020-01-18 01:39:00,0.060159213754502616
2020-01-18 01:42:00,0.12322677880575839
2020-01-18 01:45:00,0.1300894849102292
2020-01-18 01:48:00,0.0524427985765783
2020-01-18 01:51:00,0.1020474709379755
2020-01-18 01:54:00,0.10683057029336851
2020-01-18 01:57:00,0.07071954155640015
2020-01-18 02:00:00,0.10653966528673209
2020-01-18 02:03:00,0.13082336550559148
2020-01-18 02:06:00,0.1320218877395405
2020-01-18 02:09:00,0.08392022833754709
2020-01-18 02:12:00,0.13431373053833795
2020-01-18 02:15:00,0.09429163879030966
2020-01-18 02:18:00,0.04097139848408915
2020-01-18 02:21:00,0.07471823691020063
2020-01-18 02:24:00,0.04442082074990594
2020-01-18 02:27:00,0.011663809588071672
2020-01-18 02:30:00,0.06602362711805654
2020-01-18 02:33:00,0.16089571639139422
2020-01-18 02:36:00,0.15400125491072458
2020-01-18 02:39:00,0.16147125006881424
2020-01-18 02:42:00,0.12564051459759185
2020-01-18 02:45:00,0.2236331562666578
2020-01-18 02:48:00,0.1515563447763384
2020-01-18 02:51:00,0.1886591546703471
2020-01-18 02:54:00,0.18171552601586427
2020-01-18 02:57:00,0.1740480033977292
2020-01-18 03:00:00,0.09266929808131863
2020-01-18 03:03:00,0.08447120522254181
2020-01-18 03:06:00,0.19859251053964044
2020-01-18 03:09:00,0.2254167037691559
2020-01-18 03:12:00,0.0917236509127406
2020-01-18 03:15:00,0.14510582605436184
2020-01-18 03:18:00,0.14302491411319807
2020-01-18 03:21:00,0.1280646682350266
2020-01-18 03:24:00,0.20499215497039813
2020-01-18 03:27:00,0.11251275184724818
2020-01-18 03:30:00,0.19959123212083796
2020-01-18 03:33:00,0.16443794329569528
2020-01-18 03:36:00,0.03195037699231307
2020-01-18 03:39:00,0.06025813943836056
2020-01-18 03:42:00,0.13261965966012212
2020-01-18 03:45:00,0.11409967846407199
2020-01-18 03:48:00,0.07675014975734484
2020-01-18 03:51:00,0.025724983659188183
2020-01-18 03:54:00,0.206962378234266
2020-01-18 03:57:00,0.07019704839626684
2020-01-18 04:00:00,0.17446004125349646
2020-01-18 04:03:00,0.1910644567568056
2020-01-18 04:06:00,0.09889848029695258
2020-01-18 04:09:00,0.0951003416535059
2020-01-18 04:12:00,0.17806676406615907
2020-01-18 04:15:00,0.20551812322906926
2020-01-18 04:18:00,0.11649224188255403
2020-01-18 04:21:00,0.1904788114981102
2020-01-18 04:24:00,0.19521870067876534
2020-01-18 04:27:00,0.176415463139449
2020-01-18 04:30:00,0.0416163829800098
2020-01-18 04:33:00,0.20764544115127137
2020-01-18 04:36:00,0.21837080574817946
2020-01-18 04:39:00,0.20358230045741266
2020-01-18 04:42:00,0.17904064412579146
2020-01-18 04:45:00,0.29016856812131664
2020-01-18 04:48:00,0.26690987824844115
2020-01-18 04:51:00,0.226153887761825
2020-01-18 04:54:00,0.21010797045136087
2020-01-18 04:57:00,0.1412010804305055
2020-01-18 05:00:00,0.1897689267007081
2020-01-18 05:03:00,0.27475703014931696
2020-01-18 05:06:00,0.2636711360680124
2020-01-18 05:09:00,0.2794648532310475
2020-01-18 05:12:00,0.21988942738164496
2020-01-18 05:15:00,0.29449147869701164
2020-01-18 05:18:00,0.1799248972909595
2020-01-18 05:21:00,0.23355315280792865
2020-01-18 05:24:00,0.138071936038898
2020-01-18 05:27:00,0.12206594800517223
2020-01-18 05:30:00,0.3145078644134287
2020-01-18 05:33:00,0.3091540079999504
2020-01-18 05:36:00,0.18152926858482488
2020-01-18 05:39:00,0.30156720317677355
2020-01-18 05:42:00,0.2882570677745093
2020-01-18 05:45:00,0.3225211890654123
2020-01-18 05:48:00,0.31302971400418755
2020-01-18 05:51:00,0.3295630349656449
2020-01-18 05:54:00,0.27740711096959103
2020-01-18 05:57:00,0.3261686339646417
2020-01-18 06:00:00,0.29803025149033147
2020-01-18 06:03:00,0.3056872571924032
2020-01-18 06:06:00,0.29612231793407773
2020-01-18 06:09:00,0.3338906281796312
2020-01-18 06:12:00,0.26859288337317366
2020-01-18 06:15:00,0.2988726571948632
2020-01-18 06:18:00,0.32447070162618274
2020-01-18 06:21:00,0.28126774447997605
2020-01-18 06:24:00,0.36470154992508697
2020-01-18 06:27:00,0.32280113151233536
2020-01-18 06:30:00,0.31500290525264063
2020-01-18 06:33:00,0.258753108600672
2020-01-18 06:36:00,0.3254786049542986
2020-01-18 06:39:00,0.2948761170300145
2020-01-18 06:42:00,0.24900443402901828
2020-01-18 06:45:00,0.11812315401067508
2020-01-18 06:48:00,0.21720907779712206
2020-01-18 06:51:00,0.32031430336138556
2020-01-18 06:54:00,0.19768612470306834
2020-01-18 06:57:00,0.3450614706466695
2020-01-18 07:00:00,0.2705076848996555
2020-01-18 07:03:00,0.1907252472256573
2020-01-18 07:06:00,0.2897248246342201
2020-01-18 07:09:00,0.2186787064733835
2020-01-18 07:12:00,0.17119718618539537
2020-01-18 07:15:00,0.14557122750943563
2020-01-18 07:18:00,0.27017875347144127
2020-01-18 07:21:00,0.26012986683355166
2020-01-18 07:24:00,0.21367907185310742
2020-01-18 07:27:00,0.2949429795427818
2020-01-18 07:30:00,0.24598064779445394
2020-01-18 07:33:00,0.13856197305165097
2020-01-18 07:36:00,0.23207375942246244
2020-01-18 07:39:00,0.1494151720740433
2020-01-18 07:42:00,0.04903892298085566
2020-01-18 07:45:00,0.05859547976677959
2020-01-18 07:48:00,0.08666800082806958
2020-01-18 07:51:00,0.19727491884515302
2020-01-18 07:54:00,0.15418633141683813
2020-01-18 07:57:00,0.1763258801240113
2020-01-18 08:00:00,0.21269982422711564
2020-01-18 08:03:00,0.09692227445719936
2020-01-18 08:06:00,0.11428552708451889
2020-01-18 08:09:00,-0.010310640776538094
2020-01-18 08:12:00,0.03848954781449265
2020-01-18 08:15:00,0.060758789303122285
2020-01-18 08:18:00,-0.02146396895983571
2020-01-18 08:21:00,-0.02508986960629045
2020-01-18 08:24:00,-0.18918423703348708
2020-01-18 08:27:00,-0.09298961418272711
2020-01-18 08:30:00,-0.11624932690489231
2020-01-18 08:33:00,-0.1495540710375849
2020-01-18 08:36:00,-0.1523074168925973
2020-01-18 08:39:00,-0.18122168685880524
2020-01-18 08:42:00,-0.2546694492422148
2020-01-18 08:45:00,-0.13746807198185707
2020-01-18 08:48:00,-0.177189388219972
2020-01-18 08:51:00,-0.22621960767691007
2020-01-18 08:54:00,-0.1289177759798008
2020-01-18 08:57:00,-0.15884681410256007
2020-01-18 09:00:00,-0.20085669505323267
2020-01-18 09:03:00,-0.16083136267707232
2020-01-18 09:06:00,-0.19454857287325922
2020-01-18 09:09:00,-0.1738705225783974
2020-01-18 09:12:00,-0.19339489441944124
2020-01-18 09:15:00,-0.2591378739005563
2020-01-18 09:18:00,-0.26431095731726373
2020-01-18 09:21:00,-0.37904493338015754
2020-01-18 09:24:00,-0.24318035332703403
2020-01-18 09:27:00,-0.24720279089490305
2020-01-18 09:30:00,-0.18934578500835642
2020-01-18 09:33:00,-0.25777626842062773
2020-01-18 09:36:00,-0.24509140378722805
2020-01-18 09:39:00,-0.19086425365287596
2020-01-18 09:42:00,-0.21957148718570352
2020-01-18 09:45:00,-0.299108075415063
2020-01-18 09:48:00,-0.22019766389854567
2020-01-18 09:51:00,-0.29944719006840614
2020-01-18 09:54:00,-0.29637788294087386
2020-01-18 09:57:00,-0.31298859135984003
2020-01-18 10:00:00,-0.24170469640773717
2020-01-18 10:03:00,-0.16912073953307072
2020-01-18 10:06:00,-0.254051582381976
2020-01-18 10:09:00,-0.21688029344551296
2020-01-18 10:12:00,-0.358702943075798
2020-01-18 10:15:00,-0.2574285113073529
2020-01-18 10:18:00,-0.2468696440431586
2020-01-18 10:21:00,-0.33931815561703615
2020-01-18 10:24:00,-0.26441482696844787
2020-01-18 10:27:00,-0.3140090045698116
2020-01-18 10:30:00,-0.23413010390896716
2020-01-18 10:33:00,-0.22377008091189055
2020-01-18 10:36:00,-0.16179342992552392
2020-01-18 10:39:00,-0.19617673187514129
2020-01-18 10:42:00,-0.2122553753487182
2020-01-18 10:45:00,-0.2188401978797856
2020-01-18 10:48:00,-0.3540455942943481
2020-01-18 10:51:00,-0.3490267939552041
2020-01-18 10:54:00,-0.35155477638812727
2020-01-18 10:57:00,-0.30491619556522664
2020-01-18 11:00:00,-0.3428107951006609
2020-01-18 11:03:00,-0.29796181761508933
2020-01-18 11:06:00,-0.368369764188742
2020-01-18 11:09:00,-0.3349825714729491
2020-01-18 11:12:00,-0.3302417412910472
2020-01-18 11:15:00,-0.3799957823746922
2020-01-18 11:18:00,-0.29983668143859177
2020-01-18 11:21:00,-0.38270538373399177
2020-01-18 11:24:00,-0.3461963577052529
2020-01-18 11:27:00,-0.3299889424554294
2020-01-18 11:30:00,-0.3765295128172852
2020-01-18 11:33:00,-0.2743685556447417
2020-01-18 11:36:00,-0.3486083803654765
2020-01-18 11:39:00,-0.3821414461488075
2020-01-18 11:42:00,-0.24495934576805212
2020-01-18 11:45:00,-0.45313183642048216
2020-01-18 11:48:00,-0.3118190757654702
2020-01-18 11:51:00,-0.3834689301136791
2020-01-18 11:54:00,-0.3930335190496521
2020-01-18 11:57:00,-0.4103118168057449
2020-01-18 12:00:00,-0.378166934372814
2020-01-18 12:03:00,-0.3318878816320421
2020-01-18 12:06:00,-0.31942222910760165
2020-01-18 12:09:00,-0.27095828020821955
2020-01-18 12:12:00,-0.4601330904472434
2020-01-18 12:15:00,-0.3538779801036185
2020-01-18 12:18:00,-0.3436700758957727
2020-01-18 12:21:00,-0.35748480010454387
2020-01-18 12:24:00,-0.42939288511030327
2020-01-18 12:27:00,-0.3606930820794787
2020-01-18 12:30:00,-0.4166415252404363
2020-01-18 12:33:00,-0.27480877166516393
2020-01-18 12:36:00,-0.4955857045915195
2020-01-18 12:39:00,-0.4249499280889495
2020-01-18 12:42:00,-0.42883133540505014
2020-01-18 12:45:00,-0.39807610719617514
2020-01-18 12:48:00,-0.4349290432550106
2020-01-18 12:51:00,-0.44692407413441515
2020-01-18 12:54:00,-0.2651267608715102
2020-01-18 12:57:00,-0.4245314005733576
2020-01-18 13:00:00,-0.3930697226863913
2020-01-18 13:03:00,-0.3532057761697729
2020-01-18 13:06:00,-0.44753593135897063
2020-01-18 13:09:00,-0.43874030616240134
2020-01-18 13:12:00,-0.40080042112197134
2020-01-18 13:15:00,-0.49331977891148426
2020-01-18 13:18:00,-0.283536580622183
2020-01-18 13:21:00,-0.4182685843699687
2020-01-18 13:24:00,-0.4138209719038741
2020-01-18 13:27:00,-0.4042697630241605
2020-01-18 13:30:00,-0.43894699192151165
2020-01-18 13:33:00,-0.4795798371638966
2020-01-18 13:36:00,-0.4300449861778475
2020-01-18 13:39:00,-0.37874476925867384
2020-01-18 13:42:00,-0.5063811823226274
2020-01-18 13:45:00,-0.5557209487059822
2020-01-18 13:48:00,-0.4538504385889155
2020-01-18 13:51:00,-0.4182999431793064
2020-01-18 13:54:00,-0.4551461168345554
2020-01-18 13:57:00,-0.4651243455678582
2020-01-18 14:00:00,-0.41724539454327214
2020-01-18 14:03:00,-0.36175950246291677
2020-01-18 14:06:00,-0.43134321656941665
2020-01-18 14:09:00,-0.38454402158214407
2020-01-18 14:12:00,-0.46199448797193554
2020-01-18 14:15:00,-0.39304584329102
2020-01-18 14:18:00,-0.3808547589435989
2020-01-18 14:21:00,-0.2718778531224757
2020-01-18 14:24:00,-0.41519011303307707
2020-01-18 14:27:00,-0.4872702293194493
2020-01-18 14:30:00,-0.3987187691159306
2020-01-18 14:33:00,-0.4696610913253494
2020-01-18 14:36:00,-0.4156967609569051
2020-01-18 14:39:00,-0.47641428846071676
2020-01-18 14:42:00,-0.5561829858744431
2020-01-18 14:45:00,-0.5497593060968029
2020-01-18 14:48:00,-0.4250195555475216
2020-01-18 14:51:00,-0.44764069781410853
2020-01-18 14:54:00,-0.5160486818047616
2020-01-18 14:57:00,-0.4757559340883404
2020-01-18 15:00:00,-0.3761577609884057
2020-01-18 15:03:00,-0.25422330516914826
2020-01-18 15:06:00,-0.3296392563279369
2020-01-18 15:09:00,-0.4759661524584544
2020-01-18 15:12:00,-0.4680942249145801
2020-01-18 15:15:00,-0.3971434236685809
2020-01-18 15:18:00,-0.3736630075928815
2020-01-18 15:21:00,-0.4327653249181367
2020-01-18 15:24:00,-0.4483643558096446
2020-01-18 15:27:00,-0.4191141476007374
2020-01-18 15:30:00,-0.4867608979953957
2020-01-18 15:33:00,-0.41589441241910663
2020-01-18 15:36:00,-0.4776693547007085
2020-01-18 15:39:00,-0.34465201076352514
2020-01-18 15:42:00,-0.42213441021687004
2020-01-18 15:45:00,-0.40016432158461157
2020-01-18 15:48:00,-0.43817573500518847
2020-01-18 15:51:00,-0.4421180842783201
2020-01-18 15:54:00,-0.44202881576035224
2020-01-18 15:57:00,-0.31206575798029235
2020-01-18 16:00:00,-0.4896513412608101
2020-01-18 16:03:00,-0.42065265112495354
2020-01-18 16:06:00,-0.3938040333620165
2020-01-18 16:09:00,-0.49110266918427214
2020-01-18 16:12:00,-0.46719423193877674
2020-01-18 16:15:00,-0.4549466259252313
2020-01-18 16:18:00,-0.4483459812923343
2020-01-18 16:21:00,-0.46941663809991496
2020-01-18 16:24:00,-0.37593042955086275
2020-01-18 16:27:00,-0.5135573781381026
2020-01-18 16:30:00,-0.41529591510584396
2020-01-18 16:33:00,-0.4772285186724048
2020-01-18 16:36:00,-0.47044854619963417
2020-01-18 16:39:00,-0.5279711294556364
2020-01-18 16:42:00,-0.3487947200890176
2020-01-18 16:45:00,-0.43925437264181255
2020-01-18 16:48:00,-0.4853016053237411
2020-01-18 16:51:00,-0.307869675960319
2020-01-18 16:54:00,-0.45785164769608855
2020-01-18 16:57:00,-0.5485782151012586
2020-01-18 17:00:00,-0.47064009724772404
2020-01-18 17:03:00,-0.400852472131362
2020-01-18 17:06:00,-0.39194209916831824
2020-01-18 17:09:00,-0.3939198125685266
2020-01-18 17:12:00,-0.39213031761823913
2020-01-18 17:15:00,-0.45368957861666104
2020-01-18 17:18:00,-0.36311858066881086
2020-01-18 17:21:00,-0.440729682613096
2020-01-18 17:24:00,-0.37166193294507366
2020-01-18 17:27:00,-0.41739854816790967
2020-01-18 17:30:00,-0.4174112910037593
2020-01-18 17:33:00,-0.42163783435472624
2020-01-18 17:36:00,-0.4455675105817818
2020-01-18 17:39:00,-0.4389278486314083
2020-01-18 17:42:00,-0.3967158254474157
2020-01-18 17:45:00,-0.3994774533521195
2020-01-18 17:48:00,-0.31121325751172435
2020-01-18 17:51:00,-0.37137745312389825
2020-01-18 17:54:00,-0.4163552137189299
2020-01-18 17:57:00,-0.3537975655938226
2020-01-18 18:00:00,-0.33459857104617186
2020-01-18 18:03:00,-0.422206563093539
2020-01-18 18:06:00,-0.3931329075269332
2020-01-18 18:09:00,-0.3426227923239935
2020-01-18 18:12:00,-0.31816553231738
2020-01-18 18:15:00,-0.3752407907050497
2020-01-18 18:18:00,-0.4254017092570166
2020-01-18 18:21:00,-0.36823564893978755
2020-01-18 18:24:00,-0.3395423634699455
2020-01-18 18:27:00,-0.4132408985432221
2020-01-18 18:30:00,-0.3719059626082526
2020-01-18 18:33:00,-0.3621217521000517
2020-01-18 18:36:00,-0.3850077625979793
2020-01-18 18:39:00,-0.31488001387958775
2020-01-18 18:42:00,-0.2918051205643337
2020-01-18 18:45:00,-0.421797574351956
2020-01-18 18:48:00,-0.3280961909716211
2020-01-18 18:51:00,-0.3149482956619636
2020-01-18 18:54:00,-0.24166835838809675
2020-01-18 18:57:00,
2020-01-18 19:00:00,
2020-01-18 19:03:00,-0.2771892747419429
2020-01-18 19:06:00,-0.295361364981261
2020-01-18 19:09:00,-0.27576715257066553
2020-01-18 19:12:00,-0.30324042256694383
2020-01-18 19:15:00,-0.2621743901898981
2020-01-18 19:18:00,-0.3102775466349499
2020-01-18 19:21:00,-0.26666639865680963
2020-01-18 19:24:00,-0.266406122440344
2020-01-18 19:27:00,-0.19381044978564432
2020-01-18 19:30:00,-0.2894835192392975
2020-01-18 19:33:00,-0.30785133832989686
2020-01-18 19:36:00,-0.29247759276523766
2020-01-18 19:39:00,-0.2689138791619712
2020-01-18 19:42:00,-0.22172574288583746
2020-01-18 19:45:00,-0.2755896929984374
2020-01-18 19:48:00,-0.18614830874787458
2020-01-18 19:51:00,-0.21321757616959758
2020-01-18 19:54:00,-0.27925919036931646
2020-01-18 19:57:00,-0.24667173891293714
2020-01-18 20:00:00,-0.1482261355494643
2020-01-18 20:03:00,-0.1846804184927464
2020-01-18 20:06:00,-0.15938373682575957
2020-01-18 20:09:00,-0.2487785117674548
2020-01-18 20:12:00,-0.22155630897344736
2020-01-18 20:15:00,-0.1822550390454012
2020-01-18 20:18:00,-0.2905444031609363
2020-01-18 20:21:00,-0.26730322527765793
2020-01-18 20:24:00,-0.11607784871051763
2020-01-18 20:27:00,-0.22645197260300165
2020-01-18 20:30:00,-0.3541481850647301
2020-01-18 20:33:00,-0.10741631916272354
2020-01-18 20:36:00,-0.20805616650812908
2020-01-18 20:39:00,-0.15874913706403504
2020-01-18 20:42:00,-0.2541857883245484
2020-01-18 20:45:00,-0.20940688490560433
2020-01-18 20:48:00,-0.20323433693368997
2020-01-18 20:51:00,-0.20445899810584933
2020-01-18 20:54:00,-0.19555952138989596
2020-01-18 20:57:00,-0.20932947598049623
2020-01-18 21:00:00,-0.24623621005633822
2020-01-18 21:03:00,-0.1938665079183579
2020-01-18 21:06:00,-0.15367224266606172
2020-01-18 21:09:00,-0.18399843886408007
2020-01-18 21:12:00,-0.227502731296795
2020-01-18 21:15:00,-0.2319760361264116
2020-01-18 21:18:00,-0.19476988302676546
2020-01-18 21:21:00,-0.09891994554476469
2020-01-18 21:24:00,-0.09966591224008425
2020-01-18 21:27:00,-0.14066495407331558
2020-01-18 21:30:00,-0.14676178354181957
2020-01-18 21:33:00,-0.13087908129585912
2020-01-18 21:36:00,-0.1279744295742944
2020-01-18 21:39:00,-0.12099846225248712
2020-01-18 21:42:00,-0.28301784131537033
2020-01-18 21:45:00,-0.08783545140727256
2020-01-18 21:48:00,-0.13148162999789292
2020-01-18 21:51:00,-0.1525315856255247
2020-01-18 21:54:00,-0.1694289655299599
2020-01-18 21:57:00,-0.20705763989985826
2020-01-18 22:00:00,-0.16235902379969502
2020-01-18 22:03:00,-0.1969353059133141
2020-01-18 22:06:00,-0.0907141655791861
2020-01-18 22:09:00,-0.09139118372871735
2020-01-18 22:12:00,-0.1432169420774585
2020-01-18 22:15:00,-0.0735185729632235
2020-01-18 22:18:00,-0.06623380232923637
2020-01-18 22:21:00,0.015093596803126275
2020-01-18 22:24:00,-0.13167361394192767
2020-01-18 22:27:00,-0.05384549658657534
2020-01-18 22:30:00,-0.0358363735022067
2020-01-18 22:33:00,0.008729644197217112
2020-01-18 22:36:00,-0.0013246402584172756
2020-01-18 22:39:00,-0.06928785592435815
2020-01-18 22:42:00,-0.01588701137472981
2020-01-18 22:45:00,0.003918040863936767
2020-01-18 22:48:00,0.037620735848008735
2020-01-18 22:51:00,0.016821050140833904
2020-01-18 22:54:00,0.010457559043572928
2020-01-18 22:57:00,0.017369087278666484
2020-01-18 23:00:00,-0.05088314772592639
2020-01-18 23:03:00,0.005507184589589542
2020-01-18 23:06:00,-0.06167512658288388
2020-01-18 23:09:00,0.05002408168576267
2020-01-18 23:12:00,-0.05463444272987772
2020-01-18 23:15:00,0.08160631025549492
2020-01-18 23:18:00,0.024663796373602054
2020-01-18 23:21:00,0.055203951921726
2020-01-18 23:24:00,0.0029235568140393298
2020-01-18 23:27:00,-0.02664218180888156
2020-01-18 23:30:00,0.055914462809141696
2020-01-18 23:33:00,0.06153446587399003
2020-01-18 23:36:00,0.04293157653972912
2020-01-18 23:39:00,-0.005233827070242114
2020-01-18 23:42:00,0.05552992892052089
2020-01-18 23:45:00,0.02225957179194893
2020-01-18 23:48:00,0.057734207532405435
2020-01-18 23:51:00,0.08039531057664817
2020-01-18 23:54:00,0.010907321639194834
2020-01-18 23:57:00,0.015125506770061747
2020-01-19 00:00:00,0.04614290159247503
2020-01-19 00:03:00,-0.029378141540462366
2020-01-19 00:06:00,0.08149508526719274
2020-01-19 00:09:00,0.13516539725361554
2020-01-19 00:12:00,0.1052693358135457
2020-01-19 00:15:00,0.0029536719412135426
2020-01-19 00:18:00,-0.009215770796686229
2020-01-19 00:21:00,0.06508300646424914
2020-01-19 00:24:00,0.08684000401819958
2020-01-19 00:27:00,0.06348239119557775
2020-01-19 00:30:00,0.12599026853490614
2020-01-19 00:33:00,0.0872017325870047
2020-01-19 00:36:00,0.12875435121969758
2020-01-19 00:39:00,0.15045461403849458
2020-01-19 00:42:00,0.09862579012514061
2020-01-19 00:45:00,-0.011899284587684633
2020-01-19 00:48:00,0.010673003934641656
2020-01-19 00:51:00,0.020400306609758445
2020-01-19 00:54:00,0.024604024460700202
2020-01-19 00:57:00,0.07939184643129238
2020-01-19 01:00:00,0.029044074938667563
2020-01-19 01:03:00,0.11193730692514237
2020-01-19 01:06:00,0.06148364726072941
2020-01-19 01:09:00,0.06701226259622217
2020-01-19 01:12:00,0.013665222516010544
2020-01-19 01:15:00,0.08218958899317386
2020-01-19 01:18:00,0.1224591083374662
2020-01-19 01:21:00,0.02775176720734862
2020-01-19 01:24:00,0.0413517491708717
2020-01-19 01:27:00,0.06789663887082042
2020-01-19 01:30:00,0.0745150668617498
2020-01-19 01:33:00,0.1381880426981752
2020-01-19 01:36:00,0.15114181267534832
2020-01-19 01:39:00,0.03534695708816571
2020-01-19 01:42:00,0.1384498446640805
2020-01-19 01:45:00,0.1097171149812084
2020-01-19 01:48:00,0.08232796123178332
2020-01-19 01:51:00,0.0229680224692288
2020-01-19 01:54:00,0.015117430514351327
2020-01-19 01:57:00,0.011224900000627258
2020-01-19 02:00:00,0.027652008403549644
2020-01-19 02:03:00,0.021844451467302406
2020-01-19 02:06:00,0.0018826646981437989
2020-01-19 02:09:00,0.06500201813548756
2020-01-19 02:12:00,0.0819395425422158
2020-01-19 02:15:00,0.07875708891839395
2020-01-19 02:18:00,0.06505746276764057
2020-01-19 02:21:00,0.09308780075218692
2020-01-19 02:24:00,0.12499234153051475
2020-01-19 02:27:00,0.1436174759190294
2020-01-19 02:30:00,0.06012728981085047
2020-01-19 02:33:00,0.08306945920475073
2020-01-19 02:36:00,0.03238421112837386
2020-01-19 02:39:00,0.12612622425336895
2020-01-19 02:42:00,0.12206873665166995
2020-01-19 02:45:00,0.07535576490028006
2020-01-19 02:48:00,0.061231286192935386
2020-01-19 02:51:00,0.11191688510660924
2020-01-19 02:54:00,0.08628693614400618
2020-01-19 02:57:00,0.10449124802767074
2020-01-19 03:00:00,0.1538167251214304
2020-01-19 03:03:00,0.09385954426869603
2020-01-19 03:06:00,0.07296142683020435
2020-01-19 03:09:00,0.09231894726354994
2020-01-19 03:12:00,0.10919244953123552
2020-01-19 03:15:00,0.19892163516016126
2020-01-19 03:18:00,0.13978801391067464
2020-01-19 03:21:00,0.12427748534469174
2020-01-19 03:24:00,0.2021009151849853
2020-01-19 03:27:00,0.11297732321548892
2020-01-19 03:30:00,0.08973268523300248
2020-01-19 03:33:00,0.14366382448713466
2020-01-19 03:36:00,0.15734130049753503
2020-01-19 03:39:00,0.09837311761839374
2020-01-19 03:42:00,0.24057388992127926
2020-01-19 03:45:00,0.1719590799590378
2020-01-19 03:48:00,0.11620132017401374
2020-01-19 03:51:00,0.22979358460941057
2020-01-19 03:54:00,0.2016958703952696
2020-01-19 03:57:00,0.16502799460619144
2020-01-19 04:00:00,0.18422065755964923
2020-01-19 04:03:00,0.2879796928949645
2020-01-19 04:06:00,0.2030845520801563
2020-01-19 04:09:00,0.18171504678429073
2020-01-19 04:12:00,0.25086275065490327
2020-01-19 04:15:00,0.16981836935184447
2020-01-19 04:18:00,0.19152010293032617
2020-01-19 04:21:00,0.19544602545119005
2020-01-19 04:24:00,0.18510660743260132
2020-01-19 04:27:00,0.2710697857326636
2020-01-19 04:30:00,0.1438917398546664
2020-01-19 04:33:00,0.16023086424286248
2020-01-19 04:36:00,0.1928747131800037
2020-01-19 04:39:00,0.2564501955773153
2020-01-19 04:42:00,0.19587888986666258
2020-01-19 04:45:00,0.2181114352973168
2020-01-19 04:48:00,0.18493449889382418
2020-01-19 04:51:00,0.2384401293550127
2020-01-19 04:54:00,0.14521847676445532
2020-01-19 04:57:00,0.17119082752924442
2020-01-19 05:00:00,0.15879249875251844
2020-01-19 05:03:00,0.24961457201476378
2020-01-19 05:06:00,0.1942516494293045
2020-01-19 05:09:00,0.18819680981039255
2020-01-19 05:12:00,0.2209011569855761
2020-01-19 05:15:00,0.20686971874658866
2020-01-19 05:18:00,0.23981992351082226
2020-01-19 05:21:00,0.15466192168219095
2020-01-19 05:24:00,0.18426361668292657
2020-01-19 05:27:00,0.22302488794315423
2020-01-19 05:30:00,0.2004087138345767
2020-01-19 05:33:00,0.2537798300044187
2020-01-19 05:36:00,0.2557114246618539
2020-01-19 05:39:00,0.2839731311111109
2020-01-19 05:42:00,0.21117755257029103
2020-01-19 05:45:00,0.28493901917721587
2020-01-19 05:48:00,0.32172222759709257
2020-01-19 05:51:00,0.2983748335111045
2020-01-19 05:54:00,0.30072419421884433
2020-01-19 05:57:00,0.2948000407392328
2020-01-19 06:00:00,0.22784219894015223
2020-01-19 06:03:00,0.3056863213750489
2020-01-19 06:06:00,0.2554451224595482
2020-01-19 06:09:00,0.2645253749902281
2020-01-19 06:12:00,0.36644187383268445
2020-01-19 06:15:00,0.35932755255038273
2020-01-19 06:18:00,0.3602668266894966
2020-01-19 06:21:00,0.3310430959215296
2020-01-19 06:24:00,0.367255863006676
2020-01-19 06:27:00,0.28782629878543275
2020-01-19 06:30:00,0.28478127246120266
2020-01-19 06:33:00,0.2849162372387468
2020-01-19 06:36:00,0.34246484224820506
2020-01-19 06:39:00,0.33438233819134666
2020-01-19 06:42:00,0.3375911732857162
2020-01-19 06:45:00,0.40576664666502893
2020-01-19 06:48:00,0.40414077538298443
2020-01-19 06:51:00,0.2449516332397934
2020-01-19 06:54:00,0.3161390596437741
2020-01-19 06:57:00,0.3016516238105851
2020-01-19 07:00:00,0.3674999296740111
2020-01-19 07:03:00,0.30361788242294097
2020-01-19 07:06:00,0.35628408129684885
2020-01-19 07:09:00,0.33677169208539226
2020-01-19 07:12:00,0.3961576477549329
2020-01-19 07:15:00,0.3730879765102486
2020-01-19 07:18:00,0.41099300258071025
2020-01-19 07:21:00,0.42597432025172566
2020-01-19 07:24:00,0.3488968710885274
2020-01-19 07:27:00,0.37826506085770006
2020-01-19 07:30:00,0.35156355932315364
2020-01-19 07:33:00,0.4283698233550126
2020-01-19 07:36:00,0.45466908751495794
2020-01-19 07:39:00,0.30612798349716286
2020-01-19 07:42:00,0.29139964766176263
2020-01-19 07:45:00,0.36814632111401124
2020-01-19 07:48:00,0.40528935253718146
2020-01-19 07:51:00,0.3984206894332374
2020-01-19 07:54:00,0.4480829323414923
2020-01-19 07:57:00,0.3132673342174144
2020-01-19 08:00:00,0.3428422615498903
2020-01-19 08:03:00,0.3636813913691981
2020-01-19 08:06:00,0.2855340813654834
2020-01-19 08:09:00,0.22923552628623156
2020-01-19 08:12:00,0.31929051316166124
2020-01-19 08:15:00,0.3356824917534027
2020-01-19 08:18:00,0.32739416225683726
2020-01-19 08:21:00,0.22331057081419203
2020-01-19 08:24:00,0.2644230702429127
2020-01-19 08:27:00,0.24919997748207834
2020-01-19 08:30:00,0.2166458227432031
2020-01-19 08:33:00,0.23147776918642649
2020-01-19 08:36:00,0.31600190567081654
2020-01-19 08:39:00,0.22811718741678533
2020-01-19 08:42:00,0.2926023231590875
2020-01-19 08:45:00,0.2623504196254203
2020-01-19 08:48:00,0.17422944883190894
2020-01-19 08:51:00,0.15565821910519162
2020-01-19 08:54:00,0.1501249630026109
2020-01-19 08:57:00,0.17655979202760363
2020-01-19 09:00:00,0.1355862531204366
2020-01-19 09:03:00,0.10340976905177968
2020-01-19 09:06:00,0.0701386836680058
2020-01-19 09:09:00,0.13802075014990578
2020-01-19 09:12:00,0.19089271238834726
2020-01-19 09:15:00,0.005985808860259567
2020-01-19 09:18:00,0.06287473802075283
2020-01-19 09:21:00,0.041700548419385086
2020-01-19 09:24:00,0.08268655086800436
2020-01-19 09:27:00,0.13750010391402157
2020-01-19 09:30:00,0.11334611549830242
2020-01-19 09:33:00,0.09105078958634749
2020-01-19 09:36:00,0.04974215546121741
2020-01-19 09:39:00,-0.01829263616633625
2020-01-19 09:42:00,0.11680740021785141
2020-01-19 09:45:00,0.07258944151027436
2020-01-19 09:48:00,-0.03632523358646722
2020-01-19 09:51:00,-0.13639544100914236
2020-01-19 09:54:00,-0.13701084781700956
2020-01-19 09:57:00,-0.25206266284732237
2020-01-19 10:00:00,-0.14088030034258736
2020-01-19 10:03:00,-0.12468457992991944
2020-01-19 10:06:00,-0.18868816435974622
2020-01-19 10:09:00,-0.2723173625198001
2020-01-19 10:12:00,-0.15572502998190885
2020-01-19 10:15:00,-0.18001127300675535
2020-01-19 10:18:00,-0.17187121389991944
2020-01-19 10:21:00,-0.15953845603587524
2020-01-19 10:24:00,-0.2123269318699954
2020-01-19 10:27:00,-0.20461654707753496
2020-01-19 10:30:00,-0.14530335229068214
2020-01-19 10:33:00,-0.2242709551157418
2020-01-19 10:36:00,-0.1566829534358476
2020-01-19 10:39:00,-0.17210919086994636
2020-01-19 10:42:00,-0.22100346340221222
2020-01-19 10:45:00,-0.22083004149436647
2020-01-19 10:48:00,-0.18664506294101102
2020-01-19 10:51:00,-0.2066506823605323
2020-01-19 10:54:00,-0.31834213983955806
2020-01-19 10:57:00,-0.26133615110319397
2020-01-19 11:00:00,-0.2545025605917317
2020-01-19 11:03:00,-0.2551320089685305
2020-01-19 11:06:00,-0.21890914374716886
2020-01-19 11:09:00,-0.29959117833897153
2020-01-19 11:12:00,-0.3025141014724113
2020-01-19 11:15:00,-0.2694315515626613
2020-01-19 11:18:00,-0.3276012432055495
2020-01-19 11:21:00,-0.38484614759232727
2020-01-19 11:24:00,-0.31296881672955124
2020-01-19 11:27:00,-0.31866532565373973
2020-01-19 11:30:00,-0.3704492418420955
2020-01-19 11:33:00,-0.30781375668897226
2020-01-19 11:36:00,-0.2349068375939396
2020-01-19 11:39:00,-0.27537304823044906
2020-01-19 11:42:00,-0.30681313144793876
2020-01-19 11:45:00,-0.23697536091361826
2020-01-19 11:48:00,-0.30149803694644106
2020-01-19 11:51:00,-0.35304689198943606
2020-01-19 11:54:00,-0.3218019563792609
2020-01-19 11:57:00,-0.2414906913849677
2020-01-19 12:00:00,-0.30548141153150254
2020-01-19 12:03:00,-0.4903101028053243
2020-01-19 12:06:00,-0.3601028045848125
2020-01-19 12:09:00,-0.3398471137464867
2020-01-19 12:12:00,-0.38631199141525485
2020-01-19 12:15:00,-0.4133924452387987
2020-01-19 12:18:00,-0.3295362802621753
2020-01-19 12:21:00,-0.49613467663363053
2020-01-19 12:24:00,-0.4195290425901135
2020-01-19 12:27:00,-0.2846123086518446
2020-01-19 12:30:00,-0.26933625033410635
2020-01-19 12:33:00,-0.3636800742314108
2020-01-19 12:36:00,-0.3932960603735296
2020-01-19 12:39:00,-0.3022993606718387
2020-01-19 12:42:00,-0.3494596904972127
2020-01-19 12:45:00,-0.3711773715752429
2020-01-19 12:48:00,-0.44652706798939334
2020-01-19 12:51:00,-0.44651851934361275
2020-01-19 12:54:00,-0.3623293931089506
2020-01-19 12:57:00,-0.4442676932762879
2020-01-19 13:00:00,-0.3490353490689131
2020-01-19 13:03:00,-0.3872901842013903
2020-01-19 13:06:00,-0.44122868032417273
2020-01-19 13:09:00,-0.4118140709409204
2020-01-19 13:12:00,-0.4361356964880656
2020-01-19 13:15:00,-0.47785931354133027
2020-01-19 13:18:00,-0.4546628741501877
2020-01-19 13:21:00,-0.3873597997885554
2020-01-19 13:24:00,-0.37234131956665806
2020-01-19 13:27:00,-0.4275967994850589
2020-01-19 13:30:00,-0.43284784108107033
2020-01-19 13:33:00,-0.45346077403848994
2020-01-19 13:36:00,-0.42527542118671136
2020-01-19 13:39:00,-0.42258313372002476
2020-01-19 13:42:00,-0.5015621901965233
2020-01-19 13:45:00,-0.4723761100881916
2020-01-19 13:48:00,-0.45424600191489617
2020-01-19 13:51:00,-0.4174917955608066
2020-01-19 13:54:00,-0.4385490223494344
2020-01-19 13:57:00,-0.46934833865071823
2020-01-19 14:00:00,-0.40917878458623136
2020-01-19 14:03:00,-0.39974536613732425
2020-01-19 14:06:00,-0.4827682806694611
2020-01-19 14:09:00,-0.4007862453695452
2020-01-19 14:12:00,-0.45059385075472846
2020-01-19 14:15:00,-0.4685386389490418
2020-01-19 14:18:00,-0.5028188260174602
2020-01-19 14:21:00,-0.4828910294535831
2020-01-19 14:24:00,-0.4775666458222645
2020-01-19 14:27:00,-0.4229044033793343
2020-01-19 14:30:00,-0.5360917142632502
2020-01-19 14:33:00,-0.5512175392013887
2020-01-19 14:36:00,-0.4815863154298654
2020-01-19 14:39:00,-0.5121628106684852
2020-01-19 14:42:00,-0.5061497673845565
2020-01-19 14:45:00,-0.43646920274625245
2020-01-19 14:48:00,-0.3968608372254607
2020-01-19 14:51:00,-0.38660208573264754
2020-01-19 14:54:00,-0.39817754419357243
2020-01-19 14:57:00,-0.48059109399605404
2020-01-19 15:00:00,-0.45097259849325155
2020-01-19 15:03:00,-0.4791455391073782
2020-01-19 15:06:00,-0.44995972121643035
2020-01-19 15:09:00,-0.3830772686109185
2020-01-19 15:12:00,-0.37733672750590586
2020-01-19 15:15:00,-0.5433216764162694
2020-01-19 15:18:00,-0.4335620448896975
2020-01-19 15:21:00,-0.5115620164747838
2020-01-19 15:24:00,-0.4528483520007285
2020-01-19 15:27:00,-0.42601015860770985
2020-01-19 15:30:00,-0.5140769355098769
2020-01-19 15:33:00,-0.570035729566257
2020-01-19 15:36:00,-0.45740376900442925
2020-01-19 15:39:00,-0.4273250730225868
2020-01-19 15:42:00,-0.3865953264724453
2020-01-19 15:45:00,-0.5714100759981875
2020-01-19 15:48:00,-0.4580258595637474
2020-01-19 15:51:00,-0.47726418056157627
2020-01-19 15:54:00,-0.5154738509948515
2020-01-19 15:57:00,-0.43084014308345786
2020-01-19 16:00:00,-0.4145236016466356
2020-01-19 16:03:00,-0.49941630882409527
2020-01-19 16:06:00,-0.48955560850947677
2020-01-19 16:09:00,-0.44268706214796794
2020-01-19 16:12:00,-0.46924984416278903
2020-01-19 16:15:00,-0.4415340852092413
2020-01-19 16:18:00,-0.43942781073599235
2020-01-19 16:21:00,-0.3808918035690567
2020-01-19 16:24:00,-0.372077534995924
2020-01-19 16:27:00,-0.3536154726762675
2020-01-19 16:30:00,-0.3784128075780018
2020-01-19 16:33:00,-0.3584858133576745
2020-01-19 16:36:00,-0.47292561297609836
2020-01-19 16:39:00,-0.357161052459503
2020-01-19 16:42:00,-0.32504464628567575
2020-01-19 16:45:00,-0.39926262874769236
2020-01-19 16:48:00,-0.38592411740768284
2020-01-19 16:51:00,-0.3724576912718476
2020-01-19 16:54:00,-0.3557169390500121
2020-01-19 16:57:00,-0.4037935962993515
2020-01-19 17:00:00,-0.3438994501182151
2020-01-19 17:03:00,-0.44257652304651174
2020-01-19 17:06:00,-0.42981864818619897
2020-01-19 17:09:00,-0.37860929029790213
2020-01-19 17:12:00,-0.33699813464323825
2020-01-19 17:15:00,-0.3745622046246808
2020-01-19 17:18:00,-0.38377751062949983
2020-01-19 17:21:00,-0.34095972271200026
2020-01-19 17:24:00,-0.21904002113495835
2020-01-19 17:27:00,-0.3312702010077828
2020-01-19 17:30:00,-0.37512654246830834
2020-01-19 17:33:00,-0.3736402197841926
2020-01-19 17:36:00,-0.38668739980278133
2020-01-19 17:39:00,-0.38677025175718427
2020-01-19 17:42:00,-0.38126801113702413
2020-01-19 17:45:00,-0.38214247718184424
2020-01-19 17:48:00,-0.36526506008164006
2020-01-19 17:51:00,-0.3278456551886393
2020-01-19 17:54:00,-0.36714770148199705
2020-01-19 17:57:00,-0.3597725377874781
2020-01-19 18:00:00,-0.37681795181532607
2020-01-19 18:03:00,-0.3585422526165303
2020-01-19 18:06:00,-0.49148241823792205
2020-01-19 18:09:00,-0.28591187115733874
2020-01-19 18:12:00,-0.39465002806599614
2020-01-19 18:15:00,-0.342251554923962
2020-01-19 18:18:00,-0.32155993571154795
2020-01-19 18:21:00,-0.3840541101738495
2020-01-19 18:24:00,-0.37046033368721965
2020-01-19 18:27:00,-0.33365180340894085
2020-01-19 18:30:00,-0.3196083278847368
2020-01-19 18:33:00,-0.3003548886345584
2020-01-19 18:36:00,-0.24193521186094813
2020-01-19 18:39:00,-0.28563740207249566
2020-01-19 18:42:00,-0.1736894139039009
2020-01-19 18:45:00,-0.3142200316390813
2020-01-19 18:48:00,-0.19818312843472086
2020-01-19 18:51:00,-0.20939169265011515
2020-01-19 18:54:00,
2020-01-19 18:57:00,
2020-01-19 19:00:00,
2020-01-19 19:03:00,-0.1559471504758676
2020-01-19 19:06:00,-0.21253625036985113
2020-01-19 19:09:00,-0.2600573314463759
2020-01-19 19:12:00,-0.12912038256916958
2020-01-19 19:15:00,-0.233517968659271
2020-01-19 19:18:00,-0.19278012222844154
2020-01-19 19:21:00,-0.17373814218240113
2020-01-19 19:24:00,-0.11848993128876373
2020-01-19 19:27:00,-0.136751136328769
2020-01-19 19:30:00,-0.19398149430003286
2020-01-19 19:33:00,-0.11617278187338798
2020-01-19 19:36:00,-0.12035581824881092
2020-01-19 19:39:00,-0.14165265340909627
2020-01-19 19:42:00,-0.07508745411507789
2020-01-19 19:45:00,-0.09584096582864277
2020-01-19 19:48:00,-0.229880120853295
2020-01-19 19:51:00,-0.13207288100522874
2020-01-19 19:54:00,-0.22097072154349462
2020-01-19 19:57:00,-0.1806959713650258
2020-01-19 20:00:00,-0.22329762462351255
2020-01-19 20:03:00,-0.15048381424935542
2020-01-19 20:06:00,-0.13775992589000907
2020-01-19 20:09:00,-0.24371135347882955
2020-01-19 20:12:00,-0.1806040839728098
2020-01-19 20:15:00,-0.14119564593516998
2020-01-19 20:18:00,-0.18491339328005552
2020-01-19 20:21:00,-0.17332862891657896
2020-01-19 20:24:00,-0.1458216504892107
2020-01-19 20:27:00,-0.16978016794450923
2020-01-19 20:30:00,-0.16342638383844132
2020-01-19 20:33:00,-0.10944351923279783
2020-01-19 20:36:00,-0.1911377664617362
2020-01-19 20:39:00,-0.08392817195198177
2020-01-19 20:42:00,-0.07622597446163581
2020-01-19 20:45:00,-0.1154464215140365
2020-01-19 20:48:00,-0.042452651837095345
2020-01-19 20:51:00,-0.08798851317760636
2020-01-19 20:54:00,-0.06412927101911237
2020-01-19 20:57:00,-0.007852669067119677
2020-01-19 21:00:00,0.02997007025521725
2020-01-19 21:03:00,0.009308218594071604
2020-01-19 21:06:00,0.05294151884442044
2020-01-19 21:09:00,-0.024766632386445053
2020-01-19 21:12:00,-0.030589546897147102
2020-01-19 21:15:00,-0.09376917852080169
2020-01-19 21:18:00,0.0031945288951646944
2020-01-19 21:21:00,0.051137615072264
2020-01-19 21:24:00,0.02352355015040075
2020-01-19 21:27:00,0.11906002659566184
2020-01-19 21:30:00,0.10340415370529854
2020-01-19 21:33:00,0.06314845615401055
2020-01-19 21:36:00,0.010237099374364789
2020-01-19 21:39:00,-0.05784953900780465
2020-01-19 21:42:00,-0.027583140398462547
2020-01-19 21:45:00,0.02408073795919563
2020-01-19 21:48:00,-0.033565283064604046
2020-01-19 21:51:00,0.07370542493629273
2020-01-19 21:54:00,0.0007883092779366052
2020-01-19 21:57:00,-0.05493063396750131
2020-01-19 22:00:00,0.020831784451672775
2020-01-19 22:03:00,0.018716383976880024
2020-01-19 22:06:00,0.03666141933780409
2020-01-19 22:09:00,0.01587520353632499
2020-01-19 22:12:00,0.04023925098647396
2020-01-19 22:15:00,-0.026228421885434727
2020-01-19 22:18:00,-0.004863947661476686
2020-01-19 22:21:00,-0.0041035162084313015
2020-01-19 22:24:00,0.07646939456549262
2020-01-19 22:27:00,-0.003957019314896115
2020-01-19 22:30:00,0.10148664942636287
2020-01-19 22:33:00,-0.048466749437125145
2020-01-19 22:36:00,-0.03085645181744212
2020-01-19 22:39:00,0.019852261637367974
2020-01-19 22:42:00,-0.04710409425513262
2020-01-19 22:45:00,-0.015815680759033057
2020-01-19 22:48:00,-0.07937663322792332
2020-01-19 22:51:00,-0.1301134393250436
2020-01-19 22:54:00,0.008926256999586712
2020-01-19 22:57:00,-0.02444680166792068
2020-01-19 23:00:00,0.09524843176978948
2020-01-19 23:03:00,0.03542107093630875
2020-01-19 23:06:00,-0.006984234159347125
2020-01-19 23:09:00,0.031086955903106173
2020-01-19 23:12:00,0.0418599212662798
2020-01-19 23:15:00,0.0820219616008444
2020-01-19 23:18:00,0.02994116238443212
2020-01-19 23:21:00,-0.10109295878623925
2020-01-19 23:24:00,0.008283139452998967
2020-01-19 23:27:00,0.0668418045182193
2020-01-19 23:30:00,0.05730936405666398
2020-01-19 23:33:00,0.031058470616699196
2020-01-19 23:36:00,0.0013392911965297571
2020-01-19 23:39:00,-0.019417626151494005
2020-01-19 23:42:00,0.027012807585492737
2020-01-19 23:45:00,-0.019633256959593837
2020-01-19 23:48:00,0.07045922688359951
2020-01-19 23:51:00,-0.007843003693608352
2020-01-19 23:54:00,-0.010882125634282147
2020-01-19 23:57:00,0.05562381871590105
2020-01-20 00:00:00,0.10577849933167727
2020-01-20 00:03:00,0.143736377298751
2020-01-20 00:06:00,0.1876788652436403
2020-01-20 00:09:00,0.07340755887844352
2020-01-20 00:12:00,0.1168335868829331
2020-01-20 00:15:00,0.03659086467604311
2020-01-20 00:18:00,0.15646343027697185
2020-01-20 00:21:00,0.1614354681396435
2020-01-20 00:24:00,0.12450696453646515
2020-01-20 00:27:00,0.17441810083744258
2020-01-20 00:30:00,0.04034139125559477
2020-01-20 00:33:00,0.1380102929701934
2020-01-20 00:36:00,0.11839896789223303
2020-01-20 00:39:00,0.048622830786200666
2020-01-20 00:42:00,0.12004516979101254
2020-01-20 00:45:00,0.08859650070957059
2020-01-20 00:48:00,0.0807396985608193
2020-01-20 00:51:00,0.12624372623946556
2020-01-20 00:54:00,0.10703675216308284
2020-01-20 00:57:00,0.00636553393013628
2020-01-20 01:00:00,0.11535167584594319
2020-01-20 01:03:00,0.0718661288540261
2020-01-20 01:06:00,0.0950171838869096
2020-01-20 01:09:00,0.01185249160243984
2020-01-20 01:12:00,0.05762327038399917
2020-01-20 01:15:00,0.10999920819654108
2020-01-20 01:18:00,0.028283675541672437
2020-01-20 01:21:00,0.11673533949351622
2020-01-20 01:24:00,0.12261503542083574
2020-01-20 01:27:00,0.1394321751659504
2020-01-20 01:30:00,0.05377123552005969
2020-01-20 01:33:00,0.10787808756293771
2020-01-20 01:36:00,0.07005742513655377
2020-01-20 01:39:00,0.01519893362547009
2020-01-20 01:42:00,0.05251841527638135
2020-01-20 01:45:00,0.09886185041392537
2020-01-20 01:48:00,0.08501029713215758
2020-01-20 01:51:00,0.05762731428285406
2020-01-20 01:54:00,0.13136612436426276
2020-01-20 01:57:00,0.0536461555062715
2020-01-20 02:00:00,-0.04735169966073727
2020-01-20 02:03:00,0.015302470195081241
2020-01-20 02:06:00,0.06788991714006443
2020-01-20 02:09:00,0.009255717285896026
2020-01-20 02:12:00,-0.047636331342971516
2020-01-20 02:15:00,0.012156270784828394
2020-01-20 02:18:00,0.07730207479147566
2020-01-20 02:21:00,0.11363896280255403
2020-01-20 02:24:00,0.1098473840013412
2020-01-20 02:27:00,-0.003134702659906452
2020-01-20 02:30:00,-0.03473033137635184
2020-01-20 02:33:00,0.02276961279272882
2020-01-20 02:36:00,0.037718813946810315
2020-01-20 02:39:00,-0.002584969087308764
2020-01-20 02:42:00,0.04004217434777502
2020-01-20 02:45:00,0.11805410934198335
2020-01-20 02:48:00,0.041863033255367554
2020-01-20 02:51:00,0.054106871608325946
2020-01-20 02:54:00,0.07677463633581283
2020-01-20 02:57:00,0.017415832125777797
2020-01-20 03:00:00,0.020867093701610884
2020-01-20 03:03:00,0.04633695942936811
2020-01-20 03:06:00,0.06580236361241987
2020-01-20 03:09:00,0.10662999424886266
2020-01-20 03:12:00,0.09176560768338504
2020-01-20 03:15:00,0.05119400728983692
2020-01-20 03:18:00,0.05417439847059313
2020-01-20 03:21:00,-0.09181769997098854
2020-01-20 03:24:00,0.07079049487151678
2020-01-20 03:27:00,0.043513542029984364
2020-01-20 03:30:00,0.04608401668008355
2020-01-20 03:33:00,0.043868482166999456
2020-01-20 03:36:00,0.08851829799095867
2020-01-20 03:39:00,0.06011118144868988
2020-01-20 03:42:00,0.05414013169865939
2020-01-20 03:45:00,0.0370206392980208
2020-01-20 03:48:00,-0.046466521459137766
2020-01-20 03:51:00,0.013649283522909172
2020-01-20 03:54:00,0.03433443893089816
2020-01-20 03:57:00,0.015068414722691159
2020-01-20 04:00:00,0.02445790625472455
2020-01-20 04:03:00,0.0339398717954964
2020-01-20 04:06:00,0.08841154274199425
2020-01-20 04:09:00,-0.07021206403038605
2020-01-20 04:12:00,0.02327875927102241
2020-01-20 04:15:00,-0.0635969540470569
2020-01-20 04:18:00,0.05047661164383044
2020-01-20 04:21:00,0.09559956478568665
2020-01-20 04:24:00,-0.006992333658899952
2020-01-20 04:27:00,0.04660747398941112
2020-01-20 04:30:00,-0.06907386993054843
2020-01-20 04:33:00,0.004231651416432669
2020-01-20 04:36:00,0.05784477381035913
2020-01-20 04:39:00,0.08058534126956829
2020-01-20 04:42:00,0.09290282579542009
2020-01-20 04:45:00,0.0888789083741699
2020-01-20 04:48:00,0.1555768219927245
2020-01-20 04:51:00,0.04452081180556888
2020-01-20 04:54:00,0.09745821882501104
2020-01-20 04:57:00,0.11111071166197917
2020-01-20 05:00:00,0.10791805212238614
2020-01-20 05:03:00,0.1608501578061805
2020-01-20 05:06:00,0.16059606114686176
2020-01-20 05:09:00,0.08588433853384458
2020-01-20 05:12:00,0.03740548994085202
2020-01-20 05:15:00,0.02953567627719167
2020-01-20 05:18:00,0.09200943809730688
2020-01-20 05:21:00,0.0074059610462313685
2020-01-20 05:24:00,-0.005321764967447962
2020-01-20 05:27:00,0.11460451979093023
2020-01-20 05:30:00,0.10510239768655083
2020-01-20 05:33:00,0.050189671917678425
2020-01-20 05:36:00,0.09636139765137841
2020-01-20 05:39:00,0.07942407174795107
2020-01-20 05:42:00,0.06411237010036075
2020-01-20 05:45:00,-0.03876586569379015
2020-01-20 05:48:00,0.015968304416333012
2020-01-20 05:51:00,0.028916137914961837
2020-01-20 05:54:00,-0.0319595968833255
2020-01-20 05:57:00,-0.0145308730789111
2020-01-20 06:00:00,0.07249288384605279
2020-01-20 06:03:00,0.12460321480477887
2020-01-20 06:06:00,-0.019188707345904277
2020-01-20 06:09:00,-0.06159629533567568
2020-01-20 06:12:00,0.02584858552438618
2020-01-20 06:15:00,0.03398094950017594
2020-01-20 06:18:00,-0.04117751713391726
2020-01-20 06:21:00,-0.0038882060604237267
2020-01-20 06:24:00,0.027929118430506605
2020-01-20 06:27:00,-0.037414369111559154
2020-01-20 06:30:00,0.06599720308031465
2020-01-20 06:33:00,0.1136732150713442
2020-01-20 06:36:00,0.034252541855209984
2020-01-20 06:39:00,0.12912190270282053
2020-01-20 06:42:00,0.11327069189746908
2020-01-20 06:45:00,0.09974940842556634
2020-01-20 06:48:00,0.0010587974866780314
2020-01-20 06:51:00,0.014685802057613273
2020-01-20 06:54:00,0.0454158912379512
2020-01-20 06:57:00,0.05745538215222723
2020-01-20 07:00:00,0.04433468906518101
2020-01-20 07:03:00,0.06299325824596735
2020-01-20 07:06:00,0.1472738703467371
2020-01-20 07:09:00,0.0777849725689066
2020-01-20 07:12:00,0.10488019265341109
2020-01-20 07:15:00,0.13056586066142017
2020-01-20 07:18:00,0.07212814540247336
2020-01-20 07:21:00,0.10159104980556322
2020-01-20 07:24:00,0.18052989764964877
2020-01-20 07:27:00,0.09530236931288982
2020-01-20 07:30:00,0.18457799096040617
2020-01-20 07:33:00,0.17517535217558589
2020-01-20 07:36:00,0.18432802061630582
2020-01-20 07:39:00,0.2357309310502842
2020-01-20 07:42:00,0.17197396641762452
2020-01-20 07:45:00,0.13243409201083978
2020-01-20 07:48:00,0.14108154225021963
2020-01-20 07:51:00,0.13293697842385654
2020-01-20 07:54:00,0.07471727204676881
2020-01-20 07:57:00,0.16069692113421752
2020-01-20 08:00:00,0.12781789885087846
2020-01-20 08:03:00,0.05892424943817787
2020-01-20 08:06:00,0.06917172191106147
2020-01-20 08:09:00,0.10201983762209466
2020-01-20 08:12:00,0.10460102151495221
2020-01-20 08:15:00,0.08403647037005157
2020-01-20 08:18:00,0.06246527843967442
2020-01-20 08:21:00,0.06230592491448306
2020-01-20 08:24:00,-0.03065890747558342
2020-01-20 08:27:00,0.018380145036928752
2020-01-20 08:30:00,0.08676624598246008
2020-01-20 08:33:00,0.08132205505711454
2020-01-20 08:36:00,0.02256087610078339
2020-01-20 08:39:00,0.0639620367076077
2020-01-20 08:42:00,0.011421837341970331
2020-01-20 08:45:00,0.09476757770931954
2020-01-20 08:48:00,0.06522710200692927
2020-01-20 08:51:00,0.02625623250867193
2020-01-20 08:54:00,0.04720402426522696
2020-01-20 08:57:00,0.011297954575752556
2020-01-20 09:00:00,0.12044107018863315
2020-01-20 09:03:00,0.08764621448733578
2020-01-20 09:06:00,0.00470860775874371
2020-01-20 09:09:00,0.049692339862133394
2020-01-20 09:12:00,-0.006469612001751557
2020-01-20 09:15:00,-0.059133463355067306
2020-01-20 09:18:00,0.074574168854042
2020-01-20 09:21:00,0.1039912886002412
2020-01-20 09:24:00,0.05248177327933945
2020-01-20 09:27:00,-0.009562810906061259
2020-01-20 09:30:00,0.043333596078014125
2020-01-20 09:33:00,0.025522104473225227
2020-01-20 09:36:00,0.004894882540725121
2020-01-20 09:39:00,0.026043170859452403
2020-01-20 09:42:00,-0.060352975270802744
2020-01-20 09:45:00,0.06171450729988237
2020-01-20 09:48:00,0.05917713268610214
2020-01-20 09:51:00,-0.023461539757533956
2020-01-20 09:54:00,0.12413034856331251
2020-01-20 09:57:00,0.07687333901134252
2020-01-20 10:00:00,0.0872203568347345
2020-01-20 10:03:00,0.060907624717117415
2020-01-20 10:06:00,0.0896507210069899
2020-01-20 10:09:00,0.04886545449357982
2020-01-20 10:12:00,0.07696619721946263
2020-01-20 10:15:00,0.007838285204343265
2020-01-20 10:18:00,0.05033798339718487
2020-01-20 10:21:00,0.11454367604545723
2020-01-20 10:24:00,0.020803009586188637
2020-01-20 10:27:00,0.020795777447176533
2020-01-20 10:30:00,0.02532041345637026
2020-01-20 10:33:00,0.022682993322689526
2020-01-20 10:36:00,-0.0281631639335842
2020-01-20 10:39:00,0.01877887842618975
2020-01-20 10:42:00,-0.01344356776951372
2020-01-20 10:45:00,0.04928955485542019
2020-01-20 10:48:00,-0.01527938435924625
2020-01-20 10:51:00,-0.115728150787902
2020-01-20 10:54:00,-0.033041986800242285
2020-01-20 10:57:00,-0.018042325513988544
2020-01-20 11:00:00,-0.12846358502054045
2020-01-20 11:03:00,-0.03775028695434912
2020-01-20 11:06:00,-0.0637723651228157
2020-01-20 11:09:00,-0.06856451037759825
2020-01-20 11:12:00,-0.11200783164889572
2020-01-20 11:15:00,-0.12091916444262552
2020-01-20 11:18:00,-0.07928175622993194
2020-01-20 11:21:00,-0.12128811903841097
2020-01-20 11:24:00,-0.1730909074757392
2020-01-20 11:27:00,-0.08086037534332036
2020-01-20 11:30:00,-0.12842135692426382
2020-01-20 11:33:00,-0.24568768785053408
2020-01-20 11:36:00,-0.1464065873948357
2020-01-20 11:39:00,-0.13783430168342647
2020-01-20 11:42:00,-0.03521044129161055
2020-01-20 11:45:00,-0.12776648722859818
2020-01-20 11:48:00,-0.144521298741779
2020-01-20 11:51:00,-0.0626934833865107
2020-01-20 11:54:00,-0.07513842945036231
2020-01-20 11:57:00,0.028342463707247134
2020-01-20 12:00:00,-0.031237550464652486
2020-01-20 12:03:00,-0.026681268026948146
2020-01-20 12:06:00,-0.09552336020362873
2020-01-20 12:09:00,0.03863689111170743
2020-01-20 12:12:00,0.020891461737107875
2020-01-20 12:15:00,-0.0003058379759863783
2020-01-20 12:18:00,-0.0014188491154527583
2020-01-20 12:21:00,0.03110024732018246
2020-01-20 12:24:00,0.10736311963984235
2020-01-20 12:27:00,0.05296077878762162
2020-01-20 12:30:00,0.0845611758301743
2020-01-20 12:33:00,0.09599916354784455
2020-01-20 12:36:00,0.041212952020146076
2020-01-20 12:39:00,0.08293388346129404
2020-01-20 12:42:00,-0.0316726676160215
2020-01-20 12:45:00,0.06455555483222497
2020-01-20 12:48:00,-0.04412109538338882
2020-01-20 12:51:00,-0.049278600487184576
2020-01-20 12:54:00,-0.01287443110715003
2020-01-20 12:57:00,0.0213738571943054
2020-01-20 13:00:00,-0.08013209024130674
2020-01-20 13:03:00,-0.19872544168481454
2020-01-20 13:06:00,-0.08365143599553448
2020-01-20 13:09:00,-0.12072001973717761
2020-01-20 13:12:00,-0.04760095149180188
2020-01-20 13:15:00,0.026440712403143607
2020-01-20 13:18:00,0.03144543987724546
2020-01-20 13:21:00,-0.08078217745782013
2020-01-20 13:24:00,-0.10418581438779029
2020-01-20 13:27:00,-0.18126446277636887
2020-01-20 13:30:00,-0.1208304590041962
2020-01-20 13:33:00,-0.11835594895370605
2020-01-20 13:36:00,-0.04391693103372063
2020-01-20 13:39:00,-0.021705583198922795
2020-01-20 13:42:00,-0.02106585325503829
2020-01-20 13:45:00,-0.0006299454628333478
2020-01-20 13:48:00,-0.008132758980934796
2020-01-20 13:51:00,-0.017754107922883122
2020-01-20 13:54:00,0.0802753158517362
2020-01-20 13:57:00,-0.14384574575467468
2020-01-20 14:00:00,0.0239022715709325
2020-01-20 14:03:00,0.05772984653322055
2020-01-20 14:06:00,0.15213020121910859
2020-01-20 14:09:00,-0.11174219739399405
2020-01-20 14:12:00,-0.08306557988214536
2020-01-20 14:15:00,-0.1265174040081547
2020-01-20 14:18:00,-0.12316635596152992
2020-01-20 14:21:00,-0.20814816097339417
2020-01-20 14:24:00,-0.12688168391963472
2020-01-20 14:27:00,-0.05793311235015608
2020-01-20 14:30:00,0.05137930726908735
2020-01-20 14:33:00,-0.06667950518971111
2020-01-20 14:36:00,0.0420221690040421
2020-01-20 14:39:00,-0.021443880465085385
2020-01-20 14:42:00,-0.10311411871612108
2020-01-20 14:45:00,-0.0752064579747298
2020-01-20 14:48:00,-0.030498956104054287
2020-01-20 14:51:00,0.04326125576682216
2020-01-20 14:54:00,0.029198894568196465
2020-01-20 14:57:00,-0.022992746609304504
2020-01-20 15:00:00,-0.015369417860938483
2020-01-20 15:03:00,-0.14351577503691715
2020-01-20 15:06:00,-0.06082162849600081
2020-01-20 15:09:00,-0.051345061487666044
2020-01-20 15:12:00,-0.1117619858050034
2020-01-20 15:15:00,-0.15516715843028805
2020-01-20 15:18:00,-0.13462826194273703
2020-01-20 15:21:00,-0.20408169356250028
2020-01-20 15:24:00,-0.17489204974742734
2020-01-20 15:27:00,-0.07236860977883453
2020-01-20 15:30:00,-0.2661664277459863
2020-01-20 15:33:00,-0.10639901685732411
2020-01-20 15:36:00,-0.11804681550626128
2020-01-20 15:39:00,-0.11907969987652223
2020-01-20 15:42:00,-0.21224071044480297
2020-01-20 15:45:00,0.013649973856956876
2020-01-20 15:48:00,0.006400405625129224
2020-01-20 15:51:00,-0.1002001009921969
2020-01-20 15:54:00,-0.03254976398278586
2020-01-20 15:57:00,-0.07454722341628894
2020-01-20 16:00:00,-0.11344899031558953
2020-01-20 16:03:00,-0.04034260330968209
2020-01-20 16:06:00,-0.0893285946660285
2020-01-20 16:09:00,-0.12729561518841592
2020-01-20 16:12:00,-0.16923529981630736
2020-01-20 16:15:00,-0.11758017461818326
2020-01-20 16:18:00,-0.04941507744450746
2020-01-20 16:21:00,-0.15731846064045385
2020-01-20 16:24:00,-0.11168399911412052
2020-01-20 16:27:00,-0.2051544683426414
2020-01-20 16:30:00,-0.17227821286712697
2020-01-20 16:33:00,-0.06727810109055099
2020-01-20 16:36:00,-0.05492532717858012
2020-01-20 16:39:00,-0.0375919824635389
2020-01-20 16:42:00,-0.11288120509573218
2020-01-20 16:45:00,-0.07747169231350881
2020-01-20 16:48:00,-0.04737390700455535
2020-01-20 16:51:00,-0.0680049218396448
2020-01-20 16:54:00,-0.06588364882901487
2020-01-20 16:57:00,-0.22240089441066857
2020-01-20 17:00:00,-0.2344551635835046
2020-01-20 17:03:00,-0.20441705700591228
2020-01-20 17:06:00,-0.09633391521180101
2020-01-20 17:09:00,0.0834330347789205
2020-01-20 17:12:00,0.05878241356867875
2020-01-20 17:15:00,-0.015041716557732343
2020-01-20 17:18:00,0.019633872686995346
2020-01-20 17:21:00,0.0037584175249207874
2020-01-20 17:24:00,0.021761405512506826
2020-01-20 17:27:00,0.015385958857280002
2020-01-20 17:30:00,-0.02737512088111771
2020-01-20 17:33:00,0.05247127759474779
2020-01-20 17:36:00,0.16374037904824945
2020-01-20 17:39:00,0.22521023231269055
2020-01-20 17:42:00,0.32183785269802456
2020-01-20 17:45:00,0.4133024741652207
2020-01-20 17:48:00,0.47110252643824424
2020-01-20 17:51:00,0.527781882027341
2020-01-20 17:54:00,0.47963840692511894
2020-01-20 17:57:00,0.3963042420834313
2020-01-20 18:00:00,0.31539070194708074
2020-01-20 18:03:00,0.19873743529205967
2020-01-20 18:06:00,0.11056508627348194
2020-01-20 18:09:00,-0.011259110048740695
2020-01-20 18:12:00,0.05999741039983064
2020-01-20 18:15:00,0.003799731654282823
2020-01-20 18:18:00,0.0035690146702904713
2020-01-20 18:21:00,-0.09572276177834738
2020-01-20 18:24:00,0.03037525428283061
2020-01-20 18:27:00,-0.10606963196943298
2020-01-20 18:30:00,-0.07144024075824973
2020-01-20 18:33:00,-0.0638685192255366
2020-01-20 18:36:00,-0.028835405794666258
2020-01-20 18:39:00,-0.09642821944737534
2020-01-20 18:42:00,-0.05436740335574086
2020-01-20 18:45:00,-0.07869907452777625
2020-01-20 18:48:00,-0.01182847739812587
2020-01-20 18:51:00,-0.07193493189447508
2020-01-20 18:54:00,
2020-01-20 18:57:00,
2020-01-20 19:00:00,
2020-01-20 19:03:00,-0.0751135058007435
2020-01-20 19:06:00,-0.045486057365621946
2020-01-20 19:09:00,-0.12246500908509006
2020-01-20 19:12:00,-0.13341360660666624
2020-01-20 19:15:00,-0.04929717162781344
2020-01-20 19:18:00,-0.046879908399716896
2020-01-20 19:21:00,-0.06553392800452684
2020-01-20 19:24:00,-0.13051875230246424
2020-01-20 19:27:00,-0.09575903409137254
2020-01-20 19:30:00,-0.15197145251806887
2020-01-20 19:33:00,-0.07848659470300845
2020-01-20 19:36:00,-0.042459718439431526
2020-01-20 19:39:00,-0.11264493159723088
2020-01-20 19:42:00,-0.0010701111123125884
2020-01-20 19:45:00,0.051176681197830476
2020-01-20 19:48:00,-0.024217831033865878
2020-01-20 19:51:00,-0.08924756892218966
2020-01-20 19:54:00,-0.12910683416936308
2020-01-20 19:57:00,-0.03232467505142722
2020-01-20 20:00:00,-0.028732859325430127
2020-01-20 20:03:00,-0.12854520636716416
2020-01-20 20:06:00,0.07972586539591475
2020-01-20 20:09:00,0.020414582577473084
2020-01-20 20:12:00,-0.09004076358797874
2020-01-20 20:15:00,-0.07555888988923698
2020-01-20 20:18:00,0.034911099289899994
2020-01-20 20:21:00,-0.12105638586706391
2020-01-20 20:24:00,-0.027465722601732523
2020-01-20 20:27:00,-0.055506487575996744
2020-01-20 20:30:00,-0.0756636071322987
2020-01-20 20:33:00,-0.04930124781867562
2020-01-20 20:36:00,-0.01628944694544998
2020-01-20 20:39:00,0.05381535273608051
2020-01-20 20:42:00,-0.0012003870794501381
2020-01-20 20:45:00,-0.0707493803216721
2020-01-20 20:48:00,0.031172796808903058
2020-01-20 20:51:00,-0.013782939824068308
2020-01-20 20:54:00,0.02516929411780211
2020-01-20 20:57:00,-0.020011744021246614
2020-01-20 21:00:00,0.012126745760838276
2020-01-20 21:03:00,-0.008439078979165515
2020-01-20 21:06:00,0.057524370139503844
2020-01-20 21:09:00,-0.04884219299282222
2020-01-20 21:12:00,0.057930314263273885
2020-01-20 21:15:00,0.0023673447755641064
2020-01-20 21:18:00,-0.06846415418021934
2020-01-20 21:21:00,0.009276042410363061
2020-01-20 21:24:00,0.01750260014722471
2020-01-20 21:27:00,-0.023801409934719686
2020-01-20 21:30:00,-0.012902354060884136
2020-01-20 21:33:00,-0.026236996250361244
2020-01-20 21:36:00,0.022657040442425114
2020-01-20 21:39:00,0.11656623608121208
2020-01-20 21:42:00,0.15273296267275782
2020-01-20 21:45:00,0.0661525130458358
2020-01-20 21:48:00,0.09315866749204815
2020-01-20 21:51:00,0.08935411101305135
2020-01-20 21:54:00,0.07849871761476379
2020-01-20 21:57:00,0.006922641190783452
2020-01-20 22:00:00,0.23214121985671454
2020-01-20 22:03:00,0.08998837266631199
2020-01-20 22:06:00,0.11574249652801427
2020-01-20 22:09:00,0.06006354658387636
2020-01-20 22:12:00,0.1715561985461136
2020-01-20 22:15:00,0.11226197805871152
2020-01-20 22:18:00,0.04874754297753725
2020-01-20 22:21:00,0.17549325857373788
2020-01-20 22:24:00,0.11454116646405055
2020-01-20 22:27:00,0.04019244057155902
2020-01-20 22:30:00,0.06204138821186689
2020-01-20 22:33:00,0.10933058362741122
2020-01-20 22:36:00,0.06442832441030077
2020-01-20 22:39:00,0.09432490491019507
2020-01-20 22:42:00,0.11396017932190716
2020-01-20 22:45:00,0.01260275672473199
2020-01-20 22:48:00,0.16303450722250545
2020-01-20 22:51:00,0.24563355950073174
2020-01-20 22:54:00,0.1883801305979773
2020-01-20 22:57:00,0.08526858917264235
2020-01-20 23:00:00,0.15875917098543368
2020-01-20 23:03:00,0.12648287510222644
2020-01-20 23:06:00,0.1923791194458886
2020-01-20 23:09:00,0.23124131486031274
2020-01-20 23:12:00,0.18676820456579435
2020-01-20 23:15:00,0.15909759623104947
2020-01-20 23:18:00,0.14310858039402774
2020-01-20 23:21:00,0.24288433154168843
2020-01-20 23:24:00,0.13751027655564485
2020-01-20 23:27:00,0.16606797382877403
2020-01-20 23:30:00,0.12298082987894077
2020-01-20 23:33:00,0.17261043347730265
2020-01-20 23:36:00,0.22613493222849002
2020-01-20 23:39:00,0.2649616138991746
2020-01-20 23:42:00,0.2343823633753459
2020-01-20 23:45:00,0.20819153413071945
2020-01-20 23:48:00,0.23214411990596773
2020-01-20 23:51:00,0.2786111672579068
2020-01-20 23:54:00,0.17906996822711108
2020-01-20 23:57:00,0.16358400146680196
2020-01-21 00:00:00,0.19866313883147768
2020-01-21 00:03:00,0.22140252700103247
2020-01-21 00:06:00,0.2909065852605863
2020-01-21 00:09:00,0.18903178273552612
2020-01-21 00:12:00,0.24175483870976677
2020-01-21 00:15:00,0.32733345087291355
2020-01-21 00:18:00,0.24672918793100962
2020-01-21 00:21:00,0.19032374585322032
2020-01-21 00:24:00,0.20396147794559738
2020-01-21 00:27:00,0.24549197842856074
2020-01-21 00:30:00,0.16584677301551665
2020-01-21 00:33:00,0.26157646241125576
2020-01-21 00:36:00,0.33975658382234997
2020-01-21 00:39:00,0.2683611997197204
2020-01-21 00:42:00,0.2128933195776881
2020-01-21 00:45:00,0.3750591870191897
2020-01-21 00:48:00,0.2870750954951973
2020-01-21 00:51:00,0.2897197163616738
2020-01-21 00:54:00,0.2768601237422672
2020-01-21 00:57:00,0.2240003861288642
2020-01-21 01:00:00,0.24355076950365628
2020-01-21 01:03:00,0.27112728160403776
2020-01-21 01:06:00,0.32194795220163996
2020-01-21 01:09:00,0.288710442650995
2020-01-21 01:12:00,0.31228542985428476
2020-01-21 01:15:00,0.20743323052113283
2020-01-21 01:18:00,0.19538186743642427
2020-01-21 01:21:00,0.1836703931262491
2020-01-21 01:24:00,0.26027044462131244
2020-01-21 01:27:00,0.19672309472753113
2020-01-21 01:30:00,0.2608812682185544
2020-01-21 01:33:00,0.23793954409478602
2020-01-21 01:36:00,0.18652118886387825
2020-01-21 01:39:00,0.11236419635895345
2020-01-21 01:42:00,0.21149171372843512
2020-01-21 01:45:00,0.25217810102913063
2020-01-21 01:48:00,0.18718762605016082
2020-01-21 01:51:00,0.1531834835689665
2020-01-21 01:54:00,0.22016612881719766
2020-01-21 01:57:00,0.23948006117552723
2020-01-21 02:00:00,0.1755874437749867
2020-01-21 02:03:00,0.19500377402727054
2020-01-21 02:06:00,0.21549156208982367
2020-01-21 02:09:00,0.2828718571616946
2020-01-21 02:12:00,0.19946091199608418
2020-01-21 02:15:00,0.2493071720563762
2020-01-21 02:18:00,0.26804786253268276
2020-01-21 02:21:00,0.34011164798766913
2020-01-21 02:24:00,0.19852833948050375
2020-01-21 02:27:00,0.30479691243516527
2020-01-21 02:30:00,0.26328951554995683
2020-01-21 02:33:00,0.19793140334292048
2020-01-21 02:36:00,0.1094976477515388
2020-01-21 02:39:00,0.33137830413193115
2020-01-21 02:42:00,0.19081245472182218
2020-01-21 02:45:00,0.26795553111963955
2020-01-21 02:48:00,0.2258271168260535
2020-01-21 02:51:00,0.2856200672178488
2020-01-21 02:54:00,0.34281396592143665
2020-01-21 02:57:00,0.3828462107625228
2020-01-21 03:00:00,0.30119606836206003
2020-01-21 03:03:00,0.210949229881237
2020-01-21 03:06:00,0.24300100886267728
2020-01-21 03:09:00,0.20913964999584778
2020-01-21 03:12:00,0.24954395420166975
2020-01-21 03:15:00,0.2995243496453668
2020-01-21 03:18:00,0.3224753199562542
2020-01-21 03:21:00,0.2844823500856819
2020-01-21 03:24:00,0.20474533302837017
2020-01-21 03:27:00,0.27270162086250593
2020-01-21 03:30:00,0.21878880049536065
2020-01-21 03:33:00,0.24283630320366
2020-01-21 03:36:00,0.3091872739710766
2020-01-21 03:39:00,0.31968979151582744
2020-01-21 03:42:00,0.2563207726989276
2020-01-21 03:45:00,0.19910311869904262
2020-01-21 03:48:00,0.22684733509777288
2020-01-21 03:51:00,0.2690625466851202
2020-01-21 03:54:00,0.12009032763205596
2020-01-21 03:57:00,0.18615442600838605
2020-01-21 04:00:00,0.21101130594587403
2020-01-21 04:03:00,0.24046365950067639
2020-01-21 04:06:00,0.20814960045390762
2020-01-21 04:09:00,0.1959343601853334
2020-01-21 04:12:00,0.2599237685669209
2020-01-21 04:15:00,0.1874535807362463
2020-01-21 04:18:00,0.11372389266387017
2020-01-21 04:21:00,0.2678486051484583
2020-01-21 04:24:00,0.1727220315294744
2020-01-21 04:27:00,0.20563924914546305
2020-01-21 04:30:00,0.10806074650935216
2020-01-21 04:33:00,0.2822729842653189
2020-01-21 04:36:00,0.2436456402353997
2020-01-21 04:39:00,0.27447916248672755
2020-01-21 04:42:00,0.17743798998657212
2020-01-21 04:45:00,0.16181542414193473
2020-01-21 04:48:00,0.20372284475740798
2020-01-21 04:51:00,0.2191809478816822
2020-01-21 04:54:00,0.27642996409491616
2020-01-21 04:57:00,0.22065342460138027
2020-01-21 05:00:00,0.25710407755497044
2020-01-21 05:03:00,0.26650578632632005
2020-01-21 05:06:00,0.19904691618563675
2020-01-21 05:09:00,0.28909408788103974
2020-01-21 05:12:00,0.1969234470091692
2020-01-21 05:15:00,0.22740604305522538
2020-01-21 05:18:00,0.16197407487737792
2020-01-21 05:21:00,0.1081775910693068
2020-01-21 05:24:00,0.22068533614850594
2020-01-21 05:27:00,0.23375804556940238
2020-01-21 05:30:00,0.15391869985364792
2020-01-21 05:33:00,0.11823887658982812
2020-01-21 05:36:00,0.27545473926181785
2020-01-21 05:39:00,0.3036408706451539
2020-01-21 05:42:00,0.3300085615750845
2020-01-21 05:45:00,0.2839505580917603
2020-01-21 05:48:00,0.2843478390287828
2020-01-21 05:51:00,0.253654023726142
2020-01-21 05:54:00,0.16207023597092984
2020-01-21 05:57:00,0.2833643190382986
2020-01-21 06:00:00,0.28186351200849913
2020-01-21 06:03:00,0.20891711206638774
2020-01-21 06:06:00,0.3374122405547837
2020-01-21 06:09:00,0.28050792398556723
2020-01-21 06:12:00,0.24558902053968268
2020-01-21 06:15:00,0.2718596192613063
2020-01-21 06:18:00,0.2563940312455202
2020-01-21 06:21:00,0.38556028295374745
2020-01-21 06:24:00,0.2598456143704766
2020-01-21 06:27:00,0.24201636429990003
2020-01-21 06:30:00,0.2915209166769728
2020-01-21 06:33:00,0.2727168601707035
2020-01-21 06:36:00,0.2896082683611212
2020-01-21 06:39:00,0.17924181432744035
2020-01-21 06:42:00,0.2607217545972844
2020-01-21 06:45:00,0.22975015831161727
2020-01-21 06:48:00,0.18316622682505113
2020-01-21 06:51:00,0.2588436014577269
2020-01-21 06:54:00,0.27829757300736446
2020-01-21 06:57:00,0.2719979862541777
2020-01-21 07:00:00,0.2221795730707754
2020-01-21 07:03:00,0.26774570988158075
2020-01-21 07:06:00,0.25611959912168913
2020-01-21 07:09:00,0.3086522521301731
2020-01-21 07:12:00,0.3231701870496977
2020-01-21 07:15:00,0.2552340529862249
2020-01-21 07:18:00,0.2896937897794487
2020-01-21 07:21:00,0.3111894264886814
2020-01-21 07:24:00,0.34699808216169004
2020-01-21 07:27:00,0.24046296214015683
2020-01-21 07:30:00,0.2772409180985278
2020-01-21 07:33:00,0.20633757182895351
2020-01-21 07:36:00,0.22528748873958193
2020-01-21 07:39:00,0.2968394345808747
2020-01-21 07:42:00,0.2449413419337816
2020-01-21 07:45:00,0.21472237950166573
2020-01-21 07:48:00,0.1832033277737537
2020-01-21 07:51:00,0.07923599077656718
2020-01-21 07:54:00,0.14069783208475428
2020-01-21 07:57:00,0.21045897634940047
2020-01-21 08:00:00,0.2303645473191409
2020-01-21 08:03:00,0.23996457215099554
2020-01-21 08:06:00,0.16039978949220313
2020-01-21 08:09:00,0.24107997986141072
2020-01-21 08:12:00,0.1528113453921378
2020-01-21 08:15:00,0.26742312029415416
2020-01-21 08:18:00,0.19707083412839665
2020-01-21 08:21:00,0.12178256696176959
2020-01-21 08:24:00,0.17173529969244328
2020-01-21 08:27:00,0.18838865529835402
2020-01-21 08:30:00,0.2139092932055746
2020-01-21 08:33:00,0.23937279835405434
2020-01-21 08:36:00,0.09401972328578267
2020-01-21 08:39:00,0.18194521633552085
2020-01-21 08:42:00,0.16531086908065618
2020-01-21 08:45:00,0.22410427049794635
2020-01-21 08:48:00,0.15895468757423714
2020-01-21 08:51:00,0.24134898723838205
2020-01-21 08:54:00,0.14153942520437113
2020-01-21 08:57:00,0.17736307431567866
2020-01-21 09:00:00,0.09393018974935785
2020-01-21 09:03:00,0.18155236753818826
2020-01-21 09:06:00,0.12978218102739447
2020-01-21 09:09:00,0.17376546891631506
2020-01-21 09:12:00,0.08587331023318256
2020-01-21 09:15:00,-0.01476393790488828
2020-01-21 09:18:00,0.07192371855433066
2020-01-21 09:21:00,0.032242196135428
2020-01-21 09:24:00,0.016621001593193796
2020-01-21 09:27:00,0.013180198796590048
2020-01-21 09:30:00,0.046186057795978286
2020-01-21 09:33:00,0.04791539015064927
2020-01-21 09:36:00,-0.0006592527458337827
2020-01-21 09:39:00,-0.018483683043371002
2020-01-21 09:42:00,0.017275176626810662
2020-01-21 09:45:00,-0.03252180588413012
2020-01-21 09:48:00,0.015470175851419299
2020-01-21 09:51:00,-0.03441693430050918
2020-01-21 09:54:00,-0.017133568181634473
2020-01-21 09:57:00,0.011575323132376525
2020-01-21 10:00:00,0.01929369721523244
2020-01-21 10:03:00,0.01990630400257487
2020-01-21 10:06:00,-0.023788866186464475
2020-01-21 10:09:00,0.014434652026750427
2020-01-21 10:12:00,-0.049827536165992115
2020-01-21 10:15:00,-0.07341827408015433
2020-01-21 10:18:00,-0.040861317247561146
2020-01-21 10:21:00,-0.1365856946397912
2020-01-21 10:24:00,-0.10570629796376352
2020-01-21 10:27:00,0.01656867007625351
2020-01-21 10:30:00,-0.11692314955547545
2020-01-21 10:33:00,-0.09717471826479596
2020-01-21 10:36:00,-0.031010001443519286
2020-01-21 10:39:00,-0.07599799686033748
2020-01-21 10:42:00,-0.18319936254994218
2020-01-21 10:45:00,-0.051609369019388396
2020-01-21 10:48:00,-0.10417422168740131
2020-01-21 10:51:00,-0.20206533437902863
2020-01-21 10:54:00,-0.18042133898109114
2020-01-21 10:57:00,-0.15378443958206844
2020-01-21 11:00:00,-0.1105154895236069
2020-01-21 11:03:00,-0.18852508462083506
2020-01-21 11:06:00,-0.2341780821230941
2020-01-21 11:09:00,-0.1427579600020863
2020-01-21 11:12:00,-0.26118103633979217
2020-01-21 11:15:00,-0.26611253981724303
2020-01-21 11:18:00,-0.17901659065665854
2020-01-21 11:21:00,-0.2294355973333495
2020-01-21 11:24:00,-0.2395588700211988
2020-01-21 11:27:00,-0.26246049273083827
2020-01-21 11:30:00,-0.23869900438188552
2020-01-21 11:33:00,-0.30897626980174664
2020-01-21 11:36:00,-0.206779199914763
2020-01-21 11:39:00,-0.21724554429999898
2020-01-21 11:42:00,-0.20732211483351648
2020-01-21 11:45:00,-0.29398795259504595
2020-01-21 11:48:00,-0.22806152414761982
2020-01-21 11:51:00,-0.25304967518985677
2020-01-21 11:54:00,-0.3641462357581986
2020-01-21 11:57:00,-0.40833910035644294
2020-01-21 12:00:00,-0.39594243255316997
2020-01-21 12:03:00,-0.3491028098294464
2020-01-21 12:06:00,-0.34972864802534787
2020-01-21 12:09:00,-0.3746674763880833
2020-01-21 12:12:00,-0.33764260394093526
2020-01-21 12:15:00,-0.3473882907686061
2020-01-21 12:18:00,-0.3351844256858385
2020-01-21 12:21:00,-0.34233164043587294
2020-01-21 12:24:00,-0.359994464833278
2020-01-21 12:27:00,-0.19801808506775842
2020-01-21 12:30:00,-0.39860452072741737
2020-01-21 12:33:00,-0.45826271415160136
2020-01-21 12:36:00,-0.3849337779377606
2020-01-21 12:39:00,-0.35623205792512636
2020-01-21 12:42:00,-0.37573640592978563
2020-01-21 12:45:00,-0.23107354421762238
2020-01-21 12:48:00,-0.28322696368690004
2020-01-21 12:51:00,-0.3647891302875905
2020-01-21 12:54:00,-0.3042602638603853
2020-01-21 12:57:00,-0.425611849382733
2020-01-21 13:00:00,-0.24655853893921176
2020-01-21 13:03:00,-0.2296406030488356
2020-01-21 13:06:00,-0.21060677521774096
2020-01-21 13:09:00,-0.3057708188095489
2020-01-21 13:12:00,-0.2506942304078166
2020-01-21 13:15:00,-0.19401544743931254
2020-01-21 13:18:00,-0.27590832539522125
2020-01-21 13:21:00,-0.35513395483229715
2020-01-21 13:24:00,-0.29915508311978556
2020-01-21 13:27:00,-0.18884188148922476
2020-01-21 13:30:00,-0.2534485300649294
2020-01-21 13:33:00,-0.23116428803672306
2020-01-21 13:36:00,-0.21802462014079538
2020-01-21 13:39:00,-0.11229669741544512
2020-01-21 13:42:00,-0.09243485393011497
2020-01-21 13:45:00,-0.1252629117655033
2020-01-21 13:48:00,-0.10927632722189173
2020-01-21 13:51:00,0.01424538686944743
2020-01-21 13:54:00,-0.19893445802597398
2020-01-21 13:57:00,-0.10868039832939758
2020-01-21 14:00:00,-0.1382469096036516
2020-01-21 14:03:00,-0.07100933264871401
2020-01-21 14:06:00,-0.1769461616576109
2020-01-21 14:09:00,-0.07043396029996529
2020-01-21 14:12:00,-0.05009819308287433
2020-01-21 14:15:00,-0.12337684428985085
2020-01-21 14:18:00,-0.3007617989511573
2020-01-21 14:21:00,-0.2226757846527221
2020-01-21 14:24:00,-0.21466655442719684
2020-01-21 14:27:00,-0.30402699134094746
2020-01-21 14:30:00,-0.2068264474347643
2020-01-21 14:33:00,-0.09637961418235363
2020-01-21 14:36:00,-0.04551972930403281
2020-01-21 14:39:00,-0.037830964317095095
2020-01-21 14:42:00,-0.25230361871314244
2020-01-21 14:45:00,-0.265444422846997
2020-01-21 14:48:00,-0.431113935801136
2020-01-21 14:51:00,-0.3793671756693584
2020-01-21 14:54:00,-0.31379118632645486
2020-01-21 14:57:00,-0.15397495603826883
2020-01-21 15:00:00,0.05063549924796007
2020-01-21 15:03:00,-0.12943685716300024
2020-01-21 15:06:00,-0.14263911864844658
2020-01-21 15:09:00,0.1167581381389482
2020-01-21 15:12:00,0.29727651902391017
2020-01-21 15:15:00,0.2846804599444681
2020-01-21 15:18:00,0.3138948602734217
2020-01-21 15:21:00,0.23687249896920548
2020-01-21 15:24:00,0.1938036367010909
2020-01-21 15:27:00,0.16517046539576086
2020-01-21 15:30:00,0.24837195943860024
2020-01-21 15:33:00,0.20590218414577066
2020-01-21 15:36:00,0.2192226752245574
2020-01-21 15:39:00,0.2586607969547572
2020-01-21 15:42:00,0.13488866082792583
2020-01-21 15:45:00,0.2535994186379753
2020-01-21 15:48:00,0.20522216404316396
2020-01-21 15:51:00,0.3084006414605369
2020-01-21 15:54:00,0.25344609760605863
2020-01-21 15:57:00,0.3237891183822512
2020-01-21 16:00:00,0.35737399485878996
2020-01-21 16:03:00,0.3512388923992944
2020-01-21 16:06:00,0.3662415627658788
2020-01-21 16:09:00,0.32303446692691296
2020-01-21 16:12:00,0.309988732695615
2020-01-21 16:15:00,0.36759317867245045
2020-01-21 16:18:00,0.4962940673266303
2020-01-21 16:21:00,0.4293699596485112
2020-01-21 16:24:00,0.5056275697556316
2020-01-21 16:27:00,0.17061208755842472
2020-01-21 16:30:00,0.09606930030577132
2020-01-21 16:33:00,0.2835858915723861
2020-01-21 16:36:00,0.5328781972106071
2020-01-21 16:39:00,0.3724822301987274
2020-01-21 16:42:00,0.26065148846259945
2020-01-21 16:45:00,0.28493094085507664
2020-01-21 16:48:00,0.30605392628649497
2020-01-21 16:51:00,0.3807633729426243
2020-01-21 16:54:00,0.4424546962283671
2020-01-21 16:57:00,0.5044322740303073
2020-01-21 17:00:00,0.40915957471611364
2020-01-21 17:03:00,0.46343662347965164
2020-01-21 17:06:00,0.5593505312990601
2020-01-21 17:09:00,0.5263970563324278
2020-01-21 17:12:00,0.4806041839634645
2020-01-21 17:15:00,0.5369361111920625
2020-01-21 17:18:00,0.5544615174100045
2020-01-21 17:21:00,0.5161224407271447
2020-01-21 17:24:00,0.4690067879787989
2020-01-21 17:27:00,0.571043805348836
2020-01-21 17:30:00,0.5180905121359842
2020-01-21 17:33:00,0.531999265339266
2020-01-21 17:36:00,0.43270998666554306
2020-01-21 17:39:00,0.5078946744646942
2020-01-21 17:42:00,0.4293748094166858
2020-01-21 17:45:00,0.44455183560239675
2020-01-21 17:48:00,0.4628974454569743
2020-01-21 17:51:00,0.4566303740408557
2020-01-21 17:54:00,0.399189328857517
2020-01-21 17:57:00,0.41445750607613263
2020-01-21 18:00:00,0.4259633607053388
2020-01-21 18:03:00,0.46874834937233345
2020-01-21 18:06:00,0.4182622798936677
2020-01-21 18:09:00,0.4600236858695439
2020-01-21 18:12:00,0.43195469826071076
2020-01-21 18:15:00,0.45259628830513066
2020-01-21 18:18:00,0.3662252232036849
2020-01-21 18:21:00,0.36679033597778243
2020-01-21 18:24:00,0.46964328511251097
2020-01-21 18:27:00,0.40899710564650604
2020-01-21 18:30:00,0.4012892779584831
2020-01-21 18:33:00,0.3479992825694467
2020-01-21 18:36:00,0.4409644818848619
2020-01-21 18:39:00,0.3687343510028427
2020-01-21 18:42:00,0.37621270808494955
2020-01-21 18:45:00,0.34809856320504196
2020-01-21 18:48:00,0.32161482033649236
2020-01-21 18:51:00,0.36140072483095764
2020-01-21 18:54:00,
2020-01-21 18:57:00,
2020-01-21 19:00:00,
2020-01-21 19:03:00,0.3593485447874514
2020-01-21 19:06:00,0.3379937343163988
2020-01-21 19:09:00,0.3057987016340462
2020-01-21 19:12:00,0.32890156820644734
2020-01-21 19:15:00,0.3651057266455382
2020-01-21 19:18:00,0.3702340226273009
2020-01-21 19:21:00,0.38068974827695
2020-01-21 19:24:00,0.36014005649224146
2020-01-21 19:27:00,0.43285865441316673
2020-01-21 19:30:00,0.3656549928974755
2020-01-21 19:33:00,0.25527393557860023
2020-01-21 19:36:00,0.3713943703377254
2020-01-21 19:39:00,0.3159913496783133
2020-01-21 19:42:00,0.30163518564523883
2020-01-21 19:45:00,0.32058438807882794
2020-01-21 19:48:00,0.2468637413649617
2020-01-21 19:51:00,0.2705345429548629
2020-01-21 19:54:00,0.22215812802068058
2020-01-21 19:57:00,0.21117160821057723
2020-01-21 20:00:00,0.2880779890436429
2020-01-21 20:03:00,0.21117582624657416
2020-01-21 20:06:00,0.2256423575947224
2020-01-21 20:09:00,0.3226711096403392
2020-01-21 20:12:00,0.288798962045405
2020-01-21 20:15:00,0.2937290591322608
2020-01-21 20:18:00,0.17922080334079737
2020-01-21 20:21:00,0.2010285232786373
2020-01-21 20:24:00,0.2190029105144049
2020-01-21 20:27:00,0.2056342598201013
2020-01-21 20:30:00,0.18183168287959006
2020-01-21 20:33:00,0.24651212108176423
2020-01-21 20:36:00,0.2154730060162251
2020-01-21 20:39:00,0.1486168774350176
2020-01-21 20:42:00,0.22211910211262875
2020-01-21 20:45:00,0.164790723944634
2020-01-21 20:48:00,0.1775221523947721
2020-01-21 20:51:00,0.1564867799897911
2020-01-21 20:54:00,0.15055407553523992
2020-01-21 20:57:00,0.13495015752073414
2020-01-21 21:00:00,0.14027056683426053
2020-01-21 21:03:00,0.14918287351878234
2020-01-21 21:06:00,0.19526854982444775
2020-01-21 21:09:00,0.2571621516281084
2020-01-21 21:12:00,0.24755713723089912
2020-01-21 21:15:00,0.25570490241580046
2020-01-21 21:18:00,0.20390262681917193
2020-01-21 21:21:00,0.20820317049606274
2020-01-21 21:24:00,0.20890273733482445
2020-01-21 21:27:00,0.40334567339124305
2020-01-21 21:30:00,0.3398916512702499
2020-01-21 21:33:00,0.3964252209646588
2020-01-21 21:36:00,0.46232813405140405
2020-01-21 21:39:00,0.34094411749390474
2020-01-21 21:42:00,0.303717897122624
2020-01-21 21:45:00,0.22567937596994625
2020-01-21 21:48:00,0.30849661506681514
2020-01-21 21:51:00,0.25296730974008597
2020-01-21 21:54:00,0.3103484686971001
2020-01-21 21:57:00,0.3235254721455476
2020-01-21 22:00:00,0.2230369494916431
2020-01-21 22:03:00,0.2971727384542646
2020-01-21 22:06:00,0.2160033011637097
2020-01-21 22:09:00,0.247178581634671
2020-01-21 22:12:00,0.35048706188376855
2020-01-21 22:15:00,0.31465699496226307
2020-01-21 22:18:00,0.29512425884303184
2020-01-21 22:21:00,0.3296777863737361
2020-01-21 22:24:00,0.3544301003013288
2020-01-21 22:27:00,0.31895973659732135
2020-01-21 22:30:00,0.3530099900246455
2020-01-21 22:33:00,0.4098269641233969
2020-01-21 22:36:00,0.28839390961888967
2020-01-21 22:39:00,0.26298695571767894
2020-01-21 22:42:00,0.29339582839099876
2020-01-21 22:45:00,0.2808500035150132
2020-01-21 22:48:00,0.28235750898545575
2020-01-21 22:51:00,0.31072225558824584
2020-01-21 22:54:00,0.2777994221592053
2020-01-21 22:57:00,0.33410036349408756
2020-01-21 23:00:00,0.3523627084275631
2020-01-21 23:03:00,0.37203977377726005
2020-01-21 23:06:00,0.380437551882153
2020-01-21 23:09:00,0.36182832557096845
2020-01-21 23:12:00,0.3460433978190167
2020-01-21 23:15:00,0.3078302583584218
2020-01-21 23:18:00,0.3450504594476911
2020-01-21 23:21:00,0.35326208101685097
2020-01-21 23:24:00,0.38234543675343957
2020-01-21 23:27:00,0.32872490672309596
2020-01-21 23:30:00,0.40171268766664525
2020-01-21 23:33:00,0.3847319402240146
2020-01-21 23:36:00,0.451040827630095
2020-01-21 23:39:00,0.3933826649962384
2020-01-21 23:42:00,0.46921166044757
2020-01-21 23:45:00,0.391162583463597
2020-01-21 23:48:00,0.35906089183504264
2020-01-21 23:51:00,0.3402355748062291
2020-01-21 23:54:00,0.38543342226188315
2020-01-21 23:57:00,0.3811148147318022
2020-01-22 00:00:00,0.32458817113814575
2020-01-22 00:03:00,0.3569366699073271
2020-01-22 00:06:00,0.38740079067031274
2020-01-22 00:09:00,0.3589053713885164
2020-01-22 00:12:00,0.3533871552341452
2020-01-22 00:15:00,0.31774757925728636
2020-01-22 00:18:00,0.3838132145809823
2020-01-22 00:21:00,0.37664039623888357
2020-01-22 00:24:00,0.36369144611848014
2020-01-22 00:27:00,0.45635224300258415
2020-01-22 00:30:00,0.44801640263716536
2020-01-22 00:33:00,0.44364879504729515
2020-01-22 00:36:00,0.45313362540792923
2020-01-22 00:39:00,0.3188078603517397
2020-01-22 00:42:00,0.323948700781159
2020-01-22 00:45:00,0.2631731661653589
2020-01-22 00:48:00,0.27220092744624935
2020-01-22 00:51:00,0.3150481843781563
2020-01-22 00:54:00,0.40487603349788515
2020-01-22 00:57:00,0.3661278489959159
2020-01-22 01:00:00,0.37620294539499355
2020-01-22 01:03:00,0.38319428747342954
2020-01-22 01:06:00,0.47645958304491387
2020-01-22 01:09:00,0.44270104718191305
2020-01-22 01:12:00,0.43649769977952246
2020-01-22 01:15:00,0.44121927872396327
2020-01-22 01:18:00,0.4700166443031435
2020-01-22 01:21:00,0.4225118025396455
2020-01-22 01:24:00,0.3039360133148534
2020-01-22 01:27:00,0.4956328571400377
2020-01-22 01:30:00,0.4371428482074293
2020-01-22 01:33:00,0.34527280703304086
2020-01-22 01:36:00,0.2544876802356839
2020-01-22 01:39:00,0.37083357932715444
2020-01-22 01:42:00,0.4248850491795224
2020-01-22 01:45:00,0.3424683490653706
2020-01-22 01:48:00,0.2875659132827195
2020-01-22 01:51:00,0.335020238170614
2020-01-22 01:54:00,0.4091329042246912
2020-01-22 01:57:00,0.2781214827080589
2020-01-22 02:00:00,0.29510246528354855
2020-01-22 02:03:00,0.3212200128169229
2020-01-22 02:06:00,0.2576959992943557
2020-01-22 02:09:00,0.27643416899576323
2020-01-22 02:12:00,0.3671735209116491
2020-01-22 02:15:00,0.32915793060681153
2020-01-22 02:18:00,0.27262307610305925
2020-01-22 02:21:00,0.24999849651334216
2020-01-22 02:24:00,0.2470981878961993
2020-01-22 02:27:00,0.2459737768629111
2020-01-22 02:30:00,0.20786530689440497
2020-01-22 02:33:00,0.1947301845756897
2020-01-22 02:36:00,0.2832410247193593
2020-01-22 02:39:00,0.29014463876933405
2020-01-22 02:42:00,0.3280354508654568
2020-01-22 02:45:00,0.3314522735014407
2020-01-22 02:48:00,0.2934031582212242
2020-01-22 02:51:00,0.36414161801656064
2020-01-22 02:54:00,0.3376688906445793
2020-01-22 02:57:00,0.2194126747662608
2020-01-22 03:00:00,0.2867895350156573
2020-01-22 03:03:00,0.2601357224830849
2020-01-22 03:06:00,0.3696877921636883
2020-01-22 03:09:00,0.31566618738702346
2020-01-22 03:12:00,0.29055159976525147
2020-01-22 03:15:00,0.3757046862183415
2020-01-22 03:18:00,0.2957019444223761
2020-01-22 03:21:00,0.1864561350744225
2020-01-22 03:24:00,0.3262571770248428
2020-01-22 03:27:00,0.3719228048798868
2020-01-22 03:30:00,0.31902492971312313
2020-01-22 03:33:00,0.2822342619193705
2020-01-22 03:36:00,0.28319414852956015
2020-01-22 03:39:00,0.3239912968991234
2020-01-22 03:42:00,0.3343722589491449
2020-01-22 03:45:00,0.2805860960768882
2020-01-22 03:48:00,0.30953634967431753
2020-01-22 03:51:00,0.19683961292588492
2020-01-22 03:54:00,0.2226601521724092
2020-01-22 03:57:00,0.3016449389541549
2020-01-22 04:00:00,0.28148058317469804
2020-01-22 04:03:00,0.3776247344119952
2020-01-22 04:06:00,0.34417339078038367
2020-01-22 04:09:00,0.356711692457111
2020-01-22 04:12:00,0.2712753845784732
2020-01-22 04:15:00,0.33047780110899794
2020-01-22 04:18:00,0.3578569236879616
2020-01-22 04:21:00,0.34782423166103626
2020-01-22 04:24:00,0.31965656856431224
2020-01-22 04:27:00,0.3394244089527092
2020-01-22 04:30:00,0.3235931158642984
2020-01-22 04:33:00,0.34242664911863585
2020-01-22 04:36:00,0.31096984794697846
2020-01-22 04:39:00,0.336180903009506
2020-01-22 04:42:00,0.2623377406333134
2020-01-22 04:45:00,0.39570070903840815
2020-01-22 04:48:00,0.3342540852092952
2020-01-22 04:51:00,0.3713453075674238
2020-01-22 04:54:00,0.4066054196648565
2020-01-22 04:57:00,0.35675410131892704
2020-01-22 05:00:00,0.356189671859795
2020-01-22 05:03:00,0.39177512108199153
2020-01-22 05:06:00,0.34197196034415356
2020-01-22 05:09:00,0.26840182708679095
2020-01-22 05:12:00,0.3501259156190031
2020-01-22 05:15:00,0.39017645113568733
2020-01-22 05:18:00,0.26603048959594844
2020-01-22 05:21:00,0.3469503451668743
2020-01-22 05:24:00,0.33263407529619826
2020-01-22 05:27:00,0.2926436520205016
2020-01-22 05:30:00,0.2908878238562238
2020-01-22 05:33:00,0.23525634526055228
2020-01-22 05:36:00,0.29606390955552797
2020-01-22 05:39:00,0.29058022907850045
2020-01-22 05:42:00,0.28202525066291173
2020-01-22 05:45:00,0.3406453838530865
2020-01-22 05:48:00,0.27289693902940826
2020-01-22 05:51:00,0.23570086658622813
2020-01-22 05:54:00,0.2539092625378885
2020-01-22 05:57:00,0.17620593858003986
2020-01-22 06:00:00,0.23684867696550782
2020-01-22 06:03:00,0.25209815710149996
2020-01-22 06:06:00,0.2558691782238043
2020-01-22 06:09:00,0.30223503833849463
2020-01-22 06:12:00,0.3242371788168157
2020-01-22 06:15:00,0.3610504155562353
2020-01-22 06:18:00,0.39486117509716223
2020-01-22 06:21:00,0.43615397260919053
2020-01-22 06:24:00,0.3661987181763493
2020-01-22 06:27:00,0.4170147842485221
2020-01-22 06:30:00,0.38370353480996755
2020-01-22 06:33:00,0.4059920661257479
2020-01-22 06:36:00,0.416339910259353
2020-01-22 06:39:00,0.40655968246926477
2020-01-22 06:42:00,0.4135698277801225
2020-01-22 06:45:00,0.4045657479497322
2020-01-22 06:48:00,0.26064258033272836
2020-01-22 06:51:00,0.3197571087803226
2020-01-22 06:54:00,0.2916256415633143
2020-01-22 06:57:00,0.3951344649091766
2020-01-22 07:00:00,0.4304757126422487
2020-01-22 07:03:00,0.41486717455427424
2020-01-22 07:06:00,0.3367520228096623
2020-01-22 07:09:00,0.34794443117976925
2020-01-22 07:12:00,0.3257668606619859
2020-01-22 07:15:00,0.3159844398213636
2020-01-22 07:18:00,0.30396584651680314
2020-01-22 07:21:00,0.27911100997289395
2020-01-22 07:24:00,0.30625308567641696
2020-01-22 07:27:00,0.2735167892918753
2020-01-22 07:30:00,0.21195238940867966
2020-01-22 07:33:00,0.26278020035852023
2020-01-22 07:36:00,0.2975830709359002
2020-01-22 07:39:00,0.2511547809344279
2020-01-22 07:42:00,0.24119468298948732
2020-01-22 07:45:00,0.2661698815792306
2020-01-22 07:48:00,0.29539072632132957
2020-01-22 07:51:00,0.3337341376187055
2020-01-22 07:54:00,0.41648040142104037
2020-01-22 07:57:00,0.25695833126519574
2020-01-22 08:00:00,0.40874339628987855
2020-01-22 08:03:00,0.4026412179551926
2020-01-22 08:06:00,0.29501950464543825
2020-01-22 08:09:00,0.3182657237835542
2020-01-22 08:12:00,0.3941253563689884
2020-01-22 08:15:00,0.39149861015556553
2020-01-22 08:18:00,0.3775040419637321
2020-01-22 08:21:00,0.43554902887518665
2020-01-22 08:24:00,0.3358490553530942
2020-01-22 08:27:00,0.41510753096332564
2020-01-22 08:30:00,0.47254146927241436
2020-01-22 08:33:00,0.4106690252031626
2020-01-22 08:36:00,0.3759224924183968
2020-01-22 08:39:00,0.32958745189256433
2020-01-22 08:42:00,0.3782322239602536
2020-01-22 08:45:00,0.3222809998550247
2020-01-22 08:48:00,0.304405524026663
2020-01-22 08:51:00,0.3524281516460519
2020-01-22 08:54:00,0.2899471254000332
2020-01-22 08:57:00,0.32348938196366817
2020-01-22 09:00:00,0.3624360932228683
2020-01-22 09:03:00,0.38743340124153747
2020-01-22 09:06:00,0.33108727458119347
2020-01-22 09:09:00,0.3801936238847361
2020-01-22 09:12:00,0.25131563910406385
2020-01-22 09:15:00,0.35600763270332436
2020-01-22 09:18:00,0.3184010948024252
2020-01-22 09:21:00,0.38767194984336584
2020-01-22 09:24:00,0.297693614645425
2020-01-22 09:27:00,0.3507745779650122
2020-01-22 09:30:00,0.3438231754545882
2020-01-22 09:33:00,0.2540486604931971
2020-01-22 09:36:00,0.2505301717517341
2020-01-22 09:39:00,0.36506320709901274
2020-01-22 09:42:00,0.2313440113470051
2020-01-22 09:45:00,0.13880356741088917
2020-01-22 09:48:00,0.18414377708302254
2020-01-22 09:51:00,0.2277897688431949
2020-01-22 09:54:00,0.2648389202442445
2020-01-22 09:57:00,0.18786337095735917
2020-01-22 10:00:00,0.21750839865848093
2020-01-22 10:03:00,0.2844956379815926
2020-01-22 10:06:00,0.17017897854498187
2020-01-22 10:09:00,0.1718947388997094
2020-01-22 10:12:00,0.19080129253427458
2020-01-22 10:15:00,0.19422616315523555
2020-01-22 10:18:00,0.1277268100542983
2020-01-22 10:21:00,0.158625175230668
2020-01-22 10:24:00,0.044342543668165035
2020-01-22 10:27:00,0.1839934275085966
2020-01-22 10:30:00,0.13797427254320382
2020-01-22 10:33:00,0.21061994737516443
2020-01-22 10:36:00,0.30605024048986706
2020-01-22 10:39:00,0.2554380486250807
2020-01-22 10:42:00,0.22168772090947186
2020-01-22 10:45:00,0.3054516487525234
2020-01-22 10:48:00,0.29912407835968224
2020-01-22 10:51:00,0.25177570448215647
2020-01-22 10:54:00,0.21387603301980107
2020-01-22 10:57:00,0.1897600697803341
2020-01-22 11:00:00,0.204571081348206
2020-01-22 11:03:00,0.24147482291203914
2020-01-22 11:06:00,0.20916595260393933
2020-01-22 11:09:00,0.22604714623270183
2020-01-22 11:12:00,0.2027778097425994
2020-01-22 11:15:00,0.09162642650204589
2020-01-22 11:18:00,0.17290774674376053
2020-01-22 11:21:00,0.17184998455576306
2020-01-22 11:24:00,0.11939527805031958
2020-01-22 11:27:00,0.10781148115290762
2020-01-22 11:30:00,0.09060893747476939
2020-01-22 11:33:00,0.13765298657824587
2020-01-22 11:36:00,0.19983708107469056
2020-01-22 11:39:00,0.23239664162400686
2020-01-22 11:42:00,0.13650606379593455
2020-01-22 11:45:00,0.07663708755234211
2020-01-22 11:48:00,0.1425361016342208
2020-01-22 11:51:00,0.1722161208730313
2020-01-22 11:54:00,0.06322210501843983
2020-01-22 11:57:00,0.2635452286280042
2020-01-22 12:00:00,0.14517240361539052
2020-01-22 12:03:00,0.11797750402877227
2020-01-22 12:06:00,0.12807668733012179
2020-01-22 12:09:00,0.19541601607517123
2020-01-22 12:12:00,0.05616234517049179
2020-01-22 12:15:00,0.13548896916978492
2020-01-22 12:18:00,0.10976518800686108
2020-01-22 12:21:00,-0.028195789381470604
2020-01-22 12:24:00,0.016528746293261065
2020-01-22 12:27:00,0.14375317002384236
2020-01-22 12:30:00,0.13089514187589657
2020-01-22 12:33:00,0.00446043571946575
2020-01-22 12:36:00,-0.0027260535506457018
2020-01-22 12:39:00,0.05857031350797115
2020-01-22 12:42:00,0.02384586230550667
2020-01-22 12:45:00,0.07971771503787295
2020-01-22 12:48:00,0.09291888870063758
2020-01-22 12:51:00,0.057640720627034625
2020-01-22 12:54:00,0.016293537097112676
2020-01-22 12:57:00,-0.011679176488371468
2020-01-22 13:00:00,0.1314106981723171
2020-01-22 13:03:00,-0.03836418395025021
2020-01-22 13:06:00,0.08260169849364729
2020-01-22 13:09:00,-0.038572641141001895
2020-01-22 13:12:00,-0.0006798102239713444
2020-01-22 13:15:00,0.03348533755678318
2020-01-22 13:18:00,0.09477910631159148
2020-01-22 13:21:00,0.058445123306000824
2020-01-22 13:24:00,0.01712501743708117
2020-01-22 13:27:00,0.010028257624810522
2020-01-22 13:30:00,0.02674418563663039
2020-01-22 13:33:00,8.632643249484317e-05
2020-01-22 13:36:00,0.032745265732103235
2020-01-22 13:39:00,-0.04911303979474724
2020-01-22 13:42:00,-0.021649370031070703
2020-01-22 13:45:00,-0.02854662418320686
2020-01-22 13:48:00,-0.026627618635302497
2020-01-22 13:51:00,-0.02748056353539141
2020-01-22 13:54:00,-0.035271795524579375
2020-01-22 13:57:00,0.029872037851191635
2020-01-22 14:00:00,-0.08533761767785109
2020-01-22 14:03:00,-0.00041459121587195114
2020-01-22 14:06:00,-0.00035573216314332967
2020-01-22 14:09:00,-0.06108959569820627
2020-01-22 14:12:00,-0.08662531298307385
2020-01-22 14:15:00,-0.014928351512992322
2020-01-22 14:18:00,-0.00643401467499416
2020-01-22 14:21:00,-0.0807213317265223
2020-01-22 14:24:00,-0.06582298492440941
2020-01-22 14:27:00,-0.01858999486188395
2020-01-22 14:30:00,-0.09248369849638038
2020-01-22 14:33:00,-0.06492239607132433
2020-01-22 14:36:00,-0.20375881329636059
2020-01-22 14:39:00,-0.05716139229372175
2020-01-22 14:42:00,-0.041505469875346535
2020-01-22 14:45:00,-0.14315422177253367
2020-01-22 14:48:00,-0.06480844198586055
2020-01-22 14:51:00,-0.08054746978990579
2020-01-22 14:54:00,-0.11938914875594264
2020-01-22 14:57:00,-0.0947754144249302
2020-01-22 15:00:00,-0.02528153966551372
2020-01-22 15:03:00,0.01646226416215768
2020-01-22 15:06:00,-0.06236683372139851
2020-01-22 15:09:00,-0.018269408218941408
2020-01-22 15:12:00,-0.016579074070648403
2020-01-22 15:15:00,-0.031048219790534404
2020-01-22 15:18:00,-0.03474831677067414
2020-01-22 15:21:00,-0.019390209807397696
2020-01-22 15:24:00,-0.04799981532426045
2020-01-22 15:27:00,0.01957206544369683
2020-01-22 15:30:00,-0.039901793919170814
2020-01-22 15:33:00,-0.12643713338280804
2020-01-22 15:36:00,0.07823510787812893
2020-01-22 15:39:00,-0.07681434642745444
2020-01-22 15:42:00,0.057964398892863755
2020-01-22 15:45:00,-0.033675355164689336
2020-01-22 15:48:00,0.05125146487790744
2020-01-22 15:51:00,-0.09080697036097263
2020-01-22 15:54:00,0.05716407655978628
2020-01-22 15:57:00,-0.12185104868910912
2020-01-22 16:00:00,0.047209517755277375
2020-01-22 16:03:00,-0.09176657128534771
2020-01-22 16:06:00,0.007474387482318434
2020-01-22 16:09:00,0.026462007995860404
2020-01-22 16:12:00,-0.07561907334081752
2020-01-22 16:15:00,-0.03615549506247362
2020-01-22 16:18:00,0.004832009713481966
2020-01-22 16:21:00,-0.023010434817422265
2020-01-22 16:24:00,-0.05181353771024533
2020-01-22 16:27:00,0.02528814951858749
2020-01-22 16:30:00,-0.06425302547989986
2020-01-22 16:33:00,-0.06742209141071953
2020-01-22 16:36:00,0.02591623297081469
2020-01-22 16:39:00,-0.07886148037897556
2020-01-22 16:42:00,-0.011334693262938345
2020-01-22 16:45:00,-0.041195630678657835
2020-01-22 16:48:00,0.05594381475714272
2020-01-22 16:51:00,-0.022700007451931015
2020-01-22 16:54:00,0.04968856886540607
2020-01-22 16:57:00,0.07728899220967378
2020-01-22 17:00:00,-0.03968669574453543
2020-01-22 17:03:00,0.0111981095078022
2020-01-22 17:06:00,0.08493398183867384
2020-01-22 17:09:00,0.0018153067023831682
2020-01-22 17:12:00,-0.021535239097318026
2020-01-22 17:15:00,0.06128573706456564
2020-01-22 17:18:00,0.0544499673737846
2020-01-22 17:21:00,-0.04260779721016661
2020-01-22 17:24:00,-0.043065903582771625
2020-01-22 17:27:00,0.013178385910691759
2020-01-22 17:30:00,0.01976363142983928
2020-01-22 17:33:00,-0.02854653677280794
2020-01-22 17:36:00,0.029961680411986436
2020-01-22 17:39:00,0.01762934186547227
2020-01-22 17:42:00,-0.008098685062520872
2020-01-22 17:45:00,-0.01512843786463236
2020-01-22 17:48:00,-0.07409571243368873
2020-01-22 17:51:00,-0.11350170179707675
2020-01-22 17:54:00,-0.06713713438676905
2020-01-22 17:57:00,-0.011944273072174383
2020-01-22 18:00:00,-0.040984852979534026
2020-01-22 18:03:00,-0.02437099972650003
2020-01-22 18:06:00,-0.02678200602593961
2020-01-22 18:09:00,-0.08597360261262565
2020-01-22 18:12:00,-0.024829626349628597
2020-01-22 18:15:00,-0.036925756128425746
2020-01-22 18:18:00,-0.004780980370128418
2020-01-22 18:21:00,0.02159373614318838
2020-01-22 18:24:00,-0.0788335627881338
2020-01-22 18:27:00,-0.048568082249460076
2020-01-22 18:30:00,-0.04956285989334219
2020-01-22 18:33:00,-0.02364650402080315
2020-01-22 18:36:00,0.025660453724015042
2020-01-22 18:39:00,-0.031729163991371934
2020-01-22 18:42:00,0.006344568567328679
2020-01-22 18:45:00,0.03417026160337855
2020-01-22 18:48:00,0.02787614568734398
2020-01-22 18:51:00,0.07952606712319721
2020-01-22 18:54:00,
2020-01-22 18:57:00,
2020-01-22 19:00:00,
2020-01-22 19:03:00,0.08530642827452084
2020-01-22 19:06:00,-0.05087031727958902
2020-01-22 19:09:00,0.08240605176865756
2020-01-22 19:12:00,0.18667035969662038
2020-01-22 19:15:00,0.07490890223664337
2020-01-22 19:18:00,0.07351743158534418
2020-01-22 19:21:00,0.07607001470989871
2020-01-22 19:24:00,0.07986888227321742
2020-01-22 19:27:00,0.1465603295262099
2020-01-22 19:30:00,0.07569153066503986
2020-01-22 19:33:00,0.0924144377737548
2020-01-22 19:36:00,0.14209838803503771
2020-01-22 19:39:00,0.13503279617953012
2020-01-22 19:42:00,0.08361930115876248
2020-01-22 19:45:00,0.06191726656732044
2020-01-22 19:48:00,0.09249142123570664
2020-01-22 19:51:00,0.115511473636559
2020-01-22 19:54:00,0.19051336470749902
2020-01-22 19:57:00,0.16615984093226643
2020-01-22 20:00:00,0.0961750342884784
2020-01-22 20:03:00,0.08046443483465282
2020-01-22 20:06:00,0.16106110390961703
2020-01-22 20:09:00,0.18258299495153096
2020-01-22 20:12:00,0.16827450178101344
2020-01-22 20:15:00,0.18134753198307862
2020-01-22 20:18:00,0.2464079299338664
2020-01-22 20:21:00,0.22140962445814694
2020-01-22 20:24:00,0.24606317706349046
2020-01-22 20:27:00,0.26800788589861213
2020-01-22 20:30:00,0.24213425172274583
2020-01-22 20:33:00,0.28775473441038457
2020-01-22 20:36:00,0.17891352035638874
2020-01-22 20:39:00,0.21564257851770208
2020-01-22 20:42:00,0.21722987028186935
2020-01-22 20:45:00,0.2806380862488709
2020-01-22 20:48:00,0.27313172917411066
2020-01-22 20:51:00,0.20397990045813685
2020-01-22 20:54:00,0.2763771149390095
2020-01-22 20:57:00,0.24207625018101453
2020-01-22 21:00:00,0.16547063528525996
2020-01-22 21:03:00,0.2225015122521654
2020-01-22 21:06:00,0.249543310475417
2020-01-22 21:09:00,0.21392331950909238
2020-01-22 21:12:00,0.23924181833422153
2020-01-22 21:15:00,0.28129194329022766
2020-01-22 21:18:00,0.22032119213821488
2020-01-22 21:21:00,0.1069695358194167
2020-01-22 21:24:00,0.21198419973404725
2020-01-22 21:27:00,0.2337593572939909
2020-01-22 21:30:00,0.23981693930528536
2020-01-22 21:33:00,0.192578885333603
2020-01-22 21:36:00,0.32969507270530585
2020-01-22 21:39:00,0.25988796779620316
2020-01-22 21:42:00,0.2654965853213298
2020-01-22 21:45:00,0.34300425546030056
2020-01-22 21:48:00,0.21364892320514173
2020-01-22 21:51:00,0.3479752288936879
2020-01-22 21:54:00,0.2554375824870476
2020-01-22 21:57:00,0.3509110567342191
2020-01-22 22:00:00,0.27892782600918054
2020-01-22 22:03:00,0.2676352085319422
2020-01-22 22:06:00,0.31442163320951977
2020-01-22 22:09:00,0.3082906121825886
2020-01-22 22:12:00,0.27429165289072444
2020-01-22 22:15:00,0.3244417270678923
2020-01-22 22:18:00,0.3143052461290381
2020-01-22 22:21:00,0.2522507119848001
2020-01-22 22:24:00,0.36316635392961416
2020-01-22 22:27:00,0.43589754347016196
2020-01-22 22:30:00,0.3576357281273772
2020-01-22 22:33:00,0.37421255141862275
2020-01-22 22:36:00,0.33244730957500224
2020-01-22 22:39:00,0.36299943922193734
2020-01-22 22:42:00,0.42891842529098767
2020-01-22 22:45:00,0.3272198004998472
2020-01-22 22:48:00,0.4732637910617541
2020-01-22 22:51:00,0.33256667479366797
2020-01-22 22:54:00,0.40086460043107763
2020-01-22 22:57:00,0.41821279239138676
2020-01-22 23:00:00,0.39888410273596264
2020-01-22 23:03:00,0.45664624268096077
2020-01-22 23:06:00,0.39396020956274924
2020-01-22 23:09:00,0.4123670163497195
2020-01-22 23:12:00,0.3770413732309521
2020-01-22 23:15:00,0.3799425100413032
2020-01-22 23:18:00,0.38345382112674997
2020-01-22 23:21:00,0.34340231896504747
2020-01-22 23:24:00,0.3723085784318414
2020-01-22 23:27:00,0.41684917209374817
2020-01-22 23:30:00,0.33274663623859624
2020-01-22 23:33:00,0.3073960398299391
2020-01-22 23:36:00,0.4072945415653635
2020-01-22 23:39:00,0.4379243978380032
2020-01-22 23:42:00,0.4112534701061463
2020-01-22 23:45:00,0.4234715667518003
2020-01-22 23:48:00,0.4353360880471655
2020-01-22 23:51:00,0.40058111842688504
2020-01-22 23:54:00,0.40671085136779084
2020-01-22 23:57:00,0.30669133129299553
2020-01-23 00:00:00,0.44384849935016746
2020-01-23 00:03:00,0.3798205465015485
2020-01-23 00:06:00,0.419822888221006
2020-01-23 00:09:00,0.42443662480962985
2020-01-23 00:12:00,0.3774142415176698
2020-01-23 00:15:00,0.46377070601948844
2020-01-23 00:18:00,0.43003050847340774
2020-01-23 00:21:00,0.5351609547510066
2020-01-23 00:24:00,0.40041734845328847
2020-01-23 00:27:00,0.5221178985877373
2020-01-23 00:30:00,0.3249377621302756
2020-01-23 00:33:00,0.4638355085012904
2020-01-23 00:36:00,0.4175975697253307
2020-01-23 00:39:00,0.3592952343882416
2020-01-23 00:42:00,0.4265686110612137
2020-01-23 00:45:00,0.48443756951394334
2020-01-23 00:48:00,0.3465637194394162
2020-01-23 00:51:00,0.41376294459752216
2020-01-23 00:54:00,0.36944755005788465
2020-01-23 00:57:00,0.44516876955651696
2020-01-23 01:00:00,0.3972797545314961
2020-01-23 01:03:00,0.3869779199541199
2020-01-23 01:06:00,0.44030431080818744
2020-01-23 01:09:00,0.43176688670160956
2020-01-23 01:12:00,0.4192360784945208
2020-01-23 01:15:00,0.43553676331509905
2020-01-23 01:18:00,0.4139062829119666
2020-01-23 01:21:00,0.3828861249037345
2020-01-23 01:24:00,0.5282107938738818
2020-01-23 01:27:00,0.489582929422113
2020-01-23 01:30:00,0.40443956630872435
2020-01-23 01:33:00,0.4593416847977778
2020-01-23 01:36:00,0.3884331058554835
2020-01-23 01:39:00,0.46107751734797375
2020-01-23 01:42:00,0.34133252413397486
2020-01-23 01:45:00,0.36469637879895345
2020-01-23 01:48:00,0.38403750360447475
2020-01-23 01:51:00,0.39018449786397014
2020-01-23 01:54:00,0.39031942587098456
2020-01-23 01:57:00,0.36092136024285537
2020-01-23 02:00:00,0.4229230742699883
2020-01-23 02:03:00,0.29719652745842495
2020-01-23 02:06:00,0.3837409039404065
2020-01-23 02:09:00,0.5140435961339449
2020-01-23 02:12:00,0.3517758889428819
2020-01-23 02:15:00,0.41569752708875285
2020-01-23 02:18:00,0.3973438277592436
2020-01-23 02:21:00,0.3899297914901467
2020-01-23 02:24:00,0.3893590550976569
2020-01-23 02:27:00,0.4371422387762891
2020-01-23 02:30:00,0.4688427599890588
2020-01-23 02:33:00,0.34608568085911884
2020-01-23 02:36:00,0.3219100262523398
2020-01-23 02:39:00,0.2990519946934569
2020-01-23 02:42:00,0.4303672756156516
2020-01-23 02:45:00,0.2740700403734877
2020-01-23 02:48:00,0.35437032455246253
2020-01-23 02:51:00,0.3708037404907145
2020-01-23 02:54:00,0.3966354858418981
2020-01-23 02:57:00,0.32377434061010035
2020-01-23 03:00:00,0.4089417284331489
2020-01-23 03:03:00,0.38234809704187
2020-01-23 03:06:00,0.39867608130032295
2020-01-23 03:09:00,0.45565858702553896
2020-01-23 03:12:00,0.4245538517234877
2020-01-23 03:15:00,0.38131898143547005
2020-01-23 03:18:00,0.2631423777522741
2020-01-23 03:21:00,0.38054482369966536
2020-01-23 03:24:00,0.4826631565591697
2020-01-23 03:27:00,0.35613205181135754
2020-01-23 03:30:00,0.4250523568847484
2020-01-23 03:33:00,0.4161588889434711
2020-01-23 03:36:00,0.37729801053791334
2020-01-23 03:39:00,0.38858759282948085
2020-01-23 03:42:00,0.39937114817240627
2020-01-23 03:45:00,0.4602077177664796
2020-01-23 03:48:00,0.46156213133122037
2020-01-23 03:51:00,0.3525975746072163
2020-01-23 03:54:00,0.4172592002523743
2020-01-23 03:57:00,0.3169191271463774
2020-01-23 04:00:00,0.4248291152521233
2020-01-23 04:03:00,0.3924025347440647
2020-01-23 04:06:00,0.4131478502307573
2020-01-23 04:09:00,0.3514425633338192
2020-01-23 04:12:00,0.4208795440156905
2020-01-23 04:15:00,0.3289061646281084
2020-01-23 04:18:00,0.44415942728318214
2020-01-23 04:21:00,0.4378214326823695
2020-01-23 04:24:00,0.38529533384468095
2020-01-23 04:27:00,0.46114810159923536
2020-01-23 04:30:00,0.39983140883759916
2020-01-23 04:33:00,0.4552603833191142
2020-01-23 04:36:00,0.30031801637483113
2020-01-23 04:39:00,0.44588986912430073
2020-01-23 04:42:00,0.47044622861574226
2020-01-23 04:45:00,0.3772787831580331
2020-01-23 04:48:00,0.39682246112312214
2020-01-23 04:51:00,0.4169440350908644
2020-01-23 04:54:00,0.4090411489834196
2020-01-23 04:57:00,0.5055928157181597
2020-01-23 05:00:00,0.4064489839953467
2020-01-23 05:03:00,0.4218763076730738
2020-01-23 05:06:00,0.45714434893886846
2020-01-23 05:09:00,0.4847849286449559
2020-01-23 05:12:00,0.5387292774420303
2020-01-23 05:15:00,0.48770371719268724
2020-01-23 05:18:00,0.45541094068158827
2020-01-23 05:21:00,0.4769397512320097
2020-01-23 05:24:00,0.4721059289536811
2020-01-23 05:27:00,0.4711401667915993
2020-01-23 05:30:00,0.4418606286463955
2020-01-23 05:33:00,0.5342804485787269
2020-01-23 05:36:00,0.512961600384017
2020-01-23 05:39:00,0.4726084282534089
2020-01-23 05:42:00,0.46839590319223134
2020-01-23 05:45:00,0.43612072448831896
2020-01-23 05:48:00,0.46940738792426373
2020-01-23 05:51:00,0.4952883107274033
2020-01-23 05:54:00,0.4724157231845538
2020-01-23 05:57:00,0.532500302803669
2020-01-23 06:00:00,0.4905607674664907
2020-01-23 06:03:00,0.4655723759821626
2020-01-23 06:06:00,0.4638262168254528
2020-01-23 06:09:00,0.5429170316908198
2020-01-23 06:12:00,0.5135221603589457
2020-01-23 06:15:00,0.5371238709288377
2020-01-23 06:18:00,0.5447563261175787
2020-01-23 06:21:00,0.48917125573916564
2020-01-23 06:24:00,0.572609425349242
2020-01-23 06:27:00,0.475561375131349
2020-01-23 06:30:00,0.5337924069918927
2020-01-23 06:33:00,0.5069890543664997
2020-01-23 06:36:00,0.5374235259238844
2020-01-23 06:39:00,0.48225248675436205
2020-01-23 06:42:00,0.5391099938763659
2020-01-23 06:45:00,0.5467481628673454
2020-01-23 06:48:00,0.5212914996171207
2020-01-23 06:51:00,0.5401130156097338
2020-01-23 06:54:00,0.5080558640701724
2020-01-23 06:57:00,0.568591483489115
2020-01-23 07:00:00,0.5931035577452235
2020-01-23 07:03:00,0.5984684338814645
2020-01-23 07:06:00,0.550565714013203
2020-01-23 07:09:00,0.5216421948291554
2020-01-23 07:12:00,0.6504665566780545
2020-01-23 07:15:00,0.5583534846580278
2020-01-23 07:18:00,0.5050049279352038
2020-01-23 07:21:00,0.5498925286455005
2020-01-23 07:24:00,0.4655892493620968
2020-01-23 07:27:00,0.5014271246928388
2020-01-23 07:30:00,0.502806845915245
2020-01-23 07:33:00,0.5028828064747017
2020-01-23 07:36:00,0.5632480464041123
2020-01-23 07:39:00,0.5028443208457247
2020-01-23 07:42:00,0.4519236600623344
2020-01-23 07:45:00,0.5055099167542494
2020-01-23 07:48:00,0.6002800471628689
2020-01-23 07:51:00,0.5286577139382871
2020-01-23 07:54:00,0.47195055140639397
2020-01-23 07:57:00,0.5281486994400666
2020-01-23 08:00:00,0.4238852754351683
2020-01-23 08:03:00,0.5819660210472648
2020-01-23 08:06:00,0.3997127988230318
2020-01-23 08:09:00,0.43236025165305136
2020-01-23 08:12:00,0.491700677028291
2020-01-23 08:15:00,0.4823383857796557
2020-01-23 08:18:00,0.5626582503196005
2020-01-23 08:21:00,0.46910089295886337
2020-01-23 08:24:00,0.4640881473373497
2020-01-23 08:27:00,0.39575859288578386
2020-01-23 08:30:00,0.3962719672859407
2020-01-23 08:33:00,0.39006557407304854
2020-01-23 08:36:00,0.3231002046142635
2020-01-23 08:39:00,0.4047252116453137
2020-01-23 08:42:00,0.4380880424112661
2020-01-23 08:45:00,0.34924499835238976
2020-01-23 08:48:00,0.4477958679410676
2020-01-23 08:51:00,0.4012792489777439
2020-01-23 08:54:00,0.31661586022113397
2020-01-23 08:57:00,0.38528601510694216
2020-01-23 09:00:00,0.39474252620624384
2020-01-23 09:03:00,0.2810058005424594
2020-01-23 09:06:00,0.30740914609640413
2020-01-23 09:09:00,0.34418684477049055
2020-01-23 09:12:00,0.3043223991803643
2020-01-23 09:15:00,0.427347833077647
2020-01-23 09:18:00,0.3093329530548772
2020-01-23 09:21:00,0.32141104409237187
2020-01-23 09:24:00,0.3785386496460319
2020-01-23 09:27:00,0.2563588486732442
2020-01-23 09:30:00,0.2450846227313832
2020-01-23 09:33:00,0.18049141631462362
2020-01-23 09:36:00,0.32604283919414456
2020-01-23 09:39:00,0.2786090443678404
2020-01-23 09:42:00,0.09995231168528562
2020-01-23 09:45:00,0.13208945840352726
2020-01-23 09:48:00,0.17789738125304666
2020-01-23 09:51:00,0.26218708421288284
2020-01-23 09:54:00,0.31177637614939613
2020-01-23 09:57:00,0.16277388408099114
2020-01-23 10:00:00,0.08113100882383151
2020-01-23 10:03:00,0.21783092668948711
2020-01-23 10:06:00,0.08054823419178092
2020-01-23 10:09:00,0.20259129046672797
2020-01-23 10:12:00,0.29668107024616575
2020-01-23 10:15:00,0.060954564331893835
2020-01-23 10:18:00,0.053953305041829935
2020-01-23 10:21:00,0.11249618689447516
2020-01-23 10:24:00,0.04990943473143261
2020-01-23 10:27:00,0.13678310739555855
2020-01-23 10:30:00,0.09105522577095826
2020-01-23 10:33:00,0.08873114325609777
2020-01-23 10:36:00,0.11851807965763328
2020-01-23 10:39:00,0.011805769652823983
2020-01-23 10:42:00,-0.002054915044425343
2020-01-23 10:45:00,-0.09437169534663781
2020-01-23 10:48:00,0.010252392233837782
2020-01-23 10:51:00,-0.0744876012330451
2020-01-23 10:54:00,0.009976133900863715
2020-01-23 10:57:00,-0.08848541634102958
2020-01-23 11:00:00,-0.03796647735703118
2020-01-23 11:03:00,-0.10473473492902485
2020-01-23 11:06:00,-0.08973818741685591
2020-01-23 11:09:00,-0.04169645578383552
2020-01-23 11:12:00,-0.16173379693708512
2020-01-23 11:15:00,-0.09126300143651633
2020-01-23 11:18:00,-0.16574469781096468
2020-01-23 11:21:00,-0.15831264838982406
2020-01-23 11:24:00,-0.234607668370586
2020-01-23 11:27:00,-0.07289694876379826
2020-01-23 11:30:00,-0.08037976919683842
2020-01-23 11:33:00,-0.06524755310272212
2020-01-23 11:36:00,-0.11294803319333369
2020-01-23 11:39:00,-0.06223866032138403
2020-01-23 11:42:00,-0.20558383516697631
2020-01-23 11:45:00,-0.13219514483785133
2020-01-23 11:48:00,-0.19757099942967216
2020-01-23 11:51:00,-0.20473333959012052
2020-01-23 11:54:00,-0.19998121287864024
2020-01-23 11:57:00,-0.18082770968453588
2020-01-23 12:00:00,-0.19249521645036793
2020-01-23 12:03:00,-0.2064904694466918
2020-01-23 12:06:00,-0.24065378729329723
2020-01-23 12:09:00,-0.2880039983696747
2020-01-23 12:12:00,-0.30637552785833577
2020-01-23 12:15:00,-0.25441709025102455
2020-01-23 12:18:00,-0.26170322087733666
2020-01-23 12:21:00,-0.21542835486258127
2020-01-23 12:24:00,-0.19495166536137276
2020-01-23 12:27:00,-0.2190071695249003
2020-01-23 12:30:00,-0.3228884065050579
2020-01-23 12:33:00,-0.3041907532429491
2020-01-23 12:36:00,-0.3249790596808566
2020-01-23 12:39:00,-0.38513232888686844
2020-01-23 12:42:00,-0.3184398263516641
2020-01-23 12:45:00,-0.19396728050736556
2020-01-23 12:48:00,-0.24561617740448582
2020-01-23 12:51:00,-0.4017052895999882
2020-01-23 12:54:00,-0.23279098025886924
2020-01-23 12:57:00,-0.19811745598013886
2020-01-23 13:00:00,-0.35056281974988224
2020-01-23 13:03:00,-0.2831357682456428
2020-01-23 13:06:00,-0.3531317768678264
2020-01-23 13:09:00,-0.361589664417977
2020-01-23 13:12:00,-0.35410062677527776
2020-01-23 13:15:00,-0.2534154424736812
2020-01-23 13:18:00,-0.2334658146613151
2020-01-23 13:21:00,-0.29890521046598906
2020-01-23 13:24:00,-0.31077440166774295
2020-01-23 13:27:00,-0.3361988043236579
2020-01-23 13:30:00,-0.32811377870234537
2020-01-23 13:33:00,-0.3896012178021806
2020-01-23 13:36:00,-0.2695144935502185
2020-01-23 13:39:00,-0.29004631410867887
2020-01-23 13:42:00,-0.29806975562439675
2020-01-23 13:45:00,-0.4319005783276566
2020-01-23 13:48:00,-0.3945509019887936
2020-01-23 13:51:00,-0.2273087429688303
2020-01-23 13:54:00,-0.32863598383784165
2020-01-23 13:57:00,-0.3890359470182716
2020-01-23 14:00:00,-0.4019541649767575
2020-01-23 14:03:00,-0.3091069267867965
2020-01-23 14:06:00,-0.3491761611826405
2020-01-23 14:09:00,-0.2359317010999007
2020-01-23 14:12:00,-0.2878819621909656
2020-01-23 14:15:00,-0.2728321544552159
2020-01-23 14:18:00,-0.28290245508105727
2020-01-23 14:21:00,-0.2305940291977322
2020-01-23 14:24:00,-0.21163426221210102
2020-01-23 14:27:00,-0.12561381813247863
2020-01-23 14:30:00,-0.2532714609709501
2020-01-23 14:33:00,-0.3204747350161483
2020-01-23 14:36:00,-0.22196600391924903
2020-01-23 14:39:00,-0.32523053846159655
2020-01-23 14:42:00,-0.2640114032784595
2020-01-23 14:45:00,-0.27530243858490167
2020-01-23 14:48:00,-0.30443659500554077
2020-01-23 14:51:00,-0.30567484885165186
2020-01-23 14:54:00,-0.17641160859375304
2020-01-23 14:57:00,-0.32668443132081393
2020-01-23 15:00:00,-0.2503597180638053
2020-01-23 15:03:00,-0.3225798492746321
2020-01-23 15:06:00,-0.27064230356609187
2020-01-23 15:09:00,-0.2527337708720552
2020-01-23 15:12:00,-0.1408030418235171
2020-01-23 15:15:00,-0.30110117882662735
2020-01-23 15:18:00,-0.198743026691659
2020-01-23 15:21:00,-0.18970578876945865
2020-01-23 15:24:00,-0.23418444606573985
2020-01-23 15:27:00,-0.21903466154935813
2020-01-23 15:30:00,-0.18085349071219525
2020-01-23 15:33:00,-0.1744687576226056
2020-01-23 15:36:00,-0.19200707658620786
2020-01-23 15:39:00,-0.2706453563347395
2020-01-23 15:42:00,-0.22247871056066515
2020-01-23 15:45:00,-0.24531739206327074
2020-01-23 15:48:00,-0.1550396377604102
2020-01-23 15:51:00,-0.13410396303629568
2020-01-23 15:54:00,-0.22540414781519758
2020-01-23 15:57:00,-0.25048956121059973
2020-01-23 16:00:00,-0.14013059395654182
2020-01-23 16:03:00,-0.08445645285797809
2020-01-23 16:06:00,-0.11629414995610432
2020-01-23 16:09:00,-0.13820121704640087
2020-01-23 16:12:00,-0.06655606833942329
2020-01-23 16:15:00,-0.054100984093736315
2020-01-23 16:18:00,-0.07833882383266655
2020-01-23 16:21:00,-0.12305375382442207
2020-01-23 16:24:00,-0.02471118814003148
2020-01-23 16:27:00,-0.0574086316940452
2020-01-23 16:30:00,-0.044543995898266076
2020-01-23 16:33:00,-0.1389899957673606
2020-01-23 16:36:00,-0.11335837067304055
2020-01-23 16:39:00,-0.1310498056456595
2020-01-23 16:42:00,0.07020072918618325
2020-01-23 16:45:00,-0.03926587027325468
2020-01-23 16:48:00,-0.04450686885502364
2020-01-23 16:51:00,0.03524326423985258
2020-01-23 16:54:00,0.008595565516145598
2020-01-23 16:57:00,0.0008130243438699836
2020-01-23 17:00:00,0.0994085780421301
2020-01-23 17:03:00,0.1523200920518093
2020-01-23 17:06:00,0.20721805161628026
2020-01-23 17:09:00,0.23563342528495923
2020-01-23 17:12:00,0.2107890185528163
2020-01-23 17:15:00,0.2970027892754956
2020-01-23 17:18:00,0.23665398298226137
2020-01-23 17:21:00,0.24072833822697248
2020-01-23 17:24:00,0.12336901097688724
2020-01-23 17:27:00,0.05574244780899562
2020-01-23 17:30:00,0.047874532338369136
2020-01-23 17:33:00,0.20171079583195706
2020-01-23 17:36:00,0.11157115214308533
2020-01-23 17:39:00,0.04394821148878236
2020-01-23 17:42:00,0.017861329519291758
2020-01-23 17:45:00,0.019332162566911393
2020-01-23 17:48:00,-0.00044338469251670176
2020-01-23 17:51:00,0.003600792871395697
2020-01-23 17:54:00,0.07600241377991779
2020-01-23 17:57:00,0.06705239705121357
2020-01-23 18:00:00,-0.024284123624681797
2020-01-23 18:03:00,-0.04245519751447091
2020-01-23 18:06:00,0.03102129351060512
2020-01-23 18:09:00,-0.007347115764616774
2020-01-23 18:12:00,0.020059620398740208
2020-01-23 18:15:00,-0.06304495173537816
2020-01-23 18:18:00,-0.0834459792070561
2020-01-23 18:21:00,-0.06588769884717749
2020-01-23 18:24:00,-0.0050508829756950036
2020-01-23 18:27:00,-0.1859080063612737
2020-01-23 18:30:00,-0.12842065689301307
2020-01-23 18:33:00,-0.07173999092549366
2020-01-23 18:36:00,-0.15066916018628262
2020-01-23 18:39:00,-0.15745221041362356
2020-01-23 18:42:00,-0.038420838303920846
2020-01-23 18:45:00,-0.07862886718635309
2020-01-23 18:48:00,-0.0755194602269853
2020-01-23 18:51:00,0.019609541592899404
2020-01-23 18:54:00,
2020-01-23 18:57:00,
2020-01-23 19:00:00,
2020-01-23 19:03:00,0.13303496717315966
2020-01-23 19:06:00,0.08830167821236046
2020-01-23 19:09:00,0.07630731773377875
2020-01-23 19:12:00,0.07924837273225194
2020-01-23 19:15:00,0.06489380602312167
2020-01-23 19:18:00,-0.021042110846394735
2020-01-23 19:21:00,0.15147477395987607
2020-01-23 19:24:00,0.02446552623905518
2020-01-23 19:27:00,0.0017561805874493075
2020-01-23 19:30:00,0.010807526722942384
2020-01-23 19:33:00,0.0213462805051563
2020-01-23 19:36:00,0.04699463940835358
2020-01-23 19:39:00,0.015383615253426797
2020-01-23 19:42:00,-0.007113403621985981
2020-01-23 19:45:00,-0.08670824426280888
2020-01-23 19:48:00,0.03470454467918671
2020-01-23 19:51:00,-0.054951533353289506
2020-01-23 19:54:00,0.04247239930344904
2020-01-23 19:57:00,-0.026104779691820568
2020-01-23 20:00:00,0.0616013677419005
2020-01-23 20:03:00,0.14817549182737366
2020-01-23 20:06:00,-0.02731855177205489
2020-01-23 20:09:00,0.14340361610703667
2020-01-23 20:12:00,0.1391875227308219
2020-01-23 20:15:00,0.08877325206640307
2020-01-23 20:18:00,0.05986925709555635
2020-01-23 20:21:00,0.032118772785452165
2020-01-23 20:24:00,0.06727141442542006
2020-01-23 20:27:00,0.14480330822658516
2020-01-23 20:30:00,0.12236525281429067
2020-01-23 20:33:00,0.15360362431761132
2020-01-23 20:36:00,0.034107553743183416
2020-01-23 20:39:00,0.0579742734167894
2020-01-23 20:42:00,0.03551513158265607
2020-01-23 20:45:00,0.14014655809637588
2020-01-23 20:48:00,0.16069638983094592
2020-01-23 20:51:00,0.10796675696968805
2020-01-23 20:54:00,0.14477665137656004
2020-01-23 20:57:00,0.07271442685441798
2020-01-23 21:00:00,0.12236955243184866
2020-01-23 21:03:00,0.0354259710536553
2020-01-23 21:06:00,0.14432409464188822
2020-01-23 21:09:00,0.10337283703671574
2020-01-23 21:12:00,0.04323059543969521
2020-01-23 21:15:00,0.04968779902617371
2020-01-23 21:18:00,0.07671959283879914
2020-01-23 21:21:00,0.09808412285201484
2020-01-23 21:24:00,0.1621245105366711
2020-01-23 21:27:00,0.04378012776936657
2020-01-23 21:30:00,0.11590806370662676
2020-01-23 21:33:00,0.037009138236669514
2020-01-23 21:36:00,0.11834257380274948
2020-01-23 21:39:00,0.04887816820979651
2020-01-23 21:42:00,0.030778960824704882
2020-01-23 21:45:00,0.13482187142477642
2020-01-23 21:48:00,0.09903146666346174
2020-01-23 21:51:00,0.05581807919128323
2020-01-23 21:54:00,0.1253937641521361
2020-01-23 21:57:00,0.08210655577289572
2020-01-23 22:00:00,0.09777360822766923
2020-01-23 22:03:00,0.09880569238009684
2020-01-23 22:06:00,0.10971574001297313
2020-01-23 22:09:00,0.09438411721822604
2020-01-23 22:12:00,0.10564489101744812
2020-01-23 22:15:00,0.14051580757052307
2020-01-23 22:18:00,0.24734220729578738
2020-01-23 22:21:00,0.22298807053192604
2020-01-23 22:24:00,0.20309405725117813
2020-01-23 22:27:00,0.17032658870317618
2020-01-23 22:30:00,0.21698009126816942
2020-01-23 22:33:00,0.1937624392517705
2020-01-23 22:36:00,0.14745547374627677
2020-01-23 22:39:00,0.11563391391860023
2020-01-23 22:42:00,0.16538794023460923
2020-01-23 22:45:00,0.11144782618976024
2020-01-23 22:48:00,0.1173479167200071
2020-01-23 22:51:00,0.026157949627133803
2020-01-23 22:54:00,0.17183603727016816
2020-01-23 22:57:00,0.15604585713845154
2020-01-23 23:00:00,0.13302174342754824
2020-01-23 23:03:00,0.20112141878212242
2020-01-23 23:06:00,0.18960878953515703
2020-01-23 23:09:00,0.23886322516096925
2020-01-23 23:12:00,0.1746213230705962
2020-01-23 23:15:00,0.21136300207217573
2020-01-23 23:18:00,0.2582234165038244
2020-01-23 23:21:00,0.2036146657113136
2020-01-23 23:24:00,0.216551099618016
2020-01-23 23:27:00,0.2331782844134409
2020-01-23 23:30:00,0.2780875222589998
2020-01-23 23:33:00,0.20121110223840333
2020-01-23 23:36:00,0.1578747531176532
2020-01-23 23:39:00,0.15323215705649318
2020-01-23 23:42:00,0.14974481807234952
2020-01-23 23:45:00,0.2615617117131137
2020-01-23 23:48:00,0.3200869100684258
2020-01-23 23:51:00,0.2437780478576883
2020-01-23 23:54:00,0.27125759589898735
2020-01-23 23:57:00,0.2979724212718793
2020-01-24 00:00:00,0.19514242657038494
2020-01-24 00:03:00,0.16205151019471487
2020-01-24 00:06:00,0.27566353337351757
2020-01-24 00:09:00,0.21277495639276367
2020-01-24 00:12:00,0.22771638730768018
2020-01-24 00:15:00,0.2008254270858174
2020-01-24 00:18:00,0.1999564588839462
2020-01-24 00:21:00,0.2441076803119131
2020-01-24 00:24:00,0.32176772204360304
2020-01-24 00:27:00,0.2634276129679165
2020-01-24 00:30:00,0.24528128061785992
2020-01-24 00:33:00,0.1356478793222209
2020-01-24 00:36:00,0.20728914778851504
2020-01-24 00:39:00,0.24725665140204
2020-01-24 00:42:00,0.32691954512358734
2020-01-24 00:45:00,0.26218934620277423
2020-01-24 00:48:00,0.2657889428218141
2020-01-24 00:51:00,0.2358630147567169
2020-01-24 00:54:00,0.32046117290002485
2020-01-24 00:57:00,0.24120806232326686
2020-01-24 01:00:00,0.2721982744654383
2020-01-24 01:03:00,0.32670538929642134
2020-01-24 01:06:00,0.30606391804542454
2020-01-24 01:09:00,0.22261219684406797
2020-01-24 01:12:00,0.35149015653041715
2020-01-24 01:15:00,0.1870427711270395
2020-01-24 01:18:00,0.31646021451024353
2020-01-24 01:21:00,0.22681586392252484
2020-01-24 01:24:00,0.2418263198072168
2020-01-24 01:27:00,0.25705422832629665
2020-01-24 01:30:00,0.2728075593751669
2020-01-24 01:33:00,0.2438156501387425
2020-01-24 01:36:00,0.29321562386752476
2020-01-24 01:39:00,0.28127928683284154
2020-01-24 01:42:00,0.2160180397802378
2020-01-24 01:45:00,0.19030168581292628
2020-01-24 01:48:00,0.26973199700341866
2020-01-24 01:51:00,0.2879221178086482
2020-01-24 01:54:00,0.3165659815861659
2020-01-24 01:57:00,0.2898475270719132
2020-01-24 02:00:00,0.2728434509618296
2020-01-24 02:03:00,0.21598825913082464
2020-01-24 02:06:00,0.31270653443567653
2020-01-24 02:09:00,0.31354278854865925
2020-01-24 02:12:00,0.43173017036298234
2020-01-24 02:15:00,0.3629850243802366
2020-01-24 02:18:00,0.34431409752386344
2020-01-24 02:21:00,0.3241418929025599
2020-01-24 02:24:00,0.31446602825764103
2020-01-24 02:27:00,0.33410924024275346
2020-01-24 02:30:00,0.300079120958344
2020-01-24 02:33:00,0.3767866097904857
2020-01-24 02:36:00,0.33398279623611415
2020-01-24 02:39:00,0.37982613543044863
2020-01-24 02:42:00,0.2723197421743748
2020-01-24 02:45:00,0.3557701422699324
2020-01-24 02:48:00,0.30748131480856955
2020-01-24 02:51:00,0.3608540445805488
2020-01-24 02:54:00,0.33108797554683633
2020-01-24 02:57:00,0.2960928232964193
2020-01-24 03:00:00,0.3750309338554416
2020-01-24 03:03:00,0.32283274548410645
2020-01-24 03:06:00,0.318163317325741
2020-01-24 03:09:00,0.373806783258658
2020-01-24 03:12:00,0.44294149351560463
2020-01-24 03:15:00,0.3382914668615058
2020-01-24 03:18:00,0.3881490384552535
2020-01-24 03:21:00,0.38229423013649466
2020-01-24 03:24:00,0.44387174189887446
2020-01-24 03:27:00,0.38708259630897146
2020-01-24 03:30:00,0.3784514165104724
2020-01-24 03:33:00,0.4179823622791332
2020-01-24 03:36:00,0.42662965337933656
2020-01-24 03:39:00,0.43176021752526594
2020-01-24 03:42:00,0.4707883052615216
2020-01-24 03:45:00,0.46993515466408553
2020-01-24 03:48:00,0.4891012942291013
2020-01-24 03:51:00,0.5424437511870792
2020-01-24 03:54:00,0.5608619304667855
2020-01-24 03:57:00,0.6036499237775956
2020-01-24 04:00:00,0.5041099075976376
2020-01-24 04:03:00,0.388593348075176
2020-01-24 04:06:00,0.4006862360621426
2020-01-24 04:09:00,0.424108475303683
2020-01-24 04:12:00,0.4059634032465169
2020-01-24 04:15:00,0.4850798158960856
2020-01-24 04:18:00,0.3334852340381076
2020-01-24 04:21:00,0.3538782863053598
2020-01-24 04:24:00,0.432668668991937
2020-01-24 04:27:00,0.4193535109869799
2020-01-24 04:30:00,0.3904548601965985
2020-01-24 04:33:00,0.41417736899376223
2020-01-24 04:36:00,0.36529712165014416
2020-01-24 04:39:00,0.4312191350646799
2020-01-24 04:42:00,0.42107979121720973
2020-01-24 04:45:00,0.3790075467260863
2020-01-24 04:48:00,0.3897180930804893
2020-01-24 04:51:00,0.49085383841349994
2020-01-24 04:54:00,0.34179534385873467
2020-01-24 04:57:00,0.25295807016374283
2020-01-24 05:00:00,0.31879868458855753
2020-01-24 05:03:00,0.27322351405632617
2020-01-24 05:06:00,0.3550189166591622
2020-01-24 05:09:00,0.36935845735348494
2020-01-24 05:12:00,0.306679773590929
2020-01-24 05:15:00,0.32433230702622495
2020-01-24 05:18:00,0.2949647464620284
2020-01-24 05:21:00,0.32702845376860523
2020-01-24 05:24:00,0.27195802274309244
2020-01-24 05:27:00,0.3627590552363813
2020-01-24 05:30:00,0.3799148978621929
2020-01-24 05:33:00,0.31401012106829285
2020-01-24 05:36:00,0.26062770657853207
2020-01-24 05:39:00,0.29651931950576227
2020-01-24 05:42:00,0.22980879518962638
2020-01-24 05:45:00,0.35456898095503675
2020-01-24 05:48:00,0.32991770513655183
2020-01-24 05:51:00,0.31727626877585635
2020-01-24 05:54:00,0.28044339185026956
2020-01-24 05:57:00,0.33858531863882035
2020-01-24 06:00:00,0.2644506037700012
2020-01-24 06:03:00,0.2407334637550207
2020-01-24 06:06:00,0.3047711985472574
2020-01-24 06:09:00,0.20755049067258824
2020-01-24 06:12:00,0.31371965717949024
2020-01-24 06:15:00,0.24603582250546197
2020-01-24 06:18:00,0.23607578829813747
2020-01-24 06:21:00,0.29689991285238193
2020-01-24 06:24:00,0.3113127389929673
2020-01-24 06:27:00,0.255738591625402
2020-01-24 06:30:00,0.2792786196229713
2020-01-24 06:33:00,0.3080253071035486
2020-01-24 06:36:00,0.3140427086122486
2020-01-24 06:39:00,0.2787633827965692
2020-01-24 06:42:00,0.296664337853656
2020-01-24 06:45:00,0.3950260335474809
2020-01-24 06:48:00,0.1931022521508794
2020-01-24 06:51:00,0.31004667733867564
2020-01-24 06:54:00,0.2858901573305843
2020-01-24 06:57:00,0.2924170549786709
2020-01-24 07:00:00,0.31512818887699723
2020-01-24 07:03:00,0.3334558005374788
2020-01-24 07:06:00,0.2644399726897291
2020-01-24 07:09:00,0.3190483184068853
2020-01-24 07:12:00,0.35148667759426644
2020-01-24 07:15:00,0.2941533231213498
2020-01-24 07:18:00,0.41770368221131093
2020-01-24 07:21:00,0.2531442376115933
2020-01-24 07:24:00,0.2700398246063287
2020-01-24 07:27:00,0.3435919175045683
2020-01-24 07:30:00,0.3444360891748488
2020-01-24 07:33:00,0.22128162634032833
2020-01-24 07:36:00,0.21959683415934705
2020-01-24 07:39:00,0.30010561839247885
2020-01-24 07:42:00,0.2716398577549626
2020-01-24 07:45:00,0.3547555183373561
2020-01-24 07:48:00,0.19906404556866164
2020-01-24 07:51:00,0.3695897524805787
2020-01-24 07:54:00,0.296771495594669
2020-01-24 07:57:00,0.25597060167581276
2020-01-24 08:00:00,0.15315540750674472
2020-01-24 08:03:00,0.29464301674107674
2020-01-24 08:06:00,0.24503944765132246
2020-01-24 08:09:00,0.2515119384156037
2020-01-24 08:12:00,0.2921588456333666
2020-01-24 08:15:00,0.2194406385737011
2020-01-24 08:18:00,0.18749013214915067
2020-01-24 08:21:00,0.204866246516076
2020-01-24 08:24:00,0.14019235973933064
2020-01-24 08:27:00,0.16345488373605122
2020-01-24 08:30:00,0.2578073778864791
2020-01-24 08:33:00,0.19175170633218386
2020-01-24 08:36:00,0.1790545705703721
2020-01-24 08:39:00,0.1766592835017491
2020-01-24 08:42:00,0.0932550362668394
2020-01-24 08:45:00,0.13576764232107053
2020-01-24 08:48:00,0.15670216576546636
2020-01-24 08:51:00,0.10165701693415485
2020-01-24 08:54:00,0.15009440783467198
2020-01-24 08:57:00,0.18325637226314484
2020-01-24 09:00:00,0.10832890303305476
2020-01-24 09:03:00,0.12649402467161508
2020-01-24 09:06:00,0.1841890582231258
2020-01-24 09:09:00,0.18342765541666495
2020-01-24 09:12:00,0.10266335555684236
2020-01-24 09:15:00,0.18235907624705305
2020-01-24 09:18:00,0.08003744062773421
2020-01-24 09:21:00,0.03637256153541557
2020-01-24 09:24:00,0.1872188616428616
2020-01-24 09:27:00,0.08460839985139046
2020-01-24 09:30:00,0.12041135307401873
2020-01-24 09:33:00,0.0769921094706092
2020-01-24 09:36:00,0.06109514990060916
2020-01-24 09:39:00,0.09408072698846581
2020-01-24 09:42:00,0.04953316516076711
2020-01-24 09:45:00,-0.016270290958630085
2020-01-24 09:48:00,0.05116408327052113
2020-01-24 09:51:00,0.0775794655505706
2020-01-24 09:54:00,-0.03902891766051653
2020-01-24 09:57:00,-0.05516485155396822
2020-01-24 10:00:00,-0.02557194930540163
2020-01-24 10:03:00,-0.02512753600308315
2020-01-24 10:06:00,-0.0356787171031101
2020-01-24 10:09:00,-0.09368755490174863
2020-01-24 10:12:00,-0.07040247117106446
2020-01-24 10:15:00,-0.025098458364652743
2020-01-24 10:18:00,-0.08744326296698546
2020-01-24 10:21:00,0.011637826442495225
2020-01-24 10:24:00,-0.11377121682062352
2020-01-24 10:27:00,-0.13760596013554505
2020-01-24 10:30:00,0.004322788920319454
2020-01-24 10:33:00,0.009100386268187322
2020-01-24 10:36:00,-0.11314396874939803
2020-01-24 10:39:00,-0.0067768205325933195
2020-01-24 10:42:00,0.011179626345551696
2020-01-24 10:45:00,-0.09927950519920614
2020-01-24 10:48:00,-0.09643192557888369
2020-01-24 10:51:00,-0.07826725656076405
2020-01-24 10:54:00,-0.03155405320984528
2020-01-24 10:57:00,-0.17044355949894907
2020-01-24 11:00:00,-0.024407013254062804
2020-01-24 11:03:00,-0.01759813313333325
2020-01-24 11:06:00,-0.027902740520289626
2020-01-24 11:09:00,-0.16296427996763896
2020-01-24 11:12:00,-0.12592141061918483
2020-01-24 11:15:00,-0.13462461141278936
2020-01-24 11:18:00,-0.09462551520113038
2020-01-24 11:21:00,-0.18001467854418252
2020-01-24 11:24:00,-0.16112633250912722
2020-01-24 11:27:00,-0.032289406223526385
2020-01-24 11:30:00,-0.16299348670753488
2020-01-24 11:33:00,-0.1757684965732551
2020-01-24 11:36:00,-0.11805025242387046
2020-01-24 11:39:00,-0.18257501310233692
2020-01-24 11:42:00,-0.14775569456958237
2020-01-24 11:45:00,-0.25585272832921646
2020-01-24 11:48:00,-0.29834882464848533
2020-01-24 11:51:00,-0.22512200245353142
2020-01-24 11:54:00,-0.15351295343344873
2020-01-24 11:57:00,-0.09540769389843717
2020-01-24 12:00:00,-0.17146204145058164
2020-01-24 12:03:00,-0.2919935205288766
2020-01-24 12:06:00,-0.20509637146756177
2020-01-24 12:09:00,-0.2290680787662609
2020-01-24 12:12:00,-0.29974311308330925
2020-01-24 12:15:00,-0.21014737620828328
2020-01-24 12:18:00,-0.21040198420644174
2020-01-24 12:21:00,-0.19976568066954314
2020-01-24 12:24:00,-0.1506084289094929
2020-01-24 12:27:00,-0.32641002617708637
2020-01-24 12:30:00,-0.3586642018562429
2020-01-24 12:33:00,-0.2779513468242385
2020-01-24 12:36:00,-0.2983174338986032
2020-01-24 12:39:00,-0.3510543064540457
2020-01-24 12:42:00,-0.18860863960384222
2020-01-24 12:45:00,-0.3075250263658518
2020-01-24 12:48:00,-0.3719345393651565
2020-01-24 12:51:00,-0.37072077472402043
2020-01-24 12:54:00,-0.3117259399411978
2020-01-24 12:57:00,-0.23323805521442864
2020-01-24 13:00:00,-0.29600351562334026
2020-01-24 13:03:00,-0.3249913731046945
2020-01-24 13:06:00,-0.29449512640468356
2020-01-24 13:09:00,-0.09734836250521539
2020-01-24 13:12:00,-0.07072332615933874
2020-01-24 13:15:00,-0.10612437644573447
2020-01-24 13:18:00,0.0005216556707523523
2020-01-24 13:21:00,-0.09887365934554282
2020-01-24 13:24:00,-0.023433920443267198
2020-01-24 13:27:00,-0.04790879254153424
2020-01-24 13:30:00,-0.038650501151153094
2020-01-24 13:33:00,-0.1416381042432704
2020-01-24 13:36:00,-0.19331524717375714
2020-01-24 13:39:00,-0.30998376072682277
2020-01-24 13:42:00,-0.1451011341686126
2020-01-24 13:45:00,0.00012251819271114073
2020-01-24 13:48:00,-0.0019048768496645607
2020-01-24 13:51:00,0.06276865817181942
2020-01-24 13:54:00,0.21688261729735814
2020-01-24 13:57:00,0.1221764925613229
2020-01-24 14:00:00,0.18373035203478594
2020-01-24 14:03:00,0.19078320441678898
2020-01-24 14:06:00,0.22935482740859925
2020-01-24 14:09:00,0.03091343390650536
2020-01-24 14:12:00,-0.031220843845346735
2020-01-24 14:15:00,-0.2221198868674037
2020-01-24 14:18:00,-0.2279840603341654
2020-01-24 14:21:00,-0.22075134525312023
2020-01-24 14:24:00,-0.153971952303948
2020-01-24 14:27:00,-0.23546963603934046
2020-01-24 14:30:00,-0.2945519114754802
2020-01-24 14:33:00,-0.1894210728474377
2020-01-24 14:36:00,-0.27077688422212987
2020-01-24 14:39:00,-0.1397877527572291
2020-01-24 14:42:00,-0.12991181591894474
2020-01-24 14:45:00,-0.0762267289002807
2020-01-24 14:48:00,-0.088983121190779
2020-01-24 14:51:00,-0.08368394900884368
2020-01-24 14:54:00,-0.1189309036504369
2020-01-24 14:57:00,-0.15695147575024748
2020-01-24 15:00:00,-0.1302038589437302
2020-01-24 15:03:00,-0.19429701185612203
2020-01-24 15:06:00,-0.16531245591141897
2020-01-24 15:09:00,-0.14100166439067152
2020-01-24 15:12:00,-0.09419010776883852
2020-01-24 15:15:00,-0.05871889788710405
2020-01-24 15:18:00,0.005322608153733199
2020-01-24 15:21:00,0.012699954261165658
2020-01-24 15:24:00,-0.0909997427774556
2020-01-24 15:27:00,-0.013727848245366658
2020-01-24 15:30:00,-0.16834389536364824
2020-01-24 15:33:00,-0.0006171807471559987
2020-01-24 15:36:00,-0.1111396738243684
2020-01-24 15:39:00,-0.07191442729788378
2020-01-24 15:42:00,0.002450230924466723
2020-01-24 15:45:00,-0.06635668066184053
2020-01-24 15:48:00,-0.04527371997659202
2020-01-24 15:51:00,-0.18934360704224673
2020-01-24 15:54:00,-0.231078607509005
2020-01-24 15:57:00,-0.27376029606205066
2020-01-24 16:00:00,-0.2662967734561903
2020-01-24 16:03:00,-0.22194899757471376
2020-01-24 16:06:00,-0.18305577004815632
2020-01-24 16:09:00,-0.05594950779078545
2020-01-24 16:12:00,-0.15298528994725302
2020-01-24 16:15:00,-0.08187344406667307
2020-01-24 16:18:00,-0.1444112944645326
2020-01-24 16:21:00,-0.18977865812979644
2020-01-24 16:24:00,-0.1053999819542355
2020-01-24 16:27:00,-0.1302960729929623
2020-01-24 16:30:00,-0.048015166839093126
2020-01-24 16:33:00,-0.15482649605451115
2020-01-24 16:36:00,-0.06098023772477745
2020-01-24 16:39:00,-0.08373254804524777
2020-01-24 16:42:00,-0.00036132995961679626
2020-01-24 16:45:00,-0.069918992628061
2020-01-24 16:48:00,-0.06793096594446979
2020-01-24 16:51:00,-0.005116823481273514
2020-01-24 16:54:00,0.0473671412791532
2020-01-24 16:57:00,-0.04214446186898613
2020-01-24 17:00:00,0.007919904729590144
2020-01-24 17:03:00,-0.01361506012932523
2020-01-24 17:06:00,-0.00014635142906627152
2020-01-24 17:09:00,-0.05469345802310954
2020-01-24 17:12:00,-0.06461643880362544
2020-01-24 17:15:00,-0.034217334106926955
2020-01-24 17:18:00,0.0012723744542313398
2020-01-24 17:21:00,-0.03329825663320207
2020-01-24 17:24:00,0.007112224754393992
2020-01-24 17:27:00,0.0487757621992273
2020-01-24 17:30:00,-0.0010641968063964669
2020-01-24 17:33:00,-0.03514191792010024
2020-01-24 17:36:00,0.12428565221836152
2020-01-24 17:39:00,0.06719242260203373
2020-01-24 17:42:00,0.01050755896579858
2020-01-24 17:45:00,-0.019971402148939887
2020-01-24 17:48:00,0.11086155387505414
2020-01-24 17:51:00,0.04821308101014665
2020-01-24 17:54:00,0.01956355381872754
2020-01-24 17:57:00,0.15076982465029687
2020-01-24 18:00:00,0.12461956571672772
2020-01-24 18:03:00,0.06456593087705187
2020-01-24 18:06:00,0.04789240101172254
2020-01-24 18:09:00,0.03144782530387147
2020-01-24 18:12:00,0.03110260286382527
2020-01-24 18:15:00,0.018386786537746502
2020-01-24 18:18:00,0.004316700850210964
2020-01-24 18:21:00,0.0736555369743428
2020-01-24 18:24:00,0.031115647456033457
2020-01-24 18:27:00,0.027739024798677292
2020-01-24 18:30:00,0.007953367437664838
2020-01-24 18:33:00,0.010030066883075506
2020-01-24 18:36:00,-0.020412172337330503
2020-01-24 18:39:00,0.008011104897207133
2020-01-24 18:42:00,-0.03754610151537463
2020-01-24 18:45:00,0.12252647167281339
2020-01-24 18:48:00,0.13490975109374403
2020-01-24 18:51:00,0.004564125086801596
2020-01-24 18:54:00,
2020-01-24 18:57:00,
2020-01-24 19:00:00,
2020-01-24 19:03:00,-0.02704029511068029
2020-01-24 19:06:00,0.06927066444495722
2020-01-24 19:09:00,0.021585327313800917
2020-01-24 19:12:00,0.0477443920806877
2020-01-24 19:15:00,0.09579242922563935
2020-01-24 19:18:00,0.025961913838216333
2020-01-24 19:21:00,-0.03123208125396104
2020-01-24 19:24:00,0.12986573195848905
2020-01-24 19:27:00,-0.030222174776781685
2020-01-24 19:30:00,0.15235997384729671
2020-01-24 19:33:00,0.05116475892697281
2020-01-24 19:36:00,0.038081110825487485
2020-01-24 19:39:00,0.05052515385608558
2020-01-24 19:42:00,0.07838539522379051
2020-01-24 19:45:00,0.07473031438405542
2020-01-24 19:48:00,0.15785441966323788
2020-01-24 19:51:00,0.1849616361141102
2020-01-24 19:54:00,0.042944845454201186
2020-01-24 19:57:00,0.11246742942245191
2020-01-24 20:00:00,0.20540350303355126
2020-01-24 20:03:00,0.0718147017304318
2020-01-24 20:06:00,0.1792392611095579
2020-01-24 20:09:00,0.10627217907494924
2020-01-24 20:12:00,0.07480663466452597
2020-01-24 20:15:00,0.11765523989373605
2020-01-24 20:18:00,0.11173366281514063
2020-01-24 20:21:00,0.07163197305828817
2020-01-24 20:24:00,0.03309908002449902
2020-01-24 20:27:00,0.048014482464168395
2020-01-24 20:30:00,0.050394405771669426
2020-01-24 20:33:00,0.08756080190124749
2020-01-24 20:36:00,0.024788483150189222
2020-01-24 20:39:00,0.10146916679104834
2020-01-24 20:42:00,0.1431225459755865
2020-01-24 20:45:00,0.1289856586613496
2020-01-24 20:48:00,0.1084099038283739
2020-01-24 20:51:00,0.1267120317056083
2020-01-24 20:54:00,0.047451843566364005
2020-01-24 20:57:00,0.15935664210758205
2020-01-24 21:00:00,-0.012847238243466563
2020-01-24 21:03:00,0.13787660942557523
2020-01-24 21:06:00,0.10674470665759372
2020-01-24 21:09:00,0.0685011968197955
2020-01-24 21:12:00,0.11164830702131212
2020-01-24 21:15:00,0.11131623284353509
2020-01-24 21:18:00,0.10565699487898428
2020-01-24 21:21:00,0.07145363821285855
2020-01-24 21:24:00,0.15432167658576645
2020-01-24 21:27:00,0.09003709352509759
2020-01-24 21:30:00,0.18083667006493442
2020-01-24 21:33:00,0.13078569647188942
2020-01-24 21:36:00,0.14300382232607944
2020-01-24 21:39:00,0.08778662734960108
2020-01-24 21:42:00,0.14558168715979036
2020-01-24 21:45:00,0.09961470597477273
2020-01-24 21:48:00,0.09013432213703254
2020-01-24 21:51:00,0.03466793904374299
2020-01-24 21:54:00,0.09059807204653225
2020-01-24 21:57:00,0.05503599554009497
2020-01-24 22:00:00,0.13680125871121618
2020-01-24 22:03:00,0.15650940306431949
2020-01-24 22:06:00,0.09268850336445666
2020-01-24 22:09:00,0.13787326618722773
2020-01-24 22:12:00,0.2047144897335329
2020-01-24 22:15:00,0.21710035028166885
2020-01-24 22:18:00,0.17929323663463492
2020-01-24 22:21:00,0.038085917517776124
2020-01-24 22:24:00,0.09593372633344188
2020-01-24 22:27:00,0.21428454996834034
2020-01-24 22:30:00,0.15452841592986033
2020-01-24 22:33:00,0.16814571688109936
2020-01-24 22:36:00,0.1512668115514657
2020-01-24 22:39:00,0.1509154366913208
2020-01-24 22:42:00,0.2302102692157746
2020-01-24 22:45:00,0.2805714855985002
2020-01-24 22:48:00,0.17687057063938028
2020-01-24 22:51:00,0.24447801319576
2020-01-24 22:54:00,0.17666999841929965
2020-01-24 22:57:00,0.25679206001223065
2020-01-24 23:00:00,0.2897681086242869
2020-01-24 23:03:00,0.17231161567616482
2020-01-24 23:06:00,0.25290500118268255
2020-01-24 23:09:00,0.2914027993683703
2020-01-24 23:12:00,0.2787332455428668
2020-01-24 23:15:00,0.30664667420813885
2020-01-24 23:18:00,0.24684092361843568
2020-01-24 23:21:00,0.298612184677836
2020-01-24 23:24:00,0.2786104715313513
2020-01-24 23:27:00,0.24142074056754836
2020-01-24 23:30:00,0.22228280486132235
2020-01-24 23:33:00,0.2910809416680422
2020-01-24 23:36:00,0.33623782283706305
2020-01-24 23:39:00,0.24642575827425617
2020-01-24 23:42:00,0.24675024772528786
2020-01-24 23:45:00,0.2738288960376849
2020-01-24 23:48:00,0.23075608776309764
2020-01-24 23:51:00,0.2564049107938331
2020-01-24 23:54:00,0.16732555667937277
2020-01-24 23:57:00,0.3059552078478873
2020-01-25 00:00:00,0.2871422669350636
2020-01-25 00:03:00,0.18169973094990155
2020-01-25 00:06:00,0.2459809567068305
2020-01-25 00:09:00,0.1583498501813665
2020-01-25 00:12:00,0.23351502097852972
2020-01-25 00:15:00,0.23212502285554137
2020-01-25 00:18:00,0.2166990106283606
2020-01-25 00:21:00,0.22766437706860643
2020-01-25 00:24:00,0.27096069526135125
2020-01-25 00:27:00,0.22782195421592633
2020-01-25 00:30:00,0.22878872404288586
2020-01-25 00:33:00,0.2843285726739282
2020-01-25 00:36:00,0.1528680671139
2020-01-25 00:39:00,0.20768142486434726
2020-01-25 00:42:00,0.137285438730828
2020-01-25 00:45:00,0.25247793743932334
2020-01-25 00:48:00,0.1988262021150149
2020-01-25 00:51:00,0.312052256263712
2020-01-25 00:54:00,0.24986868415749086
2020-01-25 00:57:00,0.23341347807252077
2020-01-25 01:00:00,0.28288074118489703
2020-01-25 01:03:00,0.2503558740567655
2020-01-25 01:06:00,0.24160124040463415
2020-01-25 01:09:00,0.2952768509820771
2020-01-25 01:12:00,0.26284996288376306
2020-01-25 01:15:00,0.3166257294329853
2020-01-25 01:18:00,0.2685135909335372
2020-01-25 01:21:00,0.20847822933768612
2020-01-25 01:24:00,0.1718674570545886
2020-01-25 01:27:00,0.20054224965610956
2020-01-25 01:30:00,0.273516590922668
2020-01-25 01:33:00,0.29184277326237407
2020-01-25 01:36:00,0.23057028688936043
2020-01-25 01:39:00,0.1861214419401449
2020-01-25 01:42:00,0.19524920639577203
2020-01-25 01:45:00,0.22408610937583262
2020-01-25 01:48:00,0.26155048245738044
2020-01-25 01:51:00,0.30133590990902803
2020-01-25 01:54:00,0.35979656935865023
2020-01-25 01:57:00,0.24502103421156107
2020-01-25 02:00:00,0.291769631717159
2020-01-25 02:03:00,0.27761191822355613
2020-01-25 02:06:00,0.20649402767668334
2020-01-25 02:09:00,0.3566112651276967
2020-01-25 02:12:00,0.3317195732963114
2020-01-25 02:15:00,0.25423910963309027
2020-01-25 02:18:00,0.2946540792737551
2020-01-25 02:21:00,0.3234376543439339
2020-01-25 02:24:00,0.3905767206532573
2020-01-25 02:27:00,0.3163140459403735
2020-01-25 02:30:00,0.2740319528296027
2020-01-25 02:33:00,0.41171666018442465
2020-01-25 02:36:00,0.3547034481643436
2020-01-25 02:39:00,0.3245887588794858
2020-01-25 02:42:00,0.34817337829633743
2020-01-25 02:45:00,0.44925173146594943
2020-01-25 02:48:00,0.29453603689546526
2020-01-25 02:51:00,0.2221226283688793
2020-01-25 02:54:00,0.35458644494406144
2020-01-25 02:57:00,0.1661354279947318
2020-01-25 03:00:00,0.29911840765373654
2020-01-25 03:03:00,0.3139980798744091
2020-01-25 03:06:00,0.31860990552962676
2020-01-25 03:09:00,0.3586197662843915
2020-01-25 03:12:00,0.23614569848336942
2020-01-25 03:15:00,0.17360039512465164
2020-01-25 03:18:00,0.19116042395660315
2020-01-25 03:21:00,0.2224892193286223
2020-01-25 03:24:00,0.25545390953340075
2020-01-25 03:27:00,0.24105268626345833
2020-01-25 03:30:00,0.2105547029079844
2020-01-25 03:33:00,0.26463999530204774
2020-01-25 03:36:00,0.18023107089942414
2020-01-25 03:39:00,0.2460096292782623
2020-01-25 03:42:00,0.2907570819007219
2020-01-25 03:45:00,0.321393756785028
2020-01-25 03:48:00,0.3058630674621554
2020-01-25 03:51:00,0.2647294221027323
2020-01-25 03:54:00,0.2922292912276703
2020-01-25 03:57:00,0.3085578844484189
2020-01-25 04:00:00,0.23722315985287423
2020-01-25 04:03:00,0.2056381647565786
2020-01-25 04:06:00,0.3045682226197073
2020-01-25 04:09:00,0.2867488289761013
2020-01-25 04:12:00,0.2829915988897369
2020-01-25 04:15:00,0.2629806152562537
2020-01-25 04:18:00,0.19592446050404533
2020-01-25 04:21:00,0.18537123950881096
2020-01-25 04:24:00,0.19358999126490062
2020-01-25 04:27:00,0.1752016877298388
2020-01-25 04:30:00,0.22259767188745627
2020-01-25 04:33:00,0.1996005164962753
2020-01-25 04:36:00,0.13667219617610726
2020-01-25 04:39:00,0.14245657577095017
2020-01-25 04:42:00,0.2341154970271191
2020-01-25 04:45:00,0.2197746211468825
2020-01-25 04:48:00,0.20249406693727678
2020-01-25 04:51:00,0.17571436779411442
2020-01-25 04:54:00,0.16134960529154796
2020-01-25 04:57:00,0.24981523333451605
2020-01-25 05:00:00,0.2343520370824308
2020-01-25 05:03:00,0.20186088675342262
2020-01-25 05:06:00,0.22848929088877412
2020-01-25 05:09:00,0.22665929246170435
2020-01-25 05:12:00,0.09737066599467425
2020-01-25 05:15:00,0.21955409954250626
2020-01-25 05:18:00,0.18193831042776765
2020-01-25 05:21:00,0.1988832281127202
2020-01-25 05:24:00,0.1850138028567585
2020-01-25 05:27:00,0.179689250540207
2020-01-25 05:30:00,0.16031856233649933
2020-01-25 05:33:00,0.30342577491927614
2020-01-25 05:36:00,0.23217606035291283
2020-01-25 05:39:00,0.2000006538356729
2020-01-25 05:42:00,0.2550389708609373
2020-01-25 05:45:00,0.2737228602454138
2020-01-25 05:48:00,0.33063726849110253
2020-01-25 05:51:00,0.2428570679712152
2020-01-25 05:54:00,0.22411546769342294
2020-01-25 05:57:00,0.2764591869988635
2020-01-25 06:00:00,0.2850279447177968
2020-01-25 06:03:00,0.38516406357530286
2020-01-25 06:06:00,0.3274416946543397
2020-01-25 06:09:00,0.2946625185678613
2020-01-25 06:12:00,0.29544244385431284
2020-01-25 06:15:00,0.33815607170384965
2020-01-25 06:18:00,0.24048278111786203
2020-01-25 06:21:00,0.2731796369101289
2020-01-25 06:24:00,0.2761149760827948
2020-01-25 06:27:00,0.27314606649326834
2020-01-25 06:30:00,0.27895259762237856
2020-01-25 06:33:00,0.26614936189093896
2020-01-25 06:36:00,0.35775871565925854
2020-01-25 06:39:00,0.3333661191027204
2020-01-25 06:42:00,0.21113423455648217
2020-01-25 06:45:00,0.36577947190119176
2020-01-25 06:48:00,0.2689679126980309
2020-01-25 06:51:00,0.20571842595933276
2020-01-25 06:54:00,0.2850072146265461
2020-01-25 06:57:00,0.32789902056197207
2020-01-25 07:00:00,0.2845471903381167
2020-01-25 07:03:00,0.3705496515062805
2020-01-25 07:06:00,0.24497012560885878
2020-01-25 07:09:00,0.3615985559472392
2020-01-25 07:12:00,0.341074741382954
2020-01-25 07:15:00,0.3560892678730738
2020-01-25 07:18:00,0.3924564419112926
2020-01-25 07:21:00,0.3882174285445785
2020-01-25 07:24:00,0.35051958843746434
2020-01-25 07:27:00,0.44328570568336545
2020-01-25 07:30:00,0.3172990157485742
2020-01-25 07:33:00,0.38024104375563184
2020-01-25 07:36:00,0.38619286021423704
2020-01-25 07:39:00,0.27398182172004226
2020-01-25 07:42:00,0.31220177519020353
2020-01-25 07:45:00,0.3887755394086412
2020-01-25 07:48:00,0.33357518720339385
2020-01-25 07:51:00,0.32170764484294523
2020-01-25 07:54:00,0.19990540959543068
2020-01-25 07:57:00,0.2600349752951274
2020-01-25 08:00:00,0.288079186611526
2020-01-25 08:03:00,0.23365699527550987
2020-01-25 08:06:00,0.14656478728136335
2020-01-25 08:09:00,0.28406705265638266
2020-01-25 08:12:00,0.32582406987069135
2020-01-25 08:15:00,0.26664189540400685
2020-01-25 08:18:00,0.1836565939372008
2020-01-25 08:21:00,0.21650761902441218
2020-01-25 08:24:00,0.13667782524305494
2020-01-25 08:27:00,0.10750314132417316
2020-01-25 08:30:00,0.2038306760797468
2020-01-25 08:33:00,0.23628292373172144
2020-01-25 08:36:00,0.1892779612037998
2020-01-25 08:39:00,0.2044165098832309
2020-01-25 08:42:00,0.23488221514702445
2020-01-25 08:45:00,0.23005292653130027
2020-01-25 08:48:00,0.3017149088024098
2020-01-25 08:51:00,0.1966639525482492
2020-01-25 08:54:00,0.13686143178802013
2020-01-25 08:57:00,0.14406410001657832
2020-01-25 09:00:00,0.11629964364828993
2020-01-25 09:03:00,0.020864470580761463
2020-01-25 09:06:00,0.0538723255866671
2020-01-25 09:09:00,0.09458106073810768
2020-01-25 09:12:00,0.21579233100567308
2020-01-25 09:15:00,0.13878683614973397
2020-01-25 09:18:00,0.16597882780661166
2020-01-25 09:21:00,0.1714589921708125
2020-01-25 09:24:00,0.03264490518608909
2020-01-25 09:27:00,0.1988555441652693
2020-01-25 09:30:00,0.061221332446848464
2020-01-25 09:33:00,0.18283187771913845
2020-01-25 09:36:00,0.15485969901214958
2020-01-25 09:39:00,-0.004091444203368155
2020-01-25 09:42:00,0.03917355427114444
2020-01-25 09:45:00,-0.021936691447990597
2020-01-25 09:48:00,0.08671121211750688
2020-01-25 09:51:00,0.06668673912298573
2020-01-25 09:54:00,0.10747407307519552
2020-01-25 09:57:00,-0.006018835871941519
2020-01-25 10:00:00,0.055048134948094685
2020-01-25 10:03:00,0.16265488309028342
2020-01-25 10:06:00,0.008899705203816666
2020-01-25 10:09:00,0.0073920840746382055
2020-01-25 10:12:00,-0.0835123914482665
2020-01-25 10:15:00,0.003622821490409933
2020-01-25 10:18:00,-0.0555467338182325
2020-01-25 10:21:00,-0.0755890585668908
2020-01-25 10:24:00,0.10082943340819384
2020-01-25 10:27:00,-0.0731427275900387
2020-01-25 10:30:00,-0.12379015420719952
2020-01-25 10:33:00,-0.10699424594298534
2020-01-25 10:36:00,-0.09085592149546073
2020-01-25 10:39:00,-0.09729593841689166
2020-01-25 10:42:00,-0.07143235971955164
2020-01-25 10:45:00,-0.12403708450307249
2020-01-25 10:48:00,-0.05477605576476208
2020-01-25 10:51:00,-0.1350460585123301
2020-01-25 10:54:00,-0.19510476226218998
2020-01-25 10:57:00,-0.12124333544437604
2020-01-25 11:00:00,-0.13494716357746483
2020-01-25 11:03:00,-0.11381158507811051
2020-01-25 11:06:00,-0.16859927808258135
2020-01-25 11:09:00,-0.1398672858555301
2020-01-25 11:12:00,-0.1976705512637409
2020-01-25 11:15:00,-0.16746866857397436
2020-01-25 11:18:00,-0.16088741673621598
2020-01-25 11:21:00,-0.3532389573263117
2020-01-25 11:24:00,-0.19347316082303223
2020-01-25 11:27:00,-0.25785910064792006
2020-01-25 11:30:00,-0.33117205706759023
2020-01-25 11:33:00,-0.3006331893401466
2020-01-25 11:36:00,-0.2688772513218396
2020-01-25 11:39:00,-0.24443197509339143
2020-01-25 11:42:00,-0.26722375910702567
2020-01-25 11:45:00,-0.29944557099236135
2020-01-25 11:48:00,-0.29723645905340845
2020-01-25 11:51:00,-0.3274110767238767
2020-01-25 11:54:00,-0.3051968598595636
2020-01-25 11:57:00,-0.3169469963497136
2020-01-25 12:00:00,-0.2745841202967654
2020-01-25 12:03:00,-0.37894445622356443
2020-01-25 12:06:00,-0.2884165579960154
2020-01-25 12:09:00,-0.38517168493302734
2020-01-25 12:12:00,-0.3245630514787763
2020-01-25 12:15:00,-0.25752826378737836
2020-01-25 12:18:00,-0.372406061859067
2020-01-25 12:21:00,-0.4096585451898136
2020-01-25 12:24:00,-0.24388010635499313
2020-01-25 12:27:00,-0.17617308976440427
2020-01-25 12:30:00,-0.06609586309707538
2020-01-25 12:33:00,-0.11640959272710916
2020-01-25 12:36:00,-0.02663991144999045
2020-01-25 12:39:00,0.0026925611746833056
2020-01-25 12:42:00,-0.22801976791140532
2020-01-25 12:45:00,-0.37669197257156384
2020-01-25 12:48:00,-0.13858072383300168
2020-01-25 12:51:00,-0.2797824361512653
2020-01-25 12:54:00,-0.32203063455733627
2020-01-25 12:57:00,-0.15255731420523944
2020-01-25 13:00:00,-0.049806280228096966
2020-01-25 13:03:00,-0.2149643113274351
2020-01-25 13:06:00,-0.4133396797749356
2020-01-25 13:09:00,-0.3863339268074242
2020-01-25 13:12:00,-0.3209009200768378
2020-01-25 13:15:00,-0.3237927815746957
2020-01-25 13:18:00,-0.23045955705265442
2020-01-25 13:21:00,-0.2322571054553464
2020-01-25 13:24:00,-0.16784387401122558
2020-01-25 13:27:00,-0.12280217866992871
2020-01-25 13:30:00,-0.03854939144787295
2020-01-25 13:33:00,-0.0958790353631116
2020-01-25 13:36:00,-0.10108614659475279
2020-01-25 13:39:00,-0.4076481281812221
2020-01-25 13:42:00,-0.4549287042311221
2020-01-25 13:45:00,-0.41897158621770814
2020-01-25 13:48:00,-0.35577013533583113
2020-01-25 13:51:00,-0.3757449424475112
2020-01-25 13:54:00,-0.31793745511981797
2020-01-25 13:57:00,-0.3382954080522609
2020-01-25 14:00:00,-0.3157487189981225
2020-01-25 14:03:00,-0.1248771047290802
2020-01-25 14:06:00,-0.13504180277840305
2020-01-25 14:09:00,-0.33190736744876403
2020-01-25 14:12:00,-0.19950678163536395
2020-01-25 14:15:00,-0.28685046464232755
2020-01-25 14:18:00,-0.3143545119769442
2020-01-25 14:21:00,-0.2766176300690404
2020-01-25 14:24:00,-0.2136272511637003
2020-01-25 14:27:00,-0.33582831435876415
2020-01-25 14:30:00,-0.2836370374987496
2020-01-25 14:33:00,-0.4032324068824096
2020-01-25 14:36:00,-0.3672835906938303
2020-01-25 14:39:00,-0.3255093700756788
2020-01-25 14:42:00,-0.3506696711923496
2020-01-25 14:45:00,-0.23210725752676353
2020-01-25 14:48:00,-0.2872418149013356
2020-01-25 14:51:00,-0.38090568032561123
2020-01-25 14:54:00,-0.23907495539907586
2020-01-25 14:57:00,-0.17242594771551012
2020-01-25 15:00:00,-0.15382909679880186
2020-01-25 15:03:00,-0.22660634535372992
2020-01-25 15:06:00,-0.42698335327247605
2020-01-25 15:09:00,-0.3846521271087795
2020-01-25 15:12:00,-0.40181173209344934
2020-01-25 15:15:00,-0.29371161004723945
2020-01-25 15:18:00,-0.37141687999763917
2020-01-25 15:21:00,-0.2590729859202838
2020-01-25 15:24:00,-0.22279655840594614
2020-01-25 15:27:00,-0.38227027418781745
2020-01-25 15:30:00,-0.3482743888350228
2020-01-25 15:33:00,-0.3628534589857395
2020-01-25 15:36:00,-0.20383797810887927
2020-01-25 15:39:00,-0.37753442861321673
2020-01-25 15:42:00,-0.36059045670157275
2020-01-25 15:45:00,-0.2996316329790716
2020-01-25 15:48:00,-0.25312782725842453
2020-01-25 15:51:00,-0.3159512723773332
2020-01-25 15:54:00,-0.2592729121782327
2020-01-25 15:57:00,-0.33350539339289753
2020-01-25 16:00:00,-0.33624391144695664
2020-01-25 16:03:00,-0.2647059291776941
2020-01-25 16:06:00,-0.34710254923191997
2020-01-25 16:09:00,-0.38920722986773626
2020-01-25 16:12:00,-0.3647284637012831
2020-01-25 16:15:00,-0.27626462926679096
2020-01-25 16:18:00,-0.33846767008003553
2020-01-25 16:21:00,-0.35291179871234135
2020-01-25 16:24:00,-0.38481754326551254
2020-01-25 16:27:00,-0.3106077087159065
2020-01-25 16:30:00,-0.3229322019562346
2020-01-25 16:33:00,-0.3149043366784099
2020-01-25 16:36:00,-0.3118156972773818
2020-01-25 16:39:00,-0.28522879970557824
2020-01-25 16:42:00,-0.2876341087019796
2020-01-25 16:45:00,-0.22796632655189342
2020-01-25 16:48:00,-0.2617771908336408
2020-01-25 16:51:00,-0.2341300805066453
2020-01-25 16:54:00,-0.20597577974132264
2020-01-25 16:57:00,-0.26442341040910833
2020-01-25 17:00:00,-0.14642120485331134
2020-01-25 17:03:00,-0.2732986782883131
2020-01-25 17:06:00,-0.24100018857808436
2020-01-25 17:09:00,-0.22888512233771507
2020-01-25 17:12:00,-0.2260683193558748
2020-01-25 17:15:00,-0.2628465928349897
2020-01-25 17:18:00,-0.23664190214020664
2020-01-25 17:21:00,-0.24416315672306155
2020-01-25 17:24:00,-0.18740738703149873
2020-01-25 17:27:00,-0.11869781538149482
2020-01-25 17:30:00,-0.17655009363619456
2020-01-25 17:33:00,-0.22238783338650592
2020-01-25 17:36:00,-0.11703692693242829
2020-01-25 17:39:00,-0.09250063104406081
2020-01-25 17:42:00,-0.15929894405957157
2020-01-25 17:45:00,-0.10951559300411873
2020-01-25 17:48:00,-0.18564743385843485
2020-01-25 17:51:00,-0.06961851414513376
2020-01-25 17:54:00,-0.04179019728087496
2020-01-25 17:57:00,-0.16999629503288816
2020-01-25 18:00:00,-0.13848495965186203
2020-01-25 18:03:00,-0.12338386382344879
2020-01-25 18:06:00,-0.037973160705121245
2020-01-25 18:09:00,-0.10448943791192278
2020-01-25 18:12:00,-0.032104979105099574
2020-01-25 18:15:00,-0.035263146602403594
2020-01-25 18:18:00,-0.06436209928403969
2020-01-25 18:21:00,-0.019558080023102775
2020-01-25 18:24:00,0.014199199590564149
2020-01-25 18:27:00,0.019492388923310955
2020-01-25 18:30:00,-0.04307232098642544
2020-01-25 18:33:00,0.08006681523033876
2020-01-25 18:36:00,-0.01597837729764251
2020-01-25 18:39:00,0.056541926967554446
2020-01-25 18:42:00,-0.0036194943560303727
2020-01-25 18:45:00,0.01936956258839473
2020-01-25 18:48:00,0.06542188542158556
2020-01-25 18:51:00,0.08766090445391228
2020-01-25 18:54:00,0.01337030208884471
2020-01-25 18:57:00,
2020-01-25 19:00:00,
2020-01-25 19:03:00,0.20052642950537347
2020-01-25 19:06:00,0.16196648535054692
2020-01-25 19:09:00,0.10828650141826301
2020-01-25 19:12:00,0.02881860209305387
2020-01-25 19:15:00,0.12056190180965132
2020-01-25 19:18:00,0.1517183063522225
2020-01-25 19:21:00,0.10806200723618531
2020-01-25 19:24:00,0.13498110889810278
2020-01-25 19:27:00,0.16293497846299942
2020-01-25 19:30:00,0.1900523121378228
2020-01-25 19:33:00,0.20054758789876814
2020-01-25 19:36:00,0.2141420501960738
2020-01-25 19:39:00,0.2251869629278076
2020-01-25 19:42:00,0.1661145780243487
2020-01-25 19:45:00,0.17833172940822806
2020-01-25 19:48:00,0.2668207515445147
2020-01-25 19:51:00,0.2056408612933751
2020-01-25 19:54:00,0.1579746884330575
2020-01-25 19:57:00,0.16024125795144073
2020-01-25 20:00:00,0.18253299635279063
2020-01-25 20:03:00,0.22975349578126725
2020-01-25 20:06:00,0.23981236174029164
2020-01-25 20:09:00,0.1373728902534026
2020-01-25 20:12:00,0.13152849236195152
2020-01-25 20:15:00,0.16075742211614852
2020-01-25 20:18:00,0.11008679621414785
2020-01-25 20:21:00,0.08661585343497791
2020-01-25 20:24:00,0.18882143354380787
2020-01-25 20:27:00,0.16063477235098844
2020-01-25 20:30:00,0.13650270116653473
2020-01-25 20:33:00,0.16364721125671622
2020-01-25 20:36:00,0.13105924043242112
2020-01-25 20:39:00,0.2687109056884651
2020-01-25 20:42:00,0.1976865001463466
2020-01-25 20:45:00,0.3076225426539736
2020-01-25 20:48:00,0.2826039911343514
2020-01-25 20:51:00,0.23208678674575367
2020-01-25 20:54:00,0.2632116311123127
2020-01-25 20:57:00,0.2382742149590058
2020-01-25 21:00:00,0.29847976310793456
2020-01-25 21:03:00,0.3137280426618645
2020-01-25 21:06:00,0.25864075211012505
2020-01-25 21:09:00,0.23278908309202961
2020-01-25 21:12:00,0.2618893507840312
2020-01-25 21:15:00,0.07902634937431685
2020-01-25 21:18:00,0.22745032328242587
2020-01-25 21:21:00,0.09668636829650268
2020-01-25 21:24:00,0.2506882494506044
2020-01-25 21:27:00,0.17997975231605778
2020-01-25 21:30:00,0.2510339322275854
2020-01-25 21:33:00,0.1234802865161555
2020-01-25 21:36:00,0.21539609052416608
2020-01-25 21:39:00,0.15896728147754402
2020-01-25 21:42:00,0.21428978103944019
2020-01-25 21:45:00,0.12355281123058148
2020-01-25 21:48:00,0.12455821922208088
2020-01-25 21:51:00,0.05739002055315723
2020-01-25 21:54:00,0.10124392390366665
2020-01-25 21:57:00,0.09093761500042774
2020-01-25 22:00:00,0.027853681579017575
2020-01-25 22:03:00,0.14212343170294162
2020-01-25 22:06:00,0.12568601553510916
2020-01-25 22:09:00,0.16158783567328783
2020-01-25 22:12:00,0.14951554242276188
2020-01-25 22:15:00,0.13764556103490122
2020-01-25 22:18:00,0.22989526817912065
2020-01-25 22:21:00,0.16791714645341926
2020-01-25 22:24:00,0.1118488534088442
2020-01-25 22:27:00,0.10978334061667283
2020-01-25 22:30:00,0.15543233318283
2020-01-25 22:33:00,0.16422634961469385
2020-01-25 22:36:00,0.12446471236967227
2020-01-25 22:39:00,0.19390685249521766
2020-01-25 22:42:00,0.22465765219260447
2020-01-25 22:45:00,0.3431645954881333
2020-01-25 22:48:00,0.230006099246566
2020-01-25 22:51:00,0.20181650812941143
2020-01-25 22:54:00,0.1854066002239847
2020-01-25 22:57:00,0.26581241744435147
2020-01-25 23:00:00,0.17510400183181218
2020-01-25 23:03:00,0.25785102248551084
2020-01-25 23:06:00,0.20527493447377765
2020-01-25 23:09:00,0.19366444830444607
2020-01-25 23:12:00,0.2765019233480075
2020-01-25 23:15:00,0.2297518979366373
2020-01-25 23:18:00,0.22357410236850228
2020-01-25 23:21:00,0.1966568350186435
2020-01-25 23:24:00,0.1509826227492681
2020-01-25 23:27:00,0.2097925441443067
2020-01-25 23:30:00,0.20098027245455796
2020-01-25 23:33:00,0.2829384410991338
2020-01-25 23:36:00,0.19624361670361168
2020-01-25 23:39:00,0.27373684860560843
2020-01-25 23:42:00,0.15048725153940268
2020-01-25 23:45:00,0.22878464115422048
2020-01-25 23:48:00,0.10421403223710968
2020-01-25 23:51:00,0.1710089861678057
2020-01-25 23:54:00,0.23115030485303123
2020-01-25 23:57:00,0.31911999702953153
2020-01-26 00:00:00,0.26689110450735143
2020-01-26 00:03:00,0.2866450500781639
2020-01-26 00:06:00,0.20009306356263323
2020-01-26 00:09:00,0.28836447310055746
2020-01-26 00:12:00,0.26400788236355766
2020-01-26 00:15:00,0.16759587116155217
2020-01-26 00:18:00,0.168033048572795
2020-01-26 00:21:00,0.3238167781908601
2020-01-26 00:24:00,0.20650123474132442
2020-01-26 00:27:00,0.2678987956491028
2020-01-26 00:30:00,0.2806796121491857
2020-01-26 00:33:00,0.2748625854840725
2020-01-26 00:36:00,0.2718626809119655
2020-01-26 00:39:00,0.2874937536948323
2020-01-26 00:42:00,0.2910113346125627
2020-01-26 00:45:00,0.26989305069469083
2020-01-26 00:48:00,0.2811447357125303
2020-01-26 00:51:00,0.26299608513659223
2020-01-26 00:54:00,0.11892300315503235
2020-01-26 00:57:00,0.26879528808024133
2020-01-26 01:00:00,0.3269643860171527
2020-01-26 01:03:00,0.3428309549160531
2020-01-26 01:06:00,0.37404338827127503
2020-01-26 01:09:00,0.40566990234748346
2020-01-26 01:12:00,0.2813800529920627
2020-01-26 01:15:00,0.2910857225282939
2020-01-26 01:18:00,0.3407623823788981
2020-01-26 01:21:00,0.2583676862394668
2020-01-26 01:24:00,0.15054383942754157
2020-01-26 01:27:00,0.3620367989001352
2020-01-26 01:30:00,0.21541310597785923
2020-01-26 01:33:00,0.2188921949870064
2020-01-26 01:36:00,0.29314641417647636
2020-01-26 01:39:00,0.3206001935329823
2020-01-26 01:42:00,0.29652399257628304
2020-01-26 01:45:00,0.31034213679629374
2020-01-26 01:48:00,0.38447519124053997
2020-01-26 01:51:00,0.2795687075584965
2020-01-26 01:54:00,0.3329038807797815
2020-01-26 01:57:00,0.31097965490448587
2020-01-26 02:00:00,0.2789275977896182
2020-01-26 02:03:00,0.318953214820624
2020-01-26 02:06:00,0.32824259016200585
2020-01-26 02:09:00,0.3549316658256316
2020-01-26 02:12:00,0.41474363937709313
2020-01-26 02:15:00,0.3281788105474561
2020-01-26 02:18:00,0.34148964427203055
2020-01-26 02:21:00,0.37080593650654237
2020-01-26 02:24:00,0.44949077558004547
2020-01-26 02:27:00,0.3720940448841361
2020-01-26 02:30:00,0.4513127350192008
2020-01-26 02:33:00,0.44234086242795456
2020-01-26 02:36:00,0.3905444672644194
2020-01-26 02:39:00,0.334702284806383
2020-01-26 02:42:00,0.44730364522604305
2020-01-26 02:45:00,0.3928632331333688
2020-01-26 02:48:00,0.46823422620934707
2020-01-26 02:51:00,0.38015453968193924
2020-01-26 02:54:00,0.35381801295227433
2020-01-26 02:57:00,0.4014453208613986
2020-01-26 03:00:00,0.3154487834519841
2020-01-26 03:03:00,0.3684995915896252
2020-01-26 03:06:00,0.2952808464521013
2020-01-26 03:09:00,0.3125159288429131
2020-01-26 03:12:00,0.3577158647057104
2020-01-26 03:15:00,0.3688311672286204
2020-01-26 03:18:00,0.31218912220026596
2020-01-26 03:21:00,0.2939492331396991
2020-01-26 03:24:00,0.30124546941510744
2020-01-26 03:27:00,0.3275963973553644
2020-01-26 03:30:00,0.2538180201256637
2020-01-26 03:33:00,0.23594327043991825
2020-01-26 03:36:00,0.315299050942599
2020-01-26 03:39:00,0.30033845132595616
2020-01-26 03:42:00,0.2858301731588426
2020-01-26 03:45:00,0.3261388005683443
2020-01-26 03:48:00,0.3252378942477776
2020-01-26 03:51:00,0.36287535249556413
2020-01-26 03:54:00,0.31243004698364985
2020-01-26 03:57:00,0.3628174849775405
2020-01-26 04:00:00,0.24953259942316208
2020-01-26 04:03:00,0.3633368854807486
2020-01-26 04:06:00,0.3834044657303366
2020-01-26 04:09:00,0.27721740123115524
2020-01-26 04:12:00,0.3475258912134791
2020-01-26 04:15:00,0.31077511598778074
2020-01-26 04:18:00,0.36215021979410267
2020-01-26 04:21:00,0.36565376296442764
2020-01-26 04:24:00,0.30383832574597136
2020-01-26 04:27:00,0.3558533457357953
2020-01-26 04:30:00,0.262442447946853
2020-01-26 04:33:00,0.3250667819687578
2020-01-26 04:36:00,0.32631662527677463
2020-01-26 04:39:00,0.3153415173987355
2020-01-26 04:42:00,0.3184234676596134
2020-01-26 04:45:00,0.35156522117694067
2020-01-26 04:48:00,0.3202625586847603
2020-01-26 04:51:00,0.34128826599800277
2020-01-26 04:54:00,0.351114048562124
2020-01-26 04:57:00,0.4041985352968709
2020-01-26 05:00:00,0.34581026606423393
2020-01-26 05:03:00,0.3005217271219749
2020-01-26 05:06:00,0.3592082810827719
2020-01-26 05:09:00,0.31176153570118004
2020-01-26 05:12:00,0.38740100840425384
2020-01-26 05:15:00,0.3933111841503205
2020-01-26 05:18:00,0.36345793346771416
2020-01-26 05:21:00,0.3670414435503062
2020-01-26 05:24:00,0.3511638859451409
2020-01-26 05:27:00,0.396116917520942
2020-01-26 05:30:00,0.4074475874966197
2020-01-26 05:33:00,0.4540817598094691
2020-01-26 05:36:00,0.4111325954007725
2020-01-26 05:39:00,0.41271885611644166
2020-01-26 05:42:00,0.3652763005331394
2020-01-26 05:45:00,0.42949098809424413
2020-01-26 05:48:00,0.37107807008106874
2020-01-26 05:51:00,0.4058693849597148
2020-01-26 05:54:00,0.37954170760656325
2020-01-26 05:57:00,0.3693983205229756
2020-01-26 06:00:00,0.38844864857691164
2020-01-26 06:03:00,0.4672634565936278
2020-01-26 06:06:00,0.3337477559273907
2020-01-26 06:09:00,0.3019416609318455
2020-01-26 06:12:00,0.41055491068112815
2020-01-26 06:15:00,0.35725759390334133
2020-01-26 06:18:00,0.4108972744253947
2020-01-26 06:21:00,0.48237174518953907
2020-01-26 06:24:00,0.3120630919719929
2020-01-26 06:27:00,0.38942908090194805
2020-01-26 06:30:00,0.4149358074624274
2020-01-26 06:33:00,0.43368856926372246
2020-01-26 06:36:00,0.3939003019652887
2020-01-26 06:39:00,0.4316707311356254
2020-01-26 06:42:00,0.32778362094717295
2020-01-26 06:45:00,0.42277583546882624
2020-01-26 06:48:00,0.4028891111206008
2020-01-26 06:51:00,0.45937485680036616
2020-01-26 06:54:00,0.41537891207451594
2020-01-26 06:57:00,0.46849478429692226
2020-01-26 07:00:00,0.4222384991049921
2020-01-26 07:03:00,0.4620608888919264
2020-01-26 07:06:00,0.43064498347314384
2020-01-26 07:09:00,0.4747553557741071
2020-01-26 07:12:00,0.46240992397105174
2020-01-26 07:15:00,0.4708109355129295
2020-01-26 07:18:00,0.41380098429226564
2020-01-26 07:21:00,0.4294750662024285
2020-01-26 07:24:00,0.4257985309886294
2020-01-26 07:27:00,0.41965909883492714
2020-01-26 07:30:00,0.4899004409152212
2020-01-26 07:33:00,0.47428554258112854
2020-01-26 07:36:00,0.5075674497396108
2020-01-26 07:39:00,0.4640142520213999
2020-01-26 07:42:00,0.4348182487709664
2020-01-26 07:45:00,0.4279151894165807
2020-01-26 07:48:00,0.44874062760311517
2020-01-26 07:51:00,0.36829470028970945
2020-01-26 07:54:00,0.4244358104969024
2020-01-26 07:57:00,0.4146234823152213
2020-01-26 08:00:00,0.39779623127788
2020-01-26 08:03:00,0.38304732375149797
2020-01-26 08:06:00,0.4104551133936525
2020-01-26 08:09:00,0.43636575486118545
2020-01-26 08:12:00,0.4221825509059727
2020-01-26 08:15:00,0.4119765044871997
2020-01-26 08:18:00,0.42331939515224803
2020-01-26 08:21:00,0.2709069017458887
2020-01-26 08:24:00,0.28316690390255417
2020-01-26 08:27:00,0.32699037636405137
2020-01-26 08:30:00,0.30271642696601475
2020-01-26 08:33:00,0.2703364077593733
2020-01-26 08:36:00,0.2529939696296992
2020-01-26 08:39:00,0.3162197759229457
2020-01-26 08:42:00,0.27058204143605735
2020-01-26 08:45:00,0.3503153231660008
2020-01-26 08:48:00,0.2586701436287058
2020-01-26 08:51:00,0.2622655712990536
2020-01-26 08:54:00,0.27284052673911674
2020-01-26 08:57:00,0.2308117247362702
2020-01-26 09:00:00,0.26727481407237974
2020-01-26 09:03:00,0.27618245000360275
2020-01-26 09:06:00,0.33600609501422696
2020-01-26 09:09:00,0.2331205817096702
2020-01-26 09:12:00,0.19033733867456704
2020-01-26 09:15:00,0.28504874620352894
2020-01-26 09:18:00,0.20343510109114504
2020-01-26 09:21:00,0.1654775002315887
2020-01-26 09:24:00,0.2624230467968687
2020-01-26 09:27:00,0.28796358841458414
2020-01-26 09:30:00,0.20481565285365377
2020-01-26 09:33:00,0.15854546245657275
2020-01-26 09:36:00,0.1501123544995835
2020-01-26 09:39:00,0.09001665439217277
2020-01-26 09:42:00,0.21402918066320353
2020-01-26 09:45:00,0.2201946903044245
2020-01-26 09:48:00,0.20538965648876228
2020-01-26 09:51:00,0.15979003152114046
2020-01-26 09:54:00,0.13215779811088169
2020-01-26 09:57:00,0.07227133478266978
2020-01-26 10:00:00,0.15571270723233965
2020-01-26 10:03:00,0.18733930311191216
2020-01-26 10:06:00,0.18669684994154068
2020-01-26 10:09:00,0.025019201529119073
2020-01-26 10:12:00,0.04471715981651414
2020-01-26 10:15:00,0.07334559626644932
2020-01-26 10:18:00,-0.007868457365191261
2020-01-26 10:21:00,0.06693641609098222
2020-01-26 10:24:00,0.07860390588075461
2020-01-26 10:27:00,0.02697604171311241
2020-01-26 10:30:00,0.04619569370959198
2020-01-26 10:33:00,0.15485095401231774
2020-01-26 10:36:00,0.014264361472100973
2020-01-26 10:39:00,0.006097342892758206
2020-01-26 10:42:00,-0.1262054409400548
2020-01-26 10:45:00,-0.07116896536786044
2020-01-26 10:48:00,-0.05221394365258902
2020-01-26 10:51:00,-0.07034932327474053
2020-01-26 10:54:00,0.12681388137610838
2020-01-26 10:57:00,-0.016865403292854353
2020-01-26 11:00:00,0.02725527664006222
2020-01-26 11:03:00,-0.01630188038581082
2020-01-26 11:06:00,-0.0826617656185249
2020-01-26 11:09:00,-0.08365112023540178
2020-01-26 11:12:00,0.0674035921280165
2020-01-26 11:15:00,-0.05249428240426823
2020-01-26 11:18:00,-0.01884681296388635
2020-01-26 11:21:00,0.03226118554260893
2020-01-26 11:24:00,-0.04720404035401771
2020-01-26 11:27:00,-0.12054625919182627
2020-01-26 11:30:00,-0.21385076071680942
2020-01-26 11:33:00,-0.11378683324511485
2020-01-26 11:36:00,0.008042382591099795
2020-01-26 11:39:00,-0.012236927815877152
2020-01-26 11:42:00,-0.18541231018986082
2020-01-26 11:45:00,-0.06599785332144847
2020-01-26 11:48:00,-0.13998914261463824
2020-01-26 11:51:00,-0.07677511841882279
2020-01-26 11:54:00,-0.22778123980083365
2020-01-26 11:57:00,-0.08854206226590122
2020-01-26 12:00:00,-0.1305669400767897
2020-01-26 12:03:00,-0.08018600843575996
2020-01-26 12:06:00,-0.17677754662048528
2020-01-26 12:09:00,-0.11653611691582455
2020-01-26 12:12:00,-0.2105448298203214
2020-01-26 12:15:00,-0.1182828098572486
2020-01-26 12:18:00,-0.3095903173427814
2020-01-26 12:21:00,-0.17374547006335206
2020-01-26 12:24:00,-0.21487222663489547
2020-01-26 12:27:00,-0.19319478319096106
2020-01-26 12:30:00,-0.09350142584480636
2020-01-26 12:33:00,-0.25297968206649557
2020-01-26 12:36:00,-0.20793509954194178
2020-01-26 12:39:00,-0.19468926239170514
2020-01-26 12:42:00,-0.2113879501584961
2020-01-26 12:45:00,-0.22641388399358675
2020-01-26 12:48:00,-0.24449872940806472
2020-01-26 12:51:00,-0.16850924409573054
2020-01-26 12:54:00,-0.18606748882643842
2020-01-26 12:57:00,-0.2388772544846347
2020-01-26 13:00:00,-0.31173904161732935
2020-01-26 13:03:00,-0.22867882406899298
2020-01-26 13:06:00,-0.27104572178029684
2020-01-26 13:09:00,-0.29440849926697865
2020-01-26 13:12:00,-0.2045228997305344
2020-01-26 13:15:00,-0.20350143564036216
2020-01-26 13:18:00,-0.1655126853765978
2020-01-26 13:21:00,-0.20528868112199916
2020-01-26 13:24:00,-0.3422480912275887
2020-01-26 13:27:00,-0.31368137516778916
2020-01-26 13:30:00,-0.3848655746441523
2020-01-26 13:33:00,-0.21588843409034553
2020-01-26 13:36:00,-0.2383721575005211
2020-01-26 13:39:00,-0.35469164740112546
2020-01-26 13:42:00,-0.18216763643073364
2020-01-26 13:45:00,-0.274483092262642
2020-01-26 13:48:00,-0.29265518122139156
2020-01-26 13:51:00,-0.21149289735291177
2020-01-26 13:54:00,-0.2332868801493646
2020-01-26 13:57:00,-0.2058519747870946
2020-01-26 14:00:00,-0.14446391034124417
2020-01-26 14:03:00,-0.16728081938458672
2020-01-26 14:06:00,-0.1370159487638034
2020-01-26 14:09:00,-0.24217230752208252
2020-01-26 14:12:00,-0.2126270312134011
2020-01-26 14:15:00,-0.33753253747755707
2020-01-26 14:18:00,-0.3429678349594951
2020-01-26 14:21:00,-0.29718139900154483
2020-01-26 14:24:00,-0.30901545432186595
2020-01-26 14:27:00,-0.23207778278316482
2020-01-26 14:30:00,-0.29062242947850336
2020-01-26 14:33:00,-0.2511559872593807
2020-01-26 14:36:00,-0.34004293825040577
2020-01-26 14:39:00,-0.46848819315874835
2020-01-26 14:42:00,-0.3697715164403803
2020-01-26 14:45:00,-0.47223417581534477
2020-01-26 14:48:00,-0.40418092671211525
2020-01-26 14:51:00,-0.269072455126377
2020-01-26 14:54:00,-0.17699204324918583
2020-01-26 14:57:00,-0.19106150010668443
2020-01-26 15:00:00,-0.09533598892789996
2020-01-26 15:03:00,-0.06109155860133342
2020-01-26 15:06:00,-0.005186854588828282
2020-01-26 15:09:00,0.1283098607969464
2020-01-26 15:12:00,0.04781614037506188
2020-01-26 15:15:00,0.03267362032869414
2020-01-26 15:18:00,-0.03833694243832042
2020-01-26 15:21:00,0.09310062056226798
2020-01-26 15:24:00,0.055382664910723634
2020-01-26 15:27:00,0.1238758812222045
2020-01-26 15:30:00,0.12610668086614396
2020-01-26 15:33:00,0.0883472479274019
2020-01-26 15:36:00,0.2899884984684036
2020-01-26 15:39:00,0.31904954844753775
2020-01-26 15:42:00,0.25716413126764337
2020-01-26 15:45:00,0.20435370395830432
2020-01-26 15:48:00,0.1851768934793654
2020-01-26 15:51:00,0.22508780062702272
2020-01-26 15:54:00,0.020369463371594065
2020-01-26 15:57:00,-0.060505424274140296
2020-01-26 16:00:00,-0.16141152562420302
2020-01-26 16:03:00,-0.16907785757126703
2020-01-26 16:06:00,-0.11852630965086064
2020-01-26 16:09:00,-0.1383714801422684
2020-01-26 16:12:00,-0.18501782125053978
2020-01-26 16:15:00,-0.07846883626319823
2020-01-26 16:18:00,-0.17442382554310143
2020-01-26 16:21:00,-0.1122278166636761
2020-01-26 16:24:00,-0.10214713377223461
2020-01-26 16:27:00,-0.044091541756699826
2020-01-26 16:30:00,-0.04278470009904822
2020-01-26 16:33:00,-0.039712527504207173
2020-01-26 16:36:00,-0.019086872889374717
2020-01-26 16:39:00,0.16671535364633883
2020-01-26 16:42:00,0.1870400765558884
2020-01-26 16:45:00,0.21190108238073435
2020-01-26 16:48:00,0.13551783449088362
2020-01-26 16:51:00,0.3119377518590909
2020-01-26 16:54:00,0.38416398726025136
2020-01-26 16:57:00,0.49174461207644526
2020-01-26 17:00:00,0.45496057200074347
2020-01-26 17:03:00,0.6346868064437103
2020-01-26 17:06:00,0.5120999255296397
2020-01-26 17:09:00,0.4216583295583405
2020-01-26 17:12:00,0.29695853435305253
2020-01-26 17:15:00,0.34888384482837864
2020-01-26 17:18:00,0.41150241481250305
2020-01-26 17:21:00,0.4639163547103635
2020-01-26 17:24:00,0.42227070820229073
2020-01-26 17:27:00,0.450316918641704
2020-01-26 17:30:00,0.4567358310274017
2020-01-26 17:33:00,0.4743954664116359
2020-01-26 17:36:00,0.4647126811969997
2020-01-26 17:39:00,0.35094804498584153
2020-01-26 17:42:00,0.45010160542500444
2020-01-26 17:45:00,0.30272296463471093
2020-01-26 17:48:00,0.26463512733084826
2020-01-26 17:51:00,0.1710201428663254
2020-01-26 17:54:00,0.2143410725573176
2020-01-26 17:57:00,0.15581656274264333
2020-01-26 18:00:00,0.1884228786151425
2020-01-26 18:03:00,0.12042336705150092
2020-01-26 18:06:00,0.09786446623206757
2020-01-26 18:09:00,0.1571918402472079
2020-01-26 18:12:00,0.2150021758953926
2020-01-26 18:15:00,0.1491282971924761
2020-01-26 18:18:00,0.13041221501464406
2020-01-26 18:21:00,0.10313593888963624
2020-01-26 18:24:00,0.23095280097425075
2020-01-26 18:27:00,0.19199913363706855
2020-01-26 18:30:00,0.16383246748489455
2020-01-26 18:33:00,0.18968595997637294
2020-01-26 18:36:00,0.16327521643813725
2020-01-26 18:39:00,0.18483015205833908
2020-01-26 18:42:00,0.28299925822813066
2020-01-26 18:45:00,0.16710432932063668
2020-01-26 18:48:00,0.13307001407332564
2020-01-26 18:51:00,0.16769747710941374
2020-01-26 18:54:00,
2020-01-26 18:57:00,
2020-01-26 19:00:00,
2020-01-26 19:03:00,0.037835845125187006
2020-01-26 19:06:00,0.0901381821803966
2020-01-26 19:09:00,0.12466322439121313
2020-01-26 19:12:00,0.06906634564239766
2020-01-26 19:15:00,0.11309312508768699
2020-01-26 19:18:00,0.09020613479270878
2020-01-26 19:21:00,0.1841001186657536
2020-01-26 19:24:00,0.14429915963773965
2020-01-26 19:27:00,0.09525244818900092
2020-01-26 19:30:00,0.07307103944435767
2020-01-26 19:33:00,0.1779926360643458
2020-01-26 19:36:00,0.11217193966740524
2020-01-26 19:39:00,0.09521388046135826
2020-01-26 19:42:00,0.12138987676564739
2020-01-26 19:45:00,0.04876453861675145
2020-01-26 19:48:00,0.11390127104789372
2020-01-26 19:51:00,0.08868956217088453
2020-01-26 19:54:00,0.1862089254659054
2020-01-26 19:57:00,0.06169273500415784
2020-01-26 20:00:00,0.10036774248601432
2020-01-26 20:03:00,0.14040765512078224
2020-01-26 20:06:00,0.15762865521014646
2020-01-26 20:09:00,0.22051150503591543
2020-01-26 20:12:00,0.06768723737684468
2020-01-26 20:15:00,0.1492343363251507
2020-01-26 20:18:00,0.12514807883655976
2020-01-26 20:21:00,0.25627952335753434
2020-01-26 20:24:00,0.12090323152699511
2020-01-26 20:27:00,0.18307689219608392
2020-01-26 20:30:00,0.22294711432613212
2020-01-26 20:33:00,0.16920885162130617
2020-01-26 20:36:00,0.1540442356728704
2020-01-26 20:39:00,0.16817111544452246
2020-01-26 20:42:00,0.24401256226701662
2020-01-26 20:45:00,0.2921052829988753
2020-01-26 20:48:00,0.19858159231807804
2020-01-26 20:51:00,0.24331860689716223
2020-01-26 20:54:00,0.24954979798650356
2020-01-26 20:57:00,0.22818291073002683
2020-01-26 21:00:00,0.21244158971114757
2020-01-26 21:03:00,0.28429658139066305
2020-01-26 21:06:00,0.2608092797606787
2020-01-26 21:09:00,0.19029248503409235
2020-01-26 21:12:00,0.3507157437367141
2020-01-26 21:15:00,0.2880449157905218
2020-01-26 21:18:00,0.19739163434883267
2020-01-26 21:21:00,0.22485942666600067
2020-01-26 21:24:00,0.31493032605482085
2020-01-26 21:27:00,0.2815251904099796
2020-01-26 21:30:00,0.3298823509942963
2020-01-26 21:33:00,0.2935869007621932
2020-01-26 21:36:00,0.29301736189177063
2020-01-26 21:39:00,0.2594695441191561
2020-01-26 21:42:00,0.30003620882047244
2020-01-26 21:45:00,0.33927542451544923
2020-01-26 21:48:00,0.27870681543708997
2020-01-26 21:51:00,0.13479803380624844
2020-01-26 21:54:00,0.2827134470840065
2020-01-26 21:57:00,0.3226318413871354
2020-01-26 22:00:00,0.2992610674399998
2020-01-26 22:03:00,0.3452825814231346
2020-01-26 22:06:00,0.3246927983849446
2020-01-26 22:09:00,0.25250044807842187
2020-01-26 22:12:00,0.3283427525939828
2020-01-26 22:15:00,0.2870982860039817
2020-01-26 22:18:00,0.2654400867162394
2020-01-26 22:21:00,0.3066641163483155
2020-01-26 22:24:00,0.3239974428639698
2020-01-26 22:27:00,0.35188999271457533
2020-01-26 22:30:00,0.3534941959116509
2020-01-26 22:33:00,0.23218012255381382
2020-01-26 22:36:00,0.2884946996915687
2020-01-26 22:39:00,0.26216384669930903
2020-01-26 22:42:00,0.3159168060602724
2020-01-26 22:45:00,0.30548436062292694
2020-01-26 22:48:00,0.2465547739859062
2020-01-26 22:51:00,0.2798150547092746
2020-01-26 22:54:00,0.23483087418884452
2020-01-26 22:57:00,0.25470630831893004
2020-01-26 23:00:00,0.310175511044406
2020-01-26 23:03:00,0.24736971965421617
2020-01-26 23:06:00,0.20502899314959677
2020-01-26 23:09:00,0.24898520677714941
2020-01-26 23:12:00,0.2931062345120381
2020-01-26 23:15:00,0.2349826622256046
2020-01-26 23:18:00,0.35877694649258274
2020-01-26 23:21:00,0.2551709700546212
2020-01-26 23:24:00,0.240942925639672
2020-01-26 23:27:00,0.24532395416906638
2020-01-26 23:30:00,0.15418852887989942
2020-01-26 23:33:00,0.2173684052504541
2020-01-26 23:36:00,0.24927451586978577
2020-01-26 23:39:00,0.2815160793597329
2020-01-26 23:42:00,0.24900794273474958
2020-01-26 23:45:00,0.3181989950718389
2020-01-26 23:48:00,0.33004178601220246
2020-01-26 23:51:00,0.18659534657388122
2020-01-26 23:54:00,0.2683971077261731
2020-01-26 23:57:00,0.27802432643341035
2020-01-27 00:00:00,0.22601730646823626
2020-01-27 00:03:00,0.24403248814473955
2020-01-27 00:06:00,0.2513926593495057
2020-01-27 00:09:00,0.18632026210457298
2020-01-27 00:12:00,0.25854681584718264
2020-01-27 00:15:00,0.2618357165078464
2020-01-27 00:18:00,0.20670406747234438
2020-01-27 00:21:00,0.29643397374763936
2020-01-27 00:24:00,0.25977044923752146
2020-01-27 00:27:00,0.32187937470411043
2020-01-27 00:30:00,0.19794236581230962
2020-01-27 00:33:00,0.2921075915227789
2020-01-27 00:36:00,0.2581560747743197
2020-01-27 00:39:00,0.2651228887268644
2020-01-27 00:42:00,0.2572958823617455
2020-01-27 00:45:00,0.24993587668240025
2020-01-27 00:48:00,0.18766353100431843
2020-01-27 00:51:00,0.31268127347493646
2020-01-27 00:54:00,0.1914281366808268
2020-01-27 00:57:00,0.3646418726136744
2020-01-27 01:00:00,0.3054168518387428
2020-01-27 01:03:00,0.3659272227278052
2020-01-27 01:06:00,0.3151579574600305
2020-01-27 01:09:00,0.3623155535682372
2020-01-27 01:12:00,0.3904826630513867
2020-01-27 01:15:00,0.3961192799177411
2020-01-27 01:18:00,0.37653762972132654
2020-01-27 01:21:00,0.4430954366512765
2020-01-27 01:24:00,0.49695773830433154
2020-01-27 01:27:00,0.424048038866772
2020-01-27 01:30:00,0.4700407303741372
2020-01-27 01:33:00,0.3746718286999453
2020-01-27 01:36:00,0.40813484519293297
2020-01-27 01:39:00,0.4273707864664402
2020-01-27 01:42:00,0.3070553454072069
2020-01-27 01:45:00,0.36695842543747403
2020-01-27 01:48:00,0.3704051909283521
2020-01-27 01:51:00,0.2475835780596185
2020-01-27 01:54:00,0.38104224534441755
2020-01-27 01:57:00,0.32846103769281854
2020-01-27 02:00:00,0.35399081224926476
2020-01-27 02:03:00,0.30732772166089717
2020-01-27 02:06:00,0.2791658241971504
2020-01-27 02:09:00,0.3029364008274342
2020-01-27 02:12:00,0.3205257931230676
2020-01-27 02:15:00,0.3224198537095049
2020-01-27 02:18:00,0.2799897374775355
2020-01-27 02:21:00,0.31514984817778213
2020-01-27 02:24:00,0.3225627041919097
2020-01-27 02:27:00,0.2603328523881032
2020-01-27 02:30:00,0.29110739173040656
2020-01-27 02:33:00,0.2171688161897123
2020-01-27 02:36:00,0.3339707734030526
2020-01-27 02:39:00,0.351019180922151
2020-01-27 02:42:00,0.3478802789571773
2020-01-27 02:45:00,0.4178173619329755
2020-01-27 02:48:00,0.19733352233271262
2020-01-27 02:51:00,0.33795491067775174
2020-01-27 02:54:00,0.29694871825682867
2020-01-27 02:57:00,0.25064256277249797
2020-01-27 03:00:00,0.27586241091927377
2020-01-27 03:03:00,0.38374938365427624
2020-01-27 03:06:00,0.32241121126253347
2020-01-27 03:09:00,0.37431922964861997
2020-01-27 03:12:00,0.2798284482605595
2020-01-27 03:15:00,0.22736112127006436
2020-01-27 03:18:00,0.18084287427990375
2020-01-27 03:21:00,0.22877558350882055
2020-01-27 03:24:00,0.23027866452838452
2020-01-27 03:27:00,0.23368729774978192
2020-01-27 03:30:00,0.2393064692084863
2020-01-27 03:33:00,0.3164840769373427
2020-01-27 03:36:00,0.28432197793136993
2020-01-27 03:39:00,0.2578307715766641
2020-01-27 03:42:00,0.3282960209767225
2020-01-27 03:45:00,0.2840631653322703
2020-01-27 03:48:00,0.27251101927708987
2020-01-27 03:51:00,0.32476669911631006
2020-01-27 03:54:00,0.2681986242803873
2020-01-27 03:57:00,0.35900142138848423
2020-01-27 04:00:00,0.19494119500905072
2020-01-27 04:03:00,0.3310263887854603
2020-01-27 04:06:00,0.2736644928575629
2020-01-27 04:09:00,0.2815491563651449
2020-01-27 04:12:00,0.26931446218770816
2020-01-27 04:15:00,0.30649436667863483
2020-01-27 04:18:00,0.29314384078617195
2020-01-27 04:21:00,0.33857022039745743
2020-01-27 04:24:00,0.32806850781400954
2020-01-27 04:27:00,0.32947163970379734
2020-01-27 04:30:00,0.1562404565196971
2020-01-27 04:33:00,0.27666557562287153
2020-01-27 04:36:00,0.27399394216877226
2020-01-27 04:39:00,0.3355800752574396
2020-01-27 04:42:00,0.29978595903958194
2020-01-27 04:45:00,0.3479610596429552
2020-01-27 04:48:00,0.23330682464876418
2020-01-27 04:51:00,0.40553786919883805
2020-01-27 04:54:00,0.2630127426403419
2020-01-27 04:57:00,0.303356603614759
2020-01-27 05:00:00,0.33086511270005303
2020-01-27 05:03:00,0.36689183460714503
2020-01-27 05:06:00,0.27800487016810393
2020-01-27 05:09:00,0.31195288409656996
2020-01-27 05:12:00,0.3294542943753527
2020-01-27 05:15:00,0.3194359303418537
2020-01-27 05:18:00,0.3866245475539358
2020-01-27 05:21:00,0.35079892039351535
2020-01-27 05:24:00,0.31644540322275816
2020-01-27 05:27:00,0.4023759688683981
2020-01-27 05:30:00,0.38572508672092454
2020-01-27 05:33:00,0.391943883028091
2020-01-27 05:36:00,0.30983741958658584
2020-01-27 05:39:00,0.2767490775962642
2020-01-27 05:42:00,0.24167300715544116
2020-01-27 05:45:00,0.3492706620825743
2020-01-27 05:48:00,0.3454564082878733
2020-01-27 05:51:00,0.3834358650846639
2020-01-27 05:54:00,0.3602430906515792
2020-01-27 05:57:00,0.3926804194114766
2020-01-27 06:00:00,0.40846677789932073
2020-01-27 06:03:00,0.2610994790008476
2020-01-27 06:06:00,0.4202484756181093
2020-01-27 06:09:00,0.3387715017940991
2020-01-27 06:12:00,0.34774648118860796
2020-01-27 06:15:00,0.37400294547654767
2020-01-27 06:18:00,0.46052020821059614
2020-01-27 06:21:00,0.2734226069965189
2020-01-27 06:24:00,0.31049298816145665
2020-01-27 06:27:00,0.3034840667997969
2020-01-27 06:30:00,0.25377513999012535
2020-01-27 06:33:00,0.2633150388563763
2020-01-27 06:36:00,0.32183485455209393
2020-01-27 06:39:00,0.4456914520221176
2020-01-27 06:42:00,0.34370187639211736
2020-01-27 06:45:00,0.44377052306072073
2020-01-27 06:48:00,0.39856564471739375
2020-01-27 06:51:00,0.30030942699607976
2020-01-27 06:54:00,0.3985506648645014
2020-01-27 06:57:00,0.41577793323205015
2020-01-27 07:00:00,0.3492954238745938
2020-01-27 07:03:00,0.3255899938654352
2020-01-27 07:06:00,0.41448964250776044
2020-01-27 07:09:00,0.45029745718505865
2020-01-27 07:12:00,0.3496220211414993
2020-01-27 07:15:00,0.3796550025781471
2020-01-27 07:18:00,0.29926533607323336
2020-01-27 07:21:00,0.2734558394831197
2020-01-27 07:24:00,0.30211814713658214
2020-01-27 07:27:00,0.35810123813826067
2020-01-27 07:30:00,0.34899892806930666
2020-01-27 07:33:00,0.3024614797986942
2020-01-27 07:36:00,0.3970160092119386
2020-01-27 07:39:00,0.3287053585745525
2020-01-27 07:42:00,0.3411232862973179
2020-01-27 07:45:00,0.36198838270553324
2020-01-27 07:48:00,0.3492647942434246
2020-01-27 07:51:00,0.3752091227491974
2020-01-27 07:54:00,0.36501585846838225
2020-01-27 07:57:00,0.4158688808694251
2020-01-27 08:00:00,0.38775823552776956
2020-01-27 08:03:00,0.36687650534105387
2020-01-27 08:06:00,0.35095257050409145
2020-01-27 08:09:00,0.40996883743446233
2020-01-27 08:12:00,0.28677981454285373
2020-01-27 08:15:00,0.41865174337385724
2020-01-27 08:18:00,0.24266651173473974
2020-01-27 08:21:00,0.32755282919242745
2020-01-27 08:24:00,0.2925693636468054
2020-01-27 08:27:00,0.31403914939602373
2020-01-27 08:30:00,0.27754667802281574
2020-01-27 08:33:00,0.17705986289814746
2020-01-27 08:36:00,0.22157772767099004
2020-01-27 08:39:00,0.17161387755510304
2020-01-27 08:42:00,0.17778693179218408
2020-01-27 08:45:00,0.19051359865193263
2020-01-27 08:48:00,0.2100252334525976
2020-01-27 08:51:00,0.16428000884354788
2020-01-27 08:54:00,0.2164759381859085
2020-01-27 08:57:00,0.2787629589555536
2020-01-27 09:00:00,0.210666204322024
2020-01-27 09:03:00,0.11576843807148407
2020-01-27 09:06:00,0.20137914908303856
2020-01-27 09:09:00,0.24908207334379995
2020-01-27 09:12:00,0.2913673256472862
2020-01-27 09:15:00,0.32944897282584407
2020-01-27 09:18:00,0.26846165710151126
2020-01-27 09:21:00,0.3152131023171023
2020-01-27 09:24:00,0.306667584955278
2020-01-27 09:27:00,0.23953593987658905
2020-01-27 09:30:00,0.20570877968901868
2020-01-27 09:33:00,0.24387616306768223
2020-01-27 09:36:00,0.17419349661525985
2020-01-27 09:39:00,0.1763132090999875
2020-01-27 09:42:00,0.1493240836028349
2020-01-27 09:45:00,0.15864477282565304
2020-01-27 09:48:00,0.12296584551739898
2020-01-27 09:51:00,0.1418394682555686
2020-01-27 09:54:00,0.08604608809355341
2020-01-27 09:57:00,0.13289767114412143
2020-01-27 10:00:00,0.18513775142702116
2020-01-27 10:03:00,0.09177095621686249
2020-01-27 10:06:00,0.08508456223989924
2020-01-27 10:09:00,0.04086210990391237
2020-01-27 10:12:00,0.062034747596669604
2020-01-27 10:15:00,-0.056639830792050816
2020-01-27 10:18:00,-0.010206342296385174
2020-01-27 10:21:00,0.040399081529301384
2020-01-27 10:24:00,-0.03918684278795581
2020-01-27 10:27:00,0.09831144395047886
2020-01-27 10:30:00,0.09059108748795097
2020-01-27 10:33:00,0.02017952817004698
2020-01-27 10:36:00,0.03531631961828907
2020-01-27 10:39:00,0.03183235581866484
2020-01-27 10:42:00,0.06542648395526385
2020-01-27 10:45:00,-0.10748499830185665
2020-01-27 10:48:00,-0.059249713790563874
2020-01-27 10:51:00,-0.07941105981262808
2020-01-27 10:54:00,0.07434102644106133
2020-01-27 10:57:00,-0.04261481976942605
2020-01-27 11:00:00,-0.17064370833855946
2020-01-27 11:03:00,-0.07120994558169969
2020-01-27 11:06:00,-0.12393954199700374
2020-01-27 11:09:00,-0.04238104024778977
2020-01-27 11:12:00,-0.03744076031722443
2020-01-27 11:15:00,-0.10774848906532952
2020-01-27 11:18:00,-0.18085009013572062
2020-01-27 11:21:00,-0.15390158829586653
2020-01-27 11:24:00,-0.22954171120119327
2020-01-27 11:27:00,-0.16299147135669045
2020-01-27 11:30:00,-0.07200974528876714
2020-01-27 11:33:00,-0.03612296231642631
2020-01-27 11:36:00,-0.16511349777022133
2020-01-27 11:39:00,-0.1803830185772881
2020-01-27 11:42:00,-0.20174935171507968
2020-01-27 11:45:00,-0.0345442440357715
2020-01-27 11:48:00,-0.14610955411706072
2020-01-27 11:51:00,-0.12136168267556968
2020-01-27 11:54:00,-0.07600438360083217
2020-01-27 11:57:00,-0.15702329546456895
2020-01-27 12:00:00,-0.1651321069495566
2020-01-27 12:03:00,-0.17859471415397365
2020-01-27 12:06:00,-0.1603056858203331
2020-01-27 12:09:00,-0.24827698342556914
2020-01-27 12:12:00,-0.12198528586037582
2020-01-27 12:15:00,-0.13859547097803215
2020-01-27 12:18:00,-0.1684153981115628
2020-01-27 12:21:00,-0.11314624660263917
2020-01-27 12:24:00,-0.11434108696778367
2020-01-27 12:27:00,-0.10472859880513852
2020-01-27 12:30:00,-0.1436663526444022
2020-01-27 12:33:00,-0.06191798159898099
2020-01-27 12:36:00,-0.0940289375932366
2020-01-27 12:39:00,-0.07167681386619051
2020-01-27 12:42:00,-0.12291916456257468
2020-01-27 12:45:00,-0.16750477537334518
2020-01-27 12:48:00,-0.24687575926890304
2020-01-27 12:51:00,-0.10118027168454091
2020-01-27 12:54:00,-0.048328924121506134
2020-01-27 12:57:00,-0.06311371449169201
2020-01-27 13:00:00,-0.13126515130261396
2020-01-27 13:03:00,-0.04531095527772777
2020-01-27 13:06:00,-0.10246128890429418
2020-01-27 13:09:00,-0.09580246940225834
2020-01-27 13:12:00,-0.20585472919941594
2020-01-27 13:15:00,-0.18049595581470612
2020-01-27 13:18:00,-0.1502526583561803
2020-01-27 13:21:00,-0.2574193733542529
2020-01-27 13:24:00,-0.27212140742949487
2020-01-27 13:27:00,-0.1958107148686281
2020-01-27 13:30:00,-0.22481135350284376
2020-01-27 13:33:00,-0.2164083764046154
2020-01-27 13:36:00,-0.1718021441381552
2020-01-27 13:39:00,-0.2371410691910114
2020-01-27 13:42:00,-0.07941733873053636
2020-01-27 13:45:00,-0.19606997487016997
2020-01-27 13:48:00,-0.21485273471267874
2020-01-27 13:51:00,-0.3126104246724708
2020-01-27 13:54:00,-0.26109109786403906
2020-01-27 13:57:00,-0.39038014728640746
2020-01-27 14:00:00,-0.2837442301088231
2020-01-27 14:03:00,-0.32061679750637495
2020-01-27 14:06:00,-0.3502392089807813
2020-01-27 14:09:00,-0.35672853473573696
2020-01-27 14:12:00,-0.30701038198003516
2020-01-27 14:15:00,-0.4019890149158982
2020-01-27 14:18:00,-0.2648985831320374
2020-01-27 14:21:00,-0.39400172814669077
2020-01-27 14:24:00,-0.36103769366462757
2020-01-27 14:27:00,-0.26799179887177615
2020-01-27 14:30:00,-0.2689346329577802
2020-01-27 14:33:00,-0.2807296135903812
2020-01-27 14:36:00,-0.179614075914742
2020-01-27 14:39:00,-0.32433181176344306
2020-01-27 14:42:00,-0.27919094545291046
2020-01-27 14:45:00,-0.32167473483747244
2020-01-27 14:48:00,-0.29967299709295503
2020-01-27 14:51:00,-0.386945309172404
2020-01-27 14:54:00,-0.342183796565962
2020-01-27 14:57:00,-0.35272453120785485
2020-01-27 15:00:00,-0.3799871199551603
2020-01-27 15:03:00,-0.5002457683836496
2020-01-27 15:06:00,-0.3065844854389752
2020-01-27 15:09:00,-0.17804001310798867
2020-01-27 15:12:00,-0.28629153491220904
2020-01-27 15:15:00,-0.14664270669783264
2020-01-27 15:18:00,-0.238239235717856
2020-01-27 15:21:00,-0.2287748312498934
2020-01-27 15:24:00,-0.13777641663523355
2020-01-27 15:27:00,-0.13175517271446324
2020-01-27 15:30:00,-0.0927980093580345
2020-01-27 15:33:00,-0.10611885715917424
2020-01-27 15:36:00,-0.07830753950355529
2020-01-27 15:39:00,-0.09045703454205523
2020-01-27 15:42:00,0.024559355201859034
2020-01-27 15:45:00,-0.028408596328858948
2020-01-27 15:48:00,0.13375216607317952
2020-01-27 15:51:00,0.44279082419399174
2020-01-27 15:54:00,0.4044313258795569
2020-01-27 15:57:00,0.22144951350458086
2020-01-27 16:00:00,0.11160800232642032
2020-01-27 16:03:00,0.042270165229979284
2020-01-27 16:06:00,0.03497652345009783
2020-01-27 16:09:00,0.11258503276832244
2020-01-27 16:12:00,0.1609733360427299
2020-01-27 16:15:00,0.15360772678303647
2020-01-27 16:18:00,0.22549613961956538
2020-01-27 16:21:00,0.20726316760044483
2020-01-27 16:24:00,0.23500597922532052
2020-01-27 16:27:00,0.1333367008983828
2020-01-27 16:30:00,0.2982385213847465
2020-01-27 16:33:00,0.44473387761087224
2020-01-27 16:36:00,0.3764469382380753
2020-01-27 16:39:00,0.42160837234035853
2020-01-27 16:42:00,0.454871745227706
2020-01-27 16:45:00,0.2742016338397093
2020-01-27 16:48:00,0.2642679698581105
2020-01-27 16:51:00,0.3686086050793733
2020-01-27 16:54:00,0.2869337789117594
2020-01-27 16:57:00,0.21312233933264224
2020-01-27 17:00:00,0.29382770960552307
2020-01-27 17:03:00,0.3206697795615696
2020-01-27 17:06:00,0.26490830315998437
2020-01-27 17:09:00,0.3023381986332083
2020-01-27 17:12:00,0.22640431929960414
2020-01-27 17:15:00,0.22349857581571086
2020-01-27 17:18:00,0.1676168006156331
2020-01-27 17:21:00,0.32352330240496485
2020-01-27 17:24:00,0.14770545705886207
2020-01-27 17:27:00,0.25255594645727797
2020-01-27 17:30:00,0.2207762211421027
2020-01-27 17:33:00,0.1765491936916419
2020-01-27 17:36:00,0.1921884485626606
2020-01-27 17:39:00,0.1293358532142861
2020-01-27 17:42:00,0.19676852460759164
2020-01-27 17:45:00,0.24339799385370497
2020-01-27 17:48:00,0.25714641684993467
2020-01-27 17:51:00,0.2088267279975753
2020-01-27 17:54:00,0.19903457963880555
2020-01-27 17:57:00,0.13093685986382297
2020-01-27 18:00:00,0.18178214226219325
2020-01-27 18:03:00,0.13742176334716305
2020-01-27 18:06:00,0.16041980511522524
2020-01-27 18:09:00,0.22935516374991494
2020-01-27 18:12:00,0.11550134857765215
2020-01-27 18:15:00,0.24161191688637018
2020-01-27 18:18:00,0.15018934414132445
2020-01-27 18:21:00,0.18707974278538586
2020-01-27 18:24:00,0.09864108176401487
2020-01-27 18:27:00,0.10292396276599902
2020-01-27 18:30:00,0.12472766281115355
2020-01-27 18:33:00,0.10520958461012242
2020-01-27 18:36:00,0.16055079568474184
2020-01-27 18:39:00,0.054113637869647846
2020-01-27 18:42:00,0.14696438970429426
2020-01-27 18:45:00,-0.03668008427592895
2020-01-27 18:48:00,0.15310870698368717
2020-01-27 18:51:00,0.09823467348758186
2020-01-27 18:54:00,
2020-01-27 18:57:00,
2020-01-27 19:00:00,
2020-01-27 19:03:00,0.2684173154255518
2020-01-27 19:06:00,0.06971234841682872
2020-01-27 19:09:00,0.15246041475683114
2020-01-27 19:12:00,0.09655349098346733
2020-01-27 19:15:00,0.09266976580693154
2020-01-27 19:18:00,0.0880090669600122
2020-01-27 19:21:00,0.13066512704045863
2020-01-27 19:24:00,0.17148570742199354
2020-01-27 19:27:00,0.18778050060473106
2020-01-27 19:30:00,0.1440978661400436
2020-01-27 19:33:00,0.10997998157711208
2020-01-27 19:36:00,0.1402329040606105
2020-01-27 19:39:00,0.12059338313451917
2020-01-27 19:42:00,0.1670666910860632
2020-01-27 19:45:00,0.02822134537035481
2020-01-27 19:48:00,0.09333087706352217
2020-01-27 19:51:00,0.18389141062129966
2020-01-27 19:54:00,0.1336950266630197
2020-01-27 19:57:00,0.21638524241677715
2020-01-27 20:00:00,0.17745375078902725
2020-01-27 20:03:00,0.23991175145130228
2020-01-27 20:06:00,0.10692961555378133
2020-01-27 20:09:00,0.20972232243849476
2020-01-27 20:12:00,0.21101373302991533
2020-01-27 20:15:00,0.14269836560316662
2020-01-27 20:18:00,0.09050099720968774
2020-01-27 20:21:00,0.14807539881724097
2020-01-27 20:24:00,0.11220392448694838
2020-01-27 20:27:00,0.11809789877463572
2020-01-27 20:30:00,0.013349812387957627
2020-01-27 20:33:00,0.14540615263604195
2020-01-27 20:36:00,0.11024130416495836
2020-01-27 20:39:00,0.16492399236187794
2020-01-27 20:42:00,0.05064661190971265
2020-01-27 20:45:00,0.15891653474920986
2020-01-27 20:48:00,0.16824410812654378
2020-01-27 20:51:00,0.18135370192862865
2020-01-27 20:54:00,0.14556310488472946
2020-01-27 20:57:00,0.1569089799629637
2020-01-27 21:00:00,0.23278275081111133
2020-01-27 21:03:00,0.10661387019627
2020-01-27 21:06:00,0.1661200502953193
2020-01-27 21:09:00,0.2252820116982548
2020-01-27 21:12:00,0.21522073089874993
2020-01-27 21:15:00,0.166874406806528
2020-01-27 21:18:00,0.21393133190406388
2020-01-27 21:21:00,0.15884569986678798
2020-01-27 21:24:00,0.15668768877941375
2020-01-27 21:27:00,0.20847559453449094
2020-01-27 21:30:00,0.22245187719232717
2020-01-27 21:33:00,0.10828956431265624
2020-01-27 21:36:00,0.20672913155425476
2020-01-27 21:39:00,0.14266691524460384
2020-01-27 21:42:00,0.21385549169121987
2020-01-27 21:45:00,0.19332427317556267
2020-01-27 21:48:00,0.09882667741453588
2020-01-27 21:51:00,0.18563203979266518
2020-01-27 21:54:00,0.08823899499481058
2020-01-27 21:57:00,0.18098744858986038
2020-01-27 22:00:00,0.126265279255108
2020-01-27 22:03:00,0.28344340648970956
2020-01-27 22:06:00,0.1723624987557173
2020-01-27 22:09:00,0.20857970346236243
2020-01-27 22:12:00,0.14264407057743256
2020-01-27 22:15:00,0.16181971873862722
2020-01-27 22:18:00,0.11841921776095887
2020-01-27 22:21:00,0.14322027738376164
2020-01-27 22:24:00,0.11741610568617489
2020-01-27 22:27:00,0.13097166167813157
2020-01-27 22:30:00,0.19736855035120016
2020-01-27 22:33:00,0.16609785055385373
2020-01-27 22:36:00,0.15702380314934317
2020-01-27 22:39:00,0.06411685108548681
2020-01-27 22:42:00,0.2212693809357802
2020-01-27 22:45:00,0.21500323047132497
2020-01-27 22:48:00,0.18074902117245983
2020-01-27 22:51:00,0.188495238599387
2020-01-27 22:54:00,0.034865136186056134
2020-01-27 22:57:00,0.22025617155151167
2020-01-27 23:00:00,0.21217194056708877
2020-01-27 23:03:00,0.1739002231926179
2020-01-27 23:06:00,0.16829607002893
2020-01-27 23:09:00,0.10976441272077864
2020-01-27 23:12:00,0.19178668377156782
2020-01-27 23:15:00,0.22400880526970468
2020-01-27 23:18:00,0.1977661656741816
2020-01-27 23:21:00,0.21922111592527926
2020-01-27 23:24:00,0.18540126453927996
2020-01-27 23:27:00,0.1605978771395371
2020-01-27 23:30:00,0.20989469087783164
2020-01-27 23:33:00,0.2786622758957833
2020-01-27 23:36:00,0.2374534397494017
2020-01-27 23:39:00,0.27052073781641184
2020-01-27 23:42:00,0.2373745800489928
2020-01-27 23:45:00,0.2858869669521482
2020-01-27 23:48:00,0.25829176013547794
2020-01-27 23:51:00,0.2309940891155975
2020-01-27 23:54:00,0.2837080202774587
2020-01-27 23:57:00,0.32074239644600766
2020-01-28 00:00:00,0.23580499911287234
2020-01-28 00:03:00,0.3057979647617799
2020-01-28 00:06:00,0.25378424256689414
2020-01-28 00:09:00,0.274689434114066
2020-01-28 00:12:00,0.2673300350094223
2020-01-28 00:15:00,0.3196675134630027
2020-01-28 00:18:00,0.3136193753172165
2020-01-28 00:21:00,0.2898356342981856
2020-01-28 00:24:00,0.33446374498373643
2020-01-28 00:27:00,0.33371857300511465
2020-01-28 00:30:00,0.27037540348624134
2020-01-28 00:33:00,0.27141141917104505
2020-01-28 00:36:00,0.19137142999670687
2020-01-28 00:39:00,0.315565120248948
2020-01-28 00:42:00,0.27478411941717695
2020-01-28 00:45:00,0.27385285203291687
2020-01-28 00:48:00,0.22675041463020307
2020-01-28 00:51:00,0.22547492989139073
2020-01-28 00:54:00,0.26025889598969343
2020-01-28 00:57:00,0.212025611438321
2020-01-28 01:00:00,0.2713969343638496
2020-01-28 01:03:00,0.27902754077854297
2020-01-28 01:06:00,0.2577986905257035
2020-01-28 01:09:00,0.2610964973193859
2020-01-28 01:12:00,0.2568985611737844
2020-01-28 01:15:00,0.2891023013411882
2020-01-28 01:18:00,0.24533140027699574
2020-01-28 01:21:00,0.2906755413017095
2020-01-28 01:24:00,0.33449815230278546
2020-01-28 01:27:00,0.3190669430412072
2020-01-28 01:30:00,0.2839679466916323
2020-01-28 01:33:00,0.2666235480977548
2020-01-28 01:36:00,0.4201365717075305
2020-01-28 01:39:00,0.2742012480988478
2020-01-28 01:42:00,0.29845612053611603
2020-01-28 01:45:00,0.2959842243033677
2020-01-28 01:48:00,0.28830393166737167
2020-01-28 01:51:00,0.32859156950559054
2020-01-28 01:54:00,0.3144841405573402
2020-01-28 01:57:00,0.3329192338571829
2020-01-28 02:00:00,0.24093970087807293
2020-01-28 02:03:00,0.24798808958303198
2020-01-28 02:06:00,0.41171477649623966
2020-01-28 02:09:00,0.22826349800800472
2020-01-28 02:12:00,0.25203228864324956
2020-01-28 02:15:00,0.25673441092868643
2020-01-28 02:18:00,0.3333100774203217
2020-01-28 02:21:00,0.2197324939987766
2020-01-28 02:24:00,0.237324101551053
2020-01-28 02:27:00,0.2207223150036839
2020-01-28 02:30:00,0.3769059888617221
2020-01-28 02:33:00,0.26104018196144807
2020-01-28 02:36:00,0.24071719950961779
2020-01-28 02:39:00,0.4148778699166087
2020-01-28 02:42:00,0.3316285281822502
2020-01-28 02:45:00,0.3082881438210734
2020-01-28 02:48:00,0.2823299781938431
2020-01-28 02:51:00,0.2895488698748636
2020-01-28 02:54:00,0.35820862803950604
2020-01-28 02:57:00,0.39827015612343075
2020-01-28 03:00:00,0.3197491099857075
2020-01-28 03:03:00,0.3777960491287331
2020-01-28 03:06:00,0.4133944219130967
2020-01-28 03:09:00,0.345962045968065
2020-01-28 03:12:00,0.42836882150970723
2020-01-28 03:15:00,0.43044445689019994
2020-01-28 03:18:00,0.43750214856135017
2020-01-28 03:21:00,0.3595618869243822
2020-01-28 03:24:00,0.3239321596047944
2020-01-28 03:27:00,0.3740423241255826
2020-01-28 03:30:00,0.31097465589402873
2020-01-28 03:33:00,0.37895150738944494
2020-01-28 03:36:00,0.4219373812176741
2020-01-28 03:39:00,0.3536654679258504
2020-01-28 03:42:00,0.2397972682034606
2020-01-28 03:45:00,0.252737366193287
2020-01-28 03:48:00,0.22868981193715854
2020-01-28 03:51:00,0.28158591544917044
2020-01-28 03:54:00,0.24696732922751607
2020-01-28 03:57:00,0.31244575324427615
2020-01-28 04:00:00,0.3513304894528346
2020-01-28 04:03:00,0.3852008118363415
2020-01-28 04:06:00,0.3386463261423387
2020-01-28 04:09:00,0.3153386384258283
2020-01-28 04:12:00,0.37579607005005755
2020-01-28 04:15:00,0.25591485922780066
2020-01-28 04:18:00,0.29173675575862035
2020-01-28 04:21:00,0.29022856586135504
2020-01-28 04:24:00,0.21892103766003856
2020-01-28 04:27:00,0.35643595399182004
2020-01-28 04:30:00,0.33189092371475226
2020-01-28 04:33:00,0.38034354810332616
2020-01-28 04:36:00,0.2505041876311225
2020-01-28 04:39:00,0.3622191435420632
2020-01-28 04:42:00,0.21358255672765836
2020-01-28 04:45:00,0.2350970267301591
2020-01-28 04:48:00,0.3046452591665343
2020-01-28 04:51:00,0.32415803767315765
2020-01-28 04:54:00,0.3737233339463728
2020-01-28 04:57:00,0.34786404244329105
2020-01-28 05:00:00,0.37523056771766505
2020-01-28 05:03:00,0.2904537757178218
2020-01-28 05:06:00,0.25368022925709965
2020-01-28 05:09:00,0.3328276810887587
2020-01-28 05:12:00,0.37495794500063084
2020-01-28 05:15:00,0.3421210754934805
2020-01-28 05:18:00,0.37627797570098664
2020-01-28 05:21:00,0.35061189940978466
2020-01-28 05:24:00,0.2759883271119179
2020-01-28 05:27:00,0.30725543407686473
2020-01-28 05:30:00,0.3474626450417304
2020-01-28 05:33:00,0.3085905883481814
2020-01-28 05:36:00,0.32653650236835574
2020-01-28 05:39:00,0.3397960644333011
2020-01-28 05:42:00,0.3515886867754716
2020-01-28 05:45:00,0.33751882581395876
2020-01-28 05:48:00,0.31256400816084806
2020-01-28 05:51:00,0.37384032419794266
2020-01-28 05:54:00,0.37608056747313867
2020-01-28 05:57:00,0.4007895905674559
2020-01-28 06:00:00,0.347498759692769
2020-01-28 06:03:00,0.3536112516775347
2020-01-28 06:06:00,0.33054353835422035
2020-01-28 06:09:00,0.23402374708763318
2020-01-28 06:12:00,0.23267307400863046
2020-01-28 06:15:00,0.33533099249291354
2020-01-28 06:18:00,0.3586377153704916
2020-01-28 06:21:00,0.3079123364524321
2020-01-28 06:24:00,0.3364287051279007
2020-01-28 06:27:00,0.2424750175198369
2020-01-28 06:30:00,0.2902188011846647
2020-01-28 06:33:00,0.28516024807254325
2020-01-28 06:36:00,0.3052101794353348
2020-01-28 06:39:00,0.3218607927340713
2020-01-28 06:42:00,0.2523773303169037
2020-01-28 06:45:00,0.3108848977979619
2020-01-28 06:48:00,0.4091014048876218
2020-01-28 06:51:00,0.4664780287648682
2020-01-28 06:54:00,0.3273296717915173
2020-01-28 06:57:00,0.3029381730686964
2020-01-28 07:00:00,0.336749165632682
2020-01-28 07:03:00,0.25164128644706807
2020-01-28 07:06:00,0.3233889751058996
2020-01-28 07:09:00,0.28710943598736094
2020-01-28 07:12:00,0.3516249914876539
2020-01-28 07:15:00,0.2705756844500229
2020-01-28 07:18:00,0.25209247223381226
2020-01-28 07:21:00,0.2589137135435067
2020-01-28 07:24:00,0.24400028202421709
2020-01-28 07:27:00,0.3026898781655518
2020-01-28 07:30:00,0.30390510257240066
2020-01-28 07:33:00,0.3760921538485036
2020-01-28 07:36:00,0.389022474393073
2020-01-28 07:39:00,0.33194675639271054
2020-01-28 07:42:00,0.235058420011228
2020-01-28 07:45:00,0.37035991177157257
2020-01-28 07:48:00,0.3466198204862394
2020-01-28 07:51:00,0.3504202434702961
2020-01-28 07:54:00,0.34392347428422454
2020-01-28 07:57:00,0.325844220184365
2020-01-28 08:00:00,0.2262106706218674
2020-01-28 08:03:00,0.2257772318852176
2020-01-28 08:06:00,0.2983491530382594
2020-01-28 08:09:00,0.27346341833322185
2020-01-28 08:12:00,0.2235818115859729
2020-01-28 08:15:00,0.22858482435844962
2020-01-28 08:18:00,0.18509906053617442
2020-01-28 08:21:00,0.2064368140185593
2020-01-28 08:24:00,0.14686285257914733
2020-01-28 08:27:00,0.31916843590522603
2020-01-28 08:30:00,0.3038234170203964
2020-01-28 08:33:00,0.2563249990108716
2020-01-28 08:36:00,0.24617720773369456
2020-01-28 08:39:00,0.2780258683417287
2020-01-28 08:42:00,0.19204650847143512
2020-01-28 08:45:00,0.20600577468394476
2020-01-28 08:48:00,0.24558172759992658
2020-01-28 08:51:00,0.2786111877618396
2020-01-28 08:54:00,0.31846055094865733
2020-01-28 08:57:00,0.28570300480902233
2020-01-28 09:00:00,0.24021280528120315
2020-01-28 09:03:00,0.24640614289768337
2020-01-28 09:06:00,0.24900174010269893
2020-01-28 09:09:00,0.2791675364462094
2020-01-28 09:12:00,0.3418718606428115
2020-01-28 09:15:00,0.24029216126365327
2020-01-28 09:18:00,0.34529432600152177
2020-01-28 09:21:00,0.25452314491195693
2020-01-28 09:24:00,0.1870705595646882
2020-01-28 09:27:00,0.19433529154616735
2020-01-28 09:30:00,0.28974347899224995
2020-01-28 09:33:00,0.22853038397647651
2020-01-28 09:36:00,0.17278123631189146
2020-01-28 09:39:00,0.18483383397318676
2020-01-28 09:42:00,0.15026704943915092
2020-01-28 09:45:00,0.2648333728070611
2020-01-28 09:48:00,0.24794417562253557
2020-01-28 09:51:00,0.15625374770883127
2020-01-28 09:54:00,0.16591755663330332
2020-01-28 09:57:00,0.28014775524587776
2020-01-28 10:00:00,0.28174332771141053
2020-01-28 10:03:00,0.17065058016015655
2020-01-28 10:06:00,0.2538970197355752
2020-01-28 10:09:00,0.2375003455250635
2020-01-28 10:12:00,0.21239386028128138
2020-01-28 10:15:00,0.17986085853181066
2020-01-28 10:18:00,0.2378138884174632
2020-01-28 10:21:00,0.15924765004376695
2020-01-28 10:24:00,0.2369825038580302
2020-01-28 10:27:00,0.1146260412635911
2020-01-28 10:30:00,0.1776257735175477
2020-01-28 10:33:00,0.14630157058280702
2020-01-28 10:36:00,0.19104469028684434
2020-01-28 10:39:00,0.23946681737606923
2020-01-28 10:42:00,0.13309733668359058
2020-01-28 10:45:00,0.2375287245782829
2020-01-28 10:48:00,0.1257601659235661
2020-01-28 10:51:00,0.22246346695072816
2020-01-28 10:54:00,0.17666910411657
2020-01-28 10:57:00,0.08939288609701634
2020-01-28 11:00:00,0.1440645996676153
2020-01-28 11:03:00,0.003485962884099081
2020-01-28 11:06:00,0.10595003437344985
2020-01-28 11:09:00,0.05475463912119949
2020-01-28 11:12:00,0.0324598338726787
2020-01-28 11:15:00,0.07937169508261377
2020-01-28 11:18:00,0.11583741488720989
2020-01-28 11:21:00,0.15881080408212256
2020-01-28 11:24:00,0.11911320923735502
2020-01-28 11:27:00,0.10003422437756626
2020-01-28 11:30:00,0.017604963944052088
2020-01-28 11:33:00,0.12135474171066107
2020-01-28 11:36:00,0.10624722459584746
2020-01-28 11:39:00,0.11412834680385231
2020-01-28 11:42:00,0.14412142549178952
2020-01-28 11:45:00,0.16650987608039713
2020-01-28 11:48:00,0.03198419321745405
2020-01-28 11:51:00,0.018334755498756294
2020-01-28 11:54:00,0.006504196972741738
2020-01-28 11:57:00,-0.04502674585512523
2020-01-28 12:00:00,0.006386933423016217
2020-01-28 12:03:00,0.032869601408435756
2020-01-28 12:06:00,-0.12532637504216382
2020-01-28 12:09:00,-0.10103383923183173
2020-01-28 12:12:00,-0.24573630929432966
2020-01-28 12:15:00,-0.17628511441859018
2020-01-28 12:18:00,-0.20513499197983265
2020-01-28 12:21:00,-0.1104521769084954
2020-01-28 12:24:00,-0.15185488775017575
2020-01-28 12:27:00,-0.19194576884302705
2020-01-28 12:30:00,-0.08382676109670228
2020-01-28 12:33:00,-0.15648265619768154
2020-01-28 12:36:00,-0.08936414726213116
2020-01-28 12:39:00,-0.08729800176013214
2020-01-28 12:42:00,-0.20715303468722368
2020-01-28 12:45:00,-0.21859584867047488
2020-01-28 12:48:00,-0.1339500028824432
2020-01-28 12:51:00,-0.1774626741681118
2020-01-28 12:54:00,-0.14304846910829383
2020-01-28 12:57:00,-0.2615508842214922
2020-01-28 13:00:00,-0.25453951986418133
2020-01-28 13:03:00,-0.26892604866941383
2020-01-28 13:06:00,-0.2421357139702991
2020-01-28 13:09:00,-0.2564424116121131
2020-01-28 13:12:00,-0.13541402155226478
2020-01-28 13:15:00,-0.1953572695020398
2020-01-28 13:18:00,-0.19257349011041924
2020-01-28 13:21:00,-0.32645989031658473
2020-01-28 13:24:00,-0.3264085496740563
2020-01-28 13:27:00,-0.1861860812992404
2020-01-28 13:30:00,-0.2838013676446849
2020-01-28 13:33:00,-0.16718700036608425
2020-01-28 13:36:00,-0.27551492805235966
2020-01-28 13:39:00,-0.21402490169373323
2020-01-28 13:42:00,-0.22814625089716856
2020-01-28 13:45:00,-0.23051552210898762
2020-01-28 13:48:00,-0.2361470557855796
2020-01-28 13:51:00,-0.09869866037917063
2020-01-28 13:54:00,-0.09571490578383646
2020-01-28 13:57:00,-0.029246713677594016
2020-01-28 14:00:00,0.01526913867149915
2020-01-28 14:03:00,0.06433741942794313
2020-01-28 14:06:00,0.0010175860754202404
2020-01-28 14:09:00,-0.1766283414760892
2020-01-28 14:12:00,-0.19128931518702075
2020-01-28 14:15:00,-0.3226737385399474
2020-01-28 14:18:00,-0.2500408809747796
2020-01-28 14:21:00,-0.27475206504686867
2020-01-28 14:24:00,-0.2663072859461977
2020-01-28 14:27:00,-0.2977755606702317
2020-01-28 14:30:00,-0.3902050376033799
2020-01-28 14:33:00,-0.36168702023428523
2020-01-28 14:36:00,-0.4079903390020263
2020-01-28 14:39:00,-0.30843841990156307
2020-01-28 14:42:00,-0.3661187837400348
2020-01-28 14:45:00,-0.38576304803456196
2020-01-28 14:48:00,-0.3816708508218767
2020-01-28 14:51:00,-0.3889036341487895
2020-01-28 14:54:00,-0.3883653281581587
2020-01-28 14:57:00,-0.3151015992709745
2020-01-28 15:00:00,-0.3201759852408941
2020-01-28 15:03:00,-0.26525914777568005
2020-01-28 15:06:00,-0.3140922497809697
2020-01-28 15:09:00,-0.2392102229468378
2020-01-28 15:12:00,-0.20355482747095266
2020-01-28 15:15:00,-0.1412636299236283
2020-01-28 15:18:00,-0.12566287312046143
2020-01-28 15:21:00,-0.018178491519449835
2020-01-28 15:24:00,-0.1292425701452089
2020-01-28 15:27:00,-0.16529991270363098
2020-01-28 15:30:00,-0.06309116393754266
2020-01-28 15:33:00,-0.1707905204277722
2020-01-28 15:36:00,-0.0761468131215679
2020-01-28 15:39:00,-0.042152799043719824
2020-01-28 15:42:00,0.027965218905762868
2020-01-28 15:45:00,-0.018876599537065886
2020-01-28 15:48:00,0.06093697620849525
2020-01-28 15:51:00,0.19117751137349615
2020-01-28 15:54:00,0.23662673108350418
2020-01-28 15:57:00,0.17658701037549918
2020-01-28 16:00:00,0.07836931401027414
2020-01-28 16:03:00,0.00598414701528327
2020-01-28 16:06:00,-0.06482051758558782
2020-01-28 16:09:00,-0.06267749433425251
2020-01-28 16:12:00,-0.12387861199533745
2020-01-28 16:15:00,-0.1402583364500174
2020-01-28 16:18:00,-0.1802874188317105
2020-01-28 16:21:00,-0.11535255242608855
2020-01-28 16:24:00,-0.17074183890156291
2020-01-28 16:27:00,-0.21496752162801158
2020-01-28 16:30:00,-0.054909693068282195
2020-01-28 16:33:00,-0.06210700658874657
2020-01-28 16:36:00,0.22593899697966435
2020-01-28 16:39:00,0.28540133747668506
2020-01-28 16:42:00,0.2545339341175463
2020-01-28 16:45:00,0.1719019306793257
2020-01-28 16:48:00,0.2623312186776161
2020-01-28 16:51:00,0.2643112990043619
2020-01-28 16:54:00,0.48954665000621844
2020-01-28 16:57:00,0.6949361247451407
2020-01-28 17:00:00,0.6903731169269918
2020-01-28 17:03:00,0.7936798168105952
2020-01-28 17:06:00,0.723207000989305
2020-01-28 17:09:00,0.6183695800633586
2020-01-28 17:12:00,0.6466888689801635
2020-01-28 17:15:00,0.8991702198420057
2020-01-28 17:18:00,1.0057319409219758
2020-01-28 17:21:00,0.9268130191467776
2020-01-28 17:24:00,1.0183617125193223
2020-01-28 17:27:00,0.8826803864225212
2020-01-28 17:30:00,0.8799223425280616
2020-01-28 17:33:00,0.9609776056805117
2020-01-28 17:36:00,1.0058798934345532
2020-01-28 17:39:00,0.8681487130395453
2020-01-28 17:42:00,0.7307673134258152
2020-01-28 17:45:00,0.6597732149382978
2020-01-28 17:48:00,0.8215325400577171
2020-01-28 17:51:00,0.6440225219868694
2020-01-28 17:54:00,0.5138253755909545
2020-01-28 17:57:00,0.5259852236997631
2020-01-28 18:00:00,0.6688730893062598
2020-01-28 18:03:00,0.5763456795718866
2020-01-28 18:06:00,0.7545101455361305
2020-01-28 18:09:00,0.895795822834998
2020-01-28 18:12:00,0.7112664298575737
2020-01-28 18:15:00,0.606671700196614
2020-01-28 18:18:00,0.5360973970199439
2020-01-28 18:21:00,0.6376949400068384
2020-01-28 18:24:00,0.8074736652390584
2020-01-28 18:27:00,0.8291456286123662
2020-01-28 18:30:00,0.6854758971413162
2020-01-28 18:33:00,0.789448638565716
2020-01-28 18:36:00,0.803020216454513
2020-01-28 18:39:00,0.5963766982644074
2020-01-28 18:42:00,0.5966579311910891
2020-01-28 18:45:00,0.5782453873176792
2020-01-28 18:48:00,0.6213384922110663
2020-01-28 18:51:00,0.5116204841912122
2020-01-28 18:54:00,
2020-01-28 18:57:00,
2020-01-28 19:00:00,
2020-01-28 19:03:00,0.4378272146320228
2020-01-28 19:06:00,0.2975754642047832
2020-01-28 19:09:00,0.2861629015660583
2020-01-28 19:12:00,0.34753895053376027
2020-01-28 19:15:00,0.38293670768064203
2020-01-28 19:18:00,0.372916551050821
2020-01-28 19:21:00,0.31258430058034037
2020-01-28 19:24:00,0.30798041406080756
2020-01-28 19:27:00,0.24525146285452593
2020-01-28 19:30:00,0.2942406651834517
2020-01-28 19:33:00,0.34914157683266467
2020-01-28 19:36:00,0.34808618194801966
2020-01-28 19:39:00,0.2592203066248544
2020-01-28 19:42:00,0.30348711796813177
2020-01-28 19:45:00,0.33692015496484373
2020-01-28 19:48:00,0.2583289562129494
2020-01-28 19:51:00,0.35345394743347924
2020-01-28 19:54:00,0.3824306045037815
2020-01-28 19:57:00,0.2790083441541924
2020-01-28 20:00:00,0.3259387368372586
2020-01-28 20:03:00,0.2771567997712623
2020-01-28 20:06:00,0.2770563675498465
2020-01-28 20:09:00,0.27452347419296075
2020-01-28 20:12:00,0.27805158926247486
2020-01-28 20:15:00,0.21427345056486047
2020-01-28 20:18:00,0.3487356503788419
2020-01-28 20:21:00,0.3042780077695397
2020-01-28 20:24:00,0.3007877232349756
2020-01-28 20:27:00,0.346237316578879
2020-01-28 20:30:00,0.29410228506037583
2020-01-28 20:33:00,0.34934905278794304
2020-01-28 20:36:00,0.27472223315373867
2020-01-28 20:39:00,0.3582834902100558
2020-01-28 20:42:00,0.34432215897135166
2020-01-28 20:45:00,0.3637005797619395
2020-01-28 20:48:00,0.2199531399247121
2020-01-28 20:51:00,0.21210016789922292
2020-01-28 20:54:00,0.3965538165605267
2020-01-28 20:57:00,0.33363890262558016
2020-01-28 21:00:00,0.3196297334596352
2020-01-28 21:03:00,0.3686598187147183
2020-01-28 21:06:00,0.3926031779797654
2020-01-28 21:09:00,0.3187674784962269
2020-01-28 21:12:00,0.305059172919357
2020-01-28 21:15:00,0.2921665751564433
2020-01-28 21:18:00,0.3361387823259747
2020-01-28 21:21:00,0.29170470963236994
2020-01-28 21:24:00,0.42305665227308964
2020-01-28 21:27:00,0.2783214131438285
2020-01-28 21:30:00,0.34509898022542984
2020-01-28 21:33:00,0.29270718894781567
2020-01-28 21:36:00,0.3014826450527721
2020-01-28 21:39:00,0.262995210392603
2020-01-28 21:42:00,0.39696289944083674
2020-01-28 21:45:00,0.27907862189755406
2020-01-28 21:48:00,0.31039189645770193
2020-01-28 21:51:00,0.3209412228487736
2020-01-28 21:54:00,0.3859394604453996
2020-01-28 21:57:00,0.3588051928110758
2020-01-28 22:00:00,0.2634865123260397
2020-01-28 22:03:00,0.35955187827278223
2020-01-28 22:06:00,0.3408418139284777
2020-01-28 22:09:00,0.3185252161192693
2020-01-28 22:12:00,0.3209842276672248
2020-01-28 22:15:00,0.34831092447223
2020-01-28 22:18:00,0.37502988309177
2020-01-28 22:21:00,0.28429921726791463
2020-01-28 22:24:00,0.25625082022708057
2020-01-28 22:27:00,0.31591204373268056
2020-01-28 22:30:00,0.2983725199532046
2020-01-28 22:33:00,0.3564613348059993
2020-01-28 22:36:00,0.308242028950076
2020-01-28 22:39:00,0.2995081059783615
2020-01-28 22:42:00,0.35819134967778155
2020-01-28 22:45:00,0.4103783076629952
2020-01-28 22:48:00,0.34883842691778
2020-01-28 22:51:00,0.34734295626589073
2020-01-28 22:54:00,0.3608224092357091
2020-01-28 22:57:00,0.34478624128860247
2020-01-28 23:00:00,0.3487885761351208
2020-01-28 23:03:00,0.37065640309242553
2020-01-28 23:06:00,0.3454051997633769
2020-01-28 23:09:00,0.3003151604901291
2020-01-28 23:12:00,0.20619620715359588
2020-01-28 23:15:00,0.41133427429400626
2020-01-28 23:18:00,0.36593680287637653
2020-01-28 23:21:00,0.3212608693266361
2020-01-28 23:24:00,0.38291096136788383
2020-01-28 23:27:00,0.32361518099173736
2020-01-28 23:30:00,0.3319106313758766
2020-01-28 23:33:00,0.3416769858417865
2020-01-28 23:36:00,0.276908217389348
2020-01-28 23:39:00,0.4016314957506779
2020-01-28 23:42:00,0.3903956627336811
2020-01-28 23:45:00,0.3697188501965343
2020-01-28 23:48:00,0.3477338213950816
2020-01-28 23:51:00,0.47914473395331925
2020-01-28 23:54:00,0.35783960588685204
2020-01-28 23:57:00,0.4026449993121446
2020-01-29 00:00:00,0.3790452533285702
2020-01-29 00:03:00,0.44576603912054225
2020-01-29 00:06:00,0.37359848308699384
2020-01-29 00:09:00,0.4008194799220064
2020-01-29 00:12:00,0.38306159740318435
2020-01-29 00:15:00,0.3553404819646744
2020-01-29 00:18:00,0.35102669967488964
2020-01-29 00:21:00,0.4285930392979935
2020-01-29 00:24:00,0.44728220250738104
2020-01-29 00:27:00,0.39183230015424897
2020-01-29 00:30:00,0.4315399018121866
2020-01-29 00:33:00,0.3526471518001699
2020-01-29 00:36:00,0.38469403190458706
2020-01-29 00:39:00,0.4106610966885569
2020-01-29 00:42:00,0.4009143290488737
2020-01-29 00:45:00,0.516096902992274
2020-01-29 00:48:00,0.3614455706625108
2020-01-29 00:51:00,0.45038962869762145
2020-01-29 00:54:00,0.4062657059367325
2020-01-29 00:57:00,0.3953446615822145
2020-01-29 01:00:00,0.40479128553562305
2020-01-29 01:03:00,0.406439924559038
2020-01-29 01:06:00,0.3059738268975707
2020-01-29 01:09:00,0.45113350098273486
2020-01-29 01:12:00,0.44740187528799424
2020-01-29 01:15:00,0.4085683727183209
2020-01-29 01:18:00,0.4368143735297281
2020-01-29 01:21:00,0.4350707454038343
2020-01-29 01:24:00,0.3814400002460161
2020-01-29 01:27:00,0.4542496745033304
2020-01-29 01:30:00,0.41636943368877155
2020-01-29 01:33:00,0.47630964178114255
2020-01-29 01:36:00,0.4516746609241977
2020-01-29 01:39:00,0.45320921008010373
2020-01-29 01:42:00,0.4109924784876853
2020-01-29 01:45:00,0.3945299756589975
2020-01-29 01:48:00,0.37576413358920036
2020-01-29 01:51:00,0.3465811702543533
2020-01-29 01:54:00,0.41271125566561295
2020-01-29 01:57:00,0.3897713156048326
2020-01-29 02:00:00,0.37117423517622683
2020-01-29 02:03:00,0.39744802080929276
2020-01-29 02:06:00,0.4538431104218148
2020-01-29 02:09:00,0.4200576841246857
2020-01-29 02:12:00,0.43591728212112457
2020-01-29 02:15:00,0.35702952978653
2020-01-29 02:18:00,0.43886391553434123
2020-01-29 02:21:00,0.36594467840683365
2020-01-29 02:24:00,0.4251635300794874
2020-01-29 02:27:00,0.30389728267374494
2020-01-29 02:30:00,0.3218116684224128
2020-01-29 02:33:00,0.3756053066143181
2020-01-29 02:36:00,0.42073243884084377
2020-01-29 02:39:00,0.3589183686092383
2020-01-29 02:42:00,0.35893328455978235
2020-01-29 02:45:00,0.417190586713275
2020-01-29 02:48:00,0.32836424611201664
2020-01-29 02:51:00,0.30383564054164935
2020-01-29 02:54:00,0.3090734753159836
2020-01-29 02:57:00,0.3593989634200625
2020-01-29 03:00:00,0.36240884777504334
2020-01-29 03:03:00,0.3927143334981906
2020-01-29 03:06:00,0.25099594107240364
2020-01-29 03:09:00,0.36550402669439563
2020-01-29 03:12:00,0.3505591114754907
2020-01-29 03:15:00,0.3764197085889691
2020-01-29 03:18:00,0.23347356166209465
2020-01-29 03:21:00,0.31324995446658477
2020-01-29 03:24:00,0.2591333088897727
2020-01-29 03:27:00,0.34991366585217065
2020-01-29 03:30:00,0.3450714631219398
2020-01-29 03:33:00,0.34845245299970884
2020-01-29 03:36:00,0.3340552996579049
2020-01-29 03:39:00,0.3644918570419122
2020-01-29 03:42:00,0.376683570164289
2020-01-29 03:45:00,0.27470379403172274
2020-01-29 03:48:00,0.36355166033689557
2020-01-29 03:51:00,0.35194271801992727
2020-01-29 03:54:00,0.3638647691083179
2020-01-29 03:57:00,0.3676194110358324
2020-01-29 04:00:00,0.33867273858220415
2020-01-29 04:03:00,0.3517874948726103
2020-01-29 04:06:00,0.3735876913487459
2020-01-29 04:09:00,0.4206322359862611
2020-01-29 04:12:00,0.3860237460897338
2020-01-29 04:15:00,0.3226851586005637
2020-01-29 04:18:00,0.3877539317060723
2020-01-29 04:21:00,0.36406258137697023
2020-01-29 04:24:00,0.3037694875959005
2020-01-29 04:27:00,0.2870930697517906
2020-01-29 04:30:00,0.30946104554499243
2020-01-29 04:33:00,0.36182630430539575
2020-01-29 04:36:00,0.3295636715075716
2020-01-29 04:39:00,0.331600368805141
2020-01-29 04:42:00,0.4098609740602228
2020-01-29 04:45:00,0.3044467048491697
2020-01-29 04:48:00,0.277931725953124
2020-01-29 04:51:00,0.370277224532515
2020-01-29 04:54:00,0.3562403108102785
2020-01-29 04:57:00,0.43765710391807033
2020-01-29 05:00:00,0.36445855063743693
2020-01-29 05:03:00,0.2585821959176542
2020-01-29 05:06:00,0.2780423379622903
2020-01-29 05:09:00,0.31640791804414903
2020-01-29 05:12:00,0.32636723392113254
2020-01-29 05:15:00,0.2885864908392364
2020-01-29 05:18:00,0.29765819150503603
2020-01-29 05:21:00,0.3409773038047774
2020-01-29 05:24:00,0.34326875972550397
2020-01-29 05:27:00,0.3965992422665181
2020-01-29 05:30:00,0.3206183704646719
2020-01-29 05:33:00,0.3205158585918184
2020-01-29 05:36:00,0.2920771607209076
2020-01-29 05:39:00,0.3820819644645326
2020-01-29 05:42:00,0.4140615361417872
2020-01-29 05:45:00,0.3641083819232449
2020-01-29 05:48:00,0.37343913667081097
2020-01-29 05:51:00,0.37771310888985
2020-01-29 05:54:00,0.3376127974400447
2020-01-29 05:57:00,0.35940047636927375
2020-01-29 06:00:00,0.29291385353599253
2020-01-29 06:03:00,0.3253415201315306
2020-01-29 06:06:00,0.3515389910574527
2020-01-29 06:09:00,0.3866709783692954
2020-01-29 06:12:00,0.26386171490747756
2020-01-29 06:15:00,0.33067827545716
2020-01-29 06:18:00,0.2959429335244863
2020-01-29 06:21:00,0.348255615172377
2020-01-29 06:24:00,0.34144413553701725
2020-01-29 06:27:00,0.373206878113308
2020-01-29 06:30:00,0.38784598980447527
2020-01-29 06:33:00,0.37106400142062057
2020-01-29 06:36:00,0.4041241416165917
2020-01-29 06:39:00,0.3943737051582161
2020-01-29 06:42:00,0.37575220167559564
2020-01-29 06:45:00,0.426013530644866
2020-01-29 06:48:00,0.33334858605070394
2020-01-29 06:51:00,0.37941550386119616
2020-01-29 06:54:00,0.40959671062176994
2020-01-29 06:57:00,0.3602759917497451
2020-01-29 07:00:00,0.306447890089089
2020-01-29 07:03:00,0.36241517110454424
2020-01-29 07:06:00,0.4146459794072257
2020-01-29 07:09:00,0.389124476297809
2020-01-29 07:12:00,0.39878007107080293
2020-01-29 07:15:00,0.341115738625831
2020-01-29 07:18:00,0.4466839608305122
2020-01-29 07:21:00,0.40598206423874217
2020-01-29 07:24:00,0.33972823819777886
2020-01-29 07:27:00,0.3515278589744071
2020-01-29 07:30:00,0.3706317591214088
2020-01-29 07:33:00,0.3635433311702627
2020-01-29 07:36:00,0.4173467099514596
2020-01-29 07:39:00,0.40209126089928304
2020-01-29 07:42:00,0.3244847356550622
2020-01-29 07:45:00,0.3435225824149484
2020-01-29 07:48:00,0.4201750091302756
2020-01-29 07:51:00,0.32689417584720104
2020-01-29 07:54:00,0.3520695159307934
2020-01-29 07:57:00,0.27477447456470827
2020-01-29 08:00:00,0.2847925020583375
2020-01-29 08:03:00,0.2774411864208446
2020-01-29 08:06:00,0.25745679960658663
2020-01-29 08:09:00,0.32868736792346454
2020-01-29 08:12:00,0.3175013313044701
2020-01-29 08:15:00,0.3121295259958856
2020-01-29 08:18:00,0.32351837078931567
2020-01-29 08:21:00,0.257811228830235
2020-01-29 08:24:00,0.21388085665932977
2020-01-29 08:27:00,0.2095859154203481
2020-01-29 08:30:00,0.22475723517572987
2020-01-29 08:33:00,0.2888444917702486
2020-01-29 08:36:00,0.27421239678477605
2020-01-29 08:39:00,0.21314116017748574
2020-01-29 08:42:00,0.299757265839105
2020-01-29 08:45:00,0.21382422412369806
2020-01-29 08:48:00,0.2755319571358541
2020-01-29 08:51:00,0.2362680017342882
2020-01-29 08:54:00,0.2651520986189553
2020-01-29 08:57:00,0.28488409156847183
2020-01-29 09:00:00,0.19632832147931367
2020-01-29 09:03:00,0.26868966194655286
2020-01-29 09:06:00,0.23662476336687632
2020-01-29 09:09:00,0.2605357339161287
2020-01-29 09:12:00,0.29720981550894976
2020-01-29 09:15:00,0.2056750210758196
2020-01-29 09:18:00,0.15506644294038097
2020-01-29 09:21:00,0.21949630633253037
2020-01-29 09:24:00,0.1807711999053936
2020-01-29 09:27:00,0.21527405904589614
2020-01-29 09:30:00,0.1456815501482538
2020-01-29 09:33:00,0.30195130278457327
2020-01-29 09:36:00,0.19023501653981612
2020-01-29 09:39:00,0.17392936317617114
2020-01-29 09:42:00,0.08685829573119008
2020-01-29 09:45:00,0.1281006383693466
2020-01-29 09:48:00,0.0479497698768796
2020-01-29 09:51:00,0.05648256228931814
2020-01-29 09:54:00,0.1175849620138365
2020-01-29 09:57:00,0.019262856465218192
2020-01-29 10:00:00,0.08221053215839902
2020-01-29 10:03:00,0.05846722702085572
2020-01-29 10:06:00,0.023825939813207242
2020-01-29 10:09:00,0.10870167114978813
2020-01-29 10:12:00,-0.013967367571183331
2020-01-29 10:15:00,0.044939639669109965
2020-01-29 10:18:00,-0.017054833948577652
2020-01-29 10:21:00,-0.017404950253819607
2020-01-29 10:24:00,0.010839708040691676
2020-01-29 10:27:00,0.07939061599165598
2020-01-29 10:30:00,0.03600146743002597
2020-01-29 10:33:00,-0.012895236134568222
2020-01-29 10:36:00,-0.015063350622710914
2020-01-29 10:39:00,-0.03541091233478255
2020-01-29 10:42:00,-0.11021369628667799
2020-01-29 10:45:00,-0.007778648421492562
2020-01-29 10:48:00,-0.1434491588245237
2020-01-29 10:51:00,-0.14627624846627896
2020-01-29 10:54:00,-0.14679556565033636
2020-01-29 10:57:00,-0.15022711633520203
2020-01-29 11:00:00,-0.1254084680739993
2020-01-29 11:03:00,-0.09138986394401627
2020-01-29 11:06:00,-0.12862613805327783
2020-01-29 11:09:00,-0.17164837829693624
2020-01-29 11:12:00,-0.1659642827643779
2020-01-29 11:15:00,-0.1789002874144785
2020-01-29 11:18:00,-0.12362980970510762
2020-01-29 11:21:00,-0.15769768487939473
2020-01-29 11:24:00,-0.09969495433756492
2020-01-29 11:27:00,-0.1656303786618878
2020-01-29 11:30:00,-0.10647723805760734
2020-01-29 11:33:00,-0.07269692224417668
2020-01-29 11:36:00,-0.14525571241972557
2020-01-29 11:39:00,-0.2078312951690009
2020-01-29 11:42:00,-0.3023674385705135
2020-01-29 11:45:00,-0.19504056707910422
2020-01-29 11:48:00,-0.16083007984497044
2020-01-29 11:51:00,-0.2505202750123203
2020-01-29 11:54:00,-0.32959742312493745
2020-01-29 11:57:00,-0.29236744026167116
2020-01-29 12:00:00,-0.26837894022997943
2020-01-29 12:03:00,-0.1731740290941275
2020-01-29 12:06:00,-0.23823582277429978
2020-01-29 12:09:00,-0.33204618817325127
2020-01-29 12:12:00,-0.23412331598035507
2020-01-29 12:15:00,-0.33888390438647775
2020-01-29 12:18:00,-0.4119090986561673
2020-01-29 12:21:00,-0.36990199377845556
2020-01-29 12:24:00,-0.37407505844021216
2020-01-29 12:27:00,-0.33221394113303404
2020-01-29 12:30:00,-0.3289916091007399
2020-01-29 12:33:00,-0.3717473720997191
2020-01-29 12:36:00,-0.3181231096670558
2020-01-29 12:39:00,-0.3503691880423503
2020-01-29 12:42:00,-0.3223919294735538
2020-01-29 12:45:00,-0.3167339425788782
2020-01-29 12:48:00,-0.32395457762993374
2020-01-29 12:51:00,-0.21898129645262543
2020-01-29 12:54:00,-0.17647618586846647
2020-01-29 12:57:00,-0.18021364016232155
2020-01-29 13:00:00,-0.08594517619496855
2020-01-29 13:03:00,-0.24229442290589986
2020-01-29 13:06:00,-0.20673224689420522
2020-01-29 13:09:00,-0.19927351195758547
2020-01-29 13:12:00,-0.22365408889993432
2020-01-29 13:15:00,-0.2180437620399971
2020-01-29 13:18:00,-0.3522669392025932
2020-01-29 13:21:00,-0.33341972352837956
2020-01-29 13:24:00,-0.2899571804833272
2020-01-29 13:27:00,-0.088303334633963
2020-01-29 13:30:00,-0.19506676742742002
2020-01-29 13:33:00,-0.18288428060907336
2020-01-29 13:36:00,-0.10586392418366586
2020-01-29 13:39:00,-0.20584659165410812
2020-01-29 13:42:00,-0.23328924828405206
2020-01-29 13:45:00,-0.22860106970495053
2020-01-29 13:48:00,-0.37834937386264755
2020-01-29 13:51:00,-0.2349217947192983
2020-01-29 13:54:00,-0.2580260666717322
2020-01-29 13:57:00,-0.3090535458359227
2020-01-29 14:00:00,-0.29985599558489184
2020-01-29 14:03:00,-0.11050753288435544
2020-01-29 14:06:00,-0.16549318090528686
2020-01-29 14:09:00,-0.05234443618297746
2020-01-29 14:12:00,-0.15355058719131875
2020-01-29 14:15:00,-0.21707749154126077
2020-01-29 14:18:00,-0.03131682233208721
2020-01-29 14:21:00,-0.1843411852715917
2020-01-29 14:24:00,-0.09463431723713711
2020-01-29 14:27:00,-0.22550119765946874
2020-01-29 14:30:00,-0.19972090419690858
2020-01-29 14:33:00,-0.2418152665877642
2020-01-29 14:36:00,-0.17191432324375455
2020-01-29 14:39:00,-0.33714217111145217
2020-01-29 14:42:00,-0.3124290074264877
2020-01-29 14:45:00,-0.29851264067491456
2020-01-29 14:48:00,-0.16684509487333798
2020-01-29 14:51:00,-0.15346312853301924
2020-01-29 14:54:00,-0.07487827131313907
2020-01-29 14:57:00,-0.031818651102639706
2020-01-29 15:00:00,0.14366182215235312
2020-01-29 15:03:00,0.07175218720209386
2020-01-29 15:06:00,0.137882288939295
2020-01-29 15:09:00,0.2037364921718563
2020-01-29 15:12:00,0.12312007838266936
2020-01-29 15:15:00,-0.06430682749953576
2020-01-29 15:18:00,0.03245355168309061
2020-01-29 15:21:00,0.0976957614833509
2020-01-29 15:24:00,0.02818023608637077
2020-01-29 15:27:00,-0.09608956039147643
2020-01-29 15:30:00,-0.18027079275788083
2020-01-29 15:33:00,-0.24448911692019237
2020-01-29 15:36:00,-0.37134668770835333
2020-01-29 15:39:00,-0.187585692037203
2020-01-29 15:42:00,-0.36766072142745543
2020-01-29 15:45:00,-0.1450803519554711
2020-01-29 15:48:00,-0.053198661744772835
2020-01-29 15:51:00,-0.10411449062087286
2020-01-29 15:54:00,-0.06181625981378147
2020-01-29 15:57:00,-0.08091148452660946
2020-01-29 16:00:00,-0.08020476073113514
2020-01-29 16:03:00,-0.07352208997053822
2020-01-29 16:06:00,-0.17954904770294888
2020-01-29 16:09:00,-0.23558481692924715
2020-01-29 16:12:00,-0.09859052711584582
2020-01-29 16:15:00,-0.18058559209219993
2020-01-29 16:18:00,-0.22494828674678047
2020-01-29 16:21:00,-0.1576653385445752
2020-01-29 16:24:00,-0.25658163745123375
2020-01-29 16:27:00,-0.33757536439389924
2020-01-29 16:30:00,-0.35936108066141514
2020-01-29 16:33:00,-0.39493399663251694
2020-01-29 16:36:00,-0.29724252310217025
2020-01-29 16:39:00,-0.26513856216411114
2020-01-29 16:42:00,-0.16273509536551956
2020-01-29 16:45:00,-0.22451049289060165
2020-01-29 16:48:00,-0.32850469495929246
2020-01-29 16:51:00,-0.2919569890278808
2020-01-29 16:54:00,-0.08594986370974311
2020-01-29 16:57:00,-0.1282710233653006
2020-01-29 17:00:00,-0.12055262342948936
2020-01-29 17:03:00,-0.21469903192331685
2020-01-29 17:06:00,-0.12436049650756331
2020-01-29 17:09:00,-0.1186276340812924
2020-01-29 17:12:00,-0.10253938255328876
2020-01-29 17:15:00,-0.23883571774274515
2020-01-29 17:18:00,-0.15152661124602673
2020-01-29 17:21:00,-0.13125908681712417
2020-01-29 17:24:00,0.00730136819083782
2020-01-29 17:27:00,0.10066916651959446
2020-01-29 17:30:00,-0.04246684766053477
2020-01-29 17:33:00,0.07866269144108173
2020-01-29 17:36:00,0.12087283020395034
2020-01-29 17:39:00,0.02274032417210492
2020-01-29 17:42:00,0.09777707486921372
2020-01-29 17:45:00,0.09133395203713235
2020-01-29 17:48:00,0.07233252680703117
2020-01-29 17:51:00,0.03149438470654786
2020-01-29 17:54:00,0.12398335565421803
2020-01-29 17:57:00,0.030205092308904113
2020-01-29 18:00:00,0.10677385356780178
2020-01-29 18:03:00,0.1367991719538395
2020-01-29 18:06:00,0.1570208682871339
2020-01-29 18:09:00,0.1311212518152729
2020-01-29 18:12:00,0.16736829846581713
2020-01-29 18:15:00,0.10316702712077586
2020-01-29 18:18:00,0.15587671836806294
2020-01-29 18:21:00,0.15495485530061615
2020-01-29 18:24:00,0.22163312520029876
2020-01-29 18:27:00,0.13587931630974026
2020-01-29 18:30:00,0.0686449577775079
2020-01-29 18:33:00,0.09062371392531077
2020-01-29 18:36:00,0.12481064224493821
2020-01-29 18:39:00,0.14692686639460817
2020-01-29 18:42:00,0.06600767880831881
2020-01-29 18:45:00,0.19275967452165332
2020-01-29 18:48:00,0.13921367452951472
2020-01-29 18:51:00,0.0677230628151051
2020-01-29 18:54:00,
2020-01-29 18:57:00,
2020-01-29 19:00:00,
2020-01-29 19:03:00,0.04897880992245973
2020-01-29 19:06:00,0.0681842508154773
2020-01-29 19:09:00,0.049259129138135904
2020-01-29 19:12:00,0.13951674389079471
2020-01-29 19:15:00,0.05513526773108879
2020-01-29 19:18:00,0.08436493296426306
2020-01-29 19:21:00,0.09189507744071079
2020-01-29 19:24:00,0.1591669880057225
2020-01-29 19:27:00,0.12803825942080493
2020-01-29 19:30:00,0.14513657842803696
2020-01-29 19:33:00,0.04683704615848683
2020-01-29 19:36:00,0.04015154253761466
2020-01-29 19:39:00,0.10373890245625716
2020-01-29 19:42:00,0.18588921758396282
2020-01-29 19:45:00,0.1891118720296845
2020-01-29 19:48:00,0.11505050656870708
2020-01-29 19:51:00,0.1189912632511323
2020-01-29 19:54:00,0.17996797890600646
2020-01-29 19:57:00,0.14765210897832048
2020-01-29 20:00:00,0.21855463085046267
2020-01-29 20:03:00,0.22486446456366593
2020-01-29 20:06:00,0.20199440001658786
2020-01-29 20:09:00,0.14590957610846544
2020-01-29 20:12:00,0.11984512799534741
2020-01-29 20:15:00,0.1813797648166542
2020-01-29 20:18:00,0.19898954904675747
2020-01-29 20:21:00,0.1995664201305658
2020-01-29 20:24:00,0.14656835110940847
2020-01-29 20:27:00,0.122075612309402
2020-01-29 20:30:00,0.18616890262757124
2020-01-29 20:33:00,0.1828761908389538
2020-01-29 20:36:00,0.15199318044017218
2020-01-29 20:39:00,0.1254889892656479
2020-01-29 20:42:00,0.14390493332234655
2020-01-29 20:45:00,0.1002101724629938
2020-01-29 20:48:00,0.14029182045277366
2020-01-29 20:51:00,0.17512859239764111
2020-01-29 20:54:00,0.16148171018886615
2020-01-29 20:57:00,0.23166777165306485
2020-01-29 21:00:00,0.13922014952589734
2020-01-29 21:03:00,0.16321284023820226
2020-01-29 21:06:00,0.09182491453088915
2020-01-29 21:09:00,0.2500711094519943
2020-01-29 21:12:00,0.2566247732825673
2020-01-29 21:15:00,0.08007551050383199
2020-01-29 21:18:00,0.1271335488842169
2020-01-29 21:21:00,0.14804052832829484
2020-01-29 21:24:00,0.21878692362400898
2020-01-29 21:27:00,0.2216456780776639
2020-01-29 21:30:00,0.20611556529985364
2020-01-29 21:33:00,0.11682845868011782
2020-01-29 21:36:00,0.014869450544040319
2020-01-29 21:39:00,0.11977114128114863
2020-01-29 21:42:00,0.06210533192438561
2020-01-29 21:45:00,0.10959052431689997
2020-01-29 21:48:00,0.11189724378829169
2020-01-29 21:51:00,0.16405688302842236
2020-01-29 21:54:00,0.0420740393565211
2020-01-29 21:57:00,0.10053596783325247
2020-01-29 22:00:00,0.0806351211830929
2020-01-29 22:03:00,0.14936978396235645
2020-01-29 22:06:00,0.1705202847115288
2020-01-29 22:09:00,0.17275501214680844
2020-01-29 22:12:00,0.1909069420275955
2020-01-29 22:15:00,0.17202828779670654
2020-01-29 22:18:00,0.053982254071740954
2020-01-29 22:21:00,0.18045733119208762
2020-01-29 22:24:00,0.10536913208602527
2020-01-29 22:27:00,0.13784963177431564
2020-01-29 22:30:00,0.10551420737800754
2020-01-29 22:33:00,0.10356723432391846
2020-01-29 22:36:00,0.1786122835588344
2020-01-29 22:39:00,0.15518958562330454
2020-01-29 22:42:00,0.08241185367472781
2020-01-29 22:45:00,0.13975499354683052
2020-01-29 22:48:00,0.1454336495356756
2020-01-29 22:51:00,0.19592414101953182
2020-01-29 22:54:00,0.17282000883625415
2020-01-29 22:57:00,0.20275182388030544
2020-01-29 23:00:00,0.17265232352042403
2020-01-29 23:03:00,0.1132156923903267
2020-01-29 23:06:00,0.20010291908391764
2020-01-29 23:09:00,0.10796354784224604
2020-01-29 23:12:00,0.06602918695205062
2020-01-29 23:15:00,0.12077107804827847
2020-01-29 23:18:00,0.19676357287676183
2020-01-29 23:21:00,0.11149159999104086
2020-01-29 23:24:00,0.20331952507973483
2020-01-29 23:27:00,0.14185881742793072
2020-01-29 23:30:00,0.2627843924722697
2020-01-29 23:33:00,0.15421438535491916
2020-01-29 23:36:00,0.18753241128837317
2020-01-29 23:39:00,0.07625219453871068
2020-01-29 23:42:00,0.053395291964648095
2020-01-29 23:45:00,0.1290167530025883
2020-01-29 23:48:00,0.14798981624687713
2020-01-29 23:51:00,0.12021326349793071
2020-01-29 23:54:00,0.07780441390150372
2020-01-29 23:57:00,0.1917354970390761
2020-01-30 00:00:00,0.20527795178514907
2020-01-30 00:03:00,0.2129983502006212
2020-01-30 00:06:00,0.13822043041432153
2020-01-30 00:09:00,0.05867660814925557
2020-01-30 00:12:00,0.12535253663725143
2020-01-30 00:15:00,0.08525959408336803
2020-01-30 00:18:00,0.1392998670465886
2020-01-30 00:21:00,0.22772527363218842
2020-01-30 00:24:00,0.14916790286179094
2020-01-30 00:27:00,0.2555057225507653
2020-01-30 00:30:00,0.23190266097520862
2020-01-30 00:33:00,0.22955949328121505
2020-01-30 00:36:00,0.18736164260758414
2020-01-30 00:39:00,0.15163794616972837
2020-01-30 00:42:00,0.21857807048786526
2020-01-30 00:45:00,0.14649457734071802
2020-01-30 00:48:00,0.1637629138886041
2020-01-30 00:51:00,0.22084035753857734
2020-01-30 00:54:00,0.2813159329730297
2020-01-30 00:57:00,0.31662443242913696
2020-01-30 01:00:00,0.18616070831461684
2020-01-30 01:03:00,0.26532912345646764
2020-01-30 01:06:00,0.27471557965179727
2020-01-30 01:09:00,0.29033425267778057
2020-01-30 01:12:00,0.20910635329789784
2020-01-30 01:15:00,0.18332528520318192
2020-01-30 01:18:00,0.32889006103954443
2020-01-30 01:21:00,0.32163714157229606
2020-01-30 01:24:00,0.24541423355213965
2020-01-30 01:27:00,0.20543088967599488
2020-01-30 01:30:00,0.25798066804452446
2020-01-30 01:33:00,0.2697685339742293
2020-01-30 01:36:00,0.3047853527406801
2020-01-30 01:39:00,0.24909275105062534
2020-01-30 01:42:00,0.23777028737993078
2020-01-30 01:45:00,0.30655232918593356
2020-01-30 01:48:00,0.2524912013032008
2020-01-30 01:51:00,0.27700598713431646
2020-01-30 01:54:00,0.22624576929030127
2020-01-30 01:57:00,0.27703918798175664
2020-01-30 02:00:00,0.21537537635794024
2020-01-30 02:03:00,0.2482843058755293
2020-01-30 02:06:00,0.20976667378272396
2020-01-30 02:09:00,0.24099465598339975
2020-01-30 02:12:00,0.23660424961150284
2020-01-30 02:15:00,0.2712864955014993
2020-01-30 02:18:00,0.31038774195189944
2020-01-30 02:21:00,0.32070444379974106
2020-01-30 02:24:00,0.327101262896349
2020-01-30 02:27:00,0.3549677415661563
2020-01-30 02:30:00,0.3336885962306724
2020-01-30 02:33:00,0.314112975814794
2020-01-30 02:36:00,0.3244992131401432
2020-01-30 02:39:00,0.30681796143375095
2020-01-30 02:42:00,0.29526451557859446
2020-01-30 02:45:00,0.36645510231568323
2020-01-30 02:48:00,0.2778174798426676
2020-01-30 02:51:00,0.38682884773430715
2020-01-30 02:54:00,0.32430491324277
2020-01-30 02:57:00,0.31935924237984636
2020-01-30 03:00:00,0.3637627449271008
2020-01-30 03:03:00,0.3157693858311177
2020-01-30 03:06:00,0.30686687492436704
2020-01-30 03:09:00,0.3632490554215906
2020-01-30 03:12:00,0.3603758774286234
2020-01-30 03:15:00,0.36177443077838234
2020-01-30 03:18:00,0.36307182866005405
2020-01-30 03:21:00,0.3491653444206122
2020-01-30 03:24:00,0.24711394775721374
2020-01-30 03:27:00,0.3712753322521394
2020-01-30 03:30:00,0.29309813480051616
2020-01-30 03:33:00,0.31502894115317304
2020-01-30 03:36:00,0.31830339857214085
2020-01-30 03:39:00,0.3057158376735174
2020-01-30 03:42:00,0.3605256207597449
2020-01-30 03:45:00,0.2778488685953562
2020-01-30 03:48:00,0.3348906321139111
2020-01-30 03:51:00,0.31399262326084454
2020-01-30 03:54:00,0.3460067793256485
2020-01-30 03:57:00,0.33512757041694385
2020-01-30 04:00:00,0.23823077480540178
2020-01-30 04:03:00,0.2828107524430834
2020-01-30 04:06:00,0.2702858317732648
2020-01-30 04:09:00,0.37451873621404275
2020-01-30 04:12:00,0.3323863152984927
2020-01-30 04:15:00,0.3402560187352037
2020-01-30 04:18:00,0.3379601378372854
2020-01-30 04:21:00,0.3945862500045223
2020-01-30 04:24:00,0.37964088607333224
2020-01-30 04:27:00,0.37911470083093946
2020-01-30 04:30:00,0.36560452763484363
2020-01-30 04:33:00,0.33778098511112375
2020-01-30 04:36:00,0.49666242288367357
2020-01-30 04:39:00,0.3148269202676488
2020-01-30 04:42:00,0.37655624251220843
2020-01-30 04:45:00,0.4040205567022781
2020-01-30 04:48:00,0.33643291920276397
2020-01-30 04:51:00,0.46911480305760733
2020-01-30 04:54:00,0.39809092534108004
2020-01-30 04:57:00,0.3595073571461853
2020-01-30 05:00:00,0.298123272904661
2020-01-30 05:03:00,0.3714420184938376
2020-01-30 05:06:00,0.461662498033661
2020-01-30 05:09:00,0.3699565589891449
2020-01-30 05:12:00,0.2681033900186094
2020-01-30 05:15:00,0.49384541025312956
2020-01-30 05:18:00,0.3501398112680363
2020-01-30 05:21:00,0.34435069203919966
2020-01-30 05:24:00,0.3116722106204861
2020-01-30 05:27:00,0.34036298854687175
2020-01-30 05:30:00,0.40147731012393706
2020-01-30 05:33:00,0.4148826388690736
2020-01-30 05:36:00,0.36893754861773687
2020-01-30 05:39:00,0.30866314544027773
2020-01-30 05:42:00,0.41310353675658007
2020-01-30 05:45:00,0.41807474903822595
2020-01-30 05:48:00,0.45360582175692343
2020-01-30 05:51:00,0.4041137223488249
2020-01-30 05:54:00,0.46881671468457853
2020-01-30 05:57:00,0.37804619717184096
2020-01-30 06:00:00,0.41579203389301256
2020-01-30 06:03:00,0.39603649093015747
2020-01-30 06:06:00,0.39935481197971967
2020-01-30 06:09:00,0.3632979705958519
2020-01-30 06:12:00,0.3163800370035119
2020-01-30 06:15:00,0.38801074467835406
2020-01-30 06:18:00,0.37068050902956884
2020-01-30 06:21:00,0.3913397968507297
2020-01-30 06:24:00,0.43368232788515115
2020-01-30 06:27:00,0.4038180816421004
2020-01-30 06:30:00,0.450997668060495
2020-01-30 06:33:00,0.40489081109149083
2020-01-30 06:36:00,0.5107865225249384
2020-01-30 06:39:00,0.47159596288719285
2020-01-30 06:42:00,0.3915109371230301
2020-01-30 06:45:00,0.5300491293608047
2020-01-30 06:48:00,0.4466576582353241
2020-01-30 06:51:00,0.44072677221481626
2020-01-30 06:54:00,0.4357043031993726
2020-01-30 06:57:00,0.47352815028136774
2020-01-30 07:00:00,0.41854632239648026
2020-01-30 07:03:00,0.44651284933246416
2020-01-30 07:06:00,0.4929604745249776
2020-01-30 07:09:00,0.4693963193590207
2020-01-30 07:12:00,0.4688707859394299
2020-01-30 07:15:00,0.46814831007588964
2020-01-30 07:18:00,0.5059138893175259
2020-01-30 07:21:00,0.4737644193305073
2020-01-30 07:24:00,0.5174660539422575
2020-01-30 07:27:00,0.45758681783797783
2020-01-30 07:30:00,0.5849294046918772
2020-01-30 07:33:00,0.49679122343712834
2020-01-30 07:36:00,0.47607622785000103
2020-01-30 07:39:00,0.498619788072574
2020-01-30 07:42:00,0.4576927576992489
2020-01-30 07:45:00,0.44732206543181974
2020-01-30 07:48:00,0.5054034942852468
2020-01-30 07:51:00,0.4990063558162774
2020-01-30 07:54:00,0.40853323414364695
2020-01-30 07:57:00,0.517145033763768
2020-01-30 08:00:00,0.4782696998046845
2020-01-30 08:03:00,0.4795359037298681
2020-01-30 08:06:00,0.42272754795061473
2020-01-30 08:09:00,0.3006557645732073
2020-01-30 08:12:00,0.3183623115637033
2020-01-30 08:15:00,0.46851105752057265
2020-01-30 08:18:00,0.3879064466667046
2020-01-30 08:21:00,0.37781276888836146
2020-01-30 08:24:00,0.39665770244579335
2020-01-30 08:27:00,0.40027973257957683
2020-01-30 08:30:00,0.38765318084352884
2020-01-30 08:33:00,0.32711470778889407
2020-01-30 08:36:00,0.338767165327738
2020-01-30 08:39:00,0.3345715545983694
2020-01-30 08:42:00,0.3681540172373161
2020-01-30 08:45:00,0.3257660161486342
2020-01-30 08:48:00,0.33088866795270633
2020-01-30 08:51:00,0.426155873233256
2020-01-30 08:54:00,0.3278069880737462
2020-01-30 08:57:00,0.32123705790024815
2020-01-30 09:00:00,0.11602834843489518
2020-01-30 09:03:00,0.26298521756751825
2020-01-30 09:06:00,0.17199794826103698
2020-01-30 09:09:00,0.20238238177933
2020-01-30 09:12:00,0.19822740047101206
2020-01-30 09:15:00,0.1656969724153896
2020-01-30 09:18:00,0.19938012825639362
2020-01-30 09:21:00,0.20023316864165963
2020-01-30 09:24:00,0.13497878097552984
2020-01-30 09:27:00,0.04713744876505643
2020-01-30 09:30:00,0.10685723746428266
2020-01-30 09:33:00,0.17598775423761026
2020-01-30 09:36:00,0.061276746049941266
2020-01-30 09:39:00,0.11745748624633734
2020-01-30 09:42:00,0.18880931748884677
2020-01-30 09:45:00,0.11627785387611311
2020-01-30 09:48:00,0.09325651837815485
2020-01-30 09:51:00,0.01924342604326057
2020-01-30 09:54:00,0.09475782110843056
2020-01-30 09:57:00,0.02761878614660418
2020-01-30 10:00:00,-0.0016007832404056899
2020-01-30 10:03:00,0.02627488861094207
2020-01-30 10:06:00,0.006822267747281785
2020-01-30 10:09:00,0.05013857675135114
2020-01-30 10:12:00,0.013298538155197548
2020-01-30 10:15:00,-0.0619528611421174
2020-01-30 10:18:00,-0.035980785067010856
2020-01-30 10:21:00,0.030704297289389615
2020-01-30 10:24:00,-0.0554710237342988
2020-01-30 10:27:00,-0.07361965151415006
2020-01-30 10:30:00,-0.046479423658524865
2020-01-30 10:33:00,-0.08495328810749925
2020-01-30 10:36:00,-0.049232385045456795
2020-01-30 10:39:00,-0.0752124323892076
2020-01-30 10:42:00,-0.11611479869651475
2020-01-30 10:45:00,-0.053481626922462056
2020-01-30 10:48:00,-0.17194972202662484
2020-01-30 10:51:00,-0.05511680596003998
2020-01-30 10:54:00,-0.04246639951821862
2020-01-30 10:57:00,-0.1678290047444193
2020-01-30 11:00:00,-0.11837415119754269
2020-01-30 11:03:00,-0.1300212030075727
2020-01-30 11:06:00,-0.152364726815847
2020-01-30 11:09:00,-0.1802686727076548
2020-01-30 11:12:00,-0.11832018216125562
2020-01-30 11:15:00,-0.1256814453550419
2020-01-30 11:18:00,-0.10866578330688981
2020-01-30 11:21:00,-0.2469207854082356
2020-01-30 11:24:00,-0.2801599822701064
2020-01-30 11:27:00,-0.32428857143594314
2020-01-30 11:30:00,-0.2345863291489536
2020-01-30 11:33:00,-0.2771751173085022
2020-01-30 11:36:00,-0.1380161545540659
2020-01-30 11:39:00,-0.07693760844802
2020-01-30 11:42:00,-0.18463614801709127
2020-01-30 11:45:00,-0.2082572666894862
2020-01-30 11:48:00,-0.21542413877949684
2020-01-30 11:51:00,-0.3097792459033144
2020-01-30 11:54:00,-0.2503758658074844
2020-01-30 11:57:00,-0.3016808896771863
2020-01-30 12:00:00,-0.20920838287736387
2020-01-30 12:03:00,-0.159878623985378
2020-01-30 12:06:00,-0.24142596336605493
2020-01-30 12:09:00,-0.25436012676505015
2020-01-30 12:12:00,-0.251442869054074
2020-01-30 12:15:00,-0.29520027967555507
2020-01-30 12:18:00,-0.2738207464086031
2020-01-30 12:21:00,-0.29427862130933136
2020-01-30 12:24:00,-0.3234753230963179
2020-01-30 12:27:00,-0.2291883773613108
2020-01-30 12:30:00,-0.20152690269924278
2020-01-30 12:33:00,-0.26460901445113905
2020-01-30 12:36:00,-0.13027639156661053
2020-01-30 12:39:00,-0.23740567822801495
2020-01-30 12:42:00,-0.2611052078888747
2020-01-30 12:45:00,-0.37928315294152526
2020-01-30 12:48:00,-0.31324730496720576
2020-01-30 12:51:00,-0.3525794735880936
2020-01-30 12:54:00,-0.29218148986984716
2020-01-30 12:57:00,-0.37567824571641495
2020-01-30 13:00:00,-0.4202224893546145
2020-01-30 13:03:00,-0.30832421168395285
2020-01-30 13:06:00,-0.3513510419844579
2020-01-30 13:09:00,-0.24904407004953555
2020-01-30 13:12:00,-0.43538618367819026
2020-01-30 13:15:00,-0.2853347157019357
2020-01-30 13:18:00,-0.3894714521277365
2020-01-30 13:21:00,-0.3317108942429172
2020-01-30 13:24:00,-0.2340582024336868
2020-01-30 13:27:00,-0.25790309482567864
2020-01-30 13:30:00,-0.29447046622794915
2020-01-30 13:33:00,-0.3605360103584303
2020-01-30 13:36:00,-0.2387883072659065
2020-01-30 13:39:00,-0.25573546404268654
2020-01-30 13:42:00,-0.3380500592970179
2020-01-30 13:45:00,-0.2857055003179312
2020-01-30 13:48:00,-0.2948057216863731
2020-01-30 13:51:00,-0.19775663832655255
2020-01-30 13:54:00,-0.2565296994837354
2020-01-30 13:57:00,-0.16436421672784718
2020-01-30 14:00:00,-0.32585193286337244
2020-01-30 14:03:00,-0.3494554912023773
2020-01-30 14:06:00,-0.3649999258989851
2020-01-30 14:09:00,-0.3287498624364389
2020-01-30 14:12:00,-0.23479897237132263
2020-01-30 14:15:00,-0.2700346534012965
2020-01-30 14:18:00,-0.21100003973174353
2020-01-30 14:21:00,-0.3215019767514491
2020-01-30 14:24:00,-0.3201877340081296
2020-01-30 14:27:00,-0.3033188741356412
2020-01-30 14:30:00,-0.3556166497122035
2020-01-30 14:33:00,-0.33602671284802454
2020-01-30 14:36:00,-0.31847258171819703
2020-01-30 14:39:00,-0.384094348441522
2020-01-30 14:42:00,-0.2820916574442549
2020-01-30 14:45:00,-0.3121947023687994
2020-01-30 14:48:00,-0.2871976391517137
2020-01-30 14:51:00,-0.33523026551768
2020-01-30 14:54:00,-0.3000568893631339
2020-01-30 14:57:00,-0.27354638545818943
2020-01-30 15:00:00,-0.2595912309527648
2020-01-30 15:03:00,-0.27624604540653763
2020-01-30 15:06:00,-0.34328462164808116
2020-01-30 15:09:00,-0.29798672185353325
2020-01-30 15:12:00,-0.26234793284999114
2020-01-30 15:15:00,-0.20654704591237305
2020-01-30 15:18:00,-0.30959283944088156
2020-01-30 15:21:00,-0.334622513785348
2020-01-30 15:24:00,-0.24075816573810016
2020-01-30 15:27:00,-0.2894784259740959
2020-01-30 15:30:00,-0.2986100527269855
2020-01-30 15:33:00,-0.345869756882621
2020-01-30 15:36:00,-0.18712403603666417
2020-01-30 15:39:00,-0.2881046436549468
2020-01-30 15:42:00,-0.2269580670017035
2020-01-30 15:45:00,-0.2681265294925197
2020-01-30 15:48:00,-0.23240468367424683
2020-01-30 15:51:00,-0.3721407275931483
2020-01-30 15:54:00,-0.2985073826143321
2020-01-30 15:57:00,-0.29708942672647254
2020-01-30 16:00:00,-0.28719218353523956
2020-01-30 16:03:00,-0.20218936605505178
2020-01-30 16:06:00,-0.26025576302947684
2020-01-30 16:09:00,-0.24464666061896878
2020-01-30 16:12:00,-0.24730997298979673
2020-01-30 16:15:00,-0.260255119020087
2020-01-30 16:18:00,-0.2740377750229186
2020-01-30 16:21:00,-0.2679082223223759
2020-01-30 16:24:00,-0.27162260578535324
2020-01-30 16:27:00,-0.28886157179027805
2020-01-30 16:30:00,-0.28916369688050736
2020-01-30 16:33:00,-0.34192463999283973
2020-01-30 16:36:00,-0.3257783137144088
2020-01-30 16:39:00,-0.2174683355095226
2020-01-30 16:42:00,-0.3090327615963133
2020-01-30 16:45:00,-0.2506790512770749
2020-01-30 16:48:00,-0.3150572070733233
2020-01-30 16:51:00,-0.2679129497959707
2020-01-30 16:54:00,-0.3533899315654594
2020-01-30 16:57:00,-0.19871564210143333
2020-01-30 17:00:00,-0.35096391509898694
2020-01-30 17:03:00,-0.3543427443057112
2020-01-30 17:06:00,-0.27480869671120445
2020-01-30 17:09:00,-0.26515945757864756
2020-01-30 17:12:00,-0.2944636289055893
2020-01-30 17:15:00,-0.23766316122055287
2020-01-30 17:18:00,-0.21069428877348173
2020-01-30 17:21:00,-0.22902193890513445
2020-01-30 17:24:00,-0.30113412628156766
2020-01-30 17:27:00,-0.29794136009428485
2020-01-30 17:30:00,-0.42380925988675244
2020-01-30 17:33:00,-0.29492682125652436
2020-01-30 17:36:00,-0.2982557976176281
2020-01-30 17:39:00,-0.2963434363894635
2020-01-30 17:42:00,-0.25390702420418165
2020-01-30 17:45:00,-0.27720723868259256
2020-01-30 17:48:00,-0.3573640587595719
2020-01-30 17:51:00,-0.2652010646395411
2020-01-30 17:54:00,-0.24690787242525403
2020-01-30 17:57:00,-0.27118486876662473
2020-01-30 18:00:00,-0.2570723380397908
2020-01-30 18:03:00,-0.250951981497451
2020-01-30 18:06:00,-0.2440241519490769
2020-01-30 18:09:00,-0.2695606811076914
2020-01-30 18:12:00,-0.1949467044705102
2020-01-30 18:15:00,-0.22379608805943008
2020-01-30 18:18:00,-0.2617461148680036
2020-01-30 18:21:00,-0.2510361092419089
2020-01-30 18:24:00,-0.18937631069428562
2020-01-30 18:27:00,-0.23578808479453528
2020-01-30 18:30:00,-0.1915368022823145
2020-01-30 18:33:00,-0.1516587608173836
2020-01-30 18:36:00,-0.14502163319178862
2020-01-30 18:39:00,-0.3693126325266576
2020-01-30 18:42:00,-0.1947086122700057
2020-01-30 18:45:00,-0.1414729936243475
2020-01-30 18:48:00,-0.1261037931309943
2020-01-30 18:51:00,-0.21218233536512798
2020-01-30 18:54:00,
2020-01-30 18:57:00,
2020-01-30 19:00:00,
2020-01-30 19:03:00,-0.09033592149410197
2020-01-30 19:06:00,-0.11435108832171181
2020-01-30 19:09:00,-0.046786665002230166
2020-01-30 19:12:00,-0.1537085098908051
2020-01-30 19:15:00,-0.0808057414477048
2020-01-30 19:18:00,-0.0553740241927585
2020-01-30 19:21:00,0.014626328204940364
2020-01-30 19:24:00,-0.11972685465264021
2020-01-30 19:27:00,-0.03086720708881785
2020-01-30 19:30:00,-0.07809182069820508
2020-01-30 19:33:00,-0.06137864004227822
2020-01-30 19:36:00,-0.03219828838990679
2020-01-30 19:39:00,-0.04421359017266013
2020-01-30 19:42:00,-0.026818653313000596
2020-01-30 19:45:00,-0.02571162481228839
2020-01-30 19:48:00,-0.006470708657388968
2020-01-30 19:51:00,-0.04968732499321504
2020-01-30 19:54:00,0.017475994252947658
2020-01-30 19:57:00,-0.06768807791905829
2020-01-30 20:00:00,-0.01204305561327601
2020-01-30 20:03:00,4.1474295244370296e-05
2020-01-30 20:06:00,-0.10542521398753024
2020-01-30 20:09:00,0.04880223323885957
2020-01-30 20:12:00,0.05084564446576678
2020-01-30 20:15:00,-0.04380252007672425
2020-01-30 20:18:00,0.0209010695113534
2020-01-30 20:21:00,-0.008302837136511698
2020-01-30 20:24:00,-0.11935852260404545
2020-01-30 20:27:00,0.028413229871091517
2020-01-30 20:30:00,0.05068971194032201
2020-01-30 20:33:00,0.03618549513379321
2020-01-30 20:36:00,0.03439800485773503
2020-01-30 20:39:00,0.060196730752863914
2020-01-30 20:42:00,0.10703162782863274
2020-01-30 20:45:00,0.07420235616962145
2020-01-30 20:48:00,0.10768956435248356
2020-01-30 20:51:00,0.04130137594302141
2020-01-30 20:54:00,0.045731088555726274
2020-01-30 20:57:00,0.023198901055309307
2020-01-30 21:00:00,0.06586618065904304
2020-01-30 21:03:00,0.12556098600134646
2020-01-30 21:06:00,0.13540689890771773
2020-01-30 21:09:00,0.13133404176301156
2020-01-30 21:12:00,0.20647780012569683
2020-01-30 21:15:00,0.21781468153562855
2020-01-30 21:18:00,0.135010992724915
2020-01-30 21:21:00,0.12920116607972432
2020-01-30 21:24:00,0.11969674197518998
2020-01-30 21:27:00,0.1523518533161905
2020-01-30 21:30:00,0.04311905319144671
2020-01-30 21:33:00,0.1822963055700484
2020-01-30 21:36:00,0.12504439350539087
2020-01-30 21:39:00,0.16051247816773184
2020-01-30 21:42:00,0.17045521807153818
2020-01-30 21:45:00,0.08445115550193805
2020-01-30 21:48:00,0.16619128198095723
2020-01-30 21:51:00,0.154527015355427
2020-01-30 21:54:00,0.1900191144574137
2020-01-30 21:57:00,0.049269063609699515
2020-01-30 22:00:00,0.04276869871142708
2020-01-30 22:03:00,0.18353000582811774
2020-01-30 22:06:00,0.1213789193844832
2020-01-30 22:09:00,0.11723700355844358
2020-01-30 22:12:00,0.05514700278314422
2020-01-30 22:15:00,0.11613816032576096
2020-01-30 22:18:00,0.12471717119393588
2020-01-30 22:21:00,0.04729000847885345
2020-01-30 22:24:00,0.11208074391828404
2020-01-30 22:27:00,0.10992934841260649
2020-01-30 22:30:00,0.12273903261302621
2020-01-30 22:33:00,0.14430607173318322
2020-01-30 22:36:00,0.10564224994618598
2020-01-30 22:39:00,0.11393084180400592
2020-01-30 22:42:00,0.1461540886617172
2020-01-30 22:45:00,0.08126672034052262
2020-01-30 22:48:00,0.022216193711471988
2020-01-30 22:51:00,0.10681899951782725
2020-01-30 22:54:00,-0.017751071143379704
2020-01-30 22:57:00,0.05717094353508401
2020-01-30 23:00:00,0.047273569323010634
2020-01-30 23:03:00,0.16991444456670024
2020-01-30 23:06:00,0.06771378115934112
2020-01-30 23:09:00,0.05394881112329131
2020-01-30 23:12:00,0.08202089205445873
2020-01-30 23:15:00,-0.035836130252789644
2020-01-30 23:18:00,0.07609033224974837
2020-01-30 23:21:00,0.053787320478534184
2020-01-30 23:24:00,0.13459699982132634
2020-01-30 23:27:00,-0.003441502080306691
2020-01-30 23:30:00,0.1659957324547463
2020-01-30 23:33:00,0.04529995201903603
2020-01-30 23:36:00,0.0720202441591482
2020-01-30 23:39:00,0.14597524166276798
2020-01-30 23:42:00,0.08810022265174666
2020-01-30 23:45:00,0.05615434529113372
2020-01-30 23:48:00,-0.015038332946915034
2020-01-30 23:51:00,0.043630374635142744
2020-01-30 23:54:00,0.1355990390985653
2020-01-30 23:57:00,0.14806347106753037
2020-01-31 00:00:00,0.06319613729374396
2020-01-31 00:03:00,0.09235630635919279
2020-01-31 00:06:00,-0.009865057342722139
2020-01-31 00:09:00,0.08135361645787498
2020-01-31 00:12:00,0.15381039106239314
2020-01-31 00:15:00,0.14110545199520175
2020-01-31 00:18:00,0.1099193335398354
2020-01-31 00:21:00,0.15802506478524947
2020-01-31 00:24:00,0.20755475309772464
2020-01-31 00:27:00,0.16648734689505318
2020-01-31 00:30:00,0.11556795039581402
2020-01-31 00:33:00,0.0678284051805349
2020-01-31 00:36:00,0.12208189398836566
2020-01-31 00:39:00,0.26770004855660545
2020-01-31 00:42:00,0.15083132470431337
2020-01-31 00:45:00,0.17545880710406436
2020-01-31 00:48:00,0.2255106897258088
2020-01-31 00:51:00,0.13766127542231743
2020-01-31 00:54:00,0.21375644084400847
2020-01-31 00:57:00,0.24129477466641447
2020-01-31 01:00:00,0.1773578475020372
2020-01-31 01:03:00,0.22539752916287625
2020-01-31 01:06:00,0.1571679453378465
2020-01-31 01:09:00,0.1815748828732353
2020-01-31 01:12:00,0.12942495733148007
2020-01-31 01:15:00,0.20281854110066888
2020-01-31 01:18:00,0.18694030985329846
2020-01-31 01:21:00,0.20077971586789545
2020-01-31 01:24:00,0.14970861080331588
2020-01-31 01:27:00,0.169929177601432
2020-01-31 01:30:00,0.13407810632890005
2020-01-31 01:33:00,0.1356982331793688
2020-01-31 01:36:00,0.1799570992403119
2020-01-31 01:39:00,0.17360318387324014
2020-01-31 01:42:00,0.1864633943587819
2020-01-31 01:45:00,0.10516553083806457
2020-01-31 01:48:00,0.20411960196213386
2020-01-31 01:51:00,0.15269160524553627
2020-01-31 01:54:00,0.23124304417751773
2020-01-31 01:57:00,0.2558095642493754
2020-01-31 02:00:00,0.1985954593338306
2020-01-31 02:03:00,0.20495079356129509
2020-01-31 02:06:00,0.23090288640577228
2020-01-31 02:09:00,0.20606298893062558
2020-01-31 02:12:00,0.1690165599002853
2020-01-31 02:15:00,0.21288150822994112
2020-01-31 02:18:00,0.1854554915440758
2020-01-31 02:21:00,0.16994304032527907
2020-01-31 02:24:00,0.30951602671115097
2020-01-31 02:27:00,0.22612757123289384
2020-01-31 02:30:00,0.28103571745441513
2020-01-31 02:33:00,0.2446940661640724
2020-01-31 02:36:00,0.24287731326234052
2020-01-31 02:39:00,0.2435225922665154
2020-01-31 02:42:00,0.12878125293843823
2020-01-31 02:45:00,0.32726883590402167
2020-01-31 02:48:00,0.16824056745207372
2020-01-31 02:51:00,0.2675112731723175
2020-01-31 02:54:00,0.210778043605103
2020-01-31 02:57:00,0.2243719009508709
2020-01-31 03:00:00,0.25988864632910236
2020-01-31 03:03:00,0.18949839474566943
2020-01-31 03:06:00,0.2194982660308824
2020-01-31 03:09:00,0.23657753001555193
2020-01-31 03:12:00,0.22594067352798675
2020-01-31 03:15:00,0.2193422830620193
2020-01-31 03:18:00,0.2514447145509848
2020-01-31 03:21:00,0.27527380371248
2020-01-31 03:24:00,0.24838152060237917
2020-01-31 03:27:00,0.21427288808644107
2020-01-31 03:30:00,0.28634497750636
2020-01-31 03:33:00,0.26650765944742716
2020-01-31 03:36:00,0.09938721938215167
2020-01-31 03:39:00,0.16486753179839297
2020-01-31 03:42:00,0.2079731080321494
2020-01-31 03:45:00,0.13931342992481177
2020-01-31 03:48:00,0.1742665032541595
2020-01-31 03:51:00,0.2808931305739861
2020-01-31 03:54:00,0.13554645893162842
2020-01-31 03:57:00,0.19678139074585488
2020-01-31 04:00:00,0.16899498094142018
2020-01-31 04:03:00,0.25085444808235025
2020-01-31 04:06:00,0.19531139486042548
2020-01-31 04:09:00,0.15990591414390565
2020-01-31 04:12:00,0.10411438067558265
2020-01-31 04:15:00,0.1211396505524931
2020-01-31 04:18:00,0.23180985172285773
2020-01-31 04:21:00,0.2576062908518111
2020-01-31 04:24:00,0.2142528673687707
2020-01-31 04:27:00,0.12348913210087176
2020-01-31 04:30:00,0.12504544983306687
2020-01-31 04:33:00,0.23945695015669344
2020-01-31 04:36:00,0.16019533955744691
2020-01-31 04:39:00,0.3387845020615714
2020-01-31 04:42:00,0.26407210189574926
2020-01-31 04:45:00,0.23414587049114743
2020-01-31 04:48:00,0.2592393889422624
2020-01-31 04:51:00,0.20421704976536148
2020-01-31 04:54:00,0.103856378230887
2020-01-31 04:57:00,0.21642758835992026
2020-01-31 05:00:00,0.23513636442709185
2020-01-31 05:03:00,0.19510354782181594
2020-01-31 05:06:00,0.2461969527423662
2020-01-31 05:09:00,0.33707663445710523
2020-01-31 05:12:00,0.19375364123288819
2020-01-31 05:15:00,0.1710938005337539
2020-01-31 05:18:00,0.22882836759310976
2020-01-31 05:21:00,0.3100020567707702
2020-01-31 05:24:00,0.2575794115622898
2020-01-31 05:27:00,0.22119837409991305
2020-01-31 05:30:00,0.3015083357190633
2020-01-31 05:33:00,0.14429633872543945
2020-01-31 05:36:00,0.2799878854766007
2020-01-31 05:39:00,0.32107868718827604
2020-01-31 05:42:00,0.2705023853077364
2020-01-31 05:45:00,0.25460962363587214
2020-01-31 05:48:00,0.25986136507953006
2020-01-31 05:51:00,0.22996571876996086
2020-01-31 05:54:00,0.3511730765071661
2020-01-31 05:57:00,0.28308007886050746
2020-01-31 06:00:00,0.3676909947031959
2020-01-31 06:03:00,0.2242502490241236
2020-01-31 06:06:00,0.3146685049303528
2020-01-31 06:09:00,0.24723028548260118
2020-01-31 06:12:00,0.3426001941583081
2020-01-31 06:15:00,0.30749038792339434
2020-01-31 06:18:00,0.3116690453811657
2020-01-31 06:21:00,0.22285372849660234
2020-01-31 06:24:00,0.22031410174042776
2020-01-31 06:27:00,0.27859892992239566
2020-01-31 06:30:00,0.3576758417369774
2020-01-31 06:33:00,0.2730098375889156
2020-01-31 06:36:00,0.35251044840333634
2020-01-31 06:39:00,0.3221149610139946
2020-01-31 06:42:00,0.27580837121257673
2020-01-31 06:45:00,0.29198620792425345
2020-01-31 06:48:00,0.3215345687227682
2020-01-31 06:51:00,0.2250321666124364
2020-01-31 06:54:00,0.2958532129836158
2020-01-31 06:57:00,0.22852569784959087
2020-01-31 07:00:00,0.3043545737502882
2020-01-31 07:03:00,0.18804869419403758
2020-01-31 07:06:00,0.22877896451143442
2020-01-31 07:09:00,0.2057527510600039
2020-01-31 07:12:00,0.1703036524444883
2020-01-31 07:15:00,0.23249007716901815
2020-01-31 07:18:00,0.15989021675801496
2020-01-31 07:21:00,0.24629753266100352
2020-01-31 07:24:00,0.28447732667041237
2020-01-31 07:27:00,0.19561012977936798
2020-01-31 07:30:00,0.26898082920234856
2020-01-31 07:33:00,0.2597865581989254
2020-01-31 07:36:00,0.22560980893860005
2020-01-31 07:39:00,0.27680632026618923
2020-01-31 07:42:00,0.21743756501587086
2020-01-31 07:45:00,0.2803176732431325
2020-01-31 07:48:00,0.20495065244040234
2020-01-31 07:51:00,0.2402906030754366
2020-01-31 07:54:00,0.2014097300799449
2020-01-31 07:57:00,0.19578492721916518
2020-01-31 08:00:00,0.27077805034531366
2020-01-31 08:03:00,0.18275215806073675
2020-01-31 08:06:00,0.23004306828505605
2020-01-31 08:09:00,0.21453253862915744
2020-01-31 08:12:00,0.17525163230175167
2020-01-31 08:15:00,0.19055769996043637
2020-01-31 08:18:00,0.13853268989242906
2020-01-31 08:21:00,0.16725289402523913
2020-01-31 08:24:00,0.11681552794954086
2020-01-31 08:27:00,0.16171888095072973
2020-01-31 08:30:00,0.15650298306212562
2020-01-31 08:33:00,0.13399887259390653
2020-01-31 08:36:00,0.2298302182267662
2020-01-31 08:39:00,0.1018730291312977
2020-01-31 08:42:00,0.08772736045801821
2020-01-31 08:45:00,0.07316793190443605
2020-01-31 08:48:00,0.12836482033708307
2020-01-31 08:51:00,0.022144253351257248
2020-01-31 08:54:00,0.08857057252890854
2020-01-31 08:57:00,0.011879196603615583
2020-01-31 09:00:00,-0.03752532449550472
2020-01-31 09:03:00,0.021789334338450317
2020-01-31 09:06:00,-0.03339535895622703
2020-01-31 09:09:00,0.0858564898669556
2020-01-31 09:12:00,-0.09410640721785057
2020-01-31 09:15:00,-0.026444747607001773
2020-01-31 09:18:00,0.04175997432599843
2020-01-31 09:21:00,-0.06071938456022963
2020-01-31 09:24:00,-0.02540091969973446
2020-01-31 09:27:00,-0.07117322543081173
2020-01-31 09:30:00,-0.009686911800145026
2020-01-31 09:33:00,-0.08942116669953748
2020-01-31 09:36:00,-0.17392282068192344
2020-01-31 09:39:00,0.04175509664389665
2020-01-31 09:42:00,-0.0879229703904798
2020-01-31 09:45:00,-0.036199631332408444
2020-01-31 09:48:00,-0.039013593702520666
2020-01-31 09:51:00,-0.09201440171085551
2020-01-31 09:54:00,-0.18177954992614787
2020-01-31 09:57:00,-0.15550545191922538
2020-01-31 10:00:00,-0.07899284792517847
2020-01-31 10:03:00,0.012571575433241833
2020-01-31 10:06:00,-0.16683974849416927
2020-01-31 10:09:00,-0.23670055246577704
2020-01-31 10:12:00,-0.18363690321672266
2020-01-31 10:15:00,-0.19163665161050858
2020-01-31 10:18:00,-0.15878813999125896
2020-01-31 10:21:00,-0.21043415463293513
2020-01-31 10:24:00,-0.1913355326043984
2020-01-31 10:27:00,-0.13369077825046816
2020-01-31 10:30:00,-0.21549149393638345
2020-01-31 10:33:00,-0.16623179133142685
2020-01-31 10:36:00,-0.1548762967958055
2020-01-31 10:39:00,-0.12793487136269732
2020-01-31 10:42:00,-0.14428430544069215
2020-01-31 10:45:00,-0.19672942678806749
2020-01-31 10:48:00,-0.1623745219933994
2020-01-31 10:51:00,-0.2562167745360284
2020-01-31 10:54:00,-0.3182905448502993
2020-01-31 10:57:00,-0.14350180569988424
2020-01-31 11:00:00,-0.2834398145008663
2020-01-31 11:03:00,-0.28981800171931127
2020-01-31 11:06:00,-0.2414877177928929
2020-01-31 11:09:00,-0.24717729019289436
2020-01-31 11:12:00,-0.19384037294673817
2020-01-31 11:15:00,-0.3536564948935279
2020-01-31 11:18:00,-0.45478080349693073
2020-01-31 11:21:00,-0.32012000604163404
2020-01-31 11:24:00,-0.3775423469685393
2020-01-31 11:27:00,-0.2874382128905495
2020-01-31 11:30:00,-0.4235959521033692
2020-01-31 11:33:00,-0.3289114949206464
2020-01-31 11:36:00,-0.3518761227670666
2020-01-31 11:39:00,-0.3735758508764775
2020-01-31 11:42:00,-0.4000117358616535
2020-01-31 11:45:00,-0.3130095644253288
2020-01-31 11:48:00,-0.34959200335481455
2020-01-31 11:51:00,-0.2908216621586348
2020-01-31 11:54:00,-0.3259471352712353
2020-01-31 11:57:00,-0.3602656795788448
2020-01-31 12:00:00,-0.4406216692094631
2020-01-31 12:03:00,-0.38735034554269987
2020-01-31 12:06:00,-0.34470179111326615
2020-01-31 12:09:00,-0.26424360578243977
2020-01-31 12:12:00,-0.41008013916541586
2020-01-31 12:15:00,-0.43779350290651564
2020-01-31 12:18:00,-0.3802769318878063
2020-01-31 12:21:00,-0.3217516943608416
2020-01-31 12:24:00,-0.30809391693804855
2020-01-31 12:27:00,-0.4008793694891324
2020-01-31 12:30:00,-0.39023437859395926
2020-01-31 12:33:00,-0.2981455405171687
2020-01-31 12:36:00,-0.32877049151687743
2020-01-31 12:39:00,-0.36789771615013933
2020-01-31 12:42:00,-0.41665084054125145
2020-01-31 12:45:00,-0.41430261076357056
2020-01-31 12:48:00,-0.3649631949606942
2020-01-31 12:51:00,-0.3705065916151966
2020-01-31 12:54:00,-0.33560618276351306
2020-01-31 12:57:00,-0.4396046032970844
2020-01-31 13:00:00,-0.32313561050756334
2020-01-31 13:03:00,-0.3268986185100289
2020-01-31 13:06:00,-0.40427000587385464
2020-01-31 13:09:00,-0.40378914117644626
2020-01-31 13:12:00,-0.3644807050008012
2020-01-31 13:15:00,-0.2729935634436629
2020-01-31 13:18:00,-0.41163211444694525
2020-01-31 13:21:00,-0.4563848494980789
2020-01-31 13:24:00,-0.3377861138282583
2020-01-31 13:27:00,-0.4027781184812511
2020-01-31 13:30:00,-0.46203375538885894
2020-01-31 13:33:00,-0.44570333469675916
2020-01-31 13:36:00,-0.4907871640094754
2020-01-31 13:39:00,-0.4394776096175974
2020-01-31 13:42:00,-0.36611564863551394
2020-01-31 13:45:00,-0.4502227508928627
2020-01-31 13:48:00,-0.46345171442726496
2020-01-31 13:51:00,-0.44136342328698674
2020-01-31 13:54:00,-0.4333729234469388
2020-01-31 13:57:00,-0.4535974892864374
2020-01-31 14:00:00,-0.3542470563189113
2020-01-31 14:03:00,-0.5168916220533788
2020-01-31 14:06:00,-0.4298282426740343
2020-01-31 14:09:00,-0.3733366900693227
2020-01-31 14:12:00,-0.3780969712960882
2020-01-31 14:15:00,-0.35622014388025036
2020-01-31 14:18:00,-0.4925761689748356
2020-01-31 14:21:00,-0.4479144840108802
2020-01-31 14:24:00,-0.4101265596733583
2020-01-31 14:27:00,-0.4802456904329233
2020-01-31 14:30:00,-0.46061765546750166
2020-01-31 14:33:00,-0.509875664089634
2020-01-31 14:36:00,-0.4683634209125671
2020-01-31 14:39:00,-0.4236864393225801
2020-01-31 14:42:00,-0.4305671053222113
2020-01-31 14:45:00,-0.46481036226418837
2020-01-31 14:48:00,-0.46687030269498564
2020-01-31 14:51:00,-0.47813565082589093
2020-01-31 14:54:00,-0.44860797061022595
2020-01-31 14:57:00,-0.4870443076147808
2020-01-31 15:00:00,-0.4909103368792671
2020-01-31 15:03:00,-0.38291175952804224
2020-01-31 15:06:00,-0.5259761571227841
2020-01-31 15:09:00,-0.5225412445655593
2020-01-31 15:12:00,-0.4823211409928376
2020-01-31 15:15:00,-0.4253888623524631
2020-01-31 15:18:00,-0.6063728455607134
2020-01-31 15:21:00,-0.4597532470750707
2020-01-31 15:24:00,-0.5089576375993943
2020-01-31 15:27:00,-0.4731910641244781
2020-01-31 15:30:00,-0.45357276447850836
2020-01-31 15:33:00,-0.4630394221102847
2020-01-31 15:36:00,-0.5353425098868456
2020-01-31 15:39:00,-0.5760245033400793
2020-01-31 15:42:00,-0.5165092033937526
2020-01-31 15:45:00,-0.5263465076239413
2020-01-31 15:48:00,-0.5568373252629044
2020-01-31 15:51:00,-0.5462741332822247
2020-01-31 15:54:00,-0.5461713302560725
2020-01-31 15:57:00,-0.4891043223556153
2020-01-31 16:00:00,-0.5894364594684021
2020-01-31 16:03:00,-0.5997807390074286
2020-01-31 16:06:00,-0.47592194992654413
2020-01-31 16:09:00,-0.43343783601386576
2020-01-31 16:12:00,-0.44386395722654015
2020-01-31 16:15:00,-0.4795150657952263
2020-01-31 16:18:00,-0.5628350278250878
2020-01-31 16:21:00,-0.516171665617378
2020-01-31 16:24:00,-0.45001674538269754
2020-01-31 16:27:00,-0.5424520220050795
2020-01-31 16:30:00,-0.5556353944396051
2020-01-31 16:33:00,-0.4594970328007548
2020-01-31 16:36:00,-0.48898226104137166
2020-01-31 16:39:00,-0.591514380491617
2020-01-31 16:42:00,-0.5347817602516898
2020-01-31 16:45:00,-0.40411905631350464
2020-01-31 16:48:00,-0.49117422963047375
2020-01-31 16:51:00,-0.5319985591456771
2020-01-31 16:54:00,-0.4688494786167894
2020-01-31 16:57:00,-0.5684111563413126
2020-01-31 17:00:00,-0.4980805519696787
2020-01-31 17:03:00,-0.5271192867660943
2020-01-31 17:06:00,-0.5357182187292437
2020-01-31 17:09:00,-0.4571020728874373
2020-01-31 17:12:00,-0.44143500185521134
2020-01-31 17:15:00,-0.4040826575217693
2020-01-31 17:18:00,-0.5095609889361299
2020-01-31 17:21:00,-0.5032586768430747
2020-01-31 17:24:00,-0.4105100647319091
2020-01-31 17:27:00,-0.4907516062008881
2020-01-31 17:30:00,-0.5168890408298239
2020-01-31 17:33:00,-0.39814013941509074
2020-01-31 17:36:00,-0.4284493644274221
2020-01-31 17:39:00,-0.4289648662655168
2020-01-31 17:42:00,-0.46809685446555704
2020-01-31 17:45:00,-0.4528164776835979
2020-01-31 17:48:00,-0.4302800593166012
2020-01-31 17:51:00,-0.4545202574284417
2020-01-31 17:54:00,-0.4439641339741911
2020-01-31 17:57:00,-0.4160902606336663
2020-01-31 18:00:00,-0.39259450310231614
2020-01-31 18:03:00,-0.4818373542403265
2020-01-31 18:06:00,-0.3816234316840337
2020-01-31 18:09:00,-0.34339346994323705
2020-01-31 18:12:00,-0.38191983897655746
2020-01-31 18:15:00,-0.32388618150923776
2020-01-31 18:18:00,-0.3856788140481058
2020-01-31 18:21:00,-0.3537849247517215
2020-01-31 18:24:00,-0.39080503898162533
2020-01-31 18:27:00,-0.3019669336320021
2020-01-31 18:30:00,-0.4102259086338904
2020-01-31 18:33:00,-0.22933088383683753
2020-01-31 18:36:00,-0.20773933939199196
2020-01-31 18:39:00,-0.24712815762978835
2020-01-31 18:42:00,-0.27204613805372446
2020-01-31 18:45:00,-0.1895136374980666
2020-01-31 18:48:00,-0.20171504734372547
2020-01-31 18:51:00,-0.2619077392620852
2020-01-31 18:54:00,
2020-01-31 18:57:00,
2020-01-31 19:00:00,
2020-01-31 19:03:00,-0.31261023726096937
2020-01-31 19:06:00,-0.31165602546997206
2020-01-31 19:09:00,-0.1598633342924245
2020-01-31 19:12:00,-0.26248985577194617
2020-01-31 19:15:00,-0.3013333583103872
2020-01-31 19:18:00,-0.25637454656504133
2020-01-31 19:21:00,-0.2836346046760241
2020-01-31 19:24:00,-0.28150364758806745
2020-01-31 19:27:00,-0.27720964048711494
2020-01-31 19:30:00,-0.036501309093921464
2020-01-31 19:33:00,-0.13092736140424677
2020-01-31 19:36:00,-0.11983279154446791
2020-01-31 19:39:00,-0.15107387977917597
2020-01-31 19:42:00,-0.0869388296513307
2020-01-31 19:45:00,-0.15707154534976553
2020-01-31 19:48:00,-0.05999177953145818
2020-01-31 19:51:00,-0.09765138500489456
2020-01-31 19:54:00,-0.030923595541594295
2020-01-31 19:57:00,-0.06715237919019046
2020-01-31 20:00:00,-0.04444689836270754
2020-01-31 20:03:00,-0.015344913326259757
2020-01-31 20:06:00,-0.06600003701538526
2020-01-31 20:09:00,0.050452548311739065
2020-01-31 20:12:00,-0.02366811724920126
2020-01-31 20:15:00,0.0024394842870378852
2020-01-31 20:18:00,-0.015398512975139056
2020-01-31 20:21:00,-0.14270763372923057
2020-01-31 20:24:00,0.07656620376280898
2020-01-31 20:27:00,-0.03140504539823041
2020-01-31 20:30:00,0.05433218453930522
2020-01-31 20:33:00,-0.0689732892665802
2020-01-31 20:36:00,0.011446134038749278
2020-01-31 20:39:00,0.0029249872490595408
2020-01-31 20:42:00,0.0060022637245538135
2020-01-31 20:45:00,-0.06881056286118792
2020-01-31 20:48:00,0.07627072229598753
2020-01-31 20:51:00,-0.04685636228788326
2020-01-31 20:54:00,0.021508011281355266
2020-01-31 20:57:00,0.00985093187205166
2020-01-31 21:00:00,-0.10267430091994356
2020-01-31 21:03:00,-0.013169526921615216
2020-01-31 21:06:00,-0.06317140854218906
2020-01-31 21:09:00,0.03898611334398083
2020-01-31 21:12:00,0.01852271533198291
2020-01-31 21:15:00,-0.0039009933970532984
2020-01-31 21:18:00,-0.07538340385133324
2020-01-31 21:21:00,0.029808203529910315
2020-01-31 21:24:00,-0.012282561838901529
2020-01-31 21:27:00,0.09059832955557567
2020-01-31 21:30:00,-0.07342787032939668
2020-01-31 21:33:00,-0.004895644350199291
2020-01-31 21:36:00,-0.005579004630988038
2020-01-31 21:39:00,0.05275407281681055
2020-01-31 21:42:00,0.0031369487365964233
2020-01-31 21:45:00,-0.03234374840576493
2020-01-31 21:48:00,0.07868085952333104
2020-01-31 21:51:00,0.045309814784786795
2020-01-31 21:54:00,0.053080401503962094
2020-01-31 21:57:00,0.06984932218568929
2020-01-31 22:00:00,0.031830133680671224
2020-01-31 22:03:00,0.05585383189963977
2020-01-31 22:06:00,0.0646834788225874
2020-01-31 22:09:00,0.04719849013423527
2020-01-31 22:12:00,0.0831073235791564
2020-01-31 22:15:00,0.05310667539760061
2020-01-31 22:18:00,0.1284906889606532
2020-01-31 22:21:00,0.03302073850136367
2020-01-31 22:24:00,0.052679418555612756
2020-01-31 22:27:00,0.05203538256557749
2020-01-31 22:30:00,0.06743828766832394
2020-01-31 22:33:00,0.06848852063058075
2020-01-31 22:36:00,-0.007612996707450748
2020-01-31 22:39:00,0.042629007812081454
2020-01-31 22:42:00,0.05319643471972313
2020-01-31 22:45:00,0.06972928564613312
2020-01-31 22:48:00,0.1079997444971923
2020-01-31 22:51:00,0.1766118487180961
2020-01-31 22:54:00,0.07584410926654073
2020-01-31 22:57:00,0.03488956176897773
2020-01-31 23:00:00,0.09887750253699323
2020-01-31 23:03:00,0.1802165440141721
2020-01-31 23:06:00,0.08845879616973207
2020-01-31 23:09:00,0.15947883199117996
2020-01-31 23:12:00,-0.0026750863055440277
2020-01-31 23:15:00,0.050434541362164964
2020-01-31 23:18:00,0.23842962802081047
2020-01-31 23:21:00,0.116303704682025
2020-01-31 23:24:00,0.1862807578197021
2020-01-31 23:27:00,0.18932412259374587
2020-01-31 23:30:00,0.09071814487128904
2020-01-31 23:33:00,0.11529668675211724
2020-01-31 23:36:00,0.17842336536159564
2020-01-31 23:39:00,0.071930593609693
2020-01-31 23:42:00,0.0643756498970447
2020-01-31 23:45:00,0.08587121335102665
2020-01-31 23:48:00,0.1283809181626907
2020-01-31 23:51:00,0.09892244365846636
2020-01-31 23:54:00,0.20819438575432514
2020-01-31 23:57:00,0.12901715757408283
2020-02-01 00:00:00,0.1808586142212789
2020-02-01 00:03:00,0.18082006049758093
2020-02-01 00:06:00,0.30696478483048395
2020-02-01 00:09:00,0.10064608714060341
2020-02-01 00:12:00,0.15938353775237601
2020-02-01 00:15:00,0.20239011763277404
2020-02-01 00:18:00,0.11061441044950016
2020-02-01 00:21:00,0.22555753462739858
2020-02-01 00:24:00,0.17201587025306253
2020-02-01 00:27:00,0.21549811192363677
2020-02-01 00:30:00,0.24953463183527447
2020-02-01 00:33:00,0.1493247564228568
2020-02-01 00:36:00,0.027300586980061325
2020-02-01 00:39:00,0.18125044355753062
2020-02-01 00:42:00,0.18381774488085512
2020-02-01 00:45:00,0.13018543146921502
2020-02-01 00:48:00,0.20919181540415366
2020-02-01 00:51:00,0.1618040646040413
2020-02-01 00:54:00,0.24339231305390285
2020-02-01 00:57:00,0.20226936950604113
2020-02-01 01:00:00,0.18846756431759104
2020-02-01 01:03:00,0.15357684570147967
2020-02-01 01:06:00,0.1974025688712686
2020-02-01 01:09:00,0.18761847480914184
2020-02-01 01:12:00,0.24375372226739955
2020-02-01 01:15:00,0.28065148846690136
2020-02-01 01:18:00,0.1485785078475601
2020-02-01 01:21:00,0.19446464878586767
2020-02-01 01:24:00,0.22479383913662332
2020-02-01 01:27:00,0.17871600912104668
2020-02-01 01:30:00,0.2586785164915568
2020-02-01 01:33:00,0.1563978967348021
2020-02-01 01:36:00,0.11318559029791686
2020-02-01 01:39:00,0.17264827904210733
2020-02-01 01:42:00,0.20552181578784712
2020-02-01 01:45:00,0.14645666494163834
2020-02-01 01:48:00,0.21581225339525645
2020-02-01 01:51:00,0.14113195733449402
2020-02-01 01:54:00,0.24924121151741474
2020-02-01 01:57:00,0.17843060853761017
2020-02-01 02:00:00,0.13094381105582897
2020-02-01 02:03:00,0.19858215235512944
2020-02-01 02:06:00,0.2893989001718751
2020-02-01 02:09:00,0.17134766608398877
2020-02-01 02:12:00,0.28960866968964183
2020-02-01 02:15:00,0.19595878732133087
2020-02-01 02:18:00,0.2037696288001598
2020-02-01 02:21:00,0.239246033030156
2020-02-01 02:24:00,0.09789187762561369
2020-02-01 02:27:00,0.194435497963525
2020-02-01 02:30:00,0.22449875461649071
2020-02-01 02:33:00,0.20839071036044743
2020-02-01 02:36:00,0.20869019692463553
2020-02-01 02:39:00,0.21058297371484969
2020-02-01 02:42:00,0.22144130711313892
2020-02-01 02:45:00,0.26048795799442814
2020-02-01 02:48:00,0.19600234932892135
2020-02-01 02:51:00,0.2175372179751207
2020-02-01 02:54:00,0.20304189312781773
2020-02-01 02:57:00,0.2154509165356444
2020-02-01 03:00:00,0.24036846454549732
2020-02-01 03:03:00,0.19763468553662733
2020-02-01 03:06:00,0.18478098489487138
2020-02-01 03:09:00,0.28462266115923285
2020-02-01 03:12:00,0.17831186146901246
2020-02-01 03:15:00,0.256167205985264
2020-02-01 03:18:00,0.28431333642350864
2020-02-01 03:21:00,0.18157211244704285
2020-02-01 03:24:00,0.2970323270408812
2020-02-01 03:27:00,0.31008526895891464
2020-02-01 03:30:00,0.28813203194749804
2020-02-01 03:33:00,0.25517520246660297
2020-02-01 03:36:00,0.28997262882012365
2020-02-01 03:39:00,0.2597257370200623
2020-02-01 03:42:00,0.19167530891513707
2020-02-01 03:45:00,0.28217069592841426
2020-02-01 03:48:00,0.2612885194501473
2020-02-01 03:51:00,0.2302494781367841
2020-02-01 03:54:00,0.20705666042397297
2020-02-01 03:57:00,0.13577683727044132
2020-02-01 04:00:00,0.23503795387119908
2020-02-01 04:03:00,0.3173590729422813
2020-02-01 04:06:00,0.15735141288678278
2020-02-01 04:09:00,0.22464242642763566
2020-02-01 04:12:00,0.19381032871268644
2020-02-01 04:15:00,0.26856101741856264
2020-02-01 04:18:00,0.23361373232381766
2020-02-01 04:21:00,0.28261032349684
2020-02-01 04:24:00,0.23574674853819033
2020-02-01 04:27:00,0.2689499897927021
2020-02-01 04:30:00,0.2905674409744847
2020-02-01 04:33:00,0.2896980161045235
2020-02-01 04:36:00,0.2823090775427204
2020-02-01 04:39:00,0.1826671560764339
2020-02-01 04:42:00,0.3099875118602995
2020-02-01 04:45:00,0.26643182702161994
2020-02-01 04:48:00,0.3383712430024275
2020-02-01 04:51:00,0.27093002744169326
2020-02-01 04:54:00,0.22453462853343353
2020-02-01 04:57:00,0.2808103347916244
2020-02-01 05:00:00,0.3645641978665708
2020-02-01 05:03:00,0.3127367134830479
2020-02-01 05:06:00,0.2922690643484884
2020-02-01 05:09:00,0.34488675355180476
2020-02-01 05:12:00,0.2842681232012296
2020-02-01 05:15:00,0.39479295720866503
2020-02-01 05:18:00,0.3596719340030745
2020-02-01 05:21:00,0.30181296960677173
2020-02-01 05:24:00,0.3493334936639485
2020-02-01 05:27:00,0.44876670162324217
2020-02-01 05:30:00,0.33547528686233363
2020-02-01 05:33:00,0.3241910874642713
2020-02-01 05:36:00,0.30054562656710004
2020-02-01 05:39:00,0.33353332522909795
2020-02-01 05:42:00,0.34385742344181836
2020-02-01 05:45:00,0.3217986306719922
2020-02-01 05:48:00,0.366143449855997
2020-02-01 05:51:00,0.37987019550189416
2020-02-01 05:54:00,0.36574725258424223
2020-02-01 05:57:00,0.32090356994507374
2020-02-01 06:00:00,0.28634156807828504
2020-02-01 06:03:00,0.3162834824875631
2020-02-01 06:06:00,0.3318302733683822
2020-02-01 06:09:00,0.36177056352761383
2020-02-01 06:12:00,0.30784260278608144
2020-02-01 06:15:00,0.286187457537892
2020-02-01 06:18:00,0.42196656348403394
2020-02-01 06:21:00,0.4069299771979331
2020-02-01 06:24:00,0.31413150972917947
2020-02-01 06:27:00,0.3397864147456744
2020-02-01 06:30:00,0.27516603016715635
2020-02-01 06:33:00,0.314677199890923
2020-02-01 06:36:00,0.2658182002501803
2020-02-01 06:39:00,0.3429590762746102
2020-02-01 06:42:00,0.4503350085390707
2020-02-01 06:45:00,0.3665863841961823
2020-02-01 06:48:00,0.3408858380877291
2020-02-01 06:51:00,0.34967023554833077
2020-02-01 06:54:00,0.3993537995458496
2020-02-01 06:57:00,0.35799596605050965
2020-02-01 07:00:00,0.4535675391180689
2020-02-01 07:03:00,0.40851823402027776
2020-02-01 07:06:00,0.3574449845572758
2020-02-01 07:09:00,0.3557174914989787
2020-02-01 07:12:00,0.4558091585578836
2020-02-01 07:15:00,0.3224408010228217
2020-02-01 07:18:00,0.36304607061526895
2020-02-01 07:21:00,0.43087071780496444
2020-02-01 07:24:00,0.35776587024150786
2020-02-01 07:27:00,0.4054484835843368
2020-02-01 07:30:00,0.3405582140737238
2020-02-01 07:33:00,0.3267316885879268
2020-02-01 07:36:00,0.3768267981863005
2020-02-01 07:39:00,0.35809623091074627
2020-02-01 07:42:00,0.36477172672488223
2020-02-01 07:45:00,0.3847559413641193
2020-02-01 07:48:00,0.40675194527784697
2020-02-01 07:51:00,0.3737054410029259
2020-02-01 07:54:00,0.3944376629395947
2020-02-01 07:57:00,0.35864166419833055
2020-02-01 08:00:00,0.299397367108611
2020-02-01 08:03:00,0.32546330275920354
2020-02-01 08:06:00,0.2555448274230798
2020-02-01 08:09:00,0.2903699362271368
2020-02-01 08:12:00,0.3716391998892732
2020-02-01 08:15:00,0.30191644007260265
2020-02-01 08:18:00,0.21602912628310378
2020-02-01 08:21:00,0.2703814325527105
2020-02-01 08:24:00,0.21426499436364566
2020-02-01 08:27:00,0.26771538666895367
2020-02-01 08:30:00,0.24845380304793707
2020-02-01 08:33:00,0.19036252662760944
2020-02-01 08:36:00,0.24527203165825995
2020-02-01 08:39:00,0.324051017751799
2020-02-01 08:42:00,0.24364765671782607
2020-02-01 08:45:00,0.1473603246286075
2020-02-01 08:48:00,0.19500084788222694
2020-02-01 08:51:00,0.16789535606187656
2020-02-01 08:54:00,0.19007542687074874
2020-02-01 08:57:00,0.2061772224477636
2020-02-01 09:00:00,0.2449316822539913
2020-02-01 09:03:00,0.14900796328794286
2020-02-01 09:06:00,0.14739137549975112
2020-02-01 09:09:00,0.24012757954864128
2020-02-01 09:12:00,0.21433785157699958
2020-02-01 09:15:00,0.12829601184563444
2020-02-01 09:18:00,0.14842367415570834
2020-02-01 09:21:00,0.18262900644754154
2020-02-01 09:24:00,0.11550432322712822
2020-02-01 09:27:00,0.19813264090430494
2020-02-01 09:30:00,0.052546983467493646
2020-02-01 09:33:00,0.15121196576779994
2020-02-01 09:36:00,0.11087450207207894
2020-02-01 09:39:00,0.09618840124954886
2020-02-01 09:42:00,0.09597760606442307
2020-02-01 09:45:00,-0.00379301227326323
2020-02-01 09:48:00,0.13668506470708053
2020-02-01 09:51:00,0.12797853037204732
2020-02-01 09:54:00,-0.00704521472050601
2020-02-01 09:57:00,0.05466535385926363
2020-02-01 10:00:00,0.0021981822720817945
2020-02-01 10:03:00,0.01025900278239078
2020-02-01 10:06:00,-0.09416505382489504
2020-02-01 10:09:00,-0.0344661861169584
2020-02-01 10:12:00,-0.1132847505709833
2020-02-01 10:15:00,-0.047912138748984034
2020-02-01 10:18:00,-0.10497051200303531
2020-02-01 10:21:00,-0.1779282345700608
2020-02-01 10:24:00,-0.12544158835299868
2020-02-01 10:27:00,-0.1328789328372295
2020-02-01 10:30:00,-0.15700902331400357
2020-02-01 10:33:00,-0.17707969607033647
2020-02-01 10:36:00,-0.16590267386771984
2020-02-01 10:39:00,-0.14981629117443163
2020-02-01 10:42:00,-0.19223147365039495
2020-02-01 10:45:00,-0.2107314514609584
2020-02-01 10:48:00,-0.18018313915956696
2020-02-01 10:51:00,-0.22635120736015324
2020-02-01 10:54:00,-0.3018929833197035
2020-02-01 10:57:00,-0.30985969112384737
2020-02-01 11:00:00,-0.28109673953332504
2020-02-01 11:03:00,-0.2863747152824203
2020-02-01 11:06:00,-0.25706312295437783
2020-02-01 11:09:00,-0.3041162697384152
2020-02-01 11:12:00,-0.285066174534677
2020-02-01 11:15:00,-0.40383448175077774
2020-02-01 11:18:00,-0.40030658671668107
2020-02-01 11:21:00,-0.2688199464782315
2020-02-01 11:24:00,-0.3087443497115032
2020-02-01 11:27:00,-0.3579075170545707
2020-02-01 11:30:00,-0.3615964365380364
2020-02-01 11:33:00,-0.37245406575027573
2020-02-01 11:36:00,-0.41390003631892114
2020-02-01 11:39:00,-0.4048715790814299
2020-02-01 11:42:00,-0.40846112404540236
2020-02-01 11:45:00,-0.35745266158841105
2020-02-01 11:48:00,-0.43103181922163003
2020-02-01 11:51:00,-0.44876373705722017
2020-02-01 11:54:00,-0.43476388107239927
2020-02-01 11:57:00,-0.5263401018012814
2020-02-01 12:00:00,-0.5344757309048305
2020-02-01 12:03:00,-0.4326100145657392
2020-02-01 12:06:00,-0.4939302489009947
2020-02-01 12:09:00,-0.4936415499082045
2020-02-01 12:12:00,-0.4533382291832595
2020-02-01 12:15:00,-0.4012034688612971
2020-02-01 12:18:00,-0.39518768611321775
2020-02-01 12:21:00,-0.499624934664439
2020-02-01 12:24:00,-0.4772374046778509
2020-02-01 12:27:00,-0.5779904296305176
2020-02-01 12:30:00,-0.4109490972745107
2020-02-01 12:33:00,-0.4406143965064757
2020-02-01 12:36:00,-0.4906410088327675
2020-02-01 12:39:00,-0.4766059999282106
2020-02-01 12:42:00,-0.4880478011591549
2020-02-01 12:45:00,-0.6071887955686748
2020-02-01 12:48:00,-0.51783592713997
2020-02-01 12:51:00,-0.45786104700607666
2020-02-01 12:54:00,-0.5277546635899739
2020-02-01 12:57:00,-0.6000750041259835
2020-02-01 13:00:00,-0.5515524149417388
2020-02-01 13:03:00,-0.5235111246107635
2020-02-01 13:06:00,-0.661990482507008
2020-02-01 13:09:00,-0.5937595105879723
2020-02-01 13:12:00,-0.5827113089721934
2020-02-01 13:15:00,-0.5765522934761975
2020-02-01 13:18:00,-0.5568040644223515
2020-02-01 13:21:00,-0.5974561957280002
2020-02-01 13:24:00,-0.6103879590648376
2020-02-01 13:27:00,-0.5894550354929606
2020-02-01 13:30:00,-0.6475290814043433
2020-02-01 13:33:00,-0.6081156255102087
2020-02-01 13:36:00,-0.6461576124611383
2020-02-01 13:39:00,-0.5316122414816391
2020-02-01 13:42:00,-0.5858657873497464
2020-02-01 13:45:00,-0.5054598142618829
2020-02-01 13:48:00,-0.5446643028392941
2020-02-01 13:51:00,-0.5299098519529934
2020-02-01 13:54:00,-0.49053021108477424
2020-02-01 13:57:00,-0.5409678374677469
2020-02-01 14:00:00,-0.5892011648221569
2020-02-01 14:03:00,-0.6281554368702587
2020-02-01 14:06:00,-0.5238153023410064
2020-02-01 14:09:00,-0.5631246184499901
2020-02-01 14:12:00,-0.5979611506907645
2020-02-01 14:15:00,-0.5362973868377594
2020-02-01 14:18:00,-0.5705625901139797
2020-02-01 14:21:00,-0.44278458580498636
2020-02-01 14:24:00,-0.44926106607510974
2020-02-01 14:27:00,-0.5573933394638289
2020-02-01 14:30:00,-0.7063705684618071
2020-02-01 14:33:00,-0.6175971506447127
2020-02-01 14:36:00,-0.5038446385802331
2020-02-01 14:39:00,-0.5947175485851517
2020-02-01 14:42:00,-0.5771002898505344
2020-02-01 14:45:00,-0.4653963108305561
2020-02-01 14:48:00,-0.46396023596582836
2020-02-01 14:51:00,-0.5127357862064059
2020-02-01 14:54:00,-0.564582061257056
2020-02-01 14:57:00,-0.5021226369748888
2020-02-01 15:00:00,-0.6163195656967559
2020-02-01 15:03:00,-0.5733647005160378
2020-02-01 15:06:00,-0.5542255730813963
2020-02-01 15:09:00,-0.5946176679069026
2020-02-01 15:12:00,-0.6101997923346971
2020-02-01 15:15:00,-0.7229370039740957
2020-02-01 15:18:00,-0.5662952298648065
2020-02-01 15:21:00,-0.6276871487489757
2020-02-01 15:24:00,-0.5553440075324261
2020-02-01 15:27:00,-0.6114278293816824
2020-02-01 15:30:00,-0.6912798859470968
2020-02-01 15:33:00,-0.6380410957842741
2020-02-01 15:36:00,-0.6390039091112385
2020-02-01 15:39:00,-0.6174535811749138
2020-02-01 15:42:00,-0.5981455982237662
2020-02-01 15:45:00,-0.5640493544440801
2020-02-01 15:48:00,-0.604913553544236
2020-02-01 15:51:00,-0.6532553109381638
2020-02-01 15:54:00,-0.6213082121376488
2020-02-01 15:57:00,-0.6912980747690654
2020-02-01 16:00:00,-0.5961940536382713
2020-02-01 16:03:00,-0.5652878235416097
2020-02-01 16:06:00,-0.521520868783341
2020-02-01 16:09:00,-0.5744106494666426
2020-02-01 16:12:00,-0.5799150267646382
2020-02-01 16:15:00,-0.6458545969282454
2020-02-01 16:18:00,-0.650206360936636
2020-02-01 16:21:00,-0.5725144967983056
2020-02-01 16:24:00,-0.5898628932902739
2020-02-01 16:27:00,-0.5719129049741127
2020-02-01 16:30:00,-0.49301762324517995
2020-02-01 16:33:00,-0.5702255011873376
2020-02-01 16:36:00,-0.4884623730553699
2020-02-01 16:39:00,-0.4340260845233388
2020-02-01 16:42:00,-0.5539357643252742
2020-02-01 16:45:00,-0.4448747298703779
2020-02-01 16:48:00,-0.47351008176673304
2020-02-01 16:51:00,-0.41440592020876466
2020-02-01 16:54:00,-0.509133247223815
2020-02-01 16:57:00,-0.5520740646682043
2020-02-01 17:00:00,-0.43328879820467137
2020-02-01 17:03:00,-0.3907446014820266
2020-02-01 17:06:00,-0.38556660503388684
2020-02-01 17:09:00,-0.4653349807894642
2020-02-01 17:12:00,-0.44085684908156964
2020-02-01 17:15:00,-0.4785934676800139
2020-02-01 17:18:00,-0.4831287015630892
2020-02-01 17:21:00,-0.42094166010690515
2020-02-01 17:24:00,-0.40458222947694367
2020-02-01 17:27:00,-0.44095713708196627
2020-02-01 17:30:00,-0.4394490118423846
2020-02-01 17:33:00,-0.4611734710902624
2020-02-01 17:36:00,-0.4751919840628034
2020-02-01 17:39:00,-0.49452228658356034
2020-02-01 17:42:00,-0.38797128538652714
2020-02-01 17:45:00,-0.3920598531812516
2020-02-01 17:48:00,-0.36276123421015427
2020-02-01 17:51:00,-0.347370368316831
2020-02-01 17:54:00,-0.3445366999850421
2020-02-01 17:57:00,-0.3973440719898349
2020-02-01 18:00:00,-0.33092246310468454
2020-02-01 18:03:00,-0.37747330945967406
2020-02-01 18:06:00,-0.40564285703266023
2020-02-01 18:09:00,-0.2772631282825273
2020-02-01 18:12:00,-0.30146058126871367
2020-02-01 18:15:00,-0.3589607056651971
2020-02-01 18:18:00,-0.35492404346456397
2020-02-01 18:21:00,-0.33261278206941824
2020-02-01 18:24:00,-0.3145498497216863
2020-02-01 18:27:00,-0.2503708432039957
2020-02-01 18:30:00,-0.3095726432353558
2020-02-01 18:33:00,-0.2571768469468907
2020-02-01 18:36:00,-0.2542591546001063
2020-02-01 18:39:00,-0.273160240544712
2020-02-01 18:42:00,-0.2420079502161343
2020-02-01 18:45:00,-0.2363710631332765
2020-02-01 18:48:00,-0.278010244343875
2020-02-01 18:51:00,-0.19122396846324818
2020-02-01 18:54:00,-0.22925992874394296
2020-02-01 18:57:00,
2020-02-01 19:00:00,
2020-02-01 19:03:00,-0.22115495661137174
2020-02-01 19:06:00,-0.13476479282826404
2020-02-01 19:09:00,-0.23708470025422912
2020-02-01 19:12:00,-0.19950789765363197
2020-02-01 19:15:00,-0.1231529816423631
2020-02-01 19:18:00,-0.22815273964471317
2020-02-01 19:21:00,-0.20415081579074013
2020-02-01 19:24:00,-0.23451543063259805
2020-02-01 19:27:00,-0.25348940993495717
2020-02-01 19:30:00,-0.1444676227117725
2020-02-01 19:33:00,-0.13123048191829412
2020-02-01 19:36:00,-0.20051061512748447
2020-02-01 19:39:00,-0.2431988131173739
2020-02-01 19:42:00,-0.170787004373949
2020-02-01 19:45:00,-0.15095251507420926
2020-02-01 19:48:00,-0.1949103643298713
2020-02-01 19:51:00,-0.2419903111979238
2020-02-01 19:54:00,-0.21510004417672235
2020-02-01 19:57:00,-0.13007250322914388
2020-02-01 20:00:00,-0.20189005913772462
2020-02-01 20:03:00,-0.215447424735828
2020-02-01 20:06:00,-0.14005368876951252
2020-02-01 20:09:00,-0.2580830733654125
2020-02-01 20:12:00,-0.1706713661504864
2020-02-01 20:15:00,-0.15814691772402512
2020-02-01 20:18:00,-0.11634965849640366
2020-02-01 20:21:00,-0.11565138197579472
2020-02-01 20:24:00,-0.1904372672372574
2020-02-01 20:27:00,-0.18588643959435558
2020-02-01 20:30:00,-0.15104577256505536
2020-02-01 20:33:00,-0.1995819612556602
2020-02-01 20:36:00,-0.07902941337982838
2020-02-01 20:39:00,-0.12133338250180259
2020-02-01 20:42:00,-0.09881923987239816
2020-02-01 20:45:00,-0.14441992404050552
2020-02-01 20:48:00,-0.100663907674857
2020-02-01 20:51:00,-0.13299982284610223
2020-02-01 20:54:00,-0.12633059762106313
2020-02-01 20:57:00,-0.12256968360577503
2020-02-01 21:00:00,-0.09955076932783413
2020-02-01 21:03:00,-0.1013483871656149
2020-02-01 21:06:00,-0.12161828699277066
2020-02-01 21:09:00,-0.09980771380435272
2020-02-01 21:12:00,-0.07356427089666795
2020-02-01 21:15:00,-0.13957324593030762
2020-02-01 21:18:00,-0.11835308468835137
2020-02-01 21:21:00,-0.058789596316444204
2020-02-01 21:24:00,-0.10287887982730126
2020-02-01 21:27:00,-0.04054560481142744
2020-02-01 21:30:00,-0.1217843756186312
2020-02-01 21:33:00,-0.051387147950094914
2020-02-01 21:36:00,-0.07965751496124085
2020-02-01 21:39:00,-0.09913040348664026
2020-02-01 21:42:00,-0.0317136065477257
2020-02-01 21:45:00,-0.03374224302700668
2020-02-01 21:48:00,0.005552884537962655
2020-02-01 21:51:00,0.028744022777232203
2020-02-01 21:54:00,-0.05238683996441296
2020-02-01 21:57:00,-0.07990570404518849
2020-02-01 22:00:00,-0.030845131946250604
2020-02-01 22:03:00,-0.05738139358908256
2020-02-01 22:06:00,-0.07455096355101887
2020-02-01 22:09:00,-0.08885608625240593
2020-02-01 22:12:00,-0.04525179198492424
2020-02-01 22:15:00,-0.14390000731287955
2020-02-01 22:18:00,0.007836366786932558
2020-02-01 22:21:00,-0.09955532644340792
2020-02-01 22:24:00,-0.0011509546140473503
2020-02-01 22:27:00,0.07977476090519531
2020-02-01 22:30:00,-0.010783385506101695
2020-02-01 22:33:00,-0.04055239817137135
2020-02-01 22:36:00,-0.04725478806119554
2020-02-01 22:39:00,-0.08675014174082207
2020-02-01 22:42:00,-0.11718396507893658
2020-02-01 22:45:00,-0.11797441719096469
2020-02-01 22:48:00,-0.17021578165844176
2020-02-01 22:51:00,-0.048585947801086604
2020-02-01 22:54:00,-0.14324563831064552
2020-02-01 22:57:00,-0.12201944928142439
2020-02-01 23:00:00,-0.0836857032090279
2020-02-01 23:03:00,-0.021378995960731118
2020-02-01 23:06:00,-0.13639841912379325
2020-02-01 23:09:00,-0.02952618725822731
2020-02-01 23:12:00,-0.06995049100100914
2020-02-01 23:15:00,-0.08385974679123365
2020-02-01 23:18:00,-0.0787951766092192
2020-02-01 23:21:00,0.05156756136977947
2020-02-01 23:24:00,-0.029282299611281815
2020-02-01 23:27:00,-0.06626832794489701
2020-02-01 23:30:00,-0.062211066201314225
2020-02-01 23:33:00,-0.10197393498674501
2020-02-01 23:36:00,-0.028643116449075023
2020-02-01 23:39:00,-0.02262543229619496
2020-02-01 23:42:00,-0.045338551858606024
2020-02-01 23:45:00,-0.04917378873022926
2020-02-01 23:48:00,0.029242534736283687
2020-02-01 23:51:00,0.06601606973521257
2020-02-01 23:54:00,0.03621525980418028
2020-02-01 23:57:00,0.016752036083914845
2020-02-02 00:00:00,0.020688165208355258
2020-02-02 00:03:00,0.11270531052463184
2020-02-02 00:06:00,0.025000254835504165
2020-02-02 00:09:00,0.09424373834974631
2020-02-02 00:12:00,0.04369655014909313
2020-02-02 00:15:00,0.03480531934502551
2020-02-02 00:18:00,0.1044323731583745
2020-02-02 00:21:00,-0.01679442175367285
2020-02-02 00:24:00,0.042769842408972636
2020-02-02 00:27:00,0.09983752787132971
2020-02-02 00:30:00,-0.042620437943412526
2020-02-02 00:33:00,-0.008623657008115515
2020-02-02 00:36:00,0.02774328573184448
2020-02-02 00:39:00,-0.08236647765801308
2020-02-02 00:42:00,0.14342378849585202
2020-02-02 00:45:00,0.12973358027852555
2020-02-02 00:48:00,0.20003429203228507
2020-02-02 00:51:00,0.10804181297578452
2020-02-02 00:54:00,0.10856254019120115
2020-02-02 00:57:00,0.17644415849542838
2020-02-02 01:00:00,0.15870712673250864
2020-02-02 01:03:00,0.12466622914882919
2020-02-02 01:06:00,0.08674722956487813
2020-02-02 01:09:00,0.09168860686463631
2020-02-02 01:12:00,0.018316510133502106
2020-02-02 01:15:00,0.11190696219057372
2020-02-02 01:18:00,0.0755395595440973
2020-02-02 01:21:00,0.02749591628366943
2020-02-02 01:24:00,0.11702541819283852
2020-02-02 01:27:00,-0.02478786770006991
2020-02-02 01:30:00,0.05647643690952009
2020-02-02 01:33:00,0.25864267864119483
2020-02-02 01:36:00,0.34353296577114634
2020-02-02 01:39:00,0.37988438987196105
2020-02-02 01:42:00,0.42463984285467404
2020-02-02 01:45:00,0.17681189734958025
2020-02-02 01:48:00,0.14658525643409348
2020-02-02 01:51:00,0.1303881562390643
2020-02-02 01:54:00,0.1868589938874834
2020-02-02 01:57:00,0.19158731916917304
2020-02-02 02:00:00,0.3319586250804605
2020-02-02 02:03:00,0.30487813712170464
2020-02-02 02:06:00,0.34675212321502613
2020-02-02 02:09:00,0.3763407022702836
2020-02-02 02:12:00,0.4757671261322116
2020-02-02 02:15:00,0.5185532497065424
2020-02-02 02:18:00,0.43098901589524985
2020-02-02 02:21:00,0.5134513983405782
2020-02-02 02:24:00,0.5066963079252105
2020-02-02 02:27:00,0.4306634114383314
2020-02-02 02:30:00,0.42268464196274635
2020-02-02 02:33:00,0.39084086617106095
2020-02-02 02:36:00,0.39558033755042743
2020-02-02 02:39:00,0.4625610068274
2020-02-02 02:42:00,0.4059080572660605
2020-02-02 02:45:00,0.44691639648095816
2020-02-02 02:48:00,0.48154443562145843
2020-02-02 02:51:00,0.4773275764507616
2020-02-02 02:54:00,0.48181952731181354
2020-02-02 02:57:00,0.4342334378256396
2020-02-02 03:00:00,0.44885057888092206
2020-02-02 03:03:00,0.4035561127202527
2020-02-02 03:06:00,0.4764893813209028
2020-02-02 03:09:00,0.4972306325256568
2020-02-02 03:12:00,0.40089712030322744
2020-02-02 03:15:00,0.45278527798467394
2020-02-02 03:18:00,0.46136846228978357
2020-02-02 03:21:00,0.36868394290092965
2020-02-02 03:24:00,0.495726090031269
2020-02-02 03:27:00,0.47304159279906344
2020-02-02 03:30:00,0.48754514839890817
2020-02-02 03:33:00,0.44935799777351804
2020-02-02 03:36:00,0.466145238128604
2020-02-02 03:39:00,0.443589711428956
2020-02-02 03:42:00,0.4936825606735624
2020-02-02 03:45:00,0.4311498440650894
2020-02-02 03:48:00,0.4142417129310161
2020-02-02 03:51:00,0.3405226075810788
2020-02-02 03:54:00,0.39896649503543813
2020-02-02 03:57:00,0.450995347260573
2020-02-02 04:00:00,0.34249228631682627
2020-02-02 04:03:00,0.31708942110913085
2020-02-02 04:06:00,0.37002158825367815
2020-02-02 04:09:00,0.3391206638375479
2020-02-02 04:12:00,0.377367754927036
2020-02-02 04:15:00,0.3161779547336323
2020-02-02 04:18:00,0.33976652259599405
2020-02-02 04:21:00,0.3194285749461869
2020-02-02 04:24:00,0.3834238837952739
2020-02-02 04:27:00,0.4339650174076155
2020-02-02 04:30:00,0.30650099506465267
2020-02-02 04:33:00,0.4259675866812813
2020-02-02 04:36:00,0.3975159088549276
2020-02-02 04:39:00,0.4373245542043378
2020-02-02 04:42:00,0.4077447183440768
2020-02-02 04:45:00,0.32145398214618126
2020-02-02 04:48:00,0.40722950300937555
2020-02-02 04:51:00,0.33083288602773564
2020-02-02 04:54:00,0.3828939113040519
2020-02-02 04:57:00,0.38991287349415416
2020-02-02 05:00:00,0.43509273161504325
2020-02-02 05:03:00,0.4360250813036828
2020-02-02 05:06:00,0.40158805602266057
2020-02-02 05:09:00,0.4440146263622182
2020-02-02 05:12:00,0.4660779030035087
2020-02-02 05:15:00,0.5007023795765235
2020-02-02 05:18:00,0.47811887090347227
2020-02-02 05:21:00,0.4102297052695576
2020-02-02 05:24:00,0.5336372422767113
2020-02-02 05:27:00,0.48326271581100855
2020-02-02 05:30:00,0.43638744643266136
2020-02-02 05:33:00,0.5495726498546674
2020-02-02 05:36:00,0.47761182174491523
2020-02-02 05:39:00,0.39076630265026324
2020-02-02 05:42:00,0.4163919615648979
2020-02-02 05:45:00,0.4711492407702167
2020-02-02 05:48:00,0.4721875134474658
2020-02-02 05:51:00,0.4093742848361899
2020-02-02 05:54:00,0.3936978355141605
2020-02-02 05:57:00,0.49549690930547285
2020-02-02 06:00:00,0.39347923280257646
2020-02-02 06:03:00,0.46901587036205683
2020-02-02 06:06:00,0.37812544627928446
2020-02-02 06:09:00,0.38519997370133296
2020-02-02 06:12:00,0.39128902644154095
2020-02-02 06:15:00,0.3666007519257164
2020-02-02 06:18:00,0.28999236249541127
2020-02-02 06:21:00,0.31379724461504566
2020-02-02 06:24:00,0.40983996964752123
2020-02-02 06:27:00,0.26134998695363265
2020-02-02 06:30:00,0.2741743098139864
2020-02-02 06:33:00,0.3024902234777187
2020-02-02 06:36:00,0.33423525163226486
2020-02-02 06:39:00,0.25660684619288077
2020-02-02 06:42:00,0.3062522225099542
2020-02-02 06:45:00,0.34407207012350227
2020-02-02 06:48:00,0.2629643719925525
2020-02-02 06:51:00,0.2780566417432624
2020-02-02 06:54:00,0.28457317324216547
2020-02-02 06:57:00,0.39744705971844496
2020-02-02 07:00:00,0.4148126152530267
2020-02-02 07:03:00,0.4289597481197802
2020-02-02 07:06:00,0.5207738468548655
2020-02-02 07:09:00,0.4538838694051037
2020-02-02 07:12:00,0.36694025857605084
2020-02-02 07:15:00,0.5091598671994007
2020-02-02 07:18:00,0.48120910757705815
2020-02-02 07:21:00,0.35322170206183046
2020-02-02 07:24:00,0.39776180682349604
2020-02-02 07:27:00,0.4105223740353381
2020-02-02 07:30:00,0.39630927517350756
2020-02-02 07:33:00,0.37565085611169025
2020-02-02 07:36:00,0.4263165056834737
2020-02-02 07:39:00,0.2768129338792278
2020-02-02 07:42:00,0.30322859799599655
2020-02-02 07:45:00,0.3879407792307461
2020-02-02 07:48:00,0.28562414067869213
2020-02-02 07:51:00,0.3327773551094424
2020-02-02 07:54:00,0.24842034749337927
2020-02-02 07:57:00,0.2994387519773909
2020-02-02 08:00:00,0.3008012356685299
2020-02-02 08:03:00,0.2466066220126777
2020-02-02 08:06:00,0.31836499429869036
2020-02-02 08:09:00,0.19223507052100786
2020-02-02 08:12:00,0.2609270672316484
2020-02-02 08:15:00,0.2490352099636084
2020-02-02 08:18:00,0.35303288659093823
2020-02-02 08:21:00,0.28013316936738875
2020-02-02 08:24:00,0.3917966397164605
2020-02-02 08:27:00,0.3522991677788241
2020-02-02 08:30:00,0.3506075438938865
2020-02-02 08:33:00,0.4530266899593016
2020-02-02 08:36:00,0.1976051858309802
2020-02-02 08:39:00,0.3433173568742518
2020-02-02 08:42:00,0.26250554105109813
2020-02-02 08:45:00,0.2851761358932663
2020-02-02 08:48:00,0.2792335997837654
2020-02-02 08:51:00,0.23732703628144236
2020-02-02 08:54:00,0.28398233553360797
2020-02-02 08:57:00,0.22964709366971192
2020-02-02 09:00:00,0.24533187533103273
2020-02-02 09:03:00,0.3215404150619747
2020-02-02 09:06:00,0.18655969106191606
2020-02-02 09:09:00,0.17924563143628802
2020-02-02 09:12:00,0.1730557647850901
2020-02-02 09:15:00,0.15453421260070854
2020-02-02 09:18:00,0.18143576269841333
2020-02-02 09:21:00,0.27658086400128923
2020-02-02 09:24:00,0.27819824144091854
2020-02-02 09:27:00,0.1899730998327982
2020-02-02 09:30:00,0.18274929230290127
2020-02-02 09:33:00,0.11634656645605901
2020-02-02 09:36:00,0.1687811389326157
2020-02-02 09:39:00,0.19423050448693857
2020-02-02 09:42:00,0.18607500890539086
2020-02-02 09:45:00,0.09251512695209385
2020-02-02 09:48:00,0.14746044203354813
2020-02-02 09:51:00,0.05255238872052814
2020-02-02 09:54:00,0.1773789272761519
2020-02-02 09:57:00,0.14250329098337033
2020-02-02 10:00:00,-0.016859701727753418
2020-02-02 10:03:00,0.08158662019070562
2020-02-02 10:06:00,-0.00015736359011953027
2020-02-02 10:09:00,-0.009373994313932599
2020-02-02 10:12:00,0.06632736443350495
2020-02-02 10:15:00,0.07822221944155672
2020-02-02 10:18:00,0.12910155832202008
2020-02-02 10:21:00,0.1400114359989857
2020-02-02 10:24:00,0.2545717378852146
2020-02-02 10:27:00,0.17565840965619373
2020-02-02 10:30:00,0.06590080560403067
2020-02-02 10:33:00,0.06727445912508756
2020-02-02 10:36:00,-0.05323392194338794
2020-02-02 10:39:00,0.010940575470897329
2020-02-02 10:42:00,-0.05953420690582334
2020-02-02 10:45:00,-0.04987049183432646
2020-02-02 10:48:00,-0.041833265054833646
2020-02-02 10:51:00,0.02867316452511659
2020-02-02 10:54:00,0.04919440717736734
2020-02-02 10:57:00,0.03692797050427998
2020-02-02 11:00:00,-0.07724180890784282
2020-02-02 11:03:00,-0.051516931346895944
2020-02-02 11:06:00,-0.045540268852334975
2020-02-02 11:09:00,-0.07214746580029896
2020-02-02 11:12:00,-0.15778795455702266
2020-02-02 11:15:00,-0.07251763516990195
2020-02-02 11:18:00,-0.12871370812632676
2020-02-02 11:21:00,-0.14084304425801975
2020-02-02 11:24:00,-0.21747688464995463
2020-02-02 11:27:00,-0.028078242059848435
2020-02-02 11:30:00,-0.06899939015767131
2020-02-02 11:33:00,-0.07933815288760115
2020-02-02 11:36:00,-0.20230052217431194
2020-02-02 11:39:00,-0.11675510794793809
2020-02-02 11:42:00,-0.17981732504102865
2020-02-02 11:45:00,-0.11818598318410523
2020-02-02 11:48:00,-0.1555397153694571
2020-02-02 11:51:00,-0.19316338483434947
2020-02-02 11:54:00,-0.12094498370305473
2020-02-02 11:57:00,-0.13771464504952746
2020-02-02 12:00:00,-0.05270540073087204
2020-02-02 12:03:00,-0.1607823317541488
2020-02-02 12:06:00,-0.183774498894536
2020-02-02 12:09:00,-0.13499498301166568
2020-02-02 12:12:00,-0.17837696513117862
2020-02-02 12:15:00,-0.21315952955666262
2020-02-02 12:18:00,-0.13180318725295592
2020-02-02 12:21:00,-0.1535635569458691
2020-02-02 12:24:00,-0.2875783223096846
2020-02-02 12:27:00,-0.2874573847103079
2020-02-02 12:30:00,-0.2534145426568557
2020-02-02 12:33:00,-0.2507075391555986
2020-02-02 12:36:00,-0.136368192983241
2020-02-02 12:39:00,-0.3216958306849733
2020-02-02 12:42:00,-0.1607566371906728
2020-02-02 12:45:00,-0.11361524678267187
2020-02-02 12:48:00,-0.28054385151637007
2020-02-02 12:51:00,-0.05202946770810968
2020-02-02 12:54:00,-0.11661238566790644
2020-02-02 12:57:00,-0.10110368825451133
2020-02-02 13:00:00,-0.20629648045724025
2020-02-02 13:03:00,-0.03478168273738902
2020-02-02 13:06:00,-0.21546674384967446
2020-02-02 13:09:00,-0.1411279722602785
2020-02-02 13:12:00,-0.2572832524056139
2020-02-02 13:15:00,-0.13683104207916585
2020-02-02 13:18:00,-0.16922650308504217
2020-02-02 13:21:00,-0.16513613284661233
2020-02-02 13:24:00,-0.1922428258235982
2020-02-02 13:27:00,-0.08582797094641137
2020-02-02 13:30:00,-0.1455004850778323
2020-02-02 13:33:00,-0.2350754386552012
2020-02-02 13:36:00,-0.21914266021121875
2020-02-02 13:39:00,-0.07812833189456114
2020-02-02 13:42:00,-0.0801274094272344
2020-02-02 13:45:00,-0.1238582519990814
2020-02-02 13:48:00,-0.0417138144420619
2020-02-02 13:51:00,-0.041525853379255295
2020-02-02 13:54:00,0.01650937773382566
2020-02-02 13:57:00,-0.021097933880753317
2020-02-02 14:00:00,-0.09042998471636565
2020-02-02 14:03:00,0.0010145641512053771
2020-02-02 14:06:00,-0.03313168488818974
2020-02-02 14:09:00,-0.03960844312621248
2020-02-02 14:12:00,0.023533796886511027
2020-02-02 14:15:00,-0.05172172965029631
2020-02-02 14:18:00,0.010809994879366513
2020-02-02 14:21:00,0.05017694197408673
2020-02-02 14:24:00,0.04778206047859612
2020-02-02 14:27:00,0.18228134716059685
2020-02-02 14:30:00,0.012672709209482491
2020-02-02 14:33:00,-0.020892107866927745
2020-02-02 14:36:00,-0.11830829350873273
2020-02-02 14:39:00,-0.10043093035903894
2020-02-02 14:42:00,-0.0593460809157591
2020-02-02 14:45:00,-0.06123356704461003
2020-02-02 14:48:00,-0.17037212767024812
2020-02-02 14:51:00,-0.05037673972037737
2020-02-02 14:54:00,-0.1657645842627744
2020-02-02 14:57:00,-0.1483272712527537
2020-02-02 15:00:00,-0.037514852781157515
2020-02-02 15:03:00,-0.12197158204946845
2020-02-02 15:06:00,-0.01484804006787499
2020-02-02 15:09:00,0.03306932256595019
2020-02-02 15:12:00,0.03078236242464527
2020-02-02 15:15:00,0.02953930866101473
2020-02-02 15:18:00,-0.07096501499819396
2020-02-02 15:21:00,-0.08867625274410784
2020-02-02 15:24:00,-0.06247891508394332
2020-02-02 15:27:00,-0.20694126175794736
2020-02-02 15:30:00,-0.20084014598234035
2020-02-02 15:33:00,-0.11123546977245269
2020-02-02 15:36:00,-0.09618408560180569
2020-02-02 15:39:00,-0.1309318187116446
2020-02-02 15:42:00,-0.11846635238185854
2020-02-02 15:45:00,-0.13004487135941645
2020-02-02 15:48:00,-0.18162285729425776
2020-02-02 15:51:00,-0.01037343811503888
2020-02-02 15:54:00,-0.0925266612777591
2020-02-02 15:57:00,-0.14185036296760245
2020-02-02 16:00:00,-0.07915479160266159
2020-02-02 16:03:00,-0.10688799001928828
2020-02-02 16:06:00,-0.13711072912792588
2020-02-02 16:09:00,-0.170439778624484
2020-02-02 16:12:00,-0.20694233800020356
2020-02-02 16:15:00,-0.20247361267092856
2020-02-02 16:18:00,-0.18423062721882388
2020-02-02 16:21:00,-0.14258828235813326
2020-02-02 16:24:00,-0.13939075189415462
2020-02-02 16:27:00,-0.22828475664584857
2020-02-02 16:30:00,-0.21985569063372168
2020-02-02 16:33:00,-0.2180370838787553
2020-02-02 16:36:00,-0.08731541316245739
2020-02-02 16:39:00,-0.21505856343037522
2020-02-02 16:42:00,-0.15550838941283018
2020-02-02 16:45:00,-0.22306439500636088
2020-02-02 16:48:00,-0.12146732777409852
2020-02-02 16:51:00,-0.24434776753906817
2020-02-02 16:54:00,-0.1674647921230985
2020-02-02 16:57:00,-0.13585431151688
2020-02-02 17:00:00,-0.16708134314887957
2020-02-02 17:03:00,-0.051494647099445956
2020-02-02 17:06:00,-0.08003584496179883
2020-02-02 17:09:00,-0.05681113869422916
2020-02-02 17:12:00,-0.032357376212587496
2020-02-02 17:15:00,-0.11705544646304133
2020-02-02 17:18:00,-0.07278040987137047
2020-02-02 17:21:00,-0.039330576641305015
2020-02-02 17:24:00,-0.07631511240219879
2020-02-02 17:27:00,-0.11115458447665105
2020-02-02 17:30:00,-0.05416584977712091
2020-02-02 17:33:00,-0.053401244268059145
2020-02-02 17:36:00,-0.08082838389373137
2020-02-02 17:39:00,-0.02304724602714714
2020-02-02 17:42:00,0.04747076578831866
2020-02-02 17:45:00,0.018245922535754744
2020-02-02 17:48:00,-0.033394402611918395
2020-02-02 17:51:00,0.01849053031969561
2020-02-02 17:54:00,0.05570421370310896
2020-02-02 17:57:00,0.061921551096645544
2020-02-02 18:00:00,0.013254337160162777
2020-02-02 18:03:00,0.008533719507909154
2020-02-02 18:06:00,0.08225985979407824
2020-02-02 18:09:00,0.019497475960463362
2020-02-02 18:12:00,-0.018853856206192177
2020-02-02 18:15:00,-0.060926361255667416
2020-02-02 18:18:00,0.029940158355032054
2020-02-02 18:21:00,-0.023691137318962774
2020-02-02 18:24:00,0.08774567270739908
2020-02-02 18:27:00,-0.05271145838361235
2020-02-02 18:30:00,0.01784121551190765
2020-02-02 18:33:00,0.04162617020182324
2020-02-02 18:36:00,0.013227965852479429
2020-02-02 18:39:00,0.050261025550810245
2020-02-02 18:42:00,0.0614670718061916
2020-02-02 18:45:00,-0.0725227122236447
2020-02-02 18:48:00,0.07882173484682653
2020-02-02 18:51:00,0.00828989769644295
2020-02-02 18:54:00,
2020-02-02 18:57:00,
2020-02-02 19:00:00,
2020-02-02 19:03:00,0.08688935213797322
2020-02-02 19:06:00,0.08904161140128508
2020-02-02 19:09:00,0.12210975384084577
2020-02-02 19:12:00,0.07999923328310388
2020-02-02 19:15:00,0.01679900676060697
2020-02-02 19:18:00,0.020933764298433744
2020-02-02 19:21:00,0.10755327815917326
2020-02-02 19:24:00,0.06284414582080444
2020-02-02 19:27:00,0.1316614520739563
2020-02-02 19:30:00,0.1617225548630472
2020-02-02 19:33:00,0.07477924602147823
2020-02-02 19:36:00,0.1467718779396705
2020-02-02 19:39:00,0.09726293651851847
2020-02-02 19:42:00,0.19866179825942254
2020-02-02 19:45:00,0.13315451276343993
2020-02-02 19:48:00,0.1496371720559182
2020-02-02 19:51:00,0.04143387305452961
2020-02-02 19:54:00,0.14544963001623046
2020-02-02 19:57:00,0.1774656638595502
2020-02-02 20:00:00,0.09460784495155394
2020-02-02 20:03:00,0.06705854998068617
2020-02-02 20:06:00,0.0547560759245016
2020-02-02 20:09:00,0.08497578818548845
2020-02-02 20:12:00,0.020898645765896617
2020-02-02 20:15:00,0.03341084046905962
2020-02-02 20:18:00,-0.06688028951458591
2020-02-02 20:21:00,-0.01166878537435423
2020-02-02 20:24:00,0.05695811792833183
2020-02-02 20:27:00,0.008355004125291998
2020-02-02 20:30:00,0.016121327089194892
2020-02-02 20:33:00,0.07080432480319132
2020-02-02 20:36:00,0.0699518345428487
2020-02-02 20:39:00,0.12250268700358902
2020-02-02 20:42:00,0.09109897022261748
2020-02-02 20:45:00,0.03282187683817028
2020-02-02 20:48:00,0.11286943044757436
2020-02-02 20:51:00,0.04833724532323913
2020-02-02 20:54:00,-0.0050454029826596525
2020-02-02 20:57:00,0.04567813905350704
2020-02-02 21:00:00,0.08468408905980596
2020-02-02 21:03:00,0.05645058807243686
2020-02-02 21:06:00,0.032848805721584995
2020-02-02 21:09:00,0.09645715909351793
2020-02-02 21:12:00,0.05180095521728845
2020-02-02 21:15:00,0.12385884720157492
2020-02-02 21:18:00,0.052221410843174
2020-02-02 21:21:00,0.12437495107070617
2020-02-02 21:24:00,0.02567720893648584
2020-02-02 21:27:00,0.09375946635714172
2020-02-02 21:30:00,0.08058536800092497
2020-02-02 21:33:00,0.0645418726158482
2020-02-02 21:36:00,0.03411236213975144
2020-02-02 21:39:00,0.13825047603626217
2020-02-02 21:42:00,0.067897336211729
2020-02-02 21:45:00,0.043601326972805055
2020-02-02 21:48:00,0.07420539986168251
2020-02-02 21:51:00,0.11412523163971855
2020-02-02 21:54:00,0.04416208325920934
2020-02-02 21:57:00,0.027903992725896387
2020-02-02 22:00:00,0.0481601977010655
2020-02-02 22:03:00,0.09788414982199356
2020-02-02 22:06:00,0.01824292038480735
2020-02-02 22:09:00,0.03937730911735571
2020-02-02 22:12:00,0.024070025442824772
2020-02-02 22:15:00,0.011681611033907302
2020-02-02 22:18:00,0.18568209584469741
2020-02-02 22:21:00,0.040729104461831867
2020-02-02 22:24:00,0.06277055389830366
2020-02-02 22:27:00,0.06181042044579499
2020-02-02 22:30:00,0.1703586072922576
2020-02-02 22:33:00,0.10463653108473636
2020-02-02 22:36:00,0.18883763667633957
2020-02-02 22:39:00,0.05713517395827239
2020-02-02 22:42:00,0.020911442686724513
2020-02-02 22:45:00,0.14383734284467664
2020-02-02 22:48:00,0.04632388344316496
2020-02-02 22:51:00,0.1214404277367862
2020-02-02 22:54:00,0.14325736422546242
2020-02-02 22:57:00,0.07287195294691173
2020-02-02 23:00:00,0.15414642102928156
2020-02-02 23:03:00,0.09365486394597156
2020-02-02 23:06:00,0.11313431194247414
2020-02-02 23:09:00,0.20063277375231792
2020-02-02 23:12:00,0.2172197707496366
2020-02-02 23:15:00,0.19801601362001975
2020-02-02 23:18:00,0.06080834286541403
2020-02-02 23:21:00,0.15385895265649197
2020-02-02 23:24:00,0.12829650477624455
2020-02-02 23:27:00,0.2565372554430496
2020-02-02 23:30:00,0.22912795105440864
2020-02-02 23:33:00,0.2018743722347267
2020-02-02 23:36:00,0.15803297049330922
2020-02-02 23:39:00,0.07480528437628209
2020-02-02 23:42:00,0.16346364777052713
2020-02-02 23:45:00,0.16267220246709257
2020-02-02 23:48:00,0.13753357220559792
2020-02-02 23:51:00,0.10621752509592852
2020-02-02 23:54:00,0.13167791490627678
2020-02-02 23:57:00,0.15813244436998275
2020-02-03 00:00:00,0.10093368293649974
2020-02-03 00:03:00,0.19180811306847545
2020-02-03 00:06:00,0.10868018525377465
2020-02-03 00:09:00,0.18920028805649736
2020-02-03 00:12:00,0.14687357237653487
2020-02-03 00:15:00,0.19578132107227475
2020-02-03 00:18:00,0.05013868298306079
2020-02-03 00:21:00,0.16114373270153237
2020-02-03 00:24:00,0.1719012804153408
2020-02-03 00:27:00,0.18873164347292004
2020-02-03 00:30:00,0.09546011676223998
2020-02-03 00:33:00,0.20229669414317186
2020-02-03 00:36:00,0.11405773317517287
2020-02-03 00:39:00,0.10121117093621024
2020-02-03 00:42:00,0.2514396787123019
2020-02-03 00:45:00,0.16857538138549444
2020-02-03 00:48:00,0.1824682748477926
2020-02-03 00:51:00,0.25309280624833264
2020-02-03 00:54:00,0.19214472774183378
2020-02-03 00:57:00,0.096877322031105
2020-02-03 01:00:00,0.1614579896464079
2020-02-03 01:03:00,0.21336533873267172
2020-02-03 01:06:00,0.16587141694009233
2020-02-03 01:09:00,0.18653095833582256
2020-02-03 01:12:00,0.27667862487737693
2020-02-03 01:15:00,0.12314588007700422
2020-02-03 01:18:00,0.16146723048694867
2020-02-03 01:21:00,0.17922520171867973
2020-02-03 01:24:00,0.15246173836385424
2020-02-03 01:27:00,0.21377430003087738
2020-02-03 01:30:00,0.26482864049398813
2020-02-03 01:33:00,0.19117069639355577
2020-02-03 01:36:00,0.2130135864643421
2020-02-03 01:39:00,0.21941849367226496
2020-02-03 01:42:00,0.23126702930943566
2020-02-03 01:45:00,0.18042408901300178
2020-02-03 01:48:00,0.2414240077815748
2020-02-03 01:51:00,0.16393052312588452
2020-02-03 01:54:00,0.25725738386864805
2020-02-03 01:57:00,0.20141108160180465
2020-02-03 02:00:00,0.2315047931875256
2020-02-03 02:03:00,0.23047618887659382
2020-02-03 02:06:00,0.21679616627352516
2020-02-03 02:09:00,0.17746798574938794
2020-02-03 02:12:00,0.2760733014321204
2020-02-03 02:15:00,0.14808553477377018
2020-02-03 02:18:00,0.31685448294285834
2020-02-03 02:21:00,0.24232538803045145
2020-02-03 02:24:00,0.2667885680929203
2020-02-03 02:27:00,0.20923138996931812
2020-02-03 02:30:00,0.2672188076155635
2020-02-03 02:33:00,0.29746430562386195
2020-02-03 02:36:00,0.2800364340741339
2020-02-03 02:39:00,0.26983354495433787
2020-02-03 02:42:00,0.2627359160186984
2020-02-03 02:45:00,0.2864219883289252
2020-02-03 02:48:00,0.24190206637143774
2020-02-03 02:51:00,0.30683740987899455
2020-02-03 02:54:00,0.26250477974184605
2020-02-03 02:57:00,0.301927114898092
2020-02-03 03:00:00,0.1813411716014457
2020-02-03 03:03:00,0.22978348381684555
2020-02-03 03:06:00,0.226272839904766
2020-02-03 03:09:00,0.20147826050975937
2020-02-03 03:12:00,0.26142415804343955
2020-02-03 03:15:00,0.24004107829858867
2020-02-03 03:18:00,0.27206759254380586
2020-02-03 03:21:00,0.2346129587173209
2020-02-03 03:24:00,0.27352678760195204
2020-02-03 03:27:00,0.4069026216757834
2020-02-03 03:30:00,0.22602516211247803
2020-02-03 03:33:00,0.34106851520778037
2020-02-03 03:36:00,0.25442686915340573
2020-02-03 03:39:00,0.28443431604057423
2020-02-03 03:42:00,0.19482401122508008
2020-02-03 03:45:00,0.21942941375687042
2020-02-03 03:48:00,0.3623118106390848
2020-02-03 03:51:00,0.24191285066842738
2020-02-03 03:54:00,0.2560830487848875
2020-02-03 03:57:00,0.30737326593731495
2020-02-03 04:00:00,0.24614018208654898
2020-02-03 04:03:00,0.2963976228349452
2020-02-03 04:06:00,0.3841592006283463
2020-02-03 04:09:00,0.2896799525447591
2020-02-03 04:12:00,0.3667741389935486
2020-02-03 04:15:00,0.3555267880961992
2020-02-03 04:18:00,0.39023745774198915
2020-02-03 04:21:00,0.33270439673907504
2020-02-03 04:24:00,0.31837767377834325
2020-02-03 04:27:00,0.2540767368094521
2020-02-03 04:30:00,0.3133320522584313
2020-02-03 04:33:00,0.3326227398639503
2020-02-03 04:36:00,0.25207451676590154
2020-02-03 04:39:00,0.3532880027453871
2020-02-03 04:42:00,0.36823710404433996
2020-02-03 04:45:00,0.4102058334648291
2020-02-03 04:48:00,0.42246868306699525
2020-02-03 04:51:00,0.3393556082207283
2020-02-03 04:54:00,0.31792143291289676
2020-02-03 04:57:00,0.3707225522331328
2020-02-03 05:00:00,0.3683901660376705
2020-02-03 05:03:00,0.3959620444022107
2020-02-03 05:06:00,0.310098075051485
2020-02-03 05:09:00,0.35866740898643457
2020-02-03 05:12:00,0.3470597409032621
2020-02-03 05:15:00,0.29136768107679245
2020-02-03 05:18:00,0.34727521559017305
2020-02-03 05:21:00,0.33798295863675776
2020-02-03 05:24:00,0.4141478147310522
2020-02-03 05:27:00,0.4057696759585383
2020-02-03 05:30:00,0.33672893650395963
2020-02-03 05:33:00,0.2963501527916037
2020-02-03 05:36:00,0.3183208115507341
2020-02-03 05:39:00,0.34121913986564323
2020-02-03 05:42:00,0.38319528622099597
2020-02-03 05:45:00,0.3489336862309642
2020-02-03 05:48:00,0.24996501849989272
2020-02-03 05:51:00,0.3291549942391043
2020-02-03 05:54:00,0.4151285874128803
2020-02-03 05:57:00,0.40202604953520904
2020-02-03 06:00:00,0.3355527488083112
2020-02-03 06:03:00,0.3657505201679214
2020-02-03 06:06:00,0.33322160731216854
2020-02-03 06:09:00,0.3233217910235453
2020-02-03 06:12:00,0.3999590907834545
2020-02-03 06:15:00,0.43048063025685224
2020-02-03 06:18:00,0.4662684665587449
2020-02-03 06:21:00,0.4428110905578251
2020-02-03 06:24:00,0.3180019131036147
2020-02-03 06:27:00,0.39509243942700323
2020-02-03 06:30:00,0.3773791467290266
2020-02-03 06:33:00,0.3750801714566592
2020-02-03 06:36:00,0.43291895914728684
2020-02-03 06:39:00,0.39910564935314596
2020-02-03 06:42:00,0.38095966752837285
2020-02-03 06:45:00,0.37571461058968225
2020-02-03 06:48:00,0.3872722047815955
2020-02-03 06:51:00,0.3778500429525593
2020-02-03 06:54:00,0.37603031884844995
2020-02-03 06:57:00,0.4264418750009895
2020-02-03 07:00:00,0.43718206904821955
2020-02-03 07:03:00,0.48819363426628115
2020-02-03 07:06:00,0.3764821228199935
2020-02-03 07:09:00,0.4470321351503799
2020-02-03 07:12:00,0.44312434362819886
2020-02-03 07:15:00,0.5958104466625969
2020-02-03 07:18:00,0.44904682946992125
2020-02-03 07:21:00,0.3983878737383293
2020-02-03 07:24:00,0.4281302839642649
2020-02-03 07:27:00,0.42213381984441867
2020-02-03 07:30:00,0.4703627467496858
2020-02-03 07:33:00,0.47278729889961824
2020-02-03 07:36:00,0.46974654241131475
2020-02-03 07:39:00,0.4242322114307626
2020-02-03 07:42:00,0.4865380047368717
2020-02-03 07:45:00,0.43882444013775057
2020-02-03 07:48:00,0.4567168211871149
2020-02-03 07:51:00,0.3887652270453259
2020-02-03 07:54:00,0.3969357040614909
2020-02-03 07:57:00,0.388598839574513
2020-02-03 08:00:00,0.3728081568406765
2020-02-03 08:03:00,0.3929914829598715
2020-02-03 08:06:00,0.4259627316848196
2020-02-03 08:09:00,0.36044113023098134
2020-02-03 08:12:00,0.3418912966451444
2020-02-03 08:15:00,0.41387467726497107
2020-02-03 08:18:00,0.3746641685534655
2020-02-03 08:21:00,0.39874062382369857
2020-02-03 08:24:00,0.3626727693774683
2020-02-03 08:27:00,0.3078861417227472
2020-02-03 08:30:00,0.30180140910835007
2020-02-03 08:33:00,0.37707249590619085
2020-02-03 08:36:00,0.36527713744919765
2020-02-03 08:39:00,0.2930802426208743
2020-02-03 08:42:00,0.30446770122057387
2020-02-03 08:45:00,0.2833629952965566
2020-02-03 08:48:00,0.2667825552537124
2020-02-03 08:51:00,0.37650778187577316
2020-02-03 08:54:00,0.21328877377385425
2020-02-03 08:57:00,0.19169922537349748
2020-02-03 09:00:00,0.32503666643486895
2020-02-03 09:03:00,0.22432790437869699
2020-02-03 09:06:00,0.06722231111217525
2020-02-03 09:09:00,0.2301251764782819
2020-02-03 09:12:00,0.17628331981080692
2020-02-03 09:15:00,0.16472523412011242
2020-02-03 09:18:00,0.13011385109501816
2020-02-03 09:21:00,0.1340011936912333
2020-02-03 09:24:00,0.13491422426540112
2020-02-03 09:27:00,0.21796582302147272
2020-02-03 09:30:00,0.2830630959145992
2020-02-03 09:33:00,0.12867463911339883
2020-02-03 09:36:00,0.08155725816305903
2020-02-03 09:39:00,0.16767816682164494
2020-02-03 09:42:00,0.11262502727919355
2020-02-03 09:45:00,0.07491102355413659
2020-02-03 09:48:00,0.10355873042448138
2020-02-03 09:51:00,0.14579163721379018
2020-02-03 09:54:00,0.08205688281043422
2020-02-03 09:57:00,-0.004243536966953343
2020-02-03 10:00:00,0.053579862662843425
2020-02-03 10:03:00,0.08286313191712225
2020-02-03 10:06:00,0.006517611488277453
2020-02-03 10:09:00,0.07875125392251903
2020-02-03 10:12:00,-0.07079427796884374
2020-02-03 10:15:00,-0.09082314846165218
2020-02-03 10:18:00,-0.045170611855155585
2020-02-03 10:21:00,-0.08839866380083095
2020-02-03 10:24:00,-0.11128445366358619
2020-02-03 10:27:00,-0.010636799694680121
2020-02-03 10:30:00,-0.08926272231667554
2020-02-03 10:33:00,-0.14086669913683636
2020-02-03 10:36:00,-0.02471648303639995
2020-02-03 10:39:00,-0.05145077517300933
2020-02-03 10:42:00,-0.06147962131137774
2020-02-03 10:45:00,-0.15570497370777048
2020-02-03 10:48:00,-0.10904699148318286
2020-02-03 10:51:00,-0.04000646285902576
2020-02-03 10:54:00,-0.08479122754761192
2020-02-03 10:57:00,-0.20248032344312605
2020-02-03 11:00:00,-0.12829603235502418
2020-02-03 11:03:00,-0.1591930584132797
2020-02-03 11:06:00,-0.18426988205453654
2020-02-03 11:09:00,-0.1315528351415196
2020-02-03 11:12:00,-0.1166561542976865
2020-02-03 11:15:00,-0.10761319271318825
2020-02-03 11:18:00,-0.14381066063941716
2020-02-03 11:21:00,-0.22361235888769215
2020-02-03 11:24:00,-0.18189743462352226
2020-02-03 11:27:00,-0.275290757519997
2020-02-03 11:30:00,-0.26991619476700635
2020-02-03 11:33:00,-0.26870420905828496
2020-02-03 11:36:00,-0.27402514614641404
2020-02-03 11:39:00,-0.186559369969018
2020-02-03 11:42:00,-0.24139308045351981
2020-02-03 11:45:00,-0.20862066482948194
2020-02-03 11:48:00,-0.1851506599058439
2020-02-03 11:51:00,-0.24373427972636819
2020-02-03 11:54:00,-0.2352892505621753
2020-02-03 11:57:00,-0.22504991282067976
2020-02-03 12:00:00,-0.2835146999667586
2020-02-03 12:03:00,-0.23438076064115876
2020-02-03 12:06:00,-0.23319699296990848
2020-02-03 12:09:00,-0.28598764057863946
2020-02-03 12:12:00,-0.21495930841007294
2020-02-03 12:15:00,-0.24800699034966556
2020-02-03 12:18:00,-0.2100272735479507
2020-02-03 12:21:00,-0.30018401283513185
2020-02-03 12:24:00,-0.22336624464651322
2020-02-03 12:27:00,-0.1729202240864538
2020-02-03 12:30:00,-0.1616834323320404
2020-02-03 12:33:00,-0.119376391381536
2020-02-03 12:36:00,-0.19884429095378664
2020-02-03 12:39:00,-0.23369346329565133
2020-02-03 12:42:00,-0.282493132370746
2020-02-03 12:45:00,-0.21584959861132802
2020-02-03 12:48:00,-0.3339387564684557
2020-02-03 12:51:00,-0.2292001973289075
2020-02-03 12:54:00,-0.12366485748464129
2020-02-03 12:57:00,-0.2596031884656895
2020-02-03 13:00:00,-0.2959870603594936
2020-02-03 13:03:00,-0.2921868600881794
2020-02-03 13:06:00,-0.30171502906074465
2020-02-03 13:09:00,-0.39790204206309454
2020-02-03 13:12:00,-0.23405406499256287
2020-02-03 13:15:00,-0.2872089583794377
2020-02-03 13:18:00,-0.2005954261272791
2020-02-03 13:21:00,-0.2875320321409731
2020-02-03 13:24:00,-0.291315948362012
2020-02-03 13:27:00,-0.3633501008301323
2020-02-03 13:30:00,-0.3706761338996216
2020-02-03 13:33:00,-0.29087984634185204
2020-02-03 13:36:00,-0.32947322371381915
2020-02-03 13:39:00,-0.2986353683685934
2020-02-03 13:42:00,-0.32121647369120865
2020-02-03 13:45:00,-0.31220922846705434
2020-02-03 13:48:00,-0.3119763615563329
2020-02-03 13:51:00,-0.22411702832130231
2020-02-03 13:54:00,-0.35561625955466525
2020-02-03 13:57:00,-0.31695840381519247
2020-02-03 14:00:00,-0.3188898294403657
2020-02-03 14:03:00,-0.41107103137665035
2020-02-03 14:06:00,-0.41999953493933617
2020-02-03 14:09:00,-0.3012136674005319
2020-02-03 14:12:00,-0.3296498274157216
2020-02-03 14:15:00,-0.3199918859864397
2020-02-03 14:18:00,-0.32265197561980585
2020-02-03 14:21:00,-0.4238326889540076
2020-02-03 14:24:00,-0.32104651111148996
2020-02-03 14:27:00,-0.3424541369477083
2020-02-03 14:30:00,-0.4025911823739534
2020-02-03 14:33:00,-0.42265564822724855
2020-02-03 14:36:00,-0.2671320641220518
2020-02-03 14:39:00,-0.33414096670418303
2020-02-03 14:42:00,-0.41130222011753403
2020-02-03 14:45:00,-0.3120433122264217
2020-02-03 14:48:00,-0.18907891783157993
2020-02-03 14:51:00,-0.2736441348065455
2020-02-03 14:54:00,-0.3849568152149345
2020-02-03 14:57:00,-0.2627982179384958
2020-02-03 15:00:00,-0.2407433609138252
2020-02-03 15:03:00,-0.2876188249948086
2020-02-03 15:06:00,-0.3219703058919663
2020-02-03 15:09:00,-0.3222551414308441
2020-02-03 15:12:00,-0.2904389610682756
2020-02-03 15:15:00,-0.2333445611337197
2020-02-03 15:18:00,-0.39887656212050615
2020-02-03 15:21:00,-0.3049610201827022
2020-02-03 15:24:00,-0.37493751306197964
2020-02-03 15:27:00,-0.23439475136410692
2020-02-03 15:30:00,-0.2665265589008641
2020-02-03 15:33:00,-0.32223997774434565
2020-02-03 15:36:00,-0.41652657622375955
2020-02-03 15:39:00,-0.30122004232867994
2020-02-03 15:42:00,-0.3325645463927458
2020-02-03 15:45:00,-0.36363319853910525
2020-02-03 15:48:00,-0.3328991520653517
2020-02-03 15:51:00,-0.28641523491944554
2020-02-03 15:54:00,-0.3837671529619797
2020-02-03 15:57:00,-0.34356606552830726
2020-02-03 16:00:00,-0.32629875678622966
2020-02-03 16:03:00,-0.36447177451907464
2020-02-03 16:06:00,-0.2978945696914366
2020-02-03 16:09:00,-0.3165664595910016
2020-02-03 16:12:00,-0.4069610383732538
2020-02-03 16:15:00,-0.4777095373772795
2020-02-03 16:18:00,-0.2727202964457547
2020-02-03 16:21:00,-0.3103488026193304
2020-02-03 16:24:00,-0.2605304362993479
2020-02-03 16:27:00,-0.3515827988421165
2020-02-03 16:30:00,-0.2716761542075119
2020-02-03 16:33:00,-0.3802818035964606
2020-02-03 16:36:00,-0.3277549625057645
2020-02-03 16:39:00,-0.4728971112922409
2020-02-03 16:42:00,-0.2162451183404528
2020-02-03 16:45:00,-0.31830895211055577
2020-02-03 16:48:00,-0.30385271540097847
2020-02-03 16:51:00,-0.20903435714427587
2020-02-03 16:54:00,-0.41090944298235854
2020-02-03 16:57:00,-0.3139844535494376
2020-02-03 17:00:00,-0.4879598648446404
2020-02-03 17:03:00,-0.387193557327123
2020-02-03 17:06:00,-0.34312818678654367
2020-02-03 17:09:00,-0.39217325461214614
2020-02-03 17:12:00,-0.29425400395177803
2020-02-03 17:15:00,-0.3834195379305356
2020-02-03 17:18:00,-0.3345349230361876
2020-02-03 17:21:00,-0.3299694042507326
2020-02-03 17:24:00,-0.3918504943164294
2020-02-03 17:27:00,-0.30119358296542487
2020-02-03 17:30:00,-0.44758856576152084
2020-02-03 17:33:00,-0.37246666952631813
2020-02-03 17:36:00,-0.3500386540083582
2020-02-03 17:39:00,-0.39751164201607025
2020-02-03 17:42:00,-0.4110564040138911
2020-02-03 17:45:00,-0.3440705466398981
2020-02-03 17:48:00,-0.2789456115372104
2020-02-03 17:51:00,-0.3930516126109751
2020-02-03 17:54:00,-0.42464288440629616
2020-02-03 17:57:00,-0.2329467093287576
2020-02-03 18:00:00,-0.3280397699160744
2020-02-03 18:03:00,-0.27153013636569767
2020-02-03 18:06:00,-0.18794145583495947
2020-02-03 18:09:00,-0.3137515561174382
2020-02-03 18:12:00,-0.2699546573317093
2020-02-03 18:15:00,-0.3007774824741887
2020-02-03 18:18:00,-0.28104578333449126
2020-02-03 18:21:00,-0.2240887680762853
2020-02-03 18:24:00,-0.1578042764576253
2020-02-03 18:27:00,-0.11120127632329968
2020-02-03 18:30:00,-0.19014069502617303
2020-02-03 18:33:00,-0.13419918433550038
2020-02-03 18:36:00,-0.12977350497470752
2020-02-03 18:39:00,-0.20838408627520266
2020-02-03 18:42:00,-0.17493253007455678
2020-02-03 18:45:00,-0.06424924858271197
2020-02-03 18:48:00,-0.08630926799207828
2020-02-03 18:51:00,-0.10634372322715535
2020-02-03 18:54:00,
2020-02-03 18:57:00,
2020-02-03 19:00:00,
2020-02-03 19:03:00,-0.13104257060587088
2020-02-03 19:06:00,-0.13422229211602144
2020-02-03 19:09:00,0.06253755325502652
2020-02-03 19:12:00,0.03556744543567447
2020-02-03 19:15:00,-0.024894671657875733
2020-02-03 19:18:00,-0.05115279493594471
2020-02-03 19:21:00,-0.127086996779326
2020-02-03 19:24:00,-0.047979364868808716
2020-02-03 19:27:00,0.04097601305642229
2020-02-03 19:30:00,-0.05914086755313974
2020-02-03 19:33:00,-0.03775311110484836
2020-02-03 19:36:00,-0.026638671646821876
2020-02-03 19:39:00,-0.13143908380340008
2020-02-03 19:42:00,-0.13771347653153043
2020-02-03 19:45:00,-0.13744374085257505
2020-02-03 19:48:00,-0.08949148304611754
2020-02-03 19:51:00,0.07319862870383531
2020-02-03 19:54:00,-0.09125853564660247
2020-02-03 19:57:00,0.006014004487155944
2020-02-03 20:00:00,-0.08294005648326674
2020-02-03 20:03:00,-0.008987952153688639
2020-02-03 20:06:00,-0.09862855256682224
2020-02-03 20:09:00,-0.04163600242344501
2020-02-03 20:12:00,-0.04149717123874552
2020-02-03 20:15:00,-0.08097712003217339
2020-02-03 20:18:00,-0.06609906770802354
2020-02-03 20:21:00,0.007522105486316377
2020-02-03 20:24:00,-0.1305301071117242
2020-02-03 20:27:00,-0.0055316273081302825
2020-02-03 20:30:00,0.0151137109278352
2020-02-03 20:33:00,0.0020796094980255475
2020-02-03 20:36:00,-0.09148455007459688
2020-02-03 20:39:00,-0.06802223950893449
2020-02-03 20:42:00,-0.04672786380035632
2020-02-03 20:45:00,0.03274903232033921
2020-02-03 20:48:00,-0.0007240276139555135
2020-02-03 20:51:00,0.007742261240878179
2020-02-03 20:54:00,0.03739512300973047
2020-02-03 20:57:00,0.012501405121668085
2020-02-03 21:00:00,0.021365516597825263
2020-02-03 21:03:00,-0.07283771047707432
2020-02-03 21:06:00,0.02803122758433574
2020-02-03 21:09:00,-0.023501402744045663
2020-02-03 21:12:00,-0.023279752303380974
2020-02-03 21:15:00,0.0010440300548566483
2020-02-03 21:18:00,0.1223096619052626
2020-02-03 21:21:00,0.00501692383960517
2020-02-03 21:24:00,0.07186240650963782
2020-02-03 21:27:00,0.04247214708203728
2020-02-03 21:30:00,0.03404412123086331
2020-02-03 21:33:00,0.08365676799559196
2020-02-03 21:36:00,0.09410792302765003
2020-02-03 21:39:00,0.06413359390541018
2020-02-03 21:42:00,0.03778752181347045
2020-02-03 21:45:00,0.015097242817319056
2020-02-03 21:48:00,0.03914300661153902
2020-02-03 21:51:00,0.027497678875192832
2020-02-03 21:54:00,0.10978235859300867
2020-02-03 21:57:00,0.05692548351584037
2020-02-03 22:00:00,-0.054470865386804235
2020-02-03 22:03:00,0.10864692406647691
2020-02-03 22:06:00,0.15623500533018841
2020-02-03 22:09:00,0.10225796752928318
2020-02-03 22:12:00,-0.01358625625402965
2020-02-03 22:15:00,0.019446730579090854
2020-02-03 22:18:00,0.06693795244700596
2020-02-03 22:21:00,0.032363232331817926
2020-02-03 22:24:00,0.08178253412393133
2020-02-03 22:27:00,0.04363442149110597
2020-02-03 22:30:00,0.11522695242024383
2020-02-03 22:33:00,0.11831389485092814
2020-02-03 22:36:00,0.059325022485097634
2020-02-03 22:39:00,0.08407505184942465
2020-02-03 22:42:00,0.08773823527781133
2020-02-03 22:45:00,0.06032080132769124
2020-02-03 22:48:00,0.15476623876992335
2020-02-03 22:51:00,-0.007521411235074993
2020-02-03 22:54:00,0.09130663116741289
2020-02-03 22:57:00,0.14550082845624956
2020-02-03 23:00:00,0.030902429349566773
2020-02-03 23:03:00,-0.0063053202000560304
2020-02-03 23:06:00,0.10217445380283152
2020-02-03 23:09:00,0.11577091099525205
2020-02-03 23:12:00,-0.015921971256773304
2020-02-03 23:15:00,0.004465341893364894
2020-02-03 23:18:00,0.04252187085864989
2020-02-03 23:21:00,-0.00819728449238255
2020-02-03 23:24:00,0.0441940880860443
2020-02-03 23:27:00,-0.00198545570827946
2020-02-03 23:30:00,0.08419503948118745
2020-02-03 23:33:00,0.24727301814664315
2020-02-03 23:36:00,0.15526252726391476
2020-02-03 23:39:00,0.1670301110580681
2020-02-03 23:42:00,0.13207973729726064
2020-02-03 23:45:00,0.028221809277283683
2020-02-03 23:48:00,0.11572247065663532
2020-02-03 23:51:00,0.18278300702218075
2020-02-03 23:54:00,0.1574605270820939
2020-02-03 23:57:00,0.13232369818314282
2020-02-04 00:00:00,0.14307522203603185
2020-02-04 00:03:00,0.06457266104143855
2020-02-04 00:06:00,0.18393451543397532
2020-02-04 00:09:00,0.16016600839981265
2020-02-04 00:12:00,0.09642086353773038
2020-02-04 00:15:00,0.08957666925346075
2020-02-04 00:18:00,0.16264593996714893
2020-02-04 00:21:00,0.11928852190470707
2020-02-04 00:24:00,0.14994738754853643
2020-02-04 00:27:00,0.16145742648672012
2020-02-04 00:30:00,0.1054306819003159
2020-02-04 00:33:00,0.17489981577887193
2020-02-04 00:36:00,0.1602665486487922
2020-02-04 00:39:00,0.2095514168464092
2020-02-04 00:42:00,0.057672413283626156
2020-02-04 00:45:00,0.12321436030907762
2020-02-04 00:48:00,0.023691366972286687
2020-02-04 00:51:00,0.07420524968068776
2020-02-04 00:54:00,0.10603505721775264
2020-02-04 00:57:00,0.04678935196562861
2020-02-04 01:00:00,0.12280263467675923
2020-02-04 01:03:00,0.12536338103876687
2020-02-04 01:06:00,0.1066966921064818
2020-02-04 01:09:00,0.06282920475439369
2020-02-04 01:12:00,0.15405413258611134
2020-02-04 01:15:00,0.08772720439242221
2020-02-04 01:18:00,0.14165878153045242
2020-02-04 01:21:00,0.09966254711656575
2020-02-04 01:24:00,0.13261151822780448
2020-02-04 01:27:00,0.11031888726785155
2020-02-04 01:30:00,0.13601585617584533
2020-02-04 01:33:00,0.0860618575371177
2020-02-04 01:36:00,0.16391013198625615
2020-02-04 01:39:00,0.1865004986603367
2020-02-04 01:42:00,0.19232027183738865
2020-02-04 01:45:00,0.257958174793373
2020-02-04 01:48:00,0.15285151058469637
2020-02-04 01:51:00,0.07024694376661955
2020-02-04 01:54:00,0.21686354345183645
2020-02-04 01:57:00,0.24504605899596754
2020-02-04 02:00:00,0.195954087640132
2020-02-04 02:03:00,0.23900368819204232
2020-02-04 02:06:00,0.1956481407059414
2020-02-04 02:09:00,0.1535758181712481
2020-02-04 02:12:00,0.21058184091606336
2020-02-04 02:15:00,0.21875934071476877
2020-02-04 02:18:00,0.2632815044281642
2020-02-04 02:21:00,0.2661309986136189
2020-02-04 02:24:00,0.1457011853958079
2020-02-04 02:27:00,0.2460544502924904
2020-02-04 02:30:00,0.322272526382676
2020-02-04 02:33:00,0.30536827255735943
2020-02-04 02:36:00,0.2359381861986094
2020-02-04 02:39:00,0.2656328015101508
2020-02-04 02:42:00,0.24463400446586547
2020-02-04 02:45:00,0.12011545047141681
2020-02-04 02:48:00,0.13717631566925093
2020-02-04 02:51:00,0.1712352510159576
2020-02-04 02:54:00,0.1591668654082241
2020-02-04 02:57:00,0.150904449104587
2020-02-04 03:00:00,0.23377824292191463
2020-02-04 03:03:00,0.34854611624786
2020-02-04 03:06:00,0.31022294134652384
2020-02-04 03:09:00,0.29734119765544165
2020-02-04 03:12:00,0.25990381223880377
2020-02-04 03:15:00,0.3409002308631557
2020-02-04 03:18:00,0.34522972835929977
2020-02-04 03:21:00,0.27594516499169686
2020-02-04 03:24:00,0.1664500505443698
2020-02-04 03:27:00,0.3112735534510307
2020-02-04 03:30:00,0.23025764331555365
2020-02-04 03:33:00,0.21014864617194462
2020-02-04 03:36:00,0.265656557909665
2020-02-04 03:39:00,0.14854656817533396
2020-02-04 03:42:00,0.20370987371148885
2020-02-04 03:45:00,0.1891367215175137
2020-02-04 03:48:00,0.2608572899370074
2020-02-04 03:51:00,0.19529023186919403
2020-02-04 03:54:00,0.21163818829984393
2020-02-04 03:57:00,0.30439226662679175
2020-02-04 04:00:00,0.2881929416332696
2020-02-04 04:03:00,0.17504405042893723
2020-02-04 04:06:00,0.3592191059971128
2020-02-04 04:09:00,0.2270342659546145
2020-02-04 04:12:00,0.17213817141885102
2020-02-04 04:15:00,0.27853543008632187
2020-02-04 04:18:00,0.30413433950951685
2020-02-04 04:21:00,0.2893038880466179
2020-02-04 04:24:00,0.2723081048052336
2020-02-04 04:27:00,0.24709229928424747
2020-02-04 04:30:00,0.2995340574915417
2020-02-04 04:33:00,0.29526510067285017
2020-02-04 04:36:00,0.3256692635288232
2020-02-04 04:39:00,0.3024026970014688
2020-02-04 04:42:00,0.26231510742627506
2020-02-04 04:45:00,0.2570108981288399
2020-02-04 04:48:00,0.32454152741331654
2020-02-04 04:51:00,0.21913655723835745
2020-02-04 04:54:00,0.27001370948340764
2020-02-04 04:57:00,0.35730296839892617
2020-02-04 05:00:00,0.26995395742403616
2020-02-04 05:03:00,0.3255970268180022
2020-02-04 05:06:00,0.22256802486418792
2020-02-04 05:09:00,0.3979867495034455
2020-02-04 05:12:00,0.24667423540040545
2020-02-04 05:15:00,0.28191997097525245
2020-02-04 05:18:00,0.2687470479332319
2020-02-04 05:21:00,0.32897919164372524
2020-02-04 05:24:00,0.34954944037542646
2020-02-04 05:27:00,0.32090508084468183
2020-02-04 05:30:00,0.25773303946004944
2020-02-04 05:33:00,0.29967131914736456
2020-02-04 05:36:00,0.35675749318113503
2020-02-04 05:39:00,0.24287723688291862
2020-02-04 05:42:00,0.2697892918810112
2020-02-04 05:45:00,0.28795375026101055
2020-02-04 05:48:00,0.33642710307935886
2020-02-04 05:51:00,0.32628730511783033
2020-02-04 05:54:00,0.3547825415414536
2020-02-04 05:57:00,0.2585904471073377
2020-02-04 06:00:00,0.24312939180373405
2020-02-04 06:03:00,0.3238663743786674
2020-02-04 06:06:00,0.34988882636548624
2020-02-04 06:09:00,0.27630781370675095
2020-02-04 06:12:00,0.2864222557831795
2020-02-04 06:15:00,0.3448813457567894
2020-02-04 06:18:00,0.3060573462991556
2020-02-04 06:21:00,0.2165971271654712
2020-02-04 06:24:00,0.2165725427084908
2020-02-04 06:27:00,0.21041860875703833
2020-02-04 06:30:00,0.25860879478761944
2020-02-04 06:33:00,0.2721197393530588
2020-02-04 06:36:00,0.31329523074924737
2020-02-04 06:39:00,0.3143790988890487
2020-02-04 06:42:00,0.2602450127441216
2020-02-04 06:45:00,0.4091337977154126
2020-02-04 06:48:00,0.30946296747890756
2020-02-04 06:51:00,0.318175447939268
2020-02-04 06:54:00,0.33636448842861455
2020-02-04 06:57:00,0.44220823831938105
2020-02-04 07:00:00,0.31963302286754924
2020-02-04 07:03:00,0.3055179488347335
2020-02-04 07:06:00,0.41320894263168384
2020-02-04 07:09:00,0.3506356712642287
2020-02-04 07:12:00,0.33781306753036233
2020-02-04 07:15:00,0.3613241503055633
2020-02-04 07:18:00,0.3292433159843995
2020-02-04 07:21:00,0.44613693452060943
2020-02-04 07:24:00,0.22490465094170986
2020-02-04 07:27:00,0.3774726793451464
2020-02-04 07:30:00,0.3146457199687802
2020-02-04 07:33:00,0.24214289289972157
2020-02-04 07:36:00,0.2847547643482926
2020-02-04 07:39:00,0.29711176294853203
2020-02-04 07:42:00,0.30045438246025924
2020-02-04 07:45:00,0.31826605233629834
2020-02-04 07:48:00,0.20009723151486014
2020-02-04 07:51:00,0.2600112203036815
2020-02-04 07:54:00,0.285057310694242
2020-02-04 07:57:00,0.2526183331417542
2020-02-04 08:00:00,0.2760305026381502
2020-02-04 08:03:00,0.33797329708494317
2020-02-04 08:06:00,0.31139727270249296
2020-02-04 08:09:00,0.2535992301884562
2020-02-04 08:12:00,0.2660741392093655
2020-02-04 08:15:00,0.2827327887671345
2020-02-04 08:18:00,0.2706512657611029
2020-02-04 08:21:00,0.33357610776835145
2020-02-04 08:24:00,0.2715077950696809
2020-02-04 08:27:00,0.2449786351061789
2020-02-04 08:30:00,0.18392097122148243
2020-02-04 08:33:00,0.2760044059459119
2020-02-04 08:36:00,0.26254330649396707
2020-02-04 08:39:00,0.26299839668672575
2020-02-04 08:42:00,0.2290865637971251
2020-02-04 08:45:00,0.1705514816979985
2020-02-04 08:48:00,0.15391794037776663
2020-02-04 08:51:00,0.1919141934374693
2020-02-04 08:54:00,0.15431628889609783
2020-02-04 08:57:00,0.14971178729564372
2020-02-04 09:00:00,0.2934849994128399
2020-02-04 09:03:00,0.07778493858955926
2020-02-04 09:06:00,0.13469562796353785
2020-02-04 09:09:00,0.09656854571443318
2020-02-04 09:12:00,0.1472731076509035
2020-02-04 09:15:00,0.08256310095396202
2020-02-04 09:18:00,0.1128756779147011
2020-02-04 09:21:00,0.06925856013322118
2020-02-04 09:24:00,0.08310159145707985
2020-02-04 09:27:00,0.10520282682699644
2020-02-04 09:30:00,-0.05612366023473214
2020-02-04 09:33:00,-0.029190422093222423
2020-02-04 09:36:00,-0.04624511832827238
2020-02-04 09:39:00,0.07781450395503953
2020-02-04 09:42:00,0.006862526937027269
2020-02-04 09:45:00,0.0026851626730035605
2020-02-04 09:48:00,-0.10114499303591629
2020-02-04 09:51:00,0.049425267506478576
2020-02-04 09:54:00,-0.042702113511495554
2020-02-04 09:57:00,-0.01940991131652936
2020-02-04 10:00:00,0.02465461874265884
2020-02-04 10:03:00,-0.08205010011045033
2020-02-04 10:06:00,-0.07533914423981969
2020-02-04 10:09:00,-0.04198699517399973
2020-02-04 10:12:00,-0.09707295422060724
2020-02-04 10:15:00,-0.0019883388878270125
2020-02-04 10:18:00,-0.0703966796203872
2020-02-04 10:21:00,-0.06036458219284668
2020-02-04 10:24:00,-0.07737553155101295
2020-02-04 10:27:00,-0.03229161916220846
2020-02-04 10:30:00,-0.12223012457661753
2020-02-04 10:33:00,-0.029270827640914376
2020-02-04 10:36:00,-0.05077415191021828
2020-02-04 10:39:00,0.007662378091026767
2020-02-04 10:42:00,-0.08111170883802288
2020-02-04 10:45:00,-0.09194611903762961
2020-02-04 10:48:00,-0.09029126559948963
2020-02-04 10:51:00,-0.0011875693292040523
2020-02-04 10:54:00,-0.13141375079169393
2020-02-04 10:57:00,-0.17490231084082097
2020-02-04 11:00:00,-0.012157752776943198
2020-02-04 11:03:00,-0.13670139415461335
2020-02-04 11:06:00,-0.16280120708267987
2020-02-04 11:09:00,-0.0714913064670668
2020-02-04 11:12:00,-0.08881519719858488
2020-02-04 11:15:00,-0.07289548948921265
2020-02-04 11:18:00,-0.12531131436782061
2020-02-04 11:21:00,-0.08041475064879933
2020-02-04 11:24:00,-0.14543967120573598
2020-02-04 11:27:00,-0.17179289824656507
2020-02-04 11:30:00,-0.2318448905242576
2020-02-04 11:33:00,-0.20086392481442772
2020-02-04 11:36:00,-0.017991529411574447
2020-02-04 11:39:00,-0.05829620676081504
2020-02-04 11:42:00,-0.0759279363471137
2020-02-04 11:45:00,-0.17980375886742195
2020-02-04 11:48:00,-0.12292828118876287
2020-02-04 11:51:00,-0.24428267640178092
2020-02-04 11:54:00,-0.20500898148014812
2020-02-04 11:57:00,-0.2000556645392635
2020-02-04 12:00:00,-0.1498748306357811
2020-02-04 12:03:00,-0.24498642387214886
2020-02-04 12:06:00,-0.212857372599899
2020-02-04 12:09:00,-0.1929070166123097
2020-02-04 12:12:00,-0.20278971540676594
2020-02-04 12:15:00,-0.23608649514716262
2020-02-04 12:18:00,-0.23036325338347297
2020-02-04 12:21:00,-0.20262374239439396
2020-02-04 12:24:00,-0.12128572855294806
2020-02-04 12:27:00,-0.13396506768862082
2020-02-04 12:30:00,-0.16505059226420826
2020-02-04 12:33:00,-0.1638938085579298
2020-02-04 12:36:00,-0.3417175191533488
2020-02-04 12:39:00,-0.34923315488981643
2020-02-04 12:42:00,-0.23026990935716185
2020-02-04 12:45:00,-0.25966151333216203
2020-02-04 12:48:00,-0.2581051534721155
2020-02-04 12:51:00,-0.210245759297095
2020-02-04 12:54:00,-0.32432955004560426
2020-02-04 12:57:00,-0.3028461518442782
2020-02-04 13:00:00,-0.31441093385836894
2020-02-04 13:03:00,-0.18321762700622912
2020-02-04 13:06:00,-0.314303250917078
2020-02-04 13:09:00,-0.256568423041017
2020-02-04 13:12:00,-0.27306219943534416
2020-02-04 13:15:00,-0.21786285071556222
2020-02-04 13:18:00,-0.32195115293376375
2020-02-04 13:21:00,-0.32704234312279823
2020-02-04 13:24:00,-0.2679732669116106
2020-02-04 13:27:00,-0.32305419397948754
2020-02-04 13:30:00,-0.1639329306051991
2020-02-04 13:33:00,-0.33770902111723444
2020-02-04 13:36:00,-0.22361071794358622
2020-02-04 13:39:00,-0.36786296335628776
2020-02-04 13:42:00,-0.39915766112454776
2020-02-04 13:45:00,-0.2617054708096589
2020-02-04 13:48:00,-0.27264728904947333
2020-02-04 13:51:00,-0.2534259344005818
2020-02-04 13:54:00,-0.2662407319599538
2020-02-04 13:57:00,-0.1986020789244094
2020-02-04 14:00:00,-0.2567795956074974
2020-02-04 14:03:00,-0.25272457157274175
2020-02-04 14:06:00,-0.1597535661902043
2020-02-04 14:09:00,-0.25773173329349675
2020-02-04 14:12:00,-0.1791095019383988
2020-02-04 14:15:00,-0.30782875821785183
2020-02-04 14:18:00,-0.1893294399314982
2020-02-04 14:21:00,-0.33847414205860105
2020-02-04 14:24:00,-0.14976043403089534
2020-02-04 14:27:00,-0.2980313181326437
2020-02-04 14:30:00,-0.23660599685427997
2020-02-04 14:33:00,-0.23033143311454296
2020-02-04 14:36:00,-0.22363588566554427
2020-02-04 14:39:00,-0.2532878068216178
2020-02-04 14:42:00,-0.24781833083267202
2020-02-04 14:45:00,-0.2715287712196641
2020-02-04 14:48:00,-0.21074613722214508
2020-02-04 14:51:00,-0.26333185059218067
2020-02-04 14:54:00,-0.26976355721183154
2020-02-04 14:57:00,-0.24203360485438452
2020-02-04 15:00:00,-0.3707656599778488
2020-02-04 15:03:00,-0.2684627509191273
2020-02-04 15:06:00,-0.29072486713170065
2020-02-04 15:09:00,-0.31951384228227653
2020-02-04 15:12:00,-0.2681341742595009
2020-02-04 15:15:00,-0.1722479502059855
2020-02-04 15:18:00,-0.3579692363085769
2020-02-04 15:21:00,-0.29458673874518126
2020-02-04 15:24:00,-0.2744218793339428
2020-02-04 15:27:00,-0.22334911876049546
2020-02-04 15:30:00,-0.33551868250475536
2020-02-04 15:33:00,-0.23456066381942264
2020-02-04 15:36:00,-0.27255453714479927
2020-02-04 15:39:00,-0.28800747698966234
2020-02-04 15:42:00,-0.38816988180019507
2020-02-04 15:45:00,-0.2672976477364273
2020-02-04 15:48:00,-0.29016372197543205
2020-02-04 15:51:00,-0.1989294563863382
2020-02-04 15:54:00,-0.22400611635839596
2020-02-04 15:57:00,-0.27986913312957995
2020-02-04 16:00:00,-0.2583792146920132
2020-02-04 16:03:00,-0.2996840214599956
2020-02-04 16:06:00,-0.24606295094719144
2020-02-04 16:09:00,-0.28972621640480156
2020-02-04 16:12:00,-0.2529153347946931
2020-02-04 16:15:00,-0.2120942782165116
2020-02-04 16:18:00,-0.24235427072250104
2020-02-04 16:21:00,-0.25249928287882994
2020-02-04 16:24:00,-0.1332350344735005
2020-02-04 16:27:00,-0.2913072485924886
2020-02-04 16:30:00,-0.25124277740025036
2020-02-04 16:33:00,-0.1997833620106917
2020-02-04 16:36:00,-0.30439546485081337
2020-02-04 16:39:00,-0.24388145881681567
2020-02-04 16:42:00,-0.2020803467661949
2020-02-04 16:45:00,-0.27189733480253153
2020-02-04 16:48:00,-0.22422308494742538
2020-02-04 16:51:00,-0.2429901080066088
2020-02-04 16:54:00,-0.17095096292104017
2020-02-04 16:57:00,-0.1291840950165124
2020-02-04 17:00:00,-0.35412256485477656
2020-02-04 17:03:00,-0.2229599236119384
2020-02-04 17:06:00,-0.12880281219571543
2020-02-04 17:09:00,-0.2150316153665699
2020-02-04 17:12:00,-0.20009704403128126
2020-02-04 17:15:00,-0.19239945769089672
2020-02-04 17:18:00,-0.2936962328043933
2020-02-04 17:21:00,-0.24827831356168417
2020-02-04 17:24:00,-0.2785813144718645
2020-02-04 17:27:00,-0.211136397777409
2020-02-04 17:30:00,-0.2096269448742305
2020-02-04 17:33:00,-0.250320220813137
2020-02-04 17:36:00,-0.22969455881644762
2020-02-04 17:39:00,-0.2531713310659711
2020-02-04 17:42:00,-0.27284943739942946
2020-02-04 17:45:00,-0.35435295310333004
2020-02-04 17:48:00,-0.2510534422753494
2020-02-04 17:51:00,-0.22824069856091
2020-02-04 17:54:00,-0.2064715158997501
2020-02-04 17:57:00,-0.1794492830284753
2020-02-04 18:00:00,-0.23061588241051822
2020-02-04 18:03:00,-0.24516726007607303
2020-02-04 18:06:00,-0.11497320199191563
2020-02-04 18:09:00,-0.26661866326111294
2020-02-04 18:12:00,-0.27431151623329697
2020-02-04 18:15:00,-0.16786127240823134
2020-02-04 18:18:00,-0.1752517313452131
2020-02-04 18:21:00,-0.17693278897621667
2020-02-04 18:24:00,-0.20452911520754924
2020-02-04 18:27:00,-0.1335670121420094
2020-02-04 18:30:00,-0.2723081605478228
2020-02-04 18:33:00,-0.2289233802401327
2020-02-04 18:36:00,-0.1916647401091609
2020-02-04 18:39:00,-0.15441845304314938
2020-02-04 18:42:00,-0.1364640294741548
2020-02-04 18:45:00,-0.18755441315443022
2020-02-04 18:48:00,-0.07584617822908513
2020-02-04 18:51:00,-0.21076355820054005
2020-02-04 18:54:00,-0.1315721206000262
2020-02-04 18:57:00,
2020-02-04 19:00:00,
2020-02-04 19:03:00,-0.15858729033584495
2020-02-04 19:06:00,-0.2130496659452774
2020-02-04 19:09:00,-0.06834943042156283
2020-02-04 19:12:00,-0.15291084973029
2020-02-04 19:15:00,-0.07910048585330287
2020-02-04 19:18:00,-0.13032036688719018
2020-02-04 19:21:00,-0.18952277119257133
2020-02-04 19:24:00,-0.06645896354029901
2020-02-04 19:27:00,-0.1977379725484525
2020-02-04 19:30:00,-0.11950264311815317
2020-02-04 19:33:00,-0.0988833758243004
2020-02-04 19:36:00,-0.12100094243345438
2020-02-04 19:39:00,-0.15816753328732602
2020-02-04 19:42:00,-0.1545222781816733
2020-02-04 19:45:00,-0.16560502999431037
2020-02-04 19:48:00,-0.07882243633730468
2020-02-04 19:51:00,-0.10665410109231743
2020-02-04 19:54:00,-0.022545251772442043
2020-02-04 19:57:00,-0.023483121134688645
2020-02-04 20:00:00,-0.09290333626449865
2020-02-04 20:03:00,-0.04258404937024807
2020-02-04 20:06:00,-0.12366937335440298
2020-02-04 20:09:00,-0.06110488518970669
2020-02-04 20:12:00,-0.047048888815879764
2020-02-04 20:15:00,-0.03172226674126932
2020-02-04 20:18:00,-0.0814857746086659
2020-02-04 20:21:00,-0.0489731729092
2020-02-04 20:24:00,-0.030009301921495535
2020-02-04 20:27:00,-0.11221938859881675
2020-02-04 20:30:00,-0.05344615827692678
2020-02-04 20:33:00,-0.093730439631031
2020-02-04 20:36:00,0.009277301324402742
2020-02-04 20:39:00,-0.03882721037518877
2020-02-04 20:42:00,-0.05165121772841985
2020-02-04 20:45:00,-0.07552077448053751
2020-02-04 20:48:00,0.04374691297766731
2020-02-04 20:51:00,0.042634321198875114
2020-02-04 20:54:00,0.03235487585652663
2020-02-04 20:57:00,-0.05499372212386788
2020-02-04 21:00:00,0.04878789105003989
2020-02-04 21:03:00,-0.027880318058691955
2020-02-04 21:06:00,0.060596433682349016
2020-02-04 21:09:00,-0.017073690413212717
2020-02-04 21:12:00,0.029250076627420185
2020-02-04 21:15:00,-0.08221041539400176
2020-02-04 21:18:00,0.12910792493738654
2020-02-04 21:21:00,-0.04848044690623965
2020-02-04 21:24:00,-0.028024137744580457
2020-02-04 21:27:00,0.04774666143873674
2020-02-04 21:30:00,-0.00567567774305644
2020-02-04 21:33:00,0.05685200598446727
2020-02-04 21:36:00,0.07866973844659242
2020-02-04 21:39:00,0.030171230001201366
2020-02-04 21:42:00,0.08732961841479892
2020-02-04 21:45:00,-0.015884739351747612
2020-02-04 21:48:00,0.04056517150871741
2020-02-04 21:51:00,-0.020748275930031923
2020-02-04 21:54:00,0.056551112361148625
2020-02-04 21:57:00,0.003591033566635815
2020-02-04 22:00:00,0.030422308971992607
2020-02-04 22:03:00,-0.018292322337515543
2020-02-04 22:06:00,0.07018875602642538
2020-02-04 22:09:00,-0.016532773886467567
2020-02-04 22:12:00,-0.03432693689580901
2020-02-04 22:15:00,-0.010206067548779174
2020-02-04 22:18:00,-0.02482718309164511
2020-02-04 22:21:00,0.04179106966734025
2020-02-04 22:24:00,0.007581471638729909
2020-02-04 22:27:00,0.004525995898063684
2020-02-04 22:30:00,0.10862282253083322
2020-02-04 22:33:00,0.03783411657889246
2020-02-04 22:36:00,0.058128071115675084
2020-02-04 22:39:00,0.04466765156331576
2020-02-04 22:42:00,0.004622976934399503
2020-02-04 22:45:00,0.006895853805588104
2020-02-04 22:48:00,0.07921267912439589
2020-02-04 22:51:00,0.04500468845571959
2020-02-04 22:54:00,0.1660075456537129
2020-02-04 22:57:00,0.07860373099657636
2020-02-04 23:00:00,0.0670069719502635
2020-02-04 23:03:00,-0.007735096967849131
2020-02-04 23:06:00,0.08241495238769403
2020-02-04 23:09:00,-0.009817317135457415
2020-02-04 23:12:00,0.0792199482466458
2020-02-04 23:15:00,0.06369199178817553
2020-02-04 23:18:00,0.1782117437570605
2020-02-04 23:21:00,0.17046591506471032
2020-02-04 23:24:00,0.07925662451515336
2020-02-04 23:27:00,0.07352817377415022
2020-02-04 23:30:00,0.18474620774679806
2020-02-04 23:33:00,0.10571626634259701
2020-02-04 23:36:00,0.16853938747607344
2020-02-04 23:39:00,0.08822188033542488
2020-02-04 23:42:00,0.055555618769858484
2020-02-04 23:45:00,0.09502240099840265
2020-02-04 23:48:00,0.12515508262157482
2020-02-04 23:51:00,0.16525658396039944
2020-02-04 23:54:00,0.16941711012748328
2020-02-04 23:57:00,0.1700453800136188
2020-02-05 00:00:00,0.20727980534439894
2020-02-05 00:03:00,0.16553991673288238
2020-02-05 00:06:00,0.22901098691494326
2020-02-05 00:09:00,0.20671853392741468
2020-02-05 00:12:00,0.1834945544154607
2020-02-05 00:15:00,0.12017605828509659
2020-02-05 00:18:00,0.31220900022429987
2020-02-05 00:21:00,0.16654019130493225
2020-02-05 00:24:00,0.2307846874082884
2020-02-05 00:27:00,0.27269543806642105
2020-02-05 00:30:00,0.23608984274659406
2020-02-05 00:33:00,0.15319818581701838
2020-02-05 00:36:00,0.26183109011191164
2020-02-05 00:39:00,0.1166845689382967
2020-02-05 00:42:00,0.15090909133391506
2020-02-05 00:45:00,0.12659016226251651
2020-02-05 00:48:00,0.22414263222884756
2020-02-05 00:51:00,0.211504238098712
2020-02-05 00:54:00,0.24207968848850214
2020-02-05 00:57:00,0.2722836069078767
2020-02-05 01:00:00,0.16298356128658043
2020-02-05 01:03:00,0.17522598354736374
2020-02-05 01:06:00,0.26849159405639966
2020-02-05 01:09:00,0.20522260216733912
2020-02-05 01:12:00,0.19486371897937715
2020-02-05 01:15:00,0.19909893311245241
2020-02-05 01:18:00,0.13198713319332
2020-02-05 01:21:00,0.18113532424894174
2020-02-05 01:24:00,0.2532368450104059
2020-02-05 01:27:00,0.16772308198477504
2020-02-05 01:30:00,0.25134560319537513
2020-02-05 01:33:00,0.1797084702982943
2020-02-05 01:36:00,0.2357339569282999
2020-02-05 01:39:00,0.11631262159323796
2020-02-05 01:42:00,0.23349005020787672
2020-02-05 01:45:00,0.19116406990508494
2020-02-05 01:48:00,0.18354004228848453
2020-02-05 01:51:00,0.2694254014565445
2020-02-05 01:54:00,0.28445644781595547
2020-02-05 01:57:00,0.20198175459478307
2020-02-05 02:00:00,0.24253270950504202
2020-02-05 02:03:00,0.26793649783815
2020-02-05 02:06:00,0.21023385915810877
2020-02-05 02:09:00,0.25579268318728055
2020-02-05 02:12:00,0.2295957300177065
2020-02-05 02:15:00,0.32704106068905503
2020-02-05 02:18:00,0.2747157785637455
2020-02-05 02:21:00,0.3308352830946433
2020-02-05 02:24:00,0.2966299568858517
2020-02-05 02:27:00,0.29542629860185343
2020-02-05 02:30:00,0.33155639965292494
2020-02-05 02:33:00,0.3357898988398915
2020-02-05 02:36:00,0.23044749876578408
2020-02-05 02:39:00,0.28249911275565864
2020-02-05 02:42:00,0.3475316096800043
2020-02-05 02:45:00,0.3161918932517551
2020-02-05 02:48:00,0.45119730012282844
2020-02-05 02:51:00,0.24185407339143694
2020-02-05 02:54:00,0.3443788472995948
2020-02-05 02:57:00,0.2703053962750346
2020-02-05 03:00:00,0.46526479683927846
2020-02-05 03:03:00,0.2169423100824588
2020-02-05 03:06:00,0.36453582324685385
2020-02-05 03:09:00,0.3364048078631754
2020-02-05 03:12:00,0.3743776621896018
2020-02-05 03:15:00,0.29574602511451076
2020-02-05 03:18:00,0.30931707535904707
2020-02-05 03:21:00,0.30760751005459497
2020-02-05 03:24:00,0.36044106622284744
2020-02-05 03:27:00,0.3203069178127862
2020-02-05 03:30:00,0.330762143602783
2020-02-05 03:33:00,0.3338201307549866
2020-02-05 03:36:00,0.342373664813465
2020-02-05 03:39:00,0.33253301288135617
2020-02-05 03:42:00,0.3475753578101717
2020-02-05 03:45:00,0.32532391390287785
2020-02-05 03:48:00,0.31885860791925325
2020-02-05 03:51:00,0.39050377319557583
2020-02-05 03:54:00,0.3203504680931246
2020-02-05 03:57:00,0.436818500195443
2020-02-05 04:00:00,0.27835790199833355
2020-02-05 04:03:00,0.35906809337728873
2020-02-05 04:06:00,0.3231388408128737
2020-02-05 04:09:00,0.355315790173222
2020-02-05 04:12:00,0.33271715658702306
2020-02-05 04:15:00,0.23770404319657246
2020-02-05 04:18:00,0.4442798570350419
2020-02-05 04:21:00,0.3302147298414866
2020-02-05 04:24:00,0.2635501997718279
2020-02-05 04:27:00,0.42254867951692177
2020-02-05 04:30:00,0.4692757586103653
2020-02-05 04:33:00,0.4097193465489113
2020-02-05 04:36:00,0.3326043391108442
2020-02-05 04:39:00,0.32888463405191715
2020-02-05 04:42:00,0.3949671505586707
2020-02-05 04:45:00,0.39701330257264544
2020-02-05 04:48:00,0.28425179839888415
2020-02-05 04:51:00,0.2962904183738715
2020-02-05 04:54:00,0.3223549654329645
2020-02-05 04:57:00,0.3152658536556032
2020-02-05 05:00:00,0.35385462080245134
2020-02-05 05:03:00,0.3903256993839932
2020-02-05 05:06:00,0.3828712317502436
2020-02-05 05:09:00,0.3241753693272358
2020-02-05 05:12:00,0.3168788356429104
2020-02-05 05:15:00,0.4476299748169481
2020-02-05 05:18:00,0.32197753549473873
2020-02-05 05:21:00,0.3500974487399162
2020-02-05 05:24:00,0.45194926703453575
2020-02-05 05:27:00,0.395286548887384
2020-02-05 05:30:00,0.41937964700787234
2020-02-05 05:33:00,0.29910623849576723
2020-02-05 05:36:00,0.40613463557269824
2020-02-05 05:39:00,0.3749968630974081
2020-02-05 05:42:00,0.38843426685872373
2020-02-05 05:45:00,0.3673476809809131
2020-02-05 05:48:00,0.30831041933373626
2020-02-05 05:51:00,0.3748699063419849
2020-02-05 05:54:00,0.40752050333748
2020-02-05 05:57:00,0.30680346923458046
2020-02-05 06:00:00,0.4077826352549323
2020-02-05 06:03:00,0.42009726852029416
2020-02-05 06:06:00,0.4174477230616276
2020-02-05 06:09:00,0.3676283481677274
2020-02-05 06:12:00,0.45382134770841276
2020-02-05 06:15:00,0.390471670889724
2020-02-05 06:18:00,0.4538949672800072
2020-02-05 06:21:00,0.38753128642821366
2020-02-05 06:24:00,0.37450489023296996
2020-02-05 06:27:00,0.41441045792993236
2020-02-05 06:30:00,0.3668128343032322
2020-02-05 06:33:00,0.3813852140517042
2020-02-05 06:36:00,0.46395995881033514
2020-02-05 06:39:00,0.37907948518380863
2020-02-05 06:42:00,0.45582035620770966
2020-02-05 06:45:00,0.32139457818379924
2020-02-05 06:48:00,0.37016593560065303
2020-02-05 06:51:00,0.374598448321251
2020-02-05 06:54:00,0.4026916859510834
2020-02-05 06:57:00,0.37530714023330347
2020-02-05 07:00:00,0.2992740016472908
2020-02-05 07:03:00,0.4571781004788136
2020-02-05 07:06:00,0.2865611331909008
2020-02-05 07:09:00,0.3239857479816237
2020-02-05 07:12:00,0.3385610031969577
2020-02-05 07:15:00,0.38009147341620064
2020-02-05 07:18:00,0.46093007675949593
2020-02-05 07:21:00,0.4434455145595848
2020-02-05 07:24:00,0.38698785534177205
2020-02-05 07:27:00,0.3561383641064708
2020-02-05 07:30:00,0.37106099815525795
2020-02-05 07:33:00,0.4467436458096472
2020-02-05 07:36:00,0.4004574029155492
2020-02-05 07:39:00,0.4391970971455521
2020-02-05 07:42:00,0.39567482547738564
2020-02-05 07:45:00,0.4632760267492131
2020-02-05 07:48:00,0.38833754466025994
2020-02-05 07:51:00,0.40056357339403803
2020-02-05 07:54:00,0.2938920762940711
2020-02-05 07:57:00,0.494230643359856
2020-02-05 08:00:00,0.3743825706660573
2020-02-05 08:03:00,0.4323285029670956
2020-02-05 08:06:00,0.36988784391337504
2020-02-05 08:09:00,0.37571766895229075
2020-02-05 08:12:00,0.35908126905127347
2020-02-05 08:15:00,0.3484049875392543
2020-02-05 08:18:00,0.42739141034229533
2020-02-05 08:21:00,0.3970198182677791
2020-02-05 08:24:00,0.21839116643354828
2020-02-05 08:27:00,0.30718099059009774
2020-02-05 08:30:00,0.44199182719825103
2020-02-05 08:33:00,0.40887086613611245
2020-02-05 08:36:00,0.3005730910109037
2020-02-05 08:39:00,0.3724520941050855
2020-02-05 08:42:00,0.2979856055490586
2020-02-05 08:45:00,0.2966183699562066
2020-02-05 08:48:00,0.35996713612058784
2020-02-05 08:51:00,0.3698260885419131
2020-02-05 08:54:00,0.3472380983128005
2020-02-05 08:57:00,0.2642249764321605
2020-02-05 09:00:00,0.23489125987805437
2020-02-05 09:03:00,0.27382822995667766
2020-02-05 09:06:00,0.27517082788716607
2020-02-05 09:09:00,0.16170439766875688
2020-02-05 09:12:00,0.2452570155501803
2020-02-05 09:15:00,0.20154794572351875
2020-02-05 09:18:00,0.24598608723181314
2020-02-05 09:21:00,0.16144804301319482
2020-02-05 09:24:00,0.12930887908714794
2020-02-05 09:27:00,0.11548489071464019
2020-02-05 09:30:00,0.10040172504989187
2020-02-05 09:33:00,0.048033869084747494
2020-02-05 09:36:00,0.1196096012482144
2020-02-05 09:39:00,0.08004549919530746
2020-02-05 09:42:00,0.06830338954699755
2020-02-05 09:45:00,0.029836498175313864
2020-02-05 09:48:00,0.06347578184318081
2020-02-05 09:51:00,0.13704270417827047
2020-02-05 09:54:00,-0.03406955590111238
2020-02-05 09:57:00,-0.010953993778969107
2020-02-05 10:00:00,0.0884863616624898
2020-02-05 10:03:00,-0.052634455897930366
2020-02-05 10:06:00,0.07129866122778594
2020-02-05 10:09:00,0.12295848282673205
2020-02-05 10:12:00,0.011900133622816611
2020-02-05 10:15:00,-0.006203413581317818
2020-02-05 10:18:00,-0.0008740715596218251
2020-02-05 10:21:00,-0.12495127017552932
2020-02-05 10:24:00,-0.07814145187296617
2020-02-05 10:27:00,-0.03175295878691031
2020-02-05 10:30:00,-0.06012218595054719
2020-02-05 10:33:00,-0.057877941664514765
2020-02-05 10:36:00,0.06446379243277534
2020-02-05 10:39:00,-0.028925671466652148
2020-02-05 10:42:00,-0.007701362911234355
2020-02-05 10:45:00,-0.03493389279299208
2020-02-05 10:48:00,-0.07990230432159251
2020-02-05 10:51:00,-0.09380391064507876
2020-02-05 10:54:00,-0.04606394818284798
2020-02-05 10:57:00,0.017576303080375055
2020-02-05 11:00:00,-0.09850540243627393
2020-02-05 11:03:00,-0.03777838016122814
2020-02-05 11:06:00,-0.115979397247429
2020-02-05 11:09:00,0.028793244164148746
2020-02-05 11:12:00,-0.0813611273235324
2020-02-05 11:15:00,0.04369027606310283
2020-02-05 11:18:00,-0.12440238432856177
2020-02-05 11:21:00,-0.06210454141802302
2020-02-05 11:24:00,-0.03912834654238395
2020-02-05 11:27:00,-0.087929356963798
2020-02-05 11:30:00,-0.17845282991146405
2020-02-05 11:33:00,-0.018212319552333156
2020-02-05 11:36:00,-0.14430539220205674
2020-02-05 11:39:00,-0.10349508748151948
2020-02-05 11:42:00,-0.0480179943228336
2020-02-05 11:45:00,-0.1517445309722234
2020-02-05 11:48:00,-0.20257115803093484
2020-02-05 11:51:00,-0.06515520945606568
2020-02-05 11:54:00,-0.13238609248429611
2020-02-05 11:57:00,-0.08414717390849091
2020-02-05 12:00:00,-0.13042626873806284
2020-02-05 12:03:00,-0.14853107752765027
2020-02-05 12:06:00,-0.07547514172944148
2020-02-05 12:09:00,-0.1311291700154129
2020-02-05 12:12:00,-0.03657303635554854
2020-02-05 12:15:00,-0.15814536710041693
2020-02-05 12:18:00,-0.1466346570421706
2020-02-05 12:21:00,-0.10717321737450902
2020-02-05 12:24:00,-0.18930026922913612
2020-02-05 12:27:00,-0.10702569784081106
2020-02-05 12:30:00,-0.1701529501168011
2020-02-05 12:33:00,-0.1593215759601776
2020-02-05 12:36:00,-0.1451811289218199
2020-02-05 12:39:00,-0.17115155457753417
2020-02-05 12:42:00,-0.1523031964590018
2020-02-05 12:45:00,-0.21933715195149261
2020-02-05 12:48:00,-0.1271462773306098
2020-02-05 12:51:00,-0.16727823273936338
2020-02-05 12:54:00,-0.24346134838685884
2020-02-05 12:57:00,-0.17525779274370734
2020-02-05 13:00:00,-0.203730893695365
2020-02-05 13:03:00,-0.17717452546315826
2020-02-05 13:06:00,-0.2732684393781142
2020-02-05 13:09:00,-0.21662210675754068
2020-02-05 13:12:00,-0.28294013963875386
2020-02-05 13:15:00,-0.26735756389086873
2020-02-05 13:18:00,-0.18452443901747984
2020-02-05 13:21:00,-0.20760278067035642
2020-02-05 13:24:00,-0.2057816428586534
2020-02-05 13:27:00,-0.2493033255030923
2020-02-05 13:30:00,-0.1881413213294536
2020-02-05 13:33:00,-0.16643816575037818
2020-02-05 13:36:00,-0.2512471057270318
2020-02-05 13:39:00,-0.2558831502884118
2020-02-05 13:42:00,-0.25207777711688095
2020-02-05 13:45:00,-0.3117079950110906
2020-02-05 13:48:00,-0.22644371338776637
2020-02-05 13:51:00,-0.37140849609352244
2020-02-05 13:54:00,-0.25989575937040854
2020-02-05 13:57:00,-0.27606592358665694
2020-02-05 14:00:00,-0.24324323226875322
2020-02-05 14:03:00,-0.14653240828954495
2020-02-05 14:06:00,-0.18742552605397123
2020-02-05 14:09:00,-0.29059829344419086
2020-02-05 14:12:00,-0.3013992432443615
2020-02-05 14:15:00,-0.15984397073765422
2020-02-05 14:18:00,-0.3136266493154949
2020-02-05 14:21:00,-0.3067738933317514
2020-02-05 14:24:00,-0.24460076350288773
2020-02-05 14:27:00,-0.3360351017886387
2020-02-05 14:30:00,-0.31985356568492307
2020-02-05 14:33:00,-0.18854304040593206
2020-02-05 14:36:00,-0.3104841017254216
2020-02-05 14:39:00,-0.31164669864301686
2020-02-05 14:42:00,-0.24243196001867773
2020-02-05 14:45:00,-0.2941615161236655
2020-02-05 14:48:00,-0.21492924191596785
2020-02-05 14:51:00,-0.1760386774646463
2020-02-05 14:54:00,-0.27530500358483323
2020-02-05 14:57:00,-0.265746392768051
2020-02-05 15:00:00,-0.25759176252961424
2020-02-05 15:03:00,-0.31351331936087945
2020-02-05 15:06:00,-0.3401666016617355
2020-02-05 15:09:00,-0.395008440012532
2020-02-05 15:12:00,-0.2835502997713206
2020-02-05 15:15:00,-0.26863723177945076
2020-02-05 15:18:00,-0.2621834159381251
2020-02-05 15:21:00,-0.24400295757715185
2020-02-05 15:24:00,-0.26780379858638526
2020-02-05 15:27:00,-0.1675949863674191
2020-02-05 15:30:00,-0.29786849562754014
2020-02-05 15:33:00,-0.37137138580987994
2020-02-05 15:36:00,-0.28569930416495026
2020-02-05 15:39:00,-0.25639771089714714
2020-02-05 15:42:00,-0.37639720971480983
2020-02-05 15:45:00,-0.27848043419510304
2020-02-05 15:48:00,-0.14360216647395418
2020-02-05 15:51:00,-0.17120561349611307
2020-02-05 15:54:00,-0.2020901803288666
2020-02-05 15:57:00,-0.15218480599457962
2020-02-05 16:00:00,-0.2303279047438309
2020-02-05 16:03:00,-0.2567187524735459
2020-02-05 16:06:00,-0.2387234161688525
2020-02-05 16:09:00,-0.28851927232074104
2020-02-05 16:12:00,-0.20196174475773887
2020-02-05 16:15:00,-0.23374290338057335
2020-02-05 16:18:00,-0.1671742868299475
2020-02-05 16:21:00,-0.21388431742121838
2020-02-05 16:24:00,-0.17205038657152727
2020-02-05 16:27:00,-0.2733461036697804
2020-02-05 16:30:00,-0.2413182517936434
2020-02-05 16:33:00,-0.31084751183828985
2020-02-05 16:36:00,-0.11832151779231026
2020-02-05 16:39:00,-0.1462010482037499
2020-02-05 16:42:00,-0.1610841643924914
2020-02-05 16:45:00,-0.26461726268559005
2020-02-05 16:48:00,-0.17589663604030648
2020-02-05 16:51:00,-0.17924412143537438
2020-02-05 16:54:00,-0.22111088350453656
2020-02-05 16:57:00,-0.25948587875302564
2020-02-05 17:00:00,-0.3333553479689044
2020-02-05 17:03:00,-0.20837659870704783
2020-02-05 17:06:00,-0.15683856825779685
2020-02-05 17:09:00,-0.18983558930165145
2020-02-05 17:12:00,-0.22944141686616604
2020-02-05 17:15:00,-0.13393513977223392
2020-02-05 17:18:00,-0.20972189456432488
2020-02-05 17:21:00,-0.2073813486375684
2020-02-05 17:24:00,-0.17022082530860416
2020-02-05 17:27:00,-0.23288912503016945
2020-02-05 17:30:00,-0.19203691367090414
2020-02-05 17:33:00,-0.17876156313138836
2020-02-05 17:36:00,-0.1284418529913296
2020-02-05 17:39:00,-0.14513249667845685
2020-02-05 17:42:00,-0.15744403409763663
2020-02-05 17:45:00,-0.14572946512657836
2020-02-05 17:48:00,-0.13265753197470076
2020-02-05 17:51:00,-0.21193960646593268
2020-02-05 17:54:00,-0.25510257162301286
2020-02-05 17:57:00,-0.2031042849890241
2020-02-05 18:00:00,-0.16942292762496436
2020-02-05 18:03:00,-0.17193876773973216
2020-02-05 18:06:00,-0.17599959233047002
2020-02-05 18:09:00,-0.1940423100052726
2020-02-05 18:12:00,-0.21859848139717997
2020-02-05 18:15:00,-0.19112822093524073
2020-02-05 18:18:00,-0.2254969038077661
2020-02-05 18:21:00,-0.1496377931488837
2020-02-05 18:24:00,-0.2618698745891379
2020-02-05 18:27:00,-0.16533433851503787
2020-02-05 18:30:00,-0.1445799272601107
2020-02-05 18:33:00,-0.1530455193533271
2020-02-05 18:36:00,-0.2022907892604735
2020-02-05 18:39:00,-0.16957611586343546
2020-02-05 18:42:00,-0.12940462414962894
2020-02-05 18:45:00,-0.10332770043515893
2020-02-05 18:48:00,-0.20001607138323152
2020-02-05 18:51:00,-0.10509073768838562
2020-02-05 18:54:00,
2020-02-05 18:57:00,
2020-02-05 19:00:00,
2020-02-05 19:03:00,-0.13143992156801687
2020-02-05 19:06:00,-0.14527952973764968
2020-02-05 19:09:00,-0.044333176316513345
2020-02-05 19:12:00,-0.09396929491123274
2020-02-05 19:15:00,-0.024481761938375257
2020-02-05 19:18:00,-0.15268095857521757
2020-02-05 19:21:00,-0.001097520118776174
2020-02-05 19:24:00,-0.03963068659771807
2020-02-05 19:27:00,-0.1056520922272739
2020-02-05 19:30:00,-0.10769863226789766
2020-02-05 19:33:00,-0.06927092919681854
2020-02-05 19:36:00,-0.010075966610600062
2020-02-05 19:39:00,-0.12072916754544849
2020-02-05 19:42:00,-0.038327234584983216
2020-02-05 19:45:00,-0.061189802372382474
2020-02-05 19:48:00,0.02511963969146791
2020-02-05 19:51:00,0.07664309226345267
2020-02-05 19:54:00,-0.06252344079661043
2020-02-05 19:57:00,0.02334263141574411
2020-02-05 20:00:00,0.03757037225182103
2020-02-05 20:03:00,-0.013415301128361534
2020-02-05 20:06:00,-0.06827073222655144
2020-02-05 20:09:00,0.056041206880877326
2020-02-05 20:12:00,0.07810672504058402
2020-02-05 20:15:00,0.02287549268987732
2020-02-05 20:18:00,0.005133783348696852
2020-02-05 20:21:00,0.10810482677442224
2020-02-05 20:24:00,0.04008298869149485
2020-02-05 20:27:00,0.03796607760227744
2020-02-05 20:30:00,0.10730580659179623
2020-02-05 20:33:00,0.1260365533318577
2020-02-05 20:36:00,0.06966741192275094
2020-02-05 20:39:00,0.06767860054139874
2020-02-05 20:42:00,0.04636678917881909
2020-02-05 20:45:00,0.031172113607965457
2020-02-05 20:48:00,0.006833679014562222
2020-02-05 20:51:00,0.1534354459766405
2020-02-05 20:54:00,0.08858418623265152
2020-02-05 20:57:00,0.07832829488540938
2020-02-05 21:00:00,0.1459893327976829
2020-02-05 21:03:00,0.1013920234760235
2020-02-05 21:06:00,0.10023880838446075
2020-02-05 21:09:00,-0.026103566606707318
2020-02-05 21:12:00,0.13608510587147293
2020-02-05 21:15:00,0.06165609604539668
2020-02-05 21:18:00,0.005097299189003479
2020-02-05 21:21:00,0.09519093523351785
2020-02-05 21:24:00,0.0447794398707515
2020-02-05 21:27:00,0.09309912353262462
2020-02-05 21:30:00,-0.01468346870632331
2020-02-05 21:33:00,0.04325591604430201
2020-02-05 21:36:00,0.11166189914962388
2020-02-05 21:39:00,0.1479724496417134
2020-02-05 21:42:00,0.05127919220649346
2020-02-05 21:45:00,0.05196252911969168
2020-02-05 21:48:00,0.11522780265084975
2020-02-05 21:51:00,0.040960275738257224
2020-02-05 21:54:00,0.07226940724945052
2020-02-05 21:57:00,0.15437041377481364
2020-02-05 22:00:00,0.052064470083166725
2020-02-05 22:03:00,0.09856444440379164
2020-02-05 22:06:00,0.07964980728604587
2020-02-05 22:09:00,0.03603707501986264
2020-02-05 22:12:00,0.06549162741566761
2020-02-05 22:15:00,0.056028746337744906
2020-02-05 22:18:00,0.09426636801526911
2020-02-05 22:21:00,0.1533323942817333
2020-02-05 22:24:00,0.12428254210135492
2020-02-05 22:27:00,0.06290574974951824
2020-02-05 22:30:00,0.08685544825607394
2020-02-05 22:33:00,0.14673325037500717
2020-02-05 22:36:00,0.15849960173630961
2020-02-05 22:39:00,0.22066797698317941
2020-02-05 22:42:00,0.25618192687124974
2020-02-05 22:45:00,0.11663581819192359
2020-02-05 22:48:00,0.13817584450686127
2020-02-05 22:51:00,0.19350463169871546
2020-02-05 22:54:00,0.20800921086845392
2020-02-05 22:57:00,0.13939600781003492
2020-02-05 23:00:00,0.1658653290569987
2020-02-05 23:03:00,0.14978735956151468
2020-02-05 23:06:00,0.21022752641465559
2020-02-05 23:09:00,0.14139041046763623
2020-02-05 23:12:00,0.2405254076030019
2020-02-05 23:15:00,0.21788249744889754
2020-02-05 23:18:00,0.06314199500371842
2020-02-05 23:21:00,0.2270642546619115
2020-02-05 23:24:00,0.22741748849432497
2020-02-05 23:27:00,0.1504787493462345
2020-02-05 23:30:00,0.1681679895878574
2020-02-05 23:33:00,0.12471077241752937
2020-02-05 23:36:00,0.24389391822199968
2020-02-05 23:39:00,0.20628479790309484
2020-02-05 23:42:00,0.26576606152246995
2020-02-05 23:45:00,0.23287476538359897
2020-02-05 23:48:00,0.2591500567947378
2020-02-05 23:51:00,0.20616193944113093
2020-02-05 23:54:00,0.2443154505768348
2020-02-05 23:57:00,0.2804007693121662
2020-02-06 00:00:00,0.21402301089619868
2020-02-06 00:03:00,0.1738254484164372
2020-02-06 00:06:00,0.17224736062303236
2020-02-06 00:09:00,0.25545874320380335
2020-02-06 00:12:00,0.2285113233471634
2020-02-06 00:15:00,0.2033561275781608
2020-02-06 00:18:00,0.24550305713108855
2020-02-06 00:21:00,0.22974821122687672
2020-02-06 00:24:00,0.23110767964442402
2020-02-06 00:27:00,0.293223337593588
2020-02-06 00:30:00,0.24208510124014992
2020-02-06 00:33:00,0.18535278541747857
2020-02-06 00:36:00,0.1513208980309173
2020-02-06 00:39:00,0.22418311570800142
2020-02-06 00:42:00,0.2535558222686518
2020-02-06 00:45:00,0.25114752814243957
2020-02-06 00:48:00,0.24908005360771313
2020-02-06 00:51:00,0.32737796077339
2020-02-06 00:54:00,0.26786600833509056
2020-02-06 00:57:00,0.2841894765168149
2020-02-06 01:00:00,0.276287871114107
2020-02-06 01:03:00,0.3030922890662282
2020-02-06 01:06:00,0.32987201288858614
2020-02-06 01:09:00,0.25680618975246716
2020-02-06 01:12:00,0.3949395825654278
2020-02-06 01:15:00,0.290865601150756
2020-02-06 01:18:00,0.27336346948237633
2020-02-06 01:21:00,0.2516394217552147
2020-02-06 01:24:00,0.3751234906710579
2020-02-06 01:27:00,0.30215244604062264
2020-02-06 01:30:00,0.3120806386583581
2020-02-06 01:33:00,0.2747425656456812
2020-02-06 01:36:00,0.22903730560000213
2020-02-06 01:39:00,0.20126416466393948
2020-02-06 01:42:00,0.29915153799481686
2020-02-06 01:45:00,0.29557511024336236
2020-02-06 01:48:00,0.22639867232362576
2020-02-06 01:51:00,0.27152704189330734
2020-02-06 01:54:00,0.22001059842222048
2020-02-06 01:57:00,0.2534990902519212
2020-02-06 02:00:00,0.22336402300146574
2020-02-06 02:03:00,0.302510294426213
2020-02-06 02:06:00,0.23370266047118093
2020-02-06 02:09:00,0.2893183253960956
2020-02-06 02:12:00,0.2861203720473213
2020-02-06 02:15:00,0.24826984425629917
2020-02-06 02:18:00,0.31279409589330953
2020-02-06 02:21:00,0.30482371253890506
2020-02-06 02:24:00,0.25271700210595327
2020-02-06 02:27:00,0.2577842222655704
2020-02-06 02:30:00,0.3258947232782248
2020-02-06 02:33:00,0.38936733052895534
2020-02-06 02:36:00,0.32083080563563726
2020-02-06 02:39:00,0.3062744459547275
2020-02-06 02:42:00,0.3220069134508776
2020-02-06 02:45:00,0.34299400240587374
2020-02-06 02:48:00,0.30703803802856555
2020-02-06 02:51:00,0.33109708698304985
2020-02-06 02:54:00,0.34449190925471385
2020-02-06 02:57:00,0.33066869861778514
2020-02-06 03:00:00,0.332293485441312
2020-02-06 03:03:00,0.3867136800669755
2020-02-06 03:06:00,0.30134895909327497
2020-02-06 03:09:00,0.33296184898273395
2020-02-06 03:12:00,0.2575441514425165
2020-02-06 03:15:00,0.3678764256912359
2020-02-06 03:18:00,0.3394268618711749
2020-02-06 03:21:00,0.23432271636818314
2020-02-06 03:24:00,0.348629689483289
2020-02-06 03:27:00,0.30458090456949094
2020-02-06 03:30:00,0.30646852951929304
2020-02-06 03:33:00,0.3237253492193872
2020-02-06 03:36:00,0.35501905278550794
2020-02-06 03:39:00,0.33749701379360886
2020-02-06 03:42:00,0.27941297073562055
2020-02-06 03:45:00,0.43643528990963887
2020-02-06 03:48:00,0.3380837684513267
2020-02-06 03:51:00,0.40292013102936153
2020-02-06 03:54:00,0.3946181810296707
2020-02-06 03:57:00,0.3926666375685386
2020-02-06 04:00:00,0.3337515629775112
2020-02-06 04:03:00,0.4703835272057404
2020-02-06 04:06:00,0.3805895920956459
2020-02-06 04:09:00,0.27097662234427844
2020-02-06 04:12:00,0.3918940426077029
2020-02-06 04:15:00,0.3871950936617168
2020-02-06 04:18:00,0.38260433686804163
2020-02-06 04:21:00,0.4057095811788827
2020-02-06 04:24:00,0.42021489974825954
2020-02-06 04:27:00,0.4119246327053361
2020-02-06 04:30:00,0.3892521938647633
2020-02-06 04:33:00,0.4320876335948469
2020-02-06 04:36:00,0.4793002509479152
2020-02-06 04:39:00,0.3908446614680088
2020-02-06 04:42:00,0.5317117662025908
2020-02-06 04:45:00,0.48917277600526177
2020-02-06 04:48:00,0.4154979624670432
2020-02-06 04:51:00,0.3065473734450279
2020-02-06 04:54:00,0.4348008367142029
2020-02-06 04:57:00,0.42342499420976765
2020-02-06 05:00:00,0.3859093577074191
2020-02-06 05:03:00,0.4726727117163705
2020-02-06 05:06:00,0.3901539676119796
2020-02-06 05:09:00,0.4907176883654074
2020-02-06 05:12:00,0.3789035232021547
2020-02-06 05:15:00,0.36266091188628025
2020-02-06 05:18:00,0.4639736552753675
2020-02-06 05:21:00,0.3613596231499514
2020-02-06 05:24:00,0.43257643797988976
2020-02-06 05:27:00,0.4867519372947413
2020-02-06 05:30:00,0.47371078061740945
2020-02-06 05:33:00,0.4085565057130225
2020-02-06 05:36:00,0.37667888937846783
2020-02-06 05:39:00,0.4214560709925763
2020-02-06 05:42:00,0.3905026192595642
2020-02-06 05:45:00,0.4775204266189803
2020-02-06 05:48:00,0.39599821294939375
2020-02-06 05:51:00,0.3168892355637922
2020-02-06 05:54:00,0.33316497582114835
2020-02-06 05:57:00,0.4321148242410118
2020-02-06 06:00:00,0.4369999876734596
2020-02-06 06:03:00,0.4456300964741331
2020-02-06 06:06:00,0.5017074019601182
2020-02-06 06:09:00,0.4602581086305122
2020-02-06 06:12:00,0.46172690439203734
2020-02-06 06:15:00,0.42687600425739447
2020-02-06 06:18:00,0.41412863052801185
2020-02-06 06:21:00,0.40977164048797476
2020-02-06 06:24:00,0.5142969409979514
2020-02-06 06:27:00,0.42220250334548837
2020-02-06 06:30:00,0.44894273084992165
2020-02-06 06:33:00,0.4904263172310266
2020-02-06 06:36:00,0.4516190749732232
2020-02-06 06:39:00,0.4423282120740737
2020-02-06 06:42:00,0.5867303421078418
2020-02-06 06:45:00,0.3506334537496514
2020-02-06 06:48:00,0.4162833197287341
2020-02-06 06:51:00,0.542181305254644
2020-02-06 06:54:00,0.4707374774139339
2020-02-06 06:57:00,0.45798669322999785
2020-02-06 07:00:00,0.5221315137082456
2020-02-06 07:03:00,0.4441844245977222
2020-02-06 07:06:00,0.43346666201074413
2020-02-06 07:09:00,0.4489063415167607
2020-02-06 07:12:00,0.34093671776690826
2020-02-06 07:15:00,0.4213887763815478
2020-02-06 07:18:00,0.38406999953866716
2020-02-06 07:21:00,0.44965986228140764
2020-02-06 07:24:00,0.4105952187240405
2020-02-06 07:27:00,0.4760903019356988
2020-02-06 07:30:00,0.43350495753043106
2020-02-06 07:33:00,0.37632370653676617
2020-02-06 07:36:00,0.430589112837481
2020-02-06 07:39:00,0.41734613361364836
2020-02-06 07:42:00,0.40137815041913427
2020-02-06 07:45:00,0.40505784510668263
2020-02-06 07:48:00,0.3501181583949915
2020-02-06 07:51:00,0.46737251562979054
2020-02-06 07:54:00,0.38453834779511453
2020-02-06 07:57:00,0.4782697788219821
2020-02-06 08:00:00,0.36921606043966904
2020-02-06 08:03:00,0.3613868120560255
2020-02-06 08:06:00,0.33711021496537796
2020-02-06 08:09:00,0.35369371776511116
2020-02-06 08:12:00,0.38913687506436645
2020-02-06 08:15:00,0.39061376088704947
2020-02-06 08:18:00,0.41744242107120044
2020-02-06 08:21:00,0.35644918807855674
2020-02-06 08:24:00,0.3540502148053406
2020-02-06 08:27:00,0.33542771175592634
2020-02-06 08:30:00,0.33706448264803157
2020-02-06 08:33:00,0.3850368069945489
2020-02-06 08:36:00,0.23736496078277014
2020-02-06 08:39:00,0.3636499221950089
2020-02-06 08:42:00,0.28080897793989834
2020-02-06 08:45:00,0.261082536548372
2020-02-06 08:48:00,0.2881227573176375
2020-02-06 08:51:00,0.22248633342439916
2020-02-06 08:54:00,0.23130690716345725
2020-02-06 08:57:00,0.23954264050428264
2020-02-06 09:00:00,0.20272226900232226
2020-02-06 09:03:00,0.20665601291756275
2020-02-06 09:06:00,0.24801705735274027
2020-02-06 09:09:00,0.26190680540616995
2020-02-06 09:12:00,0.28686018861526463
2020-02-06 09:15:00,0.19366623534210703
2020-02-06 09:18:00,0.050437013676742026
2020-02-06 09:21:00,0.2314811961212513
2020-02-06 09:24:00,0.20319808169483622
2020-02-06 09:27:00,0.20607910839765964
2020-02-06 09:30:00,0.11896624823447155
2020-02-06 09:33:00,0.12821796631635607
2020-02-06 09:36:00,0.1281114492653046
2020-02-06 09:39:00,0.19084639358476352
2020-02-06 09:42:00,0.1262988008386401
2020-02-06 09:45:00,-0.03953560519073562
2020-02-06 09:48:00,0.08012753044368992
2020-02-06 09:51:00,0.09148267842090263
2020-02-06 09:54:00,0.009876774186182047
2020-02-06 09:57:00,0.02595422284690585
2020-02-06 10:00:00,-0.01556546038614215
2020-02-06 10:03:00,0.04323096786691849
2020-02-06 10:06:00,0.021061211786332024
2020-02-06 10:09:00,-0.08654395544022009
2020-02-06 10:12:00,-0.010270323560177985
2020-02-06 10:15:00,-0.03961393753957054
2020-02-06 10:18:00,0.01444075839094694
2020-02-06 10:21:00,-0.02837891750448307
2020-02-06 10:24:00,0.0033414990519418097
2020-02-06 10:27:00,-0.08743345377979495
2020-02-06 10:30:00,-0.0676096072778023
2020-02-06 10:33:00,-0.03153269390082869
2020-02-06 10:36:00,-0.13585037650341292
2020-02-06 10:39:00,-0.0598026032995449
2020-02-06 10:42:00,-0.08987251672738239
2020-02-06 10:45:00,-0.07873657690709024
2020-02-06 10:48:00,-0.05554902438973386
2020-02-06 10:51:00,-0.10923869190850155
2020-02-06 10:54:00,-0.09379490301228088
2020-02-06 10:57:00,-0.08899624250233273
2020-02-06 11:00:00,-0.009491927649094123
2020-02-06 11:03:00,-0.1006453160537717
2020-02-06 11:06:00,-0.16378549639193807
2020-02-06 11:09:00,-0.17035284758628677
2020-02-06 11:12:00,-0.14825085636414315
2020-02-06 11:15:00,-0.22781719356288477
2020-02-06 11:18:00,-0.027385036176553967
2020-02-06 11:21:00,-0.07214054474422937
2020-02-06 11:24:00,-0.08819945365672766
2020-02-06 11:27:00,-0.06055963593138358
2020-02-06 11:30:00,-0.17822977503516313
2020-02-06 11:33:00,-0.1547265115176515
2020-02-06 11:36:00,-0.19892608847226256
2020-02-06 11:39:00,-0.07234618615393629
2020-02-06 11:42:00,-0.14231079956505255
2020-02-06 11:45:00,-0.12088940346910704
2020-02-06 11:48:00,-0.14242999033700698
2020-02-06 11:51:00,-0.2613239806337333
2020-02-06 11:54:00,-0.08055650597583508
2020-02-06 11:57:00,-0.1517627445024914
2020-02-06 12:00:00,0.010246310651552903
2020-02-06 12:03:00,-0.18686322247822318
2020-02-06 12:06:00,-0.13209643555188677
2020-02-06 12:09:00,-0.15611563975681975
2020-02-06 12:12:00,-0.18717529331598826
2020-02-06 12:15:00,-0.17329985140315785
2020-02-06 12:18:00,-0.180129622933066
2020-02-06 12:21:00,-0.12710085452550857
2020-02-06 12:24:00,-0.08495354999041638
2020-02-06 12:27:00,-0.1907508109905507
2020-02-06 12:30:00,-0.12820027053703598
2020-02-06 12:33:00,-0.18105619006558982
2020-02-06 12:36:00,-0.1973282316687346
2020-02-06 12:39:00,-0.12515850176862386
2020-02-06 12:42:00,-0.09694476797568541
2020-02-06 12:45:00,-0.0638400555862404
2020-02-06 12:48:00,-0.2754029250045278
2020-02-06 12:51:00,-0.1343889073061746
2020-02-06 12:54:00,-0.17010380282124515
2020-02-06 12:57:00,-0.2206682455077953
2020-02-06 13:00:00,-0.18198068637730103
2020-02-06 13:03:00,-0.23264597558261357
2020-02-06 13:06:00,-0.15415347253116352
2020-02-06 13:09:00,-0.2071756095876367
2020-02-06 13:12:00,-0.2001794665742409
2020-02-06 13:15:00,-0.25648792216014726
2020-02-06 13:18:00,-0.25953937844508346
2020-02-06 13:21:00,-0.2723777808473642
2020-02-06 13:24:00,-0.12146395247066266
2020-02-06 13:27:00,-0.2016671753930268
2020-02-06 13:30:00,-0.2073923426177089
2020-02-06 13:33:00,-0.14948286601651262
2020-02-06 13:36:00,-0.14501653923304048
2020-02-06 13:39:00,-0.28809275385600586
2020-02-06 13:42:00,-0.3152822782884641
2020-02-06 13:45:00,-0.23420282664022807
2020-02-06 13:48:00,-0.17522368578579517
2020-02-06 13:51:00,-0.40084458375866916
2020-02-06 13:54:00,-0.3183926525138645
2020-02-06 13:57:00,-0.3085602648935719
2020-02-06 14:00:00,-0.2937213301623274
2020-02-06 14:03:00,-0.339733479054928
2020-02-06 14:06:00,-0.42369276868777206
2020-02-06 14:09:00,-0.26423877330034884
2020-02-06 14:12:00,-0.1809304946726229
2020-02-06 14:15:00,-0.35989151930380103
2020-02-06 14:18:00,-0.36227563513892846
2020-02-06 14:21:00,-0.32464785571494303
2020-02-06 14:24:00,-0.3940813338793987
2020-02-06 14:27:00,-0.4176273289805863
2020-02-06 14:30:00,-0.3094693999059359
2020-02-06 14:33:00,-0.3522031786080788
2020-02-06 14:36:00,-0.33994551451110055
2020-02-06 14:39:00,-0.41801782883567284
2020-02-06 14:42:00,-0.3631273139928908
2020-02-06 14:45:00,-0.37392625750840125
2020-02-06 14:48:00,-0.4358709656000883
2020-02-06 14:51:00,-0.3823623273955832
2020-02-06 14:54:00,-0.27459335025048404
2020-02-06 14:57:00,-0.3115618050808848
2020-02-06 15:00:00,-0.3761019152606764
2020-02-06 15:03:00,-0.32915190133991246
2020-02-06 15:06:00,-0.3037329239398332
2020-02-06 15:09:00,-0.33903418163231436
2020-02-06 15:12:00,-0.26493215051544894
2020-02-06 15:15:00,-0.34468732808261393
2020-02-06 15:18:00,-0.45838830604594705
2020-02-06 15:21:00,-0.3585297702665571
2020-02-06 15:24:00,-0.42532313963448587
2020-02-06 15:27:00,-0.3245948893061268
2020-02-06 15:30:00,-0.3255762312611523
2020-02-06 15:33:00,-0.25299124815057894
2020-02-06 15:36:00,-0.31627555721303224
2020-02-06 15:39:00,-0.4191343371741709
2020-02-06 15:42:00,-0.3139348725206901
2020-02-06 15:45:00,-0.3556379098270668
2020-02-06 15:48:00,-0.3991441066826269
2020-02-06 15:51:00,-0.39827712488198586
2020-02-06 15:54:00,-0.34387052041984134
2020-02-06 15:57:00,-0.39887961098980895
2020-02-06 16:00:00,-0.2853304760113815
2020-02-06 16:03:00,-0.3814848613389472
2020-02-06 16:06:00,-0.4145092918319051
2020-02-06 16:09:00,-0.2414283007184963
2020-02-06 16:12:00,-0.3307235610687371
2020-02-06 16:15:00,-0.2892435832994238
2020-02-06 16:18:00,-0.2497543101092674
2020-02-06 16:21:00,-0.3122548442943298
2020-02-06 16:24:00,-0.3109090924726843
2020-02-06 16:27:00,-0.2954234847142061
2020-02-06 16:30:00,-0.3035587319803881
2020-02-06 16:33:00,-0.22661221124320718
2020-02-06 16:36:00,-0.26140066900200054
2020-02-06 16:39:00,-0.26110242798063155
2020-02-06 16:42:00,-0.19987691037385957
2020-02-06 16:45:00,-0.24213392540758605
2020-02-06 16:48:00,-0.2239692828935631
2020-02-06 16:51:00,-0.23880111160809747
2020-02-06 16:54:00,-0.24547188171908374
2020-02-06 16:57:00,-0.18761555020932974
2020-02-06 17:00:00,-0.2054183896840982
2020-02-06 17:03:00,-0.25200621912568977
2020-02-06 17:06:00,-0.19991825082905734
2020-02-06 17:09:00,-0.3221261877982329
2020-02-06 17:12:00,-0.2951842456928375
2020-02-06 17:15:00,-0.32801039582403746
2020-02-06 17:18:00,-0.2729778192822323
2020-02-06 17:21:00,-0.1880983977519577
2020-02-06 17:24:00,-0.2938419526839766
2020-02-06 17:27:00,-0.2689600452963532
2020-02-06 17:30:00,-0.293847845055609
2020-02-06 17:33:00,-0.24273300172018253
2020-02-06 17:36:00,-0.27460661058199776
2020-02-06 17:39:00,-0.32378503202829734
2020-02-06 17:42:00,-0.1977796472049249
2020-02-06 17:45:00,-0.22734438293036874
2020-02-06 17:48:00,-0.32611192362412567
2020-02-06 17:51:00,-0.2978445389969693
2020-02-06 17:54:00,-0.19997577271715272
2020-02-06 17:57:00,-0.21686148429597552
2020-02-06 18:00:00,-0.3563025263828763
2020-02-06 18:03:00,-0.25264487599253016
2020-02-06 18:06:00,-0.18668227611379962
2020-02-06 18:09:00,-0.1385642521422028
2020-02-06 18:12:00,-0.12569021562933358
2020-02-06 18:15:00,-0.1918456121481995
2020-02-06 18:18:00,-0.18996515084080556
2020-02-06 18:21:00,-0.1927478351582863
2020-02-06 18:24:00,-0.20856497652266626
2020-02-06 18:27:00,-0.05964747240648194
2020-02-06 18:30:00,-0.1118140371517029
2020-02-06 18:33:00,-0.14624603283027682
2020-02-06 18:36:00,-0.15638432744896136
2020-02-06 18:39:00,-0.17930284656313233
2020-02-06 18:42:00,-0.16195410970340163
2020-02-06 18:45:00,-0.1275416486381573
2020-02-06 18:48:00,-0.18620200629356987
2020-02-06 18:51:00,-0.1385086719756714
2020-02-06 18:54:00,
2020-02-06 18:57:00,
2020-02-06 19:00:00,
2020-02-06 19:03:00,-0.11013647505882318
2020-02-06 19:06:00,-0.06984962838834008
2020-02-06 19:09:00,-0.1022393659111458
2020-02-06 19:12:00,-0.07216415242106677
2020-02-06 19:15:00,-0.0671460638882877
2020-02-06 19:18:00,-0.10713213526071286
2020-02-06 19:21:00,-0.1174217125544601
2020-02-06 19:24:00,-0.1342292790913575
2020-02-06 19:27:00,-0.09431140796522186
2020-02-06 19:30:00,-0.0906810213378435
2020-02-06 19:33:00,0.03483254557761484
2020-02-06 19:36:00,-0.1060084503317853
2020-02-06 19:39:00,-0.02727614356331287
2020-02-06 19:42:00,-0.10009342869648208
2020-02-06 19:45:00,-0.11922277311674634
2020-02-06 19:48:00,-0.14355175633647832
2020-02-06 19:51:00,-0.20800517534047458
2020-02-06 19:54:00,-0.08849738564606469
2020-02-06 19:57:00,-0.102354998819294
2020-02-06 20:00:00,-0.05286835486833752
2020-02-06 20:03:00,0.023174390452538773
2020-02-06 20:06:00,-0.057040607374801766
2020-02-06 20:09:00,-0.011739917723559756
2020-02-06 20:12:00,-0.037604388969441516
2020-02-06 20:15:00,-0.11081427506172759
2020-02-06 20:18:00,-0.049526371894671684
2020-02-06 20:21:00,0.006967396381071467
2020-02-06 20:24:00,-0.08039896575229477
2020-02-06 20:27:00,-0.07312529439394666
2020-02-06 20:30:00,-0.12461851937939628
2020-02-06 20:33:00,-0.059538162180672316
2020-02-06 20:36:00,0.046399079712273306
2020-02-06 20:39:00,0.015814716003944795
2020-02-06 20:42:00,0.0004900757102745956
2020-02-06 20:45:00,0.014466669209468819
2020-02-06 20:48:00,-0.027966933899961077
2020-02-06 20:51:00,0.052750313897547585
2020-02-06 20:54:00,-0.026376135180044002
2020-02-06 20:57:00,0.11026831472111098
2020-02-06 21:00:00,0.07638057233043583
2020-02-06 21:03:00,0.07065826066178715
2020-02-06 21:06:00,0.055576151005425345
2020-02-06 21:09:00,0.028050768884440913
2020-02-06 21:12:00,0.08323769409764736
2020-02-06 21:15:00,0.05919505187927143
2020-02-06 21:18:00,0.0559852094559119
2020-02-06 21:21:00,0.04411104165950519
2020-02-06 21:24:00,0.07923712997069288
2020-02-06 21:27:00,0.017758768923386015
2020-02-06 21:30:00,0.14885215601236723
2020-02-06 21:33:00,0.11073401258636295
2020-02-06 21:36:00,0.04832526739716059
2020-02-06 21:39:00,0.1349365614108251
2020-02-06 21:42:00,0.18957903739914173
2020-02-06 21:45:00,0.09627905378863488
2020-02-06 21:48:00,0.13859048484056302
2020-02-06 21:51:00,0.1883659941289011
2020-02-06 21:54:00,0.08192629077876745
2020-02-06 21:57:00,0.14800303513334256
2020-02-06 22:00:00,0.08849442971853705
2020-02-06 22:03:00,0.1490296121345409
2020-02-06 22:06:00,0.09131952291409107
2020-02-06 22:09:00,0.13654982327375365
2020-02-06 22:12:00,0.12466365821671843
2020-02-06 22:15:00,0.07811724878223458
2020-02-06 22:18:00,0.08051982490866294
2020-02-06 22:21:00,0.10686615984849368
2020-02-06 22:24:00,0.04636109430549595
2020-02-06 22:27:00,0.12266628433292226
2020-02-06 22:30:00,0.06583998619464637
2020-02-06 22:33:00,0.24781122893102747
2020-02-06 22:36:00,0.11473447298993733
2020-02-06 22:39:00,0.17691510115031406
2020-02-06 22:42:00,0.12551946322707863
2020-02-06 22:45:00,0.1417440356553925
2020-02-06 22:48:00,0.09569429299551757
2020-02-06 22:51:00,0.10936951564889341
2020-02-06 22:54:00,0.12754860609339858
2020-02-06 22:57:00,0.16672537195239556
2020-02-06 23:00:00,0.143821461470111
2020-02-06 23:03:00,0.13281542369600174
2020-02-06 23:06:00,0.1232273530735597
2020-02-06 23:09:00,0.11359649941340422
2020-02-06 23:12:00,0.15801481860768263
2020-02-06 23:15:00,0.1698643401670097
2020-02-06 23:18:00,0.2111599766824952
2020-02-06 23:21:00,0.2359048601421705
2020-02-06 23:24:00,0.16963477510506664
2020-02-06 23:27:00,0.10225090469089082
2020-02-06 23:30:00,0.18178445962598744
2020-02-06 23:33:00,0.2180502814327383
2020-02-06 23:36:00,0.2678070833680408
2020-02-06 23:39:00,0.14732699597544752
2020-02-06 23:42:00,0.20695009343484116
2020-02-06 23:45:00,0.12229414755978496
2020-02-06 23:48:00,0.1814383552181198
2020-02-06 23:51:00,0.14299292573372213
2020-02-06 23:54:00,0.1693001947434709
2020-02-06 23:57:00,0.2900745562720317
2020-02-07 00:00:00,0.17811490180275769
2020-02-07 00:03:00,0.1923125406691497
2020-02-07 00:06:00,0.23376807670643984
2020-02-07 00:09:00,0.19089115101041898
2020-02-07 00:12:00,0.16780103039769756
2020-02-07 00:15:00,0.21806445185421808
2020-02-07 00:18:00,0.17745202976993824
2020-02-07 00:21:00,0.2530531676501937
2020-02-07 00:24:00,0.2564110530840935
2020-02-07 00:27:00,0.2558731734291655
2020-02-07 00:30:00,0.2627112152783866
2020-02-07 00:33:00,0.23739263233522934
2020-02-07 00:36:00,0.19744478944073762
2020-02-07 00:39:00,0.29324101184653273
2020-02-07 00:42:00,0.31643197838610604
2020-02-07 00:45:00,0.31246898937746437
2020-02-07 00:48:00,0.22681120248336128
2020-02-07 00:51:00,0.2290885980143571
2020-02-07 00:54:00,0.3173029599383881
2020-02-07 00:57:00,0.2442175923173977
2020-02-07 01:00:00,0.26101050924057745
2020-02-07 01:03:00,0.25738246766246675
2020-02-07 01:06:00,0.27524859803662594
2020-02-07 01:09:00,0.26690436308405197
2020-02-07 01:12:00,0.28988692983438114
2020-02-07 01:15:00,0.3382663332865832
2020-02-07 01:18:00,0.3112218653864147
2020-02-07 01:21:00,0.23049366057915677
2020-02-07 01:24:00,0.2677652681610425
2020-02-07 01:27:00,0.29641426148492656
2020-02-07 01:30:00,0.24226299129128392
2020-02-07 01:33:00,0.2792729875117743
2020-02-07 01:36:00,0.2427669568262445
2020-02-07 01:39:00,0.2518725516918039
2020-02-07 01:42:00,0.2965229059112744
2020-02-07 01:45:00,0.30468859095481093
2020-02-07 01:48:00,0.3738916462976931
2020-02-07 01:51:00,0.32443183831071565
2020-02-07 01:54:00,0.27804188079915093
2020-02-07 01:57:00,0.34895013576948486
2020-02-07 02:00:00,0.3140244219637225
2020-02-07 02:03:00,0.34501540904290096
2020-02-07 02:06:00,0.3084569649755622
2020-02-07 02:09:00,0.367100200011123
2020-02-07 02:12:00,0.31960066476250404
2020-02-07 02:15:00,0.2350226236944195
2020-02-07 02:18:00,0.36849407316043425
2020-02-07 02:21:00,0.28259603351165197
2020-02-07 02:24:00,0.29667104981092507
2020-02-07 02:27:00,0.3210896446090601
2020-02-07 02:30:00,0.30414262132541126
2020-02-07 02:33:00,0.1976127461139754
2020-02-07 02:36:00,0.31806354474002774
2020-02-07 02:39:00,0.35661536823056394
2020-02-07 02:42:00,0.29571841694792056
2020-02-07 02:45:00,0.3742713966594806
2020-02-07 02:48:00,0.2863812689124643
2020-02-07 02:51:00,0.3181269245733347
2020-02-07 02:54:00,0.3776657863423907
2020-02-07 02:57:00,0.37975258383028176
2020-02-07 03:00:00,0.3315685543589666
2020-02-07 03:03:00,0.39304242512662313
2020-02-07 03:06:00,0.3466191031788526
2020-02-07 03:09:00,0.25069154580205577
2020-02-07 03:12:00,0.3867126153201639
2020-02-07 03:15:00,0.2933780054564181
2020-02-07 03:18:00,0.3609547248658487
2020-02-07 03:21:00,0.3972498736839043
2020-02-07 03:24:00,0.3591728328260615
2020-02-07 03:27:00,0.3698449556165997
2020-02-07 03:30:00,0.37982213229696526
2020-02-07 03:33:00,0.2621618417820173
2020-02-07 03:36:00,0.3082917568389121
2020-02-07 03:39:00,0.2940854778569246
2020-02-07 03:42:00,0.2854403189153345
2020-02-07 03:45:00,0.326035692477717
2020-02-07 03:48:00,0.32914636783061724
2020-02-07 03:51:00,0.33837482096475924
2020-02-07 03:54:00,0.27961758792372393
2020-02-07 03:57:00,0.31857864678340775
2020-02-07 04:00:00,0.37219404863708405
2020-02-07 04:03:00,0.3094755301131613
2020-02-07 04:06:00,0.37396298620819834
2020-02-07 04:09:00,0.38742638252841743
2020-02-07 04:12:00,0.33588732857754167
2020-02-07 04:15:00,0.3078420821643135
2020-02-07 04:18:00,0.2932187054619817
2020-02-07 04:21:00,0.3227919021950356
2020-02-07 04:24:00,0.3329278308721655
2020-02-07 04:27:00,0.356348260374034
2020-02-07 04:30:00,0.33354090439229367
2020-02-07 04:33:00,0.454475143430102
2020-02-07 04:36:00,0.4441896424574452
2020-02-07 04:39:00,0.3315761087718556
2020-02-07 04:42:00,0.37880637194473366
2020-02-07 04:45:00,0.491356002813518
2020-02-07 04:48:00,0.38387865456826376
2020-02-07 04:51:00,0.4491558326504901
2020-02-07 04:54:00,0.47199437299087776
2020-02-07 04:57:00,0.42636436268276157
2020-02-07 05:00:00,0.2471955361982623
2020-02-07 05:03:00,0.3567434334408972
2020-02-07 05:06:00,0.39082630476917757
2020-02-07 05:09:00,0.32819891516652433
2020-02-07 05:12:00,0.28367115118680886
2020-02-07 05:15:00,0.3095000851171221
2020-02-07 05:18:00,0.32880300960567865
2020-02-07 05:21:00,0.3492139220790591
2020-02-07 05:24:00,0.3342763080693203
2020-02-07 05:27:00,0.4716244010169248
2020-02-07 05:30:00,0.38300809361732036
2020-02-07 05:33:00,0.4416960162811847
2020-02-07 05:36:00,0.3879059464824195
2020-02-07 05:39:00,0.46905852969166517
2020-02-07 05:42:00,0.433139028425785
2020-02-07 05:45:00,0.3940252691336923
2020-02-07 05:48:00,0.3830076420264277
2020-02-07 05:51:00,0.33406941184432526
2020-02-07 05:54:00,0.4562720069807824
2020-02-07 05:57:00,0.32047674730910103
2020-02-07 06:00:00,0.33321440653026
2020-02-07 06:03:00,0.331567566140734
2020-02-07 06:06:00,0.31114787617127604
2020-02-07 06:09:00,0.31150216526231134
2020-02-07 06:12:00,0.339829035855189
2020-02-07 06:15:00,0.4087654749907301
2020-02-07 06:18:00,0.46458483171647913
2020-02-07 06:21:00,0.34954127078151487
2020-02-07 06:24:00,0.36996970525251527
2020-02-07 06:27:00,0.3280698581011734
2020-02-07 06:30:00,0.37023065585196946
2020-02-07 06:33:00,0.3431725292792862
2020-02-07 06:36:00,0.24837562261262747
2020-02-07 06:39:00,0.4009162716070591
2020-02-07 06:42:00,0.31493928902744983
2020-02-07 06:45:00,0.3431976735930107
2020-02-07 06:48:00,0.42798750436122646
2020-02-07 06:51:00,0.3370131327151853
2020-02-07 06:54:00,0.34386930497510093
2020-02-07 06:57:00,0.32475614045517887
2020-02-07 07:00:00,0.2820149484978174
2020-02-07 07:03:00,0.37519207388049836
2020-02-07 07:06:00,0.32374378307139295
2020-02-07 07:09:00,0.3467179317759701
2020-02-07 07:12:00,0.3793789630682909
2020-02-07 07:15:00,0.18959434548401077
2020-02-07 07:18:00,0.4032377337092612
2020-02-07 07:21:00,0.31360743509128497
2020-02-07 07:24:00,0.33196516495593187
2020-02-07 07:27:00,0.2900841552161637
2020-02-07 07:30:00,0.38795051888808985
2020-02-07 07:33:00,0.40964054518332205
2020-02-07 07:36:00,0.4799666296909777
2020-02-07 07:39:00,0.4181706577097657
2020-02-07 07:42:00,0.42302383324800985
2020-02-07 07:45:00,0.46066571225281905
2020-02-07 07:48:00,0.38303308458176843
2020-02-07 07:51:00,0.4367233748209287
2020-02-07 07:54:00,0.41064653487381975
2020-02-07 07:57:00,0.41199006556144013
2020-02-07 08:00:00,0.33217398835631684
2020-02-07 08:03:00,0.38314605277662395
2020-02-07 08:06:00,0.33618762817553716
2020-02-07 08:09:00,0.45296929266510233
2020-02-07 08:12:00,0.36855918974782753
2020-02-07 08:15:00,0.368552781617268
2020-02-07 08:18:00,0.33252644524253583
2020-02-07 08:21:00,0.30016743528631196
2020-02-07 08:24:00,0.22348767928281177
2020-02-07 08:27:00,0.2533117437538408
2020-02-07 08:30:00,0.25381571041373263
2020-02-07 08:33:00,0.3432950456917183
2020-02-07 08:36:00,0.3024325252466724
2020-02-07 08:39:00,0.3107547132900095
2020-02-07 08:42:00,0.2892913831947226
2020-02-07 08:45:00,0.2877062645605406
2020-02-07 08:48:00,0.23905891043096972
2020-02-07 08:51:00,0.3011871305387217
2020-02-07 08:54:00,0.19350980880477664
2020-02-07 08:57:00,0.23444623288418143
2020-02-07 09:00:00,0.32445908783631694
2020-02-07 09:03:00,0.17411146560067436
2020-02-07 09:06:00,0.2523547666826289
2020-02-07 09:09:00,0.2769022979129545
2020-02-07 09:12:00,0.27910799501324846
2020-02-07 09:15:00,0.2874210522062981
2020-02-07 09:18:00,0.22818982884780326
2020-02-07 09:21:00,0.24006043326454574
2020-02-07 09:24:00,0.25530525705477203
2020-02-07 09:27:00,0.2457811916137871
2020-02-07 09:30:00,0.27382697965941816
2020-02-07 09:33:00,0.22744102576052683
2020-02-07 09:36:00,0.29612020485939183
2020-02-07 09:39:00,0.18920327824059768
2020-02-07 09:42:00,0.21918033703519768
2020-02-07 09:45:00,0.13985898836216393
2020-02-07 09:48:00,0.21928077760435372
2020-02-07 09:51:00,0.1619736155093392
2020-02-07 09:54:00,0.10466386293279584
2020-02-07 09:57:00,0.06703237237519488
2020-02-07 10:00:00,0.08686441705305015
2020-02-07 10:03:00,0.09544441142548976
2020-02-07 10:06:00,0.10278226173772964
2020-02-07 10:09:00,0.07353393671354524
2020-02-07 10:12:00,-0.010285313774033966
2020-02-07 10:15:00,0.11195478874930131
2020-02-07 10:18:00,0.05090371170837216
2020-02-07 10:21:00,0.04581339903160142
2020-02-07 10:24:00,0.058414390650341375
2020-02-07 10:27:00,-0.05747197598066123
2020-02-07 10:30:00,0.09995442345223182
2020-02-07 10:33:00,0.07616112144444287
2020-02-07 10:36:00,0.04741093433892729
2020-02-07 10:39:00,0.24056111945179737
2020-02-07 10:42:00,0.006150514856187783
2020-02-07 10:45:00,0.02168969255637876
2020-02-07 10:48:00,0.050331838850524946
2020-02-07 10:51:00,0.06527812173249004
2020-02-07 10:54:00,-0.022278273541246563
2020-02-07 10:57:00,-0.022223834970532153
2020-02-07 11:00:00,0.002657311270468199
2020-02-07 11:03:00,-0.010126734665959702
2020-02-07 11:06:00,0.04521014887001229
2020-02-07 11:09:00,0.08778606288638002
2020-02-07 11:12:00,-0.02106094254833124
2020-02-07 11:15:00,-0.06108685064191377
2020-02-07 11:18:00,0.03639208698280072
2020-02-07 11:21:00,-0.11462526054987165
2020-02-07 11:24:00,-0.055434495584108845
2020-02-07 11:27:00,-0.0025453077552697323
2020-02-07 11:30:00,0.03744948707549156
2020-02-07 11:33:00,-0.0641493206700261
2020-02-07 11:36:00,-0.09998299955157108
2020-02-07 11:39:00,-0.15193610504223898
2020-02-07 11:42:00,-0.06295443433202763
2020-02-07 11:45:00,-0.14868129735901903
2020-02-07 11:48:00,-0.08010116771947651
2020-02-07 11:51:00,-0.16708741481306788
2020-02-07 11:54:00,-0.11746625431857183
2020-02-07 11:57:00,-0.11207934033632228
2020-02-07 12:00:00,-0.2219279505135887
2020-02-07 12:03:00,-0.19759637274410125
2020-02-07 12:06:00,-0.17594751646510076
2020-02-07 12:09:00,-0.1536930296870196
2020-02-07 12:12:00,-0.18681362451116001
2020-02-07 12:15:00,-0.1634010946281137
2020-02-07 12:18:00,-0.2488400920034337
2020-02-07 12:21:00,-0.15227677599199296
2020-02-07 12:24:00,-0.15865891456667214
2020-02-07 12:27:00,-0.146015620321009
2020-02-07 12:30:00,-0.15691373457639202
2020-02-07 12:33:00,-0.2181231741212173
2020-02-07 12:36:00,-0.028412177164227614
2020-02-07 12:39:00,-0.3026924180661581
2020-02-07 12:42:00,-0.15708182304496177
2020-02-07 12:45:00,-0.20968234990289147
2020-02-07 12:48:00,-0.23633764550976366
2020-02-07 12:51:00,-0.19018542397770943
2020-02-07 12:54:00,-0.28982252418171583
2020-02-07 12:57:00,-0.28102339978948976
2020-02-07 13:00:00,-0.3593760045447425
2020-02-07 13:03:00,-0.29218933597525165
2020-02-07 13:06:00,-0.28242149546571227
2020-02-07 13:09:00,-0.3253182576825111
2020-02-07 13:12:00,-0.34903876783789656
2020-02-07 13:15:00,-0.17959809817239147
2020-02-07 13:18:00,-0.24819481369456753
2020-02-07 13:21:00,-0.28583289040136606
2020-02-07 13:24:00,-0.29767890325513235
2020-02-07 13:27:00,-0.30898385863002886
2020-02-07 13:30:00,-0.35348751986470006
2020-02-07 13:33:00,-0.2913344451835087
2020-02-07 13:36:00,-0.3622823742811079
2020-02-07 13:39:00,-0.2809712183123452
2020-02-07 13:42:00,-0.32527044876422906
2020-02-07 13:45:00,-0.36011236519868817
2020-02-07 13:48:00,-0.3479876742152328
2020-02-07 13:51:00,-0.39667513707121316
2020-02-07 13:54:00,-0.41089718623112503
2020-02-07 13:57:00,-0.3509233183074798
2020-02-07 14:00:00,-0.33832326508616006
2020-02-07 14:03:00,-0.37159354942184564
2020-02-07 14:06:00,-0.3566752518888734
2020-02-07 14:09:00,-0.3843287868575658
2020-02-07 14:12:00,-0.3351227859107553
2020-02-07 14:15:00,-0.31972802405886114
2020-02-07 14:18:00,-0.3305205992166975
2020-02-07 14:21:00,-0.23482370592563484
2020-02-07 14:24:00,-0.53508728835385
2020-02-07 14:27:00,-0.31050436687769434
2020-02-07 14:30:00,-0.2940182747209974
2020-02-07 14:33:00,-0.3032059389630035
2020-02-07 14:36:00,-0.3996903416802411
2020-02-07 14:39:00,-0.190035043106775
2020-02-07 14:42:00,-0.33284547277565935
2020-02-07 14:45:00,-0.32619498169793815
2020-02-07 14:48:00,-0.31197618545201067
2020-02-07 14:51:00,-0.19591995600211476
2020-02-07 14:54:00,-0.3504262960026949
2020-02-07 14:57:00,-0.3711504707449649
2020-02-07 15:00:00,-0.2562999875573837
2020-02-07 15:03:00,-0.3726611499299679
2020-02-07 15:06:00,-0.3459469630741978
2020-02-07 15:09:00,-0.36936839664087984
2020-02-07 15:12:00,-0.4169623471194086
2020-02-07 15:15:00,-0.34378467914643807
2020-02-07 15:18:00,-0.14574858245384803
2020-02-07 15:21:00,-0.089032858369535
2020-02-07 15:24:00,-0.247372012789981
2020-02-07 15:27:00,-0.1882768782072617
2020-02-07 15:30:00,-0.25550859158664707
2020-02-07 15:33:00,-0.31158731348318724
2020-02-07 15:36:00,-0.12964837682039843
2020-02-07 15:39:00,-0.1527541811965989
2020-02-07 15:42:00,-0.23308116769561593
2020-02-07 15:45:00,-0.18156568185821698
2020-02-07 15:48:00,-0.2933405026560081
2020-02-07 15:51:00,-0.2257824343587913
2020-02-07 15:54:00,-0.2011341224333023
2020-02-07 15:57:00,-0.3059366747932586
2020-02-07 16:00:00,-0.11285000298880732
2020-02-07 16:03:00,-0.2678602014416924
2020-02-07 16:06:00,-0.28163399078306384
2020-02-07 16:09:00,-0.25506228267329334
2020-02-07 16:12:00,-0.19932384008154713
2020-02-07 16:15:00,-0.05363394553131684
2020-02-07 16:18:00,-0.14687649224475763
2020-02-07 16:21:00,-0.04645796088834686
2020-02-07 16:24:00,-0.05673981466981104
2020-02-07 16:27:00,-0.18734090736506914
2020-02-07 16:30:00,-0.14981423408227101
2020-02-07 16:33:00,-0.09329956398875083
2020-02-07 16:36:00,-0.13707940019651232
2020-02-07 16:39:00,-0.13524842968274697
2020-02-07 16:42:00,-0.08008653744218464
2020-02-07 16:45:00,-0.0935564113227656
2020-02-07 16:48:00,-0.0552220556257339
2020-02-07 16:51:00,-0.02188355773910189
2020-02-07 16:54:00,0.018017406436058536
2020-02-07 16:57:00,0.15973105076926686
2020-02-07 17:00:00,0.154281607539815
2020-02-07 17:03:00,0.16933142194238826
2020-02-07 17:06:00,0.1966336218186484
2020-02-07 17:09:00,0.038798725775166076
2020-02-07 17:12:00,-0.01578853708645056
2020-02-07 17:15:00,-0.021402274417710032
2020-02-07 17:18:00,-0.07326817281210651
2020-02-07 17:21:00,-0.1754861027775405
2020-02-07 17:24:00,-0.034240859340968655
2020-02-07 17:27:00,-0.09891197180849076
2020-02-07 17:30:00,-0.20364902522476314
2020-02-07 17:33:00,-0.10482379072504955
2020-02-07 17:36:00,-0.1407940081564334
2020-02-07 17:39:00,-0.14081056606278253
2020-02-07 17:42:00,-0.12515227961085884
2020-02-07 17:45:00,-0.07221090680474163
2020-02-07 17:48:00,-0.09159957663985097
2020-02-07 17:51:00,-0.15976704781274975
2020-02-07 17:54:00,-0.15705263145423487
2020-02-07 17:57:00,-0.17318831905186016
2020-02-07 18:00:00,-0.20109834237888435
2020-02-07 18:03:00,-0.1405225893631723
2020-02-07 18:06:00,-0.14767164112316777
2020-02-07 18:09:00,-0.12274947600434416
2020-02-07 18:12:00,-0.14813397783376558
2020-02-07 18:15:00,-0.04017546293476926
2020-02-07 18:18:00,-0.06182700243806494
2020-02-07 18:21:00,-0.1270535926578873
2020-02-07 18:24:00,-0.13024197501624712
2020-02-07 18:27:00,-0.11811757692834135
2020-02-07 18:30:00,-0.17334995266804754
2020-02-07 18:33:00,-0.2408349617787735
2020-02-07 18:36:00,-0.1397231831167005
2020-02-07 18:39:00,-0.1182659731494482
2020-02-07 18:42:00,-0.16903118701861786
2020-02-07 18:45:00,-0.13934788979042878
2020-02-07 18:48:00,-0.18639420530382722
2020-02-07 18:51:00,-0.06662921022461887
2020-02-07 18:54:00,
2020-02-07 18:57:00,
2020-02-07 19:00:00,
2020-02-07 19:03:00,-0.10430085395586275
2020-02-07 19:06:00,-0.09566109136778778
2020-02-07 19:09:00,-0.17318574675823584
2020-02-07 19:12:00,-0.05987792897997224
2020-02-07 19:15:00,-0.11087978226566975
2020-02-07 19:18:00,-0.08710285875713453
2020-02-07 19:21:00,-0.026224142743444645
2020-02-07 19:24:00,-0.07385898388088208
2020-02-07 19:27:00,-0.1261048130716631
2020-02-07 19:30:00,-0.09942973879270767
2020-02-07 19:33:00,0.003950073750388583
2020-02-07 19:36:00,-0.03142771328566596
2020-02-07 19:39:00,-0.16221801062602026
2020-02-07 19:42:00,-0.0869682192591199
2020-02-07 19:45:00,-0.005675852493823186
2020-02-07 19:48:00,0.0030869655918763783
2020-02-07 19:51:00,-0.03754995505818215
2020-02-07 19:54:00,-0.028266146721023233
2020-02-07 19:57:00,-0.035643295942236364
2020-02-07 20:00:00,0.0010737082812397603
2020-02-07 20:03:00,0.01413255889588072
2020-02-07 20:06:00,0.08172709163505942
2020-02-07 20:09:00,0.10088332561451807
2020-02-07 20:12:00,0.017605727901639057
2020-02-07 20:15:00,-0.015828057118710603
2020-02-07 20:18:00,0.03760673327246877
2020-02-07 20:21:00,0.01653626489905946
2020-02-07 20:24:00,0.04748688430646553
2020-02-07 20:27:00,0.04958932765674717
2020-02-07 20:30:00,0.035187604789314264
2020-02-07 20:33:00,0.05948910957664566
2020-02-07 20:36:00,0.11564484102154893
2020-02-07 20:39:00,-0.051975942221133664
2020-02-07 20:42:00,-0.045445015299776514
2020-02-07 20:45:00,-0.053375762336202115
2020-02-07 20:48:00,8.71007146656666e-05
2020-02-07 20:51:00,0.045618281285214834
2020-02-07 20:54:00,0.059628098657469764
2020-02-07 20:57:00,0.05139779544379053
2020-02-07 21:00:00,0.1442815292307955
2020-02-07 21:03:00,0.09344016266908284
2020-02-07 21:06:00,0.039746263108497715
2020-02-07 21:09:00,0.13080250180195208
2020-02-07 21:12:00,0.13656370241432114
2020-02-07 21:15:00,0.11254987751885892
2020-02-07 21:18:00,0.09926373289636103
2020-02-07 21:21:00,0.06807162219882912
2020-02-07 21:24:00,0.21841491579385774
2020-02-07 21:27:00,0.13335408621031775
2020-02-07 21:30:00,0.17959588131554938
2020-02-07 21:33:00,0.16051397097032805
2020-02-07 21:36:00,0.1791013793052798
2020-02-07 21:39:00,0.17921390712842822
2020-02-07 21:42:00,0.23195448343528824
2020-02-07 21:45:00,0.14963806214001352
2020-02-07 21:48:00,0.1539005928766528
2020-02-07 21:51:00,0.15055149906254428
2020-02-07 21:54:00,0.136775966711582
2020-02-07 21:57:00,0.09376461459595475
2020-02-07 22:00:00,0.09628553597696055
2020-02-07 22:03:00,0.1367991002372264
2020-02-07 22:06:00,0.11101322317523454
2020-02-07 22:09:00,0.13084844356649228
2020-02-07 22:12:00,0.16362166698172587
2020-02-07 22:15:00,0.08144153426422918
2020-02-07 22:18:00,-0.005179290643354761
2020-02-07 22:21:00,0.08556297502718735
2020-02-07 22:24:00,0.11037636298499365
2020-02-07 22:27:00,0.16793283066994036
2020-02-07 22:30:00,0.15590107390107732
2020-02-07 22:33:00,0.19496716727815055
2020-02-07 22:36:00,0.12750243041267595
2020-02-07 22:39:00,0.06175552501144921
2020-02-07 22:42:00,0.16155915950633926
2020-02-07 22:45:00,0.2543024345662275
2020-02-07 22:48:00,0.15988614861890937
2020-02-07 22:51:00,0.16503065051153953
2020-02-07 22:54:00,0.18538063172064767
2020-02-07 22:57:00,0.24013217231964745
2020-02-07 23:00:00,0.03871041277164977
2020-02-07 23:03:00,0.1749397335633489
2020-02-07 23:06:00,0.1318479526104852
2020-02-07 23:09:00,0.22049721190302307
2020-02-07 23:12:00,0.1494546253229032
2020-02-07 23:15:00,0.14572557809998443
2020-02-07 23:18:00,0.24235387873210357
2020-02-07 23:21:00,0.15512992434753414
2020-02-07 23:24:00,0.1392104685108393
2020-02-07 23:27:00,0.17158039078128695
2020-02-07 23:30:00,0.18569859271610767
2020-02-07 23:33:00,0.23154168369029549
2020-02-07 23:36:00,0.14802977063050093
2020-02-07 23:39:00,0.13653936045722048
2020-02-07 23:42:00,0.1938709320838825
2020-02-07 23:45:00,0.22697262014435182
2020-02-07 23:48:00,0.16980377198495944
2020-02-07 23:51:00,0.024076299897501485
2020-02-07 23:54:00,0.15612250488237578
2020-02-07 23:57:00,0.12585392545884133
2020-02-08 00:00:00,0.09805678693680875
2020-02-08 00:03:00,0.1596546607364644
2020-02-08 00:06:00,0.10356207556174013
2020-02-08 00:09:00,0.14061730655220117
2020-02-08 00:12:00,0.10384684300026947
2020-02-08 00:15:00,0.01111651576013628
2020-02-08 00:18:00,0.11638307293463868
2020-02-08 00:21:00,0.045234512922036174
2020-02-08 00:24:00,0.11602100337722732
2020-02-08 00:27:00,0.04660560750795639
2020-02-08 00:30:00,0.08308292743885204
2020-02-08 00:33:00,0.11539125452441112
2020-02-08 00:36:00,0.09474582548654098
2020-02-08 00:39:00,0.12753138301729905
2020-02-08 00:42:00,0.12920388175541575
2020-02-08 00:45:00,0.12760357192087213
2020-02-08 00:48:00,0.13216801306504067
2020-02-08 00:51:00,0.05265102610616168
2020-02-08 00:54:00,0.10824965402343878
2020-02-08 00:57:00,0.11506385734480773
2020-02-08 01:00:00,0.11884486247834047
2020-02-08 01:03:00,0.09301542707675026
2020-02-08 01:06:00,0.07855076856094456
2020-02-08 01:09:00,0.17713888161637215
2020-02-08 01:12:00,0.09082697129827011
2020-02-08 01:15:00,0.13804457539777104
2020-02-08 01:18:00,0.1309027832587617
2020-02-08 01:21:00,0.24843723626293013
2020-02-08 01:24:00,0.14784382560935683
2020-02-08 01:27:00,0.1380086365443276
2020-02-08 01:30:00,0.1662514834989679
2020-02-08 01:33:00,0.06721802524356235
2020-02-08 01:36:00,0.08930538338233873
2020-02-08 01:39:00,0.12142023382710931
2020-02-08 01:42:00,0.13110931045753205
2020-02-08 01:45:00,0.17595833846894493
2020-02-08 01:48:00,0.057065192056199976
2020-02-08 01:51:00,0.139785953143587
2020-02-08 01:54:00,0.18429514471517905
2020-02-08 01:57:00,0.053484014089917764
2020-02-08 02:00:00,0.2001631704316651
2020-02-08 02:03:00,0.22353084162051573
2020-02-08 02:06:00,0.300404260912444
2020-02-08 02:09:00,0.24638483487188978
2020-02-08 02:12:00,0.1543613455065156
2020-02-08 02:15:00,0.2386626664489313
2020-02-08 02:18:00,0.141175711582207
2020-02-08 02:21:00,0.24108319427790548
2020-02-08 02:24:00,0.09884890230466681
2020-02-08 02:27:00,0.13948868718102858
2020-02-08 02:30:00,0.20442750391043774
2020-02-08 02:33:00,0.18818922793178672
2020-02-08 02:36:00,0.09827288964822856
2020-02-08 02:39:00,0.1602364616576324
2020-02-08 02:42:00,0.16773871765605008
2020-02-08 02:45:00,0.1871286607292859
2020-02-08 02:48:00,0.1316225758556584
2020-02-08 02:51:00,0.12353660442818182
2020-02-08 02:54:00,0.13890092225324224
2020-02-08 02:57:00,0.07461471255538754
2020-02-08 03:00:00,0.2239888972679296
2020-02-08 03:03:00,0.13093348457459797
2020-02-08 03:06:00,0.1974351525492466
2020-02-08 03:09:00,0.1357198835348754
2020-02-08 03:12:00,0.21708936963409542
2020-02-08 03:15:00,0.07253784721513057
2020-02-08 03:18:00,-0.0263443358747395
2020-02-08 03:21:00,0.06190183943198235
2020-02-08 03:24:00,0.046100512901603
2020-02-08 03:27:00,0.12114358604429754
2020-02-08 03:30:00,0.09426301127695069
2020-02-08 03:33:00,0.03368307546924143
2020-02-08 03:36:00,0.04817204575232381
2020-02-08 03:39:00,0.14060247656578895
2020-02-08 03:42:00,0.09641092665128781
2020-02-08 03:45:00,0.04280434899237662
2020-02-08 03:48:00,0.033512021650778934
2020-02-08 03:51:00,0.05575646604802387
2020-02-08 03:54:00,0.10584049922039185
2020-02-08 03:57:00,0.06998700634119359
2020-02-08 04:00:00,0.012355638181304585
2020-02-08 04:03:00,0.14960881253063008
2020-02-08 04:06:00,0.120622473939477
2020-02-08 04:09:00,0.0823090141914804
2020-02-08 04:12:00,0.08360963260628296
2020-02-08 04:15:00,0.05891043500298565
2020-02-08 04:18:00,0.06424714509296336
2020-02-08 04:21:00,0.1070780965327458
2020-02-08 04:24:00,0.1650660221927751
2020-02-08 04:27:00,0.08077851769581912
2020-02-08 04:30:00,0.06577947201179768
2020-02-08 04:33:00,0.052453952109544844
2020-02-08 04:36:00,0.1378783827717598
2020-02-08 04:39:00,0.07609830703705711
2020-02-08 04:42:00,0.17744699840966405
2020-02-08 04:45:00,0.09077870426358459
2020-02-08 04:48:00,0.11844867822480865
2020-02-08 04:51:00,0.2363948188555014
2020-02-08 04:54:00,0.15559240889689363
2020-02-08 04:57:00,0.12615660055064382
2020-02-08 05:00:00,0.13901003551052327
2020-02-08 05:03:00,0.07581670629190285
2020-02-08 05:06:00,0.12549494345512358
2020-02-08 05:09:00,0.19343975312153816
2020-02-08 05:12:00,0.22111273166638057
2020-02-08 05:15:00,0.22098383579418623
2020-02-08 05:18:00,0.18831364847318355
2020-02-08 05:21:00,0.15415856751974388
2020-02-08 05:24:00,0.16268621009248818
2020-02-08 05:27:00,0.22323015683542735
2020-02-08 05:30:00,0.10118409951115837
2020-02-08 05:33:00,0.15759982659403704
2020-02-08 05:36:00,0.14384503017839734
2020-02-08 05:39:00,0.20990416080030627
2020-02-08 05:42:00,0.3080520193460643
2020-02-08 05:45:00,0.2403495972657197
2020-02-08 05:48:00,0.21794595886314028
2020-02-08 05:51:00,0.1867209883482701
2020-02-08 05:54:00,0.18659652827483342
2020-02-08 05:57:00,0.3032732782903622
2020-02-08 06:00:00,0.25349861535073615
2020-02-08 06:03:00,0.23574786456953234
2020-02-08 06:06:00,0.27709277809543664
2020-02-08 06:09:00,0.2723548300946277
2020-02-08 06:12:00,0.19200529878168027
2020-02-08 06:15:00,0.2655814252552773
2020-02-08 06:18:00,0.23118878425640332
2020-02-08 06:21:00,0.2967994207791662
2020-02-08 06:24:00,0.27112397571102065
2020-02-08 06:27:00,0.32939980666139945
2020-02-08 06:30:00,0.24893492062949463
2020-02-08 06:33:00,0.29772543483733216
2020-02-08 06:36:00,0.18273772381860454
2020-02-08 06:39:00,0.22404528082466868
2020-02-08 06:42:00,0.11750428393162338
2020-02-08 06:45:00,0.348295589076713
2020-02-08 06:48:00,0.24187508245086065
2020-02-08 06:51:00,0.2666737273295894
2020-02-08 06:54:00,0.09879659660072093
2020-02-08 06:57:00,0.21491412281255862
2020-02-08 07:00:00,0.30851229175084427
2020-02-08 07:03:00,0.3008708038079817
2020-02-08 07:06:00,0.23523477147034555
2020-02-08 07:09:00,0.2763838586290035
2020-02-08 07:12:00,0.2302052758377613
2020-02-08 07:15:00,0.22421976382150888
2020-02-08 07:18:00,0.3095573750036351
2020-02-08 07:21:00,0.28787042866804313
2020-02-08 07:24:00,0.28350443174468865
2020-02-08 07:27:00,0.2990346560597459
2020-02-08 07:30:00,0.29824614955703055
2020-02-08 07:33:00,0.3016902670312902
2020-02-08 07:36:00,0.30587419586970555
2020-02-08 07:39:00,0.20415932347611943
2020-02-08 07:42:00,0.1528813735049539
2020-02-08 07:45:00,0.23837202901552246
2020-02-08 07:48:00,0.14167471584329405
2020-02-08 07:51:00,0.2256498817615693
2020-02-08 07:54:00,0.12424733685702449
2020-02-08 07:57:00,0.32647697693846567
2020-02-08 08:00:00,0.15538047152665513
2020-02-08 08:03:00,0.257830653480994
2020-02-08 08:06:00,0.14443871313807222
2020-02-08 08:09:00,0.24851834855689958
2020-02-08 08:12:00,0.26370447881964765
2020-02-08 08:15:00,0.2716652394390735
2020-02-08 08:18:00,0.24180443538364216
2020-02-08 08:21:00,0.21121997737049014
2020-02-08 08:24:00,0.24630557597839697
2020-02-08 08:27:00,0.26327049242576095
2020-02-08 08:30:00,0.25378516131132756
2020-02-08 08:33:00,0.27238529387363997
2020-02-08 08:36:00,0.2296800176201259
2020-02-08 08:39:00,0.25361022571706826
2020-02-08 08:42:00,0.20075206337969576
2020-02-08 08:45:00,0.141322718523611
2020-02-08 08:48:00,0.24316979263028315
2020-02-08 08:51:00,0.18240307812703804
2020-02-08 08:54:00,0.25163224247955895
2020-02-08 08:57:00,0.22616785862607003
2020-02-08 09:00:00,0.24992805752128788
2020-02-08 09:03:00,0.26823456001295654
2020-02-08 09:06:00,0.27313923516049954
2020-02-08 09:09:00,0.18307476745496842
2020-02-08 09:12:00,0.19968486416922815
2020-02-08 09:15:00,0.1844145398642354
2020-02-08 09:18:00,0.221550206137465
2020-02-08 09:21:00,0.25432160242775126
2020-02-08 09:24:00,0.23267873404881811
2020-02-08 09:27:00,0.13739762224287233
2020-02-08 09:30:00,0.15442369714060078
2020-02-08 09:33:00,0.13185399395223385
2020-02-08 09:36:00,0.0709596730616795
2020-02-08 09:39:00,0.04365624772060528
2020-02-08 09:42:00,0.10694924802231753
2020-02-08 09:45:00,0.040864928421513014
2020-02-08 09:48:00,0.01717892573856261
2020-02-08 09:51:00,0.016217421849262337
2020-02-08 09:54:00,0.018857135432313044
2020-02-08 09:57:00,-0.06722952024080087
2020-02-08 10:00:00,-0.070885060409978
2020-02-08 10:03:00,-0.0375617326678821
2020-02-08 10:06:00,-0.010158506669711187
2020-02-08 10:09:00,0.011300931469293118
2020-02-08 10:12:00,-0.03183526912192747
2020-02-08 10:15:00,-0.08503448386113632
2020-02-08 10:18:00,-0.03242669326448322
2020-02-08 10:21:00,-0.0056759115034310526
2020-02-08 10:24:00,-0.00013195008023103583
2020-02-08 10:27:00,-0.05687328415115189
2020-02-08 10:30:00,0.031493231680599365
2020-02-08 10:33:00,-0.022748505943127384
2020-02-08 10:36:00,0.035388213516853284
2020-02-08 10:39:00,-0.08609916646793181
2020-02-08 10:42:00,-0.04823485607528255
2020-02-08 10:45:00,-0.09621307430109027
2020-02-08 10:48:00,-0.052715352006600824
2020-02-08 10:51:00,-0.06595597109901519
2020-02-08 10:54:00,-0.11983942357306887
2020-02-08 10:57:00,-0.13845756167893342
2020-02-08 11:00:00,-0.07127001782004072
2020-02-08 11:03:00,-0.050947887875793185
2020-02-08 11:06:00,-0.19941594845937516
2020-02-08 11:09:00,-0.07675112574645482
2020-02-08 11:12:00,-0.09992822995383221
2020-02-08 11:15:00,-0.17931032803136304
2020-02-08 11:18:00,-0.14537317691480212
2020-02-08 11:21:00,-0.15238266508760034
2020-02-08 11:24:00,-0.16350356954137624
2020-02-08 11:27:00,-0.15313226073197939
2020-02-08 11:30:00,-0.14089506101362304
2020-02-08 11:33:00,-0.17895100508417272
2020-02-08 11:36:00,-0.15396820484585305
2020-02-08 11:39:00,-0.09563459619192827
2020-02-08 11:42:00,-0.19261339980164394
2020-02-08 11:45:00,-0.26874397649032744
2020-02-08 11:48:00,-0.20931484303770276
2020-02-08 11:51:00,-0.15738494650810253
2020-02-08 11:54:00,-0.14053086696549144
2020-02-08 11:57:00,-0.20280608164546265
2020-02-08 12:00:00,-0.2918119995330244
2020-02-08 12:03:00,-0.25268900661643556
2020-02-08 12:06:00,-0.21865078088336531
2020-02-08 12:09:00,-0.2340997850729991
2020-02-08 12:12:00,-0.185309489200165
2020-02-08 12:15:00,-0.28890235502848327
2020-02-08 12:18:00,-0.17705976749897445
2020-02-08 12:21:00,-0.21946595479533926
2020-02-08 12:24:00,-0.34447603203568633
2020-02-08 12:27:00,-0.2869128918807746
2020-02-08 12:30:00,-0.31096747565737815
2020-02-08 12:33:00,-0.3633569418969387
2020-02-08 12:36:00,-0.20500428971445217
2020-02-08 12:39:00,-0.3383599161707025
2020-02-08 12:42:00,-0.2782282938008507
2020-02-08 12:45:00,-0.2864897189066369
2020-02-08 12:48:00,-0.24004071067952282
2020-02-08 12:51:00,-0.2719560781753785
2020-02-08 12:54:00,-0.32015112027306714
2020-02-08 12:57:00,-0.2876261972887164
2020-02-08 13:00:00,-0.3400274917211732
2020-02-08 13:03:00,-0.2950550748990395
2020-02-08 13:06:00,-0.39687905013471436
2020-02-08 13:09:00,-0.3229042276443579
2020-02-08 13:12:00,-0.32161918266490375
2020-02-08 13:15:00,-0.28804022725847744
2020-02-08 13:18:00,-0.3000839588568738
2020-02-08 13:21:00,-0.2558931809181786
2020-02-08 13:24:00,-0.26112408207006865
2020-02-08 13:27:00,-0.3162027176119864
2020-02-08 13:30:00,-0.31426103846331443
2020-02-08 13:33:00,-0.2861179860899483
2020-02-08 13:36:00,-0.3408219338264189
2020-02-08 13:39:00,-0.30908581975188554
2020-02-08 13:42:00,-0.4359128378901005
2020-02-08 13:45:00,-0.3490949094496614
2020-02-08 13:48:00,-0.46830919370643187
2020-02-08 13:51:00,-0.3712330059989313
2020-02-08 13:54:00,-0.320850679226794
2020-02-08 13:57:00,-0.381020877331423
2020-02-08 14:00:00,-0.3890490801208557
2020-02-08 14:03:00,-0.4153153816805002
2020-02-08 14:06:00,-0.2885297981042072
2020-02-08 14:09:00,-0.3089863765769678
2020-02-08 14:12:00,-0.23666017227992597
2020-02-08 14:15:00,-0.219853055450983
2020-02-08 14:18:00,-0.2637183966866701
2020-02-08 14:21:00,-0.18421288744548292
2020-02-08 14:24:00,-0.2005107284217047
2020-02-08 14:27:00,-0.25882538652211906
2020-02-08 14:30:00,-0.18686542737810896
2020-02-08 14:33:00,-0.35289343355668734
2020-02-08 14:36:00,-0.25979168500231253
2020-02-08 14:39:00,-0.273297730721481
2020-02-08 14:42:00,-0.11136826382818299
2020-02-08 14:45:00,-0.3896103828569153
2020-02-08 14:48:00,-0.3396575181083108
2020-02-08 14:51:00,-0.2989188514684997
2020-02-08 14:54:00,-0.4547140865573738
2020-02-08 14:57:00,-0.41647640227319016
2020-02-08 15:00:00,-0.30213172340745587
2020-02-08 15:03:00,-0.3663079063113628
2020-02-08 15:06:00,-0.23955730989672475
2020-02-08 15:09:00,-0.3693436477461205
2020-02-08 15:12:00,-0.3468250661046568
2020-02-08 15:15:00,-0.3183546080327915
2020-02-08 15:18:00,-0.3298959714218199
2020-02-08 15:21:00,-0.16580980826455516
2020-02-08 15:24:00,-0.19803132465233375
2020-02-08 15:27:00,-0.1735399322824378
2020-02-08 15:30:00,-0.17588325644157976
2020-02-08 15:33:00,-0.23588543041404364
2020-02-08 15:36:00,-0.2784132989452246
2020-02-08 15:39:00,-0.2532090557659785
2020-02-08 15:42:00,-0.20777823801989825
2020-02-08 15:45:00,-0.1909290891005071
2020-02-08 15:48:00,-0.19200586771080452
2020-02-08 15:51:00,-0.24944412697908547
2020-02-08 15:54:00,-0.22204741598392275
2020-02-08 15:57:00,-0.17917319183135305
2020-02-08 16:00:00,-0.24687702175572213
2020-02-08 16:03:00,-0.12846108204342954
2020-02-08 16:06:00,-0.12884283791555617
2020-02-08 16:09:00,-0.24963836873797618
2020-02-08 16:12:00,-0.17839351314961505
2020-02-08 16:15:00,-0.2275707797845712
2020-02-08 16:18:00,-0.13354366746722235
2020-02-08 16:21:00,-0.19209206048782335
2020-02-08 16:24:00,-0.20231697029157658
2020-02-08 16:27:00,-0.1709182507866558
2020-02-08 16:30:00,-0.18512392921411447
2020-02-08 16:33:00,-0.15197791902181734
2020-02-08 16:36:00,-0.2677728320365418
2020-02-08 16:39:00,-0.34747365578846257
2020-02-08 16:42:00,-0.3409646971336997
2020-02-08 16:45:00,-0.3335384238446295
2020-02-08 16:48:00,-0.2745083963443449
2020-02-08 16:51:00,-0.27241471001786977
2020-02-08 16:54:00,-0.3358128735119976
2020-02-08 16:57:00,-0.25217710555983786
2020-02-08 17:00:00,-0.3592212459283246
2020-02-08 17:03:00,-0.3573478385200701
2020-02-08 17:06:00,-0.32406748845767197
2020-02-08 17:09:00,-0.3939555123031937
2020-02-08 17:12:00,-0.29945471752722597
2020-02-08 17:15:00,-0.34292854451280164
2020-02-08 17:18:00,-0.30732227738423035
2020-02-08 17:21:00,-0.3392646975246407
2020-02-08 17:24:00,-0.3246474265220627
2020-02-08 17:27:00,-0.25414724118036247
2020-02-08 17:30:00,-0.29721321900342446
2020-02-08 17:33:00,-0.18986668106254
2020-02-08 17:36:00,-0.14015355071222757
2020-02-08 17:39:00,-0.1475722359433007
2020-02-08 17:42:00,-0.21723048971972503
2020-02-08 17:45:00,-0.24567500992651503
2020-02-08 17:48:00,-0.3484811819559468
2020-02-08 17:51:00,-0.22501225925981316
2020-02-08 17:54:00,-0.24860661829478659
2020-02-08 17:57:00,-0.23060131275371987
2020-02-08 18:00:00,-0.3190587824307727
2020-02-08 18:03:00,-0.2084324103083759
2020-02-08 18:06:00,-0.2505397466700856
2020-02-08 18:09:00,-0.2586496217404033
2020-02-08 18:12:00,-0.18728285064491956
2020-02-08 18:15:00,-0.2913216027762928
2020-02-08 18:18:00,-0.17661845373413598
2020-02-08 18:21:00,-0.16185418495621207
2020-02-08 18:24:00,-0.21472776526150028
2020-02-08 18:27:00,-0.1568042715646243
2020-02-08 18:30:00,-0.17493468299227288
2020-02-08 18:33:00,-0.24948529373983774
2020-02-08 18:36:00,-0.224610441123275
2020-02-08 18:39:00,-0.10034320201026503
2020-02-08 18:42:00,-0.08038571296026475
2020-02-08 18:45:00,-0.10602660154876276
2020-02-08 18:48:00,0.025813058322626148
2020-02-08 18:51:00,-0.03405383180847821
2020-02-08 18:54:00,
2020-02-08 18:57:00,
2020-02-08 19:00:00,
2020-02-08 19:03:00,-0.09238189477349579
2020-02-08 19:06:00,-0.1808022098294373
2020-02-08 19:09:00,-0.1210264349711565
2020-02-08 19:12:00,-0.07682550549355938
2020-02-08 19:15:00,-0.17716132628640935
2020-02-08 19:18:00,-0.13698047023160598
2020-02-08 19:21:00,-0.16187893173986367
2020-02-08 19:24:00,-0.10498511986321546
2020-02-08 19:27:00,0.005433314326751315
2020-02-08 19:30:00,-0.08029963637136461
2020-02-08 19:33:00,-0.003055737773081546
2020-02-08 19:36:00,0.03863636842334017
2020-02-08 19:39:00,-0.04311443162032447
2020-02-08 19:42:00,-0.07031578801917249
2020-02-08 19:45:00,-0.056337643079586996
2020-02-08 19:48:00,-0.018517506945102014
2020-02-08 19:51:00,0.015672941331274615
2020-02-08 19:54:00,0.006100894045516725
2020-02-08 19:57:00,0.07656379382439127
2020-02-08 20:00:00,0.024557625602483313
2020-02-08 20:03:00,0.040314530140051374
2020-02-08 20:06:00,0.06942265584206098
2020-02-08 20:09:00,-0.03624065102121676
2020-02-08 20:12:00,0.010652025896035866
2020-02-08 20:15:00,0.012844343513052081
2020-02-08 20:18:00,-0.06229183358436785
2020-02-08 20:21:00,0.08069518328397862
2020-02-08 20:24:00,-0.0691866669504293
2020-02-08 20:27:00,0.08725480218487291
2020-02-08 20:30:00,0.15437823217098412
2020-02-08 20:33:00,0.09313592596828357
2020-02-08 20:36:00,0.011614368253219709
2020-02-08 20:39:00,0.02760268126888832
2020-02-08 20:42:00,0.06618870380157205
2020-02-08 20:45:00,-0.0008186254067936716
2020-02-08 20:48:00,0.14499483256264512
2020-02-08 20:51:00,0.043938978494452385
2020-02-08 20:54:00,0.01591445249806611
2020-02-08 20:57:00,0.06098475436567696
2020-02-08 21:00:00,0.028857630732488815
2020-02-08 21:03:00,0.10322950146490939
2020-02-08 21:06:00,0.05930669569107749
2020-02-08 21:09:00,-0.01955660390126468
2020-02-08 21:12:00,0.15732640786870888
2020-02-08 21:15:00,0.0459854017006478
2020-02-08 21:18:00,0.03862436812312353
2020-02-08 21:21:00,0.0015094888915996307
2020-02-08 21:24:00,-0.11789899678046822
2020-02-08 21:27:00,0.026946811141897342
2020-02-08 21:30:00,-0.06133389894847596
2020-02-08 21:33:00,-0.00015788510989978022
2020-02-08 21:36:00,0.043192273428360295
2020-02-08 21:39:00,0.058610066406401984
2020-02-08 21:42:00,0.03857758429569458
2020-02-08 21:45:00,0.04453747912566541
2020-02-08 21:48:00,0.007654574076468634
2020-02-08 21:51:00,0.04212526344332446
2020-02-08 21:54:00,0.042643140804273116
2020-02-08 21:57:00,0.03367478696253556
2020-02-08 22:00:00,0.10318621992428234
2020-02-08 22:03:00,0.05760137269652432
2020-02-08 22:06:00,0.04588097246249845
2020-02-08 22:09:00,0.10396682643084887
2020-02-08 22:12:00,-0.001780284155188383
2020-02-08 22:15:00,0.1450351965143568
2020-02-08 22:18:00,0.2162498701658251
2020-02-08 22:21:00,0.08554592070851186
2020-02-08 22:24:00,0.06774146482933929
2020-02-08 22:27:00,0.12079605388765913
2020-02-08 22:30:00,0.08876779487559361
2020-02-08 22:33:00,0.029861378428108765
2020-02-08 22:36:00,0.04304310902983843
2020-02-08 22:39:00,0.08953038898221166
2020-02-08 22:42:00,0.042266851721308285
2020-02-08 22:45:00,0.04494601747632032
2020-02-08 22:48:00,0.17280397018657823
2020-02-08 22:51:00,0.13076588673567358
2020-02-08 22:54:00,0.1351914782871404
2020-02-08 22:57:00,0.14703593214051125
2020-02-08 23:00:00,0.1755546954934175
2020-02-08 23:03:00,0.15600859004433687
2020-02-08 23:06:00,0.19095104817893116
2020-02-08 23:09:00,0.2122083817046132
2020-02-08 23:12:00,0.22659889304009084
2020-02-08 23:15:00,0.2046935177445448
2020-02-08 23:18:00,0.19440436402288697
2020-02-08 23:21:00,0.09886854335587714
2020-02-08 23:24:00,0.23087935521340341
2020-02-08 23:27:00,0.136853284012318
2020-02-08 23:30:00,0.27051245360763687
2020-02-08 23:33:00,0.2639871892342853
2020-02-08 23:36:00,0.20912942427810322
2020-02-08 23:39:00,0.2018655672812315
2020-02-08 23:42:00,0.17127066115227763
2020-02-08 23:45:00,0.19350259705510098
2020-02-08 23:48:00,0.19470751761690508
2020-02-08 23:51:00,0.11889533856441403
2020-02-08 23:54:00,0.2232383312842785
2020-02-08 23:57:00,0.08883093541254539
2020-02-09 00:00:00,0.17571888208505015
2020-02-09 00:03:00,0.13814601070725985
2020-02-09 00:06:00,0.25320045486324716
2020-02-09 00:09:00,0.2652756467745121
2020-02-09 00:12:00,0.1989943740805984
2020-02-09 00:15:00,0.17358287956216145
2020-02-09 00:18:00,0.1727892958767825
2020-02-09 00:21:00,0.23701306186910642
2020-02-09 00:24:00,0.11273257129579406
2020-02-09 00:27:00,0.21233759264129048
2020-02-09 00:30:00,0.2049494927351816
2020-02-09 00:33:00,0.10959591312007433
2020-02-09 00:36:00,0.2023481252653596
2020-02-09 00:39:00,0.2089835571677554
2020-02-09 00:42:00,0.19840310308177322
2020-02-09 00:45:00,0.27125769154741874
2020-02-09 00:48:00,0.17186635573318654
2020-02-09 00:51:00,0.23326666242417105
2020-02-09 00:54:00,0.15256728807861464
2020-02-09 00:57:00,0.24862407283336552
2020-02-09 01:00:00,0.17447844709823812
2020-02-09 01:03:00,0.21157040335106103
2020-02-09 01:06:00,0.17539592460997255
2020-02-09 01:09:00,0.30066683826265717
2020-02-09 01:12:00,0.29597439782503443
2020-02-09 01:15:00,0.33650112440585644
2020-02-09 01:18:00,0.30932012387967234
2020-02-09 01:21:00,0.23577308666983754
2020-02-09 01:24:00,0.18880926687756983
2020-02-09 01:27:00,0.21349430499196842
2020-02-09 01:30:00,0.24647369164091515
2020-02-09 01:33:00,0.17460821955137362
2020-02-09 01:36:00,0.27509469114801277
2020-02-09 01:39:00,0.2761701321304031
2020-02-09 01:42:00,0.1652563486404688
2020-02-09 01:45:00,0.20458485181205788
2020-02-09 01:48:00,0.19966299198063098
2020-02-09 01:51:00,0.19099372382112279
2020-02-09 01:54:00,0.28110967377864426
2020-02-09 01:57:00,0.3385243494418546
2020-02-09 02:00:00,0.20088633711566217
2020-02-09 02:03:00,0.23999396006723828
2020-02-09 02:06:00,0.19851929267701962
2020-02-09 02:09:00,0.2824650271770679
2020-02-09 02:12:00,0.22958830742282998
2020-02-09 02:15:00,0.20241291913833948
2020-02-09 02:18:00,0.30153356116005625
2020-02-09 02:21:00,0.2718052047525248
2020-02-09 02:24:00,0.2676233459832815
2020-02-09 02:27:00,0.3467021000263344
2020-02-09 02:30:00,0.23585055299145097
2020-02-09 02:33:00,0.3097074338398329
2020-02-09 02:36:00,0.22238461858171377
2020-02-09 02:39:00,0.24560441869971328
2020-02-09 02:42:00,0.25167985884371546
2020-02-09 02:45:00,0.22604046921304644
2020-02-09 02:48:00,0.27888201688080017
2020-02-09 02:51:00,0.27975473918280613
2020-02-09 02:54:00,0.24742899282341568
2020-02-09 02:57:00,0.30768283166992205
2020-02-09 03:00:00,0.23059389108766482
2020-02-09 03:03:00,0.3223253976801175
2020-02-09 03:06:00,0.19787563996385416
2020-02-09 03:09:00,0.2799207491209472
2020-02-09 03:12:00,0.3100613639368248
2020-02-09 03:15:00,0.35908074458075134
2020-02-09 03:18:00,0.31694868245784846
2020-02-09 03:21:00,0.31862116327812373
2020-02-09 03:24:00,0.3078438587172627
2020-02-09 03:27:00,0.2998394652834122
2020-02-09 03:30:00,0.2777033767530952
2020-02-09 03:33:00,0.36224823691503616
2020-02-09 03:36:00,0.3393584240067753
2020-02-09 03:39:00,0.35293959600465996
2020-02-09 03:42:00,0.320307154897705
2020-02-09 03:45:00,0.30132625200747043
2020-02-09 03:48:00,0.2671769000982067
2020-02-09 03:51:00,0.1968478083423406
2020-02-09 03:54:00,0.3677361249673936
2020-02-09 03:57:00,0.3775660942063155
2020-02-09 04:00:00,0.2634007825177491
2020-02-09 04:03:00,0.4070371000339037
2020-02-09 04:06:00,0.3240656302215825
2020-02-09 04:09:00,0.40729905391270904
2020-02-09 04:12:00,0.3059335717865679
2020-02-09 04:15:00,0.4580695895759277
2020-02-09 04:18:00,0.4011746975332926
2020-02-09 04:21:00,0.3340164725404975
2020-02-09 04:24:00,0.3376649450879654
2020-02-09 04:27:00,0.48674604053439907
2020-02-09 04:30:00,0.3558230441896626
2020-02-09 04:33:00,0.4124113617504577
2020-02-09 04:36:00,0.42099482369235375
2020-02-09 04:39:00,0.41581459931865083
2020-02-09 04:42:00,0.3986268315765642
2020-02-09 04:45:00,0.37643644504316853
2020-02-09 04:48:00,0.4096120597477011
2020-02-09 04:51:00,0.4716151280881604
2020-02-09 04:54:00,0.4002865572059022
2020-02-09 04:57:00,0.47755221242925927
2020-02-09 05:00:00,0.46950693642827446
2020-02-09 05:03:00,0.3986266489267791
2020-02-09 05:06:00,0.4656770028738606
2020-02-09 05:09:00,0.40371865013617025
2020-02-09 05:12:00,0.4244984955172981
2020-02-09 05:15:00,0.42834690612340864
2020-02-09 05:18:00,0.3851770205537264
2020-02-09 05:21:00,0.4217429984415162
2020-02-09 05:24:00,0.39024986566585085
2020-02-09 05:27:00,0.37331416314316357
2020-02-09 05:30:00,0.476033445932444
2020-02-09 05:33:00,0.4773427319247503
2020-02-09 05:36:00,0.3846591846063916
2020-02-09 05:39:00,0.363539171498644
2020-02-09 05:42:00,0.4144769127779
2020-02-09 05:45:00,0.4110758584203609
2020-02-09 05:48:00,0.39584662292668327
2020-02-09 05:51:00,0.5217346050753804
2020-02-09 05:54:00,0.49800071092766984
2020-02-09 05:57:00,0.4605027321450734
2020-02-09 06:00:00,0.39861002465585216
2020-02-09 06:03:00,0.5002648665854394
2020-02-09 06:06:00,0.4396892804278991
2020-02-09 06:09:00,0.4491362843365323
2020-02-09 06:12:00,0.43157262225867044
2020-02-09 06:15:00,0.47822667782787676
2020-02-09 06:18:00,0.36946275210254953
2020-02-09 06:21:00,0.46028933957791196
2020-02-09 06:24:00,0.37453853113646574
2020-02-09 06:27:00,0.42380377867073094
2020-02-09 06:30:00,0.391706882040296
2020-02-09 06:33:00,0.44316627091927785
2020-02-09 06:36:00,0.39180212073955545
2020-02-09 06:39:00,0.42400010441679115
2020-02-09 06:42:00,0.44968081307547436
2020-02-09 06:45:00,0.34728535596519805
2020-02-09 06:48:00,0.3950193987711259
2020-02-09 06:51:00,0.3638110294183434
2020-02-09 06:54:00,0.32126921751824966
2020-02-09 06:57:00,0.3856586535515589
2020-02-09 07:00:00,0.3485930862942723
2020-02-09 07:03:00,0.339231645560119
2020-02-09 07:06:00,0.30399032682453253
2020-02-09 07:09:00,0.37013137445637767
2020-02-09 07:12:00,0.35819384891595973
2020-02-09 07:15:00,0.3679398919558139
2020-02-09 07:18:00,0.33685622077251764
2020-02-09 07:21:00,0.2231543790409205
2020-02-09 07:24:00,0.3295752088500876
2020-02-09 07:27:00,0.41955541108018224
2020-02-09 07:30:00,0.3660656337593764
2020-02-09 07:33:00,0.37923487728613736
2020-02-09 07:36:00,0.31882704692480957
2020-02-09 07:39:00,0.2868768498559575
2020-02-09 07:42:00,0.36534296755138485
2020-02-09 07:45:00,0.4078929696724458
2020-02-09 07:48:00,0.3821648370974913
2020-02-09 07:51:00,0.3449244672781333
2020-02-09 07:54:00,0.446090156124626
2020-02-09 07:57:00,0.36833763186172064
2020-02-09 08:00:00,0.381565610618793
2020-02-09 08:03:00,0.4346565012131691
2020-02-09 08:06:00,0.33989731619777785
2020-02-09 08:09:00,0.40310841537950637
2020-02-09 08:12:00,0.3409033415769045
2020-02-09 08:15:00,0.29779549171075814
2020-02-09 08:18:00,0.3186925898434083
2020-02-09 08:21:00,0.3302660096287582
2020-02-09 08:24:00,0.4149720242338617
2020-02-09 08:27:00,0.34890500171940175
2020-02-09 08:30:00,0.34941819833591126
2020-02-09 08:33:00,0.2048955515824673
2020-02-09 08:36:00,0.33191727714682884
2020-02-09 08:39:00,0.2322880804776446
2020-02-09 08:42:00,0.18902761197119844
2020-02-09 08:45:00,0.24381293278594285
2020-02-09 08:48:00,0.18100267547015392
2020-02-09 08:51:00,0.1854742438156336
2020-02-09 08:54:00,0.2525059494668085
2020-02-09 08:57:00,0.19987850368852378
2020-02-09 09:00:00,0.10752865396921152
2020-02-09 09:03:00,0.07797941721310053
2020-02-09 09:06:00,0.12266715673001727
2020-02-09 09:09:00,0.0956218378780136
2020-02-09 09:12:00,0.040542953629824297
2020-02-09 09:15:00,0.15224420658586268
2020-02-09 09:18:00,0.14039146144438064
2020-02-09 09:21:00,0.07559592322598974
2020-02-09 09:24:00,0.05581991364493888
2020-02-09 09:27:00,0.047083602818190684
2020-02-09 09:30:00,0.054798170292713166
2020-02-09 09:33:00,0.07773974354785196
2020-02-09 09:36:00,0.09617610912880536
2020-02-09 09:39:00,0.1034323509932733
2020-02-09 09:42:00,0.18633105153469387
2020-02-09 09:45:00,-0.03626338255156725
2020-02-09 09:48:00,0.14068085899992866
2020-02-09 09:51:00,0.10215557193834002
2020-02-09 09:54:00,0.06385511789233078
2020-02-09 09:57:00,0.044732374033060296
2020-02-09 10:00:00,0.07750314618886023
2020-02-09 10:03:00,-0.012038096914636753
2020-02-09 10:06:00,-0.009079336487786804
2020-02-09 10:09:00,-0.0567096488193215
2020-02-09 10:12:00,0.08472121223275053
2020-02-09 10:15:00,-0.04853379151893478
2020-02-09 10:18:00,0.12290414670985683
2020-02-09 10:21:00,-0.003433743655705257
2020-02-09 10:24:00,-0.006465980821928952
2020-02-09 10:27:00,-0.07718487354168246
2020-02-09 10:30:00,-0.020362409978645246
2020-02-09 10:33:00,-0.03464771769620256
2020-02-09 10:36:00,0.01129180079493608
2020-02-09 10:39:00,0.013827845597120358
2020-02-09 10:42:00,-0.11563568469449592
2020-02-09 10:45:00,-0.11001950886372924
2020-02-09 10:48:00,-0.03291447446974871
2020-02-09 10:51:00,-0.12660242078169404
2020-02-09 10:54:00,-0.09398558216452102
2020-02-09 10:57:00,-0.01842289877862413
2020-02-09 11:00:00,-0.020512028817393002
2020-02-09 11:03:00,-0.09886892090423771
2020-02-09 11:06:00,-0.13454051402533196
2020-02-09 11:09:00,-0.026690736206319343
2020-02-09 11:12:00,0.020246100110398402
2020-02-09 11:15:00,-0.03880698209195543
2020-02-09 11:18:00,-0.09359533102906425
2020-02-09 11:21:00,-0.10707305054461358
2020-02-09 11:24:00,0.034912970269203925
2020-02-09 11:27:00,-0.04209605424057372
2020-02-09 11:30:00,-0.08678250422781275
2020-02-09 11:33:00,-0.15166202905373893
2020-02-09 11:36:00,-0.1418925603222192
2020-02-09 11:39:00,-0.09581688741195649
2020-02-09 11:42:00,-0.12511582817143108
2020-02-09 11:45:00,-0.13397031841032003
2020-02-09 11:48:00,-0.12915107028635475
2020-02-09 11:51:00,-0.22225071224607973
2020-02-09 11:54:00,-0.08823327563743533
2020-02-09 11:57:00,-0.08834113160207835
2020-02-09 12:00:00,-0.03447606072086273
2020-02-09 12:03:00,-0.14795507799516372
2020-02-09 12:06:00,-0.24947890931775873
2020-02-09 12:09:00,-0.3272934919053796
2020-02-09 12:12:00,-0.17101367137473744
2020-02-09 12:15:00,-0.2523664015286613
2020-02-09 12:18:00,-0.20610160822548096
2020-02-09 12:21:00,-0.2362403004382827
2020-02-09 12:24:00,-0.09023036086313141
2020-02-09 12:27:00,-0.17348797423858286
2020-02-09 12:30:00,-0.15325079036307443
2020-02-09 12:33:00,-0.24341503087356386
2020-02-09 12:36:00,-0.030235505264442963
2020-02-09 12:39:00,-0.23134682188441502
2020-02-09 12:42:00,-0.24003448033323593
2020-02-09 12:45:00,-0.20400209305648787
2020-02-09 12:48:00,-0.2663492197599453
2020-02-09 12:51:00,-0.2790979596884995
2020-02-09 12:54:00,-0.2427951728158746
2020-02-09 12:57:00,-0.2455275602127358
2020-02-09 13:00:00,-0.2612141474106693
2020-02-09 13:03:00,-0.26147312976922876
2020-02-09 13:06:00,-0.3269575837916818
2020-02-09 13:09:00,-0.2606560855592761
2020-02-09 13:12:00,-0.19991681126225558
2020-02-09 13:15:00,-0.36903538567503347
2020-02-09 13:18:00,-0.269361284608749
2020-02-09 13:21:00,-0.30994902364881227
2020-02-09 13:24:00,-0.25707068015805135
2020-02-09 13:27:00,-0.30751443685005597
2020-02-09 13:30:00,-0.36978949165347785
2020-02-09 13:33:00,-0.4165561791001551
2020-02-09 13:36:00,-0.2924124257858125
2020-02-09 13:39:00,-0.3436870883568304
2020-02-09 13:42:00,-0.2770113276792472
2020-02-09 13:45:00,-0.31138712634987087
2020-02-09 13:48:00,-0.37661735678307195
2020-02-09 13:51:00,-0.23658948482602682
2020-02-09 13:54:00,-0.23131016389919523
2020-02-09 13:57:00,-0.3899213212192194
2020-02-09 14:00:00,-0.3449351374813432
2020-02-09 14:03:00,-0.29919587075602294
2020-02-09 14:06:00,-0.3295031656381866
2020-02-09 14:09:00,-0.35869714098788563
2020-02-09 14:12:00,-0.16861731283472636
2020-02-09 14:15:00,-0.21252987847674376
2020-02-09 14:18:00,-0.22755242369680673
2020-02-09 14:21:00,-0.2608523648063965
2020-02-09 14:24:00,-0.1279467573673969
2020-02-09 14:27:00,-0.17380267430780805
2020-02-09 14:30:00,-0.1986087678156423
2020-02-09 14:33:00,-0.2940164023280545
2020-02-09 14:36:00,-0.22310735492487765
2020-02-09 14:39:00,-0.18000121484595866
2020-02-09 14:42:00,-0.11958790903605632
2020-02-09 14:45:00,-0.11955504033227271
2020-02-09 14:48:00,-0.117721552364344
2020-02-09 14:51:00,-0.17584435349948535
2020-02-09 14:54:00,-0.2081037060652875
2020-02-09 14:57:00,-0.11580334032697692
2020-02-09 15:00:00,-0.28111530180649424
2020-02-09 15:03:00,-0.24536760681536407
2020-02-09 15:06:00,-0.28423377811157025
2020-02-09 15:09:00,-0.3308149042552486
2020-02-09 15:12:00,-0.4668656132715796
2020-02-09 15:15:00,-0.355296575168893
2020-02-09 15:18:00,-0.4646727594194999
2020-02-09 15:21:00,-0.38545954985931985
2020-02-09 15:24:00,-0.27936480059770474
2020-02-09 15:27:00,-0.5026620078573387
2020-02-09 15:30:00,-0.3634551839147093
2020-02-09 15:33:00,-0.4218566708722733
2020-02-09 15:36:00,-0.4193355855347818
2020-02-09 15:39:00,-0.3740806513215489
2020-02-09 15:42:00,-0.38773498179176613
2020-02-09 15:45:00,-0.45998807146020226
2020-02-09 15:48:00,-0.41769195545919047
2020-02-09 15:51:00,-0.4487522011121996
2020-02-09 15:54:00,-0.36174798218763726
2020-02-09 15:57:00,-0.49650520343413973
2020-02-09 16:00:00,-0.3258123676260425
2020-02-09 16:03:00,-0.37338593959213995
2020-02-09 16:06:00,-0.4297193209029615
2020-02-09 16:09:00,-0.36974853830054144
2020-02-09 16:12:00,-0.36345627594187135
2020-02-09 16:15:00,-0.34482853615241993
2020-02-09 16:18:00,-0.3557504908934561
2020-02-09 16:21:00,-0.3773659228188535
2020-02-09 16:24:00,-0.24391490922965886
2020-02-09 16:27:00,-0.35800376746630036
2020-02-09 16:30:00,-0.36673075836574753
2020-02-09 16:33:00,-0.3658019283726617
2020-02-09 16:36:00,-0.32160921519187013
2020-02-09 16:39:00,-0.4819511988748104
2020-02-09 16:42:00,-0.39320008155340247
2020-02-09 16:45:00,-0.3296784636735879
2020-02-09 16:48:00,-0.4539175065452241
2020-02-09 16:51:00,-0.4829135613479707
2020-02-09 16:54:00,-0.3011688298076365
2020-02-09 16:57:00,-0.3570334794642349
2020-02-09 17:00:00,-0.37219358551431014
2020-02-09 17:03:00,-0.31711342404162224
2020-02-09 17:06:00,-0.42030274779432375
2020-02-09 17:09:00,-0.33936671141049146
2020-02-09 17:12:00,-0.35042153035914225
2020-02-09 17:15:00,-0.4007890134104173
2020-02-09 17:18:00,-0.29079132613355796
2020-02-09 17:21:00,-0.34071128446538523
2020-02-09 17:24:00,-0.29024318098197455
2020-02-09 17:27:00,-0.37056792413778794
2020-02-09 17:30:00,-0.3420742764424176
2020-02-09 17:33:00,-0.28396541524045915
2020-02-09 17:36:00,-0.40803281116984635
2020-02-09 17:39:00,-0.3681716514129221
2020-02-09 17:42:00,-0.3058101934584556
2020-02-09 17:45:00,-0.4272638802004849
2020-02-09 17:48:00,-0.3102972274812714
2020-02-09 17:51:00,-0.30228706029237173
2020-02-09 17:54:00,-0.38899109495895345
2020-02-09 17:57:00,-0.325300852307862
2020-02-09 18:00:00,-0.28624710740365344
2020-02-09 18:03:00,-0.3703706478988238
2020-02-09 18:06:00,-0.26472026977671703
2020-02-09 18:09:00,-0.25841194189968064
2020-02-09 18:12:00,-0.25556419533700137
2020-02-09 18:15:00,-0.18660150846727674
2020-02-09 18:18:00,-0.37485734591956543
2020-02-09 18:21:00,-0.19311434326601784
2020-02-09 18:24:00,-0.2836905877078948
2020-02-09 18:27:00,-0.3063172551700859
2020-02-09 18:30:00,-0.25123520068797234
2020-02-09 18:33:00,-0.2747618576408968
2020-02-09 18:36:00,-0.23599462821937323
2020-02-09 18:39:00,-0.2298094221621909
2020-02-09 18:42:00,-0.18879997516802405
2020-02-09 18:45:00,-0.3539089661784942
2020-02-09 18:48:00,-0.18314678336923862
2020-02-09 18:51:00,-0.24105060031661196
2020-02-09 18:54:00,
2020-02-09 18:57:00,
2020-02-09 19:00:00,
2020-02-09 19:03:00,-0.15910169329208657
2020-02-09 19:06:00,-0.14744502174221452
2020-02-09 19:09:00,-0.19598308103149975
2020-02-09 19:12:00,-0.23775420788990687
2020-02-09 19:15:00,-0.10753614840780301
2020-02-09 19:18:00,-0.12822474484880786
2020-02-09 19:21:00,-0.11795146792081823
2020-02-09 19:24:00,-0.07638966418119253
2020-02-09 19:27:00,-0.04872287262799091
2020-02-09 19:30:00,-0.13836112005395762
2020-02-09 19:33:00,-0.05916445731992326
2020-02-09 19:36:00,-0.15831001686757418
2020-02-09 19:39:00,-0.027628464177837486
2020-02-09 19:42:00,0.01647587303614273
2020-02-09 19:45:00,-0.07914308022827754
2020-02-09 19:48:00,0.03753035549681272
2020-02-09 19:51:00,0.004246705587434008
2020-02-09 19:54:00,-0.004375524886825133
2020-02-09 19:57:00,-0.03661557423032491
2020-02-09 20:00:00,0.02897058796042984
2020-02-09 20:03:00,-0.04523519503055695
2020-02-09 20:06:00,-0.022112026274896834
2020-02-09 20:09:00,0.023420869498011143
2020-02-09 20:12:00,-0.033712106325197055
2020-02-09 20:15:00,0.08875829859141504
2020-02-09 20:18:00,-0.03758048896844457
2020-02-09 20:21:00,0.0092179336804179
2020-02-09 20:24:00,-0.06595546094246174
2020-02-09 20:27:00,0.08209805513570245
2020-02-09 20:30:00,0.02306239087022277
2020-02-09 20:33:00,0.06599115396886646
2020-02-09 20:36:00,0.02631672228193338
2020-02-09 20:39:00,0.0466962718133459
2020-02-09 20:42:00,0.03159614656209442
2020-02-09 20:45:00,0.10865568231270117
2020-02-09 20:48:00,0.06121398275286083
2020-02-09 20:51:00,0.038911096168192216
2020-02-09 20:54:00,0.13436263454480013
2020-02-09 20:57:00,0.12011066017839767
2020-02-09 21:00:00,0.13674471443846414
2020-02-09 21:03:00,0.10730310982506808
2020-02-09 21:06:00,0.16293274726314166
2020-02-09 21:09:00,0.04318395461206137
2020-02-09 21:12:00,0.16797925702826433
2020-02-09 21:15:00,0.27166238508579
2020-02-09 21:18:00,0.12476649146998398
2020-02-09 21:21:00,0.11693339821647442
2020-02-09 21:24:00,0.1705256527424126
2020-02-09 21:27:00,0.1707220229409927
2020-02-09 21:30:00,0.2695615929847577
2020-02-09 21:33:00,0.1959154614287968
2020-02-09 21:36:00,0.05876357637998808
2020-02-09 21:39:00,0.08498679885360616
2020-02-09 21:42:00,0.1255506963869948
2020-02-09 21:45:00,0.18029293921159706
2020-02-09 21:48:00,0.19073574323846287
2020-02-09 21:51:00,0.16178014644492578
2020-02-09 21:54:00,0.11650503561065761
2020-02-09 21:57:00,0.03230075446089131
2020-02-09 22:00:00,0.06567089839916207
2020-02-09 22:03:00,0.17410066158146265
2020-02-09 22:06:00,0.13624934317925863
2020-02-09 22:09:00,0.15144557582988227
2020-02-09 22:12:00,0.030304195177677684
2020-02-09 22:15:00,-0.06116162934279146
2020-02-09 22:18:00,0.018974502735375154
2020-02-09 22:21:00,0.06326667027462918
2020-02-09 22:24:00,0.15580344016268555
2020-02-09 22:27:00,0.15029384143366542
2020-02-09 22:30:00,0.07500211176994753
2020-02-09 22:33:00,0.099713624698893
2020-02-09 22:36:00,0.24987865647301533
2020-02-09 22:39:00,0.11730795766771962
2020-02-09 22:42:00,0.22249640255603254
2020-02-09 22:45:00,0.20888007153394028
2020-02-09 22:48:00,0.11660772366485617
2020-02-09 22:51:00,0.20908179991170073
2020-02-09 22:54:00,0.16813262359704595
2020-02-09 22:57:00,0.13655080620810622
2020-02-09 23:00:00,0.07110530812940397
2020-02-09 23:03:00,0.17706001980275232
2020-02-09 23:06:00,0.09788631786693713
2020-02-09 23:09:00,0.02265018950333797
2020-02-09 23:12:00,0.14138766919086265
2020-02-09 23:15:00,0.15611667136982987
2020-02-09 23:18:00,0.1817203083385266
2020-02-09 23:21:00,0.18856676213891888
2020-02-09 23:24:00,0.23489201069941146
2020-02-09 23:27:00,0.1736408701659684
2020-02-09 23:30:00,0.23972196131467172
2020-02-09 23:33:00,0.1455174546164244
2020-02-09 23:36:00,0.19923600640515815
2020-02-09 23:39:00,0.20179966124243265
2020-02-09 23:42:00,0.2203802317599184
2020-02-09 23:45:00,0.2612616102811671
2020-02-09 23:48:00,0.2742801946445752
2020-02-09 23:51:00,0.20863054636237166
2020-02-09 23:54:00,0.28418015946635933
2020-02-09 23:57:00,0.22700516498048273
2020-02-10 00:00:00,0.26850110508479474
2020-02-10 00:03:00,0.26655999418511556
2020-02-10 00:06:00,0.20457079394117272
2020-02-10 00:09:00,0.24988524504266252
2020-02-10 00:12:00,0.23023305342769618
2020-02-10 00:15:00,0.2394601630563784
2020-02-10 00:18:00,0.23303363468022553
2020-02-10 00:21:00,0.32923638878685324
2020-02-10 00:24:00,0.2459953520980207
2020-02-10 00:27:00,0.20503339607000726
2020-02-10 00:30:00,0.23959372217342434
2020-02-10 00:33:00,0.23965312761566793
2020-02-10 00:36:00,0.33925917628744173
2020-02-10 00:39:00,0.232498926655353
2020-02-10 00:42:00,0.2675878929900932
2020-02-10 00:45:00,0.23285754338434117
2020-02-10 00:48:00,0.3073615894265913
2020-02-10 00:51:00,0.3139565845656307
2020-02-10 00:54:00,0.29277035154643727
2020-02-10 00:57:00,0.2077388652147647
2020-02-10 01:00:00,0.32848038419768955
2020-02-10 01:03:00,0.22343312027356887
2020-02-10 01:06:00,0.16617683287182672
2020-02-10 01:09:00,0.2136841730655874
2020-02-10 01:12:00,0.23912562969076134
2020-02-10 01:15:00,0.1762141781284754
2020-02-10 01:18:00,0.2881569635333108
2020-02-10 01:21:00,0.33103018887271674
2020-02-10 01:24:00,0.16444406388245625
2020-02-10 01:27:00,0.29029583167863393
2020-02-10 01:30:00,0.3308770223616193
2020-02-10 01:33:00,0.2678016234684719
2020-02-10 01:36:00,0.3037700286975564
2020-02-10 01:39:00,0.31963773068065393
2020-02-10 01:42:00,0.3345035247378405
2020-02-10 01:45:00,0.23823112080810915
2020-02-10 01:48:00,0.25148809304249653
2020-02-10 01:51:00,0.25421179857841025
2020-02-10 01:54:00,0.3096294514389797
2020-02-10 01:57:00,0.33552222597086256
2020-02-10 02:00:00,0.30820194277993096
2020-02-10 02:03:00,0.2805193214778683
2020-02-10 02:06:00,0.2849607148001496
2020-02-10 02:09:00,0.32328679658320425
2020-02-10 02:12:00,0.23154762744775326
2020-02-10 02:15:00,0.2629588341233102
2020-02-10 02:18:00,0.26015404082198756
2020-02-10 02:21:00,0.18661361094768836
2020-02-10 02:24:00,0.27576652184876593
2020-02-10 02:27:00,0.22730921126827752
2020-02-10 02:30:00,0.2976252650579454
2020-02-10 02:33:00,0.28022327553287596
2020-02-10 02:36:00,0.241137088503649
2020-02-10 02:39:00,0.21221220222986403
2020-02-10 02:42:00,0.25267955026936306
2020-02-10 02:45:00,0.34675876273632866
2020-02-10 02:48:00,0.2872564741746828
2020-02-10 02:51:00,0.2473604016529407
2020-02-10 02:54:00,0.23402667971924984
2020-02-10 02:57:00,0.30748884532732745
2020-02-10 03:00:00,0.3869059788046343
2020-02-10 03:03:00,0.32752586529352357
2020-02-10 03:06:00,0.29922568076233347
2020-02-10 03:09:00,0.3001148486955003
2020-02-10 03:12:00,0.2925447692051648
2020-02-10 03:15:00,0.30408644506638893
2020-02-10 03:18:00,0.2920039123035849
2020-02-10 03:21:00,0.3275157311754242
2020-02-10 03:24:00,0.346686451731955
2020-02-10 03:27:00,0.3299724941985005
2020-02-10 03:30:00,0.28006172508474947
2020-02-10 03:33:00,0.22283825516257139
2020-02-10 03:36:00,0.3978464300810174
2020-02-10 03:39:00,0.3323270982241411
2020-02-10 03:42:00,0.3605287258994281
2020-02-10 03:45:00,0.3639665537926362
2020-02-10 03:48:00,0.3738087862088264
2020-02-10 03:51:00,0.35244447937060386
2020-02-10 03:54:00,0.34998911943608846
2020-02-10 03:57:00,0.4308190382827206
2020-02-10 04:00:00,0.3711758345694989
2020-02-10 04:03:00,0.4165946556233848
2020-02-10 04:06:00,0.3530400557887674
2020-02-10 04:09:00,0.340051253893364
2020-02-10 04:12:00,0.3185153341044611
2020-02-10 04:15:00,0.32775532015938325
2020-02-10 04:18:00,0.3227089307942492
2020-02-10 04:21:00,0.2699112020713983
2020-02-10 04:24:00,0.36017322183153055
2020-02-10 04:27:00,0.44084351651781617
2020-02-10 04:30:00,0.42873171549746303
2020-02-10 04:33:00,0.36903211423208404
2020-02-10 04:36:00,0.36750967588722006
2020-02-10 04:39:00,0.3407947386390333
2020-02-10 04:42:00,0.483596667771792
2020-02-10 04:45:00,0.39433350160646796
2020-02-10 04:48:00,0.37822550315871695
2020-02-10 04:51:00,0.3723261023054647
2020-02-10 04:54:00,0.30058749870045176
2020-02-10 04:57:00,0.39829117345169607
2020-02-10 05:00:00,0.36478613005817806
2020-02-10 05:03:00,0.3821954144966071
2020-02-10 05:06:00,0.375305070295326
2020-02-10 05:09:00,0.38278493319478457
2020-02-10 05:12:00,0.42657372284128314
2020-02-10 05:15:00,0.3716084656447265
2020-02-10 05:18:00,0.34604689586240056
2020-02-10 05:21:00,0.42321504105694885
2020-02-10 05:24:00,0.3603982283797791
2020-02-10 05:27:00,0.412557749938685
2020-02-10 05:30:00,0.4743045406881379
2020-02-10 05:33:00,0.3932443384724138
2020-02-10 05:36:00,0.242369380845048
2020-02-10 05:39:00,0.32723455656508804
2020-02-10 05:42:00,0.3835573656433553
2020-02-10 05:45:00,0.352776232123972
2020-02-10 05:48:00,0.3164208381955973
2020-02-10 05:51:00,0.42135022443119396
2020-02-10 05:54:00,0.33104393026536627
2020-02-10 05:57:00,0.4652477087086595
2020-02-10 06:00:00,0.36413872213574905
2020-02-10 06:03:00,0.40854122981937735
2020-02-10 06:06:00,0.4054885746868422
2020-02-10 06:09:00,0.43662403931836025
2020-02-10 06:12:00,0.5067726590789903
2020-02-10 06:15:00,0.44778333315895225
2020-02-10 06:18:00,0.4431023569567287
2020-02-10 06:21:00,0.4030132886510387
2020-02-10 06:24:00,0.4441547852108556
2020-02-10 06:27:00,0.3733388895678331
2020-02-10 06:30:00,0.46964576529717306
2020-02-10 06:33:00,0.37579458578113645
2020-02-10 06:36:00,0.42769212700511616
2020-02-10 06:39:00,0.3810709866468187
2020-02-10 06:42:00,0.4467123128791286
2020-02-10 06:45:00,0.45603060546176266
2020-02-10 06:48:00,0.39743305374929605
2020-02-10 06:51:00,0.586675015022422
2020-02-10 06:54:00,0.3570827436510058
2020-02-10 06:57:00,0.49930182801222145
2020-02-10 07:00:00,0.4021118189674553
2020-02-10 07:03:00,0.47449659689186774
2020-02-10 07:06:00,0.4908098080511536
2020-02-10 07:09:00,0.4890074055409741
2020-02-10 07:12:00,0.4446146454725408
2020-02-10 07:15:00,0.3949771206090986
2020-02-10 07:18:00,0.3877432259184843
2020-02-10 07:21:00,0.47609019656346163
2020-02-10 07:24:00,0.4547593984792684
2020-02-10 07:27:00,0.39144472481416415
2020-02-10 07:30:00,0.4210917152560114
2020-02-10 07:33:00,0.4887892252678512
2020-02-10 07:36:00,0.44814927681045447
2020-02-10 07:39:00,0.394220315418238
2020-02-10 07:42:00,0.33958343033430083
2020-02-10 07:45:00,0.46301910890383624
2020-02-10 07:48:00,0.3828909073941986
2020-02-10 07:51:00,0.34782395624949913
2020-02-10 07:54:00,0.32884140359595904
2020-02-10 07:57:00,0.45270715421088426
2020-02-10 08:00:00,0.3739874194421873
2020-02-10 08:03:00,0.41329976975845284
2020-02-10 08:06:00,0.37727024848106794
2020-02-10 08:09:00,0.44751538388049994
2020-02-10 08:12:00,0.4222930912341667
2020-02-10 08:15:00,0.38585424920029254
2020-02-10 08:18:00,0.29193676430872983
2020-02-10 08:21:00,0.3674990426152931
2020-02-10 08:24:00,0.2761215749255257
2020-02-10 08:27:00,0.3407600378341158
2020-02-10 08:30:00,0.28070648300763423
2020-02-10 08:33:00,0.28363694788197336
2020-02-10 08:36:00,0.2842117311154766
2020-02-10 08:39:00,0.28416686951482006
2020-02-10 08:42:00,0.29133637442100735
2020-02-10 08:45:00,0.27968618811587476
2020-02-10 08:48:00,0.26604798916491745
2020-02-10 08:51:00,0.20893945234342937
2020-02-10 08:54:00,0.19267002531222488
2020-02-10 08:57:00,0.25372655734003047
2020-02-10 09:00:00,0.22633722319937988
2020-02-10 09:03:00,0.33141298449112355
2020-02-10 09:06:00,0.2031227251012524
2020-02-10 09:09:00,0.180294067087857
2020-02-10 09:12:00,0.286045941162115
2020-02-10 09:15:00,0.11624369184630723
2020-02-10 09:18:00,0.16314202373655462
2020-02-10 09:21:00,0.2664941821526554
2020-02-10 09:24:00,0.2225220610555425
2020-02-10 09:27:00,0.15303566253288636
2020-02-10 09:30:00,0.1566562222890866
2020-02-10 09:33:00,0.18789427854170526
2020-02-10 09:36:00,0.1617442162446423
2020-02-10 09:39:00,0.15079195619324537
2020-02-10 09:42:00,0.1632289970691545
2020-02-10 09:45:00,0.034197372094809
2020-02-10 09:48:00,0.18505084588412046
2020-02-10 09:51:00,0.17507970612416557
2020-02-10 09:54:00,0.14685197068024536
2020-02-10 09:57:00,0.17400196204761187
2020-02-10 10:00:00,0.06010709881252296
2020-02-10 10:03:00,0.13617373544758493
2020-02-10 10:06:00,0.22747780390426442
2020-02-10 10:09:00,0.08539876003533209
2020-02-10 10:12:00,0.18105193443585677
2020-02-10 10:15:00,0.19799921923322472
2020-02-10 10:18:00,0.05823556576967803
2020-02-10 10:21:00,0.15778928994751595
2020-02-10 10:24:00,0.09650851615123202
2020-02-10 10:27:00,0.07326730518587965
2020-02-10 10:30:00,-0.01820993298696294
2020-02-10 10:33:00,0.034021871329969144
2020-02-10 10:36:00,0.019574688696934572
2020-02-10 10:39:00,-0.025502140460105238
2020-02-10 10:42:00,-0.07450090748830007
2020-02-10 10:45:00,0.10014090738349068
2020-02-10 10:48:00,-0.03736422281110663
2020-02-10 10:51:00,0.06626331122993179
2020-02-10 10:54:00,-0.0777186688517304
2020-02-10 10:57:00,-0.1393620115731551
2020-02-10 11:00:00,-0.006124146591957924
2020-02-10 11:03:00,0.10558973143088224
2020-02-10 11:06:00,-0.009678311912580284
2020-02-10 11:09:00,0.006705041955171964
2020-02-10 11:12:00,-0.03615908775356047
2020-02-10 11:15:00,-0.05846784807641825
2020-02-10 11:18:00,-0.1232844191271738
2020-02-10 11:21:00,-0.13194581201059918
2020-02-10 11:24:00,-0.0635252902021648
2020-02-10 11:27:00,-0.068454432102385
2020-02-10 11:30:00,-0.07956656840696041
2020-02-10 11:33:00,-0.11792364540053768
2020-02-10 11:36:00,-0.00930459122571392
2020-02-10 11:39:00,-0.031660187263923945
2020-02-10 11:42:00,-0.07737882944400098
2020-02-10 11:45:00,-0.15375067659812203
2020-02-10 11:48:00,-0.2189132660217865
2020-02-10 11:51:00,-0.1554658935713178
2020-02-10 11:54:00,-0.07579424519047961
2020-02-10 11:57:00,-0.2210765071947094
2020-02-10 12:00:00,-0.16489086026996347
2020-02-10 12:03:00,-0.1398241488677172
2020-02-10 12:06:00,-0.22635113471790191
2020-02-10 12:09:00,-0.22626099191319327
2020-02-10 12:12:00,-0.19112683833822075
2020-02-10 12:15:00,-0.18312435517577796
2020-02-10 12:18:00,-0.09862138373131302
2020-02-10 12:21:00,-0.13512208850903562
2020-02-10 12:24:00,-0.15704803418191204
2020-02-10 12:27:00,-0.25969592193354174
2020-02-10 12:30:00,-0.18986442348574428
2020-02-10 12:33:00,-0.21749322175861607
2020-02-10 12:36:00,-0.2535666933405878
2020-02-10 12:39:00,-0.2866750182569717
2020-02-10 12:42:00,-0.2958902979619893
2020-02-10 12:45:00,-0.31245991538702356
2020-02-10 12:48:00,-0.2656117923098691
2020-02-10 12:51:00,-0.2968036337111357
2020-02-10 12:54:00,-0.3351751750290646
2020-02-10 12:57:00,-0.3285380046577302
2020-02-10 13:00:00,-0.23117424990209656
2020-02-10 13:03:00,-0.28319100573338574
2020-02-10 13:06:00,-0.24220127318108098
2020-02-10 13:09:00,-0.25466287479889615
2020-02-10 13:12:00,-0.3867221943050936
2020-02-10 13:15:00,-0.34149365477719584
2020-02-10 13:18:00,-0.3038594141222575
2020-02-10 13:21:00,-0.3749892086510158
2020-02-10 13:24:00,-0.337431814116826
2020-02-10 13:27:00,-0.3294525909317372
2020-02-10 13:30:00,-0.3636877001587777
2020-02-10 13:33:00,-0.2690619905553149
2020-02-10 13:36:00,-0.3213128233177258
2020-02-10 13:39:00,-0.34516860292148976
2020-02-10 13:42:00,-0.48939534930167383
2020-02-10 13:45:00,-0.33340774096063797
2020-02-10 13:48:00,-0.33950320625092445
2020-02-10 13:51:00,-0.4009674136228796
2020-02-10 13:54:00,-0.32040454546370256
2020-02-10 13:57:00,-0.4003339152237686
2020-02-10 14:00:00,-0.4041196739632369
2020-02-10 14:03:00,-0.31262728508517057
2020-02-10 14:06:00,-0.464949101289335
2020-02-10 14:09:00,-0.2894955071319032
2020-02-10 14:12:00,-0.3927834466855984
2020-02-10 14:15:00,-0.2943356388444158
2020-02-10 14:18:00,-0.4361253061404682
2020-02-10 14:21:00,-0.4928976784077008
2020-02-10 14:24:00,-0.3337962687164122
2020-02-10 14:27:00,-0.3837109842211248
2020-02-10 14:30:00,-0.27413253795754144
2020-02-10 14:33:00,-0.29988893337957734
2020-02-10 14:36:00,-0.36778433388690246
2020-02-10 14:39:00,-0.293981988268456
2020-02-10 14:42:00,-0.30032385171119813
2020-02-10 14:45:00,-0.2524481656110993
2020-02-10 14:48:00,-0.26425395297013665
2020-02-10 14:51:00,-0.1873787368750186
2020-02-10 14:54:00,-0.2270817805803631
2020-02-10 14:57:00,-0.16863070912808098
2020-02-10 15:00:00,-0.3022657241156139
2020-02-10 15:03:00,-0.38795832778009753
2020-02-10 15:06:00,-0.4703078626000661
2020-02-10 15:09:00,-0.41980085530076394
2020-02-10 15:12:00,-0.32729492546849315
2020-02-10 15:15:00,-0.4610565930171333
2020-02-10 15:18:00,-0.4352346181191251
2020-02-10 15:21:00,-0.3673435681181445
2020-02-10 15:24:00,-0.31494091322139184
2020-02-10 15:27:00,-0.4591750477542291
2020-02-10 15:30:00,-0.38821280811879433
2020-02-10 15:33:00,-0.37356334573075856
2020-02-10 15:36:00,-0.42643438394958366
2020-02-10 15:39:00,-0.4050837455926626
2020-02-10 15:42:00,-0.3188497214291033
2020-02-10 15:45:00,-0.39841417211266617
2020-02-10 15:48:00,-0.2779424300154574
2020-02-10 15:51:00,-0.30933170519239184
2020-02-10 15:54:00,-0.2562789448459739
2020-02-10 15:57:00,-0.25892516752685424
2020-02-10 16:00:00,-0.16625914196475833
2020-02-10 16:03:00,-0.1717984263211747
2020-02-10 16:06:00,-0.16958156277809167
2020-02-10 16:09:00,-0.2878346799829501
2020-02-10 16:12:00,-0.17662047220761679
2020-02-10 16:15:00,-0.31216999850857974
2020-02-10 16:18:00,-0.33788759459093853
2020-02-10 16:21:00,-0.25527967868259793
2020-02-10 16:24:00,-0.3824482857161797
2020-02-10 16:27:00,-0.4191299726672355
2020-02-10 16:30:00,-0.3682832854588014
2020-02-10 16:33:00,-0.33573133871931304
2020-02-10 16:36:00,-0.3770144261989685
2020-02-10 16:39:00,-0.4015451308206366
2020-02-10 16:42:00,-0.34817931257401824
2020-02-10 16:45:00,-0.467674638764322
2020-02-10 16:48:00,-0.43117032871458605
2020-02-10 16:51:00,-0.2601660189825452
2020-02-10 16:54:00,-0.41319119072096555
2020-02-10 16:57:00,-0.4444319645148198
2020-02-10 17:00:00,-0.38996418768897456
2020-02-10 17:03:00,-0.3239470280043406
2020-02-10 17:06:00,-0.4462760076464747
2020-02-10 17:09:00,-0.40410641965240757
2020-02-10 17:12:00,-0.42382733887188806
2020-02-10 17:15:00,-0.29921167754480393
2020-02-10 17:18:00,-0.4533054808061934
2020-02-10 17:21:00,-0.37861007331127894
2020-02-10 17:24:00,-0.43539526241937665
2020-02-10 17:27:00,-0.3570453581812103
2020-02-10 17:30:00,-0.4905372513791235
2020-02-10 17:33:00,-0.42235462555646563
2020-02-10 17:36:00,-0.38329919872245455
2020-02-10 17:39:00,-0.4220225726020317
2020-02-10 17:42:00,-0.41767527609863464
2020-02-10 17:45:00,-0.4285295231339319
2020-02-10 17:48:00,-0.3122096182767109
2020-02-10 17:51:00,-0.36766980006461836
2020-02-10 17:54:00,-0.3975901621355433
2020-02-10 17:57:00,-0.32584705912910295
2020-02-10 18:00:00,-0.3973535149600025
2020-02-10 18:03:00,-0.3794061654043617
2020-02-10 18:06:00,-0.4173910950565869
2020-02-10 18:09:00,-0.3872058953691635
2020-02-10 18:12:00,-0.4024585807710537
2020-02-10 18:15:00,-0.3635666600802665
2020-02-10 18:18:00,-0.29958378893229565
2020-02-10 18:21:00,-0.23989409534021888
2020-02-10 18:24:00,-0.27232680942364595
2020-02-10 18:27:00,-0.30667939467332417
2020-02-10 18:30:00,-0.2640450917604653
2020-02-10 18:33:00,-0.39407696398723147
2020-02-10 18:36:00,-0.34018209276155176
2020-02-10 18:39:00,-0.2886342832583182
2020-02-10 18:42:00,-0.32282860796317436
2020-02-10 18:45:00,-0.3151981409195628
2020-02-10 18:48:00,-0.16883588752693868
2020-02-10 18:51:00,-0.2596575852610954
2020-02-10 18:54:00,
2020-02-10 18:57:00,
2020-02-10 19:00:00,
2020-02-10 19:03:00,-0.17708586455711384
2020-02-10 19:06:00,-0.2338920848350199
2020-02-10 19:09:00,-0.18565126622070238
2020-02-10 19:12:00,-0.19019011092279925
2020-02-10 19:15:00,-0.1326584379472706
2020-02-10 19:18:00,-0.15262852609419042
2020-02-10 19:21:00,-0.09415913522826713
2020-02-10 19:24:00,-0.21077794056935772
2020-02-10 19:27:00,-0.07504078897540012
2020-02-10 19:30:00,-0.1006942530157744
2020-02-10 19:33:00,-0.1670069853346945
2020-02-10 19:36:00,-0.11264518549114655
2020-02-10 19:39:00,-0.1438316695309254
2020-02-10 19:42:00,-0.059393517364924264
2020-02-10 19:45:00,-0.05627457307031136
2020-02-10 19:48:00,-0.1405590395849572
2020-02-10 19:51:00,-0.10464872447727203
2020-02-10 19:54:00,-0.036720132159189234
2020-02-10 19:57:00,0.018125167395623976
2020-02-10 20:00:00,-0.06176404240432021
2020-02-10 20:03:00,-0.025162681266351683
2020-02-10 20:06:00,-0.052761297892288894
2020-02-10 20:09:00,-0.03719334466705959
2020-02-10 20:12:00,-0.06020091801860872
2020-02-10 20:15:00,-0.005092641916519369
2020-02-10 20:18:00,-0.06874313109244667
2020-02-10 20:21:00,0.000689789731552537
2020-02-10 20:24:00,0.05712490702580908
2020-02-10 20:27:00,0.0337456041793871
2020-02-10 20:30:00,0.049775863911008855
2020-02-10 20:33:00,0.06798458145277664
2020-02-10 20:36:00,-0.06901989330305014
2020-02-10 20:39:00,0.008570282117943862
2020-02-10 20:42:00,0.013215261861091676
2020-02-10 20:45:00,0.029167057485494752
2020-02-10 20:48:00,0.09127763950039025
2020-02-10 20:51:00,-0.001641460030896269
2020-02-10 20:54:00,0.08453378821184288
2020-02-10 20:57:00,0.018530290584465092
2020-02-10 21:00:00,0.06810325802933903
2020-02-10 21:03:00,-0.010855320705672966
2020-02-10 21:06:00,0.11076545333975218
2020-02-10 21:09:00,0.06219609871300236
2020-02-10 21:12:00,0.028611401107582424
2020-02-10 21:15:00,0.14956797739972671
2020-02-10 21:18:00,0.09074767093335367
2020-02-10 21:21:00,-0.031135466170724158
2020-02-10 21:24:00,0.11403047838285829
2020-02-10 21:27:00,0.14446655044457657
2020-02-10 21:30:00,0.018607420012813236
2020-02-10 21:33:00,0.10230055161292739
2020-02-10 21:36:00,0.12219689142432344
2020-02-10 21:39:00,0.008651393225761694
2020-02-10 21:42:00,0.1605080343402392
2020-02-10 21:45:00,0.07153095772292772
2020-02-10 21:48:00,0.019177272407318924
2020-02-10 21:51:00,0.06409835922374896
2020-02-10 21:54:00,0.058106345969520135
2020-02-10 21:57:00,0.08822174825661477
2020-02-10 22:00:00,0.16735755892057114
2020-02-10 22:03:00,0.11425350159117897
2020-02-10 22:06:00,0.18277593013050364
2020-02-10 22:09:00,0.07554515552624252
2020-02-10 22:12:00,0.0659459765628867
2020-02-10 22:15:00,0.1409748779930169
2020-02-10 22:18:00,0.07058655158346028
2020-02-10 22:21:00,0.1563352865760521
2020-02-10 22:24:00,0.1841892672671861
2020-02-10 22:27:00,0.17055712946608992
2020-02-10 22:30:00,0.13601061417153915
2020-02-10 22:33:00,0.12119799135683706
2020-02-10 22:36:00,0.12563457460413474
2020-02-10 22:39:00,0.11595601273586453
2020-02-10 22:42:00,0.10709539233590704
2020-02-10 22:45:00,0.1346135803648849
2020-02-10 22:48:00,0.05449798115301974
2020-02-10 22:51:00,0.13116133452456324
2020-02-10 22:54:00,0.1579193993106287
2020-02-10 22:57:00,0.12390970258167044
2020-02-10 23:00:00,0.25323724740741227
2020-02-10 23:03:00,0.09114248979267359
2020-02-10 23:06:00,0.20540395781779353
2020-02-10 23:09:00,0.12205720160193323
2020-02-10 23:12:00,0.2039698646677266
2020-02-10 23:15:00,0.20416100648571955
2020-02-10 23:18:00,0.14822099435247083
2020-02-10 23:21:00,0.17747695543596365
2020-02-10 23:24:00,0.12345673996162532
2020-02-10 23:27:00,0.27641952782863655
2020-02-10 23:30:00,0.23466990815853705
2020-02-10 23:33:00,0.09055807870328181
2020-02-10 23:36:00,0.07546576372931213
2020-02-10 23:39:00,0.16650076630691046
2020-02-10 23:42:00,0.22094915402226434
2020-02-10 23:45:00,0.14667563111748905
2020-02-10 23:48:00,0.21948583891833096
2020-02-10 23:51:00,0.21024090741411783
2020-02-10 23:54:00,0.15570251772300026
2020-02-10 23:57:00,0.14749524815209725
2020-02-11 00:00:00,0.23044013217895554
2020-02-11 00:03:00,0.21687124194534135
2020-02-11 00:06:00,0.15969075201019223
2020-02-11 00:09:00,0.1930664891253855
2020-02-11 00:12:00,0.3727569888360449
2020-02-11 00:15:00,0.17785940921720567
2020-02-11 00:18:00,0.21292754525177315
2020-02-11 00:21:00,0.247862216230601
2020-02-11 00:24:00,0.1639398808293322
2020-02-11 00:27:00,0.26796846198539015
2020-02-11 00:30:00,0.18454238570478765
2020-02-11 00:33:00,0.2781530797127516
2020-02-11 00:36:00,0.08717572767670845
2020-02-11 00:39:00,0.2226948122486192
2020-02-11 00:42:00,0.11107343914153489
2020-02-11 00:45:00,0.24148555514051395
2020-02-11 00:48:00,0.18714897194627156
2020-02-11 00:51:00,0.1965950804154204
2020-02-11 00:54:00,0.3383041531327535
2020-02-11 00:57:00,0.29665758964426914
2020-02-11 01:00:00,0.22989981335859966
2020-02-11 01:03:00,0.2102362974932248
2020-02-11 01:06:00,0.1874612095641055
2020-02-11 01:09:00,0.2251113200638315
2020-02-11 01:12:00,0.19170091133128153
2020-02-11 01:15:00,0.19711606654686875
2020-02-11 01:18:00,0.17230410269161212
2020-02-11 01:21:00,0.2732361229433309
2020-02-11 01:24:00,0.12052959466785751
2020-02-11 01:27:00,0.28860575369225216
2020-02-11 01:30:00,0.24782771580339613
2020-02-11 01:33:00,0.16494507765099797
2020-02-11 01:36:00,0.20316978005593
2020-02-11 01:39:00,0.24562694577122102
2020-02-11 01:42:00,0.36369142259354703
2020-02-11 01:45:00,0.29724375723122876
2020-02-11 01:48:00,0.30699328943791215
2020-02-11 01:51:00,0.30775365409624555
2020-02-11 01:54:00,0.3227058705729178
2020-02-11 01:57:00,0.26426477195832376
2020-02-11 02:00:00,0.28566654896468435
2020-02-11 02:03:00,0.3063437504137596
2020-02-11 02:06:00,0.3681292421969147
2020-02-11 02:09:00,0.337247462961102
2020-02-11 02:12:00,0.218139084628433
2020-02-11 02:15:00,0.2445821936354946
2020-02-11 02:18:00,0.2787782972004038
2020-02-11 02:21:00,0.4164568348331841
2020-02-11 02:24:00,0.1858109263716301
2020-02-11 02:27:00,0.18355069727647333
2020-02-11 02:30:00,0.2506814364096499
2020-02-11 02:33:00,0.2544417179784091
2020-02-11 02:36:00,0.23525492180635865
2020-02-11 02:39:00,0.36630680121942305
2020-02-11 02:42:00,0.26173878531022865
2020-02-11 02:45:00,0.33518923375578424
2020-02-11 02:48:00,0.4222777448953252
2020-02-11 02:51:00,0.2923820913590589
2020-02-11 02:54:00,0.33003038120733663
2020-02-11 02:57:00,0.18030097768428277
2020-02-11 03:00:00,0.3042480475954221
2020-02-11 03:03:00,0.31773730248642096
2020-02-11 03:06:00,0.2505461869978376
2020-02-11 03:09:00,0.10274640131024171
2020-02-11 03:12:00,0.3052056313265439
2020-02-11 03:15:00,0.1111389299846337
2020-02-11 03:18:00,0.18499911830269866
2020-02-11 03:21:00,0.3320238077168369
2020-02-11 03:24:00,0.3082919337792305
2020-02-11 03:27:00,0.2185846404497056
2020-02-11 03:30:00,0.11395264478602485
2020-02-11 03:33:00,0.22284019823547396
2020-02-11 03:36:00,0.2515325347249018
2020-02-11 03:39:00,0.2592192838283154
2020-02-11 03:42:00,0.22541838051574814
2020-02-11 03:45:00,0.24615505405694194
2020-02-11 03:48:00,0.2010626984943542
2020-02-11 03:51:00,0.18225808101192342
2020-02-11 03:54:00,0.25679150029333186
2020-02-11 03:57:00,0.26080300251857125
2020-02-11 04:00:00,0.19423611069669278
2020-02-11 04:03:00,0.24107812584099975
2020-02-11 04:06:00,0.27523184824929103
2020-02-11 04:09:00,0.22439742274008267
2020-02-11 04:12:00,0.34538016229612367
2020-02-11 04:15:00,0.31154023516961615
2020-02-11 04:18:00,0.25550839436147044
2020-02-11 04:21:00,0.30389131517705437
2020-02-11 04:24:00,0.25193241621229845
2020-02-11 04:27:00,0.2412572712236738
2020-02-11 04:30:00,0.31626544684854707
2020-02-11 04:33:00,0.17639773241859302
2020-02-11 04:36:00,0.26557391489313886
2020-02-11 04:39:00,0.2714670720603749
2020-02-11 04:42:00,0.21542897500722802
2020-02-11 04:45:00,0.30618300793400977
2020-02-11 04:48:00,0.3017867474678724
2020-02-11 04:51:00,0.3091584803556202
2020-02-11 04:54:00,0.2549344165789762
2020-02-11 04:57:00,0.24515106567451994
2020-02-11 05:00:00,0.2922411859679528
2020-02-11 05:03:00,0.2557783280146282
2020-02-11 05:06:00,0.17424147962486813
2020-02-11 05:09:00,0.2744752194397506
2020-02-11 05:12:00,0.18759698858650609
2020-02-11 05:15:00,0.2837707425630924
2020-02-11 05:18:00,0.3397875783941231
2020-02-11 05:21:00,0.2416273169819192
2020-02-11 05:24:00,0.24690495868560447
2020-02-11 05:27:00,0.25145053407999285
2020-02-11 05:30:00,0.20434618002116167
2020-02-11 05:33:00,0.21123766790532272
2020-02-11 05:36:00,0.2592207598899563
2020-02-11 05:39:00,0.29622069168721055
2020-02-11 05:42:00,0.34892427126999337
2020-02-11 05:45:00,0.20764862934333905
2020-02-11 05:48:00,0.29808737786026995
2020-02-11 05:51:00,0.3070145909443909
2020-02-11 05:54:00,0.23392928974806182
2020-02-11 05:57:00,0.3827453696356429
2020-02-11 06:00:00,0.19876767238912407
2020-02-11 06:03:00,0.17920622950049392
2020-02-11 06:06:00,0.2397227946966609
2020-02-11 06:09:00,0.23325602362206155
2020-02-11 06:12:00,0.23124773105871554
2020-02-11 06:15:00,0.32928146030468497
2020-02-11 06:18:00,0.27692200699607383
2020-02-11 06:21:00,0.27484978841931706
2020-02-11 06:24:00,0.2406095991697157
2020-02-11 06:27:00,0.2857835416593275
2020-02-11 06:30:00,0.21929887670165726
2020-02-11 06:33:00,0.23371786477753176
2020-02-11 06:36:00,0.3455328159296869
2020-02-11 06:39:00,0.32076412695568024
2020-02-11 06:42:00,0.2661220680946599
2020-02-11 06:45:00,0.32939455183645805
2020-02-11 06:48:00,0.2569430900836096
2020-02-11 06:51:00,0.3176633346857898
2020-02-11 06:54:00,0.2637154871973735
2020-02-11 06:57:00,0.3836107179125179
2020-02-11 07:00:00,0.3185243607279631
2020-02-11 07:03:00,0.2344912763095408
2020-02-11 07:06:00,0.2908535837929094
2020-02-11 07:09:00,0.24794689968484818
2020-02-11 07:12:00,0.2959144834965173
2020-02-11 07:15:00,0.33503693631058695
2020-02-11 07:18:00,0.1884046587042576
2020-02-11 07:21:00,0.2575697374854258
2020-02-11 07:24:00,0.21786841201992502
2020-02-11 07:27:00,0.2964214150638895
2020-02-11 07:30:00,0.2204387860313659
2020-02-11 07:33:00,0.22524140302766682
2020-02-11 07:36:00,0.1600658774935937
2020-02-11 07:39:00,0.32588928270985207
2020-02-11 07:42:00,0.2436737095312651
2020-02-11 07:45:00,0.2784276220641573
2020-02-11 07:48:00,0.20496859124102684
2020-02-11 07:51:00,0.24418580018300418
2020-02-11 07:54:00,0.25016422614993417
2020-02-11 07:57:00,0.2280935446785861
2020-02-11 08:00:00,0.07253988753132035
2020-02-11 08:03:00,0.22172689609010376
2020-02-11 08:06:00,0.0839447210103117
2020-02-11 08:09:00,0.23489926670288241
2020-02-11 08:12:00,0.18203596275861855
2020-02-11 08:15:00,0.040414609805282
2020-02-11 08:18:00,0.16073490774607535
2020-02-11 08:21:00,0.10045436420114129
2020-02-11 08:24:00,0.016208103206565738
2020-02-11 08:27:00,0.012233745568664744
2020-02-11 08:30:00,0.08488272377564954
2020-02-11 08:33:00,0.0489399496303804
2020-02-11 08:36:00,0.0016885367591044087
2020-02-11 08:39:00,-0.0027552623697033596
2020-02-11 08:42:00,0.01076563528670249
2020-02-11 08:45:00,0.030356287032020646
2020-02-11 08:48:00,0.04968496702173297
2020-02-11 08:51:00,-0.09726883912821904
2020-02-11 08:54:00,-0.053740282500370995
2020-02-11 08:57:00,0.013949467380371061
2020-02-11 09:00:00,-0.012806638684708105
2020-02-11 09:03:00,-0.04067302312347465
2020-02-11 09:06:00,-0.011026174537619227
2020-02-11 09:09:00,-0.06986997918073712
2020-02-11 09:12:00,0.028714166488100545
2020-02-11 09:15:00,-0.0322476554529203
2020-02-11 09:18:00,-0.028941897863376198
2020-02-11 09:21:00,-0.04043113014415667
2020-02-11 09:24:00,-0.09326133369967238
2020-02-11 09:27:00,0.08794328524737693
2020-02-11 09:30:00,-0.04276290474911093
2020-02-11 09:33:00,-0.13256375116606023
2020-02-11 09:36:00,-0.16073204818462727
2020-02-11 09:39:00,-0.02938943958577056
2020-02-11 09:42:00,0.013075925709699732
2020-02-11 09:45:00,-0.1541661879715548
2020-02-11 09:48:00,-0.034801526415094486
2020-02-11 09:51:00,-0.1280091603166511
2020-02-11 09:54:00,-0.14062184776383901
2020-02-11 09:57:00,-0.13267996851044472
2020-02-11 10:00:00,-0.08226568532410283
2020-02-11 10:03:00,-0.14250811418577314
2020-02-11 10:06:00,-0.08935407385513372
2020-02-11 10:09:00,-0.011502668757600532
2020-02-11 10:12:00,-0.1714616607894186
2020-02-11 10:15:00,-0.10888099181102007
2020-02-11 10:18:00,-0.1934529185797942
2020-02-11 10:21:00,-0.08640589841502333
2020-02-11 10:24:00,-0.07949911616213967
2020-02-11 10:27:00,-0.17699134759197932
2020-02-11 10:30:00,-0.18832897460634968
2020-02-11 10:33:00,-0.18174432744939395
2020-02-11 10:36:00,-0.278140250954948
2020-02-11 10:39:00,-0.24895258284010424
2020-02-11 10:42:00,-0.18304033802053254
2020-02-11 10:45:00,-0.15515201937870415
2020-02-11 10:48:00,-0.23423706543201206
2020-02-11 10:51:00,-0.21978654447093504
2020-02-11 10:54:00,-0.16960386104756253
2020-02-11 10:57:00,-0.18412878872948113
2020-02-11 11:00:00,-0.15207872420978674
2020-02-11 11:03:00,-0.14674521029314747
2020-02-11 11:06:00,-0.21564359443101466
2020-02-11 11:09:00,-0.1528579643642729
2020-02-11 11:12:00,-0.10958493064583763
2020-02-11 11:15:00,-0.17696123240136785
2020-02-11 11:18:00,-0.19831000145882172
2020-02-11 11:21:00,-0.3214366236365436
2020-02-11 11:24:00,-0.2777091315866187
2020-02-11 11:27:00,-0.22316799198529225
2020-02-11 11:30:00,-0.23116738953729055
2020-02-11 11:33:00,-0.22553012315512433
2020-02-11 11:36:00,-0.25290558510948813
2020-02-11 11:39:00,-0.2707672509299073
2020-02-11 11:42:00,-0.24831843076248106
2020-02-11 11:45:00,-0.32014909665252844
2020-02-11 11:48:00,-0.17470933914029274
2020-02-11 11:51:00,-0.32561086222983704
2020-02-11 11:54:00,-0.30811961376679164
2020-02-11 11:57:00,-0.4154444797176211
2020-02-11 12:00:00,-0.21664170779916958
2020-02-11 12:03:00,-0.3249043339449713
2020-02-11 12:06:00,-0.3184878694091253
2020-02-11 12:09:00,-0.37991223706302435
2020-02-11 12:12:00,-0.3653919112429662
2020-02-11 12:15:00,-0.2119206231521389
2020-02-11 12:18:00,-0.34490005453994854
2020-02-11 12:21:00,-0.3496744806557217
2020-02-11 12:24:00,-0.406233256576229
2020-02-11 12:27:00,-0.33993608008375986
2020-02-11 12:30:00,-0.30000037696788695
2020-02-11 12:33:00,-0.37076004792851336
2020-02-11 12:36:00,-0.30924291767740897
2020-02-11 12:39:00,-0.34496223502191015
2020-02-11 12:42:00,-0.44890591764993815
2020-02-11 12:45:00,-0.42597700629141855
2020-02-11 12:48:00,-0.3005211778215653
2020-02-11 12:51:00,-0.3194523011316619
2020-02-11 12:54:00,-0.40251188040042507
2020-02-11 12:57:00,-0.33325390142613287
2020-02-11 13:00:00,-0.347271249638311
2020-02-11 13:03:00,-0.37508190349183224
2020-02-11 13:06:00,-0.423189311149315
2020-02-11 13:09:00,-0.35700004656507645
2020-02-11 13:12:00,-0.37618111364167817
2020-02-11 13:15:00,-0.31343971033447815
2020-02-11 13:18:00,-0.3160414903601918
2020-02-11 13:21:00,-0.4316281145119092
2020-02-11 13:24:00,-0.37737838035718596
2020-02-11 13:27:00,-0.3682466466287906
2020-02-11 13:30:00,-0.42707739712204784
2020-02-11 13:33:00,-0.4775555044927273
2020-02-11 13:36:00,-0.3252378939138225
2020-02-11 13:39:00,-0.33742032978773295
2020-02-11 13:42:00,-0.4226039203990126
2020-02-11 13:45:00,-0.4824797957316491
2020-02-11 13:48:00,-0.4189858920532288
2020-02-11 13:51:00,-0.4617389716722755
2020-02-11 13:54:00,-0.4735551326832024
2020-02-11 13:57:00,-0.4050495790739319
2020-02-11 14:00:00,-0.5536446877893582
2020-02-11 14:03:00,-0.35842331025185103
2020-02-11 14:06:00,-0.4203135970677181
2020-02-11 14:09:00,-0.5070922598505945
2020-02-11 14:12:00,-0.43512280499237477
2020-02-11 14:15:00,-0.44576101068497564
2020-02-11 14:18:00,-0.42612804810431726
2020-02-11 14:21:00,-0.48509691568443714
2020-02-11 14:24:00,-0.4299187513213951
2020-02-11 14:27:00,-0.34219684053158517
2020-02-11 14:30:00,-0.38771829914139744
2020-02-11 14:33:00,-0.4263154369431277
2020-02-11 14:36:00,-0.5090635419848581
2020-02-11 14:39:00,-0.385524939078266
2020-02-11 14:42:00,-0.466695335817235
2020-02-11 14:45:00,-0.4304625427920996
2020-02-11 14:48:00,-0.4212042598754806
2020-02-11 14:51:00,-0.4085501573716783
2020-02-11 14:54:00,-0.4599067766002918
2020-02-11 14:57:00,-0.45862566451427256
2020-02-11 15:00:00,-0.3978928013676182
2020-02-11 15:03:00,-0.4842372944464728
2020-02-11 15:06:00,-0.41436645047184584
2020-02-11 15:09:00,-0.4655602595303776
2020-02-11 15:12:00,-0.4155719255518875
2020-02-11 15:15:00,-0.5146511528114388
2020-02-11 15:18:00,-0.416782605731953
2020-02-11 15:21:00,-0.47982829575238384
2020-02-11 15:24:00,-0.5921830108933364
2020-02-11 15:27:00,-0.4027724683149927
2020-02-11 15:30:00,-0.3625482627394945
2020-02-11 15:33:00,-0.42284503520977523
2020-02-11 15:36:00,-0.4146266549867619
2020-02-11 15:39:00,-0.41758949693422664
2020-02-11 15:42:00,-0.42710174918795474
2020-02-11 15:45:00,-0.3092987537038425
2020-02-11 15:48:00,-0.49725420226974393
2020-02-11 15:51:00,-0.36057858747500404
2020-02-11 15:54:00,-0.4358879754405507
2020-02-11 15:57:00,-0.3311926082539003
2020-02-11 16:00:00,-0.34580544774502187
2020-02-11 16:03:00,-0.33773609152967765
2020-02-11 16:06:00,-0.4616972347943147
2020-02-11 16:09:00,-0.35758782751662466
2020-02-11 16:12:00,-0.4777118408363208
2020-02-11 16:15:00,-0.3966009878838008
2020-02-11 16:18:00,-0.3957605232658352
2020-02-11 16:21:00,-0.4536590814089436
2020-02-11 16:24:00,-0.38994053097820824
2020-02-11 16:27:00,-0.24134136766872416
2020-02-11 16:30:00,-0.33154738434825504
2020-02-11 16:33:00,-0.36671933091184883
2020-02-11 16:36:00,-0.24640723163167877
2020-02-11 16:39:00,-0.3054515887636171
2020-02-11 16:42:00,-0.3773947034892444
2020-02-11 16:45:00,-0.42238976410396845
2020-02-11 16:48:00,-0.21394149855944988
2020-02-11 16:51:00,-0.2982100108515624
2020-02-11 16:54:00,-0.35821113413840067
2020-02-11 16:57:00,-0.3760377667908301
2020-02-11 17:00:00,-0.32500311525637926
2020-02-11 17:03:00,-0.3194902994619042
2020-02-11 17:06:00,-0.20982996452642055
2020-02-11 17:09:00,-0.25478377734111746
2020-02-11 17:12:00,-0.26748356596135636
2020-02-11 17:15:00,-0.19997761160681193
2020-02-11 17:18:00,-0.2958483647093999
2020-02-11 17:21:00,-0.43343947641108116
2020-02-11 17:24:00,-0.24221356629772117
2020-02-11 17:27:00,-0.31179959580907735
2020-02-11 17:30:00,-0.24798048710238163
2020-02-11 17:33:00,-0.4012883241717873
2020-02-11 17:36:00,-0.28921008698353035
2020-02-11 17:39:00,-0.36246561286014867
2020-02-11 17:42:00,-0.37113255596813133
2020-02-11 17:45:00,-0.3617327100801049
2020-02-11 17:48:00,-0.33386968178791676
2020-02-11 17:51:00,-0.2744498323375524
2020-02-11 17:54:00,-0.33360728128553774
2020-02-11 17:57:00,-0.26272980653573086
2020-02-11 18:00:00,-0.3257743237768409
2020-02-11 18:03:00,-0.2723682190784871
2020-02-11 18:06:00,-0.18341924786432173
2020-02-11 18:09:00,-0.19370765097107778
2020-02-11 18:12:00,-0.26508869601224205
2020-02-11 18:15:00,-0.22881974686805506
2020-02-11 18:18:00,-0.2812068098552345
2020-02-11 18:21:00,-0.30651186237071215
2020-02-11 18:24:00,-0.2259568710635449
2020-02-11 18:27:00,-0.24995913592334773
2020-02-11 18:30:00,-0.2653564788820404
2020-02-11 18:33:00,-0.26703628666297163
2020-02-11 18:36:00,-0.24139560560121254
2020-02-11 18:39:00,-0.26016334904250016
2020-02-11 18:42:00,-0.2091216058046257
2020-02-11 18:45:00,-0.23764943629407753
2020-02-11 18:48:00,-0.11238567460753757
2020-02-11 18:51:00,-0.15593113350945487
2020-02-11 18:54:00,
2020-02-11 18:57:00,
2020-02-11 19:00:00,
2020-02-11 19:03:00,-0.13272833289840946
2020-02-11 19:06:00,-0.245434249089044
2020-02-11 19:09:00,-0.13411716256291584
2020-02-11 19:12:00,-0.22047575918321627
2020-02-11 19:15:00,-0.20647144246720472
2020-02-11 19:18:00,-0.20756685421810062
2020-02-11 19:21:00,-0.20694700034471225
2020-02-11 19:24:00,-0.22472547819160127
2020-02-11 19:27:00,-0.0687842419623621
2020-02-11 19:30:00,-0.16739133144966445
2020-02-11 19:33:00,-0.2002624250195595
2020-02-11 19:36:00,-0.23111251007799183
2020-02-11 19:39:00,-0.24876942518949363
2020-02-11 19:42:00,-0.11232932386650418
2020-02-11 19:45:00,-0.16090596235267185
2020-02-11 19:48:00,-0.16001140101764122
2020-02-11 19:51:00,-0.12103139903439342
2020-02-11 19:54:00,-0.25244981677229816
2020-02-11 19:57:00,-0.19397714131332577
2020-02-11 20:00:00,-0.20830459377765465
2020-02-11 20:03:00,-0.1136262855141581
2020-02-11 20:06:00,-0.14090161938742085
2020-02-11 20:09:00,-0.07785024224318704
2020-02-11 20:12:00,-0.12198238216495838
2020-02-11 20:15:00,-0.21511250995644104
2020-02-11 20:18:00,-0.11933743194339286
2020-02-11 20:21:00,-0.08803612575741226
2020-02-11 20:24:00,-0.16309579559390386
2020-02-11 20:27:00,-0.0565209411674914
2020-02-11 20:30:00,-0.07787638143275899
2020-02-11 20:33:00,-0.03508623575646652
2020-02-11 20:36:00,-0.07572613929477257
2020-02-11 20:39:00,-0.03157221901028606
2020-02-11 20:42:00,-0.052978140061327395
2020-02-11 20:45:00,-0.04025246666554949
2020-02-11 20:48:00,-0.04239134494520158
2020-02-11 20:51:00,-0.08519784485662285
2020-02-11 20:54:00,-0.10940184063463221
2020-02-11 20:57:00,-0.018317193040388702
2020-02-11 21:00:00,0.09763653006393724
2020-02-11 21:03:00,-0.05777610042446213
2020-02-11 21:06:00,-0.0071198409684711805
2020-02-11 21:09:00,0.002755278751237711
2020-02-11 21:12:00,-0.13214112118930643
2020-02-11 21:15:00,-0.09067497824923976
2020-02-11 21:18:00,0.02869644862749965
2020-02-11 21:21:00,-0.05104968106167007
2020-02-11 21:24:00,-0.15717749033802875
2020-02-11 21:27:00,-0.03582110173704223
2020-02-11 21:30:00,-0.06865558143971384
2020-02-11 21:33:00,-0.10769641452259293
2020-02-11 21:36:00,-0.0471208209814904
2020-02-11 21:39:00,-0.08245592887834619
2020-02-11 21:42:00,-0.0964421111905267
2020-02-11 21:45:00,-0.04461314945547201
2020-02-11 21:48:00,0.0736723017149643
2020-02-11 21:51:00,0.0004132424696194903
2020-02-11 21:54:00,-0.07046240399893122
2020-02-11 21:57:00,-0.005426682364657154
2020-02-11 22:00:00,0.04811867072083942
2020-02-11 22:03:00,0.04949732651550676
2020-02-11 22:06:00,0.10369588297572818
2020-02-11 22:09:00,0.05636467349444274
2020-02-11 22:12:00,0.020226804030130552
2020-02-11 22:15:00,0.029926734181458414
2020-02-11 22:18:00,0.023878999478597507
2020-02-11 22:21:00,0.03379623001649179
2020-02-11 22:24:00,0.003955852988553943
2020-02-11 22:27:00,-0.0130247179484968
2020-02-11 22:30:00,0.12503646833539506
2020-02-11 22:33:00,0.09776093215293713
2020-02-11 22:36:00,0.06734265193892952
2020-02-11 22:39:00,0.06716020431582592
2020-02-11 22:42:00,0.03547868635081386
2020-02-11 22:45:00,0.04534593682438981
2020-02-11 22:48:00,0.0006408535755326739
2020-02-11 22:51:00,0.12679145460077734
2020-02-11 22:54:00,0.061916772675431275
2020-02-11 22:57:00,0.13750161539149985
2020-02-11 23:00:00,0.0989720310429334
2020-02-11 23:03:00,0.04447299345270039
2020-02-11 23:06:00,0.1104677508855616
2020-02-11 23:09:00,0.17879009087982922
2020-02-11 23:12:00,0.16784252347548545
2020-02-11 23:15:00,0.1417903903159754
2020-02-11 23:18:00,0.19322762793046877
2020-02-11 23:21:00,0.14675221918218995
2020-02-11 23:24:00,0.09450769445044216
2020-02-11 23:27:00,0.04769007777809975
2020-02-11 23:30:00,0.07195174645977431
2020-02-11 23:33:00,0.1120176774819015
2020-02-11 23:36:00,0.1021830834616253
2020-02-11 23:39:00,0.030066008424853408
2020-02-11 23:42:00,0.050054183086558623
2020-02-11 23:45:00,0.10081692388791907
2020-02-11 23:48:00,0.07237612278197503
2020-02-11 23:51:00,0.1827337720173432
2020-02-11 23:54:00,0.15282422747253577
2020-02-11 23:57:00,0.11505387214197071
2020-02-12 00:00:00,0.11278017873974022
2020-02-12 00:03:00,0.186905951015774
2020-02-12 00:06:00,0.06631581313672541
2020-02-12 00:09:00,0.11275983777892407
2020-02-12 00:12:00,0.12077779224694041
2020-02-12 00:15:00,0.10303906802516849
2020-02-12 00:18:00,0.1730479284801163
2020-02-12 00:21:00,0.11728450423692038
2020-02-12 00:24:00,0.06952124925254566
2020-02-12 00:27:00,0.18312859301812523
2020-02-12 00:30:00,0.04666148344705334
2020-02-12 00:33:00,0.037179573062019244
2020-02-12 00:36:00,0.12132430547222839
2020-02-12 00:39:00,0.062108960711498185
2020-02-12 00:42:00,0.1687716694451069
2020-02-12 00:45:00,0.2248264290460611
2020-02-12 00:48:00,0.09718793121936642
2020-02-12 00:51:00,0.16554015110796172
2020-02-12 00:54:00,0.16827842186734188
2020-02-12 00:57:00,0.11835158881126517
2020-02-12 01:00:00,0.20254915091385328
2020-02-12 01:03:00,0.16592605514398429
2020-02-12 01:06:00,0.12098263775675377
2020-02-12 01:09:00,0.1267924032623
2020-02-12 01:12:00,0.14073522698015495
2020-02-12 01:15:00,0.1863784548841636
2020-02-12 01:18:00,0.08731130462257397
2020-02-12 01:21:00,0.11376600735462716
2020-02-12 01:24:00,0.16635525607421187
2020-02-12 01:27:00,0.2215576135973265
2020-02-12 01:30:00,0.14724720050770657
2020-02-12 01:33:00,0.1713398889619384
2020-02-12 01:36:00,0.15813050143805185
2020-02-12 01:39:00,0.0996236502308534
2020-02-12 01:42:00,0.20612691944268136
2020-02-12 01:45:00,0.05100863773242281
2020-02-12 01:48:00,0.12797098068949708
2020-02-12 01:51:00,0.12843854400017563
2020-02-12 01:54:00,0.04128423355473387
2020-02-12 01:57:00,0.1469615235654942
2020-02-12 02:00:00,0.21496706792765963
2020-02-12 02:03:00,0.10135762940819859
2020-02-12 02:06:00,0.1851101892007705
2020-02-12 02:09:00,0.16903373135670563
2020-02-12 02:12:00,0.17281448334409788
2020-02-12 02:15:00,0.18026532295596098
2020-02-12 02:18:00,0.19174966099478752
2020-02-12 02:21:00,0.2063407093091314
2020-02-12 02:24:00,0.2462301609062365
2020-02-12 02:27:00,0.11112513131797641
2020-02-12 02:30:00,0.18346112108929447
2020-02-12 02:33:00,0.2502924045148234
2020-02-12 02:36:00,0.21004355201591807
2020-02-12 02:39:00,0.2259378530795857
2020-02-12 02:42:00,0.1301208017847557
2020-02-12 02:45:00,0.26067584910816777
2020-02-12 02:48:00,0.04353990517915918
2020-02-12 02:51:00,0.19830504036457341
2020-02-12 02:54:00,0.1338882492796074
2020-02-12 02:57:00,0.19213082172990426
2020-02-12 03:00:00,0.09312510493435866
2020-02-12 03:03:00,0.18746073702442345
2020-02-12 03:06:00,0.1127554460722422
2020-02-12 03:09:00,0.16738787320025494
2020-02-12 03:12:00,0.2010307101609783
2020-02-12 03:15:00,0.20168250718569425
2020-02-12 03:18:00,0.2810252661145114
2020-02-12 03:21:00,0.28104740321919053
2020-02-12 03:24:00,0.17930568595085106
2020-02-12 03:27:00,0.0898852984624341
2020-02-12 03:30:00,0.19377197764958964
2020-02-12 03:33:00,0.27264896740308586
2020-02-12 03:36:00,0.09549450545080163
2020-02-12 03:39:00,0.2182743249590544
2020-02-12 03:42:00,0.1591995181040602
2020-02-12 03:45:00,0.2737829873849478
2020-02-12 03:48:00,0.13861991654658823
2020-02-12 03:51:00,0.2210161233921326
2020-02-12 03:54:00,0.23272094628310924
2020-02-12 03:57:00,0.24195777309296318
2020-02-12 04:00:00,0.17461783009207466
2020-02-12 04:03:00,0.13674962677413305
2020-02-12 04:06:00,0.16627667902804433
2020-02-12 04:09:00,0.2034885876619228
2020-02-12 04:12:00,0.18876018445610043
2020-02-12 04:15:00,0.20850809169576223
2020-02-12 04:18:00,0.10941409460548357
2020-02-12 04:21:00,0.26244805884823563
2020-02-12 04:24:00,0.14228729981891775
2020-02-12 04:27:00,0.2350493489146288
2020-02-12 04:30:00,0.18216529633417622
2020-02-12 04:33:00,0.08463110881893954
2020-02-12 04:36:00,0.22731094633087423
2020-02-12 04:39:00,0.24961489352619992
2020-02-12 04:42:00,0.25412311542891075
2020-02-12 04:45:00,0.17889727659223809
2020-02-12 04:48:00,0.23068005854736384
2020-02-12 04:51:00,0.2979513905596036
2020-02-12 04:54:00,0.2108216551971509
2020-02-12 04:57:00,0.23419127855220268
2020-02-12 05:00:00,0.2374003267288458
2020-02-12 05:03:00,0.22088241377633722
2020-02-12 05:06:00,0.2899182810119214
2020-02-12 05:09:00,0.12049219332811845
2020-02-12 05:12:00,0.17461246707131295
2020-02-12 05:15:00,0.16449329754505015
2020-02-12 05:18:00,0.2167658021560328
2020-02-12 05:21:00,0.23175406709782465
2020-02-12 05:24:00,0.18539785980226497
2020-02-12 05:27:00,0.2736131546212732
2020-02-12 05:30:00,0.301602747114714
2020-02-12 05:33:00,0.2942507033674815
2020-02-12 05:36:00,0.3238430488053723
2020-02-12 05:39:00,0.275362912404546
2020-02-12 05:42:00,0.13708795776335592
2020-02-12 05:45:00,0.11412721612759924
2020-02-12 05:48:00,0.271331040479879
2020-02-12 05:51:00,0.11778603695779566
2020-02-12 05:54:00,0.292444587470186
2020-02-12 05:57:00,0.22007531099399102
2020-02-12 06:00:00,0.17484518384111425
2020-02-12 06:03:00,0.23291917077710877
2020-02-12 06:06:00,0.19368997901761986
2020-02-12 06:09:00,0.21257366651093434
2020-02-12 06:12:00,0.2376421225668537
2020-02-12 06:15:00,0.26227019219714975
2020-02-12 06:18:00,0.22058819489939197
2020-02-12 06:21:00,0.3265274507976983
2020-02-12 06:24:00,0.17818258457663205
2020-02-12 06:27:00,0.28888501299036307
2020-02-12 06:30:00,0.29423089623566057
2020-02-12 06:33:00,0.1951536335298556
2020-02-12 06:36:00,0.3030330997481201
2020-02-12 06:39:00,0.23868430498293947
2020-02-12 06:42:00,0.14571362272391752
2020-02-12 06:45:00,0.22205493772599993
2020-02-12 06:48:00,0.22706324201521966
2020-02-12 06:51:00,0.1680981357464475
2020-02-12 06:54:00,0.23501281408425712
2020-02-12 06:57:00,0.20417183110197357
2020-02-12 07:00:00,0.26580438071289336
2020-02-12 07:03:00,0.22460472038733315
2020-02-12 07:06:00,0.1202446296611015
2020-02-12 07:09:00,0.15062199620132333
2020-02-12 07:12:00,0.2587372662189864
2020-02-12 07:15:00,0.18206461529899798
2020-02-12 07:18:00,0.15844817776405762
2020-02-12 07:21:00,0.23116975980741472
2020-02-12 07:24:00,0.2697353834522005
2020-02-12 07:27:00,0.2573141173996305
2020-02-12 07:30:00,0.27386829106285404
2020-02-12 07:33:00,0.22562727326067034
2020-02-12 07:36:00,0.23806486204773591
2020-02-12 07:39:00,0.23274618104051115
2020-02-12 07:42:00,0.27317521084228247
2020-02-12 07:45:00,0.24165945981474124
2020-02-12 07:48:00,0.22002323634444565
2020-02-12 07:51:00,0.29042967370764927
2020-02-12 07:54:00,0.1937241656478932
2020-02-12 07:57:00,0.16765285504573058
2020-02-12 08:00:00,0.13502155248539793
2020-02-12 08:03:00,0.13770633457147596
2020-02-12 08:06:00,0.3296115418850718
2020-02-12 08:09:00,0.27306217696326485
2020-02-12 08:12:00,0.28750863947044536
2020-02-12 08:15:00,0.1564959568413542
2020-02-12 08:18:00,0.24316559376330815
2020-02-12 08:21:00,0.15201067526618317
2020-02-12 08:24:00,0.16576107751404834
2020-02-12 08:27:00,0.24796959262033624
2020-02-12 08:30:00,0.1890990910113146
2020-02-12 08:33:00,0.16501164245073596
2020-02-12 08:36:00,0.17979225950671207
2020-02-12 08:39:00,-0.06643054837127238
2020-02-12 08:42:00,0.0172613089278002
2020-02-12 08:45:00,0.03105085421344711
2020-02-12 08:48:00,-0.04993469030415554
2020-02-12 08:51:00,0.13895714446840657
2020-02-12 08:54:00,0.1264250153896569
2020-02-12 08:57:00,0.17606956541999352
2020-02-12 09:00:00,0.17317733565477056
2020-02-12 09:03:00,0.14489191125528578
2020-02-12 09:06:00,0.0537029606005035
2020-02-12 09:09:00,0.06438664268364391
2020-02-12 09:12:00,0.019066534956834857
2020-02-12 09:15:00,0.11337494592163466
2020-02-12 09:18:00,0.10220351661001814
2020-02-12 09:21:00,0.22454832773655653
2020-02-12 09:24:00,0.18247185924883524
2020-02-12 09:27:00,0.059135859206833175
2020-02-12 09:30:00,0.11123633645922837
2020-02-12 09:33:00,0.11920444660802332
2020-02-12 09:36:00,0.2987849016991504
2020-02-12 09:39:00,0.10850994343093134
2020-02-12 09:42:00,0.1622509409167492
2020-02-12 09:45:00,0.10711805791032702
2020-02-12 09:48:00,0.10365630100238832
2020-02-12 09:51:00,0.03902360476320155
2020-02-12 09:54:00,-0.009443663946399283
2020-02-12 09:57:00,0.060488582775803934
2020-02-12 10:00:00,-0.01713422649226004
2020-02-12 10:03:00,0.07207768651039714
2020-02-12 10:06:00,0.028383858109236826
2020-02-12 10:09:00,0.03161891303187758
2020-02-12 10:12:00,0.058577958991122614
2020-02-12 10:15:00,-0.11871086569874478
2020-02-12 10:18:00,-0.035113403703405766
2020-02-12 10:21:00,-0.1010374901322848
2020-02-12 10:24:00,-0.0514662020779042
2020-02-12 10:27:00,0.031205769627320024
2020-02-12 10:30:00,-0.05878045916603014
2020-02-12 10:33:00,-0.05306652234128251
2020-02-12 10:36:00,-0.13095451117033008
2020-02-12 10:39:00,-0.07134361443553416
2020-02-12 10:42:00,-0.11225217449219826
2020-02-12 10:45:00,-0.030042216133722377
2020-02-12 10:48:00,-0.20671935695355614
2020-02-12 10:51:00,-0.046146511866425044
2020-02-12 10:54:00,-0.0808205707252796
2020-02-12 10:57:00,-0.002664892100824545
2020-02-12 11:00:00,-0.1869652330807412
2020-02-12 11:03:00,-0.11932393891402171
2020-02-12 11:06:00,-0.14167713079166333
2020-02-12 11:09:00,-0.07549500674389265
2020-02-12 11:12:00,-0.1026773607643463
2020-02-12 11:15:00,-0.0708685374214042
2020-02-12 11:18:00,-0.08412855121503071
2020-02-12 11:21:00,-0.13835537075090087
2020-02-12 11:24:00,-0.11623386025894433
2020-02-12 11:27:00,-0.229210408018389
2020-02-12 11:30:00,-0.11627275523932212
2020-02-12 11:33:00,-0.24079689283672678
2020-02-12 11:36:00,-0.17752282321168877
2020-02-12 11:39:00,-0.2188994978380947
2020-02-12 11:42:00,-0.2584294828205316
2020-02-12 11:45:00,-0.18067539682476763
2020-02-12 11:48:00,-0.9532649647837275
2020-02-12 11:51:00,-0.6994615840169445
2020-02-12 11:54:00,-0.15603489898057887
2020-02-12 11:57:00,0.2770810831286781
2020-02-12 12:00:00,-0.7375570528390085
2020-02-12 12:03:00,-0.33283832264362445
2020-02-12 12:06:00,-0.291648606826584
2020-02-12 12:09:00,-0.29480145621261045
2020-02-12 12:12:00,-0.2389797039773498
2020-02-12 12:15:00,-0.28090800782456427
2020-02-12 12:18:00,-0.3202074982216345
2020-02-12 12:21:00,-0.34137068787032376
2020-02-12 12:24:00,-0.2819440196411733
2020-02-12 12:27:00,-0.5123538216739121
2020-02-12 12:30:00,-0.33742941204474164
2020-02-12 12:33:00,-0.33450908971650506
2020-02-12 12:36:00,-0.41962072508482606
2020-02-12 12:39:00,-0.41785243762808477
2020-02-12 12:42:00,-0.26907532173095206
2020-02-12 12:45:00,-0.360344156383519
2020-02-12 12:48:00,-0.28066071220479216
2020-02-12 12:51:00,-0.22514550274547673
2020-02-12 12:54:00,-0.2904902170562309
2020-02-12 12:57:00,-0.38104936114643806
2020-02-12 13:00:00,-0.31953702672927875
2020-02-12 13:03:00,-0.3641745628797821
2020-02-12 13:06:00,-0.362460112764893
2020-02-12 13:09:00,-0.35067980361844775
2020-02-12 13:12:00,-0.39226206240778083
2020-02-12 13:15:00,-0.39684025809253853
2020-02-12 13:18:00,-0.42196502829614246
2020-02-12 13:21:00,-0.41960022592149926
2020-02-12 13:24:00,-0.2912719769273622
2020-02-12 13:27:00,-0.402701358136369
2020-02-12 13:30:00,-0.47308104869631507
2020-02-12 13:33:00,-0.4594025151253618
2020-02-12 13:36:00,-0.4962551368535628
2020-02-12 13:39:00,-0.38395711405604516
2020-02-12 13:42:00,-0.4775421030168445
2020-02-12 13:45:00,-0.4459852644530997
2020-02-12 13:48:00,-0.43472175300735216
2020-02-12 13:51:00,-0.4362202303108802
2020-02-12 13:54:00,-0.4703111282809118
2020-02-12 13:57:00,-0.4488298502021735
2020-02-12 14:00:00,-0.473559733253353
2020-02-12 14:03:00,-0.41811653639160795
2020-02-12 14:06:00,-0.4318696198221801
2020-02-12 14:09:00,-0.45639960509049615
2020-02-12 14:12:00,-0.4560337883879697
2020-02-12 14:15:00,-0.47612653170028807
2020-02-12 14:18:00,-0.47275176536095387
2020-02-12 14:21:00,-0.44481210606954846
2020-02-12 14:24:00,-0.5186389245693022
2020-02-12 14:27:00,-0.4680896275712598
2020-02-12 14:30:00,-0.5288240041505219
2020-02-12 14:33:00,-0.455371125451677
2020-02-12 14:36:00,-0.5230447034784902
2020-02-12 14:39:00,-0.4933087756040777
2020-02-12 14:42:00,-0.41473440387068194
2020-02-12 14:45:00,-0.5297529870760513
2020-02-12 14:48:00,-0.6815952754062664
2020-02-12 14:51:00,-0.4687329819198567
2020-02-12 14:54:00,-0.45934280650800474
2020-02-12 14:57:00,-0.4604493481517693
2020-02-12 15:00:00,-0.607338407367763
2020-02-12 15:03:00,-0.5223415186728744
2020-02-12 15:06:00,-0.39805529191124833
2020-02-12 15:09:00,-0.4696644278262738
2020-02-12 15:12:00,-0.5792987674388428
2020-02-12 15:15:00,-0.5296641299150338
2020-02-12 15:18:00,-0.530192765412437
2020-02-12 15:21:00,-0.6680314277318757
2020-02-12 15:24:00,-0.5808521195392018
2020-02-12 15:27:00,-0.5593226824193493
2020-02-12 15:30:00,-0.4405459434667023
2020-02-12 15:33:00,-0.5625581041364285
2020-02-12 15:36:00,-0.5872298385021395
2020-02-12 15:39:00,-0.44751442105786055
2020-02-12 15:42:00,-0.4941601792783672
2020-02-12 15:45:00,-0.5132341991135263
2020-02-12 15:48:00,-0.4986703630335114
2020-02-12 15:51:00,-0.5725969910878916
2020-02-12 15:54:00,-0.5588715106661084
2020-02-12 15:57:00,-0.5268808565954828
2020-02-12 16:00:00,-0.4632741558737621
2020-02-12 16:03:00,-0.45004790634493474
2020-02-12 16:06:00,-0.41177505853789853
2020-02-12 16:09:00,-0.3961502394902823
2020-02-12 16:12:00,-0.407490183884363
2020-02-12 16:15:00,-0.4112148389256163
2020-02-12 16:18:00,-0.447600093019787
2020-02-12 16:21:00,-0.39169648619628106
2020-02-12 16:24:00,-0.46537931324803594
2020-02-12 16:27:00,-0.4754706406913556
2020-02-12 16:30:00,-0.451705863760651
2020-02-12 16:33:00,-0.4215230387309248
2020-02-12 16:36:00,-0.38341541617330677
2020-02-12 16:39:00,-0.38298733611361513
2020-02-12 16:42:00,-0.4092388612853597
2020-02-12 16:45:00,-0.3970721585776573
2020-02-12 16:48:00,-0.3874711974698357
2020-02-12 16:51:00,-0.36627988261170685
2020-02-12 16:54:00,-0.4483027111893989
2020-02-12 16:57:00,-0.3508784755189822
2020-02-12 17:00:00,-0.29144828163856573
2020-02-12 17:03:00,-0.29438437360232683
2020-02-12 17:06:00,-0.4453337828420558
2020-02-12 17:09:00,-0.37621590854138276
2020-02-12 17:12:00,-0.3921781150081074
2020-02-12 17:15:00,-0.3465491937542424
2020-02-12 17:18:00,-0.39722439714023494
2020-02-12 17:21:00,-0.39825250604536677
2020-02-12 17:24:00,-0.3427700474549624
2020-02-12 17:27:00,-0.28109679323461023
2020-02-12 17:30:00,-0.42143310216238206
2020-02-12 17:33:00,-0.38883297045146037
2020-02-12 17:36:00,-0.35902708159210306
2020-02-12 17:39:00,-0.2653538727753926
2020-02-12 17:42:00,-0.44203092075201766
2020-02-12 17:45:00,-0.36500361674137594
2020-02-12 17:48:00,-0.32205791503889714
2020-02-12 17:51:00,-0.31453532100999837
2020-02-12 17:54:00,-0.4464484116367089
2020-02-12 17:57:00,-0.3025113063226854
2020-02-12 18:00:00,-0.43216313647059224
2020-02-12 18:03:00,-0.38405476877159117
2020-02-12 18:06:00,-0.4358295337453342
2020-02-12 18:09:00,-0.3807395670511937
2020-02-12 18:12:00,-0.3207356765722693
2020-02-12 18:15:00,-0.27887818805243114
2020-02-12 18:18:00,-0.3426781755273396
2020-02-12 18:21:00,-0.37452292316743296
2020-02-12 18:24:00,-0.3966252919265685
2020-02-12 18:27:00,-0.43544085414248457
2020-02-12 18:30:00,-0.2940626963554678
2020-02-12 18:33:00,-0.2185223955514175
2020-02-12 18:36:00,-0.2672924391468996
2020-02-12 18:39:00,-0.30876359844353374
2020-02-12 18:42:00,-0.2982463568064304
2020-02-12 18:45:00,-0.3384973407142411
2020-02-12 18:48:00,-0.29711652582960824
2020-02-12 18:51:00,-0.3061178974143104
2020-02-12 18:54:00,
2020-02-12 18:57:00,
2020-02-12 19:00:00,
2020-02-12 19:03:00,-0.1685609254388396
2020-02-12 19:06:00,-0.21641104886913354
2020-02-12 19:09:00,-0.15888592994201645
2020-02-12 19:12:00,-0.21062932538023915
2020-02-12 19:15:00,-0.13113319500183707
2020-02-12 19:18:00,-0.177770105018908
2020-02-12 19:21:00,-0.20472571251349336
2020-02-12 19:24:00,-0.210989931987001
2020-02-12 19:27:00,-0.15996862109341237
2020-02-12 19:30:00,-0.15900092641680885
2020-02-12 19:33:00,-0.19713641146074679
2020-02-12 19:36:00,-0.14055674160272247
2020-02-12 19:39:00,-0.08722862119003594
2020-02-12 19:42:00,-0.12210527751909694
2020-02-12 19:45:00,-0.17637740105618605
2020-02-12 19:48:00,-0.17474654794875732
2020-02-12 19:51:00,-0.09860957211020605
2020-02-12 19:54:00,-0.11780810984470236
2020-02-12 19:57:00,-0.12065231546301902
2020-02-12 20:00:00,-0.1296919913874035
2020-02-12 20:03:00,-0.1397578604008345
2020-02-12 20:06:00,-0.18520523285474155
2020-02-12 20:09:00,-0.18004467033966876
2020-02-12 20:12:00,-0.14263854906539564
2020-02-12 20:15:00,-0.1506676201208279
2020-02-12 20:18:00,-0.2778701060901767
2020-02-12 20:21:00,-0.24626774912997007
2020-02-12 20:24:00,-0.1856621107316414
2020-02-12 20:27:00,-0.1578819828303608
2020-02-12 20:30:00,-0.1737417024783099
2020-02-12 20:33:00,-0.10793596638416147
2020-02-12 20:36:00,-0.0819341241173106
2020-02-12 20:39:00,-0.08588980288396897
2020-02-12 20:42:00,-0.012985878979179688
2020-02-12 20:45:00,-0.06808380725118468
2020-02-12 20:48:00,-0.06803030145124467
2020-02-12 20:51:00,-0.019964144145546925
2020-02-12 20:54:00,-0.13224618111223663
2020-02-12 20:57:00,-0.08028012383567784
2020-02-12 21:00:00,0.07243781561760443
2020-02-12 21:03:00,0.009405877093797699
2020-02-12 21:06:00,-0.010468270162732551
2020-02-12 21:09:00,0.06220013760867005
2020-02-12 21:12:00,0.040633045597246564
2020-02-12 21:15:00,-0.0008501855076019638
2020-02-12 21:18:00,-0.0871930123963125
2020-02-12 21:21:00,-0.06474041354078963
2020-02-12 21:24:00,0.0003190375572330595
2020-02-12 21:27:00,-0.0024356230927082834
2020-02-12 21:30:00,0.09418883190534189
2020-02-12 21:33:00,-0.037434028282291365
2020-02-12 21:36:00,-0.02403500210328957
2020-02-12 21:39:00,0.027434241268963433
2020-02-12 21:42:00,0.024591492812362503
2020-02-12 21:45:00,-0.06780610114185492
2020-02-12 21:48:00,-0.04361905126103238
2020-02-12 21:51:00,-0.026598226042381157
2020-02-12 21:54:00,-0.016764195600899257
2020-02-12 21:57:00,0.005438303157973223
2020-02-12 22:00:00,-0.01004423980913316
2020-02-12 22:03:00,-0.03040274801310261
2020-02-12 22:06:00,0.04332875203323283
2020-02-12 22:09:00,0.10192174128860643
2020-02-12 22:12:00,-0.037395126623607666
2020-02-12 22:15:00,-0.001507281422448159
2020-02-12 22:18:00,0.0796668621131289
2020-02-12 22:21:00,0.0169782201200519
2020-02-12 22:24:00,0.045730045196307856
2020-02-12 22:27:00,0.003544811219796884
2020-02-12 22:30:00,0.005671356477193967
2020-02-12 22:33:00,0.03810739329520629
2020-02-12 22:36:00,0.047611636073213504
2020-02-12 22:39:00,0.10110612144177367
2020-02-12 22:42:00,0.09182363196094911
2020-02-12 22:45:00,0.16299432027761895
2020-02-12 22:48:00,0.17777910434080013
2020-02-12 22:51:00,0.07564529026217315
2020-02-12 22:54:00,0.08019232792031517
2020-02-12 22:57:00,0.05817972959175677
2020-02-12 23:00:00,0.03941385201704861
2020-02-12 23:03:00,-0.03180312092740678
2020-02-12 23:06:00,0.0358761549580322
2020-02-12 23:09:00,-0.012260243413777516
2020-02-12 23:12:00,0.04115165783673547
2020-02-12 23:15:00,0.06528503117334594
2020-02-12 23:18:00,-0.028912115441471542
2020-02-12 23:21:00,0.028863890336197073
2020-02-12 23:24:00,0.09458436755636512
2020-02-12 23:27:00,0.0019399070710619526
2020-02-12 23:30:00,0.1269785852122709
2020-02-12 23:33:00,0.047011997867116406
2020-02-12 23:36:00,0.05482291834789521
2020-02-12 23:39:00,0.0985687545185101
2020-02-12 23:42:00,0.02578507606824587
2020-02-12 23:45:00,0.048281587003600634
2020-02-12 23:48:00,0.0817916726566068
2020-02-12 23:51:00,0.0746506219329035
2020-02-12 23:54:00,0.05111820053474503
2020-02-12 23:57:00,0.12614421810206977
2020-02-13 00:00:00,0.047511265415437265
2020-02-13 00:03:00,0.08477544773438694
2020-02-13 00:06:00,0.05140300479382631
2020-02-13 00:09:00,0.10404586310625064
2020-02-13 00:12:00,0.0629452291757957
2020-02-13 00:15:00,0.05512248321019797
2020-02-13 00:18:00,0.07679612803946156
2020-02-13 00:21:00,0.14473365918223635
2020-02-13 00:24:00,0.10096022328474419
2020-02-13 00:27:00,0.1315388276825047
2020-02-13 00:30:00,0.08824773376431949
2020-02-13 00:33:00,0.17177734223650987
2020-02-13 00:36:00,0.10180774708055651
2020-02-13 00:39:00,0.15301833380652852
2020-02-13 00:42:00,0.21062455809442326
2020-02-13 00:45:00,0.1485424104730555
2020-02-13 00:48:00,0.1266944457256045
2020-02-13 00:51:00,0.17205317385611352
2020-02-13 00:54:00,0.25370795340876384
2020-02-13 00:57:00,0.1767899018695971
2020-02-13 01:00:00,0.18188399716439108
2020-02-13 01:03:00,0.1570637761315652
2020-02-13 01:06:00,0.18718804996814242
2020-02-13 01:09:00,0.15312162478585378
2020-02-13 01:12:00,0.17904435502680371
2020-02-13 01:15:00,0.06294885751174206
2020-02-13 01:18:00,0.12423291752457999
2020-02-13 01:21:00,0.08021162031587892
2020-02-13 01:24:00,0.1579877145806563
2020-02-13 01:27:00,0.13692598062027628
2020-02-13 01:30:00,0.17919575883036032
2020-02-13 01:33:00,0.19773331414597806
2020-02-13 01:36:00,0.20191762649255907
2020-02-13 01:39:00,0.15560007711752633
2020-02-13 01:42:00,0.1970204066772112
2020-02-13 01:45:00,0.17651709087920153
2020-02-13 01:48:00,0.10475587698340405
2020-02-13 01:51:00,0.20194461439274392
2020-02-13 01:54:00,0.20812016287527513
2020-02-13 01:57:00,0.21443572557740254
2020-02-13 02:00:00,0.25254474364498947
2020-02-13 02:03:00,0.20885270074143136
2020-02-13 02:06:00,0.1504370101806103
2020-02-13 02:09:00,0.17309252854482793
2020-02-13 02:12:00,0.24547051467726533
2020-02-13 02:15:00,0.24330982729583184
2020-02-13 02:18:00,0.13294258662568836
2020-02-13 02:21:00,0.2228263782960198
2020-02-13 02:24:00,0.28506264305337936
2020-02-13 02:27:00,0.27391968365168395
2020-02-13 02:30:00,0.20675719253665648
2020-02-13 02:33:00,0.19496316638503686
2020-02-13 02:36:00,0.29042005055293885
2020-02-13 02:39:00,0.21974547218269436
2020-02-13 02:42:00,0.337203217870524
2020-02-13 02:45:00,0.21902149385221037
2020-02-13 02:48:00,0.19239573868441084
2020-02-13 02:51:00,0.29744792345002224
2020-02-13 02:54:00,0.2913211361262711
2020-02-13 02:57:00,0.1941015843233913
2020-02-13 03:00:00,0.28288122147284867
2020-02-13 03:03:00,0.15610105871223823
2020-02-13 03:06:00,0.23131219325102848
2020-02-13 03:09:00,0.11291944575884827
2020-02-13 03:12:00,0.12012502496810384
2020-02-13 03:15:00,0.3154222493282077
2020-02-13 03:18:00,0.1947242077685587
2020-02-13 03:21:00,0.25064414284446457
2020-02-13 03:24:00,0.22748086321558958
2020-02-13 03:27:00,0.23463279808413517
2020-02-13 03:30:00,0.28841104230536985
2020-02-13 03:33:00,0.22187289675349575
2020-02-13 03:36:00,0.20677977249448531
2020-02-13 03:39:00,0.32365573053226626
2020-02-13 03:42:00,0.18516130463501668
2020-02-13 03:45:00,0.20866740118941607
2020-02-13 03:48:00,0.20310634734698851
2020-02-13 03:51:00,0.273614021505864
2020-02-13 03:54:00,0.23668634476831585
2020-02-13 03:57:00,0.24604946870493904
2020-02-13 04:00:00,0.11829637200617071
2020-02-13 04:03:00,0.27852750870783893
2020-02-13 04:06:00,0.18411327376219333
2020-02-13 04:09:00,0.16688730912306937
2020-02-13 04:12:00,0.3525932241554983
2020-02-13 04:15:00,0.30658001612567887
2020-02-13 04:18:00,0.21921495390637347
2020-02-13 04:21:00,0.2633196653482628
2020-02-13 04:24:00,0.33858857382961105
2020-02-13 04:27:00,0.2956079525530413
2020-02-13 04:30:00,0.31786732570509457
2020-02-13 04:33:00,0.29780031083572567
2020-02-13 04:36:00,0.3209390955290701
2020-02-13 04:39:00,0.29280004583887376
2020-02-13 04:42:00,0.3143489831367674
2020-02-13 04:45:00,0.22951753716301937
2020-02-13 04:48:00,0.23195326939452343
2020-02-13 04:51:00,0.3396430630274381
2020-02-13 04:54:00,0.26751778957248007
2020-02-13 04:57:00,0.33779603331191765
2020-02-13 05:00:00,0.3322990645180539
2020-02-13 05:03:00,0.23211909919518803
2020-02-13 05:06:00,0.23717162513241874
2020-02-13 05:09:00,0.2091304942541683
2020-02-13 05:12:00,0.25911883705754235
2020-02-13 05:15:00,0.24239408136622842
2020-02-13 05:18:00,0.2995514074198695
2020-02-13 05:21:00,0.34195633838692174
2020-02-13 05:24:00,0.3239123675782025
2020-02-13 05:27:00,0.3215927413012878
2020-02-13 05:30:00,0.3120908936465412
2020-02-13 05:33:00,0.26983907294498977
2020-02-13 05:36:00,0.3774282357799734
2020-02-13 05:39:00,0.22504241053985652
2020-02-13 05:42:00,0.36301748942696577
2020-02-13 05:45:00,0.42436529559103064
2020-02-13 05:48:00,0.28797412879868034
2020-02-13 05:51:00,0.2693154873468302
2020-02-13 05:54:00,0.3144788922783164
2020-02-13 05:57:00,0.2998714256758035
2020-02-13 06:00:00,0.24051534043894662
2020-02-13 06:03:00,0.306409862724081
2020-02-13 06:06:00,0.3320481411153082
2020-02-13 06:09:00,0.3533981810181217
2020-02-13 06:12:00,0.3508692009131664
2020-02-13 06:15:00,0.32522465339388873
2020-02-13 06:18:00,0.23661941049863344
2020-02-13 06:21:00,0.3560005650680864
2020-02-13 06:24:00,0.3509628023743403
2020-02-13 06:27:00,0.3381299244256297
2020-02-13 06:30:00,0.3897819451162263
2020-02-13 06:33:00,0.3970408700153598
2020-02-13 06:36:00,0.3577867497676266
2020-02-13 06:39:00,0.3496052165500032
2020-02-13 06:42:00,0.3068875043987873
2020-02-13 06:45:00,0.26952240509660896
2020-02-13 06:48:00,0.41464314654274403
2020-02-13 06:51:00,0.2939898611385843
2020-02-13 06:54:00,0.28190768993050597
2020-02-13 06:57:00,0.2298365191453513
2020-02-13 07:00:00,0.3535639259079062
2020-02-13 07:03:00,0.2379931677166951
2020-02-13 07:06:00,0.22809987790702735
2020-02-13 07:09:00,0.3097149429904107
2020-02-13 07:12:00,0.33612955551615187
2020-02-13 07:15:00,0.22827505575941132
2020-02-13 07:18:00,0.2761873351578856
2020-02-13 07:21:00,0.25443414628580285
2020-02-13 07:24:00,0.2756316253093587
2020-02-13 07:27:00,0.2578015279842134
2020-02-13 07:30:00,0.23897442550764936
2020-02-13 07:33:00,0.2251400448508889
2020-02-13 07:36:00,0.24505196850748234
2020-02-13 07:39:00,0.2901003757336298
2020-02-13 07:42:00,0.27968641204148526
2020-02-13 07:45:00,0.3013197416245248
2020-02-13 07:48:00,0.2748189567693089
2020-02-13 07:51:00,0.35330800621818526
2020-02-13 07:54:00,0.2288321255425103
2020-02-13 07:57:00,0.17458945022360695
2020-02-13 08:00:00,0.20201073704186
2020-02-13 08:03:00,0.16634886641639923
2020-02-13 08:06:00,0.2092812297655655
2020-02-13 08:09:00,0.23374268407667387
2020-02-13 08:12:00,0.22675519246496378
2020-02-13 08:15:00,0.18029443721127336
2020-02-13 08:18:00,0.2034122403771903
2020-02-13 08:21:00,0.19808668654701478
2020-02-13 08:24:00,0.27680050259863265
2020-02-13 08:27:00,0.12652847484247332
2020-02-13 08:30:00,0.20110452949660385
2020-02-13 08:33:00,0.2501000910056064
2020-02-13 08:36:00,0.2008516645988152
2020-02-13 08:39:00,0.23534254728531323
2020-02-13 08:42:00,0.17988111751577662
2020-02-13 08:45:00,0.22544890190567912
2020-02-13 08:48:00,0.25455783515371877
2020-02-13 08:51:00,0.1447973144412913
2020-02-13 08:54:00,0.17568438067462466
2020-02-13 08:57:00,0.17996204884349254
2020-02-13 09:00:00,0.1954077980971647
2020-02-13 09:03:00,0.2008509638550322
2020-02-13 09:06:00,0.2515331523629811
2020-02-13 09:09:00,0.19918938222519955
2020-02-13 09:12:00,0.15829714091830738
2020-02-13 09:15:00,0.15180539407674587
2020-02-13 09:18:00,0.10664947051094487
2020-02-13 09:21:00,0.12234327405383283
2020-02-13 09:24:00,0.19394504075052055
2020-02-13 09:27:00,0.1528661099588362
2020-02-13 09:30:00,0.161782610715818
2020-02-13 09:33:00,0.14657045809116198
2020-02-13 09:36:00,0.04674118711949404
2020-02-13 09:39:00,0.06122324877128449
2020-02-13 09:42:00,0.14977581630188297
2020-02-13 09:45:00,0.0741506139730177
2020-02-13 09:48:00,0.11934097120217757
2020-02-13 09:51:00,0.04017092653236887
2020-02-13 09:54:00,0.06481603200251129
2020-02-13 09:57:00,0.10415760706035826
2020-02-13 10:00:00,0.13090891756633027
2020-02-13 10:03:00,0.14170024063946585
2020-02-13 10:06:00,0.08319660722713706
2020-02-13 10:09:00,0.07085476119556233
2020-02-13 10:12:00,0.035186215912915486
2020-02-13 10:15:00,-0.047231162521029546
2020-02-13 10:18:00,-0.0012021386127116784
2020-02-13 10:21:00,0.05444104860265497
2020-02-13 10:24:00,0.008554530721198716
2020-02-13 10:27:00,0.029831950393827356
2020-02-13 10:30:00,-0.06012198127859847
2020-02-13 10:33:00,0.05757703566933969
2020-02-13 10:36:00,0.10763101861601854
2020-02-13 10:39:00,0.05906432966588682
2020-02-13 10:42:00,0.008863665664307518
2020-02-13 10:45:00,0.029807717867186057
2020-02-13 10:48:00,-0.10742198707293937
2020-02-13 10:51:00,-0.06376181276095849
2020-02-13 10:54:00,-0.040675600753843355
2020-02-13 10:57:00,-0.08970508400221888
2020-02-13 11:00:00,-0.042427042876568066
2020-02-13 11:03:00,-0.08671419836406358
2020-02-13 11:06:00,-0.028944930402985847
2020-02-13 11:09:00,-0.019184620431246913
2020-02-13 11:12:00,-0.05967841003484864
2020-02-13 11:15:00,-0.15369608232015253
2020-02-13 11:18:00,-0.12298779764171286
2020-02-13 11:21:00,-0.142456846627681
2020-02-13 11:24:00,-0.08935938825862877
2020-02-13 11:27:00,-0.10474798439645383
2020-02-13 11:30:00,-0.16814587539312242
2020-02-13 11:33:00,-0.0394560383483622
2020-02-13 11:36:00,-0.10378487460525321
2020-02-13 11:39:00,-0.07359880573807231
2020-02-13 11:42:00,-0.29632106758941745
2020-02-13 11:45:00,-0.0309175398334105
2020-02-13 11:48:00,-0.26220859369277605
2020-02-13 11:51:00,-0.20889894146188226
2020-02-13 11:54:00,-0.16681239955858018
2020-02-13 11:57:00,-0.19382916622964785
2020-02-13 12:00:00,-0.17034075566709816
2020-02-13 12:03:00,-0.17966086178552132
2020-02-13 12:06:00,-0.28495487525350427
2020-02-13 12:09:00,-0.22252498200390392
2020-02-13 12:12:00,-0.26989440885881777
2020-02-13 12:15:00,-0.31280201840996824
2020-02-13 12:18:00,-0.12718115570493183
2020-02-13 12:21:00,-0.14804450682919423
2020-02-13 12:24:00,-0.23502132534912334
2020-02-13 12:27:00,-0.22200443636171485
2020-02-13 12:30:00,-0.3241918667939103
2020-02-13 12:33:00,-0.3414992213010919
2020-02-13 12:36:00,-0.20169728304148293
2020-02-13 12:39:00,-0.15568102343166856
2020-02-13 12:42:00,-0.3027049282198391
2020-02-13 12:45:00,-0.36084662795104805
2020-02-13 12:48:00,-0.2857298355674516
2020-02-13 12:51:00,-0.3232831245002217
2020-02-13 12:54:00,-0.3050911032228214
2020-02-13 12:57:00,-0.39648167514229726
2020-02-13 13:00:00,-0.30373788757816556
2020-02-13 13:03:00,-0.242678575737159
2020-02-13 13:06:00,-0.33336024665948116
2020-02-13 13:09:00,-0.31804375545141284
2020-02-13 13:12:00,-0.37762473431206445
2020-02-13 13:15:00,-0.3042839155110073
2020-02-13 13:18:00,-0.39758395974172345
2020-02-13 13:21:00,-0.2951357524007676
2020-02-13 13:24:00,-0.32699235410763094
2020-02-13 13:27:00,-0.37455877077741206
2020-02-13 13:30:00,-0.2579069122971873
2020-02-13 13:33:00,-0.35905301809822276
2020-02-13 13:36:00,-0.3540201889012451
2020-02-13 13:39:00,-0.33219226457742934
2020-02-13 13:42:00,-0.27607740308127404
2020-02-13 13:45:00,-0.43091496579239674
2020-02-13 13:48:00,-0.3550432988248531
2020-02-13 13:51:00,-0.37986523519640514
2020-02-13 13:54:00,-0.4377739192036074
2020-02-13 13:57:00,-0.3280991738130865
2020-02-13 14:00:00,-0.30547502913657354
2020-02-13 14:03:00,-0.438246768793249
2020-02-13 14:06:00,-0.3093098967084984
2020-02-13 14:09:00,-0.45561566608580506
2020-02-13 14:12:00,-0.4417578545334777
2020-02-13 14:15:00,-0.2745301531965083
2020-02-13 14:18:00,-0.2805002098591558
2020-02-13 14:21:00,-0.40781229523048523
2020-02-13 14:24:00,-0.5041606626298858
2020-02-13 14:27:00,-0.3252819730637384
2020-02-13 14:30:00,-0.26796559141126863
2020-02-13 14:33:00,-0.3929438456530647
2020-02-13 14:36:00,-0.27470340516725855
2020-02-13 14:39:00,-0.36548639913343095
2020-02-13 14:42:00,-0.47484972198452624
2020-02-13 14:45:00,-0.3427676040914207
2020-02-13 14:48:00,-0.30390863177149186
2020-02-13 14:51:00,-0.3866479911225156
2020-02-13 14:54:00,-0.49639862129004086
2020-02-13 14:57:00,-0.3069352932356537
2020-02-13 15:00:00,-0.25658142178110666
2020-02-13 15:03:00,-0.35745412794568665
2020-02-13 15:06:00,-0.3307661486064717
2020-02-13 15:09:00,-0.35674350448203995
2020-02-13 15:12:00,-0.3255434676347022
2020-02-13 15:15:00,-0.44244592415151374
2020-02-13 15:18:00,-0.2162937312128861
2020-02-13 15:21:00,-0.2464149983896391
2020-02-13 15:24:00,-0.44372836778910596
2020-02-13 15:27:00,-0.2785514801205977
2020-02-13 15:30:00,-0.44867830734926883
2020-02-13 15:33:00,-0.3388910902751263
2020-02-13 15:36:00,-0.3880578622474786
2020-02-13 15:39:00,-0.3453024578826671
2020-02-13 15:42:00,-0.2387745634514431
2020-02-13 15:45:00,-0.3554178619203867
2020-02-13 15:48:00,-0.38562678384943183
2020-02-13 15:51:00,-0.24638222005620491
2020-02-13 15:54:00,-0.299606374446455
2020-02-13 15:57:00,-0.3617078397991236
2020-02-13 16:00:00,-0.3702259790572384
2020-02-13 16:03:00,-0.33864499573326157
2020-02-13 16:06:00,-0.35466103403422267
2020-02-13 16:09:00,-0.26634997280137895
2020-02-13 16:12:00,-0.33503277803328047
2020-02-13 16:15:00,-0.28228447098121023
2020-02-13 16:18:00,-0.3837282045253687
2020-02-13 16:21:00,-0.3530053813977361
2020-02-13 16:24:00,-0.46724056698724326
2020-02-13 16:27:00,-0.34001924273718487
2020-02-13 16:30:00,-0.22516171326128642
2020-02-13 16:33:00,-0.4095260655496986
2020-02-13 16:36:00,-0.3228835572837738
2020-02-13 16:39:00,-0.33278141807790007
2020-02-13 16:42:00,-0.38629184040814835
2020-02-13 16:45:00,-0.34803869121611797
2020-02-13 16:48:00,-0.3534013732460721
2020-02-13 16:51:00,-0.33612113699035717
2020-02-13 16:54:00,-0.32453804544775267
2020-02-13 16:57:00,-0.4333994258876146
2020-02-13 17:00:00,-0.33342770896899765
2020-02-13 17:03:00,-0.2493235256043249
2020-02-13 17:06:00,-0.4227828394941753
2020-02-13 17:09:00,-0.3752752799251198
2020-02-13 17:12:00,-0.4415914570996051
2020-02-13 17:15:00,-0.3718324799763195
2020-02-13 17:18:00,-0.249825210178642
2020-02-13 17:21:00,-0.36307366003637753
2020-02-13 17:24:00,-0.24668598140556242
2020-02-13 17:27:00,-0.08382988683791837
2020-02-13 17:30:00,-0.027018764477588775
2020-02-13 17:33:00,-0.30570859166829223
2020-02-13 17:36:00,-0.30093447727023204
2020-02-13 17:39:00,-0.2238609621255705
2020-02-13 17:42:00,0.061534126368883335
2020-02-13 17:45:00,-0.26004143401689817
2020-02-13 17:48:00,-1.5257841011199957
2020-02-13 17:51:00,-0.1776598728261547
2020-02-13 17:54:00,-0.25988415068064796
2020-02-13 17:57:00,-0.18635430592053126
2020-02-13 18:00:00,-0.2506849377233493
2020-02-13 18:03:00,-0.28099060008798915
2020-02-13 18:06:00,-0.2652065500799381
2020-02-13 18:09:00,-0.2776602501617731
2020-02-13 18:12:00,-0.2711561909759439
2020-02-13 18:15:00,-0.2099810329962679
2020-02-13 18:18:00,-0.20547051417622697
2020-02-13 18:21:00,-0.21526176429330235
2020-02-13 18:24:00,-0.20298546019785135
2020-02-13 18:27:00,-0.23562541065786036
2020-02-13 18:30:00,-0.19660711179443524
2020-02-13 18:33:00,-0.17272873339715034
2020-02-13 18:36:00,-0.24065018419503303
2020-02-13 18:39:00,-0.194143523130208
2020-02-13 18:42:00,-0.2290908237383178
2020-02-13 18:45:00,-0.1473065996033256
2020-02-13 18:48:00,-0.24097703022397354
2020-02-13 18:51:00,-0.22952223614470313
2020-02-13 18:54:00,-0.27783862404567117
2020-02-13 18:57:00,
2020-02-13 19:00:00,
2020-02-13 19:03:00,-0.1397640085697276
2020-02-13 19:06:00,-0.2277529212352647
2020-02-13 19:09:00,-0.17504785976154835
2020-02-13 19:12:00,-0.11181107463409035
2020-02-13 19:15:00,-0.13375197854355747
2020-02-13 19:18:00,-0.21457151216708326
2020-02-13 19:21:00,-0.11703340061990275
2020-02-13 19:24:00,-0.11693395132010664
2020-02-13 19:27:00,-0.13957031042423296
2020-02-13 19:30:00,-0.1844465196057854
2020-02-13 19:33:00,-0.09631421094445614
2020-02-13 19:36:00,-0.12971799603519685
2020-02-13 19:39:00,-0.0560205001149825
2020-02-13 19:42:00,-0.11411865494306994
2020-02-13 19:45:00,-0.13361891797723047
2020-02-13 19:48:00,-0.08398897465400523
2020-02-13 19:51:00,-0.14384112008264083
2020-02-13 19:54:00,-0.06500896576579862
2020-02-13 19:57:00,-0.18155377557980046
2020-02-13 20:00:00,-0.022834531494368093
2020-02-13 20:03:00,-0.05100505230308272
2020-02-13 20:06:00,-0.028911467358398113
2020-02-13 20:09:00,-0.04701401506855518
2020-02-13 20:12:00,-0.07733085221741476
2020-02-13 20:15:00,-0.14640203427387632
2020-02-13 20:18:00,-0.0752805315344176
2020-02-13 20:21:00,-0.001559173600981012
2020-02-13 20:24:00,-0.06666248809079889
2020-02-13 20:27:00,-0.05207011174115905
2020-02-13 20:30:00,-0.0333874568013357
2020-02-13 20:33:00,-0.0639172042809264
2020-02-13 20:36:00,-0.018100213851425906
2020-02-13 20:39:00,-0.006312947116612122
2020-02-13 20:42:00,-0.04565396351256368
2020-02-13 20:45:00,-0.05599793498612371
2020-02-13 20:48:00,-0.09151933191083117
2020-02-13 20:51:00,-0.05430045179798526
2020-02-13 20:54:00,-0.016000657895403947
2020-02-13 20:57:00,-0.06375334805460398
2020-02-13 21:00:00,-0.10223574898401466
2020-02-13 21:03:00,-0.020178656222128666
2020-02-13 21:06:00,-0.08390846037042365
2020-02-13 21:09:00,-0.05481176107889496
2020-02-13 21:12:00,-0.09095110950897833
2020-02-13 21:15:00,-0.08530048522555944
2020-02-13 21:18:00,-0.018416216335651825
2020-02-13 21:21:00,-0.05358835117743865
2020-02-13 21:24:00,-0.14905410268909236
2020-02-13 21:27:00,-0.18737786582727267
2020-02-13 21:30:00,-0.013059591098851797
2020-02-13 21:33:00,-0.02462501805928241
2020-02-13 21:36:00,-0.05993504020761975
2020-02-13 21:39:00,-0.09047511054541246
2020-02-13 21:42:00,-0.02935574111728556
2020-02-13 21:45:00,-0.06703000799529946
2020-02-13 21:48:00,-0.10312907296054163
2020-02-13 21:51:00,-0.006947733280014745
2020-02-13 21:54:00,-0.02527836224209068
2020-02-13 21:57:00,-0.04859024854562222
2020-02-13 22:00:00,-0.029375727202761936
2020-02-13 22:03:00,-0.022285732771024414
2020-02-13 22:06:00,0.01857797226779212
2020-02-13 22:09:00,-0.022427801619471666
2020-02-13 22:12:00,0.0642239723110265
2020-02-13 22:15:00,0.007912882793561948
2020-02-13 22:18:00,-0.01021639568102728
2020-02-13 22:21:00,0.05506558436826481
2020-02-13 22:24:00,0.031207111755122696
2020-02-13 22:27:00,0.0070582917990691385
2020-02-13 22:30:00,0.029184717767066104
2020-02-13 22:33:00,0.05409082828867895
2020-02-13 22:36:00,0.022799705698389516
2020-02-13 22:39:00,0.1514890944375793
2020-02-13 22:42:00,-0.06553474318781127
2020-02-13 22:45:00,0.010215023037574156
2020-02-13 22:48:00,0.030948284605187837
2020-02-13 22:51:00,0.11009257736282052
2020-02-13 22:54:00,0.09532958717579731
2020-02-13 22:57:00,0.17550286582348917
2020-02-13 23:00:00,0.11428078519651308
2020-02-13 23:03:00,0.1539186770363017
2020-02-13 23:06:00,0.09436024488184103
2020-02-13 23:09:00,0.10200393445148848
2020-02-13 23:12:00,0.10154050100862833
2020-02-13 23:15:00,0.03495434652978702
2020-02-13 23:18:00,0.1692585118623242
2020-02-13 23:21:00,0.127813516080721
2020-02-13 23:24:00,0.10279561339302745
2020-02-13 23:27:00,0.027798520383157665
2020-02-13 23:30:00,0.05983231541455325
2020-02-13 23:33:00,0.12065636285768733
2020-02-13 23:36:00,0.13193040624088326
2020-02-13 23:39:00,0.18262742316505864
2020-02-13 23:42:00,0.1869095149007194
2020-02-13 23:45:00,0.12053291365185714
2020-02-13 23:48:00,0.2038380514200071
2020-02-13 23:51:00,0.13414072680751588
2020-02-13 23:54:00,0.11619987326844239
2020-02-13 23:57:00,0.09505485667824587
2020-02-14 00:00:00,0.13249612092005236
2020-02-14 00:03:00,0.099106039509536
2020-02-14 00:06:00,0.17645165142857877
2020-02-14 00:09:00,0.16602553678706045
2020-02-14 00:12:00,0.25009173209843993
2020-02-14 00:15:00,0.21631447845965113
2020-02-14 00:18:00,0.09214221832684188
2020-02-14 00:21:00,0.17799993554621096
2020-02-14 00:24:00,0.12199562442725664
2020-02-14 00:27:00,0.17574542163288243
2020-02-14 00:30:00,0.22324953369928835
2020-02-14 00:33:00,0.18822598914385935
2020-02-14 00:36:00,0.16722043251900232
2020-02-14 00:39:00,0.1907414424887861
2020-02-14 00:42:00,0.18081779747035398
2020-02-14 00:45:00,0.1229507837246615
2020-02-14 00:48:00,0.10693557754007088
2020-02-14 00:51:00,0.16268118479513305
2020-02-14 00:54:00,0.3224990377070185
2020-02-14 00:57:00,0.22755941440522065
2020-02-14 01:00:00,0.2062266303204865
2020-02-14 01:03:00,0.24130117281998764
2020-02-14 01:06:00,0.29527633136478926
2020-02-14 01:09:00,0.2858118380094652
2020-02-14 01:12:00,0.25983287229939833
2020-02-14 01:15:00,0.24656857013440003
2020-02-14 01:18:00,0.298430340828304
2020-02-14 01:21:00,0.16328597745160778
2020-02-14 01:24:00,0.20636194225687632
2020-02-14 01:27:00,0.234013998838293
2020-02-14 01:30:00,0.22099032167739097
2020-02-14 01:33:00,0.17494125567878882
2020-02-14 01:36:00,0.2362250717442862
2020-02-14 01:39:00,0.13761437610617122
2020-02-14 01:42:00,0.21761071697682155
2020-02-14 01:45:00,0.31125042197373887
2020-02-14 01:48:00,0.17719839599908482
2020-02-14 01:51:00,0.20933279365556245
2020-02-14 01:54:00,0.22042321234056317
2020-02-14 01:57:00,0.19397688341456387
2020-02-14 02:00:00,0.2960839506202433
2020-02-14 02:03:00,0.17013362490411055
2020-02-14 02:06:00,0.2283194462777942
2020-02-14 02:09:00,0.2843659732378683
2020-02-14 02:12:00,0.25146918066087665
2020-02-14 02:15:00,0.30367863379160553
2020-02-14 02:18:00,0.3059814108001433
2020-02-14 02:21:00,0.26598048141255504
2020-02-14 02:24:00,0.2389109142649204
2020-02-14 02:27:00,0.2221483846056458
2020-02-14 02:30:00,0.30484087308440166
2020-02-14 02:33:00,0.27796912935247065
2020-02-14 02:36:00,0.22353002641398234
2020-02-14 02:39:00,0.29383670747307633
2020-02-14 02:42:00,0.28677670822816026
2020-02-14 02:45:00,0.16303549767593495
2020-02-14 02:48:00,0.1959715933567736
2020-02-14 02:51:00,0.18274325764497235
2020-02-14 02:54:00,0.22024592310424396
2020-02-14 02:57:00,0.2926606080505394
2020-02-14 03:00:00,0.28416582356845765
2020-02-14 03:03:00,0.40353728015338675
2020-02-14 03:06:00,0.43881486842713
2020-02-14 03:09:00,0.32080104233750717
2020-02-14 03:12:00,0.46047039578434124
2020-02-14 03:15:00,0.5780416166813893
2020-02-14 03:18:00,0.5546403525070787
2020-02-14 03:21:00,0.565411760364384
2020-02-14 03:24:00,0.3073169227733388
2020-02-14 03:27:00,0.4429276942865954
2020-02-14 03:30:00,0.24925206961665936
2020-02-14 03:33:00,0.2977269049953861
2020-02-14 03:36:00,0.24927310934361913
2020-02-14 03:39:00,0.32647932440869454
2020-02-14 03:42:00,0.29890945630279475
2020-02-14 03:45:00,0.259727873056363
2020-02-14 03:48:00,0.12212700732038684
2020-02-14 03:51:00,-0.05033161479423143
2020-02-14 03:54:00,0.09637407241609708
2020-02-14 03:57:00,0.23226833534278057
2020-02-14 04:00:00,0.3661926737721046
2020-02-14 04:03:00,0.29351673349151497
2020-02-14 04:06:00,0.3659453903654253
2020-02-14 04:09:00,0.30438617520923117
2020-02-14 04:12:00,0.18252670630624834
2020-02-14 04:15:00,0.13457823754231413
2020-02-14 04:18:00,0.1746653334918733
2020-02-14 04:21:00,0.11998248729940997
2020-02-14 04:24:00,0.14690207336235517
2020-02-14 04:27:00,0.1186891688142282
2020-02-14 04:30:00,0.13518527121442503
2020-02-14 04:33:00,0.10273513054147543
2020-02-14 04:36:00,0.21937379555049574
2020-02-14 04:39:00,0.182734399185847
2020-02-14 04:42:00,0.264694551312914
2020-02-14 04:45:00,0.3108218252212396
2020-02-14 04:48:00,0.2588458513722003
2020-02-14 04:51:00,0.24443693796251864
2020-02-14 04:54:00,0.2183824829710943
2020-02-14 04:57:00,0.21110520114240217
2020-02-14 05:00:00,0.2825834399183691
2020-02-14 05:03:00,0.23270561437760762
2020-02-14 05:06:00,0.25986494523937154
2020-02-14 05:09:00,0.26093322548069864
2020-02-14 05:12:00,0.2602601548468897
2020-02-14 05:15:00,0.26603621694124513
2020-02-14 05:18:00,0.22377663261664793
2020-02-14 05:21:00,0.21458181297475676
2020-02-14 05:24:00,0.20156549677858493
2020-02-14 05:27:00,0.17662741383634284
2020-02-14 05:30:00,0.22885999506092958
2020-02-14 05:33:00,0.33442968667890227
2020-02-14 05:36:00,0.30143786089519153
2020-02-14 05:39:00,0.1987200350419016
2020-02-14 05:42:00,0.23649153852142035
2020-02-14 05:45:00,0.17108614794960886
2020-02-14 05:48:00,0.26224446143413616
2020-02-14 05:51:00,0.16758011118059812
2020-02-14 05:54:00,0.32694622911162696
2020-02-14 05:57:00,0.2904576630403426
2020-02-14 06:00:00,0.27035088723869194
2020-02-14 06:03:00,0.17155935734729155
2020-02-14 06:06:00,0.34052683935402683
2020-02-14 06:09:00,0.21714533281988224
2020-02-14 06:12:00,0.2912307949580395
2020-02-14 06:15:00,0.29204766605795385
2020-02-14 06:18:00,0.2692136880900762
2020-02-14 06:21:00,0.30602534524371094
2020-02-14 06:24:00,0.269884421577558
2020-02-14 06:27:00,0.2088539771515343
2020-02-14 06:30:00,0.25939456390727855
2020-02-14 06:33:00,0.24747111281351408
2020-02-14 06:36:00,0.2119272372160026
2020-02-14 06:39:00,0.248467825130831
2020-02-14 06:42:00,0.2139997154229718
2020-02-14 06:45:00,0.2550469755441327
2020-02-14 06:48:00,0.3165861728156756
2020-02-14 06:51:00,0.23609206935503835
2020-02-14 06:54:00,0.3305140246853284
2020-02-14 06:57:00,0.198368373980486
2020-02-14 07:00:00,0.3142930998398583
2020-02-14 07:03:00,0.29463034431546475
2020-02-14 07:06:00,0.23019420583278816
2020-02-14 07:09:00,0.25603304230031654
2020-02-14 07:12:00,0.24233098323685454
2020-02-14 07:15:00,0.2518325521838847
2020-02-14 07:18:00,0.3251317819228916
2020-02-14 07:21:00,0.24819596080811834
2020-02-14 07:24:00,0.24650120180211843
2020-02-14 07:27:00,0.3102371177305372
2020-02-14 07:30:00,0.19003096452496493
2020-02-14 07:33:00,0.2544757303546703
2020-02-14 07:36:00,0.22468564709436123
2020-02-14 07:39:00,0.23520150901106263
2020-02-14 07:42:00,0.20708689783430145
2020-02-14 07:45:00,0.2822646808982654
2020-02-14 07:48:00,0.1537820684833946
2020-02-14 07:51:00,0.2974569718210205
2020-02-14 07:54:00,0.16827359312350154
2020-02-14 07:57:00,0.14556338331897223
2020-02-14 08:00:00,0.16437015050979653
2020-02-14 08:03:00,0.2323444230869427
2020-02-14 08:06:00,0.240767981086492
2020-02-14 08:09:00,0.10595406904946003
2020-02-14 08:12:00,0.16359341308452713
2020-02-14 08:15:00,0.1775906388948556
2020-02-14 08:18:00,0.09567074581252655
2020-02-14 08:21:00,0.22670070118982721
2020-02-14 08:24:00,0.26384122638233976
2020-02-14 08:27:00,0.1449290892001045
2020-02-14 08:30:00,0.1412241465278612
2020-02-14 08:33:00,0.18133432578719066
2020-02-14 08:36:00,0.16004626588323845
2020-02-14 08:39:00,0.20833063510917782
2020-02-14 08:42:00,0.1719522140210188
2020-02-14 08:45:00,0.2026057889661388
2020-02-14 08:48:00,0.17424422934186623
2020-02-14 08:51:00,0.06882398392554023
2020-02-14 08:54:00,0.08044228029689293
2020-02-14 08:57:00,0.040323512632653546
2020-02-14 09:00:00,0.09650248868229028
2020-02-14 09:03:00,0.061677637239426986
2020-02-14 09:06:00,0.060834939295034474
2020-02-14 09:09:00,0.040993274069535346
2020-02-14 09:12:00,0.15906186068849593
2020-02-14 09:15:00,0.10969993385134558
2020-02-14 09:18:00,0.04877699725130924
2020-02-14 09:21:00,0.0760265160038216
2020-02-14 09:24:00,0.1476730976579006
2020-02-14 09:27:00,0.08235693568639135
2020-02-14 09:30:00,0.02672772939092738
2020-02-14 09:33:00,0.07244975517249941
2020-02-14 09:36:00,0.08441302548868634
2020-02-14 09:39:00,-0.010233088342602059
2020-02-14 09:42:00,0.06529264875922536
2020-02-14 09:45:00,-0.04106752886781351
2020-02-14 09:48:00,-0.02702895719511389
2020-02-14 09:51:00,0.12348209952472189
2020-02-14 09:54:00,-0.017980989675436376
2020-02-14 09:57:00,0.06019213898889575
2020-02-14 10:00:00,0.0049114173119733096
2020-02-14 10:03:00,0.06133413251876618
2020-02-14 10:06:00,0.04607455843893149
2020-02-14 10:09:00,0.012692074659014452
2020-02-14 10:12:00,0.04733266275798087
2020-02-14 10:15:00,-0.05593493268872862
2020-02-14 10:18:00,-0.02149664132974749
2020-02-14 10:21:00,-0.10306627799013768
2020-02-14 10:24:00,0.05843021462504794
2020-02-14 10:27:00,0.07878099095540847
2020-02-14 10:30:00,-0.082018707352006
2020-02-14 10:33:00,-0.08987358552332125
2020-02-14 10:36:00,-0.11735515773034422
2020-02-14 10:39:00,-0.0033235827535804674
2020-02-14 10:42:00,0.011521561624874721
2020-02-14 10:45:00,0.01805479658077047
2020-02-14 10:48:00,-0.027375691911004196
2020-02-14 10:51:00,0.0655799177825429
2020-02-14 10:54:00,0.010517341024467441
2020-02-14 10:57:00,0.09092709541215527
2020-02-14 11:00:00,6.625212995459151e-05
2020-02-14 11:03:00,-0.032465360635910656
2020-02-14 11:06:00,-0.08921820630183674
2020-02-14 11:09:00,0.0017434040628927505
2020-02-14 11:12:00,-0.008283958403922043
2020-02-14 11:15:00,-0.04178495725545872
2020-02-14 11:18:00,-0.12672104474808066
2020-02-14 11:21:00,-0.08129939967170685
2020-02-14 11:24:00,0.030612973277925448
2020-02-14 11:27:00,0.06663311893453283
2020-02-14 11:30:00,0.021187139913365627
2020-02-14 11:33:00,0.009279617238064475
2020-02-14 11:36:00,0.01899256929641524
2020-02-14 11:39:00,0.12096723128661324
2020-02-14 11:42:00,0.1018973948955022
2020-02-14 11:45:00,-0.049747736011454435
2020-02-14 11:48:00,-0.15405859823289347
2020-02-14 11:51:00,-0.12160645088931687
2020-02-14 11:54:00,0.03522273913273466
2020-02-14 11:57:00,0.0015439021721590507
2020-02-14 12:00:00,-0.06020703627740431
2020-02-14 12:03:00,-0.06847494995054149
2020-02-14 12:06:00,-0.03032803587956323
2020-02-14 12:09:00,-0.013188596228246752
2020-02-14 12:12:00,0.018515789320986187
2020-02-14 12:15:00,0.011077995327070767
2020-02-14 12:18:00,-0.0852944189254572
2020-02-14 12:21:00,-0.08934954118183214
2020-02-14 12:24:00,-0.10813078134123089
2020-02-14 12:27:00,-0.09307496600177956
2020-02-14 12:30:00,-0.06778853500406967
2020-02-14 12:33:00,0.016678733408014068
2020-02-14 12:36:00,-0.044310719844077084
2020-02-14 12:39:00,0.045552553831782916
2020-02-14 12:42:00,-0.0022319423949852535
2020-02-14 12:45:00,-0.05500634771465229
2020-02-14 12:48:00,-0.10438494359328843
2020-02-14 12:51:00,-0.0714674437172107
2020-02-14 12:54:00,0.0031575503274439143
2020-02-14 12:57:00,-0.04217553214328973
2020-02-14 13:00:00,-0.10618630736138357
2020-02-14 13:03:00,-0.18124410765580024
2020-02-14 13:06:00,-0.10656111011667235
2020-02-14 13:09:00,-0.19886463822103906
2020-02-14 13:12:00,-0.11544055404527853
2020-02-14 13:15:00,-0.18264026496603947
2020-02-14 13:18:00,-0.17233637700076088
2020-02-14 13:21:00,-0.1467000405702379
2020-02-14 13:24:00,-0.23124964148297522
2020-02-14 13:27:00,-0.11437856284351255
2020-02-14 13:30:00,-0.2829341183980887
2020-02-14 13:33:00,-0.15836609922365597
2020-02-14 13:36:00,-0.11757460385877039
2020-02-14 13:39:00,-0.1642200498499733
2020-02-14 13:42:00,-0.14832341606057753
2020-02-14 13:45:00,-0.17169749334573225
2020-02-14 13:48:00,-0.13663410939983578
2020-02-14 13:51:00,-0.18924015832624264
2020-02-14 13:54:00,-0.14838073079971537
2020-02-14 13:57:00,-0.1417045098644394
2020-02-14 14:00:00,-0.2444006285311957
2020-02-14 14:03:00,-0.2935974609360983
2020-02-14 14:06:00,-0.17010717977956347
2020-02-14 14:09:00,-0.15864164078038812
2020-02-14 14:12:00,-0.17461636085329246
2020-02-14 14:15:00,-0.13644888553488954
2020-02-14 14:18:00,-0.07182124305074922
2020-02-14 14:21:00,-0.1222537245203057
2020-02-14 14:24:00,-0.059436707293855306
2020-02-14 14:27:00,-0.018269889062423772
2020-02-14 14:30:00,-0.11435579588442124
2020-02-14 14:33:00,-0.17528814184294106
2020-02-14 14:36:00,-0.1560580679865211
2020-02-14 14:39:00,-0.19248961682581012
2020-02-14 14:42:00,-0.043082605582242195
2020-02-14 14:45:00,-0.11200217460014983
2020-02-14 14:48:00,-0.12212219050792328
2020-02-14 14:51:00,-0.18877559137490607
2020-02-14 14:54:00,-0.17011427909392296
2020-02-14 14:57:00,-0.19867489772195768
2020-02-14 15:00:00,-0.23473944781324008
2020-02-14 15:03:00,-0.20982675422919783
2020-02-14 15:06:00,-0.3916494277774518
2020-02-14 15:09:00,-0.25630265615944836
2020-02-14 15:12:00,-0.22215063671268354
2020-02-14 15:15:00,-0.27375847325015457
2020-02-14 15:18:00,-0.2409578517947466
2020-02-14 15:21:00,-0.3343368112288658
2020-02-14 15:24:00,-0.39171698276425104
2020-02-14 15:27:00,-0.46667214472830665
2020-02-14 15:30:00,-0.34063299352987997
2020-02-14 15:33:00,-0.260146702913687
2020-02-14 15:36:00,-0.36782187719614967
2020-02-14 15:39:00,-0.30899920135459524
2020-02-14 15:42:00,-0.254771055125218
2020-02-14 15:45:00,-0.2819416504498804
2020-02-14 15:48:00,-0.261062218605673
2020-02-14 15:51:00,-0.24686309063014278
2020-02-14 15:54:00,-0.2658566232515227
2020-02-14 15:57:00,-0.3322042533118861
2020-02-14 16:00:00,-0.3176264913415139
2020-02-14 16:03:00,-0.23022352176298
2020-02-14 16:06:00,-0.33109516887799373
2020-02-14 16:09:00,-0.4293523780459054
2020-02-14 16:12:00,-0.4278435453011298
2020-02-14 16:15:00,-0.42381153472803135
2020-02-14 16:18:00,-0.2975753998211985
2020-02-14 16:21:00,-0.46863419678720675
2020-02-14 16:24:00,-0.4293210006986783
2020-02-14 16:27:00,-0.47776124264260034
2020-02-14 16:30:00,-0.3144606804114005
2020-02-14 16:33:00,-0.4355523084631159
2020-02-14 16:36:00,-0.4148957829714277
2020-02-14 16:39:00,-0.4871304285997553
2020-02-14 16:42:00,-0.4831549406166573
2020-02-14 16:45:00,-0.4108848383115742
2020-02-14 16:48:00,-0.4209231955857149
2020-02-14 16:51:00,-0.48230942541198374
2020-02-14 16:54:00,-0.32721236045199475
2020-02-14 16:57:00,-0.40393600236023985
2020-02-14 17:00:00,-0.4381342479813384
2020-02-14 17:03:00,-0.47398718401507267
2020-02-14 17:06:00,-0.4458421091967466
2020-02-14 17:09:00,-0.2822091752445317
2020-02-14 17:12:00,-0.42149942192207845
2020-02-14 17:15:00,-0.46618030587876547
2020-02-14 17:18:00,-0.4086697628933962
2020-02-14 17:21:00,-0.3899445025782029
2020-02-14 17:24:00,-0.3679776839420583
2020-02-14 17:27:00,-0.33591392655011987
2020-02-14 17:30:00,-0.39889638755187207
2020-02-14 17:33:00,-0.3254230134652971
2020-02-14 17:36:00,-0.4049133138121874
2020-02-14 17:39:00,-0.42568503775345334
2020-02-14 17:42:00,-0.3334730799380168
2020-02-14 17:45:00,-0.2632995989018809
2020-02-14 17:48:00,-0.38545199264399344
2020-02-14 17:51:00,-0.3479753322926058
2020-02-14 17:54:00,-0.2755653677835994
2020-02-14 17:57:00,-0.25980206644129566
2020-02-14 18:00:00,-0.3168536710702483
2020-02-14 18:03:00,-0.21611381775312566
2020-02-14 18:06:00,-0.2523907304933459
2020-02-14 18:09:00,-0.31473144166176326
2020-02-14 18:12:00,-0.28353448529094294
2020-02-14 18:15:00,-0.23288102642419517
2020-02-14 18:18:00,-0.2251014876058548
2020-02-14 18:21:00,-0.25843285388219783
2020-02-14 18:24:00,-0.10674836080050909
2020-02-14 18:27:00,-0.20670677283442274
2020-02-14 18:30:00,-0.149219946976757
2020-02-14 18:33:00,-0.20381095722507325
2020-02-14 18:36:00,-0.2519706507232513
2020-02-14 18:39:00,-0.12114402505153521
2020-02-14 18:42:00,-0.16715006192231385
2020-02-14 18:45:00,-0.17916916338532474
2020-02-14 18:48:00,-0.1407958591818783
2020-02-14 18:51:00,-0.2537815712818201
2020-02-14 18:54:00,
2020-02-14 18:57:00,
2020-02-14 19:00:00,
2020-02-14 19:03:00,-0.18777898282854721
2020-02-14 19:06:00,-0.2307804497631878
2020-02-14 19:09:00,-0.15490954499910004
2020-02-14 19:12:00,-0.17498804442152505
2020-02-14 19:15:00,-0.0857452618087109
2020-02-14 19:18:00,-0.2182714474233194
2020-02-14 19:21:00,-0.30995384900035106
2020-02-14 19:24:00,-0.1469277097183408
2020-02-14 19:27:00,-0.11476031773344175
2020-02-14 19:30:00,-0.14110548535228418
2020-02-14 19:33:00,-0.09711639435306552
2020-02-14 19:36:00,-0.1566244451488501
2020-02-14 19:39:00,-0.18768414500777908
2020-02-14 19:42:00,-0.1438218631744803
2020-02-14 19:45:00,-0.2212944945330264
2020-02-14 19:48:00,-0.181725319784789
2020-02-14 19:51:00,-0.12910379549754225
2020-02-14 19:54:00,-0.1033680857403283
2020-02-14 19:57:00,-0.010852221647724036
2020-02-14 20:00:00,-0.08791658462581609
2020-02-14 20:03:00,-0.006816073864229111
2020-02-14 20:06:00,-0.05864865098743621
2020-02-14 20:09:00,-0.07714057487584114
2020-02-14 20:12:00,-0.08637960730118266
2020-02-14 20:15:00,-0.07904290458975538
2020-02-14 20:18:00,0.10031002770887198
2020-02-14 20:21:00,-0.10178271815897233
2020-02-14 20:24:00,-0.02423729399822605
2020-02-14 20:27:00,-0.0286593435641862
2020-02-14 20:30:00,0.027380087362757877
2020-02-14 20:33:00,0.06642427292604225
2020-02-14 20:36:00,-0.03982998915682856
2020-02-14 20:39:00,-0.05562748371028192
2020-02-14 20:42:00,-0.09195385099150144
2020-02-14 20:45:00,-0.05561711616485354
2020-02-14 20:48:00,-0.1121639987530898
2020-02-14 20:51:00,0.0018276990132335413
2020-02-14 20:54:00,-0.013860288503394713
2020-02-14 20:57:00,-0.03115744277209842
2020-02-14 21:00:00,-0.02693093728032636
2020-02-14 21:03:00,-0.050086375282489826
2020-02-14 21:06:00,-0.05777235829003757
2020-02-14 21:09:00,0.076204150731769
2020-02-14 21:12:00,0.11176892290336582
2020-02-14 21:15:00,-0.04109007247933505
2020-02-14 21:18:00,-0.06990002257742844
2020-02-14 21:21:00,-0.12667550578237297
2020-02-14 21:24:00,-0.11119618446122104
2020-02-14 21:27:00,-0.03968337075866657
2020-02-14 21:30:00,0.06669672296391127
2020-02-14 21:33:00,0.0656722302661592
2020-02-14 21:36:00,0.04557206502846611
2020-02-14 21:39:00,0.041535394660229485
2020-02-14 21:42:00,0.007594172825122314
2020-02-14 21:45:00,-0.012315015834587939
2020-02-14 21:48:00,0.02947268154741778
2020-02-14 21:51:00,-0.00020405886999697032
2020-02-14 21:54:00,0.12889059957558402
2020-02-14 21:57:00,0.0646931939814408
2020-02-14 22:00:00,0.07440559573393557
2020-02-14 22:03:00,0.134926000747555
2020-02-14 22:06:00,0.10060464824312021
2020-02-14 22:09:00,0.06698207485311514
2020-02-14 22:12:00,-0.051486062841888725
2020-02-14 22:15:00,0.062349597949605595
2020-02-14 22:18:00,0.07790777718236086
2020-02-14 22:21:00,0.007916568178870875
2020-02-14 22:24:00,0.11628449804533147
2020-02-14 22:27:00,0.05656503238503774
2020-02-14 22:30:00,0.1850568028435191
2020-02-14 22:33:00,0.06742234339208153
2020-02-14 22:36:00,0.030515009872942755
2020-02-14 22:39:00,-0.0463073334475439
2020-02-14 22:42:00,0.09584910239237843
2020-02-14 22:45:00,0.09087057863212067
2020-02-14 22:48:00,0.09566564569399816
2020-02-14 22:51:00,0.09484134542520906
2020-02-14 22:54:00,0.08343494806547369
2020-02-14 22:57:00,0.0031000948618498114
2020-02-14 23:00:00,0.10229599765966668
2020-02-14 23:03:00,0.09105047377533992
2020-02-14 23:06:00,0.030724281056848213
2020-02-14 23:09:00,0.09567515701655793
2020-02-14 23:12:00,0.09593589957427184
2020-02-14 23:15:00,-0.040244814247159866
2020-02-14 23:18:00,-0.05710270368052761
2020-02-14 23:21:00,0.0011385857054051485
2020-02-14 23:24:00,-0.0008759229397128365
2020-02-14 23:27:00,0.06941409536005949
2020-02-14 23:30:00,0.06876266985329949
2020-02-14 23:33:00,0.13515964774552458
2020-02-14 23:36:00,0.1201359754543887
2020-02-14 23:39:00,0.054159444391643774
2020-02-14 23:42:00,0.09029225270404595
2020-02-14 23:45:00,0.025669711844273024
2020-02-14 23:48:00,0.13492161689225668
2020-02-14 23:51:00,0.08318610013992611
2020-02-14 23:54:00,0.11262179890854895
2020-02-14 23:57:00,0.1254974045268682
2020-02-15 00:00:00,0.11516071915531256
2020-02-15 00:03:00,0.034294192209472385
2020-02-15 00:06:00,0.13221454692916268
2020-02-15 00:09:00,0.11030010310525995
2020-02-15 00:12:00,0.05944037906351696
2020-02-15 00:15:00,0.06676740600238418
2020-02-15 00:18:00,0.07367724783307494
2020-02-15 00:21:00,0.1216565916156469
2020-02-15 00:24:00,0.1534934371479153
2020-02-15 00:27:00,0.11075780938261914
2020-02-15 00:30:00,0.048947180871323326
2020-02-15 00:33:00,0.04928722001244523
2020-02-15 00:36:00,0.11496279074935956
2020-02-15 00:39:00,0.11389533494815396
2020-02-15 00:42:00,0.11997051632187095
2020-02-15 00:45:00,0.06019282919675106
2020-02-15 00:48:00,0.05466299494554505
2020-02-15 00:51:00,0.19858930992961632
2020-02-15 00:54:00,0.05953125449491381
2020-02-15 00:57:00,0.10478835834896927
2020-02-15 01:00:00,0.14248087577823298
2020-02-15 01:03:00,0.15042414765923695
2020-02-15 01:06:00,0.12585048761735607
2020-02-15 01:09:00,0.14886047652453271
2020-02-15 01:12:00,0.04493272835901507
2020-02-15 01:15:00,0.08476749596871969
2020-02-15 01:18:00,0.040024172912183076
2020-02-15 01:21:00,0.12160575707332555
2020-02-15 01:24:00,0.12816966153650355
2020-02-15 01:27:00,0.023966770705271756
2020-02-15 01:30:00,-0.00010444026440836751
2020-02-15 01:33:00,0.21819229290935027
2020-02-15 01:36:00,0.15894215046631643
2020-02-15 01:39:00,0.17681373584008497
2020-02-15 01:42:00,0.09067773429637782
2020-02-15 01:45:00,0.09602394353680666
2020-02-15 01:48:00,0.1263593368491911
2020-02-15 01:51:00,0.06553513267584776
2020-02-15 01:54:00,0.17653441409663628
2020-02-15 01:57:00,0.11730273543696512
2020-02-15 02:00:00,0.06548970571770951
2020-02-15 02:03:00,0.20839136033873729
2020-02-15 02:06:00,0.08744180726006334
2020-02-15 02:09:00,0.1599042965687545
2020-02-15 02:12:00,0.1825182556992786
2020-02-15 02:15:00,0.09039167641657286
2020-02-15 02:18:00,0.12801303324999935
2020-02-15 02:21:00,0.13986439291380748
2020-02-15 02:24:00,0.16336341542887567
2020-02-15 02:27:00,0.12521598031179337
2020-02-15 02:30:00,0.09507794506737355
2020-02-15 02:33:00,0.08960816485478063
2020-02-15 02:36:00,0.10089028003721978
2020-02-15 02:39:00,0.09703508874542877
2020-02-15 02:42:00,0.0894506016215928
2020-02-15 02:45:00,0.1342617050417516
2020-02-15 02:48:00,0.27204646156974377
2020-02-15 02:51:00,0.33328573323353794
2020-02-15 02:54:00,0.22565945563133027
2020-02-15 02:57:00,0.2873978219643618
2020-02-15 03:00:00,0.2329544746968395
2020-02-15 03:03:00,0.1961169656220818
2020-02-15 03:06:00,0.17275673541325887
2020-02-15 03:09:00,0.12401436646536013
2020-02-15 03:12:00,0.06330404710439552
2020-02-15 03:15:00,0.15728900747518537
2020-02-15 03:18:00,0.08375102179491023
2020-02-15 03:21:00,0.0681454858251982
2020-02-15 03:24:00,0.09667977254059679
2020-02-15 03:27:00,0.18998460121093785
2020-02-15 03:30:00,0.13332208151712166
2020-02-15 03:33:00,0.24676965351522995
2020-02-15 03:36:00,0.2945234640474723
2020-02-15 03:39:00,0.248253191130118
2020-02-15 03:42:00,0.2617255179328595
2020-02-15 03:45:00,0.32349374401229625
2020-02-15 03:48:00,0.2950503033541736
2020-02-15 03:51:00,0.30495393318193464
2020-02-15 03:54:00,0.3462717329777547
2020-02-15 03:57:00,0.36085640052641565
2020-02-15 04:00:00,0.46810061889391363
2020-02-15 04:03:00,0.3708058483622949
2020-02-15 04:06:00,0.33781350299511814
2020-02-15 04:09:00,0.45400131335429705
2020-02-15 04:12:00,0.3264050798268272
2020-02-15 04:15:00,0.33078220961374427
2020-02-15 04:18:00,0.3409737626543574
2020-02-15 04:21:00,0.40521701362570184
2020-02-15 04:24:00,0.4154231396347541
2020-02-15 04:27:00,0.3711286812425101
2020-02-15 04:30:00,0.3555730510795456
2020-02-15 04:33:00,0.36492594655987887
2020-02-15 04:36:00,0.3073743608409245
2020-02-15 04:39:00,0.29918415384111086
2020-02-15 04:42:00,0.3837922871430237
2020-02-15 04:45:00,0.334808295344601
2020-02-15 04:48:00,0.3828585100302462
2020-02-15 04:51:00,0.3732921136082723
2020-02-15 04:54:00,0.3962038264250509
2020-02-15 04:57:00,0.307591225379781
2020-02-15 05:00:00,0.3395834535406266
2020-02-15 05:03:00,0.33528083255640695
2020-02-15 05:06:00,0.39054516422680763
2020-02-15 05:09:00,0.35878973486637733
2020-02-15 05:12:00,0.36147714554419963
2020-02-15 05:15:00,0.3240674842172666
2020-02-15 05:18:00,0.41232728536783725
2020-02-15 05:21:00,0.3500922756693967
2020-02-15 05:24:00,0.38832242869187894
2020-02-15 05:27:00,0.27790880301125753
2020-02-15 05:30:00,0.3621866239577116
2020-02-15 05:33:00,0.2674404247098323
2020-02-15 05:36:00,0.3517205650800861
2020-02-15 05:39:00,0.30473089472297943
2020-02-15 05:42:00,0.3271601864512945
2020-02-15 05:45:00,0.38222319379735836
2020-02-15 05:48:00,0.27750717032751027
2020-02-15 05:51:00,0.32546040539222076
2020-02-15 05:54:00,0.3469592763429432
2020-02-15 05:57:00,0.3560754563902151
2020-02-15 06:00:00,0.41356435381715073
2020-02-15 06:03:00,0.32947164672378904
2020-02-15 06:06:00,0.3740995385871315
2020-02-15 06:09:00,0.3233990623870113
2020-02-15 06:12:00,0.34287879058325643
2020-02-15 06:15:00,0.3296242038022683
2020-02-15 06:18:00,0.3160391011775232
2020-02-15 06:21:00,0.2883175680569252
2020-02-15 06:24:00,0.34185253668931637
2020-02-15 06:27:00,0.36288592308500256
2020-02-15 06:30:00,0.3425679162886013
2020-02-15 06:33:00,0.2949874773304373
2020-02-15 06:36:00,0.33287570767316765
2020-02-15 06:39:00,0.3632126778890097
2020-02-15 06:42:00,0.31363483717137797
2020-02-15 06:45:00,0.3719275446254642
2020-02-15 06:48:00,0.2919948092409186
2020-02-15 06:51:00,0.4563712300387692
2020-02-15 06:54:00,0.31540463708824973
2020-02-15 06:57:00,0.3196641969125835
2020-02-15 07:00:00,0.2940847101692725
2020-02-15 07:03:00,0.21824231689333828
2020-02-15 07:06:00,0.34606695518789365
2020-02-15 07:09:00,0.3397029332347188
2020-02-15 07:12:00,0.2896330695181746
2020-02-15 07:15:00,0.31428252925650213
2020-02-15 07:18:00,0.3508565385099587
2020-02-15 07:21:00,0.30350942034965556
2020-02-15 07:24:00,0.3337694760316481
2020-02-15 07:27:00,0.30348724299824426
2020-02-15 07:30:00,0.32236716415059163
2020-02-15 07:33:00,0.36083418468177797
2020-02-15 07:36:00,0.32177456318231634
2020-02-15 07:39:00,0.38449936382340866
2020-02-15 07:42:00,0.256315983890147
2020-02-15 07:45:00,0.3012327209530099
2020-02-15 07:48:00,0.31971503502461474
2020-02-15 07:51:00,0.3594366169259615
2020-02-15 07:54:00,0.2794905913160619
2020-02-15 07:57:00,0.3358259795145955
2020-02-15 08:00:00,0.28303511081560373
2020-02-15 08:03:00,0.2720614981788003
2020-02-15 08:06:00,0.37527402566297496
2020-02-15 08:09:00,0.27398708059297405
2020-02-15 08:12:00,0.33199391233205233
2020-02-15 08:15:00,0.3342070222877851
2020-02-15 08:18:00,0.3885467365549857
2020-02-15 08:21:00,0.301038936879479
2020-02-15 08:24:00,0.3716355798657105
2020-02-15 08:27:00,0.29744239670520756
2020-02-15 08:30:00,0.3143588510106383
2020-02-15 08:33:00,0.22230034697935253
2020-02-15 08:36:00,0.2347043141722338
2020-02-15 08:39:00,0.34040632908346424
2020-02-15 08:42:00,0.223106481677803
2020-02-15 08:45:00,0.2812730717529348
2020-02-15 08:48:00,0.24010913183735738
2020-02-15 08:51:00,0.2907012068893664
2020-02-15 08:54:00,0.20861443906807153
2020-02-15 08:57:00,0.2610243006165547
2020-02-15 09:00:00,0.17588856174154444
2020-02-15 09:03:00,0.24057939714560916
2020-02-15 09:06:00,0.19538054635370372
2020-02-15 09:09:00,0.17309263329445912
2020-02-15 09:12:00,0.1419862063514188
2020-02-15 09:15:00,0.16654694762308964
2020-02-15 09:18:00,0.15762068043244426
2020-02-15 09:21:00,0.1662071134865073
2020-02-15 09:24:00,0.1641514947206133
2020-02-15 09:27:00,0.19339978175071337
2020-02-15 09:30:00,0.2979035501916769
2020-02-15 09:33:00,0.13616557060629475
2020-02-15 09:36:00,0.218379843951368
2020-02-15 09:39:00,0.13336505123834286
2020-02-15 09:42:00,0.10812751811096177
2020-02-15 09:45:00,0.1997977466555767
2020-02-15 09:48:00,0.13446829907809388
2020-02-15 09:51:00,0.08963829083927521
2020-02-15 09:54:00,0.09627845918288358
2020-02-15 09:57:00,0.12164776977556357
2020-02-15 10:00:00,0.15890051770077207
2020-02-15 10:03:00,0.185155663783803
2020-02-15 10:06:00,0.14093206633793898
2020-02-15 10:09:00,0.12478964101882184
2020-02-15 10:12:00,0.1447987349912978
2020-02-15 10:15:00,0.21052857296905358
2020-02-15 10:18:00,0.0919220778226304
2020-02-15 10:21:00,0.17479503151446352
2020-02-15 10:24:00,0.154077158005407
2020-02-15 10:27:00,0.11517277569095086
2020-02-15 10:30:00,0.04017564457808476
2020-02-15 10:33:00,0.08037860860105184
2020-02-15 10:36:00,0.06849842556829344
2020-02-15 10:39:00,0.020358370562178152
2020-02-15 10:42:00,0.039270498180940194
2020-02-15 10:45:00,-0.013169707070858294
2020-02-15 10:48:00,-0.00034005412322812845
2020-02-15 10:51:00,-0.0013523888875965895
2020-02-15 10:54:00,-0.04912430525803302
2020-02-15 10:57:00,-0.01034627593321602
2020-02-15 11:00:00,-0.04680779646730571
2020-02-15 11:03:00,-0.15989448236763337
2020-02-15 11:06:00,-0.1421976831189795
2020-02-15 11:09:00,-0.09930607897246091
2020-02-15 11:12:00,-0.31942996946997937
2020-02-15 11:15:00,-0.18631306610927822
2020-02-15 11:18:00,-0.08562180767370364
2020-02-15 11:21:00,-0.1632617212275136
2020-02-15 11:24:00,-0.277317415675725
2020-02-15 11:27:00,-0.2124596267040033
2020-02-15 11:30:00,-0.17653652187487978
2020-02-15 11:33:00,-0.2439582173399799
2020-02-15 11:36:00,-0.19437927315311754
2020-02-15 11:39:00,-0.1855021508382606
2020-02-15 11:42:00,-0.2722829509459075
2020-02-15 11:45:00,-0.2520127980715188
2020-02-15 11:48:00,-0.34729959252268827
2020-02-15 11:51:00,-0.30968976379853075
2020-02-15 11:54:00,-0.3236241769677122
2020-02-15 11:57:00,-0.30142418622557443
2020-02-15 12:00:00,-0.3264186250116268
2020-02-15 12:03:00,-0.26761541108675146
2020-02-15 12:06:00,-0.20300741794784471
2020-02-15 12:09:00,-0.29125644072740897
2020-02-15 12:12:00,-0.381125871459858
2020-02-15 12:15:00,-0.35515292530834586
2020-02-15 12:18:00,-0.39661045158317165
2020-02-15 12:21:00,-0.3869860308359421
2020-02-15 12:24:00,-0.3121781637817094
2020-02-15 12:27:00,-0.2774694843853922
2020-02-15 12:30:00,-0.3944771705177459
2020-02-15 12:33:00,-0.29282557785859353
2020-02-15 12:36:00,-0.28641823269890665
2020-02-15 12:39:00,-0.31676545287012914
2020-02-15 12:42:00,-0.3612395041316745
2020-02-15 12:45:00,-0.3416727831697699
2020-02-15 12:48:00,-0.29452515179269767
2020-02-15 12:51:00,-0.33699929303753606
2020-02-15 12:54:00,-0.23823629560359905
2020-02-15 12:57:00,-0.31810956368576626
2020-02-15 13:00:00,-0.3326371609560397
2020-02-15 13:03:00,-0.33523369503075173
2020-02-15 13:06:00,-0.23617367640099474
2020-02-15 13:09:00,-0.3174885646049006
2020-02-15 13:12:00,-0.3195574082322423
2020-02-15 13:15:00,-0.2089589372546925
2020-02-15 13:18:00,-0.34383994310275057
2020-02-15 13:21:00,-0.2043900980556259
2020-02-15 13:24:00,-0.3275722971984578
2020-02-15 13:27:00,-0.32382036914924583
2020-02-15 13:30:00,-0.19907855845252698
2020-02-15 13:33:00,-0.3079308533894505
2020-02-15 13:36:00,-0.33790471788063314
2020-02-15 13:39:00,-0.257183911767072
2020-02-15 13:42:00,-0.33355505487082837
2020-02-15 13:45:00,-0.31429368772376165
2020-02-15 13:48:00,-0.31347683018327643
2020-02-15 13:51:00,-0.32648308572277074
2020-02-15 13:54:00,-0.38062036464839366
2020-02-15 13:57:00,-0.2528099680188234
2020-02-15 14:00:00,-0.3009381662902797
2020-02-15 14:03:00,-0.2902538533671759
2020-02-15 14:06:00,-0.22575216889367766
2020-02-15 14:09:00,-0.31805939354802604
2020-02-15 14:12:00,-0.3139592871606851
2020-02-15 14:15:00,-0.2987682590693339
2020-02-15 14:18:00,-0.33674266787346596
2020-02-15 14:21:00,-0.41133741578357785
2020-02-15 14:24:00,-0.4062380823467038
2020-02-15 14:27:00,-0.35540432388796717
2020-02-15 14:30:00,-0.3596692405556041
2020-02-15 14:33:00,-0.36318073923820293
2020-02-15 14:36:00,-0.38926756280250174
2020-02-15 14:39:00,-0.3196460277074493
2020-02-15 14:42:00,-0.3662446998469022
2020-02-15 14:45:00,-0.3340987429880329
2020-02-15 14:48:00,-0.4069665553321329
2020-02-15 14:51:00,-0.3525204401803421
2020-02-15 14:54:00,-0.4646250938325238
2020-02-15 14:57:00,-0.3772275240370959
2020-02-15 15:00:00,-0.42693899460607554
2020-02-15 15:03:00,-0.3393726160986148
2020-02-15 15:06:00,-0.48675888898139874
2020-02-15 15:09:00,-0.41602296568510155
2020-02-15 15:12:00,-0.36108052953596825
2020-02-15 15:15:00,-0.4163436248516632
2020-02-15 15:18:00,-0.2902006085519133
2020-02-15 15:21:00,-0.4647597160163741
2020-02-15 15:24:00,-0.38107913201889687
2020-02-15 15:27:00,-0.3731270005400802
2020-02-15 15:30:00,-0.37578900817123895
2020-02-15 15:33:00,-0.40785564899420024
2020-02-15 15:36:00,-0.45512369211957093
2020-02-15 15:39:00,-0.37490086257264466
2020-02-15 15:42:00,-0.3570951136076701
2020-02-15 15:45:00,-0.358947408117956
2020-02-15 15:48:00,-0.40464943943993603
2020-02-15 15:51:00,-0.3577813238422891
2020-02-15 15:54:00,-0.47046169631806833
2020-02-15 15:57:00,-0.3858928903631522
2020-02-15 16:00:00,-0.4095235118309688
2020-02-15 16:03:00,-0.414175197141617
2020-02-15 16:06:00,-0.34431216989582936
2020-02-15 16:09:00,-0.41462510284299015
2020-02-15 16:12:00,-0.3240787459089347
2020-02-15 16:15:00,-0.4199952793915145
2020-02-15 16:18:00,-0.35479424665567194
2020-02-15 16:21:00,-0.37348117115510604
2020-02-15 16:24:00,-0.4285926811148215
2020-02-15 16:27:00,-0.4697275730800925
2020-02-15 16:30:00,-0.4117356022090348
2020-02-15 16:33:00,-0.4205282148598144
2020-02-15 16:36:00,-0.3919100145491825
2020-02-15 16:39:00,-0.4693470288466415
2020-02-15 16:42:00,-0.4590938837136491
2020-02-15 16:45:00,-0.354440674963314
2020-02-15 16:48:00,-0.37757306632971677
2020-02-15 16:51:00,-0.4214508521930611
2020-02-15 16:54:00,-0.3568496033006454
2020-02-15 16:57:00,-0.4370488784592794
2020-02-15 17:00:00,-0.4267317613505952
2020-02-15 17:03:00,-0.40188637310910735
2020-02-15 17:06:00,-0.4548611161840199
2020-02-15 17:09:00,-0.3856029505855645
2020-02-15 17:12:00,-0.4278233504061859
2020-02-15 17:15:00,-0.41030288738409126
2020-02-15 17:18:00,-0.3336107555970784
2020-02-15 17:21:00,-0.40624428354965403
2020-02-15 17:24:00,-0.44504719643902035
2020-02-15 17:27:00,-0.48488651934781046
2020-02-15 17:30:00,-0.4909229331579468
2020-02-15 17:33:00,-0.4589938688607731
2020-02-15 17:36:00,-0.41322458112745153
2020-02-15 17:39:00,-0.41266040472277155
2020-02-15 17:42:00,-0.38828873868141045
2020-02-15 17:45:00,-0.35078524824001533
2020-02-15 17:48:00,-0.5052005530667429
2020-02-15 17:51:00,-0.41227785711970455
2020-02-15 17:54:00,-0.40436819050245276
2020-02-15 17:57:00,-0.5026487184204598
2020-02-15 18:00:00,-0.3917740172318531
2020-02-15 18:03:00,-0.3712637458623931
2020-02-15 18:06:00,-0.3905038898914768
2020-02-15 18:09:00,-0.3265813819911614
2020-02-15 18:12:00,-0.3542282632157594
2020-02-15 18:15:00,-0.3561932119399671
2020-02-15 18:18:00,-0.33144397707525286
2020-02-15 18:21:00,-0.28287047712296953
2020-02-15 18:24:00,-0.3274526063558483
2020-02-15 18:27:00,-0.3603996485104517
2020-02-15 18:30:00,-0.3232194353427076
2020-02-15 18:33:00,-0.3242632333735287
2020-02-15 18:36:00,-0.2827471849997778
2020-02-15 18:39:00,-0.285689445733567
2020-02-15 18:42:00,-0.2922712472261537
2020-02-15 18:45:00,-0.19410346889833363
2020-02-15 18:48:00,-0.27350473111459905
2020-02-15 18:51:00,-0.2845468642620972
2020-02-15 18:54:00,-0.250298811116636
2020-02-15 18:57:00,
2020-02-15 19:00:00,
2020-02-15 19:03:00,-0.13652417364488656
2020-02-15 19:06:00,-0.30813183018051404
2020-02-15 19:09:00,-0.20153296072129478
2020-02-15 19:12:00,-0.11187209051843183
2020-02-15 19:15:00,-0.13940437062854016
2020-02-15 19:18:00,-0.13246224036237209
2020-02-15 19:21:00,-0.10943452860846037
2020-02-15 19:24:00,-0.18699711025612942
2020-02-15 19:27:00,-0.10120357216408138
2020-02-15 19:30:00,-0.1577801454988048
2020-02-15 19:33:00,-0.21103751018472394
2020-02-15 19:36:00,-0.1878903392621396
2020-02-15 19:39:00,-0.1198956724023219
2020-02-15 19:42:00,-0.16147909833455287
2020-02-15 19:45:00,-0.11325375103211854
2020-02-15 19:48:00,-0.2184805104648717
2020-02-15 19:51:00,-0.22827649683671325
2020-02-15 19:54:00,-0.1151923182009682
2020-02-15 19:57:00,-0.18541943512462922
2020-02-15 20:00:00,-0.12126393064067997
2020-02-15 20:03:00,-0.15017227081403917
2020-02-15 20:06:00,-0.10508316962170738
2020-02-15 20:09:00,-0.25709754861890133
2020-02-15 20:12:00,-0.14365131529251585
2020-02-15 20:15:00,-0.12678251566188692
2020-02-15 20:18:00,-0.10207220251862736
2020-02-15 20:21:00,-0.19876776145741815
2020-02-15 20:24:00,-0.07281832536705224
2020-02-15 20:27:00,-0.1408430448298077
2020-02-15 20:30:00,-0.08811539079147224
2020-02-15 20:33:00,-0.1315532890375266
2020-02-15 20:36:00,-0.08785301109509192
2020-02-15 20:39:00,-0.05962709919668896
2020-02-15 20:42:00,-0.015058995565198074
2020-02-15 20:45:00,-0.019302189439258655
2020-02-15 20:48:00,-0.08049255604544214
2020-02-15 20:51:00,-0.08045027197834997
2020-02-15 20:54:00,-0.018985060483601046
2020-02-15 20:57:00,-0.058708498273233545
2020-02-15 21:00:00,-0.06705870251761326
2020-02-15 21:03:00,-0.06483832015396729
2020-02-15 21:06:00,0.03248219091625515
2020-02-15 21:09:00,0.056640030255380225
2020-02-15 21:12:00,0.023728680326371432
2020-02-15 21:15:00,0.037363123254635866
2020-02-15 21:18:00,0.04718285707889436
2020-02-15 21:21:00,-0.04775317059647932
2020-02-15 21:24:00,0.09778456670215974
2020-02-15 21:27:00,0.016267665956547717
2020-02-15 21:30:00,0.031548912289508735
2020-02-15 21:33:00,0.0004341354376151685
2020-02-15 21:36:00,0.09496856761796835
2020-02-15 21:39:00,0.08598060495842219
2020-02-15 21:42:00,0.05435944929536163
2020-02-15 21:45:00,0.08088287000720129
2020-02-15 21:48:00,0.16284140635286803
2020-02-15 21:51:00,0.0313041674581882
2020-02-15 21:54:00,0.05914270199667726
2020-02-15 21:57:00,0.053168012035143875
2020-02-15 22:00:00,0.04816423372318468
2020-02-15 22:03:00,0.16480181955842
2020-02-15 22:06:00,0.0310249572179373
2020-02-15 22:09:00,0.0195348390530512
2020-02-15 22:12:00,0.09977135343694954
2020-02-15 22:15:00,0.047789240449560566
2020-02-15 22:18:00,0.09707483746001344
2020-02-15 22:21:00,0.11799486358728473
2020-02-15 22:24:00,0.10979684958056168
2020-02-15 22:27:00,0.15178109023668185
2020-02-15 22:30:00,0.21430786779228583
2020-02-15 22:33:00,0.06878816053210812
2020-02-15 22:36:00,0.10184736192724131
2020-02-15 22:39:00,0.1828568789159135
2020-02-15 22:42:00,0.05571973992459789
2020-02-15 22:45:00,0.0728228593179665
2020-02-15 22:48:00,0.08294150879976314
2020-02-15 22:51:00,0.035166991132712155
2020-02-15 22:54:00,0.09053373185571445
2020-02-15 22:57:00,0.21874246023941168
2020-02-15 23:00:00,0.1437463257551599
2020-02-15 23:03:00,0.10828252888433099
2020-02-15 23:06:00,0.1709226540610871
2020-02-15 23:09:00,0.09609983055764815
2020-02-15 23:12:00,0.15653674106056314
2020-02-15 23:15:00,0.16131219260711305
2020-02-15 23:18:00,0.11988838117844125
2020-02-15 23:21:00,0.16146560803838383
2020-02-15 23:24:00,0.14539835102675625
2020-02-15 23:27:00,0.042113143243796
2020-02-15 23:30:00,0.11156723864286278
2020-02-15 23:33:00,0.13640887281468395
2020-02-15 23:36:00,0.029905250489719037
2020-02-15 23:39:00,0.10571367974711166
2020-02-15 23:42:00,0.02087703757734971
2020-02-15 23:45:00,0.10157500599490277
2020-02-15 23:48:00,0.055188537096569235
2020-02-15 23:51:00,0.032335860342016076
2020-02-15 23:54:00,0.07217862673030595
2020-02-15 23:57:00,0.1626020235019041
2020-02-16 00:00:00,0.01823966807984334
2020-02-16 00:03:00,0.08792017536978847
2020-02-16 00:06:00,0.11748819666848931
2020-02-16 00:09:00,0.06591934583735792
2020-02-16 00:12:00,0.061676853252947694
2020-02-16 00:15:00,0.160310817488039
2020-02-16 00:18:00,0.09751113143175871
2020-02-16 00:21:00,0.14745614087235026
2020-02-16 00:24:00,0.10883966354049335
2020-02-16 00:27:00,0.1925693055908937
2020-02-16 00:30:00,0.23011108654122836
2020-02-16 00:33:00,0.13468474814402498
2020-02-16 00:36:00,0.06391132051231807
2020-02-16 00:39:00,0.1829049998708001
2020-02-16 00:42:00,0.1541526335259391
2020-02-16 00:45:00,0.10804113429270501
2020-02-16 00:48:00,0.15238867544593404
2020-02-16 00:51:00,0.17860318368690287
2020-02-16 00:54:00,0.12961280850680623
2020-02-16 00:57:00,0.10815401468011032
2020-02-16 01:00:00,0.06324880647366626
2020-02-16 01:03:00,0.14550576895163658
2020-02-16 01:06:00,0.10266736410346766
2020-02-16 01:09:00,0.18029155424710552
2020-02-16 01:12:00,0.17310352518637728
2020-02-16 01:15:00,0.13548872384990318
2020-02-16 01:18:00,0.13970046506722156
2020-02-16 01:21:00,0.061182319692420606
2020-02-16 01:24:00,0.21304525473169633
2020-02-16 01:27:00,0.10413454298821989
2020-02-16 01:30:00,0.16117251409895061
2020-02-16 01:33:00,0.21327563248337356
2020-02-16 01:36:00,0.17862966080599563
2020-02-16 01:39:00,0.10478579497396368
2020-02-16 01:42:00,0.17640293559230713
2020-02-16 01:45:00,0.2074696836508565
2020-02-16 01:48:00,0.11387706516819662
2020-02-16 01:51:00,0.10926385024913543
2020-02-16 01:54:00,0.15308455789795516
2020-02-16 01:57:00,0.17830936397336927
2020-02-16 02:00:00,0.08375423361627554
2020-02-16 02:03:00,0.1465313801103889
2020-02-16 02:06:00,0.18167291082056636
2020-02-16 02:09:00,0.19598637862213764
2020-02-16 02:12:00,0.13929454933770558
2020-02-16 02:15:00,0.1330075481386075
2020-02-16 02:18:00,0.1394074007834547
2020-02-16 02:21:00,0.10293608941412913
2020-02-16 02:24:00,0.130652075120679
2020-02-16 02:27:00,0.09117088182756561
2020-02-16 02:30:00,0.09171697310728177
2020-02-16 02:33:00,0.15368976341784446
2020-02-16 02:36:00,0.13847757805001493
2020-02-16 02:39:00,0.19975359014779315
2020-02-16 02:42:00,0.22489448589567473
2020-02-16 02:45:00,0.2567022026411223
2020-02-16 02:48:00,0.07251546451220747
2020-02-16 02:51:00,0.17119356132201347
2020-02-16 02:54:00,0.12988197078834673
2020-02-16 02:57:00,0.24017742974689327
2020-02-16 03:00:00,0.20058573150765824
2020-02-16 03:03:00,0.2563280074779186
2020-02-16 03:06:00,0.1985536075995924
2020-02-16 03:09:00,0.21460849215225153
2020-02-16 03:12:00,0.16714494951941106
2020-02-16 03:15:00,0.23612473049684013
2020-02-16 03:18:00,0.30051583855947683
2020-02-16 03:21:00,0.24235703263241248
2020-02-16 03:24:00,0.24611115895504554
2020-02-16 03:27:00,0.17878711637712286
2020-02-16 03:30:00,0.19409854683755157
2020-02-16 03:33:00,0.29225244931910765
2020-02-16 03:36:00,0.23215032962741589
2020-02-16 03:39:00,0.14832077145638323
2020-02-16 03:42:00,0.20605426669555982
2020-02-16 03:45:00,0.15927949334439973
2020-02-16 03:48:00,0.288278283174634
2020-02-16 03:51:00,0.16920245185946214
2020-02-16 03:54:00,0.2130029695480289
2020-02-16 03:57:00,0.18089256491020933
2020-02-16 04:00:00,0.26577256749118305
2020-02-16 04:03:00,0.2072115294059813
2020-02-16 04:06:00,0.2184671148770576
2020-02-16 04:09:00,0.19701703082336053
2020-02-16 04:12:00,0.2740453785806949
2020-02-16 04:15:00,0.23198016937112698
2020-02-16 04:18:00,0.2079326453374506
2020-02-16 04:21:00,0.20721451981603423
2020-02-16 04:24:00,0.20886375901318388
2020-02-16 04:27:00,0.1964106731518882
2020-02-16 04:30:00,0.14702890497898125
2020-02-16 04:33:00,0.20831825349017663
2020-02-16 04:36:00,0.1761249486272618
2020-02-16 04:39:00,0.24643595542357843
2020-02-16 04:42:00,0.21185250337595107
2020-02-16 04:45:00,0.2234056371647739
2020-02-16 04:48:00,0.20278070147764993
2020-02-16 04:51:00,0.2870488390234982
2020-02-16 04:54:00,0.15234488923886147
2020-02-16 04:57:00,0.15639151476989355
2020-02-16 05:00:00,0.17826945302931563
2020-02-16 05:03:00,0.25602592113159517
2020-02-16 05:06:00,0.23953611411025122
2020-02-16 05:09:00,0.24861954324927638
2020-02-16 05:12:00,0.31416394674414505
2020-02-16 05:15:00,0.37293931812894243
2020-02-16 05:18:00,0.3300824931300781
2020-02-16 05:21:00,0.26539548957464376
2020-02-16 05:24:00,0.3322951512539589
2020-02-16 05:27:00,0.3509135105128962
2020-02-16 05:30:00,0.3258842920662346
2020-02-16 05:33:00,0.361746445126073
2020-02-16 05:36:00,0.30528796838626704
2020-02-16 05:39:00,0.2480415259639699
2020-02-16 05:42:00,0.26292758311052467
2020-02-16 05:45:00,0.2447914404459084
2020-02-16 05:48:00,0.2815848380504349
2020-02-16 05:51:00,0.29433928236477414
2020-02-16 05:54:00,0.19763905279876326
2020-02-16 05:57:00,0.20704874097640413
2020-02-16 06:00:00,0.36618089056281633
2020-02-16 06:03:00,0.3021673831111684
2020-02-16 06:06:00,0.23945295710586834
2020-02-16 06:09:00,0.24963690056290488
2020-02-16 06:12:00,0.3420395454115237
2020-02-16 06:15:00,0.2884135875698348
2020-02-16 06:18:00,0.3488347861776333
2020-02-16 06:21:00,0.3097388544076125
2020-02-16 06:24:00,0.3619813809542052
2020-02-16 06:27:00,0.301923432495812
2020-02-16 06:30:00,0.32159210304797625
2020-02-16 06:33:00,0.2904600845548657
2020-02-16 06:36:00,0.2654927505466276
2020-02-16 06:39:00,0.2929749559966126
2020-02-16 06:42:00,0.2500615855234969
2020-02-16 06:45:00,0.2398030804646396
2020-02-16 06:48:00,0.2846851465534428
2020-02-16 06:51:00,0.20755136562939924
2020-02-16 06:54:00,0.23649322103898385
2020-02-16 06:57:00,0.2365883825972901
2020-02-16 07:00:00,0.28566891426618213
2020-02-16 07:03:00,0.2746274609003194
2020-02-16 07:06:00,0.3600935060763959
2020-02-16 07:09:00,0.3420499615243102
2020-02-16 07:12:00,0.30243039621643675
2020-02-16 07:15:00,0.32950529059263545
2020-02-16 07:18:00,0.3763742811325983
2020-02-16 07:21:00,0.351752075708589
2020-02-16 07:24:00,0.2824418667015607
2020-02-16 07:27:00,0.2876782112672913
2020-02-16 07:30:00,0.3236070660691439
2020-02-16 07:33:00,0.3199556656652476
2020-02-16 07:36:00,0.30566102506770676
2020-02-16 07:39:00,0.3164298160709791
2020-02-16 07:42:00,0.27662146796490106
2020-02-16 07:45:00,0.26955470640086787
2020-02-16 07:48:00,0.30861079997890783
2020-02-16 07:51:00,0.29321985145702456
2020-02-16 07:54:00,0.2621007550781087
2020-02-16 07:57:00,0.22406144973967912
2020-02-16 08:00:00,0.18138485201376398
2020-02-16 08:03:00,0.14152496240666324
2020-02-16 08:06:00,0.2650715332479763
2020-02-16 08:09:00,0.13577776142471976
2020-02-16 08:12:00,0.1895603588940844
2020-02-16 08:15:00,0.12149981375608832
2020-02-16 08:18:00,0.2620774287398149
2020-02-16 08:21:00,0.13688611990477284
2020-02-16 08:24:00,0.31997496591702657
2020-02-16 08:27:00,0.18086301698542684
2020-02-16 08:30:00,0.28666856918806616
2020-02-16 08:33:00,0.20230421381938868
2020-02-16 08:36:00,0.08465412044938603
2020-02-16 08:39:00,0.18951575877593996
2020-02-16 08:42:00,0.19819717795866154
2020-02-16 08:45:00,0.207227887289946
2020-02-16 08:48:00,0.12728738159285058
2020-02-16 08:51:00,0.14110688802742288
2020-02-16 08:54:00,0.1401111288711263
2020-02-16 08:57:00,0.16196067832942163
2020-02-16 09:00:00,0.13784197767893147
2020-02-16 09:03:00,0.13712312244479108
2020-02-16 09:06:00,0.17076462724099883
2020-02-16 09:09:00,0.20394848836212986
2020-02-16 09:12:00,0.13578039473037506
2020-02-16 09:15:00,0.16665906700478672
2020-02-16 09:18:00,0.2080819125742437
2020-02-16 09:21:00,0.2076831128822505
2020-02-16 09:24:00,0.1758089154703839
2020-02-16 09:27:00,0.10079281694697784
2020-02-16 09:30:00,0.2364183975576566
2020-02-16 09:33:00,0.1785484957027279
2020-02-16 09:36:00,0.10615930183524824
2020-02-16 09:39:00,0.13050104041047916
2020-02-16 09:42:00,0.0703742491617163
2020-02-16 09:45:00,0.11569140560885671
2020-02-16 09:48:00,0.045933386144099586
2020-02-16 09:51:00,0.018599684475475442
2020-02-16 09:54:00,0.05599159357336703
2020-02-16 09:57:00,0.08035798480625544
2020-02-16 10:00:00,0.06212390763886333
2020-02-16 10:03:00,0.0461134927837179
2020-02-16 10:06:00,-0.09722309575346344
2020-02-16 10:09:00,-0.12916609413036895
2020-02-16 10:12:00,-0.062342898233225696
2020-02-16 10:15:00,-0.02563103145274681
2020-02-16 10:18:00,-0.05076880487456492
2020-02-16 10:21:00,-0.12936574566538184
2020-02-16 10:24:00,-0.04729692777505079
2020-02-16 10:27:00,-0.11710447434751359
2020-02-16 10:30:00,-0.050363490925633414
2020-02-16 10:33:00,-0.08277133613984233
2020-02-16 10:36:00,0.04110363342152823
2020-02-16 10:39:00,-0.12836733904259745
2020-02-16 10:42:00,-0.020846963285464426
2020-02-16 10:45:00,-0.10605567215020528
2020-02-16 10:48:00,-0.16256107287631494
2020-02-16 10:51:00,-0.0904200259673189
2020-02-16 10:54:00,-0.19759943327630936
2020-02-16 10:57:00,-0.27125429449989724
2020-02-16 11:00:00,-0.12368506718263461
2020-02-16 11:03:00,-0.1717466041611715
2020-02-16 11:06:00,-0.1526401245434954
2020-02-16 11:09:00,-0.22372463336461124
2020-02-16 11:12:00,-0.20838001201968837
2020-02-16 11:15:00,-0.11133653028343815
2020-02-16 11:18:00,-0.16066602874428781
2020-02-16 11:21:00,-0.16595713430007208
2020-02-16 11:24:00,-0.2158878893881706
2020-02-16 11:27:00,-0.07425878244396245
2020-02-16 11:30:00,-0.28900784241540123
2020-02-16 11:33:00,-0.17029263924655424
2020-02-16 11:36:00,-0.22206407471753664
2020-02-16 11:39:00,-0.23289766005547108
2020-02-16 11:42:00,-0.19854121366921618
2020-02-16 11:45:00,-0.21667159190775465
2020-02-16 11:48:00,-0.3198321675232023
2020-02-16 11:51:00,-0.110491418429433
2020-02-16 11:54:00,-0.25523515305923183
2020-02-16 11:57:00,-0.23862835353207856
2020-02-16 12:00:00,-0.32307967270446625
2020-02-16 12:03:00,-0.3036673219120871
2020-02-16 12:06:00,-0.2137195549006492
2020-02-16 12:09:00,-0.2360554494987923
2020-02-16 12:12:00,-0.29341000425688435
2020-02-16 12:15:00,-0.34857498243502505
2020-02-16 12:18:00,-0.2795141214671162
2020-02-16 12:21:00,-0.1713290880055638
2020-02-16 12:24:00,-0.3557564380099052
2020-02-16 12:27:00,-0.3409234784915611
2020-02-16 12:30:00,-0.33438163101499185
2020-02-16 12:33:00,-0.2183920571087583
2020-02-16 12:36:00,-0.2911926127970901
2020-02-16 12:39:00,-0.2994436294461025
2020-02-16 12:42:00,-0.4081438606336292
2020-02-16 12:45:00,-0.31084002355208895
2020-02-16 12:48:00,-0.2963744018774719
2020-02-16 12:51:00,-0.4881506494051564
2020-02-16 12:54:00,-0.3538945604584569
2020-02-16 12:57:00,-0.3683177105618256
2020-02-16 13:00:00,-0.3158070951745344
2020-02-16 13:03:00,-0.3892702578133935
2020-02-16 13:06:00,-0.4242345489399213
2020-02-16 13:09:00,-0.4720398437788731
2020-02-16 13:12:00,-0.42120520791115723
2020-02-16 13:15:00,-0.4442251092521019
2020-02-16 13:18:00,-0.29177028020978923
2020-02-16 13:21:00,-0.3572076410682712
2020-02-16 13:24:00,-0.38536643613923616
2020-02-16 13:27:00,-0.3633666997790783
2020-02-16 13:30:00,-0.41700176156285806
2020-02-16 13:33:00,-0.3500992208404341
2020-02-16 13:36:00,-0.34021886685860636
2020-02-16 13:39:00,-0.4725392733998319
2020-02-16 13:42:00,-0.435304234952298
2020-02-16 13:45:00,-0.3756027868342926
2020-02-16 13:48:00,-0.3661506516536406
2020-02-16 13:51:00,-0.49540904978897515
2020-02-16 13:54:00,-0.35605013415192843
2020-02-16 13:57:00,-0.3432768892715785
2020-02-16 14:00:00,-0.5023593707316536
2020-02-16 14:03:00,-0.468420730488333
2020-02-16 14:06:00,-0.49989906437502896
2020-02-16 14:09:00,-0.4492171297638947
2020-02-16 14:12:00,-0.5236068883308462
2020-02-16 14:15:00,-0.38985937879112953
2020-02-16 14:18:00,-0.5282893127459829
2020-02-16 14:21:00,-0.5074795343786604
2020-02-16 14:24:00,-0.4688731330024325
2020-02-16 14:27:00,-0.3829138730926047
2020-02-16 14:30:00,-0.5111783406331369
2020-02-16 14:33:00,-0.44160554781035444
2020-02-16 14:36:00,-0.40143268834009405
2020-02-16 14:39:00,-0.5092479924904296
2020-02-16 14:42:00,-0.5335806011192972
2020-02-16 14:45:00,-0.45888230185977363
2020-02-16 14:48:00,-0.5692995133343288
2020-02-16 14:51:00,-0.52525943328925
2020-02-16 14:54:00,-0.4560862362708349
2020-02-16 14:57:00,-0.519399237574703
2020-02-16 15:00:00,-0.43061923638299504
2020-02-16 15:03:00,-0.5155716721189947
2020-02-16 15:06:00,-0.5487143988401044
2020-02-16 15:09:00,-0.434619062260424
2020-02-16 15:12:00,-0.4097381968867353
2020-02-16 15:15:00,-0.44490773693030405
2020-02-16 15:18:00,-0.522346115382561
2020-02-16 15:21:00,-0.44918402919785194
2020-02-16 15:24:00,-0.5011846036989596
2020-02-16 15:27:00,-0.5298820673858131
2020-02-16 15:30:00,-0.5015834288828387
2020-02-16 15:33:00,-0.4704297490359295
2020-02-16 15:36:00,-0.5192404926672225
2020-02-16 15:39:00,-0.5095202595336445
2020-02-16 15:42:00,-0.5586323857273783
2020-02-16 15:45:00,-0.443742317431429
2020-02-16 15:48:00,-0.5277489983836858
2020-02-16 15:51:00,-0.32340447968380204
2020-02-16 15:54:00,-0.39937112917516515
2020-02-16 15:57:00,-0.4694765025267884
2020-02-16 16:00:00,-0.5518325586698438
2020-02-16 16:03:00,-0.4612158580678738
2020-02-16 16:06:00,-0.5209128308188724
2020-02-16 16:09:00,-0.5493355133261844
2020-02-16 16:12:00,-0.5292748332010433
2020-02-16 16:15:00,-0.4627263923287046
2020-02-16 16:18:00,-0.49442694785329877
2020-02-16 16:21:00,-0.38919642134925425
2020-02-16 16:24:00,-0.4634133014001236
2020-02-16 16:27:00,-0.33542750960788226
2020-02-16 16:30:00,-0.4531185551759904
2020-02-16 16:33:00,-0.4670413335485364
2020-02-16 16:36:00,-0.4077082562986334
2020-02-16 16:39:00,-0.5020326533265234
2020-02-16 16:42:00,-0.47316861307643876
2020-02-16 16:45:00,-0.36343235983008526
2020-02-16 16:48:00,-0.4718630243345956
2020-02-16 16:51:00,-0.5468331885219868
2020-02-16 16:54:00,-0.45952401526466247
2020-02-16 16:57:00,-0.3943722346895129
2020-02-16 17:00:00,-0.43673328899961916
2020-02-16 17:03:00,-0.4785302239377529
2020-02-16 17:06:00,-0.4198405957272371
2020-02-16 17:09:00,-0.44518270466431886
2020-02-16 17:12:00,-0.3724384369422751
2020-02-16 17:15:00,-0.4958027789533048
2020-02-16 17:18:00,-0.3691862499197214
2020-02-16 17:21:00,-0.3877376210931516
2020-02-16 17:24:00,-0.46675354896143517
2020-02-16 17:27:00,-0.43311489452929663
2020-02-16 17:30:00,-0.4396607142032849
2020-02-16 17:33:00,-0.4765119716375352
2020-02-16 17:36:00,-0.4083957493922412
2020-02-16 17:39:00,-0.42207906830617503
2020-02-16 17:42:00,-0.41611804841363664
2020-02-16 17:45:00,-0.4141183292559276
2020-02-16 17:48:00,-0.42244271266326905
2020-02-16 17:51:00,-0.43672509078254507
2020-02-16 17:54:00,-0.3384335366987443
2020-02-16 17:57:00,-0.342776918477
2020-02-16 18:00:00,-0.3299896170569241
2020-02-16 18:03:00,-0.3918395872477731
2020-02-16 18:06:00,-0.34882966272471094
2020-02-16 18:09:00,-0.3505082232059067
2020-02-16 18:12:00,-0.3673041861945876
2020-02-16 18:15:00,-0.49311862590019473
2020-02-16 18:18:00,-0.3920891742272943
2020-02-16 18:21:00,-0.3931941967681496
2020-02-16 18:24:00,-0.33645064087869514
2020-02-16 18:27:00,-0.36945747332788414
2020-02-16 18:30:00,-0.3149911397037499
2020-02-16 18:33:00,-0.3529557767503775
2020-02-16 18:36:00,-0.3519160739282938
2020-02-16 18:39:00,-0.3523848751678429
2020-02-16 18:42:00,-0.3269418781835043
2020-02-16 18:45:00,-0.35401511104760175
2020-02-16 18:48:00,-0.36186761857703686
2020-02-16 18:51:00,-0.227663987726487
2020-02-16 18:54:00,
2020-02-16 18:57:00,
2020-02-16 19:00:00,
2020-02-16 19:03:00,-0.21263389981942282
2020-02-16 19:06:00,-0.2988972242904424
2020-02-16 19:09:00,-0.12235409936278074
2020-02-16 19:12:00,-0.239340671006687
2020-02-16 19:15:00,-0.25090579156449166
2020-02-16 19:18:00,-0.23732990372212726
2020-02-16 19:21:00,-0.1258904396820526
2020-02-16 19:24:00,-0.24178415764743022
2020-02-16 19:27:00,-0.318244817113964
2020-02-16 19:30:00,-0.250570828043692
2020-02-16 19:33:00,-0.2199228122308341
2020-02-16 19:36:00,-0.23144556804203376
2020-02-16 19:39:00,-0.31155298446259394
2020-02-16 19:42:00,-0.2727584764258495
2020-02-16 19:45:00,-0.24395353088135607
2020-02-16 19:48:00,-0.20553646538871817
2020-02-16 19:51:00,-0.19504660452616918
2020-02-16 19:54:00,-0.1339354960599053
2020-02-16 19:57:00,-0.2468022764103921
2020-02-16 20:00:00,-0.1628557956062764
2020-02-16 20:03:00,-0.20347844226569123
2020-02-16 20:06:00,-0.08292316358381413
2020-02-16 20:09:00,-0.19026299974279937
2020-02-16 20:12:00,-0.22709440405310488
2020-02-16 20:15:00,-0.15116480425422196
2020-02-16 20:18:00,-0.16658138069772122
2020-02-16 20:21:00,-0.17195338375034908
2020-02-16 20:24:00,-0.13820125811099615
2020-02-16 20:27:00,-0.2508173537597145
2020-02-16 20:30:00,-0.10330056851637437
2020-02-16 20:33:00,-0.09787274830972592
2020-02-16 20:36:00,-0.17101596125792184
2020-02-16 20:39:00,-0.04418987741166802
2020-02-16 20:42:00,-0.12586830482604228
2020-02-16 20:45:00,-0.16179598999116251
2020-02-16 20:48:00,-0.12102898308114618
2020-02-16 20:51:00,0.02574825583127449
2020-02-16 20:54:00,0.0003641220889107899
2020-02-16 20:57:00,-0.1726356624266714
2020-02-16 21:00:00,-0.0025178639260161617
2020-02-16 21:03:00,-0.07998950295927898
2020-02-16 21:06:00,-0.03488743490356683
2020-02-16 21:09:00,-0.06416869207890841
2020-02-16 21:12:00,-0.06427388216792451
2020-02-16 21:15:00,-0.049802661521482605
2020-02-16 21:18:00,0.021843676884600427
2020-02-16 21:21:00,-0.0804545187398844
2020-02-16 21:24:00,0.04441628332756409
2020-02-16 21:27:00,0.10407447918663593
2020-02-16 21:30:00,-0.020927834688961866
2020-02-16 21:33:00,0.000535079713927189
2020-02-16 21:36:00,0.042451108157024464
2020-02-16 21:39:00,0.050081818026910696
2020-02-16 21:42:00,-0.008942899242811109
2020-02-16 21:45:00,0.04720980934172303
2020-02-16 21:48:00,0.030918922198452492
2020-02-16 21:51:00,-0.028789594507429683
2020-02-16 21:54:00,0.027912403535538033
2020-02-16 21:57:00,-0.009186729512293823
2020-02-16 22:00:00,-0.01174975567829506
2020-02-16 22:03:00,-0.04656308332255321
2020-02-16 22:06:00,-0.05801562529484272
2020-02-16 22:09:00,-0.02594374679614475
2020-02-16 22:12:00,-0.03401522453305006
2020-02-16 22:15:00,0.007812984692122882
2020-02-16 22:18:00,0.029608019091710958
2020-02-16 22:21:00,0.005715576537511424
2020-02-16 22:24:00,-0.05248458786275023
2020-02-16 22:27:00,0.04430776306463713
2020-02-16 22:30:00,-0.05527636937540592
2020-02-16 22:33:00,-0.019359707873263687
2020-02-16 22:36:00,-0.05031900335393402
2020-02-16 22:39:00,0.08489455433209514
2020-02-16 22:42:00,-0.04801162477571097
2020-02-16 22:45:00,-0.05954843357187656
2020-02-16 22:48:00,-0.053000639457536636
2020-02-16 22:51:00,-0.03688467706109577
2020-02-16 22:54:00,-0.10862533497839877
2020-02-16 22:57:00,-0.039032523892956306
2020-02-16 23:00:00,-0.019912346553610405
2020-02-16 23:03:00,0.019344968450525357
2020-02-16 23:06:00,0.020068940338831
2020-02-16 23:09:00,0.1018594183640289
2020-02-16 23:12:00,0.05653081852972264
2020-02-16 23:15:00,0.01698017156871856
2020-02-16 23:18:00,0.04755536218937095
2020-02-16 23:21:00,-0.008405386967979211
2020-02-16 23:24:00,0.06482460300554749
2020-02-16 23:27:00,0.13845737214285236
2020-02-16 23:30:00,-0.046995039715682196
2020-02-16 23:33:00,-0.026421676511574788
2020-02-16 23:36:00,0.05888437800177826
2020-02-16 23:39:00,0.11894321296267663
2020-02-16 23:42:00,0.0635646135154957
2020-02-16 23:45:00,0.08962921858483242
2020-02-16 23:48:00,0.019439490975400986
2020-02-16 23:51:00,-0.008528957688440642
2020-02-16 23:54:00,-0.008436655176694785
2020-02-16 23:57:00,0.017472705243221753
2020-02-17 00:00:00,0.049907952044122794
2020-02-17 00:03:00,-0.0014947579886097628
2020-02-17 00:06:00,0.035018174392860146
2020-02-17 00:09:00,0.04487175281553846
2020-02-17 00:12:00,0.029246552413724203
2020-02-17 00:15:00,-0.00998345562055647
2020-02-17 00:18:00,0.09913973999493919
2020-02-17 00:21:00,0.030575789329134295
2020-02-17 00:24:00,0.0575674365084069
2020-02-17 00:27:00,0.05950307757751716
2020-02-17 00:30:00,0.20345230834971062
2020-02-17 00:33:00,0.15290151973124466
2020-02-17 00:36:00,0.1583966260961347
2020-02-17 00:39:00,-0.04342425597849342
2020-02-17 00:42:00,0.08460486394005784
2020-02-17 00:45:00,0.07978574424134877
2020-02-17 00:48:00,0.005800625719302843
2020-02-17 00:51:00,0.041821702776189795
2020-02-17 00:54:00,-0.06127860248903971
2020-02-17 00:57:00,0.014495669159543922
2020-02-17 01:00:00,-0.10205697072728981
2020-02-17 01:03:00,-0.0042659924128543025
2020-02-17 01:06:00,-0.04154715870799919
2020-02-17 01:09:00,-0.033398263879689694
2020-02-17 01:12:00,0.04423076989104402
2020-02-17 01:15:00,0.1548705260718748
2020-02-17 01:18:00,0.025489236961675488
2020-02-17 01:21:00,0.026854461270147567
2020-02-17 01:24:00,0.06810603906723145
2020-02-17 01:27:00,0.06784620972769062
2020-02-17 01:30:00,-0.02101599291745515
2020-02-17 01:33:00,0.03263046578075546
2020-02-17 01:36:00,0.0632182221684161
2020-02-17 01:39:00,0.08453068334580394
2020-02-17 01:42:00,-0.02602812804536825
2020-02-17 01:45:00,0.07508234131421432
2020-02-17 01:48:00,0.05832292878591261
2020-02-17 01:51:00,0.13626156724063776
2020-02-17 01:54:00,0.12652675020615334
2020-02-17 01:57:00,0.1448982278911899
2020-02-17 02:00:00,0.024797282532006193
2020-02-17 02:03:00,-0.043079122946267034
2020-02-17 02:06:00,0.10759896099739308
2020-02-17 02:09:00,0.11631617154108653
2020-02-17 02:12:00,0.055515963570542226
2020-02-17 02:15:00,0.053048892359015554
2020-02-17 02:18:00,0.1327713284060792
2020-02-17 02:21:00,-0.001996186670055522
2020-02-17 02:24:00,-0.003809505395793167
2020-02-17 02:27:00,0.054143683550535116
2020-02-17 02:30:00,-0.011427354820511937
2020-02-17 02:33:00,-0.009458782726539994
2020-02-17 02:36:00,0.03937049038540863
2020-02-17 02:39:00,-0.06492702545779139
2020-02-17 02:42:00,0.05503286417064146
2020-02-17 02:45:00,0.07244586692269195
2020-02-17 02:48:00,0.02297224047703139
2020-02-17 02:51:00,0.0013073976625150863
2020-02-17 02:54:00,0.12866068249252294
2020-02-17 02:57:00,0.022115548083888825
2020-02-17 03:00:00,-0.04217781553802524
2020-02-17 03:03:00,0.02244619272124737
2020-02-17 03:06:00,0.1478082175040072
2020-02-17 03:09:00,0.12474814893602115
2020-02-17 03:12:00,0.17519163224574186
2020-02-17 03:15:00,0.14062432680913162
2020-02-17 03:18:00,0.08594299598411226
2020-02-17 03:21:00,0.0841054805534327
2020-02-17 03:24:00,0.07939205734669486
2020-02-17 03:27:00,0.10020909144481038
2020-02-17 03:30:00,0.07547444115147073
2020-02-17 03:33:00,0.207383711295563
2020-02-17 03:36:00,0.06915929728950232
2020-02-17 03:39:00,0.07429418215843953
2020-02-17 03:42:00,0.07235808999899973
2020-02-17 03:45:00,0.1326329701225859
2020-02-17 03:48:00,0.11688157018886614
2020-02-17 03:51:00,0.13571160379581215
2020-02-17 03:54:00,0.0826988331616576
2020-02-17 03:57:00,0.062525014549351
2020-02-17 04:00:00,0.08373566151226441
2020-02-17 04:03:00,0.023809587967718926
2020-02-17 04:06:00,0.11176139779286132
2020-02-17 04:09:00,0.1505854138270024
2020-02-17 04:12:00,0.09753031063678463
2020-02-17 04:15:00,0.20308767656121063
2020-02-17 04:18:00,0.020247163892008757
2020-02-17 04:21:00,0.062483147469151845
2020-02-17 04:24:00,0.09270291104508033
2020-02-17 04:27:00,0.10305227930109595
2020-02-17 04:30:00,0.16208294751720587
2020-02-17 04:33:00,0.0450621229213084
2020-02-17 04:36:00,0.006687199967302604
2020-02-17 04:39:00,0.11471382638410432
2020-02-17 04:42:00,0.11527704429124697
2020-02-17 04:45:00,0.07807627896414715
2020-02-17 04:48:00,0.09227526092081462
2020-02-17 04:51:00,0.019784329874369178
2020-02-17 04:54:00,0.02642032866521049
2020-02-17 04:57:00,0.030965674855110592
2020-02-17 05:00:00,0.07883545668823899
2020-02-17 05:03:00,0.009180616197625113
2020-02-17 05:06:00,0.09241368231198521
2020-02-17 05:09:00,0.1096450640810076
2020-02-17 05:12:00,0.026206098553529955
2020-02-17 05:15:00,-0.005191072741467906
2020-02-17 05:18:00,-0.0758143881590172
2020-02-17 05:21:00,0.0027072161524870353
2020-02-17 05:24:00,0.009055902658303694
2020-02-17 05:27:00,-0.02328142203043626
2020-02-17 05:30:00,0.02482936777460054
2020-02-17 05:33:00,0.13003461561498852
2020-02-17 05:36:00,-0.1092100497330648
2020-02-17 05:39:00,0.04038820610867333
2020-02-17 05:42:00,0.10009101407524668
2020-02-17 05:45:00,0.14176136953597052
2020-02-17 05:48:00,0.06641374335697492
2020-02-17 05:51:00,0.10542427639717289
2020-02-17 05:54:00,0.18174641311588857
2020-02-17 05:57:00,0.11857589298318771
2020-02-17 06:00:00,0.13853015807154634
2020-02-17 06:03:00,0.12894550350569034
2020-02-17 06:06:00,0.16437549184752243
2020-02-17 06:09:00,0.14251097282209457
2020-02-17 06:12:00,0.15106490115908855
2020-02-17 06:15:00,-0.017463730887641304
2020-02-17 06:18:00,0.023691268368565943
2020-02-17 06:21:00,0.036428839950360725
2020-02-17 06:24:00,0.16433205331844647
2020-02-17 06:27:00,0.050027613759027645
2020-02-17 06:30:00,0.10100152242148397
2020-02-17 06:33:00,0.11754848578152632
2020-02-17 06:36:00,0.04113294285463098
2020-02-17 06:39:00,0.04961956754021912
2020-02-17 06:42:00,0.12456001259016602
2020-02-17 06:45:00,0.04391181853560511
2020-02-17 06:48:00,0.02049990350093367
2020-02-17 06:51:00,0.12891421946903847
2020-02-17 06:54:00,0.09043739230980918
2020-02-17 06:57:00,0.03342090756802918
2020-02-17 07:00:00,0.08960365853573649
2020-02-17 07:03:00,0.12872248143037268
2020-02-17 07:06:00,0.07791536377402508
2020-02-17 07:09:00,-0.003168794214502668
2020-02-17 07:12:00,0.039912548177028384
2020-02-17 07:15:00,0.09211839116869669
2020-02-17 07:18:00,0.059663207944140595
2020-02-17 07:21:00,0.1409338762125003
2020-02-17 07:24:00,0.1131258342324486
2020-02-17 07:27:00,0.1091683838450308
2020-02-17 07:30:00,0.10319506215756746
2020-02-17 07:33:00,0.08934616727594857
2020-02-17 07:36:00,0.042521443126076974
2020-02-17 07:39:00,0.09952636394388037
2020-02-17 07:42:00,0.11106713299210469
2020-02-17 07:45:00,0.09115148327964562
2020-02-17 07:48:00,0.13540274327147017
2020-02-17 07:51:00,0.0937562739240434
2020-02-17 07:54:00,0.0980963012760867
2020-02-17 07:57:00,2.1653682949818176e-05
2020-02-17 08:00:00,0.08807696697004985
2020-02-17 08:03:00,0.12222157273424727
2020-02-17 08:06:00,0.08514585219097626
2020-02-17 08:09:00,0.1370994044908116
2020-02-17 08:12:00,0.07758343487608954
2020-02-17 08:15:00,-0.07904999774046928
2020-02-17 08:18:00,0.11051604603170517
2020-02-17 08:21:00,0.09694067270760343
2020-02-17 08:24:00,0.11374331717365749
2020-02-17 08:27:00,0.11536175350011035
2020-02-17 08:30:00,0.0714458236604969
2020-02-17 08:33:00,0.11696886292639874
2020-02-17 08:36:00,0.09452088436535178
2020-02-17 08:39:00,0.03645293743943512
2020-02-17 08:42:00,0.09059594320490305
2020-02-17 08:45:00,0.10858447493825452
2020-02-17 08:48:00,0.16901726654907634
2020-02-17 08:51:00,0.14010157364839415
2020-02-17 08:54:00,0.06421189115383186
2020-02-17 08:57:00,0.03826657725369387
2020-02-17 09:00:00,0.07848142029604332
2020-02-17 09:03:00,0.08563595690719694
2020-02-17 09:06:00,0.10811603238471434
2020-02-17 09:09:00,0.06527729663582704
2020-02-17 09:12:00,0.02612690359228509
2020-02-17 09:15:00,0.047510710112931065
2020-02-17 09:18:00,-0.04152333001957231
2020-02-17 09:21:00,-0.06970683224648155
2020-02-17 09:24:00,-0.07125410731765669
2020-02-17 09:27:00,-0.018689645263066268
2020-02-17 09:30:00,0.030380397026590344
2020-02-17 09:33:00,-0.03247725216431263
2020-02-17 09:36:00,0.06397208678214383
2020-02-17 09:39:00,0.006230486419383396
2020-02-17 09:42:00,0.04452128466493832
2020-02-17 09:45:00,-0.0628778937850143
2020-02-17 09:48:00,0.0189254037592832
2020-02-17 09:51:00,0.019086446845278715
2020-02-17 09:54:00,0.015556693473627092
2020-02-17 09:57:00,0.1004795689087814
2020-02-17 10:00:00,0.014538064406224294
2020-02-17 10:03:00,-0.06133052664728211
2020-02-17 10:06:00,0.025298493614911877
2020-02-17 10:09:00,0.06643676317696645
2020-02-17 10:12:00,-0.0482083113815861
2020-02-17 10:15:00,-0.008550125825593113
2020-02-17 10:18:00,-0.028295249018981394
2020-02-17 10:21:00,0.006591076437416632
2020-02-17 10:24:00,-0.008793723212534132
2020-02-17 10:27:00,-0.020242255019468303
2020-02-17 10:30:00,-0.08338204109497838
2020-02-17 10:33:00,-0.13648666254317732
2020-02-17 10:36:00,-0.09348546961962256
2020-02-17 10:39:00,-0.08793520441759028
2020-02-17 10:42:00,-0.1809152856561127
2020-02-17 10:45:00,-0.22592919249103716
2020-02-17 10:48:00,-0.17570740142116392
2020-02-17 10:51:00,-0.1366975365452845
2020-02-17 10:54:00,-0.11527164808330781
2020-02-17 10:57:00,-0.11465077840040294
2020-02-17 11:00:00,-0.23085563480429983
2020-02-17 11:03:00,-0.1487832642148419
2020-02-17 11:06:00,-0.19238653778978687
2020-02-17 11:09:00,-0.22491914232352883
2020-02-17 11:12:00,-0.28027363671304784
2020-02-17 11:15:00,-0.15762509832853766
2020-02-17 11:18:00,-0.24638229017176627
2020-02-17 11:21:00,-0.26139983034266834
2020-02-17 11:24:00,-0.20091058148204866
2020-02-17 11:27:00,-0.17392588068048553
2020-02-17 11:30:00,-0.2559047791148146
2020-02-17 11:33:00,-0.2705212082409503
2020-02-17 11:36:00,-0.23103595458081827
2020-02-17 11:39:00,-0.23489368617208584
2020-02-17 11:42:00,-0.32919694100007746
2020-02-17 11:45:00,-0.23882223759051158
2020-02-17 11:48:00,-0.2135650321920366
2020-02-17 11:51:00,-0.35991578588686934
2020-02-17 11:54:00,-0.23407817213688986
2020-02-17 11:57:00,-0.2963759073467145
2020-02-17 12:00:00,-0.3300026789181061
2020-02-17 12:03:00,-0.3357601646428634
2020-02-17 12:06:00,-0.3301356089841079
2020-02-17 12:09:00,-0.33090537898721095
2020-02-17 12:12:00,-0.2777769768068765
2020-02-17 12:15:00,-0.3103781913523562
2020-02-17 12:18:00,-0.34995250652588084
2020-02-17 12:21:00,-0.3462177836241267
2020-02-17 12:24:00,-0.30471968290993345
2020-02-17 12:27:00,-0.2638695971689913
2020-02-17 12:30:00,-0.27835577876817297
2020-02-17 12:33:00,-0.373873450032022
2020-02-17 12:36:00,-0.3804855839499055
2020-02-17 12:39:00,-0.33551927549495986
2020-02-17 12:42:00,-0.4157968038843478
2020-02-17 12:45:00,-0.35694353464788264
2020-02-17 12:48:00,-0.3654797008726973
2020-02-17 12:51:00,-0.35393921306558696
2020-02-17 12:54:00,-0.363133705748794
2020-02-17 12:57:00,-0.34326699575029807
2020-02-17 13:00:00,-0.3426788542939221
2020-02-17 13:03:00,-0.3358275723391557
2020-02-17 13:06:00,-0.3485159285678492
2020-02-17 13:09:00,-0.31885609926172265
2020-02-17 13:12:00,-0.40640299143433367
2020-02-17 13:15:00,-0.33500793647465343
2020-02-17 13:18:00,-0.36310034637637045
2020-02-17 13:21:00,-0.4512052840882461
2020-02-17 13:24:00,-0.3521955717994274
2020-02-17 13:27:00,-0.330587060632638
2020-02-17 13:30:00,-0.3473351594990959
2020-02-17 13:33:00,-0.41659647912854325
2020-02-17 13:36:00,-0.35459803016743763
2020-02-17 13:39:00,-0.47516082087150835
2020-02-17 13:42:00,-0.547022294198996
2020-02-17 13:45:00,-0.31378626980739455
2020-02-17 13:48:00,-0.3909224843403649
2020-02-17 13:51:00,-0.4141187894994687
2020-02-17 13:54:00,-0.36995810508602744
2020-02-17 13:57:00,-0.3846722252342829
2020-02-17 14:00:00,-0.3934194606051733
2020-02-17 14:03:00,-0.45012950985778843
2020-02-17 14:06:00,-0.37497027378464054
2020-02-17 14:09:00,-0.5129994853816129
2020-02-17 14:12:00,-0.5176799866668489
2020-02-17 14:15:00,-0.38142738974812573
2020-02-17 14:18:00,-0.5976824961561533
2020-02-17 14:21:00,-0.42618102161094384
2020-02-17 14:24:00,-0.4172152684661796
2020-02-17 14:27:00,-0.40773002229627764
2020-02-17 14:30:00,-0.535844107661319
2020-02-17 14:33:00,-0.42302361567982416
2020-02-17 14:36:00,-0.5176469872048415
2020-02-17 14:39:00,-0.5160819178882434
2020-02-17 14:42:00,-0.41046927337896477
2020-02-17 14:45:00,-0.39057475708801803
2020-02-17 14:48:00,-0.5422857753577546
2020-02-17 14:51:00,-0.25316878356096595
2020-02-17 14:54:00,-0.39014300249289136
2020-02-17 14:57:00,-0.4101462475016433
2020-02-17 15:00:00,-0.4421210099918653
2020-02-17 15:03:00,-0.45720496014376977
2020-02-17 15:06:00,-0.40497703499482895
2020-02-17 15:09:00,-0.49452089680562494
2020-02-17 15:12:00,-0.4531889898258328
2020-02-17 15:15:00,-0.5013487119827005
2020-02-17 15:18:00,-0.4354582948551524
2020-02-17 15:21:00,-0.4523801794921951
2020-02-17 15:24:00,-0.45113572678866376
2020-02-17 15:27:00,-0.5011834399378472
2020-02-17 15:30:00,-0.4309188319172108
2020-02-17 15:33:00,-0.3734300900870835
2020-02-17 15:36:00,-0.4865425297497836
2020-02-17 15:39:00,-0.4512060726389109
2020-02-17 15:42:00,-0.35692459934472254
2020-02-17 15:45:00,-0.3733601195660867
2020-02-17 15:48:00,-0.4588033489628174
2020-02-17 15:51:00,-0.4351389047336056
2020-02-17 15:54:00,-0.5306170138152879
2020-02-17 15:57:00,-0.36724772199130484
2020-02-17 16:00:00,-0.43762043003852114
2020-02-17 16:03:00,-0.3954435232327569
2020-02-17 16:06:00,-0.3497134649077225
2020-02-17 16:09:00,-0.4073638600451659
2020-02-17 16:12:00,-0.38156667154424895
2020-02-17 16:15:00,-0.5101198071238287
2020-02-17 16:18:00,-0.380959171591428
2020-02-17 16:21:00,-0.4172977427384126
2020-02-17 16:24:00,-0.35811044456278296
2020-02-17 16:27:00,-0.4115709810799899
2020-02-17 16:30:00,-0.40536561637628665
2020-02-17 16:33:00,-0.458889784339533
2020-02-17 16:36:00,-0.2827567940678932
2020-02-17 16:39:00,-0.4456118677268819
2020-02-17 16:42:00,-0.5585698989756338
2020-02-17 16:45:00,-0.439365511442702
2020-02-17 16:48:00,-0.39044649086031313
2020-02-17 16:51:00,-0.39385236601685847
2020-02-17 16:54:00,-0.4160555264908794
2020-02-17 16:57:00,-0.3678839931218363
2020-02-17 17:00:00,-0.3884640107760333
2020-02-17 17:03:00,-0.4450898105215515
2020-02-17 17:06:00,-0.32763008668905513
2020-02-17 17:09:00,-0.3576098060677282
2020-02-17 17:12:00,-0.46445246803773443
2020-02-17 17:15:00,-0.3549665489683207
2020-02-17 17:18:00,-0.3044347764710551
2020-02-17 17:21:00,-0.3322684770161004
2020-02-17 17:24:00,-0.3358480092207401
2020-02-17 17:27:00,-0.3177919289983606
2020-02-17 17:30:00,-0.43473483632556054
2020-02-17 17:33:00,-0.3161079658860899
2020-02-17 17:36:00,-0.3921114651892026
2020-02-17 17:39:00,-0.412201934865152
2020-02-17 17:42:00,-0.4103230380013656
2020-02-17 17:45:00,-0.41907543852920526
2020-02-17 17:48:00,-0.3160017619287032
2020-02-17 17:51:00,-0.2294034933801754
2020-02-17 17:54:00,-0.2920798461213394
2020-02-17 17:57:00,-0.4346756940678915
2020-02-17 18:00:00,-0.4748736717499469
2020-02-17 18:03:00,-0.355252752130923
2020-02-17 18:06:00,-0.4207906599319813
2020-02-17 18:09:00,-0.35290285409081434
2020-02-17 18:12:00,-0.3202164595106751
2020-02-17 18:15:00,-0.3959872893272518
2020-02-17 18:18:00,-0.32151838309283676
2020-02-17 18:21:00,-0.3343589464271872
2020-02-17 18:24:00,-0.27617799545731714
2020-02-17 18:27:00,-0.3816810679944638
2020-02-17 18:30:00,-0.45468476231087607
2020-02-17 18:33:00,-0.419934713602629
2020-02-17 18:36:00,-0.3138366567407047
2020-02-17 18:39:00,-0.3559114988868828
2020-02-17 18:42:00,-0.35257807837314203
2020-02-17 18:45:00,-0.2601298543507937
2020-02-17 18:48:00,-0.31146511859247994
2020-02-17 18:51:00,-0.33785994157278765
2020-02-17 18:54:00,
2020-02-17 18:57:00,
2020-02-17 19:00:00,
2020-02-17 19:03:00,-0.26960269760780875
2020-02-17 19:06:00,-0.2956970774292813
2020-02-17 19:09:00,-0.269177458516765
2020-02-17 19:12:00,-0.2235200879989634
2020-02-17 19:15:00,-0.255104784407024
2020-02-17 19:18:00,-0.22548348862096645
2020-02-17 19:21:00,-0.16168680767395927
2020-02-17 19:24:00,-0.24405542351456688
2020-02-17 19:27:00,-0.14923128848050737
2020-02-17 19:30:00,-0.13560758222752156
2020-02-17 19:33:00,-0.16394905261796566
2020-02-17 19:36:00,-0.16143077615379298
2020-02-17 19:39:00,-0.1134831700908876
2020-02-17 19:42:00,-0.22141463883696133
2020-02-17 19:45:00,-0.13331103282479262
2020-02-17 19:48:00,-0.1560074216826024
2020-02-17 19:51:00,-0.15533600210488885
2020-02-17 19:54:00,-0.239362267082754
2020-02-17 19:57:00,-0.10182251216309623
2020-02-17 20:00:00,-0.19259001125828945
2020-02-17 20:03:00,-0.08786626602784509
2020-02-17 20:06:00,-0.22347210422731223
2020-02-17 20:09:00,-0.00798819949091012
2020-02-17 20:12:00,-0.20747852032985747
2020-02-17 20:15:00,-0.16731241303733668
2020-02-17 20:18:00,-0.08976852667052526
2020-02-17 20:21:00,-0.03760119866473133
2020-02-17 20:24:00,-0.10689487239369555
2020-02-17 20:27:00,-0.026364149220853506
2020-02-17 20:30:00,-0.04972182910972833
2020-02-17 20:33:00,-0.08987313196701052
2020-02-17 20:36:00,-0.05335637810344451
2020-02-17 20:39:00,-0.11122788346960988
2020-02-17 20:42:00,0.06769393367596876
2020-02-17 20:45:00,-0.01740085890270393
2020-02-17 20:48:00,-0.03331053564949116
2020-02-17 20:51:00,0.022587096610664048
2020-02-17 20:54:00,-0.08643182128923854
2020-02-17 20:57:00,0.0021134239306661584
2020-02-17 21:00:00,-0.06179353045826019
2020-02-17 21:03:00,0.07582546539543955
2020-02-17 21:06:00,0.0006500073216670899
2020-02-17 21:09:00,-0.028386426601002768
2020-02-17 21:12:00,0.05203010037490685
2020-02-17 21:15:00,-0.07517769346270597
2020-02-17 21:18:00,-0.006854648534897478
2020-02-17 21:21:00,0.07369420752132783
2020-02-17 21:24:00,0.11033549183531477
2020-02-17 21:27:00,0.00967817463697429
2020-02-17 21:30:00,0.05028138244455249
2020-02-17 21:33:00,0.14344088396472898
2020-02-17 21:36:00,0.06737018488382773
2020-02-17 21:39:00,0.015019210449054299
2020-02-17 21:42:00,0.03649888056088457
2020-02-17 21:45:00,0.025730054714415473
2020-02-17 21:48:00,-0.003050560767007937
2020-02-17 21:51:00,0.004612416133284114
2020-02-17 21:54:00,-0.0034993685850395195
2020-02-17 21:57:00,0.02518361151993531
2020-02-17 22:00:00,-0.08112551023054948
2020-02-17 22:03:00,0.07565559092228114
2020-02-17 22:06:00,0.015433400471522418
2020-02-17 22:09:00,0.042070291532070314
2020-02-17 22:12:00,0.012925765702902936
2020-02-17 22:15:00,0.017297412639720733
2020-02-17 22:18:00,-0.010760038367152447
2020-02-17 22:21:00,0.017971528367525025
2020-02-17 22:24:00,0.04789302132451212
2020-02-17 22:27:00,0.0681458612567667
2020-02-17 22:30:00,0.0085011052600521
2020-02-17 22:33:00,-0.04790432539004996
2020-02-17 22:36:00,0.054003977039883466
2020-02-17 22:39:00,-0.10515909047592231
2020-02-17 22:42:00,0.006996310366957914
2020-02-17 22:45:00,0.019765411626451623
2020-02-17 22:48:00,-0.008269270027767561
2020-02-17 22:51:00,-8.021869473395782e-05
2020-02-17 22:54:00,-0.014370938443335035
2020-02-17 22:57:00,0.03546892178155758
2020-02-17 23:00:00,0.0489363044615061
2020-02-17 23:03:00,0.06444859928041069
2020-02-17 23:06:00,0.06071043644220708
2020-02-17 23:09:00,-0.01982215385305608
2020-02-17 23:12:00,-0.011665873574031593
2020-02-17 23:15:00,-0.03563531432894251
2020-02-17 23:18:00,0.026552152743704482
2020-02-17 23:21:00,0.09376569239890387
2020-02-17 23:24:00,0.04549810870236115
2020-02-17 23:27:00,0.0886614542442885
2020-02-17 23:30:00,-0.03772769511374463
2020-02-17 23:33:00,0.07935444738848219
2020-02-17 23:36:00,0.02886158669582528
2020-02-17 23:39:00,0.05577629880315271
2020-02-17 23:42:00,-0.01319068292019665
2020-02-17 23:45:00,-0.02573445631122695
2020-02-17 23:48:00,0.100915035358355
2020-02-17 23:51:00,0.022200650891875284
2020-02-17 23:54:00,0.09791732005533049
2020-02-17 23:57:00,0.03210588042850304
2020-02-18 00:00:00,0.09470889369680435
2020-02-18 00:03:00,0.08960843802441332
2020-02-18 00:06:00,-0.04198755955121669
2020-02-18 00:09:00,0.04281225732813709
2020-02-18 00:12:00,0.09202664873913591
2020-02-18 00:15:00,-0.011204512431504554
2020-02-18 00:18:00,-0.006416433465744831
2020-02-18 00:21:00,0.033385590986256375
2020-02-18 00:24:00,0.08193194461921394
2020-02-18 00:27:00,0.07539195468342541
2020-02-18 00:30:00,0.07612604726830341
2020-02-18 00:33:00,0.09092549030185637
2020-02-18 00:36:00,0.048297680692542144
2020-02-18 00:39:00,0.0910666088002472
2020-02-18 00:42:00,-0.015256976897603636
2020-02-18 00:45:00,0.05970547833811679
2020-02-18 00:48:00,0.03662176192364086
2020-02-18 00:51:00,0.024476535543158207
2020-02-18 00:54:00,0.09398843324726158
2020-02-18 00:57:00,0.07513222357226823
2020-02-18 01:00:00,0.10565595710033904
2020-02-18 01:03:00,0.040370932872349385
2020-02-18 01:06:00,0.0778894310874989
2020-02-18 01:09:00,0.03566297518102601
2020-02-18 01:12:00,0.04079622050164744
2020-02-18 01:15:00,0.08129292701823942
2020-02-18 01:18:00,0.03142363148185723
2020-02-18 01:21:00,-0.06938696028214508
2020-02-18 01:24:00,0.00771875845998693
2020-02-18 01:27:00,0.08127542713594949
2020-02-18 01:30:00,-0.052247765231300036
2020-02-18 01:33:00,-0.029957547910896665
2020-02-18 01:36:00,-0.02905061190364222
2020-02-18 01:39:00,-0.02833130987551158
2020-02-18 01:42:00,0.008283743825245438
2020-02-18 01:45:00,-0.10653343690410111
2020-02-18 01:48:00,0.0076512467413181184
2020-02-18 01:51:00,0.09384471899147684
2020-02-18 01:54:00,-0.020567150462909467
2020-02-18 01:57:00,0.09596351387614277
2020-02-18 02:00:00,0.04850117609402105
2020-02-18 02:03:00,0.023606266252329533
2020-02-18 02:06:00,0.010751469781439482
2020-02-18 02:09:00,-0.045615706079217944
2020-02-18 02:12:00,0.04442791635932508
2020-02-18 02:15:00,0.11887128378049283
2020-02-18 02:18:00,0.0259464327044725
2020-02-18 02:21:00,0.0900437319479579
2020-02-18 02:24:00,0.0995848556939336
2020-02-18 02:27:00,0.10471315237504086
2020-02-18 02:30:00,0.050781771961624145
2020-02-18 02:33:00,0.05727592311183116
2020-02-18 02:36:00,-0.048353453013987746
2020-02-18 02:39:00,0.04980474816437663
2020-02-18 02:42:00,0.04381470776553442
2020-02-18 02:45:00,0.031170481148819817
2020-02-18 02:48:00,0.047374872627926834
2020-02-18 02:51:00,-0.0030620800681617766
2020-02-18 02:54:00,0.09762866756693711
2020-02-18 02:57:00,0.0074665497450041585
2020-02-18 03:00:00,0.0960621319777033
2020-02-18 03:03:00,0.003544977595140608
2020-02-18 03:06:00,0.035250702111568444
2020-02-18 03:09:00,0.0706308348109701
2020-02-18 03:12:00,0.06831013625890137
2020-02-18 03:15:00,0.13716933440787216
2020-02-18 03:18:00,0.024824713281475397
2020-02-18 03:21:00,0.0012140310782342567
2020-02-18 03:24:00,0.018808012255249196
2020-02-18 03:27:00,0.06496133484364464
2020-02-18 03:30:00,0.049383977610034435
2020-02-18 03:33:00,-0.03570715888781706
2020-02-18 03:36:00,0.07898658792629476
2020-02-18 03:39:00,0.0823171521640802
2020-02-18 03:42:00,0.03201166448940285
2020-02-18 03:45:00,0.09657942117956964
2020-02-18 03:48:00,0.05691752343011558
2020-02-18 03:51:00,0.036717192215292016
2020-02-18 03:54:00,0.01471737523218053
2020-02-18 03:57:00,0.04283403113925033
2020-02-18 04:00:00,0.048432742291311115
2020-02-18 04:03:00,0.09935062793300631
2020-02-18 04:06:00,0.05378197115879857
2020-02-18 04:09:00,0.10398148935644258
2020-02-18 04:12:00,0.02607586254208627
2020-02-18 04:15:00,0.14366774851305308
2020-02-18 04:18:00,0.06155361449339125
2020-02-18 04:21:00,0.0807177934047445
2020-02-18 04:24:00,0.1565234329880809
2020-02-18 04:27:00,0.0683658802133209
2020-02-18 04:30:00,0.16956633042570957
2020-02-18 04:33:00,0.1298859531841572
2020-02-18 04:36:00,0.1211150097209952
2020-02-18 04:39:00,0.2136967837049042
2020-02-18 04:42:00,0.18719069912259556
2020-02-18 04:45:00,0.17913568735798435
2020-02-18 04:48:00,0.19262651051451485
2020-02-18 04:51:00,0.1684535073206348
2020-02-18 04:54:00,0.06505809624206904
2020-02-18 04:57:00,0.13559457577775902
2020-02-18 05:00:00,0.12130432936294255
2020-02-18 05:03:00,0.11833944917526651
2020-02-18 05:06:00,0.17265830762954693
2020-02-18 05:09:00,0.09155662946704979
2020-02-18 05:12:00,0.0809592750784418
2020-02-18 05:15:00,0.09421052961215537
2020-02-18 05:18:00,0.15859953302953045
2020-02-18 05:21:00,0.18204076435102934
2020-02-18 05:24:00,0.09301674497123713
2020-02-18 05:27:00,0.18597438697872803
2020-02-18 05:30:00,0.20178470357478773
2020-02-18 05:33:00,0.20438704077906777
2020-02-18 05:36:00,0.14284137787137752
2020-02-18 05:39:00,0.15424091566592324
2020-02-18 05:42:00,0.20887839944509778
2020-02-18 05:45:00,0.20752841234536845
2020-02-18 05:48:00,0.2571722555637166
2020-02-18 05:51:00,0.23957723523938057
2020-02-18 05:54:00,0.20975974475470593
2020-02-18 05:57:00,0.17652456560801966
2020-02-18 06:00:00,0.2926373792887489
2020-02-18 06:03:00,0.20184967002177245
2020-02-18 06:06:00,0.19661707251441385
2020-02-18 06:09:00,0.2652972183605584
2020-02-18 06:12:00,0.3065155371132846
2020-02-18 06:15:00,0.24211067528068497
2020-02-18 06:18:00,0.3037379808860692
2020-02-18 06:21:00,0.3438102748777965
2020-02-18 06:24:00,0.1993374548478073
2020-02-18 06:27:00,0.24504821403473898
2020-02-18 06:30:00,0.2545022890000723
2020-02-18 06:33:00,0.17164961371264553
2020-02-18 06:36:00,0.2623917282714956
2020-02-18 06:39:00,0.25903383284821757
2020-02-18 06:42:00,0.2103721184224696
2020-02-18 06:45:00,0.1736776949715022
2020-02-18 06:48:00,0.29761753956029224
2020-02-18 06:51:00,0.23863393103914632
2020-02-18 06:54:00,0.332894436717595
2020-02-18 06:57:00,0.3259575224552691
2020-02-18 07:00:00,0.27184607699575736
2020-02-18 07:03:00,0.32641299725077033
2020-02-18 07:06:00,0.21424801374507751
2020-02-18 07:09:00,0.22769056896697748
2020-02-18 07:12:00,0.3791080843981831
2020-02-18 07:15:00,0.14024924371238967
2020-02-18 07:18:00,0.328164462297309
2020-02-18 07:21:00,0.24350289246808643
2020-02-18 07:24:00,0.2645880706793946
2020-02-18 07:27:00,0.3496209923821425
2020-02-18 07:30:00,0.22884923895321663
2020-02-18 07:33:00,0.33832776146067545
2020-02-18 07:36:00,0.2650743451774815
2020-02-18 07:39:00,0.2668019147247378
2020-02-18 07:42:00,0.26209101979668503
2020-02-18 07:45:00,0.26191818803272326
2020-02-18 07:48:00,0.23500761150000926
2020-02-18 07:51:00,0.18311565174622046
2020-02-18 07:54:00,0.1739614980803026
2020-02-18 07:57:00,0.14423441021921235
2020-02-18 08:00:00,0.2512031268425403
2020-02-18 08:03:00,0.1643084325890527
2020-02-18 08:06:00,0.10069506018231777
2020-02-18 08:09:00,0.18749087827507083
2020-02-18 08:12:00,0.06104608575549264
2020-02-18 08:15:00,0.10379421917485843
2020-02-18 08:18:00,0.24596661918872087
2020-02-18 08:21:00,0.052608566627895925
2020-02-18 08:24:00,0.226962091510984
2020-02-18 08:27:00,0.08839609582008734
2020-02-18 08:30:00,0.04813542907328383
2020-02-18 08:33:00,0.08768890593643164
2020-02-18 08:36:00,-0.007610865479762197
2020-02-18 08:39:00,0.0744630345984092
2020-02-18 08:42:00,0.07412001253157996
2020-02-18 08:45:00,0.012204864236878166
2020-02-18 08:48:00,0.06785350357591824
2020-02-18 08:51:00,0.0321708007230086
2020-02-18 08:54:00,0.035011323846845244
2020-02-18 08:57:00,0.056086662729569525
2020-02-18 09:00:00,0.053507702362196596
2020-02-18 09:03:00,0.13100459903932915
2020-02-18 09:06:00,0.10417375525281614
2020-02-18 09:09:00,0.06702370178123829
2020-02-18 09:12:00,0.05296750035972764
2020-02-18 09:15:00,0.015638113549016452
2020-02-18 09:18:00,-0.04759290762922319
2020-02-18 09:21:00,-0.00012995910873314642
2020-02-18 09:24:00,0.01566375933003883
2020-02-18 09:27:00,-0.0635083513757877
2020-02-18 09:30:00,0.036535881076019905
2020-02-18 09:33:00,0.004285077100803392
2020-02-18 09:36:00,-0.003914467643653552
2020-02-18 09:39:00,0.0016819777800378688
2020-02-18 09:42:00,-0.10069400619403268
2020-02-18 09:45:00,-0.08419356609255146
2020-02-18 09:48:00,0.01448725211986357
2020-02-18 09:51:00,-0.14618957834915136
2020-02-18 09:54:00,-0.08278724776556601
2020-02-18 09:57:00,-0.14472584800085997
2020-02-18 10:00:00,-0.16089743655027178
2020-02-18 10:03:00,-0.18690087608825934
2020-02-18 10:06:00,-0.18078535517554428
2020-02-18 10:09:00,-0.19320242257776954
2020-02-18 10:12:00,-0.13118760806611363
2020-02-18 10:15:00,-0.09448068769660267
2020-02-18 10:18:00,-0.028389261800896293
2020-02-18 10:21:00,-0.15740236588709422
2020-02-18 10:24:00,-0.2631905498042215
2020-02-18 10:27:00,-0.10367197258409533
2020-02-18 10:30:00,-0.11297051446899786
2020-02-18 10:33:00,-0.26869771072409776
2020-02-18 10:36:00,-0.30028857350777116
2020-02-18 10:39:00,-0.15887654361370096
2020-02-18 10:42:00,-0.23545727558564522
2020-02-18 10:45:00,-0.2109519702926832
2020-02-18 10:48:00,-0.20978427136344635
2020-02-18 10:51:00,-0.18551056424507806
2020-02-18 10:54:00,-0.264387806599359
2020-02-18 10:57:00,-0.15012015300783332
2020-02-18 11:00:00,-0.20189420240757272
2020-02-18 11:03:00,-0.16989924027558345
2020-02-18 11:06:00,-0.26303981724709047
2020-02-18 11:09:00,-0.25076331696294574
2020-02-18 11:12:00,-0.244788149968997
2020-02-18 11:15:00,-0.24671970992835668
2020-02-18 11:18:00,-0.30874313213689675
2020-02-18 11:21:00,-0.2746057437245213
2020-02-18 11:24:00,-0.3015108639994537
2020-02-18 11:27:00,-0.283028746028549
2020-02-18 11:30:00,-0.24242751828830933
2020-02-18 11:33:00,-0.3271811366835209
2020-02-18 11:36:00,-0.20784700546477097
2020-02-18 11:39:00,-0.26576664724473176
2020-02-18 11:42:00,-0.47589096258889185
2020-02-18 11:45:00,-0.2872866340144924
2020-02-18 11:48:00,-0.24803687191661083
2020-02-18 11:51:00,-0.3221793066164196
2020-02-18 11:54:00,-0.42372534337124534
2020-02-18 11:57:00,-0.22681147327210738
2020-02-18 12:00:00,-0.26419507481705296
2020-02-18 12:03:00,-0.2727496916364771
2020-02-18 12:06:00,-0.35091736270828733
2020-02-18 12:09:00,-0.3469258009619125
2020-02-18 12:12:00,-0.2489781642352682
2020-02-18 12:15:00,-0.32396284812710974
2020-02-18 12:18:00,-0.41116729189837997
2020-02-18 12:21:00,-0.3847587456099859
2020-02-18 12:24:00,-0.3178704946034827
2020-02-18 12:27:00,-0.26507966036513153
2020-02-18 12:30:00,-0.25221755082151276
2020-02-18 12:33:00,-0.24290469476574117
2020-02-18 12:36:00,-0.20424740921799867
2020-02-18 12:39:00,-0.30209732337561945
2020-02-18 12:42:00,-0.3246886874763959
2020-02-18 12:45:00,-0.21986371298538643
2020-02-18 12:48:00,-0.2673941080366262
2020-02-18 12:51:00,-0.2885311548933487
2020-02-18 12:54:00,-0.3060981348996279
2020-02-18 12:57:00,-0.416468700284895
2020-02-18 13:00:00,-0.31927953370433215
2020-02-18 13:03:00,-0.22638094743132342
2020-02-18 13:06:00,-0.4064158265994706
2020-02-18 13:09:00,-0.29207514234184373
2020-02-18 13:12:00,-0.26571617369921796
2020-02-18 13:15:00,-0.20398171980843927
2020-02-18 13:18:00,-0.2638162214839781
2020-02-18 13:21:00,-0.38707936445479163
2020-02-18 13:24:00,-0.323439298358835
2020-02-18 13:27:00,-0.4184747777955522
2020-02-18 13:30:00,-0.27446035293559135
2020-02-18 13:33:00,-0.2931477155530047
2020-02-18 13:36:00,-0.2984420438665438
2020-02-18 13:39:00,-0.335166926557406
2020-02-18 13:42:00,-0.31630909695383025
2020-02-18 13:45:00,-0.23940069316813606
2020-02-18 13:48:00,-0.25743617947097164
2020-02-18 13:51:00,-0.25908144876422057
2020-02-18 13:54:00,-0.326876970842477
2020-02-18 13:57:00,-0.2802685943050278
2020-02-18 14:00:00,-0.3086927239951933
2020-02-18 14:03:00,-0.3484257539354303
2020-02-18 14:06:00,-0.347519574516582
2020-02-18 14:09:00,-0.3036336396636443
2020-02-18 14:12:00,-0.3402024815532627
2020-02-18 14:15:00,-0.3479646156814624
2020-02-18 14:18:00,-0.31439510536142734
2020-02-18 14:21:00,-0.3500662564549657
2020-02-18 14:24:00,-0.23439203482138282
2020-02-18 14:27:00,-0.3332363536582079
2020-02-18 14:30:00,-0.3534866711872269
2020-02-18 14:33:00,-0.34750823127848207
2020-02-18 14:36:00,-0.4728438625118656
2020-02-18 14:39:00,-0.22888713846401743
2020-02-18 14:42:00,-0.20944915738454029
2020-02-18 14:45:00,-0.34671858967419666
2020-02-18 14:48:00,-0.3195683179496882
2020-02-18 14:51:00,-0.3467208189412645
2020-02-18 14:54:00,-0.19394095223969998
2020-02-18 14:57:00,-0.3496787255791105
2020-02-18 15:00:00,-0.36686567982457063
2020-02-18 15:03:00,-0.2304473519657222
2020-02-18 15:06:00,-0.40034241573772533
2020-02-18 15:09:00,-0.35917445037858897
2020-02-18 15:12:00,-0.34431792023542585
2020-02-18 15:15:00,-0.4050657116965226
2020-02-18 15:18:00,-0.3522660701119662
2020-02-18 15:21:00,-0.2760732246496218
2020-02-18 15:24:00,-0.39394554588346864
2020-02-18 15:27:00,-0.33193272538221663
2020-02-18 15:30:00,-0.40832769341869835
2020-02-18 15:33:00,-0.38951139288633385
2020-02-18 15:36:00,-0.40004418278937237
2020-02-18 15:39:00,-0.3530281557459034
2020-02-18 15:42:00,-0.33167333255011044
2020-02-18 15:45:00,-0.3284343292314702
2020-02-18 15:48:00,-0.39435134990924325
2020-02-18 15:51:00,-0.35050421312894287
2020-02-18 15:54:00,-0.3246647667792786
2020-02-18 15:57:00,-0.4747866384540771
2020-02-18 16:00:00,-0.3412243475696073
2020-02-18 16:03:00,-0.3363914483345525
2020-02-18 16:06:00,-0.39035979332555826
2020-02-18 16:09:00,-0.45162745188542885
2020-02-18 16:12:00,-0.5026844840301123
2020-02-18 16:15:00,-0.32390123500579193
2020-02-18 16:18:00,-0.3666583763528024
2020-02-18 16:21:00,-0.4159258672875126
2020-02-18 16:24:00,-0.38008734584445847
2020-02-18 16:27:00,-0.43457513346322685
2020-02-18 16:30:00,-0.3415956326231253
2020-02-18 16:33:00,-0.4214896674867532
2020-02-18 16:36:00,-0.42775268072881545
2020-02-18 16:39:00,-0.3821740714822681
2020-02-18 16:42:00,-0.3286709085241455
2020-02-18 16:45:00,-0.4040170256130864
2020-02-18 16:48:00,-0.2858754061527975
2020-02-18 16:51:00,-0.40856876727571034
2020-02-18 16:54:00,-0.3108080736553802
2020-02-18 16:57:00,-0.33416497352277474
2020-02-18 17:00:00,-0.43407105813327007
2020-02-18 17:03:00,-0.39759900995289854
2020-02-18 17:06:00,-0.3362129026139087
2020-02-18 17:09:00,-0.24622595618205878
2020-02-18 17:12:00,-0.30231056380978316
2020-02-18 17:15:00,-0.3857625799734592
2020-02-18 17:18:00,-0.2744216407381259
2020-02-18 17:21:00,-0.2807804735501236
2020-02-18 17:24:00,-0.4080454903997861
2020-02-18 17:27:00,-0.3750856999893699
2020-02-18 17:30:00,-0.3945539342408324
2020-02-18 17:33:00,-0.3370172132264315
2020-02-18 17:36:00,-0.34549410588937235
2020-02-18 17:39:00,-0.32170703583562954
2020-02-18 17:42:00,-0.2952599541118275
2020-02-18 17:45:00,-0.33881865568741887
2020-02-18 17:48:00,-0.35682311179840553
2020-02-18 17:51:00,-0.30567826419581934
2020-02-18 17:54:00,-0.3346777990637406
2020-02-18 17:57:00,-0.2899996078195386
2020-02-18 18:00:00,-0.32966613573523773
2020-02-18 18:03:00,-0.32635350012930076
2020-02-18 18:06:00,-0.3171782094551645
2020-02-18 18:09:00,-0.2849874279170308
2020-02-18 18:12:00,-0.3910768144526173
2020-02-18 18:15:00,-0.3236286818433314
2020-02-18 18:18:00,-0.3812804102781797
2020-02-18 18:21:00,-0.20902848002407382
2020-02-18 18:24:00,-0.34910639467443616
2020-02-18 18:27:00,-0.2783382310279876
2020-02-18 18:30:00,-0.24889790403352663
2020-02-18 18:33:00,-0.3495965832802881
2020-02-18 18:36:00,-0.4399760751209101
2020-02-18 18:39:00,-0.31529564106074304
2020-02-18 18:42:00,-0.2800241931021219
2020-02-18 18:45:00,-0.33734053019509247
2020-02-18 18:48:00,-0.2737964368154735
2020-02-18 18:51:00,-0.2499883761825572
2020-02-18 18:54:00,-0.2764555903755763
2020-02-18 18:57:00,
2020-02-18 19:00:00,
2020-02-18 19:03:00,-0.18879707707105808
2020-02-18 19:06:00,-0.2629181146193105
2020-02-18 19:09:00,-0.26321426043597285
2020-02-18 19:12:00,-0.1897190779424136
2020-02-18 19:15:00,-0.18387077563716048
2020-02-18 19:18:00,-0.31801123221822536
2020-02-18 19:21:00,-0.19429496223085607
2020-02-18 19:24:00,-0.19423633058369205
2020-02-18 19:27:00,-0.18956044200211863
2020-02-18 19:30:00,-0.0589456529396557
2020-02-18 19:33:00,-0.23451366122208128
2020-02-18 19:36:00,-0.11083348295210271
2020-02-18 19:39:00,-0.21840077739784647
2020-02-18 19:42:00,-0.22487751443037496
2020-02-18 19:45:00,-0.27563627812213554
2020-02-18 19:48:00,-0.1100535228889612
2020-02-18 19:51:00,-0.08557190750377686
2020-02-18 19:54:00,-0.14465508767597157
2020-02-18 19:57:00,-0.14196367256289477
2020-02-18 20:00:00,-0.13189480611850968
2020-02-18 20:03:00,-0.08592636748784344
2020-02-18 20:06:00,-0.0743848183772684
2020-02-18 20:09:00,-0.04918616872748771
2020-02-18 20:12:00,-0.13030414741007235
2020-02-18 20:15:00,0.02859608054995988
2020-02-18 20:18:00,-0.09811163770461917
2020-02-18 20:21:00,-0.037329803926240857
2020-02-18 20:24:00,-0.1165453148678921
2020-02-18 20:27:00,-0.10934411775593844
2020-02-18 20:30:00,-0.14123371575533383
2020-02-18 20:33:00,-0.176010850718626
2020-02-18 20:36:00,-0.099796370728086
2020-02-18 20:39:00,-0.08011240443090628
2020-02-18 20:42:00,-0.06455961518929598
2020-02-18 20:45:00,-0.14111087103958653
2020-02-18 20:48:00,-0.12849280219955972
2020-02-18 20:51:00,-0.07701874028066413
2020-02-18 20:54:00,-0.17670811976165623
2020-02-18 20:57:00,-0.13763900794521078
2020-02-18 21:00:00,-0.0313637771009212
2020-02-18 21:03:00,-0.06423552206030081
2020-02-18 21:06:00,0.028446349826765527
2020-02-18 21:09:00,-0.16770128967488063
2020-02-18 21:12:00,-0.09149968380847895
2020-02-18 21:15:00,-0.0228418167787936
2020-02-18 21:18:00,-0.15086500078786003
2020-02-18 21:21:00,-0.11835787726505487
2020-02-18 21:24:00,-0.09869781385185661
2020-02-18 21:27:00,-0.09319619005873392
2020-02-18 21:30:00,-0.00786163563793707
2020-02-18 21:33:00,-0.09481427337749437
2020-02-18 21:36:00,-0.11640216578820173
2020-02-18 21:39:00,-0.11344842562380109
2020-02-18 21:42:00,-0.11949256389550555
2020-02-18 21:45:00,-0.009590224946009585
2020-02-18 21:48:00,-0.0837825034702746
2020-02-18 21:51:00,0.03078227071927131
2020-02-18 21:54:00,-0.012304550897283661
2020-02-18 21:57:00,-0.034839389472836046
2020-02-18 22:00:00,-0.12233787237499882
2020-02-18 22:03:00,-0.09636546896223308
2020-02-18 22:06:00,0.05318576243666939
2020-02-18 22:09:00,0.0076661287014303525
2020-02-18 22:12:00,-0.04675977175435264
2020-02-18 22:15:00,-0.004287357418945703
2020-02-18 22:18:00,-0.004983212150648342
2020-02-18 22:21:00,0.005912182794588716
2020-02-18 22:24:00,-0.07410917125037031
2020-02-18 22:27:00,-0.007767596196231352
2020-02-18 22:30:00,-0.052465522011914345
2020-02-18 22:33:00,-0.05351918534597644
2020-02-18 22:36:00,-0.06227086044617636
2020-02-18 22:39:00,-0.041073343279947494
2020-02-18 22:42:00,-0.061477066099485
2020-02-18 22:45:00,-0.014490268076713164
2020-02-18 22:48:00,-0.11349527894844869
2020-02-18 22:51:00,-0.07484543605630734
2020-02-18 22:54:00,-0.15420886103458997
2020-02-18 22:57:00,-0.013252722301274389
2020-02-18 23:00:00,0.034088421396404556
2020-02-18 23:03:00,-0.024344243271116284
2020-02-18 23:06:00,-0.059686338603285094
2020-02-18 23:09:00,-0.0038210340011914923
2020-02-18 23:12:00,0.03283786374441888
2020-02-18 23:15:00,-0.12829670145600858
2020-02-18 23:18:00,-0.04266038605686617
2020-02-18 23:21:00,-0.02118676859140578
2020-02-18 23:24:00,-0.02351543787568744
2020-02-18 23:27:00,-0.044423276645375154
2020-02-18 23:30:00,-0.035429823243759984
2020-02-18 23:33:00,-0.011645420902254955
2020-02-18 23:36:00,-0.04172789674157684
2020-02-18 23:39:00,-0.09463628699802484
2020-02-18 23:42:00,-0.038403859699144505
2020-02-18 23:45:00,0.012311454439895897
2020-02-18 23:48:00,-0.057365460699941195
2020-02-18 23:51:00,-0.04527970505199619
2020-02-18 23:54:00,0.03269547439623466
2020-02-18 23:57:00,0.05950464344772399
2020-02-19 00:00:00,-0.007848420328798511
2020-02-19 00:03:00,0.013500630961175375
2020-02-19 00:06:00,0.05887772102704503
2020-02-19 00:09:00,0.09240497863606834
2020-02-19 00:12:00,0.06812380773828863
2020-02-19 00:15:00,-0.027928508852085088
2020-02-19 00:18:00,0.00658833520378721
2020-02-19 00:21:00,-0.032389204502635494
2020-02-19 00:24:00,0.07670540840820195
2020-02-19 00:27:00,0.017586573884443624
2020-02-19 00:30:00,-0.04448110116504722
2020-02-19 00:33:00,0.08050499467782402
2020-02-19 00:36:00,0.026096658810047302
2020-02-19 00:39:00,-0.05665835569908495
2020-02-19 00:42:00,-0.10645756575877385
2020-02-19 00:45:00,-0.04741522205597448
2020-02-19 00:48:00,-0.08065845908663505
2020-02-19 00:51:00,-0.05385853715358735
2020-02-19 00:54:00,0.08438623821086821
2020-02-19 00:57:00,-0.046135139216630705
2020-02-19 01:00:00,-0.0396809481968603
2020-02-19 01:03:00,0.03710140797090844
2020-02-19 01:06:00,0.002288006755520655
2020-02-19 01:09:00,0.1339238536107814
2020-02-19 01:12:00,0.10425812730960615
2020-02-19 01:15:00,0.03225556981573163
2020-02-19 01:18:00,0.07755628511051782
2020-02-19 01:21:00,0.08134282362499334
2020-02-19 01:24:00,0.0694475724072845
2020-02-19 01:27:00,0.0903266080710523
2020-02-19 01:30:00,0.058708200746764305
2020-02-19 01:33:00,0.028277263161726296
2020-02-19 01:36:00,0.1565523854935691
2020-02-19 01:39:00,0.03338192582020838
2020-02-19 01:42:00,0.10253533889124355
2020-02-19 01:45:00,0.10950883292309754
2020-02-19 01:48:00,0.015423395960226571
2020-02-19 01:51:00,0.09916896471412429
2020-02-19 01:54:00,0.054855507061233766
2020-02-19 01:57:00,0.07214709589845825
2020-02-19 02:00:00,0.027707090766114106
2020-02-19 02:03:00,0.08753125931883687
2020-02-19 02:06:00,0.05320513228747359
2020-02-19 02:09:00,0.01980977424750563
2020-02-19 02:12:00,0.12339946034330751
2020-02-19 02:15:00,0.12783907777475179
2020-02-19 02:18:00,0.14661797825436906
2020-02-19 02:21:00,0.08496760450060492
2020-02-19 02:24:00,0.05238632621836814
2020-02-19 02:27:00,0.013377608946029795
2020-02-19 02:30:00,0.05188962537920361
2020-02-19 02:33:00,0.08703608483403968
2020-02-19 02:36:00,0.13890024971379944
2020-02-19 02:39:00,0.07632206813008224
2020-02-19 02:42:00,0.06025435147836333
2020-02-19 02:45:00,0.015933639586023673
2020-02-19 02:48:00,0.16554321749060819
2020-02-19 02:51:00,0.13629750927964324
2020-02-19 02:54:00,0.11028481387864986
2020-02-19 02:57:00,0.12815119830412414
2020-02-19 03:00:00,0.10126469450852937
2020-02-19 03:03:00,0.08444355244597546
2020-02-19 03:06:00,0.13499807898125482
2020-02-19 03:09:00,0.1981551222815483
2020-02-19 03:12:00,0.15823514586202236
2020-02-19 03:15:00,0.10145857166037331
2020-02-19 03:18:00,0.1444028670007924
2020-02-19 03:21:00,0.1618692425753352
2020-02-19 03:24:00,0.15270549790659516
2020-02-19 03:27:00,0.12576725435746994
2020-02-19 03:30:00,0.15386192495179785
2020-02-19 03:33:00,0.1497078722412084
2020-02-19 03:36:00,0.13192467514477357
2020-02-19 03:39:00,0.17154823532837327
2020-02-19 03:42:00,0.1512866493106344
2020-02-19 03:45:00,0.14843960170213677
2020-02-19 03:48:00,0.15379011209597593
2020-02-19 03:51:00,0.11502137305546967
2020-02-19 03:54:00,0.15751133508780413
2020-02-19 03:57:00,0.19445371073197748
2020-02-19 04:00:00,0.17469183335009575
2020-02-19 04:03:00,0.1907822827038217
2020-02-19 04:06:00,0.1598225173096921
2020-02-19 04:09:00,0.186430387291864
2020-02-19 04:12:00,0.15046671472339312
2020-02-19 04:15:00,0.2183572440051762
2020-02-19 04:18:00,0.16774575423579563
2020-02-19 04:21:00,0.1319095840707405
2020-02-19 04:24:00,0.2152156539813177
2020-02-19 04:27:00,0.23536109585865006
2020-02-19 04:30:00,0.2706191123014037
2020-02-19 04:33:00,0.17818344296654232
2020-02-19 04:36:00,0.2189437767049185
2020-02-19 04:39:00,0.28241658932171276
2020-02-19 04:42:00,0.2267702518259398
2020-02-19 04:45:00,0.17368149772340757
2020-02-19 04:48:00,0.14326244497294738
2020-02-19 04:51:00,0.25665401239024277
2020-02-19 04:54:00,0.23152712191836144
2020-02-19 04:57:00,0.22175455385422538
2020-02-19 05:00:00,0.20507253667238956
2020-02-19 05:03:00,0.2581847059096276
2020-02-19 05:06:00,0.2640539270305453
2020-02-19 05:09:00,0.23310830514606096
2020-02-19 05:12:00,0.27046336037591345
2020-02-19 05:15:00,0.2711941530160402
2020-02-19 05:18:00,0.19952334492018053
2020-02-19 05:21:00,0.2857802136257419
2020-02-19 05:24:00,0.20368924888737183
2020-02-19 05:27:00,0.2612314295001852
2020-02-19 05:30:00,0.2665110390309451
2020-02-19 05:33:00,0.3071570275598674
2020-02-19 05:36:00,0.3019085411581841
2020-02-19 05:39:00,0.2814414866167567
2020-02-19 05:42:00,0.2918717638956423
2020-02-19 05:45:00,0.3621995190472944
2020-02-19 05:48:00,0.341361469093556
2020-02-19 05:51:00,0.3628339159362781
2020-02-19 05:54:00,0.38992454342144356
2020-02-19 05:57:00,0.30503007945929994
2020-02-19 06:00:00,0.3554590921593217
2020-02-19 06:03:00,0.22157250064282152
2020-02-19 06:06:00,0.2542177318094332
2020-02-19 06:09:00,0.33175344217482916
2020-02-19 06:12:00,0.3316786064171424
2020-02-19 06:15:00,0.37230699786613286
2020-02-19 06:18:00,0.2757083821742299
2020-02-19 06:21:00,0.3544834141759452
2020-02-19 06:24:00,0.36613219864483426
2020-02-19 06:27:00,0.38517622756796754
2020-02-19 06:30:00,0.3125470724228876
2020-02-19 06:33:00,0.37330575526272014
2020-02-19 06:36:00,0.35404951630948744
2020-02-19 06:39:00,0.2933550606085191
2020-02-19 06:42:00,0.3352777931591504
2020-02-19 06:45:00,0.36299270122140115
2020-02-19 06:48:00,0.316639698593292
2020-02-19 06:51:00,0.3534772108203583
2020-02-19 06:54:00,0.34767372022793097
2020-02-19 06:57:00,0.32757975216497925
2020-02-19 07:00:00,0.3215763119679309
2020-02-19 07:03:00,0.3494457263416848
2020-02-19 07:06:00,0.293165790482135
2020-02-19 07:09:00,0.43637932631986587
2020-02-19 07:12:00,0.290644200242582
2020-02-19 07:15:00,0.3499950245346213
2020-02-19 07:18:00,0.3367211146490945
2020-02-19 07:21:00,0.39678804932134426
2020-02-19 07:24:00,0.3851888890719124
2020-02-19 07:27:00,0.33086267021150206
2020-02-19 07:30:00,0.3637107244866229
2020-02-19 07:33:00,0.3437635437215931
2020-02-19 07:36:00,0.33975369503571073
2020-02-19 07:39:00,0.32496316321226004
2020-02-19 07:42:00,0.35069474756249974
2020-02-19 07:45:00,0.3603945194724929
2020-02-19 07:48:00,0.3203309587183867
2020-02-19 07:51:00,0.3017632828311889
2020-02-19 07:54:00,0.3346102953181571
2020-02-19 07:57:00,0.2606895397007065
2020-02-19 08:00:00,0.2993395776983334
2020-02-19 08:03:00,0.21624019813441464
2020-02-19 08:06:00,0.25244907346638
2020-02-19 08:09:00,0.2961296192077043
2020-02-19 08:12:00,0.32294737746701685
2020-02-19 08:15:00,0.28385291190255657
2020-02-19 08:18:00,0.2765803131580924
2020-02-19 08:21:00,0.27537089451988095
2020-02-19 08:24:00,0.24474990219118808
2020-02-19 08:27:00,0.11728474457811444
2020-02-19 08:30:00,0.3380411037364297
2020-02-19 08:33:00,0.37860709635265266
2020-02-19 08:36:00,0.19303417487822117
2020-02-19 08:39:00,0.03595046494353937
2020-02-19 08:42:00,0.2705017199006079
2020-02-19 08:45:00,0.19539499435632024
2020-02-19 08:48:00,0.22347216045955065
2020-02-19 08:51:00,0.17777220096775181
2020-02-19 08:54:00,0.23181046463633947
2020-02-19 08:57:00,0.11176114336325327
2020-02-19 09:00:00,0.1385601510174297
2020-02-19 09:03:00,0.1251726666158106
2020-02-19 09:06:00,0.10108942266549548
2020-02-19 09:09:00,0.12972246486663153
2020-02-19 09:12:00,0.09887792038614407
2020-02-19 09:15:00,0.11837438065379047
2020-02-19 09:18:00,0.0964623299683467
2020-02-19 09:21:00,0.018850025905805978
2020-02-19 09:24:00,0.15129661884230927
2020-02-19 09:27:00,0.04340946059460293
2020-02-19 09:30:00,-0.003029649879010776
2020-02-19 09:33:00,0.01856304179085555
2020-02-19 09:36:00,0.013030440254112818
2020-02-19 09:39:00,0.04203497398134459
2020-02-19 09:42:00,0.06829552096155567
2020-02-19 09:45:00,0.00846140422731878
2020-02-19 09:48:00,-0.07106059214169136
2020-02-19 09:51:00,-0.02503170561777779
2020-02-19 09:54:00,-0.1279894282641294
2020-02-19 09:57:00,-0.05653913027680346
2020-02-19 10:00:00,-0.08801404033488325
2020-02-19 10:03:00,-0.1667316255296214
2020-02-19 10:06:00,-0.05957306881032309
2020-02-19 10:09:00,-0.08608246879992976
2020-02-19 10:12:00,-0.04645692259259704
2020-02-19 10:15:00,-0.06950824553473467
2020-02-19 10:18:00,-0.16597856143573608
2020-02-19 10:21:00,-0.019666210620584934
2020-02-19 10:24:00,-0.16250157502742013
2020-02-19 10:27:00,-0.21141720836470768
2020-02-19 10:30:00,-0.1474742319478537
2020-02-19 10:33:00,-0.13365386197853013
2020-02-19 10:36:00,-0.14339873419328342
2020-02-19 10:39:00,-0.13162911709770242
2020-02-19 10:42:00,-0.14115818898261523
2020-02-19 10:45:00,-0.1666965195010448
2020-02-19 10:48:00,-0.3301017335930396
2020-02-19 10:51:00,-0.2474912752469436
2020-02-19 10:54:00,-0.3185828611032093
2020-02-19 10:57:00,-0.2821493673535542
2020-02-19 11:00:00,-0.27183863318265367
2020-02-19 11:03:00,-0.295884769017448
2020-02-19 11:06:00,-0.20953261106592436
2020-02-19 11:09:00,-0.14729124930380522
2020-02-19 11:12:00,-0.2553908134883045
2020-02-19 11:15:00,-0.26016470849071993
2020-02-19 11:18:00,-0.12073503333454028
2020-02-19 11:21:00,-0.21601438252213256
2020-02-19 11:24:00,-0.3135405489139771
2020-02-19 11:27:00,-0.38366308326260423
2020-02-19 11:30:00,-0.24698715586004028
2020-02-19 11:33:00,-0.28925803667772243
2020-02-19 11:36:00,-0.31449550237846324
2020-02-19 11:39:00,-0.21073024703713372
2020-02-19 11:42:00,-0.3879940080572055
2020-02-19 11:45:00,-0.33353891781843004
2020-02-19 11:48:00,-0.3510759804578356
2020-02-19 11:51:00,-0.24969843031561822
2020-02-19 11:54:00,-0.3961099354783073
2020-02-19 11:57:00,-0.3423716943674435
2020-02-19 12:00:00,-0.36652805259654997
2020-02-19 12:03:00,-0.35699036354640157
2020-02-19 12:06:00,-0.3975313552598436
2020-02-19 12:09:00,-0.44369472280288846
2020-02-19 12:12:00,-0.35460199247569335
2020-02-19 12:15:00,-0.4346095109617636
2020-02-19 12:18:00,-0.40488923389204956
2020-02-19 12:21:00,-0.37472920105500407
2020-02-19 12:24:00,-0.33714117602175975
2020-02-19 12:27:00,-0.41100388424229095
2020-02-19 12:30:00,-0.424777446120288
2020-02-19 12:33:00,-0.35192666655080984
2020-02-19 12:36:00,-0.355230708445049
2020-02-19 12:39:00,-0.33718741652120343
2020-02-19 12:42:00,-0.34684312376725757
2020-02-19 12:45:00,-0.3012048170202206
2020-02-19 12:48:00,-0.5061800252616422
2020-02-19 12:51:00,-0.33425896572714464
2020-02-19 12:54:00,-0.33537503910093847
2020-02-19 12:57:00,-0.28928898067135833
2020-02-19 13:00:00,-0.40924315194843075
2020-02-19 13:03:00,-0.34604807522617875
2020-02-19 13:06:00,-0.3545436241458333
2020-02-19 13:09:00,-0.4641672838761224
2020-02-19 13:12:00,-0.45995728137802416
2020-02-19 13:15:00,-0.4039350045125616
2020-02-19 13:18:00,-0.5127987569463812
2020-02-19 13:21:00,-0.5323811924723145
2020-02-19 13:24:00,-0.39116231073916197
2020-02-19 13:27:00,-0.5730465806938128
2020-02-19 13:30:00,-0.5083630936746886
2020-02-19 13:33:00,-0.480450677633371
2020-02-19 13:36:00,-0.5673308937040815
2020-02-19 13:39:00,-0.5007709181283531
2020-02-19 13:42:00,-0.4152210671978196
2020-02-19 13:45:00,-0.5157433814499655
2020-02-19 13:48:00,-0.45720555119021355
2020-02-19 13:51:00,-0.31793526545123996
2020-02-19 13:54:00,-0.5311981281206499
2020-02-19 13:57:00,-0.5346156394651302
2020-02-19 14:00:00,-0.39030467880536435
2020-02-19 14:03:00,-0.5075938882599189
2020-02-19 14:06:00,-0.39089717077411024
2020-02-19 14:09:00,-0.4723849888277414
2020-02-19 14:12:00,-0.47484941866258623
2020-02-19 14:15:00,-0.45351647163755615
2020-02-19 14:18:00,-0.39853068694850435
2020-02-19 14:21:00,-0.5035060449868638
2020-02-19 14:24:00,-0.6167571751679475
2020-02-19 14:27:00,-0.5579063582744084
2020-02-19 14:30:00,-0.5272493042375572
2020-02-19 14:33:00,-0.44909588874065776
2020-02-19 14:36:00,-0.5894562982680327
2020-02-19 14:39:00,-0.47435777684836467
2020-02-19 14:42:00,-0.4723851248282358
2020-02-19 14:45:00,-0.3952644513523751
2020-02-19 14:48:00,-0.40871997325285747
2020-02-19 14:51:00,-0.4929145492189946
2020-02-19 14:54:00,-0.4504587638293174
2020-02-19 14:57:00,-0.4121186520633273
2020-02-19 15:00:00,-0.3281742123161848
2020-02-19 15:03:00,-0.4232672640027886
2020-02-19 15:06:00,-0.4371614156842156
2020-02-19 15:09:00,-0.39327580520415495
2020-02-19 15:12:00,-0.30879807496228295
2020-02-19 15:15:00,-0.4469359844854921
2020-02-19 15:18:00,-0.49381804813049257
2020-02-19 15:21:00,-0.5296512058960161
2020-02-19 15:24:00,-0.5135433926990345
2020-02-19 15:27:00,-0.46546026657233597
2020-02-19 15:30:00,-0.4025148128243927
2020-02-19 15:33:00,-0.5174837508055248
2020-02-19 15:36:00,-0.5311155047126022
2020-02-19 15:39:00,-0.48779117034194996
2020-02-19 15:42:00,-0.4002164700612525
2020-02-19 15:45:00,-0.4889708649966451
2020-02-19 15:48:00,-0.42367141830555965
2020-02-19 15:51:00,-0.4455480522746029
2020-02-19 15:54:00,-0.4653896339368089
2020-02-19 15:57:00,-0.5708057891515068
2020-02-19 16:00:00,-0.49754771762570726
2020-02-19 16:03:00,-0.47374522036000144
2020-02-19 16:06:00,-0.5393209559676961
2020-02-19 16:09:00,-0.5103061355529803
2020-02-19 16:12:00,-0.5210522587042306
2020-02-19 16:15:00,-0.4639784523185426
2020-02-19 16:18:00,-0.532060931570868
2020-02-19 16:21:00,-0.5042963224180994
2020-02-19 16:24:00,-0.4508386434076215
2020-02-19 16:27:00,-0.50159773513667
2020-02-19 16:30:00,-0.6115490157026784
2020-02-19 16:33:00,-0.47384749335100196
2020-02-19 16:36:00,-0.5153816257976018
2020-02-19 16:39:00,-0.5212454707286156
2020-02-19 16:42:00,-0.4319388558645869
2020-02-19 16:45:00,-0.5043003139311395
2020-02-19 16:48:00,-0.45315818967753785
2020-02-19 16:51:00,-0.5107114632910452
2020-02-19 16:54:00,-0.4965653104238754
2020-02-19 16:57:00,-0.5822982350782695
2020-02-19 17:00:00,-0.3808027288924336
2020-02-19 17:03:00,-0.38677950788837734
2020-02-19 17:06:00,-0.4748228599372055
2020-02-19 17:09:00,-0.46169779840982983
2020-02-19 17:12:00,-0.47363946960933845
2020-02-19 17:15:00,-0.4445078223934047
2020-02-19 17:18:00,-0.48510284179832297
2020-02-19 17:21:00,-0.4452219180240604
2020-02-19 17:24:00,-0.47149448056126175
2020-02-19 17:27:00,-0.4942384837783038
2020-02-19 17:30:00,-0.49842385045309356
2020-02-19 17:33:00,-0.5633967792959425
2020-02-19 17:36:00,-0.4655240585143474
2020-02-19 17:39:00,-0.5084997975476995
2020-02-19 17:42:00,-0.48854986609302387
2020-02-19 17:45:00,-0.48910483435486185
2020-02-19 17:48:00,-0.4481555480512611
2020-02-19 17:51:00,-0.4024447286762438
2020-02-19 17:54:00,-0.5190045450089542
2020-02-19 17:57:00,-0.39687653905633624
2020-02-19 18:00:00,-0.3978513192575974
2020-02-19 18:03:00,-0.3848030230622044
2020-02-19 18:06:00,-0.46424311575435695
2020-02-19 18:09:00,-0.47782279111299886
2020-02-19 18:12:00,-0.5216181816140306
2020-02-19 18:15:00,-0.31612535305390566
2020-02-19 18:18:00,-0.46857930707619744
2020-02-19 18:21:00,-0.43852079754969964
2020-02-19 18:24:00,-0.40503069017051985
2020-02-19 18:27:00,-0.4031312553196358
2020-02-19 18:30:00,-0.37627626588846397
2020-02-19 18:33:00,-0.4308084497916411
2020-02-19 18:36:00,-0.266533345711764
2020-02-19 18:39:00,-0.3565188198968485
2020-02-19 18:42:00,-0.31666922746097725
2020-02-19 18:45:00,-0.21253299254459534
2020-02-19 18:48:00,-0.46469081604516305
2020-02-19 18:51:00,-0.3030176818465975
2020-02-19 18:54:00,
2020-02-19 18:57:00,
2020-02-19 19:00:00,
2020-02-19 19:03:00,-0.4203769830829742
2020-02-19 19:06:00,-0.31528950643212283
2020-02-19 19:09:00,-0.33624627260820716
2020-02-19 19:12:00,-0.29722760978654605
2020-02-19 19:15:00,-0.37725605630521386
2020-02-19 19:18:00,-0.2852470502006099
2020-02-19 19:21:00,-0.3588383246417379
2020-02-19 19:24:00,-0.27614991752528795
2020-02-19 19:27:00,-0.2944141794299071
2020-02-19 19:30:00,-0.30377727018327505
2020-02-19 19:33:00,-0.35967155176103915
2020-02-19 19:36:00,-0.3250110950049816
2020-02-19 19:39:00,-0.3006800128808891
2020-02-19 19:42:00,-0.3661509545727313
2020-02-19 19:45:00,-0.33627652801055774
2020-02-19 19:48:00,-0.3739648055975522
2020-02-19 19:51:00,-0.3093426367708503
2020-02-19 19:54:00,-0.3239445105988352
2020-02-19 19:57:00,-0.3718595577012138
2020-02-19 20:00:00,-0.37294587751432573
2020-02-19 20:03:00,-0.37975180193456026
2020-02-19 20:06:00,-0.329296274510682
2020-02-19 20:09:00,-0.2571236281509641
2020-02-19 20:12:00,-0.21735297735085624
2020-02-19 20:15:00,-0.26973250718896224
2020-02-19 20:18:00,-0.35605051434424695
2020-02-19 20:21:00,-0.3530735563035705
2020-02-19 20:24:00,-0.27364676464975446
2020-02-19 20:27:00,-0.30095195679137987
2020-02-19 20:30:00,-0.22685545101717253
2020-02-19 20:33:00,-0.318769174203112
2020-02-19 20:36:00,-0.27653133046624134
2020-02-19 20:39:00,-0.22046019626452562
2020-02-19 20:42:00,-0.22921790174319767
2020-02-19 20:45:00,-0.2452734120259379
2020-02-19 20:48:00,-0.1792337743236203
2020-02-19 20:51:00,-0.2025283238425004
2020-02-19 20:54:00,-0.13252841741848442
2020-02-19 20:57:00,-0.2084712278900156
2020-02-19 21:00:00,-0.23002766000973907
2020-02-19 21:03:00,-0.10108686481123641
2020-02-19 21:06:00,-0.18274049732156072
2020-02-19 21:09:00,-0.2622615163527371
2020-02-19 21:12:00,-0.3146742334858459
2020-02-19 21:15:00,-0.17468755141783276
2020-02-19 21:18:00,-0.08527319539768996
2020-02-19 21:21:00,-0.13196852604301057
2020-02-19 21:24:00,-0.1562785066544734
2020-02-19 21:27:00,-0.1305507390910634
2020-02-19 21:30:00,-0.09472166067649823
2020-02-19 21:33:00,-0.046328532897859986
2020-02-19 21:36:00,-0.024487614975726046
2020-02-19 21:39:00,-0.08611419243737828
2020-02-19 21:42:00,-0.1723963433932454
2020-02-19 21:45:00,-0.14215032731942756
2020-02-19 21:48:00,-0.1179820872710593
2020-02-19 21:51:00,-0.20794787963603767
2020-02-19 21:54:00,-0.25492912986635474
2020-02-19 21:57:00,-0.05688516913920694
2020-02-19 22:00:00,-0.1565942521080501
2020-02-19 22:03:00,-0.15603452048770805
2020-02-19 22:06:00,-0.20713930880413045
2020-02-19 22:09:00,-0.10649297781344558
2020-02-19 22:12:00,-0.13271296714202663
2020-02-19 22:15:00,-0.13300007921606039
2020-02-19 22:18:00,-0.15410422529629386
2020-02-19 22:21:00,-0.14528725642600193
2020-02-19 22:24:00,-0.02116958455371787
2020-02-19 22:27:00,0.1311669570960703
2020-02-19 22:30:00,0.1317134353260485
2020-02-19 22:33:00,0.15188974461818816
2020-02-19 22:36:00,0.003977131534895761
2020-02-19 22:39:00,-0.07535757322193604
2020-02-19 22:42:00,-0.003847881858519031
2020-02-19 22:45:00,-0.04557676412287037
2020-02-19 22:48:00,0.01935697863569885
2020-02-19 22:51:00,-0.08775276103131091
2020-02-19 22:54:00,-0.1356317998005352
2020-02-19 22:57:00,-0.06366002660757886
2020-02-19 23:00:00,-0.05315184768198833
2020-02-19 23:03:00,0.0061137424298749465
2020-02-19 23:06:00,0.06515011525766568
2020-02-19 23:09:00,-0.038117661266539926
2020-02-19 23:12:00,0.021078447587740357
2020-02-19 23:15:00,-0.05092943327059629
2020-02-19 23:18:00,-0.11671321587317607
2020-02-19 23:21:00,-0.11502947646908979
2020-02-19 23:24:00,-0.004027564908710701
2020-02-19 23:27:00,-0.05444861123220335
2020-02-19 23:30:00,-0.07776478605705961
2020-02-19 23:33:00,-0.026328874604075736
2020-02-19 23:36:00,0.07401592414890956
2020-02-19 23:39:00,0.09996641039271026
2020-02-19 23:42:00,0.15918379718533515
2020-02-19 23:45:00,0.27466512578541824
2020-02-19 23:48:00,0.41217965460907635
2020-02-19 23:51:00,0.2981932670049332
2020-02-19 23:54:00,0.3334862292792877
2020-02-19 23:57:00,0.2585879534771607
2020-02-20 00:00:00,0.12000342088799698
2020-02-20 00:03:00,0.07723633631343318
2020-02-20 00:06:00,0.07788585282656868
2020-02-20 00:09:00,-0.04640556445878019
2020-02-20 00:12:00,0.0563576729551869
2020-02-20 00:15:00,-0.05542413766079335
2020-02-20 00:18:00,0.10039490595357847
2020-02-20 00:21:00,0.009997832505575843
2020-02-20 00:24:00,0.05615037528997391
2020-02-20 00:27:00,-0.058555065645578
2020-02-20 00:30:00,-0.024032024756934334
2020-02-20 00:33:00,-0.06060719134120518
2020-02-20 00:36:00,-0.02790402323876151
2020-02-20 00:39:00,-0.10963997842935669
2020-02-20 00:42:00,-0.05633013692641953
2020-02-20 00:45:00,-0.06905862587069578
2020-02-20 00:48:00,-0.09865749732392715
2020-02-20 00:51:00,0.0020131981631834606
2020-02-20 00:54:00,-0.01233598405929115
2020-02-20 00:57:00,0.07087362973226163
2020-02-20 01:00:00,0.04600837412522196
2020-02-20 01:03:00,-0.012604689808597414
2020-02-20 01:06:00,0.0013132029980056359
2020-02-20 01:09:00,-0.0059613771954900585
2020-02-20 01:12:00,0.1037547980277509
2020-02-20 01:15:00,0.0839645036646175
2020-02-20 01:18:00,0.06531218775438674
2020-02-20 01:21:00,0.05873780226625058
2020-02-20 01:24:00,0.03668308263831932
2020-02-20 01:27:00,0.03903693166722633
2020-02-20 01:30:00,-0.0004791662669276775
2020-02-20 01:33:00,0.03969879799348064
2020-02-20 01:36:00,-0.07188496057040084
2020-02-20 01:39:00,0.03303433640400044
2020-02-20 01:42:00,0.006207771340086765
2020-02-20 01:45:00,0.008292096915511138
2020-02-20 01:48:00,0.020635859953415547
2020-02-20 01:51:00,0.11251012963822404
2020-02-20 01:54:00,0.06476352336579794
2020-02-20 01:57:00,0.07654601250266069
2020-02-20 02:00:00,0.08641721594665341
2020-02-20 02:03:00,0.06269410991779978
2020-02-20 02:06:00,0.026675879576828265
2020-02-20 02:09:00,0.1388249808167643
2020-02-20 02:12:00,0.09016724258435715
2020-02-20 02:15:00,0.10748066499456854
2020-02-20 02:18:00,0.09038581599435247
2020-02-20 02:21:00,0.017538064464019953
2020-02-20 02:24:00,0.11451498789330117
2020-02-20 02:27:00,0.05787904594620841
2020-02-20 02:30:00,0.13596172122123562
2020-02-20 02:33:00,0.0697977275036692
2020-02-20 02:36:00,0.11042842727590596
2020-02-20 02:39:00,0.050240803766769204
2020-02-20 02:42:00,0.10419811235078669
2020-02-20 02:45:00,0.1390704268422951
2020-02-20 02:48:00,0.04306184971613902
2020-02-20 02:51:00,0.11122815327092894
2020-02-20 02:54:00,0.0894316136440807
2020-02-20 02:57:00,0.19282422139889377
2020-02-20 03:00:00,0.19788830741458696
2020-02-20 03:03:00,0.25024231625127413
2020-02-20 03:06:00,0.19435502244988356
2020-02-20 03:09:00,0.27364059429049803
2020-02-20 03:12:00,0.3173214615678148
2020-02-20 03:15:00,0.24996638771756352
2020-02-20 03:18:00,0.22007421120639492
2020-02-20 03:21:00,0.30038486401286946
2020-02-20 03:24:00,0.2714327089235553
2020-02-20 03:27:00,0.22480444645896114
2020-02-20 03:30:00,0.14627023645897452
2020-02-20 03:33:00,0.22213867649526264
2020-02-20 03:36:00,0.2514371851867736
2020-02-20 03:39:00,0.21831971638283676
2020-02-20 03:42:00,0.122198189770927
2020-02-20 03:45:00,0.23995736250725486
2020-02-20 03:48:00,0.1125592092346892
2020-02-20 03:51:00,0.24507753252703424
2020-02-20 03:54:00,0.22569292765865612
2020-02-20 03:57:00,0.25059436915256583
2020-02-20 04:00:00,0.1937204142722635
2020-02-20 04:03:00,0.17306664733649768
2020-02-20 04:06:00,0.26908416669635926
2020-02-20 04:09:00,0.1917247130816122
2020-02-20 04:12:00,0.2180004704221119
2020-02-20 04:15:00,0.12866994867647463
2020-02-20 04:18:00,0.10085526244824905
2020-02-20 04:21:00,0.20521258406864717
2020-02-20 04:24:00,0.2734611807258034
2020-02-20 04:27:00,0.20234696372114058
2020-02-20 04:30:00,0.24479978194943897
2020-02-20 04:33:00,0.14678021392353457
2020-02-20 04:36:00,0.1860074248405681
2020-02-20 04:39:00,0.298717676535432
2020-02-20 04:42:00,0.22018641933954086
2020-02-20 04:45:00,0.22194287298401605
2020-02-20 04:48:00,0.15170464004626183
2020-02-20 04:51:00,0.1482737608086495
2020-02-20 04:54:00,0.12678626372297686
2020-02-20 04:57:00,0.14659385913984124
2020-02-20 05:00:00,0.13706459676660643
2020-02-20 05:03:00,0.1114405548937043
2020-02-20 05:06:00,0.15550026672872264
2020-02-20 05:09:00,0.12633977973570154
2020-02-20 05:12:00,0.12345533318142543
2020-02-20 05:15:00,0.15422782083152242
2020-02-20 05:18:00,0.15493957355892007
2020-02-20 05:21:00,0.17073416519525608
2020-02-20 05:24:00,0.1683534423701758
2020-02-20 05:27:00,0.11569219287775923
2020-02-20 05:30:00,0.09715712675296118
2020-02-20 05:33:00,0.14490362889307562
2020-02-20 05:36:00,0.13414122430526731
2020-02-20 05:39:00,0.11783284481276723
2020-02-20 05:42:00,0.08846260782456739
2020-02-20 05:45:00,0.11549702773248782
2020-02-20 05:48:00,0.12788051180990578
2020-02-20 05:51:00,0.13771055259638842
2020-02-20 05:54:00,0.08915070555224247
2020-02-20 05:57:00,0.20421076925549642
2020-02-20 06:00:00,0.15043267566204577
2020-02-20 06:03:00,0.0782787799209359
2020-02-20 06:06:00,0.13110949707549935
2020-02-20 06:09:00,0.12956886407414459
2020-02-20 06:12:00,0.13199185596852203
2020-02-20 06:15:00,0.12150987406636204
2020-02-20 06:18:00,0.13464775218341174
2020-02-20 06:21:00,0.17935142521361058
2020-02-20 06:24:00,0.12551843211480218
2020-02-20 06:27:00,0.04696609996994994
2020-02-20 06:30:00,0.06095314447833289
2020-02-20 06:33:00,0.08732910435975327
2020-02-20 06:36:00,0.03130552577971457
2020-02-20 06:39:00,0.0722725441501666
2020-02-20 06:42:00,-0.09721165426549305
2020-02-20 06:45:00,-0.021232088419424144
2020-02-20 06:48:00,0.08918663113144021
2020-02-20 06:51:00,0.013438225790707747
2020-02-20 06:54:00,0.12401862789363349
2020-02-20 06:57:00,-0.03176259478703969
2020-02-20 07:00:00,0.017153046448584064
2020-02-20 07:03:00,0.08399922636971269
2020-02-20 07:06:00,0.007647394310708933
2020-02-20 07:09:00,-0.03265695625555054
2020-02-20 07:12:00,0.08717978765952239
2020-02-20 07:15:00,-0.006840521068966154
2020-02-20 07:18:00,-0.06380262162593908
2020-02-20 07:21:00,0.013503001908134138
2020-02-20 07:24:00,0.05680121040194308
2020-02-20 07:27:00,0.008265757696847231
2020-02-20 07:30:00,-0.081557727481254
2020-02-20 07:33:00,0.05488287440522299
2020-02-20 07:36:00,-0.019493865756885498
2020-02-20 07:39:00,-0.004605240963712731
2020-02-20 07:42:00,0.15734152990302164
2020-02-20 07:45:00,0.06949642283353796
2020-02-20 07:48:00,0.0534977429748551
2020-02-20 07:51:00,0.0663192648577251
2020-02-20 07:54:00,-0.04234829020600728
2020-02-20 07:57:00,0.09500006286737062
2020-02-20 08:00:00,0.020883925895759603
2020-02-20 08:03:00,0.01268211000217434
2020-02-20 08:06:00,-0.04904713187272591
2020-02-20 08:09:00,0.02300250635556722
2020-02-20 08:12:00,0.030908355494773332
2020-02-20 08:15:00,-0.0023389198055951965
2020-02-20 08:18:00,-0.05671633008358867
2020-02-20 08:21:00,-0.1069676928183867
2020-02-20 08:24:00,-0.07321462304247461
2020-02-20 08:27:00,-0.020208417134313095
2020-02-20 08:30:00,-0.08078445659657518
2020-02-20 08:33:00,0.004705177993059806
2020-02-20 08:36:00,-0.07851150514500205
2020-02-20 08:39:00,-0.07758879836575261
2020-02-20 08:42:00,-0.10682025059247735
2020-02-20 08:45:00,0.0018298702889296692
2020-02-20 08:48:00,-0.03461209806130228
2020-02-20 08:51:00,-0.13397147326941194
2020-02-20 08:54:00,-0.04746542924902997
2020-02-20 08:57:00,0.014298571459846698
2020-02-20 09:00:00,-0.13771974799016107
2020-02-20 09:03:00,-0.10137775140964322
2020-02-20 09:06:00,-0.08671316975443233
2020-02-20 09:09:00,-0.07430394754624103
2020-02-20 09:12:00,-0.17292138482355313
2020-02-20 09:15:00,-0.17872165983567356
2020-02-20 09:18:00,-0.05178491300068799
2020-02-20 09:21:00,-0.14301125501816614
2020-02-20 09:24:00,-0.16202776674202823
2020-02-20 09:27:00,-0.1653767417037102
2020-02-20 09:30:00,-0.08134020500193628
2020-02-20 09:33:00,-0.1286722466552419
2020-02-20 09:36:00,-0.028911042264780917
2020-02-20 09:39:00,-0.13315705379784504
2020-02-20 09:42:00,-0.09892427733984732
2020-02-20 09:45:00,-0.17557327743287487
2020-02-20 09:48:00,-0.1351114094027821
2020-02-20 09:51:00,-0.06420420699856777
2020-02-20 09:54:00,-0.07989913002217008
2020-02-20 09:57:00,-0.16310467905265114
2020-02-20 10:00:00,-0.15491636600398806
2020-02-20 10:03:00,-0.12732136826718943
2020-02-20 10:06:00,-0.15227149244270777
2020-02-20 10:09:00,-0.1854797814112885
2020-02-20 10:12:00,-0.2559031145365225
2020-02-20 10:15:00,-0.07591377661492515
2020-02-20 10:18:00,-0.20489866979119142
2020-02-20 10:21:00,-0.08574970935740112
2020-02-20 10:24:00,-0.23267184914362815
2020-02-20 10:27:00,-0.185086882937469
2020-02-20 10:30:00,-0.22056170986013512
2020-02-20 10:33:00,-0.25851433704372084
2020-02-20 10:36:00,-0.20714275857784514
2020-02-20 10:39:00,-0.1943503650223306
2020-02-20 10:42:00,-0.24384815100830792
2020-02-20 10:45:00,-0.0946997494360744
2020-02-20 10:48:00,-0.22662260956707314
2020-02-20 10:51:00,-0.23562515096421066
2020-02-20 10:54:00,-0.2434407127369127
2020-02-20 10:57:00,-0.17241466254625948
2020-02-20 11:00:00,-0.11979971255669852
2020-02-20 11:03:00,-0.04285976386239554
2020-02-20 11:06:00,-0.21344521107721448
2020-02-20 11:09:00,-0.2491868561325532
2020-02-20 11:12:00,-0.19974713680659306
2020-02-20 11:15:00,-0.20294256910904096
2020-02-20 11:18:00,-0.26572081548596316
2020-02-20 11:21:00,-0.09520902766524841
2020-02-20 11:24:00,-0.1599625505244262
2020-02-20 11:27:00,-0.24930179569349775
2020-02-20 11:30:00,-0.1980561896081099
2020-02-20 11:33:00,-0.32736905569345254
2020-02-20 11:36:00,-0.278487473658231
2020-02-20 11:39:00,-0.17456392518488428
2020-02-20 11:42:00,-0.20054310680848175
2020-02-20 11:45:00,-0.22869479289835226
2020-02-20 11:48:00,-0.266771485885954
2020-02-20 11:51:00,-0.23123919044422792
2020-02-20 11:54:00,-0.19990545903806378
2020-02-20 11:57:00,-0.2117602377039134
2020-02-20 12:00:00,-0.31579222353968817
2020-02-20 12:03:00,-0.17627253774480778
2020-02-20 12:06:00,-0.31701447193592003
2020-02-20 12:09:00,-0.21438090117811726
2020-02-20 12:12:00,-0.24397585525503018
2020-02-20 12:15:00,-0.21495891226612684
2020-02-20 12:18:00,-0.3041197722290008
2020-02-20 12:21:00,-0.2087406443541795
2020-02-20 12:24:00,-0.285138805638951
2020-02-20 12:27:00,-0.2556164727297414
2020-02-20 12:30:00,-0.29061604999310475
2020-02-20 12:33:00,-0.2307115949848253
2020-02-20 12:36:00,-0.19973965053583242
2020-02-20 12:39:00,-0.23018078826891042
2020-02-20 12:42:00,-0.21932002033662457
2020-02-20 12:45:00,-0.2040083609661565
2020-02-20 12:48:00,-0.2893766951401062
2020-02-20 12:51:00,-0.2522871719812656
2020-02-20 12:54:00,-0.14670750447800174
2020-02-20 12:57:00,-0.3371549055722767
2020-02-20 13:00:00,-0.2545426342513224
2020-02-20 13:03:00,-0.3075308954672096
2020-02-20 13:06:00,-0.3104701262931826
2020-02-20 13:09:00,-0.30060196929110816
2020-02-20 13:12:00,-0.34855499305405147
2020-02-20 13:15:00,-0.3725179916762045
2020-02-20 13:18:00,-0.31344570891889134
2020-02-20 13:21:00,-0.3240351186210546
2020-02-20 13:24:00,-0.319354687378393
2020-02-20 13:27:00,-0.27454551976353514
2020-02-20 13:30:00,-0.218907128587432
2020-02-20 13:33:00,-0.2508474407477479
2020-02-20 13:36:00,-0.29433459646429583
2020-02-20 13:39:00,-0.18567283774046928
2020-02-20 13:42:00,-0.36806297618784356
2020-02-20 13:45:00,-0.43464774912405346
2020-02-20 13:48:00,-0.46758879757521754
2020-02-20 13:51:00,-0.41844944326112454
2020-02-20 13:54:00,-0.4056134027115945
2020-02-20 13:57:00,-0.4296255064705292
2020-02-20 14:00:00,-0.31186250716774566
2020-02-20 14:03:00,-0.35188530745631397
2020-02-20 14:06:00,-0.40470600707561744
2020-02-20 14:09:00,-0.17729096502961283
2020-02-20 14:12:00,-0.22174648573172817
2020-02-20 14:15:00,-0.23529626268515358
2020-02-20 14:18:00,-0.3307935659973964
2020-02-20 14:21:00,-0.36615677971741434
2020-02-20 14:24:00,-0.4453535111292126
2020-02-20 14:27:00,-0.36168040783354627
2020-02-20 14:30:00,-0.47811791834783435
2020-02-20 14:33:00,-0.4256470948074025
2020-02-20 14:36:00,-0.3237673340849483
2020-02-20 14:39:00,-0.3508808136558059
2020-02-20 14:42:00,-0.33288826844989217
2020-02-20 14:45:00,-0.20511218589450664
2020-02-20 14:48:00,-0.3258308910025107
2020-02-20 14:51:00,-0.22866014014033453
2020-02-20 14:54:00,-0.18962115993934958
2020-02-20 14:57:00,-0.2203379063723787
2020-02-20 15:00:00,-0.22636805085534206
2020-02-20 15:03:00,-0.3007515309676023
2020-02-20 15:06:00,-0.29110909856217404
2020-02-20 15:09:00,-0.28482259163376966
2020-02-20 15:12:00,-0.3311177233896956
2020-02-20 15:15:00,-0.3742855500819928
2020-02-20 15:18:00,-0.3654932506254909
2020-02-20 15:21:00,-0.2618093358661895
2020-02-20 15:24:00,-0.45094891010398896
2020-02-20 15:27:00,-0.36920095142568243
2020-02-20 15:30:00,-0.41767992816079413
2020-02-20 15:33:00,-0.2232188648025044
2020-02-20 15:36:00,-0.1965915100370239
2020-02-20 15:39:00,-0.19616976286317822
2020-02-20 15:42:00,-0.07223788886102511
2020-02-20 15:45:00,-0.17213898229977076
2020-02-20 15:48:00,-0.15084332789962218
2020-02-20 15:51:00,-0.3942290354527245
2020-02-20 15:54:00,-0.2263546510707215
2020-02-20 15:57:00,-0.3629115482436873
2020-02-20 16:00:00,-0.5324587315118379
2020-02-20 16:03:00,-0.5631868469258166
2020-02-20 16:06:00,-0.5744909992287148
2020-02-20 16:09:00,-0.2188257642425242
2020-02-20 16:12:00,-0.12324758090670684
2020-02-20 16:15:00,-0.3353447893477437
2020-02-20 16:18:00,-0.3588729353641611
2020-02-20 16:21:00,-0.35017090888936764
2020-02-20 16:24:00,-0.19103707438353013
2020-02-20 16:27:00,-0.09746397423219832
2020-02-20 16:30:00,-0.06939074160328573
2020-02-20 16:33:00,-0.1475494125154455
2020-02-20 16:36:00,-0.051232939805629485
2020-02-20 16:39:00,-0.015510820545671322
2020-02-20 16:42:00,-0.09272126534574454
2020-02-20 16:45:00,0.00027005686229131243
2020-02-20 16:48:00,0.005400364958859427
2020-02-20 16:51:00,0.08562945798354349
2020-02-20 16:54:00,0.01415190634412511
2020-02-20 16:57:00,0.005737390363378836
2020-02-20 17:00:00,-0.1290148314334374
2020-02-20 17:03:00,-0.06993417238720667
2020-02-20 17:06:00,0.011706881230907129
2020-02-20 17:09:00,0.03586699713048347
2020-02-20 17:12:00,-0.01788625447022696
2020-02-20 17:15:00,0.05770118050884321
2020-02-20 17:18:00,-0.014286694870179417
2020-02-20 17:21:00,-0.0979584641142992
2020-02-20 17:24:00,-0.020156767992091318
2020-02-20 17:27:00,-0.032606133724470965
2020-02-20 17:30:00,-0.07102264938663438
2020-02-20 17:33:00,-0.05310141795473555
2020-02-20 17:36:00,-0.10174372614329741
2020-02-20 17:39:00,-0.06686122692116214
2020-02-20 17:42:00,0.04065333361251078
2020-02-20 17:45:00,-0.0552060733080566
2020-02-20 17:48:00,-0.14126721695998867
2020-02-20 17:51:00,-0.032218314617466604
2020-02-20 17:54:00,-0.09285880654374523
2020-02-20 17:57:00,0.001269133380446874
2020-02-20 18:00:00,-0.15386453276556722
2020-02-20 18:03:00,-0.07542425412162856
2020-02-20 18:06:00,-0.15253337757388863
2020-02-20 18:09:00,-0.12237211965754113
2020-02-20 18:12:00,-0.12882677021229938
2020-02-20 18:15:00,-0.04943840481678308
2020-02-20 18:18:00,-0.0830455901494247
2020-02-20 18:21:00,-0.11211907730125859
2020-02-20 18:24:00,-0.17044388186405968
2020-02-20 18:27:00,-0.13432980805453099
2020-02-20 18:30:00,-0.05467583105024687
2020-02-20 18:33:00,-0.29056142776937577
2020-02-20 18:36:00,-0.19054570916574676
2020-02-20 18:39:00,-0.1543272138219436
2020-02-20 18:42:00,-0.17054970389892787
2020-02-20 18:45:00,-0.15502999235616244
2020-02-20 18:48:00,-0.17341501410845694
2020-02-20 18:51:00,-0.22900452186263465
2020-02-20 18:54:00,
2020-02-20 18:57:00,
2020-02-20 19:00:00,
2020-02-20 19:03:00,-0.19155158027467678
2020-02-20 19:06:00,-0.11671369701292633
2020-02-20 19:09:00,-0.0952095565653508
2020-02-20 19:12:00,-0.13986807427966141
2020-02-20 19:15:00,-0.038030036116253996
2020-02-20 19:18:00,-0.15812362972377514
2020-02-20 19:21:00,-0.13731916580763937
2020-02-20 19:24:00,-0.10833679953299225
2020-02-20 19:27:00,0.02123696331557312
2020-02-20 19:30:00,-0.06958532460487277
2020-02-20 19:33:00,0.019137033107824664
2020-02-20 19:36:00,-0.0685262387217449
2020-02-20 19:39:00,-0.0550874217198043
2020-02-20 19:42:00,0.07266357296629167
2020-02-20 19:45:00,-0.04726913324770976
2020-02-20 19:48:00,-0.00793877754699679
2020-02-20 19:51:00,-0.02452416526801926
2020-02-20 19:54:00,-0.007016901115719065
2020-02-20 19:57:00,-0.05945120620128819
2020-02-20 20:00:00,-0.04120083418968079
2020-02-20 20:03:00,0.03402861226430787
2020-02-20 20:06:00,-0.09137995154162581
2020-02-20 20:09:00,0.02545385017975832
2020-02-20 20:12:00,-0.0906177141914668
2020-02-20 20:15:00,-0.05999522033522453
2020-02-20 20:18:00,-0.08616309860548199
2020-02-20 20:21:00,-0.0653265492055084
2020-02-20 20:24:00,-0.1069449268740641
2020-02-20 20:27:00,0.006961210544261576
2020-02-20 20:30:00,-0.02087509728568193
2020-02-20 20:33:00,-0.06704115888277329
2020-02-20 20:36:00,-0.022485705443102688
2020-02-20 20:39:00,-0.03110257671596628
2020-02-20 20:42:00,0.007358328301108941
2020-02-20 20:45:00,0.0393411273583979
2020-02-20 20:48:00,0.005205907336005566
2020-02-20 20:51:00,-0.002101558034098616
2020-02-20 20:54:00,-0.17320730144410845
2020-02-20 20:57:00,0.02931002903829949
2020-02-20 21:00:00,-0.03411634979278233
2020-02-20 21:03:00,-0.051802877327133956
2020-02-20 21:06:00,-0.08779905791180909
2020-02-20 21:09:00,-0.04193313617184913
2020-02-20 21:12:00,0.008131340017428101
2020-02-20 21:15:00,-0.009868655518971536
2020-02-20 21:18:00,-0.07193072966452974
2020-02-20 21:21:00,-0.03325986646711954
2020-02-20 21:24:00,0.09303854183383464
2020-02-20 21:27:00,0.06637884071193412
2020-02-20 21:30:00,0.006768673659848901
2020-02-20 21:33:00,0.0363462184948844
2020-02-20 21:36:00,-0.04695796870947788
2020-02-20 21:39:00,-0.020046851221820816
2020-02-20 21:42:00,0.02887227053810193
2020-02-20 21:45:00,0.022944875191399206
2020-02-20 21:48:00,0.040440056152078796
2020-02-20 21:51:00,0.11672301854048328
2020-02-20 21:54:00,0.028113599321272886
2020-02-20 21:57:00,0.11121453923817626
2020-02-20 22:00:00,0.1685343080347934
2020-02-20 22:03:00,0.17544128053532404
2020-02-20 22:06:00,0.1686761340714611
2020-02-20 22:09:00,0.1060594761411835
2020-02-20 22:12:00,-0.007727960437932779
2020-02-20 22:15:00,-0.09015003600768523
2020-02-20 22:18:00,0.05620909487265635
2020-02-20 22:21:00,0.005812929340606843
2020-02-20 22:24:00,-0.008876214930296555
2020-02-20 22:27:00,-0.033605770139843116
2020-02-20 22:30:00,0.006315387250197091
2020-02-20 22:33:00,0.004505802847745599
2020-02-20 22:36:00,-0.021956888089334825
2020-02-20 22:39:00,-0.008182594101072027
2020-02-20 22:42:00,0.013787404544075343
2020-02-20 22:45:00,-0.0015142275501602853
2020-02-20 22:48:00,-0.057033233869333344
2020-02-20 22:51:00,0.03524340228733536
2020-02-20 22:54:00,-0.12477888895404021
2020-02-20 22:57:00,-0.0885836339900834
2020-02-20 23:00:00,-0.04360522928686805
2020-02-20 23:03:00,0.020580719390352442
2020-02-20 23:06:00,-0.044874398677620775
2020-02-20 23:09:00,0.05523202906283586
2020-02-20 23:12:00,-0.03181200563494713
2020-02-20 23:15:00,-0.05198459784583065
2020-02-20 23:18:00,0.02325898331037024
2020-02-20 23:21:00,0.06074893599719644
2020-02-20 23:24:00,-0.007975044326258285
2020-02-20 23:27:00,-0.009835148787374237
2020-02-20 23:30:00,0.08342850277227853
2020-02-20 23:33:00,0.09816892076605654
2020-02-20 23:36:00,0.08349980551781755
2020-02-20 23:39:00,0.0825631033458194
2020-02-20 23:42:00,0.019671760113851633
2020-02-20 23:45:00,0.022158876428648
2020-02-20 23:48:00,0.06419597412752864
2020-02-20 23:51:00,0.07501087344871848
2020-02-20 23:54:00,0.06972155239367339
2020-02-20 23:57:00,0.014398411529214172
2020-02-21 00:00:00,0.07208068516331423
2020-02-21 00:03:00,0.015559854307241494
2020-02-21 00:06:00,0.05412444590604082
2020-02-21 00:09:00,0.04313544154092597
2020-02-21 00:12:00,0.02389875259098062
2020-02-21 00:15:00,0.12231072481324645
2020-02-21 00:18:00,0.07990103490146794
2020-02-21 00:21:00,0.07041042385088758
2020-02-21 00:24:00,0.11361336291497537
2020-02-21 00:27:00,0.03452184749215803
2020-02-21 00:30:00,0.04100965934725309
2020-02-21 00:33:00,0.16913043337615363
2020-02-21 00:36:00,0.06633534415067288
2020-02-21 00:39:00,0.021957596392951473
2020-02-21 00:42:00,0.014730934390172479
2020-02-21 00:45:00,0.08678416617146922
2020-02-21 00:48:00,0.057270408122917615
2020-02-21 00:51:00,0.0914441275785407
2020-02-21 00:54:00,0.018290299926775333
2020-02-21 00:57:00,0.1596260247992518
2020-02-21 01:00:00,0.1139760910282348
2020-02-21 01:03:00,0.15035863166946228
2020-02-21 01:06:00,-0.0003206821455705722
2020-02-21 01:09:00,0.10687416764898217
2020-02-21 01:12:00,0.06276529328761171
2020-02-21 01:15:00,0.02544719883411517
2020-02-21 01:18:00,0.07187576288015407
2020-02-21 01:21:00,0.1209134018810687
2020-02-21 01:24:00,0.08643917634486797
2020-02-21 01:27:00,0.08328137610089925
2020-02-21 01:30:00,0.005299055255193252
2020-02-21 01:33:00,0.2510372165914987
2020-02-21 01:36:00,0.11197278965602209
2020-02-21 01:39:00,0.03976013032462333
2020-02-21 01:42:00,0.17341751851949994
2020-02-21 01:45:00,0.14605675053422829
2020-02-21 01:48:00,0.16089174543759555
2020-02-21 01:51:00,0.12470112235683928
2020-02-21 01:54:00,0.21464780813414563
2020-02-21 01:57:00,0.14403727157605317
2020-02-21 02:00:00,0.20635199656499026
2020-02-21 02:03:00,0.12920156495573565
2020-02-21 02:06:00,0.11620598391772319
2020-02-21 02:09:00,0.06004482473815642
2020-02-21 02:12:00,0.10021841882320359
2020-02-21 02:15:00,0.10637514213755139
2020-02-21 02:18:00,0.08544542992643755
2020-02-21 02:21:00,0.0680007077829714
2020-02-21 02:24:00,0.1881091188569144
2020-02-21 02:27:00,0.13589457767039903
2020-02-21 02:30:00,0.08761804124912942
2020-02-21 02:33:00,0.1282282546638953
2020-02-21 02:36:00,0.22023428002808032
2020-02-21 02:39:00,0.16762016693877513
2020-02-21 02:42:00,0.16214331620210487
2020-02-21 02:45:00,0.2121844675345983
2020-02-21 02:48:00,0.1865279377611273
2020-02-21 02:51:00,0.06401578443700373
2020-02-21 02:54:00,0.18046257696897783
2020-02-21 02:57:00,0.15235592273705834
2020-02-21 03:00:00,0.1529463358279486
2020-02-21 03:03:00,0.15243697089181296
2020-02-21 03:06:00,0.17202830312874084
2020-02-21 03:09:00,0.24236918390352002
2020-02-21 03:12:00,0.13413173442393145
2020-02-21 03:15:00,0.2174303134209481
2020-02-21 03:18:00,0.15052166101895637
2020-02-21 03:21:00,0.1561926599548542
2020-02-21 03:24:00,0.17836736168868583
2020-02-21 03:27:00,0.26064553026230897
2020-02-21 03:30:00,0.16474924950409786
2020-02-21 03:33:00,0.09103589516189459
2020-02-21 03:36:00,0.20157819778017938
2020-02-21 03:39:00,0.22282747572552353
2020-02-21 03:42:00,0.28227468501444264
2020-02-21 03:45:00,0.1650671622708728
2020-02-21 03:48:00,0.128722402400399
2020-02-21 03:51:00,0.2555401226640015
2020-02-21 03:54:00,0.1899204569086237
2020-02-21 03:57:00,0.1632922329696953
2020-02-21 04:00:00,0.157219419404953
2020-02-21 04:03:00,0.16492571366188713
2020-02-21 04:06:00,0.25443609864532846
2020-02-21 04:09:00,0.26622451978863637
2020-02-21 04:12:00,0.20692810896548508
2020-02-21 04:15:00,0.1996709450486378
2020-02-21 04:18:00,0.2614648641887811
2020-02-21 04:21:00,0.23148136867041558
2020-02-21 04:24:00,0.15450751234197924
2020-02-21 04:27:00,0.2748790257684277
2020-02-21 04:30:00,0.2694554497548438
2020-02-21 04:33:00,0.1262204092704451
2020-02-21 04:36:00,0.1437457515220899
2020-02-21 04:39:00,0.2652715283307998
2020-02-21 04:42:00,0.11613844693289366
2020-02-21 04:45:00,0.11868716333788143
2020-02-21 04:48:00,0.1643442446306267
2020-02-21 04:51:00,0.2127257618978433
2020-02-21 04:54:00,0.18905524705650123
2020-02-21 04:57:00,0.16110583421999536
2020-02-21 05:00:00,0.1960232503014936
2020-02-21 05:03:00,0.17367582465698206
2020-02-21 05:06:00,0.18896631326492752
2020-02-21 05:09:00,0.14466034101610603
2020-02-21 05:12:00,0.1326646765296573
2020-02-21 05:15:00,0.22889067028103227
2020-02-21 05:18:00,0.12635916180590812
2020-02-21 05:21:00,0.27871637929786175
2020-02-21 05:24:00,0.25206267434509755
2020-02-21 05:27:00,0.17427019183435277
2020-02-21 05:30:00,0.21471762089345248
2020-02-21 05:33:00,0.19920672984869725
2020-02-21 05:36:00,0.2057986925934756
2020-02-21 05:39:00,0.1858549529525817
2020-02-21 05:42:00,0.2501956202571023
2020-02-21 05:45:00,0.24602002821751512
2020-02-21 05:48:00,0.25614707733666364
2020-02-21 05:51:00,0.23152090432603245
2020-02-21 05:54:00,0.1212858631005247
2020-02-21 05:57:00,0.1426993155218952
2020-02-21 06:00:00,0.20888205868021714
2020-02-21 06:03:00,0.23730122128057474
2020-02-21 06:06:00,0.22187937567088056
2020-02-21 06:09:00,0.11151699492262424
2020-02-21 06:12:00,0.22414757148715125
2020-02-21 06:15:00,0.16599128512416428
2020-02-21 06:18:00,0.23269811949671748
2020-02-21 06:21:00,0.2206005724083866
2020-02-21 06:24:00,0.2081674146004957
2020-02-21 06:27:00,0.12853839251022237
2020-02-21 06:30:00,0.1489596812778018
2020-02-21 06:33:00,0.23332704287605566
2020-02-21 06:36:00,0.22343890671839972
2020-02-21 06:39:00,0.2376860482225993
2020-02-21 06:42:00,0.19894183161346746
2020-02-21 06:45:00,0.19275571218906862
2020-02-21 06:48:00,0.2670665596590993
2020-02-21 06:51:00,0.23427729695271182
2020-02-21 06:54:00,0.231210339773952
2020-02-21 06:57:00,0.26555947729571017
2020-02-21 07:00:00,0.2171790207640356
2020-02-21 07:03:00,0.24636223034667637
2020-02-21 07:06:00,0.17213389861501582
2020-02-21 07:09:00,0.18427624293326517
2020-02-21 07:12:00,0.2449791482200112
2020-02-21 07:15:00,0.1689595258634995
2020-02-21 07:18:00,0.19395168084992065
2020-02-21 07:21:00,0.18718582013036666
2020-02-21 07:24:00,0.0768795376937419
2020-02-21 07:27:00,0.10066973335966622
2020-02-21 07:30:00,0.20175707326842485
2020-02-21 07:33:00,0.17127826736106044
2020-02-21 07:36:00,0.19964453213867728
2020-02-21 07:39:00,0.1924562814317028
2020-02-21 07:42:00,0.24413907825703518
2020-02-21 07:45:00,0.14369289389412643
2020-02-21 07:48:00,0.23630871263219433
2020-02-21 07:51:00,0.13257329513061222
2020-02-21 07:54:00,0.2283908249439719
2020-02-21 07:57:00,0.1367389124214924
2020-02-21 08:00:00,0.1486201652096497
2020-02-21 08:03:00,0.08892593593594711
2020-02-21 08:06:00,0.11890782815288503
2020-02-21 08:09:00,0.05397007918622876
2020-02-21 08:12:00,0.13960385269842845
2020-02-21 08:15:00,0.1251355406724315
2020-02-21 08:18:00,0.1534073766836741
2020-02-21 08:21:00,0.1382485619690783
2020-02-21 08:24:00,0.11342635913302956
2020-02-21 08:27:00,0.12067478545651511
2020-02-21 08:30:00,0.12919885110784435
2020-02-21 08:33:00,0.07462669216124596
2020-02-21 08:36:00,0.07386349645997825
2020-02-21 08:39:00,0.018951651865677377
2020-02-21 08:42:00,0.10121518100470439
2020-02-21 08:45:00,0.05569265577162241
2020-02-21 08:48:00,0.18489474702676034
2020-02-21 08:51:00,0.05053050409765092
2020-02-21 08:54:00,0.128090789599014
2020-02-21 08:57:00,0.056193059241081755
2020-02-21 09:00:00,0.027800276836842386
2020-02-21 09:03:00,0.07135501976188152
2020-02-21 09:06:00,0.03589363876756124
2020-02-21 09:09:00,-0.03539556214724371
2020-02-21 09:12:00,0.03631093024449683
2020-02-21 09:15:00,0.06657495168809646
2020-02-21 09:18:00,0.003196571080366084
2020-02-21 09:21:00,0.013632161561304201
2020-02-21 09:24:00,-0.05520509325447165
2020-02-21 09:27:00,-0.03072378023443889
2020-02-21 09:30:00,-0.07870670939047386
2020-02-21 09:33:00,-0.049442222238837985
2020-02-21 09:36:00,-0.10685708461159038
2020-02-21 09:39:00,-0.021509799853447475
2020-02-21 09:42:00,-0.16117326859392733
2020-02-21 09:45:00,-0.1415598849816888
2020-02-21 09:48:00,-0.06365594608115543
2020-02-21 09:51:00,-0.173770128959859
2020-02-21 09:54:00,0.02185087891683679
2020-02-21 09:57:00,-0.18749843096588847
2020-02-21 10:00:00,-0.10417557319669868
2020-02-21 10:03:00,-0.04132515131061609
2020-02-21 10:06:00,-0.1252445583087365
2020-02-21 10:09:00,-0.07558460608657924
2020-02-21 10:12:00,-0.12817265910467768
2020-02-21 10:15:00,-0.1613101840268314
2020-02-21 10:18:00,-0.1705253503243398
2020-02-21 10:21:00,-0.12322670469251307
2020-02-21 10:24:00,-0.1699592407170485
2020-02-21 10:27:00,-0.19838493812591196
2020-02-21 10:30:00,-0.14514068754482423
2020-02-21 10:33:00,-0.21877702907534058
2020-02-21 10:36:00,-0.30913554312974156
2020-02-21 10:39:00,-0.23884582734348214
2020-02-21 10:42:00,-0.25223919013149043
2020-02-21 10:45:00,-0.2295968775576398
2020-02-21 10:48:00,-0.209358530710972
2020-02-21 10:51:00,-0.15789058546670276
2020-02-21 10:54:00,-0.22921473254962166
2020-02-21 10:57:00,-0.2925876754544561
2020-02-21 11:00:00,-0.2869975422462403
2020-02-21 11:03:00,-0.28515921445898584
2020-02-21 11:06:00,-0.26276073541191636
2020-02-21 11:09:00,-0.20265927683658447
2020-02-21 11:12:00,-0.2892900978124544
2020-02-21 11:15:00,-0.2547276927389248
2020-02-21 11:18:00,-0.2234244434535526
2020-02-21 11:21:00,-0.29540899334313053
2020-02-21 11:24:00,-0.25306387910796957
2020-02-21 11:27:00,-0.20049075551895612
2020-02-21 11:30:00,-0.24491778175240597
2020-02-21 11:33:00,-0.26362807552510503
2020-02-21 11:36:00,-0.45343436562694706
2020-02-21 11:39:00,-0.339199318439114
2020-02-21 11:42:00,-0.32689499449651294
2020-02-21 11:45:00,-0.27238917042024013
2020-02-21 11:48:00,-0.34890425165463057
2020-02-21 11:51:00,-0.4128007757333876
2020-02-21 11:54:00,-0.402160489347807
2020-02-21 11:57:00,-0.28857730058166453
2020-02-21 12:00:00,-0.3640561667474458
2020-02-21 12:03:00,-0.27148897792426396
2020-02-21 12:06:00,-0.35002636824924593
2020-02-21 12:09:00,-0.25085561989044436
2020-02-21 12:12:00,-0.2412365644660781
2020-02-21 12:15:00,-0.27656968315955055
2020-02-21 12:18:00,-0.30847052542770825
2020-02-21 12:21:00,-0.1906213735363167
2020-02-21 12:24:00,-0.25216629491535514
2020-02-21 12:27:00,-0.25849831841719606
2020-02-21 12:30:00,-0.3534184253180115
2020-02-21 12:33:00,-0.3572245446950433
2020-02-21 12:36:00,-0.49415262532392035
2020-02-21 12:39:00,-0.3742693327187112
2020-02-21 12:42:00,-0.45647094066163163
2020-02-21 12:45:00,-0.44703551299483024
2020-02-21 12:48:00,-0.4384561804600935
2020-02-21 12:51:00,-0.40463376607726786
2020-02-21 12:54:00,-0.36100282356414937
2020-02-21 12:57:00,-0.3652776688663266
2020-02-21 13:00:00,-0.4253192359853415
2020-02-21 13:03:00,-0.45453117659280906
2020-02-21 13:06:00,-0.3517885591139134
2020-02-21 13:09:00,-0.3717613442353809
2020-02-21 13:12:00,-0.4081725489357382
2020-02-21 13:15:00,-0.42310010962779643
2020-02-21 13:18:00,-0.46213940475070103
2020-02-21 13:21:00,-0.3308585803503661
2020-02-21 13:24:00,-0.439504996992639
2020-02-21 13:27:00,-0.32800589022821214
2020-02-21 13:30:00,-0.3289166131782508
2020-02-21 13:33:00,-0.2640660419840515
2020-02-21 13:36:00,-0.20217077348252133
2020-02-21 13:39:00,-0.16769114088316428
2020-02-21 13:42:00,-0.1559040627752779
2020-02-21 13:45:00,-0.22465237425882378
2020-02-21 13:48:00,-0.22708836469803373
2020-02-21 13:51:00,-0.24215758873339155
2020-02-21 13:54:00,-0.27866330793864336
2020-02-21 13:57:00,-0.31768662417078986
2020-02-21 14:00:00,-0.292631935998827
2020-02-21 14:03:00,-0.21790725713515258
2020-02-21 14:06:00,-0.15031532109907175
2020-02-21 14:09:00,-0.12476840554967339
2020-02-21 14:12:00,-0.1915060303809355
2020-02-21 14:15:00,-0.10678997350493091
2020-02-21 14:18:00,-0.14513858748557595
2020-02-21 14:21:00,-0.20440988511774094
2020-02-21 14:24:00,-0.219908262821491
2020-02-21 14:27:00,-0.22323704067127892
2020-02-21 14:30:00,-0.31177730170747964
2020-02-21 14:33:00,-0.37462036965945344
2020-02-21 14:36:00,-0.35740844076821077
2020-02-21 14:39:00,-0.3211937485058911
2020-02-21 14:42:00,-0.3030413273285717
2020-02-21 14:45:00,-0.11305325945897948
2020-02-21 14:48:00,0.026478476717045396
2020-02-21 14:51:00,0.20096602379419437
2020-02-21 14:54:00,0.3122659281629012
2020-02-21 14:57:00,0.21996676218316225
2020-02-21 15:00:00,0.28224780984794506
2020-02-21 15:03:00,0.30103755994326775
2020-02-21 15:06:00,0.49660188649920656
2020-02-21 15:09:00,0.5853221464525404
2020-02-21 15:12:00,0.30045625856985225
2020-02-21 15:15:00,0.09484386834907355
2020-02-21 15:18:00,0.06161964543917975
2020-02-21 15:21:00,0.08420993495025186
2020-02-21 15:24:00,0.03880251278923197
2020-02-21 15:27:00,0.08571890323520392
2020-02-21 15:30:00,0.12234385880140053
2020-02-21 15:33:00,0.12230462187517332
2020-02-21 15:36:00,0.15125836874040033
2020-02-21 15:39:00,0.34039374236812137
2020-02-21 15:42:00,0.3923284808043377
2020-02-21 15:45:00,0.42714837385483406
2020-02-21 15:48:00,0.40781160111123427
2020-02-21 15:51:00,0.43300358957202434
2020-02-21 15:54:00,0.28177280224582546
2020-02-21 15:57:00,0.18845694619506048
2020-02-21 16:00:00,0.29988923471245243
2020-02-21 16:03:00,0.2154633308745133
2020-02-21 16:06:00,0.2297969006804692
2020-02-21 16:09:00,0.16797848613680344
2020-02-21 16:12:00,0.2723950545868661
2020-02-21 16:15:00,0.3380018168542165
2020-02-21 16:18:00,0.28115840117288826
2020-02-21 16:21:00,0.34782218238694895
2020-02-21 16:24:00,0.4144808596035432
2020-02-21 16:27:00,0.42482632986570934
2020-02-21 16:30:00,0.3867920885814442
2020-02-21 16:33:00,0.31495867079502204
2020-02-21 16:36:00,0.2704677146136305
2020-02-21 16:39:00,0.24434921097162032
2020-02-21 16:42:00,0.28886778664696067
2020-02-21 16:45:00,0.38439194623555295
2020-02-21 16:48:00,0.45320403367225026
2020-02-21 16:51:00,0.5582275743738592
2020-02-21 16:54:00,0.4511689847332718
2020-02-21 16:57:00,0.3220592970373559
2020-02-21 17:00:00,0.2488688647250683
2020-02-21 17:03:00,0.3213984210810281
2020-02-21 17:06:00,0.2802140801115911
2020-02-21 17:09:00,0.29876313909244345
2020-02-21 17:12:00,0.398337950622647
2020-02-21 17:15:00,0.3843865693690418
2020-02-21 17:18:00,0.32808406048485494
2020-02-21 17:21:00,0.43855631238341175
2020-02-21 17:24:00,0.42102167411303526
2020-02-21 17:27:00,0.390371672025708
2020-02-21 17:30:00,0.4405878964038834
2020-02-21 17:33:00,0.524464216877675
2020-02-21 17:36:00,0.38012991023890663
2020-02-21 17:39:00,0.4876679724852693
2020-02-21 17:42:00,0.36727552906614847
2020-02-21 17:45:00,0.4023465749174875
2020-02-21 17:48:00,0.3588752640544044
2020-02-21 17:51:00,0.3094984083336385
2020-02-21 17:54:00,0.3434841548178724
2020-02-21 17:57:00,0.30589472285419106
2020-02-21 18:00:00,0.3197939548834938
2020-02-21 18:03:00,0.38388121514776685
2020-02-21 18:06:00,0.38921627977788376
2020-02-21 18:09:00,0.3957170907640375
2020-02-21 18:12:00,0.39299183754832256
2020-02-21 18:15:00,0.3131269169140296
2020-02-21 18:18:00,0.36685152114006314
2020-02-21 18:21:00,0.3612419274019203
2020-02-21 18:24:00,0.24467537934964412
2020-02-21 18:27:00,0.21294717797678686
2020-02-21 18:30:00,0.30369753595584825
2020-02-21 18:33:00,0.32177439237125327
2020-02-21 18:36:00,0.30875415888539237
2020-02-21 18:39:00,0.315253044380313
2020-02-21 18:42:00,0.3340290745047696
2020-02-21 18:45:00,0.24579916323432371
2020-02-21 18:48:00,0.4036934809130912
2020-02-21 18:51:00,0.29966502968977693
2020-02-21 18:54:00,
2020-02-21 18:57:00,
2020-02-21 19:00:00,
2020-02-21 19:03:00,0.30087946953625533
2020-02-21 19:06:00,0.2807049573731888
2020-02-21 19:09:00,0.23890931483578015
2020-02-21 19:12:00,0.2672835890301144
2020-02-21 19:15:00,0.1919121123458467
2020-02-21 19:18:00,0.2790492436483305
2020-02-21 19:21:00,0.22183641966284995
2020-02-21 19:24:00,0.361116883842044
2020-02-21 19:27:00,0.3025168007364414
2020-02-21 19:30:00,0.2338151372342736
2020-02-21 19:33:00,0.2353934845856429
2020-02-21 19:36:00,0.2655059275988947
2020-02-21 19:39:00,0.26427769757145825
2020-02-21 19:42:00,0.25069718782094697
2020-02-21 19:45:00,0.297906293555684
2020-02-21 19:48:00,0.2629567223157778
2020-02-21 19:51:00,0.32176029640265824
2020-02-21 19:54:00,0.35189293798111976
2020-02-21 19:57:00,0.3127110324114142
2020-02-21 20:00:00,0.23351259385344747
2020-02-21 20:03:00,0.3049476872105856
2020-02-21 20:06:00,0.29803756081719257
2020-02-21 20:09:00,0.3523767740713879
2020-02-21 20:12:00,0.27371596992594505
2020-02-21 20:15:00,0.2196625640742127
2020-02-21 20:18:00,0.28416497272098695
2020-02-21 20:21:00,0.2763449219257268
2020-02-21 20:24:00,0.2767256592451304
2020-02-21 20:27:00,0.23558024049555115
2020-02-21 20:30:00,0.20572979407455705
2020-02-21 20:33:00,0.2044489465152992
2020-02-21 20:36:00,0.19745709839372694
2020-02-21 20:39:00,0.24194355998849915
2020-02-21 20:42:00,0.23996596883227994
2020-02-21 20:45:00,0.20680511058503726
2020-02-21 20:48:00,0.20381460551692498
2020-02-21 20:51:00,0.2086739770563213
2020-02-21 20:54:00,0.250466224553918
2020-02-21 20:57:00,0.24986312832197655
2020-02-21 21:00:00,0.1850241644979178
2020-02-21 21:03:00,0.24663275190300737
2020-02-21 21:06:00,0.20363230949214994
2020-02-21 21:09:00,0.2339495297667895
2020-02-21 21:12:00,0.2493643720879959
2020-02-21 21:15:00,0.3069532539861939
2020-02-21 21:18:00,0.2195975114173052
2020-02-21 21:21:00,0.10173976258801076
2020-02-21 21:24:00,0.09755063132286068
2020-02-21 21:27:00,0.246784017391235
2020-02-21 21:30:00,0.18385857313251108
2020-02-21 21:33:00,0.19645947938192876
2020-02-21 21:36:00,0.2744208986703143
2020-02-21 21:39:00,0.0816631061995281
2020-02-21 21:42:00,0.16634812419448508
2020-02-21 21:45:00,0.2177214302852235
2020-02-21 21:48:00,0.2614109651877925
2020-02-21 21:51:00,0.18471537402706417
2020-02-21 21:54:00,0.25450686860830274
2020-02-21 21:57:00,0.20983278656143511
2020-02-21 22:00:00,0.09961179286602828
2020-02-21 22:03:00,0.1600295979915245
2020-02-21 22:06:00,0.23104742951062462
2020-02-21 22:09:00,0.2393347088163864
2020-02-21 22:12:00,0.3154556704592437
2020-02-21 22:15:00,0.28260906179610856
2020-02-21 22:18:00,0.2501832366725125
2020-02-21 22:21:00,0.2900564420092451
2020-02-21 22:24:00,0.2597652843937226
2020-02-21 22:27:00,0.2433634428524556
2020-02-21 22:30:00,0.21963334848754812
2020-02-21 22:33:00,0.2854366225657259
2020-02-21 22:36:00,0.25016822123535576
2020-02-21 22:39:00,0.25363919135554625
2020-02-21 22:42:00,0.1931248725437058
2020-02-21 22:45:00,0.16118806211983383
2020-02-21 22:48:00,0.2420511430444776
2020-02-21 22:51:00,0.16472818225537367
2020-02-21 22:54:00,0.19361508350607437
2020-02-21 22:57:00,0.1095226099285469
2020-02-21 23:00:00,0.20416967986244572
2020-02-21 23:03:00,0.1776528766083061
2020-02-21 23:06:00,0.27125278508805195
2020-02-21 23:09:00,0.17759967808416377
2020-02-21 23:12:00,0.17865511470131423
2020-02-21 23:15:00,0.20814578712889897
2020-02-21 23:18:00,0.19717160556314184
2020-02-21 23:21:00,0.1535336411991466
2020-02-21 23:24:00,0.1461393576692558
2020-02-21 23:27:00,0.10868190558386459
2020-02-21 23:30:00,0.28002549175704416
2020-02-21 23:33:00,0.22529909552469007
2020-02-21 23:36:00,0.16708985340761728
2020-02-21 23:39:00,0.12735426735054034
2020-02-21 23:42:00,0.19449437301381067
2020-02-21 23:45:00,0.19733208605703112
2020-02-21 23:48:00,0.2094672353975966
2020-02-21 23:51:00,0.15765854825031056
2020-02-21 23:54:00,0.22281615952596212
2020-02-21 23:57:00,0.15692273284503244
2020-02-22 00:00:00,0.11724197466389796
2020-02-22 00:03:00,0.16382525765220635
2020-02-22 00:06:00,0.09807288199317554
2020-02-22 00:09:00,0.011043707476176223
2020-02-22 00:12:00,0.17875325676249076
2020-02-22 00:15:00,0.13688332921168467
2020-02-22 00:18:00,0.15495616015823543
2020-02-22 00:21:00,0.2550292709885298
2020-02-22 00:24:00,0.2767772116062588
2020-02-22 00:27:00,0.2651730739334539
2020-02-22 00:30:00,0.21925659541074083
2020-02-22 00:33:00,0.36470403803349427
2020-02-22 00:36:00,0.26703399354244084
2020-02-22 00:39:00,0.34978685131750353
2020-02-22 00:42:00,0.31324762995313904
2020-02-22 00:45:00,0.42072833273039123
2020-02-22 00:48:00,0.302899525170119
2020-02-22 00:51:00,0.2917396574463851
2020-02-22 00:54:00,0.3297243024811678
2020-02-22 00:57:00,0.3014084327569435
2020-02-22 01:00:00,0.3233462768699269
2020-02-22 01:03:00,0.3253706536627874
2020-02-22 01:06:00,0.2392252194425737
2020-02-22 01:09:00,0.3402921320843575
2020-02-22 01:12:00,0.3521846781315503
2020-02-22 01:15:00,0.3269030860716384
2020-02-22 01:18:00,0.41706926768915764
2020-02-22 01:21:00,0.3643589813416952
2020-02-22 01:24:00,0.36553450191837555
2020-02-22 01:27:00,0.3628500499021925
2020-02-22 01:30:00,0.3566806893406351
2020-02-22 01:33:00,0.370721176285997
2020-02-22 01:36:00,0.37740793663840577
2020-02-22 01:39:00,0.3651741492797669
2020-02-22 01:42:00,0.35524246609003285
2020-02-22 01:45:00,0.3810816537359756
2020-02-22 01:48:00,0.3509260037668014
2020-02-22 01:51:00,0.3793922708161972
2020-02-22 01:54:00,0.31974005612437395
2020-02-22 01:57:00,0.3747494744075084
2020-02-22 02:00:00,0.40155923622160117
2020-02-22 02:03:00,0.3122147127987205
2020-02-22 02:06:00,0.390824461553791
2020-02-22 02:09:00,0.3087016149799524
2020-02-22 02:12:00,0.3490554574938187
2020-02-22 02:15:00,0.3507073688364244
2020-02-22 02:18:00,0.6709017945726714
2020-02-22 02:21:00,0.5283463323601154
2020-02-22 02:24:00,0.3045127335325901
2020-02-22 02:27:00,0.4284050010953706
2020-02-22 02:30:00,0.4063579375388713
2020-02-22 02:33:00,0.4210533086742885
2020-02-22 02:36:00,0.42441540478608886
2020-02-22 02:39:00,0.48494904624897117
2020-02-22 02:42:00,0.4322361530991543
2020-02-22 02:45:00,0.5156074772622787
2020-02-22 02:48:00,0.46313078788347184
2020-02-22 02:51:00,0.3715853195743648
2020-02-22 02:54:00,0.41631661245565965
2020-02-22 02:57:00,0.4480927783613424
2020-02-22 03:00:00,0.480181197298748
2020-02-22 03:03:00,0.4765348228807511
2020-02-22 03:06:00,0.44660879022040945
2020-02-22 03:09:00,0.44345315045057987
2020-02-22 03:12:00,0.41013576432243326
2020-02-22 03:15:00,0.3579878322967147
2020-02-22 03:18:00,0.45755457470841066
2020-02-22 03:21:00,0.48095608418282154
2020-02-22 03:24:00,0.48512720314153057
2020-02-22 03:27:00,0.49889545345507713
2020-02-22 03:30:00,0.519877188116709
2020-02-22 03:33:00,0.4571461113716282
2020-02-22 03:36:00,0.44872744246606544
2020-02-22 03:39:00,0.39013541837653065
2020-02-22 03:42:00,0.4118707838669593
2020-02-22 03:45:00,0.4876284185056079
2020-02-22 03:48:00,0.5169371368218094
2020-02-22 03:51:00,0.3945962421498166
2020-02-22 03:54:00,0.40510846696821545
2020-02-22 03:57:00,0.7529892198370476
2020-02-22 04:00:00,0.44720416821218123
2020-02-22 04:03:00,0.3688620510732221
2020-02-22 04:06:00,0.3581841923004845
2020-02-22 04:09:00,0.3766841120765321
2020-02-22 04:12:00,0.3230719900912504
2020-02-22 04:15:00,0.4178282656707779
2020-02-22 04:18:00,0.40154222759326785
2020-02-22 04:21:00,0.38106758921890105
2020-02-22 04:24:00,0.4328810977005446
2020-02-22 04:27:00,0.4481240900802277
2020-02-22 04:30:00,0.44422531897504314
2020-02-22 04:33:00,0.3077438940320576
2020-02-22 04:36:00,0.41817864431237695
2020-02-22 04:39:00,0.4609294126224768
2020-02-22 04:42:00,0.45653186547173163
2020-02-22 04:45:00,0.4958967189027703
2020-02-22 04:48:00,0.5446550355451905
2020-02-22 04:51:00,0.38533253019977565
2020-02-22 04:54:00,0.49213207304052276
2020-02-22 04:57:00,0.480542002361517
2020-02-22 05:00:00,0.3554689561395321
2020-02-22 05:03:00,0.4506814300561359
2020-02-22 05:06:00,0.425483838607704
2020-02-22 05:09:00,0.31669856883911507
2020-02-22 05:12:00,0.38119481844591974
2020-02-22 05:15:00,0.3817437554602634
2020-02-22 05:18:00,0.35050069829708264
2020-02-22 05:21:00,0.3954395346047477
2020-02-22 05:24:00,0.47159925371499867
2020-02-22 05:27:00,0.454331883556506
2020-02-22 05:30:00,0.47127440656515773
2020-02-22 05:33:00,0.4241796917568763
2020-02-22 05:36:00,0.3953185619482724
2020-02-22 05:39:00,0.3406346536205547
2020-02-22 05:42:00,0.3413192333702
2020-02-22 05:45:00,0.4230495303356179
2020-02-22 05:48:00,0.3317013634598993
2020-02-22 05:51:00,0.3938878656305178
2020-02-22 05:54:00,0.3421374236260135
2020-02-22 05:57:00,0.37046542300578267
2020-02-22 06:00:00,0.3005503545268198
2020-02-22 06:03:00,0.3768336126169629
2020-02-22 06:06:00,0.30529041480281194
2020-02-22 06:09:00,0.3256499873321559
2020-02-22 06:12:00,0.34102436263754043
2020-02-22 06:15:00,0.3004977296535003
2020-02-22 06:18:00,0.36167664625435236
2020-02-22 06:21:00,0.42729196240134115
2020-02-22 06:24:00,0.26127983341120853
2020-02-22 06:27:00,0.32107659213511397
2020-02-22 06:30:00,0.40485688970653655
2020-02-22 06:33:00,0.45997105634342006
2020-02-22 06:36:00,0.36885723157445227
2020-02-22 06:39:00,0.3327105127128789
2020-02-22 06:42:00,0.3907125707546584
2020-02-22 06:45:00,0.3664323405923824
2020-02-22 06:48:00,0.3739376405725352
2020-02-22 06:51:00,0.3628970294582814
2020-02-22 06:54:00,0.37493269149774733
2020-02-22 06:57:00,0.3623742544106108
2020-02-22 07:00:00,0.3754757943278264
2020-02-22 07:03:00,0.32595257787426135
2020-02-22 07:06:00,0.2895238601535084
2020-02-22 07:09:00,0.3874928322380242
2020-02-22 07:12:00,0.34646091225295095
2020-02-22 07:15:00,0.30337842164510676
2020-02-22 07:18:00,0.3521234507473423
2020-02-22 07:21:00,0.22082502535130288
2020-02-22 07:24:00,0.21041899958123622
2020-02-22 07:27:00,0.2908855406236057
2020-02-22 07:30:00,0.24758346485089078
2020-02-22 07:33:00,0.21641856281792116
2020-02-22 07:36:00,0.33649316429352893
2020-02-22 07:39:00,0.24076755536282235
2020-02-22 07:42:00,0.22271198753730914
2020-02-22 07:45:00,0.29077210298112277
2020-02-22 07:48:00,0.27475447357670646
2020-02-22 07:51:00,0.37075961069479035
2020-02-22 07:54:00,0.16149664057019208
2020-02-22 07:57:00,0.2544632676934384
2020-02-22 08:00:00,0.3962203690778665
2020-02-22 08:03:00,0.33529929540702597
2020-02-22 08:06:00,0.29006273073844113
2020-02-22 08:09:00,0.2434133921444186
2020-02-22 08:12:00,0.32011876166819775
2020-02-22 08:15:00,0.2358687123195864
2020-02-22 08:18:00,0.2938816395810022
2020-02-22 08:21:00,0.23992685802193137
2020-02-22 08:24:00,0.2394130188758936
2020-02-22 08:27:00,0.33604872712516
2020-02-22 08:30:00,0.258929170885267
2020-02-22 08:33:00,0.30263984135524424
2020-02-22 08:36:00,0.23085796443353956
2020-02-22 08:39:00,0.23451356881110996
2020-02-22 08:42:00,0.19062135456368878
2020-02-22 08:45:00,0.13839933494722345
2020-02-22 08:48:00,0.18915162619884995
2020-02-22 08:51:00,0.22685590944848855
2020-02-22 08:54:00,0.3510149465949439
2020-02-22 08:57:00,0.12166292049874983
2020-02-22 09:00:00,0.16744430429645263
2020-02-22 09:03:00,0.2681135829458867
2020-02-22 09:06:00,0.15779780082851858
2020-02-22 09:09:00,0.16861728538788157
2020-02-22 09:12:00,0.3017086262234443
2020-02-22 09:15:00,0.1294676892962343
2020-02-22 09:18:00,0.20808207662503264
2020-02-22 09:21:00,0.1865194827988148
2020-02-22 09:24:00,0.10156387035328862
2020-02-22 09:27:00,0.15555519344638924
2020-02-22 09:30:00,0.17553937968159516
2020-02-22 09:33:00,0.25990768934838115
2020-02-22 09:36:00,0.1350115640268541
2020-02-22 09:39:00,0.15720418493560828
2020-02-22 09:42:00,0.1023055331957039
2020-02-22 09:45:00,0.05453191614685693
2020-02-22 09:48:00,0.157593711661832
2020-02-22 09:51:00,0.12187594333607876
2020-02-22 09:54:00,0.07273746054266894
2020-02-22 09:57:00,0.16118302578701105
2020-02-22 10:00:00,0.14041593908780214
2020-02-22 10:03:00,0.046681556356986675
2020-02-22 10:06:00,0.06438804106380758
2020-02-22 10:09:00,0.06722156748185171
2020-02-22 10:12:00,0.04756666497928563
2020-02-22 10:15:00,-0.10391695900688092
2020-02-22 10:18:00,0.006025054067208657
2020-02-22 10:21:00,0.008399354912683066
2020-02-22 10:24:00,-0.06221250166754544
2020-02-22 10:27:00,0.020185828048909116
2020-02-22 10:30:00,-0.0313971845641845
2020-02-22 10:33:00,0.014976846892977846
2020-02-22 10:36:00,-0.02976242427132547
2020-02-22 10:39:00,0.03802438845434608
2020-02-22 10:42:00,0.055319840748950355
2020-02-22 10:45:00,-0.04692613143743074
2020-02-22 10:48:00,0.10650079086815367
2020-02-22 10:51:00,0.07942747072178236
2020-02-22 10:54:00,0.026515010166008324
2020-02-22 10:57:00,0.01444869625197498
2020-02-22 11:00:00,-0.0516895909600521
2020-02-22 11:03:00,0.05553384558470498
2020-02-22 11:06:00,0.08779107124200891
2020-02-22 11:09:00,-0.044159120437598176
2020-02-22 11:12:00,0.017361601574123142
2020-02-22 11:15:00,0.03545282272142458
2020-02-22 11:18:00,-0.03275222815454981
2020-02-22 11:21:00,-0.0666129678750167
2020-02-22 11:24:00,-0.05220871499244595
2020-02-22 11:27:00,-0.12804134577959303
2020-02-22 11:30:00,-0.09303374536841602
2020-02-22 11:33:00,-0.011827794644375444
2020-02-22 11:36:00,-0.007586182746706527
2020-02-22 11:39:00,-0.041525692761183564
2020-02-22 11:42:00,-0.16097040039358035
2020-02-22 11:45:00,-0.11008177153399856
2020-02-22 11:48:00,-0.004851337493050778
2020-02-22 11:51:00,-0.023966669777394145
2020-02-22 11:54:00,-0.07360878082732825
2020-02-22 11:57:00,0.025120320624012038
2020-02-22 12:00:00,0.0375369753526229
2020-02-22 12:03:00,-0.0030385201186504673
2020-02-22 12:06:00,0.006900538963122926
2020-02-22 12:09:00,0.0026917413882188157
2020-02-22 12:12:00,0.01648324141814328
2020-02-22 12:15:00,0.004268136744826734
2020-02-22 12:18:00,-0.1228640853777847
2020-02-22 12:21:00,-0.056395521199874565
2020-02-22 12:24:00,-0.09909669544578037
2020-02-22 12:27:00,-0.026140647262764105
2020-02-22 12:30:00,-0.11989433995222498
2020-02-22 12:33:00,-0.09378468526188044
2020-02-22 12:36:00,-0.1322390814676737
2020-02-22 12:39:00,-0.09362226195679568
2020-02-22 12:42:00,-0.04916255019156779
2020-02-22 12:45:00,-0.14139353204342342
2020-02-22 12:48:00,-0.11110651236941749
2020-02-22 12:51:00,-0.0874231915649375
2020-02-22 12:54:00,-0.176071334831704
2020-02-22 12:57:00,-0.0913316203311183
2020-02-22 13:00:00,-0.09611921708687987
2020-02-22 13:03:00,-0.08765304983728583
2020-02-22 13:06:00,-0.09365370254045047
2020-02-22 13:09:00,0.009264711549690219
2020-02-22 13:12:00,-0.11817907881442125
2020-02-22 13:15:00,-0.052128603557321185
2020-02-22 13:18:00,-0.06274968896843802
2020-02-22 13:21:00,0.016400702932742206
2020-02-22 13:24:00,-0.10596938440619397
2020-02-22 13:27:00,-0.13526844861206655
2020-02-22 13:30:00,-0.07556494064942854
2020-02-22 13:33:00,-0.14362128680176056
2020-02-22 13:36:00,-0.19317708671286482
2020-02-22 13:39:00,-0.24201080997846702
2020-02-22 13:42:00,-0.22377607904729757
2020-02-22 13:45:00,-0.19428370278239981
2020-02-22 13:48:00,-0.2401420167482229
2020-02-22 13:51:00,-0.15348994651992598
2020-02-22 13:54:00,-0.15351036687820852
2020-02-22 13:57:00,-0.14705900044214104
2020-02-22 14:00:00,-0.09340301706282617
2020-02-22 14:03:00,-0.057663541887620795
2020-02-22 14:06:00,-0.13337516483403533
2020-02-22 14:09:00,-0.15298489274437088
2020-02-22 14:12:00,-0.13537352308242134
2020-02-22 14:15:00,-0.1447567753759813
2020-02-22 14:18:00,-0.10740005899708649
2020-02-22 14:21:00,-0.19418175367940194
2020-02-22 14:24:00,-0.1846523913855549
2020-02-22 14:27:00,-0.03274600072677458
2020-02-22 14:30:00,-0.05217334256400363
2020-02-22 14:33:00,-0.16319777922547019
2020-02-22 14:36:00,-0.2188980983737565
2020-02-22 14:39:00,-0.1922351767735222
2020-02-22 14:42:00,-0.27527567832993327
2020-02-22 14:45:00,-0.23682021825322863
2020-02-22 14:48:00,-0.24286338709674737
2020-02-22 14:51:00,-0.22691638048434015
2020-02-22 14:54:00,-0.2253746033105699
2020-02-22 14:57:00,-0.21426165886373383
2020-02-22 15:00:00,-0.21535342496861176
2020-02-22 15:03:00,-0.2575496137644109
2020-02-22 15:06:00,-0.195542469384975
2020-02-22 15:09:00,-0.25559307400232
2020-02-22 15:12:00,-0.22897396201585707
2020-02-22 15:15:00,-0.27524333489691344
2020-02-22 15:18:00,-0.15504981885163716
2020-02-22 15:21:00,-0.20233347925483258
2020-02-22 15:24:00,-0.08734359047952012
2020-02-22 15:27:00,-0.1765204459017582
2020-02-22 15:30:00,-0.22369860816371556
2020-02-22 15:33:00,-0.22662867989225788
2020-02-22 15:36:00,-0.24485805641546676
2020-02-22 15:39:00,-0.27472473267965825
2020-02-22 15:42:00,-0.23070671467678494
2020-02-22 15:45:00,-0.2721382658538687
2020-02-22 15:48:00,-0.12755554060265695
2020-02-22 15:51:00,-0.13214702614510543
2020-02-22 15:54:00,-0.13971188580723037
2020-02-22 15:57:00,-0.159330239610199
2020-02-22 16:00:00,-0.1316030643985755
2020-02-22 16:03:00,-0.18997667098398097
2020-02-22 16:06:00,-0.07564291281829583
2020-02-22 16:09:00,-0.14369995906378108
2020-02-22 16:12:00,-0.07438892679073206
2020-02-22 16:15:00,-0.10209513325912667
2020-02-22 16:18:00,0.03403977981412254
2020-02-22 16:21:00,-0.1456310523926163
2020-02-22 16:24:00,0.0020722142062936655
2020-02-22 16:27:00,0.0812564087925125
2020-02-22 16:30:00,-0.07203816191253054
2020-02-22 16:33:00,-0.12643249605179108
2020-02-22 16:36:00,-0.2143369354407696
2020-02-22 16:39:00,-0.04074446804844456
2020-02-22 16:42:00,-0.11920297582310013
2020-02-22 16:45:00,-0.0753109087924031
2020-02-22 16:48:00,-0.18253955653159437
2020-02-22 16:51:00,-0.16344211926531216
2020-02-22 16:54:00,-0.1383995536365319
2020-02-22 16:57:00,-0.05989380599777405
2020-02-22 17:00:00,-0.06414922020206859
2020-02-22 17:03:00,-0.0959852250584845
2020-02-22 17:06:00,-0.08926031187201033
2020-02-22 17:09:00,-0.022307346549325757
2020-02-22 17:12:00,-0.016929699343847915
2020-02-22 17:15:00,0.03887336712557499
2020-02-22 17:18:00,-0.014154421393584471
2020-02-22 17:21:00,0.04523630681632085
2020-02-22 17:24:00,0.17381454186079281
2020-02-22 17:27:00,0.12811970370205472
2020-02-22 17:30:00,0.20781013487709288
2020-02-22 17:33:00,0.1438723075897883
2020-02-22 17:36:00,0.2788886151539032
2020-02-22 17:39:00,0.18412102788232687
2020-02-22 17:42:00,0.22944908885057202
2020-02-22 17:45:00,0.2913962274273558
2020-02-22 17:48:00,0.0993641246971606
2020-02-22 17:51:00,0.11801631277518254
2020-02-22 17:54:00,0.2240324453638891
2020-02-22 17:57:00,0.16030257967503303
2020-02-22 18:00:00,0.025390647269375677
2020-02-22 18:03:00,-0.018664485026135935
2020-02-22 18:06:00,-0.04127883670025767
2020-02-22 18:09:00,0.11982533995904987
2020-02-22 18:12:00,-0.04737721811358142
2020-02-22 18:15:00,0.0012614453002584014
2020-02-22 18:18:00,-0.0024006363464081915
2020-02-22 18:21:00,0.11259812012542625
2020-02-22 18:24:00,0.08582595819609651
2020-02-22 18:27:00,0.04888978182140136
2020-02-22 18:30:00,0.037314504921653224
2020-02-22 18:33:00,0.021038194134177957
2020-02-22 18:36:00,0.0061209267907997855
2020-02-22 18:39:00,0.04744520638820404
2020-02-22 18:42:00,0.1111734622942322
2020-02-22 18:45:00,0.10055977738238653
2020-02-22 18:48:00,0.011938525321284033
2020-02-22 18:51:00,0.11895481684041442
2020-02-22 18:54:00,
2020-02-22 18:57:00,
2020-02-22 19:00:00,
2020-02-22 19:03:00,0.10302959972847248
2020-02-22 19:06:00,0.1129779524860055
2020-02-22 19:09:00,0.08890714727095883
2020-02-22 19:12:00,0.241593886126509
2020-02-22 19:15:00,0.12664533945854828
2020-02-22 19:18:00,0.14646708924914265
2020-02-22 19:21:00,0.11998135834386403
2020-02-22 19:24:00,0.18891252444387874
2020-02-22 19:27:00,0.12261343456799523
2020-02-22 19:30:00,0.2909080742647916
2020-02-22 19:33:00,0.14012882431433127
2020-02-22 19:36:00,0.08862766952694301
2020-02-22 19:39:00,0.08660824516516641
2020-02-22 19:42:00,0.20046841542608718
2020-02-22 19:45:00,0.17532063116306063
2020-02-22 19:48:00,0.0794798887851016
2020-02-22 19:51:00,0.15259686602888678
2020-02-22 19:54:00,0.21179555776501502
2020-02-22 19:57:00,0.16661861991894966
2020-02-22 20:00:00,0.1242851178157025
2020-02-22 20:03:00,0.23716814870675762
2020-02-22 20:06:00,0.09847599599527257
2020-02-22 20:09:00,0.12165586311044763
2020-02-22 20:12:00,0.11649144845091541
2020-02-22 20:15:00,0.13902864910710377
2020-02-22 20:18:00,0.1519696946218687
2020-02-22 20:21:00,0.09053807537532066
2020-02-22 20:24:00,0.18402801304421246
2020-02-22 20:27:00,0.10322862179134518
2020-02-22 20:30:00,0.1807466745126476
2020-02-22 20:33:00,0.10172183410912794
2020-02-22 20:36:00,0.23110634288968868
2020-02-22 20:39:00,0.1857611027047028
2020-02-22 20:42:00,0.28752224231431
2020-02-22 20:45:00,0.16680964288781297
2020-02-22 20:48:00,0.11646987652733287
2020-02-22 20:51:00,0.14623930123644868
2020-02-22 20:54:00,0.093302135815577
2020-02-22 20:57:00,0.15736127529129362
2020-02-22 21:00:00,0.029131861243058665
2020-02-22 21:03:00,0.2387677410562219
2020-02-22 21:06:00,0.13869659012271995
2020-02-22 21:09:00,0.21239375706687724
2020-02-22 21:12:00,0.1365233985463874
2020-02-22 21:15:00,0.1802893920350357
2020-02-22 21:18:00,0.23106213558577338
2020-02-22 21:21:00,0.282708335131872
2020-02-22 21:24:00,0.28692134936568436
2020-02-22 21:27:00,0.29974425447790054
2020-02-22 21:30:00,0.07168014593247563
2020-02-22 21:33:00,0.1694168896739825
2020-02-22 21:36:00,0.2633384451770553
2020-02-22 21:39:00,0.2217109044701715
2020-02-22 21:42:00,0.13821173999536995
2020-02-22 21:45:00,0.036921560671885345
2020-02-22 21:48:00,0.11474478063729521
2020-02-22 21:51:00,0.0859582295656196
2020-02-22 21:54:00,0.15032041580133182
2020-02-22 21:57:00,0.07927268505176244
2020-02-22 22:00:00,0.014818011180238955
2020-02-22 22:03:00,0.05652267790907217
2020-02-22 22:06:00,0.17940927541025076
2020-02-22 22:09:00,0.3253357520615623
2020-02-22 22:12:00,0.14697661671783635
2020-02-22 22:15:00,0.11937103600939736
2020-02-22 22:18:00,0.1581996939935948
2020-02-22 22:21:00,0.20231134969282039
2020-02-22 22:24:00,0.1821205704719091
2020-02-22 22:27:00,0.08933423264187468
2020-02-22 22:30:00,0.08654275633443831
2020-02-22 22:33:00,0.02791646960633898
2020-02-22 22:36:00,0.04201089606942787
2020-02-22 22:39:00,0.08330828485003394
2020-02-22 22:42:00,0.01913244476276077
2020-02-22 22:45:00,0.08712521282905072
2020-02-22 22:48:00,0.13013398167157675
2020-02-22 22:51:00,0.02837914635887273
2020-02-22 22:54:00,0.10038025961642916
2020-02-22 22:57:00,0.13118818534536558
2020-02-22 23:00:00,0.10208085646650034
2020-02-22 23:03:00,0.1190209516678351
2020-02-22 23:06:00,0.2715724446618992
2020-02-22 23:09:00,0.10200615599353569
2020-02-22 23:12:00,0.15850918125539692
2020-02-22 23:15:00,0.09692230039280503
2020-02-22 23:18:00,0.12158508097257936
2020-02-22 23:21:00,0.155302519457166
2020-02-22 23:24:00,0.1387412979111673
2020-02-22 23:27:00,0.21112260033595476
2020-02-22 23:30:00,0.166648328705719
2020-02-22 23:33:00,0.13479325950839893
2020-02-22 23:36:00,0.13221074741522898
2020-02-22 23:39:00,0.28233406456428156
2020-02-22 23:42:00,0.17068295218621188
2020-02-22 23:45:00,0.10688325867641879
2020-02-22 23:48:00,0.1809508916607001
2020-02-22 23:51:00,0.22108004996567843
2020-02-22 23:54:00,0.1830248013549749
2020-02-22 23:57:00,0.15832089210988443
2020-02-23 00:00:00,0.20865071022689108
2020-02-23 00:03:00,0.1549347062078823
2020-02-23 00:06:00,0.20518665944013037
2020-02-23 00:09:00,0.1935792065483497
2020-02-23 00:12:00,0.1460037642909242
2020-02-23 00:15:00,0.15853585630117095
2020-02-23 00:18:00,0.15002773005801373
2020-02-23 00:21:00,0.1622456278129789
2020-02-23 00:24:00,0.18062862180443062
2020-02-23 00:27:00,0.18638254070640414
2020-02-23 00:30:00,0.23207150236362395
2020-02-23 00:33:00,0.08361404196261901
2020-02-23 00:36:00,0.16164045062856758
2020-02-23 00:39:00,0.19741292245595332
2020-02-23 00:42:00,0.08725974895634181
2020-02-23 00:45:00,0.21934514207737266
2020-02-23 00:48:00,0.1885783832919401
2020-02-23 00:51:00,0.29928885474157596
2020-02-23 00:54:00,0.2752172768642822
2020-02-23 00:57:00,0.3856743595863463
2020-02-23 01:00:00,0.2641127313949596
2020-02-23 01:03:00,0.2799805709792622
2020-02-23 01:06:00,0.2663335652003411
2020-02-23 01:09:00,0.25106325652910755
2020-02-23 01:12:00,0.2957158206118038
2020-02-23 01:15:00,0.2858506227434532
2020-02-23 01:18:00,0.23999272965141927
2020-02-23 01:21:00,0.26727788471924896
2020-02-23 01:24:00,0.2413522293478536
2020-02-23 01:27:00,0.2469061493478648
2020-02-23 01:30:00,0.25734633688512076
2020-02-23 01:33:00,0.2756822952578091
2020-02-23 01:36:00,0.24709087723419998
2020-02-23 01:39:00,0.2913458724257225
2020-02-23 01:42:00,0.20994428255454523
2020-02-23 01:45:00,0.3252493393227951
2020-02-23 01:48:00,0.22701622884744665
2020-02-23 01:51:00,0.24502455998322148
2020-02-23 01:54:00,0.222498452479158
2020-02-23 01:57:00,0.26064564129643486
2020-02-23 02:00:00,0.29758571204814643
2020-02-23 02:03:00,0.3319293537667818
2020-02-23 02:06:00,0.334032100420643
2020-02-23 02:09:00,0.24973451656950374
2020-02-23 02:12:00,0.22466376022958912
2020-02-23 02:15:00,0.2955209678215738
2020-02-23 02:18:00,0.23946918451275678
2020-02-23 02:21:00,0.2855015439864701
2020-02-23 02:24:00,0.25447397435459607
2020-02-23 02:27:00,0.2260153980766404
2020-02-23 02:30:00,0.27633353261859384
2020-02-23 02:33:00,0.2281566757920359
2020-02-23 02:36:00,0.3301109499726067
2020-02-23 02:39:00,0.24854715693601293
2020-02-23 02:42:00,0.22571977163210022
2020-02-23 02:45:00,0.22456158984920194
2020-02-23 02:48:00,0.23496149765963992
2020-02-23 02:51:00,0.2024983866627963
2020-02-23 02:54:00,0.2114038403189511
2020-02-23 02:57:00,0.20641443558054107
2020-02-23 03:00:00,0.1936026570547824
2020-02-23 03:03:00,0.1981661647855617
2020-02-23 03:06:00,0.24478858164371786
2020-02-23 03:09:00,0.29818777945342845
2020-02-23 03:12:00,0.20656197769943674
2020-02-23 03:15:00,0.1471169565424475
2020-02-23 03:18:00,0.20840150781447164
2020-02-23 03:21:00,0.2909115833804776
2020-02-23 03:24:00,0.21878328500429234
2020-02-23 03:27:00,0.31975237856875083
2020-02-23 03:30:00,0.3244182184685087
2020-02-23 03:33:00,0.22341796748310117
2020-02-23 03:36:00,0.2394429065122381
2020-02-23 03:39:00,0.24137425985986738
2020-02-23 03:42:00,0.23668515940624957
2020-02-23 03:45:00,0.2936419458030741
2020-02-23 03:48:00,0.33014882547217894
2020-02-23 03:51:00,0.35719742188967984
2020-02-23 03:54:00,0.3763848318683358
2020-02-23 03:57:00,0.2276119448724785
2020-02-23 04:00:00,0.2526414312314955
2020-02-23 04:03:00,0.1943764781242976
2020-02-23 04:06:00,0.27173542500253234
2020-02-23 04:09:00,0.306049210332219
2020-02-23 04:12:00,0.27114120100287664
2020-02-23 04:15:00,0.27068468828537107
2020-02-23 04:18:00,0.3232976741413154
2020-02-23 04:21:00,0.2813872050818418
2020-02-23 04:24:00,0.29364965326834636
2020-02-23 04:27:00,0.1923888751370555
2020-02-23 04:30:00,0.3272704448672812
2020-02-23 04:33:00,0.18852897744449137
2020-02-23 04:36:00,0.22569926735530998
2020-02-23 04:39:00,0.2927735650550858
2020-02-23 04:42:00,0.3682085394241881
2020-02-23 04:45:00,0.3138901148517448
2020-02-23 04:48:00,0.3124074499969538
2020-02-23 04:51:00,0.3564073865674118
2020-02-23 04:54:00,0.3073336813521905
2020-02-23 04:57:00,0.35044697258092583
2020-02-23 05:00:00,0.3494379294839405
2020-02-23 05:03:00,0.3104431525724749
2020-02-23 05:06:00,0.23640576824703885
2020-02-23 05:09:00,0.4461488894522745
2020-02-23 05:12:00,0.33236195623646836
2020-02-23 05:15:00,0.3070354351495439
2020-02-23 05:18:00,0.37938871693910414
2020-02-23 05:21:00,0.2556615091039589
2020-02-23 05:24:00,0.2798195948427633
2020-02-23 05:27:00,0.31140962295756935
2020-02-23 05:30:00,0.38269360175206657
2020-02-23 05:33:00,0.3055479881972474
2020-02-23 05:36:00,0.3241914907517298
2020-02-23 05:39:00,0.25709779717141146
2020-02-23 05:42:00,0.30449026928971534
2020-02-23 05:45:00,0.33973119264470597
2020-02-23 05:48:00,0.23762090396934354
2020-02-23 05:51:00,0.2820410348268183
2020-02-23 05:54:00,0.34392083643336946
2020-02-23 05:57:00,0.2753342501143834
2020-02-23 06:00:00,0.2296257341787964
2020-02-23 06:03:00,0.2262806394121526
2020-02-23 06:06:00,0.3024798065802088
2020-02-23 06:09:00,0.2982547213686644
2020-02-23 06:12:00,0.30511052712938636
2020-02-23 06:15:00,0.3846194250414783
2020-02-23 06:18:00,0.27124860575770526
2020-02-23 06:21:00,0.307158377090218
2020-02-23 06:24:00,0.24109059874274408
2020-02-23 06:27:00,0.3086199276425532
2020-02-23 06:30:00,0.3861933092417189
2020-02-23 06:33:00,0.29791716750270325
2020-02-23 06:36:00,0.24857246929514076
2020-02-23 06:39:00,0.3153226596142531
2020-02-23 06:42:00,0.2901102089227834
2020-02-23 06:45:00,0.23958464131334267
2020-02-23 06:48:00,0.21401506657076652
2020-02-23 06:51:00,0.29426472079887844
2020-02-23 06:54:00,0.2953912721224583
2020-02-23 06:57:00,0.2566293205979946
2020-02-23 07:00:00,0.21621440233883504
2020-02-23 07:03:00,0.3080501858980824
2020-02-23 07:06:00,0.28110449477173916
2020-02-23 07:09:00,0.259368190257419
2020-02-23 07:12:00,0.28191623248477526
2020-02-23 07:15:00,0.3336649664623792
2020-02-23 07:18:00,0.2406503192317473
2020-02-23 07:21:00,0.2653945480552693
2020-02-23 07:24:00,0.2875636269628785
2020-02-23 07:27:00,0.25749940370315016
2020-02-23 07:30:00,0.2806567892205294
2020-02-23 07:33:00,0.24113669673528193
2020-02-23 07:36:00,0.3026995802700867
2020-02-23 07:39:00,0.2989239306730269
2020-02-23 07:42:00,0.27099202557832314
2020-02-23 07:45:00,0.2287379447436706
2020-02-23 07:48:00,0.24197133497341383
2020-02-23 07:51:00,0.2830079489587547
2020-02-23 07:54:00,0.2607500604432289
2020-02-23 07:57:00,0.22728626967546006
2020-02-23 08:00:00,0.25492660819486446
2020-02-23 08:03:00,0.25225917189186475
2020-02-23 08:06:00,0.24411129696073885
2020-02-23 08:09:00,0.16460816349217566
2020-02-23 08:12:00,0.22956143447987643
2020-02-23 08:15:00,0.22998855433502285
2020-02-23 08:18:00,0.1359519474929698
2020-02-23 08:21:00,0.1292199277280588
2020-02-23 08:24:00,0.19718400607240483
2020-02-23 08:27:00,0.14856586522762427
2020-02-23 08:30:00,0.12608339552207326
2020-02-23 08:33:00,0.1405937681313958
2020-02-23 08:36:00,0.2532599921599967
2020-02-23 08:39:00,0.21647786815907466
2020-02-23 08:42:00,0.19525229313558157
2020-02-23 08:45:00,0.21307930032861577
2020-02-23 08:48:00,0.16775380944397966
2020-02-23 08:51:00,0.21934144056967853
2020-02-23 08:54:00,0.051049416238072354
2020-02-23 08:57:00,0.17652951654588378
2020-02-23 09:00:00,0.14374004905823767
2020-02-23 09:03:00,0.14757778604575833
2020-02-23 09:06:00,0.18861382967429563
2020-02-23 09:09:00,0.0795378911745388
2020-02-23 09:12:00,0.023172458322108014
2020-02-23 09:15:00,-0.013942187155748798
2020-02-23 09:18:00,0.23625881339961552
2020-02-23 09:21:00,0.06755675146632711
2020-02-23 09:24:00,0.0002786008851671795
2020-02-23 09:27:00,-0.012990111245983371
2020-02-23 09:30:00,0.04793449975056774
2020-02-23 09:33:00,-0.03639991929304642
2020-02-23 09:36:00,0.05631353025910357
2020-02-23 09:39:00,-0.02071019580154143
2020-02-23 09:42:00,-0.04834934174073169
2020-02-23 09:45:00,-0.02792084056210342
2020-02-23 09:48:00,0.05897307258743467
2020-02-23 09:51:00,-0.03297526572640663
2020-02-23 09:54:00,-0.02291073439351976
2020-02-23 09:57:00,-0.009073030986428421
2020-02-23 10:00:00,-0.020469220283985123
2020-02-23 10:03:00,-0.008700507259391088
2020-02-23 10:06:00,-0.006130914593086345
2020-02-23 10:09:00,-0.039000444189071004
2020-02-23 10:12:00,0.08478817466118471
2020-02-23 10:15:00,-0.1302670879898642
2020-02-23 10:18:00,-0.07196600952977406
2020-02-23 10:21:00,0.03266876189047707
2020-02-23 10:24:00,-0.009191562339310622
2020-02-23 10:27:00,-0.004946829280982001
2020-02-23 10:30:00,-0.010530678523082315
2020-02-23 10:33:00,-0.08247421798199639
2020-02-23 10:36:00,0.030912059827869598
2020-02-23 10:39:00,-0.01921312473064063
2020-02-23 10:42:00,-0.05359576711310865
2020-02-23 10:45:00,-0.05529030972536475
2020-02-23 10:48:00,-0.062418460253354624
2020-02-23 10:51:00,-0.07259006285227088
2020-02-23 10:54:00,-0.12131331795649203
2020-02-23 10:57:00,-0.1794642176919865
2020-02-23 11:00:00,-0.07670894795569438
2020-02-23 11:03:00,-0.10249184533410016
2020-02-23 11:06:00,-0.11324364221127325
2020-02-23 11:09:00,-0.06728318371460773
2020-02-23 11:12:00,-0.12795980216810676
2020-02-23 11:15:00,-0.01112644233313631
2020-02-23 11:18:00,-0.07974899758181664
2020-02-23 11:21:00,-0.16839131440514166
2020-02-23 11:24:00,-0.16151604588759483
2020-02-23 11:27:00,-0.2526550743981488
2020-02-23 11:30:00,-0.10116876544657316
2020-02-23 11:33:00,-0.11059064636117455
2020-02-23 11:36:00,-0.19000714225535376
2020-02-23 11:39:00,-0.21812985921087602
2020-02-23 11:42:00,-0.20241505594424325
2020-02-23 11:45:00,-0.15499391340347302
2020-02-23 11:48:00,-0.1795958321318949
2020-02-23 11:51:00,-0.2381716438187027
2020-02-23 11:54:00,-0.180237094837139
2020-02-23 11:57:00,-0.23980785642385172
2020-02-23 12:00:00,-0.2138160789832
2020-02-23 12:03:00,-0.21594222749934033
2020-02-23 12:06:00,-0.04415185899131302
2020-02-23 12:09:00,-0.25762837644225556
2020-02-23 12:12:00,-0.20547114402802436
2020-02-23 12:15:00,-0.22411783720332323
2020-02-23 12:18:00,-0.10246446143429466
2020-02-23 12:21:00,-0.1926394877286839
2020-02-23 12:24:00,-0.2321964859057175
2020-02-23 12:27:00,-0.3965676702471228
2020-02-23 12:30:00,-0.20490464721001445
2020-02-23 12:33:00,-0.22796406733976937
2020-02-23 12:36:00,-0.25489469396922004
2020-02-23 12:39:00,-0.2953549996335596
2020-02-23 12:42:00,-0.16617495543971472
2020-02-23 12:45:00,-0.17440735770469473
2020-02-23 12:48:00,-0.20842001341435434
2020-02-23 12:51:00,-0.2308714118129842
2020-02-23 12:54:00,-0.2024875792030798
2020-02-23 12:57:00,-0.2838501592908642
2020-02-23 13:00:00,-0.2734253712724808
2020-02-23 13:03:00,-0.3086501307932963
2020-02-23 13:06:00,-0.2716319886610563
2020-02-23 13:09:00,-0.2879921194335111
2020-02-23 13:12:00,-0.3309263583158213
2020-02-23 13:15:00,-0.2559477902829599
2020-02-23 13:18:00,-0.3170880621646006
2020-02-23 13:21:00,-0.29334341358287475
2020-02-23 13:24:00,-0.32359466961656835
2020-02-23 13:27:00,-0.21716727626704824
2020-02-23 13:30:00,-0.254936369879033
2020-02-23 13:33:00,-0.331733347067825
2020-02-23 13:36:00,-0.2702265318687864
2020-02-23 13:39:00,-0.1929278345626244
2020-02-23 13:42:00,-0.08510933318069647
2020-02-23 13:45:00,-0.11937845727283047
2020-02-23 13:48:00,0.0035877139198419172
2020-02-23 13:51:00,-0.10499893407700256
2020-02-23 13:54:00,-0.07465616206013692
2020-02-23 13:57:00,-0.16124729631502532
2020-02-23 14:00:00,-0.21228857912348076
2020-02-23 14:03:00,-0.11970114853357927
2020-02-23 14:06:00,-0.008112749734380031
2020-02-23 14:09:00,-0.21853080815748172
2020-02-23 14:12:00,-0.15520110240413487
2020-02-23 14:15:00,-0.149453223054536
2020-02-23 14:18:00,-0.16454471870900989
2020-02-23 14:21:00,-0.21797590577108394
2020-02-23 14:24:00,-0.05505435042641693
2020-02-23 14:27:00,-0.05662869635790457
2020-02-23 14:30:00,0.01901922773345177
2020-02-23 14:33:00,-0.009528837185882821
2020-02-23 14:36:00,-0.15663209803267364
2020-02-23 14:39:00,0.0015672177796091091
2020-02-23 14:42:00,-0.13698592804274767
2020-02-23 14:45:00,-0.04969097773101794
2020-02-23 14:48:00,-0.02996533754782149
2020-02-23 14:51:00,-0.10251622739542654
2020-02-23 14:54:00,-0.08965618092031491
2020-02-23 14:57:00,-0.0876624907523933
2020-02-23 15:00:00,-0.10287278357725427
2020-02-23 15:03:00,-0.11864924270793153
2020-02-23 15:06:00,-0.0789201848468224
2020-02-23 15:09:00,-0.17669955086961409
2020-02-23 15:12:00,-0.10385871106677769
2020-02-23 15:15:00,-0.17166228139421946
2020-02-23 15:18:00,-0.1607804853836683
2020-02-23 15:21:00,-0.21992965472423975
2020-02-23 15:24:00,-0.1147639453776037
2020-02-23 15:27:00,-0.3033474848942319
2020-02-23 15:30:00,-0.16053091982257683
2020-02-23 15:33:00,-0.201454264804795
2020-02-23 15:36:00,-0.2740991767770993
2020-02-23 15:39:00,-0.24030970656770023
2020-02-23 15:42:00,-0.29077946045043745
2020-02-23 15:45:00,-0.14586816797890378
2020-02-23 15:48:00,-0.0803210330601587
2020-02-23 15:51:00,-0.16713370929534221
2020-02-23 15:54:00,-0.17973659481191362
2020-02-23 15:57:00,-0.189061811215538
2020-02-23 16:00:00,-0.1633145624236363
2020-02-23 16:03:00,-0.1815958892638605
2020-02-23 16:06:00,-0.07155368985786481
2020-02-23 16:09:00,-0.12228442835777287
2020-02-23 16:12:00,-0.14490761004816477
2020-02-23 16:15:00,-0.11997686181575773
2020-02-23 16:18:00,-0.08300019291976923
2020-02-23 16:21:00,-0.07224208773084229
2020-02-23 16:24:00,-0.029415148708608285
2020-02-23 16:27:00,0.09386377240520005
2020-02-23 16:30:00,0.0978631568552828
2020-02-23 16:33:00,0.050195063943647256
2020-02-23 16:36:00,0.24667362075416577
2020-02-23 16:39:00,0.13182086170462526
2020-02-23 16:42:00,0.022894468084359687
2020-02-23 16:45:00,-0.03776630833783656
2020-02-23 16:48:00,-0.006287566408218481
2020-02-23 16:51:00,-0.05814302945975669
2020-02-23 16:54:00,-0.10235982501512808
2020-02-23 16:57:00,-0.01614904685715146
2020-02-23 17:00:00,0.15975680789574653
2020-02-23 17:03:00,0.03203731141945809
2020-02-23 17:06:00,-0.13486813156652033
2020-02-23 17:09:00,-0.14428038807591292
2020-02-23 17:12:00,-0.09001889324719059
2020-02-23 17:15:00,-0.08472603300896253
2020-02-23 17:18:00,-0.18458191787851774
2020-02-23 17:21:00,-0.17108437280109
2020-02-23 17:24:00,-0.16773513309800592
2020-02-23 17:27:00,-0.13952470326853472
2020-02-23 17:30:00,-0.11682990639246782
2020-02-23 17:33:00,-0.028315916508461214
2020-02-23 17:36:00,-0.02664713204023883
2020-02-23 17:39:00,-0.15698077807013533
2020-02-23 17:42:00,-0.10526892481419736
2020-02-23 17:45:00,-0.09165744846717416
2020-02-23 17:48:00,-0.12239550767390028
2020-02-23 17:51:00,-0.05624104881474068
2020-02-23 17:54:00,-0.008213558886325245
2020-02-23 17:57:00,-0.02067440887913108
2020-02-23 18:00:00,-0.04928824541281074
2020-02-23 18:03:00,-0.012196676791688787
2020-02-23 18:06:00,-0.0343001527899105
2020-02-23 18:09:00,-0.00940877993821232
2020-02-23 18:12:00,-0.023973760114813558
2020-02-23 18:15:00,0.011246771126195654
2020-02-23 18:18:00,0.005860243055394676
2020-02-23 18:21:00,0.07311035976289304
2020-02-23 18:24:00,0.0756513331317592
2020-02-23 18:27:00,0.12568442840677108
2020-02-23 18:30:00,0.05203135510890888
2020-02-23 18:33:00,0.08430976763685294
2020-02-23 18:36:00,0.07606508632466102
2020-02-23 18:39:00,0.09233851691431028
2020-02-23 18:42:00,0.08857065444703949
2020-02-23 18:45:00,0.11639098077881727
2020-02-23 18:48:00,0.024677182125742547
2020-02-23 18:51:00,0.00626506935617499
2020-02-23 18:54:00,
2020-02-23 18:57:00,
2020-02-23 19:00:00,
2020-02-23 19:03:00,0.015791235794893055
2020-02-23 19:06:00,0.0633921419798753
2020-02-23 19:09:00,0.04768599207244506
2020-02-23 19:12:00,0.09782056650914228
2020-02-23 19:15:00,0.06162041164657239
2020-02-23 19:18:00,0.060707954771999084
2020-02-23 19:21:00,0.09500805051544603
2020-02-23 19:24:00,0.05953805248361732
2020-02-23 19:27:00,0.014762407642308517
2020-02-23 19:30:00,-0.01897697030665313
2020-02-23 19:33:00,0.1652158514389157
2020-02-23 19:36:00,0.05176237613119383
2020-02-23 19:39:00,0.11219887130147299
2020-02-23 19:42:00,0.0916492295846183
2020-02-23 19:45:00,0.12229381646119464
2020-02-23 19:48:00,0.11129563886811411
2020-02-23 19:51:00,0.13277195348626947
2020-02-23 19:54:00,0.11028351823813409
2020-02-23 19:57:00,0.12142795584571786
2020-02-23 20:00:00,0.01390711922169885
2020-02-23 20:03:00,0.08751864300728585
2020-02-23 20:06:00,0.1165976000537512
2020-02-23 20:09:00,0.14726806450954655
2020-02-23 20:12:00,0.0784121214866218
2020-02-23 20:15:00,0.09458447709829443
2020-02-23 20:18:00,0.07699361062606158
2020-02-23 20:21:00,0.13322726970892518
2020-02-23 20:24:00,0.09045957168905261
2020-02-23 20:27:00,0.050344734811005765
2020-02-23 20:30:00,0.11101948059615552
2020-02-23 20:33:00,0.014125246287221671
2020-02-23 20:36:00,0.06505004504720091
2020-02-23 20:39:00,0.08824093540516742
2020-02-23 20:42:00,0.036807262492402515
2020-02-23 20:45:00,0.1449616525447368
2020-02-23 20:48:00,0.16195106359799638
2020-02-23 20:51:00,0.15742972378887998
2020-02-23 20:54:00,0.18165650822680846
2020-02-23 20:57:00,0.12462654312543009
2020-02-23 21:00:00,0.075463428878777
2020-02-23 21:03:00,0.07946572065526425
2020-02-23 21:06:00,0.16025192048931558
2020-02-23 21:09:00,0.10190259107542943
2020-02-23 21:12:00,0.1983697969799323
2020-02-23 21:15:00,0.14573045947179253
2020-02-23 21:18:00,0.11635487963599189
2020-02-23 21:21:00,0.12838296887025535
2020-02-23 21:24:00,0.20774465572895906
2020-02-23 21:27:00,0.2653186224616775
2020-02-23 21:30:00,0.23322464361098127
2020-02-23 21:33:00,0.21309898054687437
2020-02-23 21:36:00,0.1899394299971391
2020-02-23 21:39:00,0.20144031280329955
2020-02-23 21:42:00,0.1487586731806232
2020-02-23 21:45:00,0.16224608794533424
2020-02-23 21:48:00,0.0844535955721426
2020-02-23 21:51:00,0.17034466155638484
2020-02-23 21:54:00,0.19443343920664802
2020-02-23 21:57:00,0.12897132905322906
2020-02-23 22:00:00,0.1877063753098014
2020-02-23 22:03:00,0.12996723649456499
2020-02-23 22:06:00,0.11206989791378419
2020-02-23 22:09:00,0.21348216158310152
2020-02-23 22:12:00,0.1520004169063327
2020-02-23 22:15:00,0.23254184434705394
2020-02-23 22:18:00,0.23343920154655962
2020-02-23 22:21:00,0.2479691259963488
2020-02-23 22:24:00,0.16241459191178365
2020-02-23 22:27:00,0.2605533189275775
2020-02-23 22:30:00,0.1881574855443091
2020-02-23 22:33:00,0.07915340268152704
2020-02-23 22:36:00,0.13021160719978297
2020-02-23 22:39:00,0.1889670181595875
2020-02-23 22:42:00,0.1656763590118544
2020-02-23 22:45:00,0.23553620264488018
2020-02-23 22:48:00,0.19344672547299524
2020-02-23 22:51:00,0.1714170301841591
2020-02-23 22:54:00,0.23470408225239225
2020-02-23 22:57:00,0.17756431101395265
2020-02-23 23:00:00,0.19172880962730687
2020-02-23 23:03:00,0.11712356665213974
2020-02-23 23:06:00,0.21571450055745345
2020-02-23 23:09:00,0.30989659588590257
2020-02-23 23:12:00,0.22423211890310313
2020-02-23 23:15:00,0.25371357934301386
2020-02-23 23:18:00,0.2947783751632187
2020-02-23 23:21:00,0.2580519713912963
2020-02-23 23:24:00,0.28557848067066516
2020-02-23 23:27:00,0.2591528306446662
2020-02-23 23:30:00,0.18342852605672988
2020-02-23 23:33:00,0.1601438106700357
2020-02-23 23:36:00,0.17789948162965175
2020-02-23 23:39:00,0.2707526645606322
2020-02-23 23:42:00,0.1811002322629065
2020-02-23 23:45:00,0.227327513529076
2020-02-23 23:48:00,0.222060914536371
2020-02-23 23:51:00,0.3028318065264557
2020-02-23 23:54:00,0.2255798920585903
2020-02-23 23:57:00,0.21884864575440588
2020-02-24 00:00:00,0.19067677472025935
2020-02-24 00:03:00,0.16431420991790446
2020-02-24 00:06:00,0.1746447060127707
2020-02-24 00:09:00,0.2210058727160913
2020-02-24 00:12:00,0.26777080972107115
2020-02-24 00:15:00,0.12202412338814383
2020-02-24 00:18:00,0.1612405595719224
2020-02-24 00:21:00,0.17761463901490515
2020-02-24 00:24:00,0.20688547589463724
2020-02-24 00:27:00,0.16181529943690975
2020-02-24 00:30:00,0.20615160180619796
2020-02-24 00:33:00,0.17396780244172305
2020-02-24 00:36:00,0.2141680238237882
2020-02-24 00:39:00,0.19319337341488563
2020-02-24 00:42:00,0.23285742770701745
2020-02-24 00:45:00,0.2312295638159867
2020-02-24 00:48:00,0.16902551021394174
2020-02-24 00:51:00,0.18974677558600206
2020-02-24 00:54:00,0.2568087299699755
2020-02-24 00:57:00,0.2768912877885441
2020-02-24 01:00:00,0.2236914700369539
2020-02-24 01:03:00,0.15626556890464371
2020-02-24 01:06:00,0.20823756560741913
2020-02-24 01:09:00,0.2595550964614972
2020-02-24 01:12:00,0.2505275555485582
2020-02-24 01:15:00,0.15140743029667192
2020-02-24 01:18:00,0.1589088770563194
2020-02-24 01:21:00,0.22407390186799603
2020-02-24 01:24:00,0.2090724574001115
2020-02-24 01:27:00,0.21650364653089582
2020-02-24 01:30:00,0.34072589057262803
2020-02-24 01:33:00,0.18477616998325175
2020-02-24 01:36:00,0.2249269651080681
2020-02-24 01:39:00,0.18269862955452254
2020-02-24 01:42:00,0.25235583581343235
2020-02-24 01:45:00,0.23963810713854627
2020-02-24 01:48:00,0.21889051855777097
2020-02-24 01:51:00,0.27086436237260614
2020-02-24 01:54:00,0.23335235923468645
2020-02-24 01:57:00,0.20889897814032565
2020-02-24 02:00:00,0.22637308029050018
2020-02-24 02:03:00,0.23847005188639514
2020-02-24 02:06:00,0.2884940408870875
2020-02-24 02:09:00,0.3184559872776731
2020-02-24 02:12:00,0.2569571625107301
2020-02-24 02:15:00,0.2495810427560059
2020-02-24 02:18:00,0.27901166861425963
2020-02-24 02:21:00,0.3029007425263899
2020-02-24 02:24:00,0.22775389279513547
2020-02-24 02:27:00,0.31089600276072815
2020-02-24 02:30:00,0.2488583290759152
2020-02-24 02:33:00,0.20101599185045416
2020-02-24 02:36:00,0.23995650271149316
2020-02-24 02:39:00,0.16153737403880086
2020-02-24 02:42:00,0.20237642776129405
2020-02-24 02:45:00,0.24257969010903935
2020-02-24 02:48:00,0.189409241651731
2020-02-24 02:51:00,0.16369476579359343
2020-02-24 02:54:00,0.2777000935287788
2020-02-24 02:57:00,0.19981005733069424
2020-02-24 03:00:00,0.2328264219240168
2020-02-24 03:03:00,0.20201458650001314
2020-02-24 03:06:00,0.27524975828208653
2020-02-24 03:09:00,0.19079529562566222
2020-02-24 03:12:00,0.3056590572074924
2020-02-24 03:15:00,0.27275657155729505
2020-02-24 03:18:00,0.20914470192985846
2020-02-24 03:21:00,0.1717630695529806
2020-02-24 03:24:00,0.22143363209414701
2020-02-24 03:27:00,0.2539787509987832
2020-02-24 03:30:00,0.3010993652720799
2020-02-24 03:33:00,0.17728695268243655
2020-02-24 03:36:00,0.256216370394327
2020-02-24 03:39:00,0.26152550427082133
2020-02-24 03:42:00,0.3167119160804077
2020-02-24 03:45:00,0.2636708747279499
2020-02-24 03:48:00,0.2748981475797905
2020-02-24 03:51:00,0.2119936588481437
2020-02-24 03:54:00,0.29957784917672825
2020-02-24 03:57:00,0.27183564099027535
2020-02-24 04:00:00,0.349065459708072
2020-02-24 04:03:00,0.25115668723304907
2020-02-24 04:06:00,0.2924177179900198
2020-02-24 04:09:00,0.2542457898042585
2020-02-24 04:12:00,0.27502462357637114
2020-02-24 04:15:00,0.21135081446846016
2020-02-24 04:18:00,0.3003505364928287
2020-02-24 04:21:00,0.24056738363219665
2020-02-24 04:24:00,0.19989910471275607
2020-02-24 04:27:00,0.31881103674027145
2020-02-24 04:30:00,0.17438868471543856
2020-02-24 04:33:00,0.2257313303310866
2020-02-24 04:36:00,0.2813297419927494
2020-02-24 04:39:00,0.23790023359816814
2020-02-24 04:42:00,0.2217575821125024
2020-02-24 04:45:00,0.2464621083101406
2020-02-24 04:48:00,0.22266596138729255
2020-02-24 04:51:00,0.19546176701038576
2020-02-24 04:54:00,0.22454584221378582
2020-02-24 04:57:00,0.31727662358809994
2020-02-24 05:00:00,0.24924890238764874
2020-02-24 05:03:00,0.12907646824470476
2020-02-24 05:06:00,0.09566020776662754
2020-02-24 05:09:00,0.177138483515364
2020-02-24 05:12:00,0.14295131116472248
2020-02-24 05:15:00,0.17994793857349123
2020-02-24 05:18:00,0.2717633183277144
2020-02-24 05:21:00,0.225294672654627
2020-02-24 05:24:00,0.1585635738663882
2020-02-24 05:27:00,0.26991253824905925
2020-02-24 05:30:00,0.11849390769145884
2020-02-24 05:33:00,0.17576452916580365
2020-02-24 05:36:00,0.2218256653776507
2020-02-24 05:39:00,0.25460671885196007
2020-02-24 05:42:00,0.20149584717381686
2020-02-24 05:45:00,0.2602129430055129
2020-02-24 05:48:00,0.2612165272064999
2020-02-24 05:51:00,0.19576512156294257
2020-02-24 05:54:00,0.16960244909330413
2020-02-24 05:57:00,0.17094045865172802
2020-02-24 06:00:00,0.2125674076689279
2020-02-24 06:03:00,0.2800249497603886
2020-02-24 06:06:00,0.146379806619791
2020-02-24 06:09:00,0.332998502135581
2020-02-24 06:12:00,0.23009094498775085
2020-02-24 06:15:00,0.21942658314418395
2020-02-24 06:18:00,0.13898879750922788
2020-02-24 06:21:00,0.18292410103742895
2020-02-24 06:24:00,0.18391862973095385
2020-02-24 06:27:00,0.15011048835094698
2020-02-24 06:30:00,0.1769450504000929
2020-02-24 06:33:00,0.24685018781957524
2020-02-24 06:36:00,0.22098431774048777
2020-02-24 06:39:00,0.2897352479971005
2020-02-24 06:42:00,0.19171639932801554
2020-02-24 06:45:00,0.20509151198564268
2020-02-24 06:48:00,0.2612960089498415
2020-02-24 06:51:00,0.22892567897775962
2020-02-24 06:54:00,0.24596021890243946
2020-02-24 06:57:00,0.3236864282962415
2020-02-24 07:00:00,0.23539785912436173
2020-02-24 07:03:00,0.17832315678742816
2020-02-24 07:06:00,0.19705386499816768
2020-02-24 07:09:00,0.22112806240505734
2020-02-24 07:12:00,0.2308940064896774
2020-02-24 07:15:00,0.17209310739906414
2020-02-24 07:18:00,0.2666402555875038
2020-02-24 07:21:00,0.19863618068222877
2020-02-24 07:24:00,0.167420832942355
2020-02-24 07:27:00,0.15536206391749374
2020-02-24 07:30:00,0.19148981595367331
2020-02-24 07:33:00,0.22148086155397095
2020-02-24 07:36:00,0.252023554343225
2020-02-24 07:39:00,0.205611689813054
2020-02-24 07:42:00,0.18820089899929826
2020-02-24 07:45:00,0.1320876938186757
2020-02-24 07:48:00,0.2078415488502401
2020-02-24 07:51:00,0.2687992455702215
2020-02-24 07:54:00,0.1544918619107989
2020-02-24 07:57:00,0.2301177004584929
2020-02-24 08:00:00,0.2359842298361059
2020-02-24 08:03:00,0.16605316920146151
2020-02-24 08:06:00,0.17913391116468347
2020-02-24 08:09:00,0.15629639603764645
2020-02-24 08:12:00,0.12436122522518644
2020-02-24 08:15:00,0.18936599876354876
2020-02-24 08:18:00,0.06663014441011228
2020-02-24 08:21:00,0.14984955014080015
2020-02-24 08:24:00,0.1599229374278366
2020-02-24 08:27:00,0.14751900877593016
2020-02-24 08:30:00,0.1168285516312153
2020-02-24 08:33:00,0.1506925966054382
2020-02-24 08:36:00,0.10113690524019603
2020-02-24 08:39:00,0.08747084948481643
2020-02-24 08:42:00,0.16935924335052732
2020-02-24 08:45:00,0.22361005591233152
2020-02-24 08:48:00,0.1192505785562048
2020-02-24 08:51:00,0.2453986223159177
2020-02-24 08:54:00,0.1447674974091342
2020-02-24 08:57:00,0.2134741797320885
2020-02-24 09:00:00,0.11254499068093082
2020-02-24 09:03:00,0.1671672675345235
2020-02-24 09:06:00,0.1597560586325244
2020-02-24 09:09:00,0.08731545284325648
2020-02-24 09:12:00,0.2102909484296447
2020-02-24 09:15:00,0.1380331114812634
2020-02-24 09:18:00,0.1302485666383859
2020-02-24 09:21:00,0.156600572157231
2020-02-24 09:24:00,0.12543423000607845
2020-02-24 09:27:00,0.06054924553302499
2020-02-24 09:30:00,0.12077003811810982
2020-02-24 09:33:00,0.19011759124140326
2020-02-24 09:36:00,0.12537101744391066
2020-02-24 09:39:00,0.07158255367460242
2020-02-24 09:42:00,0.16063749905532632
2020-02-24 09:45:00,0.19614297037372808
2020-02-24 09:48:00,0.032371065955658196
2020-02-24 09:51:00,0.1593902403265588
2020-02-24 09:54:00,0.17369514137561737
2020-02-24 09:57:00,0.014788582677113027
2020-02-24 10:00:00,0.20242723567849907
2020-02-24 10:03:00,0.02403611420913876
2020-02-24 10:06:00,0.1166830902431002
2020-02-24 10:09:00,0.09787877898463648
2020-02-24 10:12:00,0.10566433023137733
2020-02-24 10:15:00,0.10198309441358333
2020-02-24 10:18:00,0.1639283983253108
2020-02-24 10:21:00,0.1195104884752709
2020-02-24 10:24:00,0.0665853309957356
2020-02-24 10:27:00,0.18567825273458993
2020-02-24 10:30:00,0.07112262607080311
2020-02-24 10:33:00,0.08948407344331599
2020-02-24 10:36:00,0.16657229637957016
2020-02-24 10:39:00,-0.010343965782681153
2020-02-24 10:42:00,0.022591289677109216
2020-02-24 10:45:00,0.1407286891910644
2020-02-24 10:48:00,0.06781676974662787
2020-02-24 10:51:00,0.005910730225082261
2020-02-24 10:54:00,-0.09056749797701968
2020-02-24 10:57:00,-0.01433638201052645
2020-02-24 11:00:00,0.06660745916553878
2020-02-24 11:03:00,0.04844997645602689
2020-02-24 11:06:00,0.03415002461747463
2020-02-24 11:09:00,-0.06042742692801539
2020-02-24 11:12:00,0.06213749843715277
2020-02-24 11:15:00,-0.007437345843982257
2020-02-24 11:18:00,-0.042860797121420546
2020-02-24 11:21:00,-0.01698988937573631
2020-02-24 11:24:00,-0.10036078051791719
2020-02-24 11:27:00,-0.05121751109197703
2020-02-24 11:30:00,0.006741581901792415
2020-02-24 11:33:00,-0.081132411052522
2020-02-24 11:36:00,-0.0445765746478628
2020-02-24 11:39:00,0.007521568458571437
2020-02-24 11:42:00,-0.04859046594890515
2020-02-24 11:45:00,-0.09633949675662734
2020-02-24 11:48:00,0.0007702541136040963
2020-02-24 11:51:00,-0.009533274628608979
2020-02-24 11:54:00,-0.007917749074920266
2020-02-24 11:57:00,-0.07245121823416412
2020-02-24 12:00:00,-0.08058818066621143
2020-02-24 12:03:00,-0.03808054975496589
2020-02-24 12:06:00,-0.1045499050185299
2020-02-24 12:09:00,-0.05528514435331999
2020-02-24 12:12:00,-0.03480330800761067
2020-02-24 12:15:00,-0.2384699412969553
2020-02-24 12:18:00,-0.08510539500571213
2020-02-24 12:21:00,-0.1552277370518027
2020-02-24 12:24:00,-0.1261927237565601
2020-02-24 12:27:00,-0.10760527481062354
2020-02-24 12:30:00,-0.13816975170090018
2020-02-24 12:33:00,-0.18555949939832317
2020-02-24 12:36:00,-0.0037729262198240576
2020-02-24 12:39:00,-0.0769483736461325
2020-02-24 12:42:00,-0.15344555917943126
2020-02-24 12:45:00,-0.19250416881499177
2020-02-24 12:48:00,-0.03642254458230809
2020-02-24 12:51:00,-0.14804114015601044
2020-02-24 12:54:00,-0.16812180179272218
2020-02-24 12:57:00,-0.14225379875881572
2020-02-24 13:00:00,-0.058193722164276096
2020-02-24 13:03:00,-0.16128735787043524
2020-02-24 13:06:00,-0.17924458104295127
2020-02-24 13:09:00,-0.1498391821052678
2020-02-24 13:12:00,-0.2543616746552857
2020-02-24 13:15:00,-0.19915117967298102
2020-02-24 13:18:00,-0.1388141986748792
2020-02-24 13:21:00,-0.12244605491741822
2020-02-24 13:24:00,-0.20431896647448866
2020-02-24 13:27:00,-0.2555698001251585
2020-02-24 13:30:00,-0.21508633354631002
2020-02-24 13:33:00,-0.27037067332440756
2020-02-24 13:36:00,-0.28046867844125245
2020-02-24 13:39:00,-0.27500396605375954
2020-02-24 13:42:00,-0.3093100150636019
2020-02-24 13:45:00,-0.26760371590745535
2020-02-24 13:48:00,-0.26832685968082615
2020-02-24 13:51:00,-0.2398999372119306
2020-02-24 13:54:00,-0.3991278981271762
2020-02-24 13:57:00,-0.2820107161272176
2020-02-24 14:00:00,-0.24359512242318715
2020-02-24 14:03:00,-0.21491503021877634
2020-02-24 14:06:00,-0.25617639998017694
2020-02-24 14:09:00,-0.31125538385464324
2020-02-24 14:12:00,-0.3200303933026589
2020-02-24 14:15:00,-0.19875099021487586
2020-02-24 14:18:00,-0.23625533862167458
2020-02-24 14:21:00,-0.21952817414364745
2020-02-24 14:24:00,-0.32574564958326846
2020-02-24 14:27:00,-0.27539313219159567
2020-02-24 14:30:00,-0.2443515443158617
2020-02-24 14:33:00,-0.36258538773915916
2020-02-24 14:36:00,-0.284372768564765
2020-02-24 14:39:00,-0.24879369453873323
2020-02-24 14:42:00,-0.21501413708313066
2020-02-24 14:45:00,-0.23038060798268134
2020-02-24 14:48:00,-0.27246361697814336
2020-02-24 14:51:00,-0.29302244102001396
2020-02-24 14:54:00,-0.23403626047593207
2020-02-24 14:57:00,-0.4446406886742693
2020-02-24 15:00:00,-0.4199090343173566
2020-02-24 15:03:00,-0.44380429477627104
2020-02-24 15:06:00,-0.37915685640223273
2020-02-24 15:09:00,-0.3424635446378943
2020-02-24 15:12:00,-0.49414598835426204
2020-02-24 15:15:00,-0.36747608741035265
2020-02-24 15:18:00,-0.46314963020932964
2020-02-24 15:21:00,-0.43407780663437734
2020-02-24 15:24:00,-0.29922588681387197
2020-02-24 15:27:00,-0.28167187008227756
2020-02-24 15:30:00,-0.2700565388690279
2020-02-24 15:33:00,-0.4183936136295756
2020-02-24 15:36:00,-0.43765527805408055
2020-02-24 15:39:00,-0.3928516463041092
2020-02-24 15:42:00,-0.2951932810951803
2020-02-24 15:45:00,-0.2873193788516346
2020-02-24 15:48:00,-0.19332972017139127
2020-02-24 15:51:00,-0.3230812448581446
2020-02-24 15:54:00,-0.26861770381754013
2020-02-24 15:57:00,-0.3367160052874283
2020-02-24 16:00:00,-0.24062022783448356
2020-02-24 16:03:00,-0.16620794656574844
2020-02-24 16:06:00,-0.15352894363599034
2020-02-24 16:09:00,-0.24077760721900177
2020-02-24 16:12:00,-0.22850186335404032
2020-02-24 16:15:00,-0.13293993767786105
2020-02-24 16:18:00,-0.08560165233080852
2020-02-24 16:21:00,-0.14796598889046209
2020-02-24 16:24:00,-0.12263773792943766
2020-02-24 16:27:00,0.062101796344677496
2020-02-24 16:30:00,0.10414652223096255
2020-02-24 16:33:00,0.04605649677762358
2020-02-24 16:36:00,-0.06455579733147943
2020-02-24 16:39:00,0.05738668794356272
2020-02-24 16:42:00,0.007837747381586269
2020-02-24 16:45:00,0.006259155921384263
2020-02-24 16:48:00,-0.050910030243244364
2020-02-24 16:51:00,0.09494953803863382
2020-02-24 16:54:00,-0.032780982323743046
2020-02-24 16:57:00,-0.06852425120166572
2020-02-24 17:00:00,-0.01290065570429988
2020-02-24 17:03:00,0.06571004519150847
2020-02-24 17:06:00,-0.0011232656996185142
2020-02-24 17:09:00,-0.08509496876195044
2020-02-24 17:12:00,-0.09082807453762598
2020-02-24 17:15:00,-0.10957538763841512
2020-02-24 17:18:00,-0.24675439097609342
2020-02-24 17:21:00,-0.18699231450102616
2020-02-24 17:24:00,-0.2137960322953063
2020-02-24 17:27:00,-0.07054039293836922
2020-02-24 17:30:00,-0.06362921431468749
2020-02-24 17:33:00,-0.03325284596377287
2020-02-24 17:36:00,-0.017541183792275206
2020-02-24 17:39:00,-0.039294194413912464
2020-02-24 17:42:00,0.012958039651778108
2020-02-24 17:45:00,0.03540288957839266
2020-02-24 17:48:00,0.09490441352926382
2020-02-24 17:51:00,0.06907140347118457
2020-02-24 17:54:00,0.11556059286698428
2020-02-24 17:57:00,0.18639234050868936
2020-02-24 18:00:00,0.009369013402078963
2020-02-24 18:03:00,-0.05678146013889318
2020-02-24 18:06:00,-0.06954539403625404
2020-02-24 18:09:00,-0.19889348973845244
2020-02-24 18:12:00,-0.1300264409323404
2020-02-24 18:15:00,-0.08480575819373826
2020-02-24 18:18:00,-0.09753093348666653
2020-02-24 18:21:00,-0.0631713719960203
2020-02-24 18:24:00,0.017044370300709488
2020-02-24 18:27:00,-0.07563928476355386
2020-02-24 18:30:00,-0.05520131730617095
2020-02-24 18:33:00,0.007701446948203738
2020-02-24 18:36:00,0.03568411255838555
2020-02-24 18:39:00,-0.060481911755118745
2020-02-24 18:42:00,0.20635127954102472
2020-02-24 18:45:00,0.17933464941717148
2020-02-24 18:48:00,0.1290953793263725
2020-02-24 18:51:00,0.1475675442047759
2020-02-24 18:54:00,0.1125217738676838
2020-02-24 18:57:00,
2020-02-24 19:00:00,
2020-02-24 19:03:00,0.18298083091684703
2020-02-24 19:06:00,0.09091758644791526
2020-02-24 19:09:00,0.08309828054211721
2020-02-24 19:12:00,0.009753779616346492
2020-02-24 19:15:00,-0.10253295697253861
2020-02-24 19:18:00,-0.22157436790888596
2020-02-24 19:21:00,-0.13016566959316833
2020-02-24 19:24:00,-0.08426667279002231
2020-02-24 19:27:00,0.048168309731579484
2020-02-24 19:30:00,-0.001981872585531619
2020-02-24 19:33:00,0.12094148519906867
2020-02-24 19:36:00,-0.021129669845947774
2020-02-24 19:39:00,0.042165304558011485
2020-02-24 19:42:00,-0.046986000928257
2020-02-24 19:45:00,0.05860110526879225
2020-02-24 19:48:00,0.025676101486567404
2020-02-24 19:51:00,0.07527278780349889
2020-02-24 19:54:00,-0.030817606542825615
2020-02-24 19:57:00,0.05715490423040137
2020-02-24 20:00:00,0.2564619829431649
2020-02-24 20:03:00,0.5356576885562845
2020-02-24 20:06:00,0.5004513492266938
2020-02-24 20:09:00,0.2669709726424685
2020-02-24 20:12:00,0.18901514168425138
2020-02-24 20:15:00,0.17577721955217385
2020-02-24 20:18:00,0.0856658476718053
2020-02-24 20:21:00,0.02562668462263673
2020-02-24 20:24:00,0.09761880588649774
2020-02-24 20:27:00,0.015264299787872915
2020-02-24 20:30:00,0.055072995045975404
2020-02-24 20:33:00,0.03839485537173459
2020-02-24 20:36:00,0.05770187075029298
2020-02-24 20:39:00,0.0645176931462288
2020-02-24 20:42:00,0.11707729981930015
2020-02-24 20:45:00,0.1761905690453318
2020-02-24 20:48:00,0.15459522871350373
2020-02-24 20:51:00,0.09261547557133554
2020-02-24 20:54:00,0.05515387157538498
2020-02-24 20:57:00,0.08455768727912982
2020-02-24 21:00:00,-0.005877011721452163
2020-02-24 21:03:00,0.0964895969814279
2020-02-24 21:06:00,0.07285162713742466
2020-02-24 21:09:00,0.1328773754443091
2020-02-24 21:12:00,0.033642375498118327
2020-02-24 21:15:00,0.16112108102254297
2020-02-24 21:18:00,0.10951620282901331
2020-02-24 21:21:00,0.2028508649673313
2020-02-24 21:24:00,0.17674159573823545
2020-02-24 21:27:00,0.13676796785944134
2020-02-24 21:30:00,0.18309732368334153
2020-02-24 21:33:00,0.14291453536100107
2020-02-24 21:36:00,0.23091229424130688
2020-02-24 21:39:00,0.17441451458370238
2020-02-24 21:42:00,0.2141049588964279
2020-02-24 21:45:00,0.11518693771000699
2020-02-24 21:48:00,0.15738579052543855
2020-02-24 21:51:00,0.20427686351570173
2020-02-24 21:54:00,0.18881186225598867
2020-02-24 21:57:00,0.14363065346100257
2020-02-24 22:00:00,0.08462280932178601
2020-02-24 22:03:00,0.22259626674474475
2020-02-24 22:06:00,0.12948711381937983
2020-02-24 22:09:00,0.23444388995932286
2020-02-24 22:12:00,0.19247687040467554
2020-02-24 22:15:00,0.12542587707582697
2020-02-24 22:18:00,0.12766532497170147
2020-02-24 22:21:00,0.0764952288849372
2020-02-24 22:24:00,0.2403744055183097
2020-02-24 22:27:00,0.13800269755103045
2020-02-24 22:30:00,0.015420961015649937
2020-02-24 22:33:00,0.029957635970276897
2020-02-24 22:36:00,0.13916914326478036
2020-02-24 22:39:00,0.13019379859554192
2020-02-24 22:42:00,0.03749087200566237
2020-02-24 22:45:00,0.004735382681815281
2020-02-24 22:48:00,0.1210239299293221
2020-02-24 22:51:00,0.17640901565664535
2020-02-24 22:54:00,0.09957393562842753
2020-02-24 22:57:00,0.10412010668773064
2020-02-24 23:00:00,0.03775680023852601
2020-02-24 23:03:00,0.10128484527774617
2020-02-24 23:06:00,0.12464315058036846
2020-02-24 23:09:00,0.03350030582873842
2020-02-24 23:12:00,0.11549627227196879
2020-02-24 23:15:00,0.07405939454702093
2020-02-24 23:18:00,0.09825052225744457
2020-02-24 23:21:00,0.112043458236883
2020-02-24 23:24:00,0.1985788101716821
2020-02-24 23:27:00,0.22236588367201193
2020-02-24 23:30:00,0.30966555990340794
2020-02-24 23:33:00,0.20681148419959072
2020-02-24 23:36:00,0.26394289118144343
2020-02-24 23:39:00,0.2798390017959491
2020-02-24 23:42:00,0.09041885540887051
2020-02-24 23:45:00,0.11763566892335575
2020-02-24 23:48:00,0.19096120350104684
2020-02-24 23:51:00,0.4361084477203576
2020-02-24 23:54:00,0.3816888439530999
2020-02-24 23:57:00,0.2955798635982205
2020-02-25 00:00:00,0.3202723005433086
2020-02-25 00:03:00,0.2190529616037793
2020-02-25 00:06:00,0.10999930025121785
2020-02-25 00:09:00,0.21669733699889093
2020-02-25 00:12:00,0.1309977334880159
2020-02-25 00:15:00,0.11719493749757248
2020-02-25 00:18:00,0.0869548438533343
2020-02-25 00:21:00,0.003797360584087528
2020-02-25 00:24:00,0.16566251482925054
2020-02-25 00:27:00,0.15508927662409633
2020-02-25 00:30:00,0.169955324124885
2020-02-25 00:33:00,0.11335982237409326
2020-02-25 00:36:00,0.09548285648071442
2020-02-25 00:39:00,-0.05828054224883772
2020-02-25 00:42:00,0.15907560988677005
2020-02-25 00:45:00,0.19485095972214594
2020-02-25 00:48:00,0.11820500670637557
2020-02-25 00:51:00,0.16745124715174597
2020-02-25 00:54:00,0.18453278615237423
2020-02-25 00:57:00,0.09780955520653833
2020-02-25 01:00:00,0.09594587693266021
2020-02-25 01:03:00,0.07737171302051138
2020-02-25 01:06:00,-0.03512277098957384
2020-02-25 01:09:00,0.19556103363390775
2020-02-25 01:12:00,0.11519774897550406
2020-02-25 01:15:00,0.16784714552142077
2020-02-25 01:18:00,0.09061195313341841
2020-02-25 01:21:00,0.04939046807425029
2020-02-25 01:24:00,0.025125732723495275
2020-02-25 01:27:00,0.05090766637960087
2020-02-25 01:30:00,0.11078791506645302
2020-02-25 01:33:00,0.12018748361231246
2020-02-25 01:36:00,0.06475135622366679
2020-02-25 01:39:00,0.0741604905788904
2020-02-25 01:42:00,0.19134299482396955
2020-02-25 01:45:00,0.05466642520360665
2020-02-25 01:48:00,0.09401353570291349
2020-02-25 01:51:00,0.15684896985300156
2020-02-25 01:54:00,0.1827063965682214
2020-02-25 01:57:00,0.21746334491467678
2020-02-25 02:00:00,0.1858558249252269
2020-02-25 02:03:00,0.15345733831048847
2020-02-25 02:06:00,0.07146518248748635
2020-02-25 02:09:00,0.18941803112193156
2020-02-25 02:12:00,0.23243288033427234
2020-02-25 02:15:00,0.2097154713387681
2020-02-25 02:18:00,0.15042282814607688
2020-02-25 02:21:00,0.2991236923652423
2020-02-25 02:24:00,0.34397023570954843
2020-02-25 02:27:00,0.3137748736931485
2020-02-25 02:30:00,0.4317648603967541
2020-02-25 02:33:00,0.35830114549014525
2020-02-25 02:36:00,0.42351625363460244
2020-02-25 02:39:00,0.4099956833178453
2020-02-25 02:42:00,0.34912207534540585
2020-02-25 02:45:00,0.38638933572173073
2020-02-25 02:48:00,0.31291104388844815
2020-02-25 02:51:00,0.46373336289047984
2020-02-25 02:54:00,0.3721380677909565
2020-02-25 02:57:00,0.43385335787036183
2020-02-25 03:00:00,0.3221947737697519
2020-02-25 03:03:00,0.3892873705308375
2020-02-25 03:06:00,0.42244626305569
2020-02-25 03:09:00,0.4732939116699981
2020-02-25 03:12:00,0.3858285167694362
2020-02-25 03:15:00,0.3281739709175895
2020-02-25 03:18:00,0.3437052361405222
2020-02-25 03:21:00,0.3768282859741703
2020-02-25 03:24:00,0.24817013225867868
2020-02-25 03:27:00,0.30662054004329775
2020-02-25 03:30:00,0.2765224221782887
2020-02-25 03:33:00,0.3355959527678465
2020-02-25 03:36:00,0.21703567045244654
2020-02-25 03:39:00,0.3725273160628717
2020-02-25 03:42:00,0.3814052120808924
2020-02-25 03:45:00,0.3418704016887659
2020-02-25 03:48:00,0.23365436336086987
2020-02-25 03:51:00,0.29128041545277483
2020-02-25 03:54:00,0.3871225261158884
2020-02-25 03:57:00,0.36722476679256033
2020-02-25 04:00:00,0.3497388358178455
2020-02-25 04:03:00,0.25906079403318927
2020-02-25 04:06:00,0.3900667527038877
2020-02-25 04:09:00,0.41689870755647007
2020-02-25 04:12:00,0.2831872887829263
2020-02-25 04:15:00,0.3297447308412984
2020-02-25 04:18:00,0.27799117926798544
2020-02-25 04:21:00,0.26601730639561083
2020-02-25 04:24:00,0.15369923057045298
2020-02-25 04:27:00,0.26844160066337963
2020-02-25 04:30:00,0.31706841264303876
2020-02-25 04:33:00,0.32622641239635186
2020-02-25 04:36:00,0.3249531785098725
2020-02-25 04:39:00,0.33949732354790285
2020-02-25 04:42:00,0.41841251939922586
2020-02-25 04:45:00,0.332209604178729
2020-02-25 04:48:00,0.3924078690074566
2020-02-25 04:51:00,0.2706960995377585
2020-02-25 04:54:00,0.27648244831163993
2020-02-25 04:57:00,0.2914231878444866
2020-02-25 05:00:00,0.3131006472600575
2020-02-25 05:03:00,0.3215564305650105
2020-02-25 05:06:00,0.3566518670620553
2020-02-25 05:09:00,0.20874458990630274
2020-02-25 05:12:00,0.18525949132185815
2020-02-25 05:15:00,0.20672446444018533
2020-02-25 05:18:00,0.22231848711481916
2020-02-25 05:21:00,0.16777731097403148
2020-02-25 05:24:00,0.26086651506517455
2020-02-25 05:27:00,0.241659289772997
2020-02-25 05:30:00,0.28848556416221527
2020-02-25 05:33:00,0.3937726717782084
2020-02-25 05:36:00,0.34933068180549753
2020-02-25 05:39:00,0.39650061487077437
2020-02-25 05:42:00,0.4287087985307494
2020-02-25 05:45:00,0.28479164527993817
2020-02-25 05:48:00,0.31196071383880053
2020-02-25 05:51:00,0.2717071327363101
2020-02-25 05:54:00,0.26000448326817605
2020-02-25 05:57:00,0.2464989954433463
2020-02-25 06:00:00,0.24832106568408108
2020-02-25 06:03:00,0.22498451062682534
2020-02-25 06:06:00,0.26161245920286547
2020-02-25 06:09:00,0.3001250500157653
2020-02-25 06:12:00,0.3301435569193245
2020-02-25 06:15:00,0.3539384180412526
2020-02-25 06:18:00,0.38021550155212935
2020-02-25 06:21:00,0.35295542119615675
2020-02-25 06:24:00,0.35288085893273546
2020-02-25 06:27:00,0.27750572021489006
2020-02-25 06:30:00,0.23978454182105224
2020-02-25 06:33:00,0.2367586760569793
2020-02-25 06:36:00,0.27273396491409585
2020-02-25 06:39:00,0.2596650187715568
2020-02-25 06:42:00,0.35217777557710406
2020-02-25 06:45:00,0.3607751394644083
2020-02-25 06:48:00,0.2586534325263301
2020-02-25 06:51:00,0.3948907845597205
2020-02-25 06:54:00,0.31680099295402897
2020-02-25 06:57:00,0.3135015290650358
2020-02-25 07:00:00,0.375630010192765
2020-02-25 07:03:00,0.40817827811935103
2020-02-25 07:06:00,0.46094312686591365
2020-02-25 07:09:00,0.3565071228813963
2020-02-25 07:12:00,0.4557629316088878
2020-02-25 07:15:00,0.44107676857208844
2020-02-25 07:18:00,0.43310405569150134
2020-02-25 07:21:00,0.37632012455895847
2020-02-25 07:24:00,0.3952306769342613
2020-02-25 07:27:00,0.44514615906535937
2020-02-25 07:30:00,0.45362585454182636
2020-02-25 07:33:00,0.37183210235372144
2020-02-25 07:36:00,0.3562641096233392
2020-02-25 07:39:00,0.357766477920336
2020-02-25 07:42:00,0.3179788805691146
2020-02-25 07:45:00,0.30499937769843655
2020-02-25 07:48:00,0.2600200435126112
2020-02-25 07:51:00,0.3047882899571164
2020-02-25 07:54:00,0.3096473121083818
2020-02-25 07:57:00,0.3754943416771539
2020-02-25 08:00:00,0.2767575933198714
2020-02-25 08:03:00,0.29927096705381473
2020-02-25 08:06:00,0.3034714193983632
2020-02-25 08:09:00,0.40697271405184665
2020-02-25 08:12:00,0.27853698292113904
2020-02-25 08:15:00,0.1872452066932624
2020-02-25 08:18:00,0.1417655438502834
2020-02-25 08:21:00,0.2549930412761796
2020-02-25 08:24:00,0.22770173590254217
2020-02-25 08:27:00,0.30442860335460864
2020-02-25 08:30:00,0.19661529399888877
2020-02-25 08:33:00,0.31028560972777086
2020-02-25 08:36:00,0.21156767174966262
2020-02-25 08:39:00,0.2785922322253782
2020-02-25 08:42:00,0.27554043702537
2020-02-25 08:45:00,0.2720011232576667
2020-02-25 08:48:00,0.21199981565985127
2020-02-25 08:51:00,0.26427611623125813
2020-02-25 08:54:00,0.1808593548135491
2020-02-25 08:57:00,0.14164622255799486
2020-02-25 09:00:00,0.249579392575356
2020-02-25 09:03:00,0.2983587243198258
2020-02-25 09:06:00,0.22524323962210246
2020-02-25 09:09:00,0.1844059483958631
2020-02-25 09:12:00,0.19862240158909117
2020-02-25 09:15:00,0.1822012252401919
2020-02-25 09:18:00,0.2038700562090412
2020-02-25 09:21:00,0.20692486862833448
2020-02-25 09:24:00,0.16610638188751636
2020-02-25 09:27:00,0.24914572211940822
2020-02-25 09:30:00,0.11304529925092766
2020-02-25 09:33:00,0.07304694878769169
2020-02-25 09:36:00,0.23152586337613457
2020-02-25 09:39:00,0.13921101009401582
2020-02-25 09:42:00,0.15444750709326627
2020-02-25 09:45:00,0.19210037966644222
2020-02-25 09:48:00,0.20740669233356357
2020-02-25 09:51:00,0.10567725121529747
2020-02-25 09:54:00,0.17754836998528845
2020-02-25 09:57:00,0.1153736648333279
2020-02-25 10:00:00,0.12628879941399873
2020-02-25 10:03:00,0.06017880451071278
2020-02-25 10:06:00,0.047088274308293876
2020-02-25 10:09:00,0.10808751127245841
2020-02-25 10:12:00,0.14422056251174808
2020-02-25 10:15:00,0.10332816913256693
2020-02-25 10:18:00,0.1240861102367603
2020-02-25 10:21:00,0.08336885198650634
2020-02-25 10:24:00,0.06312379970864868
2020-02-25 10:27:00,-0.025307698553319824
2020-02-25 10:30:00,0.028738002257171047
2020-02-25 10:33:00,0.05863628948605992
2020-02-25 10:36:00,0.025452436546061108
2020-02-25 10:39:00,0.021705022578828448
2020-02-25 10:42:00,0.01945096119112577
2020-02-25 10:45:00,0.14723864935064057
2020-02-25 10:48:00,-0.07537209417387203
2020-02-25 10:51:00,0.007532722451571772
2020-02-25 10:54:00,0.06274684789059393
2020-02-25 10:57:00,-0.017503197626069777
2020-02-25 11:00:00,-0.10399329260434342
2020-02-25 11:03:00,-0.05734241776218596
2020-02-25 11:06:00,-0.09930025358238481
2020-02-25 11:09:00,-0.06067497002663913
2020-02-25 11:12:00,-0.12569298046207678
2020-02-25 11:15:00,0.01555813906423964
2020-02-25 11:18:00,-0.0203157147053048
2020-02-25 11:21:00,-0.012376607196358691
2020-02-25 11:24:00,-0.09992705734254059
2020-02-25 11:27:00,0.05363467904606978
2020-02-25 11:30:00,-0.1136007039198148
2020-02-25 11:33:00,-0.1205330845995718
2020-02-25 11:36:00,-0.04548760219762471
2020-02-25 11:39:00,-0.08788736120550311
2020-02-25 11:42:00,-0.12162208669809615
2020-02-25 11:45:00,-0.18544396797204854
2020-02-25 11:48:00,-0.1463896186527336
2020-02-25 11:51:00,-0.09609768191023704
2020-02-25 11:54:00,-0.05390803403247446
2020-02-25 11:57:00,-0.09937959388196305
2020-02-25 12:00:00,-0.07884110761193597
2020-02-25 12:03:00,-0.06420661089208579
2020-02-25 12:06:00,-0.1719927212995458
2020-02-25 12:09:00,-0.15764417544477283
2020-02-25 12:12:00,-0.13826006232579857
2020-02-25 12:15:00,-0.302468332266983
2020-02-25 12:18:00,-0.2541419646794907
2020-02-25 12:21:00,-0.22859710547089662
2020-02-25 12:24:00,-0.16613053851784798
2020-02-25 12:27:00,-0.19110316497028634
2020-02-25 12:30:00,-0.2623376598631353
2020-02-25 12:33:00,-0.29448877423521935
2020-02-25 12:36:00,-0.2872473195102998
2020-02-25 12:39:00,-0.29904181343312075
2020-02-25 12:42:00,-0.3677104000934719
2020-02-25 12:45:00,-0.2633152894902082
2020-02-25 12:48:00,-0.30930080303346585
2020-02-25 12:51:00,-0.30940226642593416
2020-02-25 12:54:00,-0.26954485540647966
2020-02-25 12:57:00,-0.1750673627930155
2020-02-25 13:00:00,-0.2092292358225336
2020-02-25 13:03:00,-0.18653606080084728
2020-02-25 13:06:00,-0.28685663731999966
2020-02-25 13:09:00,-0.3235651976632994
2020-02-25 13:12:00,-0.4033778057996642
2020-02-25 13:15:00,-0.23206674851610387
2020-02-25 13:18:00,-0.25599403130314613
2020-02-25 13:21:00,-0.259256011307059
2020-02-25 13:24:00,-0.246754693061348
2020-02-25 13:27:00,-0.29135485539114825
2020-02-25 13:30:00,-0.3290646724406088
2020-02-25 13:33:00,-0.09030364330504881
2020-02-25 13:36:00,-0.25732048172693567
2020-02-25 13:39:00,-0.2347156602929772
2020-02-25 13:42:00,-0.2773487027184842
2020-02-25 13:45:00,-0.22885521478229975
2020-02-25 13:48:00,-0.3589773478902316
2020-02-25 13:51:00,-0.23958334453112684
2020-02-25 13:54:00,-0.18908619972563656
2020-02-25 13:57:00,-0.2696932005132453
2020-02-25 14:00:00,-0.20181924268581497
2020-02-25 14:03:00,-0.23628130765814603
2020-02-25 14:06:00,-0.2179965317479855
2020-02-25 14:09:00,-0.18134822470784684
2020-02-25 14:12:00,-0.05858008411428273
2020-02-25 14:15:00,-0.13630233608637354
2020-02-25 14:18:00,-0.056363937314813484
2020-02-25 14:21:00,0.033804641088806875
2020-02-25 14:24:00,0.13102508118646483
2020-02-25 14:27:00,-0.14934912198356187
2020-02-25 14:30:00,0.09752331888455501
2020-02-25 14:33:00,0.10925710225387775
2020-02-25 14:36:00,0.028883164446142473
2020-02-25 14:39:00,-0.44605701127852626
2020-02-25 14:42:00,-0.468724542001155
2020-02-25 14:45:00,-0.35857798245302774
2020-02-25 14:48:00,-0.28645930458077373
2020-02-25 14:51:00,-0.27363018555701046
2020-02-25 14:54:00,-0.26987002387625125
2020-02-25 14:57:00,0.09200365401659383
2020-02-25 15:00:00,0.022805312392335964
2020-02-25 15:03:00,-0.1014819293139908
2020-02-25 15:06:00,0.013694153695212208
2020-02-25 15:09:00,0.10148710937426131
2020-02-25 15:12:00,0.031278914191034346
2020-02-25 15:15:00,0.08779822339630527
2020-02-25 15:18:00,0.17220262036511258
2020-02-25 15:21:00,-0.1419623222780615
2020-02-25 15:24:00,-0.10958366983032874
2020-02-25 15:27:00,0.15037961477639783
2020-02-25 15:30:00,0.09377128882039187
2020-02-25 15:33:00,-0.04027781527906882
2020-02-25 15:36:00,-0.060789421109575414
2020-02-25 15:39:00,0.07980176262697114
2020-02-25 15:42:00,0.10293337388253576
2020-02-25 15:45:00,0.1511198491458572
2020-02-25 15:48:00,0.14678167105046214
2020-02-25 15:51:00,0.033582904519960266
2020-02-25 15:54:00,0.006273773055283982
2020-02-25 15:57:00,0.019137149173786838
2020-02-25 16:00:00,0.0545865924697182
2020-02-25 16:03:00,0.0016399932947024354
2020-02-25 16:06:00,0.12783712431581762
2020-02-25 16:09:00,0.16055443034321115
2020-02-25 16:12:00,0.13246379746499315
2020-02-25 16:15:00,0.21271281436918343
2020-02-25 16:18:00,0.2106651507426136
2020-02-25 16:21:00,0.13999435732444
2020-02-25 16:24:00,0.09755694768307421
2020-02-25 16:27:00,0.17622855662551729
2020-02-25 16:30:00,0.19782988622546327
2020-02-25 16:33:00,0.10911870984881489
2020-02-25 16:36:00,0.18261928719743992
2020-02-25 16:39:00,0.029089485500037426
2020-02-25 16:42:00,0.17668651173272565
2020-02-25 16:45:00,0.36401742827695216
2020-02-25 16:48:00,0.3463045392254571
2020-02-25 16:51:00,-0.0217555805821803
2020-02-25 16:54:00,-0.1882509587356367
2020-02-25 16:57:00,-0.17350015585157053
2020-02-25 17:00:00,-0.1771071713108654
2020-02-25 17:03:00,-0.04239141715186179
2020-02-25 17:06:00,-0.1071908718170107
2020-02-25 17:09:00,-0.12933848756279076
2020-02-25 17:12:00,-0.19786447837861942
2020-02-25 17:15:00,-0.16601656196496606
2020-02-25 17:18:00,0.054733164818969726
2020-02-25 17:21:00,0.0951288742721772
2020-02-25 17:24:00,0.06921535673222934
2020-02-25 17:27:00,0.06397099409298335
2020-02-25 17:30:00,0.009404575325731912
2020-02-25 17:33:00,0.1007609439820385
2020-02-25 17:36:00,0.04500224618260518
2020-02-25 17:39:00,-0.028256857127189505
2020-02-25 17:42:00,0.01831211993743409
2020-02-25 17:45:00,-0.023249461522141246
2020-02-25 17:48:00,0.03609432443568039
2020-02-25 17:51:00,0.009218122031029452
2020-02-25 17:54:00,0.0699043997191211
2020-02-25 17:57:00,0.050937827146526615
2020-02-25 18:00:00,0.030728812981578812
2020-02-25 18:03:00,-0.01756472411437926
2020-02-25 18:06:00,0.10358683420355419
2020-02-25 18:09:00,0.039686321192448304
2020-02-25 18:12:00,0.10459291940907178
2020-02-25 18:15:00,0.20544812741610485
2020-02-25 18:18:00,0.10224410189738364
2020-02-25 18:21:00,0.21884694101584046
2020-02-25 18:24:00,0.08186800816707773
2020-02-25 18:27:00,0.04744155657704141
2020-02-25 18:30:00,0.15334116786834784
2020-02-25 18:33:00,0.11682886256528491
2020-02-25 18:36:00,0.12076029844462255
2020-02-25 18:39:00,0.15858326090778974
2020-02-25 18:42:00,0.16765013873714452
2020-02-25 18:45:00,0.30542683624196343
2020-02-25 18:48:00,0.24936843892101024
2020-02-25 18:51:00,0.21672237285525853
2020-02-25 18:54:00,
2020-02-25 18:57:00,
2020-02-25 19:00:00,
2020-02-25 19:03:00,0.26481660448513367
2020-02-25 19:06:00,0.15881286957500151
2020-02-25 19:09:00,0.2834017092401382
2020-02-25 19:12:00,0.40221968975282607
2020-02-25 19:15:00,0.4612712129396641
2020-02-25 19:18:00,0.6066415829243397
2020-02-25 19:21:00,0.46443366116113793
2020-02-25 19:24:00,0.4369464633029452
2020-02-25 19:27:00,0.30278592415288585
2020-02-25 19:30:00,0.16930047086469813
2020-02-25 19:33:00,0.4320798980559175
2020-02-25 19:36:00,0.30432815270688707
2020-02-25 19:39:00,0.2976725652951018
2020-02-25 19:42:00,0.3675887683453425
2020-02-25 19:45:00,0.2260804890483996
2020-02-25 19:48:00,0.293954520850491
2020-02-25 19:51:00,0.2979699630534469
2020-02-25 19:54:00,0.25487864035568464
2020-02-25 19:57:00,0.3224441378509937
2020-02-25 20:00:00,0.24741897998933382
2020-02-25 20:03:00,0.31802369420245213
2020-02-25 20:06:00,0.2736657947894514
2020-02-25 20:09:00,0.2793528780744623
2020-02-25 20:12:00,0.16443543623347523
2020-02-25 20:15:00,0.11156076979898444
2020-02-25 20:18:00,0.14881297129005588
2020-02-25 20:21:00,0.04152865372566339
2020-02-25 20:24:00,0.08055655123126826
2020-02-25 20:27:00,0.09524187905964254
2020-02-25 20:30:00,0.05763938216011866
2020-02-25 20:33:00,0.03343549914814048
2020-02-25 20:36:00,-0.0037299070153267166
2020-02-25 20:39:00,0.02704203175267139
2020-02-25 20:42:00,0.1390693344694114
2020-02-25 20:45:00,0.12409172593140738
2020-02-25 20:48:00,0.25431169066956727
2020-02-25 20:51:00,0.2011876975444693
2020-02-25 20:54:00,0.178309224945167
2020-02-25 20:57:00,0.17939833055760346
2020-02-25 21:00:00,0.1471465314194802
2020-02-25 21:03:00,0.04470017040262064
2020-02-25 21:06:00,0.13962920383039545
2020-02-25 21:09:00,0.1563926330430263
2020-02-25 21:12:00,0.07477330406373994
2020-02-25 21:15:00,0.10424923084957527
2020-02-25 21:18:00,0.16735618543538067
2020-02-25 21:21:00,0.14363658492459308
2020-02-25 21:24:00,0.22031369163102
2020-02-25 21:27:00,0.12482729244163693
2020-02-25 21:30:00,0.19002807475311556
2020-02-25 21:33:00,0.08481055830060313
2020-02-25 21:36:00,0.1580743194509182
2020-02-25 21:39:00,0.06647338515625734
2020-02-25 21:42:00,0.12167375601592312
2020-02-25 21:45:00,0.18319699286564628
2020-02-25 21:48:00,0.013513853634890438
2020-02-25 21:51:00,0.11284346673448908
2020-02-25 21:54:00,0.1079616845204896
2020-02-25 21:57:00,0.09677092658245101
2020-02-25 22:00:00,0.20757706171178825
2020-02-25 22:03:00,0.1570732289666239
2020-02-25 22:06:00,0.12878469163217687
2020-02-25 22:09:00,0.18172499519198482
2020-02-25 22:12:00,0.16555714754917972
2020-02-25 22:15:00,0.06813524682729621
2020-02-25 22:18:00,0.01889883796633285
2020-02-25 22:21:00,0.22502359005028438
2020-02-25 22:24:00,0.1505252630912537
2020-02-25 22:27:00,0.17179025668826853
2020-02-25 22:30:00,0.19860871731805219
2020-02-25 22:33:00,0.1619957725121708
2020-02-25 22:36:00,0.06114518274500824
2020-02-25 22:39:00,0.24180434930650563
2020-02-25 22:42:00,0.1861022599680382
2020-02-25 22:45:00,0.318687069846078
2020-02-25 22:48:00,0.24533378490781388
2020-02-25 22:51:00,0.2708016683345136
2020-02-25 22:54:00,0.2752174332579216
2020-02-25 22:57:00,0.23632070105753655
2020-02-25 23:00:00,0.23788747067862914
2020-02-25 23:03:00,0.3303904749078015
2020-02-25 23:06:00,0.21728205191914185
2020-02-25 23:09:00,0.28751195816516883
2020-02-25 23:12:00,0.2927522032854881
2020-02-25 23:15:00,0.2379388036911223
2020-02-25 23:18:00,0.22973889556834592
2020-02-25 23:21:00,0.34704906376981626
2020-02-25 23:24:00,0.30737362107322497
2020-02-25 23:27:00,0.2718059239151671
2020-02-25 23:30:00,0.2591654692314478
2020-02-25 23:33:00,0.3074443868089247
2020-02-25 23:36:00,0.3219650263994822
2020-02-25 23:39:00,0.2846367508590788
2020-02-25 23:42:00,0.30277065076739973
2020-02-25 23:45:00,0.2536583112313906
2020-02-25 23:48:00,0.20891213011105947
2020-02-25 23:51:00,0.27469407246115907
2020-02-25 23:54:00,0.2693084060751403
2020-02-25 23:57:00,0.3488591618893224
2020-02-26 00:00:00,0.3132310925693105
2020-02-26 00:03:00,0.31434571174509074
2020-02-26 00:06:00,0.37498937515010766
2020-02-26 00:09:00,0.30474897110036636
2020-02-26 00:12:00,0.2984856410293446
2020-02-26 00:15:00,0.2473131123828125
2020-02-26 00:18:00,0.29747681248232993
2020-02-26 00:21:00,0.3280840143426076
2020-02-26 00:24:00,0.4394712918359005
2020-02-26 00:27:00,0.3684404899432252
2020-02-26 00:30:00,0.47492514628152094
2020-02-26 00:33:00,0.43031577866781845
2020-02-26 00:36:00,0.4371399961693214
2020-02-26 00:39:00,0.25139529148867723
2020-02-26 00:42:00,0.2057577329723017
2020-02-26 00:45:00,0.25143165797368283
2020-02-26 00:48:00,0.2491572094259027
2020-02-26 00:51:00,0.2477323526753139
2020-02-26 00:54:00,0.2788705921416863
2020-02-26 00:57:00,0.268198093194826
2020-02-26 01:00:00,0.2769389940274891
2020-02-26 01:03:00,0.2577156363353197
2020-02-26 01:06:00,0.19080663895039152
2020-02-26 01:09:00,0.21179509360160864
2020-02-26 01:12:00,0.2873982303055982
2020-02-26 01:15:00,0.26436140189468915
2020-02-26 01:18:00,0.31418664643024385
2020-02-26 01:21:00,0.24148723592287524
2020-02-26 01:24:00,0.2772774823678219
2020-02-26 01:27:00,0.35212737219814016
2020-02-26 01:30:00,0.36238268277350016
2020-02-26 01:33:00,0.3925167621966352
2020-02-26 01:36:00,0.41181915662957636
2020-02-26 01:39:00,0.28408319730488074
2020-02-26 01:42:00,0.37491678831247555
2020-02-26 01:45:00,0.33222644108087707
2020-02-26 01:48:00,0.2439776773359199
2020-02-26 01:51:00,0.23730630983885703
2020-02-26 01:54:00,0.20279720063319928
2020-02-26 01:57:00,0.2181299556239651
2020-02-26 02:00:00,0.2030078542817364
2020-02-26 02:03:00,0.187385666854766
2020-02-26 02:06:00,0.17221422544957932
2020-02-26 02:09:00,0.16387896177371886
2020-02-26 02:12:00,0.1278024045131474
2020-02-26 02:15:00,0.2368963886968345
2020-02-26 02:18:00,0.2601608409502205
2020-02-26 02:21:00,0.19831101484976443
2020-02-26 02:24:00,0.2293730202743518
2020-02-26 02:27:00,0.15415512427813383
2020-02-26 02:30:00,0.29282601977973854
2020-02-26 02:33:00,0.2760758528656879
2020-02-26 02:36:00,0.2971657882183649
2020-02-26 02:39:00,0.27415288652429126
2020-02-26 02:42:00,0.2804737436903224
2020-02-26 02:45:00,0.3034004082142019
2020-02-26 02:48:00,0.2640614377572774
2020-02-26 02:51:00,0.24849443048236708
2020-02-26 02:54:00,0.11209687997410356
2020-02-26 02:57:00,0.2237322829263917
2020-02-26 03:00:00,0.25198723181324567
2020-02-26 03:03:00,0.17328124440058446
2020-02-26 03:06:00,0.16240958779786752
2020-02-26 03:09:00,0.19538596047414103
2020-02-26 03:12:00,0.1635244671429632
2020-02-26 03:15:00,0.2130755213233897
2020-02-26 03:18:00,0.25505018713778327
2020-02-26 03:21:00,0.13664069512475407
2020-02-26 03:24:00,0.28565914699515815
2020-02-26 03:27:00,0.10891822163966935
2020-02-26 03:30:00,0.1850736125472281
2020-02-26 03:33:00,0.14928612348711567
2020-02-26 03:36:00,0.1266025792086225
2020-02-26 03:39:00,0.21648114438170296
2020-02-26 03:42:00,0.2121451844582225
2020-02-26 03:45:00,0.13809856923438701
2020-02-26 03:48:00,0.1287454314286265
2020-02-26 03:51:00,0.1087545750941672
2020-02-26 03:54:00,0.17649129602119729
2020-02-26 03:57:00,0.2501339638698141
2020-02-26 04:00:00,0.17382477827112552
2020-02-26 04:03:00,0.19238129218689437
2020-02-26 04:06:00,0.2000611665155816
2020-02-26 04:09:00,0.24842130203177248
2020-02-26 04:12:00,0.1501988765219835
2020-02-26 04:15:00,0.2423279144152275
2020-02-26 04:18:00,0.1642491305847784
2020-02-26 04:21:00,0.16166215868855716
2020-02-26 04:24:00,0.1878925721050564
2020-02-26 04:27:00,0.19333119486327632
2020-02-26 04:30:00,0.18442440833700857
2020-02-26 04:33:00,0.24901519992550902
2020-02-26 04:36:00,0.16956364324033757
2020-02-26 04:39:00,0.22592638135182597
2020-02-26 04:42:00,0.26392075194627296
2020-02-26 04:45:00,0.22179974534742541
2020-02-26 04:48:00,0.21135530635126543
2020-02-26 04:51:00,0.2508943828714223
2020-02-26 04:54:00,0.31624361299708426
2020-02-26 04:57:00,0.23973460971751592
2020-02-26 05:00:00,0.23527338105708395
2020-02-26 05:03:00,0.1743290116278331
2020-02-26 05:06:00,0.1499789315092812
2020-02-26 05:09:00,0.1429803830304195
2020-02-26 05:12:00,0.17058156967817695
2020-02-26 05:15:00,0.18799549743033594
2020-02-26 05:18:00,0.2822571904335973
2020-02-26 05:21:00,0.20277627603439896
2020-02-26 05:24:00,0.27522873173586504
2020-02-26 05:27:00,0.13653770068907534
2020-02-26 05:30:00,0.1876948476178768
2020-02-26 05:33:00,0.23333139903922984
2020-02-26 05:36:00,0.20000265236620862
2020-02-26 05:39:00,0.34382551392872074
2020-02-26 05:42:00,0.2490146318463644
2020-02-26 05:45:00,0.1801917568996032
2020-02-26 05:48:00,0.14118626594859052
2020-02-26 05:51:00,0.24628554761767418
2020-02-26 05:54:00,0.23139438658540712
2020-02-26 05:57:00,0.24289409768840642
2020-02-26 06:00:00,0.23757065387451348
2020-02-26 06:03:00,0.26783482481806686
2020-02-26 06:06:00,0.2623700060948977
2020-02-26 06:09:00,0.27275110615209996
2020-02-26 06:12:00,0.2015166310501968
2020-02-26 06:15:00,0.1864634992439278
2020-02-26 06:18:00,0.17981270268495564
2020-02-26 06:21:00,0.2979072720287945
2020-02-26 06:24:00,0.26045224847894133
2020-02-26 06:27:00,0.20939593619272046
2020-02-26 06:30:00,0.22263391327561521
2020-02-26 06:33:00,0.2765228445892376
2020-02-26 06:36:00,0.20452000156268468
2020-02-26 06:39:00,0.27226917480822976
2020-02-26 06:42:00,0.22864296637874304
2020-02-26 06:45:00,0.31631883060401833
2020-02-26 06:48:00,0.2730013027720588
2020-02-26 06:51:00,0.32308944230874204
2020-02-26 06:54:00,0.3430263306699999
2020-02-26 06:57:00,0.25332050522393956
2020-02-26 07:00:00,0.24368464696112824
2020-02-26 07:03:00,0.2616237009777933
2020-02-26 07:06:00,0.2479516170202487
2020-02-26 07:09:00,0.331229737427293
2020-02-26 07:12:00,0.31987820814583756
2020-02-26 07:15:00,0.247334090581262
2020-02-26 07:18:00,0.2233489990870794
2020-02-26 07:21:00,0.2987922998140107
2020-02-26 07:24:00,0.27389497383649086
2020-02-26 07:27:00,0.2567630425632501
2020-02-26 07:30:00,0.1887184368541739
2020-02-26 07:33:00,0.22601315396576638
2020-02-26 07:36:00,0.31576899318145024
2020-02-26 07:39:00,0.27480471576262744
2020-02-26 07:42:00,0.25175071185708475
2020-02-26 07:45:00,0.21823304029697965
2020-02-26 07:48:00,0.18036612988743173
2020-02-26 07:51:00,0.18577080082872044
2020-02-26 07:54:00,0.18265220219285538
2020-02-26 07:57:00,0.1711876916313031
2020-02-26 08:00:00,0.24426984176994893
2020-02-26 08:03:00,0.2540446961484122
2020-02-26 08:06:00,0.1793336340255678
2020-02-26 08:09:00,0.19853414129909197
2020-02-26 08:12:00,0.10287846924927635
2020-02-26 08:15:00,0.1966074089804124
2020-02-26 08:18:00,0.14694132558099682
2020-02-26 08:21:00,0.2161615097588765
2020-02-26 08:24:00,0.15232226256847525
2020-02-26 08:27:00,0.1848315100104969
2020-02-26 08:30:00,0.19964189472960925
2020-02-26 08:33:00,0.12289159190385135
2020-02-26 08:36:00,0.17141085035149217
2020-02-26 08:39:00,0.19996306875560776
2020-02-26 08:42:00,0.1681608714648064
2020-02-26 08:45:00,0.18569483444156276
2020-02-26 08:48:00,0.028351469140829977
2020-02-26 08:51:00,0.0728503447784874
2020-02-26 08:54:00,0.1260719731379254
2020-02-26 08:57:00,0.1677541803899203
2020-02-26 09:00:00,0.0044476484154643
2020-02-26 09:03:00,0.13533420648610672
2020-02-26 09:06:00,0.11632415061433221
2020-02-26 09:09:00,0.1270602494411719
2020-02-26 09:12:00,0.05601537308183424
2020-02-26 09:15:00,0.010393822412481768
2020-02-26 09:18:00,0.09885327101983421
2020-02-26 09:21:00,0.09786918901806985
2020-02-26 09:24:00,0.00474677611447305
2020-02-26 09:27:00,0.14490165106923314
2020-02-26 09:30:00,0.18399679282754278
2020-02-26 09:33:00,0.06639050495778065
2020-02-26 09:36:00,0.03348768509340516
2020-02-26 09:39:00,0.0932029252655866
2020-02-26 09:42:00,0.042987052270120785
2020-02-26 09:45:00,-0.017156231741296324
2020-02-26 09:48:00,0.0206700382406666
2020-02-26 09:51:00,0.028045410213962896
2020-02-26 09:54:00,-0.0072322453277138266
2020-02-26 09:57:00,0.00079106517728178
2020-02-26 10:00:00,-0.05007810835968485
2020-02-26 10:03:00,-0.11016433515106883
2020-02-26 10:06:00,-0.10330887100320751
2020-02-26 10:09:00,-0.06169532912986142
2020-02-26 10:12:00,-0.13051116347736524
2020-02-26 10:15:00,-0.12372304610278206
2020-02-26 10:18:00,-0.04609527998860585
2020-02-26 10:21:00,-0.04545601034857327
2020-02-26 10:24:00,-0.11821495610098509
2020-02-26 10:27:00,-0.15985727947037276
2020-02-26 10:30:00,-0.03689583260177187
2020-02-26 10:33:00,-0.06189134482872305
2020-02-26 10:36:00,-0.18047881767716945
2020-02-26 10:39:00,-0.1727907354116951
2020-02-26 10:42:00,-0.13623468471763545
2020-02-26 10:45:00,-0.2173164071209044
2020-02-26 10:48:00,-0.139717260623911
2020-02-26 10:51:00,-0.1526331342132039
2020-02-26 10:54:00,-0.15536553654283125
2020-02-26 10:57:00,-0.2523340735712054
2020-02-26 11:00:00,-0.21823575660101824
2020-02-26 11:03:00,-0.15324949114898345
2020-02-26 11:06:00,-0.2218827672663224
2020-02-26 11:09:00,-0.20892913251708478
2020-02-26 11:12:00,-0.1789500917198552
2020-02-26 11:15:00,-0.2067794616189076
2020-02-26 11:18:00,-0.2925059142205555
2020-02-26 11:21:00,-0.1855089382075903
2020-02-26 11:24:00,-0.13429484288667481
2020-02-26 11:27:00,-0.027879690486940945
2020-02-26 11:30:00,-0.17299668167800064
2020-02-26 11:33:00,-0.14417881721561798
2020-02-26 11:36:00,-0.23571161142047004
2020-02-26 11:39:00,-0.13008985271625306
2020-02-26 11:42:00,-0.13566667676553834
2020-02-26 11:45:00,-0.13808661596044658
2020-02-26 11:48:00,-0.15364105733567612
2020-02-26 11:51:00,-0.2553466089648282
2020-02-26 11:54:00,-0.26057137810960285
2020-02-26 11:57:00,-0.31642931554415554
2020-02-26 12:00:00,-0.1815002661008407
2020-02-26 12:03:00,-0.3233769851104853
2020-02-26 12:06:00,-0.44877628621617305
2020-02-26 12:09:00,-0.2964111565247549
2020-02-26 12:12:00,-0.25313993643703725
2020-02-26 12:15:00,-0.2779525383448913
2020-02-26 12:18:00,-0.30665610229470985
2020-02-26 12:21:00,-0.28690221918475345
2020-02-26 12:24:00,-0.15478612510423773
2020-02-26 12:27:00,-0.15765728759419062
2020-02-26 12:30:00,-0.21497495338331873
2020-02-26 12:33:00,-0.10936987816620558
2020-02-26 12:36:00,-0.26563011359877464
2020-02-26 12:39:00,-0.1560660526289439
2020-02-26 12:42:00,-0.16609748764869892
2020-02-26 12:45:00,-0.21745469492981329
2020-02-26 12:48:00,-0.13774140151934944
2020-02-26 12:51:00,-0.20501463400495368
2020-02-26 12:54:00,-0.061400688582864404
2020-02-26 12:57:00,-0.17403939247844846
2020-02-26 13:00:00,-0.2542059831721417
2020-02-26 13:03:00,-0.28232861279724375
2020-02-26 13:06:00,-0.2866496879620968
2020-02-26 13:09:00,-0.3215522106299886
2020-02-26 13:12:00,-0.31337158562240575
2020-02-26 13:15:00,-0.2690596239040133
2020-02-26 13:18:00,-0.28546516279175194
2020-02-26 13:21:00,-0.26258665277759974
2020-02-26 13:24:00,-0.1697686761880277
2020-02-26 13:27:00,-0.25621212986044384
2020-02-26 13:30:00,-0.3818397711270336
2020-02-26 13:33:00,-0.33904693371323447
2020-02-26 13:36:00,-0.2096334895468317
2020-02-26 13:39:00,-0.264365869226026
2020-02-26 13:42:00,-0.21605536290940108
2020-02-26 13:45:00,-0.03374865186106035
2020-02-26 13:48:00,-0.15901863789474646
2020-02-26 13:51:00,-0.2621633985468179
2020-02-26 13:54:00,-0.32692239485254504
2020-02-26 13:57:00,-0.39040471571604485
2020-02-26 14:00:00,-0.3952787481215978
2020-02-26 14:03:00,-0.3920624554212395
2020-02-26 14:06:00,-0.42444562514282325
2020-02-26 14:09:00,-0.4371019797951021
2020-02-26 14:12:00,-0.3921047112064002
2020-02-26 14:15:00,-0.36730985172653163
2020-02-26 14:18:00,-0.33896281919675175
2020-02-26 14:21:00,-0.37384808012274107
2020-02-26 14:24:00,-0.3090076486504927
2020-02-26 14:27:00,-0.2529040484982943
2020-02-26 14:30:00,-0.3530886245079614
2020-02-26 14:33:00,-0.3810689553926636
2020-02-26 14:36:00,-0.40095453660620706
2020-02-26 14:39:00,-0.37309715669886145
2020-02-26 14:42:00,-0.4380926600532007
2020-02-26 14:45:00,-0.41362276086891825
2020-02-26 14:48:00,-0.35874650603108194
2020-02-26 14:51:00,-0.30667030022630115
2020-02-26 14:54:00,-0.2081396776889619
2020-02-26 14:57:00,-0.11634089430202721
2020-02-26 15:00:00,-0.04136350978853898
2020-02-26 15:03:00,-0.18972185497000282
2020-02-26 15:06:00,-0.24216810868824723
2020-02-26 15:09:00,-0.14787111170664957
2020-02-26 15:12:00,-0.2725238200481499
2020-02-26 15:15:00,-0.08168608938717625
2020-02-26 15:18:00,-0.06293021772182783
2020-02-26 15:21:00,-0.13010141084066618
2020-02-26 15:24:00,-0.08197535125265176
2020-02-26 15:27:00,-0.034402209065774514
2020-02-26 15:30:00,0.06225727064474995
2020-02-26 15:33:00,-0.07165154357221581
2020-02-26 15:36:00,-0.004531954000810856
2020-02-26 15:39:00,0.09160137470928476
2020-02-26 15:42:00,0.0707800286874658
2020-02-26 15:45:00,-0.10597722538170729
2020-02-26 15:48:00,0.02731958973043902
2020-02-26 15:51:00,-0.19199530599144055
2020-02-26 15:54:00,-0.115552463871893
2020-02-26 15:57:00,-0.03279923172362942
2020-02-26 16:00:00,-0.09593204002328548
2020-02-26 16:03:00,-0.10291958316787486
2020-02-26 16:06:00,0.10933386154209757
2020-02-26 16:09:00,0.053048416504736906
2020-02-26 16:12:00,-0.12209490321583871
2020-02-26 16:15:00,-0.1838522576001651
2020-02-26 16:18:00,-0.15898316114100908
2020-02-26 16:21:00,-0.280036611094431
2020-02-26 16:24:00,-0.25805793845199787
2020-02-26 16:27:00,-0.2181950200840106
2020-02-26 16:30:00,-0.1809623722317042
2020-02-26 16:33:00,-0.1511599419123968
2020-02-26 16:36:00,-0.17660554600399792
2020-02-26 16:39:00,-0.17852312137711124
2020-02-26 16:42:00,-0.3067339093030341
2020-02-26 16:45:00,-0.19134594773890967
2020-02-26 16:48:00,-0.14043822273737305
2020-02-26 16:51:00,-0.20522096325095163
2020-02-26 16:54:00,-0.08371023221462792
2020-02-26 16:57:00,-0.10322391609116721
2020-02-26 17:00:00,-0.22401694296223695
2020-02-26 17:03:00,-0.15678226332823897
2020-02-26 17:06:00,-0.17259464379588962
2020-02-26 17:09:00,-0.15617882729270605
2020-02-26 17:12:00,-0.17530302955412935
2020-02-26 17:15:00,-0.11229263013984792
2020-02-26 17:18:00,-0.032576563674581394
2020-02-26 17:21:00,-0.08646670960001757
2020-02-26 17:24:00,-0.024638233282928468
2020-02-26 17:27:00,-0.13184060793287244
2020-02-26 17:30:00,-0.14062696122130092
2020-02-26 17:33:00,-0.1617043764946402
2020-02-26 17:36:00,-0.059295103341071353
2020-02-26 17:39:00,-0.07979977746708755
2020-02-26 17:42:00,-0.02246936946301048
2020-02-26 17:45:00,-0.09106159549583026
2020-02-26 17:48:00,-0.08457702323534022
2020-02-26 17:51:00,0.007866839407824955
2020-02-26 17:54:00,-0.01842637397760427
2020-02-26 17:57:00,-0.019097523835739594
2020-02-26 18:00:00,0.04538845235401823
2020-02-26 18:03:00,0.08990797576450404
2020-02-26 18:06:00,-0.046880093932088585
2020-02-26 18:09:00,-0.06704419601919653
2020-02-26 18:12:00,-0.06409545689712104
2020-02-26 18:15:00,0.06897898703482497
2020-02-26 18:18:00,0.08018415510684918
2020-02-26 18:21:00,-0.008338145295340382
2020-02-26 18:24:00,0.02013549879546872
2020-02-26 18:27:00,0.036874364047719155
2020-02-26 18:30:00,0.09250843550398713
2020-02-26 18:33:00,0.10527446209147229
2020-02-26 18:36:00,0.1547810686973321
2020-02-26 18:39:00,0.0942308744548086
2020-02-26 18:42:00,0.10119536700250364
2020-02-26 18:45:00,0.07161069258955877
2020-02-26 18:48:00,0.14305953240602776
2020-02-26 18:51:00,0.09897600394594974
2020-02-26 18:54:00,
2020-02-26 18:57:00,
2020-02-26 19:00:00,
2020-02-26 19:03:00,0.1224293448256617
2020-02-26 19:06:00,0.1694578015057573
2020-02-26 19:09:00,0.1610622226737064
2020-02-26 19:12:00,0.24052644934926093
2020-02-26 19:15:00,0.26129619752839517
2020-02-26 19:18:00,0.18520178100197882
2020-02-26 19:21:00,0.22256197929675636
2020-02-26 19:24:00,0.10317507439901874
2020-02-26 19:27:00,0.23020146326297208
2020-02-26 19:30:00,0.21465002279887813
2020-02-26 19:33:00,0.16296381365185653
2020-02-26 19:36:00,0.21015872472446517
2020-02-26 19:39:00,0.1211073547125352
2020-02-26 19:42:00,0.21848284773676596
2020-02-26 19:45:00,0.23215522600560234
2020-02-26 19:48:00,0.21724245095845163
2020-02-26 19:51:00,0.17147537487579712
2020-02-26 19:54:00,0.22368283128588473
2020-02-26 19:57:00,0.22137615290222357
2020-02-26 20:00:00,0.16883335894499396
2020-02-26 20:03:00,0.2623214034613852
2020-02-26 20:06:00,0.23440080505491778
2020-02-26 20:09:00,0.32420027481481384
2020-02-26 20:12:00,0.2541593610893642
2020-02-26 20:15:00,0.28746717572994385
2020-02-26 20:18:00,0.30059587243658825
2020-02-26 20:21:00,0.28364273243442994
2020-02-26 20:24:00,0.246523165029771
2020-02-26 20:27:00,0.23838186921000215
2020-02-26 20:30:00,0.2533623305571382
2020-02-26 20:33:00,0.3206060637463679
2020-02-26 20:36:00,0.2889014033904118
2020-02-26 20:39:00,0.448867440471588
2020-02-26 20:42:00,0.284268841304538
2020-02-26 20:45:00,0.19055867135466542
2020-02-26 20:48:00,0.31900791256464345
2020-02-26 20:51:00,0.2777606707588234
2020-02-26 20:54:00,0.3278755740864767
2020-02-26 20:57:00,0.3866952498657952
2020-02-26 21:00:00,0.28802017738138375
2020-02-26 21:03:00,0.30572818548534997
2020-02-26 21:06:00,0.28726398948612086
2020-02-26 21:09:00,0.18534856182185422
2020-02-26 21:12:00,0.20225344500823894
2020-02-26 21:15:00,0.3807159499503996
2020-02-26 21:18:00,0.3780598406327158
2020-02-26 21:21:00,0.276881585048784
2020-02-26 21:24:00,0.2625922269101011
2020-02-26 21:27:00,0.22543709607310802
2020-02-26 21:30:00,0.27104166916643635
2020-02-26 21:33:00,0.310224958271192
2020-02-26 21:36:00,0.31545062449555417
2020-02-26 21:39:00,0.27508017094555726
2020-02-26 21:42:00,0.30227448156085757
2020-02-26 21:45:00,0.22859701782579123
2020-02-26 21:48:00,0.2785238014271272
2020-02-26 21:51:00,0.3422706290251085
2020-02-26 21:54:00,0.3076748590323177
2020-02-26 21:57:00,0.32152661472900945
2020-02-26 22:00:00,0.2597386724442572
2020-02-26 22:03:00,0.36447163006948813
2020-02-26 22:06:00,0.3358476087113331
2020-02-26 22:09:00,0.34479972085051713
2020-02-26 22:12:00,0.3291943557391619
2020-02-26 22:15:00,0.2717628126210343
2020-02-26 22:18:00,0.3621178168275492
2020-02-26 22:21:00,0.27365619142449304
2020-02-26 22:24:00,0.3437704496033689
2020-02-26 22:27:00,0.32069653701233847
2020-02-26 22:30:00,0.3161907706904685
2020-02-26 22:33:00,0.46761235768207143
2020-02-26 22:36:00,0.33799906752693687
2020-02-26 22:39:00,0.39280833775745805
2020-02-26 22:42:00,0.36343095654706303
2020-02-26 22:45:00,0.2598195908895491
2020-02-26 22:48:00,0.23710029251520837
2020-02-26 22:51:00,0.2739352537076911
2020-02-26 22:54:00,0.2504392314928623
2020-02-26 22:57:00,0.35352493859755896
2020-02-26 23:00:00,0.2745748115714264
2020-02-26 23:03:00,0.33167877967173354
2020-02-26 23:06:00,0.2896920501003706
2020-02-26 23:09:00,0.2947011611918242
2020-02-26 23:12:00,0.27485174637206455
2020-02-26 23:15:00,0.26104297687390954
2020-02-26 23:18:00,0.3133036706170742
2020-02-26 23:21:00,0.2631742859158521
2020-02-26 23:24:00,0.23859392423366899
2020-02-26 23:27:00,0.33672240727247527
2020-02-26 23:30:00,0.2438348462904969
2020-02-26 23:33:00,0.16627347691274963
2020-02-26 23:36:00,0.2340167823469983
2020-02-26 23:39:00,0.24996360436813347
2020-02-26 23:42:00,0.2645859997119828
2020-02-26 23:45:00,0.26753635611680693
2020-02-26 23:48:00,0.29497231810080393
2020-02-26 23:51:00,0.2946286688823534
2020-02-26 23:54:00,0.34029954298131315
2020-02-26 23:57:00,0.2644093208941172
2020-02-27 00:00:00,0.19767397331213488
2020-02-27 00:03:00,0.21279584028235377
2020-02-27 00:06:00,0.25075030554359046
2020-02-27 00:09:00,0.27496363757501285
2020-02-27 00:12:00,0.2720681666375526
2020-02-27 00:15:00,0.250715740802832
2020-02-27 00:18:00,0.3130751142455779
2020-02-27 00:21:00,0.12918898092908648
2020-02-27 00:24:00,0.30156552671024883
2020-02-27 00:27:00,0.3154084305261904
2020-02-27 00:30:00,0.31311710298700746
2020-02-27 00:33:00,0.31771578624011454
2020-02-27 00:36:00,0.2874047681641514
2020-02-27 00:39:00,0.3015335747260792
2020-02-27 00:42:00,0.3411944338163835
2020-02-27 00:45:00,0.3666390098007355
2020-02-27 00:48:00,0.28540696794419773
2020-02-27 00:51:00,0.3914197351780899
2020-02-27 00:54:00,0.3413212172689555
2020-02-27 00:57:00,0.40744099298348146
2020-02-27 01:00:00,0.3189296637473831
2020-02-27 01:03:00,0.25970631129541744
2020-02-27 01:06:00,0.33619599421564317
2020-02-27 01:09:00,0.32797553197389107
2020-02-27 01:12:00,0.35612032924808545
2020-02-27 01:15:00,0.3678891981509196
2020-02-27 01:18:00,0.35807709985868996
2020-02-27 01:21:00,0.33794309769308484
2020-02-27 01:24:00,0.4076060551664682
2020-02-27 01:27:00,0.24408379090448307
2020-02-27 01:30:00,0.38999991793752997
2020-02-27 01:33:00,0.4292935144046055
2020-02-27 01:36:00,0.47388578874796394
2020-02-27 01:39:00,0.3609176558657623
2020-02-27 01:42:00,0.3772314570540516
2020-02-27 01:45:00,0.4131484813586894
2020-02-27 01:48:00,0.4232693951645956
2020-02-27 01:51:00,0.38397621082634714
2020-02-27 01:54:00,0.3845248137488966
2020-02-27 01:57:00,0.4234449239172591
2020-02-27 02:00:00,0.42951901892723754
2020-02-27 02:03:00,0.42413802248569255
2020-02-27 02:06:00,0.4025526666755468
2020-02-27 02:09:00,0.48453574480316774
2020-02-27 02:12:00,0.47702429589219264
2020-02-27 02:15:00,0.45386133867032186
2020-02-27 02:18:00,0.40100914425909195
2020-02-27 02:21:00,0.46006341522530647
2020-02-27 02:24:00,0.32925001239487983
2020-02-27 02:27:00,0.42739793456109965
2020-02-27 02:30:00,0.48881073956181353
2020-02-27 02:33:00,0.42945986126267144
2020-02-27 02:36:00,0.4112815018729634
2020-02-27 02:39:00,0.4080936677277123
2020-02-27 02:42:00,0.4451754893216844
2020-02-27 02:45:00,0.46105538500461307
2020-02-27 02:48:00,0.5018252333148325
2020-02-27 02:51:00,0.40530224998838094
2020-02-27 02:54:00,0.42353658609113154
2020-02-27 02:57:00,0.4289756762488537
2020-02-27 03:00:00,0.4761177191556385
2020-02-27 03:03:00,0.4352740551090051
2020-02-27 03:06:00,0.4172755300594986
2020-02-27 03:09:00,0.3855515498593718
2020-02-27 03:12:00,0.3631070449858953
2020-02-27 03:15:00,0.4898184465226336
2020-02-27 03:18:00,0.46778654125893127
2020-02-27 03:21:00,0.4713886135552343
2020-02-27 03:24:00,0.487487272083456
2020-02-27 03:27:00,0.4558547061720333
2020-02-27 03:30:00,0.37848350743360015
2020-02-27 03:33:00,0.37156921870905535
2020-02-27 03:36:00,0.3931757180587283
2020-02-27 03:39:00,0.4276500770066036
2020-02-27 03:42:00,0.4745264632184103
2020-02-27 03:45:00,0.40967215619662056
2020-02-27 03:48:00,0.4300589314923968
2020-02-27 03:51:00,0.39539517307053984
2020-02-27 03:54:00,0.4531045036586079
2020-02-27 03:57:00,0.4027943041439812
2020-02-27 04:00:00,0.4038672365639968
2020-02-27 04:03:00,0.4518457397794009
2020-02-27 04:06:00,0.4412090241362989
2020-02-27 04:09:00,0.5015791007922417
2020-02-27 04:12:00,0.41753585446940633
2020-02-27 04:15:00,0.44867354013518934
2020-02-27 04:18:00,0.4381523730056074
2020-02-27 04:21:00,0.4218801868854598
2020-02-27 04:24:00,0.45524354359184827
2020-02-27 04:27:00,0.4709592355001746
2020-02-27 04:30:00,0.45849350426817637
2020-02-27 04:33:00,0.4767434096336842
2020-02-27 04:36:00,0.39408346993877785
2020-02-27 04:39:00,0.34067884764323253
2020-02-27 04:42:00,0.47491191815697675
2020-02-27 04:45:00,0.5049649691898139
2020-02-27 04:48:00,0.5219443873422165
2020-02-27 04:51:00,0.4598618825491485
2020-02-27 04:54:00,0.4247610514144071
2020-02-27 04:57:00,0.41392017068113773
2020-02-27 05:00:00,0.40443320524622095
2020-02-27 05:03:00,0.46798867225294316
2020-02-27 05:06:00,0.4412880955143237
2020-02-27 05:09:00,0.5291833753995547
2020-02-27 05:12:00,0.46284775585115767
2020-02-27 05:15:00,0.46523235477803837
2020-02-27 05:18:00,0.5110673033278772
2020-02-27 05:21:00,0.4624726549362208
2020-02-27 05:24:00,0.4545523978172241
2020-02-27 05:27:00,0.6054749133238033
2020-02-27 05:30:00,0.524348956071151
2020-02-27 05:33:00,0.49286128371511495
2020-02-27 05:36:00,0.4618454859394774
2020-02-27 05:39:00,0.554741387687443
2020-02-27 05:42:00,0.534268664664296
2020-02-27 05:45:00,0.49671424905523054
2020-02-27 05:48:00,0.45846510544174635
2020-02-27 05:51:00,0.48656602898421397
2020-02-27 05:54:00,0.48133352888572745
2020-02-27 05:57:00,0.3937242757143622
2020-02-27 06:00:00,0.517705620083234
2020-02-27 06:03:00,0.5352735947626002
2020-02-27 06:06:00,0.5757357062390156
2020-02-27 06:09:00,0.47261803015669557
2020-02-27 06:12:00,0.5193225019067995
2020-02-27 06:15:00,0.5469782750096215
2020-02-27 06:18:00,0.42564643414397096
2020-02-27 06:21:00,0.5383282253931156
2020-02-27 06:24:00,0.47010161400055495
2020-02-27 06:27:00,0.49163495022952475
2020-02-27 06:30:00,0.4881015585001478
2020-02-27 06:33:00,0.4324188251600276
2020-02-27 06:36:00,0.4524184624493728
2020-02-27 06:39:00,0.46988115990171764
2020-02-27 06:42:00,0.4891413351789424
2020-02-27 06:45:00,0.4457021983826053
2020-02-27 06:48:00,0.4901227752216073
2020-02-27 06:51:00,0.46080110688228615
2020-02-27 06:54:00,0.4577683210515602
2020-02-27 06:57:00,0.5070722495430573
2020-02-27 07:00:00,0.44164321653255456
2020-02-27 07:03:00,0.47631808176765844
2020-02-27 07:06:00,0.5246896834464678
2020-02-27 07:09:00,0.4528926028289675
2020-02-27 07:12:00,0.47882674134518766
2020-02-27 07:15:00,0.48911916767764296
2020-02-27 07:18:00,0.5020190018795461
2020-02-27 07:21:00,0.5393678767860024
2020-02-27 07:24:00,0.4067154987711774
2020-02-27 07:27:00,0.4463285587607402
2020-02-27 07:30:00,0.43823350845860887
2020-02-27 07:33:00,0.5255224851975981
2020-02-27 07:36:00,0.44079873800239966
2020-02-27 07:39:00,0.4342841525265726
2020-02-27 07:42:00,0.45436558408010796
2020-02-27 07:45:00,0.42814226416300016
2020-02-27 07:48:00,0.5031427232333954
2020-02-27 07:51:00,0.4793559380773331
2020-02-27 07:54:00,0.47429380343618277
2020-02-27 07:57:00,0.39418937565153556
2020-02-27 08:00:00,0.4277787727205009
2020-02-27 08:03:00,0.41587656718036214
2020-02-27 08:06:00,0.4629062154779149
2020-02-27 08:09:00,0.3671452289254944
2020-02-27 08:12:00,0.48167926619169066
2020-02-27 08:15:00,0.4114693188179217
2020-02-27 08:18:00,0.446144339918078
2020-02-27 08:21:00,0.4264116297165401
2020-02-27 08:24:00,0.5245481494541195
2020-02-27 08:27:00,0.29092448984272323
2020-02-27 08:30:00,0.3327988297813249
2020-02-27 08:33:00,0.45316433622383556
2020-02-27 08:36:00,0.4147552633506848
2020-02-27 08:39:00,0.3607080749620195
2020-02-27 08:42:00,0.4535381954988793
2020-02-27 08:45:00,0.3957477070021582
2020-02-27 08:48:00,0.4149747150993903
2020-02-27 08:51:00,0.39188490749035054
2020-02-27 08:54:00,0.340537767630849
2020-02-27 08:57:00,0.32292293601148003
2020-02-27 09:00:00,0.38168534714179714
2020-02-27 09:03:00,0.38120079271249097
2020-02-27 09:06:00,0.41913705969687953
2020-02-27 09:09:00,0.3910749183955886
2020-02-27 09:12:00,0.2584885700790096
2020-02-27 09:15:00,0.29452157366347365
2020-02-27 09:18:00,0.2955913409779214
2020-02-27 09:21:00,0.27906712089702523
2020-02-27 09:24:00,0.3464154817144731
2020-02-27 09:27:00,0.3890177255632352
2020-02-27 09:30:00,0.34521019497566385
2020-02-27 09:33:00,0.3478857267793387
2020-02-27 09:36:00,0.2849997698331208
2020-02-27 09:39:00,0.2785672219516755
2020-02-27 09:42:00,0.18355936137345452
2020-02-27 09:45:00,0.14891832490695833
2020-02-27 09:48:00,0.13781314865923378
2020-02-27 09:51:00,0.2921550731430216
2020-02-27 09:54:00,0.15835113972133286
2020-02-27 09:57:00,0.16856440139724782
2020-02-27 10:00:00,0.033445493393742254
2020-02-27 10:03:00,0.14157637781909216
2020-02-27 10:06:00,0.05341054058726513
2020-02-27 10:09:00,0.2563739889242811
2020-02-27 10:12:00,0.028105467156535724
2020-02-27 10:15:00,0.05540169527677108
2020-02-27 10:18:00,0.1632935321724176
2020-02-27 10:21:00,-0.011207670169198991
2020-02-27 10:24:00,0.051676004306330015
2020-02-27 10:27:00,0.12039980189797461
2020-02-27 10:30:00,-0.0041022035863989
2020-02-27 10:33:00,0.005489148840752023
2020-02-27 10:36:00,-0.0661555486901193
2020-02-27 10:39:00,-0.015256709345294439
2020-02-27 10:42:00,-0.05138859270675766
2020-02-27 10:45:00,-0.02510356081501186
2020-02-27 10:48:00,-0.10592139795483035
2020-02-27 10:51:00,-0.1373216008757936
2020-02-27 10:54:00,-0.11583214041189649
2020-02-27 10:57:00,-0.062047647041652
2020-02-27 11:00:00,-0.10615245788642369
2020-02-27 11:03:00,-0.03543002086718161
2020-02-27 11:06:00,-0.1126248708498565
2020-02-27 11:09:00,-0.20299022805636469
2020-02-27 11:12:00,-0.09429248448105909
2020-02-27 11:15:00,-0.1290592147572056
2020-02-27 11:18:00,-0.0968077463580812
2020-02-27 11:21:00,-0.10856989917431292
2020-02-27 11:24:00,-0.14181368469832023
2020-02-27 11:27:00,-0.1406771905741948
2020-02-27 11:30:00,-0.16278056231823257
2020-02-27 11:33:00,-0.04611347609738914
2020-02-27 11:36:00,-0.17766839266880652
2020-02-27 11:39:00,-0.11979202525827759
2020-02-27 11:42:00,-0.27404766293432203
2020-02-27 11:45:00,-0.30592042491969096
2020-02-27 11:48:00,-0.16550802435284595
2020-02-27 11:51:00,-0.1326588180029944
2020-02-27 11:54:00,-0.2649962830158188
2020-02-27 11:57:00,-0.22789417743558715
2020-02-27 12:00:00,-0.20178079744391653
2020-02-27 12:03:00,-0.24757727021835763
2020-02-27 12:06:00,-0.05427460663753436
2020-02-27 12:09:00,-0.07042625264261915
2020-02-27 12:12:00,-0.06154194265178603
2020-02-27 12:15:00,-0.05745671151106535
2020-02-27 12:18:00,0.001942981249328568
2020-02-27 12:21:00,-0.1490853060292352
2020-02-27 12:24:00,-0.1640045557043095
2020-02-27 12:27:00,-0.07678708411094703
2020-02-27 12:30:00,-0.23498294904408112
2020-02-27 12:33:00,-0.19059197850896226
2020-02-27 12:36:00,-0.09332016004736943
2020-02-27 12:39:00,-0.13360560503519991
2020-02-27 12:42:00,-0.19046508067663126
2020-02-27 12:45:00,-0.09893141406450923
2020-02-27 12:48:00,-0.17248879967962694
2020-02-27 12:51:00,-0.16759426290917645
2020-02-27 12:54:00,-0.0778772647643109
2020-02-27 12:57:00,-0.037182268185233625
2020-02-27 13:00:00,-0.06011114107661797
2020-02-27 13:03:00,-0.046509009003841584
2020-02-27 13:06:00,-0.11108060982326151
2020-02-27 13:09:00,-0.18845198275494113
2020-02-27 13:12:00,-0.3063919724600055
2020-02-27 13:15:00,-0.31753291152176644
2020-02-27 13:18:00,-0.07029355085023781
2020-02-27 13:21:00,0.07576480594485702
2020-02-27 13:24:00,-0.15465126769504423
2020-02-27 13:27:00,-0.1862889866949331
2020-02-27 13:30:00,-0.22575627479756122
2020-02-27 13:33:00,-0.28434477498490196
2020-02-27 13:36:00,-0.3071806943456181
2020-02-27 13:39:00,-0.18589177153171477
2020-02-27 13:42:00,-0.1534499854577689
2020-02-27 13:45:00,-0.23344352645148092
2020-02-27 13:48:00,-0.18856325166348142
2020-02-27 13:51:00,-0.2721817292409128
2020-02-27 13:54:00,-0.3132191326367888
2020-02-27 13:57:00,-0.20691714345855416
2020-02-27 14:00:00,-0.1350307153979884
2020-02-27 14:03:00,-0.09669948077379331
2020-02-27 14:06:00,-0.10171506525381346
2020-02-27 14:09:00,-0.1122104837814959
2020-02-27 14:12:00,-0.20131550771253615
2020-02-27 14:15:00,-0.1313666863370031
2020-02-27 14:18:00,-0.27518994885213033
2020-02-27 14:21:00,-0.3738528414409643
2020-02-27 14:24:00,-0.25551440278314885
2020-02-27 14:27:00,-0.2076238499515739
2020-02-27 14:30:00,-0.13420904830070413
2020-02-27 14:33:00,-0.2583522238069804
2020-02-27 14:36:00,-0.2390671412113079
2020-02-27 14:39:00,-0.2786762313945701
2020-02-27 14:42:00,-0.0964369584790461
2020-02-27 14:45:00,-0.13565508690760453
2020-02-27 14:48:00,-0.1291656784890165
2020-02-27 14:51:00,-0.11290106147646384
2020-02-27 14:54:00,-0.045305018542194375
2020-02-27 14:57:00,-0.08395511810095968
2020-02-27 15:00:00,-0.024517148525262655
2020-02-27 15:03:00,-0.06600715218087316
2020-02-27 15:06:00,-0.07912511761065844
2020-02-27 15:09:00,-0.022992844481734664
2020-02-27 15:12:00,-0.005436920938336698
2020-02-27 15:15:00,0.08336622704848651
2020-02-27 15:18:00,0.006002196351289513
2020-02-27 15:21:00,0.1469205981018149
2020-02-27 15:24:00,0.23260066410006175
2020-02-27 15:27:00,0.41322545610233874
2020-02-27 15:30:00,0.14314191217164307
2020-02-27 15:33:00,0.10932855697114974
2020-02-27 15:36:00,-0.036946508532366806
2020-02-27 15:39:00,-0.01899474871578377
2020-02-27 15:42:00,-0.11825097075984559
2020-02-27 15:45:00,-0.05432928851530505
2020-02-27 15:48:00,-0.03393505554475951
2020-02-27 15:51:00,-0.02523887992828122
2020-02-27 15:54:00,0.08622560349556352
2020-02-27 15:57:00,-0.04908346574279676
2020-02-27 16:00:00,0.03429522863132206
2020-02-27 16:03:00,0.005697647621389024
2020-02-27 16:06:00,-0.03185137686062944
2020-02-27 16:09:00,0.005038162403991464
2020-02-27 16:12:00,-0.12648242909000373
2020-02-27 16:15:00,-0.024141123304275425
2020-02-27 16:18:00,0.0065586756984430394
2020-02-27 16:21:00,0.06846111710154901
2020-02-27 16:24:00,0.024908554457795162
2020-02-27 16:27:00,0.029983382968680417
2020-02-27 16:30:00,0.033643025731635134
2020-02-27 16:33:00,0.10569284757372088
2020-02-27 16:36:00,0.10399765553898987
2020-02-27 16:39:00,0.1004275747718566
2020-02-27 16:42:00,0.07809712273149216
2020-02-27 16:45:00,0.08826626811793403
2020-02-27 16:48:00,0.11686449331131143
2020-02-27 16:51:00,0.003815622146248643
2020-02-27 16:54:00,-0.05564696374489131
2020-02-27 16:57:00,0.05133661665490763
2020-02-27 17:00:00,0.08266919808346529
2020-02-27 17:03:00,0.09537632409990238
2020-02-27 17:06:00,0.08449573319734327
2020-02-27 17:09:00,0.04079355797159678
2020-02-27 17:12:00,0.129820501214283
2020-02-27 17:15:00,0.06953346029717977
2020-02-27 17:18:00,0.14934919952617065
2020-02-27 17:21:00,0.10147785734528725
2020-02-27 17:24:00,0.1407632278934443
2020-02-27 17:27:00,0.18394465183894226
2020-02-27 17:30:00,0.1314088166902252
2020-02-27 17:33:00,0.14558220340671824
2020-02-27 17:36:00,0.19170208482472617
2020-02-27 17:39:00,0.13793739952416217
2020-02-27 17:42:00,0.1276625716940316
2020-02-27 17:45:00,0.06211016422690818
2020-02-27 17:48:00,0.1304841193633024
2020-02-27 17:51:00,0.20432722515175783
2020-02-27 17:54:00,0.21630656652536118
2020-02-27 17:57:00,0.2795372212811458
2020-02-27 18:00:00,0.17821610836159607
2020-02-27 18:03:00,0.2519603172003144
2020-02-27 18:06:00,0.10281921145070783
2020-02-27 18:09:00,0.1730210619481909
2020-02-27 18:12:00,0.213493350640249
2020-02-27 18:15:00,0.20916135135257719
2020-02-27 18:18:00,0.09737473999547319
2020-02-27 18:21:00,0.12785857982436255
2020-02-27 18:24:00,0.16565988944853416
2020-02-27 18:27:00,0.19098920693551236
2020-02-27 18:30:00,0.2542475190714413
2020-02-27 18:33:00,0.18936350109129307
2020-02-27 18:36:00,0.19726116386306103
2020-02-27 18:39:00,0.26706894185377905
2020-02-27 18:42:00,0.26539556038176215
2020-02-27 18:45:00,0.22927255374736433
2020-02-27 18:48:00,0.12264400563640265
2020-02-27 18:51:00,0.24348754443258258
2020-02-27 18:54:00,
2020-02-27 18:57:00,
2020-02-27 19:00:00,
2020-02-27 19:03:00,0.23698024987021427
2020-02-27 19:06:00,0.2111270971387853
2020-02-27 19:09:00,0.2409105437318999
2020-02-27 19:12:00,0.1817731164894667
2020-02-27 19:15:00,0.24017758854705562
2020-02-27 19:18:00,0.21799472976846346
2020-02-27 19:21:00,0.3054613398719539
2020-02-27 19:24:00,0.28860539541295793
2020-02-27 19:27:00,0.27785153868831003
2020-02-27 19:30:00,0.1958566259798431
2020-02-27 19:33:00,0.2942497738256975
2020-02-27 19:36:00,0.230975187813101
2020-02-27 19:39:00,0.21169718349113964
2020-02-27 19:42:00,0.2042855116883402
2020-02-27 19:45:00,0.2114859388619834
2020-02-27 19:48:00,0.14586527566677887
2020-02-27 19:51:00,0.1566714776179765
2020-02-27 19:54:00,0.26604543571198747
2020-02-27 19:57:00,0.2452620215915431
2020-02-27 20:00:00,0.2771876838505136
2020-02-27 20:03:00,0.3165305651176027
2020-02-27 20:06:00,0.25372187978194916
2020-02-27 20:09:00,0.27839882395051063
2020-02-27 20:12:00,0.25858972999208163
2020-02-27 20:15:00,0.2539363210262877
2020-02-27 20:18:00,0.1960261892128301
2020-02-27 20:21:00,0.3052122087414091
2020-02-27 20:24:00,0.21213139646306445
2020-02-27 20:27:00,0.21535465028813405
2020-02-27 20:30:00,0.27178460738673493
2020-02-27 20:33:00,0.35301095774963187
2020-02-27 20:36:00,0.34531554377798557
2020-02-27 20:39:00,0.2755351698907589
2020-02-27 20:42:00,0.22671255040120286
2020-02-27 20:45:00,0.24433945333123575
2020-02-27 20:48:00,0.19912315145933235
2020-02-27 20:51:00,0.2946701125765685
2020-02-27 20:54:00,0.22936409195466467
2020-02-27 20:57:00,0.24426830633746022
2020-02-27 21:00:00,0.27856433787218293
2020-02-27 21:03:00,0.2801905846539512
2020-02-27 21:06:00,0.2707937845202082
2020-02-27 21:09:00,0.3160485711071601
2020-02-27 21:12:00,0.36739144407022195
2020-02-27 21:15:00,0.3317817007104509
2020-02-27 21:18:00,0.33255207051348634
2020-02-27 21:21:00,0.3156487791818563
2020-02-27 21:24:00,0.3262659082137702
2020-02-27 21:27:00,0.3558645203997912
2020-02-27 21:30:00,0.301096579876571
2020-02-27 21:33:00,0.17176429660253234
2020-02-27 21:36:00,0.21593045867189176
2020-02-27 21:39:00,0.22120885865695072
2020-02-27 21:42:00,0.32442922427526355
2020-02-27 21:45:00,0.27288637173131747
2020-02-27 21:48:00,0.23367311096194499
2020-02-27 21:51:00,0.24368971458432043
2020-02-27 21:54:00,0.25452689806303397
2020-02-27 21:57:00,0.18466289203627184
2020-02-27 22:00:00,0.20569663607369648
2020-02-27 22:03:00,0.2418691665739061
2020-02-27 22:06:00,0.23760222401494957
2020-02-27 22:09:00,0.3019884364848622
2020-02-27 22:12:00,0.2369072507851797
2020-02-27 22:15:00,0.21687140779511083
2020-02-27 22:18:00,0.3197082769314079
2020-02-27 22:21:00,0.2436505342832902
2020-02-27 22:24:00,0.2465317847623396
2020-02-27 22:27:00,0.35111379299229384
2020-02-27 22:30:00,0.32163290315241966
2020-02-27 22:33:00,0.188954100703711
2020-02-27 22:36:00,0.3288691863195936
2020-02-27 22:39:00,0.34006685778803103
2020-02-27 22:42:00,0.2658311673729372
2020-02-27 22:45:00,0.34676707627642145
2020-02-27 22:48:00,0.19521612713987224
2020-02-27 22:51:00,0.21898760466876865
2020-02-27 22:54:00,0.2850102516574111
2020-02-27 22:57:00,0.33022383424389545
2020-02-27 23:00:00,0.294203962050517
2020-02-27 23:03:00,0.25828477713508846
2020-02-27 23:06:00,0.2374777989591621
2020-02-27 23:09:00,0.21560363965716078
2020-02-27 23:12:00,0.25738389223704417
2020-02-27 23:15:00,0.2928014655572042
2020-02-27 23:18:00,0.2833585407582859
2020-02-27 23:21:00,0.21890309982978806
2020-02-27 23:24:00,0.24171266085187426
2020-02-27 23:27:00,0.2620283928853837
2020-02-27 23:30:00,0.35651918618248146
2020-02-27 23:33:00,0.2378609255360402
2020-02-27 23:36:00,0.20665613352025503
2020-02-27 23:39:00,0.2519240210185103
2020-02-27 23:42:00,0.323259585148719
2020-02-27 23:45:00,0.18359625721762995
2020-02-27 23:48:00,0.23799005135248308
2020-02-27 23:51:00,0.33296055790168566
2020-02-27 23:54:00,0.2598551039687891
2020-02-27 23:57:00,0.2578909952509889
2020-02-28 00:00:00,0.2731514900970069
2020-02-28 00:03:00,0.25407121254181675
2020-02-28 00:06:00,0.2837108229397245
2020-02-28 00:09:00,0.32397838512554245
2020-02-28 00:12:00,0.21536436638592704
2020-02-28 00:15:00,0.2584735607574089
2020-02-28 00:18:00,0.2623981872246759
2020-02-28 00:21:00,0.27164515145761925
2020-02-28 00:24:00,0.31921627200392777
2020-02-28 00:27:00,0.263431547154255
2020-02-28 00:30:00,0.31178402842050446
2020-02-28 00:33:00,0.287213401397878
2020-02-28 00:36:00,0.3510846840520685
2020-02-28 00:39:00,0.3321297840104762
2020-02-28 00:42:00,0.37134937938424173
2020-02-28 00:45:00,0.3491589298190547
2020-02-28 00:48:00,0.40723432540272597
2020-02-28 00:51:00,0.37909530565718796
2020-02-28 00:54:00,0.3639704049206216
2020-02-28 00:57:00,0.4325371204897124
2020-02-28 01:00:00,0.3347272653840605
2020-02-28 01:03:00,0.38268858483809254
2020-02-28 01:06:00,0.2712120062520853
2020-02-28 01:09:00,0.2982333270527988
2020-02-28 01:12:00,0.3198494381227306
2020-02-28 01:15:00,0.31619402221622295
2020-02-28 01:18:00,0.36400137161143675
2020-02-28 01:21:00,0.2492033444125923
2020-02-28 01:24:00,0.26496715386173264
2020-02-28 01:27:00,0.3356216097988636
2020-02-28 01:30:00,0.3827559526367281
2020-02-28 01:33:00,0.33014005216568876
2020-02-28 01:36:00,0.3700725247354626
2020-02-28 01:39:00,0.3060210804986241
2020-02-28 01:42:00,0.39013451885114137
2020-02-28 01:45:00,0.40944627671530043
2020-02-28 01:48:00,0.29699662166598273
2020-02-28 01:51:00,0.39189436365819574
2020-02-28 01:54:00,0.4250646080474212
2020-02-28 01:57:00,0.4306936797767662
2020-02-28 02:00:00,0.3499922730935623
2020-02-28 02:03:00,0.31346022851346333
2020-02-28 02:06:00,0.4794723438675419
2020-02-28 02:09:00,0.41408725872690866
2020-02-28 02:12:00,0.410421497211928
2020-02-28 02:15:00,0.31072429782926747
2020-02-28 02:18:00,0.41666338737195474
2020-02-28 02:21:00,0.3735735790734793
2020-02-28 02:24:00,0.4218800141860015
2020-02-28 02:27:00,0.43691186882102784
2020-02-28 02:30:00,0.39195168418928006
2020-02-28 02:33:00,0.4233233592491956
2020-02-28 02:36:00,0.3459001881985273
2020-02-28 02:39:00,0.4463606741389867
2020-02-28 02:42:00,0.44019243435900535
2020-02-28 02:45:00,0.4631463782003493
2020-02-28 02:48:00,0.3662150140222593
2020-02-28 02:51:00,0.37800943203535553
2020-02-28 02:54:00,0.3666958487496004
2020-02-28 02:57:00,0.40952239538705726
2020-02-28 03:00:00,0.38867105143515346
2020-02-28 03:03:00,0.3957610564878564
2020-02-28 03:06:00,0.463654329520125
2020-02-28 03:09:00,0.43160464050799874
2020-02-28 03:12:00,0.4848682327050824
2020-02-28 03:15:00,0.42513196166999023
2020-02-28 03:18:00,0.5161639446764639
2020-02-28 03:21:00,0.4702185616659449
2020-02-28 03:24:00,0.4215377775493039
2020-02-28 03:27:00,0.4513856797970561
2020-02-28 03:30:00,0.45075080391626443
2020-02-28 03:33:00,0.357354583368533
2020-02-28 03:36:00,0.5113176128837154
2020-02-28 03:39:00,0.38372607185823426
2020-02-28 03:42:00,0.42505168112921865
2020-02-28 03:45:00,0.3852060378233091
2020-02-28 03:48:00,0.5049298157968565
2020-02-28 03:51:00,0.4674312354948711
2020-02-28 03:54:00,0.487080811183489
2020-02-28 03:57:00,0.3357891299756375
2020-02-28 04:00:00,0.4678218779235408
2020-02-28 04:03:00,0.5350960490353032
2020-02-28 04:06:00,0.384184039407387
2020-02-28 04:09:00,0.43939415556229733
2020-02-28 04:12:00,0.4698424379556059
2020-02-28 04:15:00,0.5581246031138676
2020-02-28 04:18:00,0.46374098844472655
2020-02-28 04:21:00,0.42449266890946546
2020-02-28 04:24:00,0.582866374763114
2020-02-28 04:27:00,0.49119577429422634
2020-02-28 04:30:00,0.4756776105461995
2020-02-28 04:33:00,0.4726683189423966
2020-02-28 04:36:00,0.41528487136361036
2020-02-28 04:39:00,0.4441631640136734
2020-02-28 04:42:00,0.3879218633839514
2020-02-28 04:45:00,0.4946169872392261
2020-02-28 04:48:00,0.4034635304304288
2020-02-28 04:51:00,0.3622317505125352
2020-02-28 04:54:00,0.43497956059923126
2020-02-28 04:57:00,0.35829126130289524
2020-02-28 05:00:00,0.38095651399896724
2020-02-28 05:03:00,0.41832531332005374
2020-02-28 05:06:00,0.3864162112364511
2020-02-28 05:09:00,0.4021748919286665
2020-02-28 05:12:00,0.37397493462384546
2020-02-28 05:15:00,0.3845495321036765
2020-02-28 05:18:00,0.4787336143964467
2020-02-28 05:21:00,0.4475214917279686
2020-02-28 05:24:00,0.48005649313489585
2020-02-28 05:27:00,0.4911365421962728
2020-02-28 05:30:00,0.4224519319454316
2020-02-28 05:33:00,0.33243147100779424
2020-02-28 05:36:00,0.29429352124139996
2020-02-28 05:39:00,0.3820752982481963
2020-02-28 05:42:00,0.42951736760392123
2020-02-28 05:45:00,0.3846582490513697
2020-02-28 05:48:00,0.4281776534497794
2020-02-28 05:51:00,0.38297723983725973
2020-02-28 05:54:00,0.5064819538083043
2020-02-28 05:57:00,0.45640266031290366
2020-02-28 06:00:00,0.498094194496673
2020-02-28 06:03:00,0.40917354721631227
2020-02-28 06:06:00,0.4196454294935279
2020-02-28 06:09:00,0.4666966637511223
2020-02-28 06:12:00,0.5241794672838864
2020-02-28 06:15:00,0.42968972309688525
2020-02-28 06:18:00,0.4155997049059579
2020-02-28 06:21:00,0.4800284185239434
2020-02-28 06:24:00,0.4602589506097843
2020-02-28 06:27:00,0.4471042087015462
2020-02-28 06:30:00,0.38859531920513746
2020-02-28 06:33:00,0.5140081372963436
2020-02-28 06:36:00,0.4935141056188854
2020-02-28 06:39:00,0.5384817104252306
2020-02-28 06:42:00,0.49238634172093043
2020-02-28 06:45:00,0.4870181844611352
2020-02-28 06:48:00,0.527745286633035
2020-02-28 06:51:00,0.520200974989109
2020-02-28 06:54:00,0.4259298331062382
2020-02-28 06:57:00,0.5012396885531984
2020-02-28 07:00:00,0.5009718616378791
2020-02-28 07:03:00,0.5033462713020072
2020-02-28 07:06:00,0.5049388669512496
2020-02-28 07:09:00,0.5640689445939984
2020-02-28 07:12:00,0.42926124781183717
2020-02-28 07:15:00,0.5232948277331957
2020-02-28 07:18:00,0.4834690983129235
2020-02-28 07:21:00,0.4414871247142287
2020-02-28 07:24:00,0.43329241037190513
2020-02-28 07:27:00,0.35520302207578425
2020-02-28 07:30:00,0.4782179435733269
2020-02-28 07:33:00,0.4018675944931829
2020-02-28 07:36:00,0.4610052449052091
2020-02-28 07:39:00,0.4568295854873554
2020-02-28 07:42:00,0.4572560034099524
2020-02-28 07:45:00,0.530940761044917
2020-02-28 07:48:00,0.4463456413758422
2020-02-28 07:51:00,0.40838126198013924
2020-02-28 07:54:00,0.36561475407194166
2020-02-28 07:57:00,0.5860019469042754
2020-02-28 08:00:00,0.4137280724041261
2020-02-28 08:03:00,0.4347646264596392
2020-02-28 08:06:00,0.45391270716316967
2020-02-28 08:09:00,0.39436490303285154
2020-02-28 08:12:00,0.354425251797295
2020-02-28 08:15:00,0.44109215763666043
2020-02-28 08:18:00,0.37158784268933687
2020-02-28 08:21:00,0.33777261913598977
2020-02-28 08:24:00,0.3732626161021244
2020-02-28 08:27:00,0.32559642462916827
2020-02-28 08:30:00,0.34494365012051276
2020-02-28 08:33:00,0.41060861463336096
2020-02-28 08:36:00,0.4121851143262347
2020-02-28 08:39:00,0.3005081814249593
2020-02-28 08:42:00,0.40208332195652474
2020-02-28 08:45:00,0.3486473476110632
2020-02-28 08:48:00,0.2977019344352243
2020-02-28 08:51:00,0.3951480228931814
2020-02-28 08:54:00,0.34868293987449306
2020-02-28 08:57:00,0.33414004434905564
2020-02-28 09:00:00,0.32596724253789944
2020-02-28 09:03:00,0.2538195238501544
2020-02-28 09:06:00,0.3267780336299211
2020-02-28 09:09:00,0.15626018197866642
2020-02-28 09:12:00,0.23826988487826384
2020-02-28 09:15:00,0.28473746715593506
2020-02-28 09:18:00,0.40903207645072825
2020-02-28 09:21:00,0.35586584393001885
2020-02-28 09:24:00,0.27873321276348406
2020-02-28 09:27:00,0.24764062079009364
2020-02-28 09:30:00,0.3730638249253957
2020-02-28 09:33:00,0.21174169496350714
2020-02-28 09:36:00,0.29785730359719764
2020-02-28 09:39:00,0.19095989785023448
2020-02-28 09:42:00,0.24184401018158042
2020-02-28 09:45:00,0.22003032764519048
2020-02-28 09:48:00,0.13600673680298314
2020-02-28 09:51:00,0.1282875651551194
2020-02-28 09:54:00,0.2594934315962405
2020-02-28 09:57:00,0.09058286702372698
2020-02-28 10:00:00,0.145362011871498
2020-02-28 10:03:00,0.134134423626449
2020-02-28 10:06:00,0.04299661746148331
2020-02-28 10:09:00,0.16577878265877644
2020-02-28 10:12:00,-0.00119528073201991
2020-02-28 10:15:00,0.1523617998126383
2020-02-28 10:18:00,0.07292433289126166
2020-02-28 10:21:00,0.06921370765348911
2020-02-28 10:24:00,-0.03069462418443436
2020-02-28 10:27:00,0.10534132833578269
2020-02-28 10:30:00,-0.017458610559344834
2020-02-28 10:33:00,-0.009369339836894142
2020-02-28 10:36:00,-0.010795178293903973
2020-02-28 10:39:00,-0.02659303482954556
2020-02-28 10:42:00,0.014159989788538496
2020-02-28 10:45:00,0.05152770556821906
2020-02-28 10:48:00,-0.09180198852408239
2020-02-28 10:51:00,-0.10624909572823071
2020-02-28 10:54:00,-0.09452230644455994
2020-02-28 10:57:00,0.06338908457530579
2020-02-28 11:00:00,0.013307232390616264
2020-02-28 11:03:00,0.00944742340607263
2020-02-28 11:06:00,0.03624018585031763
2020-02-28 11:09:00,-0.11591747008452558
2020-02-28 11:12:00,-0.00337246631539756
2020-02-28 11:15:00,-0.13918251146264993
2020-02-28 11:18:00,-0.008860023889440072
2020-02-28 11:21:00,-0.06640019010637843
2020-02-28 11:24:00,-0.14096883425469287
2020-02-28 11:27:00,-0.08405861308455087
2020-02-28 11:30:00,-0.12243670180447452
2020-02-28 11:33:00,-0.1543021168846508
2020-02-28 11:36:00,-0.11460839720319882
2020-02-28 11:39:00,-0.08264972269245163
2020-02-28 11:42:00,-0.07420826664150582
2020-02-28 11:45:00,-0.13437358145711187
2020-02-28 11:48:00,-0.01255237107807261
2020-02-28 11:51:00,-0.13316740524254556
2020-02-28 11:54:00,0.016310251608445014
2020-02-28 11:57:00,-0.11674817659024939
2020-02-28 12:00:00,-0.12484224342131256
2020-02-28 12:03:00,-0.016596811308602355
2020-02-28 12:06:00,-0.18594284090369229
2020-02-28 12:09:00,-0.16674580685400997
2020-02-28 12:12:00,-0.1173256303660537
2020-02-28 12:15:00,-0.10603498014160095
2020-02-28 12:18:00,-0.1656990636968203
2020-02-28 12:21:00,-0.1267254220850873
2020-02-28 12:24:00,-0.15413459531521312
2020-02-28 12:27:00,-0.242394324158397
2020-02-28 12:30:00,-0.08625565673668234
2020-02-28 12:33:00,-0.16866632709508167
2020-02-28 12:36:00,-0.1023594051641794
2020-02-28 12:39:00,-0.055257689452560044
2020-02-28 12:42:00,-0.10114789969696858
2020-02-28 12:45:00,-0.1867158466455976
2020-02-28 12:48:00,-0.08452255017232346
2020-02-28 12:51:00,-0.2800018154395616
2020-02-28 12:54:00,-0.16699694317605918
2020-02-28 12:57:00,-0.19546421953856452
2020-02-28 13:00:00,-0.1968896811514469
2020-02-28 13:03:00,-0.15671493155070948
2020-02-28 13:06:00,-0.13795863097135452
2020-02-28 13:09:00,-0.20679313566751034
2020-02-28 13:12:00,-0.16195095308745522
2020-02-28 13:15:00,-0.12010643344029859
2020-02-28 13:18:00,-0.14591131518341172
2020-02-28 13:21:00,-0.13991195287366054
2020-02-28 13:24:00,-0.13695102110187918
2020-02-28 13:27:00,-0.1283694915599085
2020-02-28 13:30:00,-0.006876387979389165
2020-02-28 13:33:00,0.09956200513164504
2020-02-28 13:36:00,0.045273929883592245
2020-02-28 13:39:00,-0.047695352924051804
2020-02-28 13:42:00,0.009954863601649322
2020-02-28 13:45:00,-0.21082061058979207
2020-02-28 13:48:00,-0.1681156387729743
2020-02-28 13:51:00,0.051075229203831896
2020-02-28 13:54:00,-0.19086566381207604
2020-02-28 13:57:00,-0.11714397420439582
2020-02-28 14:00:00,-0.17558801823219028
2020-02-28 14:03:00,-0.18874155322777142
2020-02-28 14:06:00,-0.14620348809336292
2020-02-28 14:09:00,-0.1452196857721333
2020-02-28 14:12:00,-0.21418476616349835
2020-02-28 14:15:00,-0.1705569596280725
2020-02-28 14:18:00,-0.2359948012454538
2020-02-28 14:21:00,-0.1786429204556157
2020-02-28 14:24:00,-0.2521993122550157
2020-02-28 14:27:00,-0.2899788022322696
2020-02-28 14:30:00,-0.041993477440883
2020-02-28 14:33:00,-0.015079307719474855
2020-02-28 14:36:00,-0.0504945329058728
2020-02-28 14:39:00,-0.256373066719334
2020-02-28 14:42:00,0.00529892741559479
2020-02-28 14:45:00,-0.07437972604776633
2020-02-28 14:48:00,-0.12202734920970215
2020-02-28 14:51:00,-0.029311924658145472
2020-02-28 14:54:00,-0.005629799717496553
2020-02-28 14:57:00,-0.109750609903017
2020-02-28 15:00:00,-0.2009232166427637
2020-02-28 15:03:00,-0.19775627869421442
2020-02-28 15:06:00,-0.16059650765271272
2020-02-28 15:09:00,-0.2019201465176934
2020-02-28 15:12:00,-0.1573704917987584
2020-02-28 15:15:00,0.040866806402164
2020-02-28 15:18:00,-0.06813384671511358
2020-02-28 15:21:00,-0.12934102827222205
2020-02-28 15:24:00,-0.20481710298656708
2020-02-28 15:27:00,-0.19691260765205243
2020-02-28 15:30:00,-0.12570435422094306
2020-02-28 15:33:00,-0.21602279326452845
2020-02-28 15:36:00,-0.036160271915434805
2020-02-28 15:39:00,-0.17234444985695063
2020-02-28 15:42:00,-0.14205554090068517
2020-02-28 15:45:00,-0.1715937600326356
2020-02-28 15:48:00,-0.15761483192511605
2020-02-28 15:51:00,-0.13365688381264818
2020-02-28 15:54:00,-0.14090806810196455
2020-02-28 15:57:00,-0.19193932825811544
2020-02-28 16:00:00,-0.237543206078783
2020-02-28 16:03:00,-0.22512552103853523
2020-02-28 16:06:00,-0.26984188538824583
2020-02-28 16:09:00,-0.291050066985747
2020-02-28 16:12:00,-0.22365167344139536
2020-02-28 16:15:00,-0.29670691829505813
2020-02-28 16:18:00,-0.21737712321578329
2020-02-28 16:21:00,-0.14494085159844872
2020-02-28 16:24:00,-0.19548572797077668
2020-02-28 16:27:00,-0.2779751252199958
2020-02-28 16:30:00,-0.1783653533216807
2020-02-28 16:33:00,-0.25144297846895824
2020-02-28 16:36:00,-0.27394415959264506
2020-02-28 16:39:00,-0.1606325397240198
2020-02-28 16:42:00,-0.26690661856190445
2020-02-28 16:45:00,-0.15078839964235158
2020-02-28 16:48:00,-0.26349823326251
2020-02-28 16:51:00,-0.17198232245095824
2020-02-28 16:54:00,-0.07387877005822929
2020-02-28 16:57:00,-0.12605786913297834
2020-02-28 17:00:00,-0.05208047527474946
2020-02-28 17:03:00,-0.15042182950230654
2020-02-28 17:06:00,-0.0836012478054613
2020-02-28 17:09:00,-0.1665767468393824
2020-02-28 17:12:00,-0.1225922122152383
2020-02-28 17:15:00,-0.17334862699328824
2020-02-28 17:18:00,-0.1398629673115579
2020-02-28 17:21:00,-0.13844010348543634
2020-02-28 17:24:00,-0.185079390936437
2020-02-28 17:27:00,-0.1518677984154806
2020-02-28 17:30:00,-0.10259502441635959
2020-02-28 17:33:00,-0.09108410565085023
2020-02-28 17:36:00,-0.14613504903616104
2020-02-28 17:39:00,-0.12705468826129618
2020-02-28 17:42:00,-0.05156644059684368
2020-02-28 17:45:00,-0.05928269888181603
2020-02-28 17:48:00,-0.1321845476040835
2020-02-28 17:51:00,-0.04750156083071033
2020-02-28 17:54:00,-0.14411238173880747
2020-02-28 17:57:00,-0.058524566277526446
2020-02-28 18:00:00,-0.04067373976522504
2020-02-28 18:03:00,-0.07121912464219804
2020-02-28 18:06:00,-0.06750424785803943
2020-02-28 18:09:00,-0.1192423650027763
2020-02-28 18:12:00,-0.11035798413831799
2020-02-28 18:15:00,-0.042682309838937726
2020-02-28 18:18:00,-0.11985816667106519
2020-02-28 18:21:00,-0.04184270729996342
2020-02-28 18:24:00,-0.009097368885704782
2020-02-28 18:27:00,-0.10386069544250631
2020-02-28 18:30:00,0.032322859216037614
2020-02-28 18:33:00,-0.019808509263953056
2020-02-28 18:36:00,-0.005628467529106729
2020-02-28 18:39:00,0.07753089023930215
2020-02-28 18:42:00,-0.0061195724587150835
2020-02-28 18:45:00,-0.04586724703034406
2020-02-28 18:48:00,0.02649441775554351
2020-02-28 18:51:00,0.076681018050067
2020-02-28 18:54:00,0.03462617159942738
2020-02-28 18:57:00,0.03649803316716316
2020-02-28 19:00:00,0.08627218736796749
2020-02-28 19:03:00,0.04882875349386495
2020-02-28 19:06:00,0.05601265843085912
2020-02-28 19:09:00,0.10822234685986132
2020-02-28 19:12:00,0.09137238279799931
2020-02-28 19:15:00,0.11231476177465538
2020-02-28 19:18:00,0.1422543296001777
2020-02-28 19:21:00,0.09796603599346554
2020-02-28 19:24:00,0.1424687910632656
2020-02-28 19:27:00,0.15552923145173736
2020-02-28 19:30:00,0.15510707903894172
2020-02-28 19:33:00,0.11725358018645693
2020-02-28 19:36:00,0.10673028131367346
2020-02-28 19:39:00,0.12903689438280708
2020-02-28 19:42:00,0.13681671677034046
2020-02-28 19:45:00,0.16467556453108045
2020-02-28 19:48:00,0.15253718088570167
2020-02-28 19:51:00,0.13507020056528063
2020-02-28 19:54:00,0.14497695551119705
2020-02-28 19:57:00,0.12246103676636722
2020-02-28 20:00:00,0.1577444214742627
2020-02-28 20:03:00,0.16883672556696183
2020-02-28 20:06:00,0.1570492887834689
2020-02-28 20:09:00,0.20948713006930575
2020-02-28 20:12:00,0.1195208984984788
2020-02-28 20:15:00,0.1350254206049044
2020-02-28 20:18:00,0.24440884008890862
2020-02-28 20:21:00,0.2710051799519988
2020-02-28 20:24:00,0.1989800926045291
2020-02-28 20:27:00,0.33410844380415483
2020-02-28 20:30:00,0.2086778156204332
2020-02-28 20:33:00,0.27449649694005984
2020-02-28 20:36:00,0.2351743025820383
2020-02-28 20:39:00,0.24843977234695558
2020-02-28 20:42:00,0.2577638329477736
2020-02-28 20:45:00,0.22144921477155322
2020-02-28 20:48:00,0.24810708546442584
2020-02-28 20:51:00,0.2823468577285553
2020-02-28 20:54:00,0.36629235777604663
2020-02-28 20:57:00,0.33552749251782643
2020-02-28 21:00:00,0.2285358100688768
2020-02-28 21:03:00,0.27373654960126714
2020-02-28 21:06:00,0.3232220583973344
2020-02-28 21:09:00,0.22604172295018543
2020-02-28 21:12:00,0.2838696902269362
2020-02-28 21:15:00,0.37396506323295853
2020-02-28 21:18:00,0.1954614948975859
2020-02-28 21:21:00,0.2687221100346733
2020-02-28 21:24:00,0.30755231439019326
2020-02-28 21:27:00,0.24615025566771465
2020-02-28 21:30:00,0.2900175490574384
2020-02-28 21:33:00,0.1987821374424925
2020-02-28 21:36:00,0.3038914165318829
2020-02-28 21:39:00,0.21947205693265914
2020-02-28 21:42:00,0.30594039298500775
2020-02-28 21:45:00,0.12915633844625063
2020-02-28 21:48:00,0.28022047806257433
2020-02-28 21:51:00,0.2609010863700405
2020-02-28 21:54:00,0.20583605106662617
2020-02-28 21:57:00,0.19119701196143524
2020-02-28 22:00:00,0.13375276932953284
2020-02-28 22:03:00,0.22126043284163188
2020-02-28 22:06:00,0.25892467768426286
2020-02-28 22:09:00,0.23806118230328366
2020-02-28 22:12:00,0.2792413291416551
2020-02-28 22:15:00,0.2439244602836652
2020-02-28 22:18:00,0.24396555019376365
2020-02-28 22:21:00,0.2249914430208264
2020-02-28 22:24:00,0.26217156487513193
2020-02-28 22:27:00,0.28044409633008627
2020-02-28 22:30:00,0.313865765923822
2020-02-28 22:33:00,0.2313664844711525
2020-02-28 22:36:00,0.18743953570964322
2020-02-28 22:39:00,0.3107991119740632
2020-02-28 22:42:00,0.23948858248326133
2020-02-28 22:45:00,0.31999366334054
2020-02-28 22:48:00,0.29322587601023997
2020-02-28 22:51:00,0.3134631526865519
2020-02-28 22:54:00,0.31305690115709695
2020-02-28 22:57:00,0.2728574912294448
2020-02-28 23:00:00,0.3257634457513632
2020-02-28 23:03:00,0.3252646884296837
2020-02-28 23:06:00,0.34944594293239106
2020-02-28 23:09:00,0.27102479024205195
2020-02-28 23:12:00,0.3388486090065612
2020-02-28 23:15:00,0.38771631654714156
2020-02-28 23:18:00,0.3227517477766355
2020-02-28 23:21:00,0.42281152341087136
2020-02-28 23:24:00,0.3120020775414787
2020-02-28 23:27:00,0.2690622710060211
2020-02-28 23:30:00,0.2167722767277951
2020-02-28 23:33:00,0.33518677336172686
2020-02-28 23:36:00,0.3280130435177284
2020-02-28 23:39:00,0.3197503895849536
2020-02-28 23:42:00,0.246638978801343
2020-02-28 23:45:00,0.2908915033999051
2020-02-28 23:48:00,0.39824991115688135
2020-02-28 23:51:00,0.34711349550491377
2020-02-28 23:54:00,0.32466478573809354
2020-02-28 23:57:00,0.2803345761456626
2020-02-29 00:00:00,0.29829740706833263
2020-02-29 00:03:00,0.29929796019951027
2020-02-29 00:06:00,0.23886470311884977
2020-02-29 00:09:00,0.28676448862682946
2020-02-29 00:12:00,0.3323168246119508
2020-02-29 00:15:00,0.3176959292728725
2020-02-29 00:18:00,0.4710525119156159
2020-02-29 00:21:00,0.3278207498422603
2020-02-29 00:24:00,0.30129689902463497
2020-02-29 00:27:00,0.3277727817987284
2020-02-29 00:30:00,0.2885828777631332
2020-02-29 00:33:00,0.28794841425599316
2020-02-29 00:36:00,0.33573101867079913
2020-02-29 00:39:00,0.37849880371999234
2020-02-29 00:42:00,0.33941803976858864
2020-02-29 00:45:00,0.43808872559043266
2020-02-29 00:48:00,0.2971172261076731
2020-02-29 00:51:00,0.4199382250103554
2020-02-29 00:54:00,0.38362972918423566
2020-02-29 00:57:00,0.4345115503168131
2020-02-29 01:00:00,0.3537687140355956
2020-02-29 01:03:00,0.3126001925455739
2020-02-29 01:06:00,0.2656089159780777
2020-02-29 01:09:00,0.39404575205611536
2020-02-29 01:12:00,0.32995896351155807
2020-02-29 01:15:00,0.3122170605539054
2020-02-29 01:18:00,0.297746388977032
2020-02-29 01:21:00,0.35219798596693863
2020-02-29 01:24:00,0.3318843279084831
2020-02-29 01:27:00,0.2619206535034664
2020-02-29 01:30:00,0.2775511809624618
2020-02-29 01:33:00,0.4203317386208596
2020-02-29 01:36:00,0.30392248567932256
2020-02-29 01:39:00,0.36063638123732744
2020-02-29 01:42:00,0.3722994166808462
2020-02-29 01:45:00,0.38077858377755547
2020-02-29 01:48:00,0.3337236119176623
2020-02-29 01:51:00,0.32407864399755226
2020-02-29 01:54:00,0.3359610183313748
2020-02-29 01:57:00,0.3529282456291867
2020-02-29 02:00:00,0.4141175908200694
2020-02-29 02:03:00,0.4022196362798809
2020-02-29 02:06:00,0.4315100717491873
2020-02-29 02:09:00,0.3531211251678883
2020-02-29 02:12:00,0.4184342806329937
2020-02-29 02:15:00,0.361529337187676
2020-02-29 02:18:00,0.43600411644501946
2020-02-29 02:21:00,0.3456799650957123
2020-02-29 02:24:00,0.3322065959170004
2020-02-29 02:27:00,0.29492234660818895
2020-02-29 02:30:00,0.37600648944555815
2020-02-29 02:33:00,0.3053530319045876
2020-02-29 02:36:00,0.3560594740937404
2020-02-29 02:39:00,0.3904379429739038
2020-02-29 02:42:00,0.38911132789888825
2020-02-29 02:45:00,0.4558573397117698
2020-02-29 02:48:00,0.3813742616159743
2020-02-29 02:51:00,0.4154316422494162
2020-02-29 02:54:00,0.3684192570817686
2020-02-29 02:57:00,0.4034926437418562
2020-02-29 03:00:00,0.40849656730046036
2020-02-29 03:03:00,0.40672265138562125
2020-02-29 03:06:00,0.3783867427579821
2020-02-29 03:09:00,0.4878506405172516
2020-02-29 03:12:00,0.3803508689047703
2020-02-29 03:15:00,0.4890956778063469
2020-02-29 03:18:00,0.39625951956992367
2020-02-29 03:21:00,0.49050904049158817
2020-02-29 03:24:00,0.4974454832933475
2020-02-29 03:27:00,0.4404922726208156
2020-02-29 03:30:00,0.45802192835725464
2020-02-29 03:33:00,0.4420007475690113
2020-02-29 03:36:00,0.46653914082924075
2020-02-29 03:39:00,0.38910850642650985
2020-02-29 03:42:00,0.48363941225341023
2020-02-29 03:45:00,0.4293690743081129
2020-02-29 03:48:00,0.44676765084597037
2020-02-29 03:51:00,0.4535580611512273
2020-02-29 03:54:00,0.45654754406075426
2020-02-29 03:57:00,0.4369520208418294
2020-02-29 04:00:00,0.38452692011253475
2020-02-29 04:03:00,0.4916750744246201
2020-02-29 04:06:00,0.41648941583480337
2020-02-29 04:09:00,0.5013903070504853
2020-02-29 04:12:00,0.5132922770817459
2020-02-29 04:15:00,0.49344463008941375
2020-02-29 04:18:00,0.4778464590476119
2020-02-29 04:21:00,0.45129109764883424
2020-02-29 04:24:00,0.5245772600761711
2020-02-29 04:27:00,0.44019205500171665
2020-02-29 04:30:00,0.42195178856599114
2020-02-29 04:33:00,0.4260427043650452
2020-02-29 04:36:00,0.5200060331165446
2020-02-29 04:39:00,0.41969571297391894
2020-02-29 04:42:00,0.40198330650514436
2020-02-29 04:45:00,0.43152232217613573
2020-02-29 04:48:00,0.4392719769039104
2020-02-29 04:51:00,0.5118603283981429
2020-02-29 04:54:00,0.47632887455785067
2020-02-29 04:57:00,0.5098207030503659
2020-02-29 05:00:00,0.4052703365923662
2020-02-29 05:03:00,0.4817399673439695
2020-02-29 05:06:00,0.4459932458228195
2020-02-29 05:09:00,0.4722018934625112
2020-02-29 05:12:00,0.5727738539694087
2020-02-29 05:15:00,0.5774396766523182
2020-02-29 05:18:00,0.5085056307931382
2020-02-29 05:21:00,0.5233074997894391
2020-02-29 05:24:00,0.4830458133474167
2020-02-29 05:27:00,0.5527139374206058
2020-02-29 05:30:00,0.5237777416273275
2020-02-29 05:33:00,0.5099243415157844
2020-02-29 05:36:00,0.4789621094017775
2020-02-29 05:39:00,0.39726191234831276
2020-02-29 05:42:00,0.48398289220506285
2020-02-29 05:45:00,0.4306725128195126
2020-02-29 05:48:00,0.48996656664439797
2020-02-29 05:51:00,0.46161025581619697
2020-02-29 05:54:00,0.53783399257469
2020-02-29 05:57:00,0.5103626178074023
2020-02-29 06:00:00,0.5014261124179029
2020-02-29 06:03:00,0.5229970552576901
2020-02-29 06:06:00,0.4798598022628653
2020-02-29 06:09:00,0.5117941358673193
2020-02-29 06:12:00,0.4738019037069421
2020-02-29 06:15:00,0.5335917013306926
2020-02-29 06:18:00,0.5569140041241099
2020-02-29 06:21:00,0.5817513842499125
2020-02-29 06:24:00,0.5854391909092556
2020-02-29 06:27:00,0.58600808755034
2020-02-29 06:30:00,0.5469148698107915
2020-02-29 06:33:00,0.4912421652309149
2020-02-29 06:36:00,0.5056499977929434
2020-02-29 06:39:00,0.5271660437961714
2020-02-29 06:42:00,0.5513425916573169
2020-02-29 06:45:00,0.512064538768982
2020-02-29 06:48:00,0.5312693750794892
2020-02-29 06:51:00,0.5493306601171639
2020-02-29 06:54:00,0.498794876084105
2020-02-29 06:57:00,0.5286799903545898
2020-02-29 07:00:00,0.5571470908421929
2020-02-29 07:03:00,0.5183845694137403
2020-02-29 07:06:00,0.5269731121172754
2020-02-29 07:09:00,0.47846527066610633
2020-02-29 07:12:00,0.46285777044255383
2020-02-29 07:15:00,0.5686301428735305
2020-02-29 07:18:00,0.5885883082079886
2020-02-29 07:21:00,0.5555921047813968
2020-02-29 07:24:00,0.555973712747857
2020-02-29 07:27:00,0.4714051985216656
2020-02-29 07:30:00,0.5600503236312306
2020-02-29 07:33:00,0.5751805533108154
2020-02-29 07:36:00,0.43869945573555924
2020-02-29 07:39:00,0.5175665413376578
2020-02-29 07:42:00,0.5017525331949741
2020-02-29 07:45:00,0.5270976782234698
2020-02-29 07:48:00,0.4623901008050666
2020-02-29 07:51:00,0.5040737147659229
2020-02-29 07:54:00,0.5491525209400834
2020-02-29 07:57:00,0.48338268880593205
2020-02-29 08:00:00,0.4416249011077298
2020-02-29 08:03:00,0.4741883117872021
2020-02-29 08:06:00,0.4768259454122017
2020-02-29 08:09:00,0.47867488937504277
2020-02-29 08:12:00,0.5405485810056803
2020-02-29 08:15:00,0.4723292672290995
2020-02-29 08:18:00,0.4563791664585892
2020-02-29 08:21:00,0.444102559586554
2020-02-29 08:24:00,0.4818661942175595
2020-02-29 08:27:00,0.5003832171657336
2020-02-29 08:30:00,0.40321891113808306
2020-02-29 08:33:00,0.49374753401457383
2020-02-29 08:36:00,0.5546079505009516
2020-02-29 08:39:00,0.44902381417256265
2020-02-29 08:42:00,0.41189202519603896
2020-02-29 08:45:00,0.3546258690387276
2020-02-29 08:48:00,0.3667992163866529
2020-02-29 08:51:00,0.40496007819263014
2020-02-29 08:54:00,0.4215391486091562
2020-02-29 08:57:00,0.36559209483891664
2020-02-29 09:00:00,0.34095528927872465
2020-02-29 09:03:00,0.4571021144477072
2020-02-29 09:06:00,0.32420442817510775
2020-02-29 09:09:00,0.3839918230795547
2020-02-29 09:12:00,0.35909691442316216
2020-02-29 09:15:00,0.33338553091016365
2020-02-29 09:18:00,0.3478288615291376
2020-02-29 09:21:00,0.25526934499941945
2020-02-29 09:24:00,0.40612924984765186
2020-02-29 09:27:00,0.38109623142270266
2020-02-29 09:30:00,0.3332365961374535
2020-02-29 09:33:00,0.3694295071887268
2020-02-29 09:36:00,0.28440958313279907
2020-02-29 09:39:00,0.29168129049946856
2020-02-29 09:42:00,0.34231488897870577
2020-02-29 09:45:00,0.31145236137211896
2020-02-29 09:48:00,0.35368917866065885
2020-02-29 09:51:00,0.3427606148351856
2020-02-29 09:54:00,0.3531213549339327
2020-02-29 09:57:00,0.25629208586616414
2020-02-29 10:00:00,0.336519497916413
2020-02-29 10:03:00,0.3325327455409024
2020-02-29 10:06:00,0.22908452652325195
2020-02-29 10:09:00,0.3054102694514995
2020-02-29 10:12:00,0.21746200764266632
2020-02-29 10:15:00,0.23580924453176522
2020-02-29 10:18:00,0.25949789479199126
2020-02-29 10:21:00,0.3058890777988381
2020-02-29 10:24:00,0.3201528702730343
2020-02-29 10:27:00,0.30599620175564723
2020-02-29 10:30:00,0.23876727866684178
2020-02-29 10:33:00,0.2933765594563056
2020-02-29 10:36:00,0.2679558542687346
2020-02-29 10:39:00,0.27210440104471445
2020-02-29 10:42:00,0.13279963674091277
2020-02-29 10:45:00,0.21628145988267988
2020-02-29 10:48:00,0.2197998534284693
2020-02-29 10:51:00,0.21117189685276117
2020-02-29 10:54:00,0.1931183202618172
2020-02-29 10:57:00,0.16170652032360522
2020-02-29 11:00:00,0.16959989003584042
2020-02-29 11:03:00,0.12374453999660773
2020-02-29 11:06:00,0.12436300982147941
2020-02-29 11:09:00,0.06453523820141527
2020-02-29 11:12:00,0.07107808118411185
2020-02-29 11:15:00,0.08157424795427914
2020-02-29 11:18:00,0.15910268150787488
2020-02-29 11:21:00,0.061497102373607504
2020-02-29 11:24:00,0.10417670602078033
2020-02-29 11:27:00,0.11664995320785465
2020-02-29 11:30:00,0.09285859624458226
2020-02-29 11:33:00,0.11667622889098084
2020-02-29 11:36:00,0.022640222277345856
2020-02-29 11:39:00,0.031183067188294444
2020-02-29 11:42:00,0.0901588485977527
2020-02-29 11:45:00,0.03414885828840397
2020-02-29 11:48:00,0.024605854493529478
2020-02-29 11:51:00,0.14691284400220184
2020-02-29 11:54:00,0.15164662017366481
2020-02-29 11:57:00,0.10470778264686942
2020-02-29 12:00:00,0.04891642215699221
2020-02-29 12:03:00,0.13788893758828635
2020-02-29 12:06:00,0.04732840850641651
2020-02-29 12:09:00,0.0652531497684663
2020-02-29 12:12:00,0.01879082246341568
2020-02-29 12:15:00,0.05647536045017887
2020-02-29 12:18:00,0.05667635620028477
2020-02-29 12:21:00,0.09706204776443883
2020-02-29 12:24:00,-0.08860955048021424
2020-02-29 12:27:00,-0.11216502881370616
2020-02-29 12:30:00,-0.05370879998821465
2020-02-29 12:33:00,-0.06914894852241105
2020-02-29 12:36:00,-0.08648539678210909
2020-02-29 12:39:00,-0.06675614520855788
2020-02-29 12:42:00,0.11185173676318527
2020-02-29 12:45:00,-0.11370669125574295
2020-02-29 12:48:00,-0.06038971497730472
2020-02-29 12:51:00,-0.13539720350780726
2020-02-29 12:54:00,-0.10898703878189053
2020-02-29 12:57:00,-0.01775732282322906
2020-02-29 13:00:00,-0.05305994652042045
2020-02-29 13:03:00,-0.15256021683063636
2020-02-29 13:06:00,-0.05564884847723306
2020-02-29 13:09:00,-0.18219011930824536
2020-02-29 13:12:00,-0.19656142922372055
2020-02-29 13:15:00,-0.15334607116989218
2020-02-29 13:18:00,-0.13836379947048272
2020-02-29 13:21:00,-0.07719411486414174
2020-02-29 13:24:00,-0.12737080421925384
2020-02-29 13:27:00,-0.11121809092492185
2020-02-29 13:30:00,-0.19793272659404693
2020-02-29 13:33:00,-0.20227609513142397
2020-02-29 13:36:00,-0.15800109515242866
2020-02-29 13:39:00,-0.0781867158455043
2020-02-29 13:42:00,-0.2273598895879445
2020-02-29 13:45:00,-0.20271038210131564
2020-02-29 13:48:00,-0.16614711178908692
2020-02-29 13:51:00,-0.17642390335169011
2020-02-29 13:54:00,-0.2600318233143639
2020-02-29 13:57:00,-0.14638347726526035
2020-02-29 14:00:00,-0.2234985162432963
2020-02-29 14:03:00,-0.07805630034448541
2020-02-29 14:06:00,-0.07758425425453197
2020-02-29 14:09:00,-0.06901356961407146
2020-02-29 14:12:00,-0.11044427259349732
2020-02-29 14:15:00,-0.10052725581209643
2020-02-29 14:18:00,-0.09517163039652132
2020-02-29 14:21:00,-0.07815981095529878
2020-02-29 14:24:00,-0.13220266790915502
2020-02-29 14:27:00,0.02261070111535446
2020-02-29 14:30:00,-0.044572120196050946
2020-02-29 14:33:00,0.003340730792672275
2020-02-29 14:36:00,0.02763814439839507
2020-02-29 14:39:00,-0.05419746941237236
2020-02-29 14:42:00,-0.06739552357345246
2020-02-29 14:45:00,0.04319719378116815
2020-02-29 14:48:00,-0.08725046305505657
2020-02-29 14:51:00,0.02340264609432552
2020-02-29 14:54:00,0.0032429228201067417
2020-02-29 14:57:00,-0.033081385922116624
2020-02-29 15:00:00,0.010018844611749955
2020-02-29 15:03:00,-0.047830552266418636
2020-02-29 15:06:00,-0.06748298011206089
2020-02-29 15:09:00,-0.08827304257863489
2020-02-29 15:12:00,-0.0058862322209733975
2020-02-29 15:15:00,0.03440013373352713
2020-02-29 15:18:00,0.04234542287781551
2020-02-29 15:21:00,0.0074862225896481505
2020-02-29 15:24:00,-0.08517202136687274
2020-02-29 15:27:00,-0.03622397986248416
2020-02-29 15:30:00,-0.017616094424056428
2020-02-29 15:33:00,0.05528881724370649
2020-02-29 15:36:00,-0.020022596493504352
2020-02-29 15:39:00,-0.07552252873296084
2020-02-29 15:42:00,-0.06596296702502968
2020-02-29 15:45:00,-0.12989816559240808
2020-02-29 15:48:00,-0.07025576390725519
2020-02-29 15:51:00,-0.14270211116433984
2020-02-29 15:54:00,-0.10897909348199164
2020-02-29 15:57:00,-0.008794547397712904
2020-02-29 16:00:00,-0.09205389551948429
2020-02-29 16:03:00,-0.19340029142909998
2020-02-29 16:06:00,-0.13483888521869858
2020-02-29 16:09:00,-0.21236503740101398
2020-02-29 16:12:00,-0.1382896351437921
2020-02-29 16:15:00,-0.17616391380079222
2020-02-29 16:18:00,-0.18396536341816727
2020-02-29 16:21:00,-0.15021028961263028
2020-02-29 16:24:00,-0.21299486766957898
2020-02-29 16:27:00,-0.2978464774976146
2020-02-29 16:30:00,-0.2208643488160078
2020-02-29 16:33:00,-0.2191063959859889
2020-02-29 16:36:00,-0.21076710766368478
2020-02-29 16:39:00,-0.25938522348440074
2020-02-29 16:42:00,-0.18938850523693418
2020-02-29 16:45:00,-0.25862828744647004
2020-02-29 16:48:00,-0.15529938324931436
2020-02-29 16:51:00,-0.16444390472020132
2020-02-29 16:54:00,-0.20203893695384068
2020-02-29 16:57:00,-0.21096285288331273
2020-02-29 17:00:00,-0.24564715245350044
2020-02-29 17:03:00,-0.19014865755588062
2020-02-29 17:06:00,-0.19304220555829943
2020-02-29 17:09:00,-0.11205049343607243
2020-02-29 17:12:00,-0.284198615590185
2020-02-29 17:15:00,-0.2536893945013503
2020-02-29 17:18:00,-0.10400733050619237
2020-02-29 17:21:00,-0.2003314244906278
2020-02-29 17:24:00,-0.05459446917944888
2020-02-29 17:27:00,-0.15368186621952873
2020-02-29 17:30:00,-0.12736203508268318
2020-02-29 17:33:00,-0.20212843443937345
2020-02-29 17:36:00,-0.14944070060136028
2020-02-29 17:39:00,-0.11520848619221624
2020-02-29 17:42:00,-0.1656245770419673
2020-02-29 17:45:00,-0.06621995238720046
2020-02-29 17:48:00,-0.12005763364902577
2020-02-29 17:51:00,-0.023872201505469093
2020-02-29 17:54:00,-0.04357846895095463
2020-02-29 17:57:00,-0.10896891618955351
2020-02-29 18:00:00,-0.039773431638138845
2020-02-29 18:03:00,-0.08622998818401584
2020-02-29 18:06:00,-0.044906682791861385
2020-02-29 18:09:00,-0.030221365682791657
2020-02-29 18:12:00,0.030450145466375034
2020-02-29 18:15:00,-0.0235635155972318
2020-02-29 18:18:00,-0.018184321215755972
2020-02-29 18:21:00,0.008037012174781921
2020-02-29 18:24:00,-0.06038736911921205
2020-02-29 18:27:00,0.006996648162441943
2020-02-29 18:30:00,0.036163545934357444
2020-02-29 18:33:00,-0.01582798721352674
2020-02-29 18:36:00,-0.05117199706808151
2020-02-29 18:39:00,0.004357056541778093
2020-02-29 18:42:00,-0.033099330665606885
2020-02-29 18:45:00,-0.021695032037428064
2020-02-29 18:48:00,-0.020572131055530463
2020-02-29 18:51:00,-0.02401760582102952
2020-02-29 18:54:00,-0.01782582195755822
2020-02-29 18:57:00,-0.013192818008292306
2020-02-29 19:00:00,-0.044540294336570696
2020-02-29 19:03:00,0.038880485714003044
2020-02-29 19:06:00,-0.07242031493876766
2020-02-29 19:09:00,-0.03655065321527218
2020-02-29 19:12:00,-0.02758502078984293
2020-02-29 19:15:00,0.03021673337707398
2020-02-29 19:18:00,-0.006237792177898882
2020-02-29 19:21:00,0.06361972592424081
2020-02-29 19:24:00,0.06080182154153135
2020-02-29 19:27:00,0.014640255555434578
2020-02-29 19:30:00,0.039394780679799624
2020-02-29 19:33:00,0.02351291458768401
2020-02-29 19:36:00,0.06259751115021572
2020-02-29 19:39:00,0.10683791836163437
2020-02-29 19:42:00,0.07474341577056975
2020-02-29 19:45:00,0.11182236079326913
2020-02-29 19:48:00,-0.009653296005637912
2020-02-29 19:51:00,0.049678644474226985
2020-02-29 19:54:00,-0.0031316092673137064
2020-02-29 19:57:00,0.044075804508281635
2020-02-29 20:00:00,0.0808958307264902
2020-02-29 20:03:00,0.1103838242415236
2020-02-29 20:06:00,0.007983130101308689
2020-02-29 20:09:00,0.22663592092510498
2020-02-29 20:12:00,0.18792248570042602
2020-02-29 20:15:00,0.23190519719287295
2020-02-29 20:18:00,0.08060212464414462
2020-02-29 20:21:00,0.22848253286474574
2020-02-29 20:24:00,0.21599510533945931
2020-02-29 20:27:00,0.13600615390231496
2020-02-29 20:30:00,0.18406035678367516
2020-02-29 20:33:00,0.1447738655399462
2020-02-29 20:36:00,0.14732444369883524
2020-02-29 20:39:00,0.22468366727071043
2020-02-29 20:42:00,0.1581328812112588
2020-02-29 20:45:00,0.2316517253514121
2020-02-29 20:48:00,0.12667342855553443
2020-02-29 20:51:00,0.21772021220687066
2020-02-29 20:54:00,0.17014614817367146
2020-02-29 20:57:00,0.14312311752649975
2020-02-29 21:00:00,0.14462013513764305
2020-02-29 21:03:00,0.2573519363060086
2020-02-29 21:06:00,0.11395056618869148
2020-02-29 21:09:00,0.22958430850337663
2020-02-29 21:12:00,0.19922664224253595
2020-02-29 21:15:00,0.2793158868438468
2020-02-29 21:18:00,0.2341083279447389
2020-02-29 21:21:00,0.19216723437318706
2020-02-29 21:24:00,0.1908826627848157
2020-02-29 21:27:00,0.18000943200172514
2020-02-29 21:30:00,0.19938185642115513
2020-02-29 21:33:00,0.19108358074544185
2020-02-29 21:36:00,0.13427432727701216
2020-02-29 21:39:00,0.20627097452569387
2020-02-29 21:42:00,0.2647025644361065
2020-02-29 21:45:00,0.09582830752390237
2020-02-29 21:48:00,0.16357604826174565
2020-02-29 21:51:00,0.22967225797896162
2020-02-29 21:54:00,0.270057277705007
2020-02-29 21:57:00,0.20601809678834115
2020-02-29 22:00:00,0.2179945069048017
2020-02-29 22:03:00,0.2598456841660095
2020-02-29 22:06:00,0.1783415036326801
2020-02-29 22:09:00,0.24935130307886766
2020-02-29 22:12:00,0.27183165983160507
2020-02-29 22:15:00,0.37043108403310043
2020-02-29 22:18:00,0.2453970099002163
2020-02-29 22:21:00,0.2842805151779544
2020-02-29 22:24:00,0.2889050496754635
2020-02-29 22:27:00,0.35638273108725116
2020-02-29 22:30:00,0.18797313269641336
2020-02-29 22:33:00,0.16952591041183496
2020-02-29 22:36:00,0.23008559481604607
2020-02-29 22:39:00,0.39229442528454683
2020-02-29 22:42:00,0.3890071212693442
2020-02-29 22:45:00,0.2646710515174391
2020-02-29 22:48:00,0.21019987235132476
2020-02-29 22:51:00,0.2829120965101879
2020-02-29 22:54:00,0.14947362941228448
2020-02-29 22:57:00,0.22180409024633718
2020-02-29 23:00:00,0.3396786323472156
2020-02-29 23:03:00,0.20301635301433407
2020-02-29 23:06:00,0.1862625120987218
2020-02-29 23:09:00,0.29310102410448735
2020-02-29 23:12:00,0.17297019530798252
2020-02-29 23:15:00,0.29796287067063076
2020-02-29 23:18:00,0.3417989134989057
2020-02-29 23:21:00,0.2343647291763773
2020-02-29 23:24:00,0.24403378699912537
2020-02-29 23:27:00,0.30890081725772234
2020-02-29 23:30:00,0.20132459427912863
2020-02-29 23:33:00,0.30105302199501693
2020-02-29 23:36:00,0.24850822146993323
2020-02-29 23:39:00,0.35148584460921484
2020-02-29 23:42:00,0.2700358590960832
2020-02-29 23:45:00,0.2513640476831256
2020-02-29 23:48:00,0.19980988582551618
2020-02-29 23:51:00,0.2743583858601255
2020-02-29 23:54:00,0.3078819761046816
2020-02-29 23:57:00,0.21301064610202047
2020-03-01 00:00:00,0.2698781545549309
2020-03-01 00:03:00,0.2388591797035815
2020-03-01 00:06:00,0.38594307380998316
2020-03-01 00:09:00,0.3780281975608659
2020-03-01 00:12:00,0.39393342870391734
2020-03-01 00:15:00,0.4069340259152341
2020-03-01 00:18:00,0.30412337773589115
2020-03-01 00:21:00,0.4776684821308663
2020-03-01 00:24:00,0.34585515643243525
2020-03-01 00:27:00,0.26787674038223486
2020-03-01 00:30:00,0.3900901542045858
2020-03-01 00:33:00,0.37579724107627044
2020-03-01 00:36:00,0.3041217244909262
2020-03-01 00:39:00,0.3804796284883878
2020-03-01 00:42:00,0.34925894855723527
2020-03-01 00:45:00,0.3793898129535478
2020-03-01 00:48:00,0.30329251601318674
2020-03-01 00:51:00,0.2734677783156485
2020-03-01 00:54:00,0.365173404307086
2020-03-01 00:57:00,0.36449077189553236
2020-03-01 01:00:00,0.45408666656493324
2020-03-01 01:03:00,0.2965254545566154
2020-03-01 01:06:00,0.33052173285477693
2020-03-01 01:09:00,0.44506342932834286
2020-03-01 01:12:00,0.36973800547792735
2020-03-01 01:15:00,0.33475205741001446
2020-03-01 01:18:00,0.43367011334788685
2020-03-01 01:21:00,0.4294024994046026
2020-03-01 01:24:00,0.36820306746449205
2020-03-01 01:27:00,0.40703180455290067
2020-03-01 01:30:00,0.37637987696240316
2020-03-01 01:33:00,0.39698628044044426
2020-03-01 01:36:00,0.37797330224788084
2020-03-01 01:39:00,0.40309265972399544
2020-03-01 01:42:00,0.2863618806306931
2020-03-01 01:45:00,0.3732309483627887
2020-03-01 01:48:00,0.33678975577043957
2020-03-01 01:51:00,0.4117100988887614
2020-03-01 01:54:00,0.32552011217535437
2020-03-01 01:57:00,0.3907226020539838
2020-03-01 02:00:00,0.34169778080462265
2020-03-01 02:03:00,0.33040978410156185
2020-03-01 02:06:00,0.3805776218168262
2020-03-01 02:09:00,0.21028196949947642
2020-03-01 02:12:00,0.23928014027643485
2020-03-01 02:15:00,0.32249611475396023
2020-03-01 02:18:00,0.22916662410483468
2020-03-01 02:21:00,0.29743906563402334
2020-03-01 02:24:00,0.22976328618227626
2020-03-01 02:27:00,0.3664006495559988
2020-03-01 02:30:00,0.394823764080968
2020-03-01 02:33:00,0.2621525929434938
2020-03-01 02:36:00,0.3563669650595216
2020-03-01 02:39:00,0.340027301752059
2020-03-01 02:42:00,0.2535594329550577
2020-03-01 02:45:00,0.2931998915601639
2020-03-01 02:48:00,0.36476143856714316
2020-03-01 02:51:00,0.2508366274151399
2020-03-01 02:54:00,0.29644055267732483
2020-03-01 02:57:00,0.39439774793402194
2020-03-01 03:00:00,0.2802391210337305
2020-03-01 03:03:00,0.21174129850851386
2020-03-01 03:06:00,0.1941068437663489
2020-03-01 03:09:00,0.2908828596510489
2020-03-01 03:12:00,0.26589693236064704
2020-03-01 03:15:00,0.29294590554957267
2020-03-01 03:18:00,0.23253514766543049
2020-03-01 03:21:00,0.1261058705257483
2020-03-01 03:24:00,0.23662726222727315
2020-03-01 03:27:00,0.20133807187522734
2020-03-01 03:30:00,0.24641086424878722
2020-03-01 03:33:00,0.19215702322929928
2020-03-01 03:36:00,0.26273285147442493
2020-03-01 03:39:00,0.15102028164045578
2020-03-01 03:42:00,0.21484138987636925
2020-03-01 03:45:00,0.19510739898049678
2020-03-01 03:48:00,0.28608900549886584
2020-03-01 03:51:00,0.2725052224620299
2020-03-01 03:54:00,0.24679056698914792
2020-03-01 03:57:00,0.2197230382623161
2020-03-01 04:00:00,0.30354368969994994
2020-03-01 04:03:00,0.2917449253422433
2020-03-01 04:06:00,0.23933251493986063
2020-03-01 04:09:00,0.3670062057043424
2020-03-01 04:12:00,0.3459436905696407
2020-03-01 04:15:00,0.3585016416690223
2020-03-01 04:18:00,0.35315854624741405
2020-03-01 04:21:00,0.33095743428947344
2020-03-01 04:24:00,0.35639770369675716
2020-03-01 04:27:00,0.2912753296822075
2020-03-01 04:30:00,0.4126753505410079
2020-03-01 04:33:00,0.33172817821116496
2020-03-01 04:36:00,0.40757380921655795
2020-03-01 04:39:00,0.40473514669685073
2020-03-01 04:42:00,0.2325599686289479
2020-03-01 04:45:00,0.35585476644200753
2020-03-01 04:48:00,0.34096604728375723
2020-03-01 04:51:00,0.3584151852647892
2020-03-01 04:54:00,0.2202377157434512
2020-03-01 04:57:00,0.3238337786469856
2020-03-01 05:00:00,0.37227963949493414
2020-03-01 05:03:00,0.3349507160794474
2020-03-01 05:06:00,0.344430762710374
2020-03-01 05:09:00,0.2749139244618277
2020-03-01 05:12:00,0.37222049612671526
2020-03-01 05:15:00,0.30062577794097933
2020-03-01 05:18:00,0.3266128191859252
2020-03-01 05:21:00,0.39226261587970157
2020-03-01 05:24:00,0.35746350134826343
2020-03-01 05:27:00,0.356601798635495
2020-03-01 05:30:00,0.33867084035415473
2020-03-01 05:33:00,0.3763803071272491
2020-03-01 05:36:00,0.32586871032390263
2020-03-01 05:39:00,0.3619120962476359
2020-03-01 05:42:00,0.3358729263937903
2020-03-01 05:45:00,0.28627251441986346
2020-03-01 05:48:00,0.3751782809803217
2020-03-01 05:51:00,0.32197963714196476
2020-03-01 05:54:00,0.30794522159101234
2020-03-01 05:57:00,0.36017641443112325
2020-03-01 06:00:00,0.3315017866692642
2020-03-01 06:03:00,0.37442582647543077
2020-03-01 06:06:00,0.2962561329898108
2020-03-01 06:09:00,0.38435757417215655
2020-03-01 06:12:00,0.32324122428559576
2020-03-01 06:15:00,0.25234038451480956
2020-03-01 06:18:00,0.30571656977133443
2020-03-01 06:21:00,0.33501076640442307
2020-03-01 06:24:00,0.3217405099879329
2020-03-01 06:27:00,0.23670559106750488
2020-03-01 06:30:00,0.46315779838096205
2020-03-01 06:33:00,0.3579161629984924
2020-03-01 06:36:00,0.32958686451513586
2020-03-01 06:39:00,0.3088066860075287
2020-03-01 06:42:00,0.31776932667213487
2020-03-01 06:45:00,0.3837766293663094
2020-03-01 06:48:00,0.2844753201364938
2020-03-01 06:51:00,0.34163681365384946
2020-03-01 06:54:00,0.3144203145362212
2020-03-01 06:57:00,0.3505927871843255
2020-03-01 07:00:00,0.34289965619399254
2020-03-01 07:03:00,0.2943603402123358
2020-03-01 07:06:00,0.2974979850238242
2020-03-01 07:09:00,
2020-03-01 07:12:00,
2020-03-01 07:15:00,
2020-03-01 07:18:00,
2020-03-01 07:21:00,
2020-03-01 07:24:00,
2020-03-01 07:27:00,
2020-03-01 07:30:00,
2020-03-01 07:33:00,
2020-03-01 07:36:00,
2020-03-01 07:39:00,
2020-03-01 07:42:00,
2020-03-01 07:45:00,
2020-03-01 07:48:00,
2020-03-01 07:51:00,
2020-03-01 07:54:00,
2020-03-01 07:57:00,
2020-03-01 08:00:00,
2020-03-01 08:03:00,
2020-03-01 08:06:00,
2020-03-01 08:09:00,0.3341932556515417
2020-03-01 08:12:00,0.2737713726496054
2020-03-01 08:15:00,0.36370517185019935
2020-03-01 08:18:00,0.30693692763532
2020-03-01 08:21:00,0.2794941611668378
2020-03-01 08:24:00,0.4089827500700949
2020-03-01 08:27:00,0.3013313744888819
2020-03-01 08:30:00,0.38502029505991686
2020-03-01 08:33:00,0.32730278513719213
2020-03-01 08:36:00,0.4073700953117054
2020-03-01 08:39:00,0.4296028574423758
2020-03-01 08:42:00,0.3470812444653575
2020-03-01 08:45:00,0.3253763546264281
2020-03-01 08:48:00,0.3305383139132232
2020-03-01 08:51:00,0.3411319738080465
2020-03-01 08:54:00,0.2849995849499578
2020-03-01 08:57:00,0.301007625888019
2020-03-01 09:00:00,0.35326603127333556
2020-03-01 09:03:00,0.41836746689040183
2020-03-01 09:06:00,0.33883045995992234
2020-03-01 09:09:00,0.3451510571810559
2020-03-01 09:12:00,0.341358113281899
2020-03-01 09:15:00,0.4014510251669776
2020-03-01 09:18:00,0.3108623150617973
2020-03-01 09:21:00,0.30143473593790304
2020-03-01 09:24:00,0.2941965905112056
2020-03-01 09:27:00,0.3715441279191509
2020-03-01 09:30:00,0.3672227988772647
2020-03-01 09:33:00,0.36038574825039404
2020-03-01 09:36:00,0.30168209627186116
2020-03-01 09:39:00,0.2494496704354674
2020-03-01 09:42:00,0.2386550549081221
2020-03-01 09:45:00,0.2921537778195784
2020-03-01 09:48:00,0.27402283012230555
2020-03-01 09:51:00,0.3022946615248543
2020-03-01 09:54:00,0.2069069196353439
2020-03-01 09:57:00,0.2786245547221142
2020-03-01 10:00:00,0.29163077089202716
2020-03-01 10:03:00,0.11290015434013867
2020-03-01 10:06:00,0.14376505468788991
2020-03-01 10:09:00,0.2462880634107023
2020-03-01 10:12:00,0.1964248623856406
2020-03-01 10:15:00,0.2639439400124388
2020-03-01 10:18:00,0.2003585046521721
2020-03-01 10:21:00,0.15527109024685615
2020-03-01 10:24:00,0.06766999568577603
2020-03-01 10:27:00,0.20347907702989687
2020-03-01 10:30:00,0.26317445653938876
2020-03-01 10:33:00,0.1471720975748667
2020-03-01 10:36:00,0.2314218893508837
2020-03-01 10:39:00,0.20416248833862483
2020-03-01 10:42:00,0.3091028431341556
2020-03-01 10:45:00,0.14438924501877182
2020-03-01 10:48:00,0.17729902846610912
2020-03-01 10:51:00,0.1294246375339867
2020-03-01 10:54:00,0.15631427974665257
2020-03-01 10:57:00,0.15937626641073166
2020-03-01 11:00:00,0.10054806988631526
2020-03-01 11:03:00,0.12468141861802451
2020-03-01 11:06:00,0.08010003250063846
2020-03-01 11:09:00,0.09825762795287574
2020-03-01 11:12:00,0.04405551210044223
2020-03-01 11:15:00,0.028947752520252834
2020-03-01 11:18:00,0.11320283193549585
2020-03-01 11:21:00,-0.01592136632501706
2020-03-01 11:24:00,0.03134210130963311
2020-03-01 11:27:00,-0.022644000223920102
2020-03-01 11:30:00,0.002288179328957085
2020-03-01 11:33:00,-0.1370730668647866
2020-03-01 11:36:00,-0.11207084179363846
2020-03-01 11:39:00,0.041407959641162506
2020-03-01 11:42:00,-0.019457592014532565
2020-03-01 11:45:00,-0.1480495933809607
2020-03-01 11:48:00,-0.06894889416855676
2020-03-01 11:51:00,-0.13846255950289788
2020-03-01 11:54:00,-0.17201922249864765
2020-03-01 11:57:00,-0.022903406057537268
2020-03-01 12:00:00,-0.1519960438816952
2020-03-01 12:03:00,-0.18104275198601272
2020-03-01 12:06:00,-0.13969336746066574
2020-03-01 12:09:00,-0.08264401199960503
2020-03-01 12:12:00,-0.11196586097952377
2020-03-01 12:15:00,-0.16133968070391802
2020-03-01 12:18:00,-0.11626600693398359
2020-03-01 12:21:00,-0.037332148327891446
2020-03-01 12:24:00,-0.12949460551868697
2020-03-01 12:27:00,-0.17327236162691406
2020-03-01 12:30:00,-0.1945052924785955
2020-03-01 12:33:00,-0.122752095180374
2020-03-01 12:36:00,-0.18838576427742737
2020-03-01 12:39:00,-0.21822669989097676
2020-03-01 12:42:00,-0.14478509685778818
2020-03-01 12:45:00,-0.2323670255945558
2020-03-01 12:48:00,-0.09362344695551883
2020-03-01 12:51:00,-0.11913497048197996
2020-03-01 12:54:00,-0.04651571727004011
2020-03-01 12:57:00,-0.13535961474161695
2020-03-01 13:00:00,-0.12686424135159768
2020-03-01 13:03:00,-0.039817668171451714
2020-03-01 13:06:00,-0.08371935960894916
2020-03-01 13:09:00,-0.0031201631552448816
2020-03-01 13:12:00,-0.02708187286333441
2020-03-01 13:15:00,-0.09914074895158365
2020-03-01 13:18:00,-0.06555865756075718
2020-03-01 13:21:00,-0.055676465982003265
2020-03-01 13:24:00,-0.004422154087592389
2020-03-01 13:27:00,0.060850650945610596
2020-03-01 13:30:00,0.03650583329681467
2020-03-01 13:33:00,0.18731475131545494
2020-03-01 13:36:00,0.08860353888439931
2020-03-01 13:39:00,-0.020816127416935615
2020-03-01 13:42:00,-0.16587370331046714
2020-03-01 13:45:00,-0.15463914473940576
2020-03-01 13:48:00,-0.054385926559064046
2020-03-01 13:51:00,-0.13873071884546562
2020-03-01 13:54:00,-0.23127821666605541
2020-03-01 13:57:00,-0.15070851607049462
2020-03-01 14:00:00,-0.14627658552609546
2020-03-01 14:03:00,-0.17979699677380268
2020-03-01 14:06:00,-0.3268361164477369
2020-03-01 14:09:00,-0.1610656504439021
2020-03-01 14:12:00,-0.3280374614300854
2020-03-01 14:15:00,-0.3060566908294504
2020-03-01 14:18:00,-0.41905267793657686
2020-03-01 14:21:00,-0.28920035295050184
2020-03-01 14:24:00,-0.32732190400327
2020-03-01 14:27:00,-0.2954187314194314
2020-03-01 14:30:00,-0.16397534150161164
2020-03-01 14:33:00,-0.13756837764628926
2020-03-01 14:36:00,-0.2311023686688145
2020-03-01 14:39:00,-0.13739630962101046
2020-03-01 14:42:00,-0.22070699126476256
2020-03-01 14:45:00,-0.3189193408090887
2020-03-01 14:48:00,-0.15230634712332858
2020-03-01 14:51:00,-0.22085762207899506
2020-03-01 14:54:00,-0.21700583309922195
2020-03-01 14:57:00,-0.2618479831677405
2020-03-01 15:00:00,-0.28926407139533694
2020-03-01 15:03:00,-0.38159563342446745
2020-03-01 15:06:00,-0.36076212930959173
2020-03-01 15:09:00,-0.2501338526610084
2020-03-01 15:12:00,-0.25621323103774785
2020-03-01 15:15:00,-0.26067844351183567
2020-03-01 15:18:00,-0.2080064731831044
2020-03-01 15:21:00,-0.17298318355398123
2020-03-01 15:24:00,-0.15881994704432145
2020-03-01 15:27:00,-0.2542275744552285
2020-03-01 15:30:00,-0.2530956280275518
2020-03-01 15:33:00,-0.16677407583807735
2020-03-01 15:36:00,-0.10381302686761273
2020-03-01 15:39:00,-0.14854266141804828
2020-03-01 15:42:00,-0.06846644615512787
2020-03-01 15:45:00,-0.1348363570738229
2020-03-01 15:48:00,-0.11429333666961838
2020-03-01 15:51:00,-0.13227522625032861
2020-03-01 15:54:00,-0.10974722431836881
2020-03-01 15:57:00,-0.13923426724625187
2020-03-01 16:00:00,-0.24546373982047953
2020-03-01 16:03:00,-0.20979197274385797
2020-03-01 16:06:00,-0.1157231703036814
2020-03-01 16:09:00,-0.10748348081790482
2020-03-01 16:12:00,-0.11293582488571019
2020-03-01 16:15:00,-0.16863133104260442
2020-03-01 16:18:00,-0.18460912187060785
2020-03-01 16:21:00,-0.15707904406548323
2020-03-01 16:24:00,-0.12234479286985334
2020-03-01 16:27:00,-0.025689951032063618
2020-03-01 16:30:00,-0.10497118833472996
2020-03-01 16:33:00,-0.1321145212106103
2020-03-01 16:36:00,-0.23129526168821712
2020-03-01 16:39:00,-0.2881031868522541
2020-03-01 16:42:00,-0.42292628615001604
2020-03-01 16:45:00,-0.2964428483304573
2020-03-01 16:48:00,-0.31223424779022935
2020-03-01 16:51:00,-0.27648083070999974
2020-03-01 16:54:00,-0.251404339601379
2020-03-01 16:57:00,-0.20973144101759544
2020-03-01 17:00:00,-0.3000532496384949
2020-03-01 17:03:00,-0.1872871139676704
2020-03-01 17:06:00,-0.23181966207823734
2020-03-01 17:09:00,-0.27484328676564473
2020-03-01 17:12:00,-0.16893957773157808
2020-03-01 17:15:00,-0.17884304653728123
2020-03-01 17:18:00,-0.12404215503744354
2020-03-01 17:21:00,-0.16583549256807828
2020-03-01 17:24:00,-0.18952947608602244
2020-03-01 17:27:00,-0.11425777902030632
2020-03-01 17:30:00,-0.15500007264489568
2020-03-01 17:33:00,-0.1923309511471416
2020-03-01 17:36:00,-0.16200182117364648
2020-03-01 17:39:00,-0.08000922003049027
2020-03-01 17:42:00,-0.13103544563023206
2020-03-01 17:45:00,-0.09839488689260634
2020-03-01 17:48:00,-0.125052002118764
2020-03-01 17:51:00,-0.06426944437009752
2020-03-01 17:54:00,-0.1340115959901027
2020-03-01 17:57:00,-0.11135653248385324
2020-03-01 18:00:00,-0.1457091100251091
2020-03-01 18:03:00,-0.20307067610360718
2020-03-01 18:06:00,-0.13996892880112455
2020-03-01 18:09:00,-0.10487963529044464
2020-03-01 18:12:00,-0.09398169411815616
2020-03-01 18:15:00,-0.10723195113291695
2020-03-01 18:18:00,-0.09211029348330158
2020-03-01 18:21:00,-0.08519182696198868
2020-03-01 18:24:00,-0.06753548362297579
2020-03-01 18:27:00,-0.08117243236318927
2020-03-01 18:30:00,-0.011233945782976207
2020-03-01 18:33:00,-0.13223442451322853
2020-03-01 18:36:00,-0.062024954968137536
2020-03-01 18:39:00,-0.15750420073140958
2020-03-01 18:42:00,-0.13606441487934262
2020-03-01 18:45:00,-0.11123210467127365
2020-03-01 18:48:00,-0.003919349052921461
2020-03-01 18:51:00,-0.06924973876198237
2020-03-01 18:54:00,
2020-03-01 18:57:00,
2020-03-01 19:00:00,
2020-03-01 19:03:00,-0.11354863371639112
2020-03-01 19:06:00,-0.10765505688669919
2020-03-01 19:09:00,-0.03269292484429798
2020-03-01 19:12:00,-0.08867303503006951
2020-03-01 19:15:00,0.079491852432227
2020-03-01 19:18:00,-0.06817606198399062
2020-03-01 19:21:00,-0.16522927156745482
2020-03-01 19:24:00,0.0327217929381618
2020-03-01 19:27:00,0.058729249205384804
2020-03-01 19:30:00,0.08201473359980582
2020-03-01 19:33:00,0.013191771485992376
2020-03-01 19:36:00,0.008077811187206407
2020-03-01 19:39:00,-0.030401889064876286
2020-03-01 19:42:00,0.07645249389014452
2020-03-01 19:45:00,0.03705919243236622
2020-03-01 19:48:00,0.02738243504188631
2020-03-01 19:51:00,0.08201846738035101
2020-03-01 19:54:00,0.052957406815664854
2020-03-01 19:57:00,0.03072058865609506
2020-03-01 20:00:00,0.07522033888250235
2020-03-01 20:03:00,-0.0396741188036458
2020-03-01 20:06:00,0.04833399743250766
2020-03-01 20:09:00,0.06544161774047552
2020-03-01 20:12:00,0.0634095875855678
2020-03-01 20:15:00,0.012928533546585186
2020-03-01 20:18:00,0.10242182990651827
2020-03-01 20:21:00,0.10971853949052957
2020-03-01 20:24:00,0.08500137096552862
2020-03-01 20:27:00,0.10752376950705411
2020-03-01 20:30:00,0.017174897998074812
2020-03-01 20:33:00,0.01213029821303735
2020-03-01 20:36:00,0.05444500706983035
2020-03-01 20:39:00,-0.08241263993448911
2020-03-01 20:42:00,0.030283585650408895
2020-03-01 20:45:00,0.14119613864386338
2020-03-01 20:48:00,0.11148357106031881
2020-03-01 20:51:00,0.005341804075328582
2020-03-01 20:54:00,0.15586975765359057
2020-03-01 20:57:00,0.20290729031057708
2020-03-01 21:00:00,0.09389830605186944
2020-03-01 21:03:00,0.06477654260362442
2020-03-01 21:06:00,0.15043902847492063
2020-03-01 21:09:00,0.00032481770142567257
2020-03-01 21:12:00,0.09665284885005576
2020-03-01 21:15:00,0.0683363587386907
2020-03-01 21:18:00,0.13306631508237388
2020-03-01 21:21:00,0.036120446362645
2020-03-01 21:24:00,0.025564935114232412
2020-03-01 21:27:00,0.026868886460476915
2020-03-01 21:30:00,0.14167797301013252
2020-03-01 21:33:00,0.059608789867809264
2020-03-01 21:36:00,0.13171781219381273
2020-03-01 21:39:00,0.07278539761131242
2020-03-01 21:42:00,0.13926250271219942
2020-03-01 21:45:00,0.0760731792706224
2020-03-01 21:48:00,0.16718375528557772
2020-03-01 21:51:00,0.15493315641487015
2020-03-01 21:54:00,0.10177674594604014
2020-03-01 21:57:00,0.08393940321820992
2020-03-01 22:00:00,0.07030356090143641
2020-03-01 22:03:00,0.19745124749471188
2020-03-01 22:06:00,0.14657406974652076
2020-03-01 22:09:00,0.1468473066394722
2020-03-01 22:12:00,0.17680467330251304
2020-03-01 22:15:00,0.22595761011240256
2020-03-01 22:18:00,0.22549525652561897
2020-03-01 22:21:00,0.13443208837770726
2020-03-01 22:24:00,0.1995038118614616
2020-03-01 22:27:00,0.20413079225886577
2020-03-01 22:30:00,0.21960297754907288
2020-03-01 22:33:00,0.17337586399816018
2020-03-01 22:36:00,0.14418458336143658
2020-03-01 22:39:00,0.15432397852441682
2020-03-01 22:42:00,0.2176060295687421
2020-03-01 22:45:00,0.1878420503286975
2020-03-01 22:48:00,0.1152569625278943
2020-03-01 22:51:00,0.10732543205989487
2020-03-01 22:54:00,0.14677097677378015
2020-03-01 22:57:00,0.05890209611300179
2020-03-01 23:00:00,0.0676716867398568
2020-03-01 23:03:00,0.07584451548922289
2020-03-01 23:06:00,0.11609021217844884
2020-03-01 23:09:00,0.19703065627476235
2020-03-01 23:12:00,0.18338211166479823
2020-03-01 23:15:00,0.06105410883424156
2020-03-01 23:18:00,0.15264033936153965
2020-03-01 23:21:00,0.0203953254293765
2020-03-01 23:24:00,0.14723822982142565
2020-03-01 23:27:00,0.1493412936729328
2020-03-01 23:30:00,0.15274172235751848
2020-03-01 23:33:00,0.19175413832277854
2020-03-01 23:36:00,0.1313548764177881
2020-03-01 23:39:00,0.14090246985483645
2020-03-01 23:42:00,0.2263979385306243
2020-03-01 23:45:00,0.2044929625513987
2020-03-01 23:48:00,0.07565377160761955
2020-03-01 23:51:00,0.13484999181366675
2020-03-01 23:54:00,0.1697169916594703
2020-03-01 23:57:00,0.1687841074378298
2020-03-02 00:00:00,0.19611050488975934
2020-03-02 00:03:00,0.15923436491635812
2020-03-02 00:06:00,0.17790456960426582
2020-03-02 00:09:00,0.21156295133522462
2020-03-02 00:12:00,0.19369337512262064
2020-03-02 00:15:00,0.15079855599935854
2020-03-02 00:18:00,0.19597614976441946
2020-03-02 00:21:00,0.17659954592141958
2020-03-02 00:24:00,0.2537577413616532
2020-03-02 00:27:00,0.20953428278238562
2020-03-02 00:30:00,0.18200026584975149
2020-03-02 00:33:00,0.15850198052464748
2020-03-02 00:36:00,0.3213158468969368
2020-03-02 00:39:00,0.3577307416848612
2020-03-02 00:42:00,0.2621722238165489
2020-03-02 00:45:00,0.261149229180603
2020-03-02 00:48:00,0.3129741123475469
2020-03-02 00:51:00,0.2122339199672183
2020-03-02 00:54:00,0.31462438184229313
2020-03-02 00:57:00,0.18552748341630831
2020-03-02 01:00:00,0.18760825033768924
2020-03-02 01:03:00,0.2654105135848681
2020-03-02 01:06:00,0.2711265495223074
2020-03-02 01:09:00,0.2064837411774647
2020-03-02 01:12:00,0.22246437869461033
2020-03-02 01:15:00,0.19493055059314202
2020-03-02 01:18:00,0.20134185479219013
2020-03-02 01:21:00,0.2430488995298674
2020-03-02 01:24:00,0.19265894701516117
2020-03-02 01:27:00,0.22095748842787089
2020-03-02 01:30:00,0.22301902227246728
2020-03-02 01:33:00,0.15419002372038904
2020-03-02 01:36:00,0.2563396668257383
2020-03-02 01:39:00,0.2859497138325082
2020-03-02 01:42:00,0.2016713219584858
2020-03-02 01:45:00,0.15801375798821482
2020-03-02 01:48:00,0.2894141123109648
2020-03-02 01:51:00,0.22514417312748947
2020-03-02 01:54:00,0.1786410555088196
2020-03-02 01:57:00,0.3462629968307738
2020-03-02 02:00:00,0.158119394811024
2020-03-02 02:03:00,0.18704225082677794
2020-03-02 02:06:00,0.3216490356656436
2020-03-02 02:09:00,0.26454975807672554
2020-03-02 02:12:00,0.2659094892688927
2020-03-02 02:15:00,0.2258938908060486
2020-03-02 02:18:00,0.24561865468342603
2020-03-02 02:21:00,0.29724958950475866
2020-03-02 02:24:00,0.21702469233633792
2020-03-02 02:27:00,0.2569914941821594
2020-03-02 02:30:00,0.25904068691318116
2020-03-02 02:33:00,0.262102668034629
2020-03-02 02:36:00,0.2289787720244476
2020-03-02 02:39:00,0.426618116404029
2020-03-02 02:42:00,0.2846703235341579
2020-03-02 02:45:00,0.3410854937978911
2020-03-02 02:48:00,0.3036987016244552
2020-03-02 02:51:00,0.30977311224353343
2020-03-02 02:54:00,0.31105961847231356
2020-03-02 02:57:00,0.327612971834526
2020-03-02 03:00:00,0.3106510570847263
2020-03-02 03:03:00,0.263631002999432
2020-03-02 03:06:00,0.2810628277581486
2020-03-02 03:09:00,0.2350151775809195
2020-03-02 03:12:00,0.24978882885642406
2020-03-02 03:15:00,0.22766923309671938
2020-03-02 03:18:00,0.3072383054562806
2020-03-02 03:21:00,0.25214939178073337
2020-03-02 03:24:00,0.3448288026485784
2020-03-02 03:27:00,0.2958460779940424
2020-03-02 03:30:00,0.3023539508615727
2020-03-02 03:33:00,0.30662184184882335
2020-03-02 03:36:00,0.3026953535608641
2020-03-02 03:39:00,0.257528350384689
2020-03-02 03:42:00,0.2562820229541103
2020-03-02 03:45:00,0.39134084490217447
2020-03-02 03:48:00,0.2849236390158012
2020-03-02 03:51:00,0.35771608300740354
2020-03-02 03:54:00,0.4451785821382259
2020-03-02 03:57:00,0.2727914692856075
2020-03-02 04:00:00,0.2838934896025762
2020-03-02 04:03:00,0.31355198637157855
2020-03-02 04:06:00,0.3692176190927512
2020-03-02 04:09:00,0.32543644623223145
2020-03-02 04:12:00,0.35048899604271355
2020-03-02 04:15:00,0.3483460328936303
2020-03-02 04:18:00,0.3865376683177715
2020-03-02 04:21:00,0.35236967343257675
2020-03-02 04:24:00,0.39843236384496095
2020-03-02 04:27:00,0.44917752269304856
2020-03-02 04:30:00,0.3660977840830242
2020-03-02 04:33:00,0.3841615534047378
2020-03-02 04:36:00,0.3956739149717805
2020-03-02 04:39:00,0.28342335587319667
2020-03-02 04:42:00,0.28663768042264337
2020-03-02 04:45:00,0.320954102840858
2020-03-02 04:48:00,0.3283891742777314
2020-03-02 04:51:00,0.3815723209231692
2020-03-02 04:54:00,0.2963044842499585
2020-03-02 04:57:00,0.37745878069017635
2020-03-02 05:00:00,0.4476283229539604
2020-03-02 05:03:00,0.3613870274207329
2020-03-02 05:06:00,0.41400725779618597
2020-03-02 05:09:00,0.3770955695596854
2020-03-02 05:12:00,0.3106159510096518
2020-03-02 05:15:00,0.4708909494678437
2020-03-02 05:18:00,0.4343436182529672
2020-03-02 05:21:00,0.3090412919905816
2020-03-02 05:24:00,0.38125233852133533
2020-03-02 05:27:00,0.34816725206945875
2020-03-02 05:30:00,0.33379703821287876
2020-03-02 05:33:00,0.42450403442177276
2020-03-02 05:36:00,0.3976437833371733
2020-03-02 05:39:00,0.36636719368362947
2020-03-02 05:42:00,0.43411943996238733
2020-03-02 05:45:00,0.4179514443194421
2020-03-02 05:48:00,0.35877858280213104
2020-03-02 05:51:00,0.4380446038604191
2020-03-02 05:54:00,0.37086482228289697
2020-03-02 05:57:00,0.41995719679459853
2020-03-02 06:00:00,0.34125679594541225
2020-03-02 06:03:00,0.38261403026967855
2020-03-02 06:06:00,0.3266447387337621
2020-03-02 06:09:00,0.44751883338676635
2020-03-02 06:12:00,0.349412114083691
2020-03-02 06:15:00,0.3411992066093603
2020-03-02 06:18:00,0.416087301558548
2020-03-02 06:21:00,0.3819621664605961
2020-03-02 06:24:00,0.31839661833129185
2020-03-02 06:27:00,0.38092683230917146
2020-03-02 06:30:00,0.38366472883558345
2020-03-02 06:33:00,0.3452635031004547
2020-03-02 06:36:00,0.3711936567659109
2020-03-02 06:39:00,0.31831093680739286
2020-03-02 06:42:00,0.40313823031692664
2020-03-02 06:45:00,0.3051383563853278
2020-03-02 06:48:00,0.36495640314751654
2020-03-02 06:51:00,0.25227577160040937
2020-03-02 06:54:00,0.37363333384462294
2020-03-02 06:57:00,0.3920187027212023
2020-03-02 07:00:00,0.3786688614981699
2020-03-02 07:03:00,0.3734106425600885
2020-03-02 07:06:00,0.36931988879234723
2020-03-02 07:09:00,0.2758173884512871
2020-03-02 07:12:00,0.30936824676263086
2020-03-02 07:15:00,0.3615494598122382
2020-03-02 07:18:00,0.24434499309563762
2020-03-02 07:21:00,0.33238631789413375
2020-03-02 07:24:00,0.27947747988008587
2020-03-02 07:27:00,0.25492312004428186
2020-03-02 07:30:00,0.34091985898004395
2020-03-02 07:33:00,0.2613741479877376
2020-03-02 07:36:00,0.24573420396296797
2020-03-02 07:39:00,0.2646151716479608
2020-03-02 07:42:00,0.21300538717162
2020-03-02 07:45:00,0.26203386958786723
2020-03-02 07:48:00,0.34968095298251
2020-03-02 07:51:00,0.22140310557711018
2020-03-02 07:54:00,0.2606496164265195
2020-03-02 07:57:00,0.28627355471155624
2020-03-02 08:00:00,0.2695956092406959
2020-03-02 08:03:00,0.20966734222520245
2020-03-02 08:06:00,0.22834291932190354
2020-03-02 08:09:00,0.2707237644669931
2020-03-02 08:12:00,0.20214804834557754
2020-03-02 08:15:00,0.2568882657387235
2020-03-02 08:18:00,0.257556352719746
2020-03-02 08:21:00,0.27869208963085157
2020-03-02 08:24:00,0.24134694167855741
2020-03-02 08:27:00,0.2856736431598961
2020-03-02 08:30:00,0.349594140013437
2020-03-02 08:33:00,0.19212427890573736
2020-03-02 08:36:00,0.28104081246141277
2020-03-02 08:39:00,0.27220780062691574
2020-03-02 08:42:00,0.29240076458756903
2020-03-02 08:45:00,0.1877278396700035
2020-03-02 08:48:00,0.2964312183765969
2020-03-02 08:51:00,0.1433012216287466
2020-03-02 08:54:00,0.28814012736302175
2020-03-02 08:57:00,0.2288756433623007
2020-03-02 09:00:00,0.23227484934938047
2020-03-02 09:03:00,0.2831097414861574
2020-03-02 09:06:00,0.22420855804620032
2020-03-02 09:09:00,0.20276654517181214
2020-03-02 09:12:00,0.19726810534717742
2020-03-02 09:15:00,0.23007101093276106
2020-03-02 09:18:00,0.19646140655805766
2020-03-02 09:21:00,0.18586583948228963
2020-03-02 09:24:00,0.18234296139775097
2020-03-02 09:27:00,0.187138635736801
2020-03-02 09:30:00,0.13617024352669205
2020-03-02 09:33:00,0.2172801097450474
2020-03-02 09:36:00,0.19692143443040777
2020-03-02 09:39:00,0.17889877232897788
2020-03-02 09:42:00,0.25240520940690203
2020-03-02 09:45:00,0.06291946100020596
2020-03-02 09:48:00,0.29696788170844
2020-03-02 09:51:00,0.1487316561349985
2020-03-02 09:54:00,0.19451478153706603
2020-03-02 09:57:00,0.14934403156632925
2020-03-02 10:00:00,0.2361075268646573
2020-03-02 10:03:00,0.1279721193182013
2020-03-02 10:06:00,0.11844414395903868
2020-03-02 10:09:00,0.15251991513918028
2020-03-02 10:12:00,0.12569923107588465
2020-03-02 10:15:00,0.1654359858162593
2020-03-02 10:18:00,0.18692768842942087
2020-03-02 10:21:00,0.11365755894269114
2020-03-02 10:24:00,0.14737475554653656
2020-03-02 10:27:00,0.14168842948561178
2020-03-02 10:30:00,0.17186553920112146
2020-03-02 10:33:00,0.1602371226221635
2020-03-02 10:36:00,0.14744245512184762
2020-03-02 10:39:00,0.03622893983362019
2020-03-02 10:42:00,0.22299666154106035
2020-03-02 10:45:00,0.12772480197099867
2020-03-02 10:48:00,0.15734940086105098
2020-03-02 10:51:00,0.09154496992243821
2020-03-02 10:54:00,0.13533444456038524
2020-03-02 10:57:00,0.22879129364599748
2020-03-02 11:00:00,0.09944675434405781
2020-03-02 11:03:00,0.21951854948940763
2020-03-02 11:06:00,0.06692095728482172
2020-03-02 11:09:00,0.12612898682920104
2020-03-02 11:12:00,0.0165211192318111
2020-03-02 11:15:00,0.05778211278885692
2020-03-02 11:18:00,0.002372910340056933
2020-03-02 11:21:00,0.09870234748080975
2020-03-02 11:24:00,-0.12463968572922113
2020-03-02 11:27:00,-0.1307399689851536
2020-03-02 11:30:00,-0.012909711815439096
2020-03-02 11:33:00,-0.11589034536427789
2020-03-02 11:36:00,-0.08641919561927125
2020-03-02 11:39:00,-0.1348235955904329
2020-03-02 11:42:00,-0.09399223932422274
2020-03-02 11:45:00,-0.12524991795447704
2020-03-02 11:48:00,-0.08191691921444999
2020-03-02 11:51:00,-0.08288000104613502
2020-03-02 11:54:00,-0.02652208322382421
2020-03-02 11:57:00,-0.07583379442638716
2020-03-02 12:00:00,0.01954799689349329
2020-03-02 12:03:00,-0.0626752869189886
2020-03-02 12:06:00,-0.10496064171792341
2020-03-02 12:09:00,0.06864913444962895
2020-03-02 12:12:00,0.05817384880708687
2020-03-02 12:15:00,0.0095702775640234
2020-03-02 12:18:00,0.05266153490754277
2020-03-02 12:21:00,-0.059567430522349696
2020-03-02 12:24:00,-0.030380588572313627
2020-03-02 12:27:00,-0.07137074368461072
2020-03-02 12:30:00,0.0007317634174341947
2020-03-02 12:33:00,-0.1175323252229532
2020-03-02 12:36:00,-0.10280255543608519
2020-03-02 12:39:00,-0.12033311979229211
2020-03-02 12:42:00,0.0017612530975270602
2020-03-02 12:45:00,-0.01485678510920252
2020-03-02 12:48:00,-0.05634842516712979
2020-03-02 12:51:00,0.0218680208726596
2020-03-02 12:54:00,-0.0337520157007134
2020-03-02 12:57:00,0.06595293290860127
2020-03-02 13:00:00,-0.02326056635826035
2020-03-02 13:03:00,-0.13306223039000997
2020-03-02 13:06:00,-0.07982875426108649
2020-03-02 13:09:00,-0.17022252601066157
2020-03-02 13:12:00,-0.22929979388061383
2020-03-02 13:15:00,-0.0487771204345222
2020-03-02 13:18:00,-0.1673941308648068
2020-03-02 13:21:00,-0.06665261703102487
2020-03-02 13:24:00,-0.1716427220458172
2020-03-02 13:27:00,-0.13778447062662735
2020-03-02 13:30:00,-0.17429442488906943
2020-03-02 13:33:00,-0.18502092424404282
2020-03-02 13:36:00,-0.1843127140298293
2020-03-02 13:39:00,-0.13917405589364762
2020-03-02 13:42:00,-0.23848620970375123
2020-03-02 13:45:00,-0.18625726768846107
2020-03-02 13:48:00,-0.26170600519236586
2020-03-02 13:51:00,-0.22761654713872304
2020-03-02 13:54:00,-0.2678901077288742
2020-03-02 13:57:00,-0.24486386936416693
2020-03-02 14:00:00,-0.2364863469873626
2020-03-02 14:03:00,-0.2730815293374462
2020-03-02 14:06:00,-0.2463514439220944
2020-03-02 14:09:00,-0.31939235866599347
2020-03-02 14:12:00,-0.21973744794615868
2020-03-02 14:15:00,-0.28386828313364276
2020-03-02 14:18:00,-0.26189468194525034
2020-03-02 14:21:00,-0.2050631351897323
2020-03-02 14:24:00,-0.25447020387343855
2020-03-02 14:27:00,-0.1920526288403721
2020-03-02 14:30:00,-0.33851999126517285
2020-03-02 14:33:00,-0.21797173470770304
2020-03-02 14:36:00,-0.26166462103157073
2020-03-02 14:39:00,-0.2987903480241698
2020-03-02 14:42:00,-0.32753928319249326
2020-03-02 14:45:00,-0.2599469915741679
2020-03-02 14:48:00,-0.2577660646186928
2020-03-02 14:51:00,-0.2647517127125525
2020-03-02 14:54:00,-0.3314805037095425
2020-03-02 14:57:00,-0.3070078795281006
2020-03-02 15:00:00,-0.3298528559034253
2020-03-02 15:03:00,-0.38471543182117784
2020-03-02 15:06:00,-0.38447462901382323
2020-03-02 15:09:00,-0.3438593490361086
2020-03-02 15:12:00,-0.36824501489820705
2020-03-02 15:15:00,-0.3146674623798731
2020-03-02 15:18:00,-0.33789944089414803
2020-03-02 15:21:00,-0.33988276813897755
2020-03-02 15:24:00,-0.30542693097322626
2020-03-02 15:27:00,-0.36833387257638606
2020-03-02 15:30:00,-0.3016957152593136
2020-03-02 15:33:00,-0.32064343051632704
2020-03-02 15:36:00,-0.42337707734759533
2020-03-02 15:39:00,-0.4369923958199138
2020-03-02 15:42:00,-0.41988298453503603
2020-03-02 15:45:00,-0.4384197271049288
2020-03-02 15:48:00,-0.3948106565242142
2020-03-02 15:51:00,-0.49228215805823083
2020-03-02 15:54:00,-0.3416333552654578
2020-03-02 15:57:00,-0.43932248951011843
2020-03-02 16:00:00,-0.3752164251567365
2020-03-02 16:03:00,-0.46701333780379173
2020-03-02 16:06:00,-0.3068219020233869
2020-03-02 16:09:00,-0.24383151762975785
2020-03-02 16:12:00,-0.4232353087505203
2020-03-02 16:15:00,-0.3239781628366245
2020-03-02 16:18:00,-0.3182758494969562
2020-03-02 16:21:00,-0.44011338959882096
2020-03-02 16:24:00,-0.4150529809488148
2020-03-02 16:27:00,-0.33150969197208724
2020-03-02 16:30:00,-0.3785779204404207
2020-03-02 16:33:00,-0.28676561088138897
2020-03-02 16:36:00,-0.3139951383325865
2020-03-02 16:39:00,-0.3808427496500144
2020-03-02 16:42:00,-0.43883713420297
2020-03-02 16:45:00,-0.37118349423349173
2020-03-02 16:48:00,-0.4241409587630187
2020-03-02 16:51:00,-0.270263316721298
2020-03-02 16:54:00,-0.3256981352976709
2020-03-02 16:57:00,-0.3718661672435246
2020-03-02 17:00:00,-0.31305630020142416
2020-03-02 17:03:00,-0.3902171393480671
2020-03-02 17:06:00,-0.32043185019904286
2020-03-02 17:09:00,-0.29382081128670734
2020-03-02 17:12:00,-0.3736474891895796
2020-03-02 17:15:00,-0.27353657315347846
2020-03-02 17:18:00,-0.4282724683489505
2020-03-02 17:21:00,-0.329842310110962
2020-03-02 17:24:00,-0.3600227649803287
2020-03-02 17:27:00,-0.3769119950350728
2020-03-02 17:30:00,-0.3307523077594965
2020-03-02 17:33:00,-0.24357928984693444
2020-03-02 17:36:00,-0.31291367935358494
2020-03-02 17:39:00,-0.26091062699191525
2020-03-02 17:42:00,-0.35734915972921044
2020-03-02 17:45:00,-0.3093713580653912
2020-03-02 17:48:00,-0.32497550200434944
2020-03-02 17:51:00,-0.2938546567692697
2020-03-02 17:54:00,-0.2349609298469204
2020-03-02 17:57:00,-0.23023901125895918
2020-03-02 18:00:00,-0.35169113259780715
2020-03-02 18:03:00,-0.31299221809956634
2020-03-02 18:06:00,-0.27914444675093364
2020-03-02 18:09:00,-0.1547782689249857
2020-03-02 18:12:00,-0.25279062260551655
2020-03-02 18:15:00,-0.1594682597361725
2020-03-02 18:18:00,-0.1628410523400703
2020-03-02 18:21:00,-0.1409290670545147
2020-03-02 18:24:00,-0.22944908687151155
2020-03-02 18:27:00,-0.14626475748644907
2020-03-02 18:30:00,-0.057185261937718224
2020-03-02 18:33:00,-0.09947893199222335
2020-03-02 18:36:00,-0.1669218552805205
2020-03-02 18:39:00,-0.09317766844520747
2020-03-02 18:42:00,-0.059974927624125485
2020-03-02 18:45:00,-0.07943497967596613
2020-03-02 18:48:00,-0.09388992249756711
2020-03-02 18:51:00,-0.07391590013895666
2020-03-02 18:54:00,
2020-03-02 18:57:00,
2020-03-02 19:00:00,
2020-03-02 19:03:00,-0.007994966425997063
2020-03-02 19:06:00,-0.0563736944823745
2020-03-02 19:09:00,-0.1067706432533555
2020-03-02 19:12:00,0.05816482026233416
2020-03-02 19:15:00,-0.0298531681992813
2020-03-02 19:18:00,0.10019030711094956
2020-03-02 19:21:00,-0.00447086145237563
2020-03-02 19:24:00,0.04198026888570894
2020-03-02 19:27:00,-0.002756888384510603
2020-03-02 19:30:00,-0.007292184206107777
2020-03-02 19:33:00,0.002296666871814068
2020-03-02 19:36:00,0.05231374426631419
2020-03-02 19:39:00,0.052884012655852075
2020-03-02 19:42:00,0.14742100053086915
2020-03-02 19:45:00,0.13764833625015171
2020-03-02 19:48:00,0.22128057827166003
2020-03-02 19:51:00,0.03862882888671493
2020-03-02 19:54:00,0.10363513518194623
2020-03-02 19:57:00,0.15009045708524127
2020-03-02 20:00:00,0.10117175626993458
2020-03-02 20:03:00,0.20498253880526818
2020-03-02 20:06:00,0.17260094437227735
2020-03-02 20:09:00,0.0719672599925616
2020-03-02 20:12:00,0.1681501591683059
2020-03-02 20:15:00,0.2313003180121882
2020-03-02 20:18:00,0.12136700916215659
2020-03-02 20:21:00,0.23651179348257756
2020-03-02 20:24:00,0.17265219204938376
2020-03-02 20:27:00,0.0839691643653282
2020-03-02 20:30:00,0.053584003415778625
2020-03-02 20:33:00,0.05453134148501704
2020-03-02 20:36:00,0.17242739140192498
2020-03-02 20:39:00,0.10588673668678439
2020-03-02 20:42:00,0.0649082848090643
2020-03-02 20:45:00,0.07460602727604737
2020-03-02 20:48:00,0.13291733939985306
2020-03-02 20:51:00,0.133989135694776
2020-03-02 20:54:00,0.059370483140696706
2020-03-02 20:57:00,0.11090796152200255
2020-03-02 21:00:00,0.11867213551238365
2020-03-02 21:03:00,0.15198135918126354
2020-03-02 21:06:00,0.1884797787550383
2020-03-02 21:09:00,0.14075580063536108
2020-03-02 21:12:00,0.18800122160763522
2020-03-02 21:15:00,0.3317886655531197
2020-03-02 21:18:00,0.24409639546638573
2020-03-02 21:21:00,0.1933945522523004
2020-03-02 21:24:00,0.05265193414794567
2020-03-02 21:27:00,0.13095214581983328
2020-03-02 21:30:00,0.16272404552785247
2020-03-02 21:33:00,0.23493401787567336
2020-03-02 21:36:00,0.24024677754044887
2020-03-02 21:39:00,0.21199545256621377
2020-03-02 21:42:00,0.17623478056748354
2020-03-02 21:45:00,0.09908975872565406
2020-03-02 21:48:00,0.26710951931545424
2020-03-02 21:51:00,0.242022909218349
2020-03-02 21:54:00,0.25501786164250007
2020-03-02 21:57:00,0.23661138225162404
2020-03-02 22:00:00,0.18657313570719225
2020-03-02 22:03:00,0.21013945365189102
2020-03-02 22:06:00,0.26991909009655046
2020-03-02 22:09:00,0.2879728337131269
2020-03-02 22:12:00,0.26737934268408026
2020-03-02 22:15:00,0.20941061392966276
2020-03-02 22:18:00,0.16047036516999924
2020-03-02 22:21:00,0.17977061578403664
2020-03-02 22:24:00,0.18981535342817324
2020-03-02 22:27:00,0.2724551616825579
2020-03-02 22:30:00,0.25691444119291873
2020-03-02 22:33:00,0.22998669305644626
2020-03-02 22:36:00,0.29080924152367515
2020-03-02 22:39:00,0.18608117711409022
2020-03-02 22:42:00,0.21121106517898625
2020-03-02 22:45:00,0.2536551882499225
2020-03-02 22:48:00,0.4182466456280167
2020-03-02 22:51:00,0.32484791227335563
2020-03-02 22:54:00,0.2894712072571224
2020-03-02 22:57:00,0.3121939792375201
2020-03-02 23:00:00,0.20697474721657727
2020-03-02 23:03:00,0.2841289259434916
2020-03-02 23:06:00,0.2717462448650849
2020-03-02 23:09:00,0.18898164201937107
2020-03-02 23:12:00,0.23165591634773364
2020-03-02 23:15:00,0.11918670875536463
2020-03-02 23:18:00,0.1440498487498303
2020-03-02 23:21:00,0.18903537398466597
2020-03-02 23:24:00,0.167007094472865
2020-03-02 23:27:00,0.14989495445769307
2020-03-02 23:30:00,0.16772842049857672
2020-03-02 23:33:00,0.22539946384029008
2020-03-02 23:36:00,0.10468789694851921
2020-03-02 23:39:00,0.18790053778764104
2020-03-02 23:42:00,0.3231146189949641
2020-03-02 23:45:00,0.28049416756562096
2020-03-02 23:48:00,0.18340778962709692
2020-03-02 23:51:00,0.2537412476931422
2020-03-02 23:54:00,0.30015469701038455
2020-03-02 23:57:00,0.2319387455571018
2020-03-03 00:00:00,0.2576318332881442
2020-03-03 00:03:00,0.23517984385671298
2020-03-03 00:06:00,0.21656248284227786
2020-03-03 00:09:00,0.2016182811923386
2020-03-03 00:12:00,0.17361286241720109
2020-03-03 00:15:00,0.24945050282411785
2020-03-03 00:18:00,0.22222094599823095
2020-03-03 00:21:00,0.1316254553885301
2020-03-03 00:24:00,0.29746768292022807
2020-03-03 00:27:00,0.24445024639015855
2020-03-03 00:30:00,0.3630969060616849
2020-03-03 00:33:00,0.23301494642731768
2020-03-03 00:36:00,0.27220975173838724
2020-03-03 00:39:00,0.2801628255551236
2020-03-03 00:42:00,0.29991015940430543
2020-03-03 00:45:00,0.17514436993815252
2020-03-03 00:48:00,0.27329471151449525
2020-03-03 00:51:00,0.2677063593335447
2020-03-03 00:54:00,0.24568933559748984
2020-03-03 00:57:00,0.33209434026701956
2020-03-03 01:00:00,0.2783306844732465
2020-03-03 01:03:00,0.23350368784230113
2020-03-03 01:06:00,0.24719365418900452
2020-03-03 01:09:00,0.22456172887007142
2020-03-03 01:12:00,0.22881989198293695
2020-03-03 01:15:00,0.35635619058587054
2020-03-03 01:18:00,0.24945263708849552
2020-03-03 01:21:00,0.2749971616827338
2020-03-03 01:24:00,0.20753438143003677
2020-03-03 01:27:00,0.24448756418536277
2020-03-03 01:30:00,0.3999135495833457
2020-03-03 01:33:00,0.24675269687844548
2020-03-03 01:36:00,0.34998017050446606
2020-03-03 01:39:00,0.3580736834581444
2020-03-03 01:42:00,0.26707704855942893
2020-03-03 01:45:00,0.3686275080561927
2020-03-03 01:48:00,0.44564027909763126
2020-03-03 01:51:00,0.3275283825663564
2020-03-03 01:54:00,0.3115879390861096
2020-03-03 01:57:00,0.2618779014507595
2020-03-03 02:00:00,0.15285580137896204
2020-03-03 02:03:00,0.23409701945848838
2020-03-03 02:06:00,0.24407202653344484
2020-03-03 02:09:00,0.16624547389324107
2020-03-03 02:12:00,0.17849071778198322
2020-03-03 02:15:00,0.22788058978113668
2020-03-03 02:18:00,0.26795728533579677
2020-03-03 02:21:00,0.21752595195567892
2020-03-03 02:24:00,0.17025436195325483
2020-03-03 02:27:00,0.2631335282539453
2020-03-03 02:30:00,0.20907221848926838
2020-03-03 02:33:00,0.23609721632101355
2020-03-03 02:36:00,0.23078734185986605
2020-03-03 02:39:00,0.24804601445413255
2020-03-03 02:42:00,0.22485183063781733
2020-03-03 02:45:00,0.3036114478034051
2020-03-03 02:48:00,0.21967454314352608
2020-03-03 02:51:00,0.3062430986207687
2020-03-03 02:54:00,0.4803154658335984
2020-03-03 02:57:00,0.5983969184808302
2020-03-03 03:00:00,0.4810747083649858
2020-03-03 03:03:00,0.33306476327908285
2020-03-03 03:06:00,0.3317156122755023
2020-03-03 03:09:00,0.3438654755353241
2020-03-03 03:12:00,0.24412787741499642
2020-03-03 03:15:00,0.3308394037168796
2020-03-03 03:18:00,0.252960423775221
2020-03-03 03:21:00,0.22196812896265783
2020-03-03 03:24:00,0.3096357623946915
2020-03-03 03:27:00,0.4020439427624751
2020-03-03 03:30:00,0.3775735458164604
2020-03-03 03:33:00,0.362321410210825
2020-03-03 03:36:00,0.32022110779104196
2020-03-03 03:39:00,0.3081609673502044
2020-03-03 03:42:00,0.3151756773178249
2020-03-03 03:45:00,0.3532482618652466
2020-03-03 03:48:00,0.3371427653617616
2020-03-03 03:51:00,0.2612242344309834
2020-03-03 03:54:00,0.2905786480424126
2020-03-03 03:57:00,0.23187038453727382
2020-03-03 04:00:00,0.26924225934061496
2020-03-03 04:03:00,0.27616211330609985
2020-03-03 04:06:00,0.23688669683883745
2020-03-03 04:09:00,0.24700587193080992
2020-03-03 04:12:00,0.24330327908808158
2020-03-03 04:15:00,0.21282350155883023
2020-03-03 04:18:00,0.37158485383775997
2020-03-03 04:21:00,0.252532646399402
2020-03-03 04:24:00,0.27556236974561443
2020-03-03 04:27:00,0.2886390952444913
2020-03-03 04:30:00,0.20136811609944516
2020-03-03 04:33:00,0.2656799063536823
2020-03-03 04:36:00,0.22200716786460362
2020-03-03 04:39:00,0.14580932167393712
2020-03-03 04:42:00,0.256942451916359
2020-03-03 04:45:00,0.2305932571735525
2020-03-03 04:48:00,0.21976984650046916
2020-03-03 04:51:00,0.21482671269609455
2020-03-03 04:54:00,0.25941112961334056
2020-03-03 04:57:00,0.2607587161263609
2020-03-03 05:00:00,0.1596494622132809
2020-03-03 05:03:00,0.179603477754938
2020-03-03 05:06:00,0.32894140464645716
2020-03-03 05:09:00,0.3245745790842989
2020-03-03 05:12:00,0.2284035132736335
2020-03-03 05:15:00,0.2590999366466349
2020-03-03 05:18:00,0.18263450891521416
2020-03-03 05:21:00,0.22250264625330374
2020-03-03 05:24:00,0.18553207385053838
2020-03-03 05:27:00,0.23149570262012276
2020-03-03 05:30:00,0.2612939786080801
2020-03-03 05:33:00,0.3298471560098619
2020-03-03 05:36:00,0.389940710756548
2020-03-03 05:39:00,0.33125534520598876
2020-03-03 05:42:00,0.3337628585640573
2020-03-03 05:45:00,0.35706138572231794
2020-03-03 05:48:00,0.36741973659661653
2020-03-03 05:51:00,0.37636098303806875
2020-03-03 05:54:00,0.30468837798451887
2020-03-03 05:57:00,0.2989581746892327
2020-03-03 06:00:00,0.2572562946241419
2020-03-03 06:03:00,0.21330489291159438
2020-03-03 06:06:00,0.24392054132272278
2020-03-03 06:09:00,0.30110796550985697
2020-03-03 06:12:00,0.2371226945101057
2020-03-03 06:15:00,0.26773519341332985
2020-03-03 06:18:00,0.2440412556161391
2020-03-03 06:21:00,0.31307139703534403
2020-03-03 06:24:00,0.261006311581923
2020-03-03 06:27:00,0.3016039360351215
2020-03-03 06:30:00,0.34914001372550274
2020-03-03 06:33:00,0.3286476395919635
2020-03-03 06:36:00,0.2983201239011919
2020-03-03 06:39:00,0.28988025244814253
2020-03-03 06:42:00,0.3626496006193065
2020-03-03 06:45:00,0.32963281154115975
2020-03-03 06:48:00,0.2960850296429385
2020-03-03 06:51:00,0.3200971086411073
2020-03-03 06:54:00,0.32308910141813385
2020-03-03 06:57:00,0.3666814760817374
2020-03-03 07:00:00,0.29831875638802785
2020-03-03 07:03:00,0.317043428416639
2020-03-03 07:06:00,0.3284269761779228
2020-03-03 07:09:00,0.3670953210181551
2020-03-03 07:12:00,0.3867086240291542
2020-03-03 07:15:00,0.3069651654048471
2020-03-03 07:18:00,0.3606265372818598
2020-03-03 07:21:00,0.3872970185021245
2020-03-03 07:24:00,0.35713767780009675
2020-03-03 07:27:00,0.31992219850604897
2020-03-03 07:30:00,0.4197460664827304
2020-03-03 07:33:00,0.3206138393901483
2020-03-03 07:36:00,0.3055962835791206
2020-03-03 07:39:00,0.3218573095551278
2020-03-03 07:42:00,0.3564945532324941
2020-03-03 07:45:00,0.37289958128855005
2020-03-03 07:48:00,0.2922592875889336
2020-03-03 07:51:00,0.32002246637790677
2020-03-03 07:54:00,0.26718764913931636
2020-03-03 07:57:00,0.2497120751997386
2020-03-03 08:00:00,0.3183325616543584
2020-03-03 08:03:00,0.2635997359650446
2020-03-03 08:06:00,0.3262273197642571
2020-03-03 08:09:00,0.23885372227238122
2020-03-03 08:12:00,0.22632527463690622
2020-03-03 08:15:00,0.30474455078621077
2020-03-03 08:18:00,0.28916493254638453
2020-03-03 08:21:00,0.2303598268620135
2020-03-03 08:24:00,0.18408822759363375
2020-03-03 08:27:00,0.25013291113680225
2020-03-03 08:30:00,0.23518804675018146
2020-03-03 08:33:00,0.1981121418668863
2020-03-03 08:36:00,0.08029103728949849
2020-03-03 08:39:00,0.24213762529200267
2020-03-03 08:42:00,0.17345102651830757
2020-03-03 08:45:00,0.14770849504697026
2020-03-03 08:48:00,0.16937447314234078
2020-03-03 08:51:00,0.15085661112641446
2020-03-03 08:54:00,0.16239327713452667
2020-03-03 08:57:00,0.09591595227590233
2020-03-03 09:00:00,0.16767648978947136
2020-03-03 09:03:00,0.1438557803714957
2020-03-03 09:06:00,0.12019242650831075
2020-03-03 09:09:00,0.15516076063369155
2020-03-03 09:12:00,0.12087968283555028
2020-03-03 09:15:00,0.15559977952068493
2020-03-03 09:18:00,0.14362063663753588
2020-03-03 09:21:00,0.12378197734255991
2020-03-03 09:24:00,0.07464723321459132
2020-03-03 09:27:00,0.039376707973417524
2020-03-03 09:30:00,-0.013292657471026814
2020-03-03 09:33:00,-0.03058093553335084
2020-03-03 09:36:00,0.0983754484190058
2020-03-03 09:39:00,0.03706018083636309
2020-03-03 09:42:00,-0.009983272404838317
2020-03-03 09:45:00,-0.034932404239555126
2020-03-03 09:48:00,0.03425027179036988
2020-03-03 09:51:00,0.03199724304437268
2020-03-03 09:54:00,0.017164139674605394
2020-03-03 09:57:00,-0.009386226357776195
2020-03-03 10:00:00,0.08001899072718288
2020-03-03 10:03:00,-0.0060987246273498386
2020-03-03 10:06:00,0.028816742670073836
2020-03-03 10:09:00,0.0010426056284131846
2020-03-03 10:12:00,0.10324666636944357
2020-03-03 10:15:00,0.0036644437660697804
2020-03-03 10:18:00,-0.05083541131898528
2020-03-03 10:21:00,-0.06524863694039595
2020-03-03 10:24:00,-0.022579632232520908
2020-03-03 10:27:00,-0.056406016235200696
2020-03-03 10:30:00,-0.01906674077815751
2020-03-03 10:33:00,0.06497241721820046
2020-03-03 10:36:00,-0.0959924852913332
2020-03-03 10:39:00,0.06187683452361625
2020-03-03 10:42:00,-0.058948851604384345
2020-03-03 10:45:00,-0.05250362495291938
2020-03-03 10:48:00,0.010900039388445748
2020-03-03 10:51:00,-0.09820465437815074
2020-03-03 10:54:00,-0.10147941165934071
2020-03-03 10:57:00,-0.11873822521334887
2020-03-03 11:00:00,-0.2205459345110512
2020-03-03 11:03:00,-0.11221906213205557
2020-03-03 11:06:00,-0.06405210785760573
2020-03-03 11:09:00,-0.031549470860284146
2020-03-03 11:12:00,-0.09251759493827194
2020-03-03 11:15:00,-0.1448916064591117
2020-03-03 11:18:00,-0.10154577264160025
2020-03-03 11:21:00,-0.04678825999928904
2020-03-03 11:24:00,-0.03630189158366193
2020-03-03 11:27:00,-0.1434536263783457
2020-03-03 11:30:00,-0.19169871200233501
2020-03-03 11:33:00,-0.020635050270641386
2020-03-03 11:36:00,-0.2100202000062268
2020-03-03 11:39:00,-0.1346706030407745
2020-03-03 11:42:00,-0.13288713784265838
2020-03-03 11:45:00,-0.18127287170182171
2020-03-03 11:48:00,-0.17942571852290712
2020-03-03 11:51:00,-0.17360293697009865
2020-03-03 11:54:00,-0.1654371642734418
2020-03-03 11:57:00,-0.2184099890608877
2020-03-03 12:00:00,-0.26395254870556073
2020-03-03 12:03:00,-0.24550988764127624
2020-03-03 12:06:00,-0.25339287391716425
2020-03-03 12:09:00,-0.16348364949635652
2020-03-03 12:12:00,-0.19265550611191884
2020-03-03 12:15:00,-0.11548614961259318
2020-03-03 12:18:00,-0.2780898109942882
2020-03-03 12:21:00,-0.14148470167287996
2020-03-03 12:24:00,-0.12168748466928037
2020-03-03 12:27:00,-0.08270266145939331
2020-03-03 12:30:00,-0.14351231468526748
2020-03-03 12:33:00,-0.14131391382039737
2020-03-03 12:36:00,-0.27891294534498456
2020-03-03 12:39:00,-0.19272250889872566
2020-03-03 12:42:00,-0.2628646681570217
2020-03-03 12:45:00,-0.23080857152848466
2020-03-03 12:48:00,-0.21868571526249525
2020-03-03 12:51:00,-0.18474574961322787
2020-03-03 12:54:00,-0.247387191932944
2020-03-03 12:57:00,-0.23133631608095584
2020-03-03 13:00:00,-0.3502922073616901
2020-03-03 13:03:00,-0.22660250161931117
2020-03-03 13:06:00,-0.210853600608516
2020-03-03 13:09:00,-0.2010460893213235
2020-03-03 13:12:00,-0.203385387424305
2020-03-03 13:15:00,-0.24798408028084395
2020-03-03 13:18:00,-0.230389026522289
2020-03-03 13:21:00,-0.19628161935895605
2020-03-03 13:24:00,-0.2347655566397293
2020-03-03 13:27:00,-0.2485155270998689
2020-03-03 13:30:00,-0.3091180923079264
2020-03-03 13:33:00,-0.16226997038671698
2020-03-03 13:36:00,-0.26586892840094833
2020-03-03 13:39:00,-0.31158317969840255
2020-03-03 13:42:00,-0.3980687783301846
2020-03-03 13:45:00,-0.2638140747060902
2020-03-03 13:48:00,-0.2567426939898496
2020-03-03 13:51:00,-0.32601920883496405
2020-03-03 13:54:00,-0.39705759943791463
2020-03-03 13:57:00,-0.24291867848438642
2020-03-03 14:00:00,-0.347011426443828
2020-03-03 14:03:00,-0.2490571585832413
2020-03-03 14:06:00,-0.11368865305024656
2020-03-03 14:09:00,-0.2298122087688057
2020-03-03 14:12:00,-0.18538164686850678
2020-03-03 14:15:00,-0.2474157666574115
2020-03-03 14:18:00,-0.21494775278188172
2020-03-03 14:21:00,-0.30137270556485873
2020-03-03 14:24:00,-0.31046709298692576
2020-03-03 14:27:00,-0.27211555587450675
2020-03-03 14:30:00,-0.3842772140505417
2020-03-03 14:33:00,-0.30504482247494025
2020-03-03 14:36:00,-0.3479321247308462
2020-03-03 14:39:00,-0.26628282047738594
2020-03-03 14:42:00,-0.2903142900649982
2020-03-03 14:45:00,-0.2886052230608698
2020-03-03 14:48:00,-0.2667350497118832
2020-03-03 14:51:00,-0.22993559448434553
2020-03-03 14:54:00,-0.22601557084186652
2020-03-03 14:57:00,-0.31167359531764305
2020-03-03 15:00:00,-0.2870554110501189
2020-03-03 15:03:00,-0.31793939953854533
2020-03-03 15:06:00,-0.22574634311985164
2020-03-03 15:09:00,-0.20216809991495666
2020-03-03 15:12:00,-0.20217520402485434
2020-03-03 15:15:00,-0.29663453112829075
2020-03-03 15:18:00,-0.33817576788885617
2020-03-03 15:21:00,-0.2685098128673644
2020-03-03 15:24:00,-0.2687206212405613
2020-03-03 15:27:00,-0.4343191017053414
2020-03-03 15:30:00,-0.3387190848902719
2020-03-03 15:33:00,-0.3047653847010565
2020-03-03 15:36:00,-0.2562197529487662
2020-03-03 15:39:00,-0.2368835102892035
2020-03-03 15:42:00,-0.3761515605584691
2020-03-03 15:45:00,-0.2935209250987896
2020-03-03 15:48:00,-0.1918545575385906
2020-03-03 15:51:00,-0.21155811665516921
2020-03-03 15:54:00,-0.21266267912278636
2020-03-03 15:57:00,-0.2111180389799756
2020-03-03 16:00:00,-0.1962040816333115
2020-03-03 16:03:00,-0.23532421891081867
2020-03-03 16:06:00,-0.2591680117614601
2020-03-03 16:09:00,-0.1292133346751143
2020-03-03 16:12:00,-0.21570333642512196
2020-03-03 16:15:00,-0.30194937844908054
2020-03-03 16:18:00,-0.23589084115729975
2020-03-03 16:21:00,-0.2556706476264594
2020-03-03 16:24:00,-0.2929481727694565
2020-03-03 16:27:00,-0.32135157280112026
2020-03-03 16:30:00,-0.26551153987901444
2020-03-03 16:33:00,-0.26072943381473124
2020-03-03 16:36:00,-0.28082624595327843
2020-03-03 16:39:00,-0.292737568771372
2020-03-03 16:42:00,-0.30035230251172607
2020-03-03 16:45:00,-0.18355738958723578
2020-03-03 16:48:00,-0.19053032776281498
2020-03-03 16:51:00,-0.17363866735752254
2020-03-03 16:54:00,-0.18139027428873078
2020-03-03 16:57:00,-0.05532900869042123
2020-03-03 17:00:00,-0.19121717671663419
2020-03-03 17:03:00,-0.13357373337271383
2020-03-03 17:06:00,-0.27356050149438715
2020-03-03 17:09:00,-0.21800588298322054
2020-03-03 17:12:00,-0.2815836685221029
2020-03-03 17:15:00,-0.3643652433446505
2020-03-03 17:18:00,-0.225627220746901
2020-03-03 17:21:00,-0.18782142268128155
2020-03-03 17:24:00,-0.09017844488693072
2020-03-03 17:27:00,-0.25723209473221686
2020-03-03 17:30:00,-0.12277862479214718
2020-03-03 17:33:00,-0.17613968032253524
2020-03-03 17:36:00,-0.17352587173428446
2020-03-03 17:39:00,-0.2104407124210752
2020-03-03 17:42:00,-0.11360169640073536
2020-03-03 17:45:00,-0.1628711717463034
2020-03-03 17:48:00,-0.25085561972758796
2020-03-03 17:51:00,-0.11342926966466393
2020-03-03 17:54:00,-0.13582030886959728
2020-03-03 17:57:00,-0.2537117367028259
2020-03-03 18:00:00,-0.04901642850092003
2020-03-03 18:03:00,-0.08312164241493747
2020-03-03 18:06:00,-0.09903078468647664
2020-03-03 18:09:00,-0.1656768802699844
2020-03-03 18:12:00,-0.1811862872403367
2020-03-03 18:15:00,-0.1310165175571001
2020-03-03 18:18:00,-0.027814539342330136
2020-03-03 18:21:00,-0.08455902963686412
2020-03-03 18:24:00,-0.06368555514399077
2020-03-03 18:27:00,-0.0683301896334001
2020-03-03 18:30:00,-0.0152955477803971
2020-03-03 18:33:00,-0.02020809110757682
2020-03-03 18:36:00,-0.02438040739104963
2020-03-03 18:39:00,-0.024560800791334714
2020-03-03 18:42:00,-0.02316519020001806
2020-03-03 18:45:00,0.04154603397142864
2020-03-03 18:48:00,0.10040804842634543
2020-03-03 18:51:00,0.07210605940821324
2020-03-03 18:54:00,
2020-03-03 18:57:00,
2020-03-03 19:00:00,
2020-03-03 19:03:00,0.04690158557957602
2020-03-03 19:06:00,0.10612670734428775
2020-03-03 19:09:00,0.03837231099964811
2020-03-03 19:12:00,0.058640981632663625
2020-03-03 19:15:00,0.08809638130418307
2020-03-03 19:18:00,-0.011291426929687987
2020-03-03 19:21:00,0.035089526618378386
2020-03-03 19:24:00,0.16534700749332387
2020-03-03 19:27:00,0.03980984632721629
2020-03-03 19:30:00,0.09569632091393032
2020-03-03 19:33:00,0.06360777354166203
2020-03-03 19:36:00,0.12255613202768245
2020-03-03 19:39:00,0.13990006680757006
2020-03-03 19:42:00,0.09389655312128298
2020-03-03 19:45:00,0.0687263653465493
2020-03-03 19:48:00,-0.04489525765961844
2020-03-03 19:51:00,0.041207430814552026
2020-03-03 19:54:00,0.09808997072985903
2020-03-03 19:57:00,0.018631418440236303
2020-03-03 20:00:00,0.0625961176722285
2020-03-03 20:03:00,0.10329007306683025
2020-03-03 20:06:00,0.1164459737410084
2020-03-03 20:09:00,0.09675215631858691
2020-03-03 20:12:00,0.18150716294883296
2020-03-03 20:15:00,0.1226445391002926
2020-03-03 20:18:00,0.07284733211326966
2020-03-03 20:21:00,0.1105406613655191
2020-03-03 20:24:00,0.12827353304703593
2020-03-03 20:27:00,0.08647548900376023
2020-03-03 20:30:00,0.09415394903112428
2020-03-03 20:33:00,0.1471422639190223
2020-03-03 20:36:00,0.15900253868863956
2020-03-03 20:39:00,0.1407563313675837
2020-03-03 20:42:00,0.16628566259277022
2020-03-03 20:45:00,0.19691982283541165
2020-03-03 20:48:00,0.21550681870962762
2020-03-03 20:51:00,0.18022316917688386
2020-03-03 20:54:00,0.20484418849281383
2020-03-03 20:57:00,0.10104277369487136
2020-03-03 21:00:00,0.14482899915930147
2020-03-03 21:03:00,0.2502745019831423
2020-03-03 21:06:00,0.1645719972989923
2020-03-03 21:09:00,0.06152614081867114
2020-03-03 21:12:00,0.1659214074711599
2020-03-03 21:15:00,0.15307757684445278
2020-03-03 21:18:00,0.13750432359375964
2020-03-03 21:21:00,0.1819317404076628
2020-03-03 21:24:00,0.112882634504615
2020-03-03 21:27:00,0.12924749939730873
2020-03-03 21:30:00,0.12630144248333863
2020-03-03 21:33:00,0.21674551191631508
2020-03-03 21:36:00,0.2407467291711214
2020-03-03 21:39:00,0.2587238069148725
2020-03-03 21:42:00,0.24845713922093182
2020-03-03 21:45:00,0.2834915424386395
2020-03-03 21:48:00,0.3111531083580985
2020-03-03 21:51:00,0.18031829688203516
2020-03-03 21:54:00,0.24844026597753555
2020-03-03 21:57:00,0.30270893375029573
2020-03-03 22:00:00,0.271337644746211
2020-03-03 22:03:00,0.1699282998462195
2020-03-03 22:06:00,0.3115713439752881
2020-03-03 22:09:00,0.2761698205312655
2020-03-03 22:12:00,0.31682699718214735
2020-03-03 22:15:00,0.21541881851356948
2020-03-03 22:18:00,0.24187933345643842
2020-03-03 22:21:00,0.2661521699706668
2020-03-03 22:24:00,0.1933779434006624
2020-03-03 22:27:00,0.29991248127095105
2020-03-03 22:30:00,0.34090763257785284
2020-03-03 22:33:00,0.2265143116645163
2020-03-03 22:36:00,0.34546494208666445
2020-03-03 22:39:00,0.2617260296488553
2020-03-03 22:42:00,0.402009527039354
2020-03-03 22:45:00,0.31002958696694805
2020-03-03 22:48:00,0.3391971373077922
2020-03-03 22:51:00,0.3880951983776413
2020-03-03 22:54:00,0.26836702013247304
2020-03-03 22:57:00,0.27594191371690613
2020-03-03 23:00:00,0.23020246823983825
2020-03-03 23:03:00,0.22317524121478982
2020-03-03 23:06:00,0.17821809387140775
2020-03-03 23:09:00,0.21895665641073947
2020-03-03 23:12:00,0.26225103341090517
2020-03-03 23:15:00,0.2571701601067957
2020-03-03 23:18:00,0.27451961904893096
2020-03-03 23:21:00,0.24287941619724052
2020-03-03 23:24:00,0.2728484243131106
2020-03-03 23:27:00,0.25750295099493314
2020-03-03 23:30:00,0.32907590645447726
2020-03-03 23:33:00,0.34470191739211486
2020-03-03 23:36:00,0.322851615220884
2020-03-03 23:39:00,0.3154279952582897
2020-03-03 23:42:00,0.24022639021700343
2020-03-03 23:45:00,0.2862563464138361
2020-03-03 23:48:00,0.2122537671043574
2020-03-03 23:51:00,0.28769220050088506
2020-03-03 23:54:00,0.21771415509982717
2020-03-03 23:57:00,0.18194322824069786
2020-03-04 00:00:00,0.2020437335829115
2020-03-04 00:03:00,0.09904251203425929
2020-03-04 00:06:00,0.07060010817588136
2020-03-04 00:09:00,0.22037332668082854
2020-03-04 00:12:00,0.09936629722915313
2020-03-04 00:15:00,0.10447824447328458
2020-03-04 00:18:00,0.16505737068149529
2020-03-04 00:21:00,0.06059665771692835
2020-03-04 00:24:00,0.124501843648261
2020-03-04 00:27:00,0.10461742775953553
2020-03-04 00:30:00,0.2200086037660185
2020-03-04 00:33:00,0.19921557279991475
2020-03-04 00:36:00,0.23516751355163024
2020-03-04 00:39:00,0.3783580958460675
2020-03-04 00:42:00,0.1785620111182311
2020-03-04 00:45:00,0.36841003781063364
2020-03-04 00:48:00,0.32122234986780995
2020-03-04 00:51:00,0.28479965515509775
2020-03-04 00:54:00,0.29715542401123685
2020-03-04 00:57:00,0.22876700890634538
2020-03-04 01:00:00,0.21696091724521693
2020-03-04 01:03:00,0.2603287531079559
2020-03-04 01:06:00,0.22493610427056865
2020-03-04 01:09:00,0.24649358577539715
2020-03-04 01:12:00,0.07889173366635305
2020-03-04 01:15:00,0.13766693624745585
2020-03-04 01:18:00,0.28477159447106715
2020-03-04 01:21:00,0.22612919744824467
2020-03-04 01:24:00,0.24738435421954819
2020-03-04 01:27:00,0.30465232445612855
2020-03-04 01:30:00,0.19896279389615756
2020-03-04 01:33:00,0.11626511938465
2020-03-04 01:36:00,0.1583505598495094
2020-03-04 01:39:00,0.2738200505961004
2020-03-04 01:42:00,0.1339002175058681
2020-03-04 01:45:00,0.22781523625621958
2020-03-04 01:48:00,0.253522182163465
2020-03-04 01:51:00,0.33198290476923376
2020-03-04 01:54:00,0.32041014343417373
2020-03-04 01:57:00,0.35349208570471546
2020-03-04 02:00:00,0.31305641815970375
2020-03-04 02:03:00,0.3195923462581618
2020-03-04 02:06:00,0.1832329758990454
2020-03-04 02:09:00,0.2084429300047077
2020-03-04 02:12:00,0.36338767172031794
2020-03-04 02:15:00,0.23404491662807914
2020-03-04 02:18:00,0.27932151974005137
2020-03-04 02:21:00,0.2393496107386568
2020-03-04 02:24:00,0.33625915151179697
2020-03-04 02:27:00,0.32278843808745705
2020-03-04 02:30:00,0.32618945532624366
2020-03-04 02:33:00,0.26396803973074157
2020-03-04 02:36:00,0.28512478219823834
2020-03-04 02:39:00,0.2644932323838134
2020-03-04 02:42:00,0.2501815312411395
2020-03-04 02:45:00,0.23746853476984597
2020-03-04 02:48:00,0.35007066333599823
2020-03-04 02:51:00,0.21211379847272838
2020-03-04 02:54:00,0.22059519621558366
2020-03-04 02:57:00,0.2675724094939369
2020-03-04 03:00:00,0.18901566352377586
2020-03-04 03:03:00,0.20363406686516328
2020-03-04 03:06:00,0.16448788832201444
2020-03-04 03:09:00,0.21180003851497986
2020-03-04 03:12:00,0.24163785342318533
2020-03-04 03:15:00,0.26550029809499165
2020-03-04 03:18:00,0.23526799032134704
2020-03-04 03:21:00,0.26858897591802133
2020-03-04 03:24:00,0.24353895057328145
2020-03-04 03:27:00,0.2942843450491637
2020-03-04 03:30:00,0.29525574236998864
2020-03-04 03:33:00,0.26434905023063493
2020-03-04 03:36:00,0.15619707385798165
2020-03-04 03:39:00,0.23160984783913818
2020-03-04 03:42:00,0.1406245703786908
2020-03-04 03:45:00,0.2612990344103423
2020-03-04 03:48:00,0.2367188254096959
2020-03-04 03:51:00,0.2113647215995229
2020-03-04 03:54:00,0.2665477295669234
2020-03-04 03:57:00,0.40129126105881596
2020-03-04 04:00:00,0.1582764662248337
2020-03-04 04:03:00,0.1980158936464136
2020-03-04 04:06:00,0.15293006721344682
2020-03-04 04:09:00,0.23220122437322743
2020-03-04 04:12:00,0.30121350890385656
2020-03-04 04:15:00,0.24537098654366218
2020-03-04 04:18:00,0.258699603820844
2020-03-04 04:21:00,0.3193582211554826
2020-03-04 04:24:00,0.20099951456126064
2020-03-04 04:27:00,0.31289185714240375
2020-03-04 04:30:00,0.25374139694378073
2020-03-04 04:33:00,0.38500348047500665
2020-03-04 04:36:00,0.19495229148338922
2020-03-04 04:39:00,0.20700898760526343
2020-03-04 04:42:00,0.11560913332323253
2020-03-04 04:45:00,0.24599884184584653
2020-03-04 04:48:00,0.22018760762557577
2020-03-04 04:51:00,0.28595428590506344
2020-03-04 04:54:00,0.29284289856326495
2020-03-04 04:57:00,0.26391038950401935
2020-03-04 05:00:00,0.3039558256739383
2020-03-04 05:03:00,0.15049363983456487
2020-03-04 05:06:00,0.16259598196063507
2020-03-04 05:09:00,0.18810069848240119
2020-03-04 05:12:00,0.16939248804300178
2020-03-04 05:15:00,0.2435785740642018
2020-03-04 05:18:00,0.16288105955015908
2020-03-04 05:21:00,0.2447348321637719
2020-03-04 05:24:00,0.264030933859317
2020-03-04 05:27:00,0.1607773260527665
2020-03-04 05:30:00,0.18217856885991068
2020-03-04 05:33:00,0.23128094896014773
2020-03-04 05:36:00,0.17497501632885815
2020-03-04 05:39:00,0.25122075071141126
2020-03-04 05:42:00,0.20008973328054935
2020-03-04 05:45:00,0.07725151955230558
2020-03-04 05:48:00,0.11681186233607832
2020-03-04 05:51:00,0.10211564293967967
2020-03-04 05:54:00,0.1338529559983499
2020-03-04 05:57:00,0.12415541751988712
2020-03-04 06:00:00,0.2121361372429078
2020-03-04 06:03:00,0.22871329805661844
2020-03-04 06:06:00,0.21526487258188354
2020-03-04 06:09:00,0.2675249621477178
2020-03-04 06:12:00,0.27876462765800625
2020-03-04 06:15:00,0.19475868941310637
2020-03-04 06:18:00,0.14582405337478122
2020-03-04 06:21:00,0.3342641448622885
2020-03-04 06:24:00,0.2858415031839172
2020-03-04 06:27:00,0.22334216565724319
2020-03-04 06:30:00,0.2673668879805291
2020-03-04 06:33:00,0.19406898939990924
2020-03-04 06:36:00,0.27316874732889573
2020-03-04 06:39:00,0.3995067531735117
2020-03-04 06:42:00,0.3305545193042576
2020-03-04 06:45:00,0.3736031804014601
2020-03-04 06:48:00,0.4043799052724921
2020-03-04 06:51:00,0.3459337294404463
2020-03-04 06:54:00,0.37138889441001766
2020-03-04 06:57:00,0.25329677120538463
2020-03-04 07:00:00,0.15249974414280132
2020-03-04 07:03:00,0.28086361803627824
2020-03-04 07:06:00,0.2221817369044743
2020-03-04 07:09:00,0.2455838010196203
2020-03-04 07:12:00,0.2761995340222825
2020-03-04 07:15:00,0.2957270584228695
2020-03-04 07:18:00,0.24025541947617057
2020-03-04 07:21:00,0.30228484170140746
2020-03-04 07:24:00,0.1864712077286299
2020-03-04 07:27:00,0.23801609102196153
2020-03-04 07:30:00,0.2694982530969128
2020-03-04 07:33:00,0.32919727191978154
2020-03-04 07:36:00,0.38818695306355266
2020-03-04 07:39:00,0.3115005328936604
2020-03-04 07:42:00,0.3133635220944484
2020-03-04 07:45:00,0.29693790735166203
2020-03-04 07:48:00,0.3264150736517877
2020-03-04 07:51:00,0.318487406587451
2020-03-04 07:54:00,0.3376075149822668
2020-03-04 07:57:00,0.3043841506078593
2020-03-04 08:00:00,0.22149010485389908
2020-03-04 08:03:00,0.28603625094905283
2020-03-04 08:06:00,0.46829763865139284
2020-03-04 08:09:00,0.3113155273824759
2020-03-04 08:12:00,0.27605313389085495
2020-03-04 08:15:00,0.4266646814690489
2020-03-04 08:18:00,0.3781279270964433
2020-03-04 08:21:00,0.27871027441176466
2020-03-04 08:24:00,0.5030936961632619
2020-03-04 08:27:00,0.5622378253085003
2020-03-04 08:30:00,0.5041813164729092
2020-03-04 08:33:00,0.476676730342831
2020-03-04 08:36:00,0.4494162030607072
2020-03-04 08:39:00,0.46090526188675085
2020-03-04 08:42:00,0.5245211121141438
2020-03-04 08:45:00,0.5025483108892104
2020-03-04 08:48:00,0.5664944537588212
2020-03-04 08:51:00,0.5003620757645422
2020-03-04 08:54:00,0.5409587643345048
2020-03-04 08:57:00,0.5998067059601908
2020-03-04 09:00:00,0.5534951881454617
2020-03-04 09:03:00,0.4496152270417042
2020-03-04 09:06:00,0.4599467018849168
2020-03-04 09:09:00,0.49409305671673565
2020-03-04 09:12:00,0.4359606019544344
2020-03-04 09:15:00,0.5030404021409254
2020-03-04 09:18:00,0.41620052054190637
2020-03-04 09:21:00,0.43976598939423184
2020-03-04 09:24:00,0.5640771814915411
2020-03-04 09:27:00,0.3990222378984072
2020-03-04 09:30:00,0.4913863312152671
2020-03-04 09:33:00,0.45444796846476265
2020-03-04 09:36:00,0.39141188031675256
2020-03-04 09:39:00,0.3334676346552783
2020-03-04 09:42:00,0.41590296575077446
2020-03-04 09:45:00,0.5361357740174526
2020-03-04 09:48:00,0.45512795446239807
2020-03-04 09:51:00,0.4427079727390719
2020-03-04 09:54:00,0.43706346305464194
2020-03-04 09:57:00,0.3901471130374716
2020-03-04 10:00:00,0.41015254782797683
2020-03-04 10:03:00,0.3912714588150834
2020-03-04 10:06:00,0.34312285430570455
2020-03-04 10:09:00,0.43159709014736336
2020-03-04 10:12:00,0.35149595941044254
2020-03-04 10:15:00,0.3630885490240985
2020-03-04 10:18:00,0.42831824336104773
2020-03-04 10:21:00,0.33382638404458476
2020-03-04 10:24:00,0.3661899501651078
2020-03-04 10:27:00,0.27768628931977446
2020-03-04 10:30:00,0.2891377383727445
2020-03-04 10:33:00,0.2490454964034825
2020-03-04 10:36:00,0.36413872998844
2020-03-04 10:39:00,0.34665007412559135
2020-03-04 10:42:00,0.3240394399430784
2020-03-04 10:45:00,0.3051286826584487
2020-03-04 10:48:00,0.21639117749492698
2020-03-04 10:51:00,0.25055407588928347
2020-03-04 10:54:00,0.2732900702695815
2020-03-04 10:57:00,0.2919384173334265
2020-03-04 11:00:00,0.21910901347411027
2020-03-04 11:03:00,0.26777807515924223
2020-03-04 11:06:00,0.28789175100371267
2020-03-04 11:09:00,0.12276148618775551
2020-03-04 11:12:00,0.21168280313167998
2020-03-04 11:15:00,0.37412420956388814
2020-03-04 11:18:00,0.24527755352505665
2020-03-04 11:21:00,0.34575721101737145
2020-03-04 11:24:00,0.19793795322937058
2020-03-04 11:27:00,0.07003822210191402
2020-03-04 11:30:00,0.15302736444482434
2020-03-04 11:33:00,0.2046161481361537
2020-03-04 11:36:00,0.12529182040037767
2020-03-04 11:39:00,0.18140110845689605
2020-03-04 11:42:00,0.17591064321578642
2020-03-04 11:45:00,0.1333719476850206
2020-03-04 11:48:00,0.14378520456182287
2020-03-04 11:51:00,0.19208705191527997
2020-03-04 11:54:00,0.1297611309904596
2020-03-04 11:57:00,0.15012746612745786
2020-03-04 12:00:00,0.12756855171397774
2020-03-04 12:03:00,0.02163199325292453
2020-03-04 12:06:00,0.0376075183339708
2020-03-04 12:09:00,0.06912343107109109
2020-03-04 12:12:00,0.17432072945319987
2020-03-04 12:15:00,0.018238059783243443
2020-03-04 12:18:00,0.1028271540105834
2020-03-04 12:21:00,-0.03239721207734192
2020-03-04 12:24:00,-0.035281582467746375
2020-03-04 12:27:00,-0.04771891876674772
2020-03-04 12:30:00,0.02675141063235742
2020-03-04 12:33:00,0.05391023247614157
2020-03-04 12:36:00,-0.008761284460661045
2020-03-04 12:39:00,0.024542101072427158
2020-03-04 12:42:00,-0.1252838453706886
2020-03-04 12:45:00,-0.1985419392804033
2020-03-04 12:48:00,-0.013172018674026731
2020-03-04 12:51:00,-0.06418002069102613
2020-03-04 12:54:00,0.016929262249220756
2020-03-04 12:57:00,-0.20981873502762483
2020-03-04 13:00:00,-0.18867559079700413
2020-03-04 13:03:00,-0.1475319982253609
2020-03-04 13:06:00,-0.20824869411626423
2020-03-04 13:09:00,-0.03225527268330097
2020-03-04 13:12:00,-0.08510601166949527
2020-03-04 13:15:00,-0.021859647646238045
2020-03-04 13:18:00,-0.049494431659411475
2020-03-04 13:21:00,-0.1537281259103338
2020-03-04 13:24:00,-0.06619684663530734
2020-03-04 13:27:00,-0.24259879655284067
2020-03-04 13:30:00,-0.25414551618018777
2020-03-04 13:33:00,-0.3000151967614215
2020-03-04 13:36:00,-0.2370586629174909
2020-03-04 13:39:00,-0.2924270890841285
2020-03-04 13:42:00,-0.11664178131502467
2020-03-04 13:45:00,-0.22902281277032444
2020-03-04 13:48:00,-0.10523379533543675
2020-03-04 13:51:00,-0.1743310071550468
2020-03-04 13:54:00,-0.26837901867321534
2020-03-04 13:57:00,-0.23757414631825213
2020-03-04 14:00:00,-0.16288458526207705
2020-03-04 14:03:00,-0.12837179729291393
2020-03-04 14:06:00,-0.06474549107730354
2020-03-04 14:09:00,-0.2368863243474948
2020-03-04 14:12:00,-0.17471594249497002
2020-03-04 14:15:00,-0.1821673952031233
2020-03-04 14:18:00,-0.11133714637213643
2020-03-04 14:21:00,-0.1745427665613306
2020-03-04 14:24:00,-0.2634695870733026
2020-03-04 14:27:00,-0.21560139077877238
2020-03-04 14:30:00,-0.177514454031666
2020-03-04 14:33:00,-0.19050113225938503
2020-03-04 14:36:00,-0.19476823481039673
2020-03-04 14:39:00,-0.09509498297290975
2020-03-04 14:42:00,-0.21805033528329432
2020-03-04 14:45:00,-0.11248334221221512
2020-03-04 14:48:00,-0.30396779723014333
2020-03-04 14:51:00,-0.31667777306643075
2020-03-04 14:54:00,-0.2754774954526056
2020-03-04 14:57:00,-0.3655440767259961
2020-03-04 15:00:00,-0.2850621458719047
2020-03-04 15:03:00,-0.18336252747610615
2020-03-04 15:06:00,-0.29079941827490075
2020-03-04 15:09:00,-0.32833260555827337
2020-03-04 15:12:00,-0.23866083955817885
2020-03-04 15:15:00,-0.3708216636111956
2020-03-04 15:18:00,-0.4257560341019371
2020-03-04 15:21:00,-0.3958667603085928
2020-03-04 15:24:00,-0.4148489105404565
2020-03-04 15:27:00,-0.3737192720994358
2020-03-04 15:30:00,-0.2955130045751275
2020-03-04 15:33:00,-0.348353767016647
2020-03-04 15:36:00,-0.4425988554023661
2020-03-04 15:39:00,-0.30993714316991827
2020-03-04 15:42:00,-0.4327774943041618
2020-03-04 15:45:00,-0.25850343724624736
2020-03-04 15:48:00,-0.3503651223503539
2020-03-04 15:51:00,-0.17471041498112072
2020-03-04 15:54:00,-0.3221534401496342
2020-03-04 15:57:00,-0.32305425680715416
2020-03-04 16:00:00,-0.3952725741942231
2020-03-04 16:03:00,-0.45108291973167525
2020-03-04 16:06:00,-0.41464819429432964
2020-03-04 16:09:00,-0.4009601846826172
2020-03-04 16:12:00,-0.5430381059298952
2020-03-04 16:15:00,-0.46943346236650996
2020-03-04 16:18:00,-0.2949341450243992
2020-03-04 16:21:00,-0.3292146653586201
2020-03-04 16:24:00,-0.37226284255643804
2020-03-04 16:27:00,-0.3414278836664266
2020-03-04 16:30:00,-0.367165327815826
2020-03-04 16:33:00,-0.3447195867624373
2020-03-04 16:36:00,-0.286310687797652
2020-03-04 16:39:00,-0.3586754986687879
2020-03-04 16:42:00,-0.3994528019490531
2020-03-04 16:45:00,-0.23855569643166064
2020-03-04 16:48:00,-0.3385918181233478
2020-03-04 16:51:00,-0.2924510186356315
2020-03-04 16:54:00,-0.3798274509657631
2020-03-04 16:57:00,-0.2716745750793166
2020-03-04 17:00:00,-0.30099199767818163
2020-03-04 17:03:00,-0.3541154397170203
2020-03-04 17:06:00,-0.3498515731870384
2020-03-04 17:09:00,-0.3949478280512153
2020-03-04 17:12:00,-0.3148330508042818
2020-03-04 17:15:00,-0.27751871253832405
2020-03-04 17:18:00,-0.20024482982699965
2020-03-04 17:21:00,-0.3498276116017678
2020-03-04 17:24:00,-0.18448475698068023
2020-03-04 17:27:00,-0.23659640076402866
2020-03-04 17:30:00,-0.3754425245646189
2020-03-04 17:33:00,-0.23106673210656936
2020-03-04 17:36:00,-0.32687139196690396
2020-03-04 17:39:00,-0.2794388470203444
2020-03-04 17:42:00,-0.19447265447973905
2020-03-04 17:45:00,-0.23399902530132977
2020-03-04 17:48:00,-0.19208490476256657
2020-03-04 17:51:00,-0.15422476678583052
2020-03-04 17:54:00,-0.2308556210733741
2020-03-04 17:57:00,-0.14342133375947697
2020-03-04 18:00:00,-0.16239004395805523
2020-03-04 18:03:00,-0.24162927866973405
2020-03-04 18:06:00,-0.19675706107875612
2020-03-04 18:09:00,-0.15025225383504903
2020-03-04 18:12:00,-0.13240943044138476
2020-03-04 18:15:00,-0.13367379382322042
2020-03-04 18:18:00,-0.11877558035172342
2020-03-04 18:21:00,-0.143814450244804
2020-03-04 18:24:00,-0.14850158973115413
2020-03-04 18:27:00,-0.1201331861348649
2020-03-04 18:30:00,-0.13003010128142023
2020-03-04 18:33:00,-0.06659180922179075
2020-03-04 18:36:00,-0.11504864510169455
2020-03-04 18:39:00,-0.14993692546988768
2020-03-04 18:42:00,-0.07193322284871329
2020-03-04 18:45:00,-0.04828023378064472
2020-03-04 18:48:00,0.029527751096566135
2020-03-04 18:51:00,0.002007949662356623
2020-03-04 18:54:00,
2020-03-04 18:57:00,
2020-03-04 19:00:00,
2020-03-04 19:03:00,0.09486296286291918
2020-03-04 19:06:00,0.04702278775084778
2020-03-04 19:09:00,0.048529896569164066
2020-03-04 19:12:00,0.10327014517298494
2020-03-04 19:15:00,0.01064821043325992
2020-03-04 19:18:00,0.14386833158749823
2020-03-04 19:21:00,-0.050726550409365245
2020-03-04 19:24:00,0.07840094559890076
2020-03-04 19:27:00,0.04070110084404632
2020-03-04 19:30:00,0.008853949837771324
2020-03-04 19:33:00,0.04210217379562664
2020-03-04 19:36:00,0.06884591461596301
2020-03-04 19:39:00,0.15053569779530562
2020-03-04 19:42:00,0.1964949045379285
2020-03-04 19:45:00,0.07130442715720164
2020-03-04 19:48:00,0.15095640817486355
2020-03-04 19:51:00,0.018556174226489475
2020-03-04 19:54:00,0.15955996046483278
2020-03-04 19:57:00,0.09680781976425124
2020-03-04 20:00:00,0.15987076828713498
2020-03-04 20:03:00,0.1074796064280008
2020-03-04 20:06:00,0.0983711694357794
2020-03-04 20:09:00,0.17251888359447776
2020-03-04 20:12:00,0.10795932286987409
2020-03-04 20:15:00,0.16745767940244605
2020-03-04 20:18:00,0.15361015158424607
2020-03-04 20:21:00,0.19061481472118658
2020-03-04 20:24:00,0.11503642058073638
2020-03-04 20:27:00,0.02850695602387532
2020-03-04 20:30:00,0.20347124874081146
2020-03-04 20:33:00,0.1718303176398308
2020-03-04 20:36:00,0.29087742221543067
2020-03-04 20:39:00,0.189813408557427
2020-03-04 20:42:00,0.19515620358845354
2020-03-04 20:45:00,0.2067243454717982
2020-03-04 20:48:00,0.20652388632055363
2020-03-04 20:51:00,0.09490971210976795
2020-03-04 20:54:00,0.2194802800565867
2020-03-04 20:57:00,0.2205038605566756
2020-03-04 21:00:00,0.20279557464232312
2020-03-04 21:03:00,0.22259640271221315
2020-03-04 21:06:00,0.26760821776304056
2020-03-04 21:09:00,0.1835059835834727
2020-03-04 21:12:00,0.18169425107504367
2020-03-04 21:15:00,0.1686288953896451
2020-03-04 21:18:00,0.14565954267351344
2020-03-04 21:21:00,0.14865739814837298
2020-03-04 21:24:00,0.11407494247754357
2020-03-04 21:27:00,0.24519142288329476
2020-03-04 21:30:00,0.09676770427535075
2020-03-04 21:33:00,0.1103430968170187
2020-03-04 21:36:00,0.1249893163167144
2020-03-04 21:39:00,0.12362431011138142
2020-03-04 21:42:00,0.07720391526959247
2020-03-04 21:45:00,0.11034634367433682
2020-03-04 21:48:00,0.18645952924771336
2020-03-04 21:51:00,0.1689501533315365
2020-03-04 21:54:00,0.26822835986661175
2020-03-04 21:57:00,0.19762524250154456
2020-03-04 22:00:00,0.2419031328176402
2020-03-04 22:03:00,0.23716584102561455
2020-03-04 22:06:00,0.20509013816064225
2020-03-04 22:09:00,0.2066722132947234
2020-03-04 22:12:00,0.2377317371521599
2020-03-04 22:15:00,0.1765879465388025
2020-03-04 22:18:00,0.21897658200930437
2020-03-04 22:21:00,0.2335485515899336
2020-03-04 22:24:00,0.134119611746371
2020-03-04 22:27:00,0.25583080881972364
2020-03-04 22:30:00,0.21733502791943238
2020-03-04 22:33:00,0.2530049168667574
2020-03-04 22:36:00,0.27792739675300027
2020-03-04 22:39:00,0.2839190571532981
2020-03-04 22:42:00,0.21305598497281153
2020-03-04 22:45:00,0.1984616722680812
2020-03-04 22:48:00,0.1382661917679684
2020-03-04 22:51:00,0.19688282597297757
2020-03-04 22:54:00,0.23190105262375482
2020-03-04 22:57:00,0.22230158013161372
2020-03-04 23:00:00,0.2610338625497661
2020-03-04 23:03:00,0.2107349403693206
2020-03-04 23:06:00,0.21406867898247128
2020-03-04 23:09:00,0.18555051523622978
2020-03-04 23:12:00,0.25090371957350044
2020-03-04 23:15:00,0.212608091291429
2020-03-04 23:18:00,0.21196979081355494
2020-03-04 23:21:00,0.18021854882073285
2020-03-04 23:24:00,0.1252354218140681
2020-03-04 23:27:00,0.15635067409345993
2020-03-04 23:30:00,0.20734931348579266
2020-03-04 23:33:00,0.09671277983954951
2020-03-04 23:36:00,0.21611871936863736
2020-03-04 23:39:00,0.26026832216956564
2020-03-04 23:42:00,0.1322734483829322
2020-03-04 23:45:00,0.25026025645394157
2020-03-04 23:48:00,0.23476215442860848
2020-03-04 23:51:00,0.32324911627694064
2020-03-04 23:54:00,0.31304564587821915
2020-03-04 23:57:00,0.24675600650743945
2020-03-05 00:00:00,0.3153593985795169
2020-03-05 00:03:00,0.20763158787997327
2020-03-05 00:06:00,0.19076284327354642
2020-03-05 00:09:00,0.23664901419255102
2020-03-05 00:12:00,0.14930117931771747
2020-03-05 00:15:00,0.12810747661995947
2020-03-05 00:18:00,0.2680457355018575
2020-03-05 00:21:00,0.2016960324620527
2020-03-05 00:24:00,0.3022871191413401
2020-03-05 00:27:00,0.33718521874067164
2020-03-05 00:30:00,0.2492505727657317
2020-03-05 00:33:00,0.19855792831191366
2020-03-05 00:36:00,0.3083412817125577
2020-03-05 00:39:00,0.2590019263853378
2020-03-05 00:42:00,0.26785703487900037
2020-03-05 00:45:00,0.2923427606494329
2020-03-05 00:48:00,0.23019422270465384
2020-03-05 00:51:00,0.2766513722139621
2020-03-05 00:54:00,0.23262003671283082
2020-03-05 00:57:00,0.2360473580392295
2020-03-05 01:00:00,0.27675554467651864
2020-03-05 01:03:00,0.3157124621041021
2020-03-05 01:06:00,0.30510302606512596
2020-03-05 01:09:00,0.2601021182533714
2020-03-05 01:12:00,0.3151428724382299
2020-03-05 01:15:00,0.3055435570029772
2020-03-05 01:18:00,0.30907434455053817
2020-03-05 01:21:00,0.29576336821475024
2020-03-05 01:24:00,0.29255828746960333
2020-03-05 01:27:00,0.37795912696105916
2020-03-05 01:30:00,0.38004374991550094
2020-03-05 01:33:00,0.35149493690471445
2020-03-05 01:36:00,0.4277915546383042
2020-03-05 01:39:00,0.35126417736972826
2020-03-05 01:42:00,0.18925146119289593
2020-03-05 01:45:00,0.30117721778157147
2020-03-05 01:48:00,0.35313368484429475
2020-03-05 01:51:00,0.3529729803690884
2020-03-05 01:54:00,0.3938557086043488
2020-03-05 01:57:00,0.2072875062908679
2020-03-05 02:00:00,0.40652752984937024
2020-03-05 02:03:00,0.3721989861495558
2020-03-05 02:06:00,0.3314328994950415
2020-03-05 02:09:00,0.33378734737738114
2020-03-05 02:12:00,0.36615395194417033
2020-03-05 02:15:00,0.367189187385236
2020-03-05 02:18:00,0.346693773512186
2020-03-05 02:21:00,0.3274286368583148
2020-03-05 02:24:00,0.34557056595366475
2020-03-05 02:27:00,0.35508808223488586
2020-03-05 02:30:00,0.39037806286796695
2020-03-05 02:33:00,0.3467132017384529
2020-03-05 02:36:00,0.3625319089839536
2020-03-05 02:39:00,0.42121925220897083
2020-03-05 02:42:00,0.30954341944124053
2020-03-05 02:45:00,0.3417293584832919
2020-03-05 02:48:00,0.3898947713286134
2020-03-05 02:51:00,0.3565986168642894
2020-03-05 02:54:00,0.3449669128130495
2020-03-05 02:57:00,0.3961575732000142
2020-03-05 03:00:00,0.46990680417104613
2020-03-05 03:03:00,0.44539944726255953
2020-03-05 03:06:00,0.3627367531423715
2020-03-05 03:09:00,0.40833680788409765
2020-03-05 03:12:00,0.3925263086842392
2020-03-05 03:15:00,0.41397055031279706
2020-03-05 03:18:00,0.5553995120656623
2020-03-05 03:21:00,0.4861821134709885
2020-03-05 03:24:00,0.4529549875063026
2020-03-05 03:27:00,0.3645872266272363
2020-03-05 03:30:00,0.434201983492585
2020-03-05 03:33:00,0.4190205251393877
2020-03-05 03:36:00,0.39039490797500775
2020-03-05 03:39:00,0.4623934059849262
2020-03-05 03:42:00,0.396423378069926
2020-03-05 03:45:00,0.4242677323440489
2020-03-05 03:48:00,0.4139974509461126
2020-03-05 03:51:00,0.43679791981111293
2020-03-05 03:54:00,0.4412041997354663
2020-03-05 03:57:00,0.4941541370472464
2020-03-05 04:00:00,0.5543600825328667
2020-03-05 04:03:00,0.4690480767034728
2020-03-05 04:06:00,0.4408935368018092
2020-03-05 04:09:00,0.4429397638612045
2020-03-05 04:12:00,0.4369757925825297
2020-03-05 04:15:00,0.4563099070779799
2020-03-05 04:18:00,0.546553623846421
2020-03-05 04:21:00,0.47056260265503624
2020-03-05 04:24:00,0.48527383047581907
2020-03-05 04:27:00,0.4650406492052639
2020-03-05 04:30:00,0.5021587283929989
2020-03-05 04:33:00,0.5141956710977524
2020-03-05 04:36:00,0.5107340424023619
2020-03-05 04:39:00,0.5819041409381498
2020-03-05 04:42:00,0.48584588033139653
2020-03-05 04:45:00,0.5860422234423481
2020-03-05 04:48:00,0.5058802569805607
2020-03-05 04:51:00,0.5023394465072784
2020-03-05 04:54:00,0.47169143104451905
2020-03-05 04:57:00,0.5348200380558978
2020-03-05 05:00:00,0.49709150761935916
2020-03-05 05:03:00,0.442556769304133
2020-03-05 05:06:00,0.5238617140232122
2020-03-05 05:09:00,0.4495723798600011
2020-03-05 05:12:00,0.4228759818814751
2020-03-05 05:15:00,0.4580984727768964
2020-03-05 05:18:00,0.4717630640548691
2020-03-05 05:21:00,0.5665465442560844
2020-03-05 05:24:00,0.561089482332136
2020-03-05 05:27:00,0.4288108117054321
2020-03-05 05:30:00,0.4226977209914935
2020-03-05 05:33:00,0.5146536228317018
2020-03-05 05:36:00,0.5097312835410435
2020-03-05 05:39:00,0.472442250076881
2020-03-05 05:42:00,0.5450521580830241
2020-03-05 05:45:00,0.43596699273501827
2020-03-05 05:48:00,0.5028525142084845
2020-03-05 05:51:00,0.5368374719943176
2020-03-05 05:54:00,0.416202426315067
2020-03-05 05:57:00,0.5206254446925982
2020-03-05 06:00:00,0.5064335351751197
2020-03-05 06:03:00,0.4556506594260554
2020-03-05 06:06:00,0.5839880909790054
2020-03-05 06:09:00,0.4628796196166718
2020-03-05 06:12:00,0.5260302780221195
2020-03-05 06:15:00,0.4134147536383921
2020-03-05 06:18:00,0.389121383121676
2020-03-05 06:21:00,0.46220546838833343
2020-03-05 06:24:00,0.48746275821974905
2020-03-05 06:27:00,0.5303578655650654
2020-03-05 06:30:00,0.4480476944511338
2020-03-05 06:33:00,0.363371677077339
2020-03-05 06:36:00,0.5467079171719433
2020-03-05 06:39:00,0.47048958576266386
2020-03-05 06:42:00,0.5431314863669172
2020-03-05 06:45:00,0.5220622660115168
2020-03-05 06:48:00,0.5485410455257238
2020-03-05 06:51:00,0.48086174113080915
2020-03-05 06:54:00,0.44325936634425034
2020-03-05 06:57:00,0.5037617033807464
2020-03-05 07:00:00,0.5309599521426094
2020-03-05 07:03:00,0.5073115881322678
2020-03-05 07:06:00,0.47609397956841804
2020-03-05 07:09:00,0.5414246300126138
2020-03-05 07:12:00,0.49037167247990965
2020-03-05 07:15:00,0.4054585984840742
2020-03-05 07:18:00,0.527117392957507
2020-03-05 07:21:00,0.475844055935454
2020-03-05 07:24:00,0.5862463795097597
2020-03-05 07:27:00,0.5422491541208387
2020-03-05 07:30:00,0.5443167746145718
2020-03-05 07:33:00,0.4346512120928878
2020-03-05 07:36:00,0.5261408778072791
2020-03-05 07:39:00,0.4244648696245008
2020-03-05 07:42:00,0.5539806137252867
2020-03-05 07:45:00,0.5339426784638022
2020-03-05 07:48:00,0.4532321665002428
2020-03-05 07:51:00,0.39555176683904847
2020-03-05 07:54:00,0.47484063164370127
2020-03-05 07:57:00,0.5342950065113428
2020-03-05 08:00:00,0.4305487678943223
2020-03-05 08:03:00,0.5447238094373574
2020-03-05 08:06:00,0.5673529118702163
2020-03-05 08:09:00,0.3471822318118143
2020-03-05 08:12:00,0.3883323323776722
2020-03-05 08:15:00,0.4107781485187161
2020-03-05 08:18:00,0.35129274301220903
2020-03-05 08:21:00,0.394070696517133
2020-03-05 08:24:00,0.33798153240553575
2020-03-05 08:27:00,0.29085814146083067
2020-03-05 08:30:00,0.38452765598992755
2020-03-05 08:33:00,0.2827557256207456
2020-03-05 08:36:00,0.3293891602146459
2020-03-05 08:39:00,0.30275383026224745
2020-03-05 08:42:00,0.34776498602758465
2020-03-05 08:45:00,0.35430447851945246
2020-03-05 08:48:00,0.33025509198529335
2020-03-05 08:51:00,0.2423705111555705
2020-03-05 08:54:00,0.27338625130573746
2020-03-05 08:57:00,0.1842314225066275
2020-03-05 09:00:00,0.2935227795932178
2020-03-05 09:03:00,0.19775242955614658
2020-03-05 09:06:00,0.2541614161945063
2020-03-05 09:09:00,0.1888430965273642
2020-03-05 09:12:00,0.27411602923359624
2020-03-05 09:15:00,0.20870382796420017
2020-03-05 09:18:00,0.18360511852773698
2020-03-05 09:21:00,0.19588676766557
2020-03-05 09:24:00,0.18484259754256982
2020-03-05 09:27:00,0.09843992609518182
2020-03-05 09:30:00,0.16832468605485928
2020-03-05 09:33:00,0.04829660576206152
2020-03-05 09:36:00,0.11073496793682125
2020-03-05 09:39:00,0.20356613521499867
2020-03-05 09:42:00,0.000996099120868621
2020-03-05 09:45:00,0.037987059885381314
2020-03-05 09:48:00,0.11638361832581268
2020-03-05 09:51:00,0.16000351908007815
2020-03-05 09:54:00,0.12671565837399612
2020-03-05 09:57:00,0.10562119714268192
2020-03-05 10:00:00,0.012800618780772766
2020-03-05 10:03:00,0.09395847422399584
2020-03-05 10:06:00,0.004670738960840026
2020-03-05 10:09:00,0.1203099354885353
2020-03-05 10:12:00,0.04799106346200688
2020-03-05 10:15:00,-0.006349393478842558
2020-03-05 10:18:00,-0.047085710744283915
2020-03-05 10:21:00,0.010761931945353354
2020-03-05 10:24:00,0.06371166184209187
2020-03-05 10:27:00,0.020324927099295564
2020-03-05 10:30:00,0.08153038519975553
2020-03-05 10:33:00,-0.014535939671247888
2020-03-05 10:36:00,-0.011161673532569694
2020-03-05 10:39:00,0.0320968102486745
2020-03-05 10:42:00,0.07810535973663946
2020-03-05 10:45:00,0.00895206873957477
2020-03-05 10:48:00,0.07740498227582293
2020-03-05 10:51:00,0.07702831016149503
2020-03-05 10:54:00,0.0470715323327795
2020-03-05 10:57:00,-0.05282059498955505
2020-03-05 11:00:00,0.025140588959459365
2020-03-05 11:03:00,-0.050688986442480655
2020-03-05 11:06:00,-0.14084243473422475
2020-03-05 11:09:00,-0.07130956313619663
2020-03-05 11:12:00,-0.15384540427118054
2020-03-05 11:15:00,-0.08070438379309053
2020-03-05 11:18:00,-0.17829835545455808
2020-03-05 11:21:00,-0.04670250061923298
2020-03-05 11:24:00,-0.1831259475699767
2020-03-05 11:27:00,-0.04103550859713323
2020-03-05 11:30:00,-0.12682371781630764
2020-03-05 11:33:00,0.007444543904341572
2020-03-05 11:36:00,-0.006824885029345751
2020-03-05 11:39:00,-0.03416737159358263
2020-03-05 11:42:00,-0.016468018424347974
2020-03-05 11:45:00,-0.01971262444601507
2020-03-05 11:48:00,-0.10029365301119242
2020-03-05 11:51:00,0.018039403033299095
2020-03-05 11:54:00,-0.06385775893431855
2020-03-05 11:57:00,0.009585929034471974
2020-03-05 12:00:00,-0.03958377347356645
2020-03-05 12:03:00,-0.16595890083993936
2020-03-05 12:06:00,-0.056986382861907714
2020-03-05 12:09:00,-0.10406734204070744
2020-03-05 12:12:00,-0.08118700845011517
2020-03-05 12:15:00,-0.004447565017130728
2020-03-05 12:18:00,-0.052183208315909724
2020-03-05 12:21:00,0.012551516382359296
2020-03-05 12:24:00,-0.07565979303876702
2020-03-05 12:27:00,-0.1053000658265546
2020-03-05 12:30:00,-0.15910100486001966
2020-03-05 12:33:00,-0.217931419145998
2020-03-05 12:36:00,-0.1324984684052879
2020-03-05 12:39:00,-0.247356350050552
2020-03-05 12:42:00,-0.1853506781149008
2020-03-05 12:45:00,-0.18521479420832065
2020-03-05 12:48:00,-0.17537755163340307
2020-03-05 12:51:00,-0.22858083732438672
2020-03-05 12:54:00,-0.28403405568354856
2020-03-05 12:57:00,-0.164838925836591
2020-03-05 13:00:00,-0.2183569505503442
2020-03-05 13:03:00,-0.19897202291912208
2020-03-05 13:06:00,-0.09845212032911377
2020-03-05 13:09:00,-0.1751898060309145
2020-03-05 13:12:00,-0.19751341420965218
2020-03-05 13:15:00,-0.14543546729169066
2020-03-05 13:18:00,-0.15668982243045093
2020-03-05 13:21:00,-0.16460970203672787
2020-03-05 13:24:00,-0.2724208936583068
2020-03-05 13:27:00,-0.236091840438462
2020-03-05 13:30:00,-0.1853181894840077
2020-03-05 13:33:00,-0.23209945642850016
2020-03-05 13:36:00,-0.20802669037362875
2020-03-05 13:39:00,-0.23089752180101186
2020-03-05 13:42:00,-0.19868333442752828
2020-03-05 13:45:00,-0.08760392990740229
2020-03-05 13:48:00,-0.2328764282966631
2020-03-05 13:51:00,-0.1394464826209969
2020-03-05 13:54:00,-0.12744381898590973
2020-03-05 13:57:00,-0.19207445103882037
2020-03-05 14:00:00,-0.2888593894268183
2020-03-05 14:03:00,-0.26405625570708935
2020-03-05 14:06:00,-0.17567467331156195
2020-03-05 14:09:00,-0.24044859826557285
2020-03-05 14:12:00,-0.18485705988842938
2020-03-05 14:15:00,-0.16462114828027552
2020-03-05 14:18:00,-0.3023784969450958
2020-03-05 14:21:00,-0.19368515279074927
2020-03-05 14:24:00,-0.20846467175135786
2020-03-05 14:27:00,-0.3278987653084755
2020-03-05 14:30:00,-0.267763079994495
2020-03-05 14:33:00,-0.13536950586848207
2020-03-05 14:36:00,-0.20231820544410084
2020-03-05 14:39:00,-0.2619988390922572
2020-03-05 14:42:00,-0.15114939953787143
2020-03-05 14:45:00,-0.19143578289998686
2020-03-05 14:48:00,-0.16180866667878036
2020-03-05 14:51:00,-0.10170152655638276
2020-03-05 14:54:00,-0.2850737576926008
2020-03-05 14:57:00,-0.14377966339810655
2020-03-05 15:00:00,-0.1264536784028678
2020-03-05 15:03:00,-0.18721120918763745
2020-03-05 15:06:00,-0.329860025839082
2020-03-05 15:09:00,-0.3301230202596912
2020-03-05 15:12:00,-0.23355001731050606
2020-03-05 15:15:00,-0.3187410226412908
2020-03-05 15:18:00,-0.1730951027906258
2020-03-05 15:21:00,-0.18513866725811567
2020-03-05 15:24:00,-0.30691237269417115
2020-03-05 15:27:00,-0.2715123636457406
2020-03-05 15:30:00,-0.17892282829723172
2020-03-05 15:33:00,-0.2825433864933302
2020-03-05 15:36:00,-0.17568566491905813
2020-03-05 15:39:00,-0.36627520816205106
2020-03-05 15:42:00,-0.22648051804134184
2020-03-05 15:45:00,-0.3460973478462961
2020-03-05 15:48:00,-0.3878733592615049
2020-03-05 15:51:00,-0.2629519530708535
2020-03-05 15:54:00,-0.22570804635188324
2020-03-05 15:57:00,-0.30050835460212966
2020-03-05 16:00:00,-0.2662393074797933
2020-03-05 16:03:00,-0.13983806770232832
2020-03-05 16:06:00,-0.2980820562701183
2020-03-05 16:09:00,-0.20092757307418196
2020-03-05 16:12:00,-0.24486531669901979
2020-03-05 16:15:00,-0.3080404077701928
2020-03-05 16:18:00,-0.14420208188937522
2020-03-05 16:21:00,-0.143385325067527
2020-03-05 16:24:00,-0.18006951876947141
2020-03-05 16:27:00,-0.24882690373033256
2020-03-05 16:30:00,-0.17710113630579372
2020-03-05 16:33:00,-0.2168961885980707
2020-03-05 16:36:00,-0.2046349355036341
2020-03-05 16:39:00,-0.2400941919262891
2020-03-05 16:42:00,-0.1774283970654551
2020-03-05 16:45:00,-0.19332933557251408
2020-03-05 16:48:00,-0.19609263755319262
2020-03-05 16:51:00,-0.15996828210785452
2020-03-05 16:54:00,-0.1774242960943866
2020-03-05 16:57:00,-0.23891628918073593
2020-03-05 17:00:00,-0.22968111499091037
2020-03-05 17:03:00,-0.11059559193694213
2020-03-05 17:06:00,-0.2403964818756208
2020-03-05 17:09:00,-0.1536743070855664
2020-03-05 17:12:00,-0.2410824021192184
2020-03-05 17:15:00,-0.187871762422958
2020-03-05 17:18:00,-0.16485187501046994
2020-03-05 17:21:00,-0.139281556019057
2020-03-05 17:24:00,-0.11800510113687324
2020-03-05 17:27:00,-0.12416782031607454
2020-03-05 17:30:00,-0.19084030722643774
2020-03-05 17:33:00,-0.20428042208209263
2020-03-05 17:36:00,-0.1748299842983556
2020-03-05 17:39:00,-0.13370168676266303
2020-03-05 17:42:00,-0.07085447065418293
2020-03-05 17:45:00,-0.1270537493469419
2020-03-05 17:48:00,-0.23646035192285808
2020-03-05 17:51:00,-0.18204864342322935
2020-03-05 17:54:00,-0.1752813982589032
2020-03-05 17:57:00,-0.24512668703181362
2020-03-05 18:00:00,-0.26996711236620285
2020-03-05 18:03:00,-0.23891149124881395
2020-03-05 18:06:00,-0.2469848433084394
2020-03-05 18:09:00,-0.3211402053307779
2020-03-05 18:12:00,-0.2347849429576172
2020-03-05 18:15:00,-0.2551052243712775
2020-03-05 18:18:00,-0.18792471707178038
2020-03-05 18:21:00,-0.1887245557078927
2020-03-05 18:24:00,-0.1594656804958845
2020-03-05 18:27:00,-0.21097200845309771
2020-03-05 18:30:00,-0.2366537596014382
2020-03-05 18:33:00,-0.17922727930215387
2020-03-05 18:36:00,-0.15051827014872288
2020-03-05 18:39:00,-0.09301115780147029
2020-03-05 18:42:00,-0.22557796751323167
2020-03-05 18:45:00,-0.21103153239516814
2020-03-05 18:48:00,-0.16209946295163036
2020-03-05 18:51:00,-0.05887032709443929
2020-03-05 18:54:00,
2020-03-05 18:57:00,
2020-03-05 19:00:00,
2020-03-05 19:03:00,0.0023877882258602767
2020-03-05 19:06:00,-0.11401546963816145
2020-03-05 19:09:00,-0.13805481430227928
2020-03-05 19:12:00,-0.09154325781059924
2020-03-05 19:15:00,-0.19818874073018833
2020-03-05 19:18:00,-0.11684694070828527
2020-03-05 19:21:00,-0.09405620872490772
2020-03-05 19:24:00,0.07787313573584242
2020-03-05 19:27:00,0.07623700217851592
2020-03-05 19:30:00,-0.0020535777533723376
2020-03-05 19:33:00,0.11463027558238537
2020-03-05 19:36:00,0.014970752947760957
2020-03-05 19:39:00,0.004490733143654779
2020-03-05 19:42:00,-0.06415289795228318
2020-03-05 19:45:00,0.007812045572336501
2020-03-05 19:48:00,-0.06697890100332415
2020-03-05 19:51:00,0.0429242573651436
2020-03-05 19:54:00,-0.025713010249717172
2020-03-05 19:57:00,-0.11754158379068258
2020-03-05 20:00:00,-0.04158981617280233
2020-03-05 20:03:00,0.02709727491344438
2020-03-05 20:06:00,0.07646383502304843
2020-03-05 20:09:00,0.03670615997560844
2020-03-05 20:12:00,-0.04601791436965641
2020-03-05 20:15:00,0.009505202687648762
2020-03-05 20:18:00,-0.03281089824480432
2020-03-05 20:21:00,0.05859864151915417
2020-03-05 20:24:00,0.10509208229660771
2020-03-05 20:27:00,-0.016849158211698523
2020-03-05 20:30:00,0.1346238259265533
2020-03-05 20:33:00,0.053021279479139594
2020-03-05 20:36:00,0.10053567610401615
2020-03-05 20:39:00,0.055516446880972126
2020-03-05 20:42:00,0.08467503089752881
2020-03-05 20:45:00,0.08156618115589254
2020-03-05 20:48:00,0.0116810178204787
2020-03-05 20:51:00,0.09868370954688999
2020-03-05 20:54:00,0.13422542845870566
2020-03-05 20:57:00,0.09001460494306457
2020-03-05 21:00:00,0.1515925709535395
2020-03-05 21:03:00,0.11895200474913281
2020-03-05 21:06:00,0.14634794950649166
2020-03-05 21:09:00,0.11508790185865791
2020-03-05 21:12:00,0.06310682592089734
2020-03-05 21:15:00,0.11391570236554571
2020-03-05 21:18:00,0.10086715156307946
2020-03-05 21:21:00,0.10849381626627519
2020-03-05 21:24:00,0.19147166765537804
2020-03-05 21:27:00,0.24528772445529512
2020-03-05 21:30:00,0.13419124650096137
2020-03-05 21:33:00,0.25885449041328457
2020-03-05 21:36:00,0.22798924880930826
2020-03-05 21:39:00,0.1665279076189563
2020-03-05 21:42:00,0.2751479109943489
2020-03-05 21:45:00,0.24240904025282362
2020-03-05 21:48:00,0.22443884929504065
2020-03-05 21:51:00,0.1712079398428159
2020-03-05 21:54:00,0.24801143843285445
2020-03-05 21:57:00,0.1867577774178244
2020-03-05 22:00:00,0.12748929637717765
2020-03-05 22:03:00,0.29554997810083705
2020-03-05 22:06:00,0.29030799360009496
2020-03-05 22:09:00,0.24800981765520191
2020-03-05 22:12:00,0.18216316823253464
2020-03-05 22:15:00,0.23362566920496874
2020-03-05 22:18:00,0.11749717109682933
2020-03-05 22:21:00,0.20152439390119525
2020-03-05 22:24:00,0.13645653642055322
2020-03-05 22:27:00,0.14304878056930193
2020-03-05 22:30:00,0.24442483364009604
2020-03-05 22:33:00,0.3210076502081165
2020-03-05 22:36:00,0.24468794727465593
2020-03-05 22:39:00,0.22960259893505963
2020-03-05 22:42:00,0.18366480291024345
2020-03-05 22:45:00,0.07077712704824535
2020-03-05 22:48:00,0.11039195576341854
2020-03-05 22:51:00,0.1807200670301654
2020-03-05 22:54:00,0.09890504191815808
2020-03-05 22:57:00,0.22637654329224688
2020-03-05 23:00:00,0.15979501465602652
2020-03-05 23:03:00,0.19969384205666074
2020-03-05 23:06:00,0.2972244237292898
2020-03-05 23:09:00,0.2939872450694452
2020-03-05 23:12:00,0.17213714249567147
2020-03-05 23:15:00,0.31593385369404814
2020-03-05 23:18:00,0.13177460494199522
2020-03-05 23:21:00,0.29834874921391474
2020-03-05 23:24:00,0.31136978965389517
2020-03-05 23:27:00,0.23422092631960822
2020-03-05 23:30:00,0.26700952902285735
2020-03-05 23:33:00,0.2697376330960424
2020-03-05 23:36:00,0.24148432253497276
2020-03-05 23:39:00,0.1805142993250115
2020-03-05 23:42:00,0.2746898985845405
2020-03-05 23:45:00,0.2923678072583584
2020-03-05 23:48:00,0.2508759927142137
2020-03-05 23:51:00,0.17556788061529005
2020-03-05 23:54:00,0.3136306945466458
2020-03-05 23:57:00,0.30833487238237467
2020-03-06 00:00:00,0.24618021118561728
2020-03-06 00:03:00,0.25910061537234697
2020-03-06 00:06:00,0.25284848285781436
2020-03-06 00:09:00,0.23578452064469957
2020-03-06 00:12:00,0.24370468368471165
2020-03-06 00:15:00,0.31684780074658647
2020-03-06 00:18:00,0.3012473108245217
2020-03-06 00:21:00,0.25138977831937837
2020-03-06 00:24:00,0.2553712103284056
2020-03-06 00:27:00,0.28504251129822933
2020-03-06 00:30:00,0.21809762091049834
2020-03-06 00:33:00,0.29719617850491886
2020-03-06 00:36:00,0.23617135789584154
2020-03-06 00:39:00,0.16507991532336064
2020-03-06 00:42:00,0.10979000105226078
2020-03-06 00:45:00,0.27594986844246705
2020-03-06 00:48:00,0.24897824961266224
2020-03-06 00:51:00,0.1423434126365919
2020-03-06 00:54:00,0.1571520883697417
2020-03-06 00:57:00,0.18117113672127516
2020-03-06 01:00:00,0.2347569225735242
2020-03-06 01:03:00,0.12698965310772792
2020-03-06 01:06:00,0.24010084067191428
2020-03-06 01:09:00,0.23521615056841938
2020-03-06 01:12:00,0.179150846058576
2020-03-06 01:15:00,0.27827798490051237
2020-03-06 01:18:00,0.3506744241608999
2020-03-06 01:21:00,0.14980007059978107
2020-03-06 01:24:00,0.3000841638972247
2020-03-06 01:27:00,0.263734249762706
2020-03-06 01:30:00,0.2889188983788813
2020-03-06 01:33:00,0.31761029128551854
2020-03-06 01:36:00,0.2622039367941511
2020-03-06 01:39:00,0.2507631787044602
2020-03-06 01:42:00,0.18207039530079783
2020-03-06 01:45:00,0.20060450754357362
2020-03-06 01:48:00,0.33957674455973574
2020-03-06 01:51:00,0.3244016393597917
2020-03-06 01:54:00,0.43087153843157466
2020-03-06 01:57:00,0.28318802214488414
2020-03-06 02:00:00,0.2585977470860712
2020-03-06 02:03:00,0.19617754371790852
2020-03-06 02:06:00,0.26345148630377935
2020-03-06 02:09:00,0.1787110863218686
2020-03-06 02:12:00,0.12982229888194752
2020-03-06 02:15:00,0.18178911540547915
2020-03-06 02:18:00,0.32231263065114035
2020-03-06 02:21:00,0.2900527167749374
2020-03-06 02:24:00,0.2625232646735185
2020-03-06 02:27:00,0.3317764924787525
2020-03-06 02:30:00,0.19940431661080993
2020-03-06 02:33:00,0.26218311157805374
2020-03-06 02:36:00,0.20140572761914655
2020-03-06 02:39:00,0.2636090472565229
2020-03-06 02:42:00,0.2795915324090288
2020-03-06 02:45:00,0.267043626765485
2020-03-06 02:48:00,0.2620509629113599
2020-03-06 02:51:00,0.254970589861216
2020-03-06 02:54:00,0.2739164538592149
2020-03-06 02:57:00,0.2646989994787532
2020-03-06 03:00:00,0.16265268613460648
2020-03-06 03:03:00,0.27029401755601157
2020-03-06 03:06:00,0.22226044730081185
2020-03-06 03:09:00,0.3079392005359409
2020-03-06 03:12:00,0.2642255823084838
2020-03-06 03:15:00,0.22617852544050265
2020-03-06 03:18:00,0.2730346836700619
2020-03-06 03:21:00,0.2401499112955321
2020-03-06 03:24:00,0.23667523105058308
2020-03-06 03:27:00,0.23428436426780763
2020-03-06 03:30:00,0.28943501296987506
2020-03-06 03:33:00,0.32068686648079847
2020-03-06 03:36:00,0.2856957264791049
2020-03-06 03:39:00,0.2983458225401705
2020-03-06 03:42:00,0.3607742103201872
2020-03-06 03:45:00,0.31631080016677515
2020-03-06 03:48:00,0.33220376450492495
2020-03-06 03:51:00,0.3213477564505638
2020-03-06 03:54:00,0.34319738471083383
2020-03-06 03:57:00,0.22386196996768604
2020-03-06 04:00:00,0.3208475123613539
2020-03-06 04:03:00,0.2986809847427594
2020-03-06 04:06:00,0.3800036439870951
2020-03-06 04:09:00,0.41548473131780383
2020-03-06 04:12:00,0.3009747135887437
2020-03-06 04:15:00,0.27553602749986794
2020-03-06 04:18:00,0.2908746354890468
2020-03-06 04:21:00,0.3728645460076905
2020-03-06 04:24:00,0.2705755450133438
2020-03-06 04:27:00,0.2924513137945155
2020-03-06 04:30:00,0.40056620012654776
2020-03-06 04:33:00,0.3291322627848672
2020-03-06 04:36:00,0.31892223652766916
2020-03-06 04:39:00,0.37772836408436206
2020-03-06 04:42:00,0.351473606456409
2020-03-06 04:45:00,0.39132040070217045
2020-03-06 04:48:00,0.30983334762373715
2020-03-06 04:51:00,0.35070896441345667
2020-03-06 04:54:00,0.29094656827970766
2020-03-06 04:57:00,0.22120531532425503
2020-03-06 05:00:00,0.35235847173322554
2020-03-06 05:03:00,0.359606538748551
2020-03-06 05:06:00,0.3536215522448174
2020-03-06 05:09:00,0.48744803547742777
2020-03-06 05:12:00,0.2833826824025891
2020-03-06 05:15:00,0.32001299395255955
2020-03-06 05:18:00,0.23910221743892635
2020-03-06 05:21:00,0.37024077753585516
2020-03-06 05:24:00,0.24724462552421755
2020-03-06 05:27:00,0.20391705468023247
2020-03-06 05:30:00,0.3080671770077288
2020-03-06 05:33:00,0.3189516709051077
2020-03-06 05:36:00,0.27887874845555416
2020-03-06 05:39:00,0.2686546051865548
2020-03-06 05:42:00,0.2852666200559497
2020-03-06 05:45:00,0.22422337559191874
2020-03-06 05:48:00,0.3268798878125381
2020-03-06 05:51:00,0.21959655279442813
2020-03-06 05:54:00,0.2601982501238922
2020-03-06 05:57:00,0.25771627374399486
2020-03-06 06:00:00,0.24698421600720621
2020-03-06 06:03:00,0.220893390555716
2020-03-06 06:06:00,0.3331487191930478
2020-03-06 06:09:00,0.37384790717896976
2020-03-06 06:12:00,0.265090388473709
2020-03-06 06:15:00,0.31810804776711166
2020-03-06 06:18:00,0.37634554530535524
2020-03-06 06:21:00,0.3854211479015248
2020-03-06 06:24:00,0.42153248250855313
2020-03-06 06:27:00,0.4888448306546138
2020-03-06 06:30:00,0.2995217751064274
2020-03-06 06:33:00,0.20170617051348927
2020-03-06 06:36:00,0.2834185251009558
2020-03-06 06:39:00,0.35193193140912626
2020-03-06 06:42:00,0.414235255644428
2020-03-06 06:45:00,0.3531266945184939
2020-03-06 06:48:00,0.2624280948978708
2020-03-06 06:51:00,0.3392349693912706
2020-03-06 06:54:00,0.36310947450664344
2020-03-06 06:57:00,0.31503770671349685
2020-03-06 07:00:00,0.37387341847806965
2020-03-06 07:03:00,0.37494385746077796
2020-03-06 07:06:00,0.3910300914542404
2020-03-06 07:09:00,0.30698574868364403
2020-03-06 07:12:00,0.4107391476600242
2020-03-06 07:15:00,0.36772976639304034
2020-03-06 07:18:00,0.2892680850342799
2020-03-06 07:21:00,0.2768491939843898
2020-03-06 07:24:00,0.29038691941156003
2020-03-06 07:27:00,0.28255650148292943
2020-03-06 07:30:00,0.20523294441591133
2020-03-06 07:33:00,0.20946876068836673
2020-03-06 07:36:00,0.26935129854524575
2020-03-06 07:39:00,0.21613420761434554
2020-03-06 07:42:00,0.23820078274872003
2020-03-06 07:45:00,0.292744037140551
2020-03-06 07:48:00,0.3130656088060846
2020-03-06 07:51:00,0.3368078656934017
2020-03-06 07:54:00,0.18586999443414243
2020-03-06 07:57:00,0.23653338879677221
2020-03-06 08:00:00,0.1989492299851463
2020-03-06 08:03:00,0.23379263275643325
2020-03-06 08:06:00,0.21749574144274675
2020-03-06 08:09:00,0.3087027253217798
2020-03-06 08:12:00,0.16584808476801527
2020-03-06 08:15:00,0.19030044683569258
2020-03-06 08:18:00,0.30763842520025264
2020-03-06 08:21:00,0.2805642667042889
2020-03-06 08:24:00,0.19703135274238548
2020-03-06 08:27:00,0.17257033475345906
2020-03-06 08:30:00,0.19434484730999202
2020-03-06 08:33:00,0.20079958369893802
2020-03-06 08:36:00,0.34663344512961203
2020-03-06 08:39:00,0.2521337887299069
2020-03-06 08:42:00,0.21891677992141467
2020-03-06 08:45:00,0.21948641645582256
2020-03-06 08:48:00,0.21140300809366863
2020-03-06 08:51:00,0.15680802487031542
2020-03-06 08:54:00,0.15413289966937782
2020-03-06 08:57:00,0.04681054440044363
2020-03-06 09:00:00,0.16281370678984786
2020-03-06 09:03:00,0.10823736724421451
2020-03-06 09:06:00,0.17099222405113323
2020-03-06 09:09:00,0.18554999862732302
2020-03-06 09:12:00,0.014651512798081967
2020-03-06 09:15:00,0.12592810237060803
2020-03-06 09:18:00,0.21016443564678866
2020-03-06 09:21:00,0.07568355907960722
2020-03-06 09:24:00,0.08201877300592741
2020-03-06 09:27:00,0.09144691392498316
2020-03-06 09:30:00,0.06872135433900439
2020-03-06 09:33:00,0.1120582730490014
2020-03-06 09:36:00,0.07857287043725592
2020-03-06 09:39:00,0.047462971976358403
2020-03-06 09:42:00,-0.04041669648080415
2020-03-06 09:45:00,0.0930625808239256
2020-03-06 09:48:00,0.12603005985641857
2020-03-06 09:51:00,0.050617705128502166
2020-03-06 09:54:00,-0.040479684667673155
2020-03-06 09:57:00,0.16869947031051424
2020-03-06 10:00:00,0.10552963840478924
2020-03-06 10:03:00,0.034591509202982706
2020-03-06 10:06:00,0.006770728461390263
2020-03-06 10:09:00,0.026258737199327697
2020-03-06 10:12:00,0.055244570709021446
2020-03-06 10:15:00,0.10390969239961123
2020-03-06 10:18:00,0.11157516418091973
2020-03-06 10:21:00,0.046154365075210535
2020-03-06 10:24:00,0.05072681793484435
2020-03-06 10:27:00,-0.11030299827575618
2020-03-06 10:30:00,-0.056785329038632426
2020-03-06 10:33:00,-0.08074696652221292
2020-03-06 10:36:00,0.06535769085849097
2020-03-06 10:39:00,0.08496849407254103
2020-03-06 10:42:00,-0.0013289027713199175
2020-03-06 10:45:00,0.013252573563477199
2020-03-06 10:48:00,0.03026743095455231
2020-03-06 10:51:00,-0.007019304316713715
2020-03-06 10:54:00,-0.1884799159622048
2020-03-06 10:57:00,-0.01997802028853357
2020-03-06 11:00:00,-0.04230831103109267
2020-03-06 11:03:00,-0.05185624851179682
2020-03-06 11:06:00,-0.09997719997170407
2020-03-06 11:09:00,-0.11039570665025167
2020-03-06 11:12:00,-0.11940445284903944
2020-03-06 11:15:00,-0.015638693815446914
2020-03-06 11:18:00,-0.09154467652786025
2020-03-06 11:21:00,-0.12851739594748324
2020-03-06 11:24:00,-0.08279189015240718
2020-03-06 11:27:00,-0.10040213205917325
2020-03-06 11:30:00,-0.16731096620821972
2020-03-06 11:33:00,-0.24399170226269007
2020-03-06 11:36:00,-0.10160783785244121
2020-03-06 11:39:00,0.036318166933995144
2020-03-06 11:42:00,-0.16676767847769725
2020-03-06 11:45:00,-0.0861593020691771
2020-03-06 11:48:00,-0.19065039631055924
2020-03-06 11:51:00,-0.07279698212806807
2020-03-06 11:54:00,-0.13132728857601705
2020-03-06 11:57:00,-0.18890263730128254
2020-03-06 12:00:00,-0.2064796501009596
2020-03-06 12:03:00,-0.15601753391894135
2020-03-06 12:06:00,-0.13072295900531117
2020-03-06 12:09:00,-0.1606974885445993
2020-03-06 12:12:00,-0.17771508616499432
2020-03-06 12:15:00,-0.187571205047675
2020-03-06 12:18:00,-0.2779110591837366
2020-03-06 12:21:00,-0.21528610358603828
2020-03-06 12:24:00,-0.09727754225286844
2020-03-06 12:27:00,-0.2294073415923208
2020-03-06 12:30:00,-0.18142826808849577
2020-03-06 12:33:00,-0.18573634421500174
2020-03-06 12:36:00,-0.22490338783467223
2020-03-06 12:39:00,-0.2574882077036591
2020-03-06 12:42:00,-0.25974762427688347
2020-03-06 12:45:00,-0.28261019284076383
2020-03-06 12:48:00,-0.3814353690714256
2020-03-06 12:51:00,-0.3177125020866356
2020-03-06 12:54:00,-0.2564797640990264
2020-03-06 12:57:00,-0.41178111768851977
2020-03-06 13:00:00,-0.34935416240165296
2020-03-06 13:03:00,-0.26894489058526005
2020-03-06 13:06:00,-0.35703728686030445
2020-03-06 13:09:00,-0.36091788101646216
2020-03-06 13:12:00,-0.3485812334088223
2020-03-06 13:15:00,-0.3145569731495925
2020-03-06 13:18:00,-0.4185791127185894
2020-03-06 13:21:00,-0.3857251582873005
2020-03-06 13:24:00,-0.44624136260796377
2020-03-06 13:27:00,-0.3762057953295539
2020-03-06 13:30:00,-0.48980032007779073
2020-03-06 13:33:00,-0.3919135280034425
2020-03-06 13:36:00,-0.4352435872259548
2020-03-06 13:39:00,-0.40509484607201784
2020-03-06 13:42:00,-0.4284613525819623
2020-03-06 13:45:00,-0.42501889454564434
2020-03-06 13:48:00,-0.3692544796596735
2020-03-06 13:51:00,-0.37639509014934447
2020-03-06 13:54:00,-0.41022510200582474
2020-03-06 13:57:00,-0.29496929461822674
2020-03-06 14:00:00,-0.2566841681471601
2020-03-06 14:03:00,-0.30987071225769114
2020-03-06 14:06:00,-0.2919167409557417
2020-03-06 14:09:00,-0.23328416387300877
2020-03-06 14:12:00,-0.31450842597377004
2020-03-06 14:15:00,-0.3550218401052234
2020-03-06 14:18:00,-0.21300274916029593
2020-03-06 14:21:00,-0.25854842762032604
2020-03-06 14:24:00,-0.40046677972850375
2020-03-06 14:27:00,-0.4087365388412536
2020-03-06 14:30:00,-0.47819403125350846
2020-03-06 14:33:00,-0.4233353432010176
2020-03-06 14:36:00,-0.420099336653891
2020-03-06 14:39:00,-0.5588985215640605
2020-03-06 14:42:00,-0.30295090157972027
2020-03-06 14:45:00,-0.369854244376711
2020-03-06 14:48:00,-0.3494289333082179
2020-03-06 14:51:00,-0.4047285285560065
2020-03-06 14:54:00,-0.422975471497125
2020-03-06 14:57:00,-0.49880515250498547
2020-03-06 15:00:00,-0.41501162110535006
2020-03-06 15:03:00,-0.4102764652356541
2020-03-06 15:06:00,-0.5438371580544867
2020-03-06 15:09:00,-0.3285095576189292
2020-03-06 15:12:00,-0.3506726425986244
2020-03-06 15:15:00,-0.3553460541214122
2020-03-06 15:18:00,-0.34529093547752154
2020-03-06 15:21:00,-0.42559308062396894
2020-03-06 15:24:00,-0.4111836329566927
2020-03-06 15:27:00,-0.3632042867095606
2020-03-06 15:30:00,-0.44811397353970506
2020-03-06 15:33:00,-0.49837813195028957
2020-03-06 15:36:00,-0.35987605176001125
2020-03-06 15:39:00,-0.4206008651614752
2020-03-06 15:42:00,-0.47589534869882755
2020-03-06 15:45:00,-0.45310568420688924
2020-03-06 15:48:00,-0.4815755134943629
2020-03-06 15:51:00,-0.4760515172269493
2020-03-06 15:54:00,-0.4034625377605039
2020-03-06 15:57:00,-0.5324972172381308
2020-03-06 16:00:00,-0.4592879133096517
2020-03-06 16:03:00,-0.4442484842762724
2020-03-06 16:06:00,-0.40254206915574287
2020-03-06 16:09:00,-0.39013886727980207
2020-03-06 16:12:00,-0.38027512094214444
2020-03-06 16:15:00,-0.3412733872128797
2020-03-06 16:18:00,-0.391248337610989
2020-03-06 16:21:00,-0.45310988787571205
2020-03-06 16:24:00,-0.5404060366753924
2020-03-06 16:27:00,-0.47476330965542957
2020-03-06 16:30:00,-0.4104070315058834
2020-03-06 16:33:00,-0.4552120506552342
2020-03-06 16:36:00,-0.48053474487448966
2020-03-06 16:39:00,-0.3512916399325263
2020-03-06 16:42:00,-0.43106160442420105
2020-03-06 16:45:00,-0.395998600109408
2020-03-06 16:48:00,-0.3546845815468487
2020-03-06 16:51:00,-0.4180280779876284
2020-03-06 16:54:00,-0.3828071077390405
2020-03-06 16:57:00,-0.49186792464018936
2020-03-06 17:00:00,-0.46016520793278914
2020-03-06 17:03:00,-0.4957272409322968
2020-03-06 17:06:00,-0.4166368079937115
2020-03-06 17:09:00,-0.3339254350700571
2020-03-06 17:12:00,-0.37898404038554645
2020-03-06 17:15:00,-0.26982938007461144
2020-03-06 17:18:00,-0.26483020572072746
2020-03-06 17:21:00,-0.26157506144392073
2020-03-06 17:24:00,-0.19966946337274294
2020-03-06 17:27:00,-0.21325043061420956
2020-03-06 17:30:00,-0.2640573229542724
2020-03-06 17:33:00,-0.21309732721169894
2020-03-06 17:36:00,-0.12523040759970172
2020-03-06 17:39:00,-0.25664427956809277
2020-03-06 17:42:00,-0.27153936107498566
2020-03-06 17:45:00,-0.281008381412164
2020-03-06 17:48:00,-0.34339526071818227
2020-03-06 17:51:00,-0.3102728468105056
2020-03-06 17:54:00,-0.34189828529724764
2020-03-06 17:57:00,-0.1902372202058018
2020-03-06 18:00:00,-0.1842454915542362
2020-03-06 18:03:00,-0.3242408355388875
2020-03-06 18:06:00,-0.24440055262709848
2020-03-06 18:09:00,-0.3784406346246669
2020-03-06 18:12:00,-0.24180445610255674
2020-03-06 18:15:00,-0.17961673948713042
2020-03-06 18:18:00,-0.26150928056534894
2020-03-06 18:21:00,-0.22698732661729082
2020-03-06 18:24:00,-0.25096579072146596
2020-03-06 18:27:00,-0.23929915390107226
2020-03-06 18:30:00,-0.3728501523646628
2020-03-06 18:33:00,-0.18138448441413857
2020-03-06 18:36:00,-0.24896954813010552
2020-03-06 18:39:00,-0.13936815535919322
2020-03-06 18:42:00,-0.12741491110796233
2020-03-06 18:45:00,-0.17965547612749333
2020-03-06 18:48:00,-0.18523545543882847
2020-03-06 18:51:00,-0.18046194553176065
2020-03-06 18:54:00,
2020-03-06 18:57:00,
2020-03-06 19:00:00,
2020-03-06 19:03:00,-0.17351344649597422
2020-03-06 19:06:00,-0.1938923724105166
2020-03-06 19:09:00,-0.21913065034544843
2020-03-06 19:12:00,-0.1544260468180596
2020-03-06 19:15:00,-0.11411305499541413
2020-03-06 19:18:00,-0.09772024230960596
2020-03-06 19:21:00,-0.12967707755916535
2020-03-06 19:24:00,-0.18479669318861625
2020-03-06 19:27:00,-0.06290198047565809
2020-03-06 19:30:00,-0.0740561861064748
2020-03-06 19:33:00,-0.10133796634335113
2020-03-06 19:36:00,-0.0738368774594278
2020-03-06 19:39:00,-0.060283869264765144
2020-03-06 19:42:00,-0.0760484928259757
2020-03-06 19:45:00,-0.08743142417540639
2020-03-06 19:48:00,-0.02700877622532971
2020-03-06 19:51:00,-0.06435220923589213
2020-03-06 19:54:00,-0.056756239039259526
2020-03-06 19:57:00,0.030616429938731926
2020-03-06 20:00:00,-0.01784825323198902
2020-03-06 20:03:00,0.00966612875294004
2020-03-06 20:06:00,-0.0027142877366372886
2020-03-06 20:09:00,0.09380919224008721
2020-03-06 20:12:00,0.04195743094288673
2020-03-06 20:15:00,0.002648781136656453
2020-03-06 20:18:00,0.12531540673887775
2020-03-06 20:21:00,0.10308639992399549
2020-03-06 20:24:00,0.11111083493733531
2020-03-06 20:27:00,0.01662100315814996
2020-03-06 20:30:00,0.17781535567439732
2020-03-06 20:33:00,0.1978502809897691
2020-03-06 20:36:00,0.1177382120183097
2020-03-06 20:39:00,0.1819598670657001
2020-03-06 20:42:00,0.16148120782207798
2020-03-06 20:45:00,0.21590544537593814
2020-03-06 20:48:00,0.11941850401132115
2020-03-06 20:51:00,0.2449000361100957
2020-03-06 20:54:00,0.21281330577113522
2020-03-06 20:57:00,0.23346547806738727
2020-03-06 21:00:00,0.21479859443371652
2020-03-06 21:03:00,0.25006218150764425
2020-03-06 21:06:00,0.2962566966360214
2020-03-06 21:09:00,0.17125137170694416
2020-03-06 21:12:00,0.17036033350058233
2020-03-06 21:15:00,0.28421178690120996
2020-03-06 21:18:00,0.20631315257844562
2020-03-06 21:21:00,0.2726227159241148
2020-03-06 21:24:00,0.15463802963273565
2020-03-06 21:27:00,0.171484120258242
2020-03-06 21:30:00,0.19620575130630868
2020-03-06 21:33:00,0.13555413274582406
2020-03-06 21:36:00,0.26906981521023
2020-03-06 21:39:00,0.18821923164136933
2020-03-06 21:42:00,0.1912119191241004
2020-03-06 21:45:00,0.11178202700534712
2020-03-06 21:48:00,0.19956925854347674
2020-03-06 21:51:00,0.21622678581655919
2020-03-06 21:54:00,0.10820378226947014
2020-03-06 21:57:00,0.11868073848802396
2020-03-06 22:00:00,0.13186718916330165
2020-03-06 22:03:00,0.30565640578339526
2020-03-06 22:06:00,0.15471730042315812
2020-03-06 22:09:00,0.2671635632146945
2020-03-06 22:12:00,0.17233536540823025
2020-03-06 22:15:00,0.3410585864927498
2020-03-06 22:18:00,0.29236048846229323
2020-03-06 22:21:00,0.24371616846013922
2020-03-06 22:24:00,0.228679509023209
2020-03-06 22:27:00,0.26779883096332924
2020-03-06 22:30:00,0.2788897520740079
2020-03-06 22:33:00,0.2567909501539134
2020-03-06 22:36:00,0.23267831780748338
2020-03-06 22:39:00,0.16117368485186034
2020-03-06 22:42:00,0.19768197132077603
2020-03-06 22:45:00,0.20964674314183185
2020-03-06 22:48:00,0.20425276619693022
2020-03-06 22:51:00,0.2176277328393894
2020-03-06 22:54:00,0.22271680611186184
2020-03-06 22:57:00,0.2697921147805573
2020-03-06 23:00:00,0.19956908619320757
2020-03-06 23:03:00,0.19702942014032487
2020-03-06 23:06:00,0.22565129458558886
2020-03-06 23:09:00,0.28621364404085625
2020-03-06 23:12:00,0.19450118935310456
2020-03-06 23:15:00,0.22941237714479712
2020-03-06 23:18:00,0.3170161307658077
2020-03-06 23:21:00,0.23916593770678674
2020-03-06 23:24:00,0.15290308049316081
2020-03-06 23:27:00,0.08927253865374496
2020-03-06 23:30:00,0.23306883667186185
2020-03-06 23:33:00,0.14379101145999584
2020-03-06 23:36:00,0.13261082574547345
2020-03-06 23:39:00,0.20953481551271125
2020-03-06 23:42:00,0.29062291703695564
2020-03-06 23:45:00,0.24907211204413215
2020-03-06 23:48:00,0.21802578689886332
2020-03-06 23:51:00,0.21902074676683014
2020-03-06 23:54:00,0.2277360522700178
2020-03-06 23:57:00,0.203567337562788
2020-03-07 00:00:00,0.24362624573899438
2020-03-07 00:03:00,0.1939040961543128
2020-03-07 00:06:00,0.23885703983773965
2020-03-07 00:09:00,0.27185368280112243
2020-03-07 00:12:00,0.22702113352158904
2020-03-07 00:15:00,0.21368305154999234
2020-03-07 00:18:00,0.24260510541125768
2020-03-07 00:21:00,0.2544369860410143
2020-03-07 00:24:00,0.23302285152090008
2020-03-07 00:27:00,0.28227328825607856
2020-03-07 00:30:00,0.38653849759867853
2020-03-07 00:33:00,0.2834031026005732
2020-03-07 00:36:00,0.3787033721729358
2020-03-07 00:39:00,0.27410459046245705
2020-03-07 00:42:00,0.3535092705315037
2020-03-07 00:45:00,0.32258163449182575
2020-03-07 00:48:00,0.3021612635751012
2020-03-07 00:51:00,0.27484442438276346
2020-03-07 00:54:00,0.35930140933817256
2020-03-07 00:57:00,0.40819881172478745
2020-03-07 01:00:00,0.2884731036784274
2020-03-07 01:03:00,0.31789949969663667
2020-03-07 01:06:00,0.29590625328432907
2020-03-07 01:09:00,0.31909107588222696
2020-03-07 01:12:00,0.29812252431827346
2020-03-07 01:15:00,0.2562978345133615
2020-03-07 01:18:00,0.2688141270545543
2020-03-07 01:21:00,0.34369895564890385
2020-03-07 01:24:00,0.3241442468767559
2020-03-07 01:27:00,0.21468166518883436
2020-03-07 01:30:00,0.28457622525979787
2020-03-07 01:33:00,0.2965580212225518
2020-03-07 01:36:00,0.2531691619573735
2020-03-07 01:39:00,0.3024680499081569
2020-03-07 01:42:00,0.2884228241855453
2020-03-07 01:45:00,0.2556112015877261
2020-03-07 01:48:00,0.31560343975530714
2020-03-07 01:51:00,0.2474495393459506
2020-03-07 01:54:00,0.3296380171140072
2020-03-07 01:57:00,0.2713032645420981
2020-03-07 02:00:00,0.36594935410653306
2020-03-07 02:03:00,0.33322908783947014
2020-03-07 02:06:00,0.2674619236295257
2020-03-07 02:09:00,0.28189162529986334
2020-03-07 02:12:00,0.250128075564362
2020-03-07 02:15:00,0.3598515326033862
2020-03-07 02:18:00,0.2834746860094697
2020-03-07 02:21:00,0.317524809029635
2020-03-07 02:24:00,0.2505647288247701
2020-03-07 02:27:00,0.29840323146748915
2020-03-07 02:30:00,0.33098596371257827
2020-03-07 02:33:00,0.3120191164626931
2020-03-07 02:36:00,0.38440557600267766
2020-03-07 02:39:00,0.32227762333343435
2020-03-07 02:42:00,0.4091101778224129
2020-03-07 02:45:00,0.33075508406790277
2020-03-07 02:48:00,0.4146447921629033
2020-03-07 02:51:00,0.4489495023961467
2020-03-07 02:54:00,0.41329757115966004
2020-03-07 02:57:00,0.4063452239289518
2020-03-07 03:00:00,0.29667282433484843
2020-03-07 03:03:00,0.31350959092088715
2020-03-07 03:06:00,0.43729772911677856
2020-03-07 03:09:00,0.39121940089319196
2020-03-07 03:12:00,0.348452440786275
2020-03-07 03:15:00,0.3872190582909525
2020-03-07 03:18:00,0.3217091730676884
2020-03-07 03:21:00,0.28707375461931406
2020-03-07 03:24:00,0.3208732617869714
2020-03-07 03:27:00,0.32072047935025694
2020-03-07 03:30:00,0.3432367025174585
2020-03-07 03:33:00,0.32549064412302187
2020-03-07 03:36:00,0.2967318596410564
2020-03-07 03:39:00,0.4163894956591889
2020-03-07 03:42:00,0.3028975799466025
2020-03-07 03:45:00,0.23006688451738455
2020-03-07 03:48:00,0.3285758770585403
2020-03-07 03:51:00,0.19136469897631514
2020-03-07 03:54:00,0.3023975720386147
2020-03-07 03:57:00,0.3226640553165794
2020-03-07 04:00:00,0.2433295204721162
2020-03-07 04:03:00,0.3256463443079838
2020-03-07 04:06:00,0.4172796833657344
2020-03-07 04:09:00,0.25375865099147177
2020-03-07 04:12:00,0.21906558465286707
2020-03-07 04:15:00,0.24676586769697906
2020-03-07 04:18:00,0.2657807769932674
2020-03-07 04:21:00,0.22319607806366548
2020-03-07 04:24:00,0.35255589988366864
2020-03-07 04:27:00,0.3264910444996758
2020-03-07 04:30:00,0.37139014459648934
2020-03-07 04:33:00,0.2832965906449658
2020-03-07 04:36:00,0.3742525376397907
2020-03-07 04:39:00,0.3377428059210956
2020-03-07 04:42:00,0.42372343424159453
2020-03-07 04:45:00,0.29070061256226154
2020-03-07 04:48:00,0.33305988084458704
2020-03-07 04:51:00,0.3504168701571757
2020-03-07 04:54:00,0.41149846175079574
2020-03-07 04:57:00,0.31579165391974584
2020-03-07 05:00:00,0.31808924942157546
2020-03-07 05:03:00,0.29671042857904695
2020-03-07 05:06:00,0.3625931381122882
2020-03-07 05:09:00,0.37024800835189353
2020-03-07 05:12:00,0.41309608104381823
2020-03-07 05:15:00,0.30461551045266333
2020-03-07 05:18:00,0.33595240223536393
2020-03-07 05:21:00,0.4223355289457231
2020-03-07 05:24:00,0.316059119772774
2020-03-07 05:27:00,0.2888266187888462
2020-03-07 05:30:00,0.2877157510372399
2020-03-07 05:33:00,0.3148797390813911
2020-03-07 05:36:00,0.22869296543137807
2020-03-07 05:39:00,0.1795757196946397
2020-03-07 05:42:00,0.2084129061010458
2020-03-07 05:45:00,0.22447581679961104
2020-03-07 05:48:00,0.21462899084338005
2020-03-07 05:51:00,0.2765915457515007
2020-03-07 05:54:00,0.1664606845525327
2020-03-07 05:57:00,0.32745070252786945
2020-03-07 06:00:00,0.3243251020716116
2020-03-07 06:03:00,0.2256774463615443
2020-03-07 06:06:00,0.29161388413962186
2020-03-07 06:09:00,0.3670495997035914
2020-03-07 06:12:00,0.3421736777903561
2020-03-07 06:15:00,0.3683659987728447
2020-03-07 06:18:00,0.4309239980517532
2020-03-07 06:21:00,0.2848761314905346
2020-03-07 06:24:00,0.34305395553366225
2020-03-07 06:27:00,0.4297364585212904
2020-03-07 06:30:00,0.4847271277953382
2020-03-07 06:33:00,0.42382675669892933
2020-03-07 06:36:00,0.25202493155751426
2020-03-07 06:39:00,0.4590339994367696
2020-03-07 06:42:00,0.3956277688987484
2020-03-07 06:45:00,0.3551038537165141
2020-03-07 06:48:00,0.414635755014217
2020-03-07 06:51:00,0.3862102190085466
2020-03-07 06:54:00,0.44417965003611926
2020-03-07 06:57:00,0.4321049682354783
2020-03-07 07:00:00,0.37380447737007216
2020-03-07 07:03:00,0.4738942152551999
2020-03-07 07:06:00,0.43166176152260505
2020-03-07 07:09:00,0.34447566083423453
2020-03-07 07:12:00,0.34833308020915865
2020-03-07 07:15:00,0.37362020755386993
2020-03-07 07:18:00,0.3822119574544445
2020-03-07 07:21:00,0.4120493604303874
2020-03-07 07:24:00,0.34349331364683167
2020-03-07 07:27:00,0.44502923023731
2020-03-07 07:30:00,0.4134332007873809
2020-03-07 07:33:00,0.3830304531020374
2020-03-07 07:36:00,0.4210608562381708
2020-03-07 07:39:00,0.41070382948976203
2020-03-07 07:42:00,0.3706539278201717
2020-03-07 07:45:00,0.41561610677331373
2020-03-07 07:48:00,0.44486582528514873
2020-03-07 07:51:00,0.4669125700327186
2020-03-07 07:54:00,0.3269081381582737
2020-03-07 07:57:00,0.31309402253964436
2020-03-07 08:00:00,0.27875132618243015
2020-03-07 08:03:00,0.3214971494033989
2020-03-07 08:06:00,0.34063205575796474
2020-03-07 08:09:00,0.32376186279225294
2020-03-07 08:12:00,0.29280791935497064
2020-03-07 08:15:00,0.2607603470319191
2020-03-07 08:18:00,0.31709747803455457
2020-03-07 08:21:00,0.3080665545147667
2020-03-07 08:24:00,0.23331201735248897
2020-03-07 08:27:00,0.24431286104498895
2020-03-07 08:30:00,0.21424347679499078
2020-03-07 08:33:00,0.3188519794413196
2020-03-07 08:36:00,0.3096490971050798
2020-03-07 08:39:00,0.27302819961158775
2020-03-07 08:42:00,0.19948578400806127
2020-03-07 08:45:00,0.2782211174061331
2020-03-07 08:48:00,0.2703921127329636
2020-03-07 08:51:00,0.30085633515147947
2020-03-07 08:54:00,0.20316008636808647
2020-03-07 08:57:00,0.2405196493157291
2020-03-07 09:00:00,0.25417857403999733
2020-03-07 09:03:00,0.264319554693941
2020-03-07 09:06:00,0.19151999972825706
2020-03-07 09:09:00,0.2107687460192551
2020-03-07 09:12:00,0.24528665373952663
2020-03-07 09:15:00,0.1907087692329128
2020-03-07 09:18:00,0.2614998210507906
2020-03-07 09:21:00,0.1883226099365629
2020-03-07 09:24:00,0.1725457988795256
2020-03-07 09:27:00,0.213127435192348
2020-03-07 09:30:00,0.19775931347635378
2020-03-07 09:33:00,0.09547175722775592
2020-03-07 09:36:00,0.11928895925569805
2020-03-07 09:39:00,0.0898254731790189
2020-03-07 09:42:00,0.23857022403228711
2020-03-07 09:45:00,0.2061425475579881
2020-03-07 09:48:00,0.16856110126826707
2020-03-07 09:51:00,0.15618573667296687
2020-03-07 09:54:00,0.16283608820737072
2020-03-07 09:57:00,0.005317294453902832
2020-03-07 10:00:00,0.1513954781704001
2020-03-07 10:03:00,0.1711651131950589
2020-03-07 10:06:00,0.05211830924042715
2020-03-07 10:09:00,0.1234686822536446
2020-03-07 10:12:00,0.04748666743591912
2020-03-07 10:15:00,-0.058907002063619984
2020-03-07 10:18:00,0.043080372722897664
2020-03-07 10:21:00,0.018448334134802735
2020-03-07 10:24:00,-0.05961483476284002
2020-03-07 10:27:00,0.13280286656640783
2020-03-07 10:30:00,0.0381418391813213
2020-03-07 10:33:00,0.1063554660979662
2020-03-07 10:36:00,0.057174768890604355
2020-03-07 10:39:00,0.09625349216685208
2020-03-07 10:42:00,0.018265243187272517
2020-03-07 10:45:00,0.10011196757807284
2020-03-07 10:48:00,0.09319346322871525
2020-03-07 10:51:00,0.03258983828840201
2020-03-07 10:54:00,-0.011755754031128163
2020-03-07 10:57:00,-0.08500143594113752
2020-03-07 11:00:00,0.0009621869288025664
2020-03-07 11:03:00,-0.04817250249271865
2020-03-07 11:06:00,-0.03214923682389781
2020-03-07 11:09:00,-0.08665694723953266
2020-03-07 11:12:00,-0.14811085040685157
2020-03-07 11:15:00,-0.03590023383742391
2020-03-07 11:18:00,-0.07632369804736072
2020-03-07 11:21:00,-0.04558500728467152
2020-03-07 11:24:00,0.007170670618961594
2020-03-07 11:27:00,0.03758168763170033
2020-03-07 11:30:00,-0.04427660214184925
2020-03-07 11:33:00,-0.1311895328180981
2020-03-07 11:36:00,-0.08796760425536831
2020-03-07 11:39:00,-0.051925642878870804
2020-03-07 11:42:00,-0.11458057121245702
2020-03-07 11:45:00,-0.01623303556374367
2020-03-07 11:48:00,-0.07837929170847246
2020-03-07 11:51:00,-0.1023242188271638
2020-03-07 11:54:00,-0.13942588253576105
2020-03-07 11:57:00,-0.18431240974490493
2020-03-07 12:00:00,-0.20209296713738922
2020-03-07 12:03:00,-0.11874999523718088
2020-03-07 12:06:00,-0.3207832212477797
2020-03-07 12:09:00,-0.20505076126778476
2020-03-07 12:12:00,-0.04518260612485392
2020-03-07 12:15:00,0.04727760427044814
2020-03-07 12:18:00,-0.026522471285545635
2020-03-07 12:21:00,-0.09903375460351072
2020-03-07 12:24:00,-0.10864645953910212
2020-03-07 12:27:00,-0.14302195195631384
2020-03-07 12:30:00,-0.1488735222158084
2020-03-07 12:33:00,-0.1940658462377769
2020-03-07 12:36:00,-0.1352542205310101
2020-03-07 12:39:00,-0.1501846874841135
2020-03-07 12:42:00,-0.22000132621400326
2020-03-07 12:45:00,-0.10667333180919059
2020-03-07 12:48:00,-0.08123825675858143
2020-03-07 12:51:00,-0.2203941423272795
2020-03-07 12:54:00,-0.18022483355196073
2020-03-07 12:57:00,-0.18375065951448732
2020-03-07 13:00:00,-0.22909941639488807
2020-03-07 13:03:00,-0.30785638278638316
2020-03-07 13:06:00,-0.2662104698464418
2020-03-07 13:09:00,-0.3172279322056397
2020-03-07 13:12:00,-0.17987286763406019
2020-03-07 13:15:00,-0.229354922170387
2020-03-07 13:18:00,-0.25877195163155875
2020-03-07 13:21:00,-0.3151181349116996
2020-03-07 13:24:00,-0.2317593037374195
2020-03-07 13:27:00,-0.2296285890336094
2020-03-07 13:30:00,-0.1950616896115207
2020-03-07 13:33:00,-0.23880738875686802
2020-03-07 13:36:00,-0.13586175771462194
2020-03-07 13:39:00,-0.11711498543155585
2020-03-07 13:42:00,-0.17778952279809346
2020-03-07 13:45:00,-0.21325289746584986
2020-03-07 13:48:00,-0.24215772011359604
2020-03-07 13:51:00,-0.27300211621468407
2020-03-07 13:54:00,-0.3077991233936359
2020-03-07 13:57:00,-0.3390155731711957
2020-03-07 14:00:00,-0.28706812568884743
2020-03-07 14:03:00,-0.3719075413213204
2020-03-07 14:06:00,-0.35435787677369035
2020-03-07 14:09:00,-0.31644154078611564
2020-03-07 14:12:00,-0.39302106904330003
2020-03-07 14:15:00,-0.22419577694211057
2020-03-07 14:18:00,-0.2762978320799334
2020-03-07 14:21:00,-0.2590750391052552
2020-03-07 14:24:00,-0.06796368028625466
2020-03-07 14:27:00,0.20462933427387497
2020-03-07 14:30:00,0.5139576754081077
2020-03-07 14:33:00,0.4522997612909876
2020-03-07 14:36:00,0.47062980563043766
2020-03-07 14:39:00,0.6207904170256597
2020-03-07 14:42:00,0.5854999004854449
2020-03-07 14:45:00,0.29623881644204175
2020-03-07 14:48:00,0.3109850702580843
2020-03-07 14:51:00,0.25699933475829084
2020-03-07 14:54:00,0.3433140551529732
2020-03-07 14:57:00,0.24291196052200803
2020-03-07 15:00:00,0.20756542089321783
2020-03-07 15:03:00,0.1812057511588705
2020-03-07 15:06:00,0.134806133551308
2020-03-07 15:09:00,0.21548465717353338
2020-03-07 15:12:00,0.1745876992566764
2020-03-07 15:15:00,0.3071272690513638
2020-03-07 15:18:00,0.45715050187254747
2020-03-07 15:21:00,0.3970059854640908
2020-03-07 15:24:00,0.15555719857889017
2020-03-07 15:27:00,-0.003886347203092555
2020-03-07 15:30:00,-0.08891571702110923
2020-03-07 15:33:00,-0.249758713886024
2020-03-07 15:36:00,-0.1797522083376748
2020-03-07 15:39:00,-0.015519725365777504
2020-03-07 15:42:00,-0.09092844816819934
2020-03-07 15:45:00,-0.11030885788642308
2020-03-07 15:48:00,-0.013927874613727909
2020-03-07 15:51:00,-0.15083579137819925
2020-03-07 15:54:00,-0.05781254387233048
2020-03-07 15:57:00,-0.08520310638459705
2020-03-07 16:00:00,-0.19465257129502334
2020-03-07 16:03:00,-0.29039549464800984
2020-03-07 16:06:00,-0.23700183465751934
2020-03-07 16:09:00,-0.3509954896570662
2020-03-07 16:12:00,-0.3412342573739693
2020-03-07 16:15:00,-0.2613096918008182
2020-03-07 16:18:00,-0.42577866109235174
2020-03-07 16:21:00,-0.1977200835337385
2020-03-07 16:24:00,-0.17355443017856942
2020-03-07 16:27:00,-0.19946029244817964
2020-03-07 16:30:00,-0.22235997197009283
2020-03-07 16:33:00,-0.20762467597023715
2020-03-07 16:36:00,-0.27448697795978205
2020-03-07 16:39:00,-0.23975981976991534
2020-03-07 16:42:00,-0.2604391907350987
2020-03-07 16:45:00,-0.18152976074100025
2020-03-07 16:48:00,-0.3009669231817611
2020-03-07 16:51:00,-0.27060310239454566
2020-03-07 16:54:00,-0.3191769373899547
2020-03-07 16:57:00,-0.2714540314364058
2020-03-07 17:00:00,-0.20593974560119932
2020-03-07 17:03:00,-0.30056956586764727
2020-03-07 17:06:00,-0.16767566545172485
2020-03-07 17:09:00,-0.1500659375836335
2020-03-07 17:12:00,-0.15945547701716123
2020-03-07 17:15:00,-0.26355540469933203
2020-03-07 17:18:00,-0.2496643398860101
2020-03-07 17:21:00,-0.17964415405623413
2020-03-07 17:24:00,-0.16193956992611902
2020-03-07 17:27:00,-0.1848031185024297
2020-03-07 17:30:00,-0.13546045716236677
2020-03-07 17:33:00,-0.05279980647651428
2020-03-07 17:36:00,-0.22536269002728204
2020-03-07 17:39:00,-0.14863742449460915
2020-03-07 17:42:00,-0.08253308428550099
2020-03-07 17:45:00,-0.07541754025885439
2020-03-07 17:48:00,-0.0644546449916561
2020-03-07 17:51:00,-0.14375555711728794
2020-03-07 17:54:00,-0.07680895200093119
2020-03-07 17:57:00,-0.062452710530806144
2020-03-07 18:00:00,-0.034048575736562725
2020-03-07 18:03:00,-0.09168722550339226
2020-03-07 18:06:00,-0.03537988997885577
2020-03-07 18:09:00,0.0016348527433933668
2020-03-07 18:12:00,-0.013100760213092144
2020-03-07 18:15:00,-0.01642962139027304
2020-03-07 18:18:00,0.00732971894245793
2020-03-07 18:21:00,0.030257725846922767
2020-03-07 18:24:00,-0.023659903046336694
2020-03-07 18:27:00,0.025822699951163486
2020-03-07 18:30:00,0.12533028507260724
2020-03-07 18:33:00,0.14243349590958587
2020-03-07 18:36:00,0.08148685424362156
2020-03-07 18:39:00,0.12129448969761825
2020-03-07 18:42:00,0.032711186666858794
2020-03-07 18:45:00,0.09026510801896848
2020-03-07 18:48:00,0.23317349630116269
2020-03-07 18:51:00,0.03504165085848854
2020-03-07 18:54:00,0.18033456526075042
2020-03-07 18:57:00,
2020-03-07 19:00:00,
2020-03-07 19:03:00,0.14159248506138056
2020-03-07 19:06:00,0.1318656023763083
2020-03-07 19:09:00,0.0980238084396774
2020-03-07 19:12:00,0.2562968511559802
2020-03-07 19:15:00,0.128331151589407
2020-03-07 19:18:00,0.24919134547235444
2020-03-07 19:21:00,0.12644904437388504
2020-03-07 19:24:00,0.23175305347234598
2020-03-07 19:27:00,0.19486425499798088
2020-03-07 19:30:00,0.18114799315605978
2020-03-07 19:33:00,0.25606748089057874
2020-03-07 19:36:00,0.20546508432408928
2020-03-07 19:39:00,0.2554148169353425
2020-03-07 19:42:00,0.19685489647935128
2020-03-07 19:45:00,0.21743045654466187
2020-03-07 19:48:00,0.3204084644527825
2020-03-07 19:51:00,0.2534337630194159
2020-03-07 19:54:00,0.33940807914945026
2020-03-07 19:57:00,0.2637303117528518
2020-03-07 20:00:00,0.2443993585461044
2020-03-07 20:03:00,0.2840259222202235
2020-03-07 20:06:00,0.19932986099451
2020-03-07 20:09:00,0.24365197095693247
2020-03-07 20:12:00,0.25451661885944077
2020-03-07 20:15:00,0.32563238089852575
2020-03-07 20:18:00,0.2776171119650144
2020-03-07 20:21:00,0.20386685081666656
2020-03-07 20:24:00,0.2491809562083631
2020-03-07 20:27:00,0.26160675244699405
2020-03-07 20:30:00,0.20509990411989065
2020-03-07 20:33:00,0.25763740451486683
2020-03-07 20:36:00,0.2535247345147127
2020-03-07 20:39:00,0.2977898621966233
2020-03-07 20:42:00,0.2604470534264465
2020-03-07 20:45:00,0.22973035330630864
2020-03-07 20:48:00,0.2242863761535432
2020-03-07 20:51:00,0.257492246968809
2020-03-07 20:54:00,0.28227072747426973
2020-03-07 20:57:00,0.22683652312747427
2020-03-07 21:00:00,0.22821584433876296
2020-03-07 21:03:00,0.2546111024040556
2020-03-07 21:06:00,0.31121677724905794
2020-03-07 21:09:00,0.2818227069708996
2020-03-07 21:12:00,0.27774232080372485
2020-03-07 21:15:00,0.22061743404134404
2020-03-07 21:18:00,0.2525933400951885
2020-03-07 21:21:00,0.2273781249368767
2020-03-07 21:24:00,0.2282320557231401
2020-03-07 21:27:00,0.19657181190507345
2020-03-07 21:30:00,0.10901585744119302
2020-03-07 21:33:00,0.26466121916689644
2020-03-07 21:36:00,0.21744368375237855
2020-03-07 21:39:00,0.1702164677349174
2020-03-07 21:42:00,0.21922684458075992
2020-03-07 21:45:00,0.2670088353658002
2020-03-07 21:48:00,0.2507645431123251
2020-03-07 21:51:00,0.23120493218874572
2020-03-07 21:54:00,0.17237564976267095
2020-03-07 21:57:00,0.22510798489446415
2020-03-07 22:00:00,0.27004551756419914
2020-03-07 22:03:00,0.22406960314759772
2020-03-07 22:06:00,0.27721884632580895
2020-03-07 22:09:00,0.20210388155373948
2020-03-07 22:12:00,0.23682551320348466
2020-03-07 22:15:00,0.19878644294277592
2020-03-07 22:18:00,0.3249358777266025
2020-03-07 22:21:00,0.15138965761923373
2020-03-07 22:24:00,0.21510753141581063
2020-03-07 22:27:00,0.36047140139993417
2020-03-07 22:30:00,0.20755681633215772
2020-03-07 22:33:00,0.3127473408071637
2020-03-07 22:36:00,0.23932579493066442
2020-03-07 22:39:00,0.1911983960312682
2020-03-07 22:42:00,0.23512541168696544
2020-03-07 22:45:00,0.23849843576556395
2020-03-07 22:48:00,0.18443493498625685
2020-03-07 22:51:00,0.2831511072384387
2020-03-07 22:54:00,0.21397335954549135
2020-03-07 22:57:00,0.18076968868888343
2020-03-07 23:00:00,0.21185944932068423
2020-03-07 23:03:00,0.2848544846003733
2020-03-07 23:06:00,0.2804789841012507
2020-03-07 23:09:00,0.22130782609968946
2020-03-07 23:12:00,0.12822767968935977
2020-03-07 23:15:00,0.2375433873168049
2020-03-07 23:18:00,0.20867340548920765
2020-03-07 23:21:00,0.21743152410618904
2020-03-07 23:24:00,0.19020615345863234
2020-03-07 23:27:00,0.2576381242761272
2020-03-07 23:30:00,0.20371739205336326
2020-03-07 23:33:00,0.11240941799343318
2020-03-07 23:36:00,0.16194343133719258
2020-03-07 23:39:00,0.16167135799162224
2020-03-07 23:42:00,0.2691495294914148
2020-03-07 23:45:00,0.15730875297577995
2020-03-07 23:48:00,0.18820186174127684
2020-03-07 23:51:00,0.17937077106290644
2020-03-07 23:54:00,0.16732519186984973
2020-03-07 23:57:00,0.14132049051187323
2020-03-08 00:00:00,0.21760443886000758
2020-03-08 00:03:00,0.20448705147180135
2020-03-08 00:06:00,0.18619002502094872
2020-03-08 00:09:00,0.17534090701389005
2020-03-08 00:12:00,0.30874762306353887
2020-03-08 00:15:00,0.1609503987407379
2020-03-08 00:18:00,0.23808580861157225
2020-03-08 00:21:00,0.19033899979189073
2020-03-08 00:24:00,0.24302855099369935
2020-03-08 00:27:00,0.14297169627621997
2020-03-08 00:30:00,0.22610781046262218
2020-03-08 00:33:00,0.2018123998784631
2020-03-08 00:36:00,0.1614134935487641
2020-03-08 00:39:00,0.20659915834090725
2020-03-08 00:42:00,0.20523511674048223
2020-03-08 00:45:00,0.24148768599644654
2020-03-08 00:48:00,0.1347603315939523
2020-03-08 00:51:00,0.198800476388044
2020-03-08 00:54:00,0.13463615255506056
2020-03-08 00:57:00,0.17366794926351758
2020-03-08 01:00:00,0.22430420704301923
2020-03-08 01:03:00,0.25475857101207566
2020-03-08 01:06:00,0.2802966587078686
2020-03-08 01:09:00,0.24446064220563812
2020-03-08 01:12:00,0.2329193019947411
2020-03-08 01:15:00,0.20487716688080582
2020-03-08 01:18:00,0.2297894864697696
2020-03-08 01:21:00,0.303586470514972
2020-03-08 01:24:00,0.24453596946824518
2020-03-08 01:27:00,0.30059700008212076
2020-03-08 01:30:00,0.2723629506905354
2020-03-08 01:33:00,0.20537827819151744
2020-03-08 01:36:00,0.30788177780885917
2020-03-08 01:39:00,0.21659787549958764
2020-03-08 01:42:00,0.2226371322859677
2020-03-08 01:45:00,0.26181046424142096
2020-03-08 01:48:00,0.20123230799379144
2020-03-08 01:51:00,0.23504458333815137
2020-03-08 01:54:00,0.2174507583923173
2020-03-08 01:57:00,0.3158200887144744
2020-03-08 02:00:00,0.3198106809961132
2020-03-08 02:03:00,0.3027532005029343
2020-03-08 02:06:00,0.3843712117280802
2020-03-08 02:09:00,0.32127219990451295
2020-03-08 02:12:00,0.4153613315260145
2020-03-08 02:15:00,0.32443157406919454
2020-03-08 02:18:00,0.36751930776000563
2020-03-08 02:21:00,0.36663872148818655
2020-03-08 02:24:00,0.3240712600218103
2020-03-08 02:27:00,0.41239824215932686
2020-03-08 02:30:00,0.30461311433168703
2020-03-08 02:33:00,0.3161697535971939
2020-03-08 02:36:00,0.43398565191267835
2020-03-08 02:39:00,0.30155265339169546
2020-03-08 02:42:00,0.32585823801036895
2020-03-08 02:45:00,0.25639684204298874
2020-03-08 02:48:00,0.3975975406892758
2020-03-08 02:51:00,0.27225717145717
2020-03-08 02:54:00,0.31156219032681065
2020-03-08 02:57:00,0.3185337704908875
2020-03-08 03:00:00,0.32146865001197966
2020-03-08 03:03:00,0.32190028975645646
2020-03-08 03:06:00,0.3623160455293828
2020-03-08 03:09:00,0.35250743356573366
2020-03-08 03:12:00,0.24063699672655048
2020-03-08 03:15:00,0.33521517440220805
2020-03-08 03:18:00,0.2842293252259651
2020-03-08 03:21:00,0.36066490669685436
2020-03-08 03:24:00,0.2794699518243533
2020-03-08 03:27:00,0.2731699536334986
2020-03-08 03:30:00,0.41542815606976546
2020-03-08 03:33:00,0.24856894661729712
2020-03-08 03:36:00,0.3167017369576115
2020-03-08 03:39:00,0.3414222070948085
2020-03-08 03:42:00,0.28816617407665035
2020-03-08 03:45:00,0.3159225267688157
2020-03-08 03:48:00,0.3467010014700804
2020-03-08 03:51:00,0.3679078757501202
2020-03-08 03:54:00,0.38900146768247623
2020-03-08 03:57:00,0.39519791054016196
2020-03-08 04:00:00,0.4076616661221806
2020-03-08 04:03:00,0.33728994097458553
2020-03-08 04:06:00,0.3836114787299607
2020-03-08 04:09:00,0.40318512759034775
2020-03-08 04:12:00,0.39765031353454106
2020-03-08 04:15:00,0.38581575872404983
2020-03-08 04:18:00,0.386164798853315
2020-03-08 04:21:00,0.31627828576324646
2020-03-08 04:24:00,0.3898504690208142
2020-03-08 04:27:00,0.3345377806118677
2020-03-08 04:30:00,0.32597049398128775
2020-03-08 04:33:00,0.3993454030350563
2020-03-08 04:36:00,0.33117927900019595
2020-03-08 04:39:00,0.27302687593765995
2020-03-08 04:42:00,0.2767291231874651
2020-03-08 04:45:00,0.271679648254576
2020-03-08 04:48:00,0.392805172707142
2020-03-08 04:51:00,0.3647610816876181
2020-03-08 04:54:00,0.3693146039603903
2020-03-08 04:57:00,0.47236688168578667
2020-03-08 05:00:00,0.32031584551560854
2020-03-08 05:03:00,0.27469565151898223
2020-03-08 05:06:00,0.32643988040496197
2020-03-08 05:09:00,0.3214004176844014
2020-03-08 05:12:00,0.27010497538390155
2020-03-08 05:15:00,0.2965276934316421
2020-03-08 05:18:00,0.28793795415219847
2020-03-08 05:21:00,0.23554568067061155
2020-03-08 05:24:00,0.31796766465242854
2020-03-08 05:27:00,0.3217287482445954
2020-03-08 05:30:00,0.28682355054058917
2020-03-08 05:33:00,0.3504405000607562
2020-03-08 05:36:00,0.19741546577762392
2020-03-08 05:39:00,0.28512926662688187
2020-03-08 05:42:00,0.3273857709556296
2020-03-08 05:45:00,0.270451147809581
2020-03-08 05:48:00,0.27736082750823243
2020-03-08 05:51:00,0.22117204776787958
2020-03-08 05:54:00,0.24549025182318474
2020-03-08 05:57:00,0.2424857404204772
2020-03-08 06:00:00,0.2266927908851244
2020-03-08 06:03:00,0.2306674899804193
2020-03-08 06:06:00,0.24525276837829324
2020-03-08 06:09:00,0.26907993718572243
2020-03-08 06:12:00,0.24094495081482137
2020-03-08 06:15:00,0.17386763380727643
2020-03-08 06:18:00,0.1964133261097345
2020-03-08 06:21:00,0.22990252633485397
2020-03-08 06:24:00,0.31610762063615994
2020-03-08 06:27:00,0.17823016290321902
2020-03-08 06:30:00,0.11453216526797405
2020-03-08 06:33:00,0.30437340043170025
2020-03-08 06:36:00,0.16667540040879203
2020-03-08 06:39:00,0.25315016513860655
2020-03-08 06:42:00,0.2524352827966254
2020-03-08 06:45:00,0.32736112327268074
2020-03-08 06:48:00,0.23764154716906205
2020-03-08 06:51:00,0.26307784783551824
2020-03-08 06:54:00,0.3113102857674903
2020-03-08 06:57:00,0.2034939962804856
2020-03-08 07:00:00,0.24834478235311508
2020-03-08 07:03:00,0.3250519665616025
2020-03-08 07:06:00,0.3329121348477315
2020-03-08 07:09:00,0.25769987018560414
2020-03-08 07:12:00,0.2942634653352343
2020-03-08 07:15:00,0.3603419600418647
2020-03-08 07:18:00,0.29741434456860816
2020-03-08 07:21:00,0.3638236164215414
2020-03-08 07:24:00,0.33005194958849415
2020-03-08 07:27:00,0.38495623720683625
2020-03-08 07:30:00,0.45155630128539315
2020-03-08 07:33:00,0.36849873442031367
2020-03-08 07:36:00,0.35405111773508224
2020-03-08 07:39:00,0.33861642796154
2020-03-08 07:42:00,0.45058008468430444
2020-03-08 07:45:00,0.36517692898746645
2020-03-08 07:48:00,0.3881669309675999
2020-03-08 07:51:00,0.38936126712928854
2020-03-08 07:54:00,0.37135569761016995
2020-03-08 07:57:00,0.31188166682733254
2020-03-08 08:00:00,0.34770884346141884
2020-03-08 08:03:00,0.36392835340762986
2020-03-08 08:06:00,0.40606467748369823
2020-03-08 08:09:00,0.31532334423519615
2020-03-08 08:12:00,0.33842846991291253
2020-03-08 08:15:00,0.47649776204502814
2020-03-08 08:18:00,0.43861514601405815
2020-03-08 08:21:00,0.3453086126008884
2020-03-08 08:24:00,0.3917438817755965
2020-03-08 08:27:00,0.38748901730360785
2020-03-08 08:30:00,0.36030428758817834
2020-03-08 08:33:00,0.3808116240142567
2020-03-08 08:36:00,0.29874630136794167
2020-03-08 08:39:00,0.3295947549751759
2020-03-08 08:42:00,0.2931126498784806
2020-03-08 08:45:00,0.3129051594564771
2020-03-08 08:48:00,0.2875545862644344
2020-03-08 08:51:00,0.3073054828099089
2020-03-08 08:54:00,0.22203954420115224
2020-03-08 08:57:00,0.19260749976501756
2020-03-08 09:00:00,0.26035489438334025
2020-03-08 09:03:00,0.3604610453014061
2020-03-08 09:06:00,0.30957797357177697
2020-03-08 09:09:00,0.2896698909494262
2020-03-08 09:12:00,0.3163965002161149
2020-03-08 09:15:00,0.3689250989141897
2020-03-08 09:18:00,0.3477154716063069
2020-03-08 09:21:00,0.39367456563729775
2020-03-08 09:24:00,0.37139315240409587
2020-03-08 09:27:00,0.3306801712164429
2020-03-08 09:30:00,0.28141942997325486
2020-03-08 09:33:00,0.28047181547788114
2020-03-08 09:36:00,0.26866976208111737
2020-03-08 09:39:00,0.2545326995947903
2020-03-08 09:42:00,0.28392097215089507
2020-03-08 09:45:00,0.2751105984570472
2020-03-08 09:48:00,0.23951877502901198
2020-03-08 09:51:00,0.22129447400396884
2020-03-08 09:54:00,0.1328344086019797
2020-03-08 09:57:00,0.24527508811951293
2020-03-08 10:00:00,0.28941984380935537
2020-03-08 10:03:00,0.2598526636442102
2020-03-08 10:06:00,0.2431849295911661
2020-03-08 10:09:00,0.1902453101761239
2020-03-08 10:12:00,0.39980990491795865
2020-03-08 10:15:00,0.24515466039201783
2020-03-08 10:18:00,0.3014352513402514
2020-03-08 10:21:00,0.1700688042444085
2020-03-08 10:24:00,0.17255442025197
2020-03-08 10:27:00,0.2968158394610896
2020-03-08 10:30:00,0.25798855834182177
2020-03-08 10:33:00,0.21008483842882697
2020-03-08 10:36:00,0.28912054237378015
2020-03-08 10:39:00,0.28983409695331375
2020-03-08 10:42:00,0.3010284406605024
2020-03-08 10:45:00,0.2971877367673983
2020-03-08 10:48:00,0.13142952696648535
2020-03-08 10:51:00,0.09674369306316066
2020-03-08 10:54:00,0.12401243185195199
2020-03-08 10:57:00,0.10181406841860507
2020-03-08 11:00:00,0.04443620006645688
2020-03-08 11:03:00,0.13947396587388994
2020-03-08 11:06:00,0.13296423120777945
2020-03-08 11:09:00,0.06562553904046808
2020-03-08 11:12:00,0.07492408842148279
2020-03-08 11:15:00,0.021166733751670108
2020-03-08 11:18:00,0.17324529205336603
2020-03-08 11:21:00,0.1790409443601675
2020-03-08 11:24:00,0.08279684762328543
2020-03-08 11:27:00,0.06985135133129461
2020-03-08 11:30:00,0.08968578520199344
2020-03-08 11:33:00,0.08009186073320507
2020-03-08 11:36:00,0.16227135229695477
2020-03-08 11:39:00,0.11966465291146733
2020-03-08 11:42:00,0.2290511587230526
2020-03-08 11:45:00,0.1086021660582901
2020-03-08 11:48:00,0.059247034882616845
2020-03-08 11:51:00,0.16021804669412631
2020-03-08 11:54:00,0.07810946970397481
2020-03-08 11:57:00,0.10297410661144113
2020-03-08 12:00:00,0.0424989636849773
2020-03-08 12:03:00,0.07911315434921562
2020-03-08 12:06:00,0.08264768310948511
2020-03-08 12:09:00,0.11053886347934849
2020-03-08 12:12:00,0.08078985898248447
2020-03-08 12:15:00,0.02394300707084085
2020-03-08 12:18:00,0.005633286310910535
2020-03-08 12:21:00,0.04706330870703823
2020-03-08 12:24:00,-0.009088126608958191
2020-03-08 12:27:00,0.006522671533900848
2020-03-08 12:30:00,-0.005707031739291324
2020-03-08 12:33:00,-0.033455960118601524
2020-03-08 12:36:00,-0.03565595626452023
2020-03-08 12:39:00,-0.06902805334976847
2020-03-08 12:42:00,-0.0899559203033391
2020-03-08 12:45:00,-0.014303938253760862
2020-03-08 12:48:00,-0.13589005823445177
2020-03-08 12:51:00,-0.0984451410159295
2020-03-08 12:54:00,-0.040501998296349484
2020-03-08 12:57:00,-0.049756133221080745
2020-03-08 13:00:00,-0.04987774175043569
2020-03-08 13:03:00,-0.0574090674266472
2020-03-08 13:06:00,-0.11267695386425203
2020-03-08 13:09:00,-0.049085854749364444
2020-03-08 13:12:00,0.010643093126589065
2020-03-08 13:15:00,-0.08783042881282199
2020-03-08 13:18:00,-0.08267679708859532
2020-03-08 13:21:00,-0.07518911170268439
2020-03-08 13:24:00,-0.20788588406395547
2020-03-08 13:27:00,-0.07854877981708341
2020-03-08 13:30:00,-0.1620678460787417
2020-03-08 13:33:00,-0.26444759857110967
2020-03-08 13:36:00,-0.12148695841989365
2020-03-08 13:39:00,-0.19720126082654588
2020-03-08 13:42:00,-0.1945843379516532
2020-03-08 13:45:00,-0.13773279734454036
2020-03-08 13:48:00,-0.1748978399632506
2020-03-08 13:51:00,-0.20510907139333767
2020-03-08 13:54:00,-0.30692330980912175
2020-03-08 13:57:00,-0.2723649083644659
2020-03-08 14:00:00,-0.19053869140640245
2020-03-08 14:03:00,-0.17876401777738238
2020-03-08 14:06:00,-0.25936254639867684
2020-03-08 14:09:00,-0.2248069832398869
2020-03-08 14:12:00,-0.1881793221754151
2020-03-08 14:15:00,-0.32484891005447025
2020-03-08 14:18:00,-0.2660301164897305
2020-03-08 14:21:00,-0.22206621151991612
2020-03-08 14:24:00,-0.17995212454331977
2020-03-08 14:27:00,-0.2459544788500807
2020-03-08 14:30:00,-0.2297974145899957
2020-03-08 14:33:00,-0.16118767190380368
2020-03-08 14:36:00,-0.2831704310449368
2020-03-08 14:39:00,-0.2304481862964849
2020-03-08 14:42:00,-0.22007641684353985
2020-03-08 14:45:00,-0.24062305416515528
2020-03-08 14:48:00,-0.234336342079132
2020-03-08 14:51:00,-0.2643804415197337
2020-03-08 14:54:00,-0.3066099463254659
2020-03-08 14:57:00,-0.31308469085678325
2020-03-08 15:00:00,-0.30260015314786415
2020-03-08 15:03:00,-0.28588415958853375
2020-03-08 15:06:00,-0.3477507359984884
2020-03-08 15:09:00,-0.19478259820942867
2020-03-08 15:12:00,-0.10027992389524343
2020-03-08 15:15:00,-0.12795506365165465
2020-03-08 15:18:00,-0.2254343526180378
2020-03-08 15:21:00,-0.2897526420704253
2020-03-08 15:24:00,-0.33739064266933383
2020-03-08 15:27:00,-0.35123713625074515
2020-03-08 15:30:00,-0.2853804994896336
2020-03-08 15:33:00,-0.30083666910553575
2020-03-08 15:36:00,-0.2834145595839459
2020-03-08 15:39:00,-0.32189442672472524
2020-03-08 15:42:00,-0.29473008563377334
2020-03-08 15:45:00,-0.34186210852004706
2020-03-08 15:48:00,-0.3166745380491989
2020-03-08 15:51:00,-0.27738209468071773
2020-03-08 15:54:00,-0.27294681611260785
2020-03-08 15:57:00,-0.3540139915137388
2020-03-08 16:00:00,-0.2694970978225797
2020-03-08 16:03:00,-0.35561525775358405
2020-03-08 16:06:00,-0.1847357058075545
2020-03-08 16:09:00,-0.19871493472373913
2020-03-08 16:12:00,-0.3389728984673752
2020-03-08 16:15:00,-0.3424368667298836
2020-03-08 16:18:00,-0.33987058379454993
2020-03-08 16:21:00,-0.3470741677407432
2020-03-08 16:24:00,-0.27702306500003715
2020-03-08 16:27:00,-0.29738133173742654
2020-03-08 16:30:00,-0.28962333697944587
2020-03-08 16:33:00,-0.22898694886049498
2020-03-08 16:36:00,-0.2790586195046103
2020-03-08 16:39:00,-0.21445776301300157
2020-03-08 16:42:00,-0.27467635418537384
2020-03-08 16:45:00,-0.23577186476353518
2020-03-08 16:48:00,-0.24986484104056217
2020-03-08 16:51:00,-0.1923395652153772
2020-03-08 16:54:00,-0.22696350998029402
2020-03-08 16:57:00,-0.28933971661638225
2020-03-08 17:00:00,-0.260549607129974
2020-03-08 17:03:00,-0.29301381719636765
2020-03-08 17:06:00,-0.23595514788212313
2020-03-08 17:09:00,-0.36000403775642553
2020-03-08 17:12:00,-0.25037244473344344
2020-03-08 17:15:00,-0.17212845662749032
2020-03-08 17:18:00,-0.12419340555544522
2020-03-08 17:21:00,-0.09997631454172051
2020-03-08 17:24:00,-0.17232373509710897
2020-03-08 17:27:00,-0.15267190677559483
2020-03-08 17:30:00,-0.24691761717377858
2020-03-08 17:33:00,-0.2440064793809711
2020-03-08 17:36:00,-0.1263247341281044
2020-03-08 17:39:00,-0.11550127050509218
2020-03-08 17:42:00,-0.08196110286780822
2020-03-08 17:45:00,-0.09869959901999437
2020-03-08 17:48:00,-0.07595587070017018
2020-03-08 17:51:00,-0.17525859796393206
2020-03-08 17:54:00,-0.06452613415518726
2020-03-08 17:57:00,-0.16202379972207837
2020-03-08 18:00:00,-0.197829040275451
2020-03-08 18:03:00,-0.10548843201382851
2020-03-08 18:06:00,-0.22414134820218123
2020-03-08 18:09:00,-0.11969674728112523
2020-03-08 18:12:00,-0.18659821447187142
2020-03-08 18:15:00,-0.2053929124661522
2020-03-08 18:18:00,-0.07366617177001444
2020-03-08 18:21:00,-0.10927725075600847
2020-03-08 18:24:00,-0.21732214263835203
2020-03-08 18:27:00,-0.11597816900047064
2020-03-08 18:30:00,-0.044264562964144716
2020-03-08 18:33:00,-0.09501078282232811
2020-03-08 18:36:00,-0.1344097335789911
2020-03-08 18:39:00,-0.10916201014862281
2020-03-08 18:42:00,-0.07351496344375619
2020-03-08 18:45:00,-0.11289960246506325
2020-03-08 18:48:00,-0.08861677384504674
2020-03-08 18:51:00,-0.055971592318826424
2020-03-08 18:54:00,0.018375194192628896
2020-03-08 18:57:00,
2020-03-08 19:00:00,
2020-03-08 19:03:00,-0.04892519583449939
2020-03-08 19:06:00,-0.06951192897076908
2020-03-08 19:09:00,-0.0885044577755707
2020-03-08 19:12:00,-0.01242834707647944
2020-03-08 19:15:00,-0.012395101116112528
2020-03-08 19:18:00,-0.03913618342716063
2020-03-08 19:21:00,-0.030065084262787423
2020-03-08 19:24:00,0.004436392151490054
2020-03-08 19:27:00,0.1093026724403785
2020-03-08 19:30:00,0.05345133903307442
2020-03-08 19:33:00,0.07698859366485067
2020-03-08 19:36:00,0.09007797856361321
2020-03-08 19:39:00,-0.02929697771173778
2020-03-08 19:42:00,-0.07587792262728499
2020-03-08 19:45:00,0.041281150089218954
2020-03-08 19:48:00,0.10753934151790645
2020-03-08 19:51:00,0.1193583403949674
2020-03-08 19:54:00,0.03166635144538077
2020-03-08 19:57:00,0.10928870716918482
2020-03-08 20:00:00,0.055070583872804946
2020-03-08 20:03:00,0.11249325033986679
2020-03-08 20:06:00,0.07185232746769543
2020-03-08 20:09:00,0.07358582968078053
2020-03-08 20:12:00,0.0764410793254342
2020-03-08 20:15:00,0.10365918317080514
2020-03-08 20:18:00,0.13265612602327792
2020-03-08 20:21:00,0.0876997928497758
2020-03-08 20:24:00,0.050567189570756454
2020-03-08 20:27:00,0.14954375282474075
2020-03-08 20:30:00,0.12416628013573927
2020-03-08 20:33:00,0.18075183448627286
2020-03-08 20:36:00,0.15672006620593493
2020-03-08 20:39:00,0.18847016418192197
2020-03-08 20:42:00,0.09115709157208585
2020-03-08 20:45:00,0.21982760014788028
2020-03-08 20:48:00,0.2028036277800993
2020-03-08 20:51:00,0.20785084351604155
2020-03-08 20:54:00,0.06635803589927036
2020-03-08 20:57:00,0.12826407792880445
2020-03-08 21:00:00,0.11159128907240756
2020-03-08 21:03:00,0.14159742765627925
2020-03-08 21:06:00,0.10553625702470981
2020-03-08 21:09:00,0.1872504616140418
2020-03-08 21:12:00,0.25783190468939665
2020-03-08 21:15:00,0.17078657867034508
2020-03-08 21:18:00,0.0929529079911049
2020-03-08 21:21:00,0.21218346297814605
2020-03-08 21:24:00,0.21437588445934352
2020-03-08 21:27:00,0.17125788980268908
2020-03-08 21:30:00,0.3738089002532661
2020-03-08 21:33:00,0.34139320840733944
2020-03-08 21:36:00,0.3236026020003919
2020-03-08 21:39:00,0.2649142833416249
2020-03-08 21:42:00,0.23366358773671436
2020-03-08 21:45:00,0.22838979387870495
2020-03-08 21:48:00,0.27307949459697056
2020-03-08 21:51:00,0.21865780790096778
2020-03-08 21:54:00,0.31057693810009823
2020-03-08 21:57:00,0.29487489117889254
2020-03-08 22:00:00,0.18372621097734054
2020-03-08 22:03:00,0.15056209159712353
2020-03-08 22:06:00,0.12361453757551999
2020-03-08 22:09:00,0.16802593034981328
2020-03-08 22:12:00,0.19932391196692834
2020-03-08 22:15:00,0.10940233694441304
2020-03-08 22:18:00,0.2883228344463191
2020-03-08 22:21:00,0.2629474268429135
2020-03-08 22:24:00,0.220706238760215
2020-03-08 22:27:00,0.1999033606647913
2020-03-08 22:30:00,0.30408520506500736
2020-03-08 22:33:00,0.22308153398245167
2020-03-08 22:36:00,0.2041489889809327
2020-03-08 22:39:00,0.22534200976537022
2020-03-08 22:42:00,0.22935006849303363
2020-03-08 22:45:00,0.1557110778115316
2020-03-08 22:48:00,0.17649982310763335
2020-03-08 22:51:00,0.1486150887257054
2020-03-08 22:54:00,0.12781690434889015
2020-03-08 22:57:00,0.17757773112197128
2020-03-08 23:00:00,0.15241480032261734
2020-03-08 23:03:00,0.19408126059528286
2020-03-08 23:06:00,0.17907359594408945
2020-03-08 23:09:00,0.2640777017685991
2020-03-08 23:12:00,0.23041009524075662
2020-03-08 23:15:00,0.29094131424091074
2020-03-08 23:18:00,0.18460912396574258
2020-03-08 23:21:00,0.24640507717748505
2020-03-08 23:24:00,0.1984565895694459
2020-03-08 23:27:00,0.1464306029166096
2020-03-08 23:30:00,0.19493759603750505
2020-03-08 23:33:00,0.1717705288025968
2020-03-08 23:36:00,0.2561707385577279
2020-03-08 23:39:00,0.1904316396262402
2020-03-08 23:42:00,0.2538720264737435
2020-03-08 23:45:00,0.28058738602254607
2020-03-08 23:48:00,0.2917305453572112
2020-03-08 23:51:00,0.22966267152321507
2020-03-08 23:54:00,0.25083341642175583
2020-03-08 23:57:00,0.20526820573189752
2020-03-09 00:00:00,0.1882609844199692
2020-03-09 00:03:00,0.26406949538130675
2020-03-09 00:06:00,0.3189550545558859
2020-03-09 00:09:00,0.23644556646161163
2020-03-09 00:12:00,0.21497786313329925
2020-03-09 00:15:00,0.3385261847960237
2020-03-09 00:18:00,0.2802248756312906
2020-03-09 00:21:00,0.22414454574834508
2020-03-09 00:24:00,0.166049021196784
2020-03-09 00:27:00,0.25948899924759417
2020-03-09 00:30:00,0.2349942622977892
2020-03-09 00:33:00,0.23742181091694192
2020-03-09 00:36:00,0.19981911212363457
2020-03-09 00:39:00,0.27583439602062754
2020-03-09 00:42:00,0.28439903577344694
2020-03-09 00:45:00,0.27965606713547686
2020-03-09 00:48:00,0.24855370697491708
2020-03-09 00:51:00,0.2610629229889696
2020-03-09 00:54:00,0.2190116737133394
2020-03-09 00:57:00,0.29997411508804817
2020-03-09 01:00:00,0.2209975364265233
2020-03-09 01:03:00,0.22198364576911445
2020-03-09 01:06:00,0.18789194660064368
2020-03-09 01:09:00,0.08919998279890251
2020-03-09 01:12:00,0.17806710886924293
2020-03-09 01:15:00,0.2644585438762306
2020-03-09 01:18:00,0.16938663547836086
2020-03-09 01:21:00,0.21730045926938146
2020-03-09 01:24:00,0.3295331321763797
2020-03-09 01:27:00,0.33222609015660964
2020-03-09 01:30:00,0.30440517895533503
2020-03-09 01:33:00,0.37194791562757246
2020-03-09 01:36:00,0.2864579208368241
2020-03-09 01:39:00,0.26364297334873754
2020-03-09 01:42:00,0.29458195940225096
2020-03-09 01:45:00,0.3489328364543667
2020-03-09 01:48:00,0.2699171183242015
2020-03-09 01:51:00,0.30624781663738077
2020-03-09 01:54:00,0.3812229169308239
2020-03-09 01:57:00,0.3122600559045736
2020-03-09 02:00:00,0.2950786262273368
2020-03-09 02:03:00,0.1986319429345258
2020-03-09 02:06:00,0.2377082587483983
2020-03-09 02:09:00,0.3825025014675134
2020-03-09 02:12:00,0.3222772836573995
2020-03-09 02:15:00,0.22523225445422668
2020-03-09 02:18:00,0.2338367317086636
2020-03-09 02:21:00,0.32418349461704565
2020-03-09 02:24:00,0.3091803581254453
2020-03-09 02:27:00,0.27314120987125534
2020-03-09 02:30:00,0.28714980009306146
2020-03-09 02:33:00,0.3073980058569532
2020-03-09 02:36:00,0.25368003140198425
2020-03-09 02:39:00,0.3394767434676851
2020-03-09 02:42:00,0.17730482701540495
2020-03-09 02:45:00,0.3013148499477438
2020-03-09 02:48:00,0.30627742513587464
2020-03-09 02:51:00,0.237497876015766
2020-03-09 02:54:00,0.2883703281036105
2020-03-09 02:57:00,0.29754468375722354
2020-03-09 03:00:00,0.3501762691544741
2020-03-09 03:03:00,0.2472065555364793
2020-03-09 03:06:00,0.25579448074154243
2020-03-09 03:09:00,0.18161625627772082
2020-03-09 03:12:00,0.27489780819786347
2020-03-09 03:15:00,0.28926990473064507
2020-03-09 03:18:00,0.17240670015081605
2020-03-09 03:21:00,0.19403652715192266
2020-03-09 03:24:00,0.1875769302126855
2020-03-09 03:27:00,0.22877422443684736
2020-03-09 03:30:00,0.20852872301662728
2020-03-09 03:33:00,0.2912682746004407
2020-03-09 03:36:00,0.1955168283154194
2020-03-09 03:39:00,0.22920402584639987
2020-03-09 03:42:00,0.2018121751488593
2020-03-09 03:45:00,0.219156393072808
2020-03-09 03:48:00,0.219486871839365
2020-03-09 03:51:00,0.21679367320894016
2020-03-09 03:54:00,0.20232812313093973
2020-03-09 03:57:00,0.35402934394522845
2020-03-09 04:00:00,0.2450537265618209
2020-03-09 04:03:00,0.2271877622173406
2020-03-09 04:06:00,0.2634162110514353
2020-03-09 04:09:00,0.19572696098589404
2020-03-09 04:12:00,0.06604005852915407
2020-03-09 04:15:00,0.17205054114754148
2020-03-09 04:18:00,0.2316919631925316
2020-03-09 04:21:00,0.11890212244651366
2020-03-09 04:24:00,0.07625132521184241
2020-03-09 04:27:00,0.13878756112222845
2020-03-09 04:30:00,0.18313932349718698
2020-03-09 04:33:00,0.11336814816780816
2020-03-09 04:36:00,0.10645718653228187
2020-03-09 04:39:00,0.0533354442328573
2020-03-09 04:42:00,0.2044757780467421
2020-03-09 04:45:00,0.1403400272233739
2020-03-09 04:48:00,0.24261534829201992
2020-03-09 04:51:00,0.22009709354500728
2020-03-09 04:54:00,0.21128797111254016
2020-03-09 04:57:00,0.22272260650919407
2020-03-09 05:00:00,0.21653653976602527
2020-03-09 05:03:00,0.14372448354873768
2020-03-09 05:06:00,0.24845564727155534
2020-03-09 05:09:00,0.290362372910522
2020-03-09 05:12:00,0.2752760280557709
2020-03-09 05:15:00,0.26316075413348017
2020-03-09 05:18:00,0.31291266804754514
2020-03-09 05:21:00,0.36869837991417853
2020-03-09 05:24:00,0.2983980378650699
2020-03-09 05:27:00,0.20480710977460603
2020-03-09 05:30:00,0.3843913099479437
2020-03-09 05:33:00,0.3157715449788725
2020-03-09 05:36:00,0.3515367304831898
2020-03-09 05:39:00,0.2952558403227954
2020-03-09 05:42:00,0.21443394451011955
2020-03-09 05:45:00,0.4314760638757775
2020-03-09 05:48:00,0.3256392489788027
2020-03-09 05:51:00,0.2911159285915801
2020-03-09 05:54:00,0.3837795829541619
2020-03-09 05:57:00,0.3701914507626043
2020-03-09 06:00:00,0.3642307525628894
2020-03-09 06:03:00,0.3199252019853134
2020-03-09 06:06:00,0.3639269745410161
2020-03-09 06:09:00,0.2908916043256795
2020-03-09 06:12:00,0.4032119315124305
2020-03-09 06:15:00,0.3698881182486389
2020-03-09 06:18:00,0.2962238405764879
2020-03-09 06:21:00,0.34948299005270655
2020-03-09 06:24:00,0.23646094489583902
2020-03-09 06:27:00,0.26204499926086555
2020-03-09 06:30:00,0.27065328094732877
2020-03-09 06:33:00,0.2673059530883961
2020-03-09 06:36:00,0.2867264686675526
2020-03-09 06:39:00,0.26646079715800397
2020-03-09 06:42:00,0.2758594323199759
2020-03-09 06:45:00,0.3359403212091365
2020-03-09 06:48:00,0.28229936254825816
2020-03-09 06:51:00,0.2648327532943995
2020-03-09 06:54:00,0.26792137203756283
2020-03-09 06:57:00,0.34917001425441185
2020-03-09 07:00:00,0.3410993153726736
2020-03-09 07:03:00,0.2912783028662034
2020-03-09 07:06:00,0.32831668348740095
2020-03-09 07:09:00,0.2851429339082756
2020-03-09 07:12:00,0.35904351393674006
2020-03-09 07:15:00,0.4062133722403587
2020-03-09 07:18:00,0.2821854158207202
2020-03-09 07:21:00,0.36390094755472546
2020-03-09 07:24:00,0.41039713690054214
2020-03-09 07:27:00,0.4376471240005344
2020-03-09 07:30:00,0.2810950188595598
2020-03-09 07:33:00,0.3064949387629099
2020-03-09 07:36:00,0.3566796989047134
2020-03-09 07:39:00,0.3506626514110849
2020-03-09 07:42:00,0.31564708068532354
2020-03-09 07:45:00,0.44415886249720415
2020-03-09 07:48:00,0.3155130759461713
2020-03-09 07:51:00,0.23011986906954007
2020-03-09 07:54:00,0.33663568447718717
2020-03-09 07:57:00,0.2740082055300377
2020-03-09 08:00:00,0.3419035415136591
2020-03-09 08:03:00,0.3267394518676383
2020-03-09 08:06:00,0.23972867496553363
2020-03-09 08:09:00,0.2740125719108164
2020-03-09 08:12:00,0.23126173616066126
2020-03-09 08:15:00,0.35628526742664235
2020-03-09 08:18:00,0.3056016759807676
2020-03-09 08:21:00,0.21078856177939542
2020-03-09 08:24:00,0.25904836436984624
2020-03-09 08:27:00,0.3461828747861091
2020-03-09 08:30:00,0.28302082771762116
2020-03-09 08:33:00,0.2606700132322999
2020-03-09 08:36:00,0.31444921289391914
2020-03-09 08:39:00,0.2909515664459832
2020-03-09 08:42:00,0.2580773281280244
2020-03-09 08:45:00,0.12122748424241081
2020-03-09 08:48:00,0.21807730608929887
2020-03-09 08:51:00,0.20598925993914463
2020-03-09 08:54:00,0.19725621959685213
2020-03-09 08:57:00,0.18432675327926518
2020-03-09 09:00:00,0.22248222435570142
2020-03-09 09:03:00,0.18232181450605367
2020-03-09 09:06:00,0.1628570141832597
2020-03-09 09:09:00,0.19449436329284708
2020-03-09 09:12:00,0.25351980916343564
2020-03-09 09:15:00,0.19408202156137122
2020-03-09 09:18:00,0.19574642872277082
2020-03-09 09:21:00,0.15463996221933485
2020-03-09 09:24:00,0.1224968914897886
2020-03-09 09:27:00,0.17072404046194833
2020-03-09 09:30:00,0.1715417505424739
2020-03-09 09:33:00,0.15546732250334117
2020-03-09 09:36:00,0.10865917282660575
2020-03-09 09:39:00,0.07344206695688626
2020-03-09 09:42:00,0.09941226098283096
2020-03-09 09:45:00,0.144974493730615
2020-03-09 09:48:00,0.06182108595152158
2020-03-09 09:51:00,0.11326385123118143
2020-03-09 09:54:00,0.09215471445565981
2020-03-09 09:57:00,0.07089070835354505
2020-03-09 10:00:00,0.0718395460049237
2020-03-09 10:03:00,0.17834531900183492
2020-03-09 10:06:00,0.07829285927147112
2020-03-09 10:09:00,0.08616244487222957
2020-03-09 10:12:00,-0.024164889286964808
2020-03-09 10:15:00,0.02985375032551474
2020-03-09 10:18:00,0.08368087253239764
2020-03-09 10:21:00,-0.01598204568961137
2020-03-09 10:24:00,0.009276870145640714
2020-03-09 10:27:00,-0.019204282042665
2020-03-09 10:30:00,0.04513971770785474
2020-03-09 10:33:00,0.05091006218634675
2020-03-09 10:36:00,0.092849929138481
2020-03-09 10:39:00,-0.006479716541718972
2020-03-09 10:42:00,0.015013308942116055
2020-03-09 10:45:00,-0.08720269325311847
2020-03-09 10:48:00,0.0449062925281396
2020-03-09 10:51:00,-0.09950452565254864
2020-03-09 10:54:00,-0.10752059006534864
2020-03-09 10:57:00,-0.13007052833569333
2020-03-09 11:00:00,-0.014960613521964206
2020-03-09 11:03:00,-0.15674875351180617
2020-03-09 11:06:00,-0.1607324703983295
2020-03-09 11:09:00,-0.05099413389501706
2020-03-09 11:12:00,-0.15004985378976698
2020-03-09 11:15:00,-0.17137448366781882
2020-03-09 11:18:00,-0.16543083250718382
2020-03-09 11:21:00,-0.158339968182986
2020-03-09 11:24:00,-0.14316490183125552
2020-03-09 11:27:00,-0.1161833746629668
2020-03-09 11:30:00,-0.26321994368066726
2020-03-09 11:33:00,-0.1917446606364024
2020-03-09 11:36:00,-0.20684346490168082
2020-03-09 11:39:00,-0.11746820165870986
2020-03-09 11:42:00,-0.18364005223975255
2020-03-09 11:45:00,-0.1653269295352402
2020-03-09 11:48:00,-0.01911089264876864
2020-03-09 11:51:00,0.041202933435670275
2020-03-09 11:54:00,0.06910068960092985
2020-03-09 11:57:00,-0.027357507728595465
2020-03-09 12:00:00,-0.030322335696439495
2020-03-09 12:03:00,-0.07770086734205961
2020-03-09 12:06:00,-0.10187469659769022
2020-03-09 12:09:00,-0.14419656904902922
2020-03-09 12:12:00,-0.15708355144192865
2020-03-09 12:15:00,-0.15044926724925745
2020-03-09 12:18:00,-0.19184213732881972
2020-03-09 12:21:00,-0.15093063684429353
2020-03-09 12:24:00,-0.23406737205118588
2020-03-09 12:27:00,-0.20369551328627722
2020-03-09 12:30:00,-0.2495190945523973
2020-03-09 12:33:00,-0.1906375450233213
2020-03-09 12:36:00,-0.27115408594420387
2020-03-09 12:39:00,-0.3147003798697483
2020-03-09 12:42:00,-0.30625290664397653
2020-03-09 12:45:00,-0.2620204562388153
2020-03-09 12:48:00,-0.21978452615144306
2020-03-09 12:51:00,-0.19688162869624648
2020-03-09 12:54:00,-0.3658561549337378
2020-03-09 12:57:00,-0.311621737715825
2020-03-09 13:00:00,-0.3044728680213211
2020-03-09 13:03:00,-0.25213571355874365
2020-03-09 13:06:00,-0.30105165745061413
2020-03-09 13:09:00,-0.36322226835022775
2020-03-09 13:12:00,-0.3227984446820642
2020-03-09 13:15:00,-0.44552446271666213
2020-03-09 13:18:00,-0.4015358179801183
2020-03-09 13:21:00,-0.4099798065211644
2020-03-09 13:24:00,-0.23454142639343445
2020-03-09 13:27:00,-0.33010567440481964
2020-03-09 13:30:00,-0.2065955997072706
2020-03-09 13:33:00,-0.20769176082723106
2020-03-09 13:36:00,-0.23087209261160524
2020-03-09 13:39:00,-0.3646075169976939
2020-03-09 13:42:00,-0.3237109697853384
2020-03-09 13:45:00,-0.3151571816997034
2020-03-09 13:48:00,-0.1686489606044006
2020-03-09 13:51:00,-0.24172767403399575
2020-03-09 13:54:00,-0.2458101526003702
2020-03-09 13:57:00,-0.1016161729119176
2020-03-09 14:00:00,-0.29716126454087544
2020-03-09 14:03:00,-0.22187292757661226
2020-03-09 14:06:00,-0.31566545681954494
2020-03-09 14:09:00,-0.25609173379854155
2020-03-09 14:12:00,-0.3279706744490909
2020-03-09 14:15:00,-0.15779088866611346
2020-03-09 14:18:00,-0.22835239285859643
2020-03-09 14:21:00,-0.2654424781111402
2020-03-09 14:24:00,-0.2296670660460336
2020-03-09 14:27:00,-0.30805911807846087
2020-03-09 14:30:00,-0.24195232066017525
2020-03-09 14:33:00,-0.21577402254405342
2020-03-09 14:36:00,-0.22025501978271222
2020-03-09 14:39:00,-0.3026292857753674
2020-03-09 14:42:00,-0.25564522178041216
2020-03-09 14:45:00,-0.2074903324168531
2020-03-09 14:48:00,-0.13936708250543006
2020-03-09 14:51:00,-0.2762610426336778
2020-03-09 14:54:00,-0.14600664014022868
2020-03-09 14:57:00,-0.00814337967466372
2020-03-09 15:00:00,-0.13231509686460186
2020-03-09 15:03:00,-0.284203337395752
2020-03-09 15:06:00,-0.18308481179354885
2020-03-09 15:09:00,-0.18653600301109918
2020-03-09 15:12:00,-0.3202244727917787
2020-03-09 15:15:00,-0.2986975811357979
2020-03-09 15:18:00,-0.1788419116006139
2020-03-09 15:21:00,-0.08852061470440731
2020-03-09 15:24:00,-0.2385698793220854
2020-03-09 15:27:00,-0.05062482643143085
2020-03-09 15:30:00,-0.057874709569603056
2020-03-09 15:33:00,-0.22362998661691336
2020-03-09 15:36:00,-0.14744665061351725
2020-03-09 15:39:00,0.09448051599400742
2020-03-09 15:42:00,-0.10483184073331131
2020-03-09 15:45:00,-0.1385387486237164
2020-03-09 15:48:00,-0.079945769072026
2020-03-09 15:51:00,-0.18373901682292626
2020-03-09 15:54:00,-0.12434719278519424
2020-03-09 15:57:00,0.0072309990325152285
2020-03-09 16:00:00,-0.028719459048943463
2020-03-09 16:03:00,-0.22029478777602662
2020-03-09 16:06:00,-0.016829446018675753
2020-03-09 16:09:00,-0.024654859586291877
2020-03-09 16:12:00,-0.1190993684734849
2020-03-09 16:15:00,-0.1621001261740389
2020-03-09 16:18:00,0.0738073392569163
2020-03-09 16:21:00,0.04762699609420906
2020-03-09 16:24:00,-0.06357870390604603
2020-03-09 16:27:00,0.09013820061761635
2020-03-09 16:30:00,-0.06525633869807734
2020-03-09 16:33:00,-0.03471652341852405
2020-03-09 16:36:00,0.0539679689908894
2020-03-09 16:39:00,0.04738465762511623
2020-03-09 16:42:00,0.015669171888077926
2020-03-09 16:45:00,0.10743275201730285
2020-03-09 16:48:00,0.028414108226229473
2020-03-09 16:51:00,-0.09240822012998251
2020-03-09 16:54:00,0.06944685749363089
2020-03-09 16:57:00,0.0019589002043858272
2020-03-09 17:00:00,-0.09954951719998917
2020-03-09 17:03:00,-0.1492878202299721
2020-03-09 17:06:00,-0.1675458139333159
2020-03-09 17:09:00,-0.17288902812424567
2020-03-09 17:12:00,-0.1435558944479567
2020-03-09 17:15:00,-0.020580189906524993
2020-03-09 17:18:00,-0.08811623218662135
2020-03-09 17:21:00,0.007098194422724191
2020-03-09 17:24:00,0.016034761221021654
2020-03-09 17:27:00,-0.09383133425387769
2020-03-09 17:30:00,0.02941690568246713
2020-03-09 17:33:00,-0.025297993366734772
2020-03-09 17:36:00,0.018669205347123352
2020-03-09 17:39:00,0.1056506128599608
2020-03-09 17:42:00,0.061905943459350965
2020-03-09 17:45:00,0.1589999900720045
2020-03-09 17:48:00,0.15662716133732602
2020-03-09 17:51:00,0.2485791499733523
2020-03-09 17:54:00,0.16994744045314292
2020-03-09 17:57:00,0.10569250519034767
2020-03-09 18:00:00,-0.010220940258250266
2020-03-09 18:03:00,-0.003082922518160558
2020-03-09 18:06:00,0.009919510002703191
2020-03-09 18:09:00,0.052764857062356896
2020-03-09 18:12:00,0.10818906124922023
2020-03-09 18:15:00,0.02404033736161182
2020-03-09 18:18:00,-0.18291890227646945
2020-03-09 18:21:00,-0.208833805086158
2020-03-09 18:24:00,-0.1616403567264797
2020-03-09 18:27:00,-0.21258667092291716
2020-03-09 18:30:00,-0.21738679737080702
2020-03-09 18:33:00,-0.3106430225730037
2020-03-09 18:36:00,-0.13653847901508698
2020-03-09 18:39:00,-0.14393838654876845
2020-03-09 18:42:00,-0.1499262912030872
2020-03-09 18:45:00,-0.14391603335803893
2020-03-09 18:48:00,-0.01590545674258692
2020-03-09 18:51:00,-0.10606278454201856
2020-03-09 18:54:00,
2020-03-09 18:57:00,
2020-03-09 19:00:00,
2020-03-09 19:03:00,-0.026336684991122183
2020-03-09 19:06:00,0.005319852330899266
2020-03-09 19:09:00,0.05356259735231106
2020-03-09 19:12:00,0.031151092039237938
2020-03-09 19:15:00,0.10055980255515351
2020-03-09 19:18:00,0.016585086032193885
2020-03-09 19:21:00,0.05040497790514564
2020-03-09 19:24:00,0.003944383440966703
2020-03-09 19:27:00,0.1469115551595337
2020-03-09 19:30:00,0.08590290663101996
2020-03-09 19:33:00,0.025946864065360842
2020-03-09 19:36:00,0.057619626099779
2020-03-09 19:39:00,0.21076216892464572
2020-03-09 19:42:00,0.22893982231533982
2020-03-09 19:45:00,0.07207132866494703
2020-03-09 19:48:00,0.06463709016833263
2020-03-09 19:51:00,0.08306330859477384
2020-03-09 19:54:00,0.2199501691989667
2020-03-09 19:57:00,0.2069335488760089
2020-03-09 20:00:00,0.2417042275124004
2020-03-09 20:03:00,0.16981502503381307
2020-03-09 20:06:00,0.13795873416052018
2020-03-09 20:09:00,0.1611826500285929
2020-03-09 20:12:00,0.11067584810564313
2020-03-09 20:15:00,0.011531809434472962
2020-03-09 20:18:00,-0.03162862029870439
2020-03-09 20:21:00,-0.0733192119238879
2020-03-09 20:24:00,0.03195730867190605
2020-03-09 20:27:00,0.12585520247233717
2020-03-09 20:30:00,0.14602816506936733
2020-03-09 20:33:00,0.0799741603055395
2020-03-09 20:36:00,0.13886982932922365
2020-03-09 20:39:00,0.1851947711112416
2020-03-09 20:42:00,0.1932563636560758
2020-03-09 20:45:00,0.1271830784377812
2020-03-09 20:48:00,0.09809548609632657
2020-03-09 20:51:00,0.1211699874935448
2020-03-09 20:54:00,0.1862869869729593
2020-03-09 20:57:00,0.2526367556682203
2020-03-09 21:00:00,0.3222267100045997
2020-03-09 21:03:00,0.4058410424826775
2020-03-09 21:06:00,0.3168660395423899
2020-03-09 21:09:00,0.28541439484484954
2020-03-09 21:12:00,0.18010591217739602
2020-03-09 21:15:00,0.2287311599713462
2020-03-09 21:18:00,0.18714511226937702
2020-03-09 21:21:00,0.18308711701922675
2020-03-09 21:24:00,0.13044774170521123
2020-03-09 21:27:00,0.20240973188322187
2020-03-09 21:30:00,0.24741164358619017
2020-03-09 21:33:00,0.23142845739778295
2020-03-09 21:36:00,0.2461840795660919
2020-03-09 21:39:00,0.30995296233231784
2020-03-09 21:42:00,0.3219400744587233
2020-03-09 21:45:00,0.3971889073166608
2020-03-09 21:48:00,0.3008410739307692
2020-03-09 21:51:00,0.23040373408286996
2020-03-09 21:54:00,0.20040534997201576
2020-03-09 21:57:00,0.19139909475774175
2020-03-09 22:00:00,0.24515122821588875
2020-03-09 22:03:00,0.22573891948110258
2020-03-09 22:06:00,0.2723187693343334
2020-03-09 22:09:00,0.246391346189057
2020-03-09 22:12:00,0.3100072945512693
2020-03-09 22:15:00,0.25677670121001483
2020-03-09 22:18:00,0.29124257935507103
2020-03-09 22:21:00,0.31283658670747627
2020-03-09 22:24:00,0.19409618991744537
2020-03-09 22:27:00,0.3190398632501683
2020-03-09 22:30:00,0.23256009667784383
2020-03-09 22:33:00,0.28870545778642054
2020-03-09 22:36:00,0.2632675582252091
2020-03-09 22:39:00,0.22201026959083947
2020-03-09 22:42:00,0.2652828003210175
2020-03-09 22:45:00,0.3454344029913159
2020-03-09 22:48:00,0.23698073663791774
2020-03-09 22:51:00,0.2590973008053652
2020-03-09 22:54:00,0.1989156584930356
2020-03-09 22:57:00,0.2519923271366338
2020-03-09 23:00:00,0.4047680446468007
2020-03-09 23:03:00,0.23191263361565007
2020-03-09 23:06:00,0.2810186339046936
2020-03-09 23:09:00,0.23862073402591477
2020-03-09 23:12:00,0.2942409483202937
2020-03-09 23:15:00,0.2629220503636134
2020-03-09 23:18:00,0.2831074488252625
2020-03-09 23:21:00,0.24455116719269654
2020-03-09 23:24:00,0.32433630597193996
2020-03-09 23:27:00,0.2993288303723034
2020-03-09 23:30:00,0.18642343192402677
2020-03-09 23:33:00,0.25660915568255405
2020-03-09 23:36:00,0.316279261776117
2020-03-09 23:39:00,0.31701333840209145
2020-03-09 23:42:00,0.2671806569826458
2020-03-09 23:45:00,0.15519125564827618
2020-03-09 23:48:00,0.1776670586877458
2020-03-09 23:51:00,0.21700326077291265
2020-03-09 23:54:00,0.2630544154575887
2020-03-09 23:57:00,0.28634289038581073
2020-03-10 00:00:00,0.22449375833252816
2020-03-10 00:03:00,0.16425203710673486
2020-03-10 00:06:00,0.2620858410771234
2020-03-10 00:09:00,0.22541694639920706
2020-03-10 00:12:00,0.3305889562367952
2020-03-10 00:15:00,0.3334291559505118
2020-03-10 00:18:00,0.20620201887606981
2020-03-10 00:21:00,0.29345693389785765
2020-03-10 00:24:00,0.28825024545267297
2020-03-10 00:27:00,0.21005149307603688
2020-03-10 00:30:00,0.2983421978219667
2020-03-10 00:33:00,0.2832888710318002
2020-03-10 00:36:00,0.2565296937475523
2020-03-10 00:39:00,0.20386226840668087
2020-03-10 00:42:00,0.1911438816883333
2020-03-10 00:45:00,0.26913978153709195
2020-03-10 00:48:00,0.29356423928453523
2020-03-10 00:51:00,0.3446796267836021
2020-03-10 00:54:00,0.3148084097373385
2020-03-10 00:57:00,0.2792679408536287
2020-03-10 01:00:00,0.26130984322355744
2020-03-10 01:03:00,0.28095148490189104
2020-03-10 01:06:00,0.19866164159373056
2020-03-10 01:09:00,0.20949119921937154
2020-03-10 01:12:00,0.2729415677772522
2020-03-10 01:15:00,0.2741121642583835
2020-03-10 01:18:00,0.28445060885076145
2020-03-10 01:21:00,0.28762974205028513
2020-03-10 01:24:00,0.30976113204712874
2020-03-10 01:27:00,0.27183910836328096
2020-03-10 01:30:00,0.3442343279644433
2020-03-10 01:33:00,0.3657863425048049
2020-03-10 01:36:00,0.33526138257576577
2020-03-10 01:39:00,0.2990728182900284
2020-03-10 01:42:00,0.3590826263950362
2020-03-10 01:45:00,0.3289594965107767
2020-03-10 01:48:00,0.2787361905188277
2020-03-10 01:51:00,0.3345276622160327
2020-03-10 01:54:00,0.32423154348543903
2020-03-10 01:57:00,0.2609551018506977
2020-03-10 02:00:00,0.26637964299089845
2020-03-10 02:03:00,0.26523328016293135
2020-03-10 02:06:00,0.23385727703958992
2020-03-10 02:09:00,0.3208491990069433
2020-03-10 02:12:00,0.3122428063063012
2020-03-10 02:15:00,0.2677467922903247
2020-03-10 02:18:00,0.3998583393831723
2020-03-10 02:21:00,0.3424756251728809
2020-03-10 02:24:00,0.29796129289206874
2020-03-10 02:27:00,0.31098750503758765
2020-03-10 02:30:00,0.3570345149736909
2020-03-10 02:33:00,0.24454470061903066
2020-03-10 02:36:00,0.30072576045455435
2020-03-10 02:39:00,0.2736352740344614
2020-03-10 02:42:00,0.2857161653295748
2020-03-10 02:45:00,0.37612253993978584
2020-03-10 02:48:00,0.323251979455506
2020-03-10 02:51:00,0.26409711415112724
2020-03-10 02:54:00,0.3710589662892403
2020-03-10 02:57:00,0.3309718662730461
2020-03-10 03:00:00,0.3022566257410517
2020-03-10 03:03:00,0.35769433971665876
2020-03-10 03:06:00,0.33929109312111905
2020-03-10 03:09:00,0.27645456782914835
2020-03-10 03:12:00,0.36682192637084654
2020-03-10 03:15:00,0.2819752910558009
2020-03-10 03:18:00,0.3398148994030521
2020-03-10 03:21:00,0.27280218037878967
2020-03-10 03:24:00,0.4444826999756515
2020-03-10 03:27:00,0.42399648362930975
2020-03-10 03:30:00,0.39864191117146675
2020-03-10 03:33:00,0.33687753364807804
2020-03-10 03:36:00,0.4342277160614003
2020-03-10 03:39:00,0.4524173659275448
2020-03-10 03:42:00,0.3533552284066559
2020-03-10 03:45:00,0.35468270622692444
2020-03-10 03:48:00,0.28865082939273634
2020-03-10 03:51:00,0.31026643273224863
2020-03-10 03:54:00,0.29277958418140315
2020-03-10 03:57:00,0.36812408334373004
2020-03-10 04:00:00,0.45483863161302907
2020-03-10 04:03:00,0.38628944714344016
2020-03-10 04:06:00,0.25716281674357333
2020-03-10 04:09:00,0.3134652736465
2020-03-10 04:12:00,0.2746428991672474
2020-03-10 04:15:00,0.38011910449671404
2020-03-10 04:18:00,0.3400155968702734
2020-03-10 04:21:00,0.4000383456810255
2020-03-10 04:24:00,0.37649229936846496
2020-03-10 04:27:00,0.3836663593964431
2020-03-10 04:30:00,0.3366125392910817
2020-03-10 04:33:00,0.3340673077757401
2020-03-10 04:36:00,0.43367789019691827
2020-03-10 04:39:00,0.3074302812501628
2020-03-10 04:42:00,0.36765368570729606
2020-03-10 04:45:00,0.23229007908309995
2020-03-10 04:48:00,0.23357552549504135
2020-03-10 04:51:00,0.3283756873918833
2020-03-10 04:54:00,0.33601534438793124
2020-03-10 04:57:00,0.4120360267955334
2020-03-10 05:00:00,0.2770956916850196
2020-03-10 05:03:00,0.34292798506936606
2020-03-10 05:06:00,0.5008672474398281
2020-03-10 05:09:00,0.41030880509282497
2020-03-10 05:12:00,0.282560351432835
2020-03-10 05:15:00,0.377046326228367
2020-03-10 05:18:00,0.3241208008900571
2020-03-10 05:21:00,0.4150732829475601
2020-03-10 05:24:00,0.3990699570575771
2020-03-10 05:27:00,0.33907561728966584
2020-03-10 05:30:00,0.40340566370258557
2020-03-10 05:33:00,0.32172972940759337
2020-03-10 05:36:00,0.3709762037317432
2020-03-10 05:39:00,0.3383399294769447
2020-03-10 05:42:00,0.37833473944454
2020-03-10 05:45:00,0.4267741489603054
2020-03-10 05:48:00,0.3851963573186481
2020-03-10 05:51:00,0.39145631835589256
2020-03-10 05:54:00,0.3868736176841594
2020-03-10 05:57:00,0.41301076000962667
2020-03-10 06:00:00,0.37612354844236506
2020-03-10 06:03:00,0.3353315255728262
2020-03-10 06:06:00,0.3933216392369445
2020-03-10 06:09:00,0.3466952560110599
2020-03-10 06:12:00,0.31416946834229975
2020-03-10 06:15:00,0.3642964128055155
2020-03-10 06:18:00,0.4512579831653625
2020-03-10 06:21:00,0.4350177549719092
2020-03-10 06:24:00,0.3193432845906159
2020-03-10 06:27:00,0.405130660640566
2020-03-10 06:30:00,0.33177936448214496
2020-03-10 06:33:00,0.41523829139526924
2020-03-10 06:36:00,0.3735698453020291
2020-03-10 06:39:00,0.31623569482917446
2020-03-10 06:42:00,0.48531620557963606
2020-03-10 06:45:00,0.3869072110388174
2020-03-10 06:48:00,0.48355296735223874
2020-03-10 06:51:00,0.3130208618271695
2020-03-10 06:54:00,0.41773696202136534
2020-03-10 06:57:00,0.38428013873311784
2020-03-10 07:00:00,0.4362819841956025
2020-03-10 07:03:00,0.4086569046691011
2020-03-10 07:06:00,0.40081705834904824
2020-03-10 07:09:00,0.4259712346232618
2020-03-10 07:12:00,0.42185391330320954
2020-03-10 07:15:00,0.4862200036329227
2020-03-10 07:18:00,0.45851993281291925
2020-03-10 07:21:00,0.4158082238581642
2020-03-10 07:24:00,0.40820190041733895
2020-03-10 07:27:00,0.3767619246693812
2020-03-10 07:30:00,0.37012417986181845
2020-03-10 07:33:00,0.348775716322848
2020-03-10 07:36:00,0.3939803544828351
2020-03-10 07:39:00,0.24786626552378266
2020-03-10 07:42:00,0.3179105138453906
2020-03-10 07:45:00,0.34564941065394805
2020-03-10 07:48:00,0.3627715516000194
2020-03-10 07:51:00,0.25241140509967863
2020-03-10 07:54:00,0.38058488205535923
2020-03-10 07:57:00,0.3601714287535742
2020-03-10 08:00:00,0.3249736779117143
2020-03-10 08:03:00,0.3142830137641681
2020-03-10 08:06:00,0.33912006058574207
2020-03-10 08:09:00,0.39361426760285667
2020-03-10 08:12:00,0.34032064083294244
2020-03-10 08:15:00,0.3314616813241855
2020-03-10 08:18:00,0.3697052745139331
2020-03-10 08:21:00,0.369093122325296
2020-03-10 08:24:00,0.37541160977195887
2020-03-10 08:27:00,0.3147312721464459
2020-03-10 08:30:00,0.48784774905334416
2020-03-10 08:33:00,0.24310053764253325
2020-03-10 08:36:00,0.268833395827869
2020-03-10 08:39:00,0.31220590878348276
2020-03-10 08:42:00,0.3000856199577697
2020-03-10 08:45:00,0.398372322921432
2020-03-10 08:48:00,0.32974553754905855
2020-03-10 08:51:00,0.3134393950241474
2020-03-10 08:54:00,0.29824351872406396
2020-03-10 08:57:00,0.314650682100023
2020-03-10 09:00:00,0.2740203150873981
2020-03-10 09:03:00,0.36053970668007196
2020-03-10 09:06:00,0.2094233115299744
2020-03-10 09:09:00,0.19253089521777156
2020-03-10 09:12:00,0.3104202552864308
2020-03-10 09:15:00,0.3090147367125269
2020-03-10 09:18:00,0.3558149938590418
2020-03-10 09:21:00,0.2808396461846314
2020-03-10 09:24:00,0.27496069482242547
2020-03-10 09:27:00,0.25220965754056124
2020-03-10 09:30:00,0.1757407493108758
2020-03-10 09:33:00,0.24821020976071395
2020-03-10 09:36:00,0.31918294508693634
2020-03-10 09:39:00,0.22286068172724072
2020-03-10 09:42:00,0.20637058272546938
2020-03-10 09:45:00,0.3298646184866243
2020-03-10 09:48:00,0.2821830618419767
2020-03-10 09:51:00,0.25638573715724533
2020-03-10 09:54:00,0.2721725090948439
2020-03-10 09:57:00,0.24300499744629178
2020-03-10 10:00:00,0.267194508795626
2020-03-10 10:03:00,0.1740017535340712
2020-03-10 10:06:00,0.25394089989850954
2020-03-10 10:09:00,0.14398217182832695
2020-03-10 10:12:00,0.0852591962239444
2020-03-10 10:15:00,0.11820825993561357
2020-03-10 10:18:00,0.11536228658371783
2020-03-10 10:21:00,0.12759330571770988
2020-03-10 10:24:00,0.12065932010790448
2020-03-10 10:27:00,0.1247688161324163
2020-03-10 10:30:00,0.13272099365696022
2020-03-10 10:33:00,0.06071322557727399
2020-03-10 10:36:00,0.12779715428860072
2020-03-10 10:39:00,0.0805610925659721
2020-03-10 10:42:00,0.0005689007833780124
2020-03-10 10:45:00,0.0738535274114156
2020-03-10 10:48:00,-0.05632460127134209
2020-03-10 10:51:00,-0.029440646475677568
2020-03-10 10:54:00,0.0528680113315545
2020-03-10 10:57:00,0.017875379197789698
2020-03-10 11:00:00,0.02410154402707576
2020-03-10 11:03:00,-0.02536148809599581
2020-03-10 11:06:00,0.09409655124125038
2020-03-10 11:09:00,0.05571573293701704
2020-03-10 11:12:00,0.05679362706473512
2020-03-10 11:15:00,0.12069612141698371
2020-03-10 11:18:00,0.09585667085957539
2020-03-10 11:21:00,0.08872259991619558
2020-03-10 11:24:00,0.07743056978597451
2020-03-10 11:27:00,0.09709232265475976
2020-03-10 11:30:00,0.054724683838117016
2020-03-10 11:33:00,0.045165500660914404
2020-03-10 11:36:00,0.07996387416631023
2020-03-10 11:39:00,0.09355567213577842
2020-03-10 11:42:00,0.08894692951923844
2020-03-10 11:45:00,0.07624466515159156
2020-03-10 11:48:00,0.013108933678154244
2020-03-10 11:51:00,-0.030005957100058822
2020-03-10 11:54:00,0.021624038262814338
2020-03-10 11:57:00,0.03934493058687849
2020-03-10 12:00:00,-0.04222877791858082
2020-03-10 12:03:00,0.019313331869625472
2020-03-10 12:06:00,-0.10246873235990961
2020-03-10 12:09:00,-0.06728610900466947
2020-03-10 12:12:00,-0.02615006626780314
2020-03-10 12:15:00,-0.10439253936573323
2020-03-10 12:18:00,-0.04767687503556317
2020-03-10 12:21:00,0.0027825126738889594
2020-03-10 12:24:00,-0.006393209736700101
2020-03-10 12:27:00,-0.055741212804491624
2020-03-10 12:30:00,-0.024949615782929868
2020-03-10 12:33:00,-0.08148649395474195
2020-03-10 12:36:00,-0.07508965871619466
2020-03-10 12:39:00,-0.05962139102615538
2020-03-10 12:42:00,-0.09602012490091738
2020-03-10 12:45:00,-0.008574172152293613
2020-03-10 12:48:00,-0.04700220519657705
2020-03-10 12:51:00,-0.0236232238746652
2020-03-10 12:54:00,0.006880882034408842
2020-03-10 12:57:00,-0.051481263803054844
2020-03-10 13:00:00,-0.08551416721854821
2020-03-10 13:03:00,-0.10088622177261186
2020-03-10 13:06:00,-0.058915729593536525
2020-03-10 13:09:00,-0.0742369946542567
2020-03-10 13:12:00,0.0048210799939738536
2020-03-10 13:15:00,-0.08618017253536436
2020-03-10 13:18:00,-0.10258493074314856
2020-03-10 13:21:00,0.020006567242944584
2020-03-10 13:24:00,-0.05395216589346319
2020-03-10 13:27:00,-0.10345811284963702
2020-03-10 13:30:00,-0.08350306101829119
2020-03-10 13:33:00,-0.11259782935525209
2020-03-10 13:36:00,-0.04721408457942289
2020-03-10 13:39:00,-0.09196147655683262
2020-03-10 13:42:00,0.04533015635240645
2020-03-10 13:45:00,-0.004998316978458206
2020-03-10 13:48:00,0.01872267741811129
2020-03-10 13:51:00,-0.0037641618444013147
2020-03-10 13:54:00,-0.02078738402229874
2020-03-10 13:57:00,-0.060591762184799336
2020-03-10 14:00:00,-0.1790762013404219
2020-03-10 14:03:00,-0.11831917478735932
2020-03-10 14:06:00,-0.04852138555702368
2020-03-10 14:09:00,-0.07120727083162137
2020-03-10 14:12:00,-0.19170272759504314
2020-03-10 14:15:00,-0.14627403112933735
2020-03-10 14:18:00,-0.16740810955775487
2020-03-10 14:21:00,-0.06532901488679954
2020-03-10 14:24:00,-0.006333391438033686
2020-03-10 14:27:00,-0.0660313912974857
2020-03-10 14:30:00,-0.04951468289141303
2020-03-10 14:33:00,-0.03000966619384826
2020-03-10 14:36:00,-0.13189856880353545
2020-03-10 14:39:00,-0.14517548680845493
2020-03-10 14:42:00,-0.175061298158937
2020-03-10 14:45:00,-0.05112751087744982
2020-03-10 14:48:00,-0.11095501446499156
2020-03-10 14:51:00,-0.07245018056875097
2020-03-10 14:54:00,-0.1480447839593353
2020-03-10 14:57:00,-0.141509697199524
2020-03-10 15:00:00,-0.19032401264064447
2020-03-10 15:03:00,-0.1759926276375836
2020-03-10 15:06:00,-0.23364736056487345
2020-03-10 15:09:00,-0.19178865632744646
2020-03-10 15:12:00,-0.2555509302642349
2020-03-10 15:15:00,-0.22663355745635272
2020-03-10 15:18:00,-0.22325531971500823
2020-03-10 15:21:00,-0.2646616684288574
2020-03-10 15:24:00,-0.14712957205318844
2020-03-10 15:27:00,-0.30552503230615
2020-03-10 15:30:00,-0.24852310265487176
2020-03-10 15:33:00,-0.2332923312904427
2020-03-10 15:36:00,-0.21586296370401215
2020-03-10 15:39:00,-0.25346060512237045
2020-03-10 15:42:00,-0.19655458160121952
2020-03-10 15:45:00,-0.24957952505468484
2020-03-10 15:48:00,-0.2566949082374208
2020-03-10 15:51:00,-0.3079728640972803
2020-03-10 15:54:00,-0.28974873568341764
2020-03-10 15:57:00,-0.24265967903573937
2020-03-10 16:00:00,-0.17999643455880232
2020-03-10 16:03:00,-0.14340104379903096
2020-03-10 16:06:00,-0.23693260392269622
2020-03-10 16:09:00,-0.1781543154760925
2020-03-10 16:12:00,-0.16010543457832682
2020-03-10 16:15:00,-0.05286410009358633
2020-03-10 16:18:00,-0.035792305448865136
2020-03-10 16:21:00,-0.08476377945726199
2020-03-10 16:24:00,-0.09723292829107777
2020-03-10 16:27:00,-0.11742721215694019
2020-03-10 16:30:00,-0.036412868643822094
2020-03-10 16:33:00,-0.09783653828338856
2020-03-10 16:36:00,-0.04252612408362211
2020-03-10 16:39:00,-0.05093886348157639
2020-03-10 16:42:00,0.03520944691746308
2020-03-10 16:45:00,0.1016413959295619
2020-03-10 16:48:00,0.005704188292611434
2020-03-10 16:51:00,-0.11664318203986568
2020-03-10 16:54:00,-0.12746020703093563
2020-03-10 16:57:00,-0.0506970515795615
2020-03-10 17:00:00,-0.016963641199197355
2020-03-10 17:03:00,-0.0009733404126563983
2020-03-10 17:06:00,0.0853759305064159
2020-03-10 17:09:00,0.05383833640667035
2020-03-10 17:12:00,0.038863215902665615
2020-03-10 17:15:00,0.14958440144340557
2020-03-10 17:18:00,0.10985967961687493
2020-03-10 17:21:00,-0.00550536543630642
2020-03-10 17:24:00,-0.013070350182033508
2020-03-10 17:27:00,0.09519503414639985
2020-03-10 17:30:00,0.16197743505045992
2020-03-10 17:33:00,0.2160468958672368
2020-03-10 17:36:00,0.31176361541912456
2020-03-10 17:39:00,0.24906750188057458
2020-03-10 17:42:00,0.40053106147695416
2020-03-10 17:45:00,0.3377124398155047
2020-03-10 17:48:00,0.40538340158161645
2020-03-10 17:51:00,0.4824211902644038
2020-03-10 17:54:00,0.3223695376801743
2020-03-10 17:57:00,0.2831734307138163
2020-03-10 18:00:00,0.32890117726287826
2020-03-10 18:03:00,0.41769117706905945
2020-03-10 18:06:00,0.47288567017966443
2020-03-10 18:09:00,0.3574381619984024
2020-03-10 18:12:00,0.5450059530771227
2020-03-10 18:15:00,0.442172062335942
2020-03-10 18:18:00,0.4844620589325359
2020-03-10 18:21:00,0.47878087516983214
2020-03-10 18:24:00,0.5915015178508156
2020-03-10 18:27:00,0.5450671954534414
2020-03-10 18:30:00,0.5512744725406833
2020-03-10 18:33:00,0.4241668763458506
2020-03-10 18:36:00,0.4651130632345257
2020-03-10 18:39:00,0.408983985726195
2020-03-10 18:42:00,0.4627793229312829
2020-03-10 18:45:00,0.5985158103552521
2020-03-10 18:48:00,0.3970105662484684
2020-03-10 18:51:00,0.2219902356208081
2020-03-10 18:54:00,
2020-03-10 18:57:00,
2020-03-10 19:00:00,
2020-03-10 19:03:00,
2020-03-10 19:06:00,0.10054313883819077
2020-03-10 19:09:00,0.27477026614087663
2020-03-10 19:12:00,
2020-03-10 19:15:00,
2020-03-10 19:18:00,
2020-03-10 19:21:00,
2020-03-10 19:24:00,
2020-03-10 19:27:00,
2020-03-10 19:30:00,
2020-03-10 19:33:00,
2020-03-10 19:36:00,
2020-03-10 19:39:00,
2020-03-10 19:42:00,
2020-03-10 19:45:00,
2020-03-10 19:48:00,
2020-03-10 19:51:00,
2020-03-10 19:54:00,
2020-03-10 19:57:00,
2020-03-10 20:00:00,
2020-03-10 20:03:00,
2020-03-10 20:06:00,
2020-03-10 20:09:00,
2020-03-10 20:12:00,
2020-03-10 20:15:00,
2020-03-10 20:18:00,
2020-03-10 20:21:00,
2020-03-10 20:24:00,
2020-03-10 20:27:00,
2020-03-10 20:30:00,
2020-03-10 20:33:00,
2020-03-10 20:36:00,
2020-03-10 20:39:00,
2020-03-10 20:42:00,
2020-03-10 20:45:00,
2020-03-10 20:48:00,
2020-03-10 20:51:00,
2020-03-10 20:54:00,
2020-03-10 20:57:00,
2020-03-10 21:00:00,
2020-03-10 21:03:00,
2020-03-10 21:06:00,
2020-03-10 21:09:00,
2020-03-10 21:12:00,
2020-03-10 21:15:00,
2020-03-10 21:18:00,
2020-03-10 21:21:00,
2020-03-10 21:24:00,
2020-03-10 21:27:00,
2020-03-10 21:30:00,
2020-03-10 21:33:00,
2020-03-10 21:36:00,
2020-03-10 21:39:00,
2020-03-10 21:42:00,
2020-03-10 21:45:00,
2020-03-10 21:48:00,
2020-03-10 21:51:00,
2020-03-10 21:54:00,
2020-03-10 21:57:00,
2020-03-10 22:00:00,
2020-03-10 22:03:00,
2020-03-10 22:06:00,
2020-03-10 22:09:00,
2020-03-10 22:12:00,
2020-03-10 22:15:00,
2020-03-10 22:18:00,
2020-03-10 22:21:00,
2020-03-10 22:24:00,
2020-03-10 22:27:00,
2020-03-10 22:30:00,
2020-03-10 22:33:00,
2020-03-10 22:36:00,
2020-03-10 22:39:00,
2020-03-10 22:42:00,
2020-03-10 22:45:00,
2020-03-10 22:48:00,
2020-03-10 22:51:00,
2020-03-10 22:54:00,
2020-03-10 22:57:00,
2020-03-10 23:00:00,
2020-03-10 23:03:00,
2020-03-10 23:06:00,
2020-03-10 23:09:00,
2020-03-10 23:12:00,
2020-03-10 23:15:00,
2020-03-10 23:18:00,
2020-03-10 23:21:00,
2020-03-10 23:24:00,
2020-03-10 23:27:00,
2020-03-10 23:30:00,
2020-03-10 23:33:00,
2020-03-10 23:36:00,
2020-03-10 23:39:00,
2020-03-10 23:42:00,
2020-03-10 23:45:00,
2020-03-10 23:48:00,
2020-03-10 23:51:00,
2020-03-10 23:54:00,
2020-03-10 23:57:00,
2020-03-11 00:00:00,
2020-03-11 00:03:00,
2020-03-11 00:06:00,
2020-03-11 00:09:00,
2020-03-11 00:12:00,
2020-03-11 00:15:00,
2020-03-11 00:18:00,
2020-03-11 00:21:00,
2020-03-11 00:24:00,
2020-03-11 00:27:00,
2020-03-11 00:30:00,
2020-03-11 00:33:00,
2020-03-11 00:36:00,
2020-03-11 00:39:00,
2020-03-11 00:42:00,
2020-03-11 00:45:00,
2020-03-11 00:48:00,
2020-03-11 00:51:00,
2020-03-11 00:54:00,
2020-03-11 00:57:00,
2020-03-11 01:00:00,
2020-03-11 01:03:00,
2020-03-11 01:06:00,
2020-03-11 01:09:00,
2020-03-11 01:12:00,
2020-03-11 01:15:00,
2020-03-11 01:18:00,
2020-03-11 01:21:00,
2020-03-11 01:24:00,
2020-03-11 01:27:00,
2020-03-11 01:30:00,
2020-03-11 01:33:00,
2020-03-11 01:36:00,
2020-03-11 01:39:00,
2020-03-11 01:42:00,
2020-03-11 01:45:00,
2020-03-11 01:48:00,
2020-03-11 01:51:00,
2020-03-11 01:54:00,
2020-03-11 01:57:00,
2020-03-11 02:00:00,
2020-03-11 02:03:00,
2020-03-11 02:06:00,
2020-03-11 02:09:00,
2020-03-11 02:12:00,
2020-03-11 02:15:00,
2020-03-11 02:18:00,
2020-03-11 02:21:00,
2020-03-11 02:24:00,
2020-03-11 02:27:00,
2020-03-11 02:30:00,
2020-03-11 02:33:00,
2020-03-11 02:36:00,
2020-03-11 02:39:00,
2020-03-11 02:42:00,
2020-03-11 02:45:00,
2020-03-11 02:48:00,
2020-03-11 02:51:00,
2020-03-11 02:54:00,
2020-03-11 02:57:00,
2020-03-11 03:00:00,
2020-03-11 03:03:00,
2020-03-11 03:06:00,
2020-03-11 03:09:00,
2020-03-11 03:12:00,
2020-03-11 03:15:00,
2020-03-11 03:18:00,
2020-03-11 03:21:00,
2020-03-11 03:24:00,
2020-03-11 03:27:00,
2020-03-11 03:30:00,
2020-03-11 03:33:00,
2020-03-11 03:36:00,
2020-03-11 03:39:00,
2020-03-11 03:42:00,
2020-03-11 03:45:00,
2020-03-11 03:48:00,
2020-03-11 03:51:00,
2020-03-11 03:54:00,
2020-03-11 03:57:00,
2020-03-11 04:00:00,
2020-03-11 04:03:00,
2020-03-11 04:06:00,
2020-03-11 04:09:00,
2020-03-11 04:12:00,
2020-03-11 04:15:00,
2020-03-11 04:18:00,
2020-03-11 04:21:00,
2020-03-11 04:24:00,
2020-03-11 04:27:00,
2020-03-11 04:30:00,
2020-03-11 04:33:00,
2020-03-11 04:36:00,
2020-03-11 04:39:00,
2020-03-11 04:42:00,
2020-03-11 04:45:00,
2020-03-11 04:48:00,
2020-03-11 04:51:00,
2020-03-11 04:54:00,
2020-03-11 04:57:00,
2020-03-11 05:00:00,
2020-03-11 05:03:00,
2020-03-11 05:06:00,
2020-03-11 05:09:00,
2020-03-11 05:12:00,
2020-03-11 05:15:00,
2020-03-11 05:18:00,
2020-03-11 05:21:00,
2020-03-11 05:24:00,
2020-03-11 05:27:00,
2020-03-11 05:30:00,
2020-03-11 05:33:00,
2020-03-11 05:36:00,
2020-03-11 05:39:00,
2020-03-11 05:42:00,
2020-03-11 05:45:00,
2020-03-11 05:48:00,
2020-03-11 05:51:00,
2020-03-11 05:54:00,
2020-03-11 05:57:00,
2020-03-11 06:00:00,
2020-03-11 06:03:00,
2020-03-11 06:06:00,
2020-03-11 06:09:00,
2020-03-11 06:12:00,
2020-03-11 06:15:00,
2020-03-11 06:18:00,
2020-03-11 06:21:00,
2020-03-11 06:24:00,
2020-03-11 06:27:00,
2020-03-11 06:30:00,
2020-03-11 06:33:00,
2020-03-11 06:36:00,
2020-03-11 06:39:00,
2020-03-11 06:42:00,
2020-03-11 06:45:00,
2020-03-11 06:48:00,
2020-03-11 06:51:00,
2020-03-11 06:54:00,
2020-03-11 06:57:00,
2020-03-11 07:00:00,
2020-03-11 07:03:00,
2020-03-11 07:06:00,-20.52803595698407
2020-03-11 07:09:00,2.2062388365723677
2020-03-11 07:12:00,0.5391333433594809
2020-03-11 07:15:00,0.7964684463225353
2020-03-11 07:18:00,0.5781528655210195
2020-03-11 07:21:00,0.3310488468476933
2020-03-11 07:24:00,
2020-03-11 07:27:00,-2.143967170457131
2020-03-11 07:30:00,0.7685619198766176
2020-03-11 07:33:00,0.5141706421130152
2020-03-11 07:36:00,0.3776287400381193
2020-03-11 07:39:00,0.357682681905942
2020-03-11 07:42:00,0.378628864097891
2020-03-11 07:45:00,0.3104249106401653
2020-03-11 07:48:00,0.34558948888684426
2020-03-11 07:51:00,0.3667153637622391
2020-03-11 07:54:00,0.3675098548932283
2020-03-11 07:57:00,0.27666749964180326
2020-03-11 08:00:00,0.4277438579328532
2020-03-11 08:03:00,0.4561252814150407
2020-03-11 08:06:00,0.46429174033653453
2020-03-11 08:09:00,0.4084150933021533
2020-03-11 08:12:00,0.38470892967711734
2020-03-11 08:15:00,0.39906377761258227
2020-03-11 08:18:00,0.39711523887757494
2020-03-11 08:21:00,0.33888645154945607
2020-03-11 08:24:00,0.2151796721211099
2020-03-11 08:27:00,0.3368832878009016
2020-03-11 08:30:00,0.24970430759645978
2020-03-11 08:33:00,0.19793319958426991
2020-03-11 08:36:00,
2020-03-11 08:39:00,
2020-03-11 08:42:00,
2020-03-11 08:45:00,
2020-03-11 08:48:00,
2020-03-11 08:51:00,
2020-03-11 08:54:00,
2020-03-11 08:57:00,
2020-03-11 09:00:00,
2020-03-11 09:03:00,
2020-03-11 09:06:00,
2020-03-11 09:09:00,
2020-03-11 09:12:00,
2020-03-11 09:15:00,
2020-03-11 09:18:00,
2020-03-11 09:21:00,
2020-03-11 09:24:00,
2020-03-11 09:27:00,
2020-03-11 09:30:00,
2020-03-11 09:33:00,
2020-03-11 09:36:00,
2020-03-11 09:39:00,
2020-03-11 09:42:00,
2020-03-11 09:45:00,
2020-03-11 09:48:00,
2020-03-11 09:51:00,
2020-03-11 09:54:00,0.24804303121749172
2020-03-11 09:57:00,0.1708438029549484
2020-03-11 10:00:00,0.1939742315645958
2020-03-11 10:03:00,0.10357575905436534
2020-03-11 10:06:00,0.18659568613338706
2020-03-11 10:09:00,0.27359318967040736
2020-03-11 10:12:00,0.19062258507892693
2020-03-11 10:15:00,0.15547942101068202
2020-03-11 10:18:00,0.20570735671174134
2020-03-11 10:21:00,0.06867862916647027
2020-03-11 10:24:00,0.38751921000584844
2020-03-11 10:27:00,0.17084510766619587
2020-03-11 10:30:00,0.24860501929208567
2020-03-11 10:33:00,0.19893038339859004
2020-03-11 10:36:00,0.22570764121110187
2020-03-11 10:39:00,0.18209540648388156
2020-03-11 10:42:00,0.04437084462102803
2020-03-11 10:45:00,0.10363611933235006
2020-03-11 10:48:00,-0.009685271997568634
2020-03-11 10:51:00,0.11104332490833713
2020-03-11 10:54:00,0.09264003565533585
2020-03-11 10:57:00,0.1758187177495074
2020-03-11 11:00:00,0.20456028125170178
2020-03-11 11:03:00,0.14615235720117425
2020-03-11 11:06:00,0.1783165296824336
2020-03-11 11:09:00,0.18467537173819437
2020-03-11 11:12:00,0.18495479144991123
2020-03-11 11:15:00,0.10143870624125384
2020-03-11 11:18:00,0.13271800529179245
2020-03-11 11:21:00,0.21496135289851281
2020-03-11 11:24:00,0.09575849781072066
2020-03-11 11:27:00,0.11296361765715801
2020-03-11 11:30:00,0.1941661058389741
2020-03-11 11:33:00,0.2593585531807321
2020-03-11 11:36:00,0.20176164473178915
2020-03-11 11:39:00,0.23574026943936133
2020-03-11 11:42:00,0.2191569545129255
2020-03-11 11:45:00,0.271546010904558
2020-03-11 11:48:00,0.24295974400166642
2020-03-11 11:51:00,0.1157673282237397
2020-03-11 11:54:00,0.17562999744535546
2020-03-11 11:57:00,0.16784457905379213
2020-03-11 12:00:00,0.05340005287200711
2020-03-11 12:03:00,0.1397251878423731
2020-03-11 12:06:00,0.09718729979800855
2020-03-11 12:09:00,0.11871281278928336
2020-03-11 12:12:00,0.035002846168197266
2020-03-11 12:15:00,0.10495481303297538
2020-03-11 12:18:00,0.04576673444370272
2020-03-11 12:21:00,0.07539953985047987
2020-03-11 12:24:00,-0.09787746404259678
2020-03-11 12:27:00,-0.06718558595144941
2020-03-11 12:30:00,-0.008579942072344693
2020-03-11 12:33:00,0.07101955063097876
2020-03-11 12:36:00,-0.010882439124884513
2020-03-11 12:39:00,-0.003151262872336247
2020-03-11 12:42:00,0.02111046923636195
2020-03-11 12:45:00,-0.039464249583431865
2020-03-11 12:48:00,-0.02235886363848749
2020-03-11 12:51:00,-0.024425416125154698
2020-03-11 12:54:00,-0.09323175872384581
2020-03-11 12:57:00,-0.056464134271777766
2020-03-11 13:00:00,-0.06461082515158978
2020-03-11 13:03:00,0.009220832101277665
2020-03-11 13:06:00,0.11216865935767828
2020-03-11 13:09:00,-0.04667450543593077
2020-03-11 13:12:00,-0.026725400240252384
2020-03-11 13:15:00,0.07795087890531249
2020-03-11 13:18:00,0.1022021758029723
2020-03-11 13:21:00,0.03707125659684607
2020-03-11 13:24:00,0.01526691727957541
2020-03-11 13:27:00,-0.05275888385227745
2020-03-11 13:30:00,-0.031624276628349435
2020-03-11 13:33:00,-0.08868668237158772
2020-03-11 13:36:00,-0.027330512026821907
2020-03-11 13:39:00,-0.030136111385786535
2020-03-11 13:42:00,-0.08806204773469517
2020-03-11 13:45:00,-0.016656924611424984
2020-03-11 13:48:00,0.0004109143355321976
2020-03-11 13:51:00,-0.020758102382387733
2020-03-11 13:54:00,0.07772436115203618
2020-03-11 13:57:00,0.01078080800493808
2020-03-11 14:00:00,-0.00478642593185441
2020-03-11 14:03:00,0.003567163899958814
2020-03-11 14:06:00,0.032690067238036136
2020-03-11 14:09:00,-0.1401311410874655
2020-03-11 14:12:00,-0.14571223897098662
2020-03-11 14:15:00,-0.250117441660052
2020-03-11 14:18:00,-0.15174964691851756
2020-03-11 14:21:00,-0.22366901605096245
2020-03-11 14:24:00,-0.16129615366213557
2020-03-11 14:27:00,-0.12853288504823013
2020-03-11 14:30:00,-0.08285726667537574
2020-03-11 14:33:00,0.0030663614764421254
2020-03-11 14:36:00,0.10408965103988521
2020-03-11 14:39:00,-0.11141631609052638
2020-03-11 14:42:00,-0.016270664559328907
2020-03-11 14:45:00,-0.10571466083001724
2020-03-11 14:48:00,-0.10063670824177962
2020-03-11 14:51:00,-0.013876035102668993
2020-03-11 14:54:00,0.05899400306225289
2020-03-11 14:57:00,-0.022484165637138176
2020-03-11 15:00:00,0.036366877124464736
2020-03-11 15:03:00,-0.0362240601292001
2020-03-11 15:06:00,0.002224863153685419
2020-03-11 15:09:00,0.06771240630064312
2020-03-11 15:12:00,-0.010638182794821205
2020-03-11 15:15:00,-0.06609576646366122
2020-03-11 15:18:00,-0.08307807409318002
2020-03-11 15:21:00,0.01585645714715156
2020-03-11 15:24:00,0.033331257145846394
2020-03-11 15:27:00,-0.11278352986010987
2020-03-11 15:30:00,-0.02310049202225173
2020-03-11 15:33:00,-0.021060055107852804
2020-03-11 15:36:00,0.00604254884973443
2020-03-11 15:39:00,0.06522483696585368
2020-03-11 15:42:00,-0.06133412066355959
2020-03-11 15:45:00,0.10323605470807706
2020-03-11 15:48:00,-0.05468159663928418
2020-03-11 15:51:00,-0.006040406760064343
2020-03-11 15:54:00,-0.011754156606400556
2020-03-11 15:57:00,0.02126831147120356
2020-03-11 16:00:00,0.08884781080314497
2020-03-11 16:03:00,0.11031333902332108
2020-03-11 16:06:00,0.16024815947247362
2020-03-11 16:09:00,0.12323391720713062
2020-03-11 16:12:00,0.178422805532648
2020-03-11 16:15:00,0.1582315054806145
2020-03-11 16:18:00,0.18416861518153382
2020-03-11 16:21:00,0.20063548907927498
2020-03-11 16:24:00,0.1704216174101134
2020-03-11 16:27:00,0.13704857788047775
2020-03-11 16:30:00,0.2229839122585986
2020-03-11 16:33:00,0.12153173050563737
2020-03-11 16:36:00,0.15782871366621976
2020-03-11 16:39:00,0.16445923748659652
2020-03-11 16:42:00,0.21697330026194095
2020-03-11 16:45:00,0.07290286803157642
2020-03-11 16:48:00,0.21516419554490085
2020-03-11 16:51:00,0.18285130832242658
2020-03-11 16:54:00,0.2496437555259945
2020-03-11 16:57:00,0.2841425398602837
2020-03-11 17:00:00,0.24799377973391756
2020-03-11 17:03:00,0.2779342870683763
2020-03-11 17:06:00,0.18221724705472298
2020-03-11 17:09:00,0.267147395131758
2020-03-11 17:12:00,0.3943093786520535
2020-03-11 17:15:00,0.3218015202352831
2020-03-11 17:18:00,0.3903143890341312
2020-03-11 17:21:00,0.2238141858227891
2020-03-11 17:24:00,0.27423111146867996
2020-03-11 17:27:00,0.1962113869096811
2020-03-11 17:30:00,0.29293069801281035
2020-03-11 17:33:00,0.198536150389657
2020-03-11 17:36:00,0.16580280450051532
2020-03-11 17:39:00,0.2613914662916841
2020-03-11 17:42:00,0.13861735125311725
2020-03-11 17:45:00,0.2296154858228192
2020-03-11 17:48:00,0.21184529622684067
2020-03-11 17:51:00,0.15582768078337494
2020-03-11 17:54:00,0.2698866282012773
2020-03-11 17:57:00,0.3361825839313042
2020-03-11 18:00:00,0.19028821584907973
2020-03-11 18:03:00,0.38876356878654406
2020-03-11 18:06:00,0.49360942066118696
2020-03-11 18:09:00,0.34938329744267094
2020-03-11 18:12:00,0.29855265548536636
2020-03-11 18:15:00,0.36694593229469774
2020-03-11 18:18:00,0.3560976901634376
2020-03-11 18:21:00,0.2902723627496471
2020-03-11 18:24:00,0.3632140197000808
2020-03-11 18:27:00,0.47879309149124083
2020-03-11 18:30:00,0.4342592517931507
2020-03-11 18:33:00,0.4712183752993724
2020-03-11 18:36:00,0.540687019696918
2020-03-11 18:39:00,0.4390644551255036
2020-03-11 18:42:00,0.3043409465773266
2020-03-11 18:45:00,0.3704586903928657
2020-03-11 18:48:00,0.41545752403271763
2020-03-11 18:51:00,
2020-03-11 18:54:00,
2020-03-11 18:57:00,
2020-03-11 19:00:00,
2020-03-11 19:03:00,0.24209649819039214
2020-03-11 19:06:00,0.20394764737937976
2020-03-11 19:09:00,0.25879012124539713
2020-03-11 19:12:00,0.274952108302557
2020-03-11 19:15:00,0.21899565851668967
2020-03-11 19:18:00,0.22582182509449922
2020-03-11 19:21:00,0.24397152040143055
2020-03-11 19:24:00,0.21133291411263144
2020-03-11 19:27:00,0.2429912522645168
2020-03-11 19:30:00,0.1491236028283538
2020-03-11 19:33:00,0.18368192715030318
2020-03-11 19:36:00,0.2616982653932496
2020-03-11 19:39:00,0.2521328926039814
2020-03-11 19:42:00,0.34497800072631435
2020-03-11 19:45:00,0.2955455519167458
2020-03-11 19:48:00,0.4676167382688732
2020-03-11 19:51:00,0.4127199303197244
2020-03-11 19:54:00,0.3258030649854504
2020-03-11 19:57:00,0.2777572906238106
2020-03-11 20:00:00,0.29807723663071783
2020-03-11 20:03:00,0.25892311286145286
2020-03-11 20:06:00,0.2895453132260286
2020-03-11 20:09:00,0.23556279037063632
2020-03-11 20:12:00,0.3136871716428118
2020-03-11 20:15:00,0.2909623529560008
2020-03-11 20:18:00,0.27801551502284383
2020-03-11 20:21:00,0.2886216705040283
2020-03-11 20:24:00,0.24265606131973527
2020-03-11 20:27:00,0.27208085281887406
2020-03-11 20:30:00,0.18961526281572105
2020-03-11 20:33:00,0.18700798865705792
2020-03-11 20:36:00,0.24405368701314956
2020-03-11 20:39:00,0.24543173750220149
2020-03-11 20:42:00,0.26515768435046994
2020-03-11 20:45:00,0.2897279095083718
2020-03-11 20:48:00,0.3121445773626874
2020-03-11 20:51:00,0.4171536056035734
2020-03-11 20:54:00,0.4626922908322513
2020-03-11 20:57:00,0.3433814365831722
2020-03-11 21:00:00,0.4680500930629137
2020-03-11 21:03:00,0.623135512153624
2020-03-11 21:06:00,0.5500352073072463
2020-03-11 21:09:00,0.58442569108621
2020-03-11 21:12:00,0.550886607349355
2020-03-11 21:15:00,0.5227322268996772
2020-03-11 21:18:00,0.4697466296491939
2020-03-11 21:21:00,0.5063678549311135
2020-03-11 21:24:00,0.4204000858545669
2020-03-11 21:27:00,0.4856916375712217
2020-03-11 21:30:00,0.42774219490394216
2020-03-11 21:33:00,0.40668925463569394
2020-03-11 21:36:00,0.40696310675036784
2020-03-11 21:39:00,0.37682965266571955
2020-03-11 21:42:00,0.40949769880853637
2020-03-11 21:45:00,0.5205323353009703
2020-03-11 21:48:00,0.41446209883804386
2020-03-11 21:51:00,0.38027351903349427
2020-03-11 21:54:00,0.3759013833546305
2020-03-11 21:57:00,0.3438214898484375
2020-03-11 22:00:00,0.38816007167667976
2020-03-11 22:03:00,0.4090393548407292
2020-03-11 22:06:00,0.4420030452859578
2020-03-11 22:09:00,0.4227013971209317
2020-03-11 22:12:00,0.4040043806730296
2020-03-11 22:15:00,0.3861246758284551
2020-03-11 22:18:00,0.3492230838745627
2020-03-11 22:21:00,0.4625806554361702
2020-03-11 22:24:00,0.5653390165025485
2020-03-11 22:27:00,0.5000428438069662
2020-03-11 22:30:00,0.45579984425057773
2020-03-11 22:33:00,0.5960228253430842
2020-03-11 22:36:00,0.6027882217699698
2020-03-11 22:39:00,0.6745414817708593
2020-03-11 22:42:00,0.6490534615093111
2020-03-11 22:45:00,0.6491398854909676
2020-03-11 22:48:00,0.7262616310160297
2020-03-11 22:51:00,0.8653030637174766
2020-03-11 22:54:00,0.8297129103424368
2020-03-11 22:57:00,0.6900153564854463
2020-03-11 23:00:00,0.5743497692000119
2020-03-11 23:03:00,0.5678731518782456
2020-03-11 23:06:00,0.4663875705467717
2020-03-11 23:09:00,0.41771348970087274
2020-03-11 23:12:00,0.4328112469824532
2020-03-11 23:15:00,0.4268721482051774
2020-03-11 23:18:00,0.4411131905039838
2020-03-11 23:21:00,0.5875896911540508
2020-03-11 23:24:00,0.6339182442580409
2020-03-11 23:27:00,0.48324223787238907
2020-03-11 23:30:00,0.3320265508598368
2020-03-11 23:33:00,0.39850409403817366
2020-03-11 23:36:00,0.27085844987539076
2020-03-11 23:39:00,0.47290587160648556
2020-03-11 23:42:00,0.44992243425508605
2020-03-11 23:45:00,0.4619292960371695
2020-03-11 23:48:00,0.5641772066800854
2020-03-11 23:51:00,0.5620248085488129
2020-03-11 23:54:00,0.60488468544429
2020-03-11 23:57:00,0.5697113943340923
2020-03-12 00:00:00,0.5824447251302445
2020-03-12 00:03:00,0.6250787243109812
2020-03-12 00:06:00,0.636983523419417
2020-03-12 00:09:00,0.6214217375843987
2020-03-12 00:12:00,0.6326843891945373
2020-03-12 00:15:00,0.5850416056830454
2020-03-12 00:18:00,0.5232815074168684
2020-03-12 00:21:00,0.6025376173503787
2020-03-12 00:24:00,0.6333163270422801
2020-03-12 00:27:00,0.5805363124897553
2020-03-12 00:30:00,0.6069599608269414
2020-03-12 00:33:00,0.5796803469652332
2020-03-12 00:36:00,0.6101300989647029
2020-03-12 00:39:00,0.6450713573574376
2020-03-12 00:42:00,0.6753206625850225
2020-03-12 00:45:00,0.6437373900884609
2020-03-12 00:48:00,0.610175477602013
2020-03-12 00:51:00,0.610493868209403
2020-03-12 00:54:00,0.6127709143463562
2020-03-12 00:57:00,0.7062840222302498
2020-03-12 01:00:00,0.5541157481466144
2020-03-12 01:03:00,0.5606813816561953
2020-03-12 01:06:00,0.42498043390213525
2020-03-12 01:09:00,0.6586733545833567
2020-03-12 01:12:00,0.5398919535251707
2020-03-12 01:15:00,0.6328684717175861
2020-03-12 01:18:00,0.6737046093595609
2020-03-12 01:21:00,0.6292540835441969
2020-03-12 01:24:00,0.6524026242749983
2020-03-12 01:27:00,0.6928115962193147
2020-03-12 01:30:00,0.6149738166370184
2020-03-12 01:33:00,0.5500225899440352
2020-03-12 01:36:00,0.45004921685483623
2020-03-12 01:39:00,0.5700447302966722
2020-03-12 01:42:00,0.586418020462645
2020-03-12 01:45:00,0.6808835174794581
2020-03-12 01:48:00,0.7507364704723614
2020-03-12 01:51:00,0.7065165531590196
2020-03-12 01:54:00,0.7538254961510802
2020-03-12 01:57:00,0.6188139815879481
2020-03-12 02:00:00,0.46430696832055673
2020-03-12 02:03:00,0.5267721621436863
2020-03-12 02:06:00,0.6045467200686403
2020-03-12 02:09:00,0.5649985890891571
2020-03-12 02:12:00,0.5493463283487472
2020-03-12 02:15:00,0.5739901593477725
2020-03-12 02:18:00,0.6666470127807429
2020-03-12 02:21:00,0.6372058477985547
2020-03-12 02:24:00,0.5579530897041423
2020-03-12 02:27:00,0.6614532785380902
2020-03-12 02:30:00,0.5596402747380012
2020-03-12 02:33:00,0.49922173559718885
2020-03-12 02:36:00,0.4891722567469401
2020-03-12 02:39:00,0.5827957848895835
2020-03-12 02:42:00,0.6222421501037161
2020-03-12 02:45:00,0.505100754310547
2020-03-12 02:48:00,0.5770286457328098
2020-03-12 02:51:00,0.5736875313554606
2020-03-12 02:54:00,0.5987794039804726
2020-03-12 02:57:00,0.5448328971647243
2020-03-12 03:00:00,0.4991550252344723
2020-03-12 03:03:00,0.5216860054172798
2020-03-12 03:06:00,0.561218157687108
2020-03-12 03:09:00,0.5347636619961236
2020-03-12 03:12:00,0.6158415990552157
2020-03-12 03:15:00,0.6492218805342418
2020-03-12 03:18:00,0.6134681365368237
2020-03-12 03:21:00,0.6446871557770919
2020-03-12 03:24:00,0.6424655765584362
2020-03-12 03:27:00,0.7417519852023133
2020-03-12 03:30:00,0.70833267247599
2020-03-12 03:33:00,0.7299383849924652
2020-03-12 03:36:00,0.6394864784244305
2020-03-12 03:39:00,0.5645385152290601
2020-03-12 03:42:00,0.5182158112928619
2020-03-12 03:45:00,0.5011291311413402
2020-03-12 03:48:00,0.5715840906614744
2020-03-12 03:51:00,0.5679400451218157
2020-03-12 03:54:00,0.5026861922012813
2020-03-12 03:57:00,0.5579351000977795
2020-03-12 04:00:00,0.5655745422017162
2020-03-12 04:03:00,0.49272425266730124
2020-03-12 04:06:00,0.5414372912759404
2020-03-12 04:09:00,0.5933309167385801
2020-03-12 04:12:00,0.5456563149012368
2020-03-12 04:15:00,0.6148290971080428
2020-03-12 04:18:00,0.4852912828420699
2020-03-12 04:21:00,0.5068155522939151
2020-03-12 04:24:00,0.5109751919575274
2020-03-12 04:27:00,0.5632594988731512
2020-03-12 04:30:00,0.5334856336102121
2020-03-12 04:33:00,0.5685580981211729
2020-03-12 04:36:00,0.6868237951106835
2020-03-12 04:39:00,0.511187251000365
2020-03-12 04:42:00,0.5040115566274039
2020-03-12 04:45:00,0.4262232752574846
2020-03-12 04:48:00,0.46403597797217344
2020-03-12 04:51:00,0.46682938614043223
2020-03-12 04:54:00,0.5622993213426071
2020-03-12 04:57:00,0.5676286753446789
2020-03-12 05:00:00,0.4459732549532305
2020-03-12 05:03:00,0.51744780244087
2020-03-12 05:06:00,0.5047977558526213
2020-03-12 05:09:00,0.5565647983861481
2020-03-12 05:12:00,0.5345296510100184
2020-03-12 05:15:00,0.5501542597067441
2020-03-12 05:18:00,0.5444080340232063
2020-03-12 05:21:00,0.607189370037986
2020-03-12 05:24:00,0.5875256468752923
2020-03-12 05:27:00,0.5871859141345226
2020-03-12 05:30:00,0.5847196252412914
2020-03-12 05:33:00,0.5644849231248941
2020-03-12 05:36:00,0.5849687166935951
2020-03-12 05:39:00,0.5160315532448863
2020-03-12 05:42:00,0.5113618139937444
2020-03-12 05:45:00,0.4777734600151007
2020-03-12 05:48:00,0.5616692614350995
2020-03-12 05:51:00,0.549645288150657
2020-03-12 05:54:00,0.4675467486884486
2020-03-12 05:57:00,0.5946855797733974
2020-03-12 06:00:00,0.4297464738054373
2020-03-12 06:03:00,0.5609693910379292
2020-03-12 06:06:00,0.4715679090821254
2020-03-12 06:09:00,0.50622774708836
2020-03-12 06:12:00,0.4922660565751471
2020-03-12 06:15:00,0.5095341303034502
2020-03-12 06:18:00,0.4313272108016122
2020-03-12 06:21:00,0.45843931656287396
2020-03-12 06:24:00,0.5375297018520087
2020-03-12 06:27:00,0.5179344909944348
2020-03-12 06:30:00,0.535279833090442
2020-03-12 06:33:00,0.5315262613736422
2020-03-12 06:36:00,0.5171863345205452
2020-03-12 06:39:00,0.6143601479414542
2020-03-12 06:42:00,0.5897122368822352
2020-03-12 06:45:00,0.5518112277746354
2020-03-12 06:48:00,0.5198518843557736
2020-03-12 06:51:00,0.5686230572911768
2020-03-12 06:54:00,0.557651166171695
2020-03-12 06:57:00,0.5456886196980122
2020-03-12 07:00:00,0.5051621830760382
2020-03-12 07:03:00,0.48636281462228226
2020-03-12 07:06:00,0.5183715300595395
2020-03-12 07:09:00,0.5374292393702262
2020-03-12 07:12:00,0.5472125093497198
2020-03-12 07:15:00,0.4703227229420577
2020-03-12 07:18:00,0.40281544814882864
2020-03-12 07:21:00,0.46468028883231227
2020-03-12 07:24:00,0.5380633473000671
2020-03-12 07:27:00,0.5194316432962864
2020-03-12 07:30:00,0.5239550305821012
2020-03-12 07:33:00,0.42059387182860064
2020-03-12 07:36:00,0.5098646793277339
2020-03-12 07:39:00,0.5380777252143503
2020-03-12 07:42:00,0.47158795579912294
2020-03-12 07:45:00,0.4433254852536379
2020-03-12 07:48:00,0.5354503254425254
2020-03-12 07:51:00,0.46103443234864017
2020-03-12 07:54:00,0.52401924226848
2020-03-12 07:57:00,0.5006228123706933
2020-03-12 08:00:00,0.5767250817507943
2020-03-12 08:03:00,0.6248559455908662
2020-03-12 08:06:00,0.49713424370168013
2020-03-12 08:09:00,0.5597599657106116
2020-03-12 08:12:00,0.5305613420728719
2020-03-12 08:15:00,0.39458871872943746
2020-03-12 08:18:00,0.4759619055141684
2020-03-12 08:21:00,0.4498253239128758
2020-03-12 08:24:00,0.45627808313275864
2020-03-12 08:27:00,0.5026951426085589
2020-03-12 08:30:00,0.47405351977653254
2020-03-12 08:33:00,0.5306850303296073
2020-03-12 08:36:00,0.44806660815265786
2020-03-12 08:39:00,0.4852476421073675
2020-03-12 08:42:00,0.4722145156947022
2020-03-12 08:45:00,0.489778375499327
2020-03-12 08:48:00,0.42426332413589307
2020-03-12 08:51:00,0.4800438639515505
2020-03-12 08:54:00,0.5465173368708065
2020-03-12 08:57:00,0.43728070185306933
2020-03-12 09:00:00,0.49803149255706103
2020-03-12 09:03:00,0.36500541463334457
2020-03-12 09:06:00,0.3978031316908073
2020-03-12 09:09:00,0.30711641668710854
2020-03-12 09:12:00,0.39487108198505894
2020-03-12 09:15:00,0.4038727020332544
2020-03-12 09:18:00,0.41711198241983993
2020-03-12 09:21:00,0.34959024550425966
2020-03-12 09:24:00,0.4148781378663102
2020-03-12 09:27:00,0.3355727933903836
2020-03-12 09:30:00,0.37722776092857657
2020-03-12 09:33:00,0.3160682933399812
2020-03-12 09:36:00,0.2926975853610543
2020-03-12 09:39:00,0.33960930354584207
2020-03-12 09:42:00,0.36181470550849326
2020-03-12 09:45:00,0.20865953373947832
2020-03-12 09:48:00,0.3134776734771094
2020-03-12 09:51:00,0.3341778230943646
2020-03-12 09:54:00,0.29862031732665173
2020-03-12 09:57:00,0.1850539711917918
2020-03-12 10:00:00,0.2707206418276087
2020-03-12 10:03:00,0.31744489376211504
2020-03-12 10:06:00,0.26967975847315984
2020-03-12 10:09:00,0.2352847158477971
2020-03-12 10:12:00,0.14438517229740455
2020-03-12 10:15:00,0.2270568274228708
2020-03-12 10:18:00,0.27020765149194403
2020-03-12 10:21:00,0.1437726365635399
2020-03-12 10:24:00,0.21020722138564452
2020-03-12 10:27:00,0.17840288438549123
2020-03-12 10:30:00,0.2294184146230691
2020-03-12 10:33:00,0.17275580892828657
2020-03-12 10:36:00,0.10683818665677336
2020-03-12 10:39:00,0.21493246916884345
2020-03-12 10:42:00,0.07385134294474938
2020-03-12 10:45:00,0.1764253740347499
2020-03-12 10:48:00,0.14655362986894716
2020-03-12 10:51:00,0.1366829814404582
2020-03-12 10:54:00,0.13974504384003694
2020-03-12 10:57:00,0.18471845710331536
2020-03-12 11:00:00,0.1194581904851475
2020-03-12 11:03:00,0.16850633119480563
2020-03-12 11:06:00,0.14877251228261912
2020-03-12 11:09:00,0.14395989432972556
2020-03-12 11:12:00,0.13845861567330076
2020-03-12 11:15:00,0.13652376381463682
2020-03-12 11:18:00,0.12934051869490304
2020-03-12 11:21:00,0.04427225386967848
2020-03-12 11:24:00,0.06389527448885701
2020-03-12 11:27:00,0.1113786445172309
2020-03-12 11:30:00,-0.01789990688018861
2020-03-12 11:33:00,0.054703389974292804
2020-03-12 11:36:00,-0.008166067987701808
2020-03-12 11:39:00,0.06050618783427808
2020-03-12 11:42:00,0.04737862323668196
2020-03-12 11:45:00,0.05990949348830554
2020-03-12 11:48:00,0.014270589434318026
2020-03-12 11:51:00,0.009586964416030241
2020-03-12 11:54:00,-0.0024255822802956573
2020-03-12 11:57:00,0.052257631272141225
2020-03-12 12:00:00,0.07900044203819334
2020-03-12 12:03:00,-0.10995385372876854
2020-03-12 12:06:00,-0.03867178554696693
2020-03-12 12:09:00,-0.06987371428726874
2020-03-12 12:12:00,0.03653633402740297
2020-03-12 12:15:00,-0.10030060192156043
2020-03-12 12:18:00,-0.020956713919133563
2020-03-12 12:21:00,-0.07371522785263096
2020-03-12 12:24:00,-0.06018588218711329
2020-03-12 12:27:00,-0.14638221494732306
2020-03-12 12:30:00,-0.12364503197466092
2020-03-12 12:33:00,-0.15379756251434173
2020-03-12 12:36:00,-0.10935355064668784
2020-03-12 12:39:00,-0.26007200306673894
2020-03-12 12:42:00,-0.12864683797818088
2020-03-12 12:45:00,-0.18623380160107672
2020-03-12 12:48:00,-0.11983629340323887
2020-03-12 12:51:00,-0.1618454367043114
2020-03-12 12:54:00,-0.17753781753168596
2020-03-12 12:57:00,-0.2063448514060724
2020-03-12 13:00:00,-0.20620503821248803
2020-03-12 13:03:00,-0.15000738547320225
2020-03-12 13:06:00,-0.20043621774465237
2020-03-12 13:09:00,-0.2325340786636616
2020-03-12 13:12:00,-0.26500478433263197
2020-03-12 13:15:00,-0.20464058429178067
2020-03-12 13:18:00,-0.19766762974762742
2020-03-12 13:21:00,-0.18748052126562698
2020-03-12 13:24:00,-0.2670119259344119
2020-03-12 13:27:00,-0.1209233737160389
2020-03-12 13:30:00,-0.1513116272717525
2020-03-12 13:33:00,-0.05050719353317845
2020-03-12 13:36:00,-0.14397574148131298
2020-03-12 13:39:00,-0.18896935538452908
2020-03-12 13:42:00,-0.21808381552784795
2020-03-12 13:45:00,-0.17046610905174475
2020-03-12 13:48:00,-0.15179650255726074
2020-03-12 13:51:00,-0.1387934500139636
2020-03-12 13:54:00,-0.06730753721603833
2020-03-12 13:57:00,-0.13361873854495343
2020-03-12 14:00:00,-0.05887592641664696
2020-03-12 14:03:00,0.014716024577978715
2020-03-12 14:06:00,-0.08032263981209553
2020-03-12 14:09:00,-0.10528145631343477
2020-03-12 14:12:00,0.05715740147246606
2020-03-12 14:15:00,-0.007862954120241739
2020-03-12 14:18:00,-0.09461418011210299
2020-03-12 14:21:00,-0.021200990409909082
2020-03-12 14:24:00,-0.06670336945779809
2020-03-12 14:27:00,-0.08829536874168298
2020-03-12 14:30:00,-0.08755670576925922
2020-03-12 14:33:00,-0.12393860955302216
2020-03-12 14:36:00,-0.034335113088786784
2020-03-12 14:39:00,-0.08981582775146535
2020-03-12 14:42:00,-0.1170295094074163
2020-03-12 14:45:00,-0.06654189350604156
2020-03-12 14:48:00,-0.13815411095168884
2020-03-12 14:51:00,-0.11746781254009875
2020-03-12 14:54:00,-0.005546039385308177
2020-03-12 14:57:00,-0.23080765431058126
2020-03-12 15:00:00,-0.08598004897288547
2020-03-12 15:03:00,-0.08656942988204719
2020-03-12 15:06:00,-0.10814961206898488
2020-03-12 15:09:00,-0.06377945836641175
2020-03-12 15:12:00,-0.12986393975222654
2020-03-12 15:15:00,-0.04208161312919856
2020-03-12 15:18:00,0.0029403767827034244
2020-03-12 15:21:00,-0.05152400575559568
2020-03-12 15:24:00,-0.07739815195287747
2020-03-12 15:27:00,-0.12974421870427477
2020-03-12 15:30:00,-0.11089803860380698
2020-03-12 15:33:00,-0.2472163064953179
2020-03-12 15:36:00,-0.14267814528705003
2020-03-12 15:39:00,-0.018808349373500732
2020-03-12 15:42:00,-0.11108448022997663
2020-03-12 15:45:00,-0.16308991433669462
2020-03-12 15:48:00,-0.17810806511238297
2020-03-12 15:51:00,0.01995397304705193
2020-03-12 15:54:00,0.006617295302362436
2020-03-12 15:57:00,-0.07699532039367796
2020-03-12 16:00:00,-0.1440972095692814
2020-03-12 16:03:00,-0.198404666578881
2020-03-12 16:06:00,-0.16286721522345715
2020-03-12 16:09:00,-0.09649925122414515
2020-03-12 16:12:00,-0.031163453992007817
2020-03-12 16:15:00,-0.05992675250496404
2020-03-12 16:18:00,-0.10605809635154628
2020-03-12 16:21:00,-0.014406432609519015
2020-03-12 16:24:00,-0.04653128987627042
2020-03-12 16:27:00,-0.1096477338176669
2020-03-12 16:30:00,-0.06478744272033055
2020-03-12 16:33:00,-0.10810347266794906
2020-03-12 16:36:00,0.03531496544485435
2020-03-12 16:39:00,-0.05139288802280362
2020-03-12 16:42:00,-0.10620617208240901
2020-03-12 16:45:00,-0.05452841006803055
2020-03-12 16:48:00,0.033251808995999
2020-03-12 16:51:00,-0.03192595633163364
2020-03-12 16:54:00,-0.08212344554442552
2020-03-12 16:57:00,-0.06325232532515201
2020-03-12 17:00:00,-0.05990454981053972
2020-03-12 17:03:00,0.06001576159860633
2020-03-12 17:06:00,-0.028092745233891492
2020-03-12 17:09:00,0.03972767627828944
2020-03-12 17:12:00,-0.025455839311348427
2020-03-12 17:15:00,0.05696350244545556
2020-03-12 17:18:00,-0.07459172113027535
2020-03-12 17:21:00,-0.07656640914728996
2020-03-12 17:24:00,0.03789508939661346
2020-03-12 17:27:00,0.03949412503010308
2020-03-12 17:30:00,0.1571142880352454
2020-03-12 17:33:00,0.0037362307627404334
2020-03-12 17:36:00,0.22069859956866367
2020-03-12 17:39:00,0.11330086194345768
2020-03-12 17:42:00,0.2068465159642301
2020-03-12 17:45:00,-0.0008896166989984522
2020-03-12 17:48:00,-0.053310315179430745
2020-03-12 17:51:00,0.08797421925584104
2020-03-12 17:54:00,0.055958059331999266
2020-03-12 17:57:00,0.24197942490224023
2020-03-12 18:00:00,0.23792645209078955
2020-03-12 18:03:00,0.25196664231611976
2020-03-12 18:06:00,0.26495475105014066
2020-03-12 18:09:00,0.3076557582469377
2020-03-12 18:12:00,0.13598790888681833
2020-03-12 18:15:00,0.14824925184086624
2020-03-12 18:18:00,0.24815337073903265
2020-03-12 18:21:00,0.21448115766327192
2020-03-12 18:24:00,0.11607873626371656
2020-03-12 18:27:00,0.15633409638036255
2020-03-12 18:30:00,0.29483807036444887
2020-03-12 18:33:00,0.18615095754591948
2020-03-12 18:36:00,0.23907232523600896
2020-03-12 18:39:00,0.2263045645450461
2020-03-12 18:42:00,0.29112548149049644
2020-03-12 18:45:00,0.22261164475639816
2020-03-12 18:48:00,0.2264407265942623
2020-03-12 18:51:00,0.13729572640602328
2020-03-12 18:54:00,
2020-03-12 18:57:00,
2020-03-12 19:00:00,
2020-03-12 19:03:00,0.39852969747943234
2020-03-12 19:06:00,0.22333331614601093
2020-03-12 19:09:00,0.30042837099654207
2020-03-12 19:12:00,0.3071249665832738
2020-03-12 19:15:00,0.3192127137987768
2020-03-12 19:18:00,0.23966913827359804
2020-03-12 19:21:00,0.35864500447860337
2020-03-12 19:24:00,0.4197417587314476
2020-03-12 19:27:00,0.35309091630534795
2020-03-12 19:30:00,0.2896114914103691
2020-03-12 19:33:00,0.4550014233914226
2020-03-12 19:36:00,0.35502764833228184
2020-03-12 19:39:00,0.2897060111665155
2020-03-12 19:42:00,0.36541450828332245
2020-03-12 19:45:00,0.35283562479736474
2020-03-12 19:48:00,0.4330229634070406
2020-03-12 19:51:00,0.3975872304062591
2020-03-12 19:54:00,0.46173276924668016
2020-03-12 19:57:00,0.36665364069068573
2020-03-12 20:00:00,0.3462818548599671
2020-03-12 20:03:00,0.3298169362739145
2020-03-12 20:06:00,0.3941673008903308
2020-03-12 20:09:00,0.26460308962145973
2020-03-12 20:12:00,0.36927949529979287
2020-03-12 20:15:00,0.37361620794104056
2020-03-12 20:18:00,0.2839437154835309
2020-03-12 20:21:00,0.24779188170128919
2020-03-12 20:24:00,0.40253359424951896
2020-03-12 20:27:00,0.35683880638094934
2020-03-12 20:30:00,0.40692263413296814
2020-03-12 20:33:00,0.4067644037132254
2020-03-12 20:36:00,0.3956021546493389
2020-03-12 20:39:00,0.457447903960599
2020-03-12 20:42:00,0.42159114220009997
2020-03-12 20:45:00,0.5433616501487109
2020-03-12 20:48:00,0.3642715808204571
2020-03-12 20:51:00,0.33933592982964456
2020-03-12 20:54:00,0.3804106286498836
2020-03-12 20:57:00,0.30828108101593443
2020-03-12 21:00:00,0.3364599485508961
2020-03-12 21:03:00,0.32471348604030936
2020-03-12 21:06:00,0.3353800069256181
2020-03-12 21:09:00,0.4137639032579159
2020-03-12 21:12:00,0.3672445864420979
2020-03-12 21:15:00,0.44393264337884375
2020-03-12 21:18:00,0.41322175352246404
2020-03-12 21:21:00,0.4418646805439721
2020-03-12 21:24:00,0.507088274268483
2020-03-12 21:27:00,0.33161668006130185
2020-03-12 21:30:00,0.3866993722298844
2020-03-12 21:33:00,0.35589299992898304
2020-03-12 21:36:00,0.3670503764026307
2020-03-12 21:39:00,0.48802293995510126
2020-03-12 21:42:00,0.3576534131701692
2020-03-12 21:45:00,0.3317363599302894
2020-03-12 21:48:00,0.4954377115433317
2020-03-12 21:51:00,0.4522263580248591
2020-03-12 21:54:00,0.5660764232149518
2020-03-12 21:57:00,0.48107774842719664
2020-03-12 22:00:00,0.5497095620265213
2020-03-12 22:03:00,0.3412883571201064
2020-03-12 22:06:00,0.45360072418282016
2020-03-12 22:09:00,0.5283553647197436
2020-03-12 22:12:00,0.5047962285057679
2020-03-12 22:15:00,0.44165568181750814
2020-03-12 22:18:00,0.4426387820757327
2020-03-12 22:21:00,0.4187801611917621
2020-03-12 22:24:00,0.49940602111809085
2020-03-12 22:27:00,0.46233423229244863
2020-03-12 22:30:00,0.42859644602970093
2020-03-12 22:33:00,0.5078309667762255
2020-03-12 22:36:00,0.4640663434103658
2020-03-12 22:39:00,0.4789887005561013
2020-03-12 22:42:00,0.45757568795880843
2020-03-12 22:45:00,0.48091564614418303
2020-03-12 22:48:00,0.5062447255427287
2020-03-12 22:51:00,0.40783499743429275
2020-03-12 22:54:00,0.4586246642660967
2020-03-12 22:57:00,0.3335015167622828
2020-03-12 23:00:00,0.5065365880649324
2020-03-12 23:03:00,0.46011195094405366
2020-03-12 23:06:00,0.4824350079887836
2020-03-12 23:09:00,0.582652161913245
2020-03-12 23:12:00,0.4021729713281843
2020-03-12 23:15:00,0.5236225506893675
2020-03-12 23:18:00,0.4923470354339088
2020-03-12 23:21:00,0.4464910313816972
2020-03-12 23:24:00,0.4793310345542636
2020-03-12 23:27:00,0.4667432912356162
2020-03-12 23:30:00,0.49882118104898154
2020-03-12 23:33:00,0.4797381303956172
2020-03-12 23:36:00,0.4337012350156897
2020-03-12 23:39:00,0.3355989296507005
2020-03-12 23:42:00,0.43399581462847436
2020-03-12 23:45:00,0.42456514511707155
2020-03-12 23:48:00,0.43713316706720207
2020-03-12 23:51:00,0.4027132576156305
2020-03-12 23:54:00,0.47808894865113416
2020-03-12 23:57:00,0.503931779779748
2020-03-13 00:00:00,0.29799642532498183
2020-03-13 00:03:00,0.2650830325508764
2020-03-13 00:06:00,0.42271503734798443
2020-03-13 00:09:00,0.3407323473429642
2020-03-13 00:12:00,0.3861915031913554
2020-03-13 00:15:00,0.4323796471448986
2020-03-13 00:18:00,0.3855181760752089
2020-03-13 00:21:00,0.4367772810004453
2020-03-13 00:24:00,0.30632157502765267
2020-03-13 00:27:00,0.3850830767217417
2020-03-13 00:30:00,0.32271128859349574
2020-03-13 00:33:00,0.3740666222307141
2020-03-13 00:36:00,0.36639946653752986
2020-03-13 00:39:00,0.39710301999764397
2020-03-13 00:42:00,0.43893292648635907
2020-03-13 00:45:00,0.35462039117754784
2020-03-13 00:48:00,0.3038850493051086
2020-03-13 00:51:00,0.2821017060139752
2020-03-13 00:54:00,0.3770021419783234
2020-03-13 00:57:00,0.41762304647022574
2020-03-13 01:00:00,0.32208493798754034
2020-03-13 01:03:00,0.4915942052849118
2020-03-13 01:06:00,0.4181064632840048
2020-03-13 01:09:00,0.3618749044188121
2020-03-13 01:12:00,0.35495583004910713
2020-03-13 01:15:00,0.290707515301051
2020-03-13 01:18:00,0.3450945920531012
2020-03-13 01:21:00,0.29718955706533734
2020-03-13 01:24:00,0.4469933153322927
2020-03-13 01:27:00,0.41125234429301827
2020-03-13 01:30:00,0.3060165067122398
2020-03-13 01:33:00,0.45389340411821877
2020-03-13 01:36:00,0.425740461325006
2020-03-13 01:39:00,0.34391899639820167
2020-03-13 01:42:00,0.3655023402790789
2020-03-13 01:45:00,0.35371863998216213
2020-03-13 01:48:00,0.3630493977105971
2020-03-13 01:51:00,0.42187360113177874
2020-03-13 01:54:00,0.43294255712265795
2020-03-13 01:57:00,0.39719183693796367
2020-03-13 02:00:00,0.5010118208974745
2020-03-13 02:03:00,0.48122928840206214
2020-03-13 02:06:00,0.42926764042283594
2020-03-13 02:09:00,0.3943820245897882
2020-03-13 02:12:00,0.3612208374460124
2020-03-13 02:15:00,0.383004368709976
2020-03-13 02:18:00,0.37035848090528134
2020-03-13 02:21:00,0.5104448073111598
2020-03-13 02:24:00,0.47053685954585944
2020-03-13 02:27:00,0.3927381743537808
2020-03-13 02:30:00,0.36981960228229127
2020-03-13 02:33:00,0.4206140835750034
2020-03-13 02:36:00,0.5613080716927357
2020-03-13 02:39:00,0.34388483433616557
2020-03-13 02:42:00,0.40125554301988586
2020-03-13 02:45:00,0.38274545251198333
2020-03-13 02:48:00,0.44317455077913337
2020-03-13 02:51:00,0.35718826911931956
2020-03-13 02:54:00,0.2925964929893894
2020-03-13 02:57:00,0.2832366313503485
2020-03-13 03:00:00,0.21869434488547768
2020-03-13 03:03:00,0.23741746770696182
2020-03-13 03:06:00,0.3048232615915367
2020-03-13 03:09:00,0.37387586421266406
2020-03-13 03:12:00,0.3137778283248167
2020-03-13 03:15:00,0.47941836837111396
2020-03-13 03:18:00,0.3936631509430981
2020-03-13 03:21:00,0.406318541841415
2020-03-13 03:24:00,0.38209166099898084
2020-03-13 03:27:00,0.43681837549189595
2020-03-13 03:30:00,0.39074838217408114
2020-03-13 03:33:00,0.4433726818728019
2020-03-13 03:36:00,0.507900877662621
2020-03-13 03:39:00,0.4319959981809234
2020-03-13 03:42:00,0.3997680780950077
2020-03-13 03:45:00,0.33987754991142083
2020-03-13 03:48:00,0.4977706137742075
2020-03-13 03:51:00,0.40975804242845015
2020-03-13 03:54:00,0.4021199305001346
2020-03-13 03:57:00,0.4046087002104173
2020-03-13 04:00:00,0.3710206619579708
2020-03-13 04:03:00,0.3411274086366234
2020-03-13 04:06:00,0.47518373920428303
2020-03-13 04:09:00,0.4000654944699136
2020-03-13 04:12:00,0.552796128069815
2020-03-13 04:15:00,0.28402509118188846
2020-03-13 04:18:00,0.2837145559698797
2020-03-13 04:21:00,0.2482079114466842
2020-03-13 04:24:00,0.2752366734534917
2020-03-13 04:27:00,0.28600907076076965
2020-03-13 04:30:00,0.3994528890999618
2020-03-13 04:33:00,0.4603307644275674
2020-03-13 04:36:00,0.48254260732466037
2020-03-13 04:39:00,0.39802098598892144
2020-03-13 04:42:00,0.45419658029186394
2020-03-13 04:45:00,0.517975937133599
2020-03-13 04:48:00,0.38193613663162296
2020-03-13 04:51:00,0.533172581381109
2020-03-13 04:54:00,0.4296176275015
2020-03-13 04:57:00,0.3973875978991259
2020-03-13 05:00:00,0.3825049338402664
2020-03-13 05:03:00,0.4733486603507231
2020-03-13 05:06:00,0.4481557343522695
2020-03-13 05:09:00,0.41415395086028184
2020-03-13 05:12:00,0.4749568563828461
2020-03-13 05:15:00,0.4121913405459736
2020-03-13 05:18:00,0.4105568807672739
2020-03-13 05:21:00,0.38781786168482313
2020-03-13 05:24:00,0.4102360922952357
2020-03-13 05:27:00,0.38600004751771166
2020-03-13 05:30:00,0.4535448543661573
2020-03-13 05:33:00,0.4449053530902347
2020-03-13 05:36:00,0.3602384838383159
2020-03-13 05:39:00,0.47728888472749986
2020-03-13 05:42:00,0.4858871301617569
2020-03-13 05:45:00,0.4455568129579319
2020-03-13 05:48:00,0.3988304774653102
2020-03-13 05:51:00,0.4313823014444438
2020-03-13 05:54:00,0.3392045593586772
2020-03-13 05:57:00,0.39833760692584974
2020-03-13 06:00:00,0.3829735617222809
2020-03-13 06:03:00,0.36900408505971427
2020-03-13 06:06:00,0.4258138120190438
2020-03-13 06:09:00,0.4985791506063606
2020-03-13 06:12:00,0.4901797611163943
2020-03-13 06:15:00,0.3763861022686683
2020-03-13 06:18:00,0.3627170251843381
2020-03-13 06:21:00,0.330877668419987
2020-03-13 06:24:00,0.35372911915760596
2020-03-13 06:27:00,0.35229809189144135
2020-03-13 06:30:00,0.4339182877191661
2020-03-13 06:33:00,0.4414676966795241
2020-03-13 06:36:00,0.5207593700192206
2020-03-13 06:39:00,0.46609376280895276
2020-03-13 06:42:00,0.48027507830113336
2020-03-13 06:45:00,0.33554234063711874
2020-03-13 06:48:00,0.4642854649785022
2020-03-13 06:51:00,0.4936585983257942
2020-03-13 06:54:00,0.40133311583139175
2020-03-13 06:57:00,0.3593802416738754
2020-03-13 07:00:00,0.3768831525340488
2020-03-13 07:03:00,0.3758710717345366
2020-03-13 07:06:00,0.45780591478188626
2020-03-13 07:09:00,0.2817946253863397
2020-03-13 07:12:00,0.17973873346159053
2020-03-13 07:15:00,0.16347943444407065
2020-03-13 07:18:00,0.25340024874367373
2020-03-13 07:21:00,0.2807097591920069
2020-03-13 07:24:00,0.33760782659021515
2020-03-13 07:27:00,0.2614509856429095
2020-03-13 07:30:00,0.31413881041498826
2020-03-13 07:33:00,0.2326750952547627
2020-03-13 07:36:00,0.29710145966129176
2020-03-13 07:39:00,0.34671980757769916
2020-03-13 07:42:00,0.3736882192075086
2020-03-13 07:45:00,0.5523824622088682
2020-03-13 07:48:00,0.5542678951433118
2020-03-13 07:51:00,0.45363948304606083
2020-03-13 07:54:00,0.5293735231550158
2020-03-13 07:57:00,0.3958483853317034
2020-03-13 08:00:00,0.22114240316403766
2020-03-13 08:03:00,0.20343598299552923
2020-03-13 08:06:00,0.20848723134690772
2020-03-13 08:09:00,0.055079315567127196
2020-03-13 08:12:00,0.021429311687143127
2020-03-13 08:15:00,0.18752601720882467
2020-03-13 08:18:00,0.2103246345851062
2020-03-13 08:21:00,0.24838052253721798
2020-03-13 08:24:00,0.12262342096101975
2020-03-13 08:27:00,0.15531506660528294
2020-03-13 08:30:00,0.0929348501741174
2020-03-13 08:33:00,0.19976347119506954
2020-03-13 08:36:00,0.32284102761667555
2020-03-13 08:39:00,0.2573064840856887
2020-03-13 08:42:00,0.26110549149518647
2020-03-13 08:45:00,0.22992223946425838
2020-03-13 08:48:00,0.20956821536105963
2020-03-13 08:51:00,0.28460511513981146
2020-03-13 08:54:00,0.27504258056865183
2020-03-13 08:57:00,0.2649915659997646
2020-03-13 09:00:00,0.17391885928009287
2020-03-13 09:03:00,0.2377240637992486
2020-03-13 09:06:00,0.2518469419778171
2020-03-13 09:09:00,0.18059754559669727
2020-03-13 09:12:00,0.1807984344364968
2020-03-13 09:15:00,0.23905966570418968
2020-03-13 09:18:00,0.1363114701456425
2020-03-13 09:21:00,0.2700038215833729
2020-03-13 09:24:00,0.17971996562044978
2020-03-13 09:27:00,0.18951425052506465
2020-03-13 09:30:00,0.2262490090013216
2020-03-13 09:33:00,0.259341256664527
2020-03-13 09:36:00,0.19474777034383806
2020-03-13 09:39:00,0.11258228799107428
2020-03-13 09:42:00,0.16678313714982096
2020-03-13 09:45:00,0.1597120963084535
2020-03-13 09:48:00,0.14389640516520785
2020-03-13 09:51:00,0.12312201079299712
2020-03-13 09:54:00,0.1411544266707665
2020-03-13 09:57:00,0.02796760867016701
2020-03-13 10:00:00,0.12158588647434954
2020-03-13 10:03:00,0.2670880504162483
2020-03-13 10:06:00,0.09418790640131647
2020-03-13 10:09:00,0.11469066086038993
2020-03-13 10:12:00,0.05240082452706929
2020-03-13 10:15:00,0.08287640279962716
2020-03-13 10:18:00,0.07201930056396577
2020-03-13 10:21:00,-0.0445151662603962
2020-03-13 10:24:00,0.01471133229051702
2020-03-13 10:27:00,0.05424233501605613
2020-03-13 10:30:00,0.009297409383975719
2020-03-13 10:33:00,0.0067061405154618114
2020-03-13 10:36:00,0.0236283318703272
2020-03-13 10:39:00,0.04968908662613103
2020-03-13 10:42:00,-0.05323886094822683
2020-03-13 10:45:00,0.010712436206404163
2020-03-13 10:48:00,0.08055482868894615
2020-03-13 10:51:00,0.09728220962682599
2020-03-13 10:54:00,0.023728108720717955
2020-03-13 10:57:00,0.1074092109544722
2020-03-13 11:00:00,0.1458009479778184
2020-03-13 11:03:00,0.11740668643233221
2020-03-13 11:06:00,-0.011842908031269417
2020-03-13 11:09:00,-0.03948802651098049
2020-03-13 11:12:00,-0.0647751437415991
2020-03-13 11:15:00,-0.024639793059748172
2020-03-13 11:18:00,0.021182915110557587
2020-03-13 11:21:00,0.00929037894280782
2020-03-13 11:24:00,0.07462679174426512
2020-03-13 11:27:00,-0.03738271926511061
2020-03-13 11:30:00,0.10379774321296509
2020-03-13 11:33:00,0.0018701985007396615
2020-03-13 11:36:00,-0.020112106327644597
2020-03-13 11:39:00,-0.020914967520411665
2020-03-13 11:42:00,-0.027464229637587323
2020-03-13 11:45:00,-0.052729574451234384
2020-03-13 11:48:00,-0.1745048190829266
2020-03-13 11:51:00,-0.020908152355616494
2020-03-13 11:54:00,-0.0071936504400582635
2020-03-13 11:57:00,-0.08075869791548484
2020-03-13 12:00:00,-0.2091783724065408
2020-03-13 12:03:00,-0.02339063246023443
2020-03-13 12:06:00,-0.0553413860652654
2020-03-13 12:09:00,-0.21137061329255857
2020-03-13 12:12:00,-0.1917376345302273
2020-03-13 12:15:00,-0.30858671843759566
2020-03-13 12:18:00,-0.11781967572323992
2020-03-13 12:21:00,-0.1113095949193621
2020-03-13 12:24:00,-0.07898703278033281
2020-03-13 12:27:00,-0.23186482519514584
2020-03-13 12:30:00,-0.12810952541929055
2020-03-13 12:33:00,-0.13126573876883185
2020-03-13 12:36:00,-0.26567598249528146
2020-03-13 12:39:00,-0.22679267023164584
2020-03-13 12:42:00,-0.19539590162548848
2020-03-13 12:45:00,-0.19999984618448252
2020-03-13 12:48:00,-0.20499369871509998
2020-03-13 12:51:00,-0.2591976752225946
2020-03-13 12:54:00,-0.2696850314398489
2020-03-13 12:57:00,-0.32146210265449326
2020-03-13 13:00:00,-0.2902196084998536
2020-03-13 13:03:00,-0.22228247121887534
2020-03-13 13:06:00,-0.2249814156739376
2020-03-13 13:09:00,-0.1656780887206537
2020-03-13 13:12:00,-0.25095557163666626
2020-03-13 13:15:00,-0.31262694148369974
2020-03-13 13:18:00,-0.28921381482172137
2020-03-13 13:21:00,-0.2171332646886981
2020-03-13 13:24:00,-0.3190834231464237
2020-03-13 13:27:00,-0.24976021150206407
2020-03-13 13:30:00,-0.24811323430287757
2020-03-13 13:33:00,-0.2976139279890617
2020-03-13 13:36:00,-0.1960197130337633
2020-03-13 13:39:00,-0.1319877542435961
2020-03-13 13:42:00,-0.12023440252716
2020-03-13 13:45:00,-0.27199742555916373
2020-03-13 13:48:00,-0.377142711881163
2020-03-13 13:51:00,-0.2963939164425824
2020-03-13 13:54:00,-0.31640791670412227
2020-03-13 13:57:00,-0.27255936772627365
2020-03-13 14:00:00,-0.21856733013351004
2020-03-13 14:03:00,-0.17499524065465266
2020-03-13 14:06:00,-0.34624561174757673
2020-03-13 14:09:00,-0.17331843314815387
2020-03-13 14:12:00,-0.3745570091193713
2020-03-13 14:15:00,-0.16787334662876674
2020-03-13 14:18:00,-0.2413145430075474
2020-03-13 14:21:00,-0.20590180688333248
2020-03-13 14:24:00,-0.2322170109331978
2020-03-13 14:27:00,-0.27479773652612494
2020-03-13 14:30:00,-0.2752246295298164
2020-03-13 14:33:00,-0.15949460641616042
2020-03-13 14:36:00,-0.1267819956128733
2020-03-13 14:39:00,-0.03652872890768322
2020-03-13 14:42:00,-0.08149328375839104
2020-03-13 14:45:00,-0.05491953933830018
2020-03-13 14:48:00,-0.02157889052284645
2020-03-13 14:51:00,-0.09530107433243984
2020-03-13 14:54:00,-0.11232816828720615
2020-03-13 14:57:00,-0.2930951762326117
2020-03-13 15:00:00,-0.3200515254056313
2020-03-13 15:03:00,-0.34157893352926294
2020-03-13 15:06:00,-0.3071828579060707
2020-03-13 15:09:00,-0.23914614887036123
2020-03-13 15:12:00,-0.27172643057429013
2020-03-13 15:15:00,-0.3218303156756406
2020-03-13 15:18:00,-0.37631769628745815
2020-03-13 15:21:00,-0.37989625883875533
2020-03-13 15:24:00,-0.37897265395383783
2020-03-13 15:27:00,-0.3126953901858087
2020-03-13 15:30:00,-0.46513934553263425
2020-03-13 15:33:00,-0.25020555331730066
2020-03-13 15:36:00,-0.1807858526648829
2020-03-13 15:39:00,-0.19908882254770788
2020-03-13 15:42:00,-0.11676893659307552
2020-03-13 15:45:00,-0.17821431534724752
2020-03-13 15:48:00,0.02202932839350069
2020-03-13 15:51:00,-0.022449751251087946
2020-03-13 15:54:00,-0.06470761424088778
2020-03-13 15:57:00,-0.11375221789302259
2020-03-13 16:00:00,-0.08957676057042363
2020-03-13 16:03:00,-0.15027838058438192
2020-03-13 16:06:00,-0.053291472478065316
2020-03-13 16:09:00,-0.010368521490590865
2020-03-13 16:12:00,-0.03201142367072407
2020-03-13 16:15:00,-0.05642770105328054
2020-03-13 16:18:00,-0.035104388700858635
2020-03-13 16:21:00,-0.10821801136688691
2020-03-13 16:24:00,-0.16580183426032136
2020-03-13 16:27:00,-0.12314184231917125
2020-03-13 16:30:00,-0.06698102435524333
2020-03-13 16:33:00,-0.10100342159620368
2020-03-13 16:36:00,-0.1500914950115657
2020-03-13 16:39:00,-0.19222085367374575
2020-03-13 16:42:00,-0.09236534225925652
2020-03-13 16:45:00,-0.19669307527976798
2020-03-13 16:48:00,-0.06192532706796783
2020-03-13 16:51:00,-0.02217744495737861
2020-03-13 16:54:00,0.059312332103502285
2020-03-13 16:57:00,0.11548625698333126
2020-03-13 17:00:00,0.17169462221755794
2020-03-13 17:03:00,0.17165489147055268
2020-03-13 17:06:00,0.14766524729992625
2020-03-13 17:09:00,0.11293744781187343
2020-03-13 17:12:00,0.05142630557963912
2020-03-13 17:15:00,-0.011242548781297046
2020-03-13 17:18:00,-0.05738153652220035
2020-03-13 17:21:00,0.022338821782454943
2020-03-13 17:24:00,-0.046114351916969554
2020-03-13 17:27:00,-0.030317199849548615
2020-03-13 17:30:00,0.08090273319135122
2020-03-13 17:33:00,0.18724027744190153
2020-03-13 17:36:00,0.05988978763059549
2020-03-13 17:39:00,0.06706755104676176
2020-03-13 17:42:00,0.05471104949583605
2020-03-13 17:45:00,0.0936954003180972
2020-03-13 17:48:00,0.05731102828809753
2020-03-13 17:51:00,0.21783421212489884
2020-03-13 17:54:00,0.16032423394983653
2020-03-13 17:57:00,0.1964428711935966
2020-03-13 18:00:00,0.18802355558409545
2020-03-13 18:03:00,0.22000062314396018
2020-03-13 18:06:00,0.09734533537636025
2020-03-13 18:09:00,0.13099550864893672
2020-03-13 18:12:00,0.002161440064924136
2020-03-13 18:15:00,0.06748454443697938
2020-03-13 18:18:00,0.12625215925675093
2020-03-13 18:21:00,0.0401602595010786
2020-03-13 18:24:00,-0.031785822344772896
2020-03-13 18:27:00,0.08384243556957927
2020-03-13 18:30:00,0.056188629829705405
2020-03-13 18:33:00,0.02677702900098211
2020-03-13 18:36:00,0.07955374552574312
2020-03-13 18:39:00,0.07716865644033533
2020-03-13 18:42:00,0.07104830425447517
2020-03-13 18:45:00,0.15072402543125918
2020-03-13 18:48:00,0.010974385436668399
2020-03-13 18:51:00,0.09224251979389919
2020-03-13 18:54:00,
2020-03-13 18:57:00,
2020-03-13 19:00:00,
2020-03-13 19:03:00,0.036133063520651376
2020-03-13 19:06:00,0.06919976452911669
2020-03-13 19:09:00,0.013468198941438914
2020-03-13 19:12:00,0.0260943804313456
2020-03-13 19:15:00,0.15317381127675844
2020-03-13 19:18:00,0.10624103596694567
2020-03-13 19:21:00,0.12515248617745556
2020-03-13 19:24:00,0.06329649876562371
2020-03-13 19:27:00,0.1414888372484029
2020-03-13 19:30:00,0.14674239162729918
2020-03-13 19:33:00,0.13606124349030324
2020-03-13 19:36:00,0.09318984063895641
2020-03-13 19:39:00,0.1435084731770644
2020-03-13 19:42:00,0.28772893181275094
2020-03-13 19:45:00,0.21262559926583435
2020-03-13 19:48:00,0.142529317258834
2020-03-13 19:51:00,0.24496890830840812
2020-03-13 19:54:00,0.2768553299316068
2020-03-13 19:57:00,0.2412006020156241
2020-03-13 20:00:00,0.2554454688987562
2020-03-13 20:03:00,0.1796899634117608
2020-03-13 20:06:00,0.221743959509638
2020-03-13 20:09:00,0.1947113155015927
2020-03-13 20:12:00,0.1940796051010807
2020-03-13 20:15:00,0.19775969626533652
2020-03-13 20:18:00,0.18612717228683096
2020-03-13 20:21:00,0.1936943361149588
2020-03-13 20:24:00,0.14635773183687206
2020-03-13 20:27:00,0.13791554151015362
2020-03-13 20:30:00,0.24340378829720066
2020-03-13 20:33:00,0.2441260464967172
2020-03-13 20:36:00,0.2328727543896889
2020-03-13 20:39:00,0.248951770594374
2020-03-13 20:42:00,0.09911843385862085
2020-03-13 20:45:00,0.1174120261268854
2020-03-13 20:48:00,0.23127075314772583
2020-03-13 20:51:00,0.223649799430234
2020-03-13 20:54:00,0.24371572193081192
2020-03-13 20:57:00,0.2654078819278993
2020-03-13 21:00:00,0.29029834257710263
2020-03-13 21:03:00,0.0967584312260783
2020-03-13 21:06:00,0.24631622713650358
2020-03-13 21:09:00,0.23224069903466216
2020-03-13 21:12:00,0.3056738199301776
2020-03-13 21:15:00,0.21024887917525348
2020-03-13 21:18:00,0.18041142508548091
2020-03-13 21:21:00,0.220747684093908
2020-03-13 21:24:00,0.22963950680684775
2020-03-13 21:27:00,0.18995843707364202
2020-03-13 21:30:00,0.24913131993497473
2020-03-13 21:33:00,0.24820840381045173
2020-03-13 21:36:00,0.34077022138870916
2020-03-13 21:39:00,0.15680292056481449
2020-03-13 21:42:00,0.18909060589601268
2020-03-13 21:45:00,0.21572167890479932
2020-03-13 21:48:00,0.1210968858095498
2020-03-13 21:51:00,0.20364626903585759
2020-03-13 21:54:00,0.23357906378492999
2020-03-13 21:57:00,0.19124884690705812
2020-03-13 22:00:00,0.26321295541640666
2020-03-13 22:03:00,0.15559365620958943
2020-03-13 22:06:00,0.26654847960401185
2020-03-13 22:09:00,0.23983351163741418
2020-03-13 22:12:00,0.19975851731328476
2020-03-13 22:15:00,0.29281219487933186
2020-03-13 22:18:00,0.24885126391905033
2020-03-13 22:21:00,0.23902546776361078
2020-03-13 22:24:00,0.17516955222191655
2020-03-13 22:27:00,0.27695222603188085
2020-03-13 22:30:00,0.25636524638372293
2020-03-13 22:33:00,0.2763581850842911
2020-03-13 22:36:00,0.2617716903031919
2020-03-13 22:39:00,0.17255667875161862
2020-03-13 22:42:00,0.10655797885169704
2020-03-13 22:45:00,0.22397041491535674
2020-03-13 22:48:00,0.2158148650476619
2020-03-13 22:51:00,0.2577246857069895
2020-03-13 22:54:00,0.1858830618026559
2020-03-13 22:57:00,0.1608419128738774
2020-03-13 23:00:00,0.21532186595828762
2020-03-13 23:03:00,0.19966111940789233
2020-03-13 23:06:00,0.25187249295964875
2020-03-13 23:09:00,0.19119653900082767
2020-03-13 23:12:00,0.18626078253220157
2020-03-13 23:15:00,0.21197439301795384
2020-03-13 23:18:00,0.18435674093461785
2020-03-13 23:21:00,0.17754762306867633
2020-03-13 23:24:00,0.1914734110987979
2020-03-13 23:27:00,0.23785990601538742
2020-03-13 23:30:00,0.2883740891301727
2020-03-13 23:33:00,0.21157365275792017
2020-03-13 23:36:00,0.18361402863121157
2020-03-13 23:39:00,0.34790728118861125
2020-03-13 23:42:00,0.2707033045340381
2020-03-13 23:45:00,0.2746067880318037
2020-03-13 23:48:00,0.24847424780210758
2020-03-13 23:51:00,0.2695349926050312
2020-03-13 23:54:00,0.17236935836632483
2020-03-13 23:57:00,0.285914287146511
2020-03-14 00:00:00,0.21879240810744705
2020-03-14 00:03:00,0.2657508703516669
2020-03-14 00:06:00,0.22898638617130018
2020-03-14 00:09:00,0.15630667651277008
2020-03-14 00:12:00,0.20332040005803265
2020-03-14 00:15:00,0.09709102023390415
2020-03-14 00:18:00,0.3073824282532769
2020-03-14 00:21:00,0.12086947817090277
2020-03-14 00:24:00,0.17565943748945756
2020-03-14 00:27:00,0.12212407587435337
2020-03-14 00:30:00,0.07993059603029451
2020-03-14 00:33:00,0.08283015465320887
2020-03-14 00:36:00,0.24043744095081365
2020-03-14 00:39:00,0.2047901244442869
2020-03-14 00:42:00,0.26953484974933417
2020-03-14 00:45:00,0.2580550826357353
2020-03-14 00:48:00,0.28840020036193437
2020-03-14 00:51:00,0.32458155358898466
2020-03-14 00:54:00,0.22371897703777677
2020-03-14 00:57:00,0.21921104357193144
2020-03-14 01:00:00,0.1739377486796343
2020-03-14 01:03:00,0.2211763899890684
2020-03-14 01:06:00,0.2238837430685976
2020-03-14 01:09:00,0.19555727105523601
2020-03-14 01:12:00,0.2884268351829178
2020-03-14 01:15:00,0.26898274920307585
2020-03-14 01:18:00,0.36239213302866347
2020-03-14 01:21:00,0.25586589272137417
2020-03-14 01:24:00,0.20758120337779928
2020-03-14 01:27:00,0.15512435436374972
2020-03-14 01:30:00,0.242327873956242
2020-03-14 01:33:00,0.34423764131787493
2020-03-14 01:36:00,0.13755525584053885
2020-03-14 01:39:00,0.2303593361858134
2020-03-14 01:42:00,0.2364306744485134
2020-03-14 01:45:00,0.22404175561700868
2020-03-14 01:48:00,0.28038188104898154
2020-03-14 01:51:00,0.3067264850512288
2020-03-14 01:54:00,0.2714728192195821
2020-03-14 01:57:00,0.28558108365643875
2020-03-14 02:00:00,0.24181777134413096
2020-03-14 02:03:00,0.26575369667909854
2020-03-14 02:06:00,0.23116555290221186
2020-03-14 02:09:00,0.3115199933745316
2020-03-14 02:12:00,0.3067176341884874
2020-03-14 02:15:00,0.2836956258540795
2020-03-14 02:18:00,0.30685171098031105
2020-03-14 02:21:00,0.28633197528694154
2020-03-14 02:24:00,0.27626125604945173
2020-03-14 02:27:00,0.31270029188334547
2020-03-14 02:30:00,0.3015515607800694
2020-03-14 02:33:00,0.25524574790881616
2020-03-14 02:36:00,0.24207961274544232
2020-03-14 02:39:00,0.31382555009338375
2020-03-14 02:42:00,0.2842166103526438
2020-03-14 02:45:00,0.28839194025641746
2020-03-14 02:48:00,0.202119083928892
2020-03-14 02:51:00,0.18902498738896156
2020-03-14 02:54:00,0.23682754878774404
2020-03-14 02:57:00,0.20843528152312274
2020-03-14 03:00:00,0.2543118860587015
2020-03-14 03:03:00,0.24818935646527507
2020-03-14 03:06:00,0.21885463622101042
2020-03-14 03:09:00,0.1794827762049067
2020-03-14 03:12:00,0.2629074385458239
2020-03-14 03:15:00,0.18607042671612817
2020-03-14 03:18:00,0.18913263647078793
2020-03-14 03:21:00,0.24529147818412866
2020-03-14 03:24:00,0.2395972279761054
2020-03-14 03:27:00,0.3220253440927081
2020-03-14 03:30:00,0.2920251987463871
2020-03-14 03:33:00,0.332762080106761
2020-03-14 03:36:00,0.3282361933589186
2020-03-14 03:39:00,0.2570063974226855
2020-03-14 03:42:00,0.204409732478382
2020-03-14 03:45:00,0.18774723793728754
2020-03-14 03:48:00,0.2784567524855106
2020-03-14 03:51:00,0.2662699172562384
2020-03-14 03:54:00,0.3259872360216036
2020-03-14 03:57:00,0.28970045855299986
2020-03-14 04:00:00,0.22436971004856332
2020-03-14 04:03:00,0.31994873917824407
2020-03-14 04:06:00,0.23425233646287325
2020-03-14 04:09:00,0.332225519896042
2020-03-14 04:12:00,0.2913555790952387
2020-03-14 04:15:00,0.2607572126606783
2020-03-14 04:18:00,0.2600836582258239
2020-03-14 04:21:00,0.21440091604836198
2020-03-14 04:24:00,0.22191155529992557
2020-03-14 04:27:00,0.26733162651299835
2020-03-14 04:30:00,0.24795265715886217
2020-03-14 04:33:00,0.2181309702514227
2020-03-14 04:36:00,0.256598861298869
2020-03-14 04:39:00,0.15558266838434065
2020-03-14 04:42:00,0.18701958298208865
2020-03-14 04:45:00,0.2075324942972543
2020-03-14 04:48:00,0.13163297316566513
2020-03-14 04:51:00,0.2180400545980774
2020-03-14 04:54:00,0.24092897593692442
2020-03-14 04:57:00,0.20988412804581458
2020-03-14 05:00:00,0.23652630561622345
2020-03-14 05:03:00,0.1995551236115034
2020-03-14 05:06:00,0.20691979964618668
2020-03-14 05:09:00,0.2478213569165746
2020-03-14 05:12:00,0.1904850299368377
2020-03-14 05:15:00,0.21570316094988584
2020-03-14 05:18:00,0.16505326091453298
2020-03-14 05:21:00,0.17710177295691665
2020-03-14 05:24:00,0.1892565364913139
2020-03-14 05:27:00,0.2763099549031267
2020-03-14 05:30:00,0.2077670938745655
2020-03-14 05:33:00,0.23959767665178333
2020-03-14 05:36:00,0.2459672621156983
2020-03-14 05:39:00,0.24654164623945007
2020-03-14 05:42:00,0.28227495638094524
2020-03-14 05:45:00,0.23228764054454132
2020-03-14 05:48:00,0.16604093214749582
2020-03-14 05:51:00,0.24458423517336314
2020-03-14 05:54:00,0.12964300203060475
2020-03-14 05:57:00,0.3061073004857917
2020-03-14 06:00:00,0.2927817513908053
2020-03-14 06:03:00,0.3157715610254286
2020-03-14 06:06:00,0.2847106030712325
2020-03-14 06:09:00,0.26919492655429167
2020-03-14 06:12:00,0.21937786626131128
2020-03-14 06:15:00,0.19474000512678913
2020-03-14 06:18:00,0.21973219639602348
2020-03-14 06:21:00,0.2524451327255406
2020-03-14 06:24:00,0.23640106061122879
2020-03-14 06:27:00,0.2528479006026032
2020-03-14 06:30:00,0.2884585021631665
2020-03-14 06:33:00,0.31598149033959544
2020-03-14 06:36:00,0.3416468888856343
2020-03-14 06:39:00,0.25482527708646785
2020-03-14 06:42:00,0.31103888201238306
2020-03-14 06:45:00,0.2177438983891875
2020-03-14 06:48:00,0.31361089466412295
2020-03-14 06:51:00,0.3183606161765056
2020-03-14 06:54:00,0.33932657378255726
2020-03-14 06:57:00,0.2841813361059735
2020-03-14 07:00:00,0.36091225167928087
2020-03-14 07:03:00,0.3565661894434129
2020-03-14 07:06:00,0.19782145013806485
2020-03-14 07:09:00,0.3627476250160271
2020-03-14 07:12:00,0.2750004973289606
2020-03-14 07:15:00,0.22862136067988104
2020-03-14 07:18:00,0.2842192380572328
2020-03-14 07:21:00,0.29593915994428244
2020-03-14 07:24:00,0.19290358933665175
2020-03-14 07:27:00,0.2251460911516574
2020-03-14 07:30:00,0.28502391741790234
2020-03-14 07:33:00,0.26292934734595974
2020-03-14 07:36:00,0.17490319975905777
2020-03-14 07:39:00,0.22321041644852357
2020-03-14 07:42:00,0.21558672344377783
2020-03-14 07:45:00,0.22730091848472966
2020-03-14 07:48:00,0.20303117144686667
2020-03-14 07:51:00,0.24089954104351818
2020-03-14 07:54:00,0.19014946624059803
2020-03-14 07:57:00,0.18161294674467854
2020-03-14 08:00:00,0.26300431688724757
2020-03-14 08:03:00,0.19890090677381522
2020-03-14 08:06:00,0.1310730615792295
2020-03-14 08:09:00,0.22989204689389453
2020-03-14 08:12:00,0.20081299904114758
2020-03-14 08:15:00,0.16986609253933693
2020-03-14 08:18:00,0.31700286599624405
2020-03-14 08:21:00,0.17937124651695058
2020-03-14 08:24:00,0.20011348531880913
2020-03-14 08:27:00,0.2288626533339766
2020-03-14 08:30:00,0.24973080193859687
2020-03-14 08:33:00,0.27684634816932885
2020-03-14 08:36:00,0.24922618290008813
2020-03-14 08:39:00,0.21041498836183337
2020-03-14 08:42:00,0.1987749060044166
2020-03-14 08:45:00,0.12706404987812903
2020-03-14 08:48:00,0.22951150510431262
2020-03-14 08:51:00,0.19106418369381117
2020-03-14 08:54:00,0.1472714728677147
2020-03-14 08:57:00,0.19083790511086818
2020-03-14 09:00:00,0.23084927187323956
2020-03-14 09:03:00,0.1925941731913099
2020-03-14 09:06:00,0.21632440237226547
2020-03-14 09:09:00,0.23702303644637368
2020-03-14 09:12:00,0.2054723388785078
2020-03-14 09:15:00,0.24381400093653838
2020-03-14 09:18:00,0.19727491211750703
2020-03-14 09:21:00,0.10794959675342852
2020-03-14 09:24:00,0.22307793261461484
2020-03-14 09:27:00,0.1988291203088579
2020-03-14 09:30:00,0.11936850666330656
2020-03-14 09:33:00,0.07237178046688086
2020-03-14 09:36:00,0.18988939881904798
2020-03-14 09:39:00,0.15625357487465408
2020-03-14 09:42:00,0.24417524893186737
2020-03-14 09:45:00,0.19831782831897726
2020-03-14 09:48:00,0.09022635603139406
2020-03-14 09:51:00,0.17000859178347127
2020-03-14 09:54:00,0.1272727032999228
2020-03-14 09:57:00,0.10350072734610194
2020-03-14 10:00:00,0.20082100438554562
2020-03-14 10:03:00,0.18343939382384633
2020-03-14 10:06:00,0.24101939170623154
2020-03-14 10:09:00,0.16100777994421378
2020-03-14 10:12:00,0.11677221377692604
2020-03-14 10:15:00,0.1050655545429322
2020-03-14 10:18:00,0.11724271190411173
2020-03-14 10:21:00,0.1309706488914344
2020-03-14 10:24:00,0.0721497959841031
2020-03-14 10:27:00,0.18486015200483052
2020-03-14 10:30:00,0.14359857632126705
2020-03-14 10:33:00,0.17363055177509068
2020-03-14 10:36:00,0.12121084308910213
2020-03-14 10:39:00,0.1820655559944271
2020-03-14 10:42:00,0.1840532423469199
2020-03-14 10:45:00,0.0681229455360608
2020-03-14 10:48:00,0.18690313896439648
2020-03-14 10:51:00,0.04953712002861721
2020-03-14 10:54:00,0.11058521188664372
2020-03-14 10:57:00,0.007576686874244842
2020-03-14 11:00:00,0.08488623091710679
2020-03-14 11:03:00,0.08037093888765412
2020-03-14 11:06:00,0.16009136371422983
2020-03-14 11:09:00,0.09350086726652762
2020-03-14 11:12:00,0.0963898653002957
2020-03-14 11:15:00,-0.004717945296420112
2020-03-14 11:18:00,0.0939924782126127
2020-03-14 11:21:00,0.06147978752971994
2020-03-14 11:24:00,0.07051377164759742
2020-03-14 11:27:00,0.031523723874670395
2020-03-14 11:30:00,0.08698280846004991
2020-03-14 11:33:00,0.03982375931889237
2020-03-14 11:36:00,0.00036631337292192256
2020-03-14 11:39:00,0.029384038356056408
2020-03-14 11:42:00,0.103315841058361
2020-03-14 11:45:00,0.07146627926857718
2020-03-14 11:48:00,0.12015984644801847
2020-03-14 11:51:00,0.047677947179067814
2020-03-14 11:54:00,0.12187386484117724
2020-03-14 11:57:00,-0.0006078109299210155
2020-03-14 12:00:00,-0.036902728029133414
2020-03-14 12:03:00,-0.11738989520108589
2020-03-14 12:06:00,0.13428361549421197
2020-03-14 12:09:00,-0.05359693615054084
2020-03-14 12:12:00,0.05828681153661819
2020-03-14 12:15:00,0.09194561500311238
2020-03-14 12:18:00,0.02469075575709212
2020-03-14 12:21:00,0.0277164838189492
2020-03-14 12:24:00,0.06870131174804328
2020-03-14 12:27:00,0.21585073628631335
2020-03-14 12:30:00,0.0850188913964871
2020-03-14 12:33:00,0.026366604069210098
2020-03-14 12:36:00,-0.002809963715037611
2020-03-14 12:39:00,0.055013504444843875
2020-03-14 12:42:00,0.032826074411275386
2020-03-14 12:45:00,-0.09605558845208861
2020-03-14 12:48:00,0.0844955075825169
2020-03-14 12:51:00,-0.07090283781201379
2020-03-14 12:54:00,0.15452318073153037
2020-03-14 12:57:00,-0.10161006156204166
2020-03-14 13:00:00,-0.06497389133863862
2020-03-14 13:03:00,-0.00359011348302829
2020-03-14 13:06:00,-0.05808141010743384
2020-03-14 13:09:00,-0.005417557713371934
2020-03-14 13:12:00,-0.016604209922718383
2020-03-14 13:15:00,-0.09769254843570252
2020-03-14 13:18:00,-0.08219143965015974
2020-03-14 13:21:00,-0.11429673070364288
2020-03-14 13:24:00,-0.059022590621111704
2020-03-14 13:27:00,0.05780503409539506
2020-03-14 13:30:00,0.04693639789667259
2020-03-14 13:33:00,-0.040320358142707846
2020-03-14 13:36:00,-0.12350587698159643
2020-03-14 13:39:00,-0.046550520212576885
2020-03-14 13:42:00,-0.11853269125833776
2020-03-14 13:45:00,-0.01807311947987955
2020-03-14 13:48:00,-0.08695656739928381
2020-03-14 13:51:00,-0.013150731575137797
2020-03-14 13:54:00,0.014560148897601266
2020-03-14 13:57:00,0.009990729950288824
2020-03-14 14:00:00,0.004460790609584819
2020-03-14 14:03:00,-0.01787407022663956
2020-03-14 14:06:00,-0.02813732228128174
2020-03-14 14:09:00,-0.055551873901151794
2020-03-14 14:12:00,0.01790187504741425
2020-03-14 14:15:00,-0.042358964525647025
2020-03-14 14:18:00,-0.058854113218671955
2020-03-14 14:21:00,-0.08339720843525811
2020-03-14 14:24:00,-0.06685749734600677
2020-03-14 14:27:00,-0.1662393620038074
2020-03-14 14:30:00,-0.01705492437713474
2020-03-14 14:33:00,-0.034273452594391074
2020-03-14 14:36:00,0.03487959501813975
2020-03-14 14:39:00,-0.07059097943454162
2020-03-14 14:42:00,-0.04923371592616377
2020-03-14 14:45:00,0.029322001467562586
2020-03-14 14:48:00,-0.06956919549912755
2020-03-14 14:51:00,0.010955926001372518
2020-03-14 14:54:00,-0.06966498603804894
2020-03-14 14:57:00,-0.09470517011061474
2020-03-14 15:00:00,-0.18419656854246114
2020-03-14 15:03:00,-0.110860563409517
2020-03-14 15:06:00,-0.19588926999261957
2020-03-14 15:09:00,-0.18170521064780587
2020-03-14 15:12:00,-0.2260084636725992
2020-03-14 15:15:00,-0.2644274255410437
2020-03-14 15:18:00,-0.2143858695788481
2020-03-14 15:21:00,-0.19712064748040348
2020-03-14 15:24:00,-0.16949373089659048
2020-03-14 15:27:00,-0.10961538841968377
2020-03-14 15:30:00,-0.14362427248642007
2020-03-14 15:33:00,-0.10290239629028974
2020-03-14 15:36:00,-0.11580137106460597
2020-03-14 15:39:00,-0.20453391805841648
2020-03-14 15:42:00,-0.13421759248052467
2020-03-14 15:45:00,-0.22166703636099783
2020-03-14 15:48:00,-0.13753514030105407
2020-03-14 15:51:00,0.16324934209575304
2020-03-14 15:54:00,-0.10074862840036758
2020-03-14 15:57:00,-0.0862029828099935
2020-03-14 16:00:00,-0.08619155120425148
2020-03-14 16:03:00,-0.1346167556690716
2020-03-14 16:06:00,-0.2109897239445786
2020-03-14 16:09:00,-0.21729136762257895
2020-03-14 16:12:00,-0.15293155494993016
2020-03-14 16:15:00,-0.19442774024992104
2020-03-14 16:18:00,-0.3270108452071554
2020-03-14 16:21:00,-0.08506631280175725
2020-03-14 16:24:00,-0.10114034891000756
2020-03-14 16:27:00,-0.1777386377312382
2020-03-14 16:30:00,-0.18715272252080695
2020-03-14 16:33:00,-0.11338194568116933
2020-03-14 16:36:00,-0.09216226717973086
2020-03-14 16:39:00,-0.07391780716847052
2020-03-14 16:42:00,-0.05919202333910789
2020-03-14 16:45:00,-0.16471918839727095
2020-03-14 16:48:00,-0.13050548359188952
2020-03-14 16:51:00,-0.16189888709919842
2020-03-14 16:54:00,-0.14221366658608758
2020-03-14 16:57:00,-0.1327714670816249
2020-03-14 17:00:00,-0.009499168858951634
2020-03-14 17:03:00,-0.09249996837746721
2020-03-14 17:06:00,0.03676904319252117
2020-03-14 17:09:00,-0.1798877243624588
2020-03-14 17:12:00,-0.12107234042650816
2020-03-14 17:15:00,-0.160583774564941
2020-03-14 17:18:00,-0.17661618119541345
2020-03-14 17:21:00,-0.05523689134105325
2020-03-14 17:24:00,-0.027654087832672758
2020-03-14 17:27:00,-0.12078065273163929
2020-03-14 17:30:00,-0.14060438882023618
2020-03-14 17:33:00,-0.030304554194970024
2020-03-14 17:36:00,-0.09501567389372667
2020-03-14 17:39:00,-0.007805481776642864
2020-03-14 17:42:00,0.03634497258377678
2020-03-14 17:45:00,-0.010363973736616572
2020-03-14 17:48:00,-0.09579824130781844
2020-03-14 17:51:00,0.052460661881639226
2020-03-14 17:54:00,-0.04692438253135833
2020-03-14 17:57:00,-0.10856734605704332
2020-03-14 18:00:00,-0.004707288586473624
2020-03-14 18:03:00,0.1060023009143265
2020-03-14 18:06:00,-0.05235086090169716
2020-03-14 18:09:00,-0.06253160154756188
2020-03-14 18:12:00,0.047450718187803886
2020-03-14 18:15:00,-0.011203994524976224
2020-03-14 18:18:00,0.1036092755956588
2020-03-14 18:21:00,0.04756125569173264
2020-03-14 18:24:00,-0.009801056583910395
2020-03-14 18:27:00,0.1122225146586402
2020-03-14 18:30:00,0.1363740845751522
2020-03-14 18:33:00,0.14171579602896145
2020-03-14 18:36:00,0.10620895090085014
2020-03-14 18:39:00,0.18174583112272558
2020-03-14 18:42:00,0.22824266473827493
2020-03-14 18:45:00,0.1951511143692528
2020-03-14 18:48:00,0.3051141809557407
2020-03-14 18:51:00,0.3106070883364396
2020-03-14 18:54:00,
2020-03-14 18:57:00,
2020-03-14 19:00:00,
2020-03-14 19:03:00,-0.02441659385260664
2020-03-14 19:06:00,0.10314622462323086
2020-03-14 19:09:00,0.08763265160484934
2020-03-14 19:12:00,0.024666175807681157
2020-03-14 19:15:00,0.1507304065403332
2020-03-14 19:18:00,0.17018439301568833
2020-03-14 19:21:00,0.15458844154028384
2020-03-14 19:24:00,0.13913232818481447
2020-03-14 19:27:00,0.07128325003770897
2020-03-14 19:30:00,0.01942073368235242
2020-03-14 19:33:00,-0.06100549650795983
2020-03-14 19:36:00,0.06660756301658921
2020-03-14 19:39:00,0.06318448575984803
2020-03-14 19:42:00,0.06289299108692603
2020-03-14 19:45:00,0.06017532658836444
2020-03-14 19:48:00,0.07764644192440073
2020-03-14 19:51:00,0.03332214153192581
2020-03-14 19:54:00,0.08796332137723084
2020-03-14 19:57:00,0.10110924820554601
2020-03-14 20:00:00,0.022915007179051372
2020-03-14 20:03:00,0.02355234899351899
2020-03-14 20:06:00,-0.0060890541656704045
2020-03-14 20:09:00,0.11275808756073502
2020-03-14 20:12:00,0.13154317552459815
2020-03-14 20:15:00,0.09957062915714232
2020-03-14 20:18:00,0.038432122714255
2020-03-14 20:21:00,0.07624905523357484
2020-03-14 20:24:00,0.0834039618914062
2020-03-14 20:27:00,0.11290521590217395
2020-03-14 20:30:00,0.07974731845592942
2020-03-14 20:33:00,0.1153451207739522
2020-03-14 20:36:00,0.13561036494064638
2020-03-14 20:39:00,0.06374882966980522
2020-03-14 20:42:00,0.11619822618331455
2020-03-14 20:45:00,0.05729639972349787
2020-03-14 20:48:00,0.10588764407782492
2020-03-14 20:51:00,0.14882094576199734
2020-03-14 20:54:00,0.1129477451946741
2020-03-14 20:57:00,0.10030678328865861
2020-03-14 21:00:00,0.096095300535751
2020-03-14 21:03:00,0.12391820387659891
2020-03-14 21:06:00,0.0695634415941413
2020-03-14 21:09:00,0.11426513048758125
2020-03-14 21:12:00,-0.022378466741486136
2020-03-14 21:15:00,0.10647369811437102
2020-03-14 21:18:00,0.08511516469377511
2020-03-14 21:21:00,0.032685468700549336
2020-03-14 21:24:00,0.04400316166641005
2020-03-14 21:27:00,0.07439153140785493
2020-03-14 21:30:00,0.04759056643644044
2020-03-14 21:33:00,0.07826281962655912
2020-03-14 21:36:00,0.09770338957986269
2020-03-14 21:39:00,0.0741399193479424
2020-03-14 21:42:00,0.049334689252759745
2020-03-14 21:45:00,0.07040644696672871
2020-03-14 21:48:00,0.09795664433977436
2020-03-14 21:51:00,0.06373354629715777
2020-03-14 21:54:00,0.07002223118877282
2020-03-14 21:57:00,0.12669394197780548
2020-03-14 22:00:00,0.19389156502194282
2020-03-14 22:03:00,0.11296120288159273
2020-03-14 22:06:00,0.20057572346269126
2020-03-14 22:09:00,0.11250508576523544
2020-03-14 22:12:00,0.12597809009304228
2020-03-14 22:15:00,0.14252456160244265
2020-03-14 22:18:00,0.1494310597603885
2020-03-14 22:21:00,0.14948089944186904
2020-03-14 22:24:00,0.1159184304802352
2020-03-14 22:27:00,0.10496332721970703
2020-03-14 22:30:00,0.21634020730266457
2020-03-14 22:33:00,0.10670693730168068
2020-03-14 22:36:00,0.07100369799081818
2020-03-14 22:39:00,0.14093349800890564
2020-03-14 22:42:00,0.1629392342821916
2020-03-14 22:45:00,0.035500081449299614
2020-03-14 22:48:00,0.08951532877148338
2020-03-14 22:51:00,0.08980269699992505
2020-03-14 22:54:00,0.18303021402618924
2020-03-14 22:57:00,0.12653116585579482
2020-03-14 23:00:00,0.06820597287401142
2020-03-14 23:03:00,0.20150559927844824
2020-03-14 23:06:00,0.14669685099215712
2020-03-14 23:09:00,0.22620798224966165
2020-03-14 23:12:00,0.15438259882819239
2020-03-14 23:15:00,0.17041577845833444
2020-03-14 23:18:00,0.11480824915150833
2020-03-14 23:21:00,0.11888906943909205
2020-03-14 23:24:00,0.08988440000570108
2020-03-14 23:27:00,0.1978896064809419
2020-03-14 23:30:00,0.10759211327263074
2020-03-14 23:33:00,0.11015850215591172
2020-03-14 23:36:00,0.10151806328582325
2020-03-14 23:39:00,0.18134268106996387
2020-03-14 23:42:00,0.11424309800617038
2020-03-14 23:45:00,0.10212637432965721
2020-03-14 23:48:00,0.03452524218420194
2020-03-14 23:51:00,0.15256304542197086
2020-03-14 23:54:00,0.09650985475047946
2020-03-14 23:57:00,0.10900582145200133
2020-03-15 00:00:00,0.03863301462507707
2020-03-15 00:03:00,0.1017006609443456
2020-03-15 00:06:00,-0.006095506518079219
2020-03-15 00:09:00,0.11443149699596233
2020-03-15 00:12:00,0.02948047578894375
2020-03-15 00:15:00,0.053371922158703455
2020-03-15 00:18:00,0.20430891697679954
2020-03-15 00:21:00,0.19055243119646548
2020-03-15 00:24:00,0.06844733078747822
2020-03-15 00:27:00,0.1314740343185008
2020-03-15 00:30:00,0.19654141054093088
2020-03-15 00:33:00,0.2031983040191676
2020-03-15 00:36:00,0.09969375111148793
2020-03-15 00:39:00,0.18739233005356937
2020-03-15 00:42:00,0.12233315065492434
2020-03-15 00:45:00,0.18333169377962122
2020-03-15 00:48:00,0.07159067440221634
2020-03-15 00:51:00,0.129894855637815
2020-03-15 00:54:00,0.16832718923444645
2020-03-15 00:57:00,0.050645154901815204
2020-03-15 01:00:00,0.257632099780551
2020-03-15 01:03:00,0.09606047374222726
2020-03-15 01:06:00,0.2181622164827104
2020-03-15 01:09:00,0.1374835250654769
2020-03-15 01:12:00,0.08577352374015845
2020-03-15 01:15:00,0.16764236404833355
2020-03-15 01:18:00,0.052319125495841945
2020-03-15 01:21:00,0.06259682845387715
2020-03-15 01:24:00,0.1496677336622838
2020-03-15 01:27:00,0.13580789223658485
2020-03-15 01:30:00,0.15378603220955256
2020-03-15 01:33:00,0.12439617719525131
2020-03-15 01:36:00,0.13214179345777666
2020-03-15 01:39:00,0.1593287849394187
2020-03-15 01:42:00,0.07514309445593881
2020-03-15 01:45:00,0.07568114618447908
2020-03-15 01:48:00,0.16695158310187708
2020-03-15 01:51:00,0.11524562706284769
2020-03-15 01:54:00,0.20074450651526377
2020-03-15 01:57:00,0.1299547034702755
2020-03-15 02:00:00,0.122344405356273
2020-03-15 02:03:00,0.10255235106484406
2020-03-15 02:06:00,0.15227953523344695
2020-03-15 02:09:00,0.13259516268419702
2020-03-15 02:12:00,0.15207374041239063
2020-03-15 02:15:00,0.1332904835862223
2020-03-15 02:18:00,0.21902922039424766
2020-03-15 02:21:00,0.11331149747235258
2020-03-15 02:24:00,0.12711295493761554
2020-03-15 02:27:00,0.2297392204211519
2020-03-15 02:30:00,0.21383460577965252
2020-03-15 02:33:00,0.21987184011754835
2020-03-15 02:36:00,0.17007081226410037
2020-03-15 02:39:00,0.32870937790488597
2020-03-15 02:42:00,0.12143740660542335
2020-03-15 02:45:00,0.1665738127267673
2020-03-15 02:48:00,0.16487283151599286
2020-03-15 02:51:00,0.22744950893707028
2020-03-15 02:54:00,0.20897738265887256
2020-03-15 02:57:00,0.18857830085926253
2020-03-15 03:00:00,0.25839277563454743
2020-03-15 03:03:00,0.18224150195140965
2020-03-15 03:06:00,0.2138957896810325
2020-03-15 03:09:00,0.2388304771779417
2020-03-15 03:12:00,0.21104380431467007
2020-03-15 03:15:00,0.20636270649350763
2020-03-15 03:18:00,0.2618054500084668
2020-03-15 03:21:00,0.24936829962581442
2020-03-15 03:24:00,0.18769946003033056
2020-03-15 03:27:00,0.2004517396599681
2020-03-15 03:30:00,0.19855013944510347
2020-03-15 03:33:00,0.24069329631828396
2020-03-15 03:36:00,0.29101043807742144
2020-03-15 03:39:00,0.24657877276376894
2020-03-15 03:42:00,0.22823086107047175
2020-03-15 03:45:00,0.2330538882229689
2020-03-15 03:48:00,0.22448354354128242
2020-03-15 03:51:00,0.10488232886405058
2020-03-15 03:54:00,0.2619237140174846
2020-03-15 03:57:00,0.2806723379024447
2020-03-15 04:00:00,0.19460865534625782
2020-03-15 04:03:00,0.3409417082924051
2020-03-15 04:06:00,0.22260932154847524
2020-03-15 04:09:00,0.1855366630172739
2020-03-15 04:12:00,0.20944578510028578
2020-03-15 04:15:00,0.1810378997348039
2020-03-15 04:18:00,0.24887221443754015
2020-03-15 04:21:00,0.22327885304775918
2020-03-15 04:24:00,0.214009609668949
2020-03-15 04:27:00,0.2428288577509079
2020-03-15 04:30:00,0.19952719120362872
2020-03-15 04:33:00,0.21810292632864048
2020-03-15 04:36:00,0.23103342684947847
2020-03-15 04:39:00,0.22921600659384467
2020-03-15 04:42:00,0.2845656928316771
2020-03-15 04:45:00,0.24514826048442728
2020-03-15 04:48:00,0.26986209638403125
2020-03-15 04:51:00,0.22821129953200625
2020-03-15 04:54:00,0.2364579258655226
2020-03-15 04:57:00,0.26823882073983896
2020-03-15 05:00:00,0.24052334728872893
2020-03-15 05:03:00,0.309066480380352
2020-03-15 05:06:00,0.1612555683329333
2020-03-15 05:09:00,0.2582246377335764
2020-03-15 05:12:00,0.2878943938413272
2020-03-15 05:15:00,0.21193754556099975
2020-03-15 05:18:00,0.31114430454061903
2020-03-15 05:21:00,0.25187579755277056
2020-03-15 05:24:00,0.3043467886896565
2020-03-15 05:27:00,0.4375320768120332
2020-03-15 05:30:00,0.24712007596764352
2020-03-15 05:33:00,0.32204289024167565
2020-03-15 05:36:00,0.2899134786084119
2020-03-15 05:39:00,0.32752627095999287
2020-03-15 05:42:00,0.30717245837945484
2020-03-15 05:45:00,0.28603335411384023
2020-03-15 05:48:00,0.278261371116173
2020-03-15 05:51:00,0.4168715224922721
2020-03-15 05:54:00,0.41545496684926775
2020-03-15 05:57:00,0.34968772510774215
2020-03-15 06:00:00,0.43288497116827784
2020-03-15 06:03:00,0.39452585871356405
2020-03-15 06:06:00,0.3294119484509679
2020-03-15 06:09:00,0.22065926434311223
2020-03-15 06:12:00,0.34680865475894507
2020-03-15 06:15:00,0.3167568913052605
2020-03-15 06:18:00,0.2183351262262363
2020-03-15 06:21:00,0.29889815826913946
2020-03-15 06:24:00,0.2655207307279852
2020-03-15 06:27:00,0.27580773319039054
2020-03-15 06:30:00,0.37243713760909714
2020-03-15 06:33:00,0.33958192972704637
2020-03-15 06:36:00,0.376160158927064
2020-03-15 06:39:00,0.3093522340227537
2020-03-15 06:42:00,0.3277532207123386
2020-03-15 06:45:00,0.21282956136286657
2020-03-15 06:48:00,0.3425916928952688
2020-03-15 06:51:00,0.274579120166095
2020-03-15 06:54:00,0.3230826429355034
2020-03-15 06:57:00,0.32008414532788265
2020-03-15 07:00:00,0.3467982154141964
2020-03-15 07:03:00,0.30040119503621554
2020-03-15 07:06:00,0.3622322520007515
2020-03-15 07:09:00,0.3335212265270684
2020-03-15 07:12:00,0.2828699785068238
2020-03-15 07:15:00,0.27671232216397357
2020-03-15 07:18:00,0.3878641441467039
2020-03-15 07:21:00,0.3206460706118719
2020-03-15 07:24:00,0.36927457122618534
2020-03-15 07:27:00,0.2527875672362825
2020-03-15 07:30:00,0.26031862304898823
2020-03-15 07:33:00,0.3367235465191811
2020-03-15 07:36:00,0.30119295920246714
2020-03-15 07:39:00,0.4227398774711446
2020-03-15 07:42:00,0.3589216753949245
2020-03-15 07:45:00,0.2552155102774236
2020-03-15 07:48:00,0.2870493601220687
2020-03-15 07:51:00,0.29744737950483113
2020-03-15 07:54:00,0.3446669474284363
2020-03-15 07:57:00,0.3088629375335472
2020-03-15 08:00:00,0.2579494201741568
2020-03-15 08:03:00,0.27564606832964955
2020-03-15 08:06:00,0.2548910769286863
2020-03-15 08:09:00,0.29554262164811007
2020-03-15 08:12:00,0.28044136175958556
2020-03-15 08:15:00,0.2594825195790804
2020-03-15 08:18:00,0.29139276505026146
2020-03-15 08:21:00,0.1423951894291804
2020-03-15 08:24:00,0.24994816539282283
2020-03-15 08:27:00,0.21601541139153824
2020-03-15 08:30:00,0.26594938186195805
2020-03-15 08:33:00,0.0974751195724366
2020-03-15 08:36:00,0.3111494706015492
2020-03-15 08:39:00,0.2417414519675276
2020-03-15 08:42:00,0.23198037171675878
2020-03-15 08:45:00,0.13092503087995055
2020-03-15 08:48:00,0.0900065428287462
2020-03-15 08:51:00,0.1594699612547288
2020-03-15 08:54:00,0.1792502660387072
2020-03-15 08:57:00,0.19690939259493234
2020-03-15 09:00:00,0.13226624870657133
2020-03-15 09:03:00,0.237915422343292
2020-03-15 09:06:00,0.18368861196717035
2020-03-15 09:09:00,0.23024592638660124
2020-03-15 09:12:00,0.032302779486030886
2020-03-15 09:15:00,0.1251332674100354
2020-03-15 09:18:00,0.2004873575505144
2020-03-15 09:21:00,0.05239410687056534
2020-03-15 09:24:00,0.1507539925920014
2020-03-15 09:27:00,0.17539171083893734
2020-03-15 09:30:00,0.0690584296210659
2020-03-15 09:33:00,0.07913799107274144
2020-03-15 09:36:00,0.14844893242650414
2020-03-15 09:39:00,0.04813600984431332
2020-03-15 09:42:00,0.1492411464244583
2020-03-15 09:45:00,-0.05801646595494958
2020-03-15 09:48:00,-0.0006852006204667305
2020-03-15 09:51:00,-0.11049921307613886
2020-03-15 09:54:00,-0.027087495415685225
2020-03-15 09:57:00,0.026481350660219505
2020-03-15 10:00:00,0.015714097534782923
2020-03-15 10:03:00,-0.022554864934818397
2020-03-15 10:06:00,-0.043440971933421224
2020-03-15 10:09:00,-0.02326332790738661
2020-03-15 10:12:00,-0.04914281322106717
2020-03-15 10:15:00,-0.12591107366370125
2020-03-15 10:18:00,-0.040123363963459724
2020-03-15 10:21:00,0.04962435565312262
2020-03-15 10:24:00,-0.04062418270530088
2020-03-15 10:27:00,-0.05690648899332018
2020-03-15 10:30:00,-0.039574304152267814
2020-03-15 10:33:00,-0.08819184688360338
2020-03-15 10:36:00,-0.031378354779462825
2020-03-15 10:39:00,-0.14829919825223215
2020-03-15 10:42:00,0.03965211172396721
2020-03-15 10:45:00,-0.03919822017661545
2020-03-15 10:48:00,-0.020479682462905657
2020-03-15 10:51:00,0.07033166362793963
2020-03-15 10:54:00,-0.026418548728088354
2020-03-15 10:57:00,-0.11448599077340305
2020-03-15 11:00:00,-0.045547652281584305
2020-03-15 11:03:00,-0.08622948231896999
2020-03-15 11:06:00,-0.15777078474536665
2020-03-15 11:09:00,-0.23623339521384423
2020-03-15 11:12:00,-0.1567385346815513
2020-03-15 11:15:00,-0.135391002666438
2020-03-15 11:18:00,-0.2033290046954903
2020-03-15 11:21:00,-0.20022719641553977
2020-03-15 11:24:00,-0.23973651102778604
2020-03-15 11:27:00,-0.23851152989783486
2020-03-15 11:30:00,-0.1691810432826628
2020-03-15 11:33:00,-0.22431563640640206
2020-03-15 11:36:00,-0.2540466898160503
2020-03-15 11:39:00,-0.326489934141307
2020-03-15 11:42:00,-0.1671442607552649
2020-03-15 11:45:00,-0.19582306674095662
2020-03-15 11:48:00,-0.270215656625453
2020-03-15 11:51:00,-0.21903165215354647
2020-03-15 11:54:00,-0.16321888331964374
2020-03-15 11:57:00,-0.1500729502246827
2020-03-15 12:00:00,-0.1642579076254833
2020-03-15 12:03:00,-0.1004116394317407
2020-03-15 12:06:00,-0.12388447661288637
2020-03-15 12:09:00,-0.17924685203769286
2020-03-15 12:12:00,-0.07898827366562955
2020-03-15 12:15:00,-0.053502638699569616
2020-03-15 12:18:00,-0.20388751157560137
2020-03-15 12:21:00,-0.30829571812108725
2020-03-15 12:24:00,-0.22873416714452333
2020-03-15 12:27:00,-0.20822233459222161
2020-03-15 12:30:00,-0.23895341212198673
2020-03-15 12:33:00,-0.18313770527640827
2020-03-15 12:36:00,-0.14829006557818047
2020-03-15 12:39:00,-0.16298891104764834
2020-03-15 12:42:00,-0.18467728713869747
2020-03-15 12:45:00,-0.34333622285208776
2020-03-15 12:48:00,-0.259904839935416
2020-03-15 12:51:00,-0.298471965241788
2020-03-15 12:54:00,-0.3105760512639222
2020-03-15 12:57:00,-0.22504011150982706
2020-03-15 13:00:00,-0.24683967092789771
2020-03-15 13:03:00,-0.2649133407232398
2020-03-15 13:06:00,-0.14260638513218282
2020-03-15 13:09:00,-0.20373498484769925
2020-03-15 13:12:00,-0.3379752665017577
2020-03-15 13:15:00,-0.1651728918938602
2020-03-15 13:18:00,-0.17180022979647447
2020-03-15 13:21:00,-0.13579954842464304
2020-03-15 13:24:00,-0.22248527321022493
2020-03-15 13:27:00,-0.21502166917446175
2020-03-15 13:30:00,-0.14430920852191775
2020-03-15 13:33:00,-0.13549099430639444
2020-03-15 13:36:00,-0.13348258771992505
2020-03-15 13:39:00,-0.11745800602199097
2020-03-15 13:42:00,-0.12076824256473628
2020-03-15 13:45:00,-0.2331770219590794
2020-03-15 13:48:00,-0.14267172091683733
2020-03-15 13:51:00,-0.0987896058513229
2020-03-15 13:54:00,-0.1738424407571415
2020-03-15 13:57:00,-0.26274305633415906
2020-03-15 14:00:00,-0.3004240592783276
2020-03-15 14:03:00,-0.15128108663338935
2020-03-15 14:06:00,-0.2519527115100004
2020-03-15 14:09:00,-0.2263888551020159
2020-03-15 14:12:00,-0.35367526780987646
2020-03-15 14:15:00,-0.3063176528994518
2020-03-15 14:18:00,-0.2554651971702242
2020-03-15 14:21:00,-0.19118298982499482
2020-03-15 14:24:00,-0.30441552873406863
2020-03-15 14:27:00,-0.38189987745363396
2020-03-15 14:30:00,-0.3579606491326217
2020-03-15 14:33:00,-0.33315275783678544
2020-03-15 14:36:00,-0.38111786778847545
2020-03-15 14:39:00,-0.2856266657348101
2020-03-15 14:42:00,-0.375475619814722
2020-03-15 14:45:00,-0.2794474482254259
2020-03-15 14:48:00,-0.3489990918815238
2020-03-15 14:51:00,-0.36297730243114756
2020-03-15 14:54:00,-0.32988149173678494
2020-03-15 14:57:00,-0.3906127964006032
2020-03-15 15:00:00,-0.3646089315848826
2020-03-15 15:03:00,-0.4660323794821579
2020-03-15 15:06:00,-0.48844887487371125
2020-03-15 15:09:00,-0.45090086669915763
2020-03-15 15:12:00,-0.4231722796652093
2020-03-15 15:15:00,-0.3570035541286529
2020-03-15 15:18:00,-0.4478727638180544
2020-03-15 15:21:00,-0.35514273913412353
2020-03-15 15:24:00,-0.39346734408968587
2020-03-15 15:27:00,-0.3215052397016507
2020-03-15 15:30:00,-0.31095253136339807
2020-03-15 15:33:00,-0.25817842980376327
2020-03-15 15:36:00,-0.20598031913743853
2020-03-15 15:39:00,-0.15365672154877075
2020-03-15 15:42:00,-0.2449401717860269
2020-03-15 15:45:00,-0.1692808981195526
2020-03-15 15:48:00,-0.22968348645434844
2020-03-15 15:51:00,-0.17058327678989826
2020-03-15 15:54:00,-0.11090179804239142
2020-03-15 15:57:00,-0.19167226521540215
2020-03-15 16:00:00,-0.06625261714907538
2020-03-15 16:03:00,-0.13524046804923273
2020-03-15 16:06:00,-0.059739628844624804
2020-03-15 16:09:00,-0.08195320505234349
2020-03-15 16:12:00,-0.06998163146971592
2020-03-15 16:15:00,-0.07647125810638045
2020-03-15 16:18:00,0.0003662210148718259
2020-03-15 16:21:00,-0.09917890525355233
2020-03-15 16:24:00,-0.028379126132676902
2020-03-15 16:27:00,-0.08203037500237542
2020-03-15 16:30:00,-0.09485647784157436
2020-03-15 16:33:00,-0.02225096690551709
2020-03-15 16:36:00,-0.09020163143890159
2020-03-15 16:39:00,-0.02535131222259679
2020-03-15 16:42:00,-0.1780158671905383
2020-03-15 16:45:00,-0.022190241677776612
2020-03-15 16:48:00,-0.09962881367886212
2020-03-15 16:51:00,-0.014731065733201376
2020-03-15 16:54:00,0.11994171356627703
2020-03-15 16:57:00,0.022515236343679135
2020-03-15 17:00:00,0.10592879182308934
2020-03-15 17:03:00,-0.006454907194552106
2020-03-15 17:06:00,-0.07057706696861032
2020-03-15 17:09:00,-0.14857568719946812
2020-03-15 17:12:00,-0.12344274427101709
2020-03-15 17:15:00,-0.2257628645708678
2020-03-15 17:18:00,-0.1320378421321493
2020-03-15 17:21:00,-0.03022216892253482
2020-03-15 17:24:00,-0.2052632313350955
2020-03-15 17:27:00,-0.12225794633394571
2020-03-15 17:30:00,-0.19119955882018758
2020-03-15 17:33:00,-0.06016598093401626
2020-03-15 17:36:00,-0.019695185327577747
2020-03-15 17:39:00,-0.157259140466806
2020-03-15 17:42:00,-0.1315262568539879
2020-03-15 17:45:00,-0.13612925831705525
2020-03-15 17:48:00,-0.07287745282229707
2020-03-15 17:51:00,-0.10115619507018891
2020-03-15 17:54:00,-0.06226518233347633
2020-03-15 17:57:00,-0.1712856603572277
2020-03-15 18:00:00,-0.1251794624003537
2020-03-15 18:03:00,-0.08046771300962519
2020-03-15 18:06:00,-0.160586029576109
2020-03-15 18:09:00,-0.14358829256474337
2020-03-15 18:12:00,-0.061040974195066156
2020-03-15 18:15:00,-0.21203888137182503
2020-03-15 18:18:00,-0.14689718676572738
2020-03-15 18:21:00,-0.19022746599790707
2020-03-15 18:24:00,-0.06845974448043535
2020-03-15 18:27:00,0.018633281686391
2020-03-15 18:30:00,-0.12075424386046052
2020-03-15 18:33:00,-0.02778131025121411
2020-03-15 18:36:00,-0.04637174940666
2020-03-15 18:39:00,0.03789001297548111
2020-03-15 18:42:00,0.05075863460126584
2020-03-15 18:45:00,-0.06041156907048162
2020-03-15 18:48:00,-0.004114979946621133
2020-03-15 18:51:00,0.03789085172155637
2020-03-15 18:54:00,
2020-03-15 18:57:00,
2020-03-15 19:00:00,
2020-03-15 19:03:00,-0.0344587017093545
2020-03-15 19:06:00,-0.054888130969459326
2020-03-15 19:09:00,-0.016497943964850492
2020-03-15 19:12:00,-0.05249435367784372
2020-03-15 19:15:00,0.07101329954502944
2020-03-15 19:18:00,-0.0530284149725162
2020-03-15 19:21:00,-0.07483996042350327
2020-03-15 19:24:00,0.030205901787326184
2020-03-15 19:27:00,-0.03324263743979827
2020-03-15 19:30:00,0.07055848912887086
2020-03-15 19:33:00,0.008531399005846652
2020-03-15 19:36:00,-0.026530109430211724
2020-03-15 19:39:00,0.06382886537386412
2020-03-15 19:42:00,0.11499022826342298
2020-03-15 19:45:00,0.10456576796764239
2020-03-15 19:48:00,0.07357596882309281
2020-03-15 19:51:00,0.07314360524634367
2020-03-15 19:54:00,0.07893773876048726
2020-03-15 19:57:00,0.026479264455758766
2020-03-15 20:00:00,-0.009080928470439176
2020-03-15 20:03:00,0.0043465964923825595
2020-03-15 20:06:00,-0.032943457993440006
2020-03-15 20:09:00,0.019615650225887293
2020-03-15 20:12:00,-0.011372562165490763
2020-03-15 20:15:00,-0.0011752651907954714
2020-03-15 20:18:00,-0.07408789811370298
2020-03-15 20:21:00,0.048753314043381124
2020-03-15 20:24:00,0.031010568233170943
2020-03-15 20:27:00,-0.040027358383952105
2020-03-15 20:30:00,0.046144734276083454
2020-03-15 20:33:00,0.005757191660848093
2020-03-15 20:36:00,0.08115922735754566
2020-03-15 20:39:00,0.07708754874920487
2020-03-15 20:42:00,0.04456169755320616
2020-03-15 20:45:00,0.12123348702544945
2020-03-15 20:48:00,0.09215953947119715
2020-03-15 20:51:00,0.14803089378267487
2020-03-15 20:54:00,0.19462895879934194
2020-03-15 20:57:00,0.0544217962550988
2020-03-15 21:00:00,0.10459037806361948
2020-03-15 21:03:00,0.09087691686914923
2020-03-15 21:06:00,0.06743836433690831
2020-03-15 21:09:00,0.14826420748590863
2020-03-15 21:12:00,0.13338436491926586
2020-03-15 21:15:00,0.03198302738115899
2020-03-15 21:18:00,0.2039742290213553
2020-03-15 21:21:00,0.2324967660774746
2020-03-15 21:24:00,0.1438901413731628
2020-03-15 21:27:00,0.1765242719603748
2020-03-15 21:30:00,0.18120588183427344
2020-03-15 21:33:00,0.07904411141896617
2020-03-15 21:36:00,0.12469266452626471
2020-03-15 21:39:00,0.16171350137807394
2020-03-15 21:42:00,0.14197233755555771
2020-03-15 21:45:00,0.12468123351055738
2020-03-15 21:48:00,0.16482080949663214
2020-03-15 21:51:00,0.1944493405552521
2020-03-15 21:54:00,0.07845457258912347
2020-03-15 21:57:00,0.11544065658148384
2020-03-15 22:00:00,0.13570977276458507
2020-03-15 22:03:00,0.13986085644393143
2020-03-15 22:06:00,0.16627792378415052
2020-03-15 22:09:00,0.18451286034536452
2020-03-15 22:12:00,0.0997145086990372
2020-03-15 22:15:00,0.154271192460385
2020-03-15 22:18:00,0.2314391899445809
2020-03-15 22:21:00,0.16130951067276555
2020-03-15 22:24:00,0.14875766977638705
2020-03-15 22:27:00,0.20081064524958947
2020-03-15 22:30:00,0.12935230213622617
2020-03-15 22:33:00,0.13728139727737698
2020-03-15 22:36:00,0.11124092545850317
2020-03-15 22:39:00,0.12207673537835717
2020-03-15 22:42:00,0.12742386619362378
2020-03-15 22:45:00,0.20768158109444812
2020-03-15 22:48:00,0.2607933880234441
2020-03-15 22:51:00,0.18735216456127546
2020-03-15 22:54:00,0.14718982741533182
2020-03-15 22:57:00,0.10783476854027185
2020-03-15 23:00:00,0.12034063016977825
2020-03-15 23:03:00,0.23059769937344754
2020-03-15 23:06:00,0.20150863010837838
2020-03-15 23:09:00,0.11152111368249962
2020-03-15 23:12:00,0.1789317877582448
2020-03-15 23:15:00,0.2541206602278976
2020-03-15 23:18:00,0.17295745158872933
2020-03-15 23:21:00,0.29336021662061285
2020-03-15 23:24:00,0.2393609408916859
2020-03-15 23:27:00,0.21957202556870925
2020-03-15 23:30:00,0.24202828200020576
2020-03-15 23:33:00,0.32483570050698063
2020-03-15 23:36:00,0.33137019275898183
2020-03-15 23:39:00,0.281349421784455
2020-03-15 23:42:00,0.24838521855559748
2020-03-15 23:45:00,0.1266898814882893
2020-03-15 23:48:00,0.1344167727615968
2020-03-15 23:51:00,0.03792438202987114
2020-03-15 23:54:00,0.1486323708906525
2020-03-15 23:57:00,0.11894572843010565
2020-03-16 00:00:00,0.18268540365966146
2020-03-16 00:03:00,0.13057940494587683
2020-03-16 00:06:00,0.19792141996219925
2020-03-16 00:09:00,0.25329438496549983
2020-03-16 00:12:00,0.1422407428592578
2020-03-16 00:15:00,0.1480572727841718
2020-03-16 00:18:00,0.0957683668149798
2020-03-16 00:21:00,0.11045994509402135
2020-03-16 00:24:00,0.1608804863543014
2020-03-16 00:27:00,0.18156338757938784
2020-03-16 00:30:00,0.16925472475708148
2020-03-16 00:33:00,0.2481897509936175
2020-03-16 00:36:00,0.17616415298158472
2020-03-16 00:39:00,0.167322299524983
2020-03-16 00:42:00,0.18916663198285733
2020-03-16 00:45:00,0.2190278405783488
2020-03-16 00:48:00,0.24814200350431292
2020-03-16 00:51:00,0.21973857477780712
2020-03-16 00:54:00,0.26189478007512434
2020-03-16 00:57:00,0.25868113822548366
2020-03-16 01:00:00,0.2336021606822669
2020-03-16 01:03:00,0.376113555497227
2020-03-16 01:06:00,0.36684055674766114
2020-03-16 01:09:00,0.28993578926201735
2020-03-16 01:12:00,0.28668395453439643
2020-03-16 01:15:00,0.3238457430833819
2020-03-16 01:18:00,0.33807880714635985
2020-03-16 01:21:00,0.26268443056159185
2020-03-16 01:24:00,0.3576497284951756
2020-03-16 01:27:00,0.26986145126960537
2020-03-16 01:30:00,0.3462943929107496
2020-03-16 01:33:00,0.27803849486519994
2020-03-16 01:36:00,0.33311048139069044
2020-03-16 01:39:00,0.25327001676924965
2020-03-16 01:42:00,0.3647707257334787
2020-03-16 01:45:00,0.3253893971405546
2020-03-16 01:48:00,0.30951787063486336
2020-03-16 01:51:00,0.21808285772146974
2020-03-16 01:54:00,0.2684064166967346
2020-03-16 01:57:00,0.19451101489579514
2020-03-16 02:00:00,0.2967263690140953
2020-03-16 02:03:00,0.27296353066958545
2020-03-16 02:06:00,0.27306582638192367
2020-03-16 02:09:00,0.2993492674551703
2020-03-16 02:12:00,0.23587531976755827
2020-03-16 02:15:00,0.3464692162020242
2020-03-16 02:18:00,0.3759624506820387
2020-03-16 02:21:00,0.2683747025351977
2020-03-16 02:24:00,0.28969558443014876
2020-03-16 02:27:00,0.2671340410019525
2020-03-16 02:30:00,0.34658448585082624
2020-03-16 02:33:00,0.26949372216489564
2020-03-16 02:36:00,0.32665710119943014
2020-03-16 02:39:00,0.24083889051098595
2020-03-16 02:42:00,0.33046477250826456
2020-03-16 02:45:00,0.30846760011934293
2020-03-16 02:48:00,0.25040428685150573
2020-03-16 02:51:00,0.3728036299517612
2020-03-16 02:54:00,0.41325330683474704
2020-03-16 02:57:00,0.3571213607597201
2020-03-16 03:00:00,0.3531390772861869
2020-03-16 03:03:00,0.3294248552462591
2020-03-16 03:06:00,0.3452126255589292
2020-03-16 03:09:00,0.38096751540012974
2020-03-16 03:12:00,0.3416945199812744
2020-03-16 03:15:00,0.3292187818223624
2020-03-16 03:18:00,0.2402595635577427
2020-03-16 03:21:00,0.346042844873125
2020-03-16 03:24:00,0.32249503751586417
2020-03-16 03:27:00,0.37025251765300027
2020-03-16 03:30:00,0.30809773372197924
2020-03-16 03:33:00,0.3848837760173751
2020-03-16 03:36:00,0.31168069532276377
2020-03-16 03:39:00,0.3564110766570252
2020-03-16 03:42:00,0.3293517977803049
2020-03-16 03:45:00,0.2402165571948558
2020-03-16 03:48:00,0.363722669988249
2020-03-16 03:51:00,0.37184884726053724
2020-03-16 03:54:00,0.30054421148651045
2020-03-16 03:57:00,0.31806966273819626
2020-03-16 04:00:00,0.29555555540213163
2020-03-16 04:03:00,0.2906061932799844
2020-03-16 04:06:00,0.2925561308507554
2020-03-16 04:09:00,0.2789006457554706
2020-03-16 04:12:00,0.4135854172538984
2020-03-16 04:15:00,0.28955289541266893
2020-03-16 04:18:00,0.4213710641303692
2020-03-16 04:21:00,0.33268583496027304
2020-03-16 04:24:00,0.3171673226360099
2020-03-16 04:27:00,0.3261516189443796
2020-03-16 04:30:00,0.35523405956161014
2020-03-16 04:33:00,0.3324656300458173
2020-03-16 04:36:00,0.2998200295028255
2020-03-16 04:39:00,0.2827353280722491
2020-03-16 04:42:00,0.3179876724409496
2020-03-16 04:45:00,0.33506330626187264
2020-03-16 04:48:00,0.28840446077100523
2020-03-16 04:51:00,0.2920363484772679
2020-03-16 04:54:00,0.35203681369927153
2020-03-16 04:57:00,0.2891206058019975
2020-03-16 05:00:00,0.28257767370979536
2020-03-16 05:03:00,0.32260834078761036
2020-03-16 05:06:00,0.27009058409385034
2020-03-16 05:09:00,0.25037768224541423
2020-03-16 05:12:00,0.31337886701646767
2020-03-16 05:15:00,0.32861913205567816
2020-03-16 05:18:00,0.27065609301513405
2020-03-16 05:21:00,0.2977710010536043
2020-03-16 05:24:00,0.3058310255194101
2020-03-16 05:27:00,0.35620709141403495
2020-03-16 05:30:00,0.353316994598174
2020-03-16 05:33:00,0.20896616481303454
2020-03-16 05:36:00,0.299436850979248
2020-03-16 05:39:00,0.34212504052777604
2020-03-16 05:42:00,0.32910072708125426
2020-03-16 05:45:00,0.3652844460423239
2020-03-16 05:48:00,0.27117383173623466
2020-03-16 05:51:00,0.33912714802181654
2020-03-16 05:54:00,0.3887678328193829
2020-03-16 05:57:00,0.3847216761740242
2020-03-16 06:00:00,0.28380555896325177
2020-03-16 06:03:00,0.3769173742488192
2020-03-16 06:06:00,0.27327616005771915
2020-03-16 06:09:00,0.28381099656587594
2020-03-16 06:12:00,0.42349059697340863
2020-03-16 06:15:00,0.3392804567924941
2020-03-16 06:18:00,0.2990068214252801
2020-03-16 06:21:00,0.3172481612115803
2020-03-16 06:24:00,0.2760253283531142
2020-03-16 06:27:00,0.28657581244459607
2020-03-16 06:30:00,0.3435373549128826
2020-03-16 06:33:00,0.26635583754210757
2020-03-16 06:36:00,0.31297610149579214
2020-03-16 06:39:00,0.37891238884310496
2020-03-16 06:42:00,0.32865801863658817
2020-03-16 06:45:00,0.2620429689203547
2020-03-16 06:48:00,0.3416116510985603
2020-03-16 06:51:00,0.2936408972612412
2020-03-16 06:54:00,0.3029733517712998
2020-03-16 06:57:00,0.3670693755385628
2020-03-16 07:00:00,0.3414000226483722
2020-03-16 07:03:00,0.23777323156411967
2020-03-16 07:06:00,0.31726014326278573
2020-03-16 07:09:00,0.2775163707011643
2020-03-16 07:12:00,0.3059593583796527
2020-03-16 07:15:00,0.35240245689254834
2020-03-16 07:18:00,0.2607905884558477
2020-03-16 07:21:00,0.2753202329885198
2020-03-16 07:24:00,0.20021445809766192
2020-03-16 07:27:00,0.39865054134321554
2020-03-16 07:30:00,0.3130471903538705
2020-03-16 07:33:00,0.24875895970177453
2020-03-16 07:36:00,0.28426666459125727
2020-03-16 07:39:00,0.3583808771738859
2020-03-16 07:42:00,0.2584733240945525
2020-03-16 07:45:00,0.2529311242831227
2020-03-16 07:48:00,0.3004418868453058
2020-03-16 07:51:00,0.2692975698783471
2020-03-16 07:54:00,0.3227659858292782
2020-03-16 07:57:00,0.24882422786845382
2020-03-16 08:00:00,0.29394681841284864
2020-03-16 08:03:00,0.27442017536986896
2020-03-16 08:06:00,0.2562378040693716
2020-03-16 08:09:00,0.1568227866426355
2020-03-16 08:12:00,0.22945599573642994
2020-03-16 08:15:00,0.17807470167610973
2020-03-16 08:18:00,0.16741920824671297
2020-03-16 08:21:00,0.22374441251395183
2020-03-16 08:24:00,0.20343293955153285
2020-03-16 08:27:00,0.18769390393941876
2020-03-16 08:30:00,0.12508639478164696
2020-03-16 08:33:00,0.07888037228303801
2020-03-16 08:36:00,0.1493476870550694
2020-03-16 08:39:00,0.10222519070936187
2020-03-16 08:42:00,0.07401311441367397
2020-03-16 08:45:00,0.17285579845071197
2020-03-16 08:48:00,0.09084164021936658
2020-03-16 08:51:00,0.17233763661192825
2020-03-16 08:54:00,0.14627497243213838
2020-03-16 08:57:00,0.059640535475864453
2020-03-16 09:00:00,0.19411532867184178
2020-03-16 09:03:00,0.06866169022487156
2020-03-16 09:06:00,0.01980093213433065
2020-03-16 09:09:00,0.10901003862340986
2020-03-16 09:12:00,0.05293942432030008
2020-03-16 09:15:00,0.12661192303892221
2020-03-16 09:18:00,0.09667889660084938
2020-03-16 09:21:00,-0.020992534475453795
2020-03-16 09:24:00,-0.024655212383493108
2020-03-16 09:27:00,-0.025415482806806722
2020-03-16 09:30:00,0.054985580574737014
2020-03-16 09:33:00,-0.038193568416602375
2020-03-16 09:36:00,-0.006650328840066777
2020-03-16 09:39:00,-0.01657145552229622
2020-03-16 09:42:00,-0.15300497789456813
2020-03-16 09:45:00,-0.1567508036811205
2020-03-16 09:48:00,-0.0950951502916837
2020-03-16 09:51:00,-0.0211111361784333
2020-03-16 09:54:00,-0.09330895809745243
2020-03-16 09:57:00,-0.02287797765046662
2020-03-16 10:00:00,-0.13409584565079058
2020-03-16 10:03:00,-0.09474595213913517
2020-03-16 10:06:00,-0.08766212318431599
2020-03-16 10:09:00,-0.16901254404359634
2020-03-16 10:12:00,-0.09987472902258787
2020-03-16 10:15:00,-0.10797395738779869
2020-03-16 10:18:00,-0.1452735895741739
2020-03-16 10:21:00,-0.08623912184015126
2020-03-16 10:24:00,-0.07575467211256637
2020-03-16 10:27:00,-0.12752740527889728
2020-03-16 10:30:00,-0.17260115292344835
2020-03-16 10:33:00,-0.17686059429536272
2020-03-16 10:36:00,-0.09623252257836157
2020-03-16 10:39:00,-0.08345072838272927
2020-03-16 10:42:00,-0.1655167736210501
2020-03-16 10:45:00,-0.24198413918685446
2020-03-16 10:48:00,-0.11073494234670989
2020-03-16 10:51:00,-0.07405579067966528
2020-03-16 10:54:00,-0.19425607497913688
2020-03-16 10:57:00,-0.1738325028883878
2020-03-16 11:00:00,-0.10285451131659329
2020-03-16 11:03:00,-0.14477978385826873
2020-03-16 11:06:00,-0.15339442210563448
2020-03-16 11:09:00,-0.17996225648676045
2020-03-16 11:12:00,-0.2316139274172997
2020-03-16 11:15:00,-0.1759899762414534
2020-03-16 11:18:00,-0.2275089629199556
2020-03-16 11:21:00,-0.12563240653236107
2020-03-16 11:24:00,-0.22505460303153768
2020-03-16 11:27:00,-0.13042020136361998
2020-03-16 11:30:00,-0.2266554347517058
2020-03-16 11:33:00,-0.17986907832295174
2020-03-16 11:36:00,-0.28985346007698354
2020-03-16 11:39:00,-0.2580005363440705
2020-03-16 11:42:00,-0.24315093521317976
2020-03-16 11:45:00,-0.28117065288148524
2020-03-16 11:48:00,-0.32245416122157167
2020-03-16 11:51:00,-0.33979812244359664
2020-03-16 11:54:00,-0.24199783328208468
2020-03-16 11:57:00,-0.3070180257606694
2020-03-16 12:00:00,-0.33782009236875865
2020-03-16 12:03:00,-0.2872691941133212
2020-03-16 12:06:00,-0.36398409379052055
2020-03-16 12:09:00,-0.28543684942621894
2020-03-16 12:12:00,-0.40679204632380106
2020-03-16 12:15:00,-0.3371850187105565
2020-03-16 12:18:00,-0.44346091461972037
2020-03-16 12:21:00,-0.38582415643679724
2020-03-16 12:24:00,-0.31471280330924856
2020-03-16 12:27:00,-0.2952524364015403
2020-03-16 12:30:00,-0.31024240565102446
2020-03-16 12:33:00,-0.1784666871236027
2020-03-16 12:36:00,-0.193852646649475
2020-03-16 12:39:00,-0.226805220930828
2020-03-16 12:42:00,-0.310522705501171
2020-03-16 12:45:00,-0.15083845827444975
2020-03-16 12:48:00,-0.20194976335449155
2020-03-16 12:51:00,-0.27614705869291356
2020-03-16 12:54:00,-0.25998346055592947
2020-03-16 12:57:00,-0.17679556853215672
2020-03-16 13:00:00,-0.1802020988360482
2020-03-16 13:03:00,-0.37091217701276946
2020-03-16 13:06:00,-0.35677841762191065
2020-03-16 13:09:00,-0.349329131104696
2020-03-16 13:12:00,-0.17826364366175085
2020-03-16 13:15:00,-0.4370054703349524
2020-03-16 13:18:00,-0.34404126551351055
2020-03-16 13:21:00,-0.3735790993747514
2020-03-16 13:24:00,-0.28590979795058047
2020-03-16 13:27:00,-0.37307659433099616
2020-03-16 13:30:00,-0.4084108715965158
2020-03-16 13:33:00,-0.2573672078137861
2020-03-16 13:36:00,-0.49056591753219436
2020-03-16 13:39:00,-0.40048563851149765
2020-03-16 13:42:00,-0.4106233413083942
2020-03-16 13:45:00,-0.36105890012379405
2020-03-16 13:48:00,-0.3304543145875982
2020-03-16 13:51:00,-0.32262320973552505
2020-03-16 13:54:00,-0.36510517981025714
2020-03-16 13:57:00,-0.3404436386165912
2020-03-16 14:00:00,-0.39399744717348995
2020-03-16 14:03:00,-0.316835624258772
2020-03-16 14:06:00,-0.23525150263617434
2020-03-16 14:09:00,-0.13650092460574115
2020-03-16 14:12:00,-0.08297537158915702
2020-03-16 14:15:00,-0.261155610157914
2020-03-16 14:18:00,-0.2795600914960801
2020-03-16 14:21:00,-0.21420772481047834
2020-03-16 14:24:00,-0.06379998425586564
2020-03-16 14:27:00,-0.13952095773947804
2020-03-16 14:30:00,-0.14456721391695737
2020-03-16 14:33:00,-0.1849815245955142
2020-03-16 14:36:00,-0.2250057677345012
2020-03-16 14:39:00,-0.05220613619746928
2020-03-16 14:42:00,-0.0830049526973653
2020-03-16 14:45:00,0.06537074729556025
2020-03-16 14:48:00,0.16405670753653112
2020-03-16 14:51:00,0.1474659939369758
2020-03-16 14:54:00,0.09026376884696674
2020-03-16 14:57:00,0.05077531738504604
2020-03-16 15:00:00,0.0003611312707221259
2020-03-16 15:03:00,-0.026555473425560194
2020-03-16 15:06:00,-0.05381773594456263
2020-03-16 15:09:00,-0.01314436902282523
2020-03-16 15:12:00,-0.04008336691015302
2020-03-16 15:15:00,0.024267403940598342
2020-03-16 15:18:00,-0.026052698692524245
2020-03-16 15:21:00,0.0017989884398730283
2020-03-16 15:24:00,-0.259594545974835
2020-03-16 15:27:00,-0.2150995464173775
2020-03-16 15:30:00,-0.13941988444054232
2020-03-16 15:33:00,-0.25647893770423025
2020-03-16 15:36:00,-0.14222117562962922
2020-03-16 15:39:00,-0.17360557186179904
2020-03-16 15:42:00,-0.21005193886668394
2020-03-16 15:45:00,-0.22846561947670807
2020-03-16 15:48:00,-0.3103530516384012
2020-03-16 15:51:00,-0.32017767781348994
2020-03-16 15:54:00,-0.2768266016335019
2020-03-16 15:57:00,-0.34515349460173184
2020-03-16 16:00:00,-0.3181387150530668
2020-03-16 16:03:00,-0.3227567748362503
2020-03-16 16:06:00,-0.23536797229758122
2020-03-16 16:09:00,-0.32738059996785296
2020-03-16 16:12:00,-0.29379393982560487
2020-03-16 16:15:00,-0.4657670940811727
2020-03-16 16:18:00,-0.35992151866048516
2020-03-16 16:21:00,-0.42313989827619025
2020-03-16 16:24:00,-0.4141671935696536
2020-03-16 16:27:00,-0.4157007502427632
2020-03-16 16:30:00,-0.4535464040276338
2020-03-16 16:33:00,-0.4592383822822512
2020-03-16 16:36:00,-0.31286832602955883
2020-03-16 16:39:00,-0.4293042900587807
2020-03-16 16:42:00,-0.4401301732361844
2020-03-16 16:45:00,-0.3887490053973579
2020-03-16 16:48:00,-0.49406409983276944
2020-03-16 16:51:00,-0.4345835937488687
2020-03-16 16:54:00,-0.4485905436528128
2020-03-16 16:57:00,-0.44547333888658613
2020-03-16 17:00:00,-0.42401916161458075
2020-03-16 17:03:00,-0.44283943199019404
2020-03-16 17:06:00,-0.3539158941462688
2020-03-16 17:09:00,-0.435127858314047
2020-03-16 17:12:00,-0.5035185014247077
2020-03-16 17:15:00,-0.45794074763307435
2020-03-16 17:18:00,-0.37599438424757636
2020-03-16 17:21:00,-0.382856122770761
2020-03-16 17:24:00,-0.4073525877772681
2020-03-16 17:27:00,-0.3332383923512907
2020-03-16 17:30:00,-0.36010878850328254
2020-03-16 17:33:00,-0.32426134544300567
2020-03-16 17:36:00,-0.41587212903050386
2020-03-16 17:39:00,-0.4239557713124782
2020-03-16 17:42:00,-0.4218731923386372
2020-03-16 17:45:00,-0.4121096681028007
2020-03-16 17:48:00,-0.2874935934479481
2020-03-16 17:51:00,-0.4040107269091209
2020-03-16 17:54:00,-0.28792428217963106
2020-03-16 17:57:00,-0.4110572165676558
2020-03-16 18:00:00,-0.41329393589739993
2020-03-16 18:03:00,-0.41941235964867474
2020-03-16 18:06:00,-0.35795630798583034
2020-03-16 18:09:00,-0.2725176918129364
2020-03-16 18:12:00,-0.211814830884407
2020-03-16 18:15:00,-0.27275270188806644
2020-03-16 18:18:00,-0.2896288996680596
2020-03-16 18:21:00,-0.3309082593873427
2020-03-16 18:24:00,-0.2440540199754082
2020-03-16 18:27:00,-0.24090333616589987
2020-03-16 18:30:00,-0.18903894336477833
2020-03-16 18:33:00,-0.35052908558969875
2020-03-16 18:36:00,-0.25614678409522185
2020-03-16 18:39:00,-0.2163020590461997
2020-03-16 18:42:00,-0.2406617823409647
2020-03-16 18:45:00,-0.25459593796205127
2020-03-16 18:48:00,-0.17324499358289813
2020-03-16 18:51:00,-0.18507929350550967
2020-03-16 18:54:00,
2020-03-16 18:57:00,
2020-03-16 19:00:00,
2020-03-16 19:03:00,-0.23325616724827114
2020-03-16 19:06:00,-0.232923265773195
2020-03-16 19:09:00,-0.0936537779422224
2020-03-16 19:12:00,-0.16736552786949233
2020-03-16 19:15:00,-0.11690171676752925
2020-03-16 19:18:00,-0.20819847712641604
2020-03-16 19:21:00,-0.1964024765233603
2020-03-16 19:24:00,-0.1973286515760151
2020-03-16 19:27:00,-0.24860895169553032
2020-03-16 19:30:00,-0.17326118460243833
2020-03-16 19:33:00,-0.2038580690747267
2020-03-16 19:36:00,-0.1997873036486908
2020-03-16 19:39:00,-0.24371680776170024
2020-03-16 19:42:00,-0.17052452555844866
2020-03-16 19:45:00,-0.1888662228180351
2020-03-16 19:48:00,-0.22559792407599844
2020-03-16 19:51:00,-0.14366870922413
2020-03-16 19:54:00,-0.10306883745113282
2020-03-16 19:57:00,-0.18320673707427204
2020-03-16 20:00:00,-0.10268516531255045
2020-03-16 20:03:00,-0.1598082419420166
2020-03-16 20:06:00,-0.14466330048770715
2020-03-16 20:09:00,-0.15967729690100896
2020-03-16 20:12:00,-0.14058672620916468
2020-03-16 20:15:00,-0.02463949309031932
2020-03-16 20:18:00,-0.0823376535878424
2020-03-16 20:21:00,-0.04806086775329277
2020-03-16 20:24:00,-0.07747457124685297
2020-03-16 20:27:00,-0.12248963561944493
2020-03-16 20:30:00,-0.04980381644577392
2020-03-16 20:33:00,-0.06420773805734825
2020-03-16 20:36:00,-0.09633997675297223
2020-03-16 20:39:00,-0.042444868763027443
2020-03-16 20:42:00,-0.02332395757315453
2020-03-16 20:45:00,-0.13002870738938554
2020-03-16 20:48:00,-0.03679916330429478
2020-03-16 20:51:00,0.03398098651462078
2020-03-16 20:54:00,0.02064378062328842
2020-03-16 20:57:00,0.060251107293595396
2020-03-16 21:00:00,0.049218369786331095
2020-03-16 21:03:00,-0.05190499312709562
2020-03-16 21:06:00,0.049519921693843116
2020-03-16 21:09:00,-0.029266350380169115
2020-03-16 21:12:00,0.02495308259841522
2020-03-16 21:15:00,0.04624299868686421
2020-03-16 21:18:00,0.06731186397939837
2020-03-16 21:21:00,0.04084041156983176
2020-03-16 21:24:00,0.001522451015034676
2020-03-16 21:27:00,0.01255787339903236
2020-03-16 21:30:00,0.08744630921847829
2020-03-16 21:33:00,0.14126328180390146
2020-03-16 21:36:00,0.09482622414287789
2020-03-16 21:39:00,0.10989061355144258
2020-03-16 21:42:00,0.09417897773920458
2020-03-16 21:45:00,0.09592459556415633
2020-03-16 21:48:00,0.002777125533157232
2020-03-16 21:51:00,0.06987647726231216
2020-03-16 21:54:00,0.1556442559681841
2020-03-16 21:57:00,0.06327099660853719
2020-03-16 22:00:00,0.12581176847555753
2020-03-16 22:03:00,0.11349089276910718
2020-03-16 22:06:00,0.079254302823756
2020-03-16 22:09:00,0.06481181474953246
2020-03-16 22:12:00,0.04405468657301981
2020-03-16 22:15:00,0.06496925816776411
2020-03-16 22:18:00,0.18132583401171587
2020-03-16 22:21:00,0.11764841263277503
2020-03-16 22:24:00,0.08202008367277358
2020-03-16 22:27:00,0.13888169357261404
2020-03-16 22:30:00,0.15966291515621833
2020-03-16 22:33:00,0.09227086421032027
2020-03-16 22:36:00,0.14333255035165848
2020-03-16 22:39:00,0.10659883336990106
2020-03-16 22:42:00,0.10857689870010745
2020-03-16 22:45:00,0.11636054203404456
2020-03-16 22:48:00,0.09200053008771647
2020-03-16 22:51:00,0.13881876678379967
2020-03-16 22:54:00,0.10167818820582397
2020-03-16 22:57:00,0.23958986677359917
2020-03-16 23:00:00,0.14831742437661433
2020-03-16 23:03:00,0.19011937061986828
2020-03-16 23:06:00,0.13336194783721567
2020-03-16 23:09:00,0.19793593462327408
2020-03-16 23:12:00,0.14360472652828093
2020-03-16 23:15:00,0.22160207480214922
2020-03-16 23:18:00,0.22932173506188747
2020-03-16 23:21:00,0.16310315749689153
2020-03-16 23:24:00,0.23848030679778276
2020-03-16 23:27:00,0.3196355828705464
2020-03-16 23:30:00,0.29509270373154095
2020-03-16 23:33:00,0.3208405423496856
2020-03-16 23:36:00,0.3535587215479268
2020-03-16 23:39:00,0.18470910842796684
2020-03-16 23:42:00,0.17993889335497215
2020-03-16 23:45:00,0.2542436531816179
2020-03-16 23:48:00,0.32323127980163235
2020-03-16 23:51:00,0.21242527894742125
2020-03-16 23:54:00,0.16915680193045546
2020-03-16 23:57:00,0.26016592909314795
2020-03-17 00:00:00,0.18587802611841653
2020-03-17 00:03:00,0.24368681301120887
2020-03-17 00:06:00,0.2565625442587134
2020-03-17 00:09:00,0.22204657420729745
2020-03-17 00:12:00,0.2030547916294836
2020-03-17 00:15:00,0.29200182409391573
2020-03-17 00:18:00,0.21242947675381174
2020-03-17 00:21:00,0.27024259161458986
2020-03-17 00:24:00,0.31019135781559726
2020-03-17 00:27:00,0.28542690658650827
2020-03-17 00:30:00,0.16029524584405408
2020-03-17 00:33:00,0.23646638385628194
2020-03-17 00:36:00,0.07539993198707862
2020-03-17 00:39:00,0.24903303300027346
2020-03-17 00:42:00,0.10360462454423214
2020-03-17 00:45:00,0.24723871906087425
2020-03-17 00:48:00,0.17080242298681014
2020-03-17 00:51:00,0.2427667239833795
2020-03-17 00:54:00,0.1838675894514381
2020-03-17 00:57:00,0.16633611075133103
2020-03-17 01:00:00,0.22843383791791894
2020-03-17 01:03:00,0.1901067494410995
2020-03-17 01:06:00,0.1980903435115806
2020-03-17 01:09:00,0.1772479665109472
2020-03-17 01:12:00,0.2632018651970611
2020-03-17 01:15:00,0.1808654591350205
2020-03-17 01:18:00,0.24053937684993798
2020-03-17 01:21:00,0.12660120261176644
2020-03-17 01:24:00,0.2097151582988772
2020-03-17 01:27:00,0.18995515817687192
2020-03-17 01:30:00,0.25912309186401217
2020-03-17 01:33:00,0.28371860060377685
2020-03-17 01:36:00,0.25108309795245987
2020-03-17 01:39:00,0.269825423415341
2020-03-17 01:42:00,0.3671798812846987
2020-03-17 01:45:00,0.2346307856689691
2020-03-17 01:48:00,0.30111070926739103
2020-03-17 01:51:00,0.28656158853755187
2020-03-17 01:54:00,0.3023724134045551
2020-03-17 01:57:00,0.3232804230486295
2020-03-17 02:00:00,0.2971817037499136
2020-03-17 02:03:00,0.24718209692770188
2020-03-17 02:06:00,0.2415173376454618
2020-03-17 02:09:00,0.26397369182370767
2020-03-17 02:12:00,0.3009869691366589
2020-03-17 02:15:00,0.2358945707701423
2020-03-17 02:18:00,0.2581228200949681
2020-03-17 02:21:00,0.2066377720948367
2020-03-17 02:24:00,0.27499405544318734
2020-03-17 02:27:00,0.21148639613551268
2020-03-17 02:30:00,0.37009156583189906
2020-03-17 02:33:00,0.26223894370946255
2020-03-17 02:36:00,0.2395823518051543
2020-03-17 02:39:00,0.2970607774648215
2020-03-17 02:42:00,0.263446879823789
2020-03-17 02:45:00,0.28938499177024823
2020-03-17 02:48:00,0.32536402801360964
2020-03-17 02:51:00,0.2914695796144997
2020-03-17 02:54:00,0.23783147766732782
2020-03-17 02:57:00,0.32580477090061777
2020-03-17 03:00:00,0.2703633270286332
2020-03-17 03:03:00,0.2652518563390913
2020-03-17 03:06:00,0.21131841341747304
2020-03-17 03:09:00,0.3028346694291031
2020-03-17 03:12:00,0.34911809346198197
2020-03-17 03:15:00,0.34971569825256665
2020-03-17 03:18:00,0.31968416961638013
2020-03-17 03:21:00,0.3282434066364317
2020-03-17 03:24:00,0.2859821593198717
2020-03-17 03:27:00,0.44370625553938225
2020-03-17 03:30:00,0.3089288696660901
2020-03-17 03:33:00,0.3889151708817735
2020-03-17 03:36:00,0.3803913716099032
2020-03-17 03:39:00,0.21599961370293386
2020-03-17 03:42:00,0.3342133845631565
2020-03-17 03:45:00,0.34392113664637236
2020-03-17 03:48:00,0.43049598048611415
2020-03-17 03:51:00,0.3301080118802133
2020-03-17 03:54:00,0.3883867072099747
2020-03-17 03:57:00,0.3717673902467027
2020-03-17 04:00:00,0.3582414863303711
2020-03-17 04:03:00,0.3306169119086917
2020-03-17 04:06:00,0.3905809749354603
2020-03-17 04:09:00,0.3769870393200563
2020-03-17 04:12:00,0.34789513002766626
2020-03-17 04:15:00,0.37030846349722424
2020-03-17 04:18:00,0.41775450040103124
2020-03-17 04:21:00,0.38470487248281415
2020-03-17 04:24:00,0.41989355663838523
2020-03-17 04:27:00,0.39288251399108276
2020-03-17 04:30:00,0.3363816368722041
2020-03-17 04:33:00,0.3422571223828186
2020-03-17 04:36:00,0.4706512622388459
2020-03-17 04:39:00,0.29356106272723537
2020-03-17 04:42:00,0.39368438121448435
2020-03-17 04:45:00,0.3823105662288526
2020-03-17 04:48:00,0.3537219237836098
2020-03-17 04:51:00,0.3788512658065315
2020-03-17 04:54:00,0.361321751173989
2020-03-17 04:57:00,0.3232310619625878
2020-03-17 05:00:00,0.33229370129049585
2020-03-17 05:03:00,0.3915172285035169
2020-03-17 05:06:00,0.42806505077481916
2020-03-17 05:09:00,0.47534862344554085
2020-03-17 05:12:00,0.389201018252038
2020-03-17 05:15:00,0.3325367415690721
2020-03-17 05:18:00,0.337582828135055
2020-03-17 05:21:00,0.41527811060831255
2020-03-17 05:24:00,0.39185965110311827
2020-03-17 05:27:00,0.42113276696954927
2020-03-17 05:30:00,0.41677784254864036
2020-03-17 05:33:00,0.34813784887882093
2020-03-17 05:36:00,0.35317010584032005
2020-03-17 05:39:00,0.3548806676668619
2020-03-17 05:42:00,0.3626342226150996
2020-03-17 05:45:00,0.46562580163828216
2020-03-17 05:48:00,0.41739778220693324
2020-03-17 05:51:00,0.38119065496880467
2020-03-17 05:54:00,0.4142461235221617
2020-03-17 05:57:00,0.33585990609100236
2020-03-17 06:00:00,0.38764315220907974
2020-03-17 06:03:00,0.363158081628967
2020-03-17 06:06:00,0.3601763014503945
2020-03-17 06:09:00,0.341817291089626
2020-03-17 06:12:00,0.40080224044504575
2020-03-17 06:15:00,0.4028178540132217
2020-03-17 06:18:00,0.37593155603406103
2020-03-17 06:21:00,0.3208007478399395
2020-03-17 06:24:00,0.36433747597129695
2020-03-17 06:27:00,0.35581132070217336
2020-03-17 06:30:00,0.2602938228402536
2020-03-17 06:33:00,0.3726033053808351
2020-03-17 06:36:00,0.3573653276100117
2020-03-17 06:39:00,0.33689671077320327
2020-03-17 06:42:00,0.3589899273752053
2020-03-17 06:45:00,0.3698957781748504
2020-03-17 06:48:00,0.2911726627891653
2020-03-17 06:51:00,0.2934611151785589
2020-03-17 06:54:00,0.40799695241054224
2020-03-17 06:57:00,0.3897375395378049
2020-03-17 07:00:00,0.4176856142937595
2020-03-17 07:03:00,0.49634093037417415
2020-03-17 07:06:00,0.39469656463921865
2020-03-17 07:09:00,0.33274079627113906
2020-03-17 07:12:00,0.4099977234365042
2020-03-17 07:15:00,0.4629597827783414
2020-03-17 07:18:00,0.49717100176957274
2020-03-17 07:21:00,0.3010525113307949
2020-03-17 07:24:00,0.404563668026924
2020-03-17 07:27:00,0.4195392712228454
2020-03-17 07:30:00,0.4704475082922386
2020-03-17 07:33:00,0.38061308836370245
2020-03-17 07:36:00,0.3538168388731151
2020-03-17 07:39:00,0.30249791892754274
2020-03-17 07:42:00,0.3378445430020065
2020-03-17 07:45:00,0.3923029121291961
2020-03-17 07:48:00,0.30898396496246505
2020-03-17 07:51:00,0.3080365361414579
2020-03-17 07:54:00,0.392035561146713
2020-03-17 07:57:00,0.3483627398472322
2020-03-17 08:00:00,0.325006307230467
2020-03-17 08:03:00,0.3739756322970038
2020-03-17 08:06:00,0.3236417206942406
2020-03-17 08:09:00,0.4237349263261194
2020-03-17 08:12:00,0.3662281503467284
2020-03-17 08:15:00,0.4179624978305583
2020-03-17 08:18:00,0.31493136738339444
2020-03-17 08:21:00,0.3523447501185615
2020-03-17 08:24:00,0.3049581829513386
2020-03-17 08:27:00,0.38662560883835795
2020-03-17 08:30:00,0.3522217246896844
2020-03-17 08:33:00,0.32073263038319055
2020-03-17 08:36:00,0.3239279363352807
2020-03-17 08:39:00,0.27738641052673074
2020-03-17 08:42:00,0.28147939592605553
2020-03-17 08:45:00,0.25860609614619534
2020-03-17 08:48:00,0.2998612397684042
2020-03-17 08:51:00,0.14888173352011336
2020-03-17 08:54:00,0.13731008121652621
2020-03-17 08:57:00,0.21501602678091558
2020-03-17 09:00:00,0.20924687659180563
2020-03-17 09:03:00,0.3400453101760377
2020-03-17 09:06:00,0.1612055650746811
2020-03-17 09:09:00,0.24971586726945816
2020-03-17 09:12:00,0.1803075953717439
2020-03-17 09:15:00,0.08292069607603025
2020-03-17 09:18:00,0.19720405437669797
2020-03-17 09:21:00,0.1101626574140937
2020-03-17 09:24:00,0.06610606321140722
2020-03-17 09:27:00,0.034770953018721684
2020-03-17 09:30:00,0.10954008017142769
2020-03-17 09:33:00,0.08913900763241145
2020-03-17 09:36:00,0.16079369618722694
2020-03-17 09:39:00,0.10660069736724154
2020-03-17 09:42:00,0.024598368138867954
2020-03-17 09:45:00,0.07357001785703687
2020-03-17 09:48:00,0.026374443453448748
2020-03-17 09:51:00,0.0587975979540829
2020-03-17 09:54:00,0.06497446384798877
2020-03-17 09:57:00,0.015790388746040662
2020-03-17 10:00:00,-0.03374069453298034
2020-03-17 10:03:00,0.0013339183699940804
2020-03-17 10:06:00,-0.030389488538162368
2020-03-17 10:09:00,-0.021683621137015052
2020-03-17 10:12:00,-0.0456795321131267
2020-03-17 10:15:00,-0.03176324198392422
2020-03-17 10:18:00,-0.08139283338999803
2020-03-17 10:21:00,-0.15298553441448348
2020-03-17 10:24:00,-0.09183307669320584
2020-03-17 10:27:00,-0.09895421992848696
2020-03-17 10:30:00,-0.05746101673020121
2020-03-17 10:33:00,-0.03492461071124353
2020-03-17 10:36:00,-0.09320526511089611
2020-03-17 10:39:00,-0.05726129466262364
2020-03-17 10:42:00,0.027531172771944057
2020-03-17 10:45:00,0.035269977334678515
2020-03-17 10:48:00,-0.015300930112118749
2020-03-17 10:51:00,0.02787306334261075
2020-03-17 10:54:00,-0.0722184296822661
2020-03-17 10:57:00,-0.06902242371893408
2020-03-17 11:00:00,-0.0216612250316075
2020-03-17 11:03:00,-0.13265930463552422
2020-03-17 11:06:00,-0.17281031503028998
2020-03-17 11:09:00,-0.059980330384405534
2020-03-17 11:12:00,-0.21014389226962749
2020-03-17 11:15:00,-0.11329896411245954
2020-03-17 11:18:00,-0.1254326207992449
2020-03-17 11:21:00,-0.13831318655735458
2020-03-17 11:24:00,-0.09133933950573692
2020-03-17 11:27:00,-0.09588962501015885
2020-03-17 11:30:00,-0.13149627913884387
2020-03-17 11:33:00,-0.07166887118148679
2020-03-17 11:36:00,-0.10342769307237631
2020-03-17 11:39:00,-0.1904654532679615
2020-03-17 11:42:00,-0.15787553965242296
2020-03-17 11:45:00,-0.23124652513280353
2020-03-17 11:48:00,-0.27848743314876856
2020-03-17 11:51:00,-0.20340279179731624
2020-03-17 11:54:00,-0.23723761940038912
2020-03-17 11:57:00,-0.21280327818425349
2020-03-17 12:00:00,-0.1852855063418133
2020-03-17 12:03:00,-0.16921617776233688
2020-03-17 12:06:00,-0.19681496629863204
2020-03-17 12:09:00,-0.2638927396254189
2020-03-17 12:12:00,-0.2382753163593634
2020-03-17 12:15:00,-0.3650331370565141
2020-03-17 12:18:00,-0.3457836148883189
2020-03-17 12:21:00,-0.29401226410902837
2020-03-17 12:24:00,-0.2905504031372743
2020-03-17 12:27:00,-0.31021271930546845
2020-03-17 12:30:00,-0.1968186918385868
2020-03-17 12:33:00,-0.3794988594410711
2020-03-17 12:36:00,-0.3480674118709999
2020-03-17 12:39:00,-0.3513952002347196
2020-03-17 12:42:00,-0.4355973718592736
2020-03-17 12:45:00,-0.4279827560075091
2020-03-17 12:48:00,-0.3480756480300897
2020-03-17 12:51:00,-0.4894533849167715
2020-03-17 12:54:00,-0.4252508889080673
2020-03-17 12:57:00,-0.5060275529106093
2020-03-17 13:00:00,-0.36660588962701013
2020-03-17 13:03:00,-0.34320707442276444
2020-03-17 13:06:00,-0.4527739906519628
2020-03-17 13:09:00,-0.42468922422489186
2020-03-17 13:12:00,-0.3944060918998389
2020-03-17 13:15:00,-0.5213722686249298
2020-03-17 13:18:00,-0.4461317001234306
2020-03-17 13:21:00,-0.47843190831417814
2020-03-17 13:24:00,-0.4607147162470824
2020-03-17 13:27:00,-0.5002962626060139
2020-03-17 13:30:00,-0.3934223704245028
2020-03-17 13:33:00,-0.37644558804493045
2020-03-17 13:36:00,-0.49430071389002705
2020-03-17 13:39:00,-0.43421172907113714
2020-03-17 13:42:00,-0.34360281771267864
2020-03-17 13:45:00,-0.24697280389858633
2020-03-17 13:48:00,-0.3780887650722775
2020-03-17 13:51:00,-0.37508183726794186
2020-03-17 13:54:00,-0.40088993410006424
2020-03-17 13:57:00,-0.476151984323792
2020-03-17 14:00:00,-0.5951479019576027
2020-03-17 14:03:00,-0.5166620102571642
2020-03-17 14:06:00,-0.39632340690434376
2020-03-17 14:09:00,-0.4278806122532046
2020-03-17 14:12:00,-0.3602451476602937
2020-03-17 14:15:00,-0.41038750984347416
2020-03-17 14:18:00,-0.4389536945527084
2020-03-17 14:21:00,-0.43169703981089924
2020-03-17 14:24:00,-0.43325767274035343
2020-03-17 14:27:00,-0.4502035314617956
2020-03-17 14:30:00,-0.44455886390096566
2020-03-17 14:33:00,-0.45373774662544974
2020-03-17 14:36:00,-0.2682469398785088
2020-03-17 14:39:00,-0.3782324490657629
2020-03-17 14:42:00,-0.4185766845398007
2020-03-17 14:45:00,-0.4137796311172792
2020-03-17 14:48:00,-0.4322226823628057
2020-03-17 14:51:00,-0.4095138717160012
2020-03-17 14:54:00,-0.28220598137494335
2020-03-17 14:57:00,-0.28014257648379726
2020-03-17 15:00:00,-0.29169284062720635
2020-03-17 15:03:00,-0.3735099713210843
2020-03-17 15:06:00,-0.3354598158348949
2020-03-17 15:09:00,-0.2896713440616736
2020-03-17 15:12:00,-0.46165935416769344
2020-03-17 15:15:00,-0.3684112278305065
2020-03-17 15:18:00,-0.43872113670170165
2020-03-17 15:21:00,-0.36070959986909656
2020-03-17 15:24:00,-0.5302888833949169
2020-03-17 15:27:00,-0.44662439487058236
2020-03-17 15:30:00,-0.46110842305387223
2020-03-17 15:33:00,-0.3744440956892845
2020-03-17 15:36:00,-0.3533563204881034
2020-03-17 15:39:00,-0.475951598654774
2020-03-17 15:42:00,-0.35674632878982493
2020-03-17 15:45:00,-0.42546762279170025
2020-03-17 15:48:00,-0.4696952574072384
2020-03-17 15:51:00,-0.46493491370040374
2020-03-17 15:54:00,-0.47922688594587726
2020-03-17 15:57:00,-0.42921173855984307
2020-03-17 16:00:00,-0.4390900263857702
2020-03-17 16:03:00,-0.43655465070514765
2020-03-17 16:06:00,-0.523580909458417
2020-03-17 16:09:00,-0.42247223163775516
2020-03-17 16:12:00,-0.44222862494132187
2020-03-17 16:15:00,-0.5157139055764333
2020-03-17 16:18:00,-0.5335777797575361
2020-03-17 16:21:00,-0.4295973638436408
2020-03-17 16:24:00,-0.48602568795695333
2020-03-17 16:27:00,-0.49055016509640836
2020-03-17 16:30:00,-0.47708018274840924
2020-03-17 16:33:00,-0.516213686025992
2020-03-17 16:36:00,-0.49136112869865656
2020-03-17 16:39:00,-0.42573893932512874
2020-03-17 16:42:00,-0.40651321907489546
2020-03-17 16:45:00,-0.42724599724675727
2020-03-17 16:48:00,-0.4293943943209797
2020-03-17 16:51:00,-0.373861001844773
2020-03-17 16:54:00,-0.42430339130385164
2020-03-17 16:57:00,-0.4089781502320875
2020-03-17 17:00:00,-0.4390972105082369
2020-03-17 17:03:00,-0.4672229541760089
2020-03-17 17:06:00,-0.40078430653932173
2020-03-17 17:09:00,-0.3449591075570879
2020-03-17 17:12:00,-0.4089975192032398
2020-03-17 17:15:00,-0.4226533070303162
2020-03-17 17:18:00,-0.3908990244647157
2020-03-17 17:21:00,-0.4374715060135941
2020-03-17 17:24:00,-0.46199525271310904
2020-03-17 17:27:00,-0.4515640948002897
2020-03-17 17:30:00,-0.4371741632334647
2020-03-17 17:33:00,-0.3982511511198368
2020-03-17 17:36:00,-0.41258345749889713
2020-03-17 17:39:00,-0.37944530481183847
2020-03-17 17:42:00,-0.29142034661543903
2020-03-17 17:45:00,-0.37113078201616645
2020-03-17 17:48:00,-0.35950223497314937
2020-03-17 17:51:00,-0.3425171951059838
2020-03-17 17:54:00,-0.37066378941943867
2020-03-17 17:57:00,-0.36867251527485223
2020-03-17 18:00:00,-0.3206797341300103
2020-03-17 18:03:00,-0.3090858666798795
2020-03-17 18:06:00,-0.3169323455349513
2020-03-17 18:09:00,-0.28720227892671346
2020-03-17 18:12:00,-0.2502986909534002
2020-03-17 18:15:00,-0.22015510860626364
2020-03-17 18:18:00,-0.16888596584885818
2020-03-17 18:21:00,-0.21335186366138714
2020-03-17 18:24:00,-0.29562195731205065
2020-03-17 18:27:00,-0.17237422202947528
2020-03-17 18:30:00,-0.22062320592260676
2020-03-17 18:33:00,-0.13673776525632775
2020-03-17 18:36:00,-0.19579602679101527
2020-03-17 18:39:00,-0.06371630763572966
2020-03-17 18:42:00,-0.18527041755947948
2020-03-17 18:45:00,-0.017853905428751204
2020-03-17 18:48:00,-0.06846090711593433
2020-03-17 18:51:00,-0.11613076892837171
2020-03-17 18:54:00,
2020-03-17 18:57:00,
2020-03-17 19:00:00,
2020-03-17 19:03:00,-0.08904483785931916
2020-03-17 19:06:00,-0.11307720103786778
2020-03-17 19:09:00,-0.17254573378107807
2020-03-17 19:12:00,-0.08924389055283655
2020-03-17 19:15:00,-0.07351448710727482
2020-03-17 19:18:00,-0.057765088346116045
2020-03-17 19:21:00,-0.11722770204789867
2020-03-17 19:24:00,-0.03708157374290977
2020-03-17 19:27:00,-0.08708712897282567
2020-03-17 19:30:00,-0.09751347993335457
2020-03-17 19:33:00,-0.019621685755566887
2020-03-17 19:36:00,-0.06829848328271737
2020-03-17 19:39:00,-0.0508328634733175
2020-03-17 19:42:00,-0.013524206565477925
2020-03-17 19:45:00,0.010774401864523497
2020-03-17 19:48:00,-0.01272305356758352
2020-03-17 19:51:00,0.08276368906888365
2020-03-17 19:54:00,-0.05886102624270961
2020-03-17 19:57:00,0.04727379539440335
2020-03-17 20:00:00,0.039222426004130284
2020-03-17 20:03:00,0.013544490245806173
2020-03-17 20:06:00,-0.023176358162857014
2020-03-17 20:09:00,-0.06431065643562306
2020-03-17 20:12:00,0.036434597005893465
2020-03-17 20:15:00,-0.03190130757229781
2020-03-17 20:18:00,0.047707310132921066
2020-03-17 20:21:00,0.0801302805923001
2020-03-17 20:24:00,0.004258618460710295
2020-03-17 20:27:00,0.004684350271702442
2020-03-17 20:30:00,0.07358473516728736
2020-03-17 20:33:00,0.08227606433723622
2020-03-17 20:36:00,0.0287146175847397
2020-03-17 20:39:00,0.033274943463027284
2020-03-17 20:42:00,-0.03662089035412919
2020-03-17 20:45:00,0.09527812222341936
2020-03-17 20:48:00,0.06911297684155215
2020-03-17 20:51:00,0.04655555472550077
2020-03-17 20:54:00,0.06240486882938967
2020-03-17 20:57:00,0.016465231303129713
2020-03-17 21:00:00,0.09901631418642864
2020-03-17 21:03:00,0.13826929206061322
2020-03-17 21:06:00,0.1100454197670615
2020-03-17 21:09:00,0.08656839100120806
2020-03-17 21:12:00,0.11807803325655186
2020-03-17 21:15:00,0.23040664287663049
2020-03-17 21:18:00,0.11122684151928297
2020-03-17 21:21:00,0.25282581457219067
2020-03-17 21:24:00,0.16953796089313755
2020-03-17 21:27:00,0.16115751813788393
2020-03-17 21:30:00,0.2276781617210304
2020-03-17 21:33:00,0.20900743269862687
2020-03-17 21:36:00,0.2289169555511421
2020-03-17 21:39:00,0.20310396149835697
2020-03-17 21:42:00,0.2263248643552629
2020-03-17 21:45:00,0.17913561865140082
2020-03-17 21:48:00,0.2565377759953549
2020-03-17 21:51:00,0.18829054591077465
2020-03-17 21:54:00,0.24322718643173857
2020-03-17 21:57:00,0.17655633383992608
2020-03-17 22:00:00,0.025043134555915003
2020-03-17 22:03:00,0.1111776787312806
2020-03-17 22:06:00,0.12188950660112141
2020-03-17 22:09:00,0.13691143867634992
2020-03-17 22:12:00,0.17782935651831622
2020-03-17 22:15:00,0.1263814341292573
2020-03-17 22:18:00,0.22340115997013754
2020-03-17 22:21:00,0.1730721561741575
2020-03-17 22:24:00,0.20025633758234562
2020-03-17 22:27:00,0.15468535470887446
2020-03-17 22:30:00,0.23684576736536656
2020-03-17 22:33:00,0.10228511526736384
2020-03-17 22:36:00,0.17373043728525772
2020-03-17 22:39:00,0.13749556323779188
2020-03-17 22:42:00,0.05253941943027485
2020-03-17 22:45:00,0.13715089537765834
2020-03-17 22:48:00,0.11524603438988379
2020-03-17 22:51:00,0.10650442039883501
2020-03-17 22:54:00,0.06796159652844835
2020-03-17 22:57:00,0.2066109338504134
2020-03-17 23:00:00,0.12906598497443156
2020-03-17 23:03:00,0.0937423344785202
2020-03-17 23:06:00,0.09279608859577593
2020-03-17 23:09:00,0.20011783992072196
2020-03-17 23:12:00,0.11319543640172469
2020-03-17 23:15:00,0.15461403924632577
2020-03-17 23:18:00,0.1156321039114232
2020-03-17 23:21:00,0.13300996307827972
2020-03-17 23:24:00,0.27327333557587963
2020-03-17 23:27:00,0.13332197293692616
2020-03-17 23:30:00,0.21477100540329275
2020-03-17 23:33:00,0.2862408377322936
2020-03-17 23:36:00,0.18907788082464094
2020-03-17 23:39:00,0.1444831980875847
2020-03-17 23:42:00,0.20343455615557104
2020-03-17 23:45:00,0.163441419416813
2020-03-17 23:48:00,0.15030661358736097
2020-03-17 23:51:00,0.12784672282788279
2020-03-17 23:54:00,0.1490086559095971
2020-03-17 23:57:00,0.14154326733421385
2020-03-18 00:00:00,0.08600122432824264
2020-03-18 00:03:00,0.1733204941485269
2020-03-18 00:06:00,0.1634151495196079
2020-03-18 00:09:00,0.10236066926677267
2020-03-18 00:12:00,0.06462255720970234
2020-03-18 00:15:00,0.23484589881132933
2020-03-18 00:18:00,0.08559599601773016
2020-03-18 00:21:00,0.13150605340774746
2020-03-18 00:24:00,0.10723695508175979
2020-03-18 00:27:00,0.03970771752159408
2020-03-18 00:30:00,0.14670314699452547
2020-03-18 00:33:00,0.09886706250489397
2020-03-18 00:36:00,0.18131675293381022
2020-03-18 00:39:00,0.1836359121209057
2020-03-18 00:42:00,0.09090950166591938
2020-03-18 00:45:00,0.1199950317738967
2020-03-18 00:48:00,0.1644002299881322
2020-03-18 00:51:00,0.17056135788237725
2020-03-18 00:54:00,0.1303485452324935
2020-03-18 00:57:00,0.09064534157437265
2020-03-18 01:00:00,0.22724204354528865
2020-03-18 01:03:00,0.15295496634342953
2020-03-18 01:06:00,0.1717188804819898
2020-03-18 01:09:00,0.0926408059572168
2020-03-18 01:12:00,0.11084931348352711
2020-03-18 01:15:00,0.17376882301971364
2020-03-18 01:18:00,0.15708014854362773
2020-03-18 01:21:00,0.19478205457545528
2020-03-18 01:24:00,0.19508170365048727
2020-03-18 01:27:00,0.1922118871107159
2020-03-18 01:30:00,0.18777435637599638
2020-03-18 01:33:00,0.14730443301436935
2020-03-18 01:36:00,0.11861595612134579
2020-03-18 01:39:00,0.15435790154396045
2020-03-18 01:42:00,0.1383306412213301
2020-03-18 01:45:00,0.1795342786465426
2020-03-18 01:48:00,0.13262856372369924
2020-03-18 01:51:00,0.17600415784153256
2020-03-18 01:54:00,0.019640222357736548
2020-03-18 01:57:00,0.0416143152530708
2020-03-18 02:00:00,0.09966862705954327
2020-03-18 02:03:00,0.026125552905000404
2020-03-18 02:06:00,0.13830524332644245
2020-03-18 02:09:00,0.03824725591897504
2020-03-18 02:12:00,0.04077818107555231
2020-03-18 02:15:00,0.11383893939182599
2020-03-18 02:18:00,0.04854309992333583
2020-03-18 02:21:00,0.04380807628024286
2020-03-18 02:24:00,0.09289014932204509
2020-03-18 02:27:00,0.10675505569446386
2020-03-18 02:30:00,0.15595889053531664
2020-03-18 02:33:00,0.1519501465474491
2020-03-18 02:36:00,0.10445648400178698
2020-03-18 02:39:00,0.22447104242758087
2020-03-18 02:42:00,0.11385829620019194
2020-03-18 02:45:00,0.06280394636507936
2020-03-18 02:48:00,0.11760317583951974
2020-03-18 02:51:00,-0.006727822443281184
2020-03-18 02:54:00,0.06498213272885778
2020-03-18 02:57:00,0.13154252618130613
2020-03-18 03:00:00,0.050158649595516636
2020-03-18 03:03:00,0.06211389003601653
2020-03-18 03:06:00,0.01497006400245482
2020-03-18 03:09:00,0.055391859772100815
2020-03-18 03:12:00,0.09130820434802445
2020-03-18 03:15:00,0.15542154365806482
2020-03-18 03:18:00,0.14889829353677442
2020-03-18 03:21:00,0.1524694403536273
2020-03-18 03:24:00,0.1865151893320558
2020-03-18 03:27:00,0.10085830722078981
2020-03-18 03:30:00,0.14127132378609986
2020-03-18 03:33:00,0.13649993086994527
2020-03-18 03:36:00,0.22429241487560603
2020-03-18 03:39:00,0.1259978240343571
2020-03-18 03:42:00,0.20254968346944224
2020-03-18 03:45:00,0.09197997208940478
2020-03-18 03:48:00,0.17199048357389302
2020-03-18 03:51:00,0.0801971242922832
2020-03-18 03:54:00,0.14441379932480913
2020-03-18 03:57:00,0.1151332124696296
2020-03-18 04:00:00,0.2120961747090746
2020-03-18 04:03:00,0.1493608644385631
2020-03-18 04:06:00,0.17223677359504563
2020-03-18 04:09:00,0.20081812185350145
2020-03-18 04:12:00,0.20668623840293776
2020-03-18 04:15:00,0.18959998543346046
2020-03-18 04:18:00,0.2822742720515521
2020-03-18 04:21:00,0.1856541937062275
2020-03-18 04:24:00,0.12426988915012771
2020-03-18 04:27:00,0.1330573721816677
2020-03-18 04:30:00,0.2784791151162267
2020-03-18 04:33:00,0.24793415457600076
2020-03-18 04:36:00,0.18120757460616232
2020-03-18 04:39:00,0.20341773916794637
2020-03-18 04:42:00,0.22021704936219066
2020-03-18 04:45:00,0.20138847675389115
2020-03-18 04:48:00,0.25093306370433766
2020-03-18 04:51:00,0.11611684887600404
2020-03-18 04:54:00,0.19244314902073256
2020-03-18 04:57:00,0.13965996562467353
2020-03-18 05:00:00,0.19239606539747456
2020-03-18 05:03:00,0.15313641826179492
2020-03-18 05:06:00,0.18038719552879456
2020-03-18 05:09:00,0.23989016965896326
2020-03-18 05:12:00,0.2682172599148771
2020-03-18 05:15:00,0.25689472707222194
2020-03-18 05:18:00,0.26817057896965935
2020-03-18 05:21:00,0.3068288037281377
2020-03-18 05:24:00,0.3161866864193712
2020-03-18 05:27:00,0.2933060899854354
2020-03-18 05:30:00,0.26196058173735537
2020-03-18 05:33:00,0.2960743549771223
2020-03-18 05:36:00,0.3146840946275802
2020-03-18 05:39:00,0.23275534090782912
2020-03-18 05:42:00,0.30828526018120783
2020-03-18 05:45:00,0.37022580171463915
2020-03-18 05:48:00,0.21651016697779824
2020-03-18 05:51:00,0.3502914032073363
2020-03-18 05:54:00,0.22349586361963247
2020-03-18 05:57:00,0.28623053928191666
2020-03-18 06:00:00,0.3494647626903884
2020-03-18 06:03:00,0.32336050382679105
2020-03-18 06:06:00,0.3322506854128733
2020-03-18 06:09:00,0.2654631356121513
2020-03-18 06:12:00,0.24243435892253729
2020-03-18 06:15:00,0.3075317650840361
2020-03-18 06:18:00,0.2630270508500985
2020-03-18 06:21:00,0.3082721134182407
2020-03-18 06:24:00,0.2736792946103037
2020-03-18 06:27:00,0.22377745819869688
2020-03-18 06:30:00,0.2628896801122096
2020-03-18 06:33:00,0.3195380341373948
2020-03-18 06:36:00,0.2149423965716437
2020-03-18 06:39:00,0.27532724657208973
2020-03-18 06:42:00,0.2178569063499367
2020-03-18 06:45:00,0.19381575807966556
2020-03-18 06:48:00,0.25517273024479437
2020-03-18 06:51:00,0.23712713119954287
2020-03-18 06:54:00,0.3088971907788505
2020-03-18 06:57:00,0.24003982344032693
2020-03-18 07:00:00,0.3081667254350009
2020-03-18 07:03:00,0.24829367225004262
2020-03-18 07:06:00,0.24103989114945534
2020-03-18 07:09:00,0.25062958667797375
2020-03-18 07:12:00,0.23537367184923141
2020-03-18 07:15:00,0.2536304904183453
2020-03-18 07:18:00,0.3172215554205877
2020-03-18 07:21:00,0.22145107413905407
2020-03-18 07:24:00,0.1884147306898285
2020-03-18 07:27:00,0.18091540105086779
2020-03-18 07:30:00,0.19789131804759563
2020-03-18 07:33:00,0.13460149928584997
2020-03-18 07:36:00,0.2601131677533317
2020-03-18 07:39:00,0.22296653704671598
2020-03-18 07:42:00,0.2045990323102842
2020-03-18 07:45:00,0.28918544911260824
2020-03-18 07:48:00,0.1919856881873443
2020-03-18 07:51:00,0.2908817202205114
2020-03-18 07:54:00,0.1983845284383392
2020-03-18 07:57:00,0.25009895395299964
2020-03-18 08:00:00,0.12713679369841202
2020-03-18 08:03:00,0.16395545916100218
2020-03-18 08:06:00,0.1356305653664549
2020-03-18 08:09:00,0.13440072701411054
2020-03-18 08:12:00,0.11253492895701811
2020-03-18 08:15:00,0.16688647932119238
2020-03-18 08:18:00,0.19276745553770525
2020-03-18 08:21:00,0.19944895619516956
2020-03-18 08:24:00,0.2992710020354252
2020-03-18 08:27:00,0.2412876944430309
2020-03-18 08:30:00,0.09371021987413997
2020-03-18 08:33:00,0.1273485882502996
2020-03-18 08:36:00,0.22033793793315226
2020-03-18 08:39:00,0.0815215556706903
2020-03-18 08:42:00,0.2083551373186765
2020-03-18 08:45:00,0.14535230714511727
2020-03-18 08:48:00,0.1721254732520947
2020-03-18 08:51:00,0.1239616485772217
2020-03-18 08:54:00,0.11719130674123335
2020-03-18 08:57:00,0.06999226300388273
2020-03-18 09:00:00,0.12928141129486903
2020-03-18 09:03:00,-0.05601118859124199
2020-03-18 09:06:00,-0.030009109911816267
2020-03-18 09:09:00,0.0377668855662705
2020-03-18 09:12:00,-0.06462332284900185
2020-03-18 09:15:00,-0.1163205389125892
2020-03-18 09:18:00,0.05624249189878583
2020-03-18 09:21:00,0.014157992394018493
2020-03-18 09:24:00,0.0715263171789502
2020-03-18 09:27:00,-0.048587511854520926
2020-03-18 09:30:00,0.0631981521945022
2020-03-18 09:33:00,0.042427202446504
2020-03-18 09:36:00,0.09360751883718876
2020-03-18 09:39:00,-0.01010307467953453
2020-03-18 09:42:00,0.0636587250292564
2020-03-18 09:45:00,0.07326729397868803
2020-03-18 09:48:00,0.09035617177681843
2020-03-18 09:51:00,-0.01887446496590428
2020-03-18 09:54:00,0.06700156730033768
2020-03-18 09:57:00,-0.018536891034557357
2020-03-18 10:00:00,-0.015450213382735
2020-03-18 10:03:00,-0.004973881392629664
2020-03-18 10:06:00,-0.035646676941269106
2020-03-18 10:09:00,0.03647597767934485
2020-03-18 10:12:00,0.017331196107363667
2020-03-18 10:15:00,0.07296733162218061
2020-03-18 10:18:00,0.03240030213248701
2020-03-18 10:21:00,0.05405868406205627
2020-03-18 10:24:00,0.02285161617561471
2020-03-18 10:27:00,-0.07458711069904211
2020-03-18 10:30:00,0.04589100865257478
2020-03-18 10:33:00,-0.02286814399889181
2020-03-18 10:36:00,-0.011439608926934852
2020-03-18 10:39:00,-0.01327784129318843
2020-03-18 10:42:00,0.05447410884102055
2020-03-18 10:45:00,0.08266899502433489
2020-03-18 10:48:00,0.033321482441067474
2020-03-18 10:51:00,0.052885976756215314
2020-03-18 10:54:00,0.09007581110233787
2020-03-18 10:57:00,0.010402023417782402
2020-03-18 11:00:00,-0.021887346869448265
2020-03-18 11:03:00,-0.05795060798959639
2020-03-18 11:06:00,0.1462324758649629
2020-03-18 11:09:00,0.002715065855454668
2020-03-18 11:12:00,-0.06820535010797357
2020-03-18 11:15:00,0.014824350855690227
2020-03-18 11:18:00,0.015119005748317704
2020-03-18 11:21:00,-0.008364335368298725
2020-03-18 11:24:00,0.07428793121613353
2020-03-18 11:27:00,0.09014718391136967
2020-03-18 11:30:00,-0.04400344425090452
2020-03-18 11:33:00,0.002129779477968441
2020-03-18 11:36:00,-0.036109117009004876
2020-03-18 11:39:00,-0.07412141426959806
2020-03-18 11:42:00,-0.04397425376578212
2020-03-18 11:45:00,-0.054318019204231405
2020-03-18 11:48:00,0.054382632842759904
2020-03-18 11:51:00,-0.16693188839036566
2020-03-18 11:54:00,-0.12770930914740575
2020-03-18 11:57:00,-0.02373781383352025
2020-03-18 12:00:00,-0.12808010838813289
2020-03-18 12:03:00,-0.12557950015229835
2020-03-18 12:06:00,-0.07627961414476658
2020-03-18 12:09:00,-0.12352010246968348
2020-03-18 12:12:00,-0.041065149876317264
2020-03-18 12:15:00,-0.1462156111533659
2020-03-18 12:18:00,-0.15215308246285986
2020-03-18 12:21:00,-0.13023632758597614
2020-03-18 12:24:00,-0.1365141095193394
2020-03-18 12:27:00,-0.12412479759609596
2020-03-18 12:30:00,-0.253367622424264
2020-03-18 12:33:00,-0.22132592020977881
2020-03-18 12:36:00,-0.17192820191513647
2020-03-18 12:39:00,-0.14907429532007654
2020-03-18 12:42:00,-0.21421455676869527
2020-03-18 12:45:00,-0.2183395857563255
2020-03-18 12:48:00,-0.07136474013447014
2020-03-18 12:51:00,-0.2161514641877602
2020-03-18 12:54:00,-0.1370535162209876
2020-03-18 12:57:00,-0.15129512377910714
2020-03-18 13:00:00,-0.2206059981714361
2020-03-18 13:03:00,-0.2865397980039006
2020-03-18 13:06:00,-0.2510670309006855
2020-03-18 13:09:00,-0.23686832462692564
2020-03-18 13:12:00,-0.421889696560811
2020-03-18 13:15:00,-0.23606390589378634
2020-03-18 13:18:00,-0.2572068984312068
2020-03-18 13:21:00,-0.31354282510551457
2020-03-18 13:24:00,-0.2680692892812431
2020-03-18 13:27:00,-0.2478887290419607
2020-03-18 13:30:00,-0.4008222624407267
2020-03-18 13:33:00,-0.3433202337914736
2020-03-18 13:36:00,-0.26191110659988226
2020-03-18 13:39:00,-0.4291095341299638
2020-03-18 13:42:00,-0.31565795317817447
2020-03-18 13:45:00,-0.43871347364319035
2020-03-18 13:48:00,-0.4001036538933249
2020-03-18 13:51:00,-0.26294018731675806
2020-03-18 13:54:00,-0.3302121790942465
2020-03-18 13:57:00,-0.34583024584605937
2020-03-18 14:00:00,-0.43730135868929665
2020-03-18 14:03:00,-0.3886328718588743
2020-03-18 14:06:00,-0.4718605067322983
2020-03-18 14:09:00,-0.34995439122099015
2020-03-18 14:12:00,-0.31572717382709925
2020-03-18 14:15:00,-0.42577927423241135
2020-03-18 14:18:00,-0.44113643768247357
2020-03-18 14:21:00,-0.34150126950049753
2020-03-18 14:24:00,-0.40535743560440096
2020-03-18 14:27:00,-0.5226314591298546
2020-03-18 14:30:00,-0.39978414320120237
2020-03-18 14:33:00,-0.4857911903152399
2020-03-18 14:36:00,-0.37581603247161866
2020-03-18 14:39:00,-0.45467688426884934
2020-03-18 14:42:00,-0.41650361686129145
2020-03-18 14:45:00,-0.405928799829951
2020-03-18 14:48:00,-0.4359809606093563
2020-03-18 14:51:00,-0.3753603148792308
2020-03-18 14:54:00,-0.40004245678176176
2020-03-18 14:57:00,-0.4455542276778033
2020-03-18 15:00:00,-0.4788650386876725
2020-03-18 15:03:00,-0.35301392334110915
2020-03-18 15:06:00,-0.30732463487134964
2020-03-18 15:09:00,-0.4076202590368325
2020-03-18 15:12:00,-0.41664285932523626
2020-03-18 15:15:00,-0.3677048431984531
2020-03-18 15:18:00,-0.2529667586451865
2020-03-18 15:21:00,-0.41131892914279433
2020-03-18 15:24:00,-0.2532385919728881
2020-03-18 15:27:00,-0.4407279396391459
2020-03-18 15:30:00,-0.3448602715453717
2020-03-18 15:33:00,-0.35784288976810785
2020-03-18 15:36:00,-0.2590510548957923
2020-03-18 15:39:00,-0.33084905360317407
2020-03-18 15:42:00,-0.21366238996193943
2020-03-18 15:45:00,-0.3174830554614232
2020-03-18 15:48:00,-0.21941983745819016
2020-03-18 15:51:00,-0.23578658204354497
2020-03-18 15:54:00,-0.3408317846583486
2020-03-18 15:57:00,-0.33107853868051507
2020-03-18 16:00:00,-0.26898300047889734
2020-03-18 16:03:00,-0.2647974344917543
2020-03-18 16:06:00,-0.20592147356950363
2020-03-18 16:09:00,-0.2413762578994465
2020-03-18 16:12:00,-0.2932432316196696
2020-03-18 16:15:00,-0.19645861138019427
2020-03-18 16:18:00,-0.24444686943490979
2020-03-18 16:21:00,-0.16450922116234779
2020-03-18 16:24:00,-0.20740676390613544
2020-03-18 16:27:00,-0.23925925128389736
2020-03-18 16:30:00,-0.16634442485462841
2020-03-18 16:33:00,-0.16051100519752026
2020-03-18 16:36:00,-0.23435708202862315
2020-03-18 16:39:00,-0.21730344398838497
2020-03-18 16:42:00,-0.14009330476244486
2020-03-18 16:45:00,-0.02120646035336904
2020-03-18 16:48:00,-0.09248010629539749
2020-03-18 16:51:00,-0.13695448912943675
2020-03-18 16:54:00,-0.0915222130465736
2020-03-18 16:57:00,-0.12134789399300416
2020-03-18 17:00:00,-0.15351392024217603
2020-03-18 17:03:00,-0.08561066228594427
2020-03-18 17:06:00,-0.10644846641662298
2020-03-18 17:09:00,-0.07671708481791484
2020-03-18 17:12:00,-0.027630358660360343
2020-03-18 17:15:00,-0.11976521700978537
2020-03-18 17:18:00,-0.052351511603376366
2020-03-18 17:21:00,-0.04844642814151712
2020-03-18 17:24:00,0.005155254521469033
2020-03-18 17:27:00,0.05272446220783422
2020-03-18 17:30:00,-0.022315916402362745
2020-03-18 17:33:00,-0.016248833648944583
2020-03-18 17:36:00,0.05408835755798691
2020-03-18 17:39:00,-0.09828116948762045
2020-03-18 17:42:00,-0.005387016180179671
2020-03-18 17:45:00,0.007856672487150718
2020-03-18 17:48:00,-0.055854773143835246
2020-03-18 17:51:00,-0.18994094613742618
2020-03-18 17:54:00,-0.12641048888889372
2020-03-18 17:57:00,-0.02153428937543822
2020-03-18 18:00:00,-0.0660781440193432
2020-03-18 18:03:00,-0.03470288117705422
2020-03-18 18:06:00,0.01269217317667426
2020-03-18 18:09:00,-0.024833907133938737
2020-03-18 18:12:00,-0.057082330032017126
2020-03-18 18:15:00,-0.05278935587972455
2020-03-18 18:18:00,-0.05544777173076909
2020-03-18 18:21:00,-0.010655588834879381
2020-03-18 18:24:00,-0.011289273672787203
2020-03-18 18:27:00,-0.061334637837148875
2020-03-18 18:30:00,-0.06248671211307055
2020-03-18 18:33:00,-0.03795011390457148
2020-03-18 18:36:00,-0.1751461681217279
2020-03-18 18:39:00,-0.16606084833045998
2020-03-18 18:42:00,-0.1093570668783741
2020-03-18 18:45:00,-0.029879205336669656
2020-03-18 18:48:00,-0.06191505666009789
2020-03-18 18:51:00,0.025731213738879433
2020-03-18 18:54:00,
2020-03-18 18:57:00,
2020-03-18 19:00:00,
2020-03-18 19:03:00,0.0013010745392421086
2020-03-18 19:06:00,0.03530305365086406
2020-03-18 19:09:00,0.04312563147277615
2020-03-18 19:12:00,-0.015186709408908428
2020-03-18 19:15:00,-0.11757264173252224
2020-03-18 19:18:00,-0.023148986180387965
2020-03-18 19:21:00,-0.036711600031139824
2020-03-18 19:24:00,-0.004998430372779694
2020-03-18 19:27:00,-0.002674742680426334
2020-03-18 19:30:00,0.0475187316446295
2020-03-18 19:33:00,0.09399242710520639
2020-03-18 19:36:00,0.05991233122529138
2020-03-18 19:39:00,-0.050386109346732155
2020-03-18 19:42:00,0.03169620619274838
2020-03-18 19:45:00,0.08771460675660592
2020-03-18 19:48:00,0.10765426703221692
2020-03-18 19:51:00,0.1302420245341409
2020-03-18 19:54:00,0.09278332130935496
2020-03-18 19:57:00,0.042358259809645915
2020-03-18 20:00:00,0.08116540060217403
2020-03-18 20:03:00,0.1113695094798004
2020-03-18 20:06:00,0.15779903401045203
2020-03-18 20:09:00,0.10119504513318134
2020-03-18 20:12:00,0.055672680855252565
2020-03-18 20:15:00,0.06531114701550678
2020-03-18 20:18:00,0.10545484225627888
2020-03-18 20:21:00,0.06203824513437439
2020-03-18 20:24:00,0.031022432713143644
2020-03-18 20:27:00,0.10752934963232974
2020-03-18 20:30:00,0.11784088604144927
2020-03-18 20:33:00,0.06245165341630354
2020-03-18 20:36:00,0.14483107049449018
2020-03-18 20:39:00,0.12358710976695875
2020-03-18 20:42:00,0.2123179761542815
2020-03-18 20:45:00,0.17759889138824292
2020-03-18 20:48:00,0.1413182070577932
2020-03-18 20:51:00,0.09547931825875366
2020-03-18 20:54:00,0.10120424893057134
2020-03-18 20:57:00,0.17071839324086113
2020-03-18 21:00:00,0.15821465761951004
2020-03-18 21:03:00,0.1641498894803135
2020-03-18 21:06:00,0.05743565275031415
2020-03-18 21:09:00,0.10312807443733618
2020-03-18 21:12:00,0.09463729327762849
2020-03-18 21:15:00,0.1655349872086731
2020-03-18 21:18:00,0.17669206052948994
2020-03-18 21:21:00,0.10578185303910459
2020-03-18 21:24:00,0.029602533493573446
2020-03-18 21:27:00,0.27257002590499724
2020-03-18 21:30:00,0.27010184946550453
2020-03-18 21:33:00,0.1989968919273224
2020-03-18 21:36:00,0.17752627890985195
2020-03-18 21:39:00,0.15542600045262134
2020-03-18 21:42:00,0.1921981827175614
2020-03-18 21:45:00,0.18602710051459326
2020-03-18 21:48:00,0.24896690934099297
2020-03-18 21:51:00,0.2052628638489864
2020-03-18 21:54:00,0.11000701915037325
2020-03-18 21:57:00,0.20425487192920855
2020-03-18 22:00:00,0.3180287177016794
2020-03-18 22:03:00,0.1298743775623734
2020-03-18 22:06:00,0.2978985518215609
2020-03-18 22:09:00,0.21834990921303188
2020-03-18 22:12:00,0.2120012403007081
2020-03-18 22:15:00,0.1921185512509851
2020-03-18 22:18:00,0.129637107607266
2020-03-18 22:21:00,0.32359375679664026
2020-03-18 22:24:00,0.1262148055255352
2020-03-18 22:27:00,0.2919925482407848
2020-03-18 22:30:00,0.22863230685442204
2020-03-18 22:33:00,0.20600778154152977
2020-03-18 22:36:00,0.16094229034558794
2020-03-18 22:39:00,0.23960756852943632
2020-03-18 22:42:00,0.2455508923780485
2020-03-18 22:45:00,0.16982913549475143
2020-03-18 22:48:00,0.23576457678905172
2020-03-18 22:51:00,0.24533301009694242
2020-03-18 22:54:00,0.15050858540683976
2020-03-18 22:57:00,0.2239967038085524
2020-03-18 23:00:00,0.14573238011092826
2020-03-18 23:03:00,0.2240545398532845
2020-03-18 23:06:00,0.18588282558596347
2020-03-18 23:09:00,0.20800933539777589
2020-03-18 23:12:00,0.23598282446630492
2020-03-18 23:15:00,0.2202379246377859
2020-03-18 23:18:00,0.21504581467684147
2020-03-18 23:21:00,0.22412620016689289
2020-03-18 23:24:00,0.3280328182055996
2020-03-18 23:27:00,0.24868844273180457
2020-03-18 23:30:00,0.21619018153580782
2020-03-18 23:33:00,0.2091341216190017
2020-03-18 23:36:00,0.20236942338249264
2020-03-18 23:39:00,0.26083636592557014
2020-03-18 23:42:00,0.2374193042798538
2020-03-18 23:45:00,0.21617611662708214
2020-03-18 23:48:00,0.20904534741833913
2020-03-18 23:51:00,0.1268071281422749
2020-03-18 23:54:00,0.20601827054383648
2020-03-18 23:57:00,0.16628331504455218
2020-03-19 00:00:00,0.27276926683754255
2020-03-19 00:03:00,0.24406757149745317
2020-03-19 00:06:00,0.16805197451901677
2020-03-19 00:09:00,0.21541571064324216
2020-03-19 00:12:00,0.06938528572175073
2020-03-19 00:15:00,0.23345280990128003
2020-03-19 00:18:00,0.11182181252286227
2020-03-19 00:21:00,0.21242272177426003
2020-03-19 00:24:00,0.1409098995130762
2020-03-19 00:27:00,0.13728596181630337
2020-03-19 00:30:00,0.09315936695412574
2020-03-19 00:33:00,0.1374667490784418
2020-03-19 00:36:00,0.17663165579563156
2020-03-19 00:39:00,0.17895482824440023
2020-03-19 00:42:00,0.2236620441527748
2020-03-19 00:45:00,0.23449704540121274
2020-03-19 00:48:00,0.21886042744790757
2020-03-19 00:51:00,0.20843219408487812
2020-03-19 00:54:00,0.35387152375045616
2020-03-19 00:57:00,0.260880276406283
2020-03-19 01:00:00,0.26015012631609125
2020-03-19 01:03:00,0.3255789874659172
2020-03-19 01:06:00,0.28678165230166996
2020-03-19 01:09:00,0.24838091349909064
2020-03-19 01:12:00,0.35419034815305395
2020-03-19 01:15:00,0.2599969887525049
2020-03-19 01:18:00,0.39185726151208655
2020-03-19 01:21:00,0.3823254267140328
2020-03-19 01:24:00,0.3657755136327978
2020-03-19 01:27:00,0.3310963866053953
2020-03-19 01:30:00,0.29610682379797026
2020-03-19 01:33:00,0.2935415227879048
2020-03-19 01:36:00,0.2954992567899808
2020-03-19 01:39:00,0.21800996956994823
2020-03-19 01:42:00,0.30179558444564236
2020-03-19 01:45:00,0.3308936841301602
2020-03-19 01:48:00,0.30055758568153124
2020-03-19 01:51:00,0.29633305117454256
2020-03-19 01:54:00,0.3190988116759286
2020-03-19 01:57:00,0.27785929114315877
2020-03-19 02:00:00,0.21277874561360477
2020-03-19 02:03:00,0.27570089521549335
2020-03-19 02:06:00,0.19823336033414307
2020-03-19 02:09:00,0.19455758398441958
2020-03-19 02:12:00,0.19857268958287477
2020-03-19 02:15:00,0.14573053944565117
2020-03-19 02:18:00,0.20153233640490953
2020-03-19 02:21:00,0.2422830260148885
2020-03-19 02:24:00,0.2456310430216604
2020-03-19 02:27:00,0.25584322441960694
2020-03-19 02:30:00,0.09300875305916634
2020-03-19 02:33:00,0.18145862832085413
2020-03-19 02:36:00,0.2591828273614851
2020-03-19 02:39:00,0.2863147145885705
2020-03-19 02:42:00,0.1762198479227095
2020-03-19 02:45:00,0.286411455899497
2020-03-19 02:48:00,0.20381932696909644
2020-03-19 02:51:00,0.23826604081648384
2020-03-19 02:54:00,0.18757293532144104
2020-03-19 02:57:00,0.24790123749005488
2020-03-19 03:00:00,0.21523526052123998
2020-03-19 03:03:00,0.3138757506396246
2020-03-19 03:06:00,0.16982229188829479
2020-03-19 03:09:00,0.2639534314166667
2020-03-19 03:12:00,0.1913498587782101
2020-03-19 03:15:00,0.2796001027852526
2020-03-19 03:18:00,0.25586215294339354
2020-03-19 03:21:00,0.21664315650150456
2020-03-19 03:24:00,0.13938215593162795
2020-03-19 03:27:00,0.20435681769134817
2020-03-19 03:30:00,0.16800373393817836
2020-03-19 03:33:00,0.17662304359350856
2020-03-19 03:36:00,0.16762918535266635
2020-03-19 03:39:00,0.16113095589787463
2020-03-19 03:42:00,0.16053820815847075
2020-03-19 03:45:00,0.037665422795384984
2020-03-19 03:48:00,0.09393150183831267
2020-03-19 03:51:00,0.16187653348191589
2020-03-19 03:54:00,0.13148260795094302
2020-03-19 03:57:00,0.21920954146088434
2020-03-19 04:00:00,0.09464043579691861
2020-03-19 04:03:00,0.15871005502793878
2020-03-19 04:06:00,0.11092600145263987
2020-03-19 04:09:00,0.1316948865811014
2020-03-19 04:12:00,0.12343227230081766
2020-03-19 04:15:00,0.1497446071426225
2020-03-19 04:18:00,0.1958614933017202
2020-03-19 04:21:00,0.017999864873104343
2020-03-19 04:24:00,0.1354626044663405
2020-03-19 04:27:00,0.10480183245744001
2020-03-19 04:30:00,0.16062581709365986
2020-03-19 04:33:00,0.18150205713141077
2020-03-19 04:36:00,0.08327611186581407
2020-03-19 04:39:00,0.035194861879745076
2020-03-19 04:42:00,0.1019941598401033
2020-03-19 04:45:00,0.17602979200063373
2020-03-19 04:48:00,0.1403871258982008
2020-03-19 04:51:00,0.08013291449731241
2020-03-19 04:54:00,0.17326754438289527
2020-03-19 04:57:00,0.18433240141382612
2020-03-19 05:00:00,0.11569576275371674
2020-03-19 05:03:00,0.13391791744123793
2020-03-19 05:06:00,0.18277520463868768
2020-03-19 05:09:00,0.17340344814135733
2020-03-19 05:12:00,0.12001435165501562
2020-03-19 05:15:00,0.14675782356511036
2020-03-19 05:18:00,0.21094282057248392
2020-03-19 05:21:00,0.1945810526445939
2020-03-19 05:24:00,0.10404201231386878
2020-03-19 05:27:00,0.16321028261114634
2020-03-19 05:30:00,0.1116746005311029
2020-03-19 05:33:00,0.0402115075729057
2020-03-19 05:36:00,0.12012499202961635
2020-03-19 05:39:00,0.13660454255557397
2020-03-19 05:42:00,0.18261591136695188
2020-03-19 05:45:00,0.15518772819007154
2020-03-19 05:48:00,0.1606346184872791
2020-03-19 05:51:00,0.15322363854517107
2020-03-19 05:54:00,0.11892822167396844
2020-03-19 05:57:00,0.08135464372458046
2020-03-19 06:00:00,0.15577784470434608
2020-03-19 06:03:00,0.23410038888368945
2020-03-19 06:06:00,0.12397504060965048
2020-03-19 06:09:00,0.11733974473168018
2020-03-19 06:12:00,0.14450671521183267
2020-03-19 06:15:00,0.08590040716057956
2020-03-19 06:18:00,0.18952353759306106
2020-03-19 06:21:00,0.1323201340754281
2020-03-19 06:24:00,0.1380018790032409
2020-03-19 06:27:00,0.08283795883119183
2020-03-19 06:30:00,0.21637053336883127
2020-03-19 06:33:00,0.10944196022722963
2020-03-19 06:36:00,0.16462482005960055
2020-03-19 06:39:00,0.11516041513868913
2020-03-19 06:42:00,0.09504021070443969
2020-03-19 06:45:00,0.18771485937952548
2020-03-19 06:48:00,0.1781081979382293
2020-03-19 06:51:00,0.18714984086170716
2020-03-19 06:54:00,0.11926827898616921
2020-03-19 06:57:00,0.25939421438494037
2020-03-19 07:00:00,0.045360998339901926
2020-03-19 07:03:00,0.1197715136027
2020-03-19 07:06:00,0.1924339648755904
2020-03-19 07:09:00,0.21683601474438774
2020-03-19 07:12:00,0.13052557934059905
2020-03-19 07:15:00,0.08447277569547396
2020-03-19 07:18:00,0.12400447725076447
2020-03-19 07:21:00,0.1299093098370463
2020-03-19 07:24:00,0.1609537619416983
2020-03-19 07:27:00,0.19329037442520303
2020-03-19 07:30:00,0.14609513150247722
2020-03-19 07:33:00,0.10423854173063773
2020-03-19 07:36:00,0.16736491255375086
2020-03-19 07:39:00,0.13598345486525432
2020-03-19 07:42:00,0.1100671880928985
2020-03-19 07:45:00,0.10547900343101446
2020-03-19 07:48:00,0.1511131926384337
2020-03-19 07:51:00,0.04331778860284885
2020-03-19 07:54:00,-0.0032049344334268426
2020-03-19 07:57:00,0.10003980450994732
2020-03-19 08:00:00,-0.005103698587333838
2020-03-19 08:03:00,0.025992031563419005
2020-03-19 08:06:00,0.016286068672798137
2020-03-19 08:09:00,-0.07069810165165791
2020-03-19 08:12:00,0.048269616862569364
2020-03-19 08:15:00,0.05755331760281024
2020-03-19 08:18:00,0.13119644690647192
2020-03-19 08:21:00,0.08944330217786955
2020-03-19 08:24:00,0.17178179725164
2020-03-19 08:27:00,0.018511668458529584
2020-03-19 08:30:00,-0.004350249881440504
2020-03-19 08:33:00,0.01816190839298315
2020-03-19 08:36:00,-0.01695937098475042
2020-03-19 08:39:00,0.010065250256047875
2020-03-19 08:42:00,0.054921927776888424
2020-03-19 08:45:00,0.016794486551873433
2020-03-19 08:48:00,0.13236403367892535
2020-03-19 08:51:00,0.07559594539509362
2020-03-19 08:54:00,0.05856030839288451
2020-03-19 08:57:00,0.05630537022295812
2020-03-19 09:00:00,0.052162971166922034
2020-03-19 09:03:00,-0.055239657751599225
2020-03-19 09:06:00,0.04557585634773886
2020-03-19 09:09:00,0.1655196706593074
2020-03-19 09:12:00,0.00881870529912021
2020-03-19 09:15:00,-0.032843100749971654
2020-03-19 09:18:00,0.07765787854867767
2020-03-19 09:21:00,0.07121755071466396
2020-03-19 09:24:00,-0.08482751652599063
2020-03-19 09:27:00,-0.07858502445270688
2020-03-19 09:30:00,-0.061303550786988126
2020-03-19 09:33:00,-0.061118218572744354
2020-03-19 09:36:00,-0.006829187051323515
2020-03-19 09:39:00,-0.00881609723899146
2020-03-19 09:42:00,-0.10854726550286387
2020-03-19 09:45:00,0.0264771649137856
2020-03-19 09:48:00,-0.0487514247787999
2020-03-19 09:51:00,-0.18497021523586454
2020-03-19 09:54:00,-0.10217568972024083
2020-03-19 09:57:00,-0.1563614381165621
2020-03-19 10:00:00,-0.04520483250956886
2020-03-19 10:03:00,-0.03406321261610401
2020-03-19 10:06:00,0.014621672594955726
2020-03-19 10:09:00,0.17067863490888158
2020-03-19 10:12:00,-0.03865953613922102
2020-03-19 10:15:00,0.03767048348333901
2020-03-19 10:18:00,0.030950936021781672
2020-03-19 10:21:00,0.0034610669681001127
2020-03-19 10:24:00,-0.11606537040330522
2020-03-19 10:27:00,0.05315686571162814
2020-03-19 10:30:00,0.0057916727154747605
2020-03-19 10:33:00,-0.035614557616270304
2020-03-19 10:36:00,0.04158728018393276
2020-03-19 10:39:00,-0.042210085714543766
2020-03-19 10:42:00,-0.06822993699364588
2020-03-19 10:45:00,-0.11824487848758736
2020-03-19 10:48:00,-0.03398142138877347
2020-03-19 10:51:00,-0.10958846669603872
2020-03-19 10:54:00,-0.03760727302756095
2020-03-19 10:57:00,-0.10825911792983334
2020-03-19 11:00:00,-0.1346033038723249
2020-03-19 11:03:00,-0.09418466977717799
2020-03-19 11:06:00,-0.1399378531037314
2020-03-19 11:09:00,-0.25574475880006275
2020-03-19 11:12:00,-0.23965268343181378
2020-03-19 11:15:00,-0.134961401119142
2020-03-19 11:18:00,-0.19298711974511207
2020-03-19 11:21:00,-0.21988960027664461
2020-03-19 11:24:00,-0.1328727537398322
2020-03-19 11:27:00,-0.15011358733892166
2020-03-19 11:30:00,-0.23771953694000558
2020-03-19 11:33:00,-0.11789306914556619
2020-03-19 11:36:00,-0.09174789599359201
2020-03-19 11:39:00,-0.18235565360134842
2020-03-19 11:42:00,-0.17635973695058738
2020-03-19 11:45:00,-0.2675492304385898
2020-03-19 11:48:00,-0.19841943200833612
2020-03-19 11:51:00,-0.25379100329416815
2020-03-19 11:54:00,-0.17718614789936282
2020-03-19 11:57:00,-0.20677385337620535
2020-03-19 12:00:00,-0.255252489308873
2020-03-19 12:03:00,-0.27749168218650766
2020-03-19 12:06:00,-0.2946633660791349
2020-03-19 12:09:00,-0.36223919613985345
2020-03-19 12:12:00,-0.275729606798393
2020-03-19 12:15:00,-0.14425001108565993
2020-03-19 12:18:00,-0.21694775438442093
2020-03-19 12:21:00,-0.27535364031029985
2020-03-19 12:24:00,-0.25194484637478354
2020-03-19 12:27:00,-0.22328207670591382
2020-03-19 12:30:00,-0.38711963345997447
2020-03-19 12:33:00,-0.30904606442913973
2020-03-19 12:36:00,-0.28214408474570973
2020-03-19 12:39:00,-0.3271678448793409
2020-03-19 12:42:00,-0.22588794228300912
2020-03-19 12:45:00,-0.30226869377452203
2020-03-19 12:48:00,-0.21333431282948823
2020-03-19 12:51:00,-0.26273564314277564
2020-03-19 12:54:00,-0.30408069800000703
2020-03-19 12:57:00,-0.33140127091974136
2020-03-19 13:00:00,-0.4163862605229838
2020-03-19 13:03:00,-0.3440437373969303
2020-03-19 13:06:00,-0.39550025868953753
2020-03-19 13:09:00,-0.3568142915444241
2020-03-19 13:12:00,-0.40704663367142757
2020-03-19 13:15:00,-0.4192591608506291
2020-03-19 13:18:00,-0.38432092781960137
2020-03-19 13:21:00,-0.34098886144863627
2020-03-19 13:24:00,-0.31848024142453824
2020-03-19 13:27:00,-0.2748149037436747
2020-03-19 13:30:00,-0.3889366931138625
2020-03-19 13:33:00,-0.422725062268853
2020-03-19 13:36:00,-0.23532149694989357
2020-03-19 13:39:00,-0.3688922303329605
2020-03-19 13:42:00,-0.3024252905378262
2020-03-19 13:45:00,-0.3239045681498851
2020-03-19 13:48:00,-0.33203667441307516
2020-03-19 13:51:00,-0.43774644781638017
2020-03-19 13:54:00,-0.5441986266649792
2020-03-19 13:57:00,-0.3655198701299014
2020-03-19 14:00:00,-0.2874776013871383
2020-03-19 14:03:00,-0.31375041610920107
2020-03-19 14:06:00,-0.21894741531389172
2020-03-19 14:09:00,-0.3018073087353059
2020-03-19 14:12:00,-0.23477782205247877
2020-03-19 14:15:00,-0.4484245937188689
2020-03-19 14:18:00,-0.35204911755221246
2020-03-19 14:21:00,-0.42093728902199246
2020-03-19 14:24:00,-0.342647676678439
2020-03-19 14:27:00,-0.45402354886397234
2020-03-19 14:30:00,-0.41107016693865717
2020-03-19 14:33:00,-0.3330131697965726
2020-03-19 14:36:00,-0.40129344882876694
2020-03-19 14:39:00,-0.47392052306571486
2020-03-19 14:42:00,-0.46622042199868474
2020-03-19 14:45:00,-0.47906835305605
2020-03-19 14:48:00,-0.5429594510562197
2020-03-19 14:51:00,-0.40960551707195236
2020-03-19 14:54:00,-0.43686515505982015
2020-03-19 14:57:00,-0.34581583736672883
2020-03-19 15:00:00,-0.4211891390224878
2020-03-19 15:03:00,-0.4508163537658447
2020-03-19 15:06:00,-0.3998586323547215
2020-03-19 15:09:00,-0.4258543792910814
2020-03-19 15:12:00,-0.4910097111911682
2020-03-19 15:15:00,-0.506512786220128
2020-03-19 15:18:00,-0.5580018744538506
2020-03-19 15:21:00,-0.46443256676298006
2020-03-19 15:24:00,-0.48966635955366655
2020-03-19 15:27:00,-0.3046226471661271
2020-03-19 15:30:00,-0.4496305910283809
2020-03-19 15:33:00,-0.27056835005203084
2020-03-19 15:36:00,-0.296937219748429
2020-03-19 15:39:00,-0.15422403979283672
2020-03-19 15:42:00,-0.3595455413233708
2020-03-19 15:45:00,-0.22117209452250108
2020-03-19 15:48:00,-0.18709639266455724
2020-03-19 15:51:00,-0.30929561529165994
2020-03-19 15:54:00,-0.31503078079538227
2020-03-19 15:57:00,-0.37575589264798737
2020-03-19 16:00:00,-0.14945053906228623
2020-03-19 16:03:00,-0.3128574313569743
2020-03-19 16:06:00,-0.250146628625032
2020-03-19 16:09:00,-0.3543622525176602
2020-03-19 16:12:00,-0.13700493201775998
2020-03-19 16:15:00,-0.06836718251588536
2020-03-19 16:18:00,-0.19586269491242092
2020-03-19 16:21:00,-0.18054908780010237
2020-03-19 16:24:00,-0.33184792962430265
2020-03-19 16:27:00,-0.17193994480771835
2020-03-19 16:30:00,-0.31777014785785695
2020-03-19 16:33:00,-0.19143440168988946
2020-03-19 16:36:00,-0.0721282422459808
2020-03-19 16:39:00,-0.1437831656369326
2020-03-19 16:42:00,-0.08965284092772663
2020-03-19 16:45:00,-0.11255435997730956
2020-03-19 16:48:00,0.009953751770012786
2020-03-19 16:51:00,-0.04153122990129532
2020-03-19 16:54:00,0.20243004659482722
2020-03-19 16:57:00,0.1526775182312008
2020-03-19 17:00:00,0.18197774171511583
2020-03-19 17:03:00,0.25808352751261054
2020-03-19 17:06:00,0.17074517463504435
2020-03-19 17:09:00,0.15003904674574642
2020-03-19 17:12:00,0.18236975139438982
2020-03-19 17:15:00,0.11884771475007483
2020-03-19 17:18:00,0.09668467420721072
2020-03-19 17:21:00,0.12601362480967282
2020-03-19 17:24:00,0.10674674767585657
2020-03-19 17:27:00,0.0746032826583587
2020-03-19 17:30:00,0.09026755688120147
2020-03-19 17:33:00,0.002493074244455329
2020-03-19 17:36:00,-0.1255495171817529
2020-03-19 17:39:00,-0.02802192765352629
2020-03-19 17:42:00,0.013498169441334085
2020-03-19 17:45:00,0.11314301304759056
2020-03-19 17:48:00,0.05403264075721381
2020-03-19 17:51:00,0.08526560166512809
2020-03-19 17:54:00,0.029877691396734463
2020-03-19 17:57:00,0.05228945937398066
2020-03-19 18:00:00,-0.07667407007284055
2020-03-19 18:03:00,0.019948053636085206
2020-03-19 18:06:00,-0.012250551972158519
2020-03-19 18:09:00,0.0004925121093037887
2020-03-19 18:12:00,0.02954936178787193
2020-03-19 18:15:00,-0.0035046901995769986
2020-03-19 18:18:00,0.048873450913276884
2020-03-19 18:21:00,0.07288895994469158
2020-03-19 18:24:00,0.09424168366302865
2020-03-19 18:27:00,0.008840402591886232
2020-03-19 18:30:00,0.16451882843540488
2020-03-19 18:33:00,0.02085227015743385
2020-03-19 18:36:00,-0.06661399051978378
2020-03-19 18:39:00,-0.024920296799280095
2020-03-19 18:42:00,-0.008919013189711222
2020-03-19 18:45:00,-0.10563865384665405
2020-03-19 18:48:00,-0.0845225572079471
2020-03-19 18:51:00,0.04353097833489983
2020-03-19 18:54:00,
2020-03-19 18:57:00,
2020-03-19 19:00:00,
2020-03-19 19:03:00,0.179676550736815
2020-03-19 19:06:00,0.13825909972803174
2020-03-19 19:09:00,0.2114153540027246
2020-03-19 19:12:00,0.3081928562500593
2020-03-19 19:15:00,0.24942436138684343
2020-03-19 19:18:00,0.3111768678851945
2020-03-19 19:21:00,0.23173268357658117
2020-03-19 19:24:00,0.24458341308286435
2020-03-19 19:27:00,0.3468825928469528
2020-03-19 19:30:00,0.3138221790145508
2020-03-19 19:33:00,0.5343717052769534
2020-03-19 19:36:00,0.5756554987368077
2020-03-19 19:39:00,0.5827565283481704
2020-03-19 19:42:00,0.5750348039767346
2020-03-19 19:45:00,0.5499421580699391
2020-03-19 19:48:00,0.4827049507183574
2020-03-19 19:51:00,0.36319823877431645
2020-03-19 19:54:00,0.35902473217390707
2020-03-19 19:57:00,0.3672841593772205
2020-03-19 20:00:00,0.33207756299196944
2020-03-19 20:03:00,0.30904195914195043
2020-03-19 20:06:00,0.38009661314981713
2020-03-19 20:09:00,0.29561935247392057
2020-03-19 20:12:00,0.30278224902747297
2020-03-19 20:15:00,0.29358647260607995
2020-03-19 20:18:00,0.3352617311680888
2020-03-19 20:21:00,0.2546685288994581
2020-03-19 20:24:00,0.13729146529976788
2020-03-19 20:27:00,0.12198588704234226
2020-03-19 20:30:00,0.17025142840475382
2020-03-19 20:33:00,0.20323977770812007
2020-03-19 20:36:00,0.282134597662548
2020-03-19 20:39:00,0.18339315431285286
2020-03-19 20:42:00,0.22664600084414133
2020-03-19 20:45:00,0.3225407681171646
2020-03-19 20:48:00,0.34418150765213795
2020-03-19 20:51:00,0.3485877169587184
2020-03-19 20:54:00,0.33190982568243044
2020-03-19 20:57:00,0.375607501294553
2020-03-19 21:00:00,0.2771205222500157
2020-03-19 21:03:00,0.3260056611608775
2020-03-19 21:06:00,0.36943991316502434
2020-03-19 21:09:00,0.33898522200445314
2020-03-19 21:12:00,0.31069868974771
2020-03-19 21:15:00,0.35481988372043816
2020-03-19 21:18:00,0.2434473512672639
2020-03-19 21:21:00,0.32626445684491046
2020-03-19 21:24:00,0.2511415594762525
2020-03-19 21:27:00,0.30754670853167454
2020-03-19 21:30:00,0.21142768237206155
2020-03-19 21:33:00,0.28057442645808806
2020-03-19 21:36:00,0.2338345695713997
2020-03-19 21:39:00,0.2119100343971354
2020-03-19 21:42:00,0.1396038770467385
2020-03-19 21:45:00,0.18477303008603485
2020-03-19 21:48:00,0.2658559765195605
2020-03-19 21:51:00,0.26478214929761634
2020-03-19 21:54:00,0.2114779187220961
2020-03-19 21:57:00,0.20241965262698614
2020-03-19 22:00:00,0.12611628712062384
2020-03-19 22:03:00,0.27161626810914186
2020-03-19 22:06:00,0.20726852494493642
2020-03-19 22:09:00,0.1790537766826219
2020-03-19 22:12:00,0.24154229467416144
2020-03-19 22:15:00,0.11834596042655221
2020-03-19 22:18:00,0.16679772755622935
2020-03-19 22:21:00,0.15865958792971924
2020-03-19 22:24:00,0.12806778914671213
2020-03-19 22:27:00,0.11693907618268895
2020-03-19 22:30:00,0.07176304602347727
2020-03-19 22:33:00,0.0691812138665
2020-03-19 22:36:00,0.15247237416940607
2020-03-19 22:39:00,0.16886671326318492
2020-03-19 22:42:00,-0.02623271427569307
2020-03-19 22:45:00,0.12724860420593131
2020-03-19 22:48:00,0.14684509949859148
2020-03-19 22:51:00,0.20557179514872814
2020-03-19 22:54:00,0.1544073638383452
2020-03-19 22:57:00,0.19013576565419044
2020-03-19 23:00:00,0.13205683108782296
2020-03-19 23:03:00,0.28052296763172535
2020-03-19 23:06:00,0.12342511802557965
2020-03-19 23:09:00,0.07104326646646086
2020-03-19 23:12:00,0.296847743431897
2020-03-19 23:15:00,0.23364779049865092
2020-03-19 23:18:00,0.16568676316944675
2020-03-19 23:21:00,0.12760163785685563
2020-03-19 23:24:00,0.16565735517605162
2020-03-19 23:27:00,0.17335887741791112
2020-03-19 23:30:00,0.18606778531523105
2020-03-19 23:33:00,0.1886776282634628
2020-03-19 23:36:00,0.23259638171515462
2020-03-19 23:39:00,0.2092345169465375
2020-03-19 23:42:00,0.2691337358335204
2020-03-19 23:45:00,0.1081801985153561
2020-03-19 23:48:00,0.178903373772755
2020-03-19 23:51:00,0.1277568366879791
2020-03-19 23:54:00,0.18899636353916094
2020-03-19 23:57:00,0.165367706919767
2020-03-20 00:00:00,0.07327452878854501
2020-03-20 00:03:00,0.14820026593031344
2020-03-20 00:06:00,0.1322333837287033
2020-03-20 00:09:00,0.14322311744166427
2020-03-20 00:12:00,0.16878048392078426
2020-03-20 00:15:00,0.21352734729072154
2020-03-20 00:18:00,0.2396684919703489
2020-03-20 00:21:00,0.14324737453949865
2020-03-20 00:24:00,0.2571494071398206
2020-03-20 00:27:00,0.3116055349011049
2020-03-20 00:30:00,0.2957896718517077
2020-03-20 00:33:00,0.26002069750967394
2020-03-20 00:36:00,0.4523382862536778
2020-03-20 00:39:00,0.5563611746300694
2020-03-20 00:42:00,0.5214052860834499
2020-03-20 00:45:00,0.5361809818666643
2020-03-20 00:48:00,0.4275717101858163
2020-03-20 00:51:00,0.3734855488152675
2020-03-20 00:54:00,0.49330709297464637
2020-03-20 00:57:00,0.5183108230757512
2020-03-20 01:00:00,0.5185613922023435
2020-03-20 01:03:00,0.49550374824656274
2020-03-20 01:06:00,0.5295539264798208
2020-03-20 01:09:00,0.5869716490371388
2020-03-20 01:12:00,0.5425230750342394
2020-03-20 01:15:00,0.5615097108068312
2020-03-20 01:18:00,0.45574606697260833
2020-03-20 01:21:00,0.6070397386117179
2020-03-20 01:24:00,0.4226363843857257
2020-03-20 01:27:00,0.47942439874100273
2020-03-20 01:30:00,0.4777143182251393
2020-03-20 01:33:00,0.37736351790061917
2020-03-20 01:36:00,0.26114876170601065
2020-03-20 01:39:00,0.22910398851763603
2020-03-20 01:42:00,0.20989409753929067
2020-03-20 01:45:00,0.1641946422852243
2020-03-20 01:48:00,0.12588674798627153
2020-03-20 01:51:00,0.12487183663245105
2020-03-20 01:54:00,-0.09008598613058894
2020-03-20 01:57:00,0.2591069079948056
2020-03-20 02:00:00,0.18433949463661747
2020-03-20 02:03:00,0.19005411068900457
2020-03-20 02:06:00,0.22735535938528528
2020-03-20 02:09:00,0.20987813254191678
2020-03-20 02:12:00,0.25855198484521225
2020-03-20 02:15:00,0.21387823760943547
2020-03-20 02:18:00,0.36707491943093373
2020-03-20 02:21:00,0.29745629931716167
2020-03-20 02:24:00,0.25382637892056437
2020-03-20 02:27:00,0.3008218176824471
2020-03-20 02:30:00,0.2736110695585694
2020-03-20 02:33:00,0.25386665515895857
2020-03-20 02:36:00,0.27366335240265016
2020-03-20 02:39:00,0.1890343740045637
2020-03-20 02:42:00,0.3268118449189501
2020-03-20 02:45:00,
2020-03-20 02:48:00,0.582017035109061
2020-03-20 02:51:00,0.549928684902568
2020-03-20 02:54:00,0.46194305630888266
2020-03-20 02:57:00,0.44193192600658904
2020-03-20 03:00:00,0.3958078253824624
2020-03-20 03:03:00,0.20999802916009003
2020-03-20 03:06:00,0.29175902299488143
2020-03-20 03:09:00,0.22752169167512193
2020-03-20 03:12:00,0.3150515690220459
2020-03-20 03:15:00,0.3521466077487503
2020-03-20 03:18:00,0.4897933242925774
2020-03-20 03:21:00,0.42014492318219254
2020-03-20 03:24:00,0.2819626603240408
2020-03-20 03:27:00,0.2292472977047737
2020-03-20 03:30:00,0.2619567582698892
2020-03-20 03:33:00,0.3333769620318776
2020-03-20 03:36:00,0.37308992080119197
2020-03-20 03:39:00,0.3390042651176941
2020-03-20 03:42:00,0.3958715712148546
2020-03-20 03:45:00,0.5507255887198426
2020-03-20 03:48:00,0.42601879716545454
2020-03-20 03:51:00,0.41386264840576814
2020-03-20 03:54:00,0.29919710623340734
2020-03-20 03:57:00,0.36067861269333434
2020-03-20 04:00:00,0.3022041912957434
2020-03-20 04:03:00,0.15376381970799002
2020-03-20 04:06:00,0.1265733840931489
2020-03-20 04:09:00,0.23263685292886294
2020-03-20 04:12:00,0.2790143652474626
2020-03-20 04:15:00,0.43625474150246646
2020-03-20 04:18:00,0.3687290228577922
2020-03-20 04:21:00,0.3329211389893203
2020-03-20 04:24:00,0.23918497691795437
2020-03-20 04:27:00,0.1580100952247676
2020-03-20 04:30:00,0.20396456772351712
2020-03-20 04:33:00,0.23916747258056148
2020-03-20 04:36:00,0.3312698532669742
2020-03-20 04:39:00,0.3460860486614479
2020-03-20 04:42:00,0.3316646830184595
2020-03-20 04:45:00,0.37461836574573226
2020-03-20 04:48:00,0.25397713540064615
2020-03-20 04:51:00,0.33309869744300613
2020-03-20 04:54:00,0.3311014924883011
2020-03-20 04:57:00,0.19742770440512913
2020-03-20 05:00:00,0.18547933328488853
2020-03-20 05:03:00,0.3065011113194487
2020-03-20 05:06:00,0.4381697517689531
2020-03-20 05:09:00,0.40417086054952733
2020-03-20 05:12:00,0.5733884502341198
2020-03-20 05:15:00,0.3870672727247211
2020-03-20 05:18:00,0.4423730318376897
2020-03-20 05:21:00,0.36066185759858627
2020-03-20 05:24:00,0.36912058424292127
2020-03-20 05:27:00,0.3683558304030612
2020-03-20 05:30:00,0.212878162951597
2020-03-20 05:33:00,0.2344476038049379
2020-03-20 05:36:00,0.1355566992463082
2020-03-20 05:39:00,0.1235345157416532
2020-03-20 05:42:00,0.15716194883054868
2020-03-20 05:45:00,0.1792985975519059
2020-03-20 05:48:00,0.2523075216695929
2020-03-20 05:51:00,0.3795867395517689
2020-03-20 05:54:00,0.19305523521427403
2020-03-20 05:57:00,0.29166514985968206
2020-03-20 06:00:00,0.3542608405199985
2020-03-20 06:03:00,0.47325187966151816
2020-03-20 06:06:00,0.43940461556638866
2020-03-20 06:09:00,0.66600686974175
2020-03-20 06:12:00,0.6675468396312567
2020-03-20 06:15:00,0.7882107545082704
2020-03-20 06:18:00,0.6605561643613669
2020-03-20 06:21:00,0.5466491656073913
2020-03-20 06:24:00,0.47002477265789366
2020-03-20 06:27:00,0.3271627529400689
2020-03-20 06:30:00,0.39233982610693374
2020-03-20 06:33:00,0.2885188588306278
2020-03-20 06:36:00,0.2896546940184521
2020-03-20 06:39:00,0.15985651203851603
2020-03-20 06:42:00,0.22769345696320897
2020-03-20 06:45:00,0.29273955307155575
2020-03-20 06:48:00,0.23363945386296336
2020-03-20 06:51:00,0.27875114768784215
2020-03-20 06:54:00,0.40014688514384034
2020-03-20 06:57:00,0.39963955979516186
2020-03-20 07:00:00,0.4375002376042403
2020-03-20 07:03:00,0.5737844825232514
2020-03-20 07:06:00,0.5210674915834943
2020-03-20 07:09:00,0.4463123305126828
2020-03-20 07:12:00,0.47258453773804376
2020-03-20 07:15:00,0.22236545709512257
2020-03-20 07:18:00,0.21737027923330743
2020-03-20 07:21:00,0.31163454445601246
2020-03-20 07:24:00,0.22620252823537612
2020-03-20 07:27:00,0.20198086168898044
2020-03-20 07:30:00,0.18751691172286655
2020-03-20 07:33:00,0.2066460456902064
2020-03-20 07:36:00,0.22058291367045513
2020-03-20 07:39:00,0.17235325669361146
2020-03-20 07:42:00,0.18058355498726542
2020-03-20 07:45:00,0.18169878641094783
2020-03-20 07:48:00,0.19830073576582663
2020-03-20 07:51:00,0.1252947570588958
2020-03-20 07:54:00,0.23583855639066087
2020-03-20 07:57:00,0.17991374992504916
2020-03-20 08:00:00,0.2696363560830264
2020-03-20 08:03:00,0.23156704504810932
2020-03-20 08:06:00,0.11626382523968459
2020-03-20 08:09:00,0.19071377823809144
2020-03-20 08:12:00,0.21770926435380034
2020-03-20 08:15:00,0.11447889477886974
2020-03-20 08:18:00,0.16835502954995718
2020-03-20 08:21:00,0.14694324930383118
2020-03-20 08:24:00,0.1298447974567125
2020-03-20 08:27:00,0.1135521800179049
2020-03-20 08:30:00,0.13447183047446742
2020-03-20 08:33:00,0.13212996355196083
2020-03-20 08:36:00,0.2178447751581416
2020-03-20 08:39:00,0.16603739279264573
2020-03-20 08:42:00,0.1813440446851473
2020-03-20 08:45:00,0.127507735789834
2020-03-20 08:48:00,0.0661407820829254
2020-03-20 08:51:00,0.09849250332268866
2020-03-20 08:54:00,0.15954671632846384
2020-03-20 08:57:00,0.1568464044113398
2020-03-20 09:00:00,0.13011584933644826
2020-03-20 09:03:00,0.1673478248563356
2020-03-20 09:06:00,0.08866948860435286
2020-03-20 09:09:00,0.049518826600774446
2020-03-20 09:12:00,0.07781370616743288
2020-03-20 09:15:00,0.1629031809678736
2020-03-20 09:18:00,0.13905562216888256
2020-03-20 09:21:00,0.10518223096386237
2020-03-20 09:24:00,0.08062762433354465
2020-03-20 09:27:00,0.017853889266518763
2020-03-20 09:30:00,0.10417537071708693
2020-03-20 09:33:00,0.03662657066831798
2020-03-20 09:36:00,-0.0004943510997463818
2020-03-20 09:39:00,0.053246791092192325
2020-03-20 09:42:00,0.050780525746517924
2020-03-20 09:45:00,0.02739825905541693
2020-03-20 09:48:00,-0.005095021439899483
2020-03-20 09:51:00,-0.00975341913590455
2020-03-20 09:54:00,-0.061022359536195836
2020-03-20 09:57:00,0.014406075191288892
2020-03-20 10:00:00,0.06417416945515697
2020-03-20 10:03:00,0.027688346310867473
2020-03-20 10:06:00,-0.025763929399772678
2020-03-20 10:09:00,-0.016446997397338237
2020-03-20 10:12:00,0.04311463000686899
2020-03-20 10:15:00,0.08960323059920938
2020-03-20 10:18:00,0.08899050323338997
2020-03-20 10:21:00,0.16779197451842265
2020-03-20 10:24:00,-0.031768563689240636
2020-03-20 10:27:00,0.01814192508402357
2020-03-20 10:30:00,0.007604497521015219
2020-03-20 10:33:00,0.12101340637411795
2020-03-20 10:36:00,0.04069594770135154
2020-03-20 10:39:00,0.17441789655060802
2020-03-20 10:42:00,0.14804435535171478
2020-03-20 10:45:00,0.17006799871342082
2020-03-20 10:48:00,0.20383886739642776
2020-03-20 10:51:00,0.18032036554097886
2020-03-20 10:54:00,0.21056806268148875
2020-03-20 10:57:00,0.15331275632519237
2020-03-20 11:00:00,0.27667258107953785
2020-03-20 11:03:00,0.19205374664113606
2020-03-20 11:06:00,0.2146822985715744
2020-03-20 11:09:00,0.17106001587501396
2020-03-20 11:12:00,0.1073773899374828
2020-03-20 11:15:00,0.10786042798179096
2020-03-20 11:18:00,0.09664909025775614
2020-03-20 11:21:00,0.1537400154028319
2020-03-20 11:24:00,0.10129460269325818
2020-03-20 11:27:00,0.15598474995090328
2020-03-20 11:30:00,0.13550393863704357
2020-03-20 11:33:00,0.20560499529045728
2020-03-20 11:36:00,0.33766338044137
2020-03-20 11:39:00,0.23294095068393972
2020-03-20 11:42:00,0.1323907075454258
2020-03-20 11:45:00,0.10994103592327065
2020-03-20 11:48:00,0.17181882592370812
2020-03-20 11:51:00,0.22629522486636233
2020-03-20 11:54:00,0.2823203232755418
2020-03-20 11:57:00,0.44908094299177037
2020-03-20 12:00:00,0.5264444033412019
2020-03-20 12:03:00,0.2855884251115981
2020-03-20 12:06:00,0.33091741677662867
2020-03-20 12:09:00,0.21199175469769216
2020-03-20 12:12:00,0.3360199215899229
2020-03-20 12:15:00,0.27958474622249696
2020-03-20 12:18:00,0.0711746612009847
2020-03-20 12:21:00,0.16971972056740015
2020-03-20 12:24:00,0.02908781548899242
2020-03-20 12:27:00,0.13359471776709597
2020-03-20 12:30:00,0.10554026406322237
2020-03-20 12:33:00,0.17720407222304857
2020-03-20 12:36:00,0.001298827799416813
2020-03-20 12:39:00,-0.043466753820553095
2020-03-20 12:42:00,0.007799318579202463
2020-03-20 12:45:00,0.03239548357356625
2020-03-20 12:48:00,0.04438157637207496
2020-03-20 12:51:00,-0.06353633675058745
2020-03-20 12:54:00,0.08147263267750304
2020-03-20 12:57:00,0.12827838736842523
2020-03-20 13:00:00,-0.02015127147092244
2020-03-20 13:03:00,0.01882285796978067
2020-03-20 13:06:00,-3.815573734300415e-06
2020-03-20 13:09:00,0.057883833547862196
2020-03-20 13:12:00,-0.0012897052271796383
2020-03-20 13:15:00,-0.05409993794381762
2020-03-20 13:18:00,-0.04478769652035908
2020-03-20 13:21:00,-0.08176132178931539
2020-03-20 13:24:00,-0.0009710059918575098
2020-03-20 13:27:00,-0.06503165326051885
2020-03-20 13:30:00,-0.0736314521320196
2020-03-20 13:33:00,-0.09325011094301772
2020-03-20 13:36:00,-0.10327229142671968
2020-03-20 13:39:00,-0.09791608289071974
2020-03-20 13:42:00,-0.06838863269967987
2020-03-20 13:45:00,-0.11699963699084037
2020-03-20 13:48:00,-0.03254099394263221
2020-03-20 13:51:00,-0.026033188492590398
2020-03-20 13:54:00,0.0741921040777811
2020-03-20 13:57:00,-0.07550294127656798
2020-03-20 14:00:00,0.06915699682332388
2020-03-20 14:03:00,0.04206396720661587
2020-03-20 14:06:00,-0.06234967444356698
2020-03-20 14:09:00,-0.022847013446835263
2020-03-20 14:12:00,-0.0343841265000151
2020-03-20 14:15:00,-0.07850637597982768
2020-03-20 14:18:00,-0.08933950783995215
2020-03-20 14:21:00,-0.10955217845275911
2020-03-20 14:24:00,-0.21137660719239193
2020-03-20 14:27:00,-0.3488473099179714
2020-03-20 14:30:00,-0.2956207017034558
2020-03-20 14:33:00,-0.309054683749423
2020-03-20 14:36:00,-0.20021806076402981
2020-03-20 14:39:00,-0.21857856053941305
2020-03-20 14:42:00,-0.1944000858684376
2020-03-20 14:45:00,-0.18857136796714258
2020-03-20 14:48:00,-0.23641501302364532
2020-03-20 14:51:00,-0.07531828322680667
2020-03-20 14:54:00,-0.16835430899158155
2020-03-20 14:57:00,-0.22094601213768783
2020-03-20 15:00:00,-0.1526041515119232
2020-03-20 15:03:00,-0.24408836726809113
2020-03-20 15:06:00,-0.17867345913657573
2020-03-20 15:09:00,-0.26801484270743003
2020-03-20 15:12:00,-0.20272931872273148
2020-03-20 15:15:00,-0.1642579770511361
2020-03-20 15:18:00,-0.24987142604754808
2020-03-20 15:21:00,-0.22686074404907686
2020-03-20 15:24:00,-0.24591080989762304
2020-03-20 15:27:00,-0.25466903386114836
2020-03-20 15:30:00,-0.17831332426487734
2020-03-20 15:33:00,-0.2692822644386297
2020-03-20 15:36:00,-0.2665349682840201
2020-03-20 15:39:00,-0.2685755082544006
2020-03-20 15:42:00,-0.24993665136929621
2020-03-20 15:45:00,-0.06232700830224758
2020-03-20 15:48:00,-0.09948884823279514
2020-03-20 15:51:00,-0.14944433014790093
2020-03-20 15:54:00,-0.18512256106311042
2020-03-20 15:57:00,-0.06348259687382551
2020-03-20 16:00:00,-0.19356697858512462
2020-03-20 16:03:00,-0.21753302327681467
2020-03-20 16:06:00,-0.14045593064747663
2020-03-20 16:09:00,-0.09560194269624844
2020-03-20 16:12:00,-0.19677434974306607
2020-03-20 16:15:00,-0.14832747047410066
2020-03-20 16:18:00,-0.08002908921884
2020-03-20 16:21:00,-0.06917998624288657
2020-03-20 16:24:00,-0.005925769031193795
2020-03-20 16:27:00,-0.04067803664133862
2020-03-20 16:30:00,-0.03775178664864143
2020-03-20 16:33:00,-0.051055292799503604
2020-03-20 16:36:00,-0.08020052943317069
2020-03-20 16:39:00,0.017116906154114986
2020-03-20 16:42:00,-0.05095817770137501
2020-03-20 16:45:00,-0.03857382681150057
2020-03-20 16:48:00,-0.06107032380430155
2020-03-20 16:51:00,-0.0044957452830090006
2020-03-20 16:54:00,-0.011218355009589231
2020-03-20 16:57:00,0.00814770348182492
2020-03-20 17:00:00,-0.08547692922076067
2020-03-20 17:03:00,-0.04805920827556065
2020-03-20 17:06:00,-0.0014129031139873405
2020-03-20 17:09:00,0.20047211828068612
2020-03-20 17:12:00,0.024968454932832174
2020-03-20 17:15:00,0.04897866766100378
2020-03-20 17:18:00,0.012120322627822588
2020-03-20 17:21:00,-0.015491485970926533
2020-03-20 17:24:00,0.014793552147182254
2020-03-20 17:27:00,-0.038727135355543396
2020-03-20 17:30:00,0.06318883632491179
2020-03-20 17:33:00,0.006636404587652578
2020-03-20 17:36:00,0.02318406637124326
2020-03-20 17:39:00,-0.00016592916512081501
2020-03-20 17:42:00,0.036479097663402626
2020-03-20 17:45:00,0.03717302724606952
2020-03-20 17:48:00,0.10228267945922198
2020-03-20 17:51:00,0.054553141101393976
2020-03-20 17:54:00,0.09666722055720811
2020-03-20 17:57:00,0.06782937396690158
2020-03-20 18:00:00,0.1415236828299271
2020-03-20 18:03:00,0.13462397611829147
2020-03-20 18:06:00,0.09598480385534458
2020-03-20 18:09:00,0.05334438902423244
2020-03-20 18:12:00,0.13894531189509962
2020-03-20 18:15:00,0.12528350619868434
2020-03-20 18:18:00,0.14266553223319534
2020-03-20 18:21:00,0.09826415957024892
2020-03-20 18:24:00,0.15808706163221586
2020-03-20 18:27:00,0.1411751747111225
2020-03-20 18:30:00,0.13713873860587
2020-03-20 18:33:00,0.18578460687149345
2020-03-20 18:36:00,0.2039333594051982
2020-03-20 18:39:00,0.09954581350615399
2020-03-20 18:42:00,0.10022281110775566
2020-03-20 18:45:00,0.1908323744653444
2020-03-20 18:48:00,0.14787434816776113
2020-03-20 18:51:00,0.21951865949392868
2020-03-20 18:54:00,
2020-03-20 18:57:00,
2020-03-20 19:00:00,
2020-03-20 19:03:00,0.1785428936450444
2020-03-20 19:06:00,0.18990528039887522
2020-03-20 19:09:00,0.12008410492160237
2020-03-20 19:12:00,0.11163998150090038
2020-03-20 19:15:00,0.17859197091610213
2020-03-20 19:18:00,0.06880319933253531
2020-03-20 19:21:00,0.22605907767695044
2020-03-20 19:24:00,0.231595655259639
2020-03-20 19:27:00,0.098397919161755
2020-03-20 19:30:00,0.19568708925623923
2020-03-20 19:33:00,0.2017022317091346
2020-03-20 19:36:00,0.19922489009036326
2020-03-20 19:39:00,0.2591679616907072
2020-03-20 19:42:00,0.5645981877339636
2020-03-20 19:45:00,0.35676220576925743
2020-03-20 19:48:00,0.312475941929506
2020-03-20 19:51:00,0.26978437534120303
2020-03-20 19:54:00,0.3185400100149991
2020-03-20 19:57:00,0.21305996299315666
2020-03-20 20:00:00,0.09039726280093419
2020-03-20 20:03:00,0.0919147611440394
2020-03-20 20:06:00,0.06718780072469599
2020-03-20 20:09:00,0.211596674597331
2020-03-20 20:12:00,0.08440138822658128
2020-03-20 20:15:00,0.21850428018075263
2020-03-20 20:18:00,0.09245811023760098
2020-03-20 20:21:00,0.12830500346700546
2020-03-20 20:24:00,0.15028285772905292
2020-03-20 20:27:00,0.07726425787291191
2020-03-20 20:30:00,0.09654694407760189
2020-03-20 20:33:00,0.07593769250831883
2020-03-20 20:36:00,0.10361633749641896
2020-03-20 20:39:00,0.16939365294336994
2020-03-20 20:42:00,0.06975189816330385
2020-03-20 20:45:00,0.10662750873490268
2020-03-20 20:48:00,0.14062525110898605
2020-03-20 20:51:00,0.21494886071752717
2020-03-20 20:54:00,0.19429389637838312
2020-03-20 20:57:00,0.20274026616533547
2020-03-20 21:00:00,0.1833693627120283
2020-03-20 21:03:00,0.2239614888082997
2020-03-20 21:06:00,0.22429618694405917
2020-03-20 21:09:00,0.2967357368740977
2020-03-20 21:12:00,0.2946945862906887
2020-03-20 21:15:00,0.2011117563766902
2020-03-20 21:18:00,0.10823213035286017
2020-03-20 21:21:00,0.21056284413225512
2020-03-20 21:24:00,0.3125625621663062
2020-03-20 21:27:00,0.2644978428112381
2020-03-20 21:30:00,0.2609062693891815
2020-03-20 21:33:00,0.3088059596100834
2020-03-20 21:36:00,0.29854629644648867
2020-03-20 21:39:00,0.39584125313660934
2020-03-20 21:42:00,0.35840444363105917
2020-03-20 21:45:00,0.41054273201848446
2020-03-20 21:48:00,0.3282565554622465
2020-03-20 21:51:00,0.290297035691367
2020-03-20 21:54:00,0.3329286217413596
2020-03-20 21:57:00,0.3264063336497429
2020-03-20 22:00:00,0.3306072230362247
2020-03-20 22:03:00,0.354640813388869
2020-03-20 22:06:00,0.3859433240705812
2020-03-20 22:09:00,0.2878598410727591
2020-03-20 22:12:00,0.2590931883625558
2020-03-20 22:15:00,0.30470585926514104
2020-03-20 22:18:00,0.3007220868769309
2020-03-20 22:21:00,0.21919979806261836
2020-03-20 22:24:00,0.28399093803568576
2020-03-20 22:27:00,0.16652701230719913
2020-03-20 22:30:00,0.3757053176022396
2020-03-20 22:33:00,0.19641840287135892
2020-03-20 22:36:00,0.35442510617673406
2020-03-20 22:39:00,0.3078737279146253
2020-03-20 22:42:00,0.26184064569554266
2020-03-20 22:45:00,0.25680751257749534
2020-03-20 22:48:00,0.3394723490079059
2020-03-20 22:51:00,0.23959583502869464
2020-03-20 22:54:00,0.27774384489208614
2020-03-20 22:57:00,0.3160460462412402
2020-03-20 23:00:00,0.2991906935883435
2020-03-20 23:03:00,0.33366918304312776
2020-03-20 23:06:00,0.3636302716120099
2020-03-20 23:09:00,0.27688970292513204
2020-03-20 23:12:00,0.3403059196102731
2020-03-20 23:15:00,0.27850371102198324
2020-03-20 23:18:00,0.24151442582052596
2020-03-20 23:21:00,0.28751518687505495
2020-03-20 23:24:00,0.3188094201484546
2020-03-20 23:27:00,0.2895597739878326
2020-03-20 23:30:00,0.26266975767822487
2020-03-20 23:33:00,0.3394422354457447
2020-03-20 23:36:00,0.1267673395011002
2020-03-20 23:39:00,0.28103861615409187
2020-03-20 23:42:00,0.2895779290536211
2020-03-20 23:45:00,0.30999322946047414
2020-03-20 23:48:00,0.2835762429659212
2020-03-20 23:51:00,0.27862127898157496
2020-03-20 23:54:00,0.2874476945993365
2020-03-20 23:57:00,0.2697580099538186
2020-03-21 00:00:00,0.23594525032905267
2020-03-21 00:03:00,0.2554015506873384
2020-03-21 00:06:00,0.29038663045707835
2020-03-21 00:09:00,0.1710526934008385
2020-03-21 00:12:00,0.22108477411575223
2020-03-21 00:15:00,0.24462853258353334
2020-03-21 00:18:00,0.2551328935100514
2020-03-21 00:21:00,0.2918801240284665
2020-03-21 00:24:00,0.3191092122730197
2020-03-21 00:27:00,0.27742618621584825
2020-03-21 00:30:00,0.3099152282358091
2020-03-21 00:33:00,0.2718396085039103
2020-03-21 00:36:00,0.2626706096585849
2020-03-21 00:39:00,0.1914699882900095
2020-03-21 00:42:00,0.18980643218452542
2020-03-21 00:45:00,0.2266667539457785
2020-03-21 00:48:00,0.31181175290589636
2020-03-21 00:51:00,0.3084846365082399
2020-03-21 00:54:00,0.22227798240629681
2020-03-21 00:57:00,0.25979120453507676
2020-03-21 01:00:00,0.16953378806999808
2020-03-21 01:03:00,0.25106791119446825
2020-03-21 01:06:00,0.1672801480833641
2020-03-21 01:09:00,0.31729099014211215
2020-03-21 01:12:00,0.30017639945242536
2020-03-21 01:15:00,0.24588519015628663
2020-03-21 01:18:00,0.22528655322361146
2020-03-21 01:21:00,0.2239871900060848
2020-03-21 01:24:00,0.29045435389633667
2020-03-21 01:27:00,0.2345399873530596
2020-03-21 01:30:00,0.24914369431979821
2020-03-21 01:33:00,0.1783325147266055
2020-03-21 01:36:00,0.2543789511501586
2020-03-21 01:39:00,0.37932881826827725
2020-03-21 01:42:00,0.17718485358227554
2020-03-21 01:45:00,0.25316493111176896
2020-03-21 01:48:00,0.2708725411540627
2020-03-21 01:51:00,0.2116678753997121
2020-03-21 01:54:00,0.3800642449562588
2020-03-21 01:57:00,0.2129094531227338
2020-03-21 02:00:00,0.2830693888333826
2020-03-21 02:03:00,0.28064626570301243
2020-03-21 02:06:00,0.335364647212657
2020-03-21 02:09:00,0.23317970469770444
2020-03-21 02:12:00,0.3415600293154739
2020-03-21 02:15:00,0.24845434685352075
2020-03-21 02:18:00,0.2357726286756474
2020-03-21 02:21:00,0.272945006888051
2020-03-21 02:24:00,0.18950338031913816
2020-03-21 02:27:00,0.26978290126902493
2020-03-21 02:30:00,0.16388085903503224
2020-03-21 02:33:00,0.2684017500371283
2020-03-21 02:36:00,0.30959937561669904
2020-03-21 02:39:00,0.16700112350122254
2020-03-21 02:42:00,0.27674714506417786
2020-03-21 02:45:00,0.2776081880146535
2020-03-21 02:48:00,0.27146372013993414
2020-03-21 02:51:00,0.2250725054819327
2020-03-21 02:54:00,0.23361142604903762
2020-03-21 02:57:00,0.19250380112725907
2020-03-21 03:00:00,0.22305293831396966
2020-03-21 03:03:00,0.2924149991123386
2020-03-21 03:06:00,0.17210742712188676
2020-03-21 03:09:00,0.23420556892597233
2020-03-21 03:12:00,0.2998324979940321
2020-03-21 03:15:00,0.3019918176881333
2020-03-21 03:18:00,0.2057421502950092
2020-03-21 03:21:00,0.21353918856249265
2020-03-21 03:24:00,0.21802362998255376
2020-03-21 03:27:00,0.2667367867064172
2020-03-21 03:30:00,0.20725493300994913
2020-03-21 03:33:00,0.2683136707009339
2020-03-21 03:36:00,0.2364339484997231
2020-03-21 03:39:00,0.18643623150484245
2020-03-21 03:42:00,0.30417754296900057
2020-03-21 03:45:00,0.30424363913846264
2020-03-21 03:48:00,0.3392829631509926
2020-03-21 03:51:00,0.23280178500351667
2020-03-21 03:54:00,0.32308910281807357
2020-03-21 03:57:00,0.2550844358159452
2020-03-21 04:00:00,0.34047247990986307
2020-03-21 04:03:00,0.30072643680790634
2020-03-21 04:06:00,0.3765374526102505
2020-03-21 04:09:00,0.26992671408117985
2020-03-21 04:12:00,0.2583057445772283
2020-03-21 04:15:00,0.278567871123073
2020-03-21 04:18:00,0.30985618818465355
2020-03-21 04:21:00,0.22883961365465666
2020-03-21 04:24:00,0.29888590506044466
2020-03-21 04:27:00,0.36884297225674345
2020-03-21 04:30:00,0.4284052424225706
2020-03-21 04:33:00,0.32553178775907554
2020-03-21 04:36:00,0.35212155045962845
2020-03-21 04:39:00,0.28333675721449936
2020-03-21 04:42:00,0.20699386410672105
2020-03-21 04:45:00,0.18116825658972857
2020-03-21 04:48:00,0.3168190817071377
2020-03-21 04:51:00,0.31212299687740597
2020-03-21 04:54:00,0.25023879364903223
2020-03-21 04:57:00,0.2808233445952055
2020-03-21 05:00:00,0.2481504330579014
2020-03-21 05:03:00,0.33906791583621043
2020-03-21 05:06:00,0.2084665750657564
2020-03-21 05:09:00,0.2879054291962575
2020-03-21 05:12:00,0.2048088618620909
2020-03-21 05:15:00,0.251246997104829
2020-03-21 05:18:00,0.19998040061977918
2020-03-21 05:21:00,0.2136634530855872
2020-03-21 05:24:00,0.20476752281427935
2020-03-21 05:27:00,0.25594533914869544
2020-03-21 05:30:00,0.26309716554845863
2020-03-21 05:33:00,0.324996682280414
2020-03-21 05:36:00,0.316427983783683
2020-03-21 05:39:00,0.3373189485262742
2020-03-21 05:42:00,0.25789927655569045
2020-03-21 05:45:00,0.26310842473372986
2020-03-21 05:48:00,0.2845474024209693
2020-03-21 05:51:00,0.3951275751705907
2020-03-21 05:54:00,0.27035503742405353
2020-03-21 05:57:00,0.2985172894832999
2020-03-21 06:00:00,0.29598982182750433
2020-03-21 06:03:00,0.22370854274481644
2020-03-21 06:06:00,0.1834424457211412
2020-03-21 06:09:00,0.27726114387547796
2020-03-21 06:12:00,0.2973926058201073
2020-03-21 06:15:00,0.3220097086216924
2020-03-21 06:18:00,0.3039035979875848
2020-03-21 06:21:00,0.3727718796240538
2020-03-21 06:24:00,0.31507447852641235
2020-03-21 06:27:00,0.33862238210627993
2020-03-21 06:30:00,0.324476305648318
2020-03-21 06:33:00,0.25262574540704463
2020-03-21 06:36:00,0.3269818490114744
2020-03-21 06:39:00,0.3179929261698362
2020-03-21 06:42:00,0.3046708774679132
2020-03-21 06:45:00,0.38648673505440456
2020-03-21 06:48:00,0.32322962192114346
2020-03-21 06:51:00,0.33725616081204635
2020-03-21 06:54:00,0.30942957796810333
2020-03-21 06:57:00,0.2379195998790351
2020-03-21 07:00:00,0.3153390170218131
2020-03-21 07:03:00,0.3181864961357519
2020-03-21 07:06:00,0.28887660067516663
2020-03-21 07:09:00,0.2173423882595671
2020-03-21 07:12:00,0.2657454958102221
2020-03-21 07:15:00,0.21541469929167079
2020-03-21 07:18:00,0.29806816402151526
2020-03-21 07:21:00,0.29087015800405425
2020-03-21 07:24:00,0.24449475414286326
2020-03-21 07:27:00,0.24707577673200376
2020-03-21 07:30:00,0.21871885466168806
2020-03-21 07:33:00,0.26133570175124987
2020-03-21 07:36:00,0.3151777594211467
2020-03-21 07:39:00,0.2233790476448121
2020-03-21 07:42:00,0.23180750176578613
2020-03-21 07:45:00,0.21325840345190272
2020-03-21 07:48:00,0.1731217977394408
2020-03-21 07:51:00,0.2963711174813852
2020-03-21 07:54:00,0.27806647619127034
2020-03-21 07:57:00,0.30298598659425124
2020-03-21 08:00:00,0.24900436671998705
2020-03-21 08:03:00,0.3400852326857944
2020-03-21 08:06:00,0.26705589471242774
2020-03-21 08:09:00,0.232041411066632
2020-03-21 08:12:00,0.33799344811609444
2020-03-21 08:15:00,0.3344981544925645
2020-03-21 08:18:00,0.2242501672890853
2020-03-21 08:21:00,0.2809978330595868
2020-03-21 08:24:00,0.1620855807950079
2020-03-21 08:27:00,0.2698300395785509
2020-03-21 08:30:00,0.28547050582335487
2020-03-21 08:33:00,0.2055428957698382
2020-03-21 08:36:00,0.23628887550921718
2020-03-21 08:39:00,0.2679136835105851
2020-03-21 08:42:00,0.3136567003773507
2020-03-21 08:45:00,0.217709515919978
2020-03-21 08:48:00,0.22584420653674897
2020-03-21 08:51:00,0.2877533471022957
2020-03-21 08:54:00,0.1945257093549344
2020-03-21 08:57:00,0.1152937567266008
2020-03-21 09:00:00,0.18216161187541502
2020-03-21 09:03:00,0.14834828251770205
2020-03-21 09:06:00,0.12437987860022304
2020-03-21 09:09:00,0.08311829013621264
2020-03-21 09:12:00,0.14825670646928302
2020-03-21 09:15:00,0.21574595430371346
2020-03-21 09:18:00,0.13363083153308253
2020-03-21 09:21:00,0.22998896630639365
2020-03-21 09:24:00,0.22229293513657922
2020-03-21 09:27:00,0.21377403230781056
2020-03-21 09:30:00,0.09376809781298334
2020-03-21 09:33:00,0.2190914476624357
2020-03-21 09:36:00,0.16425217219244814
2020-03-21 09:39:00,0.17308753694118195
2020-03-21 09:42:00,0.11407866626518626
2020-03-21 09:45:00,0.004956716767310354
2020-03-21 09:48:00,0.04963209632694543
2020-03-21 09:51:00,0.01743744317019491
2020-03-21 09:54:00,0.010602339407967065
2020-03-21 09:57:00,0.11265719273757213
2020-03-21 10:00:00,0.055056107414202415
2020-03-21 10:03:00,0.049473539820155565
2020-03-21 10:06:00,0.0633197021308547
2020-03-21 10:09:00,0.058370883107102145
2020-03-21 10:12:00,-0.04972468436028521
2020-03-21 10:15:00,-0.011374144564626931
2020-03-21 10:18:00,-0.1037185237344147
2020-03-21 10:21:00,-0.049279570375290405
2020-03-21 10:24:00,-0.01948058032547806
2020-03-21 10:27:00,-0.028086670285404125
2020-03-21 10:30:00,-0.012087180791013452
2020-03-21 10:33:00,0.09973885592268061
2020-03-21 10:36:00,-0.0068190334807241015
2020-03-21 10:39:00,-0.11271194908994175
2020-03-21 10:42:00,0.04023887949313121
2020-03-21 10:45:00,0.12044854304537012
2020-03-21 10:48:00,-0.04794609050219378
2020-03-21 10:51:00,-0.07809833917713149
2020-03-21 10:54:00,0.008571257450626035
2020-03-21 10:57:00,-0.0009530318075690047
2020-03-21 11:00:00,-0.06721918334824295
2020-03-21 11:03:00,0.03422504865744713
2020-03-21 11:06:00,-0.0823948586415213
2020-03-21 11:09:00,-0.029388720933866352
2020-03-21 11:12:00,-0.08337589558419722
2020-03-21 11:15:00,-0.06332182890020022
2020-03-21 11:18:00,-0.026275103665284405
2020-03-21 11:21:00,-0.17295185338230112
2020-03-21 11:24:00,-0.08996013296342653
2020-03-21 11:27:00,-0.08270494328428413
2020-03-21 11:30:00,-0.06683502706096078
2020-03-21 11:33:00,0.01282413816988992
2020-03-21 11:36:00,-0.03320809220258525
2020-03-21 11:39:00,-0.09569197666763785
2020-03-21 11:42:00,-0.21101812549386523
2020-03-21 11:45:00,-0.2711716422282393
2020-03-21 11:48:00,-0.0998834599756151
2020-03-21 11:51:00,-0.04636134271885339
2020-03-21 11:54:00,-0.11793439663665595
2020-03-21 11:57:00,-0.06532217139493923
2020-03-21 12:00:00,-0.10146699132923231
2020-03-21 12:03:00,0.012095428446968981
2020-03-21 12:06:00,-0.013806323047674596
2020-03-21 12:09:00,0.06324625943364026
2020-03-21 12:12:00,-0.07297258487221825
2020-03-21 12:15:00,-0.0227374533086504
2020-03-21 12:18:00,-0.0411265537915142
2020-03-21 12:21:00,0.03724900683704391
2020-03-21 12:24:00,-0.221397347338268
2020-03-21 12:27:00,-0.1609375072803232
2020-03-21 12:30:00,-0.07183511848074886
2020-03-21 12:33:00,-0.18251267294868967
2020-03-21 12:36:00,-0.25879055038126353
2020-03-21 12:39:00,-0.18502127488960696
2020-03-21 12:42:00,-0.08555873267653169
2020-03-21 12:45:00,-0.2666584110035046
2020-03-21 12:48:00,-0.2647984488826296
2020-03-21 12:51:00,-0.29162402017163913
2020-03-21 12:54:00,-0.28952654981935666
2020-03-21 12:57:00,-0.38171846341526816
2020-03-21 13:00:00,-0.3559147006953367
2020-03-21 13:03:00,-0.4038285546992597
2020-03-21 13:06:00,-0.3354590150657373
2020-03-21 13:09:00,-0.34350158891675164
2020-03-21 13:12:00,-0.3621694049127768
2020-03-21 13:15:00,-0.43259857909851007
2020-03-21 13:18:00,-0.4268017782247284
2020-03-21 13:21:00,-0.3109329570146997
2020-03-21 13:24:00,-0.31512300424850537
2020-03-21 13:27:00,-0.0691683562089338
2020-03-21 13:30:00,-0.16085818957429865
2020-03-21 13:33:00,-0.19784745292946582
2020-03-21 13:36:00,-0.10243992854782391
2020-03-21 13:39:00,-0.28805268391226946
2020-03-21 13:42:00,-0.22462449269971785
2020-03-21 13:45:00,-0.20257963295671289
2020-03-21 13:48:00,-0.23545539173437646
2020-03-21 13:51:00,-0.27301580205005394
2020-03-21 13:54:00,-0.2025392595932658
2020-03-21 13:57:00,-0.3121846660311576
2020-03-21 14:00:00,-0.20404150089888162
2020-03-21 14:03:00,-0.3251518056680993
2020-03-21 14:06:00,-0.38071095094676366
2020-03-21 14:09:00,-0.3944451635720725
2020-03-21 14:12:00,-0.38013727028555877
2020-03-21 14:15:00,-0.35962511920757834
2020-03-21 14:18:00,-0.41485328935442567
2020-03-21 14:21:00,-0.338742204614789
2020-03-21 14:24:00,-0.3988439855462502
2020-03-21 14:27:00,-0.41804271050096986
2020-03-21 14:30:00,-0.366793425261676
2020-03-21 14:33:00,-0.37937372168812544
2020-03-21 14:36:00,-0.4104029723043823
2020-03-21 14:39:00,-0.3966778507406161
2020-03-21 14:42:00,-0.4214655057453456
2020-03-21 14:45:00,-0.4333378962826373
2020-03-21 14:48:00,-0.3633018026679906
2020-03-21 14:51:00,-0.36894006953514236
2020-03-21 14:54:00,-0.37523115799564266
2020-03-21 14:57:00,-0.35503925996096086
2020-03-21 15:00:00,-0.36798213745146313
2020-03-21 15:03:00,-0.14904056653904263
2020-03-21 15:06:00,-0.12714847030838428
2020-03-21 15:09:00,-0.13498012073023347
2020-03-21 15:12:00,-0.19070075362776606
2020-03-21 15:15:00,-0.10232405604102723
2020-03-21 15:18:00,-0.1403861375337101
2020-03-21 15:21:00,-0.22196203239855095
2020-03-21 15:24:00,-0.14071315420358133
2020-03-21 15:27:00,-0.0739726440875188
2020-03-21 15:30:00,0.012431924135285044
2020-03-21 15:33:00,0.0005883734248186556
2020-03-21 15:36:00,0.016085437169010675
2020-03-21 15:39:00,0.14016561849206255
2020-03-21 15:42:00,0.11324857436187585
2020-03-21 15:45:00,0.15421192269184303
2020-03-21 15:48:00,0.2004520219708752
2020-03-21 15:51:00,0.21578526460984904
2020-03-21 15:54:00,0.1484897271589034
2020-03-21 15:57:00,0.24341383173668873
2020-03-21 16:00:00,0.29157685241142417
2020-03-21 16:03:00,0.40508085952575357
2020-03-21 16:06:00,0.4205898141281068
2020-03-21 16:09:00,0.3658754617082991
2020-03-21 16:12:00,0.3463422369830482
2020-03-21 16:15:00,0.3125456899849155
2020-03-21 16:18:00,0.42811656342837523
2020-03-21 16:21:00,0.539936387145076
2020-03-21 16:24:00,0.6031657951414786
2020-03-21 16:27:00,0.3995916172285092
2020-03-21 16:30:00,0.3143009161975101
2020-03-21 16:33:00,0.2635492112061115
2020-03-21 16:36:00,0.31136964536034384
2020-03-21 16:39:00,0.43359015983173776
2020-03-21 16:42:00,0.4614250806714608
2020-03-21 16:45:00,0.38743456458894343
2020-03-21 16:48:00,0.34128765880177525
2020-03-21 16:51:00,0.24483415635654637
2020-03-21 16:54:00,0.23447503449079932
2020-03-21 16:57:00,0.3307070598795576
2020-03-21 17:00:00,0.39705612229295184
2020-03-21 17:03:00,0.40835844146050704
2020-03-21 17:06:00,0.29482742138640106
2020-03-21 17:09:00,0.36494776784650185
2020-03-21 17:12:00,0.32988590815966745
2020-03-21 17:15:00,0.40237381752950796
2020-03-21 17:18:00,0.3971856712822728
2020-03-21 17:21:00,0.3719244423742225
2020-03-21 17:24:00,0.43814543626945124
2020-03-21 17:27:00,0.470824385303672
2020-03-21 17:30:00,0.36252900084463135
2020-03-21 17:33:00,0.4239406699348365
2020-03-21 17:36:00,0.43861313552503134
2020-03-21 17:39:00,0.3243175446641544
2020-03-21 17:42:00,0.3112043269531455
2020-03-21 17:45:00,0.2674851535170433
2020-03-21 17:48:00,0.338559903581654
2020-03-21 17:51:00,0.3925914137970494
2020-03-21 17:54:00,0.2816683548194874
2020-03-21 17:57:00,0.3786723026227037
2020-03-21 18:00:00,0.47746169950858075
2020-03-21 18:03:00,0.5931948765879724
2020-03-21 18:06:00,0.6013161844738306
2020-03-21 18:09:00,0.516007840308248
2020-03-21 18:12:00,0.6564935046115465
2020-03-21 18:15:00,0.6385286459668578
2020-03-21 18:18:00,0.5914176931323709
2020-03-21 18:21:00,0.4614947178317266
2020-03-21 18:24:00,0.3872054260796176
2020-03-21 18:27:00,0.4078116546064052
2020-03-21 18:30:00,0.4502722505400243
2020-03-21 18:33:00,0.48271696489285887
2020-03-21 18:36:00,0.4269810172520465
2020-03-21 18:39:00,0.32134231402443447
2020-03-21 18:42:00,0.44346384333744027
2020-03-21 18:45:00,0.39683365083226363
2020-03-21 18:48:00,0.5550555642280415
2020-03-21 18:51:00,0.5769667466076385
2020-03-21 18:54:00,
2020-03-21 18:57:00,
2020-03-21 19:00:00,
2020-03-21 19:03:00,0.48122122988201
2020-03-21 19:06:00,0.5614887531921227
2020-03-21 19:09:00,0.5397461489532702
2020-03-21 19:12:00,0.554798224539752
2020-03-21 19:15:00,0.5622524471168617
2020-03-21 19:18:00,0.48020649339741794
2020-03-21 19:21:00,0.40445702338342926
2020-03-21 19:24:00,0.33761633034333727
2020-03-21 19:27:00,0.1860083069692564
2020-03-21 19:30:00,0.22182894665235153
2020-03-21 19:33:00,0.2011220468530155
2020-03-21 19:36:00,0.25535036696766156
2020-03-21 19:39:00,0.12026102078726808
2020-03-21 19:42:00,0.1269505273215259
2020-03-21 19:45:00,0.12387239951010542
2020-03-21 19:48:00,0.16363190197125732
2020-03-21 19:51:00,0.24120516208375875
2020-03-21 19:54:00,0.13375257402225316
2020-03-21 19:57:00,0.196786022016056
2020-03-21 20:00:00,0.29416944122459654
2020-03-21 20:03:00,0.22981736301773026
2020-03-21 20:06:00,0.2379160319481457
2020-03-21 20:09:00,0.3164592235481223
2020-03-21 20:12:00,0.17613599972230531
2020-03-21 20:15:00,0.24718708942157264
2020-03-21 20:18:00,0.25178661867334995
2020-03-21 20:21:00,0.24294029036849452
2020-03-21 20:24:00,0.14262331565561226
2020-03-21 20:27:00,0.19028810361845672
2020-03-21 20:30:00,0.31830740508718236
2020-03-21 20:33:00,0.2535014500707007
2020-03-21 20:36:00,0.19295706156577808
2020-03-21 20:39:00,0.16167437327845846
2020-03-21 20:42:00,0.16352126087417673
2020-03-21 20:45:00,0.26304031605894806
2020-03-21 20:48:00,0.306471753463029
2020-03-21 20:51:00,0.31205158107752595
2020-03-21 20:54:00,0.35219863493762205
2020-03-21 20:57:00,0.3336690405457148
2020-03-21 21:00:00,0.3977458290000868
2020-03-21 21:03:00,0.3278881513344345
2020-03-21 21:06:00,0.3493610793630637
2020-03-21 21:09:00,0.3267124430520312
2020-03-21 21:12:00,0.3689713150949956
2020-03-21 21:15:00,0.31153980602300635
2020-03-21 21:18:00,0.3285089526617071
2020-03-21 21:21:00,0.41515311184832626
2020-03-21 21:24:00,0.3504182575532582
2020-03-21 21:27:00,0.3336986330284617
2020-03-21 21:30:00,0.35774983409504557
2020-03-21 21:33:00,0.37453624553262443
2020-03-21 21:36:00,0.2992950989633414
2020-03-21 21:39:00,0.43501190957124436
2020-03-21 21:42:00,0.38578608308193907
2020-03-21 21:45:00,0.3635382199469177
2020-03-21 21:48:00,0.359091590696039
2020-03-21 21:51:00,0.26095002589590877
2020-03-21 21:54:00,0.21204246526679071
2020-03-21 21:57:00,0.2969694261173572
2020-03-21 22:00:00,0.2917469576897247
2020-03-21 22:03:00,0.3049087954368588
2020-03-21 22:06:00,0.27134122731041543
2020-03-21 22:09:00,0.23734687220667183
2020-03-21 22:12:00,0.30772418935617907
2020-03-21 22:15:00,0.22636072217994752
2020-03-21 22:18:00,0.24836368549478038
2020-03-21 22:21:00,0.23269735977396522
2020-03-21 22:24:00,0.34908876388197996
2020-03-21 22:27:00,0.2925994437853774
2020-03-21 22:30:00,0.3906944046671583
2020-03-21 22:33:00,0.2905331457763509
2020-03-21 22:36:00,0.2617447577257508
2020-03-21 22:39:00,0.339595999298524
2020-03-21 22:42:00,0.32177338141144674
2020-03-21 22:45:00,0.2275173125017318
2020-03-21 22:48:00,0.23391853984873023
2020-03-21 22:51:00,0.32617267847723497
2020-03-21 22:54:00,0.251584226100249
2020-03-21 22:57:00,0.24562929430959457
2020-03-21 23:00:00,0.30335651214920745
2020-03-21 23:03:00,0.3231354759191163
2020-03-21 23:06:00,0.3121470667123276
2020-03-21 23:09:00,0.2425522557102795
2020-03-21 23:12:00,0.3510779392398149
2020-03-21 23:15:00,0.2611056058178747
2020-03-21 23:18:00,0.23735331920636327
2020-03-21 23:21:00,0.2691015807168924
2020-03-21 23:24:00,0.33961945954416706
2020-03-21 23:27:00,0.2748646875716645
2020-03-21 23:30:00,0.29267497016121524
2020-03-21 23:33:00,0.20465079482738702
2020-03-21 23:36:00,0.3090247870928806
2020-03-21 23:39:00,0.25258673131645537
2020-03-21 23:42:00,0.2021437662095309
2020-03-21 23:45:00,0.30352701913284363
2020-03-21 23:48:00,0.3036917004064321
2020-03-21 23:51:00,0.28648899655496507
2020-03-21 23:54:00,0.3108196953220954
2020-03-21 23:57:00,0.29238088727277045
2020-03-22 00:00:00,0.34726556127316144
2020-03-22 00:03:00,0.35002375795744456
2020-03-22 00:06:00,0.31869230153148465
2020-03-22 00:09:00,0.298028038430175
2020-03-22 00:12:00,0.41279934679067765
2020-03-22 00:15:00,0.3141565621459108
2020-03-22 00:18:00,0.38773695427062194
2020-03-22 00:21:00,0.4074289747163675
2020-03-22 00:24:00,0.3104305457580381
2020-03-22 00:27:00,0.26857421664703907
2020-03-22 00:30:00,0.1953942677405962
2020-03-22 00:33:00,0.2988025599929074
2020-03-22 00:36:00,0.27221917201762835
2020-03-22 00:39:00,0.2938135221964444
2020-03-22 00:42:00,0.20508342448465555
2020-03-22 00:45:00,0.291078467182615
2020-03-22 00:48:00,0.2632693981411762
2020-03-22 00:51:00,0.4253930924343763
2020-03-22 00:54:00,0.2928491123670369
2020-03-22 00:57:00,0.28961129171040056
2020-03-22 01:00:00,0.2571288312041702
2020-03-22 01:03:00,0.32881632834732955
2020-03-22 01:06:00,0.3703084561629453
2020-03-22 01:09:00,0.2981983646429285
2020-03-22 01:12:00,0.2691007015698119
2020-03-22 01:15:00,0.21981693554744197
2020-03-22 01:18:00,0.32256810696776483
2020-03-22 01:21:00,0.3135148875136906
2020-03-22 01:24:00,0.20519870781976124
2020-03-22 01:27:00,0.287559790416708
2020-03-22 01:30:00,0.25456513810297565
2020-03-22 01:33:00,0.22796234590396125
2020-03-22 01:36:00,0.2275033070878294
2020-03-22 01:39:00,0.25071992738355675
2020-03-22 01:42:00,0.2404983525315174
2020-03-22 01:45:00,0.2967201765229106
2020-03-22 01:48:00,0.2599210672459549
2020-03-22 01:51:00,0.34748873681644454
2020-03-22 01:54:00,0.2709967040021297
2020-03-22 01:57:00,0.26397156965145996
2020-03-22 02:00:00,0.2832248982772967
2020-03-22 02:03:00,0.28235731230807914
2020-03-22 02:06:00,0.2895060608665858
2020-03-22 02:09:00,0.3325748487984015
2020-03-22 02:12:00,0.21958458666711067
2020-03-22 02:15:00,0.2636832806821303
2020-03-22 02:18:00,0.29646380633107583
2020-03-22 02:21:00,0.2850366551397201
2020-03-22 02:24:00,0.30035758448724437
2020-03-22 02:27:00,0.30689300150902454
2020-03-22 02:30:00,0.29801227089177473
2020-03-22 02:33:00,0.4027454883827204
2020-03-22 02:36:00,0.42124459761652133
2020-03-22 02:39:00,0.3178924366380329
2020-03-22 02:42:00,0.2232665609000719
2020-03-22 02:45:00,0.3122891197424451
2020-03-22 02:48:00,0.3117219634528965
2020-03-22 02:51:00,0.23770793639073418
2020-03-22 02:54:00,0.34396950280859073
2020-03-22 02:57:00,0.32457869865612565
2020-03-22 03:00:00,0.3454734335053331
2020-03-22 03:03:00,0.26984890472192546
2020-03-22 03:06:00,0.30918676108109366
2020-03-22 03:09:00,0.3674543030905397
2020-03-22 03:12:00,0.3114518803931219
2020-03-22 03:15:00,0.33605075812107543
2020-03-22 03:18:00,0.386675598405418
2020-03-22 03:21:00,0.35243214666257927
2020-03-22 03:24:00,0.27373683808252736
2020-03-22 03:27:00,0.38552155131293375
2020-03-22 03:30:00,0.33724259529367373
2020-03-22 03:33:00,0.2701463476981303
2020-03-22 03:36:00,0.4027812531237487
2020-03-22 03:39:00,0.4357764772252608
2020-03-22 03:42:00,0.3463862189906308
2020-03-22 03:45:00,0.28217606982246934
2020-03-22 03:48:00,0.3615294121204329
2020-03-22 03:51:00,0.27008190634154516
2020-03-22 03:54:00,0.2910413676857502
2020-03-22 03:57:00,0.3252143524034068
2020-03-22 04:00:00,0.3066487803233713
2020-03-22 04:03:00,0.28875909594950144
2020-03-22 04:06:00,0.34022882325626824
2020-03-22 04:09:00,0.21627096866092188
2020-03-22 04:12:00,0.32092538448432606
2020-03-22 04:15:00,0.33413803469494496
2020-03-22 04:18:00,0.34197539883842865
2020-03-22 04:21:00,0.3634884738717119
2020-03-22 04:24:00,0.3191191473263757
2020-03-22 04:27:00,0.2879399642667977
2020-03-22 04:30:00,0.4014228570854925
2020-03-22 04:33:00,0.3702551645257586
2020-03-22 04:36:00,0.28191898674265303
2020-03-22 04:39:00,0.3676207059560852
2020-03-22 04:42:00,0.4518781692554512
2020-03-22 04:45:00,0.2986228420414818
2020-03-22 04:48:00,0.37883769537904755
2020-03-22 04:51:00,0.3172161133923055
2020-03-22 04:54:00,0.3481804497778853
2020-03-22 04:57:00,0.3230804500056479
2020-03-22 05:00:00,0.3433509192208817
2020-03-22 05:03:00,0.3265712737746185
2020-03-22 05:06:00,0.31780946251325304
2020-03-22 05:09:00,0.284443553328515
2020-03-22 05:12:00,0.30626155834863766
2020-03-22 05:15:00,0.31010525992888915
2020-03-22 05:18:00,0.420358077513697
2020-03-22 05:21:00,0.3382589824686306
2020-03-22 05:24:00,0.3075539224081467
2020-03-22 05:27:00,0.3123935934279416
2020-03-22 05:30:00,0.3201358451459555
2020-03-22 05:33:00,0.3303066333363631
2020-03-22 05:36:00,0.39821192367287495
2020-03-22 05:39:00,0.3271037464340907
2020-03-22 05:42:00,0.37032194873307844
2020-03-22 05:45:00,0.2963699210517916
2020-03-22 05:48:00,0.33948640482702785
2020-03-22 05:51:00,0.38049749304769875
2020-03-22 05:54:00,0.41543244615331787
2020-03-22 05:57:00,0.3478128648052916
2020-03-22 06:00:00,0.4116746903656008
2020-03-22 06:03:00,0.2901191647773089
2020-03-22 06:06:00,0.3016302133875115
2020-03-22 06:09:00,0.44282354228363374
2020-03-22 06:12:00,0.37467109295744194
2020-03-22 06:15:00,0.3933052966039554
2020-03-22 06:18:00,0.36588716091995366
2020-03-22 06:21:00,0.4275656327634465
2020-03-22 06:24:00,0.35820084857198253
2020-03-22 06:27:00,0.35736698245534626
2020-03-22 06:30:00,0.4709806436333679
2020-03-22 06:33:00,0.3905483957774436
2020-03-22 06:36:00,0.32607906066084524
2020-03-22 06:39:00,0.32003861524134436
2020-03-22 06:42:00,0.38166938940491946
2020-03-22 06:45:00,0.35254283195178004
2020-03-22 06:48:00,0.38899609143567204
2020-03-22 06:51:00,0.4100321125727078
2020-03-22 06:54:00,0.3360296043908306
2020-03-22 06:57:00,0.361872256911397
2020-03-22 07:00:00,0.41654674695689664
2020-03-22 07:03:00,0.3508870848915535
2020-03-22 07:06:00,0.4250192615399442
2020-03-22 07:09:00,0.5578402597972172
2020-03-22 07:12:00,0.45162790209332115
2020-03-22 07:15:00,0.4239349263727945
2020-03-22 07:18:00,0.4313898384241952
2020-03-22 07:21:00,0.4767297116386544
2020-03-22 07:24:00,0.4791673391889617
2020-03-22 07:27:00,0.4685763924764501
2020-03-22 07:30:00,0.44306012192782873
2020-03-22 07:33:00,0.4588042073494307
2020-03-22 07:36:00,0.4677600302838414
2020-03-22 07:39:00,0.5140525805815059
2020-03-22 07:42:00,0.3805084819074409
2020-03-22 07:45:00,0.3920824643558376
2020-03-22 07:48:00,0.5618742434887736
2020-03-22 07:51:00,0.36421139995007934
2020-03-22 07:54:00,0.3812077641228484
2020-03-22 07:57:00,0.5113104157157409
2020-03-22 08:00:00,0.4062635548610274
2020-03-22 08:03:00,0.4382749173482239
2020-03-22 08:06:00,0.45281671975868676
2020-03-22 08:09:00,0.4396368419779719
2020-03-22 08:12:00,0.4221944186697897
2020-03-22 08:15:00,0.3241494512890313
2020-03-22 08:18:00,0.4044611599937298
2020-03-22 08:21:00,0.3665545208448293
2020-03-22 08:24:00,0.4044906822883263
2020-03-22 08:27:00,0.29970180097888033
2020-03-22 08:30:00,0.4217139483357073
2020-03-22 08:33:00,0.31228354375559775
2020-03-22 08:36:00,0.3209955383576357
2020-03-22 08:39:00,0.27538429424799915
2020-03-22 08:42:00,0.3524322038408627
2020-03-22 08:45:00,0.37903335332441657
2020-03-22 08:48:00,0.3027450817945123
2020-03-22 08:51:00,0.29058147801129053
2020-03-22 08:54:00,0.24552575016281253
2020-03-22 08:57:00,0.31994468892287387
2020-03-22 09:00:00,0.24250207066626217
2020-03-22 09:03:00,0.2364795887237392
2020-03-22 09:06:00,0.23734109223698852
2020-03-22 09:09:00,0.26878327866188556
2020-03-22 09:12:00,0.23666637899168563
2020-03-22 09:15:00,0.1932287283125902
2020-03-22 09:18:00,0.22479492385946287
2020-03-22 09:21:00,0.2939258508642979
2020-03-22 09:24:00,0.18057977509101875
2020-03-22 09:27:00,0.2483371488801822
2020-03-22 09:30:00,0.19520288528923402
2020-03-22 09:33:00,0.270016796957691
2020-03-22 09:36:00,0.2402601506515225
2020-03-22 09:39:00,0.19976214742871434
2020-03-22 09:42:00,0.1353295326297257
2020-03-22 09:45:00,0.1729559380442538
2020-03-22 09:48:00,0.16211795166452703
2020-03-22 09:51:00,0.13656518244710014
2020-03-22 09:54:00,0.1834637506928516
2020-03-22 09:57:00,0.09745958356660367
2020-03-22 10:00:00,0.15458225583313379
2020-03-22 10:03:00,0.013560173038513312
2020-03-22 10:06:00,0.2151459370190878
2020-03-22 10:09:00,0.0637068577918285
2020-03-22 10:12:00,0.08590565216684354
2020-03-22 10:15:00,0.11998492734676347
2020-03-22 10:18:00,0.02784129951248815
2020-03-22 10:21:00,0.11244060848275694
2020-03-22 10:24:00,0.1097785748902993
2020-03-22 10:27:00,-0.02381665716467296
2020-03-22 10:30:00,0.031412981730170486
2020-03-22 10:33:00,0.09141772018881511
2020-03-22 10:36:00,0.004154552914201304
2020-03-22 10:39:00,0.009705938547313053
2020-03-22 10:42:00,0.05088791764489997
2020-03-22 10:45:00,-0.0026605235637475744
2020-03-22 10:48:00,-0.005028284402726513
2020-03-22 10:51:00,0.08360997688163252
2020-03-22 10:54:00,0.07617324370716005
2020-03-22 10:57:00,-0.05468333008951731
2020-03-22 11:00:00,-0.053114873466654444
2020-03-22 11:03:00,-0.02063939707903728
2020-03-22 11:06:00,-0.061148523283634404
2020-03-22 11:09:00,0.05635842676548464
2020-03-22 11:12:00,-0.1451883609290121
2020-03-22 11:15:00,-0.19442462777720948
2020-03-22 11:18:00,-0.04007975163415267
2020-03-22 11:21:00,-0.16832783482504965
2020-03-22 11:24:00,-0.136635739789142
2020-03-22 11:27:00,-0.11732916158348417
2020-03-22 11:30:00,-0.07405837218465194
2020-03-22 11:33:00,-0.12016829299159326
2020-03-22 11:36:00,-0.29072613422397353
2020-03-22 11:39:00,-0.09150533774953828
2020-03-22 11:42:00,-0.041326362463451005
2020-03-22 11:45:00,-0.12519237256685756
2020-03-22 11:48:00,-0.1313001464586705
2020-03-22 11:51:00,-0.2130988027459466
2020-03-22 11:54:00,-0.17153148384716133
2020-03-22 11:57:00,-0.1807252070405525
2020-03-22 12:00:00,-0.08960079338811511
2020-03-22 12:03:00,-0.20078108084317137
2020-03-22 12:06:00,-0.17962598021318854
2020-03-22 12:09:00,-0.24185259552956495
2020-03-22 12:12:00,-0.15705217507940006
2020-03-22 12:15:00,-0.17701687924244425
2020-03-22 12:18:00,-0.11076228859707271
2020-03-22 12:21:00,-0.13315646025552041
2020-03-22 12:24:00,-0.1609994112124582
2020-03-22 12:27:00,-0.314208142151017
2020-03-22 12:30:00,-0.280922760826229
2020-03-22 12:33:00,-0.27629800187696674
2020-03-22 12:36:00,-0.22234918536128134
2020-03-22 12:39:00,-0.2912467972807349
2020-03-22 12:42:00,-0.21054606072840443
2020-03-22 12:45:00,-0.3718446138291256
2020-03-22 12:48:00,-0.21215364239407108
2020-03-22 12:51:00,-0.28207141592406515
2020-03-22 12:54:00,-0.2243056248138373
2020-03-22 12:57:00,-0.351608992832098
2020-03-22 13:00:00,-0.2811566429015784
2020-03-22 13:03:00,-0.3064273292279722
2020-03-22 13:06:00,-0.26724958729425907
2020-03-22 13:09:00,-0.2900904614339197
2020-03-22 13:12:00,-0.23663205971911339
2020-03-22 13:15:00,-0.4639066815995534
2020-03-22 13:18:00,-0.2674113986095108
2020-03-22 13:21:00,-0.35345550179590646
2020-03-22 13:24:00,-0.3348791404735607
2020-03-22 13:27:00,-0.36039263594523163
2020-03-22 13:30:00,-0.38585602799577146
2020-03-22 13:33:00,-0.3027674428940941
2020-03-22 13:36:00,-0.3019327971332473
2020-03-22 13:39:00,-0.3676790041969866
2020-03-22 13:42:00,-0.30267720428884104
2020-03-22 13:45:00,-0.3996333053437411
2020-03-22 13:48:00,-0.3096915027767295
2020-03-22 13:51:00,-0.45992276472048843
2020-03-22 13:54:00,-0.3936238931271987
2020-03-22 13:57:00,-0.36954573065520435
2020-03-22 14:00:00,-0.47505380441276657
2020-03-22 14:03:00,-0.33845537170401485
2020-03-22 14:06:00,-0.40491466268815657
2020-03-22 14:09:00,-0.36895745280571646
2020-03-22 14:12:00,-0.4014333688360239
2020-03-22 14:15:00,-0.38924933188309296
2020-03-22 14:18:00,-0.40270357166468784
2020-03-22 14:21:00,-0.3979196600166688
2020-03-22 14:24:00,-0.4008244206744962
2020-03-22 14:27:00,-0.4644001524779924
2020-03-22 14:30:00,-0.5220970682888719
2020-03-22 14:33:00,-0.5212405092811423
2020-03-22 14:36:00,-0.3917082827549052
2020-03-22 14:39:00,-0.2813367530619644
2020-03-22 14:42:00,-0.4837886977492758
2020-03-22 14:45:00,-0.43544377866686546
2020-03-22 14:48:00,-0.36696041830316517
2020-03-22 14:51:00,-0.48725756344111915
2020-03-22 14:54:00,-0.4666280155262257
2020-03-22 14:57:00,-0.5314443588083577
2020-03-22 15:00:00,-0.3753435751176539
2020-03-22 15:03:00,-0.4240680655695428
2020-03-22 15:06:00,-0.37655424671663695
2020-03-22 15:09:00,-0.4413426811362342
2020-03-22 15:12:00,-0.34054422877960633
2020-03-22 15:15:00,-0.44589193394921267
2020-03-22 15:18:00,-0.41731544555352684
2020-03-22 15:21:00,-0.4480584754892334
2020-03-22 15:24:00,-0.37134159196932615
2020-03-22 15:27:00,-0.4440500996929586
2020-03-22 15:30:00,-0.47643445723360855
2020-03-22 15:33:00,-0.46418335819873846
2020-03-22 15:36:00,-0.41616575806250466
2020-03-22 15:39:00,-0.3672810889084417
2020-03-22 15:42:00,-0.5111604456819236
2020-03-22 15:45:00,-0.4426239007026993
2020-03-22 15:48:00,-0.5031838836062548
2020-03-22 15:51:00,-0.5077926068171905
2020-03-22 15:54:00,-0.7395871792055573
2020-03-22 15:57:00,-0.4315132930182699
2020-03-22 16:00:00,-0.5137525910047884
2020-03-22 16:03:00,-0.47467871326034583
2020-03-22 16:06:00,-0.5231210364326557
2020-03-22 16:09:00,-0.3969881055498945
2020-03-22 16:12:00,-0.3704358241749901
2020-03-22 16:15:00,-0.4179361023984143
2020-03-22 16:18:00,-0.2962912341218953
2020-03-22 16:21:00,-0.4170630338304022
2020-03-22 16:24:00,-0.2738022453061717
2020-03-22 16:27:00,-0.3186537098039821
2020-03-22 16:30:00,-0.34648654255181555
2020-03-22 16:33:00,-0.20760168180680694
2020-03-22 16:36:00,-0.33256478679993506
2020-03-22 16:39:00,-0.4694801013293386
2020-03-22 16:42:00,-0.3318403521556661
2020-03-22 16:45:00,-0.3400292328798855
2020-03-22 16:48:00,-0.21250438507979652
2020-03-22 16:51:00,-0.2987629860759853
2020-03-22 16:54:00,-0.24610718023160416
2020-03-22 16:57:00,-0.20579386197982785
2020-03-22 17:00:00,-0.20407118684016723
2020-03-22 17:03:00,-0.26992438776477456
2020-03-22 17:06:00,-0.28128230734398585
2020-03-22 17:09:00,-0.16294869930783307
2020-03-22 17:12:00,-0.142852810437887
2020-03-22 17:15:00,0.03115586563950501
2020-03-22 17:18:00,-0.046511359333862856
2020-03-22 17:21:00,-0.11987843299181122
2020-03-22 17:24:00,-0.08848666766948554
2020-03-22 17:27:00,-0.051086402069074666
2020-03-22 17:30:00,-0.1490626964994135
2020-03-22 17:33:00,-0.033291309091055155
2020-03-22 17:36:00,-0.08410887134175482
2020-03-22 17:39:00,-0.09670320904939445
2020-03-22 17:42:00,-0.03450879386127781
2020-03-22 17:45:00,-0.16189821729727782
2020-03-22 17:48:00,-0.18087949912973045
2020-03-22 17:51:00,-0.08484294679129789
2020-03-22 17:54:00,-0.1695182118873504
2020-03-22 17:57:00,-0.10389680277489788
2020-03-22 18:00:00,-0.12564830010688866
2020-03-22 18:03:00,-0.2887625361428263
2020-03-22 18:06:00,-0.17346004034698126
2020-03-22 18:09:00,-0.08096795434914839
2020-03-22 18:12:00,-0.08536308735699549
2020-03-22 18:15:00,-0.16275202015884815
2020-03-22 18:18:00,-0.02762806053613076
2020-03-22 18:21:00,-0.2570446521895633
2020-03-22 18:24:00,-0.04651512339063402
2020-03-22 18:27:00,-0.02309769702230824
2020-03-22 18:30:00,-0.17474535755940224
2020-03-22 18:33:00,-0.003997159958259999
2020-03-22 18:36:00,-0.11362727800104722
2020-03-22 18:39:00,-0.1011928761797094
2020-03-22 18:42:00,-0.014400597735459542
2020-03-22 18:45:00,-0.04418615458644126
2020-03-22 18:48:00,-0.0629084773185582
2020-03-22 18:51:00,-0.04971301696309638
2020-03-22 18:54:00,
2020-03-22 18:57:00,
2020-03-22 19:00:00,
2020-03-22 19:03:00,0.18627157662984928
2020-03-22 19:06:00,0.08880713011734542
2020-03-22 19:09:00,0.01865424697001572
2020-03-22 19:12:00,0.04461679822753695
2020-03-22 19:15:00,0.009917685608058946
2020-03-22 19:18:00,-0.028151465280416232
2020-03-22 19:21:00,0.1075380370875223
2020-03-22 19:24:00,0.07195392785263266
2020-03-22 19:27:00,0.003375704010068148
2020-03-22 19:30:00,0.2023864773460673
2020-03-22 19:33:00,0.18573554075857146
2020-03-22 19:36:00,0.0026741909570091593
2020-03-22 19:39:00,0.04239383918701378
2020-03-22 19:42:00,0.255814325534061
2020-03-22 19:45:00,0.04120079446511227
2020-03-22 19:48:00,-0.06521521659510654
2020-03-22 19:51:00,-0.10847698747403456
2020-03-22 19:54:00,0.10212139627668648
2020-03-22 19:57:00,0.04547360943831791
2020-03-22 20:00:00,0.08634880097991982
2020-03-22 20:03:00,0.18965204506991995
2020-03-22 20:06:00,0.06326821147433748
2020-03-22 20:09:00,0.141009370702875
2020-03-22 20:12:00,0.17873686791529053
2020-03-22 20:15:00,-0.0011593833917800112
2020-03-22 20:18:00,0.17963323310652868
2020-03-22 20:21:00,0.2504437338778871
2020-03-22 20:24:00,0.12953211291875277
2020-03-22 20:27:00,0.13304357595552574
2020-03-22 20:30:00,0.12349929040243524
2020-03-22 20:33:00,0.1700587042342363
2020-03-22 20:36:00,0.24409223472912345
2020-03-22 20:39:00,0.21734007539390632
2020-03-22 20:42:00,0.25164905665940296
2020-03-22 20:45:00,0.21699264271700258
2020-03-22 20:48:00,0.4465768114912976
2020-03-22 20:51:00,0.30106078794193536
2020-03-22 20:54:00,0.31806333430392897
2020-03-22 20:57:00,0.24668047729835507
2020-03-22 21:00:00,0.3218220170708719
2020-03-22 21:03:00,0.32092493751508755
2020-03-22 21:06:00,0.2530549219794125
2020-03-22 21:09:00,0.25714836774955074
2020-03-22 21:12:00,0.24089971962325762
2020-03-22 21:15:00,0.18077944035889004
2020-03-22 21:18:00,0.20687237273187975
2020-03-22 21:21:00,0.2736454642775925
2020-03-22 21:24:00,0.24882180446576285
2020-03-22 21:27:00,0.15341055010981108
2020-03-22 21:30:00,0.20347770873775062
2020-03-22 21:33:00,0.19635589202323445
2020-03-22 21:36:00,0.25249898648536373
2020-03-22 21:39:00,0.22101461699071479
2020-03-22 21:42:00,0.25979573289265545
2020-03-22 21:45:00,0.1315135823644482
2020-03-22 21:48:00,0.16515831477852316
2020-03-22 21:51:00,0.12208104083384796
2020-03-22 21:54:00,0.23261070821752128
2020-03-22 21:57:00,0.18169619896809763
2020-03-22 22:00:00,0.2209480324417541
2020-03-22 22:03:00,0.4496591876483649
2020-03-22 22:06:00,0.4104284279982835
2020-03-22 22:09:00,0.17538349171661594
2020-03-22 22:12:00,0.14716905765993715
2020-03-22 22:15:00,0.1543939346971115
2020-03-22 22:18:00,0.22724634104918096
2020-03-22 22:21:00,0.24802175001644855
2020-03-22 22:24:00,0.2314832978894401
2020-03-22 22:27:00,0.29048079715539643
2020-03-22 22:30:00,0.31944132976855144
2020-03-22 22:33:00,0.3271598822250894
2020-03-22 22:36:00,0.33302916313863307
2020-03-22 22:39:00,0.4686926835198051
2020-03-22 22:42:00,0.46265776860019514
2020-03-22 22:45:00,0.4430339809155157
2020-03-22 22:48:00,0.3470052089937212
2020-03-22 22:51:00,0.33179519074718655
2020-03-22 22:54:00,0.46264820541273366
2020-03-22 22:57:00,0.40131332858618407
2020-03-22 23:00:00,0.28034906619274125
2020-03-22 23:03:00,0.21517313244487468
2020-03-22 23:06:00,0.18480865771834942
2020-03-22 23:09:00,0.3540565838467842
2020-03-22 23:12:00,0.4351216693401625
2020-03-22 23:15:00,0.2766462214519265
2020-03-22 23:18:00,0.23431967038726498
2020-03-22 23:21:00,0.20647199378782943
2020-03-22 23:24:00,0.2709721471690614
2020-03-22 23:27:00,0.2398838790355171
2020-03-22 23:30:00,0.29701873753822383
2020-03-22 23:33:00,0.3389068599896632
2020-03-22 23:36:00,0.3986590376712229
2020-03-22 23:39:00,0.29367955715554217
2020-03-22 23:42:00,0.1910935472422466
2020-03-22 23:45:00,0.34067525616859484
2020-03-22 23:48:00,0.1905704617352626
2020-03-22 23:51:00,0.20079972543237545
2020-03-22 23:54:00,0.31820645187252694
2020-03-22 23:57:00,0.35895129317725605
2020-03-23 00:00:00,0.26617330440285514
2020-03-23 00:03:00,0.27158231236415986
2020-03-23 00:06:00,0.34817691229784486
2020-03-23 00:09:00,0.23499849610402634
2020-03-23 00:12:00,0.23762122964620858
2020-03-23 00:15:00,0.34074892127694056
2020-03-23 00:18:00,0.23698195475742523
2020-03-23 00:21:00,0.2978343607655347
2020-03-23 00:24:00,0.2591369215988948
2020-03-23 00:27:00,0.18652763349484758
2020-03-23 00:30:00,0.2754331807542485
2020-03-23 00:33:00,0.251861368737309
2020-03-23 00:36:00,0.14410882111809542
2020-03-23 00:39:00,0.09722120838347337
2020-03-23 00:42:00,0.05827235561946509
2020-03-23 00:45:00,0.08871281389536989
2020-03-23 00:48:00,0.04438146409273713
2020-03-23 00:51:00,0.06309643123120168
2020-03-23 00:54:00,0.13916760208792311
2020-03-23 00:57:00,0.2243821905365735
2020-03-23 01:00:00,0.19665799996641908
2020-03-23 01:03:00,0.11655756935653017
2020-03-23 01:06:00,0.19696746456008896
2020-03-23 01:09:00,0.301609960645294
2020-03-23 01:12:00,0.33622039300433926
2020-03-23 01:15:00,0.23689672732933786
2020-03-23 01:18:00,0.24635181239773374
2020-03-23 01:21:00,0.2941044084332134
2020-03-23 01:24:00,0.26296152488578173
2020-03-23 01:27:00,0.2268263180840222
2020-03-23 01:30:00,0.324542757402412
2020-03-23 01:33:00,0.26884149325746876
2020-03-23 01:36:00,0.30017373279298454
2020-03-23 01:39:00,0.25653269042680904
2020-03-23 01:42:00,0.188907494223713
2020-03-23 01:45:00,0.26258202837476574
2020-03-23 01:48:00,0.21818418121847571
2020-03-23 01:51:00,0.2802478744150676
2020-03-23 01:54:00,0.2131894018134517
2020-03-23 01:57:00,0.27566357854334456
2020-03-23 02:00:00,0.2635544292258487
2020-03-23 02:03:00,0.2502687574934157
2020-03-23 02:06:00,0.3323320216889556
2020-03-23 02:09:00,0.2546756967573742
2020-03-23 02:12:00,0.29988427358182435
2020-03-23 02:15:00,0.22340653165497315
2020-03-23 02:18:00,0.22164560210683248
2020-03-23 02:21:00,0.27679287499972816
2020-03-23 02:24:00,0.3652545395041784
2020-03-23 02:27:00,0.19276570392503345
2020-03-23 02:30:00,0.24342058225073515
2020-03-23 02:33:00,0.18581567790459985
2020-03-23 02:36:00,0.15462212161128264
2020-03-23 02:39:00,0.2770727348003561
2020-03-23 02:42:00,0.30792105887536536
2020-03-23 02:45:00,0.35848684065331327
2020-03-23 02:48:00,0.28979776518519884
2020-03-23 02:51:00,0.38208755157637597
2020-03-23 02:54:00,0.33578594940178164
2020-03-23 02:57:00,0.3424080117443964
2020-03-23 03:00:00,0.30804688724492735
2020-03-23 03:03:00,0.32622695109876076
2020-03-23 03:06:00,0.28144842322654995
2020-03-23 03:09:00,0.25650729826168117
2020-03-23 03:12:00,0.21373402917146223
2020-03-23 03:15:00,0.31317414977354474
2020-03-23 03:18:00,0.3603577381081777
2020-03-23 03:21:00,0.30935149072769264
2020-03-23 03:24:00,0.2613899911316935
2020-03-23 03:27:00,0.3862444359249366
2020-03-23 03:30:00,0.283553937000363
2020-03-23 03:33:00,0.28835989250256944
2020-03-23 03:36:00,0.2623521148137229
2020-03-23 03:39:00,0.32946652491688155
2020-03-23 03:42:00,0.37206292438958144
2020-03-23 03:45:00,0.36058171064320277
2020-03-23 03:48:00,0.3539605415435858
2020-03-23 03:51:00,0.3158010945063552
2020-03-23 03:54:00,0.2407745522280038
2020-03-23 03:57:00,0.3487989140545551
2020-03-23 04:00:00,0.3005371388183562
2020-03-23 04:03:00,0.3244874554338253
2020-03-23 04:06:00,0.32385733553854834
2020-03-23 04:09:00,0.332519921261337
2020-03-23 04:12:00,0.3512285291364492
2020-03-23 04:15:00,0.29375812703540305
2020-03-23 04:18:00,0.3516250157952072
2020-03-23 04:21:00,0.3251822579924806
2020-03-23 04:24:00,0.4191065537735881
2020-03-23 04:27:00,0.41374910251323627
2020-03-23 04:30:00,0.3683366036993334
2020-03-23 04:33:00,0.31535965049477
2020-03-23 04:36:00,0.31297000459011315
2020-03-23 04:39:00,0.37893613382709646
2020-03-23 04:42:00,0.3037043700191475
2020-03-23 04:45:00,0.29214500277976185
2020-03-23 04:48:00,0.30307798798895647
2020-03-23 04:51:00,0.3868687140070506
2020-03-23 04:54:00,0.34957111345812564
2020-03-23 04:57:00,0.2364364828804355
2020-03-23 05:00:00,0.3379180710107903
2020-03-23 05:03:00,0.25255579791109994
2020-03-23 05:06:00,0.27253896259782096
2020-03-23 05:09:00,0.26356643363925514
2020-03-23 05:12:00,0.2926471130758159
2020-03-23 05:15:00,0.23013600225829123
2020-03-23 05:18:00,0.24683036774541733
2020-03-23 05:21:00,0.33007735061568155
2020-03-23 05:24:00,0.303394734365952
2020-03-23 05:27:00,0.2408446477215307
2020-03-23 05:30:00,0.29481761685468655
2020-03-23 05:33:00,0.21413119636787314
2020-03-23 05:36:00,0.3669896150731802
2020-03-23 05:39:00,0.2716163261457609
2020-03-23 05:42:00,0.2747488960958435
2020-03-23 05:45:00,0.3108769767280819
2020-03-23 05:48:00,0.19349075789477865
2020-03-23 05:51:00,0.2644078782540191
2020-03-23 05:54:00,0.26721309103891144
2020-03-23 05:57:00,0.29097644116700394
2020-03-23 06:00:00,0.2472117199592958
2020-03-23 06:03:00,0.26539413516883315
2020-03-23 06:06:00,0.2693918182642392
2020-03-23 06:09:00,0.27163590451272057
2020-03-23 06:12:00,0.26237062335610517
2020-03-23 06:15:00,0.32331517657968334
2020-03-23 06:18:00,0.28780122847098255
2020-03-23 06:21:00,0.31554043849843083
2020-03-23 06:24:00,0.3058550356853402
2020-03-23 06:27:00,0.28212409086251
2020-03-23 06:30:00,0.257266678938322
2020-03-23 06:33:00,0.3531139239086656
2020-03-23 06:36:00,0.2571073256695513
2020-03-23 06:39:00,0.3315756784580799
2020-03-23 06:42:00,0.4173900007438647
2020-03-23 06:45:00,0.2852033091394901
2020-03-23 06:48:00,0.29878739396116316
2020-03-23 06:51:00,0.3769043437636128
2020-03-23 06:54:00,0.28053102210554925
2020-03-23 06:57:00,0.35717487564647854
2020-03-23 07:00:00,0.2725920005003104
2020-03-23 07:03:00,0.32127171346968453
2020-03-23 07:06:00,0.2884407279466359
2020-03-23 07:09:00,0.33306001804913876
2020-03-23 07:12:00,0.3468005662064684
2020-03-23 07:15:00,0.20466808600099284
2020-03-23 07:18:00,0.32474221237390566
2020-03-23 07:21:00,0.2688994418975881
2020-03-23 07:24:00,0.22087953260307813
2020-03-23 07:27:00,0.24405795816988984
2020-03-23 07:30:00,0.2695929268800228
2020-03-23 07:33:00,0.2953897909724219
2020-03-23 07:36:00,0.26294999853695344
2020-03-23 07:39:00,0.29305138004650644
2020-03-23 07:42:00,0.34686738907464587
2020-03-23 07:45:00,0.24452609025649963
2020-03-23 07:48:00,0.2881990014212761
2020-03-23 07:51:00,0.3790911861074733
2020-03-23 07:54:00,0.24171885771897905
2020-03-23 07:57:00,0.32976725924515904
2020-03-23 08:00:00,0.2500242033750055
2020-03-23 08:03:00,0.28136767740494406
2020-03-23 08:06:00,0.2838711729448846
2020-03-23 08:09:00,0.23609408782277796
2020-03-23 08:12:00,0.24115363666402345
2020-03-23 08:15:00,0.22377425193485578
2020-03-23 08:18:00,0.177216303348132
2020-03-23 08:21:00,0.24971441927874594
2020-03-23 08:24:00,0.15955495155964172
2020-03-23 08:27:00,0.22842678303896946
2020-03-23 08:30:00,0.09607589440270203
2020-03-23 08:33:00,0.119093700590156
2020-03-23 08:36:00,0.20332339391245569
2020-03-23 08:39:00,0.14643187655298107
2020-03-23 08:42:00,0.23979883112957623
2020-03-23 08:45:00,0.1038222888731184
2020-03-23 08:48:00,0.09788325650475826
2020-03-23 08:51:00,0.23858943639430663
2020-03-23 08:54:00,0.20297541326016244
2020-03-23 08:57:00,0.051227866475926476
2020-03-23 09:00:00,0.1243371375402944
2020-03-23 09:03:00,0.044714229775706826
2020-03-23 09:06:00,0.10478546677427403
2020-03-23 09:09:00,0.2115590841524977
2020-03-23 09:12:00,0.054325270272045145
2020-03-23 09:15:00,-0.05388311209355834
2020-03-23 09:18:00,0.13969426491877357
2020-03-23 09:21:00,0.1414708600896688
2020-03-23 09:24:00,0.03165485337831342
2020-03-23 09:27:00,0.09767825245933182
2020-03-23 09:30:00,-0.009767127006455212
2020-03-23 09:33:00,0.04290965235264821
2020-03-23 09:36:00,0.14113108257998874
2020-03-23 09:39:00,-0.02840977028836278
2020-03-23 09:42:00,-0.07714073201759675
2020-03-23 09:45:00,0.0279382861425006
2020-03-23 09:48:00,-0.007391568496814216
2020-03-23 09:51:00,0.02284705608559534
2020-03-23 09:54:00,-0.01907151208393998
2020-03-23 09:57:00,-0.004058350705122393
2020-03-23 10:00:00,-0.04567296922607511
2020-03-23 10:03:00,-0.09756391601928271
2020-03-23 10:06:00,-0.12102363918859282
2020-03-23 10:09:00,-0.05640486879769924
2020-03-23 10:12:00,-0.08579016311693977
2020-03-23 10:15:00,0.028609644987739102
2020-03-23 10:18:00,-0.1298300795061209
2020-03-23 10:21:00,-0.11281953695805669
2020-03-23 10:24:00,-0.07397722263516471
2020-03-23 10:27:00,-0.1338481358695276
2020-03-23 10:30:00,-0.13000930824620127
2020-03-23 10:33:00,-0.03060542243758846
2020-03-23 10:36:00,-0.020148769892330165
2020-03-23 10:39:00,-0.013230159886063575
2020-03-23 10:42:00,-0.07905239126625929
2020-03-23 10:45:00,-0.05794936973120457
2020-03-23 10:48:00,-0.0067984278360881945
2020-03-23 10:51:00,0.013304312389493589
2020-03-23 10:54:00,-0.08632056587322268
2020-03-23 10:57:00,-0.08086474449913794
2020-03-23 11:00:00,-0.02557291756647828
2020-03-23 11:03:00,-0.012509773394185686
2020-03-23 11:06:00,-0.08527203023993479
2020-03-23 11:09:00,-0.014249990606060692
2020-03-23 11:12:00,-0.08381868567443007
2020-03-23 11:15:00,-0.045930444680834626
2020-03-23 11:18:00,-0.04875720084544355
2020-03-23 11:21:00,-0.04970077584721366
2020-03-23 11:24:00,-0.08467722766124552
2020-03-23 11:27:00,-0.15087081019760262
2020-03-23 11:30:00,-0.167154515730374
2020-03-23 11:33:00,-0.11663517739356166
2020-03-23 11:36:00,-0.048671171302771654
2020-03-23 11:39:00,-0.09243674621058062
2020-03-23 11:42:00,-0.08915690279593491
2020-03-23 11:45:00,-0.19033332937056002
2020-03-23 11:48:00,-0.07633925915001782
2020-03-23 11:51:00,-0.1818417868411757
2020-03-23 11:54:00,-0.17529258801266678
2020-03-23 11:57:00,-0.14663550015120563
2020-03-23 12:00:00,-0.17529808787071488
2020-03-23 12:03:00,-0.12414856476624436
2020-03-23 12:06:00,-0.22420886120056593
2020-03-23 12:09:00,-0.34800040821306766
2020-03-23 12:12:00,-0.3275365460169155
2020-03-23 12:15:00,-0.3500664157587039
2020-03-23 12:18:00,-0.23752367659267293
2020-03-23 12:21:00,-0.2881939950300989
2020-03-23 12:24:00,-0.29231429413005117
2020-03-23 12:27:00,-0.2105696461803177
2020-03-23 12:30:00,-0.33461247459484866
2020-03-23 12:33:00,-0.34536076112675573
2020-03-23 12:36:00,-0.2601856897642847
2020-03-23 12:39:00,-0.27868664578056723
2020-03-23 12:42:00,-0.37258992197365615
2020-03-23 12:45:00,-0.2412372440567765
2020-03-23 12:48:00,-0.3027407926232968
2020-03-23 12:51:00,-0.2984749107261564
2020-03-23 12:54:00,-0.3329537018094584
2020-03-23 12:57:00,-0.2721980492373177
2020-03-23 13:00:00,-0.2639525094155033
2020-03-23 13:03:00,-0.2318447295726287
2020-03-23 13:06:00,-0.3319362947157174
2020-03-23 13:09:00,-0.41144464069884634
2020-03-23 13:12:00,-0.3515764790056437
2020-03-23 13:15:00,-0.38232170496547724
2020-03-23 13:18:00,-0.3392124916081798
2020-03-23 13:21:00,-0.36922888437271695
2020-03-23 13:24:00,-0.3455936037463516
2020-03-23 13:27:00,-0.3461534370067625
2020-03-23 13:30:00,-0.3718453550085883
2020-03-23 13:33:00,-0.4323743501004742
2020-03-23 13:36:00,-0.3143325395230363
2020-03-23 13:39:00,-0.39368847409190266
2020-03-23 13:42:00,-0.3556543960425529
2020-03-23 13:45:00,-0.43959421800593645
2020-03-23 13:48:00,-0.3814968812660027
2020-03-23 13:51:00,-0.3769285438215775
2020-03-23 13:54:00,-0.4217332341241331
2020-03-23 13:57:00,-0.3528723486439276
2020-03-23 14:00:00,-0.5099570048582223
2020-03-23 14:03:00,-0.3835036211962688
2020-03-23 14:06:00,-0.2960092675498345
2020-03-23 14:09:00,-0.327725020522621
2020-03-23 14:12:00,-0.45873127763661614
2020-03-23 14:15:00,-0.35893372738553353
2020-03-23 14:18:00,-0.4367267503507719
2020-03-23 14:21:00,-0.4223382263363078
2020-03-23 14:24:00,-0.32099181325634163
2020-03-23 14:27:00,-0.3961424438011818
2020-03-23 14:30:00,-0.3787197883294766
2020-03-23 14:33:00,-0.4971388888421302
2020-03-23 14:36:00,-0.28725932774131024
2020-03-23 14:39:00,-0.38123028289282956
2020-03-23 14:42:00,-0.4538422306096095
2020-03-23 14:45:00,-0.4968413664901732
2020-03-23 14:48:00,-0.4956098989553652
2020-03-23 14:51:00,-0.3393153673249003
2020-03-23 14:54:00,-0.18314197226368378
2020-03-23 14:57:00,-0.24580417379507935
2020-03-23 15:00:00,-0.3241765545400881
2020-03-23 15:03:00,-0.28424685285096984
2020-03-23 15:06:00,-0.3284213440338135
2020-03-23 15:09:00,-0.23615124628020112
2020-03-23 15:12:00,-0.2121085732714505
2020-03-23 15:15:00,-0.060362221769992175
2020-03-23 15:18:00,-0.21760803408545826
2020-03-23 15:21:00,-0.18028155264545376
2020-03-23 15:24:00,-0.15280655515311992
2020-03-23 15:27:00,-0.2497383993453468
2020-03-23 15:30:00,-0.19905015087363154
2020-03-23 15:33:00,-0.17668362382266878
2020-03-23 15:36:00,-0.1632291841707456
2020-03-23 15:39:00,-0.29376748426153654
2020-03-23 15:42:00,-0.10371219905215412
2020-03-23 15:45:00,-0.0787610999632875
2020-03-23 15:48:00,-0.15400937362437617
2020-03-23 15:51:00,-0.20670416444187367
2020-03-23 15:54:00,-0.1811198027837122
2020-03-23 15:57:00,-0.20728508061728235
2020-03-23 16:00:00,-0.1814123631202733
2020-03-23 16:03:00,-0.12519705015336058
2020-03-23 16:06:00,-0.16952481080033976
2020-03-23 16:09:00,-0.028968150728417186
2020-03-23 16:12:00,-0.018887744547441798
2020-03-23 16:15:00,-0.2085345355252457
2020-03-23 16:18:00,-0.2106977729594064
2020-03-23 16:21:00,-0.1947620722731358
2020-03-23 16:24:00,-0.1772123078030745
2020-03-23 16:27:00,-0.1743780285860339
2020-03-23 16:30:00,-0.16424021592899862
2020-03-23 16:33:00,-0.27033927297202354
2020-03-23 16:36:00,-0.1713766030907209
2020-03-23 16:39:00,0.022803152714345742
2020-03-23 16:42:00,-0.029998651115420216
2020-03-23 16:45:00,0.04286671047537993
2020-03-23 16:48:00,-0.04974060898251764
2020-03-23 16:51:00,-0.02958359895154672
2020-03-23 16:54:00,0.024030209402553737
2020-03-23 16:57:00,-0.034480269706648414
2020-03-23 17:00:00,-0.1102960662994974
2020-03-23 17:03:00,0.0018046596343879173
2020-03-23 17:06:00,0.10640407346136271
2020-03-23 17:09:00,-0.030683543321060824
2020-03-23 17:12:00,-0.052821608798183206
2020-03-23 17:15:00,-0.12173721621303457
2020-03-23 17:18:00,-0.018555717355411616
2020-03-23 17:21:00,-0.1916054468832158
2020-03-23 17:24:00,-0.1413348309862954
2020-03-23 17:27:00,-0.18224088734052657
2020-03-23 17:30:00,-0.11245044662808823
2020-03-23 17:33:00,-0.2896581998452916
2020-03-23 17:36:00,-0.05861869468111536
2020-03-23 17:39:00,-0.1069022866014393
2020-03-23 17:42:00,-0.16754474019444388
2020-03-23 17:45:00,-0.16236892918050216
2020-03-23 17:48:00,-0.24681965798470173
2020-03-23 17:51:00,-0.09085131950968162
2020-03-23 17:54:00,-0.2139637358390587
2020-03-23 17:57:00,-0.1816748274212614
2020-03-23 18:00:00,-0.15136389480267098
2020-03-23 18:03:00,-0.15586634401574884
2020-03-23 18:06:00,-0.17586605051360493
2020-03-23 18:09:00,-0.18636854592477903
2020-03-23 18:12:00,-0.19674916312237656
2020-03-23 18:15:00,-0.12391301450031733
2020-03-23 18:18:00,-0.22091008560857972
2020-03-23 18:21:00,-0.19215390405224753
2020-03-23 18:24:00,-0.07937791695161422
2020-03-23 18:27:00,-0.12115435259795504
2020-03-23 18:30:00,-0.16451311749892739
2020-03-23 18:33:00,-0.15490350123411645
2020-03-23 18:36:00,-0.09252034104065388
2020-03-23 18:39:00,-0.08161651322211583
2020-03-23 18:42:00,-0.12950139631703905
2020-03-23 18:45:00,-0.1874282280028865
2020-03-23 18:48:00,-0.07164377126076715
2020-03-23 18:51:00,-0.17270347272648223
2020-03-23 18:54:00,
2020-03-23 18:57:00,
2020-03-23 19:00:00,
2020-03-23 19:03:00,-0.18549657398671116
2020-03-23 19:06:00,0.09097319839150941
2020-03-23 19:09:00,-0.05836769658890262
2020-03-23 19:12:00,-0.09226537324605033
2020-03-23 19:15:00,-0.061275634923333655
2020-03-23 19:18:00,-0.0946310966346573
2020-03-23 19:21:00,-0.08797724576277233
2020-03-23 19:24:00,-0.06326010270487359
2020-03-23 19:27:00,0.012249204784268386
2020-03-23 19:30:00,-0.02603368851941923
2020-03-23 19:33:00,-0.11523150430042506
2020-03-23 19:36:00,-0.0759020766362255
2020-03-23 19:39:00,0.03450111760713526
2020-03-23 19:42:00,-0.011903500469315986
2020-03-23 19:45:00,0.03622804876744112
2020-03-23 19:48:00,-0.03440687472902937
2020-03-23 19:51:00,-0.0413175310413294
2020-03-23 19:54:00,-0.013822640917453555
2020-03-23 19:57:00,-0.12430457007167206
2020-03-23 20:00:00,0.08125526307276232
2020-03-23 20:03:00,0.0011714398242475
2020-03-23 20:06:00,-0.07910568183990563
2020-03-23 20:09:00,-0.037537363725562045
2020-03-23 20:12:00,0.04636469764517415
2020-03-23 20:15:00,-0.03476384796590537
2020-03-23 20:18:00,-0.07602535848883463
2020-03-23 20:21:00,0.11692928095192201
2020-03-23 20:24:00,-0.012664262618386601
2020-03-23 20:27:00,0.09460037788704767
2020-03-23 20:30:00,0.09737592561157271
2020-03-23 20:33:00,0.011034944783375522
2020-03-23 20:36:00,0.04201487629086387
2020-03-23 20:39:00,0.04832567812167099
2020-03-23 20:42:00,0.1115806462765363
2020-03-23 20:45:00,0.04808478605502842
2020-03-23 20:48:00,0.09172620985862068
2020-03-23 20:51:00,-0.002357909372449285
2020-03-23 20:54:00,0.09047415068454256
2020-03-23 20:57:00,-0.0633423441947798
2020-03-23 21:00:00,-0.0443488181003886
2020-03-23 21:03:00,0.13785143417129575
2020-03-23 21:06:00,-0.01860239658088858
2020-03-23 21:09:00,0.023851040790134448
2020-03-23 21:12:00,0.06052315532156172
2020-03-23 21:15:00,0.010219216741688797
2020-03-23 21:18:00,-0.04445427390419354
2020-03-23 21:21:00,0.061535919161087804
2020-03-23 21:24:00,-0.0026267700962989693
2020-03-23 21:27:00,0.029561379706535718
2020-03-23 21:30:00,0.076721915603855
2020-03-23 21:33:00,0.013134317758726866
2020-03-23 21:36:00,0.012130059349146904
2020-03-23 21:39:00,0.11523647432028383
2020-03-23 21:42:00,0.0004492780264513385
2020-03-23 21:45:00,0.1783210470624681
2020-03-23 21:48:00,0.07374347954367977
2020-03-23 21:51:00,0.03953774160675039
2020-03-23 21:54:00,0.13310609743990653
2020-03-23 21:57:00,0.1234709011545192
2020-03-23 22:00:00,0.08623556791485498
2020-03-23 22:03:00,0.024658482920983715
2020-03-23 22:06:00,0.10545711918791767
2020-03-23 22:09:00,0.09479934286633807
2020-03-23 22:12:00,0.06639068885260713
2020-03-23 22:15:00,0.030590499313291275
2020-03-23 22:18:00,0.06488739354546169
2020-03-23 22:21:00,0.18613742349492668
2020-03-23 22:24:00,0.0479644407018327
2020-03-23 22:27:00,0.06363463298589522
2020-03-23 22:30:00,0.10096059472260777
2020-03-23 22:33:00,-0.029651098131864728
2020-03-23 22:36:00,0.06668495789762119
2020-03-23 22:39:00,0.010322285730637759
2020-03-23 22:42:00,0.029075615273654876
2020-03-23 22:45:00,-0.011439630733548256
2020-03-23 22:48:00,-0.007688330645123642
2020-03-23 22:51:00,-0.012068867021980623
2020-03-23 22:54:00,0.03445778750176487
2020-03-23 22:57:00,0.02754043488141633
2020-03-23 23:00:00,0.011402308725905641
2020-03-23 23:03:00,0.13121211777405506
2020-03-23 23:06:00,0.053733344934869365
2020-03-23 23:09:00,0.014736078199177882
2020-03-23 23:12:00,0.1196979866990091
2020-03-23 23:15:00,0.10140183295840188
2020-03-23 23:18:00,0.05992288051874084
2020-03-23 23:21:00,0.10683019673433591
2020-03-23 23:24:00,0.09458459936337249
2020-03-23 23:27:00,0.11882147586561587
2020-03-23 23:30:00,0.1020689349010695
2020-03-23 23:33:00,0.060188314439017176
2020-03-23 23:36:00,0.20451427496527685
2020-03-23 23:39:00,0.14137208589869488
2020-03-23 23:42:00,0.19631355285781638
2020-03-23 23:45:00,0.11540443479651685
2020-03-23 23:48:00,0.10922369445256663
2020-03-23 23:51:00,0.13275928469238352
2020-03-23 23:54:00,0.2018401674102961
2020-03-23 23:57:00,0.20611341632303493
2020-03-24 00:00:00,0.21481031937179296
2020-03-24 00:03:00,0.1656489355785311
2020-03-24 00:06:00,0.08666366081331489
2020-03-24 00:09:00,0.22285011104480645
2020-03-24 00:12:00,0.02111290545991551
2020-03-24 00:15:00,0.1871512577405383
2020-03-24 00:18:00,0.16027616511939868
2020-03-24 00:21:00,0.13370332041017718
2020-03-24 00:24:00,0.08461331623362867
2020-03-24 00:27:00,0.06871197549156705
2020-03-24 00:30:00,0.0579197354006169
2020-03-24 00:33:00,0.1291963338491655
2020-03-24 00:36:00,0.1392984039813996
2020-03-24 00:39:00,0.06940222615219227
2020-03-24 00:42:00,0.1260607527365778
2020-03-24 00:45:00,0.07776009362601144
2020-03-24 00:48:00,0.07768043879735842
2020-03-24 00:51:00,0.04458756172817857
2020-03-24 00:54:00,0.14926602604577965
2020-03-24 00:57:00,0.1115338821538785
2020-03-24 01:00:00,0.1594398411944553
2020-03-24 01:03:00,0.14793610398504597
2020-03-24 01:06:00,0.05109734263913879
2020-03-24 01:09:00,0.05989966834704319
2020-03-24 01:12:00,0.0475451091608079
2020-03-24 01:15:00,0.10463384595345815
2020-03-24 01:18:00,0.0797504016397852
2020-03-24 01:21:00,0.15975877253589488
2020-03-24 01:24:00,0.09239886316197499
2020-03-24 01:27:00,0.13317163146996336
2020-03-24 01:30:00,0.080817487310469
2020-03-24 01:33:00,0.19749652793768746
2020-03-24 01:36:00,0.20188313131791347
2020-03-24 01:39:00,0.1741176372819382
2020-03-24 01:42:00,0.1482639519970803
2020-03-24 01:45:00,0.14417667402182133
2020-03-24 01:48:00,0.22732778679028343
2020-03-24 01:51:00,0.19257426759571672
2020-03-24 01:54:00,0.23614899276043388
2020-03-24 01:57:00,0.22200821320342357
2020-03-24 02:00:00,0.243748057649384
2020-03-24 02:03:00,0.2532017523095078
2020-03-24 02:06:00,0.16595786054080008
2020-03-24 02:09:00,0.2551928164489823
2020-03-24 02:12:00,0.2237940402532672
2020-03-24 02:15:00,0.19438699322176944
2020-03-24 02:18:00,0.23664397547662475
2020-03-24 02:21:00,0.1888699219028922
2020-03-24 02:24:00,0.2111205846157418
2020-03-24 02:27:00,0.182053299076415
2020-03-24 02:30:00,0.15320883751968495
2020-03-24 02:33:00,0.19137715725753424
2020-03-24 02:36:00,0.14851884276777128
2020-03-24 02:39:00,0.22005581119981343
2020-03-24 02:42:00,0.17714253808014746
2020-03-24 02:45:00,0.19201373521843834
2020-03-24 02:48:00,0.19141591600799757
2020-03-24 02:51:00,0.25036721198296163
2020-03-24 02:54:00,0.21507483933908134
2020-03-24 02:57:00,0.28592860914824314
2020-03-24 03:00:00,0.23265880091059898
2020-03-24 03:03:00,0.1985433304552089
2020-03-24 03:06:00,0.17910425962162435
2020-03-24 03:09:00,0.1740584720644165
2020-03-24 03:12:00,0.1726064533335716
2020-03-24 03:15:00,0.24500543383993545
2020-03-24 03:18:00,0.20942836298678458
2020-03-24 03:21:00,0.2445168310715644
2020-03-24 03:24:00,0.2666099875636405
2020-03-24 03:27:00,0.29216942732801954
2020-03-24 03:30:00,0.2611955123535381
2020-03-24 03:33:00,0.31466824385256587
2020-03-24 03:36:00,0.30618510946203514
2020-03-24 03:39:00,0.21478347247358442
2020-03-24 03:42:00,0.22586427650412588
2020-03-24 03:45:00,0.25939657775421665
2020-03-24 03:48:00,0.20312763420417923
2020-03-24 03:51:00,0.31084438440598205
2020-03-24 03:54:00,0.3501062780302959
2020-03-24 03:57:00,0.23853126275270142
2020-03-24 04:00:00,0.24128232069409705
2020-03-24 04:03:00,0.20841438622073838
2020-03-24 04:06:00,0.20299392741844713
2020-03-24 04:09:00,0.25219118043224853
2020-03-24 04:12:00,0.23905635827560445
2020-03-24 04:15:00,0.27789688545146873
2020-03-24 04:18:00,0.2888898272317988
2020-03-24 04:21:00,0.31824290930654797
2020-03-24 04:24:00,0.32446663580026325
2020-03-24 04:27:00,0.20870824963964196
2020-03-24 04:30:00,0.27206074966295546
2020-03-24 04:33:00,0.29847021204153634
2020-03-24 04:36:00,0.29896739749557355
2020-03-24 04:39:00,0.2151822332635902
2020-03-24 04:42:00,0.2439814563613254
2020-03-24 04:45:00,0.24839134736993174
2020-03-24 04:48:00,0.18754091718591326
2020-03-24 04:51:00,0.3010832598576485
2020-03-24 04:54:00,0.23208336969111087
2020-03-24 04:57:00,0.30093742285856706
2020-03-24 05:00:00,0.28786174948271537
2020-03-24 05:03:00,0.3058337115744507
2020-03-24 05:06:00,0.30970167680561644
2020-03-24 05:09:00,0.3033113986144258
2020-03-24 05:12:00,0.35692402361001996
2020-03-24 05:15:00,0.23624606674718507
2020-03-24 05:18:00,0.35202835245667075
2020-03-24 05:21:00,0.3400768597470005
2020-03-24 05:24:00,0.26485735390303944
2020-03-24 05:27:00,0.3312369828150281
2020-03-24 05:30:00,0.3611623337798733
2020-03-24 05:33:00,0.28151358873060417
2020-03-24 05:36:00,0.3722622716893511
2020-03-24 05:39:00,0.30945636869142845
2020-03-24 05:42:00,0.24951975489449296
2020-03-24 05:45:00,0.2856215534126818
2020-03-24 05:48:00,0.29360965963530816
2020-03-24 05:51:00,0.27663735963159297
2020-03-24 05:54:00,0.3286486494635028
2020-03-24 05:57:00,0.3336946164825463
2020-03-24 06:00:00,0.250477136642246
2020-03-24 06:03:00,0.26320643470739924
2020-03-24 06:06:00,0.36620812212953524
2020-03-24 06:09:00,0.30498473917219826
2020-03-24 06:12:00,0.25815500565835237
2020-03-24 06:15:00,0.3442718335924724
2020-03-24 06:18:00,0.3493429445977654
2020-03-24 06:21:00,0.3577191325220497
2020-03-24 06:24:00,0.31775230327275494
2020-03-24 06:27:00,0.40600477822295034
2020-03-24 06:30:00,0.3203278894650339
2020-03-24 06:33:00,0.38790483462889824
2020-03-24 06:36:00,0.3614567831291424
2020-03-24 06:39:00,0.2897640152525014
2020-03-24 06:42:00,0.41569420218610276
2020-03-24 06:45:00,0.3564830141299353
2020-03-24 06:48:00,0.3993847909405872
2020-03-24 06:51:00,0.3677761328552265
2020-03-24 06:54:00,0.3737021533162874
2020-03-24 06:57:00,0.3005771374322421
2020-03-24 07:00:00,0.3137887011383782
2020-03-24 07:03:00,0.3457228211320853
2020-03-24 07:06:00,0.21773288914539535
2020-03-24 07:09:00,0.31739450957348936
2020-03-24 07:12:00,0.27690707456059727
2020-03-24 07:15:00,0.3749022734133973
2020-03-24 07:18:00,0.29155002715503997
2020-03-24 07:21:00,0.24608884270907083
2020-03-24 07:24:00,0.24571911418775017
2020-03-24 07:27:00,0.2905601425322857
2020-03-24 07:30:00,0.2734654931264231
2020-03-24 07:33:00,0.3063083108795581
2020-03-24 07:36:00,0.29019810341532093
2020-03-24 07:39:00,0.21103670192104573
2020-03-24 07:42:00,0.26760078495362905
2020-03-24 07:45:00,0.2780828872715233
2020-03-24 07:48:00,0.32906959479464604
2020-03-24 07:51:00,0.26522255106641524
2020-03-24 07:54:00,0.30890120677850064
2020-03-24 07:57:00,0.18337482047161302
2020-03-24 08:00:00,0.20406300470887118
2020-03-24 08:03:00,0.29957752728881815
2020-03-24 08:06:00,0.35173723912038213
2020-03-24 08:09:00,0.42744643162626517
2020-03-24 08:12:00,0.36225335623186083
2020-03-24 08:15:00,0.3099786704651706
2020-03-24 08:18:00,0.32314285404504517
2020-03-24 08:21:00,0.31849614124496384
2020-03-24 08:24:00,0.31433050013259844
2020-03-24 08:27:00,0.3159446390146172
2020-03-24 08:30:00,0.17475755172728213
2020-03-24 08:33:00,0.21131777753384995
2020-03-24 08:36:00,0.2365490340671954
2020-03-24 08:39:00,0.24555780496109492
2020-03-24 08:42:00,0.2253773696980943
2020-03-24 08:45:00,0.10327302344205691
2020-03-24 08:48:00,0.2211784937876473
2020-03-24 08:51:00,0.17305023614932225
2020-03-24 08:54:00,0.2729071504590479
2020-03-24 08:57:00,0.328152763363903
2020-03-24 09:00:00,0.16224018493488757
2020-03-24 09:03:00,0.2091624408686812
2020-03-24 09:06:00,0.21930700478765175
2020-03-24 09:09:00,0.19724103723751796
2020-03-24 09:12:00,0.12040756748018566
2020-03-24 09:15:00,0.12536365289503237
2020-03-24 09:18:00,0.1089104730812096
2020-03-24 09:21:00,0.09572597417411544
2020-03-24 09:24:00,0.13322914502185768
2020-03-24 09:27:00,0.21052304409215594
2020-03-24 09:30:00,0.03746784058745334
2020-03-24 09:33:00,0.1372654169591101
2020-03-24 09:36:00,0.09254196286786964
2020-03-24 09:39:00,0.1187076298441525
2020-03-24 09:42:00,-0.015529878817972076
2020-03-24 09:45:00,0.017991027450420916
2020-03-24 09:48:00,0.11537774684558144
2020-03-24 09:51:00,-0.01554344084109971
2020-03-24 09:54:00,-0.06026517854388658
2020-03-24 09:57:00,-0.05541194497897095
2020-03-24 10:00:00,-0.12553930748509856
2020-03-24 10:03:00,0.01420249442895738
2020-03-24 10:06:00,-0.013871122308501072
2020-03-24 10:09:00,-0.10430966519481899
2020-03-24 10:12:00,-0.07048409335618544
2020-03-24 10:15:00,-0.17562843005129025
2020-03-24 10:18:00,-0.0024604348652133012
2020-03-24 10:21:00,-0.10916255235287053
2020-03-24 10:24:00,-0.07744818563395484
2020-03-24 10:27:00,-0.172181960201101
2020-03-24 10:30:00,-0.17664756144949934
2020-03-24 10:33:00,-0.18231628945284228
2020-03-24 10:36:00,0.04107963344102927
2020-03-24 10:39:00,-0.11348699073647595
2020-03-24 10:42:00,-0.2161258094648133
2020-03-24 10:45:00,-0.10392930436620418
2020-03-24 10:48:00,-0.2072609228484339
2020-03-24 10:51:00,-0.1107532073841071
2020-03-24 10:54:00,-0.1536458800374021
2020-03-24 10:57:00,-0.2270152312235041
2020-03-24 11:00:00,-0.23185696305432657
2020-03-24 11:03:00,-0.09700358282344723
2020-03-24 11:06:00,-0.05005607348783769
2020-03-24 11:09:00,-0.2543917723850768
2020-03-24 11:12:00,-0.14204212698393803
2020-03-24 11:15:00,-0.24654617473004237
2020-03-24 11:18:00,-0.08678258193697275
2020-03-24 11:21:00,-0.2765346371621149
2020-03-24 11:24:00,-0.14914856010517497
2020-03-24 11:27:00,-0.15407752097530647
2020-03-24 11:30:00,-0.17416731993517942
2020-03-24 11:33:00,0.014627684110905648
2020-03-24 11:36:00,-0.011342739568192428
2020-03-24 11:39:00,0.06628993464960331
2020-03-24 11:42:00,0.09011378009262216
2020-03-24 11:45:00,0.10685825165279539
2020-03-24 11:48:00,0.05317974343438436
2020-03-24 11:51:00,0.11886644097654653
2020-03-24 11:54:00,0.01291124823961809
2020-03-24 11:57:00,0.08133826874706074
2020-03-24 12:00:00,0.04137346564471045
2020-03-24 12:03:00,0.06272200501325642
2020-03-24 12:06:00,0.04668689885670574
2020-03-24 12:09:00,0.03861963926510725
2020-03-24 12:12:00,-0.08232923313346419
2020-03-24 12:15:00,-0.17854818052722976
2020-03-24 12:18:00,-0.13481838199146523
2020-03-24 12:21:00,-0.21243613207758472
2020-03-24 12:24:00,-0.2159588082558912
2020-03-24 12:27:00,-0.3215272975364769
2020-03-24 12:30:00,-0.26438389130856876
2020-03-24 12:33:00,-0.24498271304491936
2020-03-24 12:36:00,-0.27197865596264137
2020-03-24 12:39:00,-0.27116746298526095
2020-03-24 12:42:00,-0.30425359047785605
2020-03-24 12:45:00,-0.1554364249111586
2020-03-24 12:48:00,-0.16028457120893336
2020-03-24 12:51:00,-0.0640390283144825
2020-03-24 12:54:00,-0.18908749032419792
2020-03-24 12:57:00,-0.26032087694994743
2020-03-24 13:00:00,-0.11103314102177819
2020-03-24 13:03:00,-0.1272996232333412
2020-03-24 13:06:00,-0.15459830863323987
2020-03-24 13:09:00,-0.1083676806002245
2020-03-24 13:12:00,-0.12232209322309018
2020-03-24 13:15:00,0.021564157511875237
2020-03-24 13:18:00,0.01102305282722682
2020-03-24 13:21:00,-0.013471059233097549
2020-03-24 13:24:00,-0.004683295032350543
2020-03-24 13:27:00,-0.10272556416015277
2020-03-24 13:30:00,-0.09817330275120639
2020-03-24 13:33:00,-0.20536204457101803
2020-03-24 13:36:00,-0.0020355084785705913
2020-03-24 13:39:00,-0.08216785190609244
2020-03-24 13:42:00,-0.01895787441065977
2020-03-24 13:45:00,-0.027766385528309456
2020-03-24 13:48:00,-0.003360267270238637
2020-03-24 13:51:00,-0.16631286855255212
2020-03-24 13:54:00,-0.1715297015121564
2020-03-24 13:57:00,-0.19200343770870631
2020-03-24 14:00:00,-0.08242351050614616
2020-03-24 14:03:00,-0.10690636023332445
2020-03-24 14:06:00,-0.06566260955116832
2020-03-24 14:09:00,-0.018887977633823994
2020-03-24 14:12:00,0.05984814977409769
2020-03-24 14:15:00,0.06728350052691212
2020-03-24 14:18:00,0.04409498036261539
2020-03-24 14:21:00,0.02981271004688324
2020-03-24 14:24:00,0.04843887319793794
2020-03-24 14:27:00,0.08578314231942841
2020-03-24 14:30:00,0.002706412221868959
2020-03-24 14:33:00,0.07684389737897845
2020-03-24 14:36:00,0.08128183096107477
2020-03-24 14:39:00,0.02723574713132848
2020-03-24 14:42:00,0.009556647178385447
2020-03-24 14:45:00,0.05832437426482784
2020-03-24 14:48:00,-0.0024137360792906293
2020-03-24 14:51:00,0.015679304432865138
2020-03-24 14:54:00,0.04507176987243611
2020-03-24 14:57:00,-0.005372344274405805
2020-03-24 15:00:00,-0.020671825343129058
2020-03-24 15:03:00,-0.02571918527729622
2020-03-24 15:06:00,-0.024502009381762946
2020-03-24 15:09:00,-0.019007292390767816
2020-03-24 15:12:00,-0.017966994230619093
2020-03-24 15:15:00,-0.02953086760101087
2020-03-24 15:18:00,-0.04135298947124966
2020-03-24 15:21:00,-0.006200940030169022
2020-03-24 15:24:00,-0.020672395589429016
2020-03-24 15:27:00,0.0688387659390628
2020-03-24 15:30:00,-0.051683854828468156
2020-03-24 15:33:00,-0.10802790073694268
2020-03-24 15:36:00,-0.09172282756782124
2020-03-24 15:39:00,-0.10813230166792209
2020-03-24 15:42:00,-0.04545144981716476
2020-03-24 15:45:00,0.024030996117403447
2020-03-24 15:48:00,0.006933192580959258
2020-03-24 15:51:00,-0.04932439044750936
2020-03-24 15:54:00,-0.04826797394031246
2020-03-24 15:57:00,-0.06241414169556947
2020-03-24 16:00:00,-0.07352644506346451
2020-03-24 16:03:00,-0.048054049306585966
2020-03-24 16:06:00,-0.08216207737524428
2020-03-24 16:09:00,-0.0330172559617381
2020-03-24 16:12:00,0.02475862768551451
2020-03-24 16:15:00,-0.045626875745085727
2020-03-24 16:18:00,-0.1391117779490969
2020-03-24 16:21:00,-0.03615506558656989
2020-03-24 16:24:00,-0.04144137504329137
2020-03-24 16:27:00,-0.03595533891262903
2020-03-24 16:30:00,-0.12100058946526815
2020-03-24 16:33:00,-0.021251092118404813
2020-03-24 16:36:00,-0.03620858166181051
2020-03-24 16:39:00,-0.12022655781379399
2020-03-24 16:42:00,-0.07259799421331081
2020-03-24 16:45:00,-0.02316091570850176
2020-03-24 16:48:00,-0.0003558076667218302
2020-03-24 16:51:00,-0.04337467434515929
2020-03-24 16:54:00,-0.0016319453735604839
2020-03-24 16:57:00,-0.16090546962686858
2020-03-24 17:00:00,-0.08694511226821078
2020-03-24 17:03:00,-0.002622634957901937
2020-03-24 17:06:00,-0.033388986195177495
2020-03-24 17:09:00,-0.09178973752722186
2020-03-24 17:12:00,-0.09471888533119
2020-03-24 17:15:00,-0.023152584302010837
2020-03-24 17:18:00,-0.04358282285716086
2020-03-24 17:21:00,-0.004102836854372072
2020-03-24 17:24:00,0.01151631132120201
2020-03-24 17:27:00,0.039870858658446195
2020-03-24 17:30:00,0.03357296151926903
2020-03-24 17:33:00,-0.02797635660635933
2020-03-24 17:36:00,0.037903476451788265
2020-03-24 17:39:00,0.04115860551229389
2020-03-24 17:42:00,0.08006551911853421
2020-03-24 17:45:00,0.1011281170123084
2020-03-24 17:48:00,0.09628449265500194
2020-03-24 17:51:00,0.016330412994193466
2020-03-24 17:54:00,0.028229211453890457
2020-03-24 17:57:00,0.022965855859979456
2020-03-24 18:00:00,0.024431906497966338
2020-03-24 18:03:00,0.0819851710332955
2020-03-24 18:06:00,0.008644759433025229
2020-03-24 18:09:00,0.05113284593795697
2020-03-24 18:12:00,0.10935222860541671
2020-03-24 18:15:00,0.047128251555591305
2020-03-24 18:18:00,-0.011146836412876837
2020-03-24 18:21:00,0.03587760229146397
2020-03-24 18:24:00,0.1320590625343243
2020-03-24 18:27:00,-0.012836203341748842
2020-03-24 18:30:00,-0.023296953826616118
2020-03-24 18:33:00,-0.05884055897786311
2020-03-24 18:36:00,0.059746084844164216
2020-03-24 18:39:00,0.15378852963965528
2020-03-24 18:42:00,0.059298979054915435
2020-03-24 18:45:00,0.05356698478163935
2020-03-24 18:48:00,0.07705312755012983
2020-03-24 18:51:00,0.0010696232657778637
2020-03-24 18:54:00,0.008618121245433485
2020-03-24 18:57:00,
2020-03-24 19:00:00,
2020-03-24 19:03:00,0.055191669023145096
2020-03-24 19:06:00,-0.013472952541235372
2020-03-24 19:09:00,0.05012178267162426
2020-03-24 19:12:00,-0.005791657298800601
2020-03-24 19:15:00,0.007550883285261989
2020-03-24 19:18:00,0.06544307764062296
2020-03-24 19:21:00,0.004473948430984365
2020-03-24 19:24:00,0.08652754006118357
2020-03-24 19:27:00,-0.04149568591503794
2020-03-24 19:30:00,-0.05035467743061872
2020-03-24 19:33:00,0.002617370416544418
2020-03-24 19:36:00,0.040245174708616105
2020-03-24 19:39:00,0.008220277822886146
2020-03-24 19:42:00,-0.028857072951780083
2020-03-24 19:45:00,-0.0060178180319212515
2020-03-24 19:48:00,0.03518362625527516
2020-03-24 19:51:00,0.027495774640726722
2020-03-24 19:54:00,-0.055352103634220384
2020-03-24 19:57:00,-0.09169161506338241
2020-03-24 20:00:00,-0.0435765824292389
2020-03-24 20:03:00,-0.15866202243944372
2020-03-24 20:06:00,-0.024918674401646967
2020-03-24 20:09:00,-0.19163477654421968
2020-03-24 20:12:00,-0.08843304518768491
2020-03-24 20:15:00,-0.03160457874395206
2020-03-24 20:18:00,-0.017859818108604486
2020-03-24 20:21:00,-0.03759824711755755
2020-03-24 20:24:00,-0.03958505527327816
2020-03-24 20:27:00,-0.1199532916367616
2020-03-24 20:30:00,0.027107831946466376
2020-03-24 20:33:00,-0.037442311369147774
2020-03-24 20:36:00,-0.028529547671666933
2020-03-24 20:39:00,0.03110605231830732
2020-03-24 20:42:00,-0.01645426936011063
2020-03-24 20:45:00,-0.014188496007818685
2020-03-24 20:48:00,-0.09440019311961123
2020-03-24 20:51:00,0.09764248310023049
2020-03-24 20:54:00,-0.029288701098380443
2020-03-24 20:57:00,-0.014330703142206858
2020-03-24 21:00:00,0.0920455507369411
2020-03-24 21:03:00,0.08750800159793926
2020-03-24 21:06:00,0.005350392852847108
2020-03-24 21:09:00,0.10612604901217537
2020-03-24 21:12:00,-0.04797858214465123
2020-03-24 21:15:00,0.0877629454947737
2020-03-24 21:18:00,0.06724573463111483
2020-03-24 21:21:00,0.014229436761013403
2020-03-24 21:24:00,0.07401053871325303
2020-03-24 21:27:00,0.05013805305799224
2020-03-24 21:30:00,0.103671119698447
2020-03-24 21:33:00,-0.03968561686758676
2020-03-24 21:36:00,0.1677434629285699
2020-03-24 21:39:00,0.09673159533343778
2020-03-24 21:42:00,0.08211776474058752
2020-03-24 21:45:00,0.052070792530116705
2020-03-24 21:48:00,0.019157963598217975
2020-03-24 21:51:00,0.04168674381855908
2020-03-24 21:54:00,0.040559348400790896
2020-03-24 21:57:00,0.07385608296164037
2020-03-24 22:00:00,-0.016372857924864093
2020-03-24 22:03:00,0.07043988625019892
2020-03-24 22:06:00,0.006842176460565952
2020-03-24 22:09:00,0.08725807176733724
2020-03-24 22:12:00,0.10859449763404427
2020-03-24 22:15:00,0.14965037449195506
2020-03-24 22:18:00,0.09187416562792805
2020-03-24 22:21:00,0.08984275002097775
2020-03-24 22:24:00,0.06308774097504966
2020-03-24 22:27:00,0.1496240042195609
2020-03-24 22:30:00,0.14898112279206543
2020-03-24 22:33:00,0.14179310928744826
2020-03-24 22:36:00,0.07066582654846343
2020-03-24 22:39:00,0.07187276451560365
2020-03-24 22:42:00,0.16651684608308415
2020-03-24 22:45:00,0.19217433726544186
2020-03-24 22:48:00,0.2055969649128997
2020-03-24 22:51:00,0.15647977274028335
2020-03-24 22:54:00,0.22671642468407072
2020-03-24 22:57:00,0.11351064648681586
2020-03-24 23:00:00,0.13059010041263264
2020-03-24 23:03:00,0.18473390133010525
2020-03-24 23:06:00,0.1313608667464905
2020-03-24 23:09:00,0.1439425976190023
2020-03-24 23:12:00,0.19870914545299456
2020-03-24 23:15:00,0.04689228722321559
2020-03-24 23:18:00,0.11998491263699407
2020-03-24 23:21:00,0.19698265254106673
2020-03-24 23:24:00,0.08158111987449956
2020-03-24 23:27:00,0.13423113938591769
2020-03-24 23:30:00,0.134431439343075
2020-03-24 23:33:00,0.17442695303498112
2020-03-24 23:36:00,0.14212155387644998
2020-03-24 23:39:00,0.1769388010893067
2020-03-24 23:42:00,0.2734223876758506
2020-03-24 23:45:00,0.13037935889906294
2020-03-24 23:48:00,0.1735983728006545
2020-03-24 23:51:00,0.17880703837630563
2020-03-24 23:54:00,0.17347510496614404
2020-03-24 23:57:00,0.06485611332266217
2020-03-25 00:00:00,0.10498713058342446
2020-03-25 00:03:00,0.1117478610985927
2020-03-25 00:06:00,0.13486365460738625
2020-03-25 00:09:00,0.11113477463248955
2020-03-25 00:12:00,0.20605146721243273
2020-03-25 00:15:00,0.13617861922483598
2020-03-25 00:18:00,0.1539639062779088
2020-03-25 00:21:00,0.2493063301844245
2020-03-25 00:24:00,0.2554623847703965
2020-03-25 00:27:00,0.2509955847685319
2020-03-25 00:30:00,0.20475430860517463
2020-03-25 00:33:00,0.17875412357682308
2020-03-25 00:36:00,0.18725066695463966
2020-03-25 00:39:00,0.22327218090345013
2020-03-25 00:42:00,0.2850151998264323
2020-03-25 00:45:00,0.2488661177849849
2020-03-25 00:48:00,0.36730590905636973
2020-03-25 00:51:00,0.26780501159822734
2020-03-25 00:54:00,0.18617473173827648
2020-03-25 00:57:00,0.21944151229536146
2020-03-25 01:00:00,0.29674174195474734
2020-03-25 01:03:00,0.2968208071260392
2020-03-25 01:06:00,0.33262518292417553
2020-03-25 01:09:00,0.3354221376230271
2020-03-25 01:12:00,0.32132688079309446
2020-03-25 01:15:00,0.3371429481546784
2020-03-25 01:18:00,0.27723814695872306
2020-03-25 01:21:00,0.24279817166905104
2020-03-25 01:24:00,0.26283297681362683
2020-03-25 01:27:00,0.24409001375460093
2020-03-25 01:30:00,0.354374914244886
2020-03-25 01:33:00,0.2558393739604412
2020-03-25 01:36:00,0.30947934341850214
2020-03-25 01:39:00,0.31897252284812794
2020-03-25 01:42:00,0.29311098798666535
2020-03-25 01:45:00,0.31274321315271436
2020-03-25 01:48:00,0.35054625256475447
2020-03-25 01:51:00,0.3210684692858763
2020-03-25 01:54:00,0.21725862473965663
2020-03-25 01:57:00,0.3123096848684668
2020-03-25 02:00:00,0.3056471975456816
2020-03-25 02:03:00,0.17157472544835173
2020-03-25 02:06:00,0.3042738562427303
2020-03-25 02:09:00,0.23729412556002671
2020-03-25 02:12:00,0.3227116689233753
2020-03-25 02:15:00,0.3327368181292627
2020-03-25 02:18:00,0.20785161508428018
2020-03-25 02:21:00,0.38750015621116063
2020-03-25 02:24:00,0.2995795853424852
2020-03-25 02:27:00,0.2934815192312499
2020-03-25 02:30:00,0.22595079246991645
2020-03-25 02:33:00,0.3047002990778651
2020-03-25 02:36:00,0.349053634976201
2020-03-25 02:39:00,0.31619502434813285
2020-03-25 02:42:00,0.35676811923832474
2020-03-25 02:45:00,0.4231710634311412
2020-03-25 02:48:00,0.3085657073085031
2020-03-25 02:51:00,0.37060917614695654
2020-03-25 02:54:00,0.3281199528476577
2020-03-25 02:57:00,0.36171176473811784
2020-03-25 03:00:00,0.2860445960444622
2020-03-25 03:03:00,0.37073467873744903
2020-03-25 03:06:00,0.34172753878368667
2020-03-25 03:09:00,0.27229992434172345
2020-03-25 03:12:00,0.35203828052561903
2020-03-25 03:15:00,0.301895635213441
2020-03-25 03:18:00,0.3332155278996538
2020-03-25 03:21:00,0.3942283589302633
2020-03-25 03:24:00,0.33881106619486445
2020-03-25 03:27:00,0.3151955734358012
2020-03-25 03:30:00,0.3499943814160247
2020-03-25 03:33:00,0.32246714512103836
2020-03-25 03:36:00,0.32041673007387317
2020-03-25 03:39:00,0.41959896658272555
2020-03-25 03:42:00,0.32003527248161845
2020-03-25 03:45:00,0.2976319669938903
2020-03-25 03:48:00,0.30307379980979476
2020-03-25 03:51:00,0.3724464521780533
2020-03-25 03:54:00,0.4109912401530096
2020-03-25 03:57:00,0.36014456649866133
2020-03-25 04:00:00,0.29835080370696687
2020-03-25 04:03:00,0.38393845315380304
2020-03-25 04:06:00,0.36612124307777094
2020-03-25 04:09:00,0.3801290020116994
2020-03-25 04:12:00,0.3439690293914168
2020-03-25 04:15:00,0.45864188252386384
2020-03-25 04:18:00,0.302510750250633
2020-03-25 04:21:00,0.3681392744946379
2020-03-25 04:24:00,0.2891252272143561
2020-03-25 04:27:00,0.2799610579499472
2020-03-25 04:30:00,0.36359245034788046
2020-03-25 04:33:00,0.28052778541581347
2020-03-25 04:36:00,0.3652607566857
2020-03-25 04:39:00,0.3210054945594152
2020-03-25 04:42:00,0.29619437258878634
2020-03-25 04:45:00,0.39929508316947704
2020-03-25 04:48:00,0.35603876929462785
2020-03-25 04:51:00,0.3068958833472948
2020-03-25 04:54:00,0.2306353298281465
2020-03-25 04:57:00,0.36136550071290685
2020-03-25 05:00:00,0.3131243475004908
2020-03-25 05:03:00,0.36104438021669694
2020-03-25 05:06:00,0.3379949299581426
2020-03-25 05:09:00,0.3806989168270434
2020-03-25 05:12:00,0.3799302838206131
2020-03-25 05:15:00,0.42640611064030054
2020-03-25 05:18:00,0.42075797505629
2020-03-25 05:21:00,0.39932211109578475
2020-03-25 05:24:00,0.4284600070523652
2020-03-25 05:27:00,0.3730448986822239
2020-03-25 05:30:00,0.42920910151934777
2020-03-25 05:33:00,0.37525757437413176
2020-03-25 05:36:00,0.38851088577877135
2020-03-25 05:39:00,0.41927835727676666
2020-03-25 05:42:00,0.25812607954367195
2020-03-25 05:45:00,0.3030523069245419
2020-03-25 05:48:00,0.4241549884119422
2020-03-25 05:51:00,0.4551357152005835
2020-03-25 05:54:00,0.3768617506849523
2020-03-25 05:57:00,0.41946411659455407
2020-03-25 06:00:00,0.5578393704297469
2020-03-25 06:03:00,0.3624812132845818
2020-03-25 06:06:00,0.41828526213618034
2020-03-25 06:09:00,0.465140273273164
2020-03-25 06:12:00,0.4282175609147316
2020-03-25 06:15:00,0.3828840834146945
2020-03-25 06:18:00,0.4210762902901024
2020-03-25 06:21:00,0.3780955925431613
2020-03-25 06:24:00,0.5751178051139618
2020-03-25 06:27:00,0.4118322466867994
2020-03-25 06:30:00,0.3594285693186521
2020-03-25 06:33:00,0.3611195010690267
2020-03-25 06:36:00,0.40602795723236795
2020-03-25 06:39:00,0.399875631305747
2020-03-25 06:42:00,0.457662799926311
2020-03-25 06:45:00,0.5623263242216581
2020-03-25 06:48:00,0.43249134917977017
2020-03-25 06:51:00,0.43677800693774316
2020-03-25 06:54:00,0.4499311823891503
2020-03-25 06:57:00,0.46424085425672956
2020-03-25 07:00:00,0.3923644397918338
2020-03-25 07:03:00,0.4853407379608825
2020-03-25 07:06:00,0.42282829857600746
2020-03-25 07:09:00,0.5158371586783801
2020-03-25 07:12:00,0.3791072017970123
2020-03-25 07:15:00,0.48756603627100503
2020-03-25 07:18:00,0.4482693441620995
2020-03-25 07:21:00,0.41977982189479235
2020-03-25 07:24:00,0.47102580034766106
2020-03-25 07:27:00,0.4473182857551592
2020-03-25 07:30:00,0.5045676201696097
2020-03-25 07:33:00,0.42454164201262756
2020-03-25 07:36:00,0.5124929555441895
2020-03-25 07:39:00,0.4001647853725103
2020-03-25 07:42:00,0.4324384199031215
2020-03-25 07:45:00,0.47108204181569135
2020-03-25 07:48:00,0.35449670339107797
2020-03-25 07:51:00,0.46033134100235884
2020-03-25 07:54:00,0.4230374910867454
2020-03-25 07:57:00,0.4932570443849045
2020-03-25 08:00:00,0.5150591304959562
2020-03-25 08:03:00,0.4549512096978674
2020-03-25 08:06:00,0.48665563763637465
2020-03-25 08:09:00,0.37197694478754784
2020-03-25 08:12:00,0.43705224209020344
2020-03-25 08:15:00,0.4195657214452808
2020-03-25 08:18:00,0.40488537085440157
2020-03-25 08:21:00,0.3098498616113261
2020-03-25 08:24:00,0.315746375055312
2020-03-25 08:27:00,0.3775659762389978
2020-03-25 08:30:00,0.39727064296101844
2020-03-25 08:33:00,0.29795446927448666
2020-03-25 08:36:00,0.22529246993207153
2020-03-25 08:39:00,0.21048221943283352
2020-03-25 08:42:00,0.1985425110599408
2020-03-25 08:45:00,0.22226403458984123
2020-03-25 08:48:00,0.31906449528986514
2020-03-25 08:51:00,0.23279391668688731
2020-03-25 08:54:00,0.3858266041049774
2020-03-25 08:57:00,0.23069807145128607
2020-03-25 09:00:00,0.311338431452441
2020-03-25 09:03:00,0.3187763251963247
2020-03-25 09:06:00,0.25140673340769126
2020-03-25 09:09:00,0.2499003733034897
2020-03-25 09:12:00,0.10775243496772191
2020-03-25 09:15:00,0.1970522838687998
2020-03-25 09:18:00,0.25231359346327054
2020-03-25 09:21:00,0.21660220984756506
2020-03-25 09:24:00,0.21295586503799768
2020-03-25 09:27:00,0.1141755091909431
2020-03-25 09:30:00,0.2150106255701303
2020-03-25 09:33:00,0.15586430725028322
2020-03-25 09:36:00,0.1953298428207404
2020-03-25 09:39:00,0.155310983334914
2020-03-25 09:42:00,0.08667979802004311
2020-03-25 09:45:00,0.06926873634319008
2020-03-25 09:48:00,0.08531075226648
2020-03-25 09:51:00,0.044787936599504974
2020-03-25 09:54:00,0.024111607876648122
2020-03-25 09:57:00,0.10637024892668023
2020-03-25 10:00:00,-0.08229693748245381
2020-03-25 10:03:00,-0.010730485209421659
2020-03-25 10:06:00,-0.04402073154062691
2020-03-25 10:09:00,0.04126544838635482
2020-03-25 10:12:00,-0.09639998922045834
2020-03-25 10:15:00,0.03454498054486521
2020-03-25 10:18:00,-0.04922669175073224
2020-03-25 10:21:00,-0.056530343892916335
2020-03-25 10:24:00,-0.07321288851471763
2020-03-25 10:27:00,-0.07557356948728966
2020-03-25 10:30:00,-0.15207439124731081
2020-03-25 10:33:00,-0.13997675250402608
2020-03-25 10:36:00,-0.03571455056896866
2020-03-25 10:39:00,-0.18234067197744253
2020-03-25 10:42:00,-0.20518984157212117
2020-03-25 10:45:00,-0.20637819074113395
2020-03-25 10:48:00,-0.13063560461733914
2020-03-25 10:51:00,-0.1906166327559049
2020-03-25 10:54:00,-0.11644124734863226
2020-03-25 10:57:00,-0.15640234855419521
2020-03-25 11:00:00,-0.18088845991655944
2020-03-25 11:03:00,-0.12433934649556022
2020-03-25 11:06:00,-0.15582153384985986
2020-03-25 11:09:00,-0.316610314292177
2020-03-25 11:12:00,-0.19963106878969938
2020-03-25 11:15:00,-0.22886244347262164
2020-03-25 11:18:00,-0.246674038438357
2020-03-25 11:21:00,-0.2227438887906601
2020-03-25 11:24:00,-0.18540587813288312
2020-03-25 11:27:00,-0.26156751196384675
2020-03-25 11:30:00,-0.24825644439266625
2020-03-25 11:33:00,-0.22855099928585787
2020-03-25 11:36:00,-0.23796719786980702
2020-03-25 11:39:00,-0.2506343573934373
2020-03-25 11:42:00,-0.29174418458495666
2020-03-25 11:45:00,-0.23954505823923
2020-03-25 11:48:00,-0.27144107988442556
2020-03-25 11:51:00,-0.26376793105487195
2020-03-25 11:54:00,-0.34902355508887695
2020-03-25 11:57:00,-0.38425651310132025
2020-03-25 12:00:00,-0.3966518413645872
2020-03-25 12:03:00,-0.3237021787821277
2020-03-25 12:06:00,-0.36680815920522036
2020-03-25 12:09:00,-0.34583522087120855
2020-03-25 12:12:00,-0.3075851240818679
2020-03-25 12:15:00,-0.3228993721465372
2020-03-25 12:18:00,-0.25871112223700266
2020-03-25 12:21:00,-0.29472084643140306
2020-03-25 12:24:00,-0.3811261067061764
2020-03-25 12:27:00,-0.3638756937307903
2020-03-25 12:30:00,-0.39481957983366556
2020-03-25 12:33:00,-0.2974077744144097
2020-03-25 12:36:00,-0.4677024395679723
2020-03-25 12:39:00,-0.35099861914306985
2020-03-25 12:42:00,-0.33881233781352194
2020-03-25 12:45:00,-0.4147410191321228
2020-03-25 12:48:00,-0.4020214870990344
2020-03-25 12:51:00,-0.3875852461336535
2020-03-25 12:54:00,-0.3366158593723867
2020-03-25 12:57:00,-0.23391664305393078
2020-03-25 13:00:00,-0.31561409785746264
2020-03-25 13:03:00,-0.33778026902314195
2020-03-25 13:06:00,-0.30339746729191575
2020-03-25 13:09:00,-0.4482514471568493
2020-03-25 13:12:00,-0.30732749570626083
2020-03-25 13:15:00,-0.23865153490032753
2020-03-25 13:18:00,-0.21474166216006552
2020-03-25 13:21:00,-0.24505078616869014
2020-03-25 13:24:00,-0.26416523248599333
2020-03-25 13:27:00,-0.36083256190931934
2020-03-25 13:30:00,-0.27619633403344324
2020-03-25 13:33:00,-0.18296319462416477
2020-03-25 13:36:00,-0.13371327020712442
2020-03-25 13:39:00,-0.1063332136921531
2020-03-25 13:42:00,-0.16810576617200468
2020-03-25 13:45:00,-0.26166646046453934
2020-03-25 13:48:00,-0.20260204637770585
2020-03-25 13:51:00,-0.21475360621741402
2020-03-25 13:54:00,-0.46428213687704556
2020-03-25 13:57:00,-0.38208198206837096
2020-03-25 14:00:00,-0.2502747670712324
2020-03-25 14:03:00,-0.44906436549149475
2020-03-25 14:06:00,-0.3197522897087879
2020-03-25 14:09:00,-0.35904612951884474
2020-03-25 14:12:00,-0.37706229289233306
2020-03-25 14:15:00,-0.4603102705420383
2020-03-25 14:18:00,-0.30295357651215227
2020-03-25 14:21:00,-0.35123040619981793
2020-03-25 14:24:00,-0.28875652291856113
2020-03-25 14:27:00,-0.34861529400575364
2020-03-25 14:30:00,-0.26717816582259957
2020-03-25 14:33:00,-0.45770115574811143
2020-03-25 14:36:00,-0.45887249376437467
2020-03-25 14:39:00,-0.36127952672285346
2020-03-25 14:42:00,-0.33891653678381317
2020-03-25 14:45:00,-0.41079899993860636
2020-03-25 14:48:00,-0.36046778148852354
2020-03-25 14:51:00,-0.40229446322678086
2020-03-25 14:54:00,-0.36856416265385405
2020-03-25 14:57:00,-0.34983281461569504
2020-03-25 15:00:00,-0.31844445597687354
2020-03-25 15:03:00,-0.2872256559481343
2020-03-25 15:06:00,-0.2157304373025113
2020-03-25 15:09:00,-0.27814844910483316
2020-03-25 15:12:00,-0.35282342694148383
2020-03-25 15:15:00,-0.30623127618434864
2020-03-25 15:18:00,-0.35017945502403336
2020-03-25 15:21:00,-0.27281973551470173
2020-03-25 15:24:00,-0.28943515967580424
2020-03-25 15:27:00,-0.2642060641080093
2020-03-25 15:30:00,-0.3145493382843938
2020-03-25 15:33:00,-0.2060737469547007
2020-03-25 15:36:00,-0.2673039241861943
2020-03-25 15:39:00,-0.21641419788187477
2020-03-25 15:42:00,-0.3097013485733555
2020-03-25 15:45:00,-0.32294460239785394
2020-03-25 15:48:00,-0.26565651018211156
2020-03-25 15:51:00,-0.28020456729751686
2020-03-25 15:54:00,-0.2704388808102749
2020-03-25 15:57:00,-0.327828858669875
2020-03-25 16:00:00,-0.35053330285234097
2020-03-25 16:03:00,-0.32329685726352864
2020-03-25 16:06:00,-0.4331375242607578
2020-03-25 16:09:00,-0.4006670434476973
2020-03-25 16:12:00,-0.34023530036762395
2020-03-25 16:15:00,-0.4487512649315022
2020-03-25 16:18:00,-0.48635485449500493
2020-03-25 16:21:00,-0.37041660343112426
2020-03-25 16:24:00,-0.45653543780912287
2020-03-25 16:27:00,-0.4757599381392197
2020-03-25 16:30:00,-0.49360505226110263
2020-03-25 16:33:00,-0.4844231424225427
2020-03-25 16:36:00,-0.5022529082016831
2020-03-25 16:39:00,-0.45731806300642575
2020-03-25 16:42:00,-0.3775676341569465
2020-03-25 16:45:00,-0.3867765088363626
2020-03-25 16:48:00,-0.3762353656915707
2020-03-25 16:51:00,-0.3704043623072266
2020-03-25 16:54:00,-0.4522816291028562
2020-03-25 16:57:00,-0.37517327051381244
2020-03-25 17:00:00,-0.3839420126112145
2020-03-25 17:03:00,-0.35785391638631836
2020-03-25 17:06:00,-0.3337223008974206
2020-03-25 17:09:00,-0.34187189405963636
2020-03-25 17:12:00,-0.31394501641477746
2020-03-25 17:15:00,-0.30934802116104265
2020-03-25 17:18:00,-0.2855137783846544
2020-03-25 17:21:00,-0.29297563897637247
2020-03-25 17:24:00,-0.2899697755528905
2020-03-25 17:27:00,-0.32779500573280984
2020-03-25 17:30:00,-0.3190091930835024
2020-03-25 17:33:00,-0.2020790622076447
2020-03-25 17:36:00,-0.1700944991272877
2020-03-25 17:39:00,-0.1968724733769136
2020-03-25 17:42:00,-0.19924611404042025
2020-03-25 17:45:00,-0.23607039034192212
2020-03-25 17:48:00,-0.20460841101345295
2020-03-25 17:51:00,-0.1283274071298024
2020-03-25 17:54:00,-0.24937915507712205
2020-03-25 17:57:00,-0.18150416124154845
2020-03-25 18:00:00,-0.07504354534586355
2020-03-25 18:03:00,-0.12999949738502892
2020-03-25 18:06:00,-0.16371295691646992
2020-03-25 18:09:00,-0.19481767248146298
2020-03-25 18:12:00,-0.06693008316887017
2020-03-25 18:15:00,-0.05948266718672812
2020-03-25 18:18:00,0.004617375103634913
2020-03-25 18:21:00,-0.029264471076828613
2020-03-25 18:24:00,-0.03499647872871492
2020-03-25 18:27:00,0.019993737806260015
2020-03-25 18:30:00,-0.06458675156511617
2020-03-25 18:33:00,-0.04270038070671944
2020-03-25 18:36:00,0.015684714512929077
2020-03-25 18:39:00,0.07516669828760314
2020-03-25 18:42:00,-0.07975798867181538
2020-03-25 18:45:00,-0.07054498749488403
2020-03-25 18:48:00,-0.07453090678535546
2020-03-25 18:51:00,-0.1932184025270658
2020-03-25 18:54:00,
2020-03-25 18:57:00,
2020-03-25 19:00:00,
2020-03-25 19:03:00,-0.13686844073782822
2020-03-25 19:06:00,-0.09535087762645844
2020-03-25 19:09:00,-0.18437192575618155
2020-03-25 19:12:00,-0.09103364520473178
2020-03-25 19:15:00,-0.06887222599959841
2020-03-25 19:18:00,-0.1244763834575906
2020-03-25 19:21:00,-0.0924141603852604
2020-03-25 19:24:00,-0.15220754399888392
2020-03-25 19:27:00,-0.23312000004807487
2020-03-25 19:30:00,-0.1613635692432922
2020-03-25 19:33:00,-0.148258793292257
2020-03-25 19:36:00,-0.1400149314938517
2020-03-25 19:39:00,-0.07022177658893725
2020-03-25 19:42:00,-0.06146299044485204
2020-03-25 19:45:00,-0.13704128678239158
2020-03-25 19:48:00,0.004517540975427892
2020-03-25 19:51:00,-0.062057241073546265
2020-03-25 19:54:00,-0.12785084840766103
2020-03-25 19:57:00,-0.09765676959034408
2020-03-25 20:00:00,-0.13163287493125608
2020-03-25 20:03:00,-0.0741618808880844
2020-03-25 20:06:00,-0.19709687469838855
2020-03-25 20:09:00,-0.11915023305436989
2020-03-25 20:12:00,-0.08590263318325242
2020-03-25 20:15:00,-0.17478714380786187
2020-03-25 20:18:00,-0.15722807845554598
2020-03-25 20:21:00,-0.17090031560485386
2020-03-25 20:24:00,-0.1657955113757339
2020-03-25 20:27:00,-0.1843874763402482
2020-03-25 20:30:00,-0.032056596900361
2020-03-25 20:33:00,-0.049709233081898674
2020-03-25 20:36:00,-0.07747490319820827
2020-03-25 20:39:00,-0.04615852209838067
2020-03-25 20:42:00,-0.10410967514127378
2020-03-25 20:45:00,0.04592250345001503
2020-03-25 20:48:00,0.023625909262648292
2020-03-25 20:51:00,-0.033268428652206694
2020-03-25 20:54:00,-0.018813856201290946
2020-03-25 20:57:00,0.060505174820946195
2020-03-25 21:00:00,0.052436975954037734
2020-03-25 21:03:00,0.03095987764822894
2020-03-25 21:06:00,-0.02041488862693086
2020-03-25 21:09:00,-0.1287642308516297
2020-03-25 21:12:00,-0.16608246168789265
2020-03-25 21:15:00,-0.1445311446269102
2020-03-25 21:18:00,-0.0983355288748271
2020-03-25 21:21:00,0.07083880364484685
2020-03-25 21:24:00,-0.008981749696715724
2020-03-25 21:27:00,-0.07729877348236869
2020-03-25 21:30:00,0.029089047333286544
2020-03-25 21:33:00,-0.07077979475587881
2020-03-25 21:36:00,-0.04168728659868748
2020-03-25 21:39:00,-0.016683865422578492
2020-03-25 21:42:00,0.10566632724425062
2020-03-25 21:45:00,0.0063561444402466805
2020-03-25 21:48:00,0.010447166422693499
2020-03-25 21:51:00,0.1042169038312295
2020-03-25 21:54:00,0.11825247907665926
2020-03-25 21:57:00,0.006267638960082422
2020-03-25 22:00:00,0.03807092370522014
2020-03-25 22:03:00,0.06810232599201527
2020-03-25 22:06:00,0.036004412818385845
2020-03-25 22:09:00,0.12209374205383483
2020-03-25 22:12:00,0.02270099198551634
2020-03-25 22:15:00,0.05644962196100778
2020-03-25 22:18:00,0.14026420248956128
2020-03-25 22:21:00,0.020601537940592607
2020-03-25 22:24:00,0.06010832713673153
2020-03-25 22:27:00,0.07582352704366713
2020-03-25 22:30:00,0.03070460704304878
2020-03-25 22:33:00,0.04002803365244745
2020-03-25 22:36:00,0.09996898963260037
2020-03-25 22:39:00,0.07987457050330704
2020-03-25 22:42:00,0.026663053225206568
2020-03-25 22:45:00,0.05305255981852497
2020-03-25 22:48:00,0.10051497904993312
2020-03-25 22:51:00,0.11081365196315573
2020-03-25 22:54:00,0.15119183076262743
2020-03-25 22:57:00,0.0837409788599075
2020-03-25 23:00:00,0.13238436689283617
2020-03-25 23:03:00,0.05720233038840661
2020-03-25 23:06:00,0.00975397561455793
2020-03-25 23:09:00,0.1154280834329029
2020-03-25 23:12:00,0.08837868436904728
2020-03-25 23:15:00,0.15837997699662765
2020-03-25 23:18:00,0.14522538899336723
2020-03-25 23:21:00,0.2084168254598353
2020-03-25 23:24:00,0.14255156812743053
2020-03-25 23:27:00,0.11152870898558831
2020-03-25 23:30:00,0.14149880827267225
2020-03-25 23:33:00,0.14675462872520484
2020-03-25 23:36:00,0.15792561803158378
2020-03-25 23:39:00,0.12155413701151474
2020-03-25 23:42:00,0.11054420139822696
2020-03-25 23:45:00,0.1943586431960398
2020-03-25 23:48:00,0.13422811858907835
2020-03-25 23:51:00,0.10451474742359323
2020-03-25 23:54:00,0.1517811916202163
2020-03-25 23:57:00,0.136054841958412
2020-03-26 00:00:00,0.10551197946159618
2020-03-26 00:03:00,0.1325504322770712
2020-03-26 00:06:00,0.15701941761540184
2020-03-26 00:09:00,0.10767404264191782
2020-03-26 00:12:00,0.15123325421922118
2020-03-26 00:15:00,0.036326535779949154
2020-03-26 00:18:00,0.10274680758953991
2020-03-26 00:21:00,0.18435324198765102
2020-03-26 00:24:00,0.15290029276008
2020-03-26 00:27:00,0.13201599604644798
2020-03-26 00:30:00,0.1658666914252649
2020-03-26 00:33:00,0.26326020374955306
2020-03-26 00:36:00,0.20448299638331946
2020-03-26 00:39:00,0.04956402959493289
2020-03-26 00:42:00,0.1279765474689043
2020-03-26 00:45:00,0.026245543100628765
2020-03-26 00:48:00,0.14243437838695172
2020-03-26 00:51:00,0.17464270097553936
2020-03-26 00:54:00,0.07684071487244637
2020-03-26 00:57:00,-0.0022411664991750513
2020-03-26 01:00:00,0.0271147951717694
2020-03-26 01:03:00,0.09138999464221342
2020-03-26 01:06:00,0.0602667816760345
2020-03-26 01:09:00,0.11999438836494392
2020-03-26 01:12:00,0.1572445473112225
2020-03-26 01:15:00,0.11039975020980819
2020-03-26 01:18:00,0.10274211165733504
2020-03-26 01:21:00,0.1899962358246512
2020-03-26 01:24:00,0.06885574031451824
2020-03-26 01:27:00,-0.019733114356085935
2020-03-26 01:30:00,0.06914959621008165
2020-03-26 01:33:00,0.10598258071524924
2020-03-26 01:36:00,0.05051415354711253
2020-03-26 01:39:00,0.11187657812109819
2020-03-26 01:42:00,0.16701548451618464
2020-03-26 01:45:00,0.09013240576018688
2020-03-26 01:48:00,0.07624630117635434
2020-03-26 01:51:00,0.11002478862582166
2020-03-26 01:54:00,0.08132622506298048
2020-03-26 01:57:00,0.06610933236089522
2020-03-26 02:00:00,0.10726564618335033
2020-03-26 02:03:00,0.07719778901986274
2020-03-26 02:06:00,0.19754634176820218
2020-03-26 02:09:00,0.1539513963217587
2020-03-26 02:12:00,0.1467471124311146
2020-03-26 02:15:00,0.1810446157348906
2020-03-26 02:18:00,0.09714512442036494
2020-03-26 02:21:00,0.054103708256661776
2020-03-26 02:24:00,0.10584013254117508
2020-03-26 02:27:00,0.1356636544883827
2020-03-26 02:30:00,0.1276849859232243
2020-03-26 02:33:00,0.13191353478777046
2020-03-26 02:36:00,0.06217853653367911
2020-03-26 02:39:00,0.08737863128339995
2020-03-26 02:42:00,0.12125957225077855
2020-03-26 02:45:00,0.1454161382790744
2020-03-26 02:48:00,0.1758803365154904
2020-03-26 02:51:00,0.20461915688559884
2020-03-26 02:54:00,0.13406618925301927
2020-03-26 02:57:00,0.21908683325415268
2020-03-26 03:00:00,0.14814412485509365
2020-03-26 03:03:00,0.1579780344812889
2020-03-26 03:06:00,0.1496733601902065
2020-03-26 03:09:00,0.16311443358364386
2020-03-26 03:12:00,0.2090056009041632
2020-03-26 03:15:00,0.12744088564181766
2020-03-26 03:18:00,0.2838820502153112
2020-03-26 03:21:00,0.17601060775353972
2020-03-26 03:24:00,0.09619865663677274
2020-03-26 03:27:00,0.16864661761923117
2020-03-26 03:30:00,0.27040101259814264
2020-03-26 03:33:00,0.14824160506969974
2020-03-26 03:36:00,0.17599952814470043
2020-03-26 03:39:00,0.09526367220280463
2020-03-26 03:42:00,0.12235283816875153
2020-03-26 03:45:00,0.09234079325182165
2020-03-26 03:48:00,0.11732010906172263
2020-03-26 03:51:00,0.10608164989099578
2020-03-26 03:54:00,0.13252884334127657
2020-03-26 03:57:00,0.13044247755732385
2020-03-26 04:00:00,0.19306931896721835
2020-03-26 04:03:00,0.15519597818240527
2020-03-26 04:06:00,0.12160402690608407
2020-03-26 04:09:00,0.1425263296774233
2020-03-26 04:12:00,0.12017771792898202
2020-03-26 04:15:00,0.15304931115139198
2020-03-26 04:18:00,0.15633768319389674
2020-03-26 04:21:00,0.10818801147968315
2020-03-26 04:24:00,0.12176167618048339
2020-03-26 04:27:00,0.18725671032325408
2020-03-26 04:30:00,0.19035967410405874
2020-03-26 04:33:00,0.17710967446305403
2020-03-26 04:36:00,0.2820457703759871
2020-03-26 04:39:00,0.2533855372918765
2020-03-26 04:42:00,0.24850520020879685
2020-03-26 04:45:00,0.2330590023498189
2020-03-26 04:48:00,0.09538360439091775
2020-03-26 04:51:00,0.18357190067519014
2020-03-26 04:54:00,0.07175715996351073
2020-03-26 04:57:00,0.10169549332130146
2020-03-26 05:00:00,0.1062099548612423
2020-03-26 05:03:00,0.16896550650130848
2020-03-26 05:06:00,0.174500756833595
2020-03-26 05:09:00,0.1952638389992103
2020-03-26 05:12:00,0.1767019000427581
2020-03-26 05:15:00,0.11566728108590496
2020-03-26 05:18:00,0.18988357799116784
2020-03-26 05:21:00,0.23868883264719898
2020-03-26 05:24:00,0.2651501838727768
2020-03-26 05:27:00,0.1977736073183678
2020-03-26 05:30:00,0.21325129278091026
2020-03-26 05:33:00,0.21851277732429253
2020-03-26 05:36:00,0.1674183689116262
2020-03-26 05:39:00,0.2980569711415342
2020-03-26 05:42:00,0.21732456158832747
2020-03-26 05:45:00,0.26859679320654095
2020-03-26 05:48:00,0.27088850202397907
2020-03-26 05:51:00,0.28472425751891706
2020-03-26 05:54:00,0.31232491554192165
2020-03-26 05:57:00,0.1905290507590962
2020-03-26 06:00:00,0.17719085221136766
2020-03-26 06:03:00,0.16683367780768776
2020-03-26 06:06:00,0.24751759433689813
2020-03-26 06:09:00,0.20595727061351
2020-03-26 06:12:00,0.2398438306865387
2020-03-26 06:15:00,0.25102754053119725
2020-03-26 06:18:00,0.2131895018019918
2020-03-26 06:21:00,0.26273740640419874
2020-03-26 06:24:00,0.17916291010283203
2020-03-26 06:27:00,0.25138246271143316
2020-03-26 06:30:00,0.17033757112011472
2020-03-26 06:33:00,0.1488846577188383
2020-03-26 06:36:00,0.23156048988056455
2020-03-26 06:39:00,0.2153779820521322
2020-03-26 06:42:00,0.1902109876208442
2020-03-26 06:45:00,0.20729668028860715
2020-03-26 06:48:00,0.14028509941886114
2020-03-26 06:51:00,0.15862795983400702
2020-03-26 06:54:00,0.024347852320090624
2020-03-26 06:57:00,0.1641075799437317
2020-03-26 07:00:00,0.1883791827418122
2020-03-26 07:03:00,0.12431494752217986
2020-03-26 07:06:00,0.09165813105317966
2020-03-26 07:09:00,0.10019669700244549
2020-03-26 07:12:00,0.22215330010033085
2020-03-26 07:15:00,0.1251857544720565
2020-03-26 07:18:00,0.17764729456587247
2020-03-26 07:21:00,0.20622529248203136
2020-03-26 07:24:00,0.19558168779997231
2020-03-26 07:27:00,0.23254853038793044
2020-03-26 07:30:00,0.17880831708600908
2020-03-26 07:33:00,0.22670406222334805
2020-03-26 07:36:00,0.18733651242115457
2020-03-26 07:39:00,0.20074910760178
2020-03-26 07:42:00,0.1507579820161027
2020-03-26 07:45:00,0.1414499879712139
2020-03-26 07:48:00,0.2223390855738785
2020-03-26 07:51:00,0.15335614021614674
2020-03-26 07:54:00,0.21523519263098478
2020-03-26 07:57:00,0.02314469831912902
2020-03-26 08:00:00,0.10643313679582889
2020-03-26 08:03:00,0.13622942472784416
2020-03-26 08:06:00,0.041333605621730385
2020-03-26 08:09:00,0.12000222525580284
2020-03-26 08:12:00,0.04541435741299438
2020-03-26 08:15:00,0.11001107278576683
2020-03-26 08:18:00,0.02575224333844517
2020-03-26 08:21:00,0.10942436030478575
2020-03-26 08:24:00,0.09001469272493523
2020-03-26 08:27:00,0.1131518350283045
2020-03-26 08:30:00,0.011067684611759887
2020-03-26 08:33:00,0.135241875144402
2020-03-26 08:36:00,0.0695247541008257
2020-03-26 08:39:00,0.07253926024679913
2020-03-26 08:42:00,0.02768002919810897
2020-03-26 08:45:00,0.1248506856790641
2020-03-26 08:48:00,0.020334498782233368
2020-03-26 08:51:00,0.14899330033438218
2020-03-26 08:54:00,0.10202007238257238
2020-03-26 08:57:00,0.03876972601943862
2020-03-26 09:00:00,-0.03257767240143039
2020-03-26 09:03:00,0.07108511797059691
2020-03-26 09:06:00,0.034830793926914794
2020-03-26 09:09:00,0.04070814289411828
2020-03-26 09:12:00,0.0024819774768047864
2020-03-26 09:15:00,-0.059629654053367176
2020-03-26 09:18:00,0.0056540376953648774
2020-03-26 09:21:00,0.027083139141609536
2020-03-26 09:24:00,-0.0776086370154303
2020-03-26 09:27:00,-0.0780604074383291
2020-03-26 09:30:00,-0.04595356904565051
2020-03-26 09:33:00,-0.11464160840620252
2020-03-26 09:36:00,0.0007738506633359066
2020-03-26 09:39:00,-0.04747853314154327
2020-03-26 09:42:00,-0.01869224300355654
2020-03-26 09:45:00,-0.021741127926020454
2020-03-26 09:48:00,-0.07336185329194223
2020-03-26 09:51:00,-0.11821446027403226
2020-03-26 09:54:00,-0.1649732342303878
2020-03-26 09:57:00,-0.030708621316875906
2020-03-26 10:00:00,-0.13224900821825258
2020-03-26 10:03:00,-0.162672620451076
2020-03-26 10:06:00,-0.1379647507016557
2020-03-26 10:09:00,-0.007996385078399726
2020-03-26 10:12:00,-0.10980104737143392
2020-03-26 10:15:00,-0.20282784454775538
2020-03-26 10:18:00,-0.08920071763003534
2020-03-26 10:21:00,-0.12660114524067012
2020-03-26 10:24:00,-0.08137138205569272
2020-03-26 10:27:00,-0.11299335732689997
2020-03-26 10:30:00,-0.11523128520070713
2020-03-26 10:33:00,-0.08760336678676595
2020-03-26 10:36:00,-0.3098961838166474
2020-03-26 10:39:00,-0.33285350400331026
2020-03-26 10:42:00,-0.1845393486967737
2020-03-26 10:45:00,-0.07960542701158602
2020-03-26 10:48:00,-0.1898119306775925
2020-03-26 10:51:00,-0.18028660669892815
2020-03-26 10:54:00,-0.2722409382201363
2020-03-26 10:57:00,-0.2794077362460712
2020-03-26 11:00:00,-0.16359221282669978
2020-03-26 11:03:00,-0.16900751985986062
2020-03-26 11:06:00,-0.2889444736899236
2020-03-26 11:09:00,-0.1848336896284195
2020-03-26 11:12:00,-0.245922442723554
2020-03-26 11:15:00,-0.19996696970520134
2020-03-26 11:18:00,-0.18158537377786388
2020-03-26 11:21:00,-0.23530207870328468
2020-03-26 11:24:00,-0.3401682625919875
2020-03-26 11:27:00,-0.23684604048958136
2020-03-26 11:30:00,-0.26609693846745586
2020-03-26 11:33:00,-0.2708726716048204
2020-03-26 11:36:00,-0.24097098005643147
2020-03-26 11:39:00,-0.2931121800034475
2020-03-26 11:42:00,-0.29297663351979963
2020-03-26 11:45:00,-0.1863336961940263
2020-03-26 11:48:00,-0.33253457593463054
2020-03-26 11:51:00,-0.22608096666169786
2020-03-26 11:54:00,-0.29148291210702837
2020-03-26 11:57:00,-0.29056416455995304
2020-03-26 12:00:00,-0.3118018376413829
2020-03-26 12:03:00,-0.33840480425209307
2020-03-26 12:06:00,-0.27094605441340036
2020-03-26 12:09:00,-0.3057892040752108
2020-03-26 12:12:00,-0.2089730027747123
2020-03-26 12:15:00,-0.22919316934513745
2020-03-26 12:18:00,-0.2686179906744428
2020-03-26 12:21:00,-0.28618303223947805
2020-03-26 12:24:00,-0.2292220181498692
2020-03-26 12:27:00,-0.34602388950258955
2020-03-26 12:30:00,-0.27625403380136504
2020-03-26 12:33:00,-0.24074154249302637
2020-03-26 12:36:00,-0.37452023063087836
2020-03-26 12:39:00,-0.3422391375676739
2020-03-26 12:42:00,-0.4311454985212322
2020-03-26 12:45:00,-0.38785129129013285
2020-03-26 12:48:00,-0.3746686952961795
2020-03-26 12:51:00,-0.41329341251696405
2020-03-26 12:54:00,-0.4000454055201885
2020-03-26 12:57:00,-0.29411798638710707
2020-03-26 13:00:00,-0.44164696961416894
2020-03-26 13:03:00,-0.3661492851243793
2020-03-26 13:06:00,-0.36762675719830895
2020-03-26 13:09:00,-0.44817343978991175
2020-03-26 13:12:00,-0.44904770284483675
2020-03-26 13:15:00,-0.2863412653700834
2020-03-26 13:18:00,-0.3629374515509767
2020-03-26 13:21:00,-0.3573978728986731
2020-03-26 13:24:00,-0.48059324984450313
2020-03-26 13:27:00,-0.32862395167677505
2020-03-26 13:30:00,-0.29353280645102586
2020-03-26 13:33:00,-0.3325323901456727
2020-03-26 13:36:00,-0.31934939379669913
2020-03-26 13:39:00,-0.3826605543245023
2020-03-26 13:42:00,-0.28770449504781936
2020-03-26 13:45:00,-0.41064271156307086
2020-03-26 13:48:00,-0.46255723303488594
2020-03-26 13:51:00,-0.2833402823054598
2020-03-26 13:54:00,-0.38948878742166926
2020-03-26 13:57:00,-0.28300352234811044
2020-03-26 14:00:00,-0.4438829305209424
2020-03-26 14:03:00,-0.25449763198463415
2020-03-26 14:06:00,-0.3867697135233925
2020-03-26 14:09:00,-0.38213192594236034
2020-03-26 14:12:00,-0.25591734046020065
2020-03-26 14:15:00,-0.2724511378921761
2020-03-26 14:18:00,-0.3480635852100704
2020-03-26 14:21:00,-0.4056358100208399
2020-03-26 14:24:00,-0.3244382753226773
2020-03-26 14:27:00,-0.43767136054606226
2020-03-26 14:30:00,-0.22852284721705018
2020-03-26 14:33:00,-0.3058472014151903
2020-03-26 14:36:00,-0.3588323184574165
2020-03-26 14:39:00,-0.2951201507990504
2020-03-26 14:42:00,-0.33646598815744255
2020-03-26 14:45:00,-0.23798382009948682
2020-03-26 14:48:00,-0.3859302526149122
2020-03-26 14:51:00,-0.17870189309155649
2020-03-26 14:54:00,-0.36169825464594396
2020-03-26 14:57:00,-0.3348992361687806
2020-03-26 15:00:00,-0.2204448934019183
2020-03-26 15:03:00,-0.25119648729946675
2020-03-26 15:06:00,-0.3091652424226936
2020-03-26 15:09:00,-0.3114859862436674
2020-03-26 15:12:00,-0.17988523234134846
2020-03-26 15:15:00,-0.22880748200407197
2020-03-26 15:18:00,-0.12492986079672619
2020-03-26 15:21:00,-0.06419573718250149
2020-03-26 15:24:00,-0.1529184475188572
2020-03-26 15:27:00,-0.1315947487864264
2020-03-26 15:30:00,-0.05439563906116973
2020-03-26 15:33:00,-0.018526145881139655
2020-03-26 15:36:00,0.010684753945611192
2020-03-26 15:39:00,-0.019188795580134865
2020-03-26 15:42:00,-0.07206634866673767
2020-03-26 15:45:00,-0.021160414315431808
2020-03-26 15:48:00,0.0714827741641102
2020-03-26 15:51:00,0.09472233109818262
2020-03-26 15:54:00,0.05076866529554991
2020-03-26 15:57:00,0.12800399226847503
2020-03-26 16:00:00,-0.05385991019613812
2020-03-26 16:03:00,-0.07510614912519031
2020-03-26 16:06:00,-0.19176444243959168
2020-03-26 16:09:00,-0.28798611482767456
2020-03-26 16:12:00,-0.28320725335800034
2020-03-26 16:15:00,-0.32333211341705237
2020-03-26 16:18:00,-0.28357164445935723
2020-03-26 16:21:00,-0.29838657765640164
2020-03-26 16:24:00,-0.24919376791530112
2020-03-26 16:27:00,-0.3074435276690224
2020-03-26 16:30:00,-0.2325883790386456
2020-03-26 16:33:00,-0.3057962715523104
2020-03-26 16:36:00,-0.1594005507953966
2020-03-26 16:39:00,-0.2619661018403008
2020-03-26 16:42:00,-0.33623336445526775
2020-03-26 16:45:00,-0.3324798880584581
2020-03-26 16:48:00,-0.32254247558216775
2020-03-26 16:51:00,-0.28528710246592937
2020-03-26 16:54:00,-0.3062949927626164
2020-03-26 16:57:00,-0.36622011003248645
2020-03-26 17:00:00,-0.2911140040994269
2020-03-26 17:03:00,-0.3250575191979692
2020-03-26 17:06:00,-0.35899942265979234
2020-03-26 17:09:00,-0.18065671774621705
2020-03-26 17:12:00,-0.255125819701675
2020-03-26 17:15:00,-0.2295896680738565
2020-03-26 17:18:00,-0.22054280516499603
2020-03-26 17:21:00,-0.22155034370257454
2020-03-26 17:24:00,-0.20210577026966803
2020-03-26 17:27:00,-0.17652748842834853
2020-03-26 17:30:00,-0.11475869767116365
2020-03-26 17:33:00,-0.07604852555158459
2020-03-26 17:36:00,-0.05616360763343664
2020-03-26 17:39:00,-0.17056359789143016
2020-03-26 17:42:00,-0.05312910221442735
2020-03-26 17:45:00,-0.03658778825109721
2020-03-26 17:48:00,-0.0767116008533435
2020-03-26 17:51:00,-0.10675302239087614
2020-03-26 17:54:00,-0.14509178913567666
2020-03-26 17:57:00,-0.15360053735065549
2020-03-26 18:00:00,-0.12205456629664013
2020-03-26 18:03:00,-0.06815477241195822
2020-03-26 18:06:00,-0.18035563811969268
2020-03-26 18:09:00,-0.15868306842901347
2020-03-26 18:12:00,-0.1422791685264997
2020-03-26 18:15:00,-0.08542238860019324
2020-03-26 18:18:00,-0.09738563429749547
2020-03-26 18:21:00,-0.1652219774796322
2020-03-26 18:24:00,-0.1322763348641729
2020-03-26 18:27:00,-0.15915981185941064
2020-03-26 18:30:00,-0.06691996132809663
2020-03-26 18:33:00,-0.1130392928498054
2020-03-26 18:36:00,-0.10817612270159316
2020-03-26 18:39:00,-0.15300004236502218
2020-03-26 18:42:00,-0.08997206828763638
2020-03-26 18:45:00,-0.09082314936836156
2020-03-26 18:48:00,-0.10516136652125851
2020-03-26 18:51:00,-0.12433653034759118
2020-03-26 18:54:00,
2020-03-26 18:57:00,
2020-03-26 19:00:00,
2020-03-26 19:03:00,0.0508177062307027
2020-03-26 19:06:00,0.09289040626561018
2020-03-26 19:09:00,0.019982015063703784
2020-03-26 19:12:00,0.06679856397778394
2020-03-26 19:15:00,0.027666686327791012
2020-03-26 19:18:00,-0.054904644559996996
2020-03-26 19:21:00,-0.03318629588193289
2020-03-26 19:24:00,-0.05904059987591381
2020-03-26 19:27:00,0.03974752861478237
2020-03-26 19:30:00,0.024898617702149295
2020-03-26 19:33:00,0.04182153801457389
2020-03-26 19:36:00,-0.04021398765098638
2020-03-26 19:39:00,-0.050911223472951406
2020-03-26 19:42:00,-0.024285034698266372
2020-03-26 19:45:00,0.05871648686718345
2020-03-26 19:48:00,0.035681953206392336
2020-03-26 19:51:00,0.020539194083653456
2020-03-26 19:54:00,-0.08678430609234056
2020-03-26 19:57:00,0.0063596804919825445
2020-03-26 20:00:00,0.05734334874654223
2020-03-26 20:03:00,0.004054815882057028
2020-03-26 20:06:00,-0.04138061529101833
2020-03-26 20:09:00,0.11587960388607144
2020-03-26 20:12:00,0.025056633312658505
2020-03-26 20:15:00,0.016747566532387737
2020-03-26 20:18:00,-0.029569973034426766
2020-03-26 20:21:00,0.0782832705303349
2020-03-26 20:24:00,-0.035689298244051315
2020-03-26 20:27:00,0.013840373715424903
2020-03-26 20:30:00,0.05980500204566397
2020-03-26 20:33:00,0.020791107940851816
2020-03-26 20:36:00,0.05715001234932515
2020-03-26 20:39:00,0.017029419939319723
2020-03-26 20:42:00,0.011228253296394541
2020-03-26 20:45:00,0.2105348614126683
2020-03-26 20:48:00,0.17811898259600412
2020-03-26 20:51:00,0.09596819457442507
2020-03-26 20:54:00,0.0715367500520756
2020-03-26 20:57:00,0.18461937482118174
2020-03-26 21:00:00,0.08918327442614782
2020-03-26 21:03:00,0.10175137779077659
2020-03-26 21:06:00,0.1365565034213887
2020-03-26 21:09:00,0.17326953682788826
2020-03-26 21:12:00,0.11675351789085653
2020-03-26 21:15:00,0.061959668064446305
2020-03-26 21:18:00,0.1575055705767454
2020-03-26 21:21:00,0.1290733589171964
2020-03-26 21:24:00,0.12194459891441056
2020-03-26 21:27:00,0.18044355760429198
2020-03-26 21:30:00,0.15674041185508258
2020-03-26 21:33:00,0.1322960071860848
2020-03-26 21:36:00,0.16305655170185673
2020-03-26 21:39:00,0.1862420185660767
2020-03-26 21:42:00,0.03618941678246301
2020-03-26 21:45:00,0.24529747681214076
2020-03-26 21:48:00,0.212459005258836
2020-03-26 21:51:00,0.04725908066842521
2020-03-26 21:54:00,0.1747613522779261
2020-03-26 21:57:00,0.14671366544092734
2020-03-26 22:00:00,0.18760834822967354
2020-03-26 22:03:00,0.15174296469285764
2020-03-26 22:06:00,0.1673559241791054
2020-03-26 22:09:00,0.11591308788700871
2020-03-26 22:12:00,0.09680925638201643
2020-03-26 22:15:00,0.1683300598203914
2020-03-26 22:18:00,0.14366416129411164
2020-03-26 22:21:00,0.20817378269117626
2020-03-26 22:24:00,0.21897152423127864
2020-03-26 22:27:00,0.13931122134016505
2020-03-26 22:30:00,0.14000665209090357
2020-03-26 22:33:00,0.18458409819515964
2020-03-26 22:36:00,0.18578738838175468
2020-03-26 22:39:00,0.2433680675497385
2020-03-26 22:42:00,0.14654108328653592
2020-03-26 22:45:00,0.18497881541543393
2020-03-26 22:48:00,0.21262489130373297
2020-03-26 22:51:00,0.2701010273526663
2020-03-26 22:54:00,0.23196609256063994
2020-03-26 22:57:00,0.18618294762910637
2020-03-26 23:00:00,0.22189247361654907
2020-03-26 23:03:00,0.22661850362794667
2020-03-26 23:06:00,0.20092095113943742
2020-03-26 23:09:00,0.2623143255268019
2020-03-26 23:12:00,0.17601162398324277
2020-03-26 23:15:00,0.21788700027587993
2020-03-26 23:18:00,0.27914576218825005
2020-03-26 23:21:00,0.28962324306081655
2020-03-26 23:24:00,0.2039969841338234
2020-03-26 23:27:00,0.1907000239546619
2020-03-26 23:30:00,0.2661504112427906
2020-03-26 23:33:00,0.28741148960091323
2020-03-26 23:36:00,0.29846824760335267
2020-03-26 23:39:00,0.3134426154065295
2020-03-26 23:42:00,0.22602793744601968
2020-03-26 23:45:00,0.2191367332609957
2020-03-26 23:48:00,0.20298265289204664
2020-03-26 23:51:00,0.23631132701711977
2020-03-26 23:54:00,0.2678878953403796
2020-03-26 23:57:00,0.2969672479611063
2020-03-27 00:00:00,0.26829570121026336
2020-03-27 00:03:00,0.21618344655877308
2020-03-27 00:06:00,0.3745025475479338
2020-03-27 00:09:00,0.2009065180966445
2020-03-27 00:12:00,0.30303321473303413
2020-03-27 00:15:00,0.2814266782484083
2020-03-27 00:18:00,0.28305560559135756
2020-03-27 00:21:00,0.3170491123867123
2020-03-27 00:24:00,0.25721180370737784
2020-03-27 00:27:00,0.31012920455714266
2020-03-27 00:30:00,0.31962118137101925
2020-03-27 00:33:00,0.30472294287966406
2020-03-27 00:36:00,0.26692567851551985
2020-03-27 00:39:00,0.30696338388622735
2020-03-27 00:42:00,0.27995372302814303
2020-03-27 00:45:00,0.3427026582122039
2020-03-27 00:48:00,0.30687974178812283
2020-03-27 00:51:00,0.30849686909130014
2020-03-27 00:54:00,0.28719182753383166
2020-03-27 00:57:00,0.26469648375183397
2020-03-27 01:00:00,0.35079330146083976
2020-03-27 01:03:00,0.26205098015657313
2020-03-27 01:06:00,0.33094679079709977
2020-03-27 01:09:00,0.2580125495564971
2020-03-27 01:12:00,0.19089176200003521
2020-03-27 01:15:00,0.3137792799172985
2020-03-27 01:18:00,0.2674410348321885
2020-03-27 01:21:00,0.204373822185687
2020-03-27 01:24:00,0.2607608098978176
2020-03-27 01:27:00,0.21066986907288765
2020-03-27 01:30:00,0.3147942296969859
2020-03-27 01:33:00,0.3207759966393837
2020-03-27 01:36:00,0.2718520394038251
2020-03-27 01:39:00,0.24376729829657506
2020-03-27 01:42:00,0.28262150167512345
2020-03-27 01:45:00,0.27341386841800386
2020-03-27 01:48:00,0.22895916654346138
2020-03-27 01:51:00,0.2598668812490246
2020-03-27 01:54:00,0.3425596830874156
2020-03-27 01:57:00,0.25753221739012133
2020-03-27 02:00:00,0.19585504885219507
2020-03-27 02:03:00,0.30355721054036167
2020-03-27 02:06:00,0.22732533700508384
2020-03-27 02:09:00,0.26258944312735366
2020-03-27 02:12:00,0.18857460729543618
2020-03-27 02:15:00,0.24356578265798134
2020-03-27 02:18:00,0.2033492893955895
2020-03-27 02:21:00,0.227899499728494
2020-03-27 02:24:00,0.2543017550053719
2020-03-27 02:27:00,0.21627935920650998
2020-03-27 02:30:00,0.23490637314307605
2020-03-27 02:33:00,0.14568650840647024
2020-03-27 02:36:00,0.28310136239599615
2020-03-27 02:39:00,0.2622739319997436
2020-03-27 02:42:00,0.35852833360814884
2020-03-27 02:45:00,0.31006901881045223
2020-03-27 02:48:00,0.2794631689437779
2020-03-27 02:51:00,0.2822034807192608
2020-03-27 02:54:00,0.21894168063607822
2020-03-27 02:57:00,0.3340363584005672
2020-03-27 03:00:00,0.3719977952285376
2020-03-27 03:03:00,0.18195135569123977
2020-03-27 03:06:00,0.3412623638756145
2020-03-27 03:09:00,0.21557044895621402
2020-03-27 03:12:00,0.24818718391691164
2020-03-27 03:15:00,0.19561429893190052
2020-03-27 03:18:00,0.28395576998133265
2020-03-27 03:21:00,0.22348463736346957
2020-03-27 03:24:00,0.28579840080777785
2020-03-27 03:27:00,0.2926821165901856
2020-03-27 03:30:00,0.2281948449647757
2020-03-27 03:33:00,0.27894080369014773
2020-03-27 03:36:00,0.29391700681253496
2020-03-27 03:39:00,0.35838936040175895
2020-03-27 03:42:00,0.28277903267184
2020-03-27 03:45:00,0.3521422881576086
2020-03-27 03:48:00,0.2812478705198487
2020-03-27 03:51:00,0.28391098280826554
2020-03-27 03:54:00,0.24941154174729263
2020-03-27 03:57:00,0.3731911139402655
2020-03-27 04:00:00,0.3580956932809727
2020-03-27 04:03:00,0.2381360649582689
2020-03-27 04:06:00,0.3482638227498569
2020-03-27 04:09:00,0.3558873043747326
2020-03-27 04:12:00,0.328209671787306
2020-03-27 04:15:00,0.3132375759918773
2020-03-27 04:18:00,0.35450702568113
2020-03-27 04:21:00,0.3018797146146994
2020-03-27 04:24:00,0.33053141073270353
2020-03-27 04:27:00,0.310683794747149
2020-03-27 04:30:00,0.3236978068878784
2020-03-27 04:33:00,0.3202121279686594
2020-03-27 04:36:00,0.2945574929906343
2020-03-27 04:39:00,0.3829283043630767
2020-03-27 04:42:00,0.3581432486714675
2020-03-27 04:45:00,0.2518593125755615
2020-03-27 04:48:00,0.2844076735452177
2020-03-27 04:51:00,0.27626172681516437
2020-03-27 04:54:00,0.3928182858078344
2020-03-27 04:57:00,0.33649481849602125
2020-03-27 05:00:00,0.37463181985879146
2020-03-27 05:03:00,0.33808776043105127
2020-03-27 05:06:00,0.4089420763850171
2020-03-27 05:09:00,0.3889500670239272
2020-03-27 05:12:00,0.3084919095297778
2020-03-27 05:15:00,0.31330629780558183
2020-03-27 05:18:00,0.34809222225362646
2020-03-27 05:21:00,0.32996117032183747
2020-03-27 05:24:00,0.282967881387151
2020-03-27 05:27:00,0.2505400423739843
2020-03-27 05:30:00,0.3112334094132052
2020-03-27 05:33:00,0.314181962576356
2020-03-27 05:36:00,0.37757833902151106
2020-03-27 05:39:00,0.40149548254271394
2020-03-27 05:42:00,0.32235698099674437
2020-03-27 05:45:00,0.42870289888099933
2020-03-27 05:48:00,0.22319299147517313
2020-03-27 05:51:00,0.4079653194427806
2020-03-27 05:54:00,0.36457288287698475
2020-03-27 05:57:00,0.357930932869408
2020-03-27 06:00:00,0.31318417905026763
2020-03-27 06:03:00,0.2635566634999691
2020-03-27 06:06:00,0.3624091732573902
2020-03-27 06:09:00,0.3316472074132548
2020-03-27 06:12:00,0.29913804246740483
2020-03-27 06:15:00,0.3262502273616974
2020-03-27 06:18:00,0.17262023501962176
2020-03-27 06:21:00,0.35008630407156716
2020-03-27 06:24:00,0.4047642987588915
2020-03-27 06:27:00,0.4201465170351071
2020-03-27 06:30:00,0.3060631706758272
2020-03-27 06:33:00,0.3499322178900002
2020-03-27 06:36:00,0.3741748039783488
2020-03-27 06:39:00,0.29059201587210737
2020-03-27 06:42:00,0.42366065015806953
2020-03-27 06:45:00,0.3241634266998972
2020-03-27 06:48:00,0.35978817109986494
2020-03-27 06:51:00,0.4545011262780463
2020-03-27 06:54:00,0.44904432598838184
2020-03-27 06:57:00,0.4536971614266463
2020-03-27 07:00:00,0.3556312395683108
2020-03-27 07:03:00,0.3440335674395101
2020-03-27 07:06:00,0.4292781308921576
2020-03-27 07:09:00,0.3746030385252652
2020-03-27 07:12:00,0.4491499492934281
2020-03-27 07:15:00,0.33017556029398065
2020-03-27 07:18:00,0.3718188909560922
2020-03-27 07:21:00,0.4091901831375253
2020-03-27 07:24:00,0.4121933473364834
2020-03-27 07:27:00,0.4973467316239635
2020-03-27 07:30:00,0.4926782347581593
2020-03-27 07:33:00,0.3516374530713051
2020-03-27 07:36:00,0.26938654158237796
2020-03-27 07:39:00,0.3315297166936375
2020-03-27 07:42:00,0.4013417773603578
2020-03-27 07:45:00,0.37798631223188295
2020-03-27 07:48:00,0.40943134024593064
2020-03-27 07:51:00,0.46396491345439017
2020-03-27 07:54:00,0.3047604307988081
2020-03-27 07:57:00,0.3161739841006579
2020-03-27 08:00:00,0.34643100651692293
2020-03-27 08:03:00,0.43646021859001394
2020-03-27 08:06:00,0.31420039532110877
2020-03-27 08:09:00,0.40271698435901726
2020-03-27 08:12:00,0.34598302124368274
2020-03-27 08:15:00,0.32863791231858386
2020-03-27 08:18:00,0.43139178617258267
2020-03-27 08:21:00,0.35677689097514076
2020-03-27 08:24:00,0.3492136182774743
2020-03-27 08:27:00,0.2846820795874123
2020-03-27 08:30:00,0.2984036773444245
2020-03-27 08:33:00,0.2848615203467375
2020-03-27 08:36:00,0.327443869013166
2020-03-27 08:39:00,0.18549926284623552
2020-03-27 08:42:00,0.36931256509956256
2020-03-27 08:45:00,0.21657250059200805
2020-03-27 08:48:00,0.2764501409586728
2020-03-27 08:51:00,0.27783342498054253
2020-03-27 08:54:00,0.14848102027679033
2020-03-27 08:57:00,0.17390174502804712
2020-03-27 09:00:00,0.30208602722598243
2020-03-27 09:03:00,0.19596595791659865
2020-03-27 09:06:00,0.2012417474431345
2020-03-27 09:09:00,0.19908855535339853
2020-03-27 09:12:00,0.11726171015914133
2020-03-27 09:15:00,0.1818215260168472
2020-03-27 09:18:00,0.2362600318397199
2020-03-27 09:21:00,0.16349401420336562
2020-03-27 09:24:00,0.19633443879598644
2020-03-27 09:27:00,0.19195342357147638
2020-03-27 09:30:00,0.16264275317706733
2020-03-27 09:33:00,0.05694606249858225
2020-03-27 09:36:00,0.01366890037883195
2020-03-27 09:39:00,0.08490594450807976
2020-03-27 09:42:00,0.09464480271026332
2020-03-27 09:45:00,0.01841527735797399
2020-03-27 09:48:00,0.09666777952566008
2020-03-27 09:51:00,0.08841854334406207
2020-03-27 09:54:00,0.08561384940605876
2020-03-27 09:57:00,0.07415260228668785
2020-03-27 10:00:00,0.01953327160089202
2020-03-27 10:03:00,0.06259708884493875
2020-03-27 10:06:00,-0.008894680187324866
2020-03-27 10:09:00,0.03107442480120426
2020-03-27 10:12:00,0.048956283738334605
2020-03-27 10:15:00,0.007950839299383006
2020-03-27 10:18:00,-0.04401568122614208
2020-03-27 10:21:00,-0.10671718162296884
2020-03-27 10:24:00,0.003122793259194623
2020-03-27 10:27:00,-0.08220179045167697
2020-03-27 10:30:00,-0.05361785203677982
2020-03-27 10:33:00,-0.02079138854736584
2020-03-27 10:36:00,-0.020359321245848605
2020-03-27 10:39:00,-0.14086817945565144
2020-03-27 10:42:00,0.0669735419677977
2020-03-27 10:45:00,-0.12448828249563348
2020-03-27 10:48:00,-0.11077175392608751
2020-03-27 10:51:00,-0.05549551922700857
2020-03-27 10:54:00,-0.09830407956900444
2020-03-27 10:57:00,-0.05839943875571407
2020-03-27 11:00:00,-0.09376496321414152
2020-03-27 11:03:00,-0.16429221194977117
2020-03-27 11:06:00,-0.15784626518018285
2020-03-27 11:09:00,-0.04279570012027989
2020-03-27 11:12:00,-0.14201225886773727
2020-03-27 11:15:00,-0.1659302808577081
2020-03-27 11:18:00,-0.05873073625326697
2020-03-27 11:21:00,-0.220415253067074
2020-03-27 11:24:00,0.0005087088924256022
2020-03-27 11:27:00,-0.2118415697700584
2020-03-27 11:30:00,-0.1306256789725353
2020-03-27 11:33:00,-0.15408515776050535
2020-03-27 11:36:00,-0.21802029746555718
2020-03-27 11:39:00,-0.22484953471496283
2020-03-27 11:42:00,-0.27977713789124437
2020-03-27 11:45:00,-0.2726917778028337
2020-03-27 11:48:00,-0.2883796280497677
2020-03-27 11:51:00,-0.38236516205171256
2020-03-27 11:54:00,-0.303812497463241
2020-03-27 11:57:00,-0.35831126188139706
2020-03-27 12:00:00,-0.2747127618532659
2020-03-27 12:03:00,-0.40477990869936775
2020-03-27 12:06:00,-0.3418921925243694
2020-03-27 12:09:00,-0.4141996014161009
2020-03-27 12:12:00,-0.40890648261301976
2020-03-27 12:15:00,-0.27417517247027945
2020-03-27 12:18:00,-0.5733448763577371
2020-03-27 12:21:00,-0.3686951710616313
2020-03-27 12:24:00,-0.4143130195013214
2020-03-27 12:27:00,-0.3683133516231578
2020-03-27 12:30:00,-0.2897016590907242
2020-03-27 12:33:00,-0.3693597776860429
2020-03-27 12:36:00,-0.4332900980695058
2020-03-27 12:39:00,-0.4600935505584971
2020-03-27 12:42:00,-0.38500251466831514
2020-03-27 12:45:00,-0.3578154648810141
2020-03-27 12:48:00,-0.3223286355392361
2020-03-27 12:51:00,-0.2875319234561857
2020-03-27 12:54:00,-0.41995583194676556
2020-03-27 12:57:00,-0.4460578571253109
2020-03-27 13:00:00,-0.37734426913425523
2020-03-27 13:03:00,-0.2891649335862212
2020-03-27 13:06:00,-0.407184016025667
2020-03-27 13:09:00,-0.13893853934501976
2020-03-27 13:12:00,-0.10408702574073914
2020-03-27 13:15:00,-0.1446695190930427
2020-03-27 13:18:00,-0.3506091881426414
2020-03-27 13:21:00,-0.38304503572129533
2020-03-27 13:24:00,-0.32435225052978467
2020-03-27 13:27:00,-0.37399374790419415
2020-03-27 13:30:00,-0.39787864739167844
2020-03-27 13:33:00,-0.2751992846278313
2020-03-27 13:36:00,-0.3115232795387328
2020-03-27 13:39:00,-0.09966802873486813
2020-03-27 13:42:00,-0.2124241670501874
2020-03-27 13:45:00,-0.14882282711630523
2020-03-27 13:48:00,-0.2002000475964678
2020-03-27 13:51:00,-0.41049797257846876
2020-03-27 13:54:00,-0.495195060352728
2020-03-27 13:57:00,-0.4020380558269494
2020-03-27 14:00:00,-0.4075626580375342
2020-03-27 14:03:00,-0.6962234174324635
2020-03-27 14:06:00,-0.4733231708434005
2020-03-27 14:09:00,-0.5180974271769401
2020-03-27 14:12:00,-0.45075132126402195
2020-03-27 14:15:00,-0.4662575329443257
2020-03-27 14:18:00,-0.37820282073306544
2020-03-27 14:21:00,-0.255487860994549
2020-03-27 14:24:00,-0.21342550761863777
2020-03-27 14:27:00,-0.16998065506686544
2020-03-27 14:30:00,-0.32072786753036553
2020-03-27 14:33:00,-0.42720847426369346
2020-03-27 14:36:00,-0.41674214170626556
2020-03-27 14:39:00,-0.2929589915443671
2020-03-27 14:42:00,-0.411179992739676
2020-03-27 14:45:00,-0.3190614921856536
2020-03-27 14:48:00,-0.44139315272747126
2020-03-27 14:51:00,-0.4089035968609096
2020-03-27 14:54:00,-0.5052477295931226
2020-03-27 14:57:00,-0.40793735891912775
2020-03-27 15:00:00,-0.38369941846264055
2020-03-27 15:03:00,-0.5150504344042588
2020-03-27 15:06:00,-0.23071381363087085
2020-03-27 15:09:00,-0.32199870046866863
2020-03-27 15:12:00,-0.46877993781498617
2020-03-27 15:15:00,-0.2231538490994467
2020-03-27 15:18:00,-0.06586613390140883
2020-03-27 15:21:00,-0.16241620840145288
2020-03-27 15:24:00,-0.16357299535502534
2020-03-27 15:27:00,-0.14719095986060893
2020-03-27 15:30:00,-0.24749357802386385
2020-03-27 15:33:00,-0.26764060862575434
2020-03-27 15:36:00,-0.33937771542372275
2020-03-27 15:39:00,-0.36568626153547257
2020-03-27 15:42:00,-0.4196680680548184
2020-03-27 15:45:00,-0.40477342234584057
2020-03-27 15:48:00,-0.3561660766893624
2020-03-27 15:51:00,-0.31826356042461157
2020-03-27 15:54:00,-0.35035184507938766
2020-03-27 15:57:00,-0.3488530111322916
2020-03-27 16:00:00,-0.27592224832403645
2020-03-27 16:03:00,-0.3753946808938622
2020-03-27 16:06:00,-0.3214204297060519
2020-03-27 16:09:00,-0.3823018530002287
2020-03-27 16:12:00,-0.33654162669665766
2020-03-27 16:15:00,-0.31203459016734314
2020-03-27 16:18:00,-0.19219499684305674
2020-03-27 16:21:00,-0.23038940195289115
2020-03-27 16:24:00,-0.29650910172398426
2020-03-27 16:27:00,-0.24905551069628018
2020-03-27 16:30:00,-0.45577444038218573
2020-03-27 16:33:00,-0.37864663137304433
2020-03-27 16:36:00,-0.42665356819111366
2020-03-27 16:39:00,-0.29647427347583744
2020-03-27 16:42:00,-0.28642427444384566
2020-03-27 16:45:00,-0.35426317687938536
2020-03-27 16:48:00,-0.34972779979727875
2020-03-27 16:51:00,-0.3773079182058723
2020-03-27 16:54:00,-0.2032227820167236
2020-03-27 16:57:00,-0.3660642397333618
2020-03-27 17:00:00,-0.38681943114676187
2020-03-27 17:03:00,-0.2224029079239358
2020-03-27 17:06:00,-0.25440478831649216
2020-03-27 17:09:00,-0.21822324667175508
2020-03-27 17:12:00,-0.2938385661437337
2020-03-27 17:15:00,-0.24495759341982648
2020-03-27 17:18:00,-0.28647321040494944
2020-03-27 17:21:00,-0.20787432579726328
2020-03-27 17:24:00,-0.26600183646007736
2020-03-27 17:27:00,-0.2502028258974178
2020-03-27 17:30:00,-0.32345763304647335
2020-03-27 17:33:00,-0.18414832705644812
2020-03-27 17:36:00,-0.2337371241430901
2020-03-27 17:39:00,-0.12425733142333684
2020-03-27 17:42:00,-0.23349417280189755
2020-03-27 17:45:00,-0.08810366430338945
2020-03-27 17:48:00,-0.285541068690236
2020-03-27 17:51:00,-0.12705644501875213
2020-03-27 17:54:00,-0.08200182109777643
2020-03-27 17:57:00,-0.14049249797494667
2020-03-27 18:00:00,-0.14946804470378083
2020-03-27 18:03:00,-0.20055164019663607
2020-03-27 18:06:00,-0.13623843381128609
2020-03-27 18:09:00,-0.06770196461746991
2020-03-27 18:12:00,-0.09081406891618826
2020-03-27 18:15:00,-0.14372864218842096
2020-03-27 18:18:00,-0.22500328130968228
2020-03-27 18:21:00,-0.10949948530446818
2020-03-27 18:24:00,-0.0865050213561176
2020-03-27 18:27:00,-0.1650981300977037
2020-03-27 18:30:00,-0.12406168154501529
2020-03-27 18:33:00,-0.10814211974258114
2020-03-27 18:36:00,-0.04298662481619431
2020-03-27 18:39:00,-0.12353167540419463
2020-03-27 18:42:00,-0.06547232135807235
2020-03-27 18:45:00,-0.14226480655111118
2020-03-27 18:48:00,-0.0839066364051746
2020-03-27 18:51:00,-0.09886947679621017
2020-03-27 18:54:00,-0.12527342040107214
2020-03-27 18:57:00,
2020-03-27 19:00:00,
2020-03-27 19:03:00,-0.0043121751820081045
2020-03-27 19:06:00,-0.010843368110499796
2020-03-27 19:09:00,-0.0721405987181356
2020-03-27 19:12:00,-0.06355894894466019
2020-03-27 19:15:00,-0.03892535891816351
2020-03-27 19:18:00,-0.09896778193984801
2020-03-27 19:21:00,-0.0022660291544980282
2020-03-27 19:24:00,-0.02188897387003408
2020-03-27 19:27:00,-0.02428741564176562
2020-03-27 19:30:00,-0.01223396830079082
2020-03-27 19:33:00,-0.059896259788388306
2020-03-27 19:36:00,-0.09278165898587076
2020-03-27 19:39:00,-0.08787519180253867
2020-03-27 19:42:00,-0.08917226683456647
2020-03-27 19:45:00,-0.060548079126704124
2020-03-27 19:48:00,0.016322941613452713
2020-03-27 19:51:00,-0.06350818426278693
2020-03-27 19:54:00,-0.05310265541811532
2020-03-27 19:57:00,-0.011796847411005729
2020-03-27 20:00:00,-0.019611669872176662
2020-03-27 20:03:00,-0.03492215315168323
2020-03-27 20:06:00,-0.05226772863636597
2020-03-27 20:09:00,0.0005806585647860629
2020-03-27 20:12:00,-0.015546459716290428
2020-03-27 20:15:00,0.03888873873012244
2020-03-27 20:18:00,0.03148722712393237
2020-03-27 20:21:00,0.03561092774248209
2020-03-27 20:24:00,-0.028795617033040344
2020-03-27 20:27:00,0.04062443476362887
2020-03-27 20:30:00,0.07366906224058312
2020-03-27 20:33:00,0.07931444856944836
2020-03-27 20:36:00,0.21539381253899137
2020-03-27 20:39:00,0.10819655271279771
2020-03-27 20:42:00,0.1267607501378052
2020-03-27 20:45:00,0.1350562670283466
2020-03-27 20:48:00,0.08095372055043981
2020-03-27 20:51:00,0.11710268980232286
2020-03-27 20:54:00,0.17956844300800867
2020-03-27 20:57:00,0.08024926689853373
2020-03-27 21:00:00,0.09042370140923595
2020-03-27 21:03:00,0.107900065183685
2020-03-27 21:06:00,0.10778343923647071
2020-03-27 21:09:00,0.19238462649906296
2020-03-27 21:12:00,0.14385247402600498
2020-03-27 21:15:00,0.15645056586134842
2020-03-27 21:18:00,0.040989936888649936
2020-03-27 21:21:00,0.12299160367660988
2020-03-27 21:24:00,0.08415717975060488
2020-03-27 21:27:00,0.14732238140140907
2020-03-27 21:30:00,0.12043724118109367
2020-03-27 21:33:00,0.1120546774155855
2020-03-27 21:36:00,0.1915522855562699
2020-03-27 21:39:00,0.10194635800684182
2020-03-27 21:42:00,0.1716663494705699
2020-03-27 21:45:00,0.10521673840349877
2020-03-27 21:48:00,0.05982499830264487
2020-03-27 21:51:00,0.11405943411665476
2020-03-27 21:54:00,0.23923861466812468
2020-03-27 21:57:00,0.13060961019897377
2020-03-27 22:00:00,0.13786297906176515
2020-03-27 22:03:00,0.11882615620817205
2020-03-27 22:06:00,0.16987843388778856
2020-03-27 22:09:00,0.15504034530999888
2020-03-27 22:12:00,0.06760932930995978
2020-03-27 22:15:00,0.07551119384430649
2020-03-27 22:18:00,0.1362196941321372
2020-03-27 22:21:00,0.16466794661840822
2020-03-27 22:24:00,0.1619977586538539
2020-03-27 22:27:00,0.2812766565429001
2020-03-27 22:30:00,0.13307212725288764
2020-03-27 22:33:00,0.14182836284220457
2020-03-27 22:36:00,0.19953274777907382
2020-03-27 22:39:00,0.11274443470904316
2020-03-27 22:42:00,0.24186915731786485
2020-03-27 22:45:00,0.06629109098309982
2020-03-27 22:48:00,0.10952102632745664
2020-03-27 22:51:00,0.13696045155489855
2020-03-27 22:54:00,0.20524434640361733
2020-03-27 22:57:00,0.17404575937848676
2020-03-27 23:00:00,0.13065395081815723
2020-03-27 23:03:00,0.22955424342904962
2020-03-27 23:06:00,0.12412012003744621
2020-03-27 23:09:00,0.2575944021252212
2020-03-27 23:12:00,0.23445141478163123
2020-03-27 23:15:00,0.0971438148963557
2020-03-27 23:18:00,0.24647528608824132
2020-03-27 23:21:00,0.1585688388065023
2020-03-27 23:24:00,0.15006598221384593
2020-03-27 23:27:00,0.13551709566968384
2020-03-27 23:30:00,0.18151078181995217
2020-03-27 23:33:00,0.1144259907202354
2020-03-27 23:36:00,0.16013944985849093
2020-03-27 23:39:00,0.17442776158981133
2020-03-27 23:42:00,0.07391353371428977
2020-03-27 23:45:00,0.10837511828543711
2020-03-27 23:48:00,0.18058127351974917
2020-03-27 23:51:00,0.11212891965664085
2020-03-27 23:54:00,0.14270307990045694
2020-03-27 23:57:00,0.07222398178964795
2020-03-28 00:00:00,0.18343419923360216
2020-03-28 00:03:00,0.16546576777238897
2020-03-28 00:06:00,0.13187922968631938
2020-03-28 00:09:00,0.07753297162838635
2020-03-28 00:12:00,0.2482460098347019
2020-03-28 00:15:00,0.2116456618643383
2020-03-28 00:18:00,0.20534077154229635
2020-03-28 00:21:00,0.2819541666569876
2020-03-28 00:24:00,0.12730086867435375
2020-03-28 00:27:00,0.11701899223970713
2020-03-28 00:30:00,0.2372325702405078
2020-03-28 00:33:00,0.2248444740170612
2020-03-28 00:36:00,0.2280130899229107
2020-03-28 00:39:00,0.1948660403582494
2020-03-28 00:42:00,0.10558978095491511
2020-03-28 00:45:00,0.11852390329528362
2020-03-28 00:48:00,0.16427217546771544
2020-03-28 00:51:00,0.1637341774592187
2020-03-28 00:54:00,0.20060869313505236
2020-03-28 00:57:00,0.18354063340854054
2020-03-28 01:00:00,0.1723997525976415
2020-03-28 01:03:00,0.09114843994939292
2020-03-28 01:06:00,0.24847563652662075
2020-03-28 01:09:00,0.23250420405247496
2020-03-28 01:12:00,0.2840443322999704
2020-03-28 01:15:00,0.2806595883598675
2020-03-28 01:18:00,0.15719081411231173
2020-03-28 01:21:00,0.22562518898945427
2020-03-28 01:24:00,0.14181216487310166
2020-03-28 01:27:00,0.2365895192136236
2020-03-28 01:30:00,0.1412669215646929
2020-03-28 01:33:00,0.27595836579195065
2020-03-28 01:36:00,0.1876928054846303
2020-03-28 01:39:00,0.18456377249174238
2020-03-28 01:42:00,0.15772491102586628
2020-03-28 01:45:00,0.15043475103902892
2020-03-28 01:48:00,0.25185420629372857
2020-03-28 01:51:00,0.21488614748881218
2020-03-28 01:54:00,0.2973975073582551
2020-03-28 01:57:00,0.2149280128172677
2020-03-28 02:00:00,0.1413997524718411
2020-03-28 02:03:00,0.18971707155014883
2020-03-28 02:06:00,0.23184817413181236
2020-03-28 02:09:00,0.2162913726356237
2020-03-28 02:12:00,0.26328010261659074
2020-03-28 02:15:00,0.27105539561569003
2020-03-28 02:18:00,0.23180314094202004
2020-03-28 02:21:00,0.2965878188872466
2020-03-28 02:24:00,0.29005573886962566
2020-03-28 02:27:00,0.2620105031093658
2020-03-28 02:30:00,0.2131271187134871
2020-03-28 02:33:00,0.2328973814633173
2020-03-28 02:36:00,0.3486003552089869
2020-03-28 02:39:00,0.33475440996841144
2020-03-28 02:42:00,0.3279786717815796
2020-03-28 02:45:00,0.2346609213910824
2020-03-28 02:48:00,0.25106363159568446
2020-03-28 02:51:00,0.22362369231422008
2020-03-28 02:54:00,0.213604677357921
2020-03-28 02:57:00,0.16226827631584229
2020-03-28 03:00:00,0.24606616140664528
2020-03-28 03:03:00,0.23803230695165212
2020-03-28 03:06:00,0.2586143687136655
2020-03-28 03:09:00,0.285759038166816
2020-03-28 03:12:00,0.2738904027249873
2020-03-28 03:15:00,0.24449066800963237
2020-03-28 03:18:00,0.22961347206643268
2020-03-28 03:21:00,0.3625114132619274
2020-03-28 03:24:00,0.36313347568483323
2020-03-28 03:27:00,0.2779844662877622
2020-03-28 03:30:00,0.28858889690661726
2020-03-28 03:33:00,0.2514478814602512
2020-03-28 03:36:00,0.23328636556266247
2020-03-28 03:39:00,0.34493657331330496
2020-03-28 03:42:00,0.24442394152720226
2020-03-28 03:45:00,0.2872201718974452
2020-03-28 03:48:00,0.2744430297544227
2020-03-28 03:51:00,0.2515136132369662
2020-03-28 03:54:00,0.2854085165910192
2020-03-28 03:57:00,0.31932297033409895
2020-03-28 04:00:00,0.2865256598590804
2020-03-28 04:03:00,0.2395598247522912
2020-03-28 04:06:00,0.3110127235658524
2020-03-28 04:09:00,0.26102629052536486
2020-03-28 04:12:00,0.2833741881074161
2020-03-28 04:15:00,0.33414961463194004
2020-03-28 04:18:00,0.28944166378454383
2020-03-28 04:21:00,0.26587530109270574
2020-03-28 04:24:00,0.2994439824493611
2020-03-28 04:27:00,0.29897415746245315
2020-03-28 04:30:00,0.31265704663707083
2020-03-28 04:33:00,0.34480230648307497
2020-03-28 04:36:00,0.30528829214358666
2020-03-28 04:39:00,0.30562052449755583
2020-03-28 04:42:00,0.32242283495583024
2020-03-28 04:45:00,0.32233168951290736
2020-03-28 04:48:00,0.30577977662153444
2020-03-28 04:51:00,0.4273350272076186
2020-03-28 04:54:00,0.3456244006086422
2020-03-28 04:57:00,0.33210338791093363
2020-03-28 05:00:00,0.2490503022254984
2020-03-28 05:03:00,0.3385219556438983
2020-03-28 05:06:00,0.348291367253978
2020-03-28 05:09:00,0.43742643260463865
2020-03-28 05:12:00,0.3995719154117978
2020-03-28 05:15:00,0.2860628711595723
2020-03-28 05:18:00,0.37710974440506106
2020-03-28 05:21:00,0.33759141441504426
2020-03-28 05:24:00,0.34351118425826144
2020-03-28 05:27:00,0.3918482864169732
2020-03-28 05:30:00,0.31342744615426454
2020-03-28 05:33:00,0.3059185739472241
2020-03-28 05:36:00,0.3782645259393007
2020-03-28 05:39:00,0.3310062067805575
2020-03-28 05:42:00,0.4667353851052667
2020-03-28 05:45:00,0.3730292662839929
2020-03-28 05:48:00,0.43775183620363123
2020-03-28 05:51:00,0.3243624202200408
2020-03-28 05:54:00,0.3187474239612129
2020-03-28 05:57:00,0.4105038827145222
2020-03-28 06:00:00,0.3464955649552621
2020-03-28 06:03:00,0.37542277387143486
2020-03-28 06:06:00,0.34058218911172844
2020-03-28 06:09:00,0.4118502983959047
2020-03-28 06:12:00,0.36494617728493495
2020-03-28 06:15:00,0.46212017375586356
2020-03-28 06:18:00,0.387959374916079
2020-03-28 06:21:00,0.32469272973571606
2020-03-28 06:24:00,0.384546167084693
2020-03-28 06:27:00,0.4458197106373518
2020-03-28 06:30:00,0.42850281814099844
2020-03-28 06:33:00,0.3518719229076055
2020-03-28 06:36:00,0.4315066353181578
2020-03-28 06:39:00,0.41503574327180104
2020-03-28 06:42:00,0.3612453091753878
2020-03-28 06:45:00,0.39028553303296576
2020-03-28 06:48:00,0.47539119869827573
2020-03-28 06:51:00,0.41768052617885587
2020-03-28 06:54:00,0.4298277584321113
2020-03-28 06:57:00,0.4386786909608418
2020-03-28 07:00:00,0.4510038748474585
2020-03-28 07:03:00,0.38677459109874235
2020-03-28 07:06:00,0.39230048647027616
2020-03-28 07:09:00,0.39800702115354625
2020-03-28 07:12:00,0.44846483863295816
2020-03-28 07:15:00,0.3820806685104685
2020-03-28 07:18:00,0.43302578625213073
2020-03-28 07:21:00,0.42279514417759856
2020-03-28 07:24:00,0.4310742789757569
2020-03-28 07:27:00,0.4132984576676222
2020-03-28 07:30:00,0.3950876291861505
2020-03-28 07:33:00,0.46919401476043276
2020-03-28 07:36:00,0.4125550482775111
2020-03-28 07:39:00,0.41018628147105574
2020-03-28 07:42:00,0.4111699610768369
2020-03-28 07:45:00,0.4633734042279798
2020-03-28 07:48:00,0.32296515906250534
2020-03-28 07:51:00,0.361447474742306
2020-03-28 07:54:00,0.34807586801770185
2020-03-28 07:57:00,0.3456429654127646
2020-03-28 08:00:00,0.32231924910576026
2020-03-28 08:03:00,0.33251522815152157
2020-03-28 08:06:00,0.2946969938608959
2020-03-28 08:09:00,0.2775949909972155
2020-03-28 08:12:00,0.20891898367881367
2020-03-28 08:15:00,0.25719687008142955
2020-03-28 08:18:00,0.27568998231146224
2020-03-28 08:21:00,0.36635664355799236
2020-03-28 08:24:00,0.2660054535851941
2020-03-28 08:27:00,0.3319948964839341
2020-03-28 08:30:00,0.2094245550767937
2020-03-28 08:33:00,0.2718977490487191
2020-03-28 08:36:00,0.2884484719987199
2020-03-28 08:39:00,0.22904967799229325
2020-03-28 08:42:00,0.24896935781964658
2020-03-28 08:45:00,0.17653202336043705
2020-03-28 08:48:00,0.3174590855912811
2020-03-28 08:51:00,0.2867490341064354
2020-03-28 08:54:00,0.12975856287306442
2020-03-28 08:57:00,0.17671984824170295
2020-03-28 09:00:00,0.196610982916809
2020-03-28 09:03:00,0.17627884880511147
2020-03-28 09:06:00,0.13452525645573132
2020-03-28 09:09:00,0.0748567157143043
2020-03-28 09:12:00,0.20991783253060703
2020-03-28 09:15:00,0.10921172090235132
2020-03-28 09:18:00,0.11987195135822049
2020-03-28 09:21:00,0.1387403164949319
2020-03-28 09:24:00,0.12531844385807744
2020-03-28 09:27:00,0.03846628280416553
2020-03-28 09:30:00,0.11401460231951432
2020-03-28 09:33:00,0.04943061202618537
2020-03-28 09:36:00,-0.10201098515460671
2020-03-28 09:39:00,0.10257598519336852
2020-03-28 09:42:00,0.05020647091663477
2020-03-28 09:45:00,-0.03151492682746948
2020-03-28 09:48:00,-0.019500496614796248
2020-03-28 09:51:00,-0.07842539873553278
2020-03-28 09:54:00,-0.00903282319814025
2020-03-28 09:57:00,0.0433182757897157
2020-03-28 10:00:00,-0.09255887130223073
2020-03-28 10:03:00,-0.11599804665814872
2020-03-28 10:06:00,-0.03232435586636484
2020-03-28 10:09:00,0.009849806262138827
2020-03-28 10:12:00,-0.029529679831512112
2020-03-28 10:15:00,-0.10551572889346517
2020-03-28 10:18:00,-0.16183433591629637
2020-03-28 10:21:00,-0.06579032647675831
2020-03-28 10:24:00,0.013513511566316083
2020-03-28 10:27:00,-0.172739077444362
2020-03-28 10:30:00,-0.13721105222231245
2020-03-28 10:33:00,-0.06516513133180979
2020-03-28 10:36:00,-0.19370964611806585
2020-03-28 10:39:00,0.0037072247168339345
2020-03-28 10:42:00,-0.08742613300751145
2020-03-28 10:45:00,-0.08724742623002157
2020-03-28 10:48:00,-0.1337104410058032
2020-03-28 10:51:00,-0.10786043659572897
2020-03-28 10:54:00,-0.11372730337274106
2020-03-28 10:57:00,-0.033279907770975115
2020-03-28 11:00:00,-0.06310047316486589
2020-03-28 11:03:00,-0.10006302343799689
2020-03-28 11:06:00,-0.02680756681576213
2020-03-28 11:09:00,-0.058606353528944055
2020-03-28 11:12:00,-0.09885546155510383
2020-03-28 11:15:00,-0.1337262296091808
2020-03-28 11:18:00,-0.08971111324439107
2020-03-28 11:21:00,-0.26173568590195373
2020-03-28 11:24:00,-0.13484980895839271
2020-03-28 11:27:00,-0.17220176262247833
2020-03-28 11:30:00,-0.14042891113990663
2020-03-28 11:33:00,-0.19626403674828907
2020-03-28 11:36:00,-0.07132792784830144
2020-03-28 11:39:00,-0.21403275390719045
2020-03-28 11:42:00,-0.11187427300103536
2020-03-28 11:45:00,-0.1656313382820258
2020-03-28 11:48:00,-0.2408014289283642
2020-03-28 11:51:00,-0.21479683325276255
2020-03-28 11:54:00,-0.311631946121679
2020-03-28 11:57:00,-0.17626062447953927
2020-03-28 12:00:00,-0.22532002811419716
2020-03-28 12:03:00,-0.2855272767849897
2020-03-28 12:06:00,-0.3346863120162311
2020-03-28 12:09:00,-0.214454046150081
2020-03-28 12:12:00,-0.29553833367117477
2020-03-28 12:15:00,-0.2761992090074159
2020-03-28 12:18:00,-0.3366886765674053
2020-03-28 12:21:00,-0.25455679631585326
2020-03-28 12:24:00,-0.2841128840586862
2020-03-28 12:27:00,-0.2814594891324873
2020-03-28 12:30:00,-0.2589115314299306
2020-03-28 12:33:00,-0.36884869857135527
2020-03-28 12:36:00,-0.3648046381118206
2020-03-28 12:39:00,-0.2991317662325059
2020-03-28 12:42:00,-0.30711467079567
2020-03-28 12:45:00,-0.3275566230063873
2020-03-28 12:48:00,-0.30534591739319694
2020-03-28 12:51:00,-0.35052489726223257
2020-03-28 12:54:00,-0.32506567136323383
2020-03-28 12:57:00,-0.32388496367798325
2020-03-28 13:00:00,-0.2842866041840466
2020-03-28 13:03:00,-0.315755272270394
2020-03-28 13:06:00,-0.2709491551015617
2020-03-28 13:09:00,-0.2945474648055324
2020-03-28 13:12:00,-0.33094014605387656
2020-03-28 13:15:00,-0.2963783361512924
2020-03-28 13:18:00,-0.31163672054935887
2020-03-28 13:21:00,-0.2466623980619147
2020-03-28 13:24:00,-0.4669604400718299
2020-03-28 13:27:00,-0.31918875343365016
2020-03-28 13:30:00,-0.35912176379116545
2020-03-28 13:33:00,-0.3946081009465843
2020-03-28 13:36:00,-0.35005897863680957
2020-03-28 13:39:00,-0.36093784010353147
2020-03-28 13:42:00,-0.32690451952879584
2020-03-28 13:45:00,-0.34971522606042527
2020-03-28 13:48:00,-0.3234662179312977
2020-03-28 13:51:00,-0.2825641733855946
2020-03-28 13:54:00,-0.2056804662702234
2020-03-28 13:57:00,-0.24298296178187684
2020-03-28 14:00:00,-0.16665064630774395
2020-03-28 14:03:00,-0.23564991806932767
2020-03-28 14:06:00,-0.23878712276712122
2020-03-28 14:09:00,-0.3057637986539703
2020-03-28 14:12:00,-0.39862712709617654
2020-03-28 14:15:00,-0.3011948737579928
2020-03-28 14:18:00,-0.28177250417490995
2020-03-28 14:21:00,-0.3917061983065082
2020-03-28 14:24:00,-0.228864253790789
2020-03-28 14:27:00,-0.35679487766225293
2020-03-28 14:30:00,-0.2582782710298943
2020-03-28 14:33:00,-0.16638124272736832
2020-03-28 14:36:00,-0.1761682801041502
2020-03-28 14:39:00,-0.13450473311900168
2020-03-28 14:42:00,-0.2236481102373773
2020-03-28 14:45:00,-0.30513979254754986
2020-03-28 14:48:00,-0.14653551643084484
2020-03-28 14:51:00,-0.3263847186056523
2020-03-28 14:54:00,-0.13251366325528124
2020-03-28 14:57:00,-0.30336333098972545
2020-03-28 15:00:00,-0.2842731414993409
2020-03-28 15:03:00,-0.3349925251222885
2020-03-28 15:06:00,-0.20095140145440382
2020-03-28 15:09:00,-0.13697308356842086
2020-03-28 15:12:00,-0.12681002347238746
2020-03-28 15:15:00,-0.17463038829663446
2020-03-28 15:18:00,-0.213248102343357
2020-03-28 15:21:00,-0.10271582056793704
2020-03-28 15:24:00,-0.067366873921344
2020-03-28 15:27:00,-0.20211397793963215
2020-03-28 15:30:00,-0.08680317285399042
2020-03-28 15:33:00,-0.210605890123702
2020-03-28 15:36:00,-0.21080011033893697
2020-03-28 15:39:00,-0.21924438029901694
2020-03-28 15:42:00,-0.297710878930161
2020-03-28 15:45:00,-0.32846595539723467
2020-03-28 15:48:00,-0.380324573051098
2020-03-28 15:51:00,-0.3779483586997685
2020-03-28 15:54:00,-0.2576914975118143
2020-03-28 15:57:00,-0.30343724785865334
2020-03-28 16:00:00,-0.3483171089716848
2020-03-28 16:03:00,-0.37303207638939284
2020-03-28 16:06:00,-0.37010853432576596
2020-03-28 16:09:00,-0.32842047401334185
2020-03-28 16:12:00,-0.20406273168134703
2020-03-28 16:15:00,-0.4052259096665125
2020-03-28 16:18:00,-0.3669304139119163
2020-03-28 16:21:00,-0.3437802140992403
2020-03-28 16:24:00,-0.2867030688101977
2020-03-28 16:27:00,-0.39310967268022523
2020-03-28 16:30:00,-0.2674950530991964
2020-03-28 16:33:00,-0.3950021501759693
2020-03-28 16:36:00,-0.30131936838000684
2020-03-28 16:39:00,-0.0875307671756218
2020-03-28 16:42:00,-0.2679740083310662
2020-03-28 16:45:00,-0.2929626292651619
2020-03-28 16:48:00,-0.2984216066632257
2020-03-28 16:51:00,-0.24922655848416753
2020-03-28 16:54:00,-0.30179142577463836
2020-03-28 16:57:00,-0.219768912197992
2020-03-28 17:00:00,-0.22684741144990994
2020-03-28 17:03:00,-0.3848774256345564
2020-03-28 17:06:00,-0.18678879376022905
2020-03-28 17:09:00,-0.293259843092585
2020-03-28 17:12:00,-0.2546627763276206
2020-03-28 17:15:00,-0.26101408217044764
2020-03-28 17:18:00,-0.26323260913056856
2020-03-28 17:21:00,-0.25602622957308085
2020-03-28 17:24:00,-0.25925927970303064
2020-03-28 17:27:00,-0.24801681156856148
2020-03-28 17:30:00,-0.190331181979559
2020-03-28 17:33:00,-0.3597991105178835
2020-03-28 17:36:00,-0.24159046269056716
2020-03-28 17:39:00,-0.3171167825829002
2020-03-28 17:42:00,-0.08065005568204242
2020-03-28 17:45:00,-0.18104453770268947
2020-03-28 17:48:00,-0.2975798699843608
2020-03-28 17:51:00,-0.30147870948184163
2020-03-28 17:54:00,-0.22028820682839978
2020-03-28 17:57:00,-0.19068648353112394
2020-03-28 18:00:00,-0.3149078799181666
2020-03-28 18:03:00,-0.26509065960118505
2020-03-28 18:06:00,-0.16920061185425084
2020-03-28 18:09:00,-0.32925424324361074
2020-03-28 18:12:00,-0.251632660058533
2020-03-28 18:15:00,-0.19156740702698016
2020-03-28 18:18:00,-0.2431673027564898
2020-03-28 18:21:00,-0.23656669583232315
2020-03-28 18:24:00,-0.17197750719088845
2020-03-28 18:27:00,-0.12500807492284594
2020-03-28 18:30:00,-0.18352895400573743
2020-03-28 18:33:00,-0.13085603273657398
2020-03-28 18:36:00,-0.25090843155663833
2020-03-28 18:39:00,-0.2042637294920837
2020-03-28 18:42:00,-0.2519406780279496
2020-03-28 18:45:00,-0.2146929658749741
2020-03-28 18:48:00,-0.25227552374610696
2020-03-28 18:51:00,-0.0846090148672829
2020-03-28 18:54:00,
2020-03-28 18:57:00,
2020-03-28 19:00:00,
2020-03-28 19:03:00,-0.15964626890837508
2020-03-28 19:06:00,-0.07009288944334457
2020-03-28 19:09:00,-0.11450100702671762
2020-03-28 19:12:00,-0.15283227975305635
2020-03-28 19:15:00,-0.030299573044146655
2020-03-28 19:18:00,-0.04536779704613991
2020-03-28 19:21:00,0.04239865925455888
2020-03-28 19:24:00,-0.016909577059607273
2020-03-28 19:27:00,0.006794669784255802
2020-03-28 19:30:00,-0.11015714105820962
2020-03-28 19:33:00,-0.06762018391964375
2020-03-28 19:36:00,0.004911825263945957
2020-03-28 19:39:00,-0.05724819461744346
2020-03-28 19:42:00,-0.13259086608485404
2020-03-28 19:45:00,-0.028247468980680424
2020-03-28 19:48:00,-0.008909908097166408
2020-03-28 19:51:00,0.05100329241389545
2020-03-28 19:54:00,0.005157000944109313
2020-03-28 19:57:00,-0.009450894927056197
2020-03-28 20:00:00,-0.09409873656801437
2020-03-28 20:03:00,-0.06353483846169183
2020-03-28 20:06:00,0.013191734427550728
2020-03-28 20:09:00,-0.05404577247179532
2020-03-28 20:12:00,0.026855951881316287
2020-03-28 20:15:00,0.008433986783757064
2020-03-28 20:18:00,0.06177668278712645
2020-03-28 20:21:00,0.13348716915277237
2020-03-28 20:24:00,0.1183146424554593
2020-03-28 20:27:00,0.15546238957091418
2020-03-28 20:30:00,0.19641553998474137
2020-03-28 20:33:00,0.05518114419436415
2020-03-28 20:36:00,0.041401703622227615
2020-03-28 20:39:00,0.17288942031399301
2020-03-28 20:42:00,0.10595481654615924
2020-03-28 20:45:00,0.07037931644310902
2020-03-28 20:48:00,0.0682746235331706
2020-03-28 20:51:00,0.0563764419627546
2020-03-28 20:54:00,0.21084484564590866
2020-03-28 20:57:00,0.12919484120061497
2020-03-28 21:00:00,0.1192220867341689
2020-03-28 21:03:00,0.06923441132084918
2020-03-28 21:06:00,0.11716647889420528
2020-03-28 21:09:00,0.08215788934973034
2020-03-28 21:12:00,0.13150407799003005
2020-03-28 21:15:00,0.1271949255644813
2020-03-28 21:18:00,0.04657877659502674
2020-03-28 21:21:00,0.07838037981520074
2020-03-28 21:24:00,0.10748875398718383
2020-03-28 21:27:00,0.05586579144596726
2020-03-28 21:30:00,0.003525473132526713
2020-03-28 21:33:00,0.04312658572854389
2020-03-28 21:36:00,0.054532256754839636
2020-03-28 21:39:00,0.07077071465812423
2020-03-28 21:42:00,0.07039161968475582
2020-03-28 21:45:00,0.07391237032129538
2020-03-28 21:48:00,-0.02543938778364918
2020-03-28 21:51:00,0.02253627206789588
2020-03-28 21:54:00,0.07658775055853084
2020-03-28 21:57:00,0.11557215023503886
2020-03-28 22:00:00,0.09799047095913238
2020-03-28 22:03:00,0.043982443252275516
2020-03-28 22:06:00,0.07510061318845374
2020-03-28 22:09:00,0.20997515511885467
2020-03-28 22:12:00,0.24058333898011597
2020-03-28 22:15:00,0.22414807616041799
2020-03-28 22:18:00,0.16709331896680624
2020-03-28 22:21:00,0.011458675784069783
2020-03-28 22:24:00,-0.02549732887950995
2020-03-28 22:27:00,0.1355461550215864
2020-03-28 22:30:00,0.09494912844581904
2020-03-28 22:33:00,0.1448029812310665
2020-03-28 22:36:00,0.11977347829423479
2020-03-28 22:39:00,0.1275246441531408
2020-03-28 22:42:00,0.18533659744952047
2020-03-28 22:45:00,0.2872955348320261
2020-03-28 22:48:00,0.26376331713350964
2020-03-28 22:51:00,0.1367921499141289
2020-03-28 22:54:00,0.1464043073360699
2020-03-28 22:57:00,0.13259124120679644
2020-03-28 23:00:00,0.117550329096332
2020-03-28 23:03:00,0.1490646488806533
2020-03-28 23:06:00,0.20375307641643303
2020-03-28 23:09:00,0.18102374324087123
2020-03-28 23:12:00,0.2806723562478055
2020-03-28 23:15:00,0.35575983605650663
2020-03-28 23:18:00,0.15532220951808995
2020-03-28 23:21:00,0.251218389058522
2020-03-28 23:24:00,0.22053507946225182
2020-03-28 23:27:00,0.15229027864836553
2020-03-28 23:30:00,0.20922807693801815
2020-03-28 23:33:00,0.13784825883817575
2020-03-28 23:36:00,0.1429680980060084
2020-03-28 23:39:00,0.17557350547519945
2020-03-28 23:42:00,0.21405900324191407
2020-03-28 23:45:00,0.1457406228581135
2020-03-28 23:48:00,0.23039531232842592
2020-03-28 23:51:00,0.22342241251323003
2020-03-28 23:54:00,0.1930504567958451
2020-03-28 23:57:00,0.15217298890587472
2020-03-29 00:00:00,0.20313002438092553
2020-03-29 00:03:00,0.3146303725826556
2020-03-29 00:06:00,0.23722330213826126
2020-03-29 00:09:00,0.2225354044235246
2020-03-29 00:12:00,0.2732368520926798
2020-03-29 00:15:00,0.20208540043836365
2020-03-29 00:18:00,0.18990065384571153
2020-03-29 00:21:00,0.26391436260388446
2020-03-29 00:24:00,0.1868378965506281
2020-03-29 00:27:00,0.08176144337471669
2020-03-29 00:30:00,0.17368466824200368
2020-03-29 00:33:00,0.10204217951707051
2020-03-29 00:36:00,-0.008055250354573218
2020-03-29 00:39:00,0.1012990304853929
2020-03-29 00:42:00,0.11547230495165195
2020-03-29 00:45:00,0.2520837641573621
2020-03-29 00:48:00,0.18746333879431631
2020-03-29 00:51:00,0.24159423159761673
2020-03-29 00:54:00,0.17649829511583448
2020-03-29 00:57:00,0.23582842400128357
2020-03-29 01:00:00,0.21405428482813704
2020-03-29 01:03:00,0.14080900059718715
2020-03-29 01:06:00,0.24468251029452404
2020-03-29 01:09:00,0.16559254353853703
2020-03-29 01:12:00,0.15858632651901416
2020-03-29 01:15:00,0.2174476571437367
2020-03-29 01:18:00,0.19633909108108583
2020-03-29 01:21:00,0.22470330086349577
2020-03-29 01:24:00,0.19513585526902943
2020-03-29 01:27:00,0.16074748310893483
2020-03-29 01:30:00,0.2440882206610695
2020-03-29 01:33:00,0.22228617364169168
2020-03-29 01:36:00,0.19869147209482207
2020-03-29 01:39:00,0.11307210305875515
2020-03-29 01:42:00,0.2365243485498354
2020-03-29 01:45:00,0.20954783647044906
2020-03-29 01:48:00,0.23407390209501955
2020-03-29 01:51:00,0.11910053634733231
2020-03-29 01:54:00,0.21736547821586782
2020-03-29 01:57:00,0.15658619014419628
2020-03-29 02:00:00,0.2687926450415148
2020-03-29 02:03:00,0.24559941593923895
2020-03-29 02:06:00,0.20473268349252294
2020-03-29 02:09:00,0.24208205396627136
2020-03-29 02:12:00,0.09791978628754805
2020-03-29 02:15:00,0.22664504341003067
2020-03-29 02:18:00,0.2055448271999012
2020-03-29 02:21:00,0.257781384013299
2020-03-29 02:24:00,0.2567553291873992
2020-03-29 02:27:00,0.19201909230230285
2020-03-29 02:30:00,0.20985576981632903
2020-03-29 02:33:00,0.21312193963598247
2020-03-29 02:36:00,0.11565906169033724
2020-03-29 02:39:00,0.1749933681467155
2020-03-29 02:42:00,0.16447348295196207
2020-03-29 02:45:00,0.23618063084762753
2020-03-29 02:48:00,0.19458535366550223
2020-03-29 02:51:00,0.149970485228323
2020-03-29 02:54:00,0.14882870848407492
2020-03-29 02:57:00,0.2020986841491208
2020-03-29 03:00:00,0.06939695366565957
2020-03-29 03:03:00,0.17652766536463105
2020-03-29 03:06:00,0.19073417254531932
2020-03-29 03:09:00,0.14039218129755682
2020-03-29 03:12:00,0.053958210230064196
2020-03-29 03:15:00,0.17090966180973055
2020-03-29 03:18:00,0.19153648937145817
2020-03-29 03:21:00,0.12029884516778111
2020-03-29 03:24:00,0.03241883866627404
2020-03-29 03:27:00,0.13039298267040067
2020-03-29 03:30:00,0.1311663690057685
2020-03-29 03:33:00,0.1117373294734989
2020-03-29 03:36:00,0.16339383761425097
2020-03-29 03:39:00,0.24904331565710436
2020-03-29 03:42:00,0.14511952519558236
2020-03-29 03:45:00,0.06988456486612904
2020-03-29 03:48:00,0.08381906071389267
2020-03-29 03:51:00,0.24507805175068142
2020-03-29 03:54:00,0.12494986603724101
2020-03-29 03:57:00,0.1409487510929921
2020-03-29 04:00:00,0.24463579200192953
2020-03-29 04:03:00,0.12140645979673081
2020-03-29 04:06:00,0.14525337246431036
2020-03-29 04:09:00,0.02147331493057436
2020-03-29 04:12:00,0.0841643307448976
2020-03-29 04:15:00,0.08927567044446505
2020-03-29 04:18:00,0.1520795731147473
2020-03-29 04:21:00,0.2008178464149637
2020-03-29 04:24:00,0.07691510412320213
2020-03-29 04:27:00,0.16300013485567888
2020-03-29 04:30:00,0.03507422099920632
2020-03-29 04:33:00,0.152126368221559
2020-03-29 04:36:00,0.061248412091003956
2020-03-29 04:39:00,0.13720909784467494
2020-03-29 04:42:00,0.1671273321480271
2020-03-29 04:45:00,0.12175930396529111
2020-03-29 04:48:00,0.20546491144784795
2020-03-29 04:51:00,0.14165885947977586
2020-03-29 04:54:00,0.10519521308162894
2020-03-29 04:57:00,0.13136687765330635
2020-03-29 05:00:00,0.11803474117397172
2020-03-29 05:03:00,0.16541053623404878
2020-03-29 05:06:00,0.1466367978292169
2020-03-29 05:09:00,0.17671050627586737
2020-03-29 05:12:00,0.07195536567871841
2020-03-29 05:15:00,0.14540697671276348
2020-03-29 05:18:00,0.07091736250259828
2020-03-29 05:21:00,0.11084597215790382
2020-03-29 05:24:00,0.2537374299034809
2020-03-29 05:27:00,0.25066718532525556
2020-03-29 05:30:00,0.29889591146343264
2020-03-29 05:33:00,0.2725384057949327
2020-03-29 05:36:00,0.24548697208609838
2020-03-29 05:39:00,0.1672204501622332
2020-03-29 05:42:00,0.1767490509282652
2020-03-29 05:45:00,0.3015846447598278
2020-03-29 05:48:00,0.23003919525081074
2020-03-29 05:51:00,0.24190587526584295
2020-03-29 05:54:00,0.2235030700148286
2020-03-29 05:57:00,0.21207481496378477
2020-03-29 06:00:00,0.23794469544498043
2020-03-29 06:03:00,0.31837823586124614
2020-03-29 06:06:00,0.21136356713026316
2020-03-29 06:09:00,0.2908062214053757
2020-03-29 06:12:00,0.30483654323074916
2020-03-29 06:15:00,0.2311381019168266
2020-03-29 06:18:00,0.24248385365700642
2020-03-29 06:21:00,0.255095356756442
2020-03-29 06:24:00,0.17645952784778274
2020-03-29 06:27:00,0.18458330853678717
2020-03-29 06:30:00,0.21148353909433126
2020-03-29 06:33:00,0.2704312353861269
2020-03-29 06:36:00,0.20506498984104837
2020-03-29 06:39:00,0.20059382090221334
2020-03-29 06:42:00,0.15442056898598366
2020-03-29 06:45:00,0.2515971150490941
2020-03-29 06:48:00,0.2963525061075529
2020-03-29 06:51:00,0.1571495231939366
2020-03-29 06:54:00,0.21985789190136984
2020-03-29 06:57:00,0.1539178720931318
2020-03-29 07:00:00,0.1809039101099188
2020-03-29 07:03:00,0.16345023616662502
2020-03-29 07:06:00,0.2166441219399644
2020-03-29 07:09:00,0.06619285934112895
2020-03-29 07:12:00,0.21831705269136137
2020-03-29 07:15:00,0.23042679839437596
2020-03-29 07:18:00,0.2034243333053496
2020-03-29 07:21:00,0.09631142221331856
2020-03-29 07:24:00,0.22519383895968303
2020-03-29 07:27:00,0.23275841632619176
2020-03-29 07:30:00,0.17652633306011012
2020-03-29 07:33:00,0.291783987091776
2020-03-29 07:36:00,0.18301700331852544
2020-03-29 07:39:00,0.2290148969543111
2020-03-29 07:42:00,0.16548003373708298
2020-03-29 07:45:00,0.29622915397811767
2020-03-29 07:48:00,0.09769461322969164
2020-03-29 07:51:00,0.1937483432168392
2020-03-29 07:54:00,0.28388941654145583
2020-03-29 07:57:00,0.27172304333197417
2020-03-29 08:00:00,0.20154796391619811
2020-03-29 08:03:00,0.19947346887664708
2020-03-29 08:06:00,0.15100006129966914
2020-03-29 08:09:00,0.2106249870473107
2020-03-29 08:12:00,0.2122212017210927
2020-03-29 08:15:00,0.17864603332600382
2020-03-29 08:18:00,0.2464907393770659
2020-03-29 08:21:00,0.20762519879394858
2020-03-29 08:24:00,0.2480990527746485
2020-03-29 08:27:00,0.28060651418411453
2020-03-29 08:30:00,0.17759407394646587
2020-03-29 08:33:00,0.2602640604661133
2020-03-29 08:36:00,0.25012746498043725
2020-03-29 08:39:00,0.19056428732710629
2020-03-29 08:42:00,0.32243602210769495
2020-03-29 08:45:00,0.31614181304632893
2020-03-29 08:48:00,0.18660371608012838
2020-03-29 08:51:00,0.25844043905101444
2020-03-29 08:54:00,0.29585032285626767
2020-03-29 08:57:00,0.3041101435370024
2020-03-29 09:00:00,0.29397437801748083
2020-03-29 09:03:00,0.3509236867346317
2020-03-29 09:06:00,0.29871752102695837
2020-03-29 09:09:00,0.33962274268623105
2020-03-29 09:12:00,0.22118608096178605
2020-03-29 09:15:00,0.15110936055134516
2020-03-29 09:18:00,0.22422034477074249
2020-03-29 09:21:00,0.2862136752180504
2020-03-29 09:24:00,0.22924415850189916
2020-03-29 09:27:00,0.23897597522034175
2020-03-29 09:30:00,0.08786360223081147
2020-03-29 09:33:00,0.19665696020740597
2020-03-29 09:36:00,0.1810736273207567
2020-03-29 09:39:00,0.17837324459429738
2020-03-29 09:42:00,0.29959292119320935
2020-03-29 09:45:00,0.354557739801578
2020-03-29 09:48:00,0.22671360561002984
2020-03-29 09:51:00,0.23617231095835223
2020-03-29 09:54:00,0.15810974545325962
2020-03-29 09:57:00,0.29685750338649086
2020-03-29 10:00:00,0.32508630699561536
2020-03-29 10:03:00,0.31345676788043875
2020-03-29 10:06:00,0.21928088785330146
2020-03-29 10:09:00,0.23624548374687038
2020-03-29 10:12:00,0.27077907462876283
2020-03-29 10:15:00,0.23091716281572872
2020-03-29 10:18:00,0.16638601389206542
2020-03-29 10:21:00,0.15342542081265265
2020-03-29 10:24:00,0.24199190808553794
2020-03-29 10:27:00,0.25402597927302395
2020-03-29 10:30:00,0.11870612034925898
2020-03-29 10:33:00,0.09916726677545284
2020-03-29 10:36:00,0.2555702171090388
2020-03-29 10:39:00,0.1549047179973968
2020-03-29 10:42:00,0.20126892612341862
2020-03-29 10:45:00,0.1426456299034271
2020-03-29 10:48:00,0.21598883851783057
2020-03-29 10:51:00,0.1384905782762189
2020-03-29 10:54:00,0.2697929812837856
2020-03-29 10:57:00,0.3101736582466401
2020-03-29 11:00:00,0.2233448059030252
2020-03-29 11:03:00,0.2398910097945759
2020-03-29 11:06:00,0.10617602886605937
2020-03-29 11:09:00,0.06596556957720168
2020-03-29 11:12:00,0.012983193792138081
2020-03-29 11:15:00,-0.03590527813327071
2020-03-29 11:18:00,0.0016799909414544345
2020-03-29 11:21:00,0.0009902471430223159
2020-03-29 11:24:00,-0.05581863484707128
2020-03-29 11:27:00,-0.14089907752838826
2020-03-29 11:30:00,-0.1764551788320432
2020-03-29 11:33:00,-0.07353003923657297
2020-03-29 11:36:00,-0.14166320544927657
2020-03-29 11:39:00,-0.10795294936673372
2020-03-29 11:42:00,-0.14928901859781263
2020-03-29 11:45:00,-0.11206161024136918
2020-03-29 11:48:00,-0.07973020926471008
2020-03-29 11:51:00,-0.20979740851248607
2020-03-29 11:54:00,-0.19425555712405185
2020-03-29 11:57:00,-0.0654753577400129
2020-03-29 12:00:00,0.05154456542140906
2020-03-29 12:03:00,0.09471804598911149
2020-03-29 12:06:00,-0.07792835378035079
2020-03-29 12:09:00,-0.2420683087103157
2020-03-29 12:12:00,-0.21642358363732228
2020-03-29 12:15:00,-0.13317157735963292
2020-03-29 12:18:00,-0.10393199390358632
2020-03-29 12:21:00,-0.1975670700978185
2020-03-29 12:24:00,-0.22563628207467445
2020-03-29 12:27:00,-0.18643662812718276
2020-03-29 12:30:00,-0.2747720004460348
2020-03-29 12:33:00,-0.27538028674098314
2020-03-29 12:36:00,-0.30470407455544546
2020-03-29 12:39:00,-0.25278647882208816
2020-03-29 12:42:00,-0.21280635788656355
2020-03-29 12:45:00,-0.2189800739876091
2020-03-29 12:48:00,-0.32270495545333233
2020-03-29 12:51:00,-0.31678966447793755
2020-03-29 12:54:00,-0.3300971984073726
2020-03-29 12:57:00,-0.36896769768281956
2020-03-29 13:00:00,-0.26514285226812717
2020-03-29 13:03:00,-0.35024973460485853
2020-03-29 13:06:00,-0.17134710746893234
2020-03-29 13:09:00,-0.27126820337605295
2020-03-29 13:12:00,-0.3203284020224828
2020-03-29 13:15:00,-0.2643775340553134
2020-03-29 13:18:00,-0.2800522921112929
2020-03-29 13:21:00,-0.33430974781788336
2020-03-29 13:24:00,-0.298400122645603
2020-03-29 13:27:00,-0.17507562683357492
2020-03-29 13:30:00,-0.18584916185398015
2020-03-29 13:33:00,-0.17273096374231045
2020-03-29 13:36:00,-0.35827273352396105
2020-03-29 13:39:00,-0.3231797106312797
2020-03-29 13:42:00,-0.30427635301344935
2020-03-29 13:45:00,-0.2502413706153561
2020-03-29 13:48:00,-0.24954900306636318
2020-03-29 13:51:00,-0.23687050551359334
2020-03-29 13:54:00,-0.2846005235628013
2020-03-29 13:57:00,-0.15391546287236224
2020-03-29 14:00:00,-0.26600900459055765
2020-03-29 14:03:00,-0.14874685659015086
2020-03-29 14:06:00,-0.17305553332590762
2020-03-29 14:09:00,-0.14852298413870813
2020-03-29 14:12:00,-0.18218572700521918
2020-03-29 14:15:00,-0.06583374459779634
2020-03-29 14:18:00,-0.07771483726793349
2020-03-29 14:21:00,-0.02768682390262711
2020-03-29 14:24:00,-0.08091207106718912
2020-03-29 14:27:00,-0.20661328206239205
2020-03-29 14:30:00,-0.10215811074812109
2020-03-29 14:33:00,0.08021031798909917
2020-03-29 14:36:00,-0.09318744110993293
2020-03-29 14:39:00,-0.08720042179317034
2020-03-29 14:42:00,-0.14472202876356732
2020-03-29 14:45:00,0.019919821477515143
2020-03-29 14:48:00,0.002448232423319041
2020-03-29 14:51:00,0.0977777581480268
2020-03-29 14:54:00,-0.12295253341602574
2020-03-29 14:57:00,-0.21549316647622163
2020-03-29 15:00:00,-0.03605278794827882
2020-03-29 15:03:00,-0.10370464592682538
2020-03-29 15:06:00,-0.14387225252858116
2020-03-29 15:09:00,-0.3177192477528479
2020-03-29 15:12:00,-0.2975109413346786
2020-03-29 15:15:00,-0.4170634430431619
2020-03-29 15:18:00,-0.5813075745419383
2020-03-29 15:21:00,-0.3509719157443101
2020-03-29 15:24:00,-0.48354496205280384
2020-03-29 15:27:00,-0.4169568516052209
2020-03-29 15:30:00,-0.3091729397708036
2020-03-29 15:33:00,-0.30162487630747137
2020-03-29 15:36:00,-0.24573436759538936
2020-03-29 15:39:00,-0.14161973132081584
2020-03-29 15:42:00,0.41028818791738786
2020-03-29 15:45:00,0.292247292119896
2020-03-29 15:48:00,0.22060047224465507
2020-03-29 15:51:00,0.08613042646709346
2020-03-29 15:54:00,0.037570640213175466
2020-03-29 15:57:00,0.22040416511788408
2020-03-29 16:00:00,0.1614718543275444
2020-03-29 16:03:00,0.10916825367809224
2020-03-29 16:06:00,0.13940860102883335
2020-03-29 16:09:00,0.2939929082747881
2020-03-29 16:12:00,0.3785004608555482
2020-03-29 16:15:00,0.4261135258547597
2020-03-29 16:18:00,0.4031733521959495
2020-03-29 16:21:00,0.29414508632930847
2020-03-29 16:24:00,0.2920311286231936
2020-03-29 16:27:00,0.26418338000218
2020-03-29 16:30:00,0.22370715889081794
2020-03-29 16:33:00,0.2590334029018777
2020-03-29 16:36:00,0.31346610546523834
2020-03-29 16:39:00,0.4212489719695327
2020-03-29 16:42:00,0.3776800662542428
2020-03-29 16:45:00,0.3340711098883844
2020-03-29 16:48:00,0.286551246228953
2020-03-29 16:51:00,0.2674928575166291
2020-03-29 16:54:00,0.3034408004330089
2020-03-29 16:57:00,0.3760247549689666
2020-03-29 17:00:00,0.3858496700282217
2020-03-29 17:03:00,0.3720940977704572
2020-03-29 17:06:00,0.321058386038203
2020-03-29 17:09:00,0.35148878867443045
2020-03-29 17:12:00,0.34652366711895866
2020-03-29 17:15:00,0.38403897420863586
2020-03-29 17:18:00,0.265786080137957
2020-03-29 17:21:00,0.29308300250198727
2020-03-29 17:24:00,0.30595661760054327
2020-03-29 17:27:00,0.3196223434433705
2020-03-29 17:30:00,0.30497330761016883
2020-03-29 17:33:00,0.27420831487694386
2020-03-29 17:36:00,0.4036424589246508
2020-03-29 17:39:00,0.29779673241102955
2020-03-29 17:42:00,0.3572263272068881
2020-03-29 17:45:00,0.2738714019656072
2020-03-29 17:48:00,0.3312531277880453
2020-03-29 17:51:00,0.3290137392278325
2020-03-29 17:54:00,0.3028170578969025
2020-03-29 17:57:00,0.22976304428095773
2020-03-29 18:00:00,0.40875512539673764
2020-03-29 18:03:00,0.4129415362084501
2020-03-29 18:06:00,0.24694140750494853
2020-03-29 18:09:00,0.27113640151748086
2020-03-29 18:12:00,0.29595112102447274
2020-03-29 18:15:00,0.23383826831098986
2020-03-29 18:18:00,0.27428167554381844
2020-03-29 18:21:00,0.18776160311546164
2020-03-29 18:24:00,0.24547263545645137
2020-03-29 18:27:00,0.2921665968617049
2020-03-29 18:30:00,0.22856280040116417
2020-03-29 18:33:00,0.20996736805170713
2020-03-29 18:36:00,0.24867531772838447
2020-03-29 18:39:00,0.1417157162110243
2020-03-29 18:42:00,0.18120241861288378
2020-03-29 18:45:00,0.1662326402886265
2020-03-29 18:48:00,0.3042795389814046
2020-03-29 18:51:00,0.28710803872678525
2020-03-29 18:54:00,
2020-03-29 18:57:00,
2020-03-29 19:00:00,
2020-03-29 19:03:00,0.2959120203926773
2020-03-29 19:06:00,0.19260606279607373
2020-03-29 19:09:00,0.21540037239424237
2020-03-29 19:12:00,0.24851805544790295
2020-03-29 19:15:00,0.281786908012009
2020-03-29 19:18:00,0.149415496403833
2020-03-29 19:21:00,0.19743844489863704
2020-03-29 19:24:00,0.19636839254565075
2020-03-29 19:27:00,0.22670522539823423
2020-03-29 19:30:00,0.1006665514597671
2020-03-29 19:33:00,0.11250141566239336
2020-03-29 19:36:00,0.18546123880122423
2020-03-29 19:39:00,0.2226906339725474
2020-03-29 19:42:00,0.09661519795446338
2020-03-29 19:45:00,0.23001070702946436
2020-03-29 19:48:00,0.16511433272245313
2020-03-29 19:51:00,0.16937334073645616
2020-03-29 19:54:00,0.08666214231914182
2020-03-29 19:57:00,0.16520249542628562
2020-03-29 20:00:00,0.12011258571203598
2020-03-29 20:03:00,0.17800572441478835
2020-03-29 20:06:00,0.14358894384167797
2020-03-29 20:09:00,0.11350303990946031
2020-03-29 20:12:00,0.19770211033107898
2020-03-29 20:15:00,0.1452141714067352
2020-03-29 20:18:00,0.19401051713253992
2020-03-29 20:21:00,0.19518855457835116
2020-03-29 20:24:00,0.19975919977338208
2020-03-29 20:27:00,0.1430810537244156
2020-03-29 20:30:00,0.24935718391355977
2020-03-29 20:33:00,0.19994720791743248
2020-03-29 20:36:00,0.15812979139025174
2020-03-29 20:39:00,-0.011201749220219881
2020-03-29 20:42:00,0.16793016546040462
2020-03-29 20:45:00,0.11808318778673765
2020-03-29 20:48:00,0.1422774650170595
2020-03-29 20:51:00,0.16942948666968505
2020-03-29 20:54:00,0.19058300160054387
2020-03-29 20:57:00,0.08732976234193757
2020-03-29 21:00:00,0.13483127255773297
2020-03-29 21:03:00,0.22347829488614934
2020-03-29 21:06:00,0.20956610400077125
2020-03-29 21:09:00,0.14623791445785628
2020-03-29 21:12:00,0.12766229293424658
2020-03-29 21:15:00,0.1546018076016935
2020-03-29 21:18:00,0.22048795098010032
2020-03-29 21:21:00,0.11205623755239458
2020-03-29 21:24:00,0.19091518550345654
2020-03-29 21:27:00,0.38083069888386945
2020-03-29 21:30:00,0.2499372590951907
2020-03-29 21:33:00,0.17108271563614608
2020-03-29 21:36:00,0.10161786849755572
2020-03-29 21:39:00,0.06785167510849988
2020-03-29 21:42:00,0.160223430874737
2020-03-29 21:45:00,0.0890787493133871
2020-03-29 21:48:00,0.1739025572602486
2020-03-29 21:51:00,0.12754876973968976
2020-03-29 21:54:00,0.12632190672695742
2020-03-29 21:57:00,0.14103500827064863
2020-03-29 22:00:00,0.1382206884917423
2020-03-29 22:03:00,0.19024630789863295
2020-03-29 22:06:00,0.17730829555955552
2020-03-29 22:09:00,0.0919867212780332
2020-03-29 22:12:00,0.1414044202932132
2020-03-29 22:15:00,0.1763610165185696
2020-03-29 22:18:00,0.15427424646031795
2020-03-29 22:21:00,0.24781889706679294
2020-03-29 22:24:00,0.11584851384480999
2020-03-29 22:27:00,0.17378450460188333
2020-03-29 22:30:00,0.383301198765821
2020-03-29 22:33:00,0.3393207829707876
2020-03-29 22:36:00,0.1751745347838778
2020-03-29 22:39:00,0.13681127690722406
2020-03-29 22:42:00,0.15406489171778048
2020-03-29 22:45:00,0.24027561073091874
2020-03-29 22:48:00,0.19037155875707867
2020-03-29 22:51:00,0.1549018316305819
2020-03-29 22:54:00,0.212653937013215
2020-03-29 22:57:00,0.21416119396474187
2020-03-29 23:00:00,0.20080109536161217
2020-03-29 23:03:00,0.1823879826532675
2020-03-29 23:06:00,0.16533855560140864
2020-03-29 23:09:00,0.1264849668547754
2020-03-29 23:12:00,0.16751220000435296
2020-03-29 23:15:00,0.22485608892344544
2020-03-29 23:18:00,0.26171998580304034
2020-03-29 23:21:00,0.3506969120757617
2020-03-29 23:24:00,0.2709168027417945
2020-03-29 23:27:00,0.3696975718785893
2020-03-29 23:30:00,0.300149749206696
2020-03-29 23:33:00,0.2551925905483472
2020-03-29 23:36:00,0.2863332003966548
2020-03-29 23:39:00,0.3545502208454536
2020-03-29 23:42:00,0.3474724327471108
2020-03-29 23:45:00,0.2576064367404456
2020-03-29 23:48:00,0.33557846068663366
2020-03-29 23:51:00,0.26129255459477463
2020-03-29 23:54:00,0.2575192413091827
2020-03-29 23:57:00,0.19401575332017273
2020-03-30 00:00:00,0.21338173467029264
2020-03-30 00:03:00,0.29496832229062875
2020-03-30 00:06:00,0.29802194354397216
2020-03-30 00:09:00,0.2672344422323931
2020-03-30 00:12:00,0.27233744740135535
2020-03-30 00:15:00,0.25304386879162166
2020-03-30 00:18:00,0.2249852602794249
2020-03-30 00:21:00,0.2864862375888606
2020-03-30 00:24:00,0.20219919702486777
2020-03-30 00:27:00,0.20784493704195484
2020-03-30 00:30:00,0.21282363218102773
2020-03-30 00:33:00,0.22805967145040995
2020-03-30 00:36:00,0.3095489163214893
2020-03-30 00:39:00,0.24188177769781305
2020-03-30 00:42:00,0.3059229589880488
2020-03-30 00:45:00,0.24216033970816397
2020-03-30 00:48:00,0.22325062039067234
2020-03-30 00:51:00,0.3711108183394458
2020-03-30 00:54:00,0.19213219591460984
2020-03-30 00:57:00,0.2651702316640012
2020-03-30 01:00:00,0.1973442562823493
2020-03-30 01:03:00,0.29118342363926786
2020-03-30 01:06:00,0.345952136001074
2020-03-30 01:09:00,0.30297192826577657
2020-03-30 01:12:00,0.3237890337310887
2020-03-30 01:15:00,0.2761102327327194
2020-03-30 01:18:00,0.2806018039053697
2020-03-30 01:21:00,0.2709587730010412
2020-03-30 01:24:00,0.24748014061248114
2020-03-30 01:27:00,0.22852788339798735
2020-03-30 01:30:00,0.22596755588728
2020-03-30 01:33:00,0.37378142019116467
2020-03-30 01:36:00,0.32717891589118153
2020-03-30 01:39:00,0.22961956503013425
2020-03-30 01:42:00,0.30684734842458283
2020-03-30 01:45:00,0.2944201995411504
2020-03-30 01:48:00,0.20419695352308054
2020-03-30 01:51:00,0.22747039962172266
2020-03-30 01:54:00,0.260077680300526
2020-03-30 01:57:00,0.22031583003649757
2020-03-30 02:00:00,0.22719592224717644
2020-03-30 02:03:00,0.3562400816027207
2020-03-30 02:06:00,0.3765392070988014
2020-03-30 02:09:00,0.3197413193472016
2020-03-30 02:12:00,0.24731061569548274
2020-03-30 02:15:00,0.3062161104926986
2020-03-30 02:18:00,0.3148612362838321
2020-03-30 02:21:00,0.22984686355346184
2020-03-30 02:24:00,0.285116410361411
2020-03-30 02:27:00,0.3234023911566055
2020-03-30 02:30:00,0.3315428545900545
2020-03-30 02:33:00,0.3586184542479032
2020-03-30 02:36:00,0.4316659548113648
2020-03-30 02:39:00,0.40435557790470966
2020-03-30 02:42:00,0.42783745604680234
2020-03-30 02:45:00,0.4091520512401985
2020-03-30 02:48:00,0.41921962945923497
2020-03-30 02:51:00,0.31834319283598234
2020-03-30 02:54:00,0.3550836716838148
2020-03-30 02:57:00,0.32195410321577356
2020-03-30 03:00:00,0.20250528959678604
2020-03-30 03:03:00,0.21914479635461248
2020-03-30 03:06:00,0.3764491561958039
2020-03-30 03:09:00,0.3368257303234259
2020-03-30 03:12:00,0.2834860942604678
2020-03-30 03:15:00,0.2562168654563379
2020-03-30 03:18:00,0.33312564648542775
2020-03-30 03:21:00,0.258068788570597
2020-03-30 03:24:00,0.29869676621166263
2020-03-30 03:27:00,0.22216242529697183
2020-03-30 03:30:00,0.19674193236522797
2020-03-30 03:33:00,0.31239596002745884
2020-03-30 03:36:00,0.23726677025013032
2020-03-30 03:39:00,0.2481135003044983
2020-03-30 03:42:00,0.17314240704109807
2020-03-30 03:45:00,0.1400377027098898
2020-03-30 03:48:00,0.2915240825042247
2020-03-30 03:51:00,0.20800159524270612
2020-03-30 03:54:00,0.24804504553327433
2020-03-30 03:57:00,0.2292555907867495
2020-03-30 04:00:00,0.282377265984735
2020-03-30 04:03:00,0.2861168799161078
2020-03-30 04:06:00,0.2383743467115096
2020-03-30 04:09:00,0.35996687717499753
2020-03-30 04:12:00,0.25622486224830254
2020-03-30 04:15:00,0.29377308803896085
2020-03-30 04:18:00,0.2736445796715543
2020-03-30 04:21:00,0.259417976252621
2020-03-30 04:24:00,0.2016016945083834
2020-03-30 04:27:00,0.24546848986011582
2020-03-30 04:30:00,0.23721748781628094
2020-03-30 04:33:00,0.22776924386312203
2020-03-30 04:36:00,0.31454690215406345
2020-03-30 04:39:00,0.34254936319058515
2020-03-30 04:42:00,0.42410509664989604
2020-03-30 04:45:00,0.36878708548761097
2020-03-30 04:48:00,0.3772540094627175
2020-03-30 04:51:00,0.41679875295909596
2020-03-30 04:54:00,0.4029918710762104
2020-03-30 04:57:00,0.4359221210362989
2020-03-30 05:00:00,0.44332318396550363
2020-03-30 05:03:00,0.4690864363436731
2020-03-30 05:06:00,0.4808730675898687
2020-03-30 05:09:00,0.41665985274340755
2020-03-30 05:12:00,0.35117460443780146
2020-03-30 05:15:00,0.2729030760617661
2020-03-30 05:18:00,0.2933264932785846
2020-03-30 05:21:00,0.317946303588144
2020-03-30 05:24:00,0.36950190151367224
2020-03-30 05:27:00,0.2742240375320648
2020-03-30 05:30:00,0.2946313880822231
2020-03-30 05:33:00,0.32670752600074593
2020-03-30 05:36:00,0.3464923238522033
2020-03-30 05:39:00,0.3716479272727611
2020-03-30 05:42:00,0.352366390483553
2020-03-30 05:45:00,0.37133495475461586
2020-03-30 05:48:00,0.41028500992479167
2020-03-30 05:51:00,0.411939820214684
2020-03-30 05:54:00,0.3856086189009602
2020-03-30 05:57:00,0.28643678009643736
2020-03-30 06:00:00,0.4258664287760894
2020-03-30 06:03:00,0.43905258354061516
2020-03-30 06:06:00,0.3849250678843532
2020-03-30 06:09:00,0.35296496786901344
2020-03-30 06:12:00,0.369977708484555
2020-03-30 06:15:00,0.3584464932981746
2020-03-30 06:18:00,0.41898003468281786
2020-03-30 06:21:00,0.3371292177934606
2020-03-30 06:24:00,0.35781898711132953
2020-03-30 06:27:00,0.3770354717333362
2020-03-30 06:30:00,0.340429910803266
2020-03-30 06:33:00,0.32366613050783144
2020-03-30 06:36:00,0.24702388494239358
2020-03-30 06:39:00,0.3419888420350503
2020-03-30 06:42:00,0.37342889550825475
2020-03-30 06:45:00,0.28387293155719817
2020-03-30 06:48:00,0.4185935322817613
2020-03-30 06:51:00,0.3170070242237557
2020-03-30 06:54:00,0.2695099495293789
2020-03-30 06:57:00,0.3296401356443539
2020-03-30 07:00:00,0.361527410741985
2020-03-30 07:03:00,0.43299781879755983
2020-03-30 07:06:00,0.3182719075962268
2020-03-30 07:09:00,0.3275538421369788
2020-03-30 07:12:00,0.2940424675235249
2020-03-30 07:15:00,0.25614741777263816
2020-03-30 07:18:00,0.3822245918672138
2020-03-30 07:21:00,0.31938443904419955
2020-03-30 07:24:00,0.34792394252281156
2020-03-30 07:27:00,0.3265478635398722
2020-03-30 07:30:00,0.23045855091532985
2020-03-30 07:33:00,0.27336922213288517
2020-03-30 07:36:00,0.2871384050258712
2020-03-30 07:39:00,0.36644640349851443
2020-03-30 07:42:00,0.28752889207555654
2020-03-30 07:45:00,0.2884033741644316
2020-03-30 07:48:00,0.2830895545541807
2020-03-30 07:51:00,0.30320727430967054
2020-03-30 07:54:00,0.45454320480263277
2020-03-30 07:57:00,0.2749786758094501
2020-03-30 08:00:00,0.30119577307084455
2020-03-30 08:03:00,0.32566705785973227
2020-03-30 08:06:00,0.2884834044701847
2020-03-30 08:09:00,0.3820298428789215
2020-03-30 08:12:00,0.34723378295666407
2020-03-30 08:15:00,0.3090793583265281
2020-03-30 08:18:00,0.3759049907375811
2020-03-30 08:21:00,0.34357836256936025
2020-03-30 08:24:00,0.29618830658057504
2020-03-30 08:27:00,0.3296650531815999
2020-03-30 08:30:00,0.2805788554261426
2020-03-30 08:33:00,0.3188052978666178
2020-03-30 08:36:00,0.3324801699610589
2020-03-30 08:39:00,0.33316217205657495
2020-03-30 08:42:00,0.3520052312520079
2020-03-30 08:45:00,0.2628347275849592
2020-03-30 08:48:00,0.22385574328302482
2020-03-30 08:51:00,0.3734296292485624
2020-03-30 08:54:00,0.3006137376510196
2020-03-30 08:57:00,0.2951161125986914
2020-03-30 09:00:00,0.16418641246377774
2020-03-30 09:03:00,0.2555255478060303
2020-03-30 09:06:00,0.3114937403531144
2020-03-30 09:09:00,0.27886931024113437
2020-03-30 09:12:00,0.23316710414258068
2020-03-30 09:15:00,0.32714165372379966
2020-03-30 09:18:00,0.23152662664392665
2020-03-30 09:21:00,0.25992860075052704
2020-03-30 09:24:00,0.21177480676675486
2020-03-30 09:27:00,0.19523290971778806
2020-03-30 09:30:00,0.19934918466498175
2020-03-30 09:33:00,0.24350487270248777
2020-03-30 09:36:00,0.20594523288207256
2020-03-30 09:39:00,0.13938978515835743
2020-03-30 09:42:00,0.23035836397366438
2020-03-30 09:45:00,0.2542804174306639
2020-03-30 09:48:00,0.26277209822575287
2020-03-30 09:51:00,0.2658676871661214
2020-03-30 09:54:00,0.24471283320502835
2020-03-30 09:57:00,0.1103145154056051
2020-03-30 10:00:00,0.10235234230214019
2020-03-30 10:03:00,0.06809072164901409
2020-03-30 10:06:00,0.15938896146752768
2020-03-30 10:09:00,0.14506194002393613
2020-03-30 10:12:00,0.17745283425648495
2020-03-30 10:15:00,0.07754280462040697
2020-03-30 10:18:00,0.17410838076301616
2020-03-30 10:21:00,0.14962230114531394
2020-03-30 10:24:00,0.14939049003839955
2020-03-30 10:27:00,0.1385732854462276
2020-03-30 10:30:00,0.21839075608198755
2020-03-30 10:33:00,0.10135021727262483
2020-03-30 10:36:00,0.1317094974033921
2020-03-30 10:39:00,0.21843606585696307
2020-03-30 10:42:00,0.2181904415556346
2020-03-30 10:45:00,0.1860579623155445
2020-03-30 10:48:00,0.060584211914886055
2020-03-30 10:51:00,0.05126592521656903
2020-03-30 10:54:00,-0.047542281762730454
2020-03-30 10:57:00,0.181853730480384
2020-03-30 11:00:00,0.012148229536762756
2020-03-30 11:03:00,0.1567663721413055
2020-03-30 11:06:00,0.10675260471202819
2020-03-30 11:09:00,0.1398735698853102
2020-03-30 11:12:00,0.09087885210686864
2020-03-30 11:15:00,0.09779566812420626
2020-03-30 11:18:00,0.04909739357964327
2020-03-30 11:21:00,0.1992370907462373
2020-03-30 11:24:00,0.13650758799104779
2020-03-30 11:27:00,0.12367033579323561
2020-03-30 11:30:00,0.12295614201087801
2020-03-30 11:33:00,-0.005632139003978409
2020-03-30 11:36:00,-0.007611493027297911
2020-03-30 11:39:00,0.001928637485548279
2020-03-30 11:42:00,0.04833704499282021
2020-03-30 11:45:00,0.03448103315855633
2020-03-30 11:48:00,0.003076249518869645
2020-03-30 11:51:00,0.015077632648683448
2020-03-30 11:54:00,-0.04899400493985695
2020-03-30 11:57:00,0.016192439362782807
2020-03-30 12:00:00,-0.0315479527329785
2020-03-30 12:03:00,-0.09095971451722562
2020-03-30 12:06:00,-0.01908404480104764
2020-03-30 12:09:00,0.021175498676655025
2020-03-30 12:12:00,-0.0062206428878539555
2020-03-30 12:15:00,-0.028407812569639646
2020-03-30 12:18:00,-0.005586366469117365
2020-03-30 12:21:00,-0.09253078747747168
2020-03-30 12:24:00,-0.052385998932493294
2020-03-30 12:27:00,-0.08067949048717082
2020-03-30 12:30:00,-0.15398129935960014
2020-03-30 12:33:00,-0.11867025603737602
2020-03-30 12:36:00,-0.06235376962115424
2020-03-30 12:39:00,-0.08609925082890868
2020-03-30 12:42:00,-0.1112179479207498
2020-03-30 12:45:00,-0.017689894716113486
2020-03-30 12:48:00,-0.03838251756212685
2020-03-30 12:51:00,-0.0972083104113608
2020-03-30 12:54:00,0.007320887054902414
2020-03-30 12:57:00,-0.11953487193255796
2020-03-30 13:00:00,-0.10692886398459223
2020-03-30 13:03:00,-0.024260935336940292
2020-03-30 13:06:00,-0.16444976787016685
2020-03-30 13:09:00,-0.18743991244781455
2020-03-30 13:12:00,-0.1334901780685982
2020-03-30 13:15:00,-0.15225975524754176
2020-03-30 13:18:00,-0.14302180418138732
2020-03-30 13:21:00,-0.17453252895052174
2020-03-30 13:24:00,-0.12222492215829561
2020-03-30 13:27:00,-0.10580755876708281
2020-03-30 13:30:00,-0.11357063579146143
2020-03-30 13:33:00,-0.08587553761469735
2020-03-30 13:36:00,-0.1880353567027555
2020-03-30 13:39:00,-0.19734160492112096
2020-03-30 13:42:00,-0.1505046252672173
2020-03-30 13:45:00,-0.07404385573988748
2020-03-30 13:48:00,-0.2260573664311778
2020-03-30 13:51:00,-0.1988962350023371
2020-03-30 13:54:00,-0.18772671011271314
2020-03-30 13:57:00,-0.19257110778897868
2020-03-30 14:00:00,-0.15742983126745003
2020-03-30 14:03:00,-0.23351545666497486
2020-03-30 14:06:00,-0.21258628439841232
2020-03-30 14:09:00,-0.2115803801582956
2020-03-30 14:12:00,-0.3009807331535512
2020-03-30 14:15:00,-0.28031307750330825
2020-03-30 14:18:00,-0.33296848808765844
2020-03-30 14:21:00,-0.20665169540541228
2020-03-30 14:24:00,-0.25691537060276914
2020-03-30 14:27:00,-0.2321834120525068
2020-03-30 14:30:00,-0.29075824386438853
2020-03-30 14:33:00,-0.2807533027529985
2020-03-30 14:36:00,-0.2315663339795151
2020-03-30 14:39:00,-0.20638842099896237
2020-03-30 14:42:00,-0.43039606646061657
2020-03-30 14:45:00,-0.309459194647161
2020-03-30 14:48:00,-0.4008827769863501
2020-03-30 14:51:00,-0.46630699402027176
2020-03-30 14:54:00,-0.31950967708394273
2020-03-30 14:57:00,-0.1905774814683241
2020-03-30 15:00:00,-0.06431660810693529
2020-03-30 15:03:00,-0.13560472641160004
2020-03-30 15:06:00,-0.22215443838496185
2020-03-30 15:09:00,-0.29525880265083515
2020-03-30 15:12:00,-0.3360382484596016
2020-03-30 15:15:00,-0.38116254779328074
2020-03-30 15:18:00,-0.11742435776591265
2020-03-30 15:21:00,-0.18568575608617266
2020-03-30 15:24:00,-0.22856274115389397
2020-03-30 15:27:00,-0.29516165775208947
2020-03-30 15:30:00,-0.3004293859773952
2020-03-30 15:33:00,-0.29895247600069297
2020-03-30 15:36:00,-0.34334815651527606
2020-03-30 15:39:00,-0.45821789159055015
2020-03-30 15:42:00,-0.40235783588997265
2020-03-30 15:45:00,-0.44164017559859303
2020-03-30 15:48:00,-0.42982454115991686
2020-03-30 15:51:00,-0.4279313024015323
2020-03-30 15:54:00,-0.4538773209753231
2020-03-30 15:57:00,-0.37874074490054
2020-03-30 16:00:00,-0.3807109947380809
2020-03-30 16:03:00,-0.4095156846453847
2020-03-30 16:06:00,-0.2606635377021007
2020-03-30 16:09:00,-0.2872495744897492
2020-03-30 16:12:00,-0.254063160399312
2020-03-30 16:15:00,0.08702653601784505
2020-03-30 16:18:00,-0.10164939214786273
2020-03-30 16:21:00,-0.15023063506799872
2020-03-30 16:24:00,-0.17911981129606147
2020-03-30 16:27:00,-0.1694482240236539
2020-03-30 16:30:00,-0.2150161223794953
2020-03-30 16:33:00,-0.07961395060431187
2020-03-30 16:36:00,-0.10053793207310946
2020-03-30 16:39:00,0.0013872021065708395
2020-03-30 16:42:00,0.0952556946185723
2020-03-30 16:45:00,-0.1419454107157776
2020-03-30 16:48:00,0.019113889721154464
2020-03-30 16:51:00,-0.015327499549528056
2020-03-30 16:54:00,0.09380177814847457
2020-03-30 16:57:00,0.0633792214819664
2020-03-30 17:00:00,-0.013688905339904522
2020-03-30 17:03:00,-0.11247617239149577
2020-03-30 17:06:00,-0.13456040781886713
2020-03-30 17:09:00,-0.10302012221882251
2020-03-30 17:12:00,-0.054729016926273744
2020-03-30 17:15:00,-0.1962997310624246
2020-03-30 17:18:00,-0.04403561193123551
2020-03-30 17:21:00,-0.058379090945436474
2020-03-30 17:24:00,-0.17964393221262753
2020-03-30 17:27:00,-0.21387534305767986
2020-03-30 17:30:00,-0.19515211222801554
2020-03-30 17:33:00,-0.1801037323618857
2020-03-30 17:36:00,-0.12578711757680594
2020-03-30 17:39:00,-0.15715041480672198
2020-03-30 17:42:00,-0.21715008234451716
2020-03-30 17:45:00,-0.3232675428239986
2020-03-30 17:48:00,-0.222035414777622
2020-03-30 17:51:00,-0.15029894129827426
2020-03-30 17:54:00,-0.22961837438731436
2020-03-30 17:57:00,-0.1337252122098107
2020-03-30 18:00:00,-0.08915320685150618
2020-03-30 18:03:00,-0.13090728467074086
2020-03-30 18:06:00,0.0077229699675172014
2020-03-30 18:09:00,-0.015625169488828305
2020-03-30 18:12:00,-0.13326291597439877
2020-03-30 18:15:00,-0.18988077232330625
2020-03-30 18:18:00,-0.3428208843840821
2020-03-30 18:21:00,-0.24495188712580784
2020-03-30 18:24:00,-0.2506667927146964
2020-03-30 18:27:00,-0.2193725364132888
2020-03-30 18:30:00,-0.3591528757615947
2020-03-30 18:33:00,-0.34129714434726566
2020-03-30 18:36:00,-0.2765775988813175
2020-03-30 18:39:00,-0.261112594403869
2020-03-30 18:42:00,-0.1626432840180314
2020-03-30 18:45:00,-0.24591689982918297
2020-03-30 18:48:00,-0.22273212637981032
2020-03-30 18:51:00,-0.35935204648376384
2020-03-30 18:54:00,-0.2724526852281315
2020-03-30 18:57:00,
2020-03-30 19:00:00,
2020-03-30 19:03:00,-0.18234516440492143
2020-03-30 19:06:00,-0.24040149248338594
2020-03-30 19:09:00,-0.18184755278178955
2020-03-30 19:12:00,-0.11108237613723304
2020-03-30 19:15:00,-0.2005896687902009
2020-03-30 19:18:00,-0.11440554219018395
2020-03-30 19:21:00,-0.09022101008190475
2020-03-30 19:24:00,-0.06555819956730602
2020-03-30 19:27:00,-0.1872266708980419
2020-03-30 19:30:00,-0.031027244591598446
2020-03-30 19:33:00,0.041157578642014414
2020-03-30 19:36:00,-0.10013044462402831
2020-03-30 19:39:00,-0.04318369183391724
2020-03-30 19:42:00,-0.1123002392899366
2020-03-30 19:45:00,-0.03190300244153832
2020-03-30 19:48:00,-0.01367211632401677
2020-03-30 19:51:00,-0.0620260642338053
2020-03-30 19:54:00,-0.039206251591451746
2020-03-30 19:57:00,-0.0900026976688082
2020-03-30 20:00:00,-0.002645251919943803
2020-03-30 20:03:00,-0.018764340024176818
2020-03-30 20:06:00,-0.0191008711227596
2020-03-30 20:09:00,-0.015109528759069235
2020-03-30 20:12:00,-0.12903134957616658
2020-03-30 20:15:00,-0.09408618425925397
2020-03-30 20:18:00,-0.05202567814933445
2020-03-30 20:21:00,-0.27599720644161607
2020-03-30 20:24:00,-0.0012423145882962672
2020-03-30 20:27:00,-0.05293783220309933
2020-03-30 20:30:00,-0.03287996828640871
2020-03-30 20:33:00,0.04998906576918216
2020-03-30 20:36:00,-0.06540415769063657
2020-03-30 20:39:00,0.004287434814955304
2020-03-30 20:42:00,-0.029337634779494692
2020-03-30 20:45:00,0.04619553525634501
2020-03-30 20:48:00,0.03273455127367697
2020-03-30 20:51:00,0.10095563860244283
2020-03-30 20:54:00,-0.0772952524800985
2020-03-30 20:57:00,0.0417010965294935
2020-03-30 21:00:00,-0.058954438176101576
2020-03-30 21:03:00,-0.0241812706226483
2020-03-30 21:06:00,-0.08904012366207326
2020-03-30 21:09:00,0.014976504027742976
2020-03-30 21:12:00,-0.002305987425074818
2020-03-30 21:15:00,0.02869905254698324
2020-03-30 21:18:00,-0.0019083307363985114
2020-03-30 21:21:00,-0.050376805497649
2020-03-30 21:24:00,0.0066441246294743905
2020-03-30 21:27:00,0.027714207621727383
2020-03-30 21:30:00,-0.0109315529655305
2020-03-30 21:33:00,-0.006582548868550475
2020-03-30 21:36:00,0.009943985888071438
2020-03-30 21:39:00,0.059687968024661586
2020-03-30 21:42:00,0.006436161928263573
2020-03-30 21:45:00,-0.019094933395933822
2020-03-30 21:48:00,-0.0293110921155062
2020-03-30 21:51:00,0.049514632896318744
2020-03-30 21:54:00,-0.01163735707888236
2020-03-30 21:57:00,0.04193597530115767
2020-03-30 22:00:00,0.16998226172722752
2020-03-30 22:03:00,0.1368720332187081
2020-03-30 22:06:00,0.12420933527346278
2020-03-30 22:09:00,0.214170847320986
2020-03-30 22:12:00,0.24594169482026018
2020-03-30 22:15:00,0.12348567734898097
2020-03-30 22:18:00,0.14836082653539506
2020-03-30 22:21:00,0.07328692665333847
2020-03-30 22:24:00,0.14205699181781029
2020-03-30 22:27:00,0.2239858819325491
2020-03-30 22:30:00,0.5119506261167999
2020-03-30 22:33:00,0.43279893394577584
2020-03-30 22:36:00,0.4501798567868036
2020-03-30 22:39:00,0.2891084302520426
2020-03-30 22:42:00,0.4160989599876075
2020-03-30 22:45:00,0.324749428027701
2020-03-30 22:48:00,0.2724272970129391
2020-03-30 22:51:00,0.18559373346522534
2020-03-30 22:54:00,0.08464530273801074
2020-03-30 22:57:00,0.12363012393393547
2020-03-30 23:00:00,0.12786684910952317
2020-03-30 23:03:00,0.029986903713904667
2020-03-30 23:06:00,0.01609207354033515
2020-03-30 23:09:00,0.0640122894403703
2020-03-30 23:12:00,0.06725438192290767
2020-03-30 23:15:00,0.14506087763658115
2020-03-30 23:18:00,0.019221624376200452
2020-03-30 23:21:00,0.06286462636427359
2020-03-30 23:24:00,0.14787200784331844
2020-03-30 23:27:00,0.08789725405364379
2020-03-30 23:30:00,0.011846805346465317
2020-03-30 23:33:00,0.14468875418060634
2020-03-30 23:36:00,0.17463104672174268
2020-03-30 23:39:00,0.13271737061825206
2020-03-30 23:42:00,0.13495822003596913
2020-03-30 23:45:00,0.18408148943188962
2020-03-30 23:48:00,0.1443920131912364
2020-03-30 23:51:00,0.17965452663503356
2020-03-30 23:54:00,0.13235245816821362
2020-03-30 23:57:00,0.20633920459670207
2020-03-31 00:00:00,0.2485619387832685
2020-03-31 00:03:00,0.12620336301097268
2020-03-31 00:06:00,0.17988402749932675
2020-03-31 00:09:00,0.16875782387757
2020-03-31 00:12:00,0.050593455298553636
2020-03-31 00:15:00,0.2059651058984855
2020-03-31 00:18:00,0.09335708998156633
2020-03-31 00:21:00,0.19535514478451432
2020-03-31 00:24:00,0.27837685456404415
2020-03-31 00:27:00,0.1900707185467354
2020-03-31 00:30:00,0.046258983869677195
2020-03-31 00:33:00,0.11084635443245361
2020-03-31 00:36:00,0.1890558909147444
2020-03-31 00:39:00,0.15638223454612898
2020-03-31 00:42:00,0.14803449929178214
2020-03-31 00:45:00,0.20991364843092697
2020-03-31 00:48:00,0.19152121200812644
2020-03-31 00:51:00,0.25335350654012245
2020-03-31 00:54:00,0.28401292544799617
2020-03-31 00:57:00,0.2574608927791928
2020-03-31 01:00:00,0.37082034898952543
2020-03-31 01:03:00,0.38811744570688234
2020-03-31 01:06:00,0.3503683552792154
2020-03-31 01:09:00,0.29786531983489795
2020-03-31 01:12:00,0.24660937480450684
2020-03-31 01:15:00,0.28999896756522503
2020-03-31 01:18:00,0.3461439366769241
2020-03-31 01:21:00,0.2536024338081688
2020-03-31 01:24:00,0.22633116765177874
2020-03-31 01:27:00,0.24100625653028374
2020-03-31 01:30:00,0.280977432336158
2020-03-31 01:33:00,0.24587539284357263
2020-03-31 01:36:00,0.17537335529823395
2020-03-31 01:39:00,0.2176887701230612
2020-03-31 01:42:00,0.20301054422128573
2020-03-31 01:45:00,0.16938765077401285
2020-03-31 01:48:00,0.23992112272105715
2020-03-31 01:51:00,0.1892889791027983
2020-03-31 01:54:00,0.26806504233132955
2020-03-31 01:57:00,0.2915985712378415
2020-03-31 02:00:00,0.17339951410417598
2020-03-31 02:03:00,0.20505675468848494
2020-03-31 02:06:00,0.25956921713174097
2020-03-31 02:09:00,0.3163056686316281
2020-03-31 02:12:00,0.31347765213178036
2020-03-31 02:15:00,0.2445846767330977
2020-03-31 02:18:00,0.3148058729655645
2020-03-31 02:21:00,0.2865570554700412
2020-03-31 02:24:00,0.46625800546098617
2020-03-31 02:27:00,0.35701430258097844
2020-03-31 02:30:00,0.3346967593861905
2020-03-31 02:33:00,0.3053044464325012
2020-03-31 02:36:00,0.3490655655098749
2020-03-31 02:39:00,0.33095908244104066
2020-03-31 02:42:00,0.37280603932293843
2020-03-31 02:45:00,0.3867963388512976
2020-03-31 02:48:00,0.4114705609756584
2020-03-31 02:51:00,0.5015619916344463
2020-03-31 02:54:00,0.44209632254506914
2020-03-31 02:57:00,0.5151348560633551
2020-03-31 03:00:00,0.5051074658900916
2020-03-31 03:03:00,0.45953566374100774
2020-03-31 03:06:00,0.3961504613334341
2020-03-31 03:09:00,0.3212863287109258
2020-03-31 03:12:00,0.33779507171243495
2020-03-31 03:15:00,0.3137908167065575
2020-03-31 03:18:00,0.28502527378526565
2020-03-31 03:21:00,0.3585596337231891
2020-03-31 03:24:00,0.3325222358859037
2020-03-31 03:27:00,0.3270519695688563
2020-03-31 03:30:00,0.3253267126026458
2020-03-31 03:33:00,0.18414053311147427
2020-03-31 03:36:00,0.29634477121777536
2020-03-31 03:39:00,0.2799618650881257
2020-03-31 03:42:00,0.23502844507896725
2020-03-31 03:45:00,0.17798201110093714
2020-03-31 03:48:00,0.2508516500997757
2020-03-31 03:51:00,0.2594064071975595
2020-03-31 03:54:00,0.18504464669877052
2020-03-31 03:57:00,0.20993576595913055
2020-03-31 04:00:00,0.22816190178514262
2020-03-31 04:03:00,0.17814002481054558
2020-03-31 04:06:00,0.16482498456059602
2020-03-31 04:09:00,0.38139078239510127
2020-03-31 04:12:00,0.2828261749493777
2020-03-31 04:15:00,0.3845563506822032
2020-03-31 04:18:00,0.34758716768675413
2020-03-31 04:21:00,0.3695598014736561
2020-03-31 04:24:00,0.2501347706557908
2020-03-31 04:27:00,0.2750113563961918
2020-03-31 04:30:00,0.32819119639412975
2020-03-31 04:33:00,0.4159286022996298
2020-03-31 04:36:00,0.6357323435994999
2020-03-31 04:39:00,0.5440326320555755
2020-03-31 04:42:00,0.4590200619905431
2020-03-31 04:45:00,0.38501636640160086
2020-03-31 04:48:00,0.30644587716960814
2020-03-31 04:51:00,0.3259741321512024
2020-03-31 04:54:00,0.2319608126285857
2020-03-31 04:57:00,0.10263048320109647
2020-03-31 05:00:00,0.1626561161494351
2020-03-31 05:03:00,0.1676722693632655
2020-03-31 05:06:00,0.20986272805083672
2020-03-31 05:09:00,0.15257476628408995
2020-03-31 05:12:00,0.2650713085385519
2020-03-31 05:15:00,0.2182292256758842
2020-03-31 05:18:00,0.2189265604887396
2020-03-31 05:21:00,0.3295914972900391
2020-03-31 05:24:00,0.15369953465426534
2020-03-31 05:27:00,0.24434687080412232
2020-03-31 05:30:00,0.3508016960135478
2020-03-31 05:33:00,0.3044997091564028
2020-03-31 05:36:00,0.2423972786560853
2020-03-31 05:39:00,0.2276595373199939
2020-03-31 05:42:00,0.3062284666597179
2020-03-31 05:45:00,0.2605539894865956
2020-03-31 05:48:00,0.23146832294190745
2020-03-31 05:51:00,0.24098199349379001
2020-03-31 05:54:00,0.24296845168362324
2020-03-31 05:57:00,0.33529782253549456
2020-03-31 06:00:00,0.27259624554682205
2020-03-31 06:03:00,0.3686391189181677
2020-03-31 06:06:00,0.39180367433584706
2020-03-31 06:09:00,0.526746491768165
2020-03-31 06:12:00,0.4894896872910408
2020-03-31 06:15:00,0.5221298007215864
2020-03-31 06:18:00,0.5353352382516618
2020-03-31 06:21:00,0.4999902267074958
2020-03-31 06:24:00,0.4971944800167307
2020-03-31 06:27:00,0.39929877004044556
2020-03-31 06:30:00,0.4638762994866852
2020-03-31 06:33:00,0.42093518259940765
2020-03-31 06:36:00,0.5183530585665608
2020-03-31 06:39:00,0.5243093373718466
2020-03-31 06:42:00,0.4680996698830313
2020-03-31 06:45:00,0.46033285238308963
2020-03-31 06:48:00,0.4767114337500402
2020-03-31 06:51:00,0.3883580405116618
2020-03-31 06:54:00,0.40043255799827193
2020-03-31 06:57:00,0.43577681954008085
2020-03-31 07:00:00,0.4296370817962156
2020-03-31 07:03:00,0.42187376999231674
2020-03-31 07:06:00,0.4248892721128641
2020-03-31 07:09:00,0.4843384884984516
2020-03-31 07:12:00,0.4998912670204163
2020-03-31 07:15:00,0.5608926867630544
2020-03-31 07:18:00,0.5937301929234877
2020-03-31 07:21:00,0.6108004827305535
2020-03-31 07:24:00,0.5883337922359715
2020-03-31 07:27:00,0.6260809491214445
2020-03-31 07:30:00,0.5432480551057779
2020-03-31 07:33:00,0.5888019919750604
2020-03-31 07:36:00,0.5256469229505569
2020-03-31 07:39:00,0.5518372857482063
2020-03-31 07:42:00,0.5493003670647454
2020-03-31 07:45:00,0.5206744092743065
2020-03-31 07:48:00,0.48503640938326953
2020-03-31 07:51:00,0.48525585787353975
2020-03-31 07:54:00,0.46729124776805975
2020-03-31 07:57:00,0.4752919778011915
2020-03-31 08:00:00,0.44487978602950307
2020-03-31 08:03:00,0.39084410118573487
2020-03-31 08:06:00,0.3845874035933434
2020-03-31 08:09:00,0.5056929740873102
2020-03-31 08:12:00,0.48168226846127027
2020-03-31 08:15:00,0.3924340836430247
2020-03-31 08:18:00,0.45521168845112925
2020-03-31 08:21:00,0.5169910369185118
2020-03-31 08:24:00,0.4006330040020316
2020-03-31 08:27:00,0.47106563788548783
2020-03-31 08:30:00,0.5426138075757763
2020-03-31 08:33:00,0.4166531813153256
2020-03-31 08:36:00,0.48809607775825725
2020-03-31 08:39:00,0.46948801933592677
2020-03-31 08:42:00,0.3426695509321007
2020-03-31 08:45:00,0.4788626011200563
2020-03-31 08:48:00,0.45132855006067985
2020-03-31 08:51:00,0.37523159402570627
2020-03-31 08:54:00,0.35057922419156284
2020-03-31 08:57:00,0.45942236407870496
2020-03-31 09:00:00,0.32174431391769076
2020-03-31 09:03:00,0.4106760093993671
2020-03-31 09:06:00,0.2428549762402099
2020-03-31 09:09:00,0.4049797785173155
2020-03-31 09:12:00,0.3767206424173537
2020-03-31 09:15:00,0.33163909325662644
2020-03-31 09:18:00,0.36578000097648555
2020-03-31 09:21:00,0.45056822140736585
2020-03-31 09:24:00,0.3199689761750619
2020-03-31 09:27:00,0.3283185751809583
2020-03-31 09:30:00,0.2542838587220331
2020-03-31 09:33:00,0.13650510660539794
2020-03-31 09:36:00,0.18805278957773908
2020-03-31 09:39:00,0.24431375551273504
2020-03-31 09:42:00,0.24044844515799468
2020-03-31 09:45:00,0.24280881750382832
2020-03-31 09:48:00,0.3300429944098937
2020-03-31 09:51:00,0.12351303765058219
2020-03-31 09:54:00,0.21263075728785452
2020-03-31 09:57:00,0.1457462258307487
2020-03-31 10:00:00,0.12661057577156498
2020-03-31 10:03:00,0.18361445829208378
2020-03-31 10:06:00,0.2371290371113446
2020-03-31 10:09:00,0.2061585373250523
2020-03-31 10:12:00,0.26668135945681115
2020-03-31 10:15:00,0.13412630968446138
2020-03-31 10:18:00,0.10514309628621277
2020-03-31 10:21:00,0.13549671585843726
2020-03-31 10:24:00,0.06896006135951893
2020-03-31 10:27:00,0.10533588752161904
2020-03-31 10:30:00,0.12921608780379756
2020-03-31 10:33:00,0.09176069253896912
2020-03-31 10:36:00,0.0708570654005598
2020-03-31 10:39:00,0.08241321228541665
2020-03-31 10:42:00,0.07136776367229913
2020-03-31 10:45:00,0.04998880090448665
2020-03-31 10:48:00,0.07530740320953555
2020-03-31 10:51:00,-0.03031452720586003
2020-03-31 10:54:00,0.05486275990830336
2020-03-31 10:57:00,-0.0871469814051693
2020-03-31 11:00:00,-0.051776664289320706
2020-03-31 11:03:00,-0.10846643004327916
2020-03-31 11:06:00,-0.12693334128215383
2020-03-31 11:09:00,-0.1049267906203113
2020-03-31 11:12:00,-0.26550996012520045
2020-03-31 11:15:00,-0.20171050932185608
2020-03-31 11:18:00,-0.028695919566075645
2020-03-31 11:21:00,-0.037662442531882334
2020-03-31 11:24:00,-0.15520326163942855
2020-03-31 11:27:00,-0.04329982781234776
2020-03-31 11:30:00,-0.10717921013889509
2020-03-31 11:33:00,-0.19707869046118276
2020-03-31 11:36:00,-0.2293378369954553
2020-03-31 11:39:00,-0.2564374264683238
2020-03-31 11:42:00,-0.1339865956405788
2020-03-31 11:45:00,-0.14846911330903367
2020-03-31 11:48:00,-0.2084115346098656
2020-03-31 11:51:00,-0.30630205340838756
2020-03-31 11:54:00,-0.11459194225824376
2020-03-31 11:57:00,0.18013543282967248
2020-03-31 12:00:00,0.23052960384404741
2020-03-31 12:03:00,0.13761858153281992
2020-03-31 12:06:00,-0.10376015430216512
2020-03-31 12:09:00,-0.15086447632137379
2020-03-31 12:12:00,-0.3322188369173773
2020-03-31 12:15:00,-0.3217870675442214
2020-03-31 12:18:00,-0.17710414157841115
2020-03-31 12:21:00,-0.1086369079911833
2020-03-31 12:24:00,-0.3359956141520115
2020-03-31 12:27:00,-0.28879431949047785
2020-03-31 12:30:00,-0.34160713380458674
2020-03-31 12:33:00,-0.460217533680634
2020-03-31 12:36:00,-0.4046729974865002
2020-03-31 12:39:00,-0.3794318879199068
2020-03-31 12:42:00,-0.3821970861692989
2020-03-31 12:45:00,-0.35618460259178164
2020-03-31 12:48:00,-0.36348689396186273
2020-03-31 12:51:00,-0.3536948444405539
2020-03-31 12:54:00,-0.40806233087482724
2020-03-31 12:57:00,-0.3520476857981407
2020-03-31 13:00:00,-0.40155390407318237
2020-03-31 13:03:00,-0.4266120965628488
2020-03-31 13:06:00,-0.25052409461852676
2020-03-31 13:09:00,-0.2674079122277817
2020-03-31 13:12:00,-0.2802320229017141
2020-03-31 13:15:00,-0.4947177348634568
2020-03-31 13:18:00,-0.5272311932114917
2020-03-31 13:21:00,-0.4498681809056393
2020-03-31 13:24:00,-0.3667890326425436
2020-03-31 13:27:00,-0.4161158274793024
2020-03-31 13:30:00,-0.34321261093219846
2020-03-31 13:33:00,-0.2951181996705827
2020-03-31 13:36:00,-0.19279166713658924
2020-03-31 13:39:00,-0.27380955721190503
2020-03-31 13:42:00,-0.16166821682571708
2020-03-31 13:45:00,-0.2075858925123839
2020-03-31 13:48:00,-0.20871511256689246
2020-03-31 13:51:00,-0.2643576281735136
2020-03-31 13:54:00,-0.4002376816219453
2020-03-31 13:57:00,-0.2798418319030702
2020-03-31 14:00:00,-0.2919116225938865
2020-03-31 14:03:00,-0.27092126295571006
2020-03-31 14:06:00,-0.34823097185358165
2020-03-31 14:09:00,-0.3986704361566922
2020-03-31 14:12:00,-0.3856156615805162
2020-03-31 14:15:00,-0.2503636460918415
2020-03-31 14:18:00,-0.2509649395009319
2020-03-31 14:21:00,-0.40996330256143665
2020-03-31 14:24:00,-0.2352494397304099
2020-03-31 14:27:00,-0.18334740962285423
2020-03-31 14:30:00,-0.274690952276444
2020-03-31 14:33:00,-0.38851302934284604
2020-03-31 14:36:00,-0.36547684474487596
2020-03-31 14:39:00,-0.34978715275315153
2020-03-31 14:42:00,-0.5246989907219017
2020-03-31 14:45:00,-0.3646159120877428
2020-03-31 14:48:00,-0.42622496260167964
2020-03-31 14:51:00,-0.2579259985440103
2020-03-31 14:54:00,-0.28786557273127755
2020-03-31 14:57:00,-0.20713595246184013
2020-03-31 15:00:00,-0.39091112322904564
2020-03-31 15:03:00,-0.3570496140634418
2020-03-31 15:06:00,-0.353377476592982
2020-03-31 15:09:00,-0.3954743479277454
2020-03-31 15:12:00,-0.3478468051262098
2020-03-31 15:15:00,-0.39656423168719357
2020-03-31 15:18:00,-0.266870978563702
2020-03-31 15:21:00,-0.32840723981036035
2020-03-31 15:24:00,-0.39071455537134625
2020-03-31 15:27:00,-0.37821254087890566
2020-03-31 15:30:00,-0.2973709756297467
2020-03-31 15:33:00,-0.26020246201318287
2020-03-31 15:36:00,-0.3782016681878986
2020-03-31 15:39:00,-0.19269441050107616
2020-03-31 15:42:00,-0.2981676359096923
2020-03-31 15:45:00,-0.2545306146687949
2020-03-31 15:48:00,-0.3691041629577967
2020-03-31 15:51:00,-0.3420630694325837
2020-03-31 15:54:00,-0.3423673416650672
2020-03-31 15:57:00,-0.46838249895318995
2020-03-31 16:00:00,-0.36244929373191326
2020-03-31 16:03:00,-0.3948111586445293
2020-03-31 16:06:00,-0.36986046635911407
2020-03-31 16:09:00,-0.3511605300356564
2020-03-31 16:12:00,-0.426360285294777
2020-03-31 16:15:00,-0.27400556210147897
2020-03-31 16:18:00,-0.3120220842300796
2020-03-31 16:21:00,-0.3074321491546925
2020-03-31 16:24:00,-0.18784994267008415
2020-03-31 16:27:00,-0.3634633508318075
2020-03-31 16:30:00,-0.29731046821012796
2020-03-31 16:33:00,-0.2923477189128789
2020-03-31 16:36:00,-0.26938012055200034
2020-03-31 16:39:00,-0.3800388901568681
2020-03-31 16:42:00,-0.3023908398773756
2020-03-31 16:45:00,-0.3359802297993042
2020-03-31 16:48:00,-0.28136449722416046
2020-03-31 16:51:00,-0.2150594916985824
2020-03-31 16:54:00,-0.3339775095213895
2020-03-31 16:57:00,-0.34065694972139227
2020-03-31 17:00:00,-0.2821621525837372
2020-03-31 17:03:00,-0.18230459381385344
2020-03-31 17:06:00,-0.1184844750654861
2020-03-31 17:09:00,-0.20876941993964238
2020-03-31 17:12:00,-0.0592411815982814
2020-03-31 17:15:00,0.09116927133896979
2020-03-31 17:18:00,0.049215776566768454
2020-03-31 17:21:00,0.06971632278856532
2020-03-31 17:24:00,-0.024112349117899612
2020-03-31 17:27:00,-0.023835449128569053
2020-03-31 17:30:00,-0.027077087022462365
2020-03-31 17:33:00,-0.01342907071443733
2020-03-31 17:36:00,0.08289180984832001
2020-03-31 17:39:00,-0.09478458319694028
2020-03-31 17:42:00,-0.042024823272072354
2020-03-31 17:45:00,-0.1221670538538433
2020-03-31 17:48:00,-0.1828677001270762
2020-03-31 17:51:00,-0.15522024877270724
2020-03-31 17:54:00,-0.08633991609775649
2020-03-31 17:57:00,-0.14441850385725274
2020-03-31 18:00:00,-0.032031316938514465
2020-03-31 18:03:00,-0.1061099485693262
2020-03-31 18:06:00,-0.0405051597487045
2020-03-31 18:09:00,-0.0815608307005391
2020-03-31 18:12:00,-0.18981952094651433
2020-03-31 18:15:00,-0.06988908004638006
2020-03-31 18:18:00,-0.14090413494818677
2020-03-31 18:21:00,-0.22832730769511045
2020-03-31 18:24:00,-0.044607731828534725
2020-03-31 18:27:00,0.058992949505295655
2020-03-31 18:30:00,-0.10109420376284106
2020-03-31 18:33:00,-0.12963013265527934
2020-03-31 18:36:00,-0.20151653275820536
2020-03-31 18:39:00,-0.17058989832446514
2020-03-31 18:42:00,-0.20295743536485134
2020-03-31 18:45:00,-0.22223075756488697
2020-03-31 18:48:00,-0.19642758150735062
2020-03-31 18:51:00,-0.2654555872774722
2020-03-31 18:54:00,
2020-03-31 18:57:00,
2020-03-31 19:00:00,
2020-03-31 19:03:00,-0.12305879190307678
2020-03-31 19:06:00,-0.09851963033327138
2020-03-31 19:09:00,-0.06347330563232845
2020-03-31 19:12:00,-0.14853100812359799
2020-03-31 19:15:00,-0.08635671152035229
2020-03-31 19:18:00,0.0878125988808165
2020-03-31 19:21:00,-0.0356432579567354
2020-03-31 19:24:00,-0.030299827353189812
2020-03-31 19:27:00,-0.09082982947700202
2020-03-31 19:30:00,-0.0677478199885968
2020-03-31 19:33:00,-0.04531705877582226
2020-03-31 19:36:00,-0.10896620632234999
2020-03-31 19:39:00,-0.1345090249246823
2020-03-31 19:42:00,-0.06380091592080817
2020-03-31 19:45:00,0.005412799705993621
2020-03-31 19:48:00,-0.027034739946032005
2020-03-31 19:51:00,0.02422096261312845
2020-03-31 19:54:00,0.05541470132828863
2020-03-31 19:57:00,0.15671177057708974
2020-03-31 20:00:00,0.10190713876102109
2020-03-31 20:03:00,0.13239636088457019
2020-03-31 20:06:00,0.03143320030534369
2020-03-31 20:09:00,0.0387500490908792
2020-03-31 20:12:00,0.09684571247640861
2020-03-31 20:15:00,-0.033637971552423096
2020-03-31 20:18:00,0.013896376228387908
2020-03-31 20:21:00,0.010013172124558878
2020-03-31 20:24:00,0.025268416287758555
2020-03-31 20:27:00,-0.12472665786316384
2020-03-31 20:30:00,-0.03999628274902989
2020-03-31 20:33:00,-0.08737792095701025
2020-03-31 20:36:00,0.04529962953722588
2020-03-31 20:39:00,0.0020731979653305643
2020-03-31 20:42:00,0.0045030436058937084
2020-03-31 20:45:00,-0.16874573914731172
2020-03-31 20:48:00,-0.12510767023252356
2020-03-31 20:51:00,-0.020389129506611425
2020-03-31 20:54:00,-0.04035396257904722
2020-03-31 20:57:00,-0.08517233716264627
2020-03-31 21:00:00,-0.08984496733046399
2020-03-31 21:03:00,-0.05235467772644142
2020-03-31 21:06:00,-0.05265286782662315
2020-03-31 21:09:00,-0.04888663257469261
2020-03-31 21:12:00,0.02498673911327387
2020-03-31 21:15:00,0.10043604824460317
2020-03-31 21:18:00,0.06280384182724674
2020-03-31 21:21:00,0.05052907935237272
2020-03-31 21:24:00,0.092032999202047
2020-03-31 21:27:00,-0.014821818305051693
2020-03-31 21:30:00,0.04694677513271017
2020-03-31 21:33:00,0.1187215613135777
2020-03-31 21:36:00,0.18863042169505206
2020-03-31 21:39:00,0.16099354159524637
2020-03-31 21:42:00,0.22118985751075115
2020-03-31 21:45:00,0.17473489065747572
2020-03-31 21:48:00,0.17723817195894753
2020-03-31 21:51:00,0.09570208777739708
2020-03-31 21:54:00,0.11838451576079478
2020-03-31 21:57:00,0.05676025885929903
2020-03-31 22:00:00,0.25689358281562136
2020-03-31 22:03:00,0.21103252444004283
2020-03-31 22:06:00,0.25156118408870043
2020-03-31 22:09:00,0.19467093282855785
2020-03-31 22:12:00,0.13515683597250927
2020-03-31 22:15:00,0.02758457306492801
2020-03-31 22:18:00,0.021815628905244466
2020-03-31 22:21:00,0.01189095115080363
2020-03-31 22:24:00,0.02878260264378696
2020-03-31 22:27:00,0.012665042025787443
2020-03-31 22:30:00,0.11506707184992138
2020-03-31 22:33:00,0.08240453651376356
2020-03-31 22:36:00,0.09353077561269174
2020-03-31 22:39:00,-0.06166742234654521
2020-03-31 22:42:00,-0.0004898322080748585
2020-03-31 22:45:00,0.0639411109011121
2020-03-31 22:48:00,0.23181851691589372
2020-03-31 22:51:00,0.27643940182662163
2020-03-31 22:54:00,0.3311054574380137
2020-03-31 22:57:00,0.39961696890043186
2020-03-31 23:00:00,0.40159332275675297
2020-03-31 23:03:00,0.3664665239956548
2020-03-31 23:06:00,0.4523072303922504
2020-03-31 23:09:00,0.37867058673401743
2020-03-31 23:12:00,0.35269761148992984
2020-03-31 23:15:00,0.3179209381569308
2020-03-31 23:18:00,0.2294930748266779
2020-03-31 23:21:00,0.26491340591269363
2020-03-31 23:24:00,0.2598088880612295
2020-03-31 23:27:00,0.2978379243258473
2020-03-31 23:30:00,0.31674352076760215
2020-03-31 23:33:00,0.25559112452606314
2020-03-31 23:36:00,0.2648358262479178
2020-03-31 23:39:00,0.2979948617349919
2020-03-31 23:42:00,0.2948511901972779
2020-03-31 23:45:00,0.20505155391390417
2020-03-31 23:48:00,0.2795444094264212
2020-03-31 23:51:00,0.24206298515980507
2020-03-31 23:54:00,0.1693531422288288
2020-03-31 23:57:00,0.24811316351105006
2020-04-01 00:00:00,0.28774812154074425
2020-04-01 00:03:00,0.22153807166944262
2020-04-01 00:06:00,0.25586024800668383
2020-04-01 00:09:00,0.2508170952240789
2020-04-01 00:12:00,0.33289744439417746
2020-04-01 00:15:00,0.3727844958286255
2020-04-01 00:18:00,0.3643171202983808
2020-04-01 00:21:00,0.3823165190026998
2020-04-01 00:24:00,0.3883145159952619
2020-04-01 00:27:00,0.40291587649670646
2020-04-01 00:30:00,0.3540139475450701
2020-04-01 00:33:00,0.4458903803008525
2020-04-01 00:36:00,0.3920109017956861
2020-04-01 00:39:00,0.446766336021426
2020-04-01 00:42:00,0.3864825209755054
2020-04-01 00:45:00,0.35778565632415393
2020-04-01 00:48:00,0.4809268278286254
2020-04-01 00:51:00,0.4475897363957415
2020-04-01 00:54:00,0.5176941050424944
2020-04-01 00:57:00,0.5073812757515839
2020-04-01 01:00:00,0.5102164939036129
2020-04-01 01:03:00,0.4442865176562236
2020-04-01 01:06:00,0.48544603646769247
2020-04-01 01:09:00,0.38429182726133604
2020-04-01 01:12:00,0.48583063746048083
2020-04-01 01:15:00,0.4010411188169769
2020-04-01 01:18:00,0.4565609801602477
2020-04-01 01:21:00,0.45281425450883717
2020-04-01 01:24:00,0.5291888445912036
2020-04-01 01:27:00,0.39293583735548054
2020-04-01 01:30:00,0.3551150318103282
2020-04-01 01:33:00,0.39620458538934145
2020-04-01 01:36:00,0.4229969513856986
2020-04-01 01:39:00,0.39857163719472055
2020-04-01 01:42:00,0.4017579447718731
2020-04-01 01:45:00,0.3834189043251399
2020-04-01 01:48:00,0.37637150045941326
2020-04-01 01:51:00,0.3693181175949576
2020-04-01 01:54:00,0.34158389461094885
2020-04-01 01:57:00,0.42253101246757296
2020-04-01 02:00:00,0.38255764325509745
2020-04-01 02:03:00,0.30705132053310535
2020-04-01 02:06:00,0.35817100378523037
2020-04-01 02:09:00,0.333220574143013
2020-04-01 02:12:00,0.3571760009518812
2020-04-01 02:15:00,0.4036158651925916
2020-04-01 02:18:00,0.34194605993570804
2020-04-01 02:21:00,0.26297323596020306
2020-04-01 02:24:00,0.2659757647606966
2020-04-01 02:27:00,0.3200655143261315
2020-04-01 02:30:00,0.1956365133341933
2020-04-01 02:33:00,0.2936558962773006
2020-04-01 02:36:00,0.27823008884786304
2020-04-01 02:39:00,0.41722229365399244
2020-04-01 02:42:00,0.4819087158951447
2020-04-01 02:45:00,0.46957591216141736
2020-04-01 02:48:00,0.47584969970040447
2020-04-01 02:51:00,0.4097687254996458
2020-04-01 02:54:00,0.43111229879673374
2020-04-01 02:57:00,0.2603619100783021
2020-04-01 03:00:00,0.288072962686158
2020-04-01 03:03:00,0.2830174593968309
2020-04-01 03:06:00,0.36956287886329164
2020-04-01 03:09:00,0.31142424631337917
2020-04-01 03:12:00,0.304002714742694
2020-04-01 03:15:00,0.31442887129969677
2020-04-01 03:18:00,0.23158401736185397
2020-04-01 03:21:00,0.28635813366105367
2020-04-01 03:24:00,0.367100667055297
2020-04-01 03:27:00,0.2422090894349367
2020-04-01 03:30:00,0.23725574787255255
2020-04-01 03:33:00,0.2352073194334139
2020-04-01 03:36:00,0.21236510730608416
2020-04-01 03:39:00,0.27039818678292704
2020-04-01 03:42:00,0.19109574445360522
2020-04-01 03:45:00,0.3069886626053062
2020-04-01 03:48:00,0.35039743892622255
2020-04-01 03:51:00,0.4478051968367822
2020-04-01 03:54:00,0.4554521997491747
2020-04-01 03:57:00,0.45943381026899033
2020-04-01 04:00:00,0.47864670862071534
2020-04-01 04:03:00,0.5346167683615022
2020-04-01 04:06:00,0.42476263857537333
2020-04-01 04:09:00,0.47910994847359234
2020-04-01 04:12:00,0.456316960740935
2020-04-01 04:15:00,0.5166071119820117
2020-04-01 04:18:00,0.5729389629454431
2020-04-01 04:21:00,0.5715604091816999
2020-04-01 04:24:00,0.5135256764363021
2020-04-01 04:27:00,0.562871729312576
2020-04-01 04:30:00,0.5620842361914242
2020-04-01 04:33:00,0.5589396284165673
2020-04-01 04:36:00,0.5461946165800668
2020-04-01 04:39:00,0.5736396707407607
2020-04-01 04:42:00,0.5682233383301423
2020-04-01 04:45:00,0.6062034633271196
2020-04-01 04:48:00,0.636297557691762
2020-04-01 04:51:00,0.5940759517537231
2020-04-01 04:54:00,0.5233472667991919
2020-04-01 04:57:00,0.45011199661018964
2020-04-01 05:00:00,0.488359689390677
2020-04-01 05:03:00,0.3765319429961096
2020-04-01 05:06:00,0.35200562698219073
2020-04-01 05:09:00,0.36248145373139096
2020-04-01 05:12:00,0.40847381253030335
2020-04-01 05:15:00,0.2624741692748671
2020-04-01 05:18:00,0.312494874798233
2020-04-01 05:21:00,0.40339608402456406
2020-04-01 05:24:00,0.41006851059455585
2020-04-01 05:27:00,0.29767150876745063
2020-04-01 05:30:00,0.2855627754391321
2020-04-01 05:33:00,0.21785109795490598
2020-04-01 05:36:00,0.2857547861761418
2020-04-01 05:39:00,0.27815273451363964
2020-04-01 05:42:00,0.29819851675057407
2020-04-01 05:45:00,0.2439998476886558
2020-04-01 05:48:00,0.3080880074687684
2020-04-01 05:51:00,0.3426781642986043
2020-04-01 05:54:00,0.3355962788847364
2020-04-01 05:57:00,0.33263340162955046
2020-04-01 06:00:00,0.3588156210900024
2020-04-01 06:03:00,0.33167354831925877
2020-04-01 06:06:00,0.3876523705064301
2020-04-01 06:09:00,0.4195491690535391
2020-04-01 06:12:00,0.41131964558036316
2020-04-01 06:15:00,0.32610453189414557
2020-04-01 06:18:00,0.3291113100273151
2020-04-01 06:21:00,0.35767216981685124
2020-04-01 06:24:00,0.3549039356559547
2020-04-01 06:27:00,0.35275228966798977
2020-04-01 06:30:00,0.5067947406024587
2020-04-01 06:33:00,0.45355326973657384
2020-04-01 06:36:00,0.5937468403982962
2020-04-01 06:39:00,0.5666626023080426
2020-04-01 06:42:00,0.39083669381540176
2020-04-01 06:45:00,0.4617368670290034
2020-04-01 06:48:00,0.4294830354450596
2020-04-01 06:51:00,0.4515476180430369
2020-04-01 06:54:00,0.47472938634865613
2020-04-01 06:57:00,0.5572549473746449
2020-04-01 07:00:00,0.36914328428247245
2020-04-01 07:03:00,0.5062362414392965
2020-04-01 07:06:00,0.5163682267089484
2020-04-01 07:09:00,0.4610433301263015
2020-04-01 07:12:00,0.47705340097735416
2020-04-01 07:15:00,0.3368298173315907
2020-04-01 07:18:00,0.5111347877568733
2020-04-01 07:21:00,0.3338333279704102
2020-04-01 07:24:00,0.4427638842383317
2020-04-01 07:27:00,0.3989869497727341
2020-04-01 07:30:00,0.4015299150200349
2020-04-01 07:33:00,0.40250039602500465
2020-04-01 07:36:00,0.3935897486746285
2020-04-01 07:39:00,0.40428974910827264
2020-04-01 07:42:00,0.5148605302374563
2020-04-01 07:45:00,0.4271001177132234
2020-04-01 07:48:00,0.3588722268085007
2020-04-01 07:51:00,0.44641828887023394
2020-04-01 07:54:00,0.2941483988135474
2020-04-01 07:57:00,0.34206695952610744
2020-04-01 08:00:00,0.33625041378633114
2020-04-01 08:03:00,0.26860653001148194
2020-04-01 08:06:00,0.3255048734807815
2020-04-01 08:09:00,0.29884143046132294
2020-04-01 08:12:00,0.23208576664058
2020-04-01 08:15:00,0.30562051352751496
2020-04-01 08:18:00,0.3878276906374367
2020-04-01 08:21:00,0.22649403603099927
2020-04-01 08:24:00,0.33702228259795675
2020-04-01 08:27:00,0.32994357756768977
2020-04-01 08:30:00,0.3853546694159036
2020-04-01 08:33:00,0.3708068499868773
2020-04-01 08:36:00,0.35652120143311095
2020-04-01 08:39:00,0.3599650736310309
2020-04-01 08:42:00,0.2582124055940085
2020-04-01 08:45:00,0.25938075305037955
2020-04-01 08:48:00,0.26116619773131333
2020-04-01 08:51:00,0.32247299438779464
2020-04-01 08:54:00,0.2933652017800341
2020-04-01 08:57:00,0.33290789141420873
2020-04-01 09:00:00,0.3583521349726766
2020-04-01 09:03:00,0.2543481641849894
2020-04-01 09:06:00,0.29822292051011345
2020-04-01 09:09:00,0.29331789053628654
2020-04-01 09:12:00,0.2246411008906648
2020-04-01 09:15:00,0.31523986057459297
2020-04-01 09:18:00,0.2656614723796338
2020-04-01 09:21:00,0.3193471251560709
2020-04-01 09:24:00,0.30405348339490956
2020-04-01 09:27:00,0.26818587011138106
2020-04-01 09:30:00,0.21143349466109385
2020-04-01 09:33:00,0.31360390937459215
2020-04-01 09:36:00,0.36530564494916007
2020-04-01 09:39:00,0.31869516003530407
2020-04-01 09:42:00,0.30680590847333633
2020-04-01 09:45:00,0.3025159855587276
2020-04-01 09:48:00,0.24237189047300944
2020-04-01 09:51:00,0.32560044072886285
2020-04-01 09:54:00,0.3050542436652677
2020-04-01 09:57:00,0.3153643196816347
2020-04-01 10:00:00,0.25888053309734005
2020-04-01 10:03:00,0.2534066649505462
2020-04-01 10:06:00,0.31179200071204605
2020-04-01 10:09:00,0.26683376464103503
2020-04-01 10:12:00,0.3684029338045889
2020-04-01 10:15:00,0.33166034623258156
2020-04-01 10:18:00,0.29862089346124776
2020-04-01 10:21:00,0.37998905688135665
2020-04-01 10:24:00,0.3294608197459752
2020-04-01 10:27:00,0.3532137465849132
2020-04-01 10:30:00,0.28319185063543273
2020-04-01 10:33:00,0.2843675361390865
2020-04-01 10:36:00,0.39323497534581975
2020-04-01 10:39:00,0.3434982884510305
2020-04-01 10:42:00,0.3213973046686647
2020-04-01 10:45:00,0.28701618859469136
2020-04-01 10:48:00,0.36055581839610795
2020-04-01 10:51:00,0.25549387490531217
2020-04-01 10:54:00,0.1880616882598929
2020-04-01 10:57:00,0.2853171067938547
2020-04-01 11:00:00,0.2734847059692811
2020-04-01 11:03:00,0.2547549803526863
2020-04-01 11:06:00,0.35029330098331
2020-04-01 11:09:00,0.30323723217139786
2020-04-01 11:12:00,0.23343430732955994
2020-04-01 11:15:00,0.3243328578975593
2020-04-01 11:18:00,0.3043295459104911
2020-04-01 11:21:00,0.23623420071800183
2020-04-01 11:24:00,0.254859938807499
2020-04-01 11:27:00,0.263921281238197
2020-04-01 11:30:00,0.2705732351901702
2020-04-01 11:33:00,0.18399449701712456
2020-04-01 11:36:00,0.27011167621503773
2020-04-01 11:39:00,0.17503912505310382
2020-04-01 11:42:00,0.3029449421760546
2020-04-01 11:45:00,0.3659691009789867
2020-04-01 11:48:00,0.3242709659653542
2020-04-01 11:51:00,0.3631624483055589
2020-04-01 11:54:00,0.33243327622659535
2020-04-01 11:57:00,0.36222553673547964
2020-04-01 12:00:00,0.2448819449695634
2020-04-01 12:03:00,0.242118695954332
2020-04-01 12:06:00,0.27975466563964346
2020-04-01 12:09:00,0.27924142824349474
2020-04-01 12:12:00,0.24649763216018528
2020-04-01 12:15:00,0.33721345330559416
2020-04-01 12:18:00,0.22906484601492139
2020-04-01 12:21:00,0.23035087460050363
2020-04-01 12:24:00,0.3473977811324289
2020-04-01 12:27:00,0.2801345708525105
2020-04-01 12:30:00,0.25483722103530226
2020-04-01 12:33:00,0.28631985335687204
2020-04-01 12:36:00,0.17818380822882318
2020-04-01 12:39:00,0.29278772020450106
2020-04-01 12:42:00,0.3269849443702242
2020-04-01 12:45:00,0.2656342680356829
2020-04-01 12:48:00,0.2653630357013981
2020-04-01 12:51:00,0.31924832128186154
2020-04-01 12:54:00,0.27030056186595175
2020-04-01 12:57:00,0.17347236374985187
2020-04-01 13:00:00,0.18894039662552586
2020-04-01 13:03:00,0.13980721558266396
2020-04-01 13:06:00,0.1577349864709845
2020-04-01 13:09:00,0.08771870589998798
2020-04-01 13:12:00,0.21837677294132618
2020-04-01 13:15:00,0.18218984573235275
2020-04-01 13:18:00,-0.0027248984193875003
2020-04-01 13:21:00,0.10841349686023705
2020-04-01 13:24:00,0.10682299357387137
2020-04-01 13:27:00,-0.003779257986820994
2020-04-01 13:30:00,0.01831520235981543
2020-04-01 13:33:00,0.10615597128787613
2020-04-01 13:36:00,0.10223153915040939
2020-04-01 13:39:00,0.15515095449694627
2020-04-01 13:42:00,0.06245177945231717
2020-04-01 13:45:00,0.10321620350055127
2020-04-01 13:48:00,0.0804887625253059
2020-04-01 13:51:00,0.03701582372815437
2020-04-01 13:54:00,0.10612016719665007
2020-04-01 13:57:00,0.10254981860884982
2020-04-01 14:00:00,0.0019296019594889913
2020-04-01 14:03:00,0.0952864803022635
2020-04-01 14:06:00,0.1393390456768202
2020-04-01 14:09:00,0.09483025390352395
2020-04-01 14:12:00,0.052250961119852946
2020-04-01 14:15:00,-0.03498480979408214
2020-04-01 14:18:00,0.058902556196926525
2020-04-01 14:21:00,0.05499499059050095
2020-04-01 14:24:00,0.0208320347977633
2020-04-01 14:27:00,0.016896039799007667
2020-04-01 14:30:00,0.08243021482059021
2020-04-01 14:33:00,0.02550207284082262
2020-04-01 14:36:00,0.021004917774916976
2020-04-01 14:39:00,0.09049502468309356
2020-04-01 14:42:00,0.0605716252628099
2020-04-01 14:45:00,-0.02087918221855034
2020-04-01 14:48:00,-0.08806995353353386
2020-04-01 14:51:00,0.017351914960613612
2020-04-01 14:54:00,-0.04218352837085604
2020-04-01 14:57:00,-0.04411315419690709
2020-04-01 15:00:00,-0.02233923218466316
2020-04-01 15:03:00,-0.06621199581962856
2020-04-01 15:06:00,-0.1633717982856524
2020-04-01 15:09:00,-0.07540026550270795
2020-04-01 15:12:00,-0.13054883769103753
2020-04-01 15:15:00,-0.120279456704111
2020-04-01 15:18:00,-0.011667328241742325
2020-04-01 15:21:00,-0.16412362018542126
2020-04-01 15:24:00,-0.16201397676081797
2020-04-01 15:27:00,-0.19094131703917583
2020-04-01 15:30:00,-0.1668662489959729
2020-04-01 15:33:00,-0.12349969796912319
2020-04-01 15:36:00,-0.0280628175593165
2020-04-01 15:39:00,-0.06744195870601288
2020-04-01 15:42:00,-0.12119790629077443
2020-04-01 15:45:00,-0.16259841233323868
2020-04-01 15:48:00,-0.14006767809723897
2020-04-01 15:51:00,-0.19650033691846147
2020-04-01 15:54:00,-0.17531039529939108
2020-04-01 15:57:00,-0.06927469803855502
2020-04-01 16:00:00,-0.20263618863464217
2020-04-01 16:03:00,-0.22976186042984637
2020-04-01 16:06:00,-0.22150590460978492
2020-04-01 16:09:00,-0.15933648508308806
2020-04-01 16:12:00,-0.21546396782269994
2020-04-01 16:15:00,-0.23874186237424055
2020-04-01 16:18:00,-0.29862065621790634
2020-04-01 16:21:00,-0.23026581887899056
2020-04-01 16:24:00,-0.24124462345019992
2020-04-01 16:27:00,-0.247243019426719
2020-04-01 16:30:00,-0.2841874610361401
2020-04-01 16:33:00,-0.283114023313658
2020-04-01 16:36:00,-0.22884420471774547
2020-04-01 16:39:00,-0.29429378735005685
2020-04-01 16:42:00,-0.20798199538580775
2020-04-01 16:45:00,-0.4325985442337128
2020-04-01 16:48:00,-0.2663989398517401
2020-04-01 16:51:00,-0.21305034994162497
2020-04-01 16:54:00,-0.13471106322617743
2020-04-01 16:57:00,-0.20022917012801145
2020-04-01 17:00:00,-0.19978783203481498
2020-04-01 17:03:00,-0.2802755450084078
2020-04-01 17:06:00,-0.20182007123298717
2020-04-01 17:09:00,-0.064422357522119
2020-04-01 17:12:00,-0.19878138393454492
2020-04-01 17:15:00,-0.13899877584896103
2020-04-01 17:18:00,-0.1637588931035907
2020-04-01 17:21:00,-0.0333470346008653
2020-04-01 17:24:00,-0.09792393606636551
2020-04-01 17:27:00,-0.1144148469026618
2020-04-01 17:30:00,-0.1518246168388373
2020-04-01 17:33:00,-0.09206159483579768
2020-04-01 17:36:00,-0.03688019997173342
2020-04-01 17:39:00,-0.0420650967482743
2020-04-01 17:42:00,-0.07639897933205475
2020-04-01 17:45:00,-0.0270685675325808
2020-04-01 17:48:00,-0.044973475976121335
2020-04-01 17:51:00,-0.07876031926332416
2020-04-01 17:54:00,0.05286952232194153
2020-04-01 17:57:00,0.06542324725671733
2020-04-01 18:00:00,0.04468291647776823
2020-04-01 18:03:00,0.039773673488355143
2020-04-01 18:06:00,0.025130899043972477
2020-04-01 18:09:00,0.012284263900198766
2020-04-01 18:12:00,0.05249462742506239
2020-04-01 18:15:00,0.05756346024730874
2020-04-01 18:18:00,-0.025375491728311772
2020-04-01 18:21:00,0.020991377881614426
2020-04-01 18:24:00,0.13537377632968628
2020-04-01 18:27:00,0.04046771747414368
2020-04-01 18:30:00,0.04003335024088983
2020-04-01 18:33:00,0.12209286396875996
2020-04-01 18:36:00,0.10781847796118882
2020-04-01 18:39:00,0.2184532008677138
2020-04-01 18:42:00,0.18257767746752052
2020-04-01 18:45:00,0.027939185069840278
2020-04-01 18:48:00,0.2047862331610304
2020-04-01 18:51:00,0.12530800823185473
2020-04-01 18:54:00,
2020-04-01 18:57:00,
2020-04-01 19:00:00,
2020-04-01 19:03:00,0.06183907279586265
2020-04-01 19:06:00,0.15023834391973878
2020-04-01 19:09:00,0.16399565190579324
2020-04-01 19:12:00,0.31428205180367286
2020-04-01 19:15:00,0.1421294260171635
2020-04-01 19:18:00,0.13153536848176373
2020-04-01 19:21:00,0.035606642444520276
2020-04-01 19:24:00,0.10858793165107272
2020-04-01 19:27:00,0.13173170111929267
2020-04-01 19:30:00,0.13027388707746468
2020-04-01 19:33:00,-0.042923303046848105
2020-04-01 19:36:00,0.15175369604958178
2020-04-01 19:39:00,0.15528596769496517
2020-04-01 19:42:00,0.09669213808695076
2020-04-01 19:45:00,0.06201413691780999
2020-04-01 19:48:00,0.12106960951115298
2020-04-01 19:51:00,0.16365195434042334
2020-04-01 19:54:00,0.21164672922509453
2020-04-01 19:57:00,0.14481867428156647
2020-04-01 20:00:00,0.16901611104322
2020-04-01 20:03:00,0.008017475787028161
2020-04-01 20:06:00,0.10759852806353365
2020-04-01 20:09:00,0.13345540692955637
2020-04-01 20:12:00,0.1313588435397719
2020-04-01 20:15:00,0.1340743257962913
2020-04-01 20:18:00,0.15547455979873348
2020-04-01 20:21:00,0.1878886064270091
2020-04-01 20:24:00,0.24225248792225784
2020-04-01 20:27:00,0.19289959223493724
2020-04-01 20:30:00,0.16523185305118204
2020-04-01 20:33:00,0.07031569868604493
2020-04-01 20:36:00,0.20687892170894884
2020-04-01 20:39:00,0.14703250582039118
2020-04-01 20:42:00,0.1626557889736091
2020-04-01 20:45:00,0.16924318493198598
2020-04-01 20:48:00,0.09591043044486014
2020-04-01 20:51:00,0.24735005759754358
2020-04-01 20:54:00,0.050684164507742935
2020-04-01 20:57:00,0.10128910530005442
2020-04-01 21:00:00,0.22105866505495442
2020-04-01 21:03:00,0.026211897850430432
2020-04-01 21:06:00,0.1307557597585287
2020-04-01 21:09:00,0.16161089032522113
2020-04-01 21:12:00,0.19571380136198968
2020-04-01 21:15:00,0.19170917223294737
2020-04-01 21:18:00,0.18500273781563692
2020-04-01 21:21:00,0.11623131444105184
2020-04-01 21:24:00,0.23246278612316473
2020-04-01 21:27:00,0.12761337212316448
2020-04-01 21:30:00,0.29726201146047515
2020-04-01 21:33:00,0.22991718543886464
2020-04-01 21:36:00,0.16722902964852437
2020-04-01 21:39:00,0.1962775638023686
2020-04-01 21:42:00,0.3197181971214036
2020-04-01 21:45:00,0.18963385360052598
2020-04-01 21:48:00,0.10396208183721001
2020-04-01 21:51:00,0.1549053378616918
2020-04-01 21:54:00,0.21216006717372693
2020-04-01 21:57:00,0.19832385945488795
2020-04-01 22:00:00,0.27652070510583826
2020-04-01 22:03:00,0.1607399765645141
2020-04-01 22:06:00,0.12696603244523885
2020-04-01 22:09:00,0.19076716563483842
2020-04-01 22:12:00,0.21022569738585162
2020-04-01 22:15:00,0.2532769687258565
2020-04-01 22:18:00,0.21016309871868089
2020-04-01 22:21:00,0.1460894050051138
2020-04-01 22:24:00,0.21908995547846644
2020-04-01 22:27:00,0.29947074502206306
2020-04-01 22:30:00,0.11517665168418034
2020-04-01 22:33:00,0.10778960785330582
2020-04-01 22:36:00,0.19923900443160392
2020-04-01 22:39:00,0.08824362803784425
2020-04-01 22:42:00,0.054880489625361406
2020-04-01 22:45:00,0.13967013012808138
2020-04-01 22:48:00,0.13065669849862616
2020-04-01 22:51:00,0.11506919571320395
2020-04-01 22:54:00,0.13726871884477987
2020-04-01 22:57:00,0.12435413798414174
2020-04-01 23:00:00,0.09941348935012684
2020-04-01 23:03:00,0.03597460570824751
2020-04-01 23:06:00,0.09911667345306796
2020-04-01 23:09:00,0.16460157338286763
2020-04-01 23:12:00,0.1330722351661393
2020-04-01 23:15:00,0.03855379849960627
2020-04-01 23:18:00,0.14651626648810634
2020-04-01 23:21:00,0.07254252137460071
2020-04-01 23:24:00,0.08383003436972558
2020-04-01 23:27:00,0.0972655054094389
2020-04-01 23:30:00,0.08893401246996291
2020-04-01 23:33:00,0.10009340074367401
2020-04-01 23:36:00,0.18441421680415715
2020-04-01 23:39:00,0.16891339659895266
2020-04-01 23:42:00,0.15157405896292175
2020-04-01 23:45:00,0.17178338247623515
2020-04-01 23:48:00,0.16598374927252735
2020-04-01 23:51:00,0.05970059116157245
2020-04-01 23:54:00,-0.00036468690694846373
2020-04-01 23:57:00,0.15952138421738482
2020-04-02 00:00:00,0.1491772131878406
2020-04-02 00:03:00,0.02970903380554546
2020-04-02 00:06:00,0.13077826856192587
2020-04-02 00:09:00,0.19153630607354444
2020-04-02 00:12:00,0.18392307614612946
2020-04-02 00:15:00,0.10106792164214085
2020-04-02 00:18:00,0.20917175094797358
2020-04-02 00:21:00,0.22104774505061187
2020-04-02 00:24:00,0.19369142036993026
2020-04-02 00:27:00,0.23253131875821964
2020-04-02 00:30:00,0.17127583997876172
2020-04-02 00:33:00,0.18633230775463971
2020-04-02 00:36:00,0.22507299724441054
2020-04-02 00:39:00,0.21845160816900488
2020-04-02 00:42:00,0.15410014244991999
2020-04-02 00:45:00,0.30394355445361043
2020-04-02 00:48:00,0.1781230449063287
2020-04-02 00:51:00,0.2167893476463405
2020-04-02 00:54:00,0.16457582156760964
2020-04-02 00:57:00,0.16967048992592026
2020-04-02 01:00:00,0.17706693161835574
2020-04-02 01:03:00,0.119350697089601
2020-04-02 01:06:00,0.12651980101816207
2020-04-02 01:09:00,0.2310285342853149
2020-04-02 01:12:00,0.23156528282100908
2020-04-02 01:15:00,0.17824262969986648
2020-04-02 01:18:00,0.1838213279448837
2020-04-02 01:21:00,0.22666642676034598
2020-04-02 01:24:00,0.28207216109029787
2020-04-02 01:27:00,0.2383985658639176
2020-04-02 01:30:00,0.25656893358859634
2020-04-02 01:33:00,0.22946375597365432
2020-04-02 01:36:00,0.14680459539926005
2020-04-02 01:39:00,0.23753440371319812
2020-04-02 01:42:00,0.22134652393373244
2020-04-02 01:45:00,0.20953672882524188
2020-04-02 01:48:00,0.23973318953750322
2020-04-02 01:51:00,0.2792901299858954
2020-04-02 01:54:00,0.3259820260585684
2020-04-02 01:57:00,0.2085628269804829
2020-04-02 02:00:00,0.22133940320935608
2020-04-02 02:03:00,0.22930016466932557
2020-04-02 02:06:00,0.22642187866375707
2020-04-02 02:09:00,0.23255588574369312
2020-04-02 02:12:00,0.23422694052402449
2020-04-02 02:15:00,0.25880569448094093
2020-04-02 02:18:00,0.21611442687418503
2020-04-02 02:21:00,0.31214900005767277
2020-04-02 02:24:00,0.2351354161571635
2020-04-02 02:27:00,0.29098409269994363
2020-04-02 02:30:00,0.22561354215622487
2020-04-02 02:33:00,0.22920490206519162
2020-04-02 02:36:00,0.20957240140484146
2020-04-02 02:39:00,0.2686388638101107
2020-04-02 02:42:00,0.2517218205828726
2020-04-02 02:45:00,0.292086358065319
2020-04-02 02:48:00,0.30329228045076206
2020-04-02 02:51:00,0.41099826351285174
2020-04-02 02:54:00,0.30306300430919464
2020-04-02 02:57:00,0.28987445780461485
2020-04-02 03:00:00,0.29960905153308204
2020-04-02 03:03:00,0.25876128672592813
2020-04-02 03:06:00,0.28789802622617344
2020-04-02 03:09:00,0.2550870581638378
2020-04-02 03:12:00,0.3075937767484902
2020-04-02 03:15:00,0.24855350239971585
2020-04-02 03:18:00,0.3163415176307467
2020-04-02 03:21:00,0.24812632048588057
2020-04-02 03:24:00,0.19037352742088842
2020-04-02 03:27:00,0.3756059894376449
2020-04-02 03:30:00,0.30032493648218406
2020-04-02 03:33:00,0.30885110972843677
2020-04-02 03:36:00,0.23312076403124138
2020-04-02 03:39:00,0.27488541492783725
2020-04-02 03:42:00,0.32106872380700224
2020-04-02 03:45:00,0.3141939825497957
2020-04-02 03:48:00,0.4298912374848669
2020-04-02 03:51:00,0.35245323109944593
2020-04-02 03:54:00,0.34116728235619576
2020-04-02 03:57:00,0.37872812915873055
2020-04-02 04:00:00,0.35744399576748265
2020-04-02 04:03:00,0.37189369367234804
2020-04-02 04:06:00,0.2793787720015075
2020-04-02 04:09:00,0.4075873783003203
2020-04-02 04:12:00,0.33542248562798704
2020-04-02 04:15:00,0.31375912406736006
2020-04-02 04:18:00,0.28464971346693346
2020-04-02 04:21:00,0.38286365928502164
2020-04-02 04:24:00,0.4703121940818278
2020-04-02 04:27:00,0.42478250908635573
2020-04-02 04:30:00,0.40813782070188154
2020-04-02 04:33:00,0.3165893289427686
2020-04-02 04:36:00,0.3304686005287749
2020-04-02 04:39:00,0.30241866095809655
2020-04-02 04:42:00,0.38916627702604956
2020-04-02 04:45:00,0.40056146922745484
2020-04-02 04:48:00,0.2799805249096039
2020-04-02 04:51:00,0.3424368903886261
2020-04-02 04:54:00,0.3869993925814015
2020-04-02 04:57:00,0.35944926065991467
2020-04-02 05:00:00,0.22207014495472777
2020-04-02 05:03:00,0.33311495064515384
2020-04-02 05:06:00,0.3253642905928018
2020-04-02 05:09:00,0.33010680252846214
2020-04-02 05:12:00,0.4324257946637431
2020-04-02 05:15:00,0.42556547327023964
2020-04-02 05:18:00,0.3883940680981368
2020-04-02 05:21:00,0.4165055540146909
2020-04-02 05:24:00,0.38086417213207824
2020-04-02 05:27:00,0.4055708336730959
2020-04-02 05:30:00,0.4515295909114343
2020-04-02 05:33:00,0.32621081782338024
2020-04-02 05:36:00,0.4653770003566251
2020-04-02 05:39:00,0.4170328541511026
2020-04-02 05:42:00,0.38836634380561463
2020-04-02 05:45:00,0.39659919309963243
2020-04-02 05:48:00,0.391655095116505
2020-04-02 05:51:00,0.414410216630813
2020-04-02 05:54:00,0.3611182643086863
2020-04-02 05:57:00,0.4152093425169028
2020-04-02 06:00:00,0.3863142024147237
2020-04-02 06:03:00,0.4051279439402151
2020-04-02 06:06:00,0.2730396709709453
2020-04-02 06:09:00,0.39291584183428085
2020-04-02 06:12:00,0.4576988545853169
2020-04-02 06:15:00,0.4177642629038587
2020-04-02 06:18:00,0.4157425833062689
2020-04-02 06:21:00,0.40047543215763426
2020-04-02 06:24:00,0.4692748649574696
2020-04-02 06:27:00,0.426750023984539
2020-04-02 06:30:00,0.4131950212976676
2020-04-02 06:33:00,0.38312714500898437
2020-04-02 06:36:00,0.47117357855836417
2020-04-02 06:39:00,0.5048439585083884
2020-04-02 06:42:00,0.4280388004068527
2020-04-02 06:45:00,0.46489737319234337
2020-04-02 06:48:00,0.48114831130914126
2020-04-02 06:51:00,0.44389375527208585
2020-04-02 06:54:00,0.4221345721389298
2020-04-02 06:57:00,0.42309393970509745
2020-04-02 07:00:00,0.42242158428109633
2020-04-02 07:03:00,0.4757091993914173
2020-04-02 07:06:00,0.36286835681738694
2020-04-02 07:09:00,0.417567145242117
2020-04-02 07:12:00,0.3706031045417717
2020-04-02 07:15:00,0.47693141371598813
2020-04-02 07:18:00,0.3614521295675672
2020-04-02 07:21:00,0.4340952400067408
2020-04-02 07:24:00,0.3848567603926085
2020-04-02 07:27:00,0.3816568549752901
2020-04-02 07:30:00,0.4149778852032
2020-04-02 07:33:00,0.5311534536029399
2020-04-02 07:36:00,0.4670603709252532
2020-04-02 07:39:00,0.43574139932263733
2020-04-02 07:42:00,0.388746237883538
2020-04-02 07:45:00,0.3709659601992712
2020-04-02 07:48:00,0.3735661635583938
2020-04-02 07:51:00,0.4495433355268119
2020-04-02 07:54:00,0.3074184234533277
2020-04-02 07:57:00,0.3739675801384692
2020-04-02 08:00:00,0.41075720067135535
2020-04-02 08:03:00,0.2688469774491864
2020-04-02 08:06:00,0.3653155059234905
2020-04-02 08:09:00,0.32236011616879523
2020-04-02 08:12:00,0.3243711695297975
2020-04-02 08:15:00,0.35111622717948876
2020-04-02 08:18:00,0.36365008337276095
2020-04-02 08:21:00,0.2234792989630705
2020-04-02 08:24:00,0.3717788402914266
2020-04-02 08:27:00,0.2928353093706164
2020-04-02 08:30:00,0.28663405308458323
2020-04-02 08:33:00,0.3054904973234329
2020-04-02 08:36:00,0.210620596908484
2020-04-02 08:39:00,0.30026894589133235
2020-04-02 08:42:00,0.28978103620568163
2020-04-02 08:45:00,0.2676737978825372
2020-04-02 08:48:00,0.27691875352729767
2020-04-02 08:51:00,0.21927763773470588
2020-04-02 08:54:00,0.1748551052501739
2020-04-02 08:57:00,0.1677139491277444
2020-04-02 09:00:00,0.1298214807929412
2020-04-02 09:03:00,0.2041963687301518
2020-04-02 09:06:00,0.05659250660920634
2020-04-02 09:09:00,0.17004030529176362
2020-04-02 09:12:00,0.11986328342226216
2020-04-02 09:15:00,0.07284581651060762
2020-04-02 09:18:00,0.053175578140724156
2020-04-02 09:21:00,0.08124706578064433
2020-04-02 09:24:00,0.028652633547096684
2020-04-02 09:27:00,0.06480647854522203
2020-04-02 09:30:00,-0.0404886050175719
2020-04-02 09:33:00,-0.03267283877892169
2020-04-02 09:36:00,-0.1045250702080125
2020-04-02 09:39:00,0.058642502994246115
2020-04-02 09:42:00,-0.02326202957397072
2020-04-02 09:45:00,-0.057227977231036675
2020-04-02 09:48:00,0.03376513731348041
2020-04-02 09:51:00,-0.08086141418021953
2020-04-02 09:54:00,-0.06355883104885152
2020-04-02 09:57:00,0.040934513008437534
2020-04-02 10:00:00,-0.12856594757317907
2020-04-02 10:03:00,-0.00021801420803058136
2020-04-02 10:06:00,-0.12060015685545977
2020-04-02 10:09:00,-0.007775522290216941
2020-04-02 10:12:00,-0.08714541056264125
2020-04-02 10:15:00,-0.07223360311900251
2020-04-02 10:18:00,-0.04669355385453855
2020-04-02 10:21:00,-0.03343047353627071
2020-04-02 10:24:00,-0.046578385082682416
2020-04-02 10:27:00,-0.07194237413415294
2020-04-02 10:30:00,-0.12296630658670438
2020-04-02 10:33:00,-0.1596515362110722
2020-04-02 10:36:00,-0.20180684269365656
2020-04-02 10:39:00,-0.07355610418153447
2020-04-02 10:42:00,-0.04277787212186013
2020-04-02 10:45:00,-0.09461337624662747
2020-04-02 10:48:00,-0.16826301764393747
2020-04-02 10:51:00,-0.17290470604700658
2020-04-02 10:54:00,-0.11918281758050853
2020-04-02 10:57:00,-0.07536630989920923
2020-04-02 11:00:00,-0.18752901362813645
2020-04-02 11:03:00,-0.04273566833683162
2020-04-02 11:06:00,-0.13199798929116469
2020-04-02 11:09:00,-0.2350800738236103
2020-04-02 11:12:00,-0.20253571332881393
2020-04-02 11:15:00,-0.1691599027637949
2020-04-02 11:18:00,-0.14704120439887447
2020-04-02 11:21:00,-0.09169170352834044
2020-04-02 11:24:00,-0.18207213243380238
2020-04-02 11:27:00,-0.19298563645861577
2020-04-02 11:30:00,-0.2603173191765791
2020-04-02 11:33:00,-0.18971059291084202
2020-04-02 11:36:00,-0.18060954929683248
2020-04-02 11:39:00,-0.24309235108165694
2020-04-02 11:42:00,-0.31401851208909193
2020-04-02 11:45:00,-0.39045514947940774
2020-04-02 11:48:00,-0.38272937299029763
2020-04-02 11:51:00,-0.2009627116262891
2020-04-02 11:54:00,0.003426971725104977
2020-04-02 11:57:00,-0.07253492071959045
2020-04-02 12:00:00,-0.011035783344595984
2020-04-02 12:03:00,0.0941947114724826
2020-04-02 12:06:00,0.21501407583440368
2020-04-02 12:09:00,0.10109156771301286
2020-04-02 12:12:00,-0.32940826137968315
2020-04-02 12:15:00,-0.3340434832003325
2020-04-02 12:18:00,-0.30308980001973396
2020-04-02 12:21:00,-0.41839554396153744
2020-04-02 12:24:00,-0.26901793065536594
2020-04-02 12:27:00,-0.3008269917627331
2020-04-02 12:30:00,-0.2572562826921967
2020-04-02 12:33:00,-0.28357176796441763
2020-04-02 12:36:00,-0.2925918780349548
2020-04-02 12:39:00,-0.2124558300478725
2020-04-02 12:42:00,-0.3116028454305706
2020-04-02 12:45:00,-0.20880456829473815
2020-04-02 12:48:00,-0.2763374785055248
2020-04-02 12:51:00,-0.35467597800573003
2020-04-02 12:54:00,-0.2042380677719393
2020-04-02 12:57:00,-0.3153802098827896
2020-04-02 13:00:00,-0.26531388918721177
2020-04-02 13:03:00,-0.2137011942031677
2020-04-02 13:06:00,-0.34621304496715766
2020-04-02 13:09:00,-0.36729617912124013
2020-04-02 13:12:00,-0.2876659456773609
2020-04-02 13:15:00,-0.2755435478766799
2020-04-02 13:18:00,-0.25754804654889085
2020-04-02 13:21:00,-0.2067784975770337
2020-04-02 13:24:00,-0.3032060119572293
2020-04-02 13:27:00,-0.3246186817725629
2020-04-02 13:30:00,-0.2508391632351845
2020-04-02 13:33:00,-0.23737629887875755
2020-04-02 13:36:00,-0.16049526371114098
2020-04-02 13:39:00,-0.2717949240995381
2020-04-02 13:42:00,-0.2613073654617324
2020-04-02 13:45:00,-0.043130342863207716
2020-04-02 13:48:00,-0.12808182788216982
2020-04-02 13:51:00,-0.19772632924320988
2020-04-02 13:54:00,-0.2645725350957946
2020-04-02 13:57:00,-0.08588171371826547
2020-04-02 14:00:00,-0.1078619627645594
2020-04-02 14:03:00,-0.13736373461728135
2020-04-02 14:06:00,-0.17099081050821496
2020-04-02 14:09:00,-0.2942435239726251
2020-04-02 14:12:00,-0.3556481119493924
2020-04-02 14:15:00,-0.4488314257984598
2020-04-02 14:18:00,-0.3323508602819061
2020-04-02 14:21:00,-0.2825629666188547
2020-04-02 14:24:00,-0.44574145638864593
2020-04-02 14:27:00,-0.3730785937554515
2020-04-02 14:30:00,-0.4461143826309808
2020-04-02 14:33:00,-0.4353822029231651
2020-04-02 14:36:00,-0.3718922762901684
2020-04-02 14:39:00,-0.45614469298641325
2020-04-02 14:42:00,-0.41565967673426485
2020-04-02 14:45:00,-0.3912279072184788
2020-04-02 14:48:00,-0.38201424137037066
2020-04-02 14:51:00,-0.509667340973806
2020-04-02 14:54:00,-0.3046677122842425
2020-04-02 14:57:00,-0.5170264320191222
2020-04-02 15:00:00,-0.24718134865571528
2020-04-02 15:03:00,-0.40315579381808675
2020-04-02 15:06:00,-0.43712941009908945
2020-04-02 15:09:00,-0.41029058502005
2020-04-02 15:12:00,-0.37895881871202164
2020-04-02 15:15:00,-0.3886880271838322
2020-04-02 15:18:00,-0.3333334975537241
2020-04-02 15:21:00,-0.26825236353516857
2020-04-02 15:24:00,-0.4674677388413784
2020-04-02 15:27:00,-0.400186841838547
2020-04-02 15:30:00,-0.35350042339382526
2020-04-02 15:33:00,-0.40197429626726944
2020-04-02 15:36:00,-0.3030019996496094
2020-04-02 15:39:00,-0.36161722689621456
2020-04-02 15:42:00,-0.3580146569631779
2020-04-02 15:45:00,-0.4155108527875768
2020-04-02 15:48:00,-0.254766602471193
2020-04-02 15:51:00,-0.38627319335989796
2020-04-02 15:54:00,-0.32363133408819067
2020-04-02 15:57:00,-0.3543813468660346
2020-04-02 16:00:00,-0.3240814756163104
2020-04-02 16:03:00,-0.4032007522601475
2020-04-02 16:06:00,-0.41312001827520817
2020-04-02 16:09:00,-0.29286299642114955
2020-04-02 16:12:00,-0.33097842438269254
2020-04-02 16:15:00,-0.41433589291546014
2020-04-02 16:18:00,-0.4656831793400329
2020-04-02 16:21:00,-0.3903715812083419
2020-04-02 16:24:00,-0.3009971137773846
2020-04-02 16:27:00,-0.4058142880439277
2020-04-02 16:30:00,-0.4205252900410983
2020-04-02 16:33:00,-0.5601766786489293
2020-04-02 16:36:00,-0.3258465897469023
2020-04-02 16:39:00,-0.4161241766253738
2020-04-02 16:42:00,-0.31290520038561453
2020-04-02 16:45:00,-0.4130786637215351
2020-04-02 16:48:00,-0.3537998635976578
2020-04-02 16:51:00,-0.3612968808935193
2020-04-02 16:54:00,-0.21218289572522053
2020-04-02 16:57:00,-0.41725705614373965
2020-04-02 17:00:00,-0.24947501464998822
2020-04-02 17:03:00,-0.32100735598208985
2020-04-02 17:06:00,-0.3068427543064445
2020-04-02 17:09:00,-0.37951329600116424
2020-04-02 17:12:00,-0.35664489189770165
2020-04-02 17:15:00,-0.3297476734695124
2020-04-02 17:18:00,-0.30958184968164915
2020-04-02 17:21:00,-0.318011355213514
2020-04-02 17:24:00,-0.3415882648110937
2020-04-02 17:27:00,-0.284921675862563
2020-04-02 17:30:00,-0.38007693429170786
2020-04-02 17:33:00,-0.3285596006501237
2020-04-02 17:36:00,-0.33493679136853416
2020-04-02 17:39:00,-0.28280886343691236
2020-04-02 17:42:00,-0.3491951231388839
2020-04-02 17:45:00,-0.26539487694333275
2020-04-02 17:48:00,-0.19435638014169854
2020-04-02 17:51:00,-0.20581830511684984
2020-04-02 17:54:00,-0.20266795611917132
2020-04-02 17:57:00,-0.21038573019342266
2020-04-02 18:00:00,-0.2459926811211517
2020-04-02 18:03:00,-0.20048567773523018
2020-04-02 18:06:00,-0.22370703233002587
2020-04-02 18:09:00,-0.27122414175977383
2020-04-02 18:12:00,-0.25384336741160496
2020-04-02 18:15:00,-0.31640235871066125
2020-04-02 18:18:00,-0.21954343335858084
2020-04-02 18:21:00,-0.19663563237037351
2020-04-02 18:24:00,-0.17901864857037708
2020-04-02 18:27:00,-0.21209896629613922
2020-04-02 18:30:00,-0.25816961252553483
2020-04-02 18:33:00,-0.13076463332015464
2020-04-02 18:36:00,-0.1802540321006063
2020-04-02 18:39:00,-0.16627924854174125
2020-04-02 18:42:00,-0.12424710441592879
2020-04-02 18:45:00,-0.1165687668406008
2020-04-02 18:48:00,-0.12855007838368238
2020-04-02 18:51:00,-0.10311019383215125
2020-04-02 18:54:00,
2020-04-02 18:57:00,
2020-04-02 19:00:00,
2020-04-02 19:03:00,-0.1411035329298329
2020-04-02 19:06:00,-0.05409899113192296
2020-04-02 19:09:00,-0.10850139653774704
2020-04-02 19:12:00,-0.0987109429735824
2020-04-02 19:15:00,-0.008192790924738347
2020-04-02 19:18:00,0.013076841556710406
2020-04-02 19:21:00,-0.0796050466883571
2020-04-02 19:24:00,0.1172581907550807
2020-04-02 19:27:00,0.005465635994369222
2020-04-02 19:30:00,-0.009715800526635121
2020-04-02 19:33:00,0.011825101646081748
2020-04-02 19:36:00,0.04949998956624313
2020-04-02 19:39:00,-0.035018327362536184
2020-04-02 19:42:00,-0.07577659825500405
2020-04-02 19:45:00,-0.06949805805459164
2020-04-02 19:48:00,-0.011133945909421072
2020-04-02 19:51:00,0.006844947176091409
2020-04-02 19:54:00,0.07088965279712056
2020-04-02 19:57:00,0.1011924377699529
2020-04-02 20:00:00,-0.04475726782897027
2020-04-02 20:03:00,0.1081914315063841
2020-04-02 20:06:00,0.02775602240853914
2020-04-02 20:09:00,0.09359218035103822
2020-04-02 20:12:00,0.028295436676444297
2020-04-02 20:15:00,0.06884935593558339
2020-04-02 20:18:00,0.12247587036597452
2020-04-02 20:21:00,0.1250595806005208
2020-04-02 20:24:00,0.04239860022568109
2020-04-02 20:27:00,0.12339046886921778
2020-04-02 20:30:00,0.0746848508695166
2020-04-02 20:33:00,0.12366417907531968
2020-04-02 20:36:00,-0.00042264835667538136
2020-04-02 20:39:00,0.17046993515418762
2020-04-02 20:42:00,0.08421282694575893
2020-04-02 20:45:00,0.1431175259043016
2020-04-02 20:48:00,0.1182516670432392
2020-04-02 20:51:00,0.10805560595872521
2020-04-02 20:54:00,0.03071079089960449
2020-04-02 20:57:00,-0.007153586268202616
2020-04-02 21:00:00,0.059843235651555915
2020-04-02 21:03:00,0.05971827695543652
2020-04-02 21:06:00,0.016978795356067167
2020-04-02 21:09:00,0.04485440329676749
2020-04-02 21:12:00,0.15142259898738075
2020-04-02 21:15:00,0.050032724301331655
2020-04-02 21:18:00,0.008472102831262873
2020-04-02 21:21:00,0.04889136616122869
2020-04-02 21:24:00,0.07198275210708971
2020-04-02 21:27:00,0.01827050254991036
2020-04-02 21:30:00,0.11164263732456448
2020-04-02 21:33:00,0.05404149251222634
2020-04-02 21:36:00,0.11722743596993723
2020-04-02 21:39:00,0.07150706723143685
2020-04-02 21:42:00,0.02643857231913671
2020-04-02 21:45:00,0.060539913667639667
2020-04-02 21:48:00,0.05742924100957225
2020-04-02 21:51:00,0.11809901745056095
2020-04-02 21:54:00,0.1386160598124775
2020-04-02 21:57:00,0.06018779553710374
2020-04-02 22:00:00,0.21238135661718616
2020-04-02 22:03:00,0.09114050718528688
2020-04-02 22:06:00,0.16864854550561859
2020-04-02 22:09:00,0.089817516828532
2020-04-02 22:12:00,0.16313908747650885
2020-04-02 22:15:00,0.15169059115766004
2020-04-02 22:18:00,0.1482782059331953
2020-04-02 22:21:00,0.15409237848234625
2020-04-02 22:24:00,0.22859147443654138
2020-04-02 22:27:00,0.11623383136247867
2020-04-02 22:30:00,0.16112910654328516
2020-04-02 22:33:00,0.11867110321497876
2020-04-02 22:36:00,0.14199060448851242
2020-04-02 22:39:00,0.193676894707437
2020-04-02 22:42:00,0.10237406012265637
2020-04-02 22:45:00,0.1449322103271129
2020-04-02 22:48:00,0.15308097171998725
2020-04-02 22:51:00,0.16594873904671203
2020-04-02 22:54:00,0.162626978306605
2020-04-02 22:57:00,0.22305353503952574
2020-04-02 23:00:00,0.20241654637703732
2020-04-02 23:03:00,0.22094732212354984
2020-04-02 23:06:00,0.20276661753860026
2020-04-02 23:09:00,0.15789576329763122
2020-04-02 23:12:00,0.1981821651160658
2020-04-02 23:15:00,0.21532613896795283
2020-04-02 23:18:00,0.11456380512242959
2020-04-02 23:21:00,0.20293860303166866
2020-04-02 23:24:00,0.11662199104449655
2020-04-02 23:27:00,0.249334187392094
2020-04-02 23:30:00,0.1407590041649769
2020-04-02 23:33:00,0.18235179055534445
2020-04-02 23:36:00,0.12207551592825894
2020-04-02 23:39:00,0.08858737476668921
2020-04-02 23:42:00,0.20320065616391503
2020-04-02 23:45:00,0.1597446258900277
2020-04-02 23:48:00,0.20842940702959822
2020-04-02 23:51:00,0.2173663507232959
2020-04-02 23:54:00,0.23552615674356048
2020-04-02 23:57:00,0.23494291618141006
2020-04-03 00:00:00,0.07238866184974313
2020-04-03 00:03:00,0.13269940091362287
2020-04-03 00:06:00,0.1630584665476249
2020-04-03 00:09:00,0.14941910072394649
2020-04-03 00:12:00,0.1380818921302307
2020-04-03 00:15:00,0.09016442124396917
2020-04-03 00:18:00,0.14590417524760824
2020-04-03 00:21:00,0.1450651870262618
2020-04-03 00:24:00,0.16484321313998862
2020-04-03 00:27:00,0.024922425428087536
2020-04-03 00:30:00,0.15887409406502684
2020-04-03 00:33:00,0.11933970597527832
2020-04-03 00:36:00,0.1460098263135592
2020-04-03 00:39:00,0.1328133892935739
2020-04-03 00:42:00,0.19973189234343636
2020-04-03 00:45:00,0.0854747440462802
2020-04-03 00:48:00,0.17908281466009157
2020-04-03 00:51:00,0.10212962929557534
2020-04-03 00:54:00,0.13890724521564835
2020-04-03 00:57:00,0.13779833991060286
2020-04-03 01:00:00,0.09512990129655918
2020-04-03 01:03:00,0.13996611236052559
2020-04-03 01:06:00,0.1852058104186085
2020-04-03 01:09:00,0.10207853963652269
2020-04-03 01:12:00,0.10448020405721081
2020-04-03 01:15:00,0.12239724482367365
2020-04-03 01:18:00,0.24314846822392155
2020-04-03 01:21:00,0.13332911321708707
2020-04-03 01:24:00,0.15164756080559982
2020-04-03 01:27:00,0.13233429216461445
2020-04-03 01:30:00,0.22528467965804566
2020-04-03 01:33:00,0.16300531124943518
2020-04-03 01:36:00,0.202955493522893
2020-04-03 01:39:00,0.12177816395069385
2020-04-03 01:42:00,0.09986500365408801
2020-04-03 01:45:00,0.13535699252912536
2020-04-03 01:48:00,0.11209027716915898
2020-04-03 01:51:00,0.0819519004551239
2020-04-03 01:54:00,0.11091744763228917
2020-04-03 01:57:00,0.1300111009684315
2020-04-03 02:00:00,0.16573296355988987
2020-04-03 02:03:00,0.21035101004059698
2020-04-03 02:06:00,0.1752622287872896
2020-04-03 02:09:00,0.20276693086594832
2020-04-03 02:12:00,0.24154595756039043
2020-04-03 02:15:00,0.1676260873365436
2020-04-03 02:18:00,0.28499694596604286
2020-04-03 02:21:00,0.16205976605670003
2020-04-03 02:24:00,0.16310187761291672
2020-04-03 02:27:00,0.20745586104197855
2020-04-03 02:30:00,0.14451799262849363
2020-04-03 02:33:00,0.06214396445193415
2020-04-03 02:36:00,0.1778419544983194
2020-04-03 02:39:00,0.14198433817307432
2020-04-03 02:42:00,0.15953803540577383
2020-04-03 02:45:00,0.09853707197157746
2020-04-03 02:48:00,0.2839392288964291
2020-04-03 02:51:00,0.23704343656743276
2020-04-03 02:54:00,0.18116388559155894
2020-04-03 02:57:00,0.28185218903604436
2020-04-03 03:00:00,0.22587212457329997
2020-04-03 03:03:00,0.18916828238593553
2020-04-03 03:06:00,0.20737906173832243
2020-04-03 03:09:00,0.15136779470515194
2020-04-03 03:12:00,0.12602784125505195
2020-04-03 03:15:00,0.19789272610245234
2020-04-03 03:18:00,0.283852270523937
2020-04-03 03:21:00,0.21898384491566958
2020-04-03 03:24:00,0.22383724619652412
2020-04-03 03:27:00,0.25245872412165227
2020-04-03 03:30:00,0.2411358940639161
2020-04-03 03:33:00,0.2598379700417013
2020-04-03 03:36:00,0.2417250959013586
2020-04-03 03:39:00,0.2206881541430903
2020-04-03 03:42:00,0.2258843345090895
2020-04-03 03:45:00,0.2136865994388586
2020-04-03 03:48:00,0.1722116547446717
2020-04-03 03:51:00,0.2969589883108483
2020-04-03 03:54:00,0.2432175985752565
2020-04-03 03:57:00,0.17256939247744185
2020-04-03 04:00:00,0.22791845563222068
2020-04-03 04:03:00,0.18943286909285462
2020-04-03 04:06:00,0.17702144943461917
2020-04-03 04:09:00,0.24306145589599737
2020-04-03 04:12:00,0.2787513967279551
2020-04-03 04:15:00,0.10519516967224263
2020-04-03 04:18:00,0.16745611790435078
2020-04-03 04:21:00,0.2706775811422517
2020-04-03 04:24:00,0.12107939424907954
2020-04-03 04:27:00,0.06865251573810838
2020-04-03 04:30:00,0.10290801427123597
2020-04-03 04:33:00,0.13604759366160124
2020-04-03 04:36:00,0.16668766917501898
2020-04-03 04:39:00,0.17854339178762757
2020-04-03 04:42:00,0.09507071840153003
2020-04-03 04:45:00,0.10588068478830337
2020-04-03 04:48:00,0.10044274083782057
2020-04-03 04:51:00,0.1323392186577621
2020-04-03 04:54:00,0.1685972437309715
2020-04-03 04:57:00,0.16305303689375705
2020-04-03 05:00:00,0.19353694798564902
2020-04-03 05:03:00,0.16195504548130657
2020-04-03 05:06:00,0.30163511543014465
2020-04-03 05:09:00,0.2944192821847196
2020-04-03 05:12:00,0.2298119969942718
2020-04-03 05:15:00,0.26753043521449626
2020-04-03 05:18:00,0.23153628137436044
2020-04-03 05:21:00,0.2864267569916592
2020-04-03 05:24:00,0.20556220152457172
2020-04-03 05:27:00,0.27114753049522733
2020-04-03 05:30:00,0.23289098943865838
2020-04-03 05:33:00,0.27108022120876285
2020-04-03 05:36:00,0.2518303451086581
2020-04-03 05:39:00,0.3459803211637791
2020-04-03 05:42:00,0.2764095850173476
2020-04-03 05:45:00,0.3432407848363823
2020-04-03 05:48:00,0.31684328309472676
2020-04-03 05:51:00,0.3908293397809075
2020-04-03 05:54:00,0.25600598121468465
2020-04-03 05:57:00,0.3613872438035628
2020-04-03 06:00:00,0.23105704308977693
2020-04-03 06:03:00,0.18714262852506636
2020-04-03 06:06:00,0.23133618420513358
2020-04-03 06:09:00,0.24257031516248162
2020-04-03 06:12:00,0.18895104683656427
2020-04-03 06:15:00,0.16013253130910243
2020-04-03 06:18:00,0.23032658921493976
2020-04-03 06:21:00,0.2873799125129608
2020-04-03 06:24:00,0.25845210025767074
2020-04-03 06:27:00,0.20157309553587766
2020-04-03 06:30:00,0.20955072670784602
2020-04-03 06:33:00,0.29972178072506495
2020-04-03 06:36:00,0.16544111268586903
2020-04-03 06:39:00,0.19811266185632803
2020-04-03 06:42:00,0.25642350515460066
2020-04-03 06:45:00,0.22136095704303216
2020-04-03 06:48:00,0.19208653980547297
2020-04-03 06:51:00,0.16359611992135115
2020-04-03 06:54:00,0.14670490137831393
2020-04-03 06:57:00,0.26806780339194347
2020-04-03 07:00:00,0.16524068236674339
2020-04-03 07:03:00,0.27889944178366477
2020-04-03 07:06:00,0.2151592021435249
2020-04-03 07:09:00,0.256796549623175
2020-04-03 07:12:00,0.19761313766997546
2020-04-03 07:15:00,0.17536574116155634
2020-04-03 07:18:00,0.21974225945200487
2020-04-03 07:21:00,0.2638167447012165
2020-04-03 07:24:00,0.07354763194848601
2020-04-03 07:27:00,0.11105065761347532
2020-04-03 07:30:00,0.1986411870846041
2020-04-03 07:33:00,0.2595238547841632
2020-04-03 07:36:00,0.178154117880581
2020-04-03 07:39:00,-0.01313950036035294
2020-04-03 07:42:00,0.12509994973993344
2020-04-03 07:45:00,0.1734660335411604
2020-04-03 07:48:00,0.14126852248637078
2020-04-03 07:51:00,0.10635352726814062
2020-04-03 07:54:00,0.11604618301095115
2020-04-03 07:57:00,0.023568337374342718
2020-04-03 08:00:00,0.0761875599528139
2020-04-03 08:03:00,0.07992329196042647
2020-04-03 08:06:00,0.10000960600865483
2020-04-03 08:09:00,0.15414292641389693
2020-04-03 08:12:00,0.1220980745866882
2020-04-03 08:15:00,0.14437834684423478
2020-04-03 08:18:00,0.1471851616447566
2020-04-03 08:21:00,0.05787783163646054
2020-04-03 08:24:00,-0.01885876404088549
2020-04-03 08:27:00,0.05627790408647115
2020-04-03 08:30:00,0.09502494835970765
2020-04-03 08:33:00,0.04378252787802239
2020-04-03 08:36:00,0.050371770174137964
2020-04-03 08:39:00,0.042043404777075466
2020-04-03 08:42:00,0.12277903666080192
2020-04-03 08:45:00,0.0420624203517832
2020-04-03 08:48:00,0.004122782900083166
2020-04-03 08:51:00,0.04804199826662625
2020-04-03 08:54:00,-0.034741086989811265
2020-04-03 08:57:00,-0.028322478521204175
2020-04-03 09:00:00,-0.008890569353013689
2020-04-03 09:03:00,0.02453973981124591
2020-04-03 09:06:00,-0.003197430736122442
2020-04-03 09:09:00,-0.018363258485521783
2020-04-03 09:12:00,-0.02075135030651154
2020-04-03 09:15:00,-0.07206787282734695
2020-04-03 09:18:00,-0.05768797666462433
2020-04-03 09:21:00,-0.07475792957291105
2020-04-03 09:24:00,-0.033598390499719244
2020-04-03 09:27:00,-0.1479646642446255
2020-04-03 09:30:00,-0.17643517488261296
2020-04-03 09:33:00,-0.20769664558946488
2020-04-03 09:36:00,-0.1573018221432676
2020-04-03 09:39:00,-0.1480620482701056
2020-04-03 09:42:00,-0.11300088809127828
2020-04-03 09:45:00,-0.010209288759938318
2020-04-03 09:48:00,-0.16418634654792186
2020-04-03 09:51:00,-0.0972603829769696
2020-04-03 09:54:00,-0.22280825329681875
2020-04-03 09:57:00,-0.1357166698176684
2020-04-03 10:00:00,-0.026557849769119457
2020-04-03 10:03:00,-0.16353857262993188
2020-04-03 10:06:00,-0.18494871967902782
2020-04-03 10:09:00,-0.1952180900339613
2020-04-03 10:12:00,-0.06919558705010331
2020-04-03 10:15:00,-0.18796878214897106
2020-04-03 10:18:00,-0.07159745718723798
2020-04-03 10:21:00,-0.24434899570161406
2020-04-03 10:24:00,-0.20769786285029568
2020-04-03 10:27:00,-0.24386684868414932
2020-04-03 10:30:00,-0.2598452470230086
2020-04-03 10:33:00,-0.2712310241115006
2020-04-03 10:36:00,-0.21233648462657584
2020-04-03 10:39:00,-0.2529335727384705
2020-04-03 10:42:00,-0.1039911647488907
2020-04-03 10:45:00,-0.2689042919469671
2020-04-03 10:48:00,-0.2269660535375806
2020-04-03 10:51:00,-0.2205379987750007
2020-04-03 10:54:00,-0.28773951436420475
2020-04-03 10:57:00,-0.229452013549178
2020-04-03 11:00:00,-0.1751901561958107
2020-04-03 11:03:00,-0.26856043437243216
2020-04-03 11:06:00,-0.15055014513905007
2020-04-03 11:09:00,-0.2696609634890592
2020-04-03 11:12:00,-0.2833226182851263
2020-04-03 11:15:00,-0.18863501325103016
2020-04-03 11:18:00,-0.33482537208072927
2020-04-03 11:21:00,-0.20811977872614307
2020-04-03 11:24:00,-0.13268273423256005
2020-04-03 11:27:00,-0.1729767772808941
2020-04-03 11:30:00,-0.2681671171945368
2020-04-03 11:33:00,-0.3154101827953468
2020-04-03 11:36:00,-0.3269688074329906
2020-04-03 11:39:00,-0.339846216951571
2020-04-03 11:42:00,-0.24800580816958018
2020-04-03 11:45:00,-0.19356558127020662
2020-04-03 11:48:00,-0.31070853354873407
2020-04-03 11:51:00,-0.25202445117520256
2020-04-03 11:54:00,0.07248156539390038
2020-04-03 11:57:00,-0.38447818283339075
2020-04-03 12:00:00,-0.2732074649442211
2020-04-03 12:03:00,-0.018418109134415772
2020-04-03 12:06:00,0.009987478952837137
2020-04-03 12:09:00,0.03763158293708102
2020-04-03 12:12:00,-0.24870232404470016
2020-04-03 12:15:00,-0.34153616514981877
2020-04-03 12:18:00,-0.3864423158436239
2020-04-03 12:21:00,-0.270414455765831
2020-04-03 12:24:00,-0.3478799035038378
2020-04-03 12:27:00,-0.35250688272634534
2020-04-03 12:30:00,-0.3625866994048579
2020-04-03 12:33:00,-0.25833704339584074
2020-04-03 12:36:00,-0.3098027221169559
2020-04-03 12:39:00,-0.3223895158731125
2020-04-03 12:42:00,-0.31945389428653925
2020-04-03 12:45:00,-0.4216287095429152
2020-04-03 12:48:00,-0.3049842129825606
2020-04-03 12:51:00,-0.39743177339977365
2020-04-03 12:54:00,-0.3570136460687081
2020-04-03 12:57:00,-0.2720950410280807
2020-04-03 13:00:00,-0.33527894612609543
2020-04-03 13:03:00,-0.47683895567746504
2020-04-03 13:06:00,-0.347764874004838
2020-04-03 13:09:00,-0.473562385698699
2020-04-03 13:12:00,-0.4167670157821135
2020-04-03 13:15:00,-0.3482130770990466
2020-04-03 13:18:00,-0.2609327297317918
2020-04-03 13:21:00,-0.23192495337281116
2020-04-03 13:24:00,-0.3798761807544224
2020-04-03 13:27:00,-0.1994672002657012
2020-04-03 13:30:00,-0.3042070164661368
2020-04-03 13:33:00,-0.3788764115971617
2020-04-03 13:36:00,-0.2687823298911667
2020-04-03 13:39:00,-0.3194384289758432
2020-04-03 13:42:00,-0.34391910474181486
2020-04-03 13:45:00,-0.3627371813504965
2020-04-03 13:48:00,-0.40530173398207126
2020-04-03 13:51:00,-0.3890657638598327
2020-04-03 13:54:00,-0.3770447305661264
2020-04-03 13:57:00,-0.40820276391667676
2020-04-03 14:00:00,-0.3243468464093553
2020-04-03 14:03:00,-0.47059074898010067
2020-04-03 14:06:00,-0.5150898849203145
2020-04-03 14:09:00,-0.438561060285906
2020-04-03 14:12:00,-0.5470995557535048
2020-04-03 14:15:00,-0.5956616177948035
2020-04-03 14:18:00,-0.6234484500859594
2020-04-03 14:21:00,-0.5609172183500846
2020-04-03 14:24:00,-0.5404267150317992
2020-04-03 14:27:00,-0.6286265910207476
2020-04-03 14:30:00,-0.49418597450357993
2020-04-03 14:33:00,-0.45771174979137186
2020-04-03 14:36:00,-0.44268181152330044
2020-04-03 14:39:00,-0.5443609216692948
2020-04-03 14:42:00,-0.582015244460365
2020-04-03 14:45:00,-0.5368093454793552
2020-04-03 14:48:00,-0.4759236519814749
2020-04-03 14:51:00,-0.4192995506250554
2020-04-03 14:54:00,-0.4092707402358542
2020-04-03 14:57:00,-0.4841530097377813
2020-04-03 15:00:00,-0.48754131451499916
2020-04-03 15:03:00,-0.47808641179187816
2020-04-03 15:06:00,-0.45564342723577056
2020-04-03 15:09:00,-0.5315197707000721
2020-04-03 15:12:00,-0.5173124924320973
2020-04-03 15:15:00,-0.5286781998901233
2020-04-03 15:18:00,-0.4674780791903572
2020-04-03 15:21:00,-0.5867428524834963
2020-04-03 15:24:00,-0.5234645174195407
2020-04-03 15:27:00,-0.49766646161180006
2020-04-03 15:30:00,-0.5605832435637694
2020-04-03 15:33:00,-0.5481632518474271
2020-04-03 15:36:00,-0.5402862576016219
2020-04-03 15:39:00,-0.4248511799527819
2020-04-03 15:42:00,-0.49947138341144637
2020-04-03 15:45:00,-0.4958587903275884
2020-04-03 15:48:00,-0.4810435109661739
2020-04-03 15:51:00,-0.4381308591179618
2020-04-03 15:54:00,-0.3954572317112479
2020-04-03 15:57:00,-0.5367611615574219
2020-04-03 16:00:00,-0.41918235387782943
2020-04-03 16:03:00,-0.45716255646271975
2020-04-03 16:06:00,-0.5182116519248439
2020-04-03 16:09:00,-0.4799630687473382
2020-04-03 16:12:00,-0.4469135466820262
2020-04-03 16:15:00,-0.5178877319812614
2020-04-03 16:18:00,-0.5243575033778143
2020-04-03 16:21:00,-0.5425187345414315
2020-04-03 16:24:00,-0.454652013221164
2020-04-03 16:27:00,-0.40908580375520387
2020-04-03 16:30:00,-0.3640372719100924
2020-04-03 16:33:00,-0.6350701751465522
2020-04-03 16:36:00,-0.42073636875829834
2020-04-03 16:39:00,-0.4752795570301487
2020-04-03 16:42:00,-0.47432506365623794
2020-04-03 16:45:00,-0.5180548992454419
2020-04-03 16:48:00,-0.33758851582342686
2020-04-03 16:51:00,-0.49023705989344535
2020-04-03 16:54:00,-0.48076743187124293
2020-04-03 16:57:00,-0.43926843601764176
2020-04-03 17:00:00,-0.4545948753219591
2020-04-03 17:03:00,-0.404854666134554
2020-04-03 17:06:00,-0.5710026829193566
2020-04-03 17:09:00,-0.3344163736353494
2020-04-03 17:12:00,-0.33834459644913295
2020-04-03 17:15:00,-0.3036265257472337
2020-04-03 17:18:00,-0.28930246148610195
2020-04-03 17:21:00,-0.3495952299642795
2020-04-03 17:24:00,-0.32093541591154917
2020-04-03 17:27:00,-0.3438717705899421
2020-04-03 17:30:00,-0.29640679324893426
2020-04-03 17:33:00,-0.30285290049471314
2020-04-03 17:36:00,-0.34375364619768334
2020-04-03 17:39:00,-0.35058802046421533
2020-04-03 17:42:00,-0.27309818722307
2020-04-03 17:45:00,-0.40376023885443146
2020-04-03 17:48:00,-0.4299611889450148
2020-04-03 17:51:00,-0.3701636923063347
2020-04-03 17:54:00,-0.3038875214770087
2020-04-03 17:57:00,-0.28528872204236677
2020-04-03 18:00:00,-0.32532600047960614
2020-04-03 18:03:00,-0.38976256741466386
2020-04-03 18:06:00,-0.25424809386129255
2020-04-03 18:09:00,-0.3493165961069167
2020-04-03 18:12:00,-0.29473445152268596
2020-04-03 18:15:00,-0.2610525646150563
2020-04-03 18:18:00,-0.26501929027068627
2020-04-03 18:21:00,-0.28924761450190317
2020-04-03 18:24:00,-0.32641330005805
2020-04-03 18:27:00,-0.2865123482133072
2020-04-03 18:30:00,-0.170855932874872
2020-04-03 18:33:00,-0.3129492270294918
2020-04-03 18:36:00,-0.2498245501232077
2020-04-03 18:39:00,-0.2682238797930836
2020-04-03 18:42:00,-0.23664352398765232
2020-04-03 18:45:00,-0.30141762263406235
2020-04-03 18:48:00,-0.24255696899831491
2020-04-03 18:51:00,-0.32065228451955363
2020-04-03 18:54:00,
2020-04-03 18:57:00,
2020-04-03 19:00:00,
2020-04-03 19:03:00,-0.12994760331497446
2020-04-03 19:06:00,-0.2307255132246837
2020-04-03 19:09:00,-0.2869073082867999
2020-04-03 19:12:00,-0.30008486829297
2020-04-03 19:15:00,-0.20415229804905266
2020-04-03 19:18:00,-0.31405181601058985
2020-04-03 19:21:00,-0.291502330921503
2020-04-03 19:24:00,-0.23180047275036486
2020-04-03 19:27:00,-0.13181446272545827
2020-04-03 19:30:00,-0.193632921670428
2020-04-03 19:33:00,-0.1731016291748233
2020-04-03 19:36:00,-0.21234810729066567
2020-04-03 19:39:00,-0.09039692545826483
2020-04-03 19:42:00,-0.1009510524787629
2020-04-03 19:45:00,-0.21154181722147314
2020-04-03 19:48:00,-0.136134842451213
2020-04-03 19:51:00,-0.06407449152351319
2020-04-03 19:54:00,-0.11823955310308065
2020-04-03 19:57:00,-0.08509123573247734
2020-04-03 20:00:00,-0.10457118102897311
2020-04-03 20:03:00,-0.03885891296960153
2020-04-03 20:06:00,-0.0556078638614963
2020-04-03 20:09:00,-0.10826945901987983
2020-04-03 20:12:00,-0.1050538459938366
2020-04-03 20:15:00,-0.044932295638488995
2020-04-03 20:18:00,-0.0688523530698717
2020-04-03 20:21:00,-0.11589267577193141
2020-04-03 20:24:00,-0.1020781250518894
2020-04-03 20:27:00,-0.06608075474650832
2020-04-03 20:30:00,-0.03131327465683853
2020-04-03 20:33:00,-0.08209826255983899
2020-04-03 20:36:00,-0.036877556834951974
2020-04-03 20:39:00,-0.07116885639953807
2020-04-03 20:42:00,-0.14908347475568462
2020-04-03 20:45:00,-0.12083608660913114
2020-04-03 20:48:00,-0.01852935847153958
2020-04-03 20:51:00,0.024090174944319642
2020-04-03 20:54:00,0.03714652188227774
2020-04-03 20:57:00,-0.019611061202056135
2020-04-03 21:00:00,-0.09494491509241243
2020-04-03 21:03:00,-0.041442277459282195
2020-04-03 21:06:00,0.011367381804234356
2020-04-03 21:09:00,0.001009600405893707
2020-04-03 21:12:00,0.04542707523006584
2020-04-03 21:15:00,0.07466821303029292
2020-04-03 21:18:00,0.054348012380216915
2020-04-03 21:21:00,-0.06897494888926303
2020-04-03 21:24:00,-0.08166448107544966
2020-04-03 21:27:00,-0.05354507860448621
2020-04-03 21:30:00,0.08870924209935538
2020-04-03 21:33:00,0.16550575808781787
2020-04-03 21:36:00,0.029782633650768275
2020-04-03 21:39:00,-0.010013941659508419
2020-04-03 21:42:00,0.004964088226756758
2020-04-03 21:45:00,0.13379876114549916
2020-04-03 21:48:00,-0.005750501249622175
2020-04-03 21:51:00,0.1302980569448664
2020-04-03 21:54:00,0.14843990745549718
2020-04-03 21:57:00,0.09978069416064272
2020-04-03 22:00:00,0.030469990636731836
2020-04-03 22:03:00,0.024091685643554683
2020-04-03 22:06:00,-0.01180257020149611
2020-04-03 22:09:00,0.07853339359064648
2020-04-03 22:12:00,-0.003490109974961797
2020-04-03 22:15:00,0.06278451661137296
2020-04-03 22:18:00,-0.037644015159855826
2020-04-03 22:21:00,-0.010787654192085938
2020-04-03 22:24:00,0.11996947179824247
2020-04-03 22:27:00,0.04933447732446439
2020-04-03 22:30:00,0.18129231618343056
2020-04-03 22:33:00,0.1108178208602908
2020-04-03 22:36:00,0.04774508618999107
2020-04-03 22:39:00,0.03930069306397854
2020-04-03 22:42:00,-0.02990886602538012
2020-04-03 22:45:00,0.010509031131505253
2020-04-03 22:48:00,0.09182661539296078
2020-04-03 22:51:00,0.024657136725238615
2020-04-03 22:54:00,0.048089358848812935
2020-04-03 22:57:00,0.06345114696881637
2020-04-03 23:00:00,0.056263581659891315
2020-04-03 23:03:00,0.08490168080953708
2020-04-03 23:06:00,-0.04319679364306239
2020-04-03 23:09:00,0.04686721198970645
2020-04-03 23:12:00,0.08362176881405503
2020-04-03 23:15:00,0.07316450821252829
2020-04-03 23:18:00,0.13030652294372658
2020-04-03 23:21:00,-0.03868146562649599
2020-04-03 23:24:00,0.015962821768084723
2020-04-03 23:27:00,0.09684302264014377
2020-04-03 23:30:00,0.09398020921912575
2020-04-03 23:33:00,0.08974609027103497
2020-04-03 23:36:00,0.07586205783383093
2020-04-03 23:39:00,0.07653867612549448
2020-04-03 23:42:00,0.12247447275342438
2020-04-03 23:45:00,0.039795373304514214
2020-04-03 23:48:00,0.05044944985422717
2020-04-03 23:51:00,0.04479690297290517
2020-04-03 23:54:00,0.12965498843470868
2020-04-03 23:57:00,0.13394620177490424
2020-04-04 00:00:00,0.2115588833857487
2020-04-04 00:03:00,0.17972557563774672
2020-04-04 00:06:00,0.13964010346256828
2020-04-04 00:09:00,0.09215051774179983
2020-04-04 00:12:00,0.18519752368564468
2020-04-04 00:15:00,0.09339839932408722
2020-04-04 00:18:00,0.0981597321547838
2020-04-04 00:21:00,0.05418636474144023
2020-04-04 00:24:00,0.142329961409132
2020-04-04 00:27:00,0.0461494511203
2020-04-04 00:30:00,0.06536495628250805
2020-04-04 00:33:00,-0.02976507858846844
2020-04-04 00:36:00,0.07853546053524951
2020-04-04 00:39:00,-0.022179971876084892
2020-04-04 00:42:00,0.030288117635961953
2020-04-04 00:45:00,0.009024254133862541
2020-04-04 00:48:00,0.00027737573481090294
2020-04-04 00:51:00,-0.006513826220668761
2020-04-04 00:54:00,0.007806303310928797
2020-04-04 00:57:00,0.13298228103258225
2020-04-04 01:00:00,0.10052952710532281
2020-04-04 01:03:00,0.037679408444546425
2020-04-04 01:06:00,0.05463060548805743
2020-04-04 01:09:00,0.14446648289100494
2020-04-04 01:12:00,0.14950196103467306
2020-04-04 01:15:00,0.12132922110083655
2020-04-04 01:18:00,0.10685647761818018
2020-04-04 01:21:00,0.2021071169632478
2020-04-04 01:24:00,0.10423687889357325
2020-04-04 01:27:00,0.17672530111929063
2020-04-04 01:30:00,0.1940164418397785
2020-04-04 01:33:00,0.1882875104496975
2020-04-04 01:36:00,0.12269650807434118
2020-04-04 01:39:00,0.3007533422960478
2020-04-04 01:42:00,0.20885093354564788
2020-04-04 01:45:00,0.2391779889725285
2020-04-04 01:48:00,0.2193255776032288
2020-04-04 01:51:00,0.19553989440629493
2020-04-04 01:54:00,0.06758530837765875
2020-04-04 01:57:00,0.12357897137610507
2020-04-04 02:00:00,0.07537062861342747
2020-04-04 02:03:00,0.16689039019485108
2020-04-04 02:06:00,0.057395930262146067
2020-04-04 02:09:00,0.11195199113058152
2020-04-04 02:12:00,0.06057612907193288
2020-04-04 02:15:00,0.2170931238946423
2020-04-04 02:18:00,0.07070606545397595
2020-04-04 02:21:00,0.07803813434486528
2020-04-04 02:24:00,0.1645471183509244
2020-04-04 02:27:00,0.13679641352138106
2020-04-04 02:30:00,0.09599553591897347
2020-04-04 02:33:00,0.030778457265341785
2020-04-04 02:36:00,-0.03774422046518566
2020-04-04 02:39:00,0.06280291826044504
2020-04-04 02:42:00,0.12273510218557249
2020-04-04 02:45:00,0.004288664141881782
2020-04-04 02:48:00,0.0938922852889732
2020-04-04 02:51:00,0.08279713403834421
2020-04-04 02:54:00,0.15329167851797365
2020-04-04 02:57:00,0.2101418311806924
2020-04-04 03:00:00,-0.0020212925680311855
2020-04-04 03:03:00,0.09683511510331755
2020-04-04 03:06:00,0.07635129329071333
2020-04-04 03:09:00,0.08252360310552831
2020-04-04 03:12:00,0.12798797866531686
2020-04-04 03:15:00,0.13309990525749527
2020-04-04 03:18:00,0.11943468812069113
2020-04-04 03:21:00,-0.015130992193462589
2020-04-04 03:24:00,0.09996457238389667
2020-04-04 03:27:00,0.141324252362665
2020-04-04 03:30:00,0.09832639209889749
2020-04-04 03:33:00,0.0834691875614908
2020-04-04 03:36:00,0.13349638614164405
2020-04-04 03:39:00,0.14503809476900642
2020-04-04 03:42:00,0.10036823372371373
2020-04-04 03:45:00,0.11266777209715428
2020-04-04 03:48:00,0.13106399418211367
2020-04-04 03:51:00,0.17002409880291225
2020-04-04 03:54:00,0.09689628036943532
2020-04-04 03:57:00,0.10634020257919019
2020-04-04 04:00:00,0.16253286064926442
2020-04-04 04:03:00,0.044575364712386545
2020-04-04 04:06:00,0.02245646264282186
2020-04-04 04:09:00,-0.035481100495758255
2020-04-04 04:12:00,0.03938673609917487
2020-04-04 04:15:00,0.1732368515876601
2020-04-04 04:18:00,0.28448606484028005
2020-04-04 04:21:00,0.36415362775284166
2020-04-04 04:24:00,0.3271642336206355
2020-04-04 04:27:00,0.35233471783510595
2020-04-04 04:30:00,0.2586048145950599
2020-04-04 04:33:00,0.29499573417626834
2020-04-04 04:36:00,0.07103015959540926
2020-04-04 04:39:00,0.09654325474741654
2020-04-04 04:42:00,0.02174166909418318
2020-04-04 04:45:00,0.10131076125588834
2020-04-04 04:48:00,0.07031273582271069
2020-04-04 04:51:00,0.15429358435579843
2020-04-04 04:54:00,0.18368361552438728
2020-04-04 04:57:00,0.17853028959780204
2020-04-04 05:00:00,0.22216290368709224
2020-04-04 05:03:00,0.21118823415514498
2020-04-04 05:06:00,0.05612591577016701
2020-04-04 05:09:00,0.09546182498843336
2020-04-04 05:12:00,0.1490830434938175
2020-04-04 05:15:00,0.1854438135893588
2020-04-04 05:18:00,0.24137828659070237
2020-04-04 05:21:00,0.5325107496170176
2020-04-04 05:24:00,0.3204155199929346
2020-04-04 05:27:00,0.4144957639775271
2020-04-04 05:30:00,0.340945851932247
2020-04-04 05:33:00,0.38071620661582983
2020-04-04 05:36:00,0.1736186330275018
2020-04-04 05:39:00,0.24868033554224667
2020-04-04 05:42:00,0.11834506633778119
2020-04-04 05:45:00,0.2165167569451114
2020-04-04 05:48:00,0.3253392805767703
2020-04-04 05:51:00,0.24246602132342332
2020-04-04 05:54:00,0.09142236781121937
2020-04-04 05:57:00,0.20769585445725625
2020-04-04 06:00:00,0.24170080376916303
2020-04-04 06:03:00,0.1936316638508515
2020-04-04 06:06:00,0.2988186472285861
2020-04-04 06:09:00,0.15534479196696793
2020-04-04 06:12:00,0.22070176317106416
2020-04-04 06:15:00,0.20400444138141438
2020-04-04 06:18:00,0.15053897129678262
2020-04-04 06:21:00,0.0916149396979904
2020-04-04 06:24:00,0.11664469003039812
2020-04-04 06:27:00,0.19168424210783996
2020-04-04 06:30:00,0.1851074419488441
2020-04-04 06:33:00,0.15033791806138197
2020-04-04 06:36:00,0.11776725414051725
2020-04-04 06:39:00,0.23207719893008516
2020-04-04 06:42:00,0.19125650592940246
2020-04-04 06:45:00,0.04767282872387568
2020-04-04 06:48:00,0.16838155980775582
2020-04-04 06:51:00,0.11379193382896347
2020-04-04 06:54:00,0.19606958540072128
2020-04-04 06:57:00,0.1888603675279228
2020-04-04 07:00:00,0.24189436962240052
2020-04-04 07:03:00,0.14874032013926808
2020-04-04 07:06:00,0.14170515851321852
2020-04-04 07:09:00,0.04809885216428711
2020-04-04 07:12:00,0.0800686410130993
2020-04-04 07:15:00,0.22297032808609174
2020-04-04 07:18:00,0.12223884127263318
2020-04-04 07:21:00,0.044426823907087964
2020-04-04 07:24:00,0.15750693582123176
2020-04-04 07:27:00,0.1885898703247335
2020-04-04 07:30:00,0.15413049673611567
2020-04-04 07:33:00,0.10040564868290858
2020-04-04 07:36:00,0.07917797492115142
2020-04-04 07:39:00,0.05898299699310883
2020-04-04 07:42:00,0.11367114346950302
2020-04-04 07:45:00,-0.0029710741732742463
2020-04-04 07:48:00,0.07922745916846452
2020-04-04 07:51:00,0.15679293163918828
2020-04-04 07:54:00,0.2175616801614524
2020-04-04 07:57:00,0.16099596343730127
2020-04-04 08:00:00,0.11438598188470905
2020-04-04 08:03:00,0.1019080576622855
2020-04-04 08:06:00,0.15438362697636876
2020-04-04 08:09:00,0.18800809347652603
2020-04-04 08:12:00,0.16467279626880327
2020-04-04 08:15:00,0.22926600945265818
2020-04-04 08:18:00,0.21521180823151553
2020-04-04 08:21:00,0.1349006732876319
2020-04-04 08:24:00,0.10137934697775108
2020-04-04 08:27:00,0.2617124451161885
2020-04-04 08:30:00,0.14006423087897701
2020-04-04 08:33:00,0.21388023964902914
2020-04-04 08:36:00,0.16012374597391954
2020-04-04 08:39:00,0.1664237567186433
2020-04-04 08:42:00,0.14692953545397813
2020-04-04 08:45:00,0.1714657826132111
2020-04-04 08:48:00,0.10204512287583611
2020-04-04 08:51:00,0.18422386095591037
2020-04-04 08:54:00,0.17150872231849235
2020-04-04 08:57:00,0.1296464681312841
2020-04-04 09:00:00,0.1576104261856699
2020-04-04 09:03:00,0.0018048631837928042
2020-04-04 09:06:00,0.07740241688162541
2020-04-04 09:09:00,-0.004851196657568835
2020-04-04 09:12:00,0.10616914874395889
2020-04-04 09:15:00,0.17666828196712459
2020-04-04 09:18:00,0.04531275828719572
2020-04-04 09:21:00,0.02315886974957948
2020-04-04 09:24:00,0.15016568623826743
2020-04-04 09:27:00,0.041650570657679964
2020-04-04 09:30:00,0.1207152145030932
2020-04-04 09:33:00,0.013820621210129502
2020-04-04 09:36:00,0.055289653230033764
2020-04-04 09:39:00,0.19795121189491738
2020-04-04 09:42:00,0.18012212057607258
2020-04-04 09:45:00,0.056516526619248
2020-04-04 09:48:00,0.10302281558534787
2020-04-04 09:51:00,0.032887957063394424
2020-04-04 09:54:00,0.08539773183940724
2020-04-04 09:57:00,0.13370631226894147
2020-04-04 10:00:00,0.15381822964428693
2020-04-04 10:03:00,0.06621630550722557
2020-04-04 10:06:00,0.0959383671456635
2020-04-04 10:09:00,0.014551395911269083
2020-04-04 10:12:00,-0.01059182565984429
2020-04-04 10:15:00,0.07603487712248125
2020-04-04 10:18:00,-0.08105209337975339
2020-04-04 10:21:00,-0.023761150619122873
2020-04-04 10:24:00,0.07895329683651653
2020-04-04 10:27:00,0.0039110731144091915
2020-04-04 10:30:00,0.03235654777830632
2020-04-04 10:33:00,-0.05068011258452998
2020-04-04 10:36:00,0.14724524489588475
2020-04-04 10:39:00,-0.09954532507987324
2020-04-04 10:42:00,-0.06236892745141631
2020-04-04 10:45:00,-0.12641490481183837
2020-04-04 10:48:00,-0.049884399920017586
2020-04-04 10:51:00,-0.22173732509571664
2020-04-04 10:54:00,-0.12700328017245965
2020-04-04 10:57:00,-0.15407514410981094
2020-04-04 11:00:00,-0.13825728773423407
2020-04-04 11:03:00,-0.19646368585358687
2020-04-04 11:06:00,-0.08599438670910331
2020-04-04 11:09:00,-0.18328749696047453
2020-04-04 11:12:00,-0.30818229629915095
2020-04-04 11:15:00,-0.20907826669514407
2020-04-04 11:18:00,-0.149793037063489
2020-04-04 11:21:00,-0.26634867272434803
2020-04-04 11:24:00,-0.21320176311945715
2020-04-04 11:27:00,-0.298744853861308
2020-04-04 11:30:00,-0.2331722657137334
2020-04-04 11:33:00,-0.33999415387569343
2020-04-04 11:36:00,-0.3803137555438525
2020-04-04 11:39:00,-0.2915292183952829
2020-04-04 11:42:00,-0.3613064623896207
2020-04-04 11:45:00,-0.33202191572081574
2020-04-04 11:48:00,-0.35138493460249265
2020-04-04 11:51:00,-0.305841128881184
2020-04-04 11:54:00,-0.31548121840990007
2020-04-04 11:57:00,-0.3850066573306776
2020-04-04 12:00:00,-0.32798802576928665
2020-04-04 12:03:00,-0.39115836492680955
2020-04-04 12:06:00,-0.3455007876191303
2020-04-04 12:09:00,-0.3119254836426535
2020-04-04 12:12:00,-0.34379901705995053
2020-04-04 12:15:00,-0.34644680571113895
2020-04-04 12:18:00,-0.30732290529306283
2020-04-04 12:21:00,-0.40300267698137304
2020-04-04 12:24:00,-0.39596672273353306
2020-04-04 12:27:00,-0.4304547638027998
2020-04-04 12:30:00,-0.5020443655679969
2020-04-04 12:33:00,-0.36580059259250675
2020-04-04 12:36:00,-0.4512217002222769
2020-04-04 12:39:00,-0.4009351502942877
2020-04-04 12:42:00,-0.44098187060075134
2020-04-04 12:45:00,-0.31563935155094214
2020-04-04 12:48:00,-0.28317907422734834
2020-04-04 12:51:00,-0.31992967121016136
2020-04-04 12:54:00,-0.30966768500928765
2020-04-04 12:57:00,-0.45332756043785594
2020-04-04 13:00:00,-0.40559779884046065
2020-04-04 13:03:00,-0.4315241720541394
2020-04-04 13:06:00,-0.327353334179179
2020-04-04 13:09:00,-0.42541519139564343
2020-04-04 13:12:00,-0.41284665623811634
2020-04-04 13:15:00,-0.43796489445600173
2020-04-04 13:18:00,-0.4016989830772104
2020-04-04 13:21:00,-0.4485118784573956
2020-04-04 13:24:00,-0.38975091226626546
2020-04-04 13:27:00,-0.4253109238138677
2020-04-04 13:30:00,-0.41054491571742346
2020-04-04 13:33:00,-0.5089920385265145
2020-04-04 13:36:00,-0.416351605814441
2020-04-04 13:39:00,-0.48353807601603194
2020-04-04 13:42:00,-0.577030465311509
2020-04-04 13:45:00,-0.46888171492599895
2020-04-04 13:48:00,-0.553398828715217
2020-04-04 13:51:00,-0.5739283296750273
2020-04-04 13:54:00,-0.4665563670022834
2020-04-04 13:57:00,-0.5442660165925872
2020-04-04 14:00:00,-0.5151468701461681
2020-04-04 14:03:00,-0.40763801137399014
2020-04-04 14:06:00,-0.3811169580055207
2020-04-04 14:09:00,-0.5081810129371434
2020-04-04 14:12:00,-0.6193448057663886
2020-04-04 14:15:00,-0.48826946197254983
2020-04-04 14:18:00,-0.5235173356315954
2020-04-04 14:21:00,-0.5873377155107278
2020-04-04 14:24:00,-0.5375607688376363
2020-04-04 14:27:00,-0.5297933702419755
2020-04-04 14:30:00,-0.5335258065395578
2020-04-04 14:33:00,-0.4786722929198959
2020-04-04 14:36:00,-0.42521008205119415
2020-04-04 14:39:00,-0.5227161687918169
2020-04-04 14:42:00,-0.4389364731839578
2020-04-04 14:45:00,-0.5074646799233165
2020-04-04 14:48:00,-0.46997593651923353
2020-04-04 14:51:00,-0.3333628238937649
2020-04-04 14:54:00,-0.3593595848887503
2020-04-04 14:57:00,-0.6046823951898546
2020-04-04 15:00:00,-0.4919211718139991
2020-04-04 15:03:00,-0.47985079098310734
2020-04-04 15:06:00,-0.5436526014087804
2020-04-04 15:09:00,-0.5699884347720854
2020-04-04 15:12:00,-0.47539925510079684
2020-04-04 15:15:00,-0.49742199588769154
2020-04-04 15:18:00,-0.4065915929908215
2020-04-04 15:21:00,-0.43632082526454496
2020-04-04 15:24:00,-0.4365531129426472
2020-04-04 15:27:00,-0.45996083011033306
2020-04-04 15:30:00,-0.46645409853601905
2020-04-04 15:33:00,-0.40779782585383373
2020-04-04 15:36:00,-0.38468742033745684
2020-04-04 15:39:00,-0.5032533874603473
2020-04-04 15:42:00,-0.530322803528577
2020-04-04 15:45:00,-0.42570931458067207
2020-04-04 15:48:00,-0.41574258998019786
2020-04-04 15:51:00,-0.46379092398325383
2020-04-04 15:54:00,-0.48122876244332247
2020-04-04 15:57:00,-0.3950367396894876
2020-04-04 16:00:00,-0.39826281747298253
2020-04-04 16:03:00,-0.4448811589763295
2020-04-04 16:06:00,-0.38332862468729445
2020-04-04 16:09:00,-0.4689131325705489
2020-04-04 16:12:00,-0.40811668901250187
2020-04-04 16:15:00,-0.40455515854108626
2020-04-04 16:18:00,-0.4174256009597457
2020-04-04 16:21:00,-0.4188335273950088
2020-04-04 16:24:00,-0.39229121339565154
2020-04-04 16:27:00,-0.3856485753404968
2020-04-04 16:30:00,-0.41817989113508247
2020-04-04 16:33:00,-0.4095395646976385
2020-04-04 16:36:00,-0.3807817743713713
2020-04-04 16:39:00,-0.35754019453349883
2020-04-04 16:42:00,-0.4354677637292639
2020-04-04 16:45:00,-0.38297061261454246
2020-04-04 16:48:00,-0.3346426771560118
2020-04-04 16:51:00,-0.34279130923505363
2020-04-04 16:54:00,-0.3502125397873215
2020-04-04 16:57:00,-0.2556036155968968
2020-04-04 17:00:00,-0.38321452695203106
2020-04-04 17:03:00,-0.4851794180717661
2020-04-04 17:06:00,-0.3847702662672532
2020-04-04 17:09:00,-0.3629261795537104
2020-04-04 17:12:00,-0.3848446731833519
2020-04-04 17:15:00,-0.41116886024207133
2020-04-04 17:18:00,-0.35787090716684133
2020-04-04 17:21:00,-0.3415860517299052
2020-04-04 17:24:00,-0.35709760690195935
2020-04-04 17:27:00,-0.3831331790144077
2020-04-04 17:30:00,-0.48078919433794454
2020-04-04 17:33:00,-0.4079822928218846
2020-04-04 17:36:00,-0.38910022077197937
2020-04-04 17:39:00,-0.37925793085639725
2020-04-04 17:42:00,-0.346218833380874
2020-04-04 17:45:00,-0.3404639654272046
2020-04-04 17:48:00,-0.3604287883803181
2020-04-04 17:51:00,-0.41473797016470826
2020-04-04 17:54:00,-0.2466061431561002
2020-04-04 17:57:00,-0.2824821379997502
2020-04-04 18:00:00,-0.4001864113383249
2020-04-04 18:03:00,-0.3812179991289213
2020-04-04 18:06:00,-0.32868721862405437
2020-04-04 18:09:00,-0.3711268883786829
2020-04-04 18:12:00,-0.3383274900994593
2020-04-04 18:15:00,-0.3040556399623142
2020-04-04 18:18:00,-0.2841165528512306
2020-04-04 18:21:00,-0.37882893270483464
2020-04-04 18:24:00,-0.30529019321278383
2020-04-04 18:27:00,-0.2524852770627035
2020-04-04 18:30:00,-0.2702875431654661
2020-04-04 18:33:00,-0.23590772221882617
2020-04-04 18:36:00,-0.3328589817249963
2020-04-04 18:39:00,-0.2707289790752725
2020-04-04 18:42:00,-0.33058525261020577
2020-04-04 18:45:00,-0.2784291235943783
2020-04-04 18:48:00,-0.2741232883408884
2020-04-04 18:51:00,-0.2908024539954681
2020-04-04 18:54:00,
2020-04-04 18:57:00,
2020-04-04 19:00:00,
2020-04-04 19:03:00,-0.18537757679291644
2020-04-04 19:06:00,-0.2634497966843128
2020-04-04 19:09:00,-0.285364189514155
2020-04-04 19:12:00,-0.2983251012506116
2020-04-04 19:15:00,-0.17735582402690397
2020-04-04 19:18:00,-0.17452959364914022
2020-04-04 19:21:00,-0.1454322548150344
2020-04-04 19:24:00,-0.13658853996668086
2020-04-04 19:27:00,-0.20178672948969734
2020-04-04 19:30:00,-0.18705161109801338
2020-04-04 19:33:00,-0.187544522699568
2020-04-04 19:36:00,-0.1825669992633152
2020-04-04 19:39:00,-0.1783558301544872
2020-04-04 19:42:00,-0.33827669924136217
2020-04-04 19:45:00,-0.22668544805549118
2020-04-04 19:48:00,-0.15432657531295035
2020-04-04 19:51:00,-0.21106148942186564
2020-04-04 19:54:00,-0.17021162360958897
2020-04-04 19:57:00,-0.19313054871173563
2020-04-04 20:00:00,-0.17401522750390086
2020-04-04 20:03:00,-0.08838422503691845
2020-04-04 20:06:00,-0.1870675704358291
2020-04-04 20:09:00,-0.15438688940866996
2020-04-04 20:12:00,-0.1305723768249436
2020-04-04 20:15:00,-0.19367934229563843
2020-04-04 20:18:00,-0.06935969505724415
2020-04-04 20:21:00,-0.13966645959470725
2020-04-04 20:24:00,-0.27524385240633364
2020-04-04 20:27:00,-0.10599829488558044
2020-04-04 20:30:00,-0.1427727097089928
2020-04-04 20:33:00,-0.07106482378429746
2020-04-04 20:36:00,-0.11728699923935437
2020-04-04 20:39:00,-0.08703007171379795
2020-04-04 20:42:00,-0.07562009603879005
2020-04-04 20:45:00,-0.0692098639316896
2020-04-04 20:48:00,0.014411625600018851
2020-04-04 20:51:00,0.0016126956988387064
2020-04-04 20:54:00,0.1379713430686138
2020-04-04 20:57:00,0.027927544113254044
2020-04-04 21:00:00,7.839982248469823e-05
2020-04-04 21:03:00,-0.04659299613189205
2020-04-04 21:06:00,0.02204772658183174
2020-04-04 21:09:00,-0.024792694630264123
2020-04-04 21:12:00,0.03273083794516651
2020-04-04 21:15:00,0.08845114142326338
2020-04-04 21:18:00,0.023314733466634152
2020-04-04 21:21:00,0.026484003516259236
2020-04-04 21:24:00,0.056204191730728326
2020-04-04 21:27:00,-0.07095826324530208
2020-04-04 21:30:00,-0.023775231931097096
2020-04-04 21:33:00,-0.0024126427590545063
2020-04-04 21:36:00,0.0031863732511396847
2020-04-04 21:39:00,-0.024750077337500898
2020-04-04 21:42:00,0.04959450457363346
2020-04-04 21:45:00,0.04991731504145491
2020-04-04 21:48:00,0.12795149025748742
2020-04-04 21:51:00,0.0632451407757344
2020-04-04 21:54:00,0.03590737270098998
2020-04-04 21:57:00,0.09568927904621205
2020-04-04 22:00:00,0.04474497429458779
2020-04-04 22:03:00,0.0728681367537547
2020-04-04 22:06:00,0.08432770447831217
2020-04-04 22:09:00,0.10343445250350669
2020-04-04 22:12:00,-0.09564489848293078
2020-04-04 22:15:00,-0.010530150016563766
2020-04-04 22:18:00,0.013532520843114071
2020-04-04 22:21:00,0.03623683037892533
2020-04-04 22:24:00,0.0050498626034141125
2020-04-04 22:27:00,0.10156467303619365
2020-04-04 22:30:00,0.0905814103282978
2020-04-04 22:33:00,0.03179928250932562
2020-04-04 22:36:00,0.0480715581704203
2020-04-04 22:39:00,0.003244650988790454
2020-04-04 22:42:00,0.12295946170223715
2020-04-04 22:45:00,0.020265209122499073
2020-04-04 22:48:00,0.03280609090967346
2020-04-04 22:51:00,0.03582416841538816
2020-04-04 22:54:00,0.027124305514178104
2020-04-04 22:57:00,0.13887301221586767
2020-04-04 23:00:00,0.022032407453593805
2020-04-04 23:03:00,0.10658971899312064
2020-04-04 23:06:00,0.1741384784653519
2020-04-04 23:09:00,0.10574134530622814
2020-04-04 23:12:00,0.037420509306514305
2020-04-04 23:15:00,0.05006931131578085
2020-04-04 23:18:00,0.1413231058864426
2020-04-04 23:21:00,0.11763981626319264
2020-04-04 23:24:00,0.16966289958736525
2020-04-04 23:27:00,0.09508969503838216
2020-04-04 23:30:00,0.10324439667772367
2020-04-04 23:33:00,0.09594832074668602
2020-04-04 23:36:00,0.08299881831987932
2020-04-04 23:39:00,0.09080137350139239
2020-04-04 23:42:00,0.0778712649417912
2020-04-04 23:45:00,0.011962543805111636
2020-04-04 23:48:00,0.03695030568206903
2020-04-04 23:51:00,-0.03738913755438489
2020-04-04 23:54:00,0.03309594902623303
2020-04-04 23:57:00,0.09588170232558468
2020-04-05 00:00:00,0.07844663409827035
2020-04-05 00:03:00,0.0035618414946156918
2020-04-05 00:06:00,0.023004975264598215
2020-04-05 00:09:00,-0.04573375624192977
2020-04-05 00:12:00,-0.046632398737756375
2020-04-05 00:15:00,-0.004742084961890214
2020-04-05 00:18:00,-0.0009843102811259996
2020-04-05 00:21:00,-0.04764034746102652
2020-04-05 00:24:00,-0.01468530986761607
2020-04-05 00:27:00,0.17998467084044023
2020-04-05 00:30:00,0.09561962393178192
2020-04-05 00:33:00,0.14796732544715496
2020-04-05 00:36:00,0.12975621141265492
2020-04-05 00:39:00,0.15268560479239568
2020-04-05 00:42:00,0.07834837556384855
2020-04-05 00:45:00,0.07229179009692643
2020-04-05 00:48:00,0.15621529319685123
2020-04-05 00:51:00,0.012647431307300394
2020-04-05 00:54:00,0.20090101379969383
2020-04-05 00:57:00,0.20249161101497748
2020-04-05 01:00:00,0.15623619436127
2020-04-05 01:03:00,0.1549468842393935
2020-04-05 01:06:00,0.16156718889533295
2020-04-05 01:09:00,0.03688357706522538
2020-04-05 01:12:00,0.10265520160254482
2020-04-05 01:15:00,0.12393838957865455
2020-04-05 01:18:00,0.10314519219883778
2020-04-05 01:21:00,0.09338403130527695
2020-04-05 01:24:00,0.07417370741649165
2020-04-05 01:27:00,0.014441468819597958
2020-04-05 01:30:00,0.06719364116486304
2020-04-05 01:33:00,0.1544659085730018
2020-04-05 01:36:00,0.16231309651192305
2020-04-05 01:39:00,0.02280045418518739
2020-04-05 01:42:00,0.1704705388755201
2020-04-05 01:45:00,0.2026491068530163
2020-04-05 01:48:00,0.09325548390307858
2020-04-05 01:51:00,0.1453032261119347
2020-04-05 01:54:00,0.1658502947959164
2020-04-05 01:57:00,0.1491729997536595
2020-04-05 02:00:00,0.11224533145201576
2020-04-05 02:03:00,0.20307533342986517
2020-04-05 02:06:00,0.14939339082383185
2020-04-05 02:09:00,0.133207599391028
2020-04-05 02:12:00,0.239601302591268
2020-04-05 02:15:00,0.1538092394883961
2020-04-05 02:18:00,0.21109053683312595
2020-04-05 02:21:00,0.2374876303059068
2020-04-05 02:24:00,0.15883356016183825
2020-04-05 02:27:00,0.18155052706907782
2020-04-05 02:30:00,0.2461888746280465
2020-04-05 02:33:00,0.10494343911602755
2020-04-05 02:36:00,0.09856283227537688
2020-04-05 02:39:00,0.24900493773350263
2020-04-05 02:42:00,0.18161867375056318
2020-04-05 02:45:00,0.15687382888279444
2020-04-05 02:48:00,0.14883338121478573
2020-04-05 02:51:00,0.15642134896762627
2020-04-05 02:54:00,0.19719323773927044
2020-04-05 02:57:00,0.10910106003655073
2020-04-05 03:00:00,0.27240784577134036
2020-04-05 03:03:00,0.35989232751052214
2020-04-05 03:06:00,0.48996195563228184
2020-04-05 03:09:00,0.5421887251845874
2020-04-05 03:12:00,0.5762574715309938
2020-04-05 03:15:00,0.4560818746292057
2020-04-05 03:18:00,0.4305997053604642
2020-04-05 03:21:00,0.4042280089979613
2020-04-05 03:24:00,0.4024643313959473
2020-04-05 03:27:00,0.2582861537127883
2020-04-05 03:30:00,0.31284859993439795
2020-04-05 03:33:00,0.22313748688100077
2020-04-05 03:36:00,0.16362750609647492
2020-04-05 03:39:00,0.186745899206187
2020-04-05 03:42:00,0.16919273722965045
2020-04-05 03:45:00,0.1506313892270441
2020-04-05 03:48:00,0.1842461545960532
2020-04-05 03:51:00,0.21312012985305273
2020-04-05 03:54:00,0.28493688719419197
2020-04-05 03:57:00,0.21864490294518646
2020-04-05 04:00:00,0.1524664567601235
2020-04-05 04:03:00,0.3672512711128775
2020-04-05 04:06:00,0.20770553274957138
2020-04-05 04:09:00,0.25664166467703353
2020-04-05 04:12:00,0.29572239681561996
2020-04-05 04:15:00,0.27147026501796745
2020-04-05 04:18:00,0.217175607951674
2020-04-05 04:21:00,0.2483330900136025
2020-04-05 04:24:00,0.22445284218224515
2020-04-05 04:27:00,0.18852157513038037
2020-04-05 04:30:00,0.21556002406066455
2020-04-05 04:33:00,0.18150309012224852
2020-04-05 04:36:00,0.1638961005343731
2020-04-05 04:39:00,0.1863940125897443
2020-04-05 04:42:00,0.19756151166149039
2020-04-05 04:45:00,-0.020433031352865783
2020-04-05 04:48:00,0.08868772576505535
2020-04-05 04:51:00,0.0991063958405789
2020-04-05 04:54:00,0.017756137140736428
2020-04-05 04:57:00,0.22226772625867852
2020-04-05 05:00:00,0.1695251397093216
2020-04-05 05:03:00,0.15412752313312694
2020-04-05 05:06:00,0.14642801387179816
2020-04-05 05:09:00,0.14365439398068247
2020-04-05 05:12:00,0.18497631888766364
2020-04-05 05:15:00,0.2000049628547913
2020-04-05 05:18:00,0.1396894835656326
2020-04-05 05:21:00,0.09815794347269957
2020-04-05 05:24:00,0.10503426566208418
2020-04-05 05:27:00,0.15817482732450117
2020-04-05 05:30:00,0.19562893154954963
2020-04-05 05:33:00,0.254599083197661
2020-04-05 05:36:00,0.2008486187655194
2020-04-05 05:39:00,0.2683862532894068
2020-04-05 05:42:00,0.23253002687829394
2020-04-05 05:45:00,0.16796475731996452
2020-04-05 05:48:00,0.26591283571264057
2020-04-05 05:51:00,0.19172619027142446
2020-04-05 05:54:00,0.19824868919732808
2020-04-05 05:57:00,0.22142348743500406
2020-04-05 06:00:00,0.26786554467491897
2020-04-05 06:03:00,0.228839280806028
2020-04-05 06:06:00,0.3247524888923863
2020-04-05 06:09:00,0.2350592700551033
2020-04-05 06:12:00,0.2677466406030362
2020-04-05 06:15:00,0.20946532760501668
2020-04-05 06:18:00,0.14297527211164152
2020-04-05 06:21:00,0.1558760274051565
2020-04-05 06:24:00,0.19500965877278986
2020-04-05 06:27:00,0.16001984364913824
2020-04-05 06:30:00,0.2691475598577995
2020-04-05 06:33:00,0.16315769726907092
2020-04-05 06:36:00,0.22015516080659836
2020-04-05 06:39:00,0.2105464023943
2020-04-05 06:42:00,0.2230688551931621
2020-04-05 06:45:00,0.3084551587909914
2020-04-05 06:48:00,0.2878573786461516
2020-04-05 06:51:00,0.37341704403792164
2020-04-05 06:54:00,0.3894180178381248
2020-04-05 06:57:00,0.3138396641290342
2020-04-05 07:00:00,0.3810978454505971
2020-04-05 07:03:00,0.3079375542757248
2020-04-05 07:06:00,0.265631019315947
2020-04-05 07:09:00,0.34730267162007067
2020-04-05 07:12:00,0.2995295350421543
2020-04-05 07:15:00,0.38308190250398866
2020-04-05 07:18:00,0.3964778318558615
2020-04-05 07:21:00,0.31979842613947085
2020-04-05 07:24:00,0.4357256497228832
2020-04-05 07:27:00,0.3068692878217121
2020-04-05 07:30:00,0.3643497353532439
2020-04-05 07:33:00,0.39456621684541915
2020-04-05 07:36:00,0.4083953611724951
2020-04-05 07:39:00,0.390066398007491
2020-04-05 07:42:00,0.3461763304878218
2020-04-05 07:45:00,0.38915543537126496
2020-04-05 07:48:00,0.3867391163603884
2020-04-05 07:51:00,0.27939585377140475
2020-04-05 07:54:00,0.34612653092710843
2020-04-05 07:57:00,0.2535844940894094
2020-04-05 08:00:00,0.2657745096601616
2020-04-05 08:03:00,0.2918995749956821
2020-04-05 08:06:00,0.36477590136456683
2020-04-05 08:09:00,0.29845888513364116
2020-04-05 08:12:00,0.26220170418469024
2020-04-05 08:15:00,0.3079522197732558
2020-04-05 08:18:00,0.3442290545913238
2020-04-05 08:21:00,0.33848237080121635
2020-04-05 08:24:00,0.26023019542395787
2020-04-05 08:27:00,0.386415371476005
2020-04-05 08:30:00,0.31084661709047623
2020-04-05 08:33:00,0.4042870784269894
2020-04-05 08:36:00,0.4156195761429444
2020-04-05 08:39:00,0.32255357229632864
2020-04-05 08:42:00,0.3132814986640824
2020-04-05 08:45:00,0.2771131672004685
2020-04-05 08:48:00,0.2563160827523916
2020-04-05 08:51:00,0.34351682686985896
2020-04-05 08:54:00,0.33189339364753323
2020-04-05 08:57:00,0.37835352665632627
2020-04-05 09:00:00,0.38428006770476486
2020-04-05 09:03:00,0.30307476822895296
2020-04-05 09:06:00,0.2840265838123628
2020-04-05 09:09:00,0.34994944150963647
2020-04-05 09:12:00,0.1796376375602904
2020-04-05 09:15:00,0.22534651395420724
2020-04-05 09:18:00,0.22152306071347994
2020-04-05 09:21:00,0.26147177119958087
2020-04-05 09:24:00,0.16656392372527762
2020-04-05 09:27:00,0.2979862916860725
2020-04-05 09:30:00,0.2793604424252294
2020-04-05 09:33:00,0.23089802984458174
2020-04-05 09:36:00,0.2386158047975755
2020-04-05 09:39:00,0.3221644715915204
2020-04-05 09:42:00,0.3078741938496137
2020-04-05 09:45:00,0.3071917157456596
2020-04-05 09:48:00,0.23140623544105665
2020-04-05 09:51:00,0.2777140711421566
2020-04-05 09:54:00,0.23136478097967483
2020-04-05 09:57:00,0.30557217873388254
2020-04-05 10:00:00,0.35376139591340916
2020-04-05 10:03:00,0.24972335624522657
2020-04-05 10:06:00,0.1922131497369719
2020-04-05 10:09:00,0.263867258857033
2020-04-05 10:12:00,0.23261477556377486
2020-04-05 10:15:00,0.238846130228751
2020-04-05 10:18:00,0.2968032171019672
2020-04-05 10:21:00,0.22194605622149766
2020-04-05 10:24:00,0.1990970600297146
2020-04-05 10:27:00,0.15973842739043675
2020-04-05 10:30:00,0.04153877819436502
2020-04-05 10:33:00,0.040540718878389725
2020-04-05 10:36:00,0.10235793567835572
2020-04-05 10:39:00,0.20124821007124183
2020-04-05 10:42:00,0.15971751871495599
2020-04-05 10:45:00,0.1917175258744237
2020-04-05 10:48:00,0.20776990012615215
2020-04-05 10:51:00,0.09119818228646182
2020-04-05 10:54:00,0.16725738448343463
2020-04-05 10:57:00,0.112518095600592
2020-04-05 11:00:00,0.1051545778432228
2020-04-05 11:03:00,0.06411185849771073
2020-04-05 11:06:00,0.09080709484209137
2020-04-05 11:09:00,0.055462603588807724
2020-04-05 11:12:00,0.06852689824341951
2020-04-05 11:15:00,0.0948201612881121
2020-04-05 11:18:00,-0.00690202332498302
2020-04-05 11:21:00,0.08975379130782812
2020-04-05 11:24:00,-0.009679024857234708
2020-04-05 11:27:00,0.03509243706923826
2020-04-05 11:30:00,-0.015728161171068678
2020-04-05 11:33:00,-0.14760032955672386
2020-04-05 11:36:00,-0.08991389088686219
2020-04-05 11:39:00,-0.10626698418872138
2020-04-05 11:42:00,-0.157259820278
2020-04-05 11:45:00,-0.13008057989441113
2020-04-05 11:48:00,-0.01082930391038417
2020-04-05 11:51:00,-0.0023445719563710554
2020-04-05 11:54:00,-0.11156966740634289
2020-04-05 11:57:00,0.004593595995117994
2020-04-05 12:00:00,0.08205877141364226
2020-04-05 12:03:00,-0.020394582840026487
2020-04-05 12:06:00,-0.11714744314542713
2020-04-05 12:09:00,-0.15911696107127682
2020-04-05 12:12:00,-0.187648092787299
2020-04-05 12:15:00,-0.24515589511270264
2020-04-05 12:18:00,-0.21485229345267953
2020-04-05 12:21:00,-0.26439395097582974
2020-04-05 12:24:00,-0.24616956964348446
2020-04-05 12:27:00,-0.25104013742355846
2020-04-05 12:30:00,-0.14337976369296257
2020-04-05 12:33:00,-0.17185269291604754
2020-04-05 12:36:00,-0.14603982591404474
2020-04-05 12:39:00,-0.18663617990370085
2020-04-05 12:42:00,-0.285684650135579
2020-04-05 12:45:00,-0.1927608960123166
2020-04-05 12:48:00,-0.24596791907464421
2020-04-05 12:51:00,-0.21375036433590822
2020-04-05 12:54:00,-0.24294499583544393
2020-04-05 12:57:00,-0.2238503336304234
2020-04-05 13:00:00,-0.21665546390403279
2020-04-05 13:03:00,-0.18642177975419827
2020-04-05 13:06:00,-0.24335419270551029
2020-04-05 13:09:00,-0.258247353232548
2020-04-05 13:12:00,-0.23278655318739538
2020-04-05 13:15:00,-0.2898575289365226
2020-04-05 13:18:00,-0.3200120451937778
2020-04-05 13:21:00,-0.38187458194380497
2020-04-05 13:24:00,-0.31477012914001534
2020-04-05 13:27:00,-0.3312222930133544
2020-04-05 13:30:00,-0.25691438484773244
2020-04-05 13:33:00,-0.313937132485421
2020-04-05 13:36:00,-0.4000890946635991
2020-04-05 13:39:00,-0.35367905292184787
2020-04-05 13:42:00,-0.36140131874572035
2020-04-05 13:45:00,-0.3098974675065733
2020-04-05 13:48:00,-0.27460189693380244
2020-04-05 13:51:00,-0.24325098068169382
2020-04-05 13:54:00,-0.3112947371849941
2020-04-05 13:57:00,-0.3349682977662951
2020-04-05 14:00:00,-0.3545956435554558
2020-04-05 14:03:00,-0.3980422861015427
2020-04-05 14:06:00,-0.3783078351259519
2020-04-05 14:09:00,-0.45181276017092387
2020-04-05 14:12:00,-0.38680714630504553
2020-04-05 14:15:00,-0.4965506470797436
2020-04-05 14:18:00,-0.38165294923709325
2020-04-05 14:21:00,-0.4126336214603157
2020-04-05 14:24:00,-0.3776113226985558
2020-04-05 14:27:00,-0.38357452168781947
2020-04-05 14:30:00,-0.4451505326241545
2020-04-05 14:33:00,-0.46074700954795844
2020-04-05 14:36:00,-0.30677060002113876
2020-04-05 14:39:00,-0.2997362014917826
2020-04-05 14:42:00,-0.3496417642524534
2020-04-05 14:45:00,-0.4153530885421901
2020-04-05 14:48:00,-0.5197864696222609
2020-04-05 14:51:00,-0.43787766543675843
2020-04-05 14:54:00,-0.4097847993567143
2020-04-05 14:57:00,-0.41197730303338176
2020-04-05 15:00:00,-0.32347307806492154
2020-04-05 15:03:00,-0.43100602023611145
2020-04-05 15:06:00,-0.36055149295611955
2020-04-05 15:09:00,-0.3964641659045469
2020-04-05 15:12:00,-0.4173988376477382
2020-04-05 15:15:00,-0.37717064062405825
2020-04-05 15:18:00,-0.5193963665594765
2020-04-05 15:21:00,-0.4548476599230753
2020-04-05 15:24:00,-0.41902646957152
2020-04-05 15:27:00,-0.43846237864653403
2020-04-05 15:30:00,-0.3968490984673281
2020-04-05 15:33:00,-0.3130109987473588
2020-04-05 15:36:00,-0.3536605074429531
2020-04-05 15:39:00,-0.3227638318500681
2020-04-05 15:42:00,-0.30543690083590036
2020-04-05 15:45:00,-0.3051598278939309
2020-04-05 15:48:00,-0.33144447775947583
2020-04-05 15:51:00,-0.4141236492346252
2020-04-05 15:54:00,-0.2977651467703595
2020-04-05 15:57:00,-0.37674510805283035
2020-04-05 16:00:00,-0.31510448391668433
2020-04-05 16:03:00,-0.32411340040624737
2020-04-05 16:06:00,-0.35341295579519283
2020-04-05 16:09:00,-0.2054958148292485
2020-04-05 16:12:00,-0.301044029212278
2020-04-05 16:15:00,-0.3028557803978629
2020-04-05 16:18:00,-0.4378431045707316
2020-04-05 16:21:00,-0.3585375114665226
2020-04-05 16:24:00,-0.25416648600059943
2020-04-05 16:27:00,-0.40292912374610523
2020-04-05 16:30:00,-0.299954085340687
2020-04-05 16:33:00,-0.23005766390383542
2020-04-05 16:36:00,-0.200031346144101
2020-04-05 16:39:00,-0.29471722349632046
2020-04-05 16:42:00,-0.2691101926840247
2020-04-05 16:45:00,-0.27503830866714907
2020-04-05 16:48:00,-0.23141663288544123
2020-04-05 16:51:00,-0.18312750729648997
2020-04-05 16:54:00,-0.32112461797134983
2020-04-05 16:57:00,-0.24828919340080802
2020-04-05 17:00:00,-0.33976608605865977
2020-04-05 17:03:00,-0.34229817738361135
2020-04-05 17:06:00,-0.3264292599662326
2020-04-05 17:09:00,-0.2215614541210016
2020-04-05 17:12:00,-0.27163311643153065
2020-04-05 17:15:00,-0.3064858146147458
2020-04-05 17:18:00,-0.29062983265180264
2020-04-05 17:21:00,-0.22642980621003517
2020-04-05 17:24:00,-0.3072063860262233
2020-04-05 17:27:00,-0.24329706287130648
2020-04-05 17:30:00,-0.2949410914727082
2020-04-05 17:33:00,-0.25021598627483854
2020-04-05 17:36:00,-0.21541081169181098
2020-04-05 17:39:00,-0.26291503632126023
2020-04-05 17:42:00,-0.27478878592899036
2020-04-05 17:45:00,-0.2245705925950574
2020-04-05 17:48:00,-0.28487308169940206
2020-04-05 17:51:00,-0.2540385907789755
2020-04-05 17:54:00,-0.22625872068346098
2020-04-05 17:57:00,-0.22602991464458455
2020-04-05 18:00:00,-0.23219713407360132
2020-04-05 18:03:00,-0.17766454814153576
2020-04-05 18:06:00,-0.11058781227762893
2020-04-05 18:09:00,-0.09665113600749464
2020-04-05 18:12:00,-0.06156253927684929
2020-04-05 18:15:00,-0.12843283480077616
2020-04-05 18:18:00,-0.11253320650627074
2020-04-05 18:21:00,-0.0844726886282956
2020-04-05 18:24:00,-0.040627180913588745
2020-04-05 18:27:00,-0.019327787890631498
2020-04-05 18:30:00,-0.08902617377481192
2020-04-05 18:33:00,0.021083466718266664
2020-04-05 18:36:00,-0.03141742312925544
2020-04-05 18:39:00,0.011709621188458641
2020-04-05 18:42:00,-0.09913326996684191
2020-04-05 18:45:00,-0.08507253931372816
2020-04-05 18:48:00,0.07226507621408018
2020-04-05 18:51:00,-0.040078193264037054
2020-04-05 18:54:00,0.05510109039744293
2020-04-05 18:57:00,
2020-04-05 19:00:00,
2020-04-05 19:03:00,0.10333238083643437
2020-04-05 19:06:00,0.08363504533133437
2020-04-05 19:09:00,0.022861989343368805
2020-04-05 19:12:00,0.014884731161373566
2020-04-05 19:15:00,0.07804057586190538
2020-04-05 19:18:00,0.033842419774259724
2020-04-05 19:21:00,0.10417286044719276
2020-04-05 19:24:00,0.1376330773749146
2020-04-05 19:27:00,0.0002021235996494397
2020-04-05 19:30:00,0.028879200481014777
2020-04-05 19:33:00,0.039238576776767786
2020-04-05 19:36:00,0.09091991045846726
2020-04-05 19:39:00,0.0992317470264652
2020-04-05 19:42:00,0.0758287962491977
2020-04-05 19:45:00,0.11205861544681284
2020-04-05 19:48:00,0.021895536916815672
2020-04-05 19:51:00,0.09404827113672809
2020-04-05 19:54:00,0.035935284054289696
2020-04-05 19:57:00,0.08875513577703487
2020-04-05 20:00:00,0.0716352343484914
2020-04-05 20:03:00,-0.039703923811430286
2020-04-05 20:06:00,0.08654802762293912
2020-04-05 20:09:00,0.1386769757671118
2020-04-05 20:12:00,0.1450172932071041
2020-04-05 20:15:00,0.13712503903610695
2020-04-05 20:18:00,0.1177099742997143
2020-04-05 20:21:00,0.0567228877486059
2020-04-05 20:24:00,0.06367819910138905
2020-04-05 20:27:00,0.1043193003538363
2020-04-05 20:30:00,0.10739018292622404
2020-04-05 20:33:00,0.12072877443000607
2020-04-05 20:36:00,0.21524444464859016
2020-04-05 20:39:00,0.13907302304892255
2020-04-05 20:42:00,0.06213886751913833
2020-04-05 20:45:00,0.13453416204856694
2020-04-05 20:48:00,0.20772243368696763
2020-04-05 20:51:00,0.028572465383547296
2020-04-05 20:54:00,0.0167710777574257
2020-04-05 20:57:00,0.1113578751995874
2020-04-05 21:00:00,0.1800942006731816
2020-04-05 21:03:00,0.13146579073190878
2020-04-05 21:06:00,0.04979705475392393
2020-04-05 21:09:00,0.09378512948899242
2020-04-05 21:12:00,0.061438600171698
2020-04-05 21:15:00,0.026266060786383605
2020-04-05 21:18:00,-0.029868570147243645
2020-04-05 21:21:00,0.08292325927806132
2020-04-05 21:24:00,0.13189491575008105
2020-04-05 21:27:00,0.13052749082032733
2020-04-05 21:30:00,0.09974348242309361
2020-04-05 21:33:00,0.1573232322382978
2020-04-05 21:36:00,0.13779504308178048
2020-04-05 21:39:00,0.2217908730262934
2020-04-05 21:42:00,0.10406160735522008
2020-04-05 21:45:00,0.24096331360425438
2020-04-05 21:48:00,0.1514859344477486
2020-04-05 21:51:00,0.1273855075226038
2020-04-05 21:54:00,0.0990465492324688
2020-04-05 21:57:00,0.20278290296141677
2020-04-05 22:00:00,0.11372723790015016
2020-04-05 22:03:00,0.13576015891447923
2020-04-05 22:06:00,0.2047512569043306
2020-04-05 22:09:00,0.011662976279069426
2020-04-05 22:12:00,0.09050269769551278
2020-04-05 22:15:00,0.07548033691074352
2020-04-05 22:18:00,0.0876354831564754
2020-04-05 22:21:00,0.10604913709238417
2020-04-05 22:24:00,0.03402162992892954
2020-04-05 22:27:00,0.08719135186856874
2020-04-05 22:30:00,-0.02631730512678132
2020-04-05 22:33:00,0.1370891042972744
2020-04-05 22:36:00,0.23163352641205393
2020-04-05 22:39:00,0.09935725887794433
2020-04-05 22:42:00,0.20042664834755897
2020-04-05 22:45:00,0.11275972114486876
2020-04-05 22:48:00,-0.002908792941639149
2020-04-05 22:51:00,0.08481485273404132
2020-04-05 22:54:00,-0.0032843662278878583
2020-04-05 22:57:00,0.14445589847395013
2020-04-05 23:00:00,0.06835700303389558
2020-04-05 23:03:00,0.029252346668954488
2020-04-05 23:06:00,0.05662688859672471
2020-04-05 23:09:00,0.0927389290562246
2020-04-05 23:12:00,0.25239552445680147
2020-04-05 23:15:00,0.3926300401717526
2020-04-05 23:18:00,0.39195001492890924
2020-04-05 23:21:00,0.48345428287626646
2020-04-05 23:24:00,0.4664748557050302
2020-04-05 23:27:00,0.38157214446590615
2020-04-05 23:30:00,0.17835850947551535
2020-04-05 23:33:00,0.10598680302189223
2020-04-05 23:36:00,0.11405974473603919
2020-04-05 23:39:00,0.18634931507449437
2020-04-05 23:42:00,0.1758692639569972
2020-04-05 23:45:00,0.1907632185791499
2020-04-05 23:48:00,0.24157053857709343
2020-04-05 23:51:00,0.13855879329071286
2020-04-05 23:54:00,0.0315915946222276
2020-04-05 23:57:00,0.12091555440468937
2020-04-06 00:00:00,0.17572579943629307
2020-04-06 00:03:00,0.09749686416836312
2020-04-06 00:06:00,0.09903382247102854
2020-04-06 00:09:00,0.13678222957264552
2020-04-06 00:12:00,0.07706070766812445
2020-04-06 00:15:00,0.11949974484019776
2020-04-06 00:18:00,0.07670078177682171
2020-04-06 00:21:00,0.04907431980586807
2020-04-06 00:24:00,0.11339258460213841
2020-04-06 00:27:00,0.15885862742288737
2020-04-06 00:30:00,0.17883768664052013
2020-04-06 00:33:00,0.0951632051601905
2020-04-06 00:36:00,0.1806915234847679
2020-04-06 00:39:00,0.239990895881931
2020-04-06 00:42:00,0.18470020681007782
2020-04-06 00:45:00,0.10274337419656376
2020-04-06 00:48:00,0.12642235755748743
2020-04-06 00:51:00,0.16531708731434946
2020-04-06 00:54:00,0.14544305797545576
2020-04-06 00:57:00,0.08250515387913993
2020-04-06 01:00:00,0.1546154498733472
2020-04-06 01:03:00,0.09661130651613803
2020-04-06 01:06:00,0.11126471171314734
2020-04-06 01:09:00,0.21777231170915456
2020-04-06 01:12:00,0.2158176816365085
2020-04-06 01:15:00,0.13155632511825388
2020-04-06 01:18:00,0.22288721308711956
2020-04-06 01:21:00,0.18493724189426075
2020-04-06 01:24:00,0.29976059203676186
2020-04-06 01:27:00,0.2373381141363211
2020-04-06 01:30:00,0.2428574662787355
2020-04-06 01:33:00,0.18305667833811867
2020-04-06 01:36:00,0.17477996339550828
2020-04-06 01:39:00,0.16632900875237056
2020-04-06 01:42:00,0.10932048176186981
2020-04-06 01:45:00,0.11912224976146035
2020-04-06 01:48:00,0.17712824945800776
2020-04-06 01:51:00,0.2689737437223698
2020-04-06 01:54:00,0.21997600611365442
2020-04-06 01:57:00,0.21389123661259646
2020-04-06 02:00:00,0.25607951356892045
2020-04-06 02:03:00,0.3221378848419363
2020-04-06 02:06:00,0.339025853162525
2020-04-06 02:09:00,0.16659598993607005
2020-04-06 02:12:00,0.23798007689356382
2020-04-06 02:15:00,0.18112568492739456
2020-04-06 02:18:00,0.24498741276903502
2020-04-06 02:21:00,0.22064291410327996
2020-04-06 02:24:00,0.23222749150232858
2020-04-06 02:27:00,0.20720959599947264
2020-04-06 02:30:00,0.23968203646188613
2020-04-06 02:33:00,0.21693599236425598
2020-04-06 02:36:00,0.2552211776809372
2020-04-06 02:39:00,0.19268126247465034
2020-04-06 02:42:00,0.22566067407882429
2020-04-06 02:45:00,0.20263464649048046
2020-04-06 02:48:00,0.17562415928415476
2020-04-06 02:51:00,0.25206227117837443
2020-04-06 02:54:00,0.1944198776618009
2020-04-06 02:57:00,0.3580338818225073
2020-04-06 03:00:00,0.23919406031996004
2020-04-06 03:03:00,0.2259452792328034
2020-04-06 03:06:00,0.2645444214774102
2020-04-06 03:09:00,0.2737992203439603
2020-04-06 03:12:00,0.28948755939472903
2020-04-06 03:15:00,0.25998719081593435
2020-04-06 03:18:00,0.17710473537795224
2020-04-06 03:21:00,0.1068303701554214
2020-04-06 03:24:00,0.22114049412630266
2020-04-06 03:27:00,0.261111774229164
2020-04-06 03:30:00,0.34581506272826346
2020-04-06 03:33:00,0.23875504883665144
2020-04-06 03:36:00,0.1560247225884268
2020-04-06 03:39:00,0.20844029249428786
2020-04-06 03:42:00,0.1888446069690417
2020-04-06 03:45:00,0.21167686890333925
2020-04-06 03:48:00,0.24905817111510942
2020-04-06 03:51:00,0.2439386191167614
2020-04-06 03:54:00,0.3175813698469483
2020-04-06 03:57:00,0.19246167667421332
2020-04-06 04:00:00,0.31026948638378826
2020-04-06 04:03:00,0.35892261759443045
2020-04-06 04:06:00,0.246367164288813
2020-04-06 04:09:00,0.33955687664473544
2020-04-06 04:12:00,0.3884405595808289
2020-04-06 04:15:00,0.3187350712824468
2020-04-06 04:18:00,0.24357956770069222
2020-04-06 04:21:00,0.17343855621726334
2020-04-06 04:24:00,0.343698809098953
2020-04-06 04:27:00,0.43249103555962165
2020-04-06 04:30:00,0.6159206964483133
2020-04-06 04:33:00,0.5829020029269714
2020-04-06 04:36:00,0.6556439784067152
2020-04-06 04:39:00,0.6155231825283067
2020-04-06 04:42:00,0.27666729551685876
2020-04-06 04:45:00,0.34288689836091635
2020-04-06 04:48:00,0.22932494007574178
2020-04-06 04:51:00,0.273715380548083
2020-04-06 04:54:00,0.2783944408856769
2020-04-06 04:57:00,0.25397277232207216
2020-04-06 05:00:00,0.2735096760550846
2020-04-06 05:03:00,0.26733842991660595
2020-04-06 05:06:00,0.332263907414756
2020-04-06 05:09:00,0.2533375359567458
2020-04-06 05:12:00,0.20612531096844577
2020-04-06 05:15:00,0.28359485742021207
2020-04-06 05:18:00,0.3641025599955583
2020-04-06 05:21:00,0.5732234200052062
2020-04-06 05:24:00,0.5983600475678372
2020-04-06 05:27:00,0.7594085012390792
2020-04-06 05:30:00,0.6747207604349796
2020-04-06 05:33:00,0.5290385286112382
2020-04-06 05:36:00,0.5028659972757623
2020-04-06 05:39:00,0.5029446269911659
2020-04-06 05:42:00,0.49382833499765866
2020-04-06 05:45:00,0.2831197702746522
2020-04-06 05:48:00,0.26880217458153766
2020-04-06 05:51:00,0.2423416339073583
2020-04-06 05:54:00,0.21617817443876675
2020-04-06 05:57:00,0.26348863689429436
2020-04-06 06:00:00,0.24445042837351139
2020-04-06 06:03:00,0.24825206257054333
2020-04-06 06:06:00,0.18354856586131518
2020-04-06 06:09:00,0.27980204050783186
2020-04-06 06:12:00,0.19731017544023643
2020-04-06 06:15:00,0.23689705612008538
2020-04-06 06:18:00,0.22229612833154988
2020-04-06 06:21:00,0.29638293665266247
2020-04-06 06:24:00,0.24025075318820655
2020-04-06 06:27:00,0.26517503011154986
2020-04-06 06:30:00,0.10854802761315341
2020-04-06 06:33:00,0.2391015463102235
2020-04-06 06:36:00,0.21458053621421413
2020-04-06 06:39:00,0.25370038335546496
2020-04-06 06:42:00,0.22063567681078666
2020-04-06 06:45:00,0.19075303919186126
2020-04-06 06:48:00,0.1711433457242606
2020-04-06 06:51:00,0.16688553630376646
2020-04-06 06:54:00,0.20596648502629478
2020-04-06 06:57:00,0.17691297271738904
2020-04-06 07:00:00,0.20829006081442003
2020-04-06 07:03:00,0.2627396773793862
2020-04-06 07:06:00,0.20138131126861936
2020-04-06 07:09:00,0.1535034171395182
2020-04-06 07:12:00,0.2840369931545297
2020-04-06 07:15:00,0.28708511460723685
2020-04-06 07:18:00,0.08566037244838753
2020-04-06 07:21:00,0.14592649985763728
2020-04-06 07:24:00,0.16205280950578071
2020-04-06 07:27:00,0.17514910090875446
2020-04-06 07:30:00,0.275800441180877
2020-04-06 07:33:00,0.28088651708043244
2020-04-06 07:36:00,0.279416870360933
2020-04-06 07:39:00,0.19437655985427682
2020-04-06 07:42:00,0.2774762151137793
2020-04-06 07:45:00,0.30498218055726056
2020-04-06 07:48:00,0.24618423649002352
2020-04-06 07:51:00,0.1735892257270848
2020-04-06 07:54:00,0.162786870349521
2020-04-06 07:57:00,0.24736943642017195
2020-04-06 08:00:00,0.17516819334866796
2020-04-06 08:03:00,0.27217600907277983
2020-04-06 08:06:00,0.1418023772239394
2020-04-06 08:09:00,0.17499449115564403
2020-04-06 08:12:00,0.15355200884926035
2020-04-06 08:15:00,0.22180284649482473
2020-04-06 08:18:00,0.22019962941573112
2020-04-06 08:21:00,0.18468528661708206
2020-04-06 08:24:00,0.19932042711297981
2020-04-06 08:27:00,0.13843107938168941
2020-04-06 08:30:00,0.13580199795893577
2020-04-06 08:33:00,0.14203667216224858
2020-04-06 08:36:00,0.11582141196885232
2020-04-06 08:39:00,0.12432916871279076
2020-04-06 08:42:00,0.11452681423168087
2020-04-06 08:45:00,0.23211884829589735
2020-04-06 08:48:00,0.18645293468074442
2020-04-06 08:51:00,0.08511313159857536
2020-04-06 08:54:00,0.1780662522648413
2020-04-06 08:57:00,0.09562570479198484
2020-04-06 09:00:00,0.09160778918106871
2020-04-06 09:03:00,0.10786400781785233
2020-04-06 09:06:00,-0.09015866699303388
2020-04-06 09:09:00,0.022756402347170024
2020-04-06 09:12:00,-0.08438847707628838
2020-04-06 09:15:00,0.02460415340289046
2020-04-06 09:18:00,-0.017124802814862505
2020-04-06 09:21:00,0.0050628443092932685
2020-04-06 09:24:00,0.043919697394926516
2020-04-06 09:27:00,0.019578250403526454
2020-04-06 09:30:00,0.029382132060845834
2020-04-06 09:33:00,0.014311378473962577
2020-04-06 09:36:00,0.12916358314168974
2020-04-06 09:39:00,0.13866311151417676
2020-04-06 09:42:00,0.08842125550643232
2020-04-06 09:45:00,0.14952281769069486
2020-04-06 09:48:00,0.20347478349776793
2020-04-06 09:51:00,0.2660870177827519
2020-04-06 09:54:00,0.3409226659375122
2020-04-06 09:57:00,0.2119303931950185
2020-04-06 10:00:00,0.34683105851411256
2020-04-06 10:03:00,0.2947913173020993
2020-04-06 10:06:00,0.4475102966342206
2020-04-06 10:09:00,0.36102354510575196
2020-04-06 10:12:00,0.2900943217042027
2020-04-06 10:15:00,0.2851663048112414
2020-04-06 10:18:00,0.33080123418039875
2020-04-06 10:21:00,0.23144531368478738
2020-04-06 10:24:00,0.19920291190027228
2020-04-06 10:27:00,0.23622207274928542
2020-04-06 10:30:00,0.1786497667503113
2020-04-06 10:33:00,0.17519350114480403
2020-04-06 10:36:00,0.16688381135492136
2020-04-06 10:39:00,0.2844799691102935
2020-04-06 10:42:00,0.27754214742731165
2020-04-06 10:45:00,0.3764193399259739
2020-04-06 10:48:00,0.15618057883602887
2020-04-06 10:51:00,0.22871809495433126
2020-04-06 10:54:00,0.24671420609280403
2020-04-06 10:57:00,0.2928781063744168
2020-04-06 11:00:00,0.17038911030141435
2020-04-06 11:03:00,0.3385722739523658
2020-04-06 11:06:00,0.21148160154257312
2020-04-06 11:09:00,0.15136408659873268
2020-04-06 11:12:00,0.09581583415570094
2020-04-06 11:15:00,0.12136671734333504
2020-04-06 11:18:00,0.17919400732642998
2020-04-06 11:21:00,0.1489581779074456
2020-04-06 11:24:00,0.16770608395603404
2020-04-06 11:27:00,0.0216470825883448
2020-04-06 11:30:00,0.13322907934343675
2020-04-06 11:33:00,0.15153980942386625
2020-04-06 11:36:00,0.037440271796640445
2020-04-06 11:39:00,0.0769235924011582
2020-04-06 11:42:00,0.0394697479667343
2020-04-06 11:45:00,0.08637448766404532
2020-04-06 11:48:00,0.13667863475188824
2020-04-06 11:51:00,0.1828079514485239
2020-04-06 11:54:00,0.18827060758371772
2020-04-06 11:57:00,0.09972762745519503
2020-04-06 12:00:00,0.06984878363135749
2020-04-06 12:03:00,0.02014920974738743
2020-04-06 12:06:00,0.14448783564523637
2020-04-06 12:09:00,0.041878752358400106
2020-04-06 12:12:00,0.029001424809848686
2020-04-06 12:15:00,0.015795931747788927
2020-04-06 12:18:00,0.03824746565402393
2020-04-06 12:21:00,-0.13241479643988896
2020-04-06 12:24:00,-0.022738671524791698
2020-04-06 12:27:00,-0.11418875848443122
2020-04-06 12:30:00,-0.029597234267328076
2020-04-06 12:33:00,-0.14808124706712533
2020-04-06 12:36:00,-0.08830062809909123
2020-04-06 12:39:00,-0.08331328312664255
2020-04-06 12:42:00,-0.06592278701685927
2020-04-06 12:45:00,-0.07958391364053341
2020-04-06 12:48:00,-0.13207838663015536
2020-04-06 12:51:00,-0.1079582159209167
2020-04-06 12:54:00,-0.16690947038244985
2020-04-06 12:57:00,-0.15091129337378106
2020-04-06 13:00:00,-0.18219929835697712
2020-04-06 13:03:00,-0.08898881128334324
2020-04-06 13:06:00,-0.23199092687644907
2020-04-06 13:09:00,-0.20889684952658172
2020-04-06 13:12:00,-0.2268340810136351
2020-04-06 13:15:00,-0.2698497442731309
2020-04-06 13:18:00,-0.2008485615838822
2020-04-06 13:21:00,-0.26077991490092245
2020-04-06 13:24:00,-0.29112747225281055
2020-04-06 13:27:00,-0.18282501429115428
2020-04-06 13:30:00,-0.3036502030009842
2020-04-06 13:33:00,-0.3483509076210112
2020-04-06 13:36:00,-0.36141537316603944
2020-04-06 13:39:00,-0.26420044789199437
2020-04-06 13:42:00,-0.26629409792525394
2020-04-06 13:45:00,-0.24327405036325445
2020-04-06 13:48:00,-0.2549913083504407
2020-04-06 13:51:00,-0.2221897516876652
2020-04-06 13:54:00,-0.14699686252151878
2020-04-06 13:57:00,-0.22300918801380476
2020-04-06 14:00:00,-0.2753717152824606
2020-04-06 14:03:00,-0.2728270603728902
2020-04-06 14:06:00,-0.36007055302417257
2020-04-06 14:09:00,-0.32459649304081495
2020-04-06 14:12:00,-0.31050121876887715
2020-04-06 14:15:00,-0.32151210961819743
2020-04-06 14:18:00,-0.276788215614431
2020-04-06 14:21:00,-0.22608108891768097
2020-04-06 14:24:00,-0.3398944093773366
2020-04-06 14:27:00,-0.31050607757936177
2020-04-06 14:30:00,-0.4192497370131605
2020-04-06 14:33:00,-0.23166717910913803
2020-04-06 14:36:00,-0.21332093389105466
2020-04-06 14:39:00,-0.3142129862237084
2020-04-06 14:42:00,-0.2676644137617359
2020-04-06 14:45:00,-0.2817625574562044
2020-04-06 14:48:00,-0.36584289837054484
2020-04-06 14:51:00,-0.31635551720785315
2020-04-06 14:54:00,-0.23507199467996998
2020-04-06 14:57:00,-0.2577344116250515
2020-04-06 15:00:00,-0.299346579805956
2020-04-06 15:03:00,-0.29645167790835103
2020-04-06 15:06:00,-0.306363722527351
2020-04-06 15:09:00,-0.2248358330427891
2020-04-06 15:12:00,-0.2594213575235358
2020-04-06 15:15:00,-0.23327267072346558
2020-04-06 15:18:00,-0.26526413400239335
2020-04-06 15:21:00,-0.31657781663437845
2020-04-06 15:24:00,-0.2525753741108474
2020-04-06 15:27:00,-0.2915902716154619
2020-04-06 15:30:00,-0.2706584699813561
2020-04-06 15:33:00,-0.3493063579579143
2020-04-06 15:36:00,-0.24796506565570553
2020-04-06 15:39:00,-0.2880012413947952
2020-04-06 15:42:00,-0.3291085867265906
2020-04-06 15:45:00,-0.32689917541443947
2020-04-06 15:48:00,-0.334939273235932
2020-04-06 15:51:00,-0.31476259915672244
2020-04-06 15:54:00,-0.3612140686214502
2020-04-06 15:57:00,-0.3587391309907275
2020-04-06 16:00:00,-0.30256419779084354
2020-04-06 16:03:00,-0.3015128618231415
2020-04-06 16:06:00,-0.3025810171238845
2020-04-06 16:09:00,-0.26529432727483027
2020-04-06 16:12:00,-0.27112066905596066
2020-04-06 16:15:00,-0.2944022170747189
2020-04-06 16:18:00,-0.2886743772149316
2020-04-06 16:21:00,-0.35880421504344895
2020-04-06 16:24:00,-0.3720693435643625
2020-04-06 16:27:00,-0.4287841626415343
2020-04-06 16:30:00,-0.3054385715303738
2020-04-06 16:33:00,-0.4099588216946586
2020-04-06 16:36:00,-0.20228855561191494
2020-04-06 16:39:00,-0.34712955432127046
2020-04-06 16:42:00,-0.3432552404025273
2020-04-06 16:45:00,-0.271715898575394
2020-04-06 16:48:00,-0.362731353018944
2020-04-06 16:51:00,-0.36769418912803076
2020-04-06 16:54:00,-0.2740195170823654
2020-04-06 16:57:00,-0.3221470840683196
2020-04-06 17:00:00,-0.3411673531056749
2020-04-06 17:03:00,-0.2353242857453779
2020-04-06 17:06:00,-0.20859266249362918
2020-04-06 17:09:00,-0.29246564738980396
2020-04-06 17:12:00,-0.2960874797854558
2020-04-06 17:15:00,-0.29651749172546715
2020-04-06 17:18:00,-0.2965214947985828
2020-04-06 17:21:00,-0.3515398376276835
2020-04-06 17:24:00,-0.31341235591679606
2020-04-06 17:27:00,-0.302325795537854
2020-04-06 17:30:00,-0.23740045282409028
2020-04-06 17:33:00,-0.1634505687424621
2020-04-06 17:36:00,-0.10057765415371023
2020-04-06 17:39:00,-0.2308393369405053
2020-04-06 17:42:00,-0.18788571513385932
2020-04-06 17:45:00,-0.12229332208949018
2020-04-06 17:48:00,-0.0902115100710148
2020-04-06 17:51:00,-0.12519898260899254
2020-04-06 17:54:00,-0.14351438939888794
2020-04-06 17:57:00,-0.06565362601139668
2020-04-06 18:00:00,-0.0838446408853315
2020-04-06 18:03:00,-0.06731312359301
2020-04-06 18:06:00,-0.005634781756043594
2020-04-06 18:09:00,-0.14602403330059133
2020-04-06 18:12:00,-0.10771691573683029
2020-04-06 18:15:00,0.012399638330862217
2020-04-06 18:18:00,-0.023457176263434576
2020-04-06 18:21:00,0.016506338732256154
2020-04-06 18:24:00,0.1335534128648419
2020-04-06 18:27:00,0.12239212217536988
2020-04-06 18:30:00,0.1288417174658889
2020-04-06 18:33:00,0.12760003587044366
2020-04-06 18:36:00,0.09539994936312723
2020-04-06 18:39:00,0.13815072544059603
2020-04-06 18:42:00,0.16051067848513867
2020-04-06 18:45:00,0.18871470794516654
2020-04-06 18:48:00,0.19389586065494768
2020-04-06 18:51:00,0.09666718107570205
2020-04-06 18:54:00,
2020-04-06 18:57:00,
2020-04-06 19:00:00,
2020-04-06 19:03:00,0.09756694210875594
2020-04-06 19:06:00,0.14584597673029975
2020-04-06 19:09:00,0.1559317120591004
2020-04-06 19:12:00,0.12768292197665687
2020-04-06 19:15:00,0.2043099939856461
2020-04-06 19:18:00,0.16743555352002204
2020-04-06 19:21:00,0.2730153582563162
2020-04-06 19:24:00,0.10226836552459417
2020-04-06 19:27:00,0.16986482233824063
2020-04-06 19:30:00,0.1608981473187896
2020-04-06 19:33:00,0.20528883499150652
2020-04-06 19:36:00,0.16275049166375766
2020-04-06 19:39:00,0.23093359377662637
2020-04-06 19:42:00,0.1995209938447715
2020-04-06 19:45:00,0.23004315394541663
2020-04-06 19:48:00,0.2684895220997987
2020-04-06 19:51:00,0.21261445228446973
2020-04-06 19:54:00,0.21138977617943056
2020-04-06 19:57:00,0.14534772840858068
2020-04-06 20:00:00,0.27115631874181645
2020-04-06 20:03:00,0.24563310073290268
2020-04-06 20:06:00,0.2778587981891292
2020-04-06 20:09:00,0.20415172818678684
2020-04-06 20:12:00,0.24477426455717932
2020-04-06 20:15:00,0.2086763962694249
2020-04-06 20:18:00,0.15195772140071995
2020-04-06 20:21:00,0.1923165976635346
2020-04-06 20:24:00,0.17668310462840964
2020-04-06 20:27:00,0.2420225785813841
2020-04-06 20:30:00,0.16291299488949562
2020-04-06 20:33:00,0.2214037058337226
2020-04-06 20:36:00,0.10318403332240678
2020-04-06 20:39:00,0.2069688122501816
2020-04-06 20:42:00,0.22499598656128228
2020-04-06 20:45:00,0.24466684391859417
2020-04-06 20:48:00,0.33823141337859397
2020-04-06 20:51:00,0.20259101665135404
2020-04-06 20:54:00,0.1942306984311699
2020-04-06 20:57:00,0.23259774433432767
2020-04-06 21:00:00,0.17080401317099358
2020-04-06 21:03:00,0.25869781364701794
2020-04-06 21:06:00,0.1837782616199206
2020-04-06 21:09:00,0.17657003909198465
2020-04-06 21:12:00,0.1921408796841888
2020-04-06 21:15:00,0.1531993905100535
2020-04-06 21:18:00,0.09972225612926877
2020-04-06 21:21:00,0.06720363553256448
2020-04-06 21:24:00,0.0973377233514725
2020-04-06 21:27:00,0.1387757144964894
2020-04-06 21:30:00,0.21216078944092942
2020-04-06 21:33:00,0.13685865297270539
2020-04-06 21:36:00,0.21987044818899903
2020-04-06 21:39:00,0.1888437963776255
2020-04-06 21:42:00,0.12660508525436853
2020-04-06 21:45:00,0.13306446872820743
2020-04-06 21:48:00,0.1431190102890696
2020-04-06 21:51:00,0.17233164189758554
2020-04-06 21:54:00,0.08827801474853914
2020-04-06 21:57:00,0.20725555891004888
2020-04-06 22:00:00,0.2423315259256924
2020-04-06 22:03:00,0.23040138009639577
2020-04-06 22:06:00,0.10158188367182674
2020-04-06 22:09:00,0.21044430372609213
2020-04-06 22:12:00,0.18583002102502633
2020-04-06 22:15:00,0.13053218209381612
2020-04-06 22:18:00,0.10161043463722308
2020-04-06 22:21:00,0.140680602803684
2020-04-06 22:24:00,0.027451660061899474
2020-04-06 22:27:00,0.2248317852303785
2020-04-06 22:30:00,0.21047397571686588
2020-04-06 22:33:00,0.19015328372745444
2020-04-06 22:36:00,0.06113415885630502
2020-04-06 22:39:00,0.1561540932650587
2020-04-06 22:42:00,0.07140838129794247
2020-04-06 22:45:00,0.16065367522912766
2020-04-06 22:48:00,0.09149311476238609
2020-04-06 22:51:00,0.15253072491117337
2020-04-06 22:54:00,0.12397337997691693
2020-04-06 22:57:00,0.17415608046491116
2020-04-06 23:00:00,0.09386008421614633
2020-04-06 23:03:00,0.13982980416744795
2020-04-06 23:06:00,0.241863429339503
2020-04-06 23:09:00,0.04345867355579003
2020-04-06 23:12:00,0.16283664547262333
2020-04-06 23:15:00,0.20997934831018483
2020-04-06 23:18:00,0.07579796348062473
2020-04-06 23:21:00,0.20341052086780564
2020-04-06 23:24:00,0.13314190050363095
2020-04-06 23:27:00,0.08021390267083461
2020-04-06 23:30:00,0.1890376362130155
2020-04-06 23:33:00,0.10835181551300366
2020-04-06 23:36:00,0.2186159578300817
2020-04-06 23:39:00,0.11340723721087898
2020-04-06 23:42:00,0.20931390351580603
2020-04-06 23:45:00,0.20327477097282554
2020-04-06 23:48:00,0.16243482433753798
2020-04-06 23:51:00,0.23929305124454459
2020-04-06 23:54:00,0.09021951949466711
2020-04-06 23:57:00,0.09497224681376792
2020-04-07 00:00:00,0.1739935772923218
2020-04-07 00:03:00,0.09706739919568008
2020-04-07 00:06:00,0.1627263556949856
2020-04-07 00:09:00,0.06940439926955833
2020-04-07 00:12:00,0.2136169625441653
2020-04-07 00:15:00,0.16044538822808363
2020-04-07 00:18:00,0.045240455285011194
2020-04-07 00:21:00,0.17086123792671515
2020-04-07 00:24:00,0.18025732130399774
2020-04-07 00:27:00,0.10041555702696314
2020-04-07 00:30:00,0.032970297678048155
2020-04-07 00:33:00,0.08118185725163585
2020-04-07 00:36:00,0.10382301046320208
2020-04-07 00:39:00,0.1226163240949063
2020-04-07 00:42:00,0.14527264498138948
2020-04-07 00:45:00,0.08938715961062371
2020-04-07 00:48:00,0.1380878546848976
2020-04-07 00:51:00,0.17912335713788252
2020-04-07 00:54:00,0.04316420290496126
2020-04-07 00:57:00,0.1430967840083781
2020-04-07 01:00:00,0.12720810519113002
2020-04-07 01:03:00,0.1924801095610178
2020-04-07 01:06:00,0.1617525743217243
2020-04-07 01:09:00,0.15726522337968163
2020-04-07 01:12:00,0.12099346395592647
2020-04-07 01:15:00,0.2051325404586919
2020-04-07 01:18:00,0.13494381274654188
2020-04-07 01:21:00,0.1462872320002475
2020-04-07 01:24:00,0.2568045455416268
2020-04-07 01:27:00,0.2546872038097945
2020-04-07 01:30:00,0.2084951999889313
2020-04-07 01:33:00,0.1779795297481428
2020-04-07 01:36:00,0.19214129912001
2020-04-07 01:39:00,0.13900446160715774
2020-04-07 01:42:00,0.23176846444499688
2020-04-07 01:45:00,0.1729502775807532
2020-04-07 01:48:00,0.13757123907151936
2020-04-07 01:51:00,0.13715759104456993
2020-04-07 01:54:00,0.24410662219884216
2020-04-07 01:57:00,0.24356855075279782
2020-04-07 02:00:00,0.14350728779197652
2020-04-07 02:03:00,0.14590777046942094
2020-04-07 02:06:00,0.21746430753341883
2020-04-07 02:09:00,0.2129499136745494
2020-04-07 02:12:00,0.15238089649699305
2020-04-07 02:15:00,0.12441573626364288
2020-04-07 02:18:00,0.1363913315902323
2020-04-07 02:21:00,0.1792432580065224
2020-04-07 02:24:00,0.17590508768279278
2020-04-07 02:27:00,0.16955971315132956
2020-04-07 02:30:00,0.19614540505966716
2020-04-07 02:33:00,0.13326103874402406
2020-04-07 02:36:00,0.16265841270427472
2020-04-07 02:39:00,0.08405073309830868
2020-04-07 02:42:00,0.09404686147780694
2020-04-07 02:45:00,0.05762280710706591
2020-04-07 02:48:00,0.1333963844267032
2020-04-07 02:51:00,0.13552234828148357
2020-04-07 02:54:00,0.13353374224806203
2020-04-07 02:57:00,0.21597987163318066
2020-04-07 03:00:00,0.17716009370008123
2020-04-07 03:03:00,0.14213840772293906
2020-04-07 03:06:00,0.1568179993905119
2020-04-07 03:09:00,0.196985713383242
2020-04-07 03:12:00,0.11021281974529984
2020-04-07 03:15:00,0.1028193916185387
2020-04-07 03:18:00,0.07509099575298706
2020-04-07 03:21:00,0.21800487824356196
2020-04-07 03:24:00,0.1643416556853481
2020-04-07 03:27:00,0.1460967226308867
2020-04-07 03:30:00,0.07861312749946592
2020-04-07 03:33:00,0.15235633235784007
2020-04-07 03:36:00,0.19337507796450382
2020-04-07 03:39:00,0.2229674979332117
2020-04-07 03:42:00,0.1875767789841234
2020-04-07 03:45:00,0.2069386186533393
2020-04-07 03:48:00,0.21211001470385327
2020-04-07 03:51:00,0.18170260117472026
2020-04-07 03:54:00,0.22692326512526506
2020-04-07 03:57:00,0.19082509774136724
2020-04-07 04:00:00,0.2355506498812474
2020-04-07 04:03:00,0.21073547558472683
2020-04-07 04:06:00,0.11650267961368854
2020-04-07 04:09:00,0.14008217565134373
2020-04-07 04:12:00,0.2758431355154016
2020-04-07 04:15:00,0.2686638328343065
2020-04-07 04:18:00,0.15377887354435416
2020-04-07 04:21:00,0.16132365319526798
2020-04-07 04:24:00,0.24239646183667674
2020-04-07 04:27:00,0.13088338124089205
2020-04-07 04:30:00,0.17677958154541784
2020-04-07 04:33:00,0.14375792545291688
2020-04-07 04:36:00,0.1649290638837897
2020-04-07 04:39:00,0.14520109603819265
2020-04-07 04:42:00,0.23439921344095183
2020-04-07 04:45:00,0.2044590225993943
2020-04-07 04:48:00,0.12778864328998907
2020-04-07 04:51:00,0.13232403691250738
2020-04-07 04:54:00,0.15154762477277472
2020-04-07 04:57:00,0.1533393383352859
2020-04-07 05:00:00,0.20518288396249318
2020-04-07 05:03:00,0.12873841601219738
2020-04-07 05:06:00,0.2738548356775823
2020-04-07 05:09:00,0.194104033834833
2020-04-07 05:12:00,0.12074048194136822
2020-04-07 05:15:00,0.11193527944629977
2020-04-07 05:18:00,0.08827872346728327
2020-04-07 05:21:00,0.13283389379586197
2020-04-07 05:24:00,0.2210487369301859
2020-04-07 05:27:00,0.11450933424515597
2020-04-07 05:30:00,0.12619685261637414
2020-04-07 05:33:00,0.12441854460104196
2020-04-07 05:36:00,0.13350742472840693
2020-04-07 05:39:00,0.09465778317979812
2020-04-07 05:42:00,0.2591102267431893
2020-04-07 05:45:00,0.17206846469429138
2020-04-07 05:48:00,0.22253636863229076
2020-04-07 05:51:00,0.20409379297677788
2020-04-07 05:54:00,0.18769951573415256
2020-04-07 05:57:00,0.17361760035078078
2020-04-07 06:00:00,0.19625770367917994
2020-04-07 06:03:00,0.203542936134113
2020-04-07 06:06:00,0.262077629416126
2020-04-07 06:09:00,0.2657090191917746
2020-04-07 06:12:00,0.256651592691469
2020-04-07 06:15:00,0.339505685531833
2020-04-07 06:18:00,0.23318866091733526
2020-04-07 06:21:00,0.26772928902272497
2020-04-07 06:24:00,0.2715661780467258
2020-04-07 06:27:00,0.11807908782435561
2020-04-07 06:30:00,0.22254909765359798
2020-04-07 06:33:00,0.25306252280734043
2020-04-07 06:36:00,0.2414401401300097
2020-04-07 06:39:00,0.22958078751162247
2020-04-07 06:42:00,0.19324783618344554
2020-04-07 06:45:00,0.24005811074823669
2020-04-07 06:48:00,0.1239224224402733
2020-04-07 06:51:00,0.18887545060550792
2020-04-07 06:54:00,0.23293734005733313
2020-04-07 06:57:00,0.315206842657517
2020-04-07 07:00:00,0.14341812010553667
2020-04-07 07:03:00,0.1704723226575311
2020-04-07 07:06:00,0.3308005083077319
2020-04-07 07:09:00,0.2337213282517041
2020-04-07 07:12:00,0.08997055130265608
2020-04-07 07:15:00,0.13916518655241816
2020-04-07 07:18:00,0.20316353702474998
2020-04-07 07:21:00,0.20461362464823196
2020-04-07 07:24:00,0.19495662944302694
2020-04-07 07:27:00,0.1960572763912296
2020-04-07 07:30:00,0.15837088168689206
2020-04-07 07:33:00,0.1805757525631293
2020-04-07 07:36:00,0.13952336316975789
2020-04-07 07:39:00,0.18687240230354973
2020-04-07 07:42:00,0.20843932029532652
2020-04-07 07:45:00,0.16249803719023248
2020-04-07 07:48:00,0.09210654486338399
2020-04-07 07:51:00,0.17613489061625387
2020-04-07 07:54:00,0.19727831537528573
2020-04-07 07:57:00,0.24139440925239342
2020-04-07 08:00:00,0.11313597670749687
2020-04-07 08:03:00,0.22756056273408376
2020-04-07 08:06:00,0.19557973272094387
2020-04-07 08:09:00,0.10530131750095961
2020-04-07 08:12:00,0.1324074049522892
2020-04-07 08:15:00,0.02848584257986886
2020-04-07 08:18:00,0.07239217052858749
2020-04-07 08:21:00,0.1385066772755863
2020-04-07 08:24:00,0.2032897749680842
2020-04-07 08:27:00,0.10559960755881548
2020-04-07 08:30:00,0.09657912085089038
2020-04-07 08:33:00,0.1323362423056551
2020-04-07 08:36:00,0.09476325691144893
2020-04-07 08:39:00,0.055910000153062356
2020-04-07 08:42:00,0.08093801489678754
2020-04-07 08:45:00,-0.0299540687583999
2020-04-07 08:48:00,-0.01000516089931125
2020-04-07 08:51:00,0.145968865932673
2020-04-07 08:54:00,0.03428853672511423
2020-04-07 08:57:00,0.03718110932049967
2020-04-07 09:00:00,0.044309649897002146
2020-04-07 09:03:00,-0.012145617178362045
2020-04-07 09:06:00,0.029960925595275967
2020-04-07 09:09:00,-0.04717086233540613
2020-04-07 09:12:00,-0.04360619190970283
2020-04-07 09:15:00,-0.002100369922459322
2020-04-07 09:18:00,-0.10008382830881146
2020-04-07 09:21:00,-0.10289302391072397
2020-04-07 09:24:00,-0.0920495923256226
2020-04-07 09:27:00,-0.09402049445333205
2020-04-07 09:30:00,-0.07618967625353434
2020-04-07 09:33:00,-0.08081571021818945
2020-04-07 09:36:00,-0.14682556444523698
2020-04-07 09:39:00,-0.14683405294169916
2020-04-07 09:42:00,-0.08062712252791471
2020-04-07 09:45:00,-0.2131252781857711
2020-04-07 09:48:00,-0.14623571839069882
2020-04-07 09:51:00,-0.1389749881054172
2020-04-07 09:54:00,-0.10468818021649895
2020-04-07 09:57:00,-0.0703861428345931
2020-04-07 10:00:00,-0.24756625114645203
2020-04-07 10:03:00,0.0022710641496246353
2020-04-07 10:06:00,-0.15367146217027994
2020-04-07 10:09:00,-0.1622015007940263
2020-04-07 10:12:00,-0.1982074986049156
2020-04-07 10:15:00,-0.18895381067915196
2020-04-07 10:18:00,-0.24602297741125767
2020-04-07 10:21:00,-0.1366438722372436
2020-04-07 10:24:00,-0.1763626025802978
2020-04-07 10:27:00,-0.21196083404936417
2020-04-07 10:30:00,-0.18447547904185058
2020-04-07 10:33:00,-0.1356352264829752
2020-04-07 10:36:00,-0.17626332578385018
2020-04-07 10:39:00,-0.19488384362938405
2020-04-07 10:42:00,-0.14355271592341978
2020-04-07 10:45:00,-0.28964593556924
2020-04-07 10:48:00,-0.21715865711706783
2020-04-07 10:51:00,-0.14214512662999823
2020-04-07 10:54:00,-0.2514616589539287
2020-04-07 10:57:00,-0.30192953184661064
2020-04-07 11:00:00,-0.20159817955618564
2020-04-07 11:03:00,-0.31132618723148653
2020-04-07 11:06:00,-0.32109721259394064
2020-04-07 11:09:00,-0.271175080518276
2020-04-07 11:12:00,-0.3239906076062198
2020-04-07 11:15:00,-0.2550444942439185
2020-04-07 11:18:00,-0.3287013285750504
2020-04-07 11:21:00,-0.22999978909177798
2020-04-07 11:24:00,-0.24248902279572349
2020-04-07 11:27:00,-0.344975235965876
2020-04-07 11:30:00,-0.28133266952244185
2020-04-07 11:33:00,-0.28190122004923523
2020-04-07 11:36:00,-0.18304633879142784
2020-04-07 11:39:00,-0.3002690714491223
2020-04-07 11:42:00,-0.29337127461820955
2020-04-07 11:45:00,-0.42954197445448017
2020-04-07 11:48:00,-0.3136753201061424
2020-04-07 11:51:00,-0.30588992064906506
2020-04-07 11:54:00,-0.3908553806178361
2020-04-07 11:57:00,-0.26924513161219465
2020-04-07 12:00:00,-0.16749883566654944
2020-04-07 12:03:00,-0.16873727251635273
2020-04-07 12:06:00,-0.38604614769246837
2020-04-07 12:09:00,-0.14373238702029312
2020-04-07 12:12:00,-0.19181083277408106
2020-04-07 12:15:00,-0.1967474848121924
2020-04-07 12:18:00,-0.28064430547186703
2020-04-07 12:21:00,-0.27916899716228727
2020-04-07 12:24:00,-0.19942329769378375
2020-04-07 12:27:00,-0.3003555213970799
2020-04-07 12:30:00,-0.22513352196324377
2020-04-07 12:33:00,-0.27128948365754013
2020-04-07 12:36:00,-0.27429004502039334
2020-04-07 12:39:00,-0.25806735468842135
2020-04-07 12:42:00,-0.16688273633258177
2020-04-07 12:45:00,-0.13614105483605954
2020-04-07 12:48:00,-0.1783003576892952
2020-04-07 12:51:00,-0.276187039774868
2020-04-07 12:54:00,-0.2664061047898372
2020-04-07 12:57:00,-0.33272886595983664
2020-04-07 13:00:00,-0.31754546104173187
2020-04-07 13:03:00,-0.28114449542385955
2020-04-07 13:06:00,-0.2933552574176588
2020-04-07 13:09:00,-0.3034303626373003
2020-04-07 13:12:00,-0.2395265582791808
2020-04-07 13:15:00,-0.3392912720410095
2020-04-07 13:18:00,-0.25977803246109943
2020-04-07 13:21:00,-0.3643831181136079
2020-04-07 13:24:00,-0.2642369153196569
2020-04-07 13:27:00,-0.3432399803713224
2020-04-07 13:30:00,-0.42817220871694417
2020-04-07 13:33:00,-0.2935452923387629
2020-04-07 13:36:00,-0.35091535256492534
2020-04-07 13:39:00,-0.2949312926733114
2020-04-07 13:42:00,-0.4393727544543822
2020-04-07 13:45:00,-0.3453314583794054
2020-04-07 13:48:00,-0.2587011559494954
2020-04-07 13:51:00,-0.3160071039235959
2020-04-07 13:54:00,-0.445905399076878
2020-04-07 13:57:00,-0.3636213083882467
2020-04-07 14:00:00,-0.42765754881020257
2020-04-07 14:03:00,-0.45516101097666706
2020-04-07 14:06:00,-0.38524895891509914
2020-04-07 14:09:00,-0.31527904031298704
2020-04-07 14:12:00,-0.3930110524225938
2020-04-07 14:15:00,-0.4943639155883375
2020-04-07 14:18:00,-0.34262830463626415
2020-04-07 14:21:00,-0.38002608099509416
2020-04-07 14:24:00,-0.3627666473842055
2020-04-07 14:27:00,-0.3306660314096348
2020-04-07 14:30:00,-0.5585327142885035
2020-04-07 14:33:00,-0.42043985762927605
2020-04-07 14:36:00,-0.3468404406144714
2020-04-07 14:39:00,-0.44131268924121514
2020-04-07 14:42:00,-0.513676626547749
2020-04-07 14:45:00,-0.44067686123844396
2020-04-07 14:48:00,-0.3814705126296758
2020-04-07 14:51:00,-0.40794080384898734
2020-04-07 14:54:00,-0.44128451561556403
2020-04-07 14:57:00,-0.44323221010586167
2020-04-07 15:00:00,-0.41905592754301324
2020-04-07 15:03:00,-0.3755320397514197
2020-04-07 15:06:00,-0.4524979419045394
2020-04-07 15:09:00,-0.32955673236210714
2020-04-07 15:12:00,-0.3806118579732356
2020-04-07 15:15:00,-0.5409353287187741
2020-04-07 15:18:00,-0.566079212103034
2020-04-07 15:21:00,-0.44962589444963896
2020-04-07 15:24:00,-0.48399685656352176
2020-04-07 15:27:00,-0.4885022981426914
2020-04-07 15:30:00,-0.496911761358831
2020-04-07 15:33:00,-0.39933759392067714
2020-04-07 15:36:00,-0.5313878908652896
2020-04-07 15:39:00,-0.532346074294253
2020-04-07 15:42:00,-0.5102721854456718
2020-04-07 15:45:00,-0.43603850238815767
2020-04-07 15:48:00,-0.39223282135202453
2020-04-07 15:51:00,-0.4806067559004532
2020-04-07 15:54:00,-0.41419532157385675
2020-04-07 15:57:00,-0.4377625613033729
2020-04-07 16:00:00,-0.42363845410784506
2020-04-07 16:03:00,-0.5263062377425172
2020-04-07 16:06:00,-0.33120533707273125
2020-04-07 16:09:00,-0.35897721090663026
2020-04-07 16:12:00,-0.3891250774504442
2020-04-07 16:15:00,-0.4455575757743304
2020-04-07 16:18:00,-0.44344295787891497
2020-04-07 16:21:00,-0.3780227349775487
2020-04-07 16:24:00,-0.45678875183187984
2020-04-07 16:27:00,-0.4799818924024635
2020-04-07 16:30:00,-0.3606358427090868
2020-04-07 16:33:00,-0.3501376252065711
2020-04-07 16:36:00,-0.5661891745658068
2020-04-07 16:39:00,-0.4896813900467123
2020-04-07 16:42:00,-0.44078503317200557
2020-04-07 16:45:00,-0.4615777586424201
2020-04-07 16:48:00,-0.38564744347672786
2020-04-07 16:51:00,-0.42622666451211444
2020-04-07 16:54:00,-0.4242890565606672
2020-04-07 16:57:00,-0.4582297580084287
2020-04-07 17:00:00,-0.4563122606025445
2020-04-07 17:03:00,-0.40169878060555675
2020-04-07 17:06:00,-0.3949708549255888
2020-04-07 17:09:00,-0.44018698449434623
2020-04-07 17:12:00,-0.44177510966989075
2020-04-07 17:15:00,-0.4182875000300328
2020-04-07 17:18:00,-0.40531668924796804
2020-04-07 17:21:00,-0.26547770124335557
2020-04-07 17:24:00,-0.36228093025869157
2020-04-07 17:27:00,-0.3773943746227246
2020-04-07 17:30:00,-0.37552597981766667
2020-04-07 17:33:00,-0.37560746993659677
2020-04-07 17:36:00,-0.30937355688843127
2020-04-07 17:39:00,-0.3839534312369324
2020-04-07 17:42:00,-0.33809969690071284
2020-04-07 17:45:00,-0.37741402951149894
2020-04-07 17:48:00,-0.3821672439878512
2020-04-07 17:51:00,-0.42724389229107373
2020-04-07 17:54:00,-0.3196611450241562
2020-04-07 17:57:00,-0.3752480303065795
2020-04-07 18:00:00,-0.40659801676127927
2020-04-07 18:03:00,-0.21285094060846177
2020-04-07 18:06:00,-0.2659132140142333
2020-04-07 18:09:00,-0.30558687479106084
2020-04-07 18:12:00,-0.2795478386634045
2020-04-07 18:15:00,-0.2851353517742723
2020-04-07 18:18:00,-0.3078053261720015
2020-04-07 18:21:00,-0.23400279710193672
2020-04-07 18:24:00,-0.1648102517854113
2020-04-07 18:27:00,-0.157660878600268
2020-04-07 18:30:00,-0.19540914232516116
2020-04-07 18:33:00,-0.1967638327044483
2020-04-07 18:36:00,-0.2310202745956076
2020-04-07 18:39:00,-0.14986240608658363
2020-04-07 18:42:00,-0.28013127001321436
2020-04-07 18:45:00,-0.21420220358334063
2020-04-07 18:48:00,-0.16100170907401434
2020-04-07 18:51:00,-0.23003067497683105
2020-04-07 18:54:00,-0.230316841175636
2020-04-07 18:57:00,
2020-04-07 19:00:00,
2020-04-07 19:03:00,-0.11559840983187541
2020-04-07 19:06:00,-0.15930995950617444
2020-04-07 19:09:00,-0.13215529771599677
2020-04-07 19:12:00,-0.166237124284919
2020-04-07 19:15:00,-0.0593148158875465
2020-04-07 19:18:00,-0.0368866099570937
2020-04-07 19:21:00,-0.007776591481785999
2020-04-07 19:24:00,-0.0046847839130919056
2020-04-07 19:27:00,-0.041012982401753106
2020-04-07 19:30:00,-0.054236870604540854
2020-04-07 19:33:00,-0.011932069636259257
2020-04-07 19:36:00,0.0046093552837191964
2020-04-07 19:39:00,0.027027429735710484
2020-04-07 19:42:00,0.045502629319514654
2020-04-07 19:45:00,0.06028861783772754
2020-04-07 19:48:00,-0.1294237085385248
2020-04-07 19:51:00,0.10554329876856627
2020-04-07 19:54:00,0.06925907706448697
2020-04-07 19:57:00,0.1471809711135279
2020-04-07 20:00:00,0.1527135674056126
2020-04-07 20:03:00,0.10402090255274743
2020-04-07 20:06:00,0.002938979877910697
2020-04-07 20:09:00,0.1542871246751929
2020-04-07 20:12:00,0.06544292189414591
2020-04-07 20:15:00,0.09659691526678671
2020-04-07 20:18:00,0.2189362590637529
2020-04-07 20:21:00,0.09216796260625415
2020-04-07 20:24:00,0.09488089841801184
2020-04-07 20:27:00,0.041284081828507624
2020-04-07 20:30:00,0.13583367339180086
2020-04-07 20:33:00,0.0749821797861614
2020-04-07 20:36:00,0.11399244102017292
2020-04-07 20:39:00,0.10587344161069723
2020-04-07 20:42:00,0.09627457918224991
2020-04-07 20:45:00,0.16303181316823157
2020-04-07 20:48:00,0.13637893932997258
2020-04-07 20:51:00,0.2086378537782707
2020-04-07 20:54:00,0.19931028160362985
2020-04-07 20:57:00,0.24081748190428698
2020-04-07 21:00:00,0.180582277752535
2020-04-07 21:03:00,0.2044693566685396
2020-04-07 21:06:00,0.17928761482107802
2020-04-07 21:09:00,0.23782051143030003
2020-04-07 21:12:00,0.15638542552505896
2020-04-07 21:15:00,0.1847648635524024
2020-04-07 21:18:00,0.2046462681129242
2020-04-07 21:21:00,0.17199323603318817
2020-04-07 21:24:00,0.18859784622077314
2020-04-07 21:27:00,0.22690889509755152
2020-04-07 21:30:00,0.15651337015788158
2020-04-07 21:33:00,0.20828312941659988
2020-04-07 21:36:00,0.27566711031249724
2020-04-07 21:39:00,0.2030598089676232
2020-04-07 21:42:00,0.1301184881949098
2020-04-07 21:45:00,0.21476515404566499
2020-04-07 21:48:00,0.1565115001088202
2020-04-07 21:51:00,0.1457017911155276
2020-04-07 21:54:00,0.012152375581024444
2020-04-07 21:57:00,0.1568276131410471
2020-04-07 22:00:00,0.26194902612905935
2020-04-07 22:03:00,0.07386237355996172
2020-04-07 22:06:00,0.22063726478972967
2020-04-07 22:09:00,0.07604994151188293
2020-04-07 22:12:00,0.12408575665483568
2020-04-07 22:15:00,0.15293529142047646
2020-04-07 22:18:00,0.142543443465172
2020-04-07 22:21:00,0.19396996395471433
2020-04-07 22:24:00,0.20356911290389235
2020-04-07 22:27:00,0.20273313359177791
2020-04-07 22:30:00,0.1431222349075938
2020-04-07 22:33:00,0.20422351605492395
2020-04-07 22:36:00,0.2800183446980782
2020-04-07 22:39:00,0.23960873804833227
2020-04-07 22:42:00,0.2137606898685931
2020-04-07 22:45:00,0.13913679729000705
2020-04-07 22:48:00,0.22055302380931607
2020-04-07 22:51:00,0.23498553617264406
2020-04-07 22:54:00,0.2433925139674784
2020-04-07 22:57:00,0.30420835126057
2020-04-07 23:00:00,0.2737308047922511
2020-04-07 23:03:00,0.2814803538374804
2020-04-07 23:06:00,0.3203539378078517
2020-04-07 23:09:00,0.26370706112066955
2020-04-07 23:12:00,0.2830827200603494
2020-04-07 23:15:00,0.25083400680154
2020-04-07 23:18:00,0.23731378512383117
2020-04-07 23:21:00,0.2354731481551653
2020-04-07 23:24:00,0.13326585113566125
2020-04-07 23:27:00,0.1678930467891746
2020-04-07 23:30:00,0.15202798145190854
2020-04-07 23:33:00,0.20966422147040475
2020-04-07 23:36:00,0.09524326987457243
2020-04-07 23:39:00,0.21919528795024235
2020-04-07 23:42:00,0.15696871839679716
2020-04-07 23:45:00,0.12016811000580674
2020-04-07 23:48:00,0.1938932564338529
2020-04-07 23:51:00,0.13236677198869984
2020-04-07 23:54:00,0.17827565445384153
2020-04-07 23:57:00,0.1777602774197362
2020-04-08 00:00:00,0.08542008040831206
2020-04-08 00:03:00,0.20815265214059764
2020-04-08 00:06:00,0.19430123214232253
2020-04-08 00:09:00,0.09148291041560697
2020-04-08 00:12:00,0.3078049443467421
2020-04-08 00:15:00,0.20274985319196048
2020-04-08 00:18:00,0.18317351018407635
2020-04-08 00:21:00,0.30796920228164026
2020-04-08 00:24:00,0.21557180781650231
2020-04-08 00:27:00,0.09149800762401128
2020-04-08 00:30:00,0.07988321153953848
2020-04-08 00:33:00,0.09008554604804431
2020-04-08 00:36:00,0.20053466545158471
2020-04-08 00:39:00,0.15092076103513818
2020-04-08 00:42:00,0.116620304126684
2020-04-08 00:45:00,0.086802744338911
2020-04-08 00:48:00,0.08725756493532799
2020-04-08 00:51:00,0.1251117789673799
2020-04-08 00:54:00,0.12103518348908437
2020-04-08 00:57:00,0.11095270080380715
2020-04-08 01:00:00,0.11044090317466271
2020-04-08 01:03:00,0.10160569475806369
2020-04-08 01:06:00,0.12431784761906783
2020-04-08 01:09:00,0.23140977797453388
2020-04-08 01:12:00,0.09584467153160858
2020-04-08 01:15:00,0.2686192379885597
2020-04-08 01:18:00,0.10618140268894649
2020-04-08 01:21:00,0.17252966759667743
2020-04-08 01:24:00,0.10973961465828097
2020-04-08 01:27:00,0.10606956283254476
2020-04-08 01:30:00,0.21991716996785726
2020-04-08 01:33:00,0.1466890588375236
2020-04-08 01:36:00,0.1563597269556567
2020-04-08 01:39:00,0.23515776498635432
2020-04-08 01:42:00,0.17510884263629123
2020-04-08 01:45:00,0.26593885273177875
2020-04-08 01:48:00,0.2385975930540667
2020-04-08 01:51:00,0.2170839410845815
2020-04-08 01:54:00,0.26375876865125747
2020-04-08 01:57:00,0.263456255049789
2020-04-08 02:00:00,0.2698977124125008
2020-04-08 02:03:00,0.28570395772914026
2020-04-08 02:06:00,0.2158468732229153
2020-04-08 02:09:00,0.20637000052408894
2020-04-08 02:12:00,0.24228052522215648
2020-04-08 02:15:00,0.2198025201391829
2020-04-08 02:18:00,0.2546729072200833
2020-04-08 02:21:00,0.28768018335824763
2020-04-08 02:24:00,0.18092565093161284
2020-04-08 02:27:00,0.3545459018343422
2020-04-08 02:30:00,0.16799275402064495
2020-04-08 02:33:00,0.2108353363266815
2020-04-08 02:36:00,0.2144642650845867
2020-04-08 02:39:00,0.17463765784822272
2020-04-08 02:42:00,0.20671782684723894
2020-04-08 02:45:00,0.18671042790032288
2020-04-08 02:48:00,0.1766348401440041
2020-04-08 02:51:00,0.3021771858775537
2020-04-08 02:54:00,0.13658479990198202
2020-04-08 02:57:00,0.165100473382779
2020-04-08 03:00:00,0.12849720148813049
2020-04-08 03:03:00,0.1044807457357706
2020-04-08 03:06:00,0.22560172232772402
2020-04-08 03:09:00,0.1878908010915552
2020-04-08 03:12:00,0.23323734593333256
2020-04-08 03:15:00,0.1544246779636751
2020-04-08 03:18:00,0.00994467208261085
2020-04-08 03:21:00,0.06741208400865162
2020-04-08 03:24:00,0.22403426581325903
2020-04-08 03:27:00,0.24633619875959312
2020-04-08 03:30:00,0.148130810781538
2020-04-08 03:33:00,0.19692969251173054
2020-04-08 03:36:00,0.2869961801183081
2020-04-08 03:39:00,0.12447930153825837
2020-04-08 03:42:00,0.07958802297383727
2020-04-08 03:45:00,0.19171165283052005
2020-04-08 03:48:00,0.1763011979334692
2020-04-08 03:51:00,0.1777243078872175
2020-04-08 03:54:00,0.11563497389562372
2020-04-08 03:57:00,0.14694695434820915
2020-04-08 04:00:00,0.2083206476459054
2020-04-08 04:03:00,0.2181666480476565
2020-04-08 04:06:00,0.2781360449307613
2020-04-08 04:09:00,0.2007393496280656
2020-04-08 04:12:00,0.20504478895571765
2020-04-08 04:15:00,0.2317796922630464
2020-04-08 04:18:00,0.2951301924637164
2020-04-08 04:21:00,0.10060891384813431
2020-04-08 04:24:00,0.17547686191778666
2020-04-08 04:27:00,0.1359638049369778
2020-04-08 04:30:00,0.16590260788785827
2020-04-08 04:33:00,0.17282366756154488
2020-04-08 04:36:00,0.18720254429803163
2020-04-08 04:39:00,0.18285678391731608
2020-04-08 04:42:00,0.18543866890939853
2020-04-08 04:45:00,0.12426942205183877
2020-04-08 04:48:00,0.20694764552632705
2020-04-08 04:51:00,0.18799305649525877
2020-04-08 04:54:00,0.23303746470122633
2020-04-08 04:57:00,0.11278647829112742
2020-04-08 05:00:00,0.16184445608803344
2020-04-08 05:03:00,0.2752313134613473
2020-04-08 05:06:00,0.17401448306208067
2020-04-08 05:09:00,0.263316912099242
2020-04-08 05:12:00,0.2490951537199635
2020-04-08 05:15:00,0.1421496233934363
2020-04-08 05:18:00,0.15739233811308395
2020-04-08 05:21:00,0.24788149484487576
2020-04-08 05:24:00,0.17335957856653295
2020-04-08 05:27:00,0.26191416092035524
2020-04-08 05:30:00,0.22489545601757754
2020-04-08 05:33:00,0.23988990266644805
2020-04-08 05:36:00,0.30488660319940664
2020-04-08 05:39:00,0.17155114600194565
2020-04-08 05:42:00,0.15486707043413617
2020-04-08 05:45:00,0.05466018000578288
2020-04-08 05:48:00,0.2689147121483302
2020-04-08 05:51:00,0.16006094796773596
2020-04-08 05:54:00,0.2505681650736733
2020-04-08 05:57:00,0.19050203334705884
2020-04-08 06:00:00,0.2726847502340206
2020-04-08 06:03:00,0.24813034395469913
2020-04-08 06:06:00,0.14170749257090165
2020-04-08 06:09:00,0.24304792389858676
2020-04-08 06:12:00,0.18473747996006296
2020-04-08 06:15:00,0.2726391671761803
2020-04-08 06:18:00,0.1723475292352532
2020-04-08 06:21:00,0.2969233157083977
2020-04-08 06:24:00,0.2515586579397109
2020-04-08 06:27:00,0.3075885630238986
2020-04-08 06:30:00,0.27363662120717436
2020-04-08 06:33:00,0.21657969035049973
2020-04-08 06:36:00,0.2522926164093633
2020-04-08 06:39:00,0.3826243697690188
2020-04-08 06:42:00,0.24941696659351464
2020-04-08 06:45:00,0.31796568134188874
2020-04-08 06:48:00,0.1681297964850046
2020-04-08 06:51:00,0.20945183207879836
2020-04-08 06:54:00,0.34533021718817736
2020-04-08 06:57:00,0.18440638419184552
2020-04-08 07:00:00,0.21300535105768859
2020-04-08 07:03:00,0.265024669740626
2020-04-08 07:06:00,0.1703075398401097
2020-04-08 07:09:00,0.19368432831902282
2020-04-08 07:12:00,0.19499739812982853
2020-04-08 07:15:00,0.1922824328901811
2020-04-08 07:18:00,0.11474466260824556
2020-04-08 07:21:00,0.13619800256230974
2020-04-08 07:24:00,0.20790027922959098
2020-04-08 07:27:00,0.16191886606856087
2020-04-08 07:30:00,0.1268458939937318
2020-04-08 07:33:00,0.090836614109719
2020-04-08 07:36:00,0.09500614832006704
2020-04-08 07:39:00,0.21056379077407428
2020-04-08 07:42:00,0.13085415734479966
2020-04-08 07:45:00,0.17869742289053647
2020-04-08 07:48:00,0.10596590356806246
2020-04-08 07:51:00,0.08166409282415543
2020-04-08 07:54:00,0.09427570295383703
2020-04-08 07:57:00,0.16389018471176087
2020-04-08 08:00:00,0.19446222325410645
2020-04-08 08:03:00,0.24474517780004135
2020-04-08 08:06:00,0.18702892289275042
2020-04-08 08:09:00,0.1421849406626734
2020-04-08 08:12:00,0.05708541478236384
2020-04-08 08:15:00,0.1695513110759066
2020-04-08 08:18:00,-0.026024464642716794
2020-04-08 08:21:00,0.06705056852200642
2020-04-08 08:24:00,0.05960360333199333
2020-04-08 08:27:00,0.20342742646442957
2020-04-08 08:30:00,0.07667151999453381
2020-04-08 08:33:00,0.07319792478693898
2020-04-08 08:36:00,0.004960225978152266
2020-04-08 08:39:00,-0.033496794290499565
2020-04-08 08:42:00,0.08866744637794
2020-04-08 08:45:00,0.020120229671533707
2020-04-08 08:48:00,0.016196115783486675
2020-04-08 08:51:00,0.10978614095472494
2020-04-08 08:54:00,-0.009535444683592686
2020-04-08 08:57:00,-0.037649361835917716
2020-04-08 09:00:00,0.03923245959867927
2020-04-08 09:03:00,-0.04491174347509741
2020-04-08 09:06:00,-0.055921116189665554
2020-04-08 09:09:00,-0.034207841533884675
2020-04-08 09:12:00,0.005675483256709413
2020-04-08 09:15:00,-0.08686294338212974
2020-04-08 09:18:00,-0.019081115140522797
2020-04-08 09:21:00,-0.065878240164011
2020-04-08 09:24:00,-0.11696589734299323
2020-04-08 09:27:00,-0.06414919529936469
2020-04-08 09:30:00,-0.12532660125771145
2020-04-08 09:33:00,-0.1966764506808545
2020-04-08 09:36:00,-0.049422535634676024
2020-04-08 09:39:00,-0.14559494456415223
2020-04-08 09:42:00,0.015951264341083515
2020-04-08 09:45:00,-0.08242167201774464
2020-04-08 09:48:00,-0.17029286649818687
2020-04-08 09:51:00,-0.06645324733801772
2020-04-08 09:54:00,-0.2070300374319345
2020-04-08 09:57:00,-0.07608732712350275
2020-04-08 10:00:00,-0.1944451335696158
2020-04-08 10:03:00,-0.11777938521265696
2020-04-08 10:06:00,-0.1049468137742906
2020-04-08 10:09:00,-0.04318003580834784
2020-04-08 10:12:00,-0.16029614630014066
2020-04-08 10:15:00,-0.1422581609650706
2020-04-08 10:18:00,-0.19844756446860856
2020-04-08 10:21:00,-0.10801338688247597
2020-04-08 10:24:00,-0.11286170661986716
2020-04-08 10:27:00,-0.18150305282358659
2020-04-08 10:30:00,-0.1530835553269867
2020-04-08 10:33:00,-0.14318131936141754
2020-04-08 10:36:00,-0.2298429710738219
2020-04-08 10:39:00,-0.24235150460475552
2020-04-08 10:42:00,-0.18329339428953517
2020-04-08 10:45:00,-0.14430417611345092
2020-04-08 10:48:00,-0.12820356748579798
2020-04-08 10:51:00,-0.1398746634250756
2020-04-08 10:54:00,-0.1655850021141987
2020-04-08 10:57:00,-0.2472967117907956
2020-04-08 11:00:00,-0.18037795542056756
2020-04-08 11:03:00,-0.1800299697116543
2020-04-08 11:06:00,-0.30211021504470637
2020-04-08 11:09:00,-0.22584714774484382
2020-04-08 11:12:00,-0.11571002183842438
2020-04-08 11:15:00,-0.22634869324906504
2020-04-08 11:18:00,-0.1594527656193918
2020-04-08 11:21:00,-0.08675484202046846
2020-04-08 11:24:00,-0.28231710255181497
2020-04-08 11:27:00,-0.3320936432377266
2020-04-08 11:30:00,-0.25754127989898734
2020-04-08 11:33:00,-0.2789101720568965
2020-04-08 11:36:00,-0.14391597752035068
2020-04-08 11:39:00,-0.27169345108370635
2020-04-08 11:42:00,-0.31454393388645485
2020-04-08 11:45:00,-0.22627924521202658
2020-04-08 11:48:00,-0.16432722898059637
2020-04-08 11:51:00,-0.2661481271523485
2020-04-08 11:54:00,0.06587409219781648
2020-04-08 11:57:00,0.19606039243052464
2020-04-08 12:00:00,0.25308044219821113
2020-04-08 12:03:00,-0.21200200319231044
2020-04-08 12:06:00,0.2031433895087389
2020-04-08 12:09:00,0.21258173914867484
2020-04-08 12:12:00,-0.22548926827261084
2020-04-08 12:15:00,-0.47878891000323165
2020-04-08 12:18:00,-0.3724775335817867
2020-04-08 12:21:00,-0.3187457786034429
2020-04-08 12:24:00,-0.27538607247998925
2020-04-08 12:27:00,-0.2661587354880339
2020-04-08 12:30:00,-0.27229531659162376
2020-04-08 12:33:00,-0.29170040463577607
2020-04-08 12:36:00,-0.40158902452412804
2020-04-08 12:39:00,-0.26084842315952983
2020-04-08 12:42:00,-0.39499923525386293
2020-04-08 12:45:00,-0.20085566482993045
2020-04-08 12:48:00,-0.28556722166177906
2020-04-08 12:51:00,-0.3544162958584707
2020-04-08 12:54:00,-0.3890065543583887
2020-04-08 12:57:00,-0.30909884533997456
2020-04-08 13:00:00,-0.4415306131369334
2020-04-08 13:03:00,-0.2950252057337934
2020-04-08 13:06:00,-0.40351022441956275
2020-04-08 13:09:00,-0.396364026846868
2020-04-08 13:12:00,-0.42936477286968966
2020-04-08 13:15:00,-0.38537379059260957
2020-04-08 13:18:00,-0.40592834930646404
2020-04-08 13:21:00,-0.4141786878805078
2020-04-08 13:24:00,-0.43710343664298534
2020-04-08 13:27:00,-0.5064511420204667
2020-04-08 13:30:00,-0.4558453242765381
2020-04-08 13:33:00,-0.40730944261673585
2020-04-08 13:36:00,-0.4735181653961149
2020-04-08 13:39:00,-0.3692437890923088
2020-04-08 13:42:00,-0.25211190944622786
2020-04-08 13:45:00,-0.40303884688614744
2020-04-08 13:48:00,-0.3653715880219579
2020-04-08 13:51:00,-0.5325810111975215
2020-04-08 13:54:00,-0.40866558183040524
2020-04-08 13:57:00,-0.28301361044418627
2020-04-08 14:00:00,-0.2178628910814382
2020-04-08 14:03:00,-0.19171688711958268
2020-04-08 14:06:00,-0.16540466732016057
2020-04-08 14:09:00,-0.07805162223348816
2020-04-08 14:12:00,-0.3173934723090497
2020-04-08 14:15:00,-0.33581266204475924
2020-04-08 14:18:00,-0.273456654622521
2020-04-08 14:21:00,-0.28220528059841854
2020-04-08 14:24:00,-0.3253511460183631
2020-04-08 14:27:00,-0.31473554172345075
2020-04-08 14:30:00,-0.3674548749671658
2020-04-08 14:33:00,-0.5362467560002528
2020-04-08 14:36:00,-0.4419689103988276
2020-04-08 14:39:00,-0.5033099900800266
2020-04-08 14:42:00,-0.39953393738198884
2020-04-08 14:45:00,-0.5933399113646942
2020-04-08 14:48:00,-0.41928665570651447
2020-04-08 14:51:00,-0.47915260571608087
2020-04-08 14:54:00,-0.46698505925490963
2020-04-08 14:57:00,-0.5023014074918706
2020-04-08 15:00:00,-0.4160601926808454
2020-04-08 15:03:00,-0.5129444972990314
2020-04-08 15:06:00,-0.5753554932437055
2020-04-08 15:09:00,-0.6727631773092639
2020-04-08 15:12:00,-0.44422149870905514
2020-04-08 15:15:00,-0.5265539092656581
2020-04-08 15:18:00,-0.4718052168722693
2020-04-08 15:21:00,-0.49278791903435604
2020-04-08 15:24:00,-0.5592425429618402
2020-04-08 15:27:00,-0.4743787319873718
2020-04-08 15:30:00,-0.4715187340956959
2020-04-08 15:33:00,-0.4992093013706267
2020-04-08 15:36:00,-0.47968511755806276
2020-04-08 15:39:00,-0.5013044327803868
2020-04-08 15:42:00,-0.45852386363560527
2020-04-08 15:45:00,-0.4072995223460225
2020-04-08 15:48:00,-0.44361725116073103
2020-04-08 15:51:00,-0.47136725129405477
2020-04-08 15:54:00,-0.5424941790504363
2020-04-08 15:57:00,-0.4923793935273011
2020-04-08 16:00:00,-0.5693027278272211
2020-04-08 16:03:00,-0.5959739401374691
2020-04-08 16:06:00,-0.6017718238650218
2020-04-08 16:09:00,-0.52526240278047
2020-04-08 16:12:00,-0.5186788644216449
2020-04-08 16:15:00,-0.4329115851444385
2020-04-08 16:18:00,-0.5849258549796446
2020-04-08 16:21:00,-0.604291747942284
2020-04-08 16:24:00,-0.4038335527033041
2020-04-08 16:27:00,-0.4300075194046258
2020-04-08 16:30:00,-0.4209072450421445
2020-04-08 16:33:00,-0.5098751526186334
2020-04-08 16:36:00,-0.45884772888132375
2020-04-08 16:39:00,-0.3696182485301165
2020-04-08 16:42:00,-0.4567799764548681
2020-04-08 16:45:00,-0.4529337837219032
2020-04-08 16:48:00,-0.524173326596042
2020-04-08 16:51:00,-0.5305405007272839
2020-04-08 16:54:00,-0.4825556726683544
2020-04-08 16:57:00,-0.5539755836928748
2020-04-08 17:00:00,-0.4135027159262563
2020-04-08 17:03:00,-0.5271866756535815
2020-04-08 17:06:00,-0.4509820557083799
2020-04-08 17:09:00,-0.4294627402521769
2020-04-08 17:12:00,-0.3935965365938614
2020-04-08 17:15:00,-0.3685885199066661
2020-04-08 17:18:00,-0.5916170408374342
2020-04-08 17:21:00,-0.4927521782349231
2020-04-08 17:24:00,-0.43230754285053763
2020-04-08 17:27:00,-0.42847963293496605
2020-04-08 17:30:00,-0.39402467263613516
2020-04-08 17:33:00,-0.3782733654331878
2020-04-08 17:36:00,-0.36483655996755715
2020-04-08 17:39:00,-0.3789071108662938
2020-04-08 17:42:00,-0.3707350246903047
2020-04-08 17:45:00,-0.27007697309528567
2020-04-08 17:48:00,-0.30329108354243317
2020-04-08 17:51:00,-0.292792289791862
2020-04-08 17:54:00,-0.3018206265689969
2020-04-08 17:57:00,-0.17069071415863846
2020-04-08 18:00:00,-0.17985053300168374
2020-04-08 18:03:00,-0.15543804537509232
2020-04-08 18:06:00,-0.24580041870319747
2020-04-08 18:09:00,-0.10005886089174965
2020-04-08 18:12:00,-0.04419681682799137
2020-04-08 18:15:00,-0.024099971821101462
2020-04-08 18:18:00,-0.05112932264597703
2020-04-08 18:21:00,-0.06359561650060641
2020-04-08 18:24:00,-0.12352889545195467
2020-04-08 18:27:00,-0.06335711805371602
2020-04-08 18:30:00,-0.2534803834422519
2020-04-08 18:33:00,-0.15951048059594086
2020-04-08 18:36:00,-0.07531233350749744
2020-04-08 18:39:00,-0.19245703792807944
2020-04-08 18:42:00,-0.20486030402344113
2020-04-08 18:45:00,-0.09005540582063531
2020-04-08 18:48:00,-0.23946209011552355
2020-04-08 18:51:00,-0.11249520857415973
2020-04-08 18:54:00,
2020-04-08 18:57:00,
2020-04-08 19:00:00,
2020-04-08 19:03:00,-0.1250536558321187
2020-04-08 19:06:00,-0.12530653167078754
2020-04-08 19:09:00,-0.09405826147383323
2020-04-08 19:12:00,-0.10183106745995474
2020-04-08 19:15:00,-0.1118229396465722
2020-04-08 19:18:00,-0.20890360158904286
2020-04-08 19:21:00,-0.18941224256570877
2020-04-08 19:24:00,-0.09166749340789693
2020-04-08 19:27:00,-0.142855631344446
2020-04-08 19:30:00,-0.10571184271304901
2020-04-08 19:33:00,-0.043867770692486374
2020-04-08 19:36:00,-0.0024549879569804034
2020-04-08 19:39:00,0.11200977611770213
2020-04-08 19:42:00,0.20289419197354164
2020-04-08 19:45:00,0.3065051458558514
2020-04-08 19:48:00,0.31343907521682013
2020-04-08 19:51:00,0.4328393201577114
2020-04-08 19:54:00,0.29707617359974847
2020-04-08 19:57:00,0.32875405575856576
2020-04-08 20:00:00,0.26864984617861865
2020-04-08 20:03:00,0.19979893206038923
2020-04-08 20:06:00,0.18579749949731195
2020-04-08 20:09:00,0.16390627052788886
2020-04-08 20:12:00,0.17206517334386717
2020-04-08 20:15:00,0.1966047088607752
2020-04-08 20:18:00,0.29790627354839216
2020-04-08 20:21:00,0.3498088616333348
2020-04-08 20:24:00,0.10741365907540512
2020-04-08 20:27:00,0.2010957622561591
2020-04-08 20:30:00,0.2972532956944747
2020-04-08 20:33:00,0.37103624119424694
2020-04-08 20:36:00,0.28125857893769535
2020-04-08 20:39:00,0.27977522577521086
2020-04-08 20:42:00,0.283076587594735
2020-04-08 20:45:00,0.26464599758242
2020-04-08 20:48:00,0.12209861506562447
2020-04-08 20:51:00,0.2586694629827093
2020-04-08 20:54:00,0.22844896883657384
2020-04-08 20:57:00,0.25944214247294894
2020-04-08 21:00:00,0.28338091992867476
2020-04-08 21:03:00,0.3180251722462799
2020-04-08 21:06:00,0.2894007174714943
2020-04-08 21:09:00,0.3317697369716939
2020-04-08 21:12:00,0.08860329305167625
2020-04-08 21:15:00,0.19171904556952768
2020-04-08 21:18:00,0.126760433799177
2020-04-08 21:21:00,0.20325501773254473
2020-04-08 21:24:00,0.17573824486720468
2020-04-08 21:27:00,0.13330656017711817
2020-04-08 21:30:00,0.21095217474214678
2020-04-08 21:33:00,0.1968315168773529
2020-04-08 21:36:00,0.16126664315481776
2020-04-08 21:39:00,0.13609579958131235
2020-04-08 21:42:00,0.08471466102741942
2020-04-08 21:45:00,0.044506588361059585
2020-04-08 21:48:00,0.12583895246683596
2020-04-08 21:51:00,0.06356593815797851
2020-04-08 21:54:00,0.10370360541105583
2020-04-08 21:57:00,0.10389972099409306
2020-04-08 22:00:00,0.1661100740931829
2020-04-08 22:03:00,0.242403153356463
2020-04-08 22:06:00,0.1976675260532943
2020-04-08 22:09:00,0.29860309239876415
2020-04-08 22:12:00,0.35401086383012625
2020-04-08 22:15:00,0.3533444847028022
2020-04-08 22:18:00,0.3915783841073903
2020-04-08 22:21:00,0.3556043176325261
2020-04-08 22:24:00,0.19615827326583712
2020-04-08 22:27:00,0.310603700909553
2020-04-08 22:30:00,0.20619925028586295
2020-04-08 22:33:00,0.2381713332210893
2020-04-08 22:36:00,0.25749829412228564
2020-04-08 22:39:00,0.34346958795146065
2020-04-08 22:42:00,0.30496552499670315
2020-04-08 22:45:00,0.3543585487851715
2020-04-08 22:48:00,0.25179837850578224
2020-04-08 22:51:00,0.3832656045429417
2020-04-08 22:54:00,0.3546445649442944
2020-04-08 22:57:00,0.3254926955357291
2020-04-08 23:00:00,0.2249481196442389
2020-04-08 23:03:00,0.20434916974227235
2020-04-08 23:06:00,0.27163686771592666
2020-04-08 23:09:00,0.1485651371400536
2020-04-08 23:12:00,0.2304841565554625
2020-04-08 23:15:00,0.2889776689322048
2020-04-08 23:18:00,0.20861726908714218
2020-04-08 23:21:00,0.21713472306731774
2020-04-08 23:24:00,0.21088077017884643
2020-04-08 23:27:00,0.174367775185317
2020-04-08 23:30:00,0.17855686683225258
2020-04-08 23:33:00,0.20996456736770597
2020-04-08 23:36:00,0.343598139720541
2020-04-08 23:39:00,0.27232117358749974
2020-04-08 23:42:00,0.20987975836220585
2020-04-08 23:45:00,0.15869751597062987
2020-04-08 23:48:00,0.2806731021527753
2020-04-08 23:51:00,0.2693625342513428
2020-04-08 23:54:00,0.1545879057960633
2020-04-08 23:57:00,0.214426909654037
2020-04-09 00:00:00,0.2635929040309293
2020-04-09 00:03:00,0.21980349117376363
2020-04-09 00:06:00,0.2749054270738043
2020-04-09 00:09:00,0.3238722400869847
2020-04-09 00:12:00,0.4152913001619254
2020-04-09 00:15:00,0.2798319160621645
2020-04-09 00:18:00,0.3112768158338781
2020-04-09 00:21:00,0.3652936843936345
2020-04-09 00:24:00,0.3477134922243863
2020-04-09 00:27:00,0.2882981190260807
2020-04-09 00:30:00,0.29007151249487606
2020-04-09 00:33:00,0.27433653953403336
2020-04-09 00:36:00,0.3656693288429551
2020-04-09 00:39:00,0.2215515978851954
2020-04-09 00:42:00,0.3619472136596755
2020-04-09 00:45:00,0.399243290740003
2020-04-09 00:48:00,0.34435746204087536
2020-04-09 00:51:00,0.4871745115482895
2020-04-09 00:54:00,0.6746488804944875
2020-04-09 00:57:00,0.7724279106762992
2020-04-09 01:00:00,0.63118551068834
2020-04-09 01:03:00,0.6574512268355761
2020-04-09 01:06:00,0.6446008232608165
2020-04-09 01:09:00,0.7032755685801817
2020-04-09 01:12:00,0.5862595771098995
2020-04-09 01:15:00,0.5104037843127003
2020-04-09 01:18:00,0.4330618283296417
2020-04-09 01:21:00,0.6035132632890736
2020-04-09 01:24:00,0.5637088506575196
2020-04-09 01:27:00,0.5690272731521873
2020-04-09 01:30:00,0.6553285383919842
2020-04-09 01:33:00,0.7472409673783318
2020-04-09 01:36:00,0.6640005772248401
2020-04-09 01:39:00,0.7773784587412251
2020-04-09 01:42:00,0.5820684010295736
2020-04-09 01:45:00,0.5493197849946228
2020-04-09 01:48:00,0.42603116480421477
2020-04-09 01:51:00,0.3970143080620687
2020-04-09 01:54:00,0.5146985208223782
2020-04-09 01:57:00,0.5626828964462334
2020-04-09 02:00:00,0.6231579713658562
2020-04-09 02:03:00,0.6697721498032365
2020-04-09 02:06:00,0.673508484362344
2020-04-09 02:09:00,0.5357007818532793
2020-04-09 02:12:00,0.5296971300253404
2020-04-09 02:15:00,0.4141835781525174
2020-04-09 02:18:00,0.5042953715210388
2020-04-09 02:21:00,0.5015044731950979
2020-04-09 02:24:00,0.5774908469209095
2020-04-09 02:27:00,0.5731459419059775
2020-04-09 02:30:00,0.6704229986648897
2020-04-09 02:33:00,0.7188709818038888
2020-04-09 02:36:00,0.7593497300969148
2020-04-09 02:39:00,0.6871551887986129
2020-04-09 02:42:00,0.5889531049084553
2020-04-09 02:45:00,0.6589330293249986
2020-04-09 02:48:00,0.6114172627573566
2020-04-09 02:51:00,0.47609203209452744
2020-04-09 02:54:00,0.5106352456625132
2020-04-09 02:57:00,0.5390673379230293
2020-04-09 03:00:00,0.4164984142030903
2020-04-09 03:03:00,0.4782583758466785
2020-04-09 03:06:00,0.4496736031888986
2020-04-09 03:09:00,0.33508677980398716
2020-04-09 03:12:00,0.39183552406882427
2020-04-09 03:15:00,0.4542163985699972
2020-04-09 03:18:00,0.5002736023167245
2020-04-09 03:21:00,0.4001365218788351
2020-04-09 03:24:00,0.4908158327509682
2020-04-09 03:27:00,0.4677467607083372
2020-04-09 03:30:00,0.4668979050848634
2020-04-09 03:33:00,0.4241024136724718
2020-04-09 03:36:00,0.4239220472092029
2020-04-09 03:39:00,0.48154235562032
2020-04-09 03:42:00,0.4060416386078032
2020-04-09 03:45:00,0.37330951909069654
2020-04-09 03:48:00,0.4130942001792164
2020-04-09 03:51:00,0.5163651105290796
2020-04-09 03:54:00,0.38439839866219927
2020-04-09 03:57:00,0.5119535946516862
2020-04-09 04:00:00,0.5045415854868338
2020-04-09 04:03:00,0.4005819891081046
2020-04-09 04:06:00,0.49135157766960447
2020-04-09 04:09:00,0.437753907786373
2020-04-09 04:12:00,0.5083604636388372
2020-04-09 04:15:00,0.46447319408338217
2020-04-09 04:18:00,0.47468848910096995
2020-04-09 04:21:00,0.5002359368721159
2020-04-09 04:24:00,0.4214491837976766
2020-04-09 04:27:00,0.5186754692882687
2020-04-09 04:30:00,0.46056917087247484
2020-04-09 04:33:00,0.49940570259548167
2020-04-09 04:36:00,0.4020128031106083
2020-04-09 04:39:00,0.47876978353713184
2020-04-09 04:42:00,0.4418447131893686
2020-04-09 04:45:00,0.45125078629479276
2020-04-09 04:48:00,0.5765206586710292
2020-04-09 04:51:00,0.4726375264729086
2020-04-09 04:54:00,0.565356520915202
2020-04-09 04:57:00,0.4287158002537126
2020-04-09 05:00:00,0.478126147936905
2020-04-09 05:03:00,0.48389625511845225
2020-04-09 05:06:00,0.5593268472243835
2020-04-09 05:09:00,0.4487894427939523
2020-04-09 05:12:00,0.5143865120845703
2020-04-09 05:15:00,0.5245818480417483
2020-04-09 05:18:00,0.5117518088270572
2020-04-09 05:21:00,0.4986403677440876
2020-04-09 05:24:00,0.49679450325049856
2020-04-09 05:27:00,0.4872711262862026
2020-04-09 05:30:00,0.46731882067564356
2020-04-09 05:33:00,0.5118817730942737
2020-04-09 05:36:00,0.5415060942060563
2020-04-09 05:39:00,0.5456239951105886
2020-04-09 05:42:00,0.5890359915504177
2020-04-09 05:45:00,0.5008579057063685
2020-04-09 05:48:00,0.535986833563868
2020-04-09 05:51:00,0.5401511306538396
2020-04-09 05:54:00,0.5422753832995681
2020-04-09 05:57:00,0.4819589554970207
2020-04-09 06:00:00,0.5364441296164841
2020-04-09 06:03:00,0.5653304181560657
2020-04-09 06:06:00,0.5196279819549545
2020-04-09 06:09:00,0.5584290866772221
2020-04-09 06:12:00,0.5943766523068348
2020-04-09 06:15:00,0.4499834850493585
2020-04-09 06:18:00,0.40741480293439736
2020-04-09 06:21:00,0.4905930412347743
2020-04-09 06:24:00,0.5442518475529141
2020-04-09 06:27:00,0.5330574953265454
2020-04-09 06:30:00,0.5011027965968538
2020-04-09 06:33:00,0.5306467246219313
2020-04-09 06:36:00,0.49911144407457186
2020-04-09 06:39:00,0.49072841860345306
2020-04-09 06:42:00,0.4658078077936807
2020-04-09 06:45:00,0.3683431395492107
2020-04-09 06:48:00,0.4875674446228686
2020-04-09 06:51:00,0.4178836414346847
2020-04-09 06:54:00,0.4262627004565047
2020-04-09 06:57:00,0.47364527723402716
2020-04-09 07:00:00,0.4359959142374805
2020-04-09 07:03:00,0.4789211253796566
2020-04-09 07:06:00,0.47092241663318646
2020-04-09 07:09:00,0.4350611530094852
2020-04-09 07:12:00,0.6030800181862332
2020-04-09 07:15:00,0.4802833661420891
2020-04-09 07:18:00,0.5115838208130299
2020-04-09 07:21:00,0.3273830150241679
2020-04-09 07:24:00,0.3671433795411758
2020-04-09 07:27:00,0.3715500285208577
2020-04-09 07:30:00,0.3892122622183365
2020-04-09 07:33:00,0.45574833091910705
2020-04-09 07:36:00,0.4672664887959286
2020-04-09 07:39:00,0.5434867394840808
2020-04-09 07:42:00,0.45447548761524104
2020-04-09 07:45:00,0.4868827323885512
2020-04-09 07:48:00,0.4534923518822893
2020-04-09 07:51:00,0.4811510434397519
2020-04-09 07:54:00,0.43356570244446857
2020-04-09 07:57:00,0.4539916616872688
2020-04-09 08:00:00,0.42296104728723094
2020-04-09 08:03:00,0.471527810607256
2020-04-09 08:06:00,0.46719541665993347
2020-04-09 08:09:00,0.43735134739984005
2020-04-09 08:12:00,0.34207712663214807
2020-04-09 08:15:00,0.4305292203920885
2020-04-09 08:18:00,0.3665129304901029
2020-04-09 08:21:00,0.47166974156328934
2020-04-09 08:24:00,0.5091948347793505
2020-04-09 08:27:00,0.45055333583457013
2020-04-09 08:30:00,0.4540827801188243
2020-04-09 08:33:00,0.3679501168222714
2020-04-09 08:36:00,0.4121108511319562
2020-04-09 08:39:00,0.42437765607991196
2020-04-09 08:42:00,0.47851155804431755
2020-04-09 08:45:00,0.4184300629303266
2020-04-09 08:48:00,0.4589564714726748
2020-04-09 08:51:00,0.367996846356732
2020-04-09 08:54:00,0.4196085792734152
2020-04-09 08:57:00,0.39095035292791636
2020-04-09 09:00:00,0.3792013652736159
2020-04-09 09:03:00,0.3165703704407292
2020-04-09 09:06:00,0.30709870568693987
2020-04-09 09:09:00,0.3013266683664142
2020-04-09 09:12:00,0.308864104763245
2020-04-09 09:15:00,0.32912181331988677
2020-04-09 09:18:00,0.20133465402102502
2020-04-09 09:21:00,0.30237991710095
2020-04-09 09:24:00,0.240889407460827
2020-04-09 09:27:00,0.24000372178966245
2020-04-09 09:30:00,0.2361014384138116
2020-04-09 09:33:00,0.19317269057324893
2020-04-09 09:36:00,0.29442343009117167
2020-04-09 09:39:00,0.21172386075579652
2020-04-09 09:42:00,0.2610432394303075
2020-04-09 09:45:00,0.1993509879798694
2020-04-09 09:48:00,0.22663653795825667
2020-04-09 09:51:00,0.15006765506916508
2020-04-09 09:54:00,0.1388537110652237
2020-04-09 09:57:00,0.04346937702115383
2020-04-09 10:00:00,0.05575312435496471
2020-04-09 10:03:00,-0.039935626994179074
2020-04-09 10:06:00,0.06644016242847783
2020-04-09 10:09:00,-0.025319193361838188
2020-04-09 10:12:00,-0.13662938121598245
2020-04-09 10:15:00,-0.07368337032994532
2020-04-09 10:18:00,-0.08573085570748162
2020-04-09 10:21:00,-0.0425063037969835
2020-04-09 10:24:00,-0.08385154885309021
2020-04-09 10:27:00,-0.09402800298852299
2020-04-09 10:30:00,-0.1613007642947082
2020-04-09 10:33:00,-0.14760961210095047
2020-04-09 10:36:00,-0.14240948321338465
2020-04-09 10:39:00,-0.15199681390726028
2020-04-09 10:42:00,-0.15570847344571348
2020-04-09 10:45:00,-0.18994396975551808
2020-04-09 10:48:00,-0.13816318947601758
2020-04-09 10:51:00,-0.209345206668047
2020-04-09 10:54:00,-0.146960884464022
2020-04-09 10:57:00,-0.20408179231185386
2020-04-09 11:00:00,-0.14811574024975016
2020-04-09 11:03:00,-0.27560290824811773
2020-04-09 11:06:00,-0.19497998899873892
2020-04-09 11:09:00,-0.09956387699173774
2020-04-09 11:12:00,-0.13786872439834497
2020-04-09 11:15:00,-0.2961575798346985
2020-04-09 11:18:00,-0.2634349213864198
2020-04-09 11:21:00,-0.22977164535762995
2020-04-09 11:24:00,-0.22815928456770962
2020-04-09 11:27:00,-0.2874286935017949
2020-04-09 11:30:00,-0.13129382829617953
2020-04-09 11:33:00,-0.18864995293790798
2020-04-09 11:36:00,-0.16443615089929153
2020-04-09 11:39:00,-0.22093029898093164
2020-04-09 11:42:00,-0.23083761900699074
2020-04-09 11:45:00,-0.3537874082935559
2020-04-09 11:48:00,-0.2668277895787696
2020-04-09 11:51:00,-0.3152349623648547
2020-04-09 11:54:00,-0.2619980096275185
2020-04-09 11:57:00,-0.3228852782139029
2020-04-09 12:00:00,-0.20069533902591274
2020-04-09 12:03:00,-0.3194205763408604
2020-04-09 12:06:00,-0.12069636779511939
2020-04-09 12:09:00,-0.24750348658295707
2020-04-09 12:12:00,-0.13651632985511242
2020-04-09 12:15:00,-0.26973781426056576
2020-04-09 12:18:00,-0.2927117686394354
2020-04-09 12:21:00,-0.27486088927912533
2020-04-09 12:24:00,-0.19058984257685552
2020-04-09 12:27:00,-0.27923643552844624
2020-04-09 12:30:00,-0.2289335762113751
2020-04-09 12:33:00,-0.1884890107074284
2020-04-09 12:36:00,-0.2565861908321949
2020-04-09 12:39:00,-0.2552716813310667
2020-04-09 12:42:00,-0.28637321460894327
2020-04-09 12:45:00,-0.3184859663868451
2020-04-09 12:48:00,-0.35863335015773146
2020-04-09 12:51:00,-0.2704813995509312
2020-04-09 12:54:00,-0.2683525187164264
2020-04-09 12:57:00,-0.14361033026915493
2020-04-09 13:00:00,-0.21773804011542097
2020-04-09 13:03:00,-0.3627417705275775
2020-04-09 13:06:00,-0.28175699318478564
2020-04-09 13:09:00,-0.3076936794099083
2020-04-09 13:12:00,-0.3004261646191253
2020-04-09 13:15:00,-0.31692936958796736
2020-04-09 13:18:00,-0.2846053421624788
2020-04-09 13:21:00,-0.34134550674650654
2020-04-09 13:24:00,-0.260664613152926
2020-04-09 13:27:00,-0.23790697057455645
2020-04-09 13:30:00,-0.408408816392523
2020-04-09 13:33:00,-0.25924680767536756
2020-04-09 13:36:00,-0.2206156796577261
2020-04-09 13:39:00,-0.2943757888677965
2020-04-09 13:42:00,-0.2855881837568859
2020-04-09 13:45:00,-0.32406840649025526
2020-04-09 13:48:00,-0.36727183019127096
2020-04-09 13:51:00,-0.29131701389070486
2020-04-09 13:54:00,-0.18319837696861896
2020-04-09 13:57:00,-0.17164141355800666
2020-04-09 14:00:00,-0.28271095813312286
2020-04-09 14:03:00,-0.30543895204874616
2020-04-09 14:06:00,-0.33791133188896083
2020-04-09 14:09:00,-0.23364998191959785
2020-04-09 14:12:00,-0.4226794089670989
2020-04-09 14:15:00,-0.3371857158362559
2020-04-09 14:18:00,-0.3640923983901416
2020-04-09 14:21:00,-0.37493603915436324
2020-04-09 14:24:00,-0.34443933871108356
2020-04-09 14:27:00,-0.37364863163645623
2020-04-09 14:30:00,-0.5486833766416339
2020-04-09 14:33:00,-0.38633261534846497
2020-04-09 14:36:00,-0.35170290820781247
2020-04-09 14:39:00,-0.40640668483308673
2020-04-09 14:42:00,-0.4044741735868911
2020-04-09 14:45:00,-0.39212564382984283
2020-04-09 14:48:00,-0.41130965100808226
2020-04-09 14:51:00,-0.3523178000717735
2020-04-09 14:54:00,-0.3652739673680685
2020-04-09 14:57:00,-0.3510846894171209
2020-04-09 15:00:00,-0.30117953299566125
2020-04-09 15:03:00,-0.32733961215171803
2020-04-09 15:06:00,-0.3639593318475818
2020-04-09 15:09:00,-0.40530600622872726
2020-04-09 15:12:00,-0.40711606683470336
2020-04-09 15:15:00,-0.3831535024006598
2020-04-09 15:18:00,-0.4020377380571176
2020-04-09 15:21:00,-0.385988652746164
2020-04-09 15:24:00,-0.3917486772119787
2020-04-09 15:27:00,-0.4432377721831813
2020-04-09 15:30:00,-0.4259056286266514
2020-04-09 15:33:00,-0.44501858714437503
2020-04-09 15:36:00,-0.35783158341234866
2020-04-09 15:39:00,-0.35300872575515996
2020-04-09 15:42:00,-0.3614979007791703
2020-04-09 15:45:00,-0.43408208912507007
2020-04-09 15:48:00,-0.46178621800527253
2020-04-09 15:51:00,-0.3931661536482238
2020-04-09 15:54:00,-0.4859471854223898
2020-04-09 15:57:00,-0.49218262544962954
2020-04-09 16:00:00,-0.3802773938790551
2020-04-09 16:03:00,-0.3651028875224256
2020-04-09 16:06:00,-0.4025464773422982
2020-04-09 16:09:00,-0.3152836922614597
2020-04-09 16:12:00,-0.2604964986703635
2020-04-09 16:15:00,-0.2848341083050627
2020-04-09 16:18:00,-0.3768227283629244
2020-04-09 16:21:00,-0.3509542385409645
2020-04-09 16:24:00,-0.3297647745413883
2020-04-09 16:27:00,-0.32219756783865705
2020-04-09 16:30:00,-0.24822457244852103
2020-04-09 16:33:00,-0.33769946791363736
2020-04-09 16:36:00,-0.4034119909845799
2020-04-09 16:39:00,-0.30455167133402483
2020-04-09 16:42:00,-0.31334115111718575
2020-04-09 16:45:00,-0.30219869696543356
2020-04-09 16:48:00,-0.4019446813269383
2020-04-09 16:51:00,-0.3376843153501454
2020-04-09 16:54:00,-0.4199967555842363
2020-04-09 16:57:00,-0.3849834923324238
2020-04-09 17:00:00,-0.360968346733614
2020-04-09 17:03:00,-0.32874638784505805
2020-04-09 17:06:00,-0.37282092849261517
2020-04-09 17:09:00,-0.32552265155635496
2020-04-09 17:12:00,-0.2838569511588389
2020-04-09 17:15:00,-0.25447639668914235
2020-04-09 17:18:00,-0.24026511239213733
2020-04-09 17:21:00,-0.1469886660852353
2020-04-09 17:24:00,-0.23222914016088225
2020-04-09 17:27:00,-0.30675149400377677
2020-04-09 17:30:00,-0.21200118994454442
2020-04-09 17:33:00,-0.2279454958812721
2020-04-09 17:36:00,-0.2634474214820557
2020-04-09 17:39:00,-0.27374123161109765
2020-04-09 17:42:00,-0.23569890276809247
2020-04-09 17:45:00,-0.194273078685967
2020-04-09 17:48:00,-0.22915766777896351
2020-04-09 17:51:00,-0.1933641982802783
2020-04-09 17:54:00,-0.23866822392022868
2020-04-09 17:57:00,-0.2414956777312227
2020-04-09 18:00:00,-0.20740704179212344
2020-04-09 18:03:00,-0.22994343204800316
2020-04-09 18:06:00,-0.22979475013346473
2020-04-09 18:09:00,-0.1951186551441424
2020-04-09 18:12:00,-0.11006440421732577
2020-04-09 18:15:00,-0.23689102749096946
2020-04-09 18:18:00,-0.2028695277656425
2020-04-09 18:21:00,-0.16433737822057992
2020-04-09 18:24:00,-0.18547606858470544
2020-04-09 18:27:00,-0.13777682318607276
2020-04-09 18:30:00,-0.14891293907021463
2020-04-09 18:33:00,-0.04011916070254529
2020-04-09 18:36:00,-0.18032529705186562
2020-04-09 18:39:00,0.059614165178231815
2020-04-09 18:42:00,-0.07350448750656824
2020-04-09 18:45:00,0.02628876907465383
2020-04-09 18:48:00,0.014081598583857158
2020-04-09 18:51:00,-0.08401909017612752
2020-04-09 18:54:00,-0.08354704198006857
2020-04-09 18:57:00,
2020-04-09 19:00:00,
2020-04-09 19:03:00,-0.13142208354702234
2020-04-09 19:06:00,-0.017944216669832258
2020-04-09 19:09:00,-0.15737200787356187
2020-04-09 19:12:00,-0.13398854819632788
2020-04-09 19:15:00,-0.09576990048037715
2020-04-09 19:18:00,-0.07924422775880657
2020-04-09 19:21:00,-0.09973625350278326
2020-04-09 19:24:00,0.017088659471937717
2020-04-09 19:27:00,-0.011425786963798146
2020-04-09 19:30:00,-0.06921468747680137
2020-04-09 19:33:00,-0.09763669693387556
2020-04-09 19:36:00,-0.024864146473305482
2020-04-09 19:39:00,-0.1311680475428716
2020-04-09 19:42:00,0.030405880749071912
2020-04-09 19:45:00,-0.04509523929164061
2020-04-09 19:48:00,-0.0014709935815062636
2020-04-09 19:51:00,0.049035363212681204
2020-04-09 19:54:00,0.08432899611756284
2020-04-09 19:57:00,-0.011360027361376979
2020-04-09 20:00:00,0.02553062353780433
2020-04-09 20:03:00,0.02574385681396052
2020-04-09 20:06:00,-0.02345684218386168
2020-04-09 20:09:00,0.10742142256134457
2020-04-09 20:12:00,0.09118997792540995
2020-04-09 20:15:00,0.07008662350460781
2020-04-09 20:18:00,0.04115713883453509
2020-04-09 20:21:00,0.055084411090433605
2020-04-09 20:24:00,0.14440232534229835
2020-04-09 20:27:00,0.09152001014354028
2020-04-09 20:30:00,0.20225954051130657
2020-04-09 20:33:00,0.09248890589992698
2020-04-09 20:36:00,0.1547273666045612
2020-04-09 20:39:00,0.210223082979212
2020-04-09 20:42:00,0.1294623731782849
2020-04-09 20:45:00,0.09293110374375146
2020-04-09 20:48:00,0.10111894394680121
2020-04-09 20:51:00,0.09366581306159105
2020-04-09 20:54:00,0.0958271071314698
2020-04-09 20:57:00,0.07853251512273118
2020-04-09 21:00:00,0.045883977436119494
2020-04-09 21:03:00,0.1911945725556734
2020-04-09 21:06:00,0.0922299893598506
2020-04-09 21:09:00,0.03610413852845795
2020-04-09 21:12:00,0.12686038869190952
2020-04-09 21:15:00,0.09361173983859317
2020-04-09 21:18:00,0.15376012810696693
2020-04-09 21:21:00,0.15607403922746244
2020-04-09 21:24:00,0.12361110927872687
2020-04-09 21:27:00,0.18739154184595463
2020-04-09 21:30:00,0.13012315171459932
2020-04-09 21:33:00,0.17335908879732642
2020-04-09 21:36:00,0.09206084715521001
2020-04-09 21:39:00,0.20406307851521888
2020-04-09 21:42:00,0.1137612107332302
2020-04-09 21:45:00,0.06973622480313679
2020-04-09 21:48:00,0.16440667493139927
2020-04-09 21:51:00,0.13192366774580933
2020-04-09 21:54:00,0.10440647324486463
2020-04-09 21:57:00,0.04001853061163274
2020-04-09 22:00:00,0.038869569291705375
2020-04-09 22:03:00,0.05682863771647817
2020-04-09 22:06:00,0.02960442964814547
2020-04-09 22:09:00,0.04325543494775275
2020-04-09 22:12:00,0.039488551521060344
2020-04-09 22:15:00,0.05586577433905404
2020-04-09 22:18:00,0.03550195719429894
2020-04-09 22:21:00,0.006071160605870318
2020-04-09 22:24:00,0.020198192824693706
2020-04-09 22:27:00,0.13609212318124264
2020-04-09 22:30:00,0.16503270599559983
2020-04-09 22:33:00,0.13012052747791358
2020-04-09 22:36:00,0.15045692200749272
2020-04-09 22:39:00,0.17875685873497105
2020-04-09 22:42:00,0.14100544273821924
2020-04-09 22:45:00,0.09681842810829266
2020-04-09 22:48:00,0.1218311994502983
2020-04-09 22:51:00,0.16557485525447646
2020-04-09 22:54:00,0.09774698803761339
2020-04-09 22:57:00,0.24537335531636018
2020-04-09 23:00:00,0.12308472316607322
2020-04-09 23:03:00,0.21163926244008735
2020-04-09 23:06:00,0.21180407880950725
2020-04-09 23:09:00,0.12759164667915002
2020-04-09 23:12:00,0.18019921124141547
2020-04-09 23:15:00,0.20786618543831992
2020-04-09 23:18:00,0.27857340162398714
2020-04-09 23:21:00,0.2616510971444086
2020-04-09 23:24:00,0.22068501637994586
2020-04-09 23:27:00,0.18005569682406986
2020-04-09 23:30:00,0.2215407043876212
2020-04-09 23:33:00,0.1841416558066271
2020-04-09 23:36:00,0.14775303975790166
2020-04-09 23:39:00,0.13931657760184635
2020-04-09 23:42:00,0.12996438047974834
2020-04-09 23:45:00,0.13170273302955593
2020-04-09 23:48:00,0.09274337569883073
2020-04-09 23:51:00,0.12066908804348486
2020-04-09 23:54:00,0.219162116908592
2020-04-09 23:57:00,0.16956640762424513
2020-04-10 00:00:00,0.07450866513420351
2020-04-10 00:03:00,0.2916237651089091
2020-04-10 00:06:00,0.21715983240409287
2020-04-10 00:09:00,0.22308877789635062
2020-04-10 00:12:00,0.19152532424072888
2020-04-10 00:15:00,0.22490300786091666
2020-04-10 00:18:00,0.2230920351174177
2020-04-10 00:21:00,0.1622729220454744
2020-04-10 00:24:00,0.21736446340776183
2020-04-10 00:27:00,0.09912514918676152
2020-04-10 00:30:00,0.20266156128803914
2020-04-10 00:33:00,0.1074076846239791
2020-04-10 00:36:00,0.14943762152421414
2020-04-10 00:39:00,0.2062582958827761
2020-04-10 00:42:00,0.08347445602703374
2020-04-10 00:45:00,0.1867594958537211
2020-04-10 00:48:00,0.2516643675280079
2020-04-10 00:51:00,0.29153920239474473
2020-04-10 00:54:00,0.2142146426039062
2020-04-10 00:57:00,0.14674497349227522
2020-04-10 01:00:00,0.14377940151479152
2020-04-10 01:03:00,0.12671225954642296
2020-04-10 01:06:00,0.13018181885331614
2020-04-10 01:09:00,0.15050542298325809
2020-04-10 01:12:00,0.06106920187795595
2020-04-10 01:15:00,0.1417697999393681
2020-04-10 01:18:00,0.15666667118091482
2020-04-10 01:21:00,0.10224912336389025
2020-04-10 01:24:00,0.19079878060421152
2020-04-10 01:27:00,0.08993683084605664
2020-04-10 01:30:00,0.10473968968852887
2020-04-10 01:33:00,0.11544083428702834
2020-04-10 01:36:00,0.1789483123698119
2020-04-10 01:39:00,0.15889540107804123
2020-04-10 01:42:00,0.1253370222894432
2020-04-10 01:45:00,0.15618113697968283
2020-04-10 01:48:00,0.19746993438593563
2020-04-10 01:51:00,0.1378183290298125
2020-04-10 01:54:00,0.2542101323118686
2020-04-10 01:57:00,0.1481037336517943
2020-04-10 02:00:00,0.23274783048867675
2020-04-10 02:03:00,0.21883348073436082
2020-04-10 02:06:00,0.23972265220658073
2020-04-10 02:09:00,0.09742866762593394
2020-04-10 02:12:00,0.23172769832206086
2020-04-10 02:15:00,0.17379102248202116
2020-04-10 02:18:00,0.145190476099458
2020-04-10 02:21:00,0.12714671164474112
2020-04-10 02:24:00,0.17538806847005617
2020-04-10 02:27:00,0.27345980011278925
2020-04-10 02:30:00,0.15601943547437713
2020-04-10 02:33:00,0.1594082983395424
2020-04-10 02:36:00,0.12545481976133033
2020-04-10 02:39:00,0.21214074386745096
2020-04-10 02:42:00,0.12653837765748221
2020-04-10 02:45:00,0.15847591035202413
2020-04-10 02:48:00,0.24085044029425262
2020-04-10 02:51:00,0.1468353408520784
2020-04-10 02:54:00,0.12267610485093883
2020-04-10 02:57:00,0.22026685930910617
2020-04-10 03:00:00,0.07543674231919795
2020-04-10 03:03:00,0.08581890992348917
2020-04-10 03:06:00,0.18834058665521525
2020-04-10 03:09:00,0.1767562465647643
2020-04-10 03:12:00,0.1888513652353936
2020-04-10 03:15:00,0.15832742574502845
2020-04-10 03:18:00,0.21248805070598564
2020-04-10 03:21:00,0.10387491945579086
2020-04-10 03:24:00,0.0558845198374911
2020-04-10 03:27:00,0.14463885351983663
2020-04-10 03:30:00,0.19210741022322964
2020-04-10 03:33:00,0.20465061792572214
2020-04-10 03:36:00,0.2686948849874966
2020-04-10 03:39:00,0.12918070660475678
2020-04-10 03:42:00,0.09117096464416363
2020-04-10 03:45:00,0.17841933482151262
2020-04-10 03:48:00,0.2687196326571666
2020-04-10 03:51:00,0.22646876661218585
2020-04-10 03:54:00,0.21220909006382271
2020-04-10 03:57:00,0.1886334884269445
2020-04-10 04:00:00,0.3142405682286835
2020-04-10 04:03:00,0.25218239640128104
2020-04-10 04:06:00,0.1742513691960994
2020-04-10 04:09:00,0.2213294902984444
2020-04-10 04:12:00,0.11633058500234483
2020-04-10 04:15:00,0.2405269028189423
2020-04-10 04:18:00,0.22564103514207545
2020-04-10 04:21:00,0.2384900074964662
2020-04-10 04:24:00,0.2786888893239734
2020-04-10 04:27:00,0.19965165293268683
2020-04-10 04:30:00,0.2760462379547448
2020-04-10 04:33:00,0.2683596868746463
2020-04-10 04:36:00,0.24076516665240888
2020-04-10 04:39:00,0.18543857050087809
2020-04-10 04:42:00,0.20360036069132548
2020-04-10 04:45:00,0.17566541881939202
2020-04-10 04:48:00,0.2613814795338385
2020-04-10 04:51:00,0.22161048542159278
2020-04-10 04:54:00,0.20691550877893405
2020-04-10 04:57:00,0.18219911683758028
2020-04-10 05:00:00,0.17347223618457974
2020-04-10 05:03:00,0.2045492919576759
2020-04-10 05:06:00,0.11589275992537296
2020-04-10 05:09:00,0.28111319989130834
2020-04-10 05:12:00,0.2423462829887626
2020-04-10 05:15:00,0.21598651351303033
2020-04-10 05:18:00,0.2155218833380559
2020-04-10 05:21:00,0.18845873092936927
2020-04-10 05:24:00,0.31477987069445135
2020-04-10 05:27:00,0.31975126851097
2020-04-10 05:30:00,0.307818866938419
2020-04-10 05:33:00,0.3382896834044118
2020-04-10 05:36:00,0.27570719455729886
2020-04-10 05:39:00,0.20165430338107626
2020-04-10 05:42:00,0.3408831459948374
2020-04-10 05:45:00,0.25339792352644963
2020-04-10 05:48:00,0.3880754352912277
2020-04-10 05:51:00,0.24579335301427818
2020-04-10 05:54:00,0.16248437808940253
2020-04-10 05:57:00,0.3284199934635694
2020-04-10 06:00:00,0.40272977210349836
2020-04-10 06:03:00,0.3191971408900258
2020-04-10 06:06:00,0.34511886489974586
2020-04-10 06:09:00,0.27321201000370365
2020-04-10 06:12:00,0.23151097105687768
2020-04-10 06:15:00,0.25006846163341834
2020-04-10 06:18:00,0.3367339260316271
2020-04-10 06:21:00,0.2959954221304315
2020-04-10 06:24:00,0.23823990081478996
2020-04-10 06:27:00,0.34617391813048926
2020-04-10 06:30:00,0.30364882426448503
2020-04-10 06:33:00,0.3052838819550061
2020-04-10 06:36:00,0.2457468716979747
2020-04-10 06:39:00,0.3318893270614467
2020-04-10 06:42:00,0.1980059835927932
2020-04-10 06:45:00,0.2827508416434057
2020-04-10 06:48:00,0.30430028504861184
2020-04-10 06:51:00,0.33825773177261453
2020-04-10 06:54:00,0.40611402474996794
2020-04-10 06:57:00,0.3052950585552594
2020-04-10 07:00:00,0.3640657113028283
2020-04-10 07:03:00,0.342227004363167
2020-04-10 07:06:00,0.3357315772329912
2020-04-10 07:09:00,0.2976083460894188
2020-04-10 07:12:00,0.3052806308917866
2020-04-10 07:15:00,0.2991621177860111
2020-04-10 07:18:00,0.26177197742958924
2020-04-10 07:21:00,0.3014297279456173
2020-04-10 07:24:00,0.3300045296041958
2020-04-10 07:27:00,0.2731654924716622
2020-04-10 07:30:00,0.27261154971245105
2020-04-10 07:33:00,0.27893566057139196
2020-04-10 07:36:00,0.21917773885837732
2020-04-10 07:39:00,0.27713568123391497
2020-04-10 07:42:00,0.27920568251568056
2020-04-10 07:45:00,0.20671179272778772
2020-04-10 07:48:00,0.34373210658674225
2020-04-10 07:51:00,0.244406772615946
2020-04-10 07:54:00,0.27836308388765474
2020-04-10 07:57:00,0.25581423820909777
2020-04-10 08:00:00,0.2466246777428296
2020-04-10 08:03:00,0.259764366910872
2020-04-10 08:06:00,0.3317016092330505
2020-04-10 08:09:00,0.2793702729650249
2020-04-10 08:12:00,0.2185639578370342
2020-04-10 08:15:00,0.22531067504286284
2020-04-10 08:18:00,0.12194640665535417
2020-04-10 08:21:00,0.18362941992495507
2020-04-10 08:24:00,0.2192140034807153
2020-04-10 08:27:00,0.10267362221594567
2020-04-10 08:30:00,0.26468390289414856
2020-04-10 08:33:00,0.24292546820669259
2020-04-10 08:36:00,0.1867582905214249
2020-04-10 08:39:00,0.18940475414638058
2020-04-10 08:42:00,0.11090313213492209
2020-04-10 08:45:00,0.18559345634594138
2020-04-10 08:48:00,0.13671363206469778
2020-04-10 08:51:00,0.11250379332324201
2020-04-10 08:54:00,0.12340474268842172
2020-04-10 08:57:00,0.17728008348296953
2020-04-10 09:00:00,0.11937343466928496
2020-04-10 09:03:00,0.17452440481815756
2020-04-10 09:06:00,0.17996334617458842
2020-04-10 09:09:00,0.03102243257040982
2020-04-10 09:12:00,0.19590412390294887
2020-04-10 09:15:00,0.20438935990222262
2020-04-10 09:18:00,0.17146293665069834
2020-04-10 09:21:00,0.17408754055969666
2020-04-10 09:24:00,0.1685637506097919
2020-04-10 09:27:00,0.1732846631701932
2020-04-10 09:30:00,0.18921606803706936
2020-04-10 09:33:00,0.13268834380482986
2020-04-10 09:36:00,0.044887779431292074
2020-04-10 09:39:00,0.014399646945150835
2020-04-10 09:42:00,0.0655012131364856
2020-04-10 09:45:00,0.06324442074514991
2020-04-10 09:48:00,0.16747141936747312
2020-04-10 09:51:00,0.07293678523376457
2020-04-10 09:54:00,0.10393065302400828
2020-04-10 09:57:00,0.04735556133510954
2020-04-10 10:00:00,0.12144529201333398
2020-04-10 10:03:00,0.04362053652772602
2020-04-10 10:06:00,0.12878967747786874
2020-04-10 10:09:00,0.1343928307539386
2020-04-10 10:12:00,0.17092085850572403
2020-04-10 10:15:00,0.1190866520646523
2020-04-10 10:18:00,0.005056723190648427
2020-04-10 10:21:00,0.02950874415466842
2020-04-10 10:24:00,0.04733941515803508
2020-04-10 10:27:00,-0.03468929031953394
2020-04-10 10:30:00,-0.09995107253956803
2020-04-10 10:33:00,-0.04701199500630082
2020-04-10 10:36:00,-0.0572213356323914
2020-04-10 10:39:00,-0.18627273384373666
2020-04-10 10:42:00,-0.1449752377166078
2020-04-10 10:45:00,0.018714733510364567
2020-04-10 10:48:00,-0.08932796889905603
2020-04-10 10:51:00,-0.09883146805003662
2020-04-10 10:54:00,-0.039509815495023304
2020-04-10 10:57:00,-0.05156550736222698
2020-04-10 11:00:00,0.05251112760470278
2020-04-10 11:03:00,-0.026914088826458737
2020-04-10 11:06:00,-0.14962105047771956
2020-04-10 11:09:00,-0.08750447551193474
2020-04-10 11:12:00,-0.19300133782542161
2020-04-10 11:15:00,-0.04194417229842884
2020-04-10 11:18:00,0.0017984595025950512
2020-04-10 11:21:00,0.01176068014615339
2020-04-10 11:24:00,-0.03972721443210503
2020-04-10 11:27:00,0.04474285132079103
2020-04-10 11:30:00,0.020931983406455856
2020-04-10 11:33:00,0.02516059630681866
2020-04-10 11:36:00,0.03572005445192872
2020-04-10 11:39:00,0.17397820853301482
2020-04-10 11:42:00,0.21175070548531494
2020-04-10 11:45:00,0.12994312711248313
2020-04-10 11:48:00,0.07226748278355899
2020-04-10 11:51:00,0.06391545048956004
2020-04-10 11:54:00,-0.0354638786382111
2020-04-10 11:57:00,-0.0646206223911463
2020-04-10 12:00:00,-0.11981532545951268
2020-04-10 12:03:00,-0.06477199700179881
2020-04-10 12:06:00,-0.10062377465675354
2020-04-10 12:09:00,-0.22219306280072715
2020-04-10 12:12:00,-0.03854128702869275
2020-04-10 12:15:00,-0.16255014735929763
2020-04-10 12:18:00,-0.16657984792698244
2020-04-10 12:21:00,-0.22969467743496352
2020-04-10 12:24:00,-0.13806358164237054
2020-04-10 12:27:00,-0.28400423393543406
2020-04-10 12:30:00,-0.16050928064169057
2020-04-10 12:33:00,-0.20725292090332914
2020-04-10 12:36:00,-0.2648510884084203
2020-04-10 12:39:00,-0.2953695916540937
2020-04-10 12:42:00,-0.21292469937662872
2020-04-10 12:45:00,-0.28436379020462255
2020-04-10 12:48:00,-0.3334361163247763
2020-04-10 12:51:00,-0.2893389603688661
2020-04-10 12:54:00,-0.2903251111308123
2020-04-10 12:57:00,-0.2946054207317843
2020-04-10 13:00:00,-0.24108271448898222
2020-04-10 13:03:00,-0.3013018792202615
2020-04-10 13:06:00,-0.27636521166448347
2020-04-10 13:09:00,-0.26783559245592414
2020-04-10 13:12:00,-0.2736895423636838
2020-04-10 13:15:00,-0.2632391014457198
2020-04-10 13:18:00,-0.2533129072996303
2020-04-10 13:21:00,-0.34316651783410634
2020-04-10 13:24:00,-0.3064134668693441
2020-04-10 13:27:00,-0.3333842537636542
2020-04-10 13:30:00,-0.36305483177818587
2020-04-10 13:33:00,-0.3558693661688608
2020-04-10 13:36:00,-0.3922453030079396
2020-04-10 13:39:00,-0.34867850495845687
2020-04-10 13:42:00,-0.34254051197262925
2020-04-10 13:45:00,-0.25869626426060677
2020-04-10 13:48:00,-0.3461337413692718
2020-04-10 13:51:00,-0.40694733020484364
2020-04-10 13:54:00,-0.3521750247658133
2020-04-10 13:57:00,-0.3856476524612731
2020-04-10 14:00:00,-0.40519696940037875
2020-04-10 14:03:00,-0.4138888003814145
2020-04-10 14:06:00,-0.37876739108492075
2020-04-10 14:09:00,-0.44642613765972783
2020-04-10 14:12:00,-0.33262489643328763
2020-04-10 14:15:00,-0.322284886894181
2020-04-10 14:18:00,-0.405864139927985
2020-04-10 14:21:00,-0.43235505725363055
2020-04-10 14:24:00,-0.32952520588332845
2020-04-10 14:27:00,-0.35683514639822533
2020-04-10 14:30:00,-0.34675855682996826
2020-04-10 14:33:00,-0.45726436384398994
2020-04-10 14:36:00,-0.43698460201494527
2020-04-10 14:39:00,-0.4515932297309746
2020-04-10 14:42:00,-0.5018608960168081
2020-04-10 14:45:00,-0.446409814868332
2020-04-10 14:48:00,-0.3214898117329881
2020-04-10 14:51:00,-0.31183311965253324
2020-04-10 14:54:00,-0.2994959608225827
2020-04-10 14:57:00,-0.234191526160771
2020-04-10 15:00:00,-0.19397993265999958
2020-04-10 15:03:00,-0.30092740478556834
2020-04-10 15:06:00,-0.2547800855069795
2020-04-10 15:09:00,-0.16312291951965108
2020-04-10 15:12:00,-0.11229108922265141
2020-04-10 15:15:00,-0.11460799956375922
2020-04-10 15:18:00,-0.19834533909050833
2020-04-10 15:21:00,-0.04386382615365392
2020-04-10 15:24:00,-0.10827175466164363
2020-04-10 15:27:00,-0.18295091930286844
2020-04-10 15:30:00,-0.07491309650504263
2020-04-10 15:33:00,-0.19399626830374928
2020-04-10 15:36:00,-0.13851240176103374
2020-04-10 15:39:00,-0.0806837659673647
2020-04-10 15:42:00,-0.12245289092066969
2020-04-10 15:45:00,-0.2647543687805296
2020-04-10 15:48:00,-0.26990460463156296
2020-04-10 15:51:00,-0.14700859485839146
2020-04-10 15:54:00,-0.2475632826009928
2020-04-10 15:57:00,-0.3115786843163164
2020-04-10 16:00:00,-0.3276756585859175
2020-04-10 16:03:00,-0.24247798453018277
2020-04-10 16:06:00,-0.2576292567061955
2020-04-10 16:09:00,-0.26408466434730826
2020-04-10 16:12:00,-0.3406722699542115
2020-04-10 16:15:00,-0.3209184556785658
2020-04-10 16:18:00,-0.29390467963906985
2020-04-10 16:21:00,-0.341214527388388
2020-04-10 16:24:00,-0.1727263514296169
2020-04-10 16:27:00,0.018500990438610643
2020-04-10 16:30:00,0.1181704623047608
2020-04-10 16:33:00,0.13242754467972873
2020-04-10 16:36:00,0.06941274771145345
2020-04-10 16:39:00,0.2945374965895553
2020-04-10 16:42:00,0.28444554143311507
2020-04-10 16:45:00,0.21263760681165422
2020-04-10 16:48:00,0.2378326717663981
2020-04-10 16:51:00,0.28442484154965086
2020-04-10 16:54:00,0.28822105219626337
2020-04-10 16:57:00,0.17724583554354467
2020-04-10 17:00:00,0.2192117707029979
2020-04-10 17:03:00,0.2506794243435593
2020-04-10 17:06:00,0.17925039848915958
2020-04-10 17:09:00,0.15877130698999053
2020-04-10 17:12:00,0.2452451756906271
2020-04-10 17:15:00,0.2146751954080628
2020-04-10 17:18:00,0.28470336283061215
2020-04-10 17:21:00,0.34027032393231593
2020-04-10 17:24:00,0.34153434632071367
2020-04-10 17:27:00,0.16358669852905905
2020-04-10 17:30:00,-0.010752116804667367
2020-04-10 17:33:00,-0.09264454291809443
2020-04-10 17:36:00,-0.011735395186576625
2020-04-10 17:39:00,-0.02251351217495312
2020-04-10 17:42:00,0.04583933639798943
2020-04-10 17:45:00,0.06908024036044935
2020-04-10 17:48:00,0.10183570674865905
2020-04-10 17:51:00,0.08867464191530416
2020-04-10 17:54:00,0.11381915564817291
2020-04-10 17:57:00,0.13795594800626532
2020-04-10 18:00:00,0.18641369550442732
2020-04-10 18:03:00,0.18244524078107816
2020-04-10 18:06:00,0.1847874788105628
2020-04-10 18:09:00,0.20293527871262995
2020-04-10 18:12:00,0.18440892233746808
2020-04-10 18:15:00,0.13775695230924612
2020-04-10 18:18:00,0.1087147503613437
2020-04-10 18:21:00,0.16757979550339996
2020-04-10 18:24:00,0.2725175249126437
2020-04-10 18:27:00,0.18494355163517184
2020-04-10 18:30:00,0.15230234643490803
2020-04-10 18:33:00,0.18999747859635363
2020-04-10 18:36:00,0.14000085696073938
2020-04-10 18:39:00,0.09340441607520233
2020-04-10 18:42:00,0.15138753206070987
2020-04-10 18:45:00,0.18704314672140754
2020-04-10 18:48:00,0.21917011596383418
2020-04-10 18:51:00,0.31604511743796593
2020-04-10 18:54:00,
2020-04-10 18:57:00,
2020-04-10 19:00:00,
2020-04-10 19:03:00,0.47193394138145095
2020-04-10 19:06:00,0.4635808786658231
2020-04-10 19:09:00,0.552575283240003
2020-04-10 19:12:00,0.5616063499674624
2020-04-10 19:15:00,0.44064527953446486
2020-04-10 19:18:00,0.4960980044842245
2020-04-10 19:21:00,0.39308645621906635
2020-04-10 19:24:00,0.4560918385374748
2020-04-10 19:27:00,0.506172636306303
2020-04-10 19:30:00,0.32283813565345554
2020-04-10 19:33:00,0.24704252576776753
2020-04-10 19:36:00,0.20770509594552777
2020-04-10 19:39:00,0.277600694739931
2020-04-10 19:42:00,0.09366445753778407
2020-04-10 19:45:00,0.12622696801366828
2020-04-10 19:48:00,0.18516267339543901
2020-04-10 19:51:00,0.15150313241571212
2020-04-10 19:54:00,0.13145382114748827
2020-04-10 19:57:00,0.14677481412292082
2020-04-10 20:00:00,0.24639410067788958
2020-04-10 20:03:00,0.12081323112357722
2020-04-10 20:06:00,0.07253631764558577
2020-04-10 20:09:00,0.085021731399479
2020-04-10 20:12:00,0.10640469386271434
2020-04-10 20:15:00,0.10736673374577776
2020-04-10 20:18:00,0.19792190621450345
2020-04-10 20:21:00,0.14590256802136992
2020-04-10 20:24:00,0.10473481252597594
2020-04-10 20:27:00,0.13554458988619444
2020-04-10 20:30:00,0.1839732876219955
2020-04-10 20:33:00,0.1446493305549552
2020-04-10 20:36:00,0.18880558288316251
2020-04-10 20:39:00,0.10418727880556844
2020-04-10 20:42:00,0.11713298741619838
2020-04-10 20:45:00,0.22348377969728972
2020-04-10 20:48:00,0.13920981274640098
2020-04-10 20:51:00,0.20935624334657632
2020-04-10 20:54:00,0.18880290908714414
2020-04-10 20:57:00,0.21512028950201056
2020-04-10 21:00:00,0.10716454723950619
2020-04-10 21:03:00,0.04445457572256828
2020-04-10 21:06:00,0.10222217124857025
2020-04-10 21:09:00,0.009577874967931166
2020-04-10 21:12:00,0.17927976725985673
2020-04-10 21:15:00,0.0803717485089237
2020-04-10 21:18:00,0.189818171631714
2020-04-10 21:21:00,0.1348511689558336
2020-04-10 21:24:00,0.1333128281762015
2020-04-10 21:27:00,0.09412105917328972
2020-04-10 21:30:00,0.07293069199295132
2020-04-10 21:33:00,0.05294754639510302
2020-04-10 21:36:00,0.04886780104584432
2020-04-10 21:39:00,0.0625462753620809
2020-04-10 21:42:00,0.164481130158606
2020-04-10 21:45:00,0.13800594500776242
2020-04-10 21:48:00,0.05763133098162143
2020-04-10 21:51:00,0.04137576474016669
2020-04-10 21:54:00,0.0758156323021808
2020-04-10 21:57:00,0.12995022755308128
2020-04-10 22:00:00,0.10238019531061582
2020-04-10 22:03:00,0.1855614905024936
2020-04-10 22:06:00,0.28121791803977203
2020-04-10 22:09:00,0.23368665513044107
2020-04-10 22:12:00,0.20613954485787644
2020-04-10 22:15:00,0.12527829569921778
2020-04-10 22:18:00,0.1856410609783552
2020-04-10 22:21:00,0.2057065333598871
2020-04-10 22:24:00,0.2614432257552721
2020-04-10 22:27:00,0.24204728393038977
2020-04-10 22:30:00,0.12605272233969345
2020-04-10 22:33:00,0.1643628552761811
2020-04-10 22:36:00,0.16559403495523384
2020-04-10 22:39:00,0.1918946701114237
2020-04-10 22:42:00,0.1986030329472328
2020-04-10 22:45:00,0.19222726304417392
2020-04-10 22:48:00,0.21445140932888762
2020-04-10 22:51:00,0.11474736762568227
2020-04-10 22:54:00,0.16333430725103426
2020-04-10 22:57:00,0.1806030100191265
2020-04-10 23:00:00,0.18173087252426967
2020-04-10 23:03:00,0.05880248708041336
2020-04-10 23:06:00,0.04147433878449647
2020-04-10 23:09:00,0.004311688348991538
2020-04-10 23:12:00,0.15819507452317794
2020-04-10 23:15:00,0.025253290278612894
2020-04-10 23:18:00,0.06336664721629859
2020-04-10 23:21:00,0.0780344884805686
2020-04-10 23:24:00,0.036576020478662485
2020-04-10 23:27:00,0.012857438358423678
2020-04-10 23:30:00,0.18358139963737585
2020-04-10 23:33:00,0.020137851380184202
2020-04-10 23:36:00,0.09719888255426667
2020-04-10 23:39:00,-0.02104144857457868
2020-04-10 23:42:00,0.08603285191287569
2020-04-10 23:45:00,0.11114581918724298
2020-04-10 23:48:00,-0.047109450982418366
2020-04-10 23:51:00,0.03836385536197895
2020-04-10 23:54:00,0.06365936318553622
2020-04-10 23:57:00,0.1219693952630223
2020-04-11 00:00:00,0.19038965721432533
2020-04-11 00:03:00,0.021859596403260184
2020-04-11 00:06:00,0.040699172345682655
2020-04-11 00:09:00,0.11636697608088298
2020-04-11 00:12:00,0.13178417530934894
2020-04-11 00:15:00,0.13950463613969077
2020-04-11 00:18:00,0.09104366771981631
2020-04-11 00:21:00,-0.0019773024297364827
2020-04-11 00:24:00,0.04371702502152175
2020-04-11 00:27:00,0.027411169665356283
2020-04-11 00:30:00,0.12964545297575114
2020-04-11 00:33:00,0.2202966262138375
2020-04-11 00:36:00,0.20920374159771882
2020-04-11 00:39:00,0.15784711793708084
2020-04-11 00:42:00,0.22217512211449275
2020-04-11 00:45:00,0.13055976122160473
2020-04-11 00:48:00,0.22068400358818963
2020-04-11 00:51:00,0.2318852617875109
2020-04-11 00:54:00,0.208484820949991
2020-04-11 00:57:00,0.19819926208316474
2020-04-11 01:00:00,0.23938215077907898
2020-04-11 01:03:00,0.2723509826300301
2020-04-11 01:06:00,0.30518322727101577
2020-04-11 01:09:00,0.3204397962029475
2020-04-11 01:12:00,0.3079871829531271
2020-04-11 01:15:00,0.3701345478467033
2020-04-11 01:18:00,0.3711923659992067
2020-04-11 01:21:00,0.3437472626955582
2020-04-11 01:24:00,0.297771537388428
2020-04-11 01:27:00,0.2800046127377982
2020-04-11 01:30:00,0.2670538196838379
2020-04-11 01:33:00,0.29094260467496724
2020-04-11 01:36:00,0.2644874127101957
2020-04-11 01:39:00,0.19052220196834924
2020-04-11 01:42:00,0.15991135835639625
2020-04-11 01:45:00,0.1764652232664048
2020-04-11 01:48:00,0.18252811804819657
2020-04-11 01:51:00,0.23280281302538697
2020-04-11 01:54:00,0.2867483285342587
2020-04-11 01:57:00,0.15136192223440048
2020-04-11 02:00:00,0.21537667947541195
2020-04-11 02:03:00,0.2160857842758901
2020-04-11 02:06:00,0.13032602404297222
2020-04-11 02:09:00,0.25411942728715076
2020-04-11 02:12:00,0.23290713118933581
2020-04-11 02:15:00,0.1812269607569874
2020-04-11 02:18:00,0.15934934926866617
2020-04-11 02:21:00,0.14712196097457308
2020-04-11 02:24:00,0.19793853275376705
2020-04-11 02:27:00,0.33528537842659034
2020-04-11 02:30:00,0.29080452743681917
2020-04-11 02:33:00,0.2763924828112181
2020-04-11 02:36:00,0.32037418604915047
2020-04-11 02:39:00,0.29062894607699263
2020-04-11 02:42:00,0.16457831503828402
2020-04-11 02:45:00,0.2560169205087277
2020-04-11 02:48:00,0.21795813543161557
2020-04-11 02:51:00,0.25530539164105903
2020-04-11 02:54:00,0.2861782674171991
2020-04-11 02:57:00,0.2598461815380233
2020-04-11 03:00:00,0.3106218222020516
2020-04-11 03:03:00,0.3100999764222365
2020-04-11 03:06:00,0.2549817640440324
2020-04-11 03:09:00,0.2612587640982724
2020-04-11 03:12:00,0.22173236241695804
2020-04-11 03:15:00,0.2805129794709842
2020-04-11 03:18:00,0.35725146283976983
2020-04-11 03:21:00,0.34418200198723525
2020-04-11 03:24:00,0.3641630320851732
2020-04-11 03:27:00,0.3399423064001894
2020-04-11 03:30:00,0.3440723986072953
2020-04-11 03:33:00,0.3186072217907281
2020-04-11 03:36:00,0.28153675817975454
2020-04-11 03:39:00,0.35767108292003513
2020-04-11 03:42:00,0.32588960151628044
2020-04-11 03:45:00,0.3977209880714554
2020-04-11 03:48:00,0.4618371446997571
2020-04-11 03:51:00,0.39941656030100603
2020-04-11 03:54:00,0.3768467886028475
2020-04-11 03:57:00,0.42033515241348596
2020-04-11 04:00:00,0.3813015133505928
2020-04-11 04:03:00,0.48952506800799256
2020-04-11 04:06:00,0.4936506596522463
2020-04-11 04:09:00,0.4381570686225018
2020-04-11 04:12:00,0.41779641097537024
2020-04-11 04:15:00,0.44017352491141537
2020-04-11 04:18:00,0.39310847842261865
2020-04-11 04:21:00,0.4114125973811724
2020-04-11 04:24:00,0.43226981355502403
2020-04-11 04:27:00,0.3549347686164879
2020-04-11 04:30:00,0.48396854755009144
2020-04-11 04:33:00,0.48467270916347616
2020-04-11 04:36:00,0.4934204461064269
2020-04-11 04:39:00,0.5354301481027051
2020-04-11 04:42:00,0.564633292328665
2020-04-11 04:45:00,0.5291664767177053
2020-04-11 04:48:00,0.5979992707628412
2020-04-11 04:51:00,0.5282788234525242
2020-04-11 04:54:00,0.5766992145476024
2020-04-11 04:57:00,0.5568148456210906
2020-04-11 05:00:00,0.569631106580232
2020-04-11 05:03:00,0.5525784033023342
2020-04-11 05:06:00,0.5422171807073255
2020-04-11 05:09:00,0.5667178498848671
2020-04-11 05:12:00,0.6462992188409658
2020-04-11 05:15:00,0.6325446257940257
2020-04-11 05:18:00,0.5556153858868811
2020-04-11 05:21:00,0.5321381298587653
2020-04-11 05:24:00,0.5364813459940478
2020-04-11 05:27:00,0.491842174026317
2020-04-11 05:30:00,0.516158460180975
2020-04-11 05:33:00,0.45597500269366265
2020-04-11 05:36:00,0.5614579244353308
2020-04-11 05:39:00,0.5005077997979583
2020-04-11 05:42:00,0.4500454451854239
2020-04-11 05:45:00,0.49813714636962914
2020-04-11 05:48:00,0.4655698611524599
2020-04-11 05:51:00,0.4513171773118074
2020-04-11 05:54:00,0.42106908267930976
2020-04-11 05:57:00,0.40578725324826337
2020-04-11 06:00:00,0.4752452706518966
2020-04-11 06:03:00,0.5379996273359211
2020-04-11 06:06:00,0.43455589988548127
2020-04-11 06:09:00,0.42848646464113926
2020-04-11 06:12:00,0.4046061176680382
2020-04-11 06:15:00,0.40456032878046244
2020-04-11 06:18:00,0.4306460910038936
2020-04-11 06:21:00,0.3976808567739454
2020-04-11 06:24:00,0.38754802774076325
2020-04-11 06:27:00,0.41403291300690626
2020-04-11 06:30:00,0.32567284912488503
2020-04-11 06:33:00,0.3656503647500813
2020-04-11 06:36:00,0.35066915740003424
2020-04-11 06:39:00,0.35691250390669893
2020-04-11 06:42:00,0.4142787546254567
2020-04-11 06:45:00,0.4513102662355095
2020-04-11 06:48:00,0.385863448398311
2020-04-11 06:51:00,0.4221651550461729
2020-04-11 06:54:00,0.3924275760227829
2020-04-11 06:57:00,0.4146625903616723
2020-04-11 07:00:00,0.39399891458594993
2020-04-11 07:03:00,0.45180573939273927
2020-04-11 07:06:00,0.4341888267853733
2020-04-11 07:09:00,0.4123118689087164
2020-04-11 07:12:00,0.4834406533964284
2020-04-11 07:15:00,0.41152090543647546
2020-04-11 07:18:00,0.42926895079187943
2020-04-11 07:21:00,0.4920097971188966
2020-04-11 07:24:00,0.388180066431687
2020-04-11 07:27:00,0.5259179926478623
2020-04-11 07:30:00,0.4780742531901865
2020-04-11 07:33:00,0.49676692964970925
2020-04-11 07:36:00,0.49063446287448187
2020-04-11 07:39:00,0.577487186511803
2020-04-11 07:42:00,0.6017047449320216
2020-04-11 07:45:00,0.5318983962097832
2020-04-11 07:48:00,0.514607109164956
2020-04-11 07:51:00,0.5150070467091155
2020-04-11 07:54:00,0.48729702640099504
2020-04-11 07:57:00,0.4675215179073007
2020-04-11 08:00:00,0.4981234127526477
2020-04-11 08:03:00,0.4732236596789221
2020-04-11 08:06:00,0.48676258716216125
2020-04-11 08:09:00,0.44171807820907816
2020-04-11 08:12:00,0.5234829599559703
2020-04-11 08:15:00,0.5144282340592667
2020-04-11 08:18:00,0.41973693378582766
2020-04-11 08:21:00,0.41850655571573725
2020-04-11 08:24:00,0.42887530264255247
2020-04-11 08:27:00,0.5155943619695904
2020-04-11 08:30:00,0.4964959573079568
2020-04-11 08:33:00,0.49730288297263314
2020-04-11 08:36:00,0.40564942403585746
2020-04-11 08:39:00,0.38796085830000493
2020-04-11 08:42:00,0.4010161431289134
2020-04-11 08:45:00,0.45338430864620705
2020-04-11 08:48:00,0.42021212630356786
2020-04-11 08:51:00,0.31900628675060716
2020-04-11 08:54:00,0.39071807979718187
2020-04-11 08:57:00,0.39581623170175817
2020-04-11 09:00:00,0.41176013492543007
2020-04-11 09:03:00,0.34799919903997534
2020-04-11 09:06:00,0.358812333832077
2020-04-11 09:09:00,0.28755529657473744
2020-04-11 09:12:00,0.3776138559498463
2020-04-11 09:15:00,0.23592621210957532
2020-04-11 09:18:00,0.32006569381735517
2020-04-11 09:21:00,0.23752488975503638
2020-04-11 09:24:00,0.3228054115855912
2020-04-11 09:27:00,0.24961163362758043
2020-04-11 09:30:00,0.29456248360583004
2020-04-11 09:33:00,0.24924708738626578
2020-04-11 09:36:00,0.25048127209578297
2020-04-11 09:39:00,0.38226697172018476
2020-04-11 09:42:00,0.28345802731746517
2020-04-11 09:45:00,0.26403439938553674
2020-04-11 09:48:00,0.21986241508528792
2020-04-11 09:51:00,0.30843946215964024
2020-04-11 09:54:00,0.23653227112362174
2020-04-11 09:57:00,0.3809491889850847
2020-04-11 10:00:00,0.27746613946573007
2020-04-11 10:03:00,0.2835724688486607
2020-04-11 10:06:00,0.3007045282658396
2020-04-11 10:09:00,0.2546957044688156
2020-04-11 10:12:00,0.27017872825621225
2020-04-11 10:15:00,0.24647080305055624
2020-04-11 10:18:00,0.3014060688425957
2020-04-11 10:21:00,0.125243797205826
2020-04-11 10:24:00,0.07490666276544289
2020-04-11 10:27:00,0.24532471567124503
2020-04-11 10:30:00,0.09000636226244296
2020-04-11 10:33:00,0.21731155332952312
2020-04-11 10:36:00,0.23659547448750118
2020-04-11 10:39:00,0.12159415145282537
2020-04-11 10:42:00,0.27994588647510454
2020-04-11 10:45:00,0.2231383054040066
2020-04-11 10:48:00,0.11041016668980319
2020-04-11 10:51:00,0.13300367709848615
2020-04-11 10:54:00,-0.004972406505885374
2020-04-11 10:57:00,-0.04327987745648443
2020-04-11 11:00:00,0.0769562464822684
2020-04-11 11:03:00,0.002472744228157353
2020-04-11 11:06:00,0.04895985070390907
2020-04-11 11:09:00,-0.01750323278298538
2020-04-11 11:12:00,0.030014998477952304
2020-04-11 11:15:00,0.020161080495086026
2020-04-11 11:18:00,-0.019981215327334212
2020-04-11 11:21:00,0.011347218341825283
2020-04-11 11:24:00,-0.052646530150923354
2020-04-11 11:27:00,-0.005207521792158332
2020-04-11 11:30:00,-0.073748657849535
2020-04-11 11:33:00,0.05167882288895953
2020-04-11 11:36:00,-0.01508424645373907
2020-04-11 11:39:00,-0.01777887168924508
2020-04-11 11:42:00,0.00534276510819609
2020-04-11 11:45:00,0.06735441746690185
2020-04-11 11:48:00,0.14502564297265508
2020-04-11 11:51:00,0.13298312986205474
2020-04-11 11:54:00,0.16901530063478276
2020-04-11 11:57:00,0.14306537369026273
2020-04-11 12:00:00,0.1606713499035095
2020-04-11 12:03:00,0.13532542071396847
2020-04-11 12:06:00,0.10370987108336749
2020-04-11 12:09:00,0.12218194174351993
2020-04-11 12:12:00,0.07224814746513175
2020-04-11 12:15:00,-0.05380003452432902
2020-04-11 12:18:00,-0.0011535299391312037
2020-04-11 12:21:00,0.008405122457077141
2020-04-11 12:24:00,-0.06662121906327911
2020-04-11 12:27:00,-0.024685297650194116
2020-04-11 12:30:00,-0.09817075586249757
2020-04-11 12:33:00,0.014199136337936125
2020-04-11 12:36:00,0.13666298356918105
2020-04-11 12:39:00,-0.006723499952045131
2020-04-11 12:42:00,0.1382214077630124
2020-04-11 12:45:00,-0.026024954793797406
2020-04-11 12:48:00,-0.13950725517872797
2020-04-11 12:51:00,-0.08453306044407327
2020-04-11 12:54:00,-0.1340677814203559
2020-04-11 12:57:00,-0.16114244438279002
2020-04-11 13:00:00,-0.15980837603052578
2020-04-11 13:03:00,-0.18527706773829777
2020-04-11 13:06:00,-0.1678754903581421
2020-04-11 13:09:00,-0.051741526440309826
2020-04-11 13:12:00,-0.13649784358676698
2020-04-11 13:15:00,-0.18344140670825482
2020-04-11 13:18:00,-0.15078918059498392
2020-04-11 13:21:00,-0.39028577743556525
2020-04-11 13:24:00,-0.10670218854346558
2020-04-11 13:27:00,-0.18564147408881126
2020-04-11 13:30:00,-0.11523154056686735
2020-04-11 13:33:00,-0.14674324940313
2020-04-11 13:36:00,-0.19907264284097437
2020-04-11 13:39:00,-0.02983007450666264
2020-04-11 13:42:00,0.008315624693523205
2020-04-11 13:45:00,-0.03379043076392918
2020-04-11 13:48:00,-0.05687795758950642
2020-04-11 13:51:00,-0.002614783872672888
2020-04-11 13:54:00,-0.17399644376791912
2020-04-11 13:57:00,-0.0025672864532566564
2020-04-11 14:00:00,0.005916310564202831
2020-04-11 14:03:00,-0.17714481294461848
2020-04-11 14:06:00,-0.17799011920902785
2020-04-11 14:09:00,-0.2341034164774669
2020-04-11 14:12:00,-0.17858164081565064
2020-04-11 14:15:00,0.07601949912765349
2020-04-11 14:18:00,0.140891270458269
2020-04-11 14:21:00,-0.16801655751049793
2020-04-11 14:24:00,-0.19040122730029907
2020-04-11 14:27:00,-0.11694049244709959
2020-04-11 14:30:00,-0.1492404067469124
2020-04-11 14:33:00,-0.1388644423170149
2020-04-11 14:36:00,-0.04288390180170154
2020-04-11 14:39:00,-0.09530911181667534
2020-04-11 14:42:00,-0.19700993014174628
2020-04-11 14:45:00,-0.15051826760492304
2020-04-11 14:48:00,-0.14989810966829964
2020-04-11 14:51:00,-0.17540873844711768
2020-04-11 14:54:00,-0.22233554475570827
2020-04-11 14:57:00,-0.18984680015330468
2020-04-11 15:00:00,-0.15495263107106894
2020-04-11 15:03:00,-0.13251536908643402
2020-04-11 15:06:00,-0.17276981929126123
2020-04-11 15:09:00,-0.18752954590280524
2020-04-11 15:12:00,-0.19428428274312637
2020-04-11 15:15:00,-0.22338306697486132
2020-04-11 15:18:00,-0.3081152626435255
2020-04-11 15:21:00,-0.23884935959108589
2020-04-11 15:24:00,-0.27262388857513997
2020-04-11 15:27:00,-0.22509067602084087
2020-04-11 15:30:00,-0.2878269846050898
2020-04-11 15:33:00,-0.18556272098857107
2020-04-11 15:36:00,-0.3187107367157296
2020-04-11 15:39:00,-0.21703737804648426
2020-04-11 15:42:00,-0.2902388552466846
2020-04-11 15:45:00,-0.2861680621098799
2020-04-11 15:48:00,-0.28817074413672117
2020-04-11 15:51:00,-0.27588667021194624
2020-04-11 15:54:00,-0.22513863964030634
2020-04-11 15:57:00,-0.26290758161258054
2020-04-11 16:00:00,-0.37790278591978677
2020-04-11 16:03:00,-0.2071714741031201
2020-04-11 16:06:00,-0.22474140558426825
2020-04-11 16:09:00,-0.2885415178973858
2020-04-11 16:12:00,-0.3102508158618207
2020-04-11 16:15:00,-0.17804431887088867
2020-04-11 16:18:00,-0.23641712115409064
2020-04-11 16:21:00,-0.10970556343369253
2020-04-11 16:24:00,0.07998335521045874
2020-04-11 16:27:00,0.1806649183537843
2020-04-11 16:30:00,0.2327771954577429
2020-04-11 16:33:00,0.18711091318510853
2020-04-11 16:36:00,0.24687970951856641
2020-04-11 16:39:00,0.3572761721814004
2020-04-11 16:42:00,0.2845498194241145
2020-04-11 16:45:00,0.2655528055591958
2020-04-11 16:48:00,0.2523150422110234
2020-04-11 16:51:00,0.23721740778466938
2020-04-11 16:54:00,0.0190878722972343
2020-04-11 16:57:00,-0.08661710004253109
2020-04-11 17:00:00,0.02217621292840022
2020-04-11 17:03:00,0.11953152152307212
2020-04-11 17:06:00,0.14969484815264877
2020-04-11 17:09:00,0.201676157303325
2020-04-11 17:12:00,0.21062541096705445
2020-04-11 17:15:00,0.32396214511567223
2020-04-11 17:18:00,0.3108651522168202
2020-04-11 17:21:00,0.1351096203837301
2020-04-11 17:24:00,0.05518580670121764
2020-04-11 17:27:00,0.012763903467714499
2020-04-11 17:30:00,-0.010139677281870263
2020-04-11 17:33:00,-0.05963355894476763
2020-04-11 17:36:00,-0.03304244873316975
2020-04-11 17:39:00,-0.042817375988647655
2020-04-11 17:42:00,0.010537381400524737
2020-04-11 17:45:00,0.06533550465604776
2020-04-11 17:48:00,0.10088881284445961
2020-04-11 17:51:00,0.017625279223409507
2020-04-11 17:54:00,0.13412783688431773
2020-04-11 17:57:00,0.026064565241085802
2020-04-11 18:00:00,-0.02991977950779301
2020-04-11 18:03:00,0.08582915983919293
2020-04-11 18:06:00,-0.053297198771190324
2020-04-11 18:09:00,0.07217712903724305
2020-04-11 18:12:00,0.155444360828767
2020-04-11 18:15:00,0.1906208373288223
2020-04-11 18:18:00,0.24944449332241447
2020-04-11 18:21:00,0.28107994410919446
2020-04-11 18:24:00,0.41483096871286307
2020-04-11 18:27:00,0.47444570635252603
2020-04-11 18:30:00,0.46123734625103907
2020-04-11 18:33:00,0.4039384197761251
2020-04-11 18:36:00,0.33885451194282723
2020-04-11 18:39:00,0.17759850104431507
2020-04-11 18:42:00,0.17309049330896187
2020-04-11 18:45:00,0.0827008740425299
2020-04-11 18:48:00,0.023709966953504136
2020-04-11 18:51:00,0.07691638960278624
2020-04-11 18:54:00,0.1574099716276578
2020-04-11 18:57:00,
2020-04-11 19:00:00,
2020-04-11 19:03:00,0.20179239545512928
2020-04-11 19:06:00,0.053749971114029904
2020-04-11 19:09:00,0.0485376352125968
2020-04-11 19:12:00,0.11636356855382246
2020-04-11 19:15:00,0.05100092341928075
2020-04-11 19:18:00,0.1771988020890376
2020-04-11 19:21:00,0.14989419873865018
2020-04-11 19:24:00,0.19634389403546493
2020-04-11 19:27:00,0.15788267497754305
2020-04-11 19:30:00,0.17195576840867943
2020-04-11 19:33:00,0.30333477994958
2020-04-11 19:36:00,0.2791375668446108
2020-04-11 19:39:00,0.13899789155402686
2020-04-11 19:42:00,0.22253756219851084
2020-04-11 19:45:00,0.18819722697151064
2020-04-11 19:48:00,0.12353584906895776
2020-04-11 19:51:00,0.15968083096265673
2020-04-11 19:54:00,0.13656613122412864
2020-04-11 19:57:00,0.15108204225441568
2020-04-11 20:00:00,0.19646526875413883
2020-04-11 20:03:00,0.1719288376782515
2020-04-11 20:06:00,0.08526417284076615
2020-04-11 20:09:00,0.11444602216653266
2020-04-11 20:12:00,0.12033919030716334
2020-04-11 20:15:00,0.07217753365489443
2020-04-11 20:18:00,0.12306803245019182
2020-04-11 20:21:00,0.20202743098417386
2020-04-11 20:24:00,0.09717190028766254
2020-04-11 20:27:00,0.18925285716221651
2020-04-11 20:30:00,0.13682429337166013
2020-04-11 20:33:00,0.04551429002196983
2020-04-11 20:36:00,0.16768501499001331
2020-04-11 20:39:00,0.13840634418596665
2020-04-11 20:42:00,0.12263948313949413
2020-04-11 20:45:00,0.1084246170949541
2020-04-11 20:48:00,0.17402278845889896
2020-04-11 20:51:00,0.24833493889479996
2020-04-11 20:54:00,0.3429483404154894
2020-04-11 20:57:00,0.4640999933344574
2020-04-11 21:00:00,0.4970864250929594
2020-04-11 21:03:00,0.5469995089675308
2020-04-11 21:06:00,0.6366365758065058
2020-04-11 21:09:00,0.6030999091768763
2020-04-11 21:12:00,0.7172423307350755
2020-04-11 21:15:00,0.7004618354575882
2020-04-11 21:18:00,0.8032989563160982
2020-04-11 21:21:00,0.7013713217223199
2020-04-11 21:24:00,0.7172974925664448
2020-04-11 21:27:00,0.6994308257127386
2020-04-11 21:30:00,0.7536996695721996
2020-04-11 21:33:00,0.6551957261820576
2020-04-11 21:36:00,0.6400186995507511
2020-04-11 21:39:00,0.6795829824543489
2020-04-11 21:42:00,0.6011725184391139
2020-04-11 21:45:00,0.6783624514339976
2020-04-11 21:48:00,0.5304472710445225
2020-04-11 21:51:00,0.45952318754513044
2020-04-11 21:54:00,0.2498477320667689
2020-04-11 21:57:00,0.1452453186448679
2020-04-11 22:00:00,0.2084540075280188
2020-04-11 22:03:00,0.11804386572447356
2020-04-11 22:06:00,0.19384083013176223
2020-04-11 22:09:00,0.1618009237519118
2020-04-11 22:12:00,0.08790347544612587
2020-04-11 22:15:00,0.06883365405809627
2020-04-11 22:18:00,0.03623253104279911
2020-04-11 22:21:00,0.07810924169916689
2020-04-11 22:24:00,0.19253224476591413
2020-04-11 22:27:00,0.18598034000450525
2020-04-11 22:30:00,0.1827070729577258
2020-04-11 22:33:00,0.262929600984819
2020-04-11 22:36:00,0.15784354965524017
2020-04-11 22:39:00,0.12487029540642425
2020-04-11 22:42:00,0.2796694194946667
2020-04-11 22:45:00,0.17320387486580557
2020-04-11 22:48:00,0.22173604679124992
2020-04-11 22:51:00,0.1216151854829377
2020-04-11 22:54:00,0.1520183671626114
2020-04-11 22:57:00,0.09976181720310251
2020-04-11 23:00:00,0.1429815729293864
2020-04-11 23:03:00,0.16486000224773534
2020-04-11 23:06:00,0.097197743907941
2020-04-11 23:09:00,0.16974218794700846
2020-04-11 23:12:00,0.19643976134699415
2020-04-11 23:15:00,0.14259865451128917
2020-04-11 23:18:00,0.21630702469343532
2020-04-11 23:21:00,0.10826276069207097
2020-04-11 23:24:00,0.20756600535418102
2020-04-11 23:27:00,0.22274015976518058
2020-04-11 23:30:00,0.3553755216586296
2020-04-11 23:33:00,0.2783037009610325
2020-04-11 23:36:00,0.2726484610422517
2020-04-11 23:39:00,0.27432370591287736
2020-04-11 23:42:00,0.23159165125935033
2020-04-11 23:45:00,0.3315370559494113
2020-04-11 23:48:00,0.27217524048967334
2020-04-11 23:51:00,0.11977420802980987
2020-04-11 23:54:00,0.1515084289814581
2020-04-11 23:57:00,0.2530302268334026
2020-04-12 00:00:00,0.22923578623363028
2020-04-12 00:03:00,0.2462437627905274
2020-04-12 00:06:00,0.35705277897574206
2020-04-12 00:09:00,0.1881474683838178
2020-04-12 00:12:00,0.24721808534047796
2020-04-12 00:15:00,0.1896293079798852
2020-04-12 00:18:00,0.2050592170714367
2020-04-12 00:21:00,0.3100251400831553
2020-04-12 00:24:00,0.2560793890126547
2020-04-12 00:27:00,0.22049230866417702
2020-04-12 00:30:00,0.269058696913703
2020-04-12 00:33:00,0.15598671390506524
2020-04-12 00:36:00,0.14462540278486813
2020-04-12 00:39:00,0.14122394308452613
2020-04-12 00:42:00,0.25575385498382275
2020-04-12 00:45:00,0.24817693339878133
2020-04-12 00:48:00,0.18807102737270043
2020-04-12 00:51:00,0.17469078770056967
2020-04-12 00:54:00,0.191322151112729
2020-04-12 00:57:00,0.22345450572851178
2020-04-12 01:00:00,0.20709661760747622
2020-04-12 01:03:00,0.21947009140376394
2020-04-12 01:06:00,0.22318874272127687
2020-04-12 01:09:00,0.2520046113403964
2020-04-12 01:12:00,0.32346511649603826
2020-04-12 01:15:00,0.32538381447636766
2020-04-12 01:18:00,0.3363435109775992
2020-04-12 01:21:00,0.26138425392514364
2020-04-12 01:24:00,0.3053021152651354
2020-04-12 01:27:00,0.27693876623050073
2020-04-12 01:30:00,0.2531496219297651
2020-04-12 01:33:00,0.29366760541154235
2020-04-12 01:36:00,0.3577732794626627
2020-04-12 01:39:00,0.33237640027323323
2020-04-12 01:42:00,0.24561579253582977
2020-04-12 01:45:00,0.3185630450640815
2020-04-12 01:48:00,0.30381574793460686
2020-04-12 01:51:00,0.30285078806389265
2020-04-12 01:54:00,0.27236682018650527
2020-04-12 01:57:00,0.3185834465832613
2020-04-12 02:00:00,0.16108298470527416
2020-04-12 02:03:00,0.239087557415246
2020-04-12 02:06:00,0.35274344800694735
2020-04-12 02:09:00,0.34169473122966565
2020-04-12 02:12:00,0.401071911863653
2020-04-12 02:15:00,0.43050006860852363
2020-04-12 02:18:00,0.33471745306917455
2020-04-12 02:21:00,0.4244121421996283
2020-04-12 02:24:00,0.42805858717940737
2020-04-12 02:27:00,0.515256213745829
2020-04-12 02:30:00,0.5403397049346381
2020-04-12 02:33:00,0.593263020135339
2020-04-12 02:36:00,0.5578913288722447
2020-04-12 02:39:00,0.45884573116632055
2020-04-12 02:42:00,0.5221168015669946
2020-04-12 02:45:00,0.3665382969726352
2020-04-12 02:48:00,0.403035012033115
2020-04-12 02:51:00,0.3916158688515452
2020-04-12 02:54:00,0.372449689334303
2020-04-12 02:57:00,0.3741743214213784
2020-04-12 03:00:00,0.252631369105643
2020-04-12 03:03:00,0.26196215975716086
2020-04-12 03:06:00,0.2235111056922392
2020-04-12 03:09:00,0.23753917078306586
2020-04-12 03:12:00,0.30447730377881044
2020-04-12 03:15:00,0.29186717966229025
2020-04-12 03:18:00,0.27118695225215106
2020-04-12 03:21:00,0.23600447324025708
2020-04-12 03:24:00,0.2763333971967654
2020-04-12 03:27:00,0.20331425335780295
2020-04-12 03:30:00,0.35886835217382895
2020-04-12 03:33:00,0.3039142206860106
2020-04-12 03:36:00,0.3310650891252749
2020-04-12 03:39:00,0.22804097760985087
2020-04-12 03:42:00,0.26447430506755154
2020-04-12 03:45:00,0.2529558262853584
2020-04-12 03:48:00,0.17661483890640284
2020-04-12 03:51:00,0.2904742451509037
2020-04-12 03:54:00,0.32361202622934115
2020-04-12 03:57:00,0.3440277110020702
2020-04-12 04:00:00,0.3887164942098025
2020-04-12 04:03:00,0.3384273549315253
2020-04-12 04:06:00,0.35391105354892716
2020-04-12 04:09:00,0.308111914492315
2020-04-12 04:12:00,0.26748200745288386
2020-04-12 04:15:00,0.4022279101997128
2020-04-12 04:18:00,0.3083010354269504
2020-04-12 04:21:00,0.2941758206517875
2020-04-12 04:24:00,0.34570639294861394
2020-04-12 04:27:00,0.31147488756442954
2020-04-12 04:30:00,0.3200683334752057
2020-04-12 04:33:00,0.3155278224242579
2020-04-12 04:36:00,0.35626352740627
2020-04-12 04:39:00,0.2535213695084053
2020-04-12 04:42:00,0.29010154572893043
2020-04-12 04:45:00,0.36161228683812396
2020-04-12 04:48:00,0.2983364370365962
2020-04-12 04:51:00,0.2983457587128555
2020-04-12 04:54:00,0.3517642056449972
2020-04-12 04:57:00,0.2548654569769724
2020-04-12 05:00:00,0.22665634068619056
2020-04-12 05:03:00,0.2659525941342622
2020-04-12 05:06:00,0.29964507835040877
2020-04-12 05:09:00,0.28481853793027767
2020-04-12 05:12:00,0.23924761436308017
2020-04-12 05:15:00,0.31326050565525065
2020-04-12 05:18:00,0.37582962327218183
2020-04-12 05:21:00,0.2939586090564035
2020-04-12 05:24:00,0.36030007458867885
2020-04-12 05:27:00,0.31252626402806527
2020-04-12 05:30:00,0.32373644666938617
2020-04-12 05:33:00,0.3789718212682942
2020-04-12 05:36:00,0.304391398639666
2020-04-12 05:39:00,0.3656217195168665
2020-04-12 05:42:00,0.3796416948293313
2020-04-12 05:45:00,0.38358390113478436
2020-04-12 05:48:00,0.4492345241088742
2020-04-12 05:51:00,0.28494780001494746
2020-04-12 05:54:00,0.38933640573577577
2020-04-12 05:57:00,0.3997447032775199
2020-04-12 06:00:00,0.28488582799445794
2020-04-12 06:03:00,0.33063285006232945
2020-04-12 06:06:00,0.312568392564458
2020-04-12 06:09:00,0.29936886162226983
2020-04-12 06:12:00,0.3053208030173664
2020-04-12 06:15:00,0.26482401087679364
2020-04-12 06:18:00,0.22105711980651677
2020-04-12 06:21:00,0.20607417155315488
2020-04-12 06:24:00,0.3391669498455485
2020-04-12 06:27:00,0.285224936564191
2020-04-12 06:30:00,0.37328208667855733
2020-04-12 06:33:00,0.34025324656670364
2020-04-12 06:36:00,0.2132673384945747
2020-04-12 06:39:00,0.22333142339249434
2020-04-12 06:42:00,0.22235998873009066
2020-04-12 06:45:00,0.22089228504086122
2020-04-12 06:48:00,0.3436693676475784
2020-04-12 06:51:00,0.20111202441711384
2020-04-12 06:54:00,0.24280744880593375
2020-04-12 06:57:00,0.3566927136944287
2020-04-12 07:00:00,0.34796346351436114
2020-04-12 07:03:00,0.2626464561027433
2020-04-12 07:06:00,0.21203357544607115
2020-04-12 07:09:00,0.29176534803798404
2020-04-12 07:12:00,0.22943910935850909
2020-04-12 07:15:00,0.2809517321264252
2020-04-12 07:18:00,0.320521801331779
2020-04-12 07:21:00,0.3904988717312108
2020-04-12 07:24:00,0.337397308841048
2020-04-12 07:27:00,0.31450526467580175
2020-04-12 07:30:00,0.3088917611392503
2020-04-12 07:33:00,0.24182245256838542
2020-04-12 07:36:00,0.2418958562607827
2020-04-12 07:39:00,0.2703924512950948
2020-04-12 07:42:00,0.23473937870483041
2020-04-12 07:45:00,0.13615595907054967
2020-04-12 07:48:00,0.2920337579354282
2020-04-12 07:51:00,0.20244769273898555
2020-04-12 07:54:00,0.2854325537783211
2020-04-12 07:57:00,0.2410068439199904
2020-04-12 08:00:00,0.22121942423848395
2020-04-12 08:03:00,0.22049433417561204
2020-04-12 08:06:00,0.29318980319214916
2020-04-12 08:09:00,0.2555864156292955
2020-04-12 08:12:00,0.19517391070684198
2020-04-12 08:15:00,0.2353669170514081
2020-04-12 08:18:00,0.2547961711238713
2020-04-12 08:21:00,0.19457318189125772
2020-04-12 08:24:00,0.054182750181723804
2020-04-12 08:27:00,0.16603656823082247
2020-04-12 08:30:00,0.22123132999098516
2020-04-12 08:33:00,0.1792615567966891
2020-04-12 08:36:00,0.14426706704421122
2020-04-12 08:39:00,0.16483430217869
2020-04-12 08:42:00,0.04437914725866676
2020-04-12 08:45:00,0.14814426158727656
2020-04-12 08:48:00,0.22321596385268094
2020-04-12 08:51:00,0.1708361311436306
2020-04-12 08:54:00,0.16080483109749366
2020-04-12 08:57:00,0.15702291737301266
2020-04-12 09:00:00,0.2452369933004661
2020-04-12 09:03:00,0.13781993620608546
2020-04-12 09:06:00,0.15137032467276867
2020-04-12 09:09:00,0.08847341538336195
2020-04-12 09:12:00,0.12726341090365167
2020-04-12 09:15:00,0.10177027757168844
2020-04-12 09:18:00,0.18222117733432697
2020-04-12 09:21:00,0.1618742274512215
2020-04-12 09:24:00,0.09133653192816382
2020-04-12 09:27:00,0.059875181222594165
2020-04-12 09:30:00,0.10505087296138527
2020-04-12 09:33:00,0.10931581790742939
2020-04-12 09:36:00,0.06774104866053676
2020-04-12 09:39:00,0.10292239203960207
2020-04-12 09:42:00,0.060471654187324475
2020-04-12 09:45:00,0.06962952098763253
2020-04-12 09:48:00,0.1419778679704109
2020-04-12 09:51:00,0.08893628418314847
2020-04-12 09:54:00,0.1314611849008429
2020-04-12 09:57:00,0.02439363894671942
2020-04-12 10:00:00,-0.04860584569667026
2020-04-12 10:03:00,-0.0722770455903401
2020-04-12 10:06:00,-0.011368850201506575
2020-04-12 10:09:00,-0.027612345943282435
2020-04-12 10:12:00,-0.13170736842198494
2020-04-12 10:15:00,-0.1336994332325503
2020-04-12 10:18:00,0.005562068100402939
2020-04-12 10:21:00,-0.09855271290791734
2020-04-12 10:24:00,0.10228344124334399
2020-04-12 10:27:00,0.00419247966436842
2020-04-12 10:30:00,0.06451975687167533
2020-04-12 10:33:00,0.007135270118340031
2020-04-12 10:36:00,0.17391787385452062
2020-04-12 10:39:00,0.16742771724216254
2020-04-12 10:42:00,0.08540928291643013
2020-04-12 10:45:00,0.1152024566728187
2020-04-12 10:48:00,-0.0008128850740831695
2020-04-12 10:51:00,0.027934808176325987
2020-04-12 10:54:00,-0.04112603140714555
2020-04-12 10:57:00,-0.06841150421996645
2020-04-12 11:00:00,-0.01108844661268904
2020-04-12 11:03:00,-0.06389709483386241
2020-04-12 11:06:00,0.11675082938165815
2020-04-12 11:09:00,0.19911371070242012
2020-04-12 11:12:00,0.032125664500085804
2020-04-12 11:15:00,0.04683076898078298
2020-04-12 11:18:00,0.02996363900081178
2020-04-12 11:21:00,-0.011168649975104472
2020-04-12 11:24:00,0.0089794843644313
2020-04-12 11:27:00,0.02407521416552072
2020-04-12 11:30:00,0.06341632421469967
2020-04-12 11:33:00,0.02991613032645546
2020-04-12 11:36:00,0.10240455632504109
2020-04-12 11:39:00,0.11053826409732892
2020-04-12 11:42:00,0.06115897229176426
2020-04-12 11:45:00,-0.007172752679025507
2020-04-12 11:48:00,0.04709315385116497
2020-04-12 11:51:00,0.1796325053722967
2020-04-12 11:54:00,0.24173908407703948
2020-04-12 11:57:00,0.10730378703811994
2020-04-12 12:00:00,0.16607611567985714
2020-04-12 12:03:00,0.07221804212775851
2020-04-12 12:06:00,0.09227464348850845
2020-04-12 12:09:00,0.05665601884544458
2020-04-12 12:12:00,0.016891659064299347
2020-04-12 12:15:00,0.16010126293605254
2020-04-12 12:18:00,0.18859522354284763
2020-04-12 12:21:00,0.12496140178222959
2020-04-12 12:24:00,0.024796072548610937
2020-04-12 12:27:00,0.043945586018651284
2020-04-12 12:30:00,0.12631054620788973
2020-04-12 12:33:00,0.1353181124928824
2020-04-12 12:36:00,-0.018276275704238287
2020-04-12 12:39:00,-0.002729600451061742
2020-04-12 12:42:00,-0.06302598399082626
2020-04-12 12:45:00,-0.0811654195583742
2020-04-12 12:48:00,-0.1124517215475862
2020-04-12 12:51:00,-0.1119826388180627
2020-04-12 12:54:00,-0.2165434410806597
2020-04-12 12:57:00,0.001815949519766491
2020-04-12 13:00:00,-0.011555519890066535
2020-04-12 13:03:00,-0.0010934857100437512
2020-04-12 13:06:00,0.011458898003979812
2020-04-12 13:09:00,0.020575097525750152
2020-04-12 13:12:00,0.043246834795183986
2020-04-12 13:15:00,0.12430166859633118
2020-04-12 13:18:00,-0.017975821289098803
2020-04-12 13:21:00,0.0001483474728161127
2020-04-12 13:24:00,-0.09485004380468354
2020-04-12 13:27:00,-0.06536550780776906
2020-04-12 13:30:00,0.04420372454137578
2020-04-12 13:33:00,-0.027320050749096936
2020-04-12 13:36:00,0.03049591223657444
2020-04-12 13:39:00,-0.08020288194143177
2020-04-12 13:42:00,-0.0959215845140875
2020-04-12 13:45:00,-0.059402511949713244
2020-04-12 13:48:00,-0.12187007952422846
2020-04-12 13:51:00,-0.09916171335800072
2020-04-12 13:54:00,-0.06551379795962475
2020-04-12 13:57:00,-0.004349228234616476
2020-04-12 14:00:00,0.4261552676086353
2020-04-12 14:03:00,0.21242510826084526
2020-04-12 14:06:00,0.08043018707144256
2020-04-12 14:09:00,-0.01578020529996138
2020-04-12 14:12:00,-0.03188759759535742
2020-04-12 14:15:00,-0.13160930318213104
2020-04-12 14:18:00,0.018088732672936203
2020-04-12 14:21:00,-0.010955093196741927
2020-04-12 14:24:00,0.04028554397029893
2020-04-12 14:27:00,-0.032900952142654205
2020-04-12 14:30:00,-0.03408884924169797
2020-04-12 14:33:00,-0.034756712230034736
2020-04-12 14:36:00,-0.06091235522291072
2020-04-12 14:39:00,0.05918228546329374
2020-04-12 14:42:00,0.03196677034293316
2020-04-12 14:45:00,0.060747405945221544
2020-04-12 14:48:00,-0.09401306778374874
2020-04-12 14:51:00,-0.24903487872683172
2020-04-12 14:54:00,-0.1762612269511692
2020-04-12 14:57:00,-0.20869686432013168
2020-04-12 15:00:00,-0.0975421442087736
2020-04-12 15:03:00,-0.09097163902362126
2020-04-12 15:06:00,-0.14842370269525418
2020-04-12 15:09:00,-0.1401227050342868
2020-04-12 15:12:00,0.22485770118157689
2020-04-12 15:15:00,0.45958145099160674
2020-04-12 15:18:00,0.29904876595026053
2020-04-12 15:21:00,0.3794822944158227
2020-04-12 15:24:00,0.3573671053522389
2020-04-12 15:27:00,0.24970970553948746
2020-04-12 15:30:00,0.13797391040174034
2020-04-12 15:33:00,0.02992260727410212
2020-04-12 15:36:00,-0.02184686720437412
2020-04-12 15:39:00,-0.009137755757990362
2020-04-12 15:42:00,-0.0831705436643233
2020-04-12 15:45:00,0.03629989010778445
2020-04-12 15:48:00,0.0024122381958591177
2020-04-12 15:51:00,0.04370833175073585
2020-04-12 15:54:00,0.03193494177713774
2020-04-12 15:57:00,-0.04964583822118129
2020-04-12 16:00:00,-0.055607001445139304
2020-04-12 16:03:00,-0.06505993561819423
2020-04-12 16:06:00,0.12271132437422239
2020-04-12 16:09:00,0.019818103752754723
2020-04-12 16:12:00,-0.07292600000567973
2020-04-12 16:15:00,-0.12488704752274771
2020-04-12 16:18:00,-0.08912919603773162
2020-04-12 16:21:00,-0.1798626586146952
2020-04-12 16:24:00,-0.12925388530851478
2020-04-12 16:27:00,-0.025087325920765124
2020-04-12 16:30:00,-0.0021950844481466447
2020-04-12 16:33:00,-0.018517527138385503
2020-04-12 16:36:00,-0.07122456669731037
2020-04-12 16:39:00,-0.10177447106002546
2020-04-12 16:42:00,-0.07100267784716152
2020-04-12 16:45:00,-0.16665099677953776
2020-04-12 16:48:00,-0.06708561406321678
2020-04-12 16:51:00,-0.0792180967541185
2020-04-12 16:54:00,-0.06069034760014347
2020-04-12 16:57:00,-0.060193566212603855
2020-04-12 17:00:00,-0.09272904154886419
2020-04-12 17:03:00,0.02760611496182719
2020-04-12 17:06:00,0.004052589998764233
2020-04-12 17:09:00,0.0408126148117276
2020-04-12 17:12:00,-0.011157253646615573
2020-04-12 17:15:00,-0.003264920110041203
2020-04-12 17:18:00,-0.10696562751184047
2020-04-12 17:21:00,-0.09333531993036104
2020-04-12 17:24:00,-0.10462391405928884
2020-04-12 17:27:00,-0.11833246064975356
2020-04-12 17:30:00,-0.16133243080128068
2020-04-12 17:33:00,-0.13725652160752588
2020-04-12 17:36:00,-0.054194951576675976
2020-04-12 17:39:00,-0.062069890255884275
2020-04-12 17:42:00,-0.018608563539771694
2020-04-12 17:45:00,0.013059259976330395
2020-04-12 17:48:00,-0.1878325919250301
2020-04-12 17:51:00,0.08294521547622935
2020-04-12 17:54:00,0.044556332897457196
2020-04-12 17:57:00,0.09704024280625845
2020-04-12 18:00:00,0.13963681371393477
2020-04-12 18:03:00,0.07190695666247393
2020-04-12 18:06:00,-0.02136504253780913
2020-04-12 18:09:00,0.0690183525459247
2020-04-12 18:12:00,0.05965771418999566
2020-04-12 18:15:00,0.03264740127468713
2020-04-12 18:18:00,0.0909721928310887
2020-04-12 18:21:00,0.09222816216094998
2020-04-12 18:24:00,0.17326511555313573
2020-04-12 18:27:00,0.13589593956834278
2020-04-12 18:30:00,0.1660604155736678
2020-04-12 18:33:00,0.08188504155333476
2020-04-12 18:36:00,0.11547684187314644
2020-04-12 18:39:00,0.19317749738399925
2020-04-12 18:42:00,0.17230242185706857
2020-04-12 18:45:00,0.21925973098569784
2020-04-12 18:48:00,0.1429850569784321
2020-04-12 18:51:00,0.14805631979282907
2020-04-12 18:54:00,
2020-04-12 18:57:00,
2020-04-12 19:00:00,
2020-04-12 19:03:00,0.1130688075709827
2020-04-12 19:06:00,0.12435520786681309
2020-04-12 19:09:00,0.1587840960230551
2020-04-12 19:12:00,0.16160725625212535
2020-04-12 19:15:00,0.26937723529511004
2020-04-12 19:18:00,0.12236730844534804
2020-04-12 19:21:00,0.06843703105039367
2020-04-12 19:24:00,0.15569386084280268
2020-04-12 19:27:00,0.21743375999119507
2020-04-12 19:30:00,0.2887351558294995
2020-04-12 19:33:00,0.3042328470837674
2020-04-12 19:36:00,0.18834013674137395
2020-04-12 19:39:00,0.19898363943377717
2020-04-12 19:42:00,0.2558287071120162
2020-04-12 19:45:00,0.22033090363720476
2020-04-12 19:48:00,0.21797627806614628
2020-04-12 19:51:00,0.2061566673486368
2020-04-12 19:54:00,0.2495636884946748
2020-04-12 19:57:00,0.25412352935609306
2020-04-12 20:00:00,0.24228841591531136
2020-04-12 20:03:00,0.25308922539903733
2020-04-12 20:06:00,0.2997029589710678
2020-04-12 20:09:00,0.3086917032230758
2020-04-12 20:12:00,0.15658242944635958
2020-04-12 20:15:00,0.25872898769159747
2020-04-12 20:18:00,0.209517725041394
2020-04-12 20:21:00,0.1932948565984134
2020-04-12 20:24:00,0.26978861376881014
2020-04-12 20:27:00,0.30413842539348934
2020-04-12 20:30:00,0.24191777488988464
2020-04-12 20:33:00,0.275361996438221
2020-04-12 20:36:00,0.2641666660186388
2020-04-12 20:39:00,0.17518343926843727
2020-04-12 20:42:00,0.23028765901977977
2020-04-12 20:45:00,0.2726145646473128
2020-04-12 20:48:00,0.22787670318967912
2020-04-12 20:51:00,0.21514098648782465
2020-04-12 20:54:00,0.3051546328464383
2020-04-12 20:57:00,0.25882879896028044
2020-04-12 21:00:00,0.17043169906628464
2020-04-12 21:03:00,0.16984192696014588
2020-04-12 21:06:00,0.22256462590098636
2020-04-12 21:09:00,0.3354632904475352
2020-04-12 21:12:00,0.1976946050771744
2020-04-12 21:15:00,0.33738052790766915
2020-04-12 21:18:00,0.16337751620733343
2020-04-12 21:21:00,0.25746201419588033
2020-04-12 21:24:00,0.19551944340236105
2020-04-12 21:27:00,0.3190787226415637
2020-04-12 21:30:00,0.198162108759675
2020-04-12 21:33:00,0.30762043979780174
2020-04-12 21:36:00,0.33654424680173634
2020-04-12 21:39:00,0.25118750640444887
2020-04-12 21:42:00,0.2680313206584515
2020-04-12 21:45:00,0.33436246917034396
2020-04-12 21:48:00,0.4615434901605795
2020-04-12 21:51:00,0.29597587711697315
2020-04-12 21:54:00,0.28175073780380444
2020-04-12 21:57:00,0.29484169187639964
2020-04-12 22:00:00,0.25205305157311386
2020-04-12 22:03:00,0.27827869090850754
2020-04-12 22:06:00,0.4265937491895784
2020-04-12 22:09:00,0.4453502362243853
2020-04-12 22:12:00,0.4479165290628657
2020-04-12 22:15:00,0.3017393407783402
2020-04-12 22:18:00,0.42258667441183206
2020-04-12 22:21:00,0.38630646644776334
2020-04-12 22:24:00,0.2728301713967767
2020-04-12 22:27:00,0.3189991870160611
2020-04-12 22:30:00,0.21314754781730016
2020-04-12 22:33:00,0.2319153860716483
2020-04-12 22:36:00,0.3148174298329991
2020-04-12 22:39:00,0.1991332618831052
2020-04-12 22:42:00,0.3516159371847607
2020-04-12 22:45:00,0.366557340700183
2020-04-12 22:48:00,0.325985916953357
2020-04-12 22:51:00,0.30972154929554563
2020-04-12 22:54:00,0.29869457888355555
2020-04-12 22:57:00,0.3281838898400906
2020-04-12 23:00:00,0.39365240638056775
2020-04-12 23:03:00,0.4015841187956539
2020-04-12 23:06:00,0.3613545691434865
2020-04-12 23:09:00,0.23278949524438985
2020-04-12 23:12:00,0.472241882871117
2020-04-12 23:15:00,0.4026760165049268
2020-04-12 23:18:00,0.4098009855386522
2020-04-12 23:21:00,0.3532862191955246
2020-04-12 23:24:00,0.29210915220630795
2020-04-12 23:27:00,0.3063933494064486
2020-04-12 23:30:00,0.4070518487839081
2020-04-12 23:33:00,0.4395937044973266
2020-04-12 23:36:00,0.40676346228730154
2020-04-12 23:39:00,0.3105656965948924
2020-04-12 23:42:00,0.3460805023869966
2020-04-12 23:45:00,0.44576349708762564
2020-04-12 23:48:00,0.40374650462649697
2020-04-12 23:51:00,0.6084024940247446
2020-04-12 23:54:00,0.5610541363865877
2020-04-12 23:57:00,0.683450106268765
2020-04-13 00:00:00,0.6919625554793924
2020-04-13 00:03:00,0.629367931525735
2020-04-13 00:06:00,0.7059224331814562
2020-04-13 00:09:00,0.6746908824493403
2020-04-13 00:12:00,0.6297071514375716
2020-04-13 00:15:00,0.6491529765981454
2020-04-13 00:18:00,0.5941294423114982
2020-04-13 00:21:00,0.5348232601311338
2020-04-13 00:24:00,0.5064876770394449
2020-04-13 00:27:00,0.4836269292575821
2020-04-13 00:30:00,0.4705005299975369
2020-04-13 00:33:00,0.3504973275064458
2020-04-13 00:36:00,0.3503362968340866
2020-04-13 00:39:00,0.39959208543149316
2020-04-13 00:42:00,0.42027500030155807
2020-04-13 00:45:00,0.4278542350193675
2020-04-13 00:48:00,0.48207501550342613
2020-04-13 00:51:00,0.5947680563839981
2020-04-13 00:54:00,0.5348002230250017
2020-04-13 00:57:00,0.47779037048667305
2020-04-13 01:00:00,0.44043579099411545
2020-04-13 01:03:00,0.3346424647119193
2020-04-13 01:06:00,0.48045461372061027
2020-04-13 01:09:00,0.4457684476106465
2020-04-13 01:12:00,0.3471803940817608
2020-04-13 01:15:00,0.41765497607684665
2020-04-13 01:18:00,0.3686892481559312
2020-04-13 01:21:00,0.3845809618489966
2020-04-13 01:24:00,0.4371664231660475
2020-04-13 01:27:00,0.3779553001960494
2020-04-13 01:30:00,0.3099092639849914
2020-04-13 01:33:00,0.2664817224065814
2020-04-13 01:36:00,0.3788114457223628
2020-04-13 01:39:00,0.45770626200203424
2020-04-13 01:42:00,0.4395021646545274
2020-04-13 01:45:00,0.3834839279758171
2020-04-13 01:48:00,0.33910435251556237
2020-04-13 01:51:00,0.3785924765027744
2020-04-13 01:54:00,0.29372932783650185
2020-04-13 01:57:00,0.30123498533981774
2020-04-13 02:00:00,0.31600352893195804
2020-04-13 02:03:00,0.31020705598911036
2020-04-13 02:06:00,0.37122370961094475
2020-04-13 02:09:00,0.3723020700252846
2020-04-13 02:12:00,0.2718689759969948
2020-04-13 02:15:00,0.3774869092142126
2020-04-13 02:18:00,0.2221879478343567
2020-04-13 02:21:00,0.3074005775693536
2020-04-13 02:24:00,0.3779925228902812
2020-04-13 02:27:00,0.3067131208917999
2020-04-13 02:30:00,0.4232567286903759
2020-04-13 02:33:00,0.33337131020266497
2020-04-13 02:36:00,0.3134925274083571
2020-04-13 02:39:00,0.312589521970267
2020-04-13 02:42:00,0.2829241154364013
2020-04-13 02:45:00,0.4006800492269349
2020-04-13 02:48:00,0.35624158961803687
2020-04-13 02:51:00,0.29142208254671687
2020-04-13 02:54:00,0.39736520360298755
2020-04-13 02:57:00,0.417793920594022
2020-04-13 03:00:00,0.37803726087440737
2020-04-13 03:03:00,0.3783139883934723
2020-04-13 03:06:00,0.43776676293100536
2020-04-13 03:09:00,0.3698642293209673
2020-04-13 03:12:00,0.32358656662620433
2020-04-13 03:15:00,0.4142205964118375
2020-04-13 03:18:00,0.29743956117749804
2020-04-13 03:21:00,0.2991857355412435
2020-04-13 03:24:00,0.31223872676469
2020-04-13 03:27:00,0.3691990858717986
2020-04-13 03:30:00,0.418399576675597
2020-04-13 03:33:00,0.28608307444181946
2020-04-13 03:36:00,0.2875200128938218
2020-04-13 03:39:00,0.3050985080607802
2020-04-13 03:42:00,0.338083561148494
2020-04-13 03:45:00,0.31454455944714255
2020-04-13 03:48:00,0.3039149401186023
2020-04-13 03:51:00,0.33149207677519144
2020-04-13 03:54:00,0.3595675822015778
2020-04-13 03:57:00,0.19307221258139862
2020-04-13 04:00:00,0.30256853467653855
2020-04-13 04:03:00,0.3550526088350807
2020-04-13 04:06:00,0.28813263965088254
2020-04-13 04:09:00,0.3227694810956905
2020-04-13 04:12:00,0.31508424838955307
2020-04-13 04:15:00,0.3580697594354092
2020-04-13 04:18:00,0.28197678879683963
2020-04-13 04:21:00,0.24239862502565757
2020-04-13 04:24:00,0.29475952871024447
2020-04-13 04:27:00,0.31821487677405
2020-04-13 04:30:00,0.20475245409568288
2020-04-13 04:33:00,0.34744475927124086
2020-04-13 04:36:00,0.2804162935576642
2020-04-13 04:39:00,0.36918078411082433
2020-04-13 04:42:00,0.28386667134975596
2020-04-13 04:45:00,0.2553692093241011
2020-04-13 04:48:00,0.24468317564276276
2020-04-13 04:51:00,0.32820241024001007
2020-04-13 04:54:00,0.2845183527085169
2020-04-13 04:57:00,0.37328517535712535
2020-04-13 05:00:00,0.31530712956180196
2020-04-13 05:03:00,0.2848757917373632
2020-04-13 05:06:00,0.32681375955155545
2020-04-13 05:09:00,0.26862109222508934
2020-04-13 05:12:00,0.28209637172142266
2020-04-13 05:15:00,0.31427499905476
2020-04-13 05:18:00,0.3451994139780368
2020-04-13 05:21:00,0.3978682131776736
2020-04-13 05:24:00,0.2963147531755226
2020-04-13 05:27:00,0.3503925355428805
2020-04-13 05:30:00,0.29779021996876054
2020-04-13 05:33:00,0.2899344387694782
2020-04-13 05:36:00,0.2997518473744094
2020-04-13 05:39:00,0.1969300790524926
2020-04-13 05:42:00,0.2989473161971432
2020-04-13 05:45:00,0.18825895527197645
2020-04-13 05:48:00,0.22199386143250877
2020-04-13 05:51:00,0.2663989057112417
2020-04-13 05:54:00,0.2693503912206552
2020-04-13 05:57:00,0.20150057130035748
2020-04-13 06:00:00,0.22670893838341044
2020-04-13 06:03:00,0.28475181856640575
2020-04-13 06:06:00,0.20140259265525629
2020-04-13 06:09:00,0.22892044807383627
2020-04-13 06:12:00,0.3114182630816913
2020-04-13 06:15:00,0.36170325615711363
2020-04-13 06:18:00,0.2622821568758127
2020-04-13 06:21:00,0.3356539988057534
2020-04-13 06:24:00,0.3678298167424714
2020-04-13 06:27:00,0.26325581398197073
2020-04-13 06:30:00,0.2551981222355266
2020-04-13 06:33:00,0.2321089145032147
2020-04-13 06:36:00,0.2941046624873138
2020-04-13 06:39:00,0.17089468059253932
2020-04-13 06:42:00,0.2599521849296025
2020-04-13 06:45:00,0.26092727859912657
2020-04-13 06:48:00,0.20460319601318133
2020-04-13 06:51:00,0.20156295204691332
2020-04-13 06:54:00,0.313221048204241
2020-04-13 06:57:00,0.31528780328568473
2020-04-13 07:00:00,0.2597497607831656
2020-04-13 07:03:00,0.26726021904806885
2020-04-13 07:06:00,0.41035561141490007
2020-04-13 07:09:00,0.3603780300141466
2020-04-13 07:12:00,0.37556667447057634
2020-04-13 07:15:00,0.4903761473408963
2020-04-13 07:18:00,0.41665180002024726
2020-04-13 07:21:00,0.47155975118357674
2020-04-13 07:24:00,0.25613685488048077
2020-04-13 07:27:00,0.4028484305999882
2020-04-13 07:30:00,0.2664081056923351
2020-04-13 07:33:00,0.3034258686365092
2020-04-13 07:36:00,0.25684276714343923
2020-04-13 07:39:00,0.468009526642561
2020-04-13 07:42:00,0.32945237821036244
2020-04-13 07:45:00,0.28241296009088046
2020-04-13 07:48:00,0.3694601703379021
2020-04-13 07:51:00,0.31539257098546614
2020-04-13 07:54:00,0.3372565448650562
2020-04-13 07:57:00,0.21402290739564478
2020-04-13 08:00:00,0.3080180829897472
2020-04-13 08:03:00,0.31088282325333694
2020-04-13 08:06:00,0.3371472680552188
2020-04-13 08:09:00,0.316415334013584
2020-04-13 08:12:00,0.29399590715729573
2020-04-13 08:15:00,0.3359403012565849
2020-04-13 08:18:00,0.3060496804147874
2020-04-13 08:21:00,0.2854912326051249
2020-04-13 08:24:00,0.24755681805476115
2020-04-13 08:27:00,0.3453967721159188
2020-04-13 08:30:00,0.3052798728294306
2020-04-13 08:33:00,0.3597949839605121
2020-04-13 08:36:00,0.3715061161526023
2020-04-13 08:39:00,0.4062128313381663
2020-04-13 08:42:00,0.4068733923733703
2020-04-13 08:45:00,0.4580706936179695
2020-04-13 08:48:00,0.3363993295889145
2020-04-13 08:51:00,0.3854979848128437
2020-04-13 08:54:00,0.32517047544183697
2020-04-13 08:57:00,0.39299971549365864
2020-04-13 09:00:00,0.43744267179141616
2020-04-13 09:03:00,0.3933408345360476
2020-04-13 09:06:00,0.415393305171051
2020-04-13 09:09:00,0.3352738425685402
2020-04-13 09:12:00,0.3810128919286626
2020-04-13 09:15:00,0.3602589235632081
2020-04-13 09:18:00,0.433940317423378
2020-04-13 09:21:00,0.3781398675045011
2020-04-13 09:24:00,0.33064232934310667
2020-04-13 09:27:00,0.33816375469587
2020-04-13 09:30:00,0.4825206840897067
2020-04-13 09:33:00,0.38304897709525676
2020-04-13 09:36:00,0.4143156729831503
2020-04-13 09:39:00,0.38437596823098374
2020-04-13 09:42:00,0.3973330593028095
2020-04-13 09:45:00,0.28075587833978943
2020-04-13 09:48:00,0.4104266872168978
2020-04-13 09:51:00,0.4251533175244617
2020-04-13 09:54:00,0.40356219071480837
2020-04-13 09:57:00,0.4282712341691308
2020-04-13 10:00:00,0.3835864320429323
2020-04-13 10:03:00,0.3577717208044646
2020-04-13 10:06:00,0.4689270786937527
2020-04-13 10:09:00,0.4920890159498299
2020-04-13 10:12:00,0.4108231581710129
2020-04-13 10:15:00,0.419277749256878
2020-04-13 10:18:00,0.37171985469285573
2020-04-13 10:21:00,0.4178421907541292
2020-04-13 10:24:00,0.4240157049525237
2020-04-13 10:27:00,0.5095069962316643
2020-04-13 10:30:00,0.4569684160185261
2020-04-13 10:33:00,0.3107940804093232
2020-04-13 10:36:00,0.3078975069263379
2020-04-13 10:39:00,0.4560099301494347
2020-04-13 10:42:00,0.3872175304811094
2020-04-13 10:45:00,0.5026720754643179
2020-04-13 10:48:00,0.4437153865530945
2020-04-13 10:51:00,0.5407941969558578
2020-04-13 10:54:00,0.3776823045430433
2020-04-13 10:57:00,0.3041689350292245
2020-04-13 11:00:00,0.25580772376440564
2020-04-13 11:03:00,0.3765599123924517
2020-04-13 11:06:00,0.2670944937289619
2020-04-13 11:09:00,0.2919057131014142
2020-04-13 11:12:00,0.19568147071981912
2020-04-13 11:15:00,0.21256071959612655
2020-04-13 11:18:00,0.3201130814643989
2020-04-13 11:21:00,0.264644122298364
2020-04-13 11:24:00,0.17054024159244818
2020-04-13 11:27:00,0.310825490509103
2020-04-13 11:30:00,0.2703980845285514
2020-04-13 11:33:00,0.2446285867377469
2020-04-13 11:36:00,0.2754439093214387
2020-04-13 11:39:00,0.22851043420496353
2020-04-13 11:42:00,0.1442083983839666
2020-04-13 11:45:00,0.19446940027381743
2020-04-13 11:48:00,0.09647423313970194
2020-04-13 11:51:00,0.06936399396340676
2020-04-13 11:54:00,0.08319271448806376
2020-04-13 11:57:00,0.15947158336285838
2020-04-13 12:00:00,0.03644577627608214
2020-04-13 12:03:00,0.06807581883640523
2020-04-13 12:06:00,0.032842876637459995
2020-04-13 12:09:00,0.07197419591039989
2020-04-13 12:12:00,0.09024017946751428
2020-04-13 12:15:00,0.06278375542632375
2020-04-13 12:18:00,0.0840217686997562
2020-04-13 12:21:00,0.08690281118703069
2020-04-13 12:24:00,0.05653440068181226
2020-04-13 12:27:00,0.15485675041452396
2020-04-13 12:30:00,0.07729049675140232
2020-04-13 12:33:00,0.04179557642993359
2020-04-13 12:36:00,-0.039878175695889695
2020-04-13 12:39:00,-0.06809571855444574
2020-04-13 12:42:00,-0.0620000923487396
2020-04-13 12:45:00,-0.012183613543470528
2020-04-13 12:48:00,-0.04183155959663054
2020-04-13 12:51:00,-0.0838000527325562
2020-04-13 12:54:00,-0.06403716764759793
2020-04-13 12:57:00,-0.11127192599849423
2020-04-13 13:00:00,-0.1300855834184631
2020-04-13 13:03:00,-0.10048434799136885
2020-04-13 13:06:00,-0.15153230092943204
2020-04-13 13:09:00,-0.04389210793078746
2020-04-13 13:12:00,-0.09978047743112484
2020-04-13 13:15:00,-0.09164215000640752
2020-04-13 13:18:00,-0.11287784662567901
2020-04-13 13:21:00,-0.002186155788706401
2020-04-13 13:24:00,-0.14111145130453906
2020-04-13 13:27:00,-0.13006361879916994
2020-04-13 13:30:00,-0.2605058101544273
2020-04-13 13:33:00,0.03239705455354169
2020-04-13 13:36:00,0.0017042562845972498
2020-04-13 13:39:00,0.06667860593370278
2020-04-13 13:42:00,-0.06657445408706053
2020-04-13 13:45:00,0.08166821387396794
2020-04-13 13:48:00,0.034367815311156846
2020-04-13 13:51:00,0.319588593803644
2020-04-13 13:54:00,0.16289212858896462
2020-04-13 13:57:00,0.11371920510254085
2020-04-13 14:00:00,-0.009571809310614299
2020-04-13 14:03:00,-0.06860437282188059
2020-04-13 14:06:00,-0.06620399791177078
2020-04-13 14:09:00,0.044915715331455885
2020-04-13 14:12:00,0.19562594513155318
2020-04-13 14:15:00,0.15006632070924297
2020-04-13 14:18:00,0.05929589050629147
2020-04-13 14:21:00,0.010544332776248666
2020-04-13 14:24:00,0.03682423830900916
2020-04-13 14:27:00,-0.077079532871835
2020-04-13 14:30:00,0.0208762567389158
2020-04-13 14:33:00,0.07810187207752506
2020-04-13 14:36:00,0.09092700538718645
2020-04-13 14:39:00,0.1348996923152299
2020-04-13 14:42:00,0.21015221698110054
2020-04-13 14:45:00,0.14919061085885232
2020-04-13 14:48:00,0.1390438389071278
2020-04-13 14:51:00,0.1352214873295452
2020-04-13 14:54:00,0.1524560955443235
2020-04-13 14:57:00,0.14207504599511367
2020-04-13 15:00:00,-0.07838239972693373
2020-04-13 15:03:00,0.2006516136569303
2020-04-13 15:06:00,0.23096689406833093
2020-04-13 15:09:00,0.021573868646783012
2020-04-13 15:12:00,0.05483551623552785
2020-04-13 15:15:00,0.0032590976310871156
2020-04-13 15:18:00,0.07144933833671985
2020-04-13 15:21:00,-0.010119210239224685
2020-04-13 15:24:00,-0.21207853930116016
2020-04-13 15:27:00,-0.18190098988907266
2020-04-13 15:30:00,-0.11374259851493207
2020-04-13 15:33:00,-0.09613399084764751
2020-04-13 15:36:00,-0.02886122899099064
2020-04-13 15:39:00,-0.009624737105298209
2020-04-13 15:42:00,0.14320449625546416
2020-04-13 15:45:00,0.1847398345425404
2020-04-13 15:48:00,0.03853088970350882
2020-04-13 15:51:00,0.09763579149591806
2020-04-13 15:54:00,0.21209413978766634
2020-04-13 15:57:00,0.2947950989035917
2020-04-13 16:00:00,-0.012142330475910512
2020-04-13 16:03:00,-0.13788440261487267
2020-04-13 16:06:00,-0.026213236657781636
2020-04-13 16:09:00,0.07649978954714243
2020-04-13 16:12:00,0.18329735623626675
2020-04-13 16:15:00,0.09257064699551165
2020-04-13 16:18:00,0.16800568429988516
2020-04-13 16:21:00,0.0848921231706754
2020-04-13 16:24:00,0.14768254722525853
2020-04-13 16:27:00,0.2362102163176587
2020-04-13 16:30:00,0.2289322847028643
2020-04-13 16:33:00,0.3291840051476811
2020-04-13 16:36:00,0.22646472749084978
2020-04-13 16:39:00,0.28503352439560103
2020-04-13 16:42:00,0.13477141928120773
2020-04-13 16:45:00,0.16769721047120356
2020-04-13 16:48:00,0.31437129912188766
2020-04-13 16:51:00,0.20687393201512805
2020-04-13 16:54:00,0.13844432704360088
2020-04-13 16:57:00,0.20247361837192557
2020-04-13 17:00:00,0.21027314064326674
2020-04-13 17:03:00,0.08289705426540195
2020-04-13 17:06:00,0.0592261993840566
2020-04-13 17:09:00,0.12903380195677983
2020-04-13 17:12:00,0.5909295571711937
2020-04-13 17:15:00,0.5547607036760951
2020-04-13 17:18:00,0.409861219165748
2020-04-13 17:21:00,0.40485328285143396
2020-04-13 17:24:00,0.5397835570311145
2020-04-13 17:27:00,0.7906986264576972
2020-04-13 17:30:00,0.7056125002815747
2020-04-13 17:33:00,0.6124703340583437
2020-04-13 17:36:00,0.5786815453267309
2020-04-13 17:39:00,0.43646565428309714
2020-04-13 17:42:00,0.5703457890430172
2020-04-13 17:45:00,0.4185168221468416
2020-04-13 17:48:00,0.5255279809420017
2020-04-13 17:51:00,0.4642937686147093
2020-04-13 17:54:00,0.45815278962203365
2020-04-13 17:57:00,0.6232131268254193
2020-04-13 18:00:00,0.7663475574544236
2020-04-13 18:03:00,0.8382274516326902
2020-04-13 18:06:00,0.6593288785787195
2020-04-13 18:09:00,0.46604408264789754
2020-04-13 18:12:00,0.3755966610074779
2020-04-13 18:15:00,0.3197385855646644
2020-04-13 18:18:00,0.40427398507398493
2020-04-13 18:21:00,0.36083007886031737
2020-04-13 18:24:00,0.38174696376506745
2020-04-13 18:27:00,0.28744990862224995
2020-04-13 18:30:00,0.3562554659482089
2020-04-13 18:33:00,0.30793136390906284
2020-04-13 18:36:00,0.35484999461107236
2020-04-13 18:39:00,0.479742050950847
2020-04-13 18:42:00,0.40314124080140346
2020-04-13 18:45:00,0.4144687038359507
2020-04-13 18:48:00,0.4363353419477676
2020-04-13 18:51:00,0.59043316663832
2020-04-13 18:54:00,0.5722771599886869
2020-04-13 18:57:00,
2020-04-13 19:00:00,
2020-04-13 19:03:00,0.43954411823966666
2020-04-13 19:06:00,0.40842979114182754
2020-04-13 19:09:00,0.4715863873791477
2020-04-13 19:12:00,0.4707596145459547
2020-04-13 19:15:00,0.5609179097253332
2020-04-13 19:18:00,0.7850058151647659
2020-04-13 19:21:00,0.7638378790762204
2020-04-13 19:24:00,0.6229972174067484
2020-04-13 19:27:00,0.4954446053245647
2020-04-13 19:30:00,0.5524845991870393
2020-04-13 19:33:00,0.54506470520937
2020-04-13 19:36:00,0.71109642164771
2020-04-13 19:39:00,0.8453664154374678
2020-04-13 19:42:00,0.48089218910638465
2020-04-13 19:45:00,0.6174853586845757
2020-04-13 19:48:00,0.40893886559587145
2020-04-13 19:51:00,0.3742458285568091
2020-04-13 19:54:00,0.561993911226125
2020-04-13 19:57:00,0.7695156563401611
2020-04-13 20:00:00,0.729239883437117
2020-04-13 20:03:00,0.8149075878066583
2020-04-13 20:06:00,0.6027114214136304
2020-04-13 20:09:00,0.39948065419133627
2020-04-13 20:12:00,0.3353972231490161
2020-04-13 20:15:00,0.44129383788839505
2020-04-13 20:18:00,0.28623278558552556
2020-04-13 20:21:00,0.3943498455711847
2020-04-13 20:24:00,0.31365926489922913
2020-04-13 20:27:00,0.49536876222100545
2020-04-13 20:30:00,0.4959979404929413
2020-04-13 20:33:00,0.45232983998914733
2020-04-13 20:36:00,0.47571103071163634
2020-04-13 20:39:00,0.45414742019420373
2020-04-13 20:42:00,0.5278816064292755
2020-04-13 20:45:00,0.5020698135854786
2020-04-13 20:48:00,0.488899111722219
2020-04-13 20:51:00,0.557774640306377
2020-04-13 20:54:00,0.5586041297987094
2020-04-13 20:57:00,0.42583927330963434
2020-04-13 21:00:00,0.4957212380343776
2020-04-13 21:03:00,0.4403911878262079
2020-04-13 21:06:00,0.3420967105963655
2020-04-13 21:09:00,0.3820401245915832
2020-04-13 21:12:00,0.4994194836029351
2020-04-13 21:15:00,0.3776894093402916
2020-04-13 21:18:00,0.45207131241539855
2020-04-13 21:21:00,0.44633355115331597
2020-04-13 21:24:00,0.34223429491459
2020-04-13 21:27:00,0.345821019589323
2020-04-13 21:30:00,0.3780657936711691
2020-04-13 21:33:00,0.3801551572065591
2020-04-13 21:36:00,0.33733932600347316
2020-04-13 21:39:00,0.3730313243324872
2020-04-13 21:42:00,0.39324999489952006
2020-04-13 21:45:00,0.33484269816375445
2020-04-13 21:48:00,0.29332322259108423
2020-04-13 21:51:00,0.2942173997883515
2020-04-13 21:54:00,0.3988373578378628
2020-04-13 21:57:00,0.37262201266776174
2020-04-13 22:00:00,0.4265116426722102
2020-04-13 22:03:00,0.315447968330659
2020-04-13 22:06:00,0.40627282906473283
2020-04-13 22:09:00,0.31111684984040266
2020-04-13 22:12:00,0.42562653243254545
2020-04-13 22:15:00,0.36074409357388504
2020-04-13 22:18:00,0.3945753320675749
2020-04-13 22:21:00,0.46947818569077526
2020-04-13 22:24:00,0.43161964346381865
2020-04-13 22:27:00,0.5078811146601083
2020-04-13 22:30:00,0.4748104203041521
2020-04-13 22:33:00,0.3609337119557381
2020-04-13 22:36:00,0.3885179779423993
2020-04-13 22:39:00,0.4103367013930779
2020-04-13 22:42:00,0.427298389788632
2020-04-13 22:45:00,0.36567841053471284
2020-04-13 22:48:00,0.55083817810646
2020-04-13 22:51:00,0.45509791322274395
2020-04-13 22:54:00,0.4733166463777252
2020-04-13 22:57:00,0.6487636875501153
2020-04-13 23:00:00,0.48918158178088333
2020-04-13 23:03:00,0.48964650453598324
2020-04-13 23:06:00,0.4650262071282327
2020-04-13 23:09:00,0.3614491903509247
2020-04-13 23:12:00,0.32247590239927604
2020-04-13 23:15:00,0.43827827176801293
2020-04-13 23:18:00,0.33053097991808045
2020-04-13 23:21:00,0.4259543437995603
2020-04-13 23:24:00,0.430931907512047
2020-04-13 23:27:00,0.5408369761437939
2020-04-13 23:30:00,0.5283153933781932
2020-04-13 23:33:00,0.4734257347678863
2020-04-13 23:36:00,0.45073053104624705
2020-04-13 23:39:00,0.42431405007539524
2020-04-13 23:42:00,0.5062797779694961
2020-04-13 23:45:00,0.545676416341621
2020-04-13 23:48:00,0.5103812058562767
2020-04-13 23:51:00,0.6302436036709196
2020-04-13 23:54:00,0.5663085055044235
2020-04-13 23:57:00,0.5680946126269077
2020-04-14 00:00:00,0.4382115421596495
2020-04-14 00:03:00,0.49143540152238074
2020-04-14 00:06:00,0.6037363007749832
2020-04-14 00:09:00,0.5736176871163821
2020-04-14 00:12:00,0.49069091518396135
2020-04-14 00:15:00,0.477850262903587
2020-04-14 00:18:00,0.4878591723585828
2020-04-14 00:21:00,0.47791008147919456
2020-04-14 00:24:00,0.5332878765666464
2020-04-14 00:27:00,0.5998626625607244
2020-04-14 00:30:00,0.5673596975079818
2020-04-14 00:33:00,0.5067874120820193
2020-04-14 00:36:00,0.6031747723239391
2020-04-14 00:39:00,0.5027465063743648
2020-04-14 00:42:00,0.4693884543908098
2020-04-14 00:45:00,0.5225031651494305
2020-04-14 00:48:00,0.5948194543357204
2020-04-14 00:51:00,0.4870006428250804
2020-04-14 00:54:00,0.5244008385751613
2020-04-14 00:57:00,0.5649991440972144
2020-04-14 01:00:00,0.4358549932284177
2020-04-14 01:03:00,0.5823273690550081
2020-04-14 01:06:00,0.469184571609901
2020-04-14 01:09:00,0.5825787121843291
2020-04-14 01:12:00,0.5946144547317544
2020-04-14 01:15:00,0.5017866252711087
2020-04-14 01:18:00,0.4819057764277659
2020-04-14 01:21:00,0.5151762791718966
2020-04-14 01:24:00,0.4642905813212792
2020-04-14 01:27:00,0.5354973225459503
2020-04-14 01:30:00,0.5690551378187365
2020-04-14 01:33:00,0.5962073552950073
2020-04-14 01:36:00,0.6388579882644763
2020-04-14 01:39:00,0.5767417980079017
2020-04-14 01:42:00,0.5093964366200225
2020-04-14 01:45:00,0.4167792831368047
2020-04-14 01:48:00,0.450334398980317
2020-04-14 01:51:00,0.4915155769546118
2020-04-14 01:54:00,0.5105379372006382
2020-04-14 01:57:00,0.4936519369305188
2020-04-14 02:00:00,0.4796399532277178
2020-04-14 02:03:00,0.4231775619549012
2020-04-14 02:06:00,0.5069845080710138
2020-04-14 02:09:00,0.4464337334312063
2020-04-14 02:12:00,0.5569990870070569
2020-04-14 02:15:00,0.41635993769335755
2020-04-14 02:18:00,0.45642249432557946
2020-04-14 02:21:00,0.42361512605924645
2020-04-14 02:24:00,0.4209959592061523
2020-04-14 02:27:00,0.475925453180821
2020-04-14 02:30:00,0.4374915471641998
2020-04-14 02:33:00,0.37670287852211004
2020-04-14 02:36:00,0.4928785891782468
2020-04-14 02:39:00,0.4808056983872575
2020-04-14 02:42:00,0.4377654399019093
2020-04-14 02:45:00,0.492925772217518
2020-04-14 02:48:00,0.4999925363405282
2020-04-14 02:51:00,0.47894840282401674
2020-04-14 02:54:00,0.5287240587213091
2020-04-14 02:57:00,0.507671114046957
2020-04-14 03:00:00,0.43716488358131755
2020-04-14 03:03:00,0.4782779694996293
2020-04-14 03:06:00,0.5442758847806886
2020-04-14 03:09:00,0.5200157494210771
2020-04-14 03:12:00,0.45059021807981026
2020-04-14 03:15:00,0.4283397679322434
2020-04-14 03:18:00,0.37950502109202944
2020-04-14 03:21:00,0.4667421042730098
2020-04-14 03:24:00,0.4749765723078667
2020-04-14 03:27:00,0.626492455761479
2020-04-14 03:30:00,0.5482140688667982
2020-04-14 03:33:00,0.5424210261887197
2020-04-14 03:36:00,0.5254576867948231
2020-04-14 03:39:00,0.5584458195279467
2020-04-14 03:42:00,0.44184553000565074
2020-04-14 03:45:00,0.4728323083242003
2020-04-14 03:48:00,0.5008849390080172
2020-04-14 03:51:00,0.46486668492474337
2020-04-14 03:54:00,0.48957422307807974
2020-04-14 03:57:00,0.49936363768102865
2020-04-14 04:00:00,0.38807281459696696
2020-04-14 04:03:00,0.4634564017093794
2020-04-14 04:06:00,0.5821285499640112
2020-04-14 04:09:00,0.4873668530105988
2020-04-14 04:12:00,0.5690338573121494
2020-04-14 04:15:00,0.46778743058968075
2020-04-14 04:18:00,0.5036114695673177
2020-04-14 04:21:00,0.5353490209988649
2020-04-14 04:24:00,0.3814261648260526
2020-04-14 04:27:00,0.5868650828642217
2020-04-14 04:30:00,0.4989302037237735
2020-04-14 04:33:00,0.5330888535644931
2020-04-14 04:36:00,0.5137584731768925
2020-04-14 04:39:00,0.46332893246216145
2020-04-14 04:42:00,0.5290858482607632
2020-04-14 04:45:00,0.5335223997741423
2020-04-14 04:48:00,0.6127314941242048
2020-04-14 04:51:00,0.5134395055188179
2020-04-14 04:54:00,0.4492308338061548
2020-04-14 04:57:00,0.4877123922875626
2020-04-14 05:00:00,0.576490132560366
2020-04-14 05:03:00,0.49190145983976663
2020-04-14 05:06:00,0.4607630840702086
2020-04-14 05:09:00,0.49682565307898585
2020-04-14 05:12:00,0.5855986784114862
2020-04-14 05:15:00,0.6230998606308162
2020-04-14 05:18:00,0.5938824279648998
2020-04-14 05:21:00,0.5650034420265229
2020-04-14 05:24:00,0.509260008679405
2020-04-14 05:27:00,0.632295129064687
2020-04-14 05:30:00,0.5199203223406812
2020-04-14 05:33:00,0.5537777172935989
2020-04-14 05:36:00,0.5133244416363141
2020-04-14 05:39:00,0.5199504633275751
2020-04-14 05:42:00,0.47740165240168153
2020-04-14 05:45:00,0.5754085785254688
2020-04-14 05:48:00,0.5138952135239947
2020-04-14 05:51:00,0.5588653006738014
2020-04-14 05:54:00,0.5178902578687143
2020-04-14 05:57:00,0.4665749841564093
2020-04-14 06:00:00,0.4425663267701907
2020-04-14 06:03:00,0.5312554432447314
2020-04-14 06:06:00,0.6149188124434204
2020-04-14 06:09:00,0.4811697910762973
2020-04-14 06:12:00,0.5236438560017405
2020-04-14 06:15:00,0.4913444520245207
2020-04-14 06:18:00,0.49616275437023205
2020-04-14 06:21:00,0.5696611099259599
2020-04-14 06:24:00,0.40963427464419055
2020-04-14 06:27:00,0.45443765823853255
2020-04-14 06:30:00,0.42550205058404345
2020-04-14 06:33:00,0.5611375326972734
2020-04-14 06:36:00,0.5439227917265157
2020-04-14 06:39:00,0.45046821824581684
2020-04-14 06:42:00,0.47012584476556185
2020-04-14 06:45:00,0.4717547093511598
2020-04-14 06:48:00,0.4840460615129132
2020-04-14 06:51:00,0.4403716233181285
2020-04-14 06:54:00,0.43404680851318744
2020-04-14 06:57:00,0.5070575871129108
2020-04-14 07:00:00,0.4979346185079976
2020-04-14 07:03:00,0.41594552484826863
2020-04-14 07:06:00,0.40409598116366396
2020-04-14 07:09:00,0.44512773378266957
2020-04-14 07:12:00,0.5463530335758833
2020-04-14 07:15:00,0.4817582121349915
2020-04-14 07:18:00,0.5317774804470901
2020-04-14 07:21:00,0.5082611583235916
2020-04-14 07:24:00,0.4570099911230727
2020-04-14 07:27:00,0.4817792127597045
2020-04-14 07:30:00,0.41125019607068225
2020-04-14 07:33:00,0.34299147697191756
2020-04-14 07:36:00,0.36663292692242067
2020-04-14 07:39:00,0.3737846575371577
2020-04-14 07:42:00,0.39605571418354657
2020-04-14 07:45:00,0.44801495182070994
2020-04-14 07:48:00,0.48696719614338235
2020-04-14 07:51:00,0.4529032888474376
2020-04-14 07:54:00,0.35501684508773224
2020-04-14 07:57:00,0.4248456092919355
2020-04-14 08:00:00,0.38414391252848645
2020-04-14 08:03:00,0.4598241535115335
2020-04-14 08:06:00,0.4075852471681287
2020-04-14 08:09:00,0.3266926259275351
2020-04-14 08:12:00,0.48762730902842577
2020-04-14 08:15:00,0.36578699570787876
2020-04-14 08:18:00,0.40555988952371536
2020-04-14 08:21:00,0.41695200546763544
2020-04-14 08:24:00,0.3441490804085561
2020-04-14 08:27:00,0.3769437405464373
2020-04-14 08:30:00,0.4009232041110522
2020-04-14 08:33:00,0.45543955657825563
2020-04-14 08:36:00,0.35218546426727926
2020-04-14 08:39:00,0.3386868664059648
2020-04-14 08:42:00,0.3606412915696069
2020-04-14 08:45:00,0.3288246473484264
2020-04-14 08:48:00,0.3064919072469934
2020-04-14 08:51:00,0.40930609034558074
2020-04-14 08:54:00,0.45194154118087226
2020-04-14 08:57:00,0.3825814408348833
2020-04-14 09:00:00,0.24922233106121894
2020-04-14 09:03:00,0.2779138808894004
2020-04-14 09:06:00,0.3263013648141282
2020-04-14 09:09:00,0.2644085560145868
2020-04-14 09:12:00,0.3103335494101316
2020-04-14 09:15:00,0.3729451620886266
2020-04-14 09:18:00,0.391711102374245
2020-04-14 09:21:00,0.36320635927557987
2020-04-14 09:24:00,0.2813164577025873
2020-04-14 09:27:00,0.28225472789796413
2020-04-14 09:30:00,0.16607826642984946
2020-04-14 09:33:00,0.32583724512755907
2020-04-14 09:36:00,0.2885581486455635
2020-04-14 09:39:00,0.1941812344903724
2020-04-14 09:42:00,0.1887352948683656
2020-04-14 09:45:00,0.16395927969989543
2020-04-14 09:48:00,0.10952271854091578
2020-04-14 09:51:00,0.19511277462618182
2020-04-14 09:54:00,0.23253265349126195
2020-04-14 09:57:00,0.2666760396902532
2020-04-14 10:00:00,0.26261565420116995
2020-04-14 10:03:00,0.23446375139957354
2020-04-14 10:06:00,0.18223519379995423
2020-04-14 10:09:00,0.11577614785261403
2020-04-14 10:12:00,0.18595228263285435
2020-04-14 10:15:00,0.11889782175200025
2020-04-14 10:18:00,0.09700924710165282
2020-04-14 10:21:00,0.02267565462972243
2020-04-14 10:24:00,-0.0006632172589888796
2020-04-14 10:27:00,-0.011114256838823167
2020-04-14 10:30:00,0.09026992170919357
2020-04-14 10:33:00,-0.08088611394356349
2020-04-14 10:36:00,0.013119520466375434
2020-04-14 10:39:00,-0.0024817729542405687
2020-04-14 10:42:00,-0.035575730841344466
2020-04-14 10:45:00,0.02810584607328792
2020-04-14 10:48:00,0.009024942451389961
2020-04-14 10:51:00,-0.08385311232018466
2020-04-14 10:54:00,-0.020722932598914667
2020-04-14 10:57:00,0.01002696804016523
2020-04-14 11:00:00,0.03319278745442489
2020-04-14 11:03:00,-0.020225293862154103
2020-04-14 11:06:00,-0.03131402544909179
2020-04-14 11:09:00,-0.1256410290727672
2020-04-14 11:12:00,-0.06560611622001034
2020-04-14 11:15:00,-0.2115659677037911
2020-04-14 11:18:00,-0.06680198874994403
2020-04-14 11:21:00,-0.1283273243962526
2020-04-14 11:24:00,-0.19299139475907623
2020-04-14 11:27:00,-0.22102820573934423
2020-04-14 11:30:00,-0.06849517325491661
2020-04-14 11:33:00,-0.07049188611091495
2020-04-14 11:36:00,-0.10144866496062832
2020-04-14 11:39:00,-0.1597418905636232
2020-04-14 11:42:00,-0.09376956892776889
2020-04-14 11:45:00,-0.038851692998036924
2020-04-14 11:48:00,-0.015665598771420264
2020-04-14 11:51:00,0.09433861724011194
2020-04-14 11:54:00,0.0102800777867742
2020-04-14 11:57:00,-0.12347330436688253
2020-04-14 12:00:00,-0.05170656521084993
2020-04-14 12:03:00,-0.08105772691737911
2020-04-14 12:06:00,-0.17884248286435422
2020-04-14 12:09:00,-0.12281615552853964
2020-04-14 12:12:00,-0.1634083038920835
2020-04-14 12:15:00,-0.16079540031819306
2020-04-14 12:18:00,-0.02518551319172957
2020-04-14 12:21:00,-0.05500529067944626
2020-04-14 12:24:00,-0.053531568595985846
2020-04-14 12:27:00,-0.1323704766008973
2020-04-14 12:30:00,-0.07229780047782697
2020-04-14 12:33:00,-0.14795729245287248
2020-04-14 12:36:00,-0.04028896486249778
2020-04-14 12:39:00,-0.09413735668323397
2020-04-14 12:42:00,-0.09454828459621467
2020-04-14 12:45:00,-0.07512436400793376
2020-04-14 12:48:00,-0.13018685295753585
2020-04-14 12:51:00,0.0011129571389574267
2020-04-14 12:54:00,-0.13699436528952447
2020-04-14 12:57:00,-0.11123034121754927
2020-04-14 13:00:00,-0.11544562822803073
2020-04-14 13:03:00,-0.08093050654628087
2020-04-14 13:06:00,-0.025321551231229478
2020-04-14 13:09:00,-0.18972002776689578
2020-04-14 13:12:00,-0.05868939186524358
2020-04-14 13:15:00,-0.14900352694621688
2020-04-14 13:18:00,-0.24086312694396383
2020-04-14 13:21:00,-0.305516725321354
2020-04-14 13:24:00,-0.08616316379436739
2020-04-14 13:27:00,0.022617790654635428
2020-04-14 13:30:00,-0.12725981386029162
2020-04-14 13:33:00,-0.07796528885683074
2020-04-14 13:36:00,0.047763456695463447
2020-04-14 13:39:00,-0.019381289657872003
2020-04-14 13:42:00,0.08272518266250017
2020-04-14 13:45:00,0.04482226299080594
2020-04-14 13:48:00,0.11432728490922273
2020-04-14 13:51:00,0.17982380417140575
2020-04-14 13:54:00,0.1411593333174892
2020-04-14 13:57:00,0.33163295141361004
2020-04-14 14:00:00,0.4232979180380312
2020-04-14 14:03:00,0.3094465070248589
2020-04-14 14:06:00,0.17491034619916945
2020-04-14 14:09:00,0.1346716605878555
2020-04-14 14:12:00,0.297589260779489
2020-04-14 14:15:00,0.27978593183456724
2020-04-14 14:18:00,0.3366315736749925
2020-04-14 14:21:00,0.3295612462289341
2020-04-14 14:24:00,0.21222196604571764
2020-04-14 14:27:00,0.16381120467605115
2020-04-14 14:30:00,0.21809435858534698
2020-04-14 14:33:00,0.20689413853421001
2020-04-14 14:36:00,0.1613988526565322
2020-04-14 14:39:00,0.1893786077332038
2020-04-14 14:42:00,0.2671151292973377
2020-04-14 14:45:00,0.1609466136862352
2020-04-14 14:48:00,0.0914396601854719
2020-04-14 14:51:00,0.036037238432356844
2020-04-14 14:54:00,0.13600803542112772
2020-04-14 14:57:00,0.04923728355430512
2020-04-14 15:00:00,0.08987734171483908
2020-04-14 15:03:00,0.0751941509429912
2020-04-14 15:06:00,0.006958470035044684
2020-04-14 15:09:00,-0.011669569230207344
2020-04-14 15:12:00,-0.14195457838542325
2020-04-14 15:15:00,-0.059056512701545216
2020-04-14 15:18:00,-0.13216649917734458
2020-04-14 15:21:00,0.02121225360411927
2020-04-14 15:24:00,-0.01941663091946566
2020-04-14 15:27:00,0.01922240075418813
2020-04-14 15:30:00,0.075267735646662
2020-04-14 15:33:00,0.07081634677655302
2020-04-14 15:36:00,0.11627376715000537
2020-04-14 15:39:00,0.07568281632728713
2020-04-14 15:42:00,0.1671391975453389
2020-04-14 15:45:00,0.10578105678928296
2020-04-14 15:48:00,0.2251820241397695
2020-04-14 15:51:00,0.19399361293307038
2020-04-14 15:54:00,0.148373550158567
2020-04-14 15:57:00,0.08332208876140612
2020-04-14 16:00:00,0.1492208091543148
2020-04-14 16:03:00,0.04609993335566287
2020-04-14 16:06:00,0.24057528093641167
2020-04-14 16:09:00,0.10765786804614663
2020-04-14 16:12:00,0.162703686683642
2020-04-14 16:15:00,0.23495583273614784
2020-04-14 16:18:00,0.26513341529357604
2020-04-14 16:21:00,0.310513313472768
2020-04-14 16:24:00,0.4854721606221801
2020-04-14 16:27:00,0.49619321214129286
2020-04-14 16:30:00,0.3275073232560999
2020-04-14 16:33:00,0.1623345951485362
2020-04-14 16:36:00,0.25804006866752616
2020-04-14 16:39:00,0.19254621729265864
2020-04-14 16:42:00,0.1713022475517505
2020-04-14 16:45:00,0.11844195897413101
2020-04-14 16:48:00,0.16709358003771513
2020-04-14 16:51:00,0.31537736817085715
2020-04-14 16:54:00,0.5037576899099463
2020-04-14 16:57:00,0.6916375190318718
2020-04-14 17:00:00,0.6382528479554139
2020-04-14 17:03:00,0.6358951937575057
2020-04-14 17:06:00,0.6153388966935722
2020-04-14 17:09:00,0.5526202630179
2020-04-14 17:12:00,0.55655562054136
2020-04-14 17:15:00,0.5901326403044322
2020-04-14 17:18:00,0.5763961674975917
2020-04-14 17:21:00,0.6000190338801872
2020-04-14 17:24:00,0.6096040227921549
2020-04-14 17:27:00,0.657171334192185
2020-04-14 17:30:00,0.5324941101409308
2020-04-14 17:33:00,0.457382001609858
2020-04-14 17:36:00,0.39282575907367345
2020-04-14 17:39:00,0.3133999659893334
2020-04-14 17:42:00,0.23062020397730976
2020-04-14 17:45:00,0.2979853719906487
2020-04-14 17:48:00,0.34140681003350437
2020-04-14 17:51:00,0.27797456351510164
2020-04-14 17:54:00,0.29598197442038554
2020-04-14 17:57:00,0.21572525974374912
2020-04-14 18:00:00,0.3012994811127214
2020-04-14 18:03:00,0.34746804115172836
2020-04-14 18:06:00,0.42601403107045144
2020-04-14 18:09:00,0.3640543659500395
2020-04-14 18:12:00,0.41593522466155264
2020-04-14 18:15:00,0.38105628458862384
2020-04-14 18:18:00,0.4365208695699039
2020-04-14 18:21:00,0.4557283039823119
2020-04-14 18:24:00,0.32361428905329603
2020-04-14 18:27:00,0.37430481554349626
2020-04-14 18:30:00,0.3377496940366882
2020-04-14 18:33:00,0.2611875057108364
2020-04-14 18:36:00,0.35156718773458806
2020-04-14 18:39:00,0.32737315210778206
2020-04-14 18:42:00,0.38950987978074636
2020-04-14 18:45:00,0.32617247497660173
2020-04-14 18:48:00,0.27011404869080025
2020-04-14 18:51:00,0.3678637008919736
2020-04-14 18:54:00,0.3901427804116224
2020-04-14 18:57:00,
2020-04-14 19:00:00,
2020-04-14 19:03:00,0.5734581361858773
2020-04-14 19:06:00,0.5015207539073003
2020-04-14 19:09:00,0.5033012796053526
2020-04-14 19:12:00,0.45303826617367804
2020-04-14 19:15:00,0.4812153244824344
2020-04-14 19:18:00,0.49700694577285276
2020-04-14 19:21:00,0.5285167355079352
2020-04-14 19:24:00,0.49008068136646443
2020-04-14 19:27:00,0.44343161136959
2020-04-14 19:30:00,0.4821802281870191
2020-04-14 19:33:00,0.4767739864103646
2020-04-14 19:36:00,0.5177016607117935
2020-04-14 19:39:00,0.4980084860826537
2020-04-14 19:42:00,0.4509302395685495
2020-04-14 19:45:00,0.40262061946299355
2020-04-14 19:48:00,0.4719067989385053
2020-04-14 19:51:00,0.4240461440821832
2020-04-14 19:54:00,0.420722607002574
2020-04-14 19:57:00,0.40246593356522453
2020-04-14 20:00:00,0.4479403944395699
2020-04-14 20:03:00,0.4043983370775095
2020-04-14 20:06:00,0.4062386074446067
2020-04-14 20:09:00,0.482221843071045
2020-04-14 20:12:00,0.40358878528911646
2020-04-14 20:15:00,0.4393351938246042
2020-04-14 20:18:00,0.5056631857506773
2020-04-14 20:21:00,0.5072798323352004
2020-04-14 20:24:00,0.5163495662454238
2020-04-14 20:27:00,0.517111345377316
2020-04-14 20:30:00,0.42531233622429454
2020-04-14 20:33:00,0.46354438230270034
2020-04-14 20:36:00,0.37494681494632687
2020-04-14 20:39:00,0.33941979141621914
2020-04-14 20:42:00,0.4536015299548808
2020-04-14 20:45:00,0.4377565440674971
2020-04-14 20:48:00,0.4001074116816312
2020-04-14 20:51:00,0.4975632519539772
2020-04-14 20:54:00,0.40109590604146206
2020-04-14 20:57:00,0.5800451145457259
2020-04-14 21:00:00,0.4423710020534486
2020-04-14 21:03:00,0.3806870950525649
2020-04-14 21:06:00,0.38115996046093414
2020-04-14 21:09:00,0.35137012979453175
2020-04-14 21:12:00,0.41119502752690096
2020-04-14 21:15:00,0.25206426760519207
2020-04-14 21:18:00,0.4202580938041933
2020-04-14 21:21:00,0.3962331705553197
2020-04-14 21:24:00,0.3924601556129801
2020-04-14 21:27:00,0.4533944814469919
2020-04-14 21:30:00,0.460434077871696
2020-04-14 21:33:00,0.4241440282721669
2020-04-14 21:36:00,0.28997835539524885
2020-04-14 21:39:00,0.3676662584437622
2020-04-14 21:42:00,0.4445017990406086
2020-04-14 21:45:00,0.5135695744826876
2020-04-14 21:48:00,0.43171103768600005
2020-04-14 21:51:00,0.5287463082335648
2020-04-14 21:54:00,0.474337907295876
2020-04-14 21:57:00,0.42861258337666186
2020-04-14 22:00:00,0.46481632445198784
2020-04-14 22:03:00,0.4115817697576176
2020-04-14 22:06:00,0.3531771925883618
2020-04-14 22:09:00,0.38406189213412745
2020-04-14 22:12:00,0.29102484600434764
2020-04-14 22:15:00,0.40279589992729825
2020-04-14 22:18:00,0.37765716299617225
2020-04-14 22:21:00,0.3859054401938806
2020-04-14 22:24:00,0.3909189028070159
2020-04-14 22:27:00,0.42212751600447973
2020-04-14 22:30:00,0.44231333604102474
2020-04-14 22:33:00,0.3790335706312362
2020-04-14 22:36:00,0.46165160313364595
2020-04-14 22:39:00,0.38940275394838864
2020-04-14 22:42:00,0.41535104904295395
2020-04-14 22:45:00,0.4719420334628808
2020-04-14 22:48:00,0.3476548848065022
2020-04-14 22:51:00,0.2614654738739546
2020-04-14 22:54:00,0.26303642732403887
2020-04-14 22:57:00,0.5231932817956704
2020-04-14 23:00:00,0.3222482535283575
2020-04-14 23:03:00,0.30763944584907676
2020-04-14 23:06:00,0.4150500848932097
2020-04-14 23:09:00,0.2961907364538092
2020-04-14 23:12:00,0.3196296999711876
2020-04-14 23:15:00,0.3246177529297256
2020-04-14 23:18:00,0.31839849989688673
2020-04-14 23:21:00,0.33631681491596055
2020-04-14 23:24:00,0.3256927924430215
2020-04-14 23:27:00,0.4136295555455831
2020-04-14 23:30:00,0.3450302823196125
2020-04-14 23:33:00,0.45744798786677165
2020-04-14 23:36:00,0.39506578873283615
2020-04-14 23:39:00,0.4162132856928338
2020-04-14 23:42:00,0.40597540695125645
2020-04-14 23:45:00,0.3943872121748768
2020-04-14 23:48:00,0.38689278906423397
2020-04-14 23:51:00,0.4225352753286984
2020-04-14 23:54:00,0.395403004352886
2020-04-14 23:57:00,0.4136830191749823
2020-04-15 00:00:00,0.46339343995452964
2020-04-15 00:03:00,0.45459015842419603
2020-04-15 00:06:00,0.4606379080929628
2020-04-15 00:09:00,0.4812890030799508
2020-04-15 00:12:00,0.48144681024888314
2020-04-15 00:15:00,0.3514363948773962
2020-04-15 00:18:00,0.4441590797040931
2020-04-15 00:21:00,0.394974317947856
2020-04-15 00:24:00,0.5097207622823703
2020-04-15 00:27:00,0.3948042930426823
2020-04-15 00:30:00,0.40258454564639123
2020-04-15 00:33:00,0.4990731137507396
2020-04-15 00:36:00,0.34133861506609264
2020-04-15 00:39:00,0.3076236234869043
2020-04-15 00:42:00,0.45821012585298604
2020-04-15 00:45:00,0.33897381783987157
2020-04-15 00:48:00,0.4684653374626464
2020-04-15 00:51:00,0.3864279736386038
2020-04-15 00:54:00,0.38365094435761193
2020-04-15 00:57:00,0.37874756857985403
2020-04-15 01:00:00,0.4207125884116749
2020-04-15 01:03:00,0.4198489879692602
2020-04-15 01:06:00,0.4117128556260923
2020-04-15 01:09:00,0.47278224669474866
2020-04-15 01:12:00,0.47340287861067054
2020-04-15 01:15:00,0.4746618564909113
2020-04-15 01:18:00,0.5517230207711918
2020-04-15 01:21:00,0.42887575495154806
2020-04-15 01:24:00,0.5065759531729555
2020-04-15 01:27:00,0.4369132741808244
2020-04-15 01:30:00,0.39808933946142133
2020-04-15 01:33:00,0.4659286945667418
2020-04-15 01:36:00,0.3724839741627761
2020-04-15 01:39:00,0.3879894510418467
2020-04-15 01:42:00,0.4417995010997515
2020-04-15 01:45:00,0.5016737116726517
2020-04-15 01:48:00,0.39836735188333705
2020-04-15 01:51:00,0.5120205639018991
2020-04-15 01:54:00,0.4711230810808047
2020-04-15 01:57:00,0.43954039056029615
2020-04-15 02:00:00,0.40351811482929634
2020-04-15 02:03:00,0.4994855659273867
2020-04-15 02:06:00,0.4059295893490571
2020-04-15 02:09:00,0.522112310405646
2020-04-15 02:12:00,0.535034903881467
2020-04-15 02:15:00,0.48556523046750044
2020-04-15 02:18:00,0.48569186778979656
2020-04-15 02:21:00,0.4732797911541411
2020-04-15 02:24:00,0.5604940824942446
2020-04-15 02:27:00,0.41517234639371736
2020-04-15 02:30:00,0.4029226554229126
2020-04-15 02:33:00,0.510270208787972
2020-04-15 02:36:00,0.5254454402418673
2020-04-15 02:39:00,0.585832734097778
2020-04-15 02:42:00,0.5967447601725553
2020-04-15 02:45:00,0.6285464116947423
2020-04-15 02:48:00,0.5823151746538429
2020-04-15 02:51:00,0.6404561210613906
2020-04-15 02:54:00,0.5649257377912136
2020-04-15 02:57:00,0.6081276166746648
2020-04-15 03:00:00,0.6091708904162942
2020-04-15 03:03:00,0.5612935313603771
2020-04-15 03:06:00,0.5556383167046874
2020-04-15 03:09:00,0.5249400670249997
2020-04-15 03:12:00,0.4341136309992635
2020-04-15 03:15:00,0.46608094331747907
2020-04-15 03:18:00,0.44239123789793666
2020-04-15 03:21:00,0.41910883354967154
2020-04-15 03:24:00,0.4357558555064429
2020-04-15 03:27:00,0.5004144654851075
2020-04-15 03:30:00,0.4834133647536305
2020-04-15 03:33:00,0.45435154912422604
2020-04-15 03:36:00,0.38017871187014407
2020-04-15 03:39:00,0.44938742800201226
2020-04-15 03:42:00,0.5486061154551294
2020-04-15 03:45:00,0.4434519022105974
2020-04-15 03:48:00,0.44115714210511214
2020-04-15 03:51:00,0.4132180926542901
2020-04-15 03:54:00,0.4910029164992693
2020-04-15 03:57:00,0.5429827122899269
2020-04-15 04:00:00,0.5058473967641817
2020-04-15 04:03:00,0.46986083824208436
2020-04-15 04:06:00,0.4094741931345425
2020-04-15 04:09:00,0.39115057442677426
2020-04-15 04:12:00,0.5259855822612849
2020-04-15 04:15:00,0.4671733825243223
2020-04-15 04:18:00,0.4973307256253179
2020-04-15 04:21:00,0.5585003440905325
2020-04-15 04:24:00,0.5168858606097047
2020-04-15 04:27:00,0.4877840776133553
2020-04-15 04:30:00,0.45195105915672684
2020-04-15 04:33:00,0.48325623342520885
2020-04-15 04:36:00,0.4804837292613229
2020-04-15 04:39:00,0.46595946783929776
2020-04-15 04:42:00,0.44341168651146745
2020-04-15 04:45:00,0.44364653233770923
2020-04-15 04:48:00,0.3622083954636537
2020-04-15 04:51:00,0.42558627192704535
2020-04-15 04:54:00,0.48177323390484617
2020-04-15 04:57:00,0.5659986976993991
2020-04-15 05:00:00,0.4519304594956566
2020-04-15 05:03:00,0.5827725118902549
2020-04-15 05:06:00,0.4880146589077299
2020-04-15 05:09:00,0.4678556559640583
2020-04-15 05:12:00,0.46322256704888787
2020-04-15 05:15:00,0.4798305468605122
2020-04-15 05:18:00,0.4944489933101295
2020-04-15 05:21:00,0.508844236238474
2020-04-15 05:24:00,0.571311076751158
2020-04-15 05:27:00,0.5453210575566914
2020-04-15 05:30:00,0.5538890955697866
2020-04-15 05:33:00,0.5519509881841032
2020-04-15 05:36:00,0.49246531479451505
2020-04-15 05:39:00,0.5239452843832737
2020-04-15 05:42:00,0.3923402136750269
2020-04-15 05:45:00,0.5532580704744987
2020-04-15 05:48:00,0.4946802505206733
2020-04-15 05:51:00,0.4694467370877078
2020-04-15 05:54:00,0.5527673588369453
2020-04-15 05:57:00,0.5168111457952591
2020-04-15 06:00:00,0.48016085673413045
2020-04-15 06:03:00,0.4601337488036279
2020-04-15 06:06:00,0.5366518446335249
2020-04-15 06:09:00,0.5204538054996988
2020-04-15 06:12:00,0.48038294684403127
2020-04-15 06:15:00,0.46265812001763607
2020-04-15 06:18:00,0.3836199464163883
2020-04-15 06:21:00,0.4823564760672525
2020-04-15 06:24:00,0.5046375429321301
2020-04-15 06:27:00,0.4634270851551605
2020-04-15 06:30:00,0.5526680674352633
2020-04-15 06:33:00,0.5621757162510335
2020-04-15 06:36:00,0.5585060338196968
2020-04-15 06:39:00,0.40987995183684234
2020-04-15 06:42:00,0.5411869716578508
2020-04-15 06:45:00,0.5467621102728231
2020-04-15 06:48:00,0.4737490599719649
2020-04-15 06:51:00,0.5475361549176228
2020-04-15 06:54:00,0.5692833338084711
2020-04-15 06:57:00,0.4668652532179749
2020-04-15 07:00:00,0.5587220882010797
2020-04-15 07:03:00,0.5464462564227688
2020-04-15 07:06:00,0.5270322015924194
2020-04-15 07:09:00,0.45639162239939424
2020-04-15 07:12:00,0.5164214919965957
2020-04-15 07:15:00,0.4073945686890852
2020-04-15 07:18:00,0.5476038852455076
2020-04-15 07:21:00,0.4990166945706278
2020-04-15 07:24:00,0.4408828491298209
2020-04-15 07:27:00,0.43354214927040857
2020-04-15 07:30:00,0.4946785851316804
2020-04-15 07:33:00,0.3831133188608078
2020-04-15 07:36:00,0.4242335094841678
2020-04-15 07:39:00,0.4231937811583748
2020-04-15 07:42:00,0.48393971251675794
2020-04-15 07:45:00,0.4254114793833992
2020-04-15 07:48:00,0.48230752635237195
2020-04-15 07:51:00,0.5393041029561232
2020-04-15 07:54:00,0.44941317461888275
2020-04-15 07:57:00,0.5154440976588717
2020-04-15 08:00:00,0.45889318410883106
2020-04-15 08:03:00,0.4315829071059625
2020-04-15 08:06:00,0.41187295743651475
2020-04-15 08:09:00,0.44185784728949784
2020-04-15 08:12:00,0.44578100387320774
2020-04-15 08:15:00,0.43982378668300726
2020-04-15 08:18:00,0.4199476643065623
2020-04-15 08:21:00,0.4499339402575515
2020-04-15 08:24:00,0.43959021828743516
2020-04-15 08:27:00,0.4574748832906721
2020-04-15 08:30:00,0.3374381486186735
2020-04-15 08:33:00,0.3820775752029135
2020-04-15 08:36:00,0.3413145061002183
2020-04-15 08:39:00,0.34251951304634076
2020-04-15 08:42:00,0.3082694337539351
2020-04-15 08:45:00,0.31129957610619385
2020-04-15 08:48:00,0.3134213719897616
2020-04-15 08:51:00,0.32067196831167166
2020-04-15 08:54:00,0.26002825717029054
2020-04-15 08:57:00,0.3896461446693138
2020-04-15 09:00:00,0.2771312944101396
2020-04-15 09:03:00,0.3214470302738732
2020-04-15 09:06:00,0.2728711242838813
2020-04-15 09:09:00,0.2732948695046957
2020-04-15 09:12:00,0.3157641028279272
2020-04-15 09:15:00,0.27368528265475334
2020-04-15 09:18:00,0.3704486877359727
2020-04-15 09:21:00,0.22481032937855616
2020-04-15 09:24:00,0.32631739241639934
2020-04-15 09:27:00,0.231172657496586
2020-04-15 09:30:00,0.2716588300039007
2020-04-15 09:33:00,0.25800112219167204
2020-04-15 09:36:00,0.18230435231151887
2020-04-15 09:39:00,0.21875406216116744
2020-04-15 09:42:00,0.19393839844553895
2020-04-15 09:45:00,0.22167732115002536
2020-04-15 09:48:00,0.14265525664427514
2020-04-15 09:51:00,0.14410121941699572
2020-04-15 09:54:00,0.05296846661997279
2020-04-15 09:57:00,0.2450381797547152
2020-04-15 10:00:00,0.15035806813068575
2020-04-15 10:03:00,0.23130111553609822
2020-04-15 10:06:00,0.09186700948004045
2020-04-15 10:09:00,0.20246140783893907
2020-04-15 10:12:00,0.11377363945399566
2020-04-15 10:15:00,0.06668066725666222
2020-04-15 10:18:00,0.07462825626282665
2020-04-15 10:21:00,0.18088866511442347
2020-04-15 10:24:00,0.04242204674352479
2020-04-15 10:27:00,0.14776685412732604
2020-04-15 10:30:00,-0.0019639167114178235
2020-04-15 10:33:00,-0.015165710467499594
2020-04-15 10:36:00,0.02491485234912716
2020-04-15 10:39:00,0.1091054596300296
2020-04-15 10:42:00,-0.01652795485591696
2020-04-15 10:45:00,-0.07032317716971193
2020-04-15 10:48:00,-0.12948869592480605
2020-04-15 10:51:00,-0.08649506106371518
2020-04-15 10:54:00,0.002422980597202695
2020-04-15 10:57:00,-0.043183873596433386
2020-04-15 11:00:00,-0.13757114063582776
2020-04-15 11:03:00,-0.08697734900084697
2020-04-15 11:06:00,-0.0600803054478547
2020-04-15 11:09:00,-0.010515632421856935
2020-04-15 11:12:00,-0.0777719102072183
2020-04-15 11:15:00,-0.04603175348046307
2020-04-15 11:18:00,-0.1076413354539909
2020-04-15 11:21:00,-0.05453904724072345
2020-04-15 11:24:00,-0.049031179325822905
2020-04-15 11:27:00,0.05195171205781435
2020-04-15 11:30:00,-0.03883043476145076
2020-04-15 11:33:00,-0.007046079804581495
2020-04-15 11:36:00,-0.00801540386362376
2020-04-15 11:39:00,-0.1329749385028549
2020-04-15 11:42:00,-0.1378231315334233
2020-04-15 11:45:00,-0.10613938378401144
2020-04-15 11:48:00,-0.09363301232508547
2020-04-15 11:51:00,-0.11548788170841817
2020-04-15 11:54:00,-0.20365572383315111
2020-04-15 11:57:00,-0.2914279741112864
2020-04-15 12:00:00,-0.13672792122548572
2020-04-15 12:03:00,-0.2700304761631287
2020-04-15 12:06:00,-0.07161448781982926
2020-04-15 12:09:00,-0.20110486324330168
2020-04-15 12:12:00,-0.13237646242396295
2020-04-15 12:15:00,-0.21544173796866062
2020-04-15 12:18:00,-0.16980278283210737
2020-04-15 12:21:00,-0.0870883310959698
2020-04-15 12:24:00,0.018973752785427678
2020-04-15 12:27:00,-0.013526196781356248
2020-04-15 12:30:00,-0.07679706217004423
2020-04-15 12:33:00,0.08404864965098113
2020-04-15 12:36:00,0.03664263609670115
2020-04-15 12:39:00,0.005444943291649906
2020-04-15 12:42:00,-0.08470494898500647
2020-04-15 12:45:00,0.003721971552636205
2020-04-15 12:48:00,-0.1064019856743812
2020-04-15 12:51:00,-0.05717611714027271
2020-04-15 12:54:00,-0.19589250927936064
2020-04-15 12:57:00,-0.0780428762902261
2020-04-15 13:00:00,0.023457640835715665
2020-04-15 13:03:00,-0.03249286945157337
2020-04-15 13:06:00,-0.022860983181260508
2020-04-15 13:09:00,-0.03823564194755136
2020-04-15 13:12:00,-0.05395637484417648
2020-04-15 13:15:00,0.001943160812629685
2020-04-15 13:18:00,-0.13959965712768962
2020-04-15 13:21:00,0.02605300187502735
2020-04-15 13:24:00,0.08660232743267215
2020-04-15 13:27:00,0.0018319749572128785
2020-04-15 13:30:00,0.07956852888509047
2020-04-15 13:33:00,-0.02080506469036436
2020-04-15 13:36:00,-0.09274178327626714
2020-04-15 13:39:00,-0.11579096569954572
2020-04-15 13:42:00,-0.11379772504193397
2020-04-15 13:45:00,-0.0852051449083433
2020-04-15 13:48:00,-0.0938625310890302
2020-04-15 13:51:00,-0.17220073203503716
2020-04-15 13:54:00,-0.10757495472989831
2020-04-15 13:57:00,-0.0382319566562046
2020-04-15 14:00:00,-0.25234646256939186
2020-04-15 14:03:00,-0.2785142015096085
2020-04-15 14:06:00,-0.389905761728528
2020-04-15 14:09:00,-0.3025488789973565
2020-04-15 14:12:00,-0.30918048492986827
2020-04-15 14:15:00,-0.24690041010654795
2020-04-15 14:18:00,-0.20877232224484032
2020-04-15 14:21:00,-0.3253833256973735
2020-04-15 14:24:00,-0.3223542123272978
2020-04-15 14:27:00,-0.26842395451484435
2020-04-15 14:30:00,-0.2779689872859876
2020-04-15 14:33:00,-0.34211999541463456
2020-04-15 14:36:00,-0.3118476789343845
2020-04-15 14:39:00,-0.28655288788564803
2020-04-15 14:42:00,-0.12789565161079963
2020-04-15 14:45:00,-0.016086892362068284
2020-04-15 14:48:00,-0.06477478544894666
2020-04-15 14:51:00,-0.009971649721535414
2020-04-15 14:54:00,-0.07596539941727087
2020-04-15 14:57:00,0.11801512606689357
2020-04-15 15:00:00,0.143344859821525
2020-04-15 15:03:00,-0.013335967529656045
2020-04-15 15:06:00,0.037849525419630936
2020-04-15 15:09:00,-0.05843898925940039
2020-04-15 15:12:00,-0.13280071165087293
2020-04-15 15:15:00,-0.1300994492942209
2020-04-15 15:18:00,0.026998139702186563
2020-04-15 15:21:00,-0.03167676622462068
2020-04-15 15:24:00,-0.04982236145394836
2020-04-15 15:27:00,-0.05337078585699828
2020-04-15 15:30:00,-0.07304699676279824
2020-04-15 15:33:00,-0.018670342242558036
2020-04-15 15:36:00,-0.14230893518583798
2020-04-15 15:39:00,-0.010191294472349455
2020-04-15 15:42:00,-0.00782782531354087
2020-04-15 15:45:00,-0.08960751588779203
2020-04-15 15:48:00,-0.00355991320435578
2020-04-15 15:51:00,-0.005322050223469432
2020-04-15 15:54:00,0.06993208671667617
2020-04-15 15:57:00,0.2075765195933741
2020-04-15 16:00:00,0.3731496436903967
2020-04-15 16:03:00,0.4174604396242785
2020-04-15 16:06:00,0.4642119083913485
2020-04-15 16:09:00,0.31711204520655656
2020-04-15 16:12:00,0.3616986850804551
2020-04-15 16:15:00,0.3184729179874921
2020-04-15 16:18:00,0.33926649653960794
2020-04-15 16:21:00,0.3895041815953846
2020-04-15 16:24:00,0.2395287112366873
2020-04-15 16:27:00,0.3124322245921576
2020-04-15 16:30:00,0.31683757812760405
2020-04-15 16:33:00,0.4525519091757815
2020-04-15 16:36:00,0.45769456129823993
2020-04-15 16:39:00,0.5397635517235813
2020-04-15 16:42:00,0.7789242474964908
2020-04-15 16:45:00,0.6534179039649644
2020-04-15 16:48:00,0.5961531211917759
2020-04-15 16:51:00,0.7314792295317716
2020-04-15 16:54:00,0.732122550474287
2020-04-15 16:57:00,0.6606306067220657
2020-04-15 17:00:00,0.6525121032282186
2020-04-15 17:03:00,0.696512548147723
2020-04-15 17:06:00,0.6769446058438575
2020-04-15 17:09:00,0.6748257770523196
2020-04-15 17:12:00,0.5285423017708695
2020-04-15 17:15:00,0.6377706088694026
2020-04-15 17:18:00,0.6502903982694761
2020-04-15 17:21:00,0.5219149772037213
2020-04-15 17:24:00,0.44876392266223775
2020-04-15 17:27:00,0.5487614880094611
2020-04-15 17:30:00,0.6723172488008231
2020-04-15 17:33:00,0.5951003957033549
2020-04-15 17:36:00,0.5624001446701072
2020-04-15 17:39:00,0.5426170145970559
2020-04-15 17:42:00,0.5575394734420911
2020-04-15 17:45:00,0.7575237760889877
2020-04-15 17:48:00,0.6883380261060665
2020-04-15 17:51:00,0.6768098075853004
2020-04-15 17:54:00,0.5315524204708595
2020-04-15 17:57:00,0.5799995996712823
2020-04-15 18:00:00,0.5460704643296594
2020-04-15 18:03:00,0.5946111942141101
2020-04-15 18:06:00,0.5204625167085624
2020-04-15 18:09:00,0.5012396276147228
2020-04-15 18:12:00,0.42604343299245784
2020-04-15 18:15:00,0.37570433867864494
2020-04-15 18:18:00,0.451374631787985
2020-04-15 18:21:00,0.45514908683179556
2020-04-15 18:24:00,0.4817015298663705
2020-04-15 18:27:00,0.5123382698635623
2020-04-15 18:30:00,0.6115385551821078
2020-04-15 18:33:00,0.5920989679767104
2020-04-15 18:36:00,0.5201971082154273
2020-04-15 18:39:00,0.5506675910844478
2020-04-15 18:42:00,0.4286000147531581
2020-04-15 18:45:00,0.41680923625108335
2020-04-15 18:48:00,0.37975161364067844
2020-04-15 18:51:00,0.37357272602179137
2020-04-15 18:54:00,0.40377192352246993
2020-04-15 18:57:00,
2020-04-15 19:00:00,
2020-04-15 19:03:00,0.47894351521512135
2020-04-15 19:06:00,0.4060241085549592
2020-04-15 19:09:00,0.36446086502877506
2020-04-15 19:12:00,0.2910163619241075
2020-04-15 19:15:00,0.39317543883601047
2020-04-15 19:18:00,0.42148951096470455
2020-04-15 19:21:00,0.4407248529084882
2020-04-15 19:24:00,0.4227485833158653
2020-04-15 19:27:00,0.5487960873150541
2020-04-15 19:30:00,0.5763374175535318
2020-04-15 19:33:00,0.6600957242375785
2020-04-15 19:36:00,0.6708282708050888
2020-04-15 19:39:00,0.6182027642755088
2020-04-15 19:42:00,0.48815204890701125
2020-04-15 19:45:00,0.47882149868706847
2020-04-15 19:48:00,0.45016284200193013
2020-04-15 19:51:00,0.45041053386637486
2020-04-15 19:54:00,0.5108170325400465
2020-04-15 19:57:00,0.5501456665073761
2020-04-15 20:00:00,0.508846910450302
2020-04-15 20:03:00,0.5810959976236632
2020-04-15 20:06:00,0.5374143912090403
2020-04-15 20:09:00,0.5092492036715726
2020-04-15 20:12:00,0.49705023408205307
2020-04-15 20:15:00,0.5057272134861819
2020-04-15 20:18:00,0.5090945454690541
2020-04-15 20:21:00,0.49333644166063095
2020-04-15 20:24:00,0.4355902121514532
2020-04-15 20:27:00,0.4055753046432642
2020-04-15 20:30:00,0.43837172623358356
2020-04-15 20:33:00,0.4370804541334792
2020-04-15 20:36:00,0.4502048888700756
2020-04-15 20:39:00,0.4512073660951046
2020-04-15 20:42:00,0.4464890566229087
2020-04-15 20:45:00,0.4001330791305122
2020-04-15 20:48:00,0.5045140020073973
2020-04-15 20:51:00,0.5300648866979714
2020-04-15 20:54:00,0.4688493755105583
2020-04-15 20:57:00,0.4658109957300667
2020-04-15 21:00:00,0.4722078689979412
2020-04-15 21:03:00,0.5833413693193279
2020-04-15 21:06:00,0.5452473742604411
2020-04-15 21:09:00,0.5611848177483694
2020-04-15 21:12:00,0.5568850622950663
2020-04-15 21:15:00,0.5809267418812283
2020-04-15 21:18:00,0.5886437988646662
2020-04-15 21:21:00,0.5442659114750654
2020-04-15 21:24:00,0.5119787050433047
2020-04-15 21:27:00,0.649408318129872
2020-04-15 21:30:00,0.567228454015833
2020-04-15 21:33:00,0.549859908379176
2020-04-15 21:36:00,0.5455171613497214
2020-04-15 21:39:00,0.4905169271597174
2020-04-15 21:42:00,0.5378683071102728
2020-04-15 21:45:00,0.6614589221317146
2020-04-15 21:48:00,0.5004748090090629
2020-04-15 21:51:00,0.4560531265375971
2020-04-15 21:54:00,0.4649813325552259
2020-04-15 21:57:00,0.4484277488418229
2020-04-15 22:00:00,0.5107416712091322
2020-04-15 22:03:00,0.571048693446528
2020-04-15 22:06:00,0.46189234145788305
2020-04-15 22:09:00,0.4685667726765246
2020-04-15 22:12:00,0.5945046982702706
2020-04-15 22:15:00,0.6225051948016471
2020-04-15 22:18:00,0.513119246733936
2020-04-15 22:21:00,0.5090031297610835
2020-04-15 22:24:00,0.5108963899663195
2020-04-15 22:27:00,0.5394005934921324
2020-04-15 22:30:00,0.5487314137567978
2020-04-15 22:33:00,0.5480240640052898
2020-04-15 22:36:00,0.5105697806420721
2020-04-15 22:39:00,0.5726277368144679
2020-04-15 22:42:00,0.4918507382944881
2020-04-15 22:45:00,0.5604391645017017
2020-04-15 22:48:00,0.5213005676114335
2020-04-15 22:51:00,0.4958168824161362
2020-04-15 22:54:00,0.5120017023513128
2020-04-15 22:57:00,0.5203584526878444
2020-04-15 23:00:00,0.6022931206092039
2020-04-15 23:03:00,0.5750053791753089
2020-04-15 23:06:00,0.574059958594205
2020-04-15 23:09:00,0.5384953299283097
2020-04-15 23:12:00,0.40151086721709817
2020-04-15 23:15:00,0.5058549693110876
2020-04-15 23:18:00,0.4544141460326614
2020-04-15 23:21:00,0.5524934380613331
2020-04-15 23:24:00,0.48811047767861737
2020-04-15 23:27:00,0.523215506549775
2020-04-15 23:30:00,0.5396682413752956
2020-04-15 23:33:00,0.6130693488011616
2020-04-15 23:36:00,0.5906077745231073
2020-04-15 23:39:00,0.5118558664630655
2020-04-15 23:42:00,0.499224599182412
2020-04-15 23:45:00,0.43814126781609275
2020-04-15 23:48:00,0.4749272419037993
2020-04-15 23:51:00,0.6084344241257895
2020-04-15 23:54:00,0.5383973934399364
2020-04-15 23:57:00,0.3714363001625429
2020-04-16 00:00:00,0.5034668203735464
2020-04-16 00:03:00,0.5630003868042763
2020-04-16 00:06:00,0.5787702290647871
2020-04-16 00:09:00,0.4548462859472693
2020-04-16 00:12:00,0.5387924416675105
2020-04-16 00:15:00,0.4825614991552811
2020-04-16 00:18:00,0.4956411525780595
2020-04-16 00:21:00,0.43479806247688657
2020-04-16 00:24:00,0.4547039268916251
2020-04-16 00:27:00,0.5752399091242069
2020-04-16 00:30:00,0.3590944038275552
2020-04-16 00:33:00,0.5122648824636258
2020-04-16 00:36:00,0.5230888065985368
2020-04-16 00:39:00,0.49912781318585075
2020-04-16 00:42:00,0.49909602897048444
2020-04-16 00:45:00,0.48853940873112833
2020-04-16 00:48:00,0.523179941328408
2020-04-16 00:51:00,0.5736605589600572
2020-04-16 00:54:00,0.521396657693856
2020-04-16 00:57:00,0.5499111135657699
2020-04-16 01:00:00,0.49631847314526567
2020-04-16 01:03:00,0.6253228028934359
2020-04-16 01:06:00,0.46432363641713437
2020-04-16 01:09:00,0.5982753781737529
2020-04-16 01:12:00,0.5677973420957301
2020-04-16 01:15:00,0.5415949744575528
2020-04-16 01:18:00,0.5184199234214475
2020-04-16 01:21:00,0.5948067946898732
2020-04-16 01:24:00,0.5178041267358253
2020-04-16 01:27:00,0.5144549127390405
2020-04-16 01:30:00,0.5570144607704037
2020-04-16 01:33:00,0.4284469851214112
2020-04-16 01:36:00,0.5001070414286914
2020-04-16 01:39:00,0.41733018381302145
2020-04-16 01:42:00,0.5424573586655015
2020-04-16 01:45:00,0.44623846711658643
2020-04-16 01:48:00,0.5760865821156358
2020-04-16 01:51:00,0.48988183782245187
2020-04-16 01:54:00,0.4788780479894399
2020-04-16 01:57:00,0.6246708391266225
2020-04-16 02:00:00,0.4945964516173831
2020-04-16 02:03:00,0.5418618423391308
2020-04-16 02:06:00,0.4444186374001333
2020-04-16 02:09:00,0.43369663369060163
2020-04-16 02:12:00,0.4678256764867115
2020-04-16 02:15:00,0.4378823888644092
2020-04-16 02:18:00,0.5583399835138039
2020-04-16 02:21:00,0.5050448377903649
2020-04-16 02:24:00,0.44242551927925433
2020-04-16 02:27:00,0.5324280630823068
2020-04-16 02:30:00,0.5729235772932952
2020-04-16 02:33:00,0.47401166818633556
2020-04-16 02:36:00,0.5068147913692087
2020-04-16 02:39:00,0.531499205518287
2020-04-16 02:42:00,0.5658716821549774
2020-04-16 02:45:00,0.5370951267476585
2020-04-16 02:48:00,0.43128264000142735
2020-04-16 02:51:00,0.5905483417488426
2020-04-16 02:54:00,0.5301207044503826
2020-04-16 02:57:00,0.46937957061805946
2020-04-16 03:00:00,0.5297350133279224
2020-04-16 03:03:00,0.6088530064524775
2020-04-16 03:06:00,0.6313139866418851
2020-04-16 03:09:00,0.622146098113717
2020-04-16 03:12:00,0.5522875276901686
2020-04-16 03:15:00,0.5267521766490404
2020-04-16 03:18:00,0.4832182047890683
2020-04-16 03:21:00,0.5611839723417802
2020-04-16 03:24:00,0.5453283333986292
2020-04-16 03:27:00,0.6049190615028692
2020-04-16 03:30:00,0.49834971739761613
2020-04-16 03:33:00,0.5569484025662632
2020-04-16 03:36:00,0.5778599368060782
2020-04-16 03:39:00,0.5900893834393628
2020-04-16 03:42:00,0.5101173803585084
2020-04-16 03:45:00,0.5659568912467421
2020-04-16 03:48:00,0.5094966131557612
2020-04-16 03:51:00,0.5594938678534049
2020-04-16 03:54:00,0.5077075369011936
2020-04-16 03:57:00,0.5232131059771632
2020-04-16 04:00:00,0.484888681927373
2020-04-16 04:03:00,0.542274080079153
2020-04-16 04:06:00,0.5405990847968951
2020-04-16 04:09:00,0.5013630040938324
2020-04-16 04:12:00,0.49848495872168996
2020-04-16 04:15:00,0.44187243274473076
2020-04-16 04:18:00,0.56402991660417
2020-04-16 04:21:00,0.48002873015610703
2020-04-16 04:24:00,0.4396508503839982
2020-04-16 04:27:00,0.5640901656888104
2020-04-16 04:30:00,0.41938708440204664
2020-04-16 04:33:00,0.40711534097113145
2020-04-16 04:36:00,0.5527649210271761
2020-04-16 04:39:00,0.5492507943397413
2020-04-16 04:42:00,0.46836934003931674
2020-04-16 04:45:00,0.6156475673026875
2020-04-16 04:48:00,0.5891728587725993
2020-04-16 04:51:00,0.5528754448508266
2020-04-16 04:54:00,0.5611945210663976
2020-04-16 04:57:00,0.5956181603032746
2020-04-16 05:00:00,0.5173882065991506
2020-04-16 05:03:00,0.5107906140274281
2020-04-16 05:06:00,0.5368013143074108
2020-04-16 05:09:00,0.4750319510633858
2020-04-16 05:12:00,0.4990559113853692
2020-04-16 05:15:00,0.5743502131211926
2020-04-16 05:18:00,0.47854337053900053
2020-04-16 05:21:00,0.5974433771778536
2020-04-16 05:24:00,0.6110201218278348
2020-04-16 05:27:00,0.6864000252614346
2020-04-16 05:30:00,0.5521029435465152
2020-04-16 05:33:00,0.5293250212600356
2020-04-16 05:36:00,0.651587219364842
2020-04-16 05:39:00,0.527058396116729
2020-04-16 05:42:00,0.7005990055785105
2020-04-16 05:45:00,0.589962481456439
2020-04-16 05:48:00,0.4767684414430846
2020-04-16 05:51:00,0.6137244950387526
2020-04-16 05:54:00,0.6334412065911579
2020-04-16 05:57:00,0.681015399891578
2020-04-16 06:00:00,0.5066510508486317
2020-04-16 06:03:00,0.5434816124098916
2020-04-16 06:06:00,0.47383462920601005
2020-04-16 06:09:00,0.6117993750173696
2020-04-16 06:12:00,0.5403220967601214
2020-04-16 06:15:00,0.644870964975496
2020-04-16 06:18:00,0.5809572022587872
2020-04-16 06:21:00,0.6017643162062996
2020-04-16 06:24:00,0.516799297014245
2020-04-16 06:27:00,0.5413422459196795
2020-04-16 06:30:00,0.4940135741064182
2020-04-16 06:33:00,0.5245242215979715
2020-04-16 06:36:00,0.637657095507052
2020-04-16 06:39:00,0.542297184968163
2020-04-16 06:42:00,0.5855015983156022
2020-04-16 06:45:00,0.5711369049171822
2020-04-16 06:48:00,0.5610862973982194
2020-04-16 06:51:00,0.5264311184775465
2020-04-16 06:54:00,0.6241883919769293
2020-04-16 06:57:00,0.5027014836260264
2020-04-16 07:00:00,0.5367326228053457
2020-04-16 07:03:00,0.610087024154609
2020-04-16 07:06:00,0.6014441281986365
2020-04-16 07:09:00,0.5781405137053639
2020-04-16 07:12:00,0.574219194603188
2020-04-16 07:15:00,0.5378174497124633
2020-04-16 07:18:00,0.5226199518060071
2020-04-16 07:21:00,0.5101570789921084
2020-04-16 07:24:00,0.5646897290261563
2020-04-16 07:27:00,0.48454165834999685
2020-04-16 07:30:00,0.6274820611920973
2020-04-16 07:33:00,0.5754610160076936
2020-04-16 07:36:00,0.4857604879634323
2020-04-16 07:39:00,0.6314431935664402
2020-04-16 07:42:00,0.597393793615197
2020-04-16 07:45:00,0.5653213591506301
2020-04-16 07:48:00,0.6626391534020968
2020-04-16 07:51:00,0.5038759816468428
2020-04-16 07:54:00,0.5303546244217046
2020-04-16 07:57:00,0.57644855668849
2020-04-16 08:00:00,0.4968546601632511
2020-04-16 08:03:00,0.49066027216946395
2020-04-16 08:06:00,0.6231990915969732
2020-04-16 08:09:00,0.5668316188480844
2020-04-16 08:12:00,0.5418228899546875
2020-04-16 08:15:00,0.5513652026610316
2020-04-16 08:18:00,0.48580070511371787
2020-04-16 08:21:00,0.5411425515404176
2020-04-16 08:24:00,0.44279880548623396
2020-04-16 08:27:00,0.4604926828826592
2020-04-16 08:30:00,0.4943610243028047
2020-04-16 08:33:00,0.4503471035736766
2020-04-16 08:36:00,0.47074075711776686
2020-04-16 08:39:00,0.44967097239515397
2020-04-16 08:42:00,0.3959643810029547
2020-04-16 08:45:00,0.32909069055722284
2020-04-16 08:48:00,0.41120396397724335
2020-04-16 08:51:00,0.35502252333225215
2020-04-16 08:54:00,0.34730293066945706
2020-04-16 08:57:00,0.34319630417081726
2020-04-16 09:00:00,0.3615293087943314
2020-04-16 09:03:00,0.34895678534905983
2020-04-16 09:06:00,0.3257636411957492
2020-04-16 09:09:00,0.3647961832281794
2020-04-16 09:12:00,0.3659408698542279
2020-04-16 09:15:00,0.29952530634506047
2020-04-16 09:18:00,0.3280437010255355
2020-04-16 09:21:00,0.27572451522604524
2020-04-16 09:24:00,0.28739040435897323
2020-04-16 09:27:00,0.1977427324418386
2020-04-16 09:30:00,0.19841440322596782
2020-04-16 09:33:00,0.24432533750831453
2020-04-16 09:36:00,0.23038909866994572
2020-04-16 09:39:00,0.178678691647292
2020-04-16 09:42:00,0.2376317553820968
2020-04-16 09:45:00,0.059729802882941385
2020-04-16 09:48:00,0.10318627237063538
2020-04-16 09:51:00,0.05625031428388638
2020-04-16 09:54:00,-0.4347345669582978
2020-04-16 09:57:00,0.052888744698350365
2020-04-16 10:00:00,0.05654277757378168
2020-04-16 10:03:00,0.0189239577571243
2020-04-16 10:06:00,0.09218935489320756
2020-04-16 10:09:00,0.05573363393403952
2020-04-16 10:12:00,-0.051484600175399464
2020-04-16 10:15:00,0.08262979569622075
2020-04-16 10:18:00,-0.016407805485187055
2020-04-16 10:21:00,0.13344648030721373
2020-04-16 10:24:00,0.03796328972759966
2020-04-16 10:27:00,-0.037732443824495476
2020-04-16 10:30:00,0.08302693197560984
2020-04-16 10:33:00,-0.05255856411270088
2020-04-16 10:36:00,-0.04898001597354096
2020-04-16 10:39:00,-0.007556147775574118
2020-04-16 10:42:00,0.012614711316814464
2020-04-16 10:45:00,-0.03479657299408245
2020-04-16 10:48:00,0.8878356246719932
2020-04-16 10:51:00,0.02859365149106452
2020-04-16 10:54:00,-0.0026623329015365016
2020-04-16 10:57:00,-0.06101302193332003
2020-04-16 11:00:00,-0.09740100910227056
2020-04-16 11:03:00,-0.0889555946884002
2020-04-16 11:06:00,-0.11868498197839017
2020-04-16 11:09:00,-0.016144679321712374
2020-04-16 11:12:00,0.013900856586587906
2020-04-16 11:15:00,0.696098805193742
2020-04-16 11:18:00,-0.07379872596476389
2020-04-16 11:21:00,0.016577865167619166
2020-04-16 11:24:00,0.027690318663587732
2020-04-16 11:27:00,-0.11015476830766602
2020-04-16 11:30:00,-0.05061846107162182
2020-04-16 11:33:00,-0.024848343595863298
2020-04-16 11:36:00,-0.013938627871766585
2020-04-16 11:39:00,-0.04535871964873195
2020-04-16 11:42:00,-0.0585804131939085
2020-04-16 11:45:00,-0.09593967922182856
2020-04-16 11:48:00,-0.060981657569129766
2020-04-16 11:51:00,-0.09905011184571322
2020-04-16 11:54:00,-0.15588436546096318
2020-04-16 11:57:00,-0.011260491600012301
2020-04-16 12:00:00,-0.13393363068269082
2020-04-16 12:03:00,-0.11751757389049544
2020-04-16 12:06:00,-0.1586298662487593
2020-04-16 12:09:00,-0.10423990866121358
2020-04-16 12:12:00,-0.20496552275761815
2020-04-16 12:15:00,-0.19623492252037522
2020-04-16 12:18:00,-0.17050525743309208
2020-04-16 12:21:00,-0.12498892918921456
2020-04-16 12:24:00,-0.21051384187967415
2020-04-16 12:27:00,-0.20237020639586945
2020-04-16 12:30:00,-0.28269175946127234
2020-04-16 12:33:00,-0.2176623146688712
2020-04-16 12:36:00,-0.30604441428477
2020-04-16 12:39:00,-0.18631908977175726
2020-04-16 12:42:00,-0.26942604728998276
2020-04-16 12:45:00,-0.28603890249155484
2020-04-16 12:48:00,-0.36552029975695177
2020-04-16 12:51:00,-0.29636855162794973
2020-04-16 12:54:00,-0.19177990469358974
2020-04-16 12:57:00,-0.08470588406498791
2020-04-16 13:00:00,-0.17218795786362762
2020-04-16 13:03:00,-0.25068495188850193
2020-04-16 13:06:00,-0.17903075880468577
2020-04-16 13:09:00,-0.19279209767017846
2020-04-16 13:12:00,-0.24678004653043217
2020-04-16 13:15:00,-0.28399659269439326
2020-04-16 13:18:00,-0.20778653048546403
2020-04-16 13:21:00,-0.1809800168982747
2020-04-16 13:24:00,-0.2775675196092493
2020-04-16 13:27:00,-0.27102243098448753
2020-04-16 13:30:00,-0.2526364262189418
2020-04-16 13:33:00,-0.33452449414807006
2020-04-16 13:36:00,-0.3172078707643209
2020-04-16 13:39:00,-0.2061903693851832
2020-04-16 13:42:00,-0.33551735448406816
2020-04-16 13:45:00,-0.3367787169573262
2020-04-16 13:48:00,-0.11381522897363539
2020-04-16 13:51:00,-0.1734439623616595
2020-04-16 13:54:00,-0.18126550128613417
2020-04-16 13:57:00,-0.17074805626316447
2020-04-16 14:00:00,-0.29396050981273447
2020-04-16 14:03:00,-0.15719289217321375
2020-04-16 14:06:00,-0.4191451967003559
2020-04-16 14:09:00,-0.297337757280161
2020-04-16 14:12:00,-0.36778887721999354
2020-04-16 14:15:00,-0.2566843436015347
2020-04-16 14:18:00,-0.10905713264656924
2020-04-16 14:21:00,-0.278520401626281
2020-04-16 14:24:00,-0.4294080664461717
2020-04-16 14:27:00,-0.3045539328025484
2020-04-16 14:30:00,-0.16410237268524952
2020-04-16 14:33:00,-0.12724299952174078
2020-04-16 14:36:00,-0.03481917400256407
2020-04-16 14:39:00,-0.2300831478896157
2020-04-16 14:42:00,-0.2022917885718698
2020-04-16 14:45:00,-0.11772362677857018
2020-04-16 14:48:00,-0.11823453581706644
2020-04-16 14:51:00,-0.26462563581389986
2020-04-16 14:54:00,-0.1282286706556306
2020-04-16 14:57:00,-0.04212867458988967
2020-04-16 15:00:00,0.060482066596819095
2020-04-16 15:03:00,-0.013811213863050398
2020-04-16 15:06:00,-0.15953728212372198
2020-04-16 15:09:00,-0.036672812993515436
2020-04-16 15:12:00,-0.06140340959120749
2020-04-16 15:15:00,0.01030037296146702
2020-04-16 15:18:00,-0.04361166228289903
2020-04-16 15:21:00,0.004613655383025161
2020-04-16 15:24:00,-0.03203606917691104
2020-04-16 15:27:00,-0.005289549522956349
2020-04-16 15:30:00,-0.15221968225205273
2020-04-16 15:33:00,-0.05260242189848441
2020-04-16 15:36:00,-0.06436609030981799
2020-04-16 15:39:00,-0.08876433916697124
2020-04-16 15:42:00,-0.11193257111762023
2020-04-16 15:45:00,-0.20167576531684972
2020-04-16 15:48:00,-0.24574818343137395
2020-04-16 15:51:00,-0.1703342318714931
2020-04-16 15:54:00,-0.20704691594937685
2020-04-16 15:57:00,-0.10161766611770418
2020-04-16 16:00:00,-0.010538809647812286
2020-04-16 16:03:00,-0.05223849577669171
2020-04-16 16:06:00,0.006525373567228598
2020-04-16 16:09:00,-0.057737990885982526
2020-04-16 16:12:00,0.04204468817073348
2020-04-16 16:15:00,-0.11577530104699463
2020-04-16 16:18:00,-0.05670727156910971
2020-04-16 16:21:00,0.0015444407920313097
2020-04-16 16:24:00,-0.039752154188590794
2020-04-16 16:27:00,-0.03413905569215103
2020-04-16 16:30:00,-0.1660982092910217
2020-04-16 16:33:00,-0.11623353652902324
2020-04-16 16:36:00,-0.1444218851395931
2020-04-16 16:39:00,-0.3015832214908869
2020-04-16 16:42:00,-0.20429901821620433
2020-04-16 16:45:00,-0.2990760018784613
2020-04-16 16:48:00,-0.24216559087790301
2020-04-16 16:51:00,-0.18375563484096347
2020-04-16 16:54:00,-0.21671497838639198
2020-04-16 16:57:00,-0.2974274417493348
2020-04-16 17:00:00,-0.26029187852719815
2020-04-16 17:03:00,-0.09590511909061661
2020-04-16 17:06:00,-0.2172827396213961
2020-04-16 17:09:00,-0.3116257061428769
2020-04-16 17:12:00,-0.26135299743339147
2020-04-16 17:15:00,-0.2520568143350488
2020-04-16 17:18:00,-0.21494684463249314
2020-04-16 17:21:00,-0.1712722407286833
2020-04-16 17:24:00,-0.3138646981500415
2020-04-16 17:27:00,-0.17108639670931325
2020-04-16 17:30:00,-0.13058361595295764
2020-04-16 17:33:00,-0.16241991850387194
2020-04-16 17:36:00,-0.0916596346054348
2020-04-16 17:39:00,-0.0826284025134214
2020-04-16 17:42:00,-0.059316231325567514
2020-04-16 17:45:00,-0.10319525119638229
2020-04-16 17:48:00,-0.10149792988772788
2020-04-16 17:51:00,0.020394056868099142
2020-04-16 17:54:00,-0.014668700419917968
2020-04-16 17:57:00,0.0030724138108553234
2020-04-16 18:00:00,0.022497412089364843
2020-04-16 18:03:00,-0.006511236195251513
2020-04-16 18:06:00,0.03791517760186025
2020-04-16 18:09:00,0.014481674194598781
2020-04-16 18:12:00,-0.04398209775530404
2020-04-16 18:15:00,-0.003919712889910443
2020-04-16 18:18:00,0.04670378219122995
2020-04-16 18:21:00,0.0492677732090101
2020-04-16 18:24:00,0.07147500478828306
2020-04-16 18:27:00,0.036654524626897
2020-04-16 18:30:00,0.13272816462995252
2020-04-16 18:33:00,0.08130404952891013
2020-04-16 18:36:00,0.07705184708555635
2020-04-16 18:39:00,0.09557680652039835
2020-04-16 18:42:00,0.1778306920134014
2020-04-16 18:45:00,0.1521354519830993
2020-04-16 18:48:00,0.13012670373205992
2020-04-16 18:51:00,0.15682323673320298
2020-04-16 18:54:00,
2020-04-16 18:57:00,
2020-04-16 19:00:00,
2020-04-16 19:03:00,0.10779113149510522
2020-04-16 19:06:00,0.13124320344422813
2020-04-16 19:09:00,0.1317229259975079
2020-04-16 19:12:00,0.12012221225324993
2020-04-16 19:15:00,0.11334808705134947
2020-04-16 19:18:00,0.2541872337769746
2020-04-16 19:21:00,0.21034971369380173
2020-04-16 19:24:00,0.07236712145714819
2020-04-16 19:27:00,0.10127844285631227
2020-04-16 19:30:00,0.21197413424835077
2020-04-16 19:33:00,0.1306660865499225
2020-04-16 19:36:00,0.11169930983061249
2020-04-16 19:39:00,0.1329036939055186
2020-04-16 19:42:00,0.1392677825420492
2020-04-16 19:45:00,0.15481709605143124
2020-04-16 19:48:00,0.22779833680505135
2020-04-16 19:51:00,0.1608459926688397
2020-04-16 19:54:00,0.16802786234643463
2020-04-16 19:57:00,0.20345249669560417
2020-04-16 20:00:00,0.20675662329693978
2020-04-16 20:03:00,0.15872516170259132
2020-04-16 20:06:00,0.08291697783334939
2020-04-16 20:09:00,0.239722524398303
2020-04-16 20:12:00,0.18628617972473194
2020-04-16 20:15:00,0.24900713347659575
2020-04-16 20:18:00,0.27920932859103686
2020-04-16 20:21:00,0.19833434335646416
2020-04-16 20:24:00,0.19009557798051446
2020-04-16 20:27:00,0.11730273998665552
2020-04-16 20:30:00,0.16171386796133902
2020-04-16 20:33:00,0.24636526704915696
2020-04-16 20:36:00,0.1931269861901228
2020-04-16 20:39:00,0.26307901656872446
2020-04-16 20:42:00,0.22149931379857435
2020-04-16 20:45:00,0.2605579402017497
2020-04-16 20:48:00,0.2715941258470025
2020-04-16 20:51:00,0.27633453952824993
2020-04-16 20:54:00,0.23800204872890163
2020-04-16 20:57:00,0.2997547724729088
2020-04-16 21:00:00,0.2193599211479409
2020-04-16 21:03:00,0.31035650965520745
2020-04-16 21:06:00,0.2544415589733262
2020-04-16 21:09:00,0.34714654125764355
2020-04-16 21:12:00,0.3866938173962353
2020-04-16 21:15:00,0.32407435932276485
2020-04-16 21:18:00,0.41200829279983964
2020-04-16 21:21:00,0.26913227442042853
2020-04-16 21:24:00,0.2247047410035634
2020-04-16 21:27:00,0.23946970873913642
2020-04-16 21:30:00,0.26526956012952496
2020-04-16 21:33:00,0.13007895002107261
2020-04-16 21:36:00,0.1999777272664005
2020-04-16 21:39:00,0.1509374518183222
2020-04-16 21:42:00,0.1878217231063104
2020-04-16 21:45:00,0.15787113852979928
2020-04-16 21:48:00,0.1457168127342925
2020-04-16 21:51:00,0.197060234436492
2020-04-16 21:54:00,0.14451979862298003
2020-04-16 21:57:00,0.19671494392508748
2020-04-16 22:00:00,0.28279442712994296
2020-04-16 22:03:00,0.12111948603040901
2020-04-16 22:06:00,0.14906167424652494
2020-04-16 22:09:00,0.28087804040433184
2020-04-16 22:12:00,0.23724185124774522
2020-04-16 22:15:00,0.23111007842999243
2020-04-16 22:18:00,0.18662153630856437
2020-04-16 22:21:00,0.19165772355825084
2020-04-16 22:24:00,0.3123957232259045
2020-04-16 22:27:00,0.11169151726778637
2020-04-16 22:30:00,0.23963447200111432
2020-04-16 22:33:00,0.27935347258392085
2020-04-16 22:36:00,0.27707053952616434
2020-04-16 22:39:00,0.2786431916155152
2020-04-16 22:42:00,0.2731741530606655
2020-04-16 22:45:00,0.24563121998392035
2020-04-16 22:48:00,0.3622538685619361
2020-04-16 22:51:00,0.30607029300335853
2020-04-16 22:54:00,0.2263488079200897
2020-04-16 22:57:00,0.22788194238478354
2020-04-16 23:00:00,0.43452157330273167
2020-04-16 23:03:00,0.23519127932502215
2020-04-16 23:06:00,0.3755564124142552
2020-04-16 23:09:00,0.31539690290475164
2020-04-16 23:12:00,0.3527256561393983
2020-04-16 23:15:00,0.3286666053671752
2020-04-16 23:18:00,0.31807066042551924
2020-04-16 23:21:00,0.33008607246432575
2020-04-16 23:24:00,0.296534848574197
2020-04-16 23:27:00,0.2923058771277738
2020-04-16 23:30:00,0.3247634529035395
2020-04-16 23:33:00,0.3523751458253628
2020-04-16 23:36:00,0.3073736857954259
2020-04-16 23:39:00,0.2500013045561218
2020-04-16 23:42:00,0.3438181165106471
2020-04-16 23:45:00,0.34535333578838845
2020-04-16 23:48:00,0.23067712018405473
2020-04-16 23:51:00,0.284642214097687
2020-04-16 23:54:00,0.28667468507421745
2020-04-16 23:57:00,0.39664646876917686
2020-04-17 00:00:00,0.293648797049741
2020-04-17 00:03:00,0.266233072380885
2020-04-17 00:06:00,0.21882118345894241
2020-04-17 00:09:00,0.2836172746771126
2020-04-17 00:12:00,0.27220787949278247
2020-04-17 00:15:00,0.3750842253025439
2020-04-17 00:18:00,0.3073277328539348
2020-04-17 00:21:00,0.2785084558242943
2020-04-17 00:24:00,0.2665116550218727
2020-04-17 00:27:00,0.31293271083842455
2020-04-17 00:30:00,0.23363939345927065
2020-04-17 00:33:00,0.2714427786822853
2020-04-17 00:36:00,0.24869606638111463
2020-04-17 00:39:00,0.2591905298824031
2020-04-17 00:42:00,0.257886400816119
2020-04-17 00:45:00,0.28824103208376073
2020-04-17 00:48:00,0.24857767640577322
2020-04-17 00:51:00,0.4685090000692185
2020-04-17 00:54:00,0.35704481457622705
2020-04-17 00:57:00,0.33914386583251144
2020-04-17 01:00:00,0.260241040490655
2020-04-17 01:03:00,0.3294678297502287
2020-04-17 01:06:00,0.4003814863408479
2020-04-17 01:09:00,0.4536489911043873
2020-04-17 01:12:00,0.3293464971062008
2020-04-17 01:15:00,0.3988072890077774
2020-04-17 01:18:00,0.3575223074246878
2020-04-17 01:21:00,0.362222451629691
2020-04-17 01:24:00,0.36792427869272615
2020-04-17 01:27:00,0.3316434297121873
2020-04-17 01:30:00,0.32192900578519357
2020-04-17 01:33:00,0.36027324328279065
2020-04-17 01:36:00,0.3536554446010882
2020-04-17 01:39:00,0.2853776461614643
2020-04-17 01:42:00,0.4143284850838427
2020-04-17 01:45:00,0.3975849000055973
2020-04-17 01:48:00,0.33946002276940135
2020-04-17 01:51:00,0.31807492571357443
2020-04-17 01:54:00,0.3415255751206132
2020-04-17 01:57:00,0.34470552823199796
2020-04-17 02:00:00,0.3622342139469765
2020-04-17 02:03:00,0.23258804764890328
2020-04-17 02:06:00,0.33831388895390546
2020-04-17 02:09:00,0.3866298148585656
2020-04-17 02:12:00,0.3464073682803246
2020-04-17 02:15:00,0.41362736015776136
2020-04-17 02:18:00,0.3660509842269448
2020-04-17 02:21:00,0.3270547183540202
2020-04-17 02:24:00,0.40632873276524606
2020-04-17 02:27:00,0.30657004165675517
2020-04-17 02:30:00,0.3543426550361346
2020-04-17 02:33:00,0.3619422236364471
2020-04-17 02:36:00,0.3278986557011194
2020-04-17 02:39:00,0.29046506706629316
2020-04-17 02:42:00,0.3767292346982458
2020-04-17 02:45:00,0.32661273920524536
2020-04-17 02:48:00,0.379833344503993
2020-04-17 02:51:00,0.3908019379236407
2020-04-17 02:54:00,0.46576440964179255
2020-04-17 02:57:00,0.3636684882828831
2020-04-17 03:00:00,0.32581357432286495
2020-04-17 03:03:00,0.387660296101501
2020-04-17 03:06:00,0.4417988498417458
2020-04-17 03:09:00,0.3010288834458379
2020-04-17 03:12:00,0.2951577568874768
2020-04-17 03:15:00,0.3600350668656347
2020-04-17 03:18:00,0.38829540469879475
2020-04-17 03:21:00,0.3258131693069686
2020-04-17 03:24:00,0.4294190097420483
2020-04-17 03:27:00,0.34795439635854564
2020-04-17 03:30:00,0.44014843312800167
2020-04-17 03:33:00,0.421296545042253
2020-04-17 03:36:00,0.317592351283281
2020-04-17 03:39:00,0.3649347194663619
2020-04-17 03:42:00,0.4070566597587799
2020-04-17 03:45:00,0.40949605556971846
2020-04-17 03:48:00,0.4793930478140851
2020-04-17 03:51:00,0.3848253750623485
2020-04-17 03:54:00,0.4377167788429688
2020-04-17 03:57:00,0.42535188400080415
2020-04-17 04:00:00,0.3997025890292889
2020-04-17 04:03:00,0.4261305281400496
2020-04-17 04:06:00,0.4219697196847392
2020-04-17 04:09:00,0.35258069301147543
2020-04-17 04:12:00,0.4446698661759001
2020-04-17 04:15:00,0.329246023137614
2020-04-17 04:18:00,0.37662403211305673
2020-04-17 04:21:00,0.40504886688029274
2020-04-17 04:24:00,0.4043715741298115
2020-04-17 04:27:00,0.393090312967729
2020-04-17 04:30:00,0.4733729512125251
2020-04-17 04:33:00,0.4193840220362972
2020-04-17 04:36:00,0.4741115265819644
2020-04-17 04:39:00,0.4320395663758063
2020-04-17 04:42:00,0.3599571958974366
2020-04-17 04:45:00,0.40752409201860473
2020-04-17 04:48:00,0.38128913497160966
2020-04-17 04:51:00,0.34243020500122157
2020-04-17 04:54:00,0.5088524423923104
2020-04-17 04:57:00,0.4388790534255804
2020-04-17 05:00:00,0.379305439504094
2020-04-17 05:03:00,0.3943580797280788
2020-04-17 05:06:00,0.5057449778362866
2020-04-17 05:09:00,0.426944664001212
2020-04-17 05:12:00,0.3446449179965043
2020-04-17 05:15:00,0.47920791494181003
2020-04-17 05:18:00,0.45040355469870974
2020-04-17 05:21:00,0.4952954736157267
2020-04-17 05:24:00,0.3655279089800274
2020-04-17 05:27:00,0.4697124695841808
2020-04-17 05:30:00,0.45980719973010764
2020-04-17 05:33:00,0.48305081114324366
2020-04-17 05:36:00,0.4703228256003058
2020-04-17 05:39:00,0.5204008981148149
2020-04-17 05:42:00,0.5269421915031103
2020-04-17 05:45:00,0.4332810055426535
2020-04-17 05:48:00,0.4898839162955255
2020-04-17 05:51:00,0.42145261885269747
2020-04-17 05:54:00,0.53500594523274
2020-04-17 05:57:00,0.499843708232504
2020-04-17 06:00:00,0.4970400036922342
2020-04-17 06:03:00,0.47466410741088794
2020-04-17 06:06:00,0.4187679753192697
2020-04-17 06:09:00,0.4547944309591685
2020-04-17 06:12:00,0.454055925166017
2020-04-17 06:15:00,0.5309975615048188
2020-04-17 06:18:00,0.47668735478811186
2020-04-17 06:21:00,0.4175926340467413
2020-04-17 06:24:00,0.5196215849999817
2020-04-17 06:27:00,0.5008265366183764
2020-04-17 06:30:00,0.5340453610146483
2020-04-17 06:33:00,0.41798218231440387
2020-04-17 06:36:00,0.5261141092756247
2020-04-17 06:39:00,0.417967226871383
2020-04-17 06:42:00,0.4326613883325763
2020-04-17 06:45:00,0.5112699229172222
2020-04-17 06:48:00,0.4836990474450431
2020-04-17 06:51:00,0.47732833751325643
2020-04-17 06:54:00,0.5723642930705637
2020-04-17 06:57:00,0.5910604591156243
2020-04-17 07:00:00,0.5494355793537693
2020-04-17 07:03:00,0.4758417664791068
2020-04-17 07:06:00,0.5334806270029162
2020-04-17 07:09:00,0.5276636431237876
2020-04-17 07:12:00,0.4577045644206237
2020-04-17 07:15:00,0.5431437739005673
2020-04-17 07:18:00,0.6035323668459682
2020-04-17 07:21:00,0.47941068413126686
2020-04-17 07:24:00,0.47627684582892016
2020-04-17 07:27:00,0.4905060567388091
2020-04-17 07:30:00,0.48351279097801125
2020-04-17 07:33:00,0.4144317271905038
2020-04-17 07:36:00,0.44960735389508955
2020-04-17 07:39:00,0.44972882843785555
2020-04-17 07:42:00,0.47642185658310154
2020-04-17 07:45:00,0.4968610438817791
2020-04-17 07:48:00,0.35974157029914977
2020-04-17 07:51:00,0.4660974042544126
2020-04-17 07:54:00,0.40024736673598227
2020-04-17 07:57:00,0.5040398728992841
2020-04-17 08:00:00,0.3845431971690232
2020-04-17 08:03:00,0.3901398464273029
2020-04-17 08:06:00,0.34178303986129777
2020-04-17 08:09:00,0.43963086535296725
2020-04-17 08:12:00,0.34779697112105623
2020-04-17 08:15:00,0.44465952124988917
2020-04-17 08:18:00,0.3249341423044143
2020-04-17 08:21:00,0.3148796741870683
2020-04-17 08:24:00,0.2466987197999515
2020-04-17 08:27:00,0.3590814135337155
2020-04-17 08:30:00,0.36258016738338483
2020-04-17 08:33:00,0.343078982861698
2020-04-17 08:36:00,0.2687141449363821
2020-04-17 08:39:00,0.3284019803348315
2020-04-17 08:42:00,0.3842309540236215
2020-04-17 08:45:00,0.3297226113874103
2020-04-17 08:48:00,0.25791016725315785
2020-04-17 08:51:00,0.3510579364402133
2020-04-17 08:54:00,0.3151348926516562
2020-04-17 08:57:00,0.3636615595348758
2020-04-17 09:00:00,0.39174196371999415
2020-04-17 09:03:00,0.35067342001656243
2020-04-17 09:06:00,0.3356641197190129
2020-04-17 09:09:00,0.3122583542167945
2020-04-17 09:12:00,0.3974661326363389
2020-04-17 09:15:00,0.1909139366063073
2020-04-17 09:18:00,0.19079697404578155
2020-04-17 09:21:00,0.19160292269077672
2020-04-17 09:24:00,0.20659188318774113
2020-04-17 09:27:00,0.11868976772814221
2020-04-17 09:30:00,0.1291399603758805
2020-04-17 09:33:00,0.12040003933708476
2020-04-17 09:36:00,0.1371399678367311
2020-04-17 09:39:00,0.23649198902830904
2020-04-17 09:42:00,0.07315818793989592
2020-04-17 09:45:00,0.03474015479639547
2020-04-17 09:48:00,0.030477699548271175
2020-04-17 09:51:00,0.09023523997677785
2020-04-17 09:54:00,0.12965649319886552
2020-04-17 09:57:00,0.050395865609004886
2020-04-17 10:00:00,0.1275106775045174
2020-04-17 10:03:00,0.050941632713318086
2020-04-17 10:06:00,0.12691485915092926
2020-04-17 10:09:00,0.0249898670263633
2020-04-17 10:12:00,0.013555274449970511
2020-04-17 10:15:00,-0.04175467178362169
2020-04-17 10:18:00,-0.03257008299726749
2020-04-17 10:21:00,-0.012820289951775976
2020-04-17 10:24:00,0.03486570917704057
2020-04-17 10:27:00,-0.012553801029184797
2020-04-17 10:30:00,0.008125050775049658
2020-04-17 10:33:00,0.046915900250837694
2020-04-17 10:36:00,0.004020372679576667
2020-04-17 10:39:00,-0.06359250956353435
2020-04-17 10:42:00,-0.08517434787000866
2020-04-17 10:45:00,0.0015591767503337906
2020-04-17 10:48:00,-0.02504056483593331
2020-04-17 10:51:00,0.01592091202866186
2020-04-17 10:54:00,-0.10404470779928943
2020-04-17 10:57:00,0.08746771147917798
2020-04-17 11:00:00,0.055508408136972776
2020-04-17 11:03:00,-0.060752031972697296
2020-04-17 11:06:00,-0.003573559110293445
2020-04-17 11:09:00,-0.08134691669499716
2020-04-17 11:12:00,-0.06231939663484809
2020-04-17 11:15:00,-0.09773202185289165
2020-04-17 11:18:00,-0.2321584051845207
2020-04-17 11:21:00,-0.07877162577364061
2020-04-17 11:24:00,-0.0997637419574744
2020-04-17 11:27:00,-0.1648062827027843
2020-04-17 11:30:00,-0.1715998600765829
2020-04-17 11:33:00,-0.02565583700214802
2020-04-17 11:36:00,-0.010308736508818583
2020-04-17 11:39:00,-0.07813318596549834
2020-04-17 11:42:00,-0.10797791195949458
2020-04-17 11:45:00,-0.29255346890238343
2020-04-17 11:48:00,-0.18542115284998317
2020-04-17 11:51:00,-0.24445173449737467
2020-04-17 11:54:00,-0.3020077769156728
2020-04-17 11:57:00,-0.2585960635201445
2020-04-17 12:00:00,-0.18808780769006717
2020-04-17 12:03:00,-0.2838941503895285
2020-04-17 12:06:00,-0.18455007030576098
2020-04-17 12:09:00,-0.24725267414623886
2020-04-17 12:12:00,-0.42480706414568203
2020-04-17 12:15:00,-0.2594662848753728
2020-04-17 12:18:00,-0.34514021386866034
2020-04-17 12:21:00,-0.22173102761445307
2020-04-17 12:24:00,-0.1874413546617575
2020-04-17 12:27:00,-0.28887536492629806
2020-04-17 12:30:00,-0.21453836882147925
2020-04-17 12:33:00,-0.11046627707162315
2020-04-17 12:36:00,-0.12550289388241254
2020-04-17 12:39:00,-0.15840661295243308
2020-04-17 12:42:00,-0.08836205430964128
2020-04-17 12:45:00,-0.10264840066179204
2020-04-17 12:48:00,0.0032840275475791714
2020-04-17 12:51:00,-0.023718569077971097
2020-04-17 12:54:00,-0.07263409840550139
2020-04-17 12:57:00,-0.05215667969196147
2020-04-17 13:00:00,-0.13998881548633335
2020-04-17 13:03:00,0.05604119826733722
2020-04-17 13:06:00,-0.0625459517864897
2020-04-17 13:09:00,0.16150786384213234
2020-04-17 13:12:00,0.19810518531551224
2020-04-17 13:15:00,0.15916902824505996
2020-04-17 13:18:00,0.13470116999519632
2020-04-17 13:21:00,-0.0026515478663782233
2020-04-17 13:24:00,0.10496164996919788
2020-04-17 13:27:00,0.07244523204042252
2020-04-17 13:30:00,0.16538390030643768
2020-04-17 13:33:00,-0.0033475299384804202
2020-04-17 13:36:00,-0.004491385571668616
2020-04-17 13:39:00,-0.03159128559815372
2020-04-17 13:42:00,-0.10119115484678787
2020-04-17 13:45:00,-0.031269686946416186
2020-04-17 13:48:00,-0.0747301550075008
2020-04-17 13:51:00,-0.2530825586613332
2020-04-17 13:54:00,-0.10990307015623557
2020-04-17 13:57:00,-0.17261059678270385
2020-04-17 14:00:00,-0.31843720472062387
2020-04-17 14:03:00,-0.1757547631025318
2020-04-17 14:06:00,-0.24191084220666426
2020-04-17 14:09:00,-0.19366620185428474
2020-04-17 14:12:00,-0.22703879340946287
2020-04-17 14:15:00,-0.2504122628867549
2020-04-17 14:18:00,-0.2679879929031017
2020-04-17 14:21:00,-0.24160443728879955
2020-04-17 14:24:00,-0.28125120665083614
2020-04-17 14:27:00,-0.31485813761088366
2020-04-17 14:30:00,-0.23866377781905612
2020-04-17 14:33:00,-0.149100747407374
2020-04-17 14:36:00,-0.15577908479934877
2020-04-17 14:39:00,-0.13252704219235056
2020-04-17 14:42:00,-0.004548206007996214
2020-04-17 14:45:00,-0.026456217175450547
2020-04-17 14:48:00,0.02147577552682378
2020-04-17 14:51:00,-0.022565249456249603
2020-04-17 14:54:00,-0.02012889520869976
2020-04-17 14:57:00,-0.09046655476771548
2020-04-17 15:00:00,-0.0479958032117338
2020-04-17 15:03:00,-0.07003219770041369
2020-04-17 15:06:00,-0.1125941594083315
2020-04-17 15:09:00,-0.12061193039482987
2020-04-17 15:12:00,-0.02934877151761839
2020-04-17 15:15:00,0.027903270911224354
2020-04-17 15:18:00,-0.04603454844340149
2020-04-17 15:21:00,0.1373847921173592
2020-04-17 15:24:00,0.11191101858503316
2020-04-17 15:27:00,0.0774038892035378
2020-04-17 15:30:00,0.10768238939061803
2020-04-17 15:33:00,0.1975959448877802
2020-04-17 15:36:00,0.16008987855155965
2020-04-17 15:39:00,0.45549736515670247
2020-04-17 15:42:00,0.24992618361068253
2020-04-17 15:45:00,0.32924039413751416
2020-04-17 15:48:00,0.2579549942524295
2020-04-17 15:51:00,0.14930428036512922
2020-04-17 15:54:00,0.2717116730505609
2020-04-17 15:57:00,0.1644745787337456
2020-04-17 16:00:00,0.280472080709842
2020-04-17 16:03:00,0.24717539357709484
2020-04-17 16:06:00,0.044081411470813237
2020-04-17 16:09:00,0.1784466450096147
2020-04-17 16:12:00,0.2835094800183242
2020-04-17 16:15:00,0.2826722064375531
2020-04-17 16:18:00,0.027497155252035554
2020-04-17 16:21:00,-0.08188123984535878
2020-04-17 16:24:00,0.005085114184623762
2020-04-17 16:27:00,0.1842706507376306
2020-04-17 16:30:00,0.3214103403259969
2020-04-17 16:33:00,0.2600330990848079
2020-04-17 16:36:00,0.29067834414615845
2020-04-17 16:39:00,0.4072440582987724
2020-04-17 16:42:00,0.49153505615049653
2020-04-17 16:45:00,0.5577625921541198
2020-04-17 16:48:00,0.46639240629963297
2020-04-17 16:51:00,0.48018512634598665
2020-04-17 16:54:00,0.4994399705780097
2020-04-17 16:57:00,0.4740983729379309
2020-04-17 17:00:00,0.3370862446470255
2020-04-17 17:03:00,0.3870920694510005
2020-04-17 17:06:00,0.39574246274452207
2020-04-17 17:09:00,0.41358616477197074
2020-04-17 17:12:00,0.300352416598173
2020-04-17 17:15:00,0.26921382329112475
2020-04-17 17:18:00,0.18648582190041907
2020-04-17 17:21:00,0.20154172604594578
2020-04-17 17:24:00,0.3258857215807893
2020-04-17 17:27:00,0.2188798074674878
2020-04-17 17:30:00,0.34402650116373934
2020-04-17 17:33:00,0.30987414713604267
2020-04-17 17:36:00,0.5455378707133036
2020-04-17 17:39:00,0.4142203441150514
2020-04-17 17:42:00,0.37602634010403335
2020-04-17 17:45:00,0.3264293487391683
2020-04-17 17:48:00,0.25908037230948366
2020-04-17 17:51:00,0.2198083356488496
2020-04-17 17:54:00,0.24224345489989219
2020-04-17 17:57:00,0.24546892020885025
2020-04-17 18:00:00,0.2416998356409863
2020-04-17 18:03:00,0.2574717825170296
2020-04-17 18:06:00,0.29835802759072294
2020-04-17 18:09:00,0.3542534461218452
2020-04-17 18:12:00,0.29317145513789455
2020-04-17 18:15:00,0.31167745739043085
2020-04-17 18:18:00,0.41605659363159475
2020-04-17 18:21:00,0.5023019743726422
2020-04-17 18:24:00,0.3978550302693975
2020-04-17 18:27:00,0.3084492092910409
2020-04-17 18:30:00,0.32844468241717095
2020-04-17 18:33:00,0.4516802591164151
2020-04-17 18:36:00,0.4027468979550122
2020-04-17 18:39:00,0.25904998580807614
2020-04-17 18:42:00,0.3507538860091586
2020-04-17 18:45:00,0.24698799898760626
2020-04-17 18:48:00,0.27155898234195774
2020-04-17 18:51:00,0.22449077662901118
2020-04-17 18:54:00,0.17143399291467176
2020-04-17 18:57:00,
2020-04-17 19:00:00,
2020-04-17 19:03:00,0.2298566925150567
2020-04-17 19:06:00,0.14160068778255663
2020-04-17 19:09:00,0.1832804316846932
2020-04-17 19:12:00,0.2373805250985015
2020-04-17 19:15:00,0.20878099586275312
2020-04-17 19:18:00,0.14943096481408702
2020-04-17 19:21:00,0.18472973412281135
2020-04-17 19:24:00,0.16224606783231366
2020-04-17 19:27:00,0.18188442373684666
2020-04-17 19:30:00,0.08609122157383808
2020-04-17 19:33:00,0.1801421741207605
2020-04-17 19:36:00,0.2159592149985201
2020-04-17 19:39:00,0.12304724743739825
2020-04-17 19:42:00,0.23842807659775644
2020-04-17 19:45:00,0.25998017306523025
2020-04-17 19:48:00,0.18709213102329159
2020-04-17 19:51:00,0.14948494757874187
2020-04-17 19:54:00,0.0823736765367471
2020-04-17 19:57:00,0.16119810566533488
2020-04-17 20:00:00,0.043106528639327735
2020-04-17 20:03:00,0.09039808651789372
2020-04-17 20:06:00,0.10344922153734615
2020-04-17 20:09:00,0.17108699903809566
2020-04-17 20:12:00,0.08459618826697124
2020-04-17 20:15:00,0.084046028589853
2020-04-17 20:18:00,0.10807485481501544
2020-04-17 20:21:00,0.021071283256503648
2020-04-17 20:24:00,0.10171131044063486
2020-04-17 20:27:00,0.08334246720403371
2020-04-17 20:30:00,0.085701209421984
2020-04-17 20:33:00,0.1991378177402794
2020-04-17 20:36:00,0.0009048729638720943
2020-04-17 20:39:00,0.05140928120522403
2020-04-17 20:42:00,0.07317726630481047
2020-04-17 20:45:00,-0.020905706144787928
2020-04-17 20:48:00,0.10910304648012925
2020-04-17 20:51:00,0.21882745352394295
2020-04-17 20:54:00,0.11337924151746392
2020-04-17 20:57:00,0.1827287328363809
2020-04-17 21:00:00,0.04271922423976093
2020-04-17 21:03:00,0.103693939464506
2020-04-17 21:06:00,0.13482985305023476
2020-04-17 21:09:00,0.12891478048589988
2020-04-17 21:12:00,0.07916009191092144
2020-04-17 21:15:00,0.1507768533014655
2020-04-17 21:18:00,0.25504241524089366
2020-04-17 21:21:00,0.09837484605873215
2020-04-17 21:24:00,0.15610230245385992
2020-04-17 21:27:00,0.2167991550232955
2020-04-17 21:30:00,0.07866472641808286
2020-04-17 21:33:00,0.14554802579237958
2020-04-17 21:36:00,0.1751415313191842
2020-04-17 21:39:00,0.19246337652811008
2020-04-17 21:42:00,0.26347975574594784
2020-04-17 21:45:00,0.1403765168174118
2020-04-17 21:48:00,0.2289155229015023
2020-04-17 21:51:00,0.16894423218536758
2020-04-17 21:54:00,0.19522359316533766
2020-04-17 21:57:00,0.13676900137772918
2020-04-17 22:00:00,0.14323530888680125
2020-04-17 22:03:00,0.13739512299275702
2020-04-17 22:06:00,0.21113844476622035
2020-04-17 22:09:00,0.16165528123428885
2020-04-17 22:12:00,0.21256020517444085
2020-04-17 22:15:00,0.2033944853407661
2020-04-17 22:18:00,0.19977405855377128
2020-04-17 22:21:00,0.1959397926311226
2020-04-17 22:24:00,0.2994279699957474
2020-04-17 22:27:00,0.2654655177226459
2020-04-17 22:30:00,0.1682917317085071
2020-04-17 22:33:00,0.24839955047923468
2020-04-17 22:36:00,0.25018624793716526
2020-04-17 22:39:00,0.2564247888351474
2020-04-17 22:42:00,0.16944836554711173
2020-04-17 22:45:00,0.2108801657057029
2020-04-17 22:48:00,0.2065029150521127
2020-04-17 22:51:00,0.23439029089757923
2020-04-17 22:54:00,0.22816572824837067
2020-04-17 22:57:00,0.2573396045805225
2020-04-17 23:00:00,0.17431461554690486
2020-04-17 23:03:00,0.23615017174097375
2020-04-17 23:06:00,0.19029082548473752
2020-04-17 23:09:00,0.1430961761655567
2020-04-17 23:12:00,0.23448498575157828
2020-04-17 23:15:00,0.24928734727421897
2020-04-17 23:18:00,0.23069110321694097
2020-04-17 23:21:00,0.25285980645361406
2020-04-17 23:24:00,0.38118073556597665
2020-04-17 23:27:00,0.30918142337816334
2020-04-17 23:30:00,0.28309486473995094
2020-04-17 23:33:00,0.3733889102667831
2020-04-17 23:36:00,0.33559875748494505
2020-04-17 23:39:00,0.35114765715638896
2020-04-17 23:42:00,0.3215926625281895
2020-04-17 23:45:00,0.3186007679179852
2020-04-17 23:48:00,0.34666392946371616
2020-04-17 23:51:00,0.39288881558974253
2020-04-17 23:54:00,0.30891978297484
2020-04-17 23:57:00,0.2198823600747346
2020-04-18 00:00:00,0.35740038856897627
2020-04-18 00:03:00,0.29625662890214244
2020-04-18 00:06:00,0.2794015019049425
2020-04-18 00:09:00,0.21604643359381726
2020-04-18 00:12:00,0.2930605492865652
2020-04-18 00:15:00,0.3478779237950107
2020-04-18 00:18:00,0.182004090408725
2020-04-18 00:21:00,0.3279611852860853
2020-04-18 00:24:00,0.2645077925355963
2020-04-18 00:27:00,0.2938789911263484
2020-04-18 00:30:00,0.1876249931261782
2020-04-18 00:33:00,0.21271980770450227
2020-04-18 00:36:00,0.30659954814575485
2020-04-18 00:39:00,0.270458796004732
2020-04-18 00:42:00,0.16507696835520846
2020-04-18 00:45:00,0.17832134663080978
2020-04-18 00:48:00,0.3127096896481021
2020-04-18 00:51:00,0.3276178359607229
2020-04-18 00:54:00,0.29755186126504896
2020-04-18 00:57:00,0.2874778593660494
2020-04-18 01:00:00,0.2675972396693851
2020-04-18 01:03:00,0.2440830025732339
2020-04-18 01:06:00,0.35607750803217186
2020-04-18 01:09:00,0.20206221997722196
2020-04-18 01:12:00,0.2598846145059497
2020-04-18 01:15:00,0.3241772563151244
2020-04-18 01:18:00,0.32765714415495495
2020-04-18 01:21:00,0.2602370726654044
2020-04-18 01:24:00,0.2875897558292877
2020-04-18 01:27:00,0.3221273803049485
2020-04-18 01:30:00,0.35449726122249103
2020-04-18 01:33:00,0.2961373394135194
2020-04-18 01:36:00,0.25510076478514065
2020-04-18 01:39:00,0.1744817914872101
2020-04-18 01:42:00,0.3809506651629704
2020-04-18 01:45:00,0.19117676169440756
2020-04-18 01:48:00,0.2772809090297983
2020-04-18 01:51:00,0.26285084372625533
2020-04-18 01:54:00,0.29699781921385693
2020-04-18 01:57:00,0.351761411496625
2020-04-18 02:00:00,0.35590898920355585
2020-04-18 02:03:00,0.33618451616450784
2020-04-18 02:06:00,0.2410381280564593
2020-04-18 02:09:00,0.3384829918490482
2020-04-18 02:12:00,0.2766058774496969
2020-04-18 02:15:00,0.3427797160500745
2020-04-18 02:18:00,0.29151870601361907
2020-04-18 02:21:00,0.26080099540570245
2020-04-18 02:24:00,0.3526784807647232
2020-04-18 02:27:00,0.2845149363508881
2020-04-18 02:30:00,0.32510177574607724
2020-04-18 02:33:00,0.3117899177814252
2020-04-18 02:36:00,0.40329594277960723
2020-04-18 02:39:00,0.34380589443645704
2020-04-18 02:42:00,0.33936017967579346
2020-04-18 02:45:00,0.36133229020612134
2020-04-18 02:48:00,0.3779868176852119
2020-04-18 02:51:00,0.43357094358418635
2020-04-18 02:54:00,0.3010445916608546
2020-04-18 02:57:00,0.3688665056227478
2020-04-18 03:00:00,0.39131813490359946
2020-04-18 03:03:00,0.40417820160610063
2020-04-18 03:06:00,0.3618419358460869
2020-04-18 03:09:00,0.4122524116929185
2020-04-18 03:12:00,0.3622075006474006
2020-04-18 03:15:00,0.45730416065293866
2020-04-18 03:18:00,0.526359130311107
2020-04-18 03:21:00,0.5101464624951291
2020-04-18 03:24:00,0.39243611770285725
2020-04-18 03:27:00,0.3084043239296079
2020-04-18 03:30:00,0.3411427867755492
2020-04-18 03:33:00,0.4003089997012239
2020-04-18 03:36:00,0.33689515906826273
2020-04-18 03:39:00,0.2870659769407098
2020-04-18 03:42:00,0.2626121179188772
2020-04-18 03:45:00,0.2910420478334004
2020-04-18 03:48:00,0.2230090315251232
2020-04-18 03:51:00,0.2116943240873752
2020-04-18 03:54:00,0.3228357656857952
2020-04-18 03:57:00,0.2708217112331681
2020-04-18 04:00:00,0.222274484263437
2020-04-18 04:03:00,0.25695161785222354
2020-04-18 04:06:00,0.3729001418776079
2020-04-18 04:09:00,0.3842015731796664
2020-04-18 04:12:00,0.2718706218880129
2020-04-18 04:15:00,0.3271906342777129
2020-04-18 04:18:00,0.3279886571357338
2020-04-18 04:21:00,0.2974946705344337
2020-04-18 04:24:00,0.3243082903757113
2020-04-18 04:27:00,0.2798044127184198
2020-04-18 04:30:00,0.348122823612357
2020-04-18 04:33:00,0.3420538143835188
2020-04-18 04:36:00,0.3773276528395968
2020-04-18 04:39:00,0.28762877996842917
2020-04-18 04:42:00,0.359169942155404
2020-04-18 04:45:00,0.37138209334472094
2020-04-18 04:48:00,0.30504753795486295
2020-04-18 04:51:00,0.3620851040648745
2020-04-18 04:54:00,0.3795911914006638
2020-04-18 04:57:00,0.35007038345236197
2020-04-18 05:00:00,0.44257705401514613
2020-04-18 05:03:00,0.33602537394875753
2020-04-18 05:06:00,0.3127394324091597
2020-04-18 05:09:00,0.36809497251744006
2020-04-18 05:12:00,0.35868396548613646
2020-04-18 05:15:00,0.3693738444549126
2020-04-18 05:18:00,0.41359068929210707
2020-04-18 05:21:00,0.33569560689318223
2020-04-18 05:24:00,0.48670754200452393
2020-04-18 05:27:00,0.5224548548819712
2020-04-18 05:30:00,0.4156697195628567
2020-04-18 05:33:00,0.45374603265838687
2020-04-18 05:36:00,0.4246954357384425
2020-04-18 05:39:00,0.39613889365460864
2020-04-18 05:42:00,0.5004938817243101
2020-04-18 05:45:00,0.41558897555808016
2020-04-18 05:48:00,0.36914802233286537
2020-04-18 05:51:00,0.46160212959352975
2020-04-18 05:54:00,0.39859675396263583
2020-04-18 05:57:00,0.3166025778600101
2020-04-18 06:00:00,0.44736645324599067
2020-04-18 06:03:00,0.4831440222732226
2020-04-18 06:06:00,0.39592862974933496
2020-04-18 06:09:00,0.3414161928604358
2020-04-18 06:12:00,0.43771964161533106
2020-04-18 06:15:00,0.3309790695481638
2020-04-18 06:18:00,0.47768527484896595
2020-04-18 06:21:00,0.45434498908531396
2020-04-18 06:24:00,0.3847112718349308
2020-04-18 06:27:00,0.4483144441518334
2020-04-18 06:30:00,0.3893087205761958
2020-04-18 06:33:00,0.46593550550022655
2020-04-18 06:36:00,0.3723792396049248
2020-04-18 06:39:00,0.4092234861190036
2020-04-18 06:42:00,0.37930950655260176
2020-04-18 06:45:00,0.3893488064395001
2020-04-18 06:48:00,0.37999905282879354
2020-04-18 06:51:00,0.3426399404469862
2020-04-18 06:54:00,0.2760963060602535
2020-04-18 06:57:00,0.3894518164069609
2020-04-18 07:00:00,0.30807028543085835
2020-04-18 07:03:00,0.31966239435791977
2020-04-18 07:06:00,0.2242047659034938
2020-04-18 07:09:00,0.34680989696681763
2020-04-18 07:12:00,0.30727400947841943
2020-04-18 07:15:00,0.37234381863061117
2020-04-18 07:18:00,0.2473631356793362
2020-04-18 07:21:00,0.4062627984871483
2020-04-18 07:24:00,0.4137181389070861
2020-04-18 07:27:00,0.2739273372229718
2020-04-18 07:30:00,0.41194202229729626
2020-04-18 07:33:00,0.3496750105704791
2020-04-18 07:36:00,0.2548506620450439
2020-04-18 07:39:00,0.25159768337312016
2020-04-18 07:42:00,0.3376376933665597
2020-04-18 07:45:00,0.2540763596920783
2020-04-18 07:48:00,0.34094115696882454
2020-04-18 07:51:00,0.35813664224116337
2020-04-18 07:54:00,0.40234890647479915
2020-04-18 07:57:00,0.386232134465331
2020-04-18 08:00:00,0.3505517507687159
2020-04-18 08:03:00,0.36913605519242765
2020-04-18 08:06:00,0.3026847104362105
2020-04-18 08:09:00,0.21454892735732756
2020-04-18 08:12:00,0.33733469102816116
2020-04-18 08:15:00,0.2786301467507428
2020-04-18 08:18:00,0.2693622926304897
2020-04-18 08:21:00,0.2562289771229871
2020-04-18 08:24:00,0.20244847617965434
2020-04-18 08:27:00,0.24926512566833026
2020-04-18 08:30:00,0.24471036867771545
2020-04-18 08:33:00,0.303740249950863
2020-04-18 08:36:00,0.23901470231862731
2020-04-18 08:39:00,0.3262685342137388
2020-04-18 08:42:00,0.24500510613228244
2020-04-18 08:45:00,0.2804303462169173
2020-04-18 08:48:00,0.26615302798387575
2020-04-18 08:51:00,0.25104760491996103
2020-04-18 08:54:00,0.28586507476023826
2020-04-18 08:57:00,0.3055094066848483
2020-04-18 09:00:00,0.2795965832800107
2020-04-18 09:03:00,0.29554688462178547
2020-04-18 09:06:00,0.33743691257410546
2020-04-18 09:09:00,0.31868730432472603
2020-04-18 09:12:00,0.3460043165915181
2020-04-18 09:15:00,0.3760203028609226
2020-04-18 09:18:00,0.26475919582333063
2020-04-18 09:21:00,0.2959407883736844
2020-04-18 09:24:00,0.5111062541274123
2020-04-18 09:27:00,0.30991020042296213
2020-04-18 09:30:00,0.33420691804957414
2020-04-18 09:33:00,0.2925946304553122
2020-04-18 09:36:00,0.4031700958810802
2020-04-18 09:39:00,0.3349272268458776
2020-04-18 09:42:00,0.3021966680140622
2020-04-18 09:45:00,0.25064952080668945
2020-04-18 09:48:00,0.3107890679158345
2020-04-18 09:51:00,0.3386461721106002
2020-04-18 09:54:00,0.28674499339371096
2020-04-18 09:57:00,0.3537273819970892
2020-04-18 10:00:00,0.2340742946823866
2020-04-18 10:03:00,0.2034891527392233
2020-04-18 10:06:00,0.274018175332742
2020-04-18 10:09:00,0.4093344541537931
2020-04-18 10:12:00,0.316676194223362
2020-04-18 10:15:00,0.4756698644195012
2020-04-18 10:18:00,0.33337230955044106
2020-04-18 10:21:00,0.42199467423597525
2020-04-18 10:24:00,0.4228736876988819
2020-04-18 10:27:00,0.38336881432257996
2020-04-18 10:30:00,0.4769730425491048
2020-04-18 10:33:00,0.2264026959238663
2020-04-18 10:36:00,0.32648985473377934
2020-04-18 10:39:00,0.36515381576941763
2020-04-18 10:42:00,0.207516228809709
2020-04-18 10:45:00,0.20735138401556696
2020-04-18 10:48:00,0.15499911203590955
2020-04-18 10:51:00,0.3152687410159274
2020-04-18 10:54:00,0.21891712674067776
2020-04-18 10:57:00,0.3327158775909993
2020-04-18 11:00:00,0.2978268193299414
2020-04-18 11:03:00,0.32698454936968346
2020-04-18 11:06:00,0.3040214558047296
2020-04-18 11:09:00,0.18620792697424804
2020-04-18 11:12:00,0.27240757059797716
2020-04-18 11:15:00,0.25403064091767646
2020-04-18 11:18:00,0.235425140732616
2020-04-18 11:21:00,0.17300046100228883
2020-04-18 11:24:00,0.20599883897318705
2020-04-18 11:27:00,0.2387551322394188
2020-04-18 11:30:00,0.09935104608041456
2020-04-18 11:33:00,0.1887924216682677
2020-04-18 11:36:00,0.17103561539198608
2020-04-18 11:39:00,0.13062278683196382
2020-04-18 11:42:00,0.19570419609732426
2020-04-18 11:45:00,0.06214052797668046
2020-04-18 11:48:00,0.09461448114177529
2020-04-18 11:51:00,0.14492090307567196
2020-04-18 11:54:00,0.017559211495438376
2020-04-18 11:57:00,0.19528235120048976
2020-04-18 12:00:00,0.1501439081771423
2020-04-18 12:03:00,0.11683250073355111
2020-04-18 12:06:00,0.14518123111236036
2020-04-18 12:09:00,0.14966651448952462
2020-04-18 12:12:00,0.20979599917131964
2020-04-18 12:15:00,0.19257866433969184
2020-04-18 12:18:00,0.1291638080817279
2020-04-18 12:21:00,0.1512896158143917
2020-04-18 12:24:00,0.12828690711489799
2020-04-18 12:27:00,0.2543023823665749
2020-04-18 12:30:00,0.13309381695859201
2020-04-18 12:33:00,0.18479619802468505
2020-04-18 12:36:00,0.18919099280486762
2020-04-18 12:39:00,0.25870311894323095
2020-04-18 12:42:00,0.2670839437565178
2020-04-18 12:45:00,0.1473727657597692
2020-04-18 12:48:00,0.274225672608452
2020-04-18 12:51:00,0.21477546657035873
2020-04-18 12:54:00,0.22579021965117363
2020-04-18 12:57:00,0.18557101436346102
2020-04-18 13:00:00,0.2907305158619806
2020-04-18 13:03:00,0.32575990206748884
2020-04-18 13:06:00,0.26210472029475795
2020-04-18 13:09:00,0.35098762085544877
2020-04-18 13:12:00,0.19340971503214632
2020-04-18 13:15:00,0.2144873228693882
2020-04-18 13:18:00,0.24425731855507138
2020-04-18 13:21:00,0.3270807726482303
2020-04-18 13:24:00,0.11539538890320955
2020-04-18 13:27:00,0.034750792196007296
2020-04-18 13:30:00,0.11501757365203957
2020-04-18 13:33:00,0.16963162294774747
2020-04-18 13:36:00,0.029644835111014345
2020-04-18 13:39:00,-0.02002090769167353
2020-04-18 13:42:00,0.11367526918706972
2020-04-18 13:45:00,0.14639239276675653
2020-04-18 13:48:00,0.14166337926320693
2020-04-18 13:51:00,0.12954666554583127
2020-04-18 13:54:00,0.26326633207139594
2020-04-18 13:57:00,0.28996168983525195
2020-04-18 14:00:00,0.15869192449235925
2020-04-18 14:03:00,0.22276962057122773
2020-04-18 14:06:00,0.001683583676708622
2020-04-18 14:09:00,0.04387601846713096
2020-04-18 14:12:00,0.0701898000456822
2020-04-18 14:15:00,0.1795043625605217
2020-04-18 14:18:00,0.14735015158095166
2020-04-18 14:21:00,0.24283379639564373
2020-04-18 14:24:00,0.4334169908572676
2020-04-18 14:27:00,0.38916012899721864
2020-04-18 14:30:00,0.3955409097454208
2020-04-18 14:33:00,0.43964419488366957
2020-04-18 14:36:00,0.3684890554799267
2020-04-18 14:39:00,0.42431330151305247
2020-04-18 14:42:00,0.5669114610301449
2020-04-18 14:45:00,0.6521543537434127
2020-04-18 14:48:00,0.5338393951761873
2020-04-18 14:51:00,0.5558988087800003
2020-04-18 14:54:00,0.6684665384189543
2020-04-18 14:57:00,0.5825119373190546
2020-04-18 15:00:00,0.580228696220388
2020-04-18 15:03:00,0.525940708479709
2020-04-18 15:06:00,0.43997305081256854
2020-04-18 15:09:00,0.44447200415629595
2020-04-18 15:12:00,0.4388588647615279
2020-04-18 15:15:00,0.38212523915251495
2020-04-18 15:18:00,0.41992142500424734
2020-04-18 15:21:00,0.32454549850018566
2020-04-18 15:24:00,0.40376016423334704
2020-04-18 15:27:00,0.3927371311583556
2020-04-18 15:30:00,0.3993520537162567
2020-04-18 15:33:00,0.35006986141655716
2020-04-18 15:36:00,0.263493624297098
2020-04-18 15:39:00,0.2661066138730348
2020-04-18 15:42:00,0.19481460260908534
2020-04-18 15:45:00,0.28519072755909747
2020-04-18 15:48:00,0.35675721108731295
2020-04-18 15:51:00,0.25786794392666934
2020-04-18 15:54:00,0.3094703844768105
2020-04-18 15:57:00,0.29446651711828054
2020-04-18 16:00:00,0.16526029391036445
2020-04-18 16:03:00,0.3277303883553486
2020-04-18 16:06:00,0.31923003581698595
2020-04-18 16:09:00,0.27354755094501115
2020-04-18 16:12:00,0.38973630154271177
2020-04-18 16:15:00,0.404962512144607
2020-04-18 16:18:00,0.32405839751675103
2020-04-18 16:21:00,0.3519069931177796
2020-04-18 16:24:00,0.41842531093811886
2020-04-18 16:27:00,0.3511566262792485
2020-04-18 16:30:00,0.3094192807237164
2020-04-18 16:33:00,0.33209847151300664
2020-04-18 16:36:00,0.3057525532839236
2020-04-18 16:39:00,0.35756351201933967
2020-04-18 16:42:00,0.36826278877606455
2020-04-18 16:45:00,0.3358141932383205
2020-04-18 16:48:00,0.19395052460936313
2020-04-18 16:51:00,0.3824413292264808
2020-04-18 16:54:00,0.3279570473062563
2020-04-18 16:57:00,0.30027998722442817
2020-04-18 17:00:00,0.2966435103771232
2020-04-18 17:03:00,0.30402903250103464
2020-04-18 17:06:00,0.22732581882303293
2020-04-18 17:09:00,0.3694876141039458
2020-04-18 17:12:00,0.35068295505237757
2020-04-18 17:15:00,0.3433210108720459
2020-04-18 17:18:00,0.3659819665261921
2020-04-18 17:21:00,0.3473920709469098
2020-04-18 17:24:00,0.2999802089049126
2020-04-18 17:27:00,0.21442383944679477
2020-04-18 17:30:00,0.3867822404815229
2020-04-18 17:33:00,0.305956147321524
2020-04-18 17:36:00,0.26839202386872785
2020-04-18 17:39:00,0.2673931707309407
2020-04-18 17:42:00,0.1282048863576506
2020-04-18 17:45:00,0.0768868872092412
2020-04-18 17:48:00,0.15607733373326482
2020-04-18 17:51:00,0.2133337850379462
2020-04-18 17:54:00,0.09192215438520179
2020-04-18 17:57:00,0.07135771852938433
2020-04-18 18:00:00,0.09663656076645566
2020-04-18 18:03:00,0.05102160416777224
2020-04-18 18:06:00,0.11014365597736742
2020-04-18 18:09:00,0.22111276541841107
2020-04-18 18:12:00,0.05212656745595723
2020-04-18 18:15:00,0.014239803444695553
2020-04-18 18:18:00,0.12886436383058708
2020-04-18 18:21:00,0.05108802683878366
2020-04-18 18:24:00,0.08813598448989524
2020-04-18 18:27:00,0.17149247392575262
2020-04-18 18:30:00,0.1198267318511057
2020-04-18 18:33:00,0.15994394177971571
2020-04-18 18:36:00,0.13656484347592368
2020-04-18 18:39:00,0.07252697359729154
2020-04-18 18:42:00,0.19185444726855394
2020-04-18 18:45:00,0.06463814530519585
2020-04-18 18:48:00,0.10415816503262931
2020-04-18 18:51:00,0.03578778640002156
2020-04-18 18:54:00,
2020-04-18 18:57:00,
2020-04-18 19:00:00,
2020-04-18 19:03:00,0.13519726452750547
2020-04-18 19:06:00,0.1468609842605133
2020-04-18 19:09:00,0.10960942112666316
2020-04-18 19:12:00,0.0665836268996145
2020-04-18 19:15:00,0.09145537636362633
2020-04-18 19:18:00,0.12994595334890846
2020-04-18 19:21:00,0.07238724453475243
2020-04-18 19:24:00,0.1319780896328666
2020-04-18 19:27:00,0.005226606795304178
2020-04-18 19:30:00,0.11481296191971069
2020-04-18 19:33:00,0.16011274001272113
2020-04-18 19:36:00,0.09954288040006531
2020-04-18 19:39:00,0.18298442956574945
2020-04-18 19:42:00,0.10431072973375421
2020-04-18 19:45:00,0.25861903816439735
2020-04-18 19:48:00,0.17504604729742823
2020-04-18 19:51:00,0.12615293477654177
2020-04-18 19:54:00,0.16186726324588108
2020-04-18 19:57:00,0.13456512753566585
2020-04-18 20:00:00,0.13715703415113012
2020-04-18 20:03:00,0.13858733820620728
2020-04-18 20:06:00,0.18513757375524165
2020-04-18 20:09:00,0.14013112836579467
2020-04-18 20:12:00,0.16626587054361153
2020-04-18 20:15:00,0.16636573873370253
2020-04-18 20:18:00,0.1100320328243356
2020-04-18 20:21:00,0.060736490213741945
2020-04-18 20:24:00,0.08907142480154562
2020-04-18 20:27:00,0.10642879920015957
2020-04-18 20:30:00,0.1514790690322343
2020-04-18 20:33:00,-0.016767435821179788
2020-04-18 20:36:00,0.09002527834752527
2020-04-18 20:39:00,0.08262144206815947
2020-04-18 20:42:00,0.08001351004452317
2020-04-18 20:45:00,0.06652420812611126
2020-04-18 20:48:00,0.03574288296897521
2020-04-18 20:51:00,0.039032560522628046
2020-04-18 20:54:00,0.07852977087190993
2020-04-18 20:57:00,0.08075991723671905
2020-04-18 21:00:00,0.08188088339591104
2020-04-18 21:03:00,0.15126362718103792
2020-04-18 21:06:00,0.18365363653487066
2020-04-18 21:09:00,0.2364932136638913
2020-04-18 21:12:00,0.23733949796866227
2020-04-18 21:15:00,0.0928329736079263
2020-04-18 21:18:00,0.11713446319356535
2020-04-18 21:21:00,0.11921565288463398
2020-04-18 21:24:00,0.20122486869439626
2020-04-18 21:27:00,0.20628541775693066
2020-04-18 21:30:00,0.3336416611275581
2020-04-18 21:33:00,0.3043764528493398
2020-04-18 21:36:00,0.33847423490186657
2020-04-18 21:39:00,0.3021466824152981
2020-04-18 21:42:00,0.35728541280866466
2020-04-18 21:45:00,0.24350216537629876
2020-04-18 21:48:00,0.3666640553049092
2020-04-18 21:51:00,0.30071438057615296
2020-04-18 21:54:00,0.2864161498723661
2020-04-18 21:57:00,0.2028182392775193
2020-04-18 22:00:00,0.15284791866054093
2020-04-18 22:03:00,0.11705077101697725
2020-04-18 22:06:00,0.15321863493306864
2020-04-18 22:09:00,0.18812808014132543
2020-04-18 22:12:00,0.18184092200704072
2020-04-18 22:15:00,0.2715145809455066
2020-04-18 22:18:00,0.25496318196138645
2020-04-18 22:21:00,0.24769970173161937
2020-04-18 22:24:00,0.2983933508513701
2020-04-18 22:27:00,0.2934409786284391
2020-04-18 22:30:00,0.4907420085634726
2020-04-18 22:33:00,0.5324819737830353
2020-04-18 22:36:00,0.5245863272385805
2020-04-18 22:39:00,0.6543271364104726
2020-04-18 22:42:00,0.6506244795419889
2020-04-18 22:45:00,0.7026130530000501
2020-04-18 22:48:00,0.6721804444757709
2020-04-18 22:51:00,0.5950854055267314
2020-04-18 22:54:00,0.5554309415654188
2020-04-18 22:57:00,0.5933936227055483
2020-04-18 23:00:00,0.5004794646955588
2020-04-18 23:03:00,0.5169498401027113
2020-04-18 23:06:00,0.3868378312400864
2020-04-18 23:09:00,0.44596151743610335
2020-04-18 23:12:00,0.45403349190314657
2020-04-18 23:15:00,0.3925443395725665
2020-04-18 23:18:00,0.3419665545548014
2020-04-18 23:21:00,0.2954041452634897
2020-04-18 23:24:00,0.3066641217296251
2020-04-18 23:27:00,0.3339344656122307
2020-04-18 23:30:00,0.28167005300838355
2020-04-18 23:33:00,0.2564766549058959
2020-04-18 23:36:00,0.3228398764066469
2020-04-18 23:39:00,0.31312761542227463
2020-04-18 23:42:00,0.29756081476182317
2020-04-18 23:45:00,0.24630748981553552
2020-04-18 23:48:00,0.28236119375486624
2020-04-18 23:51:00,0.2719425453927897
2020-04-18 23:54:00,0.32199771610601147
2020-04-18 23:57:00,0.29707534704590444
2020-04-19 00:00:00,0.25563279715470344
2020-04-19 00:03:00,0.19048628251448463
2020-04-19 00:06:00,0.2549810408440294
2020-04-19 00:09:00,0.22627824621122272
2020-04-19 00:12:00,0.4066712517891915
2020-04-19 00:15:00,0.2866618297957757
2020-04-19 00:18:00,0.2939541747276735
2020-04-19 00:21:00,0.2599293397807969
2020-04-19 00:24:00,0.36218076457566895
2020-04-19 00:27:00,0.3392685536284148
2020-04-19 00:30:00,0.3241735690947962
2020-04-19 00:33:00,0.2674999711613282
2020-04-19 00:36:00,0.36382786693633307
2020-04-19 00:39:00,0.23806776533410812
2020-04-19 00:42:00,0.3258582848831111
2020-04-19 00:45:00,0.2892095436079103
2020-04-19 00:48:00,0.3705173214462434
2020-04-19 00:51:00,0.2910340301765473
2020-04-19 00:54:00,0.3384353841242387
2020-04-19 00:57:00,0.3532470593274297
2020-04-19 01:00:00,0.36361845087924394
2020-04-19 01:03:00,0.3172753104421986
2020-04-19 01:06:00,0.38711034242459164
2020-04-19 01:09:00,0.2569590776660675
2020-04-19 01:12:00,0.4247097559311328
2020-04-19 01:15:00,0.3901350885014381
2020-04-19 01:18:00,0.3326987153867549
2020-04-19 01:21:00,0.3667917171973727
2020-04-19 01:24:00,0.21082979279879055
2020-04-19 01:27:00,0.30822341902751305
2020-04-19 01:30:00,0.3832241835838204
2020-04-19 01:33:00,0.3833277281190135
2020-04-19 01:36:00,0.3139194835353578
2020-04-19 01:39:00,0.383818657323161
2020-04-19 01:42:00,0.3237224014570188
2020-04-19 01:45:00,0.2925872887615242
2020-04-19 01:48:00,0.3876567272620264
2020-04-19 01:51:00,0.33697739638216717
2020-04-19 01:54:00,0.37388425306164663
2020-04-19 01:57:00,0.39004566778135086
2020-04-19 02:00:00,0.4229077806990631
2020-04-19 02:03:00,0.3419573247777521
2020-04-19 02:06:00,0.32506845335160506
2020-04-19 02:09:00,0.41297025276981003
2020-04-19 02:12:00,0.4317726775073538
2020-04-19 02:15:00,0.3568748678420661
2020-04-19 02:18:00,0.4752139008582503
2020-04-19 02:21:00,0.3219717123486703
2020-04-19 02:24:00,0.40668847163266264
2020-04-19 02:27:00,0.33643910912292085
2020-04-19 02:30:00,0.37052631335058095
2020-04-19 02:33:00,0.3622400864261408
2020-04-19 02:36:00,0.40663091151759545
2020-04-19 02:39:00,0.3787692225113801
2020-04-19 02:42:00,0.35119259798574376
2020-04-19 02:45:00,0.37804586867616763
2020-04-19 02:48:00,0.3937279161186211
2020-04-19 02:51:00,0.37748443957070776
2020-04-19 02:54:00,0.36507993624934443
2020-04-19 02:57:00,0.39984457941028495
2020-04-19 03:00:00,0.3357001792378469
2020-04-19 03:03:00,0.3679471861004231
2020-04-19 03:06:00,0.33942641108944827
2020-04-19 03:09:00,0.3616440348397987
2020-04-19 03:12:00,0.43983182240845053
2020-04-19 03:15:00,0.34666043312967076
2020-04-19 03:18:00,0.3404948933152241
2020-04-19 03:21:00,0.4335960283675604
2020-04-19 03:24:00,0.43837536556662826
2020-04-19 03:27:00,0.335554362615369
2020-04-19 03:30:00,0.37196233140815593
2020-04-19 03:33:00,0.4375079578060763
2020-04-19 03:36:00,0.45145739325926115
2020-04-19 03:39:00,0.3212820738914388
2020-04-19 03:42:00,0.40954287660429145
2020-04-19 03:45:00,0.3684308887245038
2020-04-19 03:48:00,0.4518455309436149
2020-04-19 03:51:00,0.36956872681156483
2020-04-19 03:54:00,0.48901608738839286
2020-04-19 03:57:00,0.3091451483782066
2020-04-19 04:00:00,0.40390131163815113
2020-04-19 04:03:00,0.33142052528802424
2020-04-19 04:06:00,0.40250995496995756
2020-04-19 04:09:00,0.39194951384536125
2020-04-19 04:12:00,0.42810308053270774
2020-04-19 04:15:00,0.3997261151298517
2020-04-19 04:18:00,0.42354347038877904
2020-04-19 04:21:00,0.39837833326782857
2020-04-19 04:24:00,0.26984211404214875
2020-04-19 04:27:00,0.3240766558619157
2020-04-19 04:30:00,0.31076209259879306
2020-04-19 04:33:00,0.36126645220008413
2020-04-19 04:36:00,0.32595128360168246
2020-04-19 04:39:00,0.28260999379722307
2020-04-19 04:42:00,0.3769548036782453
2020-04-19 04:45:00,0.4022773659008294
2020-04-19 04:48:00,0.32371057307477713
2020-04-19 04:51:00,0.22278915331759208
2020-04-19 04:54:00,0.3820397939767872
2020-04-19 04:57:00,0.28801424907754836
2020-04-19 05:00:00,0.29737280490024887
2020-04-19 05:03:00,0.3250377652859129
2020-04-19 05:06:00,0.3490949734352853
2020-04-19 05:09:00,0.3622066908154693
2020-04-19 05:12:00,0.3589993512367755
2020-04-19 05:15:00,0.29287597983415026
2020-04-19 05:18:00,0.36513803682510115
2020-04-19 05:21:00,0.37603054199365715
2020-04-19 05:24:00,0.3292432900466906
2020-04-19 05:27:00,0.32195549421032865
2020-04-19 05:30:00,0.2859173474592467
2020-04-19 05:33:00,0.3030115104404558
2020-04-19 05:36:00,0.36731897716504136
2020-04-19 05:39:00,0.2424680545803426
2020-04-19 05:42:00,0.2865482877196541
2020-04-19 05:45:00,0.31090955275760734
2020-04-19 05:48:00,0.2622860209969531
2020-04-19 05:51:00,0.3266019950709733
2020-04-19 05:54:00,0.3876889988181347
2020-04-19 05:57:00,0.28679720852153423
2020-04-19 06:00:00,0.3575082564629497
2020-04-19 06:03:00,0.3562256774798698
2020-04-19 06:06:00,0.3490684689436421
2020-04-19 06:09:00,0.25255865670698086
2020-04-19 06:12:00,0.22702971036795816
2020-04-19 06:15:00,0.30434635899734985
2020-04-19 06:18:00,0.2881204201140122
2020-04-19 06:21:00,0.34212820099628516
2020-04-19 06:24:00,0.2432660358352905
2020-04-19 06:27:00,0.27251743308215737
2020-04-19 06:30:00,0.31627963149031757
2020-04-19 06:33:00,0.31587095200217163
2020-04-19 06:36:00,0.36660314176373276
2020-04-19 06:39:00,0.3444029917514513
2020-04-19 06:42:00,0.31520446503844823
2020-04-19 06:45:00,0.28740571000031423
2020-04-19 06:48:00,0.2920489084510791
2020-04-19 06:51:00,0.3781806802983283
2020-04-19 06:54:00,0.25927556882419367
2020-04-19 06:57:00,0.25062628123077957
2020-04-19 07:00:00,0.22885538553106244
2020-04-19 07:03:00,0.3644775937771101
2020-04-19 07:06:00,0.26250620788249535
2020-04-19 07:09:00,0.30827118304046053
2020-04-19 07:12:00,0.3532113413718321
2020-04-19 07:15:00,0.32443028172701815
2020-04-19 07:18:00,0.3511443485654695
2020-04-19 07:21:00,0.29877491224209507
2020-04-19 07:24:00,0.3887809243009883
2020-04-19 07:27:00,0.29183943544052227
2020-04-19 07:30:00,0.2712500687912893
2020-04-19 07:33:00,0.2939876379242605
2020-04-19 07:36:00,0.31517183266970505
2020-04-19 07:39:00,0.34759324037929673
2020-04-19 07:42:00,0.3174705069003494
2020-04-19 07:45:00,0.29628200011484296
2020-04-19 07:48:00,0.3028414395330401
2020-04-19 07:51:00,0.2843227150120242
2020-04-19 07:54:00,0.2849529565885973
2020-04-19 07:57:00,0.29233739935887115
2020-04-19 08:00:00,0.28157470632231707
2020-04-19 08:03:00,0.26489538002965674
2020-04-19 08:06:00,0.2644152646695943
2020-04-19 08:09:00,0.3678284881211198
2020-04-19 08:12:00,0.3012622978184254
2020-04-19 08:15:00,0.21290361292818716
2020-04-19 08:18:00,0.321122361055302
2020-04-19 08:21:00,0.27617159010566183
2020-04-19 08:24:00,0.26134752995676536
2020-04-19 08:27:00,0.31760916299009523
2020-04-19 08:30:00,0.24297621157478488
2020-04-19 08:33:00,0.2484550657195541
2020-04-19 08:36:00,0.20473056747869123
2020-04-19 08:39:00,0.19898090724024087
2020-04-19 08:42:00,0.2863357380036291
2020-04-19 08:45:00,0.15787969197754137
2020-04-19 08:48:00,0.1010419501979527
2020-04-19 08:51:00,0.18161714129615802
2020-04-19 08:54:00,0.15177011851613997
2020-04-19 08:57:00,0.10900739985982
2020-04-19 09:00:00,0.18178837350887989
2020-04-19 09:03:00,0.23055504299128415
2020-04-19 09:06:00,0.18941511294991642
2020-04-19 09:09:00,0.14082402659852278
2020-04-19 09:12:00,0.13847630392626797
2020-04-19 09:15:00,0.12447217524072585
2020-04-19 09:18:00,0.15401909416817716
2020-04-19 09:21:00,0.25353334988210463
2020-04-19 09:24:00,0.09588638949850292
2020-04-19 09:27:00,0.16462062650816733
2020-04-19 09:30:00,0.1538741127098433
2020-04-19 09:33:00,0.1453702863237254
2020-04-19 09:36:00,0.2550516565185603
2020-04-19 09:39:00,0.25116566586893896
2020-04-19 09:42:00,0.08006099128738242
2020-04-19 09:45:00,0.04456056161785682
2020-04-19 09:48:00,0.13090105289467147
2020-04-19 09:51:00,0.09928092451406201
2020-04-19 09:54:00,0.017999917258634923
2020-04-19 09:57:00,-0.0625279106122889
2020-04-19 10:00:00,0.008603635339341054
2020-04-19 10:03:00,0.06755762201902371
2020-04-19 10:06:00,0.07534489429656333
2020-04-19 10:09:00,0.06997886921988083
2020-04-19 10:12:00,0.08179127226975424
2020-04-19 10:15:00,-0.0011710190684652844
2020-04-19 10:18:00,-0.05318194328606296
2020-04-19 10:21:00,0.05294654566165491
2020-04-19 10:24:00,0.02465859698844497
2020-04-19 10:27:00,-0.014950211109123757
2020-04-19 10:30:00,-0.047496956136171775
2020-04-19 10:33:00,-0.030190535817723685
2020-04-19 10:36:00,-0.013189616299257523
2020-04-19 10:39:00,0.038359045243225864
2020-04-19 10:42:00,0.04745729427816059
2020-04-19 10:45:00,-0.08022760698884213
2020-04-19 10:48:00,0.014456889674022477
2020-04-19 10:51:00,-0.03559026594018633
2020-04-19 10:54:00,-0.07997277676406611
2020-04-19 10:57:00,-0.12295190685415491
2020-04-19 11:00:00,-0.15691060335353768
2020-04-19 11:03:00,-0.13391428679165074
2020-04-19 11:06:00,-0.08804278225215967
2020-04-19 11:09:00,-0.060094512895375374
2020-04-19 11:12:00,-0.19698288857892976
2020-04-19 11:15:00,-0.20190531245441434
2020-04-19 11:18:00,-0.1614970606942734
2020-04-19 11:21:00,-0.09465943950937117
2020-04-19 11:24:00,-0.09729918842521101
2020-04-19 11:27:00,-0.07012089066557792
2020-04-19 11:30:00,-0.11245025779260232
2020-04-19 11:33:00,-0.09255603530738199
2020-04-19 11:36:00,-0.1529498131217224
2020-04-19 11:39:00,-0.027231418598375967
2020-04-19 11:42:00,-0.07509400200342498
2020-04-19 11:45:00,-0.07144638770267875
2020-04-19 11:48:00,-0.056077551909481826
2020-04-19 11:51:00,-0.1204243116689554
2020-04-19 11:54:00,-0.18499219917663368
2020-04-19 11:57:00,-0.24028468464990738
2020-04-19 12:00:00,-0.24334528248141396
2020-04-19 12:03:00,-0.2902102272510092
2020-04-19 12:06:00,-0.15488999377703294
2020-04-19 12:09:00,-0.11677647418957804
2020-04-19 12:12:00,-0.2689745412761795
2020-04-19 12:15:00,-0.12763689473763407
2020-04-19 12:18:00,-0.14558964736147573
2020-04-19 12:21:00,0.03682309657961014
2020-04-19 12:24:00,-0.1524830384645952
2020-04-19 12:27:00,-0.17509802635322558
2020-04-19 12:30:00,-0.03418272310437942
2020-04-19 12:33:00,-0.1723427625101408
2020-04-19 12:36:00,-0.04494459890491953
2020-04-19 12:39:00,-0.14007372774881333
2020-04-19 12:42:00,-0.2240780576134398
2020-04-19 12:45:00,-0.16587220728064267
2020-04-19 12:48:00,-0.18378082177645183
2020-04-19 12:51:00,-0.10710868855562694
2020-04-19 12:54:00,-0.04683709248308787
2020-04-19 12:57:00,-0.12041420954176374
2020-04-19 13:00:00,-0.28028742070625867
2020-04-19 13:03:00,-0.2167104109794309
2020-04-19 13:06:00,-0.16625447113284508
2020-04-19 13:09:00,-0.07801727687524362
2020-04-19 13:12:00,-0.09223385510875914
2020-04-19 13:15:00,-0.1005830565471797
2020-04-19 13:18:00,-0.09509521957630795
2020-04-19 13:21:00,-0.11726956259843746
2020-04-19 13:24:00,-0.18701938871572565
2020-04-19 13:27:00,-0.12596977407804388
2020-04-19 13:30:00,-0.12940115469859848
2020-04-19 13:33:00,-0.10192343708428098
2020-04-19 13:36:00,0.027636723097032245
2020-04-19 13:39:00,-0.21822700131349393
2020-04-19 13:42:00,-0.15169349062199444
2020-04-19 13:45:00,-0.04839536148216439
2020-04-19 13:48:00,-0.053908544218927545
2020-04-19 13:51:00,-0.12609073336551546
2020-04-19 13:54:00,-0.10338217180611764
2020-04-19 13:57:00,0.006319891398732125
2020-04-19 14:00:00,-0.035014223463065264
2020-04-19 14:03:00,0.07695174342558175
2020-04-19 14:06:00,0.2166322304416326
2020-04-19 14:09:00,0.00638907646282405
2020-04-19 14:12:00,0.10284357067166638
2020-04-19 14:15:00,0.19445141811416988
2020-04-19 14:18:00,0.20516179249744937
2020-04-19 14:21:00,0.11574230655514839
2020-04-19 14:24:00,0.0818866777973426
2020-04-19 14:27:00,-0.006102611193057328
2020-04-19 14:30:00,-0.12505076621266653
2020-04-19 14:33:00,-0.12672540583116643
2020-04-19 14:36:00,-0.09795376168807479
2020-04-19 14:39:00,-0.15556524062611743
2020-04-19 14:42:00,-0.14782573694031953
2020-04-19 14:45:00,-0.15066379677068653
2020-04-19 14:48:00,-0.08736027930126511
2020-04-19 14:51:00,-0.03484696509724472
2020-04-19 14:54:00,0.06693374803069219
2020-04-19 14:57:00,0.006431724667947947
2020-04-19 15:00:00,-0.011659368512198398
2020-04-19 15:03:00,-0.02701052873550225
2020-04-19 15:06:00,-0.033935780396006976
2020-04-19 15:09:00,0.10987835612678509
2020-04-19 15:12:00,0.05617345839198151
2020-04-19 15:15:00,0.03263984486574145
2020-04-19 15:18:00,-0.0140172857984453
2020-04-19 15:21:00,-0.01841188523604842
2020-04-19 15:24:00,-0.06872304281091601
2020-04-19 15:27:00,0.1155224091414766
2020-04-19 15:30:00,-0.0032721707079303997
2020-04-19 15:33:00,0.06530887012274889
2020-04-19 15:36:00,0.02407242858907921
2020-04-19 15:39:00,-0.080786970966642
2020-04-19 15:42:00,0.012841911417353913
2020-04-19 15:45:00,-0.03344775550658596
2020-04-19 15:48:00,0.05673758994765876
2020-04-19 15:51:00,0.13961573715454278
2020-04-19 15:54:00,0.021706223503031197
2020-04-19 15:57:00,0.11492762486057018
2020-04-19 16:00:00,0.052426358209743285
2020-04-19 16:03:00,0.08990846349388448
2020-04-19 16:06:00,-0.004312047543919562
2020-04-19 16:09:00,0.013238169791179644
2020-04-19 16:12:00,0.06683248541338571
2020-04-19 16:15:00,0.05080503465654829
2020-04-19 16:18:00,0.03964494431761523
2020-04-19 16:21:00,0.03962892359828629
2020-04-19 16:24:00,0.17382738349277815
2020-04-19 16:27:00,0.0443895294416734
2020-04-19 16:30:00,0.03176061023754073
2020-04-19 16:33:00,0.04682092905528634
2020-04-19 16:36:00,-0.025821083354571783
2020-04-19 16:39:00,0.03863744596520746
2020-04-19 16:42:00,0.03654366802737741
2020-04-19 16:45:00,0.03509576225496858
2020-04-19 16:48:00,0.10438666581455891
2020-04-19 16:51:00,-0.005857034113262216
2020-04-19 16:54:00,-0.04458499846811037
2020-04-19 16:57:00,0.0665552509022973
2020-04-19 17:00:00,0.06631941991776102
2020-04-19 17:03:00,-0.0891473426097491
2020-04-19 17:06:00,-0.011895291819769227
2020-04-19 17:09:00,-0.005148513439110047
2020-04-19 17:12:00,0.0780019792521216
2020-04-19 17:15:00,-0.025335665605041413
2020-04-19 17:18:00,-0.036427617585388816
2020-04-19 17:21:00,0.02444480138939298
2020-04-19 17:24:00,0.008973471506521946
2020-04-19 17:27:00,0.0482328624405568
2020-04-19 17:30:00,0.029866628755939928
2020-04-19 17:33:00,0.04539993174165602
2020-04-19 17:36:00,-0.052188464565858794
2020-04-19 17:39:00,-0.04945361670530701
2020-04-19 17:42:00,-0.006840995302184183
2020-04-19 17:45:00,0.14560919158475372
2020-04-19 17:48:00,0.11051510998004233
2020-04-19 17:51:00,0.01056036140124661
2020-04-19 17:54:00,0.0905895774968144
2020-04-19 17:57:00,0.10620805976429892
2020-04-19 18:00:00,0.05456878998182901
2020-04-19 18:03:00,0.05966927284208623
2020-04-19 18:06:00,0.0069090586745801374
2020-04-19 18:09:00,0.0006936656416769438
2020-04-19 18:12:00,0.07401318141899083
2020-04-19 18:15:00,0.023624949481643398
2020-04-19 18:18:00,0.05310333513028809
2020-04-19 18:21:00,-0.003950629278676843
2020-04-19 18:24:00,0.0013992738539059246
2020-04-19 18:27:00,0.023491983692281337
2020-04-19 18:30:00,0.10328413913953227
2020-04-19 18:33:00,0.17546842400213336
2020-04-19 18:36:00,0.1348156580572777
2020-04-19 18:39:00,-0.004105498558203635
2020-04-19 18:42:00,0.1124052767070225
2020-04-19 18:45:00,0.11078099097130689
2020-04-19 18:48:00,0.07147497556394455
2020-04-19 18:51:00,0.061279791668539474
2020-04-19 18:54:00,
2020-04-19 18:57:00,
2020-04-19 19:00:00,
2020-04-19 19:03:00,0.12066448356830506
2020-04-19 19:06:00,0.12509698698244165
2020-04-19 19:09:00,0.0329421209520433
2020-04-19 19:12:00,0.1153237178685913
2020-04-19 19:15:00,0.14569525157048702
2020-04-19 19:18:00,0.05242649460819848
2020-04-19 19:21:00,0.14507147629643669
2020-04-19 19:24:00,0.16210134329037373
2020-04-19 19:27:00,0.21501326520672137
2020-04-19 19:30:00,0.10750040105722292
2020-04-19 19:33:00,0.22750160234789973
2020-04-19 19:36:00,0.13899256715404817
2020-04-19 19:39:00,0.2070868248575266
2020-04-19 19:42:00,0.25447708139518
2020-04-19 19:45:00,0.05584955264856717
2020-04-19 19:48:00,0.038314421438997215
2020-04-19 19:51:00,0.07493788042097549
2020-04-19 19:54:00,0.16772271328466104
2020-04-19 19:57:00,0.07751708553280423
2020-04-19 20:00:00,0.14388277441321407
2020-04-19 20:03:00,0.13586080954792124
2020-04-19 20:06:00,0.18149683822286988
2020-04-19 20:09:00,0.14521494488406006
2020-04-19 20:12:00,0.1343760763334103
2020-04-19 20:15:00,0.10935289943955695
2020-04-19 20:18:00,0.1052269246346782
2020-04-19 20:21:00,0.07484543545740507
2020-04-19 20:24:00,0.1321503539000446
2020-04-19 20:27:00,0.21639605426304342
2020-04-19 20:30:00,0.1380970668984105
2020-04-19 20:33:00,0.15079944617752972
2020-04-19 20:36:00,0.14467248813616607
2020-04-19 20:39:00,0.06407944922756315
2020-04-19 20:42:00,0.1571105143704017
2020-04-19 20:45:00,0.20201454290025822
2020-04-19 20:48:00,0.10566290586626792
2020-04-19 20:51:00,0.10506384731991147
2020-04-19 20:54:00,0.19499635795000358
2020-04-19 20:57:00,0.17789447059897157
2020-04-19 21:00:00,0.1896458229922473
2020-04-19 21:03:00,0.18548756598443106
2020-04-19 21:06:00,0.14923046531731643
2020-04-19 21:09:00,0.1735934592144872
2020-04-19 21:12:00,0.25628347873794155
2020-04-19 21:15:00,0.13887742703076356
2020-04-19 21:18:00,0.06923822323824425
2020-04-19 21:21:00,0.17103220399661723
2020-04-19 21:24:00,0.19366722948456072
2020-04-19 21:27:00,0.16957649180875478
2020-04-19 21:30:00,0.11207335441747546
2020-04-19 21:33:00,0.17599366836515173
2020-04-19 21:36:00,0.23041226765718648
2020-04-19 21:39:00,0.1709263332752471
2020-04-19 21:42:00,0.09470791847917326
2020-04-19 21:45:00,0.24165281418714812
2020-04-19 21:48:00,0.25723891716404523
2020-04-19 21:51:00,0.15371854771717608
2020-04-19 21:54:00,0.1183203089530025
2020-04-19 21:57:00,0.17112846191395192
2020-04-19 22:00:00,0.12666442120928423
2020-04-19 22:03:00,0.1940882859865951
2020-04-19 22:06:00,0.33107678896311654
2020-04-19 22:09:00,0.18698727642743052
2020-04-19 22:12:00,0.2002533037637022
2020-04-19 22:15:00,0.18590754738033866
2020-04-19 22:18:00,0.24024342225072814
2020-04-19 22:21:00,0.20472031114428546
2020-04-19 22:24:00,0.23154838288553492
2020-04-19 22:27:00,0.24735371161045805
2020-04-19 22:30:00,0.2985292980775398
2020-04-19 22:33:00,0.09173322528670269
2020-04-19 22:36:00,0.12504963785323753
2020-04-19 22:39:00,0.22439703178247328
2020-04-19 22:42:00,0.18800364890273613
2020-04-19 22:45:00,0.16580357290217762
2020-04-19 22:48:00,0.1490700063657755
2020-04-19 22:51:00,0.1920974441465546
2020-04-19 22:54:00,0.0831464455110904
2020-04-19 22:57:00,0.18573647421953865
2020-04-19 23:00:00,0.0954920686957621
2020-04-19 23:03:00,0.2125997819335339
2020-04-19 23:06:00,0.18681581771630817
2020-04-19 23:09:00,0.2706606363591959
2020-04-19 23:12:00,0.17434918185819015
2020-04-19 23:15:00,0.18306757122292083
2020-04-19 23:18:00,0.2625568963852061
2020-04-19 23:21:00,0.2198883258908495
2020-04-19 23:24:00,0.20205713993181007
2020-04-19 23:27:00,0.2161987702139072
2020-04-19 23:30:00,0.16344876836683397
2020-04-19 23:33:00,0.17159621263419922
2020-04-19 23:36:00,0.15093925388003981
2020-04-19 23:39:00,0.18434811133926132
2020-04-19 23:42:00,0.09686594582916541
2020-04-19 23:45:00,0.22362357182964843
2020-04-19 23:48:00,0.10278475254676778
2020-04-19 23:51:00,0.2518254447282402
2020-04-19 23:54:00,0.1966762661945154
2020-04-19 23:57:00,0.23235093743176094
2020-04-20 00:00:00,0.18001216651788354
2020-04-20 00:03:00,0.17858933265910082
2020-04-20 00:06:00,0.17054454082966686
2020-04-20 00:09:00,0.2175603303142566
2020-04-20 00:12:00,0.20656183859330213
2020-04-20 00:15:00,0.21614678109813212
2020-04-20 00:18:00,0.08338110794773002
2020-04-20 00:21:00,0.15798725932421576
2020-04-20 00:24:00,0.21785723105210764
2020-04-20 00:27:00,0.20368671850258124
2020-04-20 00:30:00,0.22719141601970705
2020-04-20 00:33:00,0.24845953370805773
2020-04-20 00:36:00,0.290245945927893
2020-04-20 00:39:00,0.23607478607584653
2020-04-20 00:42:00,0.24465508708800598
2020-04-20 00:45:00,0.2542835897304485
2020-04-20 00:48:00,0.2717544586984104
2020-04-20 00:51:00,0.29354648327228006
2020-04-20 00:54:00,0.3409345271150528
2020-04-20 00:57:00,0.36095667804045206
2020-04-20 01:00:00,0.24650731282338256
2020-04-20 01:03:00,0.23579004009809523
2020-04-20 01:06:00,0.19573390227748177
2020-04-20 01:09:00,0.20266803059547556
2020-04-20 01:12:00,0.2521669190966236
2020-04-20 01:15:00,0.2600440694535564
2020-04-20 01:18:00,0.2702548314408091
2020-04-20 01:21:00,0.2975976639360738
2020-04-20 01:24:00,0.1923103131941275
2020-04-20 01:27:00,0.18447211585441892
2020-04-20 01:30:00,0.2547667083136389
2020-04-20 01:33:00,0.14512992329457575
2020-04-20 01:36:00,0.24102980018483322
2020-04-20 01:39:00,0.32534345121905517
2020-04-20 01:42:00,0.23054527882561615
2020-04-20 01:45:00,0.22392258118310338
2020-04-20 01:48:00,0.2560535656704701
2020-04-20 01:51:00,0.2442837978964576
2020-04-20 01:54:00,0.2432168593599613
2020-04-20 01:57:00,0.259743496121871
2020-04-20 02:00:00,0.2557427347024941
2020-04-20 02:03:00,0.1882799914045563
2020-04-20 02:06:00,0.3336248546045226
2020-04-20 02:09:00,0.21782161814070378
2020-04-20 02:12:00,0.2651232429381025
2020-04-20 02:15:00,0.17763244236061837
2020-04-20 02:18:00,0.27608251386993743
2020-04-20 02:21:00,0.31613336586258356
2020-04-20 02:24:00,0.18500952762889256
2020-04-20 02:27:00,0.2928593461703599
2020-04-20 02:30:00,0.2895466902766657
2020-04-20 02:33:00,0.30280434414146384
2020-04-20 02:36:00,0.28064400779595644
2020-04-20 02:39:00,0.291351834427644
2020-04-20 02:42:00,0.34849056600285166
2020-04-20 02:45:00,0.32047644681648535
2020-04-20 02:48:00,0.34772926720603436
2020-04-20 02:51:00,0.35109472857465107
2020-04-20 02:54:00,0.3602651943988917
2020-04-20 02:57:00,0.2942049433889906
2020-04-20 03:00:00,0.3319612087443602
2020-04-20 03:03:00,0.3351254392120495
2020-04-20 03:06:00,0.2899627531751321
2020-04-20 03:09:00,0.3430749272592948
2020-04-20 03:12:00,0.32147111120309546
2020-04-20 03:15:00,0.3348840208228694
2020-04-20 03:18:00,0.34017879198455603
2020-04-20 03:21:00,0.3329092441159105
2020-04-20 03:24:00,0.30050366677585316
2020-04-20 03:27:00,0.31929459146022054
2020-04-20 03:30:00,0.36709864823785665
2020-04-20 03:33:00,0.3857463633571001
2020-04-20 03:36:00,0.3315227252951445
2020-04-20 03:39:00,0.44950264320334554
2020-04-20 03:42:00,0.4218829149091903
2020-04-20 03:45:00,0.29097944537261355
2020-04-20 03:48:00,0.3371272288055138
2020-04-20 03:51:00,0.3187169139570756
2020-04-20 03:54:00,0.36208936844394657
2020-04-20 03:57:00,0.32484544807948623
2020-04-20 04:00:00,0.32151814842876547
2020-04-20 04:03:00,0.4031424890744688
2020-04-20 04:06:00,0.3693787488813314
2020-04-20 04:09:00,0.35548820637899325
2020-04-20 04:12:00,0.4354088588614218
2020-04-20 04:15:00,0.4506464564000794
2020-04-20 04:18:00,0.3521622053502824
2020-04-20 04:21:00,0.4217484547112349
2020-04-20 04:24:00,0.44954112894885156
2020-04-20 04:27:00,0.3516066749541551
2020-04-20 04:30:00,0.3239092739250964
2020-04-20 04:33:00,0.3892950765470573
2020-04-20 04:36:00,0.38196550041055843
2020-04-20 04:39:00,0.4295961780999846
2020-04-20 04:42:00,0.43595005355842886
2020-04-20 04:45:00,0.4575998721681458
2020-04-20 04:48:00,0.3877464779746447
2020-04-20 04:51:00,0.4197128867913307
2020-04-20 04:54:00,0.44650534551942656
2020-04-20 04:57:00,0.42785867299676283
2020-04-20 05:00:00,0.3634678677564125
2020-04-20 05:03:00,0.43112527911557663
2020-04-20 05:06:00,0.42827606285965203
2020-04-20 05:09:00,0.40783927572363154
2020-04-20 05:12:00,0.33486278874545405
2020-04-20 05:15:00,0.4067096440995215
2020-04-20 05:18:00,0.45003662260029387
2020-04-20 05:21:00,0.39420951379293
2020-04-20 05:24:00,0.5097581955479882
2020-04-20 05:27:00,0.4174698427331123
2020-04-20 05:30:00,0.42005079872933493
2020-04-20 05:33:00,0.3995898085951808
2020-04-20 05:36:00,0.4992990355801794
2020-04-20 05:39:00,0.40778150078324416
2020-04-20 05:42:00,0.512372172980406
2020-04-20 05:45:00,0.4991706062984349
2020-04-20 05:48:00,0.4954656789249725
2020-04-20 05:51:00,0.4442040007280639
2020-04-20 05:54:00,0.4402128857146863
2020-04-20 05:57:00,0.49594698330946585
2020-04-20 06:00:00,0.49771132022834763
2020-04-20 06:03:00,0.42346415442233365
2020-04-20 06:06:00,0.5189237503851132
2020-04-20 06:09:00,0.4349960226304006
2020-04-20 06:12:00,0.4505711495145306
2020-04-20 06:15:00,0.5351060197703532
2020-04-20 06:18:00,0.37573433718461047
2020-04-20 06:21:00,0.5824899314307004
2020-04-20 06:24:00,0.509081556455385
2020-04-20 06:27:00,0.49365078129346784
2020-04-20 06:30:00,0.4835484662694398
2020-04-20 06:33:00,0.5454369194408173
2020-04-20 06:36:00,0.472290065157722
2020-04-20 06:39:00,0.42722229626883745
2020-04-20 06:42:00,0.5439269730549654
2020-04-20 06:45:00,0.5867926907408219
2020-04-20 06:48:00,0.44797140718077344
2020-04-20 06:51:00,0.48437917735788005
2020-04-20 06:54:00,0.4941964107501349
2020-04-20 06:57:00,0.5333838682674354
2020-04-20 07:00:00,0.5658233429041957
2020-04-20 07:03:00,0.3479631698336334
2020-04-20 07:06:00,0.4270851630211041
2020-04-20 07:09:00,0.45936735774068893
2020-04-20 07:12:00,0.36013354111764784
2020-04-20 07:15:00,0.508163685290981
2020-04-20 07:18:00,0.47643850967938306
2020-04-20 07:21:00,0.5268171782694822
2020-04-20 07:24:00,0.4761086045743923
2020-04-20 07:27:00,0.48171433871527825
2020-04-20 07:30:00,0.5044985112523364
2020-04-20 07:33:00,0.42431009020566535
2020-04-20 07:36:00,0.4455493343485273
2020-04-20 07:39:00,0.4729145841857303
2020-04-20 07:42:00,0.3665521748117726
2020-04-20 07:45:00,0.37831936924186493
2020-04-20 07:48:00,0.46849695017385784
2020-04-20 07:51:00,0.3959066338850903
2020-04-20 07:54:00,0.38820411606803873
2020-04-20 07:57:00,0.34545146401745797
2020-04-20 08:00:00,0.38968984572784393
2020-04-20 08:03:00,0.33299111633300527
2020-04-20 08:06:00,0.352713992761835
2020-04-20 08:09:00,0.38204404842821305
2020-04-20 08:12:00,0.320046986785826
2020-04-20 08:15:00,0.41816504267893606
2020-04-20 08:18:00,0.3431195367070359
2020-04-20 08:21:00,0.38208702549712825
2020-04-20 08:24:00,0.36803923839846675
2020-04-20 08:27:00,0.29301950139517885
2020-04-20 08:30:00,0.378641477328415
2020-04-20 08:33:00,0.28399827821692725
2020-04-20 08:36:00,0.39578756799534176
2020-04-20 08:39:00,0.4556899158611145
2020-04-20 08:42:00,0.38016374604325165
2020-04-20 08:45:00,0.4105279212815276
2020-04-20 08:48:00,0.4338790148598832
2020-04-20 08:51:00,0.2972764328135895
2020-04-20 08:54:00,0.3849500308658662
2020-04-20 08:57:00,0.22945158789934794
2020-04-20 09:00:00,0.3235843253202688
2020-04-20 09:03:00,0.30980931279759716
2020-04-20 09:06:00,0.23077710186254308
2020-04-20 09:09:00,0.22921128260003343
2020-04-20 09:12:00,0.22309686610589097
2020-04-20 09:15:00,0.2625304604637222
2020-04-20 09:18:00,0.2056055338623537
2020-04-20 09:21:00,0.2637241673286326
2020-04-20 09:24:00,0.1699931137077897
2020-04-20 09:27:00,0.21418780691152506
2020-04-20 09:30:00,0.19262190729403983
2020-04-20 09:33:00,0.16068343331028245
2020-04-20 09:36:00,0.2187348246686156
2020-04-20 09:39:00,0.0397253969493363
2020-04-20 09:42:00,0.12418823020971104
2020-04-20 09:45:00,0.09378670893039498
2020-04-20 09:48:00,0.10732861057488208
2020-04-20 09:51:00,0.06303268147576091
2020-04-20 09:54:00,0.0715211224226664
2020-04-20 09:57:00,-0.04241136340232288
2020-04-20 10:00:00,-0.011159142306610192
2020-04-20 10:03:00,0.2445897039318652
2020-04-20 10:06:00,0.0585619796387391
2020-04-20 10:09:00,0.016290674991580545
2020-04-20 10:12:00,0.07309450109090676
2020-04-20 10:15:00,-0.08155215121291803
2020-04-20 10:18:00,0.029285757015713898
2020-04-20 10:21:00,0.06842397547995915
2020-04-20 10:24:00,-0.0077397799115033195
2020-04-20 10:27:00,-0.02699673251868262
2020-04-20 10:30:00,-0.07174592932892665
2020-04-20 10:33:00,-0.08506225820150348
2020-04-20 10:36:00,0.019693917465644972
2020-04-20 10:39:00,0.008425767574976817
2020-04-20 10:42:00,-0.054854764397589406
2020-04-20 10:45:00,-0.06541474307556427
2020-04-20 10:48:00,-0.04058402398021599
2020-04-20 10:51:00,-0.06704600004837857
2020-04-20 10:54:00,-0.08002364112144278
2020-04-20 10:57:00,-0.07217958324224583
2020-04-20 11:00:00,-0.07264068699959125
2020-04-20 11:03:00,-0.04064318722294047
2020-04-20 11:06:00,-0.01767412317610706
2020-04-20 11:09:00,-0.0928770389808733
2020-04-20 11:12:00,-0.004328691132741369
2020-04-20 11:15:00,-0.0347850391659108
2020-04-20 11:18:00,-0.15916463609494258
2020-04-20 11:21:00,-0.0002814273669287104
2020-04-20 11:24:00,0.07144260537626224
2020-04-20 11:27:00,-0.06992168418042866
2020-04-20 11:30:00,-0.031851790978407735
2020-04-20 11:33:00,-0.10904417691500612
2020-04-20 11:36:00,-0.1280559393962335
2020-04-20 11:39:00,-0.06877404925188557
2020-04-20 11:42:00,-0.19021983052442692
2020-04-20 11:45:00,-0.23472162494522308
2020-04-20 11:48:00,-0.23968099085453787
2020-04-20 11:51:00,0.02574589463438315
2020-04-20 11:54:00,-0.20059172959986427
2020-04-20 11:57:00,-0.2188542225798642
2020-04-20 12:00:00,-0.2292358374774608
2020-04-20 12:03:00,-0.2173772158021734
2020-04-20 12:06:00,-0.25366885361285085
2020-04-20 12:09:00,-0.24774766059550757
2020-04-20 12:12:00,-0.18313623267209778
2020-04-20 12:15:00,-0.11713972394665007
2020-04-20 12:18:00,-0.12423836371192465
2020-04-20 12:21:00,-0.18583393491911693
2020-04-20 12:24:00,-0.05619297742669005
2020-04-20 12:27:00,-0.08017178688970716
2020-04-20 12:30:00,-0.23754781487025411
2020-04-20 12:33:00,-0.21030250542673912
2020-04-20 12:36:00,-0.1509942467951646
2020-04-20 12:39:00,-0.32382863612957635
2020-04-20 12:42:00,-0.14678464061279328
2020-04-20 12:45:00,-0.2495853237160759
2020-04-20 12:48:00,-0.16430304122644657
2020-04-20 12:51:00,-0.18194360621845362
2020-04-20 12:54:00,-0.27134035646946586
2020-04-20 12:57:00,-0.23899901643147814
2020-04-20 13:00:00,-0.16175043234648
2020-04-20 13:03:00,-0.10859112935833082
2020-04-20 13:06:00,-0.12132696877148419
2020-04-20 13:09:00,-0.17827085068006454
2020-04-20 13:12:00,-0.286749877217062
2020-04-20 13:15:00,-0.13867238429776307
2020-04-20 13:18:00,-0.1217952081623821
2020-04-20 13:21:00,-0.19798821945704503
2020-04-20 13:24:00,-0.15442970710375903
2020-04-20 13:27:00,-0.21690031953232847
2020-04-20 13:30:00,-0.13540521250581605
2020-04-20 13:33:00,-0.21472553406010775
2020-04-20 13:36:00,-0.2805137628280363
2020-04-20 13:39:00,-0.1335620885557205
2020-04-20 13:42:00,-0.21314217586058248
2020-04-20 13:45:00,-0.18544757412479385
2020-04-20 13:48:00,-0.14555763599656757
2020-04-20 13:51:00,0.020587232584261983
2020-04-20 13:54:00,-0.17297174830099493
2020-04-20 13:57:00,-0.04346313081430253
2020-04-20 14:00:00,-0.13839556893788085
2020-04-20 14:03:00,-0.09774281333756107
2020-04-20 14:06:00,-0.2779467814188479
2020-04-20 14:09:00,-0.20679597373447223
2020-04-20 14:12:00,-0.2627296176555092
2020-04-20 14:15:00,-0.2097397047447771
2020-04-20 14:18:00,-0.27078841366432016
2020-04-20 14:21:00,-0.16752412150754026
2020-04-20 14:24:00,-0.31618577528860214
2020-04-20 14:27:00,-0.20343367649797983
2020-04-20 14:30:00,-0.01098526590470783
2020-04-20 14:33:00,-0.13493127012793593
2020-04-20 14:36:00,-0.12448739660618457
2020-04-20 14:39:00,-0.08088784423659945
2020-04-20 14:42:00,-0.20995381080064135
2020-04-20 14:45:00,-0.12109322201479245
2020-04-20 14:48:00,-0.1365240824504781
2020-04-20 14:51:00,-0.11143064538907765
2020-04-20 14:54:00,-0.03288579225778676
2020-04-20 14:57:00,-0.17847469408934558
2020-04-20 15:00:00,-0.23664543961251638
2020-04-20 15:03:00,-0.3318689077899535
2020-04-20 15:06:00,-0.06026438379336696
2020-04-20 15:09:00,-0.14087629295460147
2020-04-20 15:12:00,-0.2825232703677898
2020-04-20 15:15:00,-0.2117849802613705
2020-04-20 15:18:00,-0.10934751377783414
2020-04-20 15:21:00,-0.19800447188765702
2020-04-20 15:24:00,-0.30787798263327204
2020-04-20 15:27:00,-0.2910176688888555
2020-04-20 15:30:00,-0.23518664120155108
2020-04-20 15:33:00,-0.26763337826463385
2020-04-20 15:36:00,-0.261429358469627
2020-04-20 15:39:00,-0.054319193576247926
2020-04-20 15:42:00,-0.36294356069140576
2020-04-20 15:45:00,-0.11043808686508783
2020-04-20 15:48:00,-0.22864809348777726
2020-04-20 15:51:00,-0.18368080232954753
2020-04-20 15:54:00,-0.19786651697489788
2020-04-20 15:57:00,-0.22928114363628538
2020-04-20 16:00:00,-0.16886833372939236
2020-04-20 16:03:00,-0.16681459876167537
2020-04-20 16:06:00,-0.16872375299288933
2020-04-20 16:09:00,-0.22553828838175605
2020-04-20 16:12:00,-0.1388514013126496
2020-04-20 16:15:00,-0.07168746144753868
2020-04-20 16:18:00,-0.23168894150109054
2020-04-20 16:21:00,-0.10079949242572184
2020-04-20 16:24:00,-0.26609866615825695
2020-04-20 16:27:00,-0.1925800974164531
2020-04-20 16:30:00,-0.14111646811664968
2020-04-20 16:33:00,-0.17948566563296708
2020-04-20 16:36:00,-0.14072871681310062
2020-04-20 16:39:00,-0.14886548923095688
2020-04-20 16:42:00,-0.18382914936614725
2020-04-20 16:45:00,-0.18061983033703655
2020-04-20 16:48:00,-0.1031033959945944
2020-04-20 16:51:00,-0.0023722824392393704
2020-04-20 16:54:00,-0.07965282618545189
2020-04-20 16:57:00,-0.17158617014626998
2020-04-20 17:00:00,-0.07836667279474341
2020-04-20 17:03:00,-0.06161573977857415
2020-04-20 17:06:00,-0.16526116216141418
2020-04-20 17:09:00,-0.15802332757215254
2020-04-20 17:12:00,-0.23150395800826118
2020-04-20 17:15:00,-0.23241737914457872
2020-04-20 17:18:00,-0.3327674300289232
2020-04-20 17:21:00,-0.21661369001589037
2020-04-20 17:24:00,-0.2833169465752121
2020-04-20 17:27:00,-0.31267091683895387
2020-04-20 17:30:00,-0.2586530691355051
2020-04-20 17:33:00,-0.29641650139774356
2020-04-20 17:36:00,-0.2142778784334496
2020-04-20 17:39:00,-0.27460341044695724
2020-04-20 17:42:00,-0.3232342235704664
2020-04-20 17:45:00,-0.14989502736705163
2020-04-20 17:48:00,-0.23084249107512278
2020-04-20 17:51:00,-0.17921483537656968
2020-04-20 17:54:00,-0.23774092740382002
2020-04-20 17:57:00,-0.1753686616636969
2020-04-20 18:00:00,-0.25132229410684204
2020-04-20 18:03:00,-0.24477082900614278
2020-04-20 18:06:00,-0.2840481528647274
2020-04-20 18:09:00,-0.2731118984598879
2020-04-20 18:12:00,-0.2747043762327621
2020-04-20 18:15:00,-0.2652124933378559
2020-04-20 18:18:00,-0.27858844845343356
2020-04-20 18:21:00,-0.07580286875497677
2020-04-20 18:24:00,-0.17532601853929464
2020-04-20 18:27:00,-0.23743298440717808
2020-04-20 18:30:00,-0.22806822579605068
2020-04-20 18:33:00,-0.19010781734414195
2020-04-20 18:36:00,-0.19069522092962643
2020-04-20 18:39:00,-0.1659823350398142
2020-04-20 18:42:00,-0.23675491058588705
2020-04-20 18:45:00,-0.06746811433686162
2020-04-20 18:48:00,-0.134717847256411
2020-04-20 18:51:00,-0.2514271225300604
2020-04-20 18:54:00,-0.11736955911703717
2020-04-20 18:57:00,-0.12515772116540802
2020-04-20 19:00:00,-0.13944335407694552
2020-04-20 19:03:00,-0.12029135199458096
2020-04-20 19:06:00,-0.15260853283410825
2020-04-20 19:09:00,-0.1115868166247651
2020-04-20 19:12:00,-0.11375945670630472
2020-04-20 19:15:00,-0.11551102379462463
2020-04-20 19:18:00,-0.15810914913731722
2020-04-20 19:21:00,-0.10973910141103715
2020-04-20 19:24:00,-0.08818918056380198
2020-04-20 19:27:00,-0.10957662587452432
2020-04-20 19:30:00,-0.15209244151861867
2020-04-20 19:33:00,-0.1428517240963174
2020-04-20 19:36:00,-0.2160467479488375
2020-04-20 19:39:00,-0.0920940233996248
2020-04-20 19:42:00,-0.09492562132771809
2020-04-20 19:45:00,-0.15368054303155532
2020-04-20 19:48:00,-0.02132040555613912
2020-04-20 19:51:00,-0.06498606096715775
2020-04-20 19:54:00,-0.10039610403731558
2020-04-20 19:57:00,-0.09427841014803562
2020-04-20 20:00:00,-0.09813866676881844
2020-04-20 20:03:00,-0.0950050816391581
2020-04-20 20:06:00,-0.02756298116190692
2020-04-20 20:09:00,-0.1232299442559679
2020-04-20 20:12:00,-0.04524912022412764
2020-04-20 20:15:00,-0.023879082905921223
2020-04-20 20:18:00,-0.08665014011847916
2020-04-20 20:21:00,0.009113966259121753
2020-04-20 20:24:00,0.07024275683039605
2020-04-20 20:27:00,0.024576663181392178
2020-04-20 20:30:00,-0.10136758655875155
2020-04-20 20:33:00,-0.05207315705780502
2020-04-20 20:36:00,-0.013335925375656643
2020-04-20 20:39:00,0.03265611162458981
2020-04-20 20:42:00,-0.013205498305410401
2020-04-20 20:45:00,-0.03301933521555611
2020-04-20 20:48:00,-0.0743043746918488
2020-04-20 20:51:00,-0.03417507901286854
2020-04-20 20:54:00,-0.09978529917009382
2020-04-20 20:57:00,-0.05912436250935116
2020-04-20 21:00:00,0.0647114425328823
2020-04-20 21:03:00,0.23166277032783
2020-04-20 21:06:00,0.18974699233376668
2020-04-20 21:09:00,0.10457411054869681
2020-04-20 21:12:00,0.09030561365796075
2020-04-20 21:15:00,0.04926195922172383
2020-04-20 21:18:00,0.14603464035144498
2020-04-20 21:21:00,0.11764654214516668
2020-04-20 21:24:00,0.03256002260582136
2020-04-20 21:27:00,0.07235197797643877
2020-04-20 21:30:00,0.14122556077234094
2020-04-20 21:33:00,0.1631697638578089
2020-04-20 21:36:00,0.12340346853579831
2020-04-20 21:39:00,0.04897163560428908
2020-04-20 21:42:00,0.048529015480255566
2020-04-20 21:45:00,0.14677001035653348
2020-04-20 21:48:00,0.23841068463337933
2020-04-20 21:51:00,0.3177972393313553
2020-04-20 21:54:00,0.3300399105821725
2020-04-20 21:57:00,0.24824542895652257
2020-04-20 22:00:00,0.07367893515083779
2020-04-20 22:03:00,0.1413430157182347
2020-04-20 22:06:00,0.14558234143851223
2020-04-20 22:09:00,0.2754091418799476
2020-04-20 22:12:00,0.18318516696029974
2020-04-20 22:15:00,0.15720580659336747
2020-04-20 22:18:00,0.10952372693907364
2020-04-20 22:21:00,0.18148335107730418
2020-04-20 22:24:00,0.20125276137497394
2020-04-20 22:27:00,0.22295673044777686
2020-04-20 22:30:00,0.1553566943775877
2020-04-20 22:33:00,0.09243924913511137
2020-04-20 22:36:00,0.22919291050760648
2020-04-20 22:39:00,0.1911935263112241
2020-04-20 22:42:00,0.17256354626437087
2020-04-20 22:45:00,0.29143090923622594
2020-04-20 22:48:00,0.2329117312709741
2020-04-20 22:51:00,0.27962076358784316
2020-04-20 22:54:00,0.13584287801825212
2020-04-20 22:57:00,0.14563172256885082
2020-04-20 23:00:00,0.1480769122973129
2020-04-20 23:03:00,0.11371474287636829
2020-04-20 23:06:00,0.21597317556745566
2020-04-20 23:09:00,0.3347796767932323
2020-04-20 23:12:00,0.35403607377895696
2020-04-20 23:15:00,0.3025224571146623
2020-04-20 23:18:00,0.3886976982497572
2020-04-20 23:21:00,0.3663483635668854
2020-04-20 23:24:00,0.1605416360854406
2020-04-20 23:27:00,0.04853373417444118
2020-04-20 23:30:00,0.14599705142524044
2020-04-20 23:33:00,0.2427265786631665
2020-04-20 23:36:00,0.2824952979653972
2020-04-20 23:39:00,0.30880227371824276
2020-04-20 23:42:00,0.23140433443518305
2020-04-20 23:45:00,0.280421783315262
2020-04-20 23:48:00,0.37352018320211755
2020-04-20 23:51:00,0.23790204380230762
2020-04-20 23:54:00,0.30259014628126124
2020-04-20 23:57:00,0.21561054498084786
2020-04-21 00:00:00,0.3103152939673919
2020-04-21 00:03:00,0.2384113386102058
2020-04-21 00:06:00,0.24296030498777554
2020-04-21 00:09:00,0.24920283933050769
2020-04-21 00:12:00,0.33615719621866447
2020-04-21 00:15:00,0.2547646613730876
2020-04-21 00:18:00,0.3213245060283043
2020-04-21 00:21:00,0.26815338600715677
2020-04-21 00:24:00,0.2834216715577895
2020-04-21 00:27:00,0.28096248875795027
2020-04-21 00:30:00,0.33818979046344566
2020-04-21 00:33:00,0.23270878446601273
2020-04-21 00:36:00,0.2599835908920909
2020-04-21 00:39:00,0.21566681666820386
2020-04-21 00:42:00,0.29063889099523976
2020-04-21 00:45:00,0.32856338212405944
2020-04-21 00:48:00,0.3272780586011663
2020-04-21 00:51:00,0.3565714827343527
2020-04-21 00:54:00,0.24286208730291037
2020-04-21 00:57:00,0.3418538744718944
2020-04-21 01:00:00,0.3659428220638574
2020-04-21 01:03:00,0.24058031950960412
2020-04-21 01:06:00,0.31801711593897153
2020-04-21 01:09:00,0.31874036272932926
2020-04-21 01:12:00,0.3296736208904463
2020-04-21 01:15:00,0.3132383596573618
2020-04-21 01:18:00,0.291695804028393
2020-04-21 01:21:00,0.4169299323541509
2020-04-21 01:24:00,0.3727817522728287
2020-04-21 01:27:00,0.37442400799398
2020-04-21 01:30:00,0.3302377133692289
2020-04-21 01:33:00,0.35136374758707234
2020-04-21 01:36:00,0.37375472034767654
2020-04-21 01:39:00,0.3490940747066702
2020-04-21 01:42:00,0.2164048851775533
2020-04-21 01:45:00,0.40730108775528606
2020-04-21 01:48:00,0.30673303314955547
2020-04-21 01:51:00,0.35080330987250363
2020-04-21 01:54:00,0.276450890971887
2020-04-21 01:57:00,0.3056517953959883
2020-04-21 02:00:00,0.3042194697746936
2020-04-21 02:03:00,0.28035051867067295
2020-04-21 02:06:00,0.25367955510301954
2020-04-21 02:09:00,0.22159697972267622
2020-04-21 02:12:00,0.2635924479092182
2020-04-21 02:15:00,0.39801177644471863
2020-04-21 02:18:00,0.33907752698132754
2020-04-21 02:21:00,0.27592414642913354
2020-04-21 02:24:00,0.23257174473178566
2020-04-21 02:27:00,0.22909178806384034
2020-04-21 02:30:00,0.2505160370198496
2020-04-21 02:33:00,0.26576962819768823
2020-04-21 02:36:00,0.2518813939246911
2020-04-21 02:39:00,0.24986369563833932
2020-04-21 02:42:00,0.39907619289721197
2020-04-21 02:45:00,0.3139765144987905
2020-04-21 02:48:00,0.36847670012627987
2020-04-21 02:51:00,0.3109688597942295
2020-04-21 02:54:00,0.3179959050231673
2020-04-21 02:57:00,0.25247622408818415
2020-04-21 03:00:00,0.33025399798782473
2020-04-21 03:03:00,0.20692396466995433
2020-04-21 03:06:00,0.22112542325652385
2020-04-21 03:09:00,0.3304174208293489
2020-04-21 03:12:00,0.404925665845667
2020-04-21 03:15:00,0.19082456110339763
2020-04-21 03:18:00,0.27498094300693765
2020-04-21 03:21:00,0.26746694608897315
2020-04-21 03:24:00,0.28083628979970854
2020-04-21 03:27:00,0.36780404467663175
2020-04-21 03:30:00,0.41184561687174437
2020-04-21 03:33:00,0.2585871312316499
2020-04-21 03:36:00,0.2786240741900201
2020-04-21 03:39:00,0.29550998215023583
2020-04-21 03:42:00,0.29727311898329845
2020-04-21 03:45:00,0.3810891795972111
2020-04-21 03:48:00,0.2523954613863566
2020-04-21 03:51:00,0.3278057618261414
2020-04-21 03:54:00,0.23747100720095204
2020-04-21 03:57:00,0.29692107096775544
2020-04-21 04:00:00,0.3203498591747689
2020-04-21 04:03:00,0.30868382060356225
2020-04-21 04:06:00,0.2499479933320572
2020-04-21 04:09:00,0.3006090294295518
2020-04-21 04:12:00,0.34938024080412333
2020-04-21 04:15:00,0.2513633144421874
2020-04-21 04:18:00,0.261419119067682
2020-04-21 04:21:00,0.19458360196477997
2020-04-21 04:24:00,0.31069065867990275
2020-04-21 04:27:00,0.32001960337413493
2020-04-21 04:30:00,0.3361109850637263
2020-04-21 04:33:00,0.3319162944388836
2020-04-21 04:36:00,0.32531182923241886
2020-04-21 04:39:00,0.3259564873700924
2020-04-21 04:42:00,0.4106061582168081
2020-04-21 04:45:00,0.3466908237728603
2020-04-21 04:48:00,0.2659821710595338
2020-04-21 04:51:00,0.28543650188260017
2020-04-21 04:54:00,0.3373600385768327
2020-04-21 04:57:00,0.3037337797244959
2020-04-21 05:00:00,0.36022875672205146
2020-04-21 05:03:00,0.4161588490642316
2020-04-21 05:06:00,0.36579887947698353
2020-04-21 05:09:00,0.25997233321578506
2020-04-21 05:12:00,0.2958266325181853
2020-04-21 05:15:00,0.36308436124863874
2020-04-21 05:18:00,0.2658352774416244
2020-04-21 05:21:00,0.3194138180181767
2020-04-21 05:24:00,0.2958513744989091
2020-04-21 05:27:00,0.3343458392769776
2020-04-21 05:30:00,0.25768174877094907
2020-04-21 05:33:00,0.272306396653903
2020-04-21 05:36:00,0.28295662485925277
2020-04-21 05:39:00,0.24409454192107205
2020-04-21 05:42:00,0.31813823597298097
2020-04-21 05:45:00,0.1972922532689836
2020-04-21 05:48:00,0.26692638800938084
2020-04-21 05:51:00,0.2452205588286347
2020-04-21 05:54:00,0.2635297176304334
2020-04-21 05:57:00,0.27890766405141676
2020-04-21 06:00:00,0.319182834298374
2020-04-21 06:03:00,0.3511012552392003
2020-04-21 06:06:00,0.3221717682559415
2020-04-21 06:09:00,0.212176453738266
2020-04-21 06:12:00,0.3219933870934142
2020-04-21 06:15:00,0.33188557829709
2020-04-21 06:18:00,0.3533463724840544
2020-04-21 06:21:00,0.2673464162891719
2020-04-21 06:24:00,0.3175423875792944
2020-04-21 06:27:00,0.2939315096508608
2020-04-21 06:30:00,0.24407485916884752
2020-04-21 06:33:00,0.27066975440408214
2020-04-21 06:36:00,0.26442171343239806
2020-04-21 06:39:00,0.2882775269118838
2020-04-21 06:42:00,0.2303806624863114
2020-04-21 06:45:00,0.2268784353637443
2020-04-21 06:48:00,0.16278679767907533
2020-04-21 06:51:00,0.21371151644103747
2020-04-21 06:54:00,0.20351024886412006
2020-04-21 06:57:00,0.3632678760585577
2020-04-21 07:00:00,0.24775303242563496
2020-04-21 07:03:00,0.38104370496148476
2020-04-21 07:06:00,0.22843784542965295
2020-04-21 07:09:00,0.31552743082636425
2020-04-21 07:12:00,0.3067968722724572
2020-04-21 07:15:00,0.32267715001762554
2020-04-21 07:18:00,0.2922358973693804
2020-04-21 07:21:00,0.21502605796484886
2020-04-21 07:24:00,0.3531620889932583
2020-04-21 07:27:00,0.3296589016770781
2020-04-21 07:30:00,0.24863737639003602
2020-04-21 07:33:00,0.22959747530552477
2020-04-21 07:36:00,0.2881683994891091
2020-04-21 07:39:00,0.177719208181486
2020-04-21 07:42:00,0.2554061625811528
2020-04-21 07:45:00,0.291215512083852
2020-04-21 07:48:00,0.3240880351980877
2020-04-21 07:51:00,0.26249335192909484
2020-04-21 07:54:00,0.1187856478534286
2020-04-21 07:57:00,0.08784736528514259
2020-04-21 08:00:00,0.0762011058965868
2020-04-21 08:03:00,0.07727102571072919
2020-04-21 08:06:00,0.1753427046067486
2020-04-21 08:09:00,0.10974310026631429
2020-04-21 08:12:00,0.12883209605593038
2020-04-21 08:15:00,0.19508189516335506
2020-04-21 08:18:00,0.22865164727591036
2020-04-21 08:21:00,0.32410966172892586
2020-04-21 08:24:00,0.24276819788013881
2020-04-21 08:27:00,0.22036793865237314
2020-04-21 08:30:00,0.23545199147139328
2020-04-21 08:33:00,0.3434689059473044
2020-04-21 08:36:00,0.3063523514900339
2020-04-21 08:39:00,0.3735934303317663
2020-04-21 08:42:00,0.39480319167472544
2020-04-21 08:45:00,0.4338316792734531
2020-04-21 08:48:00,0.3420313503568764
2020-04-21 08:51:00,0.217614193580971
2020-04-21 08:54:00,0.2654527767874697
2020-04-21 08:57:00,0.22134412766536116
2020-04-21 09:00:00,0.12333969916869592
2020-04-21 09:03:00,0.20768713782609893
2020-04-21 09:06:00,0.19505237803485898
2020-04-21 09:09:00,0.18866035044828777
2020-04-21 09:12:00,0.2038448302420761
2020-04-21 09:15:00,0.2678144418505326
2020-04-21 09:18:00,0.2468922095418975
2020-04-21 09:21:00,0.29167032043397967
2020-04-21 09:24:00,0.17733787069937534
2020-04-21 09:27:00,0.12755981239092762
2020-04-21 09:30:00,0.08939952910316151
2020-04-21 09:33:00,0.1467055985915522
2020-04-21 09:36:00,0.0897655706611431
2020-04-21 09:39:00,0.12321688756577487
2020-04-21 09:42:00,0.18392441305576313
2020-04-21 09:45:00,0.21790200837267548
2020-04-21 09:48:00,0.2593262127197704
2020-04-21 09:51:00,0.27160642095907406
2020-04-21 09:54:00,0.319850855797597
2020-04-21 09:57:00,0.2779434634571203
2020-04-21 10:00:00,0.2295606139055053
2020-04-21 10:03:00,0.15445607773966685
2020-04-21 10:06:00,0.18691153614685163
2020-04-21 10:09:00,0.2204165033786012
2020-04-21 10:12:00,0.327122694568061
2020-04-21 10:15:00,0.2774043595960052
2020-04-21 10:18:00,0.21213297161722267
2020-04-21 10:21:00,0.20715840069811975
2020-04-21 10:24:00,0.17230590125103618
2020-04-21 10:27:00,0.18365745284108925
2020-04-21 10:30:00,0.2088245027248945
2020-04-21 10:33:00,0.2630668640296676
2020-04-21 10:36:00,0.13400540016328932
2020-04-21 10:39:00,0.20421496954952545
2020-04-21 10:42:00,0.16540670809837366
2020-04-21 10:45:00,0.21029261389622889
2020-04-21 10:48:00,0.24461367514032872
2020-04-21 10:51:00,0.18393155704484343
2020-04-21 10:54:00,0.1486261040596446
2020-04-21 10:57:00,0.09494403269337681
2020-04-21 11:00:00,0.1555809108362496
2020-04-21 11:03:00,0.14775514040945836
2020-04-21 11:06:00,0.2629174733058903
2020-04-21 11:09:00,0.2566407008174565
2020-04-21 11:12:00,0.2313887207475318
2020-04-21 11:15:00,0.21270712824730253
2020-04-21 11:18:00,0.2891177113738763
2020-04-21 11:21:00,0.21343301204012732
2020-04-21 11:24:00,0.29341686506109
2020-04-21 11:27:00,0.23226423753260406
2020-04-21 11:30:00,0.27284070809628247
2020-04-21 11:33:00,0.20606066935403078
2020-04-21 11:36:00,0.12229339311733156
2020-04-21 11:39:00,0.09690909378292645
2020-04-21 11:42:00,0.21509096148241724
2020-04-21 11:45:00,0.25294092514457134
2020-04-21 11:48:00,0.19308509490707593
2020-04-21 11:51:00,0.05419830352826693
2020-04-21 11:54:00,0.02598185791123342
2020-04-21 11:57:00,0.08853862802601498
2020-04-21 12:00:00,0.14312544419431106
2020-04-21 12:03:00,0.12903986898191988
2020-04-21 12:06:00,0.14069991834975326
2020-04-21 12:09:00,0.05807277920359866
2020-04-21 12:12:00,0.04587281130170595
2020-04-21 12:15:00,0.013122826240646646
2020-04-21 12:18:00,0.10571227749983336
2020-04-21 12:21:00,-0.04794534583464838
2020-04-21 12:24:00,0.032533813764416664
2020-04-21 12:27:00,0.0060819142364607615
2020-04-21 12:30:00,0.04115934781356145
2020-04-21 12:33:00,-0.02590451040998687
2020-04-21 12:36:00,-0.02347849008663161
2020-04-21 12:39:00,0.026358108053159413
2020-04-21 12:42:00,0.023461156246526116
2020-04-21 12:45:00,-0.11791120682283918
2020-04-21 12:48:00,-0.009734092069265898
2020-04-21 12:51:00,-0.03624269916031153
2020-04-21 12:54:00,-0.009138340619699648
2020-04-21 12:57:00,0.010730794076835082
2020-04-21 13:00:00,-0.08347989832356006
2020-04-21 13:03:00,-0.12466964862085206
2020-04-21 13:06:00,-0.08323041908056439
2020-04-21 13:09:00,0.02278315968271727
2020-04-21 13:12:00,-0.10924684663899598
2020-04-21 13:15:00,-0.07822449405023235
2020-04-21 13:18:00,-0.07349322251496915
2020-04-21 13:21:00,-0.11504905110405161
2020-04-21 13:24:00,-0.15313191741222454
2020-04-21 13:27:00,-0.051102466862460005
2020-04-21 13:30:00,-0.04421987799935323
2020-04-21 13:33:00,-0.17862301584875695
2020-04-21 13:36:00,-0.18371226362091875
2020-04-21 13:39:00,-0.13890837419148738
2020-04-21 13:42:00,-0.24340169358987396
2020-04-21 13:45:00,-0.16365038419144184
2020-04-21 13:48:00,-0.1361357041577662
2020-04-21 13:51:00,-0.19738010313488985
2020-04-21 13:54:00,-0.1082667951327494
2020-04-21 13:57:00,-0.22641282464388723
2020-04-21 14:00:00,-0.1762779560982608
2020-04-21 14:03:00,-0.27039867516526783
2020-04-21 14:06:00,-0.29681510703346703
2020-04-21 14:09:00,-0.2103057587330568
2020-04-21 14:12:00,-0.24137137762221528
2020-04-21 14:15:00,-0.311233762737686
2020-04-21 14:18:00,-0.2845053553137973
2020-04-21 14:21:00,-0.31456876661678734
2020-04-21 14:24:00,-0.2664318097861269
2020-04-21 14:27:00,-0.31606565623502547
2020-04-21 14:30:00,-0.29085710521394503
2020-04-21 14:33:00,-0.2230133994611947
2020-04-21 14:36:00,-0.15298774908535506
2020-04-21 14:39:00,-0.18545832545390795
2020-04-21 14:42:00,-0.2633333373708524
2020-04-21 14:45:00,-0.18264097742547847
2020-04-21 14:48:00,-0.3844690664241739
2020-04-21 14:51:00,-0.25213831524820307
2020-04-21 14:54:00,-0.22174328376058838
2020-04-21 14:57:00,-0.23022457987696043
2020-04-21 15:00:00,-0.20486705394483806
2020-04-21 15:03:00,-0.18382988457193505
2020-04-21 15:06:00,-0.24846731630532304
2020-04-21 15:09:00,-0.04652479402500376
2020-04-21 15:12:00,-0.06465915303783731
2020-04-21 15:15:00,-0.03085910684734472
2020-04-21 15:18:00,-0.04963993879493955
2020-04-21 15:21:00,-0.09943570410905522
2020-04-21 15:24:00,-0.10146360266310239
2020-04-21 15:27:00,-0.28703960389600525
2020-04-21 15:30:00,-0.2822744409598954
2020-04-21 15:33:00,-0.2909388695740631
2020-04-21 15:36:00,-0.2853748796618447
2020-04-21 15:39:00,-0.11611383781223594
2020-04-21 15:42:00,-0.1116422261584944
2020-04-21 15:45:00,0.007877584310278962
2020-04-21 15:48:00,-0.0836204393283424
2020-04-21 15:51:00,-0.03900553214742786
2020-04-21 15:54:00,-0.08899195394360504
2020-04-21 15:57:00,-0.15044607692323098
2020-04-21 16:00:00,-0.04987443013516213
2020-04-21 16:03:00,-0.07116826653719954
2020-04-21 16:06:00,-0.14093723190319452
2020-04-21 16:09:00,-0.04335571367249713
2020-04-21 16:12:00,0.10806884009377882
2020-04-21 16:15:00,0.2248922300620393
2020-04-21 16:18:00,0.21243037302377843
2020-04-21 16:21:00,0.1989973652269441
2020-04-21 16:24:00,0.00394932163823114
2020-04-21 16:27:00,0.03657011191916126
2020-04-21 16:30:00,0.04706628937469759
2020-04-21 16:33:00,-0.07011806211363592
2020-04-21 16:36:00,-0.08180577980010639
2020-04-21 16:39:00,-0.16498313083235416
2020-04-21 16:42:00,-0.07306730529160177
2020-04-21 16:45:00,-0.1155767319855272
2020-04-21 16:48:00,-0.19327305788789317
2020-04-21 16:51:00,-0.08785731549568254
2020-04-21 16:54:00,-0.14879823916913892
2020-04-21 16:57:00,-0.07931174014930775
2020-04-21 17:00:00,-0.11156437972118738
2020-04-21 17:03:00,0.0029132090246548614
2020-04-21 17:06:00,0.17161536784607279
2020-04-21 17:09:00,0.274683563082192
2020-04-21 17:12:00,0.2644864548794885
2020-04-21 17:15:00,0.19195971283198787
2020-04-21 17:18:00,0.26479422270870145
2020-04-21 17:21:00,0.1589993630934714
2020-04-21 17:24:00,0.13619704482852057
2020-04-21 17:27:00,-0.0024663625210905593
2020-04-21 17:30:00,-0.10112497728522385
2020-04-21 17:33:00,-0.11144244989463914
2020-04-21 17:36:00,-0.12885474214004944
2020-04-21 17:39:00,-0.07032165514647204
2020-04-21 17:42:00,-0.17332360538637204
2020-04-21 17:45:00,-0.15353717035372938
2020-04-21 17:48:00,0.03335018686072999
2020-04-21 17:51:00,-0.0653070401310174
2020-04-21 17:54:00,-0.13500842975457772
2020-04-21 17:57:00,-0.1905081836774798
2020-04-21 18:00:00,-0.16000410839370716
2020-04-21 18:03:00,-0.1334156895645151
2020-04-21 18:06:00,-0.19195665999228595
2020-04-21 18:09:00,-0.15485361064116887
2020-04-21 18:12:00,-0.09209029095546839
2020-04-21 18:15:00,-0.06891658940276102
2020-04-21 18:18:00,-0.14072579088320936
2020-04-21 18:21:00,-0.0890917333622383
2020-04-21 18:24:00,-0.1353567600469887
2020-04-21 18:27:00,-0.046383166932230324
2020-04-21 18:30:00,-0.08015160073210836
2020-04-21 18:33:00,-0.14867541587710775
2020-04-21 18:36:00,-0.014105804579628511
2020-04-21 18:39:00,-0.08994448857851012
2020-04-21 18:42:00,-0.12921071941474338
2020-04-21 18:45:00,-0.11517434396779436
2020-04-21 18:48:00,-0.1771193793489374
2020-04-21 18:51:00,-0.06010104315777198
2020-04-21 18:54:00,-0.18530365768543788
2020-04-21 18:57:00,-0.0781658329764241
2020-04-21 19:00:00,-0.03617914876059558
2020-04-21 19:03:00,-0.09479716353291678
2020-04-21 19:06:00,-0.10641598444664169
2020-04-21 19:09:00,-0.1085789969578741
2020-04-21 19:12:00,-0.0313998887175444
2020-04-21 19:15:00,-0.1002311454430469
2020-04-21 19:18:00,-0.04329800064982692
2020-04-21 19:21:00,-0.004019398055731926
2020-04-21 19:24:00,-0.00799616352674093
2020-04-21 19:27:00,0.00594991212125251
2020-04-21 19:30:00,-0.0745955230808022
2020-04-21 19:33:00,-0.1204842698063544
2020-04-21 19:36:00,-0.07894310499921176
2020-04-21 19:39:00,-0.04939358772458036
2020-04-21 19:42:00,-0.08129314432960655
2020-04-21 19:45:00,0.022051549954767324
2020-04-21 19:48:00,-0.09818268148541165
2020-04-21 19:51:00,0.008495894497457357
2020-04-21 19:54:00,-0.009148344982406797
2020-04-21 19:57:00,-0.07288215282500232
2020-04-21 20:00:00,-0.08619602379832259
2020-04-21 20:03:00,0.03870833028463494
2020-04-21 20:06:00,0.011859974051617428
2020-04-21 20:09:00,-0.07130995880766022
2020-04-21 20:12:00,-0.1187324210919769
2020-04-21 20:15:00,-0.09259096493468633
2020-04-21 20:18:00,0.0413743993474327
2020-04-21 20:21:00,0.014410399354858328
2020-04-21 20:24:00,-0.014671617942099147
2020-04-21 20:27:00,0.0728477607494824
2020-04-21 20:30:00,0.08558888711900181
2020-04-21 20:33:00,0.04880706151487857
2020-04-21 20:36:00,-0.013600758503287125
2020-04-21 20:39:00,0.036536442323495066
2020-04-21 20:42:00,-0.027125842264979383
2020-04-21 20:45:00,0.03886830615232384
2020-04-21 20:48:00,0.060229858639331724
2020-04-21 20:51:00,0.0785245390392788
2020-04-21 20:54:00,0.06355055187549397
2020-04-21 20:57:00,0.05825294424215599
2020-04-21 21:00:00,0.049804799366484076
2020-04-21 21:03:00,-0.012861428180087842
2020-04-21 21:06:00,0.04712615703226675
2020-04-21 21:09:00,0.10794527599819048
2020-04-21 21:12:00,0.020711384921071385
2020-04-21 21:15:00,-0.0008242242778351283
2020-04-21 21:18:00,0.030745952386098452
2020-04-21 21:21:00,0.0853338657493623
2020-04-21 21:24:00,0.08561764105178327
2020-04-21 21:27:00,0.05244596883341046
2020-04-21 21:30:00,0.1295686708860444
2020-04-21 21:33:00,0.08280457112954309
2020-04-21 21:36:00,0.07129902648210873
2020-04-21 21:39:00,-0.006251724829780869
2020-04-21 21:42:00,0.0001864916100089431
2020-04-21 21:45:00,0.10389368012488376
2020-04-21 21:48:00,0.10907143770083394
2020-04-21 21:51:00,0.014119058758524261
2020-04-21 21:54:00,0.11884447203897253
2020-04-21 21:57:00,0.04520225255345167
2020-04-21 22:00:00,0.18805010471839978
2020-04-21 22:03:00,0.10505216771173309
2020-04-21 22:06:00,0.08624487343422516
2020-04-21 22:09:00,0.20258247977540123
2020-04-21 22:12:00,
2020-04-21 22:15:00,
2020-04-21 22:18:00,
2020-04-21 22:21:00,
2020-04-21 22:24:00,
2020-04-21 22:27:00,0.11778790522822646
2020-04-21 22:30:00,0.1735448289257988
2020-04-21 22:33:00,0.19508158518004848
2020-04-21 22:36:00,0.16777694079519279
2020-04-21 22:39:00,0.18999190422886159
2020-04-21 22:42:00,0.18087826238678417
2020-04-21 22:45:00,0.1970005145500977
2020-04-21 22:48:00,0.1673494302635845
2020-04-21 22:51:00,0.1649994119402436
2020-04-21 22:54:00,0.2780153022026184
2020-04-21 22:57:00,0.14735080479385942
2020-04-21 23:00:00,0.14959834429970442
2020-04-21 23:03:00,0.15909946378337736
2020-04-21 23:06:00,0.21268842021714818
2020-04-21 23:09:00,0.16688721303341936
2020-04-21 23:12:00,0.2085147020441127
2020-04-21 23:15:00,0.27703648701708516
2020-04-21 23:18:00,0.1989426786623767
2020-04-21 23:21:00,0.1932829780052998
2020-04-21 23:24:00,0.22078824884965798
2020-04-21 23:27:00,0.20435627849172988
2020-04-21 23:30:00,0.16204074672782554
2020-04-21 23:33:00,0.23054470890366474
2020-04-21 23:36:00,0.18800166246205663
2020-04-21 23:39:00,0.16458890056645714
2020-04-21 23:42:00,0.23225075220676672
2020-04-21 23:45:00,0.2884927975129017
2020-04-21 23:48:00,0.2569299786401871
2020-04-21 23:51:00,0.2645628985488315
2020-04-21 23:54:00,0.2617104502625125
2020-04-21 23:57:00,0.22551954197246005
2020-04-22 00:00:00,0.32004662992818567
2020-04-22 00:03:00,0.20342005143214692
2020-04-22 00:06:00,0.2697191869242488
2020-04-22 00:09:00,0.38668962667259166
2020-04-22 00:12:00,0.293940018059061
2020-04-22 00:15:00,0.2864877943376314
2020-04-22 00:18:00,0.3074596777485681
2020-04-22 00:21:00,0.31738386519225514
2020-04-22 00:24:00,0.29735372299899154
2020-04-22 00:27:00,0.29873550045294905
2020-04-22 00:30:00,0.2686713869189816
2020-04-22 00:33:00,0.31883767590221623
2020-04-22 00:36:00,0.32496042381416146
2020-04-22 00:39:00,0.33112997341874006
2020-04-22 00:42:00,0.24098064126872032
2020-04-22 00:45:00,0.3015835947845176
2020-04-22 00:48:00,0.2765329861144892
2020-04-22 00:51:00,0.3693450752252261
2020-04-22 00:54:00,0.29818104353529407
2020-04-22 00:57:00,0.39189499176683285
2020-04-22 01:00:00,0.3087263247304577
2020-04-22 01:03:00,0.33862583576569705
2020-04-22 01:06:00,0.33752535651126436
2020-04-22 01:09:00,0.3017779137978778
2020-04-22 01:12:00,0.45168116668219227
2020-04-22 01:15:00,0.37583772516700265
2020-04-22 01:18:00,0.2604407137275757
2020-04-22 01:21:00,0.34942984105015285
2020-04-22 01:24:00,0.41323460151210156
2020-04-22 01:27:00,0.29839426150704185
2020-04-22 01:30:00,0.4187614708215506
2020-04-22 01:33:00,0.3488412029936967
2020-04-22 01:36:00,0.3368247878159991
2020-04-22 01:39:00,0.3486653392930066
2020-04-22 01:42:00,0.3277367735371399
2020-04-22 01:45:00,0.2534671241465958
2020-04-22 01:48:00,0.3229689585044184
2020-04-22 01:51:00,0.33631255268943505
2020-04-22 01:54:00,0.26307855384760614
2020-04-22 01:57:00,0.26502513500662417
2020-04-22 02:00:00,0.37852388568740025
2020-04-22 02:03:00,0.32021451505488585
2020-04-22 02:06:00,0.2882270183249602
2020-04-22 02:09:00,0.2787423170541956
2020-04-22 02:12:00,0.2951239538904247
2020-04-22 02:15:00,0.26313552203123436
2020-04-22 02:18:00,0.3002041807440037
2020-04-22 02:21:00,0.27865725804559816
2020-04-22 02:24:00,0.2713111786841864
2020-04-22 02:27:00,0.4600493659743279
2020-04-22 02:30:00,0.3223776954924915
2020-04-22 02:33:00,0.33051807531319355
2020-04-22 02:36:00,0.33733786442905966
2020-04-22 02:39:00,0.36919398145943205
2020-04-22 02:42:00,0.32334682944571114
2020-04-22 02:45:00,0.28985901243186163
2020-04-22 02:48:00,0.3652962024389126
2020-04-22 02:51:00,0.37378567622573655
2020-04-22 02:54:00,0.2975983712031507
2020-04-22 02:57:00,0.3290914235417972
2020-04-22 03:00:00,0.4018751013928181
2020-04-22 03:03:00,0.3743040140303151
2020-04-22 03:06:00,0.3022642899302923
2020-04-22 03:09:00,0.2254776470022648
2020-04-22 03:12:00,0.3507454366911702
2020-04-22 03:15:00,0.3348351227489843
2020-04-22 03:18:00,0.35244573770364696
2020-04-22 03:21:00,0.37789233019702806
2020-04-22 03:24:00,0.37683926642569077
2020-04-22 03:27:00,0.3963692930689149
2020-04-22 03:30:00,0.29135336717632754
2020-04-22 03:33:00,0.33818477703954386
2020-04-22 03:36:00,0.3478523440802519
2020-04-22 03:39:00,0.33805353263494453
2020-04-22 03:42:00,0.3675382040923978
2020-04-22 03:45:00,0.4060294528911754
2020-04-22 03:48:00,0.31866527022759783
2020-04-22 03:51:00,0.35523999017686947
2020-04-22 03:54:00,0.28019490125620905
2020-04-22 03:57:00,0.4905523958427125
2020-04-22 04:00:00,0.36275806178298353
2020-04-22 04:03:00,0.427483067950277
2020-04-22 04:06:00,0.41190122751419267
2020-04-22 04:09:00,0.3744869966716351
2020-04-22 04:12:00,0.4424566850955216
2020-04-22 04:15:00,0.37754888102620043
2020-04-22 04:18:00,0.3929404060926913
2020-04-22 04:21:00,0.47074505788594934
2020-04-22 04:24:00,0.33366861137841397
2020-04-22 04:27:00,0.3573272015314046
2020-04-22 04:30:00,0.4495103075927318
2020-04-22 04:33:00,0.40736449732145275
2020-04-22 04:36:00,0.35770211657785467
2020-04-22 04:39:00,0.40977633186844287
2020-04-22 04:42:00,0.38035157724135615
2020-04-22 04:45:00,0.2946801269593493
2020-04-22 04:48:00,0.3326599853913308
2020-04-22 04:51:00,0.35242778589901036
2020-04-22 04:54:00,0.38331112880791807
2020-04-22 04:57:00,0.4554185848447787
2020-04-22 05:00:00,0.40625209069509083
2020-04-22 05:03:00,0.3995425723418293
2020-04-22 05:06:00,0.35862925393206524
2020-04-22 05:09:00,0.30452945985842916
2020-04-22 05:12:00,0.37326338634414924
2020-04-22 05:15:00,0.405524880235987
2020-04-22 05:18:00,0.25822395963973577
2020-04-22 05:21:00,0.3586824415629053
2020-04-22 05:24:00,0.39604934777207745
2020-04-22 05:27:00,0.38272412091674823
2020-04-22 05:30:00,0.3706840614838711
2020-04-22 05:33:00,0.4115498804748654
2020-04-22 05:36:00,0.4051564481961236
2020-04-22 05:39:00,0.3439179082938608
2020-04-22 05:42:00,0.3278576296017377
2020-04-22 05:45:00,0.36303811055756796
2020-04-22 05:48:00,0.25227827197181796
2020-04-22 05:51:00,0.3371217173422565
2020-04-22 05:54:00,0.39012783504790605
2020-04-22 05:57:00,0.35785274056752314
2020-04-22 06:00:00,0.39167709061877076
2020-04-22 06:03:00,0.35612944842341676
2020-04-22 06:06:00,0.33260281990868634
2020-04-22 06:09:00,0.3574085507502218
2020-04-22 06:12:00,0.3600683175657764
2020-04-22 06:15:00,0.3945942484025977
2020-04-22 06:18:00,0.35513645042726694
2020-04-22 06:21:00,0.3540022914347105
2020-04-22 06:24:00,0.40611722669655137
2020-04-22 06:27:00,0.42336521736615396
2020-04-22 06:30:00,0.35737076947515334
2020-04-22 06:33:00,0.3927945252991094
2020-04-22 06:36:00,0.4233784769284057
2020-04-22 06:39:00,0.45133724437505407
2020-04-22 06:42:00,0.391023155460573
2020-04-22 06:45:00,0.3993958801622739
2020-04-22 06:48:00,0.4004349936023459
2020-04-22 06:51:00,0.38421727408365314
2020-04-22 06:54:00,0.41006810471259314
2020-04-22 06:57:00,0.4305477398142443
2020-04-22 07:00:00,0.3124246268257025
2020-04-22 07:03:00,0.37090248065368314
2020-04-22 07:06:00,0.35356832200739063
2020-04-22 07:09:00,0.3789859680975951
2020-04-22 07:12:00,0.29917836734006187
2020-04-22 07:15:00,0.411951433508591
2020-04-22 07:18:00,0.2930468563346267
2020-04-22 07:21:00,0.37195453796300626
2020-04-22 07:24:00,0.42839593444756474
2020-04-22 07:27:00,0.4073299335450997
2020-04-22 07:30:00,0.39293281191777396
2020-04-22 07:33:00,0.2770385155797044
2020-04-22 07:36:00,0.3801179984592409
2020-04-22 07:39:00,0.5064613995795639
2020-04-22 07:42:00,0.2858782016757573
2020-04-22 07:45:00,0.37568012015469776
2020-04-22 07:48:00,0.30845290997353914
2020-04-22 07:51:00,0.3899828223986219
2020-04-22 07:54:00,0.3016232366299505
2020-04-22 07:57:00,0.3130372336271421
2020-04-22 08:00:00,0.3469870842184264
2020-04-22 08:03:00,0.32554055545966776
2020-04-22 08:06:00,0.3996828084244157
2020-04-22 08:09:00,0.33005110365257906
2020-04-22 08:12:00,0.3019646379013352
2020-04-22 08:15:00,0.3039784324586776
2020-04-22 08:18:00,0.2645619871146323
2020-04-22 08:21:00,0.30173309660750647
2020-04-22 08:24:00,0.22185754626644894
2020-04-22 08:27:00,0.1792766923670115
2020-04-22 08:30:00,0.2645527131759877
2020-04-22 08:33:00,0.3331901256101446
2020-04-22 08:36:00,0.2747506677115439
2020-04-22 08:39:00,0.21997643091850705
2020-04-22 08:42:00,0.1629884529943979
2020-04-22 08:45:00,0.19568961876171898
2020-04-22 08:48:00,0.37131371182880457
2020-04-22 08:51:00,0.25857835042381794
2020-04-22 08:54:00,0.20817625442384724
2020-04-22 08:57:00,0.19364787926099325
2020-04-22 09:00:00,0.22539531377844924
2020-04-22 09:03:00,0.1410834754286725
2020-04-22 09:06:00,0.03467618758486424
2020-04-22 09:09:00,0.16467346489901047
2020-04-22 09:12:00,0.10909517235813837
2020-04-22 09:15:00,0.08928573671363438
2020-04-22 09:18:00,0.19319647224932623
2020-04-22 09:21:00,0.1300214372180335
2020-04-22 09:24:00,0.13738886991228583
2020-04-22 09:27:00,0.13170630046704446
2020-04-22 09:30:00,0.062193435685060194
2020-04-22 09:33:00,0.020989110914172215
2020-04-22 09:36:00,0.10961143721107192
2020-04-22 09:39:00,0.06292250562563595
2020-04-22 09:42:00,0.04188340653956857
2020-04-22 09:45:00,0.031829932999926314
2020-04-22 09:48:00,0.1085982565700192
2020-04-22 09:51:00,0.15791857205448423
2020-04-22 09:54:00,0.10878536286492135
2020-04-22 09:57:00,0.05638651999998956
2020-04-22 10:00:00,0.01827871251191482
2020-04-22 10:03:00,-0.02354225060156523
2020-04-22 10:06:00,0.005947404226049002
2020-04-22 10:09:00,-0.029500664210672767
2020-04-22 10:12:00,0.08309224336426269
2020-04-22 10:15:00,0.020508907291571177
2020-04-22 10:18:00,-0.05261012264816145
2020-04-22 10:21:00,0.0021146872281292417
2020-04-22 10:24:00,-0.04874528583735582
2020-04-22 10:27:00,-0.05256401539861599
2020-04-22 10:30:00,-0.04997696595273737
2020-04-22 10:33:00,-0.019877036583068275
2020-04-22 10:36:00,-0.07799803892152113
2020-04-22 10:39:00,-0.10241887805960914
2020-04-22 10:42:00,-0.0976124790337849
2020-04-22 10:45:00,-0.13726302152315384
2020-04-22 10:48:00,-0.22228063720490354
2020-04-22 10:51:00,-0.2205909226363474
2020-04-22 10:54:00,-0.0675117636521918
2020-04-22 10:57:00,-0.09751820884724793
2020-04-22 11:00:00,-0.32591393838362137
2020-04-22 11:03:00,-0.24821507982005642
2020-04-22 11:06:00,-0.1495519700283694
2020-04-22 11:09:00,-0.25204254874358867
2020-04-22 11:12:00,-0.2289854100966977
2020-04-22 11:15:00,-0.3072283109405589
2020-04-22 11:18:00,-0.20510199395380369
2020-04-22 11:21:00,-0.3401375797673154
2020-04-22 11:24:00,-0.27533675960461323
2020-04-22 11:27:00,-0.22986013061336052
2020-04-22 11:30:00,-0.2824863583414299
2020-04-22 11:33:00,-0.23040098726937686
2020-04-22 11:36:00,-0.26472721285927037
2020-04-22 11:39:00,-0.21502683446306037
2020-04-22 11:42:00,-0.27365107606794936
2020-04-22 11:45:00,-0.26668191044620926
2020-04-22 11:48:00,-0.20290011495211502
2020-04-22 11:51:00,-0.2465777409237262
2020-04-22 11:54:00,-0.22708479831396744
2020-04-22 11:57:00,-0.20916550629181074
2020-04-22 12:00:00,-0.29785978101779165
2020-04-22 12:03:00,-0.2641176616758685
2020-04-22 12:06:00,-0.26866624960018726
2020-04-22 12:09:00,-0.14315006621870907
2020-04-22 12:12:00,-0.2859168170978137
2020-04-22 12:15:00,-0.31109600044158014
2020-04-22 12:18:00,-0.17618324598237223
2020-04-22 12:21:00,-0.055826372830665605
2020-04-22 12:24:00,-0.16888512883451767
2020-04-22 12:27:00,-0.15488530752645602
2020-04-22 12:30:00,-0.11156300277241371
2020-04-22 12:33:00,-0.18953197315727266
2020-04-22 12:36:00,-0.17264592632500353
2020-04-22 12:39:00,-0.2893571314344854
2020-04-22 12:42:00,-0.09862555048914601
2020-04-22 12:45:00,-0.07209342297852572
2020-04-22 12:48:00,-0.3161617101283696
2020-04-22 12:51:00,-0.26745530188725297
2020-04-22 12:54:00,-0.3039170385533225
2020-04-22 12:57:00,-0.43935719119480154
2020-04-22 13:00:00,-0.23822504415147705
2020-04-22 13:03:00,-0.35358498991217857
2020-04-22 13:06:00,-0.3176344263760029
2020-04-22 13:09:00,-0.27045116966547766
2020-04-22 13:12:00,-0.2709808011260293
2020-04-22 13:15:00,-0.06681544695709363
2020-04-22 13:18:00,0.08857504186141796
2020-04-22 13:21:00,-0.017885093651557327
2020-04-22 13:24:00,-0.0352816641956224
2020-04-22 13:27:00,-0.21328588743574528
2020-04-22 13:30:00,-0.22708596361485434
2020-04-22 13:33:00,-0.26744921984027314
2020-04-22 13:36:00,-0.1871129493900412
2020-04-22 13:39:00,-0.005781749994127949
2020-04-22 13:42:00,0.04836301138516319
2020-04-22 13:45:00,0.16681024143628065
2020-04-22 13:48:00,0.019927651916418654
2020-04-22 13:51:00,0.02296023373889966
2020-04-22 13:54:00,-0.09593711007352113
2020-04-22 13:57:00,-0.008094019661598395
2020-04-22 14:00:00,0.24145194920862423
2020-04-22 14:03:00,0.0887052453329602
2020-04-22 14:06:00,0.14491030158973217
2020-04-22 14:09:00,0.058668544681836465
2020-04-22 14:12:00,0.0622523187889783
2020-04-22 14:15:00,-0.18376220043904823
2020-04-22 14:18:00,-0.12992145964238944
2020-04-22 14:21:00,0.0567717529340257
2020-04-22 14:24:00,0.08279313253751752
2020-04-22 14:27:00,0.04213884651829858
2020-04-22 14:30:00,-0.050047860235792996
2020-04-22 14:33:00,-0.1417062772651434
2020-04-22 14:36:00,-0.21317905579570606
2020-04-22 14:39:00,-0.21452000414444683
2020-04-22 14:42:00,-0.27475787928830187
2020-04-22 14:45:00,-0.35122319621711995
2020-04-22 14:48:00,-0.16230564754647503
2020-04-22 14:51:00,-0.232953910455592
2020-04-22 14:54:00,-0.18547853753187837
2020-04-22 14:57:00,-0.3233354069296297
2020-04-22 15:00:00,-0.2987176420053288
2020-04-22 15:03:00,-0.327343650243904
2020-04-22 15:06:00,-0.3124126172306205
2020-04-22 15:09:00,-0.2645290581667723
2020-04-22 15:12:00,-0.3123308845248971
2020-04-22 15:15:00,-0.3645436821315684
2020-04-22 15:18:00,-0.20325459802734258
2020-04-22 15:21:00,-0.23653311672313748
2020-04-22 15:24:00,-0.256749174421941
2020-04-22 15:27:00,-0.2133200616403883
2020-04-22 15:30:00,-0.08844119628355429
2020-04-22 15:33:00,-0.27122590992962614
2020-04-22 15:36:00,-0.13602325448539432
2020-04-22 15:39:00,-0.20733782160561987
2020-04-22 15:42:00,-0.3075775361326123
2020-04-22 15:45:00,-0.23174445157366108
2020-04-22 15:48:00,-0.37874299151923196
2020-04-22 15:51:00,-0.29986150271520273
2020-04-22 15:54:00,-0.3181956673209356
2020-04-22 15:57:00,-0.3445250293764275
2020-04-22 16:00:00,0.18317187186619321
2020-04-22 16:03:00,0.1227089627748228
2020-04-22 16:06:00,0.06533334925779855
2020-04-22 16:09:00,0.05938385461740836
2020-04-22 16:12:00,0.07900112256407965
2020-04-22 16:15:00,-0.022585552074303905
2020-04-22 16:18:00,0.010799980067417891
2020-04-22 16:21:00,-0.09478221523562524
2020-04-22 16:24:00,-0.05992856523573664
2020-04-22 16:27:00,0.23214061012907905
2020-04-22 16:30:00,0.2848226136870835
2020-04-22 16:33:00,0.24443617529840367
2020-04-22 16:36:00,0.20445580935501084
2020-04-22 16:39:00,0.17424480656501373
2020-04-22 16:42:00,0.12109157652446356
2020-04-22 16:45:00,0.12984458615210315
2020-04-22 16:48:00,0.05325822999583352
2020-04-22 16:51:00,-0.01872702313158925
2020-04-22 16:54:00,0.013661016439471041
2020-04-22 16:57:00,-0.03538064724398282
2020-04-22 17:00:00,-0.036236192097987896
2020-04-22 17:03:00,-0.04403876514044214
2020-04-22 17:06:00,0.07136024969315713
2020-04-22 17:09:00,0.16827229186048953
2020-04-22 17:12:00,0.22369341855267066
2020-04-22 17:15:00,0.13077658570745143
2020-04-22 17:18:00,0.07907027626686158
2020-04-22 17:21:00,0.1133326047937544
2020-04-22 17:24:00,0.11521761357272453
2020-04-22 17:27:00,0.1270334947628271
2020-04-22 17:30:00,0.037007188908205535
2020-04-22 17:33:00,0.08482638051634694
2020-04-22 17:36:00,-0.028985008069412288
2020-04-22 17:39:00,0.15878948496026624
2020-04-22 17:42:00,0.2775058344204808
2020-04-22 17:45:00,0.1487005623119444
2020-04-22 17:48:00,0.20987473254996303
2020-04-22 17:51:00,0.16162563467628388
2020-04-22 17:54:00,0.20426936652353334
2020-04-22 17:57:00,0.1991040275407272
2020-04-22 18:00:00,0.18594761705571727
2020-04-22 18:03:00,0.14974022306603274
2020-04-22 18:06:00,0.010449593936414203
2020-04-22 18:09:00,0.1366783246749037
2020-04-22 18:12:00,0.21955874869019
2020-04-22 18:15:00,0.19436919977238176
2020-04-22 18:18:00,0.12662889114687914
2020-04-22 18:21:00,0.4026222739797163
2020-04-22 18:24:00,0.2570106853345919
2020-04-22 18:27:00,0.16147360622920814
2020-04-22 18:30:00,0.04186292530494029
2020-04-22 18:33:00,0.07914726311645381
2020-04-22 18:36:00,0.10937282482200317
2020-04-22 18:39:00,0.05801906820346403
2020-04-22 18:42:00,0.061860499385488765
2020-04-22 18:45:00,-0.04069857297224644
2020-04-22 18:48:00,0.11079154742077435
2020-04-22 18:51:00,0.2893199014894776
2020-04-22 18:54:00,
2020-04-22 18:57:00,
2020-04-22 19:00:00,
2020-04-22 19:03:00,0.22196332232965688
2020-04-22 19:06:00,-0.04772503518341864
2020-04-22 19:09:00,0.012246967283374488
2020-04-22 19:12:00,0.0023737253703757233
2020-04-22 19:15:00,-0.17141333270228643
2020-04-22 19:18:00,-0.07003479420461645
2020-04-22 19:21:00,-0.030458500356644436
2020-04-22 19:24:00,0.03565559943643848
2020-04-22 19:27:00,-0.1346583525388496
2020-04-22 19:30:00,0.0030901957355808918
2020-04-22 19:33:00,-0.03560627374866954
2020-04-22 19:36:00,-0.0892300626579754
2020-04-22 19:39:00,-0.0430947917735125
2020-04-22 19:42:00,0.05439776459161294
2020-04-22 19:45:00,0.06386395659086475
2020-04-22 19:48:00,0.08831568439609327
2020-04-22 19:51:00,0.04711722574228361
2020-04-22 19:54:00,0.04721888206898939
2020-04-22 19:57:00,0.12319591052624901
2020-04-22 20:00:00,0.1038954879173275
2020-04-22 20:03:00,0.09618704858655747
2020-04-22 20:06:00,0.04583945581345006
2020-04-22 20:09:00,0.06110763421685306
2020-04-22 20:12:00,0.027162710604670792
2020-04-22 20:15:00,0.0661736273830229
2020-04-22 20:18:00,0.07243090763211057
2020-04-22 20:21:00,0.1102574231796325
2020-04-22 20:24:00,0.14533255891780072
2020-04-22 20:27:00,0.04497546947789033
2020-04-22 20:30:00,0.10283308067397456
2020-04-22 20:33:00,0.19051085764129994
2020-04-22 20:36:00,0.22951891524843404
2020-04-22 20:39:00,0.2163503996139866
2020-04-22 20:42:00,0.06589259226728927
2020-04-22 20:45:00,0.22379703645333393
2020-04-22 20:48:00,0.10141662616700842
2020-04-22 20:51:00,0.2098431021555598
2020-04-22 20:54:00,0.12001293975941962
2020-04-22 20:57:00,0.19773118279897517
2020-04-22 21:00:00,0.3189596856025787
2020-04-22 21:03:00,0.2652103477813057
2020-04-22 21:06:00,0.24810983339745007
2020-04-22 21:09:00,0.23522522848793415
2020-04-22 21:12:00,0.13215265692520006
2020-04-22 21:15:00,0.12695815037187685
2020-04-22 21:18:00,0.20765125494534686
2020-04-22 21:21:00,0.21754424866838917
2020-04-22 21:24:00,0.2715544507793197
2020-04-22 21:27:00,0.17923070570321897
2020-04-22 21:30:00,0.13920325606841288
2020-04-22 21:33:00,0.12131154312254466
2020-04-22 21:36:00,0.1805976630291184
2020-04-22 21:39:00,0.16419352429289802
2020-04-22 21:42:00,0.05105899775929856
2020-04-22 21:45:00,0.12389216962139926
2020-04-22 21:48:00,0.19041945494285528
2020-04-22 21:51:00,0.19823388198733483
2020-04-22 21:54:00,0.20497454576610608
2020-04-22 21:57:00,0.4008144584784077
2020-04-22 22:00:00,0.23854603217836257
2020-04-22 22:03:00,0.3195508002002043
2020-04-22 22:06:00,0.3364828294855897
2020-04-22 22:09:00,0.30073182336747095
2020-04-22 22:12:00,0.2814335980593796
2020-04-22 22:15:00,0.2456198454602827
2020-04-22 22:18:00,0.25898841815455853
2020-04-22 22:21:00,0.2824991370044927
2020-04-22 22:24:00,0.3349345993867132
2020-04-22 22:27:00,0.259068305413507
2020-04-22 22:30:00,0.2597418046706821
2020-04-22 22:33:00,0.3689104119421245
2020-04-22 22:36:00,0.30299764487779157
2020-04-22 22:39:00,0.21408177631974468
2020-04-22 22:42:00,0.18693866326424313
2020-04-22 22:45:00,0.25452410671096004
2020-04-22 22:48:00,0.24943585800582468
2020-04-22 22:51:00,0.27318636744820424
2020-04-22 22:54:00,0.4396089763905593
2020-04-22 22:57:00,0.3333253480483336
2020-04-22 23:00:00,0.421439018776141
2020-04-22 23:03:00,0.22542121657318148
2020-04-22 23:06:00,0.1517974191825715
2020-04-22 23:09:00,0.16882046026285025
2020-04-22 23:12:00,0.15956429692192842
2020-04-22 23:15:00,0.1574272982819025
2020-04-22 23:18:00,0.2263346055757438
2020-04-22 23:21:00,0.2044902042063086
2020-04-22 23:24:00,0.19568035241013604
2020-04-22 23:27:00,0.23171104587515856
2020-04-22 23:30:00,0.23554581838203603
2020-04-22 23:33:00,0.1758676775082222
2020-04-22 23:36:00,0.2939321817324867
2020-04-22 23:39:00,0.29303990507736444
2020-04-22 23:42:00,0.35603688786568455
2020-04-22 23:45:00,0.22592244880581802
2020-04-22 23:48:00,0.281479353964869
2020-04-22 23:51:00,0.2819267646331127
2020-04-22 23:54:00,0.35195968937580346
2020-04-22 23:57:00,0.4157888093640736
2020-04-23 00:00:00,0.43843054399974335
2020-04-23 00:03:00,0.3266271522272177
2020-04-23 00:06:00,0.3140805241571343
2020-04-23 00:09:00,0.2528934256803268
2020-04-23 00:12:00,0.43612728284466584
2020-04-23 00:15:00,0.37866345640622967
2020-04-23 00:18:00,0.3475445337542169
2020-04-23 00:21:00,0.40006358049362234
2020-04-23 00:24:00,0.32572156643686867
2020-04-23 00:27:00,0.24420649311764464
2020-04-23 00:30:00,0.28524547206234274
2020-04-23 00:33:00,0.2955912536725691
2020-04-23 00:36:00,0.31281106657473856
2020-04-23 00:39:00,0.26686753579389233
2020-04-23 00:42:00,0.21916325708480144
2020-04-23 00:45:00,0.23384365139753527
2020-04-23 00:48:00,0.38974521232745474
2020-04-23 00:51:00,0.3489388345405473
2020-04-23 00:54:00,0.2826423834051184
2020-04-23 00:57:00,0.36757377575889905
2020-04-23 01:00:00,0.34533908412174696
2020-04-23 01:03:00,0.32833004630811047
2020-04-23 01:06:00,0.42660800543575306
2020-04-23 01:09:00,0.30900245839018226
2020-04-23 01:12:00,0.24229047016103777
2020-04-23 01:15:00,0.2825348223519768
2020-04-23 01:18:00,0.31612922379218844
2020-04-23 01:21:00,0.3120572937035604
2020-04-23 01:24:00,0.3346611843815026
2020-04-23 01:27:00,0.28298291019092403
2020-04-23 01:30:00,0.3327804841491684
2020-04-23 01:33:00,0.2956054534908503
2020-04-23 01:36:00,0.2551570997824797
2020-04-23 01:39:00,0.41410638848651615
2020-04-23 01:42:00,0.3701592825330522
2020-04-23 01:45:00,0.32299897603849104
2020-04-23 01:48:00,0.3377000977338298
2020-04-23 01:51:00,0.3322577956774353
2020-04-23 01:54:00,0.40222818489627343
2020-04-23 01:57:00,0.2988746063393819
2020-04-23 02:00:00,0.3980532933567815
2020-04-23 02:03:00,0.34982608654138403
2020-04-23 02:06:00,0.3680382173237149
2020-04-23 02:09:00,0.3040789656112679
2020-04-23 02:12:00,0.2809656482604055
2020-04-23 02:15:00,0.3845200475349202
2020-04-23 02:18:00,0.19202009400214592
2020-04-23 02:21:00,0.3233932474861376
2020-04-23 02:24:00,0.33959046405919935
2020-04-23 02:27:00,0.3351204033883164
2020-04-23 02:30:00,0.3527547380779765
2020-04-23 02:33:00,0.3519597606006073
2020-04-23 02:36:00,0.31931626524152534
2020-04-23 02:39:00,0.41270604824580914
2020-04-23 02:42:00,0.4077957507764154
2020-04-23 02:45:00,0.40242405059171915
2020-04-23 02:48:00,0.373921335226612
2020-04-23 02:51:00,0.3386841324094121
2020-04-23 02:54:00,0.33824254705200474
2020-04-23 02:57:00,0.4181081617270479
2020-04-23 03:00:00,0.38951116284641785
2020-04-23 03:03:00,0.4307536137632155
2020-04-23 03:06:00,0.3827264734158575
2020-04-23 03:09:00,0.34509821015547004
2020-04-23 03:12:00,0.4387609800453447
2020-04-23 03:15:00,0.3017046650976454
2020-04-23 03:18:00,0.22450730182612233
2020-04-23 03:21:00,0.18361512256541346
2020-04-23 03:24:00,0.2133125452989475
2020-04-23 03:27:00,0.3566835941138038
2020-04-23 03:30:00,0.38891419192458443
2020-04-23 03:33:00,0.3692709070825231
2020-04-23 03:36:00,0.382909924434216
2020-04-23 03:39:00,0.3519299891510741
2020-04-23 03:42:00,0.4205179307645608
2020-04-23 03:45:00,0.33567829830377605
2020-04-23 03:48:00,0.30593314190349474
2020-04-23 03:51:00,0.2765304605808865
2020-04-23 03:54:00,0.29472595504341825
2020-04-23 03:57:00,0.2657532016860955
2020-04-23 04:00:00,0.18392276202928315
2020-04-23 04:03:00,0.29315725545876603
2020-04-23 04:06:00,0.3420299360139438
2020-04-23 04:09:00,0.2594078888354261
2020-04-23 04:12:00,0.3685207703464357
2020-04-23 04:15:00,0.3762852857670964
2020-04-23 04:18:00,0.3920017964844078
2020-04-23 04:21:00,0.4510033345206921
2020-04-23 04:24:00,0.3880875940010924
2020-04-23 04:27:00,0.3140447027703317
2020-04-23 04:30:00,0.33404246920451897
2020-04-23 04:33:00,0.2728116718775482
2020-04-23 04:36:00,0.3198547280311459
2020-04-23 04:39:00,0.2642400689573492
2020-04-23 04:42:00,0.35684010671053557
2020-04-23 04:45:00,0.22949259532418864
2020-04-23 04:48:00,0.22181616980822128
2020-04-23 04:51:00,0.29664515586068774
2020-04-23 04:54:00,0.18523121072917093
2020-04-23 04:57:00,0.2865187718700213
2020-04-23 05:00:00,0.24295039913522487
2020-04-23 05:03:00,0.27802473886669077
2020-04-23 05:06:00,0.3278489288081232
2020-04-23 05:09:00,0.2521701201205815
2020-04-23 05:12:00,0.3127010232269072
2020-04-23 05:15:00,0.295362673439854
2020-04-23 05:18:00,0.3897021442977575
2020-04-23 05:21:00,0.3411814861111111
2020-04-23 05:24:00,0.2897260982197736
2020-04-23 05:27:00,0.2497208660759611
2020-04-23 05:30:00,0.27893790872013824
2020-04-23 05:33:00,0.26543891587868984
2020-04-23 05:36:00,0.2720907069856935
2020-04-23 05:39:00,0.2934571304351721
2020-04-23 05:42:00,0.3384772978366186
2020-04-23 05:45:00,0.38014583428468995
2020-04-23 05:48:00,0.4661032950260733
2020-04-23 05:51:00,0.42902316809534113
2020-04-23 05:54:00,0.3572400385746164
2020-04-23 05:57:00,0.2707707353845308
2020-04-23 06:00:00,0.37787944203824964
2020-04-23 06:03:00,0.46051867623594944
2020-04-23 06:06:00,0.49312678296092827
2020-04-23 06:09:00,0.4597260550497708
2020-04-23 06:12:00,0.43261270068558133
2020-04-23 06:15:00,0.4283923710480053
2020-04-23 06:18:00,0.44857628644700753
2020-04-23 06:21:00,0.3811620700147387
2020-04-23 06:24:00,0.2648583493106571
2020-04-23 06:27:00,0.39809820127896955
2020-04-23 06:30:00,0.4619530264251921
2020-04-23 06:33:00,0.4527707995254673
2020-04-23 06:36:00,0.38330264368528333
2020-04-23 06:39:00,0.38605871475812137
2020-04-23 06:42:00,0.46777414102729153
2020-04-23 06:45:00,0.48337721470886663
2020-04-23 06:48:00,0.43069538727814916
2020-04-23 06:51:00,0.3732150895988866
2020-04-23 06:54:00,0.4083745801410714
2020-04-23 06:57:00,0.4116728860445278
2020-04-23 07:00:00,0.42507130715404173
2020-04-23 07:03:00,0.3107140287057746
2020-04-23 07:06:00,0.4175557025306489
2020-04-23 07:09:00,0.36438797491007335
2020-04-23 07:12:00,0.39506293869828824
2020-04-23 07:15:00,0.4255681218199925
2020-04-23 07:18:00,0.37256818245191425
2020-04-23 07:21:00,0.41029388538299827
2020-04-23 07:24:00,0.47196215979244016
2020-04-23 07:27:00,0.33534069595748406
2020-04-23 07:30:00,0.4647678378241267
2020-04-23 07:33:00,0.35473715355794866
2020-04-23 07:36:00,0.40513728034733276
2020-04-23 07:39:00,0.42006566976846216
2020-04-23 07:42:00,0.451016939403587
2020-04-23 07:45:00,0.36576629927776594
2020-04-23 07:48:00,0.43665687186398827
2020-04-23 07:51:00,0.2959702953183978
2020-04-23 07:54:00,0.35293291479359823
2020-04-23 07:57:00,0.41205025148184404
2020-04-23 08:00:00,0.4875705331197082
2020-04-23 08:03:00,0.37449706482618694
2020-04-23 08:06:00,0.42999435140785636
2020-04-23 08:09:00,0.41130642291903996
2020-04-23 08:12:00,0.4027979341363448
2020-04-23 08:15:00,0.5063232553407602
2020-04-23 08:18:00,0.43460326255740256
2020-04-23 08:21:00,0.35139245265213503
2020-04-23 08:24:00,0.407557820108309
2020-04-23 08:27:00,0.41270279048654857
2020-04-23 08:30:00,0.3908318042000474
2020-04-23 08:33:00,0.3831622293470218
2020-04-23 08:36:00,0.3775927101764296
2020-04-23 08:39:00,0.3365346733937713
2020-04-23 08:42:00,0.37067788974678706
2020-04-23 08:45:00,0.4156164623593668
2020-04-23 08:48:00,0.2964965815955338
2020-04-23 08:51:00,0.42735057978944724
2020-04-23 08:54:00,0.45862808113241726
2020-04-23 08:57:00,0.4010735996352537
2020-04-23 09:00:00,0.32136070887753476
2020-04-23 09:03:00,0.4103204514630079
2020-04-23 09:06:00,0.32934319456978756
2020-04-23 09:09:00,0.3010512952108684
2020-04-23 09:12:00,0.3004005774612324
2020-04-23 09:15:00,0.2440778182024701
2020-04-23 09:18:00,0.2581090133512589
2020-04-23 09:21:00,0.2525102973533535
2020-04-23 09:24:00,0.24780082226635614
2020-04-23 09:27:00,0.21130458065027824
2020-04-23 09:30:00,0.164370800969607
2020-04-23 09:33:00,0.27889866962027554
2020-04-23 09:36:00,0.22992019277813824
2020-04-23 09:39:00,0.13338326547727775
2020-04-23 09:42:00,0.17999190274508692
2020-04-23 09:45:00,0.26870137815177486
2020-04-23 09:48:00,0.1501168427028574
2020-04-23 09:51:00,0.05663191426776848
2020-04-23 09:54:00,-0.00630223995506185
2020-04-23 09:57:00,0.0753563318442616
2020-04-23 10:00:00,0.0976834385995744
2020-04-23 10:03:00,0.13241807533677274
2020-04-23 10:06:00,0.08247419439328496
2020-04-23 10:09:00,0.06656202242470499
2020-04-23 10:12:00,0.04374047207232934
2020-04-23 10:15:00,0.09102383625457833
2020-04-23 10:18:00,0.07282596751070969
2020-04-23 10:21:00,0.01756823625044035
2020-04-23 10:24:00,0.12852181609838453
2020-04-23 10:27:00,0.0005322302943682189
2020-04-23 10:30:00,0.04877834540081949
2020-04-23 10:33:00,-0.0022346187593029754
2020-04-23 10:36:00,0.06538757711467724
2020-04-23 10:39:00,-0.0031941568939828358
2020-04-23 10:42:00,0.10818944805828323
2020-04-23 10:45:00,0.08028688945279328
2020-04-23 10:48:00,0.07026394227233368
2020-04-23 10:51:00,-0.07275024952303966
2020-04-23 10:54:00,-0.10296738467502564
2020-04-23 10:57:00,-0.09290553719199579
2020-04-23 11:00:00,-0.1087408564583825
2020-04-23 11:03:00,-0.07219517367065009
2020-04-23 11:06:00,-0.10170684362975635
2020-04-23 11:09:00,-0.1389177369979393
2020-04-23 11:12:00,-0.020885200576685747
2020-04-23 11:15:00,-0.21146606039252447
2020-04-23 11:18:00,-0.15763328383093267
2020-04-23 11:21:00,-0.20705573069915317
2020-04-23 11:24:00,-0.17427270483534585
2020-04-23 11:27:00,-0.11022365566486769
2020-04-23 11:30:00,-0.1447063367684791
2020-04-23 11:33:00,-0.24762915029424448
2020-04-23 11:36:00,-0.16807611143752865
2020-04-23 11:39:00,-0.12439136804471218
2020-04-23 11:42:00,-0.12671630962637437
2020-04-23 11:45:00,-0.14560678133989313
2020-04-23 11:48:00,-0.09338484172656081
2020-04-23 11:51:00,-0.2425803598046059
2020-04-23 11:54:00,-0.2223052370309233
2020-04-23 11:57:00,-0.2904318334505547
2020-04-23 12:00:00,-0.165653732046394
2020-04-23 12:03:00,-0.16085824900756052
2020-04-23 12:06:00,-0.279774957293796
2020-04-23 12:09:00,-0.2533240452827954
2020-04-23 12:12:00,-0.20384756426614103
2020-04-23 12:15:00,-0.37063681392800163
2020-04-23 12:18:00,-0.2600160016189079
2020-04-23 12:21:00,-0.2027671841323695
2020-04-23 12:24:00,-0.22041267772965512
2020-04-23 12:27:00,-0.23840326268333456
2020-04-23 12:30:00,-0.2735812750406694
2020-04-23 12:33:00,-0.24179317500613706
2020-04-23 12:36:00,-0.20735848856588746
2020-04-23 12:39:00,-0.3715269795624181
2020-04-23 12:42:00,-0.25699829660032947
2020-04-23 12:45:00,-0.21516727146041603
2020-04-23 12:48:00,-0.30233078086774867
2020-04-23 12:51:00,-0.2977165183244779
2020-04-23 12:54:00,-0.20593857572202978
2020-04-23 12:57:00,-0.2065406804129566
2020-04-23 13:00:00,-0.20969406527899537
2020-04-23 13:03:00,-0.23160933819934826
2020-04-23 13:06:00,-0.11856958726997391
2020-04-23 13:09:00,-0.1137882901065268
2020-04-23 13:12:00,-0.09965603441992243
2020-04-23 13:15:00,-0.06202648216532225
2020-04-23 13:18:00,-0.13073518367707493
2020-04-23 13:21:00,-0.18125658726427218
2020-04-23 13:24:00,-0.04255788812179162
2020-04-23 13:27:00,-0.1426925347670931
2020-04-23 13:30:00,-0.1316714562789798
2020-04-23 13:33:00,-0.1898761509996234
2020-04-23 13:36:00,-0.2298374729338093
2020-04-23 13:39:00,-0.05273491361407423
2020-04-23 13:42:00,-0.14731770947213363
2020-04-23 13:45:00,-0.15630897334432348
2020-04-23 13:48:00,-0.16775043278045132
2020-04-23 13:51:00,-0.3697397286969135
2020-04-23 13:54:00,-0.39387993940368915
2020-04-23 13:57:00,-0.3061379514485907
2020-04-23 14:00:00,-0.32984278747517237
2020-04-23 14:03:00,-0.2073468562264793
2020-04-23 14:06:00,-0.2982266245934966
2020-04-23 14:09:00,-0.2776843755938785
2020-04-23 14:12:00,-0.29841333018327987
2020-04-23 14:15:00,-0.1788183713023841
2020-04-23 14:18:00,-0.14654125814843155
2020-04-23 14:21:00,-0.053621459602027244
2020-04-23 14:24:00,-0.058273511310972026
2020-04-23 14:27:00,-0.051495160178319566
2020-04-23 14:30:00,-0.15824368549851897
2020-04-23 14:33:00,-0.046953856484037715
2020-04-23 14:36:00,-0.1656504186323673
2020-04-23 14:39:00,-0.19960524371367683
2020-04-23 14:42:00,-0.26404781820332346
2020-04-23 14:45:00,-0.42899610659839027
2020-04-23 14:48:00,-0.44022144491651716
2020-04-23 14:51:00,-0.3630335452303939
2020-04-23 14:54:00,-0.37278150752672445
2020-04-23 14:57:00,-0.3294789542439389
2020-04-23 15:00:00,-0.27876876937017414
2020-04-23 15:03:00,-0.2032647852320224
2020-04-23 15:06:00,-0.1411492561802561
2020-04-23 15:09:00,-0.06757284011507636
2020-04-23 15:12:00,0.09454087818346579
2020-04-23 15:15:00,0.19659319241668527
2020-04-23 15:18:00,0.0848185265950292
2020-04-23 15:21:00,0.1934725267406634
2020-04-23 15:24:00,0.16573098137007491
2020-04-23 15:27:00,0.125941171367856
2020-04-23 15:30:00,-0.33730516296122914
2020-04-23 15:33:00,-0.2398069791544799
2020-04-23 15:36:00,-0.1521931178167506
2020-04-23 15:39:00,-0.2678872266913572
2020-04-23 15:42:00,-0.3705567191653927
2020-04-23 15:45:00,-0.35956668200424247
2020-04-23 15:48:00,-0.2381569697214445
2020-04-23 15:51:00,-0.1614401318050227
2020-04-23 15:54:00,0.11854442874493998
2020-04-23 15:57:00,0.10123251884789397
2020-04-23 16:00:00,0.19956324411282367
2020-04-23 16:03:00,0.1903950819344118
2020-04-23 16:06:00,0.04204840090494599
2020-04-23 16:09:00,0.031236764214440882
2020-04-23 16:12:00,-0.05460894456416554
2020-04-23 16:15:00,-0.036475994066222484
2020-04-23 16:18:00,-0.13043249914210264
2020-04-23 16:21:00,-0.22348133523530578
2020-04-23 16:24:00,-0.14656892499294827
2020-04-23 16:27:00,-0.24217128882594352
2020-04-23 16:30:00,-0.17473072130815126
2020-04-23 16:33:00,-0.29395649961242043
2020-04-23 16:36:00,-0.27612231958477196
2020-04-23 16:39:00,-0.25054404606936487
2020-04-23 16:42:00,-0.3075241386743528
2020-04-23 16:45:00,-0.2553033292152236
2020-04-23 16:48:00,-0.38944763540570193
2020-04-23 16:51:00,-0.24911468896129918
2020-04-23 16:54:00,-0.2139772287449091
2020-04-23 16:57:00,-0.1056317174296737
2020-04-23 17:00:00,-0.12448874583321867
2020-04-23 17:03:00,-0.08227141298885954
2020-04-23 17:06:00,-0.20285798767406504
2020-04-23 17:09:00,-0.10127379666789693
2020-04-23 17:12:00,-0.08550458489577295
2020-04-23 17:15:00,-0.26132666293472084
2020-04-23 17:18:00,-0.1451768784501155
2020-04-23 17:21:00,-0.2307112654058301
2020-04-23 17:24:00,-0.19725595226503856
2020-04-23 17:27:00,-0.05347083151599463
2020-04-23 17:30:00,-0.19311692021051385
2020-04-23 17:33:00,-0.13284430639151878
2020-04-23 17:36:00,-0.16561028713709902
2020-04-23 17:39:00,-0.13812958603676861
2020-04-23 17:42:00,-0.23565020542133652
2020-04-23 17:45:00,-0.30412498083489936
2020-04-23 17:48:00,-0.27267411385707874
2020-04-23 17:51:00,-0.22993274509400408
2020-04-23 17:54:00,-0.21376951275203737
2020-04-23 17:57:00,0.10556116876057331
2020-04-23 18:00:00,0.1584443402144302
2020-04-23 18:03:00,0.3432509562794621
2020-04-23 18:06:00,0.09690289067879121
2020-04-23 18:09:00,-0.0006058551468868245
2020-04-23 18:12:00,0.0804405188707733
2020-04-23 18:15:00,0.011893821448552444
2020-04-23 18:18:00,-0.19456677673105105
2020-04-23 18:21:00,-0.1740993674969218
2020-04-23 18:24:00,-0.14756141449038296
2020-04-23 18:27:00,-0.23663800302500704
2020-04-23 18:30:00,-0.17837446625895836
2020-04-23 18:33:00,-0.19913065110233674
2020-04-23 18:36:00,-0.2656346384178505
2020-04-23 18:39:00,-0.17998869864453582
2020-04-23 18:42:00,-0.1870016387757687
2020-04-23 18:45:00,-0.20045012454880862
2020-04-23 18:48:00,-0.1832275845578124
2020-04-23 18:51:00,-0.23865652642359692
2020-04-23 18:54:00,
2020-04-23 18:57:00,
2020-04-23 19:00:00,
2020-04-23 19:03:00,-0.10043756931185044
2020-04-23 19:06:00,-0.21486500177519474
2020-04-23 19:09:00,-0.13906801021875026
2020-04-23 19:12:00,-0.18389340554790579
2020-04-23 19:15:00,-0.18462482137925917
2020-04-23 19:18:00,-0.11682014669793261
2020-04-23 19:21:00,-0.10673419437392795
2020-04-23 19:24:00,-0.08744015220179335
2020-04-23 19:27:00,-0.2162964200543911
2020-04-23 19:30:00,-0.04131107618405849
2020-04-23 19:33:00,-0.1331746827651159
2020-04-23 19:36:00,-0.1479735254698653
2020-04-23 19:39:00,-0.14782686370318743
2020-04-23 19:42:00,-0.11868620659407725
2020-04-23 19:45:00,-0.1686081682095164
2020-04-23 19:48:00,-0.03148519007459072
2020-04-23 19:51:00,-0.06672208973321858
2020-04-23 19:54:00,-0.11909075777543876
2020-04-23 19:57:00,-0.05896966229698819
2020-04-23 20:00:00,-0.14406610902506145
2020-04-23 20:03:00,-0.04011849554171931
2020-04-23 20:06:00,-0.13007035713354753
2020-04-23 20:09:00,-0.16123423200900788
2020-04-23 20:12:00,0.024966648025156246
2020-04-23 20:15:00,-0.05874735081061999
2020-04-23 20:18:00,-0.19191576894814943
2020-04-23 20:21:00,-0.13638091511478478
2020-04-23 20:24:00,-0.08419324783278626
2020-04-23 20:27:00,-0.16267631660110737
2020-04-23 20:30:00,-0.04126279108606923
2020-04-23 20:33:00,0.029034798075144863
2020-04-23 20:36:00,0.05073476218478845
2020-04-23 20:39:00,0.045786433378111724
2020-04-23 20:42:00,0.0517816645379412
2020-04-23 20:45:00,0.11923908976899611
2020-04-23 20:48:00,0.03730171758815004
2020-04-23 20:51:00,0.09592972237726372
2020-04-23 20:54:00,-0.017066856704445854
2020-04-23 20:57:00,-0.028864438217340194
2020-04-23 21:00:00,-0.008016602654436156
2020-04-23 21:03:00,-0.07266941994254239
2020-04-23 21:06:00,-0.023736370271763008
2020-04-23 21:09:00,-0.05750462051463501
2020-04-23 21:12:00,0.007367414019654461
2020-04-23 21:15:00,0.03856250684617635
2020-04-23 21:18:00,-0.06074402533005241
2020-04-23 21:21:00,0.07506949520228545
2020-04-23 21:24:00,0.1364031740671976
2020-04-23 21:27:00,0.0158914213388357
2020-04-23 21:30:00,0.024482185406441204
2020-04-23 21:33:00,0.06609610017648038
2020-04-23 21:36:00,0.10193473132051167
2020-04-23 21:39:00,0.20626562249765357
2020-04-23 21:42:00,0.030786744261604326
2020-04-23 21:45:00,0.0036798623924028107
2020-04-23 21:48:00,-0.06941833741410619
2020-04-23 21:51:00,0.09466475776150673
2020-04-23 21:54:00,0.055747745293672324
2020-04-23 21:57:00,0.12469344585366571
2020-04-23 22:00:00,0.03449961723310935
2020-04-23 22:03:00,0.035913937597968015
2020-04-23 22:06:00,-0.045421600419103925
2020-04-23 22:09:00,-0.024957424723083932
2020-04-23 22:12:00,-0.05353471500171736
2020-04-23 22:15:00,0.02395794285263264
2020-04-23 22:18:00,0.018385932278647488
2020-04-23 22:21:00,0.07207972509519323
2020-04-23 22:24:00,-0.12840757582523565
2020-04-23 22:27:00,0.038504105055437776
2020-04-23 22:30:00,0.21934968480672978
2020-04-23 22:33:00,0.017047273662456064
2020-04-23 22:36:00,-0.06165592308741452
2020-04-23 22:39:00,0.07025741529594143
2020-04-23 22:42:00,-0.08818293059067628
2020-04-23 22:45:00,-0.04744554352458863
2020-04-23 22:48:00,0.033635661932862604
2020-04-23 22:51:00,-0.08318903810419442
2020-04-23 22:54:00,0.03416918624941445
2020-04-23 22:57:00,-0.007757104652625912
2020-04-23 23:00:00,-0.06379065512282978
2020-04-23 23:03:00,0.11995859573141843
2020-04-23 23:06:00,0.05673767268314123
2020-04-23 23:09:00,0.012143652955444395
2020-04-23 23:12:00,0.10490224808870607
2020-04-23 23:15:00,0.08441250962096092
2020-04-23 23:18:00,0.09669082136679208
2020-04-23 23:21:00,0.0575089571336207
2020-04-23 23:24:00,0.14692002327950604
2020-04-23 23:27:00,0.1324473151141774
2020-04-23 23:30:00,0.08956604920376776
2020-04-23 23:33:00,0.14304379201763595
2020-04-23 23:36:00,0.15607042431366835
2020-04-23 23:39:00,0.08873294435136359
2020-04-23 23:42:00,0.16261610510974833
2020-04-23 23:45:00,0.0679854433926721
2020-04-23 23:48:00,0.18872054463929544
2020-04-23 23:51:00,0.18079369712501148
2020-04-23 23:54:00,0.12291201516387673
2020-04-23 23:57:00,0.23803148823873244
2020-04-24 00:00:00,0.1501185982068023
2020-04-24 00:03:00,0.11570024794588107
2020-04-24 00:06:00,0.033740560716466916
2020-04-24 00:09:00,0.15872176049765585
2020-04-24 00:12:00,0.1430268749332413
2020-04-24 00:15:00,0.09696757867897077
2020-04-24 00:18:00,0.0912285964190005
2020-04-24 00:21:00,0.04396833737155248
2020-04-24 00:24:00,0.1504828626486301
2020-04-24 00:27:00,0.17202939108955206
2020-04-24 00:30:00,0.17319202012458845
2020-04-24 00:33:00,0.14267939901168347
2020-04-24 00:36:00,0.11535312587005819
2020-04-24 00:39:00,0.1162756061025334
2020-04-24 00:42:00,0.11863565345845473
2020-04-24 00:45:00,0.12331406345873575
2020-04-24 00:48:00,0.18967145673252617
2020-04-24 00:51:00,0.25158585043510584
2020-04-24 00:54:00,0.1339177446673716
2020-04-24 00:57:00,0.1681880153387283
2020-04-24 01:00:00,0.17313573165210983
2020-04-24 01:03:00,0.21822712452819815
2020-04-24 01:06:00,0.2711935332579287
2020-04-24 01:09:00,0.24256162134832948
2020-04-24 01:12:00,0.24837168705528256
2020-04-24 01:15:00,0.26806903063493337
2020-04-24 01:18:00,0.24399431269131355
2020-04-24 01:21:00,0.23224195096486255
2020-04-24 01:24:00,0.27433748682710757
2020-04-24 01:27:00,0.13840533144883693
2020-04-24 01:30:00,0.1348658024683118
2020-04-24 01:33:00,0.14229898937406915
2020-04-24 01:36:00,0.15932226451116094
2020-04-24 01:39:00,0.19563763872179152
2020-04-24 01:42:00,0.21956358334375636
2020-04-24 01:45:00,0.1719957202035971
2020-04-24 01:48:00,0.11846371216290663
2020-04-24 01:51:00,0.1965614727753291
2020-04-24 01:54:00,0.33009462256251254
2020-04-24 01:57:00,0.34828421457285685
2020-04-24 02:00:00,0.43588772597775005
2020-04-24 02:03:00,0.37330869062526517
2020-04-24 02:06:00,0.43023019288699516
2020-04-24 02:09:00,0.4173320602417334
2020-04-24 02:12:00,0.4708464386216633
2020-04-24 02:15:00,0.5467892424190381
2020-04-24 02:18:00,0.5194571417783322
2020-04-24 02:21:00,0.6285550683475662
2020-04-24 02:24:00,0.4359936876484767
2020-04-24 02:27:00,0.48686950162345966
2020-04-24 02:30:00,0.3006056882496182
2020-04-24 02:33:00,0.4270347551023974
2020-04-24 02:36:00,0.28372608864907534
2020-04-24 02:39:00,0.3281518062727855
2020-04-24 02:42:00,0.37325045731859063
2020-04-24 02:45:00,0.25019031777230794
2020-04-24 02:48:00,0.21750355055564796
2020-04-24 02:51:00,0.22957323117958595
2020-04-24 02:54:00,0.21700798889457928
2020-04-24 02:57:00,0.29452148033885805
2020-04-24 03:00:00,0.4611717524040273
2020-04-24 03:03:00,0.4526869063628851
2020-04-24 03:06:00,0.3492921515164653
2020-04-24 03:09:00,0.18499744130514273
2020-04-24 03:12:00,0.21670900774523716
2020-04-24 03:15:00,0.2727194781652429
2020-04-24 03:18:00,0.26881562089943145
2020-04-24 03:21:00,0.263214011955597
2020-04-24 03:24:00,0.24636642996966884
2020-04-24 03:27:00,0.3047245391857132
2020-04-24 03:30:00,0.2480683182076291
2020-04-24 03:33:00,0.31405363744534043
2020-04-24 03:36:00,0.3872928103926938
2020-04-24 03:39:00,0.24757863099137012
2020-04-24 03:42:00,0.30567056101727985
2020-04-24 03:45:00,0.2670680875850735
2020-04-24 03:48:00,0.2720090457979154
2020-04-24 03:51:00,0.42044552887148257
2020-04-24 03:54:00,0.366708852715135
2020-04-24 03:57:00,0.4625603385915724
2020-04-24 04:00:00,0.35758238078631166
2020-04-24 04:03:00,0.2639917735724566
2020-04-24 04:06:00,0.3361409282134673
2020-04-24 04:09:00,0.31462220318809386
2020-04-24 04:12:00,0.33104937872599294
2020-04-24 04:15:00,0.32228041158964515
2020-04-24 04:18:00,0.2264815182223856
2020-04-24 04:21:00,0.21020120175546708
2020-04-24 04:24:00,0.27707852111126385
2020-04-24 04:27:00,0.25409779059862103
2020-04-24 04:30:00,0.28996008624176284
2020-04-24 04:33:00,0.32970575654047707
2020-04-24 04:36:00,0.4409509433826315
2020-04-24 04:39:00,0.3198006076864317
2020-04-24 04:42:00,0.25127804399448905
2020-04-24 04:45:00,0.30564930757844877
2020-04-24 04:48:00,0.2977586400850214
2020-04-24 04:51:00,0.44388222561462953
2020-04-24 04:54:00,0.3550796926650719
2020-04-24 04:57:00,0.30439999230662806
2020-04-24 05:00:00,0.2751962534782706
2020-04-24 05:03:00,0.30071639398698835
2020-04-24 05:06:00,0.3199646913906804
2020-04-24 05:09:00,0.3286345167586546
2020-04-24 05:12:00,0.17329587398353397
2020-04-24 05:15:00,0.3619325741275361
2020-04-24 05:18:00,0.3516360486088388
2020-04-24 05:21:00,0.3110160145592431
2020-04-24 05:24:00,0.37770532722976213
2020-04-24 05:27:00,0.3029385236968096
2020-04-24 05:30:00,0.31963326673457004
2020-04-24 05:33:00,0.34161451025664746
2020-04-24 05:36:00,0.2961463809230054
2020-04-24 05:39:00,0.3319836906147202
2020-04-24 05:42:00,0.2992990718477131
2020-04-24 05:45:00,0.3440870634586872
2020-04-24 05:48:00,0.48048590303812944
2020-04-24 05:51:00,0.2776288251494634
2020-04-24 05:54:00,0.29378228786282534
2020-04-24 05:57:00,0.36599165983557214
2020-04-24 06:00:00,0.4164713247210443
2020-04-24 06:03:00,0.42639564160077725
2020-04-24 06:06:00,0.3576483673168127
2020-04-24 06:09:00,0.3078768671452963
2020-04-24 06:12:00,0.40065967149132575
2020-04-24 06:15:00,0.3488570051407578
2020-04-24 06:18:00,0.3922007671874894
2020-04-24 06:21:00,0.40446155771388703
2020-04-24 06:24:00,0.28917099331590634
2020-04-24 06:27:00,0.34219520466137965
2020-04-24 06:30:00,0.3312729733137303
2020-04-24 06:33:00,0.36669467441333836
2020-04-24 06:36:00,0.3735578475794341
2020-04-24 06:39:00,0.35919193518941483
2020-04-24 06:42:00,0.3576469149492141
2020-04-24 06:45:00,0.3768764924230936
2020-04-24 06:48:00,0.5026063820867535
2020-04-24 06:51:00,0.4218329271976131
2020-04-24 06:54:00,0.35394253186439073
2020-04-24 06:57:00,0.3328769264302309
2020-04-24 07:00:00,0.3232914061906058
2020-04-24 07:03:00,0.409108504015137
2020-04-24 07:06:00,0.33511537646023726
2020-04-24 07:09:00,0.33572558242838113
2020-04-24 07:12:00,0.44748248252011535
2020-04-24 07:15:00,0.36217782297921985
2020-04-24 07:18:00,0.44199660934390295
2020-04-24 07:21:00,0.4165156395324061
2020-04-24 07:24:00,0.3831308630846024
2020-04-24 07:27:00,0.30844868210152754
2020-04-24 07:30:00,0.3934603825622389
2020-04-24 07:33:00,0.35854641010291743
2020-04-24 07:36:00,0.36937469367836684
2020-04-24 07:39:00,0.3571498405661373
2020-04-24 07:42:00,0.3055872971892768
2020-04-24 07:45:00,0.3326881089915332
2020-04-24 07:48:00,0.26405826853232384
2020-04-24 07:51:00,0.2530404267221229
2020-04-24 07:54:00,0.2390469484285518
2020-04-24 07:57:00,0.24519236610638018
2020-04-24 08:00:00,0.20649172481859068
2020-04-24 08:03:00,0.1888872869706688
2020-04-24 08:06:00,0.219664737808273
2020-04-24 08:09:00,0.23274859952084626
2020-04-24 08:12:00,0.2617354032792605
2020-04-24 08:15:00,0.16174737399126116
2020-04-24 08:18:00,0.09293748121103818
2020-04-24 08:21:00,0.17550686509673596
2020-04-24 08:24:00,0.09322963790401673
2020-04-24 08:27:00,0.13628784948031125
2020-04-24 08:30:00,0.1738511378668477
2020-04-24 08:33:00,0.22934414808901238
2020-04-24 08:36:00,0.15353297786532494
2020-04-24 08:39:00,0.11812621705161064
2020-04-24 08:42:00,0.09868818952088532
2020-04-24 08:45:00,0.1089879640583149
2020-04-24 08:48:00,0.10770859289675627
2020-04-24 08:51:00,0.09961639339803696
2020-04-24 08:54:00,0.07623192214953178
2020-04-24 08:57:00,0.15576483344102598
2020-04-24 09:00:00,0.054118422289036516
2020-04-24 09:03:00,0.09699901012635337
2020-04-24 09:06:00,0.12366957257563627
2020-04-24 09:09:00,-0.07171987776081323
2020-04-24 09:12:00,0.12136739887955628
2020-04-24 09:15:00,-0.05495107155866208
2020-04-24 09:18:00,0.13570907308002234
2020-04-24 09:21:00,0.038579603778828186
2020-04-24 09:24:00,0.09993904946765042
2020-04-24 09:27:00,0.11685240189359547
2020-04-24 09:30:00,0.11308384544474848
2020-04-24 09:33:00,0.05015336111932811
2020-04-24 09:36:00,0.0997094448349003
2020-04-24 09:39:00,0.1953745800061597
2020-04-24 09:42:00,-0.019011609975450483
2020-04-24 09:45:00,0.22589820224959567
2020-04-24 09:48:00,0.1012104366868698
2020-04-24 09:51:00,0.0647072813923728
2020-04-24 09:54:00,0.04881568526081992
2020-04-24 09:57:00,0.05098058211564194
2020-04-24 10:00:00,0.02876060730068275
2020-04-24 10:03:00,0.040553959507917625
2020-04-24 10:06:00,0.12969301456678295
2020-04-24 10:09:00,0.04311074774437884
2020-04-24 10:12:00,-0.0850135644201373
2020-04-24 10:15:00,0.06381568064188059
2020-04-24 10:18:00,-0.06462589422051224
2020-04-24 10:21:00,-0.024816087052556668
2020-04-24 10:24:00,-0.022655612736798503
2020-04-24 10:27:00,-0.0061324933767537
2020-04-24 10:30:00,-0.028287886773114224
2020-04-24 10:33:00,-0.07641247003050466
2020-04-24 10:36:00,-0.03258513726240153
2020-04-24 10:39:00,0.01406669601124122
2020-04-24 10:42:00,-0.05345430922227479
2020-04-24 10:45:00,-0.07363950684793963
2020-04-24 10:48:00,-0.023612053532360733
2020-04-24 10:51:00,0.035662761017135836
2020-04-24 10:54:00,-0.16596935657184986
2020-04-24 10:57:00,-0.07010152357401012
2020-04-24 11:00:00,-0.021910346080915133
2020-04-24 11:03:00,-0.07100691238014178
2020-04-24 11:06:00,-0.05307674929139239
2020-04-24 11:09:00,-0.11766534981671839
2020-04-24 11:12:00,-0.21196692485779067
2020-04-24 11:15:00,-0.15077547908236966
2020-04-24 11:18:00,-0.0009544181042997479
2020-04-24 11:21:00,-0.12205254543096089
2020-04-24 11:24:00,-0.08427681633793327
2020-04-24 11:27:00,-0.05740384850474811
2020-04-24 11:30:00,-0.10781513403100007
2020-04-24 11:33:00,-0.03616958256594671
2020-04-24 11:36:00,-0.06143764808052765
2020-04-24 11:39:00,-0.10648586129798332
2020-04-24 11:42:00,0.0184352604425726
2020-04-24 11:45:00,-0.02547194095376426
2020-04-24 11:48:00,-0.06197079726450738
2020-04-24 11:51:00,-0.17582403044434614
2020-04-24 11:54:00,-0.10642375610052568
2020-04-24 11:57:00,-0.14642953743515363
2020-04-24 12:00:00,-0.11242786869297561
2020-04-24 12:03:00,-0.10428836551608356
2020-04-24 12:06:00,-0.21682651421099308
2020-04-24 12:09:00,-0.15968187796153188
2020-04-24 12:12:00,-0.18245370598765476
2020-04-24 12:15:00,-0.21548742923675945
2020-04-24 12:18:00,-0.16397742830201878
2020-04-24 12:21:00,-0.2157793799602814
2020-04-24 12:24:00,-0.06888189131933586
2020-04-24 12:27:00,-0.13245306159512893
2020-04-24 12:30:00,-0.13508090826326224
2020-04-24 12:33:00,-0.06524681298446922
2020-04-24 12:36:00,-0.0835485357528114
2020-04-24 12:39:00,-0.04104959703602162
2020-04-24 12:42:00,-0.15755965992883603
2020-04-24 12:45:00,-0.27675274440201747
2020-04-24 12:48:00,-0.19424827814884793
2020-04-24 12:51:00,-0.22965790943993625
2020-04-24 12:54:00,-0.19832865290982227
2020-04-24 12:57:00,-0.1424787118590416
2020-04-24 13:00:00,-0.00889132677411908
2020-04-24 13:03:00,0.11062373641237855
2020-04-24 13:06:00,0.15345002330542457
2020-04-24 13:09:00,-0.0007228484500956256
2020-04-24 13:12:00,0.053510075213978325
2020-04-24 13:15:00,-0.1295567929557251
2020-04-24 13:18:00,-0.052488383847105524
2020-04-24 13:21:00,-0.02355500006467537
2020-04-24 13:24:00,0.047430574757754584
2020-04-24 13:27:00,0.017595101808979052
2020-04-24 13:30:00,0.02161599189514618
2020-04-24 13:33:00,0.06293294621144696
2020-04-24 13:36:00,0.1147722129800286
2020-04-24 13:39:00,0.11933636409395376
2020-04-24 13:42:00,-0.03646853118021909
2020-04-24 13:45:00,-0.17402796463858294
2020-04-24 13:48:00,0.004927021452203917
2020-04-24 13:51:00,-0.0009268907340356236
2020-04-24 13:54:00,-0.09821408447521662
2020-04-24 13:57:00,-0.05931592528600049
2020-04-24 14:00:00,0.054473669849699036
2020-04-24 14:03:00,0.04747515775136435
2020-04-24 14:06:00,0.02763189729836313
2020-04-24 14:09:00,0.20735373285072
2020-04-24 14:12:00,0.23431091617101174
2020-04-24 14:15:00,0.13767420392247232
2020-04-24 14:18:00,0.14859953669906645
2020-04-24 14:21:00,0.1052175622444338
2020-04-24 14:24:00,-0.029998750779270722
2020-04-24 14:27:00,0.008815776172070855
2020-04-24 14:30:00,0.04023061834499231
2020-04-24 14:33:00,0.07304707917091946
2020-04-24 14:36:00,0.1137165815129606
2020-04-24 14:39:00,0.05024221979891763
2020-04-24 14:42:00,-0.028432232461057083
2020-04-24 14:45:00,0.2079394803661785
2020-04-24 14:48:00,0.11611953049248314
2020-04-24 14:51:00,-0.039044736806999936
2020-04-24 14:54:00,0.04284771093529116
2020-04-24 14:57:00,-0.12341740284551861
2020-04-24 15:00:00,0.07193623521629888
2020-04-24 15:03:00,-0.029950252575588365
2020-04-24 15:06:00,-0.05009048525505477
2020-04-24 15:09:00,-0.03307606097803273
2020-04-24 15:12:00,-0.08133952981552284
2020-04-24 15:15:00,-0.027120204681409632
2020-04-24 15:18:00,0.007176411549380646
2020-04-24 15:21:00,0.05764539342914077
2020-04-24 15:24:00,-0.04921564134747314
2020-04-24 15:27:00,-0.08930132092035592
2020-04-24 15:30:00,-0.09637858058977145
2020-04-24 15:33:00,-0.08030012915003226
2020-04-24 15:36:00,-0.06756052920917455
2020-04-24 15:39:00,-0.03568221699305241
2020-04-24 15:42:00,-0.06343434471807541
2020-04-24 15:45:00,-0.035891149670874256
2020-04-24 15:48:00,-0.12994218824695736
2020-04-24 15:51:00,-0.17733961290218758
2020-04-24 15:54:00,0.007851454080025633
2020-04-24 15:57:00,-0.110623395879486
2020-04-24 16:00:00,-0.19299536002688455
2020-04-24 16:03:00,-0.1819377794565753
2020-04-24 16:06:00,-0.12541636990675897
2020-04-24 16:09:00,-0.2998656335662986
2020-04-24 16:12:00,-0.22105862008072563
2020-04-24 16:15:00,-0.026865481068568897
2020-04-24 16:18:00,0.0013931284470345418
2020-04-24 16:21:00,-0.23223073524343363
2020-04-24 16:24:00,-0.02381248764885413
2020-04-24 16:27:00,-0.11326065889647907
2020-04-24 16:30:00,0.036299480489731195
2020-04-24 16:33:00,0.06652589980728862
2020-04-24 16:36:00,0.17960567967503493
2020-04-24 16:39:00,0.4370887118398059
2020-04-24 16:42:00,0.20648323211418074
2020-04-24 16:45:00,0.07096098744159463
2020-04-24 16:48:00,-0.011510304380124126
2020-04-24 16:51:00,-0.04993074102213768
2020-04-24 16:54:00,-0.042072958494486556
2020-04-24 16:57:00,-0.05229755536947778
2020-04-24 17:00:00,0.18214839657292714
2020-04-24 17:03:00,0.03387305061437473
2020-04-24 17:06:00,-0.04056679484955339
2020-04-24 17:09:00,0.020652996378260013
2020-04-24 17:12:00,0.09684806960854075
2020-04-24 17:15:00,-0.03319165712514405
2020-04-24 17:18:00,-0.07886484102567692
2020-04-24 17:21:00,0.04022695069187421
2020-04-24 17:24:00,-0.10693685402708297
2020-04-24 17:27:00,0.01213117709329481
2020-04-24 17:30:00,-0.025966436599219378
2020-04-24 17:33:00,-0.05792282284221528
2020-04-24 17:36:00,-0.14379781006283565
2020-04-24 17:39:00,-0.07059508716281471
2020-04-24 17:42:00,-0.042422214421776516
2020-04-24 17:45:00,-0.04274673931683992
2020-04-24 17:48:00,0.004238226151414892
2020-04-24 17:51:00,-0.11898455746796799
2020-04-24 17:54:00,-0.05533591072355648
2020-04-24 17:57:00,0.007738556731339941
2020-04-24 18:00:00,0.005140459130188901
2020-04-24 18:03:00,0.019044351377999647
2020-04-24 18:06:00,0.02249084423687009
2020-04-24 18:09:00,-0.06603331444142668
2020-04-24 18:12:00,-0.059271192559606334
2020-04-24 18:15:00,-0.13959613254610304
2020-04-24 18:18:00,0.007425608991525223
2020-04-24 18:21:00,-0.16489192281233045
2020-04-24 18:24:00,0.03526219973218758
2020-04-24 18:27:00,-0.039825457968220235
2020-04-24 18:30:00,-0.008791932336748687
2020-04-24 18:33:00,-0.012950824046811249
2020-04-24 18:36:00,-0.041455603184658685
2020-04-24 18:39:00,-0.046763520302874895
2020-04-24 18:42:00,0.06084555860104501
2020-04-24 18:45:00,-0.04143016869852545
2020-04-24 18:48:00,-0.07680729285658572
2020-04-24 18:51:00,0.020249942071188798
2020-04-24 18:54:00,
2020-04-24 18:57:00,
2020-04-24 19:00:00,
2020-04-24 19:03:00,-0.1491783883028006
2020-04-24 19:06:00,-0.010266221133690578
2020-04-24 19:09:00,0.006563947095855838
2020-04-24 19:12:00,-0.027986831069370055
2020-04-24 19:15:00,-0.015005676407326973
2020-04-24 19:18:00,-0.015489894825634565
2020-04-24 19:21:00,0.07427954570385964
2020-04-24 19:24:00,-0.05241051124733076
2020-04-24 19:27:00,0.024876485197410148
2020-04-24 19:30:00,0.07260800107803789
2020-04-24 19:33:00,0.05167422488415241
2020-04-24 19:36:00,-0.008133884503536137
2020-04-24 19:39:00,0.09876446278519779
2020-04-24 19:42:00,-0.03046143322529815
2020-04-24 19:45:00,0.08113047113113225
2020-04-24 19:48:00,0.1065643739853499
2020-04-24 19:51:00,0.12220570342441306
2020-04-24 19:54:00,0.07476309905888456
2020-04-24 19:57:00,-0.0591526939735445
2020-04-24 20:00:00,0.09620036935336884
2020-04-24 20:03:00,0.08338487011059215
2020-04-24 20:06:00,0.10765692365566792
2020-04-24 20:09:00,0.04277532134346984
2020-04-24 20:12:00,0.06935192028396386
2020-04-24 20:15:00,0.027090264791809204
2020-04-24 20:18:00,0.0584187381084007
2020-04-24 20:21:00,0.09081396459055213
2020-04-24 20:24:00,0.16414238939069037
2020-04-24 20:27:00,0.13965565872433672
2020-04-24 20:30:00,0.11719738184126527
2020-04-24 20:33:00,0.18290186918954987
2020-04-24 20:36:00,0.17437072498591988
2020-04-24 20:39:00,0.15589151734951656
2020-04-24 20:42:00,0.20165433395584387
2020-04-24 20:45:00,0.10016020758496325
2020-04-24 20:48:00,0.033524006728669065
2020-04-24 20:51:00,0.07725117481402322
2020-04-24 20:54:00,0.19156202234086095
2020-04-24 20:57:00,0.1782204657960733
2020-04-24 21:00:00,0.1635946234986818
2020-04-24 21:03:00,0.24389690268588993
2020-04-24 21:06:00,0.33446098908422073
2020-04-24 21:09:00,0.2341505868756144
2020-04-24 21:12:00,0.27382336636128457
2020-04-24 21:15:00,0.2945528976769083
2020-04-24 21:18:00,0.18035339270107897
2020-04-24 21:21:00,0.1799697002492735
2020-04-24 21:24:00,0.18739206189582092
2020-04-24 21:27:00,0.2094417651336471
2020-04-24 21:30:00,0.1986741300279391
2020-04-24 21:33:00,0.15511802557512056
2020-04-24 21:36:00,0.25232924406668644
2020-04-24 21:39:00,0.1500030154494425
2020-04-24 21:42:00,0.253737038706106
2020-04-24 21:45:00,0.17068200981083237
2020-04-24 21:48:00,0.1490489702028981
2020-04-24 21:51:00,0.1772747159080268
2020-04-24 21:54:00,0.2369183031997295
2020-04-24 21:57:00,0.23475897020176717
2020-04-24 22:00:00,0.24632834423027816
2020-04-24 22:03:00,0.22650005874191947
2020-04-24 22:06:00,0.19390087700065806
2020-04-24 22:09:00,0.29430837343539906
2020-04-24 22:12:00,0.25434992651736366
2020-04-24 22:15:00,0.2151538502872654
2020-04-24 22:18:00,0.16829354661905427
2020-04-24 22:21:00,0.15585749639978985
2020-04-24 22:24:00,0.20567630713924245
2020-04-24 22:27:00,0.283247961843756
2020-04-24 22:30:00,0.197762240241957
2020-04-24 22:33:00,0.22447973466870508
2020-04-24 22:36:00,0.19765975762015842
2020-04-24 22:39:00,0.2199772482778144
2020-04-24 22:42:00,0.2957170627541359
2020-04-24 22:45:00,0.22461178569403728
2020-04-24 22:48:00,0.16169308679667438
2020-04-24 22:51:00,0.21961892257934323
2020-04-24 22:54:00,0.1964651415939329
2020-04-24 22:57:00,0.2000492056783969
2020-04-24 23:00:00,0.21905286472241414
2020-04-24 23:03:00,0.2010564656571887
2020-04-24 23:06:00,0.30451323843328737
2020-04-24 23:09:00,0.2591742923128777
2020-04-24 23:12:00,0.2219166968168338
2020-04-24 23:15:00,0.21008718415561134
2020-04-24 23:18:00,0.238533774074142
2020-04-24 23:21:00,0.22087592228808717
2020-04-24 23:24:00,0.2744789869062174
2020-04-24 23:27:00,0.28792146194234647
2020-04-24 23:30:00,0.2989933678370562
2020-04-24 23:33:00,0.3266322197010254
2020-04-24 23:36:00,0.2722847938591144
2020-04-24 23:39:00,0.18773432935824985
2020-04-24 23:42:00,0.304142325940461
2020-04-24 23:45:00,0.22471498522202182
2020-04-24 23:48:00,0.3135728454648756
2020-04-24 23:51:00,0.3266213036520753
2020-04-24 23:54:00,0.2508112644359244
2020-04-24 23:57:00,0.42848109708018
2020-04-25 00:00:00,0.2724375586891483
2020-04-25 00:03:00,0.26523467055056926
2020-04-25 00:06:00,0.3566971967684367
2020-04-25 00:09:00,0.28370331054856024
2020-04-25 00:12:00,0.23407395115168583
2020-04-25 00:15:00,0.25462905380669554
2020-04-25 00:18:00,0.33167987513996877
2020-04-25 00:21:00,0.33751690199233053
2020-04-25 00:24:00,0.27262131988675264
2020-04-25 00:27:00,0.23521064254816793
2020-04-25 00:30:00,0.36236306808018526
2020-04-25 00:33:00,0.3361644067288694
2020-04-25 00:36:00,0.43766879600195807
2020-04-25 00:39:00,0.29345984450833384
2020-04-25 00:42:00,0.27229560663670327
2020-04-25 00:45:00,0.3489987284049789
2020-04-25 00:48:00,0.31615779067698213
2020-04-25 00:51:00,0.3996933407582901
2020-04-25 00:54:00,0.3402528881882745
2020-04-25 00:57:00,0.27799982125634415
2020-04-25 01:00:00,0.3001665574388426
2020-04-25 01:03:00,0.3186791330305141
2020-04-25 01:06:00,0.30325613854557787
2020-04-25 01:09:00,0.29900080401858986
2020-04-25 01:12:00,0.2612200574554322
2020-04-25 01:15:00,0.3158521331944826
2020-04-25 01:18:00,0.3257947498204885
2020-04-25 01:21:00,0.3103627646441396
2020-04-25 01:24:00,0.34536665337117256
2020-04-25 01:27:00,0.334443184294571
2020-04-25 01:30:00,0.3222188404077997
2020-04-25 01:33:00,0.3107335294885729
2020-04-25 01:36:00,0.3075984753753005
2020-04-25 01:39:00,0.32379475770267163
2020-04-25 01:42:00,0.3203487234746376
2020-04-25 01:45:00,0.18905982708901092
2020-04-25 01:48:00,0.40803542215934385
2020-04-25 01:51:00,0.3123131451111476
2020-04-25 01:54:00,0.2927814426926716
2020-04-25 01:57:00,0.3196715980340059
2020-04-25 02:00:00,0.35718213304340907
2020-04-25 02:03:00,0.41561031007540805
2020-04-25 02:06:00,0.41396097596094705
2020-04-25 02:09:00,0.348080287070502
2020-04-25 02:12:00,0.38863096261735564
2020-04-25 02:15:00,0.44425957038430397
2020-04-25 02:18:00,0.399661818331424
2020-04-25 02:21:00,0.44576065639245144
2020-04-25 02:24:00,0.3347232576956003
2020-04-25 02:27:00,0.37183934603740454
2020-04-25 02:30:00,0.4374899097442153
2020-04-25 02:33:00,0.4054155569345994
2020-04-25 02:36:00,0.34808122965648636
2020-04-25 02:39:00,0.3983183428829875
2020-04-25 02:42:00,0.46352024103350686
2020-04-25 02:45:00,0.360298370076805
2020-04-25 02:48:00,0.4149174899897048
2020-04-25 02:51:00,0.36325547321217755
2020-04-25 02:54:00,0.3865201492165511
2020-04-25 02:57:00,0.3974739067889459
2020-04-25 03:00:00,0.49750142721501334
2020-04-25 03:03:00,0.3868272347076527
2020-04-25 03:06:00,0.36929407786885804
2020-04-25 03:09:00,0.3835344538678669
2020-04-25 03:12:00,0.42459947592953995
2020-04-25 03:15:00,0.4658578323314373
2020-04-25 03:18:00,0.40337456848874353
2020-04-25 03:21:00,0.5185810547045548
2020-04-25 03:24:00,0.4942549435451724
2020-04-25 03:27:00,0.5017165157534578
2020-04-25 03:30:00,0.45163093194616977
2020-04-25 03:33:00,0.5242184816179929
2020-04-25 03:36:00,0.44444314089088266
2020-04-25 03:39:00,0.3966049725132166
2020-04-25 03:42:00,0.44408757579657276
2020-04-25 03:45:00,0.4556671270904644
2020-04-25 03:48:00,0.48274189814139845
2020-04-25 03:51:00,0.4023825950063724
2020-04-25 03:54:00,0.39205194612003424
2020-04-25 03:57:00,0.42035748967504105
2020-04-25 04:00:00,0.44962450206247695
2020-04-25 04:03:00,0.42421662796004966
2020-04-25 04:06:00,0.46953100114984636
2020-04-25 04:09:00,0.4548491951158553
2020-04-25 04:12:00,0.31424535472609705
2020-04-25 04:15:00,0.40851653910641517
2020-04-25 04:18:00,0.4331853678538664
2020-04-25 04:21:00,0.5082589269395044
2020-04-25 04:24:00,0.5168314036106381
2020-04-25 04:27:00,0.44948452420868534
2020-04-25 04:30:00,0.44313853545452275
2020-04-25 04:33:00,0.41908353409996835
2020-04-25 04:36:00,0.46869197206683566
2020-04-25 04:39:00,0.38775825406167996
2020-04-25 04:42:00,0.3246020559122371
2020-04-25 04:45:00,0.4093248249964745
2020-04-25 04:48:00,0.41258017324611274
2020-04-25 04:51:00,0.4128066612854582
2020-04-25 04:54:00,0.41373451701150543
2020-04-25 04:57:00,0.2711840199664266
2020-04-25 05:00:00,0.3886699978238539
2020-04-25 05:03:00,0.4291493865162579
2020-04-25 05:06:00,0.47585765983978945
2020-04-25 05:09:00,0.36217031465605487
2020-04-25 05:12:00,0.4401491183092503
2020-04-25 05:15:00,0.45744669399584836
2020-04-25 05:18:00,0.4161186525368521
2020-04-25 05:21:00,0.3831107874622717
2020-04-25 05:24:00,0.42607234157543417
2020-04-25 05:27:00,0.4860266863913125
2020-04-25 05:30:00,0.5405266289564565
2020-04-25 05:33:00,0.3449727529178972
2020-04-25 05:36:00,0.44213108459126715
2020-04-25 05:39:00,0.4258660631305702
2020-04-25 05:42:00,0.5100197323905036
2020-04-25 05:45:00,0.4157407331480272
2020-04-25 05:48:00,0.522109813056943
2020-04-25 05:51:00,0.4790497438990542
2020-04-25 05:54:00,0.4361824483068517
2020-04-25 05:57:00,0.46793567643840106
2020-04-25 06:00:00,0.550437921759567
2020-04-25 06:03:00,0.441081441053484
2020-04-25 06:06:00,0.4070908810820697
2020-04-25 06:09:00,0.4836810979874713
2020-04-25 06:12:00,0.4878013055696897
2020-04-25 06:15:00,0.4472718353086407
2020-04-25 06:18:00,0.3519689703899189
2020-04-25 06:21:00,0.38767061775098455
2020-04-25 06:24:00,0.4430597161925789
2020-04-25 06:27:00,0.31554814754389326
2020-04-25 06:30:00,0.4462622275701733
2020-04-25 06:33:00,0.4661874963207424
2020-04-25 06:36:00,0.4370076958341542
2020-04-25 06:39:00,0.5383254473567831
2020-04-25 06:42:00,0.4636315370993316
2020-04-25 06:45:00,0.4027990968090194
2020-04-25 06:48:00,0.3823436339244495
2020-04-25 06:51:00,0.3356137839311373
2020-04-25 06:54:00,0.4089564352700563
2020-04-25 06:57:00,0.3909601176628712
2020-04-25 07:00:00,0.39332955704333017
2020-04-25 07:03:00,0.39911190806770946
2020-04-25 07:06:00,0.3569636671795706
2020-04-25 07:09:00,0.3605069007160182
2020-04-25 07:12:00,0.42751587648672285
2020-04-25 07:15:00,0.2688685486123745
2020-04-25 07:18:00,0.36514798029401163
2020-04-25 07:21:00,0.33249425315176495
2020-04-25 07:24:00,0.266277514766216
2020-04-25 07:27:00,0.35820837123878846
2020-04-25 07:30:00,0.3614795925768135
2020-04-25 07:33:00,0.35507204590669517
2020-04-25 07:36:00,0.3944379990525704
2020-04-25 07:39:00,0.34027731937027283
2020-04-25 07:42:00,0.3815990362048183
2020-04-25 07:45:00,0.3658810054336641
2020-04-25 07:48:00,0.3253380875935932
2020-04-25 07:51:00,0.27206286594855555
2020-04-25 07:54:00,0.4038916330396205
2020-04-25 07:57:00,0.3069754858850047
2020-04-25 08:00:00,0.35677385448536825
2020-04-25 08:03:00,0.30114694681083165
2020-04-25 08:06:00,0.27438887137617485
2020-04-25 08:09:00,0.26812355721835957
2020-04-25 08:12:00,0.3782949302706129
2020-04-25 08:15:00,0.42502956118056545
2020-04-25 08:18:00,0.2869309003234548
2020-04-25 08:21:00,0.3975009903174964
2020-04-25 08:24:00,0.3692280478367138
2020-04-25 08:27:00,0.3001457021333067
2020-04-25 08:30:00,0.2945326323857671
2020-04-25 08:33:00,0.33602687519857
2020-04-25 08:36:00,0.3152988226349862
2020-04-25 08:39:00,0.29658675483551633
2020-04-25 08:42:00,0.3027970814558216
2020-04-25 08:45:00,0.2815468730440216
2020-04-25 08:48:00,0.3150407046879877
2020-04-25 08:51:00,0.25124105684631104
2020-04-25 08:54:00,0.30825285482825393
2020-04-25 08:57:00,0.3411198667013764
2020-04-25 09:00:00,0.1841614709608166
2020-04-25 09:03:00,0.3608166955954175
2020-04-25 09:06:00,0.2219708215503715
2020-04-25 09:09:00,0.2592172085747393
2020-04-25 09:12:00,0.3418316180470242
2020-04-25 09:15:00,0.31835615046401244
2020-04-25 09:18:00,0.21009984829549921
2020-04-25 09:21:00,0.3237479868876676
2020-04-25 09:24:00,0.22297805880668875
2020-04-25 09:27:00,0.16403800169666738
2020-04-25 09:30:00,0.22767295201197157
2020-04-25 09:33:00,0.2343414406627744
2020-04-25 09:36:00,0.20443320300211099
2020-04-25 09:39:00,0.29963253477296803
2020-04-25 09:42:00,0.2388702742471196
2020-04-25 09:45:00,0.24652611400830438
2020-04-25 09:48:00,0.25201601395264106
2020-04-25 09:51:00,0.18141246256357135
2020-04-25 09:54:00,0.23095874634100255
2020-04-25 09:57:00,0.16864405206979427
2020-04-25 10:00:00,0.22702363261839764
2020-04-25 10:03:00,0.11957249496998656
2020-04-25 10:06:00,0.1773183376147358
2020-04-25 10:09:00,0.26755363023795553
2020-04-25 10:12:00,0.28029979324105625
2020-04-25 10:15:00,0.13997279728522471
2020-04-25 10:18:00,0.2204453243185185
2020-04-25 10:21:00,0.11906804881226662
2020-04-25 10:24:00,0.041262955129923284
2020-04-25 10:27:00,0.057389932831597434
2020-04-25 10:30:00,0.018413030898443594
2020-04-25 10:33:00,0.12445149261952793
2020-04-25 10:36:00,0.04620681420334449
2020-04-25 10:39:00,-0.01923405255581656
2020-04-25 10:42:00,0.2110383735255823
2020-04-25 10:45:00,0.08755595035165697
2020-04-25 10:48:00,0.07722364170598439
2020-04-25 10:51:00,0.07169529759380566
2020-04-25 10:54:00,0.034978275836522243
2020-04-25 10:57:00,0.050675695534664555
2020-04-25 11:00:00,0.0031608951841235466
2020-04-25 11:03:00,0.03672322136475259
2020-04-25 11:06:00,0.13927575037553197
2020-04-25 11:09:00,-0.09566134557616124
2020-04-25 11:12:00,0.031821270809871294
2020-04-25 11:15:00,0.008549037470913845
2020-04-25 11:18:00,0.021693293288933546
2020-04-25 11:21:00,0.0374283837898588
2020-04-25 11:24:00,-0.08868496705713369
2020-04-25 11:27:00,0.0029097920662479737
2020-04-25 11:30:00,-0.09302410809431194
2020-04-25 11:33:00,-0.06199825298824635
2020-04-25 11:36:00,0.04158422666853312
2020-04-25 11:39:00,0.06447737614342941
2020-04-25 11:42:00,0.06854509191100533
2020-04-25 11:45:00,-0.04717850783202948
2020-04-25 11:48:00,-0.13187752588265766
2020-04-25 11:51:00,-0.01069558253732339
2020-04-25 11:54:00,-0.06581351877008501
2020-04-25 11:57:00,-0.048514810245762874
2020-04-25 12:00:00,-0.1540837838671223
2020-04-25 12:03:00,-0.02459581126112198
2020-04-25 12:06:00,0.011994577698374087
2020-04-25 12:09:00,-0.1053201573635647
2020-04-25 12:12:00,-0.08218730990523682
2020-04-25 12:15:00,-0.16691915886605102
2020-04-25 12:18:00,-0.047987210862004304
2020-04-25 12:21:00,0.048661400296737156
2020-04-25 12:24:00,0.035848366612754035
2020-04-25 12:27:00,-0.043610973376303264
2020-04-25 12:30:00,-0.02966856142643337
2020-04-25 12:33:00,-0.05718838354766831
2020-04-25 12:36:00,-0.06054778435310482
2020-04-25 12:39:00,-0.12050038440264643
2020-04-25 12:42:00,-0.0998729444078208
2020-04-25 12:45:00,-0.10651978015494024
2020-04-25 12:48:00,-0.12773792661084826
2020-04-25 12:51:00,-0.09727869368384745
2020-04-25 12:54:00,0.016909734378032226
2020-04-25 12:57:00,0.006114350185328021
2020-04-25 13:00:00,0.03700067901695547
2020-04-25 13:03:00,0.06418972785235155
2020-04-25 13:06:00,-0.03397175054891477
2020-04-25 13:09:00,-0.09765526409108816
2020-04-25 13:12:00,-0.01838236623643752
2020-04-25 13:15:00,-0.15853213717304016
2020-04-25 13:18:00,-0.23496061150552805
2020-04-25 13:21:00,-0.16071389299145267
2020-04-25 13:24:00,-0.2467087922373139
2020-04-25 13:27:00,-0.27219913642335314
2020-04-25 13:30:00,-0.15073001854091217
2020-04-25 13:33:00,-0.19170394212034125
2020-04-25 13:36:00,-0.14122722094890605
2020-04-25 13:39:00,-0.13915106718371817
2020-04-25 13:42:00,-0.09782972049731598
2020-04-25 13:45:00,-0.41513106366875263
2020-04-25 13:48:00,-0.29011613485107546
2020-04-25 13:51:00,-0.26694467789423015
2020-04-25 13:54:00,-0.1408322988986015
2020-04-25 13:57:00,-0.23461432339593102
2020-04-25 14:00:00,-0.2417032223262936
2020-04-25 14:03:00,-0.2221446759548371
2020-04-25 14:06:00,-0.28882909503084875
2020-04-25 14:09:00,-0.3193666649069087
2020-04-25 14:12:00,-0.3580659327324156
2020-04-25 14:15:00,-0.32985959543321997
2020-04-25 14:18:00,-0.41304792356055486
2020-04-25 14:21:00,-0.3672488656900441
2020-04-25 14:24:00,-0.3755423598556149
2020-04-25 14:27:00,-0.29549640581473113
2020-04-25 14:30:00,-0.3981438040910348
2020-04-25 14:33:00,-0.3254253754319052
2020-04-25 14:36:00,-0.3284151593613842
2020-04-25 14:39:00,-0.13534729003163193
2020-04-25 14:42:00,-0.2338189975799878
2020-04-25 14:45:00,-0.4370128117211607
2020-04-25 14:48:00,-0.33229223049835355
2020-04-25 14:51:00,-0.3550655098620723
2020-04-25 14:54:00,-0.3998288373090304
2020-04-25 14:57:00,-0.20558434710147822
2020-04-25 15:00:00,-0.2522395568286697
2020-04-25 15:03:00,-0.2283480506158071
2020-04-25 15:06:00,-0.1550055863247053
2020-04-25 15:09:00,-0.211137805405599
2020-04-25 15:12:00,-0.2107638160957208
2020-04-25 15:15:00,-0.2772233817889287
2020-04-25 15:18:00,-0.2989824896309301
2020-04-25 15:21:00,-0.24509991654497298
2020-04-25 15:24:00,-0.2643290017381901
2020-04-25 15:27:00,-0.245290905265108
2020-04-25 15:30:00,-0.4269605029738841
2020-04-25 15:33:00,-0.24271415371356397
2020-04-25 15:36:00,-0.22436756450815665
2020-04-25 15:39:00,-0.26586168290731393
2020-04-25 15:42:00,-0.3969858547690137
2020-04-25 15:45:00,-0.2478312831191829
2020-04-25 15:48:00,-0.32286014447544176
2020-04-25 15:51:00,-0.2431635493260842
2020-04-25 15:54:00,-0.33807944304686544
2020-04-25 15:57:00,-0.29302269170187856
2020-04-25 16:00:00,-0.17789681065318064
2020-04-25 16:03:00,-0.3355898369530337
2020-04-25 16:06:00,-0.42078328048773983
2020-04-25 16:09:00,-0.38737022261710763
2020-04-25 16:12:00,-0.2200701812592456
2020-04-25 16:15:00,-0.332719110364053
2020-04-25 16:18:00,-0.25154226172111294
2020-04-25 16:21:00,-0.4095103238224169
2020-04-25 16:24:00,-0.42411773332804614
2020-04-25 16:27:00,-0.3942952111262912
2020-04-25 16:30:00,-0.38781685763797213
2020-04-25 16:33:00,-0.3817284922901081
2020-04-25 16:36:00,-0.4055167432393887
2020-04-25 16:39:00,-0.332949149744195
2020-04-25 16:42:00,-0.2688746021706834
2020-04-25 16:45:00,-0.2072416791062892
2020-04-25 16:48:00,-0.3049619871126765
2020-04-25 16:51:00,-0.15166159153937997
2020-04-25 16:54:00,-0.2316684251135257
2020-04-25 16:57:00,-0.3528501854310093
2020-04-25 17:00:00,-0.1742400531899193
2020-04-25 17:03:00,-0.13962742250242854
2020-04-25 17:06:00,-0.11174488515581515
2020-04-25 17:09:00,-0.1939275902431632
2020-04-25 17:12:00,-0.22574425365883144
2020-04-25 17:15:00,-0.3435030127150185
2020-04-25 17:18:00,-0.2569396732186533
2020-04-25 17:21:00,-0.16285460044002775
2020-04-25 17:24:00,-0.21788314827819022
2020-04-25 17:27:00,-0.24957990633691907
2020-04-25 17:30:00,-0.24698826993477496
2020-04-25 17:33:00,-0.23092549010601715
2020-04-25 17:36:00,-0.17839244267634058
2020-04-25 17:39:00,-0.20939093672853915
2020-04-25 17:42:00,-0.2266407164967177
2020-04-25 17:45:00,-0.11922904706420923
2020-04-25 17:48:00,-0.11540546254110495
2020-04-25 17:51:00,-0.10334847540718783
2020-04-25 17:54:00,-0.24082867743106817
2020-04-25 17:57:00,-0.15032472920137252
2020-04-25 18:00:00,-0.15185993704960765
2020-04-25 18:03:00,-0.05799335321540866
2020-04-25 18:06:00,-0.11008048077547983
2020-04-25 18:09:00,-0.06891942059417033
2020-04-25 18:12:00,-0.09464337758276997
2020-04-25 18:15:00,-0.09672276276455705
2020-04-25 18:18:00,-0.03996292119421696
2020-04-25 18:21:00,-0.07755048845348256
2020-04-25 18:24:00,-0.017957831400735813
2020-04-25 18:27:00,-0.12005561818733668
2020-04-25 18:30:00,-0.09150438503905889
2020-04-25 18:33:00,-0.060576316712285916
2020-04-25 18:36:00,-0.02696528129104081
2020-04-25 18:39:00,-0.0716026535067158
2020-04-25 18:42:00,0.0017836923604477306
2020-04-25 18:45:00,0.03127787410426208
2020-04-25 18:48:00,0.009872023007858388
2020-04-25 18:51:00,0.02325338833168189
2020-04-25 18:54:00,
2020-04-25 18:57:00,
2020-04-25 19:00:00,
2020-04-25 19:03:00,0.037944535595443085
2020-04-25 19:06:00,0.024716354586075795
2020-04-25 19:09:00,-0.0018150178833025166
2020-04-25 19:12:00,-0.025855220554490188
2020-04-25 19:15:00,0.031866955260341
2020-04-25 19:18:00,0.13013888126954498
2020-04-25 19:21:00,0.0488476951040866
2020-04-25 19:24:00,0.05377624591312724
2020-04-25 19:27:00,0.08914428856394352
2020-04-25 19:30:00,0.0003555264609644837
2020-04-25 19:33:00,0.05075845548998359
2020-04-25 19:36:00,0.0321056181034578
2020-04-25 19:39:00,0.034480707495447405
2020-04-25 19:42:00,0.04465362266734019
2020-04-25 19:45:00,0.10942528330730283
2020-04-25 19:48:00,0.08026786425153887
2020-04-25 19:51:00,0.06725890858905359
2020-04-25 19:54:00,0.20800748006092817
2020-04-25 19:57:00,0.12796246536652234
2020-04-25 20:00:00,0.16498856860471278
2020-04-25 20:03:00,0.16672307112725093
2020-04-25 20:06:00,0.24445099065292197
2020-04-25 20:09:00,0.0972699647232389
2020-04-25 20:12:00,-0.05319998190515207
2020-04-25 20:15:00,0.058546914313751586
2020-04-25 20:18:00,0.09943055176546522
2020-04-25 20:21:00,0.13565389661437166
2020-04-25 20:24:00,0.06411127882813616
2020-04-25 20:27:00,0.11271079143818952
2020-04-25 20:30:00,0.09709529218702073
2020-04-25 20:33:00,0.09171615916449127
2020-04-25 20:36:00,0.02034343771777003
2020-04-25 20:39:00,0.11739532235623074
2020-04-25 20:42:00,0.039203505723548915
2020-04-25 20:45:00,0.012858801045183554
2020-04-25 20:48:00,0.015468178445075864
2020-04-25 20:51:00,0.13097965100007514
2020-04-25 20:54:00,0.0676771880635556
2020-04-25 20:57:00,0.0902380014681512
2020-04-25 21:00:00,-0.022813468682159055
2020-04-25 21:03:00,0.012387922215054914
2020-04-25 21:06:00,0.08330879318106099
2020-04-25 21:09:00,0.06648148614647198
2020-04-25 21:12:00,0.06418617668725801
2020-04-25 21:15:00,0.10165982702682186
2020-04-25 21:18:00,0.09463138571550189
2020-04-25 21:21:00,0.042419141807272354
2020-04-25 21:24:00,0.11081688679178114
2020-04-25 21:27:00,0.03408076426944717
2020-04-25 21:30:00,0.23439955144391433
2020-04-25 21:33:00,0.06490195845640301
2020-04-25 21:36:00,0.16067779446063923
2020-04-25 21:39:00,0.06331830896476731
2020-04-25 21:42:00,0.1645819160935389
2020-04-25 21:45:00,0.06836499336839097
2020-04-25 21:48:00,0.08903620046402239
2020-04-25 21:51:00,0.04999029717379244
2020-04-25 21:54:00,0.08457597746496504
2020-04-25 21:57:00,0.14476980571447484
2020-04-25 22:00:00,0.1839012387563912
2020-04-25 22:03:00,0.10518253959691037
2020-04-25 22:06:00,0.1344893484424574
2020-04-25 22:09:00,0.07946140558874504
2020-04-25 22:12:00,0.17708671741672788
2020-04-25 22:15:00,0.21859880204726778
2020-04-25 22:18:00,0.14289423528299494
2020-04-25 22:21:00,0.1394755256874305
2020-04-25 22:24:00,0.11824168366575805
2020-04-25 22:27:00,0.14247080588455674
2020-04-25 22:30:00,0.16156028373444542
2020-04-25 22:33:00,0.06578026053500707
2020-04-25 22:36:00,0.09902137674617961
2020-04-25 22:39:00,0.12790173749789346
2020-04-25 22:42:00,0.16042103579002287
2020-04-25 22:45:00,0.09401553031727872
2020-04-25 22:48:00,0.09184254005134562
2020-04-25 22:51:00,0.0657719867994615
2020-04-25 22:54:00,0.18983179860623522
2020-04-25 22:57:00,0.18799149613033705
2020-04-25 23:00:00,0.046577994066467454
2020-04-25 23:03:00,0.07287284412603867
2020-04-25 23:06:00,0.16109549385708988
2020-04-25 23:09:00,0.21879818911475013
2020-04-25 23:12:00,0.0981919008307841
2020-04-25 23:15:00,0.14303357792658744
2020-04-25 23:18:00,0.20780807212179297
2020-04-25 23:21:00,0.14911754011211542
2020-04-25 23:24:00,0.0720340859644466
2020-04-25 23:27:00,0.11318445831358304
2020-04-25 23:30:00,0.1942011308636893
2020-04-25 23:33:00,0.2427290987174615
2020-04-25 23:36:00,0.1540362048733641
2020-04-25 23:39:00,0.1691912501768229
2020-04-25 23:42:00,0.18594209996035715
2020-04-25 23:45:00,0.14179680054979826
2020-04-25 23:48:00,0.09899640636376716
2020-04-25 23:51:00,0.10578342036205868
2020-04-25 23:54:00,0.12311414990728053
2020-04-25 23:57:00,0.10591229003460967
2020-04-26 00:00:00,0.11199677371166672
2020-04-26 00:03:00,0.22815972555355302
2020-04-26 00:06:00,0.2600712861117813
2020-04-26 00:09:00,0.15156937752493604
2020-04-26 00:12:00,0.05857844497438691
2020-04-26 00:15:00,0.16037883461001456
2020-04-26 00:18:00,0.19876663799237804
2020-04-26 00:21:00,0.09818354588560396
2020-04-26 00:24:00,0.11608882853630575
2020-04-26 00:27:00,0.15607636963324012
2020-04-26 00:30:00,0.11852814344160834
2020-04-26 00:33:00,0.10721891388379845
2020-04-26 00:36:00,0.10950408764171016
2020-04-26 00:39:00,0.03856505862472659
2020-04-26 00:42:00,0.1499219576379005
2020-04-26 00:45:00,0.06549470029062832
2020-04-26 00:48:00,0.1266138244313879
2020-04-26 00:51:00,0.09747321519051866
2020-04-26 00:54:00,0.16854721456991228
2020-04-26 00:57:00,0.0796336540066136
2020-04-26 01:00:00,0.13639443436028387
2020-04-26 01:03:00,0.06369453479948106
2020-04-26 01:06:00,0.0624553539032604
2020-04-26 01:09:00,0.02558666504393159
2020-04-26 01:12:00,0.16615240440899015
2020-04-26 01:15:00,0.07874787652303894
2020-04-26 01:18:00,0.06806369489839881
2020-04-26 01:21:00,0.08626908864897587
2020-04-26 01:24:00,0.16369721158099537
2020-04-26 01:27:00,0.11442424034572696
2020-04-26 01:30:00,0.28410807741749977
2020-04-26 01:33:00,0.21825413853014197
2020-04-26 01:36:00,0.21330679172598366
2020-04-26 01:39:00,0.1793035423395395
2020-04-26 01:42:00,0.2004581644746395
2020-04-26 01:45:00,0.2740231843854417
2020-04-26 01:48:00,0.24717353288679078
2020-04-26 01:51:00,0.2037730392778485
2020-04-26 01:54:00,0.2856381786397719
2020-04-26 01:57:00,0.29806932544539677
2020-04-26 02:00:00,0.3195112275407155
2020-04-26 02:03:00,0.2876216607934339
2020-04-26 02:06:00,0.28677119795850103
2020-04-26 02:09:00,0.10466986891719898
2020-04-26 02:12:00,0.13090912064262739
2020-04-26 02:15:00,0.18781094032129886
2020-04-26 02:18:00,0.1406600423490545
2020-04-26 02:21:00,0.1400286401106996
2020-04-26 02:24:00,0.1972356265604276
2020-04-26 02:27:00,0.13558611207309923
2020-04-26 02:30:00,0.06650909405607308
2020-04-26 02:33:00,0.05593066753436915
2020-04-26 02:36:00,0.04048504332354241
2020-04-26 02:39:00,0.16184586783862187
2020-04-26 02:42:00,0.07200981566995779
2020-04-26 02:45:00,0.004893029827428563
2020-04-26 02:48:00,0.12593350056221198
2020-04-26 02:51:00,0.05348850791335735
2020-04-26 02:54:00,0.03364281603910513
2020-04-26 02:57:00,0.09640695398411481
2020-04-26 03:00:00,0.046578325140728793
2020-04-26 03:03:00,0.06350482569507676
2020-04-26 03:06:00,0.059082905537479746
2020-04-26 03:09:00,0.059166688318043725
2020-04-26 03:12:00,-0.02790583999478713
2020-04-26 03:15:00,0.09594252860767938
2020-04-26 03:18:00,0.0674839123221318
2020-04-26 03:21:00,0.09017662043089558
2020-04-26 03:24:00,0.10526658074650186
2020-04-26 03:27:00,0.12308469796596455
2020-04-26 03:30:00,0.16347944871307618
2020-04-26 03:33:00,0.1131784513207208
2020-04-26 03:36:00,0.19126115846466973
2020-04-26 03:39:00,0.08835512158242409
2020-04-26 03:42:00,0.16376644245150374
2020-04-26 03:45:00,0.07413723248049564
2020-04-26 03:48:00,0.1376495021063988
2020-04-26 03:51:00,0.19387006934510964
2020-04-26 03:54:00,0.19771029303279875
2020-04-26 03:57:00,0.1448731610389018
2020-04-26 04:00:00,0.21089118759476833
2020-04-26 04:03:00,0.06737651958002289
2020-04-26 04:06:00,0.08748874437929999
2020-04-26 04:09:00,0.1581696039287408
2020-04-26 04:12:00,0.18589202980700748
2020-04-26 04:15:00,0.10546247377601503
2020-04-26 04:18:00,0.06678636513930769
2020-04-26 04:21:00,0.09107050108178782
2020-04-26 04:24:00,0.012201457523417503
2020-04-26 04:27:00,0.1333130713919104
2020-04-26 04:30:00,0.18008574179515335
2020-04-26 04:33:00,0.13536256157203752
2020-04-26 04:36:00,0.1363734304046602
2020-04-26 04:39:00,0.1237501923144464
2020-04-26 04:42:00,0.10617899156187605
2020-04-26 04:45:00,0.2041733997247661
2020-04-26 04:48:00,0.22907012613512734
2020-04-26 04:51:00,0.0709482258287153
2020-04-26 04:54:00,0.06560870154680742
2020-04-26 04:57:00,0.1166456709794943
2020-04-26 05:00:00,0.12154613886605148
2020-04-26 05:03:00,0.08849548236571536
2020-04-26 05:06:00,0.222314954930539
2020-04-26 05:09:00,0.1278397759034533
2020-04-26 05:12:00,0.1280009257076813
2020-04-26 05:15:00,0.24047020375746797
2020-04-26 05:18:00,0.15246951744410353
2020-04-26 05:21:00,0.23193214502123283
2020-04-26 05:24:00,0.17575952243419124
2020-04-26 05:27:00,0.19042530686857617
2020-04-26 05:30:00,0.10119911297562112
2020-04-26 05:33:00,0.148817347509123
2020-04-26 05:36:00,0.13386966330011774
2020-04-26 05:39:00,0.2074743935277752
2020-04-26 05:42:00,0.2565454758822625
2020-04-26 05:45:00,0.19747427789582161
2020-04-26 05:48:00,0.19239966942490128
2020-04-26 05:51:00,0.25026488526071944
2020-04-26 05:54:00,0.211353491429918
2020-04-26 05:57:00,0.24170344768202767
2020-04-26 06:00:00,0.20731448064435654
2020-04-26 06:03:00,0.2289611808554355
2020-04-26 06:06:00,0.15622147649264662
2020-04-26 06:09:00,0.23176339577076988
2020-04-26 06:12:00,0.10075026521184327
2020-04-26 06:15:00,0.3538481815778596
2020-04-26 06:18:00,0.1954056363890686
2020-04-26 06:21:00,0.1852483672127505
2020-04-26 06:24:00,0.21468123900149294
2020-04-26 06:27:00,0.18638118394079584
2020-04-26 06:30:00,0.27558297071527704
2020-04-26 06:33:00,0.25665640521663136
2020-04-26 06:36:00,0.1784371294870084
2020-04-26 06:39:00,0.1258693510383182
2020-04-26 06:42:00,0.2128742413500504
2020-04-26 06:45:00,0.2495797496098362
2020-04-26 06:48:00,0.214337203880973
2020-04-26 06:51:00,0.21966816828467017
2020-04-26 06:54:00,0.2112177227452321
2020-04-26 06:57:00,0.22401815854323104
2020-04-26 07:00:00,0.23879533726437785
2020-04-26 07:03:00,0.20884216120157362
2020-04-26 07:06:00,0.24485087727128985
2020-04-26 07:09:00,0.2273497652490164
2020-04-26 07:12:00,0.22407102542786106
2020-04-26 07:15:00,0.174369746534353
2020-04-26 07:18:00,0.23024599834388937
2020-04-26 07:21:00,0.29444845142472786
2020-04-26 07:24:00,0.29892289688342544
2020-04-26 07:27:00,0.2014188424084864
2020-04-26 07:30:00,0.17705493172172737
2020-04-26 07:33:00,0.23003448316279673
2020-04-26 07:36:00,0.2680554115313498
2020-04-26 07:39:00,0.3383444225433436
2020-04-26 07:42:00,0.28202950105128366
2020-04-26 07:45:00,0.20207700509092774
2020-04-26 07:48:00,0.1756989417478394
2020-04-26 07:51:00,0.17014861262555314
2020-04-26 07:54:00,0.2116005178636442
2020-04-26 07:57:00,0.1703971822602739
2020-04-26 08:00:00,0.20101842737471998
2020-04-26 08:03:00,0.26096831669218545
2020-04-26 08:06:00,0.3016108419667489
2020-04-26 08:09:00,0.2752518476426644
2020-04-26 08:12:00,0.14063941529900603
2020-04-26 08:15:00,0.21892623691718427
2020-04-26 08:18:00,0.11565577138583194
2020-04-26 08:21:00,0.07327018871882274
2020-04-26 08:24:00,0.19320376036051812
2020-04-26 08:27:00,0.19000633750096085
2020-04-26 08:30:00,0.16031356077553482
2020-04-26 08:33:00,0.19708218580768744
2020-04-26 08:36:00,0.11038721853623201
2020-04-26 08:39:00,0.013737663344443263
2020-04-26 08:42:00,0.06362474295423226
2020-04-26 08:45:00,0.05619467841034975
2020-04-26 08:48:00,0.11525719335361373
2020-04-26 08:51:00,0.03859641238369704
2020-04-26 08:54:00,0.004093728821771947
2020-04-26 08:57:00,0.10597221422909797
2020-04-26 09:00:00,0.03551323113339322
2020-04-26 09:03:00,0.033385401991381514
2020-04-26 09:06:00,0.016469365992122675
2020-04-26 09:09:00,-0.11681882412511868
2020-04-26 09:12:00,0.02363038408373086
2020-04-26 09:15:00,-0.06315125803507726
2020-04-26 09:18:00,-0.024624213400613826
2020-04-26 09:21:00,-0.05209177702130319
2020-04-26 09:24:00,-0.007867066348183016
2020-04-26 09:27:00,-0.17678485126776877
2020-04-26 09:30:00,-0.09980698673399502
2020-04-26 09:33:00,-0.09752248690779197
2020-04-26 09:36:00,-0.020704085032889452
2020-04-26 09:39:00,-0.17531803652923372
2020-04-26 09:42:00,-0.1446093848733767
2020-04-26 09:45:00,-0.09073793364137828
2020-04-26 09:48:00,0.0031068422711086896
2020-04-26 09:51:00,-0.031252757372612905
2020-04-26 09:54:00,-0.0675180173804506
2020-04-26 09:57:00,-0.08169923712750915
2020-04-26 10:00:00,-0.05366739106756313
2020-04-26 10:03:00,-0.21063874490340595
2020-04-26 10:06:00,-0.14226062484476643
2020-04-26 10:09:00,-0.20191834249112617
2020-04-26 10:12:00,-0.09460003066288891
2020-04-26 10:15:00,-0.10022039964161422
2020-04-26 10:18:00,-0.12545867169302483
2020-04-26 10:21:00,-0.05125916206640113
2020-04-26 10:24:00,-0.073665801565312
2020-04-26 10:27:00,-0.18660253145935712
2020-04-26 10:30:00,-0.18393783840997457
2020-04-26 10:33:00,-0.2111296131189988
2020-04-26 10:36:00,-0.13572561440849995
2020-04-26 10:39:00,-0.1595225987633171
2020-04-26 10:42:00,-0.16485213421316303
2020-04-26 10:45:00,-0.20234602741578556
2020-04-26 10:48:00,-0.16220816313716568
2020-04-26 10:51:00,-0.1428445209415372
2020-04-26 10:54:00,-0.21798862909582795
2020-04-26 10:57:00,-0.17352270627389998
2020-04-26 11:00:00,-0.17640403647698122
2020-04-26 11:03:00,-0.3041034266939846
2020-04-26 11:06:00,-0.14570974082113253
2020-04-26 11:09:00,-0.22537548879313363
2020-04-26 11:12:00,-0.08540588381544012
2020-04-26 11:15:00,-0.21887481057592595
2020-04-26 11:18:00,-0.2530059601870107
2020-04-26 11:21:00,-0.28723622367715507
2020-04-26 11:24:00,-0.36175383930259386
2020-04-26 11:27:00,-0.26215488796231057
2020-04-26 11:30:00,-0.30020367353915844
2020-04-26 11:33:00,-0.31302250749251925
2020-04-26 11:36:00,-0.3161911301771738
2020-04-26 11:39:00,-0.2426294594608862
2020-04-26 11:42:00,-0.27104790787649335
2020-04-26 11:45:00,-0.33036012516782876
2020-04-26 11:48:00,-0.19936181771970496
2020-04-26 11:51:00,-0.18040347285233338
2020-04-26 11:54:00,-0.1824211948965626
2020-04-26 11:57:00,-0.3136846760829144
2020-04-26 12:00:00,-0.2079957314215335
2020-04-26 12:03:00,-0.20471812259012268
2020-04-26 12:06:00,-0.26408237246380395
2020-04-26 12:09:00,-0.3579394177895665
2020-04-26 12:12:00,-0.15718574442456656
2020-04-26 12:15:00,-0.3716320279528986
2020-04-26 12:18:00,-0.3018914540130595
2020-04-26 12:21:00,-0.2862501682703851
2020-04-26 12:24:00,-0.4404638311035569
2020-04-26 12:27:00,-0.3041682495206146
2020-04-26 12:30:00,-0.390308881372448
2020-04-26 12:33:00,-0.4368305779899515
2020-04-26 12:36:00,-0.40398906608794505
2020-04-26 12:39:00,-0.40822246661224426
2020-04-26 12:42:00,-0.4166598399817758
2020-04-26 12:45:00,-0.34788716481330084
2020-04-26 12:48:00,-0.43706107099450264
2020-04-26 12:51:00,-0.2965901385979919
2020-04-26 12:54:00,-0.3551561703638981
2020-04-26 12:57:00,-0.3312795028800224
2020-04-26 13:00:00,-0.5376074409357443
2020-04-26 13:03:00,-0.35352005565221134
2020-04-26 13:06:00,-0.4113947117821226
2020-04-26 13:09:00,-0.4294388012511945
2020-04-26 13:12:00,-0.47285329548395794
2020-04-26 13:15:00,-0.39780782757065936
2020-04-26 13:18:00,-0.44937532378196465
2020-04-26 13:21:00,-0.45853406325107926
2020-04-26 13:24:00,-0.5009579230128907
2020-04-26 13:27:00,-0.4557202409288834
2020-04-26 13:30:00,-0.37421082287420404
2020-04-26 13:33:00,-0.5300389110474271
2020-04-26 13:36:00,-0.4121891161249778
2020-04-26 13:39:00,-0.42222579211318134
2020-04-26 13:42:00,-0.5302955806827754
2020-04-26 13:45:00,-0.4304166995802916
2020-04-26 13:48:00,-0.5315238071699468
2020-04-26 13:51:00,-0.5772217906279025
2020-04-26 13:54:00,-0.604898701860975
2020-04-26 13:57:00,-0.5464131853096887
2020-04-26 14:00:00,-0.3778839587824905
2020-04-26 14:03:00,-0.49473803860155385
2020-04-26 14:06:00,-0.5551661524232827
2020-04-26 14:09:00,-0.6257250095383711
2020-04-26 14:12:00,-0.562100065627078
2020-04-26 14:15:00,-0.5516793887454696
2020-04-26 14:18:00,-0.5567401244488792
2020-04-26 14:21:00,-0.507615749717786
2020-04-26 14:24:00,-0.5725176674475847
2020-04-26 14:27:00,-0.6061666747791037
2020-04-26 14:30:00,-0.6040021140581757
2020-04-26 14:33:00,-0.6230365928969945
2020-04-26 14:36:00,-0.49720723780041
2020-04-26 14:39:00,-0.33918693147870727
2020-04-26 14:42:00,-0.47347640049912343
2020-04-26 14:45:00,-0.47668091938351154
2020-04-26 14:48:00,-0.4411966709302533
2020-04-26 14:51:00,-0.5258226754153839
2020-04-26 14:54:00,-0.3666274965527805
2020-04-26 14:57:00,-0.3919493084270016
2020-04-26 15:00:00,-0.5524261115351692
2020-04-26 15:03:00,-0.5002473752567198
2020-04-26 15:06:00,-0.59593984545063
2020-04-26 15:09:00,-0.49270336999080655
2020-04-26 15:12:00,-0.602608970341123
2020-04-26 15:15:00,-0.5698975310053811
2020-04-26 15:18:00,-0.4870502658910141
2020-04-26 15:21:00,-0.6155734435044451
2020-04-26 15:24:00,-0.5689048568152089
2020-04-26 15:27:00,-0.5025165085046979
2020-04-26 15:30:00,-0.3970581760460732
2020-04-26 15:33:00,-0.46300096249137823
2020-04-26 15:36:00,-0.5146217069358272
2020-04-26 15:39:00,-0.4187435799182708
2020-04-26 15:42:00,-0.43220064096180977
2020-04-26 15:45:00,-0.38480943677859614
2020-04-26 15:48:00,-0.3536616984038119
2020-04-26 15:51:00,-0.43381724569837843
2020-04-26 15:54:00,-0.4701403961336723
2020-04-26 15:57:00,-0.16242259080161148
2020-04-26 16:00:00,0.0663872879815699
2020-04-26 16:03:00,0.18642838237713022
2020-04-26 16:06:00,0.2017141212134561
2020-04-26 16:09:00,0.25738461653781997
2020-04-26 16:12:00,0.25686149936194624
2020-04-26 16:15:00,0.19851041081705034
2020-04-26 16:18:00,0.14948710074594374
2020-04-26 16:21:00,0.09173041684954342
2020-04-26 16:24:00,0.18488055946863824
2020-04-26 16:27:00,0.1958334103827042
2020-04-26 16:30:00,0.038632675722737986
2020-04-26 16:33:00,-0.06630629262548382
2020-04-26 16:36:00,-0.004987866738133562
2020-04-26 16:39:00,0.10308647965359796
2020-04-26 16:42:00,0.12870381429388544
2020-04-26 16:45:00,0.03563750967020951
2020-04-26 16:48:00,-0.09309039173746214
2020-04-26 16:51:00,-0.22617591254982017
2020-04-26 16:54:00,-0.31292300530878947
2020-04-26 16:57:00,-0.3058507180028869
2020-04-26 17:00:00,-0.3771214496808284
2020-04-26 17:03:00,-0.34681031219378156
2020-04-26 17:06:00,-0.36143016296142605
2020-04-26 17:09:00,-0.41632023640079296
2020-04-26 17:12:00,-0.1985272792613273
2020-04-26 17:15:00,-0.1831734751493741
2020-04-26 17:18:00,-0.08853717339138711
2020-04-26 17:21:00,-0.1603338488408781
2020-04-26 17:24:00,-0.03768733551197556
2020-04-26 17:27:00,-0.03439320111164079
2020-04-26 17:30:00,-0.029091447613893706
2020-04-26 17:33:00,-0.05180439852568952
2020-04-26 17:36:00,-0.045033864754657316
2020-04-26 17:39:00,-0.06659257431056176
2020-04-26 17:42:00,-0.06458390939980063
2020-04-26 17:45:00,0.003201370468843834
2020-04-26 17:48:00,0.021551738206596838
2020-04-26 17:51:00,0.034903400436519405
2020-04-26 17:54:00,0.05164514237566209
2020-04-26 17:57:00,0.10826256830029024
2020-04-26 18:00:00,-0.009158494551286367
2020-04-26 18:03:00,-0.01938688500979424
2020-04-26 18:06:00,-0.029330311581304613
2020-04-26 18:09:00,-0.021307529368471023
2020-04-26 18:12:00,0.004485295737083561
2020-04-26 18:15:00,-0.05526060097508889
2020-04-26 18:18:00,-0.007371160118054831
2020-04-26 18:21:00,-0.10773500893458277
2020-04-26 18:24:00,-0.1449360389651133
2020-04-26 18:27:00,-0.10768158934700978
2020-04-26 18:30:00,-0.08932324839440753
2020-04-26 18:33:00,-0.07550346119427331
2020-04-26 18:36:00,-0.09300724872491628
2020-04-26 18:39:00,-0.14936417389156986
2020-04-26 18:42:00,-0.04078761184103996
2020-04-26 18:45:00,-0.0586931331750975
2020-04-26 18:48:00,-0.1735706374852839
2020-04-26 18:51:00,-0.09763232736855798
2020-04-26 18:54:00,
2020-04-26 18:57:00,
2020-04-26 19:00:00,
2020-04-26 19:03:00,-0.1292393688404445
2020-04-26 19:06:00,-0.10217011637462292
2020-04-26 19:09:00,-0.19293747830147367
2020-04-26 19:12:00,-0.09991816970710943
2020-04-26 19:15:00,-0.14610957679877856
2020-04-26 19:18:00,-0.13753709001429115
2020-04-26 19:21:00,-0.10344375994361599
2020-04-26 19:24:00,-0.06954417747476782
2020-04-26 19:27:00,-0.13542961719957702
2020-04-26 19:30:00,-0.043504387519647025
2020-04-26 19:33:00,-0.034549485839477256
2020-04-26 19:36:00,-0.07490084341617376
2020-04-26 19:39:00,-0.10035315162116376
2020-04-26 19:42:00,-0.08224031437066515
2020-04-26 19:45:00,-0.10977867691690335
2020-04-26 19:48:00,-0.01654516725540134
2020-04-26 19:51:00,-0.058446732776644694
2020-04-26 19:54:00,-0.02324049198296052
2020-04-26 19:57:00,-0.11266163482002867
2020-04-26 20:00:00,-0.06786498683015907
2020-04-26 20:03:00,-0.0004975239252758001
2020-04-26 20:06:00,-0.07521279266228476
2020-04-26 20:09:00,0.003944461235391827
2020-04-26 20:12:00,0.029577589989344233
2020-04-26 20:15:00,-0.06259376356274515
2020-04-26 20:18:00,-0.05032626950151098
2020-04-26 20:21:00,-0.005842223163767812
2020-04-26 20:24:00,-0.059522544161495716
2020-04-26 20:27:00,-0.05022665437974183
2020-04-26 20:30:00,-0.052344881247222474
2020-04-26 20:33:00,-0.07168302204996735
2020-04-26 20:36:00,-0.03595192331681574
2020-04-26 20:39:00,-0.07272813118066779
2020-04-26 20:42:00,-0.08486631831999603
2020-04-26 20:45:00,0.0007250659032820295
2020-04-26 20:48:00,-0.07769883758686547
2020-04-26 20:51:00,-0.02725059327440249
2020-04-26 20:54:00,0.031119978627486944
2020-04-26 20:57:00,-0.14899866785145832
2020-04-26 21:00:00,0.06458182354140263
2020-04-26 21:03:00,0.0034488829631413864
2020-04-26 21:06:00,-0.005244147100654573
2020-04-26 21:09:00,-0.0342123452869032
2020-04-26 21:12:00,-0.0051788418739420194
2020-04-26 21:15:00,0.007150704484956805
2020-04-26 21:18:00,0.010956440451536764
2020-04-26 21:21:00,0.05330940434328113
2020-04-26 21:24:00,-0.0019025995673587204
2020-04-26 21:27:00,0.053249964854160226
2020-04-26 21:30:00,-0.05012388287269687
2020-04-26 21:33:00,0.09122086112432726
2020-04-26 21:36:00,-0.004087770572084537
2020-04-26 21:39:00,0.02390697854013979
2020-04-26 21:42:00,0.006889122404345471
2020-04-26 21:45:00,0.0008428904102970591
2020-04-26 21:48:00,0.06701242248487915
2020-04-26 21:51:00,-0.003033223137776986
2020-04-26 21:54:00,0.04393739373062999
2020-04-26 21:57:00,0.06286120031995779
2020-04-26 22:00:00,0.07787362935067677
2020-04-26 22:03:00,0.07476133860922118
2020-04-26 22:06:00,-0.02100993447442079
2020-04-26 22:09:00,0.06501697709325072
2020-04-26 22:12:00,0.04706619999109307
2020-04-26 22:15:00,0.048612902175591444
2020-04-26 22:18:00,-0.00969999790544307
2020-04-26 22:21:00,0.05917645210081446
2020-04-26 22:24:00,-0.06939436966587209
2020-04-26 22:27:00,-0.02442050214943947
2020-04-26 22:30:00,-0.08057608280404338
2020-04-26 22:33:00,0.07623492864672698
2020-04-26 22:36:00,-0.03964383657074677
2020-04-26 22:39:00,-0.05280246570731606
2020-04-26 22:42:00,-0.04105329397020796
2020-04-26 22:45:00,-0.051112784216513774
2020-04-26 22:48:00,0.028537873546497394
2020-04-26 22:51:00,0.05961540589737524
2020-04-26 22:54:00,0.04442032480483249
2020-04-26 22:57:00,-0.06421359962826045
2020-04-26 23:00:00,-0.10448170566451154
2020-04-26 23:03:00,-0.011767529513235786
2020-04-26 23:06:00,0.05622619605037471
2020-04-26 23:09:00,-0.006588228064970281
2020-04-26 23:12:00,0.03231588221461834
2020-04-26 23:15:00,0.010993430026417172
2020-04-26 23:18:00,-0.02448083480845753
2020-04-26 23:21:00,-0.018247879015916624
2020-04-26 23:24:00,0.04515869990956389
2020-04-26 23:27:00,0.055093408925699805
2020-04-26 23:30:00,-0.03573410659964793
2020-04-26 23:33:00,0.05907581197550371
2020-04-26 23:36:00,0.042566335249659915
2020-04-26 23:39:00,0.03847095799432054
2020-04-26 23:42:00,-0.05246315891719178
2020-04-26 23:45:00,-0.004800310078792336
2020-04-26 23:48:00,-0.013476380660904397
2020-04-26 23:51:00,0.04263065615742789
2020-04-26 23:54:00,-0.06233760521001841
2020-04-26 23:57:00,0.13888551948235772
2020-04-27 00:00:00,0.0077402082551429885
2020-04-27 00:03:00,-0.01873050937467724
2020-04-27 00:06:00,-0.0054385945176136374
2020-04-27 00:09:00,0.011733398098385805
2020-04-27 00:12:00,0.08453689949459431
2020-04-27 00:15:00,0.04584244978002516
2020-04-27 00:18:00,0.02864922175092488
2020-04-27 00:21:00,-0.060538075234376265
2020-04-27 00:24:00,0.05149597198033007
2020-04-27 00:27:00,-0.024898703796623067
2020-04-27 00:30:00,-0.00034340857303050143
2020-04-27 00:33:00,-0.14050306968960058
2020-04-27 00:36:00,0.03199355969439921
2020-04-27 00:39:00,0.06169798545550975
2020-04-27 00:42:00,0.031316787290620596
2020-04-27 00:45:00,0.0006373364306568874
2020-04-27 00:48:00,-0.08150542620222723
2020-04-27 00:51:00,-0.09686423684883039
2020-04-27 00:54:00,0.016452873782498045
2020-04-27 00:57:00,0.01010227517798512
2020-04-27 01:00:00,-0.0737519809101741
2020-04-27 01:03:00,-0.06947814691574195
2020-04-27 01:06:00,0.058793504835705335
2020-04-27 01:09:00,-0.007950851947441606
2020-04-27 01:12:00,-0.07036179105358542
2020-04-27 01:15:00,0.11247769585656897
2020-04-27 01:18:00,-0.07812449898540308
2020-04-27 01:21:00,-0.10902817196313208
2020-04-27 01:24:00,-0.06782683787525912
2020-04-27 01:27:00,-0.007779742715740667
2020-04-27 01:30:00,-0.020726370222007517
2020-04-27 01:33:00,0.06574575538724048
2020-04-27 01:36:00,0.12593312017429525
2020-04-27 01:39:00,0.09569114134347956
2020-04-27 01:42:00,0.09616320031136638
2020-04-27 01:45:00,0.11818180123532329
2020-04-27 01:48:00,0.07613998305839687
2020-04-27 01:51:00,0.05943592443622947
2020-04-27 01:54:00,0.03362543778149529
2020-04-27 01:57:00,0.13694599367249793
2020-04-27 02:00:00,0.12378242918595106
2020-04-27 02:03:00,0.0996142863618843
2020-04-27 02:06:00,0.15722528038850214
2020-04-27 02:09:00,0.0950835759077222
2020-04-27 02:12:00,0.16282832104928957
2020-04-27 02:15:00,0.12377398554804131
2020-04-27 02:18:00,0.05302792485764485
2020-04-27 02:21:00,0.11965590462966702
2020-04-27 02:24:00,0.06778470812781734
2020-04-27 02:27:00,0.043753677437791794
2020-04-27 02:30:00,0.08394753796767418
2020-04-27 02:33:00,0.12929621966043214
2020-04-27 02:36:00,-0.004097083467058837
2020-04-27 02:39:00,0.16411648206945983
2020-04-27 02:42:00,0.026931707356879997
2020-04-27 02:45:00,0.04738976203140055
2020-04-27 02:48:00,0.1121253255740271
2020-04-27 02:51:00,0.10035288408334964
2020-04-27 02:54:00,0.08866680771217261
2020-04-27 02:57:00,0.17685015827254347
2020-04-27 03:00:00,0.10783107366074773
2020-04-27 03:03:00,0.14122760496468345
2020-04-27 03:06:00,0.123792565864278
2020-04-27 03:09:00,0.08628229784920904
2020-04-27 03:12:00,0.1344588938312654
2020-04-27 03:15:00,0.1468810285612676
2020-04-27 03:18:00,0.1326260677811888
2020-04-27 03:21:00,0.12722730011716976
2020-04-27 03:24:00,0.11282238895915953
2020-04-27 03:27:00,0.14596932982317412
2020-04-27 03:30:00,0.16777486938246966
2020-04-27 03:33:00,0.12076767986690129
2020-04-27 03:36:00,0.09195678894360526
2020-04-27 03:39:00,0.10747984873654559
2020-04-27 03:42:00,0.24644870477908398
2020-04-27 03:45:00,0.2074133718383564
2020-04-27 03:48:00,0.06309538247660385
2020-04-27 03:51:00,0.08121722749791616
2020-04-27 03:54:00,0.2646187188486806
2020-04-27 03:57:00,0.14613209373214886
2020-04-27 04:00:00,0.06436549670269187
2020-04-27 04:03:00,0.0684548902837605
2020-04-27 04:06:00,0.10671441969583384
2020-04-27 04:09:00,0.1869748575775816
2020-04-27 04:12:00,0.09357428665572343
2020-04-27 04:15:00,0.06684303328796659
2020-04-27 04:18:00,0.06907122779523434
2020-04-27 04:21:00,0.15054132098123318
2020-04-27 04:24:00,0.09955308505641369
2020-04-27 04:27:00,0.05899888560298905
2020-04-27 04:30:00,0.07120070322355332
2020-04-27 04:33:00,0.15476418791030255
2020-04-27 04:36:00,0.15180045052335345
2020-04-27 04:39:00,0.19905366173134098
2020-04-27 04:42:00,0.16576917497940258
2020-04-27 04:45:00,0.11695921946716226
2020-04-27 04:48:00,0.14515190976766235
2020-04-27 04:51:00,0.15291175167652682
2020-04-27 04:54:00,0.14707189141563504
2020-04-27 04:57:00,0.13360481903890786
2020-04-27 05:00:00,0.22311292740772615
2020-04-27 05:03:00,0.17143726978929408
2020-04-27 05:06:00,0.11791248141679489
2020-04-27 05:09:00,0.22160187999980963
2020-04-27 05:12:00,0.22468454901843415
2020-04-27 05:15:00,0.1653932310952655
2020-04-27 05:18:00,0.19183765798482
2020-04-27 05:21:00,0.16238491568594782
2020-04-27 05:24:00,0.16813733371827766
2020-04-27 05:27:00,0.11154428501805569
2020-04-27 05:30:00,0.16522013772993205
2020-04-27 05:33:00,0.26715998175671984
2020-04-27 05:36:00,0.21869661298717347
2020-04-27 05:39:00,0.25724566951726047
2020-04-27 05:42:00,0.23530099150349315
2020-04-27 05:45:00,0.1457661810219406
2020-04-27 05:48:00,0.1556519446932043
2020-04-27 05:51:00,0.11224414341262445
2020-04-27 05:54:00,0.2059588927168079
2020-04-27 05:57:00,0.1277361325537072
2020-04-27 06:00:00,0.19372598026814103
2020-04-27 06:03:00,0.28494516559385374
2020-04-27 06:06:00,0.25460144101828064
2020-04-27 06:09:00,0.14581401152400986
2020-04-27 06:12:00,0.2710846953930286
2020-04-27 06:15:00,0.2824534395809337
2020-04-27 06:18:00,0.3063609337079356
2020-04-27 06:21:00,0.2699035670268586
2020-04-27 06:24:00,0.22122355430775542
2020-04-27 06:27:00,0.2523123371969973
2020-04-27 06:30:00,0.2717599987881272
2020-04-27 06:33:00,0.3252830775010125
2020-04-27 06:36:00,0.2176505053024016
2020-04-27 06:39:00,0.29151061396783007
2020-04-27 06:42:00,0.26605227810608767
2020-04-27 06:45:00,0.21784590065431075
2020-04-27 06:48:00,0.33196459745795437
2020-04-27 06:51:00,0.31275172533315754
2020-04-27 06:54:00,0.2018967383137351
2020-04-27 06:57:00,0.25180377332748094
2020-04-27 07:00:00,0.23432268837950687
2020-04-27 07:03:00,0.22919983226677232
2020-04-27 07:06:00,0.26260806223768896
2020-04-27 07:09:00,0.26540435760318815
2020-04-27 07:12:00,0.29270082083922944
2020-04-27 07:15:00,0.2751841499302259
2020-04-27 07:18:00,0.2593664391578159
2020-04-27 07:21:00,0.28966122745498524
2020-04-27 07:24:00,0.26134576552374256
2020-04-27 07:27:00,0.2747732716122755
2020-04-27 07:30:00,0.1795689670306615
2020-04-27 07:33:00,0.30173509221049244
2020-04-27 07:36:00,0.23265840771870216
2020-04-27 07:39:00,0.3080054478328975
2020-04-27 07:42:00,0.24865054302830458
2020-04-27 07:45:00,0.24694234572012874
2020-04-27 07:48:00,0.23099475937385705
2020-04-27 07:51:00,0.17254691748763662
2020-04-27 07:54:00,0.2057752076183874
2020-04-27 07:57:00,0.15990122027346843
2020-04-27 08:00:00,0.23105202978894113
2020-04-27 08:03:00,0.21219916016229945
2020-04-27 08:06:00,0.16704132751885936
2020-04-27 08:09:00,0.15353663958825337
2020-04-27 08:12:00,0.13292136401855714
2020-04-27 08:15:00,0.16837490224071416
2020-04-27 08:18:00,0.1313581117400986
2020-04-27 08:21:00,0.1877304214049218
2020-04-27 08:24:00,0.1461307547202182
2020-04-27 08:27:00,0.04658580385529376
2020-04-27 08:30:00,0.061486172492891455
2020-04-27 08:33:00,0.15273125774137952
2020-04-27 08:36:00,0.028146064386987746
2020-04-27 08:39:00,0.005751047484807259
2020-04-27 08:42:00,0.09558792393204385
2020-04-27 08:45:00,-0.03279091301413928
2020-04-27 08:48:00,-0.0006157038164360529
2020-04-27 08:51:00,0.04180828390417446
2020-04-27 08:54:00,-0.13414830126561128
2020-04-27 08:57:00,-0.08335518614603643
2020-04-27 09:00:00,-0.11725913750262862
2020-04-27 09:03:00,-0.02155397851623775
2020-04-27 09:06:00,0.008934533742319672
2020-04-27 09:09:00,-0.04594849251071764
2020-04-27 09:12:00,-0.1709583532148713
2020-04-27 09:15:00,-0.11507208549312509
2020-04-27 09:18:00,-0.194892657031005
2020-04-27 09:21:00,-0.12792787007157358
2020-04-27 09:24:00,-0.11964008245945479
2020-04-27 09:27:00,-0.16226806012241468
2020-04-27 09:30:00,-0.11884419167228089
2020-04-27 09:33:00,-0.12683856526712134
2020-04-27 09:36:00,-0.20847013711812679
2020-04-27 09:39:00,-0.158310327645097
2020-04-27 09:42:00,-0.0644157391770932
2020-04-27 09:45:00,-0.07402584468570694
2020-04-27 09:48:00,-0.15203810493068204
2020-04-27 09:51:00,-0.2557610926476741
2020-04-27 09:54:00,-0.19362895441628325
2020-04-27 09:57:00,-0.24009553191262967
2020-04-27 10:00:00,-0.19737860301211185
2020-04-27 10:03:00,-0.2586220280984435
2020-04-27 10:06:00,-0.24828016376380901
2020-04-27 10:09:00,-0.21457170521114222
2020-04-27 10:12:00,-0.2169855184420726
2020-04-27 10:15:00,-0.18706034094248025
2020-04-27 10:18:00,-0.28914492736078046
2020-04-27 10:21:00,-0.20340026087859542
2020-04-27 10:24:00,-0.2926807568234153
2020-04-27 10:27:00,-0.3264552695044358
2020-04-27 10:30:00,-0.30533055656428587
2020-04-27 10:33:00,-0.3174597820582221
2020-04-27 10:36:00,-0.27886003785999947
2020-04-27 10:39:00,-0.32120461070644524
2020-04-27 10:42:00,-0.08296516063614945
2020-04-27 10:45:00,-0.1644321758611227
2020-04-27 10:48:00,-0.19524278911495685
2020-04-27 10:51:00,-0.26109336742257483
2020-04-27 10:54:00,-0.1802124283854596
2020-04-27 10:57:00,-0.24849791074024097
2020-04-27 11:00:00,-0.3031157217346845
2020-04-27 11:03:00,-0.38485655005183617
2020-04-27 11:06:00,-0.3236536673432511
2020-04-27 11:09:00,-0.19313654928606638
2020-04-27 11:12:00,-0.30879473970856
2020-04-27 11:15:00,-0.32168377322352626
2020-04-27 11:18:00,-0.2708103064975944
2020-04-27 11:21:00,-0.2401973721565014
2020-04-27 11:24:00,-0.3328768433892151
2020-04-27 11:27:00,-0.2684710715793699
2020-04-27 11:30:00,-0.34837432703420745
2020-04-27 11:33:00,-0.45363620261048254
2020-04-27 11:36:00,-0.3479944850639072
2020-04-27 11:39:00,-0.47751304770036995
2020-04-27 11:42:00,-0.43825056831275333
2020-04-27 11:45:00,-0.5160917584304343
2020-04-27 11:48:00,-0.3765479867179238
2020-04-27 11:51:00,-0.3677070695885618
2020-04-27 11:54:00,-0.4317157236424123
2020-04-27 11:57:00,-0.294116906282909
2020-04-27 12:00:00,-0.3602057436777386
2020-04-27 12:03:00,-0.2979774604417571
2020-04-27 12:06:00,-0.44485938905148714
2020-04-27 12:09:00,-0.3322527022746158
2020-04-27 12:12:00,-0.29119828696804007
2020-04-27 12:15:00,-0.11585312701458861
2020-04-27 12:18:00,-0.18711296626673857
2020-04-27 12:21:00,-0.3660487638539962
2020-04-27 12:24:00,-0.34047260332545193
2020-04-27 12:27:00,-0.4455530734094282
2020-04-27 12:30:00,-0.3756448027447732
2020-04-27 12:33:00,-0.43481474027379363
2020-04-27 12:36:00,-0.40926491366860773
2020-04-27 12:39:00,-0.5331287435202512
2020-04-27 12:42:00,-0.4553734404208285
2020-04-27 12:45:00,-0.46500989404052007
2020-04-27 12:48:00,-0.5788780114727388
2020-04-27 12:51:00,-0.5272656203210886
2020-04-27 12:54:00,-0.5278993545957178
2020-04-27 12:57:00,-0.394844991982211
2020-04-27 13:00:00,-0.47175746028733556
2020-04-27 13:03:00,-0.4944357759679292
2020-04-27 13:06:00,-0.39930852932752714
2020-04-27 13:09:00,-0.38143800239441816
2020-04-27 13:12:00,-0.44145654033650317
2020-04-27 13:15:00,-0.5032063967642557
2020-04-27 13:18:00,-0.5707506313667068
2020-04-27 13:21:00,-0.4754508563813147
2020-04-27 13:24:00,-0.5003346939598146
2020-04-27 13:27:00,-0.5899028813921632
2020-04-27 13:30:00,-0.5725660032647966
2020-04-27 13:33:00,-0.503758794685325
2020-04-27 13:36:00,-0.5452487718906696
2020-04-27 13:39:00,-0.6873260891518385
2020-04-27 13:42:00,-0.5485821366482355
2020-04-27 13:45:00,-0.5448005294745712
2020-04-27 13:48:00,-0.6345548643947154
2020-04-27 13:51:00,-0.5116766576640543
2020-04-27 13:54:00,-0.6079909935004935
2020-04-27 13:57:00,-0.6265322338196029
2020-04-27 14:00:00,-0.5790545295481024
2020-04-27 14:03:00,-0.4777560708018882
2020-04-27 14:06:00,-0.5859529924238132
2020-04-27 14:09:00,-0.5204157677308103
2020-04-27 14:12:00,-0.5873297023272812
2020-04-27 14:15:00,-0.6559192287888891
2020-04-27 14:18:00,-0.4813594547708817
2020-04-27 14:21:00,-0.5920695026330236
2020-04-27 14:24:00,-0.4358752529479375
2020-04-27 14:27:00,-0.4676073838901402
2020-04-27 14:30:00,-0.52804385154991
2020-04-27 14:33:00,-0.5870325627318493
2020-04-27 14:36:00,-0.5450700487601239
2020-04-27 14:39:00,-0.646755595186562
2020-04-27 14:42:00,-0.4283941095324053
2020-04-27 14:45:00,-0.42790778573197485
2020-04-27 14:48:00,-0.3767117911863238
2020-04-27 14:51:00,-0.3330608950256533
2020-04-27 14:54:00,-0.3318498883903658
2020-04-27 14:57:00,-0.5458252729735591
2020-04-27 15:00:00,-0.5098480541224149
2020-04-27 15:03:00,-0.5390202620728246
2020-04-27 15:06:00,-0.5829163343721575
2020-04-27 15:09:00,-0.4658942319617836
2020-04-27 15:12:00,-0.4142442656144567
2020-04-27 15:15:00,-0.43781396077781665
2020-04-27 15:18:00,-0.5507435678259185
2020-04-27 15:21:00,-0.4483301342985442
2020-04-27 15:24:00,-0.4847396468744023
2020-04-27 15:27:00,-0.4968771706202233
2020-04-27 15:30:00,-0.46089412333395785
2020-04-27 15:33:00,-0.42113918847627474
2020-04-27 15:36:00,-0.44713905491516925
2020-04-27 15:39:00,-0.4135080504624966
2020-04-27 15:42:00,-0.39938179137874386
2020-04-27 15:45:00,-0.37182816575085553
2020-04-27 15:48:00,-0.3285350301907215
2020-04-27 15:51:00,-0.4606063240506728
2020-04-27 15:54:00,-0.4262175473543266
2020-04-27 15:57:00,-0.3787028155665553
2020-04-27 16:00:00,-0.41607636615577803
2020-04-27 16:03:00,-0.404133642311308
2020-04-27 16:06:00,-0.44859336576479336
2020-04-27 16:09:00,-0.5049193216996741
2020-04-27 16:12:00,-0.3991068088283214
2020-04-27 16:15:00,-0.4921445395940509
2020-04-27 16:18:00,-0.4837388034789569
2020-04-27 16:21:00,-0.34567574476614027
2020-04-27 16:24:00,-0.47845781866590187
2020-04-27 16:27:00,-0.37620808356558655
2020-04-27 16:30:00,-0.43061283620147606
2020-04-27 16:33:00,-0.3805463894154286
2020-04-27 16:36:00,-0.4101858163405723
2020-04-27 16:39:00,-0.37724949120951123
2020-04-27 16:42:00,-0.43403952927798173
2020-04-27 16:45:00,-0.36725122465696813
2020-04-27 16:48:00,-0.4189607633120431
2020-04-27 16:51:00,-0.4450782357546359
2020-04-27 16:54:00,-0.3941687836298797
2020-04-27 16:57:00,-0.40253018987408495
2020-04-27 17:00:00,-0.31717392935343014
2020-04-27 17:03:00,-0.4387829561151193
2020-04-27 17:06:00,-0.4234568592965502
2020-04-27 17:09:00,-0.32952786167925296
2020-04-27 17:12:00,-0.3558536519173572
2020-04-27 17:15:00,-0.34692715322762524
2020-04-27 17:18:00,-0.26571406115630225
2020-04-27 17:21:00,-0.33628447683599916
2020-04-27 17:24:00,-0.40159559539728207
2020-04-27 17:27:00,-0.34989724052621796
2020-04-27 17:30:00,-0.35951352844415396
2020-04-27 17:33:00,-0.3937514961315287
2020-04-27 17:36:00,-0.3328256270452812
2020-04-27 17:39:00,-0.30356714497094117
2020-04-27 17:42:00,-0.3298009960713557
2020-04-27 17:45:00,-0.2820989921142427
2020-04-27 17:48:00,-0.329634053497216
2020-04-27 17:51:00,-0.36659697425551485
2020-04-27 17:54:00,-0.2704544015091983
2020-04-27 17:57:00,-0.27988489526620697
2020-04-27 18:00:00,-0.31290932905108093
2020-04-27 18:03:00,-0.21249454937549217
2020-04-27 18:06:00,-0.3044052459093223
2020-04-27 18:09:00,-0.2232207549225791
2020-04-27 18:12:00,-0.26264940887227795
2020-04-27 18:15:00,-0.19741336055636793
2020-04-27 18:18:00,-0.18601464494105358
2020-04-27 18:21:00,-0.19120863736054616
2020-04-27 18:24:00,-0.14718225655121842
2020-04-27 18:27:00,-0.2639031081030794
2020-04-27 18:30:00,-0.21506964580152044
2020-04-27 18:33:00,-0.26790520889483105
2020-04-27 18:36:00,-0.2434575483866297
2020-04-27 18:39:00,-0.23618799065036455
2020-04-27 18:42:00,-0.27854933105038526
2020-04-27 18:45:00,-0.2660233268881598
2020-04-27 18:48:00,-0.28946823501723884
2020-04-27 18:51:00,-0.23706369779984016
2020-04-27 18:54:00,
2020-04-27 18:57:00,
2020-04-27 19:00:00,
2020-04-27 19:03:00,-0.26458292426383423
2020-04-27 19:06:00,-0.1435180401291518
2020-04-27 19:09:00,-0.23896855651707938
2020-04-27 19:12:00,-0.22641748135077933
2020-04-27 19:15:00,-0.21012977832612023
2020-04-27 19:18:00,-0.2624999843089313
2020-04-27 19:21:00,-0.1479700750208508
2020-04-27 19:24:00,-0.1620146986820714
2020-04-27 19:27:00,-0.27657828003805207
2020-04-27 19:30:00,-0.15614145503968757
2020-04-27 19:33:00,-0.11639235028894745
2020-04-27 19:36:00,-0.1480480838757785
2020-04-27 19:39:00,-0.19022225185597108
2020-04-27 19:42:00,-0.20596430634230956
2020-04-27 19:45:00,-0.24594465786026376
2020-04-27 19:48:00,-0.21421283710947137
2020-04-27 19:51:00,-0.1760095398853423
2020-04-27 19:54:00,-0.2316014016600434
2020-04-27 19:57:00,-0.2556858337180188
2020-04-27 20:00:00,-0.24614617635950253
2020-04-27 20:03:00,-0.18735701705645624
2020-04-27 20:06:00,-0.19078177001119911
2020-04-27 20:09:00,-0.22185399218852808
2020-04-27 20:12:00,-0.172677455249584
2020-04-27 20:15:00,-0.25886620125316995
2020-04-27 20:18:00,-0.17760655867471087
2020-04-27 20:21:00,-0.13730238922124727
2020-04-27 20:24:00,-0.09875414862978005
2020-04-27 20:27:00,-0.07853133030170056
2020-04-27 20:30:00,-0.19641890505823767
2020-04-27 20:33:00,-0.15667360427733001
2020-04-27 20:36:00,-0.08098774742103387
2020-04-27 20:39:00,-0.0986159467583434
2020-04-27 20:42:00,-0.07539023110206244
2020-04-27 20:45:00,-0.1377506017114456
2020-04-27 20:48:00,-0.060806829610385194
2020-04-27 20:51:00,-0.10283372473764985
2020-04-27 20:54:00,-0.08755714985363738
2020-04-27 20:57:00,-0.04017084383963265
2020-04-27 21:00:00,-0.018128842171108772
2020-04-27 21:03:00,-0.09690137928129161
2020-04-27 21:06:00,-0.04049800934325276
2020-04-27 21:09:00,-0.08386039436368264
2020-04-27 21:12:00,-0.07991576669905953
2020-04-27 21:15:00,-0.0666807573799133
2020-04-27 21:18:00,-0.14888329830756675
2020-04-27 21:21:00,-0.08230176545447421
2020-04-27 21:24:00,-0.18446015193592302
2020-04-27 21:27:00,-0.10135016491977922
2020-04-27 21:30:00,-0.1374810738996075
2020-04-27 21:33:00,-0.08070537711307679
2020-04-27 21:36:00,-0.19703340496681676
2020-04-27 21:39:00,-0.0944898703041872
2020-04-27 21:42:00,-0.10152046689051986
2020-04-27 21:45:00,-0.10081117644062942
2020-04-27 21:48:00,-0.05378555778872851
2020-04-27 21:51:00,-0.051296559676188735
2020-04-27 21:54:00,-0.0784915168455882
2020-04-27 21:57:00,-0.0662580586146646
2020-04-27 22:00:00,-0.14359713975181876
2020-04-27 22:03:00,-0.07726411351285378
2020-04-27 22:06:00,-0.10295433944742172
2020-04-27 22:09:00,-0.13186558082895772
2020-04-27 22:12:00,-0.09484398349377443
2020-04-27 22:15:00,-0.13336350092782823
2020-04-27 22:18:00,-0.05747310303161157
2020-04-27 22:21:00,-0.14676341101380785
2020-04-27 22:24:00,0.004266773903623289
2020-04-27 22:27:00,0.033082664165874576
2020-04-27 22:30:00,-0.03046965844123406
2020-04-27 22:33:00,-0.016992391070573376
2020-04-27 22:36:00,-0.09873922607056329
2020-04-27 22:39:00,-0.0585773151047988
2020-04-27 22:42:00,-0.07166055735063992
2020-04-27 22:45:00,-0.008336232462852422
2020-04-27 22:48:00,-0.003598046405159039
2020-04-27 22:51:00,-0.0776348468713195
2020-04-27 22:54:00,0.06209671376939241
2020-04-27 22:57:00,0.0010723699492132255
2020-04-27 23:00:00,-0.10340166763421621
2020-04-27 23:03:00,0.01932191619977175
2020-04-27 23:06:00,-0.07146959908430972
2020-04-27 23:09:00,-0.07658880901504972
2020-04-27 23:12:00,0.03872208202102456
2020-04-27 23:15:00,0.054550917041069624
2020-04-27 23:18:00,-0.0160991077728454
2020-04-27 23:21:00,-0.08115275760229679
2020-04-27 23:24:00,0.15311608372826413
2020-04-27 23:27:00,0.15719296790638282
2020-04-27 23:30:00,0.15514132550850945
2020-04-27 23:33:00,0.09542520941676003
2020-04-27 23:36:00,0.2519075076897934
2020-04-27 23:39:00,0.15420353301306022
2020-04-27 23:42:00,0.11900164465379248
2020-04-27 23:45:00,0.24488446497019822
2020-04-27 23:48:00,0.2614873954941004
2020-04-27 23:51:00,0.16628670885091879
2020-04-27 23:54:00,0.1946806256954119
2020-04-27 23:57:00,0.09857255687774114
2020-04-28 00:00:00,0.1564374458137081
2020-04-28 00:03:00,0.0912852154376651
2020-04-28 00:06:00,0.22637226478735784
2020-04-28 00:09:00,0.06846303945752652
2020-04-28 00:12:00,-0.010551100001748637
2020-04-28 00:15:00,-0.07215085786998543
2020-04-28 00:18:00,0.04860683931951826
2020-04-28 00:21:00,0.014401093815990862
2020-04-28 00:24:00,0.039410004696378564
2020-04-28 00:27:00,0.05576824069845543
2020-04-28 00:30:00,0.09584714677060902
2020-04-28 00:33:00,0.15373621674581273
2020-04-28 00:36:00,0.04410984348731972
2020-04-28 00:39:00,0.07790321415154722
2020-04-28 00:42:00,0.047281433201987966
2020-04-28 00:45:00,-0.006154491492679881
2020-04-28 00:48:00,0.02169916202302602
2020-04-28 00:51:00,0.07206627978109736
2020-04-28 00:54:00,0.1515042246064695
2020-04-28 00:57:00,0.10071967568683249
2020-04-28 01:00:00,0.19038237388008383
2020-04-28 01:03:00,0.22113778696609643
2020-04-28 01:06:00,0.19067384628010586
2020-04-28 01:09:00,0.29768817643287093
2020-04-28 01:12:00,0.29165523205068666
2020-04-28 01:15:00,0.29349207257456555
2020-04-28 01:18:00,0.23141122143510984
2020-04-28 01:21:00,0.2452153564374271
2020-04-28 01:24:00,0.3139324737740026
2020-04-28 01:27:00,0.27183801195889146
2020-04-28 01:30:00,0.2597498930707616
2020-04-28 01:33:00,0.3070242612973857
2020-04-28 01:36:00,0.28506638736178047
2020-04-28 01:39:00,0.3135462674356404
2020-04-28 01:42:00,0.2987925567810521
2020-04-28 01:45:00,0.32093190645861114
2020-04-28 01:48:00,0.2660156803578957
2020-04-28 01:51:00,0.2069386526682706
2020-04-28 01:54:00,0.24519598745530402
2020-04-28 01:57:00,0.25052184513396014
2020-04-28 02:00:00,0.22696882112711592
2020-04-28 02:03:00,0.2341322600334479
2020-04-28 02:06:00,0.23740122054846324
2020-04-28 02:09:00,0.2567005120811814
2020-04-28 02:12:00,0.25240362155602725
2020-04-28 02:15:00,0.28956306529119047
2020-04-28 02:18:00,0.21963659602477037
2020-04-28 02:21:00,0.18071439497714437
2020-04-28 02:24:00,0.2420651217763634
2020-04-28 02:27:00,0.1944954805311454
2020-04-28 02:30:00,0.21892983605044947
2020-04-28 02:33:00,0.25914963465692153
2020-04-28 02:36:00,0.22051338831897738
2020-04-28 02:39:00,0.18232318947690374
2020-04-28 02:42:00,0.17980988639499174
2020-04-28 02:45:00,0.21140230674529903
2020-04-28 02:48:00,0.20097971742529808
2020-04-28 02:51:00,0.14002598170293368
2020-04-28 02:54:00,0.1267425854563271
2020-04-28 02:57:00,0.16381402488286767
2020-04-28 03:00:00,0.22245788874590744
2020-04-28 03:03:00,0.14856654199422792
2020-04-28 03:06:00,0.18463378838055178
2020-04-28 03:09:00,0.131664772954025
2020-04-28 03:12:00,0.12310818367666343
2020-04-28 03:15:00,0.23781434859239425
2020-04-28 03:18:00,0.13008943890952196
2020-04-28 03:21:00,0.10633002718731177
2020-04-28 03:24:00,0.15521675018885617
2020-04-28 03:27:00,0.12289414955500888
2020-04-28 03:30:00,0.12355840117982098
2020-04-28 03:33:00,0.15281180307636077
2020-04-28 03:36:00,0.09535631005479672
2020-04-28 03:39:00,0.0532642651714923
2020-04-28 03:42:00,0.08886204300398504
2020-04-28 03:45:00,0.20620164745378133
2020-04-28 03:48:00,0.22761809602320682
2020-04-28 03:51:00,0.24286224038519322
2020-04-28 03:54:00,0.23182588170396912
2020-04-28 03:57:00,0.27957113530965216
2020-04-28 04:00:00,0.21265458311876273
2020-04-28 04:03:00,0.3194248876305892
2020-04-28 04:06:00,0.27163647361430776
2020-04-28 04:09:00,0.26037276524499475
2020-04-28 04:12:00,0.3378435019589574
2020-04-28 04:15:00,0.3071658952276266
2020-04-28 04:18:00,0.24646902480901645
2020-04-28 04:21:00,0.2943891285387963
2020-04-28 04:24:00,0.2562792346419087
2020-04-28 04:27:00,0.28040130766197535
2020-04-28 04:30:00,0.2262991949356774
2020-04-28 04:33:00,0.26966431536169466
2020-04-28 04:36:00,0.30104231885593435
2020-04-28 04:39:00,0.36538850164481573
2020-04-28 04:42:00,0.32136216335180734
2020-04-28 04:45:00,0.22527571037329608
2020-04-28 04:48:00,0.26115697303458774
2020-04-28 04:51:00,0.22523969434121227
2020-04-28 04:54:00,0.2690768318218488
2020-04-28 04:57:00,0.17850392099273904
2020-04-28 05:00:00,0.293116242862709
2020-04-28 05:03:00,0.19949215846168045
2020-04-28 05:06:00,0.1962814353476574
2020-04-28 05:09:00,0.18730350237814264
2020-04-28 05:12:00,0.19686025453262346
2020-04-28 05:15:00,0.2532792910170656
2020-04-28 05:18:00,0.23092169480565872
2020-04-28 05:21:00,0.2798272034554543
2020-04-28 05:24:00,0.4205357751682186
2020-04-28 05:27:00,0.30557208998988017
2020-04-28 05:30:00,0.2744235039841669
2020-04-28 05:33:00,0.26735983330337376
2020-04-28 05:36:00,0.3048487325319229
2020-04-28 05:39:00,0.3835382421327722
2020-04-28 05:42:00,0.298869710043391
2020-04-28 05:45:00,0.33353721174557904
2020-04-28 05:48:00,0.4207113256404682
2020-04-28 05:51:00,0.2897370163003643
2020-04-28 05:54:00,0.2901990516829187
2020-04-28 05:57:00,0.23445869516251605
2020-04-28 06:00:00,0.36767661779884975
2020-04-28 06:03:00,0.2797622603052332
2020-04-28 06:06:00,0.27369879608829706
2020-04-28 06:09:00,0.45088530658404125
2020-04-28 06:12:00,0.4277686530948017
2020-04-28 06:15:00,0.3656359918004455
2020-04-28 06:18:00,0.39767443000471303
2020-04-28 06:21:00,0.4518288383392246
2020-04-28 06:24:00,0.41319255758696727
2020-04-28 06:27:00,0.43355659985820694
2020-04-28 06:30:00,0.5118231898822501
2020-04-28 06:33:00,0.4871091036404209
2020-04-28 06:36:00,0.4081129956094287
2020-04-28 06:39:00,0.4383316973385263
2020-04-28 06:42:00,0.4421160705037437
2020-04-28 06:45:00,0.47848819529872344
2020-04-28 06:48:00,0.3894452243558817
2020-04-28 06:51:00,0.5246315916271556
2020-04-28 06:54:00,0.41974823084376567
2020-04-28 06:57:00,0.4757141888445062
2020-04-28 07:00:00,0.32267631489008863
2020-04-28 07:03:00,0.48814257264115213
2020-04-28 07:06:00,0.47754186157209233
2020-04-28 07:09:00,0.42971180757274396
2020-04-28 07:12:00,0.3239172026305255
2020-04-28 07:15:00,0.35557363711643575
2020-04-28 07:18:00,0.45164533024922093
2020-04-28 07:21:00,0.48742844238898897
2020-04-28 07:24:00,0.34564590655901384
2020-04-28 07:27:00,0.26351159497204435
2020-04-28 07:30:00,0.33474584390091877
2020-04-28 07:33:00,0.3971861269354804
2020-04-28 07:36:00,0.4637208544323812
2020-04-28 07:39:00,0.39307434483265524
2020-04-28 07:42:00,0.36402378734294416
2020-04-28 07:45:00,0.4480514953843908
2020-04-28 07:48:00,0.33922585155238494
2020-04-28 07:51:00,0.4135110055635778
2020-04-28 07:54:00,0.35509587724595804
2020-04-28 07:57:00,0.4233973730642333
2020-04-28 08:00:00,0.3539963839808138
2020-04-28 08:03:00,0.41241691294658267
2020-04-28 08:06:00,0.39985697905979123
2020-04-28 08:09:00,0.3832104914691854
2020-04-28 08:12:00,0.35383563238059423
2020-04-28 08:15:00,0.44276463608201766
2020-04-28 08:18:00,0.287782997629904
2020-04-28 08:21:00,0.45961951313438476
2020-04-28 08:24:00,0.3719526334379566
2020-04-28 08:27:00,0.38799736489215775
2020-04-28 08:30:00,0.27879534361625247
2020-04-28 08:33:00,0.22618963560751126
2020-04-28 08:36:00,0.277007862907908
2020-04-28 08:39:00,0.1579275161335545
2020-04-28 08:42:00,0.3020080892201804
2020-04-28 08:45:00,0.28513151357168454
2020-04-28 08:48:00,0.29951880613361936
2020-04-28 08:51:00,0.2780265269498159
2020-04-28 08:54:00,0.09321362266467759
2020-04-28 08:57:00,0.053238823471531305
2020-04-28 09:00:00,0.15171500832371976
2020-04-28 09:03:00,0.21248714915566325
2020-04-28 09:06:00,0.14271406330766467
2020-04-28 09:09:00,0.03194261038373725
2020-04-28 09:12:00,0.05849448780770672
2020-04-28 09:15:00,0.09476018910726225
2020-04-28 09:18:00,0.002458761771265472
2020-04-28 09:21:00,0.09360330139867301
2020-04-28 09:24:00,0.028546269168032268
2020-04-28 09:27:00,0.055362835061373517
2020-04-28 09:30:00,0.02969358866823768
2020-04-28 09:33:00,0.1032740385153943
2020-04-28 09:36:00,0.02397294824106666
2020-04-28 09:39:00,0.03592063806109991
2020-04-28 09:42:00,-0.04799073630459816
2020-04-28 09:45:00,0.00036650466716992014
2020-04-28 09:48:00,0.04704033510500949
2020-04-28 09:51:00,0.03225369332244554
2020-04-28 09:54:00,0.08440864299234363
2020-04-28 09:57:00,0.07147842277254313
2020-04-28 10:00:00,0.03007194898123089
2020-04-28 10:03:00,0.008872112949347866
2020-04-28 10:06:00,0.018096413039472736
2020-04-28 10:09:00,0.024338139942074122
2020-04-28 10:12:00,0.0776147591130325
2020-04-28 10:15:00,-0.1085409140456477
2020-04-28 10:18:00,0.046218172424630666
2020-04-28 10:21:00,0.0209065382275071
2020-04-28 10:24:00,-0.024344375972759735
2020-04-28 10:27:00,-0.0077496119137094865
2020-04-28 10:30:00,-0.046091866749179644
2020-04-28 10:33:00,0.11878680480151615
2020-04-28 10:36:00,0.08076806468903897
2020-04-28 10:39:00,0.09618209992862603
2020-04-28 10:42:00,0.10637250466612613
2020-04-28 10:45:00,-0.058849434645424026
2020-04-28 10:48:00,-0.02061737615298398
2020-04-28 10:51:00,0.058616362235795805
2020-04-28 10:54:00,-0.026269598971566666
2020-04-28 10:57:00,-0.07304344032365861
2020-04-28 11:00:00,0.06850316297936843
2020-04-28 11:03:00,-0.07344692009672826
2020-04-28 11:06:00,-0.06407196536036963
2020-04-28 11:09:00,-0.0049515266201183294
2020-04-28 11:12:00,-0.0655602952918457
2020-04-28 11:15:00,-0.047256166261547605
2020-04-28 11:18:00,-0.14488356834601746
2020-04-28 11:21:00,-0.18175516889056098
2020-04-28 11:24:00,-0.09918469688597042
2020-04-28 11:27:00,-0.06707501564585527
2020-04-28 11:30:00,-0.11924380594683726
2020-04-28 11:33:00,-0.09751606869150464
2020-04-28 11:36:00,-0.13786383519334322
2020-04-28 11:39:00,-0.15206824124834384
2020-04-28 11:42:00,-0.15583610263030323
2020-04-28 11:45:00,-0.17389559360861995
2020-04-28 11:48:00,-0.17162240653391336
2020-04-28 11:51:00,-0.1981615710531628
2020-04-28 11:54:00,-0.2079791996128506
2020-04-28 11:57:00,-0.10054818134932475
2020-04-28 12:00:00,-0.2693156850305627
2020-04-28 12:03:00,-0.17588406337898732
2020-04-28 12:06:00,-0.20883611482423703
2020-04-28 12:09:00,-0.2818056926749364
2020-04-28 12:12:00,-0.20501557184644525
2020-04-28 12:15:00,-0.32070891066177865
2020-04-28 12:18:00,-0.3690201112291902
2020-04-28 12:21:00,-0.2841252115580346
2020-04-28 12:24:00,-0.34700214418444375
2020-04-28 12:27:00,-0.2653448781833845
2020-04-28 12:30:00,-0.3497097170644565
2020-04-28 12:33:00,-0.446843311406667
2020-04-28 12:36:00,-0.4479858381214399
2020-04-28 12:39:00,-0.3357772117607851
2020-04-28 12:42:00,-0.24750958121302347
2020-04-28 12:45:00,-0.4061493828334619
2020-04-28 12:48:00,-0.2342479658315142
2020-04-28 12:51:00,-0.3418972282120194
2020-04-28 12:54:00,-0.5013766541802056
2020-04-28 12:57:00,-0.3709517075093345
2020-04-28 13:00:00,-0.3406533400419107
2020-04-28 13:03:00,-0.2467063660161557
2020-04-28 13:06:00,-0.28256840358335467
2020-04-28 13:09:00,-0.4182545033791598
2020-04-28 13:12:00,-0.366545907592581
2020-04-28 13:15:00,-0.453233136992651
2020-04-28 13:18:00,-0.41155636927913974
2020-04-28 13:21:00,-0.33791530144213766
2020-04-28 13:24:00,-0.4498171506302242
2020-04-28 13:27:00,-0.3013136912580876
2020-04-28 13:30:00,-0.40455334073783433
2020-04-28 13:33:00,-0.34375525179228816
2020-04-28 13:36:00,-0.43540912142532306
2020-04-28 13:39:00,-0.3445179791527835
2020-04-28 13:42:00,-0.45161235515161025
2020-04-28 13:45:00,-0.3871897672532896
2020-04-28 13:48:00,-0.3508898424546487
2020-04-28 13:51:00,-0.4576422739949635
2020-04-28 13:54:00,-0.47564425817819256
2020-04-28 13:57:00,-0.4761300530465178
2020-04-28 14:00:00,-0.44350918159477715
2020-04-28 14:03:00,-0.3896751431215648
2020-04-28 14:06:00,-0.5300421434378677
2020-04-28 14:09:00,-0.41658658367418866
2020-04-28 14:12:00,-0.3869787443366022
2020-04-28 14:15:00,-0.4176394580176179
2020-04-28 14:18:00,-0.5256599704025575
2020-04-28 14:21:00,-0.414770123577739
2020-04-28 14:24:00,-0.43310890603271446
2020-04-28 14:27:00,-0.5214707169354256
2020-04-28 14:30:00,-0.39102474025264655
2020-04-28 14:33:00,-0.4247559079389589
2020-04-28 14:36:00,-0.43997589146022165
2020-04-28 14:39:00,-0.47131733698148537
2020-04-28 14:42:00,-0.36599066669487
2020-04-28 14:45:00,-0.37706449093656147
2020-04-28 14:48:00,-0.4578676033061697
2020-04-28 14:51:00,-0.48286650942350207
2020-04-28 14:54:00,-0.46118317449463575
2020-04-28 14:57:00,-0.5129826443904903
2020-04-28 15:00:00,-0.52745702104977
2020-04-28 15:03:00,-0.4931323520141859
2020-04-28 15:06:00,-0.4870351003851283
2020-04-28 15:09:00,-0.5241033309213776
2020-04-28 15:12:00,-0.5283911628616238
2020-04-28 15:15:00,-0.44554828803609325
2020-04-28 15:18:00,-0.497724356530739
2020-04-28 15:21:00,-0.4697333593383064
2020-04-28 15:24:00,-0.5265927347551269
2020-04-28 15:27:00,-0.4403075601042019
2020-04-28 15:30:00,-0.34731504477099406
2020-04-28 15:33:00,-0.5137445568704493
2020-04-28 15:36:00,-0.5068451234020017
2020-04-28 15:39:00,-0.5464147457396962
2020-04-28 15:42:00,-0.48585417184801827
2020-04-28 15:45:00,-0.3686216747062758
2020-04-28 15:48:00,-0.42917058812395226
2020-04-28 15:51:00,-0.43920906412512295
2020-04-28 15:54:00,-0.48067766494773423
2020-04-28 15:57:00,-0.4445448464279025
2020-04-28 16:00:00,-0.3767238924145886
2020-04-28 16:03:00,-0.4690509726146388
2020-04-28 16:06:00,-0.35903911017015844
2020-04-28 16:09:00,-0.3990187175838855
2020-04-28 16:12:00,-0.46254926210741587
2020-04-28 16:15:00,-0.5045460021114536
2020-04-28 16:18:00,-0.5257109176717449
2020-04-28 16:21:00,-0.4663559639188293
2020-04-28 16:24:00,-0.470766737783606
2020-04-28 16:27:00,-0.38613619605848726
2020-04-28 16:30:00,-0.4596193966805231
2020-04-28 16:33:00,-0.4053756458839075
2020-04-28 16:36:00,-0.4253049429552789
2020-04-28 16:39:00,-0.3577723640156023
2020-04-28 16:42:00,-0.4127096666703096
2020-04-28 16:45:00,-0.4559561361531337
2020-04-28 16:48:00,-0.3854280230993936
2020-04-28 16:51:00,-0.4237545832913838
2020-04-28 16:54:00,-0.35693479355063573
2020-04-28 16:57:00,-0.4112437272411853
2020-04-28 17:00:00,-0.34455501780286113
2020-04-28 17:03:00,-0.36965530905348487
2020-04-28 17:06:00,-0.34673902979500326
2020-04-28 17:09:00,-0.3573316991474371
2020-04-28 17:12:00,-0.46288558612570796
2020-04-28 17:15:00,-0.24737591690279714
2020-04-28 17:18:00,-0.320273366156016
2020-04-28 17:21:00,-0.43401182329483845
2020-04-28 17:24:00,-0.3370862735176843
2020-04-28 17:27:00,-0.4393346175808688
2020-04-28 17:30:00,-0.3458731295906432
2020-04-28 17:33:00,-0.35483009836576684
2020-04-28 17:36:00,-0.3408141985622706
2020-04-28 17:39:00,-0.3808616892090413
2020-04-28 17:42:00,-0.4306508955756385
2020-04-28 17:45:00,-0.2409376081371306
2020-04-28 17:48:00,-0.388789493245838
2020-04-28 17:51:00,-0.3024421465638625
2020-04-28 17:54:00,-0.39503112906271554
2020-04-28 17:57:00,-0.31398218164486025
2020-04-28 18:00:00,-0.29035328113980086
2020-04-28 18:03:00,-0.34390737790647563
2020-04-28 18:06:00,-0.4500082473505813
2020-04-28 18:09:00,-0.3962209723721344
2020-04-28 18:12:00,-0.36737226888601526
2020-04-28 18:15:00,-0.3471853314745772
2020-04-28 18:18:00,-0.24751330908935643
2020-04-28 18:21:00,-0.33377389825000137
2020-04-28 18:24:00,-0.286790108595369
2020-04-28 18:27:00,-0.29283523505807807
2020-04-28 18:30:00,-0.29359427766638646
2020-04-28 18:33:00,-0.344404898383857
2020-04-28 18:36:00,-0.270097778622187
2020-04-28 18:39:00,-0.34748548480189356
2020-04-28 18:42:00,-0.26915576899989446
2020-04-28 18:45:00,-0.3565295702248932
2020-04-28 18:48:00,-0.3201485706790663
2020-04-28 18:51:00,-0.3444658214698393
2020-04-28 18:54:00,
2020-04-28 18:57:00,
2020-04-28 19:00:00,
2020-04-28 19:03:00,-0.3769627108734426
2020-04-28 19:06:00,-0.27858917662103977
2020-04-28 19:09:00,-0.3160777394439833
2020-04-28 19:12:00,-0.3611009698610701
2020-04-28 19:15:00,-0.291324351706578
2020-04-28 19:18:00,-0.13914047347248015
2020-04-28 19:21:00,-0.22367358041867647
2020-04-28 19:24:00,-0.2654230147479666
2020-04-28 19:27:00,-0.2060121184110244
2020-04-28 19:30:00,-0.1449682232641294
2020-04-28 19:33:00,-0.2572450406792086
2020-04-28 19:36:00,-0.23283164820901447
2020-04-28 19:39:00,-0.21544180488768916
2020-04-28 19:42:00,-0.2132208510498117
2020-04-28 19:45:00,-0.20578744095388402
2020-04-28 19:48:00,-0.11585652817234404
2020-04-28 19:51:00,-0.17079367467221118
2020-04-28 19:54:00,-0.30539375634617727
2020-04-28 19:57:00,-0.10142795749612787
2020-04-28 20:00:00,-0.17158834682612678
2020-04-28 20:03:00,-0.19064358628850187
2020-04-28 20:06:00,-0.13893869790837243
2020-04-28 20:09:00,-0.09180335707532095
2020-04-28 20:12:00,-0.16710710641154947
2020-04-28 20:15:00,-0.14629915071049027
2020-04-28 20:18:00,-0.05969359515012229
2020-04-28 20:21:00,-0.08611021703654842
2020-04-28 20:24:00,0.030050567078092172
2020-04-28 20:27:00,-0.13539771148640511
2020-04-28 20:30:00,-0.004661404256466994
2020-04-28 20:33:00,-0.07398216870859642
2020-04-28 20:36:00,-0.07785359586296181
2020-04-28 20:39:00,-0.10169199843585375
2020-04-28 20:42:00,-0.04794324243647452
2020-04-28 20:45:00,-0.06079808387937646
2020-04-28 20:48:00,-0.08519506250081577
2020-04-28 20:51:00,-0.14581803347084588
2020-04-28 20:54:00,-0.10226612956358849
2020-04-28 20:57:00,-0.09826882569694817
2020-04-28 21:00:00,-0.18644571680971467
2020-04-28 21:03:00,-0.0706173088660762
2020-04-28 21:06:00,-0.02257591560947958
2020-04-28 21:09:00,-0.16960208830619194
2020-04-28 21:12:00,-0.11732052893074751
2020-04-28 21:15:00,-0.13181863986608278
2020-04-28 21:18:00,-0.1664905652764901
2020-04-28 21:21:00,-0.06728405490662226
2020-04-28 21:24:00,-0.08481300745643239
2020-04-28 21:27:00,-0.03194883642646573
2020-04-28 21:30:00,-0.007152499441076543
2020-04-28 21:33:00,-0.04592177281926979
2020-04-28 21:36:00,-0.09619263782764165
2020-04-28 21:39:00,-0.07787598717305855
2020-04-28 21:42:00,-0.021501965002926227
2020-04-28 21:45:00,0.005668000415141705
2020-04-28 21:48:00,0.08051497023501497
2020-04-28 21:51:00,0.10147364189117525
2020-04-28 21:54:00,-0.043435470274857835
2020-04-28 21:57:00,-0.06329882615523275
2020-04-28 22:00:00,-0.0022498820160876676
2020-04-28 22:03:00,0.11959360512759076
2020-04-28 22:06:00,-0.018158997636817276
2020-04-28 22:09:00,0.027570390769881215
2020-04-28 22:12:00,0.02625505302574993
2020-04-28 22:15:00,0.03226352293245327
2020-04-28 22:18:00,0.05296105174602417
2020-04-28 22:21:00,-0.039896915797783095
2020-04-28 22:24:00,0.036276914126972315
2020-04-28 22:27:00,0.06745705220896525
2020-04-28 22:30:00,-0.026756544257921178
2020-04-28 22:33:00,-0.09531850219042326
2020-04-28 22:36:00,-0.07271102863796841
2020-04-28 22:39:00,-0.02793852431960886
2020-04-28 22:42:00,-0.017702513761378214
2020-04-28 22:45:00,0.021908942342975024
2020-04-28 22:48:00,-0.025415737254775195
2020-04-28 22:51:00,0.035550148457616615
2020-04-28 22:54:00,-0.019689764069653393
2020-04-28 22:57:00,0.005246611295717685
2020-04-28 23:00:00,-0.09692191722729149
2020-04-28 23:03:00,-0.05342357633099937
2020-04-28 23:06:00,-0.033139118052133654
2020-04-28 23:09:00,-0.049660619072653844
2020-04-28 23:12:00,-0.07637853426433594
2020-04-28 23:15:00,-0.0033327055009522155
2020-04-28 23:18:00,-0.0042081406087959294
2020-04-28 23:21:00,0.009800999241349473
2020-04-28 23:24:00,0.01657272814765065
2020-04-28 23:27:00,-0.013366951783098102
2020-04-28 23:30:00,-0.09958058536574299
2020-04-28 23:33:00,-0.14897722758377085
2020-04-28 23:36:00,-0.09589965915074572
2020-04-28 23:39:00,-0.10933874388570075
2020-04-28 23:42:00,-0.17853547452602925
2020-04-28 23:45:00,-0.10913027679805509
2020-04-28 23:48:00,-0.0033988864836373978
2020-04-28 23:51:00,-0.004508376242029044
2020-04-28 23:54:00,0.007955345143443537
2020-04-28 23:57:00,-0.10862602848925462
2020-04-29 00:00:00,-0.015059271477525726
2020-04-29 00:03:00,-0.03304814915793486
2020-04-29 00:06:00,-0.04769714730571195
2020-04-29 00:09:00,0.06389253387470717
2020-04-29 00:12:00,0.05325531785166504
2020-04-29 00:15:00,-0.03148500892046968
2020-04-29 00:18:00,-0.004407133344386693
2020-04-29 00:21:00,0.026332434536470828
2020-04-29 00:24:00,0.034538698246649346
2020-04-29 00:27:00,-0.0806775939750537
2020-04-29 00:30:00,0.028881147186154976
2020-04-29 00:33:00,-0.08060006637890638
2020-04-29 00:36:00,-0.05255343344913399
2020-04-29 00:39:00,-0.008901660938818168
2020-04-29 00:42:00,0.032326599938301115
2020-04-29 00:45:00,-0.03936094621820985
2020-04-29 00:48:00,-0.015337966218055499
2020-04-29 00:51:00,0.0030597760417094833
2020-04-29 00:54:00,-0.055221242932475434
2020-04-29 00:57:00,0.02695511090638547
2020-04-29 01:00:00,0.014652974377838746
2020-04-29 01:03:00,0.056430082066867726
2020-04-29 01:06:00,0.04158143086289101
2020-04-29 01:09:00,-0.042214023296253345
2020-04-29 01:12:00,0.008171316945379203
2020-04-29 01:15:00,0.0996280054912404
2020-04-29 01:18:00,-0.026785899633750887
2020-04-29 01:21:00,-0.007271701327795199
2020-04-29 01:24:00,0.06126927275494154
2020-04-29 01:27:00,-0.033065796683104054
2020-04-29 01:30:00,0.004570703541901366
2020-04-29 01:33:00,-0.0019423453296667503
2020-04-29 01:36:00,0.05818073929901857
2020-04-29 01:39:00,-0.05128749983157377
2020-04-29 01:42:00,0.04477111945249135
2020-04-29 01:45:00,-0.03784057546863551
2020-04-29 01:48:00,0.03835366980899835
2020-04-29 01:51:00,-0.03566579440644091
2020-04-29 01:54:00,0.04878909452258995
2020-04-29 01:57:00,0.06491510421574276
2020-04-29 02:00:00,0.04050354471132778
2020-04-29 02:03:00,0.07687252835114577
2020-04-29 02:06:00,-0.000516055702291851
2020-04-29 02:09:00,0.05373419225162479
2020-04-29 02:12:00,0.03869533894084043
2020-04-29 02:15:00,0.07076337037130997
2020-04-29 02:18:00,0.03465691494119483
2020-04-29 02:21:00,0.06388379697318669
2020-04-29 02:24:00,0.06763557081080762
2020-04-29 02:27:00,0.05513342492042739
2020-04-29 02:30:00,0.06823479788067743
2020-04-29 02:33:00,0.013770310772599714
2020-04-29 02:36:00,0.11441910536575506
2020-04-29 02:39:00,0.06495631182548323
2020-04-29 02:42:00,0.08248201674973643
2020-04-29 02:45:00,0.1961024779334366
2020-04-29 02:48:00,0.056833910029979506
2020-04-29 02:51:00,0.01218910515706284
2020-04-29 02:54:00,0.0855378920352905
2020-04-29 02:57:00,0.11914371231137011
2020-04-29 03:00:00,0.08816418753343669
2020-04-29 03:03:00,0.10126189102567196
2020-04-29 03:06:00,0.046858463058242705
2020-04-29 03:09:00,0.18516879370474726
2020-04-29 03:12:00,0.16636386553318516
2020-04-29 03:15:00,0.1066373659324995
2020-04-29 03:18:00,0.1875948770793343
2020-04-29 03:21:00,0.08285998740001332
2020-04-29 03:24:00,0.18931218860399213
2020-04-29 03:27:00,0.07439967009844395
2020-04-29 03:30:00,0.14028615974609693
2020-04-29 03:33:00,0.15796811193177973
2020-04-29 03:36:00,0.2108535424823117
2020-04-29 03:39:00,0.16551930280655824
2020-04-29 03:42:00,0.17373211770649277
2020-04-29 03:45:00,0.19697769864637849
2020-04-29 03:48:00,0.13202127186912094
2020-04-29 03:51:00,0.1966266692137424
2020-04-29 03:54:00,0.15838037792923387
2020-04-29 03:57:00,0.22193857487053492
2020-04-29 04:00:00,0.22208873404173346
2020-04-29 04:03:00,0.19561978582731854
2020-04-29 04:06:00,0.19929335170331797
2020-04-29 04:09:00,0.16301814505675338
2020-04-29 04:12:00,0.23692167943585218
2020-04-29 04:15:00,0.20541223921111396
2020-04-29 04:18:00,0.22254935632213346
2020-04-29 04:21:00,0.1927989581498082
2020-04-29 04:24:00,0.14718706139700544
2020-04-29 04:27:00,0.03522709095881282
2020-04-29 04:30:00,0.12996645849023025
2020-04-29 04:33:00,0.19031948931649367
2020-04-29 04:36:00,0.13957531155841707
2020-04-29 04:39:00,0.2149804471966945
2020-04-29 04:42:00,0.2593459689366
2020-04-29 04:45:00,0.1732052147150398
2020-04-29 04:48:00,0.1119780115407707
2020-04-29 04:51:00,0.18428782676488709
2020-04-29 04:54:00,0.17624960127602662
2020-04-29 04:57:00,0.22579260081715802
2020-04-29 05:00:00,0.2568789361537256
2020-04-29 05:03:00,0.2165422896512723
2020-04-29 05:06:00,0.10111718862083308
2020-04-29 05:09:00,0.2145414551961835
2020-04-29 05:12:00,0.164216649319485
2020-04-29 05:15:00,0.21172257540786177
2020-04-29 05:18:00,0.19363777070708466
2020-04-29 05:21:00,0.2801046334897137
2020-04-29 05:24:00,0.14447796493215037
2020-04-29 05:27:00,0.16256919962012262
2020-04-29 05:30:00,0.15502660064925067
2020-04-29 05:33:00,0.2420211188048711
2020-04-29 05:36:00,0.20883688327438676
2020-04-29 05:39:00,0.1517851202799534
2020-04-29 05:42:00,0.1995415196474255
2020-04-29 05:45:00,0.15680695473895412
2020-04-29 05:48:00,0.21784417829371705
2020-04-29 05:51:00,0.24362473125552242
2020-04-29 05:54:00,0.23788060136774902
2020-04-29 05:57:00,0.21596716576721064
2020-04-29 06:00:00,0.1782225665061219
2020-04-29 06:03:00,0.20251166224875305
2020-04-29 06:06:00,0.1374226879340199
2020-04-29 06:09:00,0.19404605658411356
2020-04-29 06:12:00,0.23374979329304324
2020-04-29 06:15:00,0.1608439306745595
2020-04-29 06:18:00,0.19285511604920202
2020-04-29 06:21:00,0.16196023048075858
2020-04-29 06:24:00,0.22505371299450871
2020-04-29 06:27:00,0.13698171336346832
2020-04-29 06:30:00,0.17638784875975944
2020-04-29 06:33:00,0.07075371710118361
2020-04-29 06:36:00,0.22009631389749984
2020-04-29 06:39:00,0.1496051613202667
2020-04-29 06:42:00,0.2161169969125467
2020-04-29 06:45:00,0.24284906802319028
2020-04-29 06:48:00,0.1461386621881502
2020-04-29 06:51:00,0.15141020308448105
2020-04-29 06:54:00,0.28279110155864373
2020-04-29 06:57:00,0.17359464571086392
2020-04-29 07:00:00,0.2304922649979062
2020-04-29 07:03:00,0.17812454314292836
2020-04-29 07:06:00,0.20805676643016113
2020-04-29 07:09:00,0.1523505433027026
2020-04-29 07:12:00,0.18686803739524294
2020-04-29 07:15:00,0.21032770230431197
2020-04-29 07:18:00,0.2089150441869947
2020-04-29 07:21:00,0.18553264447558604
2020-04-29 07:24:00,0.08144886621954583
2020-04-29 07:27:00,0.08089760971841997
2020-04-29 07:30:00,0.16992275881807473
2020-04-29 07:33:00,0.10348061679081866
2020-04-29 07:36:00,0.11842038711790792
2020-04-29 07:39:00,0.13977191469973604
2020-04-29 07:42:00,0.1864037077829721
2020-04-29 07:45:00,0.2866436348580237
2020-04-29 07:48:00,0.17096659710364293
2020-04-29 07:51:00,0.2384547847263434
2020-04-29 07:54:00,0.135114066106496
2020-04-29 07:57:00,0.12395555930896762
2020-04-29 08:00:00,0.17429762823189776
2020-04-29 08:03:00,0.17737073741415088
2020-04-29 08:06:00,0.1386534705552549
2020-04-29 08:09:00,0.1465891191475066
2020-04-29 08:12:00,0.1196819972094545
2020-04-29 08:15:00,0.11500134596127509
2020-04-29 08:18:00,0.024115606275870505
2020-04-29 08:21:00,0.02682215717084091
2020-04-29 08:24:00,-0.04770348032775473
2020-04-29 08:27:00,-0.010732814216680708
2020-04-29 08:30:00,-0.03215568515298628
2020-04-29 08:33:00,0.05730283188557905
2020-04-29 08:36:00,-0.007540107951172104
2020-04-29 08:39:00,-0.0970452410846292
2020-04-29 08:42:00,-0.027371362584517556
2020-04-29 08:45:00,-0.03600905509057384
2020-04-29 08:48:00,0.0031841296317338674
2020-04-29 08:51:00,-0.062398291463580335
2020-04-29 08:54:00,0.00950895069672697
2020-04-29 08:57:00,-0.10993037344388767
2020-04-29 09:00:00,-0.0019374866480461606
2020-04-29 09:03:00,0.03991521111578322
2020-04-29 09:06:00,0.03781172492324458
2020-04-29 09:09:00,0.019757200374897366
2020-04-29 09:12:00,0.03547499220417194
2020-04-29 09:15:00,-0.04668789363722681
2020-04-29 09:18:00,-0.13013671007001903
2020-04-29 09:21:00,-0.05034778071154733
2020-04-29 09:24:00,-0.07985728623179966
2020-04-29 09:27:00,0.008210346678424685
2020-04-29 09:30:00,-0.012071915674255251
2020-04-29 09:33:00,-0.02954984113091541
2020-04-29 09:36:00,-0.03258328374960229
2020-04-29 09:39:00,-0.06059085240269724
2020-04-29 09:42:00,-0.0036056261512271703
2020-04-29 09:45:00,-0.12730763446325
2020-04-29 09:48:00,-0.09865407370250523
2020-04-29 09:51:00,-0.12649290270269375
2020-04-29 09:54:00,-0.13024414726282885
2020-04-29 09:57:00,-0.08939792745047725
2020-04-29 10:00:00,-0.1579742848663841
2020-04-29 10:03:00,-0.12014549839926758
2020-04-29 10:06:00,-0.011549542271268365
2020-04-29 10:09:00,-0.13678624988114052
2020-04-29 10:12:00,-0.10308888058199273
2020-04-29 10:15:00,-0.055991992959263825
2020-04-29 10:18:00,-0.006837487068651171
2020-04-29 10:21:00,-0.13109506093559276
2020-04-29 10:24:00,-0.06346174519330816
2020-04-29 10:27:00,-0.11907095148711733
2020-04-29 10:30:00,-0.02147215232241706
2020-04-29 10:33:00,0.01339797208430582
2020-04-29 10:36:00,-0.05893912989256478
2020-04-29 10:39:00,-0.01998486933825916
2020-04-29 10:42:00,-0.08681814669535015
2020-04-29 10:45:00,-0.12630538345689502
2020-04-29 10:48:00,-0.14118240100731327
2020-04-29 10:51:00,-0.05879571940459982
2020-04-29 10:54:00,-0.10758906564751669
2020-04-29 10:57:00,-0.03920399429546251
2020-04-29 11:00:00,-0.1549215452697581
2020-04-29 11:03:00,-0.25264061346172184
2020-04-29 11:06:00,-0.12568786512804309
2020-04-29 11:09:00,-0.29708457993280035
2020-04-29 11:12:00,-0.17804771646365225
2020-04-29 11:15:00,-0.1834033851121717
2020-04-29 11:18:00,-0.2901278223453687
2020-04-29 11:21:00,-0.15830763330586706
2020-04-29 11:24:00,-0.28767413966318145
2020-04-29 11:27:00,-0.22094430274302113
2020-04-29 11:30:00,-0.19129426942942018
2020-04-29 11:33:00,-0.27306884320580593
2020-04-29 11:36:00,-0.3382631488968286
2020-04-29 11:39:00,-0.38973198989918956
2020-04-29 11:42:00,-0.32598546832008424
2020-04-29 11:45:00,-0.2545042430757576
2020-04-29 11:48:00,-0.2604712839363401
2020-04-29 11:51:00,-0.18819295194350616
2020-04-29 11:54:00,-0.17736359972263926
2020-04-29 11:57:00,-0.2118873661893872
2020-04-29 12:00:00,-0.2231909044432996
2020-04-29 12:03:00,-0.38783292858749974
2020-04-29 12:06:00,-0.3516599258182964
2020-04-29 12:09:00,-0.3014597517185962
2020-04-29 12:12:00,-0.26664439654945227
2020-04-29 12:15:00,-0.3531436272592714
2020-04-29 12:18:00,-0.2702222278423392
2020-04-29 12:21:00,-0.34021703871752607
2020-04-29 12:24:00,-0.35240129042750823
2020-04-29 12:27:00,-0.18955718399973875
2020-04-29 12:30:00,-0.2814223969808154
2020-04-29 12:33:00,-0.2476306650261222
2020-04-29 12:36:00,-0.25614959987342445
2020-04-29 12:39:00,-0.2622304328802443
2020-04-29 12:42:00,-0.23124759472756296
2020-04-29 12:45:00,-0.2411094660121762
2020-04-29 12:48:00,-0.14492792933060628
2020-04-29 12:51:00,-0.26780924678718065
2020-04-29 12:54:00,-0.2681039897058781
2020-04-29 12:57:00,-0.2761788935397931
2020-04-29 13:00:00,-0.29006673482325596
2020-04-29 13:03:00,-0.1923942038210953
2020-04-29 13:06:00,-0.33932850421302874
2020-04-29 13:09:00,-0.3437546661723445
2020-04-29 13:12:00,-0.2632319401121208
2020-04-29 13:15:00,-0.2813381192068505
2020-04-29 13:18:00,-0.19551634957821307
2020-04-29 13:21:00,-0.22649410202893705
2020-04-29 13:24:00,-0.28001227602533163
2020-04-29 13:27:00,-0.38829498468874135
2020-04-29 13:30:00,-0.3296468478485508
2020-04-29 13:33:00,-0.359508016245627
2020-04-29 13:36:00,-0.31891032350313253
2020-04-29 13:39:00,-0.3193447843790409
2020-04-29 13:42:00,-0.2747821071428689
2020-04-29 13:45:00,-0.16438425234457554
2020-04-29 13:48:00,-0.13085371320522654
2020-04-29 13:51:00,-0.25109282797211563
2020-04-29 13:54:00,-0.38720212042937874
2020-04-29 13:57:00,-0.32408401973037826
2020-04-29 14:00:00,-0.24895144246494283
2020-04-29 14:03:00,-0.09505111423936796
2020-04-29 14:06:00,-0.08379438305718168
2020-04-29 14:09:00,-0.08441398564571045
2020-04-29 14:12:00,0.013192103780284015
2020-04-29 14:15:00,-0.08769933955221632
2020-04-29 14:18:00,-0.20956686153078863
2020-04-29 14:21:00,-0.13373340741486572
2020-04-29 14:24:00,-0.2132594512025321
2020-04-29 14:27:00,-0.14262727915541973
2020-04-29 14:30:00,-0.26195983513400734
2020-04-29 14:33:00,-0.27563806752567643
2020-04-29 14:36:00,-0.2612873839654526
2020-04-29 14:39:00,-0.17773981194119415
2020-04-29 14:42:00,-0.25272221429048614
2020-04-29 14:45:00,-0.2744254179975769
2020-04-29 14:48:00,-0.32440080215081935
2020-04-29 14:51:00,-0.28039442128300607
2020-04-29 14:54:00,-0.46375634184391856
2020-04-29 14:57:00,-0.41288252330906516
2020-04-29 15:00:00,-0.3382739856883177
2020-04-29 15:03:00,-0.46966664007601366
2020-04-29 15:06:00,-0.32326713494347814
2020-04-29 15:09:00,-0.33128279131494764
2020-04-29 15:12:00,-0.39297642219236195
2020-04-29 15:15:00,-0.3919981306332261
2020-04-29 15:18:00,-0.4209352964182358
2020-04-29 15:21:00,-0.39383593551445983
2020-04-29 15:24:00,-0.40036342655713497
2020-04-29 15:27:00,-0.3768969265029227
2020-04-29 15:30:00,-0.46296210242377356
2020-04-29 15:33:00,-0.3526786487470872
2020-04-29 15:36:00,-0.38399496936580135
2020-04-29 15:39:00,-0.4279167202988674
2020-04-29 15:42:00,-0.40305818618759304
2020-04-29 15:45:00,-0.4665611808317749
2020-04-29 15:48:00,-0.457650803737522
2020-04-29 15:51:00,-0.3844512548379839
2020-04-29 15:54:00,-0.5300995205703884
2020-04-29 15:57:00,-0.4879102599720113
2020-04-29 16:00:00,-0.3582105506176845
2020-04-29 16:03:00,-0.4288612453080418
2020-04-29 16:06:00,-0.37089423076798766
2020-04-29 16:09:00,-0.4229282169323483
2020-04-29 16:12:00,-0.3677384137593549
2020-04-29 16:15:00,-0.37775295422255795
2020-04-29 16:18:00,-0.37180132255616627
2020-04-29 16:21:00,-0.337994709336499
2020-04-29 16:24:00,-0.19854825919287578
2020-04-29 16:27:00,-0.06559094893259498
2020-04-29 16:30:00,0.10142218416820015
2020-04-29 16:33:00,0.002514762092573619
2020-04-29 16:36:00,-0.035205754996127325
2020-04-29 16:39:00,-0.19473533038353708
2020-04-29 16:42:00,-0.3722001785400266
2020-04-29 16:45:00,-0.2778478841079277
2020-04-29 16:48:00,-0.23183860520708777
2020-04-29 16:51:00,-0.06386123704805868
2020-04-29 16:54:00,0.09895140294423754
2020-04-29 16:57:00,0.07216138413281215
2020-04-29 17:00:00,-0.010910184047133953
2020-04-29 17:03:00,-0.14968683753539835
2020-04-29 17:06:00,-0.2583689240115632
2020-04-29 17:09:00,-0.3173535486405967
2020-04-29 17:12:00,-0.2304359075039315
2020-04-29 17:15:00,-0.2851553473797708
2020-04-29 17:18:00,-0.29378637887191417
2020-04-29 17:21:00,-0.30117895484602286
2020-04-29 17:24:00,-0.13263338015900672
2020-04-29 17:27:00,-0.24996367145035947
2020-04-29 17:30:00,-0.15829828445902194
2020-04-29 17:33:00,-0.12819367481313293
2020-04-29 17:36:00,-0.18911611180311638
2020-04-29 17:39:00,-0.19272409811236457
2020-04-29 17:42:00,-0.1929184845337204
2020-04-29 17:45:00,-0.1993641535838151
2020-04-29 17:48:00,-0.2136504236153769
2020-04-29 17:51:00,-0.1401093199110619
2020-04-29 17:54:00,-0.14484562493544217
2020-04-29 17:57:00,-0.0975978384860241
2020-04-29 18:00:00,-0.06072765351967746
2020-04-29 18:03:00,-0.21950216677856815
2020-04-29 18:06:00,-0.16288239903440171
2020-04-29 18:09:00,-0.18625032652693108
2020-04-29 18:12:00,-0.0514682969727005
2020-04-29 18:15:00,-0.10822797134449047
2020-04-29 18:18:00,-0.13327605283336652
2020-04-29 18:21:00,-0.13704263286842888
2020-04-29 18:24:00,-0.08751493969890589
2020-04-29 18:27:00,-0.16345309087063242
2020-04-29 18:30:00,-0.12901127176570526
2020-04-29 18:33:00,-0.02132360549785517
2020-04-29 18:36:00,-0.18191354504727997
2020-04-29 18:39:00,-0.09955395989146609
2020-04-29 18:42:00,-0.1138192238438478
2020-04-29 18:45:00,-0.15046173096698112
2020-04-29 18:48:00,-0.12978286761216395
2020-04-29 18:51:00,-0.13708354177992987
2020-04-29 18:54:00,
2020-04-29 18:57:00,
2020-04-29 19:00:00,
2020-04-29 19:03:00,-0.11628812915535036
2020-04-29 19:06:00,-0.16798116340009983
2020-04-29 19:09:00,-0.15872193835900816
2020-04-29 19:12:00,-0.10868890852009372
2020-04-29 19:15:00,-0.1376667768349762
2020-04-29 19:18:00,-0.020700431591421875
2020-04-29 19:21:00,-0.08321508862627525
2020-04-29 19:24:00,-0.07847990586503784
2020-04-29 19:27:00,-0.14032837541520848
2020-04-29 19:30:00,-0.09352843207210526
2020-04-29 19:33:00,-0.2179669496479164
2020-04-29 19:36:00,-0.1061973753845109
2020-04-29 19:39:00,-0.09207463836543184
2020-04-29 19:42:00,-0.07938606532627546
2020-04-29 19:45:00,-0.11837730477441255
2020-04-29 19:48:00,-0.08953173182345608
2020-04-29 19:51:00,-0.03800666822041876
2020-04-29 19:54:00,-0.13282575855822643
2020-04-29 19:57:00,-0.019685195380816367
2020-04-29 20:00:00,-0.16947359460090183
2020-04-29 20:03:00,-0.08948067986170827
2020-04-29 20:06:00,-0.013919283110226388
2020-04-29 20:09:00,-0.005267774674791781
2020-04-29 20:12:00,-0.11817011056081128
2020-04-29 20:15:00,-0.1289919845681311
2020-04-29 20:18:00,-0.10075672777884392
2020-04-29 20:21:00,-0.07795504852168733
2020-04-29 20:24:00,-0.11640646814345246
2020-04-29 20:27:00,0.06511141906162266
2020-04-29 20:30:00,0.027659668589251396
2020-04-29 20:33:00,-0.03131925180514372
2020-04-29 20:36:00,0.2939595938065622
2020-04-29 20:39:00,0.29911568703147395
2020-04-29 20:42:00,0.10919773789129295
2020-04-29 20:45:00,0.09757621006957606
2020-04-29 20:48:00,0.07102705385739227
2020-04-29 20:51:00,0.11667205866376662
2020-04-29 20:54:00,0.07871062083791003
2020-04-29 20:57:00,0.011597519396445932
2020-04-29 21:00:00,-0.009120581673585093
2020-04-29 21:03:00,-0.02614896703357772
2020-04-29 21:06:00,0.01409575817365294
2020-04-29 21:09:00,-0.03368525374423825
2020-04-29 21:12:00,-0.060812969969617825
2020-04-29 21:15:00,-0.10097210338273044
2020-04-29 21:18:00,-0.1191664825096268
2020-04-29 21:21:00,0.0008844378671710729
2020-04-29 21:24:00,-0.003865751631906278
2020-04-29 21:27:00,-0.049872923176167205
2020-04-29 21:30:00,-0.03216857950258145
2020-04-29 21:33:00,0.004398863456458457
2020-04-29 21:36:00,-0.09031309946033161
2020-04-29 21:39:00,-0.024023799566407433
2020-04-29 21:42:00,-0.07720556234630749
2020-04-29 21:45:00,0.008008287184793517
2020-04-29 21:48:00,-0.06736851500448893
2020-04-29 21:51:00,-0.09515942913537856
2020-04-29 21:54:00,0.0011001605936371561
2020-04-29 21:57:00,-0.07466745191516111
2020-04-29 22:00:00,-0.04648160902411291
2020-04-29 22:03:00,0.08726337954078645
2020-04-29 22:06:00,-0.03970009027011656
2020-04-29 22:09:00,-0.025028190015234486
2020-04-29 22:12:00,0.037706060519326456
2020-04-29 22:15:00,0.035986478705012814
2020-04-29 22:18:00,0.019036525186493236
2020-04-29 22:21:00,-0.02800572643167243
2020-04-29 22:24:00,-0.01343731103548862
2020-04-29 22:27:00,0.002192371478258792
2020-04-29 22:30:00,-0.1333368666682304
2020-04-29 22:33:00,0.07705226470989146
2020-04-29 22:36:00,-0.031867758481780584
2020-04-29 22:39:00,-0.027019571469338644
2020-04-29 22:42:00,0.007229316713790013
2020-04-29 22:45:00,-0.08534413161584098
2020-04-29 22:48:00,0.002539679988217358
2020-04-29 22:51:00,-0.07766709719999199
2020-04-29 22:54:00,-0.03282869779872044
2020-04-29 22:57:00,-0.004587587207709021
2020-04-29 23:00:00,0.049781623744650005
2020-04-29 23:03:00,0.07544080204576176
2020-04-29 23:06:00,-0.12230357159012328
2020-04-29 23:09:00,0.012251994328778437
2020-04-29 23:12:00,0.06095491856603985
2020-04-29 23:15:00,-0.0656298955578336
2020-04-29 23:18:00,-0.010996694636844495
2020-04-29 23:21:00,-0.0585773179801663
2020-04-29 23:24:00,-0.009894540367554328
2020-04-29 23:27:00,-0.06874294646610224
2020-04-29 23:30:00,-0.089484145470351
2020-04-29 23:33:00,-0.16299784324644406
2020-04-29 23:36:00,-0.13757947796119652
2020-04-29 23:39:00,-0.033735436621270765
2020-04-29 23:42:00,-0.08747935130401174
2020-04-29 23:45:00,-0.02243722243031243
2020-04-29 23:48:00,0.003891531819760985
2020-04-29 23:51:00,-0.08619255886964083
2020-04-29 23:54:00,-0.006697123753610867
2020-04-29 23:57:00,-0.07414362683181253
2020-04-30 00:00:00,-0.09672714275154704
2020-04-30 00:03:00,-0.023473479966526156
2020-04-30 00:06:00,0.017002495066265055
2020-04-30 00:09:00,0.025301195224869844
2020-04-30 00:12:00,0.03406236849224342
2020-04-30 00:15:00,0.09644695429363992
2020-04-30 00:18:00,0.07246833246665574
2020-04-30 00:21:00,0.08664884617394364
2020-04-30 00:24:00,0.025952687276969755
2020-04-30 00:27:00,-0.04441317502534048
2020-04-30 00:30:00,0.044213473575439366
2020-04-30 00:33:00,0.00122085193379462
2020-04-30 00:36:00,-0.04593024315767025
2020-04-30 00:39:00,0.029023250684360846
2020-04-30 00:42:00,0.028837121823130474
2020-04-30 00:45:00,0.05685754057799386
2020-04-30 00:48:00,-0.0644156156686222
2020-04-30 00:51:00,0.08750559607267405
2020-04-30 00:54:00,0.013568478064314604
2020-04-30 00:57:00,0.14857170139788423
2020-04-30 01:00:00,0.0212198963836272
2020-04-30 01:03:00,-0.032264905152089796
2020-04-30 01:06:00,0.07493450031176963
2020-04-30 01:09:00,0.1287984551632917
2020-04-30 01:12:00,0.13501051043618872
2020-04-30 01:15:00,0.1433631970429019
2020-04-30 01:18:00,0.14628592588479705
2020-04-30 01:21:00,0.14900374655570658
2020-04-30 01:24:00,0.11973513191134089
2020-04-30 01:27:00,0.13410642086864755
2020-04-30 01:30:00,0.20239625112793647
2020-04-30 01:33:00,0.08917119055075773
2020-04-30 01:36:00,0.11512927072766388
2020-04-30 01:39:00,0.019522276840973518
2020-04-30 01:42:00,0.09768044285743827
2020-04-30 01:45:00,0.16912544366743987
2020-04-30 01:48:00,0.23243948697933092
2020-04-30 01:51:00,0.1774778717106642
2020-04-30 01:54:00,0.2750997725053139
2020-04-30 01:57:00,0.18259063693449207
2020-04-30 02:00:00,0.2996935503043687
2020-04-30 02:03:00,0.170274266148283
2020-04-30 02:06:00,0.1710568903931744
2020-04-30 02:09:00,0.1287452954730952
2020-04-30 02:12:00,0.05985524820448518
2020-04-30 02:15:00,0.0959570577026625
2020-04-30 02:18:00,0.11839113901049814
2020-04-30 02:21:00,0.10165689433370062
2020-04-30 02:24:00,0.13286428148558116
2020-04-30 02:27:00,0.037757783301799464
2020-04-30 02:30:00,0.09008624532913245
2020-04-30 02:33:00,0.10588796425025748
2020-04-30 02:36:00,0.07051127913149458
2020-04-30 02:39:00,0.02942118721892939
2020-04-30 02:42:00,-0.013298982635376433
2020-04-30 02:45:00,0.09192371018008316
2020-04-30 02:48:00,0.03355728348492448
2020-04-30 02:51:00,0.025391805158392344
2020-04-30 02:54:00,0.15723665976418033
2020-04-30 02:57:00,0.08064894168427372
2020-04-30 03:00:00,0.02681090591266866
2020-04-30 03:03:00,-0.013810490228991057
2020-04-30 03:06:00,0.15385195416564557
2020-04-30 03:09:00,0.06310254142800886
2020-04-30 03:12:00,0.0032780015955609088
2020-04-30 03:15:00,0.11577356206208833
2020-04-30 03:18:00,-0.005621037869673273
2020-04-30 03:21:00,0.20192489298921146
2020-04-30 03:24:00,0.12203856660966039
2020-04-30 03:27:00,-0.02905886588263229
2020-04-30 03:30:00,0.0763571465597579
2020-04-30 03:33:00,0.1125185480317441
2020-04-30 03:36:00,0.10040326989849291
2020-04-30 03:39:00,0.05995718054577992
2020-04-30 03:42:00,0.12423705599917412
2020-04-30 03:45:00,0.10646036999611397
2020-04-30 03:48:00,0.13700375429971245
2020-04-30 03:51:00,0.13160590264328675
2020-04-30 03:54:00,0.1738009294248286
2020-04-30 03:57:00,0.09946010297977637
2020-04-30 04:00:00,0.13290827966937968
2020-04-30 04:03:00,0.11483294157090995
2020-04-30 04:06:00,0.1289415224343884
2020-04-30 04:09:00,0.1783288365252247
2020-04-30 04:12:00,0.18338097537804288
2020-04-30 04:15:00,0.1947103281650584
2020-04-30 04:18:00,0.10977175471975897
2020-04-30 04:21:00,0.2020967875883457
2020-04-30 04:24:00,0.09959910721863707
2020-04-30 04:27:00,0.04832205139626922
2020-04-30 04:30:00,0.2134660630928238
2020-04-30 04:33:00,0.1789264709195777
2020-04-30 04:36:00,0.14825657900269107
2020-04-30 04:39:00,0.16167589200409793
2020-04-30 04:42:00,0.16351930800209402
2020-04-30 04:45:00,0.22525820014914189
2020-04-30 04:48:00,0.09030169911380881
2020-04-30 04:51:00,0.22228668802591756
2020-04-30 04:54:00,0.09145374450054078
2020-04-30 04:57:00,0.11498690693275648
2020-04-30 05:00:00,0.1423787715403364
2020-04-30 05:03:00,-0.008954995880287697
2020-04-30 05:06:00,0.2500687386579443
2020-04-30 05:09:00,0.15473116479120108
2020-04-30 05:12:00,0.1896873192830526
2020-04-30 05:15:00,0.1936957355714526
2020-04-30 05:18:00,0.17062449312936678
2020-04-30 05:21:00,0.21490482585471682
2020-04-30 05:24:00,0.17991194245365705
2020-04-30 05:27:00,0.13146316070179864
2020-04-30 05:30:00,0.04057409154728475
2020-04-30 05:33:00,0.33444445123075184
2020-04-30 05:36:00,0.15900569844342272
2020-04-30 05:39:00,0.2487248245149658
2020-04-30 05:42:00,0.1574138446412121
2020-04-30 05:45:00,0.17339405109788686
2020-04-30 05:48:00,0.17548672068687665
2020-04-30 05:51:00,0.14438903069191156
2020-04-30 05:54:00,0.14230077193923307
2020-04-30 05:57:00,0.17214185823365824
2020-04-30 06:00:00,0.1688778080422253
2020-04-30 06:03:00,0.11335454192823136
2020-04-30 06:06:00,0.2316087555698232
2020-04-30 06:09:00,0.13320515335590244
2020-04-30 06:12:00,0.1579292982993934
2020-04-30 06:15:00,0.14640481080857626
2020-04-30 06:18:00,0.3244825839766463
2020-04-30 06:21:00,0.22745652428017138
2020-04-30 06:24:00,0.27899284256182
2020-04-30 06:27:00,0.1804697329564533
2020-04-30 06:30:00,0.2918990071341909
2020-04-30 06:33:00,0.162920584325434
2020-04-30 06:36:00,0.15529212091689715
2020-04-30 06:39:00,0.09094967481757976
2020-04-30 06:42:00,0.13703675832971385
2020-04-30 06:45:00,0.05217823117300213
2020-04-30 06:48:00,0.11839031820977652
2020-04-30 06:51:00,0.15152554131589113
2020-04-30 06:54:00,0.14408795516470718
2020-04-30 06:57:00,0.109268740293885
2020-04-30 07:00:00,0.13667764229165869
2020-04-30 07:03:00,0.12187142723308853
2020-04-30 07:06:00,0.08353873243504495
2020-04-30 07:09:00,0.1662561485636047
2020-04-30 07:12:00,0.17595679539817866
2020-04-30 07:15:00,0.13728768637929534
2020-04-30 07:18:00,0.09947389154996245
2020-04-30 07:21:00,0.04998774015109575
2020-04-30 07:24:00,0.004756426210462905
2020-04-30 07:27:00,0.09721116762960946
2020-04-30 07:30:00,0.12111852961402292
2020-04-30 07:33:00,0.1491122003638452
2020-04-30 07:36:00,0.189108372118028
2020-04-30 07:39:00,0.13024388656651809
2020-04-30 07:42:00,0.0889771508323065
2020-04-30 07:45:00,0.12390537521014267
2020-04-30 07:48:00,0.14193304158135334
2020-04-30 07:51:00,0.11342210674263242
2020-04-30 07:54:00,0.05897692765199736
2020-04-30 07:57:00,0.1820593793248122
2020-04-30 08:00:00,0.1412234871006035
2020-04-30 08:03:00,0.12993090767821514
2020-04-30 08:06:00,0.02024611270439891
2020-04-30 08:09:00,0.01763376194577404
2020-04-30 08:12:00,0.15567347776033102
2020-04-30 08:15:00,0.1437141231268697
2020-04-30 08:18:00,0.15569693602623147
2020-04-30 08:21:00,0.2535773501681433
2020-04-30 08:24:00,0.11266794124315993
2020-04-30 08:27:00,0.13121799293577396
2020-04-30 08:30:00,0.08973032962234129
2020-04-30 08:33:00,0.19133980367638515
2020-04-30 08:36:00,0.20866547143577918
2020-04-30 08:39:00,0.15474115287730683
2020-04-30 08:42:00,0.17120566713310836
2020-04-30 08:45:00,0.09950354831573804
2020-04-30 08:48:00,0.13878849073142874
2020-04-30 08:51:00,0.08055070692489608
2020-04-30 08:54:00,0.13296616145419193
2020-04-30 08:57:00,0.15935446178974644
2020-04-30 09:00:00,0.0646597312997983
2020-04-30 09:03:00,0.07105461404171365
2020-04-30 09:06:00,0.043961519598838095
2020-04-30 09:09:00,0.0862157677153732
2020-04-30 09:12:00,0.11628851780670857
2020-04-30 09:15:00,0.04837310829105945
2020-04-30 09:18:00,0.06652689845668647
2020-04-30 09:21:00,0.04830868668136645
2020-04-30 09:24:00,0.027320642759434577
2020-04-30 09:27:00,0.08173104484524174
2020-04-30 09:30:00,0.08689369487524345
2020-04-30 09:33:00,-0.0021012176415524664
2020-04-30 09:36:00,0.0688048196130353
2020-04-30 09:39:00,-0.013135779449726215
2020-04-30 09:42:00,-0.02895441403109089
2020-04-30 09:45:00,-0.10540026613273312
2020-04-30 09:48:00,-0.09428576683376377
2020-04-30 09:51:00,-0.029174238640564454
2020-04-30 09:54:00,-0.09547415476123433
2020-04-30 09:57:00,-0.07932113329633239
2020-04-30 10:00:00,-0.13980109458753986
2020-04-30 10:03:00,0.007293134573956195
2020-04-30 10:06:00,-0.07728530447445792
2020-04-30 10:09:00,-0.13504892768833088
2020-04-30 10:12:00,-0.0319978007211148
2020-04-30 10:15:00,-0.08654200098851561
2020-04-30 10:18:00,-0.05758964900189767
2020-04-30 10:21:00,-0.08782915212469788
2020-04-30 10:24:00,-0.03590867977555945
2020-04-30 10:27:00,-0.0367955893793237
2020-04-30 10:30:00,-0.050783247221147576
2020-04-30 10:33:00,-0.021569271889688935
2020-04-30 10:36:00,-0.10743078422859753
2020-04-30 10:39:00,-0.020664957967028386
2020-04-30 10:42:00,-0.01764156688869889
2020-04-30 10:45:00,-0.12377164347162761
2020-04-30 10:48:00,-0.08979017224220343
2020-04-30 10:51:00,-0.057453544214013164
2020-04-30 10:54:00,-0.22920750876073726
2020-04-30 10:57:00,-0.008166499048513742
2020-04-30 11:00:00,-0.10616248158231656
2020-04-30 11:03:00,-0.07857034404185015
2020-04-30 11:06:00,-0.055083651808672585
2020-04-30 11:09:00,0.01737870312774703
2020-04-30 11:12:00,-0.04291031009483959
2020-04-30 11:15:00,-0.04428779472942779
2020-04-30 11:18:00,-0.13331148669089998
2020-04-30 11:21:00,-0.03917632595204168
2020-04-30 11:24:00,-0.07339119879742384
2020-04-30 11:27:00,-0.10549081182364262
2020-04-30 11:30:00,-0.15675352963262412
2020-04-30 11:33:00,-0.14596112777110193
2020-04-30 11:36:00,-0.06909727299529322
2020-04-30 11:39:00,-0.22773881944493723
2020-04-30 11:42:00,-0.15731583484762268
2020-04-30 11:45:00,-0.1630992890196694
2020-04-30 11:48:00,-0.15321257722467863
2020-04-30 11:51:00,-0.0906188525559628
2020-04-30 11:54:00,-0.25080602124620555
2020-04-30 11:57:00,-0.23453615850831966
2020-04-30 12:00:00,-0.25147297263220025
2020-04-30 12:03:00,-0.31409085602945197
2020-04-30 12:06:00,-0.21765495149753633
2020-04-30 12:09:00,-0.24787019755490292
2020-04-30 12:12:00,-0.19316394969155226
2020-04-30 12:15:00,-0.2893040509164848
2020-04-30 12:18:00,-0.23185433319224558
2020-04-30 12:21:00,-0.22460378623912902
2020-04-30 12:24:00,-0.25358497673494185
2020-04-30 12:27:00,-0.30451984102114693
2020-04-30 12:30:00,-0.18842848275829738
2020-04-30 12:33:00,-0.31344543590557805
2020-04-30 12:36:00,-0.3090650048110888
2020-04-30 12:39:00,-0.3193174692409002
2020-04-30 12:42:00,-0.2565303425589036
2020-04-30 12:45:00,-0.24907253684699526
2020-04-30 12:48:00,-0.21931074678019513
2020-04-30 12:51:00,-0.2678807595567605
2020-04-30 12:54:00,-0.26692453177759035
2020-04-30 12:57:00,-0.30091537545001756
2020-04-30 13:00:00,-0.2520816728891191
2020-04-30 13:03:00,-0.2634040917512266
2020-04-30 13:06:00,-0.31850274994025085
2020-04-30 13:09:00,-0.35826132824547585
2020-04-30 13:12:00,-0.29774487800210636
2020-04-30 13:15:00,-0.2601110029743836
2020-04-30 13:18:00,-0.31124051825599963
2020-04-30 13:21:00,-0.33857678344935493
2020-04-30 13:24:00,-0.3860280716594957
2020-04-30 13:27:00,-0.44337860342841395
2020-04-30 13:30:00,-0.20466802870481615
2020-04-30 13:33:00,-0.3885148433055292
2020-04-30 13:36:00,-0.3937426423920556
2020-04-30 13:39:00,-0.417149638542071
2020-04-30 13:42:00,-0.3324292130113804
2020-04-30 13:45:00,-0.3965071984854944
2020-04-30 13:48:00,-0.3175651469671834
2020-04-30 13:51:00,-0.3964001491338536
2020-04-30 13:54:00,-0.4503938593567227
2020-04-30 13:57:00,-0.3237410227907276
2020-04-30 14:00:00,-0.27526075920133053
2020-04-30 14:03:00,-0.3573836928140395
2020-04-30 14:06:00,-0.22952722942727632
2020-04-30 14:09:00,-0.3431510625229066
2020-04-30 14:12:00,-0.4318855476182648
2020-04-30 14:15:00,-0.41116686520138046
2020-04-30 14:18:00,-0.41020468933515986
2020-04-30 14:21:00,-0.5033778718366761
2020-04-30 14:24:00,-0.25876339430715234
2020-04-30 14:27:00,-0.2810980616399661
2020-04-30 14:30:00,-0.1707284977483141
2020-04-30 14:33:00,-0.1401251673203774
2020-04-30 14:36:00,-0.18410116606565907
2020-04-30 14:39:00,-0.23398629964395923
2020-04-30 14:42:00,-0.2158708783715042
2020-04-30 14:45:00,-0.27516270725118375
2020-04-30 14:48:00,-0.25405869987645247
2020-04-30 14:51:00,-0.32026202469512555
2020-04-30 14:54:00,-0.2940543740440944
2020-04-30 14:57:00,-0.2601345737244287
2020-04-30 15:00:00,-0.2600170653551004
2020-04-30 15:03:00,-0.24111726982863502
2020-04-30 15:06:00,-0.12234031035910675
2020-04-30 15:09:00,-0.3100315186200646
2020-04-30 15:12:00,-0.04826784063305922
2020-04-30 15:15:00,-0.21930545871617824
2020-04-30 15:18:00,-0.21941466068290083
2020-04-30 15:21:00,-0.22052326633871644
2020-04-30 15:24:00,-0.09154563059422571
2020-04-30 15:27:00,-0.0466655043164792
2020-04-30 15:30:00,-0.19466784036785612
2020-04-30 15:33:00,-0.1730469498498337
2020-04-30 15:36:00,-0.22116412109204475
2020-04-30 15:39:00,-0.1683703074359073
2020-04-30 15:42:00,-0.18720729844727657
2020-04-30 15:45:00,-0.29113082428119696
2020-04-30 15:48:00,-0.209213625191353
2020-04-30 15:51:00,-0.23483405298327398
2020-04-30 15:54:00,-0.20290764787074522
2020-04-30 15:57:00,-0.22612657934490699
2020-04-30 16:00:00,-0.21568751622038462
2020-04-30 16:03:00,-0.1749280417431578
2020-04-30 16:06:00,-0.28194085801084157
2020-04-30 16:09:00,-0.2775356901588566
2020-04-30 16:12:00,-0.16497068605184495
2020-04-30 16:15:00,-0.15889389909222018
2020-04-30 16:18:00,-0.11207990618595431
2020-04-30 16:21:00,-0.16492844607751067
2020-04-30 16:24:00,0.03590907820210987
2020-04-30 16:27:00,-0.11700442165937375
2020-04-30 16:30:00,-0.21681278355600853
2020-04-30 16:33:00,-0.1567346062913657
2020-04-30 16:36:00,-0.033691673751718554
2020-04-30 16:39:00,-0.08528574000740718
2020-04-30 16:42:00,-0.1416151621242534
2020-04-30 16:45:00,-0.11930014745217932
2020-04-30 16:48:00,-0.16265425656973775
2020-04-30 16:51:00,-0.09459019973201066
2020-04-30 16:54:00,-0.06235389233745536
2020-04-30 16:57:00,0.03687114056816654
2020-04-30 17:00:00,0.11577942979829459
2020-04-30 17:03:00,0.27760192243454185
2020-04-30 17:06:00,0.25654361463921305
2020-04-30 17:09:00,0.13324053243462686
2020-04-30 17:12:00,0.20604797452699586
2020-04-30 17:15:00,0.2541872104440017
2020-04-30 17:18:00,0.012587297743152703
2020-04-30 17:21:00,0.031597751776644145
2020-04-30 17:24:00,-0.14243201237263747
2020-04-30 17:27:00,-0.23010478938488177
2020-04-30 17:30:00,-0.13153389591008136
2020-04-30 17:33:00,-0.199789790185946
2020-04-30 17:36:00,-0.1626552231732603
2020-04-30 17:39:00,-0.08243821512149907
2020-04-30 17:42:00,-0.11949086593955371
2020-04-30 17:45:00,-0.029834709594922515
2020-04-30 17:48:00,-0.21205489141641465
2020-04-30 17:51:00,-0.17144974599875695
2020-04-30 17:54:00,0.08594753360318919
2020-04-30 17:57:00,0.1668439621946618
2020-04-30 18:00:00,0.11777380415594507
2020-04-30 18:03:00,0.38078613404564976
2020-04-30 18:06:00,0.4210599236203052
2020-04-30 18:09:00,0.3746400003517465
2020-04-30 18:12:00,0.5084107034819567
2020-04-30 18:15:00,0.44967868150826007
2020-04-30 18:18:00,0.376873785018347
2020-04-30 18:21:00,0.3151419823620927
2020-04-30 18:24:00,0.47400345380287945
2020-04-30 18:27:00,0.33286170987935293
2020-04-30 18:30:00,0.2657106157529938
2020-04-30 18:33:00,0.2224990852364499
2020-04-30 18:36:00,0.29161879543823943
2020-04-30 18:39:00,0.2724449937015265
2020-04-30 18:42:00,0.31581609797899546
2020-04-30 18:45:00,0.1381997652622431
2020-04-30 18:48:00,0.31257865856218814
2020-04-30 18:51:00,0.3747147223122056
2020-04-30 18:54:00,0.2027609886529831
2020-04-30 18:57:00,
2020-04-30 19:00:00,
2020-04-30 19:03:00,0.4041505483972969
2020-04-30 19:06:00,0.3720621086150686
2020-04-30 19:09:00,0.41966243080548793
2020-04-30 19:12:00,0.45467295506932714
2020-04-30 19:15:00,0.4912005134629567
2020-04-30 19:18:00,0.5097016251427249
2020-04-30 19:21:00,0.3666103506576519
2020-04-30 19:24:00,0.19986943708545368
2020-04-30 19:27:00,0.4306987849353163
2020-04-30 19:30:00,0.3013851550027198
2020-04-30 19:33:00,0.5384240802593467
2020-04-30 19:36:00,0.6770445370830203
2020-04-30 19:39:00,0.6908424123361101
2020-04-30 19:42:00,0.5185537383716792
2020-04-30 19:45:00,0.5888100229103088
2020-04-30 19:48:00,0.6436555145843954
2020-04-30 19:51:00,0.7135121219253051
2020-04-30 19:54:00,0.6050700580531725
2020-04-30 19:57:00,0.562557469828505
2020-04-30 20:00:00,0.5410208416006412
2020-04-30 20:03:00,0.6205599166405591
2020-04-30 20:06:00,0.6229175156333895
2020-04-30 20:09:00,0.6147908634678743
2020-04-30 20:12:00,0.6570056179245967
2020-04-30 20:15:00,0.6688512717420281
2020-04-30 20:18:00,0.4730832298415635
2020-04-30 20:21:00,0.4840147069259615
2020-04-30 20:24:00,0.43292582291371673
2020-04-30 20:27:00,0.2775044504706443
2020-04-30 20:30:00,0.26824241108556635
2020-04-30 20:33:00,0.12066502262211998
2020-04-30 20:36:00,0.3397682242389237
2020-04-30 20:39:00,0.28617265609869946
2020-04-30 20:42:00,0.4125465437825824
2020-04-30 20:45:00,0.31262980201279333
2020-04-30 20:48:00,0.37653307392736224
2020-04-30 20:51:00,0.3368540279021772
2020-04-30 20:54:00,0.2673767060684895
2020-04-30 20:57:00,0.221856456853061
2020-04-30 21:00:00,0.25962488899136815
2020-04-30 21:03:00,0.17961956296863946
2020-04-30 21:06:00,0.12588566943264823
2020-04-30 21:09:00,0.21946437070022284
2020-04-30 21:12:00,0.2325900389324147
2020-04-30 21:15:00,0.19221613912901603
2020-04-30 21:18:00,0.19810395103826295
2020-04-30 21:21:00,0.23318349336318533
2020-04-30 21:24:00,0.24596397777276024
2020-04-30 21:27:00,0.14185860757459068
2020-04-30 21:30:00,0.17818499010303412
2020-04-30 21:33:00,0.20260796567890793
2020-04-30 21:36:00,0.22080888785745856
2020-04-30 21:39:00,0.24375337161558264
2020-04-30 21:42:00,0.2587297585176884
2020-04-30 21:45:00,0.20988927849549555
2020-04-30 21:48:00,0.21674701835576116
2020-04-30 21:51:00,0.18720584996003709
2020-04-30 21:54:00,0.17519992855511646
2020-04-30 21:57:00,0.25400244155218843
2020-04-30 22:00:00,0.15223005372081388
2020-04-30 22:03:00,0.12309128613367193
2020-04-30 22:06:00,0.2788352876916633
2020-04-30 22:09:00,0.23946993208562617
2020-04-30 22:12:00,0.23839737998923738
2020-04-30 22:15:00,0.27764036148823834
2020-04-30 22:18:00,0.15874068726935775
2020-04-30 22:21:00,0.31413859563809865
2020-04-30 22:24:00,0.2312171431568686
2020-04-30 22:27:00,0.3200130083386057
2020-04-30 22:30:00,0.2922684936204405
2020-04-30 22:33:00,0.2768449556064638
2020-04-30 22:36:00,0.17212234993513675
2020-04-30 22:39:00,0.2665270575847103
2020-04-30 22:42:00,0.3288611200470086
2020-04-30 22:45:00,0.3255038558453407
2020-04-30 22:48:00,0.23074421127580536
2020-04-30 22:51:00,0.29862569995384547
2020-04-30 22:54:00,0.28495174943566326
2020-04-30 22:57:00,0.22067810513550512
2020-04-30 23:00:00,0.2952772973821993
2020-04-30 23:03:00,0.3231934464866981
2020-04-30 23:06:00,0.24547054400107982
2020-04-30 23:09:00,0.23313078351179684
2020-04-30 23:12:00,0.1536392924052734
2020-04-30 23:15:00,0.3327041605537602
2020-04-30 23:18:00,0.16697778291649001
2020-04-30 23:21:00,0.22550626845378474
2020-04-30 23:24:00,0.24014118567725973
2020-04-30 23:27:00,0.24373721837514495
2020-04-30 23:30:00,0.2133267516506976
2020-04-30 23:33:00,0.17243834118482937
2020-04-30 23:36:00,0.2053161470557825
2020-04-30 23:39:00,0.1827463310838766
2020-04-30 23:42:00,0.15927113275091642
2020-04-30 23:45:00,0.1779121900717655
2020-04-30 23:48:00,0.14578337461449564
2020-04-30 23:51:00,0.26607654028447314
2020-04-30 23:54:00,0.12524434455701794
2020-04-30 23:57:00,0.20129164745429762
2020-05-01 00:00:00,0.18145469066848818
2020-05-01 00:03:00,0.2751727469928369
2020-05-01 00:06:00,0.09893568088313032
2020-05-01 00:09:00,0.16965983722462852
2020-05-01 00:12:00,0.07325462459846221
2020-05-01 00:15:00,0.13478925444269407
2020-05-01 00:18:00,0.18493830836058578
2020-05-01 00:21:00,0.133825506035123
2020-05-01 00:24:00,0.1709937767006977
2020-05-01 00:27:00,0.15612027689167007
2020-05-01 00:30:00,0.15030633341461908
2020-05-01 00:33:00,0.21285589372183722
2020-05-01 00:36:00,0.23389541571259542
2020-05-01 00:39:00,0.08930075743580801
2020-05-01 00:42:00,0.1805209491690789
2020-05-01 00:45:00,0.058821459546663846
2020-05-01 00:48:00,0.21530701649606954
2020-05-01 00:51:00,0.19599448814665266
2020-05-01 00:54:00,0.1420680706464168
2020-05-01 00:57:00,0.1001247633953426
2020-05-01 01:00:00,0.11637219695199974
2020-05-01 01:03:00,0.1401028059195255
2020-05-01 01:06:00,0.21413877643021806
2020-05-01 01:09:00,0.22740784721696627
2020-05-01 01:12:00,0.14671290682059634
2020-05-01 01:15:00,0.11187887504155469
2020-05-01 01:18:00,0.15392997837585654
2020-05-01 01:21:00,0.12650177148583452
2020-05-01 01:24:00,0.14801218759816948
2020-05-01 01:27:00,0.1955519973444666
2020-05-01 01:30:00,0.09399753668219546
2020-05-01 01:33:00,0.19115086437511764
2020-05-01 01:36:00,0.11957039335612762
2020-05-01 01:39:00,0.0902888892314877
2020-05-01 01:42:00,0.13642109695706495
2020-05-01 01:45:00,0.15244568901545108
2020-05-01 01:48:00,0.15807144143286678
2020-05-01 01:51:00,0.1296554026119452
2020-05-01 01:54:00,0.08499007518020107
2020-05-01 01:57:00,0.19514195878537066
2020-05-01 02:00:00,0.24534231223111647
2020-05-01 02:03:00,0.14098804697385958
2020-05-01 02:06:00,0.15057020730188242
2020-05-01 02:09:00,0.1526516393782913
2020-05-01 02:12:00,0.13375468523975087
2020-05-01 02:15:00,0.1472320878133928
2020-05-01 02:18:00,0.1754261459067834
2020-05-01 02:21:00,0.19844400289287023
2020-05-01 02:24:00,0.2829427146049852
2020-05-01 02:27:00,0.22535114493547326
2020-05-01 02:30:00,0.130597466229176
2020-05-01 02:33:00,0.33643188208134234
2020-05-01 02:36:00,0.30791973153856134
2020-05-01 02:39:00,0.2651918779334892
2020-05-01 02:42:00,0.5912366995944467
2020-05-01 02:45:00,0.6412165112777188
2020-05-01 02:48:00,0.44203366209086425
2020-05-01 02:51:00,0.4146878484308445
2020-05-01 02:54:00,0.23648721089330138
2020-05-01 02:57:00,0.27401619774383335
2020-05-01 03:00:00,0.25939806773487817
2020-05-01 03:03:00,0.2007579977469618
2020-05-01 03:06:00,0.2605816706694668
2020-05-01 03:09:00,0.2527339353281377
2020-05-01 03:12:00,0.3002474517063547
2020-05-01 03:15:00,0.2729883911147226
2020-05-01 03:18:00,0.18791694607403997
2020-05-01 03:21:00,0.15148780420520325
2020-05-01 03:24:00,0.24174128829588426
2020-05-01 03:27:00,0.21441460033457815
2020-05-01 03:30:00,0.14929282070619365
2020-05-01 03:33:00,0.16762767751288266
2020-05-01 03:36:00,0.2097204670062638
2020-05-01 03:39:00,0.25536137841618256
2020-05-01 03:42:00,0.18534094473784535
2020-05-01 03:45:00,0.23165037739448735
2020-05-01 03:48:00,0.18833758224457142
2020-05-01 03:51:00,0.3031230169410719
2020-05-01 03:54:00,0.2477071481149551
2020-05-01 03:57:00,0.2614626915774352
2020-05-01 04:00:00,0.19569310082863467
2020-05-01 04:03:00,0.23137027060437276
2020-05-01 04:06:00,0.3170211188782446
2020-05-01 04:09:00,0.28793212206034013
2020-05-01 04:12:00,0.28979931069278564
2020-05-01 04:15:00,0.30285383228152796
2020-05-01 04:18:00,0.30660985506261795
2020-05-01 04:21:00,0.23659880023569713
2020-05-01 04:24:00,0.26052909485144937
2020-05-01 04:27:00,0.2167446243622635
2020-05-01 04:30:00,0.24716697725915537
2020-05-01 04:33:00,0.2802472577748176
2020-05-01 04:36:00,0.23503103556834049
2020-05-01 04:39:00,0.30437893809408934
2020-05-01 04:42:00,0.32354084799089833
2020-05-01 04:45:00,0.294078158768059
2020-05-01 04:48:00,0.250669198508092
2020-05-01 04:51:00,0.2114662427205758
2020-05-01 04:54:00,0.23137900404759648
2020-05-01 04:57:00,0.17928329733507553
2020-05-01 05:00:00,0.15772474638555423
2020-05-01 05:03:00,0.2452325260628072
2020-05-01 05:06:00,0.11886001188463524
2020-05-01 05:09:00,0.19518068987304105
2020-05-01 05:12:00,0.1319735450890107
2020-05-01 05:15:00,0.22454915403034192
2020-05-01 05:18:00,0.11969351551312002
2020-05-01 05:21:00,0.16951347063411504
2020-05-01 05:24:00,0.208915733945787
2020-05-01 05:27:00,0.1121935348775196
2020-05-01 05:30:00,0.08171970919642035
2020-05-01 05:33:00,0.1697165590543932
2020-05-01 05:36:00,0.20459130304533346
2020-05-01 05:39:00,0.20946431315422842
2020-05-01 05:42:00,0.1360115798370316
2020-05-01 05:45:00,0.23396340839110508
2020-05-01 05:48:00,0.15356649916998322
2020-05-01 05:51:00,0.12719046750737562
2020-05-01 05:54:00,0.15898301598707576
2020-05-01 05:57:00,0.12564644996251673
2020-05-01 06:00:00,0.09771729010344643
2020-05-01 06:03:00,0.17180861651581836
2020-05-01 06:06:00,0.20064826434730776
2020-05-01 06:09:00,0.19552293164105095
2020-05-01 06:12:00,0.17917842245464044
2020-05-01 06:15:00,0.2138175482546103
2020-05-01 06:18:00,0.18342857620376662
2020-05-01 06:21:00,0.21926484309273064
2020-05-01 06:24:00,0.27517091040886044
2020-05-01 06:27:00,0.2576477187495243
2020-05-01 06:30:00,0.23795113337826024
2020-05-01 06:33:00,0.237608042165391
2020-05-01 06:36:00,0.20006904483045673
2020-05-01 06:39:00,0.25385373530531297
2020-05-01 06:42:00,0.3028798592657722
2020-05-01 06:45:00,0.28164335546227903
2020-05-01 06:48:00,0.2658877930333574
2020-05-01 06:51:00,0.2866564142036623
2020-05-01 06:54:00,0.285903313911831
2020-05-01 06:57:00,0.18230815236472608
2020-05-01 07:00:00,0.03950514266085747
2020-05-01 07:03:00,0.21158122377880773
2020-05-01 07:06:00,0.18566079080864029
2020-05-01 07:09:00,0.13164673201890764
2020-05-01 07:12:00,0.21033271008707288
2020-05-01 07:15:00,0.1823795418721943
2020-05-01 07:18:00,0.12567712905445205
2020-05-01 07:21:00,0.18417317863941207
2020-05-01 07:24:00,0.2293502589772629
2020-05-01 07:27:00,0.14308142039550376
2020-05-01 07:30:00,0.05213955638879497
2020-05-01 07:33:00,0.18063092724338503
2020-05-01 07:36:00,0.1637581502770331
2020-05-01 07:39:00,0.19679594690649083
2020-05-01 07:42:00,0.14277012662654442
2020-05-01 07:45:00,0.06301438801204995
2020-05-01 07:48:00,0.09910200034056516
2020-05-01 07:51:00,0.12179727518474692
2020-05-01 07:54:00,0.09715435229827563
2020-05-01 07:57:00,0.034207901176159794
2020-05-01 08:00:00,0.12037157906348739
2020-05-01 08:03:00,0.05061474153103518
2020-05-01 08:06:00,0.11487888211911468
2020-05-01 08:09:00,0.02024201735036968
2020-05-01 08:12:00,0.037373651756581694
2020-05-01 08:15:00,0.07032408266252332
2020-05-01 08:18:00,0.16103287698615532
2020-05-01 08:21:00,0.10456369291773626
2020-05-01 08:24:00,0.1765877119541983
2020-05-01 08:27:00,0.11039647373553407
2020-05-01 08:30:00,0.16280131713659785
2020-05-01 08:33:00,0.14676559262147748
2020-05-01 08:36:00,0.07932305466448497
2020-05-01 08:39:00,0.01672590667192253
2020-05-01 08:42:00,0.031970910300060496
2020-05-01 08:45:00,0.09806948077454081
2020-05-01 08:48:00,0.0919852697186343
2020-05-01 08:51:00,0.16941736111647288
2020-05-01 08:54:00,0.03829582049252167
2020-05-01 08:57:00,0.1363693303046034
2020-05-01 09:00:00,0.10993989768383017
2020-05-01 09:03:00,0.07959354017413034
2020-05-01 09:06:00,0.0219561211031305
2020-05-01 09:09:00,0.04272533826662084
2020-05-01 09:12:00,-0.019138446141482746
2020-05-01 09:15:00,0.12517514353476145
2020-05-01 09:18:00,0.019949430771589505
2020-05-01 09:21:00,0.0010014247328058445
2020-05-01 09:24:00,0.005321097526177709
2020-05-01 09:27:00,-0.051563275097521455
2020-05-01 09:30:00,-0.04562334368159782
2020-05-01 09:33:00,-0.017586043250901184
2020-05-01 09:36:00,-0.10932422597835512
2020-05-01 09:39:00,-0.14406831760624073
2020-05-01 09:42:00,0.02519341667948538
2020-05-01 09:45:00,-0.10231481019332023
2020-05-01 09:48:00,-0.041496664661508476
2020-05-01 09:51:00,-0.14429806734671047
2020-05-01 09:54:00,-0.036337385966589864
2020-05-01 09:57:00,-0.1089195579004354
2020-05-01 10:00:00,-0.10918184532073383
2020-05-01 10:03:00,-0.2373641664436832
2020-05-01 10:06:00,-0.1277669996790678
2020-05-01 10:09:00,-0.085376180105186
2020-05-01 10:12:00,-0.11406452090352559
2020-05-01 10:15:00,-0.06691655843781064
2020-05-01 10:18:00,-0.04513484917822552
2020-05-01 10:21:00,-0.12497328254028162
2020-05-01 10:24:00,-0.029330872093112248
2020-05-01 10:27:00,0.020503227597373552
2020-05-01 10:30:00,-0.10807167018850805
2020-05-01 10:33:00,-0.05527525410934686
2020-05-01 10:36:00,-0.1251792660184492
2020-05-01 10:39:00,-0.12697877371601862
2020-05-01 10:42:00,-0.1438330556640608
2020-05-01 10:45:00,-0.15421958838356886
2020-05-01 10:48:00,-0.14312782370905097
2020-05-01 10:51:00,-0.18004844062704706
2020-05-01 10:54:00,-0.19313500171375608
2020-05-01 10:57:00,-0.10116708137354635
2020-05-01 11:00:00,-0.11779302747424936
2020-05-01 11:03:00,-0.028795376591745026
2020-05-01 11:06:00,-0.12338996894175125
2020-05-01 11:09:00,-0.15603238909534412
2020-05-01 11:12:00,-0.09098757694721371
2020-05-01 11:15:00,-0.08397712445776051
2020-05-01 11:18:00,-0.23217969817574158
2020-05-01 11:21:00,-0.0626428280155551
2020-05-01 11:24:00,-0.10086435046457609
2020-05-01 11:27:00,-0.250427381236193
2020-05-01 11:30:00,-0.007188055208246169
2020-05-01 11:33:00,-0.1673407676585157
2020-05-01 11:36:00,-0.09097402080413985
2020-05-01 11:39:00,-0.14815787347464493
2020-05-01 11:42:00,-0.14129520314492083
2020-05-01 11:45:00,-0.1918151109135806
2020-05-01 11:48:00,-0.109848881774667
2020-05-01 11:51:00,-0.2716909210438416
2020-05-01 11:54:00,-0.2084963038458909
2020-05-01 11:57:00,-0.15421048865289322
2020-05-01 12:00:00,-0.2785679371054357
2020-05-01 12:03:00,-0.08509881065327818
2020-05-01 12:06:00,-0.252150016083192
2020-05-01 12:09:00,-0.1704234692097657
2020-05-01 12:12:00,-0.15104905155442339
2020-05-01 12:15:00,-0.18810550345511956
2020-05-01 12:18:00,-0.21786678017537042
2020-05-01 12:21:00,-0.2074370212433223
2020-05-01 12:24:00,-0.289272570851665
2020-05-01 12:27:00,-0.2037439246954591
2020-05-01 12:30:00,-0.09968640152129637
2020-05-01 12:33:00,-0.19311609000999397
2020-05-01 12:36:00,-0.19634371558538533
2020-05-01 12:39:00,-0.16552068672024234
2020-05-01 12:42:00,-0.17386737789610152
2020-05-01 12:45:00,-0.265446625150787
2020-05-01 12:48:00,-0.1229765077160323
2020-05-01 12:51:00,-0.17227722593855788
2020-05-01 12:54:00,-0.20402893628147467
2020-05-01 12:57:00,-0.1852675636703225
2020-05-01 13:00:00,-0.2036444224255547
2020-05-01 13:03:00,-0.12761519919905595
2020-05-01 13:06:00,-0.21051699303319538
2020-05-01 13:09:00,-0.22947025778756824
2020-05-01 13:12:00,-0.2631174333744184
2020-05-01 13:15:00,-0.17946469252837005
2020-05-01 13:18:00,-0.20957144008451678
2020-05-01 13:21:00,-0.20714360870459814
2020-05-01 13:24:00,-0.21755401337156854
2020-05-01 13:27:00,-0.26675301699179954
2020-05-01 13:30:00,-0.28188047105174974
2020-05-01 13:33:00,-0.20776291742686226
2020-05-01 13:36:00,-0.19581576027258052
2020-05-01 13:39:00,-0.1271720963180769
2020-05-01 13:42:00,-0.19100196427660876
2020-05-01 13:45:00,-0.25494010791277333
2020-05-01 13:48:00,-0.19172668694881168
2020-05-01 13:51:00,-0.16979277997967301
2020-05-01 13:54:00,-0.23257254871998612
2020-05-01 13:57:00,-0.33282066841491087
2020-05-01 14:00:00,-0.2379516581648886
2020-05-01 14:03:00,-0.30764970162135796
2020-05-01 14:06:00,-0.26668270389643567
2020-05-01 14:09:00,-0.26977966624298233
2020-05-01 14:12:00,-0.265348317203177
2020-05-01 14:15:00,-0.21512504174864944
2020-05-01 14:18:00,-0.2935926790689223
2020-05-01 14:21:00,-0.155180465770286
2020-05-01 14:24:00,-0.25520478188673223
2020-05-01 14:27:00,-0.28132590220735665
2020-05-01 14:30:00,-0.26185075963229565
2020-05-01 14:33:00,-0.29432986844727793
2020-05-01 14:36:00,-0.3379890999706845
2020-05-01 14:39:00,-0.26530700866328516
2020-05-01 14:42:00,-0.3403623884511262
2020-05-01 14:45:00,-0.27906298170398713
2020-05-01 14:48:00,-0.26144135172222605
2020-05-01 14:51:00,-0.30324500869232907
2020-05-01 14:54:00,-0.25882935199553003
2020-05-01 14:57:00,-0.20458675622148803
2020-05-01 15:00:00,-0.3358172059060962
2020-05-01 15:03:00,-0.31103172466214346
2020-05-01 15:06:00,-0.2545221754532463
2020-05-01 15:09:00,-0.32016876312212617
2020-05-01 15:12:00,-0.3539809280932218
2020-05-01 15:15:00,-0.3914161412092767
2020-05-01 15:18:00,-0.3464656262547692
2020-05-01 15:21:00,-0.3385981411644252
2020-05-01 15:24:00,-0.3009689380589293
2020-05-01 15:27:00,-0.43751094430649573
2020-05-01 15:30:00,-0.3077393742047434
2020-05-01 15:33:00,-0.40903214763557116
2020-05-01 15:36:00,-0.3893882764376144
2020-05-01 15:39:00,-0.3487543376014628
2020-05-01 15:42:00,-0.39174640448783293
2020-05-01 15:45:00,-0.3616021101990441
2020-05-01 15:48:00,-0.4363683503719358
2020-05-01 15:51:00,-0.3568838527762068
2020-05-01 15:54:00,-0.4827869395850257
2020-05-01 15:57:00,-0.4543756400055372
2020-05-01 16:00:00,-0.2648123176305148
2020-05-01 16:03:00,-0.4202371640740239
2020-05-01 16:06:00,-0.4021028956711916
2020-05-01 16:09:00,-0.46513908872117327
2020-05-01 16:12:00,-0.4517980324551445
2020-05-01 16:15:00,-0.4479467895947664
2020-05-01 16:18:00,-0.37022547179196863
2020-05-01 16:21:00,-0.3785426732609949
2020-05-01 16:24:00,-0.3406756679078171
2020-05-01 16:27:00,-0.3585994812673903
2020-05-01 16:30:00,-0.43361977478059544
2020-05-01 16:33:00,-0.4356326858212469
2020-05-01 16:36:00,-0.46571376785249186
2020-05-01 16:39:00,-0.4528978843256368
2020-05-01 16:42:00,-0.4550195885178141
2020-05-01 16:45:00,-0.38184025449004366
2020-05-01 16:48:00,-0.3558294301361684
2020-05-01 16:51:00,-0.3337892953700816
2020-05-01 16:54:00,-0.39473261767886925
2020-05-01 16:57:00,-0.45459076904722906
2020-05-01 17:00:00,-0.48366841755847645
2020-05-01 17:03:00,-0.3922336627546201
2020-05-01 17:06:00,-0.3690745370869877
2020-05-01 17:09:00,-0.3708712152168232
2020-05-01 17:12:00,-0.41683853804818227
2020-05-01 17:15:00,-0.3664224096920634
2020-05-01 17:18:00,-0.312446569273618
2020-05-01 17:21:00,-0.362272212221626
2020-05-01 17:24:00,-0.31196772608223
2020-05-01 17:27:00,-0.4300793103051319
2020-05-01 17:30:00,-0.3561426337874991
2020-05-01 17:33:00,-0.283361169139539
2020-05-01 17:36:00,-0.33680410981946807
2020-05-01 17:39:00,-0.25570782514631674
2020-05-01 17:42:00,-0.19202802380874573
2020-05-01 17:45:00,-0.25918232299085275
2020-05-01 17:48:00,-0.19872552105954355
2020-05-01 17:51:00,-0.2881234192292368
2020-05-01 17:54:00,-0.12717834599959588
2020-05-01 17:57:00,-0.23764626871860628
2020-05-01 18:00:00,-0.24180905498087668
2020-05-01 18:03:00,-0.2523579233584883
2020-05-01 18:06:00,-0.1850592720147688
2020-05-01 18:09:00,-0.27627211984577116
2020-05-01 18:12:00,-0.18846688632254427
2020-05-01 18:15:00,-0.12291086371385518
2020-05-01 18:18:00,-0.19308679913979176
2020-05-01 18:21:00,-0.2188832908641416
2020-05-01 18:24:00,-0.19761262131396506
2020-05-01 18:27:00,-0.18705650686473518
2020-05-01 18:30:00,-0.1878631997095681
2020-05-01 18:33:00,-0.12365079308358418
2020-05-01 18:36:00,-0.032026523852096034
2020-05-01 18:39:00,-0.10266892069819278
2020-05-01 18:42:00,-0.176748553195182
2020-05-01 18:45:00,-0.15434566076902456
2020-05-01 18:48:00,-0.11961832915665127
2020-05-01 18:51:00,-0.09296881240862831
2020-05-01 18:54:00,
2020-05-01 18:57:00,
2020-05-01 19:00:00,
2020-05-01 19:03:00,-0.11369417778104207
2020-05-01 19:06:00,-0.07589522782899394
2020-05-01 19:09:00,-0.0990712734594581
2020-05-01 19:12:00,-0.019250274034220638
2020-05-01 19:15:00,-0.033810646468566574
2020-05-01 19:18:00,-0.026467690762103757
2020-05-01 19:21:00,0.03902431510084625
2020-05-01 19:24:00,-0.060437970995678825
2020-05-01 19:27:00,-0.045296563241322474
2020-05-01 19:30:00,-0.029618405898759192
2020-05-01 19:33:00,-0.06102380912437866
2020-05-01 19:36:00,-0.051413392780489175
2020-05-01 19:39:00,-0.07277838068142728
2020-05-01 19:42:00,-0.022854635712462823
2020-05-01 19:45:00,-0.08508039064656714
2020-05-01 19:48:00,-0.059784910678558845
2020-05-01 19:51:00,0.020975262448587273
2020-05-01 19:54:00,-0.046960875336594654
2020-05-01 19:57:00,0.030329980668227563
2020-05-01 20:00:00,0.059748960875140256
2020-05-01 20:03:00,-0.030666163963360304
2020-05-01 20:06:00,-0.04286001065219125
2020-05-01 20:09:00,0.023071042486151327
2020-05-01 20:12:00,-0.010748411739143648
2020-05-01 20:15:00,-0.05658879691020502
2020-05-01 20:18:00,-0.0004690617336109426
2020-05-01 20:21:00,0.024693487852061935
2020-05-01 20:24:00,-0.03944762420570669
2020-05-01 20:27:00,0.10004586091071133
2020-05-01 20:30:00,0.012394822566761832
2020-05-01 20:33:00,0.05735568863167373
2020-05-01 20:36:00,-0.0380391627106178
2020-05-01 20:39:00,0.11984984934377962
2020-05-01 20:42:00,0.14162892286003625
2020-05-01 20:45:00,0.044441355204469346
2020-05-01 20:48:00,0.06282787400130019
2020-05-01 20:51:00,0.051155713090679455
2020-05-01 20:54:00,0.0038274108230211823
2020-05-01 20:57:00,0.017556087678769927
2020-05-01 21:00:00,0.07540533760590051
2020-05-01 21:03:00,0.02753558040757298
2020-05-01 21:06:00,0.15447082458234718
2020-05-01 21:09:00,0.05418631041845856
2020-05-01 21:12:00,0.05647705798247671
2020-05-01 21:15:00,0.03328442762540362
2020-05-01 21:18:00,0.1599645772802205
2020-05-01 21:21:00,0.0829479711909471
2020-05-01 21:24:00,0.11240932314018437
2020-05-01 21:27:00,0.1298339089518663
2020-05-01 21:30:00,0.10642712794793852
2020-05-01 21:33:00,0.13385909594245504
2020-05-01 21:36:00,0.1289149909232492
2020-05-01 21:39:00,0.11913790515660594
2020-05-01 21:42:00,0.14482790310165683
2020-05-01 21:45:00,0.0725619735810028
2020-05-01 21:48:00,0.11625200830491167
2020-05-01 21:51:00,0.19499970609422235
2020-05-01 21:54:00,0.07846739658452861
2020-05-01 21:57:00,0.06323094049542988
2020-05-01 22:00:00,0.11697961937380796
2020-05-01 22:03:00,0.06913577602131227
2020-05-01 22:06:00,0.1264441554106952
2020-05-01 22:09:00,0.05220795906359399
2020-05-01 22:12:00,0.10653054728726374
2020-05-01 22:15:00,0.018718939735151707
2020-05-01 22:18:00,0.13680335662940024
2020-05-01 22:21:00,0.12136054863117351
2020-05-01 22:24:00,0.10794697036743628
2020-05-01 22:27:00,0.09471009527464958
2020-05-01 22:30:00,0.19049707324364817
2020-05-01 22:33:00,0.163346682664951
2020-05-01 22:36:00,0.041505764096655184
2020-05-01 22:39:00,0.12678376783998146
2020-05-01 22:42:00,-0.023271742942085893
2020-05-01 22:45:00,0.07254099166749484
2020-05-01 22:48:00,0.0782009556136245
2020-05-01 22:51:00,0.05853644418340309
2020-05-01 22:54:00,0.1168730911309126
2020-05-01 22:57:00,0.007304156118607352
2020-05-01 23:00:00,0.06521739677970118
2020-05-01 23:03:00,0.03316247961578256
2020-05-01 23:06:00,0.06117169283209023
2020-05-01 23:09:00,0.025620015554977726
2020-05-01 23:12:00,0.10059608459630454
2020-05-01 23:15:00,0.13379606509334963
2020-05-01 23:18:00,0.21350548985230944
2020-05-01 23:21:00,0.1107304029513898
2020-05-01 23:24:00,0.07018611006316178
2020-05-01 23:27:00,0.02998509323106191
2020-05-01 23:30:00,0.21446090344215918
2020-05-01 23:33:00,0.19363284794292213
2020-05-01 23:36:00,0.11324865821467256
2020-05-01 23:39:00,0.11490578831632092
2020-05-01 23:42:00,0.1427839998477225
2020-05-01 23:45:00,0.10613260923258849
2020-05-01 23:48:00,0.11825292527834108
2020-05-01 23:51:00,0.09049625580991005
2020-05-01 23:54:00,0.13262951125426525
2020-05-01 23:57:00,0.07200147127633727
2020-05-02 00:00:00,0.21749663203945602
2020-05-02 00:03:00,0.18681671749294537
2020-05-02 00:06:00,0.2011529166667856
2020-05-02 00:09:00,0.18372034672722748
2020-05-02 00:12:00,0.2510842256731962
2020-05-02 00:15:00,0.15665842650463446
2020-05-02 00:18:00,0.1358179707203817
2020-05-02 00:21:00,0.1925872612808348
2020-05-02 00:24:00,0.16068622268267063
2020-05-02 00:27:00,0.1673061439600474
2020-05-02 00:30:00,0.14587135275229457
2020-05-02 00:33:00,0.19479416296587715
2020-05-02 00:36:00,0.10846502321618345
2020-05-02 00:39:00,0.19307929341755425
2020-05-02 00:42:00,0.15169409230981046
2020-05-02 00:45:00,0.1263579247010398
2020-05-02 00:48:00,0.17495492088050923
2020-05-02 00:51:00,0.13187951274221632
2020-05-02 00:54:00,0.12967291741261988
2020-05-02 00:57:00,0.06671682605502838
2020-05-02 01:00:00,0.21637729145760431
2020-05-02 01:03:00,0.1495107172158896
2020-05-02 01:06:00,0.23695707721100234
2020-05-02 01:09:00,0.10998488399513917
2020-05-02 01:12:00,0.09428501505112763
2020-05-02 01:15:00,0.17671774526593254
2020-05-02 01:18:00,0.13453204617724168
2020-05-02 01:21:00,0.24212279780977042
2020-05-02 01:24:00,0.11745283504927784
2020-05-02 01:27:00,0.1832601997069787
2020-05-02 01:30:00,0.14152398255254184
2020-05-02 01:33:00,0.20766175491274907
2020-05-02 01:36:00,0.19317030570505267
2020-05-02 01:39:00,0.18610948592987597
2020-05-02 01:42:00,0.15360133851191904
2020-05-02 01:45:00,0.21912993931675828
2020-05-02 01:48:00,0.30844998119977163
2020-05-02 01:51:00,0.20403367351605084
2020-05-02 01:54:00,0.2856848546746278
2020-05-02 01:57:00,0.2087004249380584
2020-05-02 02:00:00,0.1627061593665644
2020-05-02 02:03:00,0.12940034564178404
2020-05-02 02:06:00,0.1693861196036437
2020-05-02 02:09:00,0.139532237280946
2020-05-02 02:12:00,0.16680837549108674
2020-05-02 02:15:00,0.32410709548457817
2020-05-02 02:18:00,0.21237191996942784
2020-05-02 02:21:00,0.22118230047595944
2020-05-02 02:24:00,0.26047501756505653
2020-05-02 02:27:00,0.11874247055106935
2020-05-02 02:30:00,0.181218726723273
2020-05-02 02:33:00,0.2996404757967639
2020-05-02 02:36:00,0.2840723948683035
2020-05-02 02:39:00,0.3108810075760289
2020-05-02 02:42:00,0.2652719594868813
2020-05-02 02:45:00,0.32807226298342584
2020-05-02 02:48:00,0.2702666638008395
2020-05-02 02:51:00,0.27493852699006993
2020-05-02 02:54:00,0.2753968948808847
2020-05-02 02:57:00,0.3018683148598029
2020-05-02 03:00:00,0.25992469298381593
2020-05-02 03:03:00,0.20891128198121578
2020-05-02 03:06:00,0.27937745930648816
2020-05-02 03:09:00,0.2665497764950828
2020-05-02 03:12:00,0.22917217256042477
2020-05-02 03:15:00,0.323606714507207
2020-05-02 03:18:00,0.24633406747597064
2020-05-02 03:21:00,0.17087740509498417
2020-05-02 03:24:00,0.23032363466757033
2020-05-02 03:27:00,0.20955860719465136
2020-05-02 03:30:00,0.3160450578951668
2020-05-02 03:33:00,0.29521506428534394
2020-05-02 03:36:00,0.25216998028412263
2020-05-02 03:39:00,0.3471984074727743
2020-05-02 03:42:00,0.24675576992353854
2020-05-02 03:45:00,0.2278141706398742
2020-05-02 03:48:00,0.24929835672890022
2020-05-02 03:51:00,0.29833940764541467
2020-05-02 03:54:00,0.2904404954113602
2020-05-02 03:57:00,0.3265063550554146
2020-05-02 04:00:00,0.27810475143041913
2020-05-02 04:03:00,0.3804526949654701
2020-05-02 04:06:00,0.2921321393541234
2020-05-02 04:09:00,0.3814497932348786
2020-05-02 04:12:00,0.23680906719931727
2020-05-02 04:15:00,0.2982923145686982
2020-05-02 04:18:00,0.3069875242784974
2020-05-02 04:21:00,0.371164380663231
2020-05-02 04:24:00,0.20094068138536159
2020-05-02 04:27:00,0.3035454132275959
2020-05-02 04:30:00,0.2464813373181869
2020-05-02 04:33:00,0.3428385179225302
2020-05-02 04:36:00,0.21814094443078602
2020-05-02 04:39:00,0.3000770872752696
2020-05-02 04:42:00,0.39182913837669275
2020-05-02 04:45:00,0.4050542220072657
2020-05-02 04:48:00,0.3181575588632768
2020-05-02 04:51:00,0.2697569899505652
2020-05-02 04:54:00,0.2919731744779597
2020-05-02 04:57:00,0.3301397407307718
2020-05-02 05:00:00,0.36505036349188913
2020-05-02 05:03:00,0.38857245521381856
2020-05-02 05:06:00,0.3488961165071487
2020-05-02 05:09:00,0.39937738252820054
2020-05-02 05:12:00,0.38465993055308445
2020-05-02 05:15:00,0.3588106668319142
2020-05-02 05:18:00,0.3516625044868533
2020-05-02 05:21:00,0.2506374818775612
2020-05-02 05:24:00,0.27938992891046155
2020-05-02 05:27:00,0.3176034679671602
2020-05-02 05:30:00,0.28949417246940357
2020-05-02 05:33:00,0.40796261468022976
2020-05-02 05:36:00,0.251753108845719
2020-05-02 05:39:00,0.30533253157597073
2020-05-02 05:42:00,0.3116279620529667
2020-05-02 05:45:00,0.21752469666978413
2020-05-02 05:48:00,0.2772752530070193
2020-05-02 05:51:00,0.20957803449687162
2020-05-02 05:54:00,0.24684223212301504
2020-05-02 05:57:00,0.25805841942747065
2020-05-02 06:00:00,0.2538367419060137
2020-05-02 06:03:00,0.24940654430241693
2020-05-02 06:06:00,0.19446439668610083
2020-05-02 06:09:00,0.26270471583711696
2020-05-02 06:12:00,0.1645712865333735
2020-05-02 06:15:00,0.2769860189683868
2020-05-02 06:18:00,0.32205875957725993
2020-05-02 06:21:00,0.27132741666559923
2020-05-02 06:24:00,0.29859893258498005
2020-05-02 06:27:00,0.3071455393396718
2020-05-02 06:30:00,0.36611536460446814
2020-05-02 06:33:00,0.24938461008474633
2020-05-02 06:36:00,0.20536159330714554
2020-05-02 06:39:00,0.23085154745132286
2020-05-02 06:42:00,0.24210156148456008
2020-05-02 06:45:00,0.22698858403640543
2020-05-02 06:48:00,0.2858232941213146
2020-05-02 06:51:00,0.33065946664680723
2020-05-02 06:54:00,0.4710422414801769
2020-05-02 06:57:00,0.3048695506702188
2020-05-02 07:00:00,0.27871856440259535
2020-05-02 07:03:00,0.29621991337222653
2020-05-02 07:06:00,0.24261526942547107
2020-05-02 07:09:00,0.27139151786127513
2020-05-02 07:12:00,0.23529572378606645
2020-05-02 07:15:00,0.3244996145323853
2020-05-02 07:18:00,0.16639076263226116
2020-05-02 07:21:00,0.3129432972854147
2020-05-02 07:24:00,0.31321303633149
2020-05-02 07:27:00,0.24515584349359187
2020-05-02 07:30:00,0.27538565058745235
2020-05-02 07:33:00,0.219411098147134
2020-05-02 07:36:00,0.2387008586284196
2020-05-02 07:39:00,0.26897239311733756
2020-05-02 07:42:00,0.21649616248504344
2020-05-02 07:45:00,0.07384271652875896
2020-05-02 07:48:00,0.2503619119050313
2020-05-02 07:51:00,0.1361747207978965
2020-05-02 07:54:00,0.24485634175340465
2020-05-02 07:57:00,0.280405866059084
2020-05-02 08:00:00,0.16157918596883292
2020-05-02 08:03:00,0.18947349178881723
2020-05-02 08:06:00,0.21493302895385114
2020-05-02 08:09:00,0.2589817670599359
2020-05-02 08:12:00,0.2074666277831625
2020-05-02 08:15:00,0.15053673543360446
2020-05-02 08:18:00,0.1342482802689915
2020-05-02 08:21:00,0.14104530627849954
2020-05-02 08:24:00,0.139682554742933
2020-05-02 08:27:00,0.1588808095729064
2020-05-02 08:30:00,0.014306417125681037
2020-05-02 08:33:00,0.10364804202976075
2020-05-02 08:36:00,-0.055678138644339015
2020-05-02 08:39:00,-0.07610996768261202
2020-05-02 08:42:00,-0.09777518969042376
2020-05-02 08:45:00,-0.13493862584613225
2020-05-02 08:48:00,-0.14978904336533105
2020-05-02 08:51:00,-0.11421502688017426
2020-05-02 08:54:00,-0.06028631766184844
2020-05-02 08:57:00,-0.13185702786421416
2020-05-02 09:00:00,-0.08898128731470933
2020-05-02 09:03:00,-0.12861748803203454
2020-05-02 09:06:00,-0.1204183075644778
2020-05-02 09:09:00,-0.07075700214795688
2020-05-02 09:12:00,-0.20610758244527005
2020-05-02 09:15:00,-0.1514377999397425
2020-05-02 09:18:00,-0.14257918114054746
2020-05-02 09:21:00,-0.19999446302529122
2020-05-02 09:24:00,-0.21882732705552144
2020-05-02 09:27:00,-0.10321900744918366
2020-05-02 09:30:00,-0.08914700558131017
2020-05-02 09:33:00,-0.20257691079285678
2020-05-02 09:36:00,-0.2041514085773315
2020-05-02 09:39:00,-0.19310585003449887
2020-05-02 09:42:00,-0.20447808034418813
2020-05-02 09:45:00,-0.20279352951479268
2020-05-02 09:48:00,-0.1600356947597561
2020-05-02 09:51:00,-0.21060796182939612
2020-05-02 09:54:00,-0.19443517410428512
2020-05-02 09:57:00,-0.24455695173708136
2020-05-02 10:00:00,-0.33931263970634973
2020-05-02 10:03:00,-0.2696356486542868
2020-05-02 10:06:00,-0.24705599303831605
2020-05-02 10:09:00,-0.1748329608016661
2020-05-02 10:12:00,-0.24360612243015112
2020-05-02 10:15:00,-0.3079749983623401
2020-05-02 10:18:00,-0.2348367631377073
2020-05-02 10:21:00,-0.2530346737908644
2020-05-02 10:24:00,-0.12916890473337617
2020-05-02 10:27:00,-0.3017737107576295
2020-05-02 10:30:00,-0.14735388416158912
2020-05-02 10:33:00,-0.2313280119573733
2020-05-02 10:36:00,-0.3165418368644737
2020-05-02 10:39:00,-0.15897920651480035
2020-05-02 10:42:00,-0.3725514213987253
2020-05-02 10:45:00,-0.34994225692395275
2020-05-02 10:48:00,-0.31723117549057633
2020-05-02 10:51:00,-0.36930127475659447
2020-05-02 10:54:00,-0.2508851244182324
2020-05-02 10:57:00,-0.3146829718045865
2020-05-02 11:00:00,-0.24887037570158554
2020-05-02 11:03:00,-0.2716012354704844
2020-05-02 11:06:00,-0.1729787448036859
2020-05-02 11:09:00,-0.3680882457953203
2020-05-02 11:12:00,-0.34428698130204793
2020-05-02 11:15:00,-0.34847940449202497
2020-05-02 11:18:00,-0.33713351475563513
2020-05-02 11:21:00,-0.4069869177168357
2020-05-02 11:24:00,-0.3360361868137147
2020-05-02 11:27:00,-0.24654486205457715
2020-05-02 11:30:00,-0.40148044044838116
2020-05-02 11:33:00,-0.37760460959316333
2020-05-02 11:36:00,-0.2686541288899207
2020-05-02 11:39:00,-0.23610976875960432
2020-05-02 11:42:00,-0.2889600902244638
2020-05-02 11:45:00,-0.2872039556375512
2020-05-02 11:48:00,-0.241017517901696
2020-05-02 11:51:00,-0.4204876035082066
2020-05-02 11:54:00,-0.24100151501966138
2020-05-02 11:57:00,-0.22302606803242497
2020-05-02 12:00:00,-0.34886544926831675
2020-05-02 12:03:00,-0.2824460705892875
2020-05-02 12:06:00,-0.3405515123478722
2020-05-02 12:09:00,-0.31770904638091224
2020-05-02 12:12:00,-0.44084318621611374
2020-05-02 12:15:00,-0.4704011436527935
2020-05-02 12:18:00,-0.41837941909403753
2020-05-02 12:21:00,-0.29822740931507496
2020-05-02 12:24:00,-0.3990235349577915
2020-05-02 12:27:00,-0.4104219731992771
2020-05-02 12:30:00,-0.34562892585279315
2020-05-02 12:33:00,-0.2873078855462836
2020-05-02 12:36:00,-0.23332773906611237
2020-05-02 12:39:00,-0.17913731320157922
2020-05-02 12:42:00,-0.2146644957118724
2020-05-02 12:45:00,-0.2595450372066921
2020-05-02 12:48:00,-0.17027540013339149
2020-05-02 12:51:00,-0.1555936639328479
2020-05-02 12:54:00,-0.25990792307089805
2020-05-02 12:57:00,-0.26414360330426234
2020-05-02 13:00:00,-0.0833018850593703
2020-05-02 13:03:00,-0.14011836302512393
2020-05-02 13:06:00,-0.18327679291718368
2020-05-02 13:09:00,-0.11867049773394456
2020-05-02 13:12:00,-0.1650547906444899
2020-05-02 13:15:00,-0.1793053314402755
2020-05-02 13:18:00,-0.29444238714262383
2020-05-02 13:21:00,-0.16522446630000331
2020-05-02 13:24:00,-0.1821977379209443
2020-05-02 13:27:00,-0.019687653919675085
2020-05-02 13:30:00,-0.13167470315573837
2020-05-02 13:33:00,-0.22691200768645103
2020-05-02 13:36:00,-0.22646546286745206
2020-05-02 13:39:00,-0.1546746768923981
2020-05-02 13:42:00,-0.18475721447504156
2020-05-02 13:45:00,-0.13525298057811597
2020-05-02 13:48:00,-0.08588548263998064
2020-05-02 13:51:00,-0.08220375447223205
2020-05-02 13:54:00,-0.19501857963933844
2020-05-02 13:57:00,-0.1427434620998156
2020-05-02 14:00:00,-0.25387328445123103
2020-05-02 14:03:00,-0.3255717075135749
2020-05-02 14:06:00,-0.20965344682383602
2020-05-02 14:09:00,-0.2837843570192149
2020-05-02 14:12:00,-0.17728699754701438
2020-05-02 14:15:00,-0.20346175285368417
2020-05-02 14:18:00,-0.16284263479138872
2020-05-02 14:21:00,-0.19953133481141094
2020-05-02 14:24:00,-0.16260370884413078
2020-05-02 14:27:00,-0.30877090466265145
2020-05-02 14:30:00,-0.3199051820802197
2020-05-02 14:33:00,-0.29975553963350876
2020-05-02 14:36:00,-0.225135127144938
2020-05-02 14:39:00,-0.2351656138052931
2020-05-02 14:42:00,-0.2009595823791983
2020-05-02 14:45:00,-0.2607798532089305
2020-05-02 14:48:00,-0.3766094842912935
2020-05-02 14:51:00,-0.5123446404012384
2020-05-02 14:54:00,-0.41114462376526717
2020-05-02 14:57:00,-0.4472961345354065
2020-05-02 15:00:00,-0.39081457789927754
2020-05-02 15:03:00,-0.3788105816950065
2020-05-02 15:06:00,-0.3362628061787518
2020-05-02 15:09:00,-0.42109849006783406
2020-05-02 15:12:00,-0.43534578462191575
2020-05-02 15:15:00,-0.3767214967480754
2020-05-02 15:18:00,-0.4022866004081038
2020-05-02 15:21:00,-0.41004627255915693
2020-05-02 15:24:00,-0.3996814487980487
2020-05-02 15:27:00,-0.49696990932790186
2020-05-02 15:30:00,-0.4275745736518388
2020-05-02 15:33:00,-0.5318356159788777
2020-05-02 15:36:00,-0.46538898577870214
2020-05-02 15:39:00,-0.48065030726127134
2020-05-02 15:42:00,-0.3821683989256144
2020-05-02 15:45:00,-0.39219018047981535
2020-05-02 15:48:00,-0.4293160847736317
2020-05-02 15:51:00,-0.368830077572909
2020-05-02 15:54:00,-0.43226641492276485
2020-05-02 15:57:00,-0.294007000133206
2020-05-02 16:00:00,-0.42787946848898173
2020-05-02 16:03:00,-0.3626442285012672
2020-05-02 16:06:00,-0.47066870171914843
2020-05-02 16:09:00,-0.44234842262426355
2020-05-02 16:12:00,-0.4334715475084181
2020-05-02 16:15:00,-0.40060431989132894
2020-05-02 16:18:00,-0.41969868675346333
2020-05-02 16:21:00,-0.37504408076682694
2020-05-02 16:24:00,-0.39889452893277166
2020-05-02 16:27:00,-0.4305744668560578
2020-05-02 16:30:00,-0.4653459695364859
2020-05-02 16:33:00,-0.4820274205420674
2020-05-02 16:36:00,-0.4502806886999906
2020-05-02 16:39:00,-0.36263980413747277
2020-05-02 16:42:00,-0.40878672991578924
2020-05-02 16:45:00,-0.31186638776210884
2020-05-02 16:48:00,-0.35067205821036396
2020-05-02 16:51:00,-0.33790378140906796
2020-05-02 16:54:00,-0.4228046418074882
2020-05-02 16:57:00,-0.22552894848973892
2020-05-02 17:00:00,-0.2719789335706082
2020-05-02 17:03:00,-0.318490828960762
2020-05-02 17:06:00,-0.4378147492453195
2020-05-02 17:09:00,-0.33990235917315204
2020-05-02 17:12:00,-0.3830632121546955
2020-05-02 17:15:00,-0.36470205326281757
2020-05-02 17:18:00,-0.42878185074380326
2020-05-02 17:21:00,-0.32701439184114633
2020-05-02 17:24:00,-0.31607362641011605
2020-05-02 17:27:00,-0.38793556296354836
2020-05-02 17:30:00,-0.3516242013012061
2020-05-02 17:33:00,-0.34006182925077155
2020-05-02 17:36:00,-0.29340195187961626
2020-05-02 17:39:00,-0.34993924240234264
2020-05-02 17:42:00,-0.4294945823366447
2020-05-02 17:45:00,-0.3426537598996333
2020-05-02 17:48:00,-0.38109395952932346
2020-05-02 17:51:00,-0.34612206423696534
2020-05-02 17:54:00,-0.28699972200917045
2020-05-02 17:57:00,-0.34868281982687677
2020-05-02 18:00:00,-0.3468785874889022
2020-05-02 18:03:00,-0.21926994380561382
2020-05-02 18:06:00,-0.39886001407001004
2020-05-02 18:09:00,-0.23521748240244733
2020-05-02 18:12:00,-0.2638135260501713
2020-05-02 18:15:00,-0.29559192807397494
2020-05-02 18:18:00,-0.2537363441323919
2020-05-02 18:21:00,-0.2562583739363049
2020-05-02 18:24:00,-0.1506538829494275
2020-05-02 18:27:00,-0.32315268881461634
2020-05-02 18:30:00,-0.3146734194772307
2020-05-02 18:33:00,-0.41800640480778384
2020-05-02 18:36:00,-0.3167044429039265
2020-05-02 18:39:00,-0.3641338519672104
2020-05-02 18:42:00,-0.36230442303087784
2020-05-02 18:45:00,-0.30869981059191787
2020-05-02 18:48:00,-0.3060104668691679
2020-05-02 18:51:00,-0.31043933590444794
2020-05-02 18:54:00,
2020-05-02 18:57:00,
2020-05-02 19:00:00,
2020-05-02 19:03:00,-0.2207910362863572
2020-05-02 19:06:00,-0.18419262819691085
2020-05-02 19:09:00,-0.3260911425255131
2020-05-02 19:12:00,-0.19478311878509658
2020-05-02 19:15:00,-0.19690187492693667
2020-05-02 19:18:00,-0.11942953637162645
2020-05-02 19:21:00,-0.1589549646784576
2020-05-02 19:24:00,-0.18710553502057792
2020-05-02 19:27:00,-0.271201975925635
2020-05-02 19:30:00,-0.15212780277204274
2020-05-02 19:33:00,-0.20581950117787073
2020-05-02 19:36:00,-0.23888829954569246
2020-05-02 19:39:00,-0.1979018754739741
2020-05-02 19:42:00,-0.2574902493789182
2020-05-02 19:45:00,-0.23337803976625082
2020-05-02 19:48:00,-0.23397270187723507
2020-05-02 19:51:00,-0.135803549662171
2020-05-02 19:54:00,-0.2027138562149844
2020-05-02 19:57:00,-0.32093056863516267
2020-05-02 20:00:00,-0.13210746285790265
2020-05-02 20:03:00,-0.05082222699468275
2020-05-02 20:06:00,-0.06468650989955904
2020-05-02 20:09:00,-0.25236438323173616
2020-05-02 20:12:00,-0.14009330549441756
2020-05-02 20:15:00,-0.0826202020162441
2020-05-02 20:18:00,-0.10370687538431866
2020-05-02 20:21:00,-0.0787894303512644
2020-05-02 20:24:00,-0.22995214439328038
2020-05-02 20:27:00,-0.15666330954496743
2020-05-02 20:30:00,-0.10700346328809474
2020-05-02 20:33:00,-0.13707060984751251
2020-05-02 20:36:00,-0.14735379701272677
2020-05-02 20:39:00,-0.14366411268059665
2020-05-02 20:42:00,-0.10562184519784523
2020-05-02 20:45:00,-0.11958987447513891
2020-05-02 20:48:00,-0.16201977750660035
2020-05-02 20:51:00,-0.18557700029003854
2020-05-02 20:54:00,-0.19750480469645026
2020-05-02 20:57:00,-0.13707263589031982
2020-05-02 21:00:00,-0.19821327739293793
2020-05-02 21:03:00,-0.09246427191413886
2020-05-02 21:06:00,-0.1520471619906516
2020-05-02 21:09:00,-0.059321545539376075
2020-05-02 21:12:00,-0.13933401388783295
2020-05-02 21:15:00,-0.055294004737675095
2020-05-02 21:18:00,-0.16394001058199592
2020-05-02 21:21:00,-0.07252955192859645
2020-05-02 21:24:00,-0.028913991295041797
2020-05-02 21:27:00,0.0029773912254995594
2020-05-02 21:30:00,-0.11947462552797106
2020-05-02 21:33:00,-0.019493041833243296
2020-05-02 21:36:00,-0.05984957595387641
2020-05-02 21:39:00,-0.19063007428076162
2020-05-02 21:42:00,-0.08959678853022979
2020-05-02 21:45:00,-0.1329104667389629
2020-05-02 21:48:00,-0.1359662877227379
2020-05-02 21:51:00,-0.012908846998584522
2020-05-02 21:54:00,-0.006625274574275863
2020-05-02 21:57:00,-0.11105217894765929
2020-05-02 22:00:00,-0.07080700942714202
2020-05-02 22:03:00,0.002968576077932994
2020-05-02 22:06:00,-0.07308248799341754
2020-05-02 22:09:00,-0.0666139843293081
2020-05-02 22:12:00,-0.03379234065641867
2020-05-02 22:15:00,-0.0401996082422329
2020-05-02 22:18:00,-0.09304773097085217
2020-05-02 22:21:00,-0.07605038193111113
2020-05-02 22:24:00,-0.08898884541048346
2020-05-02 22:27:00,-0.03195400936334636
2020-05-02 22:30:00,0.009927997246677478
2020-05-02 22:33:00,-0.014735109996024676
2020-05-02 22:36:00,-0.012607629820934108
2020-05-02 22:39:00,-0.0038900583993495275
2020-05-02 22:42:00,0.05704011985994839
2020-05-02 22:45:00,-0.024237963136783947
2020-05-02 22:48:00,0.060058322125428276
2020-05-02 22:51:00,-0.01443720751251476
2020-05-02 22:54:00,-0.020482847507423685
2020-05-02 22:57:00,0.14095835028126658
2020-05-02 23:00:00,-0.030863988947885446
2020-05-02 23:03:00,-0.0072624068145046294
2020-05-02 23:06:00,0.0051055619250632844
2020-05-02 23:09:00,-0.045916918951718344
2020-05-02 23:12:00,-0.037260343336299684
2020-05-02 23:15:00,-0.028738452070342646
2020-05-02 23:18:00,-0.004219994003392458
2020-05-02 23:21:00,0.010527350090342225
2020-05-02 23:24:00,-0.02605538245296657
2020-05-02 23:27:00,-0.032585824120872076
2020-05-02 23:30:00,-0.007034750714922211
2020-05-02 23:33:00,0.07075265126348995
2020-05-02 23:36:00,-0.11208996326911347
2020-05-02 23:39:00,-0.0805961488396747
2020-05-02 23:42:00,0.08475589517411208
2020-05-02 23:45:00,0.03690646377435769
2020-05-02 23:48:00,-0.056946587274865124
2020-05-02 23:51:00,-0.05440874302399834
2020-05-02 23:54:00,-0.02990929041959589
2020-05-02 23:57:00,0.021926150286333268
2020-05-03 00:00:00,0.03196915005679557
2020-05-03 00:03:00,0.03433287137380603
2020-05-03 00:06:00,-0.08165616958871169
2020-05-03 00:09:00,0.09061382179066868
2020-05-03 00:12:00,-0.05754049796746585
2020-05-03 00:15:00,0.022624591389956095
2020-05-03 00:18:00,0.006899358221289731
2020-05-03 00:21:00,-0.024114091755564004
2020-05-03 00:24:00,0.0379036373176973
2020-05-03 00:27:00,-0.04510930892934084
2020-05-03 00:30:00,0.07309890809187891
2020-05-03 00:33:00,0.02834733370025333
2020-05-03 00:36:00,0.004480337190557293
2020-05-03 00:39:00,-0.01269164575518289
2020-05-03 00:42:00,0.02758431632690872
2020-05-03 00:45:00,0.10864613669980372
2020-05-03 00:48:00,0.05095028661179413
2020-05-03 00:51:00,0.03895936139042533
2020-05-03 00:54:00,0.1014960359431143
2020-05-03 00:57:00,0.043960642895171986
2020-05-03 01:00:00,0.024819440268061044
2020-05-03 01:03:00,0.09276640540446124
2020-05-03 01:06:00,0.02327218725935154
2020-05-03 01:09:00,0.03016758631429184
2020-05-03 01:12:00,-0.017048217776675756
2020-05-03 01:15:00,0.012491337668393498
2020-05-03 01:18:00,-0.06365194249792694
2020-05-03 01:21:00,-0.023442770589952033
2020-05-03 01:24:00,-0.04963447098924689
2020-05-03 01:27:00,-0.05551471173282607
2020-05-03 01:30:00,-0.0452352585995186
2020-05-03 01:33:00,0.07588049343513603
2020-05-03 01:36:00,-0.006109195256044586
2020-05-03 01:39:00,0.021170825084482203
2020-05-03 01:42:00,-0.034074874216230455
2020-05-03 01:45:00,-0.01585480882755519
2020-05-03 01:48:00,0.015953299453713043
2020-05-03 01:51:00,0.0651253838685193
2020-05-03 01:54:00,0.20968436394070977
2020-05-03 01:57:00,0.11528957324622979
2020-05-03 02:00:00,0.12273416588794817
2020-05-03 02:03:00,0.11076786794706095
2020-05-03 02:06:00,0.14397071381273463
2020-05-03 02:09:00,0.08887267536130139
2020-05-03 02:12:00,0.08708402530680814
2020-05-03 02:15:00,0.07282622231127789
2020-05-03 02:18:00,0.05173009091305403
2020-05-03 02:21:00,0.047986011879629586
2020-05-03 02:24:00,-0.042839121512827205
2020-05-03 02:27:00,-0.003009583291373019
2020-05-03 02:30:00,0.013624833098901945
2020-05-03 02:33:00,0.02517343361643043
2020-05-03 02:36:00,0.014684410687948457
2020-05-03 02:39:00,0.05699587605624856
2020-05-03 02:42:00,0.04146434720240677
2020-05-03 02:45:00,0.09874199493935976
2020-05-03 02:48:00,0.09556244967541261
2020-05-03 02:51:00,0.09364054893961793
2020-05-03 02:54:00,0.007754383479664284
2020-05-03 02:57:00,0.11020611484156007
2020-05-03 03:00:00,0.08821201756063601
2020-05-03 03:03:00,-0.001803819611268409
2020-05-03 03:06:00,-0.012161207101542004
2020-05-03 03:09:00,0.06029850956770133
2020-05-03 03:12:00,0.07295942386855359
2020-05-03 03:15:00,0.021294075819696445
2020-05-03 03:18:00,0.05230167018743259
2020-05-03 03:21:00,0.0777705209241617
2020-05-03 03:24:00,0.061000381017151994
2020-05-03 03:27:00,0.08707931321629303
2020-05-03 03:30:00,0.03097489982701518
2020-05-03 03:33:00,0.07211623980879267
2020-05-03 03:36:00,0.050866987768586114
2020-05-03 03:39:00,0.07693919582942499
2020-05-03 03:42:00,0.10916298768972865
2020-05-03 03:45:00,0.1266402884378408
2020-05-03 03:48:00,0.0970396987318054
2020-05-03 03:51:00,0.06654835689215588
2020-05-03 03:54:00,-0.03076988475760345
2020-05-03 03:57:00,0.03821877392761053
2020-05-03 04:00:00,0.07586209616459882
2020-05-03 04:03:00,0.10446497240502595
2020-05-03 04:06:00,0.031013327523623957
2020-05-03 04:09:00,0.023280571000498185
2020-05-03 04:12:00,0.044646257749775486
2020-05-03 04:15:00,0.0687138423182887
2020-05-03 04:18:00,0.125243667921211
2020-05-03 04:21:00,0.1315683058489867
2020-05-03 04:24:00,0.11741231459762957
2020-05-03 04:27:00,0.1332254632019385
2020-05-03 04:30:00,0.12413728952878955
2020-05-03 04:33:00,0.12031171834598808
2020-05-03 04:36:00,0.18028943597545322
2020-05-03 04:39:00,0.15763952586945607
2020-05-03 04:42:00,0.018275116430004346
2020-05-03 04:45:00,0.16418445000090287
2020-05-03 04:48:00,0.12786163649030868
2020-05-03 04:51:00,0.04438784813407892
2020-05-03 04:54:00,0.10112067209769293
2020-05-03 04:57:00,0.09361746190484155
2020-05-03 05:00:00,0.05554896176880675
2020-05-03 05:03:00,-0.06332271455073624
2020-05-03 05:06:00,0.061937396954988344
2020-05-03 05:09:00,0.0657063961019162
2020-05-03 05:12:00,-0.019682581420113365
2020-05-03 05:15:00,-0.06709515651454012
2020-05-03 05:18:00,0.048357519265550764
2020-05-03 05:21:00,0.043493173056276646
2020-05-03 05:24:00,-0.008694249943403065
2020-05-03 05:27:00,0.05752196483672378
2020-05-03 05:30:00,0.07956655642351507
2020-05-03 05:33:00,0.13186000944796206
2020-05-03 05:36:00,0.1235606678253589
2020-05-03 05:39:00,0.10866460017552981
2020-05-03 05:42:00,0.023836147549900488
2020-05-03 05:45:00,0.08291671750811247
2020-05-03 05:48:00,0.08987841551203246
2020-05-03 05:51:00,0.15470869571555568
2020-05-03 05:54:00,0.08947001291437573
2020-05-03 05:57:00,0.09471898051640437
2020-05-03 06:00:00,-0.0052050351474690615
2020-05-03 06:03:00,0.009729004196856295
2020-05-03 06:06:00,-0.0017645197682440994
2020-05-03 06:09:00,0.10543994744335805
2020-05-03 06:12:00,-0.00540410360866872
2020-05-03 06:15:00,0.07975901081704251
2020-05-03 06:18:00,0.17487763980608406
2020-05-03 06:21:00,0.07059860240917715
2020-05-03 06:24:00,0.07570645703901846
2020-05-03 06:27:00,0.06763864664429775
2020-05-03 06:30:00,0.1686281405277441
2020-05-03 06:33:00,0.052563496553887035
2020-05-03 06:36:00,0.02411584887573781
2020-05-03 06:39:00,0.05066724843135262
2020-05-03 06:42:00,0.053525319237280655
2020-05-03 06:45:00,0.17832482954162288
2020-05-03 06:48:00,0.1114696574016989
2020-05-03 06:51:00,-0.006145348986535737
2020-05-03 06:54:00,0.08536755932834694
2020-05-03 06:57:00,0.06263123892551903
2020-05-03 07:00:00,0.08020741204330761
2020-05-03 07:03:00,0.14437515824414504
2020-05-03 07:06:00,0.0058791431539475525
2020-05-03 07:09:00,0.09952749561176688
2020-05-03 07:12:00,-0.020795466556364772
2020-05-03 07:15:00,0.0643890418101023
2020-05-03 07:18:00,0.06596718624575715
2020-05-03 07:21:00,0.12345553655268304
2020-05-03 07:24:00,0.04901256147820732
2020-05-03 07:27:00,0.1715207404334933
2020-05-03 07:30:00,0.13317071536840785
2020-05-03 07:33:00,0.19788384567351613
2020-05-03 07:36:00,0.16560976033201769
2020-05-03 07:39:00,0.16459080594091802
2020-05-03 07:42:00,0.10629726658413574
2020-05-03 07:45:00,0.01186580934944459
2020-05-03 07:48:00,0.00014077124308187194
2020-05-03 07:51:00,-0.008440600652306784
2020-05-03 07:54:00,-0.0047032283059138535
2020-05-03 07:57:00,0.11440725099907922
2020-05-03 08:00:00,0.002890268041596755
2020-05-03 08:03:00,0.025786469997171935
2020-05-03 08:06:00,-0.05897288948830237
2020-05-03 08:09:00,0.0068168743036380874
2020-05-03 08:12:00,-0.0019322081056998286
2020-05-03 08:15:00,0.04357224299894824
2020-05-03 08:18:00,0.04489362052953538
2020-05-03 08:21:00,0.01810697444602738
2020-05-03 08:24:00,0.03754945214268446
2020-05-03 08:27:00,0.0032798316937601157
2020-05-03 08:30:00,0.06794601135499079
2020-05-03 08:33:00,0.03382545243869117
2020-05-03 08:36:00,-0.11338583010820003
2020-05-03 08:39:00,0.022110254632650594
2020-05-03 08:42:00,-0.010745785860649448
2020-05-03 08:45:00,0.09786409811385965
2020-05-03 08:48:00,-0.03711859658716321
2020-05-03 08:51:00,-0.015715435945026
2020-05-03 08:54:00,-0.043087843334603804
2020-05-03 08:57:00,-0.03382601620586456
2020-05-03 09:00:00,-0.04235102523216483
2020-05-03 09:03:00,0.04904817856004229
2020-05-03 09:06:00,-0.09788057688388108
2020-05-03 09:09:00,-0.12838581248871606
2020-05-03 09:12:00,-0.026270856724750047
2020-05-03 09:15:00,-0.02577590926046014
2020-05-03 09:18:00,-0.07205323263605123
2020-05-03 09:21:00,-0.03060735930540659
2020-05-03 09:24:00,-0.1065148474078228
2020-05-03 09:27:00,-0.16824128892835688
2020-05-03 09:30:00,-0.006157965064119253
2020-05-03 09:33:00,-0.1496977934727397
2020-05-03 09:36:00,-0.17056842863433985
2020-05-03 09:39:00,-0.16422714071592281
2020-05-03 09:42:00,-0.07989391467538098
2020-05-03 09:45:00,-0.11748686436141043
2020-05-03 09:48:00,-0.0764788240536518
2020-05-03 09:51:00,-0.04286873508675626
2020-05-03 09:54:00,-0.023149063601351827
2020-05-03 09:57:00,-0.1994299800501267
2020-05-03 10:00:00,-0.17352643094500309
2020-05-03 10:03:00,-0.1815515498711875
2020-05-03 10:06:00,-0.12675718123273327
2020-05-03 10:09:00,-0.10995426863161128
2020-05-03 10:12:00,-0.11581291766225377
2020-05-03 10:15:00,-0.0729440343223473
2020-05-03 10:18:00,-0.07539830990020846
2020-05-03 10:21:00,-0.1515379865351747
2020-05-03 10:24:00,-0.1500077748284525
2020-05-03 10:27:00,-0.08730076032946954
2020-05-03 10:30:00,-0.19802295109701618
2020-05-03 10:33:00,-0.2579870321712292
2020-05-03 10:36:00,-0.11748327337119235
2020-05-03 10:39:00,-0.22973884878075523
2020-05-03 10:42:00,-0.213582236976265
2020-05-03 10:45:00,-0.2816704469831848
2020-05-03 10:48:00,-0.2088889121740749
2020-05-03 10:51:00,-0.12374034670926903
2020-05-03 10:54:00,-0.04478923122837841
2020-05-03 10:57:00,-0.2807151207633183
2020-05-03 11:00:00,-0.12391845205377194
2020-05-03 11:03:00,-0.23283549221463318
2020-05-03 11:06:00,-0.1944956716354227
2020-05-03 11:09:00,-0.20491615312948852
2020-05-03 11:12:00,-0.31905540616003236
2020-05-03 11:15:00,-0.16623807474553587
2020-05-03 11:18:00,-0.23837869813189627
2020-05-03 11:21:00,-0.32467258948594235
2020-05-03 11:24:00,-0.21998771971533415
2020-05-03 11:27:00,-0.20929215615751673
2020-05-03 11:30:00,-0.22009184510011437
2020-05-03 11:33:00,-0.31993244419521716
2020-05-03 11:36:00,-0.37936465066775327
2020-05-03 11:39:00,-0.3415555071555332
2020-05-03 11:42:00,-0.2977156116156152
2020-05-03 11:45:00,-0.38407030912873097
2020-05-03 11:48:00,-0.2871505760905393
2020-05-03 11:51:00,-0.33336492554388997
2020-05-03 11:54:00,-0.4426161354207352
2020-05-03 11:57:00,-0.3408592318650676
2020-05-03 12:00:00,-0.34410231918820955
2020-05-03 12:03:00,-0.3874731704245278
2020-05-03 12:06:00,-0.4159594726855289
2020-05-03 12:09:00,-0.41531701867285165
2020-05-03 12:12:00,-0.45704264868066957
2020-05-03 12:15:00,-0.5086399708097815
2020-05-03 12:18:00,-0.39962848643517646
2020-05-03 12:21:00,-0.45875370185308384
2020-05-03 12:24:00,-0.32890410316781526
2020-05-03 12:27:00,-0.4685248712205521
2020-05-03 12:30:00,-0.4338859877758523
2020-05-03 12:33:00,-0.4721442008078611
2020-05-03 12:36:00,-0.6173013606074278
2020-05-03 12:39:00,-0.44247568010734994
2020-05-03 12:42:00,-0.464692873169156
2020-05-03 12:45:00,-0.42096856814958983
2020-05-03 12:48:00,-0.5677500258314581
2020-05-03 12:51:00,-0.3710086430407955
2020-05-03 12:54:00,-0.5316118743326115
2020-05-03 12:57:00,-0.5153597441968145
2020-05-03 13:00:00,-0.46920936348868736
2020-05-03 13:03:00,-0.4710414819917901
2020-05-03 13:06:00,-0.5115572795440926
2020-05-03 13:09:00,-0.4942095281402885
2020-05-03 13:12:00,-0.5352712467345668
2020-05-03 13:15:00,-0.4506841557504231
2020-05-03 13:18:00,-0.4605708355897491
2020-05-03 13:21:00,-0.5336879585783549
2020-05-03 13:24:00,-0.49208028446616936
2020-05-03 13:27:00,-0.4414949063429958
2020-05-03 13:30:00,-0.4444024968643703
2020-05-03 13:33:00,-0.585948788723897
2020-05-03 13:36:00,-0.5752490277553193
2020-05-03 13:39:00,-0.42048741081754315
2020-05-03 13:42:00,-0.2927140568383493
2020-05-03 13:45:00,-0.23349824853448808
2020-05-03 13:48:00,-0.3861655412983964
2020-05-03 13:51:00,-0.3418394081113547
2020-05-03 13:54:00,-0.3162691536651323
2020-05-03 13:57:00,-0.2048547331501709
2020-05-03 14:00:00,-0.2524773121539283
2020-05-03 14:03:00,-0.21296253726620762
2020-05-03 14:06:00,-0.23037508293919018
2020-05-03 14:09:00,-0.06826839956579533
2020-05-03 14:12:00,-0.24053296891639775
2020-05-03 14:15:00,-0.3071953137595642
2020-05-03 14:18:00,-0.2263793232619946
2020-05-03 14:21:00,-0.25045952037004326
2020-05-03 14:24:00,-0.336979635142427
2020-05-03 14:27:00,-0.2956024364077052
2020-05-03 14:30:00,-0.257174704204715
2020-05-03 14:33:00,-0.27945155030283786
2020-05-03 14:36:00,-0.3219040870575327
2020-05-03 14:39:00,-0.3417761779745092
2020-05-03 14:42:00,-0.3421778951272927
2020-05-03 14:45:00,-0.41877295050437624
2020-05-03 14:48:00,-0.25278813851923587
2020-05-03 14:51:00,-0.45050188460976415
2020-05-03 14:54:00,-0.4270985043543192
2020-05-03 14:57:00,-0.4231136815133709
2020-05-03 15:00:00,-0.5032594780818158
2020-05-03 15:03:00,-0.4632319429657059
2020-05-03 15:06:00,-0.36336041079380266
2020-05-03 15:09:00,-0.3635155730616475
2020-05-03 15:12:00,-0.3886737417453787
2020-05-03 15:15:00,-0.402245083894627
2020-05-03 15:18:00,-0.3824617798919121
2020-05-03 15:21:00,-0.4389715238471581
2020-05-03 15:24:00,-0.4665472911790971
2020-05-03 15:27:00,-0.4254587152084355
2020-05-03 15:30:00,-0.3348428306503024
2020-05-03 15:33:00,-0.36855248546186203
2020-05-03 15:36:00,-0.42662023157134854
2020-05-03 15:39:00,-0.2752383141069572
2020-05-03 15:42:00,-0.3835166631390621
2020-05-03 15:45:00,-0.28121046152574536
2020-05-03 15:48:00,-0.3989597360768471
2020-05-03 15:51:00,-0.3854528837578073
2020-05-03 15:54:00,-0.2588501512519201
2020-05-03 15:57:00,-0.3648551582054438
2020-05-03 16:00:00,-0.3622420770056465
2020-05-03 16:03:00,-0.3978735939339231
2020-05-03 16:06:00,-0.3413890246781648
2020-05-03 16:09:00,-0.4049654890807801
2020-05-03 16:12:00,-0.3815725741612823
2020-05-03 16:15:00,-0.31351223001377093
2020-05-03 16:18:00,-0.4252655324137322
2020-05-03 16:21:00,-0.3526825439809045
2020-05-03 16:24:00,-0.4140758954191597
2020-05-03 16:27:00,-0.2746643035678744
2020-05-03 16:30:00,-0.37847414101082677
2020-05-03 16:33:00,-0.32419994127212703
2020-05-03 16:36:00,-0.2480611494037248
2020-05-03 16:39:00,-0.3732315010660159
2020-05-03 16:42:00,-0.2177529533395841
2020-05-03 16:45:00,-0.30518223084806095
2020-05-03 16:48:00,-0.20535324211130046
2020-05-03 16:51:00,-0.20877622681064167
2020-05-03 16:54:00,-0.33757278698033133
2020-05-03 16:57:00,-0.2960248728031729
2020-05-03 17:00:00,-0.29864503489056915
2020-05-03 17:03:00,-0.31052495098163035
2020-05-03 17:06:00,-0.3492536771410073
2020-05-03 17:09:00,-0.30236719641794707
2020-05-03 17:12:00,-0.27695813370843325
2020-05-03 17:15:00,-0.2786720156877891
2020-05-03 17:18:00,-0.22310598674147286
2020-05-03 17:21:00,-0.26661455662559774
2020-05-03 17:24:00,-0.29512863671595824
2020-05-03 17:27:00,-0.2530231374814207
2020-05-03 17:30:00,-0.2111721742560917
2020-05-03 17:33:00,-0.2408372090570765
2020-05-03 17:36:00,-0.17372630061737482
2020-05-03 17:39:00,-0.15449057718950598
2020-05-03 17:42:00,-0.25830050615724076
2020-05-03 17:45:00,-0.1752481216821593
2020-05-03 17:48:00,-0.20320888216070898
2020-05-03 17:51:00,-0.2182469139592058
2020-05-03 17:54:00,-0.15402301918118155
2020-05-03 17:57:00,-0.12072376315973088
2020-05-03 18:00:00,-0.08115687712648878
2020-05-03 18:03:00,-0.21443651987442536
2020-05-03 18:06:00,-0.26639141295163427
2020-05-03 18:09:00,-0.2179247382547942
2020-05-03 18:12:00,-0.176455712606014
2020-05-03 18:15:00,-0.14764168154903246
2020-05-03 18:18:00,-0.1422600950665469
2020-05-03 18:21:00,-0.2661514104754019
2020-05-03 18:24:00,-0.2619483262220115
2020-05-03 18:27:00,-0.22967155324334954
2020-05-03 18:30:00,-0.1859553767789066
2020-05-03 18:33:00,-0.18587066411043907
2020-05-03 18:36:00,-0.12497318851762884
2020-05-03 18:39:00,-0.20468060117201503
2020-05-03 18:42:00,-0.21018782775740874
2020-05-03 18:45:00,-0.13829729540526614
2020-05-03 18:48:00,-0.21862245174202144
2020-05-03 18:51:00,-0.16990739786871245
2020-05-03 18:54:00,
2020-05-03 18:57:00,
2020-05-03 19:00:00,
2020-05-03 19:03:00,-0.16556020090155243
2020-05-03 19:06:00,-0.1995505444112382
2020-05-03 19:09:00,-0.22934934875837598
2020-05-03 19:12:00,-0.14381100968387273
2020-05-03 19:15:00,-0.21730873780990123
2020-05-03 19:18:00,-0.12483246427177619
2020-05-03 19:21:00,-0.16442032243350013
2020-05-03 19:24:00,-0.11495873305671012
2020-05-03 19:27:00,-0.11553140134418527
2020-05-03 19:30:00,-0.2683316560365938
2020-05-03 19:33:00,-0.2581679823779268
2020-05-03 19:36:00,-0.24401105336880846
2020-05-03 19:39:00,-0.31252537694200555
2020-05-03 19:42:00,-0.15650259350877604
2020-05-03 19:45:00,-0.22637088637657143
2020-05-03 19:48:00,-0.2120786984088454
2020-05-03 19:51:00,-0.16142320119081432
2020-05-03 19:54:00,-0.15444613167687749
2020-05-03 19:57:00,-0.17424913818291543
2020-05-03 20:00:00,-0.2079239649447686
2020-05-03 20:03:00,-0.18173120437228363
2020-05-03 20:06:00,-0.08730411859420428
2020-05-03 20:09:00,-0.09039900859551153
2020-05-03 20:12:00,-0.12872538118858756
2020-05-03 20:15:00,-0.13138463475900153
2020-05-03 20:18:00,-0.13352043862784058
2020-05-03 20:21:00,-0.10142899417564877
2020-05-03 20:24:00,-0.08823150364463572
2020-05-03 20:27:00,-0.07336243830496869
2020-05-03 20:30:00,-0.1333428205874725
2020-05-03 20:33:00,0.03453099124698156
2020-05-03 20:36:00,0.035830789290912435
2020-05-03 20:39:00,-0.021176503681090253
2020-05-03 20:42:00,-0.05292698505536464
2020-05-03 20:45:00,0.013321790980455717
2020-05-03 20:48:00,0.002641899531454328
2020-05-03 20:51:00,-0.017231311734462906
2020-05-03 20:54:00,0.05707267322156895
2020-05-03 20:57:00,0.07681655528620013
2020-05-03 21:00:00,-0.06885440275675592
2020-05-03 21:03:00,0.022812331389047813
2020-05-03 21:06:00,-0.027282473280592967
2020-05-03 21:09:00,0.050116964954781906
2020-05-03 21:12:00,-0.09823815130050662
2020-05-03 21:15:00,-0.09561108127542184
2020-05-03 21:18:00,-0.07865118665307591
2020-05-03 21:21:00,-0.07247431547813221
2020-05-03 21:24:00,-0.024132515087103457
2020-05-03 21:27:00,-0.019168074897606857
2020-05-03 21:30:00,-0.014221028583619955
2020-05-03 21:33:00,0.007796386095833441
2020-05-03 21:36:00,-0.047861975574448934
2020-05-03 21:39:00,0.038540008017889704
2020-05-03 21:42:00,0.04645508465733883
2020-05-03 21:45:00,0.06335690616111833
2020-05-03 21:48:00,0.07854013986406017
2020-05-03 21:51:00,-0.0009803131034686885
2020-05-03 21:54:00,0.027693397833218114
2020-05-03 21:57:00,0.07404326261985261
2020-05-03 22:00:00,0.06270277030426996
2020-05-03 22:03:00,0.01655558242060806
2020-05-03 22:06:00,0.07434123855773578
2020-05-03 22:09:00,0.03295025126146811
2020-05-03 22:12:00,0.05554697881257198
2020-05-03 22:15:00,0.18756444884763823
2020-05-03 22:18:00,0.01555276707728126
2020-05-03 22:21:00,0.05617325310402066
2020-05-03 22:24:00,0.02297538507440322
2020-05-03 22:27:00,0.058175774782853296
2020-05-03 22:30:00,0.020367478303967346
2020-05-03 22:33:00,0.05649484415926054
2020-05-03 22:36:00,0.07819102986030657
2020-05-03 22:39:00,0.0454624610904375
2020-05-03 22:42:00,-0.005471635589117341
2020-05-03 22:45:00,-0.023693842872262394
2020-05-03 22:48:00,-0.030373235892454886
2020-05-03 22:51:00,-0.012366433227498419
2020-05-03 22:54:00,-0.008991361921005137
2020-05-03 22:57:00,0.01972382032471387
2020-05-03 23:00:00,-0.005927722119054124
2020-05-03 23:03:00,-0.019583436059065207
2020-05-03 23:06:00,-0.0014211819690217453
2020-05-03 23:09:00,-0.015946556711810445
2020-05-03 23:12:00,0.02224191647292173
2020-05-03 23:15:00,0.00697799444139946
2020-05-03 23:18:00,0.04021370457235207
2020-05-03 23:21:00,-0.011782248375993731
2020-05-03 23:24:00,0.09581191340646456
2020-05-03 23:27:00,0.015157014930082369
2020-05-03 23:30:00,-0.0004563392453178494
2020-05-03 23:33:00,0.011922068019373455
2020-05-03 23:36:00,-0.044699896473218814
2020-05-03 23:39:00,0.009294954146923828
2020-05-03 23:42:00,-0.006437184113735839
2020-05-03 23:45:00,0.032278255568030545
2020-05-03 23:48:00,0.030776451261033344
2020-05-03 23:51:00,-0.05657722287770639
2020-05-03 23:54:00,0.053751512246094535
2020-05-03 23:57:00,0.07303653520557418
2020-05-04 00:00:00,0.04675134108521206
2020-05-04 00:03:00,-0.05935059550125743
2020-05-04 00:06:00,-0.011065200559869481
2020-05-04 00:09:00,-0.04162948124491095
2020-05-04 00:12:00,0.10699780307834317
2020-05-04 00:15:00,0.08037549853634118
2020-05-04 00:18:00,0.04268528518923631
2020-05-04 00:21:00,0.03500429263158367
2020-05-04 00:24:00,0.03232621472869823
2020-05-04 00:27:00,0.08809561909851027
2020-05-04 00:30:00,0.040384677506722255
2020-05-04 00:33:00,0.051826526006379936
2020-05-04 00:36:00,0.10960776429465113
2020-05-04 00:39:00,0.04108653074160884
2020-05-04 00:42:00,0.07074528767140009
2020-05-04 00:45:00,0.07924996469648704
2020-05-04 00:48:00,0.04866361776151962
2020-05-04 00:51:00,0.02699849503898122
2020-05-04 00:54:00,-0.12695483085411752
2020-05-04 00:57:00,0.05766883413951973
2020-05-04 01:00:00,0.011757745775867079
2020-05-04 01:03:00,0.04768053323772392
2020-05-04 01:06:00,0.006255650025650539
2020-05-04 01:09:00,0.036290999176003425
2020-05-04 01:12:00,0.09050871399125526
2020-05-04 01:15:00,0.14931958507855825
2020-05-04 01:18:00,-0.02349476157303343
2020-05-04 01:21:00,-0.002331882393775686
2020-05-04 01:24:00,0.15122857023271763
2020-05-04 01:27:00,0.06288499648513834
2020-05-04 01:30:00,0.017066005981178023
2020-05-04 01:33:00,0.09391051006952011
2020-05-04 01:36:00,0.06497925944916005
2020-05-04 01:39:00,0.10309843637378435
2020-05-04 01:42:00,0.08512604029976956
2020-05-04 01:45:00,0.09518116643806707
2020-05-04 01:48:00,0.07352053732495278
2020-05-04 01:51:00,0.16448103250627355
2020-05-04 01:54:00,0.0923526559465131
2020-05-04 01:57:00,0.20870395593158264
2020-05-04 02:00:00,-0.020527250293355337
2020-05-04 02:03:00,0.1518662834126303
2020-05-04 02:06:00,0.07673592377000205
2020-05-04 02:09:00,0.18125332648816084
2020-05-04 02:12:00,0.03881572496078434
2020-05-04 02:15:00,0.11793895206460547
2020-05-04 02:18:00,0.0796855121311637
2020-05-04 02:21:00,0.1257937055325442
2020-05-04 02:24:00,0.14070504087840163
2020-05-04 02:27:00,-0.0013539509561155683
2020-05-04 02:30:00,0.14316509476952888
2020-05-04 02:33:00,0.13935393008409847
2020-05-04 02:36:00,0.07938753864146975
2020-05-04 02:39:00,0.13107417824869572
2020-05-04 02:42:00,0.09462170734002484
2020-05-04 02:45:00,0.09613080289102527
2020-05-04 02:48:00,0.06634014007357791
2020-05-04 02:51:00,0.056058747788199526
2020-05-04 02:54:00,0.1345796794753369
2020-05-04 02:57:00,0.09110025922825571
2020-05-04 03:00:00,0.06285407007305821
2020-05-04 03:03:00,0.1191820568378148
2020-05-04 03:06:00,0.04427192823641235
2020-05-04 03:09:00,0.09172778345163124
2020-05-04 03:12:00,0.08360219061989937
2020-05-04 03:15:00,0.03345950727629088
2020-05-04 03:18:00,0.10136758385681333
2020-05-04 03:21:00,-0.013623689721839582
2020-05-04 03:24:00,0.18642829692635132
2020-05-04 03:27:00,0.10274767275797103
2020-05-04 03:30:00,0.145753588569562
2020-05-04 03:33:00,0.03300594466571738
2020-05-04 03:36:00,0.1095466790231967
2020-05-04 03:39:00,0.09664324002170588
2020-05-04 03:42:00,-0.0049378233326251575
2020-05-04 03:45:00,0.07355507493855384
2020-05-04 03:48:00,0.06581579038339669
2020-05-04 03:51:00,0.10443387326898801
2020-05-04 03:54:00,0.11280766184557933
2020-05-04 03:57:00,0.10441614753142403
2020-05-04 04:00:00,0.12411070855551998
2020-05-04 04:03:00,0.08468079665942696
2020-05-04 04:06:00,0.13847388107149072
2020-05-04 04:09:00,0.10517042946929678
2020-05-04 04:12:00,0.07347943498319864
2020-05-04 04:15:00,0.16522411152715222
2020-05-04 04:18:00,0.14054927490155933
2020-05-04 04:21:00,0.08559830149982872
2020-05-04 04:24:00,0.1357488273368972
2020-05-04 04:27:00,0.10528348303182611
2020-05-04 04:30:00,0.17772710778319833
2020-05-04 04:33:00,0.18800449112950446
2020-05-04 04:36:00,0.14690560569670197
2020-05-04 04:39:00,0.19431950753920546
2020-05-04 04:42:00,0.17120639683633954
2020-05-04 04:45:00,0.3059065911675134
2020-05-04 04:48:00,0.10169127074090056
2020-05-04 04:51:00,0.22915575702529623
2020-05-04 04:54:00,0.2528802261600731
2020-05-04 04:57:00,0.21226345831342996
2020-05-04 05:00:00,0.14211942937566846
2020-05-04 05:03:00,0.20443866517541665
2020-05-04 05:06:00,0.18342983135744362
2020-05-04 05:09:00,0.1754178931485626
2020-05-04 05:12:00,0.15462573068350594
2020-05-04 05:15:00,0.18795270456365643
2020-05-04 05:18:00,0.04096437932474828
2020-05-04 05:21:00,0.20787757832920306
2020-05-04 05:24:00,0.16863391515767034
2020-05-04 05:27:00,0.19721145439683596
2020-05-04 05:30:00,0.055803281950773
2020-05-04 05:33:00,0.1443308070778926
2020-05-04 05:36:00,0.10181463432900273
2020-05-04 05:39:00,0.08824292594272265
2020-05-04 05:42:00,0.2299368914666502
2020-05-04 05:45:00,0.20770937698455327
2020-05-04 05:48:00,0.10672127283913824
2020-05-04 05:51:00,0.13046048574068436
2020-05-04 05:54:00,0.08543191791596882
2020-05-04 05:57:00,0.14576419990095246
2020-05-04 06:00:00,0.22548758516404632
2020-05-04 06:03:00,0.09455101583745318
2020-05-04 06:06:00,0.07892229704145848
2020-05-04 06:09:00,0.13425951366275513
2020-05-04 06:12:00,0.15908785403314596
2020-05-04 06:15:00,0.12984029420073284
2020-05-04 06:18:00,0.08690472436512664
2020-05-04 06:21:00,0.15396850578810017
2020-05-04 06:24:00,0.14940368352557698
2020-05-04 06:27:00,0.23643539868476182
2020-05-04 06:30:00,0.14977946786274288
2020-05-04 06:33:00,0.1802214740153545
2020-05-04 06:36:00,0.1978549688405451
2020-05-04 06:39:00,0.10372655919894669
2020-05-04 06:42:00,0.15642611211950452
2020-05-04 06:45:00,0.1823588376325347
2020-05-04 06:48:00,0.1306629922350453
2020-05-04 06:51:00,0.22848024480759932
2020-05-04 06:54:00,0.19547851049276233
2020-05-04 06:57:00,0.19939173558975654
2020-05-04 07:00:00,0.23363829550692117
2020-05-04 07:03:00,0.13199837319467633
2020-05-04 07:06:00,0.16152210601984507
2020-05-04 07:09:00,0.191688419048603
2020-05-04 07:12:00,0.06688692704841515
2020-05-04 07:15:00,0.13573435819233737
2020-05-04 07:18:00,0.24647838962710011
2020-05-04 07:21:00,0.12266520085802313
2020-05-04 07:24:00,0.053901970887409334
2020-05-04 07:27:00,0.06889571722621213
2020-05-04 07:30:00,0.1347413532594146
2020-05-04 07:33:00,0.07614900240008637
2020-05-04 07:36:00,0.01305674879444041
2020-05-04 07:39:00,0.028581493313140527
2020-05-04 07:42:00,-0.06524062124549346
2020-05-04 07:45:00,0.11817061692732977
2020-05-04 07:48:00,0.02980747651082538
2020-05-04 07:51:00,-0.03401661627054864
2020-05-04 07:54:00,0.014396783720144413
2020-05-04 07:57:00,0.061192788488085625
2020-05-04 08:00:00,0.0657692513289021
2020-05-04 08:03:00,0.03474630558946501
2020-05-04 08:06:00,0.04282456260352774
2020-05-04 08:09:00,-0.009980487290874862
2020-05-04 08:12:00,0.09774486296493023
2020-05-04 08:15:00,-0.007964071255912586
2020-05-04 08:18:00,-0.03872838016690139
2020-05-04 08:21:00,-0.006639657097593954
2020-05-04 08:24:00,0.04915090726422022
2020-05-04 08:27:00,0.01390549063785329
2020-05-04 08:30:00,0.05957110505841001
2020-05-04 08:33:00,-0.0003365149108276455
2020-05-04 08:36:00,0.036998845047946816
2020-05-04 08:39:00,0.0529131636034208
2020-05-04 08:42:00,-0.05461369300030583
2020-05-04 08:45:00,-0.062303494109585245
2020-05-04 08:48:00,-0.05028905064318678
2020-05-04 08:51:00,-0.06356427529630082
2020-05-04 08:54:00,0.005319695141110969
2020-05-04 08:57:00,-0.1192304427956401
2020-05-04 09:00:00,-0.04244151155842246
2020-05-04 09:03:00,-0.03436215986437219
2020-05-04 09:06:00,-0.11891512963461537
2020-05-04 09:09:00,-0.08853623982383851
2020-05-04 09:12:00,-0.004299641369755136
2020-05-04 09:15:00,-0.1036409471873867
2020-05-04 09:18:00,-0.15103932898875883
2020-05-04 09:21:00,-0.10431709742073281
2020-05-04 09:24:00,-0.2434244893614732
2020-05-04 09:27:00,-0.1148961032903344
2020-05-04 09:30:00,-0.1434630802869492
2020-05-04 09:33:00,-0.18778129518346987
2020-05-04 09:36:00,-0.1136414885544923
2020-05-04 09:39:00,-0.22717514959612117
2020-05-04 09:42:00,-0.1767561370555768
2020-05-04 09:45:00,-0.18722288516545404
2020-05-04 09:48:00,-0.2960878533684763
2020-05-04 09:51:00,-0.2573105233892079
2020-05-04 09:54:00,-0.30115809060652055
2020-05-04 09:57:00,-0.2777271378170667
2020-05-04 10:00:00,-0.26895840738092147
2020-05-04 10:03:00,-0.2473682958467407
2020-05-04 10:06:00,-0.2862990156327214
2020-05-04 10:09:00,-0.2831702699442644
2020-05-04 10:12:00,-0.24360824913759416
2020-05-04 10:15:00,-0.22705065462878338
2020-05-04 10:18:00,-0.25924767098302937
2020-05-04 10:21:00,-0.35646248651067935
2020-05-04 10:24:00,-0.32162622702588806
2020-05-04 10:27:00,-0.27064684822306617
2020-05-04 10:30:00,-0.35405867055112594
2020-05-04 10:33:00,-0.41809422611891023
2020-05-04 10:36:00,-0.2549354932330061
2020-05-04 10:39:00,-0.38168402949304436
2020-05-04 10:42:00,-0.2736642297998628
2020-05-04 10:45:00,-0.3035296494115869
2020-05-04 10:48:00,-0.3169178523939422
2020-05-04 10:51:00,-0.39142088729863644
2020-05-04 10:54:00,-0.4183828924494719
2020-05-04 10:57:00,-0.34493686378016264
2020-05-04 11:00:00,-0.2992307936236216
2020-05-04 11:03:00,-0.30152623755088825
2020-05-04 11:06:00,-0.4091075557597037
2020-05-04 11:09:00,-0.3701935428536558
2020-05-04 11:12:00,-0.3005290636324389
2020-05-04 11:15:00,-0.463118396163793
2020-05-04 11:18:00,-0.3887463456986211
2020-05-04 11:21:00,-0.4078393612485911
2020-05-04 11:24:00,-0.45465389282099977
2020-05-04 11:27:00,-0.423532654772373
2020-05-04 11:30:00,-0.3326145269994072
2020-05-04 11:33:00,-0.41148936969244687
2020-05-04 11:36:00,-0.4364426687466789
2020-05-04 11:39:00,-0.5031634261698628
2020-05-04 11:42:00,-0.482524145436912
2020-05-04 11:45:00,-0.4394137903734645
2020-05-04 11:48:00,-0.3264136699095843
2020-05-04 11:51:00,-0.35503396093338324
2020-05-04 11:54:00,-0.2031747056668678
2020-05-04 11:57:00,-0.3935895214513039
2020-05-04 12:00:00,-0.3237415349469188
2020-05-04 12:03:00,-0.25820058447925476
2020-05-04 12:06:00,-0.3366375750877637
2020-05-04 12:09:00,-0.21040363450833865
2020-05-04 12:12:00,-0.3348561785992956
2020-05-04 12:15:00,-0.3680745593613892
2020-05-04 12:18:00,-0.44829052579194695
2020-05-04 12:21:00,-0.5164396606798505
2020-05-04 12:24:00,-0.3997807669504141
2020-05-04 12:27:00,-0.4551641603654275
2020-05-04 12:30:00,-0.4993282068536473
2020-05-04 12:33:00,-0.49856162160472195
2020-05-04 12:36:00,-0.5334330213916019
2020-05-04 12:39:00,-0.5356916069022759
2020-05-04 12:42:00,-0.6084125789192854
2020-05-04 12:45:00,-0.5802016336534166
2020-05-04 12:48:00,-0.6582591885226066
2020-05-04 12:51:00,-0.6430785153763736
2020-05-04 12:54:00,-0.571313701310487
2020-05-04 12:57:00,-0.6272282461985128
2020-05-04 13:00:00,-0.5685826446676856
2020-05-04 13:03:00,-0.6474430585957975
2020-05-04 13:06:00,-0.5936277174506017
2020-05-04 13:09:00,-0.6785148593326085
2020-05-04 13:12:00,-0.5070135126463242
2020-05-04 13:15:00,-0.5905160407626795
2020-05-04 13:18:00,-0.5986870977697549
2020-05-04 13:21:00,-0.39168750510526706
2020-05-04 13:24:00,-0.5443072638044555
2020-05-04 13:27:00,-0.6492143932071031
2020-05-04 13:30:00,-0.5121395187634334
2020-05-04 13:33:00,-0.6439794676546171
2020-05-04 13:36:00,-0.7208458530272424
2020-05-04 13:39:00,-0.6593761077198224
2020-05-04 13:42:00,-0.6235243058646347
2020-05-04 13:45:00,-0.6874161180988381
2020-05-04 13:48:00,-0.610168266964422
2020-05-04 13:51:00,-0.6637234973742352
2020-05-04 13:54:00,-0.71030859154871
2020-05-04 13:57:00,-0.5804644877013629
2020-05-04 14:00:00,-0.6529655864009669
2020-05-04 14:03:00,-0.7045538081093241
2020-05-04 14:06:00,-0.6923867973848132
2020-05-04 14:09:00,-0.7032942445191566
2020-05-04 14:12:00,-0.6808590979989049
2020-05-04 14:15:00,-0.7253514810083175
2020-05-04 14:18:00,-0.7158529219494767
2020-05-04 14:21:00,-0.7378104448869749
2020-05-04 14:24:00,-0.6052135430810495
2020-05-04 14:27:00,-0.7108826303032743
2020-05-04 14:30:00,-0.6166396745480824
2020-05-04 14:33:00,-0.482757810253986
2020-05-04 14:36:00,-0.602372200711784
2020-05-04 14:39:00,-0.5582761174683242
2020-05-04 14:42:00,-0.5845587366638938
2020-05-04 14:45:00,-0.5538161628357443
2020-05-04 14:48:00,-0.5440298723471528
2020-05-04 14:51:00,-0.5735049689719176
2020-05-04 14:54:00,-0.49491285805163443
2020-05-04 14:57:00,-0.5537751943429043
2020-05-04 15:00:00,-0.618621994754335
2020-05-04 15:03:00,-0.5466659976200958
2020-05-04 15:06:00,-0.5787949708166593
2020-05-04 15:09:00,-0.5862144498957491
2020-05-04 15:12:00,-0.5499730612489202
2020-05-04 15:15:00,-0.6594943159277022
2020-05-04 15:18:00,-0.6358957063243906
2020-05-04 15:21:00,-0.5882820825805766
2020-05-04 15:24:00,-0.6984601806664159
2020-05-04 15:27:00,-0.6225032402545594
2020-05-04 15:30:00,-0.6314687435711335
2020-05-04 15:33:00,-0.6298407760884857
2020-05-04 15:36:00,-0.6485373272275865
2020-05-04 15:39:00,-0.6207474488683715
2020-05-04 15:42:00,-0.5492437001573194
2020-05-04 15:45:00,-0.5352347765644367
2020-05-04 15:48:00,-0.6639078221706427
2020-05-04 15:51:00,-0.6516069408227168
2020-05-04 15:54:00,-0.6275933899327697
2020-05-04 15:57:00,-0.6241983529244521
2020-05-04 16:00:00,-0.5160819314621676
2020-05-04 16:03:00,-0.5857693166294098
2020-05-04 16:06:00,-0.655311178862803
2020-05-04 16:09:00,-0.5760999705727841
2020-05-04 16:12:00,-0.6793173367292411
2020-05-04 16:15:00,-0.5902748907460023
2020-05-04 16:18:00,-0.6605669283638917
2020-05-04 16:21:00,-0.5890979705999939
2020-05-04 16:24:00,-0.5863098451187625
2020-05-04 16:27:00,-0.5347534445414794
2020-05-04 16:30:00,-0.5804444504777848
2020-05-04 16:33:00,-0.6227338395587481
2020-05-04 16:36:00,-0.5477779244908447
2020-05-04 16:39:00,-0.5685730706744607
2020-05-04 16:42:00,-0.54278401677783
2020-05-04 16:45:00,-0.4612424639179835
2020-05-04 16:48:00,-0.5900727802190886
2020-05-04 16:51:00,-0.51545662723953
2020-05-04 16:54:00,-0.6303227597568366
2020-05-04 16:57:00,-0.5825530900153808
2020-05-04 17:00:00,-0.5493912384294504
2020-05-04 17:03:00,-0.558535679340082
2020-05-04 17:06:00,-0.5337979543151619
2020-05-04 17:09:00,-0.6064673713163984
2020-05-04 17:12:00,-0.5388076312682415
2020-05-04 17:15:00,-0.5285452975896305
2020-05-04 17:18:00,-0.5230245172054424
2020-05-04 17:21:00,-0.5220203303559288
2020-05-04 17:24:00,-0.42616287170352507
2020-05-04 17:27:00,-0.41730787824019444
2020-05-04 17:30:00,-0.3631422008984373
2020-05-04 17:33:00,-0.2885877003265591
2020-05-04 17:36:00,-0.37250024921240765
2020-05-04 17:39:00,-0.35215656614713
2020-05-04 17:42:00,-0.3643354387453428
2020-05-04 17:45:00,-0.2636430375923169
2020-05-04 17:48:00,-0.3222795145412647
2020-05-04 17:51:00,-0.24909437011478985
2020-05-04 17:54:00,-0.3141857323539625
2020-05-04 17:57:00,-0.3496581813204216
2020-05-04 18:00:00,-0.33771328952838076
2020-05-04 18:03:00,-0.27315154172879375
2020-05-04 18:06:00,-0.33842800828500685
2020-05-04 18:09:00,-0.3929021992672119
2020-05-04 18:12:00,-0.24784360087937785
2020-05-04 18:15:00,-0.2571534826117272
2020-05-04 18:18:00,-0.19510372625740047
2020-05-04 18:21:00,-0.18874442919292278
2020-05-04 18:24:00,-0.21567891366697722
2020-05-04 18:27:00,-0.2295459546675147
2020-05-04 18:30:00,-0.19282796502113797
2020-05-04 18:33:00,-0.20797954221029613
2020-05-04 18:36:00,-0.16596559904382957
2020-05-04 18:39:00,-0.24684734242100603
2020-05-04 18:42:00,-0.2287839133780949
2020-05-04 18:45:00,-0.18816576067575852
2020-05-04 18:48:00,-0.17508862860034924
2020-05-04 18:51:00,-0.2081680486172104
2020-05-04 18:54:00,
2020-05-04 18:57:00,
2020-05-04 19:00:00,
2020-05-04 19:03:00,-0.28577681868762284
2020-05-04 19:06:00,-0.21506537224883004
2020-05-04 19:09:00,-0.17893572143952952
2020-05-04 19:12:00,-0.1315446977563397
2020-05-04 19:15:00,-0.2225469994679088
2020-05-04 19:18:00,-0.28547386378312467
2020-05-04 19:21:00,-0.2415096660571976
2020-05-04 19:24:00,-0.1543404095585288
2020-05-04 19:27:00,-0.26516552986873876
2020-05-04 19:30:00,-0.23655854456791303
2020-05-04 19:33:00,-0.23734491786973422
2020-05-04 19:36:00,-0.19849462316022937
2020-05-04 19:39:00,-0.06969908898452104
2020-05-04 19:42:00,-0.24427823709419272
2020-05-04 19:45:00,-0.23452198286707926
2020-05-04 19:48:00,-0.2345584026825236
2020-05-04 19:51:00,-0.28975486182486065
2020-05-04 19:54:00,-0.17183558198746596
2020-05-04 19:57:00,-0.2404609686166168
2020-05-04 20:00:00,-0.26614906181526976
2020-05-04 20:03:00,-0.1860314161633596
2020-05-04 20:06:00,-0.1503025148131769
2020-05-04 20:09:00,-0.2270524731856085
2020-05-04 20:12:00,-0.18139501092844057
2020-05-04 20:15:00,-0.13772124763357851
2020-05-04 20:18:00,-0.2482501645218349
2020-05-04 20:21:00,-0.19765379757552637
2020-05-04 20:24:00,-0.1583466897584458
2020-05-04 20:27:00,-0.0789427452034488
2020-05-04 20:30:00,-0.1598911742057112
2020-05-04 20:33:00,-0.1599236782780622
2020-05-04 20:36:00,-0.09101081864690741
2020-05-04 20:39:00,-0.03702440628819659
2020-05-04 20:42:00,-0.002531080278799891
2020-05-04 20:45:00,0.0826475335543364
2020-05-04 20:48:00,-0.01015131209322817
2020-05-04 20:51:00,0.02189796975505942
2020-05-04 20:54:00,0.12954445168907114
2020-05-04 20:57:00,-0.016188522304219077
2020-05-04 21:00:00,-0.03678954949288027
2020-05-04 21:03:00,-0.039639138259190076
2020-05-04 21:06:00,-0.056749838912310224
2020-05-04 21:09:00,-0.12067686395636201
2020-05-04 21:12:00,-0.1228344680423561
2020-05-04 21:15:00,0.008284628320723186
2020-05-04 21:18:00,-0.07779437305356396
2020-05-04 21:21:00,0.04558184097356843
2020-05-04 21:24:00,-0.0009188015193331012
2020-05-04 21:27:00,-0.03824474547622003
2020-05-04 21:30:00,0.03704013325869937
2020-05-04 21:33:00,0.020078856019097202
2020-05-04 21:36:00,-0.04627798796201432
2020-05-04 21:39:00,0.03400311126551969
2020-05-04 21:42:00,0.11478375802005303
2020-05-04 21:45:00,0.13188939774198616
2020-05-04 21:48:00,0.06897266475419883
2020-05-04 21:51:00,0.01257586063280769
2020-05-04 21:54:00,-0.0532507601496377
2020-05-04 21:57:00,0.10537276771077586
2020-05-04 22:00:00,0.15702289026501148
2020-05-04 22:03:00,0.08921209383942141
2020-05-04 22:06:00,0.03488521965800828
2020-05-04 22:09:00,-0.01933291562602335
2020-05-04 22:12:00,-0.09707425771455291
2020-05-04 22:15:00,-0.010703789551712362
2020-05-04 22:18:00,-0.07130984879233893
2020-05-04 22:21:00,-0.03325202324441534
2020-05-04 22:24:00,-0.1749801732985361
2020-05-04 22:27:00,-0.11824718847697113
2020-05-04 22:30:00,-0.13108350239764377
2020-05-04 22:33:00,-0.09592749701727143
2020-05-04 22:36:00,-0.09089929555830167
2020-05-04 22:39:00,-0.02823889826299819
2020-05-04 22:42:00,-0.043078315297748304
2020-05-04 22:45:00,-0.024784559432418973
2020-05-04 22:48:00,-0.07267278954202538
2020-05-04 22:51:00,0.0008140487046262024
2020-05-04 22:54:00,-0.006286286406918862
2020-05-04 22:57:00,-0.03491222677416772
2020-05-04 23:00:00,0.13114022744235854
2020-05-04 23:03:00,-0.10275808537755893
2020-05-04 23:06:00,0.003206287291050103
2020-05-04 23:09:00,-0.014209658015658988
2020-05-04 23:12:00,0.004942899333229889
2020-05-04 23:15:00,-0.03769126852120053
2020-05-04 23:18:00,-0.016990931923714925
2020-05-04 23:21:00,0.09151920403780878
2020-05-04 23:24:00,-0.023509804101820464
2020-05-04 23:27:00,0.08829651846787101
2020-05-04 23:30:00,0.1461312752401227
2020-05-04 23:33:00,0.02970840688107046
2020-05-04 23:36:00,0.06376052697044088
2020-05-04 23:39:00,0.07758718975185275
2020-05-04 23:42:00,0.10663018553850634
2020-05-04 23:45:00,0.08819525898729808
2020-05-04 23:48:00,0.16009380207913182
2020-05-04 23:51:00,0.13366770942741368
2020-05-04 23:54:00,0.2413857945037421
2020-05-04 23:57:00,0.2245034420334946
2020-05-05 00:00:00,0.14791221471665494
2020-05-05 00:03:00,0.14651667671517998
2020-05-05 00:06:00,0.11329871397498437
2020-05-05 00:09:00,0.13067133700775457
2020-05-05 00:12:00,0.13139757833175736
2020-05-05 00:15:00,0.15222305681834314
2020-05-05 00:18:00,0.16628572824669163
2020-05-05 00:21:00,0.12702641049253316
2020-05-05 00:24:00,0.08552700723089401
2020-05-05 00:27:00,0.042840218215303594
2020-05-05 00:30:00,0.12331667347143593
2020-05-05 00:33:00,0.11365085404599995
2020-05-05 00:36:00,0.1174126598057228
2020-05-05 00:39:00,0.030021959694238376
2020-05-05 00:42:00,0.10593467041911708
2020-05-05 00:45:00,0.15884835817416842
2020-05-05 00:48:00,0.23721434604021852
2020-05-05 00:51:00,0.33899796096574164
2020-05-05 00:54:00,0.21512957990410086
2020-05-05 00:57:00,0.24591925744960008
2020-05-05 01:00:00,0.25765565377724897
2020-05-05 01:03:00,0.22986690156028544
2020-05-05 01:06:00,0.22787585503408536
2020-05-05 01:09:00,0.26913538084687616
2020-05-05 01:12:00,0.2910527416540276
2020-05-05 01:15:00,0.2940219223829672
2020-05-05 01:18:00,0.23111868021612736
2020-05-05 01:21:00,0.3285530349438659
2020-05-05 01:24:00,0.27446264789818997
2020-05-05 01:27:00,0.2684994157419851
2020-05-05 01:30:00,0.24049384269613938
2020-05-05 01:33:00,0.21653891598589325
2020-05-05 01:36:00,0.22871926986704239
2020-05-05 01:39:00,0.289757404171894
2020-05-05 01:42:00,0.2430120949453567
2020-05-05 01:45:00,0.2336587757956181
2020-05-05 01:48:00,0.3100740065483478
2020-05-05 01:51:00,0.19727720441795782
2020-05-05 01:54:00,0.2010934388441683
2020-05-05 01:57:00,0.22408933486212845
2020-05-05 02:00:00,0.23989582003702026
2020-05-05 02:03:00,0.22471838746099593
2020-05-05 02:06:00,0.22893734781928288
2020-05-05 02:09:00,0.30497913628369133
2020-05-05 02:12:00,0.30597359876850305
2020-05-05 02:15:00,0.23601514594884065
2020-05-05 02:18:00,0.2615804026841033
2020-05-05 02:21:00,0.2762542308732918
2020-05-05 02:24:00,0.3274362757057361
2020-05-05 02:27:00,0.271842172011759
2020-05-05 02:30:00,0.23521432487507354
2020-05-05 02:33:00,0.3392485383895405
2020-05-05 02:36:00,0.3238692787167565
2020-05-05 02:39:00,0.3584204871564225
2020-05-05 02:42:00,0.40487781204410567
2020-05-05 02:45:00,0.38956429687368654
2020-05-05 02:48:00,0.2783157076799512
2020-05-05 02:51:00,0.32552918000249065
2020-05-05 02:54:00,0.35100345955436296
2020-05-05 02:57:00,0.24095575124772495
2020-05-05 03:00:00,0.3956970296071063
2020-05-05 03:03:00,0.4168596207024393
2020-05-05 03:06:00,0.44715959641757763
2020-05-05 03:09:00,0.39971001221726965
2020-05-05 03:12:00,0.3779069176846974
2020-05-05 03:15:00,0.4056445957689334
2020-05-05 03:18:00,0.4715663321996999
2020-05-05 03:21:00,0.4882581612303625
2020-05-05 03:24:00,0.39399222696658853
2020-05-05 03:27:00,0.5079681669179763
2020-05-05 03:30:00,0.3599629081534772
2020-05-05 03:33:00,0.42158738660765493
2020-05-05 03:36:00,0.4222383201573052
2020-05-05 03:39:00,0.38465090035521143
2020-05-05 03:42:00,0.24875880126643324
2020-05-05 03:45:00,0.35985468473739957
2020-05-05 03:48:00,0.31923701659439985
2020-05-05 03:51:00,0.3080636657873015
2020-05-05 03:54:00,0.3369602273368173
2020-05-05 03:57:00,0.41140289180060563
2020-05-05 04:00:00,0.3039379610153219
2020-05-05 04:03:00,0.3989795539648071
2020-05-05 04:06:00,0.42632901768871534
2020-05-05 04:09:00,0.2964502460325775
2020-05-05 04:12:00,0.3954024069033153
2020-05-05 04:15:00,0.3719444319675631
2020-05-05 04:18:00,0.41784132116947603
2020-05-05 04:21:00,0.3316263416302263
2020-05-05 04:24:00,0.3711983495248319
2020-05-05 04:27:00,0.3069231396240184
2020-05-05 04:30:00,0.47738797520469234
2020-05-05 04:33:00,0.41435831167410697
2020-05-05 04:36:00,0.31677269665487984
2020-05-05 04:39:00,0.44537454706198787
2020-05-05 04:42:00,0.3615243933249417
2020-05-05 04:45:00,0.3932976010960374
2020-05-05 04:48:00,0.4471210658621203
2020-05-05 04:51:00,0.3630903066776341
2020-05-05 04:54:00,0.41849013055895057
2020-05-05 04:57:00,0.3659778880450517
2020-05-05 05:00:00,0.40408425879400056
2020-05-05 05:03:00,0.42674783740716293
2020-05-05 05:06:00,0.43347849323856735
2020-05-05 05:09:00,0.47033671388550147
2020-05-05 05:12:00,0.38601822866536395
2020-05-05 05:15:00,0.3663725269768179
2020-05-05 05:18:00,0.31911381967637453
2020-05-05 05:21:00,0.29765427344250384
2020-05-05 05:24:00,0.28473805000021457
2020-05-05 05:27:00,0.33027009586248823
2020-05-05 05:30:00,0.4876732640287855
2020-05-05 05:33:00,0.4084978016799141
2020-05-05 05:36:00,0.396629867166439
2020-05-05 05:39:00,0.33042549209739036
2020-05-05 05:42:00,0.36581919640224214
2020-05-05 05:45:00,0.4072447556418979
2020-05-05 05:48:00,0.3582612940745662
2020-05-05 05:51:00,0.35176529610794205
2020-05-05 05:54:00,0.30396130947627853
2020-05-05 05:57:00,0.33095914095684975
2020-05-05 06:00:00,0.3380489369042152
2020-05-05 06:03:00,0.37304403075933124
2020-05-05 06:06:00,0.39933254497537973
2020-05-05 06:09:00,0.25438728181222814
2020-05-05 06:12:00,0.35770220700391064
2020-05-05 06:15:00,0.3568857062912798
2020-05-05 06:18:00,0.3517481801785607
2020-05-05 06:21:00,0.3579142889981881
2020-05-05 06:24:00,0.3332865091065287
2020-05-05 06:27:00,0.29660575674387246
2020-05-05 06:30:00,0.36745072745537755
2020-05-05 06:33:00,0.31442910665708723
2020-05-05 06:36:00,0.33827479482556555
2020-05-05 06:39:00,0.41237394546834594
2020-05-05 06:42:00,0.33483100611510963
2020-05-05 06:45:00,0.3439911296437117
2020-05-05 06:48:00,0.37218798939579756
2020-05-05 06:51:00,0.46027810109131906
2020-05-05 06:54:00,0.4161831425399214
2020-05-05 06:57:00,0.365594954493929
2020-05-05 07:00:00,0.33114386827190856
2020-05-05 07:03:00,0.3497349746444911
2020-05-05 07:06:00,0.43179745480949805
2020-05-05 07:09:00,0.43357450734555414
2020-05-05 07:12:00,0.4000986868520613
2020-05-05 07:15:00,0.26852058495182973
2020-05-05 07:18:00,0.341699353150716
2020-05-05 07:21:00,0.4235745919334022
2020-05-05 07:24:00,0.4062320644511601
2020-05-05 07:27:00,0.35656319366592015
2020-05-05 07:30:00,0.38701368385983415
2020-05-05 07:33:00,0.335832416607559
2020-05-05 07:36:00,0.4319561589117029
2020-05-05 07:39:00,0.29763495162251274
2020-05-05 07:42:00,0.36427191350941257
2020-05-05 07:45:00,0.3292709805144227
2020-05-05 07:48:00,0.44231232138400856
2020-05-05 07:51:00,0.45508671282470914
2020-05-05 07:54:00,0.3228221880930846
2020-05-05 07:57:00,0.3841751366957169
2020-05-05 08:00:00,0.33950097219695863
2020-05-05 08:03:00,0.31006726874159085
2020-05-05 08:06:00,0.2841002441512046
2020-05-05 08:09:00,0.18206794668498105
2020-05-05 08:12:00,0.34137305697788634
2020-05-05 08:15:00,0.3080223453715121
2020-05-05 08:18:00,0.23184997241321526
2020-05-05 08:21:00,0.18067341805033266
2020-05-05 08:24:00,0.14819561500900136
2020-05-05 08:27:00,0.21630200420798928
2020-05-05 08:30:00,0.21248737986735478
2020-05-05 08:33:00,0.23279665669235783
2020-05-05 08:36:00,0.17742952346668517
2020-05-05 08:39:00,0.2310865789690979
2020-05-05 08:42:00,0.2316420618541315
2020-05-05 08:45:00,0.15268203834699534
2020-05-05 08:48:00,0.13336713878805995
2020-05-05 08:51:00,0.10232504059842995
2020-05-05 08:54:00,0.20334635014734204
2020-05-05 08:57:00,0.14082717651672283
2020-05-05 09:00:00,0.05576244503174621
2020-05-05 09:03:00,0.12486212717783474
2020-05-05 09:06:00,0.08532841810682612
2020-05-05 09:09:00,0.0036101907159036273
2020-05-05 09:12:00,0.05463498489234553
2020-05-05 09:15:00,-0.036189428157456405
2020-05-05 09:18:00,-0.007733289598547799
2020-05-05 09:21:00,0.02228103103425383
2020-05-05 09:24:00,-0.05157659075456422
2020-05-05 09:27:00,-0.09650941242415456
2020-05-05 09:30:00,-0.0612164974459688
2020-05-05 09:33:00,-0.007703455920648139
2020-05-05 09:36:00,-0.03695977679535645
2020-05-05 09:39:00,-0.049196221774764126
2020-05-05 09:42:00,-0.1774140786489511
2020-05-05 09:45:00,-0.016226193225122643
2020-05-05 09:48:00,-0.027865535536818697
2020-05-05 09:51:00,-0.1240432877175408
2020-05-05 09:54:00,-0.14707378540902027
2020-05-05 09:57:00,-0.11744808941074325
2020-05-05 10:00:00,-0.16640355821601815
2020-05-05 10:03:00,-0.10990585147192178
2020-05-05 10:06:00,-0.24672150051259223
2020-05-05 10:09:00,-0.20238798340403719
2020-05-05 10:12:00,-0.1698402703910915
2020-05-05 10:15:00,-0.21363103433549213
2020-05-05 10:18:00,-0.12890478909241665
2020-05-05 10:21:00,-0.18032471113821202
2020-05-05 10:24:00,-0.14832414184758136
2020-05-05 10:27:00,-0.24344187373492332
2020-05-05 10:30:00,-0.14815418781063272
2020-05-05 10:33:00,-0.30380070585880503
2020-05-05 10:36:00,-0.2574497627051642
2020-05-05 10:39:00,-0.2582962238445248
2020-05-05 10:42:00,-0.2657762262085157
2020-05-05 10:45:00,-0.24393243882764182
2020-05-05 10:48:00,-0.2460698461459856
2020-05-05 10:51:00,-0.29066410305512136
2020-05-05 10:54:00,-0.28565419559623706
2020-05-05 10:57:00,-0.2742802381086449
2020-05-05 11:00:00,-0.206810248353122
2020-05-05 11:03:00,-0.2725358606534769
2020-05-05 11:06:00,-0.25216255990352465
2020-05-05 11:09:00,-0.24564332175339132
2020-05-05 11:12:00,-0.388580643007856
2020-05-05 11:15:00,-0.3238940679235043
2020-05-05 11:18:00,-0.33191618814589674
2020-05-05 11:21:00,-0.4400744291520482
2020-05-05 11:24:00,-0.5292278970555913
2020-05-05 11:27:00,-0.38190829470704557
2020-05-05 11:30:00,-0.502325650804039
2020-05-05 11:33:00,-0.385320320042581
2020-05-05 11:36:00,-0.4857124848409171
2020-05-05 11:39:00,-0.3508630561693167
2020-05-05 11:42:00,-0.41300897074455634
2020-05-05 11:45:00,-0.46907713920876404
2020-05-05 11:48:00,-0.41651082291895136
2020-05-05 11:51:00,-0.3794018036068678
2020-05-05 11:54:00,-0.37359250502407804
2020-05-05 11:57:00,-0.44655224451531694
2020-05-05 12:00:00,-0.488150895254023
2020-05-05 12:03:00,-0.3396325833211904
2020-05-05 12:06:00,-0.4243172129430377
2020-05-05 12:09:00,-0.3897427275891232
2020-05-05 12:12:00,-0.3451757076123272
2020-05-05 12:15:00,-0.43216354586144234
2020-05-05 12:18:00,-0.517224579132801
2020-05-05 12:21:00,-0.38697546172238617
2020-05-05 12:24:00,-0.505178074051571
2020-05-05 12:27:00,-0.4888336225628791
2020-05-05 12:30:00,-0.5015559090840611
2020-05-05 12:33:00,-0.5434241327437235
2020-05-05 12:36:00,-0.4382935406001707
2020-05-05 12:39:00,-0.44331187883778966
2020-05-05 12:42:00,-0.47110125045946916
2020-05-05 12:45:00,-0.43824983932552186
2020-05-05 12:48:00,-0.4463110574210418
2020-05-05 12:51:00,-0.5332986319655788
2020-05-05 12:54:00,-0.46806387161768725
2020-05-05 12:57:00,-0.5022506158686042
2020-05-05 13:00:00,-0.5368789973888397
2020-05-05 13:03:00,-0.5073021648785243
2020-05-05 13:06:00,-0.5814198477189052
2020-05-05 13:09:00,-0.5030374438815102
2020-05-05 13:12:00,-0.588014095131939
2020-05-05 13:15:00,-0.5505106121231051
2020-05-05 13:18:00,-0.6521616026714696
2020-05-05 13:21:00,-0.5983647195215553
2020-05-05 13:24:00,-0.6587992016264366
2020-05-05 13:27:00,-0.6083732430061559
2020-05-05 13:30:00,-0.6133012932995143
2020-05-05 13:33:00,-0.598874796014286
2020-05-05 13:36:00,-0.5916592340689704
2020-05-05 13:39:00,-0.5839239589912495
2020-05-05 13:42:00,-0.477860945916575
2020-05-05 13:45:00,-0.5366842397581877
2020-05-05 13:48:00,-0.5019401982331146
2020-05-05 13:51:00,-0.47305429000607546
2020-05-05 13:54:00,-0.6590725110785911
2020-05-05 13:57:00,-0.5175676744383395
2020-05-05 14:00:00,-0.5667137960645618
2020-05-05 14:03:00,-0.567063284660378
2020-05-05 14:06:00,-0.6052445868502332
2020-05-05 14:09:00,-0.5784357295084988
2020-05-05 14:12:00,-0.5818075941612619
2020-05-05 14:15:00,-0.6373982746303
2020-05-05 14:18:00,-0.5315438497980836
2020-05-05 14:21:00,-0.5944285011024135
2020-05-05 14:24:00,-0.5631490337106584
2020-05-05 14:27:00,-0.5697103116312405
2020-05-05 14:30:00,-0.6752407593810403
2020-05-05 14:33:00,-0.6483107986944106
2020-05-05 14:36:00,-0.622890918397502
2020-05-05 14:39:00,-0.6596941447526206
2020-05-05 14:42:00,-0.6346398331270962
2020-05-05 14:45:00,-0.6155396662830412
2020-05-05 14:48:00,-0.6153272828171907
2020-05-05 14:51:00,-0.6257099422658712
2020-05-05 14:54:00,-0.5464678485622585
2020-05-05 14:57:00,-0.604181250232557
2020-05-05 15:00:00,-0.6556549008550405
2020-05-05 15:03:00,-0.6610744922200524
2020-05-05 15:06:00,-0.5258734126565514
2020-05-05 15:09:00,-0.6147686517330726
2020-05-05 15:12:00,-0.6845742364309331
2020-05-05 15:15:00,-0.5403058438103585
2020-05-05 15:18:00,-0.5644648112294135
2020-05-05 15:21:00,-0.42838538026359174
2020-05-05 15:24:00,-0.4867818585270811
2020-05-05 15:27:00,-0.4512298751357662
2020-05-05 15:30:00,-0.5156572991717212
2020-05-05 15:33:00,-0.5994617320417888
2020-05-05 15:36:00,-0.47158251260862016
2020-05-05 15:39:00,-0.5842511104784762
2020-05-05 15:42:00,-0.5186147371344987
2020-05-05 15:45:00,-0.5394839782975964
2020-05-05 15:48:00,-0.5740096948677547
2020-05-05 15:51:00,-0.4903138252242911
2020-05-05 15:54:00,-0.6144006061776963
2020-05-05 15:57:00,-0.5291746007980009
2020-05-05 16:00:00,-0.4850309978243672
2020-05-05 16:03:00,-0.5465998416150342
2020-05-05 16:06:00,-0.5247470996775405
2020-05-05 16:09:00,-0.5917929134234328
2020-05-05 16:12:00,-0.5413867439989986
2020-05-05 16:15:00,-0.5779451633318331
2020-05-05 16:18:00,-0.4631588256665964
2020-05-05 16:21:00,-0.5627749954764454
2020-05-05 16:24:00,-0.5716083614335616
2020-05-05 16:27:00,-0.5695330299832335
2020-05-05 16:30:00,-0.5507128477877927
2020-05-05 16:33:00,-0.5320997157375018
2020-05-05 16:36:00,-0.5206947455655495
2020-05-05 16:39:00,-0.551270887785563
2020-05-05 16:42:00,-0.43145860859823415
2020-05-05 16:45:00,-0.5711978019132857
2020-05-05 16:48:00,-0.5596417321775107
2020-05-05 16:51:00,-0.4716359914693271
2020-05-05 16:54:00,-0.5635632900704763
2020-05-05 16:57:00,-0.3395672078556231
2020-05-05 17:00:00,-0.5069780202678658
2020-05-05 17:03:00,-0.4060100264636617
2020-05-05 17:06:00,-0.39990348466261594
2020-05-05 17:09:00,-0.44782211512415415
2020-05-05 17:12:00,-0.49203347971524636
2020-05-05 17:15:00,-0.4992497169957346
2020-05-05 17:18:00,-0.505267871837134
2020-05-05 17:21:00,-0.4473308382785035
2020-05-05 17:24:00,-0.5151884696071534
2020-05-05 17:27:00,-0.47644068030120934
2020-05-05 17:30:00,-0.5292118392198404
2020-05-05 17:33:00,-0.5010089991387758
2020-05-05 17:36:00,-0.5281774618313761
2020-05-05 17:39:00,-0.44650452356307824
2020-05-05 17:42:00,-0.44623949047019096
2020-05-05 17:45:00,-0.5266054628087318
2020-05-05 17:48:00,-0.6052402390769771
2020-05-05 17:51:00,-0.5426049476230332
2020-05-05 17:54:00,-0.5279126070070106
2020-05-05 17:57:00,-0.40307329032418693
2020-05-05 18:00:00,-0.48386106064145906
2020-05-05 18:03:00,-0.4247804111373057
2020-05-05 18:06:00,-0.4105978696979946
2020-05-05 18:09:00,-0.3697214489735643
2020-05-05 18:12:00,-0.41594808327982946
2020-05-05 18:15:00,-0.4227450149670062
2020-05-05 18:18:00,-0.3815238984094549
2020-05-05 18:21:00,-0.41716519771705407
2020-05-05 18:24:00,-0.44456617468586046
2020-05-05 18:27:00,-0.382680554810122
2020-05-05 18:30:00,-0.40066656893765185
2020-05-05 18:33:00,-0.2728265308981008
2020-05-05 18:36:00,-0.33505628177096014
2020-05-05 18:39:00,-0.30134518207989913
2020-05-05 18:42:00,-0.274352792630566
2020-05-05 18:45:00,-0.34978308370432387
2020-05-05 18:48:00,-0.2850477113665306
2020-05-05 18:51:00,-0.27837451845084615
2020-05-05 18:54:00,-0.337852111280597
2020-05-05 18:57:00,
2020-05-05 19:00:00,
2020-05-05 19:03:00,-0.3050014799658811
2020-05-05 19:06:00,-0.3612651565427427
2020-05-05 19:09:00,-0.30127119269769764
2020-05-05 19:12:00,-0.3326455226076064
2020-05-05 19:15:00,-0.30641927008105085
2020-05-05 19:18:00,-0.2870209940839459
2020-05-05 19:21:00,-0.31333161306389457
2020-05-05 19:24:00,-0.22288491304072977
2020-05-05 19:27:00,-0.23118648075421788
2020-05-05 19:30:00,-0.3130619946002753
2020-05-05 19:33:00,-0.14726792856049542
2020-05-05 19:36:00,-0.27843038567908707
2020-05-05 19:39:00,-0.22469422127966254
2020-05-05 19:42:00,-0.24847913230138374
2020-05-05 19:45:00,-0.0758541286203922
2020-05-05 19:48:00,-0.2799713459333475
2020-05-05 19:51:00,-0.2878178275652772
2020-05-05 19:54:00,-0.1723192633443773
2020-05-05 19:57:00,-0.21448415269696852
2020-05-05 20:00:00,-0.10246474300288355
2020-05-05 20:03:00,-0.17929918696313507
2020-05-05 20:06:00,-0.16179102713357452
2020-05-05 20:09:00,-0.2250566062497228
2020-05-05 20:12:00,-0.14916642808231018
2020-05-05 20:15:00,-0.14135374119632615
2020-05-05 20:18:00,-0.13395145501090155
2020-05-05 20:21:00,-0.17037338889377907
2020-05-05 20:24:00,-0.09053812245036852
2020-05-05 20:27:00,-0.1474450099486262
2020-05-05 20:30:00,-0.2219439091327331
2020-05-05 20:33:00,-0.24123923267558212
2020-05-05 20:36:00,-0.09416243877939223
2020-05-05 20:39:00,-0.05655542918793799
2020-05-05 20:42:00,-0.0911598307640702
2020-05-05 20:45:00,-0.16394300298071585
2020-05-05 20:48:00,-0.14645252546273468
2020-05-05 20:51:00,-0.26838607285793614
2020-05-05 20:54:00,-0.10981282127318082
2020-05-05 20:57:00,-0.14434242465586067
2020-05-05 21:00:00,-0.18467707808321165
2020-05-05 21:03:00,-0.04700671464371453
2020-05-05 21:06:00,-0.13948894289865166
2020-05-05 21:09:00,-0.07448733717649247
2020-05-05 21:12:00,-0.15350584854337512
2020-05-05 21:15:00,-0.06874715852859481
2020-05-05 21:18:00,-0.10864701792530695
2020-05-05 21:21:00,-0.1565714322881604
2020-05-05 21:24:00,-0.13234482295990802
2020-05-05 21:27:00,-0.21743304935762353
2020-05-05 21:30:00,-0.1378555594563977
2020-05-05 21:33:00,-0.13491836394496204
2020-05-05 21:36:00,-0.06970669689303577
2020-05-05 21:39:00,-0.08807354243788268
2020-05-05 21:42:00,-0.161133293188243
2020-05-05 21:45:00,-0.03558201172444342
2020-05-05 21:48:00,-0.23037875479997183
2020-05-05 21:51:00,-0.01695814658302197
2020-05-05 21:54:00,-0.12184794464980087
2020-05-05 21:57:00,-0.04838531282734948
2020-05-05 22:00:00,-0.05609929820423076
2020-05-05 22:03:00,-0.12187005707977505
2020-05-05 22:06:00,-0.09345783198148183
2020-05-05 22:09:00,-0.1143940674680266
2020-05-05 22:12:00,-0.13140450344855026
2020-05-05 22:15:00,-0.15030248924534817
2020-05-05 22:18:00,-0.16629383967659805
2020-05-05 22:21:00,-0.18505099878575493
2020-05-05 22:24:00,-0.17865832762407763
2020-05-05 22:27:00,-0.05064951193861589
2020-05-05 22:30:00,-0.1519012086241105
2020-05-05 22:33:00,-0.10423229947662094
2020-05-05 22:36:00,-0.07463309681673991
2020-05-05 22:39:00,0.0042879744823949295
2020-05-05 22:42:00,-0.1344428570373566
2020-05-05 22:45:00,-0.07300403470173933
2020-05-05 22:48:00,-0.059198578810253366
2020-05-05 22:51:00,-0.025890891137237304
2020-05-05 22:54:00,0.06707838007531564
2020-05-05 22:57:00,-0.060964778691470656
2020-05-05 23:00:00,-0.05791499732487182
2020-05-05 23:03:00,-0.10631642066425684
2020-05-05 23:06:00,-0.005556613741930505
2020-05-05 23:09:00,0.0029832978098625063
2020-05-05 23:12:00,-0.11490093049224015
2020-05-05 23:15:00,0.025685693068794535
2020-05-05 23:18:00,-0.0022555679642550786
2020-05-05 23:21:00,0.016607097859946407
2020-05-05 23:24:00,-0.06438298582702373
2020-05-05 23:27:00,-0.06649002790311442
2020-05-05 23:30:00,0.016279034559829597
2020-05-05 23:33:00,-0.007609785851798279
2020-05-05 23:36:00,0.09801971664074927
2020-05-05 23:39:00,-0.007194947404514096
2020-05-05 23:42:00,0.010071841786839286
2020-05-05 23:45:00,0.0727658566113405
2020-05-05 23:48:00,0.07546395094777836
2020-05-05 23:51:00,0.09326287316361004
2020-05-05 23:54:00,0.14465207138664482
2020-05-05 23:57:00,-0.0019744043026435065
2020-05-06 00:00:00,-0.03455493888816363
2020-05-06 00:03:00,0.012109956121264531
2020-05-06 00:06:00,0.09893831505587514
2020-05-06 00:09:00,-0.025151273466860857
2020-05-06 00:12:00,0.02031915516255367
2020-05-06 00:15:00,0.09152248505967009
2020-05-06 00:18:00,-0.0926270983453037
2020-05-06 00:21:00,0.024544717824426243
2020-05-06 00:24:00,0.08501064420693183
2020-05-06 00:27:00,0.032663787941601186
2020-05-06 00:30:00,-0.014357764690259955
2020-05-06 00:33:00,-0.016265789895840044
2020-05-06 00:36:00,0.02788661169512352
2020-05-06 00:39:00,-0.038155998721435935
2020-05-06 00:42:00,0.027101811271393217
2020-05-06 00:45:00,0.09066980670399971
2020-05-06 00:48:00,0.1487786452210571
2020-05-06 00:51:00,0.13318981067345703
2020-05-06 00:54:00,-0.0007884303121841185
2020-05-06 00:57:00,0.022968849812514236
2020-05-06 01:00:00,-0.11487979319366559
2020-05-06 01:03:00,-0.052161588108901924
2020-05-06 01:06:00,0.03905471531464855
2020-05-06 01:09:00,0.03421326461176477
2020-05-06 01:12:00,0.01739239841390372
2020-05-06 01:15:00,0.1355247593515969
2020-05-06 01:18:00,0.052111408983023466
2020-05-06 01:21:00,0.14647905392649818
2020-05-06 01:24:00,0.18084437249609664
2020-05-06 01:27:00,0.1672770236544352
2020-05-06 01:30:00,0.11117647202974013
2020-05-06 01:33:00,0.10483851592800875
2020-05-06 01:36:00,0.046507992417787136
2020-05-06 01:39:00,0.09769016069878944
2020-05-06 01:42:00,0.19168581032568
2020-05-06 01:45:00,0.10621114294696099
2020-05-06 01:48:00,0.2997427050245278
2020-05-06 01:51:00,0.29247815666241195
2020-05-06 01:54:00,0.28531941255653237
2020-05-06 01:57:00,0.3242245111989064
2020-05-06 02:00:00,0.29262563876062586
2020-05-06 02:03:00,0.37762380585559185
2020-05-06 02:06:00,0.5505116368626091
2020-05-06 02:09:00,0.39840341898565157
2020-05-06 02:12:00,0.3668589819935164
2020-05-06 02:15:00,0.1766243684050437
2020-05-06 02:18:00,0.13515313395367912
2020-05-06 02:21:00,0.1019020318937578
2020-05-06 02:24:00,0.1766182383657906
2020-05-06 02:27:00,0.08826659964591954
2020-05-06 02:30:00,0.0663101558678818
2020-05-06 02:33:00,0.0820140781758596
2020-05-06 02:36:00,0.14540384258754102
2020-05-06 02:39:00,0.13537798252974653
2020-05-06 02:42:00,0.1382613924722591
2020-05-06 02:45:00,0.21252434225851857
2020-05-06 02:48:00,0.09769303501849436
2020-05-06 02:51:00,0.11282573628523096
2020-05-06 02:54:00,0.25730898242585454
2020-05-06 02:57:00,0.11342379211748721
2020-05-06 03:00:00,0.1740867495248608
2020-05-06 03:03:00,0.07561599773293892
2020-05-06 03:06:00,0.19954949012543466
2020-05-06 03:09:00,0.14027811362228704
2020-05-06 03:12:00,0.16632305045311568
2020-05-06 03:15:00,0.2693346570542303
2020-05-06 03:18:00,0.14042097251763153
2020-05-06 03:21:00,0.0885154102091974
2020-05-06 03:24:00,0.10090433910573893
2020-05-06 03:27:00,0.07606518691198971
2020-05-06 03:30:00,0.18493862238955217
2020-05-06 03:33:00,0.10334995507986378
2020-05-06 03:36:00,0.19708259016783813
2020-05-06 03:39:00,0.1253796910925189
2020-05-06 03:42:00,0.24854535808333367
2020-05-06 03:45:00,0.21933570826450932
2020-05-06 03:48:00,0.24091878715131543
2020-05-06 03:51:00,0.20201036254297833
2020-05-06 03:54:00,0.298454399694549
2020-05-06 03:57:00,0.2814808177658392
2020-05-06 04:00:00,0.2516098574526495
2020-05-06 04:03:00,0.27327175734791354
2020-05-06 04:06:00,0.13340723601328364
2020-05-06 04:09:00,0.12517302343252368
2020-05-06 04:12:00,0.11227809218348739
2020-05-06 04:15:00,0.0399573758608085
2020-05-06 04:18:00,0.2881214003852506
2020-05-06 04:21:00,0.18534097874749023
2020-05-06 04:24:00,0.17718379516270488
2020-05-06 04:27:00,0.16574180951334938
2020-05-06 04:30:00,0.1358344856418512
2020-05-06 04:33:00,0.21280068930883544
2020-05-06 04:36:00,0.1191958528095256
2020-05-06 04:39:00,0.1822220436133648
2020-05-06 04:42:00,0.22558600705957588
2020-05-06 04:45:00,0.18952274463663343
2020-05-06 04:48:00,0.0631804396489315
2020-05-06 04:51:00,0.14015232880717576
2020-05-06 04:54:00,0.14021248606474046
2020-05-06 04:57:00,0.15873551794862806
2020-05-06 05:00:00,0.12005755461206036
2020-05-06 05:03:00,0.22410585177919984
2020-05-06 05:06:00,0.1528373374796388
2020-05-06 05:09:00,0.20336410552164352
2020-05-06 05:12:00,0.0733549661511006
2020-05-06 05:15:00,0.017954867133369135
2020-05-06 05:18:00,0.12846961710545202
2020-05-06 05:21:00,0.20380720062843238
2020-05-06 05:24:00,0.3029123958335731
2020-05-06 05:27:00,0.22085887991534037
2020-05-06 05:30:00,0.23714637660413018
2020-05-06 05:33:00,0.16136587900808763
2020-05-06 05:36:00,0.09631665363184538
2020-05-06 05:39:00,0.06403053651342816
2020-05-06 05:42:00,0.14273681059290766
2020-05-06 05:45:00,0.12741566659923365
2020-05-06 05:48:00,0.15522245609241736
2020-05-06 05:51:00,0.16673701777426686
2020-05-06 05:54:00,0.24735911629664997
2020-05-06 05:57:00,0.2634854095006176
2020-05-06 06:00:00,0.1282562175713906
2020-05-06 06:03:00,0.2020387898860463
2020-05-06 06:06:00,0.17596205159014744
2020-05-06 06:09:00,0.24287806806017898
2020-05-06 06:12:00,0.16690323553120834
2020-05-06 06:15:00,0.174095032582386
2020-05-06 06:18:00,0.11297307065717632
2020-05-06 06:21:00,0.1750411564191836
2020-05-06 06:24:00,0.17642457260927813
2020-05-06 06:27:00,0.2277223743890886
2020-05-06 06:30:00,0.17072826527152074
2020-05-06 06:33:00,0.17705730009339504
2020-05-06 06:36:00,0.10069774786597918
2020-05-06 06:39:00,0.19832392367919738
2020-05-06 06:42:00,0.18513146546797543
2020-05-06 06:45:00,0.20169179475811916
2020-05-06 06:48:00,0.11581798012866784
2020-05-06 06:51:00,0.16467197515504495
2020-05-06 06:54:00,0.21646000848045333
2020-05-06 06:57:00,0.16023293263242522
2020-05-06 07:00:00,0.13787328539967802
2020-05-06 07:03:00,0.032270521521923
2020-05-06 07:06:00,0.12033252025025831
2020-05-06 07:09:00,0.036968628283830185
2020-05-06 07:12:00,0.1403516265060034
2020-05-06 07:15:00,0.10208461430028137
2020-05-06 07:18:00,0.07615552749541621
2020-05-06 07:21:00,0.03919270439388356
2020-05-06 07:24:00,0.01474594413059549
2020-05-06 07:27:00,0.024504229350668538
2020-05-06 07:30:00,0.041558580980506576
2020-05-06 07:33:00,0.06623086313885551
2020-05-06 07:36:00,-0.07807430815199723
2020-05-06 07:39:00,0.05449121322681094
2020-05-06 07:42:00,0.09618632232746904
2020-05-06 07:45:00,0.15296276703566036
2020-05-06 07:48:00,0.13133704252828693
2020-05-06 07:51:00,0.17608731137067934
2020-05-06 07:54:00,0.12293281771644615
2020-05-06 07:57:00,0.1857064848718437
2020-05-06 08:00:00,0.115123473886797
2020-05-06 08:03:00,0.10769494326353879
2020-05-06 08:06:00,0.03427885357911009
2020-05-06 08:09:00,0.059047225212736976
2020-05-06 08:12:00,0.030663503559253513
2020-05-06 08:15:00,0.10542631593563101
2020-05-06 08:18:00,0.23352273717171101
2020-05-06 08:21:00,0.21830409038204834
2020-05-06 08:24:00,0.17289841410217832
2020-05-06 08:27:00,0.08285455101440675
2020-05-06 08:30:00,-0.01087978549219315
2020-05-06 08:33:00,0.11794876944060206
2020-05-06 08:36:00,0.1132456337303438
2020-05-06 08:39:00,0.1174908590039081
2020-05-06 08:42:00,0.16659932888933326
2020-05-06 08:45:00,0.010394621121633918
2020-05-06 08:48:00,0.11987923515209786
2020-05-06 08:51:00,0.14462736007027388
2020-05-06 08:54:00,0.11189226514443362
2020-05-06 08:57:00,0.07028652503339572
2020-05-06 09:00:00,0.04483698422512816
2020-05-06 09:03:00,0.061480168349930864
2020-05-06 09:06:00,0.05767038317560491
2020-05-06 09:09:00,0.06238767418159341
2020-05-06 09:12:00,0.05370308795704659
2020-05-06 09:15:00,-0.024982621860146992
2020-05-06 09:18:00,0.013964154788880023
2020-05-06 09:21:00,0.13110206713531625
2020-05-06 09:24:00,0.0929106275687559
2020-05-06 09:27:00,-0.0056311636810733035
2020-05-06 09:30:00,0.10684665053565823
2020-05-06 09:33:00,-0.03675245960351958
2020-05-06 09:36:00,0.024639043009528905
2020-05-06 09:39:00,0.007659506045172293
2020-05-06 09:42:00,0.020191085959993416
2020-05-06 09:45:00,-0.034815996754673506
2020-05-06 09:48:00,-0.14504575624255267
2020-05-06 09:51:00,-0.04938687582108514
2020-05-06 09:54:00,-0.09053929191480847
2020-05-06 09:57:00,0.03526276799578909
2020-05-06 10:00:00,-0.020856745536605104
2020-05-06 10:03:00,-0.05118769234428555
2020-05-06 10:06:00,-0.17492211220752552
2020-05-06 10:09:00,-0.05216200368641921
2020-05-06 10:12:00,0.0035378057007733332
2020-05-06 10:15:00,-0.21629315869961374
2020-05-06 10:18:00,-0.1205284305892178
2020-05-06 10:21:00,-0.15543094141315805
2020-05-06 10:24:00,-0.014047342230924187
2020-05-06 10:27:00,-0.22591194424359173
2020-05-06 10:30:00,-0.0514133821110363
2020-05-06 10:33:00,-0.011274198475291541
2020-05-06 10:36:00,-0.19888249249197543
2020-05-06 10:39:00,-0.10641100842656215
2020-05-06 10:42:00,-0.16903883256401286
2020-05-06 10:45:00,-0.1388130644836565
2020-05-06 10:48:00,-0.3116154155005688
2020-05-06 10:51:00,-0.20487537948196177
2020-05-06 10:54:00,-0.2802792267327163
2020-05-06 10:57:00,-0.2257573425841315
2020-05-06 11:00:00,-0.21622391392730833
2020-05-06 11:03:00,-0.2678202236214702
2020-05-06 11:06:00,-0.24125824276023877
2020-05-06 11:09:00,-0.16231334335265046
2020-05-06 11:12:00,-0.18058238960293238
2020-05-06 11:15:00,-0.15451904961832952
2020-05-06 11:18:00,-0.18448262398698034
2020-05-06 11:21:00,-0.2040959444320265
2020-05-06 11:24:00,-0.24085755929047536
2020-05-06 11:27:00,-0.17721776596397376
2020-05-06 11:30:00,-0.24585843799354734
2020-05-06 11:33:00,-0.28775816368340656
2020-05-06 11:36:00,-0.29998556855809966
2020-05-06 11:39:00,-0.1622041830145804
2020-05-06 11:42:00,-0.2859765201433788
2020-05-06 11:45:00,-0.2979008925774451
2020-05-06 11:48:00,-0.21791372724220537
2020-05-06 11:51:00,-0.21210261342656622
2020-05-06 11:54:00,-0.20321532029799982
2020-05-06 11:57:00,-0.3863287713419936
2020-05-06 12:00:00,-0.3136355924099803
2020-05-06 12:03:00,-0.28955972339434766
2020-05-06 12:06:00,-0.3334760202274083
2020-05-06 12:09:00,-0.3546963416503104
2020-05-06 12:12:00,-0.2614305629835485
2020-05-06 12:15:00,-0.36420941814446905
2020-05-06 12:18:00,-0.3277325263990747
2020-05-06 12:21:00,-0.29418467045900343
2020-05-06 12:24:00,-0.2812159813268522
2020-05-06 12:27:00,-0.4317271303148118
2020-05-06 12:30:00,-0.4396990703574488
2020-05-06 12:33:00,-0.33012028867148047
2020-05-06 12:36:00,-0.3804447810892384
2020-05-06 12:39:00,-0.35222490677648466
2020-05-06 12:42:00,-0.3684595804163564
2020-05-06 12:45:00,-0.4049907085791915
2020-05-06 12:48:00,-0.40187063396626854
2020-05-06 12:51:00,-0.4156263906961044
2020-05-06 12:54:00,-0.5219860181962872
2020-05-06 12:57:00,-0.4871689738077407
2020-05-06 13:00:00,-0.49147544561594714
2020-05-06 13:03:00,-0.4540714833863717
2020-05-06 13:06:00,-0.4131798046835229
2020-05-06 13:09:00,-0.5185969711446319
2020-05-06 13:12:00,-0.4311945624525606
2020-05-06 13:15:00,-0.5684901005964775
2020-05-06 13:18:00,-0.48692137737936037
2020-05-06 13:21:00,-0.5306016192729999
2020-05-06 13:24:00,-0.5481551107775999
2020-05-06 13:27:00,-0.4512892664398578
2020-05-06 13:30:00,-0.5071964927145132
2020-05-06 13:33:00,-0.5354306682638139
2020-05-06 13:36:00,-0.41315652067123665
2020-05-06 13:39:00,-0.3992097655297471
2020-05-06 13:42:00,-0.47281246577790625
2020-05-06 13:45:00,-0.36041724939644837
2020-05-06 13:48:00,-0.5006982058335439
2020-05-06 13:51:00,-0.48357840330243107
2020-05-06 13:54:00,-0.3855447113335231
2020-05-06 13:57:00,-0.49715853718043945
2020-05-06 14:00:00,-0.4391774923500975
2020-05-06 14:03:00,-0.4175173268178014
2020-05-06 14:06:00,-0.46502992629058326
2020-05-06 14:09:00,-0.3788244973397923
2020-05-06 14:12:00,-0.48414293755354265
2020-05-06 14:15:00,-0.5333435657192922
2020-05-06 14:18:00,-0.5814328263597872
2020-05-06 14:21:00,-0.4413260664870222
2020-05-06 14:24:00,-0.5948458500660649
2020-05-06 14:27:00,-0.472871879509114
2020-05-06 14:30:00,-0.4247175291262124
2020-05-06 14:33:00,-0.45004159759349704
2020-05-06 14:36:00,-0.4135645926288021
2020-05-06 14:39:00,-0.32892565997070733
2020-05-06 14:42:00,-0.39562763947952817
2020-05-06 14:45:00,-0.40924502456482514
2020-05-06 14:48:00,-0.40923579384883624
2020-05-06 14:51:00,-0.46174910841278916
2020-05-06 14:54:00,-0.4336096928734605
2020-05-06 14:57:00,-0.5250985125102829
2020-05-06 15:00:00,-0.4973403493074784
2020-05-06 15:03:00,-0.4153479662397217
2020-05-06 15:06:00,-0.38988985184761304
2020-05-06 15:09:00,-0.450244699285804
2020-05-06 15:12:00,-0.5018770983119225
2020-05-06 15:15:00,-0.45282427850156637
2020-05-06 15:18:00,-0.4941880187241168
2020-05-06 15:21:00,-0.5458037854974123
2020-05-06 15:24:00,-0.5228928047845898
2020-05-06 15:27:00,-0.5080002337909377
2020-05-06 15:30:00,-0.4318880393607287
2020-05-06 15:33:00,-0.5056528957967998
2020-05-06 15:36:00,-0.5780241937592905
2020-05-06 15:39:00,-0.49401307394794003
2020-05-06 15:42:00,-0.563198579368418
2020-05-06 15:45:00,-0.5206170702031159
2020-05-06 15:48:00,-0.5455097333639287
2020-05-06 15:51:00,-0.5608652957484423
2020-05-06 15:54:00,-0.5099856202469368
2020-05-06 15:57:00,-0.4750396041507088
2020-05-06 16:00:00,-0.42524844995722333
2020-05-06 16:03:00,-0.42501761113629755
2020-05-06 16:06:00,-0.4668606744649537
2020-05-06 16:09:00,-0.4827627024501453
2020-05-06 16:12:00,-0.4403311656859046
2020-05-06 16:15:00,-0.4156572360334394
2020-05-06 16:18:00,-0.4136441031138247
2020-05-06 16:21:00,-0.5128028588790698
2020-05-06 16:24:00,-0.44699852091338244
2020-05-06 16:27:00,-0.42772133882016306
2020-05-06 16:30:00,-0.4511353250986758
2020-05-06 16:33:00,-0.48547763532371846
2020-05-06 16:36:00,-0.4824692794648513
2020-05-06 16:39:00,-0.49047053875659685
2020-05-06 16:42:00,-0.36857607446853535
2020-05-06 16:45:00,-0.5131388584581487
2020-05-06 16:48:00,-0.6620719156557016
2020-05-06 16:51:00,-0.3600914016573711
2020-05-06 16:54:00,-0.454722078888949
2020-05-06 16:57:00,-0.4501041348094077
2020-05-06 17:00:00,-0.32934170039686705
2020-05-06 17:03:00,-0.5029703164626653
2020-05-06 17:06:00,-0.3574736298807579
2020-05-06 17:09:00,-0.4390194093537616
2020-05-06 17:12:00,-0.43007065111646625
2020-05-06 17:15:00,-0.4030868459457224
2020-05-06 17:18:00,-0.34239397205982414
2020-05-06 17:21:00,-0.526149482570645
2020-05-06 17:24:00,-0.3718831714082853
2020-05-06 17:27:00,-0.40608130571945367
2020-05-06 17:30:00,-0.33530156999688643
2020-05-06 17:33:00,-0.2512474960473128
2020-05-06 17:36:00,-0.23150329809237746
2020-05-06 17:39:00,-0.2966724277394519
2020-05-06 17:42:00,-0.30521244673627734
2020-05-06 17:45:00,-0.30858074011240433
2020-05-06 17:48:00,-0.31142811301532447
2020-05-06 17:51:00,-0.19285252666600172
2020-05-06 17:54:00,-0.2838381603986022
2020-05-06 17:57:00,-0.30998970825464767
2020-05-06 18:00:00,-0.2546556210268136
2020-05-06 18:03:00,-0.21378531452842253
2020-05-06 18:06:00,-0.29836088293637886
2020-05-06 18:09:00,-0.243835715475484
2020-05-06 18:12:00,-0.2916619843496733
2020-05-06 18:15:00,-0.3239266497092217
2020-05-06 18:18:00,-0.25982565228883914
2020-05-06 18:21:00,-0.21435793045088758
2020-05-06 18:24:00,-0.17112350923900976
2020-05-06 18:27:00,-0.25991265662497653
2020-05-06 18:30:00,-0.23095365704733695
2020-05-06 18:33:00,-0.1474026582134229
2020-05-06 18:36:00,-0.1875387611100905
2020-05-06 18:39:00,-0.15403355988757994
2020-05-06 18:42:00,-0.16351170741637588
2020-05-06 18:45:00,-0.15666928722458806
2020-05-06 18:48:00,-0.1480446587759161
2020-05-06 18:51:00,-0.2190484894625797
2020-05-06 18:54:00,-0.30339864986086695
2020-05-06 18:57:00,
2020-05-06 19:00:00,
2020-05-06 19:03:00,-0.22892642859056878
2020-05-06 19:06:00,-0.21754015336887278
2020-05-06 19:09:00,-0.23574481408519432
2020-05-06 19:12:00,-0.29806109487083177
2020-05-06 19:15:00,-0.20448007478950103
2020-05-06 19:18:00,-0.24224778022738747
2020-05-06 19:21:00,-0.18892521675076068
2020-05-06 19:24:00,-0.21943431648128353
2020-05-06 19:27:00,-0.14670705615395718
2020-05-06 19:30:00,-0.1843683296063432
2020-05-06 19:33:00,-0.20681233453586856
2020-05-06 19:36:00,-0.16207230147671225
2020-05-06 19:39:00,-0.1608259507755747
2020-05-06 19:42:00,-0.24373026855215585
2020-05-06 19:45:00,-0.1327923396524966
2020-05-06 19:48:00,-0.15520879782661723
2020-05-06 19:51:00,-0.1855162959641916
2020-05-06 19:54:00,-0.19623247230038032
2020-05-06 19:57:00,-0.14548070554729975
2020-05-06 20:00:00,-0.23237499463795075
2020-05-06 20:03:00,-0.22402701086264187
2020-05-06 20:06:00,-0.20120473717605591
2020-05-06 20:09:00,-0.17961087437845435
2020-05-06 20:12:00,-0.19222214737749255
2020-05-06 20:15:00,-0.18463343279489663
2020-05-06 20:18:00,-0.25701165228264244
2020-05-06 20:21:00,-0.18165201706437983
2020-05-06 20:24:00,-0.1064382935343815
2020-05-06 20:27:00,-0.03427279149974538
2020-05-06 20:30:00,-0.18000221377371872
2020-05-06 20:33:00,-0.11544849571322402
2020-05-06 20:36:00,-0.08735371002160264
2020-05-06 20:39:00,-0.1763944082663329
2020-05-06 20:42:00,-0.14265099602698683
2020-05-06 20:45:00,-0.09694009929933145
2020-05-06 20:48:00,-0.05769840066426468
2020-05-06 20:51:00,-0.11052276535889405
2020-05-06 20:54:00,-0.0905913337166453
2020-05-06 20:57:00,-0.12203099758909275
2020-05-06 21:00:00,-0.07158509710643557
2020-05-06 21:03:00,-0.07397898350870946
2020-05-06 21:06:00,-0.08846989896619561
2020-05-06 21:09:00,-0.09333658691775781
2020-05-06 21:12:00,-0.12396746022523075
2020-05-06 21:15:00,-0.07510597995110402
2020-05-06 21:18:00,-0.1682953857603593
2020-05-06 21:21:00,-0.12263812619141845
2020-05-06 21:24:00,-0.09935417121812407
2020-05-06 21:27:00,-0.09532341993275395
2020-05-06 21:30:00,-0.12437634013946308
2020-05-06 21:33:00,-0.19294273691593844
2020-05-06 21:36:00,-0.19537272204144074
2020-05-06 21:39:00,-0.1643658522660303
2020-05-06 21:42:00,-0.1843810028100279
2020-05-06 21:45:00,-0.11461493468357276
2020-05-06 21:48:00,-0.18877937641366316
2020-05-06 21:51:00,-0.07416324228233862
2020-05-06 21:54:00,-0.15168789585231934
2020-05-06 21:57:00,-0.03412611047878045
2020-05-06 22:00:00,-0.05628183386841101
2020-05-06 22:03:00,-0.1048775396721453
2020-05-06 22:06:00,-0.08635627007424773
2020-05-06 22:09:00,-0.1585849331458462
2020-05-06 22:12:00,-0.11439948487566198
2020-05-06 22:15:00,-0.10373430399664585
2020-05-06 22:18:00,-0.02947426738296599
2020-05-06 22:21:00,-0.053551704698577396
2020-05-06 22:24:00,-0.027297393941239534
2020-05-06 22:27:00,-0.04705555394690464
2020-05-06 22:30:00,-0.09433633111564177
2020-05-06 22:33:00,-0.06873001971302983
2020-05-06 22:36:00,-0.005337812626180494
2020-05-06 22:39:00,0.09458954528196273
2020-05-06 22:42:00,-0.052241031796995685
2020-05-06 22:45:00,-0.018764327266978853
2020-05-06 22:48:00,0.016365433106159344
2020-05-06 22:51:00,0.015229577653769866
2020-05-06 22:54:00,0.03162000671994747
2020-05-06 22:57:00,0.03422417870933714
2020-05-06 23:00:00,0.03682699019861957
2020-05-06 23:03:00,-0.07443920575411767
2020-05-06 23:06:00,-0.0536123738538663
2020-05-06 23:09:00,-0.04464501993339809
2020-05-06 23:12:00,-0.014761080317555297
2020-05-06 23:15:00,0.13411288912271857
2020-05-06 23:18:00,0.07396678815041469
2020-05-06 23:21:00,0.05693826062383778
2020-05-06 23:24:00,0.04701818283325565
2020-05-06 23:27:00,-0.0810760615494246
2020-05-06 23:30:00,-0.08190258423553587
2020-05-06 23:33:00,0.0024275389147874193
2020-05-06 23:36:00,0.03947862075330022
2020-05-06 23:39:00,-0.016589702263559047
2020-05-06 23:42:00,0.07124074517793133
2020-05-06 23:45:00,0.04941811811613661
2020-05-06 23:48:00,0.029091840929368118
2020-05-06 23:51:00,0.05473221032696074
2020-05-06 23:54:00,0.026457246216068597
2020-05-06 23:57:00,-0.1481974368906549
2020-05-07 00:00:00,-0.0069026168895334195
2020-05-07 00:03:00,-0.05773245785525205
2020-05-07 00:06:00,0.03846362689534999
2020-05-07 00:09:00,0.08902537247837472
2020-05-07 00:12:00,0.09173940605080588
2020-05-07 00:15:00,0.035832533960274304
2020-05-07 00:18:00,0.015982147417616943
2020-05-07 00:21:00,0.07469301983303467
2020-05-07 00:24:00,0.0020058180458022434
2020-05-07 00:27:00,-0.028214368835904224
2020-05-07 00:30:00,0.034705910688387576
2020-05-07 00:33:00,0.007832877946896133
2020-05-07 00:36:00,0.07676373575861817
2020-05-07 00:39:00,0.008157158755864202
2020-05-07 00:42:00,0.1355561859008958
2020-05-07 00:45:00,0.009681726976623395
2020-05-07 00:48:00,0.09424841870480805
2020-05-07 00:51:00,0.044840161736885875
2020-05-07 00:54:00,0.08102780004799115
2020-05-07 00:57:00,0.03387265138150042
2020-05-07 01:00:00,0.003248879452030451
2020-05-07 01:03:00,0.07709332624511944
2020-05-07 01:06:00,0.037354715977016895
2020-05-07 01:09:00,0.057321931623164346
2020-05-07 01:12:00,0.025573146496924437
2020-05-07 01:15:00,-0.009936001321591448
2020-05-07 01:18:00,-0.00492000237971979
2020-05-07 01:21:00,0.043888472456842464
2020-05-07 01:24:00,0.07855092120962581
2020-05-07 01:27:00,0.03927294578443252
2020-05-07 01:30:00,0.07211817639603169
2020-05-07 01:33:00,0.05882156713187214
2020-05-07 01:36:00,0.041636901611354915
2020-05-07 01:39:00,0.03930397846113465
2020-05-07 01:42:00,-0.027097330687979593
2020-05-07 01:45:00,0.07083190984275234
2020-05-07 01:48:00,0.08264086874436316
2020-05-07 01:51:00,-0.005176562139865837
2020-05-07 01:54:00,0.09271233774506982
2020-05-07 01:57:00,0.00416309938646009
2020-05-07 02:00:00,0.02746007714267762
2020-05-07 02:03:00,0.1158260030977658
2020-05-07 02:06:00,0.007230537388352332
2020-05-07 02:09:00,0.09047471366147875
2020-05-07 02:12:00,0.029758473807532937
2020-05-07 02:15:00,0.06514191006198189
2020-05-07 02:18:00,-0.08973012748759857
2020-05-07 02:21:00,0.06655284133296391
2020-05-07 02:24:00,0.006092723437234326
2020-05-07 02:27:00,0.01855050687510129
2020-05-07 02:30:00,0.019358878446553263
2020-05-07 02:33:00,0.10930462424465759
2020-05-07 02:36:00,0.09829426100975525
2020-05-07 02:39:00,0.14873521285630886
2020-05-07 02:42:00,0.017153130939107086
2020-05-07 02:45:00,0.06572490861356073
2020-05-07 02:48:00,0.14021456891072148
2020-05-07 02:51:00,0.09781700314221098
2020-05-07 02:54:00,0.03146266427381761
2020-05-07 02:57:00,0.014980048585130135
2020-05-07 03:00:00,-0.06677757680256491
2020-05-07 03:03:00,0.07215830819728808
2020-05-07 03:06:00,0.0714128201634594
2020-05-07 03:09:00,0.02705821175732126
2020-05-07 03:12:00,0.06108523795620613
2020-05-07 03:15:00,-0.19197203368298688
2020-05-07 03:18:00,-0.06443881191222545
2020-05-07 03:21:00,-0.08120378462058397
2020-05-07 03:24:00,-0.06300057209006127
2020-05-07 03:27:00,-0.05633629887654479
2020-05-07 03:30:00,-0.10948194918336185
2020-05-07 03:33:00,0.03300260107931763
2020-05-07 03:36:00,0.07555959424934144
2020-05-07 03:39:00,0.07914336778520692
2020-05-07 03:42:00,0.10157300978534067
2020-05-07 03:45:00,-0.021617565085364276
2020-05-07 03:48:00,0.05270971113878886
2020-05-07 03:51:00,-0.06268536286648896
2020-05-07 03:54:00,-0.09684388194244775
2020-05-07 03:57:00,-0.03491299987524599
2020-05-07 04:00:00,-0.022927667074213787
2020-05-07 04:03:00,0.05284008235815918
2020-05-07 04:06:00,-0.060069501430064065
2020-05-07 04:09:00,-0.0519776738415203
2020-05-07 04:12:00,0.09483438032043523
2020-05-07 04:15:00,0.014551598830678358
2020-05-07 04:18:00,0.11281568960140476
2020-05-07 04:21:00,0.05474196171348922
2020-05-07 04:24:00,0.060285076229035894
2020-05-07 04:27:00,0.007560266123732617
2020-05-07 04:30:00,0.004293843612458659
2020-05-07 04:33:00,-0.0071248246934487725
2020-05-07 04:36:00,0.05343784114239725
2020-05-07 04:39:00,0.10962887423147549
2020-05-07 04:42:00,0.1275629892418806
2020-05-07 04:45:00,0.1691913522627715
2020-05-07 04:48:00,0.09032837015126916
2020-05-07 04:51:00,0.09672590346309562
2020-05-07 04:54:00,0.16669112376968087
2020-05-07 04:57:00,0.042825255537820794
2020-05-07 05:00:00,-0.011141143672034559
2020-05-07 05:03:00,0.08100679898677754
2020-05-07 05:06:00,-0.035603076722168225
2020-05-07 05:09:00,-0.08745118291437848
2020-05-07 05:12:00,0.022661315060645393
2020-05-07 05:15:00,-0.07125787840607245
2020-05-07 05:18:00,0.05309784249561744
2020-05-07 05:21:00,-0.07508401553411659
2020-05-07 05:24:00,0.05199737639759405
2020-05-07 05:27:00,-0.06757735489401284
2020-05-07 05:30:00,-0.03594781877416153
2020-05-07 05:33:00,0.056148820323528525
2020-05-07 05:36:00,-0.07217934449033692
2020-05-07 05:39:00,-0.09608869621456506
2020-05-07 05:42:00,-0.23018277978889046
2020-05-07 05:45:00,-0.12379552666118343
2020-05-07 05:48:00,-0.0019942563866379714
2020-05-07 05:51:00,0.024070042139783254
2020-05-07 05:54:00,-0.010016268756032787
2020-05-07 05:57:00,0.02313343262062517
2020-05-07 06:00:00,-0.006698427725154943
2020-05-07 06:03:00,0.07011850999504077
2020-05-07 06:06:00,0.07912968120962205
2020-05-07 06:09:00,0.15811252796953568
2020-05-07 06:12:00,0.11262483915112398
2020-05-07 06:15:00,0.12810725987822025
2020-05-07 06:18:00,0.16321707715241018
2020-05-07 06:21:00,0.07561056635336172
2020-05-07 06:24:00,0.09755744001364519
2020-05-07 06:27:00,0.19140911648753445
2020-05-07 06:30:00,0.014565930950482198
2020-05-07 06:33:00,0.12748176264801714
2020-05-07 06:36:00,0.22661311298202236
2020-05-07 06:39:00,0.13397176078751727
2020-05-07 06:42:00,0.14354354367100086
2020-05-07 06:45:00,0.0514066758402123
2020-05-07 06:48:00,0.1342599348973863
2020-05-07 06:51:00,0.08875310009790383
2020-05-07 06:54:00,0.18744455068588195
2020-05-07 06:57:00,0.10152694698416553
2020-05-07 07:00:00,0.14100814759842706
2020-05-07 07:03:00,0.17070890130236194
2020-05-07 07:06:00,0.10240419074068541
2020-05-07 07:09:00,0.15532689289449308
2020-05-07 07:12:00,0.15735006699384257
2020-05-07 07:15:00,0.06556048370543976
2020-05-07 07:18:00,0.11653633920116135
2020-05-07 07:21:00,0.12282027511844262
2020-05-07 07:24:00,-0.004303800487036824
2020-05-07 07:27:00,0.0931745828545445
2020-05-07 07:30:00,0.09583591734156016
2020-05-07 07:33:00,0.11481397633735924
2020-05-07 07:36:00,0.16144162888161873
2020-05-07 07:39:00,0.128867006537007
2020-05-07 07:42:00,0.23027022353477378
2020-05-07 07:45:00,0.1277888787410575
2020-05-07 07:48:00,0.20377202654748316
2020-05-07 07:51:00,0.1658221936213522
2020-05-07 07:54:00,0.1052000474455781
2020-05-07 07:57:00,0.16540476890048694
2020-05-07 08:00:00,0.18292249171128105
2020-05-07 08:03:00,0.09486779718463367
2020-05-07 08:06:00,0.143711801825134
2020-05-07 08:09:00,0.11837893189294846
2020-05-07 08:12:00,0.20358905589336018
2020-05-07 08:15:00,0.11979617817758026
2020-05-07 08:18:00,0.11193805307476623
2020-05-07 08:21:00,0.07406498111640758
2020-05-07 08:24:00,0.09983391587650203
2020-05-07 08:27:00,0.08064515192614863
2020-05-07 08:30:00,0.10347294087461023
2020-05-07 08:33:00,0.011155847547399844
2020-05-07 08:36:00,0.0007886482831054309
2020-05-07 08:39:00,0.10177940529194984
2020-05-07 08:42:00,0.12285932881849249
2020-05-07 08:45:00,0.009949769458728497
2020-05-07 08:48:00,-0.03173513334627387
2020-05-07 08:51:00,-0.037004320245216604
2020-05-07 08:54:00,-0.07072659178095364
2020-05-07 08:57:00,0.03369142527282065
2020-05-07 09:00:00,-0.038112834549167474
2020-05-07 09:03:00,0.02886024625195205
2020-05-07 09:06:00,-0.027596006534679418
2020-05-07 09:09:00,0.05061064136981486
2020-05-07 09:12:00,-0.11741687651777966
2020-05-07 09:15:00,-0.08000631120012258
2020-05-07 09:18:00,-0.09467075163274785
2020-05-07 09:21:00,-0.13608906417306343
2020-05-07 09:24:00,-0.09799666935634832
2020-05-07 09:27:00,-0.18958333617530343
2020-05-07 09:30:00,-0.21265394510191982
2020-05-07 09:33:00,-0.1713517196039902
2020-05-07 09:36:00,-0.13223696717989242
2020-05-07 09:39:00,-0.16905751271633562
2020-05-07 09:42:00,-0.2640134164656729
2020-05-07 09:45:00,-0.21191687800921954
2020-05-07 09:48:00,-0.11927986323325968
2020-05-07 09:51:00,-0.20918567523835918
2020-05-07 09:54:00,-0.18249793336332232
2020-05-07 09:57:00,-0.2333645477683035
2020-05-07 10:00:00,-0.2024601636107377
2020-05-07 10:03:00,-0.2567474075467544
2020-05-07 10:06:00,-0.21696947598849192
2020-05-07 10:09:00,-0.18174725672008663
2020-05-07 10:12:00,-0.23221837384585342
2020-05-07 10:15:00,-0.24182564293721498
2020-05-07 10:18:00,-0.13581680692959708
2020-05-07 10:21:00,-0.17119945891585076
2020-05-07 10:24:00,-0.23368219750693697
2020-05-07 10:27:00,-0.38569196677258333
2020-05-07 10:30:00,-0.30444796112004724
2020-05-07 10:33:00,-0.30890237921488506
2020-05-07 10:36:00,-0.29274260217573556
2020-05-07 10:39:00,-0.33748062919420363
2020-05-07 10:42:00,-0.4234009738652844
2020-05-07 10:45:00,-0.38732292578447414
2020-05-07 10:48:00,-0.2272378685877925
2020-05-07 10:51:00,-0.2769906350736733
2020-05-07 10:54:00,-0.3033372817663462
2020-05-07 10:57:00,-0.28470605563609297
2020-05-07 11:00:00,-0.4843709087442676
2020-05-07 11:03:00,-0.40791957997066675
2020-05-07 11:06:00,-0.3929829868035881
2020-05-07 11:09:00,-0.3771106685064751
2020-05-07 11:12:00,-0.34385324165464226
2020-05-07 11:15:00,-0.3508023346215623
2020-05-07 11:18:00,-0.39825660254803097
2020-05-07 11:21:00,-0.4357339145111041
2020-05-07 11:24:00,-0.435168186472481
2020-05-07 11:27:00,-0.5330271337634258
2020-05-07 11:30:00,-0.40078533076012945
2020-05-07 11:33:00,-0.4266006522198609
2020-05-07 11:36:00,-0.42075537852343814
2020-05-07 11:39:00,-0.5159601076977083
2020-05-07 11:42:00,-0.5027082599874007
2020-05-07 11:45:00,-0.5048255848566896
2020-05-07 11:48:00,-0.4553579377275696
2020-05-07 11:51:00,-0.5078400586338034
2020-05-07 11:54:00,-0.4374648647799404
2020-05-07 11:57:00,-0.5374002651244609
2020-05-07 12:00:00,-0.4693970622801089
2020-05-07 12:03:00,-0.5833603316536937
2020-05-07 12:06:00,-0.4645383840299928
2020-05-07 12:09:00,-0.47935141308414586
2020-05-07 12:12:00,-0.45893326936936774
2020-05-07 12:15:00,-0.6178237471509078
2020-05-07 12:18:00,-0.6083428333794245
2020-05-07 12:21:00,-0.6447229822421718
2020-05-07 12:24:00,-0.5448725016061644
2020-05-07 12:27:00,-0.6898224035592193
2020-05-07 12:30:00,-0.5165003093379141
2020-05-07 12:33:00,-0.5753738668482811
2020-05-07 12:36:00,-0.632409437402714
2020-05-07 12:39:00,-0.5981615547435695
2020-05-07 12:42:00,-0.7324794365337084
2020-05-07 12:45:00,-0.6162086698258236
2020-05-07 12:48:00,-0.673968737350549
2020-05-07 12:51:00,-0.7093533238116265
2020-05-07 12:54:00,-0.6684918041635797
2020-05-07 12:57:00,-0.6045492506799519
2020-05-07 13:00:00,-0.6256758297116676
2020-05-07 13:03:00,-0.6604501144721553
2020-05-07 13:06:00,-0.6791813747623223
2020-05-07 13:09:00,-0.6518555048864414
2020-05-07 13:12:00,-0.6012626935785761
2020-05-07 13:15:00,-0.848256559829963
2020-05-07 13:18:00,-0.7076298925053379
2020-05-07 13:21:00,-0.809009759029891
2020-05-07 13:24:00,-0.6706191327230613
2020-05-07 13:27:00,-0.7429793648316831
2020-05-07 13:30:00,-0.5019778598177709
2020-05-07 13:33:00,-0.550444249435202
2020-05-07 13:36:00,-0.526079806316659
2020-05-07 13:39:00,-0.6618578108570432
2020-05-07 13:42:00,-0.547960956530801
2020-05-07 13:45:00,-0.5550194650559206
2020-05-07 13:48:00,-0.6534817363421439
2020-05-07 13:51:00,-0.5388528544257838
2020-05-07 13:54:00,-0.6799754436119088
2020-05-07 13:57:00,-0.5163362497049775
2020-05-07 14:00:00,-0.5442332479354945
2020-05-07 14:03:00,-0.6511412865314128
2020-05-07 14:06:00,-0.6173008430838536
2020-05-07 14:09:00,-0.5193944073402008
2020-05-07 14:12:00,-0.6472392065621193
2020-05-07 14:15:00,-0.6169502515505201
2020-05-07 14:18:00,-0.6719056842527493
2020-05-07 14:21:00,-0.5950666788987746
2020-05-07 14:24:00,-0.656179522337311
2020-05-07 14:27:00,-0.6543736925424355
2020-05-07 14:30:00,-0.7046976512269225
2020-05-07 14:33:00,-0.6348980723677187
2020-05-07 14:36:00,-0.6261227983333129
2020-05-07 14:39:00,-0.5440191393316809
2020-05-07 14:42:00,-0.5162289460257625
2020-05-07 14:45:00,-0.6269462676917215
2020-05-07 14:48:00,-0.5493650116831077
2020-05-07 14:51:00,-0.6722524498587745
2020-05-07 14:54:00,-0.5530603703792281
2020-05-07 14:57:00,-0.597594679080089
2020-05-07 15:00:00,-0.6709683385765288
2020-05-07 15:03:00,-0.5988828126361909
2020-05-07 15:06:00,-0.5835690387419277
2020-05-07 15:09:00,-0.5771308648486411
2020-05-07 15:12:00,-0.557501021939288
2020-05-07 15:15:00,-0.5402488691034364
2020-05-07 15:18:00,-0.6152766293171226
2020-05-07 15:21:00,-0.5488401596627455
2020-05-07 15:24:00,-0.4603418123236338
2020-05-07 15:27:00,-0.530054570255686
2020-05-07 15:30:00,-0.5466553772462248
2020-05-07 15:33:00,-0.640290661381016
2020-05-07 15:36:00,-0.49672869925541363
2020-05-07 15:39:00,-0.5116837283613336
2020-05-07 15:42:00,-0.5051070872853529
2020-05-07 15:45:00,-0.5970530119843716
2020-05-07 15:48:00,-0.5450444855255228
2020-05-07 15:51:00,-0.6415833114880911
2020-05-07 15:54:00,-0.6556832228076246
2020-05-07 15:57:00,-0.5302903914560488
2020-05-07 16:00:00,-0.5551358836548843
2020-05-07 16:03:00,-0.5685641275032935
2020-05-07 16:06:00,-0.6062818098536695
2020-05-07 16:09:00,-0.528458064674453
2020-05-07 16:12:00,-0.6093415004125404
2020-05-07 16:15:00,-0.5744076873895096
2020-05-07 16:18:00,-0.576778726943985
2020-05-07 16:21:00,-0.551785304210739
2020-05-07 16:24:00,-0.5523305181068849
2020-05-07 16:27:00,-0.5044672316735728
2020-05-07 16:30:00,-0.4891452359990467
2020-05-07 16:33:00,-0.5938766123018695
2020-05-07 16:36:00,-0.547510016615604
2020-05-07 16:39:00,-0.4361086434983008
2020-05-07 16:42:00,-0.4958390500006544
2020-05-07 16:45:00,-0.4381880320810865
2020-05-07 16:48:00,-0.5240354555065778
2020-05-07 16:51:00,-0.3441813788763284
2020-05-07 16:54:00,-0.39370835668836435
2020-05-07 16:57:00,-0.36993703335713235
2020-05-07 17:00:00,-0.3923268418315047
2020-05-07 17:03:00,-0.4630245012441492
2020-05-07 17:06:00,-0.43029681651535157
2020-05-07 17:09:00,-0.3831087445549315
2020-05-07 17:12:00,-0.45078711454544873
2020-05-07 17:15:00,-0.4325651364834471
2020-05-07 17:18:00,-0.40471199276208836
2020-05-07 17:21:00,-0.3055076568994082
2020-05-07 17:24:00,-0.3464689818686679
2020-05-07 17:27:00,-0.3731504112925563
2020-05-07 17:30:00,-0.4509755536839748
2020-05-07 17:33:00,-0.37734330921216497
2020-05-07 17:36:00,-0.5004075098149201
2020-05-07 17:39:00,-0.3359462656091523
2020-05-07 17:42:00,-0.41679298199284176
2020-05-07 17:45:00,-0.3884684457542562
2020-05-07 17:48:00,-0.3714151462008317
2020-05-07 17:51:00,-0.40890248517564487
2020-05-07 17:54:00,-0.376337622389201
2020-05-07 17:57:00,-0.3443260984807921
2020-05-07 18:00:00,-0.2758253081054818
2020-05-07 18:03:00,-0.26884966085196993
2020-05-07 18:06:00,-0.18679835475677464
2020-05-07 18:09:00,-0.26951025164731846
2020-05-07 18:12:00,-0.2324496287727129
2020-05-07 18:15:00,-0.1855616274825138
2020-05-07 18:18:00,-0.2099185434533979
2020-05-07 18:21:00,-0.2495292910496687
2020-05-07 18:24:00,-0.2781113178813257
2020-05-07 18:27:00,-0.24550850690246762
2020-05-07 18:30:00,-0.23841144430616623
2020-05-07 18:33:00,-0.1736244068645192
2020-05-07 18:36:00,-0.25494088928303427
2020-05-07 18:39:00,-0.26065586257277573
2020-05-07 18:42:00,-0.31341562070508644
2020-05-07 18:45:00,-0.23900650922905697
2020-05-07 18:48:00,-0.24325762784866356
2020-05-07 18:51:00,-0.15989557343851857
2020-05-07 18:54:00,
2020-05-07 18:57:00,
2020-05-07 19:00:00,
2020-05-07 19:03:00,-0.14504474923859334
2020-05-07 19:06:00,-0.2571510550345124
2020-05-07 19:09:00,-0.16479621709288494
2020-05-07 19:12:00,-0.16095126441518914
2020-05-07 19:15:00,-0.21509912576630086
2020-05-07 19:18:00,-0.179287037600659
2020-05-07 19:21:00,-0.12221144671258344
2020-05-07 19:24:00,-0.19095477844297193
2020-05-07 19:27:00,-0.11233275448483937
2020-05-07 19:30:00,-0.13123689397798444
2020-05-07 19:33:00,-0.15225283627302133
2020-05-07 19:36:00,-0.11408345382329799
2020-05-07 19:39:00,-0.13807749916179546
2020-05-07 19:42:00,-0.04967728959377382
2020-05-07 19:45:00,-0.10792770604587076
2020-05-07 19:48:00,-0.06788937542660278
2020-05-07 19:51:00,-0.03475114690525061
2020-05-07 19:54:00,-0.147368057151823
2020-05-07 19:57:00,-0.013797089987463096
2020-05-07 20:00:00,-0.054272297681961845
2020-05-07 20:03:00,0.019082910327711033
2020-05-07 20:06:00,0.05682067861789619
2020-05-07 20:09:00,0.020074655632924987
2020-05-07 20:12:00,-0.04493224290268927
2020-05-07 20:15:00,-0.03281050207408498
2020-05-07 20:18:00,0.07776080877738423
2020-05-07 20:21:00,0.022780964088781275
2020-05-07 20:24:00,0.00913483040221763
2020-05-07 20:27:00,0.05740101437248768
2020-05-07 20:30:00,-0.029732335540245458
2020-05-07 20:33:00,0.0486625625175634
2020-05-07 20:36:00,0.008550981660334855
2020-05-07 20:39:00,0.02157588427360224
2020-05-07 20:42:00,0.03066299280135354
2020-05-07 20:45:00,-0.06263634381366501
2020-05-07 20:48:00,-0.005588158938166998
2020-05-07 20:51:00,-0.025974547093994715
2020-05-07 20:54:00,0.05533583251781238
2020-05-07 20:57:00,0.05760145340957479
2020-05-07 21:00:00,-0.008661562168981618
2020-05-07 21:03:00,0.06741257005455736
2020-05-07 21:06:00,0.01837680247587059
2020-05-07 21:09:00,0.012662763759408335
2020-05-07 21:12:00,0.07586370468510495
2020-05-07 21:15:00,-0.006028393034171131
2020-05-07 21:18:00,0.0011543142436494236
2020-05-07 21:21:00,-0.06351008668883651
2020-05-07 21:24:00,0.0973967519339567
2020-05-07 21:27:00,-0.009198976678248982
2020-05-07 21:30:00,-0.07848175164269833
2020-05-07 21:33:00,0.016694120483350616
2020-05-07 21:36:00,-0.01018430879440757
2020-05-07 21:39:00,-0.0023167706746107797
2020-05-07 21:42:00,0.07770115213332929
2020-05-07 21:45:00,-0.022889840932634797
2020-05-07 21:48:00,0.07572932475881089
2020-05-07 21:51:00,0.06712555825674826
2020-05-07 21:54:00,0.047152465158035284
2020-05-07 21:57:00,0.12216303524144223
2020-05-07 22:00:00,-0.03891760004592015
2020-05-07 22:03:00,0.053301287241197315
2020-05-07 22:06:00,0.051578216200596216
2020-05-07 22:09:00,0.0399614949206466
2020-05-07 22:12:00,0.04475264540099033
2020-05-07 22:15:00,0.019898063290725077
2020-05-07 22:18:00,0.0018766397679428337
2020-05-07 22:21:00,-0.013086211113147783
2020-05-07 22:24:00,-0.04277336275077914
2020-05-07 22:27:00,0.029368766366076215
2020-05-07 22:30:00,0.03002594169799977
2020-05-07 22:33:00,0.01918260419586204
2020-05-07 22:36:00,-0.027246597164719333
2020-05-07 22:39:00,0.14901980461758058
2020-05-07 22:42:00,0.03647991707498477
2020-05-07 22:45:00,0.10320634862898714
2020-05-07 22:48:00,-0.0216666418197633
2020-05-07 22:51:00,0.012318195615080185
2020-05-07 22:54:00,0.05248424095407245
2020-05-07 22:57:00,0.02617016550459539
2020-05-07 23:00:00,-0.012723521146824623
2020-05-07 23:03:00,-0.046916306038781386
2020-05-07 23:06:00,0.07110551091454909
2020-05-07 23:09:00,-0.07048600623255652
2020-05-07 23:12:00,-0.009596553680239595
2020-05-07 23:15:00,0.017393461174322056
2020-05-07 23:18:00,-0.037443216147721614
2020-05-07 23:21:00,0.04160497076645697
2020-05-07 23:24:00,-0.05947347494412725
2020-05-07 23:27:00,0.040715400176907224
2020-05-07 23:30:00,0.014336324701673675
2020-05-07 23:33:00,-0.07609697270657989
2020-05-07 23:36:00,-0.050070982281113174
2020-05-07 23:39:00,-0.02497229940473744
2020-05-07 23:42:00,0.0246312964653157
2020-05-07 23:45:00,-0.014118229733469434
2020-05-07 23:48:00,0.0011994623306463836
2020-05-07 23:51:00,-0.025573642789254336
2020-05-07 23:54:00,0.054455032484611365
2020-05-07 23:57:00,0.02716532302684982
2020-05-08 00:00:00,-0.004025864969662507
2020-05-08 00:03:00,0.032561718429349185
2020-05-08 00:06:00,0.025634046976506397
2020-05-08 00:09:00,0.08479203047221517
2020-05-08 00:12:00,-0.05020407637869084
2020-05-08 00:15:00,-0.003897515909784488
2020-05-08 00:18:00,0.09173080908232123
2020-05-08 00:21:00,0.03480013065677667
2020-05-08 00:24:00,-0.043525533324839216
2020-05-08 00:27:00,0.15832216181792091
2020-05-08 00:30:00,0.014476995328436715
2020-05-08 00:33:00,0.06963247284420504
2020-05-08 00:36:00,0.08998458619458916
2020-05-08 00:39:00,0.09069929038531654
2020-05-08 00:42:00,-0.01473297135953544
2020-05-08 00:45:00,0.128207844833355
2020-05-08 00:48:00,0.07318985164533842
2020-05-08 00:51:00,-0.015793043920155014
2020-05-08 00:54:00,0.03894984748143315
2020-05-08 00:57:00,-0.028576760064083828
2020-05-08 01:00:00,0.0345221541018077
2020-05-08 01:03:00,0.025805997546456183
2020-05-08 01:06:00,-0.003514480654075669
2020-05-08 01:09:00,0.12088402696326739
2020-05-08 01:12:00,-0.030610308339760195
2020-05-08 01:15:00,0.06852650938878924
2020-05-08 01:18:00,0.07235370289771481
2020-05-08 01:21:00,0.019066552918616253
2020-05-08 01:24:00,-0.025597271280901168
2020-05-08 01:27:00,-0.06213355680250743
2020-05-08 01:30:00,-0.03940371724678471
2020-05-08 01:33:00,-0.002278080691667128
2020-05-08 01:36:00,0.034935821610304174
2020-05-08 01:39:00,-0.07236144626904206
2020-05-08 01:42:00,-0.03778744961596203
2020-05-08 01:45:00,0.03165148207915536
2020-05-08 01:48:00,0.08956812737801556
2020-05-08 01:51:00,0.030138280640244375
2020-05-08 01:54:00,-0.03226164574914492
2020-05-08 01:57:00,-0.06129488522299198
2020-05-08 02:00:00,0.048951609032030774
2020-05-08 02:03:00,0.07543915772498622
2020-05-08 02:06:00,0.030423036473621323
2020-05-08 02:09:00,0.1352196829450918
2020-05-08 02:12:00,0.039807089737678325
2020-05-08 02:15:00,0.04654524013545824
2020-05-08 02:18:00,0.10084735601708417
2020-05-08 02:21:00,0.016976392729475265
2020-05-08 02:24:00,0.08841744494264958
2020-05-08 02:27:00,0.1414399597763918
2020-05-08 02:30:00,0.0292735110239164
2020-05-08 02:33:00,0.048868476260736315
2020-05-08 02:36:00,0.052854208851783824
2020-05-08 02:39:00,0.07804989781141103
2020-05-08 02:42:00,0.15218462200317617
2020-05-08 02:45:00,0.04681999206053433
2020-05-08 02:48:00,0.13302785755337254
2020-05-08 02:51:00,0.09409679272579297
2020-05-08 02:54:00,0.12433343651832729
2020-05-08 02:57:00,0.10777223987037132
2020-05-08 03:00:00,0.0860358402784982
2020-05-08 03:03:00,0.023009018197456044
2020-05-08 03:06:00,0.14106091869007287
2020-05-08 03:09:00,0.09779328293740264
2020-05-08 03:12:00,0.05122747801016203
2020-05-08 03:15:00,0.10925338782493554
2020-05-08 03:18:00,0.009625721258373687
2020-05-08 03:21:00,0.0754069149697898
2020-05-08 03:24:00,0.08736041366029212
2020-05-08 03:27:00,0.0765167272746794
2020-05-08 03:30:00,-0.0013852850668740757
2020-05-08 03:33:00,0.0993962473515353
2020-05-08 03:36:00,-0.02184426564650721
2020-05-08 03:39:00,0.03839598961201318
2020-05-08 03:42:00,0.08227763257605147
2020-05-08 03:45:00,0.0522735245526178
2020-05-08 03:48:00,0.16819009718818734
2020-05-08 03:51:00,0.14883481211012395
2020-05-08 03:54:00,0.09599120339447609
2020-05-08 03:57:00,0.11191838909871876
2020-05-08 04:00:00,0.16255693250224112
2020-05-08 04:03:00,0.190749188172731
2020-05-08 04:06:00,0.1486659826123855
2020-05-08 04:09:00,0.28791423533033367
2020-05-08 04:12:00,0.1735645301828299
2020-05-08 04:15:00,0.2505137916401168
2020-05-08 04:18:00,0.2408775853261318
2020-05-08 04:21:00,0.1780977577918179
2020-05-08 04:24:00,0.1941655047140216
2020-05-08 04:27:00,0.21160498320119814
2020-05-08 04:30:00,0.2585833268871056
2020-05-08 04:33:00,0.1960600058541786
2020-05-08 04:36:00,0.29454038056468335
2020-05-08 04:39:00,0.20778644710611616
2020-05-08 04:42:00,0.23317368063925414
2020-05-08 04:45:00,0.19594632300214698
2020-05-08 04:48:00,0.22173309202008795
2020-05-08 04:51:00,0.1746260512901472
2020-05-08 04:54:00,0.22130466441637964
2020-05-08 04:57:00,0.16065424130573547
2020-05-08 05:00:00,0.22517939893947414
2020-05-08 05:03:00,0.0839935918069159
2020-05-08 05:06:00,0.22702104414787527
2020-05-08 05:09:00,0.20463308371546418
2020-05-08 05:12:00,0.257261421417752
2020-05-08 05:15:00,0.20907521095608672
2020-05-08 05:18:00,0.2205974154735486
2020-05-08 05:21:00,0.19299247825517796
2020-05-08 05:24:00,0.2702338605508885
2020-05-08 05:27:00,0.2348011468097866
2020-05-08 05:30:00,0.26845960968046256
2020-05-08 05:33:00,0.2862858660212737
2020-05-08 05:36:00,0.2275398877305861
2020-05-08 05:39:00,0.2868338786067852
2020-05-08 05:42:00,0.2879947780723455
2020-05-08 05:45:00,0.23270716070231856
2020-05-08 05:48:00,0.24853932615019403
2020-05-08 05:51:00,0.21272277089468616
2020-05-08 05:54:00,0.24308794600267447
2020-05-08 05:57:00,0.21144744500918478
2020-05-08 06:00:00,0.29645919307012036
2020-05-08 06:03:00,0.31297240411220173
2020-05-08 06:06:00,0.31734259652449737
2020-05-08 06:09:00,0.2255876242035697
2020-05-08 06:12:00,0.3310947668667268
2020-05-08 06:15:00,0.3117949574319141
2020-05-08 06:18:00,0.24844422425513812
2020-05-08 06:21:00,0.2926916721013413
2020-05-08 06:24:00,0.32004721583109585
2020-05-08 06:27:00,0.2932522651157683
2020-05-08 06:30:00,0.2882492179551832
2020-05-08 06:33:00,0.32707250434583557
2020-05-08 06:36:00,0.26549793434958247
2020-05-08 06:39:00,0.297944161053465
2020-05-08 06:42:00,0.32406920852099574
2020-05-08 06:45:00,0.3025442475249065
2020-05-08 06:48:00,0.3070929192260792
2020-05-08 06:51:00,0.2317267353388388
2020-05-08 06:54:00,0.2790669130777701
2020-05-08 06:57:00,0.20117689197269328
2020-05-08 07:00:00,0.2863022386713965
2020-05-08 07:03:00,0.3095712248942277
2020-05-08 07:06:00,0.24686264158475524
2020-05-08 07:09:00,0.20769237533721707
2020-05-08 07:12:00,0.29672844822971456
2020-05-08 07:15:00,0.2812874746333591
2020-05-08 07:18:00,0.34924756862341155
2020-05-08 07:21:00,0.2353743367656307
2020-05-08 07:24:00,0.25746176407045596
2020-05-08 07:27:00,0.23824497988607618
2020-05-08 07:30:00,0.2716818022981329
2020-05-08 07:33:00,0.2536580759278877
2020-05-08 07:36:00,0.2582737299343876
2020-05-08 07:39:00,0.21561135673954368
2020-05-08 07:42:00,0.25472046046422747
2020-05-08 07:45:00,0.2626871087255154
2020-05-08 07:48:00,0.2538869558491683
2020-05-08 07:51:00,0.20213656433634242
2020-05-08 07:54:00,0.21919117357373352
2020-05-08 07:57:00,0.10880437645141683
2020-05-08 08:00:00,0.10008702665948022
2020-05-08 08:03:00,0.15824747432031927
2020-05-08 08:06:00,0.15879692862233696
2020-05-08 08:09:00,0.0566001934811311
2020-05-08 08:12:00,0.08079265381485357
2020-05-08 08:15:00,0.1253431186587477
2020-05-08 08:18:00,0.0337387119383834
2020-05-08 08:21:00,0.12081624763072796
2020-05-08 08:24:00,0.1611535217390383
2020-05-08 08:27:00,0.06818070709226731
2020-05-08 08:30:00,0.026704094774061105
2020-05-08 08:33:00,0.09125444332772759
2020-05-08 08:36:00,0.04228473366339358
2020-05-08 08:39:00,-0.07029397076331634
2020-05-08 08:42:00,-0.2357882886359448
2020-05-08 08:45:00,-0.12811303972989663
2020-05-08 08:48:00,-0.011154781523998736
2020-05-08 08:51:00,-0.14183361704436948
2020-05-08 08:54:00,-0.15078733112574128
2020-05-08 08:57:00,-0.13763742417552294
2020-05-08 09:00:00,-0.1649352406573712
2020-05-08 09:03:00,-0.1231432809631201
2020-05-08 09:06:00,-0.10477440107030134
2020-05-08 09:09:00,-0.24137817514241533
2020-05-08 09:12:00,-0.1466625580619052
2020-05-08 09:15:00,-0.2713533243438633
2020-05-08 09:18:00,-0.21005093824942378
2020-05-08 09:21:00,-0.268729358773669
2020-05-08 09:24:00,-0.23916149574654355
2020-05-08 09:27:00,-0.32173714466665615
2020-05-08 09:30:00,-0.20654916419340452
2020-05-08 09:33:00,-0.23959851722094072
2020-05-08 09:36:00,-0.26649125702147103
2020-05-08 09:39:00,-0.22019442939370037
2020-05-08 09:42:00,-0.28568947675177014
2020-05-08 09:45:00,-0.31678891175835133
2020-05-08 09:48:00,-0.2877683976211074
2020-05-08 09:51:00,-0.24965409343542433
2020-05-08 09:54:00,-0.2905260546700106
2020-05-08 09:57:00,-0.3362295943177287
2020-05-08 10:00:00,-0.29977451450628223
2020-05-08 10:03:00,-0.24888951364351897
2020-05-08 10:06:00,-0.2346869773332969
2020-05-08 10:09:00,-0.31822063581023485
2020-05-08 10:12:00,-0.27442696679980827
2020-05-08 10:15:00,-0.31859736526030247
2020-05-08 10:18:00,-0.30717053470306155
2020-05-08 10:21:00,-0.37098926428728873
2020-05-08 10:24:00,-0.21293407317244828
2020-05-08 10:27:00,-0.26177434341911976
2020-05-08 10:30:00,-0.3902657849355933
2020-05-08 10:33:00,-0.283137497737016
2020-05-08 10:36:00,-0.2780226996257511
2020-05-08 10:39:00,-0.3130351655378263
2020-05-08 10:42:00,-0.33867937851937313
2020-05-08 10:45:00,-0.42703706349271897
2020-05-08 10:48:00,-0.26893984777024116
2020-05-08 10:51:00,-0.355386019266291
2020-05-08 10:54:00,-0.43771438426847453
2020-05-08 10:57:00,-0.37552138476576147
2020-05-08 11:00:00,-0.4089477265457617
2020-05-08 11:03:00,-0.3571815802529841
2020-05-08 11:06:00,-0.43899368059555854
2020-05-08 11:09:00,-0.4837623278023102
2020-05-08 11:12:00,-0.4987963231660615
2020-05-08 11:15:00,-0.5292572920330372
2020-05-08 11:18:00,-0.3868625645127963
2020-05-08 11:21:00,-0.4532916142316026
2020-05-08 11:24:00,-0.4547046404663888
2020-05-08 11:27:00,-0.3866929804169672
2020-05-08 11:30:00,-0.6290573127705557
2020-05-08 11:33:00,-0.5320416485027408
2020-05-08 11:36:00,-0.5412569610247147
2020-05-08 11:39:00,-0.5490509697924608
2020-05-08 11:42:00,-0.5311209997908577
2020-05-08 11:45:00,-0.4791692920977084
2020-05-08 11:48:00,-0.5104049618987005
2020-05-08 11:51:00,-0.5649866926062259
2020-05-08 11:54:00,-0.5535745964396028
2020-05-08 11:57:00,-0.39718906029315804
2020-05-08 12:00:00,-0.527235570770813
2020-05-08 12:03:00,-0.6177144286265275
2020-05-08 12:06:00,-0.6042157219845876
2020-05-08 12:09:00,-0.5709306649455357
2020-05-08 12:12:00,-0.48187743025994223
2020-05-08 12:15:00,-0.5163864062310495
2020-05-08 12:18:00,-0.520599436205373
2020-05-08 12:21:00,-0.5254820045368547
2020-05-08 12:24:00,-0.46013247817410274
2020-05-08 12:27:00,-0.632373911809168
2020-05-08 12:30:00,-0.6062671797860162
2020-05-08 12:33:00,-0.6029673134630684
2020-05-08 12:36:00,-0.5705049552655055
2020-05-08 12:39:00,-0.5916784984033825
2020-05-08 12:42:00,-0.4836103189006735
2020-05-08 12:45:00,-0.5416340235847201
2020-05-08 12:48:00,-0.6546379958355715
2020-05-08 12:51:00,-0.6203376184550962
2020-05-08 12:54:00,-0.5872103309727663
2020-05-08 12:57:00,-0.6749251282891464
2020-05-08 13:00:00,-0.5226567354997087
2020-05-08 13:03:00,-0.39133273780072386
2020-05-08 13:06:00,-0.44203924837296427
2020-05-08 13:09:00,-0.5905849196838631
2020-05-08 13:12:00,-0.39672479048789455
2020-05-08 13:15:00,-0.389634807519883
2020-05-08 13:18:00,-0.42041503395472546
2020-05-08 13:21:00,-0.5235900689177697
2020-05-08 13:24:00,-0.5049436790264963
2020-05-08 13:27:00,-0.4572568499072531
2020-05-08 13:30:00,-0.5345931910802619
2020-05-08 13:33:00,-0.5683901249592509
2020-05-08 13:36:00,-0.6163295943482012
2020-05-08 13:39:00,-0.5753788325035316
2020-05-08 13:42:00,-0.6105059598891671
2020-05-08 13:45:00,-0.6108568499010403
2020-05-08 13:48:00,-0.6236255361966414
2020-05-08 13:51:00,-0.5319984724036999
2020-05-08 13:54:00,-0.48764782989672995
2020-05-08 13:57:00,-0.5314023806537875
2020-05-08 14:00:00,-0.5376327865423605
2020-05-08 14:03:00,-0.5692980623675794
2020-05-08 14:06:00,-0.6200022250017128
2020-05-08 14:09:00,-0.3657409612647484
2020-05-08 14:12:00,-0.576987102516398
2020-05-08 14:15:00,-0.5705030191556375
2020-05-08 14:18:00,-0.4678601831763558
2020-05-08 14:21:00,-0.49483630812318324
2020-05-08 14:24:00,-0.5752816112051278
2020-05-08 14:27:00,-0.5472715813037325
2020-05-08 14:30:00,-0.5021921501146949
2020-05-08 14:33:00,-0.5142516562044079
2020-05-08 14:36:00,-0.48576027867750327
2020-05-08 14:39:00,-0.5344704641215117
2020-05-08 14:42:00,-0.605937790200187
2020-05-08 14:45:00,-0.6450599991802619
2020-05-08 14:48:00,-0.5112528589917247
2020-05-08 14:51:00,-0.5565195215445442
2020-05-08 14:54:00,-0.4702001956284789
2020-05-08 14:57:00,-0.5755676682540525
2020-05-08 15:00:00,-0.4778559222338572
2020-05-08 15:03:00,-0.5266943174693779
2020-05-08 15:06:00,-0.47285247108499107
2020-05-08 15:09:00,-0.5421350023527793
2020-05-08 15:12:00,-0.5756972902260031
2020-05-08 15:15:00,-0.5342664439528448
2020-05-08 15:18:00,-0.5171412869692062
2020-05-08 15:21:00,-0.5601843975209704
2020-05-08 15:24:00,-0.41883814720256396
2020-05-08 15:27:00,-0.4390985967963843
2020-05-08 15:30:00,-0.4664274998252722
2020-05-08 15:33:00,-0.39682045799423804
2020-05-08 15:36:00,-0.47351825187809027
2020-05-08 15:39:00,-0.5322699643448914
2020-05-08 15:42:00,-0.41833795766928006
2020-05-08 15:45:00,-0.5682689523948738
2020-05-08 15:48:00,-0.39612312859264875
2020-05-08 15:51:00,-0.5151218492651992
2020-05-08 15:54:00,-0.5612072374202626
2020-05-08 15:57:00,-0.5335496935556989
2020-05-08 16:00:00,-0.373305499522985
2020-05-08 16:03:00,-0.5594955827132821
2020-05-08 16:06:00,-0.4651227447985775
2020-05-08 16:09:00,-0.4591633735070104
2020-05-08 16:12:00,-0.4562256191834422
2020-05-08 16:15:00,-0.46230356327265554
2020-05-08 16:18:00,-0.5168796901281212
2020-05-08 16:21:00,-0.5084410818196261
2020-05-08 16:24:00,-0.5227658076864259
2020-05-08 16:27:00,-0.6153692540711404
2020-05-08 16:30:00,-0.43185720295196006
2020-05-08 16:33:00,-0.4390613855355241
2020-05-08 16:36:00,-0.42566433385184155
2020-05-08 16:39:00,-0.47474217206809044
2020-05-08 16:42:00,-0.4819635342549873
2020-05-08 16:45:00,-0.39813036101594435
2020-05-08 16:48:00,-0.43554723723946154
2020-05-08 16:51:00,-0.4990542144901724
2020-05-08 16:54:00,-0.4404188410891834
2020-05-08 16:57:00,-0.3866569093423209
2020-05-08 17:00:00,-0.40908053293696867
2020-05-08 17:03:00,-0.4472827714317873
2020-05-08 17:06:00,-0.3685046128724139
2020-05-08 17:09:00,-0.3943450233923045
2020-05-08 17:12:00,-0.3202664774193522
2020-05-08 17:15:00,-0.42028539885535565
2020-05-08 17:18:00,-0.38003646562344784
2020-05-08 17:21:00,-0.4157636598686736
2020-05-08 17:24:00,-0.3652087162926705
2020-05-08 17:27:00,-0.3186072352402789
2020-05-08 17:30:00,-0.3314841215526485
2020-05-08 17:33:00,-0.36336900300619845
2020-05-08 17:36:00,-0.3664365742228597
2020-05-08 17:39:00,-0.36722220393414773
2020-05-08 17:42:00,-0.35466312454502713
2020-05-08 17:45:00,-0.42524703452016865
2020-05-08 17:48:00,-0.4571581847854418
2020-05-08 17:51:00,-0.4046605597753228
2020-05-08 17:54:00,-0.366434297314413
2020-05-08 17:57:00,-0.3195406796581324
2020-05-08 18:00:00,-0.37425612919082596
2020-05-08 18:03:00,-0.2520264534611556
2020-05-08 18:06:00,-0.2808813974020836
2020-05-08 18:09:00,-0.346093557442714
2020-05-08 18:12:00,-0.2035736069257723
2020-05-08 18:15:00,-0.3060055694447783
2020-05-08 18:18:00,-0.28767415889751646
2020-05-08 18:21:00,-0.22568046360936478
2020-05-08 18:24:00,-0.22079915006901274
2020-05-08 18:27:00,-0.25391354057279614
2020-05-08 18:30:00,-0.29997509468739736
2020-05-08 18:33:00,-0.15490449973680143
2020-05-08 18:36:00,-0.14564728072298294
2020-05-08 18:39:00,-0.20089197886261445
2020-05-08 18:42:00,-0.1766974893951101
2020-05-08 18:45:00,-0.18935745420998273
2020-05-08 18:48:00,-0.16156532995557882
2020-05-08 18:51:00,-0.12989237220091354
2020-05-08 18:54:00,-0.1643472395619483
2020-05-08 18:57:00,
2020-05-08 19:00:00,
2020-05-08 19:03:00,-0.016657189837303576
2020-05-08 19:06:00,-0.17774236045653424
2020-05-08 19:09:00,-0.1570876940034509
2020-05-08 19:12:00,-0.07903214302370998
2020-05-08 19:15:00,-0.13769719633251043
2020-05-08 19:18:00,-0.06734018538440978
2020-05-08 19:21:00,-0.07728789303484973
2020-05-08 19:24:00,-0.11171186836367042
2020-05-08 19:27:00,-0.09159448146806426
2020-05-08 19:30:00,-0.09628596499766218
2020-05-08 19:33:00,-0.18823429208794096
2020-05-08 19:36:00,-0.1388388973595056
2020-05-08 19:39:00,-0.13092290972832643
2020-05-08 19:42:00,-0.03506200298886597
2020-05-08 19:45:00,-0.20317939304464971
2020-05-08 19:48:00,-0.07626013678532217
2020-05-08 19:51:00,-0.14215831205893892
2020-05-08 19:54:00,-0.10516061148643985
2020-05-08 19:57:00,-0.22082491464482246
2020-05-08 20:00:00,-0.16030346424355457
2020-05-08 20:03:00,-0.043168217475624715
2020-05-08 20:06:00,-0.13119747994613817
2020-05-08 20:09:00,-0.0022160156951258614
2020-05-08 20:12:00,-0.10872410934894106
2020-05-08 20:15:00,-0.14914542847782286
2020-05-08 20:18:00,-0.03263236547076076
2020-05-08 20:21:00,-0.07482764392045738
2020-05-08 20:24:00,-0.09265999870859787
2020-05-08 20:27:00,-0.10332980356673716
2020-05-08 20:30:00,-0.08975821568049014
2020-05-08 20:33:00,-0.053360695381627465
2020-05-08 20:36:00,-0.03472208021099732
2020-05-08 20:39:00,-0.08279637329167144
2020-05-08 20:42:00,0.01760768699585924
2020-05-08 20:45:00,-0.021031169089553714
2020-05-08 20:48:00,-0.005525534349658301
2020-05-08 20:51:00,0.06189103592043921
2020-05-08 20:54:00,0.013980429493528845
2020-05-08 20:57:00,-0.07406324114651852
2020-05-08 21:00:00,0.02122142195747756
2020-05-08 21:03:00,0.014340446995618095
2020-05-08 21:06:00,-0.011593102217318574
2020-05-08 21:09:00,0.00017056124823966456
2020-05-08 21:12:00,0.07153323795716915
2020-05-08 21:15:00,0.12607852408484632
2020-05-08 21:18:00,0.08133019391442531
2020-05-08 21:21:00,0.10943874001765153
2020-05-08 21:24:00,0.11307064411238343
2020-05-08 21:27:00,0.11151450270978103
2020-05-08 21:30:00,0.11418455679722683
2020-05-08 21:33:00,0.18192002774594584
2020-05-08 21:36:00,0.09678236871764057
2020-05-08 21:39:00,0.06764019425810375
2020-05-08 21:42:00,0.12255419997069339
2020-05-08 21:45:00,0.08811999807761595
2020-05-08 21:48:00,0.14589818199380034
2020-05-08 21:51:00,0.16905150950594816
2020-05-08 21:54:00,0.04387515845570533
2020-05-08 21:57:00,0.0605523933596146
2020-05-08 22:00:00,0.03846014644244633
2020-05-08 22:03:00,0.09963864646141474
2020-05-08 22:06:00,0.011399350249860163
2020-05-08 22:09:00,0.17049382536350777
2020-05-08 22:12:00,0.12354755859206534
2020-05-08 22:15:00,0.0708417242365158
2020-05-08 22:18:00,0.05117855397088533
2020-05-08 22:21:00,0.010784887353622707
2020-05-08 22:24:00,0.018569301025024743
2020-05-08 22:27:00,0.12365138516662455
2020-05-08 22:30:00,0.026883415632823926
2020-05-08 22:33:00,0.006871243527768911
2020-05-08 22:36:00,0.09550318763609766
2020-05-08 22:39:00,-0.020114742543626107
2020-05-08 22:42:00,0.0016809498654311028
2020-05-08 22:45:00,0.017035855561232438
2020-05-08 22:48:00,0.023500792014601757
2020-05-08 22:51:00,0.0006051636108850289
2020-05-08 22:54:00,0.03046311493818621
2020-05-08 22:57:00,-0.0033406348635480754
2020-05-08 23:00:00,0.013359896076622135
2020-05-08 23:03:00,-0.041646444621108
2020-05-08 23:06:00,-0.041233345244336306
2020-05-08 23:09:00,0.03764314277526637
2020-05-08 23:12:00,0.004951785115849816
2020-05-08 23:15:00,-0.038015520139481396
2020-05-08 23:18:00,-0.002819595758921878
2020-05-08 23:21:00,0.030313471424847194
2020-05-08 23:24:00,-0.004746012414841516
2020-05-08 23:27:00,0.05455024248362861
2020-05-08 23:30:00,-0.03366937578726947
2020-05-08 23:33:00,0.016428523403646977
2020-05-08 23:36:00,0.012297173154195207
2020-05-08 23:39:00,0.11503776531236554
2020-05-08 23:42:00,0.10963980845099286
2020-05-08 23:45:00,0.03145425668628832
2020-05-08 23:48:00,0.13731603865846864
2020-05-08 23:51:00,0.1334116852277134
2020-05-08 23:54:00,0.08314096753355216
2020-05-08 23:57:00,0.07277261590769513
2020-05-09 00:00:00,0.22859247188449672
2020-05-09 00:03:00,0.11710396606770246
2020-05-09 00:06:00,0.07362852997675873
2020-05-09 00:09:00,0.1397078254110511
2020-05-09 00:12:00,0.15000304453991475
2020-05-09 00:15:00,0.15759062020418924
2020-05-09 00:18:00,0.13752386924983284
2020-05-09 00:21:00,-0.03114256223591383
2020-05-09 00:24:00,-0.0032930597839708753
2020-05-09 00:27:00,0.12195609902244087
2020-05-09 00:30:00,0.03284574265563833
2020-05-09 00:33:00,-0.015593219143397619
2020-05-09 00:36:00,0.03754085531738838
2020-05-09 00:39:00,0.08804847129113114
2020-05-09 00:42:00,0.10745147778845876
2020-05-09 00:45:00,0.09495752086917264
2020-05-09 00:48:00,0.09830867760535966
2020-05-09 00:51:00,0.1620998157738427
2020-05-09 00:54:00,0.09742966408043685
2020-05-09 00:57:00,0.19182992750245376
2020-05-09 01:00:00,0.09827826011286334
2020-05-09 01:03:00,0.10654205814643092
2020-05-09 01:06:00,0.16232981766296462
2020-05-09 01:09:00,0.1318895330500709
2020-05-09 01:12:00,0.18504847194168406
2020-05-09 01:15:00,0.07629476150174241
2020-05-09 01:18:00,0.14706308979441474
2020-05-09 01:21:00,0.09610467294174896
2020-05-09 01:24:00,0.09658767499814758
2020-05-09 01:27:00,0.18311299508201273
2020-05-09 01:30:00,0.05840683665519464
2020-05-09 01:33:00,0.1616232229778234
2020-05-09 01:36:00,0.1537739011906183
2020-05-09 01:39:00,0.1097347952944574
2020-05-09 01:42:00,0.07903687986907926
2020-05-09 01:45:00,0.12315554263739159
2020-05-09 01:48:00,0.11492865655588957
2020-05-09 01:51:00,0.18072384906554362
2020-05-09 01:54:00,0.1306256076188106
2020-05-09 01:57:00,0.10719970602190187
2020-05-09 02:00:00,0.045878998977457286
2020-05-09 02:03:00,0.09677436948919649
2020-05-09 02:06:00,0.18059074124545305
2020-05-09 02:09:00,-0.002927800280701831
2020-05-09 02:12:00,0.08331393357536854
2020-05-09 02:15:00,0.07986710832432209
2020-05-09 02:18:00,0.04298729176599636
2020-05-09 02:21:00,0.03863734416228226
2020-05-09 02:24:00,0.02908498228617873
2020-05-09 02:27:00,0.13466466456196713
2020-05-09 02:30:00,0.04993033221415999
2020-05-09 02:33:00,0.10072911968660492
2020-05-09 02:36:00,0.11342808800657167
2020-05-09 02:39:00,0.04751991610936557
2020-05-09 02:42:00,0.10646488755867267
2020-05-09 02:45:00,0.11537863587506081
2020-05-09 02:48:00,0.12552894952369797
2020-05-09 02:51:00,0.06429882306980517
2020-05-09 02:54:00,0.1424248052846906
2020-05-09 02:57:00,0.16076496027955045
2020-05-09 03:00:00,0.08578565594336851
2020-05-09 03:03:00,0.0699109871157475
2020-05-09 03:06:00,0.04751299320912494
2020-05-09 03:09:00,0.08922316820604692
2020-05-09 03:12:00,0.06180408129233683
2020-05-09 03:15:00,0.03711867091186605
2020-05-09 03:18:00,0.06061382353516365
2020-05-09 03:21:00,0.029432384637345876
2020-05-09 03:24:00,0.16746542935959496
2020-05-09 03:27:00,0.10882668263923279
2020-05-09 03:30:00,0.028236699931142084
2020-05-09 03:33:00,0.09442866179887233
2020-05-09 03:36:00,0.07525040532948424
2020-05-09 03:39:00,0.01697758634531965
2020-05-09 03:42:00,0.13188939201609173
2020-05-09 03:45:00,0.09565593081174484
2020-05-09 03:48:00,0.13634195213899147
2020-05-09 03:51:00,0.08416858067130306
2020-05-09 03:54:00,0.1431710367939445
2020-05-09 03:57:00,0.09515546498721505
2020-05-09 04:00:00,0.07402428287059593
2020-05-09 04:03:00,0.12001972303892217
2020-05-09 04:06:00,0.15538243695624487
2020-05-09 04:09:00,0.10761924836691605
2020-05-09 04:12:00,0.06956916894466758
2020-05-09 04:15:00,0.05566035339228392
2020-05-09 04:18:00,0.05786314270267212
2020-05-09 04:21:00,0.10710174276522366
2020-05-09 04:24:00,0.12313241634313954
2020-05-09 04:27:00,0.04879572721642944
2020-05-09 04:30:00,0.09483837826132913
2020-05-09 04:33:00,0.09707702504238114
2020-05-09 04:36:00,0.10287199662826652
2020-05-09 04:39:00,0.13279208623885097
2020-05-09 04:42:00,0.07946711199099354
2020-05-09 04:45:00,0.0346121846727101
2020-05-09 04:48:00,0.0785329730561557
2020-05-09 04:51:00,0.13868070437132474
2020-05-09 04:54:00,0.0938781613982087
2020-05-09 04:57:00,0.06495666447329995
2020-05-09 05:00:00,0.1630749375005962
2020-05-09 05:03:00,0.15281390241869985
2020-05-09 05:06:00,0.18777406151167497
2020-05-09 05:09:00,0.09441585305842182
2020-05-09 05:12:00,0.09228516646879825
2020-05-09 05:15:00,0.14925208618683428
2020-05-09 05:18:00,0.13789586797372522
2020-05-09 05:21:00,0.1847366853351673
2020-05-09 05:24:00,0.2282515723331926
2020-05-09 05:27:00,0.17816882665971434
2020-05-09 05:30:00,0.1954098149721517
2020-05-09 05:33:00,0.22647895145144048
2020-05-09 05:36:00,0.2233146697731172
2020-05-09 05:39:00,0.19358676613637726
2020-05-09 05:42:00,0.18967526434863657
2020-05-09 05:45:00,0.2704391187719466
2020-05-09 05:48:00,0.23599005108252413
2020-05-09 05:51:00,0.12463098114659488
2020-05-09 05:54:00,0.16952736705155758
2020-05-09 05:57:00,0.1433801514030506
2020-05-09 06:00:00,0.18939175237721884
2020-05-09 06:03:00,0.15629080845650378
2020-05-09 06:06:00,0.15518492186254207
2020-05-09 06:09:00,0.13910974910913865
2020-05-09 06:12:00,0.214059697593882
2020-05-09 06:15:00,0.15547234549563882
2020-05-09 06:18:00,0.09399286785117056
2020-05-09 06:21:00,0.19824308367861931
2020-05-09 06:24:00,0.19215167487857343
2020-05-09 06:27:00,0.24660644784961505
2020-05-09 06:30:00,0.2382180904063489
2020-05-09 06:33:00,0.0859404433756481
2020-05-09 06:36:00,0.1331837455845175
2020-05-09 06:39:00,0.08309224656017022
2020-05-09 06:42:00,0.15567750347344145
2020-05-09 06:45:00,0.1283491758521791
2020-05-09 06:48:00,0.08858968830747926
2020-05-09 06:51:00,0.07786531862092261
2020-05-09 06:54:00,0.24615504565343826
2020-05-09 06:57:00,0.1505762611656678
2020-05-09 07:00:00,0.2205673407980271
2020-05-09 07:03:00,0.19759354349611158
2020-05-09 07:06:00,0.2085912945703967
2020-05-09 07:09:00,0.2536579832172947
2020-05-09 07:12:00,0.13397610740122445
2020-05-09 07:15:00,0.1252081045387854
2020-05-09 07:18:00,0.14019332766429216
2020-05-09 07:21:00,0.12933663981186783
2020-05-09 07:24:00,0.10758991862553557
2020-05-09 07:27:00,0.2068369635860563
2020-05-09 07:30:00,0.13383459635394956
2020-05-09 07:33:00,0.12155859115415524
2020-05-09 07:36:00,0.14292163287137782
2020-05-09 07:39:00,0.15223487445041428
2020-05-09 07:42:00,0.13239189430737497
2020-05-09 07:45:00,0.08811621228039712
2020-05-09 07:48:00,0.0637151984953448
2020-05-09 07:51:00,0.06212146885400216
2020-05-09 07:54:00,0.09519534886032943
2020-05-09 07:57:00,0.0965330908670694
2020-05-09 08:00:00,0.09993681911390695
2020-05-09 08:03:00,0.00027666591518027417
2020-05-09 08:06:00,-0.021116118917746007
2020-05-09 08:09:00,0.04919895184315237
2020-05-09 08:12:00,-0.04064865873368717
2020-05-09 08:15:00,-0.018941576954262018
2020-05-09 08:18:00,-0.06187318593680402
2020-05-09 08:21:00,-0.049040671713498796
2020-05-09 08:24:00,-0.14358667671905323
2020-05-09 08:27:00,-0.08725866715076336
2020-05-09 08:30:00,-0.13604923324140827
2020-05-09 08:33:00,-0.03402681080558523
2020-05-09 08:36:00,-0.09112428136222661
2020-05-09 08:39:00,-0.15267503441782537
2020-05-09 08:42:00,-0.15164489578319262
2020-05-09 08:45:00,-0.1578434320164206
2020-05-09 08:48:00,-0.26726798552397213
2020-05-09 08:51:00,-0.2584104303072081
2020-05-09 08:54:00,-0.2804490166518008
2020-05-09 08:57:00,-0.233947418073285
2020-05-09 09:00:00,-0.29195320740325315
2020-05-09 09:03:00,-0.32386703342336887
2020-05-09 09:06:00,-0.30518851212082154
2020-05-09 09:09:00,-0.30456531943804066
2020-05-09 09:12:00,-0.27458915127004957
2020-05-09 09:15:00,-0.2905050412409196
2020-05-09 09:18:00,-0.3387133379777083
2020-05-09 09:21:00,-0.2821107981296791
2020-05-09 09:24:00,-0.3321844985358666
2020-05-09 09:27:00,-0.34885107644015534
2020-05-09 09:30:00,-0.28210754242638814
2020-05-09 09:33:00,-0.3637370778174045
2020-05-09 09:36:00,-0.47763853989749805
2020-05-09 09:39:00,-0.3098909222727002
2020-05-09 09:42:00,-0.23645214369179257
2020-05-09 09:45:00,-0.3841352382604555
2020-05-09 09:48:00,-0.39732426922279274
2020-05-09 09:51:00,-0.40301062878575067
2020-05-09 09:54:00,-0.2790177300311143
2020-05-09 09:57:00,-0.3158377751512944
2020-05-09 10:00:00,-0.37313608684519295
2020-05-09 10:03:00,-0.3568448563244715
2020-05-09 10:06:00,-0.379005791751581
2020-05-09 10:09:00,-0.4323271129408681
2020-05-09 10:12:00,-0.4672534882842001
2020-05-09 10:15:00,-0.42355988097841646
2020-05-09 10:18:00,-0.5729443304180108
2020-05-09 10:21:00,-0.3707115364489937
2020-05-09 10:24:00,-0.37902324729918746
2020-05-09 10:27:00,-0.4798069187532974
2020-05-09 10:30:00,-0.4709195796978065
2020-05-09 10:33:00,-0.36210010590076536
2020-05-09 10:36:00,-0.41963470353249477
2020-05-09 10:39:00,-0.32849293749501385
2020-05-09 10:42:00,-0.4488768289553491
2020-05-09 10:45:00,-0.26909243100590174
2020-05-09 10:48:00,-0.38673481803635923
2020-05-09 10:51:00,-0.44993628934508934
2020-05-09 10:54:00,-0.3444684076621911
2020-05-09 10:57:00,-0.4114598757246313
2020-05-09 11:00:00,-0.49964789034089563
2020-05-09 11:03:00,-0.544981345668532
2020-05-09 11:06:00,-0.4360529928433152
2020-05-09 11:09:00,-0.47551859196636315
2020-05-09 11:12:00,-0.5054459719010538
2020-05-09 11:15:00,-0.3770040507681074
2020-05-09 11:18:00,-0.38573923803096477
2020-05-09 11:21:00,-0.41086818448877693
2020-05-09 11:24:00,-0.4813568747848649
2020-05-09 11:27:00,-0.513025524428997
2020-05-09 11:30:00,-0.4627113696038805
2020-05-09 11:33:00,-0.5206222727558156
2020-05-09 11:36:00,-0.49579366589557594
2020-05-09 11:39:00,-0.5653011890578341
2020-05-09 11:42:00,-0.5269227123478686
2020-05-09 11:45:00,-0.5758531610617865
2020-05-09 11:48:00,-0.6261952076324064
2020-05-09 11:51:00,-0.4216615983232259
2020-05-09 11:54:00,-0.5230782672737178
2020-05-09 11:57:00,-0.5056116476952184
2020-05-09 12:00:00,-0.4897578621304888
2020-05-09 12:03:00,-0.5230984664641483
2020-05-09 12:06:00,-0.5243723486734666
2020-05-09 12:09:00,-0.5867803652413386
2020-05-09 12:12:00,-0.5381400083583117
2020-05-09 12:15:00,-0.5117570019434652
2020-05-09 12:18:00,-0.5059424734287177
2020-05-09 12:21:00,-0.5267016710181451
2020-05-09 12:24:00,-0.6030745709128382
2020-05-09 12:27:00,-0.5829463671212807
2020-05-09 12:30:00,-0.5047505908920584
2020-05-09 12:33:00,-0.6496398904379816
2020-05-09 12:36:00,-0.5864702651219886
2020-05-09 12:39:00,-0.5547436265200076
2020-05-09 12:42:00,-0.5340760201770536
2020-05-09 12:45:00,-0.569514906472989
2020-05-09 12:48:00,-0.6002728848841343
2020-05-09 12:51:00,-0.5055340170819136
2020-05-09 12:54:00,-0.518719006976994
2020-05-09 12:57:00,-0.4714714466190344
2020-05-09 13:00:00,-0.5752393458024585
2020-05-09 13:03:00,-0.6201062034427309
2020-05-09 13:06:00,-0.5664800595448014
2020-05-09 13:09:00,-0.5972153791677783
2020-05-09 13:12:00,-0.5257804918658167
2020-05-09 13:15:00,-0.6107239714984303
2020-05-09 13:18:00,-0.5285963781315104
2020-05-09 13:21:00,-0.5699998523969612
2020-05-09 13:24:00,-0.5526511908598195
2020-05-09 13:27:00,-0.6047517559532594
2020-05-09 13:30:00,-0.5059951535260439
2020-05-09 13:33:00,-0.5649940242686284
2020-05-09 13:36:00,-0.5922009813226055
2020-05-09 13:39:00,-0.5617549110738764
2020-05-09 13:42:00,-0.6000814593271002
2020-05-09 13:45:00,-0.6267640290238319
2020-05-09 13:48:00,-0.5798206733584834
2020-05-09 13:51:00,-0.6258850929523305
2020-05-09 13:54:00,-0.5590614426542402
2020-05-09 13:57:00,-0.6991262650427075
2020-05-09 14:00:00,-0.6661846394473514
2020-05-09 14:03:00,-0.7645308027575197
2020-05-09 14:06:00,-0.7365343663545332
2020-05-09 14:09:00,-0.5951710898352758
2020-05-09 14:12:00,-0.6565211870153576
2020-05-09 14:15:00,-0.6542756665951401
2020-05-09 14:18:00,-0.6841409775730654
2020-05-09 14:21:00,-0.6262502251898923
2020-05-09 14:24:00,-0.6043209275852632
2020-05-09 14:27:00,-0.6016400351221591
2020-05-09 14:30:00,-0.5944460698214584
2020-05-09 14:33:00,-0.5731738833583222
2020-05-09 14:36:00,-0.6507095215350205
2020-05-09 14:39:00,-0.6771393139323436
2020-05-09 14:42:00,-0.6804318541966836
2020-05-09 14:45:00,-0.6350805062890572
2020-05-09 14:48:00,-0.5990786244423703
2020-05-09 14:51:00,-0.7354076928201607
2020-05-09 14:54:00,-0.6334191886894587
2020-05-09 14:57:00,-0.6411071463143685
2020-05-09 15:00:00,-0.5231614274935055
2020-05-09 15:03:00,-0.6509722561469857
2020-05-09 15:06:00,-0.5400061803186418
2020-05-09 15:09:00,-0.6831979642283272
2020-05-09 15:12:00,-0.6669073031507082
2020-05-09 15:15:00,-0.6671196899957295
2020-05-09 15:18:00,-0.725913652206998
2020-05-09 15:21:00,-0.5165556371596267
2020-05-09 15:24:00,-0.6341711712785241
2020-05-09 15:27:00,-0.619508339264371
2020-05-09 15:30:00,-0.6926279367572192
2020-05-09 15:33:00,-0.599585049007203
2020-05-09 15:36:00,-0.686269883605803
2020-05-09 15:39:00,-0.5975482397921041
2020-05-09 15:42:00,-0.5836708792116951
2020-05-09 15:45:00,-0.5365394309026783
2020-05-09 15:48:00,-0.600477720550316
2020-05-09 15:51:00,-0.7415727377340886
2020-05-09 15:54:00,-0.674615040202184
2020-05-09 15:57:00,-0.6551747810447637
2020-05-09 16:00:00,-0.7148748812877557
2020-05-09 16:03:00,-0.6282292044513724
2020-05-09 16:06:00,-0.609288605219831
2020-05-09 16:09:00,-0.609713427753718
2020-05-09 16:12:00,-0.648575773018365
2020-05-09 16:15:00,-0.6095524561471279
2020-05-09 16:18:00,-0.5957070463123273
2020-05-09 16:21:00,-0.5937794957885671
2020-05-09 16:24:00,-0.5191682123557939
2020-05-09 16:27:00,-0.6624853708500495
2020-05-09 16:30:00,-0.6405811464721864
2020-05-09 16:33:00,-0.6385730890717696
2020-05-09 16:36:00,-0.6268547901336206
2020-05-09 16:39:00,-0.6375265457232331
2020-05-09 16:42:00,-0.5739058380269171
2020-05-09 16:45:00,-0.6152737655257852
2020-05-09 16:48:00,-0.5845401593128372
2020-05-09 16:51:00,-0.6562378089505501
2020-05-09 16:54:00,-0.6841860309995127
2020-05-09 16:57:00,-0.6449934586748327
2020-05-09 17:00:00,-0.646288792230223
2020-05-09 17:03:00,-0.655350233833758
2020-05-09 17:06:00,-0.6138634456973477
2020-05-09 17:09:00,-0.5052536848922955
2020-05-09 17:12:00,-0.6460477134522762
2020-05-09 17:15:00,-0.6047689247374706
2020-05-09 17:18:00,-0.5353169279479744
2020-05-09 17:21:00,-0.5415360965840819
2020-05-09 17:24:00,-0.6250958654263172
2020-05-09 17:27:00,-0.5035776538013579
2020-05-09 17:30:00,-0.49805020403346134
2020-05-09 17:33:00,-0.5732642893469801
2020-05-09 17:36:00,-0.6122276076397384
2020-05-09 17:39:00,-0.4991792162626325
2020-05-09 17:42:00,-0.5465170457563886
2020-05-09 17:45:00,-0.4937397423731227
2020-05-09 17:48:00,-0.42155146261251275
2020-05-09 17:51:00,-0.31355127885171896
2020-05-09 17:54:00,-0.38546692889082124
2020-05-09 17:57:00,-0.4094839873853289
2020-05-09 18:00:00,-0.5161745226145058
2020-05-09 18:03:00,-0.4853633294699762
2020-05-09 18:06:00,-0.5307993335259766
2020-05-09 18:09:00,-0.5158518937959684
2020-05-09 18:12:00,-0.45469412138936605
2020-05-09 18:15:00,-0.3641674118516107
2020-05-09 18:18:00,-0.5174620529183471
2020-05-09 18:21:00,-0.4656075698667337
2020-05-09 18:24:00,-0.4733200687686008
2020-05-09 18:27:00,-0.3902523345373652
2020-05-09 18:30:00,-0.4143345441582369
2020-05-09 18:33:00,-0.4069752104985014
2020-05-09 18:36:00,-0.4148611700776996
2020-05-09 18:39:00,-0.31858216820438656
2020-05-09 18:42:00,-0.42843093429729606
2020-05-09 18:45:00,-0.4312242918314837
2020-05-09 18:48:00,-0.3830208124633714
2020-05-09 18:51:00,-0.32718475868523456
2020-05-09 18:54:00,
2020-05-09 18:57:00,
2020-05-09 19:00:00,
2020-05-09 19:03:00,-0.2871213837025266
2020-05-09 19:06:00,-0.32355426025100087
2020-05-09 19:09:00,-0.3064756192392224
2020-05-09 19:12:00,-0.2510960410131702
2020-05-09 19:15:00,-0.20823944445334064
2020-05-09 19:18:00,-0.24465125684122313
2020-05-09 19:21:00,-0.3026474004278725
2020-05-09 19:24:00,-0.2151542028749418
2020-05-09 19:27:00,-0.19654101893087272
2020-05-09 19:30:00,-0.24474816931740406
2020-05-09 19:33:00,-0.2542533783988574
2020-05-09 19:36:00,-0.2828723943738396
2020-05-09 19:39:00,-0.23565157123897507
2020-05-09 19:42:00,-0.28085475013182304
2020-05-09 19:45:00,-0.2454821785825061
2020-05-09 19:48:00,-0.22231009819472547
2020-05-09 19:51:00,-0.278611383763689
2020-05-09 19:54:00,-0.2967011134106201
2020-05-09 19:57:00,-0.3711461498995732
2020-05-09 20:00:00,-0.14905591878664382
2020-05-09 20:03:00,-0.24176788545753425
2020-05-09 20:06:00,-0.19520737180141623
2020-05-09 20:09:00,-0.20975094114248805
2020-05-09 20:12:00,-0.12686317788984525
2020-05-09 20:15:00,-0.15667323166394453
2020-05-09 20:18:00,-0.15980357591303118
2020-05-09 20:21:00,-0.23448653223277915
2020-05-09 20:24:00,-0.24596958701619087
2020-05-09 20:27:00,-0.2930639398609287
2020-05-09 20:30:00,-0.21114651197319745
2020-05-09 20:33:00,-0.2320628482869438
2020-05-09 20:36:00,-0.29614300279098416
2020-05-09 20:39:00,-0.21683518596188378
2020-05-09 20:42:00,-0.36808088718589715
2020-05-09 20:45:00,-0.2658758287581122
2020-05-09 20:48:00,-0.1232063774245944
2020-05-09 20:51:00,-0.22297811492916253
2020-05-09 20:54:00,-0.23579851193949253
2020-05-09 20:57:00,-0.21377964836983665
2020-05-09 21:00:00,-0.15514739806945954
2020-05-09 21:03:00,-0.1998002039442781
2020-05-09 21:06:00,-0.2669816507420819
2020-05-09 21:09:00,-0.21627385514767639
2020-05-09 21:12:00,-0.1946790947973227
2020-05-09 21:15:00,-0.18538979951205192
2020-05-09 21:18:00,-0.06153931315458294
2020-05-09 21:21:00,-0.17229872427736836
2020-05-09 21:24:00,-0.06630767429146545
2020-05-09 21:27:00,-0.20288514898584253
2020-05-09 21:30:00,-0.23465117220860066
2020-05-09 21:33:00,-0.04444959830425432
2020-05-09 21:36:00,-0.21560843731128898
2020-05-09 21:39:00,-0.2073229040651654
2020-05-09 21:42:00,-0.16298034795721605
2020-05-09 21:45:00,-0.11952607306938035
2020-05-09 21:48:00,-0.08870793428411616
2020-05-09 21:51:00,-0.05086635352211033
2020-05-09 21:54:00,-0.07887568044134241
2020-05-09 21:57:00,-0.05259828751013629
2020-05-09 22:00:00,-0.12186143066782051
2020-05-09 22:03:00,-0.233114595391271
2020-05-09 22:06:00,-0.09413149280300104
2020-05-09 22:09:00,-0.16717197979158982
2020-05-09 22:12:00,-0.19777402574095504
2020-05-09 22:15:00,-0.08148648164473116
2020-05-09 22:18:00,-0.14815947199252832
2020-05-09 22:21:00,-0.010525355021798077
2020-05-09 22:24:00,-0.10094317390201013
2020-05-09 22:27:00,-0.043040311102856776
2020-05-09 22:30:00,-0.15378957312492503
2020-05-09 22:33:00,-0.05955620503351611
2020-05-09 22:36:00,-0.16755609525495174
2020-05-09 22:39:00,-0.1535269621249995
2020-05-09 22:42:00,-0.14003440698911618
2020-05-09 22:45:00,-0.06460418513546529
2020-05-09 22:48:00,-0.2236991745182877
2020-05-09 22:51:00,-0.18477451821928526
2020-05-09 22:54:00,-0.13827102164935923
2020-05-09 22:57:00,-0.1566700315675007
2020-05-09 23:00:00,-0.04983664513497388
2020-05-09 23:03:00,-0.1427814227217823
2020-05-09 23:06:00,-0.06908544456416621
2020-05-09 23:09:00,-0.10503457921839754
2020-05-09 23:12:00,-0.11810137160136946
2020-05-09 23:15:00,-0.04609578365574407
2020-05-09 23:18:00,-0.1300174159450762
2020-05-09 23:21:00,-0.06974567373953278
2020-05-09 23:24:00,-0.03167772239527267
2020-05-09 23:27:00,0.009882169735305979
2020-05-09 23:30:00,-0.10886611706297344
2020-05-09 23:33:00,0.021847928305078312
2020-05-09 23:36:00,-0.10321208213980526
2020-05-09 23:39:00,-0.002861793339718588
2020-05-09 23:42:00,-0.05104771313119727
2020-05-09 23:45:00,0.08683587089427647
2020-05-09 23:48:00,-0.04862294566208902
2020-05-09 23:51:00,-0.04780962250873699
2020-05-09 23:54:00,-0.07402170236105121
2020-05-09 23:57:00,-0.0827234826882659
2020-05-10 00:00:00,0.028767814050013385
2020-05-10 00:03:00,-0.0338825809770924
2020-05-10 00:06:00,-0.05290104933516204
2020-05-10 00:09:00,-0.0535976231319637
2020-05-10 00:12:00,-0.03601559526481424
2020-05-10 00:15:00,0.048442058847911085
2020-05-10 00:18:00,0.10621184943948947
2020-05-10 00:21:00,-0.014175540294615985
2020-05-10 00:24:00,-0.10851356103552234
2020-05-10 00:27:00,-0.04176013715294857
2020-05-10 00:30:00,0.086198761754531
2020-05-10 00:33:00,0.015913442639430286
2020-05-10 00:36:00,-0.13088923271550357
2020-05-10 00:39:00,0.005567818329723195
2020-05-10 00:42:00,-0.029398834996527512
2020-05-10 00:45:00,0.02747065586726194
2020-05-10 00:48:00,0.0013621366866232165
2020-05-10 00:51:00,-0.010313565191438556
2020-05-10 00:54:00,-0.02734723829195218
2020-05-10 00:57:00,-0.07941999283389123
2020-05-10 01:00:00,-0.08714612370681607
2020-05-10 01:03:00,-0.04747080054971775
2020-05-10 01:06:00,-0.014130649066657952
2020-05-10 01:09:00,-0.040966524764144197
2020-05-10 01:12:00,-0.03569237168147765
2020-05-10 01:15:00,0.041479135424765445
2020-05-10 01:18:00,-0.009531493196959673
2020-05-10 01:21:00,0.04253181784736171
2020-05-10 01:24:00,-0.09555740186215189
2020-05-10 01:27:00,-0.04169563577158897
2020-05-10 01:30:00,0.023202081396618723
2020-05-10 01:33:00,0.037515392124305436
2020-05-10 01:36:00,0.024972120573522716
2020-05-10 01:39:00,-0.01949327685974822
2020-05-10 01:42:00,0.1314517245145339
2020-05-10 01:45:00,-0.011664879329543965
2020-05-10 01:48:00,0.05875686776067823
2020-05-10 01:51:00,-9.702183160698041e-05
2020-05-10 01:54:00,0.0018251025344966365
2020-05-10 01:57:00,-0.04843137450097856
2020-05-10 02:00:00,-0.045467399395079156
2020-05-10 02:03:00,0.026824063008177745
2020-05-10 02:06:00,-0.035370999158942595
2020-05-10 02:09:00,0.058209550416734146
2020-05-10 02:12:00,-0.01435744075496359
2020-05-10 02:15:00,0.06401855595845518
2020-05-10 02:18:00,0.17718409451475736
2020-05-10 02:21:00,0.02120115959036184
2020-05-10 02:24:00,0.18838367065211514
2020-05-10 02:27:00,0.005133884977567504
2020-05-10 02:30:00,0.0424776186945337
2020-05-10 02:33:00,0.18215049692599905
2020-05-10 02:36:00,0.028039269644409615
2020-05-10 02:39:00,0.11734475552822232
2020-05-10 02:42:00,0.10377973964199327
2020-05-10 02:45:00,0.06326543137782892
2020-05-10 02:48:00,0.0668209541263991
2020-05-10 02:51:00,0.039783743656641946
2020-05-10 02:54:00,0.13442252573020141
2020-05-10 02:57:00,0.1430195162457153
2020-05-10 03:00:00,0.07916970133328505
2020-05-10 03:03:00,0.0852775212808865
2020-05-10 03:06:00,0.11682569245760988
2020-05-10 03:09:00,0.04406506373106822
2020-05-10 03:12:00,0.20621625115131792
2020-05-10 03:15:00,0.12032983219421567
2020-05-10 03:18:00,0.11218396556023436
2020-05-10 03:21:00,0.1311790357369773
2020-05-10 03:24:00,0.061028443418763345
2020-05-10 03:27:00,0.22334483935139815
2020-05-10 03:30:00,0.12648223453339824
2020-05-10 03:33:00,0.08199512262359576
2020-05-10 03:36:00,0.1610303713731014
2020-05-10 03:39:00,0.1299919967069627
2020-05-10 03:42:00,0.15701644529229952
2020-05-10 03:45:00,0.21699598764661232
2020-05-10 03:48:00,0.21593193220923013
2020-05-10 03:51:00,0.2022189222056454
2020-05-10 03:54:00,0.2329857634900918
2020-05-10 03:57:00,0.26136744210083407
2020-05-10 04:00:00,0.19518039947843135
2020-05-10 04:03:00,0.1423419358500837
2020-05-10 04:06:00,0.2659409074851169
2020-05-10 04:09:00,0.1524768853681735
2020-05-10 04:12:00,0.18910512105918542
2020-05-10 04:15:00,0.26042152469995017
2020-05-10 04:18:00,0.2364745571786102
2020-05-10 04:21:00,0.27693142779691016
2020-05-10 04:24:00,0.18925393871273855
2020-05-10 04:27:00,0.19676450760596254
2020-05-10 04:30:00,0.18312975325352454
2020-05-10 04:33:00,0.27080301055144673
2020-05-10 04:36:00,0.2378511711262945
2020-05-10 04:39:00,0.21256909370373478
2020-05-10 04:42:00,0.21443486610644413
2020-05-10 04:45:00,0.32389080732860975
2020-05-10 04:48:00,0.31626382279375775
2020-05-10 04:51:00,0.3053192196212535
2020-05-10 04:54:00,0.21012590367769235
2020-05-10 04:57:00,0.3092456641361423
2020-05-10 05:00:00,0.24111076186096625
2020-05-10 05:03:00,0.20342686558427658
2020-05-10 05:06:00,0.22041309725130986
2020-05-10 05:09:00,0.22330308595388715
2020-05-10 05:12:00,0.21167481992478088
2020-05-10 05:15:00,0.131679088763633
2020-05-10 05:18:00,0.2795901480373004
2020-05-10 05:21:00,0.2877310241362352
2020-05-10 05:24:00,0.1269421578920742
2020-05-10 05:27:00,0.22530523715425943
2020-05-10 05:30:00,0.25272353978772344
2020-05-10 05:33:00,0.22729112643241933
2020-05-10 05:36:00,0.3029040920894204
2020-05-10 05:39:00,0.29274605257984376
2020-05-10 05:42:00,0.18829075217462332
2020-05-10 05:45:00,0.2968606786707255
2020-05-10 05:48:00,0.2523616434688165
2020-05-10 05:51:00,0.25817438315624486
2020-05-10 05:54:00,0.22674416277641285
2020-05-10 05:57:00,0.22872877108306966
2020-05-10 06:00:00,0.29334492901659814
2020-05-10 06:03:00,0.3749745422445585
2020-05-10 06:06:00,0.28796752534697134
2020-05-10 06:09:00,0.2816588174246135
2020-05-10 06:12:00,0.23303422140241992
2020-05-10 06:15:00,0.2837386655299383
2020-05-10 06:18:00,0.3427810837150105
2020-05-10 06:21:00,0.2624078156163705
2020-05-10 06:24:00,0.29810044573622463
2020-05-10 06:27:00,0.3830623347867572
2020-05-10 06:30:00,0.3135988468882829
2020-05-10 06:33:00,0.279959322817092
2020-05-10 06:36:00,0.2948969361053173
2020-05-10 06:39:00,0.28642778337933805
2020-05-10 06:42:00,0.34065324921931506
2020-05-10 06:45:00,0.2557231348038158
2020-05-10 06:48:00,0.2532863330229702
2020-05-10 06:51:00,0.40872059958320506
2020-05-10 06:54:00,0.4237516587470509
2020-05-10 06:57:00,0.3618801214768723
2020-05-10 07:00:00,0.30804649550049135
2020-05-10 07:03:00,0.27463136043263603
2020-05-10 07:06:00,0.3274393488403575
2020-05-10 07:09:00,0.23136018362964705
2020-05-10 07:12:00,0.23159104630644833
2020-05-10 07:15:00,0.2594563595458226
2020-05-10 07:18:00,0.17716007819308288
2020-05-10 07:21:00,0.2996854545247629
2020-05-10 07:24:00,0.2638447505933641
2020-05-10 07:27:00,0.2046533622230413
2020-05-10 07:30:00,0.2189665522669202
2020-05-10 07:33:00,0.28799477991731237
2020-05-10 07:36:00,0.22000057359724678
2020-05-10 07:39:00,0.23231748254869444
2020-05-10 07:42:00,0.17831127132404845
2020-05-10 07:45:00,0.19266393405683857
2020-05-10 07:48:00,0.2739647680573398
2020-05-10 07:51:00,0.18486350941293495
2020-05-10 07:54:00,0.1587580539593887
2020-05-10 07:57:00,0.2137810411039709
2020-05-10 08:00:00,0.23089262276846512
2020-05-10 08:03:00,0.14117758724501073
2020-05-10 08:06:00,0.23218295333504102
2020-05-10 08:09:00,0.21429799183960085
2020-05-10 08:12:00,0.2601935989069375
2020-05-10 08:15:00,0.1517602784894052
2020-05-10 08:18:00,0.14706919165479349
2020-05-10 08:21:00,0.2011269799480715
2020-05-10 08:24:00,0.24280174190937487
2020-05-10 08:27:00,0.12407355676435827
2020-05-10 08:30:00,0.13777944337800818
2020-05-10 08:33:00,0.15067108846596966
2020-05-10 08:36:00,0.12395721980033159
2020-05-10 08:39:00,0.12372278611246657
2020-05-10 08:42:00,0.04702246569956969
2020-05-10 08:45:00,0.04517196915116983
2020-05-10 08:48:00,0.05796170761493613
2020-05-10 08:51:00,0.17032807814416628
2020-05-10 08:54:00,-0.010724555807541947
2020-05-10 08:57:00,-0.045180000916616336
2020-05-10 09:00:00,-0.0022526719096163106
2020-05-10 09:03:00,0.019336951915533973
2020-05-10 09:06:00,0.07827755875683806
2020-05-10 09:09:00,-0.02934190576081619
2020-05-10 09:12:00,0.06159250571164421
2020-05-10 09:15:00,0.04944672783005899
2020-05-10 09:18:00,0.05984671403302855
2020-05-10 09:21:00,-0.03973025786609696
2020-05-10 09:24:00,-0.09171592206257628
2020-05-10 09:27:00,-0.05896088899356755
2020-05-10 09:30:00,-0.08098093643422999
2020-05-10 09:33:00,0.07908404825889193
2020-05-10 09:36:00,-0.05595466036726293
2020-05-10 09:39:00,0.060653854134159246
2020-05-10 09:42:00,-0.04213390362474456
2020-05-10 09:45:00,-0.04741488544487993
2020-05-10 09:48:00,-0.0473361592808601
2020-05-10 09:51:00,-0.0077309866566679375
2020-05-10 09:54:00,-0.043411309894395345
2020-05-10 09:57:00,-0.0443888639943566
2020-05-10 10:00:00,-0.03294368127114922
2020-05-10 10:03:00,-0.03777530132231277
2020-05-10 10:06:00,-0.05157821806801621
2020-05-10 10:09:00,-0.01750519630030567
2020-05-10 10:12:00,-0.09256446068866353
2020-05-10 10:15:00,-0.06081359444590362
2020-05-10 10:18:00,-0.0796605822829406
2020-05-10 10:21:00,-0.09965614155561298
2020-05-10 10:24:00,-0.10266972178698097
2020-05-10 10:27:00,-0.081524232785398
2020-05-10 10:30:00,-0.0696459858084495
2020-05-10 10:33:00,-0.06798164733760359
2020-05-10 10:36:00,-0.1434190866371523
2020-05-10 10:39:00,-0.2204892306781403
2020-05-10 10:42:00,-0.1393432428789083
2020-05-10 10:45:00,-0.13522934223408356
2020-05-10 10:48:00,-0.06291308861261768
2020-05-10 10:51:00,-0.14365853917593085
2020-05-10 10:54:00,-0.21895186031338199
2020-05-10 10:57:00,-0.28203108617435646
2020-05-10 11:00:00,-0.16976695979303713
2020-05-10 11:03:00,-0.20503764552091752
2020-05-10 11:06:00,-0.2027897148869897
2020-05-10 11:09:00,-0.14340617937654088
2020-05-10 11:12:00,-0.28273952699072424
2020-05-10 11:15:00,-0.2471171542946422
2020-05-10 11:18:00,-0.2953775177456919
2020-05-10 11:21:00,-0.387071429486582
2020-05-10 11:24:00,-0.24962241123262174
2020-05-10 11:27:00,-0.17024949353617558
2020-05-10 11:30:00,-0.2862328035765245
2020-05-10 11:33:00,-0.20187183011137222
2020-05-10 11:36:00,-0.1961869445199227
2020-05-10 11:39:00,-0.2651098285265334
2020-05-10 11:42:00,-0.280125964145725
2020-05-10 11:45:00,-0.2667106086742592
2020-05-10 11:48:00,-0.32293367167119413
2020-05-10 11:51:00,-0.3658401455957687
2020-05-10 11:54:00,-0.40071635112889226
2020-05-10 11:57:00,-0.3783483571917827
2020-05-10 12:00:00,-0.30153106803720675
2020-05-10 12:03:00,-0.27738910393861715
2020-05-10 12:06:00,-0.31719798521913845
2020-05-10 12:09:00,-0.34195725074761185
2020-05-10 12:12:00,-0.3406115179281528
2020-05-10 12:15:00,-0.3785235216383285
2020-05-10 12:18:00,-0.3245243503313304
2020-05-10 12:21:00,-0.2600131869422171
2020-05-10 12:24:00,-0.3676103446356933
2020-05-10 12:27:00,-0.3766724963712704
2020-05-10 12:30:00,-0.41090029846066045
2020-05-10 12:33:00,-0.3559974564792583
2020-05-10 12:36:00,-0.4425163196373205
2020-05-10 12:39:00,-0.4165415688173084
2020-05-10 12:42:00,-0.37092217694731744
2020-05-10 12:45:00,-0.3505898486895376
2020-05-10 12:48:00,-0.31615394212246883
2020-05-10 12:51:00,-0.47873177807707634
2020-05-10 12:54:00,-0.49280358169619376
2020-05-10 12:57:00,-0.4068029582218742
2020-05-10 13:00:00,-0.374210463990039
2020-05-10 13:03:00,-0.3994253357978437
2020-05-10 13:06:00,-0.36353005009357275
2020-05-10 13:09:00,-0.46049237320636394
2020-05-10 13:12:00,-0.38160294295215635
2020-05-10 13:15:00,-0.44348856863285846
2020-05-10 13:18:00,-0.44312603549582263
2020-05-10 13:21:00,-0.45883683715300094
2020-05-10 13:24:00,-0.4225960676410523
2020-05-10 13:27:00,-0.4582089465495187
2020-05-10 13:30:00,-0.4443536752526711
2020-05-10 13:33:00,-0.47220492916608237
2020-05-10 13:36:00,-0.4869094437164563
2020-05-10 13:39:00,-0.48804857366883425
2020-05-10 13:42:00,-0.4931699962763787
2020-05-10 13:45:00,-0.46845404643295296
2020-05-10 13:48:00,-0.5326646630815617
2020-05-10 13:51:00,-0.5342768582959252
2020-05-10 13:54:00,-0.5539296666700579
2020-05-10 13:57:00,-0.5102966547033247
2020-05-10 14:00:00,-0.494098383876576
2020-05-10 14:03:00,-0.35568186741932095
2020-05-10 14:06:00,-0.38819402681696147
2020-05-10 14:09:00,-0.4684567504032202
2020-05-10 14:12:00,-0.579598005474395
2020-05-10 14:15:00,-0.4778163724080855
2020-05-10 14:18:00,-0.40284917775244367
2020-05-10 14:21:00,-0.5238469101241776
2020-05-10 14:24:00,-0.535032240555438
2020-05-10 14:27:00,-0.5497775681579924
2020-05-10 14:30:00,-0.5264405172460442
2020-05-10 14:33:00,-0.4680207317992995
2020-05-10 14:36:00,-0.5488746875237211
2020-05-10 14:39:00,-0.581248179949398
2020-05-10 14:42:00,-0.502835734604048
2020-05-10 14:45:00,-0.5575326808593104
2020-05-10 14:48:00,-0.5200096643886809
2020-05-10 14:51:00,-0.5252696244944559
2020-05-10 14:54:00,-0.4715840657857484
2020-05-10 14:57:00,-0.43583128540717553
2020-05-10 15:00:00,-0.4447036034916323
2020-05-10 15:03:00,-0.44697793500751004
2020-05-10 15:06:00,-0.5608191451066773
2020-05-10 15:09:00,-0.40662247899422255
2020-05-10 15:12:00,-0.4786030192207136
2020-05-10 15:15:00,-0.5540722907917939
2020-05-10 15:18:00,-0.47122041388087155
2020-05-10 15:21:00,-0.44337089609160785
2020-05-10 15:24:00,-0.5753782600218074
2020-05-10 15:27:00,-0.512285903373936
2020-05-10 15:30:00,-0.554196381757265
2020-05-10 15:33:00,-0.5866392458908649
2020-05-10 15:36:00,-0.5242819242681662
2020-05-10 15:39:00,-0.44706962923635274
2020-05-10 15:42:00,-0.5067016633422554
2020-05-10 15:45:00,-0.4958801873658558
2020-05-10 15:48:00,-0.5746473336278655
2020-05-10 15:51:00,-0.4863712030258398
2020-05-10 15:54:00,-0.6028936612293023
2020-05-10 15:57:00,-0.4998356493956635
2020-05-10 16:00:00,-0.5021041090121798
2020-05-10 16:03:00,-0.5484681753762288
2020-05-10 16:06:00,-0.4995228602038537
2020-05-10 16:09:00,-0.4269273227572512
2020-05-10 16:12:00,-0.7178166054634971
2020-05-10 16:15:00,-0.5382412143055717
2020-05-10 16:18:00,-0.5520094848442341
2020-05-10 16:21:00,-0.5245373995396676
2020-05-10 16:24:00,-0.43448560039604445
2020-05-10 16:27:00,-0.46782820676986603
2020-05-10 16:30:00,-0.46620449963984356
2020-05-10 16:33:00,-0.5710079479494539
2020-05-10 16:36:00,-0.5185161566091665
2020-05-10 16:39:00,-0.4835902277549735
2020-05-10 16:42:00,-0.6316221022499349
2020-05-10 16:45:00,-0.5277917419469418
2020-05-10 16:48:00,-0.47800761842637485
2020-05-10 16:51:00,-0.4371465779761934
2020-05-10 16:54:00,-0.49171182951323544
2020-05-10 16:57:00,-0.5301106019792314
2020-05-10 17:00:00,-0.5138542044402925
2020-05-10 17:03:00,-0.5381809504614239
2020-05-10 17:06:00,-0.3299191055595543
2020-05-10 17:09:00,-0.3657728312056179
2020-05-10 17:12:00,-0.4250019985677227
2020-05-10 17:15:00,-0.45854744349850307
2020-05-10 17:18:00,-0.4468652727950939
2020-05-10 17:21:00,-0.33273140303305127
2020-05-10 17:24:00,-0.38596662456808417
2020-05-10 17:27:00,-0.4092540381532217
2020-05-10 17:30:00,-0.3695145286329762
2020-05-10 17:33:00,-0.45230273361676154
2020-05-10 17:36:00,-0.33157054428045285
2020-05-10 17:39:00,-0.4545185432313019
2020-05-10 17:42:00,-0.4121433624976589
2020-05-10 17:45:00,-0.22516340374244237
2020-05-10 17:48:00,-0.4131998203629337
2020-05-10 17:51:00,-0.28647025708602314
2020-05-10 17:54:00,-0.4849995272410297
2020-05-10 17:57:00,-0.37734603396296507
2020-05-10 18:00:00,-0.3603626986124482
2020-05-10 18:03:00,-0.27532962967114827
2020-05-10 18:06:00,-0.3948494377032148
2020-05-10 18:09:00,-0.30767073962937275
2020-05-10 18:12:00,-0.2946832234889598
2020-05-10 18:15:00,-0.2859665367097932
2020-05-10 18:18:00,-0.2578492037217188
2020-05-10 18:21:00,-0.2799399717477513
2020-05-10 18:24:00,-0.26263855862896435
2020-05-10 18:27:00,-0.24928917637333825
2020-05-10 18:30:00,-0.3140485025690509
2020-05-10 18:33:00,-0.24386204363338493
2020-05-10 18:36:00,-0.29050207912172255
2020-05-10 18:39:00,-0.21948722003065768
2020-05-10 18:42:00,-0.2247935631044129
2020-05-10 18:45:00,-0.2853332241644466
2020-05-10 18:48:00,-0.2709676595544579
2020-05-10 18:51:00,-0.1595734131824429
2020-05-10 18:54:00,
2020-05-10 18:57:00,
2020-05-10 19:00:00,
2020-05-10 19:03:00,-0.21609870124916597
2020-05-10 19:06:00,-0.2763175322850202
2020-05-10 19:09:00,-0.1789815817659246
2020-05-10 19:12:00,-0.2883269423916204
2020-05-10 19:15:00,-0.18842472200060456
2020-05-10 19:18:00,-0.2826166417788727
2020-05-10 19:21:00,-0.3107744167814417
2020-05-10 19:24:00,-0.23335137195880407
2020-05-10 19:27:00,-0.2482780156810236
2020-05-10 19:30:00,-0.2399783366556676
2020-05-10 19:33:00,-0.253340553519422
2020-05-10 19:36:00,-0.2265499897488894
2020-05-10 19:39:00,-0.27607961573210105
2020-05-10 19:42:00,-0.1433587768985376
2020-05-10 19:45:00,-0.31498631159740853
2020-05-10 19:48:00,-0.1964623918439088
2020-05-10 19:51:00,-0.25657190584360023
2020-05-10 19:54:00,-0.23255067694088893
2020-05-10 19:57:00,-0.1763441006532389
2020-05-10 20:00:00,-0.14549804857711024
2020-05-10 20:03:00,-0.3328033659694256
2020-05-10 20:06:00,-0.24246514909680172
2020-05-10 20:09:00,-0.24401244769995856
2020-05-10 20:12:00,-0.22918297200516236
2020-05-10 20:15:00,-0.22507205530871488
2020-05-10 20:18:00,-0.27394394718277226
2020-05-10 20:21:00,-0.21015606834328082
2020-05-10 20:24:00,-0.30351061267873547
2020-05-10 20:27:00,-0.24200894484056334
2020-05-10 20:30:00,-0.22184666292622524
2020-05-10 20:33:00,-0.2494827181221808
2020-05-10 20:36:00,-0.26970364271426206
2020-05-10 20:39:00,-0.23359139808854934
2020-05-10 20:42:00,-0.20006586552341332
2020-05-10 20:45:00,-0.22094867962101716
2020-05-10 20:48:00,-0.2249214883024706
2020-05-10 20:51:00,-0.26528056209178885
2020-05-10 20:54:00,-0.27356031601971154
2020-05-10 20:57:00,-0.21786392340538896
2020-05-10 21:00:00,-0.21205892506617374
2020-05-10 21:03:00,-0.17357891234905765
2020-05-10 21:06:00,-0.1294418015794463
2020-05-10 21:09:00,-0.20740411208987553
2020-05-10 21:12:00,-0.1574062235761744
2020-05-10 21:15:00,-0.17282863951476202
2020-05-10 21:18:00,-0.35209776690800254
2020-05-10 21:21:00,-0.2846121471769152
2020-05-10 21:24:00,-0.23199722345322016
2020-05-10 21:27:00,-0.21560376824038485
2020-05-10 21:30:00,-0.2961740679739364
2020-05-10 21:33:00,-0.1966241869422447
2020-05-10 21:36:00,-0.21225918719983383
2020-05-10 21:39:00,-0.3213042617983888
2020-05-10 21:42:00,-0.3390779956057486
2020-05-10 21:45:00,-0.2753836499060185
2020-05-10 21:48:00,-0.21597438731498642
2020-05-10 21:51:00,-0.17118839237343764
2020-05-10 21:54:00,-0.17513350604787092
2020-05-10 21:57:00,-0.263603688687283
2020-05-10 22:00:00,-0.17731560964909931
2020-05-10 22:03:00,-0.175931321808946
2020-05-10 22:06:00,-0.2062200537778267
2020-05-10 22:09:00,-0.16003138011706142
2020-05-10 22:12:00,-0.1555157173253292
2020-05-10 22:15:00,-0.2061689704822811
2020-05-10 22:18:00,-0.23567724052225003
2020-05-10 22:21:00,-0.14241116331481862
2020-05-10 22:24:00,-0.146776787046349
2020-05-10 22:27:00,-0.16205213185941147
2020-05-10 22:30:00,-0.18999975951987835
2020-05-10 22:33:00,-0.168453517644366
2020-05-10 22:36:00,-0.07285506243414375
2020-05-10 22:39:00,-0.15061744299083557
2020-05-10 22:42:00,-0.23922543367268645
2020-05-10 22:45:00,-0.09327803532954704
2020-05-10 22:48:00,-0.05926773241475303
2020-05-10 22:51:00,-0.07816817820611277
2020-05-10 22:54:00,-0.046263128820783095
2020-05-10 22:57:00,-0.025173418020926874
2020-05-10 23:00:00,-0.012587473604526167
2020-05-10 23:03:00,-0.12385041901751492
2020-05-10 23:06:00,-0.02570110820084892
2020-05-10 23:09:00,0.02828122950541001
2020-05-10 23:12:00,0.1746024037345819
2020-05-10 23:15:00,0.10794660546093837
2020-05-10 23:18:00,0.1193900401983683
2020-05-10 23:21:00,0.2061583666402953
2020-05-10 23:24:00,0.3195312123435201
2020-05-10 23:27:00,0.14733304721278273
2020-05-10 23:30:00,0.14207139477565534
2020-05-10 23:33:00,0.11045539085671408
2020-05-10 23:36:00,0.0978073155889092
2020-05-10 23:39:00,0.1246995751919826
2020-05-10 23:42:00,0.17349416698999676
2020-05-10 23:45:00,0.09220236990677222
2020-05-10 23:48:00,0.04548369862720847
2020-05-10 23:51:00,-0.07359054532719256
2020-05-10 23:54:00,-0.09830574101727052
2020-05-10 23:57:00,-0.02690952603546748
2020-05-11 00:00:00,0.010788885698445938
2020-05-11 00:03:00,0.03338209472531162
2020-05-11 00:06:00,-0.022857789716738353
2020-05-11 00:09:00,-0.026420373345956705
2020-05-11 00:12:00,0.014639868904680498
2020-05-11 00:15:00,-0.01880226824721376
2020-05-11 00:18:00,-0.05154838920191196
2020-05-11 00:21:00,-0.14287911212926474
2020-05-11 00:24:00,-0.09823278173860217
2020-05-11 00:27:00,-0.10284960517020636
2020-05-11 00:30:00,-0.17179156880081337
2020-05-11 00:33:00,-0.12066466920816765
2020-05-11 00:36:00,-0.10448959283576187
2020-05-11 00:39:00,-0.13694066436113417
2020-05-11 00:42:00,-0.02839425044720656
2020-05-11 00:45:00,-0.07868280193997634
2020-05-11 00:48:00,-0.1676543593902693
2020-05-11 00:51:00,-0.18829882157541533
2020-05-11 00:54:00,-0.07414404515986917
2020-05-11 00:57:00,-0.1562268696276874
2020-05-11 01:00:00,-0.031861908544613016
2020-05-11 01:03:00,0.01392995965005639
2020-05-11 01:06:00,-0.03158684408481349
2020-05-11 01:09:00,-0.05685866809977824
2020-05-11 01:12:00,0.04215264638298777
2020-05-11 01:15:00,0.006304260105878257
2020-05-11 01:18:00,-0.08366492693431837
2020-05-11 01:21:00,-0.02464237755970089
2020-05-11 01:24:00,-0.11253163127003063
2020-05-11 01:27:00,-0.0164960186949088
2020-05-11 01:30:00,-0.15679247249420314
2020-05-11 01:33:00,-0.11003074877498875
2020-05-11 01:36:00,0.0416053213546661
2020-05-11 01:39:00,-0.06623961305774628
2020-05-11 01:42:00,-0.03939485070003457
2020-05-11 01:45:00,-0.14409555971889176
2020-05-11 01:48:00,-0.06843411257955268
2020-05-11 01:51:00,-0.07748612185753245
2020-05-11 01:54:00,-0.05032829185637411
2020-05-11 01:57:00,-0.03863232103566361
2020-05-11 02:00:00,-0.03566196625348539
2020-05-11 02:03:00,0.0012174033583391974
2020-05-11 02:06:00,-0.03228347224705885
2020-05-11 02:09:00,0.05712256762035395
2020-05-11 02:12:00,-0.04668658208601073
2020-05-11 02:15:00,-0.0017051308573172719
2020-05-11 02:18:00,0.0005439688004571508
2020-05-11 02:21:00,0.058379562264406104
2020-05-11 02:24:00,-0.014270300510645484
2020-05-11 02:27:00,-0.05546144545024845
2020-05-11 02:30:00,0.023820346968250306
2020-05-11 02:33:00,0.03525749269772405
2020-05-11 02:36:00,-0.06167315010867469
2020-05-11 02:39:00,0.06096499278766032
2020-05-11 02:42:00,-0.04494506143925037
2020-05-11 02:45:00,0.05411332285672188
2020-05-11 02:48:00,-0.007994385915196744
2020-05-11 02:51:00,-0.08319490148522846
2020-05-11 02:54:00,0.007969458332354407
2020-05-11 02:57:00,0.11681434614462205
2020-05-11 03:00:00,0.03843188846605017
2020-05-11 03:03:00,0.023889647908731604
2020-05-11 03:06:00,0.08924156452695797
2020-05-11 03:09:00,0.09452257286005761
2020-05-11 03:12:00,0.12717293847009614
2020-05-11 03:15:00,0.09490253327669507
2020-05-11 03:18:00,0.1298701351641398
2020-05-11 03:21:00,0.11600740915508823
2020-05-11 03:24:00,0.04459893249833158
2020-05-11 03:27:00,0.0037346080612223886
2020-05-11 03:30:00,0.024521914032220593
2020-05-11 03:33:00,0.08582141584531655
2020-05-11 03:36:00,0.015181425832281548
2020-05-11 03:39:00,-0.018297554163268615
2020-05-11 03:42:00,0.030573175296581212
2020-05-11 03:45:00,0.01840381627272336
2020-05-11 03:48:00,0.05288436202374669
2020-05-11 03:51:00,0.08206016009802397
2020-05-11 03:54:00,-0.0033896465529323905
2020-05-11 03:57:00,-0.14627292115062573
2020-05-11 04:00:00,-0.009691191810986766
2020-05-11 04:03:00,0.01215578792408678
2020-05-11 04:06:00,0.039473003427815456
2020-05-11 04:09:00,-0.023473866764049944
2020-05-11 04:12:00,0.059153490402138686
2020-05-11 04:15:00,-0.010373023973784257
2020-05-11 04:18:00,-0.08730665837759943
2020-05-11 04:21:00,0.03951170842344709
2020-05-11 04:24:00,-0.006170347750185101
2020-05-11 04:27:00,-0.05453473755903815
2020-05-11 04:30:00,-0.0076241130097400855
2020-05-11 04:33:00,0.04148331443894904
2020-05-11 04:36:00,0.11791977297804124
2020-05-11 04:39:00,0.09317731580921418
2020-05-11 04:42:00,-0.025679466874976242
2020-05-11 04:45:00,-0.01653236252644774
2020-05-11 04:48:00,-0.0548286453390574
2020-05-11 04:51:00,0.0010483235005267488
2020-05-11 04:54:00,0.026665711267298775
2020-05-11 04:57:00,0.0728918399593681
2020-05-11 05:00:00,0.012963763095513059
2020-05-11 05:03:00,0.039835607332292966
2020-05-11 05:06:00,0.0027890035081554743
2020-05-11 05:09:00,-0.04873053005098882
2020-05-11 05:12:00,-0.02939885912223872
2020-05-11 05:15:00,-0.0539979040952403
2020-05-11 05:18:00,-0.06998183080872877
2020-05-11 05:21:00,-0.01817782086459374
2020-05-11 05:24:00,0.105518075318912
2020-05-11 05:27:00,0.07673558991797336
2020-05-11 05:30:00,0.02084205804396788
2020-05-11 05:33:00,0.03597317720635829
2020-05-11 05:36:00,-0.026281069730714535
2020-05-11 05:39:00,0.015364453756376406
2020-05-11 05:42:00,-0.0368180483174001
2020-05-11 05:45:00,-0.04576027365362734
2020-05-11 05:48:00,-0.013965618236682076
2020-05-11 05:51:00,-0.00779527325039453
2020-05-11 05:54:00,-0.08268396089249563
2020-05-11 05:57:00,-0.07025965480670493
2020-05-11 06:00:00,0.006718004685751566
2020-05-11 06:03:00,-0.028856191189163383
2020-05-11 06:06:00,0.04625395866975168
2020-05-11 06:09:00,0.10368135991348026
2020-05-11 06:12:00,0.064768519578422
2020-05-11 06:15:00,0.02609988667484231
2020-05-11 06:18:00,0.10778110042377875
2020-05-11 06:21:00,0.08399960921866523
2020-05-11 06:24:00,0.12814128327823937
2020-05-11 06:27:00,0.04524622773936926
2020-05-11 06:30:00,0.07989058061156129
2020-05-11 06:33:00,0.15725214366540285
2020-05-11 06:36:00,0.02852206566831228
2020-05-11 06:39:00,0.0711921548250416
2020-05-11 06:42:00,0.008968412090609945
2020-05-11 06:45:00,0.14795750210123515
2020-05-11 06:48:00,0.17946147731908013
2020-05-11 06:51:00,0.1150420671836514
2020-05-11 06:54:00,0.11935425281006928
2020-05-11 06:57:00,0.13916289142269989
2020-05-11 07:00:00,0.01932464363858344
2020-05-11 07:03:00,0.02974534650854821
2020-05-11 07:06:00,-0.0019771591352082396
2020-05-11 07:09:00,-0.008290549335697506
2020-05-11 07:12:00,0.06080360976727661
2020-05-11 07:15:00,0.10655562793874651
2020-05-11 07:18:00,0.11097038506801482
2020-05-11 07:21:00,0.1487623585583151
2020-05-11 07:24:00,0.1515824007395281
2020-05-11 07:27:00,0.10875411558902215
2020-05-11 07:30:00,0.003103077528976428
2020-05-11 07:33:00,0.00352896978751005
2020-05-11 07:36:00,0.03768865220206408
2020-05-11 07:39:00,0.05957191373670412
2020-05-11 07:42:00,0.09279831385828174
2020-05-11 07:45:00,0.021769294823741347
2020-05-11 07:48:00,0.0085333898589397
2020-05-11 07:51:00,0.1063947211811751
2020-05-11 07:54:00,0.05595503130655288
2020-05-11 07:57:00,-0.01025841447227549
2020-05-11 08:00:00,0.007941412453703833
2020-05-11 08:03:00,0.07480834475734355
2020-05-11 08:06:00,-0.020162322155556467
2020-05-11 08:09:00,0.04548366212657129
2020-05-11 08:12:00,0.05738177237884656
2020-05-11 08:15:00,-0.05859361752152381
2020-05-11 08:18:00,0.01822670455436537
2020-05-11 08:21:00,-0.08991489861716673
2020-05-11 08:24:00,0.019531034877616094
2020-05-11 08:27:00,-0.027378755174083835
2020-05-11 08:30:00,0.053696225814064746
2020-05-11 08:33:00,-0.06145897853036786
2020-05-11 08:36:00,-0.09897445959893503
2020-05-11 08:39:00,-0.027988813121282874
2020-05-11 08:42:00,-0.10926826291961333
2020-05-11 08:45:00,-0.08795585768137926
2020-05-11 08:48:00,-0.01765973659729525
2020-05-11 08:51:00,-0.05975139714564648
2020-05-11 08:54:00,-0.16080505581669513
2020-05-11 08:57:00,-0.07807185785657111
2020-05-11 09:00:00,-0.11566703313542348
2020-05-11 09:03:00,-0.04134997599885537
2020-05-11 09:06:00,-0.048627135622609785
2020-05-11 09:09:00,0.1517425469110094
2020-05-11 09:12:00,0.04705008732184979
2020-05-11 09:15:00,0.06654289063027363
2020-05-11 09:18:00,0.12977247560831984
2020-05-11 09:21:00,0.12493138558414785
2020-05-11 09:24:00,0.048386735883127585
2020-05-11 09:27:00,0.12574892169544682
2020-05-11 09:30:00,0.13131816179810585
2020-05-11 09:33:00,0.0184811980694235
2020-05-11 09:36:00,0.04865261705373314
2020-05-11 09:39:00,-0.05498027288325602
2020-05-11 09:42:00,-0.06492480040202508
2020-05-11 09:45:00,0.008567498568140763
2020-05-11 09:48:00,-0.01931072144020618
2020-05-11 09:51:00,0.030781360424668947
2020-05-11 09:54:00,-0.1415701608084987
2020-05-11 09:57:00,-0.19592482330432404
2020-05-11 10:00:00,-0.16757425481068822
2020-05-11 10:03:00,-0.15921629442095764
2020-05-11 10:06:00,-0.07640603880599883
2020-05-11 10:09:00,-0.14596614427267696
2020-05-11 10:12:00,-0.11845475680030404
2020-05-11 10:15:00,-0.07389316800015422
2020-05-11 10:18:00,-0.004008278937078558
2020-05-11 10:21:00,-0.12203557085149441
2020-05-11 10:24:00,-0.09217839570510478
2020-05-11 10:27:00,-0.11168466451135828
2020-05-11 10:30:00,-0.14040438768552121
2020-05-11 10:33:00,-0.06933449344597875
2020-05-11 10:36:00,-0.15023749073503723
2020-05-11 10:39:00,-0.050200683896548526
2020-05-11 10:42:00,0.004831626911197873
2020-05-11 10:45:00,-0.0017918343280598492
2020-05-11 10:48:00,-0.08214778735606387
2020-05-11 10:51:00,-0.059671418693426403
2020-05-11 10:54:00,-0.0385640339372344
2020-05-11 10:57:00,-0.04112662735747108
2020-05-11 11:00:00,-0.02669788049354338
2020-05-11 11:03:00,-0.027786405350866517
2020-05-11 11:06:00,0.022903073815712105
2020-05-11 11:09:00,-0.06320679722938394
2020-05-11 11:12:00,0.00475168143253768
2020-05-11 11:15:00,0.04729922910496498
2020-05-11 11:18:00,0.04530785375317237
2020-05-11 11:21:00,0.06130877760290332
2020-05-11 11:24:00,0.051762403316161
2020-05-11 11:27:00,0.03216041713699269
2020-05-11 11:30:00,0.16123383390566914
2020-05-11 11:33:00,0.09453216564327249
2020-05-11 11:36:00,-0.038746886967487626
2020-05-11 11:39:00,0.010990930256014053
2020-05-11 11:42:00,0.01487285169525876
2020-05-11 11:45:00,-0.0018934345681032028
2020-05-11 11:48:00,-0.014164870013928521
2020-05-11 11:51:00,0.10952025764970585
2020-05-11 11:54:00,-0.10080473908385557
2020-05-11 11:57:00,-0.06407626075503003
2020-05-11 12:00:00,-0.07741713511495618
2020-05-11 12:03:00,0.0162455149201719
2020-05-11 12:06:00,0.03897107158400104
2020-05-11 12:09:00,0.036077490949878666
2020-05-11 12:12:00,-0.026288651301513255
2020-05-11 12:15:00,0.11219413370912434
2020-05-11 12:18:00,0.07125221328635689
2020-05-11 12:21:00,0.006894550500874175
2020-05-11 12:24:00,0.16618675624596335
2020-05-11 12:27:00,0.1820983705362096
2020-05-11 12:30:00,0.21192368287677255
2020-05-11 12:33:00,0.2286946809656456
2020-05-11 12:36:00,0.21674370137014876
2020-05-11 12:39:00,0.27080654706082896
2020-05-11 12:42:00,0.3138092410335389
2020-05-11 12:45:00,0.24070662325340209
2020-05-11 12:48:00,0.18654671983836124
2020-05-11 12:51:00,0.09202939983657643
2020-05-11 12:54:00,0.11475113635145817
2020-05-11 12:57:00,0.15157785838806603
2020-05-11 13:00:00,0.18088119077441434
2020-05-11 13:03:00,0.1870100317228207
2020-05-11 13:06:00,0.23505101645895365
2020-05-11 13:09:00,0.13941561782041845
2020-05-11 13:12:00,0.06903268218428593
2020-05-11 13:15:00,0.10290957099118714
2020-05-11 13:18:00,0.11083988045470505
2020-05-11 13:21:00,0.09300466138955699
2020-05-11 13:24:00,0.19086314690161998
2020-05-11 13:27:00,0.123836133592647
2020-05-11 13:30:00,0.15785713564366688
2020-05-11 13:33:00,0.168809228317798
2020-05-11 13:36:00,0.08576757275432101
2020-05-11 13:39:00,0.03064184835920969
2020-05-11 13:42:00,0.0807468275240808
2020-05-11 13:45:00,-0.01427098762701462
2020-05-11 13:48:00,0.01704547341654461
2020-05-11 13:51:00,-0.14295197540258187
2020-05-11 13:54:00,-0.21582731613887063
2020-05-11 13:57:00,-0.06541954172240594
2020-05-11 14:00:00,-0.08823733480818419
2020-05-11 14:03:00,-0.11455578759444052
2020-05-11 14:06:00,-0.27802001633881446
2020-05-11 14:09:00,-0.18013029068015385
2020-05-11 14:12:00,-0.188290432215922
2020-05-11 14:15:00,-0.24021030176646718
2020-05-11 14:18:00,-0.2683393772380782
2020-05-11 14:21:00,-0.18945926112627376
2020-05-11 14:24:00,-0.20548686807006789
2020-05-11 14:27:00,-0.21599706986808087
2020-05-11 14:30:00,-0.08457361245012862
2020-05-11 14:33:00,-0.15478593252902328
2020-05-11 14:36:00,-0.1386211814065632
2020-05-11 14:39:00,-0.22522949769353318
2020-05-11 14:42:00,-0.24504361973640698
2020-05-11 14:45:00,-0.1211620726393221
2020-05-11 14:48:00,-0.3316455679178034
2020-05-11 14:51:00,-0.2726616021316204
2020-05-11 14:54:00,-0.32867639067262644
2020-05-11 14:57:00,-0.314203904812814
2020-05-11 15:00:00,-0.27325565064410284
2020-05-11 15:03:00,-0.24040773479867994
2020-05-11 15:06:00,-0.3151177867910633
2020-05-11 15:09:00,-0.3380916559952425
2020-05-11 15:12:00,-0.28680385729063573
2020-05-11 15:15:00,-0.18178648292803246
2020-05-11 15:18:00,-0.2314958196641328
2020-05-11 15:21:00,-0.21198968472458546
2020-05-11 15:24:00,-0.21416229721455693
2020-05-11 15:27:00,-0.17420869425694718
2020-05-11 15:30:00,-0.17361432755467376
2020-05-11 15:33:00,-0.1829843734934684
2020-05-11 15:36:00,-0.1387283277252891
2020-05-11 15:39:00,-0.162158139776011
2020-05-11 15:42:00,-0.23172344292322578
2020-05-11 15:45:00,-0.3518214745906221
2020-05-11 15:48:00,-0.30321741052188145
2020-05-11 15:51:00,-0.2071982078469432
2020-05-11 15:54:00,-0.33430063027861934
2020-05-11 15:57:00,-0.26602522367034
2020-05-11 16:00:00,-0.29965176605145416
2020-05-11 16:03:00,-0.30502872622679433
2020-05-11 16:06:00,-0.3364774483098927
2020-05-11 16:09:00,-0.23996116730126005
2020-05-11 16:12:00,-0.23479160357373985
2020-05-11 16:15:00,-0.2631929076524102
2020-05-11 16:18:00,-0.22315000946423424
2020-05-11 16:21:00,-0.21933691438573533
2020-05-11 16:24:00,-0.21289966940793192
2020-05-11 16:27:00,-0.2870696604713885
2020-05-11 16:30:00,-0.2688424456109715
2020-05-11 16:33:00,-0.3093138695416542
2020-05-11 16:36:00,-0.3147916050941717
2020-05-11 16:39:00,-0.3037252569648672
2020-05-11 16:42:00,-0.26093369874979544
2020-05-11 16:45:00,-0.23440472711735083
2020-05-11 16:48:00,-0.2690169671615763
2020-05-11 16:51:00,-0.36637604235494337
2020-05-11 16:54:00,-0.26721246781238506
2020-05-11 16:57:00,-0.2650936586914554
2020-05-11 17:00:00,-0.29265746432020023
2020-05-11 17:03:00,-0.19078610491675363
2020-05-11 17:06:00,-0.3071130647648488
2020-05-11 17:09:00,-0.2839766854871755
2020-05-11 17:12:00,-0.09919658029491529
2020-05-11 17:15:00,-0.23985347248282096
2020-05-11 17:18:00,-0.2501838267400558
2020-05-11 17:21:00,-0.20040797966458967
2020-05-11 17:24:00,-0.08956919715205913
2020-05-11 17:27:00,-0.24613033607806756
2020-05-11 17:30:00,-0.11322183586059964
2020-05-11 17:33:00,-0.16035371896555262
2020-05-11 17:36:00,-0.15248929065694483
2020-05-11 17:39:00,-0.19140825984601406
2020-05-11 17:42:00,-0.16350764161819598
2020-05-11 17:45:00,-0.1697099067258705
2020-05-11 17:48:00,-0.1977805444790306
2020-05-11 17:51:00,-0.17573592668264837
2020-05-11 17:54:00,-0.30020310593840804
2020-05-11 17:57:00,-0.13113404862446032
2020-05-11 18:00:00,-0.251055179164382
2020-05-11 18:03:00,-0.11057773436414209
2020-05-11 18:06:00,-0.14186850591386246
2020-05-11 18:09:00,-0.18661701528947106
2020-05-11 18:12:00,-0.20555208490333143
2020-05-11 18:15:00,-0.16408057160151657
2020-05-11 18:18:00,-0.13427946689165537
2020-05-11 18:21:00,-0.14134214524625577
2020-05-11 18:24:00,-0.07403366961597158
2020-05-11 18:27:00,-0.15494382754320668
2020-05-11 18:30:00,-0.15381670201838915
2020-05-11 18:33:00,-0.1955707236305102
2020-05-11 18:36:00,-0.042437599749518995
2020-05-11 18:39:00,0.030866014777302553
2020-05-11 18:42:00,0.00037648850297955505
2020-05-11 18:45:00,-0.057311369823423775
2020-05-11 18:48:00,0.013880114811911426
2020-05-11 18:51:00,-0.011690798363645172
2020-05-11 18:54:00,-0.08122386231127621
2020-05-11 18:57:00,
2020-05-11 19:00:00,
2020-05-11 19:03:00,-0.05461639475015545
2020-05-11 19:06:00,-0.07341590190810621
2020-05-11 19:09:00,-0.010626493362849487
2020-05-11 19:12:00,-0.07209458944322478
2020-05-11 19:15:00,0.02886562987129082
2020-05-11 19:18:00,0.03589125701989815
2020-05-11 19:21:00,0.03905921067757845
2020-05-11 19:24:00,0.08315114415700009
2020-05-11 19:27:00,0.021024211803990056
2020-05-11 19:30:00,-0.06404537556289824
2020-05-11 19:33:00,0.15052774340938413
2020-05-11 19:36:00,0.03639389049527608
2020-05-11 19:39:00,-0.025372029182392453
2020-05-11 19:42:00,-0.006619920144999014
2020-05-11 19:45:00,0.021842170708907815
2020-05-11 19:48:00,0.019283792993178395
2020-05-11 19:51:00,0.029337362565115654
2020-05-11 19:54:00,0.024001264053026716
2020-05-11 19:57:00,0.03547457038666835
2020-05-11 20:00:00,-0.02719913353831771
2020-05-11 20:03:00,-0.021320491869801117
2020-05-11 20:06:00,0.05710219858633536
2020-05-11 20:09:00,-0.023196013718632003
2020-05-11 20:12:00,-0.1293033110422357
2020-05-11 20:15:00,-0.0276319889237584
2020-05-11 20:18:00,-0.0903223230801018
2020-05-11 20:21:00,0.020886874973484737
2020-05-11 20:24:00,-0.04398903217304451
2020-05-11 20:27:00,-0.03363386712243255
2020-05-11 20:30:00,0.06652483272443988
2020-05-11 20:33:00,-0.0016109262511463385
2020-05-11 20:36:00,-0.022662058994228573
2020-05-11 20:39:00,0.07087758672622613
2020-05-11 20:42:00,0.024657257430703794
2020-05-11 20:45:00,0.009949709669797357
2020-05-11 20:48:00,0.0658980231816031
2020-05-11 20:51:00,-0.05524737952981695
2020-05-11 20:54:00,0.06145754612327892
2020-05-11 20:57:00,0.025773035355257434
2020-05-11 21:00:00,0.04462177631853592
2020-05-11 21:03:00,0.09565369823496894
2020-05-11 21:06:00,0.035749158572741635
2020-05-11 21:09:00,0.020210119060152465
2020-05-11 21:12:00,0.14400734551816186
2020-05-11 21:15:00,0.1095311004438031
2020-05-11 21:18:00,0.08087592518194242
2020-05-11 21:21:00,0.08932266978922598
2020-05-11 21:24:00,0.04676918678819675
2020-05-11 21:27:00,0.030534773784097524
2020-05-11 21:30:00,0.04299566815922162
2020-05-11 21:33:00,0.0811254933534542
2020-05-11 21:36:00,0.08836863411198692
2020-05-11 21:39:00,0.027228382523219352
2020-05-11 21:42:00,0.06818983364399855
2020-05-11 21:45:00,0.026736646904851114
2020-05-11 21:48:00,0.04965723626577301
2020-05-11 21:51:00,-0.049030057819891226
2020-05-11 21:54:00,0.0903555485070342
2020-05-11 21:57:00,0.1625736902844892
2020-05-11 22:00:00,0.01663856203180103
2020-05-11 22:03:00,0.05978303175737665
2020-05-11 22:06:00,0.03588353134665567
2020-05-11 22:09:00,0.14773636884268626
2020-05-11 22:12:00,-0.031359166551965245
2020-05-11 22:15:00,0.042076322847094616
2020-05-11 22:18:00,0.005586212238426924
2020-05-11 22:21:00,-0.11150170783344038
2020-05-11 22:24:00,0.046682026452742775
2020-05-11 22:27:00,-0.02279962049686901
2020-05-11 22:30:00,0.0764624435443011
2020-05-11 22:33:00,0.13191374370353515
2020-05-11 22:36:00,0.025365688660258456
2020-05-11 22:39:00,0.08083250653049845
2020-05-11 22:42:00,-0.028665355431940043
2020-05-11 22:45:00,0.07425779271790134
2020-05-11 22:48:00,0.12383128621337391
2020-05-11 22:51:00,0.10878798434430337
2020-05-11 22:54:00,0.07416315024505593
2020-05-11 22:57:00,0.04758078429864554
2020-05-11 23:00:00,0.08092137504712582
2020-05-11 23:03:00,0.04349664944760434
2020-05-11 23:06:00,0.09730255023509926
2020-05-11 23:09:00,0.1279428396111939
2020-05-11 23:12:00,0.16187131075372463
2020-05-11 23:15:00,0.07047006518359922
2020-05-11 23:18:00,0.08801663236249624
2020-05-11 23:21:00,0.15156272311708108
2020-05-11 23:24:00,0.0846183415322912
2020-05-11 23:27:00,0.10843781660372542
2020-05-11 23:30:00,0.08127508637858227
2020-05-11 23:33:00,-0.04639821242983544
2020-05-11 23:36:00,0.11814024841606852
2020-05-11 23:39:00,0.10843256711228833
2020-05-11 23:42:00,0.03138144821798505
2020-05-11 23:45:00,0.08192514779869953
2020-05-11 23:48:00,0.14107261830775997
2020-05-11 23:51:00,0.09530433644204095
2020-05-11 23:54:00,0.04171128372701105
2020-05-11 23:57:00,0.03505502022778728
2020-05-12 00:00:00,0.1252808818549056
2020-05-12 00:03:00,-0.019045845104130876
2020-05-12 00:06:00,0.050724359800426555
2020-05-12 00:09:00,0.11120573629796127
2020-05-12 00:12:00,0.1357347782172269
2020-05-12 00:15:00,0.14047865822232097
2020-05-12 00:18:00,0.06661416769736661
2020-05-12 00:21:00,0.10630636792416226
2020-05-12 00:24:00,0.09840785185474488
2020-05-12 00:27:00,0.06894191936231664
2020-05-12 00:30:00,0.1200221647694093
2020-05-12 00:33:00,0.15965846993674404
2020-05-12 00:36:00,0.11682282847925762
2020-05-12 00:39:00,0.055866066641897305
2020-05-12 00:42:00,0.12801538958541414
2020-05-12 00:45:00,0.08117609209273269
2020-05-12 00:48:00,0.04879855761396357
2020-05-12 00:51:00,0.10134276366500217
2020-05-12 00:54:00,0.13704742194892106
2020-05-12 00:57:00,0.11021013205657937
2020-05-12 01:00:00,0.06111855098083652
2020-05-12 01:03:00,0.07216547673942841
2020-05-12 01:06:00,-0.027586546869144968
2020-05-12 01:09:00,0.06591718695040072
2020-05-12 01:12:00,0.10142850414354143
2020-05-12 01:15:00,0.1444578615601131
2020-05-12 01:18:00,0.10925621569805344
2020-05-12 01:21:00,0.17201542564941974
2020-05-12 01:24:00,0.08079575400910244
2020-05-12 01:27:00,0.05299650550870183
2020-05-12 01:30:00,0.03785993105827856
2020-05-12 01:33:00,0.17459086740444718
2020-05-12 01:36:00,0.0780128711126622
2020-05-12 01:39:00,0.10699517243074297
2020-05-12 01:42:00,0.09667769949106741
2020-05-12 01:45:00,0.0778670192708546
2020-05-12 01:48:00,0.06300365143982845
2020-05-12 01:51:00,0.09064464355577684
2020-05-12 01:54:00,0.15908177996362838
2020-05-12 01:57:00,0.17212967128682521
2020-05-12 02:00:00,0.14281056241912893
2020-05-12 02:03:00,0.16172892355052682
2020-05-12 02:06:00,0.13789788935957858
2020-05-12 02:09:00,0.07408165918747045
2020-05-12 02:12:00,0.19387047397589185
2020-05-12 02:15:00,0.08691488050942553
2020-05-12 02:18:00,0.16843145614899413
2020-05-12 02:21:00,0.07212999222986127
2020-05-12 02:24:00,0.12073189061885614
2020-05-12 02:27:00,0.06899745654072831
2020-05-12 02:30:00,0.06838206405689107
2020-05-12 02:33:00,0.06669172226878572
2020-05-12 02:36:00,0.18264996698917457
2020-05-12 02:39:00,0.07065254568550472
2020-05-12 02:42:00,0.22031151554011785
2020-05-12 02:45:00,0.1136968926051054
2020-05-12 02:48:00,0.17597278669779826
2020-05-12 02:51:00,0.16819540240209108
2020-05-12 02:54:00,0.13902296878040943
2020-05-12 02:57:00,0.20252915993000897
2020-05-12 03:00:00,0.18292460260391863
2020-05-12 03:03:00,0.09085179445787617
2020-05-12 03:06:00,0.07389490689826061
2020-05-12 03:09:00,0.0267519938482792
2020-05-12 03:12:00,0.11379522126679831
2020-05-12 03:15:00,0.1784892911759357
2020-05-12 03:18:00,0.16648242656287948
2020-05-12 03:21:00,0.13059818289548275
2020-05-12 03:24:00,0.20930323043961607
2020-05-12 03:27:00,0.08856142757542784
2020-05-12 03:30:00,0.16107642824590584
2020-05-12 03:33:00,0.16004147382972178
2020-05-12 03:36:00,0.11748065135981278
2020-05-12 03:39:00,0.1019426702906685
2020-05-12 03:42:00,0.14392947253105604
2020-05-12 03:45:00,0.19417314387862916
2020-05-12 03:48:00,0.11062101204754526
2020-05-12 03:51:00,0.12659170214885762
2020-05-12 03:54:00,0.11266782357381544
2020-05-12 03:57:00,0.19934995432618052
2020-05-12 04:00:00,0.26197047644757276
2020-05-12 04:03:00,0.25484184396697174
2020-05-12 04:06:00,0.1752675688431964
2020-05-12 04:09:00,0.27222905588229196
2020-05-12 04:12:00,0.26880683154320195
2020-05-12 04:15:00,0.20851859778935022
2020-05-12 04:18:00,0.2587492064681669
2020-05-12 04:21:00,0.17538228371034847
2020-05-12 04:24:00,0.23298638149890394
2020-05-12 04:27:00,0.27479355972695885
2020-05-12 04:30:00,0.07648082886987595
2020-05-12 04:33:00,0.11842992283209242
2020-05-12 04:36:00,0.20529459473715406
2020-05-12 04:39:00,0.20848763694993977
2020-05-12 04:42:00,0.17374227683757226
2020-05-12 04:45:00,0.12885570748449027
2020-05-12 04:48:00,0.18114465835083138
2020-05-12 04:51:00,0.21646247154927778
2020-05-12 04:54:00,0.2110693227283491
2020-05-12 04:57:00,0.23818683752250536
2020-05-12 05:00:00,0.16420747565780403
2020-05-12 05:03:00,0.055952112930469866
2020-05-12 05:06:00,0.268070063807329
2020-05-12 05:09:00,0.20758968365646524
2020-05-12 05:12:00,0.24562528461319744
2020-05-12 05:15:00,0.27722324199112336
2020-05-12 05:18:00,0.35460924407749417
2020-05-12 05:21:00,0.25612218153281674
2020-05-12 05:24:00,0.2004325884379341
2020-05-12 05:27:00,0.24618608301597078
2020-05-12 05:30:00,0.20240101700284185
2020-05-12 05:33:00,0.29232449107121283
2020-05-12 05:36:00,0.2776892345126498
2020-05-12 05:39:00,0.28272931662434075
2020-05-12 05:42:00,0.19587714494628017
2020-05-12 05:45:00,0.23583553563571513
2020-05-12 05:48:00,0.23808617802063736
2020-05-12 05:51:00,0.2609414648899815
2020-05-12 05:54:00,0.27699741059115013
2020-05-12 05:57:00,0.1332787470341259
2020-05-12 06:00:00,0.19411499623316786
2020-05-12 06:03:00,0.32505226296268575
2020-05-12 06:06:00,0.1915293045116755
2020-05-12 06:09:00,0.28295100134937456
2020-05-12 06:12:00,0.23063524098137123
2020-05-12 06:15:00,0.232881463137403
2020-05-12 06:18:00,0.23510073315338786
2020-05-12 06:21:00,0.20309999439473359
2020-05-12 06:24:00,0.23874303876459635
2020-05-12 06:27:00,0.22827674530174136
2020-05-12 06:30:00,0.3373109095035147
2020-05-12 06:33:00,0.2146024622795153
2020-05-12 06:36:00,0.16211646297023208
2020-05-12 06:39:00,0.20596635646080586
2020-05-12 06:42:00,0.16882868304145404
2020-05-12 06:45:00,0.22075710505293955
2020-05-12 06:48:00,0.22809992699069426
2020-05-12 06:51:00,0.23979134530196689
2020-05-12 06:54:00,0.1990655997479962
2020-05-12 06:57:00,0.1929349516738057
2020-05-12 07:00:00,0.28152677546660243
2020-05-12 07:03:00,0.19339244570500114
2020-05-12 07:06:00,0.14265880811427678
2020-05-12 07:09:00,0.15895517364918987
2020-05-12 07:12:00,0.2465996909278374
2020-05-12 07:15:00,0.25213450941402016
2020-05-12 07:18:00,0.11860751239629508
2020-05-12 07:21:00,0.15916252954991705
2020-05-12 07:24:00,0.1493444574537648
2020-05-12 07:27:00,0.11522497818845068
2020-05-12 07:30:00,0.285121156694629
2020-05-12 07:33:00,0.175503833940013
2020-05-12 07:36:00,0.2814820062440617
2020-05-12 07:39:00,0.07874325416361216
2020-05-12 07:42:00,0.17570664587998408
2020-05-12 07:45:00,0.19362862771100708
2020-05-12 07:48:00,0.2203262992579198
2020-05-12 07:51:00,0.15783561035004823
2020-05-12 07:54:00,0.2017066883215648
2020-05-12 07:57:00,0.3298187941302331
2020-05-12 08:00:00,0.1478008098950454
2020-05-12 08:03:00,0.1581090855876255
2020-05-12 08:06:00,0.15999054966795256
2020-05-12 08:09:00,0.13188661882202268
2020-05-12 08:12:00,0.15600059714461167
2020-05-12 08:15:00,0.0361958816380934
2020-05-12 08:18:00,0.08942987221547583
2020-05-12 08:21:00,0.07820227543510327
2020-05-12 08:24:00,0.043127749845496055
2020-05-12 08:27:00,-0.005865469112734445
2020-05-12 08:30:00,0.03279682349784707
2020-05-12 08:33:00,-0.022412053035623103
2020-05-12 08:36:00,0.08353075409195299
2020-05-12 08:39:00,0.028585404261320946
2020-05-12 08:42:00,-0.065720804337559
2020-05-12 08:45:00,-0.07552279364426795
2020-05-12 08:48:00,-0.03923626791186052
2020-05-12 08:51:00,-0.02309899188134068
2020-05-12 08:54:00,-0.0533638742950302
2020-05-12 08:57:00,-0.06307664277306912
2020-05-12 09:00:00,-0.07339451683435527
2020-05-12 09:03:00,-0.023420470935661797
2020-05-12 09:06:00,-0.02235549710979967
2020-05-12 09:09:00,-0.06046432281596026
2020-05-12 09:12:00,-0.07404331244765672
2020-05-12 09:15:00,0.014519938201033256
2020-05-12 09:18:00,-0.1100652952838459
2020-05-12 09:21:00,-0.06520711953095315
2020-05-12 09:24:00,0.0026745591915187106
2020-05-12 09:27:00,-0.042363166759741944
2020-05-12 09:30:00,-0.07677725554765402
2020-05-12 09:33:00,-0.11378532822283205
2020-05-12 09:36:00,-0.06381861184803483
2020-05-12 09:39:00,-0.16921093786709207
2020-05-12 09:42:00,-0.07637260056122841
2020-05-12 09:45:00,-0.028123874495463497
2020-05-12 09:48:00,-0.12217901242809148
2020-05-12 09:51:00,-0.20823565076199202
2020-05-12 09:54:00,-0.17684347441257842
2020-05-12 09:57:00,-0.08081676017292239
2020-05-12 10:00:00,-0.1815066477515188
2020-05-12 10:03:00,-0.13809458148460863
2020-05-12 10:06:00,-0.2117706137917139
2020-05-12 10:09:00,-0.18076556801224797
2020-05-12 10:12:00,-0.08754675424677316
2020-05-12 10:15:00,-0.22462296333759468
2020-05-12 10:18:00,-0.1307005804436585
2020-05-12 10:21:00,-0.17201211264790572
2020-05-12 10:24:00,-0.2157225875887434
2020-05-12 10:27:00,-0.18873772754426454
2020-05-12 10:30:00,-0.16168975175952482
2020-05-12 10:33:00,-0.20903519442850893
2020-05-12 10:36:00,-0.19030431327718134
2020-05-12 10:39:00,-0.16007127794802045
2020-05-12 10:42:00,-0.13990590905092404
2020-05-12 10:45:00,-0.054924717120400146
2020-05-12 10:48:00,-0.08017587712942031
2020-05-12 10:51:00,-0.10062674396095872
2020-05-12 10:54:00,-0.0333868673274651
2020-05-12 10:57:00,0.053914661606256686
2020-05-12 11:00:00,-0.046080367798424504
2020-05-12 11:03:00,-0.07287298538420828
2020-05-12 11:06:00,-0.12380326030364586
2020-05-12 11:09:00,-0.03900830400607447
2020-05-12 11:12:00,-0.08991527903742735
2020-05-12 11:15:00,-0.14039563805567923
2020-05-12 11:18:00,-0.1164149332249167
2020-05-12 11:21:00,-0.25883956867210145
2020-05-12 11:24:00,-0.12158965734789717
2020-05-12 11:27:00,-0.23492494951250364
2020-05-12 11:30:00,-0.20030563640347054
2020-05-12 11:33:00,-0.20573835507570948
2020-05-12 11:36:00,-0.35502318619211337
2020-05-12 11:39:00,-0.2893980061971888
2020-05-12 11:42:00,-0.2135946468383736
2020-05-12 11:45:00,-0.30888830325778827
2020-05-12 11:48:00,-0.22604152277756384
2020-05-12 11:51:00,-0.27741596560127846
2020-05-12 11:54:00,-0.2398042901467079
2020-05-12 11:57:00,-0.2122638828889194
2020-05-12 12:00:00,-0.18004636993293843
2020-05-12 12:03:00,-0.23928259814709918
2020-05-12 12:06:00,-0.20987606349046928
2020-05-12 12:09:00,-0.14414717430884139
2020-05-12 12:12:00,-0.09770203712304237
2020-05-12 12:15:00,-0.11345348378137032
2020-05-12 12:18:00,-0.1455967443060331
2020-05-12 12:21:00,-0.18531637510756127
2020-05-12 12:24:00,-0.07144145852998918
2020-05-12 12:27:00,-0.055989475996454985
2020-05-12 12:30:00,-0.24227898898379863
2020-05-12 12:33:00,-0.16826442372320116
2020-05-12 12:36:00,-0.17430046696591717
2020-05-12 12:39:00,-0.23581311759932078
2020-05-12 12:42:00,-0.2991054377762339
2020-05-12 12:45:00,-0.17038139432258959
2020-05-12 12:48:00,-0.2775730073699947
2020-05-12 12:51:00,-0.366586116984422
2020-05-12 12:54:00,-0.27944278739073525
2020-05-12 12:57:00,-0.2638693385922579
2020-05-12 13:00:00,-0.29954741785547867
2020-05-12 13:03:00,-0.2884609719782816
2020-05-12 13:06:00,-0.3399288050699738
2020-05-12 13:09:00,-0.28547191623403023
2020-05-12 13:12:00,-0.37666086659157827
2020-05-12 13:15:00,-0.3756877751259253
2020-05-12 13:18:00,-0.3864707914668202
2020-05-12 13:21:00,-0.3057712222613418
2020-05-12 13:24:00,-0.27712187402818245
2020-05-12 13:27:00,-0.3732542712514828
2020-05-12 13:30:00,-0.38969629909263404
2020-05-12 13:33:00,-0.3822835939669744
2020-05-12 13:36:00,-0.389895298693375
2020-05-12 13:39:00,-0.28230345859390127
2020-05-12 13:42:00,-0.2603750525564692
2020-05-12 13:45:00,-0.3388657465819165
2020-05-12 13:48:00,-0.3508238235664294
2020-05-12 13:51:00,-0.29280929632699326
2020-05-12 13:54:00,-0.3388662015436239
2020-05-12 13:57:00,-0.34181713282180226
2020-05-12 14:00:00,-0.356818173363763
2020-05-12 14:03:00,-0.351611511739236
2020-05-12 14:06:00,-0.35599726911590324
2020-05-12 14:09:00,-0.3370228944974656
2020-05-12 14:12:00,-0.28078674398619796
2020-05-12 14:15:00,-0.32400623169905884
2020-05-12 14:18:00,-0.3665516032589835
2020-05-12 14:21:00,-0.3133063425954674
2020-05-12 14:24:00,-0.2890179469393388
2020-05-12 14:27:00,-0.34930274097246183
2020-05-12 14:30:00,-0.3107100698161389
2020-05-12 14:33:00,-0.24522333319106338
2020-05-12 14:36:00,-0.260560143259454
2020-05-12 14:39:00,-0.3533290651149059
2020-05-12 14:42:00,-0.23868110518856156
2020-05-12 14:45:00,-0.31993662404192946
2020-05-12 14:48:00,-0.3231025207578
2020-05-12 14:51:00,-0.28901499695120947
2020-05-12 14:54:00,-0.35209632201014074
2020-05-12 14:57:00,-0.27005395792502895
2020-05-12 15:00:00,-0.37611341895490114
2020-05-12 15:03:00,-0.3162482070805481
2020-05-12 15:06:00,-0.3567290938361225
2020-05-12 15:09:00,-0.3560297900026512
2020-05-12 15:12:00,-0.39156270921586156
2020-05-12 15:15:00,-0.37615703929861866
2020-05-12 15:18:00,-0.3437553590141533
2020-05-12 15:21:00,-0.2375631851159028
2020-05-12 15:24:00,-0.4571245591610591
2020-05-12 15:27:00,-0.40495488212650343
2020-05-12 15:30:00,-0.41679171375147916
2020-05-12 15:33:00,-0.2914762128033317
2020-05-12 15:36:00,-0.40575923362217736
2020-05-12 15:39:00,-0.4134475555385393
2020-05-12 15:42:00,-0.47331172853046155
2020-05-12 15:45:00,-0.35967931674576903
2020-05-12 15:48:00,-0.3999471124963634
2020-05-12 15:51:00,-0.4142252838998388
2020-05-12 15:54:00,-0.5121728809311321
2020-05-12 15:57:00,-0.320175117334486
2020-05-12 16:00:00,-0.2393799829575869
2020-05-12 16:03:00,-0.3500731034262117
2020-05-12 16:06:00,-0.34945082830950014
2020-05-12 16:09:00,-0.3582091048595544
2020-05-12 16:12:00,-0.2827519985768845
2020-05-12 16:15:00,-0.22678713043825383
2020-05-12 16:18:00,-0.25529767439007856
2020-05-12 16:21:00,-0.30782793434832456
2020-05-12 16:24:00,-0.22217029220934137
2020-05-12 16:27:00,-0.27256806226057506
2020-05-12 16:30:00,-0.27107298278565395
2020-05-12 16:33:00,-0.2093086950872589
2020-05-12 16:36:00,-0.26563660443628123
2020-05-12 16:39:00,-0.22613087187994552
2020-05-12 16:42:00,-0.09245395211985397
2020-05-12 16:45:00,-0.10960685330456954
2020-05-12 16:48:00,-0.2237311184096029
2020-05-12 16:51:00,-0.1984792160227471
2020-05-12 16:54:00,-0.09712016319411987
2020-05-12 16:57:00,-0.171726868163546
2020-05-12 17:00:00,-0.1973272128274175
2020-05-12 17:03:00,-0.1593668284909313
2020-05-12 17:06:00,-0.19204895235748154
2020-05-12 17:09:00,-0.21703419525397294
2020-05-12 17:12:00,-0.07245182739211486
2020-05-12 17:15:00,-0.05231804299194209
2020-05-12 17:18:00,-0.146226272048807
2020-05-12 17:21:00,-0.2275406686186443
2020-05-12 17:24:00,-0.27469864669512845
2020-05-12 17:27:00,-0.12860953855476964
2020-05-12 17:30:00,-0.21482588206589526
2020-05-12 17:33:00,-0.1275171651382152
2020-05-12 17:36:00,-0.2185014544836008
2020-05-12 17:39:00,-0.1957764198104428
2020-05-12 17:42:00,-0.21660188927603485
2020-05-12 17:45:00,-0.06684766681144083
2020-05-12 17:48:00,-0.1851689459347199
2020-05-12 17:51:00,-0.09711911388006911
2020-05-12 17:54:00,-0.019730756388128157
2020-05-12 17:57:00,-0.2414297823806919
2020-05-12 18:00:00,0.011770297593329815
2020-05-12 18:03:00,-0.017236793003860384
2020-05-12 18:06:00,-0.08966217317754399
2020-05-12 18:09:00,0.059921922765511226
2020-05-12 18:12:00,0.021981742822731576
2020-05-12 18:15:00,0.0018045963396957632
2020-05-12 18:18:00,0.1577299325146555
2020-05-12 18:21:00,0.05140854506095138
2020-05-12 18:24:00,-0.011862878244869535
2020-05-12 18:27:00,0.04661656589212271
2020-05-12 18:30:00,-0.05838106498765683
2020-05-12 18:33:00,-0.06162443690635655
2020-05-12 18:36:00,-0.1673998724108401
2020-05-12 18:39:00,-0.08594224518316196
2020-05-12 18:42:00,0.017672506902727037
2020-05-12 18:45:00,0.0004120500120734505
2020-05-12 18:48:00,0.0172479756984103
2020-05-12 18:51:00,-0.15573152800408252
2020-05-12 18:54:00,
2020-05-12 18:57:00,
2020-05-12 19:00:00,
2020-05-12 19:03:00,-0.03432894181815982
2020-05-12 19:06:00,0.016389104069162386
2020-05-12 19:09:00,-0.03428735673099936
2020-05-12 19:12:00,-0.038407913956120865
2020-05-12 19:15:00,0.019739831179379053
2020-05-12 19:18:00,-0.07345156602923453
2020-05-12 19:21:00,-0.025801130099580405
2020-05-12 19:24:00,-0.06060593379083912
2020-05-12 19:27:00,0.008713039502652009
2020-05-12 19:30:00,0.04632720749867758
2020-05-12 19:33:00,-0.0155829449297471
2020-05-12 19:36:00,-0.08529270181827542
2020-05-12 19:39:00,-0.08234386344480527
2020-05-12 19:42:00,-0.16128616617152147
2020-05-12 19:45:00,-0.10991311992330566
2020-05-12 19:48:00,-0.10424424120856202
2020-05-12 19:51:00,0.061905007694292635
2020-05-12 19:54:00,-0.07068333872462063
2020-05-12 19:57:00,-0.14512098931061246
2020-05-12 20:00:00,-0.04091523196251501
2020-05-12 20:03:00,-0.061180241744409614
2020-05-12 20:06:00,-0.11567587102729249
2020-05-12 20:09:00,0.008508639004162433
2020-05-12 20:12:00,-0.16098331646497854
2020-05-12 20:15:00,-0.09552262508492504
2020-05-12 20:18:00,-0.1322149464445488
2020-05-12 20:21:00,-0.061800931205141296
2020-05-12 20:24:00,-0.0429218840545218
2020-05-12 20:27:00,-0.10008363417534838
2020-05-12 20:30:00,-0.057833839331522086
2020-05-12 20:33:00,-0.04428824034079071
2020-05-12 20:36:00,-0.039859512219038606
2020-05-12 20:39:00,0.10248016672932181
2020-05-12 20:42:00,-0.0335389976248166
2020-05-12 20:45:00,0.071325599803572
2020-05-12 20:48:00,0.021725569484033258
2020-05-12 20:51:00,0.0035946463279969976
2020-05-12 20:54:00,0.0028764811902988185
2020-05-12 20:57:00,-0.04263455010368489
2020-05-12 21:00:00,0.05288344783798493
2020-05-12 21:03:00,-0.01152363429793013
2020-05-12 21:06:00,-0.09325189094590769
2020-05-12 21:09:00,-0.0780536981262685
2020-05-12 21:12:00,-0.013244803455336296
2020-05-12 21:15:00,-0.03473058532227924
2020-05-12 21:18:00,-0.09516289904740916
2020-05-12 21:21:00,-0.06097655549160663
2020-05-12 21:24:00,0.000516842191473188
2020-05-12 21:27:00,-0.011691323466152426
2020-05-12 21:30:00,-0.06433907053042276
2020-05-12 21:33:00,-0.12362313164015859
2020-05-12 21:36:00,-0.08655520239796033
2020-05-12 21:39:00,0.06385931033105408
2020-05-12 21:42:00,0.11079778162644516
2020-05-12 21:45:00,0.005001624880264899
2020-05-12 21:48:00,0.03498614843800851
2020-05-12 21:51:00,-0.03937557164539385
2020-05-12 21:54:00,-0.04274434391442128
2020-05-12 21:57:00,-0.03895414184188439
2020-05-12 22:00:00,0.025237828732997514
2020-05-12 22:03:00,-0.07607087292018377
2020-05-12 22:06:00,-0.0369149260282029
2020-05-12 22:09:00,-0.021084681012268902
2020-05-12 22:12:00,-0.026887315198848682
2020-05-12 22:15:00,0.08109317714456665
2020-05-12 22:18:00,0.11530137192255552
2020-05-12 22:21:00,0.038798262167176745
2020-05-12 22:24:00,0.004815474933764108
2020-05-12 22:27:00,0.2048176381509279
2020-05-12 22:30:00,0.11260443869940673
2020-05-12 22:33:00,0.13365766790963107
2020-05-12 22:36:00,0.19664928705020657
2020-05-12 22:39:00,0.2947116378575174
2020-05-12 22:42:00,0.34781062241347627
2020-05-12 22:45:00,0.43759976839942283
2020-05-12 22:48:00,0.3764807877503813
2020-05-12 22:51:00,0.45356019380261614
2020-05-12 22:54:00,0.3839559660821692
2020-05-12 22:57:00,0.3159012923160276
2020-05-12 23:00:00,0.297742194677312
2020-05-12 23:03:00,0.3221023899101283
2020-05-12 23:06:00,0.23827706532784987
2020-05-12 23:09:00,0.13435338289156107
2020-05-12 23:12:00,0.14940536022925244
2020-05-12 23:15:00,0.16813499573157742
2020-05-12 23:18:00,0.07554831403018625
2020-05-12 23:21:00,0.09330816198018965
2020-05-12 23:24:00,0.045811801968852706
2020-05-12 23:27:00,0.059961844998781544
2020-05-12 23:30:00,0.13239208436260697
2020-05-12 23:33:00,0.025798094963533913
2020-05-12 23:36:00,0.2054765454370795
2020-05-12 23:39:00,0.03395128996743324
2020-05-12 23:42:00,0.08510876428772463
2020-05-12 23:45:00,0.13039000363261266
2020-05-12 23:48:00,0.1664613294915398
2020-05-12 23:51:00,0.4958947261291087
2020-05-12 23:54:00,0.20172823629008008
2020-05-12 23:57:00,0.2970744067786768
2020-05-13 00:00:00,0.40288383426695873
2020-05-13 00:03:00,0.16978771885681
2020-05-13 00:06:00,0.1666624227666489
2020-05-13 00:09:00,0.18732626378471195
2020-05-13 00:12:00,0.24817644711896492
2020-05-13 00:15:00,0.2738665427334013
2020-05-13 00:18:00,0.42584901593107816
2020-05-13 00:21:00,0.4605357577855216
2020-05-13 00:24:00,0.3343611000707938
2020-05-13 00:27:00,0.418897575410881
2020-05-13 00:30:00,0.38318762800332706
2020-05-13 00:33:00,0.4831954475757243
2020-05-13 00:36:00,0.5853676376834756
2020-05-13 00:39:00,0.5734087927224891
2020-05-13 00:42:00,0.5506058255825792
2020-05-13 00:45:00,0.43456879966873885
2020-05-13 00:48:00,0.27964269525728014
2020-05-13 00:51:00,0.2074027954433859
2020-05-13 00:54:00,0.29344040394494186
2020-05-13 00:57:00,0.3850369459096896
2020-05-13 01:00:00,0.2516219166629412
2020-05-13 01:03:00,0.3850567986978035
2020-05-13 01:06:00,0.2863431761556967
2020-05-13 01:09:00,0.30985449060318615
2020-05-13 01:12:00,0.3111540147526739
2020-05-13 01:15:00,0.26208070157082375
2020-05-13 01:18:00,0.28583723546421425
2020-05-13 01:21:00,0.2534018381703049
2020-05-13 01:24:00,0.2618075646144007
2020-05-13 01:27:00,0.30728768158741104
2020-05-13 01:30:00,0.3370222052596432
2020-05-13 01:33:00,0.25119470648758124
2020-05-13 01:36:00,0.317501550064776
2020-05-13 01:39:00,0.30599899933736197
2020-05-13 01:42:00,0.316770712199002
2020-05-13 01:45:00,0.3275552802429047
2020-05-13 01:48:00,0.34858160853593745
2020-05-13 01:51:00,0.37028883354821573
2020-05-13 01:54:00,0.26613334498046015
2020-05-13 01:57:00,0.38929890361708885
2020-05-13 02:00:00,0.38435806845774323
2020-05-13 02:03:00,0.3617680598005677
2020-05-13 02:06:00,0.3562278214846515
2020-05-13 02:09:00,0.381589638497303
2020-05-13 02:12:00,0.31939801780578136
2020-05-13 02:15:00,0.3922092108085735
2020-05-13 02:18:00,0.29561236891993303
2020-05-13 02:21:00,0.33919736908751474
2020-05-13 02:24:00,0.34858493106241895
2020-05-13 02:27:00,0.37676169615934896
2020-05-13 02:30:00,0.33039742646343484
2020-05-13 02:33:00,0.37179506510636884
2020-05-13 02:36:00,0.32178096477764484
2020-05-13 02:39:00,0.32998402450050435
2020-05-13 02:42:00,0.42350603336041104
2020-05-13 02:45:00,0.38002421737905934
2020-05-13 02:48:00,0.3086652457226364
2020-05-13 02:51:00,0.24311799600627637
2020-05-13 02:54:00,0.30380055012614093
2020-05-13 02:57:00,0.3687173433996236
2020-05-13 03:00:00,0.37783897427635793
2020-05-13 03:03:00,0.3143735930672733
2020-05-13 03:06:00,0.2884449477760427
2020-05-13 03:09:00,0.33129362088766356
2020-05-13 03:12:00,0.34035123595475625
2020-05-13 03:15:00,0.3207830576463948
2020-05-13 03:18:00,0.28417062185570785
2020-05-13 03:21:00,0.22251608183120197
2020-05-13 03:24:00,0.2865037083359425
2020-05-13 03:27:00,0.25458150706697324
2020-05-13 03:30:00,0.3083787119288104
2020-05-13 03:33:00,0.294820560501762
2020-05-13 03:36:00,0.2754381531534591
2020-05-13 03:39:00,0.26682593070705707
2020-05-13 03:42:00,0.282802989699519
2020-05-13 03:45:00,0.33650734061319554
2020-05-13 03:48:00,0.2029924425053764
2020-05-13 03:51:00,0.3367804186962644
2020-05-13 03:54:00,0.26813516194681597
2020-05-13 03:57:00,0.27385608925902716
2020-05-13 04:00:00,0.25604321302427024
2020-05-13 04:03:00,0.22314557394946632
2020-05-13 04:06:00,0.3044552213036127
2020-05-13 04:09:00,0.3021896498619867
2020-05-13 04:12:00,0.32684491542630667
2020-05-13 04:15:00,0.31312028702438965
2020-05-13 04:18:00,0.2852651702850153
2020-05-13 04:21:00,0.2770182793842082
2020-05-13 04:24:00,0.3902780318043142
2020-05-13 04:27:00,0.26807885050584446
2020-05-13 04:30:00,0.3650775949060403
2020-05-13 04:33:00,0.3253488906399866
2020-05-13 04:36:00,0.2964465463656438
2020-05-13 04:39:00,0.24995737550824515
2020-05-13 04:42:00,0.3387093273516939
2020-05-13 04:45:00,0.30480798249021746
2020-05-13 04:48:00,0.2686530616246614
2020-05-13 04:51:00,0.34870525333280966
2020-05-13 04:54:00,0.27729938026544687
2020-05-13 04:57:00,0.27716410341673736
2020-05-13 05:00:00,0.3490024980065982
2020-05-13 05:03:00,0.337209530912844
2020-05-13 05:06:00,0.34358889299932116
2020-05-13 05:09:00,0.3543765352235937
2020-05-13 05:12:00,0.2836351979941014
2020-05-13 05:15:00,0.2984279037186184
2020-05-13 05:18:00,0.34474937109376924
2020-05-13 05:21:00,0.30869842896078126
2020-05-13 05:24:00,0.2487577591219292
2020-05-13 05:27:00,0.3489217758050245
2020-05-13 05:30:00,0.38362367102456574
2020-05-13 05:33:00,0.2589092949516498
2020-05-13 05:36:00,0.2895309745559871
2020-05-13 05:39:00,0.3301014091643424
2020-05-13 05:42:00,0.24769534528394388
2020-05-13 05:45:00,0.31150988531680923
2020-05-13 05:48:00,0.3639072922650257
2020-05-13 05:51:00,0.2595818345902785
2020-05-13 05:54:00,0.2493067489743339
2020-05-13 05:57:00,0.3605903585601027
2020-05-13 06:00:00,0.2777598309674545
2020-05-13 06:03:00,0.2856631486325796
2020-05-13 06:06:00,0.30956866119612414
2020-05-13 06:09:00,0.2493449740111373
2020-05-13 06:12:00,0.2034860065048747
2020-05-13 06:15:00,0.25634148561789516
2020-05-13 06:18:00,0.20132972788093184
2020-05-13 06:21:00,0.4002437588663952
2020-05-13 06:24:00,0.2805876559098124
2020-05-13 06:27:00,0.3816259992099731
2020-05-13 06:30:00,0.29513979624050535
2020-05-13 06:33:00,0.29197956875214004
2020-05-13 06:36:00,0.21083368080832088
2020-05-13 06:39:00,0.31837897069681276
2020-05-13 06:42:00,0.19594088909019547
2020-05-13 06:45:00,0.22601597485225966
2020-05-13 06:48:00,0.2818984204214985
2020-05-13 06:51:00,0.31421315680074713
2020-05-13 06:54:00,0.2378242682536893
2020-05-13 06:57:00,0.26237173691799853
2020-05-13 07:00:00,0.248976956249237
2020-05-13 07:03:00,0.32230712811502826
2020-05-13 07:06:00,0.36847214458509825
2020-05-13 07:09:00,0.24601090080966515
2020-05-13 07:12:00,0.17728835157532785
2020-05-13 07:15:00,0.23010290225209928
2020-05-13 07:18:00,0.2243124814865496
2020-05-13 07:21:00,0.19807746730225517
2020-05-13 07:24:00,0.2727638782931763
2020-05-13 07:27:00,0.20151434441999072
2020-05-13 07:30:00,0.22505999380621233
2020-05-13 07:33:00,0.2762543071174264
2020-05-13 07:36:00,0.18735423772551485
2020-05-13 07:39:00,0.1700409026547618
2020-05-13 07:42:00,0.2020981723234172
2020-05-13 07:45:00,0.19414825252061974
2020-05-13 07:48:00,0.19123270727141062
2020-05-13 07:51:00,0.14096479658962835
2020-05-13 07:54:00,0.161051115834141
2020-05-13 07:57:00,0.20994717940652663
2020-05-13 08:00:00,0.14413389893627482
2020-05-13 08:03:00,0.1599655090850547
2020-05-13 08:06:00,0.23245362791914204
2020-05-13 08:09:00,0.23465602635934601
2020-05-13 08:12:00,0.1630107054409109
2020-05-13 08:15:00,0.20626161652046449
2020-05-13 08:18:00,0.18823886301231596
2020-05-13 08:21:00,0.11506097855544795
2020-05-13 08:24:00,0.2100884486015957
2020-05-13 08:27:00,0.1818983625506121
2020-05-13 08:30:00,0.1198065098987513
2020-05-13 08:33:00,0.18350171968506857
2020-05-13 08:36:00,0.2118052176014089
2020-05-13 08:39:00,0.18731512285171448
2020-05-13 08:42:00,0.2097114960455997
2020-05-13 08:45:00,0.20434032691048287
2020-05-13 08:48:00,0.29485072974284776
2020-05-13 08:51:00,0.2188222314011341
2020-05-13 08:54:00,0.25200101132190866
2020-05-13 08:57:00,0.3585660612089896
2020-05-13 09:00:00,0.4527843706518979
2020-05-13 09:03:00,0.31777541514401264
2020-05-13 09:06:00,0.24103789665139175
2020-05-13 09:09:00,0.19017470585009733
2020-05-13 09:12:00,0.3458286138454696
2020-05-13 09:15:00,0.15385389995537935
2020-05-13 09:18:00,0.14978723293114626
2020-05-13 09:21:00,0.19816510225666661
2020-05-13 09:24:00,0.1433752050367616
2020-05-13 09:27:00,0.21854664829811554
2020-05-13 09:30:00,0.4056081557571929
2020-05-13 09:33:00,0.4542410841773403
2020-05-13 09:36:00,0.286296215988159
2020-05-13 09:39:00,0.18413012865630662
2020-05-13 09:42:00,0.01781373574669942
2020-05-13 09:45:00,0.08596522763605208
2020-05-13 09:48:00,0.14758239219383995
2020-05-13 09:51:00,0.19651478202627004
2020-05-13 09:54:00,0.15272197642769925
2020-05-13 09:57:00,0.10181000440815069
2020-05-13 10:00:00,0.1147282863217356
2020-05-13 10:03:00,0.113343260324541
2020-05-13 10:06:00,0.041696268587600116
2020-05-13 10:09:00,0.17992153681069567
2020-05-13 10:12:00,0.11989937696301922
2020-05-13 10:15:00,0.11169721735751637
2020-05-13 10:18:00,0.05698102792979398
2020-05-13 10:21:00,0.00993756859406858
2020-05-13 10:24:00,0.101018523089067
2020-05-13 10:27:00,0.11015419514802716
2020-05-13 10:30:00,0.023102680827662425
2020-05-13 10:33:00,0.011111568520448145
2020-05-13 10:36:00,0.04663597348513804
2020-05-13 10:39:00,0.012175790811170373
2020-05-13 10:42:00,0.008856920775031085
2020-05-13 10:45:00,-0.06020497113649981
2020-05-13 10:48:00,-0.09025976986902151
2020-05-13 10:51:00,-0.12282456770958561
2020-05-13 10:54:00,-0.13216242349506047
2020-05-13 10:57:00,-0.07002918136413427
2020-05-13 11:00:00,-0.06362608467168229
2020-05-13 11:03:00,-0.07020492292684821
2020-05-13 11:06:00,-0.17246317091695573
2020-05-13 11:09:00,-0.030646573366482244
2020-05-13 11:12:00,-0.10914797802274734
2020-05-13 11:15:00,-0.08415466301045171
2020-05-13 11:18:00,-0.14739823363623827
2020-05-13 11:21:00,-0.12827350650661629
2020-05-13 11:24:00,-0.14357688787941925
2020-05-13 11:27:00,-0.21150805725119426
2020-05-13 11:30:00,-0.19990603431085674
2020-05-13 11:33:00,-0.08336458612245679
2020-05-13 11:36:00,-0.11749254763492445
2020-05-13 11:39:00,-0.021135919326411567
2020-05-13 11:42:00,-0.08794184403114969
2020-05-13 11:45:00,-0.11970667859657169
2020-05-13 11:48:00,-0.23851710449275743
2020-05-13 11:51:00,-0.17226583993686972
2020-05-13 11:54:00,-0.20539387902539374
2020-05-13 11:57:00,-0.19638631469769052
2020-05-13 12:00:00,-0.1601414797336247
2020-05-13 12:03:00,-0.28865996549609463
2020-05-13 12:06:00,-0.22480943107501616
2020-05-13 12:09:00,-0.28878738373458646
2020-05-13 12:12:00,-0.19573179532625318
2020-05-13 12:15:00,-0.12978975039413854
2020-05-13 12:18:00,-0.27482164627804195
2020-05-13 12:21:00,-0.23891611533406376
2020-05-13 12:24:00,-0.20497143512602634
2020-05-13 12:27:00,-0.20838016063424902
2020-05-13 12:30:00,-0.2294708252523492
2020-05-13 12:33:00,-0.21205837479152478
2020-05-13 12:36:00,-0.3838702070249269
2020-05-13 12:39:00,-0.3189394481248655
2020-05-13 12:42:00,-0.291895736701008
2020-05-13 12:45:00,-0.16124825280775212
2020-05-13 12:48:00,-0.24334393130266108
2020-05-13 12:51:00,-0.2803845074416813
2020-05-13 12:54:00,-0.3173500489775165
2020-05-13 12:57:00,-0.36653844864599705
2020-05-13 13:00:00,-0.3383708175402944
2020-05-13 13:03:00,-0.3963647101500669
2020-05-13 13:06:00,-0.27749477470331385
2020-05-13 13:09:00,-0.3083730890705283
2020-05-13 13:12:00,-0.2929130071313466
2020-05-13 13:15:00,-0.3236421028195764
2020-05-13 13:18:00,-0.34032320392151405
2020-05-13 13:21:00,-0.3847539396073216
2020-05-13 13:24:00,-0.39035064743757175
2020-05-13 13:27:00,-0.46353001231142343
2020-05-13 13:30:00,-0.3755219104311891
2020-05-13 13:33:00,-0.4514548732499861
2020-05-13 13:36:00,-0.30972713169592225
2020-05-13 13:39:00,-0.3391948749023186
2020-05-13 13:42:00,-0.28225065421816
2020-05-13 13:45:00,-0.2834280555067039
2020-05-13 13:48:00,-0.3596495814699665
2020-05-13 13:51:00,-0.2541318307834217
2020-05-13 13:54:00,-0.34017485358776867
2020-05-13 13:57:00,-0.35015080172615853
2020-05-13 14:00:00,-0.30060797353240787
2020-05-13 14:03:00,-0.37304427177599564
2020-05-13 14:06:00,-0.3958674955521815
2020-05-13 14:09:00,-0.3076414400231329
2020-05-13 14:12:00,-0.3276271409339415
2020-05-13 14:15:00,-0.31495405075912686
2020-05-13 14:18:00,-0.338814182769795
2020-05-13 14:21:00,-0.3989445656496855
2020-05-13 14:24:00,-0.263702275931621
2020-05-13 14:27:00,-0.29525384625878814
2020-05-13 14:30:00,-0.35859998132241344
2020-05-13 14:33:00,-0.3206427534304339
2020-05-13 14:36:00,-0.27664387218590036
2020-05-13 14:39:00,-0.30518053089787145
2020-05-13 14:42:00,-0.26508360166553757
2020-05-13 14:45:00,-0.20690894864469556
2020-05-13 14:48:00,-0.3364543853125497
2020-05-13 14:51:00,-0.28377641802336484
2020-05-13 14:54:00,-0.3345951417864512
2020-05-13 14:57:00,-0.2967271358085668
2020-05-13 15:00:00,-0.2780004127347411
2020-05-13 15:03:00,-0.3375799858151254
2020-05-13 15:06:00,-0.34178063870558617
2020-05-13 15:09:00,-0.34795506682780797
2020-05-13 15:12:00,-0.2983036150855014
2020-05-13 15:15:00,-0.26954036148441674
2020-05-13 15:18:00,-0.42632873955909645
2020-05-13 15:21:00,-0.34032040968679667
2020-05-13 15:24:00,-0.2930145512113995
2020-05-13 15:27:00,-0.37606095699487696
2020-05-13 15:30:00,-0.49590275556704455
2020-05-13 15:33:00,-0.295192902039048
2020-05-13 15:36:00,-0.4274057421458224
2020-05-13 15:39:00,-0.2865588886540422
2020-05-13 15:42:00,-0.37621294700295493
2020-05-13 15:45:00,-0.4214970535147131
2020-05-13 15:48:00,-0.39155005239848606
2020-05-13 15:51:00,-0.45228412507378835
2020-05-13 15:54:00,-0.37683248431284255
2020-05-13 15:57:00,-0.2977728362388916
2020-05-13 16:00:00,-0.4625164319643318
2020-05-13 16:03:00,-0.4450533578442446
2020-05-13 16:06:00,-0.4226564574274221
2020-05-13 16:09:00,-0.40590207768298114
2020-05-13 16:12:00,-0.5085842887611989
2020-05-13 16:15:00,-0.44009693565953967
2020-05-13 16:18:00,-0.4117144812370839
2020-05-13 16:21:00,-0.44711252965089443
2020-05-13 16:24:00,-0.30637525787210507
2020-05-13 16:27:00,-0.43611752568210704
2020-05-13 16:30:00,-0.33687165505511985
2020-05-13 16:33:00,-0.28290523954490254
2020-05-13 16:36:00,-0.3860165644040876
2020-05-13 16:39:00,-0.382860988025584
2020-05-13 16:42:00,-0.38152880475934126
2020-05-13 16:45:00,-0.3986604525850339
2020-05-13 16:48:00,-0.3315244441836285
2020-05-13 16:51:00,-0.34910855294265275
2020-05-13 16:54:00,-0.26911587018838645
2020-05-13 16:57:00,-0.3390608221083653
2020-05-13 17:00:00,-0.2635640485306112
2020-05-13 17:03:00,-0.28848338358682213
2020-05-13 17:06:00,-0.34151550896126537
2020-05-13 17:09:00,-0.3704626192174487
2020-05-13 17:12:00,-0.31605017458741713
2020-05-13 17:15:00,-0.2665334540751587
2020-05-13 17:18:00,-0.2564401564920331
2020-05-13 17:21:00,-0.30523576931221896
2020-05-13 17:24:00,-0.2753126162385229
2020-05-13 17:27:00,-0.23613261802603347
2020-05-13 17:30:00,-0.3211258178490084
2020-05-13 17:33:00,-0.2038970280574972
2020-05-13 17:36:00,-0.22837033194031164
2020-05-13 17:39:00,-0.3322204859009048
2020-05-13 17:42:00,-0.26989130795283245
2020-05-13 17:45:00,-0.33313041356979056
2020-05-13 17:48:00,-0.2657782708008085
2020-05-13 17:51:00,-0.253233523804397
2020-05-13 17:54:00,-0.290260538001462
2020-05-13 17:57:00,-0.1456314503250269
2020-05-13 18:00:00,-0.08325161023191185
2020-05-13 18:03:00,-0.2267100179838053
2020-05-13 18:06:00,-0.23802342950966704
2020-05-13 18:09:00,-0.16665092979769724
2020-05-13 18:12:00,-0.23090275738286437
2020-05-13 18:15:00,-0.217442216714403
2020-05-13 18:18:00,-0.18408174633822227
2020-05-13 18:21:00,-0.10782992416648085
2020-05-13 18:24:00,-0.05761199574629927
2020-05-13 18:27:00,-0.23628089749990977
2020-05-13 18:30:00,-0.1824968788354795
2020-05-13 18:33:00,-0.23565352116077065
2020-05-13 18:36:00,-0.18193071503299052
2020-05-13 18:39:00,-0.13536710605160351
2020-05-13 18:42:00,-0.20076246742735293
2020-05-13 18:45:00,-0.0524798495291634
2020-05-13 18:48:00,-0.12831339047124857
2020-05-13 18:51:00,-0.10651431642480702
2020-05-13 18:54:00,
2020-05-13 18:57:00,
2020-05-13 19:00:00,
2020-05-13 19:03:00,-0.02560514241662304
2020-05-13 19:06:00,-0.07882351327612014
2020-05-13 19:09:00,-0.06567868960638634
2020-05-13 19:12:00,-0.06521184476611097
2020-05-13 19:15:00,0.015452299394269176
2020-05-13 19:18:00,-0.08975814987564945
2020-05-13 19:21:00,0.0019510951094616757
2020-05-13 19:24:00,-0.054244237234286174
2020-05-13 19:27:00,-0.011971646010010772
2020-05-13 19:30:00,-0.023701985140064608
2020-05-13 19:33:00,-0.023283985407999808
2020-05-13 19:36:00,-0.10896682699308258
2020-05-13 19:39:00,-0.013684267084158819
2020-05-13 19:42:00,-0.0702871795072042
2020-05-13 19:45:00,-0.07688819933139257
2020-05-13 19:48:00,-0.04417328943247867
2020-05-13 19:51:00,-0.02057756492746421
2020-05-13 19:54:00,-0.01319637380538552
2020-05-13 19:57:00,-0.022811726518852993
2020-05-13 20:00:00,-0.0904327816583077
2020-05-13 20:03:00,0.02124302990733895
2020-05-13 20:06:00,0.01578438489787004
2020-05-13 20:09:00,0.1088574037980834
2020-05-13 20:12:00,0.11790795750789584
2020-05-13 20:15:00,0.07996938395990583
2020-05-13 20:18:00,0.12909759002485544
2020-05-13 20:21:00,-0.017316037091120506
2020-05-13 20:24:00,0.06952276229191057
2020-05-13 20:27:00,0.05210976151209934
2020-05-13 20:30:00,0.06027821851984072
2020-05-13 20:33:00,0.015096027113202126
2020-05-13 20:36:00,0.07137027581819666
2020-05-13 20:39:00,0.11011368653049658
2020-05-13 20:42:00,0.11249675801752801
2020-05-13 20:45:00,-0.002365244086433904
2020-05-13 20:48:00,0.07059370097783813
2020-05-13 20:51:00,0.04511948069034588
2020-05-13 20:54:00,-0.02437203866082882
2020-05-13 20:57:00,0.022130183739307085
2020-05-13 21:00:00,0.05862195545216764
2020-05-13 21:03:00,0.12588589926730265
2020-05-13 21:06:00,0.0023199502352326817
2020-05-13 21:09:00,0.14299926226715343
2020-05-13 21:12:00,0.049252821770721766
2020-05-13 21:15:00,0.05139441455918359
2020-05-13 21:18:00,0.11853744464008287
2020-05-13 21:21:00,0.13410237441411255
2020-05-13 21:24:00,0.10432076553070146
2020-05-13 21:27:00,0.10763641544588154
2020-05-13 21:30:00,0.043682440500219855
2020-05-13 21:33:00,0.08886986775837613
2020-05-13 21:36:00,0.029219387801958874
2020-05-13 21:39:00,0.05371207465395855
2020-05-13 21:42:00,0.0015089921097342085
2020-05-13 21:45:00,0.07835044745911546
2020-05-13 21:48:00,0.01957534358103885
2020-05-13 21:51:00,0.06781000215397626
2020-05-13 21:54:00,0.01507254846842443
2020-05-13 21:57:00,0.01266829719895668
2020-05-13 22:00:00,0.14048531368342765
2020-05-13 22:03:00,0.041573985343347886
2020-05-13 22:06:00,0.06922998490455257
2020-05-13 22:09:00,0.09998983600246447
2020-05-13 22:12:00,-0.05546218026614724
2020-05-13 22:15:00,0.018376899971087823
2020-05-13 22:18:00,0.13896101112271708
2020-05-13 22:21:00,0.035238762756023334
2020-05-13 22:24:00,0.03994800660711917
2020-05-13 22:27:00,0.09326356845855344
2020-05-13 22:30:00,0.22271269551157502
2020-05-13 22:33:00,0.05241372173969694
2020-05-13 22:36:00,0.15388913133853066
2020-05-13 22:39:00,0.17174894791696715
2020-05-13 22:42:00,0.15225201948561562
2020-05-13 22:45:00,0.05026567089061018
2020-05-13 22:48:00,0.1815004015016939
2020-05-13 22:51:00,0.12966967481764868
2020-05-13 22:54:00,0.13706417584501196
2020-05-13 22:57:00,0.10736814110259729
2020-05-13 23:00:00,0.15700734057264754
2020-05-13 23:03:00,0.07293498922734898
2020-05-13 23:06:00,0.13740834413255243
2020-05-13 23:09:00,0.048438425792369344
2020-05-13 23:12:00,0.09478723747969298
2020-05-13 23:15:00,0.1806959958859693
2020-05-13 23:18:00,0.16153657048334935
2020-05-13 23:21:00,0.19911866364952857
2020-05-13 23:24:00,0.10664593847690185
2020-05-13 23:27:00,0.06658815800886941
2020-05-13 23:30:00,0.17631838627301022
2020-05-13 23:33:00,0.17498356433048912
2020-05-13 23:36:00,0.17791290908229485
2020-05-13 23:39:00,0.20311021402858387
2020-05-13 23:42:00,0.11215825604716656
2020-05-13 23:45:00,0.119626153642173
2020-05-13 23:48:00,0.15815087126600247
2020-05-13 23:51:00,0.16053753520685632
2020-05-13 23:54:00,0.1301530471000092
2020-05-13 23:57:00,0.18867829944679215
2020-05-14 00:00:00,0.11057929181504278
2020-05-14 00:03:00,0.17145155155822067
2020-05-14 00:06:00,0.24507849026366557
2020-05-14 00:09:00,0.14816907974761762
2020-05-14 00:12:00,0.24675724487798334
2020-05-14 00:15:00,0.21378739576312
2020-05-14 00:18:00,0.14782813379343906
2020-05-14 00:21:00,0.33360913188181485
2020-05-14 00:24:00,0.1756076385543679
2020-05-14 00:27:00,0.21730734728066636
2020-05-14 00:30:00,0.1527180222490756
2020-05-14 00:33:00,0.2213797156673536
2020-05-14 00:36:00,0.1748385277803095
2020-05-14 00:39:00,0.24471116969965578
2020-05-14 00:42:00,0.21125701067029468
2020-05-14 00:45:00,0.226706943035083
2020-05-14 00:48:00,0.22188432466742825
2020-05-14 00:51:00,0.14191360726329094
2020-05-14 00:54:00,0.18437498037167188
2020-05-14 00:57:00,0.19870575401324686
2020-05-14 01:00:00,0.06770008710134334
2020-05-14 01:03:00,0.1976497417493306
2020-05-14 01:06:00,0.18340689490514706
2020-05-14 01:09:00,0.08665105769262027
2020-05-14 01:12:00,0.22096776343676083
2020-05-14 01:15:00,0.09739421201044252
2020-05-14 01:18:00,0.13603635657614177
2020-05-14 01:21:00,0.2291887000181987
2020-05-14 01:24:00,0.09247747873570233
2020-05-14 01:27:00,0.10337666599787099
2020-05-14 01:30:00,0.11793675225192146
2020-05-14 01:33:00,0.15785601607041144
2020-05-14 01:36:00,0.15896842606491646
2020-05-14 01:39:00,0.13136839255696486
2020-05-14 01:42:00,0.13110611647022097
2020-05-14 01:45:00,0.12480157237632739
2020-05-14 01:48:00,0.16642956695284283
2020-05-14 01:51:00,0.08784429892438084
2020-05-14 01:54:00,0.1521728824704951
2020-05-14 01:57:00,0.20514014554413507
2020-05-14 02:00:00,0.12459728068643017
2020-05-14 02:03:00,0.11854956371468006
2020-05-14 02:06:00,0.14843960920035215
2020-05-14 02:09:00,0.1668061713855309
2020-05-14 02:12:00,0.1791241322873134
2020-05-14 02:15:00,0.09018800766585855
2020-05-14 02:18:00,0.11136702854071245
2020-05-14 02:21:00,0.11279321797235298
2020-05-14 02:24:00,0.15863005474602687
2020-05-14 02:27:00,0.16410408650358477
2020-05-14 02:30:00,0.15264189839234632
2020-05-14 02:33:00,0.09106403283408326
2020-05-14 02:36:00,0.17684392069452315
2020-05-14 02:39:00,0.17848219045743008
2020-05-14 02:42:00,0.14331014271374443
2020-05-14 02:45:00,0.2751941201237287
2020-05-14 02:48:00,0.20820442335252665
2020-05-14 02:51:00,0.1812909667737017
2020-05-14 02:54:00,0.1827984926645172
2020-05-14 02:57:00,0.19752735874919836
2020-05-14 03:00:00,0.17436305738016245
2020-05-14 03:03:00,0.26136492391145794
2020-05-14 03:06:00,0.15472833087932258
2020-05-14 03:09:00,0.18677854977181596
2020-05-14 03:12:00,0.10601426002921244
2020-05-14 03:15:00,0.18208536502032757
2020-05-14 03:18:00,0.19456426464773813
2020-05-14 03:21:00,0.14558505201017624
2020-05-14 03:24:00,0.15735327330321525
2020-05-14 03:27:00,0.1418374107447562
2020-05-14 03:30:00,0.1543692069841427
2020-05-14 03:33:00,0.13570778092986302
2020-05-14 03:36:00,0.19402683011225008
2020-05-14 03:39:00,0.13110010873168676
2020-05-14 03:42:00,0.15670228767788785
2020-05-14 03:45:00,0.21870816659014736
2020-05-14 03:48:00,0.14612787500033164
2020-05-14 03:51:00,0.14955643081731296
2020-05-14 03:54:00,0.10065551702552966
2020-05-14 03:57:00,0.13051677847528254
2020-05-14 04:00:00,0.22518291253487632
2020-05-14 04:03:00,0.09800445840903649
2020-05-14 04:06:00,0.1863954373934007
2020-05-14 04:09:00,0.2660954030608309
2020-05-14 04:12:00,0.15179095570840673
2020-05-14 04:15:00,0.0793567097923642
2020-05-14 04:18:00,0.15978759840760404
2020-05-14 04:21:00,0.2130251559663634
2020-05-14 04:24:00,0.17355803209085252
2020-05-14 04:27:00,0.3276080923843665
2020-05-14 04:30:00,0.23892468099870712
2020-05-14 04:33:00,0.16168041889773122
2020-05-14 04:36:00,0.29407364140814707
2020-05-14 04:39:00,0.1528149098716085
2020-05-14 04:42:00,0.1532234194859825
2020-05-14 04:45:00,0.15538288646973797
2020-05-14 04:48:00,0.24377226904107374
2020-05-14 04:51:00,0.09578319136448954
2020-05-14 04:54:00,0.1744771227469073
2020-05-14 04:57:00,0.2377217208002662
2020-05-14 05:00:00,0.15976716408249558
2020-05-14 05:03:00,0.2293822765097957
2020-05-14 05:06:00,0.2626091007880973
2020-05-14 05:09:00,0.2486237312624553
2020-05-14 05:12:00,0.19507796615533834
2020-05-14 05:15:00,0.1818682351868688
2020-05-14 05:18:00,0.2541866487065363
2020-05-14 05:21:00,0.1735134457675258
2020-05-14 05:24:00,0.3505699833415292
2020-05-14 05:27:00,0.3005641849173344
2020-05-14 05:30:00,0.24028408759869535
2020-05-14 05:33:00,0.20591060140441186
2020-05-14 05:36:00,0.24384321506374818
2020-05-14 05:39:00,0.3200768440324282
2020-05-14 05:42:00,0.2248533055898747
2020-05-14 05:45:00,0.26018838172120695
2020-05-14 05:48:00,0.2093239996996772
2020-05-14 05:51:00,0.29711870726106326
2020-05-14 05:54:00,0.3053494793513778
2020-05-14 05:57:00,0.320470206987693
2020-05-14 06:00:00,0.31050285494632135
2020-05-14 06:03:00,0.2009650398911731
2020-05-14 06:06:00,0.3817604365555667
2020-05-14 06:09:00,0.3489587860186134
2020-05-14 06:12:00,0.3156515738929784
2020-05-14 06:15:00,0.4246621158899302
2020-05-14 06:18:00,0.35646737858991173
2020-05-14 06:21:00,0.3081691398728026
2020-05-14 06:24:00,0.234316757433362
2020-05-14 06:27:00,0.34767513063223987
2020-05-14 06:30:00,0.4198098588534549
2020-05-14 06:33:00,0.3370456173966545
2020-05-14 06:36:00,0.3486744675597606
2020-05-14 06:39:00,0.32680351994696366
2020-05-14 06:42:00,0.27111501808758476
2020-05-14 06:45:00,0.4031388831097047
2020-05-14 06:48:00,0.2741006998291482
2020-05-14 06:51:00,0.16892865974762117
2020-05-14 06:54:00,0.3225641652051081
2020-05-14 06:57:00,0.20507451593749693
2020-05-14 07:00:00,0.29761029681623086
2020-05-14 07:03:00,0.311041206468758
2020-05-14 07:06:00,0.2499705590144572
2020-05-14 07:09:00,0.32254523906397026
2020-05-14 07:12:00,0.25687791181809416
2020-05-14 07:15:00,0.24687839023965807
2020-05-14 07:18:00,0.29365871654266584
2020-05-14 07:21:00,0.23597830593621438
2020-05-14 07:24:00,0.22067750275039089
2020-05-14 07:27:00,0.27095731098285114
2020-05-14 07:30:00,0.2658664831884039
2020-05-14 07:33:00,0.28057812876903654
2020-05-14 07:36:00,0.25284230419691767
2020-05-14 07:39:00,0.2755698788441805
2020-05-14 07:42:00,0.19459359645571794
2020-05-14 07:45:00,0.11137429459370196
2020-05-14 07:48:00,0.1495931461097939
2020-05-14 07:51:00,0.23504750577438926
2020-05-14 07:54:00,0.18259635736558266
2020-05-14 07:57:00,0.11791419520250201
2020-05-14 08:00:00,0.05544968675559403
2020-05-14 08:03:00,0.07286337548197253
2020-05-14 08:06:00,0.1476612158817261
2020-05-14 08:09:00,0.1691388933612643
2020-05-14 08:12:00,0.12589654231970826
2020-05-14 08:15:00,0.17030396416203075
2020-05-14 08:18:00,0.1492464451338833
2020-05-14 08:21:00,0.2306957855733458
2020-05-14 08:24:00,0.06524650280312017
2020-05-14 08:27:00,0.18318986705077123
2020-05-14 08:30:00,0.017754753554584113
2020-05-14 08:33:00,0.03684806582981537
2020-05-14 08:36:00,0.09904489805745698
2020-05-14 08:39:00,0.06102443921383838
2020-05-14 08:42:00,0.052802042676546534
2020-05-14 08:45:00,-0.0024400813240958996
2020-05-14 08:48:00,0.0841660601859644
2020-05-14 08:51:00,0.06507262020539883
2020-05-14 08:54:00,0.013656843430339904
2020-05-14 08:57:00,0.023746255726734944
2020-05-14 09:00:00,-0.09458148028647884
2020-05-14 09:03:00,-0.08180743484746245
2020-05-14 09:06:00,-0.060552161865928156
2020-05-14 09:09:00,-0.046463602439018814
2020-05-14 09:12:00,-0.10694951388876461
2020-05-14 09:15:00,-0.07908245086355237
2020-05-14 09:18:00,-0.11580640422351962
2020-05-14 09:21:00,-0.031316529243213154
2020-05-14 09:24:00,-0.08726439897020555
2020-05-14 09:27:00,-0.1474549250519317
2020-05-14 09:30:00,-0.028853540654779408
2020-05-14 09:33:00,-0.21229452963490303
2020-05-14 09:36:00,-0.21823555834311037
2020-05-14 09:39:00,-0.08008556505410525
2020-05-14 09:42:00,-0.805277885402802
2020-05-14 09:45:00,-0.017362507566758723
2020-05-14 09:48:00,-0.2119768344368822
2020-05-14 09:51:00,-0.0643023941815386
2020-05-14 09:54:00,-0.10949769414150978
2020-05-14 09:57:00,-0.04355234479999126
2020-05-14 10:00:00,-0.10564003973587432
2020-05-14 10:03:00,-0.13183619704477678
2020-05-14 10:06:00,-0.10639545046558396
2020-05-14 10:09:00,-0.10570432288420761
2020-05-14 10:12:00,-0.1716290462425718
2020-05-14 10:15:00,-0.11308257747566586
2020-05-14 10:18:00,-0.14779794896497833
2020-05-14 10:21:00,-0.15055018273142196
2020-05-14 10:24:00,-0.1337750125758248
2020-05-14 10:27:00,-0.24619881736254
2020-05-14 10:30:00,-0.2435745160188958
2020-05-14 10:33:00,-0.24162180217183504
2020-05-14 10:36:00,-0.262680855848771
2020-05-14 10:39:00,-0.24781922109866628
2020-05-14 10:42:00,-0.15930173947646153
2020-05-14 10:45:00,-0.30645262451474764
2020-05-14 10:48:00,-0.20185623897663163
2020-05-14 10:51:00,-0.2456097710143581
2020-05-14 10:54:00,-0.24178777020438247
2020-05-14 10:57:00,-0.26020445136128956
2020-05-14 11:00:00,-0.17685841376300004
2020-05-14 11:03:00,-0.24615270936828892
2020-05-14 11:06:00,-0.31902212841458777
2020-05-14 11:09:00,-0.30780728921780565
2020-05-14 11:12:00,-0.28679167389412896
2020-05-14 11:15:00,-0.2466160892574294
2020-05-14 11:18:00,-0.23585214990373515
2020-05-14 11:21:00,-0.3313918213578404
2020-05-14 11:24:00,-0.37551744722094327
2020-05-14 11:27:00,-0.1839261898943505
2020-05-14 11:30:00,-0.3218825489818755
2020-05-14 11:33:00,-0.1343982758832567
2020-05-14 11:36:00,-0.26672392202760875
2020-05-14 11:39:00,-0.06379825195813282
2020-05-14 11:42:00,-0.12198073405028254
2020-05-14 11:45:00,-0.0711008129367201
2020-05-14 11:48:00,-0.2201751580063842
2020-05-14 11:51:00,-0.20630369865233433
2020-05-14 11:54:00,-0.28113478402525516
2020-05-14 11:57:00,-0.2906602460740828
2020-05-14 12:00:00,-0.2869212612552019
2020-05-14 12:03:00,-0.26967073862107327
2020-05-14 12:06:00,-0.24811723117147721
2020-05-14 12:09:00,-0.21794410087147753
2020-05-14 12:12:00,-0.20698252386824834
2020-05-14 12:15:00,-0.279080539527115
2020-05-14 12:18:00,-0.3640880953863075
2020-05-14 12:21:00,-0.26679770356679455
2020-05-14 12:24:00,-0.22961801106481516
2020-05-14 12:27:00,-0.24290781038422438
2020-05-14 12:30:00,-0.315474818951202
2020-05-14 12:33:00,-0.23901639813885822
2020-05-14 12:36:00,-0.17071238730682126
2020-05-14 12:39:00,-0.2666063634677016
2020-05-14 12:42:00,-0.23155255421141874
2020-05-14 12:45:00,-0.019384562639174874
2020-05-14 12:48:00,-0.280700552304495
2020-05-14 12:51:00,-0.17697909858480898
2020-05-14 12:54:00,-0.23200260942087425
2020-05-14 12:57:00,-0.28598000113458966
2020-05-14 13:00:00,-0.24557332034419233
2020-05-14 13:03:00,-0.16019484117344973
2020-05-14 13:06:00,-0.33141721140492564
2020-05-14 13:09:00,-0.2421129556415167
2020-05-14 13:12:00,-0.386373861483321
2020-05-14 13:15:00,-0.3714564288690667
2020-05-14 13:18:00,-0.43849800394815475
2020-05-14 13:21:00,-0.3859738651497082
2020-05-14 13:24:00,-0.3485480290585201
2020-05-14 13:27:00,-0.4433272131349213
2020-05-14 13:30:00,-0.39712869696717235
2020-05-14 13:33:00,-0.4307452390821709
2020-05-14 13:36:00,-0.34916111257774674
2020-05-14 13:39:00,-0.2828013004495915
2020-05-14 13:42:00,-0.4607590120693885
2020-05-14 13:45:00,-0.3447781910457479
2020-05-14 13:48:00,-0.4136198985465853
2020-05-14 13:51:00,-0.47052749673486005
2020-05-14 13:54:00,-0.5215069306284477
2020-05-14 13:57:00,-0.594382662918747
2020-05-14 14:00:00,-0.48029587888123615
2020-05-14 14:03:00,-0.5408414531778476
2020-05-14 14:06:00,-0.5578720507065213
2020-05-14 14:09:00,-0.590391106650145
2020-05-14 14:12:00,-0.4796290823761069
2020-05-14 14:15:00,-0.4067131148786416
2020-05-14 14:18:00,-0.5368290516865386
2020-05-14 14:21:00,-0.36048866194829543
2020-05-14 14:24:00,-0.4425397862338514
2020-05-14 14:27:00,-0.4277868983762687
2020-05-14 14:30:00,-0.5193944173715863
2020-05-14 14:33:00,-0.4453854153998691
2020-05-14 14:36:00,-0.5271364692906673
2020-05-14 14:39:00,-0.4366863019438938
2020-05-14 14:42:00,-0.12829949325868029
2020-05-14 14:45:00,-0.26685920744688474
2020-05-14 14:48:00,-0.2530679300862744
2020-05-14 14:51:00,-0.38789758661886253
2020-05-14 14:54:00,-0.41874714673218705
2020-05-14 14:57:00,-0.4173357062162495
2020-05-14 15:00:00,-0.45153703287041935
2020-05-14 15:03:00,-0.5561058675882009
2020-05-14 15:06:00,-0.5432516363966897
2020-05-14 15:09:00,-0.5950015418624162
2020-05-14 15:12:00,-0.34023930562034366
2020-05-14 15:15:00,-0.4028152518716297
2020-05-14 15:18:00,-0.34602984353279
2020-05-14 15:21:00,-0.2624121688089076
2020-05-14 15:24:00,-0.34313689275484194
2020-05-14 15:27:00,-0.43114625599952205
2020-05-14 15:30:00,-0.37888375067029756
2020-05-14 15:33:00,-0.41794660362336344
2020-05-14 15:36:00,-0.4318116295525556
2020-05-14 15:39:00,-0.5729949548892819
2020-05-14 15:42:00,-0.5056098548635077
2020-05-14 15:45:00,-0.38298073413358225
2020-05-14 15:48:00,-0.3771890875092936
2020-05-14 15:51:00,-0.3959752578601865
2020-05-14 15:54:00,-0.521470613311692
2020-05-14 15:57:00,-0.4487534111005971
2020-05-14 16:00:00,-0.41531375106688984
2020-05-14 16:03:00,-0.5018614919550259
2020-05-14 16:06:00,-0.42874943975044744
2020-05-14 16:09:00,-0.5307969312657974
2020-05-14 16:12:00,-0.5335855195635872
2020-05-14 16:15:00,-0.5922467336918658
2020-05-14 16:18:00,-0.5368711606712964
2020-05-14 16:21:00,-0.5551376357705067
2020-05-14 16:24:00,-0.5326984509913473
2020-05-14 16:27:00,-0.5600946051529263
2020-05-14 16:30:00,-0.4898864360314974
2020-05-14 16:33:00,-0.6330775458180824
2020-05-14 16:36:00,-0.5620832499672588
2020-05-14 16:39:00,-0.4121254995257573
2020-05-14 16:42:00,-0.3839047427226774
2020-05-14 16:45:00,-0.3911311366729251
2020-05-14 16:48:00,-0.3542708408974704
2020-05-14 16:51:00,-0.3087962984032515
2020-05-14 16:54:00,-0.3321285558238287
2020-05-14 16:57:00,-0.1964619501765128
2020-05-14 17:00:00,-0.3247411054803706
2020-05-14 17:03:00,-0.16368528628976264
2020-05-14 17:06:00,-0.30714477449788546
2020-05-14 17:09:00,-0.2640722484411526
2020-05-14 17:12:00,-0.2592252804673194
2020-05-14 17:15:00,-0.3074579190821396
2020-05-14 17:18:00,-0.2995548909718764
2020-05-14 17:21:00,-0.27102915485778567
2020-05-14 17:24:00,-0.3441083718014397
2020-05-14 17:27:00,-0.33923851352454903
2020-05-14 17:30:00,-0.251997083476283
2020-05-14 17:33:00,-0.3716478890698909
2020-05-14 17:36:00,-0.3410476477545785
2020-05-14 17:39:00,-0.28872442249979713
2020-05-14 17:42:00,-0.32329800003151377
2020-05-14 17:45:00,-0.24516281354681269
2020-05-14 17:48:00,-0.30738561526561625
2020-05-14 17:51:00,-0.3455383479721945
2020-05-14 17:54:00,-0.23001889048805424
2020-05-14 17:57:00,-0.23765413518589185
2020-05-14 18:00:00,-0.17337671207656058
2020-05-14 18:03:00,-0.2285395858440893
2020-05-14 18:06:00,-0.2667218462532901
2020-05-14 18:09:00,-0.2269167665510281
2020-05-14 18:12:00,-0.27429939344779086
2020-05-14 18:15:00,-0.22390404244356432
2020-05-14 18:18:00,-0.1666950031918759
2020-05-14 18:21:00,-0.22618029520816663
2020-05-14 18:24:00,-0.22101880765256965
2020-05-14 18:27:00,-0.24100933356021415
2020-05-14 18:30:00,-0.31811055583602865
2020-05-14 18:33:00,-0.23675623938765966
2020-05-14 18:36:00,-0.2626783026160524
2020-05-14 18:39:00,-0.16127067661881256
2020-05-14 18:42:00,-0.17628598781988103
2020-05-14 18:45:00,-0.20279633240323847
2020-05-14 18:48:00,-0.08222085440871751
2020-05-14 18:51:00,-0.24543470113553667
2020-05-14 18:54:00,-0.10978605000775588
2020-05-14 18:57:00,
2020-05-14 19:00:00,
2020-05-14 19:03:00,-0.15987136120133982
2020-05-14 19:06:00,-0.23891025277652034
2020-05-14 19:09:00,-0.18396505443922706
2020-05-14 19:12:00,-0.3076890324769579
2020-05-14 19:15:00,-0.11814034746271318
2020-05-14 19:18:00,-0.20180828943557572
2020-05-14 19:21:00,-0.11078624848187246
2020-05-14 19:24:00,-0.18923133473151665
2020-05-14 19:27:00,-0.1241274536296828
2020-05-14 19:30:00,-0.10184321837488142
2020-05-14 19:33:00,-0.0490920689393306
2020-05-14 19:36:00,-0.09176278816153172
2020-05-14 19:39:00,-0.08841820098678
2020-05-14 19:42:00,-0.12647767399732857
2020-05-14 19:45:00,-0.19653608681477408
2020-05-14 19:48:00,-0.17511129131884218
2020-05-14 19:51:00,-0.03445505656463865
2020-05-14 19:54:00,-0.12087343822031471
2020-05-14 19:57:00,-0.13779256707715604
2020-05-14 20:00:00,-0.10579291303912441
2020-05-14 20:03:00,-0.08447312427296083
2020-05-14 20:06:00,-0.1603429197288051
2020-05-14 20:09:00,-0.18989825793568116
2020-05-14 20:12:00,-0.0638677749142289
2020-05-14 20:15:00,-0.06739291024803151
2020-05-14 20:18:00,-0.10593470526231386
2020-05-14 20:21:00,-0.013544467408678429
2020-05-14 20:24:00,-0.004297980465082674
2020-05-14 20:27:00,-0.0802502875711184
2020-05-14 20:30:00,-0.11867370131744792
2020-05-14 20:33:00,-0.10090087989726726
2020-05-14 20:36:00,-0.12898889742450592
2020-05-14 20:39:00,-0.06767774066634047
2020-05-14 20:42:00,-0.12975606024917852
2020-05-14 20:45:00,-0.11162032323829862
2020-05-14 20:48:00,-0.1780723389735499
2020-05-14 20:51:00,-0.0920097636857804
2020-05-14 20:54:00,-0.14760803263106936
2020-05-14 20:57:00,-0.16182951877095775
2020-05-14 21:00:00,-0.13217725104908595
2020-05-14 21:03:00,-0.12221734701284959
2020-05-14 21:06:00,-0.12271859639264449
2020-05-14 21:09:00,-0.06959281021858033
2020-05-14 21:12:00,-0.14792562481102323
2020-05-14 21:15:00,-0.19008732007728213
2020-05-14 21:18:00,-0.09211461300441215
2020-05-14 21:21:00,-0.04762676211049666
2020-05-14 21:24:00,-0.004860424876653724
2020-05-14 21:27:00,-0.09523147329485937
2020-05-14 21:30:00,-0.09808436460139092
2020-05-14 21:33:00,0.02840953212370323
2020-05-14 21:36:00,-0.12843741011420207
2020-05-14 21:39:00,0.0008426580280911367
2020-05-14 21:42:00,-0.032380507354559995
2020-05-14 21:45:00,-0.1404531239193716
2020-05-14 21:48:00,-0.18056844418248374
2020-05-14 21:51:00,-0.10049219266323917
2020-05-14 21:54:00,-0.043739105798124456
2020-05-14 21:57:00,0.17251984650766872
2020-05-14 22:00:00,0.31722439858009466
2020-05-14 22:03:00,0.21139135525231723
2020-05-14 22:06:00,0.2458186024961151
2020-05-14 22:09:00,0.03215167387429574
2020-05-14 22:12:00,-0.04208258602977821
2020-05-14 22:15:00,-0.14605467003900685
2020-05-14 22:18:00,-0.03845644741159049
2020-05-14 22:21:00,-0.1513318694337613
2020-05-14 22:24:00,-0.1160547917880308
2020-05-14 22:27:00,-0.0767510038243131
2020-05-14 22:30:00,0.0255593258201543
2020-05-14 22:33:00,0.010743581840415573
2020-05-14 22:36:00,-0.012285589904990957
2020-05-14 22:39:00,0.007042079959489911
2020-05-14 22:42:00,0.059835926721632404
2020-05-14 22:45:00,0.025382847625792238
2020-05-14 22:48:00,0.024712085353087332
2020-05-14 22:51:00,-0.045449659145106125
2020-05-14 22:54:00,-0.04834642718168425
2020-05-14 22:57:00,-0.035317852055925414
2020-05-14 23:00:00,0.03879821726349064
2020-05-14 23:03:00,0.1165796663486276
2020-05-14 23:06:00,0.03490186414552454
2020-05-14 23:09:00,0.003938990264032327
2020-05-14 23:12:00,-0.10352909023208667
2020-05-14 23:15:00,-0.08014542055451557
2020-05-14 23:18:00,0.06417958629049281
2020-05-14 23:21:00,0.12836133951816464
2020-05-14 23:24:00,0.0006012060309217304
2020-05-14 23:27:00,0.08980629524216965
2020-05-14 23:30:00,0.07941527915932056
2020-05-14 23:33:00,0.05968643197257961
2020-05-14 23:36:00,0.06402098332620199
2020-05-14 23:39:00,0.05123178985246568
2020-05-14 23:42:00,0.09004948399274326
2020-05-14 23:45:00,0.128406085629706
2020-05-14 23:48:00,-0.0008784626153897079
2020-05-14 23:51:00,0.10573847051074381
2020-05-14 23:54:00,0.05023213620927436
2020-05-14 23:57:00,0.06432914041238291
2020-05-15 00:00:00,0.08368149821063753
2020-05-15 00:03:00,-0.06435199925590496
2020-05-15 00:06:00,0.009460418929791103
2020-05-15 00:09:00,0.038556058349286104
2020-05-15 00:12:00,0.19259115987779296
2020-05-15 00:15:00,0.08486559163486618
2020-05-15 00:18:00,0.15543560459906303
2020-05-15 00:21:00,0.15381540811341665
2020-05-15 00:24:00,0.05342919970968296
2020-05-15 00:27:00,0.08472426125132415
2020-05-15 00:30:00,0.0886699928742587
2020-05-15 00:33:00,0.10871060272734212
2020-05-15 00:36:00,0.004142703410536797
2020-05-15 00:39:00,0.11992225643803067
2020-05-15 00:42:00,0.07611049812857118
2020-05-15 00:45:00,0.007878703780590968
2020-05-15 00:48:00,0.1072525085230609
2020-05-15 00:51:00,-0.04647672147416415
2020-05-15 00:54:00,0.06627538097814067
2020-05-15 00:57:00,0.04382150050275868
2020-05-15 01:00:00,0.044252637291435803
2020-05-15 01:03:00,0.01423229482907118
2020-05-15 01:06:00,0.016434500045988898
2020-05-15 01:09:00,0.03849095422214077
2020-05-15 01:12:00,-0.05392934720964604
2020-05-15 01:15:00,-0.02505164960126649
2020-05-15 01:18:00,-0.09434334987042803
2020-05-15 01:21:00,-0.008622610486781923
2020-05-15 01:24:00,0.03129777078498819
2020-05-15 01:27:00,0.08450828927232124
2020-05-15 01:30:00,0.016445426127063456
2020-05-15 01:33:00,0.02602035148476034
2020-05-15 01:36:00,0.12856226494335488
2020-05-15 01:39:00,0.08835449873356538
2020-05-15 01:42:00,0.02971664416401154
2020-05-15 01:45:00,0.18868851368512196
2020-05-15 01:48:00,0.19733866835935032
2020-05-15 01:51:00,0.095638624184744
2020-05-15 01:54:00,0.1613348048502985
2020-05-15 01:57:00,0.17609941902838955
2020-05-15 02:00:00,0.07454831045754418
2020-05-15 02:03:00,0.17500727046240172
2020-05-15 02:06:00,0.17621549470015907
2020-05-15 02:09:00,0.18864240654858122
2020-05-15 02:12:00,0.18442947666767395
2020-05-15 02:15:00,0.23009770618989478
2020-05-15 02:18:00,0.191409329655869
2020-05-15 02:21:00,0.07717578140847081
2020-05-15 02:24:00,0.01722988420596039
2020-05-15 02:27:00,0.09338658676523437
2020-05-15 02:30:00,0.06864000523376035
2020-05-15 02:33:00,0.03529676313081609
2020-05-15 02:36:00,0.08672649914814201
2020-05-15 02:39:00,0.12093748853010311
2020-05-15 02:42:00,0.16197074670282063
2020-05-15 02:45:00,0.2151351800269481
2020-05-15 02:48:00,0.17259826727001837
2020-05-15 02:51:00,0.1714955474738531
2020-05-15 02:54:00,0.20641324037006825
2020-05-15 02:57:00,0.27017341387227134
2020-05-15 03:00:00,0.22201124671460093
2020-05-15 03:03:00,0.19336179808482257
2020-05-15 03:06:00,0.19233489822016736
2020-05-15 03:09:00,0.11226997090841451
2020-05-15 03:12:00,0.07025117419976823
2020-05-15 03:15:00,0.03220469632941558
2020-05-15 03:18:00,0.13262312999415826
2020-05-15 03:21:00,0.10192763828939633
2020-05-15 03:24:00,0.018675289903796966
2020-05-15 03:27:00,0.1018208352899137
2020-05-15 03:30:00,0.0985687462237479
2020-05-15 03:33:00,0.10002631652588434
2020-05-15 03:36:00,0.09521113925461577
2020-05-15 03:39:00,0.10439912333634993
2020-05-15 03:42:00,0.13305831990606976
2020-05-15 03:45:00,0.015954113440216133
2020-05-15 03:48:00,0.18980219186926206
2020-05-15 03:51:00,0.06993950170766539
2020-05-15 03:54:00,0.15929879512617617
2020-05-15 03:57:00,0.1474747249098982
2020-05-15 04:00:00,0.17377633908705548
2020-05-15 04:03:00,0.06806067676234306
2020-05-15 04:06:00,0.1522646255726272
2020-05-15 04:09:00,0.16862705854055093
2020-05-15 04:12:00,0.20753400222133678
2020-05-15 04:15:00,0.13856339358358127
2020-05-15 04:18:00,0.2232847956229307
2020-05-15 04:21:00,0.19476968795902394
2020-05-15 04:24:00,0.2172251147583779
2020-05-15 04:27:00,0.038137668664660396
2020-05-15 04:30:00,0.19285877010929653
2020-05-15 04:33:00,0.10789579508502811
2020-05-15 04:36:00,0.1624246669256877
2020-05-15 04:39:00,0.19980156447348918
2020-05-15 04:42:00,0.14949441640715122
2020-05-15 04:45:00,0.09154965155011041
2020-05-15 04:48:00,0.0852732162625216
2020-05-15 04:51:00,0.09680172261613507
2020-05-15 04:54:00,0.09092765673409531
2020-05-15 04:57:00,0.0838960313560051
2020-05-15 05:00:00,0.18071481101532072
2020-05-15 05:03:00,0.16885098294238787
2020-05-15 05:06:00,0.1316176648043097
2020-05-15 05:09:00,0.14453498041865487
2020-05-15 05:12:00,0.14944972451183958
2020-05-15 05:15:00,0.09564739742791062
2020-05-15 05:18:00,0.1006810819987436
2020-05-15 05:21:00,0.135187273397662
2020-05-15 05:24:00,0.18278081016580927
2020-05-15 05:27:00,0.27762716472682314
2020-05-15 05:30:00,0.2228541036637921
2020-05-15 05:33:00,0.1310449642485878
2020-05-15 05:36:00,0.1771867361548516
2020-05-15 05:39:00,0.08992504471450502
2020-05-15 05:42:00,0.21795625483127878
2020-05-15 05:45:00,0.132110899967131
2020-05-15 05:48:00,0.0702317161738506
2020-05-15 05:51:00,0.0647644193017527
2020-05-15 05:54:00,0.1844154595057148
2020-05-15 05:57:00,0.1255573891688755
2020-05-15 06:00:00,0.15012189918718377
2020-05-15 06:03:00,0.11310023302593208
2020-05-15 06:06:00,0.154168069314494
2020-05-15 06:09:00,0.17357473384277
2020-05-15 06:12:00,0.09510641648046203
2020-05-15 06:15:00,0.18258419183501928
2020-05-15 06:18:00,0.06841648502728503
2020-05-15 06:21:00,0.18859969627766304
2020-05-15 06:24:00,0.09946908557571987
2020-05-15 06:27:00,0.18388064612895505
2020-05-15 06:30:00,0.10898441572396678
2020-05-15 06:33:00,0.15156016228854696
2020-05-15 06:36:00,0.08125562911669704
2020-05-15 06:39:00,0.09719265893949114
2020-05-15 06:42:00,0.1875822733699124
2020-05-15 06:45:00,0.14128223263298878
2020-05-15 06:48:00,0.13330101777529535
2020-05-15 06:51:00,0.13300766478204196
2020-05-15 06:54:00,0.1573752842488716
2020-05-15 06:57:00,0.20116448047508584
2020-05-15 07:00:00,0.1033115552847903
2020-05-15 07:03:00,0.15288023815230645
2020-05-15 07:06:00,0.11677666235470952
2020-05-15 07:09:00,0.12021879789386958
2020-05-15 07:12:00,0.035166822255973784
2020-05-15 07:15:00,0.12616340602767195
2020-05-15 07:18:00,0.029509033284853103
2020-05-15 07:21:00,0.17883100643069838
2020-05-15 07:24:00,0.11523755184492757
2020-05-15 07:27:00,0.1525913755145325
2020-05-15 07:30:00,0.10540115851546261
2020-05-15 07:33:00,0.2190208085407903
2020-05-15 07:36:00,0.13491317384574586
2020-05-15 07:39:00,0.14327340592694782
2020-05-15 07:42:00,0.17154042225547528
2020-05-15 07:45:00,0.16008226385548596
2020-05-15 07:48:00,0.1554749688255015
2020-05-15 07:51:00,0.11971704469470978
2020-05-15 07:54:00,0.10109044332978101
2020-05-15 07:57:00,0.12709925020214996
2020-05-15 08:00:00,0.11884502730123359
2020-05-15 08:03:00,0.16797287887487755
2020-05-15 08:06:00,0.1830974734045867
2020-05-15 08:09:00,0.08453690755140997
2020-05-15 08:12:00,0.11248631753380778
2020-05-15 08:15:00,0.08900042156250265
2020-05-15 08:18:00,0.12277388939992306
2020-05-15 08:21:00,0.1264343728383892
2020-05-15 08:24:00,0.07632931877719784
2020-05-15 08:27:00,0.12142259037642589
2020-05-15 08:30:00,0.07348107169480045
2020-05-15 08:33:00,0.14658493290806973
2020-05-15 08:36:00,0.06272208412377722
2020-05-15 08:39:00,0.09450182634691373
2020-05-15 08:42:00,0.08156138920389822
2020-05-15 08:45:00,0.11505982085856203
2020-05-15 08:48:00,-0.0024944576673533447
2020-05-15 08:51:00,0.09106499948899227
2020-05-15 08:54:00,0.04933577780502674
2020-05-15 08:57:00,0.019255372515488034
2020-05-15 09:00:00,-0.04528979764603491
2020-05-15 09:03:00,-0.037187733062353345
2020-05-15 09:06:00,-0.01761775006212929
2020-05-15 09:09:00,-0.09923339479865945
2020-05-15 09:12:00,-0.1279549649511864
2020-05-15 09:15:00,-0.15686746365855697
2020-05-15 09:18:00,-0.08976350727579074
2020-05-15 09:21:00,-0.09914954285886779
2020-05-15 09:24:00,-0.19631293082500179
2020-05-15 09:27:00,-0.19010435927094704
2020-05-15 09:30:00,-0.11886977187833736
2020-05-15 09:33:00,-0.15891690847513473
2020-05-15 09:36:00,-0.18222943750527065
2020-05-15 09:39:00,-0.12069663591779545
2020-05-15 09:42:00,-0.13969854464613718
2020-05-15 09:45:00,-0.1645657458475398
2020-05-15 09:48:00,-0.15576615517977643
2020-05-15 09:51:00,-0.16609394524294885
2020-05-15 09:54:00,-0.25750412739955664
2020-05-15 09:57:00,-0.1964169457146454
2020-05-15 10:00:00,-0.23393409568899415
2020-05-15 10:03:00,-0.24483224613254606
2020-05-15 10:06:00,-0.247067160862116
2020-05-15 10:09:00,-0.29286225850614755
2020-05-15 10:12:00,-0.26042235628585786
2020-05-15 10:15:00,-0.22550978886744133
2020-05-15 10:18:00,-0.2334702840524301
2020-05-15 10:21:00,-0.2790605888898199
2020-05-15 10:24:00,-0.22299291935905785
2020-05-15 10:27:00,-0.3270717535894505
2020-05-15 10:30:00,-0.24707777340654502
2020-05-15 10:33:00,-0.32349316745131773
2020-05-15 10:36:00,-0.25627766134397234
2020-05-15 10:39:00,-0.24426094526569386
2020-05-15 10:42:00,-0.26578172775612074
2020-05-15 10:45:00,-0.3171064873279761
2020-05-15 10:48:00,-0.26820606473233966
2020-05-15 10:51:00,-0.29409866663115736
2020-05-15 10:54:00,-0.2913657024436134
2020-05-15 10:57:00,-0.33036539757722494
2020-05-15 11:00:00,-0.25554928398906895
2020-05-15 11:03:00,-0.21811327024465754
2020-05-15 11:06:00,-0.16617271129223354
2020-05-15 11:09:00,-0.14886339350215394
2020-05-15 11:12:00,-0.12073101416916643
2020-05-15 11:15:00,-0.22067899087915066
2020-05-15 11:18:00,-0.1462874849638638
2020-05-15 11:21:00,-0.29099012125573154
2020-05-15 11:24:00,-0.22432379727013085
2020-05-15 11:27:00,-0.26520553847819883
2020-05-15 11:30:00,-0.25446049269487503
2020-05-15 11:33:00,-0.21209061930170492
2020-05-15 11:36:00,-0.09012476472315711
2020-05-15 11:39:00,-0.2583158274825905
2020-05-15 11:42:00,-0.3367438285026765
2020-05-15 11:45:00,-0.16753062069113867
2020-05-15 11:48:00,-0.20132497630248736
2020-05-15 11:51:00,-0.27142088768806616
2020-05-15 11:54:00,-0.19361237676486098
2020-05-15 11:57:00,-0.2088815866310938
2020-05-15 12:00:00,-0.19957442231384448
2020-05-15 12:03:00,-0.22540213087569327
2020-05-15 12:06:00,-0.1183218157773922
2020-05-15 12:09:00,-0.20441369679878107
2020-05-15 12:12:00,-0.21901043816870924
2020-05-15 12:15:00,-0.28014695650040267
2020-05-15 12:18:00,-0.30266000313594077
2020-05-15 12:21:00,-0.2548556237992443
2020-05-15 12:24:00,-0.32025456856047185
2020-05-15 12:27:00,-0.3268828928099765
2020-05-15 12:30:00,-0.3113579372438835
2020-05-15 12:33:00,-0.3453236318214863
2020-05-15 12:36:00,-0.2820149890509356
2020-05-15 12:39:00,-0.30659115971553774
2020-05-15 12:42:00,-0.3593563465213947
2020-05-15 12:45:00,-0.3910856001413663
2020-05-15 12:48:00,-0.24839526680966628
2020-05-15 12:51:00,-0.3403494722032292
2020-05-15 12:54:00,-0.3182319645699181
2020-05-15 12:57:00,-0.32105886306811726
2020-05-15 13:00:00,-0.3793163436970417
2020-05-15 13:03:00,-0.3711493812521667
2020-05-15 13:06:00,-0.3870827750146191
2020-05-15 13:09:00,-0.32044427153249444
2020-05-15 13:12:00,-0.516970269175772
2020-05-15 13:15:00,-0.4056826288787079
2020-05-15 13:18:00,-0.3731382799449534
2020-05-15 13:21:00,-0.40652036260127034
2020-05-15 13:24:00,-0.46128822680043413
2020-05-15 13:27:00,-0.49214621114970214
2020-05-15 13:30:00,-0.4108420967514803
2020-05-15 13:33:00,-0.317331241301531
2020-05-15 13:36:00,-0.3967208072689914
2020-05-15 13:39:00,-0.39888817583482705
2020-05-15 13:42:00,-0.3380751782260063
2020-05-15 13:45:00,-0.39260626100775653
2020-05-15 13:48:00,-0.31452914293856793
2020-05-15 13:51:00,-0.3961565579130024
2020-05-15 13:54:00,-0.3458678228469694
2020-05-15 13:57:00,-0.29580681101788286
2020-05-15 14:00:00,-0.18676663745861788
2020-05-15 14:03:00,-0.2119221148835777
2020-05-15 14:06:00,-0.2054142754750501
2020-05-15 14:09:00,-0.29550903811889384
2020-05-15 14:12:00,-0.254550956104481
2020-05-15 14:15:00,-0.33149081181437623
2020-05-15 14:18:00,-0.39830556283880014
2020-05-15 14:21:00,-0.4126928019403522
2020-05-15 14:24:00,-0.30862645933530075
2020-05-15 14:27:00,-0.2356666327945618
2020-05-15 14:30:00,-0.36594817262431434
2020-05-15 14:33:00,-0.35966703481500417
2020-05-15 14:36:00,-0.38320221832253765
2020-05-15 14:39:00,-0.4330793979220289
2020-05-15 14:42:00,-0.2769483495898726
2020-05-15 14:45:00,-0.4271581730462799
2020-05-15 14:48:00,-0.36644382383553875
2020-05-15 14:51:00,-0.4053827270391821
2020-05-15 14:54:00,-0.51966917736911
2020-05-15 14:57:00,-0.4252434372841094
2020-05-15 15:00:00,-0.5292171976470286
2020-05-15 15:03:00,-0.48847301458880565
2020-05-15 15:06:00,-0.5683212128412265
2020-05-15 15:09:00,-0.4142278211756434
2020-05-15 15:12:00,-0.3964025099596711
2020-05-15 15:15:00,-0.31684421638982485
2020-05-15 15:18:00,-0.3581597378368997
2020-05-15 15:21:00,-0.28192985987385555
2020-05-15 15:24:00,-0.27351023742079406
2020-05-15 15:27:00,-0.4261125676162578
2020-05-15 15:30:00,-0.39480900833410715
2020-05-15 15:33:00,-0.3501056141336676
2020-05-15 15:36:00,-0.29005580293522826
2020-05-15 15:39:00,-0.3273615281061666
2020-05-15 15:42:00,-0.2719685501761546
2020-05-15 15:45:00,-0.2252093214059414
2020-05-15 15:48:00,-0.3927738263179208
2020-05-15 15:51:00,-0.30864475720488826
2020-05-15 15:54:00,-0.39122454345726965
2020-05-15 15:57:00,-0.25946173020707874
2020-05-15 16:00:00,-0.2962763620046758
2020-05-15 16:03:00,-0.3401624872059301
2020-05-15 16:06:00,-0.36539408671279716
2020-05-15 16:09:00,-0.35053973416086137
2020-05-15 16:12:00,-0.39646846781283784
2020-05-15 16:15:00,-0.2920108346210668
2020-05-15 16:18:00,-0.3427811929853988
2020-05-15 16:21:00,-0.34988977167972735
2020-05-15 16:24:00,-0.2623584684552611
2020-05-15 16:27:00,-0.23417418404898172
2020-05-15 16:30:00,-0.2900162796306063
2020-05-15 16:33:00,-0.26246201110262746
2020-05-15 16:36:00,-0.2198641107944468
2020-05-15 16:39:00,-0.2886690795771756
2020-05-15 16:42:00,-0.2402558316397858
2020-05-15 16:45:00,-0.20280886732422232
2020-05-15 16:48:00,-0.26892042903580204
2020-05-15 16:51:00,-0.21216117949546742
2020-05-15 16:54:00,-0.23822301815448554
2020-05-15 16:57:00,-0.2352447781805722
2020-05-15 17:00:00,-0.27362377179002806
2020-05-15 17:03:00,-0.23376929918612177
2020-05-15 17:06:00,-0.18216195487411824
2020-05-15 17:09:00,-0.34934491070407603
2020-05-15 17:12:00,-0.2519341488498412
2020-05-15 17:15:00,-0.16107049260000394
2020-05-15 17:18:00,-0.21313254427826678
2020-05-15 17:21:00,-0.15077776069568927
2020-05-15 17:24:00,-0.07637260669832813
2020-05-15 17:27:00,-0.2326423833456488
2020-05-15 17:30:00,-0.232835443713725
2020-05-15 17:33:00,-0.2562432188728394
2020-05-15 17:36:00,-0.17905548048099718
2020-05-15 17:39:00,-0.2562084422789894
2020-05-15 17:42:00,-0.2291965017237203
2020-05-15 17:45:00,-0.28669132335153336
2020-05-15 17:48:00,-0.16509295896042886
2020-05-15 17:51:00,-0.24539816736597686
2020-05-15 17:54:00,-0.25519507133765273
2020-05-15 17:57:00,-0.23176035947142282
2020-05-15 18:00:00,-0.19197354421066848
2020-05-15 18:03:00,-0.3455999605999409
2020-05-15 18:06:00,-0.23674409639107807
2020-05-15 18:09:00,-0.21818526904132796
2020-05-15 18:12:00,-0.17822406323068662
2020-05-15 18:15:00,-0.13108818807353373
2020-05-15 18:18:00,-0.16534708506685547
2020-05-15 18:21:00,-0.22742200077175312
2020-05-15 18:24:00,-0.12904624780412632
2020-05-15 18:27:00,-0.16074586339681218
2020-05-15 18:30:00,-0.1355776391785639
2020-05-15 18:33:00,-0.20599553197166642
2020-05-15 18:36:00,-0.16852332064303255
2020-05-15 18:39:00,-0.13919940464205638
2020-05-15 18:42:00,-0.208060098210467
2020-05-15 18:45:00,-0.1186875323517711
2020-05-15 18:48:00,-0.15743567257857194
2020-05-15 18:51:00,-0.12552539510659244
2020-05-15 18:54:00,
2020-05-15 18:57:00,
2020-05-15 19:00:00,
2020-05-15 19:03:00,-0.17188737079339944
2020-05-15 19:06:00,-0.17224782247734538
2020-05-15 19:09:00,-0.30423806069632064
2020-05-15 19:12:00,-0.13155483876522567
2020-05-15 19:15:00,-0.1430175783406753
2020-05-15 19:18:00,-0.23179794250904706
2020-05-15 19:21:00,-0.21643609978610812
2020-05-15 19:24:00,-0.17906323556798043
2020-05-15 19:27:00,-0.19653234621108595
2020-05-15 19:30:00,-0.22586117127008265
2020-05-15 19:33:00,-0.06297064636419236
2020-05-15 19:36:00,-0.11880386730035752
2020-05-15 19:39:00,-0.2769330598187594
2020-05-15 19:42:00,-0.03158875976339459
2020-05-15 19:45:00,-0.18934863344207997
2020-05-15 19:48:00,-0.06953297921256762
2020-05-15 19:51:00,-0.13578858985300712
2020-05-15 19:54:00,-0.1287425155769597
2020-05-15 19:57:00,-0.03411368571721596
2020-05-15 20:00:00,-0.07317089781662389
2020-05-15 20:03:00,-0.0702914956759173
2020-05-15 20:06:00,-0.06542065072625292
2020-05-15 20:09:00,-0.1538269997213888
2020-05-15 20:12:00,-0.13662521076020084
2020-05-15 20:15:00,-0.06174716948481773
2020-05-15 20:18:00,-0.08621703298081229
2020-05-15 20:21:00,-0.0766762006190902
2020-05-15 20:24:00,-0.13443259900549265
2020-05-15 20:27:00,-0.03797534700078131
2020-05-15 20:30:00,-0.052663793944873305
2020-05-15 20:33:00,-0.05186702070773208
2020-05-15 20:36:00,-0.12759575050233707
2020-05-15 20:39:00,-0.09298474725630967
2020-05-15 20:42:00,-0.08552111321779421
2020-05-15 20:45:00,-0.07905762279619921
2020-05-15 20:48:00,-0.05307949802647727
2020-05-15 20:51:00,-0.12607808568839118
2020-05-15 20:54:00,-0.07848761734163645
2020-05-15 20:57:00,-0.15048675298538683
2020-05-15 21:00:00,-0.13147608889158846
2020-05-15 21:03:00,-0.089499313150327
2020-05-15 21:06:00,-0.0759249585673274
2020-05-15 21:09:00,-0.15472861084543865
2020-05-15 21:12:00,-0.15792629282151438
2020-05-15 21:15:00,-0.08129112977491104
2020-05-15 21:18:00,-0.08293497111901615
2020-05-15 21:21:00,-0.13166820161103487
2020-05-15 21:24:00,-0.13800079719663927
2020-05-15 21:27:00,0.012417352929219305
2020-05-15 21:30:00,-0.0543960113554931
2020-05-15 21:33:00,-0.018167479737655867
2020-05-15 21:36:00,-0.09342358537168138
2020-05-15 21:39:00,-0.1439055638676905
2020-05-15 21:42:00,-0.03970077347480583
2020-05-15 21:45:00,-0.009873815282446685
2020-05-15 21:48:00,-0.058023011663351554
2020-05-15 21:51:00,0.01678895828649729
2020-05-15 21:54:00,0.0715057840523059
2020-05-15 21:57:00,-0.04240685312527148
2020-05-15 22:00:00,0.07101879367434094
2020-05-15 22:03:00,-0.10873077231224215
2020-05-15 22:06:00,0.012564649860848931
2020-05-15 22:09:00,0.014500898941435025
2020-05-15 22:12:00,0.03237040765026222
2020-05-15 22:15:00,-0.04575616743034061
2020-05-15 22:18:00,0.07899647534702581
2020-05-15 22:21:00,0.15201598013072726
2020-05-15 22:24:00,0.13282411378156667
2020-05-15 22:27:00,0.1066677549281394
2020-05-15 22:30:00,0.0026478063766148807
2020-05-15 22:33:00,0.0674850326635692
2020-05-15 22:36:00,-0.034612720496113525
2020-05-15 22:39:00,-0.03244329723338524
2020-05-15 22:42:00,-0.019865032773338953
2020-05-15 22:45:00,0.02058409885967194
2020-05-15 22:48:00,0.08472147975749067
2020-05-15 22:51:00,0.040610749166262394
2020-05-15 22:54:00,0.19387612990198022
2020-05-15 22:57:00,0.1123394096881043
2020-05-15 23:00:00,0.002487555729715041
2020-05-15 23:03:00,0.05475488410638718
2020-05-15 23:06:00,0.07287387738927009
2020-05-15 23:09:00,0.011632704038788688
2020-05-15 23:12:00,0.12824702534402377
2020-05-15 23:15:00,0.00911605439938512
2020-05-15 23:18:00,0.056115370395104947
2020-05-15 23:21:00,0.20688397836249806
2020-05-15 23:24:00,0.0018507408175878481
2020-05-15 23:27:00,0.048265094646353646
2020-05-15 23:30:00,-0.002201891598019756
2020-05-15 23:33:00,0.033700900590019955
2020-05-15 23:36:00,0.09094928076814313
2020-05-15 23:39:00,-0.025903226970285687
2020-05-15 23:42:00,0.0021179837707450133
2020-05-15 23:45:00,0.08402114561692997
2020-05-15 23:48:00,0.12390034896077395
2020-05-15 23:51:00,0.1953109405603186
2020-05-15 23:54:00,0.1323546206429569
2020-05-15 23:57:00,0.11526906784104085
2020-05-16 00:00:00,0.013198775634293725
2020-05-16 00:03:00,0.025517210369173426
2020-05-16 00:06:00,0.17625943401338873
2020-05-16 00:09:00,0.31144168357781155
2020-05-16 00:12:00,0.34798098914990305
2020-05-16 00:15:00,0.34594304539973564
2020-05-16 00:18:00,0.3837100920268881
2020-05-16 00:21:00,0.3943797976583028
2020-05-16 00:24:00,0.43931853312403746
2020-05-16 00:27:00,0.4895539553044159
2020-05-16 00:30:00,0.49736466271605195
2020-05-16 00:33:00,0.5702649324265963
2020-05-16 00:36:00,0.5272806306428492
2020-05-16 00:39:00,0.4688050122963432
2020-05-16 00:42:00,0.5400843821815329
2020-05-16 00:45:00,0.4460230119340167
2020-05-16 00:48:00,0.481573874725882
2020-05-16 00:51:00,0.4332500706225346
2020-05-16 00:54:00,0.20329942174771531
2020-05-16 00:57:00,0.16047711149929
2020-05-16 01:00:00,0.1319821787384967
2020-05-16 01:03:00,0.14468353503389153
2020-05-16 01:06:00,0.13570188512636605
2020-05-16 01:09:00,0.16122654019989113
2020-05-16 01:12:00,0.1843354161897537
2020-05-16 01:15:00,0.25092340985236206
2020-05-16 01:18:00,0.30941787763259754
2020-05-16 01:21:00,0.19980872359263913
2020-05-16 01:24:00,0.2483368275455291
2020-05-16 01:27:00,0.1878965673150219
2020-05-16 01:30:00,0.23310176440514851
2020-05-16 01:33:00,0.27836598576902816
2020-05-16 01:36:00,0.16632381294573406
2020-05-16 01:39:00,0.23407968737342344
2020-05-16 01:42:00,0.16517930558933358
2020-05-16 01:45:00,0.2659711057511345
2020-05-16 01:48:00,0.2491059154259574
2020-05-16 01:51:00,0.3368615130614785
2020-05-16 01:54:00,0.3109110310204528
2020-05-16 01:57:00,0.2409609108880204
2020-05-16 02:00:00,0.21394308080527935
2020-05-16 02:03:00,0.17993293000535004
2020-05-16 02:06:00,0.18357957309325457
2020-05-16 02:09:00,0.2048792670254329
2020-05-16 02:12:00,0.1578802186272128
2020-05-16 02:15:00,0.19123120552791306
2020-05-16 02:18:00,0.1413046368979849
2020-05-16 02:21:00,0.11033513440111165
2020-05-16 02:24:00,0.14100565648607244
2020-05-16 02:27:00,0.023534413833601775
2020-05-16 02:30:00,-0.021982892599623938
2020-05-16 02:33:00,-0.003607516972067515
2020-05-16 02:36:00,0.05025325327750352
2020-05-16 02:39:00,0.1674012769776141
2020-05-16 02:42:00,0.12039563694844446
2020-05-16 02:45:00,0.21929996693535259
2020-05-16 02:48:00,0.06620410246915753
2020-05-16 02:51:00,0.01654588496199949
2020-05-16 02:54:00,0.11495447147837012
2020-05-16 02:57:00,0.17254911511292903
2020-05-16 03:00:00,0.1817546094938507
2020-05-16 03:03:00,0.040367076434506544
2020-05-16 03:06:00,0.07165296328082604
2020-05-16 03:09:00,0.04810584742079982
2020-05-16 03:12:00,0.050190690253714365
2020-05-16 03:15:00,0.035980228256789815
2020-05-16 03:18:00,0.1429529033757717
2020-05-16 03:21:00,0.12066207805179374
2020-05-16 03:24:00,0.042512431797149475
2020-05-16 03:27:00,0.13476250596215777
2020-05-16 03:30:00,0.0025795715583285528
2020-05-16 03:33:00,0.0073997151974367625
2020-05-16 03:36:00,0.03292311159583505
2020-05-16 03:39:00,0.11924264627441516
2020-05-16 03:42:00,0.17019488111674264
2020-05-16 03:45:00,0.1183396758398203
2020-05-16 03:48:00,0.12901348890397912
2020-05-16 03:51:00,0.2000910089460035
2020-05-16 03:54:00,0.10455407069633793
2020-05-16 03:57:00,0.07502900562604964
2020-05-16 04:00:00,0.1469858992423383
2020-05-16 04:03:00,0.05852112316210878
2020-05-16 04:06:00,0.1916512224232747
2020-05-16 04:09:00,0.2407570070988072
2020-05-16 04:12:00,0.26625749162730017
2020-05-16 04:15:00,0.2831502991588195
2020-05-16 04:18:00,0.19863944889129925
2020-05-16 04:21:00,0.18984074313965493
2020-05-16 04:24:00,0.21031211324287824
2020-05-16 04:27:00,0.30570883680104544
2020-05-16 04:30:00,0.2746768157240922
2020-05-16 04:33:00,0.18606738499300945
2020-05-16 04:36:00,0.2635649151602024
2020-05-16 04:39:00,0.11018390395531696
2020-05-16 04:42:00,0.1818667781262775
2020-05-16 04:45:00,0.30186543895916884
2020-05-16 04:48:00,0.31332276889497734
2020-05-16 04:51:00,0.31286746777840335
2020-05-16 04:54:00,0.2745200979887841
2020-05-16 04:57:00,0.2777291005326106
2020-05-16 05:00:00,0.3532169030675618
2020-05-16 05:03:00,0.30133717862929643
2020-05-16 05:06:00,0.30466233123814845
2020-05-16 05:09:00,0.340202114985118
2020-05-16 05:12:00,0.2847073758493366
2020-05-16 05:15:00,0.3786174684361754
2020-05-16 05:18:00,0.40345685209103976
2020-05-16 05:21:00,0.3521229052118997
2020-05-16 05:24:00,0.3449801466151712
2020-05-16 05:27:00,0.2926563386297403
2020-05-16 05:30:00,0.33948792359120716
2020-05-16 05:33:00,0.42393209557053524
2020-05-16 05:36:00,0.3102342384625558
2020-05-16 05:39:00,0.32414851390410604
2020-05-16 05:42:00,0.3636657740305509
2020-05-16 05:45:00,0.2951976428378771
2020-05-16 05:48:00,0.33938605099677943
2020-05-16 05:51:00,0.2551733906565232
2020-05-16 05:54:00,0.23540980081918406
2020-05-16 05:57:00,0.43172685110948805
2020-05-16 06:00:00,0.3487877349814994
2020-05-16 06:03:00,0.36355394757339354
2020-05-16 06:06:00,0.4219457339037831
2020-05-16 06:09:00,0.33164865733425586
2020-05-16 06:12:00,0.2939651010759121
2020-05-16 06:15:00,0.27019716154313755
2020-05-16 06:18:00,0.36250175407786855
2020-05-16 06:21:00,0.3652989663214612
2020-05-16 06:24:00,0.34515401231669784
2020-05-16 06:27:00,0.2822189512103819
2020-05-16 06:30:00,0.3067854420849585
2020-05-16 06:33:00,0.24983385612983966
2020-05-16 06:36:00,0.38566749171957326
2020-05-16 06:39:00,0.27865227187697883
2020-05-16 06:42:00,0.3492325304981705
2020-05-16 06:45:00,0.32611236068697735
2020-05-16 06:48:00,0.30369313989518787
2020-05-16 06:51:00,0.26577865378760634
2020-05-16 06:54:00,0.3255848876988807
2020-05-16 06:57:00,0.2605437311034393
2020-05-16 07:00:00,0.3221458264660555
2020-05-16 07:03:00,0.3336309358365952
2020-05-16 07:06:00,0.18893284313026015
2020-05-16 07:09:00,0.3305405585022072
2020-05-16 07:12:00,0.3187452576037231
2020-05-16 07:15:00,0.3009007318100885
2020-05-16 07:18:00,0.3211077694268738
2020-05-16 07:21:00,0.39009661152636
2020-05-16 07:24:00,0.24158776862969944
2020-05-16 07:27:00,0.33109138539441574
2020-05-16 07:30:00,0.24951878996807864
2020-05-16 07:33:00,0.3684517121336057
2020-05-16 07:36:00,0.26533579019769604
2020-05-16 07:39:00,0.2696663409508915
2020-05-16 07:42:00,0.35505368880660626
2020-05-16 07:45:00,0.2547794630347653
2020-05-16 07:48:00,0.29054005264623584
2020-05-16 07:51:00,0.2838770352972233
2020-05-16 07:54:00,0.2647638931224492
2020-05-16 07:57:00,0.1917715573579244
2020-05-16 08:00:00,0.20116955488771282
2020-05-16 08:03:00,0.28250952041372557
2020-05-16 08:06:00,0.19657850500169616
2020-05-16 08:09:00,0.277078571623008
2020-05-16 08:12:00,0.1788960905686281
2020-05-16 08:15:00,0.26547723342110885
2020-05-16 08:18:00,0.17595734000275343
2020-05-16 08:21:00,0.15985355395264378
2020-05-16 08:24:00,0.19218684839671596
2020-05-16 08:27:00,0.1348572074804224
2020-05-16 08:30:00,0.1655303576196161
2020-05-16 08:33:00,0.21396948765493562
2020-05-16 08:36:00,0.10084320276621384
2020-05-16 08:39:00,0.14228038082654848
2020-05-16 08:42:00,0.11841220305444722
2020-05-16 08:45:00,0.16711290330874817
2020-05-16 08:48:00,0.058620386468760444
2020-05-16 08:51:00,0.15018958673886118
2020-05-16 08:54:00,0.1880573848519589
2020-05-16 08:57:00,0.09328606511485305
2020-05-16 09:00:00,0.004778948433795449
2020-05-16 09:03:00,0.075390653575937
2020-05-16 09:06:00,-0.028356107037211586
2020-05-16 09:09:00,0.10348316207637254
2020-05-16 09:12:00,0.10828558677138744
2020-05-16 09:15:00,-0.04113148589294724
2020-05-16 09:18:00,0.02198034641423874
2020-05-16 09:21:00,-0.0474924235923595
2020-05-16 09:24:00,-0.14654085656007965
2020-05-16 09:27:00,-0.08426770092654579
2020-05-16 09:30:00,-0.007884743668057581
2020-05-16 09:33:00,-0.05722467212331139
2020-05-16 09:36:00,-0.13364888313816436
2020-05-16 09:39:00,-0.12089627174646012
2020-05-16 09:42:00,-0.14150774761844787
2020-05-16 09:45:00,-0.14707028522565224
2020-05-16 09:48:00,-0.20243452319726885
2020-05-16 09:51:00,-0.17591332431214823
2020-05-16 09:54:00,-0.20304471374834066
2020-05-16 09:57:00,-0.2854824195482024
2020-05-16 10:00:00,-0.17644071871967526
2020-05-16 10:03:00,-0.20687199678576462
2020-05-16 10:06:00,-0.2822860029052663
2020-05-16 10:09:00,-0.30583821280663415
2020-05-16 10:12:00,-0.28455946698431944
2020-05-16 10:15:00,-0.31294335676960827
2020-05-16 10:18:00,-0.3513622790481463
2020-05-16 10:21:00,-0.427379348067916
2020-05-16 10:24:00,-0.3888635696286542
2020-05-16 10:27:00,-0.4293632506934273
2020-05-16 10:30:00,-0.45082783068505705
2020-05-16 10:33:00,-0.4229735160894279
2020-05-16 10:36:00,-0.44481819324380467
2020-05-16 10:39:00,-0.44068120438305414
2020-05-16 10:42:00,-0.37603670405735556
2020-05-16 10:45:00,-0.27292912213772524
2020-05-16 10:48:00,-0.318851421005661
2020-05-16 10:51:00,-0.3722169420582304
2020-05-16 10:54:00,-0.4137105556452525
2020-05-16 10:57:00,-0.41257763831282546
2020-05-16 11:00:00,-0.3730196699173689
2020-05-16 11:03:00,-0.4611638342356059
2020-05-16 11:06:00,-0.4223159906787828
2020-05-16 11:09:00,-0.48392643905992827
2020-05-16 11:12:00,-0.408801695933505
2020-05-16 11:15:00,-0.477645529260883
2020-05-16 11:18:00,-0.36576823919187973
2020-05-16 11:21:00,-0.4883184443527284
2020-05-16 11:24:00,-0.5555978963664074
2020-05-16 11:27:00,-0.4254425330339586
2020-05-16 11:30:00,-0.48181365512863294
2020-05-16 11:33:00,-0.45778443064119756
2020-05-16 11:36:00,-0.5396066532903774
2020-05-16 11:39:00,-0.49956713866464497
2020-05-16 11:42:00,-0.5428087303884013
2020-05-16 11:45:00,-0.5276094717273168
2020-05-16 11:48:00,-0.42122199015983597
2020-05-16 11:51:00,-0.5989610716643483
2020-05-16 11:54:00,-0.5130188264230924
2020-05-16 11:57:00,-0.5772194964370669
2020-05-16 12:00:00,-0.5270610350387415
2020-05-16 12:03:00,-0.5908108039658373
2020-05-16 12:06:00,-0.5974607576855533
2020-05-16 12:09:00,-0.5117380762945913
2020-05-16 12:12:00,-0.4959033107771802
2020-05-16 12:15:00,-0.41304338215962844
2020-05-16 12:18:00,-0.5529106590824426
2020-05-16 12:21:00,-0.3644688677055683
2020-05-16 12:24:00,-0.43083229097709363
2020-05-16 12:27:00,-0.505000098092296
2020-05-16 12:30:00,-0.669091895774784
2020-05-16 12:33:00,-0.6279134518544538
2020-05-16 12:36:00,-0.5134094869068804
2020-05-16 12:39:00,-0.4818444827499775
2020-05-16 12:42:00,-0.560181256423391
2020-05-16 12:45:00,-0.5457199594877125
2020-05-16 12:48:00,-0.7007137982099607
2020-05-16 12:51:00,-0.6359239633551397
2020-05-16 12:54:00,-0.6250218331574047
2020-05-16 12:57:00,-0.5770068896599128
2020-05-16 13:00:00,-0.523285621964078
2020-05-16 13:03:00,-0.553450838172239
2020-05-16 13:06:00,-0.7296293460410084
2020-05-16 13:09:00,-0.5012670696845589
2020-05-16 13:12:00,-0.5851548617877143
2020-05-16 13:15:00,-0.625666010593477
2020-05-16 13:18:00,-0.5791205880297525
2020-05-16 13:21:00,-0.5384383237687302
2020-05-16 13:24:00,-0.5312292451231428
2020-05-16 13:27:00,-0.6886009706068421
2020-05-16 13:30:00,-0.6397746816218728
2020-05-16 13:33:00,-0.6904252442731149
2020-05-16 13:36:00,-0.7702925489518293
2020-05-16 13:39:00,-0.5871737700384188
2020-05-16 13:42:00,-0.6333004716192931
2020-05-16 13:45:00,-0.47967503497227426
2020-05-16 13:48:00,-0.555586188698669
2020-05-16 13:51:00,-0.5751376764144993
2020-05-16 13:54:00,-0.6991066975238027
2020-05-16 13:57:00,-0.6808688313341236
2020-05-16 14:00:00,-0.5621868025344838
2020-05-16 14:03:00,-0.6454319203188561
2020-05-16 14:06:00,-0.625759429868026
2020-05-16 14:09:00,-0.6483603086842891
2020-05-16 14:12:00,-0.72172639252517
2020-05-16 14:15:00,-0.6729442374921746
2020-05-16 14:18:00,-0.5735651212830817
2020-05-16 14:21:00,-0.47785870115131956
2020-05-16 14:24:00,-0.5949217580096047
2020-05-16 14:27:00,-0.6640225406534341
2020-05-16 14:30:00,-0.695256404174927
2020-05-16 14:33:00,-0.563115940521584
2020-05-16 14:36:00,-0.5169976007436503
2020-05-16 14:39:00,-0.5581189918800646
2020-05-16 14:42:00,-0.30220586759827484
2020-05-16 14:45:00,-0.4724332956382682
2020-05-16 14:48:00,-0.43618814648533544
2020-05-16 14:51:00,-0.3932020195969699
2020-05-16 14:54:00,-0.4094897468425529
2020-05-16 14:57:00,-0.35161818163345515
2020-05-16 15:00:00,-0.1587663770000063
2020-05-16 15:03:00,-0.15171640960858213
2020-05-16 15:06:00,-0.06350744317944645
2020-05-16 15:09:00,-0.24565805366017912
2020-05-16 15:12:00,-0.18916390857282295
2020-05-16 15:15:00,-0.1910170107224758
2020-05-16 15:18:00,-0.3160243318193352
2020-05-16 15:21:00,-0.5369355431043914
2020-05-16 15:24:00,-0.6612907977944928
2020-05-16 15:27:00,-0.6516917195903602
2020-05-16 15:30:00,-0.6636415022090887
2020-05-16 15:33:00,-0.7003898116562937
2020-05-16 15:36:00,-0.6594745691591015
2020-05-16 15:39:00,-0.601755540496697
2020-05-16 15:42:00,-0.6876490376936317
2020-05-16 15:45:00,-0.6486988516014662
2020-05-16 15:48:00,-0.6490397847372833
2020-05-16 15:51:00,-0.6143554265161697
2020-05-16 15:54:00,-0.41709831642685913
2020-05-16 15:57:00,-0.4990379410163541
2020-05-16 16:00:00,-0.4525864293332802
2020-05-16 16:03:00,-0.47627509392964384
2020-05-16 16:06:00,-0.3127498441394323
2020-05-16 16:09:00,-0.43472627566967503
2020-05-16 16:12:00,-0.4539655345470237
2020-05-16 16:15:00,-0.35116611715426416
2020-05-16 16:18:00,-0.44085943537470484
2020-05-16 16:21:00,-0.41503395797258236
2020-05-16 16:24:00,-0.281499325233483
2020-05-16 16:27:00,-0.5074939797473803
2020-05-16 16:30:00,-0.4205311709783359
2020-05-16 16:33:00,-0.4414826616900882
2020-05-16 16:36:00,-0.4039889281922342
2020-05-16 16:39:00,-0.31412613739917106
2020-05-16 16:42:00,-0.3191413921084063
2020-05-16 16:45:00,-0.34720291949594184
2020-05-16 16:48:00,-0.40271667132458333
2020-05-16 16:51:00,-0.33787431418937786
2020-05-16 16:54:00,-0.3072805623050954
2020-05-16 16:57:00,-0.37227694484812446
2020-05-16 17:00:00,-0.33668383522393697
2020-05-16 17:03:00,-0.3181421091758807
2020-05-16 17:06:00,-0.3374016963452391
2020-05-16 17:09:00,-0.382901457149444
2020-05-16 17:12:00,-0.27172083904793
2020-05-16 17:15:00,-0.415425491069243
2020-05-16 17:18:00,-0.3520152657724225
2020-05-16 17:21:00,-0.4874566742254842
2020-05-16 17:24:00,-0.2714061068715523
2020-05-16 17:27:00,-0.38799700891195243
2020-05-16 17:30:00,-0.30252135646173883
2020-05-16 17:33:00,-0.44807525216549493
2020-05-16 17:36:00,-0.3527139067533085
2020-05-16 17:39:00,-0.37140531325678694
2020-05-16 17:42:00,-0.5176157459448518
2020-05-16 17:45:00,-0.42797881573739005
2020-05-16 17:48:00,-0.44512943567656293
2020-05-16 17:51:00,-0.46064932640956613
2020-05-16 17:54:00,-0.5479214697905945
2020-05-16 17:57:00,-0.48852400250206074
2020-05-16 18:00:00,-0.3891255497493944
2020-05-16 18:03:00,-0.4624476575993981
2020-05-16 18:06:00,-0.36385776763683
2020-05-16 18:09:00,-0.39220049842555227
2020-05-16 18:12:00,-0.5033813198813846
2020-05-16 18:15:00,-0.5523293017055266
2020-05-16 18:18:00,-0.5039418605045398
2020-05-16 18:21:00,-0.39803908886460704
2020-05-16 18:24:00,-0.3814523590109502
2020-05-16 18:27:00,-0.6011349670849313
2020-05-16 18:30:00,-0.5012720438387532
2020-05-16 18:33:00,-0.501514986650875
2020-05-16 18:36:00,-0.4482639832626205
2020-05-16 18:39:00,-0.4550913305428139
2020-05-16 18:42:00,-0.3805883592199848
2020-05-16 18:45:00,-0.5013803681223408
2020-05-16 18:48:00,-0.4368034540726171
2020-05-16 18:51:00,-0.3847514449391838
2020-05-16 18:54:00,
2020-05-16 18:57:00,
2020-05-16 19:00:00,
2020-05-16 19:03:00,-0.30580804922499283
2020-05-16 19:06:00,-0.4547985997758133
2020-05-16 19:09:00,-0.37001672995802437
2020-05-16 19:12:00,-0.27851080323887345
2020-05-16 19:15:00,-0.33663043535449333
2020-05-16 19:18:00,-0.2692267037678562
2020-05-16 19:21:00,-0.34847901119502467
2020-05-16 19:24:00,-0.21479447159441634
2020-05-16 19:27:00,-0.3268857038607962
2020-05-16 19:30:00,-0.20875250836667192
2020-05-16 19:33:00,-0.257154473839023
2020-05-16 19:36:00,-0.27916199419161103
2020-05-16 19:39:00,-0.2225501569040489
2020-05-16 19:42:00,-0.2846266048067605
2020-05-16 19:45:00,-0.16523660539121465
2020-05-16 19:48:00,-0.23319420540673264
2020-05-16 19:51:00,-0.3304744371733932
2020-05-16 19:54:00,-0.25085109859890053
2020-05-16 19:57:00,-0.2341518448304214
2020-05-16 20:00:00,-0.24572987454320128
2020-05-16 20:03:00,-0.1753999625831284
2020-05-16 20:06:00,-0.3214043388770733
2020-05-16 20:09:00,-0.13568549979072486
2020-05-16 20:12:00,-0.186142224814148
2020-05-16 20:15:00,-0.278549262603633
2020-05-16 20:18:00,-0.3599088057088693
2020-05-16 20:21:00,-0.25571171757684397
2020-05-16 20:24:00,-0.24961528783114773
2020-05-16 20:27:00,-0.1116217466726539
2020-05-16 20:30:00,-0.17907102345009207
2020-05-16 20:33:00,-0.2630330398694696
2020-05-16 20:36:00,-0.20070003242136636
2020-05-16 20:39:00,-0.26953610585059096
2020-05-16 20:42:00,-0.12123109975277657
2020-05-16 20:45:00,-0.21924100495971288
2020-05-16 20:48:00,-0.18120069540719896
2020-05-16 20:51:00,-0.10089769560698869
2020-05-16 20:54:00,-0.10925692611044724
2020-05-16 20:57:00,-0.06757411369255806
2020-05-16 21:00:00,-0.08994484171961403
2020-05-16 21:03:00,-0.16617664307653968
2020-05-16 21:06:00,-0.1793328754176855
2020-05-16 21:09:00,-0.12819214602228612
2020-05-16 21:12:00,-0.09323938065358561
2020-05-16 21:15:00,-0.19862180546613217
2020-05-16 21:18:00,-0.16416981796311347
2020-05-16 21:21:00,-0.1844349704477395
2020-05-16 21:24:00,-0.2105195573329297
2020-05-16 21:27:00,-0.16657386713063715
2020-05-16 21:30:00,-0.17236759298964444
2020-05-16 21:33:00,-0.16684769691869406
2020-05-16 21:36:00,-0.2725495045921775
2020-05-16 21:39:00,-0.289882585868213
2020-05-16 21:42:00,-0.26781260493731907
2020-05-16 21:45:00,-0.20834705209006188
2020-05-16 21:48:00,-0.19929550615967173
2020-05-16 21:51:00,-0.2118316337667352
2020-05-16 21:54:00,-0.19854112882308073
2020-05-16 21:57:00,-0.14584525422287697
2020-05-16 22:00:00,-0.24485227055708947
2020-05-16 22:03:00,-0.2159106263360968
2020-05-16 22:06:00,-0.28519911407812515
2020-05-16 22:09:00,-0.175178552520606
2020-05-16 22:12:00,-0.1604578002148287
2020-05-16 22:15:00,-0.0962637315760162
2020-05-16 22:18:00,-0.18972084188260396
2020-05-16 22:21:00,-0.2173983887854547
2020-05-16 22:24:00,-0.14090258573691017
2020-05-16 22:27:00,-0.2727511660722257
2020-05-16 22:30:00,-0.17451818481845294
2020-05-16 22:33:00,-0.13294258449093377
2020-05-16 22:36:00,-0.23050454324430802
2020-05-16 22:39:00,-0.1413497859300037
2020-05-16 22:42:00,-0.24570249268504085
2020-05-16 22:45:00,-0.2052063292429125
2020-05-16 22:48:00,-0.2165167191465116
2020-05-16 22:51:00,-0.29115582648228155
2020-05-16 22:54:00,-0.1396146205015043
2020-05-16 22:57:00,-0.18674656172527193
2020-05-16 23:00:00,-0.12350772877766758
2020-05-16 23:03:00,-0.10582627215052298
2020-05-16 23:06:00,-0.22164442463895284
2020-05-16 23:09:00,-0.09721925974037049
2020-05-16 23:12:00,-0.11664877224501424
2020-05-16 23:15:00,-0.21048802853380266
2020-05-16 23:18:00,-0.1061831496524519
2020-05-16 23:21:00,-0.22441795934105357
2020-05-16 23:24:00,-0.14720739600039678
2020-05-16 23:27:00,-0.21429403597016972
2020-05-16 23:30:00,-0.2339533676304768
2020-05-16 23:33:00,-0.14089951987762106
2020-05-16 23:36:00,-0.08018825915115713
2020-05-16 23:39:00,-0.12253470392124655
2020-05-16 23:42:00,-0.18986161274642654
2020-05-16 23:45:00,-0.11384940474493987
2020-05-16 23:48:00,-0.11945887924747467
2020-05-16 23:51:00,-0.037939072230528836
2020-05-16 23:54:00,-0.07400725629952376
2020-05-16 23:57:00,-0.08672282966603007
2020-05-17 00:00:00,-0.01258477858925744
2020-05-17 00:03:00,-0.11886826881004708
2020-05-17 00:06:00,-0.09694642922573848
2020-05-17 00:09:00,-0.022341250838394444
2020-05-17 00:12:00,-0.16620233105749094
2020-05-17 00:15:00,-0.1745952706506273
2020-05-17 00:18:00,-0.06736528067108338
2020-05-17 00:21:00,-0.09528498326102408
2020-05-17 00:24:00,-0.028433221704744938
2020-05-17 00:27:00,-0.06262971107008752
2020-05-17 00:30:00,-0.07687862516962696
2020-05-17 00:33:00,-0.10513607290636173
2020-05-17 00:36:00,-0.030473801078244378
2020-05-17 00:39:00,-0.036140146896173064
2020-05-17 00:42:00,-0.00864911274879887
2020-05-17 00:45:00,0.055934089889319694
2020-05-17 00:48:00,-0.02904825572147729
2020-05-17 00:51:00,0.0859417480672846
2020-05-17 00:54:00,-0.035661587245670034
2020-05-17 00:57:00,0.08196848907346066
2020-05-17 01:00:00,0.06291347861730401
2020-05-17 01:03:00,0.02899059117271463
2020-05-17 01:06:00,0.027273237943404638
2020-05-17 01:09:00,-0.06370112100546521
2020-05-17 01:12:00,0.04446322057958696
2020-05-17 01:15:00,0.009090162280926961
2020-05-17 01:18:00,0.04864553802258342
2020-05-17 01:21:00,0.08977769535511015
2020-05-17 01:24:00,0.08654473784702077
2020-05-17 01:27:00,0.07014739943457471
2020-05-17 01:30:00,0.05363155182527635
2020-05-17 01:33:00,0.19138646500363166
2020-05-17 01:36:00,0.07492319540011749
2020-05-17 01:39:00,0.029816071389518584
2020-05-17 01:42:00,0.11498826254023697
2020-05-17 01:45:00,0.05744484667980032
2020-05-17 01:48:00,0.04509981193410795
2020-05-17 01:51:00,0.08347511069911207
2020-05-17 01:54:00,0.14633883550476412
2020-05-17 01:57:00,0.15367384306068743
2020-05-17 02:00:00,0.1904487501458334
2020-05-17 02:03:00,0.12031693679460886
2020-05-17 02:06:00,0.14015419882753122
2020-05-17 02:09:00,0.1726631180130198
2020-05-17 02:12:00,0.14521629118166857
2020-05-17 02:15:00,0.12564807264135425
2020-05-17 02:18:00,0.07494922771820711
2020-05-17 02:21:00,0.02823497863909097
2020-05-17 02:24:00,0.21668045469988328
2020-05-17 02:27:00,0.12171500398983426
2020-05-17 02:30:00,0.08820560769231633
2020-05-17 02:33:00,0.007457977469925936
2020-05-17 02:36:00,0.04212230950378171
2020-05-17 02:39:00,0.14182035163304363
2020-05-17 02:42:00,0.133626129436891
2020-05-17 02:45:00,0.21389421465630676
2020-05-17 02:48:00,0.08093866542157002
2020-05-17 02:51:00,0.04180204217971095
2020-05-17 02:54:00,0.24820336125850417
2020-05-17 02:57:00,0.20768689696063802
2020-05-17 03:00:00,0.1936278608790758
2020-05-17 03:03:00,0.15203714498551335
2020-05-17 03:06:00,0.15630915476646123
2020-05-17 03:09:00,0.16620571934356576
2020-05-17 03:12:00,0.15993091773481183
2020-05-17 03:15:00,0.16392701730762838
2020-05-17 03:18:00,0.25219890267220535
2020-05-17 03:21:00,0.19505792420835633
2020-05-17 03:24:00,0.3001562430455351
2020-05-17 03:27:00,0.32389181761686814
2020-05-17 03:30:00,0.229096052846387
2020-05-17 03:33:00,0.1956432087111466
2020-05-17 03:36:00,0.15450279769225972
2020-05-17 03:39:00,0.19030576805630517
2020-05-17 03:42:00,0.25124618495704
2020-05-17 03:45:00,0.19075924316337023
2020-05-17 03:48:00,0.1779443239352645
2020-05-17 03:51:00,0.18230324115808116
2020-05-17 03:54:00,0.19239056069807248
2020-05-17 03:57:00,0.17382865341556908
2020-05-17 04:00:00,0.1264489731609615
2020-05-17 04:03:00,0.3170997444906902
2020-05-17 04:06:00,0.22529393646715334
2020-05-17 04:09:00,0.1330462479771768
2020-05-17 04:12:00,0.2358954661098096
2020-05-17 04:15:00,0.22337292912925477
2020-05-17 04:18:00,0.20777053365600295
2020-05-17 04:21:00,0.16723198176731557
2020-05-17 04:24:00,0.23933660237207732
2020-05-17 04:27:00,0.28681488552678047
2020-05-17 04:30:00,0.19803169481008354
2020-05-17 04:33:00,0.1906557179437982
2020-05-17 04:36:00,0.16242375585756008
2020-05-17 04:39:00,0.15690459434517834
2020-05-17 04:42:00,0.21940166392039373
2020-05-17 04:45:00,0.12241690872644995
2020-05-17 04:48:00,0.2719436246174496
2020-05-17 04:51:00,0.1301233536522659
2020-05-17 04:54:00,0.24942993565247207
2020-05-17 04:57:00,0.20817285874602476
2020-05-17 05:00:00,0.22421512092506646
2020-05-17 05:03:00,0.26133972652587545
2020-05-17 05:06:00,0.17551589259727507
2020-05-17 05:09:00,0.05560574699677545
2020-05-17 05:12:00,0.055845300895271066
2020-05-17 05:15:00,0.1999506098566144
2020-05-17 05:18:00,0.05531023778564759
2020-05-17 05:21:00,0.13185995722619737
2020-05-17 05:24:00,0.10371688480097419
2020-05-17 05:27:00,0.1170135405648125
2020-05-17 05:30:00,0.13974508039621014
2020-05-17 05:33:00,0.248758476118212
2020-05-17 05:36:00,0.11173491193426344
2020-05-17 05:39:00,0.26452974337905744
2020-05-17 05:42:00,0.1849171875517186
2020-05-17 05:45:00,0.27980440458082967
2020-05-17 05:48:00,0.23698613324796725
2020-05-17 05:51:00,0.2638488637766727
2020-05-17 05:54:00,0.2755870367719808
2020-05-17 05:57:00,0.2896454788802316
2020-05-17 06:00:00,0.15646716831196272
2020-05-17 06:03:00,0.31032368682639344
2020-05-17 06:06:00,0.18035195073127852
2020-05-17 06:09:00,0.215560271330844
2020-05-17 06:12:00,0.26609694848889376
2020-05-17 06:15:00,0.18596312479508015
2020-05-17 06:18:00,0.16389578755860157
2020-05-17 06:21:00,0.2463398245718622
2020-05-17 06:24:00,0.18281186981056408
2020-05-17 06:27:00,0.13585655500480698
2020-05-17 06:30:00,0.2773983270105873
2020-05-17 06:33:00,0.1747044444627477
2020-05-17 06:36:00,0.2350261086410228
2020-05-17 06:39:00,0.1832569476982826
2020-05-17 06:42:00,0.1666166567667915
2020-05-17 06:45:00,0.24088374934228796
2020-05-17 06:48:00,0.23227929570060724
2020-05-17 06:51:00,0.13536445943128683
2020-05-17 06:54:00,0.2172581703499077
2020-05-17 06:57:00,0.1728975643134163
2020-05-17 07:00:00,0.22388018014368072
2020-05-17 07:03:00,0.1490223154333421
2020-05-17 07:06:00,0.25651606918296466
2020-05-17 07:09:00,0.31846036026661295
2020-05-17 07:12:00,0.2596914280468354
2020-05-17 07:15:00,0.1777113977435647
2020-05-17 07:18:00,0.2875409309501151
2020-05-17 07:21:00,0.23487467928146089
2020-05-17 07:24:00,0.2785526020052771
2020-05-17 07:27:00,0.24965208535860484
2020-05-17 07:30:00,0.09653361520827275
2020-05-17 07:33:00,0.21833368444879397
2020-05-17 07:36:00,0.2774432754104623
2020-05-17 07:39:00,0.2596120898085701
2020-05-17 07:42:00,0.20045378567152738
2020-05-17 07:45:00,0.20041671693991248
2020-05-17 07:48:00,0.14188046443484836
2020-05-17 07:51:00,0.3436934122753428
2020-05-17 07:54:00,0.2381624529444366
2020-05-17 07:57:00,0.17577598851988796
2020-05-17 08:00:00,0.2597899091701379
2020-05-17 08:03:00,0.264060938537682
2020-05-17 08:06:00,0.30151675526110466
2020-05-17 08:09:00,0.24008337456814388
2020-05-17 08:12:00,0.20592109754375088
2020-05-17 08:15:00,0.21590870254436823
2020-05-17 08:18:00,0.20344704714597128
2020-05-17 08:21:00,0.22615387548751187
2020-05-17 08:24:00,0.1609581184894182
2020-05-17 08:27:00,0.2028618602847132
2020-05-17 08:30:00,0.13741063368411233
2020-05-17 08:33:00,0.14521482672006414
2020-05-17 08:36:00,0.19109080892832253
2020-05-17 08:39:00,0.2889283552298707
2020-05-17 08:42:00,0.14723773505818372
2020-05-17 08:45:00,0.23872332369415972
2020-05-17 08:48:00,0.19251702414226202
2020-05-17 08:51:00,0.14029111346746959
2020-05-17 08:54:00,0.18530445347533941
2020-05-17 08:57:00,0.17818692431831096
2020-05-17 09:00:00,0.12265375995747263
2020-05-17 09:03:00,0.1478594630502812
2020-05-17 09:06:00,0.13844255544012185
2020-05-17 09:09:00,0.020846404569340393
2020-05-17 09:12:00,0.10172097190894647
2020-05-17 09:15:00,0.03817184391351702
2020-05-17 09:18:00,-0.0011805458411231484
2020-05-17 09:21:00,0.012843285183521402
2020-05-17 09:24:00,0.10038092901646678
2020-05-17 09:27:00,0.026105296637297215
2020-05-17 09:30:00,0.011794262017190249
2020-05-17 09:33:00,0.06581117810407022
2020-05-17 09:36:00,-0.09152657702162514
2020-05-17 09:39:00,-0.12433345116829742
2020-05-17 09:42:00,-0.056679788745555015
2020-05-17 09:45:00,-0.17782432682975013
2020-05-17 09:48:00,-0.1690737765595145
2020-05-17 09:51:00,-0.052643902742147475
2020-05-17 09:54:00,-0.12919347002093673
2020-05-17 09:57:00,-0.21315164001231324
2020-05-17 10:00:00,-0.17900762136940784
2020-05-17 10:03:00,-0.10485423235206781
2020-05-17 10:06:00,-0.18543348373088975
2020-05-17 10:09:00,-0.1997978015415356
2020-05-17 10:12:00,-0.12809484647897307
2020-05-17 10:15:00,-0.2584905695743487
2020-05-17 10:18:00,-0.3184364451842612
2020-05-17 10:21:00,-0.1400733513972341
2020-05-17 10:24:00,-0.17330307954102864
2020-05-17 10:27:00,-0.16320811158755077
2020-05-17 10:30:00,-0.21879306268027676
2020-05-17 10:33:00,-0.13674818340314232
2020-05-17 10:36:00,-0.22113562216571836
2020-05-17 10:39:00,-0.222914210829515
2020-05-17 10:42:00,-0.20047307456593444
2020-05-17 10:45:00,-0.12800018401691204
2020-05-17 10:48:00,-0.2433938943594285
2020-05-17 10:51:00,-0.19090042197353796
2020-05-17 10:54:00,-0.02436358921812598
2020-05-17 10:57:00,-0.2050951656892721
2020-05-17 11:00:00,-0.16552311988374413
2020-05-17 11:03:00,-0.1137467823328393
2020-05-17 11:06:00,-0.1661406733549029
2020-05-17 11:09:00,-0.16805053354249821
2020-05-17 11:12:00,-0.12880007018986817
2020-05-17 11:15:00,-0.18849650542023255
2020-05-17 11:18:00,-0.241010798689274
2020-05-17 11:21:00,-0.17362515359985764
2020-05-17 11:24:00,-0.11363499742731165
2020-05-17 11:27:00,-0.2940158928423102
2020-05-17 11:30:00,-0.12155529865981407
2020-05-17 11:33:00,-0.11249119058913948
2020-05-17 11:36:00,-0.1047514818963009
2020-05-17 11:39:00,-0.2034216252397414
2020-05-17 11:42:00,-0.30527328465234405
2020-05-17 11:45:00,-0.3443716077503609
2020-05-17 11:48:00,-0.32873524544822885
2020-05-17 11:51:00,-0.14383302783255658
2020-05-17 11:54:00,-0.28368692226018766
2020-05-17 11:57:00,-0.3460215207525721
2020-05-17 12:00:00,-0.26130832418368755
2020-05-17 12:03:00,-0.24723337125408307
2020-05-17 12:06:00,-0.3347205310785739
2020-05-17 12:09:00,-0.3071151131744614
2020-05-17 12:12:00,-0.25175729346460685
2020-05-17 12:15:00,-0.24472333605541507
2020-05-17 12:18:00,-0.27237421446176313
2020-05-17 12:21:00,-0.3187289153611914
2020-05-17 12:24:00,-0.4433846460646578
2020-05-17 12:27:00,-0.29668654235427994
2020-05-17 12:30:00,-0.3635461092808896
2020-05-17 12:33:00,-0.39646337332709436
2020-05-17 12:36:00,-0.3787893411590062
2020-05-17 12:39:00,-0.3355493975844297
2020-05-17 12:42:00,-0.3683733882584761
2020-05-17 12:45:00,-0.3065374346458043
2020-05-17 12:48:00,-0.3402368417734465
2020-05-17 12:51:00,-0.431404622949799
2020-05-17 12:54:00,-0.4824490162700954
2020-05-17 12:57:00,-0.43214110380023385
2020-05-17 13:00:00,-0.48305495514046015
2020-05-17 13:03:00,-0.4033409502474683
2020-05-17 13:06:00,-0.4424804202197947
2020-05-17 13:09:00,-0.5482366410504937
2020-05-17 13:12:00,-0.38771918179321574
2020-05-17 13:15:00,-0.4888456069243716
2020-05-17 13:18:00,-0.453439094416467
2020-05-17 13:21:00,-0.4210615917319842
2020-05-17 13:24:00,-0.39996157671555466
2020-05-17 13:27:00,-0.2995670492559839
2020-05-17 13:30:00,-0.424904408333191
2020-05-17 13:33:00,-0.36856848786118235
2020-05-17 13:36:00,-0.4536141192349987
2020-05-17 13:39:00,-0.37629346410972175
2020-05-17 13:42:00,-0.4732430211511769
2020-05-17 13:45:00,-0.3348441515291256
2020-05-17 13:48:00,-0.40648884319682566
2020-05-17 13:51:00,-0.2620869094684508
2020-05-17 13:54:00,-0.39927405122654136
2020-05-17 13:57:00,-0.33385983068069436
2020-05-17 14:00:00,-0.3351175931113062
2020-05-17 14:03:00,-0.40826203206512446
2020-05-17 14:06:00,-0.2947703222603195
2020-05-17 14:09:00,-0.39360982108865983
2020-05-17 14:12:00,-0.3204963543127519
2020-05-17 14:15:00,-0.40386417527986396
2020-05-17 14:18:00,-0.4099604746863861
2020-05-17 14:21:00,-0.40633902389799914
2020-05-17 14:24:00,-0.31185634028429376
2020-05-17 14:27:00,-0.39466010218239944
2020-05-17 14:30:00,-0.3432778502025826
2020-05-17 14:33:00,-0.3683765985034597
2020-05-17 14:36:00,-0.43036922469195815
2020-05-17 14:39:00,-0.4646605588719126
2020-05-17 14:42:00,-0.4881586259371602
2020-05-17 14:45:00,-0.3692871625855787
2020-05-17 14:48:00,-0.5383224011050061
2020-05-17 14:51:00,-0.43869588679166327
2020-05-17 14:54:00,-0.3623642068969275
2020-05-17 14:57:00,-0.40284780194889436
2020-05-17 15:00:00,-0.39660217218653315
2020-05-17 15:03:00,-0.43836833439712564
2020-05-17 15:06:00,-0.5453882171647706
2020-05-17 15:09:00,-0.552096427148399
2020-05-17 15:12:00,-0.43549971336113913
2020-05-17 15:15:00,-0.41276248103508806
2020-05-17 15:18:00,-0.46447225276165227
2020-05-17 15:21:00,-0.5522669076835314
2020-05-17 15:24:00,-0.6590809713337649
2020-05-17 15:27:00,-0.5193814878970784
2020-05-17 15:30:00,-0.5934247890706956
2020-05-17 15:33:00,-0.5183912940238429
2020-05-17 15:36:00,-0.4079663799964237
2020-05-17 15:39:00,-0.5228718340103455
2020-05-17 15:42:00,-0.4325348831208089
2020-05-17 15:45:00,-0.5759514353599684
2020-05-17 15:48:00,-0.5777245084604488
2020-05-17 15:51:00,-0.47538995413344765
2020-05-17 15:54:00,-0.4460883535709286
2020-05-17 15:57:00,-0.44059201142817983
2020-05-17 16:00:00,-0.5523217760675152
2020-05-17 16:03:00,-0.5535119336822163
2020-05-17 16:06:00,-0.5450457806636564
2020-05-17 16:09:00,-0.4805202544558824
2020-05-17 16:12:00,-0.4799550542219322
2020-05-17 16:15:00,-0.4728842445300643
2020-05-17 16:18:00,-0.4363310446771038
2020-05-17 16:21:00,-0.43252007771354783
2020-05-17 16:24:00,-0.44757209619484684
2020-05-17 16:27:00,-0.4872904045108726
2020-05-17 16:30:00,-0.5313551829699463
2020-05-17 16:33:00,-0.5221123995129346
2020-05-17 16:36:00,-0.44311370420643925
2020-05-17 16:39:00,-0.5330621735782302
2020-05-17 16:42:00,-0.42838514060940724
2020-05-17 16:45:00,-0.5337903845496612
2020-05-17 16:48:00,-0.5323558822311156
2020-05-17 16:51:00,-0.3499628739593845
2020-05-17 16:54:00,-0.47465349056739115
2020-05-17 16:57:00,-0.4265033212226399
2020-05-17 17:00:00,-0.4758015449676236
2020-05-17 17:03:00,-0.49966838794154
2020-05-17 17:06:00,-0.43790419227650546
2020-05-17 17:09:00,-0.4879863745304647
2020-05-17 17:12:00,-0.4588897843398172
2020-05-17 17:15:00,-0.4432188868069602
2020-05-17 17:18:00,-0.48929156338317625
2020-05-17 17:21:00,-0.4400158256148643
2020-05-17 17:24:00,-0.45209100334147934
2020-05-17 17:27:00,-0.44982355998502044
2020-05-17 17:30:00,-0.5837028825758921
2020-05-17 17:33:00,-0.44053054199832786
2020-05-17 17:36:00,-0.48452255375468667
2020-05-17 17:39:00,-0.5068964549578823
2020-05-17 17:42:00,-0.5660536440598776
2020-05-17 17:45:00,-0.4285048197513106
2020-05-17 17:48:00,-0.4151187962719405
2020-05-17 17:51:00,-0.42678015882290765
2020-05-17 17:54:00,-0.3397514593273172
2020-05-17 17:57:00,-0.282765805604015
2020-05-17 18:00:00,-0.331181516593972
2020-05-17 18:03:00,-0.21615725732357305
2020-05-17 18:06:00,-0.2450926711871375
2020-05-17 18:09:00,-0.3104556829810008
2020-05-17 18:12:00,-0.3707732172317151
2020-05-17 18:15:00,-0.3111555459804549
2020-05-17 18:18:00,-0.32427302905807665
2020-05-17 18:21:00,-0.26765105998447325
2020-05-17 18:24:00,-0.26399548927656724
2020-05-17 18:27:00,-0.16704140973962467
2020-05-17 18:30:00,-0.1621574305058857
2020-05-17 18:33:00,-0.25765430963809877
2020-05-17 18:36:00,-0.26668986685467644
2020-05-17 18:39:00,-0.24265867923332962
2020-05-17 18:42:00,-0.187377546574794
2020-05-17 18:45:00,-0.23112925582358912
2020-05-17 18:48:00,-0.18162133934396252
2020-05-17 18:51:00,-0.21846120669300717
2020-05-17 18:54:00,
2020-05-17 18:57:00,
2020-05-17 19:00:00,
2020-05-17 19:03:00,-0.18025591665445972
2020-05-17 19:06:00,-0.18407474216166975
2020-05-17 19:09:00,-0.25482647608100706
2020-05-17 19:12:00,-0.22561609191910748
2020-05-17 19:15:00,-0.21695700803059026
2020-05-17 19:18:00,-0.19827230064748846
2020-05-17 19:21:00,-0.17206749073449146
2020-05-17 19:24:00,-0.2010819874500953
2020-05-17 19:27:00,-0.14808720713500634
2020-05-17 19:30:00,-0.18268998296696282
2020-05-17 19:33:00,-0.24933002610430322
2020-05-17 19:36:00,-0.1913993653603825
2020-05-17 19:39:00,-0.19250729586627813
2020-05-17 19:42:00,-0.35329901496277216
2020-05-17 19:45:00,-0.16036413715852404
2020-05-17 19:48:00,-0.25359455238498185
2020-05-17 19:51:00,-0.18209494607975785
2020-05-17 19:54:00,-0.050589188995161294
2020-05-17 19:57:00,-0.14946429617435797
2020-05-17 20:00:00,-0.19419432497022626
2020-05-17 20:03:00,-0.16173309154510207
2020-05-17 20:06:00,-0.22202281530462642
2020-05-17 20:09:00,-0.11064790899320087
2020-05-17 20:12:00,-0.05613340104207509
2020-05-17 20:15:00,0.01715274095067798
2020-05-17 20:18:00,-0.056063451642444306
2020-05-17 20:21:00,-0.21725985566490635
2020-05-17 20:24:00,-0.09819501805372965
2020-05-17 20:27:00,-0.08462505700560996
2020-05-17 20:30:00,-0.06596512259397969
2020-05-17 20:33:00,-0.04679472342070312
2020-05-17 20:36:00,-0.032199442860417093
2020-05-17 20:39:00,-0.11483099456415857
2020-05-17 20:42:00,-0.12406344366064559
2020-05-17 20:45:00,-0.24544175978223848
2020-05-17 20:48:00,-0.19927623169996878
2020-05-17 20:51:00,-0.06192031989320412
2020-05-17 20:54:00,-0.2285584748982501
2020-05-17 20:57:00,-0.09403204890776351
2020-05-17 21:00:00,-0.09981669074488764
2020-05-17 21:03:00,-0.00637037960740372
2020-05-17 21:06:00,-0.17436078764677632
2020-05-17 21:09:00,-0.20654331187807884
2020-05-17 21:12:00,-0.18709586024493774
2020-05-17 21:15:00,-0.03808720821945144
2020-05-17 21:18:00,-0.04483604660157425
2020-05-17 21:21:00,-0.09507212578665758
2020-05-17 21:24:00,-0.08585331843278254
2020-05-17 21:27:00,-0.05255192549657295
2020-05-17 21:30:00,0.017430970810153212
2020-05-17 21:33:00,0.17259526754531862
2020-05-17 21:36:00,0.02737446993165804
2020-05-17 21:39:00,-0.029814056294583224
2020-05-17 21:42:00,0.030420003664971773
2020-05-17 21:45:00,-0.03126751495983626
2020-05-17 21:48:00,-0.052213565544036555
2020-05-17 21:51:00,0.05291468529128451
2020-05-17 21:54:00,-0.027400982242909322
2020-05-17 21:57:00,0.04783361917424145
2020-05-17 22:00:00,-0.08247923942093394
2020-05-17 22:03:00,-0.051936130231297284
2020-05-17 22:06:00,-0.0414825308350828
2020-05-17 22:09:00,-0.0030237449123546867
2020-05-17 22:12:00,-0.04752062333398044
2020-05-17 22:15:00,-0.021349563968271923
2020-05-17 22:18:00,0.025274210890017912
2020-05-17 22:21:00,-0.05701821071312452
2020-05-17 22:24:00,0.08468095421574162
2020-05-17 22:27:00,-0.07161123647546219
2020-05-17 22:30:00,0.0729417332775597
2020-05-17 22:33:00,0.04597167248249434
2020-05-17 22:36:00,0.05359609882668792
2020-05-17 22:39:00,-0.010971712479431517
2020-05-17 22:42:00,0.02543465535126188
2020-05-17 22:45:00,0.02860545051680674
2020-05-17 22:48:00,0.0687539805261963
2020-05-17 22:51:00,-0.004211735150647655
2020-05-17 22:54:00,0.050501331510304226
2020-05-17 22:57:00,-0.02123823681841941
2020-05-17 23:00:00,-0.03993464031213989
2020-05-17 23:03:00,0.01311586025900624
2020-05-17 23:06:00,0.02258482306802989
2020-05-17 23:09:00,0.05145858471541942
2020-05-17 23:12:00,0.050955872009637915
2020-05-17 23:15:00,0.05422405327658453
2020-05-17 23:18:00,0.08539323919671915
2020-05-17 23:21:00,0.08568758537342092
2020-05-17 23:24:00,0.08500017539267901
2020-05-17 23:27:00,0.11435193429775836
2020-05-17 23:30:00,0.054070529940418055
2020-05-17 23:33:00,0.002408231344361411
2020-05-17 23:36:00,0.11028594095279232
2020-05-17 23:39:00,0.13098148117751407
2020-05-17 23:42:00,0.1110009528356386
2020-05-17 23:45:00,0.1125126062261188
2020-05-17 23:48:00,0.038126679556285126
2020-05-17 23:51:00,0.028719722114033175
2020-05-17 23:54:00,0.05278925691123959
2020-05-17 23:57:00,0.04423802052878045
2020-05-18 00:00:00,0.09575059571847078
2020-05-18 00:03:00,0.05010234754263365
2020-05-18 00:06:00,0.07739385040173374
2020-05-18 00:09:00,0.08832628492069716
2020-05-18 00:12:00,0.10495714908887521
2020-05-18 00:15:00,0.10036523518351714
2020-05-18 00:18:00,0.1533187803801752
2020-05-18 00:21:00,0.003944262554284705
2020-05-18 00:24:00,0.07718816603949108
2020-05-18 00:27:00,0.05886070391255771
2020-05-18 00:30:00,0.08496660650445165
2020-05-18 00:33:00,0.050508888526678675
2020-05-18 00:36:00,0.10760195025420671
2020-05-18 00:39:00,0.10222405845388494
2020-05-18 00:42:00,0.1359507393876811
2020-05-18 00:45:00,0.053188652955270754
2020-05-18 00:48:00,0.06247200854670609
2020-05-18 00:51:00,-0.01535073089354455
2020-05-18 00:54:00,0.06803811871066046
2020-05-18 00:57:00,0.10126067924852578
2020-05-18 01:00:00,0.02542901147057819
2020-05-18 01:03:00,0.08324567016882156
2020-05-18 01:06:00,0.10084004636041755
2020-05-18 01:09:00,0.09401532259641954
2020-05-18 01:12:00,0.0853789255353945
2020-05-18 01:15:00,0.029459920705505738
2020-05-18 01:18:00,0.10543078745075718
2020-05-18 01:21:00,0.056095277561098555
2020-05-18 01:24:00,0.12313980276712755
2020-05-18 01:27:00,0.14496956273831074
2020-05-18 01:30:00,0.1289873652769984
2020-05-18 01:33:00,0.184766222435087
2020-05-18 01:36:00,0.20857962046375178
2020-05-18 01:39:00,0.15186904531805112
2020-05-18 01:42:00,0.17331042237185557
2020-05-18 01:45:00,0.17249710801263518
2020-05-18 01:48:00,0.15490850040674786
2020-05-18 01:51:00,0.17572816350167386
2020-05-18 01:54:00,0.08585977338520934
2020-05-18 01:57:00,0.18727834119368936
2020-05-18 02:00:00,0.12437672986243342
2020-05-18 02:03:00,0.15841759768824204
2020-05-18 02:06:00,0.14896694319372727
2020-05-18 02:09:00,0.08857972150957494
2020-05-18 02:12:00,-0.009045867125678342
2020-05-18 02:15:00,0.08324560567155004
2020-05-18 02:18:00,0.05797903445619568
2020-05-18 02:21:00,0.08732430573121519
2020-05-18 02:24:00,-0.0012948960814469501
2020-05-18 02:27:00,-0.012936318296397076
2020-05-18 02:30:00,0.07315122089966053
2020-05-18 02:33:00,0.07779977294165974
2020-05-18 02:36:00,0.09743417651969821
2020-05-18 02:39:00,-0.04154136213981019
2020-05-18 02:42:00,0.10941085074983903
2020-05-18 02:45:00,0.11102505718815792
2020-05-18 02:48:00,-0.019774436980469545
2020-05-18 02:51:00,-0.014565915932450935
2020-05-18 02:54:00,-0.02284693278835448
2020-05-18 02:57:00,-0.03150458222836505
2020-05-18 03:00:00,-0.08146943143560748
2020-05-18 03:03:00,-0.04414237397600118
2020-05-18 03:06:00,-0.06717029082687986
2020-05-18 03:09:00,-0.026272454526633737
2020-05-18 03:12:00,0.004939865692165313
2020-05-18 03:15:00,-0.08264658648482737
2020-05-18 03:18:00,-0.01065157744528733
2020-05-18 03:21:00,-0.012995170321914884
2020-05-18 03:24:00,0.06052882551551875
2020-05-18 03:27:00,0.08070147235014247
2020-05-18 03:30:00,0.0760576243825426
2020-05-18 03:33:00,0.05079869331575537
2020-05-18 03:36:00,0.23996257857908176
2020-05-18 03:39:00,0.3051375343976588
2020-05-18 03:42:00,0.37292415546409075
2020-05-18 03:45:00,0.25231136674824484
2020-05-18 03:48:00,0.3821991029512901
2020-05-18 03:51:00,0.38704565017764025
2020-05-18 03:54:00,0.41402724612663633
2020-05-18 03:57:00,0.3381790122363668
2020-05-18 04:00:00,0.33813080329315426
2020-05-18 04:03:00,0.25783726694311326
2020-05-18 04:06:00,0.26972995192750204
2020-05-18 04:09:00,0.27406632538219355
2020-05-18 04:12:00,0.2340268095277338
2020-05-18 04:15:00,0.21236450244026628
2020-05-18 04:18:00,0.31436477832858145
2020-05-18 04:21:00,0.31230485933190266
2020-05-18 04:24:00,0.29461085172482626
2020-05-18 04:27:00,0.15569143569695143
2020-05-18 04:30:00,0.08403991366645869
2020-05-18 04:33:00,0.17310104213862587
2020-05-18 04:36:00,0.2595800753390449
2020-05-18 04:39:00,0.12974731464760225
2020-05-18 04:42:00,0.12861466574713631
2020-05-18 04:45:00,0.15521384397561633
2020-05-18 04:48:00,0.2103786113891033
2020-05-18 04:51:00,0.19769361163361054
2020-05-18 04:54:00,0.2623442133925096
2020-05-18 04:57:00,0.2390671796327979
2020-05-18 05:00:00,0.29861376627843583
2020-05-18 05:03:00,0.27956941967329385
2020-05-18 05:06:00,0.3437681630148859
2020-05-18 05:09:00,0.35853338223830633
2020-05-18 05:12:00,0.4002078213733853
2020-05-18 05:15:00,0.2728761090828016
2020-05-18 05:18:00,0.3515691894376687
2020-05-18 05:21:00,0.42345519251131236
2020-05-18 05:24:00,0.35689094792741116
2020-05-18 05:27:00,0.4111735422904417
2020-05-18 05:30:00,0.2657534726171207
2020-05-18 05:33:00,0.32414166615086515
2020-05-18 05:36:00,0.3229077869114576
2020-05-18 05:39:00,0.25498719860490837
2020-05-18 05:42:00,0.2713024955062906
2020-05-18 05:45:00,0.3047973625652389
2020-05-18 05:48:00,0.33625552132053826
2020-05-18 05:51:00,0.2907761477662234
2020-05-18 05:54:00,0.30874013134973666
2020-05-18 05:57:00,0.3392234563445413
2020-05-18 06:00:00,0.25111052757375774
2020-05-18 06:03:00,0.17003631192039848
2020-05-18 06:06:00,0.24968513362983913
2020-05-18 06:09:00,0.20284115330514396
2020-05-18 06:12:00,0.22693506460484514
2020-05-18 06:15:00,0.17801521542338605
2020-05-18 06:18:00,0.2783123095954352
2020-05-18 06:21:00,0.19420219570878317
2020-05-18 06:24:00,0.20258942773256194
2020-05-18 06:27:00,0.18420008701815505
2020-05-18 06:30:00,0.06833778596933371
2020-05-18 06:33:00,0.3024890180604416
2020-05-18 06:36:00,0.3181305027878807
2020-05-18 06:39:00,0.20175085403741377
2020-05-18 06:42:00,0.1420123155982651
2020-05-18 06:45:00,0.25502569680753595
2020-05-18 06:48:00,0.2612146773811901
2020-05-18 06:51:00,0.20221067937291082
2020-05-18 06:54:00,0.1888425033964154
2020-05-18 06:57:00,0.1830581322967646
2020-05-18 07:00:00,0.26141653093441164
2020-05-18 07:03:00,0.22402490913697193
2020-05-18 07:06:00,0.2858131282831664
2020-05-18 07:09:00,0.26959439657645135
2020-05-18 07:12:00,0.24302185277059607
2020-05-18 07:15:00,0.28655551169174487
2020-05-18 07:18:00,0.2027470198008814
2020-05-18 07:21:00,0.23243576872812355
2020-05-18 07:24:00,0.29171577663322523
2020-05-18 07:27:00,0.18192414046694694
2020-05-18 07:30:00,0.24614277951707209
2020-05-18 07:33:00,0.2629019755102604
2020-05-18 07:36:00,0.28027529679536656
2020-05-18 07:39:00,0.22787539351372743
2020-05-18 07:42:00,0.18530736979823814
2020-05-18 07:45:00,0.18172191754524647
2020-05-18 07:48:00,0.2671037336192512
2020-05-18 07:51:00,0.1946824023245881
2020-05-18 07:54:00,0.2218267477628615
2020-05-18 07:57:00,0.23842956793549774
2020-05-18 08:00:00,0.2660240523270545
2020-05-18 08:03:00,0.28015098064099675
2020-05-18 08:06:00,0.1341283968732796
2020-05-18 08:09:00,0.12762055058698252
2020-05-18 08:12:00,0.19008182080762026
2020-05-18 08:15:00,0.16516159893967597
2020-05-18 08:18:00,0.21787844283130653
2020-05-18 08:21:00,0.20259544898766535
2020-05-18 08:24:00,0.20165515228364939
2020-05-18 08:27:00,0.13525107561656569
2020-05-18 08:30:00,0.16536668981962066
2020-05-18 08:33:00,0.09456674918538965
2020-05-18 08:36:00,0.1395980947706903
2020-05-18 08:39:00,0.10051790062635746
2020-05-18 08:42:00,0.167447491417704
2020-05-18 08:45:00,0.15311896714501927
2020-05-18 08:48:00,0.06570473115192499
2020-05-18 08:51:00,0.11822773902815698
2020-05-18 08:54:00,0.1376735442596555
2020-05-18 08:57:00,0.14069251664426474
2020-05-18 09:00:00,-0.02728216686585938
2020-05-18 09:03:00,0.1419636365912993
2020-05-18 09:06:00,0.14326528192015076
2020-05-18 09:09:00,-0.07340798806342264
2020-05-18 09:12:00,0.1931346158106635
2020-05-18 09:15:00,-0.021995940162241823
2020-05-18 09:18:00,0.007447364579547866
2020-05-18 09:21:00,0.08203028735562157
2020-05-18 09:24:00,0.011489975007691555
2020-05-18 09:27:00,-0.06695210060979662
2020-05-18 09:30:00,-0.05296548473859275
2020-05-18 09:33:00,0.007145943619832451
2020-05-18 09:36:00,-0.012898809178523152
2020-05-18 09:39:00,-0.012109539100151778
2020-05-18 09:42:00,-0.043930369458053065
2020-05-18 09:45:00,-0.12601771617562463
2020-05-18 09:48:00,-0.17998034789985695
2020-05-18 09:51:00,-0.14972701620723683
2020-05-18 09:54:00,-0.09484106347315446
2020-05-18 09:57:00,-0.1793170762496743
2020-05-18 10:00:00,-0.24687564429382292
2020-05-18 10:03:00,-0.1840702194192545
2020-05-18 10:06:00,-0.2138027939348035
2020-05-18 10:09:00,-0.29791552296376267
2020-05-18 10:12:00,-0.3667359775128034
2020-05-18 10:15:00,-0.14980772252414454
2020-05-18 10:18:00,-0.3789267582548632
2020-05-18 10:21:00,-0.3070724123949162
2020-05-18 10:24:00,-0.28793018305117357
2020-05-18 10:27:00,-0.4007297823532099
2020-05-18 10:30:00,-0.33104693114506745
2020-05-18 10:33:00,-0.4220237530940949
2020-05-18 10:36:00,-0.32217796103083174
2020-05-18 10:39:00,-0.462516402427525
2020-05-18 10:42:00,-0.401517036039138
2020-05-18 10:45:00,-0.4649022676877621
2020-05-18 10:48:00,-0.5125162693217931
2020-05-18 10:51:00,-0.3054610325240219
2020-05-18 10:54:00,-0.3484191863287833
2020-05-18 10:57:00,-0.3132461970951681
2020-05-18 11:00:00,-0.3435950738539191
2020-05-18 11:03:00,-0.3830518225097421
2020-05-18 11:06:00,-0.3253254471914033
2020-05-18 11:09:00,-0.340002931106028
2020-05-18 11:12:00,-0.3697453132234614
2020-05-18 11:15:00,-0.4722828291343717
2020-05-18 11:18:00,-0.4948181366273161
2020-05-18 11:21:00,-0.47847197090840154
2020-05-18 11:24:00,-0.3561935563024008
2020-05-18 11:27:00,-0.4074043226571007
2020-05-18 11:30:00,-0.3880369991306907
2020-05-18 11:33:00,-0.597980820783107
2020-05-18 11:36:00,-0.4511950692993878
2020-05-18 11:39:00,-0.4908877191031138
2020-05-18 11:42:00,-0.524248362566027
2020-05-18 11:45:00,-0.4629189475679709
2020-05-18 11:48:00,-0.46383505600135777
2020-05-18 11:51:00,-0.5160970129653037
2020-05-18 11:54:00,-0.4939225778635432
2020-05-18 11:57:00,-0.5402708428784422
2020-05-18 12:00:00,-0.48366542129440404
2020-05-18 12:03:00,-0.4717139015021985
2020-05-18 12:06:00,-0.36043478394856265
2020-05-18 12:09:00,-0.3934839448589855
2020-05-18 12:12:00,-0.532653149581904
2020-05-18 12:15:00,-0.45265265102904095
2020-05-18 12:18:00,-0.5036624908763088
2020-05-18 12:21:00,-0.5060210531968323
2020-05-18 12:24:00,-0.4086486395757447
2020-05-18 12:27:00,-0.6008572243738399
2020-05-18 12:30:00,-0.3730260844216673
2020-05-18 12:33:00,-0.30912591197682104
2020-05-18 12:36:00,-0.525881855754335
2020-05-18 12:39:00,-0.42551421149909174
2020-05-18 12:42:00,-0.21300015365380887
2020-05-18 12:45:00,-0.4177376417719074
2020-05-18 12:48:00,-0.5099956982689946
2020-05-18 12:51:00,-0.3675082822194895
2020-05-18 12:54:00,-0.32469515408303096
2020-05-18 12:57:00,-0.286854162361351
2020-05-18 13:00:00,-0.42581768647306717
2020-05-18 13:03:00,-0.3376981351538575
2020-05-18 13:06:00,-0.6857485952724005
2020-05-18 13:09:00,-0.5361445123256772
2020-05-18 13:12:00,-0.49106359967379376
2020-05-18 13:15:00,-0.45120307081288047
2020-05-18 13:18:00,-0.3949085306672373
2020-05-18 13:21:00,-0.5173766634911772
2020-05-18 13:24:00,-0.628766798427705
2020-05-18 13:27:00,-0.5589816236708884
2020-05-18 13:30:00,-0.4405456256954494
2020-05-18 13:33:00,-0.3284388772377156
2020-05-18 13:36:00,-0.33781464295947217
2020-05-18 13:39:00,-0.3945116666300805
2020-05-18 13:42:00,-0.3187620249418046
2020-05-18 13:45:00,-0.38040623361354164
2020-05-18 13:48:00,-0.43955944164588345
2020-05-18 13:51:00,-0.4219148621847353
2020-05-18 13:54:00,-0.20951049308536085
2020-05-18 13:57:00,-0.31353530476866354
2020-05-18 14:00:00,-0.262508764075676
2020-05-18 14:03:00,-0.14060463769499165
2020-05-18 14:06:00,-0.11237676827772702
2020-05-18 14:09:00,-0.2939633876129051
2020-05-18 14:12:00,-0.19577125703085585
2020-05-18 14:15:00,-0.14265496656423693
2020-05-18 14:18:00,-0.2677547637111388
2020-05-18 14:21:00,-0.26844528054067496
2020-05-18 14:24:00,-0.32186767285099904
2020-05-18 14:27:00,-0.15665017224165467
2020-05-18 14:30:00,0.11276551174535143
2020-05-18 14:33:00,0.09314373766625295
2020-05-18 14:36:00,0.03707192525001801
2020-05-18 14:39:00,0.07654353122779867
2020-05-18 14:42:00,0.01787889987423341
2020-05-18 14:45:00,-0.018710909104925122
2020-05-18 14:48:00,0.11374607556598448
2020-05-18 14:51:00,-0.009358602585905373
2020-05-18 14:54:00,-0.06174139181899818
2020-05-18 14:57:00,-0.08050437329768556
2020-05-18 15:00:00,0.06294042142434364
2020-05-18 15:03:00,-0.08807620538243555
2020-05-18 15:06:00,-0.12458447198042677
2020-05-18 15:09:00,-0.03134886767378475
2020-05-18 15:12:00,-0.04035900313192542
2020-05-18 15:15:00,-0.18520048702583836
2020-05-18 15:18:00,-0.2281274778854936
2020-05-18 15:21:00,-0.16414750852646876
2020-05-18 15:24:00,-0.32930280032542214
2020-05-18 15:27:00,-0.33633587287187083
2020-05-18 15:30:00,-0.3789078426675019
2020-05-18 15:33:00,-0.3575611117099129
2020-05-18 15:36:00,-0.2889082309177411
2020-05-18 15:39:00,-0.2938340386749019
2020-05-18 15:42:00,-0.24642418811868083
2020-05-18 15:45:00,-0.1977324749528293
2020-05-18 15:48:00,-0.3279076036281481
2020-05-18 15:51:00,-0.1892533202588993
2020-05-18 15:54:00,-0.28738140819336877
2020-05-18 15:57:00,-0.2475513377335119
2020-05-18 16:00:00,-0.30093798845808806
2020-05-18 16:03:00,-0.2253737212732858
2020-05-18 16:06:00,-0.32528601876856555
2020-05-18 16:09:00,-0.3486545761408024
2020-05-18 16:12:00,-0.32957990453741104
2020-05-18 16:15:00,-0.2897839458860858
2020-05-18 16:18:00,-0.3848993758916208
2020-05-18 16:21:00,-0.3649690542155781
2020-05-18 16:24:00,-0.2640181212547077
2020-05-18 16:27:00,-0.4166212084498966
2020-05-18 16:30:00,-0.2468289202990377
2020-05-18 16:33:00,-0.3517363246068612
2020-05-18 16:36:00,-0.3297824644803313
2020-05-18 16:39:00,-0.3962226013975396
2020-05-18 16:42:00,-0.29176195917904124
2020-05-18 16:45:00,-0.380940610922778
2020-05-18 16:48:00,-0.40146294805146
2020-05-18 16:51:00,-0.36272589488186213
2020-05-18 16:54:00,-0.4055928549690293
2020-05-18 16:57:00,-0.36171346875778454
2020-05-18 17:00:00,-0.38055591499983166
2020-05-18 17:03:00,-0.3676234221853747
2020-05-18 17:06:00,-0.42041937029540577
2020-05-18 17:09:00,-0.40837956357466965
2020-05-18 17:12:00,-0.3533183137309379
2020-05-18 17:15:00,-0.3707906817418234
2020-05-18 17:18:00,-0.4175980329778781
2020-05-18 17:21:00,-0.32845142560091745
2020-05-18 17:24:00,-0.464092278254725
2020-05-18 17:27:00,-0.4337441404908873
2020-05-18 17:30:00,-0.468657108194634
2020-05-18 17:33:00,-0.39704572387137205
2020-05-18 17:36:00,-0.38221528106868163
2020-05-18 17:39:00,-0.45537999411510555
2020-05-18 17:42:00,-0.48539231157462837
2020-05-18 17:45:00,-0.4555548573512169
2020-05-18 17:48:00,-0.37737518823087157
2020-05-18 17:51:00,-0.43795855362833436
2020-05-18 17:54:00,-0.4213256242624652
2020-05-18 17:57:00,-0.4413290720283385
2020-05-18 18:00:00,-0.44052829773374924
2020-05-18 18:03:00,-0.49407438096613987
2020-05-18 18:06:00,-0.38958429931500405
2020-05-18 18:09:00,-0.41841670560438615
2020-05-18 18:12:00,-0.4166500004248519
2020-05-18 18:15:00,-0.52437030564829
2020-05-18 18:18:00,-0.4163133664716838
2020-05-18 18:21:00,-0.4029138716082912
2020-05-18 18:24:00,-0.36765331254713374
2020-05-18 18:27:00,-0.38961859019332223
2020-05-18 18:30:00,-0.5591748205449107
2020-05-18 18:33:00,-0.44094878425926254
2020-05-18 18:36:00,-0.49393793521011276
2020-05-18 18:39:00,-0.44416318308338987
2020-05-18 18:42:00,-0.4557252730371033
2020-05-18 18:45:00,-0.4058695104889125
2020-05-18 18:48:00,-0.4342424063020758
2020-05-18 18:51:00,-0.46099211682997066
2020-05-18 18:54:00,
2020-05-18 18:57:00,
2020-05-18 19:00:00,
2020-05-18 19:03:00,-0.2762731309222204
2020-05-18 19:06:00,-0.3658591714066688
2020-05-18 19:09:00,-0.38891281828279034
2020-05-18 19:12:00,-0.40023707400962394
2020-05-18 19:15:00,-0.3301910382148776
2020-05-18 19:18:00,-0.34839425187709594
2020-05-18 19:21:00,-0.35721216458694016
2020-05-18 19:24:00,-0.33182542117958747
2020-05-18 19:27:00,-0.2925908213321122
2020-05-18 19:30:00,-0.2937822325606021
2020-05-18 19:33:00,-0.3286995953708356
2020-05-18 19:36:00,-0.3440395288972127
2020-05-18 19:39:00,-0.3503042086387609
2020-05-18 19:42:00,-0.2935955361569995
2020-05-18 19:45:00,-0.27574436739229213
2020-05-18 19:48:00,-0.26027043121382576
2020-05-18 19:51:00,-0.37323382713009323
2020-05-18 19:54:00,-0.2802227008713203
2020-05-18 19:57:00,-0.32938220743045576
2020-05-18 20:00:00,-0.37838980017738777
2020-05-18 20:03:00,-0.21351083840551155
2020-05-18 20:06:00,-0.3317465812449427
2020-05-18 20:09:00,-0.21492302548017506
2020-05-18 20:12:00,-0.2334837875666267
2020-05-18 20:15:00,-0.29232158507289796
2020-05-18 20:18:00,-0.30340385413387594
2020-05-18 20:21:00,-0.337534159418567
2020-05-18 20:24:00,-0.2824540643861724
2020-05-18 20:27:00,-0.18259964152053954
2020-05-18 20:30:00,-0.3181641306346137
2020-05-18 20:33:00,-0.2310411315565375
2020-05-18 20:36:00,-0.1397005763211041
2020-05-18 20:39:00,-0.24109484785054747
2020-05-18 20:42:00,-0.12170637357831993
2020-05-18 20:45:00,-0.12947740801445207
2020-05-18 20:48:00,-0.22885661552385272
2020-05-18 20:51:00,-0.14060521201656684
2020-05-18 20:54:00,-0.20931638382722895
2020-05-18 20:57:00,-0.21965552733712457
2020-05-18 21:00:00,-0.17947500376317294
2020-05-18 21:03:00,-0.24188823642532498
2020-05-18 21:06:00,-0.2171008572794335
2020-05-18 21:09:00,-0.17641809641207828
2020-05-18 21:12:00,-0.18818394946168837
2020-05-18 21:15:00,-0.11357982743675166
2020-05-18 21:18:00,-0.16683008698788626
2020-05-18 21:21:00,-0.15624400219167
2020-05-18 21:24:00,-0.16380257253354102
2020-05-18 21:27:00,-0.021049211775107324
2020-05-18 21:30:00,-0.032600222208145624
2020-05-18 21:33:00,0.010701134792498124
2020-05-18 21:36:00,0.030452993178300858
2020-05-18 21:39:00,-0.028585264975447444
2020-05-18 21:42:00,-0.11504223170067007
2020-05-18 21:45:00,-0.14356581785892786
2020-05-18 21:48:00,-0.10565551443897903
2020-05-18 21:51:00,0.050440311418242345
2020-05-18 21:54:00,-0.022609360539320278
2020-05-18 21:57:00,-0.14183296398249468
2020-05-18 22:00:00,-0.21689159704231997
2020-05-18 22:03:00,-0.04661453423449302
2020-05-18 22:06:00,-0.11215499065059475
2020-05-18 22:09:00,-0.09481097987907106
2020-05-18 22:12:00,-0.07106969403935182
2020-05-18 22:15:00,-0.18719021071865427
2020-05-18 22:18:00,-0.07253128896832095
2020-05-18 22:21:00,-0.04290490052670748
2020-05-18 22:24:00,-0.06647081904361585
2020-05-18 22:27:00,-0.040277621617804016
2020-05-18 22:30:00,-0.05100069639576077
2020-05-18 22:33:00,-0.10775430644372364
2020-05-18 22:36:00,-0.1324789773145767
2020-05-18 22:39:00,-0.12010367917883968
2020-05-18 22:42:00,-0.03839573961562337
2020-05-18 22:45:00,-0.08428243682385528
2020-05-18 22:48:00,-0.0739165859968125
2020-05-18 22:51:00,-0.06473968254761076
2020-05-18 22:54:00,0.07729970622000337
2020-05-18 22:57:00,-0.0008199429448723095
2020-05-18 23:00:00,0.1667667815793834
2020-05-18 23:03:00,0.15208775762624782
2020-05-18 23:06:00,0.21057787364929936
2020-05-18 23:09:00,0.2634773798271226
2020-05-18 23:12:00,-0.00313126546541298
2020-05-18 23:15:00,0.10782816554831243
2020-05-18 23:18:00,0.07475316965809498
2020-05-18 23:21:00,-0.04112255714045432
2020-05-18 23:24:00,0.04612150158067152
2020-05-18 23:27:00,0.02401433353725224
2020-05-18 23:30:00,-0.000812087083716051
2020-05-18 23:33:00,-0.006172970149805224
2020-05-18 23:36:00,0.06367478529551818
2020-05-18 23:39:00,0.005371052858038183
2020-05-18 23:42:00,-0.03697649421508231
2020-05-18 23:45:00,0.020030334448961185
2020-05-18 23:48:00,0.13013106388370943
2020-05-18 23:51:00,0.04814703394680464
2020-05-18 23:54:00,0.09618437576534689
2020-05-18 23:57:00,0.043308058650836756
2020-05-19 00:00:00,0.06932611346354633
2020-05-19 00:03:00,0.0829370730631922
2020-05-19 00:06:00,0.14337047259971314
2020-05-19 00:09:00,0.018567108774391272
2020-05-19 00:12:00,0.08451476459777041
2020-05-19 00:15:00,0.05955753868767033
2020-05-19 00:18:00,-0.010961730992960383
2020-05-19 00:21:00,0.03573971225131345
2020-05-19 00:24:00,0.04316433462435043
2020-05-19 00:27:00,0.0388942098979328
2020-05-19 00:30:00,0.039296454535588055
2020-05-19 00:33:00,-0.07100452170948302
2020-05-19 00:36:00,0.0034638123967738466
2020-05-19 00:39:00,0.05536740325453593
2020-05-19 00:42:00,0.07999797629929617
2020-05-19 00:45:00,-0.020135240980664548
2020-05-19 00:48:00,-0.01898177410430435
2020-05-19 00:51:00,0.031191014948660722
2020-05-19 00:54:00,0.018805615214375848
2020-05-19 00:57:00,0.08036314271538458
2020-05-19 01:00:00,0.052945314869816684
2020-05-19 01:03:00,0.10200805553108694
2020-05-19 01:06:00,0.11365357170910784
2020-05-19 01:09:00,0.15765120557597356
2020-05-19 01:12:00,0.07928018031992679
2020-05-19 01:15:00,0.1844577408548389
2020-05-19 01:18:00,0.14956461314233138
2020-05-19 01:21:00,0.2116778653842175
2020-05-19 01:24:00,0.22787957531261327
2020-05-19 01:27:00,0.13189686238808918
2020-05-19 01:30:00,0.06594144403152313
2020-05-19 01:33:00,0.25618359961100623
2020-05-19 01:36:00,0.22338877139236502
2020-05-19 01:39:00,0.199668126774327
2020-05-19 01:42:00,0.2517896636834962
2020-05-19 01:45:00,0.2267321143063441
2020-05-19 01:48:00,0.19465242539934025
2020-05-19 01:51:00,0.1059353132223464
2020-05-19 01:54:00,0.14803791172516867
2020-05-19 01:57:00,0.11428645192648901
2020-05-19 02:00:00,0.2002270921847753
2020-05-19 02:03:00,0.1342719564764252
2020-05-19 02:06:00,0.20786758876664635
2020-05-19 02:09:00,0.1958337549799012
2020-05-19 02:12:00,0.22033659959055285
2020-05-19 02:15:00,0.209696227095435
2020-05-19 02:18:00,0.19570472788433335
2020-05-19 02:21:00,0.20623636080961205
2020-05-19 02:24:00,0.19657534138320898
2020-05-19 02:27:00,0.18898136163664958
2020-05-19 02:30:00,0.17167191724502118
2020-05-19 02:33:00,0.11054144337037997
2020-05-19 02:36:00,0.07601724778129437
2020-05-19 02:39:00,0.13720886941609933
2020-05-19 02:42:00,0.16945320646624396
2020-05-19 02:45:00,0.044411446367973895
2020-05-19 02:48:00,0.06834955719716618
2020-05-19 02:51:00,0.07339137812152785
2020-05-19 02:54:00,0.08405564653730835
2020-05-19 02:57:00,0.07261579691311226
2020-05-19 03:00:00,0.2380076443927237
2020-05-19 03:03:00,0.027746406786491207
2020-05-19 03:06:00,0.15110983208734297
2020-05-19 03:09:00,0.05676857123319223
2020-05-19 03:12:00,0.13453491493169167
2020-05-19 03:15:00,0.16716027197452377
2020-05-19 03:18:00,0.10964844255420303
2020-05-19 03:21:00,0.08021571904652092
2020-05-19 03:24:00,0.11241182875727418
2020-05-19 03:27:00,0.11340528767004798
2020-05-19 03:30:00,0.1846970291514367
2020-05-19 03:33:00,0.1915133247826475
2020-05-19 03:36:00,0.3023810540281602
2020-05-19 03:39:00,0.2359608251730947
2020-05-19 03:42:00,0.26814866065052456
2020-05-19 03:45:00,0.2195209116028991
2020-05-19 03:48:00,0.17776675523879248
2020-05-19 03:51:00,0.19072307120933374
2020-05-19 03:54:00,0.09992465474800838
2020-05-19 03:57:00,0.013164107732620778
2020-05-19 04:00:00,0.14248977426524334
2020-05-19 04:03:00,0.09550439537594002
2020-05-19 04:06:00,0.10807503312804556
2020-05-19 04:09:00,0.03371617280578221
2020-05-19 04:12:00,0.24116474584769776
2020-05-19 04:15:00,0.25026600524557807
2020-05-19 04:18:00,0.20772989206989223
2020-05-19 04:21:00,0.1846188974029701
2020-05-19 04:24:00,0.2851317083465119
2020-05-19 04:27:00,0.18607123662422964
2020-05-19 04:30:00,0.24868364959149858
2020-05-19 04:33:00,0.2071484895093363
2020-05-19 04:36:00,0.28077593246689503
2020-05-19 04:39:00,0.3070250710963478
2020-05-19 04:42:00,0.31556631029508253
2020-05-19 04:45:00,0.3180777767634595
2020-05-19 04:48:00,0.29882244575389905
2020-05-19 04:51:00,0.34718985640569144
2020-05-19 04:54:00,0.40131358882194945
2020-05-19 04:57:00,0.40616415612919354
2020-05-19 05:00:00,0.3103841431668002
2020-05-19 05:03:00,0.2815454465238645
2020-05-19 05:06:00,0.27957979789977117
2020-05-19 05:09:00,0.20224851821325274
2020-05-19 05:12:00,0.29177824834312105
2020-05-19 05:15:00,0.2901010678854732
2020-05-19 05:18:00,0.19697061852036768
2020-05-19 05:21:00,0.2407410207061389
2020-05-19 05:24:00,0.23025336327225432
2020-05-19 05:27:00,0.20121605798703968
2020-05-19 05:30:00,0.21208357254141674
2020-05-19 05:33:00,0.2230782193805112
2020-05-19 05:36:00,0.15500921083861385
2020-05-19 05:39:00,0.18187255255674017
2020-05-19 05:42:00,0.193819415995506
2020-05-19 05:45:00,0.1447745110920664
2020-05-19 05:48:00,0.21532064208008705
2020-05-19 05:51:00,0.20902216820144304
2020-05-19 05:54:00,0.13074349924067974
2020-05-19 05:57:00,0.2593919782157741
2020-05-19 06:00:00,0.24440209143688207
2020-05-19 06:03:00,0.21996252923150905
2020-05-19 06:06:00,0.24649525557867946
2020-05-19 06:09:00,0.3353553526258679
2020-05-19 06:12:00,0.22796485338847106
2020-05-19 06:15:00,0.28920108229834796
2020-05-19 06:18:00,0.2822801275519282
2020-05-19 06:21:00,0.23800537779516162
2020-05-19 06:24:00,0.2425030327264608
2020-05-19 06:27:00,0.20434491634773622
2020-05-19 06:30:00,0.2382372762211844
2020-05-19 06:33:00,0.17099188970735213
2020-05-19 06:36:00,0.26415564953856574
2020-05-19 06:39:00,0.21182130765424745
2020-05-19 06:42:00,0.06623824482835516
2020-05-19 06:45:00,0.16961494066185878
2020-05-19 06:48:00,0.25950187602160213
2020-05-19 06:51:00,0.10523021531645327
2020-05-19 06:54:00,0.16968298928310332
2020-05-19 06:57:00,0.1571712303675099
2020-05-19 07:00:00,0.178432808640423
2020-05-19 07:03:00,0.20683785786479802
2020-05-19 07:06:00,0.16261237177525345
2020-05-19 07:09:00,0.16408718385417842
2020-05-19 07:12:00,0.2609453653759033
2020-05-19 07:15:00,0.22374526024913166
2020-05-19 07:18:00,0.1083763283199346
2020-05-19 07:21:00,0.21296148940427884
2020-05-19 07:24:00,0.20015891748613512
2020-05-19 07:27:00,0.22407852556165153
2020-05-19 07:30:00,0.1802295285827995
2020-05-19 07:33:00,0.1547889291920228
2020-05-19 07:36:00,0.16200368641312934
2020-05-19 07:39:00,0.131188391851083
2020-05-19 07:42:00,0.21406565117717946
2020-05-19 07:45:00,0.10798276458251621
2020-05-19 07:48:00,0.14501724746367017
2020-05-19 07:51:00,0.24367657776588203
2020-05-19 07:54:00,0.07525648757626868
2020-05-19 07:57:00,0.11158882585630181
2020-05-19 08:00:00,0.12371285248923414
2020-05-19 08:03:00,0.14776296566003566
2020-05-19 08:06:00,0.15996659093951848
2020-05-19 08:09:00,0.12713558088819354
2020-05-19 08:12:00,0.29830351690696943
2020-05-19 08:15:00,0.07764860718498312
2020-05-19 08:18:00,0.12924014773369663
2020-05-19 08:21:00,0.19843226811974546
2020-05-19 08:24:00,0.1521817080076744
2020-05-19 08:27:00,0.16645466501341843
2020-05-19 08:30:00,0.132604970712066
2020-05-19 08:33:00,0.15181614832056312
2020-05-19 08:36:00,0.04797104702078059
2020-05-19 08:39:00,0.16390008420768254
2020-05-19 08:42:00,0.07301902635737179
2020-05-19 08:45:00,0.02537896299759268
2020-05-19 08:48:00,-0.003315060512193213
2020-05-19 08:51:00,-0.013646590532857772
2020-05-19 08:54:00,0.1756483861041147
2020-05-19 08:57:00,0.11644746863277078
2020-05-19 09:00:00,-0.018036262890177568
2020-05-19 09:03:00,-0.05924153065586779
2020-05-19 09:06:00,-0.02170054392485099
2020-05-19 09:09:00,0.018927025975699507
2020-05-19 09:12:00,0.006506873972284666
2020-05-19 09:15:00,0.1688156810719761
2020-05-19 09:18:00,0.43513472429583544
2020-05-19 09:21:00,0.47422545498216095
2020-05-19 09:24:00,0.443259903676676
2020-05-19 09:27:00,0.18125483329356484
2020-05-19 09:30:00,-0.02628714413350508
2020-05-19 09:33:00,-0.08577238228815531
2020-05-19 09:36:00,-0.03955453779059326
2020-05-19 09:39:00,-0.020331300349425874
2020-05-19 09:42:00,0.02243512998654751
2020-05-19 09:45:00,0.1540311357811106
2020-05-19 09:48:00,-0.00354466354485794
2020-05-19 09:51:00,-0.06154314054288079
2020-05-19 09:54:00,0.11647785895502238
2020-05-19 09:57:00,0.08376339417247891
2020-05-19 10:00:00,-0.0004055703602148242
2020-05-19 10:03:00,0.09707306319342024
2020-05-19 10:06:00,0.11306907514693876
2020-05-19 10:09:00,0.12637249719551846
2020-05-19 10:12:00,0.12532750432399098
2020-05-19 10:15:00,0.2044127304840231
2020-05-19 10:18:00,0.33374228582658816
2020-05-19 10:21:00,0.29569805347085776
2020-05-19 10:24:00,0.08637258569149253
2020-05-19 10:27:00,-0.004121817471400391
2020-05-19 10:30:00,-0.06447602453687296
2020-05-19 10:33:00,-0.08563991326280984
2020-05-19 10:36:00,-0.17783951552451072
2020-05-19 10:39:00,-0.06587223319422719
2020-05-19 10:42:00,0.003303251934880791
2020-05-19 10:45:00,0.15391710922898483
2020-05-19 10:48:00,-0.05024615330415827
2020-05-19 10:51:00,0.03532457449955473
2020-05-19 10:54:00,-0.019099569463492116
2020-05-19 10:57:00,-0.02076323799593638
2020-05-19 11:00:00,-0.11395121208363435
2020-05-19 11:03:00,0.0016201860282194502
2020-05-19 11:06:00,-0.07215521444635442
2020-05-19 11:09:00,0.03316803322701389
2020-05-19 11:12:00,0.1410212154404462
2020-05-19 11:15:00,0.20003702278722812
2020-05-19 11:18:00,0.20561049678087784
2020-05-19 11:21:00,0.1433296977421037
2020-05-19 11:24:00,0.2233581920152119
2020-05-19 11:27:00,0.1699594205900894
2020-05-19 11:30:00,0.256033725824409
2020-05-19 11:33:00,0.27534154206352923
2020-05-19 11:36:00,0.30895620976286864
2020-05-19 11:39:00,0.20631331108245377
2020-05-19 11:42:00,0.2896405227238006
2020-05-19 11:45:00,0.3045703605420158
2020-05-19 11:48:00,0.260040061801476
2020-05-19 11:51:00,0.3019926448043293
2020-05-19 11:54:00,0.16903222337839452
2020-05-19 11:57:00,0.2418876329678028
2020-05-19 12:00:00,0.26356683205273157
2020-05-19 12:03:00,0.2683571931609663
2020-05-19 12:06:00,0.23148541908739162
2020-05-19 12:09:00,0.19686705733562349
2020-05-19 12:12:00,0.19378759267169698
2020-05-19 12:15:00,0.24265564658230687
2020-05-19 12:18:00,0.2943537775828986
2020-05-19 12:21:00,0.2989002048436191
2020-05-19 12:24:00,0.26710042121231936
2020-05-19 12:27:00,0.27854966307336326
2020-05-19 12:30:00,0.2365442667932598
2020-05-19 12:33:00,0.35064269651655877
2020-05-19 12:36:00,0.4836179178179236
2020-05-19 12:39:00,0.5128540727682775
2020-05-19 12:42:00,0.33862353193563877
2020-05-19 12:45:00,0.3429750987879743
2020-05-19 12:48:00,0.36240101155755156
2020-05-19 12:51:00,0.40193993451782717
2020-05-19 12:54:00,0.3218712927243246
2020-05-19 12:57:00,0.2783660787745248
2020-05-19 13:00:00,0.31997480880011153
2020-05-19 13:03:00,0.2348426003279087
2020-05-19 13:06:00,0.3847542885732196
2020-05-19 13:09:00,0.2427858853116618
2020-05-19 13:12:00,0.3905959703653821
2020-05-19 13:15:00,0.40137301591045116
2020-05-19 13:18:00,0.40840757562278895
2020-05-19 13:21:00,0.34216402828582204
2020-05-19 13:24:00,0.36216011319487507
2020-05-19 13:27:00,0.33328944358908075
2020-05-19 13:30:00,0.32680765260738553
2020-05-19 13:33:00,0.3280817417522712
2020-05-19 13:36:00,0.32727623517251914
2020-05-19 13:39:00,0.27250033316141753
2020-05-19 13:42:00,0.3204451500411096
2020-05-19 13:45:00,0.3075635391251126
2020-05-19 13:48:00,0.2990574917500908
2020-05-19 13:51:00,0.296157785650621
2020-05-19 13:54:00,0.2722366293458549
2020-05-19 13:57:00,0.2744529744029478
2020-05-19 14:00:00,0.3683431259754002
2020-05-19 14:03:00,0.3184970213235374
2020-05-19 14:06:00,0.3355393192542806
2020-05-19 14:09:00,0.3441149040507412
2020-05-19 14:12:00,0.27128804605865753
2020-05-19 14:15:00,0.3157036721682971
2020-05-19 14:18:00,0.3241343297030994
2020-05-19 14:21:00,0.28395002847531714
2020-05-19 14:24:00,0.23418996843213336
2020-05-19 14:27:00,0.2802789773410268
2020-05-19 14:30:00,0.2051045318879119
2020-05-19 14:33:00,0.28279446242612494
2020-05-19 14:36:00,0.2983974920290393
2020-05-19 14:39:00,0.14134360833037363
2020-05-19 14:42:00,0.18398962554368836
2020-05-19 14:45:00,0.2620276168096325
2020-05-19 14:48:00,0.18600266913898622
2020-05-19 14:51:00,0.16038192955130626
2020-05-19 14:54:00,0.19240449552279415
2020-05-19 14:57:00,0.25239597393101576
2020-05-19 15:00:00,0.18872725504581922
2020-05-19 15:03:00,0.22420345018963417
2020-05-19 15:06:00,0.16640616365458527
2020-05-19 15:09:00,0.3299140403025831
2020-05-19 15:12:00,0.3208984258997134
2020-05-19 15:15:00,0.12510876160342832
2020-05-19 15:18:00,0.2852379774877818
2020-05-19 15:21:00,0.2383748815116178
2020-05-19 15:24:00,0.2172769622863484
2020-05-19 15:27:00,0.09017484453420366
2020-05-19 15:30:00,0.14210056587160125
2020-05-19 15:33:00,0.0819481462378917
2020-05-19 15:36:00,0.12882232191225285
2020-05-19 15:39:00,0.1373137741137498
2020-05-19 15:42:00,0.15357982013114224
2020-05-19 15:45:00,0.19910343521246432
2020-05-19 15:48:00,0.09377131149602747
2020-05-19 15:51:00,0.2238760420391941
2020-05-19 15:54:00,0.08833755167597701
2020-05-19 15:57:00,0.197369419127142
2020-05-19 16:00:00,0.15436446393613323
2020-05-19 16:03:00,0.1786570226153117
2020-05-19 16:06:00,0.18414609604269572
2020-05-19 16:09:00,0.10579314645264049
2020-05-19 16:12:00,0.05984609129143337
2020-05-19 16:15:00,0.18819656993417766
2020-05-19 16:18:00,0.21622537290318178
2020-05-19 16:21:00,0.05571050233351116
2020-05-19 16:24:00,0.17064182185958998
2020-05-19 16:27:00,0.09801426717007189
2020-05-19 16:30:00,0.0954531044113196
2020-05-19 16:33:00,0.11851458530605896
2020-05-19 16:36:00,0.1375816137966126
2020-05-19 16:39:00,0.08252708732567271
2020-05-19 16:42:00,0.23088990782247265
2020-05-19 16:45:00,0.10425776159178213
2020-05-19 16:48:00,0.11894869642594585
2020-05-19 16:51:00,0.09848614172977932
2020-05-19 16:54:00,0.06685413743923618
2020-05-19 16:57:00,0.10196264620179818
2020-05-19 17:00:00,0.080601896914402
2020-05-19 17:03:00,0.016529989722471328
2020-05-19 17:06:00,0.041590224414221666
2020-05-19 17:09:00,0.09906969017890788
2020-05-19 17:12:00,0.1371551850954802
2020-05-19 17:15:00,-0.011154060174533242
2020-05-19 17:18:00,0.008999904687641447
2020-05-19 17:21:00,0.1256201444982139
2020-05-19 17:24:00,-0.04485786674285919
2020-05-19 17:27:00,-0.07499703720469597
2020-05-19 17:30:00,0.0218390087288185
2020-05-19 17:33:00,-0.03762221371795249
2020-05-19 17:36:00,0.10028106783079238
2020-05-19 17:39:00,0.10445042877495325
2020-05-19 17:42:00,0.02966046377918019
2020-05-19 17:45:00,0.01010025339405729
2020-05-19 17:48:00,0.07058110856752364
2020-05-19 17:51:00,0.1394336150637514
2020-05-19 17:54:00,0.060668437316167
2020-05-19 17:57:00,0.11470949082786319
2020-05-19 18:00:00,0.10260721933201467
2020-05-19 18:03:00,0.036774061158041604
2020-05-19 18:06:00,0.06219326892136223
2020-05-19 18:09:00,0.056796603078964836
2020-05-19 18:12:00,0.08948360339917372
2020-05-19 18:15:00,0.09426579543014668
2020-05-19 18:18:00,0.11687495311144858
2020-05-19 18:21:00,0.08161876033989302
2020-05-19 18:24:00,0.13948838376779804
2020-05-19 18:27:00,-0.025515602908171786
2020-05-19 18:30:00,0.17640123761378845
2020-05-19 18:33:00,0.06567697743048484
2020-05-19 18:36:00,0.030695131945151388
2020-05-19 18:39:00,0.07812553803256606
2020-05-19 18:42:00,0.17272412405458226
2020-05-19 18:45:00,0.1469291211940913
2020-05-19 18:48:00,0.24112712300672
2020-05-19 18:51:00,0.24710184969194415
2020-05-19 18:54:00,0.16295306349803695
2020-05-19 18:57:00,
2020-05-19 19:00:00,
2020-05-19 19:03:00,0.15921566232179885
2020-05-19 19:06:00,0.23164809939504494
2020-05-19 19:09:00,0.17798977985302145
2020-05-19 19:12:00,0.11577350723678137
2020-05-19 19:15:00,0.24904813678051596
2020-05-19 19:18:00,0.18078229405711
2020-05-19 19:21:00,0.1564784925726599
2020-05-19 19:24:00,0.2063787711765599
2020-05-19 19:27:00,0.16083880254001315
2020-05-19 19:30:00,0.23086777338880893
2020-05-19 19:33:00,0.11441859300731494
2020-05-19 19:36:00,0.15466846431155545
2020-05-19 19:39:00,0.23641476116512194
2020-05-19 19:42:00,0.20808745729260636
2020-05-19 19:45:00,0.2353566479716278
2020-05-19 19:48:00,0.1969743386458731
2020-05-19 19:51:00,0.25619358187157104
2020-05-19 19:54:00,0.26012104842146755
2020-05-19 19:57:00,0.28397931158531264
2020-05-19 20:00:00,0.31520295519800356
2020-05-19 20:03:00,0.2582501093496603
2020-05-19 20:06:00,0.26283700674872534
2020-05-19 20:09:00,0.281834276902714
2020-05-19 20:12:00,0.3017351254993059
2020-05-19 20:15:00,0.29346129917428243
2020-05-19 20:18:00,0.2727092630423158
2020-05-19 20:21:00,0.30940759768577664
2020-05-19 20:24:00,0.1701775881484764
2020-05-19 20:27:00,0.21219853695356505
2020-05-19 20:30:00,0.19588574983856688
2020-05-19 20:33:00,0.2179518315703035
2020-05-19 20:36:00,0.1963505434902686
2020-05-19 20:39:00,0.1836374039196471
2020-05-19 20:42:00,0.21743322754866767
2020-05-19 20:45:00,0.20893076168039215
2020-05-19 20:48:00,0.2895805331409633
2020-05-19 20:51:00,0.20069796342363588
2020-05-19 20:54:00,0.3163146763222926
2020-05-19 20:57:00,0.20268616915012672
2020-05-19 21:00:00,0.24450391537175165
2020-05-19 21:03:00,0.1901848668789512
2020-05-19 21:06:00,0.35636212482637575
2020-05-19 21:09:00,0.2036138361664257
2020-05-19 21:12:00,0.24778467022844097
2020-05-19 21:15:00,0.28935670737507735
2020-05-19 21:18:00,0.30866933757562265
2020-05-19 21:21:00,0.3735905537081976
2020-05-19 21:24:00,0.3010472549092924
2020-05-19 21:27:00,0.26880876678694676
2020-05-19 21:30:00,0.30964400830413297
2020-05-19 21:33:00,0.33631707376139275
2020-05-19 21:36:00,0.27898138516150084
2020-05-19 21:39:00,0.2970115982384982
2020-05-19 21:42:00,0.30001421472820766
2020-05-19 21:45:00,0.35471779169790807
2020-05-19 21:48:00,0.4058609151112478
2020-05-19 21:51:00,0.39283322246740227
2020-05-19 21:54:00,0.3605577750182647
2020-05-19 21:57:00,0.37858315530303344
2020-05-19 22:00:00,0.36973007189209284
2020-05-19 22:03:00,0.3001689692339937
2020-05-19 22:06:00,0.21940166724408527
2020-05-19 22:09:00,0.2892245564928544
2020-05-19 22:12:00,0.30326663225895345
2020-05-19 22:15:00,0.4290185811664742
2020-05-19 22:18:00,0.3146246246926694
2020-05-19 22:21:00,0.30572255568455375
2020-05-19 22:24:00,0.34884664731976045
2020-05-19 22:27:00,0.4284772680893525
2020-05-19 22:30:00,0.2987569040873268
2020-05-19 22:33:00,0.4454042563056646
2020-05-19 22:36:00,0.3645590346083054
2020-05-19 22:39:00,0.44146973241373644
2020-05-19 22:42:00,0.41711024215851467
2020-05-19 22:45:00,0.3229634476511478
2020-05-19 22:48:00,0.4342916050006238
2020-05-19 22:51:00,0.37146577674923265
2020-05-19 22:54:00,0.35264045633408614
2020-05-19 22:57:00,0.29697550879825485
2020-05-19 23:00:00,0.3357315760573556
2020-05-19 23:03:00,0.3900027862383695
2020-05-19 23:06:00,0.3233126245017388
2020-05-19 23:09:00,0.40052184983164807
2020-05-19 23:12:00,0.4200101016522808
2020-05-19 23:15:00,0.4269049540912988
2020-05-19 23:18:00,0.4129771803158633
2020-05-19 23:21:00,0.3686800020994383
2020-05-19 23:24:00,0.3248660185824406
2020-05-19 23:27:00,0.3835145804428066
2020-05-19 23:30:00,0.4096165765668047
2020-05-19 23:33:00,0.35531501270952504
2020-05-19 23:36:00,0.44878168472962443
2020-05-19 23:39:00,0.44108210576388274
2020-05-19 23:42:00,0.49129791787635213
2020-05-19 23:45:00,0.4405779418723341
2020-05-19 23:48:00,0.4458514119654069
2020-05-19 23:51:00,0.47034818373310827
2020-05-19 23:54:00,0.46062912696072544
2020-05-19 23:57:00,0.4173197961835058
2020-05-20 00:00:00,0.3947232000028862
2020-05-20 00:03:00,0.4984406292974768
2020-05-20 00:06:00,0.4274086613000918
2020-05-20 00:09:00,0.359954220945383
2020-05-20 00:12:00,0.40623709786666495
2020-05-20 00:15:00,0.37955360101472024
2020-05-20 00:18:00,0.46692026740265646
2020-05-20 00:21:00,0.49204596430996617
2020-05-20 00:24:00,0.41019535962772125
2020-05-20 00:27:00,0.41306640935425776
2020-05-20 00:30:00,0.42246191426477253
2020-05-20 00:33:00,0.3770974325148586
2020-05-20 00:36:00,0.4645382886495213
2020-05-20 00:39:00,0.46357522775184634
2020-05-20 00:42:00,0.42569578412349074
2020-05-20 00:45:00,0.3975958301441551
2020-05-20 00:48:00,0.49524175163895734
2020-05-20 00:51:00,0.4820372283143115
2020-05-20 00:54:00,0.4165113749102147
2020-05-20 00:57:00,0.48565380188495055
2020-05-20 01:00:00,0.4828634061267394
2020-05-20 01:03:00,0.46584857780248967
2020-05-20 01:06:00,0.4395215910495267
2020-05-20 01:09:00,0.34357683186959775
2020-05-20 01:12:00,0.40659659228617784
2020-05-20 01:15:00,0.4300382267674081
2020-05-20 01:18:00,0.4348177466244465
2020-05-20 01:21:00,0.5228641823351836
2020-05-20 01:24:00,0.4450834599207383
2020-05-20 01:27:00,0.44477980662577465
2020-05-20 01:30:00,0.39339928707534
2020-05-20 01:33:00,0.38190146617580467
2020-05-20 01:36:00,0.4496773819706732
2020-05-20 01:39:00,0.45768434916669776
2020-05-20 01:42:00,0.5041640033616659
2020-05-20 01:45:00,0.44351235160854685
2020-05-20 01:48:00,0.4819652660800102
2020-05-20 01:51:00,0.382545993539793
2020-05-20 01:54:00,0.4680923938629462
2020-05-20 01:57:00,0.4916118435283465
2020-05-20 02:00:00,0.49375589251610563
2020-05-20 02:03:00,0.44515491189969225
2020-05-20 02:06:00,0.415091612892013
2020-05-20 02:09:00,0.45943180697923935
2020-05-20 02:12:00,0.3672156435650322
2020-05-20 02:15:00,0.4399403588207065
2020-05-20 02:18:00,0.5033656033428997
2020-05-20 02:21:00,0.38692170527070857
2020-05-20 02:24:00,0.3725835800051982
2020-05-20 02:27:00,0.4718329619694259
2020-05-20 02:30:00,0.3616718636008045
2020-05-20 02:33:00,0.4558971926720119
2020-05-20 02:36:00,0.44605390527090094
2020-05-20 02:39:00,0.39805209501059835
2020-05-20 02:42:00,0.4513446543359123
2020-05-20 02:45:00,0.4677334730179723
2020-05-20 02:48:00,0.4468204966324265
2020-05-20 02:51:00,0.4198752115993898
2020-05-20 02:54:00,0.4171536091696453
2020-05-20 02:57:00,0.5068301167632399
2020-05-20 03:00:00,0.5030029362729351
2020-05-20 03:03:00,0.43085959304119115
2020-05-20 03:06:00,0.48154098712694804
2020-05-20 03:09:00,0.4328311350064382
2020-05-20 03:12:00,0.4320017257597897
2020-05-20 03:15:00,0.4803566792726883
2020-05-20 03:18:00,0.4390778977424361
2020-05-20 03:21:00,0.3852471356846081
2020-05-20 03:24:00,0.5406106184691453
2020-05-20 03:27:00,0.48064173218602946
2020-05-20 03:30:00,0.46049904611072634
2020-05-20 03:33:00,0.4994412725437769
2020-05-20 03:36:00,0.41780632688590913
2020-05-20 03:39:00,0.4052236937650946
2020-05-20 03:42:00,0.40909425700692736
2020-05-20 03:45:00,0.4851709115757785
2020-05-20 03:48:00,0.5442566432224112
2020-05-20 03:51:00,0.5139734420660034
2020-05-20 03:54:00,0.449067194741815
2020-05-20 03:57:00,0.4169979501695025
2020-05-20 04:00:00,0.5710394764995499
2020-05-20 04:03:00,0.4948947116200202
2020-05-20 04:06:00,0.32331150421572374
2020-05-20 04:09:00,0.47781419502382505
2020-05-20 04:12:00,0.4634710024391211
2020-05-20 04:15:00,0.5451215951291033
2020-05-20 04:18:00,0.45061916020409853
2020-05-20 04:21:00,0.46150037034504976
2020-05-20 04:24:00,0.5074464416262572
2020-05-20 04:27:00,0.4709521569869821
2020-05-20 04:30:00,0.3767784819937674
2020-05-20 04:33:00,0.4234290074603564
2020-05-20 04:36:00,0.5637154714844996
2020-05-20 04:39:00,0.5064025706280972
2020-05-20 04:42:00,0.4938248844784425
2020-05-20 04:45:00,0.47330452805886125
2020-05-20 04:48:00,0.5233490008535568
2020-05-20 04:51:00,0.48018585648287626
2020-05-20 04:54:00,0.48676815077055835
2020-05-20 04:57:00,0.5463586054593179
2020-05-20 05:00:00,0.5407020755803273
2020-05-20 05:03:00,0.5201011913775346
2020-05-20 05:06:00,0.5297205583651703
2020-05-20 05:09:00,0.4498357188502382
2020-05-20 05:12:00,0.5470676749428094
2020-05-20 05:15:00,0.5421367363722993
2020-05-20 05:18:00,0.464022732406022
2020-05-20 05:21:00,0.5346797372778838
2020-05-20 05:24:00,0.5122641905847445
2020-05-20 05:27:00,0.5242172264302098
2020-05-20 05:30:00,0.4739677040888637
2020-05-20 05:33:00,0.5481835569782447
2020-05-20 05:36:00,0.4211702268997328
2020-05-20 05:39:00,0.49054848296106
2020-05-20 05:42:00,0.4372635208807196
2020-05-20 05:45:00,0.4941194892115277
2020-05-20 05:48:00,0.5181357449987445
2020-05-20 05:51:00,0.591967105178469
2020-05-20 05:54:00,0.4726192912049214
2020-05-20 05:57:00,0.5191754505070776
2020-05-20 06:00:00,0.5123906786261614
2020-05-20 06:03:00,0.4451251312136151
2020-05-20 06:06:00,0.49252296755173575
2020-05-20 06:09:00,0.49049580802693526
2020-05-20 06:12:00,0.5430871083316902
2020-05-20 06:15:00,0.45492778165044
2020-05-20 06:18:00,0.5291548514883289
2020-05-20 06:21:00,0.4583173811142274
2020-05-20 06:24:00,0.4580177160040648
2020-05-20 06:27:00,0.47147805048439295
2020-05-20 06:30:00,0.49052179345096647
2020-05-20 06:33:00,0.42643412302930983
2020-05-20 06:36:00,0.398444730200481
2020-05-20 06:39:00,0.5057868568519552
2020-05-20 06:42:00,0.4706879953102998
2020-05-20 06:45:00,0.5155352747505049
2020-05-20 06:48:00,0.48361056348619513
2020-05-20 06:51:00,0.45529689755926483
2020-05-20 06:54:00,0.4040664756765864
2020-05-20 06:57:00,0.5022158084600505
2020-05-20 07:00:00,0.521219674917802
2020-05-20 07:03:00,0.4564955273924056
2020-05-20 07:06:00,0.4627516121901749
2020-05-20 07:09:00,0.4442599027673282
2020-05-20 07:12:00,0.4252292816910881
2020-05-20 07:15:00,0.38628321148433997
2020-05-20 07:18:00,0.42408778547638804
2020-05-20 07:21:00,0.4318445413270524
2020-05-20 07:24:00,0.43150210021741486
2020-05-20 07:27:00,0.4197934783115329
2020-05-20 07:30:00,0.49476209004257043
2020-05-20 07:33:00,0.3963201417217874
2020-05-20 07:36:00,0.44806282421933474
2020-05-20 07:39:00,0.3620593553069398
2020-05-20 07:42:00,0.4406213760469768
2020-05-20 07:45:00,0.47659530315729626
2020-05-20 07:48:00,0.4350895916398372
2020-05-20 07:51:00,0.48098610079040327
2020-05-20 07:54:00,0.43065770427091365
2020-05-20 07:57:00,0.5094056883739881
2020-05-20 08:00:00,0.33321438485785393
2020-05-20 08:03:00,0.4810436351421572
2020-05-20 08:06:00,0.38283259112574797
2020-05-20 08:09:00,0.2823996184109774
2020-05-20 08:12:00,0.402233619760068
2020-05-20 08:15:00,0.41679475418618495
2020-05-20 08:18:00,0.33393859089596845
2020-05-20 08:21:00,0.408202064072384
2020-05-20 08:24:00,0.23315231881946374
2020-05-20 08:27:00,0.366538281576652
2020-05-20 08:30:00,0.3050375573146198
2020-05-20 08:33:00,0.22706890475211594
2020-05-20 08:36:00,0.32772855174567894
2020-05-20 08:39:00,0.26962605761406166
2020-05-20 08:42:00,0.21078475547278686
2020-05-20 08:45:00,0.2990595989080589
2020-05-20 08:48:00,0.20542252738488287
2020-05-20 08:51:00,0.2331728019276511
2020-05-20 08:54:00,0.2576160752508372
2020-05-20 08:57:00,0.24035508177848897
2020-05-20 09:00:00,0.3429364593501987
2020-05-20 09:03:00,0.26977145880061926
2020-05-20 09:06:00,0.250957534874658
2020-05-20 09:09:00,0.16441500480397053
2020-05-20 09:12:00,0.12515062559236867
2020-05-20 09:15:00,0.17782960714185947
2020-05-20 09:18:00,0.10770229197066783
2020-05-20 09:21:00,0.2628272583195894
2020-05-20 09:24:00,0.11730085254396272
2020-05-20 09:27:00,0.07516286319395249
2020-05-20 09:30:00,0.14364639456010764
2020-05-20 09:33:00,0.03356429537541317
2020-05-20 09:36:00,0.10238503284188027
2020-05-20 09:39:00,0.08244096469223905
2020-05-20 09:42:00,0.11270612016562609
2020-05-20 09:45:00,-0.021484081161361246
2020-05-20 09:48:00,-0.030642514965052214
2020-05-20 09:51:00,-0.0853804469824695
2020-05-20 09:54:00,0.01603524722918337
2020-05-20 09:57:00,0.002173875456890073
2020-05-20 10:00:00,0.05020403071199553
2020-05-20 10:03:00,-0.1755866744309742
2020-05-20 10:06:00,-0.00868680820121881
2020-05-20 10:09:00,-0.012742082725367254
2020-05-20 10:12:00,-0.044967853527111856
2020-05-20 10:15:00,-0.09948108718742787
2020-05-20 10:18:00,-0.15570683317810108
2020-05-20 10:21:00,-0.07392722872771174
2020-05-20 10:24:00,-0.10614945180134328
2020-05-20 10:27:00,-0.23686627020958895
2020-05-20 10:30:00,-0.15329336174761465
2020-05-20 10:33:00,-0.2494713978375671
2020-05-20 10:36:00,-0.20953475580790837
2020-05-20 10:39:00,-0.20942261551408592
2020-05-20 10:42:00,-0.2378352018596388
2020-05-20 10:45:00,-0.3004567629680537
2020-05-20 10:48:00,-0.2971540053142121
2020-05-20 10:51:00,-0.28045165066356503
2020-05-20 10:54:00,-0.2758682029304964
2020-05-20 10:57:00,-0.11710815342655678
2020-05-20 11:00:00,-0.21878366500811808
2020-05-20 11:03:00,-0.2943136924230316
2020-05-20 11:06:00,-0.14834166630532764
2020-05-20 11:09:00,-0.24741167369330697
2020-05-20 11:12:00,-0.26456289216474715
2020-05-20 11:15:00,-0.2525709701558867
2020-05-20 11:18:00,-0.3008430407816718
2020-05-20 11:21:00,-0.3737972757804755
2020-05-20 11:24:00,-0.27762927148916106
2020-05-20 11:27:00,-0.39052474927711955
2020-05-20 11:30:00,-0.22509366639440032
2020-05-20 11:33:00,-0.2447369290183019
2020-05-20 11:36:00,-0.34213693887460295
2020-05-20 11:39:00,-0.36786081204479615
2020-05-20 11:42:00,-0.22317949643053225
2020-05-20 11:45:00,-0.32661502014690313
2020-05-20 11:48:00,-0.3614265517115314
2020-05-20 11:51:00,-0.45416162199853716
2020-05-20 11:54:00,-0.3287421354961566
2020-05-20 11:57:00,-0.3930138974838542
2020-05-20 12:00:00,-0.367955128475387
2020-05-20 12:03:00,-0.3915203482729339
2020-05-20 12:06:00,-0.24140676467720823
2020-05-20 12:09:00,-0.3042690001381061
2020-05-20 12:12:00,-0.3123299515374356
2020-05-20 12:15:00,-0.4457510288032722
2020-05-20 12:18:00,-0.4317735495010311
2020-05-20 12:21:00,-0.4546560094618144
2020-05-20 12:24:00,-0.47460610634465183
2020-05-20 12:27:00,-0.29320469014703576
2020-05-20 12:30:00,-0.3865874737635977
2020-05-20 12:33:00,-0.3860736106910849
2020-05-20 12:36:00,-0.3752055579884086
2020-05-20 12:39:00,-0.3734984654730056
2020-05-20 12:42:00,-0.37626656199842046
2020-05-20 12:45:00,-0.4866938436557007
2020-05-20 12:48:00,-0.5586225124765178
2020-05-20 12:51:00,-0.26683858487149337
2020-05-20 12:54:00,-0.5159366997994539
2020-05-20 12:57:00,-0.38646329919748723
2020-05-20 13:00:00,-0.48847469547143874
2020-05-20 13:03:00,-0.46465954297002554
2020-05-20 13:06:00,-0.45327396978899515
2020-05-20 13:09:00,-0.43484807220846733
2020-05-20 13:12:00,-0.3971064300358762
2020-05-20 13:15:00,-0.4327713261367876
2020-05-20 13:18:00,-0.46041439917360094
2020-05-20 13:21:00,-0.3350395581250041
2020-05-20 13:24:00,-0.38532987427475973
2020-05-20 13:27:00,-0.3989590483321308
2020-05-20 13:30:00,-0.3375983774470228
2020-05-20 13:33:00,-0.4447027742784826
2020-05-20 13:36:00,-0.44112243655615657
2020-05-20 13:39:00,-0.5367862988385355
2020-05-20 13:42:00,-0.48721320372908394
2020-05-20 13:45:00,-0.380361433965561
2020-05-20 13:48:00,-0.35592695121579254
2020-05-20 13:51:00,-0.5077765849561615
2020-05-20 13:54:00,-0.45785364623498026
2020-05-20 13:57:00,-0.4121009739604915
2020-05-20 14:00:00,-0.41627497787175116
2020-05-20 14:03:00,-0.48986849292344914
2020-05-20 14:06:00,-0.5172291977752934
2020-05-20 14:09:00,-0.380083235480015
2020-05-20 14:12:00,-0.45295204046999515
2020-05-20 14:15:00,-0.3558360580731801
2020-05-20 14:18:00,-0.3552652469625741
2020-05-20 14:21:00,-0.37037103406709093
2020-05-20 14:24:00,-0.31561250610900515
2020-05-20 14:27:00,-0.36403467916471755
2020-05-20 14:30:00,-0.331661828343897
2020-05-20 14:33:00,-0.5335427000262598
2020-05-20 14:36:00,-0.399933122880725
2020-05-20 14:39:00,-0.38237628183219385
2020-05-20 14:42:00,-0.5013025615499487
2020-05-20 14:45:00,-0.43278665176870845
2020-05-20 14:48:00,-0.4666648153315123
2020-05-20 14:51:00,-0.469951676909659
2020-05-20 14:54:00,-0.4872317477668844
2020-05-20 14:57:00,-0.5044117145832274
2020-05-20 15:00:00,-0.4905048023317704
2020-05-20 15:03:00,-0.5323858417531255
2020-05-20 15:06:00,-0.5876249365940112
2020-05-20 15:09:00,-0.6351393019327247
2020-05-20 15:12:00,-0.5214114641529477
2020-05-20 15:15:00,-0.5287190438268681
2020-05-20 15:18:00,-0.4636548866207022
2020-05-20 15:21:00,-0.5525230374599914
2020-05-20 15:24:00,-0.5048256230954848
2020-05-20 15:27:00,-0.5101731884918763
2020-05-20 15:30:00,-0.46414306611012535
2020-05-20 15:33:00,-0.548992380239099
2020-05-20 15:36:00,-0.4420403973736029
2020-05-20 15:39:00,-0.425548043191327
2020-05-20 15:42:00,-0.49893036336021623
2020-05-20 15:45:00,-0.46461842278608856
2020-05-20 15:48:00,-0.4232794292411768
2020-05-20 15:51:00,-0.37646991379602923
2020-05-20 15:54:00,-0.5084329486850265
2020-05-20 15:57:00,-0.366814005561821
2020-05-20 16:00:00,-0.48613552457538844
2020-05-20 16:03:00,-0.4823034151969523
2020-05-20 16:06:00,-0.5584219536142996
2020-05-20 16:09:00,-0.5528712962955069
2020-05-20 16:12:00,-0.47785151770290213
2020-05-20 16:15:00,-0.5764739294380092
2020-05-20 16:18:00,-0.44716056524310943
2020-05-20 16:21:00,-0.3967041002711653
2020-05-20 16:24:00,-0.4869328478602597
2020-05-20 16:27:00,-0.3225372872014418
2020-05-20 16:30:00,-0.5561719047673819
2020-05-20 16:33:00,-0.4324697643173181
2020-05-20 16:36:00,-0.5566761229505914
2020-05-20 16:39:00,-0.4673725376432003
2020-05-20 16:42:00,-0.4496506228362023
2020-05-20 16:45:00,-0.4933629680424474
2020-05-20 16:48:00,-0.3736574013488507
2020-05-20 16:51:00,-0.40823400734763027
2020-05-20 16:54:00,-0.48430011340195733
2020-05-20 16:57:00,-0.4693519685468459
2020-05-20 17:00:00,-0.38839018063919184
2020-05-20 17:03:00,-0.5007592252082418
2020-05-20 17:06:00,-0.4188812827688366
2020-05-20 17:09:00,-0.49620581570678723
2020-05-20 17:12:00,-0.4757861861775723
2020-05-20 17:15:00,-0.4215349277710061
2020-05-20 17:18:00,-0.47337875572037547
2020-05-20 17:21:00,-0.4928277786762578
2020-05-20 17:24:00,-0.5069636065223335
2020-05-20 17:27:00,-0.46197408598709444
2020-05-20 17:30:00,-0.395164871448344
2020-05-20 17:33:00,-0.44321168807022104
2020-05-20 17:36:00,-0.46777412260587425
2020-05-20 17:39:00,-0.43639353315296603
2020-05-20 17:42:00,-0.4174344889006534
2020-05-20 17:45:00,-0.4794627320789573
2020-05-20 17:48:00,-0.5502259154451394
2020-05-20 17:51:00,-0.40328998784809755
2020-05-20 17:54:00,-0.44446941937957263
2020-05-20 17:57:00,-0.3385774388866025
2020-05-20 18:00:00,-0.34652347090593594
2020-05-20 18:03:00,-0.39585961652198876
2020-05-20 18:06:00,-0.3830877965478976
2020-05-20 18:09:00,-0.27221881273840154
2020-05-20 18:12:00,-0.4656128694161339
2020-05-20 18:15:00,-0.46304018417737325
2020-05-20 18:18:00,-0.48772042391578907
2020-05-20 18:21:00,-0.46657545452126215
2020-05-20 18:24:00,-0.32660865951919504
2020-05-20 18:27:00,-0.30796416210750976
2020-05-20 18:30:00,-0.36660517106548696
2020-05-20 18:33:00,-0.3682011251318613
2020-05-20 18:36:00,-0.30745857330651916
2020-05-20 18:39:00,-0.3801306491610603
2020-05-20 18:42:00,-0.3395293717879895
2020-05-20 18:45:00,-0.2518407059554306
2020-05-20 18:48:00,-0.252960035850208
2020-05-20 18:51:00,-0.19779868831142267
2020-05-20 18:54:00,-0.28640809200402373
2020-05-20 18:57:00,
2020-05-20 19:00:00,
2020-05-20 19:03:00,-0.12148981437701423
2020-05-20 19:06:00,-0.17078748468048843
2020-05-20 19:09:00,-0.20552164274999996
2020-05-20 19:12:00,-0.18634757213385456
2020-05-20 19:15:00,-0.1656776328414935
2020-05-20 19:18:00,-0.12228367757836622
2020-05-20 19:21:00,-0.11386649246333036
2020-05-20 19:24:00,-0.21680495759807172
2020-05-20 19:27:00,-0.11838522871619261
2020-05-20 19:30:00,-0.16365847567635683
2020-05-20 19:33:00,-0.06983768254377765
2020-05-20 19:36:00,-0.09677914095686901
2020-05-20 19:39:00,-0.09712281823016156
2020-05-20 19:42:00,-0.11498483235038748
2020-05-20 19:45:00,-0.11442386397209248
2020-05-20 19:48:00,-0.08503957916821037
2020-05-20 19:51:00,-0.09538521741620798
2020-05-20 19:54:00,0.0012223937993667278
2020-05-20 19:57:00,0.11270815331454287
2020-05-20 20:00:00,0.021578073447187762
2020-05-20 20:03:00,-0.085693193249881
2020-05-20 20:06:00,0.01280839584774185
2020-05-20 20:09:00,-0.05022356624095892
2020-05-20 20:12:00,-0.11050793584672647
2020-05-20 20:15:00,-0.06933148000973688
2020-05-20 20:18:00,-0.1790061165767156
2020-05-20 20:21:00,-0.06655914021882836
2020-05-20 20:24:00,-0.17082678436383958
2020-05-20 20:27:00,-0.061585307950906554
2020-05-20 20:30:00,-0.06478305039843235
2020-05-20 20:33:00,-0.07481073222362511
2020-05-20 20:36:00,-0.08588804592636734
2020-05-20 20:39:00,0.08628557345474519
2020-05-20 20:42:00,-0.006914126479728111
2020-05-20 20:45:00,0.014171253193239863
2020-05-20 20:48:00,-0.06796930176136584
2020-05-20 20:51:00,-0.0008542721628828076
2020-05-20 20:54:00,-0.01849166754743692
2020-05-20 20:57:00,0.003972549920035817
2020-05-20 21:00:00,-0.09246798690816149
2020-05-20 21:03:00,-0.10924223118303189
2020-05-20 21:06:00,-0.011077183564282223
2020-05-20 21:09:00,-0.11653940155667897
2020-05-20 21:12:00,-0.12089815081907318
2020-05-20 21:15:00,-0.10282174421570289
2020-05-20 21:18:00,-0.14812821623814898
2020-05-20 21:21:00,-0.04967476300993212
2020-05-20 21:24:00,-0.023096871581344658
2020-05-20 21:27:00,-0.05485375473591603
2020-05-20 21:30:00,-0.08219876376375623
2020-05-20 21:33:00,-0.06884084562670978
2020-05-20 21:36:00,-0.04329234991416797
2020-05-20 21:39:00,-0.0807358210934126
2020-05-20 21:42:00,-0.0037286768736066733
2020-05-20 21:45:00,-0.037429804519604204
2020-05-20 21:48:00,-0.0007834539398459128
2020-05-20 21:51:00,-0.032486887060599656
2020-05-20 21:54:00,0.0014356424263155532
2020-05-20 21:57:00,-0.1583276737911774
2020-05-20 22:00:00,-0.09118831557674412
2020-05-20 22:03:00,-0.09438302665017773
2020-05-20 22:06:00,-0.06490295569210502
2020-05-20 22:09:00,-0.1141376488193373
2020-05-20 22:12:00,-0.1013377544700802
2020-05-20 22:15:00,-0.051130848488355696
2020-05-20 22:18:00,-0.06689859727424619
2020-05-20 22:21:00,-0.03753532525598757
2020-05-20 22:24:00,-0.015782629713896767
2020-05-20 22:27:00,-0.05431799640621193
2020-05-20 22:30:00,-0.09316228260161097
2020-05-20 22:33:00,-0.02291762397948105
2020-05-20 22:36:00,-0.013814209821134682
2020-05-20 22:39:00,-0.008779240596027194
2020-05-20 22:42:00,-0.05224710978973235
2020-05-20 22:45:00,-0.05424657115054288
2020-05-20 22:48:00,-0.14304172123496528
2020-05-20 22:51:00,-0.10167624310804513
2020-05-20 22:54:00,-0.10411212228979139
2020-05-20 22:57:00,-0.05434729903686275
2020-05-20 23:00:00,-0.019803482119243654
2020-05-20 23:03:00,-0.09119806434824795
2020-05-20 23:06:00,-0.11683488215339821
2020-05-20 23:09:00,-0.07201530222477004
2020-05-20 23:12:00,0.011417512956484188
2020-05-20 23:15:00,-0.023838695808365173
2020-05-20 23:18:00,-0.09267256674712598
2020-05-20 23:21:00,-0.05125351770209363
2020-05-20 23:24:00,0.06228089698259964
2020-05-20 23:27:00,0.08161381342875984
2020-05-20 23:30:00,0.04531952829893271
2020-05-20 23:33:00,0.07288008979116967
2020-05-20 23:36:00,0.054673828132422386
2020-05-20 23:39:00,-0.0058204531227943335
2020-05-20 23:42:00,0.03941086680032413
2020-05-20 23:45:00,0.13665110539000125
2020-05-20 23:48:00,0.04725693948944354
2020-05-20 23:51:00,0.047223282595723504
2020-05-20 23:54:00,0.06110448943212532
2020-05-20 23:57:00,0.03738803175622252
2020-05-21 00:00:00,0.08659800359725978
2020-05-21 00:03:00,0.10389426911439159
2020-05-21 00:06:00,0.055364398322524266
2020-05-21 00:09:00,0.06895798698730005
2020-05-21 00:12:00,0.11140344631252219
2020-05-21 00:15:00,0.11317976065782887
2020-05-21 00:18:00,0.07960849554029892
2020-05-21 00:21:00,0.16526669962507867
2020-05-21 00:24:00,0.041889617778167576
2020-05-21 00:27:00,0.074509849575918
2020-05-21 00:30:00,0.05858688745644258
2020-05-21 00:33:00,0.01746096322875701
2020-05-21 00:36:00,0.050050549226682506
2020-05-21 00:39:00,0.05007179069184531
2020-05-21 00:42:00,-0.03257989840551545
2020-05-21 00:45:00,0.0760333113979641
2020-05-21 00:48:00,0.10624091733853902
2020-05-21 00:51:00,0.08202036148685465
2020-05-21 00:54:00,0.17150203484942494
2020-05-21 00:57:00,0.002495632872864917
2020-05-21 01:00:00,0.0781258112475598
2020-05-21 01:03:00,0.056770640328295485
2020-05-21 01:06:00,0.13372486458155208
2020-05-21 01:09:00,0.04690765126218821
2020-05-21 01:12:00,0.012176205689229391
2020-05-21 01:15:00,0.0644133649279297
2020-05-21 01:18:00,0.044953117868089976
2020-05-21 01:21:00,0.07172299528644999
2020-05-21 01:24:00,0.026483954384389108
2020-05-21 01:27:00,0.043180808682961924
2020-05-21 01:30:00,-0.02386642495707747
2020-05-21 01:33:00,0.18252787512432178
2020-05-21 01:36:00,0.08252714473383094
2020-05-21 01:39:00,0.12718732922911613
2020-05-21 01:42:00,0.03699518012143699
2020-05-21 01:45:00,0.16624536268932388
2020-05-21 01:48:00,0.14804593904790408
2020-05-21 01:51:00,0.1291918133367176
2020-05-21 01:54:00,0.0873082368295286
2020-05-21 01:57:00,0.16294390579565743
2020-05-21 02:00:00,0.16485690633140848
2020-05-21 02:03:00,0.16741055368936486
2020-05-21 02:06:00,0.16215143411881172
2020-05-21 02:09:00,0.23758914334382553
2020-05-21 02:12:00,0.17646090523737712
2020-05-21 02:15:00,0.12445168877820834
2020-05-21 02:18:00,0.16870205228781288
2020-05-21 02:21:00,0.12823683340332082
2020-05-21 02:24:00,0.1258360182943079
2020-05-21 02:27:00,0.2148469074599575
2020-05-21 02:30:00,0.2104237729334386
2020-05-21 02:33:00,0.1499969036161133
2020-05-21 02:36:00,0.1579283471363624
2020-05-21 02:39:00,0.10800569601195775
2020-05-21 02:42:00,0.19796040531031167
2020-05-21 02:45:00,0.16630933130602443
2020-05-21 02:48:00,0.10287539170798254
2020-05-21 02:51:00,0.2829017523015409
2020-05-21 02:54:00,0.23244482225805996
2020-05-21 02:57:00,0.1973787374968765
2020-05-21 03:00:00,0.17310118117808315
2020-05-21 03:03:00,0.12833882107599948
2020-05-21 03:06:00,0.19715576551510594
2020-05-21 03:09:00,0.1402099231126499
2020-05-21 03:12:00,0.1110016391020281
2020-05-21 03:15:00,0.12516408656006206
2020-05-21 03:18:00,0.25932178345073
2020-05-21 03:21:00,0.22163262053106791
2020-05-21 03:24:00,0.18388148459462172
2020-05-21 03:27:00,0.17441722033146334
2020-05-21 03:30:00,0.21297695881241907
2020-05-21 03:33:00,0.18290358195400813
2020-05-21 03:36:00,0.2394800714378107
2020-05-21 03:39:00,0.07958193430118854
2020-05-21 03:42:00,0.2300962103877282
2020-05-21 03:45:00,0.19900092620190435
2020-05-21 03:48:00,0.21324198728581223
2020-05-21 03:51:00,0.14600296619147457
2020-05-21 03:54:00,0.21435531584916134
2020-05-21 03:57:00,0.17141196993969743
2020-05-21 04:00:00,0.15488603279857216
2020-05-21 04:03:00,0.20322047925083098
2020-05-21 04:06:00,0.2755370064551812
2020-05-21 04:09:00,0.19631484443971203
2020-05-21 04:12:00,0.2068901394312661
2020-05-21 04:15:00,0.24821126130871107
2020-05-21 04:18:00,0.23662829451711787
2020-05-21 04:21:00,0.2965760507867685
2020-05-21 04:24:00,0.19064151439204124
2020-05-21 04:27:00,0.1513644918337036
2020-05-21 04:30:00,0.27050200437696503
2020-05-21 04:33:00,0.29809105068414965
2020-05-21 04:36:00,0.27197130728580987
2020-05-21 04:39:00,0.16794809747472073
2020-05-21 04:42:00,0.2925708779901015
2020-05-21 04:45:00,0.18435411679121216
2020-05-21 04:48:00,0.2528273575676394
2020-05-21 04:51:00,0.24017544098450117
2020-05-21 04:54:00,0.22447395364389422
2020-05-21 04:57:00,0.15002521770111343
2020-05-21 05:00:00,0.2364755984165754
2020-05-21 05:03:00,0.15319638802219515
2020-05-21 05:06:00,0.14881980659657756
2020-05-21 05:09:00,0.16909889609320317
2020-05-21 05:12:00,0.14470698529697756
2020-05-21 05:15:00,0.25480653835910516
2020-05-21 05:18:00,0.2710373720128132
2020-05-21 05:21:00,0.21845657330072754
2020-05-21 05:24:00,0.29756051157716
2020-05-21 05:27:00,0.26567224657890165
2020-05-21 05:30:00,0.23452201845873333
2020-05-21 05:33:00,0.265171051469963
2020-05-21 05:36:00,0.194661509299749
2020-05-21 05:39:00,0.2552676781139098
2020-05-21 05:42:00,0.30538637770109744
2020-05-21 05:45:00,0.23022227406363527
2020-05-21 05:48:00,0.29760304521232683
2020-05-21 05:51:00,0.3309710286917493
2020-05-21 05:54:00,0.27967002559785215
2020-05-21 05:57:00,0.3435632349619482
2020-05-21 06:00:00,0.29013723615565823
2020-05-21 06:03:00,0.2801419200936266
2020-05-21 06:06:00,0.36212202436826146
2020-05-21 06:09:00,0.21631495954812863
2020-05-21 06:12:00,0.30154567610009053
2020-05-21 06:15:00,0.39351330029097653
2020-05-21 06:18:00,0.31177976128401497
2020-05-21 06:21:00,0.2960529568243828
2020-05-21 06:24:00,0.3564999173301544
2020-05-21 06:27:00,0.4044112478214288
2020-05-21 06:30:00,0.27593249372063156
2020-05-21 06:33:00,0.3208475858854172
2020-05-21 06:36:00,0.3150558671589465
2020-05-21 06:39:00,0.2743654869381089
2020-05-21 06:42:00,0.28817756250288085
2020-05-21 06:45:00,0.2385728363157682
2020-05-21 06:48:00,0.24438818019592645
2020-05-21 06:51:00,0.21776027257516262
2020-05-21 06:54:00,0.19598073488117507
2020-05-21 06:57:00,0.22861553949309155
2020-05-21 07:00:00,0.1928987821339092
2020-05-21 07:03:00,0.1806807530495007
2020-05-21 07:06:00,0.3556491734551628
2020-05-21 07:09:00,0.2288483964184138
2020-05-21 07:12:00,0.25368964421249984
2020-05-21 07:15:00,0.24724426043889025
2020-05-21 07:18:00,0.1575462875077278
2020-05-21 07:21:00,0.3027053312807766
2020-05-21 07:24:00,0.3627133376511438
2020-05-21 07:27:00,0.2108713832790272
2020-05-21 07:30:00,0.2481712624646093
2020-05-21 07:33:00,0.18667315239338222
2020-05-21 07:36:00,0.25493322596111057
2020-05-21 07:39:00,0.18826146256748189
2020-05-21 07:42:00,0.23813702282558324
2020-05-21 07:45:00,0.2328880811843419
2020-05-21 07:48:00,0.259384893250342
2020-05-21 07:51:00,0.2038588138127011
2020-05-21 07:54:00,0.1990699485174332
2020-05-21 07:57:00,0.2290804708582641
2020-05-21 08:00:00,0.16456214866582286
2020-05-21 08:03:00,0.04662216994410073
2020-05-21 08:06:00,0.20458890565879528
2020-05-21 08:09:00,0.13424825270107021
2020-05-21 08:12:00,0.10639430315819709
2020-05-21 08:15:00,0.009658090018376697
2020-05-21 08:18:00,0.10334963971706657
2020-05-21 08:21:00,0.11030834381818977
2020-05-21 08:24:00,0.09813612619251444
2020-05-21 08:27:00,-0.030902103382459245
2020-05-21 08:30:00,-0.14009289034891026
2020-05-21 08:33:00,-0.05730086729801087
2020-05-21 08:36:00,-0.11502664013988806
2020-05-21 08:39:00,-0.003245509053897422
2020-05-21 08:42:00,-0.08241740758825244
2020-05-21 08:45:00,-0.12195330888698663
2020-05-21 08:48:00,-0.12324284721506729
2020-05-21 08:51:00,-0.1571198112781076
2020-05-21 08:54:00,-0.20200318698999808
2020-05-21 08:57:00,-0.18001693756968962
2020-05-21 09:00:00,-0.1978002609104692
2020-05-21 09:03:00,-0.31025969394505637
2020-05-21 09:06:00,-0.26233831815858366
2020-05-21 09:09:00,-0.2538169969848809
2020-05-21 09:12:00,-0.20456007791841557
2020-05-21 09:15:00,-0.18411306247838866
2020-05-21 09:18:00,-0.20803912231411914
2020-05-21 09:21:00,-0.1675397253383153
2020-05-21 09:24:00,-0.2667723275072831
2020-05-21 09:27:00,-0.3062146031446673
2020-05-21 09:30:00,-0.2853006400333129
2020-05-21 09:33:00,-0.2436258181672315
2020-05-21 09:36:00,-0.24275947541565301
2020-05-21 09:39:00,-0.25539783888194734
2020-05-21 09:42:00,-0.27653508327688314
2020-05-21 09:45:00,-0.32395000069470825
2020-05-21 09:48:00,-0.2700610369847709
2020-05-21 09:51:00,-0.31989914773754435
2020-05-21 09:54:00,-0.267750893958123
2020-05-21 09:57:00,-0.3611555438483265
2020-05-21 10:00:00,-0.3343795174241677
2020-05-21 10:03:00,-0.2621528338943335
2020-05-21 10:06:00,-0.3324848502943496
2020-05-21 10:09:00,-0.26455067241141705
2020-05-21 10:12:00,-0.3028117572983433
2020-05-21 10:15:00,-0.37627406161067256
2020-05-21 10:18:00,-0.3507509017193229
2020-05-21 10:21:00,-0.38982703878457414
2020-05-21 10:24:00,-0.43201901470575876
2020-05-21 10:27:00,-0.4390629927284522
2020-05-21 10:30:00,-0.3870153070054698
2020-05-21 10:33:00,-0.46523684412193234
2020-05-21 10:36:00,-0.3594146026849785
2020-05-21 10:39:00,-0.42184814891356837
2020-05-21 10:42:00,-0.4497316548522008
2020-05-21 10:45:00,-0.3973041511053452
2020-05-21 10:48:00,-0.43943227294835197
2020-05-21 10:51:00,-0.3346596838486562
2020-05-21 10:54:00,-0.5156708833918628
2020-05-21 10:57:00,-0.46876868481041356
2020-05-21 11:00:00,-0.4195651884859899
2020-05-21 11:03:00,-0.4386946438254995
2020-05-21 11:06:00,-0.42546026528424363
2020-05-21 11:09:00,-0.38090985412691225
2020-05-21 11:12:00,-0.4896099664145481
2020-05-21 11:15:00,-0.37379077682277284
2020-05-21 11:18:00,-0.45684117495585497
2020-05-21 11:21:00,-0.45964504488335933
2020-05-21 11:24:00,-0.4858482997994429
2020-05-21 11:27:00,-0.5075607377856954
2020-05-21 11:30:00,-0.5473350531615893
2020-05-21 11:33:00,-0.530611035143977
2020-05-21 11:36:00,-0.4330024884204704
2020-05-21 11:39:00,-0.5536689240221335
2020-05-21 11:42:00,-0.5651063223373853
2020-05-21 11:45:00,-0.50068229046326
2020-05-21 11:48:00,-0.4973586802867658
2020-05-21 11:51:00,-0.5683122531173126
2020-05-21 11:54:00,-0.511972724039083
2020-05-21 11:57:00,-0.6096711314224308
2020-05-21 12:00:00,-0.5832241349534115
2020-05-21 12:03:00,-0.6319228253880738
2020-05-21 12:06:00,-0.4966780136478519
2020-05-21 12:09:00,-0.4950220979835649
2020-05-21 12:12:00,-0.49692063332827274
2020-05-21 12:15:00,-0.5250911188375085
2020-05-21 12:18:00,-0.4477329010858284
2020-05-21 12:21:00,-0.5325438267074105
2020-05-21 12:24:00,-0.4582997292216646
2020-05-21 12:27:00,-0.6045267316750937
2020-05-21 12:30:00,-0.568925062745052
2020-05-21 12:33:00,-0.5462173822928662
2020-05-21 12:36:00,-0.5438815950916478
2020-05-21 12:39:00,-0.4614775967239666
2020-05-21 12:42:00,-0.5530591937488225
2020-05-21 12:45:00,-0.5265637408587622
2020-05-21 12:48:00,-0.5482126292939711
2020-05-21 12:51:00,-0.551048493972587
2020-05-21 12:54:00,-0.534741420780847
2020-05-21 12:57:00,-0.553037808006593
2020-05-21 13:00:00,-0.5590937924858395
2020-05-21 13:03:00,-0.5502916153803881
2020-05-21 13:06:00,-0.5846266712767374
2020-05-21 13:09:00,-0.5322941758971638
2020-05-21 13:12:00,-0.479765604045042
2020-05-21 13:15:00,-0.5662437792827859
2020-05-21 13:18:00,-0.5036228112214189
2020-05-21 13:21:00,-0.4980283271521557
2020-05-21 13:24:00,-0.5428373889849922
2020-05-21 13:27:00,-0.553447426599746
2020-05-21 13:30:00,-0.5480746872324858
2020-05-21 13:33:00,-0.5581087397501392
2020-05-21 13:36:00,-0.5420280372567845
2020-05-21 13:39:00,-0.5853829841680067
2020-05-21 13:42:00,-0.6292256088062231
2020-05-21 13:45:00,-0.5245583419984428
2020-05-21 13:48:00,-0.40655328032141824
2020-05-21 13:51:00,-0.42119580409485025
2020-05-21 13:54:00,-0.4979072512864491
2020-05-21 13:57:00,-0.5127904532682805
2020-05-21 14:00:00,-0.4359386222179751
2020-05-21 14:03:00,-0.5497363947896474
2020-05-21 14:06:00,-0.5387796327276533
2020-05-21 14:09:00,-0.49445619276679054
2020-05-21 14:12:00,-0.625142302931522
2020-05-21 14:15:00,-0.5916528502573328
2020-05-21 14:18:00,-0.4152460431392342
2020-05-21 14:21:00,-0.5217470920570122
2020-05-21 14:24:00,-0.609221844897263
2020-05-21 14:27:00,-0.5441064969710396
2020-05-21 14:30:00,-0.5243222692796508
2020-05-21 14:33:00,-0.44520810972130676
2020-05-21 14:36:00,-0.5524130276669439
2020-05-21 14:39:00,-0.6253230148765283
2020-05-21 14:42:00,-0.5932116331056818
2020-05-21 14:45:00,-0.4817478153769912
2020-05-21 14:48:00,-0.5454708912661772
2020-05-21 14:51:00,-0.6107100311854765
2020-05-21 14:54:00,-0.4732428913832223
2020-05-21 14:57:00,-0.5510895842214154
2020-05-21 15:00:00,-0.5075201200205584
2020-05-21 15:03:00,-0.5167559157277992
2020-05-21 15:06:00,-0.5307665958295615
2020-05-21 15:09:00,-0.5533923315257994
2020-05-21 15:12:00,-0.6296754229396697
2020-05-21 15:15:00,-0.5842521162885532
2020-05-21 15:18:00,-0.5659302135892403
2020-05-21 15:21:00,-0.5902983630307403
2020-05-21 15:24:00,-0.500725560503497
2020-05-21 15:27:00,-0.41153566636660344
2020-05-21 15:30:00,-0.5828573300651669
2020-05-21 15:33:00,-0.6043601438325936
2020-05-21 15:36:00,-0.4467907243943614
2020-05-21 15:39:00,-0.5285821829802444
2020-05-21 15:42:00,-0.6294872883082121
2020-05-21 15:45:00,-0.5736522425142425
2020-05-21 15:48:00,-0.5208851649527446
2020-05-21 15:51:00,-0.49045782287197426
2020-05-21 15:54:00,-0.5111713187073406
2020-05-21 15:57:00,-0.6214152205425307
2020-05-21 16:00:00,-0.5613220825762824
2020-05-21 16:03:00,-0.5862352943428846
2020-05-21 16:06:00,-0.5021207780297345
2020-05-21 16:09:00,-0.6077332166262295
2020-05-21 16:12:00,-0.551211356504723
2020-05-21 16:15:00,-0.5326426008679732
2020-05-21 16:18:00,-0.5482353818240995
2020-05-21 16:21:00,-0.37629650855865293
2020-05-21 16:24:00,-0.5211882122600286
2020-05-21 16:27:00,-0.46150392041130317
2020-05-21 16:30:00,-0.4664805766369682
2020-05-21 16:33:00,-0.5733530423401589
2020-05-21 16:36:00,-0.5767905868751768
2020-05-21 16:39:00,-0.4873324612787542
2020-05-21 16:42:00,-0.46138700392071996
2020-05-21 16:45:00,-0.47918250363295556
2020-05-21 16:48:00,-0.4615930716324783
2020-05-21 16:51:00,-0.49051475116186793
2020-05-21 16:54:00,-0.405326955603698
2020-05-21 16:57:00,-0.47252366851552097
2020-05-21 17:00:00,-0.5007502296327857
2020-05-21 17:03:00,-0.4517685081204377
2020-05-21 17:06:00,-0.49275943651292664
2020-05-21 17:09:00,-0.4470235128155764
2020-05-21 17:12:00,-0.5444010995007602
2020-05-21 17:15:00,-0.40300811361146316
2020-05-21 17:18:00,-0.48831304949192145
2020-05-21 17:21:00,-0.5067105272829053
2020-05-21 17:24:00,-0.4667036731522103
2020-05-21 17:27:00,-0.41232900924836713
2020-05-21 17:30:00,-0.4931679737925947
2020-05-21 17:33:00,-0.4961247687324999
2020-05-21 17:36:00,-0.4790147792852508
2020-05-21 17:39:00,-0.413893784007314
2020-05-21 17:42:00,-0.49847582532203205
2020-05-21 17:45:00,-0.4689880726517117
2020-05-21 17:48:00,-0.4091216503642272
2020-05-21 17:51:00,-0.38250900618521655
2020-05-21 17:54:00,-0.2869190802145454
2020-05-21 17:57:00,-0.37189676388402404
2020-05-21 18:00:00,-0.31731512517751526
2020-05-21 18:03:00,-0.39669863053870813
2020-05-21 18:06:00,-0.48502927385430894
2020-05-21 18:09:00,-0.518306704053316
2020-05-21 18:12:00,-0.32371170664049487
2020-05-21 18:15:00,-0.3880984706290178
2020-05-21 18:18:00,-0.3349950349313531
2020-05-21 18:21:00,-0.3758020449976698
2020-05-21 18:24:00,-0.3951141842276229
2020-05-21 18:27:00,-0.2890857197975265
2020-05-21 18:30:00,-0.34846039803426265
2020-05-21 18:33:00,-0.4328683816422654
2020-05-21 18:36:00,-0.4516083201909282
2020-05-21 18:39:00,-0.406552449427636
2020-05-21 18:42:00,-0.4685090512443253
2020-05-21 18:45:00,-0.3870713841669726
2020-05-21 18:48:00,-0.34822703298243596
2020-05-21 18:51:00,-0.30346442301799925
2020-05-21 18:54:00,
2020-05-21 18:57:00,
2020-05-21 19:00:00,
2020-05-21 19:03:00,-0.3731599757517188
2020-05-21 19:06:00,-0.2587746330501659
2020-05-21 19:09:00,-0.21140277757137937
2020-05-21 19:12:00,-0.22675855447437243
2020-05-21 19:15:00,-0.1850505635885611
2020-05-21 19:18:00,-0.20207793617231573
2020-05-21 19:21:00,-0.2774069286983831
2020-05-21 19:24:00,-0.15991545783197125
2020-05-21 19:27:00,-0.1464497153911566
2020-05-21 19:30:00,-0.1961602860177436
2020-05-21 19:33:00,-0.23151987282159325
2020-05-21 19:36:00,-0.28960491961089474
2020-05-21 19:39:00,-0.25092756358145607
2020-05-21 19:42:00,-0.21122713813338123
2020-05-21 19:45:00,-0.20737660471633035
2020-05-21 19:48:00,-0.22828746615374484
2020-05-21 19:51:00,-0.20592863383586746
2020-05-21 19:54:00,-0.16657672017760206
2020-05-21 19:57:00,-0.2576940383029296
2020-05-21 20:00:00,-0.1809922727727553
2020-05-21 20:03:00,-0.22867936134423417
2020-05-21 20:06:00,-0.16800958481434236
2020-05-21 20:09:00,-0.1647650438189885
2020-05-21 20:12:00,-0.14718371310090106
2020-05-21 20:15:00,-0.22892188871179542
2020-05-21 20:18:00,-0.24821024533082436
2020-05-21 20:21:00,-0.14290370413596065
2020-05-21 20:24:00,-0.13504881571230953
2020-05-21 20:27:00,-0.20235257951355834
2020-05-21 20:30:00,-0.169084766948572
2020-05-21 20:33:00,-0.2158341337954539
2020-05-21 20:36:00,-0.11571395459293399
2020-05-21 20:39:00,-0.16453875190291
2020-05-21 20:42:00,-0.1969918264729813
2020-05-21 20:45:00,-0.22958487917748016
2020-05-21 20:48:00,-0.25751184947665706
2020-05-21 20:51:00,-0.20974462645165204
2020-05-21 20:54:00,-0.09656353900504655
2020-05-21 20:57:00,-0.19259427865807766
2020-05-21 21:00:00,-0.14636271472068074
2020-05-21 21:03:00,-0.13745701785285291
2020-05-21 21:06:00,-0.0418503516018518
2020-05-21 21:09:00,0.03450025066041462
2020-05-21 21:12:00,-0.06284641882587039
2020-05-21 21:15:00,-0.14354377087272496
2020-05-21 21:18:00,-0.05935601454712014
2020-05-21 21:21:00,-0.09182101287098021
2020-05-21 21:24:00,-0.07000722920713542
2020-05-21 21:27:00,-0.0041710830478223215
2020-05-21 21:30:00,0.014937627027961753
2020-05-21 21:33:00,-0.01592761334586612
2020-05-21 21:36:00,0.09136485065971556
2020-05-21 21:39:00,-0.003907130933271219
2020-05-21 21:42:00,0.0342039936494416
2020-05-21 21:45:00,0.0323782173996392
2020-05-21 21:48:00,-0.009395248388614164
2020-05-21 21:51:00,0.06309946311210979
2020-05-21 21:54:00,0.07108072833398182
2020-05-21 21:57:00,0.046125724109231214
2020-05-21 22:00:00,0.11517647774866191
2020-05-21 22:03:00,-0.11671122024449687
2020-05-21 22:06:00,-0.07523025331681765
2020-05-21 22:09:00,0.012367507182887039
2020-05-21 22:12:00,-0.056310987437598214
2020-05-21 22:15:00,0.02292161265319237
2020-05-21 22:18:00,-0.0916401215245628
2020-05-21 22:21:00,-0.00507309404457601
2020-05-21 22:24:00,-0.19771764060413943
2020-05-21 22:27:00,-0.029094372773386112
2020-05-21 22:30:00,-0.06341815929249606
2020-05-21 22:33:00,-0.045793083240369015
2020-05-21 22:36:00,-0.09450590832346961
2020-05-21 22:39:00,-0.17889612201156524
2020-05-21 22:42:00,-0.00988235272171778
2020-05-21 22:45:00,-0.040527843068616676
2020-05-21 22:48:00,-0.0577429150973785
2020-05-21 22:51:00,-0.061630082157591914
2020-05-21 22:54:00,-0.093245048179881
2020-05-21 22:57:00,-0.06085605677350259
2020-05-21 23:00:00,-0.06488113343328905
2020-05-21 23:03:00,-0.1300299908798479
2020-05-21 23:06:00,-0.09506893096289559
2020-05-21 23:09:00,-0.05281572979384919
2020-05-21 23:12:00,-0.007997948210629602
2020-05-21 23:15:00,-0.07606325302839423
2020-05-21 23:18:00,-0.04838488686624487
2020-05-21 23:21:00,-0.03988631632302031
2020-05-21 23:24:00,-0.14597532847557204
2020-05-21 23:27:00,-0.08828519493141584
2020-05-21 23:30:00,-0.1237795672607831
2020-05-21 23:33:00,-0.12247672847422564
2020-05-21 23:36:00,-0.0288004149246035
2020-05-21 23:39:00,-0.024132762126953367
2020-05-21 23:42:00,0.02372980088756549
2020-05-21 23:45:00,-0.012505735766922044
2020-05-21 23:48:00,-0.10025449572094658
2020-05-21 23:51:00,-0.14460700823997286
2020-05-21 23:54:00,-0.04783355243449705
2020-05-21 23:57:00,0.0467453386759189
2020-05-22 00:00:00,0.005622332946586539
2020-05-22 00:03:00,0.02053541691833516
2020-05-22 00:06:00,0.018445686592258426
2020-05-22 00:09:00,-0.03154632782928957
2020-05-22 00:12:00,0.0442692137921199
2020-05-22 00:15:00,0.05131379387370316
2020-05-22 00:18:00,0.039257386873714495
2020-05-22 00:21:00,0.0672308737381968
2020-05-22 00:24:00,0.11516349996048802
2020-05-22 00:27:00,0.1262926283975503
2020-05-22 00:30:00,0.02944641226861222
2020-05-22 00:33:00,0.041029518741538595
2020-05-22 00:36:00,0.0015237493292374893
2020-05-22 00:39:00,-0.04712956247203692
2020-05-22 00:42:00,0.026354035018641753
2020-05-22 00:45:00,0.09119411233609753
2020-05-22 00:48:00,-0.01978832644516615
2020-05-22 00:51:00,0.012072723547646547
2020-05-22 00:54:00,0.13739881038827662
2020-05-22 00:57:00,0.0851086166998698
2020-05-22 01:00:00,0.016729133592491507
2020-05-22 01:03:00,0.05285686423633251
2020-05-22 01:06:00,0.107872146744171
2020-05-22 01:09:00,0.021888433892343073
2020-05-22 01:12:00,0.0608218478607796
2020-05-22 01:15:00,0.09727062395012354
2020-05-22 01:18:00,0.09842623103628512
2020-05-22 01:21:00,0.0415682784615683
2020-05-22 01:24:00,0.09005604651417798
2020-05-22 01:27:00,0.13028642380794508
2020-05-22 01:30:00,0.12144059701711285
2020-05-22 01:33:00,0.1305359106809192
2020-05-22 01:36:00,0.08293315563776105
2020-05-22 01:39:00,0.13600772456186405
2020-05-22 01:42:00,0.1520433765386997
2020-05-22 01:45:00,0.0235218205102683
2020-05-22 01:48:00,0.1787835845786958
2020-05-22 01:51:00,0.06737510027960525
2020-05-22 01:54:00,0.13895446544233891
2020-05-22 01:57:00,0.002117193083734037
2020-05-22 02:00:00,0.12798290217682506
2020-05-22 02:03:00,0.09940827552702558
2020-05-22 02:06:00,0.18082331635451965
2020-05-22 02:09:00,0.09891804730835929
2020-05-22 02:12:00,0.16202152195353392
2020-05-22 02:15:00,0.1719950732845632
2020-05-22 02:18:00,0.07503842425990115
2020-05-22 02:21:00,0.08031459885927461
2020-05-22 02:24:00,0.06908921818899216
2020-05-22 02:27:00,0.06994063789835536
2020-05-22 02:30:00,0.09445690886730063
2020-05-22 02:33:00,0.050115416326207196
2020-05-22 02:36:00,0.11234369988346771
2020-05-22 02:39:00,0.12787810275568745
2020-05-22 02:42:00,0.0974858381150625
2020-05-22 02:45:00,0.17848003383608102
2020-05-22 02:48:00,0.17558033003274431
2020-05-22 02:51:00,0.11862267645352631
2020-05-22 02:54:00,0.13253947401909727
2020-05-22 02:57:00,0.10488568639226514
2020-05-22 03:00:00,0.0984573521469656
2020-05-22 03:03:00,0.018169596699294743
2020-05-22 03:06:00,0.022515384031009944
2020-05-22 03:09:00,0.054102059926265156
2020-05-22 03:12:00,0.032147854254958474
2020-05-22 03:15:00,0.08893414324734294
2020-05-22 03:18:00,0.08491641069559819
2020-05-22 03:21:00,-0.0268492104793836
2020-05-22 03:24:00,-0.0657631367125191
2020-05-22 03:27:00,0.05944163183107776
2020-05-22 03:30:00,0.007256421904060062
2020-05-22 03:33:00,0.013039624619693768
2020-05-22 03:36:00,0.06870588842258485
2020-05-22 03:39:00,-0.03798465866401557
2020-05-22 03:42:00,0.038043382890009525
2020-05-22 03:45:00,-0.03396873496791386
2020-05-22 03:48:00,0.07773094825762428
2020-05-22 03:51:00,-0.01734955869244459
2020-05-22 03:54:00,0.10675337913477279
2020-05-22 03:57:00,0.03197850462885299
2020-05-22 04:00:00,0.038254899845696855
2020-05-22 04:03:00,0.06634187019443516
2020-05-22 04:06:00,0.04983064339813836
2020-05-22 04:09:00,0.04171616924270438
2020-05-22 04:12:00,0.0357775646852474
2020-05-22 04:15:00,0.28706464254042885
2020-05-22 04:18:00,0.22353682555251453
2020-05-22 04:21:00,-0.004202200102213283
2020-05-22 04:24:00,0.11744414906343081
2020-05-22 04:27:00,0.22659292745885296
2020-05-22 04:30:00,0.12865893932411154
2020-05-22 04:33:00,0.23039977839999892
2020-05-22 04:36:00,0.09596464780850056
2020-05-22 04:39:00,0.13573739998633982
2020-05-22 04:42:00,0.2295741223148866
2020-05-22 04:45:00,0.11563050264402364
2020-05-22 04:48:00,0.1602440259141531
2020-05-22 04:51:00,0.1641163897893989
2020-05-22 04:54:00,0.09783376540951849
2020-05-22 04:57:00,0.1760623378511923
2020-05-22 05:00:00,0.0001541013947985448
2020-05-22 05:03:00,0.025389462883140368
2020-05-22 05:06:00,0.007480213837482097
2020-05-22 05:09:00,0.03216534996960263
2020-05-22 05:12:00,0.1349173478658372
2020-05-22 05:15:00,0.11252699702924929
2020-05-22 05:18:00,0.1742344936745326
2020-05-22 05:21:00,0.12875122761971625
2020-05-22 05:24:00,0.1427703546758039
2020-05-22 05:27:00,0.08140564920228144
2020-05-22 05:30:00,0.19836962179272177
2020-05-22 05:33:00,0.15873774711076294
2020-05-22 05:36:00,0.11899038541184837
2020-05-22 05:39:00,0.187400964342487
2020-05-22 05:42:00,0.165052238419662
2020-05-22 05:45:00,0.07765667963593614
2020-05-22 05:48:00,0.1273425168411677
2020-05-22 05:51:00,0.12411789499793713
2020-05-22 05:54:00,0.20689237108842917
2020-05-22 05:57:00,0.14077268405333143
2020-05-22 06:00:00,0.12442539197110136
2020-05-22 06:03:00,0.15435094826062823
2020-05-22 06:06:00,0.20073837414173568
2020-05-22 06:09:00,0.16303278505893104
2020-05-22 06:12:00,0.2045583996645064
2020-05-22 06:15:00,0.22869606358261763
2020-05-22 06:18:00,0.245123768535791
2020-05-22 06:21:00,0.23365860672294048
2020-05-22 06:24:00,0.17424644024742975
2020-05-22 06:27:00,0.16616343491949692
2020-05-22 06:30:00,0.25374275202068475
2020-05-22 06:33:00,0.1290997894842576
2020-05-22 06:36:00,0.23789287765583822
2020-05-22 06:39:00,0.11996076606828865
2020-05-22 06:42:00,0.1819050220131544
2020-05-22 06:45:00,0.33103976407085156
2020-05-22 06:48:00,0.16515515538418413
2020-05-22 06:51:00,0.13390419063239278
2020-05-22 06:54:00,0.2851985028619879
2020-05-22 06:57:00,0.19744748386420952
2020-05-22 07:00:00,0.2445711578307055
2020-05-22 07:03:00,0.22290313483591717
2020-05-22 07:06:00,0.2350555654886648
2020-05-22 07:09:00,0.24396672515308637
2020-05-22 07:12:00,0.15287808858141716
2020-05-22 07:15:00,0.20690438753649687
2020-05-22 07:18:00,0.2512220725503198
2020-05-22 07:21:00,0.24021257009451347
2020-05-22 07:24:00,0.11070696986189432
2020-05-22 07:27:00,0.22376386382700275
2020-05-22 07:30:00,0.2682961691629089
2020-05-22 07:33:00,0.16585210555672347
2020-05-22 07:36:00,0.18904837048268064
2020-05-22 07:39:00,0.2105573338093336
2020-05-22 07:42:00,0.10648210056024254
2020-05-22 07:45:00,0.09923752329484614
2020-05-22 07:48:00,0.23122196809089246
2020-05-22 07:51:00,0.2348689942932083
2020-05-22 07:54:00,0.1517483603924461
2020-05-22 07:57:00,0.06679124908947642
2020-05-22 08:00:00,0.21152364496913378
2020-05-22 08:03:00,0.14824315723450354
2020-05-22 08:06:00,0.16888948332137943
2020-05-22 08:09:00,0.029288939921684687
2020-05-22 08:12:00,0.03494799798727399
2020-05-22 08:15:00,0.15374658324128632
2020-05-22 08:18:00,0.006388234094629297
2020-05-22 08:21:00,0.057825801616843364
2020-05-22 08:24:00,0.08513809193874522
2020-05-22 08:27:00,0.08542052946603462
2020-05-22 08:30:00,0.03890576987964778
2020-05-22 08:33:00,0.07235149851550204
2020-05-22 08:36:00,0.03424355407952362
2020-05-22 08:39:00,0.024569308679701862
2020-05-22 08:42:00,-0.01143363383647511
2020-05-22 08:45:00,0.11730373940042682
2020-05-22 08:48:00,0.03500828475216622
2020-05-22 08:51:00,-0.054147591342541546
2020-05-22 08:54:00,-0.11554019443343577
2020-05-22 08:57:00,-0.06119286882272945
2020-05-22 09:00:00,0.043247948364353306
2020-05-22 09:03:00,-0.11076669711974318
2020-05-22 09:06:00,0.004088204299364406
2020-05-22 09:09:00,-0.0872738845484946
2020-05-22 09:12:00,-0.06238440380798238
2020-05-22 09:15:00,0.05183696982408037
2020-05-22 09:18:00,0.003132062469092034
2020-05-22 09:21:00,-0.11726653997124004
2020-05-22 09:24:00,-0.0804656881801975
2020-05-22 09:27:00,-0.15151467097251725
2020-05-22 09:30:00,-0.0968675434820625
2020-05-22 09:33:00,-0.09574028437066318
2020-05-22 09:36:00,-0.18474675165094823
2020-05-22 09:39:00,-0.05194421459515297
2020-05-22 09:42:00,-0.22019324990520772
2020-05-22 09:45:00,-0.13972206668103127
2020-05-22 09:48:00,-0.10647199702469834
2020-05-22 09:51:00,-0.13708487257423485
2020-05-22 09:54:00,-0.12252826355012303
2020-05-22 09:57:00,-0.20134641601066505
2020-05-22 10:00:00,-0.2255718682649217
2020-05-22 10:03:00,-0.1303713862714062
2020-05-22 10:06:00,-0.16678561735096764
2020-05-22 10:09:00,-0.2712266252594304
2020-05-22 10:12:00,-0.2821071894463216
2020-05-22 10:15:00,-0.18542647535184642
2020-05-22 10:18:00,-0.16758996914882118
2020-05-22 10:21:00,-0.3052895099111197
2020-05-22 10:24:00,-0.128589213016312
2020-05-22 10:27:00,-0.26480441434767954
2020-05-22 10:30:00,-0.27574081101943193
2020-05-22 10:33:00,-0.32511028107234097
2020-05-22 10:36:00,-0.31152204965019337
2020-05-22 10:39:00,-0.26536700517817735
2020-05-22 10:42:00,-0.24340929149053636
2020-05-22 10:45:00,-0.21007062355477046
2020-05-22 10:48:00,-0.2916554280165542
2020-05-22 10:51:00,-0.2979196222999576
2020-05-22 10:54:00,-0.38173811518225875
2020-05-22 10:57:00,-0.39362433617964143
2020-05-22 11:00:00,-0.335011067486505
2020-05-22 11:03:00,-0.2769105295387817
2020-05-22 11:06:00,-0.36791612058482315
2020-05-22 11:09:00,-0.29765878380203503
2020-05-22 11:12:00,-0.3345519045928995
2020-05-22 11:15:00,-0.38517114620862003
2020-05-22 11:18:00,-0.3172230468178441
2020-05-22 11:21:00,-0.27392510310897933
2020-05-22 11:24:00,-0.3505260329133648
2020-05-22 11:27:00,-0.3344377498032145
2020-05-22 11:30:00,-0.379570991497701
2020-05-22 11:33:00,-0.3843616724415142
2020-05-22 11:36:00,-0.3384672699300495
2020-05-22 11:39:00,-0.34477099943006806
2020-05-22 11:42:00,-0.3910768023300193
2020-05-22 11:45:00,-0.3928322487116702
2020-05-22 11:48:00,-0.31493199067813293
2020-05-22 11:51:00,-0.41350994012270803
2020-05-22 11:54:00,-0.4803781270210834
2020-05-22 11:57:00,-0.4675836856474689
2020-05-22 12:00:00,-0.4467809838308199
2020-05-22 12:03:00,-0.41748352859809756
2020-05-22 12:06:00,-0.4654115006449615
2020-05-22 12:09:00,-0.4136655797787512
2020-05-22 12:12:00,-0.42371842933397375
2020-05-22 12:15:00,-0.5130905013252232
2020-05-22 12:18:00,-0.560300792647638
2020-05-22 12:21:00,-0.4854423935632326
2020-05-22 12:24:00,-0.46338189098071325
2020-05-22 12:27:00,-0.3543133899286772
2020-05-22 12:30:00,-0.3713100185392477
2020-05-22 12:33:00,-0.4989853346839368
2020-05-22 12:36:00,-0.4920889093805272
2020-05-22 12:39:00,-0.3647738050144653
2020-05-22 12:42:00,-0.31840767185315144
2020-05-22 12:45:00,-0.31160521316269296
2020-05-22 12:48:00,-0.14974923050942834
2020-05-22 12:51:00,-0.04618499016766009
2020-05-22 12:54:00,0.011324103905565153
2020-05-22 12:57:00,0.039041361491740645
2020-05-22 13:00:00,0.062161751131213805
2020-05-22 13:03:00,0.1645897126811633
2020-05-22 13:06:00,0.11155526177543607
2020-05-22 13:09:00,0.16506502521860966
2020-05-22 13:12:00,0.06998521754348985
2020-05-22 13:15:00,-0.014894439621116362
2020-05-22 13:18:00,-0.33798726227036013
2020-05-22 13:21:00,-0.38045323872984227
2020-05-22 13:24:00,-0.20073730616451257
2020-05-22 13:27:00,0.14387970294166053
2020-05-22 13:30:00,0.3679711291111971
2020-05-22 13:33:00,0.5583081016839628
2020-05-22 13:36:00,0.25632712866837437
2020-05-22 13:39:00,0.025421174949144643
2020-05-22 13:42:00,-0.1976147291618986
2020-05-22 13:45:00,-0.19548710735165287
2020-05-22 13:48:00,-0.2366834356827212
2020-05-22 13:51:00,-0.14711134823443217
2020-05-22 13:54:00,-0.07607099807364648
2020-05-22 13:57:00,-0.1742663105639508
2020-05-22 14:00:00,-0.013940509465498963
2020-05-22 14:03:00,-0.08015860706484546
2020-05-22 14:06:00,0.16004802492358294
2020-05-22 14:09:00,0.18119559038132138
2020-05-22 14:12:00,0.2628179385427529
2020-05-22 14:15:00,0.0992549628055599
2020-05-22 14:18:00,0.16384968671042088
2020-05-22 14:21:00,0.027002846902462352
2020-05-22 14:24:00,0.09633834389359208
2020-05-22 14:27:00,-0.01574389862582848
2020-05-22 14:30:00,0.1401064914203971
2020-05-22 14:33:00,-0.01763658210813901
2020-05-22 14:36:00,0.10193312416981826
2020-05-22 14:39:00,0.2429801191713068
2020-05-22 14:42:00,0.28045731416364106
2020-05-22 14:45:00,0.26118758734332914
2020-05-22 14:48:00,0.22248551935024352
2020-05-22 14:51:00,-0.07052773820862512
2020-05-22 14:54:00,0.08302562442628414
2020-05-22 14:57:00,0.14782369104318605
2020-05-22 15:00:00,0.13529022133673152
2020-05-22 15:03:00,0.07162519058653061
2020-05-22 15:06:00,0.0805357790413268
2020-05-22 15:09:00,0.09759950875741197
2020-05-22 15:12:00,0.23122033835755929
2020-05-22 15:15:00,0.19670368761586587
2020-05-22 15:18:00,0.13109912890939768
2020-05-22 15:21:00,0.08447316362475021
2020-05-22 15:24:00,0.19856173950785205
2020-05-22 15:27:00,0.11962298586195175
2020-05-22 15:30:00,0.05834324720507311
2020-05-22 15:33:00,0.13256682196691827
2020-05-22 15:36:00,0.28573576777750986
2020-05-22 15:39:00,0.25918385485306317
2020-05-22 15:42:00,0.3533641504829461
2020-05-22 15:45:00,0.5297548728464108
2020-05-22 15:48:00,0.5149803954807908
2020-05-22 15:51:00,0.33619878351993293
2020-05-22 15:54:00,0.5018941483185131
2020-05-22 15:57:00,0.6458724550653301
2020-05-22 16:00:00,0.5963640552029688
2020-05-22 16:03:00,0.5599025841160028
2020-05-22 16:06:00,0.5454602937296613
2020-05-22 16:09:00,0.5988922590177594
2020-05-22 16:12:00,0.5360890554190973
2020-05-22 16:15:00,0.6253841784393899
2020-05-22 16:18:00,0.6869436766809827
2020-05-22 16:21:00,0.625697544871116
2020-05-22 16:24:00,0.6300970616297263
2020-05-22 16:27:00,0.5869395082831943
2020-05-22 16:30:00,0.36275801072167724
2020-05-22 16:33:00,0.45124465289956106
2020-05-22 16:36:00,0.3098550154633699
2020-05-22 16:39:00,0.34317939849177037
2020-05-22 16:42:00,0.46710400466145074
2020-05-22 16:45:00,0.33456682484569455
2020-05-22 16:48:00,0.16236456186521764
2020-05-22 16:51:00,0.20572320374992614
2020-05-22 16:54:00,0.1814730001914313
2020-05-22 16:57:00,0.17031924576110669
2020-05-22 17:00:00,0.14877066601701472
2020-05-22 17:03:00,0.11231871838799634
2020-05-22 17:06:00,0.11946341275194072
2020-05-22 17:09:00,0.15062243878378467
2020-05-22 17:12:00,0.16058706114750976
2020-05-22 17:15:00,0.08847827213890014
2020-05-22 17:18:00,0.17402231357141318
2020-05-22 17:21:00,0.24370888139407043
2020-05-22 17:24:00,0.2758227742467625
2020-05-22 17:27:00,0.1897714310352967
2020-05-22 17:30:00,0.22016131946742235
2020-05-22 17:33:00,0.19191527467410197
2020-05-22 17:36:00,0.29145081808871964
2020-05-22 17:39:00,0.25091266898380127
2020-05-22 17:42:00,0.24730098611678386
2020-05-22 17:45:00,0.24179512356141686
2020-05-22 17:48:00,0.3412378177415576
2020-05-22 17:51:00,0.30441467647324316
2020-05-22 17:54:00,0.1878940700152043
2020-05-22 17:57:00,0.22612718323040326
2020-05-22 18:00:00,0.267634794362948
2020-05-22 18:03:00,0.17408766190322922
2020-05-22 18:06:00,0.22405457218377478
2020-05-22 18:09:00,0.30793324960973223
2020-05-22 18:12:00,0.21981229400586244
2020-05-22 18:15:00,0.24353165710107305
2020-05-22 18:18:00,0.226648091737502
2020-05-22 18:21:00,0.1164209126365563
2020-05-22 18:24:00,0.15632127583154443
2020-05-22 18:27:00,0.14760413856464538
2020-05-22 18:30:00,0.14413031612883742
2020-05-22 18:33:00,0.21182541335235783
2020-05-22 18:36:00,0.1370533710517634
2020-05-22 18:39:00,0.14630328910726575
2020-05-22 18:42:00,0.10625629932434322
2020-05-22 18:45:00,0.1583292466264652
2020-05-22 18:48:00,0.1728851150875812
2020-05-22 18:51:00,0.1618674474645445
2020-05-22 18:54:00,
2020-05-22 18:57:00,
2020-05-22 19:00:00,
2020-05-22 19:03:00,0.1700833941101223
2020-05-22 19:06:00,0.1232987809226529
2020-05-22 19:09:00,0.11262577920984995
2020-05-22 19:12:00,0.06411723521102886
2020-05-22 19:15:00,0.1538163430318491
2020-05-22 19:18:00,0.21988754311087177
2020-05-22 19:21:00,0.16477077365078685
2020-05-22 19:24:00,0.19357450782200658
2020-05-22 19:27:00,0.1864901891547106
2020-05-22 19:30:00,0.12183101057274826
2020-05-22 19:33:00,0.14563585765068865
2020-05-22 19:36:00,0.11039339706081819
2020-05-22 19:39:00,0.18824354110631702
2020-05-22 19:42:00,0.12922393750642414
2020-05-22 19:45:00,0.1403016095579801
2020-05-22 19:48:00,0.24121874029128776
2020-05-22 19:51:00,0.20553421172877506
2020-05-22 19:54:00,0.162771344694022
2020-05-22 19:57:00,0.257162958726326
2020-05-22 20:00:00,0.19421420065521033
2020-05-22 20:03:00,0.23426475414356673
2020-05-22 20:06:00,0.10869117210791046
2020-05-22 20:09:00,0.19212384361827617
2020-05-22 20:12:00,0.19581883396591593
2020-05-22 20:15:00,0.16992472810721893
2020-05-22 20:18:00,0.21226014520630088
2020-05-22 20:21:00,0.19438349504855523
2020-05-22 20:24:00,0.1985378827525892
2020-05-22 20:27:00,0.07577419254999995
2020-05-22 20:30:00,0.20215319987772773
2020-05-22 20:33:00,0.16125393419207512
2020-05-22 20:36:00,0.1790409011873635
2020-05-22 20:39:00,0.2058412437478978
2020-05-22 20:42:00,0.23698661682914235
2020-05-22 20:45:00,0.2664220601527063
2020-05-22 20:48:00,0.22386503893926601
2020-05-22 20:51:00,0.28495816966147913
2020-05-22 20:54:00,0.14217182249842608
2020-05-22 20:57:00,0.30910971539560705
2020-05-22 21:00:00,0.2718694340025536
2020-05-22 21:03:00,0.17938598535295114
2020-05-22 21:06:00,0.20967134363797868
2020-05-22 21:09:00,0.24053515302904316
2020-05-22 21:12:00,0.15800239819748185
2020-05-22 21:15:00,0.2461283598674413
2020-05-22 21:18:00,0.30872437043092305
2020-05-22 21:21:00,0.21159616913604395
2020-05-22 21:24:00,0.2863850444419995
2020-05-22 21:27:00,0.22977059172819736
2020-05-22 21:30:00,0.2136263039348023
2020-05-22 21:33:00,0.20665405689641148
2020-05-22 21:36:00,0.2226015515274753
2020-05-22 21:39:00,0.2245938514756176
2020-05-22 21:42:00,0.13930363178803873
2020-05-22 21:45:00,0.2207683339590858
2020-05-22 21:48:00,0.24837765893977348
2020-05-22 21:51:00,0.1301540596147106
2020-05-22 21:54:00,0.16378627871102935
2020-05-22 21:57:00,0.18404004435177512
2020-05-22 22:00:00,0.23089657164888422
2020-05-22 22:03:00,0.1571694036896929
2020-05-22 22:06:00,0.134283069753792
2020-05-22 22:09:00,0.21377810068861436
2020-05-22 22:12:00,0.24484069905713568
2020-05-22 22:15:00,0.22721193135242856
2020-05-22 22:18:00,0.20664724341173724
2020-05-22 22:21:00,0.21543051698762383
2020-05-22 22:24:00,0.136969202705302
2020-05-22 22:27:00,0.1987666444711067
2020-05-22 22:30:00,0.15445893621085816
2020-05-22 22:33:00,0.1327892736984495
2020-05-22 22:36:00,0.1744450240697688
2020-05-22 22:39:00,0.16335747505564768
2020-05-22 22:42:00,0.18319038458429304
2020-05-22 22:45:00,0.2239270048358435
2020-05-22 22:48:00,0.15706776945188494
2020-05-22 22:51:00,0.22736869086190836
2020-05-22 22:54:00,0.17349081063633776
2020-05-22 22:57:00,0.12775202683019415
2020-05-22 23:00:00,0.16340626620456078
2020-05-22 23:03:00,0.15470357026657666
2020-05-22 23:06:00,0.19160508686684352
2020-05-22 23:09:00,0.22876523639428115
2020-05-22 23:12:00,0.21748959884251917
2020-05-22 23:15:00,0.22965390438605482
2020-05-22 23:18:00,0.19230658177735904
2020-05-22 23:21:00,0.18792763200923446
2020-05-22 23:24:00,0.09744128590398304
2020-05-22 23:27:00,0.17545120496362188
2020-05-22 23:30:00,0.14900368664945063
2020-05-22 23:33:00,0.16788999941161364
2020-05-22 23:36:00,0.17839713034203442
2020-05-22 23:39:00,0.21348699005920935
2020-05-22 23:42:00,0.2371854189745477
2020-05-22 23:45:00,0.2471133730066981
2020-05-22 23:48:00,0.30292580629878785
2020-05-22 23:51:00,0.2012544972736805
2020-05-22 23:54:00,0.21540807980011323
2020-05-22 23:57:00,0.1629639111933443
2020-05-23 00:00:00,0.1836815613845033
2020-05-23 00:03:00,0.16770249493703204
2020-05-23 00:06:00,0.22437918149245206
2020-05-23 00:09:00,0.19075949617234755
2020-05-23 00:12:00,0.24787067296074383
2020-05-23 00:15:00,0.23051615015629068
2020-05-23 00:18:00,0.1786317709851346
2020-05-23 00:21:00,0.1838863370185777
2020-05-23 00:24:00,0.23066644754823074
2020-05-23 00:27:00,0.18343769155683276
2020-05-23 00:30:00,0.2696857840041389
2020-05-23 00:33:00,0.1526902479530463
2020-05-23 00:36:00,0.09472009824145289
2020-05-23 00:39:00,0.1539343998399545
2020-05-23 00:42:00,0.1437580843150954
2020-05-23 00:45:00,0.20746269044838073
2020-05-23 00:48:00,0.15561931090803682
2020-05-23 00:51:00,0.19189950998844552
2020-05-23 00:54:00,0.3068557397097038
2020-05-23 00:57:00,0.21408538385060183
2020-05-23 01:00:00,0.1969288834501981
2020-05-23 01:03:00,0.23860637443283395
2020-05-23 01:06:00,0.14410881226058336
2020-05-23 01:09:00,0.13725611490968959
2020-05-23 01:12:00,0.06502444246984851
2020-05-23 01:15:00,0.10764223205933376
2020-05-23 01:18:00,0.13665008997708128
2020-05-23 01:21:00,0.07496137049321305
2020-05-23 01:24:00,0.21640528960273286
2020-05-23 01:27:00,0.1728252247257842
2020-05-23 01:30:00,0.17930519460435335
2020-05-23 01:33:00,0.1663617410824827
2020-05-23 01:36:00,0.17487384706060993
2020-05-23 01:39:00,0.08178466728134026
2020-05-23 01:42:00,0.2247728904215478
2020-05-23 01:45:00,0.11138806750483354
2020-05-23 01:48:00,0.19770736800319355
2020-05-23 01:51:00,0.19170803783055135
2020-05-23 01:54:00,0.18540382370053976
2020-05-23 01:57:00,0.15119715952624802
2020-05-23 02:00:00,0.1679985983925576
2020-05-23 02:03:00,0.1847527116309493
2020-05-23 02:06:00,0.19471816019665766
2020-05-23 02:09:00,0.21701017200723527
2020-05-23 02:12:00,0.2023785914760765
2020-05-23 02:15:00,0.2114999326424254
2020-05-23 02:18:00,0.2794311393988096
2020-05-23 02:21:00,0.2276164160386429
2020-05-23 02:24:00,0.19286108500455157
2020-05-23 02:27:00,0.2378549264875005
2020-05-23 02:30:00,0.2573389221049638
2020-05-23 02:33:00,0.2900720117427795
2020-05-23 02:36:00,0.23280028360437655
2020-05-23 02:39:00,0.09422842805389564
2020-05-23 02:42:00,0.2598102716311246
2020-05-23 02:45:00,0.20793686746560525
2020-05-23 02:48:00,0.2064461043730148
2020-05-23 02:51:00,0.28977146634736073
2020-05-23 02:54:00,0.2804711498109782
2020-05-23 02:57:00,0.25434543360836415
2020-05-23 03:00:00,0.18008468653971477
2020-05-23 03:03:00,0.25576094942618965
2020-05-23 03:06:00,0.26904948786079785
2020-05-23 03:09:00,0.1301554088569219
2020-05-23 03:12:00,0.27183865889310255
2020-05-23 03:15:00,0.2760511752707089
2020-05-23 03:18:00,0.23428521530792068
2020-05-23 03:21:00,0.2686246822331668
2020-05-23 03:24:00,0.22489836573510047
2020-05-23 03:27:00,0.24413189278266145
2020-05-23 03:30:00,0.2831501938997576
2020-05-23 03:33:00,0.2654195707964391
2020-05-23 03:36:00,0.2997616772819356
2020-05-23 03:39:00,0.19123560974071552
2020-05-23 03:42:00,0.3051164817493941
2020-05-23 03:45:00,0.27081936876572854
2020-05-23 03:48:00,0.3470490450688999
2020-05-23 03:51:00,0.26424237659512073
2020-05-23 03:54:00,0.2210832932859148
2020-05-23 03:57:00,0.2306587170412513
2020-05-23 04:00:00,0.2722241269971164
2020-05-23 04:03:00,0.3062187062790258
2020-05-23 04:06:00,0.3023125956582362
2020-05-23 04:09:00,0.21548976676928078
2020-05-23 04:12:00,0.2756220838844001
2020-05-23 04:15:00,0.3762742138362114
2020-05-23 04:18:00,0.2974304740917546
2020-05-23 04:21:00,0.3150957382264892
2020-05-23 04:24:00,0.27235330026701376
2020-05-23 04:27:00,0.39666423246950444
2020-05-23 04:30:00,0.3584230530132686
2020-05-23 04:33:00,0.3580713840609633
2020-05-23 04:36:00,0.33640346953967537
2020-05-23 04:39:00,0.28135198562824826
2020-05-23 04:42:00,0.33415009607784896
2020-05-23 04:45:00,0.40898239658935154
2020-05-23 04:48:00,0.3586946411009535
2020-05-23 04:51:00,0.4351159644451741
2020-05-23 04:54:00,0.37362868801722016
2020-05-23 04:57:00,0.37170608458836796
2020-05-23 05:00:00,0.3834246728637254
2020-05-23 05:03:00,0.3688253567734705
2020-05-23 05:06:00,0.3720769330830649
2020-05-23 05:09:00,0.36754837203557145
2020-05-23 05:12:00,0.3348164502231157
2020-05-23 05:15:00,0.4485297996368445
2020-05-23 05:18:00,0.4367478502741733
2020-05-23 05:21:00,0.48276677674516577
2020-05-23 05:24:00,0.41877357492791134
2020-05-23 05:27:00,0.4579224373316606
2020-05-23 05:30:00,0.411371704782141
2020-05-23 05:33:00,0.43690396779078355
2020-05-23 05:36:00,0.44951858230911057
2020-05-23 05:39:00,0.39985454177798374
2020-05-23 05:42:00,0.5232883431967821
2020-05-23 05:45:00,0.440643119904621
2020-05-23 05:48:00,0.45623357065204573
2020-05-23 05:51:00,0.5013968362424066
2020-05-23 05:54:00,0.3829079849061827
2020-05-23 05:57:00,0.4047843922018046
2020-05-23 06:00:00,0.44945874990816037
2020-05-23 06:03:00,0.49604138061772574
2020-05-23 06:06:00,0.4699784866620007
2020-05-23 06:09:00,0.4515163214454674
2020-05-23 06:12:00,0.4331947270618457
2020-05-23 06:15:00,0.45917724908622404
2020-05-23 06:18:00,0.5064787520777827
2020-05-23 06:21:00,0.5053040048270532
2020-05-23 06:24:00,0.514030577975177
2020-05-23 06:27:00,0.48298400029602817
2020-05-23 06:30:00,0.49402805265697225
2020-05-23 06:33:00,0.4142429192955319
2020-05-23 06:36:00,0.4335954222210603
2020-05-23 06:39:00,0.5121112529234324
2020-05-23 06:42:00,0.5002639588111037
2020-05-23 06:45:00,0.5267978234958264
2020-05-23 06:48:00,0.4557221773339961
2020-05-23 06:51:00,0.43874332457829723
2020-05-23 06:54:00,0.42582196519691706
2020-05-23 06:57:00,0.4013836109693898
2020-05-23 07:00:00,0.408429556839053
2020-05-23 07:03:00,0.4273439982987952
2020-05-23 07:06:00,0.48465912154875923
2020-05-23 07:09:00,0.42532682759713225
2020-05-23 07:12:00,0.4522858932712097
2020-05-23 07:15:00,0.4724170516983577
2020-05-23 07:18:00,0.4091981248061529
2020-05-23 07:21:00,0.37601638776834534
2020-05-23 07:24:00,0.4227324158500778
2020-05-23 07:27:00,0.36774792802941647
2020-05-23 07:30:00,0.400930229073424
2020-05-23 07:33:00,0.4404453734129561
2020-05-23 07:36:00,0.4512520723891953
2020-05-23 07:39:00,0.39168977235402735
2020-05-23 07:42:00,0.35263370261975524
2020-05-23 07:45:00,0.4323722808696857
2020-05-23 07:48:00,0.3925977263105551
2020-05-23 07:51:00,0.41511576322920973
2020-05-23 07:54:00,0.3248003445513632
2020-05-23 07:57:00,0.431079586969247
2020-05-23 08:00:00,0.41197049178992984
2020-05-23 08:03:00,0.2989860280075618
2020-05-23 08:06:00,0.3732261620323243
2020-05-23 08:09:00,0.21161867563409942
2020-05-23 08:12:00,0.44011915887489295
2020-05-23 08:15:00,0.2358602208861953
2020-05-23 08:18:00,0.3910724537288388
2020-05-23 08:21:00,0.35346121464664293
2020-05-23 08:24:00,0.29684327736759997
2020-05-23 08:27:00,0.25478009979303806
2020-05-23 08:30:00,0.3416651257376202
2020-05-23 08:33:00,0.23966872803498518
2020-05-23 08:36:00,0.294257989323512
2020-05-23 08:39:00,0.2269537089270557
2020-05-23 08:42:00,0.30876594309262373
2020-05-23 08:45:00,0.21166610183479406
2020-05-23 08:48:00,0.2313621688079479
2020-05-23 08:51:00,0.15035635202463027
2020-05-23 08:54:00,0.11455843577692804
2020-05-23 08:57:00,0.0876667243781526
2020-05-23 09:00:00,0.14531243638668911
2020-05-23 09:03:00,0.020892638265081587
2020-05-23 09:06:00,0.054009156832023564
2020-05-23 09:09:00,0.18767583906088703
2020-05-23 09:12:00,0.09562504426514806
2020-05-23 09:15:00,-0.005362708092548019
2020-05-23 09:18:00,0.2622165958566143
2020-05-23 09:21:00,0.043516660068974033
2020-05-23 09:24:00,0.13010966991799933
2020-05-23 09:27:00,0.0847206042423636
2020-05-23 09:30:00,0.010525744110623236
2020-05-23 09:33:00,0.11946300606098248
2020-05-23 09:36:00,-0.007158613282911119
2020-05-23 09:39:00,-0.13591245139190278
2020-05-23 09:42:00,-0.007675885246612779
2020-05-23 09:45:00,-0.05832077955170689
2020-05-23 09:48:00,-0.1629922870704945
2020-05-23 09:51:00,-0.12950231402749068
2020-05-23 09:54:00,-0.1114630325610051
2020-05-23 09:57:00,-0.1518842808777663
2020-05-23 10:00:00,-0.17513601574262339
2020-05-23 10:03:00,-0.09241210777304332
2020-05-23 10:06:00,-0.16585468445805418
2020-05-23 10:09:00,-0.24613926976587663
2020-05-23 10:12:00,-0.17542431482036136
2020-05-23 10:15:00,-0.21394000954165904
2020-05-23 10:18:00,-0.20091071535296123
2020-05-23 10:21:00,-0.3369508702247117
2020-05-23 10:24:00,-0.2633132145965078
2020-05-23 10:27:00,-0.29790722753125465
2020-05-23 10:30:00,-0.33458175897698084
2020-05-23 10:33:00,-0.4601907658820892
2020-05-23 10:36:00,-0.3055753649303483
2020-05-23 10:39:00,-0.3819454168901757
2020-05-23 10:42:00,-0.4057246645216992
2020-05-23 10:45:00,-0.46554560684359103
2020-05-23 10:48:00,-0.48229808185629963
2020-05-23 10:51:00,-0.368257875511631
2020-05-23 10:54:00,-0.5221059889035473
2020-05-23 10:57:00,-0.5055198886589665
2020-05-23 11:00:00,-0.4045209953677045
2020-05-23 11:03:00,-0.4229618381071987
2020-05-23 11:06:00,-0.4697373521800614
2020-05-23 11:09:00,-0.4887073507053401
2020-05-23 11:12:00,-0.37990048222144424
2020-05-23 11:15:00,-0.52197685927149
2020-05-23 11:18:00,-0.5106845493719447
2020-05-23 11:21:00,-0.3961279366556596
2020-05-23 11:24:00,-0.4649691286998632
2020-05-23 11:27:00,-0.5507271457294678
2020-05-23 11:30:00,-0.5140793187320014
2020-05-23 11:33:00,-0.5764364856999578
2020-05-23 11:36:00,-0.5755250223274402
2020-05-23 11:39:00,-0.4639530040370232
2020-05-23 11:42:00,-0.48721952418151204
2020-05-23 11:45:00,-0.5431124132978198
2020-05-23 11:48:00,-0.4210236307950481
2020-05-23 11:51:00,-0.45850196049764236
2020-05-23 11:54:00,-0.5369742637721515
2020-05-23 11:57:00,-0.5225859821695167
2020-05-23 12:00:00,-0.47353618890105054
2020-05-23 12:03:00,-0.560203653764404
2020-05-23 12:06:00,-0.5027621019228263
2020-05-23 12:09:00,-0.4608944435589706
2020-05-23 12:12:00,-0.5589168641006381
2020-05-23 12:15:00,-0.6060742109703483
2020-05-23 12:18:00,-0.4763489876297058
2020-05-23 12:21:00,-0.37308354269987376
2020-05-23 12:24:00,-0.5130355983957884
2020-05-23 12:27:00,-0.3693211832646739
2020-05-23 12:30:00,-0.6156086142416939
2020-05-23 12:33:00,-0.5346999571679021
2020-05-23 12:36:00,-0.5806064448654524
2020-05-23 12:39:00,-0.5065998109218981
2020-05-23 12:42:00,-0.6691644004151271
2020-05-23 12:45:00,-0.5329661413366011
2020-05-23 12:48:00,-0.5270904986279561
2020-05-23 12:51:00,-0.5158122085073842
2020-05-23 12:54:00,-0.565831836671407
2020-05-23 12:57:00,-0.4454154692346606
2020-05-23 13:00:00,-0.41686793672914746
2020-05-23 13:03:00,-0.6361018634585776
2020-05-23 13:06:00,-0.5768885237724817
2020-05-23 13:09:00,-0.5405577130926531
2020-05-23 13:12:00,-0.4564264857926901
2020-05-23 13:15:00,-0.5547362279049821
2020-05-23 13:18:00,-0.359340004678927
2020-05-23 13:21:00,-0.5027245573215282
2020-05-23 13:24:00,-0.633025462471096
2020-05-23 13:27:00,-0.5870971959457165
2020-05-23 13:30:00,-0.6266826035752615
2020-05-23 13:33:00,-0.44123614069746964
2020-05-23 13:36:00,-0.5115885707319876
2020-05-23 13:39:00,-0.4485800830321409
2020-05-23 13:42:00,-0.5901262380175467
2020-05-23 13:45:00,-0.5181271965240057
2020-05-23 13:48:00,-0.43072917269984146
2020-05-23 13:51:00,-0.5422816526398719
2020-05-23 13:54:00,-0.5433842727162528
2020-05-23 13:57:00,-0.5641869864562636
2020-05-23 14:00:00,-0.5733604927615943
2020-05-23 14:03:00,-0.5073959429716979
2020-05-23 14:06:00,-0.5147591486340843
2020-05-23 14:09:00,-0.38411899027448726
2020-05-23 14:12:00,-0.37869112759130985
2020-05-23 14:15:00,-0.2838829347776368
2020-05-23 14:18:00,-0.3918335072798982
2020-05-23 14:21:00,-0.5022678677299268
2020-05-23 14:24:00,-0.4733758074209504
2020-05-23 14:27:00,-0.5743965195392775
2020-05-23 14:30:00,-0.595941770196589
2020-05-23 14:33:00,-0.7228724412422025
2020-05-23 14:36:00,-0.637522960886372
2020-05-23 14:39:00,-0.6746219585424456
2020-05-23 14:42:00,-0.6701839320791123
2020-05-23 14:45:00,-0.6048365357893317
2020-05-23 14:48:00,-0.5967550552019816
2020-05-23 14:51:00,-0.6365361174207465
2020-05-23 14:54:00,-0.5991101207811198
2020-05-23 14:57:00,-0.6498594766872543
2020-05-23 15:00:00,-0.6341144056817143
2020-05-23 15:03:00,-0.6586710232252244
2020-05-23 15:06:00,-0.552833257824318
2020-05-23 15:09:00,-0.6331168065619863
2020-05-23 15:12:00,-0.4675908903803361
2020-05-23 15:15:00,-0.6318718779760957
2020-05-23 15:18:00,-0.575826415425297
2020-05-23 15:21:00,-0.5618549203458088
2020-05-23 15:24:00,-0.5429477422771356
2020-05-23 15:27:00,-0.4730144440133017
2020-05-23 15:30:00,-0.49382028788238586
2020-05-23 15:33:00,-0.5947493605256113
2020-05-23 15:36:00,-0.5269109558745981
2020-05-23 15:39:00,-0.5172520617193186
2020-05-23 15:42:00,-0.5694236775942727
2020-05-23 15:45:00,-0.6020544263500938
2020-05-23 15:48:00,-0.5185508898747457
2020-05-23 15:51:00,-0.547869538446605
2020-05-23 15:54:00,-0.6210268772087488
2020-05-23 15:57:00,-0.5016346392854985
2020-05-23 16:00:00,-0.5363546617589918
2020-05-23 16:03:00,-0.3675374787056853
2020-05-23 16:06:00,-0.5906213429794889
2020-05-23 16:09:00,-0.5207311058862274
2020-05-23 16:12:00,-0.6376468934951163
2020-05-23 16:15:00,-0.49643828152926517
2020-05-23 16:18:00,-0.5305298764662894
2020-05-23 16:21:00,-0.5777125504469609
2020-05-23 16:24:00,-0.5516815857633333
2020-05-23 16:27:00,-0.4737538540213677
2020-05-23 16:30:00,-0.579909086188934
2020-05-23 16:33:00,-0.45943434742383715
2020-05-23 16:36:00,-0.5758604846150774
2020-05-23 16:39:00,-0.6461440681455315
2020-05-23 16:42:00,-0.5089375451788101
2020-05-23 16:45:00,-0.6141150268754814
2020-05-23 16:48:00,-0.5114071050702478
2020-05-23 16:51:00,-0.5001141405342082
2020-05-23 16:54:00,-0.43919251317794306
2020-05-23 16:57:00,-0.4451938680381886
2020-05-23 17:00:00,-0.3962917179477472
2020-05-23 17:03:00,-0.3673853537106311
2020-05-23 17:06:00,-0.44750178436885335
2020-05-23 17:09:00,-0.5167170275182684
2020-05-23 17:12:00,-0.5199237843151536
2020-05-23 17:15:00,-0.5400555530143833
2020-05-23 17:18:00,-0.44215546557148855
2020-05-23 17:21:00,-0.297791758595622
2020-05-23 17:24:00,-0.477806977883688
2020-05-23 17:27:00,-0.519101043550279
2020-05-23 17:30:00,-0.43782637188866147
2020-05-23 17:33:00,-0.5941795015165212
2020-05-23 17:36:00,-0.4521136100267995
2020-05-23 17:39:00,-0.3731961932330705
2020-05-23 17:42:00,-0.3825316263138916
2020-05-23 17:45:00,-0.5051793110132508
2020-05-23 17:48:00,-0.4297440183849517
2020-05-23 17:51:00,-0.45381628930476836
2020-05-23 17:54:00,-0.4143138291576065
2020-05-23 17:57:00,-0.4871964850171935
2020-05-23 18:00:00,-0.4997738782844863
2020-05-23 18:03:00,-0.5478086611034882
2020-05-23 18:06:00,-0.4611014898452481
2020-05-23 18:09:00,-0.46212925559797213
2020-05-23 18:12:00,-0.4782279473986364
2020-05-23 18:15:00,-0.4630430541202486
2020-05-23 18:18:00,-0.40052268773320066
2020-05-23 18:21:00,-0.39174999933931076
2020-05-23 18:24:00,-0.38032691874707325
2020-05-23 18:27:00,-0.378879684675951
2020-05-23 18:30:00,-0.43407063939861246
2020-05-23 18:33:00,-0.47189769483827604
2020-05-23 18:36:00,-0.4059669600678717
2020-05-23 18:39:00,-0.4368533517534843
2020-05-23 18:42:00,-0.3477674435393965
2020-05-23 18:45:00,-0.4201776246986242
2020-05-23 18:48:00,-0.4410711851325573
2020-05-23 18:51:00,-0.37104607565817105
2020-05-23 18:54:00,
2020-05-23 18:57:00,
2020-05-23 19:00:00,
2020-05-23 19:03:00,-0.2999691694626563
2020-05-23 19:06:00,-0.36343701164622644
2020-05-23 19:09:00,-0.29983715118737564
2020-05-23 19:12:00,-0.29606894823115226
2020-05-23 19:15:00,-0.3532315500987693
2020-05-23 19:18:00,-0.31167688314189945
2020-05-23 19:21:00,-0.32310601310530274
2020-05-23 19:24:00,-0.09645565067853568
2020-05-23 19:27:00,-0.24666027536852653
2020-05-23 19:30:00,-0.16017821916307184
2020-05-23 19:33:00,-0.20972797012092315
2020-05-23 19:36:00,-0.18457067343706512
2020-05-23 19:39:00,-0.1448172280153699
2020-05-23 19:42:00,-0.18448961588950397
2020-05-23 19:45:00,-0.34010281548250987
2020-05-23 19:48:00,-0.2439790327244964
2020-05-23 19:51:00,-0.3198943667517824
2020-05-23 19:54:00,-0.37982160333871207
2020-05-23 19:57:00,-0.20464159933209203
2020-05-23 20:00:00,-0.22661058819738855
2020-05-23 20:03:00,-0.22747416321180935
2020-05-23 20:06:00,-0.1926043568817022
2020-05-23 20:09:00,-0.20657528055033936
2020-05-23 20:12:00,-0.2287698146306525
2020-05-23 20:15:00,-0.2099610239673666
2020-05-23 20:18:00,-0.27803578152946784
2020-05-23 20:21:00,-0.22568594252891216
2020-05-23 20:24:00,-0.24465350989123635
2020-05-23 20:27:00,-0.2372776275632873
2020-05-23 20:30:00,-0.38001573526344146
2020-05-23 20:33:00,-0.12585452079514425
2020-05-23 20:36:00,-0.19352399425054045
2020-05-23 20:39:00,-0.15576485007136398
2020-05-23 20:42:00,-0.17214733787159275
2020-05-23 20:45:00,-0.18663118144081636
2020-05-23 20:48:00,-0.19277936231713966
2020-05-23 20:51:00,-0.15065665531579953
2020-05-23 20:54:00,-0.204453714322824
2020-05-23 20:57:00,-0.13870184126841423
2020-05-23 21:00:00,-0.2880029000399986
2020-05-23 21:03:00,-0.2435052040178789
2020-05-23 21:06:00,-0.2292374560631174
2020-05-23 21:09:00,-0.12118489443878389
2020-05-23 21:12:00,-0.3636070777870941
2020-05-23 21:15:00,-0.19011467818535266
2020-05-23 21:18:00,-0.2214406469808523
2020-05-23 21:21:00,-0.18763846963986452
2020-05-23 21:24:00,-0.16807662212619334
2020-05-23 21:27:00,-0.12949067413018156
2020-05-23 21:30:00,-0.18084961993713478
2020-05-23 21:33:00,-0.2247673912645496
2020-05-23 21:36:00,-0.09681704111062572
2020-05-23 21:39:00,-0.2199055516991848
2020-05-23 21:42:00,-0.29595640933712275
2020-05-23 21:45:00,-0.13227695427934805
2020-05-23 21:48:00,-0.18362450734946378
2020-05-23 21:51:00,-0.2497206795318334
2020-05-23 21:54:00,-0.22137314649614837
2020-05-23 21:57:00,-0.25147675347881204
2020-05-23 22:00:00,-0.23936055420654156
2020-05-23 22:03:00,-0.12158397069487137
2020-05-23 22:06:00,-0.10730777481808218
2020-05-23 22:09:00,-0.09332442487044545
2020-05-23 22:12:00,-0.09919984427568806
2020-05-23 22:15:00,-0.11766773913063844
2020-05-23 22:18:00,-0.09980478367521073
2020-05-23 22:21:00,-0.06038103046614651
2020-05-23 22:24:00,-0.1409973969521161
2020-05-23 22:27:00,-0.16339713542055279
2020-05-23 22:30:00,-0.1890584599656222
2020-05-23 22:33:00,-0.14514250779819804
2020-05-23 22:36:00,-0.17992846840195398
2020-05-23 22:39:00,-0.03383883948663424
2020-05-23 22:42:00,0.06248070747193424
2020-05-23 22:45:00,-0.04076500014713247
2020-05-23 22:48:00,-0.05472192987417657
2020-05-23 22:51:00,-0.04377697963195715
2020-05-23 22:54:00,-0.0588876195978969
2020-05-23 22:57:00,-0.046349838921344144
2020-05-23 23:00:00,-0.14584309322958688
2020-05-23 23:03:00,-0.04528555056873529
2020-05-23 23:06:00,-0.04095248872619095
2020-05-23 23:09:00,-0.08126460127732571
2020-05-23 23:12:00,-0.07057091791187986
2020-05-23 23:15:00,0.0337691397876938
2020-05-23 23:18:00,0.10266717225334787
2020-05-23 23:21:00,0.043644345219092884
2020-05-23 23:24:00,0.05743394624022358
2020-05-23 23:27:00,-0.014455910268509342
2020-05-23 23:30:00,-0.056376238564894265
2020-05-23 23:33:00,-0.08837779992234118
2020-05-23 23:36:00,-0.020474483877990224
2020-05-23 23:39:00,0.0023225601307785837
2020-05-23 23:42:00,-0.045633583599737904
2020-05-23 23:45:00,-0.0802031820768434
2020-05-23 23:48:00,-0.1271057385772565
2020-05-23 23:51:00,-0.08320030393963407
2020-05-23 23:54:00,-0.095623172756234
2020-05-23 23:57:00,-0.11756024166641055
2020-05-24 00:00:00,-0.05062447188100805
2020-05-24 00:03:00,0.0008575046516057228
2020-05-24 00:06:00,-0.058650302622197614
2020-05-24 00:09:00,-0.030899560915031543
2020-05-24 00:12:00,0.044189524233104294
2020-05-24 00:15:00,-0.05564325819267424
2020-05-24 00:18:00,-0.09295891298103243
2020-05-24 00:21:00,0.019333832016855013
2020-05-24 00:24:00,-0.10243025755067947
2020-05-24 00:27:00,-0.06645591443412968
2020-05-24 00:30:00,0.034613338867131915
2020-05-24 00:33:00,0.040742301974546535
2020-05-24 00:36:00,-0.07519886859671487
2020-05-24 00:39:00,-0.02231259127552221
2020-05-24 00:42:00,-0.03802371185565789
2020-05-24 00:45:00,-0.05882433578119617
2020-05-24 00:48:00,-0.1098197311681588
2020-05-24 00:51:00,-0.0924352000605495
2020-05-24 00:54:00,-0.07651869940326606
2020-05-24 00:57:00,-0.0003022625970174886
2020-05-24 01:00:00,-0.15634932630075582
2020-05-24 01:03:00,-0.03043573385923537
2020-05-24 01:06:00,-0.06626511707776217
2020-05-24 01:09:00,-0.0057055733768152095
2020-05-24 01:12:00,-0.04047120713818231
2020-05-24 01:15:00,-0.13108426923889738
2020-05-24 01:18:00,-0.1290647034434187
2020-05-24 01:21:00,-0.21596800233459135
2020-05-24 01:24:00,-0.05439745202403401
2020-05-24 01:27:00,-0.11499830556186907
2020-05-24 01:30:00,-0.11906959432502617
2020-05-24 01:33:00,-0.16176701797803617
2020-05-24 01:36:00,-0.18213599374519163
2020-05-24 01:39:00,-0.13460949019327018
2020-05-24 01:42:00,-0.10895393600236503
2020-05-24 01:45:00,-0.11042074579995642
2020-05-24 01:48:00,-0.10071779745157983
2020-05-24 01:51:00,-0.05450522453651274
2020-05-24 01:54:00,0.004465169053162299
2020-05-24 01:57:00,0.029093427067550692
2020-05-24 02:00:00,-0.010814927875969715
2020-05-24 02:03:00,-0.002260152396445392
2020-05-24 02:06:00,-0.016250036134920265
2020-05-24 02:09:00,-0.01472044735368172
2020-05-24 02:12:00,0.02546361176615619
2020-05-24 02:15:00,0.008404923777732165
2020-05-24 02:18:00,-0.046825422645213166
2020-05-24 02:21:00,-0.08392795186421154
2020-05-24 02:24:00,0.014642579477822437
2020-05-24 02:27:00,0.09031739517348569
2020-05-24 02:30:00,0.10519469450002816
2020-05-24 02:33:00,0.03928163717870348
2020-05-24 02:36:00,0.01880101863736172
2020-05-24 02:39:00,0.06482670588803785
2020-05-24 02:42:00,0.00014217200919119932
2020-05-24 02:45:00,0.10927880481716556
2020-05-24 02:48:00,-0.06599023644866975
2020-05-24 02:51:00,-0.02107215930595885
2020-05-24 02:54:00,-0.0391534625422878
2020-05-24 02:57:00,-0.048520210885044435
2020-05-24 03:00:00,0.013937452622940327
2020-05-24 03:03:00,-0.07723234165428039
2020-05-24 03:06:00,-0.002652100486841391
2020-05-24 03:09:00,0.02977228543016963
2020-05-24 03:12:00,-0.014256596408301903
2020-05-24 03:15:00,0.0012972653766496478
2020-05-24 03:18:00,0.05291489231780133
2020-05-24 03:21:00,0.02151036526856842
2020-05-24 03:24:00,0.05827236091300847
2020-05-24 03:27:00,0.07355280882171655
2020-05-24 03:30:00,0.1846839319584319
2020-05-24 03:33:00,0.10018550463576048
2020-05-24 03:36:00,0.15304898750991924
2020-05-24 03:39:00,0.1581254952599238
2020-05-24 03:42:00,0.17359370452834355
2020-05-24 03:45:00,0.1921579077009028
2020-05-24 03:48:00,0.08790021295158112
2020-05-24 03:51:00,0.160337283973206
2020-05-24 03:54:00,0.13649154982670098
2020-05-24 03:57:00,0.14342257788524648
2020-05-24 04:00:00,0.15211642993335772
2020-05-24 04:03:00,0.18332476761344196
2020-05-24 04:06:00,0.16649639521898507
2020-05-24 04:09:00,0.16300505221755657
2020-05-24 04:12:00,0.15938321129937094
2020-05-24 04:15:00,0.16082840239539564
2020-05-24 04:18:00,0.19170966699380187
2020-05-24 04:21:00,0.15786425285415362
2020-05-24 04:24:00,0.13063435838529358
2020-05-24 04:27:00,0.25602790679783993
2020-05-24 04:30:00,0.18118006166702116
2020-05-24 04:33:00,0.1306448889944818
2020-05-24 04:36:00,0.0763299285059702
2020-05-24 04:39:00,0.040665969615361064
2020-05-24 04:42:00,0.09320440175247313
2020-05-24 04:45:00,0.05649850423509406
2020-05-24 04:48:00,0.11778782345345462
2020-05-24 04:51:00,0.014839529843186483
2020-05-24 04:54:00,0.003957113037358795
2020-05-24 04:57:00,0.11690251816401087
2020-05-24 05:00:00,0.12377064150172146
2020-05-24 05:03:00,0.10080201926524524
2020-05-24 05:06:00,0.05757256725053139
2020-05-24 05:09:00,0.09766168500766526
2020-05-24 05:12:00,0.04062355124904116
2020-05-24 05:15:00,0.10777862477010558
2020-05-24 05:18:00,0.11819537778166023
2020-05-24 05:21:00,0.15496954261664087
2020-05-24 05:24:00,0.08848100107195478
2020-05-24 05:27:00,0.14509751410201943
2020-05-24 05:30:00,0.15589770418250737
2020-05-24 05:33:00,0.21908531481938098
2020-05-24 05:36:00,0.15219563882277498
2020-05-24 05:39:00,0.1702260405514835
2020-05-24 05:42:00,0.18775157455081626
2020-05-24 05:45:00,0.07439597181877389
2020-05-24 05:48:00,0.01664281785173216
2020-05-24 05:51:00,0.1526921747777692
2020-05-24 05:54:00,0.1898044668696457
2020-05-24 05:57:00,0.1388366308831337
2020-05-24 06:00:00,0.06668122064104409
2020-05-24 06:03:00,0.1712276428589803
2020-05-24 06:06:00,0.11208273493480192
2020-05-24 06:09:00,0.2417467377742355
2020-05-24 06:12:00,0.18004241420328526
2020-05-24 06:15:00,0.21994813526822554
2020-05-24 06:18:00,0.2400934541807942
2020-05-24 06:21:00,0.19410307496218593
2020-05-24 06:24:00,0.3817687274424202
2020-05-24 06:27:00,0.3266174670625901
2020-05-24 06:30:00,0.3765422877682454
2020-05-24 06:33:00,0.23653388060529323
2020-05-24 06:36:00,0.22255911833309483
2020-05-24 06:39:00,0.38855324944449876
2020-05-24 06:42:00,0.3358437971305648
2020-05-24 06:45:00,0.35375046529395604
2020-05-24 06:48:00,0.39669125277686135
2020-05-24 06:51:00,0.23603429325584102
2020-05-24 06:54:00,0.3275073698740698
2020-05-24 06:57:00,0.3250866513392907
2020-05-24 07:00:00,0.30486638075757355
2020-05-24 07:03:00,0.4311685312797522
2020-05-24 07:06:00,0.3092777171886496
2020-05-24 07:09:00,0.34584039603879546
2020-05-24 07:12:00,0.32541467915365274
2020-05-24 07:15:00,0.42496160024296614
2020-05-24 07:18:00,0.34196337136609145
2020-05-24 07:21:00,0.353318294036967
2020-05-24 07:24:00,0.32118576304657154
2020-05-24 07:27:00,0.365122278804904
2020-05-24 07:30:00,0.45678852430012284
2020-05-24 07:33:00,0.34933367984785946
2020-05-24 07:36:00,0.3681421573621151
2020-05-24 07:39:00,0.4674295270086759
2020-05-24 07:42:00,0.3130376409573614
2020-05-24 07:45:00,0.39039170607077267
2020-05-24 07:48:00,0.3644388750923895
2020-05-24 07:51:00,0.3853397681186834
2020-05-24 07:54:00,0.1860687672354402
2020-05-24 07:57:00,0.29838142434795145
2020-05-24 08:00:00,0.19692585254966843
2020-05-24 08:03:00,0.26509736918700355
2020-05-24 08:06:00,0.1617058946780503
2020-05-24 08:09:00,0.17136569917380484
2020-05-24 08:12:00,0.1683457894272351
2020-05-24 08:15:00,0.14008847762465848
2020-05-24 08:18:00,0.3030924565031796
2020-05-24 08:21:00,0.2366615545716968
2020-05-24 08:24:00,0.16955388633863322
2020-05-24 08:27:00,0.14734650663251614
2020-05-24 08:30:00,0.18983137115259296
2020-05-24 08:33:00,0.15826891009231758
2020-05-24 08:36:00,0.14625147692169094
2020-05-24 08:39:00,0.07468342506257386
2020-05-24 08:42:00,0.11191763040324076
2020-05-24 08:45:00,0.09288873272589626
2020-05-24 08:48:00,0.08351765285124202
2020-05-24 08:51:00,0.09283446373962079
2020-05-24 08:54:00,0.06380752002496592
2020-05-24 08:57:00,0.034332972384902405
2020-05-24 09:00:00,-0.029781057924253673
2020-05-24 09:03:00,-0.07342316402412052
2020-05-24 09:06:00,-0.08076345950325958
2020-05-24 09:09:00,0.017242856906307225
2020-05-24 09:12:00,-0.10506411962455786
2020-05-24 09:15:00,-0.09057894162560842
2020-05-24 09:18:00,-0.14150377141885429
2020-05-24 09:21:00,-0.21403257115304086
2020-05-24 09:24:00,-0.15170056502296347
2020-05-24 09:27:00,-0.0436641488761893
2020-05-24 09:30:00,-0.34476151008516354
2020-05-24 09:33:00,-0.15907509620728888
2020-05-24 09:36:00,-0.20977811252191714
2020-05-24 09:39:00,-0.28155221548848886
2020-05-24 09:42:00,-0.2345451732529682
2020-05-24 09:45:00,-0.24849492630926306
2020-05-24 09:48:00,-0.31124045386388843
2020-05-24 09:51:00,-0.2927199482266474
2020-05-24 09:54:00,-0.1976716376828449
2020-05-24 09:57:00,-0.3150791334983296
2020-05-24 10:00:00,-0.2991665728569046
2020-05-24 10:03:00,-0.3183579664843137
2020-05-24 10:06:00,-0.217906406561724
2020-05-24 10:09:00,-0.28373692472257517
2020-05-24 10:12:00,-0.22472963654547584
2020-05-24 10:15:00,-0.1519312308033136
2020-05-24 10:18:00,-0.22473365681196356
2020-05-24 10:21:00,-0.3754465943441687
2020-05-24 10:24:00,-0.2830045050707781
2020-05-24 10:27:00,-0.24266854206450716
2020-05-24 10:30:00,-0.19455304931915407
2020-05-24 10:33:00,-0.3035339274730404
2020-05-24 10:36:00,-0.29130749406084533
2020-05-24 10:39:00,-0.3186005166334098
2020-05-24 10:42:00,-0.22984703021603536
2020-05-24 10:45:00,-0.32288660356300625
2020-05-24 10:48:00,-0.2815574129866718
2020-05-24 10:51:00,-0.4152821126452295
2020-05-24 10:54:00,-0.49374999444324885
2020-05-24 10:57:00,-0.44631037686315267
2020-05-24 11:00:00,-0.3616074136541556
2020-05-24 11:03:00,-0.39533041618193465
2020-05-24 11:06:00,-0.3643419128766823
2020-05-24 11:09:00,-0.3637203669557607
2020-05-24 11:12:00,-0.3240216731717851
2020-05-24 11:15:00,-0.4464058621363165
2020-05-24 11:18:00,-0.4651575666534882
2020-05-24 11:21:00,-0.44824131187664307
2020-05-24 11:24:00,-0.43737729458723607
2020-05-24 11:27:00,-0.4076999814847113
2020-05-24 11:30:00,-0.39093636235742224
2020-05-24 11:33:00,-0.3951070389564393
2020-05-24 11:36:00,-0.43503100974032805
2020-05-24 11:39:00,-0.49705592337357984
2020-05-24 11:42:00,-0.47471971752025865
2020-05-24 11:45:00,-0.5041883930451263
2020-05-24 11:48:00,-0.41285673814115853
2020-05-24 11:51:00,-0.43133328569928153
2020-05-24 11:54:00,-0.3273360961245544
2020-05-24 11:57:00,-0.3502324644898067
2020-05-24 12:00:00,-0.38636528034425055
2020-05-24 12:03:00,-0.6057025635344644
2020-05-24 12:06:00,-0.5184132040119493
2020-05-24 12:09:00,-0.5169342633413407
2020-05-24 12:12:00,-0.5130635464329885
2020-05-24 12:15:00,-0.48122378624537987
2020-05-24 12:18:00,-0.5066769155762927
2020-05-24 12:21:00,-0.4351644260271996
2020-05-24 12:24:00,-0.43473804869182686
2020-05-24 12:27:00,-0.5411679223499846
2020-05-24 12:30:00,-0.39993374105551993
2020-05-24 12:33:00,-0.5177695114310268
2020-05-24 12:36:00,-0.440735055993116
2020-05-24 12:39:00,-0.4279520371251806
2020-05-24 12:42:00,-0.4378587161156702
2020-05-24 12:45:00,-0.41613382908190033
2020-05-24 12:48:00,-0.4167166206271986
2020-05-24 12:51:00,-0.38433021797948186
2020-05-24 12:54:00,-0.4972694327094018
2020-05-24 12:57:00,-0.5121109501530441
2020-05-24 13:00:00,-0.3989814342257887
2020-05-24 13:03:00,-0.33092997364593657
2020-05-24 13:06:00,-0.43327333783281574
2020-05-24 13:09:00,-0.37002581398860457
2020-05-24 13:12:00,-0.500182783691173
2020-05-24 13:15:00,-0.4690246373677951
2020-05-24 13:18:00,-0.47116891943613837
2020-05-24 13:21:00,-0.4550443474657868
2020-05-24 13:24:00,-0.5260592034667866
2020-05-24 13:27:00,-0.6153543568202622
2020-05-24 13:30:00,-0.46257600787345154
2020-05-24 13:33:00,-0.4359741882539083
2020-05-24 13:36:00,-0.40186624933124904
2020-05-24 13:39:00,-0.35084697358894346
2020-05-24 13:42:00,-0.4747987372389275
2020-05-24 13:45:00,-0.46711276303511795
2020-05-24 13:48:00,-0.5299018972121985
2020-05-24 13:51:00,-0.3388536970074938
2020-05-24 13:54:00,-0.4666580317287412
2020-05-24 13:57:00,-0.40504631143096503
2020-05-24 14:00:00,-0.489759416340803
2020-05-24 14:03:00,-0.5576567081906205
2020-05-24 14:06:00,-0.49899732234905514
2020-05-24 14:09:00,-0.4596993758309509
2020-05-24 14:12:00,-0.4823977341408181
2020-05-24 14:15:00,-0.4208792086898825
2020-05-24 14:18:00,-0.41338078972745507
2020-05-24 14:21:00,-0.5115134420869936
2020-05-24 14:24:00,-0.5634454935388362
2020-05-24 14:27:00,-0.4866229097601149
2020-05-24 14:30:00,-0.48103832421389825
2020-05-24 14:33:00,-0.47121311951252665
2020-05-24 14:36:00,-0.35609475189721707
2020-05-24 14:39:00,-0.33983759149816706
2020-05-24 14:42:00,-0.36524277224674506
2020-05-24 14:45:00,-0.4469861709800398
2020-05-24 14:48:00,-0.41456149036338275
2020-05-24 14:51:00,-0.5066906146622614
2020-05-24 14:54:00,-0.500884399240249
2020-05-24 14:57:00,-0.6439764725359964
2020-05-24 15:00:00,-0.6530681024826777
2020-05-24 15:03:00,-0.6544691144617332
2020-05-24 15:06:00,-0.5843675871407754
2020-05-24 15:09:00,-0.5332508813275467
2020-05-24 15:12:00,-0.71476021156451
2020-05-24 15:15:00,-0.6900581345542491
2020-05-24 15:18:00,-0.6698317606120554
2020-05-24 15:21:00,-0.5409819342399942
2020-05-24 15:24:00,-0.5209439511012874
2020-05-24 15:27:00,-0.5418848788965533
2020-05-24 15:30:00,-0.4958596257978911
2020-05-24 15:33:00,-0.5845384319828781
2020-05-24 15:36:00,-0.6261984583402409
2020-05-24 15:39:00,-0.43388857844303175
2020-05-24 15:42:00,-0.4836792409040527
2020-05-24 15:45:00,-0.6155269082497057
2020-05-24 15:48:00,-0.5378097445182561
2020-05-24 15:51:00,-0.56017446350711
2020-05-24 15:54:00,-0.6301194312929397
2020-05-24 15:57:00,-0.618055095714567
2020-05-24 16:00:00,-0.6357922298894323
2020-05-24 16:03:00,-0.46922185941230055
2020-05-24 16:06:00,-0.5320989394562048
2020-05-24 16:09:00,-0.3679748226595052
2020-05-24 16:12:00,-0.43786264312461753
2020-05-24 16:15:00,-0.33708779291322344
2020-05-24 16:18:00,-0.4537029876161114
2020-05-24 16:21:00,-0.4440741685481271
2020-05-24 16:24:00,-0.4569999681102104
2020-05-24 16:27:00,-0.46454252368852167
2020-05-24 16:30:00,-0.4075246279169846
2020-05-24 16:33:00,-0.4149124974475171
2020-05-24 16:36:00,-0.40614675011738655
2020-05-24 16:39:00,-0.43297184927706667
2020-05-24 16:42:00,-0.4852244272040025
2020-05-24 16:45:00,-0.4133430161418232
2020-05-24 16:48:00,-0.45753784368525885
2020-05-24 16:51:00,-0.5761219648489941
2020-05-24 16:54:00,-0.40282579632031457
2020-05-24 16:57:00,-0.43838327480006
2020-05-24 17:00:00,-0.4415964799150629
2020-05-24 17:03:00,-0.4739329086580142
2020-05-24 17:06:00,-0.3191672654596118
2020-05-24 17:09:00,-0.37611587074331965
2020-05-24 17:12:00,-0.3823600116497232
2020-05-24 17:15:00,-0.45962708818842657
2020-05-24 17:18:00,-0.35951327042505454
2020-05-24 17:21:00,-0.27061093261647784
2020-05-24 17:24:00,-0.47577682735874305
2020-05-24 17:27:00,-0.4551762688670351
2020-05-24 17:30:00,-0.4174209338708579
2020-05-24 17:33:00,-0.4990262083516086
2020-05-24 17:36:00,-0.4927539701726573
2020-05-24 17:39:00,-0.5021988736811522
2020-05-24 17:42:00,-0.4535393939693222
2020-05-24 17:45:00,-0.4285908814769641
2020-05-24 17:48:00,-0.48305108090346494
2020-05-24 17:51:00,-0.5333540528096137
2020-05-24 17:54:00,-0.5220777332185094
2020-05-24 17:57:00,-0.415045708373043
2020-05-24 18:00:00,-0.5057936215523569
2020-05-24 18:03:00,-0.4859563958954709
2020-05-24 18:06:00,-0.4528410341419544
2020-05-24 18:09:00,-0.45581698577763063
2020-05-24 18:12:00,-0.34327336015746823
2020-05-24 18:15:00,-0.4620682558386875
2020-05-24 18:18:00,-0.5165048522198958
2020-05-24 18:21:00,-0.37363221752525533
2020-05-24 18:24:00,-0.3776720458354248
2020-05-24 18:27:00,-0.3691298128452445
2020-05-24 18:30:00,-0.430789760427956
2020-05-24 18:33:00,-0.4821056270172903
2020-05-24 18:36:00,-0.294692693183606
2020-05-24 18:39:00,-0.34747737806907253
2020-05-24 18:42:00,-0.4062737829984826
2020-05-24 18:45:00,-0.3048428695889811
2020-05-24 18:48:00,-0.4604552966832216
2020-05-24 18:51:00,-0.4111343441833242
2020-05-24 18:54:00,
2020-05-24 18:57:00,
2020-05-24 19:00:00,
2020-05-24 19:03:00,-0.36664268281913337
2020-05-24 19:06:00,-0.393555192257395
2020-05-24 19:09:00,-0.32628898722788335
2020-05-24 19:12:00,-0.25010367625964136
2020-05-24 19:15:00,-0.22944733204735712
2020-05-24 19:18:00,-0.15297812656825727
2020-05-24 19:21:00,-0.25352505956192317
2020-05-24 19:24:00,-0.2882646220348306
2020-05-24 19:27:00,-0.2915115116788911
2020-05-24 19:30:00,-0.18360989390811255
2020-05-24 19:33:00,-0.19604361840868023
2020-05-24 19:36:00,-0.2195028298857551
2020-05-24 19:39:00,-0.2169872679120317
2020-05-24 19:42:00,-0.2543264759393651
2020-05-24 19:45:00,-0.12239066415611433
2020-05-24 19:48:00,-0.20215215291779032
2020-05-24 19:51:00,-0.16102993862602943
2020-05-24 19:54:00,-0.16848399137063552
2020-05-24 19:57:00,-0.2883677515174554
2020-05-24 20:00:00,-0.08353533480493525
2020-05-24 20:03:00,-0.20362858624628188
2020-05-24 20:06:00,-0.1250652497820397
2020-05-24 20:09:00,-0.21837923408764937
2020-05-24 20:12:00,-0.14309479241705958
2020-05-24 20:15:00,-0.2696402182983775
2020-05-24 20:18:00,-0.09100219938648024
2020-05-24 20:21:00,-0.1346658109970349
2020-05-24 20:24:00,-0.08872811993830965
2020-05-24 20:27:00,-0.08905928856529499
2020-05-24 20:30:00,0.011855342428361837
2020-05-24 20:33:00,-0.02503066511576435
2020-05-24 20:36:00,-0.0272170875079496
2020-05-24 20:39:00,-0.1454255751195319
2020-05-24 20:42:00,0.04680828819903127
2020-05-24 20:45:00,0.01905417116654462
2020-05-24 20:48:00,-0.060265655606599466
2020-05-24 20:51:00,-0.11197492569772294
2020-05-24 20:54:00,-0.07824797991077048
2020-05-24 20:57:00,0.04019727308832444
2020-05-24 21:00:00,-0.13498950521483266
2020-05-24 21:03:00,-0.12562604311523273
2020-05-24 21:06:00,-0.07893696956330132
2020-05-24 21:09:00,-0.01676441883927282
2020-05-24 21:12:00,-0.022592448656382658
2020-05-24 21:15:00,-0.175518752049868
2020-05-24 21:18:00,-0.016671898304934984
2020-05-24 21:21:00,-0.08143252604912732
2020-05-24 21:24:00,-0.08081940860495251
2020-05-24 21:27:00,-0.06233574819890464
2020-05-24 21:30:00,-0.029413238116148932
2020-05-24 21:33:00,-0.07974165500314712
2020-05-24 21:36:00,-0.04304294892887128
2020-05-24 21:39:00,-0.056156437472338894
2020-05-24 21:42:00,-0.11934264329795496
2020-05-24 21:45:00,-0.1003657341131543
2020-05-24 21:48:00,-0.08696761182790169
2020-05-24 21:51:00,-0.20403163255076606
2020-05-24 21:54:00,-0.08667792035419097
2020-05-24 21:57:00,-0.1626144427252143
2020-05-24 22:00:00,-0.21244474854285045
2020-05-24 22:03:00,-0.18323799541974495
2020-05-24 22:06:00,-0.1646595649378355
2020-05-24 22:09:00,-0.14992555073212088
2020-05-24 22:12:00,-0.11762220343632634
2020-05-24 22:15:00,-0.15400898634322857
2020-05-24 22:18:00,-0.11976715730139631
2020-05-24 22:21:00,-0.15251267781678735
2020-05-24 22:24:00,-0.2629296333485627
2020-05-24 22:27:00,-0.18454750951713095
2020-05-24 22:30:00,-0.1160017930885715
2020-05-24 22:33:00,-0.06369547041344958
2020-05-24 22:36:00,-0.15376286147079554
2020-05-24 22:39:00,-0.13547666092398458
2020-05-24 22:42:00,-0.10323267387326496
2020-05-24 22:45:00,-0.11953920598733703
2020-05-24 22:48:00,-0.2085073792439971
2020-05-24 22:51:00,-0.20262252961163085
2020-05-24 22:54:00,-0.15290770876663373
2020-05-24 22:57:00,-0.13754832654393567
2020-05-24 23:00:00,-0.03891475101949027
2020-05-24 23:03:00,-0.030801208608465913
2020-05-24 23:06:00,-0.08796680982931093
2020-05-24 23:09:00,-0.1166679352025426
2020-05-24 23:12:00,-0.04578079902302079
2020-05-24 23:15:00,-0.12712232156150094
2020-05-24 23:18:00,-0.00385907876687952
2020-05-24 23:21:00,-0.03500129650382178
2020-05-24 23:24:00,-0.022560992145486125
2020-05-24 23:27:00,0.019484099252565557
2020-05-24 23:30:00,-0.040474936121938754
2020-05-24 23:33:00,0.011506860191616397
2020-05-24 23:36:00,-0.02542425804637105
2020-05-24 23:39:00,-0.10402044304845504
2020-05-24 23:42:00,0.031614317268577
2020-05-24 23:45:00,-0.08368178854340158
2020-05-24 23:48:00,-0.031449626802611874
2020-05-24 23:51:00,-0.10059685979570077
2020-05-24 23:54:00,-0.12266026660125817
2020-05-24 23:57:00,-0.034218196442225235
2020-05-25 00:00:00,0.061977289318463136
2020-05-25 00:03:00,0.003070350739847072
2020-05-25 00:06:00,0.029462620074241386
2020-05-25 00:09:00,-0.06382573076467679
2020-05-25 00:12:00,-0.06685104047909363
2020-05-25 00:15:00,-0.005687907891001487
2020-05-25 00:18:00,-0.1345888342075341
2020-05-25 00:21:00,-0.0850362612148956
2020-05-25 00:24:00,-0.0420820100224546
2020-05-25 00:27:00,-0.047792449773567114
2020-05-25 00:30:00,-0.08827132404024951
2020-05-25 00:33:00,-0.07935871781882042
2020-05-25 00:36:00,0.068093977602814
2020-05-25 00:39:00,0.03480052864603067
2020-05-25 00:42:00,-0.030777234032257184
2020-05-25 00:45:00,-0.013488188886469743
2020-05-25 00:48:00,-0.12285596735256377
2020-05-25 00:51:00,-0.04162339447901786
2020-05-25 00:54:00,-0.028574482376711785
2020-05-25 00:57:00,-0.17117445134681475
2020-05-25 01:00:00,-0.08502424488824545
2020-05-25 01:03:00,-0.09342638764849198
2020-05-25 01:06:00,-0.001923042473890746
2020-05-25 01:09:00,-0.04765381578408778
2020-05-25 01:12:00,0.04749317886944482
2020-05-25 01:15:00,0.004203049023999483
2020-05-25 01:18:00,-0.0984152236759428
2020-05-25 01:21:00,-0.009725538379711907
2020-05-25 01:24:00,0.03094184486337781
2020-05-25 01:27:00,-0.11737198334282084
2020-05-25 01:30:00,0.039756731398085776
2020-05-25 01:33:00,0.1275026182468082
2020-05-25 01:36:00,0.04851582203320959
2020-05-25 01:39:00,0.012360078407311903
2020-05-25 01:42:00,0.012902776365990576
2020-05-25 01:45:00,0.027882813325220468
2020-05-25 01:48:00,-0.013443794668205555
2020-05-25 01:51:00,0.06250428398607255
2020-05-25 01:54:00,0.00558816701914111
2020-05-25 01:57:00,0.049694751647507474
2020-05-25 02:00:00,-0.05455644958612993
2020-05-25 02:03:00,0.060164485880306984
2020-05-25 02:06:00,0.0530686149195958
2020-05-25 02:09:00,0.055887035395358
2020-05-25 02:12:00,-0.0063073650005662785
2020-05-25 02:15:00,-0.05567036497757272
2020-05-25 02:18:00,-0.04423530212790183
2020-05-25 02:21:00,0.0025854989357867453
2020-05-25 02:24:00,0.02460621428082277
2020-05-25 02:27:00,0.10196675010200806
2020-05-25 02:30:00,0.0764857350960142
2020-05-25 02:33:00,0.003527069083247625
2020-05-25 02:36:00,0.1062068098623854
2020-05-25 02:39:00,0.009927941902788007
2020-05-25 02:42:00,0.046439802746817804
2020-05-25 02:45:00,0.04616247610005075
2020-05-25 02:48:00,-0.0051119230988661
2020-05-25 02:51:00,0.08416028669097386
2020-05-25 02:54:00,-0.02379467708061611
2020-05-25 02:57:00,0.10841217054161234
2020-05-25 03:00:00,0.051067187682406256
2020-05-25 03:03:00,0.044702732855000704
2020-05-25 03:06:00,0.17386078595916388
2020-05-25 03:09:00,0.19436128659071983
2020-05-25 03:12:00,0.12090578605125302
2020-05-25 03:15:00,0.04636868867663679
2020-05-25 03:18:00,0.10276548380250006
2020-05-25 03:21:00,0.15362431505604945
2020-05-25 03:24:00,0.19244337301142878
2020-05-25 03:27:00,0.18097897534232743
2020-05-25 03:30:00,0.20716007145068716
2020-05-25 03:33:00,0.21849444871884316
2020-05-25 03:36:00,0.2135322751472586
2020-05-25 03:39:00,0.20389615683257034
2020-05-25 03:42:00,0.2638468639048597
2020-05-25 03:45:00,0.23894937409693284
2020-05-25 03:48:00,0.262322306519593
2020-05-25 03:51:00,0.1288926573698177
2020-05-25 03:54:00,0.24866930506374274
2020-05-25 03:57:00,0.2879263388924187
2020-05-25 04:00:00,0.29171401467550595
2020-05-25 04:03:00,0.3545917442449422
2020-05-25 04:06:00,0.2675698894489642
2020-05-25 04:09:00,0.33236328584808916
2020-05-25 04:12:00,0.38373411972679605
2020-05-25 04:15:00,0.27849188061611585
2020-05-25 04:18:00,0.34219774947956694
2020-05-25 04:21:00,0.39875317587399195
2020-05-25 04:24:00,0.5291058802298494
2020-05-25 04:27:00,0.3612779717708463
2020-05-25 04:30:00,0.4732202312225695
2020-05-25 04:33:00,0.30896966889434907
2020-05-25 04:36:00,0.41248001254916744
2020-05-25 04:39:00,0.36390858119921177
2020-05-25 04:42:00,0.4599675392159952
2020-05-25 04:45:00,0.43448447693680237
2020-05-25 04:48:00,0.3724400244325352
2020-05-25 04:51:00,0.33138682138456943
2020-05-25 04:54:00,0.3357690168219847
2020-05-25 04:57:00,0.3917060274771984
2020-05-25 05:00:00,0.2734915769685813
2020-05-25 05:03:00,0.37971751368911555
2020-05-25 05:06:00,0.29432329773965193
2020-05-25 05:09:00,0.3209368898372418
2020-05-25 05:12:00,0.29684921794790853
2020-05-25 05:15:00,0.3505949648181286
2020-05-25 05:18:00,0.21136746526508432
2020-05-25 05:21:00,0.20591620548060519
2020-05-25 05:24:00,0.2580385189996264
2020-05-25 05:27:00,0.18327810280271706
2020-05-25 05:30:00,0.3653271859218421
2020-05-25 05:33:00,0.30486637811128503
2020-05-25 05:36:00,0.28050927099366163
2020-05-25 05:39:00,0.2856346318067722
2020-05-25 05:42:00,0.31959899652269996
2020-05-25 05:45:00,0.24683803351911138
2020-05-25 05:48:00,0.1633243927433341
2020-05-25 05:51:00,0.2265444152837972
2020-05-25 05:54:00,0.1742772761126048
2020-05-25 05:57:00,0.19206757220479176
2020-05-25 06:00:00,0.21410984405196132
2020-05-25 06:03:00,0.13086349462497537
2020-05-25 06:06:00,0.10481637386669718
2020-05-25 06:09:00,0.0679330022747422
2020-05-25 06:12:00,0.1332357339206851
2020-05-25 06:15:00,0.07227573919595898
2020-05-25 06:18:00,0.17630710031312447
2020-05-25 06:21:00,0.051019608167564456
2020-05-25 06:24:00,0.058819730311938656
2020-05-25 06:27:00,0.09804136750022963
2020-05-25 06:30:00,0.06124625482379997
2020-05-25 06:33:00,0.13943334068528657
2020-05-25 06:36:00,0.13272320222773715
2020-05-25 06:39:00,0.18295450186786866
2020-05-25 06:42:00,0.2296891106466319
2020-05-25 06:45:00,0.2140765993694913
2020-05-25 06:48:00,0.21652459621600428
2020-05-25 06:51:00,0.20524870151558616
2020-05-25 06:54:00,0.24772483184011662
2020-05-25 06:57:00,0.26244186042555384
2020-05-25 07:00:00,0.317363902434181
2020-05-25 07:03:00,0.19954777239252053
2020-05-25 07:06:00,0.2516234710217873
2020-05-25 07:09:00,0.24516839360626363
2020-05-25 07:12:00,0.21630129479956395
2020-05-25 07:15:00,0.2513176872145664
2020-05-25 07:18:00,0.2592794570770707
2020-05-25 07:21:00,0.29295804390756075
2020-05-25 07:24:00,0.2807076312513459
2020-05-25 07:27:00,0.20624586175296145
2020-05-25 07:30:00,0.21971077559771857
2020-05-25 07:33:00,0.29102899199153853
2020-05-25 07:36:00,0.1856589079405353
2020-05-25 07:39:00,0.2150964857549411
2020-05-25 07:42:00,0.26968612324458263
2020-05-25 07:45:00,0.15519495762396218
2020-05-25 07:48:00,0.24305689357936444
2020-05-25 07:51:00,0.19323689406473932
2020-05-25 07:54:00,0.14216868525687687
2020-05-25 07:57:00,0.24500556954535568
2020-05-25 08:00:00,0.17553505837622652
2020-05-25 08:03:00,0.06437911326094081
2020-05-25 08:06:00,0.18950785966455896
2020-05-25 08:09:00,0.13696180219233156
2020-05-25 08:12:00,0.15831367624315362
2020-05-25 08:15:00,0.043246437633854384
2020-05-25 08:18:00,0.20344589261981127
2020-05-25 08:21:00,0.15010118478295453
2020-05-25 08:24:00,0.1777228355277316
2020-05-25 08:27:00,0.11306862243395699
2020-05-25 08:30:00,-0.002760552948473105
2020-05-25 08:33:00,0.12289896361426145
2020-05-25 08:36:00,0.1189613693342153
2020-05-25 08:39:00,0.10980871582000873
2020-05-25 08:42:00,0.02742642704691889
2020-05-25 08:45:00,0.09621578590002855
2020-05-25 08:48:00,0.09008230045338905
2020-05-25 08:51:00,0.034150152810468626
2020-05-25 08:54:00,0.03350661589303172
2020-05-25 08:57:00,-0.04057210817984469
2020-05-25 09:00:00,-0.06242604731846768
2020-05-25 09:03:00,0.09880602129294402
2020-05-25 09:06:00,0.11655137366579993
2020-05-25 09:09:00,-0.0012180029902992828
2020-05-25 09:12:00,0.13925668836355953
2020-05-25 09:15:00,-0.0726316660094426
2020-05-25 09:18:00,-0.06387885930956827
2020-05-25 09:21:00,-0.07371963538815862
2020-05-25 09:24:00,-0.10145030621066553
2020-05-25 09:27:00,-0.04608786817738064
2020-05-25 09:30:00,-0.07376991954964751
2020-05-25 09:33:00,0.08824904674440859
2020-05-25 09:36:00,-0.11427683397795363
2020-05-25 09:39:00,-0.08759035840807883
2020-05-25 09:42:00,-0.09249399834772021
2020-05-25 09:45:00,-0.08144124127284158
2020-05-25 09:48:00,-0.17930118687610275
2020-05-25 09:51:00,-0.16342572739944217
2020-05-25 09:54:00,-0.1664062363286689
2020-05-25 09:57:00,-0.05529636732620702
2020-05-25 10:00:00,-0.16317306969040146
2020-05-25 10:03:00,-0.1543294724785369
2020-05-25 10:06:00,-0.24647311451951737
2020-05-25 10:09:00,-0.18818859812466826
2020-05-25 10:12:00,-0.14385017173879078
2020-05-25 10:15:00,-0.2049411972816415
2020-05-25 10:18:00,-0.16452394381195745
2020-05-25 10:21:00,-0.11554631034829299
2020-05-25 10:24:00,-0.22811809405055783
2020-05-25 10:27:00,-0.3752523147688862
2020-05-25 10:30:00,-0.12878600455138667
2020-05-25 10:33:00,-0.22227299321087912
2020-05-25 10:36:00,-0.31973234163615416
2020-05-25 10:39:00,-0.32885084940670595
2020-05-25 10:42:00,-0.22736398735088414
2020-05-25 10:45:00,-0.31013201341249896
2020-05-25 10:48:00,-0.40489093629042827
2020-05-25 10:51:00,-0.32737830331774376
2020-05-25 10:54:00,-0.40554128636580344
2020-05-25 10:57:00,-0.2287890638597787
2020-05-25 11:00:00,-0.35163754178972795
2020-05-25 11:03:00,-0.25235987344433397
2020-05-25 11:06:00,-0.38229290179623376
2020-05-25 11:09:00,-0.4120377800797428
2020-05-25 11:12:00,-0.3395943850799199
2020-05-25 11:15:00,-0.22864152883380484
2020-05-25 11:18:00,-0.41828844746498817
2020-05-25 11:21:00,-0.29915140238148297
2020-05-25 11:24:00,-0.3885388065404527
2020-05-25 11:27:00,-0.39978992705312066
2020-05-25 11:30:00,-0.29536900947846334
2020-05-25 11:33:00,-0.44381605172605987
2020-05-25 11:36:00,-0.3880229765791796
2020-05-25 11:39:00,-0.337154177246191
2020-05-25 11:42:00,-0.4239579386111245
2020-05-25 11:45:00,-0.34108778361854775
2020-05-25 11:48:00,-0.2728656347324545
2020-05-25 11:51:00,-0.21891587136065027
2020-05-25 11:54:00,-0.44916999516379974
2020-05-25 11:57:00,-0.34108988754832126
2020-05-25 12:00:00,-0.35243371230296816
2020-05-25 12:03:00,-0.31232022785729896
2020-05-25 12:06:00,-0.4749021211832769
2020-05-25 12:09:00,-0.36806888305125085
2020-05-25 12:12:00,-0.38204844797786564
2020-05-25 12:15:00,-0.37643727575181174
2020-05-25 12:18:00,-0.19490826969399677
2020-05-25 12:21:00,-0.3679001554032766
2020-05-25 12:24:00,-0.2328752938151979
2020-05-25 12:27:00,-0.4674935946264327
2020-05-25 12:30:00,-0.41212029190000976
2020-05-25 12:33:00,-0.44922838950463984
2020-05-25 12:36:00,-0.3757492588754303
2020-05-25 12:39:00,-0.32154015344792697
2020-05-25 12:42:00,-0.3809635461065568
2020-05-25 12:45:00,-0.29126929910540866
2020-05-25 12:48:00,-0.34038655810905993
2020-05-25 12:51:00,-0.3446168079812537
2020-05-25 12:54:00,-0.2984919765661971
2020-05-25 12:57:00,-0.3842672742516129
2020-05-25 13:00:00,-0.3674684562076891
2020-05-25 13:03:00,-0.26620445662524617
2020-05-25 13:06:00,-0.3427769014704154
2020-05-25 13:09:00,-0.3682144944107222
2020-05-25 13:12:00,-0.4093448358302112
2020-05-25 13:15:00,-0.3725140392196522
2020-05-25 13:18:00,-0.3924463895604049
2020-05-25 13:21:00,-0.2655217391973679
2020-05-25 13:24:00,-0.32677764738809856
2020-05-25 13:27:00,-0.45068649379686576
2020-05-25 13:30:00,-0.3223511339409697
2020-05-25 13:33:00,-0.3796714095542484
2020-05-25 13:36:00,-0.363683703241918
2020-05-25 13:39:00,-0.411536434254117
2020-05-25 13:42:00,-0.29584262836402786
2020-05-25 13:45:00,-0.3710832090140457
2020-05-25 13:48:00,-0.3275168763312877
2020-05-25 13:51:00,-0.3202961620496012
2020-05-25 13:54:00,-0.42740754221370025
2020-05-25 13:57:00,-0.3892769446181319
2020-05-25 14:00:00,-0.31729045453005256
2020-05-25 14:03:00,-0.5047516721717784
2020-05-25 14:06:00,-0.43601875746486485
2020-05-25 14:09:00,-0.33408461935471223
2020-05-25 14:12:00,-0.4036900987056242
2020-05-25 14:15:00,-0.4757941003251176
2020-05-25 14:18:00,-0.39030666325356833
2020-05-25 14:21:00,-0.4413499674563468
2020-05-25 14:24:00,-0.4069492887514343
2020-05-25 14:27:00,-0.5632284056287062
2020-05-25 14:30:00,-0.41034931463821067
2020-05-25 14:33:00,-0.508255010990581
2020-05-25 14:36:00,-0.4067064725983869
2020-05-25 14:39:00,-0.3776228079884163
2020-05-25 14:42:00,-0.4057600882016459
2020-05-25 14:45:00,-0.3444691040673433
2020-05-25 14:48:00,-0.365052492896325
2020-05-25 14:51:00,-0.3310729776135872
2020-05-25 14:54:00,-0.2244914472362325
2020-05-25 14:57:00,-0.24318472672399594
2020-05-25 15:00:00,-0.22286131504205287
2020-05-25 15:03:00,-0.2383621723334386
2020-05-25 15:06:00,-0.3239492628688936
2020-05-25 15:09:00,-0.3577238371314593
2020-05-25 15:12:00,-0.42937867914235994
2020-05-25 15:15:00,-0.556105733576203
2020-05-25 15:18:00,-0.5892084771080022
2020-05-25 15:21:00,-0.5670770577022495
2020-05-25 15:24:00,-0.5019723744273961
2020-05-25 15:27:00,-0.5695299503944398
2020-05-25 15:30:00,-0.5866822243747833
2020-05-25 15:33:00,-0.5168814717267765
2020-05-25 15:36:00,-0.525870817339694
2020-05-25 15:39:00,-0.3040392931535507
2020-05-25 15:42:00,-0.4267031962658052
2020-05-25 15:45:00,-0.38686981920443486
2020-05-25 15:48:00,-0.4205430120658775
2020-05-25 15:51:00,-0.4931219340990083
2020-05-25 15:54:00,-0.5519217318642973
2020-05-25 15:57:00,-0.43987362918323925
2020-05-25 16:00:00,-0.5741323519458206
2020-05-25 16:03:00,-0.49225136845274164
2020-05-25 16:06:00,-0.499145174761054
2020-05-25 16:09:00,-0.5592962333405467
2020-05-25 16:12:00,-0.6597075864031012
2020-05-25 16:15:00,-0.5561093889472772
2020-05-25 16:18:00,-0.5446179013727033
2020-05-25 16:21:00,-0.5109228456310007
2020-05-25 16:24:00,-0.5925435296903174
2020-05-25 16:27:00,-0.5096042838703738
2020-05-25 16:30:00,-0.5562072196011059
2020-05-25 16:33:00,-0.4732561072715953
2020-05-25 16:36:00,-0.5298257186091746
2020-05-25 16:39:00,-0.4972208547753212
2020-05-25 16:42:00,-0.560187963998942
2020-05-25 16:45:00,-0.6061595024190751
2020-05-25 16:48:00,-0.5737355502992614
2020-05-25 16:51:00,-0.5483606052928849
2020-05-25 16:54:00,-0.6022659497789391
2020-05-25 16:57:00,-0.549026272523804
2020-05-25 17:00:00,-0.6076850721267988
2020-05-25 17:03:00,-0.5216523493349996
2020-05-25 17:06:00,-0.46383395971605523
2020-05-25 17:09:00,-0.5170435890427711
2020-05-25 17:12:00,-0.44601023420904085
2020-05-25 17:15:00,-0.49937555948599766
2020-05-25 17:18:00,-0.48494180147116595
2020-05-25 17:21:00,-0.4965744037416471
2020-05-25 17:24:00,-0.5193418871065205
2020-05-25 17:27:00,-0.47269734627093385
2020-05-25 17:30:00,-0.5051237565756992
2020-05-25 17:33:00,-0.45017663709649014
2020-05-25 17:36:00,-0.5216373451682443
2020-05-25 17:39:00,-0.29720105094253313
2020-05-25 17:42:00,-0.42513659535501347
2020-05-25 17:45:00,-0.4244062416565839
2020-05-25 17:48:00,-0.45443561076353944
2020-05-25 17:51:00,-0.38817166069497944
2020-05-25 17:54:00,-0.3798244486139879
2020-05-25 17:57:00,-0.45209226004567427
2020-05-25 18:00:00,-0.38931300235196886
2020-05-25 18:03:00,-0.42441576878292153
2020-05-25 18:06:00,-0.42091105046097255
2020-05-25 18:09:00,-0.418241104668823
2020-05-25 18:12:00,-0.3311582018968693
2020-05-25 18:15:00,-0.49420766716445996
2020-05-25 18:18:00,-0.4126216945849137
2020-05-25 18:21:00,-0.38628927992800755
2020-05-25 18:24:00,-0.46322841102573875
2020-05-25 18:27:00,-0.42155381202769604
2020-05-25 18:30:00,-0.41426165957523153
2020-05-25 18:33:00,-0.3152147574171522
2020-05-25 18:36:00,-0.3986454846501033
2020-05-25 18:39:00,-0.2000872447588904
2020-05-25 18:42:00,-0.36977037205105034
2020-05-25 18:45:00,-0.3509038846457315
2020-05-25 18:48:00,-0.32532589321516525
2020-05-25 18:51:00,-0.23365284503228168
2020-05-25 18:54:00,
2020-05-25 18:57:00,
2020-05-25 19:00:00,
2020-05-25 19:03:00,-0.2624796907918494
2020-05-25 19:06:00,-0.19196061214910287
2020-05-25 19:09:00,-0.17880037561695872
2020-05-25 19:12:00,-0.19509063926579984
2020-05-25 19:15:00,-0.15497711746616005
2020-05-25 19:18:00,-0.10535104774101
2020-05-25 19:21:00,-0.15591232508893427
2020-05-25 19:24:00,-0.1636605873092094
2020-05-25 19:27:00,-0.09131923157360688
2020-05-25 19:30:00,-0.11363881674157028
2020-05-25 19:33:00,-0.13879353382424142
2020-05-25 19:36:00,-0.130933245619417
2020-05-25 19:39:00,-0.10943149462428892
2020-05-25 19:42:00,-0.18639935467626856
2020-05-25 19:45:00,-0.07495699386242904
2020-05-25 19:48:00,-0.1024895049787915
2020-05-25 19:51:00,-0.08624478489417697
2020-05-25 19:54:00,-0.03383788834361212
2020-05-25 19:57:00,0.03480391194273125
2020-05-25 20:00:00,-0.056074001316630984
2020-05-25 20:03:00,-0.014878598181326197
2020-05-25 20:06:00,-0.0813851506883907
2020-05-25 20:09:00,-0.005648549875957087
2020-05-25 20:12:00,-0.009567478777967153
2020-05-25 20:15:00,-0.02641576522228206
2020-05-25 20:18:00,-0.018212193675992694
2020-05-25 20:21:00,-0.13928988378722806
2020-05-25 20:24:00,0.040319020791855564
2020-05-25 20:27:00,-0.016334225240484557
2020-05-25 20:30:00,-0.14446929290511434
2020-05-25 20:33:00,-0.009330419060233908
2020-05-25 20:36:00,-0.012490060014613391
2020-05-25 20:39:00,-0.06736362459332668
2020-05-25 20:42:00,-0.10412629607247936
2020-05-25 20:45:00,-0.07354806250384627
2020-05-25 20:48:00,-0.12894754428276656
2020-05-25 20:51:00,0.007390028431871087
2020-05-25 20:54:00,0.01415697580222286
2020-05-25 20:57:00,0.004906233682106631
2020-05-25 21:00:00,-0.03385309921281987
2020-05-25 21:03:00,-0.039841170574447915
2020-05-25 21:06:00,-0.041357154334605184
2020-05-25 21:09:00,0.08069239736852296
2020-05-25 21:12:00,-0.013350682308839623
2020-05-25 21:15:00,-0.07382519684801991
2020-05-25 21:18:00,-0.08649451896047822
2020-05-25 21:21:00,0.014491843513553704
2020-05-25 21:24:00,-0.11230809753487847
2020-05-25 21:27:00,-0.000393481047296973
2020-05-25 21:30:00,-0.017679497166113833
2020-05-25 21:33:00,-0.09388831505759754
2020-05-25 21:36:00,0.03844072872897186
2020-05-25 21:39:00,-0.07549290195294134
2020-05-25 21:42:00,-0.009995085046796248
2020-05-25 21:45:00,-0.07238225882883853
2020-05-25 21:48:00,-0.06581545413888534
2020-05-25 21:51:00,-0.11528840344061564
2020-05-25 21:54:00,-0.08708189367439445
2020-05-25 21:57:00,-0.0649669233209238
2020-05-25 22:00:00,-0.1118225788374616
2020-05-25 22:03:00,-0.14656928993565543
2020-05-25 22:06:00,-0.10604264406316588
2020-05-25 22:09:00,-0.02167461907328061
2020-05-25 22:12:00,-0.03821411452378243
2020-05-25 22:15:00,-0.09868931817334214
2020-05-25 22:18:00,-0.11295379001734318
2020-05-25 22:21:00,-0.007557737335389447
2020-05-25 22:24:00,-0.0725877296790145
2020-05-25 22:27:00,-0.1059688046817655
2020-05-25 22:30:00,-0.03244749523855717
2020-05-25 22:33:00,-0.023698684597320607
2020-05-25 22:36:00,-0.15889377704661456
2020-05-25 22:39:00,-0.07791177262527071
2020-05-25 22:42:00,-0.08835415028278248
2020-05-25 22:45:00,-0.03556704084485318
2020-05-25 22:48:00,-0.09215248333350701
2020-05-25 22:51:00,-0.05175933223529228
2020-05-25 22:54:00,0.009355387048401553
2020-05-25 22:57:00,-0.06388476660879405
2020-05-25 23:00:00,0.03733835253115103
2020-05-25 23:03:00,-0.0014061087632626368
2020-05-25 23:06:00,-0.04999557149608336
2020-05-25 23:09:00,-0.12334508231384689
2020-05-25 23:12:00,-0.11571756597487592
2020-05-25 23:15:00,-0.1147554731194873
2020-05-25 23:18:00,-0.09101055731554197
2020-05-25 23:21:00,-0.06935787946747496
2020-05-25 23:24:00,-0.09023608056753574
2020-05-25 23:27:00,0.011103882952284039
2020-05-25 23:30:00,-0.09550116304416179
2020-05-25 23:33:00,0.08465919727944993
2020-05-25 23:36:00,0.022429758693021995
2020-05-25 23:39:00,-0.025702777310527836
2020-05-25 23:42:00,-0.03147649499766203
2020-05-25 23:45:00,0.038261983384700216
2020-05-25 23:48:00,0.04808214198118321
2020-05-25 23:51:00,-0.014084303628351336
2020-05-25 23:54:00,0.05546209204277375
2020-05-25 23:57:00,0.09700904165254087
2020-05-26 00:00:00,0.06491943863187544
2020-05-26 00:03:00,0.04723050793575112
2020-05-26 00:06:00,-0.018774229623659267
2020-05-26 00:09:00,0.038216646154353384
2020-05-26 00:12:00,-0.04124972121741166
2020-05-26 00:15:00,-0.008619728082805977
2020-05-26 00:18:00,0.027901488344923564
2020-05-26 00:21:00,0.09483810502302958
2020-05-26 00:24:00,0.19507007247250385
2020-05-26 00:27:00,0.04835682912852235
2020-05-26 00:30:00,-0.024746485714615574
2020-05-26 00:33:00,0.033416627434235124
2020-05-26 00:36:00,0.029451821833959002
2020-05-26 00:39:00,-0.02205318408215362
2020-05-26 00:42:00,-0.04524013012269279
2020-05-26 00:45:00,0.03047060687828207
2020-05-26 00:48:00,-0.09102569769470392
2020-05-26 00:51:00,-0.015780613543824984
2020-05-26 00:54:00,-0.01725723880156238
2020-05-26 00:57:00,0.13880742584780137
2020-05-26 01:00:00,-0.009216871781291047
2020-05-26 01:03:00,-0.06857281188774778
2020-05-26 01:06:00,-0.026240271778533497
2020-05-26 01:09:00,-0.01921497984335474
2020-05-26 01:12:00,-0.0780786175203616
2020-05-26 01:15:00,-0.03618635978585871
2020-05-26 01:18:00,-0.02396672095193253
2020-05-26 01:21:00,0.02225676324729875
2020-05-26 01:24:00,-0.01462492225192591
2020-05-26 01:27:00,0.019988056709507873
2020-05-26 01:30:00,0.04458727023353504
2020-05-26 01:33:00,0.06062546870890628
2020-05-26 01:36:00,0.04938121715423449
2020-05-26 01:39:00,-0.05540841248762263
2020-05-26 01:42:00,-0.05018789853869521
2020-05-26 01:45:00,-0.07046055840135068
2020-05-26 01:48:00,-0.0254021642731459
2020-05-26 01:51:00,-0.0017988284459420356
2020-05-26 01:54:00,-0.04291404465931237
2020-05-26 01:57:00,-0.025552143484048884
2020-05-26 02:00:00,0.0565611974558351
2020-05-26 02:03:00,-0.028862025255932622
2020-05-26 02:06:00,0.038218153288710255
2020-05-26 02:09:00,0.04009897982388111
2020-05-26 02:12:00,0.08277145023498633
2020-05-26 02:15:00,0.04064895271102387
2020-05-26 02:18:00,0.09483211491789234
2020-05-26 02:21:00,0.06765636871381275
2020-05-26 02:24:00,0.18108363911085235
2020-05-26 02:27:00,0.17632723699625785
2020-05-26 02:30:00,0.17305012475134163
2020-05-26 02:33:00,0.06427452152405522
2020-05-26 02:36:00,0.10872471637861736
2020-05-26 02:39:00,0.11895590827856495
2020-05-26 02:42:00,0.09528013983180017
2020-05-26 02:45:00,0.0717431443108012
2020-05-26 02:48:00,0.05687512076355006
2020-05-26 02:51:00,-0.04960606767616582
2020-05-26 02:54:00,0.1061108871227816
2020-05-26 02:57:00,0.1514403416643404
2020-05-26 03:00:00,0.1095262132335506
2020-05-26 03:03:00,0.05197304355300503
2020-05-26 03:06:00,0.13010963662787844
2020-05-26 03:09:00,0.04146916182264704
2020-05-26 03:12:00,0.10812655346052225
2020-05-26 03:15:00,0.1551254486168432
2020-05-26 03:18:00,-0.004285864434109499
2020-05-26 03:21:00,0.16846598550409908
2020-05-26 03:24:00,0.1278905054539905
2020-05-26 03:27:00,0.203760682909774
2020-05-26 03:30:00,0.2203850490220134
2020-05-26 03:33:00,0.094117071217795
2020-05-26 03:36:00,0.2558141392597122
2020-05-26 03:39:00,0.1511221011699604
2020-05-26 03:42:00,0.15115433487426344
2020-05-26 03:45:00,0.19933934445055002
2020-05-26 03:48:00,0.11371274626526429
2020-05-26 03:51:00,0.17438829580294168
2020-05-26 03:54:00,0.189908236389158
2020-05-26 03:57:00,0.22275433429030045
2020-05-26 04:00:00,0.22076846783022575
2020-05-26 04:03:00,0.19298346686082368
2020-05-26 04:06:00,0.20281456223710848
2020-05-26 04:09:00,0.12522693225309922
2020-05-26 04:12:00,0.16219602723214166
2020-05-26 04:15:00,0.17863195040274604
2020-05-26 04:18:00,0.19976213134395948
2020-05-26 04:21:00,0.16667995726322715
2020-05-26 04:24:00,0.23496456187734793
2020-05-26 04:27:00,0.2334327202790405
2020-05-26 04:30:00,0.22975191895386615
2020-05-26 04:33:00,0.2483734559729669
2020-05-26 04:36:00,0.08226834009155937
2020-05-26 04:39:00,0.1375777175360895
2020-05-26 04:42:00,0.21630237113265594
2020-05-26 04:45:00,0.16650369913088525
2020-05-26 04:48:00,0.14967028491844303
2020-05-26 04:51:00,0.10887283078204746
2020-05-26 04:54:00,0.27325026100481864
2020-05-26 04:57:00,0.21135694749671075
2020-05-26 05:00:00,0.15403401338232925
2020-05-26 05:03:00,0.1934317322849779
2020-05-26 05:06:00,0.13771715249202998
2020-05-26 05:09:00,0.150655533319366
2020-05-26 05:12:00,0.19155938616512458
2020-05-26 05:15:00,0.2192051594341251
2020-05-26 05:18:00,0.267841786023439
2020-05-26 05:21:00,0.2396963789443589
2020-05-26 05:24:00,0.2612694242461089
2020-05-26 05:27:00,0.2996957890117642
2020-05-26 05:30:00,0.18574339948429497
2020-05-26 05:33:00,0.21826927088193315
2020-05-26 05:36:00,0.3182923529013806
2020-05-26 05:39:00,0.2361261549694973
2020-05-26 05:42:00,0.2238552332985364
2020-05-26 05:45:00,0.2109002790584782
2020-05-26 05:48:00,0.2878013182924519
2020-05-26 05:51:00,0.20170789370018838
2020-05-26 05:54:00,0.2661448789360179
2020-05-26 05:57:00,0.23693144559615575
2020-05-26 06:00:00,0.3513888447170075
2020-05-26 06:03:00,0.3385182209175355
2020-05-26 06:06:00,0.32697691606324497
2020-05-26 06:09:00,0.36645802304229846
2020-05-26 06:12:00,0.2911679064419559
2020-05-26 06:15:00,0.41280473326327183
2020-05-26 06:18:00,0.29268351683901983
2020-05-26 06:21:00,0.3160762519401601
2020-05-26 06:24:00,0.2596540726345893
2020-05-26 06:27:00,0.1809246766172805
2020-05-26 06:30:00,0.28343314336530057
2020-05-26 06:33:00,0.21812949045113328
2020-05-26 06:36:00,0.42091920916681147
2020-05-26 06:39:00,0.2574190491267814
2020-05-26 06:42:00,0.3328634789294256
2020-05-26 06:45:00,0.31300827486552407
2020-05-26 06:48:00,0.313805378331665
2020-05-26 06:51:00,0.32602288366780385
2020-05-26 06:54:00,0.2425190778792512
2020-05-26 06:57:00,0.30162491702014904
2020-05-26 07:00:00,0.20429507032986294
2020-05-26 07:03:00,0.17797044554754393
2020-05-26 07:06:00,0.2882023450983979
2020-05-26 07:09:00,0.2740751071816021
2020-05-26 07:12:00,0.17123710855764784
2020-05-26 07:15:00,0.341837890735178
2020-05-26 07:18:00,0.2001393855334186
2020-05-26 07:21:00,0.1974117319381321
2020-05-26 07:24:00,0.16266769151604876
2020-05-26 07:27:00,0.16542720214874862
2020-05-26 07:30:00,0.1377252608781987
2020-05-26 07:33:00,0.15935839311163136
2020-05-26 07:36:00,0.10618684514912502
2020-05-26 07:39:00,0.026882017229979738
2020-05-26 07:42:00,0.12838100152771403
2020-05-26 07:45:00,0.11311179069963373
2020-05-26 07:48:00,0.11968668815023875
2020-05-26 07:51:00,0.05156683623499703
2020-05-26 07:54:00,0.15623623073787485
2020-05-26 07:57:00,-0.056198161236409305
2020-05-26 08:00:00,-0.013242004447931777
2020-05-26 08:03:00,0.03453325015362907
2020-05-26 08:06:00,-0.060077721079665025
2020-05-26 08:09:00,-0.022359282011848336
2020-05-26 08:12:00,-0.019144742340643006
2020-05-26 08:15:00,-0.07477722935652764
2020-05-26 08:18:00,-0.088473356345105
2020-05-26 08:21:00,-0.06961598400073399
2020-05-26 08:24:00,-0.07655688486488543
2020-05-26 08:27:00,-0.1405654475243523
2020-05-26 08:30:00,-0.13327537993262695
2020-05-26 08:33:00,-0.02706732785600252
2020-05-26 08:36:00,-0.12792087911338967
2020-05-26 08:39:00,-0.18309152328095024
2020-05-26 08:42:00,-0.2083271181028863
2020-05-26 08:45:00,-0.11694616654199308
2020-05-26 08:48:00,-0.09001792340637849
2020-05-26 08:51:00,-0.11379035861824605
2020-05-26 08:54:00,0.012723922349096028
2020-05-26 08:57:00,-0.14689366713872687
2020-05-26 09:00:00,-0.1478118174042038
2020-05-26 09:03:00,-0.14625091608098728
2020-05-26 09:06:00,-0.10811143245820176
2020-05-26 09:09:00,-0.2136161493077111
2020-05-26 09:12:00,-0.21062923934448463
2020-05-26 09:15:00,-0.19840550797340484
2020-05-26 09:18:00,-0.19755282336427626
2020-05-26 09:21:00,-0.09550009729775866
2020-05-26 09:24:00,-0.25306030832973647
2020-05-26 09:27:00,-0.29088361254650863
2020-05-26 09:30:00,-0.23766285936636677
2020-05-26 09:33:00,-0.25009608406543293
2020-05-26 09:36:00,-0.20603447681378384
2020-05-26 09:39:00,-0.24395669204420756
2020-05-26 09:42:00,-0.28109493861455803
2020-05-26 09:45:00,-0.23727620830078422
2020-05-26 09:48:00,-0.3470430319630964
2020-05-26 09:51:00,-0.26248583404293413
2020-05-26 09:54:00,-0.34805527931786173
2020-05-26 09:57:00,-0.27804608161147826
2020-05-26 10:00:00,-0.29260140569692794
2020-05-26 10:03:00,-0.2765139461417334
2020-05-26 10:06:00,-0.2453118903446807
2020-05-26 10:09:00,-0.32288322720472706
2020-05-26 10:12:00,-0.26255068582071317
2020-05-26 10:15:00,-0.2623838847292177
2020-05-26 10:18:00,-0.3285737965671842
2020-05-26 10:21:00,-0.17858441257988034
2020-05-26 10:24:00,-0.33772549137029273
2020-05-26 10:27:00,-0.29431631789560697
2020-05-26 10:30:00,-0.24634293997178247
2020-05-26 10:33:00,-0.25468819427629796
2020-05-26 10:36:00,-0.19816687154656165
2020-05-26 10:39:00,-0.21100101990629128
2020-05-26 10:42:00,-0.28932040656258096
2020-05-26 10:45:00,-0.33323906831441263
2020-05-26 10:48:00,-0.22222543822971375
2020-05-26 10:51:00,-0.3426936580583515
2020-05-26 10:54:00,-0.33988653729767293
2020-05-26 10:57:00,-0.28585010270700195
2020-05-26 11:00:00,-0.30077518011819393
2020-05-26 11:03:00,-0.2984048557459005
2020-05-26 11:06:00,-0.3715809358603792
2020-05-26 11:09:00,-0.3730461118992139
2020-05-26 11:12:00,-0.37855160721704806
2020-05-26 11:15:00,-0.3273804469277479
2020-05-26 11:18:00,-0.4347009150797021
2020-05-26 11:21:00,-0.4232379875782044
2020-05-26 11:24:00,-0.3923059948323271
2020-05-26 11:27:00,-0.24521268622640946
2020-05-26 11:30:00,-0.4642936748439297
2020-05-26 11:33:00,-0.4072441277630787
2020-05-26 11:36:00,-0.4236666515209322
2020-05-26 11:39:00,-0.41111462377767793
2020-05-26 11:42:00,-0.32619211813221227
2020-05-26 11:45:00,-0.4961230270832857
2020-05-26 11:48:00,-0.4319773186816178
2020-05-26 11:51:00,-0.6349815293095844
2020-05-26 11:54:00,-0.45759370397712473
2020-05-26 11:57:00,-0.533671291151677
2020-05-26 12:00:00,-0.4692682528148566
2020-05-26 12:03:00,-0.44633285562861147
2020-05-26 12:06:00,-0.43674034764313774
2020-05-26 12:09:00,-0.3945870578565973
2020-05-26 12:12:00,-0.3931145227945194
2020-05-26 12:15:00,-0.5900766199986833
2020-05-26 12:18:00,-0.4194076220589409
2020-05-26 12:21:00,-0.4029330850230508
2020-05-26 12:24:00,-0.49964469278279466
2020-05-26 12:27:00,-0.5325311208796961
2020-05-26 12:30:00,-0.5255728002784394
2020-05-26 12:33:00,-0.48398214681640184
2020-05-26 12:36:00,-0.5383184372769279
2020-05-26 12:39:00,-0.5399025557721302
2020-05-26 12:42:00,-0.503195229369453
2020-05-26 12:45:00,-0.5230249722287681
2020-05-26 12:48:00,-0.4405105377890095
2020-05-26 12:51:00,-0.5546996602049603
2020-05-26 12:54:00,-0.46567507397986674
2020-05-26 12:57:00,-0.4310703472408477
2020-05-26 13:00:00,-0.5081598789597592
2020-05-26 13:03:00,-0.5263844688716972
2020-05-26 13:06:00,-0.6014481930996567
2020-05-26 13:09:00,-0.5656027892346742
2020-05-26 13:12:00,-0.481734372433948
2020-05-26 13:15:00,-0.45474492600817484
2020-05-26 13:18:00,-0.5296246191704199
2020-05-26 13:21:00,-0.5681666286990321
2020-05-26 13:24:00,-0.42004484088067784
2020-05-26 13:27:00,-0.47284556434408387
2020-05-26 13:30:00,-0.4867028040222863
2020-05-26 13:33:00,-0.41366894163672896
2020-05-26 13:36:00,-0.35530265660725036
2020-05-26 13:39:00,-0.5108008190285318
2020-05-26 13:42:00,-0.5997790675833699
2020-05-26 13:45:00,-0.4667390947088279
2020-05-26 13:48:00,-0.4669193219499448
2020-05-26 13:51:00,-0.5726449497623776
2020-05-26 13:54:00,-0.49203638795034976
2020-05-26 13:57:00,-0.4744530012321775
2020-05-26 14:00:00,-0.6221256319076929
2020-05-26 14:03:00,-0.5227478693592502
2020-05-26 14:06:00,-0.48622772785120105
2020-05-26 14:09:00,-0.557546803168691
2020-05-26 14:12:00,-0.503975784313127
2020-05-26 14:15:00,-0.49010030496305035
2020-05-26 14:18:00,-0.5795911848329638
2020-05-26 14:21:00,-0.47867989546773515
2020-05-26 14:24:00,-0.5720631447633764
2020-05-26 14:27:00,-0.5572097790367252
2020-05-26 14:30:00,-0.5908931329246343
2020-05-26 14:33:00,-0.553584112901433
2020-05-26 14:36:00,-0.6205792071723977
2020-05-26 14:39:00,-0.5842277672404634
2020-05-26 14:42:00,-0.5090160097761895
2020-05-26 14:45:00,-0.5361924417903197
2020-05-26 14:48:00,-0.5741467712736608
2020-05-26 14:51:00,-0.5912793099065539
2020-05-26 14:54:00,-0.5013411669282277
2020-05-26 14:57:00,-0.6129736292557482
2020-05-26 15:00:00,-0.5529979398932028
2020-05-26 15:03:00,-0.566587514299215
2020-05-26 15:06:00,-0.5705093539880295
2020-05-26 15:09:00,-0.5289724025948317
2020-05-26 15:12:00,-0.4871222873566694
2020-05-26 15:15:00,-0.5185447315044485
2020-05-26 15:18:00,-0.5327183781442955
2020-05-26 15:21:00,-0.603719434900654
2020-05-26 15:24:00,-0.5766483203770463
2020-05-26 15:27:00,-0.5087619712930405
2020-05-26 15:30:00,-0.5689858384261584
2020-05-26 15:33:00,-0.5812993481007993
2020-05-26 15:36:00,-0.6535764390895338
2020-05-26 15:39:00,-0.6272240725857046
2020-05-26 15:42:00,-0.5511754269426774
2020-05-26 15:45:00,-0.5794046123156704
2020-05-26 15:48:00,-0.5666576777816204
2020-05-26 15:51:00,-0.49979420386392803
2020-05-26 15:54:00,-0.4737805277019902
2020-05-26 15:57:00,-0.4866247969807773
2020-05-26 16:00:00,-0.6067260564369121
2020-05-26 16:03:00,-0.5048164678780154
2020-05-26 16:06:00,-0.462521427022466
2020-05-26 16:09:00,-0.5371030405672172
2020-05-26 16:12:00,-0.5300624203820234
2020-05-26 16:15:00,-0.5754848372577612
2020-05-26 16:18:00,-0.5775052154176024
2020-05-26 16:21:00,-0.6090182936191013
2020-05-26 16:24:00,-0.47025371354220624
2020-05-26 16:27:00,-0.5284745178187222
2020-05-26 16:30:00,-0.5093152644788006
2020-05-26 16:33:00,-0.5079757574727068
2020-05-26 16:36:00,-0.47046942892103516
2020-05-26 16:39:00,-0.45683850583105823
2020-05-26 16:42:00,-0.47064350671695365
2020-05-26 16:45:00,-0.45319883621834833
2020-05-26 16:48:00,-0.5050292326795329
2020-05-26 16:51:00,-0.4664639573316549
2020-05-26 16:54:00,-0.4738010456615598
2020-05-26 16:57:00,-0.506158548224505
2020-05-26 17:00:00,-0.4655781300760964
2020-05-26 17:03:00,-0.4628571923681193
2020-05-26 17:06:00,-0.5885043607411262
2020-05-26 17:09:00,-0.4922469290797835
2020-05-26 17:12:00,-0.4566221868482785
2020-05-26 17:15:00,-0.5703480824491294
2020-05-26 17:18:00,-0.5415176915145139
2020-05-26 17:21:00,-0.4443739156216111
2020-05-26 17:24:00,-0.4547282504375971
2020-05-26 17:27:00,-0.5295327064398521
2020-05-26 17:30:00,-0.5996747755812635
2020-05-26 17:33:00,-0.500842494483436
2020-05-26 17:36:00,-0.5185184918175878
2020-05-26 17:39:00,-0.41837046082923735
2020-05-26 17:42:00,-0.5641493147718393
2020-05-26 17:45:00,-0.5730141570940077
2020-05-26 17:48:00,-0.5087842467127643
2020-05-26 17:51:00,-0.403082189722511
2020-05-26 17:54:00,-0.4609305937698309
2020-05-26 17:57:00,-0.3839037030297163
2020-05-26 18:00:00,-0.47741943181716806
2020-05-26 18:03:00,-0.4472923268527893
2020-05-26 18:06:00,-0.4597823264898011
2020-05-26 18:09:00,-0.4103112558785824
2020-05-26 18:12:00,-0.4052429778939768
2020-05-26 18:15:00,-0.27824971329857817
2020-05-26 18:18:00,-0.4381295594581047
2020-05-26 18:21:00,-0.4160614269193843
2020-05-26 18:24:00,-0.3687678919987434
2020-05-26 18:27:00,-0.41003000398865197
2020-05-26 18:30:00,-0.4558701714150857
2020-05-26 18:33:00,-0.4146768587334009
2020-05-26 18:36:00,-0.38084894294416927
2020-05-26 18:39:00,-0.3844622062091503
2020-05-26 18:42:00,-0.41740167696622166
2020-05-26 18:45:00,-0.30655126411392075
2020-05-26 18:48:00,-0.24805727894329266
2020-05-26 18:51:00,-0.23703833242871042
2020-05-26 18:54:00,
2020-05-26 18:57:00,
2020-05-26 19:00:00,
2020-05-26 19:03:00,-0.14206481397513926
2020-05-26 19:06:00,-0.24950290966046396
2020-05-26 19:09:00,-0.3228838244889971
2020-05-26 19:12:00,-0.3223940453680143
2020-05-26 19:15:00,-0.2926857143779671
2020-05-26 19:18:00,-0.3012508372063962
2020-05-26 19:21:00,-0.36869421541939573
2020-05-26 19:24:00,-0.19853395363111304
2020-05-26 19:27:00,-0.29255919756383264
2020-05-26 19:30:00,-0.29611387748821016
2020-05-26 19:33:00,-0.25638818257920093
2020-05-26 19:36:00,-0.22225247055013142
2020-05-26 19:39:00,-0.236153928153783
2020-05-26 19:42:00,-0.09378438283653168
2020-05-26 19:45:00,-0.3461491492341793
2020-05-26 19:48:00,-0.27842761497367974
2020-05-26 19:51:00,-0.18223568893529318
2020-05-26 19:54:00,-0.2661262795236894
2020-05-26 19:57:00,-0.18276620999290571
2020-05-26 20:00:00,-0.137740340667051
2020-05-26 20:03:00,-0.2604995344492522
2020-05-26 20:06:00,-0.1882940904787347
2020-05-26 20:09:00,-0.24496209904083344
2020-05-26 20:12:00,-0.21680152200639213
2020-05-26 20:15:00,-0.18360035237628836
2020-05-26 20:18:00,-0.10023622787855402
2020-05-26 20:21:00,-0.1525227768891
2020-05-26 20:24:00,-0.1339271757477718
2020-05-26 20:27:00,-0.20929510157725417
2020-05-26 20:30:00,-0.17706023564443285
2020-05-26 20:33:00,-0.23156613692964356
2020-05-26 20:36:00,-0.19243372489052035
2020-05-26 20:39:00,-0.17877486727485348
2020-05-26 20:42:00,-0.15323041502648493
2020-05-26 20:45:00,-0.20456039181112828
2020-05-26 20:48:00,-0.25122487329110754
2020-05-26 20:51:00,-0.18908914204251914
2020-05-26 20:54:00,-0.21826496391366845
2020-05-26 20:57:00,-0.29465912343874834
2020-05-26 21:00:00,-0.26528516664251356
2020-05-26 21:03:00,-0.2282631777759434
2020-05-26 21:06:00,-0.14293685715898619
2020-05-26 21:09:00,-0.23635622382045085
2020-05-26 21:12:00,-0.21827246761552033
2020-05-26 21:15:00,-0.09601761463562752
2020-05-26 21:18:00,-0.14559587668315999
2020-05-26 21:21:00,-0.19171209622470542
2020-05-26 21:24:00,-0.21440503172459557
2020-05-26 21:27:00,-0.1023712881186043
2020-05-26 21:30:00,-0.1706526117247904
2020-05-26 21:33:00,-0.06734492034848927
2020-05-26 21:36:00,-0.15003785018058124
2020-05-26 21:39:00,-0.168202694491697
2020-05-26 21:42:00,-0.18869242377576256
2020-05-26 21:45:00,-0.1007959913886225
2020-05-26 21:48:00,-0.1504057133017227
2020-05-26 21:51:00,-0.08180743050201045
2020-05-26 21:54:00,-0.18327645059702036
2020-05-26 21:57:00,-0.1520622980223152
2020-05-26 22:00:00,-0.12360611401260257
2020-05-26 22:03:00,-0.19097786527385097
2020-05-26 22:06:00,-0.08361062239742978
2020-05-26 22:09:00,-0.17123222112473968
2020-05-26 22:12:00,-0.11296030654528977
2020-05-26 22:15:00,-0.08936493191157524
2020-05-26 22:18:00,-0.03692351518435544
2020-05-26 22:21:00,-0.1764849511897637
2020-05-26 22:24:00,-0.1382650672615
2020-05-26 22:27:00,-0.18597549684773185
2020-05-26 22:30:00,-0.1594841124858135
2020-05-26 22:33:00,0.004647600950477226
2020-05-26 22:36:00,-0.0739520215901166
2020-05-26 22:39:00,-0.10294335474674199
2020-05-26 22:42:00,-0.06935873262142422
2020-05-26 22:45:00,-0.07498087793692321
2020-05-26 22:48:00,-0.047251995071121655
2020-05-26 22:51:00,-0.010348002430589531
2020-05-26 22:54:00,-0.0701980740561794
2020-05-26 22:57:00,-0.08378612781211814
2020-05-26 23:00:00,0.007810139149398765
2020-05-26 23:03:00,-0.0734544631540075
2020-05-26 23:06:00,-0.04390553615769477
2020-05-26 23:09:00,-0.05485411107042637
2020-05-26 23:12:00,-0.08638937284626991
2020-05-26 23:15:00,-0.030712857365415402
2020-05-26 23:18:00,-0.05076516886902027
2020-05-26 23:21:00,-0.03864925880566261
2020-05-26 23:24:00,-0.037254236933392804
2020-05-26 23:27:00,-0.08385063490555922
2020-05-26 23:30:00,-0.09139551376239297
2020-05-26 23:33:00,-0.004953836500760644
2020-05-26 23:36:00,-0.06935572943103807
2020-05-26 23:39:00,-0.05675977589260128
2020-05-26 23:42:00,-0.08482890007894639
2020-05-26 23:45:00,-0.16270274490625525
2020-05-26 23:48:00,-0.06469237418025386
2020-05-26 23:51:00,-0.030819280758692003
2020-05-26 23:54:00,-0.13544938606906953
2020-05-26 23:57:00,-0.04703330512393222
2020-05-27 00:00:00,-0.03661783637556937
2020-05-27 00:03:00,-0.04451818900412263
2020-05-27 00:06:00,-0.05538995619599518
2020-05-27 00:09:00,-0.036620718767437666
2020-05-27 00:12:00,0.036704450519550846
2020-05-27 00:15:00,0.010949502700327685
2020-05-27 00:18:00,0.041542651247993945
2020-05-27 00:21:00,0.013682721611360193
2020-05-27 00:24:00,-0.07046261547600352
2020-05-27 00:27:00,-0.057500854463171436
2020-05-27 00:30:00,0.06859656220365196
2020-05-27 00:33:00,-0.008257871399564465
2020-05-27 00:36:00,-0.08255617416602945
2020-05-27 00:39:00,-0.012123429616167414
2020-05-27 00:42:00,-0.0346058485794174
2020-05-27 00:45:00,-0.10278870184669131
2020-05-27 00:48:00,-0.08655862065535302
2020-05-27 00:51:00,-0.09757265585773212
2020-05-27 00:54:00,-0.042987840241096364
2020-05-27 00:57:00,-0.09066863373010392
2020-05-27 01:00:00,0.010685851112839373
2020-05-27 01:03:00,-0.07969940234278283
2020-05-27 01:06:00,-0.060494583656463874
2020-05-27 01:09:00,-0.019487833296977897
2020-05-27 01:12:00,-0.05337319808313623
2020-05-27 01:15:00,-0.08456827507666276
2020-05-27 01:18:00,0.014894745409833376
2020-05-27 01:21:00,-0.0816115485202431
2020-05-27 01:24:00,0.009425260817522485
2020-05-27 01:27:00,-0.09964423225341079
2020-05-27 01:30:00,-0.11370739203988478
2020-05-27 01:33:00,0.030941226497986918
2020-05-27 01:36:00,-0.06398072127450405
2020-05-27 01:39:00,-0.05964843150724164
2020-05-27 01:42:00,-0.004318491469746277
2020-05-27 01:45:00,-0.06697141845427268
2020-05-27 01:48:00,-0.04689939035330326
2020-05-27 01:51:00,-0.0765442639583398
2020-05-27 01:54:00,-0.04023108474683568
2020-05-27 01:57:00,-0.12863896850421952
2020-05-27 02:00:00,-0.14458005514472916
2020-05-27 02:03:00,-0.09586088552958927
2020-05-27 02:06:00,-0.15332160532079797
2020-05-27 02:09:00,-0.15486170465834448
2020-05-27 02:12:00,-0.09859620237688205
2020-05-27 02:15:00,-0.19520191600412318
2020-05-27 02:18:00,-0.12206445036298419
2020-05-27 02:21:00,-0.13433383960671108
2020-05-27 02:24:00,-0.113772107178022
2020-05-27 02:27:00,-0.13869893787079945
2020-05-27 02:30:00,-0.10880456190568566
2020-05-27 02:33:00,-0.09349432668932423
2020-05-27 02:36:00,-0.025350037607211107
2020-05-27 02:39:00,-0.17992351181220556
2020-05-27 02:42:00,-0.09961477657316209
2020-05-27 02:45:00,-0.0030397652316764834
2020-05-27 02:48:00,0.013378286784814009
2020-05-27 02:51:00,-0.042544283932898
2020-05-27 02:54:00,-0.014986546445356907
2020-05-27 02:57:00,0.005345775304022027
2020-05-27 03:00:00,-0.05903718180508122
2020-05-27 03:03:00,-0.023680508340703454
2020-05-27 03:06:00,0.05105430830002433
2020-05-27 03:09:00,-0.16408088213574956
2020-05-27 03:12:00,-0.005653952389195638
2020-05-27 03:15:00,-0.05501689224689699
2020-05-27 03:18:00,0.09193279791668374
2020-05-27 03:21:00,0.05573420790892669
2020-05-27 03:24:00,0.0582569299395459
2020-05-27 03:27:00,-0.05269359485913583
2020-05-27 03:30:00,-0.03136139847646291
2020-05-27 03:33:00,0.07657353824225765
2020-05-27 03:36:00,0.06269405022982255
2020-05-27 03:39:00,0.04025628900285483
2020-05-27 03:42:00,-0.01615825503989754
2020-05-27 03:45:00,-0.042633910413087506
2020-05-27 03:48:00,-0.011924473674866931
2020-05-27 03:51:00,-0.0329447796199247
2020-05-27 03:54:00,0.011959517871162006
2020-05-27 03:57:00,-0.03205596393928545
2020-05-27 04:00:00,-0.010912748611417555
2020-05-27 04:03:00,-0.007609397498470116
2020-05-27 04:06:00,-0.0010996628541306563
2020-05-27 04:09:00,-0.028028519920383133
2020-05-27 04:12:00,0.07767624425838449
2020-05-27 04:15:00,-0.06141670765316576
2020-05-27 04:18:00,0.011038139908180256
2020-05-27 04:21:00,-0.07691529838359656
2020-05-27 04:24:00,-0.02261080543337357
2020-05-27 04:27:00,-0.008575397225399684
2020-05-27 04:30:00,0.02103700314648904
2020-05-27 04:33:00,0.05523577217735465
2020-05-27 04:36:00,0.03545644662352743
2020-05-27 04:39:00,0.020871230641489547
2020-05-27 04:42:00,0.017196983372286923
2020-05-27 04:45:00,0.024463991492780224
2020-05-27 04:48:00,0.04922244479627125
2020-05-27 04:51:00,0.06669781898074234
2020-05-27 04:54:00,0.08995682054182907
2020-05-27 04:57:00,0.11145719215721783
2020-05-27 05:00:00,0.018323434326305232
2020-05-27 05:03:00,0.14830201730239878
2020-05-27 05:06:00,-0.02596846789350593
2020-05-27 05:09:00,0.11524141211702954
2020-05-27 05:12:00,0.11253007164725659
2020-05-27 05:15:00,0.10958670638012791
2020-05-27 05:18:00,0.032532514296747195
2020-05-27 05:21:00,0.0637013037674592
2020-05-27 05:24:00,0.07277607703849753
2020-05-27 05:27:00,0.05242567069615234
2020-05-27 05:30:00,0.03843099159018948
2020-05-27 05:33:00,0.0876690795883519
2020-05-27 05:36:00,0.15159169023127106
2020-05-27 05:39:00,0.06815804415560933
2020-05-27 05:42:00,0.1995024693446794
2020-05-27 05:45:00,0.12283114967260644
2020-05-27 05:48:00,0.14724519098575684
2020-05-27 05:51:00,0.12313742434281494
2020-05-27 05:54:00,0.15642432860437339
2020-05-27 05:57:00,0.13336822097437562
2020-05-27 06:00:00,0.2247285159218677
2020-05-27 06:03:00,0.20186112601987816
2020-05-27 06:06:00,0.18473793041118824
2020-05-27 06:09:00,0.1534371218316437
2020-05-27 06:12:00,0.10698674182697232
2020-05-27 06:15:00,0.12860358649101045
2020-05-27 06:18:00,0.14290626111943538
2020-05-27 06:21:00,0.21788580908201993
2020-05-27 06:24:00,0.19716536366769333
2020-05-27 06:27:00,0.18821987834638776
2020-05-27 06:30:00,0.17423879838162293
2020-05-27 06:33:00,0.1431973436862677
2020-05-27 06:36:00,0.10757602521005083
2020-05-27 06:39:00,0.031475604215472686
2020-05-27 06:42:00,0.06905736025339593
2020-05-27 06:45:00,0.1923789533777267
2020-05-27 06:48:00,0.21655929223311432
2020-05-27 06:51:00,0.23430010577726534
2020-05-27 06:54:00,0.12712520458148902
2020-05-27 06:57:00,0.1656705304156958
2020-05-27 07:00:00,0.19858669101955684
2020-05-27 07:03:00,0.13927094867386813
2020-05-27 07:06:00,0.14853642689979552
2020-05-27 07:09:00,0.12459494004144744
2020-05-27 07:12:00,0.17600260985233263
2020-05-27 07:15:00,0.1367083994858831
2020-05-27 07:18:00,0.23067814457766644
2020-05-27 07:21:00,0.14931351993521957
2020-05-27 07:24:00,0.12109469816164165
2020-05-27 07:27:00,0.15723875111592633
2020-05-27 07:30:00,0.08896126584232888
2020-05-27 07:33:00,0.07564708749214333
2020-05-27 07:36:00,0.075373066698603
2020-05-27 07:39:00,0.1569092768130531
2020-05-27 07:42:00,0.1248909088126311
2020-05-27 07:45:00,0.07161729146207563
2020-05-27 07:48:00,0.06677684976881437
2020-05-27 07:51:00,0.020027200370748233
2020-05-27 07:54:00,0.12535802501139415
2020-05-27 07:57:00,0.05366486578054719
2020-05-27 08:00:00,0.15375290956325216
2020-05-27 08:03:00,0.17634882497537774
2020-05-27 08:06:00,0.0863449852076883
2020-05-27 08:09:00,0.065910848048361
2020-05-27 08:12:00,0.055900310115646334
2020-05-27 08:15:00,-0.009950356590593401
2020-05-27 08:18:00,0.02221577575340916
2020-05-27 08:21:00,0.11014104592322838
2020-05-27 08:24:00,0.046519548895446405
2020-05-27 08:27:00,0.04152322325779778
2020-05-27 08:30:00,0.07933615036745323
2020-05-27 08:33:00,-0.02948434442873804
2020-05-27 08:36:00,0.08595223055317547
2020-05-27 08:39:00,0.0064498860589310425
2020-05-27 08:42:00,0.0250692215333288
2020-05-27 08:45:00,-0.023588649442103815
2020-05-27 08:48:00,-0.008801606199938306
2020-05-27 08:51:00,-0.028190514960385826
2020-05-27 08:54:00,-0.11201991554202095
2020-05-27 08:57:00,-0.016433047432656167
2020-05-27 09:00:00,-0.00949850217364201
2020-05-27 09:03:00,0.014807801312770152
2020-05-27 09:06:00,-0.06866819531131796
2020-05-27 09:09:00,-0.14337605073609438
2020-05-27 09:12:00,-0.1116232162853521
2020-05-27 09:15:00,-0.11036427426574846
2020-05-27 09:18:00,-0.19468480362189666
2020-05-27 09:21:00,-0.09333259302951546
2020-05-27 09:24:00,-0.0721356419858239
2020-05-27 09:27:00,-0.13398471794812394
2020-05-27 09:30:00,-0.0853557744347313
2020-05-27 09:33:00,-0.12558962023541653
2020-05-27 09:36:00,-0.13012127595146694
2020-05-27 09:39:00,-0.18198401586528234
2020-05-27 09:42:00,-0.05166234934529257
2020-05-27 09:45:00,-0.22872985357656717
2020-05-27 09:48:00,-0.1755922606569129
2020-05-27 09:51:00,-0.22560281424125606
2020-05-27 09:54:00,-0.18302630547094623
2020-05-27 09:57:00,-0.13584985593053034
2020-05-27 10:00:00,-0.2191572648286524
2020-05-27 10:03:00,-0.14819237853799905
2020-05-27 10:06:00,-0.26861250789858104
2020-05-27 10:09:00,-0.31092045007540037
2020-05-27 10:12:00,-0.2795598224875562
2020-05-27 10:15:00,-0.21486683580207
2020-05-27 10:18:00,-0.3560960942339193
2020-05-27 10:21:00,-0.24681914983301567
2020-05-27 10:24:00,-0.31850489161450923
2020-05-27 10:27:00,-0.37526813568649686
2020-05-27 10:30:00,-0.24378299899166223
2020-05-27 10:33:00,-0.1415024405869758
2020-05-27 10:36:00,-0.11225846996489963
2020-05-27 10:39:00,-0.15724466367430523
2020-05-27 10:42:00,-0.09640390126037346
2020-05-27 10:45:00,-0.14315658770607342
2020-05-27 10:48:00,-0.15975183385546643
2020-05-27 10:51:00,-0.15514454623860274
2020-05-27 10:54:00,-0.1456433906081429
2020-05-27 10:57:00,-0.1421344215406748
2020-05-27 11:00:00,-0.1295549945965604
2020-05-27 11:03:00,-0.1902081504621833
2020-05-27 11:06:00,-0.29745767627986197
2020-05-27 11:09:00,-0.2784018214399566
2020-05-27 11:12:00,-0.21980272814812452
2020-05-27 11:15:00,-0.07958047167983295
2020-05-27 11:18:00,-0.08169095057724007
2020-05-27 11:21:00,-0.14467744366555735
2020-05-27 11:24:00,-0.21976671633007072
2020-05-27 11:27:00,-0.26171661670457524
2020-05-27 11:30:00,-0.08337165105734812
2020-05-27 11:33:00,-0.18944720363435863
2020-05-27 11:36:00,-0.2850035513213811
2020-05-27 11:39:00,-0.22757291417104852
2020-05-27 11:42:00,-0.24295742679186105
2020-05-27 11:45:00,-0.20153813540900956
2020-05-27 11:48:00,-0.36023614958980943
2020-05-27 11:51:00,-0.26594967418787974
2020-05-27 11:54:00,-0.14379753616816515
2020-05-27 11:57:00,-0.21962577592097432
2020-05-27 12:00:00,-0.06527214277411986
2020-05-27 12:03:00,0.19181229505193187
2020-05-27 12:06:00,-0.08390002882163117
2020-05-27 12:09:00,-0.09957814542076449
2020-05-27 12:12:00,-0.07730496134968234
2020-05-27 12:15:00,0.004721269310437037
2020-05-27 12:18:00,0.090765819539115
2020-05-27 12:21:00,-0.11798127450003904
2020-05-27 12:24:00,-0.008711023274770469
2020-05-27 12:27:00,-0.1877779521452112
2020-05-27 12:30:00,-0.17765077828715903
2020-05-27 12:33:00,-0.050154976757255554
2020-05-27 12:36:00,-0.11570850281879075
2020-05-27 12:39:00,0.05097908859443123
2020-05-27 12:42:00,-0.17389110853162038
2020-05-27 12:45:00,-0.27968059734865847
2020-05-27 12:48:00,-0.2451698101399984
2020-05-27 12:51:00,-0.22713117347200296
2020-05-27 12:54:00,-0.11766687358311856
2020-05-27 12:57:00,0.11235197654542617
2020-05-27 13:00:00,0.04244941479271347
2020-05-27 13:03:00,-0.06682716471283356
2020-05-27 13:06:00,-0.013010341811821036
2020-05-27 13:09:00,-0.04694829448379778
2020-05-27 13:12:00,-0.019150023142344708
2020-05-27 13:15:00,-0.05195635329147308
2020-05-27 13:18:00,0.013390010026910204
2020-05-27 13:21:00,0.028602582839653223
2020-05-27 13:24:00,0.056553202711768336
2020-05-27 13:27:00,0.19387073574711167
2020-05-27 13:30:00,0.12523023388547472
2020-05-27 13:33:00,-0.04731076936377576
2020-05-27 13:36:00,0.07621330488439071
2020-05-27 13:39:00,0.12493843630193169
2020-05-27 13:42:00,0.17558587265580172
2020-05-27 13:45:00,0.36791780908748706
2020-05-27 13:48:00,0.4871986818891969
2020-05-27 13:51:00,0.5129971397661279
2020-05-27 13:54:00,0.48458318492515673
2020-05-27 13:57:00,0.47176830870353115
2020-05-27 14:00:00,0.536017097604315
2020-05-27 14:03:00,0.4291046212396168
2020-05-27 14:06:00,0.4345533040366263
2020-05-27 14:09:00,0.43780693322617026
2020-05-27 14:12:00,0.2516702016213799
2020-05-27 14:15:00,0.3312910580810353
2020-05-27 14:18:00,0.36608197485060145
2020-05-27 14:21:00,0.21462470363638886
2020-05-27 14:24:00,0.02066079512411534
2020-05-27 14:27:00,0.06488906194061883
2020-05-27 14:30:00,0.08908247260717417
2020-05-27 14:33:00,0.2131394962253239
2020-05-27 14:36:00,0.18556782153927998
2020-05-27 14:39:00,0.02254230965206716
2020-05-27 14:42:00,0.15114476385679154
2020-05-27 14:45:00,0.21692009138985213
2020-05-27 14:48:00,0.20731772365957113
2020-05-27 14:51:00,0.2336443713630274
2020-05-27 14:54:00,0.19576505337045091
2020-05-27 14:57:00,0.18221016662141665
2020-05-27 15:00:00,0.19941645049021872
2020-05-27 15:03:00,0.1004736824922361
2020-05-27 15:06:00,0.06733223414346412
2020-05-27 15:09:00,0.010704144621342948
2020-05-27 15:12:00,0.1637080569993259
2020-05-27 15:15:00,0.04402632673065909
2020-05-27 15:18:00,0.05808894317993918
2020-05-27 15:21:00,0.07397060345851969
2020-05-27 15:24:00,0.22507395961196153
2020-05-27 15:27:00,0.12828216845662155
2020-05-27 15:30:00,0.30076529709668876
2020-05-27 15:33:00,0.3481588140480767
2020-05-27 15:36:00,0.5055802893082841
2020-05-27 15:39:00,0.32705456029742663
2020-05-27 15:42:00,0.20259315951443568
2020-05-27 15:45:00,0.16588412762507687
2020-05-27 15:48:00,0.17300602903986828
2020-05-27 15:51:00,0.025388504147656477
2020-05-27 15:54:00,0.09516824702967597
2020-05-27 15:57:00,0.0017189201446967672
2020-05-27 16:00:00,-0.04185435280788852
2020-05-27 16:03:00,-0.005267336836993763
2020-05-27 16:06:00,0.05363479403831661
2020-05-27 16:09:00,0.05929589981326444
2020-05-27 16:12:00,0.1376897047362604
2020-05-27 16:15:00,0.27099272237830974
2020-05-27 16:18:00,0.14333003432403757
2020-05-27 16:21:00,0.043615294468224874
2020-05-27 16:24:00,0.049008768331134434
2020-05-27 16:27:00,0.3028638042935654
2020-05-27 16:30:00,0.30928759862388233
2020-05-27 16:33:00,0.1730007322547067
2020-05-27 16:36:00,0.29251152891117727
2020-05-27 16:39:00,0.24146088073410965
2020-05-27 16:42:00,0.2615840019909683
2020-05-27 16:45:00,0.4484947098366092
2020-05-27 16:48:00,0.23169604021228452
2020-05-27 16:51:00,0.19106233924372873
2020-05-27 16:54:00,0.23662442403121986
2020-05-27 16:57:00,0.31612284583189876
2020-05-27 17:00:00,0.28676829475779186
2020-05-27 17:03:00,0.205213569507805
2020-05-27 17:06:00,0.16370359110055688
2020-05-27 17:09:00,-0.0034915877972707676
2020-05-27 17:12:00,0.030928979359089226
2020-05-27 17:15:00,0.12094127649959319
2020-05-27 17:18:00,0.03646916541572409
2020-05-27 17:21:00,0.019310433583768827
2020-05-27 17:24:00,-0.03595193823576892
2020-05-27 17:27:00,-0.0034565820591865304
2020-05-27 17:30:00,-0.04934971340873062
2020-05-27 17:33:00,-0.0997746540098774
2020-05-27 17:36:00,-0.06895625234636782
2020-05-27 17:39:00,-0.04748255594319062
2020-05-27 17:42:00,-0.018913152737752625
2020-05-27 17:45:00,-0.021596132633192155
2020-05-27 17:48:00,-0.05746493091606908
2020-05-27 17:51:00,-0.07740478902724135
2020-05-27 17:54:00,-0.08411266113949978
2020-05-27 17:57:00,-0.062029334138458125
2020-05-27 18:00:00,-0.05093940705876321
2020-05-27 18:03:00,0.02241110123651424
2020-05-27 18:06:00,-0.1625338428252121
2020-05-27 18:09:00,-0.011970187523843379
2020-05-27 18:12:00,-0.08564822535788608
2020-05-27 18:15:00,-0.11583868245719486
2020-05-27 18:18:00,-0.05897279012651779
2020-05-27 18:21:00,-0.012033888925486735
2020-05-27 18:24:00,-0.021826497834126712
2020-05-27 18:27:00,0.04990364205355036
2020-05-27 18:30:00,-0.01567378925972207
2020-05-27 18:33:00,-0.08310567143320213
2020-05-27 18:36:00,-0.031787917748658856
2020-05-27 18:39:00,0.05990671348331489
2020-05-27 18:42:00,-0.10643362329386719
2020-05-27 18:45:00,-0.01386739607283971
2020-05-27 18:48:00,0.02548242533055145
2020-05-27 18:51:00,-0.10328404383926681
2020-05-27 18:54:00,
2020-05-27 18:57:00,
2020-05-27 19:00:00,
2020-05-27 19:03:00,0.04397279690851974
2020-05-27 19:06:00,0.0032577777734559277
2020-05-27 19:09:00,0.09227764761703838
2020-05-27 19:12:00,0.14135932403587503
2020-05-27 19:15:00,0.07879047166045439
2020-05-27 19:18:00,0.05911526091745145
2020-05-27 19:21:00,-0.06233007213097608
2020-05-27 19:24:00,0.04941752306052649
2020-05-27 19:27:00,-0.09432638001226223
2020-05-27 19:30:00,-0.06117083491938047
2020-05-27 19:33:00,0.006715595301727717
2020-05-27 19:36:00,0.007249586459465718
2020-05-27 19:39:00,-0.09559162343987282
2020-05-27 19:42:00,0.03697344840139749
2020-05-27 19:45:00,0.06945970863142747
2020-05-27 19:48:00,-0.06833471393764512
2020-05-27 19:51:00,0.054223434583320795
2020-05-27 19:54:00,0.03838531052912231
2020-05-27 19:57:00,-0.010430184011681831
2020-05-27 20:00:00,-0.059249136506139166
2020-05-27 20:03:00,-0.01775427854551026
2020-05-27 20:06:00,-0.036177856156541566
2020-05-27 20:09:00,0.026553849276751862
2020-05-27 20:12:00,-0.016120089749051658
2020-05-27 20:15:00,0.12446937351154475
2020-05-27 20:18:00,0.05983017936051738
2020-05-27 20:21:00,0.05161049737114354
2020-05-27 20:24:00,0.016941338300739517
2020-05-27 20:27:00,-0.015352290947646452
2020-05-27 20:30:00,0.08453333079523873
2020-05-27 20:33:00,-0.013318890561663466
2020-05-27 20:36:00,0.09476303407194564
2020-05-27 20:39:00,-0.04140914942104246
2020-05-27 20:42:00,-0.05264528346867792
2020-05-27 20:45:00,0.012541926424319172
2020-05-27 20:48:00,-0.07318971671827512
2020-05-27 20:51:00,0.034472608994121856
2020-05-27 20:54:00,-0.04519526688619635
2020-05-27 20:57:00,0.045260522233661504
2020-05-27 21:00:00,0.012985464100495392
2020-05-27 21:03:00,0.0035979887996404614
2020-05-27 21:06:00,0.08924879144507258
2020-05-27 21:09:00,0.10884367600033329
2020-05-27 21:12:00,0.059202334974600035
2020-05-27 21:15:00,0.09744630648918928
2020-05-27 21:18:00,0.002227662946154396
2020-05-27 21:21:00,0.08335987286176305
2020-05-27 21:24:00,0.07274057139335355
2020-05-27 21:27:00,0.025507591890686854
2020-05-27 21:30:00,0.06750172181330072
2020-05-27 21:33:00,0.10944498951369042
2020-05-27 21:36:00,0.06672011062232741
2020-05-27 21:39:00,0.022661248266160783
2020-05-27 21:42:00,0.03678096335238479
2020-05-27 21:45:00,0.0620803249608457
2020-05-27 21:48:00,0.04002406876912801
2020-05-27 21:51:00,0.03688785574559006
2020-05-27 21:54:00,0.11345354851744105
2020-05-27 21:57:00,0.08547895844543518
2020-05-27 22:00:00,0.12972926994848422
2020-05-27 22:03:00,0.06969499786225697
2020-05-27 22:06:00,0.08075878416678961
2020-05-27 22:09:00,0.06685229689730932
2020-05-27 22:12:00,0.060520079694526885
2020-05-27 22:15:00,0.10872009102473612
2020-05-27 22:18:00,0.061377602954223676
2020-05-27 22:21:00,0.081760366348135
2020-05-27 22:24:00,0.13196292012963795
2020-05-27 22:27:00,0.03590008188120919
2020-05-27 22:30:00,0.05649489929697893
2020-05-27 22:33:00,-0.006152261419515526
2020-05-27 22:36:00,0.11048296802596269
2020-05-27 22:39:00,0.08113324226633267
2020-05-27 22:42:00,0.13852716716701252
2020-05-27 22:45:00,0.09608696731589816
2020-05-27 22:48:00,-0.012123963310500585
2020-05-27 22:51:00,0.14179148800252506
2020-05-27 22:54:00,0.21420795003916737
2020-05-27 22:57:00,0.16012996145690295
2020-05-27 23:00:00,0.12196081936826886
2020-05-27 23:03:00,0.13999948020619968
2020-05-27 23:06:00,-0.0324399473109338
2020-05-27 23:09:00,0.12162219194362933
2020-05-27 23:12:00,0.06723157132415736
2020-05-27 23:15:00,0.08451794585187145
2020-05-27 23:18:00,0.08626238168045575
2020-05-27 23:21:00,0.07264965399616585
2020-05-27 23:24:00,0.05103289833743929
2020-05-27 23:27:00,-0.03975297012965484
2020-05-27 23:30:00,0.05466296896469203
2020-05-27 23:33:00,0.11514045094952507
2020-05-27 23:36:00,0.10603655722934491
2020-05-27 23:39:00,0.1667984735733512
2020-05-27 23:42:00,0.2645499156848814
2020-05-27 23:45:00,0.051959212328540616
2020-05-27 23:48:00,0.12717766161063082
2020-05-27 23:51:00,0.19675693444963827
2020-05-27 23:54:00,0.13382767352976543
2020-05-27 23:57:00,0.16670318285912344
2020-05-28 00:00:00,0.20020371860363184
2020-05-28 00:03:00,0.1605938855501563
2020-05-28 00:06:00,0.1422953978952819
2020-05-28 00:09:00,0.1646369161524035
2020-05-28 00:12:00,0.23146982317035736
2020-05-28 00:15:00,0.18776672331694044
2020-05-28 00:18:00,0.14080301761617875
2020-05-28 00:21:00,0.2580114442284298
2020-05-28 00:24:00,0.1919771257530556
2020-05-28 00:27:00,0.2826029769011029
2020-05-28 00:30:00,0.20782093033312776
2020-05-28 00:33:00,0.2461576891151367
2020-05-28 00:36:00,0.2547188035812269
2020-05-28 00:39:00,0.2878130580810989
2020-05-28 00:42:00,0.16483093827844186
2020-05-28 00:45:00,0.08933906669045655
2020-05-28 00:48:00,0.23347054499470232
2020-05-28 00:51:00,0.16739318447883988
2020-05-28 00:54:00,0.31883398757128134
2020-05-28 00:57:00,0.2795781792949015
2020-05-28 01:00:00,0.1841319260309433
2020-05-28 01:03:00,0.3466309085245598
2020-05-28 01:06:00,0.2557372373476028
2020-05-28 01:09:00,0.3787720006279187
2020-05-28 01:12:00,0.4936783807104348
2020-05-28 01:15:00,0.5706877222395406
2020-05-28 01:18:00,0.38539518120677485
2020-05-28 01:21:00,0.42848296563107624
2020-05-28 01:24:00,0.4463451052807841
2020-05-28 01:27:00,0.5470282730406097
2020-05-28 01:30:00,0.6209990766865872
2020-05-28 01:33:00,0.5439338241096721
2020-05-28 01:36:00,0.6418729533452847
2020-05-28 01:39:00,0.6049901009192808
2020-05-28 01:42:00,0.4907477246832741
2020-05-28 01:45:00,0.27825122562416027
2020-05-28 01:48:00,0.208111322934883
2020-05-28 01:51:00,0.21108367935534034
2020-05-28 01:54:00,0.2131594818710596
2020-05-28 01:57:00,0.2990250994226926
2020-05-28 02:00:00,0.2895597036984441
2020-05-28 02:03:00,0.3076251241874388
2020-05-28 02:06:00,0.18476274068757448
2020-05-28 02:09:00,0.3813130785056842
2020-05-28 02:12:00,0.3425376791597614
2020-05-28 02:15:00,0.35039342913717064
2020-05-28 02:18:00,0.4666900508893832
2020-05-28 02:21:00,0.7574154216436
2020-05-28 02:24:00,0.7008184929469508
2020-05-28 02:27:00,0.8026515467531112
2020-05-28 02:30:00,0.7079697876532691
2020-05-28 02:33:00,0.6619524291127163
2020-05-28 02:36:00,0.5643392419924567
2020-05-28 02:39:00,0.49431135854615604
2020-05-28 02:42:00,0.5257095520984763
2020-05-28 02:45:00,0.24362362482565914
2020-05-28 02:48:00,0.23946704563002186
2020-05-28 02:51:00,0.3931120302162867
2020-05-28 02:54:00,0.4533020562722072
2020-05-28 02:57:00,0.4161996881892378
2020-05-28 03:00:00,0.41575044784747206
2020-05-28 03:03:00,0.31440297456902044
2020-05-28 03:06:00,0.43795603295035335
2020-05-28 03:09:00,0.37811701527311925
2020-05-28 03:12:00,0.34532059899635215
2020-05-28 03:15:00,0.3620361429105401
2020-05-28 03:18:00,0.4076336332469168
2020-05-28 03:21:00,0.41670172587981824
2020-05-28 03:24:00,0.42701543477545556
2020-05-28 03:27:00,0.3715866132908445
2020-05-28 03:30:00,0.3445392921884718
2020-05-28 03:33:00,0.4237917952894463
2020-05-28 03:36:00,0.35098691763164425
2020-05-28 03:39:00,0.33986292827160014
2020-05-28 03:42:00,0.3419147799565394
2020-05-28 03:45:00,0.26996780761061245
2020-05-28 03:48:00,0.3501617321439312
2020-05-28 03:51:00,0.2672865567195686
2020-05-28 03:54:00,0.4401427957813553
2020-05-28 03:57:00,0.5644773079155243
2020-05-28 04:00:00,0.5699627243711234
2020-05-28 04:03:00,0.4943239806949009
2020-05-28 04:06:00,0.39700983102829923
2020-05-28 04:09:00,0.2643427870283972
2020-05-28 04:12:00,0.38790941914044197
2020-05-28 04:15:00,0.36159131068291117
2020-05-28 04:18:00,0.31235945888272454
2020-05-28 04:21:00,0.31976843511080233
2020-05-28 04:24:00,0.3236785469963479
2020-05-28 04:27:00,0.2786520771990695
2020-05-28 04:30:00,0.35145757332935545
2020-05-28 04:33:00,0.33288395464126097
2020-05-28 04:36:00,0.28096652819510837
2020-05-28 04:39:00,0.31880172135913654
2020-05-28 04:42:00,0.19306998689933152
2020-05-28 04:45:00,0.2590431433092135
2020-05-28 04:48:00,0.2523466852637739
2020-05-28 04:51:00,0.28843975444226544
2020-05-28 04:54:00,0.3338903087202425
2020-05-28 04:57:00,0.22153486075501405
2020-05-28 05:00:00,0.2865632110122647
2020-05-28 05:03:00,0.26449959440788007
2020-05-28 05:06:00,0.31620483620935147
2020-05-28 05:09:00,0.3278227344162019
2020-05-28 05:12:00,0.2788823982841109
2020-05-28 05:15:00,0.34349754346374084
2020-05-28 05:18:00,0.3297660771581832
2020-05-28 05:21:00,0.19410896757813134
2020-05-28 05:24:00,0.32733551061579647
2020-05-28 05:27:00,0.19302544132779076
2020-05-28 05:30:00,0.3431303501853904
2020-05-28 05:33:00,0.2854667052012019
2020-05-28 05:36:00,0.27816745557026934
2020-05-28 05:39:00,0.2569090450675162
2020-05-28 05:42:00,0.3919555748267953
2020-05-28 05:45:00,0.2827642027078241
2020-05-28 05:48:00,0.3674196320214378
2020-05-28 05:51:00,0.32653237896920473
2020-05-28 05:54:00,0.3344984757679299
2020-05-28 05:57:00,0.3882572687762149
2020-05-28 06:00:00,0.4323408284270158
2020-05-28 06:03:00,0.29404510348268786
2020-05-28 06:06:00,0.36434086846782066
2020-05-28 06:09:00,0.4449143633253243
2020-05-28 06:12:00,0.35030564260671326
2020-05-28 06:15:00,0.6553833086481404
2020-05-28 06:18:00,0.7579248053386891
2020-05-28 06:21:00,0.6832577749024722
2020-05-28 06:24:00,0.6022259232813667
2020-05-28 06:27:00,0.51541454093325
2020-05-28 06:30:00,0.39607778438033847
2020-05-28 06:33:00,0.42361410458198634
2020-05-28 06:36:00,0.7148139501675814
2020-05-28 06:39:00,0.715535942351039
2020-05-28 06:42:00,0.7775118800975065
2020-05-28 06:45:00,0.713429496682636
2020-05-28 06:48:00,0.5222187199914856
2020-05-28 06:51:00,0.5692062087448448
2020-05-28 06:54:00,0.4643168148336372
2020-05-28 06:57:00,0.7718640047227723
2020-05-28 07:00:00,0.8360275034733604
2020-05-28 07:03:00,0.8812000211244708
2020-05-28 07:06:00,0.6216857989801952
2020-05-28 07:09:00,0.8012735932651935
2020-05-28 07:12:00,0.7787697326052694
2020-05-28 07:15:00,0.5785860696196323
2020-05-28 07:18:00,0.4785980162978376
2020-05-28 07:21:00,0.35503692365909956
2020-05-28 07:24:00,0.36357744113587387
2020-05-28 07:27:00,0.2917675358206111
2020-05-28 07:30:00,0.30447931161688757
2020-05-28 07:33:00,0.36873901049250435
2020-05-28 07:36:00,0.26427423679177764
2020-05-28 07:39:00,0.305852404032521
2020-05-28 07:42:00,0.3226771456577353
2020-05-28 07:45:00,0.3157011137464565
2020-05-28 07:48:00,0.3647756244229754
2020-05-28 07:51:00,0.33951612531370756
2020-05-28 07:54:00,0.34751169557330286
2020-05-28 07:57:00,0.327179037778933
2020-05-28 08:00:00,0.29976718550722126
2020-05-28 08:03:00,0.3472895801987761
2020-05-28 08:06:00,0.3392618228442075
2020-05-28 08:09:00,0.22191251157613578
2020-05-28 08:12:00,0.295790334063895
2020-05-28 08:15:00,0.26100059307015044
2020-05-28 08:18:00,0.2341386319280332
2020-05-28 08:21:00,0.2943329206856333
2020-05-28 08:24:00,0.40697334234141636
2020-05-28 08:27:00,0.36833886046224507
2020-05-28 08:30:00,0.3847495406901089
2020-05-28 08:33:00,0.4499337865516395
2020-05-28 08:36:00,0.30281786846006753
2020-05-28 08:39:00,0.30775142142232426
2020-05-28 08:42:00,0.3004522808979573
2020-05-28 08:45:00,0.20762709309951788
2020-05-28 08:48:00,0.35395455224488614
2020-05-28 08:51:00,0.20729662478964883
2020-05-28 08:54:00,0.1570604538309226
2020-05-28 08:57:00,0.22986802529464967
2020-05-28 09:00:00,0.17841503449415086
2020-05-28 09:03:00,0.24146665710287607
2020-05-28 09:06:00,0.18375656654501427
2020-05-28 09:09:00,0.21167280859873472
2020-05-28 09:12:00,0.24457415401735716
2020-05-28 09:15:00,0.18417228944883846
2020-05-28 09:18:00,0.0283940399194762
2020-05-28 09:21:00,0.1781133658328713
2020-05-28 09:24:00,0.12432874183639342
2020-05-28 09:27:00,0.2641471413903105
2020-05-28 09:30:00,0.21183029003367437
2020-05-28 09:33:00,0.2008466903253634
2020-05-28 09:36:00,0.2143563448222494
2020-05-28 09:39:00,0.26537367917899246
2020-05-28 09:42:00,0.2916406552367903
2020-05-28 09:45:00,0.22632483220002086
2020-05-28 09:48:00,0.22769131487245886
2020-05-28 09:51:00,0.24343004666553725
2020-05-28 09:54:00,0.1673416177687841
2020-05-28 09:57:00,0.13757076586261974
2020-05-28 10:00:00,0.13338377444540583
2020-05-28 10:03:00,0.07530967430835744
2020-05-28 10:06:00,0.15589390460502273
2020-05-28 10:09:00,0.1002170133451159
2020-05-28 10:12:00,0.09767010205422366
2020-05-28 10:15:00,0.1497529960803945
2020-05-28 10:18:00,0.18264175426827478
2020-05-28 10:21:00,0.35129956958832054
2020-05-28 10:24:00,0.35912073908099273
2020-05-28 10:27:00,0.5656682543532838
2020-05-28 10:30:00,0.6317248509237743
2020-05-28 10:33:00,0.6263456691137321
2020-05-28 10:36:00,0.6942002050820975
2020-05-28 10:39:00,0.7817304671086163
2020-05-28 10:42:00,0.7200268568448678
2020-05-28 10:45:00,0.598593032835538
2020-05-28 10:48:00,0.4363173704769565
2020-05-28 10:51:00,0.2742283451116805
2020-05-28 10:54:00,0.4537939794220165
2020-05-28 10:57:00,0.41678504717833675
2020-05-28 11:00:00,0.40837996704340185
2020-05-28 11:03:00,0.33342571936049126
2020-05-28 11:06:00,0.3755412742503381
2020-05-28 11:09:00,0.3758178080757375
2020-05-28 11:12:00,0.2690882872474276
2020-05-28 11:15:00,0.3224554221318954
2020-05-28 11:18:00,0.27433636480816403
2020-05-28 11:21:00,0.2294034651965262
2020-05-28 11:24:00,0.25830340464960955
2020-05-28 11:27:00,0.2392756879667104
2020-05-28 11:30:00,0.28904535082824623
2020-05-28 11:33:00,0.2872796303886389
2020-05-28 11:36:00,0.3204875463454755
2020-05-28 11:39:00,0.28048630626278737
2020-05-28 11:42:00,0.44498468585175033
2020-05-28 11:45:00,0.2758956287613046
2020-05-28 11:48:00,0.19880680929298933
2020-05-28 11:51:00,0.31964661252681026
2020-05-28 11:54:00,0.259370815893476
2020-05-28 11:57:00,0.2445546414733144
2020-05-28 12:00:00,0.15389728763238963
2020-05-28 12:03:00,0.28502170622317635
2020-05-28 12:06:00,0.27840494369161206
2020-05-28 12:09:00,0.20880317925178815
2020-05-28 12:12:00,0.23124694941446933
2020-05-28 12:15:00,0.2410478124585893
2020-05-28 12:18:00,0.21433396445996777
2020-05-28 12:21:00,0.22429029584412774
2020-05-28 12:24:00,0.0967056661118022
2020-05-28 12:27:00,0.272440273666291
2020-05-28 12:30:00,0.3369058592271017
2020-05-28 12:33:00,0.22389012308940437
2020-05-28 12:36:00,0.18905807766924454
2020-05-28 12:39:00,0.128777437970939
2020-05-28 12:42:00,0.08502762455543689
2020-05-28 12:45:00,0.2032057389487818
2020-05-28 12:48:00,0.12145564312714896
2020-05-28 12:51:00,0.1890118876402198
2020-05-28 12:54:00,0.06253878839658
2020-05-28 12:57:00,0.19571296900659263
2020-05-28 13:00:00,0.019241981032678268
2020-05-28 13:03:00,0.04137300116099141
2020-05-28 13:06:00,-0.03254303346744791
2020-05-28 13:09:00,0.09159378532763185
2020-05-28 13:12:00,0.07387051507396336
2020-05-28 13:15:00,0.09152677649899488
2020-05-28 13:18:00,0.09648234566452629
2020-05-28 13:21:00,0.0689514754565721
2020-05-28 13:24:00,0.10132681442127023
2020-05-28 13:27:00,0.11777030034278368
2020-05-28 13:30:00,0.14171085757203628
2020-05-28 13:33:00,0.15937164533374926
2020-05-28 13:36:00,0.14450377562661743
2020-05-28 13:39:00,0.19253159438204648
2020-05-28 13:42:00,0.16706684322679166
2020-05-28 13:45:00,0.19507550165593557
2020-05-28 13:48:00,0.15386851757301656
2020-05-28 13:51:00,0.11875455419635728
2020-05-28 13:54:00,0.12761529544644645
2020-05-28 13:57:00,0.05643552657852524
2020-05-28 14:00:00,0.06728867898931412
2020-05-28 14:03:00,0.1070987994044117
2020-05-28 14:06:00,0.07655963007965738
2020-05-28 14:09:00,0.04534479034941796
2020-05-28 14:12:00,0.05381265595718787
2020-05-28 14:15:00,0.08440395788471733
2020-05-28 14:18:00,-0.018913992918498934
2020-05-28 14:21:00,0.14105191936010897
2020-05-28 14:24:00,0.04388897451929097
2020-05-28 14:27:00,-0.015561637555890684
2020-05-28 14:30:00,0.035219221692102565
2020-05-28 14:33:00,0.045450862782445256
2020-05-28 14:36:00,-0.022685359461263488
2020-05-28 14:39:00,-0.016394851947893585
2020-05-28 14:42:00,0.018219628007159372
2020-05-28 14:45:00,0.050536286562930854
2020-05-28 14:48:00,-0.02018728274777004
2020-05-28 14:51:00,-0.0073272744553491975
2020-05-28 14:54:00,-0.008523123657255383
2020-05-28 14:57:00,-0.025323441330669993
2020-05-28 15:00:00,-0.08924967474939649
2020-05-28 15:03:00,-0.08910103233904465
2020-05-28 15:06:00,-0.07721713906687455
2020-05-28 15:09:00,-0.0014548811796544214
2020-05-28 15:12:00,-0.05423928780652432
2020-05-28 15:15:00,-0.022744776706417724
2020-05-28 15:18:00,0.0006007576914157653
2020-05-28 15:21:00,0.04894569025054807
2020-05-28 15:24:00,-0.019618365981386887
2020-05-28 15:27:00,0.018286446220770358
2020-05-28 15:30:00,-0.13303991901290146
2020-05-28 15:33:00,0.009007927975630992
2020-05-28 15:36:00,-0.0003842775425368927
2020-05-28 15:39:00,-0.09343758250849987
2020-05-28 15:42:00,-0.09110321065497828
2020-05-28 15:45:00,-0.093851841761591
2020-05-28 15:48:00,-0.04106729901195649
2020-05-28 15:51:00,-0.022264538270462708
2020-05-28 15:54:00,-0.02056977038637342
2020-05-28 15:57:00,-0.05198327541955905
2020-05-28 16:00:00,-0.08911861090723505
2020-05-28 16:03:00,-0.1559533696553217
2020-05-28 16:06:00,-0.10309263115487965
2020-05-28 16:09:00,-0.13612832078138126
2020-05-28 16:12:00,-0.14247916294630159
2020-05-28 16:15:00,-0.013184213621343588
2020-05-28 16:18:00,-0.13555458791512365
2020-05-28 16:21:00,-0.07773532941411077
2020-05-28 16:24:00,-0.07169362095567067
2020-05-28 16:27:00,-0.04399602206143527
2020-05-28 16:30:00,-0.004677755474290279
2020-05-28 16:33:00,-0.010150173047577482
2020-05-28 16:36:00,-0.1291173542995807
2020-05-28 16:39:00,-0.044681636082657405
2020-05-28 16:42:00,-0.09563774560956517
2020-05-28 16:45:00,-0.054215250011964145
2020-05-28 16:48:00,-0.09136065884263189
2020-05-28 16:51:00,-0.04915419047631531
2020-05-28 16:54:00,-0.05634924289910259
2020-05-28 16:57:00,-0.1906428016445716
2020-05-28 17:00:00,-0.13940367506535267
2020-05-28 17:03:00,-0.08978667288261022
2020-05-28 17:06:00,-0.08256467512006793
2020-05-28 17:09:00,-0.12599486361676782
2020-05-28 17:12:00,-0.03687496240706878
2020-05-28 17:15:00,-0.1274037507663479
2020-05-28 17:18:00,-0.11804190333384668
2020-05-28 17:21:00,-0.06290556316065476
2020-05-28 17:24:00,-0.06145544286334825
2020-05-28 17:27:00,-0.10148870659116938
2020-05-28 17:30:00,-0.11374348930417
2020-05-28 17:33:00,-0.13161774003685878
2020-05-28 17:36:00,-0.020892033206848737
2020-05-28 17:39:00,-0.036393848579280075
2020-05-28 17:42:00,-0.019907501417151252
2020-05-28 17:45:00,-0.07855064056695937
2020-05-28 17:48:00,-0.15447602249736292
2020-05-28 17:51:00,-0.09147019334506012
2020-05-28 17:54:00,-0.024737229191543975
2020-05-28 17:57:00,-0.09330904945898055
2020-05-28 18:00:00,-0.12275494098446416
2020-05-28 18:03:00,-0.10493608737181148
2020-05-28 18:06:00,-0.08264345284021601
2020-05-28 18:09:00,-0.1568003134671585
2020-05-28 18:12:00,-0.0346505842779834
2020-05-28 18:15:00,-0.01724026315429228
2020-05-28 18:18:00,-0.13345178497780807
2020-05-28 18:21:00,-0.03874945411104136
2020-05-28 18:24:00,-0.11386603613345869
2020-05-28 18:27:00,-0.07241284849828844
2020-05-28 18:30:00,-0.044129885226709575
2020-05-28 18:33:00,0.04172775170724208
2020-05-28 18:36:00,-0.03340097090455174
2020-05-28 18:39:00,-0.07331977293478076
2020-05-28 18:42:00,-0.060515254248969086
2020-05-28 18:45:00,-0.05172302721541655
2020-05-28 18:48:00,0.006445138293543096
2020-05-28 18:51:00,-0.044474200437093714
2020-05-28 18:54:00,
2020-05-28 18:57:00,
2020-05-28 19:00:00,
2020-05-28 19:03:00,0.0002037311566596145
2020-05-28 19:06:00,0.02829918786488861
2020-05-28 19:09:00,0.005748530023026888
2020-05-28 19:12:00,0.03426380326925482
2020-05-28 19:15:00,0.012928347432932696
2020-05-28 19:18:00,0.018924016914866115
2020-05-28 19:21:00,0.05404778298134261
2020-05-28 19:24:00,0.06681362856920714
2020-05-28 19:27:00,0.027757679129081225
2020-05-28 19:30:00,0.14290776114972914
2020-05-28 19:33:00,0.061735808653111235
2020-05-28 19:36:00,0.059207714082674556
2020-05-28 19:39:00,-0.02049088591667214
2020-05-28 19:42:00,0.0035628105281944045
2020-05-28 19:45:00,-0.08397231685700035
2020-05-28 19:48:00,-0.1145816109553266
2020-05-28 19:51:00,-0.04903226077948375
2020-05-28 19:54:00,0.08509207853995804
2020-05-28 19:57:00,0.041707978894407916
2020-05-28 20:00:00,0.014784247824763952
2020-05-28 20:03:00,0.05724104723384471
2020-05-28 20:06:00,-0.007138140033248419
2020-05-28 20:09:00,0.01888864492337916
2020-05-28 20:12:00,0.09437806605114929
2020-05-28 20:15:00,-0.0253452963095242
2020-05-28 20:18:00,-0.06516499831968758
2020-05-28 20:21:00,0.04641224529666488
2020-05-28 20:24:00,0.01627142629638456
2020-05-28 20:27:00,-0.07140996858811377
2020-05-28 20:30:00,-0.02594303916919216
2020-05-28 20:33:00,0.023115399574123785
2020-05-28 20:36:00,0.054962365650396805
2020-05-28 20:39:00,-0.05406314832339376
2020-05-28 20:42:00,0.027053207313770145
2020-05-28 20:45:00,0.01754414305736418
2020-05-28 20:48:00,0.021986177869905532
2020-05-28 20:51:00,0.17449198292490564
2020-05-28 20:54:00,0.03230906876399331
2020-05-28 20:57:00,0.07242358487269485
2020-05-28 21:00:00,0.04546105729639294
2020-05-28 21:03:00,0.04990353288849292
2020-05-28 21:06:00,0.05136194939575489
2020-05-28 21:09:00,0.13913314913315844
2020-05-28 21:12:00,0.062444451760768516
2020-05-28 21:15:00,0.10111277391143858
2020-05-28 21:18:00,0.11442622827007654
2020-05-28 21:21:00,0.13026514779249965
2020-05-28 21:24:00,0.04256719178846424
2020-05-28 21:27:00,0.10847452058766294
2020-05-28 21:30:00,0.13629106701296223
2020-05-28 21:33:00,0.0945533266918801
2020-05-28 21:36:00,0.018186580064764257
2020-05-28 21:39:00,0.09872663061042886
2020-05-28 21:42:00,0.045472253910929794
2020-05-28 21:45:00,0.14443575899417738
2020-05-28 21:48:00,0.09702300663553842
2020-05-28 21:51:00,0.012151539301385128
2020-05-28 21:54:00,0.07513664343440496
2020-05-28 21:57:00,0.12024783137979966
2020-05-28 22:00:00,0.18813709934966028
2020-05-28 22:03:00,0.07295943397411975
2020-05-28 22:06:00,0.1121590862579751
2020-05-28 22:09:00,0.06449877985204466
2020-05-28 22:12:00,0.1209475809357059
2020-05-28 22:15:00,0.08086740678692195
2020-05-28 22:18:00,0.08460893344778242
2020-05-28 22:21:00,0.06979859691199408
2020-05-28 22:24:00,0.2183683581129685
2020-05-28 22:27:00,0.17083653789006803
2020-05-28 22:30:00,0.12413585611454891
2020-05-28 22:33:00,0.027700404858080674
2020-05-28 22:36:00,0.016749328312641865
2020-05-28 22:39:00,0.10725113241954887
2020-05-28 22:42:00,0.05276072504454987
2020-05-28 22:45:00,0.0513320069975407
2020-05-28 22:48:00,0.05495920635934226
2020-05-28 22:51:00,0.046858477307409885
2020-05-28 22:54:00,0.14137827216092091
2020-05-28 22:57:00,0.01237635542628368
2020-05-28 23:00:00,0.11525535535736253
2020-05-28 23:03:00,0.11462258800332847
2020-05-28 23:06:00,0.08383542130587784
2020-05-28 23:09:00,0.2203175496499057
2020-05-28 23:12:00,0.16653617694896639
2020-05-28 23:15:00,0.07669749897661404
2020-05-28 23:18:00,0.16552846681344136
2020-05-28 23:21:00,0.15962894159565622
2020-05-28 23:24:00,0.24468031308589389
2020-05-28 23:27:00,0.18378301154967858
2020-05-28 23:30:00,0.21144708847572247
2020-05-28 23:33:00,0.13116592421403084
2020-05-28 23:36:00,0.21717037883502144
2020-05-28 23:39:00,0.25436209481688365
2020-05-28 23:42:00,0.2646249362166486
2020-05-28 23:45:00,0.37658889737951995
2020-05-28 23:48:00,0.36925119894198133
2020-05-28 23:51:00,0.3918487372177992
2020-05-28 23:54:00,0.5095059020181338
2020-05-28 23:57:00,0.4487396439454301
2020-05-29 00:00:00,0.44947984248699413
2020-05-29 00:03:00,0.49417177350511565
2020-05-29 00:06:00,0.49717062711306426
2020-05-29 00:09:00,0.46225405770627503
2020-05-29 00:12:00,0.495375178848974
2020-05-29 00:15:00,0.5916211945610144
2020-05-29 00:18:00,0.6517880350306768
2020-05-29 00:21:00,0.7864751104821721
2020-05-29 00:24:00,0.6336428631254876
2020-05-29 00:27:00,0.6031288911578372
2020-05-29 00:30:00,0.6561084627666673
2020-05-29 00:33:00,0.5967963551799471
2020-05-29 00:36:00,0.709651676286569
2020-05-29 00:39:00,0.7393614892891378
2020-05-29 00:42:00,0.6622310828172431
2020-05-29 00:45:00,0.6420477855244258
2020-05-29 00:48:00,0.6683994527468258
2020-05-29 00:51:00,0.6386317338929643
2020-05-29 00:54:00,0.5927277875027244
2020-05-29 00:57:00,0.46854261777627926
2020-05-29 01:00:00,0.1267270725647336
2020-05-29 01:03:00,0.14460469828219402
2020-05-29 01:06:00,0.15504248930079711
2020-05-29 01:09:00,0.1846662110662578
2020-05-29 01:12:00,0.28337617865469156
2020-05-29 01:15:00,0.3324365520601873
2020-05-29 01:18:00,0.42916048729944123
2020-05-29 01:21:00,0.426425589684186
2020-05-29 01:24:00,0.4369355156439383
2020-05-29 01:27:00,0.464160472235676
2020-05-29 01:30:00,0.6092141471783066
2020-05-29 01:33:00,0.7209901081899943
2020-05-29 01:36:00,0.7146119229640817
2020-05-29 01:39:00,0.5527067404443073
2020-05-29 01:42:00,0.3989945157925945
2020-05-29 01:45:00,0.45642323832254306
2020-05-29 01:48:00,0.376774389872935
2020-05-29 01:51:00,0.3166730870851211
2020-05-29 01:54:00,0.3212623584992116
2020-05-29 01:57:00,0.3334637338869584
2020-05-29 02:00:00,0.29827107085549187
2020-05-29 02:03:00,0.3538046912645427
2020-05-29 02:06:00,0.37513237277545386
2020-05-29 02:09:00,0.36320219876932924
2020-05-29 02:12:00,0.4294716339172737
2020-05-29 02:15:00,0.2893434552469216
2020-05-29 02:18:00,0.36070149106438976
2020-05-29 02:21:00,0.36150884817584483
2020-05-29 02:24:00,0.351882325865688
2020-05-29 02:27:00,0.4515255719207403
2020-05-29 02:30:00,0.4337874132910997
2020-05-29 02:33:00,0.30052159677245527
2020-05-29 02:36:00,0.36751556436036026
2020-05-29 02:39:00,0.36318336737451773
2020-05-29 02:42:00,0.3202635858388021
2020-05-29 02:45:00,0.39323063903003685
2020-05-29 02:48:00,0.4412407857915923
2020-05-29 02:51:00,0.421632678065464
2020-05-29 02:54:00,0.3306453764713524
2020-05-29 02:57:00,0.41564491589275576
2020-05-29 03:00:00,0.3210089095445028
2020-05-29 03:03:00,0.42002399642120736
2020-05-29 03:06:00,0.36852553554183487
2020-05-29 03:09:00,0.34174697613684657
2020-05-29 03:12:00,0.3382175138715411
2020-05-29 03:15:00,0.37348635350173254
2020-05-29 03:18:00,0.3465026300025329
2020-05-29 03:21:00,0.3892390045645584
2020-05-29 03:24:00,0.28336205686019866
2020-05-29 03:27:00,0.2563404877483322
2020-05-29 03:30:00,0.2866318881858092
2020-05-29 03:33:00,0.3120295157813757
2020-05-29 03:36:00,0.2863760324255509
2020-05-29 03:39:00,0.30688447606689806
2020-05-29 03:42:00,0.31498149069057035
2020-05-29 03:45:00,0.3582645312657746
2020-05-29 03:48:00,0.2737612339603288
2020-05-29 03:51:00,0.3396738282328897
2020-05-29 03:54:00,0.2631257612040372
2020-05-29 03:57:00,0.2903541535958425
2020-05-29 04:00:00,0.30916468363960803
2020-05-29 04:03:00,0.27498914048931056
2020-05-29 04:06:00,0.42576803436935506
2020-05-29 04:09:00,0.4835163651767971
2020-05-29 04:12:00,0.32448712467561336
2020-05-29 04:15:00,0.25422329611546957
2020-05-29 04:18:00,0.348104549757295
2020-05-29 04:21:00,0.38422400369915977
2020-05-29 04:24:00,0.31277112526663586
2020-05-29 04:27:00,0.31934190295822873
2020-05-29 04:30:00,0.2661910204294031
2020-05-29 04:33:00,0.24697159579420713
2020-05-29 04:36:00,0.33120663826673535
2020-05-29 04:39:00,0.31581469807031226
2020-05-29 04:42:00,0.24831708838854638
2020-05-29 04:45:00,0.18987800953482292
2020-05-29 04:48:00,0.309005697357577
2020-05-29 04:51:00,0.2008417796133699
2020-05-29 04:54:00,0.27940462177480185
2020-05-29 04:57:00,0.334508462602912
2020-05-29 05:00:00,0.2027566934960987
2020-05-29 05:03:00,0.23137175075453342
2020-05-29 05:06:00,0.369095025404647
2020-05-29 05:09:00,0.35909607316494885
2020-05-29 05:12:00,0.3066801638323682
2020-05-29 05:15:00,0.16789385696972658
2020-05-29 05:18:00,0.25032542780218137
2020-05-29 05:21:00,0.25124900618743595
2020-05-29 05:24:00,0.24896044246958127
2020-05-29 05:27:00,0.34150334104663216
2020-05-29 05:30:00,0.2783404198631274
2020-05-29 05:33:00,0.3117286491163327
2020-05-29 05:36:00,0.2307173983405164
2020-05-29 05:39:00,0.2591439026764988
2020-05-29 05:42:00,0.3267481663801277
2020-05-29 05:45:00,0.301041545443411
2020-05-29 05:48:00,0.3266525928904116
2020-05-29 05:51:00,0.3661609228549878
2020-05-29 05:54:00,0.2863558120717471
2020-05-29 05:57:00,0.3774963940705902
2020-05-29 06:00:00,0.3961618316304225
2020-05-29 06:03:00,0.3848678565815362
2020-05-29 06:06:00,0.4945201358333975
2020-05-29 06:09:00,0.46019275714945707
2020-05-29 06:12:00,0.40470797115278856
2020-05-29 06:15:00,0.33713834444785107
2020-05-29 06:18:00,0.40583705595338415
2020-05-29 06:21:00,0.26670904562126907
2020-05-29 06:24:00,0.4220006657241697
2020-05-29 06:27:00,0.36559480193915306
2020-05-29 06:30:00,0.32824084629407935
2020-05-29 06:33:00,0.40316797392347326
2020-05-29 06:36:00,0.30301209111166827
2020-05-29 06:39:00,0.34523571946351694
2020-05-29 06:42:00,0.3660429726750749
2020-05-29 06:45:00,0.3501972886311364
2020-05-29 06:48:00,0.3617986880885269
2020-05-29 06:51:00,0.3170515467019186
2020-05-29 06:54:00,0.3672608496681846
2020-05-29 06:57:00,0.3168075188331727
2020-05-29 07:00:00,0.3491048245469983
2020-05-29 07:03:00,0.40253478099867834
2020-05-29 07:06:00,0.39146008283165656
2020-05-29 07:09:00,0.38057912627755286
2020-05-29 07:12:00,0.3590732124689566
2020-05-29 07:15:00,0.37685908013781955
2020-05-29 07:18:00,0.33356260089948364
2020-05-29 07:21:00,0.4208241847510408
2020-05-29 07:24:00,0.44451013197755174
2020-05-29 07:27:00,0.33713749761119516
2020-05-29 07:30:00,0.49109202255613127
2020-05-29 07:33:00,0.5607341711141203
2020-05-29 07:36:00,0.5341081168994606
2020-05-29 07:39:00,0.7407384829604666
2020-05-29 07:42:00,0.715531673474743
2020-05-29 07:45:00,0.5725083508706916
2020-05-29 07:48:00,0.4650815350762514
2020-05-29 07:51:00,0.45320538877592753
2020-05-29 07:54:00,0.42102283053986866
2020-05-29 07:57:00,0.30150034223152034
2020-05-29 08:00:00,0.3731124822933225
2020-05-29 08:03:00,0.27128433368579863
2020-05-29 08:06:00,0.2968534514365615
2020-05-29 08:09:00,0.24636105675858744
2020-05-29 08:12:00,0.24210892654849658
2020-05-29 08:15:00,0.2533102635039768
2020-05-29 08:18:00,0.2767988100495131
2020-05-29 08:21:00,0.26066906736593864
2020-05-29 08:24:00,0.16969425202893262
2020-05-29 08:27:00,0.17564896045917067
2020-05-29 08:30:00,0.20817208705108214
2020-05-29 08:33:00,0.08010733681476268
2020-05-29 08:36:00,0.20988759211377328
2020-05-29 08:39:00,0.2124843129462306
2020-05-29 08:42:00,0.22686049000412822
2020-05-29 08:45:00,0.15584274824863087
2020-05-29 08:48:00,0.10958010496005954
2020-05-29 08:51:00,0.14265682392630197
2020-05-29 08:54:00,0.14806329827126774
2020-05-29 08:57:00,0.24627740849160773
2020-05-29 09:00:00,0.24387885947902532
2020-05-29 09:03:00,0.06431964938190049
2020-05-29 09:06:00,0.0802400785527766
2020-05-29 09:09:00,0.2026625548236325
2020-05-29 09:12:00,0.20109984968473782
2020-05-29 09:15:00,0.19663137164837963
2020-05-29 09:18:00,0.2771441970518822
2020-05-29 09:21:00,0.14309472643191157
2020-05-29 09:24:00,0.14331864086653923
2020-05-29 09:27:00,0.09293168351086933
2020-05-29 09:30:00,0.2233236630038391
2020-05-29 09:33:00,0.14106255774413512
2020-05-29 09:36:00,0.22884987881735697
2020-05-29 09:39:00,0.21206744324570082
2020-05-29 09:42:00,0.17832728438611412
2020-05-29 09:45:00,0.24339003353543376
2020-05-29 09:48:00,0.10363704737204671
2020-05-29 09:51:00,-0.01504169145778178
2020-05-29 09:54:00,0.17634161957852257
2020-05-29 09:57:00,0.1833574340219002
2020-05-29 10:00:00,0.012188701971354021
2020-05-29 10:03:00,0.1219542261367792
2020-05-29 10:06:00,0.002066615806484151
2020-05-29 10:09:00,0.03592953036690005
2020-05-29 10:12:00,0.0551818539956912
2020-05-29 10:15:00,-0.010313762755004063
2020-05-29 10:18:00,-0.013437698065956738
2020-05-29 10:21:00,0.02349126306796734
2020-05-29 10:24:00,0.032988029220746284
2020-05-29 10:27:00,0.01550555141619725
2020-05-29 10:30:00,-0.04150660510020998
2020-05-29 10:33:00,-0.0392625450297146
2020-05-29 10:36:00,0.15273484258892722
2020-05-29 10:39:00,0.1270686575662694
2020-05-29 10:42:00,0.07317795210047962
2020-05-29 10:45:00,0.10924335170182076
2020-05-29 10:48:00,-0.00822501093603023
2020-05-29 10:51:00,0.08121192650867215
2020-05-29 10:54:00,-0.062172551574462886
2020-05-29 10:57:00,-0.05529818228279737
2020-05-29 11:00:00,-0.12128027080791526
2020-05-29 11:03:00,-0.1096131490191965
2020-05-29 11:06:00,-0.126669930775563
2020-05-29 11:09:00,-0.1583793629556567
2020-05-29 11:12:00,-0.08105523740090348
2020-05-29 11:15:00,-0.1898623623644653
2020-05-29 11:18:00,-0.07013946350662081
2020-05-29 11:21:00,-0.06675258947313978
2020-05-29 11:24:00,-0.19091002156778814
2020-05-29 11:27:00,0.01429356958584549
2020-05-29 11:30:00,-0.11076960745435827
2020-05-29 11:33:00,-0.07632036708105261
2020-05-29 11:36:00,-0.0831352156994285
2020-05-29 11:39:00,-0.24256118630995616
2020-05-29 11:42:00,-0.17228995393014657
2020-05-29 11:45:00,-0.2501690454159302
2020-05-29 11:48:00,-0.08896420195958399
2020-05-29 11:51:00,-0.2560077108789187
2020-05-29 11:54:00,-0.15861528039761197
2020-05-29 11:57:00,-0.24114391717046146
2020-05-29 12:00:00,-0.19556446802062055
2020-05-29 12:03:00,-0.10809193424580599
2020-05-29 12:06:00,-0.19083009947661367
2020-05-29 12:09:00,-0.07771434402832256
2020-05-29 12:12:00,-0.16824967786823208
2020-05-29 12:15:00,-0.23499337580125257
2020-05-29 12:18:00,-0.20715925409967895
2020-05-29 12:21:00,-0.11777428513528321
2020-05-29 12:24:00,-0.1418873226963342
2020-05-29 12:27:00,-0.11072170502961853
2020-05-29 12:30:00,-0.03687606306584712
2020-05-29 12:33:00,-0.174879737288677
2020-05-29 12:36:00,-0.14152517299640976
2020-05-29 12:39:00,-0.017463500977839885
2020-05-29 12:42:00,-0.12277809181227894
2020-05-29 12:45:00,-0.046028667878431406
2020-05-29 12:48:00,-0.07132142749469494
2020-05-29 12:51:00,-0.14774950990369007
2020-05-29 12:54:00,-0.14636264289077872
2020-05-29 12:57:00,-0.1353336274653998
2020-05-29 13:00:00,-0.12397097067332652
2020-05-29 13:03:00,-0.17037174103455754
2020-05-29 13:06:00,-0.27985513295044484
2020-05-29 13:09:00,-0.206236683909367
2020-05-29 13:12:00,-0.14072972611694468
2020-05-29 13:15:00,-0.14291866586546575
2020-05-29 13:18:00,-0.10516616477451635
2020-05-29 13:21:00,-0.0801846859828288
2020-05-29 13:24:00,-0.02156523942920785
2020-05-29 13:27:00,0.05833338128900323
2020-05-29 13:30:00,0.3291429973384652
2020-05-29 13:33:00,0.2360674595440173
2020-05-29 13:36:00,0.2839707954252617
2020-05-29 13:39:00,0.27511752152065583
2020-05-29 13:42:00,0.3850451273248723
2020-05-29 13:45:00,0.4355474133699886
2020-05-29 13:48:00,0.3786619104123474
2020-05-29 13:51:00,0.5888477384483508
2020-05-29 13:54:00,0.5788430099138964
2020-05-29 13:57:00,0.5404675387160296
2020-05-29 14:00:00,0.5170746323369144
2020-05-29 14:03:00,0.28826842548647846
2020-05-29 14:06:00,0.22632090374150948
2020-05-29 14:09:00,0.18789623865785643
2020-05-29 14:12:00,0.0652924120400371
2020-05-29 14:15:00,0.03907421230252339
2020-05-29 14:18:00,0.23204808580993586
2020-05-29 14:21:00,0.19725417437803117
2020-05-29 14:24:00,0.2867708670270872
2020-05-29 14:27:00,0.3976511058368146
2020-05-29 14:30:00,0.420847883089948
2020-05-29 14:33:00,0.39449284808631546
2020-05-29 14:36:00,0.27862058082382646
2020-05-29 14:39:00,0.21319408594962397
2020-05-29 14:42:00,0.2459503337358342
2020-05-29 14:45:00,0.1312731560373095
2020-05-29 14:48:00,0.20992650103931965
2020-05-29 14:51:00,0.12457382860463895
2020-05-29 14:54:00,0.11349686000636439
2020-05-29 14:57:00,0.08284319719865607
2020-05-29 15:00:00,0.08887007650133683
2020-05-29 15:03:00,0.207077063171198
2020-05-29 15:06:00,0.08409987415694786
2020-05-29 15:09:00,-0.020161921655642345
2020-05-29 15:12:00,-0.055176359086715365
2020-05-29 15:15:00,0.025373686699708742
2020-05-29 15:18:00,-0.04376112561476475
2020-05-29 15:21:00,0.04060967600190679
2020-05-29 15:24:00,-0.08504715051213907
2020-05-29 15:27:00,-0.011571721400059687
2020-05-29 15:30:00,-0.0575563052200323
2020-05-29 15:33:00,-0.0024366097007373355
2020-05-29 15:36:00,0.03718465189695053
2020-05-29 15:39:00,0.038891619445848846
2020-05-29 15:42:00,-0.039363181657279256
2020-05-29 15:45:00,-0.014019814636355932
2020-05-29 15:48:00,-0.09375260515110995
2020-05-29 15:51:00,-0.03854841381212282
2020-05-29 15:54:00,-0.04390152839022221
2020-05-29 15:57:00,0.03718440088340458
2020-05-29 16:00:00,0.07922647506592284
2020-05-29 16:03:00,0.02742468268979792
2020-05-29 16:06:00,-0.036199648834042364
2020-05-29 16:09:00,-0.001133564338999804
2020-05-29 16:12:00,-0.08306522489789359
2020-05-29 16:15:00,0.04790818756708859
2020-05-29 16:18:00,-0.0025550193555545775
2020-05-29 16:21:00,-0.11428717026615232
2020-05-29 16:24:00,-0.08939307251017681
2020-05-29 16:27:00,-0.05735334076553045
2020-05-29 16:30:00,-0.008515302491787224
2020-05-29 16:33:00,0.02776549657846772
2020-05-29 16:36:00,0.026991775974067878
2020-05-29 16:39:00,-0.08662615854086653
2020-05-29 16:42:00,-0.04349591931628538
2020-05-29 16:45:00,-0.06332528562131756
2020-05-29 16:48:00,0.021926441095502014
2020-05-29 16:51:00,-0.041923569591915566
2020-05-29 16:54:00,-0.06069266843866217
2020-05-29 16:57:00,-0.05667315172564713
2020-05-29 17:00:00,-0.08219015684807118
2020-05-29 17:03:00,0.008675582582441166
2020-05-29 17:06:00,-0.09577482590441377
2020-05-29 17:09:00,-0.08460962683051321
2020-05-29 17:12:00,-0.07602590505302942
2020-05-29 17:15:00,-0.0400706540717124
2020-05-29 17:18:00,-0.04119806146866267
2020-05-29 17:21:00,-0.10710531701437276
2020-05-29 17:24:00,0.005143614290261667
2020-05-29 17:27:00,-0.1586351136033386
2020-05-29 17:30:00,-0.04648496318850448
2020-05-29 17:33:00,0.019616809566628035
2020-05-29 17:36:00,-0.07087481036046483
2020-05-29 17:39:00,-0.03259124513238021
2020-05-29 17:42:00,-0.0660579735315423
2020-05-29 17:45:00,0.028185658788345336
2020-05-29 17:48:00,-0.1076824119290336
2020-05-29 17:51:00,-0.03879174481596692
2020-05-29 17:54:00,-0.010340584658706575
2020-05-29 17:57:00,-0.06037312068377787
2020-05-29 18:00:00,-0.03084241216885175
2020-05-29 18:03:00,-0.030968087641952025
2020-05-29 18:06:00,-0.09543272770247313
2020-05-29 18:09:00,-0.08393027665897534
2020-05-29 18:12:00,-0.056702456712173444
2020-05-29 18:15:00,-0.10695188823672197
2020-05-29 18:18:00,-0.15327078985535536
2020-05-29 18:21:00,-0.14853481733297258
2020-05-29 18:24:00,-0.1610385088593489
2020-05-29 18:27:00,-0.16561901630950615
2020-05-29 18:30:00,-0.15123334744299655
2020-05-29 18:33:00,-0.005613900783430381
2020-05-29 18:36:00,-0.01932618932977448
2020-05-29 18:39:00,-0.07715240640840193
2020-05-29 18:42:00,-0.12077835051923103
2020-05-29 18:45:00,-0.037899512886099274
2020-05-29 18:48:00,-0.03306422604094905
2020-05-29 18:51:00,-0.0967408092519122
2020-05-29 18:54:00,-0.09442016002844866
2020-05-29 18:57:00,
2020-05-29 19:00:00,
2020-05-29 19:03:00,-0.13984896508208067
2020-05-29 19:06:00,-0.055895032802709466
2020-05-29 19:09:00,-0.09603324327838436
2020-05-29 19:12:00,-0.0497378689552761
2020-05-29 19:15:00,-0.012292647237927667
2020-05-29 19:18:00,-0.0461017839240867
2020-05-29 19:21:00,-0.042670271143492755
2020-05-29 19:24:00,-0.09858535571407856
2020-05-29 19:27:00,-0.05689390895093993
2020-05-29 19:30:00,-0.0016288931332155698
2020-05-29 19:33:00,0.010481906389770757
2020-05-29 19:36:00,-0.0757562904912561
2020-05-29 19:39:00,-0.10065751545766943
2020-05-29 19:42:00,-0.06628562324800669
2020-05-29 19:45:00,-0.0356901347256553
2020-05-29 19:48:00,-0.011585514252317353
2020-05-29 19:51:00,-0.031994697618699774
2020-05-29 19:54:00,-0.01574175340618922
2020-05-29 19:57:00,0.03938348770475386
2020-05-29 20:00:00,-0.0943838737372289
2020-05-29 20:03:00,0.010704556968164525
2020-05-29 20:06:00,-0.028817240958289858
2020-05-29 20:09:00,-0.06088837054181795
2020-05-29 20:12:00,0.027740063148485206
2020-05-29 20:15:00,-0.02389483152876437
2020-05-29 20:18:00,-0.01205814962037266
2020-05-29 20:21:00,-3.838025571667458e-05
2020-05-29 20:24:00,0.0023882541361786025
2020-05-29 20:27:00,0.011109327647375267
2020-05-29 20:30:00,0.09566327019751952
2020-05-29 20:33:00,-0.016261449620230906
2020-05-29 20:36:00,-0.045669163875345475
2020-05-29 20:39:00,0.00026649740613038375
2020-05-29 20:42:00,0.05226821167445905
2020-05-29 20:45:00,0.0634435308491561
2020-05-29 20:48:00,0.009292793453141712
2020-05-29 20:51:00,0.05572347371884234
2020-05-29 20:54:00,0.0074601103842724115
2020-05-29 20:57:00,0.07387644540921201
2020-05-29 21:00:00,0.025106868429702445
2020-05-29 21:03:00,0.043995746681275705
2020-05-29 21:06:00,0.08631337895451452
2020-05-29 21:09:00,0.11406684194469108
2020-05-29 21:12:00,0.12153923314303938
2020-05-29 21:15:00,0.02959123405696573
2020-05-29 21:18:00,0.07199315302131026
2020-05-29 21:21:00,0.1382983034291101
2020-05-29 21:24:00,0.11164005105990782
2020-05-29 21:27:00,0.08421173750457456
2020-05-29 21:30:00,0.06767446320782255
2020-05-29 21:33:00,0.023153706437540222
2020-05-29 21:36:00,0.01959992460314197
2020-05-29 21:39:00,0.05717538417155765
2020-05-29 21:42:00,-0.012642821938527504
2020-05-29 21:45:00,0.07885207365671931
2020-05-29 21:48:00,0.14797954844556216
2020-05-29 21:51:00,0.11241072054843926
2020-05-29 21:54:00,0.0863428978614138
2020-05-29 21:57:00,0.1320237598142171
2020-05-29 22:00:00,0.17643082185827552
2020-05-29 22:03:00,0.14826567750867525
2020-05-29 22:06:00,0.12951525103090944
2020-05-29 22:09:00,0.16804530748009938
2020-05-29 22:12:00,0.14318712239833076
2020-05-29 22:15:00,0.1396399812163054
2020-05-29 22:18:00,0.10040383108662354
2020-05-29 22:21:00,0.11430861238346779
2020-05-29 22:24:00,0.2898222602595979
2020-05-29 22:27:00,0.17589791552012457
2020-05-29 22:30:00,0.17655039471202372
2020-05-29 22:33:00,0.18469499924577804
2020-05-29 22:36:00,0.18391825506319037
2020-05-29 22:39:00,0.34715695092211263
2020-05-29 22:42:00,0.19240172063553018
2020-05-29 22:45:00,0.27441917298290264
2020-05-29 22:48:00,0.2878398221268412
2020-05-29 22:51:00,0.29918369212231255
2020-05-29 22:54:00,0.23762247888367938
2020-05-29 22:57:00,0.337911707506521
2020-05-29 23:00:00,0.33091819593425953
2020-05-29 23:03:00,0.28933767046299863
2020-05-29 23:06:00,0.3600816464054333
2020-05-29 23:09:00,0.41335645737422055
2020-05-29 23:12:00,0.36333176798240174
2020-05-29 23:15:00,0.38187354736277257
2020-05-29 23:18:00,0.3478939376975063
2020-05-29 23:21:00,0.5108379152056273
2020-05-29 23:24:00,0.5028451049789169
2020-05-29 23:27:00,0.44632045042402524
2020-05-29 23:30:00,0.4900667311191569
2020-05-29 23:33:00,0.4764617057162468
2020-05-29 23:36:00,0.41604551161697145
2020-05-29 23:39:00,0.4166313965499171
2020-05-29 23:42:00,0.29797541022594487
2020-05-29 23:45:00,0.30955992261095844
2020-05-29 23:48:00,0.2599889557204733
2020-05-29 23:51:00,0.2253795404483867
2020-05-29 23:54:00,0.3633629593797423
2020-05-29 23:57:00,0.3661276158290434
2020-05-30 00:00:00,0.3835757491514187
2020-05-30 00:03:00,0.3819122031267739
2020-05-30 00:06:00,0.41395714752377444
2020-05-30 00:09:00,0.4695591048333654
2020-05-30 00:12:00,0.5019398836704454
2020-05-30 00:15:00,0.49833486678670624
2020-05-30 00:18:00,0.3612987685694975
2020-05-30 00:21:00,0.49236627840429037
2020-05-30 00:24:00,0.3557937242678122
2020-05-30 00:27:00,0.4135392032568461
2020-05-30 00:30:00,0.43305589071570694
2020-05-30 00:33:00,0.36186479283867357
2020-05-30 00:36:00,0.432258481999213
2020-05-30 00:39:00,0.38961278243886
2020-05-30 00:42:00,0.34489111078630685
2020-05-30 00:45:00,0.2950657856581529
2020-05-30 00:48:00,0.29724835890630175
2020-05-30 00:51:00,0.2622704421397657
2020-05-30 00:54:00,0.2530558868477897
2020-05-30 00:57:00,0.33685532534553886
2020-05-30 01:00:00,0.3509142471767177
2020-05-30 01:03:00,0.3404576335001366
2020-05-30 01:06:00,0.3683867486863619
2020-05-30 01:09:00,0.4102557086094407
2020-05-30 01:12:00,0.33823678176133853
2020-05-30 01:15:00,0.4241922135572054
2020-05-30 01:18:00,0.37093355275118256
2020-05-30 01:21:00,0.3326237875441507
2020-05-30 01:24:00,0.30146556002245006
2020-05-30 01:27:00,0.3379381925230973
2020-05-30 01:30:00,0.39597899904231326
2020-05-30 01:33:00,0.5471815908617259
2020-05-30 01:36:00,0.4950546860411009
2020-05-30 01:39:00,0.49525983119394823
2020-05-30 01:42:00,0.4731835786459442
2020-05-30 01:45:00,0.6016461792794985
2020-05-30 01:48:00,0.4821869790679898
2020-05-30 01:51:00,0.44293475647600644
2020-05-30 01:54:00,0.4694978742500666
2020-05-30 01:57:00,0.4580158715540392
2020-05-30 02:00:00,0.5419735663037386
2020-05-30 02:03:00,0.49624034140776985
2020-05-30 02:06:00,0.34422181495699533
2020-05-30 02:09:00,0.407653806443534
2020-05-30 02:12:00,0.44149209047213844
2020-05-30 02:15:00,0.46404281825181215
2020-05-30 02:18:00,0.3789276152638763
2020-05-30 02:21:00,0.3384683264110322
2020-05-30 02:24:00,0.3815277492514042
2020-05-30 02:27:00,0.31904531202013686
2020-05-30 02:30:00,0.3568455285973755
2020-05-30 02:33:00,0.3492988004141466
2020-05-30 02:36:00,0.27753199899331094
2020-05-30 02:39:00,0.3529223329906017
2020-05-30 02:42:00,0.2875192196139551
2020-05-30 02:45:00,0.4028898027686978
2020-05-30 02:48:00,0.40534975674592033
2020-05-30 02:51:00,0.3156068375776613
2020-05-30 02:54:00,0.46926942815565553
2020-05-30 02:57:00,0.3076922035370444
2020-05-30 03:00:00,0.3490377011460737
2020-05-30 03:03:00,0.2593528284756417
2020-05-30 03:06:00,0.35296482288163133
2020-05-30 03:09:00,0.26472701731904635
2020-05-30 03:12:00,0.2383663557796467
2020-05-30 03:15:00,0.2146219054714038
2020-05-30 03:18:00,0.27434387973283947
2020-05-30 03:21:00,0.21608762823359484
2020-05-30 03:24:00,0.23504777147815048
2020-05-30 03:27:00,0.3482420865246354
2020-05-30 03:30:00,0.30919544093677587
2020-05-30 03:33:00,0.2975235346536351
2020-05-30 03:36:00,0.27233333167146156
2020-05-30 03:39:00,0.2540375978924203
2020-05-30 03:42:00,0.32208665881273646
2020-05-30 03:45:00,0.20429126364473404
2020-05-30 03:48:00,0.3156191805435924
2020-05-30 03:51:00,0.32979497691047754
2020-05-30 03:54:00,0.4053710002296498
2020-05-30 03:57:00,0.45887061083533354
2020-05-30 04:00:00,0.335762796361621
2020-05-30 04:03:00,0.3452293247536886
2020-05-30 04:06:00,0.31389126620842944
2020-05-30 04:09:00,0.34891560588420134
2020-05-30 04:12:00,0.3637763107656724
2020-05-30 04:15:00,0.2741509165303455
2020-05-30 04:18:00,0.20853800214706553
2020-05-30 04:21:00,0.19638246157927597
2020-05-30 04:24:00,0.24035907459983719
2020-05-30 04:27:00,0.3056557389897421
2020-05-30 04:30:00,0.2919724716964538
2020-05-30 04:33:00,0.3124758748145382
2020-05-30 04:36:00,0.2519465436786277
2020-05-30 04:39:00,0.31333596589519175
2020-05-30 04:42:00,0.3540609604664269
2020-05-30 04:45:00,0.325292490918514
2020-05-30 04:48:00,0.35217551132637936
2020-05-30 04:51:00,0.33439696710240696
2020-05-30 04:54:00,0.40664692119480605
2020-05-30 04:57:00,0.5891464180208459
2020-05-30 05:00:00,0.5743940264845264
2020-05-30 05:03:00,0.6099078361049237
2020-05-30 05:06:00,0.6331143596084416
2020-05-30 05:09:00,0.6666254859488276
2020-05-30 05:12:00,0.7708044906053146
2020-05-30 05:15:00,0.6276027267209656
2020-05-30 05:18:00,0.5191131318807152
2020-05-30 05:21:00,0.4265519038721095
2020-05-30 05:24:00,0.5680973890345058
2020-05-30 05:27:00,0.5504442592524583
2020-05-30 05:30:00,0.41028146745992444
2020-05-30 05:33:00,0.5310201332842439
2020-05-30 05:36:00,0.5047672032123387
2020-05-30 05:39:00,0.4529744268866125
2020-05-30 05:42:00,0.47072038356765233
2020-05-30 05:45:00,0.5758903810902893
2020-05-30 05:48:00,0.5310563700350031
2020-05-30 05:51:00,0.5359196707901788
2020-05-30 05:54:00,0.5094811829509354
2020-05-30 05:57:00,0.5258226581021859
2020-05-30 06:00:00,0.4550160580741931
2020-05-30 06:03:00,0.4274718015225858
2020-05-30 06:06:00,0.3911435448102907
2020-05-30 06:09:00,0.39837814272215155
2020-05-30 06:12:00,0.39062946108964525
2020-05-30 06:15:00,0.3554277086769275
2020-05-30 06:18:00,0.2704308373207027
2020-05-30 06:21:00,0.3598930023378557
2020-05-30 06:24:00,0.21011276123579137
2020-05-30 06:27:00,0.3538865478561206
2020-05-30 06:30:00,0.3842841908492005
2020-05-30 06:33:00,0.2995324363732834
2020-05-30 06:36:00,0.2819009971560149
2020-05-30 06:39:00,0.3387353917843825
2020-05-30 06:42:00,0.31067850470469693
2020-05-30 06:45:00,0.5572636218805087
2020-05-30 06:48:00,0.6162121143494232
2020-05-30 06:51:00,0.5464827143531465
2020-05-30 06:54:00,0.7192414298521612
2020-05-30 06:57:00,0.7093115462664059
2020-05-30 07:00:00,0.6857327444137695
2020-05-30 07:03:00,0.7491375517226402
2020-05-30 07:06:00,0.6799269212289687
2020-05-30 07:09:00,0.6419554868376736
2020-05-30 07:12:00,0.6913168646952954
2020-05-30 07:15:00,0.6105298317567076
2020-05-30 07:18:00,0.5556619112404064
2020-05-30 07:21:00,0.4557256174164195
2020-05-30 07:24:00,0.5092237832626552
2020-05-30 07:27:00,0.447035874937626
2020-05-30 07:30:00,0.49863076147261154
2020-05-30 07:33:00,0.5159632322189509
2020-05-30 07:36:00,0.4865558769863014
2020-05-30 07:39:00,0.5616643458764088
2020-05-30 07:42:00,0.4534056829405131
2020-05-30 07:45:00,0.41581657800060157
2020-05-30 07:48:00,0.38742872039148324
2020-05-30 07:51:00,0.32188955624968685
2020-05-30 07:54:00,0.4130130653504125
2020-05-30 07:57:00,0.36754753479931423
2020-05-30 08:00:00,0.41739296599325826
2020-05-30 08:03:00,0.4566151811229133
2020-05-30 08:06:00,0.5659772057916825
2020-05-30 08:09:00,0.6466940054581869
2020-05-30 08:12:00,0.6421152421012835
2020-05-30 08:15:00,0.6688484737652516
2020-05-30 08:18:00,0.713804037118166
2020-05-30 08:21:00,0.7151226672334587
2020-05-30 08:24:00,0.783201153350376
2020-05-30 08:27:00,0.7748311681919517
2020-05-30 08:30:00,0.835113322919085
2020-05-30 08:33:00,0.7680176417669031
2020-05-30 08:36:00,0.7135248234213236
2020-05-30 08:39:00,0.6920498276770672
2020-05-30 08:42:00,0.7531773995347635
2020-05-30 08:45:00,0.6837622393234142
2020-05-30 08:48:00,0.6675283381474628
2020-05-30 08:51:00,0.633285470906003
2020-05-30 08:54:00,0.6521126242901119
2020-05-30 08:57:00,0.6449365467054236
2020-05-30 09:00:00,0.5920173070401233
2020-05-30 09:03:00,0.4852880689630865
2020-05-30 09:06:00,0.469941524158628
2020-05-30 09:09:00,0.4217375841964781
2020-05-30 09:12:00,0.4040565063013446
2020-05-30 09:15:00,0.3836138261676183
2020-05-30 09:18:00,0.4147879566973529
2020-05-30 09:21:00,0.4808440667653713
2020-05-30 09:24:00,0.3284417777008457
2020-05-30 09:27:00,0.1447220405429448
2020-05-30 09:30:00,0.20811990549208303
2020-05-30 09:33:00,0.2874847240240683
2020-05-30 09:36:00,0.469098489091607
2020-05-30 09:39:00,0.46475973298908
2020-05-30 09:42:00,0.42958825943236434
2020-05-30 09:45:00,0.31728806967134915
2020-05-30 09:48:00,0.3342597359365982
2020-05-30 09:51:00,0.30517291846382477
2020-05-30 09:54:00,0.18258569600459396
2020-05-30 09:57:00,0.13029690330728272
2020-05-30 10:00:00,0.15072766689627315
2020-05-30 10:03:00,0.2042345348124286
2020-05-30 10:06:00,0.3158347807967061
2020-05-30 10:09:00,0.24465576713606652
2020-05-30 10:12:00,0.30440472507228833
2020-05-30 10:15:00,0.2779142113363946
2020-05-30 10:18:00,0.38043661394408446
2020-05-30 10:21:00,0.3807821433643994
2020-05-30 10:24:00,0.4652596417817563
2020-05-30 10:27:00,0.38791911398084267
2020-05-30 10:30:00,0.45723660826240575
2020-05-30 10:33:00,0.43927240446595306
2020-05-30 10:36:00,0.3608686898298856
2020-05-30 10:39:00,0.3921774951422208
2020-05-30 10:42:00,0.5585690076810579
2020-05-30 10:45:00,0.5572730649594178
2020-05-30 10:48:00,0.45688896255012423
2020-05-30 10:51:00,0.39965204479528893
2020-05-30 10:54:00,0.43090123297025684
2020-05-30 10:57:00,0.409405075316954
2020-05-30 11:00:00,0.4790703787592747
2020-05-30 11:03:00,0.4383509296182524
2020-05-30 11:06:00,0.4203743217894953
2020-05-30 11:09:00,0.4346035980919396
2020-05-30 11:12:00,0.3348173040557185
2020-05-30 11:15:00,0.34410296816332675
2020-05-30 11:18:00,0.321360310280852
2020-05-30 11:21:00,0.41203399778618177
2020-05-30 11:24:00,0.3844300090269144
2020-05-30 11:27:00,0.3691441904311432
2020-05-30 11:30:00,0.3106992375049913
2020-05-30 11:33:00,0.36153674485109377
2020-05-30 11:36:00,0.27978571074675074
2020-05-30 11:39:00,0.2758823592833437
2020-05-30 11:42:00,0.24011195772806104
2020-05-30 11:45:00,0.29729795991192987
2020-05-30 11:48:00,0.25057336933605256
2020-05-30 11:51:00,0.3130781690202298
2020-05-30 11:54:00,0.2937332492925293
2020-05-30 11:57:00,0.37076718337237935
2020-05-30 12:00:00,0.32455956066314684
2020-05-30 12:03:00,0.30563990387560125
2020-05-30 12:06:00,0.3592854896414224
2020-05-30 12:09:00,0.3079718413924297
2020-05-30 12:12:00,0.419817015272713
2020-05-30 12:15:00,0.41367554850944543
2020-05-30 12:18:00,0.35998096573098337
2020-05-30 12:21:00,0.36090913017284265
2020-05-30 12:24:00,0.3486098949557572
2020-05-30 12:27:00,0.39840638705152287
2020-05-30 12:30:00,0.3316306714875168
2020-05-30 12:33:00,0.2823959304928394
2020-05-30 12:36:00,0.28668153292358056
2020-05-30 12:39:00,0.37374943006483363
2020-05-30 12:42:00,0.24124664767799686
2020-05-30 12:45:00,0.27998082280333847
2020-05-30 12:48:00,0.2946379545650757
2020-05-30 12:51:00,0.21264297871584859
2020-05-30 12:54:00,0.2370697933140491
2020-05-30 12:57:00,0.28929463111307996
2020-05-30 13:00:00,0.26352184432801096
2020-05-30 13:03:00,0.2029427507678747
2020-05-30 13:06:00,0.1887212462714274
2020-05-30 13:09:00,0.22287509289390073
2020-05-30 13:12:00,0.25170537363140966
2020-05-30 13:15:00,0.2765779702554596
2020-05-30 13:18:00,0.2986133234838917
2020-05-30 13:21:00,0.29394834932639924
2020-05-30 13:24:00,0.2418322610660084
2020-05-30 13:27:00,0.3511743714394697
2020-05-30 13:30:00,0.29795251126228095
2020-05-30 13:33:00,0.26984834868443386
2020-05-30 13:36:00,0.27667932928596883
2020-05-30 13:39:00,0.3352094860240413
2020-05-30 13:42:00,0.4471990887147399
2020-05-30 13:45:00,0.4331982367251612
2020-05-30 13:48:00,0.337296434221912
2020-05-30 13:51:00,0.3837101071973166
2020-05-30 13:54:00,0.3411115131002589
2020-05-30 13:57:00,0.3447372486504605
2020-05-30 14:00:00,0.23770573894154268
2020-05-30 14:03:00,0.2648963357625007
2020-05-30 14:06:00,0.2871658044659853
2020-05-30 14:09:00,0.35041080440754513
2020-05-30 14:12:00,0.277363126818841
2020-05-30 14:15:00,0.27696055084970794
2020-05-30 14:18:00,0.32281354618555724
2020-05-30 14:21:00,0.3283185542518936
2020-05-30 14:24:00,0.24164671988859254
2020-05-30 14:27:00,0.3645877362024521
2020-05-30 14:30:00,0.29230579425751557
2020-05-30 14:33:00,0.22747694080339897
2020-05-30 14:36:00,0.2255460792017061
2020-05-30 14:39:00,0.24712663767689946
2020-05-30 14:42:00,0.21194980978947342
2020-05-30 14:45:00,0.2423675264233225
2020-05-30 14:48:00,0.1407345371858355
2020-05-30 14:51:00,0.2659308923828121
2020-05-30 14:54:00,0.21181636196206455
2020-05-30 14:57:00,0.267671368988772
2020-05-30 15:00:00,0.19514299167349236
2020-05-30 15:03:00,0.049276912092238945
2020-05-30 15:06:00,0.14794288746645634
2020-05-30 15:09:00,0.17753135374783824
2020-05-30 15:12:00,0.07608921974576788
2020-05-30 15:15:00,0.13630901304986764
2020-05-30 15:18:00,0.16931252172804534
2020-05-30 15:21:00,0.017063833454812993
2020-05-30 15:24:00,0.05926309366412852
2020-05-30 15:27:00,0.11706973186130654
2020-05-30 15:30:00,0.04319789429763432
2020-05-30 15:33:00,0.050411008749506436
2020-05-30 15:36:00,0.06377303867225237
2020-05-30 15:39:00,0.0970232711165977
2020-05-30 15:42:00,-0.11355534111902443
2020-05-30 15:45:00,0.04971254921036916
2020-05-30 15:48:00,0.05389471587164962
2020-05-30 15:51:00,0.036040990911146764
2020-05-30 15:54:00,0.025078890995814618
2020-05-30 15:57:00,-0.04763585669132908
2020-05-30 16:00:00,0.05583037755627629
2020-05-30 16:03:00,0.013095887657129879
2020-05-30 16:06:00,-0.04115944864730636
2020-05-30 16:09:00,-0.08878543278410689
2020-05-30 16:12:00,-0.08026482065491791
2020-05-30 16:15:00,-0.06911712515926638
2020-05-30 16:18:00,0.017384592430232715
2020-05-30 16:21:00,-0.09704531567592767
2020-05-30 16:24:00,-0.139502941661533
2020-05-30 16:27:00,-0.05286350986591515
2020-05-30 16:30:00,-0.09400316423977984
2020-05-30 16:33:00,-0.11539702093028836
2020-05-30 16:36:00,-0.05583415381698842
2020-05-30 16:39:00,-0.12407653083630521
2020-05-30 16:42:00,-0.1825626321868299
2020-05-30 16:45:00,-0.05918995723726539
2020-05-30 16:48:00,-0.2561873687587308
2020-05-30 16:51:00,-0.18841440742181703
2020-05-30 16:54:00,-0.19941852482139666
2020-05-30 16:57:00,-0.11439359324913312
2020-05-30 17:00:00,-0.1820568450395399
2020-05-30 17:03:00,-0.22658218680572872
2020-05-30 17:06:00,-0.18398884889882083
2020-05-30 17:09:00,-0.17705904097061875
2020-05-30 17:12:00,-0.22442126344719782
2020-05-30 17:15:00,-0.18715426454542694
2020-05-30 17:18:00,-0.18503983091704868
2020-05-30 17:21:00,-0.15684475716193447
2020-05-30 17:24:00,-0.23088106936114627
2020-05-30 17:27:00,-0.12052185700702012
2020-05-30 17:30:00,-0.16922482060044786
2020-05-30 17:33:00,-0.17258869037004843
2020-05-30 17:36:00,-0.1826810649729964
2020-05-30 17:39:00,-0.1533823568237267
2020-05-30 17:42:00,-0.17033724403762562
2020-05-30 17:45:00,-0.15989464784888696
2020-05-30 17:48:00,-0.20715431793195194
2020-05-30 17:51:00,-0.2286926304191752
2020-05-30 17:54:00,-0.09658847093868417
2020-05-30 17:57:00,-0.1695053587026223
2020-05-30 18:00:00,-0.17583004477415898
2020-05-30 18:03:00,-0.1847760187920926
2020-05-30 18:06:00,-0.19401419883575954
2020-05-30 18:09:00,-0.12617941171708935
2020-05-30 18:12:00,-0.04407318668467042
2020-05-30 18:15:00,-0.14449383516961234
2020-05-30 18:18:00,-0.12018041455110051
2020-05-30 18:21:00,-0.02048877614140565
2020-05-30 18:24:00,-0.07754986946184772
2020-05-30 18:27:00,-0.09874023780281505
2020-05-30 18:30:00,-0.1502720682477161
2020-05-30 18:33:00,-0.0672069805797264
2020-05-30 18:36:00,-0.01451249379130104
2020-05-30 18:39:00,-0.035571398562353806
2020-05-30 18:42:00,-0.059783550328404544
2020-05-30 18:45:00,-0.0239166253223857
2020-05-30 18:48:00,0.03403154912257378
2020-05-30 18:51:00,0.04294706151296168
2020-05-30 18:54:00,
2020-05-30 18:57:00,
2020-05-30 19:00:00,
2020-05-30 19:03:00,0.11147339690211311
2020-05-30 19:06:00,0.0517758403091193
2020-05-30 19:09:00,0.11495246395571712
2020-05-30 19:12:00,0.12619715277548949
2020-05-30 19:15:00,0.09779248960074938
2020-05-30 19:18:00,0.054376798544240046
2020-05-30 19:21:00,0.111039070284221
2020-05-30 19:24:00,0.05612978962108173
2020-05-30 19:27:00,0.11825171644619559
2020-05-30 19:30:00,0.092989687334466
2020-05-30 19:33:00,0.26235049784435205
2020-05-30 19:36:00,0.1744423002569988
2020-05-30 19:39:00,0.1763675509507152
2020-05-30 19:42:00,0.11731189024578725
2020-05-30 19:45:00,0.01919096771172235
2020-05-30 19:48:00,0.15119919710303975
2020-05-30 19:51:00,0.09640617324185996
2020-05-30 19:54:00,-0.0004105750484768578
2020-05-30 19:57:00,0.04570643898688331
2020-05-30 20:00:00,0.038322379252065275
2020-05-30 20:03:00,0.05014514257283054
2020-05-30 20:06:00,0.07317040785414974
2020-05-30 20:09:00,0.035456301446572525
2020-05-30 20:12:00,0.19171488807097603
2020-05-30 20:15:00,0.10821614578384242
2020-05-30 20:18:00,0.18981509064730062
2020-05-30 20:21:00,0.17550033673916232
2020-05-30 20:24:00,0.19720823706126112
2020-05-30 20:27:00,0.27166916023998056
2020-05-30 20:30:00,0.3268514714891353
2020-05-30 20:33:00,0.41838262741293875
2020-05-30 20:36:00,0.3930149579809381
2020-05-30 20:39:00,0.3756502967868869
2020-05-30 20:42:00,0.4434195969231496
2020-05-30 20:45:00,0.45336022427738953
2020-05-30 20:48:00,0.43684383254196746
2020-05-30 20:51:00,0.5099267173212638
2020-05-30 20:54:00,0.4507774249234444
2020-05-30 20:57:00,0.39899001327660244
2020-05-30 21:00:00,0.24951599711243944
2020-05-30 21:03:00,0.22895435513720486
2020-05-30 21:06:00,0.18486519044080296
2020-05-30 21:09:00,0.25397578512951213
2020-05-30 21:12:00,0.23300603012506826
2020-05-30 21:15:00,0.11642502934029153
2020-05-30 21:18:00,0.08668964512600041
2020-05-30 21:21:00,0.27111628236576735
2020-05-30 21:24:00,0.17370240429499972
2020-05-30 21:27:00,0.3087744640756114
2020-05-30 21:30:00,0.30334674592876354
2020-05-30 21:33:00,0.4434912852688626
2020-05-30 21:36:00,0.41220875090863274
2020-05-30 21:39:00,0.5367760013400584
2020-05-30 21:42:00,0.49846657966378416
2020-05-30 21:45:00,0.4267170567149492
2020-05-30 21:48:00,0.4742649005042381
2020-05-30 21:51:00,0.5713520387673725
2020-05-30 21:54:00,0.49601536032167814
2020-05-30 21:57:00,0.5590619124853333
2020-05-30 22:00:00,0.46497049935368295
2020-05-30 22:03:00,0.4367132585953186
2020-05-30 22:06:00,0.384666183845809
2020-05-30 22:09:00,0.2758974677782362
2020-05-30 22:12:00,0.3249746121534258
2020-05-30 22:15:00,0.4012749470211361
2020-05-30 22:18:00,0.4798130322350289
2020-05-30 22:21:00,0.38688012753522116
2020-05-30 22:24:00,0.3107258112191289
2020-05-30 22:27:00,0.2892346985719314
2020-05-30 22:30:00,0.32260730396512827
2020-05-30 22:33:00,0.2739745528126605
2020-05-30 22:36:00,0.25793285163234714
2020-05-30 22:39:00,0.2657019997334942
2020-05-30 22:42:00,0.19807088972203246
2020-05-30 22:45:00,0.32555142703773754
2020-05-30 22:48:00,0.3396482600719537
2020-05-30 22:51:00,0.2942782205267349
2020-05-30 22:54:00,0.3998044118533244
2020-05-30 22:57:00,0.3495653732425126
2020-05-30 23:00:00,0.2813341164794565
2020-05-30 23:03:00,0.30352129463750543
2020-05-30 23:06:00,0.20330738515411895
2020-05-30 23:09:00,0.2510785581318373
2020-05-30 23:12:00,0.21695302821109408
2020-05-30 23:15:00,0.11459348432504157
2020-05-30 23:18:00,0.28609137285843644
2020-05-30 23:21:00,0.23246915641220767
2020-05-30 23:24:00,0.2803218864743826
2020-05-30 23:27:00,0.21626814245172454
2020-05-30 23:30:00,0.26355368359207887
2020-05-30 23:33:00,0.129446984962442
2020-05-30 23:36:00,0.4033869902058882
2020-05-30 23:39:00,0.49898050746753597
2020-05-30 23:42:00,0.5738363471679122
2020-05-30 23:45:00,0.6713231710035075
2020-05-30 23:48:00,0.6414910270419227
2020-05-30 23:51:00,0.5735386073164364
2020-05-30 23:54:00,0.6099251517055677
2020-05-30 23:57:00,0.6397450780272038
2020-05-31 00:00:00,0.5797693992174118
2020-05-31 00:03:00,0.49273661216972187
2020-05-31 00:06:00,0.505185394762691
2020-05-31 00:09:00,0.5322831206950696
2020-05-31 00:12:00,0.45444004562619966
2020-05-31 00:15:00,0.3879417625560677
2020-05-31 00:18:00,0.3621179277707256
2020-05-31 00:21:00,0.35847987197513476
2020-05-31 00:24:00,0.347121388394271
2020-05-31 00:27:00,0.33705046071543165
2020-05-31 00:30:00,0.24252596059858433
2020-05-31 00:33:00,0.2777124326673288
2020-05-31 00:36:00,0.36867004997213826
2020-05-31 00:39:00,0.386291889624772
2020-05-31 00:42:00,0.32576512121119094
2020-05-31 00:45:00,0.37224625245198695
2020-05-31 00:48:00,0.32441019251371017
2020-05-31 00:51:00,0.32287626977353057
2020-05-31 00:54:00,0.3100897813545771
2020-05-31 00:57:00,0.27860533253158337
2020-05-31 01:00:00,0.38229407252276815
2020-05-31 01:03:00,0.35597440866058605
2020-05-31 01:06:00,0.3505531537861657
2020-05-31 01:09:00,0.33648215700327455
2020-05-31 01:12:00,0.3081392524634339
2020-05-31 01:15:00,0.2746300473557426
2020-05-31 01:18:00,0.35376483972703454
2020-05-31 01:21:00,0.3650194086306442
2020-05-31 01:24:00,0.2982552127049303
2020-05-31 01:27:00,0.27855771771658056
2020-05-31 01:30:00,0.3197621635784458
2020-05-31 01:33:00,0.43949552440147954
2020-05-31 01:36:00,0.3211402753336756
2020-05-31 01:39:00,0.33581692752187564
2020-05-31 01:42:00,0.3509960745286662
2020-05-31 01:45:00,0.41961207309964266
2020-05-31 01:48:00,0.42768560029503533
2020-05-31 01:51:00,0.4149365895318624
2020-05-31 01:54:00,0.27131349595589427
2020-05-31 01:57:00,0.29754420658622394
2020-05-31 02:00:00,0.42449657616555214
2020-05-31 02:03:00,0.3833614294522363
2020-05-31 02:06:00,0.49730134101389467
2020-05-31 02:09:00,0.3509710302432154
2020-05-31 02:12:00,0.3081898123387532
2020-05-31 02:15:00,0.3587701955103171
2020-05-31 02:18:00,0.30819817762795765
2020-05-31 02:21:00,0.29797322140035476
2020-05-31 02:24:00,0.375326728763298
2020-05-31 02:27:00,0.29227774759016256
2020-05-31 02:30:00,0.3490656032315087
2020-05-31 02:33:00,0.35105489883926566
2020-05-31 02:36:00,0.3103340273611366
2020-05-31 02:39:00,0.3407325710072655
2020-05-31 02:42:00,0.31330363627716906
2020-05-31 02:45:00,0.32910635062944493
2020-05-31 02:48:00,0.3770651945264376
2020-05-31 02:51:00,0.3354794234165297
2020-05-31 02:54:00,0.34797934671126995
2020-05-31 02:57:00,0.3609371260707235
2020-05-31 03:00:00,0.45425271025015945
2020-05-31 03:03:00,0.33980238676406316
2020-05-31 03:06:00,0.3374811403004969
2020-05-31 03:09:00,0.37649408561946984
2020-05-31 03:12:00,0.3891136561376243
2020-05-31 03:15:00,0.36684582036861
2020-05-31 03:18:00,0.42501482599607243
2020-05-31 03:21:00,0.32720700360761157
2020-05-31 03:24:00,0.3919541810670353
2020-05-31 03:27:00,0.37220104940803367
2020-05-31 03:30:00,0.3471887371521234
2020-05-31 03:33:00,0.336906071118392
2020-05-31 03:36:00,0.3105002879599965
2020-05-31 03:39:00,0.41688767492644274
2020-05-31 03:42:00,0.33235718528294456
2020-05-31 03:45:00,0.4370180698335844
2020-05-31 03:48:00,0.3394834200604464
2020-05-31 03:51:00,0.4790508993678486
2020-05-31 03:54:00,0.3019635903947915
2020-05-31 03:57:00,0.38577703829344046
2020-05-31 04:00:00,0.3301726829586755
2020-05-31 04:03:00,0.3149276627477775
2020-05-31 04:06:00,0.34239598555734574
2020-05-31 04:09:00,0.36183574951087394
2020-05-31 04:12:00,0.3613795119311476
2020-05-31 04:15:00,0.40048060203906743
2020-05-31 04:18:00,0.257335304443302
2020-05-31 04:21:00,0.4034551384537508
2020-05-31 04:24:00,0.29153138569739667
2020-05-31 04:27:00,0.26717492739788895
2020-05-31 04:30:00,0.4164103958693204
2020-05-31 04:33:00,0.34414304470732304
2020-05-31 04:36:00,0.4238813435878228
2020-05-31 04:39:00,0.4143250133204788
2020-05-31 04:42:00,0.36570975605951617
2020-05-31 04:45:00,0.36771262362265134
2020-05-31 04:48:00,0.39115478652610136
2020-05-31 04:51:00,0.2849293756677298
2020-05-31 04:54:00,0.3051547355469211
2020-05-31 04:57:00,0.2742551643099773
2020-05-31 05:00:00,0.3385536351296423
2020-05-31 05:03:00,0.37642478860169604
2020-05-31 05:06:00,0.4034736967732897
2020-05-31 05:09:00,0.317288044251427
2020-05-31 05:12:00,0.29143643305764044
2020-05-31 05:15:00,0.29260970079502613
2020-05-31 05:18:00,0.36789794478045224
2020-05-31 05:21:00,0.35664387158703903
2020-05-31 05:24:00,0.34783542874589557
2020-05-31 05:27:00,0.3425061997655803
2020-05-31 05:30:00,0.3601900060833714
2020-05-31 05:33:00,0.35749558334941867
2020-05-31 05:36:00,0.41755619910622954
2020-05-31 05:39:00,0.36535706200038476
2020-05-31 05:42:00,0.3675958679297082
2020-05-31 05:45:00,0.3187782726474211
2020-05-31 05:48:00,0.2965494739872838
2020-05-31 05:51:00,0.27346512299357073
2020-05-31 05:54:00,0.3934778542584354
2020-05-31 05:57:00,0.4546248453040107
2020-05-31 06:00:00,0.407816145975346
2020-05-31 06:03:00,0.411205908940417
2020-05-31 06:06:00,0.3277797308531376
2020-05-31 06:09:00,0.4144953089063961
2020-05-31 06:12:00,0.336199769864038
2020-05-31 06:15:00,0.3269238478766283
2020-05-31 06:18:00,0.38553818290210984
2020-05-31 06:21:00,0.3543863278879371
2020-05-31 06:24:00,0.3903063870720871
2020-05-31 06:27:00,0.3933571018657176
2020-05-31 06:30:00,0.3853359821903837
2020-05-31 06:33:00,0.3940699833589747
2020-05-31 06:36:00,0.29603257830399343
2020-05-31 06:39:00,0.37565145499769415
2020-05-31 06:42:00,0.4261652374149776
2020-05-31 06:45:00,0.4118983895850761
2020-05-31 06:48:00,0.43328770791720217
2020-05-31 06:51:00,0.3419876145931653
2020-05-31 06:54:00,0.27972101378747993
2020-05-31 06:57:00,0.4052919209671586
2020-05-31 07:00:00,0.3787471005580869
2020-05-31 07:03:00,0.34866175978663705
2020-05-31 07:06:00,0.38720461682885343
2020-05-31 07:09:00,0.3299423297904127
2020-05-31 07:12:00,0.36725864877877257
2020-05-31 07:15:00,0.37557996032467145
2020-05-31 07:18:00,0.5151206526512055
2020-05-31 07:21:00,0.3528605210778437
2020-05-31 07:24:00,0.3977789241798746
2020-05-31 07:27:00,0.32432592858401676
2020-05-31 07:30:00,0.28241575211450254
2020-05-31 07:33:00,0.38588660525647356
2020-05-31 07:36:00,0.33757982797033037
2020-05-31 07:39:00,0.30784041251729377
2020-05-31 07:42:00,0.3657210254713732
2020-05-31 07:45:00,0.3054881616793068
2020-05-31 07:48:00,0.3126864520172603
2020-05-31 07:51:00,0.36281495213518156
2020-05-31 07:54:00,0.38578871578783946
2020-05-31 07:57:00,0.2817195101670791
2020-05-31 08:00:00,0.24492957222349787
2020-05-31 08:03:00,0.4236989599672256
2020-05-31 08:06:00,0.3335380300320594
2020-05-31 08:09:00,0.3664458775994035
2020-05-31 08:12:00,0.3751012868370367
2020-05-31 08:15:00,0.2620684090019836
2020-05-31 08:18:00,0.2929679297963048
2020-05-31 08:21:00,0.3361319732396737
2020-05-31 08:24:00,0.3480747518616454
2020-05-31 08:27:00,0.3004212483896822
2020-05-31 08:30:00,0.3871427194283683
2020-05-31 08:33:00,0.3359720386227423
2020-05-31 08:36:00,0.3502354870106501
2020-05-31 08:39:00,0.3424658733066508
2020-05-31 08:42:00,0.28348516019997305
2020-05-31 08:45:00,0.2656865282856984
2020-05-31 08:48:00,0.21755615686248575
2020-05-31 08:51:00,0.23534531271354808
2020-05-31 08:54:00,0.16736359066413797
2020-05-31 08:57:00,0.245360153871502
2020-05-31 09:00:00,0.21142931297384848
2020-05-31 09:03:00,0.26742169898142265
2020-05-31 09:06:00,0.16862368678664552
2020-05-31 09:09:00,0.2463487047720605
2020-05-31 09:12:00,0.26698937088002594
2020-05-31 09:15:00,0.24865461196884553
2020-05-31 09:18:00,0.24435751946651862
2020-05-31 09:21:00,0.25550810089475817
2020-05-31 09:24:00,0.2792014579496822
2020-05-31 09:27:00,0.24506052923879906
2020-05-31 09:30:00,0.12966120888142996
2020-05-31 09:33:00,0.1777193840349014
2020-05-31 09:36:00,0.15302795322577367
2020-05-31 09:39:00,0.09975304822796716
2020-05-31 09:42:00,0.10810205349719126
2020-05-31 09:45:00,0.0496426657612119
2020-05-31 09:48:00,0.20506643129363056
2020-05-31 09:51:00,0.10446981427975288
2020-05-31 09:54:00,0.17940901190360137
2020-05-31 09:57:00,0.13242757806290228
2020-05-31 10:00:00,0.13202109625819958
2020-05-31 10:03:00,0.15602214635646305
2020-05-31 10:06:00,0.23665703291288764
2020-05-31 10:09:00,0.12897934206063155
2020-05-31 10:12:00,0.060835925716844486
2020-05-31 10:15:00,0.04007325999407385
2020-05-31 10:18:00,0.033143968549438796
2020-05-31 10:21:00,0.06683281176884748
2020-05-31 10:24:00,-0.03944590368479339
2020-05-31 10:27:00,0.007597685164910217
2020-05-31 10:30:00,0.02481511882911036
2020-05-31 10:33:00,-0.025880517092730315
2020-05-31 10:36:00,0.057141644511659706
2020-05-31 10:39:00,0.01779779444819951
2020-05-31 10:42:00,0.0016211418665648125
2020-05-31 10:45:00,-0.057871850096887556
2020-05-31 10:48:00,-0.08854328363639752
2020-05-31 10:51:00,0.08467535880043897
2020-05-31 10:54:00,-0.02587432081696761
2020-05-31 10:57:00,-0.008609833999628336
2020-05-31 11:00:00,-0.06783542997516179
2020-05-31 11:03:00,0.006174389571526717
2020-05-31 11:06:00,0.12213779352691745
2020-05-31 11:09:00,-0.0407543972336839
2020-05-31 11:12:00,-0.009519107074368094
2020-05-31 11:15:00,0.1837844844901042
2020-05-31 11:18:00,0.03623590125124565
2020-05-31 11:21:00,0.20480418897352592
2020-05-31 11:24:00,0.1388837720780316
2020-05-31 11:27:00,0.04761676213468036
2020-05-31 11:30:00,0.049094106658401415
2020-05-31 11:33:00,0.039967677285403624
2020-05-31 11:36:00,-0.0007650891656680869
2020-05-31 11:39:00,-0.019635617756875945
2020-05-31 11:42:00,-0.06940261065852837
2020-05-31 11:45:00,-0.002455897507559257
2020-05-31 11:48:00,-0.10308172952443329
2020-05-31 11:51:00,-0.1089058606151525
2020-05-31 11:54:00,-0.028024352079512482
2020-05-31 11:57:00,-0.023696859095025502
2020-05-31 12:00:00,-0.06382494326550159
2020-05-31 12:03:00,-0.014575041523414711
2020-05-31 12:06:00,-0.03706868956641074
2020-05-31 12:09:00,-0.04846774893843531
2020-05-31 12:12:00,-0.011045172956585247
2020-05-31 12:15:00,-0.0773689037715144
2020-05-31 12:18:00,-0.17770075392536455
2020-05-31 12:21:00,-0.12011790629543384
2020-05-31 12:24:00,-0.10086178150453406
2020-05-31 12:27:00,-0.1270812500058014
2020-05-31 12:30:00,-0.14811679728347826
2020-05-31 12:33:00,-0.14606895944399412
2020-05-31 12:36:00,-0.26262322375180247
2020-05-31 12:39:00,-0.18244379469081196
2020-05-31 12:42:00,-0.19657855858866924
2020-05-31 12:45:00,-0.1699543939917021
2020-05-31 12:48:00,-0.20721794789182013
2020-05-31 12:51:00,-0.10938276896655452
2020-05-31 12:54:00,-0.1892462274399236
2020-05-31 12:57:00,-0.13827677880374267
2020-05-31 13:00:00,-0.04050292274553158
2020-05-31 13:03:00,-0.04650567687787088
2020-05-31 13:06:00,-0.0567900552018159
2020-05-31 13:09:00,-0.16129546355779212
2020-05-31 13:12:00,-0.20826102990196205
2020-05-31 13:15:00,-0.1806195379944029
2020-05-31 13:18:00,-0.1750225962366585
2020-05-31 13:21:00,-0.1956442523013493
2020-05-31 13:24:00,-0.12284809576351563
2020-05-31 13:27:00,-0.2073595736779339
2020-05-31 13:30:00,-0.17508631592960455
2020-05-31 13:33:00,-0.16575243903378123
2020-05-31 13:36:00,-0.1941492615890752
2020-05-31 13:39:00,-0.16462831178193937
2020-05-31 13:42:00,-0.0892205536923143
2020-05-31 13:45:00,-0.06816597327906493
2020-05-31 13:48:00,0.07679307829499749
2020-05-31 13:51:00,0.07940369439137385
2020-05-31 13:54:00,0.02505409131953229
2020-05-31 13:57:00,-0.03342069912389434
2020-05-31 14:00:00,0.08913219883140755
2020-05-31 14:03:00,0.07482974311710677
2020-05-31 14:06:00,-0.05011340687815391
2020-05-31 14:09:00,-0.10069292734527835
2020-05-31 14:12:00,0.07816722346689176
2020-05-31 14:15:00,0.13576068706487376
2020-05-31 14:18:00,0.03443350294935499
2020-05-31 14:21:00,0.18026008576782715
2020-05-31 14:24:00,0.3557927009325681
2020-05-31 14:27:00,0.403481705317688
2020-05-31 14:30:00,0.45022068829632644
2020-05-31 14:33:00,0.21694179155798565
2020-05-31 14:36:00,0.4221237618442615
2020-05-31 14:39:00,0.3261075341526407
2020-05-31 14:42:00,0.1346592455401492
2020-05-31 14:45:00,0.07179222434763233
2020-05-31 14:48:00,0.2390488485943365
2020-05-31 14:51:00,0.17147503094321337
2020-05-31 14:54:00,0.0973031602542278
2020-05-31 14:57:00,0.1503962572970181
2020-05-31 15:00:00,0.16728168598694992
2020-05-31 15:03:00,0.04541026925193137
2020-05-31 15:06:00,0.2379020411680699
2020-05-31 15:09:00,0.2915123826189756
2020-05-31 15:12:00,0.23921069053062638
2020-05-31 15:15:00,0.2478384284082722
2020-05-31 15:18:00,0.3373918060083838
2020-05-31 15:21:00,0.28104742964256957
2020-05-31 15:24:00,0.1444223466425001
2020-05-31 15:27:00,0.1822809907865235
2020-05-31 15:30:00,0.11120368929454116
2020-05-31 15:33:00,0.19421040513344678
2020-05-31 15:36:00,0.14801401094001676
2020-05-31 15:39:00,0.0008167013724573735
2020-05-31 15:42:00,0.07779398134988469
2020-05-31 15:45:00,-0.0550960795468427
2020-05-31 15:48:00,0.0348913721393842
2020-05-31 15:51:00,0.10970339940621443
2020-05-31 15:54:00,0.03720574453285508
2020-05-31 15:57:00,0.045241351840672905
2020-05-31 16:00:00,-0.03877817224076807
2020-05-31 16:03:00,0.01809398257717021
2020-05-31 16:06:00,0.008907047829154635
2020-05-31 16:09:00,-0.02024157013272543
2020-05-31 16:12:00,0.004749760937158953
2020-05-31 16:15:00,-0.003062089579543681
2020-05-31 16:18:00,-0.07143129158919237
2020-05-31 16:21:00,0.018357544805496673
2020-05-31 16:24:00,0.10381667258292282
2020-05-31 16:27:00,0.0765516289212087
2020-05-31 16:30:00,0.15953656503614866
2020-05-31 16:33:00,0.16079640695176067
2020-05-31 16:36:00,0.21951203186409884
2020-05-31 16:39:00,0.2719052728515976
2020-05-31 16:42:00,0.23939985311585588
2020-05-31 16:45:00,0.09451086125824304
2020-05-31 16:48:00,0.1290803046871929
2020-05-31 16:51:00,0.048760263589372244
2020-05-31 16:54:00,0.0679334619763381
2020-05-31 16:57:00,-0.008016598089000126
2020-05-31 17:00:00,0.1032503830555811
2020-05-31 17:03:00,-0.01596184706107806
2020-05-31 17:06:00,0.10120720252416504
2020-05-31 17:09:00,0.033254642995302675
2020-05-31 17:12:00,0.144111150394167
2020-05-31 17:15:00,0.006721358460652027
2020-05-31 17:18:00,0.00802502984839748
2020-05-31 17:21:00,0.08801795195660134
2020-05-31 17:24:00,0.12526089682671682
2020-05-31 17:27:00,0.08905496067643526
2020-05-31 17:30:00,0.06555013621931494
2020-05-31 17:33:00,0.06696037722599613
2020-05-31 17:36:00,0.13539714058236996
2020-05-31 17:39:00,0.0653596384464663
2020-05-31 17:42:00,0.0987255107471583
2020-05-31 17:45:00,0.015123665001738118
2020-05-31 17:48:00,0.12934194515696618
2020-05-31 17:51:00,0.08129008729423504
2020-05-31 17:54:00,0.10927551450373585
2020-05-31 17:57:00,0.0935225849368635
2020-05-31 18:00:00,0.15951943651487
2020-05-31 18:03:00,0.14513712578991544
2020-05-31 18:06:00,0.044774313027915014
2020-05-31 18:09:00,0.17458029627169935
2020-05-31 18:12:00,0.10957367672926921
2020-05-31 18:15:00,0.11961009028385661
2020-05-31 18:18:00,0.11410956826455276
2020-05-31 18:21:00,0.14300889935401528
2020-05-31 18:24:00,0.14792057683354187
2020-05-31 18:27:00,0.18092812446764128
2020-05-31 18:30:00,0.1782082432072798
2020-05-31 18:33:00,0.11345886647615089
2020-05-31 18:36:00,0.17302823684434543
2020-05-31 18:39:00,0.22039779869487575
2020-05-31 18:42:00,0.09246924340459373
2020-05-31 18:45:00,0.24884564137659027
2020-05-31 18:48:00,0.10438452675481358
2020-05-31 18:51:00,0.15733080691603618
2020-05-31 18:54:00,
2020-05-31 18:57:00,
2020-05-31 19:00:00,
2020-05-31 19:03:00,0.18089642416890683
2020-05-31 19:06:00,0.18388481316708294
2020-05-31 19:09:00,0.20051213670558354
2020-05-31 19:12:00,0.11405372571124417
2020-05-31 19:15:00,0.22939344441408593
2020-05-31 19:18:00,0.2349186967709329
2020-05-31 19:21:00,0.16708962594344712
2020-05-31 19:24:00,0.14220920007966242
2020-05-31 19:27:00,0.08799250985026674
2020-05-31 19:30:00,0.16000569229873918
2020-05-31 19:33:00,0.18153094316477336
2020-05-31 19:36:00,0.19034766689298976
2020-05-31 19:39:00,0.1600786420234499
2020-05-31 19:42:00,0.17334790679893786
2020-05-31 19:45:00,0.16590979560191954
2020-05-31 19:48:00,0.14334146211541565
2020-05-31 19:51:00,0.16892918415368285
2020-05-31 19:54:00,0.17437008090200834
2020-05-31 19:57:00,0.1608686702469413
2020-05-31 20:00:00,0.230734245135352
2020-05-31 20:03:00,0.20241262327311915
2020-05-31 20:06:00,0.24675032122240736
2020-05-31 20:09:00,0.19066750377646713
2020-05-31 20:12:00,0.17467313789671834
2020-05-31 20:15:00,0.14952876571470597
2020-05-31 20:18:00,0.14991106962651202
2020-05-31 20:21:00,0.1699891521722634
2020-05-31 20:24:00,0.20576540959393697
2020-05-31 20:27:00,0.1379486466677804
2020-05-31 20:30:00,0.2486851130862533
2020-05-31 20:33:00,0.20812307488876058
2020-05-31 20:36:00,0.16618482439901072
2020-05-31 20:39:00,0.105734466465492
2020-05-31 20:42:00,0.10245080470241419
2020-05-31 20:45:00,0.10045040317328358
2020-05-31 20:48:00,0.23400878257439217
2020-05-31 20:51:00,0.11934716288487834
2020-05-31 20:54:00,0.09043508246810461
2020-05-31 20:57:00,0.18307479757027068
2020-05-31 21:00:00,0.17176309311918203
2020-05-31 21:03:00,0.16758793217206858
2020-05-31 21:06:00,0.20444604762815288
2020-05-31 21:09:00,0.3030038806190305
2020-05-31 21:12:00,0.33038414275932837
2020-05-31 21:15:00,0.21966051640492879
2020-05-31 21:18:00,0.22793551106144605
2020-05-31 21:21:00,0.21696930885411803
2020-05-31 21:24:00,0.25293068039371747
2020-05-31 21:27:00,0.30110238525770683
2020-05-31 21:30:00,0.1772176943264867
2020-05-31 21:33:00,0.201671181165068
2020-05-31 21:36:00,0.20143071515525435
2020-05-31 21:39:00,0.2997021709089154
2020-05-31 21:42:00,0.3069954581854972
2020-05-31 21:45:00,0.28374538582903597
2020-05-31 21:48:00,0.18647551544108865
2020-05-31 21:51:00,0.28752692077932807
2020-05-31 21:54:00,0.12108428425500506
2020-05-31 21:57:00,0.29469881122224706
2020-05-31 22:00:00,0.2266457048977486
2020-05-31 22:03:00,0.21988344412409333
2020-05-31 22:06:00,0.26600723584351726
2020-05-31 22:09:00,0.19711530088522977
2020-05-31 22:12:00,0.18722706536379974
2020-05-31 22:15:00,0.1335424100566911
2020-05-31 22:18:00,0.23611224653001273
2020-05-31 22:21:00,0.25403253299720063
2020-05-31 22:24:00,0.2832843126178659
2020-05-31 22:27:00,0.2031712149577629
2020-05-31 22:30:00,0.222736767913716
2020-05-31 22:33:00,0.16598114254639995
2020-05-31 22:36:00,0.17553221274192765
2020-05-31 22:39:00,0.2042226230378219
2020-05-31 22:42:00,0.1508936147120039
2020-05-31 22:45:00,0.2588778400753995
2020-05-31 22:48:00,0.17051014510104778
2020-05-31 22:51:00,0.2605149196037928
2020-05-31 22:54:00,0.1879624126431736
2020-05-31 22:57:00,0.19275025920046573
2020-05-31 23:00:00,0.22875829685756344
2020-05-31 23:03:00,0.18067639889329712
2020-05-31 23:06:00,0.21795654989273316
2020-05-31 23:09:00,0.1843486493957016
2020-05-31 23:12:00,0.23863195678444526
2020-05-31 23:15:00,0.2069217452678913
2020-05-31 23:18:00,0.31810541819248783
2020-05-31 23:21:00,0.21718602862506486
2020-05-31 23:24:00,0.26461911113727865
2020-05-31 23:27:00,0.21039571577080096
2020-05-31 23:30:00,0.2785716482934504
2020-05-31 23:33:00,0.2699839366260335
2020-05-31 23:36:00,0.31351751194426924
2020-05-31 23:39:00,0.2975833278734399
2020-05-31 23:42:00,0.32607471781119557
2020-05-31 23:45:00,0.24289827716728496
2020-05-31 23:48:00,0.2601250053044737
2020-05-31 23:51:00,0.23225992269652806
2020-05-31 23:54:00,0.22955817675239132
2020-05-31 23:57:00,0.17618244546162032
2020-06-01 00:00:00,0.26120087094631117
2020-06-01 00:03:00,0.2552492293403361
2020-06-01 00:06:00,0.22584454627190098
2020-06-01 00:09:00,0.2723389270510097
2020-06-01 00:12:00,0.2593564669394368
2020-06-01 00:15:00,0.2536652143171523
2020-06-01 00:18:00,0.17259415443453463
2020-06-01 00:21:00,0.26309953120414775
2020-06-01 00:24:00,0.28055253964754456
2020-06-01 00:27:00,0.29498100090677326
2020-06-01 00:30:00,0.29951334466721846
2020-06-01 00:33:00,0.19397116814110404
2020-06-01 00:36:00,0.30996935450014007
2020-06-01 00:39:00,0.17725016398782145
2020-06-01 00:42:00,0.1909769718147345
2020-06-01 00:45:00,0.2920267534371419
2020-06-01 00:48:00,0.2071081517645439
2020-06-01 00:51:00,0.22878899701129285
2020-06-01 00:54:00,0.25656491058776965
2020-06-01 00:57:00,0.22901447065760294
2020-06-01 01:00:00,0.22939765989724492
2020-06-01 01:03:00,0.2644002133920935
2020-06-01 01:06:00,0.20911840698801143
2020-06-01 01:09:00,0.22576196671514026
2020-06-01 01:12:00,0.2712370507376818
2020-06-01 01:15:00,0.2684125240697881
2020-06-01 01:18:00,0.2404818856171005
2020-06-01 01:21:00,0.22399548350352916
2020-06-01 01:24:00,0.193957317621539
2020-06-01 01:27:00,0.24510725389609433
2020-06-01 01:30:00,0.1678509670340418
2020-06-01 01:33:00,0.22139180784631662
2020-06-01 01:36:00,0.21610519269017914
2020-06-01 01:39:00,0.28896184017821724
2020-06-01 01:42:00,0.2537078733760154
2020-06-01 01:45:00,0.26880125892222395
2020-06-01 01:48:00,0.3067783944367761
2020-06-01 01:51:00,0.24352699082123763
2020-06-01 01:54:00,0.2326388681350977
2020-06-01 01:57:00,0.30303121848658066
2020-06-01 02:00:00,0.24966796340515884
2020-06-01 02:03:00,0.27258060393739925
2020-06-01 02:06:00,0.20190151640935028
2020-06-01 02:09:00,0.29011022075491155
2020-06-01 02:12:00,0.17121470746741352
2020-06-01 02:15:00,0.21979746848109016
2020-06-01 02:18:00,0.3317995596673313
2020-06-01 02:21:00,0.2182194965553208
2020-06-01 02:24:00,0.24583110219163018
2020-06-01 02:27:00,0.23536802247173227
2020-06-01 02:30:00,0.24248163014982538
2020-06-01 02:33:00,0.2931142114960039
2020-06-01 02:36:00,0.2403728785260455
2020-06-01 02:39:00,0.2273349846911401
2020-06-01 02:42:00,0.29761404966876626
2020-06-01 02:45:00,0.2509473234788402
2020-06-01 02:48:00,0.19239956289828797
2020-06-01 02:51:00,0.3157882811499917
2020-06-01 02:54:00,0.32028477338894845
2020-06-01 02:57:00,0.27746924584278077
2020-06-01 03:00:00,0.3244027231568225
2020-06-01 03:03:00,0.16077423601700502
2020-06-01 03:06:00,0.2078048180765677
2020-06-01 03:09:00,0.2387841052504882
2020-06-01 03:12:00,0.175175281422014
2020-06-01 03:15:00,0.2187153375071489
2020-06-01 03:18:00,0.23419473762623966
2020-06-01 03:21:00,0.2222278065902401
2020-06-01 03:24:00,0.24108900562970348
2020-06-01 03:27:00,0.23442524695803968
2020-06-01 03:30:00,0.16071492998594294
2020-06-01 03:33:00,0.29965761360972465
2020-06-01 03:36:00,0.18125666904165882
2020-06-01 03:39:00,0.2524385459060454
2020-06-01 03:42:00,0.21083173348142736
2020-06-01 03:45:00,0.2534166772711046
2020-06-01 03:48:00,0.21491614773998435
2020-06-01 03:51:00,0.2028150289558539
2020-06-01 03:54:00,0.2688853037579406
2020-06-01 03:57:00,0.15474624648624058
2020-06-01 04:00:00,0.2602419771101836
2020-06-01 04:03:00,0.23243575206271316
2020-06-01 04:06:00,0.2861774886804369
2020-06-01 04:09:00,0.25565825537609044
2020-06-01 04:12:00,0.32114781992544295
2020-06-01 04:15:00,0.290258938065449
2020-06-01 04:18:00,0.3224663280336699
2020-06-01 04:21:00,0.29819897811978535
2020-06-01 04:24:00,0.2703554456706456
2020-06-01 04:27:00,0.3323610938417687
2020-06-01 04:30:00,0.2559478570116198
2020-06-01 04:33:00,0.3504995509578066
2020-06-01 04:36:00,0.49350373109786005
2020-06-01 04:39:00,0.45930026167303595
2020-06-01 04:42:00,0.5256065406202879
2020-06-01 04:45:00,0.4961928213579654
2020-06-01 04:48:00,0.39160874385061106
2020-06-01 04:51:00,0.28627717673219877
2020-06-01 04:54:00,0.29530773261888044
2020-06-01 04:57:00,0.3589591568012338
2020-06-01 05:00:00,0.2586096102031661
2020-06-01 05:03:00,0.23915557444394153
2020-06-01 05:06:00,0.3803259506256609
2020-06-01 05:09:00,0.33433724374782514
2020-06-01 05:12:00,0.32054043190885295
2020-06-01 05:15:00,0.3055029660494597
2020-06-01 05:18:00,0.2660175483254079
2020-06-01 05:21:00,0.33581683688123576
2020-06-01 05:24:00,0.25860312460287105
2020-06-01 05:27:00,0.31073980266029366
2020-06-01 05:30:00,0.2584764931925747
2020-06-01 05:33:00,0.3295474228286821
2020-06-01 05:36:00,0.31367459534448017
2020-06-01 05:39:00,0.2767832271522934
2020-06-01 05:42:00,0.3303897828567983
2020-06-01 05:45:00,0.39911798082948735
2020-06-01 05:48:00,0.40297192036820206
2020-06-01 05:51:00,0.633052894303546
2020-06-01 05:54:00,0.3276379674870782
2020-06-01 05:57:00,0.4079335789643892
2020-06-01 06:00:00,0.354367895765904
2020-06-01 06:03:00,0.48172446839544136
2020-06-01 06:06:00,0.42035413779552755
2020-06-01 06:09:00,0.4094239889018354
2020-06-01 06:12:00,0.38148179500490187
2020-06-01 06:15:00,0.38237400559154366
2020-06-01 06:18:00,0.3826396117477202
2020-06-01 06:21:00,0.29603565263033715
2020-06-01 06:24:00,0.40144087974744025
2020-06-01 06:27:00,0.46028545596283266
2020-06-01 06:30:00,0.4182517999913671
2020-06-01 06:33:00,0.46787881913064666
2020-06-01 06:36:00,0.3227366838667649
2020-06-01 06:39:00,0.4250329553758547
2020-06-01 06:42:00,0.313087672250731
2020-06-01 06:45:00,0.41255930888570447
2020-06-01 06:48:00,0.42471448907656395
2020-06-01 06:51:00,0.4757505746140396
2020-06-01 06:54:00,0.3609261010012119
2020-06-01 06:57:00,0.36618902695011
2020-06-01 07:00:00,0.42046402532787397
2020-06-01 07:03:00,0.35401517081015754
2020-06-01 07:06:00,0.36540878940820676
2020-06-01 07:09:00,0.40202742864710217
2020-06-01 07:12:00,0.4342647143830618
2020-06-01 07:15:00,0.24249586541805002
2020-06-01 07:18:00,0.3807684532086455
2020-06-01 07:21:00,0.4047609253660198
2020-06-01 07:24:00,0.37985077171504145
2020-06-01 07:27:00,0.36828342875884346
2020-06-01 07:30:00,0.2893285514735453
2020-06-01 07:33:00,0.32727737339064333
2020-06-01 07:36:00,0.32107520565784853
2020-06-01 07:39:00,0.3105105348672055
2020-06-01 07:42:00,0.29865805001497847
2020-06-01 07:45:00,0.3034275228409342
2020-06-01 07:48:00,0.2901985389834181
2020-06-01 07:51:00,0.33347134193428474
2020-06-01 07:54:00,0.21522223260581086
2020-06-01 07:57:00,0.25015150570169453
2020-06-01 08:00:00,0.23326223383531897
2020-06-01 08:03:00,0.34658365405294944
2020-06-01 08:06:00,0.29907586515486173
2020-06-01 08:09:00,0.24051146750161934
2020-06-01 08:12:00,0.2981243746770019
2020-06-01 08:15:00,0.2489100037439016
2020-06-01 08:18:00,0.215777402914739
2020-06-01 08:21:00,0.36415434428124627
2020-06-01 08:24:00,0.25045256675957717
2020-06-01 08:27:00,0.24977916375365794
2020-06-01 08:30:00,0.3669315587070514
2020-06-01 08:33:00,0.2410142021452657
2020-06-01 08:36:00,0.2693985989833436
2020-06-01 08:39:00,0.30187416697646086
2020-06-01 08:42:00,0.2984418290093913
2020-06-01 08:45:00,0.16920395072958172
2020-06-01 08:48:00,0.18574143374775076
2020-06-01 08:51:00,0.22301766455854022
2020-06-01 08:54:00,0.2697126032200572
2020-06-01 08:57:00,0.14060533366483696
2020-06-01 09:00:00,0.22226556310641854
2020-06-01 09:03:00,0.2026582949789031
2020-06-01 09:06:00,0.05021515577550417
2020-06-01 09:09:00,0.08923330826274878
2020-06-01 09:12:00,0.1136345992994734
2020-06-01 09:15:00,0.01283710557544282
2020-06-01 09:18:00,0.12944196541582187
2020-06-01 09:21:00,0.16081694356387288
2020-06-01 09:24:00,0.019062812857782774
2020-06-01 09:27:00,0.13855756672035113
2020-06-01 09:30:00,0.06748761406737458
2020-06-01 09:33:00,-0.0064902544779101845
2020-06-01 09:36:00,0.017231555908608698
2020-06-01 09:39:00,0.0029833174063469414
2020-06-01 09:42:00,0.004412512765327392
2020-06-01 09:45:00,-0.09282473468272201
2020-06-01 09:48:00,0.11424638347267546
2020-06-01 09:51:00,0.029928310536547542
2020-06-01 09:54:00,-0.022788112103853564
2020-06-01 09:57:00,0.04147252664978396
2020-06-01 10:00:00,0.0653089440295389
2020-06-01 10:03:00,-0.041210150674373835
2020-06-01 10:06:00,-0.006981712168055765
2020-06-01 10:09:00,-0.060383176725451904
2020-06-01 10:12:00,-0.19600486109430904
2020-06-01 10:15:00,-0.0026583550010172985
2020-06-01 10:18:00,-0.09966153947573275
2020-06-01 10:21:00,-0.025766456671021842
2020-06-01 10:24:00,-0.20585458472965001
2020-06-01 10:27:00,-0.037883064147251844
2020-06-01 10:30:00,-0.1626877840766383
2020-06-01 10:33:00,-0.06707445991190752
2020-06-01 10:36:00,-0.11937342677094875
2020-06-01 10:39:00,-0.12429419816970722
2020-06-01 10:42:00,-0.09621022522054545
2020-06-01 10:45:00,-0.06767181260806865
2020-06-01 10:48:00,-0.060741343827487526
2020-06-01 10:51:00,-0.12031751209025288
2020-06-01 10:54:00,-0.10143068860367066
2020-06-01 10:57:00,-0.10601495045926868
2020-06-01 11:00:00,-0.0874461846086092
2020-06-01 11:03:00,-0.04172826606674107
2020-06-01 11:06:00,-0.2143236377164044
2020-06-01 11:09:00,-0.20023511950989814
2020-06-01 11:12:00,-0.22571259482066353
2020-06-01 11:15:00,-0.1648007153006006
2020-06-01 11:18:00,-0.1572994290393126
2020-06-01 11:21:00,-0.19076335539779166
2020-06-01 11:24:00,-0.24094300111016764
2020-06-01 11:27:00,-0.22857431669359585
2020-06-01 11:30:00,-0.22280617642695688
2020-06-01 11:33:00,-0.2217177962162964
2020-06-01 11:36:00,-0.3334610360415695
2020-06-01 11:39:00,-0.3699338317009051
2020-06-01 11:42:00,-0.22966444995444135
2020-06-01 11:45:00,-0.3962086923502852
2020-06-01 11:48:00,-0.23153044290972957
2020-06-01 11:51:00,-0.3146134285752282
2020-06-01 11:54:00,-0.27697364362239796
2020-06-01 11:57:00,-0.2819672346723223
2020-06-01 12:00:00,-0.3350959723187543
2020-06-01 12:03:00,-0.3180686120820724
2020-06-01 12:06:00,-0.42780713384382807
2020-06-01 12:09:00,-0.37745941172340736
2020-06-01 12:12:00,-0.23114018336173103
2020-06-01 12:15:00,-0.29464448525931175
2020-06-01 12:18:00,-0.42763107015969126
2020-06-01 12:21:00,-0.32141270359011287
2020-06-01 12:24:00,-0.4548028273728164
2020-06-01 12:27:00,-0.3802749347083818
2020-06-01 12:30:00,-0.4215707277459728
2020-06-01 12:33:00,-0.3856274747597581
2020-06-01 12:36:00,-0.35265569057145285
2020-06-01 12:39:00,-0.3501706616228262
2020-06-01 12:42:00,-0.3510448267171
2020-06-01 12:45:00,-0.3608870288495609
2020-06-01 12:48:00,-0.4015078142138577
2020-06-01 12:51:00,-0.4390363765578513
2020-06-01 12:54:00,-0.3125573813194933
2020-06-01 12:57:00,-0.4141688297797259
2020-06-01 13:00:00,-0.3572754035532171
2020-06-01 13:03:00,-0.4339024552924684
2020-06-01 13:06:00,-0.3551231811728712
2020-06-01 13:09:00,-0.3794861825027738
2020-06-01 13:12:00,-0.4137774856192209
2020-06-01 13:15:00,-0.3845825334211668
2020-06-01 13:18:00,-0.37599451981168386
2020-06-01 13:21:00,-0.3629008870638586
2020-06-01 13:24:00,-0.37259797029139463
2020-06-01 13:27:00,-0.434172324488145
2020-06-01 13:30:00,-0.37082465835561607
2020-06-01 13:33:00,-0.38007988149490757
2020-06-01 13:36:00,-0.4205141633141807
2020-06-01 13:39:00,-0.32605289834060613
2020-06-01 13:42:00,-0.27692475717026355
2020-06-01 13:45:00,-0.2676847088252998
2020-06-01 13:48:00,-0.3227192880272014
2020-06-01 13:51:00,-0.3642775121909949
2020-06-01 13:54:00,-0.2910603884348575
2020-06-01 13:57:00,-0.2976273500595994
2020-06-01 14:00:00,-0.2906998245894101
2020-06-01 14:03:00,-0.16419972743966582
2020-06-01 14:06:00,-0.06901099719453896
2020-06-01 14:09:00,-0.10010223846273902
2020-06-01 14:12:00,-0.03815374343258782
2020-06-01 14:15:00,-0.16177220896838662
2020-06-01 14:18:00,-0.04193301582949971
2020-06-01 14:21:00,-0.04908241248296008
2020-06-01 14:24:00,-0.053290758700313745
2020-06-01 14:27:00,-0.16554183430690728
2020-06-01 14:30:00,-0.25806013370214487
2020-06-01 14:33:00,-0.0714540263175536
2020-06-01 14:36:00,-0.13469695135427173
2020-06-01 14:39:00,-0.14805796233224555
2020-06-01 14:42:00,-0.037084344302115824
2020-06-01 14:45:00,-0.09542706925333277
2020-06-01 14:48:00,-0.12435143333635779
2020-06-01 14:51:00,-0.2682828765256886
2020-06-01 14:54:00,-0.32956071536938225
2020-06-01 14:57:00,-0.28409664221999265
2020-06-01 15:00:00,-0.30282470087269076
2020-06-01 15:03:00,-0.1861628678295233
2020-06-01 15:06:00,-0.2231112104078079
2020-06-01 15:09:00,-0.27828664699285355
2020-06-01 15:12:00,-0.2899263876191185
2020-06-01 15:15:00,-0.25740398839519685
2020-06-01 15:18:00,-0.35662777536117574
2020-06-01 15:21:00,-0.22537018899066652
2020-06-01 15:24:00,-0.24646527313132083
2020-06-01 15:27:00,-0.2181978911876854
2020-06-01 15:30:00,-0.22437725729196245
2020-06-01 15:33:00,-0.26519586882659496
2020-06-01 15:36:00,-0.2503494584580608
2020-06-01 15:39:00,-0.2647602804205462
2020-06-01 15:42:00,-0.14847177201102113
2020-06-01 15:45:00,-0.3266207940522463
2020-06-01 15:48:00,-0.1884824380937289
2020-06-01 15:51:00,-0.2797177960553654
2020-06-01 15:54:00,-0.36855729946529436
2020-06-01 15:57:00,-0.488701729947536
2020-06-01 16:00:00,-0.43801444345598384
2020-06-01 16:03:00,-0.6531645891826088
2020-06-01 16:06:00,-0.5571532127760292
2020-06-01 16:09:00,-0.2738605488018493
2020-06-01 16:12:00,-0.35941732329411025
2020-06-01 16:15:00,-0.34547935325053913
2020-06-01 16:18:00,-0.34308872432711723
2020-06-01 16:21:00,-0.3097995994507414
2020-06-01 16:24:00,-0.27966452465739167
2020-06-01 16:27:00,-0.17050214280709497
2020-06-01 16:30:00,-0.3273627958748193
2020-06-01 16:33:00,-0.17962901546394505
2020-06-01 16:36:00,-0.21920420612957514
2020-06-01 16:39:00,-0.1971820284704222
2020-06-01 16:42:00,-0.1446292161572842
2020-06-01 16:45:00,-0.21012423787612988
2020-06-01 16:48:00,0.07880755617321711
2020-06-01 16:51:00,0.06757698940538148
2020-06-01 16:54:00,-0.01304776560755272
2020-06-01 16:57:00,0.03993908507203514
2020-06-01 17:00:00,0.0170771817701052
2020-06-01 17:03:00,0.0781000329222934
2020-06-01 17:06:00,0.2615330635610462
2020-06-01 17:09:00,0.15728308645833522
2020-06-01 17:12:00,-0.04915139010938674
2020-06-01 17:15:00,-0.14871083604464275
2020-06-01 17:18:00,-0.19663434660003531
2020-06-01 17:21:00,-0.17529707922278703
2020-06-01 17:24:00,-0.07621651984072741
2020-06-01 17:27:00,-0.17196625849868497
2020-06-01 17:30:00,0.07445332380206082
2020-06-01 17:33:00,0.10628040410506401
2020-06-01 17:36:00,0.1509943010872803
2020-06-01 17:39:00,0.18225027158263174
2020-06-01 17:42:00,0.21979275366970796
2020-06-01 17:45:00,0.22487947441055667
2020-06-01 17:48:00,0.10552769382354654
2020-06-01 17:51:00,0.17799312153073288
2020-06-01 17:54:00,0.08160868359027518
2020-06-01 17:57:00,0.15461649380716835
2020-06-01 18:00:00,0.1234460935199877
2020-06-01 18:03:00,0.11003239510711182
2020-06-01 18:06:00,0.1438562772819978
2020-06-01 18:09:00,0.18289035116674768
2020-06-01 18:12:00,0.25570130151641024
2020-06-01 18:15:00,0.47832270099002017
2020-06-01 18:18:00,0.5415650237906107
2020-06-01 18:21:00,0.12758057731815597
2020-06-01 18:24:00,0.18510394848999567
2020-06-01 18:27:00,0.20654894671287138
2020-06-01 18:30:00,0.31772943021150013
2020-06-01 18:33:00,0.3867641482689237
2020-06-01 18:36:00,0.4825765724609141
2020-06-01 18:39:00,0.5851462807327721
2020-06-01 18:42:00,0.6292830948935375
2020-06-01 18:45:00,0.3967512900775887
2020-06-01 18:48:00,0.5408368539553408
2020-06-01 18:51:00,0.35772407555390373
2020-06-01 18:54:00,0.34023604459082435
2020-06-01 18:57:00,
2020-06-01 19:00:00,
2020-06-01 19:03:00,0.28608522496790556
2020-06-01 19:06:00,0.331135169811148
2020-06-01 19:09:00,0.29255484260494313
2020-06-01 19:12:00,0.3871900699063531
2020-06-01 19:15:00,0.2651586105397996
2020-06-01 19:18:00,0.16737563687598822
2020-06-01 19:21:00,0.2945790072646446
2020-06-01 19:24:00,0.12093375751311441
2020-06-01 19:27:00,0.16112104194422727
2020-06-01 19:30:00,0.11373498649561498
2020-06-01 19:33:00,0.2030253331703875
2020-06-01 19:36:00,0.0884906178532674
2020-06-01 19:39:00,0.40733130868255785
2020-06-01 19:42:00,0.3468992746784352
2020-06-01 19:45:00,0.407623933201819
2020-06-01 19:48:00,0.5567238002288377
2020-06-01 19:51:00,0.1749912400044309
2020-06-01 19:54:00,0.789143178666734
2020-06-01 19:57:00,0.680024395710177
2020-06-01 20:00:00,0.651789046533338
2020-06-01 20:03:00,0.6535609715299984
2020-06-01 20:06:00,0.6746368933676195
2020-06-01 20:09:00,0.5324279738125597
2020-06-01 20:12:00,0.4151531636188679
2020-06-01 20:15:00,0.26265775032635474
2020-06-01 20:18:00,0.2490337449104345
2020-06-01 20:21:00,0.2413989505863583
2020-06-01 20:24:00,0.2609306866552288
2020-06-01 20:27:00,0.32302938745527854
2020-06-01 20:30:00,0.26636949801815035
2020-06-01 20:33:00,0.27466634418067315
2020-06-01 20:36:00,0.34643924823933503
2020-06-01 20:39:00,0.35857892837407235
2020-06-01 20:42:00,0.2457568771429237
2020-06-01 20:45:00,0.27000755878242444
2020-06-01 20:48:00,0.28331264925873256
2020-06-01 20:51:00,0.2166525005280846
2020-06-01 20:54:00,0.19891546212420508
2020-06-01 20:57:00,0.25310342365116867
2020-06-01 21:00:00,0.18771558144783285
2020-06-01 21:03:00,0.3339769597358213
2020-06-01 21:06:00,0.25306255457883253
2020-06-01 21:09:00,0.30213023738707534
2020-06-01 21:12:00,0.2004944263485413
2020-06-01 21:15:00,0.1860404588169331
2020-06-01 21:18:00,0.2677352303801399
2020-06-01 21:21:00,0.16159152818119082
2020-06-01 21:24:00,0.0998417125628066
2020-06-01 21:27:00,0.27204812396900024
2020-06-01 21:30:00,0.23017345869561723
2020-06-01 21:33:00,0.1724098420782525
2020-06-01 21:36:00,0.2533673455739063
2020-06-01 21:39:00,0.3117046496614648
2020-06-01 21:42:00,0.4520733545285225
2020-06-01 21:45:00,0.28531066077226797
2020-06-01 21:48:00,0.3356072880261536
2020-06-01 21:51:00,0.2705895652836716
2020-06-01 21:54:00,0.20797997487261455
2020-06-01 21:57:00,0.19073654086150782
2020-06-01 22:00:00,0.3807099007491388
2020-06-01 22:03:00,0.3184117731346987
2020-06-01 22:06:00,0.16029428793251554
2020-06-01 22:09:00,0.19308597385980875
2020-06-01 22:12:00,0.304438635166548
2020-06-01 22:15:00,0.20531335761387481
2020-06-01 22:18:00,0.3744260249580975
2020-06-01 22:21:00,0.262966571603215
2020-06-01 22:24:00,0.2581714670821498
2020-06-01 22:27:00,0.23726740552331194
2020-06-01 22:30:00,0.13201401855769745
2020-06-01 22:33:00,0.2289671221274716
2020-06-01 22:36:00,0.20788390732286643
2020-06-01 22:39:00,0.25860923536686187
2020-06-01 22:42:00,0.1959779866167537
2020-06-01 22:45:00,0.2421932056228684
2020-06-01 22:48:00,0.2567194785759739
2020-06-01 22:51:00,0.232729665779857
2020-06-01 22:54:00,0.12126064863446118
2020-06-01 22:57:00,0.2837877209814792
2020-06-01 23:00:00,0.2508995608430382
2020-06-01 23:03:00,0.24368834514461923
2020-06-01 23:06:00,0.250028935014484
2020-06-01 23:09:00,0.3132970502769581
2020-06-01 23:12:00,0.3403404414726765
2020-06-01 23:15:00,0.21819341267558912
2020-06-01 23:18:00,0.3720036731332357
2020-06-01 23:21:00,0.22609290713302244
2020-06-01 23:24:00,0.2769899700025462
2020-06-01 23:27:00,0.27477282007487247
2020-06-01 23:30:00,0.26608605837060395
2020-06-01 23:33:00,0.20643324737375224
2020-06-01 23:36:00,0.2391650615237495
2020-06-01 23:39:00,0.23109062262500402
2020-06-01 23:42:00,0.17890549478016737
2020-06-01 23:45:00,0.18948743135877066
2020-06-01 23:48:00,0.16201485556644002
2020-06-01 23:51:00,0.23653281374970447
2020-06-01 23:54:00,0.19593457058192598
2020-06-01 23:57:00,0.18052490652343067
2020-06-02 00:00:00,0.26027617154863947
2020-06-02 00:03:00,0.2645252270955325
2020-06-02 00:06:00,0.232410107222222
2020-06-02 00:09:00,0.2400614154463483
2020-06-02 00:12:00,0.16239581630026123
2020-06-02 00:15:00,0.22671375390757476
2020-06-02 00:18:00,0.17017399238051212
2020-06-02 00:21:00,0.18570576643065806
2020-06-02 00:24:00,0.12280495702731287
2020-06-02 00:27:00,0.15873074979572266
2020-06-02 00:30:00,0.1977750540968941
2020-06-02 00:33:00,0.2624080951374026
2020-06-02 00:36:00,0.2218928779298608
2020-06-02 00:39:00,0.2207262188364325
2020-06-02 00:42:00,0.11429993592287246
2020-06-02 00:45:00,0.27425621953250356
2020-06-02 00:48:00,0.2503957894904829
2020-06-02 00:51:00,0.12989019997650075
2020-06-02 00:54:00,0.15896921119787066
2020-06-02 00:57:00,0.16440234514266194
2020-06-02 01:00:00,0.3032125104046486
2020-06-02 01:03:00,0.17682892114510196
2020-06-02 01:06:00,0.21902095624477624
2020-06-02 01:09:00,0.09448259528829794
2020-06-02 01:12:00,0.16630137871209172
2020-06-02 01:15:00,0.2025595908406217
2020-06-02 01:18:00,0.17518413745654016
2020-06-02 01:21:00,0.172522184621414
2020-06-02 01:24:00,0.2124613234318531
2020-06-02 01:27:00,0.2322437409510485
2020-06-02 01:30:00,0.2120596441245084
2020-06-02 01:33:00,0.19447430416306588
2020-06-02 01:36:00,0.2362238618752599
2020-06-02 01:39:00,0.24816213380597674
2020-06-02 01:42:00,0.2666108826373943
2020-06-02 01:45:00,0.22433316500024603
2020-06-02 01:48:00,0.2143236241764157
2020-06-02 01:51:00,0.18346576376120538
2020-06-02 01:54:00,0.17850957722748717
2020-06-02 01:57:00,0.21582727683357916
2020-06-02 02:00:00,0.2747122370648185
2020-06-02 02:03:00,0.23238975279934948
2020-06-02 02:06:00,0.18475372746263474
2020-06-02 02:09:00,0.29562768883613444
2020-06-02 02:12:00,0.26867317924899226
2020-06-02 02:15:00,0.3951617090731361
2020-06-02 02:18:00,0.2551632140977631
2020-06-02 02:21:00,0.18752860912093183
2020-06-02 02:24:00,0.24073851389135825
2020-06-02 02:27:00,0.17531392438314697
2020-06-02 02:30:00,0.2259369315295885
2020-06-02 02:33:00,0.2832161243524638
2020-06-02 02:36:00,0.1699630147002722
2020-06-02 02:39:00,0.23362358253802995
2020-06-02 02:42:00,0.22403150356058177
2020-06-02 02:45:00,0.2777012333214657
2020-06-02 02:48:00,0.2715251595346331
2020-06-02 02:51:00,0.17685779340763474
2020-06-02 02:54:00,0.20539104006843445
2020-06-02 02:57:00,0.19519874779490465
2020-06-02 03:00:00,0.21958017358514326
2020-06-02 03:03:00,0.28195604255807893
2020-06-02 03:06:00,0.35718983491744893
2020-06-02 03:09:00,0.28293658248702513
2020-06-02 03:12:00,0.34974683233718906
2020-06-02 03:15:00,0.2575763910022033
2020-06-02 03:18:00,0.2960992014552062
2020-06-02 03:21:00,0.29456490794058254
2020-06-02 03:24:00,0.19089500373411283
2020-06-02 03:27:00,0.21831379184226307
2020-06-02 03:30:00,0.1869048952651724
2020-06-02 03:33:00,0.2687070567033061
2020-06-02 03:36:00,0.2806031788545056
2020-06-02 03:39:00,0.1314829174497163
2020-06-02 03:42:00,0.20952115402417348
2020-06-02 03:45:00,0.2996980446689008
2020-06-02 03:48:00,0.26138896743179885
2020-06-02 03:51:00,0.23384325514598459
2020-06-02 03:54:00,0.30395022407651595
2020-06-02 03:57:00,0.3297912894834667
2020-06-02 04:00:00,0.27159016156173266
2020-06-02 04:03:00,0.2606226185790206
2020-06-02 04:06:00,0.302989864508902
2020-06-02 04:09:00,0.1411298028185115
2020-06-02 04:12:00,0.24916777614157581
2020-06-02 04:15:00,0.19997471959356972
2020-06-02 04:18:00,0.2915709017738095
2020-06-02 04:21:00,0.17146927235148723
2020-06-02 04:24:00,0.23402493765252075
2020-06-02 04:27:00,0.2627435552989823
2020-06-02 04:30:00,0.34144935310587243
2020-06-02 04:33:00,0.25717096589141875
2020-06-02 04:36:00,0.21289205533213362
2020-06-02 04:39:00,0.2869638423423453
2020-06-02 04:42:00,0.30774688380120097
2020-06-02 04:45:00,0.27323160886970754
2020-06-02 04:48:00,0.20101499282719715
2020-06-02 04:51:00,0.33432698239096226
2020-06-02 04:54:00,0.31525037080405127
2020-06-02 04:57:00,0.18005633984540736
2020-06-02 05:00:00,0.15087457230231394
2020-06-02 05:03:00,0.16901429235792875
2020-06-02 05:06:00,0.2760403485692109
2020-06-02 05:09:00,0.18491605184027549
2020-06-02 05:12:00,0.18325790221979332
2020-06-02 05:15:00,0.3402679619233595
2020-06-02 05:18:00,0.197377207727925
2020-06-02 05:21:00,0.24128080234294202
2020-06-02 05:24:00,0.19408066422255388
2020-06-02 05:27:00,0.23819991695074805
2020-06-02 05:30:00,0.2831629854124458
2020-06-02 05:33:00,0.20685622855091879
2020-06-02 05:36:00,0.31421714543324697
2020-06-02 05:39:00,0.2554616271737018
2020-06-02 05:42:00,0.2755639776509611
2020-06-02 05:45:00,0.3264177430320956
2020-06-02 05:48:00,0.18801404578346137
2020-06-02 05:51:00,0.18751863218341214
2020-06-02 05:54:00,0.27813534816999663
2020-06-02 05:57:00,0.19524519904337012
2020-06-02 06:00:00,0.23036025713349773
2020-06-02 06:03:00,0.26909990490975133
2020-06-02 06:06:00,0.19979161106607535
2020-06-02 06:09:00,0.27447321646576484
2020-06-02 06:12:00,0.3160923806203755
2020-06-02 06:15:00,0.21826061213556613
2020-06-02 06:18:00,0.33038290952310945
2020-06-02 06:21:00,0.23432603752019077
2020-06-02 06:24:00,0.26682935267177754
2020-06-02 06:27:00,0.22955576073394468
2020-06-02 06:30:00,0.22051179784494934
2020-06-02 06:33:00,0.2989332177894539
2020-06-02 06:36:00,0.32162182876624
2020-06-02 06:39:00,0.2671344822016408
2020-06-02 06:42:00,0.2424969545979252
2020-06-02 06:45:00,0.31199614885741767
2020-06-02 06:48:00,0.3310744049525738
2020-06-02 06:51:00,0.2653226558587676
2020-06-02 06:54:00,0.23704888489254472
2020-06-02 06:57:00,0.3707784275220547
2020-06-02 07:00:00,0.23527237829830483
2020-06-02 07:03:00,0.22322963415655295
2020-06-02 07:06:00,0.35287426946706546
2020-06-02 07:09:00,0.28538816657942334
2020-06-02 07:12:00,0.25169080497408913
2020-06-02 07:15:00,0.1940317250591761
2020-06-02 07:18:00,0.2675184356841669
2020-06-02 07:21:00,0.1926253063141985
2020-06-02 07:24:00,0.16989383676332181
2020-06-02 07:27:00,0.16138450798842996
2020-06-02 07:30:00,0.23416536983739888
2020-06-02 07:33:00,0.18649530330958441
2020-06-02 07:36:00,0.19616080290614946
2020-06-02 07:39:00,0.15713600680516038
2020-06-02 07:42:00,0.12200820857987082
2020-06-02 07:45:00,0.08526800598980344
2020-06-02 07:48:00,0.09117857808212193
2020-06-02 07:51:00,0.2848413486598247
2020-06-02 07:54:00,0.16512829324528866
2020-06-02 07:57:00,0.13624910414620217
2020-06-02 08:00:00,0.207459091638043
2020-06-02 08:03:00,0.1772178329176768
2020-06-02 08:06:00,0.1293004484984408
2020-06-02 08:09:00,0.053431084603175805
2020-06-02 08:12:00,0.11424179717965899
2020-06-02 08:15:00,0.17090590660694716
2020-06-02 08:18:00,0.12669046627138414
2020-06-02 08:21:00,0.12212625951497103
2020-06-02 08:24:00,0.18058017878087185
2020-06-02 08:27:00,0.0912067668941745
2020-06-02 08:30:00,0.11502726337425884
2020-06-02 08:33:00,0.06793832310967218
2020-06-02 08:36:00,0.14497653027439128
2020-06-02 08:39:00,0.14149285754314178
2020-06-02 08:42:00,0.2378265910652999
2020-06-02 08:45:00,0.10936473218265519
2020-06-02 08:48:00,0.15826398643827133
2020-06-02 08:51:00,0.12563788060032266
2020-06-02 08:54:00,0.0920049394904936
2020-06-02 08:57:00,0.19261431664017437
2020-06-02 09:00:00,0.22485305938141664
2020-06-02 09:03:00,0.009476095336481194
2020-06-02 09:06:00,0.02945763465345408
2020-06-02 09:09:00,0.0934508995478609
2020-06-02 09:12:00,0.1164875342071241
2020-06-02 09:15:00,0.08445575827897756
2020-06-02 09:18:00,0.06569430810947097
2020-06-02 09:21:00,0.1534114836056233
2020-06-02 09:24:00,-0.043633348153150564
2020-06-02 09:27:00,0.1074119783498304
2020-06-02 09:30:00,0.043972605302258216
2020-06-02 09:33:00,-0.0345661772441872
2020-06-02 09:36:00,0.025331292062446664
2020-06-02 09:39:00,0.01988554095703421
2020-06-02 09:42:00,-0.03902220720249261
2020-06-02 09:45:00,-0.10762383426100541
2020-06-02 09:48:00,-0.043788321838576394
2020-06-02 09:51:00,-0.06607313480111543
2020-06-02 09:54:00,-0.13553852592110616
2020-06-02 09:57:00,-0.058712133961250856
2020-06-02 10:00:00,-0.053123748447660546
2020-06-02 10:03:00,-0.042712176948043634
2020-06-02 10:06:00,0.009224219357179209
2020-06-02 10:09:00,-0.016595655327876102
2020-06-02 10:12:00,-0.022196954023741
2020-06-02 10:15:00,-0.07405416523670283
2020-06-02 10:18:00,-0.07264883657541077
2020-06-02 10:21:00,-0.17110190905481204
2020-06-02 10:24:00,-0.14056676024722492
2020-06-02 10:27:00,-0.12393331694272547
2020-06-02 10:30:00,-0.18053612201464375
2020-06-02 10:33:00,-0.08336665949991584
2020-06-02 10:36:00,-0.20719751143724352
2020-06-02 10:39:00,-0.26825686648533065
2020-06-02 10:42:00,-0.17023216133122787
2020-06-02 10:45:00,-0.23277014926446782
2020-06-02 10:48:00,-0.30920379199920944
2020-06-02 10:51:00,-0.28126770388053046
2020-06-02 10:54:00,-0.21185100991050376
2020-06-02 10:57:00,-0.27027008315536705
2020-06-02 11:00:00,-0.1726730463677768
2020-06-02 11:03:00,-0.3015382642752229
2020-06-02 11:06:00,-0.21360194394389964
2020-06-02 11:09:00,-0.30798523232954267
2020-06-02 11:12:00,-0.3484210983666003
2020-06-02 11:15:00,-0.38504993619801553
2020-06-02 11:18:00,-0.2356852329169783
2020-06-02 11:21:00,-0.2906164305596235
2020-06-02 11:24:00,-0.3410223943579922
2020-06-02 11:27:00,-0.29121817271555983
2020-06-02 11:30:00,-0.25841071529413284
2020-06-02 11:33:00,-0.22219877349465378
2020-06-02 11:36:00,-0.38823931920717314
2020-06-02 11:39:00,-0.2838537983327569
2020-06-02 11:42:00,-0.3434596389398621
2020-06-02 11:45:00,-0.2934285647235697
2020-06-02 11:48:00,-0.34421601210499375
2020-06-02 11:51:00,-0.2662459904443608
2020-06-02 11:54:00,-0.22607477716957192
2020-06-02 11:57:00,-0.2414292442621786
2020-06-02 12:00:00,-0.3034634921767747
2020-06-02 12:03:00,-0.23981368584156826
2020-06-02 12:06:00,-0.28614864492573133
2020-06-02 12:09:00,-0.28175171929166254
2020-06-02 12:12:00,-0.26994050079861154
2020-06-02 12:15:00,-0.21021769313153982
2020-06-02 12:18:00,-0.15222159224697407
2020-06-02 12:21:00,-0.17521427079839214
2020-06-02 12:24:00,-0.14195420644557544
2020-06-02 12:27:00,-0.19422924569784072
2020-06-02 12:30:00,-0.18226834622765864
2020-06-02 12:33:00,-0.15010269663213194
2020-06-02 12:36:00,-0.19074634124984868
2020-06-02 12:39:00,-0.10074776910164474
2020-06-02 12:42:00,-0.029016774388821887
2020-06-02 12:45:00,-0.10302987297660593
2020-06-02 12:48:00,-0.26036952194056084
2020-06-02 12:51:00,-0.19264985806319146
2020-06-02 12:54:00,-0.11756699141847093
2020-06-02 12:57:00,-0.1527311638477613
2020-06-02 13:00:00,-0.12869182075093022
2020-06-02 13:03:00,-0.2361797478621952
2020-06-02 13:06:00,-0.15251271835575153
2020-06-02 13:09:00,-0.17119581416778828
2020-06-02 13:12:00,-0.21374621959506612
2020-06-02 13:15:00,-0.2215422465524739
2020-06-02 13:18:00,-0.27909531044923597
2020-06-02 13:21:00,-0.17394023977908546
2020-06-02 13:24:00,-0.21910734254595354
2020-06-02 13:27:00,-0.07997982427133365
2020-06-02 13:30:00,-0.146679150394732
2020-06-02 13:33:00,-0.21706849271242845
2020-06-02 13:36:00,-0.21325411165440755
2020-06-02 13:39:00,-0.2288545986039594
2020-06-02 13:42:00,-0.14773842010669114
2020-06-02 13:45:00,-0.20506488278226698
2020-06-02 13:48:00,-0.21248224074838618
2020-06-02 13:51:00,-0.2160480465688579
2020-06-02 13:54:00,-0.20845743847843323
2020-06-02 13:57:00,-0.24463475614993513
2020-06-02 14:00:00,-0.2930292682975164
2020-06-02 14:03:00,-0.30091707633692977
2020-06-02 14:06:00,-0.16032075253775702
2020-06-02 14:09:00,-0.2539143547456888
2020-06-02 14:12:00,-0.2736518848248011
2020-06-02 14:15:00,-0.16040832861733634
2020-06-02 14:18:00,-0.22486614742376787
2020-06-02 14:21:00,-0.23535838540345821
2020-06-02 14:24:00,-0.42264678841030445
2020-06-02 14:27:00,-0.32203397558811275
2020-06-02 14:30:00,-0.23542642367334565
2020-06-02 14:33:00,-0.20544954946967664
2020-06-02 14:36:00,-0.2762008196395982
2020-06-02 14:39:00,-0.3002248995516652
2020-06-02 14:42:00,-0.27168399999692383
2020-06-02 14:45:00,-0.30140669168184786
2020-06-02 14:48:00,-0.257429738814551
2020-06-02 14:51:00,-0.22606408024864777
2020-06-02 14:54:00,-0.3740448163621295
2020-06-02 14:57:00,-0.3313483858092354
2020-06-02 15:00:00,-0.31092043885854537
2020-06-02 15:03:00,-0.3532098105191608
2020-06-02 15:06:00,-0.36473618488633974
2020-06-02 15:09:00,-0.39838340818687357
2020-06-02 15:12:00,-0.35406146902971614
2020-06-02 15:15:00,-0.380759196245549
2020-06-02 15:18:00,-0.2839992862552094
2020-06-02 15:21:00,-0.40885814833916356
2020-06-02 15:24:00,-0.45097853670216637
2020-06-02 15:27:00,-0.3766755000771127
2020-06-02 15:30:00,-0.29729500335639614
2020-06-02 15:33:00,-0.356876037953441
2020-06-02 15:36:00,-0.3654022089809814
2020-06-02 15:39:00,-0.31955588416821
2020-06-02 15:42:00,-0.37453183866449535
2020-06-02 15:45:00,-0.37108784645556625
2020-06-02 15:48:00,-0.36939563965580646
2020-06-02 15:51:00,-0.460939385014683
2020-06-02 15:54:00,-0.3764066380921349
2020-06-02 15:57:00,-0.41475287501538105
2020-06-02 16:00:00,-0.36591204595282534
2020-06-02 16:03:00,-0.3644448189284617
2020-06-02 16:06:00,-0.3413177346952807
2020-06-02 16:09:00,-0.3729598609711502
2020-06-02 16:12:00,-0.390069606747943
2020-06-02 16:15:00,-0.4175157320276526
2020-06-02 16:18:00,-0.33843214357443685
2020-06-02 16:21:00,-0.3224756317169408
2020-06-02 16:24:00,-0.33356326996329244
2020-06-02 16:27:00,-0.4094732368713494
2020-06-02 16:30:00,-0.43822997180967604
2020-06-02 16:33:00,-0.4869646428057308
2020-06-02 16:36:00,-0.32792750370339263
2020-06-02 16:39:00,-0.4249115900597644
2020-06-02 16:42:00,-0.4033505218903315
2020-06-02 16:45:00,-0.35797993849763543
2020-06-02 16:48:00,-0.32425277344680126
2020-06-02 16:51:00,-0.32259071377853843
2020-06-02 16:54:00,-0.2613325941350695
2020-06-02 16:57:00,-0.3103824222026219
2020-06-02 17:00:00,-0.3893806140208085
2020-06-02 17:03:00,-0.27131092491833897
2020-06-02 17:06:00,-0.25871824653381736
2020-06-02 17:09:00,-0.23179252691539887
2020-06-02 17:12:00,-0.19380231631612332
2020-06-02 17:15:00,-0.1705726783989121
2020-06-02 17:18:00,-0.2735697283696936
2020-06-02 17:21:00,-0.3487141081726577
2020-06-02 17:24:00,-0.20074054654617157
2020-06-02 17:27:00,-0.21487858651505576
2020-06-02 17:30:00,-0.19014391598568636
2020-06-02 17:33:00,-0.11843083789506181
2020-06-02 17:36:00,-0.21729584800539214
2020-06-02 17:39:00,-0.07939282153870408
2020-06-02 17:42:00,-0.11265413963695892
2020-06-02 17:45:00,-0.12918850616421196
2020-06-02 17:48:00,-0.18222022005346616
2020-06-02 17:51:00,-0.16129498673205944
2020-06-02 17:54:00,-0.2586776102182853
2020-06-02 17:57:00,-0.16374069354526455
2020-06-02 18:00:00,-0.15495092261357968
2020-06-02 18:03:00,-0.19965304728020783
2020-06-02 18:06:00,-0.09508062754019875
2020-06-02 18:09:00,-0.16721579313883694
2020-06-02 18:12:00,-0.13408729783765239
2020-06-02 18:15:00,-0.10682883768606644
2020-06-02 18:18:00,-0.09198909965567736
2020-06-02 18:21:00,-0.06376772567563194
2020-06-02 18:24:00,-0.08780512348255343
2020-06-02 18:27:00,-0.0011793753727147305
2020-06-02 18:30:00,-0.13546920605057267
2020-06-02 18:33:00,-0.04461742321342399
2020-06-02 18:36:00,-0.12129195513250579
2020-06-02 18:39:00,0.021599418809159943
2020-06-02 18:42:00,0.07354701702274724
2020-06-02 18:45:00,0.12081046615907098
2020-06-02 18:48:00,0.020690296802911234
2020-06-02 18:51:00,0.022018187500577824
2020-06-02 18:54:00,
2020-06-02 18:57:00,
2020-06-02 19:00:00,
2020-06-02 19:03:00,-0.0727692918250682
2020-06-02 19:06:00,-0.04733652951898648
2020-06-02 19:09:00,0.029178395053747863
2020-06-02 19:12:00,-0.03076048260004427
2020-06-02 19:15:00,-0.010283192612632774
2020-06-02 19:18:00,0.07617547606992048
2020-06-02 19:21:00,0.08138055816891665
2020-06-02 19:24:00,0.057403057283181624
2020-06-02 19:27:00,-0.016108048548517218
2020-06-02 19:30:00,0.07256614526534122
2020-06-02 19:33:00,0.05788989422779878
2020-06-02 19:36:00,-0.038126922657511386
2020-06-02 19:39:00,0.12504265140893267
2020-06-02 19:42:00,0.060201064771661095
2020-06-02 19:45:00,0.13628490623148082
2020-06-02 19:48:00,0.10886751407861084
2020-06-02 19:51:00,0.10069937486571234
2020-06-02 19:54:00,0.008403594930030067
2020-06-02 19:57:00,0.16651660282735747
2020-06-02 20:00:00,0.10575105034831722
2020-06-02 20:03:00,0.10697668890617251
2020-06-02 20:06:00,0.022135239317151445
2020-06-02 20:09:00,0.016467597567213943
2020-06-02 20:12:00,0.0916329216156555
2020-06-02 20:15:00,0.05818133297765371
2020-06-02 20:18:00,-0.015119946416973562
2020-06-02 20:21:00,0.15000514661647912
2020-06-02 20:24:00,0.10035167074209994
2020-06-02 20:27:00,0.08509805942247795
2020-06-02 20:30:00,0.08866328110002542
2020-06-02 20:33:00,-0.021449584585582215
2020-06-02 20:36:00,0.10385566485859954
2020-06-02 20:39:00,0.13098460929739986
2020-06-02 20:42:00,0.0017971871811823803
2020-06-02 20:45:00,0.012811528933127647
2020-06-02 20:48:00,0.07057601242320288
2020-06-02 20:51:00,0.06883986639098794
2020-06-02 20:54:00,0.09244819771942048
2020-06-02 20:57:00,0.011266968970289781
2020-06-02 21:00:00,-0.048386500802337196
2020-06-02 21:03:00,0.09472883977537094
2020-06-02 21:06:00,0.021305203781253113
2020-06-02 21:09:00,0.08139945005126492
2020-06-02 21:12:00,0.10195167877253652
2020-06-02 21:15:00,0.10540573244253437
2020-06-02 21:18:00,0.022125539044679954
2020-06-02 21:21:00,0.0719019601731361
2020-06-02 21:24:00,0.13182157820619977
2020-06-02 21:27:00,0.10574087172227564
2020-06-02 21:30:00,0.10678767314050219
2020-06-02 21:33:00,0.18065724917465786
2020-06-02 21:36:00,0.21226382877154037
2020-06-02 21:39:00,0.12369452788311719
2020-06-02 21:42:00,0.17663056255054244
2020-06-02 21:45:00,0.19618496356150672
2020-06-02 21:48:00,0.07410110332250497
2020-06-02 21:51:00,0.0979249491112455
2020-06-02 21:54:00,0.08063379555267147
2020-06-02 21:57:00,0.16865867122714917
2020-06-02 22:00:00,0.1314539785191755
2020-06-02 22:03:00,0.22428632156794492
2020-06-02 22:06:00,0.12856477098523555
2020-06-02 22:09:00,0.07533768132560681
2020-06-02 22:12:00,0.13339891798869985
2020-06-02 22:15:00,0.11445532104295353
2020-06-02 22:18:00,0.10934082066188466
2020-06-02 22:21:00,0.17923859175397183
2020-06-02 22:24:00,0.07070968671268929
2020-06-02 22:27:00,0.21780145625251635
2020-06-02 22:30:00,0.10500935467041472
2020-06-02 22:33:00,0.14637916676298346
2020-06-02 22:36:00,0.03954422045649153
2020-06-02 22:39:00,0.13209455786886792
2020-06-02 22:42:00,0.1792513537068885
2020-06-02 22:45:00,0.18186321280188622
2020-06-02 22:48:00,0.07278473098716631
2020-06-02 22:51:00,0.10662645729246378
2020-06-02 22:54:00,0.1449906466283437
2020-06-02 22:57:00,0.032736488994316915
2020-06-02 23:00:00,0.12246894933559815
2020-06-02 23:03:00,0.07886121154547254
2020-06-02 23:06:00,0.13739453974818616
2020-06-02 23:09:00,0.18067374650144075
2020-06-02 23:12:00,0.2740225561622083
2020-06-02 23:15:00,0.21801879243770372
2020-06-02 23:18:00,0.2961243018172013
2020-06-02 23:21:00,0.1608380453288305
2020-06-02 23:24:00,0.2690521119677669
2020-06-02 23:27:00,0.17976607601241312
2020-06-02 23:30:00,0.24245316475156642
2020-06-02 23:33:00,0.20196909114696382
2020-06-02 23:36:00,0.1975690833136241
2020-06-02 23:39:00,0.16021036268659827
2020-06-02 23:42:00,0.21848544984146656
2020-06-02 23:45:00,0.22155826056115302
2020-06-02 23:48:00,0.2944189736160183
2020-06-02 23:51:00,0.13947760608175486
2020-06-02 23:54:00,0.25895452658738805
2020-06-02 23:57:00,0.21109518604384903
2020-06-03 00:00:00,0.1963462190745986
2020-06-03 00:03:00,0.19665843634396651
2020-06-03 00:06:00,0.1884166980162263
2020-06-03 00:09:00,0.2658612969948422
2020-06-03 00:12:00,0.1991307522185366
2020-06-03 00:15:00,0.2547248542604734
2020-06-03 00:18:00,0.2288720822787127
2020-06-03 00:21:00,0.2219310200794098
2020-06-03 00:24:00,0.10584177638543224
2020-06-03 00:27:00,0.1906024475213144
2020-06-03 00:30:00,0.1552068380015612
2020-06-03 00:33:00,0.1364125977115691
2020-06-03 00:36:00,0.2920703274294283
2020-06-03 00:39:00,0.3023491381070471
2020-06-03 00:42:00,0.3304071021387358
2020-06-03 00:45:00,0.26210701366522926
2020-06-03 00:48:00,0.29052123790995665
2020-06-03 00:51:00,0.2337218253930473
2020-06-03 00:54:00,0.2657820341091792
2020-06-03 00:57:00,0.33488868242437775
2020-06-03 01:00:00,0.27941448117979917
2020-06-03 01:03:00,0.4035305165913883
2020-06-03 01:06:00,0.37154942201527774
2020-06-03 01:09:00,0.2580518636044644
2020-06-03 01:12:00,0.321215342128653
2020-06-03 01:15:00,0.33395049684827427
2020-06-03 01:18:00,0.30709517122397756
2020-06-03 01:21:00,0.2697413769355421
2020-06-03 01:24:00,0.22407016802003454
2020-06-03 01:27:00,0.25844148674474354
2020-06-03 01:30:00,0.3037869962346349
2020-06-03 01:33:00,0.22561717037820017
2020-06-03 01:36:00,0.37689502993862334
2020-06-03 01:39:00,0.41098114924676565
2020-06-03 01:42:00,0.2539780594588592
2020-06-03 01:45:00,0.36184921207399157
2020-06-03 01:48:00,0.3686581629160628
2020-06-03 01:51:00,0.2761861766471725
2020-06-03 01:54:00,0.4458272866402808
2020-06-03 01:57:00,0.43749480274595953
2020-06-03 02:00:00,0.38219123388830667
2020-06-03 02:03:00,0.2992290930118884
2020-06-03 02:06:00,0.3688683620432016
2020-06-03 02:09:00,0.31296737638507466
2020-06-03 02:12:00,0.2942573732651681
2020-06-03 02:15:00,0.29056852680747625
2020-06-03 02:18:00,0.25024106573971494
2020-06-03 02:21:00,0.41448919219999425
2020-06-03 02:24:00,0.36822477435657675
2020-06-03 02:27:00,0.35142820614532866
2020-06-03 02:30:00,0.44913887940703034
2020-06-03 02:33:00,0.35544399512906466
2020-06-03 02:36:00,0.297919185376486
2020-06-03 02:39:00,0.277765462223897
2020-06-03 02:42:00,0.33566420391713336
2020-06-03 02:45:00,0.25244033645685704
2020-06-03 02:48:00,0.3307296497778225
2020-06-03 02:51:00,0.2594999006686294
2020-06-03 02:54:00,0.28690005243117866
2020-06-03 02:57:00,0.282840817235126
2020-06-03 03:00:00,0.30217639003444674
2020-06-03 03:03:00,0.27045005125404487
2020-06-03 03:06:00,0.3549707128699424
2020-06-03 03:09:00,0.26056117096749176
2020-06-03 03:12:00,0.3412420716570068
2020-06-03 03:15:00,0.2704851887437485
2020-06-03 03:18:00,0.25685477402635115
2020-06-03 03:21:00,0.27628848565683484
2020-06-03 03:24:00,0.34031779204832446
2020-06-03 03:27:00,0.35746095525740884
2020-06-03 03:30:00,0.39082267045171193
2020-06-03 03:33:00,0.2724349998160278
2020-06-03 03:36:00,0.2650304291468615
2020-06-03 03:39:00,0.33431198179783905
2020-06-03 03:42:00,0.2726878323445021
2020-06-03 03:45:00,0.34474329690391414
2020-06-03 03:48:00,0.28742427888045086
2020-06-03 03:51:00,0.31330962806180196
2020-06-03 03:54:00,0.2645968400833567
2020-06-03 03:57:00,0.3541975651867233
2020-06-03 04:00:00,0.3261314659131358
2020-06-03 04:03:00,0.23378231399289007
2020-06-03 04:06:00,0.30934943585947394
2020-06-03 04:09:00,0.28561061576402835
2020-06-03 04:12:00,0.3336829302259048
2020-06-03 04:15:00,0.29197888198672217
2020-06-03 04:18:00,0.3016662032753743
2020-06-03 04:21:00,0.2887838048783351
2020-06-03 04:24:00,0.3634639037435363
2020-06-03 04:27:00,0.2835131181624888
2020-06-03 04:30:00,0.2001024138056664
2020-06-03 04:33:00,0.3236443197124572
2020-06-03 04:36:00,0.24262987137967684
2020-06-03 04:39:00,0.3274253028598082
2020-06-03 04:42:00,0.28108368020423313
2020-06-03 04:45:00,0.4178179574385581
2020-06-03 04:48:00,0.32301990515946954
2020-06-03 04:51:00,0.3644255607095488
2020-06-03 04:54:00,0.2840669681094141
2020-06-03 04:57:00,0.38300391367243947
2020-06-03 05:00:00,0.333759978729006
2020-06-03 05:03:00,0.3089610700059211
2020-06-03 05:06:00,0.34742907697557257
2020-06-03 05:09:00,0.23656352204335462
2020-06-03 05:12:00,0.2553807287922041
2020-06-03 05:15:00,0.2267596575427433
2020-06-03 05:18:00,0.31583473296188913
2020-06-03 05:21:00,0.298447575220564
2020-06-03 05:24:00,0.3116935984853626
2020-06-03 05:27:00,0.3035089981884198
2020-06-03 05:30:00,0.3617731950080838
2020-06-03 05:33:00,0.37037892150999596
2020-06-03 05:36:00,0.35234592319443436
2020-06-03 05:39:00,0.3412312009378411
2020-06-03 05:42:00,0.3901341503034246
2020-06-03 05:45:00,0.4344889786497106
2020-06-03 05:48:00,0.4376047842569051
2020-06-03 05:51:00,0.3827284445071655
2020-06-03 05:54:00,0.46553811029463077
2020-06-03 05:57:00,0.3011734160181163
2020-06-03 06:00:00,0.30346739835027847
2020-06-03 06:03:00,0.33844879322805355
2020-06-03 06:06:00,0.24385481262345365
2020-06-03 06:09:00,0.3456109670125329
2020-06-03 06:12:00,0.26873477282515523
2020-06-03 06:15:00,0.24262053464087785
2020-06-03 06:18:00,0.34052776342753077
2020-06-03 06:21:00,0.27979796514892996
2020-06-03 06:24:00,0.23959716424980115
2020-06-03 06:27:00,0.21346166874178607
2020-06-03 06:30:00,0.19619457505638138
2020-06-03 06:33:00,0.24448589506732787
2020-06-03 06:36:00,0.2166667099947972
2020-06-03 06:39:00,0.3139838097256984
2020-06-03 06:42:00,0.27421721350265216
2020-06-03 06:45:00,0.21362650007131379
2020-06-03 06:48:00,0.2281385239903102
2020-06-03 06:51:00,0.18427661323227085
2020-06-03 06:54:00,0.2469917244849853
2020-06-03 06:57:00,0.24707880802873206
2020-06-03 07:00:00,0.22453387587904672
2020-06-03 07:03:00,0.38334511552574213
2020-06-03 07:06:00,0.3796347593572591
2020-06-03 07:09:00,0.2992420021358271
2020-06-03 07:12:00,0.263920543368215
2020-06-03 07:15:00,0.28222469075529943
2020-06-03 07:18:00,0.35453203438947867
2020-06-03 07:21:00,0.38243679969281175
2020-06-03 07:24:00,0.47568669464988034
2020-06-03 07:27:00,0.4807373683780156
2020-06-03 07:30:00,0.4423191962806641
2020-06-03 07:33:00,0.48923352084500493
2020-06-03 07:36:00,0.43622504607361634
2020-06-03 07:39:00,0.46098149944668876
2020-06-03 07:42:00,0.45972705858832796
2020-06-03 07:45:00,0.46458489200290387
2020-06-03 07:48:00,0.42825467813236173
2020-06-03 07:51:00,0.5015960492277713
2020-06-03 07:54:00,0.5432714452018104
2020-06-03 07:57:00,0.5841235105168039
2020-06-03 08:00:00,0.5159263002969396
2020-06-03 08:03:00,0.5822795546570774
2020-06-03 08:06:00,0.5575132478149953
2020-06-03 08:09:00,0.48239953188851814
2020-06-03 08:12:00,0.44067654865295935
2020-06-03 08:15:00,0.5037545515555735
2020-06-03 08:18:00,0.4677232639031672
2020-06-03 08:21:00,0.38896438718023774
2020-06-03 08:24:00,0.379982773050358
2020-06-03 08:27:00,0.4153339931509663
2020-06-03 08:30:00,0.4451279620828359
2020-06-03 08:33:00,0.44890738791633567
2020-06-03 08:36:00,0.36132516064640186
2020-06-03 08:39:00,0.38486120532439827
2020-06-03 08:42:00,0.37381580847034
2020-06-03 08:45:00,0.4297126144026038
2020-06-03 08:48:00,0.3850748396913559
2020-06-03 08:51:00,0.38380191476807113
2020-06-03 08:54:00,0.4240920053127297
2020-06-03 08:57:00,0.4009021631067071
2020-06-03 09:00:00,0.36220980521699175
2020-06-03 09:03:00,0.3646354919828241
2020-06-03 09:06:00,0.38610758850427374
2020-06-03 09:09:00,0.42767579688234036
2020-06-03 09:12:00,0.3716766790205952
2020-06-03 09:15:00,0.38867922414584655
2020-06-03 09:18:00,0.3493725846122402
2020-06-03 09:21:00,0.408256846684651
2020-06-03 09:24:00,0.36790471981964856
2020-06-03 09:27:00,0.37246191348998536
2020-06-03 09:30:00,0.3653429219171471
2020-06-03 09:33:00,0.4380699569536546
2020-06-03 09:36:00,0.3562986638179382
2020-06-03 09:39:00,0.44570317832835826
2020-06-03 09:42:00,0.3953311057405813
2020-06-03 09:45:00,0.4108770807495148
2020-06-03 09:48:00,0.37861718297585867
2020-06-03 09:51:00,0.38328548270476404
2020-06-03 09:54:00,0.44514616678731045
2020-06-03 09:57:00,0.37168203689475376
2020-06-03 10:00:00,0.46225497510801006
2020-06-03 10:03:00,0.4937466654273521
2020-06-03 10:06:00,0.4665664281782824
2020-06-03 10:09:00,0.2576346951748292
2020-06-03 10:12:00,0.2787554393769369
2020-06-03 10:15:00,0.31559620025529966
2020-06-03 10:18:00,0.3231466726014105
2020-06-03 10:21:00,0.25064486986713064
2020-06-03 10:24:00,0.3272160583358641
2020-06-03 10:27:00,0.3929104463229578
2020-06-03 10:30:00,0.2934368485936716
2020-06-03 10:33:00,0.26517807568205853
2020-06-03 10:36:00,0.22957291158894577
2020-06-03 10:39:00,0.40220459201145786
2020-06-03 10:42:00,0.22828275940844378
2020-06-03 10:45:00,0.30829200742186913
2020-06-03 10:48:00,0.34631954191030445
2020-06-03 10:51:00,0.34153709749955397
2020-06-03 10:54:00,0.26798945342812885
2020-06-03 10:57:00,0.31035187568824085
2020-06-03 11:00:00,0.2709885054641177
2020-06-03 11:03:00,0.19405817761452226
2020-06-03 11:06:00,0.20044528551630947
2020-06-03 11:09:00,0.2101874502393457
2020-06-03 11:12:00,0.21429009796361242
2020-06-03 11:15:00,0.26161463201810875
2020-06-03 11:18:00,0.3080214098141596
2020-06-03 11:21:00,0.312611180515205
2020-06-03 11:24:00,0.3017225310825893
2020-06-03 11:27:00,0.38167296648083493
2020-06-03 11:30:00,0.3926215386718468
2020-06-03 11:33:00,0.34223213821235277
2020-06-03 11:36:00,0.2649588267373133
2020-06-03 11:39:00,0.31262556085908955
2020-06-03 11:42:00,0.24196819717076323
2020-06-03 11:45:00,0.27735325474009187
2020-06-03 11:48:00,0.35864100610479
2020-06-03 11:51:00,0.30627972437349626
2020-06-03 11:54:00,0.2916906432356541
2020-06-03 11:57:00,0.27432704025687826
2020-06-03 12:00:00,0.3058711604024893
2020-06-03 12:03:00,0.3302923534241131
2020-06-03 12:06:00,0.27783139755001685
2020-06-03 12:09:00,0.277850514385932
2020-06-03 12:12:00,0.25420945189335953
2020-06-03 12:15:00,0.3653602784845589
2020-06-03 12:18:00,0.3497882722540453
2020-06-03 12:21:00,0.3267700997739098
2020-06-03 12:24:00,0.3361627920001524
2020-06-03 12:27:00,0.22716510430024073
2020-06-03 12:30:00,0.3057367219286675
2020-06-03 12:33:00,0.3963467374414904
2020-06-03 12:36:00,0.24366014936151714
2020-06-03 12:39:00,0.2715157979818059
2020-06-03 12:42:00,0.2903425854524926
2020-06-03 12:45:00,0.3694767999814985
2020-06-03 12:48:00,0.3103093768481813
2020-06-03 12:51:00,0.291131802152222
2020-06-03 12:54:00,0.2065238630091244
2020-06-03 12:57:00,0.27409121305572626
2020-06-03 13:00:00,0.25534495512141575
2020-06-03 13:03:00,0.27541798967001796
2020-06-03 13:06:00,0.2907769565613876
2020-06-03 13:09:00,0.26548684018973745
2020-06-03 13:12:00,0.28344665462202556
2020-06-03 13:15:00,0.2070862062487322
2020-06-03 13:18:00,0.28434390490991746
2020-06-03 13:21:00,0.2878668186314144
2020-06-03 13:24:00,0.29634022995435316
2020-06-03 13:27:00,0.3170786161380761
2020-06-03 13:30:00,0.2182068834246138
2020-06-03 13:33:00,0.2906400504851945
2020-06-03 13:36:00,0.19599270106255062
2020-06-03 13:39:00,0.24228430309835858
2020-06-03 13:42:00,0.2716784014441487
2020-06-03 13:45:00,0.2506730823624821
2020-06-03 13:48:00,0.3675008734660423
2020-06-03 13:51:00,0.30799006521675665
2020-06-03 13:54:00,0.3222509246198797
2020-06-03 13:57:00,0.3140474332434451
2020-06-03 14:00:00,0.2921590758784305
2020-06-03 14:03:00,0.21786587179792605
2020-06-03 14:06:00,0.2553112213275881
2020-06-03 14:09:00,0.26572551040777626
2020-06-03 14:12:00,0.17742646338268742
2020-06-03 14:15:00,0.30179784380771935
2020-06-03 14:18:00,0.20729127189076735
2020-06-03 14:21:00,0.2443529549495338
2020-06-03 14:24:00,0.25550960458059535
2020-06-03 14:27:00,0.24872696097639846
2020-06-03 14:30:00,0.23876058510796838
2020-06-03 14:33:00,0.16555244601198638
2020-06-03 14:36:00,0.17820973116107552
2020-06-03 14:39:00,0.26501901189584487
2020-06-03 14:42:00,0.2293023774360563
2020-06-03 14:45:00,0.09512791314801916
2020-06-03 14:48:00,0.19286347257167336
2020-06-03 14:51:00,0.22436418872433705
2020-06-03 14:54:00,0.24937523121684535
2020-06-03 14:57:00,0.15784991048076336
2020-06-03 15:00:00,0.20826490689466937
2020-06-03 15:03:00,0.2050755385280354
2020-06-03 15:06:00,0.2558640161978474
2020-06-03 15:09:00,0.22232561017733588
2020-06-03 15:12:00,0.2322881872854623
2020-06-03 15:15:00,0.11334975304163208
2020-06-03 15:18:00,0.18751561568774378
2020-06-03 15:21:00,0.2670302876948085
2020-06-03 15:24:00,0.23777523477497198
2020-06-03 15:27:00,0.2358880481643837
2020-06-03 15:30:00,0.16541443936779388
2020-06-03 15:33:00,0.18437341890290782
2020-06-03 15:36:00,0.179320244474809
2020-06-03 15:39:00,0.23106326809687516
2020-06-03 15:42:00,0.21453156572619037
2020-06-03 15:45:00,0.23735853122252593
2020-06-03 15:48:00,0.18786722916735243
2020-06-03 15:51:00,0.26213825158407644
2020-06-03 15:54:00,0.22423961930616088
2020-06-03 15:57:00,0.25300374249468405
2020-06-03 16:00:00,0.0674956117662191
2020-06-03 16:03:00,0.20102740353058834
2020-06-03 16:06:00,0.13529515190197117
2020-06-03 16:09:00,0.25441215473517786
2020-06-03 16:12:00,0.24456782763314777
2020-06-03 16:15:00,0.17480763386009812
2020-06-03 16:18:00,0.16477535713352154
2020-06-03 16:21:00,0.17830483938030284
2020-06-03 16:24:00,0.13575541142216707
2020-06-03 16:27:00,0.20402058384496513
2020-06-03 16:30:00,0.21941476523306847
2020-06-03 16:33:00,0.22085219298224956
2020-06-03 16:36:00,0.2333540035078272
2020-06-03 16:39:00,0.20215510029277084
2020-06-03 16:42:00,0.32066661588334
2020-06-03 16:45:00,0.18935972263273015
2020-06-03 16:48:00,0.18041539173594856
2020-06-03 16:51:00,0.3360052435692751
2020-06-03 16:54:00,0.2714059348282376
2020-06-03 16:57:00,0.2376328387031208
2020-06-03 17:00:00,0.33683601218280046
2020-06-03 17:03:00,0.27207472539390665
2020-06-03 17:06:00,0.2738854731609308
2020-06-03 17:09:00,0.23779822017780816
2020-06-03 17:12:00,0.3528967952097446
2020-06-03 17:15:00,0.32680464250222485
2020-06-03 17:18:00,0.31590524577620727
2020-06-03 17:21:00,0.3481178768377049
2020-06-03 17:24:00,0.36245121913657385
2020-06-03 17:27:00,0.3739343981033585
2020-06-03 17:30:00,0.38195369386738776
2020-06-03 17:33:00,0.33686219937141004
2020-06-03 17:36:00,0.34251911920546263
2020-06-03 17:39:00,0.28721870649752645
2020-06-03 17:42:00,0.32497543456196354
2020-06-03 17:45:00,0.34592104169070126
2020-06-03 17:48:00,0.312667822521405
2020-06-03 17:51:00,0.2841242445837793
2020-06-03 17:54:00,0.23711017937091583
2020-06-03 17:57:00,0.2574498232418705
2020-06-03 18:00:00,0.40687048548159055
2020-06-03 18:03:00,0.3261568391836249
2020-06-03 18:06:00,0.3050368496255942
2020-06-03 18:09:00,0.30247616484291484
2020-06-03 18:12:00,0.4484058879581312
2020-06-03 18:15:00,0.33984912917082966
2020-06-03 18:18:00,0.38195062848257066
2020-06-03 18:21:00,0.3196210784715845
2020-06-03 18:24:00,0.41481340927828114
2020-06-03 18:27:00,0.36432142450104266
2020-06-03 18:30:00,0.3265495574596571
2020-06-03 18:33:00,0.33753843785365234
2020-06-03 18:36:00,0.3887083932927453
2020-06-03 18:39:00,0.29082073688800847
2020-06-03 18:42:00,0.28359166749055476
2020-06-03 18:45:00,0.30684671299997035
2020-06-03 18:48:00,0.24694547527639088
2020-06-03 18:51:00,0.38993079021503263
2020-06-03 18:54:00,
2020-06-03 18:57:00,
2020-06-03 19:00:00,
2020-06-03 19:03:00,0.36057772291457013
2020-06-03 19:06:00,0.3421126840794386
2020-06-03 19:09:00,0.41684117754141425
2020-06-03 19:12:00,0.36246410192933354
2020-06-03 19:15:00,0.33681751883256084
2020-06-03 19:18:00,0.43539645110928404
2020-06-03 19:21:00,0.33982425449448783
2020-06-03 19:24:00,0.4319262045009964
2020-06-03 19:27:00,0.36397693262165376
2020-06-03 19:30:00,0.3039177616319648
2020-06-03 19:33:00,0.3081343820479674
2020-06-03 19:36:00,0.3634276964487526
2020-06-03 19:39:00,0.36350914575251636
2020-06-03 19:42:00,0.3079929784285582
2020-06-03 19:45:00,0.34604473667889124
2020-06-03 19:48:00,0.4391215317426145
2020-06-03 19:51:00,0.30101722866538694
2020-06-03 19:54:00,0.36099786977081294
2020-06-03 19:57:00,0.310732038483593
2020-06-03 20:00:00,0.29536482844866896
2020-06-03 20:03:00,0.35184676802066406
2020-06-03 20:06:00,0.3509971516650694
2020-06-03 20:09:00,0.3529692134256379
2020-06-03 20:12:00,0.3607566714304653
2020-06-03 20:15:00,0.3618787184961434
2020-06-03 20:18:00,0.2852989616355899
2020-06-03 20:21:00,0.43140706243366367
2020-06-03 20:24:00,0.314303600940093
2020-06-03 20:27:00,0.31238676726627546
2020-06-03 20:30:00,0.2844585465389855
2020-06-03 20:33:00,0.34085500557239357
2020-06-03 20:36:00,0.33481898131810794
2020-06-03 20:39:00,0.31049721445839396
2020-06-03 20:42:00,0.3372008321243811
2020-06-03 20:45:00,0.3639936913951942
2020-06-03 20:48:00,0.24922177945035173
2020-06-03 20:51:00,0.43181460118654513
2020-06-03 20:54:00,0.38109357268763233
2020-06-03 20:57:00,0.3861966949180555
2020-06-03 21:00:00,0.2888780599678853
2020-06-03 21:03:00,0.33396028492200003
2020-06-03 21:06:00,0.2854074826674946
2020-06-03 21:09:00,0.29631483422048177
2020-06-03 21:12:00,0.33942814951154787
2020-06-03 21:15:00,0.4305748574936388
2020-06-03 21:18:00,0.3097717219922629
2020-06-03 21:21:00,0.2614765964212893
2020-06-03 21:24:00,0.30212537561197905
2020-06-03 21:27:00,0.28337436726269516
2020-06-03 21:30:00,0.33224701110265187
2020-06-03 21:33:00,0.2561742248579435
2020-06-03 21:36:00,0.23891882368138795
2020-06-03 21:39:00,0.2281746009722383
2020-06-03 21:42:00,0.26667588634740014
2020-06-03 21:45:00,0.2349098402448817
2020-06-03 21:48:00,0.2702757576469139
2020-06-03 21:51:00,0.33937944222299166
2020-06-03 21:54:00,0.22000312718091664
2020-06-03 21:57:00,0.4096531158141943
2020-06-03 22:00:00,0.29116137931805497
2020-06-03 22:03:00,0.28471396605567634
2020-06-03 22:06:00,0.29521876538728975
2020-06-03 22:09:00,0.3622852908990808
2020-06-03 22:12:00,0.35224037869704716
2020-06-03 22:15:00,0.35914440939916403
2020-06-03 22:18:00,0.3358181279962764
2020-06-03 22:21:00,0.36223945034566896
2020-06-03 22:24:00,0.29436498565030433
2020-06-03 22:27:00,0.3163998652767077
2020-06-03 22:30:00,0.19320313800176336
2020-06-03 22:33:00,0.33163591710530227
2020-06-03 22:36:00,0.34803820384786377
2020-06-03 22:39:00,0.3827837249389745
2020-06-03 22:42:00,0.3521208047397977
2020-06-03 22:45:00,0.3319847603308972
2020-06-03 22:48:00,0.2069503828220718
2020-06-03 22:51:00,0.3387322880269039
2020-06-03 22:54:00,0.34272985647089627
2020-06-03 22:57:00,0.3289326513985884
2020-06-03 23:00:00,0.33655731785620446
2020-06-03 23:03:00,0.3836423406933136
2020-06-03 23:06:00,0.34853934208547344
2020-06-03 23:09:00,0.4596646696825246
2020-06-03 23:12:00,0.3289329295399739
2020-06-03 23:15:00,0.3971147475272687
2020-06-03 23:18:00,0.40848541373520675
2020-06-03 23:21:00,0.31165418498949293
2020-06-03 23:24:00,0.39489393646067583
2020-06-03 23:27:00,0.4066374698721802
2020-06-03 23:30:00,0.3635788537269491
2020-06-03 23:33:00,0.4190938745995254
2020-06-03 23:36:00,0.480525343873353
2020-06-03 23:39:00,0.43909235515002365
2020-06-03 23:42:00,0.41338535213333216
2020-06-03 23:45:00,0.5157928551487316
2020-06-03 23:48:00,0.35153425883032696
2020-06-03 23:51:00,0.46745347303561857
2020-06-03 23:54:00,0.4967099893142404
2020-06-03 23:57:00,0.4995891472352696
2020-06-04 00:00:00,0.48098512634845747
2020-06-04 00:03:00,0.4891443549344672
2020-06-04 00:06:00,0.4880501383940441
2020-06-04 00:09:00,0.4150073501477891
2020-06-04 00:12:00,0.3897677014177816
2020-06-04 00:15:00,0.4235374696361305
2020-06-04 00:18:00,0.3864167740148332
2020-06-04 00:21:00,0.5023587333336081
2020-06-04 00:24:00,0.42323428719441836
2020-06-04 00:27:00,0.4776695257033907
2020-06-04 00:30:00,0.44842190301341134
2020-06-04 00:33:00,0.4559777798584719
2020-06-04 00:36:00,0.4907662725790374
2020-06-04 00:39:00,0.49874500843327496
2020-06-04 00:42:00,0.5286950461352262
2020-06-04 00:45:00,0.46134907390035096
2020-06-04 00:48:00,0.5346360366310705
2020-06-04 00:51:00,0.5013575092263522
2020-06-04 00:54:00,0.4998996023595055
2020-06-04 00:57:00,0.5595792757042091
2020-06-04 01:00:00,0.5058408671799839
2020-06-04 01:03:00,0.5240088115019148
2020-06-04 01:06:00,0.4659339458639806
2020-06-04 01:09:00,0.5573463033974804
2020-06-04 01:12:00,0.5302432807707191
2020-06-04 01:15:00,0.5227943592869906
2020-06-04 01:18:00,0.5584483470514101
2020-06-04 01:21:00,0.5002902045235373
2020-06-04 01:24:00,0.5190997533794075
2020-06-04 01:27:00,0.5158550700743945
2020-06-04 01:30:00,0.4908031977332712
2020-06-04 01:33:00,0.3826392613455596
2020-06-04 01:36:00,0.39112589990673996
2020-06-04 01:39:00,0.5244312839740246
2020-06-04 01:42:00,0.4702003545721709
2020-06-04 01:45:00,0.534227667756852
2020-06-04 01:48:00,0.3902299893369445
2020-06-04 01:51:00,0.5536553212456283
2020-06-04 01:54:00,0.518111383908888
2020-06-04 01:57:00,0.5375618119122123
2020-06-04 02:00:00,0.4839492395970524
2020-06-04 02:03:00,0.41672898588234375
2020-06-04 02:06:00,0.5078295971245552
2020-06-04 02:09:00,0.49813974886563983
2020-06-04 02:12:00,0.5767322719018466
2020-06-04 02:15:00,0.4917528382702585
2020-06-04 02:18:00,0.6098659017903287
2020-06-04 02:21:00,0.6144225136384875
2020-06-04 02:24:00,0.5788756695454822
2020-06-04 02:27:00,0.5924108960042531
2020-06-04 02:30:00,0.4858430989771705
2020-06-04 02:33:00,0.5488191051476861
2020-06-04 02:36:00,0.4399966821580392
2020-06-04 02:39:00,0.41446746083528296
2020-06-04 02:42:00,0.4178770037993331
2020-06-04 02:45:00,0.5568807675772973
2020-06-04 02:48:00,0.4407389970076565
2020-06-04 02:51:00,0.47278386820954665
2020-06-04 02:54:00,0.502875668802858
2020-06-04 02:57:00,0.4613080877089146
2020-06-04 03:00:00,0.5015890179064968
2020-06-04 03:03:00,0.4718455690933183
2020-06-04 03:06:00,0.47517934028292075
2020-06-04 03:09:00,0.4395056777112245
2020-06-04 03:12:00,0.45165094100332226
2020-06-04 03:15:00,0.5201723260530571
2020-06-04 03:18:00,0.4029667621066437
2020-06-04 03:21:00,0.4563934890225596
2020-06-04 03:24:00,0.4746623195874804
2020-06-04 03:27:00,0.4509505447772426
2020-06-04 03:30:00,0.4138239777532817
2020-06-04 03:33:00,0.4219335231195487
2020-06-04 03:36:00,0.3750461058126575
2020-06-04 03:39:00,0.4153919667352284
2020-06-04 03:42:00,0.4391535202328214
2020-06-04 03:45:00,0.501652493335996
2020-06-04 03:48:00,0.5759650714998088
2020-06-04 03:51:00,0.39411462037276124
2020-06-04 03:54:00,0.36997731299732095
2020-06-04 03:57:00,0.49310675100002754
2020-06-04 04:00:00,0.43932086269416004
2020-06-04 04:03:00,0.4633740076739059
2020-06-04 04:06:00,0.4190816370514199
2020-06-04 04:09:00,0.5517893317227731
2020-06-04 04:12:00,0.46912962355634136
2020-06-04 04:15:00,0.47416742620487184
2020-06-04 04:18:00,0.48967285448935627
2020-06-04 04:21:00,0.45166246099904583
2020-06-04 04:24:00,0.4559385901978317
2020-06-04 04:27:00,0.42889682040902244
2020-06-04 04:30:00,0.5243331557200577
2020-06-04 04:33:00,0.4178288851422849
2020-06-04 04:36:00,0.4522453100590269
2020-06-04 04:39:00,0.5326030644627053
2020-06-04 04:42:00,0.46329305324996994
2020-06-04 04:45:00,0.5068520946292665
2020-06-04 04:48:00,0.36087922364754377
2020-06-04 04:51:00,0.4455212285379275
2020-06-04 04:54:00,0.5065981996633582
2020-06-04 04:57:00,0.47951042291737167
2020-06-04 05:00:00,0.5174075456571359
2020-06-04 05:03:00,0.4330586656992068
2020-06-04 05:06:00,0.5245828482546244
2020-06-04 05:09:00,0.4383867761580973
2020-06-04 05:12:00,0.45620260171671134
2020-06-04 05:15:00,0.3998592851997955
2020-06-04 05:18:00,0.39906753918205595
2020-06-04 05:21:00,0.5210566496306228
2020-06-04 05:24:00,0.4887591301168186
2020-06-04 05:27:00,0.43859281060395006
2020-06-04 05:30:00,0.42687869996007066
2020-06-04 05:33:00,0.4932538065571066
2020-06-04 05:36:00,0.4090632329992445
2020-06-04 05:39:00,0.44200312093664706
2020-06-04 05:42:00,0.5499004087456569
2020-06-04 05:45:00,0.39810744574714363
2020-06-04 05:48:00,0.3601961464875103
2020-06-04 05:51:00,0.4861546340806058
2020-06-04 05:54:00,0.5093048175301078
2020-06-04 05:57:00,0.5254805070227349
2020-06-04 06:00:00,0.5623568311533518
2020-06-04 06:03:00,0.49436641745819543
2020-06-04 06:06:00,0.5207895129232725
2020-06-04 06:09:00,0.4570952560064825
2020-06-04 06:12:00,0.40863420021827324
2020-06-04 06:15:00,0.5355399662587388
2020-06-04 06:18:00,0.5090075673891761
2020-06-04 06:21:00,0.48429528858576987
2020-06-04 06:24:00,0.4102490082134409
2020-06-04 06:27:00,0.44990678460186473
2020-06-04 06:30:00,0.4940623154803916
2020-06-04 06:33:00,0.47773905606106837
2020-06-04 06:36:00,0.4591360887043834
2020-06-04 06:39:00,0.4643650512055615
2020-06-04 06:42:00,0.4660245597219159
2020-06-04 06:45:00,0.5368842759402241
2020-06-04 06:48:00,0.5786120219598274
2020-06-04 06:51:00,0.49384710624758554
2020-06-04 06:54:00,0.5579833029455017
2020-06-04 06:57:00,0.4743180960921336
2020-06-04 07:00:00,0.6045268218932733
2020-06-04 07:03:00,0.4455185999199216
2020-06-04 07:06:00,0.5170100530780815
2020-06-04 07:09:00,0.4729688169557562
2020-06-04 07:12:00,0.4695995581261059
2020-06-04 07:15:00,0.4325485508223892
2020-06-04 07:18:00,0.5215674073398304
2020-06-04 07:21:00,0.5078099253449864
2020-06-04 07:24:00,0.4626251989150205
2020-06-04 07:27:00,0.5948799655623702
2020-06-04 07:30:00,0.44862939991418216
2020-06-04 07:33:00,0.42252700255704667
2020-06-04 07:36:00,0.4752333770172186
2020-06-04 07:39:00,0.5204245169469459
2020-06-04 07:42:00,0.396277278974253
2020-06-04 07:45:00,0.48840912003470294
2020-06-04 07:48:00,0.43991272734609765
2020-06-04 07:51:00,0.4396931003296345
2020-06-04 07:54:00,0.4810545454392354
2020-06-04 07:57:00,0.5029908485240071
2020-06-04 08:00:00,0.555385712958298
2020-06-04 08:03:00,0.5468006307701216
2020-06-04 08:06:00,0.442124038504744
2020-06-04 08:09:00,0.47784839794979916
2020-06-04 08:12:00,0.3783066634919692
2020-06-04 08:15:00,0.3981664382536678
2020-06-04 08:18:00,0.3675315686630256
2020-06-04 08:21:00,0.3658757774630885
2020-06-04 08:24:00,0.42288267690577186
2020-06-04 08:27:00,0.3672017716367577
2020-06-04 08:30:00,0.42644758570082786
2020-06-04 08:33:00,0.34594952060280093
2020-06-04 08:36:00,0.3155629355010774
2020-06-04 08:39:00,0.38686198313575915
2020-06-04 08:42:00,0.26531354091918047
2020-06-04 08:45:00,0.27750541098129133
2020-06-04 08:48:00,0.15322214408405443
2020-06-04 08:51:00,0.17701754181439355
2020-06-04 08:54:00,0.2295640255250646
2020-06-04 08:57:00,0.26396301693853275
2020-06-04 09:00:00,0.13796094968483885
2020-06-04 09:03:00,0.1660833372811794
2020-06-04 09:06:00,0.09609421623173375
2020-06-04 09:09:00,0.1110762774457612
2020-06-04 09:12:00,0.05487886770777095
2020-06-04 09:15:00,0.052682109562454116
2020-06-04 09:18:00,0.0832377657025063
2020-06-04 09:21:00,0.055268159001286676
2020-06-04 09:24:00,0.06632988098607484
2020-06-04 09:27:00,-0.0028373720409149428
2020-06-04 09:30:00,0.05640093081478881
2020-06-04 09:33:00,-0.04997727742374991
2020-06-04 09:36:00,-0.06971334489855963
2020-06-04 09:39:00,-0.006381496719313873
2020-06-04 09:42:00,-0.022696144583051137
2020-06-04 09:45:00,-0.06462744560178635
2020-06-04 09:48:00,-0.029850041203360433
2020-06-04 09:51:00,-0.07971360338126487
2020-06-04 09:54:00,-0.16963237639686213
2020-06-04 09:57:00,-0.10467999306740694
2020-06-04 10:00:00,-0.08462871390349846
2020-06-04 10:03:00,-0.04087994261180938
2020-06-04 10:06:00,-0.12768138907227922
2020-06-04 10:09:00,-0.2055967311873701
2020-06-04 10:12:00,-0.11589186308270882
2020-06-04 10:15:00,-0.08735336455146125
2020-06-04 10:18:00,-0.16916431626907524
2020-06-04 10:21:00,-0.19150408091411464
2020-06-04 10:24:00,-0.13206976926414882
2020-06-04 10:27:00,-0.24809337582325952
2020-06-04 10:30:00,-0.17071940084883863
2020-06-04 10:33:00,-0.15259893427628413
2020-06-04 10:36:00,-0.1706693614546566
2020-06-04 10:39:00,-0.2626792277353047
2020-06-04 10:42:00,-0.2963439356002482
2020-06-04 10:45:00,-0.23184317038135305
2020-06-04 10:48:00,-0.21778069834749658
2020-06-04 10:51:00,-0.20913278627921272
2020-06-04 10:54:00,-0.20907004636302418
2020-06-04 10:57:00,-0.2439666852445157
2020-06-04 11:00:00,-0.25076752025563565
2020-06-04 11:03:00,-0.21024500490040055
2020-06-04 11:06:00,-0.2686911030170336
2020-06-04 11:09:00,-0.29653147229663546
2020-06-04 11:12:00,-0.31923763781276193
2020-06-04 11:15:00,-0.30565813037651424
2020-06-04 11:18:00,-0.28652866642283925
2020-06-04 11:21:00,-0.3988719263398366
2020-06-04 11:24:00,-0.2844393355602506
2020-06-04 11:27:00,-0.3593095163167277
2020-06-04 11:30:00,-0.3450123731224721
2020-06-04 11:33:00,-0.3522791975694872
2020-06-04 11:36:00,-0.3281448998483256
2020-06-04 11:39:00,-0.3211198603993921
2020-06-04 11:42:00,-0.4028759586541355
2020-06-04 11:45:00,-0.38249831890732366
2020-06-04 11:48:00,-0.18232962073892622
2020-06-04 11:51:00,-0.359831229689064
2020-06-04 11:54:00,-0.34919366914158445
2020-06-04 11:57:00,-0.3769450333793998
2020-06-04 12:00:00,-0.40312007220990154
2020-06-04 12:03:00,-0.41254265892547437
2020-06-04 12:06:00,-0.347999893237386
2020-06-04 12:09:00,-0.41476469709550656
2020-06-04 12:12:00,-0.4110383522254324
2020-06-04 12:15:00,-0.34988865290512194
2020-06-04 12:18:00,-0.40153633737827477
2020-06-04 12:21:00,-0.4423749116009503
2020-06-04 12:24:00,-0.5049212720361425
2020-06-04 12:27:00,-0.43578942886654204
2020-06-04 12:30:00,-0.5228948622652752
2020-06-04 12:33:00,-0.3681897445594018
2020-06-04 12:36:00,-0.40274480140288915
2020-06-04 12:39:00,-0.4722929266188771
2020-06-04 12:42:00,-0.3843231658201489
2020-06-04 12:45:00,-0.45391899958929116
2020-06-04 12:48:00,-0.47108758531680905
2020-06-04 12:51:00,-0.4619689369603748
2020-06-04 12:54:00,-0.41344458391711214
2020-06-04 12:57:00,-0.41870642798795643
2020-06-04 13:00:00,-0.3741768067693556
2020-06-04 13:03:00,-0.48048699834924946
2020-06-04 13:06:00,-0.5095908510856475
2020-06-04 13:09:00,-0.49714824956464554
2020-06-04 13:12:00,-0.5679233700134318
2020-06-04 13:15:00,-0.481655256767624
2020-06-04 13:18:00,-0.4771604723031828
2020-06-04 13:21:00,-0.4597076910172291
2020-06-04 13:24:00,-0.4234386448354712
2020-06-04 13:27:00,-0.5215191387955542
2020-06-04 13:30:00,-0.5132388485171759
2020-06-04 13:33:00,-0.5291557651627841
2020-06-04 13:36:00,-0.5254630914202494
2020-06-04 13:39:00,-0.48388076332730634
2020-06-04 13:42:00,-0.41243648667750676
2020-06-04 13:45:00,-0.4839980781958957
2020-06-04 13:48:00,-0.4189262657163795
2020-06-04 13:51:00,-0.4745543002474619
2020-06-04 13:54:00,-0.5209732440495713
2020-06-04 13:57:00,-0.5702711358058536
2020-06-04 14:00:00,-0.6083033299832437
2020-06-04 14:03:00,-0.5941578775243102
2020-06-04 14:06:00,-0.5158252707562951
2020-06-04 14:09:00,-0.3836598003503582
2020-06-04 14:12:00,-0.5547899228433266
2020-06-04 14:15:00,-0.5169235091553332
2020-06-04 14:18:00,-0.5793963466093714
2020-06-04 14:21:00,-0.5581540789518158
2020-06-04 14:24:00,-0.5663842571339615
2020-06-04 14:27:00,-0.5208739476036044
2020-06-04 14:30:00,-0.48447803122098776
2020-06-04 14:33:00,-0.47929342435583067
2020-06-04 14:36:00,-0.5229865182889171
2020-06-04 14:39:00,-0.4788462037437853
2020-06-04 14:42:00,-0.5063960288443354
2020-06-04 14:45:00,-0.5197531110075033
2020-06-04 14:48:00,-0.4860579573798418
2020-06-04 14:51:00,-0.5193248342830543
2020-06-04 14:54:00,-0.5675031884882173
2020-06-04 14:57:00,-0.6330491288570101
2020-06-04 15:00:00,-0.7181733557221719
2020-06-04 15:03:00,-0.5119859485807297
2020-06-04 15:06:00,-0.43157632674711977
2020-06-04 15:09:00,-0.4933836917244889
2020-06-04 15:12:00,-0.4748797776042011
2020-06-04 15:15:00,-0.4225442278236642
2020-06-04 15:18:00,-0.508107221268574
2020-06-04 15:21:00,-0.5268655448318782
2020-06-04 15:24:00,-0.5794799824737993
2020-06-04 15:27:00,-0.532641047849495
2020-06-04 15:30:00,-0.48189339078584226
2020-06-04 15:33:00,-0.6452055515297843
2020-06-04 15:36:00,-0.5445601668965878
2020-06-04 15:39:00,-0.4248992526725601
2020-06-04 15:42:00,-0.47089756921269554
2020-06-04 15:45:00,-0.5315009426635129
2020-06-04 15:48:00,-0.5398898378273316
2020-06-04 15:51:00,-0.4417841500899158
2020-06-04 15:54:00,-0.5541233897555458
2020-06-04 15:57:00,-0.5206381486855776
2020-06-04 16:00:00,-0.4245095877644758
2020-06-04 16:03:00,-0.5235980544245535
2020-06-04 16:06:00,-0.5688423041771671
2020-06-04 16:09:00,-0.5113784063194657
2020-06-04 16:12:00,-0.49577525276424694
2020-06-04 16:15:00,-0.49135891286834976
2020-06-04 16:18:00,-0.5559626266522741
2020-06-04 16:21:00,-0.558140880179792
2020-06-04 16:24:00,-0.6099533269794506
2020-06-04 16:27:00,-0.5406516441581743
2020-06-04 16:30:00,-0.4873418587985725
2020-06-04 16:33:00,-0.4937718265345552
2020-06-04 16:36:00,-0.36443189911938134
2020-06-04 16:39:00,-0.616961151338046
2020-06-04 16:42:00,-0.4323331433624844
2020-06-04 16:45:00,-0.515705986766875
2020-06-04 16:48:00,-0.40434819492128327
2020-06-04 16:51:00,-0.4653118617508767
2020-06-04 16:54:00,-0.4215620545033971
2020-06-04 16:57:00,-0.6552953865150357
2020-06-04 17:00:00,-0.5514745200321158
2020-06-04 17:03:00,-0.46260743284102546
2020-06-04 17:06:00,-0.5188831776462735
2020-06-04 17:09:00,-0.4441288103371903
2020-06-04 17:12:00,-0.5306762221088093
2020-06-04 17:15:00,-0.36062434075074634
2020-06-04 17:18:00,-0.48395368903260305
2020-06-04 17:21:00,-0.41512315294335167
2020-06-04 17:24:00,-0.4286054776471815
2020-06-04 17:27:00,-0.35733309160502813
2020-06-04 17:30:00,-0.4489319015330011
2020-06-04 17:33:00,-0.41378197198559974
2020-06-04 17:36:00,-0.3965015523680222
2020-06-04 17:39:00,-0.3948828135546023
2020-06-04 17:42:00,-0.4814427960979515
2020-06-04 17:45:00,-0.3976720388190529
2020-06-04 17:48:00,-0.3760796507692703
2020-06-04 17:51:00,-0.38913811938516574
2020-06-04 17:54:00,-0.34270195197512976
2020-06-04 17:57:00,-0.34373199613389716
2020-06-04 18:00:00,-0.5532998354782421
2020-06-04 18:03:00,-0.3551894699660352
2020-06-04 18:06:00,-0.2978311804416194
2020-06-04 18:09:00,-0.4379472383465668
2020-06-04 18:12:00,-0.3782946603055848
2020-06-04 18:15:00,-0.2729763187521712
2020-06-04 18:18:00,-0.43357309011514644
2020-06-04 18:21:00,-0.28093653045363
2020-06-04 18:24:00,-0.3827219856040074
2020-06-04 18:27:00,-0.3124464472695081
2020-06-04 18:30:00,-0.27211376689552935
2020-06-04 18:33:00,-0.3157887504526684
2020-06-04 18:36:00,-0.21909866188514115
2020-06-04 18:39:00,-0.2372454099955803
2020-06-04 18:42:00,-0.1892996418068833
2020-06-04 18:45:00,-0.27047566420969815
2020-06-04 18:48:00,-0.21106246722030164
2020-06-04 18:51:00,-0.2086575537535964
2020-06-04 18:54:00,
2020-06-04 18:57:00,
2020-06-04 19:00:00,
2020-06-04 19:03:00,-0.2950468126691135
2020-06-04 19:06:00,-0.2771153537180453
2020-06-04 19:09:00,-0.29075018786079454
2020-06-04 19:12:00,-0.2428509250521529
2020-06-04 19:15:00,-0.24945952495255597
2020-06-04 19:18:00,-0.14845458138569256
2020-06-04 19:21:00,-0.1331723686629971
2020-06-04 19:24:00,-0.09667984658500473
2020-06-04 19:27:00,-0.3152357442735365
2020-06-04 19:30:00,-0.1962762896670256
2020-06-04 19:33:00,-0.21208570701350027
2020-06-04 19:36:00,-0.1958643769356172
2020-06-04 19:39:00,-0.16891279016925864
2020-06-04 19:42:00,-0.12174115128931362
2020-06-04 19:45:00,-0.181678933297178
2020-06-04 19:48:00,-0.2439144080681217
2020-06-04 19:51:00,-0.10063366273107022
2020-06-04 19:54:00,-0.06965781055077969
2020-06-04 19:57:00,-0.13145364063905163
2020-06-04 20:00:00,-0.09458499118625241
2020-06-04 20:03:00,0.0023437881672521144
2020-06-04 20:06:00,-0.036636931493546854
2020-06-04 20:09:00,0.05717861106489863
2020-06-04 20:12:00,-0.11304286144422804
2020-06-04 20:15:00,-0.09167619589879905
2020-06-04 20:18:00,-0.05360534054096888
2020-06-04 20:21:00,-0.03493275780067506
2020-06-04 20:24:00,-0.08742881450024242
2020-06-04 20:27:00,0.04106951535572989
2020-06-04 20:30:00,-0.0675412192279623
2020-06-04 20:33:00,-0.07055438296407601
2020-06-04 20:36:00,-0.08006024983546922
2020-06-04 20:39:00,-0.03222576692058965
2020-06-04 20:42:00,-0.10982227106694609
2020-06-04 20:45:00,-0.1262346472142326
2020-06-04 20:48:00,-0.0403008299706471
2020-06-04 20:51:00,-0.07628172839366698
2020-06-04 20:54:00,-0.0631322319580363
2020-06-04 20:57:00,-0.051404481315501016
2020-06-04 21:00:00,-0.05357843303568188
2020-06-04 21:03:00,0.012344868856473568
2020-06-04 21:06:00,0.13240874881734044
2020-06-04 21:09:00,-0.0544668413002114
2020-06-04 21:12:00,0.010145668303721322
2020-06-04 21:15:00,-0.08636781818381678
2020-06-04 21:18:00,-0.04145530685167387
2020-06-04 21:21:00,-0.06779433538673629
2020-06-04 21:24:00,0.00847605183912492
2020-06-04 21:27:00,0.06386331053653294
2020-06-04 21:30:00,0.007744243089632619
2020-06-04 21:33:00,-0.006738222283615869
2020-06-04 21:36:00,0.042224565054141294
2020-06-04 21:39:00,0.023126370239197058
2020-06-04 21:42:00,0.0462128130860151
2020-06-04 21:45:00,0.05331829285813683
2020-06-04 21:48:00,-0.004152845549185713
2020-06-04 21:51:00,-0.17855780488963546
2020-06-04 21:54:00,0.049843871692246466
2020-06-04 21:57:00,-0.11768727841393911
2020-06-04 22:00:00,0.051277476690074764
2020-06-04 22:03:00,-0.01193277865007758
2020-06-04 22:06:00,-0.12229493733246954
2020-06-04 22:09:00,0.013580259378443316
2020-06-04 22:12:00,-0.044615226733640156
2020-06-04 22:15:00,-0.09571609547111848
2020-06-04 22:18:00,-0.011116792774316764
2020-06-04 22:21:00,-0.05190408752281428
2020-06-04 22:24:00,-0.01767245145032348
2020-06-04 22:27:00,0.038912726726437086
2020-06-04 22:30:00,-0.009830342767031652
2020-06-04 22:33:00,-0.024089159122638648
2020-06-04 22:36:00,0.010948411954530002
2020-06-04 22:39:00,0.0972753634546848
2020-06-04 22:42:00,0.005898362972857285
2020-06-04 22:45:00,-0.029092570562170295
2020-06-04 22:48:00,-0.009150487026204246
2020-06-04 22:51:00,-0.08520667990546826
2020-06-04 22:54:00,-0.09171492829426597
2020-06-04 22:57:00,-0.12555715825453717
2020-06-04 23:00:00,-0.028770375159126615
2020-06-04 23:03:00,-0.12259318247646434
2020-06-04 23:06:00,-0.07236224659493473
2020-06-04 23:09:00,-0.04161455234446976
2020-06-04 23:12:00,-0.024175531644004877
2020-06-04 23:15:00,-0.05804831710105418
2020-06-04 23:18:00,-0.06934366794428115
2020-06-04 23:21:00,0.026525780179781577
2020-06-04 23:24:00,-0.044585553887088736
2020-06-04 23:27:00,0.044482745971890836
2020-06-04 23:30:00,-0.02303498407815141
2020-06-04 23:33:00,-0.03356396688559471
2020-06-04 23:36:00,0.04749189112322938
2020-06-04 23:39:00,-0.008007083055076691
2020-06-04 23:42:00,-0.11606412253343024
2020-06-04 23:45:00,0.0935863959387575
2020-06-04 23:48:00,0.0862467791047834
2020-06-04 23:51:00,-0.019202898452306272
2020-06-04 23:54:00,0.08795491718041148
2020-06-04 23:57:00,0.03867414272684755
2020-06-05 00:00:00,0.08058286147581839
2020-06-05 00:03:00,-0.02522769897825583
2020-06-05 00:06:00,-0.012209505892030847
2020-06-05 00:09:00,0.04558705828623033
2020-06-05 00:12:00,-0.008948000846146442
2020-06-05 00:15:00,0.09578374042268933
2020-06-05 00:18:00,0.054766324992783666
2020-06-05 00:21:00,0.05121585362780934
2020-06-05 00:24:00,0.0917261327500114
2020-06-05 00:27:00,0.08985494613403944
2020-06-05 00:30:00,0.14615652692521053
2020-06-05 00:33:00,0.12455469585853507
2020-06-05 00:36:00,0.07566969970997661
2020-06-05 00:39:00,0.08856581000054575
2020-06-05 00:42:00,0.1796393654910844
2020-06-05 00:45:00,0.1647290881464869
2020-06-05 00:48:00,0.08915009081300695
2020-06-05 00:51:00,0.14587067933098297
2020-06-05 00:54:00,0.060925282790833535
2020-06-05 00:57:00,0.12400712731550811
2020-06-05 01:00:00,0.24022875194236804
2020-06-05 01:03:00,0.1582702306818078
2020-06-05 01:06:00,0.10908925368153177
2020-06-05 01:09:00,0.15598301863377628
2020-06-05 01:12:00,0.10398037913921598
2020-06-05 01:15:00,0.17102097142054618
2020-06-05 01:18:00,0.10875915241985012
2020-06-05 01:21:00,0.09174035008629744
2020-06-05 01:24:00,0.08758003036621176
2020-06-05 01:27:00,0.17628265016810474
2020-06-05 01:30:00,0.09771128122781647
2020-06-05 01:33:00,0.10881699042391801
2020-06-05 01:36:00,0.15123308889400278
2020-06-05 01:39:00,0.007813318401758806
2020-06-05 01:42:00,0.1112682799998197
2020-06-05 01:45:00,0.10331641977393247
2020-06-05 01:48:00,0.04784238058198298
2020-06-05 01:51:00,0.04167534361556591
2020-06-05 01:54:00,0.16758758987896272
2020-06-05 01:57:00,0.2081106828456427
2020-06-05 02:00:00,0.17528127274158578
2020-06-05 02:03:00,0.1752249897616025
2020-06-05 02:06:00,0.13789330653207799
2020-06-05 02:09:00,0.20147046646019362
2020-06-05 02:12:00,0.1725667104974491
2020-06-05 02:15:00,0.12360856056614011
2020-06-05 02:18:00,0.1378854054275962
2020-06-05 02:21:00,0.1923484132142903
2020-06-05 02:24:00,0.220442810174859
2020-06-05 02:27:00,0.1557649825024896
2020-06-05 02:30:00,0.1523555960470162
2020-06-05 02:33:00,0.2636898202036946
2020-06-05 02:36:00,0.20110717013602653
2020-06-05 02:39:00,0.1423195853190009
2020-06-05 02:42:00,0.1575058036571022
2020-06-05 02:45:00,0.15851974405342162
2020-06-05 02:48:00,0.13865754086509696
2020-06-05 02:51:00,0.11743563840877869
2020-06-05 02:54:00,0.26966589036237565
2020-06-05 02:57:00,0.20139060175648638
2020-06-05 03:00:00,0.21873934634220404
2020-06-05 03:03:00,0.23584873485344815
2020-06-05 03:06:00,0.18713884802565417
2020-06-05 03:09:00,0.21175426860742164
2020-06-05 03:12:00,0.18464016125670923
2020-06-05 03:15:00,0.16221785045019033
2020-06-05 03:18:00,0.21138443314822553
2020-06-05 03:21:00,0.21910946282594068
2020-06-05 03:24:00,0.176337307763049
2020-06-05 03:27:00,0.22683857533644414
2020-06-05 03:30:00,0.20959027237097416
2020-06-05 03:33:00,0.3264000941044287
2020-06-05 03:36:00,0.18757846701754488
2020-06-05 03:39:00,0.10107391756582729
2020-06-05 03:42:00,0.1617391346999284
2020-06-05 03:45:00,0.2808298654771306
2020-06-05 03:48:00,0.17001957904057008
2020-06-05 03:51:00,0.2324639185054025
2020-06-05 03:54:00,0.16020616434309431
2020-06-05 03:57:00,0.24153467737716028
2020-06-05 04:00:00,0.2553090892046157
2020-06-05 04:03:00,0.1663085314432351
2020-06-05 04:06:00,0.17184618075373237
2020-06-05 04:09:00,0.28227945738410654
2020-06-05 04:12:00,0.16554980392771768
2020-06-05 04:15:00,0.12861689368173757
2020-06-05 04:18:00,0.2718091361507504
2020-06-05 04:21:00,0.1436485217583936
2020-06-05 04:24:00,0.23782643359106714
2020-06-05 04:27:00,0.24282914192076532
2020-06-05 04:30:00,0.21093539666452443
2020-06-05 04:33:00,0.1857088458420435
2020-06-05 04:36:00,0.17210485337483306
2020-06-05 04:39:00,0.2996820987074216
2020-06-05 04:42:00,0.2525172656320933
2020-06-05 04:45:00,0.2211676531570106
2020-06-05 04:48:00,0.1972676208903863
2020-06-05 04:51:00,0.25972134419447457
2020-06-05 04:54:00,0.2401319584872681
2020-06-05 04:57:00,0.19466157198684186
2020-06-05 05:00:00,0.18099217706856052
2020-06-05 05:03:00,0.28600846290487425
2020-06-05 05:06:00,0.1935457983151423
2020-06-05 05:09:00,0.23040989305440007
2020-06-05 05:12:00,0.22464108204155764
2020-06-05 05:15:00,0.15859690024387874
2020-06-05 05:18:00,0.26158985669729873
2020-06-05 05:21:00,0.23430065302261482
2020-06-05 05:24:00,0.25971149980085784
2020-06-05 05:27:00,0.3769611636491277
2020-06-05 05:30:00,0.2707324225676757
2020-06-05 05:33:00,0.1899984077893464
2020-06-05 05:36:00,0.2542890453393625
2020-06-05 05:39:00,0.23296583986211772
2020-06-05 05:42:00,0.3026277795772785
2020-06-05 05:45:00,0.14268230211462196
2020-06-05 05:48:00,0.2227883237377455
2020-06-05 05:51:00,0.23899277513407924
2020-06-05 05:54:00,0.20880441841114816
2020-06-05 05:57:00,0.18896048221921546
2020-06-05 06:00:00,0.1314202410756593
2020-06-05 06:03:00,0.16341529590459913
2020-06-05 06:06:00,0.21367996667140687
2020-06-05 06:09:00,0.21219133703243642
2020-06-05 06:12:00,0.17265161605951107
2020-06-05 06:15:00,0.2123620124262402
2020-06-05 06:18:00,0.15807481894194098
2020-06-05 06:21:00,0.12364968853216851
2020-06-05 06:24:00,0.2087278886830859
2020-06-05 06:27:00,0.1647151104386353
2020-06-05 06:30:00,0.21417463198071118
2020-06-05 06:33:00,0.09843410751750525
2020-06-05 06:36:00,0.19865587243350546
2020-06-05 06:39:00,0.24277535700190356
2020-06-05 06:42:00,0.3177996624670527
2020-06-05 06:45:00,0.2854611919804029
2020-06-05 06:48:00,0.16060121893559653
2020-06-05 06:51:00,0.12459226394594225
2020-06-05 06:54:00,0.1816163940547426
2020-06-05 06:57:00,0.20178554642643576
2020-06-05 07:00:00,0.249239297377585
2020-06-05 07:03:00,0.20191139287845772
2020-06-05 07:06:00,0.23064003348383721
2020-06-05 07:09:00,0.22935693316924244
2020-06-05 07:12:00,0.19287969562805074
2020-06-05 07:15:00,0.19622026302226914
2020-06-05 07:18:00,0.20627905525094548
2020-06-05 07:21:00,0.33215227494503097
2020-06-05 07:24:00,0.2591442664751753
2020-06-05 07:27:00,0.2483341172645055
2020-06-05 07:30:00,0.1348175319717484
2020-06-05 07:33:00,0.21523550065535346
2020-06-05 07:36:00,0.18662944156534422
2020-06-05 07:39:00,0.14774558147956895
2020-06-05 07:42:00,0.2616298193566422
2020-06-05 07:45:00,0.1925445120542122
2020-06-05 07:48:00,0.24659093928801212
2020-06-05 07:51:00,0.21447118546490174
2020-06-05 07:54:00,0.15344085072968028
2020-06-05 07:57:00,0.25636890533809265
2020-06-05 08:00:00,0.2351122853316383
2020-06-05 08:03:00,0.15755415415031848
2020-06-05 08:06:00,0.24360354924539251
2020-06-05 08:09:00,0.09050409727279884
2020-06-05 08:12:00,0.19526437059232649
2020-06-05 08:15:00,0.14953055169536356
2020-06-05 08:18:00,0.15721664834984495
2020-06-05 08:21:00,0.2538401189322599
2020-06-05 08:24:00,0.15111403703104997
2020-06-05 08:27:00,0.18042616736187256
2020-06-05 08:30:00,0.22203361926261778
2020-06-05 08:33:00,0.16199503773520973
2020-06-05 08:36:00,0.2112075101985056
2020-06-05 08:39:00,0.1634603122118392
2020-06-05 08:42:00,0.15517944948049944
2020-06-05 08:45:00,0.10260570198164487
2020-06-05 08:48:00,0.02055867619736773
2020-06-05 08:51:00,0.15857863498763436
2020-06-05 08:54:00,0.1157248079067017
2020-06-05 08:57:00,0.05451094574772242
2020-06-05 09:00:00,0.12431712947608275
2020-06-05 09:03:00,0.025392558285375344
2020-06-05 09:06:00,0.06408453304669592
2020-06-05 09:09:00,0.15772103704989604
2020-06-05 09:12:00,0.10296347810117368
2020-06-05 09:15:00,-0.006365237832937964
2020-06-05 09:18:00,0.059312493865945726
2020-06-05 09:21:00,-0.014734349498894517
2020-06-05 09:24:00,-0.0024671801031672658
2020-06-05 09:27:00,-0.04045223778257423
2020-06-05 09:30:00,-0.07746860957399804
2020-06-05 09:33:00,0.011685512262147313
2020-06-05 09:36:00,0.04099908784399986
2020-06-05 09:39:00,-0.09850833497267786
2020-06-05 09:42:00,0.010615622204738884
2020-06-05 09:45:00,-0.047560089363514635
2020-06-05 09:48:00,-0.05791597678495464
2020-06-05 09:51:00,-0.02915464311007554
2020-06-05 09:54:00,-0.03262567336594202
2020-06-05 09:57:00,-0.03996530409438037
2020-06-05 10:00:00,-0.031691634653213896
2020-06-05 10:03:00,-0.06123080053225749
2020-06-05 10:06:00,-0.1251088772107778
2020-06-05 10:09:00,-0.031354797679057356
2020-06-05 10:12:00,-0.1344996958140996
2020-06-05 10:15:00,-0.12717760084541396
2020-06-05 10:18:00,-0.12537239647127763
2020-06-05 10:21:00,-0.1259932521356859
2020-06-05 10:24:00,-0.018975575443505477
2020-06-05 10:27:00,-0.1911724313638956
2020-06-05 10:30:00,-0.17838010240603808
2020-06-05 10:33:00,-0.18564400832667616
2020-06-05 10:36:00,-0.11097001242330862
2020-06-05 10:39:00,-0.13637463824892393
2020-06-05 10:42:00,-0.2112312064700177
2020-06-05 10:45:00,-0.17789147170407205
2020-06-05 10:48:00,-0.14692525221937558
2020-06-05 10:51:00,-0.27743370054662364
2020-06-05 10:54:00,-0.2552834495900811
2020-06-05 10:57:00,-0.15092339240925412
2020-06-05 11:00:00,-0.2466613158089217
2020-06-05 11:03:00,-0.2835638725317722
2020-06-05 11:06:00,-0.24691714847421053
2020-06-05 11:09:00,-0.16996851816537628
2020-06-05 11:12:00,-0.23285367885091546
2020-06-05 11:15:00,-0.23449064000902808
2020-06-05 11:18:00,-0.2110580774110531
2020-06-05 11:21:00,-0.2419865137094348
2020-06-05 11:24:00,-0.3093641348164624
2020-06-05 11:27:00,-0.26155420465033785
2020-06-05 11:30:00,-0.19712059843391216
2020-06-05 11:33:00,-0.2762391423949566
2020-06-05 11:36:00,-0.332458315105157
2020-06-05 11:39:00,-0.3854041339544665
2020-06-05 11:42:00,-0.25126910888315024
2020-06-05 11:45:00,-0.2658354737148443
2020-06-05 11:48:00,-0.3175909956532337
2020-06-05 11:51:00,-0.1999482822472487
2020-06-05 11:54:00,-0.3004425341523529
2020-06-05 11:57:00,-0.2431612551077933
2020-06-05 12:00:00,-0.3808544090658188
2020-06-05 12:03:00,-0.3027546948469535
2020-06-05 12:06:00,-0.4354294968675845
2020-06-05 12:09:00,-0.2733971759409428
2020-06-05 12:12:00,-0.3417553585808264
2020-06-05 12:15:00,-0.25910413190661075
2020-06-05 12:18:00,-0.3603352953961121
2020-06-05 12:21:00,-0.3518080673295003
2020-06-05 12:24:00,-0.37699638931866275
2020-06-05 12:27:00,-0.3449614751580157
2020-06-05 12:30:00,-0.3106319044010206
2020-06-05 12:33:00,-0.30091421527930606
2020-06-05 12:36:00,-0.3288170978538574
2020-06-05 12:39:00,-0.3960534237278921
2020-06-05 12:42:00,-0.37983292026848403
2020-06-05 12:45:00,-0.39664319266540815
2020-06-05 12:48:00,-0.3989110606019608
2020-06-05 12:51:00,-0.30231288656597144
2020-06-05 12:54:00,-0.2585637043109159
2020-06-05 12:57:00,-0.44152056095691705
2020-06-05 13:00:00,-0.40989624089581866
2020-06-05 13:03:00,-0.3567967179072298
2020-06-05 13:06:00,-0.34122467610222884
2020-06-05 13:09:00,-0.31243592997066116
2020-06-05 13:12:00,-0.2238725226844167
2020-06-05 13:15:00,-0.22130178713899795
2020-06-05 13:18:00,-0.25202901461835836
2020-06-05 13:21:00,-0.1381487763816267
2020-06-05 13:24:00,-0.13913145505074453
2020-06-05 13:27:00,-0.24861637801103598
2020-06-05 13:30:00,-0.17605782830344197
2020-06-05 13:33:00,-0.31319692820636647
2020-06-05 13:36:00,-0.33715991161955117
2020-06-05 13:39:00,-0.27952473355952634
2020-06-05 13:42:00,-0.28917443585766023
2020-06-05 13:45:00,-0.42823258779372964
2020-06-05 13:48:00,-0.3455219607494655
2020-06-05 13:51:00,-0.34595408501479596
2020-06-05 13:54:00,-0.4704642225074167
2020-06-05 13:57:00,-0.5046675866051942
2020-06-05 14:00:00,-0.45419344411720886
2020-06-05 14:03:00,-0.42965774435856474
2020-06-05 14:06:00,-0.4941805767797973
2020-06-05 14:09:00,-0.43927780721031695
2020-06-05 14:12:00,-0.47361304413158223
2020-06-05 14:15:00,-0.5169252577549059
2020-06-05 14:18:00,-0.5086073828667281
2020-06-05 14:21:00,-0.4373420954906919
2020-06-05 14:24:00,-0.4991699601964683
2020-06-05 14:27:00,-0.4717548443950932
2020-06-05 14:30:00,-0.5058889743218629
2020-06-05 14:33:00,-0.38674022464624613
2020-06-05 14:36:00,-0.34786612005905226
2020-06-05 14:39:00,-0.3917242499932172
2020-06-05 14:42:00,-0.3648997453551601
2020-06-05 14:45:00,-0.3932257043234131
2020-06-05 14:48:00,-0.47185551327675057
2020-06-05 14:51:00,-0.44084013221743135
2020-06-05 14:54:00,-0.509101985696077
2020-06-05 14:57:00,-0.49282308052863755
2020-06-05 15:00:00,-0.4708586498478553
2020-06-05 15:03:00,-0.5600175304975892
2020-06-05 15:06:00,-0.5040105290295855
2020-06-05 15:09:00,-0.5224929370884865
2020-06-05 15:12:00,-0.5345711096269952
2020-06-05 15:15:00,-0.4608046686134344
2020-06-05 15:18:00,-0.5950123750245666
2020-06-05 15:21:00,-0.49795062188667316
2020-06-05 15:24:00,-0.526204271115887
2020-06-05 15:27:00,-0.48368382572897417
2020-06-05 15:30:00,-0.5469872692519289
2020-06-05 15:33:00,-0.45908366734846595
2020-06-05 15:36:00,-0.4637464724754068
2020-06-05 15:39:00,-0.5229077406005445
2020-06-05 15:42:00,-0.43656131157229083
2020-06-05 15:45:00,-0.5548293958640329
2020-06-05 15:48:00,-0.6216992737876126
2020-06-05 15:51:00,-0.4538634519128095
2020-06-05 15:54:00,-0.4495781595126118
2020-06-05 15:57:00,-0.4524850734824213
2020-06-05 16:00:00,-0.4832039178363061
2020-06-05 16:03:00,-0.531675445605515
2020-06-05 16:06:00,-0.47558229545688846
2020-06-05 16:09:00,-0.5298703176015351
2020-06-05 16:12:00,-0.541474198410981
2020-06-05 16:15:00,-0.5117908283102679
2020-06-05 16:18:00,-0.5204492722226064
2020-06-05 16:21:00,-0.48181056918986087
2020-06-05 16:24:00,-0.5175008381962698
2020-06-05 16:27:00,-0.4786212666258507
2020-06-05 16:30:00,-0.540127341074367
2020-06-05 16:33:00,-0.5097731969999018
2020-06-05 16:36:00,-0.49313781106712895
2020-06-05 16:39:00,-0.5120296572726488
2020-06-05 16:42:00,-0.409955070490696
2020-06-05 16:45:00,-0.46414972837618507
2020-06-05 16:48:00,-0.3943397489289282
2020-06-05 16:51:00,-0.3409955449228619
2020-06-05 16:54:00,-0.4484223349139711
2020-06-05 16:57:00,-0.39774032055356656
2020-06-05 17:00:00,-0.4045916916805936
2020-06-05 17:03:00,-0.4380021595806056
2020-06-05 17:06:00,-0.43166411292452267
2020-06-05 17:09:00,-0.48706998181563677
2020-06-05 17:12:00,-0.44082178244843817
2020-06-05 17:15:00,-0.43086109032367403
2020-06-05 17:18:00,-0.39305685769159027
2020-06-05 17:21:00,-0.44977681261514135
2020-06-05 17:24:00,-0.3642394501010813
2020-06-05 17:27:00,-0.39410305032993165
2020-06-05 17:30:00,-0.29114618342180165
2020-06-05 17:33:00,-0.3632106192989113
2020-06-05 17:36:00,-0.44052448749181394
2020-06-05 17:39:00,-0.3614939641544197
2020-06-05 17:42:00,-0.3183066158959491
2020-06-05 17:45:00,-0.2996090659019046
2020-06-05 17:48:00,-0.3376552899495664
2020-06-05 17:51:00,-0.25145176473068886
2020-06-05 17:54:00,-0.2285149186981812
2020-06-05 17:57:00,-0.2756636033904556
2020-06-05 18:00:00,-0.21011215931025617
2020-06-05 18:03:00,-0.2140939773869377
2020-06-05 18:06:00,-0.26766221996041395
2020-06-05 18:09:00,-0.1912395405015559
2020-06-05 18:12:00,-0.11429367322767803
2020-06-05 18:15:00,-0.15689488301939036
2020-06-05 18:18:00,-0.2316426686213049
2020-06-05 18:21:00,-0.1834089066431943
2020-06-05 18:24:00,-0.20585956154161522
2020-06-05 18:27:00,-0.2535756973451271
2020-06-05 18:30:00,-0.20079765788977966
2020-06-05 18:33:00,-0.26394487279384293
2020-06-05 18:36:00,-0.17134031090154167
2020-06-05 18:39:00,-0.18282541585631407
2020-06-05 18:42:00,-0.15836037853779317
2020-06-05 18:45:00,-0.27427002889510277
2020-06-05 18:48:00,-0.20105845122918709
2020-06-05 18:51:00,-0.19683567176878114
2020-06-05 18:54:00,
2020-06-05 18:57:00,
2020-06-05 19:00:00,
2020-06-05 19:03:00,-0.23239321576659222
2020-06-05 19:06:00,-0.17050138601933895
2020-06-05 19:09:00,-0.1789012137759869
2020-06-05 19:12:00,-0.15084565947387318
2020-06-05 19:15:00,-0.10168258785387252
2020-06-05 19:18:00,-0.17778822714075204
2020-06-05 19:21:00,-0.1408370118361404
2020-06-05 19:24:00,-0.10973360603293258
2020-06-05 19:27:00,-0.17383849146847297
2020-06-05 19:30:00,-0.13659144259543154
2020-06-05 19:33:00,-0.24265319243704653
2020-06-05 19:36:00,-0.08274184713678778
2020-06-05 19:39:00,-0.14292082313306764
2020-06-05 19:42:00,-0.06484709043843395
2020-06-05 19:45:00,-0.06405580169138148
2020-06-05 19:48:00,-0.20156925858935892
2020-06-05 19:51:00,-0.13707978538479892
2020-06-05 19:54:00,-0.17235602083309232
2020-06-05 19:57:00,-0.18805640639760668
2020-06-05 20:00:00,-0.2084331270169173
2020-06-05 20:03:00,-0.16552210470922546
2020-06-05 20:06:00,-0.06258328422370596
2020-06-05 20:09:00,-0.2126450993363278
2020-06-05 20:12:00,-0.12436128271059488
2020-06-05 20:15:00,-0.21334295138348125
2020-06-05 20:18:00,-0.15096685091020845
2020-06-05 20:21:00,-0.0702156427233831
2020-06-05 20:24:00,-0.11314652969429062
2020-06-05 20:27:00,-0.10265980225267413
2020-06-05 20:30:00,-0.08745024513746102
2020-06-05 20:33:00,-0.13744311376274254
2020-06-05 20:36:00,-0.20302342428078646
2020-06-05 20:39:00,-0.2179714339944212
2020-06-05 20:42:00,-0.13856498950787
2020-06-05 20:45:00,-0.0881139446959196
2020-06-05 20:48:00,-0.2122460391608456
2020-06-05 20:51:00,-0.12201103093792653
2020-06-05 20:54:00,-0.20883871247116303
2020-06-05 20:57:00,-0.21253596493880877
2020-06-05 21:00:00,-0.13846902289930085
2020-06-05 21:03:00,-0.13850974488281054
2020-06-05 21:06:00,-0.12308057895006641
2020-06-05 21:09:00,-0.14866983565201508
2020-06-05 21:12:00,-0.10567265138860193
2020-06-05 21:15:00,-0.14046494601143422
2020-06-05 21:18:00,-0.13338019762551312
2020-06-05 21:21:00,-0.1529097670308488
2020-06-05 21:24:00,-0.180432647741668
2020-06-05 21:27:00,-0.0752019510809987
2020-06-05 21:30:00,-0.1504349387471393
2020-06-05 21:33:00,-0.11116532239714161
2020-06-05 21:36:00,-0.20407804468482027
2020-06-05 21:39:00,-0.10451599126059818
2020-06-05 21:42:00,-0.09548305644085531
2020-06-05 21:45:00,-0.1330029859234969
2020-06-05 21:48:00,-0.10949792622585619
2020-06-05 21:51:00,-0.1176044980661004
2020-06-05 21:54:00,-0.07924656196627211
2020-06-05 21:57:00,-0.17926613143828263
2020-06-05 22:00:00,-0.16394979079569794
2020-06-05 22:03:00,-0.09636549713104614
2020-06-05 22:06:00,-0.1377610038773014
2020-06-05 22:09:00,-0.15007457670043323
2020-06-05 22:12:00,-0.13409098955122545
2020-06-05 22:15:00,-0.10187289025031987
2020-06-05 22:18:00,-0.06763832258627644
2020-06-05 22:21:00,-0.09894277042297972
2020-06-05 22:24:00,-0.03118162493217369
2020-06-05 22:27:00,-0.16693282395061715
2020-06-05 22:30:00,-0.07969836514365625
2020-06-05 22:33:00,-0.12994355251566958
2020-06-05 22:36:00,-0.018741216166688446
2020-06-05 22:39:00,-0.03752107293416884
2020-06-05 22:42:00,0.05015931235931248
2020-06-05 22:45:00,0.0044014292977294645
2020-06-05 22:48:00,0.11884315250836153
2020-06-05 22:51:00,0.11375967522172914
2020-06-05 22:54:00,0.03076757938498531
2020-06-05 22:57:00,0.14985199366225288
2020-06-05 23:00:00,-0.04693179049581886
2020-06-05 23:03:00,0.07715990531562511
2020-06-05 23:06:00,-0.05279282215690273
2020-06-05 23:09:00,0.04032138130628482
2020-06-05 23:12:00,-0.004023134776161896
2020-06-05 23:15:00,-0.012468885216321723
2020-06-05 23:18:00,-0.08140249827880552
2020-06-05 23:21:00,-0.026611045224058216
2020-06-05 23:24:00,0.021242848875601794
2020-06-05 23:27:00,0.028030396472388475
2020-06-05 23:30:00,-0.04189914899984615
2020-06-05 23:33:00,-0.06997444741409709
2020-06-05 23:36:00,-0.04001444502796403
2020-06-05 23:39:00,-0.008934279435493409
2020-06-05 23:42:00,-0.05373966444903999
2020-06-05 23:45:00,0.025597238183138415
2020-06-05 23:48:00,0.09509291693609612
2020-06-05 23:51:00,0.11218027012500897
2020-06-05 23:54:00,0.06884554873113302
2020-06-05 23:57:00,0.15953983267019112
2020-06-06 00:00:00,0.1621032539409839
2020-06-06 00:03:00,0.13244576956270748
2020-06-06 00:06:00,0.0920358282644429
2020-06-06 00:09:00,0.10493150529163131
2020-06-06 00:12:00,0.12068618782961948
2020-06-06 00:15:00,0.0914265722235541
2020-06-06 00:18:00,0.14462617067835026
2020-06-06 00:21:00,0.172030681234844
2020-06-06 00:24:00,0.22881874522158796
2020-06-06 00:27:00,0.12142619921087316
2020-06-06 00:30:00,0.06257678715343218
2020-06-06 00:33:00,0.15405266709746002
2020-06-06 00:36:00,0.044997860393436895
2020-06-06 00:39:00,0.12657844133428853
2020-06-06 00:42:00,0.08746670322477712
2020-06-06 00:45:00,0.04056046068319574
2020-06-06 00:48:00,0.09652554370228472
2020-06-06 00:51:00,-0.050306126978910015
2020-06-06 00:54:00,0.04400571195003522
2020-06-06 00:57:00,0.06067018334408658
2020-06-06 01:00:00,0.01644287886631446
2020-06-06 01:03:00,0.07305780314726462
2020-06-06 01:06:00,0.05987704468014954
2020-06-06 01:09:00,0.11618958912214339
2020-06-06 01:12:00,0.18217132665489544
2020-06-06 01:15:00,0.12724526512130296
2020-06-06 01:18:00,0.22200312614847917
2020-06-06 01:21:00,0.16462894939076023
2020-06-06 01:24:00,0.13191348291798022
2020-06-06 01:27:00,0.15475720780005986
2020-06-06 01:30:00,0.1840894821641541
2020-06-06 01:33:00,0.27940564879594376
2020-06-06 01:36:00,0.2591261241701659
2020-06-06 01:39:00,0.3121727598401094
2020-06-06 01:42:00,0.30498156447634983
2020-06-06 01:45:00,0.22244771422361964
2020-06-06 01:48:00,0.15264454278633366
2020-06-06 01:51:00,0.15909008313843742
2020-06-06 01:54:00,0.17182797308396403
2020-06-06 01:57:00,0.1763736700918912
2020-06-06 02:00:00,0.24269054786157085
2020-06-06 02:03:00,0.21813736076222767
2020-06-06 02:06:00,0.24052489695344548
2020-06-06 02:09:00,0.33225154728353345
2020-06-06 02:12:00,0.2149496493795482
2020-06-06 02:15:00,0.3213405528987323
2020-06-06 02:18:00,0.3433896134773704
2020-06-06 02:21:00,0.29632385447632714
2020-06-06 02:24:00,0.34638048761252094
2020-06-06 02:27:00,0.3367368680277991
2020-06-06 02:30:00,0.4090492973197115
2020-06-06 02:33:00,0.47236432885534896
2020-06-06 02:36:00,0.4552476171863873
2020-06-06 02:39:00,0.4012408799716809
2020-06-06 02:42:00,0.42304276963426446
2020-06-06 02:45:00,0.40826306413737257
2020-06-06 02:48:00,0.4509678593099693
2020-06-06 02:51:00,0.48148518387074546
2020-06-06 02:54:00,0.5045647251080254
2020-06-06 02:57:00,0.39059549437405394
2020-06-06 03:00:00,0.36077296863169295
2020-06-06 03:03:00,0.18010245409010395
2020-06-06 03:06:00,0.16263546934311535
2020-06-06 03:09:00,0.15316964990228144
2020-06-06 03:12:00,0.2634664674239957
2020-06-06 03:15:00,0.28088393255745814
2020-06-06 03:18:00,0.370822301825001
2020-06-06 03:21:00,0.3005171797836965
2020-06-06 03:24:00,0.24270524685522332
2020-06-06 03:27:00,0.3382056971171892
2020-06-06 03:30:00,0.4161025352647698
2020-06-06 03:33:00,0.23271594872250034
2020-06-06 03:36:00,0.28648077923759274
2020-06-06 03:39:00,0.2855897950340136
2020-06-06 03:42:00,0.3387452371238169
2020-06-06 03:45:00,0.3401835890661573
2020-06-06 03:48:00,0.32386411811080507
2020-06-06 03:51:00,0.39269270050908744
2020-06-06 03:54:00,0.3173125673007462
2020-06-06 03:57:00,0.30875290721371584
2020-06-06 04:00:00,0.23620128552619235
2020-06-06 04:03:00,0.33025727071452593
2020-06-06 04:06:00,0.3132389976186687
2020-06-06 04:09:00,0.2523134851078339
2020-06-06 04:12:00,0.29602143718886964
2020-06-06 04:15:00,0.4228885757353851
2020-06-06 04:18:00,0.37703548034579626
2020-06-06 04:21:00,0.3235196731239398
2020-06-06 04:24:00,0.4466338969622825
2020-06-06 04:27:00,0.3316778066572965
2020-06-06 04:30:00,0.25540423826907954
2020-06-06 04:33:00,0.33857224934945407
2020-06-06 04:36:00,0.3839050967172284
2020-06-06 04:39:00,0.3478677590522352
2020-06-06 04:42:00,0.29533872179609943
2020-06-06 04:45:00,0.2249087835692194
2020-06-06 04:48:00,0.34054370931022504
2020-06-06 04:51:00,0.3912380365823651
2020-06-06 04:54:00,0.4027349245843084
2020-06-06 04:57:00,0.41832402753021825
2020-06-06 05:00:00,0.3794356816604818
2020-06-06 05:03:00,0.4100876573468213
2020-06-06 05:06:00,0.29958962273275347
2020-06-06 05:09:00,0.3337292346188292
2020-06-06 05:12:00,0.3102805648826461
2020-06-06 05:15:00,0.355134711020753
2020-06-06 05:18:00,0.3107516071136729
2020-06-06 05:21:00,0.3943226574523919
2020-06-06 05:24:00,0.3775632006988303
2020-06-06 05:27:00,0.36966522767875176
2020-06-06 05:30:00,0.3736100949903971
2020-06-06 05:33:00,0.3735635914740669
2020-06-06 05:36:00,0.3445593148084072
2020-06-06 05:39:00,0.24395068828243893
2020-06-06 05:42:00,0.33475714541737034
2020-06-06 05:45:00,0.28572276642643146
2020-06-06 05:48:00,0.2634056768890787
2020-06-06 05:51:00,0.394372304039166
2020-06-06 05:54:00,0.28899026248069504
2020-06-06 05:57:00,0.3320539232162787
2020-06-06 06:00:00,0.38845928619088
2020-06-06 06:03:00,0.280803544150217
2020-06-06 06:06:00,0.30717632053489297
2020-06-06 06:09:00,0.2334058748609209
2020-06-06 06:12:00,0.2679258425670241
2020-06-06 06:15:00,0.3327189796873995
2020-06-06 06:18:00,0.34976569087314147
2020-06-06 06:21:00,0.2633285423108873
2020-06-06 06:24:00,0.44389434279156603
2020-06-06 06:27:00,0.39852057736322877
2020-06-06 06:30:00,0.3206260203988336
2020-06-06 06:33:00,0.3569091133969664
2020-06-06 06:36:00,0.3380370418075245
2020-06-06 06:39:00,0.3383262300634442
2020-06-06 06:42:00,0.3958809185922405
2020-06-06 06:45:00,0.47386139789557546
2020-06-06 06:48:00,0.4165230289619899
2020-06-06 06:51:00,0.37321003987875656
2020-06-06 06:54:00,0.34200883652704306
2020-06-06 06:57:00,0.35378680276107843
2020-06-06 07:00:00,0.4082814906749377
2020-06-06 07:03:00,0.3620370593426401
2020-06-06 07:06:00,0.3644090400014761
2020-06-06 07:09:00,0.3498011487044437
2020-06-06 07:12:00,0.3663286520853717
2020-06-06 07:15:00,0.2510703966832466
2020-06-06 07:18:00,0.28232497556808767
2020-06-06 07:21:00,0.39773357007146615
2020-06-06 07:24:00,0.3258381260534975
2020-06-06 07:27:00,0.3637688083779267
2020-06-06 07:30:00,0.32915915976946053
2020-06-06 07:33:00,0.3196858846424675
2020-06-06 07:36:00,0.38993762747179517
2020-06-06 07:39:00,0.34682156999548397
2020-06-06 07:42:00,0.3345545615736114
2020-06-06 07:45:00,0.33441628587593186
2020-06-06 07:48:00,0.33076446279977745
2020-06-06 07:51:00,0.23832122485441687
2020-06-06 07:54:00,0.3235412894828187
2020-06-06 07:57:00,0.27531793420826034
2020-06-06 08:00:00,0.291848918783046
2020-06-06 08:03:00,0.2982841984991751
2020-06-06 08:06:00,0.3325763051804529
2020-06-06 08:09:00,0.2635471096115225
2020-06-06 08:12:00,0.2225030167973614
2020-06-06 08:15:00,0.27560812278193225
2020-06-06 08:18:00,0.18768331586545628
2020-06-06 08:21:00,0.25357286043225713
2020-06-06 08:24:00,0.23822561833202371
2020-06-06 08:27:00,0.20646496602171283
2020-06-06 08:30:00,0.280580757312066
2020-06-06 08:33:00,0.2444842023826368
2020-06-06 08:36:00,0.25917912248741004
2020-06-06 08:39:00,0.22610579920535656
2020-06-06 08:42:00,0.351826709128261
2020-06-06 08:45:00,0.2718998445029115
2020-06-06 08:48:00,0.37456739405314465
2020-06-06 08:51:00,0.33763518084163024
2020-06-06 08:54:00,0.37638829761482384
2020-06-06 08:57:00,0.30691070126425757
2020-06-06 09:00:00,0.37236695731883174
2020-06-06 09:03:00,0.25073610233346244
2020-06-06 09:06:00,0.23914361204754186
2020-06-06 09:09:00,0.26795833755181775
2020-06-06 09:12:00,0.23603024510447312
2020-06-06 09:15:00,0.2807020509653171
2020-06-06 09:18:00,0.1717964608865259
2020-06-06 09:21:00,0.2976546679182661
2020-06-06 09:24:00,0.22701575242911076
2020-06-06 09:27:00,0.3158701501169503
2020-06-06 09:30:00,0.26253009078101286
2020-06-06 09:33:00,0.25675459773918874
2020-06-06 09:36:00,0.2976672867822572
2020-06-06 09:39:00,0.3350227772793346
2020-06-06 09:42:00,0.23172447679451125
2020-06-06 09:45:00,0.19550616761995343
2020-06-06 09:48:00,0.2962515844524205
2020-06-06 09:51:00,0.3011233159974722
2020-06-06 09:54:00,0.23373809894087572
2020-06-06 09:57:00,0.3459441937849306
2020-06-06 10:00:00,0.3243698168534479
2020-06-06 10:03:00,0.19671020009161566
2020-06-06 10:06:00,0.2546853694545348
2020-06-06 10:09:00,0.23055967288905777
2020-06-06 10:12:00,0.13425503734680433
2020-06-06 10:15:00,0.2193543979964261
2020-06-06 10:18:00,0.23310179067192394
2020-06-06 10:21:00,0.2745644731156176
2020-06-06 10:24:00,0.25244939908679953
2020-06-06 10:27:00,0.2788349695682655
2020-06-06 10:30:00,0.10449385877865325
2020-06-06 10:33:00,0.20320043786011865
2020-06-06 10:36:00,0.2649645702510952
2020-06-06 10:39:00,0.19945023401743356
2020-06-06 10:42:00,0.22230085034863123
2020-06-06 10:45:00,0.2521752618587243
2020-06-06 10:48:00,0.15570136830297088
2020-06-06 10:51:00,0.07737527012841383
2020-06-06 10:54:00,0.16915231561637256
2020-06-06 10:57:00,0.08725966041470201
2020-06-06 11:00:00,0.1554860201014776
2020-06-06 11:03:00,0.22181300388888303
2020-06-06 11:06:00,0.11991384228451807
2020-06-06 11:09:00,0.1292809870068936
2020-06-06 11:12:00,0.15449194076086314
2020-06-06 11:15:00,0.16041972019104378
2020-06-06 11:18:00,0.1356444428866439
2020-06-06 11:21:00,0.1727531581447579
2020-06-06 11:24:00,0.10190758631205199
2020-06-06 11:27:00,0.0621606029690156
2020-06-06 11:30:00,0.12321571390657482
2020-06-06 11:33:00,0.09428973111585037
2020-06-06 11:36:00,0.013913447172399174
2020-06-06 11:39:00,0.1131413284580276
2020-06-06 11:42:00,0.05058844927435757
2020-06-06 11:45:00,0.15127286195172474
2020-06-06 11:48:00,0.06238358584857906
2020-06-06 11:51:00,0.058804124732318996
2020-06-06 11:54:00,0.08656969100957213
2020-06-06 11:57:00,0.138780864934688
2020-06-06 12:00:00,0.09651302190007982
2020-06-06 12:03:00,0.05943817486837588
2020-06-06 12:06:00,0.060013978083475195
2020-06-06 12:09:00,0.015853880716861113
2020-06-06 12:12:00,0.01894755957863481
2020-06-06 12:15:00,-0.004736625394968996
2020-06-06 12:18:00,0.045489947602789016
2020-06-06 12:21:00,0.0019130729484118092
2020-06-06 12:24:00,0.11644022219866201
2020-06-06 12:27:00,0.05375675857641227
2020-06-06 12:30:00,0.041093871876796584
2020-06-06 12:33:00,-0.07375069246592147
2020-06-06 12:36:00,0.0461228039728212
2020-06-06 12:39:00,0.03243345283379995
2020-06-06 12:42:00,-0.053857427167884
2020-06-06 12:45:00,-0.07727724305448191
2020-06-06 12:48:00,-0.037995354116958424
2020-06-06 12:51:00,-0.02694310698859681
2020-06-06 12:54:00,-0.11551021582431531
2020-06-06 12:57:00,-0.05426398741184357
2020-06-06 13:00:00,-0.16310979983961715
2020-06-06 13:03:00,-0.11684549741733008
2020-06-06 13:06:00,-0.14593798936510893
2020-06-06 13:09:00,-0.16011232614579285
2020-06-06 13:12:00,-0.0929749849405539
2020-06-06 13:15:00,-0.11033209882964456
2020-06-06 13:18:00,-0.32157082259823255
2020-06-06 13:21:00,-0.1258513820060898
2020-06-06 13:24:00,-0.1527880409924478
2020-06-06 13:27:00,-0.28484841495458113
2020-06-06 13:30:00,-0.24419090077560668
2020-06-06 13:33:00,-0.2424868251487169
2020-06-06 13:36:00,-0.2661681210394704
2020-06-06 13:39:00,-0.29438511563228076
2020-06-06 13:42:00,-0.2881825024472846
2020-06-06 13:45:00,-0.20414486919401043
2020-06-06 13:48:00,-0.22483245458761303
2020-06-06 13:51:00,-0.33155937346771225
2020-06-06 13:54:00,-0.2768251031386626
2020-06-06 13:57:00,-0.3050666439423253
2020-06-06 14:00:00,-0.33760080049580665
2020-06-06 14:03:00,-0.3746015264518405
2020-06-06 14:06:00,-0.406162853392118
2020-06-06 14:09:00,-0.3148746567240437
2020-06-06 14:12:00,-0.37963927243174567
2020-06-06 14:15:00,-0.4278306020812579
2020-06-06 14:18:00,-0.4686536832851971
2020-06-06 14:21:00,-0.3755188720380147
2020-06-06 14:24:00,-0.31268951010565615
2020-06-06 14:27:00,-0.3793822123830637
2020-06-06 14:30:00,-0.3127679435881987
2020-06-06 14:33:00,-0.3590032104705756
2020-06-06 14:36:00,-0.4527645021460671
2020-06-06 14:39:00,-0.3969280358271021
2020-06-06 14:42:00,-0.37113136057053
2020-06-06 14:45:00,-0.379500300311463
2020-06-06 14:48:00,-0.4451692406149732
2020-06-06 14:51:00,-0.3250056763554312
2020-06-06 14:54:00,-0.2627093204756079
2020-06-06 14:57:00,-0.37324190050480865
2020-06-06 15:00:00,-0.29887868859958644
2020-06-06 15:03:00,-0.30032648748613155
2020-06-06 15:06:00,-0.2806135806512202
2020-06-06 15:09:00,-0.2958812803661317
2020-06-06 15:12:00,-0.32247267785078293
2020-06-06 15:15:00,-0.2667626346276393
2020-06-06 15:18:00,-0.25814609100177677
2020-06-06 15:21:00,-0.29299994276374264
2020-06-06 15:24:00,-0.2568040348098748
2020-06-06 15:27:00,-0.363158312674841
2020-06-06 15:30:00,-0.3449074354016375
2020-06-06 15:33:00,-0.28611088978607313
2020-06-06 15:36:00,-0.3730036950627209
2020-06-06 15:39:00,-0.39519101995188066
2020-06-06 15:42:00,-0.3429945754949699
2020-06-06 15:45:00,-0.3375418668967427
2020-06-06 15:48:00,-0.46036646470145115
2020-06-06 15:51:00,-0.2889271311340167
2020-06-06 15:54:00,-0.4229661906927049
2020-06-06 15:57:00,-0.3422570088027328
2020-06-06 16:00:00,-0.39220630353077013
2020-06-06 16:03:00,-0.38352550568345123
2020-06-06 16:06:00,-0.3985989021178966
2020-06-06 16:09:00,-0.5050153636479422
2020-06-06 16:12:00,-0.3049487772885868
2020-06-06 16:15:00,-0.2949140369956922
2020-06-06 16:18:00,-0.4359753370285375
2020-06-06 16:21:00,-0.37195539814183576
2020-06-06 16:24:00,-0.41106526159819623
2020-06-06 16:27:00,-0.4051039619550352
2020-06-06 16:30:00,-0.2706060167754458
2020-06-06 16:33:00,-0.3548838109149983
2020-06-06 16:36:00,-0.3179081157818473
2020-06-06 16:39:00,-0.4438443616911627
2020-06-06 16:42:00,-0.3080406408711269
2020-06-06 16:45:00,-0.4188198260326885
2020-06-06 16:48:00,-0.38679269124946813
2020-06-06 16:51:00,-0.43008654947033165
2020-06-06 16:54:00,-0.343072446852716
2020-06-06 16:57:00,-0.31743001583868136
2020-06-06 17:00:00,-0.36382414204746283
2020-06-06 17:03:00,-0.30069208096080047
2020-06-06 17:06:00,-0.19454976864562923
2020-06-06 17:09:00,-0.26875894058503036
2020-06-06 17:12:00,-0.305131070793891
2020-06-06 17:15:00,-0.28665567481539256
2020-06-06 17:18:00,-0.22605299064474593
2020-06-06 17:21:00,-0.1784945660412518
2020-06-06 17:24:00,-0.2039541306553474
2020-06-06 17:27:00,-0.17125710663430027
2020-06-06 17:30:00,-0.2099675806202299
2020-06-06 17:33:00,-0.19289716746669683
2020-06-06 17:36:00,-0.15287686429428504
2020-06-06 17:39:00,-0.1907109914460534
2020-06-06 17:42:00,-0.17671915777395952
2020-06-06 17:45:00,-0.148696739291438
2020-06-06 17:48:00,-0.14747843524691007
2020-06-06 17:51:00,-0.1969896476181816
2020-06-06 17:54:00,-0.1133045028124684
2020-06-06 17:57:00,-0.13599200619535168
2020-06-06 18:00:00,-0.10479346851991522
2020-06-06 18:03:00,-0.07711787262871894
2020-06-06 18:06:00,-0.1597648002568235
2020-06-06 18:09:00,-0.12459379688294803
2020-06-06 18:12:00,-0.11494877184941288
2020-06-06 18:15:00,-0.21916589452189328
2020-06-06 18:18:00,-0.18372960996765642
2020-06-06 18:21:00,-0.1169114371282376
2020-06-06 18:24:00,-0.17631621091231864
2020-06-06 18:27:00,-0.16077343151494006
2020-06-06 18:30:00,-0.0853156924644054
2020-06-06 18:33:00,-0.1813565640365482
2020-06-06 18:36:00,-0.08822683001693576
2020-06-06 18:39:00,-0.1722587075910269
2020-06-06 18:42:00,-0.10125101436096884
2020-06-06 18:45:00,-0.1546287569882452
2020-06-06 18:48:00,-0.06600679127581088
2020-06-06 18:51:00,-0.1136885035844557
2020-06-06 18:54:00,
2020-06-06 18:57:00,
2020-06-06 19:00:00,
2020-06-06 19:03:00,-0.13918939490463345
2020-06-06 19:06:00,-0.1355118872853609
2020-06-06 19:09:00,-0.040625442127804945
2020-06-06 19:12:00,-0.04237082861908448
2020-06-06 19:15:00,-0.05949097789039115
2020-06-06 19:18:00,-0.10388802328930069
2020-06-06 19:21:00,-0.05629424206603062
2020-06-06 19:24:00,-0.1406334222294845
2020-06-06 19:27:00,-0.07020466773786893
2020-06-06 19:30:00,-0.07716698821417367
2020-06-06 19:33:00,-0.10836197034802808
2020-06-06 19:36:00,-0.020224151440686455
2020-06-06 19:39:00,-0.043349368559120194
2020-06-06 19:42:00,-0.0884519121935341
2020-06-06 19:45:00,-0.07877284295074105
2020-06-06 19:48:00,-0.0718143311289623
2020-06-06 19:51:00,-0.06605139060826559
2020-06-06 19:54:00,-0.09403934385778712
2020-06-06 19:57:00,-0.11219332066775678
2020-06-06 20:00:00,-0.018915968528233407
2020-06-06 20:03:00,-0.07304704585021682
2020-06-06 20:06:00,-0.17567553058347585
2020-06-06 20:09:00,-0.2155558083244955
2020-06-06 20:12:00,-0.1310645056067301
2020-06-06 20:15:00,-0.10319599325077888
2020-06-06 20:18:00,-0.014859337193058764
2020-06-06 20:21:00,-0.08844277211068174
2020-06-06 20:24:00,-0.1145582331413948
2020-06-06 20:27:00,-0.07960438838949813
2020-06-06 20:30:00,-0.09652956490293718
2020-06-06 20:33:00,-0.11106236634572042
2020-06-06 20:36:00,0.0034043168296875592
2020-06-06 20:39:00,-0.16141981743999168
2020-06-06 20:42:00,-0.06582061620099466
2020-06-06 20:45:00,-0.10964323902470596
2020-06-06 20:48:00,-0.17687543025124342
2020-06-06 20:51:00,-0.057672513410750526
2020-06-06 20:54:00,-0.17026532443384212
2020-06-06 20:57:00,-0.2040816198406219
2020-06-06 21:00:00,-0.24501940559764535
2020-06-06 21:03:00,-0.061280138854158395
2020-06-06 21:06:00,-0.15235085389713277
2020-06-06 21:09:00,-0.09238719922075234
2020-06-06 21:12:00,-0.11249954556194552
2020-06-06 21:15:00,-0.13005360788173448
2020-06-06 21:18:00,0.024664445634812182
2020-06-06 21:21:00,-0.06515513976063403
2020-06-06 21:24:00,0.039802201882650934
2020-06-06 21:27:00,-0.05982547856609699
2020-06-06 21:30:00,-0.08819302597856904
2020-06-06 21:33:00,-0.1467034282038071
2020-06-06 21:36:00,-0.036226860266992844
2020-06-06 21:39:00,-0.02631188120921024
2020-06-06 21:42:00,-0.09921072726638158
2020-06-06 21:45:00,-0.060378684596742005
2020-06-06 21:48:00,-0.19041587319514974
2020-06-06 21:51:00,-0.060254682884533395
2020-06-06 21:54:00,-0.013408434132031744
2020-06-06 21:57:00,-0.031058282656204028
2020-06-06 22:00:00,0.008728920373073379
2020-06-06 22:03:00,-0.035208320257368086
2020-06-06 22:06:00,-0.07595611613515985
2020-06-06 22:09:00,0.06425160300926791
2020-06-06 22:12:00,0.08928917503419598
2020-06-06 22:15:00,0.0006282180584662456
2020-06-06 22:18:00,0.037042843470317166
2020-06-06 22:21:00,-0.013824036155938302
2020-06-06 22:24:00,-0.024552611466219787
2020-06-06 22:27:00,0.07411917941550428
2020-06-06 22:30:00,0.0846552664369824
2020-06-06 22:33:00,0.11085482513846046
2020-06-06 22:36:00,0.11221758826673067
2020-06-06 22:39:00,0.06471334018112884
2020-06-06 22:42:00,0.16167741992234141
2020-06-06 22:45:00,-0.047286972556150886
2020-06-06 22:48:00,-0.019928496412092045
2020-06-06 22:51:00,0.07080459715149345
2020-06-06 22:54:00,0.05571608901243508
2020-06-06 22:57:00,0.0701206479786265
2020-06-06 23:00:00,0.06799884332099282
2020-06-06 23:03:00,0.05806947999718659
2020-06-06 23:06:00,0.11751417672644493
2020-06-06 23:09:00,0.03315989856957913
2020-06-06 23:12:00,0.12092967940060362
2020-06-06 23:15:00,0.05938929367988521
2020-06-06 23:18:00,0.020131962552170535
2020-06-06 23:21:00,0.035190902016609016
2020-06-06 23:24:00,0.000950067769792895
2020-06-06 23:27:00,0.03508602009998185
2020-06-06 23:30:00,0.030982851510032106
2020-06-06 23:33:00,0.07362044511910426
2020-06-06 23:36:00,-0.024532249498463443
2020-06-06 23:39:00,0.10748457863309113
2020-06-06 23:42:00,0.12988733684869658
2020-06-06 23:45:00,0.15771800180334594
2020-06-06 23:48:00,-0.04511901209281177
2020-06-06 23:51:00,0.10829270017063664
2020-06-06 23:54:00,0.031255374517058954
2020-06-06 23:57:00,-0.028530005831214567
2020-06-07 00:00:00,0.05145380388796639
2020-06-07 00:03:00,-0.032824084290723476
2020-06-07 00:06:00,-0.006031286484756038
2020-06-07 00:09:00,0.01822333139892862
2020-06-07 00:12:00,0.013411060097951122
2020-06-07 00:15:00,0.05284974074595539
2020-06-07 00:18:00,0.04441552780355096
2020-06-07 00:21:00,0.09394332916423309
2020-06-07 00:24:00,0.20481342926689194
2020-06-07 00:27:00,0.12091367083360183
2020-06-07 00:30:00,0.1087076651393204
2020-06-07 00:33:00,0.09661906368398832
2020-06-07 00:36:00,0.0639470504696078
2020-06-07 00:39:00,0.21524287939905662
2020-06-07 00:42:00,0.25494322139820724
2020-06-07 00:45:00,0.11819696537457958
2020-06-07 00:48:00,0.21964056362628526
2020-06-07 00:51:00,0.1448391445316588
2020-06-07 00:54:00,0.17068574425775296
2020-06-07 00:57:00,0.08446829378652865
2020-06-07 01:00:00,0.33650026176735537
2020-06-07 01:03:00,0.25968640437292834
2020-06-07 01:06:00,0.21237728001756295
2020-06-07 01:09:00,0.2802564984295941
2020-06-07 01:12:00,0.29311527687400485
2020-06-07 01:15:00,0.10241890874851833
2020-06-07 01:18:00,0.2514437224272683
2020-06-07 01:21:00,0.2839107134997789
2020-06-07 01:24:00,0.1952797395822472
2020-06-07 01:27:00,0.1930023795772513
2020-06-07 01:30:00,0.3244423977515112
2020-06-07 01:33:00,0.2150811135047661
2020-06-07 01:36:00,0.1874320802354532
2020-06-07 01:39:00,0.16489726286249606
2020-06-07 01:42:00,0.3153558247483943
2020-06-07 01:45:00,0.25111308925431786
2020-06-07 01:48:00,0.16592633065442897
2020-06-07 01:51:00,0.21407767420242862
2020-06-07 01:54:00,0.26865994269707016
2020-06-07 01:57:00,0.33148348446434284
2020-06-07 02:00:00,0.2180016285847728
2020-06-07 02:03:00,0.22697220536480245
2020-06-07 02:06:00,0.21555460434672113
2020-06-07 02:09:00,0.3229853609714155
2020-06-07 02:12:00,0.30011286798765013
2020-06-07 02:15:00,0.2526897116000555
2020-06-07 02:18:00,0.3467840997676035
2020-06-07 02:21:00,0.27778874329919745
2020-06-07 02:24:00,0.2883812831771593
2020-06-07 02:27:00,0.29304713648792813
2020-06-07 02:30:00,0.2625559366217658
2020-06-07 02:33:00,0.2573019924201958
2020-06-07 02:36:00,0.3136234130005846
2020-06-07 02:39:00,0.38049420784392396
2020-06-07 02:42:00,0.4088956950943725
2020-06-07 02:45:00,0.2611423902835668
2020-06-07 02:48:00,0.41385486237999203
2020-06-07 02:51:00,0.4445380075233629
2020-06-07 02:54:00,0.4009752629811487
2020-06-07 02:57:00,0.3280393819470646
2020-06-07 03:00:00,0.39301087851856664
2020-06-07 03:03:00,0.35430780492112035
2020-06-07 03:06:00,0.41328756920319165
2020-06-07 03:09:00,0.38551272813617743
2020-06-07 03:12:00,0.4298166154228511
2020-06-07 03:15:00,0.41956748402935773
2020-06-07 03:18:00,0.4021159561996228
2020-06-07 03:21:00,0.23113568592168576
2020-06-07 03:24:00,0.3467695146184724
2020-06-07 03:27:00,0.27200502425296236
2020-06-07 03:30:00,0.30542030417541355
2020-06-07 03:33:00,0.41110689778878395
2020-06-07 03:36:00,0.25885451597685005
2020-06-07 03:39:00,0.33643662010632625
2020-06-07 03:42:00,0.3561913959126173
2020-06-07 03:45:00,0.3224534330400388
2020-06-07 03:48:00,0.40140776278377643
2020-06-07 03:51:00,0.3090553844297119
2020-06-07 03:54:00,0.2828346493569711
2020-06-07 03:57:00,0.31872573878638377
2020-06-07 04:00:00,0.4018697183382187
2020-06-07 04:03:00,0.32182402399257626
2020-06-07 04:06:00,0.22835528790062654
2020-06-07 04:09:00,0.33999754189414944
2020-06-07 04:12:00,0.2812110752302601
2020-06-07 04:15:00,0.2915908612089879
2020-06-07 04:18:00,0.3166626528281995
2020-06-07 04:21:00,0.40372343940532573
2020-06-07 04:24:00,0.34285633454845765
2020-06-07 04:27:00,0.3449207280944506
2020-06-07 04:30:00,0.3105016458566183
2020-06-07 04:33:00,0.24552032362635146
2020-06-07 04:36:00,0.2864589506990569
2020-06-07 04:39:00,0.33850854081907755
2020-06-07 04:42:00,0.40865430201722575
2020-06-07 04:45:00,0.21310414967268798
2020-06-07 04:48:00,0.34428576120814114
2020-06-07 04:51:00,0.3159002446935233
2020-06-07 04:54:00,0.2070429851140716
2020-06-07 04:57:00,0.32719071158334145
2020-06-07 05:00:00,0.283903196349911
2020-06-07 05:03:00,0.25842737450665254
2020-06-07 05:06:00,0.3049161141383365
2020-06-07 05:09:00,0.2744074390079163
2020-06-07 05:12:00,0.3465392123332549
2020-06-07 05:15:00,0.34310510650487913
2020-06-07 05:18:00,0.30399657800302293
2020-06-07 05:21:00,0.41248789036126254
2020-06-07 05:24:00,0.43047710445290477
2020-06-07 05:27:00,0.34235550310245344
2020-06-07 05:30:00,0.41035560891958767
2020-06-07 05:33:00,0.3020662593528982
2020-06-07 05:36:00,0.34421399565957245
2020-06-07 05:39:00,0.365599548926582
2020-06-07 05:42:00,0.5260482075927371
2020-06-07 05:45:00,0.45513602546469656
2020-06-07 05:48:00,0.45371137084316615
2020-06-07 05:51:00,0.3787469832306556
2020-06-07 05:54:00,0.44425728612992543
2020-06-07 05:57:00,0.5108392801511172
2020-06-07 06:00:00,0.43361773281009164
2020-06-07 06:03:00,0.4123741134963552
2020-06-07 06:06:00,0.43411395382281626
2020-06-07 06:09:00,0.5052784508635
2020-06-07 06:12:00,0.4242562176499405
2020-06-07 06:15:00,0.3961677271983035
2020-06-07 06:18:00,0.4091563305711361
2020-06-07 06:21:00,0.37586533307108994
2020-06-07 06:24:00,0.47313330459854797
2020-06-07 06:27:00,0.45197921970685684
2020-06-07 06:30:00,0.4376605399389746
2020-06-07 06:33:00,0.505752187559267
2020-06-07 06:36:00,0.44180944478995343
2020-06-07 06:39:00,0.495391627850438
2020-06-07 06:42:00,0.5321250885599511
2020-06-07 06:45:00,0.45727707967182596
2020-06-07 06:48:00,0.5178258590403857
2020-06-07 06:51:00,0.5040517946234786
2020-06-07 06:54:00,0.5304334038367529
2020-06-07 06:57:00,0.4622353454343511
2020-06-07 07:00:00,0.4617007913730049
2020-06-07 07:03:00,0.5800864325175326
2020-06-07 07:06:00,0.5245456248078426
2020-06-07 07:09:00,0.5343385569021848
2020-06-07 07:12:00,0.46865489864831034
2020-06-07 07:15:00,0.474364812249803
2020-06-07 07:18:00,0.4796906366386793
2020-06-07 07:21:00,0.47300684127941395
2020-06-07 07:24:00,0.5383435032866828
2020-06-07 07:27:00,0.46388290404894406
2020-06-07 07:30:00,0.4929292713523523
2020-06-07 07:33:00,0.42295105730141813
2020-06-07 07:36:00,0.41482448833653507
2020-06-07 07:39:00,0.39380966439802023
2020-06-07 07:42:00,0.3774774532793117
2020-06-07 07:45:00,0.5569727354096585
2020-06-07 07:48:00,0.4222668606454363
2020-06-07 07:51:00,0.32923401334005575
2020-06-07 07:54:00,0.37472247356066646
2020-06-07 07:57:00,0.37579975219313155
2020-06-07 08:00:00,0.3248309093092985
2020-06-07 08:03:00,0.36575632509345724
2020-06-07 08:06:00,0.4011957892431042
2020-06-07 08:09:00,0.22050917998410569
2020-06-07 08:12:00,0.37116707601398957
2020-06-07 08:15:00,0.3300677914468224
2020-06-07 08:18:00,0.31719833582121737
2020-06-07 08:21:00,0.3469862782666837
2020-06-07 08:24:00,0.39660481767089095
2020-06-07 08:27:00,0.33436231758372514
2020-06-07 08:30:00,0.2612219833636118
2020-06-07 08:33:00,0.20250697741266777
2020-06-07 08:36:00,0.2985289182973361
2020-06-07 08:39:00,0.2511521882564125
2020-06-07 08:42:00,0.26470766628870024
2020-06-07 08:45:00,0.24778004988093016
2020-06-07 08:48:00,0.17072740300937994
2020-06-07 08:51:00,0.16885136633601405
2020-06-07 08:54:00,0.25732867829543693
2020-06-07 08:57:00,0.18524482208977133
2020-06-07 09:00:00,0.2995394016479054
2020-06-07 09:03:00,0.218572751378872
2020-06-07 09:06:00,0.15885711460492757
2020-06-07 09:09:00,0.13181616319468503
2020-06-07 09:12:00,0.13105123159550658
2020-06-07 09:15:00,0.10274938548110413
2020-06-07 09:18:00,0.10568943976721812
2020-06-07 09:21:00,0.049371310217907194
2020-06-07 09:24:00,0.029093540257974837
2020-06-07 09:27:00,0.15898766434082745
2020-06-07 09:30:00,0.036661528780769004
2020-06-07 09:33:00,-0.04933008024602259
2020-06-07 09:36:00,0.10655164281763518
2020-06-07 09:39:00,-0.11099475301062967
2020-06-07 09:42:00,-0.04832325327208764
2020-06-07 09:45:00,-0.09292912003297715
2020-06-07 09:48:00,-0.04049180929962404
2020-06-07 09:51:00,-0.11890723209893395
2020-06-07 09:54:00,-0.1643955180754233
2020-06-07 09:57:00,-0.14991899969186306
2020-06-07 10:00:00,-0.08580076273216264
2020-06-07 10:03:00,-0.08591039485190777
2020-06-07 10:06:00,-0.28250976349170287
2020-06-07 10:09:00,-0.17113330685185701
2020-06-07 10:12:00,-0.22096519415100602
2020-06-07 10:15:00,-0.18013969022933907
2020-06-07 10:18:00,-0.21478750307954897
2020-06-07 10:21:00,-0.2349646719672478
2020-06-07 10:24:00,-0.23368453035914172
2020-06-07 10:27:00,-0.28018316383941055
2020-06-07 10:30:00,-0.29898233477678104
2020-06-07 10:33:00,-0.2859101997539142
2020-06-07 10:36:00,-0.19654610324613486
2020-06-07 10:39:00,-0.1986697135315012
2020-06-07 10:42:00,-0.35869054604916073
2020-06-07 10:45:00,-0.29281531033666397
2020-06-07 10:48:00,-0.33848123356182214
2020-06-07 10:51:00,-0.27734301963840835
2020-06-07 10:54:00,-0.39680914233395015
2020-06-07 10:57:00,-0.21930417997060658
2020-06-07 11:00:00,-0.199469021046923
2020-06-07 11:03:00,-0.28454778829217275
2020-06-07 11:06:00,-0.34159710083110895
2020-06-07 11:09:00,-0.31116134935831496
2020-06-07 11:12:00,-0.2831000588431607
2020-06-07 11:15:00,-0.2829952005589007
2020-06-07 11:18:00,-0.29291757270959806
2020-06-07 11:21:00,-0.25393990853967807
2020-06-07 11:24:00,-0.28987015593759224
2020-06-07 11:27:00,-0.20926115019545932
2020-06-07 11:30:00,-0.4295427949101054
2020-06-07 11:33:00,-0.38241065097480487
2020-06-07 11:36:00,-0.25111868587896424
2020-06-07 11:39:00,-0.24379982861853478
2020-06-07 11:42:00,-0.40845082630750085
2020-06-07 11:45:00,-0.3196484221763285
2020-06-07 11:48:00,-0.46329638285851615
2020-06-07 11:51:00,-0.3131382654408412
2020-06-07 11:54:00,-0.3973545090858579
2020-06-07 11:57:00,-0.4826600920444548
2020-06-07 12:00:00,-0.4303882783422637
2020-06-07 12:03:00,-0.4616013959025054
2020-06-07 12:06:00,-0.4246584876915449
2020-06-07 12:09:00,-0.38367130895352375
2020-06-07 12:12:00,-0.31294619610963537
2020-06-07 12:15:00,-0.3621211150123713
2020-06-07 12:18:00,-0.4081524657500495
2020-06-07 12:21:00,-0.4090622076561772
2020-06-07 12:24:00,-0.33595164857950977
2020-06-07 12:27:00,-0.28646679986786694
2020-06-07 12:30:00,-0.34955191794642815
2020-06-07 12:33:00,-0.4630637049776851
2020-06-07 12:36:00,-0.3557717085064951
2020-06-07 12:39:00,-0.4238142124614228
2020-06-07 12:42:00,-0.4372374462805624
2020-06-07 12:45:00,-0.33509740668802124
2020-06-07 12:48:00,-0.34362596880288265
2020-06-07 12:51:00,-0.32703400950867945
2020-06-07 12:54:00,-0.28186912915157336
2020-06-07 12:57:00,-0.32709319139280524
2020-06-07 13:00:00,-0.4183067731935921
2020-06-07 13:03:00,-0.3051605564364763
2020-06-07 13:06:00,-0.3761513274731101
2020-06-07 13:09:00,-0.4577117848556327
2020-06-07 13:12:00,-0.41653572151250273
2020-06-07 13:15:00,-0.5295538577262278
2020-06-07 13:18:00,-0.3640324419910712
2020-06-07 13:21:00,-0.43216942094289834
2020-06-07 13:24:00,-0.48314637225007573
2020-06-07 13:27:00,-0.5127436349545178
2020-06-07 13:30:00,-0.38384945149647365
2020-06-07 13:33:00,-0.5213246639726208
2020-06-07 13:36:00,-0.5742988315925004
2020-06-07 13:39:00,-0.5063446137414189
2020-06-07 13:42:00,-0.320170929683286
2020-06-07 13:45:00,-0.4901460115183909
2020-06-07 13:48:00,-0.6270087225852308
2020-06-07 13:51:00,-0.5000154814515554
2020-06-07 13:54:00,-0.6080222594505358
2020-06-07 13:57:00,-0.5641545007652553
2020-06-07 14:00:00,-0.5463303004465843
2020-06-07 14:03:00,-0.559518011303453
2020-06-07 14:06:00,-0.598934580478101
2020-06-07 14:09:00,-0.5924358659676159
2020-06-07 14:12:00,-0.5181122882694353
2020-06-07 14:15:00,-0.608568875593221
2020-06-07 14:18:00,-0.5270081221797795
2020-06-07 14:21:00,-0.5611095139840927
2020-06-07 14:24:00,-0.6443740626726822
2020-06-07 14:27:00,-0.5609026878001941
2020-06-07 14:30:00,-0.5382959912970477
2020-06-07 14:33:00,-0.5998272956620667
2020-06-07 14:36:00,-0.5662279542345345
2020-06-07 14:39:00,-0.5828764186056787
2020-06-07 14:42:00,-0.693006147638016
2020-06-07 14:45:00,-0.6295635009192324
2020-06-07 14:48:00,-0.5814252907825335
2020-06-07 14:51:00,-0.5599285911732181
2020-06-07 14:54:00,-0.5855500748764371
2020-06-07 14:57:00,-0.4684015417145133
2020-06-07 15:00:00,-0.5487093454796081
2020-06-07 15:03:00,-0.5383449369987829
2020-06-07 15:06:00,-0.612595302023351
2020-06-07 15:09:00,-0.5178085416717977
2020-06-07 15:12:00,-0.5817203434538669
2020-06-07 15:15:00,-0.5694024989846298
2020-06-07 15:18:00,-0.47557826055327723
2020-06-07 15:21:00,-0.544342395676324
2020-06-07 15:24:00,-0.45460332786524305
2020-06-07 15:27:00,-0.41472043187627605
2020-06-07 15:30:00,-0.43488635408289156
2020-06-07 15:33:00,-0.6766598112315023
2020-06-07 15:36:00,-0.47298701029961876
2020-06-07 15:39:00,-0.540655724938631
2020-06-07 15:42:00,-0.5473803594789501
2020-06-07 15:45:00,-0.5418260745887551
2020-06-07 15:48:00,-0.46584843778958884
2020-06-07 15:51:00,-0.47223882441505793
2020-06-07 15:54:00,-0.524944633142411
2020-06-07 15:57:00,-0.6289953761810807
2020-06-07 16:00:00,-0.5094048048417221
2020-06-07 16:03:00,-0.40701928909851404
2020-06-07 16:06:00,-0.47972404386797507
2020-06-07 16:09:00,-0.44165538330474874
2020-06-07 16:12:00,-0.45352137486247557
2020-06-07 16:15:00,-0.4844222502534876
2020-06-07 16:18:00,-0.5305101006591144
2020-06-07 16:21:00,-0.5677786159291713
2020-06-07 16:24:00,-0.5463810668848055
2020-06-07 16:27:00,-0.5409294688851105
2020-06-07 16:30:00,-0.5560427334737597
2020-06-07 16:33:00,-0.5497461653136497
2020-06-07 16:36:00,-0.4571967911447814
2020-06-07 16:39:00,-0.4672832255081403
2020-06-07 16:42:00,-0.5236954480077429
2020-06-07 16:45:00,-0.5614645366914033
2020-06-07 16:48:00,-0.5964521997434531
2020-06-07 16:51:00,-0.5326777668196883
2020-06-07 16:54:00,-0.5493737377540242
2020-06-07 16:57:00,-0.6104848964874918
2020-06-07 17:00:00,-0.5425945757530144
2020-06-07 17:03:00,-0.4431099104117493
2020-06-07 17:06:00,-0.5488679901886826
2020-06-07 17:09:00,-0.4247678912607853
2020-06-07 17:12:00,-0.4755282001335672
2020-06-07 17:15:00,-0.5392309526606596
2020-06-07 17:18:00,-0.5310811691913386
2020-06-07 17:21:00,-0.5232454823096191
2020-06-07 17:24:00,-0.4906510582708279
2020-06-07 17:27:00,-0.5014341314885655
2020-06-07 17:30:00,-0.3848647738633417
2020-06-07 17:33:00,-0.5017544420967397
2020-06-07 17:36:00,-0.4469223490473837
2020-06-07 17:39:00,-0.5041114866167504
2020-06-07 17:42:00,-0.41894327444362034
2020-06-07 17:45:00,-0.5430466996070322
2020-06-07 17:48:00,-0.5074775085163878
2020-06-07 17:51:00,-0.46435092807485034
2020-06-07 17:54:00,-0.4998697473813536
2020-06-07 17:57:00,-0.5488241721322993
2020-06-07 18:00:00,-0.37859210311597735
2020-06-07 18:03:00,-0.37732864204241423
2020-06-07 18:06:00,-0.31785082666084463
2020-06-07 18:09:00,-0.3889621373648424
2020-06-07 18:12:00,-0.2889778798618181
2020-06-07 18:15:00,-0.443362764114795
2020-06-07 18:18:00,-0.39828458032775416
2020-06-07 18:21:00,-0.22719822005018386
2020-06-07 18:24:00,-0.2339975544946924
2020-06-07 18:27:00,-0.30048676164472
2020-06-07 18:30:00,-0.40905769643580925
2020-06-07 18:33:00,-0.2964894945332617
2020-06-07 18:36:00,-0.33739042518544693
2020-06-07 18:39:00,-0.3371989868670653
2020-06-07 18:42:00,-0.2204189229700546
2020-06-07 18:45:00,-0.2053382011590088
2020-06-07 18:48:00,-0.19068336162632704
2020-06-07 18:51:00,-0.2396911837982998
2020-06-07 18:54:00,
2020-06-07 18:57:00,
2020-06-07 19:00:00,
2020-06-07 19:03:00,-0.10926702070031524
2020-06-07 19:06:00,-0.20156356931710206
2020-06-07 19:09:00,-0.1812125547330652
2020-06-07 19:12:00,-0.14116048835154515
2020-06-07 19:15:00,-0.09995484441066083
2020-06-07 19:18:00,-0.13160368141967638
2020-06-07 19:21:00,-0.18986528170432848
2020-06-07 19:24:00,-0.2976191932597203
2020-06-07 19:27:00,-0.12162712871577241
2020-06-07 19:30:00,-0.18934381882252183
2020-06-07 19:33:00,-0.0541017481626227
2020-06-07 19:36:00,-0.08521066610217076
2020-06-07 19:39:00,-0.1271049301471976
2020-06-07 19:42:00,-0.1303061703115418
2020-06-07 19:45:00,0.00545403129189026
2020-06-07 19:48:00,-0.12060926254582682
2020-06-07 19:51:00,-0.07692435936968423
2020-06-07 19:54:00,-0.052161139562485914
2020-06-07 19:57:00,-0.15084239520314213
2020-06-07 20:00:00,-0.0893770757859329
2020-06-07 20:03:00,-0.05857899353173934
2020-06-07 20:06:00,-0.1272693537162013
2020-06-07 20:09:00,-0.12784894355399956
2020-06-07 20:12:00,-0.1335409136622161
2020-06-07 20:15:00,-0.09472816940120765
2020-06-07 20:18:00,-0.050283451850418714
2020-06-07 20:21:00,-0.16208461461474144
2020-06-07 20:24:00,-0.08238601921738109
2020-06-07 20:27:00,-0.033601790328305015
2020-06-07 20:30:00,-0.06719704954713279
2020-06-07 20:33:00,-0.04102565808966574
2020-06-07 20:36:00,-0.10267945922578292
2020-06-07 20:39:00,-0.12290517892557773
2020-06-07 20:42:00,-0.09068625722562729
2020-06-07 20:45:00,-0.0777972026153293
2020-06-07 20:48:00,-0.06750049739167707
2020-06-07 20:51:00,-0.05428538120997928
2020-06-07 20:54:00,-0.06913443871621894
2020-06-07 20:57:00,-0.07728361008526008
2020-06-07 21:00:00,-0.06929496103595056
2020-06-07 21:03:00,0.02566117163922854
2020-06-07 21:06:00,-0.09018130570137828
2020-06-07 21:09:00,0.001266232493435382
2020-06-07 21:12:00,-0.020637451257357498
2020-06-07 21:15:00,-0.05543423245990198
2020-06-07 21:18:00,-0.026380633547830712
2020-06-07 21:21:00,0.025068522409696925
2020-06-07 21:24:00,0.020049345625864134
2020-06-07 21:27:00,0.03230261201269968
2020-06-07 21:30:00,0.022756861519042104
2020-06-07 21:33:00,0.033852905661888144
2020-06-07 21:36:00,0.06466983485267974
2020-06-07 21:39:00,0.019153357349694033
2020-06-07 21:42:00,0.04490133103149674
2020-06-07 21:45:00,0.05201713335571867
2020-06-07 21:48:00,0.031191419424089872
2020-06-07 21:51:00,0.10876235746854945
2020-06-07 21:54:00,0.057366014076933425
2020-06-07 21:57:00,0.03480431785692417
2020-06-07 22:00:00,0.09355757208129489
2020-06-07 22:03:00,0.1555272118373523
2020-06-07 22:06:00,0.09142038321675727
2020-06-07 22:09:00,0.06409528152482835
2020-06-07 22:12:00,0.04337921111550713
2020-06-07 22:15:00,0.13693353696976374
2020-06-07 22:18:00,0.0867071096294012
2020-06-07 22:21:00,0.15555369744441805
2020-06-07 22:24:00,0.06229554957019445
2020-06-07 22:27:00,0.2258628132547642
2020-06-07 22:30:00,0.08343366398071339
2020-06-07 22:33:00,0.08069631331198934
2020-06-07 22:36:00,0.12306441097956622
2020-06-07 22:39:00,0.0833050571712306
2020-06-07 22:42:00,0.1314292534567585
2020-06-07 22:45:00,0.07318553653038862
2020-06-07 22:48:00,0.14834460849687048
2020-06-07 22:51:00,0.09385931352096577
2020-06-07 22:54:00,0.0581643465104662
2020-06-07 22:57:00,0.09404248653260083
2020-06-07 23:00:00,0.12719651548331967
2020-06-07 23:03:00,0.06677687371910679
2020-06-07 23:06:00,0.06458996576128584
2020-06-07 23:09:00,0.077566738831365
2020-06-07 23:12:00,0.09605920004639756
2020-06-07 23:15:00,0.061753381183734746
2020-06-07 23:18:00,0.08178307133829321
2020-06-07 23:21:00,0.20632552988803354
2020-06-07 23:24:00,0.06715159832901918
2020-06-07 23:27:00,0.14070163405091307
2020-06-07 23:30:00,0.15465824040825282
2020-06-07 23:33:00,0.09617082932601306
2020-06-07 23:36:00,0.14912838830133524
2020-06-07 23:39:00,0.11811207161576931
2020-06-07 23:42:00,0.204313179149608
2020-06-07 23:45:00,0.028887079954984074
2020-06-07 23:48:00,0.035520346365274236
2020-06-07 23:51:00,0.153846496810786
2020-06-07 23:54:00,-0.01105370818532947
2020-06-07 23:57:00,0.07093983561918549
2020-06-08 00:00:00,0.09213873064584277
2020-06-08 00:03:00,0.09257509868280067
2020-06-08 00:06:00,0.08116201240949295
2020-06-08 00:09:00,0.06217731838518148
2020-06-08 00:12:00,-0.04148226398456245
2020-06-08 00:15:00,0.059904556755157046
2020-06-08 00:18:00,0.06281671855703053
2020-06-08 00:21:00,0.0748013063603139
2020-06-08 00:24:00,0.02129617819946361
2020-06-08 00:27:00,-0.0033066221740227775
2020-06-08 00:30:00,0.018448026546138863
2020-06-08 00:33:00,-0.03614440097976512
2020-06-08 00:36:00,0.11457387825652177
2020-06-08 00:39:00,0.08930920424859323
2020-06-08 00:42:00,0.05798589861154824
2020-06-08 00:45:00,0.028748653974162153
2020-06-08 00:48:00,0.050202396965744356
2020-06-08 00:51:00,0.05394673739533573
2020-06-08 00:54:00,0.00696206381724096
2020-06-08 00:57:00,0.09314157283864688
2020-06-08 01:00:00,0.10529419715311406
2020-06-08 01:03:00,0.023675231398215146
2020-06-08 01:06:00,0.061455218912328746
2020-06-08 01:09:00,0.08185157531067944
2020-06-08 01:12:00,0.06117112646973055
2020-06-08 01:15:00,-0.018158196426668383
2020-06-08 01:18:00,0.04400712391412753
2020-06-08 01:21:00,0.044716766199201174
2020-06-08 01:24:00,0.10182463425707056
2020-06-08 01:27:00,0.08399838782491997
2020-06-08 01:30:00,0.016027498900427872
2020-06-08 01:33:00,0.14870297130113386
2020-06-08 01:36:00,0.1078573533970939
2020-06-08 01:39:00,0.102541349529929
2020-06-08 01:42:00,0.05140428017381282
2020-06-08 01:45:00,0.030617019708131465
2020-06-08 01:48:00,0.07484895145842074
2020-06-08 01:51:00,0.09347916727205074
2020-06-08 01:54:00,0.08411358338400987
2020-06-08 01:57:00,0.10589430550817269
2020-06-08 02:00:00,0.19500456839148228
2020-06-08 02:03:00,0.06088905044924786
2020-06-08 02:06:00,0.08382789494550025
2020-06-08 02:09:00,0.08504374438507512
2020-06-08 02:12:00,0.14354356015695657
2020-06-08 02:15:00,0.004226655549473435
2020-06-08 02:18:00,0.12001111744496029
2020-06-08 02:21:00,0.14011508609570456
2020-06-08 02:24:00,0.11461967791268535
2020-06-08 02:27:00,0.17739291522161693
2020-06-08 02:30:00,0.06848978245216131
2020-06-08 02:33:00,0.14068556726431325
2020-06-08 02:36:00,0.2734632262428818
2020-06-08 02:39:00,0.21552301863050616
2020-06-08 02:42:00,0.16073931955145326
2020-06-08 02:45:00,0.1148729486845923
2020-06-08 02:48:00,0.09387829920473223
2020-06-08 02:51:00,0.17445115025219593
2020-06-08 02:54:00,0.11285024469162863
2020-06-08 02:57:00,0.17209059439761631
2020-06-08 03:00:00,0.1004920297474996
2020-06-08 03:03:00,0.16299478926543998
2020-06-08 03:06:00,0.1955527255773859
2020-06-08 03:09:00,0.15181322547641685
2020-06-08 03:12:00,0.13017213263225358
2020-06-08 03:15:00,0.1574659757172867
2020-06-08 03:18:00,0.15340453572969182
2020-06-08 03:21:00,0.09333325199253295
2020-06-08 03:24:00,0.15504414329200245
2020-06-08 03:27:00,0.10143975989109322
2020-06-08 03:30:00,0.2277089872307556
2020-06-08 03:33:00,0.13793962973591078
2020-06-08 03:36:00,0.15195809696632523
2020-06-08 03:39:00,0.15381109552873795
2020-06-08 03:42:00,0.18269490147275746
2020-06-08 03:45:00,0.15134405257504113
2020-06-08 03:48:00,0.2702996570617415
2020-06-08 03:51:00,0.18411638929700302
2020-06-08 03:54:00,0.16695540072169024
2020-06-08 03:57:00,0.20709585515203344
2020-06-08 04:00:00,0.21223589056262426
2020-06-08 04:03:00,0.25188599556537383
2020-06-08 04:06:00,0.25809956108457754
2020-06-08 04:09:00,0.3043388227546302
2020-06-08 04:12:00,0.2703443574322364
2020-06-08 04:15:00,0.326323146157506
2020-06-08 04:18:00,0.26611840880173077
2020-06-08 04:21:00,0.28319188536625006
2020-06-08 04:24:00,0.26108919785838225
2020-06-08 04:27:00,0.1644295754824725
2020-06-08 04:30:00,0.22126357142872166
2020-06-08 04:33:00,0.2662605175688668
2020-06-08 04:36:00,0.13735054477319864
2020-06-08 04:39:00,0.08340867146569053
2020-06-08 04:42:00,0.12508514220758116
2020-06-08 04:45:00,0.09082551587607668
2020-06-08 04:48:00,0.07159019531894728
2020-06-08 04:51:00,0.12192200816411969
2020-06-08 04:54:00,0.12078866790307075
2020-06-08 04:57:00,0.11375361371619874
2020-06-08 05:00:00,0.2472855555928959
2020-06-08 05:03:00,0.1568395532001432
2020-06-08 05:06:00,0.17756807339031866
2020-06-08 05:09:00,0.14830741553714688
2020-06-08 05:12:00,0.22607546176823234
2020-06-08 05:15:00,0.1434860270998115
2020-06-08 05:18:00,0.12698320869202462
2020-06-08 05:21:00,0.2507238062950137
2020-06-08 05:24:00,0.28274179179732073
2020-06-08 05:27:00,0.1502566252634665
2020-06-08 05:30:00,0.20239245171728726
2020-06-08 05:33:00,0.1994800375867385
2020-06-08 05:36:00,0.17675028715041208
2020-06-08 05:39:00,0.15238928212829705
2020-06-08 05:42:00,0.206801462240378
2020-06-08 05:45:00,0.24927866764181772
2020-06-08 05:48:00,0.18997919070790203
2020-06-08 05:51:00,0.26944605484089834
2020-06-08 05:54:00,0.2616875348909957
2020-06-08 05:57:00,0.23950011796983972
2020-06-08 06:00:00,0.27944311764855456
2020-06-08 06:03:00,0.24269271261601943
2020-06-08 06:06:00,0.2747587498291182
2020-06-08 06:09:00,0.2953008476493437
2020-06-08 06:12:00,0.19493020779407289
2020-06-08 06:15:00,0.32643810706980503
2020-06-08 06:18:00,0.31267689461458303
2020-06-08 06:21:00,0.2941039309491771
2020-06-08 06:24:00,0.3311891832565834
2020-06-08 06:27:00,0.266037884005641
2020-06-08 06:30:00,0.3094862492147854
2020-06-08 06:33:00,0.29107057300274164
2020-06-08 06:36:00,0.2682785557885268
2020-06-08 06:39:00,0.28096249910129245
2020-06-08 06:42:00,0.2944438853243696
2020-06-08 06:45:00,0.33783640162175743
2020-06-08 06:48:00,0.2757943541297436
2020-06-08 06:51:00,0.28895097021302263
2020-06-08 06:54:00,0.30077507700531214
2020-06-08 06:57:00,0.3234418636217242
2020-06-08 07:00:00,0.2564109289806993
2020-06-08 07:03:00,0.2538863641436251
2020-06-08 07:06:00,0.2979797078147044
2020-06-08 07:09:00,0.24749692003655355
2020-06-08 07:12:00,0.31087868963800247
2020-06-08 07:15:00,0.2119361584485091
2020-06-08 07:18:00,0.2519383160736197
2020-06-08 07:21:00,0.1460158013713908
2020-06-08 07:24:00,0.25532464297901925
2020-06-08 07:27:00,0.19835343015472517
2020-06-08 07:30:00,0.10109543711621427
2020-06-08 07:33:00,0.29257689901669437
2020-06-08 07:36:00,0.23602679538680604
2020-06-08 07:39:00,0.27565989924170253
2020-06-08 07:42:00,0.1484484268311803
2020-06-08 07:45:00,0.3052968767452171
2020-06-08 07:48:00,0.194247616242194
2020-06-08 07:51:00,0.2848285255539622
2020-06-08 07:54:00,0.2136907342660379
2020-06-08 07:57:00,0.2938138526415628
2020-06-08 08:00:00,0.3158517515128665
2020-06-08 08:03:00,0.2639781276080839
2020-06-08 08:06:00,0.21306033695412907
2020-06-08 08:09:00,0.3357429004844903
2020-06-08 08:12:00,0.26518836997809103
2020-06-08 08:15:00,0.3184451188964772
2020-06-08 08:18:00,0.20505308414067258
2020-06-08 08:21:00,0.1955743913869128
2020-06-08 08:24:00,0.18258219791442798
2020-06-08 08:27:00,0.24639079474337677
2020-06-08 08:30:00,0.24648655993263446
2020-06-08 08:33:00,0.1578768139044655
2020-06-08 08:36:00,0.12873379813453312
2020-06-08 08:39:00,0.19060521304004396
2020-06-08 08:42:00,0.2018744438269664
2020-06-08 08:45:00,0.17874056301462815
2020-06-08 08:48:00,0.13827673741025137
2020-06-08 08:51:00,0.12044623242161379
2020-06-08 08:54:00,0.07413294801062875
2020-06-08 08:57:00,0.09119771581640634
2020-06-08 09:00:00,0.0788018127601049
2020-06-08 09:03:00,0.07767588687130456
2020-06-08 09:06:00,-0.03532876813665098
2020-06-08 09:09:00,-0.024266826935047447
2020-06-08 09:12:00,0.08009008386358119
2020-06-08 09:15:00,-0.033333452710166966
2020-06-08 09:18:00,-0.0634816760093031
2020-06-08 09:21:00,-0.11358923289941458
2020-06-08 09:24:00,0.05135868521665543
2020-06-08 09:27:00,0.00018081131895542057
2020-06-08 09:30:00,-0.06283927485782215
2020-06-08 09:33:00,-0.044958726755453426
2020-06-08 09:36:00,-0.08897682998457412
2020-06-08 09:39:00,-0.1366810500455813
2020-06-08 09:42:00,-0.13583244543190176
2020-06-08 09:45:00,-0.054303670959768624
2020-06-08 09:48:00,-0.11115875367437411
2020-06-08 09:51:00,-0.06739504434148103
2020-06-08 09:54:00,-0.1724288573699937
2020-06-08 09:57:00,-0.1710430715421012
2020-06-08 10:00:00,-0.18637305202776133
2020-06-08 10:03:00,-0.20335423567200905
2020-06-08 10:06:00,-0.08739853307656631
2020-06-08 10:09:00,-0.21589600597724257
2020-06-08 10:12:00,-0.17918542377520907
2020-06-08 10:15:00,-0.13723927635112432
2020-06-08 10:18:00,-0.20891225614690256
2020-06-08 10:21:00,-0.18275000959437193
2020-06-08 10:24:00,-0.16872886315030655
2020-06-08 10:27:00,-0.18793805225021742
2020-06-08 10:30:00,-0.21101403015131837
2020-06-08 10:33:00,-0.27715325751938735
2020-06-08 10:36:00,-0.2648671801272826
2020-06-08 10:39:00,-0.19545901223040119
2020-06-08 10:42:00,-0.15586640700951193
2020-06-08 10:45:00,-0.12522220543678486
2020-06-08 10:48:00,-0.18298547585101232
2020-06-08 10:51:00,-0.21616789888611265
2020-06-08 10:54:00,-0.24654791940622545
2020-06-08 10:57:00,-0.1878040082260668
2020-06-08 11:00:00,-0.23115728037356575
2020-06-08 11:03:00,-0.28570768691088233
2020-06-08 11:06:00,-0.20728136994085844
2020-06-08 11:09:00,-0.26764820990621274
2020-06-08 11:12:00,-0.3608134894433306
2020-06-08 11:15:00,-0.19000329264810034
2020-06-08 11:18:00,-0.3173780264853576
2020-06-08 11:21:00,-0.23346185560120603
2020-06-08 11:24:00,-0.2943644869605464
2020-06-08 11:27:00,-0.28181605663212395
2020-06-08 11:30:00,-0.3130775230143854
2020-06-08 11:33:00,-0.27735391366354634
2020-06-08 11:36:00,-0.24687504249214953
2020-06-08 11:39:00,-0.3152139830852434
2020-06-08 11:42:00,-0.35719307765526764
2020-06-08 11:45:00,-0.40006974317014965
2020-06-08 11:48:00,-0.297767472795897
2020-06-08 11:51:00,-0.3312919095007487
2020-06-08 11:54:00,-0.36174545739345376
2020-06-08 11:57:00,-0.35109910779664233
2020-06-08 12:00:00,-0.441396759883105
2020-06-08 12:03:00,-0.3615985515754119
2020-06-08 12:06:00,-0.2960618157023873
2020-06-08 12:09:00,-0.3713827619840231
2020-06-08 12:12:00,-0.3858893321735195
2020-06-08 12:15:00,-0.36652194393383297
2020-06-08 12:18:00,-0.38851527313534007
2020-06-08 12:21:00,-0.46891713539991997
2020-06-08 12:24:00,-0.5520496973668401
2020-06-08 12:27:00,-0.4409300627102084
2020-06-08 12:30:00,-0.38285302916403907
2020-06-08 12:33:00,-0.4278016683235819
2020-06-08 12:36:00,-0.4891589715659279
2020-06-08 12:39:00,-0.3866450991537249
2020-06-08 12:42:00,-0.5206022883209016
2020-06-08 12:45:00,-0.473186505903584
2020-06-08 12:48:00,-0.5890681255363575
2020-06-08 12:51:00,-0.4218934349412393
2020-06-08 12:54:00,-0.37652416984246884
2020-06-08 12:57:00,-0.5307256829265725
2020-06-08 13:00:00,-0.4329511715719718
2020-06-08 13:03:00,-0.45045256784823096
2020-06-08 13:06:00,-0.4916992660171786
2020-06-08 13:09:00,-0.5134537184459873
2020-06-08 13:12:00,-0.4042529454119972
2020-06-08 13:15:00,-0.5597112805724009
2020-06-08 13:18:00,-0.5471952709949619
2020-06-08 13:21:00,-0.5501724982484575
2020-06-08 13:24:00,-0.5004931350143238
2020-06-08 13:27:00,-0.552888975074211
2020-06-08 13:30:00,-0.5430713579919484
2020-06-08 13:33:00,-0.5267654122985164
2020-06-08 13:36:00,-0.5245997840733594
2020-06-08 13:39:00,-0.535744895023754
2020-06-08 13:42:00,-0.5776603897607515
2020-06-08 13:45:00,-0.43730188401690384
2020-06-08 13:48:00,-0.4962484291364717
2020-06-08 13:51:00,-0.5634373668539183
2020-06-08 13:54:00,-0.5963484245285144
2020-06-08 13:57:00,-0.5139839319971884
2020-06-08 14:00:00,-0.48879982366878494
2020-06-08 14:03:00,-0.42866367520207405
2020-06-08 14:06:00,-0.5340078360042639
2020-06-08 14:09:00,-0.5528990176514412
2020-06-08 14:12:00,-0.5575759474430697
2020-06-08 14:15:00,-0.5737078536870968
2020-06-08 14:18:00,-0.5953884767424142
2020-06-08 14:21:00,-0.6034121660817959
2020-06-08 14:24:00,-0.5499217916050725
2020-06-08 14:27:00,-0.5025373160335675
2020-06-08 14:30:00,-0.5722950604223342
2020-06-08 14:33:00,-0.5213013932204831
2020-06-08 14:36:00,-0.5520163018521771
2020-06-08 14:39:00,-0.5741642143852914
2020-06-08 14:42:00,-0.6041257900481583
2020-06-08 14:45:00,-0.615194361515762
2020-06-08 14:48:00,-0.5689936718457602
2020-06-08 14:51:00,-0.6557537182623037
2020-06-08 14:54:00,-0.5395241078992399
2020-06-08 14:57:00,-0.6082737323273477
2020-06-08 15:00:00,-0.6575219721619874
2020-06-08 15:03:00,-0.6472339606065702
2020-06-08 15:06:00,-0.6276758111962977
2020-06-08 15:09:00,-0.6294103145738745
2020-06-08 15:12:00,-0.6932432428804987
2020-06-08 15:15:00,-0.6115696902042487
2020-06-08 15:18:00,-0.6217407405832205
2020-06-08 15:21:00,-0.62222343455295
2020-06-08 15:24:00,-0.6448344768718357
2020-06-08 15:27:00,-0.6119996497311035
2020-06-08 15:30:00,-0.7700313585429512
2020-06-08 15:33:00,-0.6978734739294623
2020-06-08 15:36:00,-0.6352016799933722
2020-06-08 15:39:00,-0.5128835056709704
2020-06-08 15:42:00,-0.5267114633384722
2020-06-08 15:45:00,-0.48069250517983164
2020-06-08 15:48:00,-0.5942055862417419
2020-06-08 15:51:00,-0.4232974167562702
2020-06-08 15:54:00,-0.569063395284445
2020-06-08 15:57:00,-0.5675109943399548
2020-06-08 16:00:00,-0.5445395690898636
2020-06-08 16:03:00,-0.5710835563330079
2020-06-08 16:06:00,-0.5213415259931367
2020-06-08 16:09:00,-0.4270772472771114
2020-06-08 16:12:00,-0.5080829256844481
2020-06-08 16:15:00,-0.5847689859954812
2020-06-08 16:18:00,-0.606516235725735
2020-06-08 16:21:00,-0.5545726420444907
2020-06-08 16:24:00,-0.6352633855346426
2020-06-08 16:27:00,-0.5482003562260616
2020-06-08 16:30:00,-0.480619551239613
2020-06-08 16:33:00,-0.5580404390699414
2020-06-08 16:36:00,-0.5859977459323886
2020-06-08 16:39:00,-0.5414406965184071
2020-06-08 16:42:00,-0.6179085830711415
2020-06-08 16:45:00,-0.5261532474062278
2020-06-08 16:48:00,-0.5557994679266471
2020-06-08 16:51:00,-0.6017052739707651
2020-06-08 16:54:00,-0.5365938399170886
2020-06-08 16:57:00,-0.610056942338133
2020-06-08 17:00:00,-0.589088011279614
2020-06-08 17:03:00,-0.5475362334591978
2020-06-08 17:06:00,-0.5396936126869036
2020-06-08 17:09:00,-0.5499267046862997
2020-06-08 17:12:00,-0.6456550261308394
2020-06-08 17:15:00,-0.42860195934008516
2020-06-08 17:18:00,-0.4222187871864662
2020-06-08 17:21:00,-0.4331823522800846
2020-06-08 17:24:00,-0.3994608038324259
2020-06-08 17:27:00,-0.5327279692071443
2020-06-08 17:30:00,-0.48376829155648693
2020-06-08 17:33:00,-0.36518056692676737
2020-06-08 17:36:00,-0.34018051675957395
2020-06-08 17:39:00,-0.33113899321153895
2020-06-08 17:42:00,-0.4463477870275483
2020-06-08 17:45:00,-0.40049122509270774
2020-06-08 17:48:00,-0.3914468420314279
2020-06-08 17:51:00,-0.3177769858868942
2020-06-08 17:54:00,-0.29523530623072247
2020-06-08 17:57:00,-0.2655333327455196
2020-06-08 18:00:00,-0.3761803955159735
2020-06-08 18:03:00,-0.24950008236032772
2020-06-08 18:06:00,-0.3069285638148358
2020-06-08 18:09:00,-0.27885312664813
2020-06-08 18:12:00,-0.16322769031819462
2020-06-08 18:15:00,-0.2238659464510988
2020-06-08 18:18:00,-0.31009053087075245
2020-06-08 18:21:00,-0.2356156862235821
2020-06-08 18:24:00,-0.26165978422858416
2020-06-08 18:27:00,-0.26723657300209425
2020-06-08 18:30:00,-0.301617303295302
2020-06-08 18:33:00,-0.22440958838711822
2020-06-08 18:36:00,-0.23544782260324837
2020-06-08 18:39:00,-0.23590789475395013
2020-06-08 18:42:00,-0.1844799472410159
2020-06-08 18:45:00,-0.19368362964968355
2020-06-08 18:48:00,-0.18437719405176267
2020-06-08 18:51:00,-0.08770265833260282
2020-06-08 18:54:00,-0.15126090289334115
2020-06-08 18:57:00,
2020-06-08 19:00:00,
2020-06-08 19:03:00,-0.10349469466547134
2020-06-08 19:06:00,-0.13089067679629807
2020-06-08 19:09:00,-0.10337077386401461
2020-06-08 19:12:00,-0.11668801838828813
2020-06-08 19:15:00,-0.1526731444044458
2020-06-08 19:18:00,-0.09669956790060041
2020-06-08 19:21:00,-0.12232122125692513
2020-06-08 19:24:00,-0.14712622461104274
2020-06-08 19:27:00,-0.0014421754558497923
2020-06-08 19:30:00,-0.07877816782416858
2020-06-08 19:33:00,-0.019396642514436735
2020-06-08 19:36:00,-0.013070195129103013
2020-06-08 19:39:00,-0.03329484670285865
2020-06-08 19:42:00,0.08035616057969719
2020-06-08 19:45:00,0.03216859606078515
2020-06-08 19:48:00,0.04617069203260371
2020-06-08 19:51:00,0.005719107941558832
2020-06-08 19:54:00,-0.03861891834174003
2020-06-08 19:57:00,0.08725771227034329
2020-06-08 20:00:00,-0.05842180641923278
2020-06-08 20:03:00,0.06509311829404396
2020-06-08 20:06:00,-0.13413755685593287
2020-06-08 20:09:00,0.025177825142407073
2020-06-08 20:12:00,0.02583507089457271
2020-06-08 20:15:00,-0.04892202848668603
2020-06-08 20:18:00,0.08782669947999011
2020-06-08 20:21:00,-0.0412895906760582
2020-06-08 20:24:00,-0.04472269869620504
2020-06-08 20:27:00,0.004842587747873495
2020-06-08 20:30:00,-0.014128281803266418
2020-06-08 20:33:00,0.0541453771364786
2020-06-08 20:36:00,0.13981257276418546
2020-06-08 20:39:00,0.04289191527749381
2020-06-08 20:42:00,0.06493283756464052
2020-06-08 20:45:00,0.028105118263908935
2020-06-08 20:48:00,0.08228138909191784
2020-06-08 20:51:00,0.12868285921280176
2020-06-08 20:54:00,0.013884413868595402
2020-06-08 20:57:00,0.0632519761028334
2020-06-08 21:00:00,-0.00233755791373369
2020-06-08 21:03:00,-0.024552637539727584
2020-06-08 21:06:00,0.06462434562587305
2020-06-08 21:09:00,-0.04899951713542805
2020-06-08 21:12:00,-0.04085185246492529
2020-06-08 21:15:00,-0.02121580233779241
2020-06-08 21:18:00,0.02635541405601316
2020-06-08 21:21:00,-0.125825592571573
2020-06-08 21:24:00,-0.044694226802846515
2020-06-08 21:27:00,-0.14763981016415073
2020-06-08 21:30:00,-0.17492920478497354
2020-06-08 21:33:00,-0.13285714063340492
2020-06-08 21:36:00,-0.15215608435232753
2020-06-08 21:39:00,-0.18163224261428468
2020-06-08 21:42:00,-0.19987829837322124
2020-06-08 21:45:00,-0.18492657712141636
2020-06-08 21:48:00,-0.09120919368666591
2020-06-08 21:51:00,-0.20679296756503618
2020-06-08 21:54:00,-0.08879486781876267
2020-06-08 21:57:00,-0.017111695672724636
2020-06-08 22:00:00,-0.10401902097800075
2020-06-08 22:03:00,-0.13077861172104122
2020-06-08 22:06:00,-0.0221325305432174
2020-06-08 22:09:00,0.02459705214693031
2020-06-08 22:12:00,0.050796103647485324
2020-06-08 22:15:00,-0.009568158757872425
2020-06-08 22:18:00,-0.017655235853965223
2020-06-08 22:21:00,0.0784822611145728
2020-06-08 22:24:00,0.1150244223619552
2020-06-08 22:27:00,-0.025609666890204608
2020-06-08 22:30:00,0.005630055632366293
2020-06-08 22:33:00,0.00665749145917971
2020-06-08 22:36:00,-0.04812287927239822
2020-06-08 22:39:00,-0.05261599959681007
2020-06-08 22:42:00,0.005522804997156072
2020-06-08 22:45:00,-0.04415999312590202
2020-06-08 22:48:00,0.05195557068481094
2020-06-08 22:51:00,-0.05070712065725047
2020-06-08 22:54:00,-0.026942100380608736
2020-06-08 22:57:00,0.09325494353117847
2020-06-08 23:00:00,0.09527751160902653
2020-06-08 23:03:00,0.019567532869189108
2020-06-08 23:06:00,-0.024512803151310436
2020-06-08 23:09:00,-0.057951626612123164
2020-06-08 23:12:00,-0.024362259237193484
2020-06-08 23:15:00,-0.01343031298142705
2020-06-08 23:18:00,-0.008008275850841073
2020-06-08 23:21:00,0.04194925482187273
2020-06-08 23:24:00,0.027981818908472178
2020-06-08 23:27:00,0.11959766653365023
2020-06-08 23:30:00,-0.09287540469875921
2020-06-08 23:33:00,0.08285379172497187
2020-06-08 23:36:00,-0.022629769269769895
2020-06-08 23:39:00,-0.045070697506673696
2020-06-08 23:42:00,0.00015604955791559405
2020-06-08 23:45:00,-0.06998001174054025
2020-06-08 23:48:00,0.08817177316836933
2020-06-08 23:51:00,-0.019216895952865798
2020-06-08 23:54:00,-0.03072509491926212
2020-06-08 23:57:00,-0.07709242068114008
2020-06-09 00:00:00,-0.024852138489109166
2020-06-09 00:03:00,0.034858145532268736
2020-06-09 00:06:00,-0.014595151612979862
2020-06-09 00:09:00,-0.041774693270099306
2020-06-09 00:12:00,-0.019002099547378748
2020-06-09 00:15:00,-0.0277541348007162
2020-06-09 00:18:00,-0.05985040850214318
2020-06-09 00:21:00,-0.08909044832068957
2020-06-09 00:24:00,0.03296699895594202
2020-06-09 00:27:00,-0.010742721030112534
2020-06-09 00:30:00,-0.011294749483056421
2020-06-09 00:33:00,-0.08726593963888263
2020-06-09 00:36:00,-0.09361859671946604
2020-06-09 00:39:00,-0.028684548039336732
2020-06-09 00:42:00,0.012873154408566734
2020-06-09 00:45:00,-0.019748529346031773
2020-06-09 00:48:00,-0.028284405091142162
2020-06-09 00:51:00,-0.09309561279684431
2020-06-09 00:54:00,0.025253391461035335
2020-06-09 00:57:00,-0.05933477557510969
2020-06-09 01:00:00,-0.036541959875592056
2020-06-09 01:03:00,0.003706347964282486
2020-06-09 01:06:00,0.03341333016038561
2020-06-09 01:09:00,0.1356494287147143
2020-06-09 01:12:00,0.05385520273466682
2020-06-09 01:15:00,0.1876862045101575
2020-06-09 01:18:00,0.03294311636125258
2020-06-09 01:21:00,0.08455588614100407
2020-06-09 01:24:00,0.17641319519486842
2020-06-09 01:27:00,0.17238243046602975
2020-06-09 01:30:00,0.08396296127466485
2020-06-09 01:33:00,0.15128970476911263
2020-06-09 01:36:00,0.13040427555802125
2020-06-09 01:39:00,0.0811592623897468
2020-06-09 01:42:00,0.01616978052527429
2020-06-09 01:45:00,0.1414657601918634
2020-06-09 01:48:00,0.08132291982417428
2020-06-09 01:51:00,0.17056366216809238
2020-06-09 01:54:00,0.19985824430079902
2020-06-09 01:57:00,0.0773431132096789
2020-06-09 02:00:00,0.13838340104496183
2020-06-09 02:03:00,0.14631611210751316
2020-06-09 02:06:00,0.12314988564997975
2020-06-09 02:09:00,0.13610165486460346
2020-06-09 02:12:00,0.1431848465833241
2020-06-09 02:15:00,0.16480495742672474
2020-06-09 02:18:00,0.05664488553247793
2020-06-09 02:21:00,0.14569681338690543
2020-06-09 02:24:00,0.1475288886982753
2020-06-09 02:27:00,0.12098746056062737
2020-06-09 02:30:00,0.10295172637910355
2020-06-09 02:33:00,0.23343222159610377
2020-06-09 02:36:00,0.13169441787380265
2020-06-09 02:39:00,0.18125179158420224
2020-06-09 02:42:00,0.16404432460154794
2020-06-09 02:45:00,0.09190131504743704
2020-06-09 02:48:00,0.11920339943981162
2020-06-09 02:51:00,0.1347665047629789
2020-06-09 02:54:00,0.07610056442581481
2020-06-09 02:57:00,0.13114760102018863
2020-06-09 03:00:00,0.15637895097194132
2020-06-09 03:03:00,0.1436541515964791
2020-06-09 03:06:00,0.10736669878798466
2020-06-09 03:09:00,0.06540617372502311
2020-06-09 03:12:00,0.06651494537624103
2020-06-09 03:15:00,0.10764486208375956
2020-06-09 03:18:00,0.12294307711755437
2020-06-09 03:21:00,0.08641019646262293
2020-06-09 03:24:00,0.12274543226391188
2020-06-09 03:27:00,0.07491876250202267
2020-06-09 03:30:00,0.13896328564385385
2020-06-09 03:33:00,0.1519795517581315
2020-06-09 03:36:00,0.042438508208533676
2020-06-09 03:39:00,0.11937742837255882
2020-06-09 03:42:00,0.12934461703923716
2020-06-09 03:45:00,0.03849662327667147
2020-06-09 03:48:00,0.142308483825218
2020-06-09 03:51:00,0.10255920234305904
2020-06-09 03:54:00,0.2228780678930775
2020-06-09 03:57:00,0.11362103533326717
2020-06-09 04:00:00,0.1332623611997974
2020-06-09 04:03:00,0.07882560287043816
2020-06-09 04:06:00,0.21588461156210315
2020-06-09 04:09:00,0.12992040519736747
2020-06-09 04:12:00,0.01880839946056767
2020-06-09 04:15:00,0.09215210544533647
2020-06-09 04:18:00,0.17366968134280114
2020-06-09 04:21:00,0.03522553352189561
2020-06-09 04:24:00,0.09130356677746931
2020-06-09 04:27:00,0.08050319234985182
2020-06-09 04:30:00,0.11436483582156143
2020-06-09 04:33:00,0.08969059995041562
2020-06-09 04:36:00,0.22413841260930667
2020-06-09 04:39:00,0.15525105792846716
2020-06-09 04:42:00,0.2184505442530167
2020-06-09 04:45:00,0.13673313441120172
2020-06-09 04:48:00,0.15315500836953788
2020-06-09 04:51:00,0.13741703617762369
2020-06-09 04:54:00,0.22015603387683313
2020-06-09 04:57:00,0.16731508910885395
2020-06-09 05:00:00,0.16155258932747074
2020-06-09 05:03:00,0.23501707951947992
2020-06-09 05:06:00,0.10894850692318414
2020-06-09 05:09:00,0.18095031819336782
2020-06-09 05:12:00,0.20459284602242178
2020-06-09 05:15:00,0.16220671209686088
2020-06-09 05:18:00,0.14014183531753588
2020-06-09 05:21:00,0.13494388094682108
2020-06-09 05:24:00,0.07820224971879952
2020-06-09 05:27:00,0.15084564044553872
2020-06-09 05:30:00,0.12602763235167913
2020-06-09 05:33:00,0.13096699307908466
2020-06-09 05:36:00,0.1556015496645955
2020-06-09 05:39:00,0.20302560615249376
2020-06-09 05:42:00,0.24032861561613572
2020-06-09 05:45:00,0.09993489180646975
2020-06-09 05:48:00,0.12513033760382086
2020-06-09 05:51:00,0.11929516547985486
2020-06-09 05:54:00,0.08750572555953795
2020-06-09 05:57:00,0.21964351013861005
2020-06-09 06:00:00,0.2140668661915015
2020-06-09 06:03:00,0.18668527870204343
2020-06-09 06:06:00,0.251277083869752
2020-06-09 06:09:00,0.17387352434423065
2020-06-09 06:12:00,0.2070029724845881
2020-06-09 06:15:00,0.31568843294968474
2020-06-09 06:18:00,0.2937803983660956
2020-06-09 06:21:00,0.2965187681322732
2020-06-09 06:24:00,0.2268589199305211
2020-06-09 06:27:00,0.18770532419654273
2020-06-09 06:30:00,0.2661314846204732
2020-06-09 06:33:00,0.16078301725252686
2020-06-09 06:36:00,0.20201162069338352
2020-06-09 06:39:00,0.2073562907573887
2020-06-09 06:42:00,0.18788453639876934
2020-06-09 06:45:00,0.1559580989219853
2020-06-09 06:48:00,0.06619247496143998
2020-06-09 06:51:00,0.21972395288759117
2020-06-09 06:54:00,0.176136278826732
2020-06-09 06:57:00,0.21077104026107918
2020-06-09 07:00:00,0.15742631941577656
2020-06-09 07:03:00,0.2688100080407594
2020-06-09 07:06:00,0.14880426914504596
2020-06-09 07:09:00,0.18704603302882106
2020-06-09 07:12:00,0.3003070254894169
2020-06-09 07:15:00,0.16008988690509796
2020-06-09 07:18:00,0.24131833009380443
2020-06-09 07:21:00,0.253390495164183
2020-06-09 07:24:00,0.23471755151211937
2020-06-09 07:27:00,0.15512259542362017
2020-06-09 07:30:00,0.26156019037512124
2020-06-09 07:33:00,0.169422418133081
2020-06-09 07:36:00,0.20232972796145532
2020-06-09 07:39:00,0.22307071631007602
2020-06-09 07:42:00,0.15639729145772208
2020-06-09 07:45:00,0.15632469052599163
2020-06-09 07:48:00,0.1210220691028212
2020-06-09 07:51:00,0.20739110999693366
2020-06-09 07:54:00,0.225907994438046
2020-06-09 07:57:00,0.09263466495463035
2020-06-09 08:00:00,0.12079153726972436
2020-06-09 08:03:00,0.1527244867810964
2020-06-09 08:06:00,0.1156709322435745
2020-06-09 08:09:00,0.18910909031279743
2020-06-09 08:12:00,0.14887017501195032
2020-06-09 08:15:00,0.056183230695808106
2020-06-09 08:18:00,0.1995358297558596
2020-06-09 08:21:00,0.1630802783891454
2020-06-09 08:24:00,0.07284418752072952
2020-06-09 08:27:00,0.11527061779389669
2020-06-09 08:30:00,0.031088114699173275
2020-06-09 08:33:00,0.10353377480288373
2020-06-09 08:36:00,0.03314378830850728
2020-06-09 08:39:00,0.08916821333576763
2020-06-09 08:42:00,0.15980889932023956
2020-06-09 08:45:00,0.0518653891597296
2020-06-09 08:48:00,0.10438074795581542
2020-06-09 08:51:00,0.17936982834896753
2020-06-09 08:54:00,0.06053977220176421
2020-06-09 08:57:00,0.016855053356493954
2020-06-09 09:00:00,-0.028376414433012087
2020-06-09 09:03:00,0.07306232253716871
2020-06-09 09:06:00,0.037979416710413716
2020-06-09 09:09:00,0.03411999956915679
2020-06-09 09:12:00,-0.009226639555151905
2020-06-09 09:15:00,0.04210046701132342
2020-06-09 09:18:00,0.022902598080293046
2020-06-09 09:21:00,0.025656767488442256
2020-06-09 09:24:00,-0.04007747341211143
2020-06-09 09:27:00,-0.00966381289168794
2020-06-09 09:30:00,-0.0718601871892588
2020-06-09 09:33:00,0.03172144087199058
2020-06-09 09:36:00,-0.027023229448616348
2020-06-09 09:39:00,-0.08867705484368571
2020-06-09 09:42:00,-0.07503432145335864
2020-06-09 09:45:00,-0.1295755892423358
2020-06-09 09:48:00,-0.1191868676940544
2020-06-09 09:51:00,-0.08687921119792463
2020-06-09 09:54:00,-0.1336328978268284
2020-06-09 09:57:00,-0.044549797135516656
2020-06-09 10:00:00,-0.13908723783538335
2020-06-09 10:03:00,-0.13388116455314503
2020-06-09 10:06:00,-0.11874112205299525
2020-06-09 10:09:00,-0.19591873417954275
2020-06-09 10:12:00,-0.1783592834244132
2020-06-09 10:15:00,-0.14144146939207758
2020-06-09 10:18:00,-0.07866816246587405
2020-06-09 10:21:00,-0.2417842546424822
2020-06-09 10:24:00,-0.17074237739075215
2020-06-09 10:27:00,-0.25039571115507897
2020-06-09 10:30:00,-0.1942419331288079
2020-06-09 10:33:00,-0.16009267300830743
2020-06-09 10:36:00,-0.1889692723922849
2020-06-09 10:39:00,-0.272739283051294
2020-06-09 10:42:00,-0.20568808716444664
2020-06-09 10:45:00,-0.24933547960472424
2020-06-09 10:48:00,-0.20691579047513642
2020-06-09 10:51:00,-0.26317872899409167
2020-06-09 10:54:00,-0.12208220030186112
2020-06-09 10:57:00,-0.25808595842511295
2020-06-09 11:00:00,-0.17027364149043933
2020-06-09 11:03:00,-0.24499772046414137
2020-06-09 11:06:00,-0.30193673933086984
2020-06-09 11:09:00,-0.32806981559065207
2020-06-09 11:12:00,-0.332856262092605
2020-06-09 11:15:00,-0.2478711456232645
2020-06-09 11:18:00,-0.21431199762332653
2020-06-09 11:21:00,-0.28991156887229863
2020-06-09 11:24:00,-0.34159142882094784
2020-06-09 11:27:00,-0.3273548833353743
2020-06-09 11:30:00,-0.2663883364187427
2020-06-09 11:33:00,-0.24030656582397114
2020-06-09 11:36:00,-0.2911233789686207
2020-06-09 11:39:00,-0.20862889030632914
2020-06-09 11:42:00,-0.2686363846507902
2020-06-09 11:45:00,-0.4382094442725588
2020-06-09 11:48:00,-0.3207255541308882
2020-06-09 11:51:00,-0.480430514171303
2020-06-09 11:54:00,-0.3669408138410404
2020-06-09 11:57:00,-0.39675356772664827
2020-06-09 12:00:00,-0.3601661971416661
2020-06-09 12:03:00,-0.3910950147077301
2020-06-09 12:06:00,-0.41013463808621964
2020-06-09 12:09:00,-0.4227337118167611
2020-06-09 12:12:00,-0.35426476434599863
2020-06-09 12:15:00,-0.5345719156641735
2020-06-09 12:18:00,-0.45556993802563284
2020-06-09 12:21:00,-0.4621780829763793
2020-06-09 12:24:00,-0.48570276914665556
2020-06-09 12:27:00,-0.41940626870501774
2020-06-09 12:30:00,-0.45822409798682884
2020-06-09 12:33:00,-0.3485658184446834
2020-06-09 12:36:00,-0.19565282465686096
2020-06-09 12:39:00,-0.25231205602852924
2020-06-09 12:42:00,-0.23252491938785624
2020-06-09 12:45:00,-0.29952670309126006
2020-06-09 12:48:00,-0.34530186572254706
2020-06-09 12:51:00,-0.29861111066179546
2020-06-09 12:54:00,-0.42979420075118924
2020-06-09 12:57:00,-0.28613678781414364
2020-06-09 13:00:00,-0.2060252827125737
2020-06-09 13:03:00,-0.11896803264477285
2020-06-09 13:06:00,-0.3001575439532189
2020-06-09 13:09:00,-0.14040378003375054
2020-06-09 13:12:00,0.031631328363971534
2020-06-09 13:15:00,-0.026106627234128155
2020-06-09 13:18:00,0.0989900499577061
2020-06-09 13:21:00,0.14119763747322622
2020-06-09 13:24:00,0.009879168743793798
2020-06-09 13:27:00,-0.005336512176540964
2020-06-09 13:30:00,-0.016807774577500822
2020-06-09 13:33:00,0.08361343784872588
2020-06-09 13:36:00,-0.02139610246592838
2020-06-09 13:39:00,-0.030631712483227602
2020-06-09 13:42:00,-0.14009601451436993
2020-06-09 13:45:00,-0.06715724016027025
2020-06-09 13:48:00,-0.035014464808057255
2020-06-09 13:51:00,-0.08559154968401117
2020-06-09 13:54:00,-0.08406387151677563
2020-06-09 13:57:00,-0.1001461875256382
2020-06-09 14:00:00,-0.021577191209473767
2020-06-09 14:03:00,-0.09623024923422463
2020-06-09 14:06:00,-0.024245917574546638
2020-06-09 14:09:00,-0.16582716376342432
2020-06-09 14:12:00,-0.08885416257356837
2020-06-09 14:15:00,-0.12680842111711854
2020-06-09 14:18:00,-0.18018333014578047
2020-06-09 14:21:00,-0.08312346457705644
2020-06-09 14:24:00,0.04087812541359881
2020-06-09 14:27:00,0.08295210138749098
2020-06-09 14:30:00,0.23159019377339973
2020-06-09 14:33:00,0.17417505374811526
2020-06-09 14:36:00,0.10597115881057562
2020-06-09 14:39:00,-0.06516655500001889
2020-06-09 14:42:00,0.016543045342757523
2020-06-09 14:45:00,0.040666474401973574
2020-06-09 14:48:00,0.013326683740558565
2020-06-09 14:51:00,-0.04005066395484391
2020-06-09 14:54:00,0.053623962113647394
2020-06-09 14:57:00,0.0020330923092615194
2020-06-09 15:00:00,-0.04606782785538144
2020-06-09 15:03:00,-0.03583276074147079
2020-06-09 15:06:00,-0.12005193193101604
2020-06-09 15:09:00,-0.02860263063905677
2020-06-09 15:12:00,-0.037703193114793976
2020-06-09 15:15:00,-0.07021195467950747
2020-06-09 15:18:00,0.1533321072205922
2020-06-09 15:21:00,0.4173736187330519
2020-06-09 15:24:00,0.39694578052410634
2020-06-09 15:27:00,0.38055127251436716
2020-06-09 15:30:00,0.18105977565062403
2020-06-09 15:33:00,0.03024414226791805
2020-06-09 15:36:00,0.0320670306381885
2020-06-09 15:39:00,0.015270381909033404
2020-06-09 15:42:00,-0.08720952497236567
2020-06-09 15:45:00,-0.07345760556148662
2020-06-09 15:48:00,-0.11687890548091673
2020-06-09 15:51:00,-0.02166976766687867
2020-06-09 15:54:00,-0.09007581485661831
2020-06-09 15:57:00,-0.0550182964365149
2020-06-09 16:00:00,-0.09990660146382879
2020-06-09 16:03:00,-0.08184418295019213
2020-06-09 16:06:00,-0.1064862855068327
2020-06-09 16:09:00,-0.21422092095440348
2020-06-09 16:12:00,-0.15368018020222962
2020-06-09 16:15:00,-0.10403944617792149
2020-06-09 16:18:00,-0.04804666167495952
2020-06-09 16:21:00,-0.059180480639838606
2020-06-09 16:24:00,-0.12179648977826218
2020-06-09 16:27:00,-0.14252703491831653
2020-06-09 16:30:00,-0.16800100082292602
2020-06-09 16:33:00,-0.144284225665956
2020-06-09 16:36:00,-0.07752807470535572
2020-06-09 16:39:00,-0.06958996408167195
2020-06-09 16:42:00,-0.07821551156348505
2020-06-09 16:45:00,-0.11365171884284564
2020-06-09 16:48:00,-0.09205536779177237
2020-06-09 16:51:00,-0.08673734428202806
2020-06-09 16:54:00,-0.039343231635427856
2020-06-09 16:57:00,-0.013619353677370327
2020-06-09 17:00:00,-0.08951851630308738
2020-06-09 17:03:00,-0.04438685756201721
2020-06-09 17:06:00,-0.11195126267961086
2020-06-09 17:09:00,-0.11203230943317521
2020-06-09 17:12:00,-0.12153819893222817
2020-06-09 17:15:00,-0.06146790295491655
2020-06-09 17:18:00,-0.034764849179111934
2020-06-09 17:21:00,-0.04563192910018188
2020-06-09 17:24:00,-0.07320471957768859
2020-06-09 17:27:00,-0.05868887576042425
2020-06-09 17:30:00,0.04737245921535305
2020-06-09 17:33:00,0.013216933795717978
2020-06-09 17:36:00,0.28381910678228905
2020-06-09 17:39:00,0.26579049860555415
2020-06-09 17:42:00,0.12060944366271542
2020-06-09 17:45:00,0.0008112702240623548
2020-06-09 17:48:00,0.0788821620359954
2020-06-09 17:51:00,-0.022280336475773765
2020-06-09 17:54:00,0.13917430333174252
2020-06-09 17:57:00,0.11795761215796574
2020-06-09 18:00:00,0.17937620876313076
2020-06-09 18:03:00,0.12339169584072351
2020-06-09 18:06:00,0.02852452677450401
2020-06-09 18:09:00,0.04551280894338561
2020-06-09 18:12:00,0.10177897055575613
2020-06-09 18:15:00,0.05826593054382556
2020-06-09 18:18:00,0.22147676997462895
2020-06-09 18:21:00,0.1383277711678943
2020-06-09 18:24:00,0.071188501758229
2020-06-09 18:27:00,0.11762653455400596
2020-06-09 18:30:00,0.14034413979425153
2020-06-09 18:33:00,0.1574745463848899
2020-06-09 18:36:00,0.20720618674528168
2020-06-09 18:39:00,0.09847013486529477
2020-06-09 18:42:00,0.11169462384015105
2020-06-09 18:45:00,0.2529217924621321
2020-06-09 18:48:00,0.15659273119831596
2020-06-09 18:51:00,0.24878263976370363
2020-06-09 18:54:00,
2020-06-09 18:57:00,
2020-06-09 19:00:00,
2020-06-09 19:03:00,0.15408606086833743
2020-06-09 19:06:00,0.05976972772702993
2020-06-09 19:09:00,0.07648726694048946
2020-06-09 19:12:00,0.1363023695923289
2020-06-09 19:15:00,0.10730690644214746
2020-06-09 19:18:00,0.06153815158046427
2020-06-09 19:21:00,0.13460469132314756
2020-06-09 19:24:00,0.1396402521435789
2020-06-09 19:27:00,0.13076332484422437
2020-06-09 19:30:00,0.04043437163556973
2020-06-09 19:33:00,0.08941118317375185
2020-06-09 19:36:00,0.08486783951303778
2020-06-09 19:39:00,0.0007322484092924242
2020-06-09 19:42:00,0.13297216822644486
2020-06-09 19:45:00,0.1550024143074893
2020-06-09 19:48:00,0.11888107855509134
2020-06-09 19:51:00,0.12082072880792794
2020-06-09 19:54:00,0.1003322094401824
2020-06-09 19:57:00,0.16062971822816507
2020-06-09 20:00:00,0.17304830278141026
2020-06-09 20:03:00,0.0737555404537602
2020-06-09 20:06:00,0.07584146192635899
2020-06-09 20:09:00,0.10838016787687366
2020-06-09 20:12:00,0.07957415055670936
2020-06-09 20:15:00,0.10580369384643973
2020-06-09 20:18:00,0.08696444873169185
2020-06-09 20:21:00,0.09726868221594032
2020-06-09 20:24:00,0.14571344380385653
2020-06-09 20:27:00,0.08225884744291534
2020-06-09 20:30:00,0.03527580961565491
2020-06-09 20:33:00,0.02457043924636082
2020-06-09 20:36:00,0.11664079976389985
2020-06-09 20:39:00,-0.033182673754993175
2020-06-09 20:42:00,0.03514088136745386
2020-06-09 20:45:00,0.042960476793609814
2020-06-09 20:48:00,0.06694635635363966
2020-06-09 20:51:00,-0.04888325031453178
2020-06-09 20:54:00,-0.029233005166474868
2020-06-09 20:57:00,0.05126340543824881
2020-06-09 21:00:00,0.025397916079043625
2020-06-09 21:03:00,-0.005088352982966171
2020-06-09 21:06:00,-0.014950918474028185
2020-06-09 21:09:00,0.018247921454872085
2020-06-09 21:12:00,0.033908134451166916
2020-06-09 21:15:00,-0.00884691295260609
2020-06-09 21:18:00,0.09639285687126176
2020-06-09 21:21:00,0.08338893235946898
2020-06-09 21:24:00,0.07109723048210981
2020-06-09 21:27:00,0.1766695882741942
2020-06-09 21:30:00,0.09299413744486174
2020-06-09 21:33:00,0.082924476012181
2020-06-09 21:36:00,0.09841115866794325
2020-06-09 21:39:00,-0.02228219000107856
2020-06-09 21:42:00,0.07685909006124803
2020-06-09 21:45:00,0.06336186325773951
2020-06-09 21:48:00,0.1407639771172171
2020-06-09 21:51:00,-0.04130649472148207
2020-06-09 21:54:00,0.08127464420670094
2020-06-09 21:57:00,0.09172893934305648
2020-06-09 22:00:00,0.04016962086285503
2020-06-09 22:03:00,0.048252836296455826
2020-06-09 22:06:00,0.10493655237189614
2020-06-09 22:09:00,0.11786730447471427
2020-06-09 22:12:00,0.12716081872463292
2020-06-09 22:15:00,0.08821400742971264
2020-06-09 22:18:00,0.05239989151289137
2020-06-09 22:21:00,0.016227492216046357
2020-06-09 22:24:00,0.029609122428269075
2020-06-09 22:27:00,-0.013379098743143913
2020-06-09 22:30:00,0.015219826530938008
2020-06-09 22:33:00,0.020774082941045435
2020-06-09 22:36:00,0.06625807663306205
2020-06-09 22:39:00,0.01285960329119007
2020-06-09 22:42:00,-0.0660308267348455
2020-06-09 22:45:00,-0.019117318433529817
2020-06-09 22:48:00,0.040142556068587965
2020-06-09 22:51:00,0.07593640162633619
2020-06-09 22:54:00,0.0057842771220748546
2020-06-09 22:57:00,0.008955914941054743
2020-06-09 23:00:00,0.06952907477045756
2020-06-09 23:03:00,0.0250114822547971
2020-06-09 23:06:00,-0.004336060068624192
2020-06-09 23:09:00,0.003074881556131004
2020-06-09 23:12:00,0.004640571081154121
2020-06-09 23:15:00,0.01051552319830762
2020-06-09 23:18:00,0.08766604549549584
2020-06-09 23:21:00,0.06574800775933909
2020-06-09 23:24:00,0.03600308487290249
2020-06-09 23:27:00,0.03096450593403688
2020-06-09 23:30:00,0.025241564728673893
2020-06-09 23:33:00,0.09345184852196553
2020-06-09 23:36:00,0.07300392967232483
2020-06-09 23:39:00,0.07119151497062148
2020-06-09 23:42:00,0.15266634501955423
2020-06-09 23:45:00,-0.005887569420281125
2020-06-09 23:48:00,0.13001400040138833
2020-06-09 23:51:00,-0.035609447892511525
2020-06-09 23:54:00,0.05721161480266801
2020-06-09 23:57:00,-0.062278807567906824
2020-06-10 00:00:00,0.058790418029616376
2020-06-10 00:03:00,0.1949683714175876
2020-06-10 00:06:00,0.09052495188063858
2020-06-10 00:09:00,0.1022784493897575
2020-06-10 00:12:00,0.07858188469111838
2020-06-10 00:15:00,0.1094399592186619
2020-06-10 00:18:00,0.13444855283916013
2020-06-10 00:21:00,0.11332296599209712
2020-06-10 00:24:00,0.038133384982018015
2020-06-10 00:27:00,0.06537715982159398
2020-06-10 00:30:00,0.17183389266961058
2020-06-10 00:33:00,0.17147547874594693
2020-06-10 00:36:00,0.11566009508032948
2020-06-10 00:39:00,0.1567486456598317
2020-06-10 00:42:00,0.1493029528637635
2020-06-10 00:45:00,0.12293762470198999
2020-06-10 00:48:00,0.17191597013896853
2020-06-10 00:51:00,0.19890822161227106
2020-06-10 00:54:00,0.18177734745950147
2020-06-10 00:57:00,0.1561437589431307
2020-06-10 01:00:00,0.2358438017479898
2020-06-10 01:03:00,0.23672529076168303
2020-06-10 01:06:00,0.28298996641262875
2020-06-10 01:09:00,0.23627765263137235
2020-06-10 01:12:00,0.1989484998845228
2020-06-10 01:15:00,0.21770297515217862
2020-06-10 01:18:00,0.19923733409262923
2020-06-10 01:21:00,0.2399422135150644
2020-06-10 01:24:00,0.20469028011041246
2020-06-10 01:27:00,0.2997140585180773
2020-06-10 01:30:00,0.29449268351652336
2020-06-10 01:33:00,0.2513784956536256
2020-06-10 01:36:00,0.27912920985869505
2020-06-10 01:39:00,0.2966264579928293
2020-06-10 01:42:00,0.18515354608302914
2020-06-10 01:45:00,0.3096939527325162
2020-06-10 01:48:00,0.25993945788462725
2020-06-10 01:51:00,0.2585312287296233
2020-06-10 01:54:00,0.2676574370382241
2020-06-10 01:57:00,0.2140487173651877
2020-06-10 02:00:00,0.2831348732171932
2020-06-10 02:03:00,0.24726090114569388
2020-06-10 02:06:00,0.24242273597366193
2020-06-10 02:09:00,0.32005248707571354
2020-06-10 02:12:00,0.26063295843187007
2020-06-10 02:15:00,0.2071464654231363
2020-06-10 02:18:00,0.3061106074629265
2020-06-10 02:21:00,0.3349769053546652
2020-06-10 02:24:00,0.2174336540455215
2020-06-10 02:27:00,0.32364402912998
2020-06-10 02:30:00,0.2803693119668651
2020-06-10 02:33:00,0.28903939579538473
2020-06-10 02:36:00,0.2338686635139311
2020-06-10 02:39:00,0.34531924496053534
2020-06-10 02:42:00,0.29792709972417697
2020-06-10 02:45:00,0.30771298403413994
2020-06-10 02:48:00,0.2840381917235959
2020-06-10 02:51:00,0.263368056205195
2020-06-10 02:54:00,0.3966372072123363
2020-06-10 02:57:00,0.33345179195333685
2020-06-10 03:00:00,0.2698354427184313
2020-06-10 03:03:00,0.3046505762231959
2020-06-10 03:06:00,0.277937511104426
2020-06-10 03:09:00,0.24474617919736374
2020-06-10 03:12:00,0.32191278653078825
2020-06-10 03:15:00,0.35849484184439007
2020-06-10 03:18:00,0.34379255625401584
2020-06-10 03:21:00,0.36168567692362785
2020-06-10 03:24:00,0.3061063145392495
2020-06-10 03:27:00,0.3030548804607065
2020-06-10 03:30:00,0.3645815517995743
2020-06-10 03:33:00,0.25422232092518016
2020-06-10 03:36:00,0.2632174538210279
2020-06-10 03:39:00,0.2892830151766361
2020-06-10 03:42:00,0.3130647000016893
2020-06-10 03:45:00,0.3120739342291472
2020-06-10 03:48:00,0.35332680730658694
2020-06-10 03:51:00,0.29773197001100016
2020-06-10 03:54:00,0.2636340812109097
2020-06-10 03:57:00,0.3451029649502857
2020-06-10 04:00:00,0.2760047586220935
2020-06-10 04:03:00,0.2430015501306002
2020-06-10 04:06:00,0.24768303801090497
2020-06-10 04:09:00,0.43451580407833035
2020-06-10 04:12:00,0.26040795381339876
2020-06-10 04:15:00,0.1977201367982957
2020-06-10 04:18:00,0.24176970908541762
2020-06-10 04:21:00,0.25557576622873057
2020-06-10 04:24:00,0.2110197945927439
2020-06-10 04:27:00,0.24549108139717646
2020-06-10 04:30:00,0.29752281965141947
2020-06-10 04:33:00,0.220736377452738
2020-06-10 04:36:00,0.25664664388193614
2020-06-10 04:39:00,0.23433124910445713
2020-06-10 04:42:00,0.19928683859114926
2020-06-10 04:45:00,0.3317171063872024
2020-06-10 04:48:00,0.2533966242920087
2020-06-10 04:51:00,0.27162923834407593
2020-06-10 04:54:00,0.22577962026122123
2020-06-10 04:57:00,0.2635489403440374
2020-06-10 05:00:00,0.18909890224131232
2020-06-10 05:03:00,0.2586197745908976
2020-06-10 05:06:00,0.17778487143124266
2020-06-10 05:09:00,0.2177641096188836
2020-06-10 05:12:00,0.2550288703528736
2020-06-10 05:15:00,0.2969968099181983
2020-06-10 05:18:00,0.3029292488266151
2020-06-10 05:21:00,0.17237710380510407
2020-06-10 05:24:00,0.22819921865789183
2020-06-10 05:27:00,0.2338101659302083
2020-06-10 05:30:00,0.270309598859626
2020-06-10 05:33:00,0.3242669451909137
2020-06-10 05:36:00,0.24858409308041018
2020-06-10 05:39:00,0.3080011183357101
2020-06-10 05:42:00,0.2934590989410708
2020-06-10 05:45:00,0.18510687509177615
2020-06-10 05:48:00,0.22804342840413483
2020-06-10 05:51:00,0.3517978417890504
2020-06-10 05:54:00,0.22515275818108194
2020-06-10 05:57:00,0.3223675847612526
2020-06-10 06:00:00,0.20218179600635722
2020-06-10 06:03:00,0.2642228787029808
2020-06-10 06:06:00,0.3124420072844032
2020-06-10 06:09:00,0.2160536507899451
2020-06-10 06:12:00,0.2428129415661715
2020-06-10 06:15:00,0.24464786497645719
2020-06-10 06:18:00,0.24480620266018605
2020-06-10 06:21:00,0.2787262344424448
2020-06-10 06:24:00,0.2966047266355645
2020-06-10 06:27:00,0.2121848409268523
2020-06-10 06:30:00,0.22529918394752713
2020-06-10 06:33:00,0.20354542419750032
2020-06-10 06:36:00,0.23964192466223722
2020-06-10 06:39:00,0.26050121588730235
2020-06-10 06:42:00,0.23331338596591422
2020-06-10 06:45:00,0.20749971188047311
2020-06-10 06:48:00,0.2945402792133791
2020-06-10 06:51:00,0.2157401765093141
2020-06-10 06:54:00,0.29577148351461346
2020-06-10 06:57:00,0.16488993944903996
2020-06-10 07:00:00,0.19379266545200835
2020-06-10 07:03:00,0.20875793172439217
2020-06-10 07:06:00,0.21535691924543698
2020-06-10 07:09:00,0.2785246962158112
2020-06-10 07:12:00,0.2269005293167652
2020-06-10 07:15:00,0.2120268727170469
2020-06-10 07:18:00,0.1853821436629346
2020-06-10 07:21:00,0.17139303570723996
2020-06-10 07:24:00,0.16045730147260429
2020-06-10 07:27:00,0.19443229759514224
2020-06-10 07:30:00,0.26926625070223054
2020-06-10 07:33:00,0.19923513517886704
2020-06-10 07:36:00,0.17954601598307818
2020-06-10 07:39:00,0.13538215218272853
2020-06-10 07:42:00,0.20220770082602257
2020-06-10 07:45:00,0.2752352310262154
2020-06-10 07:48:00,0.22731878888248502
2020-06-10 07:51:00,0.1810131248727771
2020-06-10 07:54:00,0.16141279779901652
2020-06-10 07:57:00,0.17209267817167984
2020-06-10 08:00:00,0.15764087055174514
2020-06-10 08:03:00,0.2251587059229223
2020-06-10 08:06:00,0.3178543444427646
2020-06-10 08:09:00,0.17376919220163245
2020-06-10 08:12:00,0.22663449472509
2020-06-10 08:15:00,0.23464992355752656
2020-06-10 08:18:00,0.1705274251702349
2020-06-10 08:21:00,0.1612455981153289
2020-06-10 08:24:00,0.15128788755305322
2020-06-10 08:27:00,0.2082443582062865
2020-06-10 08:30:00,0.1771922629308733
2020-06-10 08:33:00,0.12456324755811465
2020-06-10 08:36:00,0.17711292868955297
2020-06-10 08:39:00,0.22326684307085998
2020-06-10 08:42:00,0.1853478921721603
2020-06-10 08:45:00,0.11937185322784671
2020-06-10 08:48:00,0.16004083106849976
2020-06-10 08:51:00,0.12729103488982219
2020-06-10 08:54:00,0.1907873855974458
2020-06-10 08:57:00,0.22083247672685502
2020-06-10 09:00:00,0.21090100762063457
2020-06-10 09:03:00,0.25282837634961197
2020-06-10 09:06:00,0.15957133573942883
2020-06-10 09:09:00,0.18283544878931934
2020-06-10 09:12:00,0.13749695127370387
2020-06-10 09:15:00,0.2338150428413428
2020-06-10 09:18:00,0.1899857566107812
2020-06-10 09:21:00,0.16189286573006711
2020-06-10 09:24:00,0.05708397071572335
2020-06-10 09:27:00,0.05187689070015722
2020-06-10 09:30:00,0.03010670615867639
2020-06-10 09:33:00,0.1876267703548251
2020-06-10 09:36:00,0.17374106864588157
2020-06-10 09:39:00,0.16344750236936534
2020-06-10 09:42:00,0.09505738403453279
2020-06-10 09:45:00,0.11621671241817921
2020-06-10 09:48:00,0.1094799905862942
2020-06-10 09:51:00,0.17010153044134313
2020-06-10 09:54:00,0.2430836033564674
2020-06-10 09:57:00,0.3561345478307203
2020-06-10 10:00:00,0.27160478961616263
2020-06-10 10:03:00,0.28207557013701035
2020-06-10 10:06:00,0.29575958851745554
2020-06-10 10:09:00,0.2802645057573727
2020-06-10 10:12:00,0.2411334663800062
2020-06-10 10:15:00,0.3341691635675943
2020-06-10 10:18:00,0.2139327416028891
2020-06-10 10:21:00,0.10615123014156325
2020-06-10 10:24:00,0.06487964377345179
2020-06-10 10:27:00,0.10147905634772769
2020-06-10 10:30:00,-0.07613088887597996
2020-06-10 10:33:00,0.08191447339908109
2020-06-10 10:36:00,-0.0476283472694945
2020-06-10 10:39:00,-0.11423931567514956
2020-06-10 10:42:00,-0.06641178018645633
2020-06-10 10:45:00,-0.14413523247486637
2020-06-10 10:48:00,-0.029771856129571006
2020-06-10 10:51:00,-0.0036668324371476047
2020-06-10 10:54:00,0.056913247689521995
2020-06-10 10:57:00,-0.04237975706689667
2020-06-10 11:00:00,-0.07768315761074973
2020-06-10 11:03:00,0.012354788104119052
2020-06-10 11:06:00,0.0855335296775479
2020-06-10 11:09:00,-0.05343520705747551
2020-06-10 11:12:00,-0.056571810268849276
2020-06-10 11:15:00,-0.06304173889282083
2020-06-10 11:18:00,-0.0008207392405665814
2020-06-10 11:21:00,-0.020276960917897213
2020-06-10 11:24:00,-0.006836012637108979
2020-06-10 11:27:00,-0.017386392899709335
2020-06-10 11:30:00,-0.020975822781167608
2020-06-10 11:33:00,-0.04240229044000898
2020-06-10 11:36:00,-0.10890725372905763
2020-06-10 11:39:00,-0.267631667653518
2020-06-10 11:42:00,-0.0772642301062092
2020-06-10 11:45:00,0.23149715247103586
2020-06-10 11:48:00,0.2844692398843449
2020-06-10 11:51:00,0.17190766526312018
2020-06-10 11:54:00,-0.05545094739539991
2020-06-10 11:57:00,0.06779845350558844
2020-06-10 12:00:00,0.009811135637846746
2020-06-10 12:03:00,0.12219875184399598
2020-06-10 12:06:00,0.20064210854582143
2020-06-10 12:09:00,0.05285582653834808
2020-06-10 12:12:00,0.13918954852044862
2020-06-10 12:15:00,0.11210481512290471
2020-06-10 12:18:00,0.16144617717486653
2020-06-10 12:21:00,0.1332674342048108
2020-06-10 12:24:00,0.21898634121924943
2020-06-10 12:27:00,0.35892103041334167
2020-06-10 12:30:00,0.43217916632028164
2020-06-10 12:33:00,0.5726826214866492
2020-06-10 12:36:00,0.48791141016624806
2020-06-10 12:39:00,0.5091271749391808
2020-06-10 12:42:00,0.5455564188186486
2020-06-10 12:45:00,0.5569289011373257
2020-06-10 12:48:00,0.4637293391819526
2020-06-10 12:51:00,0.3551310407576125
2020-06-10 12:54:00,0.2730509080864181
2020-06-10 12:57:00,0.1900804857147591
2020-06-10 13:00:00,0.13254985036911648
2020-06-10 13:03:00,0.19840467369198223
2020-06-10 13:06:00,0.16547392946506534
2020-06-10 13:09:00,0.0794176544138736
2020-06-10 13:12:00,0.2456572052149113
2020-06-10 13:15:00,0.16599865979810602
2020-06-10 13:18:00,0.11461355723122324
2020-06-10 13:21:00,0.2609494981357443
2020-06-10 13:24:00,0.15754057660797116
2020-06-10 13:27:00,0.23617557168518033
2020-06-10 13:30:00,0.21361704178661967
2020-06-10 13:33:00,0.19180652830283407
2020-06-10 13:36:00,0.43133221281470924
2020-06-10 13:39:00,0.5491523937581064
2020-06-10 13:42:00,0.5347989854771527
2020-06-10 13:45:00,0.4677503224094721
2020-06-10 13:48:00,0.5206404835741978
2020-06-10 13:51:00,0.580248156574271
2020-06-10 13:54:00,0.5938682558966661
2020-06-10 13:57:00,0.5713953064205839
2020-06-10 14:00:00,0.6409413287674397
2020-06-10 14:03:00,0.5676803791951102
2020-06-10 14:06:00,0.5586730865126128
2020-06-10 14:09:00,0.564220912547114
2020-06-10 14:12:00,0.5128384230326901
2020-06-10 14:15:00,0.17394006284303032
2020-06-10 14:18:00,0.15479096760253697
2020-06-10 14:21:00,0.09245532339099327
2020-06-10 14:24:00,0.1250601437432124
2020-06-10 14:27:00,0.16632135867428133
2020-06-10 14:30:00,0.17376745459682752
2020-06-10 14:33:00,0.1878351293082119
2020-06-10 14:36:00,0.2794039360612146
2020-06-10 14:39:00,0.20708030036030323
2020-06-10 14:42:00,0.23569403664379251
2020-06-10 14:45:00,0.21973953436258853
2020-06-10 14:48:00,0.14991152091488402
2020-06-10 14:51:00,0.16987632685476228
2020-06-10 14:54:00,0.19495447279143718
2020-06-10 14:57:00,0.16377947181882746
2020-06-10 15:00:00,0.16085643970990304
2020-06-10 15:03:00,0.22572495718316077
2020-06-10 15:06:00,0.21595113075437666
2020-06-10 15:09:00,0.1760842791730397
2020-06-10 15:12:00,0.0017818645144984657
2020-06-10 15:15:00,0.14779390388810043
2020-06-10 15:18:00,0.15580610532816763
2020-06-10 15:21:00,0.07765833806115552
2020-06-10 15:24:00,0.169195413204136
2020-06-10 15:27:00,0.03376696309470617
2020-06-10 15:30:00,0.0997336459341227
2020-06-10 15:33:00,0.207523620381437
2020-06-10 15:36:00,0.08707579295708001
2020-06-10 15:39:00,0.1172224292017745
2020-06-10 15:42:00,0.10262186534350803
2020-06-10 15:45:00,0.11744884195456962
2020-06-10 15:48:00,0.10068579128454758
2020-06-10 15:51:00,0.07274439246896236
2020-06-10 15:54:00,0.07086880831457165
2020-06-10 15:57:00,0.0638194344634826
2020-06-10 16:00:00,-0.013696263114411522
2020-06-10 16:03:00,0.034673859780809835
2020-06-10 16:06:00,-0.0003441371661097037
2020-06-10 16:09:00,0.023222358968439494
2020-06-10 16:12:00,0.07875938717791087
2020-06-10 16:15:00,-0.0010904173079779866
2020-06-10 16:18:00,-0.07721151201758403
2020-06-10 16:21:00,-0.037033369824087004
2020-06-10 16:24:00,0.014371707223631347
2020-06-10 16:27:00,-0.019964130752839537
2020-06-10 16:30:00,-0.05130739901022707
2020-06-10 16:33:00,-0.03230806115897167
2020-06-10 16:36:00,-0.048704900898940195
2020-06-10 16:39:00,0.10605083444306729
2020-06-10 16:42:00,-0.06853410618907674
2020-06-10 16:45:00,-0.03172126166373346
2020-06-10 16:48:00,0.020905786898936185
2020-06-10 16:51:00,0.11414560680782415
2020-06-10 16:54:00,0.0698293659496585
2020-06-10 16:57:00,0.07445743207256328
2020-06-10 17:00:00,0.024484031495831005
2020-06-10 17:03:00,-0.03077552859122079
2020-06-10 17:06:00,-0.0018943259369734733
2020-06-10 17:09:00,-0.017133290887386465
2020-06-10 17:12:00,-0.016428853814772992
2020-06-10 17:15:00,0.07703321103758753
2020-06-10 17:18:00,0.019274798691071737
2020-06-10 17:21:00,0.09986020985303412
2020-06-10 17:24:00,0.02439413660357559
2020-06-10 17:27:00,-0.007248946519496258
2020-06-10 17:30:00,0.002333941116035021
2020-06-10 17:33:00,0.074009571809313
2020-06-10 17:36:00,0.07830470800070088
2020-06-10 17:39:00,0.1290470667830732
2020-06-10 17:42:00,0.11753841947705723
2020-06-10 17:45:00,0.12597730045791877
2020-06-10 17:48:00,0.09418634789159341
2020-06-10 17:51:00,0.12541131301372843
2020-06-10 17:54:00,0.13052223005291808
2020-06-10 17:57:00,0.19282039913849758
2020-06-10 18:00:00,0.08965678585877868
2020-06-10 18:03:00,0.11155963359124144
2020-06-10 18:06:00,0.10975376456161712
2020-06-10 18:09:00,0.22654627494364377
2020-06-10 18:12:00,0.21511243496996713
2020-06-10 18:15:00,0.09867954765900322
2020-06-10 18:18:00,0.2257575298925758
2020-06-10 18:21:00,0.2246487678548874
2020-06-10 18:24:00,0.08579931154673659
2020-06-10 18:27:00,0.14234414902853132
2020-06-10 18:30:00,0.25761015619633554
2020-06-10 18:33:00,0.1129101323522832
2020-06-10 18:36:00,0.1834693011330728
2020-06-10 18:39:00,0.23120363382895448
2020-06-10 18:42:00,0.1451106550777581
2020-06-10 18:45:00,0.1701490718912737
2020-06-10 18:48:00,0.10877855608083564
2020-06-10 18:51:00,0.11699147631088636
2020-06-10 18:54:00,
2020-06-10 18:57:00,
2020-06-10 19:00:00,
2020-06-10 19:03:00,0.1707334780784322
2020-06-10 19:06:00,0.10454388901513312
2020-06-10 19:09:00,0.19617536140322045
2020-06-10 19:12:00,0.19463274644141393
2020-06-10 19:15:00,0.183888410618124
2020-06-10 19:18:00,0.1288774831475621
2020-06-10 19:21:00,0.25247349529774965
2020-06-10 19:24:00,0.18729758760485993
2020-06-10 19:27:00,0.15750338266695962
2020-06-10 19:30:00,0.15115183549193034
2020-06-10 19:33:00,0.15906275555306593
2020-06-10 19:36:00,0.20659813893007595
2020-06-10 19:39:00,0.14483791292542492
2020-06-10 19:42:00,0.1096992821150593
2020-06-10 19:45:00,0.17668150571375918
2020-06-10 19:48:00,0.050689159048033616
2020-06-10 19:51:00,0.04088227277173928
2020-06-10 19:54:00,0.07167026724329162
2020-06-10 19:57:00,0.09751698493784033
2020-06-10 20:00:00,0.15234074370340522
2020-06-10 20:03:00,0.030856465115221
2020-06-10 20:06:00,0.036301306886116436
2020-06-10 20:09:00,0.1465442035758997
2020-06-10 20:12:00,0.11605799120422944
2020-06-10 20:15:00,0.15023709415396524
2020-06-10 20:18:00,0.04936401869179008
2020-06-10 20:21:00,0.11690901820543331
2020-06-10 20:24:00,0.16651134889167452
2020-06-10 20:27:00,0.11825451178566482
2020-06-10 20:30:00,0.15772054225885768
2020-06-10 20:33:00,0.1886865971464431
2020-06-10 20:36:00,0.1680641704454615
2020-06-10 20:39:00,0.20410395885198795
2020-06-10 20:42:00,0.12783566356347364
2020-06-10 20:45:00,0.2595784935806478
2020-06-10 20:48:00,0.23179413737773302
2020-06-10 20:51:00,0.21925641840869048
2020-06-10 20:54:00,0.24475193366441772
2020-06-10 20:57:00,0.21528555435980934
2020-06-10 21:00:00,0.16726909451506344
2020-06-10 21:03:00,0.15071472368975947
2020-06-10 21:06:00,0.1644305157110466
2020-06-10 21:09:00,0.17280862268739838
2020-06-10 21:12:00,0.14988325159174565
2020-06-10 21:15:00,0.24072468153894988
2020-06-10 21:18:00,0.10660047052817845
2020-06-10 21:21:00,0.20106309499919917
2020-06-10 21:24:00,0.29130539015221757
2020-06-10 21:27:00,0.2704487342933817
2020-06-10 21:30:00,0.14017079087449247
2020-06-10 21:33:00,0.19011018206202834
2020-06-10 21:36:00,0.23354837707063325
2020-06-10 21:39:00,0.2317591931040397
2020-06-10 21:42:00,0.17474257163996754
2020-06-10 21:45:00,0.1984834410755525
2020-06-10 21:48:00,0.2683977274768381
2020-06-10 21:51:00,0.3023500171877913
2020-06-10 21:54:00,0.18475917539012698
2020-06-10 21:57:00,0.24390849954932037
2020-06-10 22:00:00,0.26608790408897676
2020-06-10 22:03:00,0.27145134871346954
2020-06-10 22:06:00,0.21844948401269448
2020-06-10 22:09:00,0.21594766060053416
2020-06-10 22:12:00,0.25767712523986575
2020-06-10 22:15:00,0.22904840658253534
2020-06-10 22:18:00,0.19818034252983807
2020-06-10 22:21:00,0.4039408599900298
2020-06-10 22:24:00,0.3473149057364253
2020-06-10 22:27:00,0.26577537761801295
2020-06-10 22:30:00,0.26519474859799175
2020-06-10 22:33:00,0.3583238632235748
2020-06-10 22:36:00,0.30332450910361786
2020-06-10 22:39:00,0.23605585987985478
2020-06-10 22:42:00,0.19545957747061493
2020-06-10 22:45:00,0.26542404682135157
2020-06-10 22:48:00,0.3186561203824567
2020-06-10 22:51:00,0.19074796338776423
2020-06-10 22:54:00,0.1660434945856082
2020-06-10 22:57:00,0.21609288870399723
2020-06-10 23:00:00,0.18295298798437898
2020-06-10 23:03:00,0.26470642887608165
2020-06-10 23:06:00,0.23866922020437187
2020-06-10 23:09:00,0.2680320070147104
2020-06-10 23:12:00,0.2146041113730348
2020-06-10 23:15:00,0.18609618380696702
2020-06-10 23:18:00,0.31408705654206415
2020-06-10 23:21:00,0.23362429278978425
2020-06-10 23:24:00,0.2527354341273167
2020-06-10 23:27:00,0.2585992288853731
2020-06-10 23:30:00,0.16190861738289186
2020-06-10 23:33:00,0.1410704556256519
2020-06-10 23:36:00,0.3606892818310712
2020-06-10 23:39:00,0.28014207344153874
2020-06-10 23:42:00,0.19982389876918205
2020-06-10 23:45:00,0.2897335299187489
2020-06-10 23:48:00,0.20784096128943474
2020-06-10 23:51:00,0.20595868828542052
2020-06-10 23:54:00,0.18749739454960945
2020-06-10 23:57:00,0.18444272027323905
2020-06-11 00:00:00,0.2322891233988571
2020-06-11 00:03:00,0.29498737398222374
2020-06-11 00:06:00,0.23781430934309356
2020-06-11 00:09:00,0.1653399786891896
2020-06-11 00:12:00,0.30670302664015026
2020-06-11 00:15:00,0.1974712503189835
2020-06-11 00:18:00,0.3155584097399924
2020-06-11 00:21:00,0.338254162316332
2020-06-11 00:24:00,0.35364910121450066
2020-06-11 00:27:00,0.3251285747232373
2020-06-11 00:30:00,0.3833614817969533
2020-06-11 00:33:00,0.3908848255894668
2020-06-11 00:36:00,0.32946503880071987
2020-06-11 00:39:00,0.3332740657364752
2020-06-11 00:42:00,0.3211105921156445
2020-06-11 00:45:00,0.4318796006663206
2020-06-11 00:48:00,0.2705406435637201
2020-06-11 00:51:00,0.41375906616445945
2020-06-11 00:54:00,0.351163844010955
2020-06-11 00:57:00,0.3038581926321626
2020-06-11 01:00:00,0.3390292862527531
2020-06-11 01:03:00,0.316726298455535
2020-06-11 01:06:00,0.2992544908982495
2020-06-11 01:09:00,0.4201270771036434
2020-06-11 01:12:00,0.3501569410189518
2020-06-11 01:15:00,0.3468736927214877
2020-06-11 01:18:00,0.3063231421440378
2020-06-11 01:21:00,0.32114102883764417
2020-06-11 01:24:00,0.2758676642923774
2020-06-11 01:27:00,0.3342157387145335
2020-06-11 01:30:00,0.3180115189403523
2020-06-11 01:33:00,0.42656052184429427
2020-06-11 01:36:00,0.3394041408690782
2020-06-11 01:39:00,0.3379003763542414
2020-06-11 01:42:00,0.3479907187256117
2020-06-11 01:45:00,0.3175110000213408
2020-06-11 01:48:00,0.3436975490142231
2020-06-11 01:51:00,0.3124480561619407
2020-06-11 01:54:00,0.29160814852639305
2020-06-11 01:57:00,0.3505123149553242
2020-06-11 02:00:00,0.3680127232859718
2020-06-11 02:03:00,0.4046117611662794
2020-06-11 02:06:00,0.38013433607744673
2020-06-11 02:09:00,0.439168142356948
2020-06-11 02:12:00,0.38973831491819055
2020-06-11 02:15:00,0.3578984187881815
2020-06-11 02:18:00,0.3447933806867809
2020-06-11 02:21:00,0.39679521460590195
2020-06-11 02:24:00,0.32481277235388006
2020-06-11 02:27:00,0.4612474643453197
2020-06-11 02:30:00,0.35439467800637203
2020-06-11 02:33:00,0.3577308310609624
2020-06-11 02:36:00,0.4453416578837164
2020-06-11 02:39:00,0.4411330127546762
2020-06-11 02:42:00,0.40614895919480887
2020-06-11 02:45:00,0.2975580204074504
2020-06-11 02:48:00,0.30951797406351034
2020-06-11 02:51:00,0.400876612895388
2020-06-11 02:54:00,0.42851439297351135
2020-06-11 02:57:00,0.44839969391119894
2020-06-11 03:00:00,0.3244428877480914
2020-06-11 03:03:00,0.32593204356788874
2020-06-11 03:06:00,0.4752896561033708
2020-06-11 03:09:00,0.33074726433932256
2020-06-11 03:12:00,0.31833398059330875
2020-06-11 03:15:00,0.3846694264852317
2020-06-11 03:18:00,0.31248701362096654
2020-06-11 03:21:00,0.37783936802020435
2020-06-11 03:24:00,0.2706265248147588
2020-06-11 03:27:00,0.4283794485114072
2020-06-11 03:30:00,0.37642071775599106
2020-06-11 03:33:00,0.4609613708907432
2020-06-11 03:36:00,0.4411068783456926
2020-06-11 03:39:00,0.3022431534810721
2020-06-11 03:42:00,0.3476139299929173
2020-06-11 03:45:00,0.4075954736005656
2020-06-11 03:48:00,0.33286259593205614
2020-06-11 03:51:00,0.371438499002295
2020-06-11 03:54:00,0.30302803730018013
2020-06-11 03:57:00,0.3161198316067839
2020-06-11 04:00:00,0.374063589433149
2020-06-11 04:03:00,0.3720204034740391
2020-06-11 04:06:00,0.30759526417926963
2020-06-11 04:09:00,0.3191224866289417
2020-06-11 04:12:00,0.334188954217268
2020-06-11 04:15:00,0.2977077362447176
2020-06-11 04:18:00,0.37612133939757086
2020-06-11 04:21:00,0.4110753580935125
2020-06-11 04:24:00,0.4851540012346618
2020-06-11 04:27:00,0.4867692086652369
2020-06-11 04:30:00,0.4167106313127533
2020-06-11 04:33:00,0.3611170669940975
2020-06-11 04:36:00,0.3416601123435612
2020-06-11 04:39:00,0.4677272624963962
2020-06-11 04:42:00,0.38304430192187056
2020-06-11 04:45:00,0.4361387519934965
2020-06-11 04:48:00,0.33117896870368213
2020-06-11 04:51:00,0.41795429531606487
2020-06-11 04:54:00,0.3900499259593744
2020-06-11 04:57:00,0.45650739227278336
2020-06-11 05:00:00,0.3545596513790201
2020-06-11 05:03:00,0.40428896364608136
2020-06-11 05:06:00,0.41148665600019285
2020-06-11 05:09:00,0.4329500235426167
2020-06-11 05:12:00,0.43396708095383474
2020-06-11 05:15:00,0.38221092686654856
2020-06-11 05:18:00,0.334438944786541
2020-06-11 05:21:00,0.32110265597037824
2020-06-11 05:24:00,0.29756199338015676
2020-06-11 05:27:00,0.35415478465006345
2020-06-11 05:30:00,0.2849606142698917
2020-06-11 05:33:00,0.2817589959611837
2020-06-11 05:36:00,0.2536161405988082
2020-06-11 05:39:00,0.3636835218281931
2020-06-11 05:42:00,0.3101783956616373
2020-06-11 05:45:00,0.3277515671232436
2020-06-11 05:48:00,0.362458430357151
2020-06-11 05:51:00,0.33513459754362884
2020-06-11 05:54:00,0.3386365825610369
2020-06-11 05:57:00,0.27543351134073646
2020-06-11 06:00:00,0.3110036154841396
2020-06-11 06:03:00,0.3407023153995965
2020-06-11 06:06:00,0.3655619697168504
2020-06-11 06:09:00,0.34257417498190534
2020-06-11 06:12:00,0.3444213891298773
2020-06-11 06:15:00,0.2860799290714908
2020-06-11 06:18:00,0.3487125203163828
2020-06-11 06:21:00,0.32888107740728856
2020-06-11 06:24:00,0.35284147199809013
2020-06-11 06:27:00,0.2302750771178239
2020-06-11 06:30:00,0.28112049466994904
2020-06-11 06:33:00,0.2766195161398173
2020-06-11 06:36:00,0.2669737503182432
2020-06-11 06:39:00,0.34368878353842547
2020-06-11 06:42:00,0.37183925547412855
2020-06-11 06:45:00,0.2958560108462507
2020-06-11 06:48:00,0.211176692938011
2020-06-11 06:51:00,0.3176502818826066
2020-06-11 06:54:00,0.3982455454537899
2020-06-11 06:57:00,0.3331842692523992
2020-06-11 07:00:00,0.30553745782276565
2020-06-11 07:03:00,0.22642231090208043
2020-06-11 07:06:00,0.31037909230099103
2020-06-11 07:09:00,0.2946797888371293
2020-06-11 07:12:00,0.27428792232791466
2020-06-11 07:15:00,0.2757305320564569
2020-06-11 07:18:00,0.25881616472952373
2020-06-11 07:21:00,0.23291191818583457
2020-06-11 07:24:00,0.25987905080273777
2020-06-11 07:27:00,0.26773653770840156
2020-06-11 07:30:00,0.22523444152835737
2020-06-11 07:33:00,0.26608536341353783
2020-06-11 07:36:00,0.26058298201667185
2020-06-11 07:39:00,0.30472731318928936
2020-06-11 07:42:00,0.1931710812780807
2020-06-11 07:45:00,0.20398948241427206
2020-06-11 07:48:00,0.1604075392864388
2020-06-11 07:51:00,0.22470627136561916
2020-06-11 07:54:00,0.21633273162404976
2020-06-11 07:57:00,0.12394040752803903
2020-06-11 08:00:00,0.23422975439945048
2020-06-11 08:03:00,0.26672355966803707
2020-06-11 08:06:00,0.1854368181726045
2020-06-11 08:09:00,0.23415823806590197
2020-06-11 08:12:00,0.27752116589999787
2020-06-11 08:15:00,0.03142085748379486
2020-06-11 08:18:00,0.20358857896479776
2020-06-11 08:21:00,0.25524393475177476
2020-06-11 08:24:00,0.21639311915851067
2020-06-11 08:27:00,0.07199095178987136
2020-06-11 08:30:00,0.21584193380220995
2020-06-11 08:33:00,0.174948980079364
2020-06-11 08:36:00,0.0914854659225739
2020-06-11 08:39:00,0.13272481547551251
2020-06-11 08:42:00,0.12059805939276202
2020-06-11 08:45:00,0.3001763994188309
2020-06-11 08:48:00,0.07231671318521649
2020-06-11 08:51:00,0.1561172614750035
2020-06-11 08:54:00,0.09518416650564632
2020-06-11 08:57:00,0.1633248890382788
2020-06-11 09:00:00,0.13860149945395506
2020-06-11 09:03:00,-0.0034167860450224907
2020-06-11 09:06:00,0.016416490293977404
2020-06-11 09:09:00,0.16482071266761977
2020-06-11 09:12:00,0.015709086694016605
2020-06-11 09:15:00,0.10201327945327421
2020-06-11 09:18:00,0.045111177394460356
2020-06-11 09:21:00,-0.08956764452398147
2020-06-11 09:24:00,0.11245781680207756
2020-06-11 09:27:00,-0.03269686425278451
2020-06-11 09:30:00,-0.06744373361664202
2020-06-11 09:33:00,-0.10525464833636988
2020-06-11 09:36:00,0.013528647069449562
2020-06-11 09:39:00,-0.09105377987691554
2020-06-11 09:42:00,-0.09692222109271142
2020-06-11 09:45:00,-0.03799534578536168
2020-06-11 09:48:00,-0.0813226145309045
2020-06-11 09:51:00,-0.08661724639887325
2020-06-11 09:54:00,-0.07578954669628502
2020-06-11 09:57:00,-0.07172640417627463
2020-06-11 10:00:00,-0.11978151408379745
2020-06-11 10:03:00,-0.10510633361542432
2020-06-11 10:06:00,-0.051901284977532214
2020-06-11 10:09:00,-0.09048142625977107
2020-06-11 10:12:00,0.018041253551984937
2020-06-11 10:15:00,-0.09745762575403205
2020-06-11 10:18:00,-0.09128523253099274
2020-06-11 10:21:00,-0.16136750023440527
2020-06-11 10:24:00,-0.06930516319380331
2020-06-11 10:27:00,-0.13634657888979973
2020-06-11 10:30:00,-0.1583302182231705
2020-06-11 10:33:00,-0.10986976281287752
2020-06-11 10:36:00,-0.18351123967983085
2020-06-11 10:39:00,-0.1665211239501332
2020-06-11 10:42:00,-0.11847135553517774
2020-06-11 10:45:00,-0.20556003210208473
2020-06-11 10:48:00,-0.22348409586084017
2020-06-11 10:51:00,-0.24602248610528932
2020-06-11 10:54:00,-0.2851770084282066
2020-06-11 10:57:00,-0.2146526411454488
2020-06-11 11:00:00,-0.2599400252053101
2020-06-11 11:03:00,-0.2600222047989291
2020-06-11 11:06:00,-0.24785161492525276
2020-06-11 11:09:00,-0.2871457385816143
2020-06-11 11:12:00,-0.17404444779697315
2020-06-11 11:15:00,-0.20436604228183342
2020-06-11 11:18:00,-0.20859916866697858
2020-06-11 11:21:00,-0.17943330032835547
2020-06-11 11:24:00,-0.14466975872380772
2020-06-11 11:27:00,-0.30167572032820544
2020-06-11 11:30:00,-0.22770550184077365
2020-06-11 11:33:00,-0.3534147714472624
2020-06-11 11:36:00,-0.2144026893495834
2020-06-11 11:39:00,-0.2329198711889262
2020-06-11 11:42:00,-0.16203018890195153
2020-06-11 11:45:00,-0.24552756674705734
2020-06-11 11:48:00,-0.1302862964521978
2020-06-11 11:51:00,-0.06787399877185862
2020-06-11 11:54:00,0.02886634655430953
2020-06-11 11:57:00,0.06590694211558912
2020-06-11 12:00:00,0.05879947889422965
2020-06-11 12:03:00,-0.008798631765841947
2020-06-11 12:06:00,0.08108980197613391
2020-06-11 12:09:00,0.011834167269057616
2020-06-11 12:12:00,-0.01646382541480307
2020-06-11 12:15:00,-0.12261693735069912
2020-06-11 12:18:00,-0.09439255800970159
2020-06-11 12:21:00,-0.2173161789170308
2020-06-11 12:24:00,-0.12221732838321486
2020-06-11 12:27:00,-0.145366529510909
2020-06-11 12:30:00,-0.16638544903628372
2020-06-11 12:33:00,-0.19648411729031068
2020-06-11 12:36:00,-0.2802327376899143
2020-06-11 12:39:00,-0.1759461118003287
2020-06-11 12:42:00,-0.287133186942242
2020-06-11 12:45:00,-0.26474881592821475
2020-06-11 12:48:00,-0.34664366840371486
2020-06-11 12:51:00,-0.26801107029160676
2020-06-11 12:54:00,-0.24493773176823197
2020-06-11 12:57:00,-0.3004242239672976
2020-06-11 13:00:00,-0.2511488894306808
2020-06-11 13:03:00,-0.17013646284647166
2020-06-11 13:06:00,-0.21717537273178777
2020-06-11 13:09:00,-0.2596068302828485
2020-06-11 13:12:00,-0.3410133643063773
2020-06-11 13:15:00,-0.31843372162427386
2020-06-11 13:18:00,-0.3009970578067396
2020-06-11 13:21:00,-0.26093137596546967
2020-06-11 13:24:00,-0.24354214144909747
2020-06-11 13:27:00,-0.21359427382157037
2020-06-11 13:30:00,-0.23551485407705286
2020-06-11 13:33:00,-0.34829996880012004
2020-06-11 13:36:00,-0.19391287978481841
2020-06-11 13:39:00,-0.2617887018380429
2020-06-11 13:42:00,-0.29761259747925806
2020-06-11 13:45:00,-0.20053470700480602
2020-06-11 13:48:00,-0.2738363861691937
2020-06-11 13:51:00,-0.24354956955863827
2020-06-11 13:54:00,-0.08264853712637432
2020-06-11 13:57:00,-0.12764441307729157
2020-06-11 14:00:00,-0.09556906648163022
2020-06-11 14:03:00,-0.12538726978289105
2020-06-11 14:06:00,0.03658318952460604
2020-06-11 14:09:00,-0.09504747684684389
2020-06-11 14:12:00,-0.12320129131825297
2020-06-11 14:15:00,-0.037191140769209596
2020-06-11 14:18:00,-0.10639071925129429
2020-06-11 14:21:00,-0.005444418507181581
2020-06-11 14:24:00,-0.040476205413199295
2020-06-11 14:27:00,-0.060876271333313525
2020-06-11 14:30:00,-0.08936227820345266
2020-06-11 14:33:00,0.002565427024762812
2020-06-11 14:36:00,0.034684158452478187
2020-06-11 14:39:00,-0.07036530910903593
2020-06-11 14:42:00,-0.1711653543486591
2020-06-11 14:45:00,0.0874218426199036
2020-06-11 14:48:00,-0.019579229647831653
2020-06-11 14:51:00,-0.13109254691147498
2020-06-11 14:54:00,-0.09171006405222215
2020-06-11 14:57:00,-0.1761580458625076
2020-06-11 15:00:00,-0.049773689681103406
2020-06-11 15:03:00,0.04020884798700308
2020-06-11 15:06:00,0.09298389749380931
2020-06-11 15:09:00,0.1552191776845575
2020-06-11 15:12:00,0.22663865170051167
2020-06-11 15:15:00,0.2862470987396364
2020-06-11 15:18:00,0.07751255406026303
2020-06-11 15:21:00,0.07122829935252639
2020-06-11 15:24:00,0.037823020249277306
2020-06-11 15:27:00,0.06303274469257758
2020-06-11 15:30:00,0.13530466039537714
2020-06-11 15:33:00,0.05090311984758955
2020-06-11 15:36:00,-0.0010915616985585075
2020-06-11 15:39:00,-0.16444878225695447
2020-06-11 15:42:00,-0.1166732027990065
2020-06-11 15:45:00,0.08734434151978121
2020-06-11 15:48:00,0.025654189355748258
2020-06-11 15:51:00,0.025961405437840313
2020-06-11 15:54:00,0.10015970519185657
2020-06-11 15:57:00,0.08019436709832917
2020-06-11 16:00:00,0.02080499798813662
2020-06-11 16:03:00,0.14817757594403247
2020-06-11 16:06:00,0.06042714698730833
2020-06-11 16:09:00,0.11125166191754943
2020-06-11 16:12:00,0.18454982476936266
2020-06-11 16:15:00,0.16592514550183068
2020-06-11 16:18:00,0.22460736799746428
2020-06-11 16:21:00,0.14832937623162934
2020-06-11 16:24:00,0.08758359211316247
2020-06-11 16:27:00,0.09360111607094268
2020-06-11 16:30:00,-0.004941180644777887
2020-06-11 16:33:00,0.039295399111153984
2020-06-11 16:36:00,0.005189233554574457
2020-06-11 16:39:00,0.024004588121329107
2020-06-11 16:42:00,0.09882330030171715
2020-06-11 16:45:00,0.36552164310256785
2020-06-11 16:48:00,0.40397778510526905
2020-06-11 16:51:00,0.4708554281226611
2020-06-11 16:54:00,0.3768595970182105
2020-06-11 16:57:00,0.30165588109082364
2020-06-11 17:00:00,0.21681117785414017
2020-06-11 17:03:00,0.27885153293868825
2020-06-11 17:06:00,0.23771438008998302
2020-06-11 17:09:00,0.12368304170848887
2020-06-11 17:12:00,0.10756980915141412
2020-06-11 17:15:00,0.08646705255296183
2020-06-11 17:18:00,0.12937336412710465
2020-06-11 17:21:00,0.17200058199279056
2020-06-11 17:24:00,0.18842003599291957
2020-06-11 17:27:00,0.2410674617821087
2020-06-11 17:30:00,0.1412221055844043
2020-06-11 17:33:00,0.13185942365993242
2020-06-11 17:36:00,-0.002661523730580484
2020-06-11 17:39:00,0.03398712588790431
2020-06-11 17:42:00,0.07995892959507955
2020-06-11 17:45:00,0.1033652240482752
2020-06-11 17:48:00,0.020933515646675005
2020-06-11 17:51:00,0.11313334204487546
2020-06-11 17:54:00,0.03702027592464674
2020-06-11 17:57:00,-0.040320204739032306
2020-06-11 18:00:00,0.055780927057412555
2020-06-11 18:03:00,0.017421964252378075
2020-06-11 18:06:00,-0.12743320264314661
2020-06-11 18:09:00,-0.15830401161184682
2020-06-11 18:12:00,-0.031215162999160384
2020-06-11 18:15:00,-0.030927741082734883
2020-06-11 18:18:00,-0.0561703412291763
2020-06-11 18:21:00,-0.049997100615030377
2020-06-11 18:24:00,-0.04567513157019221
2020-06-11 18:27:00,0.10673052430342977
2020-06-11 18:30:00,0.012060737268598132
2020-06-11 18:33:00,0.03637044482047713
2020-06-11 18:36:00,0.15289228327054616
2020-06-11 18:39:00,0.1584663885558939
2020-06-11 18:42:00,0.07353102834025549
2020-06-11 18:45:00,-0.006911122827887084
2020-06-11 18:48:00,0.02695008733968507
2020-06-11 18:51:00,-0.01416924824616217
2020-06-11 18:54:00,-0.048466955646631504
2020-06-11 18:57:00,-0.034507108312084256
2020-06-11 19:00:00,0.013905594109814956
2020-06-11 19:03:00,0.0067069793337282135
2020-06-11 19:06:00,0.0037446900914233083
2020-06-11 19:09:00,0.05517590306834563
2020-06-11 19:12:00,-0.035634014461891184
2020-06-11 19:15:00,0.1276741698634396
2020-06-11 19:18:00,0.03228071905169827
2020-06-11 19:21:00,0.10632030171495899
2020-06-11 19:24:00,0.0025211644646105924
2020-06-11 19:27:00,0.09009851232150368
2020-06-11 19:30:00,0.006369968944397897
2020-06-11 19:33:00,0.041721401879669884
2020-06-11 19:36:00,0.02245128013072417
2020-06-11 19:39:00,0.024492611162997946
2020-06-11 19:42:00,0.11643283870586174
2020-06-11 19:45:00,-0.04662245693407385
2020-06-11 19:48:00,0.0805708957443585
2020-06-11 19:51:00,0.041307280083913156
2020-06-11 19:54:00,0.09132612098068194
2020-06-11 19:57:00,0.06204545630600933
2020-06-11 20:00:00,0.015333754254811538
2020-06-11 20:03:00,0.09343100593304143
2020-06-11 20:06:00,0.021731004985497293
2020-06-11 20:09:00,0.114469921804357
2020-06-11 20:12:00,0.024943754318712763
2020-06-11 20:15:00,0.077891631143018
2020-06-11 20:18:00,0.06645277479856304
2020-06-11 20:21:00,0.1022643807000918
2020-06-11 20:24:00,0.12929643106053845
2020-06-11 20:27:00,0.07249359666673172
2020-06-11 20:30:00,0.18694157798211108
2020-06-11 20:33:00,0.1072148883920363
2020-06-11 20:36:00,0.034365155913747
2020-06-11 20:39:00,0.08230184361246984
2020-06-11 20:42:00,0.05922903581125638
2020-06-11 20:45:00,0.06270295632924672
2020-06-11 20:48:00,0.019642740981851148
2020-06-11 20:51:00,0.14663967121708765
2020-06-11 20:54:00,0.15073481451798898
2020-06-11 20:57:00,0.019479430546880394
2020-06-11 21:00:00,0.06774992547451575
2020-06-11 21:03:00,0.06477827365148414
2020-06-11 21:06:00,-0.041109891024859735
2020-06-11 21:09:00,0.05609254667098185
2020-06-11 21:12:00,0.07178486468035317
2020-06-11 21:15:00,0.041407865315306935
2020-06-11 21:18:00,0.04635565582373147
2020-06-11 21:21:00,0.09315536883980258
2020-06-11 21:24:00,0.04118852309557042
2020-06-11 21:27:00,0.043311686229458246
2020-06-11 21:30:00,0.028460379278669734
2020-06-11 21:33:00,0.02323991562275296
2020-06-11 21:36:00,0.11477960152325295
2020-06-11 21:39:00,0.06900294644680116
2020-06-11 21:42:00,0.03166687719777883
2020-06-11 21:45:00,0.0737845546710787
2020-06-11 21:48:00,-0.04839255717956803
2020-06-11 21:51:00,0.08469732907030902
2020-06-11 21:54:00,0.026417137010298575
2020-06-11 21:57:00,0.13486732465668183
2020-06-11 22:00:00,0.1352974870043795
2020-06-11 22:03:00,0.2066353913248804
2020-06-11 22:06:00,0.3115644251571439
2020-06-11 22:09:00,0.220460174147604
2020-06-11 22:12:00,0.3032240073571302
2020-06-11 22:15:00,0.25016640034914417
2020-06-11 22:18:00,0.34328606616782054
2020-06-11 22:21:00,0.24074398116869133
2020-06-11 22:24:00,0.2262552992045812
2020-06-11 22:27:00,0.26686102890602115
2020-06-11 22:30:00,0.3051602952535859
2020-06-11 22:33:00,0.3115574416748359
2020-06-11 22:36:00,0.3699752349117489
2020-06-11 22:39:00,0.3001541743039411
2020-06-11 22:42:00,0.3872483222619394
2020-06-11 22:45:00,0.3944751353835727
2020-06-11 22:48:00,0.3442604283030164
2020-06-11 22:51:00,0.38727778183039163
2020-06-11 22:54:00,0.3733758234703828
2020-06-11 22:57:00,0.42725671356907924
2020-06-11 23:00:00,0.48346576782648754
2020-06-11 23:03:00,0.43055040721390014
2020-06-11 23:06:00,0.3959752365519762
2020-06-11 23:09:00,0.4086470797503239
2020-06-11 23:12:00,0.44686568855871656
2020-06-11 23:15:00,0.4422731953811194
2020-06-11 23:18:00,0.45623606122700266
2020-06-11 23:21:00,0.45781975649447304
2020-06-11 23:24:00,0.4510325988831596
2020-06-11 23:27:00,0.437952677379144
2020-06-11 23:30:00,0.46791383749183524
2020-06-11 23:33:00,0.5002573907412398
2020-06-11 23:36:00,0.47564790929430956
2020-06-11 23:39:00,0.46051134116839876
2020-06-11 23:42:00,0.3945940061298643
2020-06-11 23:45:00,0.4448097124292758
2020-06-11 23:48:00,0.38840521304189224
2020-06-11 23:51:00,0.46079797034508374
2020-06-11 23:54:00,0.46309943346017235
2020-06-11 23:57:00,0.3824027410642543
2020-06-12 00:00:00,0.40613230505522324
2020-06-12 00:03:00,0.36454523909685577
2020-06-12 00:06:00,0.4092667538252499
2020-06-12 00:09:00,0.4370471790043098
2020-06-12 00:12:00,0.26414439238601517
2020-06-12 00:15:00,0.29945480390227885
2020-06-12 00:18:00,0.22478042012750166
2020-06-12 00:21:00,0.28373123032122294
2020-06-12 00:24:00,0.25789939866018585
2020-06-12 00:27:00,0.3395728040240442
2020-06-12 00:30:00,0.3209937329759782
2020-06-12 00:33:00,0.27930222689235507
2020-06-12 00:36:00,0.2813508695929272
2020-06-12 00:39:00,0.3270542665359244
2020-06-12 00:42:00,0.3017904483974121
2020-06-12 00:45:00,0.30032051523716063
2020-06-12 00:48:00,0.32865777084890624
2020-06-12 00:51:00,0.21927470270901495
2020-06-12 00:54:00,0.24824075943064372
2020-06-12 00:57:00,0.27011281189300007
2020-06-12 01:00:00,0.23592438214677713
2020-06-12 01:03:00,0.1923621883337887
2020-06-12 01:06:00,0.2607047069457735
2020-06-12 01:09:00,0.21230656602523368
2020-06-12 01:12:00,0.27966647860347393
2020-06-12 01:15:00,0.2455874834990368
2020-06-12 01:18:00,0.40210726261744867
2020-06-12 01:21:00,0.2856174021070501
2020-06-12 01:24:00,0.32804612339646155
2020-06-12 01:27:00,0.3871505271417277
2020-06-12 01:30:00,0.3955095090178702
2020-06-12 01:33:00,0.3963412065727425
2020-06-12 01:36:00,0.43668804669033534
2020-06-12 01:39:00,0.36305644435771
2020-06-12 01:42:00,0.40727272684307536
2020-06-12 01:45:00,0.45718002453605777
2020-06-12 01:48:00,0.4658531895489091
2020-06-12 01:51:00,0.567886024601421
2020-06-12 01:54:00,0.5365101513867216
2020-06-12 01:57:00,0.4901033613010668
2020-06-12 02:00:00,0.5230759144295121
2020-06-12 02:03:00,0.5260714323124489
2020-06-12 02:06:00,0.5345889194634879
2020-06-12 02:09:00,0.5958818075942531
2020-06-12 02:12:00,0.48727541929048357
2020-06-12 02:15:00,0.4349271972633346
2020-06-12 02:18:00,0.49879810749661146
2020-06-12 02:21:00,0.5679531393683988
2020-06-12 02:24:00,0.5074255391334077
2020-06-12 02:27:00,0.546529355019743
2020-06-12 02:30:00,0.5077714611386455
2020-06-12 02:33:00,0.5085131521638573
2020-06-12 02:36:00,0.508201813919186
2020-06-12 02:39:00,0.5001492595378636
2020-06-12 02:42:00,0.5246606689319719
2020-06-12 02:45:00,0.5134861259072068
2020-06-12 02:48:00,0.46906254416825277
2020-06-12 02:51:00,0.40661609723423453
2020-06-12 02:54:00,0.4818215146842135
2020-06-12 02:57:00,0.5267293727054607
2020-06-12 03:00:00,0.5112540556618796
2020-06-12 03:03:00,0.48256871943937085
2020-06-12 03:06:00,0.42470362021225583
2020-06-12 03:09:00,0.5898104211212285
2020-06-12 03:12:00,0.4806738556281971
2020-06-12 03:15:00,0.40951016910508997
2020-06-12 03:18:00,0.4130044157284942
2020-06-12 03:21:00,0.5142496535173677
2020-06-12 03:24:00,0.5260525203388511
2020-06-12 03:27:00,0.5865910200673738
2020-06-12 03:30:00,0.38417810734949853
2020-06-12 03:33:00,0.5793374920339147
2020-06-12 03:36:00,0.4793354032747743
2020-06-12 03:39:00,0.5485675936774328
2020-06-12 03:42:00,0.4608338198301567
2020-06-12 03:45:00,0.5392369536061778
2020-06-12 03:48:00,0.5016338667838909
2020-06-12 03:51:00,0.5334060817746717
2020-06-12 03:54:00,0.48668858338788823
2020-06-12 03:57:00,0.4867931258327758
2020-06-12 04:00:00,0.5483787508574096
2020-06-12 04:03:00,0.45953554829731047
2020-06-12 04:06:00,0.5039355267344376
2020-06-12 04:09:00,0.4267404271025157
2020-06-12 04:12:00,0.49129565912176076
2020-06-12 04:15:00,0.45015476110648933
2020-06-12 04:18:00,0.45144541203421795
2020-06-12 04:21:00,0.35210671423180884
2020-06-12 04:24:00,0.46215480405390963
2020-06-12 04:27:00,0.49677309778746803
2020-06-12 04:30:00,0.417029589037611
2020-06-12 04:33:00,0.4249101987161339
2020-06-12 04:36:00,0.3371749312777297
2020-06-12 04:39:00,0.4064015943332038
2020-06-12 04:42:00,0.36106039572388227
2020-06-12 04:45:00,0.29198319287820595
2020-06-12 04:48:00,0.45674030727286663
2020-06-12 04:51:00,0.3430378238847993
2020-06-12 04:54:00,0.3161719351039096
2020-06-12 04:57:00,0.4307052115929082
2020-06-12 05:00:00,0.4040732767861641
2020-06-12 05:03:00,0.400139924670043
2020-06-12 05:06:00,0.4026310131458217
2020-06-12 05:09:00,0.4224512477265421
2020-06-12 05:12:00,0.3898000848126344
2020-06-12 05:15:00,0.5016465853390173
2020-06-12 05:18:00,0.5136672324294409
2020-06-12 05:21:00,0.42845207911062744
2020-06-12 05:24:00,0.4223672767340645
2020-06-12 05:27:00,0.4070989374384908
2020-06-12 05:30:00,0.42759216259747745
2020-06-12 05:33:00,0.4057036266574414
2020-06-12 05:36:00,0.446143316059306
2020-06-12 05:39:00,0.5244061164008258
2020-06-12 05:42:00,0.3722882324757393
2020-06-12 05:45:00,0.39896855821586996
2020-06-12 05:48:00,0.4191672829263098
2020-06-12 05:51:00,0.4115061181946089
2020-06-12 05:54:00,0.46192898839700547
2020-06-12 05:57:00,0.4058515715531712
2020-06-12 06:00:00,0.37488738890948525
2020-06-12 06:03:00,0.33606173277740936
2020-06-12 06:06:00,0.41155464052053503
2020-06-12 06:09:00,0.37449084409547595
2020-06-12 06:12:00,0.19652752713722066
2020-06-12 06:15:00,0.3333942032253958
2020-06-12 06:18:00,0.367379275704252
2020-06-12 06:21:00,0.30357461552392806
2020-06-12 06:24:00,0.3181950316478037
2020-06-12 06:27:00,0.26393393479821725
2020-06-12 06:30:00,0.2796314952967691
2020-06-12 06:33:00,0.33002052517065295
2020-06-12 06:36:00,0.3175036698442
2020-06-12 06:39:00,0.27586109293690697
2020-06-12 06:42:00,0.24352729593209688
2020-06-12 06:45:00,0.28912464132292826
2020-06-12 06:48:00,0.3800177153528921
2020-06-12 06:51:00,0.32781652857738663
2020-06-12 06:54:00,0.3239029568828755
2020-06-12 06:57:00,0.33771536239436273
2020-06-12 07:00:00,0.3946945148170471
2020-06-12 07:03:00,0.3421593032629744
2020-06-12 07:06:00,0.44468047598780913
2020-06-12 07:09:00,0.4537972732119897
2020-06-12 07:12:00,0.33962425821079023
2020-06-12 07:15:00,0.36231231535481356
2020-06-12 07:18:00,0.32057892316339576
2020-06-12 07:21:00,0.3421327970357879
2020-06-12 07:24:00,0.36874376681640797
2020-06-12 07:27:00,0.31026800415548905
2020-06-12 07:30:00,0.33652359688471734
2020-06-12 07:33:00,0.3612160543376035
2020-06-12 07:36:00,0.37920876016454486
2020-06-12 07:39:00,0.332955064006228
2020-06-12 07:42:00,0.3154058167685889
2020-06-12 07:45:00,0.2657090875226231
2020-06-12 07:48:00,0.22495068215158653
2020-06-12 07:51:00,0.34860130213149887
2020-06-12 07:54:00,0.2292296504966771
2020-06-12 07:57:00,0.31643955382463673
2020-06-12 08:00:00,0.2563678012268156
2020-06-12 08:03:00,0.30265613685838844
2020-06-12 08:06:00,0.3256597983372558
2020-06-12 08:09:00,0.37988494452247323
2020-06-12 08:12:00,0.3313604719844534
2020-06-12 08:15:00,0.31639216159209127
2020-06-12 08:18:00,0.29314559661025896
2020-06-12 08:21:00,0.2748975159813085
2020-06-12 08:24:00,0.26514435138597037
2020-06-12 08:27:00,0.27538784555639495
2020-06-12 08:30:00,0.28472431107371676
2020-06-12 08:33:00,0.2777688290938727
2020-06-12 08:36:00,0.2437408058154915
2020-06-12 08:39:00,0.11686573935207889
2020-06-12 08:42:00,0.2198698342795069
2020-06-12 08:45:00,0.1947330069285158
2020-06-12 08:48:00,0.20656176074385257
2020-06-12 08:51:00,0.2230536301548227
2020-06-12 08:54:00,0.22900467189612073
2020-06-12 08:57:00,0.2762928569478049
2020-06-12 09:00:00,0.2467137918168305
2020-06-12 09:03:00,0.22933593352411208
2020-06-12 09:06:00,0.2566685604372765
2020-06-12 09:09:00,0.18909252618044547
2020-06-12 09:12:00,0.23506179124370874
2020-06-12 09:15:00,0.31210645966302764
2020-06-12 09:18:00,0.17689760652245923
2020-06-12 09:21:00,0.28180769631330804
2020-06-12 09:24:00,0.22850996506599586
2020-06-12 09:27:00,0.3049378178421307
2020-06-12 09:30:00,0.29249517656324997
2020-06-12 09:33:00,0.25586279448560845
2020-06-12 09:36:00,0.2617615830740192
2020-06-12 09:39:00,0.2532933978675942
2020-06-12 09:42:00,0.2958570502029261
2020-06-12 09:45:00,0.25875173662245743
2020-06-12 09:48:00,0.28907125359529573
2020-06-12 09:51:00,0.3549944627851005
2020-06-12 09:54:00,0.32449211898222075
2020-06-12 09:57:00,0.3082737340545805
2020-06-12 10:00:00,0.3155353249387076
2020-06-12 10:03:00,0.26088468085322347
2020-06-12 10:06:00,0.2563433512304414
2020-06-12 10:09:00,0.3099920059037231
2020-06-12 10:12:00,0.2180537069040156
2020-06-12 10:15:00,0.2317889479063524
2020-06-12 10:18:00,0.31619444927588347
2020-06-12 10:21:00,0.26656229402306053
2020-06-12 10:24:00,0.26384648497105445
2020-06-12 10:27:00,0.261354540771606
2020-06-12 10:30:00,0.2707927331695146
2020-06-12 10:33:00,0.27956321128283435
2020-06-12 10:36:00,0.21069742110910283
2020-06-12 10:39:00,0.23652223189122878
2020-06-12 10:42:00,0.23721634340597575
2020-06-12 10:45:00,0.2352716224693836
2020-06-12 10:48:00,0.28666276697583726
2020-06-12 10:51:00,0.1576526644533942
2020-06-12 10:54:00,0.26324778214626576
2020-06-12 10:57:00,0.17576136159760836
2020-06-12 11:00:00,0.2255435835226649
2020-06-12 11:03:00,0.1502076004077253
2020-06-12 11:06:00,0.1429028743117442
2020-06-12 11:09:00,0.20831134629895587
2020-06-12 11:12:00,0.25414795532879
2020-06-12 11:15:00,0.18380280779445002
2020-06-12 11:18:00,0.1961340236296678
2020-06-12 11:21:00,0.11114733294891721
2020-06-12 11:24:00,0.16233999939629484
2020-06-12 11:27:00,0.16718408081015923
2020-06-12 11:30:00,0.13781800440017378
2020-06-12 11:33:00,0.22842109361664598
2020-06-12 11:36:00,0.1717460518661369
2020-06-12 11:39:00,0.1281393249285543
2020-06-12 11:42:00,0.0663690869414495
2020-06-12 11:45:00,0.22643970063080587
2020-06-12 11:48:00,0.1490675955975007
2020-06-12 11:51:00,0.18591622155821597
2020-06-12 11:54:00,0.20064649788952238
2020-06-12 11:57:00,0.11229822499745978
2020-06-12 12:00:00,0.2147607198792798
2020-06-12 12:03:00,0.17991131660267
2020-06-12 12:06:00,0.10156156153738038
2020-06-12 12:09:00,0.200983857004303
2020-06-12 12:12:00,0.1863085832616207
2020-06-12 12:15:00,0.07224418824608847
2020-06-12 12:18:00,0.23132677296842985
2020-06-12 12:21:00,0.0741029516287881
2020-06-12 12:24:00,0.23419971052356914
2020-06-12 12:27:00,0.19040867456675414
2020-06-12 12:30:00,0.07944414250266618
2020-06-12 12:33:00,0.1918349275369451
2020-06-12 12:36:00,0.1767635073601923
2020-06-12 12:39:00,0.29646382301274343
2020-06-12 12:42:00,0.17486699120229332
2020-06-12 12:45:00,0.1521116325576486
2020-06-12 12:48:00,0.1267352017387111
2020-06-12 12:51:00,0.13886796212386798
2020-06-12 12:54:00,0.13791165452528276
2020-06-12 12:57:00,0.2055672798218211
2020-06-12 13:00:00,0.13475547901003893
2020-06-12 13:03:00,0.13087544004952179
2020-06-12 13:06:00,0.01199376917719519
2020-06-12 13:09:00,0.058759313229415966
2020-06-12 13:12:00,0.06027229432470449
2020-06-12 13:15:00,0.08444136572308025
2020-06-12 13:18:00,-0.04579375664428653
2020-06-12 13:21:00,0.1431067420224963
2020-06-12 13:24:00,0.027867942735269935
2020-06-12 13:27:00,0.08323103771363094
2020-06-12 13:30:00,-0.004281959898378318
2020-06-12 13:33:00,-0.009409565827809274
2020-06-12 13:36:00,0.06727283345622936
2020-06-12 13:39:00,0.0125212447808849
2020-06-12 13:42:00,-0.03242975582850249
2020-06-12 13:45:00,-0.014908569296949281
2020-06-12 13:48:00,-0.02908946205269558
2020-06-12 13:51:00,-0.13808427823988723
2020-06-12 13:54:00,-0.09467312377341841
2020-06-12 13:57:00,0.035174722619103704
2020-06-12 14:00:00,0.008899626370009628
2020-06-12 14:03:00,-0.06928052036221288
2020-06-12 14:06:00,0.06987445090146593
2020-06-12 14:09:00,0.020640952376822952
2020-06-12 14:12:00,0.013146939640535038
2020-06-12 14:15:00,-0.016883412335914727
2020-06-12 14:18:00,-0.07068346368799894
2020-06-12 14:21:00,-0.05489993633062795
2020-06-12 14:24:00,-0.14407290846691012
2020-06-12 14:27:00,-0.0546423784251715
2020-06-12 14:30:00,-0.1354971962192053
2020-06-12 14:33:00,0.01932522942252035
2020-06-12 14:36:00,-0.07650201730257322
2020-06-12 14:39:00,0.01822483671566033
2020-06-12 14:42:00,-0.016709704227992006
2020-06-12 14:45:00,-0.043359895965124906
2020-06-12 14:48:00,-0.02683288954699492
2020-06-12 14:51:00,-0.1162235108730556
2020-06-12 14:54:00,-0.008457865236607631
2020-06-12 14:57:00,-0.07379597414518457
2020-06-12 15:00:00,0.004072641951609057
2020-06-12 15:03:00,-0.04462242042217213
2020-06-12 15:06:00,0.02155878230644248
2020-06-12 15:09:00,-0.05760953433053828
2020-06-12 15:12:00,-0.016355877760133808
2020-06-12 15:15:00,-0.08215175348601633
2020-06-12 15:18:00,-0.07887592837903412
2020-06-12 15:21:00,-0.0672736702958332
2020-06-12 15:24:00,-0.08923298091571041
2020-06-12 15:27:00,-0.05575810628357658
2020-06-12 15:30:00,-0.04711503718812082
2020-06-12 15:33:00,-0.08597378282019008
2020-06-12 15:36:00,-0.09610470192296816
2020-06-12 15:39:00,-0.15916917796289454
2020-06-12 15:42:00,-0.022184685879778954
2020-06-12 15:45:00,-0.0785509826720272
2020-06-12 15:48:00,-0.12276517905058881
2020-06-12 15:51:00,-0.120329271173091
2020-06-12 15:54:00,-0.11496791417613395
2020-06-12 15:57:00,-0.12090228962614447
2020-06-12 16:00:00,-0.01051759408272801
2020-06-12 16:03:00,-0.11385782750357976
2020-06-12 16:06:00,-0.14225969335967648
2020-06-12 16:09:00,-0.04346957036210597
2020-06-12 16:12:00,-0.1594057275625005
2020-06-12 16:15:00,-0.153481437306084
2020-06-12 16:18:00,-0.11438441483198858
2020-06-12 16:21:00,-0.16183103209402816
2020-06-12 16:24:00,-0.17426493033104862
2020-06-12 16:27:00,-0.1977666265689777
2020-06-12 16:30:00,-0.2463516153236469
2020-06-12 16:33:00,-0.20988584637376562
2020-06-12 16:36:00,-0.22069229839934223
2020-06-12 16:39:00,-0.22272767070688815
2020-06-12 16:42:00,-0.13535525621909983
2020-06-12 16:45:00,-0.16096574137571906
2020-06-12 16:48:00,-0.09383147907510647
2020-06-12 16:51:00,-0.2555916255501529
2020-06-12 16:54:00,-0.23228904576279774
2020-06-12 16:57:00,-0.33665742307033497
2020-06-12 17:00:00,-0.2480563304487191
2020-06-12 17:03:00,-0.16684884509982112
2020-06-12 17:06:00,-0.24408585042266395
2020-06-12 17:09:00,-0.38355070165005145
2020-06-12 17:12:00,-0.24885319392421934
2020-06-12 17:15:00,-0.24069611979012961
2020-06-12 17:18:00,-0.3168901555421826
2020-06-12 17:21:00,-0.2638434232123359
2020-06-12 17:24:00,-0.2216538000685091
2020-06-12 17:27:00,-0.25924493516305347
2020-06-12 17:30:00,-0.3048185161332526
2020-06-12 17:33:00,-0.2566353432949313
2020-06-12 17:36:00,-0.22851599145235468
2020-06-12 17:39:00,-0.2529247575903355
2020-06-12 17:42:00,-0.17101861345884117
2020-06-12 17:45:00,-0.19160063361078983
2020-06-12 17:48:00,-0.2778591150336638
2020-06-12 17:51:00,-0.1895300477139017
2020-06-12 17:54:00,-0.19899911364603895
2020-06-12 17:57:00,-0.13588472648461902
2020-06-12 18:00:00,-0.13502600437306
2020-06-12 18:03:00,-0.19009405179451733
2020-06-12 18:06:00,-0.18499804353587024
2020-06-12 18:09:00,-0.1992449815031705
2020-06-12 18:12:00,-0.19082401058858522
2020-06-12 18:15:00,-0.22755428743533912
2020-06-12 18:18:00,-0.11870941576847827
2020-06-12 18:21:00,-0.16291980138271356
2020-06-12 18:24:00,-0.14209703222797998
2020-06-12 18:27:00,-0.22762875146918304
2020-06-12 18:30:00,-0.11112843426786867
2020-06-12 18:33:00,-0.16554498543035834
2020-06-12 18:36:00,-0.15399841949010806
2020-06-12 18:39:00,-0.10152908947702599
2020-06-12 18:42:00,-0.0825466479840884
2020-06-12 18:45:00,0.0876881895231918
2020-06-12 18:48:00,-0.0741044233681123
2020-06-12 18:51:00,-0.035229364399754104
2020-06-12 18:54:00,-0.05261607789378786
2020-06-12 18:57:00,-0.053386403940919536
2020-06-12 19:00:00,0.010890114723224542
2020-06-12 19:03:00,-0.08029756836117485
2020-06-12 19:06:00,0.054338433498287486
2020-06-12 19:09:00,-0.05959678849427519
2020-06-12 19:12:00,0.04213099271368037
2020-06-12 19:15:00,0.04127332261253969
2020-06-12 19:18:00,-0.030076859208350015
2020-06-12 19:21:00,0.10447967084286347
2020-06-12 19:24:00,0.010805349074018977
2020-06-12 19:27:00,-0.021269631709856185
2020-06-12 19:30:00,0.13821283676043095
2020-06-12 19:33:00,0.0739695309884496
2020-06-12 19:36:00,0.2144742997751905
2020-06-12 19:39:00,0.09409565817821886
2020-06-12 19:42:00,0.12125565181662523
2020-06-12 19:45:00,0.18127668918634754
2020-06-12 19:48:00,0.034200057816065055
2020-06-12 19:51:00,0.05643796302337023
2020-06-12 19:54:00,0.05839434169257629
2020-06-12 19:57:00,0.11853242465343783
2020-06-12 20:00:00,0.17009537800231556
2020-06-12 20:03:00,0.16972162894717258
2020-06-12 20:06:00,0.06581638694734693
2020-06-12 20:09:00,0.15729463037706637
2020-06-12 20:12:00,0.16503355571131806
2020-06-12 20:15:00,0.14948217854697532
2020-06-12 20:18:00,0.09160391394436829
2020-06-12 20:21:00,0.14757573369064403
2020-06-12 20:24:00,0.10888832431504625
2020-06-12 20:27:00,0.10607910443519586
2020-06-12 20:30:00,0.13173875738851848
2020-06-12 20:33:00,0.06856750830650071
2020-06-12 20:36:00,0.14680206582545452
2020-06-12 20:39:00,0.1391095423895763
2020-06-12 20:42:00,0.17096838332815878
2020-06-12 20:45:00,0.17834098288301448
2020-06-12 20:48:00,0.03455358951060816
2020-06-12 20:51:00,0.1591153795798732
2020-06-12 20:54:00,0.22673235256667112
2020-06-12 20:57:00,0.2108096853676784
2020-06-12 21:00:00,0.11047829330522063
2020-06-12 21:03:00,0.08832468514691527
2020-06-12 21:06:00,0.07253795656328066
2020-06-12 21:09:00,0.24157813148104879
2020-06-12 21:12:00,0.1224127493890137
2020-06-12 21:15:00,0.1981925912413658
2020-06-12 21:18:00,0.06590545245893509
2020-06-12 21:21:00,0.11497410299347166
2020-06-12 21:24:00,0.21764588804461482
2020-06-12 21:27:00,0.22248799339547531
2020-06-12 21:30:00,0.18855925360469428
2020-06-12 21:33:00,0.17557670196254094
2020-06-12 21:36:00,0.2488889874239817
2020-06-12 21:39:00,0.2233123486544173
2020-06-12 21:42:00,0.2566933834870042
2020-06-12 21:45:00,0.2885158017663798
2020-06-12 21:48:00,0.26717687167632675
2020-06-12 21:51:00,0.23779687446972275
2020-06-12 21:54:00,0.1932437562956011
2020-06-12 21:57:00,0.18116055935627173
2020-06-12 22:00:00,0.06581467877907698
2020-06-12 22:03:00,0.15665433216082647
2020-06-12 22:06:00,0.06758607205540557
2020-06-12 22:09:00,0.08501229736828009
2020-06-12 22:12:00,0.031271279430313825
2020-06-12 22:15:00,0.19371841305081716
2020-06-12 22:18:00,0.17819828666438298
2020-06-12 22:21:00,0.1363325692154831
2020-06-12 22:24:00,0.16522018280574002
2020-06-12 22:27:00,0.1385143405537974
2020-06-12 22:30:00,0.15551891246622063
2020-06-12 22:33:00,0.19021184295701232
2020-06-12 22:36:00,0.145131376558993
2020-06-12 22:39:00,0.13916665845903253
2020-06-12 22:42:00,0.19981884988317233
2020-06-12 22:45:00,0.12034654734407013
2020-06-12 22:48:00,0.14972584233407815
2020-06-12 22:51:00,0.2552589654318922
2020-06-12 22:54:00,0.0479925508540191
2020-06-12 22:57:00,0.11826499867623852
2020-06-12 23:00:00,0.09887169812446928
2020-06-12 23:03:00,0.26836229962117386
2020-06-12 23:06:00,0.1728298707659519
2020-06-12 23:09:00,0.18623308243303427
2020-06-12 23:12:00,0.07573545269571014
2020-06-12 23:15:00,0.08701260045256731
2020-06-12 23:18:00,0.14428716035297384
2020-06-12 23:21:00,0.15319257309897694
2020-06-12 23:24:00,0.23644729549084786
2020-06-12 23:27:00,0.197557041234802
2020-06-12 23:30:00,0.24204667866092677
2020-06-12 23:33:00,0.2823781254716664
2020-06-12 23:36:00,0.24139109091674982
2020-06-12 23:39:00,0.2258920858631086
2020-06-12 23:42:00,0.2034570833499174
2020-06-12 23:45:00,0.2711567455336876
2020-06-12 23:48:00,0.22403810009848257
2020-06-12 23:51:00,0.1971846814805076
2020-06-12 23:54:00,0.19499996263749608
2020-06-12 23:57:00,0.23266966532293054
2020-06-13 00:00:00,0.32371551447755564
2020-06-13 00:03:00,0.2950350125310024
2020-06-13 00:06:00,0.17334872431712256
2020-06-13 00:09:00,0.29179858291252003
2020-06-13 00:12:00,0.3255309347543971
2020-06-13 00:15:00,0.3790697076580045
2020-06-13 00:18:00,0.3301121324036558
2020-06-13 00:21:00,0.3610477675462107
2020-06-13 00:24:00,0.2878772449330995
2020-06-13 00:27:00,0.27942668581908947
2020-06-13 00:30:00,0.24193688768934862
2020-06-13 00:33:00,0.24195755349768433
2020-06-13 00:36:00,0.28688038100227686
2020-06-13 00:39:00,0.28858031706272413
2020-06-13 00:42:00,0.21309216891745564
2020-06-13 00:45:00,0.23717277517619095
2020-06-13 00:48:00,0.3371983703929686
2020-06-13 00:51:00,0.28198898711644915
2020-06-13 00:54:00,0.27665711298283213
2020-06-13 00:57:00,0.2804235420290411
2020-06-13 01:00:00,0.26392586995001466
2020-06-13 01:03:00,0.3467393514068817
2020-06-13 01:06:00,0.21547359669096977
2020-06-13 01:09:00,0.2654591325771207
2020-06-13 01:12:00,0.3613686899525419
2020-06-13 01:15:00,0.2919780389933635
2020-06-13 01:18:00,0.27336939955023354
2020-06-13 01:21:00,0.39720641338658425
2020-06-13 01:24:00,0.38977419268178437
2020-06-13 01:27:00,0.35538313751169426
2020-06-13 01:30:00,0.35340475956166983
2020-06-13 01:33:00,0.49466655007228155
2020-06-13 01:36:00,0.3625900518381968
2020-06-13 01:39:00,0.3149104389295303
2020-06-13 01:42:00,0.33974655368768936
2020-06-13 01:45:00,0.3460060612662801
2020-06-13 01:48:00,0.32059505687794854
2020-06-13 01:51:00,0.3902500888025884
2020-06-13 01:54:00,0.3900587217217435
2020-06-13 01:57:00,0.41768944002228636
2020-06-13 02:00:00,0.373715827021158
2020-06-13 02:03:00,0.38781649875926405
2020-06-13 02:06:00,0.40070680447172435
2020-06-13 02:09:00,0.36227753807776253
2020-06-13 02:12:00,0.3334017374677387
2020-06-13 02:15:00,0.4393768093676158
2020-06-13 02:18:00,0.4221981243012465
2020-06-13 02:21:00,0.3489144144453462
2020-06-13 02:24:00,0.4343915327025911
2020-06-13 02:27:00,0.3374492484272764
2020-06-13 02:30:00,0.3872738660996333
2020-06-13 02:33:00,0.4094580196614288
2020-06-13 02:36:00,0.41151629155086766
2020-06-13 02:39:00,0.31390648750902983
2020-06-13 02:42:00,0.3255444011782629
2020-06-13 02:45:00,0.32300685484125324
2020-06-13 02:48:00,0.39213044788056095
2020-06-13 02:51:00,0.26161519705544833
2020-06-13 02:54:00,0.4174896512280384
2020-06-13 02:57:00,0.3740006745051119
2020-06-13 03:00:00,0.3296230767369366
2020-06-13 03:03:00,0.39165260004648417
2020-06-13 03:06:00,0.35588327402314235
2020-06-13 03:09:00,0.4133993678022989
2020-06-13 03:12:00,0.4159632662747299
2020-06-13 03:15:00,0.3947778221410658
2020-06-13 03:18:00,0.32739857081134005
2020-06-13 03:21:00,0.3435719566138573
2020-06-13 03:24:00,0.3442146989667094
2020-06-13 03:27:00,0.4195786680440392
2020-06-13 03:30:00,0.3513904635591416
2020-06-13 03:33:00,0.37828536578803096
2020-06-13 03:36:00,0.40088670147196126
2020-06-13 03:39:00,0.39397730333757863
2020-06-13 03:42:00,0.3143273585363886
2020-06-13 03:45:00,0.36241619068937325
2020-06-13 03:48:00,0.4241426953485643
2020-06-13 03:51:00,0.38855004674041993
2020-06-13 03:54:00,0.4094753781189411
2020-06-13 03:57:00,0.37026469769369896
2020-06-13 04:00:00,0.4316056502989909
2020-06-13 04:03:00,0.41204246200180705
2020-06-13 04:06:00,0.45339774777130515
2020-06-13 04:09:00,0.4223771473295983
2020-06-13 04:12:00,0.41268155129137085
2020-06-13 04:15:00,0.42100947944464906
2020-06-13 04:18:00,0.4742462726130725
2020-06-13 04:21:00,0.38419906441026797
2020-06-13 04:24:00,0.5127340024519071
2020-06-13 04:27:00,0.33477928223896924
2020-06-13 04:30:00,0.4059509213641377
2020-06-13 04:33:00,0.47465008278453524
2020-06-13 04:36:00,0.4865152790236493
2020-06-13 04:39:00,0.3647770483685804
2020-06-13 04:42:00,0.36752041331027385
2020-06-13 04:45:00,0.48864561226264414
2020-06-13 04:48:00,0.429915293708234
2020-06-13 04:51:00,0.3309690170600561
2020-06-13 04:54:00,0.4349781774442363
2020-06-13 04:57:00,0.4510696448407998
2020-06-13 05:00:00,0.43758857332392154
2020-06-13 05:03:00,0.3923962520673854
2020-06-13 05:06:00,0.38678523758500205
2020-06-13 05:09:00,0.39371799594772483
2020-06-13 05:12:00,0.401110443955929
2020-06-13 05:15:00,0.42494304932910154
2020-06-13 05:18:00,0.3422208565364713
2020-06-13 05:21:00,0.3617889521812572
2020-06-13 05:24:00,0.41902888872522226
2020-06-13 05:27:00,0.47519818372393274
2020-06-13 05:30:00,0.4092512989415127
2020-06-13 05:33:00,0.38810258643491125
2020-06-13 05:36:00,0.34619046493969563
2020-06-13 05:39:00,0.3540877008677512
2020-06-13 05:42:00,0.4526041291527463
2020-06-13 05:45:00,0.362560037017829
2020-06-13 05:48:00,0.47295909653962553
2020-06-13 05:51:00,0.5241131606190379
2020-06-13 05:54:00,0.3347963799471927
2020-06-13 05:57:00,0.42486316347685715
2020-06-13 06:00:00,0.4664446863438343
2020-06-13 06:03:00,0.4789583052152011
2020-06-13 06:06:00,0.4696912296971618
2020-06-13 06:09:00,0.46997548349685303
2020-06-13 06:12:00,0.42730544290827766
2020-06-13 06:15:00,0.43877209796033867
2020-06-13 06:18:00,0.5375677597286312
2020-06-13 06:21:00,0.49035297544372725
2020-06-13 06:24:00,0.5695043423499442
2020-06-13 06:27:00,0.5164376427909474
2020-06-13 06:30:00,0.5599513148860638
2020-06-13 06:33:00,0.49354585243730753
2020-06-13 06:36:00,0.4903246483034991
2020-06-13 06:39:00,0.483244813194176
2020-06-13 06:42:00,0.4388525230737059
2020-06-13 06:45:00,0.5002036772810925
2020-06-13 06:48:00,0.5617280258452979
2020-06-13 06:51:00,0.4375624240688012
2020-06-13 06:54:00,0.5159282036977402
2020-06-13 06:57:00,0.42950984579471196
2020-06-13 07:00:00,0.4383861653759027
2020-06-13 07:03:00,0.5335219363693682
2020-06-13 07:06:00,0.4866393979293093
2020-06-13 07:09:00,0.4329106608549296
2020-06-13 07:12:00,0.43200000648045034
2020-06-13 07:15:00,0.5094986140984474
2020-06-13 07:18:00,0.49357793795689986
2020-06-13 07:21:00,0.3966352079142439
2020-06-13 07:24:00,0.4882407141585645
2020-06-13 07:27:00,0.4984621300832828
2020-06-13 07:30:00,0.45748189435840914
2020-06-13 07:33:00,0.4140706256258113
2020-06-13 07:36:00,0.3985236896872948
2020-06-13 07:39:00,0.3838266921116542
2020-06-13 07:42:00,0.3788929094105242
2020-06-13 07:45:00,0.42951404027445506
2020-06-13 07:48:00,0.5002019640880349
2020-06-13 07:51:00,0.3651543096266323
2020-06-13 07:54:00,0.28729501132824
2020-06-13 07:57:00,0.42191875437976023
2020-06-13 08:00:00,0.3638710939423504
2020-06-13 08:03:00,0.3308719583274069
2020-06-13 08:06:00,0.3298681347156389
2020-06-13 08:09:00,0.3152355798234794
2020-06-13 08:12:00,0.37228630030631393
2020-06-13 08:15:00,0.30683165441485016
2020-06-13 08:18:00,0.23980274891516729
2020-06-13 08:21:00,0.3088418154357555
2020-06-13 08:24:00,0.30323131809461756
2020-06-13 08:27:00,0.3829536169922676
2020-06-13 08:30:00,0.35644743520134625
2020-06-13 08:33:00,0.1354921120000654
2020-06-13 08:36:00,0.33863572030799105
2020-06-13 08:39:00,0.22967101047964888
2020-06-13 08:42:00,0.2809025829258758
2020-06-13 08:45:00,0.21460664831374743
2020-06-13 08:48:00,0.2850227982806359
2020-06-13 08:51:00,0.22502552743839033
2020-06-13 08:54:00,0.20410393004669913
2020-06-13 08:57:00,0.23432260554523054
2020-06-13 09:00:00,0.24820704803227045
2020-06-13 09:03:00,0.136440144196456
2020-06-13 09:06:00,0.1949430688454754
2020-06-13 09:09:00,0.2951003075589824
2020-06-13 09:12:00,0.2035466893593707
2020-06-13 09:15:00,0.24380026266516097
2020-06-13 09:18:00,0.13137097034700673
2020-06-13 09:21:00,0.10598895088122617
2020-06-13 09:24:00,0.023047981492140934
2020-06-13 09:27:00,0.07673730402967749
2020-06-13 09:30:00,0.15418625299236055
2020-06-13 09:33:00,0.07168921802661998
2020-06-13 09:36:00,0.08974450820687707
2020-06-13 09:39:00,0.10699078840968923
2020-06-13 09:42:00,0.062192886883678966
2020-06-13 09:45:00,0.13643748878223505
2020-06-13 09:48:00,0.06358271608320365
2020-06-13 09:51:00,0.045201143882650285
2020-06-13 09:54:00,0.01110763848635088
2020-06-13 09:57:00,0.004595701838582045
2020-06-13 10:00:00,-0.011393467390860224
2020-06-13 10:03:00,-0.09728419826831214
2020-06-13 10:06:00,-0.04470094423334103
2020-06-13 10:09:00,-0.16806533563089943
2020-06-13 10:12:00,-0.12981771704266976
2020-06-13 10:15:00,-0.0719431961846908
2020-06-13 10:18:00,-0.17145470082920156
2020-06-13 10:21:00,-0.0608322580679328
2020-06-13 10:24:00,0.009876286087433073
2020-06-13 10:27:00,-0.10248544008049976
2020-06-13 10:30:00,-0.07997094969232421
2020-06-13 10:33:00,-0.1332019736819916
2020-06-13 10:36:00,-0.12556521754009964
2020-06-13 10:39:00,-0.20061909567266412
2020-06-13 10:42:00,-0.11981671897257229
2020-06-13 10:45:00,-0.13509151348301884
2020-06-13 10:48:00,-0.06540185012795519
2020-06-13 10:51:00,-0.28676651066649583
2020-06-13 10:54:00,-0.18736065939282298
2020-06-13 10:57:00,-0.19715561873738352
2020-06-13 11:00:00,-0.2074664650996283
2020-06-13 11:03:00,-0.27218424909654004
2020-06-13 11:06:00,-0.18615012166043243
2020-06-13 11:09:00,-0.24654980768860923
2020-06-13 11:12:00,-0.23022878515382672
2020-06-13 11:15:00,-0.2819681305352333
2020-06-13 11:18:00,-0.3230374056644223
2020-06-13 11:21:00,-0.27734813892595866
2020-06-13 11:24:00,-0.3901125442653779
2020-06-13 11:27:00,-0.3076000611509926
2020-06-13 11:30:00,-0.3188021750703456
2020-06-13 11:33:00,-0.2979895424943493
2020-06-13 11:36:00,-0.3721333192984275
2020-06-13 11:39:00,-0.31441911259895505
2020-06-13 11:42:00,-0.29094352036844384
2020-06-13 11:45:00,-0.23257383694971168
2020-06-13 11:48:00,-0.3180074779582469
2020-06-13 11:51:00,-0.2290962563192238
2020-06-13 11:54:00,-0.3192774365937794
2020-06-13 11:57:00,-0.347420926622533
2020-06-13 12:00:00,-0.40702272939074646
2020-06-13 12:03:00,-0.27027402857288507
2020-06-13 12:06:00,-0.38031553985752
2020-06-13 12:09:00,-0.3476825714341203
2020-06-13 12:12:00,-0.2710831820664339
2020-06-13 12:15:00,-0.33032272743417934
2020-06-13 12:18:00,-0.2807707883026751
2020-06-13 12:21:00,-0.32658068034442067
2020-06-13 12:24:00,-0.30522431075331724
2020-06-13 12:27:00,-0.31294285797986277
2020-06-13 12:30:00,-0.26811498357636765
2020-06-13 12:33:00,-0.2418442751963994
2020-06-13 12:36:00,-0.20580797254638128
2020-06-13 12:39:00,-0.1015687335890334
2020-06-13 12:42:00,-0.06964264835420408
2020-06-13 12:45:00,-0.133306380984493
2020-06-13 12:48:00,-0.1447005607017786
2020-06-13 12:51:00,-0.11968347557143488
2020-06-13 12:54:00,-0.18013027818278715
2020-06-13 12:57:00,-0.3168584523249933
2020-06-13 13:00:00,-0.14845355727510423
2020-06-13 13:03:00,-0.2849211464192649
2020-06-13 13:06:00,-0.08883380091981508
2020-06-13 13:09:00,-0.09221293838794509
2020-06-13 13:12:00,-0.18500582246167596
2020-06-13 13:15:00,-0.2896831254069525
2020-06-13 13:18:00,-0.1527357754725358
2020-06-13 13:21:00,-0.027665713600129038
2020-06-13 13:24:00,-0.3292738289720205
2020-06-13 13:27:00,-0.15497857514770885
2020-06-13 13:30:00,-0.1045143840625542
2020-06-13 13:33:00,-0.023992610025061367
2020-06-13 13:36:00,-0.1267296784503742
2020-06-13 13:39:00,-0.049842846811714026
2020-06-13 13:42:00,-0.020684956683339806
2020-06-13 13:45:00,-0.061049547394532055
2020-06-13 13:48:00,-0.06220622152949318
2020-06-13 13:51:00,0.07310421858397831
2020-06-13 13:54:00,0.05085652814295827
2020-06-13 13:57:00,-0.07652304641550245
2020-06-13 14:00:00,-0.1813456042069106
2020-06-13 14:03:00,-0.16058194391916913
2020-06-13 14:06:00,-0.11030281115768048
2020-06-13 14:09:00,-0.06626852865508681
2020-06-13 14:12:00,-0.13220869268445767
2020-06-13 14:15:00,-0.11008783216919937
2020-06-13 14:18:00,-0.15715060806292058
2020-06-13 14:21:00,-0.27938092271392634
2020-06-13 14:24:00,-0.31854165310647886
2020-06-13 14:27:00,-0.2507314701766745
2020-06-13 14:30:00,-0.3560238401634592
2020-06-13 14:33:00,-0.4703706610719678
2020-06-13 14:36:00,-0.4022493713364952
2020-06-13 14:39:00,-0.40476114109901573
2020-06-13 14:42:00,-0.3505992179267423
2020-06-13 14:45:00,-0.39280789231236213
2020-06-13 14:48:00,-0.37144564093392773
2020-06-13 14:51:00,-0.36993571704539363
2020-06-13 14:54:00,-0.40609080050137436
2020-06-13 14:57:00,-0.3151825386933069
2020-06-13 15:00:00,-0.4728096976348297
2020-06-13 15:03:00,-0.40685046678896697
2020-06-13 15:06:00,-0.29455357551131556
2020-06-13 15:09:00,-0.4057302061232235
2020-06-13 15:12:00,-0.3536578036197966
2020-06-13 15:15:00,-0.4143405127380788
2020-06-13 15:18:00,-0.26004306002914745
2020-06-13 15:21:00,-0.41063510069477616
2020-06-13 15:24:00,-0.2798398760864984
2020-06-13 15:27:00,-0.332014284342506
2020-06-13 15:30:00,-0.22431113822290172
2020-06-13 15:33:00,-0.2615888551838452
2020-06-13 15:36:00,-0.37149627870024915
2020-06-13 15:39:00,-0.28697624075414296
2020-06-13 15:42:00,-0.10521284156055799
2020-06-13 15:45:00,-0.19161255893499174
2020-06-13 15:48:00,-0.19614963182851852
2020-06-13 15:51:00,-0.27704570895889447
2020-06-13 15:54:00,-0.35052476264201005
2020-06-13 15:57:00,-0.2680655470861666
2020-06-13 16:00:00,-0.3443169549240679
2020-06-13 16:03:00,-0.2937060627279493
2020-06-13 16:06:00,-0.19081871323862742
2020-06-13 16:09:00,-0.3129526572959094
2020-06-13 16:12:00,-0.16755293802071947
2020-06-13 16:15:00,-0.3689859061045695
2020-06-13 16:18:00,-0.258103682461865
2020-06-13 16:21:00,-0.43563798750807337
2020-06-13 16:24:00,-0.4276346783369718
2020-06-13 16:27:00,-0.3602505777712395
2020-06-13 16:30:00,-0.17960235955462167
2020-06-13 16:33:00,-0.2848019475586625
2020-06-13 16:36:00,-0.4311997412066262
2020-06-13 16:39:00,-0.26576778454915484
2020-06-13 16:42:00,-0.253014991229918
2020-06-13 16:45:00,-0.4438259260339237
2020-06-13 16:48:00,-0.38899597812735465
2020-06-13 16:51:00,-0.3182313349393553
2020-06-13 16:54:00,-0.2852199281310277
2020-06-13 16:57:00,-0.3839418589902266
2020-06-13 17:00:00,-0.23393244407174052
2020-06-13 17:03:00,-0.2252775822211106
2020-06-13 17:06:00,-0.24718143508351886
2020-06-13 17:09:00,-0.16729438027567767
2020-06-13 17:12:00,-0.3078220254888038
2020-06-13 17:15:00,-0.24837596947872953
2020-06-13 17:18:00,-0.3065523982201057
2020-06-13 17:21:00,-0.17487112253002124
2020-06-13 17:24:00,-0.28670125112029154
2020-06-13 17:27:00,-0.2845541469269506
2020-06-13 17:30:00,-0.22678214483789816
2020-06-13 17:33:00,-0.2525643749452229
2020-06-13 17:36:00,-0.32935103354026296
2020-06-13 17:39:00,-0.2880040697476147
2020-06-13 17:42:00,-0.2342718864622384
2020-06-13 17:45:00,-0.3634407308460368
2020-06-13 17:48:00,-0.21985069040863436
2020-06-13 17:51:00,-0.2329818797126677
2020-06-13 17:54:00,-0.2525549966583185
2020-06-13 17:57:00,-0.29537753083440066
2020-06-13 18:00:00,-0.25559189023891804
2020-06-13 18:03:00,-0.18467906789106792
2020-06-13 18:06:00,-0.24709375313597093
2020-06-13 18:09:00,-0.20549394482600292
2020-06-13 18:12:00,-0.18409535213288564
2020-06-13 18:15:00,-0.2626998023011424
2020-06-13 18:18:00,-0.17880141066007127
2020-06-13 18:21:00,-0.183512856311836
2020-06-13 18:24:00,-0.19883328510337606
2020-06-13 18:27:00,-0.15146732329566248
2020-06-13 18:30:00,-0.1467300937363234
2020-06-13 18:33:00,-0.2195997159579406
2020-06-13 18:36:00,-0.11356420931338107
2020-06-13 18:39:00,-0.16061199360780165
2020-06-13 18:42:00,-0.18454426582519545
2020-06-13 18:45:00,-0.08368124130862498
2020-06-13 18:48:00,-0.16288838925476057
2020-06-13 18:51:00,-0.0814091787734128
2020-06-13 18:54:00,-0.11349752325861573
2020-06-13 18:57:00,-0.18343890819579656
2020-06-13 19:00:00,-0.08295039987092423
2020-06-13 19:03:00,0.018716785125491242
2020-06-13 19:06:00,-0.06834517282953811
2020-06-13 19:09:00,-0.08630468321973694
2020-06-13 19:12:00,-0.029740279569466566
2020-06-13 19:15:00,-0.13397786506419607
2020-06-13 19:18:00,-0.06986528655562552
2020-06-13 19:21:00,-0.13650688047778203
2020-06-13 19:24:00,-0.03536354076402404
2020-06-13 19:27:00,-0.032091923273128486
2020-06-13 19:30:00,-0.07120516709994718
2020-06-13 19:33:00,-0.003889443861169184
2020-06-13 19:36:00,0.05558501506442326
2020-06-13 19:39:00,-0.026722141723666937
2020-06-13 19:42:00,-0.082953601593033
2020-06-13 19:45:00,-0.011253947202988002
2020-06-13 19:48:00,-0.04770092351452604
2020-06-13 19:51:00,0.09294234403893142
2020-06-13 19:54:00,-0.01618869453119487
2020-06-13 19:57:00,-0.06603937369970936
2020-06-13 20:00:00,-0.019550752849397668
2020-06-13 20:03:00,0.024455203023421745
2020-06-13 20:06:00,-0.034042487024521506
2020-06-13 20:09:00,-0.11958405642712933
2020-06-13 20:12:00,-0.13745371330617218
2020-06-13 20:15:00,-0.040330955771651134
2020-06-13 20:18:00,-0.006297610740432447
2020-06-13 20:21:00,-0.08176360259972171
2020-06-13 20:24:00,-0.07369508695620652
2020-06-13 20:27:00,-0.07672877546235668
2020-06-13 20:30:00,0.07191745436352903
2020-06-13 20:33:00,-0.04955248339337004
2020-06-13 20:36:00,-0.02464798873802465
2020-06-13 20:39:00,-0.0802931692870743
2020-06-13 20:42:00,-0.0627543006041833
2020-06-13 20:45:00,-0.026231439721073002
2020-06-13 20:48:00,0.041397607281794535
2020-06-13 20:51:00,-0.06135532565684798
2020-06-13 20:54:00,-0.05282674376758223
2020-06-13 20:57:00,-0.0026043402302775576
2020-06-13 21:00:00,-0.06966058032327282
2020-06-13 21:03:00,-0.11058025118660453
2020-06-13 21:06:00,0.010468552808333698
2020-06-13 21:09:00,0.0027253222493186513
2020-06-13 21:12:00,-0.015230198980589194
2020-06-13 21:15:00,-0.07438147511385296
2020-06-13 21:18:00,-0.051204346602730766
2020-06-13 21:21:00,-0.04236120588137737
2020-06-13 21:24:00,-0.016184320159197796
2020-06-13 21:27:00,-0.018977881879152392
2020-06-13 21:30:00,-0.0064214981063059895
2020-06-13 21:33:00,-0.033944605682108886
2020-06-13 21:36:00,0.045482059076164205
2020-06-13 21:39:00,0.002099699068025984
2020-06-13 21:42:00,0.04375044184757826
2020-06-13 21:45:00,-0.0001338121392109315
2020-06-13 21:48:00,-0.01558906046653874
2020-06-13 21:51:00,-0.01682575451110324
2020-06-13 21:54:00,-0.07211223083913865
2020-06-13 21:57:00,0.0581901227041044
2020-06-13 22:00:00,0.04277271909472802
2020-06-13 22:03:00,-0.028717284065692184
2020-06-13 22:06:00,0.06507438497806106
2020-06-13 22:09:00,-0.041347621410182
2020-06-13 22:12:00,-0.11117762389733343
2020-06-13 22:15:00,0.0721510810988093
2020-06-13 22:18:00,-0.06493327089060585
2020-06-13 22:21:00,-0.0909753403201421
2020-06-13 22:24:00,0.031034475555827612
2020-06-13 22:27:00,-0.007978676253287631
2020-06-13 22:30:00,-0.09627295508823863
2020-06-13 22:33:00,0.017064578804024677
2020-06-13 22:36:00,-0.04046555451657241
2020-06-13 22:39:00,-0.056980656400014595
2020-06-13 22:42:00,-0.09685514484209534
2020-06-13 22:45:00,-0.07555498900774182
2020-06-13 22:48:00,0.027896412776101442
2020-06-13 22:51:00,0.03274189800868044
2020-06-13 22:54:00,0.11315340198262902
2020-06-13 22:57:00,0.10137802521234107
2020-06-13 23:00:00,0.03368471545002194
2020-06-13 23:03:00,0.049694090614138986
2020-06-13 23:06:00,-0.029716455832840438
2020-06-13 23:09:00,0.03187596409168236
2020-06-13 23:12:00,-0.02473655535288799
2020-06-13 23:15:00,0.03248990835214727
2020-06-13 23:18:00,0.005397148446149913
2020-06-13 23:21:00,0.04707683431024634
2020-06-13 23:24:00,0.029836031083448233
2020-06-13 23:27:00,-0.006118592321399774
2020-06-13 23:30:00,0.052287244749607
2020-06-13 23:33:00,0.03921335909529944
2020-06-13 23:36:00,0.019451496195699747
2020-06-13 23:39:00,0.060953626488355894
2020-06-13 23:42:00,0.046087653996039535
2020-06-13 23:45:00,0.06813461579321256
2020-06-13 23:48:00,0.06931063305341922
2020-06-13 23:51:00,0.026003424353177707
2020-06-13 23:54:00,0.1398409365975226
2020-06-13 23:57:00,0.14259411550187906
2020-06-14 00:00:00,0.0843228609049902
2020-06-14 00:03:00,0.09347436720139513
2020-06-14 00:06:00,0.09630940240487007
2020-06-14 00:09:00,0.0746711388810013
2020-06-14 00:12:00,-0.005829348731253958
2020-06-14 00:15:00,0.07297719120236934
2020-06-14 00:18:00,0.11914363200821754
2020-06-14 00:21:00,0.08756051157075717
2020-06-14 00:24:00,0.04592856883823515
2020-06-14 00:27:00,0.14088210358426068
2020-06-14 00:30:00,0.085470247012438
2020-06-14 00:33:00,0.1634710304863347
2020-06-14 00:36:00,0.10391664971876935
2020-06-14 00:39:00,0.14242057225754934
2020-06-14 00:42:00,0.06527619103633242
2020-06-14 00:45:00,0.010639869383680889
2020-06-14 00:48:00,0.1308604103148241
2020-06-14 00:51:00,0.078459616820453
2020-06-14 00:54:00,0.08482409010224501
2020-06-14 00:57:00,0.13698156397975936
2020-06-14 01:00:00,0.09558353976160561
2020-06-14 01:03:00,0.046545300641184895
2020-06-14 01:06:00,0.15800486912149836
2020-06-14 01:09:00,0.005218978898085425
2020-06-14 01:12:00,0.03937665095276088
2020-06-14 01:15:00,0.10280499917047337
2020-06-14 01:18:00,0.11291132290381256
2020-06-14 01:21:00,0.14177283140043073
2020-06-14 01:24:00,0.02084750915173572
2020-06-14 01:27:00,0.1349637553340699
2020-06-14 01:30:00,0.11449333745554213
2020-06-14 01:33:00,0.005412852036442928
2020-06-14 01:36:00,0.050653775910404875
2020-06-14 01:39:00,0.022320200829369696
2020-06-14 01:42:00,0.036933634702620566
2020-06-14 01:45:00,0.05623280318150137
2020-06-14 01:48:00,0.13255170170714337
2020-06-14 01:51:00,0.15591832863356103
2020-06-14 01:54:00,0.2583048643713255
2020-06-14 01:57:00,0.09284696503777923
2020-06-14 02:00:00,0.1858478498029399
2020-06-14 02:03:00,0.19205515614277147
2020-06-14 02:06:00,0.2533493975083161
2020-06-14 02:09:00,0.21267478200365986
2020-06-14 02:12:00,0.24524352997491405
2020-06-14 02:15:00,0.16262962560853111
2020-06-14 02:18:00,0.12482440879472279
2020-06-14 02:21:00,0.15988747952519589
2020-06-14 02:24:00,0.09734942539864733
2020-06-14 02:27:00,0.22065865422592879
2020-06-14 02:30:00,0.23859146275844978
2020-06-14 02:33:00,0.2593895900674852
2020-06-14 02:36:00,0.12616325684251706
2020-06-14 02:39:00,0.16912174057870288
2020-06-14 02:42:00,0.2442091098807282
2020-06-14 02:45:00,0.23893413284952203
2020-06-14 02:48:00,0.22930882006056663
2020-06-14 02:51:00,0.26397664642286145
2020-06-14 02:54:00,0.18774318721312966
2020-06-14 02:57:00,0.12930205115856097
2020-06-14 03:00:00,0.08240909892055015
2020-06-14 03:03:00,0.17196624978510044
2020-06-14 03:06:00,0.223094764398013
2020-06-14 03:09:00,0.13097420694498396
2020-06-14 03:12:00,0.18905421351325913
2020-06-14 03:15:00,0.14917320726988237
2020-06-14 03:18:00,0.0676939368183298
2020-06-14 03:21:00,0.14462752115633748
2020-06-14 03:24:00,0.14903640868686807
2020-06-14 03:27:00,0.15890582901738526
2020-06-14 03:30:00,0.18413586887766087
2020-06-14 03:33:00,0.11446611979278032
2020-06-14 03:36:00,0.16565688150188862
2020-06-14 03:39:00,0.218347246359599
2020-06-14 03:42:00,0.1817761984078743
2020-06-14 03:45:00,0.24124101190324154
2020-06-14 03:48:00,0.23203625153291796
2020-06-14 03:51:00,0.1750696136160741
2020-06-14 03:54:00,0.23811773558094274
2020-06-14 03:57:00,0.26869514566203634
2020-06-14 04:00:00,0.16560934344175848
2020-06-14 04:03:00,0.2902882986261375
2020-06-14 04:06:00,0.2567199774936171
2020-06-14 04:09:00,0.27436464478694234
2020-06-14 04:12:00,0.20555881408483856
2020-06-14 04:15:00,0.18456315348345242
2020-06-14 04:18:00,0.20839383777376952
2020-06-14 04:21:00,0.2048294428097961
2020-06-14 04:24:00,0.17946205498736845
2020-06-14 04:27:00,0.17951131786827546
2020-06-14 04:30:00,0.33831390315816634
2020-06-14 04:33:00,0.17080159591642996
2020-06-14 04:36:00,0.25519217177594555
2020-06-14 04:39:00,0.2707157564292402
2020-06-14 04:42:00,0.3424495039707267
2020-06-14 04:45:00,0.2934870841335169
2020-06-14 04:48:00,0.3129881334816673
2020-06-14 04:51:00,0.36994524206357937
2020-06-14 04:54:00,0.3237473422525454
2020-06-14 04:57:00,0.2964582132102578
2020-06-14 05:00:00,0.25472574392904335
2020-06-14 05:03:00,0.2959158241710611
2020-06-14 05:06:00,0.2978978975730797
2020-06-14 05:09:00,0.2410819800252284
2020-06-14 05:12:00,0.2806446457547622
2020-06-14 05:15:00,0.30903210653679025
2020-06-14 05:18:00,0.2916122898274125
2020-06-14 05:21:00,0.23919053348640773
2020-06-14 05:24:00,0.30993380631787204
2020-06-14 05:27:00,0.3235843675835781
2020-06-14 05:30:00,0.27104028308173156
2020-06-14 05:33:00,0.36913670986604075
2020-06-14 05:36:00,0.3157652116859708
2020-06-14 05:39:00,0.3330344136501253
2020-06-14 05:42:00,0.27751073258616543
2020-06-14 05:45:00,0.3779840320533481
2020-06-14 05:48:00,0.2741440243848956
2020-06-14 05:51:00,0.2119504343042422
2020-06-14 05:54:00,0.28712603384957447
2020-06-14 05:57:00,0.28447286317611997
2020-06-14 06:00:00,0.38651384594504634
2020-06-14 06:03:00,0.27680108774274004
2020-06-14 06:06:00,0.28183281324385234
2020-06-14 06:09:00,0.27323292041626246
2020-06-14 06:12:00,0.2599083121591548
2020-06-14 06:15:00,0.26464324241925397
2020-06-14 06:18:00,0.26593786009254927
2020-06-14 06:21:00,0.23754404135604545
2020-06-14 06:24:00,0.32877458131156345
2020-06-14 06:27:00,0.25082707758508604
2020-06-14 06:30:00,0.22725710917802644
2020-06-14 06:33:00,0.31326321672844415
2020-06-14 06:36:00,0.30996397893954963
2020-06-14 06:39:00,0.3518683919006662
2020-06-14 06:42:00,0.3099801799519355
2020-06-14 06:45:00,0.3293873519310182
2020-06-14 06:48:00,0.35299429008773586
2020-06-14 06:51:00,0.24962790450354078
2020-06-14 06:54:00,0.32998968499947523
2020-06-14 06:57:00,0.35549608488037165
2020-06-14 07:00:00,0.31631739078216015
2020-06-14 07:03:00,0.3153477868723371
2020-06-14 07:06:00,0.31925810329465776
2020-06-14 07:09:00,0.28170072228164145
2020-06-14 07:12:00,0.28438805963833147
2020-06-14 07:15:00,0.34262171639585404
2020-06-14 07:18:00,0.2590438548672296
2020-06-14 07:21:00,0.2994899844271117
2020-06-14 07:24:00,0.31187555375174725
2020-06-14 07:27:00,0.2457567561665428
2020-06-14 07:30:00,0.37390801518228045
2020-06-14 07:33:00,0.20562153572234365
2020-06-14 07:36:00,0.30270916295813777
2020-06-14 07:39:00,0.23555121246840827
2020-06-14 07:42:00,0.25382263757813917
2020-06-14 07:45:00,0.281634256301345
2020-06-14 07:48:00,0.328604843997482
2020-06-14 07:51:00,0.2550824521251229
2020-06-14 07:54:00,0.27694495700609423
2020-06-14 07:57:00,0.35151393778426154
2020-06-14 08:00:00,0.3200724910568624
2020-06-14 08:03:00,0.2262516817517053
2020-06-14 08:06:00,0.2409335110411348
2020-06-14 08:09:00,0.22205874718730456
2020-06-14 08:12:00,0.218788558812264
2020-06-14 08:15:00,0.2560074418003637
2020-06-14 08:18:00,0.19672219522010437
2020-06-14 08:21:00,0.179042559820914
2020-06-14 08:24:00,0.12790836093131475
2020-06-14 08:27:00,0.2496555281001065
2020-06-14 08:30:00,0.2402400468349697
2020-06-14 08:33:00,0.25067854964606795
2020-06-14 08:36:00,0.2659845129886662
2020-06-14 08:39:00,0.27027567092494564
2020-06-14 08:42:00,0.10677070723403403
2020-06-14 08:45:00,0.13793197234150512
2020-06-14 08:48:00,0.1442010082643037
2020-06-14 08:51:00,0.12551039403393816
2020-06-14 08:54:00,0.21618952770398892
2020-06-14 08:57:00,0.23961744945216878
2020-06-14 09:00:00,0.11320352344114326
2020-06-14 09:03:00,0.08964201781981274
2020-06-14 09:06:00,0.17109237782932496
2020-06-14 09:09:00,0.1886602333997871
2020-06-14 09:12:00,0.2103549152504911
2020-06-14 09:15:00,0.10341897677835732
2020-06-14 09:18:00,0.11233106360464262
2020-06-14 09:21:00,0.07849252476677293
2020-06-14 09:24:00,0.09438823754260284
2020-06-14 09:27:00,0.10237032759715703
2020-06-14 09:30:00,0.0761643608044551
2020-06-14 09:33:00,0.12449638517477979
2020-06-14 09:36:00,-0.008510629824286298
2020-06-14 09:39:00,0.16277575874340755
2020-06-14 09:42:00,0.059751905531470584
2020-06-14 09:45:00,0.050842831609429595
2020-06-14 09:48:00,0.051208961938527864
2020-06-14 09:51:00,0.03255464455105539
2020-06-14 09:54:00,0.05242459288280088
2020-06-14 09:57:00,-0.022996433207879363
2020-06-14 10:00:00,0.01054376733634399
2020-06-14 10:03:00,-0.05168211603273676
2020-06-14 10:06:00,-0.03816231875441645
2020-06-14 10:09:00,-0.07779699679912255
2020-06-14 10:12:00,-0.20365365526879486
2020-06-14 10:15:00,-0.07394834761970515
2020-06-14 10:18:00,-0.18678932268471726
2020-06-14 10:21:00,-0.16651783142759768
2020-06-14 10:24:00,-0.20604175404889702
2020-06-14 10:27:00,-0.09345074748006255
2020-06-14 10:30:00,-0.19155817479298776
2020-06-14 10:33:00,-0.18914551037295269
2020-06-14 10:36:00,-0.2267107680237359
2020-06-14 10:39:00,-0.18674995904513025
2020-06-14 10:42:00,-0.2506337191833836
2020-06-14 10:45:00,-0.23944773322358515
2020-06-14 10:48:00,-0.2252547746692244
2020-06-14 10:51:00,
2020-06-14 10:54:00,
2020-06-14 10:57:00,
2020-06-14 11:00:00,
2020-06-14 11:03:00,
2020-06-14 11:06:00,
2020-06-14 11:09:00,
2020-06-14 11:12:00,
2020-06-14 11:15:00,
2020-06-14 11:18:00,
2020-06-14 11:21:00,
2020-06-14 11:24:00,
2020-06-14 11:27:00,
2020-06-14 11:30:00,
2020-06-14 11:33:00,
2020-06-14 11:36:00,-0.2706273564543267
2020-06-14 11:39:00,-0.44501031766577626
2020-06-14 11:42:00,-0.34747834755080476
2020-06-14 11:45:00,-0.2970707195823934
2020-06-14 11:48:00,-0.2892054784663287
2020-06-14 11:51:00,-0.1853303787449363
2020-06-14 11:54:00,-0.4118699895775535
2020-06-14 11:57:00,-0.25283232658699717
2020-06-14 12:00:00,-0.2471659985544079
2020-06-14 12:03:00,-0.2744413743278642
2020-06-14 12:06:00,-0.2579587545399704
2020-06-14 12:09:00,-0.1861919465924302
2020-06-14 12:12:00,-0.21916566265326765
2020-06-14 12:15:00,-0.1621173576195929
2020-06-14 12:18:00,-0.22348652736638996
2020-06-14 12:21:00,-0.3519571510003061
2020-06-14 12:24:00,-0.3832773686446558
2020-06-14 12:27:00,-0.3234365157783259
2020-06-14 12:30:00,-0.33366407670814624
2020-06-14 12:33:00,-0.3135923311388069
2020-06-14 12:36:00,-0.359533324195354
2020-06-14 12:39:00,-0.3290336175350035
2020-06-14 12:42:00,-0.35108902945052023
2020-06-14 12:45:00,-0.4222005839541225
2020-06-14 12:48:00,-0.37984311353091016
2020-06-14 12:51:00,-0.4054520940679822
2020-06-14 12:54:00,-0.42795767774777005
2020-06-14 12:57:00,-0.2661766679129869
2020-06-14 13:00:00,-0.4427095403050316
2020-06-14 13:03:00,-0.33410900318153836
2020-06-14 13:06:00,-0.469440498189158
2020-06-14 13:09:00,-0.40685093839039155
2020-06-14 13:12:00,-0.4010105731928775
2020-06-14 13:15:00,-0.5258907785677707
2020-06-14 13:18:00,-0.47008083410230483
2020-06-14 13:21:00,-0.5514980802138894
2020-06-14 13:24:00,-0.42805700708055383
2020-06-14 13:27:00,-0.3817703898765217
2020-06-14 13:30:00,-0.45471108636058943
2020-06-14 13:33:00,-0.5287693336496773
2020-06-14 13:36:00,-0.49779732932336174
2020-06-14 13:39:00,-0.30562023249262893
2020-06-14 13:42:00,-0.3313430888989046
2020-06-14 13:45:00,-0.495913457659924
2020-06-14 13:48:00,-0.5651814820088248
2020-06-14 13:51:00,-0.5258819670375487
2020-06-14 13:54:00,-0.5888835067734703
2020-06-14 13:57:00,-0.5325840020420856
2020-06-14 14:00:00,-0.44949122939630115
2020-06-14 14:03:00,-0.574766984214989
2020-06-14 14:06:00,-0.3033198806355131
2020-06-14 14:09:00,-0.46694866921490075
2020-06-14 14:12:00,-0.3284518215609751
2020-06-14 14:15:00,-0.36361979950811474
2020-06-14 14:18:00,-0.4488211672953071
2020-06-14 14:21:00,-0.5408092474554564
2020-06-14 14:24:00,-0.5598504022724455
2020-06-14 14:27:00,-0.45498739842003033
2020-06-14 14:30:00,-0.5944760147141324
2020-06-14 14:33:00,-0.4570344926285088
2020-06-14 14:36:00,-0.47790343510848743
2020-06-14 14:39:00,-0.5457314807041485
2020-06-14 14:42:00,-0.5834544658640652
2020-06-14 14:45:00,-0.5777361475871317
2020-06-14 14:48:00,-0.5210591669836049
2020-06-14 14:51:00,-0.5603911177416308
2020-06-14 14:54:00,-0.5146538035546655
2020-06-14 14:57:00,-0.4714093618118227
2020-06-14 15:00:00,-0.6014808141613344
2020-06-14 15:03:00,-0.452455795557114
2020-06-14 15:06:00,-0.5515836798209648
2020-06-14 15:09:00,-0.6007086432370556
2020-06-14 15:12:00,-0.6187140201135435
2020-06-14 15:15:00,-0.5339310142337013
2020-06-14 15:18:00,-0.4765919098461495
2020-06-14 15:21:00,-0.572006292073695
2020-06-14 15:24:00,-0.45812469021149127
2020-06-14 15:27:00,-0.5422016534433851
2020-06-14 15:30:00,-0.5524191947654913
2020-06-14 15:33:00,-0.386591841211839
2020-06-14 15:36:00,-0.4188613025123118
2020-06-14 15:39:00,-0.46812433257656494
2020-06-14 15:42:00,-0.41525918279671714
2020-06-14 15:45:00,-0.4435904611606247
2020-06-14 15:48:00,-0.5700561893437452
2020-06-14 15:51:00,-0.5322147467291529
2020-06-14 15:54:00,-0.38408522920548194
2020-06-14 15:57:00,-0.4397911134403216
2020-06-14 16:00:00,-0.5344621686273285
2020-06-14 16:03:00,-0.45459699831383205
2020-06-14 16:06:00,-0.45390884822427324
2020-06-14 16:09:00,-0.4341222226129844
2020-06-14 16:12:00,-0.4867538019182689
2020-06-14 16:15:00,-0.4694701886489838
2020-06-14 16:18:00,-0.3969443773897865
2020-06-14 16:21:00,-0.43146139007927786
2020-06-14 16:24:00,-0.4952987232410919
2020-06-14 16:27:00,-0.40027373021843005
2020-06-14 16:30:00,-0.4910357800453653
2020-06-14 16:33:00,-0.47564649135432546
2020-06-14 16:36:00,-0.4474803007034325
2020-06-14 16:39:00,-0.44900011026629727
2020-06-14 16:42:00,-0.4571395701818801
2020-06-14 16:45:00,-0.47912785018780824
2020-06-14 16:48:00,-0.46394592822599634
2020-06-14 16:51:00,-0.3917923866772526
2020-06-14 16:54:00,-0.3477454283740258
2020-06-14 16:57:00,-0.36069036414687616
2020-06-14 17:00:00,-0.30645952945451427
2020-06-14 17:03:00,-0.4116867534930293
2020-06-14 17:06:00,-0.41529721688215204
2020-06-14 17:09:00,-0.26328122328271775
2020-06-14 17:12:00,-0.36632066940393315
2020-06-14 17:15:00,-0.3464678868449482
2020-06-14 17:18:00,-0.2108596577244839
2020-06-14 17:21:00,-0.26514398680075146
2020-06-14 17:24:00,-0.32733838764903567
2020-06-14 17:27:00,-0.35321525603217196
2020-06-14 17:30:00,-0.2538310476940069
2020-06-14 17:33:00,-0.3463637798549257
2020-06-14 17:36:00,-0.14257313114615044
2020-06-14 17:39:00,-0.2703269395113921
2020-06-14 17:42:00,-0.28244940575223154
2020-06-14 17:45:00,-0.25704261858913924
2020-06-14 17:48:00,-0.20274858048111355
2020-06-14 17:51:00,-0.23345385432975263
2020-06-14 17:54:00,-0.24101041593627315
2020-06-14 17:57:00,-0.2250135528344117
2020-06-14 18:00:00,-0.24307651855218637
2020-06-14 18:03:00,-0.15106835915162264
2020-06-14 18:06:00,-0.2915126547242721
2020-06-14 18:09:00,-0.2651270473432987
2020-06-14 18:12:00,-0.2635204393300796
2020-06-14 18:15:00,-0.2239240790551662
2020-06-14 18:18:00,-0.20780167834965368
2020-06-14 18:21:00,-0.2640557263913479
2020-06-14 18:24:00,-0.22857975716732426
2020-06-14 18:27:00,-0.1670709890706803
2020-06-14 18:30:00,-0.2339167808096363
2020-06-14 18:33:00,-0.1395386521538171
2020-06-14 18:36:00,-0.1649347009314397
2020-06-14 18:39:00,-0.2759458247870725
2020-06-14 18:42:00,-0.189977449568687
2020-06-14 18:45:00,-0.18535827907300018
2020-06-14 18:48:00,-0.24795250756574205
2020-06-14 18:51:00,
2020-06-14 18:54:00,
2020-06-14 18:57:00,
2020-06-14 19:00:00,
2020-06-14 19:03:00,-0.1593644402433938
2020-06-14 19:06:00,-0.11572060097768144
2020-06-14 19:09:00,-0.1494558203267502
2020-06-14 19:12:00,-0.10548443526926121
2020-06-14 19:15:00,-0.1104076951640991
2020-06-14 19:18:00,-0.13349310194439568
2020-06-14 19:21:00,-0.16275130854825193
2020-06-14 19:24:00,-0.13360909933834364
2020-06-14 19:27:00,-0.1460357510875383
2020-06-14 19:30:00,-0.06617765216986982
2020-06-14 19:33:00,-0.1139002551028625
2020-06-14 19:36:00,-0.14294622322154282
2020-06-14 19:39:00,-0.2133323482120204
2020-06-14 19:42:00,-0.09869079752780863
2020-06-14 19:45:00,-0.28929287561959427
2020-06-14 19:48:00,-0.12893748259148197
2020-06-14 19:51:00,-0.09369516943024792
2020-06-14 19:54:00,-0.12957536559252958
2020-06-14 19:57:00,-0.05134626663658537
2020-06-14 20:00:00,-0.24268830649594975
2020-06-14 20:03:00,-0.13763926636698898
2020-06-14 20:06:00,-0.08121957681072445
2020-06-14 20:09:00,-0.06533993092642731
2020-06-14 20:12:00,0.004795300374269118
2020-06-14 20:15:00,-0.15112770854653945
2020-06-14 20:18:00,-0.046021972917685616
2020-06-14 20:21:00,-0.043260381825689365
2020-06-14 20:24:00,-0.09880887933866234
2020-06-14 20:27:00,-0.08405009564455668
2020-06-14 20:30:00,-0.13888930249180476
2020-06-14 20:33:00,-0.05852444404280277
2020-06-14 20:36:00,-0.10970393641326837
2020-06-14 20:39:00,-0.0778158658726511
2020-06-14 20:42:00,-0.13924265578140194
2020-06-14 20:45:00,-0.1497958814140361
2020-06-14 20:48:00,-0.08475587047990985
2020-06-14 20:51:00,-0.1987918323969211
2020-06-14 20:54:00,-0.3211969961958516
2020-06-14 20:57:00,-0.09589516227487138
2020-06-14 21:00:00,-0.1983822753267077
2020-06-14 21:03:00,-0.04857498789010606
2020-06-14 21:06:00,-0.04005686120575547
2020-06-14 21:09:00,0.011440027697972255
2020-06-14 21:12:00,-0.10398820638249617
2020-06-14 21:15:00,-0.10214513863934371
2020-06-14 21:18:00,-0.09222917865855607
2020-06-14 21:21:00,-0.11566081803943007
2020-06-14 21:24:00,-0.09507574529885687
2020-06-14 21:27:00,-0.1426206665415748
2020-06-14 21:30:00,-0.07576613481796812
2020-06-14 21:33:00,-0.1391347552530533
2020-06-14 21:36:00,-0.208462705342356
2020-06-14 21:39:00,-0.06455830524498651
2020-06-14 21:42:00,-0.19867989366673555
2020-06-14 21:45:00,-0.15222832375690132
2020-06-14 21:48:00,-0.1281869384804395
2020-06-14 21:51:00,-0.14634473332932885
2020-06-14 21:54:00,-0.17042181328633887
2020-06-14 21:57:00,-0.058774470506023135
2020-06-14 22:00:00,-0.1565797037815173
2020-06-14 22:03:00,-0.005250935930405376
2020-06-14 22:06:00,-0.0938743163271738
2020-06-14 22:09:00,-0.09236606506539147
2020-06-14 22:12:00,-0.02732485392380113
2020-06-14 22:15:00,-0.12704678332670483
2020-06-14 22:18:00,-0.049642530730295675
2020-06-14 22:21:00,-0.15828953832414072
2020-06-14 22:24:00,-0.1802289557513177
2020-06-14 22:27:00,-0.06445125979126942
2020-06-14 22:30:00,0.061402132081582295
2020-06-14 22:33:00,0.102808424717864
2020-06-14 22:36:00,-0.13287434148526245
2020-06-14 22:39:00,-0.0690583254182684
2020-06-14 22:42:00,-0.017957924082907084
2020-06-14 22:45:00,0.07041453850376911
2020-06-14 22:48:00,0.07058296339425851
2020-06-14 22:51:00,0.12037739031637784
2020-06-14 22:54:00,0.09995221430040147
2020-06-14 22:57:00,0.05579134350369941
2020-06-14 23:00:00,0.06713316548081139
2020-06-14 23:03:00,0.15025313119087969
2020-06-14 23:06:00,0.1818136870148237
2020-06-14 23:09:00,0.1889913406228061
2020-06-14 23:12:00,0.1720858077631533
2020-06-14 23:15:00,0.20153377084170643
2020-06-14 23:18:00,0.1538996324375148
2020-06-14 23:21:00,0.13464578090054147
2020-06-14 23:24:00,0.18527657037270728
2020-06-14 23:27:00,0.31100128566180274
2020-06-14 23:30:00,0.2359229792209021
2020-06-14 23:33:00,0.30366796194965673
2020-06-14 23:36:00,0.2720987368402348
2020-06-14 23:39:00,0.2520352765193934
2020-06-14 23:42:00,0.32855198878644387
2020-06-14 23:45:00,0.28297066826092987
2020-06-14 23:48:00,0.25086392314346995
2020-06-14 23:51:00,0.286137253624247
2020-06-14 23:54:00,0.2217006363984524
2020-06-14 23:57:00,0.2165201612264127
2020-06-15 00:00:00,0.20542524426923592
2020-06-15 00:03:00,0.062332686864920106
2020-06-15 00:06:00,0.07736047285891345
2020-06-15 00:09:00,0.05732931896221771
2020-06-15 00:12:00,0.11607816118430492
2020-06-15 00:15:00,0.09091048846562444
2020-06-15 00:18:00,0.1576868383438068
2020-06-15 00:21:00,0.08849141405033834
2020-06-15 00:24:00,0.04221291101623592
2020-06-15 00:27:00,-0.020610730656414944
2020-06-15 00:30:00,0.07536885180655872
2020-06-15 00:33:00,0.05849415109810252
2020-06-15 00:36:00,0.025445364204244925
2020-06-15 00:39:00,-0.04116750022069482
2020-06-15 00:42:00,0.05905132822840642
2020-06-15 00:45:00,0.018868448053240172
2020-06-15 00:48:00,0.11458706474928704
2020-06-15 00:51:00,0.03864008811012809
2020-06-15 00:54:00,-0.009655542135931228
2020-06-15 00:57:00,-0.020472100427980422
2020-06-15 01:00:00,0.023043716915822188
2020-06-15 01:03:00,-0.018121678611407788
2020-06-15 01:06:00,0.01694015880070765
2020-06-15 01:09:00,0.010350297493630478
2020-06-15 01:12:00,-0.01019799451921699
2020-06-15 01:15:00,-0.06971737220487739
2020-06-15 01:18:00,0.12047534830327322
2020-06-15 01:21:00,0.11692276110181865
2020-06-15 01:24:00,0.20698569302572878
2020-06-15 01:27:00,0.1435954559547099
2020-06-15 01:30:00,0.1507959442419633
2020-06-15 01:33:00,0.07978899910091286
2020-06-15 01:36:00,0.09390954281309405
2020-06-15 01:39:00,0.11176771543034647
2020-06-15 01:42:00,0.01876978964060072
2020-06-15 01:45:00,0.14574462603474103
2020-06-15 01:48:00,0.09948335341852044
2020-06-15 01:51:00,0.19960330531876025
2020-06-15 01:54:00,0.10562233705894641
2020-06-15 01:57:00,0.1650837921948778
2020-06-15 02:00:00,0.1909283271681943
2020-06-15 02:03:00,0.18229018843561562
2020-06-15 02:06:00,0.20276541870748588
2020-06-15 02:09:00,0.21463462957950696
2020-06-15 02:12:00,0.20998195575538148
2020-06-15 02:15:00,0.20088680692595062
2020-06-15 02:18:00,0.24328636990111363
2020-06-15 02:21:00,0.22661880700536585
2020-06-15 02:24:00,0.27368407707479037
2020-06-15 02:27:00,0.16699237905879727
2020-06-15 02:30:00,0.17793356870737398
2020-06-15 02:33:00,0.227850832199465
2020-06-15 02:36:00,0.2508750768801633
2020-06-15 02:39:00,0.1554125084280713
2020-06-15 02:42:00,0.14849726031741284
2020-06-15 02:45:00,0.23803548999040913
2020-06-15 02:48:00,0.16487734821936328
2020-06-15 02:51:00,0.2349451104020659
2020-06-15 02:54:00,0.2592422923719937
2020-06-15 02:57:00,0.17669821167430655
2020-06-15 03:00:00,0.21622128092400317
2020-06-15 03:03:00,0.33073710343205676
2020-06-15 03:06:00,0.30013689115457964
2020-06-15 03:09:00,0.2498636086370425
2020-06-15 03:12:00,0.2756191429882051
2020-06-15 03:15:00,0.21636891851460405
2020-06-15 03:18:00,0.3106755969012056
2020-06-15 03:21:00,0.25316481067335417
2020-06-15 03:24:00,0.24942102376280673
2020-06-15 03:27:00,0.13125978943759264
2020-06-15 03:30:00,0.13965780186401844
2020-06-15 03:33:00,0.22235156767243325
2020-06-15 03:36:00,0.17868903459026342
2020-06-15 03:39:00,0.21274498767706973
2020-06-15 03:42:00,0.14678799159287337
2020-06-15 03:45:00,0.1771951562359959
2020-06-15 03:48:00,0.20513986807759466
2020-06-15 03:51:00,0.1528993960056937
2020-06-15 03:54:00,0.22642047997823056
2020-06-15 03:57:00,0.24079913933735497
2020-06-15 04:00:00,0.19558330909359256
2020-06-15 04:03:00,0.27589344401826565
2020-06-15 04:06:00,0.2882579583099414
2020-06-15 04:09:00,0.26675476158203537
2020-06-15 04:12:00,0.1866212465243393
2020-06-15 04:15:00,0.2751610587918094
2020-06-15 04:18:00,0.283668285021065
2020-06-15 04:21:00,0.2884198060975791
2020-06-15 04:24:00,0.24109953724837396
2020-06-15 04:27:00,0.19412875026756637
2020-06-15 04:30:00,0.28999418830426293
2020-06-15 04:33:00,0.271224381752063
2020-06-15 04:36:00,0.27323772014455017
2020-06-15 04:39:00,0.22628710171602506
2020-06-15 04:42:00,0.33378235280395074
2020-06-15 04:45:00,0.17370789319431879
2020-06-15 04:48:00,0.2625067079522978
2020-06-15 04:51:00,0.1985512834011729
2020-06-15 04:54:00,0.2728610435419796
2020-06-15 04:57:00,0.18959301360280278
2020-06-15 05:00:00,0.2308213281606868
2020-06-15 05:03:00,0.2513083678160797
2020-06-15 05:06:00,0.1685439902344683
2020-06-15 05:09:00,0.2246497886442853
2020-06-15 05:12:00,0.25674455666069207
2020-06-15 05:15:00,0.23980735537605824
2020-06-15 05:18:00,0.29165557896510563
2020-06-15 05:21:00,0.20568355017661588
2020-06-15 05:24:00,0.2635862338736388
2020-06-15 05:27:00,0.33135132871700534
2020-06-15 05:30:00,0.22822369907953544
2020-06-15 05:33:00,0.2589024866339855
2020-06-15 05:36:00,0.28311586562864477
2020-06-15 05:39:00,0.24650051155964547
2020-06-15 05:42:00,0.21124514004480943
2020-06-15 05:45:00,0.2259102028253892
2020-06-15 05:48:00,0.32235859598813477
2020-06-15 05:51:00,0.2462976972857973
2020-06-15 05:54:00,0.314884330873042
2020-06-15 05:57:00,0.23006071200779843
2020-06-15 06:00:00,0.2659609259190461
2020-06-15 06:03:00,0.2714158189621685
2020-06-15 06:06:00,0.27001344870853927
2020-06-15 06:09:00,0.20734428526031934
2020-06-15 06:12:00,0.34206128913609746
2020-06-15 06:15:00,0.22824640064169444
2020-06-15 06:18:00,0.2684208276630784
2020-06-15 06:21:00,0.36647144539762166
2020-06-15 06:24:00,0.2584557227826849
2020-06-15 06:27:00,0.27946148398831383
2020-06-15 06:30:00,0.2850608526355245
2020-06-15 06:33:00,0.2003420666732154
2020-06-15 06:36:00,0.20814797624507264
2020-06-15 06:39:00,0.20825171956460053
2020-06-15 06:42:00,0.2759738331481003
2020-06-15 06:45:00,0.2660525994420482
2020-06-15 06:48:00,0.23991859207058042
2020-06-15 06:51:00,0.18370577774612684
2020-06-15 06:54:00,0.2666253096236346
2020-06-15 06:57:00,0.25228592321911947
2020-06-15 07:00:00,0.2390978176683234
2020-06-15 07:03:00,0.3134887073397863
2020-06-15 07:06:00,0.27206934629856505
2020-06-15 07:09:00,0.2999851896047403
2020-06-15 07:12:00,0.23435723172099188
2020-06-15 07:15:00,0.17742662598925563
2020-06-15 07:18:00,0.2667637852723601
2020-06-15 07:21:00,0.2177351161579395
2020-06-15 07:24:00,0.23240643985769793
2020-06-15 07:27:00,0.2898763150317336
2020-06-15 07:30:00,0.29139391501286127
2020-06-15 07:33:00,0.3543859693263016
2020-06-15 07:36:00,0.35961532849341893
2020-06-15 07:39:00,0.3888774488268609
2020-06-15 07:42:00,0.3380635869127673
2020-06-15 07:45:00,0.3100893978626118
2020-06-15 07:48:00,0.30518803496278224
2020-06-15 07:51:00,0.2499586399987379
2020-06-15 07:54:00,0.2924709969989294
2020-06-15 07:57:00,0.2593855580620925
2020-06-15 08:00:00,0.35292400162586546
2020-06-15 08:03:00,0.34426745934268865
2020-06-15 08:06:00,0.30204993309251904
2020-06-15 08:09:00,0.25921773514699
2020-06-15 08:12:00,0.2509519700818714
2020-06-15 08:15:00,0.29217007344141166
2020-06-15 08:18:00,0.2771496613207205
2020-06-15 08:21:00,0.26539594914703457
2020-06-15 08:24:00,0.20419830638866188
2020-06-15 08:27:00,0.16209217791595165
2020-06-15 08:30:00,0.26101844336551494
2020-06-15 08:33:00,0.2118480242560281
2020-06-15 08:36:00,0.14058308502870887
2020-06-15 08:39:00,0.3182578344673175
2020-06-15 08:42:00,0.1555358133417144
2020-06-15 08:45:00,0.15308072506883263
2020-06-15 08:48:00,0.2174387291966582
2020-06-15 08:51:00,0.2222023207294228
2020-06-15 08:54:00,0.23871087216173237
2020-06-15 08:57:00,0.16194343775862308
2020-06-15 09:00:00,0.19535457285854818
2020-06-15 09:03:00,0.16609422556751952
2020-06-15 09:06:00,0.12437295654729041
2020-06-15 09:09:00,0.19926510741805714
2020-06-15 09:12:00,0.12438072604351191
2020-06-15 09:15:00,0.20360397821877996
2020-06-15 09:18:00,0.18800642438441173
2020-06-15 09:21:00,0.2603675877510341
2020-06-15 09:24:00,0.15182441065553576
2020-06-15 09:27:00,0.14983425220032132
2020-06-15 09:30:00,0.1598682433104841
2020-06-15 09:33:00,0.18993493165748987
2020-06-15 09:36:00,0.21938667057600014
2020-06-15 09:39:00,0.062439045388885006
2020-06-15 09:42:00,0.14634323068349886
2020-06-15 09:45:00,0.15471171855375587
2020-06-15 09:48:00,0.09659072875757602
2020-06-15 09:51:00,0.1286497046668842
2020-06-15 09:54:00,0.021292497833712787
2020-06-15 09:57:00,0.06817871141976184
2020-06-15 10:00:00,0.09464483659866119
2020-06-15 10:03:00,0.12100551415028349
2020-06-15 10:06:00,0.12447214707037801
2020-06-15 10:09:00,0.08404016903244838
2020-06-15 10:12:00,-0.09064728981456938
2020-06-15 10:15:00,0.05074655984446963
2020-06-15 10:18:00,-0.02726363505939844
2020-06-15 10:21:00,0.04796177631766341
2020-06-15 10:24:00,0.014988303508403078
2020-06-15 10:27:00,-0.03237247800075238
2020-06-15 10:30:00,0.024985457268996925
2020-06-15 10:33:00,-0.03530124095334486
2020-06-15 10:36:00,-0.06348458004879376
2020-06-15 10:39:00,-0.061113517268836404
2020-06-15 10:42:00,-0.05629088534675475
2020-06-15 10:45:00,-0.09058311075398251
2020-06-15 10:48:00,-0.030600211092519203
2020-06-15 10:51:00,-0.04005916937035181
2020-06-15 10:54:00,-0.10315696117038442
2020-06-15 10:57:00,-0.010737203952373875
2020-06-15 11:00:00,-0.07276428143654812
2020-06-15 11:03:00,-0.1604777214150772
2020-06-15 11:06:00,-0.09439827664976974
2020-06-15 11:09:00,-0.04743605872511125
2020-06-15 11:12:00,-0.09932079444848796
2020-06-15 11:15:00,-0.031104437259330098
2020-06-15 11:18:00,-0.07472263671303381
2020-06-15 11:21:00,-0.23251267093587558
2020-06-15 11:24:00,-0.24760128702342854
2020-06-15 11:27:00,-0.11832872622477453
2020-06-15 11:30:00,-0.18872640797081885
2020-06-15 11:33:00,-0.1859880275684418
2020-06-15 11:36:00,-0.14429934238864917
2020-06-15 11:39:00,-0.16877763229416587
2020-06-15 11:42:00,-0.1426006768548973
2020-06-15 11:45:00,-0.1397860198024432
2020-06-15 11:48:00,-0.16684694204155903
2020-06-15 11:51:00,-0.1569749934678839
2020-06-15 11:54:00,-0.21757232940188942
2020-06-15 11:57:00,-0.11540640184546191
2020-06-15 12:00:00,-0.0007639209187573215
2020-06-15 12:03:00,-0.008243591095435931
2020-06-15 12:06:00,-0.09609406091658457
2020-06-15 12:09:00,-0.0398799715881637
2020-06-15 12:12:00,0.03603621181582639
2020-06-15 12:15:00,-0.013418197114503982
2020-06-15 12:18:00,-0.1842569561995333
2020-06-15 12:21:00,-0.2902986150031097
2020-06-15 12:24:00,-0.24084633920682563
2020-06-15 12:27:00,-0.26348460969330745
2020-06-15 12:30:00,-0.23188710997510498
2020-06-15 12:33:00,-0.27790863119719234
2020-06-15 12:36:00,-0.3165654127582229
2020-06-15 12:39:00,-0.3750041330075078
2020-06-15 12:42:00,-0.2823626110875921
2020-06-15 12:45:00,-0.2663648320757943
2020-06-15 12:48:00,-0.14438823259081346
2020-06-15 12:51:00,-0.11964632403885389
2020-06-15 12:54:00,-0.17522570019400519
2020-06-15 12:57:00,-0.10764538305352289
2020-06-15 13:00:00,-0.06944151860614056
2020-06-15 13:03:00,0.004292930946348861
2020-06-15 13:06:00,-0.0649008199684431
2020-06-15 13:09:00,0.08001077035203252
2020-06-15 13:12:00,-0.09771789511938778
2020-06-15 13:15:00,0.013154572422763522
2020-06-15 13:18:00,-0.11945281210142866
2020-06-15 13:21:00,-0.16169190103994424
2020-06-15 13:24:00,-0.11884025536323861
2020-06-15 13:27:00,-0.1508738991701648
2020-06-15 13:30:00,-0.12894376945564545
2020-06-15 13:33:00,-0.05920442315152741
2020-06-15 13:36:00,0.005491769431444027
2020-06-15 13:39:00,0.060716005149686225
2020-06-15 13:42:00,-0.09867694165274088
2020-06-15 13:45:00,0.04386580779225824
2020-06-15 13:48:00,0.1315586936678983
2020-06-15 13:51:00,0.17106903897143866
2020-06-15 13:54:00,0.09490859801053375
2020-06-15 13:57:00,0.0353335729914761
2020-06-15 14:00:00,0.08996072087614948
2020-06-15 14:03:00,0.18346843604092555
2020-06-15 14:06:00,0.14134631190154323
2020-06-15 14:09:00,0.09493735790755409
2020-06-15 14:12:00,-0.10257691623314713
2020-06-15 14:15:00,0.17085430727416906
2020-06-15 14:18:00,0.16341711524353286
2020-06-15 14:21:00,0.12455092048236338
2020-06-15 14:24:00,0.2783966196580536
2020-06-15 14:27:00,0.5582525260289799
2020-06-15 14:30:00,0.42692513440761104
2020-06-15 14:33:00,0.538415493478908
2020-06-15 14:36:00,0.49326598467729355
2020-06-15 14:39:00,0.6547274774530365
2020-06-15 14:42:00,0.46534158542363
2020-06-15 14:45:00,0.4455328424164122
2020-06-15 14:48:00,0.32928454808995866
2020-06-15 14:51:00,0.21931265546379564
2020-06-15 14:54:00,0.3184581007395195
2020-06-15 14:57:00,0.3378037878934492
2020-06-15 15:00:00,0.3293152136008075
2020-06-15 15:03:00,0.24716578755106866
2020-06-15 15:06:00,0.17558032435209725
2020-06-15 15:09:00,0.2484383327383739
2020-06-15 15:12:00,0.505623425808551
2020-06-15 15:15:00,0.4752070280113685
2020-06-15 15:18:00,0.7612244956504242
2020-06-15 15:21:00,0.7661532164457867
2020-06-15 15:24:00,0.8038793284905523
2020-06-15 15:27:00,0.8577598622072173
2020-06-15 15:30:00,0.7954877757286454
2020-06-15 15:33:00,0.8179299080064766
2020-06-15 15:36:00,0.8071433246433344
2020-06-15 15:39:00,0.8353245005012582
2020-06-15 15:42:00,0.2153016668988812
2020-06-15 15:45:00,0.36957509836867075
2020-06-15 15:48:00,0.5060564958576492
2020-06-15 15:51:00,0.7398779041405419
2020-06-15 15:54:00,0.8404873884565518
2020-06-15 15:57:00,0.8774386617097321
2020-06-15 16:00:00,0.9236190749211914
2020-06-15 16:03:00,0.7119279642523679
2020-06-15 16:06:00,0.20787120301537243
2020-06-15 16:09:00,0.1481372947782802
2020-06-15 16:12:00,0.30413247377828156
2020-06-15 16:15:00,0.3086284466274378
2020-06-15 16:18:00,0.34086791666976524
2020-06-15 16:21:00,0.29264792749717117
2020-06-15 16:24:00,0.5368741506978836
2020-06-15 16:27:00,0.4619440103282386
2020-06-15 16:30:00,0.4760110709068499
2020-06-15 16:33:00,0.5478776435262489
2020-06-15 16:36:00,0.5667087361412086
2020-06-15 16:39:00,0.29224079954070703
2020-06-15 16:42:00,0.18499183989001722
2020-06-15 16:45:00,0.5136473938025574
2020-06-15 16:48:00,0.7499198724709686
2020-06-15 16:51:00,0.47871463001808934
2020-06-15 16:54:00,0.4037645286135785
2020-06-15 16:57:00,0.38933108434298447
2020-06-15 17:00:00,0.5578604953332729
2020-06-15 17:03:00,0.41109896935643064
2020-06-15 17:06:00,0.44137088804421865
2020-06-15 17:09:00,0.3731705108786514
2020-06-15 17:12:00,0.3980225502980943
2020-06-15 17:15:00,0.3887401629598344
2020-06-15 17:18:00,0.46378502606370375
2020-06-15 17:21:00,0.32136126323376857
2020-06-15 17:24:00,0.2843494710795085
2020-06-15 17:27:00,0.27175189958273904
2020-06-15 17:30:00,0.2547127158589433
2020-06-15 17:33:00,0.5013285655851973
2020-06-15 17:36:00,0.5606345628568192
2020-06-15 17:39:00,0.7967547680314624
2020-06-15 17:42:00,0.7157596333739775
2020-06-15 17:45:00,0.6950075142052015
2020-06-15 17:48:00,0.7516669931547426
2020-06-15 17:51:00,0.7721116424525007
2020-06-15 17:54:00,0.6064902614688776
2020-06-15 17:57:00,0.6617202657612324
2020-06-15 18:00:00,0.6546001436465758
2020-06-15 18:03:00,0.7941070777033588
2020-06-15 18:06:00,0.7324784950409935
2020-06-15 18:09:00,0.4681516677264881
2020-06-15 18:12:00,0.7295452966130256
2020-06-15 18:15:00,0.6279310134338516
2020-06-15 18:18:00,0.47065372384423654
2020-06-15 18:21:00,0.515054026156406
2020-06-15 18:24:00,0.44234632716626265
2020-06-15 18:27:00,0.33111653230668026
2020-06-15 18:30:00,0.3475111687062622
2020-06-15 18:33:00,0.3654482007499382
2020-06-15 18:36:00,0.25194026841734285
2020-06-15 18:39:00,0.2974683707295185
2020-06-15 18:42:00,0.27719211518018483
2020-06-15 18:45:00,0.21788926334704684
2020-06-15 18:48:00,0.15442502186147067
2020-06-15 18:51:00,0.2245603320010332
2020-06-15 18:54:00,
2020-06-15 18:57:00,
2020-06-15 19:00:00,
2020-06-15 19:03:00,
2020-06-15 19:06:00,0.3797956002015894
2020-06-15 19:09:00,0.19086020485178778
2020-06-15 19:12:00,0.33829021322236486
2020-06-15 19:15:00,0.314071940229951
2020-06-15 19:18:00,0.3832543323625828
2020-06-15 19:21:00,0.3176887726330051
2020-06-15 19:24:00,0.36970305381220214
2020-06-15 19:27:00,0.29862225652766483
2020-06-15 19:30:00,0.35075329119086973
2020-06-15 19:33:00,0.32461795065006527
2020-06-15 19:36:00,0.33910527356096054
2020-06-15 19:39:00,0.30018392039619357
2020-06-15 19:42:00,0.34039282880809196
2020-06-15 19:45:00,0.23882578016474554
2020-06-15 19:48:00,0.30826931875236596
2020-06-15 19:51:00,0.338308965934516
2020-06-15 19:54:00,0.33883225463665667
2020-06-15 19:57:00,0.36898827355099684
2020-06-15 20:00:00,0.3433436887252128
2020-06-15 20:03:00,0.2729864553375023
2020-06-15 20:06:00,0.2601003474395043
2020-06-15 20:09:00,0.27293085647841053
2020-06-15 20:12:00,0.30787571179052975
2020-06-15 20:15:00,0.3095227759865793
2020-06-15 20:18:00,0.3201541335794218
2020-06-15 20:21:00,0.30766321650833106
2020-06-15 20:24:00,0.3564963777791945
2020-06-15 20:27:00,0.2776754874294056
2020-06-15 20:30:00,0.2843977689778967
2020-06-15 20:33:00,0.3347450810153987
2020-06-15 20:36:00,0.3018489215282898
2020-06-15 20:39:00,0.2954344270333422
2020-06-15 20:42:00,0.31781753404789015
2020-06-15 20:45:00,0.3026396044949706
2020-06-15 20:48:00,0.2405841346421198
2020-06-15 20:51:00,0.33133810052243007
2020-06-15 20:54:00,0.17856029226265946
2020-06-15 20:57:00,0.2568436504526517
2020-06-15 21:00:00,0.25356892826783906
2020-06-15 21:03:00,0.2898152325020078
2020-06-15 21:06:00,0.23988332813650004
2020-06-15 21:09:00,0.22560793403988555
2020-06-15 21:12:00,0.3183215795666001
2020-06-15 21:15:00,0.40264588542868296
2020-06-15 21:18:00,0.36632809729735527
2020-06-15 21:21:00,0.2874946469346469
2020-06-15 21:24:00,0.3563890520987911
2020-06-15 21:27:00,0.354224773043768
2020-06-15 21:30:00,0.2568841701348674
2020-06-15 21:33:00,0.25049841739496514
2020-06-15 21:36:00,0.3582163195198973
2020-06-15 21:39:00,0.30989915780418187
2020-06-15 21:42:00,0.3012701767427757
2020-06-15 21:45:00,0.2849209456856556
2020-06-15 21:48:00,0.3296314302084511
2020-06-15 21:51:00,0.24126314730830245
2020-06-15 21:54:00,0.3372325839018231
2020-06-15 21:57:00,0.3330135764020383
2020-06-15 22:00:00,0.2565626033485273
2020-06-15 22:03:00,0.320233727852667
2020-06-15 22:06:00,0.3585397651158928
2020-06-15 22:09:00,0.28203941448850856
2020-06-15 22:12:00,0.3306609502584479
2020-06-15 22:15:00,0.29829486119217563
2020-06-15 22:18:00,0.343725457818266
2020-06-15 22:21:00,0.24454250564610902
2020-06-15 22:24:00,0.1925805862047696
2020-06-15 22:27:00,0.34598600402074453
2020-06-15 22:30:00,0.37955302950223313
2020-06-15 22:33:00,0.3013120186321885
2020-06-15 22:36:00,0.29753963847622344
2020-06-15 22:39:00,0.3245700143118597
2020-06-15 22:42:00,0.32109777187559985
2020-06-15 22:45:00,0.34846865886805745
2020-06-15 22:48:00,0.29506127108510327
2020-06-15 22:51:00,0.2055612039442849
2020-06-15 22:54:00,0.24450018092340997
2020-06-15 22:57:00,0.2861378150391829
2020-06-15 23:00:00,0.37297895006184945
2020-06-15 23:03:00,0.33718563382780076
2020-06-15 23:06:00,0.39016540631297403
2020-06-15 23:09:00,0.40435905711797204
2020-06-15 23:12:00,0.3819067574067958
2020-06-15 23:15:00,0.36334485219782664
2020-06-15 23:18:00,0.31460969731790556
2020-06-15 23:21:00,0.3183095495224393
2020-06-15 23:24:00,0.28893851341751997
2020-06-15 23:27:00,0.3608642793555532
2020-06-15 23:30:00,0.2728036973119856
2020-06-15 23:33:00,0.265398673323773
2020-06-15 23:36:00,0.4789128292308078
2020-06-15 23:39:00,0.3533794835747699
2020-06-15 23:42:00,0.2913783756395105
2020-06-15 23:45:00,0.33914970172571657
2020-06-15 23:48:00,0.36154271285101913
2020-06-15 23:51:00,0.3338898721379451
2020-06-15 23:54:00,0.43987801904546586
2020-06-15 23:57:00,0.3239676601991732
2020-06-16 00:00:00,0.4625566713573903
2020-06-16 00:03:00,0.2926620695756128
2020-06-16 00:06:00,0.472110858867552
2020-06-16 00:09:00,0.42806013741090965
2020-06-16 00:12:00,0.4838136618866429
2020-06-16 00:15:00,0.4488100781446178
2020-06-16 00:18:00,0.5099055788697342
2020-06-16 00:21:00,0.3668933876597862
2020-06-16 00:24:00,0.4975249281724814
2020-06-16 00:27:00,0.39113703864950367
2020-06-16 00:30:00,0.3679978475717576
2020-06-16 00:33:00,0.3969337156609072
2020-06-16 00:36:00,0.4055457844845023
2020-06-16 00:39:00,0.49610867016315296
2020-06-16 00:42:00,0.40182067707524993
2020-06-16 00:45:00,0.36747789270208386
2020-06-16 00:48:00,0.40953908386183
2020-06-16 00:51:00,0.572752476925416
2020-06-16 00:54:00,0.3884022487245602
2020-06-16 00:57:00,0.38787954590395657
2020-06-16 01:00:00,0.4941323994971185
2020-06-16 01:03:00,0.36647495571992295
2020-06-16 01:06:00,0.36626932935752166
2020-06-16 01:09:00,0.5352409038646897
2020-06-16 01:12:00,0.49073708854228926
2020-06-16 01:15:00,0.4445863629140945
2020-06-16 01:18:00,0.4199024609777098
2020-06-16 01:21:00,0.5214196435919689
2020-06-16 01:24:00,0.5669372163991966
2020-06-16 01:27:00,0.5034728694178057
2020-06-16 01:30:00,0.4371591754417068
2020-06-16 01:33:00,0.46042008066780227
2020-06-16 01:36:00,
2020-06-16 01:39:00,
2020-06-16 01:42:00,
2020-06-16 01:45:00,
2020-06-16 01:48:00,
2020-06-16 01:51:00,
2020-06-16 01:54:00,
2020-06-16 01:57:00,
2020-06-16 02:00:00,
2020-06-16 02:03:00,
2020-06-16 02:06:00,
2020-06-16 02:09:00,
2020-06-16 02:12:00,
2020-06-16 02:15:00,
2020-06-16 02:18:00,
2020-06-16 02:21:00,
2020-06-16 02:24:00,
2020-06-16 02:27:00,
2020-06-16 02:30:00,
2020-06-16 02:33:00,
2020-06-16 02:36:00,
2020-06-16 02:39:00,
2020-06-16 02:42:00,
2020-06-16 02:45:00,
2020-06-16 02:48:00,
2020-06-16 02:51:00,
2020-06-16 02:54:00,
2020-06-16 02:57:00,
2020-06-16 03:00:00,
2020-06-16 03:03:00,
2020-06-16 03:06:00,
2020-06-16 03:09:00,
2020-06-16 03:12:00,
2020-06-16 03:15:00,
2020-06-16 03:18:00,
2020-06-16 03:21:00,
2020-06-16 03:24:00,
2020-06-16 03:27:00,
2020-06-16 03:30:00,
2020-06-16 03:33:00,
2020-06-16 03:36:00,
2020-06-16 03:39:00,
2020-06-16 03:42:00,
2020-06-16 03:45:00,
2020-06-16 03:48:00,
2020-06-16 03:51:00,
2020-06-16 03:54:00,
2020-06-16 03:57:00,
2020-06-16 04:00:00,
2020-06-16 04:03:00,
2020-06-16 04:06:00,
2020-06-16 04:09:00,
2020-06-16 04:12:00,
2020-06-16 04:15:00,
2020-06-16 04:18:00,
2020-06-16 04:21:00,
2020-06-16 04:24:00,
2020-06-16 04:27:00,
2020-06-16 04:30:00,
2020-06-16 04:33:00,
2020-06-16 04:36:00,
2020-06-16 04:39:00,
2020-06-16 04:42:00,
2020-06-16 04:45:00,
2020-06-16 04:48:00,
2020-06-16 04:51:00,
2020-06-16 04:54:00,
2020-06-16 04:57:00,
2020-06-16 05:00:00,
2020-06-16 05:03:00,
2020-06-16 05:06:00,
2020-06-16 05:09:00,
2020-06-16 05:12:00,
2020-06-16 05:15:00,
2020-06-16 05:18:00,
2020-06-16 05:21:00,
2020-06-16 05:24:00,
2020-06-16 05:27:00,
2020-06-16 05:30:00,
2020-06-16 05:33:00,
2020-06-16 05:36:00,
2020-06-16 05:39:00,
2020-06-16 05:42:00,
2020-06-16 05:45:00,
2020-06-16 05:48:00,
2020-06-16 05:51:00,
2020-06-16 05:54:00,
2020-06-16 05:57:00,
2020-06-16 06:00:00,
2020-06-16 06:03:00,
2020-06-16 06:06:00,
2020-06-16 06:09:00,
2020-06-16 06:12:00,
2020-06-16 06:15:00,
2020-06-16 06:18:00,
2020-06-16 06:21:00,
2020-06-16 06:24:00,
2020-06-16 06:27:00,
2020-06-16 06:30:00,
2020-06-16 06:33:00,
2020-06-16 06:36:00,
2020-06-16 06:39:00,
2020-06-16 06:42:00,
2020-06-16 06:45:00,
2020-06-16 06:48:00,
2020-06-16 06:51:00,
2020-06-16 06:54:00,
2020-06-16 06:57:00,
2020-06-16 07:00:00,
2020-06-16 07:03:00,
2020-06-16 07:06:00,
2020-06-16 07:09:00,
2020-06-16 07:12:00,
2020-06-16 07:15:00,
2020-06-16 07:18:00,
2020-06-16 07:21:00,
2020-06-16 07:24:00,
2020-06-16 07:27:00,
2020-06-16 07:30:00,
2020-06-16 07:33:00,
2020-06-16 07:36:00,
2020-06-16 07:39:00,
2020-06-16 07:42:00,
2020-06-16 07:45:00,
2020-06-16 07:48:00,
2020-06-16 07:51:00,
2020-06-16 07:54:00,
2020-06-16 07:57:00,
2020-06-16 08:00:00,
2020-06-16 08:03:00,
2020-06-16 08:06:00,
2020-06-16 08:09:00,
2020-06-16 08:12:00,
2020-06-16 08:15:00,
2020-06-16 08:18:00,
2020-06-16 08:21:00,
2020-06-16 08:24:00,
2020-06-16 08:27:00,
2020-06-16 08:30:00,
2020-06-16 08:33:00,
2020-06-16 08:36:00,
2020-06-16 08:39:00,
2020-06-16 08:42:00,
2020-06-16 08:45:00,
2020-06-16 08:48:00,
2020-06-16 08:51:00,
2020-06-16 08:54:00,
2020-06-16 08:57:00,
2020-06-16 09:00:00,
2020-06-16 09:03:00,
2020-06-16 09:06:00,
2020-06-16 09:09:00,
2020-06-16 09:12:00,
2020-06-16 09:15:00,
2020-06-16 09:18:00,
2020-06-16 09:21:00,
2020-06-16 09:24:00,
2020-06-16 09:27:00,
2020-06-16 09:30:00,
2020-06-16 09:33:00,
2020-06-16 09:36:00,
2020-06-16 09:39:00,
2020-06-16 09:42:00,
2020-06-16 09:45:00,
2020-06-16 09:48:00,
2020-06-16 09:51:00,
2020-06-16 09:54:00,
2020-06-16 09:57:00,
2020-06-16 10:00:00,
2020-06-16 10:03:00,
2020-06-16 10:06:00,
2020-06-16 10:09:00,
2020-06-16 10:12:00,
2020-06-16 10:15:00,
2020-06-16 10:18:00,
2020-06-16 10:21:00,
2020-06-16 10:24:00,
2020-06-16 10:27:00,
2020-06-16 10:30:00,
2020-06-16 10:33:00,
2020-06-16 10:36:00,
2020-06-16 10:39:00,
2020-06-16 10:42:00,
2020-06-16 10:45:00,
2020-06-16 10:48:00,
2020-06-16 10:51:00,
2020-06-16 10:54:00,
2020-06-16 10:57:00,
2020-06-16 11:00:00,
2020-06-16 11:03:00,
2020-06-16 11:06:00,
2020-06-16 11:09:00,
2020-06-16 11:12:00,
2020-06-16 11:15:00,
2020-06-16 11:18:00,
2020-06-16 11:21:00,
2020-06-16 11:24:00,
2020-06-16 11:27:00,
2020-06-16 11:30:00,
2020-06-16 11:33:00,
2020-06-16 11:36:00,
2020-06-16 11:39:00,
2020-06-16 11:42:00,
2020-06-16 11:45:00,
2020-06-16 11:48:00,
2020-06-16 11:51:00,
2020-06-16 11:54:00,
2020-06-16 11:57:00,
2020-06-16 12:00:00,
2020-06-16 12:03:00,
2020-06-16 12:06:00,
2020-06-16 12:09:00,
2020-06-16 12:12:00,
2020-06-16 12:15:00,
2020-06-16 12:18:00,
2020-06-16 12:21:00,
2020-06-16 12:24:00,
2020-06-16 12:27:00,
2020-06-16 12:30:00,
2020-06-16 12:33:00,
2020-06-16 12:36:00,
2020-06-16 12:39:00,
2020-06-16 12:42:00,
2020-06-16 12:45:00,
2020-06-16 12:48:00,
2020-06-16 12:51:00,
2020-06-16 12:54:00,
2020-06-16 12:57:00,
2020-06-16 13:00:00,
2020-06-16 13:03:00,
2020-06-16 13:06:00,
2020-06-16 13:09:00,
2020-06-16 13:12:00,
2020-06-16 13:15:00,
2020-06-16 13:18:00,
2020-06-16 13:21:00,
2020-06-16 13:24:00,
2020-06-16 13:27:00,
2020-06-16 13:30:00,
2020-06-16 13:33:00,
2020-06-16 13:36:00,
2020-06-16 13:39:00,
2020-06-16 13:42:00,
2020-06-16 13:45:00,
2020-06-16 13:48:00,
2020-06-16 13:51:00,
2020-06-16 13:54:00,
2020-06-16 13:57:00,
2020-06-16 14:00:00,
2020-06-16 14:03:00,
2020-06-16 14:06:00,
2020-06-16 14:09:00,
2020-06-16 14:12:00,
2020-06-16 14:15:00,
2020-06-16 14:18:00,
2020-06-16 14:21:00,
2020-06-16 14:24:00,
2020-06-16 14:27:00,
2020-06-16 14:30:00,
2020-06-16 14:33:00,
2020-06-16 14:36:00,
2020-06-16 14:39:00,
2020-06-16 14:42:00,
2020-06-16 14:45:00,
2020-06-16 14:48:00,
2020-06-16 14:51:00,
2020-06-16 14:54:00,
2020-06-16 14:57:00,
2020-06-16 15:00:00,
2020-06-16 15:03:00,
2020-06-16 15:06:00,
2020-06-16 15:09:00,
2020-06-16 15:12:00,
2020-06-16 15:15:00,
2020-06-16 15:18:00,
2020-06-16 15:21:00,
2020-06-16 15:24:00,
2020-06-16 15:27:00,
2020-06-16 15:30:00,
2020-06-16 15:33:00,
2020-06-16 15:36:00,
2020-06-16 15:39:00,
2020-06-16 15:42:00,
2020-06-16 15:45:00,
2020-06-16 15:48:00,
2020-06-16 15:51:00,
2020-06-16 15:54:00,
2020-06-16 15:57:00,
2020-06-16 16:00:00,
2020-06-16 16:03:00,
2020-06-16 16:06:00,
2020-06-16 16:09:00,
2020-06-16 16:12:00,
2020-06-16 16:15:00,
2020-06-16 16:18:00,
2020-06-16 16:21:00,
2020-06-16 16:24:00,
2020-06-16 16:27:00,
2020-06-16 16:30:00,
2020-06-16 16:33:00,
2020-06-16 16:36:00,
2020-06-16 16:39:00,
2020-06-16 16:42:00,
2020-06-16 16:45:00,
2020-06-16 16:48:00,
2020-06-16 16:51:00,
2020-06-16 16:54:00,
2020-06-16 16:57:00,
2020-06-16 17:00:00,
2020-06-16 17:03:00,
2020-06-16 17:06:00,
2020-06-16 17:09:00,
2020-06-16 17:12:00,
2020-06-16 17:15:00,
2020-06-16 17:18:00,
2020-06-16 17:21:00,
2020-06-16 17:24:00,
2020-06-16 17:27:00,
2020-06-16 17:30:00,
2020-06-16 17:33:00,
2020-06-16 17:36:00,
2020-06-16 17:39:00,
2020-06-16 17:42:00,
2020-06-16 17:45:00,
2020-06-16 17:48:00,
2020-06-16 17:51:00,
2020-06-16 17:54:00,
2020-06-16 17:57:00,
2020-06-16 18:00:00,
2020-06-16 18:03:00,
2020-06-16 18:06:00,
2020-06-16 18:09:00,
2020-06-16 18:12:00,
2020-06-16 18:15:00,
2020-06-16 18:18:00,
2020-06-16 18:21:00,
2020-06-16 18:24:00,
2020-06-16 18:27:00,
2020-06-16 18:30:00,
2020-06-16 18:33:00,
2020-06-16 18:36:00,
2020-06-16 18:39:00,
2020-06-16 18:42:00,
2020-06-16 18:45:00,
2020-06-16 18:48:00,
2020-06-16 18:51:00,
2020-06-16 18:54:00,
2020-06-16 18:57:00,
2020-06-16 19:00:00,
2020-06-16 19:03:00,
2020-06-16 19:06:00,
2020-06-16 19:09:00,
2020-06-16 19:12:00,
2020-06-16 19:15:00,
2020-06-16 19:18:00,
2020-06-16 19:21:00,
2020-06-16 19:24:00,
2020-06-16 19:27:00,
2020-06-16 19:30:00,
2020-06-16 19:33:00,
2020-06-16 19:36:00,
2020-06-16 19:39:00,
2020-06-16 19:42:00,
2020-06-16 19:45:00,
2020-06-16 19:48:00,
2020-06-16 19:51:00,
2020-06-16 19:54:00,
2020-06-16 19:57:00,
2020-06-16 20:00:00,
2020-06-16 20:03:00,
2020-06-16 20:06:00,
2020-06-16 20:09:00,
2020-06-16 20:12:00,
2020-06-16 20:15:00,
2020-06-16 20:18:00,
2020-06-16 20:21:00,
2020-06-16 20:24:00,
2020-06-16 20:27:00,
2020-06-16 20:30:00,
2020-06-16 20:33:00,
2020-06-16 20:36:00,
2020-06-16 20:39:00,
2020-06-16 20:42:00,
2020-06-16 20:45:00,
2020-06-16 20:48:00,
2020-06-16 20:51:00,
2020-06-16 20:54:00,
2020-06-16 20:57:00,
2020-06-16 21:00:00,
2020-06-16 21:03:00,
2020-06-16 21:06:00,
2020-06-16 21:09:00,
2020-06-16 21:12:00,
2020-06-16 21:15:00,
2020-06-16 21:18:00,
2020-06-16 21:21:00,
2020-06-16 21:24:00,
2020-06-16 21:27:00,
2020-06-16 21:30:00,
2020-06-16 21:33:00,
2020-06-16 21:36:00,
2020-06-16 21:39:00,
2020-06-16 21:42:00,
2020-06-16 21:45:00,
2020-06-16 21:48:00,
2020-06-16 21:51:00,
2020-06-16 21:54:00,
2020-06-16 21:57:00,
2020-06-16 22:00:00,
2020-06-16 22:03:00,
2020-06-16 22:06:00,
2020-06-16 22:09:00,
2020-06-16 22:12:00,
2020-06-16 22:15:00,
2020-06-16 22:18:00,
2020-06-16 22:21:00,
2020-06-16 22:24:00,
2020-06-16 22:27:00,
2020-06-16 22:30:00,
2020-06-16 22:33:00,
2020-06-16 22:36:00,
2020-06-16 22:39:00,
2020-06-16 22:42:00,
2020-06-16 22:45:00,
2020-06-16 22:48:00,
2020-06-16 22:51:00,
2020-06-16 22:54:00,
2020-06-16 22:57:00,
2020-06-16 23:00:00,
2020-06-16 23:03:00,
2020-06-16 23:06:00,
2020-06-16 23:09:00,
2020-06-16 23:12:00,
2020-06-16 23:15:00,
2020-06-16 23:18:00,
2020-06-16 23:21:00,
2020-06-16 23:24:00,
2020-06-16 23:27:00,
2020-06-16 23:30:00,
2020-06-16 23:33:00,
2020-06-16 23:36:00,
2020-06-16 23:39:00,
2020-06-16 23:42:00,
2020-06-16 23:45:00,
2020-06-16 23:48:00,
2020-06-16 23:51:00,
2020-06-16 23:54:00,
2020-06-16 23:57:00,
2020-06-17 00:00:00,
2020-06-17 00:03:00,
2020-06-17 00:06:00,
2020-06-17 00:09:00,
2020-06-17 00:12:00,
2020-06-17 00:15:00,
2020-06-17 00:18:00,
2020-06-17 00:21:00,
2020-06-17 00:24:00,
2020-06-17 00:27:00,
2020-06-17 00:30:00,
2020-06-17 00:33:00,
2020-06-17 00:36:00,
2020-06-17 00:39:00,
2020-06-17 00:42:00,
2020-06-17 00:45:00,
2020-06-17 00:48:00,
2020-06-17 00:51:00,
2020-06-17 00:54:00,0.3000968305576066
2020-06-17 00:57:00,0.3130665273205864
2020-06-17 01:00:00,0.3738141264474848
2020-06-17 01:03:00,0.4585806699146815
2020-06-17 01:06:00,0.4009083651163792
2020-06-17 01:09:00,0.4051963112946737
2020-06-17 01:12:00,0.4647800324976856
2020-06-17 01:15:00,0.388629695527527
2020-06-17 01:18:00,0.3239233019182848
2020-06-17 01:21:00,0.39550421614251263
2020-06-17 01:24:00,0.33762331180935234
2020-06-17 01:27:00,0.3483955465012514
2020-06-17 01:30:00,0.32922101720242836
2020-06-17 01:33:00,0.283976464718819
2020-06-17 01:36:00,0.2905733471525309
2020-06-17 01:39:00,0.3622743549304914
2020-06-17 01:42:00,0.35006472857986637
2020-06-17 01:45:00,0.3783005914505111
2020-06-17 01:48:00,0.4009629385849962
2020-06-17 01:51:00,0.289889562630151
2020-06-17 01:54:00,0.3802769682154121
2020-06-17 01:57:00,0.39043966883690473
2020-06-17 02:00:00,0.39107691894332675
2020-06-17 02:03:00,0.40646572450077656
2020-06-17 02:06:00,0.4459888752795109
2020-06-17 02:09:00,0.26187648326953195
2020-06-17 02:12:00,0.32110384421321214
2020-06-17 02:15:00,0.3630573723470434
2020-06-17 02:18:00,0.2823164763486261
2020-06-17 02:21:00,0.34032858290964896
2020-06-17 02:24:00,0.3318666647945747
2020-06-17 02:27:00,0.39010771320113236
2020-06-17 02:30:00,0.38509173489262594
2020-06-17 02:33:00,0.42123483241886106
2020-06-17 02:36:00,0.4348551790549209
2020-06-17 02:39:00,0.4262345714415119
2020-06-17 02:42:00,0.3675738368095267
2020-06-17 02:45:00,0.41315314500053546
2020-06-17 02:48:00,0.3667130160893066
2020-06-17 02:51:00,0.41987058504565766
2020-06-17 02:54:00,0.3721257501828177
2020-06-17 02:57:00,0.2540153601993893
2020-06-17 03:00:00,0.28275489701280776
2020-06-17 03:03:00,0.3232945088767565
2020-06-17 03:06:00,0.35078020537292787
2020-06-17 03:09:00,0.43763681268956134
2020-06-17 03:12:00,0.36523168904966496
2020-06-17 03:15:00,0.35771531154409786
2020-06-17 03:18:00,0.4344662855612569
2020-06-17 03:21:00,0.38732715749506497
2020-06-17 03:24:00,0.4161257480308791
2020-06-17 03:27:00,0.40780192382817404
2020-06-17 03:30:00,0.38333075149000706
2020-06-17 03:33:00,0.36015739014999326
2020-06-17 03:36:00,0.30451636737205945
2020-06-17 03:39:00,0.3571389025645999
2020-06-17 03:42:00,0.3233193486043433
2020-06-17 03:45:00,0.31736961950571185
2020-06-17 03:48:00,0.33185669427422226
2020-06-17 03:51:00,0.41478715936858634
2020-06-17 03:54:00,0.4112871759187442
2020-06-17 03:57:00,0.25643449320858736
2020-06-17 04:00:00,0.41103639969855976
2020-06-17 04:03:00,0.38680534915556564
2020-06-17 04:06:00,0.39342660615602654
2020-06-17 04:09:00,0.47439540091846766
2020-06-17 04:12:00,0.356856083856826
2020-06-17 04:15:00,0.2954776695387409
2020-06-17 04:18:00,0.37539431029051684
2020-06-17 04:21:00,0.4597442806440881
2020-06-17 04:24:00,0.4268923561422753
2020-06-17 04:27:00,0.40841902119541373
2020-06-17 04:30:00,0.3272962909153989
2020-06-17 04:33:00,0.4147115857837207
2020-06-17 04:36:00,0.3951816356276936
2020-06-17 04:39:00,0.27272611871313757
2020-06-17 04:42:00,0.34266036674233646
2020-06-17 04:45:00,0.24420882366206342
2020-06-17 04:48:00,0.31769357682787813
2020-06-17 04:51:00,0.4683996548047844
2020-06-17 04:54:00,0.3305722373738149
2020-06-17 04:57:00,0.25776991798977633
2020-06-17 05:00:00,0.3757990157025688
2020-06-17 05:03:00,0.33108452753805295
2020-06-17 05:06:00,0.315906568323328
2020-06-17 05:09:00,0.34408072269047807
2020-06-17 05:12:00,0.2561465667315588
2020-06-17 05:15:00,0.35655822025574935
2020-06-17 05:18:00,0.3901524137069714
2020-06-17 05:21:00,0.3763322068120942
2020-06-17 05:24:00,0.38786176631538183
2020-06-17 05:27:00,0.35910356280800215
2020-06-17 05:30:00,0.36680897851931604
2020-06-17 05:33:00,0.36030662122072954
2020-06-17 05:36:00,0.3410003414373932
2020-06-17 05:39:00,0.43663281469389403
2020-06-17 05:42:00,0.3811638656772516
2020-06-17 05:45:00,0.23790509544028282
2020-06-17 05:48:00,0.37203837174848786
2020-06-17 05:51:00,0.38330168903303274
2020-06-17 05:54:00,0.39203371898480555
2020-06-17 05:57:00,0.4141887435696958
2020-06-17 06:00:00,0.34805814504039745
2020-06-17 06:03:00,0.41787280693426965
2020-06-17 06:06:00,0.35469806271333937
2020-06-17 06:09:00,0.3335645649302137
2020-06-17 06:12:00,0.37466257420629745
2020-06-17 06:15:00,0.3119978863111328
2020-06-17 06:18:00,0.36408482205393966
2020-06-17 06:21:00,0.3459644521391283
2020-06-17 06:24:00,0.36513372048096926
2020-06-17 06:27:00,0.31697939352307003
2020-06-17 06:30:00,0.2675536133929768
2020-06-17 06:33:00,0.3079678988485739
2020-06-17 06:36:00,0.38090325173459405
2020-06-17 06:39:00,0.3594150353457053
2020-06-17 06:42:00,0.3192854228574902
2020-06-17 06:45:00,0.32489140966396235
2020-06-17 06:48:00,0.3835579007995875
2020-06-17 06:51:00,0.45617695386374635
2020-06-17 06:54:00,0.3173835612303151
2020-06-17 06:57:00,0.3431365324527178
2020-06-17 07:00:00,0.32702304234641133
2020-06-17 07:03:00,0.2527407006972453
2020-06-17 07:06:00,0.30084085347778
2020-06-17 07:09:00,0.3056126275223505
2020-06-17 07:12:00,0.3068767813414297
2020-06-17 07:15:00,0.20541334932875088
2020-06-17 07:18:00,0.3119984587872864
2020-06-17 07:21:00,0.3243398438177678
2020-06-17 07:24:00,0.33451347799967834
2020-06-17 07:27:00,0.44106782318863225
2020-06-17 07:30:00,0.314347822683942
2020-06-17 07:33:00,0.3874427052871283
2020-06-17 07:36:00,0.3245581738319743
2020-06-17 07:39:00,0.36967244493723683
2020-06-17 07:42:00,0.29896819887642323
2020-06-17 07:45:00,0.2819652261821375
2020-06-17 07:48:00,0.30834480221164995
2020-06-17 07:51:00,0.3078813592968004
2020-06-17 07:54:00,0.30645366822648157
2020-06-17 07:57:00,0.38747980791504233
2020-06-17 08:00:00,0.36811355033836435
2020-06-17 08:03:00,0.30976593045795653
2020-06-17 08:06:00,0.26839123014593724
2020-06-17 08:09:00,0.3471464368217312
2020-06-17 08:12:00,0.2967579638327038
2020-06-17 08:15:00,0.19301917683088732
2020-06-17 08:18:00,0.24499172537497316
2020-06-17 08:21:00,0.23685622149446317
2020-06-17 08:24:00,0.2560206778410361
2020-06-17 08:27:00,0.2160125230955714
2020-06-17 08:30:00,0.25764010183308983
2020-06-17 08:33:00,0.21788413849139943
2020-06-17 08:36:00,0.27149782194493355
2020-06-17 08:39:00,0.15647088381814456
2020-06-17 08:42:00,0.14880608699957065
2020-06-17 08:45:00,0.19861318712793263
2020-06-17 08:48:00,0.12947968541436694
2020-06-17 08:51:00,0.24165983213526943
2020-06-17 08:54:00,0.21456325186909453
2020-06-17 08:57:00,0.14764796353557585
2020-06-17 09:00:00,0.09909215966052898
2020-06-17 09:03:00,0.15818416858587625
2020-06-17 09:06:00,0.20933864032673455
2020-06-17 09:09:00,0.0554711591009891
2020-06-17 09:12:00,0.10372723827322261
2020-06-17 09:15:00,0.19148551896006438
2020-06-17 09:18:00,0.15287691664258318
2020-06-17 09:21:00,0.2502779391719514
2020-06-17 09:24:00,0.09290657881422248
2020-06-17 09:27:00,0.048767009770813274
2020-06-17 09:30:00,0.1229220371253632
2020-06-17 09:33:00,0.16860742992327005
2020-06-17 09:36:00,0.06815804162522454
2020-06-17 09:39:00,0.11120553722884097
2020-06-17 09:42:00,0.07469145825308487
2020-06-17 09:45:00,0.08094039411594167
2020-06-17 09:48:00,0.051629884522924385
2020-06-17 09:51:00,0.08650887879980473
2020-06-17 09:54:00,0.0682394453920665
2020-06-17 09:57:00,0.07405415242817526
2020-06-17 10:00:00,0.1141106796763438
2020-06-17 10:03:00,0.04552238214824911
2020-06-17 10:06:00,0.11583467071301357
2020-06-17 10:09:00,0.00970639379977456
2020-06-17 10:12:00,0.00012047313094853962
2020-06-17 10:15:00,-0.0519085164857529
2020-06-17 10:18:00,0.01462002991610234
2020-06-17 10:21:00,0.05210671368365638
2020-06-17 10:24:00,0.10870033290376568
2020-06-17 10:27:00,0.08921275123458372
2020-06-17 10:30:00,0.08940926977498975
2020-06-17 10:33:00,0.16130694845179505
2020-06-17 10:36:00,0.28866398687642914
2020-06-17 10:39:00,0.257992533483673
2020-06-17 10:42:00,0.15627531230052227
2020-06-17 10:45:00,0.2239220245286333
2020-06-17 10:48:00,0.2795759538880134
2020-06-17 10:51:00,0.2924320146694299
2020-06-17 10:54:00,0.2322576906261702
2020-06-17 10:57:00,0.2636765885779937
2020-06-17 11:00:00,0.2039003926485634
2020-06-17 11:03:00,0.31771920639204154
2020-06-17 11:06:00,0.38031836991433465
2020-06-17 11:09:00,0.32461659326713743
2020-06-17 11:12:00,0.37155095339699074
2020-06-17 11:15:00,0.3827967066235374
2020-06-17 11:18:00,0.3380452350036194
2020-06-17 11:21:00,0.307353545097385
2020-06-17 11:24:00,0.19486593491012627
2020-06-17 11:27:00,0.20569252859132803
2020-06-17 11:30:00,0.22157287677015347
2020-06-17 11:33:00,0.2007470175710182
2020-06-17 11:36:00,0.19699245235159424
2020-06-17 11:39:00,0.08469521574426153
2020-06-17 11:42:00,0.13677225475589694
2020-06-17 11:45:00,0.03708355852455725
2020-06-17 11:48:00,0.020071801512699494
2020-06-17 11:51:00,0.11769647516416626
2020-06-17 11:54:00,0.12528962259477794
2020-06-17 11:57:00,0.11187913204958022
2020-06-17 12:00:00,0.14883237633591762
2020-06-17 12:03:00,0.12377429706185694
2020-06-17 12:06:00,0.1730889020417976
2020-06-17 12:09:00,0.0916882205725642
2020-06-17 12:12:00,0.2235734103974778
2020-06-17 12:15:00,0.10709325839417261
2020-06-17 12:18:00,0.1457522106082365
2020-06-17 12:21:00,0.1375191056116023
2020-06-17 12:24:00,0.12261734934963897
2020-06-17 12:27:00,0.14445745985051417
2020-06-17 12:30:00,0.2137901503796229
2020-06-17 12:33:00,0.05949332901644766
2020-06-17 12:36:00,0.13765245176006147
2020-06-17 12:39:00,0.07027587082859554
2020-06-17 12:42:00,0.1526716429165731
2020-06-17 12:45:00,0.14137337505667347
2020-06-17 12:48:00,0.23085377363730686
2020-06-17 12:51:00,0.16080405272049347
2020-06-17 12:54:00,0.15577840495933515
2020-06-17 12:57:00,0.22129457092665916
2020-06-17 13:00:00,0.21768005464934959
2020-06-17 13:03:00,0.25037729740319037
2020-06-17 13:06:00,0.14188729014585988
2020-06-17 13:09:00,0.1791149362310307
2020-06-17 13:12:00,0.0701548063420887
2020-06-17 13:15:00,0.1740709878218354
2020-06-17 13:18:00,0.12383122577875838
2020-06-17 13:21:00,0.20463748900323253
2020-06-17 13:24:00,0.11229115554692726
2020-06-17 13:27:00,0.003980770856173876
2020-06-17 13:30:00,0.18978240092957321
2020-06-17 13:33:00,0.01463959288236083
2020-06-17 13:36:00,0.10047724668930869
2020-06-17 13:39:00,0.09572325035372842
2020-06-17 13:42:00,0.06301599186434714
2020-06-17 13:45:00,0.12369558168563799
2020-06-17 13:48:00,0.12996083447347928
2020-06-17 13:51:00,0.011941928239480148
2020-06-17 13:54:00,0.036924275076898994
2020-06-17 13:57:00,0.07910603892423751
2020-06-17 14:00:00,0.08782051734584684
2020-06-17 14:03:00,0.08360422696847536
2020-06-17 14:06:00,0.16375097431870245
2020-06-17 14:09:00,-0.04205790440022383
2020-06-17 14:12:00,-0.01430582226015531
2020-06-17 14:15:00,0.056498579236802016
2020-06-17 14:18:00,0.029495934081637643
2020-06-17 14:21:00,0.043693876185955105
2020-06-17 14:24:00,0.003578576798929589
2020-06-17 14:27:00,0.005277335150651652
2020-06-17 14:30:00,-0.03122365688852824
2020-06-17 14:33:00,-0.017609818639812147
2020-06-17 14:36:00,-0.036817393223714134
2020-06-17 14:39:00,0.06310235494458993
2020-06-17 14:42:00,0.04927746750223605
2020-06-17 14:45:00,-0.09160360676145274
2020-06-17 14:48:00,0.08757931297941468
2020-06-17 14:51:00,-0.031014928482818505
2020-06-17 14:54:00,0.07408750694241917
2020-06-17 14:57:00,0.01793606410086568
2020-06-17 15:00:00,0.010977784296699156
2020-06-17 15:03:00,0.0003739989811037958
2020-06-17 15:06:00,-0.014480103691880686
2020-06-17 15:09:00,0.004247574605926729
2020-06-17 15:12:00,0.06707790894398613
2020-06-17 15:15:00,-0.022362757636244623
2020-06-17 15:18:00,0.012352774497742303
2020-06-17 15:21:00,-0.1621556524468133
2020-06-17 15:24:00,-0.04834772954086475
2020-06-17 15:27:00,-0.039110246800817094
2020-06-17 15:30:00,-0.08668428253292859
2020-06-17 15:33:00,-0.05233867350284527
2020-06-17 15:36:00,-0.048884324519406164
2020-06-17 15:39:00,-0.0473927265866223
2020-06-17 15:42:00,-0.06988161758323486
2020-06-17 15:45:00,-0.05113252870319229
2020-06-17 15:48:00,-0.10098518993311245
2020-06-17 15:51:00,-0.21084095287773152
2020-06-17 15:54:00,-0.14326525867784312
2020-06-17 15:57:00,-0.14592461830949333
2020-06-17 16:00:00,-0.1520245415436534
2020-06-17 16:03:00,-0.12975285506234968
2020-06-17 16:06:00,-0.17940167226197445
2020-06-17 16:09:00,-0.14248028382155553
2020-06-17 16:12:00,-0.1365908255313002
2020-06-17 16:15:00,-0.20055569576214793
2020-06-17 16:18:00,-0.15091202286089356
2020-06-17 16:21:00,-0.2049002170610379
2020-06-17 16:24:00,-0.17545866550329947
2020-06-17 16:27:00,-0.1568021962206103
2020-06-17 16:30:00,-0.18896453565344018
2020-06-17 16:33:00,-0.21616171599248446
2020-06-17 16:36:00,-0.18766638634843957
2020-06-17 16:39:00,-0.10540041551797685
2020-06-17 16:42:00,-0.14327170831290914
2020-06-17 16:45:00,-0.16683866211553777
2020-06-17 16:48:00,-0.2339028445379654
2020-06-17 16:51:00,-0.1822789957930695
2020-06-17 16:54:00,-0.15557749680050392
2020-06-17 16:57:00,-0.13890960593687396
2020-06-17 17:00:00,-0.23469926325668666
2020-06-17 17:03:00,-0.12191917578127232
2020-06-17 17:06:00,-0.08964851971126109
2020-06-17 17:09:00,-0.1372465104752223
2020-06-17 17:12:00,-0.20784657753426927
2020-06-17 17:15:00,-0.15978805288409603
2020-06-17 17:18:00,-0.19747096486213422
2020-06-17 17:21:00,-0.1728618836918372
2020-06-17 17:24:00,-0.13334135962657
2020-06-17 17:27:00,-0.11906639461130908
2020-06-17 17:30:00,-0.2269263664755954
2020-06-17 17:33:00,-0.1053133230315666
2020-06-17 17:36:00,-0.17011338675183652
2020-06-17 17:39:00,-0.15544470643766317
2020-06-17 17:42:00,-0.18659262781216057
2020-06-17 17:45:00,-0.2084914697899194
2020-06-17 17:48:00,-0.1980257785673416
2020-06-17 17:51:00,-0.17275817388275527
2020-06-17 17:54:00,-0.19956153444331903
2020-06-17 17:57:00,-0.10013560350284934
2020-06-17 18:00:00,-0.028895212977317897
2020-06-17 18:03:00,-0.05523085222989721
2020-06-17 18:06:00,-0.10312317451922581
2020-06-17 18:09:00,-0.07239524875569714
2020-06-17 18:12:00,-0.13053921509316524
2020-06-17 18:15:00,-0.20262478323371624
2020-06-17 18:18:00,-0.1778706721800063
2020-06-17 18:21:00,-0.12421970170908025
2020-06-17 18:24:00,-0.09087304470710933
2020-06-17 18:27:00,0.045187509197148756
2020-06-17 18:30:00,-0.16034130926544776
2020-06-17 18:33:00,-0.09656923377525573
2020-06-17 18:36:00,0.05462850433809763
2020-06-17 18:39:00,-0.148523328113356
2020-06-17 18:42:00,-0.010293254619796244
2020-06-17 18:45:00,-0.05717573499578066
2020-06-17 18:48:00,0.059574071411304885
2020-06-17 18:51:00,0.1379752843270694
2020-06-17 18:54:00,
2020-06-17 18:57:00,
2020-06-17 19:00:00,
2020-06-17 19:03:00,-0.07941855645424312
2020-06-17 19:06:00,-0.00304437925944967
2020-06-17 19:09:00,0.0033499835362817976
2020-06-17 19:12:00,-0.053974540242279545
2020-06-17 19:15:00,0.10331599689544646
2020-06-17 19:18:00,0.10371562874615847
2020-06-17 19:21:00,0.08629972578052048
2020-06-17 19:24:00,0.11546414689672702
2020-06-17 19:27:00,0.08943093542274028
2020-06-17 19:30:00,0.08796027705182041
2020-06-17 19:33:00,0.1993201296749021
2020-06-17 19:36:00,0.0792912279220559
2020-06-17 19:39:00,0.10652370706134207
2020-06-17 19:42:00,0.12910765605982988
2020-06-17 19:45:00,0.0861250489624581
2020-06-17 19:48:00,0.09069088165347239
2020-06-17 19:51:00,0.10599121347468099
2020-06-17 19:54:00,0.13666700436220935
2020-06-17 19:57:00,0.14353627419865234
2020-06-17 20:00:00,0.11591029272915421
2020-06-17 20:03:00,0.08911301416929973
2020-06-17 20:06:00,0.10092541369988339
2020-06-17 20:09:00,0.17949763105428929
2020-06-17 20:12:00,0.1624253720882507
2020-06-17 20:15:00,0.12445193192951365
2020-06-17 20:18:00,0.14485532842860493
2020-06-17 20:21:00,0.2291848706401538
2020-06-17 20:24:00,0.1536683370579226
2020-06-17 20:27:00,0.06284769407392332
2020-06-17 20:30:00,0.16794637000424473
2020-06-17 20:33:00,0.18315649046644467
2020-06-17 20:36:00,0.061838998999292016
2020-06-17 20:39:00,0.2162228437482554
2020-06-17 20:42:00,0.16545274215314976
2020-06-17 20:45:00,0.19367820701955907
2020-06-17 20:48:00,0.12584041984200667
2020-06-17 20:51:00,0.217200122231759
2020-06-17 20:54:00,0.11674256983286568
2020-06-17 20:57:00,0.15993815687539836
2020-06-17 21:00:00,0.1522511180974675
2020-06-17 21:03:00,0.19141244154661763
2020-06-17 21:06:00,0.17374398891342935
2020-06-17 21:09:00,0.16135689022468114
2020-06-17 21:12:00,0.2223917030262328
2020-06-17 21:15:00,0.08276017028117622
2020-06-17 21:18:00,0.11961971536243254
2020-06-17 21:21:00,0.14262591943838743
2020-06-17 21:24:00,0.04958617065750559
2020-06-17 21:27:00,0.167546677057544
2020-06-17 21:30:00,0.17965911096786158
2020-06-17 21:33:00,0.061660801024970624
2020-06-17 21:36:00,0.12489118697357071
2020-06-17 21:39:00,0.11271540965157101
2020-06-17 21:42:00,0.14284342823555107
2020-06-17 21:45:00,0.13497446699511784
2020-06-17 21:48:00,0.15529049979664933
2020-06-17 21:51:00,0.09543438761102152
2020-06-17 21:54:00,0.1333655631048032
2020-06-17 21:57:00,0.15955534727095255
2020-06-17 22:00:00,0.1059177071787758
2020-06-17 22:03:00,0.16260273060663621
2020-06-17 22:06:00,0.11174655182384186
2020-06-17 22:09:00,0.21229444093398797
2020-06-17 22:12:00,0.08657127408821452
2020-06-17 22:15:00,0.14252277218923837
2020-06-17 22:18:00,0.15501046457575285
2020-06-17 22:21:00,0.1351547519603855
2020-06-17 22:24:00,0.2973878433954269
2020-06-17 22:27:00,0.18511715135798568
2020-06-17 22:30:00,0.16753540861054717
2020-06-17 22:33:00,0.2951898391103782
2020-06-17 22:36:00,0.16404639314788483
2020-06-17 22:39:00,0.22875903078295323
2020-06-17 22:42:00,0.1545712249810549
2020-06-17 22:45:00,0.19004560306933627
2020-06-17 22:48:00,0.18909890717878852
2020-06-17 22:51:00,0.24128997678769792
2020-06-17 22:54:00,0.038698556436543186
2020-06-17 22:57:00,0.23061728524845648
2020-06-17 23:00:00,0.2489647565250266
2020-06-17 23:03:00,0.07752382985785289
2020-06-17 23:06:00,0.12202453757339526
2020-06-17 23:09:00,0.13700291881576732
2020-06-17 23:12:00,0.18215134522614562
2020-06-17 23:15:00,0.11143443323817337
2020-06-17 23:18:00,0.03320912768066364
2020-06-17 23:21:00,0.21959441197628848
2020-06-17 23:24:00,0.25656359632273507
2020-06-17 23:27:00,0.1453734922246781
2020-06-17 23:30:00,0.0923942577944672
2020-06-17 23:33:00,0.14991390580229336
2020-06-17 23:36:00,0.12756627521019936
2020-06-17 23:39:00,0.21441001120632563
2020-06-17 23:42:00,0.2493676336953854
2020-06-17 23:45:00,0.09931494989115208
2020-06-17 23:48:00,0.22723013330556796
2020-06-17 23:51:00,0.23391844074546952
2020-06-17 23:54:00,0.170216309208854
2020-06-17 23:57:00,0.23254944486160412
2020-06-18 00:00:00,0.082858809207778
2020-06-18 00:03:00,0.19579974685274237
2020-06-18 00:06:00,0.24429956298558864
2020-06-18 00:09:00,0.1509413446511303
2020-06-18 00:12:00,0.213621513315843
2020-06-18 00:15:00,0.1874897223010521
2020-06-18 00:18:00,0.26945891349186013
2020-06-18 00:21:00,0.2439166544196496
2020-06-18 00:24:00,0.1205231622861902
2020-06-18 00:27:00,0.27138144094521977
2020-06-18 00:30:00,0.33402144437053494
2020-06-18 00:33:00,0.21834643152214994
2020-06-18 00:36:00,0.2500176184420866
2020-06-18 00:39:00,0.22210592288632824
2020-06-18 00:42:00,0.25578794169098273
2020-06-18 00:45:00,0.2608152916973836
2020-06-18 00:48:00,0.282414680649822
2020-06-18 00:51:00,0.22180277736032394
2020-06-18 00:54:00,0.26943838710508317
2020-06-18 00:57:00,0.30211204499727273
2020-06-18 01:00:00,0.39456143040672487
2020-06-18 01:03:00,0.29685473564404674
2020-06-18 01:06:00,0.3190558849115632
2020-06-18 01:09:00,0.23895759896186064
2020-06-18 01:12:00,0.25139638153109445
2020-06-18 01:15:00,0.2322592652514004
2020-06-18 01:18:00,0.2911173889218617
2020-06-18 01:21:00,0.1768916614776117
2020-06-18 01:24:00,0.16016131271129552
2020-06-18 01:27:00,0.27750912824086527
2020-06-18 01:30:00,0.2209517325764523
2020-06-18 01:33:00,0.2897179279978559
2020-06-18 01:36:00,0.23117344690740538
2020-06-18 01:39:00,0.2420669718235331
2020-06-18 01:42:00,0.2655926039445262
2020-06-18 01:45:00,0.2952101062400061
2020-06-18 01:48:00,0.17952945729621206
2020-06-18 01:51:00,0.17149576762841434
2020-06-18 01:54:00,0.25331248358099856
2020-06-18 01:57:00,0.21251499046707067
2020-06-18 02:00:00,0.1886815240796409
2020-06-18 02:03:00,0.3047364806626547
2020-06-18 02:06:00,0.35272261885842227
2020-06-18 02:09:00,0.18755549584233222
2020-06-18 02:12:00,0.226437928018413
2020-06-18 02:15:00,0.26649647857880154
2020-06-18 02:18:00,0.1224926770833008
2020-06-18 02:21:00,0.27346815605011443
2020-06-18 02:24:00,0.3105278704187526
2020-06-18 02:27:00,0.23461299104019417
2020-06-18 02:30:00,0.32151896410238123
2020-06-18 02:33:00,0.247510222158553
2020-06-18 02:36:00,0.27335321501919907
2020-06-18 02:39:00,0.22048926538383284
2020-06-18 02:42:00,0.30060050414954276
2020-06-18 02:45:00,0.3489468833475371
2020-06-18 02:48:00,0.3138574811702597
2020-06-18 02:51:00,0.40357931241055667
2020-06-18 02:54:00,0.31347314902711787
2020-06-18 02:57:00,0.27076771111404696
2020-06-18 03:00:00,0.2795151606586046
2020-06-18 03:03:00,0.4093010122959413
2020-06-18 03:06:00,0.29666804377364997
2020-06-18 03:09:00,0.20198831749871715
2020-06-18 03:12:00,0.23026165329105197
2020-06-18 03:15:00,0.27865371539064654
2020-06-18 03:18:00,0.2147392077010295
2020-06-18 03:21:00,0.29952960010098195
2020-06-18 03:24:00,0.29073256757652644
2020-06-18 03:27:00,0.3231284335498117
2020-06-18 03:30:00,0.28226641819452425
2020-06-18 03:33:00,0.3632478272290314
2020-06-18 03:36:00,0.2295358341614815
2020-06-18 03:39:00,0.21533934660129717
2020-06-18 03:42:00,0.26087908212349475
2020-06-18 03:45:00,0.3366218135223562
2020-06-18 03:48:00,0.30269040074472287
2020-06-18 03:51:00,0.3016454419120578
2020-06-18 03:54:00,0.21447260380000444
2020-06-18 03:57:00,0.32267236851510006
2020-06-18 04:00:00,0.19089061939746443
2020-06-18 04:03:00,0.21910113639341944
2020-06-18 04:06:00,0.30367084844073133
2020-06-18 04:09:00,0.30933931618324095
2020-06-18 04:12:00,0.326146756696744
2020-06-18 04:15:00,0.19904929282273542
2020-06-18 04:18:00,0.3552184623671337
2020-06-18 04:21:00,0.3879753046730343
2020-06-18 04:24:00,0.3301333587748445
2020-06-18 04:27:00,0.2926485435406221
2020-06-18 04:30:00,0.26171965773340844
2020-06-18 04:33:00,0.3113873789649233
2020-06-18 04:36:00,0.23386412172089877
2020-06-18 04:39:00,0.259498497038976
2020-06-18 04:42:00,0.3173884731413068
2020-06-18 04:45:00,0.28106599769142804
2020-06-18 04:48:00,0.36816958270901523
2020-06-18 04:51:00,0.4447174223479351
2020-06-18 04:54:00,0.39416795226719614
2020-06-18 04:57:00,0.2740065018975315
2020-06-18 05:00:00,0.39414146631287394
2020-06-18 05:03:00,0.35405418127567145
2020-06-18 05:06:00,0.26625150974217604
2020-06-18 05:09:00,0.33605649265592774
2020-06-18 05:12:00,0.3250305902818127
2020-06-18 05:15:00,0.24099513235137238
2020-06-18 05:18:00,0.3400347894795459
2020-06-18 05:21:00,0.2731616596283857
2020-06-18 05:24:00,0.28829130628423627
2020-06-18 05:27:00,0.4265753802898189
2020-06-18 05:30:00,0.3991090547178828
2020-06-18 05:33:00,0.1944823578648993
2020-06-18 05:36:00,0.2702209767098793
2020-06-18 05:39:00,0.3015742823619121
2020-06-18 05:42:00,0.22423665528867787
2020-06-18 05:45:00,0.2595621923484259
2020-06-18 05:48:00,0.44180866314394507
2020-06-18 05:51:00,0.3355599184540665
2020-06-18 05:54:00,0.21260677358253588
2020-06-18 05:57:00,0.3670006876947127
2020-06-18 06:00:00,0.2237602005632766
2020-06-18 06:03:00,0.33252269002628054
2020-06-18 06:06:00,0.24086115553967602
2020-06-18 06:09:00,0.405772990007506
2020-06-18 06:12:00,0.28496860527354784
2020-06-18 06:15:00,0.40644187136336996
2020-06-18 06:18:00,0.2461335146386432
2020-06-18 06:21:00,0.25987973847503554
2020-06-18 06:24:00,0.4507552192232538
2020-06-18 06:27:00,0.37660286366087803
2020-06-18 06:30:00,0.3810974621450214
2020-06-18 06:33:00,0.3343452703558114
2020-06-18 06:36:00,0.30906818378423395
2020-06-18 06:39:00,0.3810462827128731
2020-06-18 06:42:00,0.37248298513929967
2020-06-18 06:45:00,0.42363379407140656
2020-06-18 06:48:00,0.26018752365018827
2020-06-18 06:51:00,0.3220415322007284
2020-06-18 06:54:00,0.27622256176118754
2020-06-18 06:57:00,0.29809668110289067
2020-06-18 07:00:00,0.34021108837532665
2020-06-18 07:03:00,0.3529749321982081
2020-06-18 07:06:00,0.3616669481491499
2020-06-18 07:09:00,0.2005720747010855
2020-06-18 07:12:00,0.21624446432554123
2020-06-18 07:15:00,0.3059077110643216
2020-06-18 07:18:00,0.2860344681808442
2020-06-18 07:21:00,0.35258962917163217
2020-06-18 07:24:00,0.25768939996163454
2020-06-18 07:27:00,0.3382116880225112
2020-06-18 07:30:00,0.28762076733301
2020-06-18 07:33:00,0.3373344630937254
2020-06-18 07:36:00,0.2947199700274723
2020-06-18 07:39:00,0.3660488694598598
2020-06-18 07:42:00,0.4250514524969162
2020-06-18 07:45:00,0.26846512961617464
2020-06-18 07:48:00,0.3071784458458069
2020-06-18 07:51:00,0.19913450944312672
2020-06-18 07:54:00,0.24415464247317686
2020-06-18 07:57:00,0.2935292108929275
2020-06-18 08:00:00,0.16528567831062446
2020-06-18 08:03:00,0.3207080311828463
2020-06-18 08:06:00,0.3122165185017707
2020-06-18 08:09:00,0.2312988789371957
2020-06-18 08:12:00,0.2732211976118606
2020-06-18 08:15:00,0.20426750469306398
2020-06-18 08:18:00,0.15354446420514023
2020-06-18 08:21:00,0.16809437360177526
2020-06-18 08:24:00,0.280521240374469
2020-06-18 08:27:00,0.2477901815975656
2020-06-18 08:30:00,0.14700822678167924
2020-06-18 08:33:00,0.2917048809088669
2020-06-18 08:36:00,0.08017408729841691
2020-06-18 08:39:00,0.12737450491522395
2020-06-18 08:42:00,0.13765939623692702
2020-06-18 08:45:00,0.18024820012982445
2020-06-18 08:48:00,0.22683641887113026
2020-06-18 08:51:00,0.13509089495295257
2020-06-18 08:54:00,0.07096794103779303
2020-06-18 08:57:00,0.10935269708454598
2020-06-18 09:00:00,0.06471614455091412
2020-06-18 09:03:00,0.13479387953231026
2020-06-18 09:06:00,0.11657274230935855
2020-06-18 09:09:00,0.12986795183797994
2020-06-18 09:12:00,0.09169827215049509
2020-06-18 09:15:00,0.1027365398365987
2020-06-18 09:18:00,0.02501652575335811
2020-06-18 09:21:00,0.05187989243484026
2020-06-18 09:24:00,0.060563149504332614
2020-06-18 09:27:00,0.05715236515544575
2020-06-18 09:30:00,0.041070283144279074
2020-06-18 09:33:00,0.0031916156872284773
2020-06-18 09:36:00,0.006370669436591925
2020-06-18 09:39:00,-0.010569253855408078
2020-06-18 09:42:00,-0.013542995500699817
2020-06-18 09:45:00,-0.07193159582578801
2020-06-18 09:48:00,-0.051286529445405904
2020-06-18 09:51:00,-0.054883272249412585
2020-06-18 09:54:00,0.05759243227345223
2020-06-18 09:57:00,-0.0773814801080448
2020-06-18 10:00:00,-0.09677376954863348
2020-06-18 10:03:00,-0.013808264040619633
2020-06-18 10:06:00,-0.033656626680681256
2020-06-18 10:09:00,-0.04254337467693858
2020-06-18 10:12:00,-0.14332256799036713
2020-06-18 10:15:00,-0.05260307936077879
2020-06-18 10:18:00,-0.008681072504089116
2020-06-18 10:21:00,-0.1856924382977354
2020-06-18 10:24:00,-0.25116410058831207
2020-06-18 10:27:00,-0.26159420240207965
2020-06-18 10:30:00,-0.06156862320182199
2020-06-18 10:33:00,-0.14368210023269512
2020-06-18 10:36:00,-0.1272503302884047
2020-06-18 10:39:00,-0.22062498789989604
2020-06-18 10:42:00,-0.23428766321569583
2020-06-18 10:45:00,-0.19893701568514643
2020-06-18 10:48:00,-0.25148145613883344
2020-06-18 10:51:00,-0.14966282503849015
2020-06-18 10:54:00,-0.3106017714296172
2020-06-18 10:57:00,-0.23852646147361156
2020-06-18 11:00:00,-0.22652471274983554
2020-06-18 11:03:00,-0.224624851431372
2020-06-18 11:06:00,-0.28744183128702616
2020-06-18 11:09:00,-0.31615031016934836
2020-06-18 11:12:00,-0.13702776046528697
2020-06-18 11:15:00,-0.2292155127549904
2020-06-18 11:18:00,-0.1482323772777363
2020-06-18 11:21:00,-0.15195713030738034
2020-06-18 11:24:00,-0.2650933640342146
2020-06-18 11:27:00,-0.3411270535697213
2020-06-18 11:30:00,-0.303925831198228
2020-06-18 11:33:00,-0.23167776310083354
2020-06-18 11:36:00,-0.2689738344795387
2020-06-18 11:39:00,-0.20716664241854232
2020-06-18 11:42:00,-0.10227979118968733
2020-06-18 11:45:00,-0.25623620344470055
2020-06-18 11:48:00,-0.2770119070942201
2020-06-18 11:51:00,-0.1491195540334047
2020-06-18 11:54:00,-0.20979398808600536
2020-06-18 11:57:00,-0.1671509403409459
2020-06-18 12:00:00,-0.14372677878043305
2020-06-18 12:03:00,-0.3734911478167078
2020-06-18 12:06:00,-0.350286532059215
2020-06-18 12:09:00,-0.20484473983532325
2020-06-18 12:12:00,-0.3180121978041939
2020-06-18 12:15:00,-0.2875256462235143
2020-06-18 12:18:00,-0.32964532012346126
2020-06-18 12:21:00,-0.2506223836209074
2020-06-18 12:24:00,-0.17062394722364616
2020-06-18 12:27:00,-0.13889189004152058
2020-06-18 12:30:00,-0.1385648165468183
2020-06-18 12:33:00,-0.329097448514176
2020-06-18 12:36:00,-0.1415412138929355
2020-06-18 12:39:00,-0.22335784192682695
2020-06-18 12:42:00,-0.12397089889242352
2020-06-18 12:45:00,-0.14874683814201717
2020-06-18 12:48:00,-0.2323895807009535
2020-06-18 12:51:00,-0.29315903727547266
2020-06-18 12:54:00,-0.07181318605000797
2020-06-18 12:57:00,-0.15773720597587726
2020-06-18 13:00:00,-0.2891752066853428
2020-06-18 13:03:00,-0.1831541153114813
2020-06-18 13:06:00,-0.12070752476194002
2020-06-18 13:09:00,-0.2075851819834611
2020-06-18 13:12:00,-0.21639223169029265
2020-06-18 13:15:00,-0.19170527610674526
2020-06-18 13:18:00,-0.03338222948633529
2020-06-18 13:21:00,0.11412289676309229
2020-06-18 13:24:00,0.018061490010666148
2020-06-18 13:27:00,-0.172716742716716
2020-06-18 13:30:00,-0.25572811610436474
2020-06-18 13:33:00,-0.0841197008837753
2020-06-18 13:36:00,-0.2307925814998839
2020-06-18 13:39:00,-0.184428139547947
2020-06-18 13:42:00,-0.11773327822862711
2020-06-18 13:45:00,-0.0005163822986560263
2020-06-18 13:48:00,-0.009273403574468375
2020-06-18 13:51:00,-0.013790606821203255
2020-06-18 13:54:00,0.027528884833884604
2020-06-18 13:57:00,0.00991927806711601
2020-06-18 14:00:00,-0.08997925329924783
2020-06-18 14:03:00,-0.044649328002435595
2020-06-18 14:06:00,-0.23201264069865601
2020-06-18 14:09:00,-0.18031088164309494
2020-06-18 14:12:00,0.013145523853211216
2020-06-18 14:15:00,0.2930715616419093
2020-06-18 14:18:00,0.1847376283030826
2020-06-18 14:21:00,0.026794251158150928
2020-06-18 14:24:00,-0.03264398962483028
2020-06-18 14:27:00,0.16984287905006568
2020-06-18 14:30:00,-0.0572382900655839
2020-06-18 14:33:00,-0.03084304094647905
2020-06-18 14:36:00,-0.07485237383832555
2020-06-18 14:39:00,0.06700359355090768
2020-06-18 14:42:00,0.1423606601482561
2020-06-18 14:45:00,0.09878467918321121
2020-06-18 14:48:00,0.04103277664125926
2020-06-18 14:51:00,-0.0012354112330967837
2020-06-18 14:54:00,0.26467863646206524
2020-06-18 14:57:00,0.12452589588929186
2020-06-18 15:00:00,0.20148393329935743
2020-06-18 15:03:00,0.24812051720311956
2020-06-18 15:06:00,0.1377448342126968
2020-06-18 15:09:00,0.24371040255653043
2020-06-18 15:12:00,0.23136049435498762
2020-06-18 15:15:00,0.306798420039172
2020-06-18 15:18:00,0.19365742202046476
2020-06-18 15:21:00,0.25135073787322426
2020-06-18 15:24:00,0.28261775794550203
2020-06-18 15:27:00,0.3114885507050076
2020-06-18 15:30:00,0.2173473085863975
2020-06-18 15:33:00,0.16188522910692882
2020-06-18 15:36:00,0.1082720758200253
2020-06-18 15:39:00,0.18908724365905982
2020-06-18 15:42:00,0.2506114142503293
2020-06-18 15:45:00,0.031930670314579856
2020-06-18 15:48:00,0.07667503053096425
2020-06-18 15:51:00,0.0015783074514956752
2020-06-18 15:54:00,0.067915439603496
2020-06-18 15:57:00,0.0706549728712389
2020-06-18 16:00:00,0.17643465187660468
2020-06-18 16:03:00,0.2180180620181318
2020-06-18 16:06:00,0.1148035676209247
2020-06-18 16:09:00,0.20875264570713625
2020-06-18 16:12:00,0.42373924860328316
2020-06-18 16:15:00,0.2365353181309615
2020-06-18 16:18:00,0.25473839929560427
2020-06-18 16:21:00,0.14709408761007126
2020-06-18 16:24:00,0.15212761075684966
2020-06-18 16:27:00,0.2767209253215128
2020-06-18 16:30:00,-0.11555090505868293
2020-06-18 16:33:00,-0.15380243047940212
2020-06-18 16:36:00,0.0606918129526548
2020-06-18 16:39:00,0.2905154730402728
2020-06-18 16:42:00,0.42536654430000453
2020-06-18 16:45:00,0.3124087802761437
2020-06-18 16:48:00,0.41547621807615087
2020-06-18 16:51:00,0.27478646023610054
2020-06-18 16:54:00,0.36075688899768465
2020-06-18 16:57:00,0.32394600684750685
2020-06-18 17:00:00,0.3519350676944555
2020-06-18 17:03:00,0.5985131721046173
2020-06-18 17:06:00,0.6219538202504964
2020-06-18 17:09:00,0.4656511712792053
2020-06-18 17:12:00,0.23489120982645773
2020-06-18 17:15:00,0.15790304798196075
2020-06-18 17:18:00,0.5548147907014709
2020-06-18 17:21:00,0.6842707087119493
2020-06-18 17:24:00,0.672126063262283
2020-06-18 17:27:00,0.7617447480453166
2020-06-18 17:30:00,0.6797447656303461
2020-06-18 17:33:00,0.6693733849929231
2020-06-18 17:36:00,0.7040615533685468
2020-06-18 17:39:00,0.6674578329821088
2020-06-18 17:42:00,0.6107891174168572
2020-06-18 17:45:00,0.43070085039920514
2020-06-18 17:48:00,0.5963763459091638
2020-06-18 17:51:00,0.5523428986427916
2020-06-18 17:54:00,0.7411940630515801
2020-06-18 17:57:00,0.4286925514333575
2020-06-18 18:00:00,0.6754902717182176
2020-06-18 18:03:00,0.7833197005603552
2020-06-18 18:06:00,1.015212738072023
2020-06-18 18:09:00,0.8829370334732971
2020-06-18 18:12:00,0.8373421319005843
2020-06-18 18:15:00,0.8327771927149001
2020-06-18 18:18:00,0.8881071179536093
2020-06-18 18:21:00,0.9303902830940274
2020-06-18 18:24:00,0.9019836999562472
2020-06-18 18:27:00,0.8652058086184979
2020-06-18 18:30:00,0.8693207052765501
2020-06-18 18:33:00,0.8766617112749486
2020-06-18 18:36:00,0.8814896163523827
2020-06-18 18:39:00,0.7949183481650266
2020-06-18 18:42:00,0.49592735676725397
2020-06-18 18:45:00,0.3307102274731051
2020-06-18 18:48:00,0.43307780761819004
2020-06-18 18:51:00,0.3614803474702626
2020-06-18 18:54:00,
2020-06-18 18:57:00,
2020-06-18 19:00:00,
2020-06-18 19:03:00,0.5408029872577913
2020-06-18 19:06:00,0.5110956988600037
2020-06-18 19:09:00,0.5543447854903434
2020-06-18 19:12:00,0.4727580451881863
2020-06-18 19:15:00,0.47817401770845436
2020-06-18 19:18:00,0.3354679568704455
2020-06-18 19:21:00,0.39618197255930454
2020-06-18 19:24:00,0.32471382239486957
2020-06-18 19:27:00,0.3514264996141492
2020-06-18 19:30:00,0.3606878278479826
2020-06-18 19:33:00,0.4389942832410725
2020-06-18 19:36:00,0.651041101760768
2020-06-18 19:39:00,0.41476070933367737
2020-06-18 19:42:00,0.39274859907300197
2020-06-18 19:45:00,0.41466483291122813
2020-06-18 19:48:00,0.4704544166156097
2020-06-18 19:51:00,0.3026204985680465
2020-06-18 19:54:00,0.37399558736689187
2020-06-18 19:57:00,0.3972266760868024
2020-06-18 20:00:00,0.4683490580057992
2020-06-18 20:03:00,0.5417245162254289
2020-06-18 20:06:00,0.7583726086996307
2020-06-18 20:09:00,0.443962938259574
2020-06-18 20:12:00,0.41260892728422505
2020-06-18 20:15:00,0.7056955857744356
2020-06-18 20:18:00,0.6614789100499934
2020-06-18 20:21:00,0.6026359599285342
2020-06-18 20:24:00,0.38419682441889336
2020-06-18 20:27:00,0.36430021788328304
2020-06-18 20:30:00,0.29215037410847344
2020-06-18 20:33:00,0.29073339383745633
2020-06-18 20:36:00,0.30762631543450425
2020-06-18 20:39:00,0.22663400140510248
2020-06-18 20:42:00,0.3590454322546748
2020-06-18 20:45:00,0.3278317306007352
2020-06-18 20:48:00,0.2149756265466749
2020-06-18 20:51:00,0.3130811591303768
2020-06-18 20:54:00,0.4083369151659326
2020-06-18 20:57:00,0.32647449263413364
2020-06-18 21:00:00,0.41035934764437343
2020-06-18 21:03:00,0.2912185199741657
2020-06-18 21:06:00,0.4038322560155052
2020-06-18 21:09:00,0.29322263630200496
2020-06-18 21:12:00,0.2575136557773021
2020-06-18 21:15:00,0.33419265771834716
2020-06-18 21:18:00,0.25583828261062536
2020-06-18 21:21:00,0.2394632437237192
2020-06-18 21:24:00,0.21792429818822256
2020-06-18 21:27:00,0.25230135199331016
2020-06-18 21:30:00,0.30381450446895997
2020-06-18 21:33:00,0.2532138182124868
2020-06-18 21:36:00,0.30593709355196097
2020-06-18 21:39:00,0.3559369627769229
2020-06-18 21:42:00,0.34663299385175605
2020-06-18 21:45:00,0.3911279476530467
2020-06-18 21:48:00,0.26877458752466055
2020-06-18 21:51:00,0.3291738732946783
2020-06-18 21:54:00,0.34713961140943184
2020-06-18 21:57:00,0.3019543460504792
2020-06-18 22:00:00,0.30802798990151814
2020-06-18 22:03:00,0.33795327358063787
2020-06-18 22:06:00,0.2814938330361656
2020-06-18 22:09:00,0.36824471283216553
2020-06-18 22:12:00,0.24541295783114947
2020-06-18 22:15:00,0.3394645780184078
2020-06-18 22:18:00,0.3500176880763206
2020-06-18 22:21:00,0.15908847937180326
2020-06-18 22:24:00,0.3010706249327768
2020-06-18 22:27:00,0.3263353000927509
2020-06-18 22:30:00,0.3216436854623339
2020-06-18 22:33:00,0.23793131580140425
2020-06-18 22:36:00,0.3158541041073022
2020-06-18 22:39:00,0.35116354663148286
2020-06-18 22:42:00,0.2811462425116815
2020-06-18 22:45:00,0.24575537482269283
2020-06-18 22:48:00,0.3792125562430897
2020-06-18 22:51:00,0.3977756027172745
2020-06-18 22:54:00,0.2891825053833941
2020-06-18 22:57:00,0.2991167702111852
2020-06-18 23:00:00,0.2823526617634684
2020-06-18 23:03:00,0.26858761653579677
2020-06-18 23:06:00,0.3204155577799952
2020-06-18 23:09:00,0.3188619490949236
2020-06-18 23:12:00,0.33824292706350434
2020-06-18 23:15:00,0.2947126346886648
2020-06-18 23:18:00,0.27252745035690396
2020-06-18 23:21:00,0.3219924836023438
2020-06-18 23:24:00,0.28805337034611966
2020-06-18 23:27:00,0.2512839525262507
2020-06-18 23:30:00,0.27192125634053355
2020-06-18 23:33:00,0.20729840722935933
2020-06-18 23:36:00,0.10389995969688925
2020-06-18 23:39:00,0.27984311559788466
2020-06-18 23:42:00,0.2599291964961594
2020-06-18 23:45:00,0.2504557860360137
2020-06-18 23:48:00,0.29686469879322885
2020-06-18 23:51:00,0.30976811181227504
2020-06-18 23:54:00,0.10283360017115228
2020-06-18 23:57:00,0.24736184740680756
2020-06-19 00:00:00,0.31300354488575977
2020-06-19 00:03:00,0.30186406035801383
2020-06-19 00:06:00,0.23086679645746244
2020-06-19 00:09:00,0.3412875626026448
2020-06-19 00:12:00,0.25699491070037084
2020-06-19 00:15:00,0.26452856992926854
2020-06-19 00:18:00,0.14904750974460512
2020-06-19 00:21:00,0.2074139404790003
2020-06-19 00:24:00,0.25452894291254324
2020-06-19 00:27:00,0.31951345013243326
2020-06-19 00:30:00,0.25275327230542644
2020-06-19 00:33:00,0.28750465821434545
2020-06-19 00:36:00,0.33558657311294837
2020-06-19 00:39:00,0.2074193457884803
2020-06-19 00:42:00,0.2628740878722624
2020-06-19 00:45:00,0.2681096692015785
2020-06-19 00:48:00,0.24500684754144686
2020-06-19 00:51:00,0.31644522691817656
2020-06-19 00:54:00,0.3149525107865543
2020-06-19 00:57:00,0.328555770147716
2020-06-19 01:00:00,0.2708583895278025
2020-06-19 01:03:00,0.24675550958301073
2020-06-19 01:06:00,0.2903286906466178
2020-06-19 01:09:00,0.3625293307279662
2020-06-19 01:12:00,0.26661920416489693
2020-06-19 01:15:00,0.29711991569405427
2020-06-19 01:18:00,0.22574864104615244
2020-06-19 01:21:00,0.27834844011852056
2020-06-19 01:24:00,0.3166403635393067
2020-06-19 01:27:00,0.3339877641936937
2020-06-19 01:30:00,0.31432794484521764
2020-06-19 01:33:00,0.30406279517444545
2020-06-19 01:36:00,0.3497970495909044
2020-06-19 01:39:00,0.24869937710423073
2020-06-19 01:42:00,0.19334123539880466
2020-06-19 01:45:00,0.26130800600458315
2020-06-19 01:48:00,0.26755200085352726
2020-06-19 01:51:00,0.3133485572391237
2020-06-19 01:54:00,0.27146324883437956
2020-06-19 01:57:00,0.22366306538367553
2020-06-19 02:00:00,0.29384821868814015
2020-06-19 02:03:00,0.25176399938720806
2020-06-19 02:06:00,0.21693811353770798
2020-06-19 02:09:00,0.2705745952102916
2020-06-19 02:12:00,0.24442551453859096
2020-06-19 02:15:00,0.11613670415744082
2020-06-19 02:18:00,0.25045623676777495
2020-06-19 02:21:00,0.25148985915603816
2020-06-19 02:24:00,0.3055424599681942
2020-06-19 02:27:00,0.2681489278204481
2020-06-19 02:30:00,0.178294899888499
2020-06-19 02:33:00,0.31700306153146585
2020-06-19 02:36:00,0.3735428489417245
2020-06-19 02:39:00,0.3058120852683146
2020-06-19 02:42:00,0.3154567534353987
2020-06-19 02:45:00,0.34895963737329794
2020-06-19 02:48:00,0.2226576026911289
2020-06-19 02:51:00,0.33196874843559954
2020-06-19 02:54:00,0.2961084107853935
2020-06-19 02:57:00,0.23914537860480323
2020-06-19 03:00:00,0.28446757777931
2020-06-19 03:03:00,0.29754146149628014
2020-06-19 03:06:00,0.2246462666113871
2020-06-19 03:09:00,0.20269635749679082
2020-06-19 03:12:00,0.2874529886738628
2020-06-19 03:15:00,0.39248528120924675
2020-06-19 03:18:00,0.3217752346905627
2020-06-19 03:21:00,0.3266157646769443
2020-06-19 03:24:00,0.27551322653113175
2020-06-19 03:27:00,0.2891862165700445
2020-06-19 03:30:00,0.3596052837191337
2020-06-19 03:33:00,0.2931192070803377
2020-06-19 03:36:00,0.3394891587432767
2020-06-19 03:39:00,0.32345594560479185
2020-06-19 03:42:00,0.22722877923325768
2020-06-19 03:45:00,0.2629589946362785
2020-06-19 03:48:00,0.3303459271625684
2020-06-19 03:51:00,0.2384719529202357
2020-06-19 03:54:00,0.31612665063505574
2020-06-19 03:57:00,0.3731676374387689
2020-06-19 04:00:00,0.346649551084397
2020-06-19 04:03:00,0.37564245980109945
2020-06-19 04:06:00,0.3011295242087044
2020-06-19 04:09:00,0.39718575804022294
2020-06-19 04:12:00,0.294676886718662
2020-06-19 04:15:00,0.374661696969099
2020-06-19 04:18:00,0.3203146301731863
2020-06-19 04:21:00,0.4031204878888843
2020-06-19 04:24:00,0.37795427793167846
2020-06-19 04:27:00,0.3912631888402984
2020-06-19 04:30:00,0.3878272560906453
2020-06-19 04:33:00,0.43425115431136874
2020-06-19 04:36:00,0.43581530718779504
2020-06-19 04:39:00,0.3830616018314572
2020-06-19 04:42:00,0.3512028642684868
2020-06-19 04:45:00,0.3963313287138135
2020-06-19 04:48:00,0.3786406734151342
2020-06-19 04:51:00,0.439258309748368
2020-06-19 04:54:00,0.39742639605771046
2020-06-19 04:57:00,0.34259722235862
2020-06-19 05:00:00,0.45252605659152323
2020-06-19 05:03:00,0.4714801011376153
2020-06-19 05:06:00,0.4390057551278801
2020-06-19 05:09:00,0.42574799345845804
2020-06-19 05:12:00,0.38245290159204615
2020-06-19 05:15:00,0.344809547300315
2020-06-19 05:18:00,0.42124107023227
2020-06-19 05:21:00,0.43829999423252275
2020-06-19 05:24:00,0.4139105635738929
2020-06-19 05:27:00,0.35102379533373096
2020-06-19 05:30:00,0.3993125213610256
2020-06-19 05:33:00,0.38650267548121064
2020-06-19 05:36:00,0.48318044168632923
2020-06-19 05:39:00,0.5114163789356212
2020-06-19 05:42:00,0.4867049330367763
2020-06-19 05:45:00,0.5249289607307901
2020-06-19 05:48:00,0.5153071704671675
2020-06-19 05:51:00,0.5449900885658963
2020-06-19 05:54:00,0.5279467989222439
2020-06-19 05:57:00,0.44084399533090846
2020-06-19 06:00:00,0.4960004224689101
2020-06-19 06:03:00,0.495332084944323
2020-06-19 06:06:00,0.42160355707625286
2020-06-19 06:09:00,0.3855880437180872
2020-06-19 06:12:00,0.3655957059239654
2020-06-19 06:15:00,0.5097394897748018
2020-06-19 06:18:00,0.5440153658128111
2020-06-19 06:21:00,0.4766524772766729
2020-06-19 06:24:00,0.4956064276150869
2020-06-19 06:27:00,0.36073366710701293
2020-06-19 06:30:00,0.37396336570822086
2020-06-19 06:33:00,0.4357751132977796
2020-06-19 06:36:00,0.4957079365048571
2020-06-19 06:39:00,0.40992067721236936
2020-06-19 06:42:00,0.5345175072199027
2020-06-19 06:45:00,0.4947383431845651
2020-06-19 06:48:00,0.4592294711536056
2020-06-19 06:51:00,0.4780954304775946
2020-06-19 06:54:00,0.4044806768966964
2020-06-19 06:57:00,0.44376612260981574
2020-06-19 07:00:00,0.5079682590259154
2020-06-19 07:03:00,0.36023414411289423
2020-06-19 07:06:00,0.4286637161303588
2020-06-19 07:09:00,0.40892409660909834
2020-06-19 07:12:00,0.4810576824990562
2020-06-19 07:15:00,0.5009518135775579
2020-06-19 07:18:00,0.5393207974315715
2020-06-19 07:21:00,0.5558850589753206
2020-06-19 07:24:00,0.4461901053973065
2020-06-19 07:27:00,0.4113419454074574
2020-06-19 07:30:00,0.5142920058601703
2020-06-19 07:33:00,0.41608888804245225
2020-06-19 07:36:00,0.44381941665380964
2020-06-19 07:39:00,0.4939458898001021
2020-06-19 07:42:00,0.3624863513394416
2020-06-19 07:45:00,0.48225094632539367
2020-06-19 07:48:00,0.33394742349724993
2020-06-19 07:51:00,0.3672655435505021
2020-06-19 07:54:00,0.3542808541940303
2020-06-19 07:57:00,0.3846411412138764
2020-06-19 08:00:00,0.4020240032012907
2020-06-19 08:03:00,0.4128172285210212
2020-06-19 08:06:00,0.3757388762122673
2020-06-19 08:09:00,0.4389937160984232
2020-06-19 08:12:00,0.345103378129636
2020-06-19 08:15:00,0.4363961995739487
2020-06-19 08:18:00,0.3642272848771313
2020-06-19 08:21:00,0.37545284884618013
2020-06-19 08:24:00,0.2961789530025385
2020-06-19 08:27:00,0.2930965397500245
2020-06-19 08:30:00,0.37753618437000114
2020-06-19 08:33:00,0.3289054722679339
2020-06-19 08:36:00,0.2839816879142063
2020-06-19 08:39:00,0.3590118668674904
2020-06-19 08:42:00,0.286793983524376
2020-06-19 08:45:00,0.20818573956466935
2020-06-19 08:48:00,0.35377202179080314
2020-06-19 08:51:00,0.25533804463049137
2020-06-19 08:54:00,0.29489138512201407
2020-06-19 08:57:00,0.38331444308505525
2020-06-19 09:00:00,0.27948353589721364
2020-06-19 09:03:00,0.34035219396901084
2020-06-19 09:06:00,0.21780373978873513
2020-06-19 09:09:00,0.252514752745185
2020-06-19 09:12:00,0.27309403949459465
2020-06-19 09:15:00,0.3005771189016855
2020-06-19 09:18:00,0.2881406522554357
2020-06-19 09:21:00,0.21608470724675044
2020-06-19 09:24:00,0.2796777582957475
2020-06-19 09:27:00,0.24449737080703926
2020-06-19 09:30:00,0.4075149466314656
2020-06-19 09:33:00,0.33002341465805785
2020-06-19 09:36:00,0.2965745572378182
2020-06-19 09:39:00,0.4038966116602296
2020-06-19 09:42:00,0.33735456817760223
2020-06-19 09:45:00,0.23678556470258627
2020-06-19 09:48:00,0.30776244121688023
2020-06-19 09:51:00,0.2776400165234918
2020-06-19 09:54:00,0.2555182317529443
2020-06-19 09:57:00,0.13265240036400883
2020-06-19 10:00:00,0.10986022733516165
2020-06-19 10:03:00,0.10890755125853957
2020-06-19 10:06:00,0.1530791279284358
2020-06-19 10:09:00,0.18120781419298737
2020-06-19 10:12:00,0.1403574797860756
2020-06-19 10:15:00,0.0803920183626019
2020-06-19 10:18:00,0.17172132122482253
2020-06-19 10:21:00,0.021656227795119776
2020-06-19 10:24:00,-0.08259317101089891
2020-06-19 10:27:00,-0.015444846507307375
2020-06-19 10:30:00,-0.07513132399213873
2020-06-19 10:33:00,0.05926075584108048
2020-06-19 10:36:00,-0.0953252544506995
2020-06-19 10:39:00,-0.02856223944274916
2020-06-19 10:42:00,-0.005268290127560249
2020-06-19 10:45:00,-0.05792426975108356
2020-06-19 10:48:00,-0.09364106776678227
2020-06-19 10:51:00,-0.058972352845842124
2020-06-19 10:54:00,-0.007987322665769625
2020-06-19 10:57:00,-0.0954541463090095
2020-06-19 11:00:00,-0.15927058007099504
2020-06-19 11:03:00,-0.10952945119964852
2020-06-19 11:06:00,-0.11509657434862675
2020-06-19 11:09:00,-0.20210676618233947
2020-06-19 11:12:00,-0.23451372027238904
2020-06-19 11:15:00,-0.1876171133736193
2020-06-19 11:18:00,-0.2691594102195154
2020-06-19 11:21:00,-0.2457426654937649
2020-06-19 11:24:00,-0.30048945746654
2020-06-19 11:27:00,-0.16741088342638477
2020-06-19 11:30:00,-0.1780889597518467
2020-06-19 11:33:00,-0.3383169716598786
2020-06-19 11:36:00,-0.30742777335581195
2020-06-19 11:39:00,-0.20712688111609623
2020-06-19 11:42:00,-0.25023824912352666
2020-06-19 11:45:00,-0.30056563088658095
2020-06-19 11:48:00,-0.27012309348162944
2020-06-19 11:51:00,-0.32229255678043955
2020-06-19 11:54:00,-0.3412685636284323
2020-06-19 11:57:00,-0.2731196612815552
2020-06-19 12:00:00,-0.33239227286662754
2020-06-19 12:03:00,-0.32044715794120293
2020-06-19 12:06:00,-0.2762232742283004
2020-06-19 12:09:00,-0.24133750946674581
2020-06-19 12:12:00,-0.25074189566720406
2020-06-19 12:15:00,-0.21775009234352183
2020-06-19 12:18:00,-0.3275412920296503
2020-06-19 12:21:00,-0.2539033136897615
2020-06-19 12:24:00,-0.2964916946538665
2020-06-19 12:27:00,-0.3850147554351224
2020-06-19 12:30:00,-0.3667893325324485
2020-06-19 12:33:00,-0.35853689644386577
2020-06-19 12:36:00,-0.3766725176187151
2020-06-19 12:39:00,-0.49387795000694723
2020-06-19 12:42:00,-0.4439157773280158
2020-06-19 12:45:00,-0.5423311244348383
2020-06-19 12:48:00,-0.43292424578311284
2020-06-19 12:51:00,-0.464472058761487
2020-06-19 12:54:00,-0.3502315759668022
2020-06-19 12:57:00,-0.2365498914930413
2020-06-19 13:00:00,-0.2990662030547355
2020-06-19 13:03:00,-0.3890499587839713
2020-06-19 13:06:00,-0.4329747137712161
2020-06-19 13:09:00,-0.4000788558799968
2020-06-19 13:12:00,-0.296639334893257
2020-06-19 13:15:00,-0.24447877290606357
2020-06-19 13:18:00,-0.3059755219206295
2020-06-19 13:21:00,-0.3058772911807637
2020-06-19 13:24:00,-0.3045161706317572
2020-06-19 13:27:00,-0.3446045389641199
2020-06-19 13:30:00,-0.31677156461063305
2020-06-19 13:33:00,-0.26203504630387897
2020-06-19 13:36:00,-0.28681798822208293
2020-06-19 13:39:00,-0.17637208666297965
2020-06-19 13:42:00,-0.19318832159416388
2020-06-19 13:45:00,-0.29695682005473145
2020-06-19 13:48:00,-0.3844258573071784
2020-06-19 13:51:00,-0.3185607901106664
2020-06-19 13:54:00,-0.19715118615630445
2020-06-19 13:57:00,-0.3542169898138354
2020-06-19 14:00:00,-0.27686311622846915
2020-06-19 14:03:00,-0.5439900035774485
2020-06-19 14:06:00,-0.510071300564789
2020-06-19 14:09:00,-0.5722187528937752
2020-06-19 14:12:00,-0.5276702455894338
2020-06-19 14:15:00,-0.47356378443595304
2020-06-19 14:18:00,-0.5662257812472831
2020-06-19 14:21:00,-0.5186146383896926
2020-06-19 14:24:00,-0.4444141069603802
2020-06-19 14:27:00,-0.5719508395919206
2020-06-19 14:30:00,-0.5265240566577063
2020-06-19 14:33:00,-0.5506754191864616
2020-06-19 14:36:00,-0.524687979544467
2020-06-19 14:39:00,-0.5567400360970396
2020-06-19 14:42:00,-0.5632611646030341
2020-06-19 14:45:00,-0.5758171168609465
2020-06-19 14:48:00,-0.5014056820201631
2020-06-19 14:51:00,-0.5434368452204126
2020-06-19 14:54:00,-0.47045399305807223
2020-06-19 14:57:00,-0.5945139549367013
2020-06-19 15:00:00,-0.5862978950160027
2020-06-19 15:03:00,-0.5690655417770927
2020-06-19 15:06:00,-0.5350079486312325
2020-06-19 15:09:00,-0.5121884486875956
2020-06-19 15:12:00,-0.468823672068595
2020-06-19 15:15:00,-0.6999337436485007
2020-06-19 15:18:00,-0.5811326847064606
2020-06-19 15:21:00,-0.6231303738483689
2020-06-19 15:24:00,-0.5231068309889224
2020-06-19 15:27:00,-0.5557332960963208
2020-06-19 15:30:00,-0.31824428252548387
2020-06-19 15:33:00,-0.2093469020431371
2020-06-19 15:36:00,-0.26027891901566136
2020-06-19 15:39:00,0.027695870809452572
2020-06-19 15:42:00,-0.05716167486343693
2020-06-19 15:45:00,-0.05468898321822735
2020-06-19 15:48:00,-0.05911514590496836
2020-06-19 15:51:00,-0.4196478026660202
2020-06-19 15:54:00,-0.46481598952522063
2020-06-19 15:57:00,-0.505340340568921
2020-06-19 16:00:00,-0.6538980710924989
2020-06-19 16:03:00,-0.5252293484419965
2020-06-19 16:06:00,-0.538784553688231
2020-06-19 16:09:00,-0.6370947882564906
2020-06-19 16:12:00,-0.3481574082965153
2020-06-19 16:15:00,-0.34301330223325976
2020-06-19 16:18:00,-0.41662372843029516
2020-06-19 16:21:00,-0.4933819958274057
2020-06-19 16:24:00,-0.5731131652686372
2020-06-19 16:27:00,-0.472918921690507
2020-06-19 16:30:00,-0.523946648312176
2020-06-19 16:33:00,-0.3636526902647006
2020-06-19 16:36:00,-0.40638774008510836
2020-06-19 16:39:00,-0.43617030222247877
2020-06-19 16:42:00,-0.34612623146523447
2020-06-19 16:45:00,-0.2097349174252372
2020-06-19 16:48:00,-0.26059797831840115
2020-06-19 16:51:00,-0.34408875917768
2020-06-19 16:54:00,-0.335740311972927
2020-06-19 16:57:00,-0.22637048927583692
2020-06-19 17:00:00,-0.24886437164445852
2020-06-19 17:03:00,-0.24181904705454826
2020-06-19 17:06:00,-0.28136622806619016
2020-06-19 17:09:00,-0.341791650573839
2020-06-19 17:12:00,-0.3804337298489031
2020-06-19 17:15:00,-0.2966814158512534
2020-06-19 17:18:00,-0.17336122282478073
2020-06-19 17:21:00,-0.2700947963247131
2020-06-19 17:24:00,-0.2538752032833713
2020-06-19 17:27:00,-0.2591678231608512
2020-06-19 17:30:00,-0.21281115246227955
2020-06-19 17:33:00,-0.3017907762482537
2020-06-19 17:36:00,-0.28934963175032635
2020-06-19 17:39:00,-0.33537068221846766
2020-06-19 17:42:00,-0.2831637747129321
2020-06-19 17:45:00,-0.21445739359728577
2020-06-19 17:48:00,-0.37227892794550144
2020-06-19 17:51:00,-0.39653497530565573
2020-06-19 17:54:00,-0.31374705992180907
2020-06-19 17:57:00,-0.25021272665753713
2020-06-19 18:00:00,-0.2153522290922183
2020-06-19 18:03:00,-0.2881964464435782
2020-06-19 18:06:00,-0.20375953632600385
2020-06-19 18:09:00,-0.35233450468018646
2020-06-19 18:12:00,-0.3366688605107129
2020-06-19 18:15:00,-0.29829326990324034
2020-06-19 18:18:00,-0.19963657402104218
2020-06-19 18:21:00,-0.3362472666905205
2020-06-19 18:24:00,-0.2882829587413198
2020-06-19 18:27:00,-0.2369748169767263
2020-06-19 18:30:00,-0.19256892406451698
2020-06-19 18:33:00,-0.20909585284073273
2020-06-19 18:36:00,-0.25640893684328603
2020-06-19 18:39:00,-0.21692578523283146
2020-06-19 18:42:00,-0.2347956281865322
2020-06-19 18:45:00,-0.181210193253321
2020-06-19 18:48:00,-0.1441381107763391
2020-06-19 18:51:00,-0.10159960303246862
2020-06-19 18:54:00,
2020-06-19 18:57:00,
2020-06-19 19:00:00,
2020-06-19 19:03:00,-0.1949761928272551
2020-06-19 19:06:00,-0.14181081161194697
2020-06-19 19:09:00,-0.15933336261662134
2020-06-19 19:12:00,-0.029601569514909443
2020-06-19 19:15:00,-0.03799710721904148
2020-06-19 19:18:00,-0.0814726335165119
2020-06-19 19:21:00,-0.04581974649198628
2020-06-19 19:24:00,-0.10912802859746762
2020-06-19 19:27:00,-0.12414941590736817
2020-06-19 19:30:00,-0.034209362095566576
2020-06-19 19:33:00,-0.03541935850017808
2020-06-19 19:36:00,0.012018709434187258
2020-06-19 19:39:00,0.04830741422546225
2020-06-19 19:42:00,-0.11649865432497108
2020-06-19 19:45:00,-0.07421920656730663
2020-06-19 19:48:00,-0.07130248077606893
2020-06-19 19:51:00,-0.023790492131524843
2020-06-19 19:54:00,-0.054914030380075474
2020-06-19 19:57:00,-0.06032565751797847
2020-06-19 20:00:00,-0.05178615976359424
2020-06-19 20:03:00,-0.09852270811785502
2020-06-19 20:06:00,-0.08927338062687795
2020-06-19 20:09:00,-0.07326268221333976
2020-06-19 20:12:00,0.005150845705827578
2020-06-19 20:15:00,0.017964683188210984
2020-06-19 20:18:00,0.04844532367019383
2020-06-19 20:21:00,0.14512001350016135
2020-06-19 20:24:00,0.06960672260754563
2020-06-19 20:27:00,0.16762587852218758
2020-06-19 20:30:00,0.08304784694757927
2020-06-19 20:33:00,-0.057237402357827705
2020-06-19 20:36:00,0.12053088163645498
2020-06-19 20:39:00,-0.0038153635265416597
2020-06-19 20:42:00,-0.040878583656819956
2020-06-19 20:45:00,0.11923063968998804
2020-06-19 20:48:00,0.11372513381377303
2020-06-19 20:51:00,0.23781968431171663
2020-06-19 20:54:00,0.46886938027500946
2020-06-19 20:57:00,0.46093236370211343
2020-06-19 21:00:00,0.5243285072764934
2020-06-19 21:03:00,0.5302358043956588
2020-06-19 21:06:00,0.2913368509377392
2020-06-19 21:09:00,0.2397125199436232
2020-06-19 21:12:00,0.3473693187880258
2020-06-19 21:15:00,0.5879149566536057
2020-06-19 21:18:00,0.6405437809427781
2020-06-19 21:21:00,0.7948135174339654
2020-06-19 21:24:00,0.6484037100917703
2020-06-19 21:27:00,0.4449741031321537
2020-06-19 21:30:00,0.42760509766111454
2020-06-19 21:33:00,0.5457867953181221
2020-06-19 21:36:00,0.41548715793095425
2020-06-19 21:39:00,0.3001141884345202
2020-06-19 21:42:00,0.37486166836851
2020-06-19 21:45:00,0.33672247823210455
2020-06-19 21:48:00,0.31130199105365364
2020-06-19 21:51:00,0.4031420192624182
2020-06-19 21:54:00,0.34595614925012796
2020-06-19 21:57:00,0.30074030393393514
2020-06-19 22:00:00,0.08619446940792841
2020-06-19 22:03:00,0.07312279362395202
2020-06-19 22:06:00,0.011856797051848389
2020-06-19 22:09:00,0.17050505559626572
2020-06-19 22:12:00,0.12447345081113781
2020-06-19 22:15:00,0.19830137743042542
2020-06-19 22:18:00,0.25115551625850685
2020-06-19 22:21:00,0.209019689799959
2020-06-19 22:24:00,0.1510474764099854
2020-06-19 22:27:00,0.18154542540128205
2020-06-19 22:30:00,0.23340650878310498
2020-06-19 22:33:00,0.16685212493661083
2020-06-19 22:36:00,0.2684920536553932
2020-06-19 22:39:00,0.2953268436845633
2020-06-19 22:42:00,0.27038570432785036
2020-06-19 22:45:00,0.2687722648879003
2020-06-19 22:48:00,0.237917142505637
2020-06-19 22:51:00,0.2105436267442542
2020-06-19 22:54:00,0.11626893067517585
2020-06-19 22:57:00,0.15326586787074348
2020-06-19 23:00:00,0.2019366691056348
2020-06-19 23:03:00,0.603913820866353
2020-06-19 23:06:00,0.5728930231542222
2020-06-19 23:09:00,0.6627079030902223
2020-06-19 23:12:00,0.4064382989216142
2020-06-19 23:15:00,0.22453265486558394
2020-06-19 23:18:00,0.3492703458330766
2020-06-19 23:21:00,0.30401959620206753
2020-06-19 23:24:00,0.25493687919157537
2020-06-19 23:27:00,0.3666795567194754
2020-06-19 23:30:00,0.4640638605362142
2020-06-19 23:33:00,0.510501721182095
2020-06-19 23:36:00,0.3913720598563941
2020-06-19 23:39:00,0.3754982333957173
2020-06-19 23:42:00,0.5203552310696864
2020-06-19 23:45:00,0.5903544592747494
2020-06-19 23:48:00,0.5331185614316496
2020-06-19 23:51:00,0.5477824385618533
2020-06-19 23:54:00,0.47408646049882464
2020-06-19 23:57:00,0.48039997377020427
2020-06-20 00:00:00,0.5075878349821323
2020-06-20 00:03:00,0.46009770345028755
2020-06-20 00:06:00,0.5094658428395746
2020-06-20 00:09:00,0.3588405867419624
2020-06-20 00:12:00,0.30355260099588577
2020-06-20 00:15:00,0.3308606961035707
2020-06-20 00:18:00,0.30683841576382065
2020-06-20 00:21:00,0.31763086930760664
2020-06-20 00:24:00,0.3711362899904884
2020-06-20 00:27:00,0.37202752789318083
2020-06-20 00:30:00,0.4502854146422237
2020-06-20 00:33:00,0.39563805936165863
2020-06-20 00:36:00,0.3865695852806539
2020-06-20 00:39:00,0.38230034357195564
2020-06-20 00:42:00,0.3906061153587643
2020-06-20 00:45:00,0.3668356747758139
2020-06-20 00:48:00,0.4170442854921248
2020-06-20 00:51:00,0.42501556941704166
2020-06-20 00:54:00,0.48030199051885347
2020-06-20 00:57:00,0.3775364825698375
2020-06-20 01:00:00,0.4598519234056653
2020-06-20 01:03:00,0.5198082603348553
2020-06-20 01:06:00,0.5016166388451779
2020-06-20 01:09:00,0.4469041723162377
2020-06-20 01:12:00,0.555037265889041
2020-06-20 01:15:00,0.6074084532106099
2020-06-20 01:18:00,0.5557268460649425
2020-06-20 01:21:00,0.5000018888717364
2020-06-20 01:24:00,0.4205091032636119
2020-06-20 01:27:00,0.4028756446888906
2020-06-20 01:30:00,0.4801990866408232
2020-06-20 01:33:00,0.39462064949231035
2020-06-20 01:36:00,0.43690493607181224
2020-06-20 01:39:00,0.42829272102954974
2020-06-20 01:42:00,0.3999175306520897
2020-06-20 01:45:00,0.38991123893066515
2020-06-20 01:48:00,0.42644707920504743
2020-06-20 01:51:00,0.3579140678830868
2020-06-20 01:54:00,0.3135144543230126
2020-06-20 01:57:00,0.3346407586257101
2020-06-20 02:00:00,0.3775554483605106
2020-06-20 02:03:00,0.4760390890655799
2020-06-20 02:06:00,0.36388276163097544
2020-06-20 02:09:00,0.4331878018247153
2020-06-20 02:12:00,0.3696019634313643
2020-06-20 02:15:00,0.37346266024087527
2020-06-20 02:18:00,0.4228145542343782
2020-06-20 02:21:00,0.3541322069399939
2020-06-20 02:24:00,0.3627120280991676
2020-06-20 02:27:00,0.4027269054989233
2020-06-20 02:30:00,0.40549090561142975
2020-06-20 02:33:00,0.3750821104466695
2020-06-20 02:36:00,0.32625747325340626
2020-06-20 02:39:00,0.36279992720307064
2020-06-20 02:42:00,0.3121731852241396
2020-06-20 02:45:00,0.3335800002730025
2020-06-20 02:48:00,0.35171597548099953
2020-06-20 02:51:00,0.3267739789861821
2020-06-20 02:54:00,0.32992639013917824
2020-06-20 02:57:00,0.3006797507417218
2020-06-20 03:00:00,0.3096372960312692
2020-06-20 03:03:00,0.32678390038336147
2020-06-20 03:06:00,0.339166665912785
2020-06-20 03:09:00,0.3031622432901031
2020-06-20 03:12:00,0.31745646126699967
2020-06-20 03:15:00,0.358061917399084
2020-06-20 03:18:00,0.38003869018433534
2020-06-20 03:21:00,0.23815895318557523
2020-06-20 03:24:00,0.3575841777375217
2020-06-20 03:27:00,0.44405276198915544
2020-06-20 03:30:00,0.32694154457323066
2020-06-20 03:33:00,0.3396927537913257
2020-06-20 03:36:00,0.5067787527640348
2020-06-20 03:39:00,0.4491074686011416
2020-06-20 03:42:00,0.4340381520391361
2020-06-20 03:45:00,0.4515013990192074
2020-06-20 03:48:00,0.49443808010221346
2020-06-20 03:51:00,0.5048354365624732
2020-06-20 03:54:00,0.4421157640928186
2020-06-20 03:57:00,0.4084211712154229
2020-06-20 04:00:00,0.3485263836774948
2020-06-20 04:03:00,0.4245529219012951
2020-06-20 04:06:00,0.49864129369615284
2020-06-20 04:09:00,0.4178535195832751
2020-06-20 04:12:00,0.49537310237639076
2020-06-20 04:15:00,0.45987633232061853
2020-06-20 04:18:00,0.5168403654355984
2020-06-20 04:21:00,0.38943227034064876
2020-06-20 04:24:00,0.37289256656026737
2020-06-20 04:27:00,0.36058021655810535
2020-06-20 04:30:00,0.4352055868379239
2020-06-20 04:33:00,0.4046160974641566
2020-06-20 04:36:00,0.4194536864685574
2020-06-20 04:39:00,0.519611443544818
2020-06-20 04:42:00,0.4080474115908146
2020-06-20 04:45:00,0.45419074887979605
2020-06-20 04:48:00,0.3551175743908175
2020-06-20 04:51:00,0.41392421736469487
2020-06-20 04:54:00,0.4263352658829831
2020-06-20 04:57:00,0.4249461488581119
2020-06-20 05:00:00,0.4282666024598143
2020-06-20 05:03:00,0.4996865325335307
2020-06-20 05:06:00,0.3829646747568063
2020-06-20 05:09:00,0.426315860336274
2020-06-20 05:12:00,0.5381709163234518
2020-06-20 05:15:00,0.3883882918619861
2020-06-20 05:18:00,0.41433495752278304
2020-06-20 05:21:00,0.37028501867018804
2020-06-20 05:24:00,0.4098176676054095
2020-06-20 05:27:00,0.5144927675225972
2020-06-20 05:30:00,0.4253537468774198
2020-06-20 05:33:00,0.39134392995657663
2020-06-20 05:36:00,0.4544821372381307
2020-06-20 05:39:00,0.41551366738912066
2020-06-20 05:42:00,0.45305293993408213
2020-06-20 05:45:00,0.5106672879015264
2020-06-20 05:48:00,0.4745841292941009
2020-06-20 05:51:00,0.446210253441393
2020-06-20 05:54:00,0.4572169490141391
2020-06-20 05:57:00,0.4187756291067899
2020-06-20 06:00:00,0.3786147375186033
2020-06-20 06:03:00,0.3848062072240168
2020-06-20 06:06:00,0.3853307443050653
2020-06-20 06:09:00,0.4266097352418683
2020-06-20 06:12:00,0.513962055720242
2020-06-20 06:15:00,0.41692703650733165
2020-06-20 06:18:00,0.45562318039168304
2020-06-20 06:21:00,0.49895943340180793
2020-06-20 06:24:00,0.47596622812795886
2020-06-20 06:27:00,0.5162592236882233
2020-06-20 06:30:00,0.4072775008418148
2020-06-20 06:33:00,0.4279926833842751
2020-06-20 06:36:00,0.47608419195773877
2020-06-20 06:39:00,0.41665619343791604
2020-06-20 06:42:00,0.4686438870583629
2020-06-20 06:45:00,0.3253587721904978
2020-06-20 06:48:00,0.5131554046559472
2020-06-20 06:51:00,0.45851882811638234
2020-06-20 06:54:00,0.4873244461292643
2020-06-20 06:57:00,0.3813197016914387
2020-06-20 07:00:00,0.35953690354540413
2020-06-20 07:03:00,0.39723392125597456
2020-06-20 07:06:00,0.40642662643205085
2020-06-20 07:09:00,0.3839054310122947
2020-06-20 07:12:00,0.4053684030519662
2020-06-20 07:15:00,0.3832174223094853
2020-06-20 07:18:00,0.46853774528364056
2020-06-20 07:21:00,0.40270918252087995
2020-06-20 07:24:00,0.3834031908476163
2020-06-20 07:27:00,0.34370272552246206
2020-06-20 07:30:00,0.47651193239926215
2020-06-20 07:33:00,0.37552764478095924
2020-06-20 07:36:00,0.40236043665186116
2020-06-20 07:39:00,0.3800864132419406
2020-06-20 07:42:00,0.37288635560798866
2020-06-20 07:45:00,0.40469503888476765
2020-06-20 07:48:00,0.28822828036095416
2020-06-20 07:51:00,0.30215642337572035
2020-06-20 07:54:00,0.32769624317830903
2020-06-20 07:57:00,0.30728389333773976
2020-06-20 08:00:00,0.32840695772108575
2020-06-20 08:03:00,0.26851527052025403
2020-06-20 08:06:00,0.2827616240391535
2020-06-20 08:09:00,0.3656154204516042
2020-06-20 08:12:00,0.2591173975716856
2020-06-20 08:15:00,0.27180854198309135
2020-06-20 08:18:00,0.2849675218517973
2020-06-20 08:21:00,0.28172470137894834
2020-06-20 08:24:00,0.37548333813043655
2020-06-20 08:27:00,0.3185216472135153
2020-06-20 08:30:00,0.27233599635542305
2020-06-20 08:33:00,0.2613588560470248
2020-06-20 08:36:00,0.3316737925241
2020-06-20 08:39:00,0.34444746892330613
2020-06-20 08:42:00,0.28436465461174976
2020-06-20 08:45:00,0.2649613832186333
2020-06-20 08:48:00,0.24675706595229485
2020-06-20 08:51:00,0.2811467548837072
2020-06-20 08:54:00,0.2666032686394715
2020-06-20 08:57:00,0.10904996061060501
2020-06-20 09:00:00,0.15877411422889054
2020-06-20 09:03:00,0.22080231179683096
2020-06-20 09:06:00,0.16618906362418784
2020-06-20 09:09:00,0.2895402484809324
2020-06-20 09:12:00,0.1797772331892702
2020-06-20 09:15:00,0.22127385068205285
2020-06-20 09:18:00,0.18017324367411902
2020-06-20 09:21:00,0.1621748653608961
2020-06-20 09:24:00,0.07651436252717758
2020-06-20 09:27:00,0.008316697345037483
2020-06-20 09:30:00,0.12381594127009521
2020-06-20 09:33:00,0.2454215875841328
2020-06-20 09:36:00,0.12876141343753034
2020-06-20 09:39:00,0.02962578941958327
2020-06-20 09:42:00,0.03725248395704739
2020-06-20 09:45:00,0.12262035250603276
2020-06-20 09:48:00,0.17925754850017483
2020-06-20 09:51:00,0.12272891063162206
2020-06-20 09:54:00,0.08321437916288232
2020-06-20 09:57:00,0.20544061045006856
2020-06-20 10:00:00,0.19512547369959066
2020-06-20 10:03:00,0.16684253666511495
2020-06-20 10:06:00,0.08144816222568352
2020-06-20 10:09:00,0.12620592156355315
2020-06-20 10:12:00,0.0647327921348051
2020-06-20 10:15:00,0.16965832834137018
2020-06-20 10:18:00,0.13874621535705955
2020-06-20 10:21:00,0.12746970573755334
2020-06-20 10:24:00,0.15281196235810057
2020-06-20 10:27:00,0.151859697865234
2020-06-20 10:30:00,0.15269990227045582
2020-06-20 10:33:00,0.17673582956155087
2020-06-20 10:36:00,0.14986691484426728
2020-06-20 10:39:00,0.12760298645946477
2020-06-20 10:42:00,0.0448986009725445
2020-06-20 10:45:00,0.1373597326267486
2020-06-20 10:48:00,0.10197662586222123
2020-06-20 10:51:00,0.08855284293127852
2020-06-20 10:54:00,0.10501273555888702
2020-06-20 10:57:00,0.11032664247323964
2020-06-20 11:00:00,0.07304446474637416
2020-06-20 11:03:00,-0.025763240754486105
2020-06-20 11:06:00,0.15725385139802484
2020-06-20 11:09:00,0.051030993458255125
2020-06-20 11:12:00,0.08459875885114343
2020-06-20 11:15:00,-0.027412474487334748
2020-06-20 11:18:00,-0.13226613079217486
2020-06-20 11:21:00,0.03629351297161065
2020-06-20 11:24:00,0.07881627042479522
2020-06-20 11:27:00,-0.14202237991497668
2020-06-20 11:30:00,-0.12243145677109624
2020-06-20 11:33:00,-0.10228873972278052
2020-06-20 11:36:00,-0.0951008924481016
2020-06-20 11:39:00,-0.01894081341748688
2020-06-20 11:42:00,0.00048167426911049915
2020-06-20 11:45:00,-0.09989271005764522
2020-06-20 11:48:00,-0.08194680144220001
2020-06-20 11:51:00,0.02849452271169639
2020-06-20 11:54:00,-0.2148066521808687
2020-06-20 11:57:00,-0.1737968619095227
2020-06-20 12:00:00,-0.20106053435011972
2020-06-20 12:03:00,-0.1419803545142031
2020-06-20 12:06:00,-0.15727839604039673
2020-06-20 12:09:00,-0.16864820944181247
2020-06-20 12:12:00,-0.22781946089440908
2020-06-20 12:15:00,-0.374522029765501
2020-06-20 12:18:00,-0.27964274070939155
2020-06-20 12:21:00,-0.29288479329733264
2020-06-20 12:24:00,-0.2402954093425933
2020-06-20 12:27:00,-0.26688681471370046
2020-06-20 12:30:00,-0.2011301869390536
2020-06-20 12:33:00,-0.2733231303946013
2020-06-20 12:36:00,-0.34476210208276825
2020-06-20 12:39:00,-0.3100144607028028
2020-06-20 12:42:00,-0.17715376999149157
2020-06-20 12:45:00,-0.16677523319765442
2020-06-20 12:48:00,-0.2792741080459109
2020-06-20 12:51:00,-0.2735105596311769
2020-06-20 12:54:00,-0.3027582726858782
2020-06-20 12:57:00,-0.3381809820614876
2020-06-20 13:00:00,-0.3033499427867241
2020-06-20 13:03:00,-0.3747701146670579
2020-06-20 13:06:00,-0.39673496058668434
2020-06-20 13:09:00,-0.356862220215703
2020-06-20 13:12:00,-0.40772613022113546
2020-06-20 13:15:00,-0.4532274240124252
2020-06-20 13:18:00,-0.3234861004575009
2020-06-20 13:21:00,-0.31530679503055126
2020-06-20 13:24:00,-0.34175798414059955
2020-06-20 13:27:00,-0.36916601685459227
2020-06-20 13:30:00,-0.3262874359995749
2020-06-20 13:33:00,-0.17961249681076197
2020-06-20 13:36:00,-0.37338774418202547
2020-06-20 13:39:00,-0.2592364379484593
2020-06-20 13:42:00,-0.38733102066765923
2020-06-20 13:45:00,-0.3948207386829381
2020-06-20 13:48:00,-0.338511578093744
2020-06-20 13:51:00,-0.36448067261733286
2020-06-20 13:54:00,-0.3669112069619018
2020-06-20 13:57:00,-0.403949803703199
2020-06-20 14:00:00,-0.4280955701119069
2020-06-20 14:03:00,-0.44111639815764647
2020-06-20 14:06:00,-0.48690232659214416
2020-06-20 14:09:00,-0.4708020707485616
2020-06-20 14:12:00,-0.3249563006484095
2020-06-20 14:15:00,-0.5251359740911994
2020-06-20 14:18:00,-0.325926527774584
2020-06-20 14:21:00,-0.40735723983618755
2020-06-20 14:24:00,-0.460633794099067
2020-06-20 14:27:00,-0.36132019522017345
2020-06-20 14:30:00,-0.443423684028744
2020-06-20 14:33:00,-0.388250080522198
2020-06-20 14:36:00,-0.4199902387771317
2020-06-20 14:39:00,-0.3796366717529054
2020-06-20 14:42:00,-0.46240475090525024
2020-06-20 14:45:00,-0.520547895300524
2020-06-20 14:48:00,-0.5232994320446096
2020-06-20 14:51:00,-0.48718651841466
2020-06-20 14:54:00,-0.4653452549916892
2020-06-20 14:57:00,-0.4879628931311686
2020-06-20 15:00:00,-0.46149388924902723
2020-06-20 15:03:00,-0.4622777532953819
2020-06-20 15:06:00,-0.5061135371692558
2020-06-20 15:09:00,-0.5026920790454596
2020-06-20 15:12:00,-0.46742754751420534
2020-06-20 15:15:00,-0.5569403311220071
2020-06-20 15:18:00,-0.39289884878149905
2020-06-20 15:21:00,-0.43510247117245626
2020-06-20 15:24:00,-0.39646716971822116
2020-06-20 15:27:00,-0.31755868209285154
2020-06-20 15:30:00,-0.5116106219426229
2020-06-20 15:33:00,-0.5079823950832747
2020-06-20 15:36:00,-0.5173462125586639
2020-06-20 15:39:00,-0.5773604216026911
2020-06-20 15:42:00,-0.532374095296575
2020-06-20 15:45:00,-0.4077805523112943
2020-06-20 15:48:00,-0.4189703855472544
2020-06-20 15:51:00,-0.5235950142240426
2020-06-20 15:54:00,-0.41656541024497074
2020-06-20 15:57:00,-0.5408240727184079
2020-06-20 16:00:00,-0.5196232481071661
2020-06-20 16:03:00,-0.5385153590278264
2020-06-20 16:06:00,-0.28766245655367584
2020-06-20 16:09:00,-0.5350058852603752
2020-06-20 16:12:00,-0.47232392686032654
2020-06-20 16:15:00,-0.45807214852999323
2020-06-20 16:18:00,-0.42897962206677676
2020-06-20 16:21:00,-0.5036798058193312
2020-06-20 16:24:00,-0.4738101037784759
2020-06-20 16:27:00,-0.48037301414012745
2020-06-20 16:30:00,-0.4199160134898534
2020-06-20 16:33:00,-0.5032868625274887
2020-06-20 16:36:00,-0.49589743144514387
2020-06-20 16:39:00,-0.4572892751613722
2020-06-20 16:42:00,-0.3633973882765531
2020-06-20 16:45:00,-0.3994072704317091
2020-06-20 16:48:00,-0.3888528419315662
2020-06-20 16:51:00,-0.2398342536112068
2020-06-20 16:54:00,-0.44299395873514413
2020-06-20 16:57:00,-0.3000110757477046
2020-06-20 17:00:00,-0.2535467739355113
2020-06-20 17:03:00,-0.310745366284948
2020-06-20 17:06:00,-0.328826291221219
2020-06-20 17:09:00,-0.40214699677346744
2020-06-20 17:12:00,-0.23046893033750848
2020-06-20 17:15:00,-0.32123243912076305
2020-06-20 17:18:00,-0.318278873351062
2020-06-20 17:21:00,-0.3172536022123609
2020-06-20 17:24:00,-0.27241233395363906
2020-06-20 17:27:00,-0.2353364348311402
2020-06-20 17:30:00,-0.32221989184000677
2020-06-20 17:33:00,-0.43108346065423575
2020-06-20 17:36:00,-0.33975786625507
2020-06-20 17:39:00,-0.26647864927440423
2020-06-20 17:42:00,-0.2753536227532436
2020-06-20 17:45:00,-0.33250723629311096
2020-06-20 17:48:00,-0.3426262897291963
2020-06-20 17:51:00,-0.305839083106207
2020-06-20 17:54:00,-0.2903410079830451
2020-06-20 17:57:00,-0.34566711437622644
2020-06-20 18:00:00,-0.10820126391411122
2020-06-20 18:03:00,-0.2815409413044563
2020-06-20 18:06:00,-0.21112242155481908
2020-06-20 18:09:00,-0.2633504429633149
2020-06-20 18:12:00,-0.20013874130603426
2020-06-20 18:15:00,-0.2652193983528264
2020-06-20 18:18:00,-0.20527061823315762
2020-06-20 18:21:00,-0.2143960193089356
2020-06-20 18:24:00,-0.19459379274763933
2020-06-20 18:27:00,-0.1946476355541904
2020-06-20 18:30:00,-0.20876168385092342
2020-06-20 18:33:00,-0.18398075260535052
2020-06-20 18:36:00,-0.1647052483659195
2020-06-20 18:39:00,-0.22468343303080474
2020-06-20 18:42:00,-0.22314790853806699
2020-06-20 18:45:00,-0.1835441900257706
2020-06-20 18:48:00,-0.08050837281194845
2020-06-20 18:51:00,-0.1024577028624094
2020-06-20 18:54:00,
2020-06-20 18:57:00,
2020-06-20 19:00:00,
2020-06-20 19:03:00,-0.16946867332376314
2020-06-20 19:06:00,-0.16783096953423637
2020-06-20 19:09:00,-0.0998472296398063
2020-06-20 19:12:00,-0.11515751733054458
2020-06-20 19:15:00,0.00038657153925214516
2020-06-20 19:18:00,-0.06364988217484324
2020-06-20 19:21:00,-0.12047545378737823
2020-06-20 19:24:00,0.012729167822612908
2020-06-20 19:27:00,-0.1090648996836876
2020-06-20 19:30:00,-0.07789472643401041
2020-06-20 19:33:00,-0.15005535493696698
2020-06-20 19:36:00,-0.1526716484232793
2020-06-20 19:39:00,-0.1228151210449937
2020-06-20 19:42:00,-0.10217629639748793
2020-06-20 19:45:00,0.009489765476700995
2020-06-20 19:48:00,-0.12204493789766957
2020-06-20 19:51:00,-0.02402056583474632
2020-06-20 19:54:00,-0.036088658195069456
2020-06-20 19:57:00,-0.06165327501679485
2020-06-20 20:00:00,-0.060206344821494895
2020-06-20 20:03:00,-0.12637946219371088
2020-06-20 20:06:00,0.004355132382613647
2020-06-20 20:09:00,-0.032236689151773135
2020-06-20 20:12:00,0.012095547069350232
2020-06-20 20:15:00,-0.11917264462175581
2020-06-20 20:18:00,0.002081213713950092
2020-06-20 20:21:00,-0.028730231233737413
2020-06-20 20:24:00,-0.016458393871289445
2020-06-20 20:27:00,-0.14861383192720723
2020-06-20 20:30:00,-0.11632296877218096
2020-06-20 20:33:00,0.01772779368030797
2020-06-20 20:36:00,0.05348001095416066
2020-06-20 20:39:00,0.0767121940961033
2020-06-20 20:42:00,0.13677341256942555
2020-06-20 20:45:00,0.14923578497086964
2020-06-20 20:48:00,0.18520892233749464
2020-06-20 20:51:00,0.15542895510520793
2020-06-20 20:54:00,0.18607165478528032
2020-06-20 20:57:00,0.139875985909498
2020-06-20 21:00:00,0.1019477527160575
2020-06-20 21:03:00,-0.08487769438130499
2020-06-20 21:06:00,0.06472456498659085
2020-06-20 21:09:00,-0.03590863699560032
2020-06-20 21:12:00,0.0010829881399558872
2020-06-20 21:15:00,-0.08673046375105287
2020-06-20 21:18:00,0.0414643322634447
2020-06-20 21:21:00,-0.04342857478428641
2020-06-20 21:24:00,0.05334848707661877
2020-06-20 21:27:00,-0.009053816533651116
2020-06-20 21:30:00,-0.019046632672257147
2020-06-20 21:33:00,0.07184671585912383
2020-06-20 21:36:00,0.09599123806668786
2020-06-20 21:39:00,0.1854771324206581
2020-06-20 21:42:00,0.19695047373511443
2020-06-20 21:45:00,0.23013985924779945
2020-06-20 21:48:00,0.24143360726333185
2020-06-20 21:51:00,0.3582823142239704
2020-06-20 21:54:00,0.23357791884052403
2020-06-20 21:57:00,0.15533636545956142
2020-06-20 22:00:00,0.16907057427027894
2020-06-20 22:03:00,0.26792499122484514
2020-06-20 22:06:00,0.23121623282600012
2020-06-20 22:09:00,0.23304003105818083
2020-06-20 22:12:00,0.24718453417176534
2020-06-20 22:15:00,0.18431070985275255
2020-06-20 22:18:00,0.2283645696552412
2020-06-20 22:21:00,0.33148952091312367
2020-06-20 22:24:00,0.1995132071231751
2020-06-20 22:27:00,0.1317304410437714
2020-06-20 22:30:00,0.10207971547248462
2020-06-20 22:33:00,0.21707367032138336
2020-06-20 22:36:00,0.14216527547603164
2020-06-20 22:39:00,0.20044392887308504
2020-06-20 22:42:00,0.18384074265810568
2020-06-20 22:45:00,0.1161360185394642
2020-06-20 22:48:00,0.22880917916904764
2020-06-20 22:51:00,0.27067105774045785
2020-06-20 22:54:00,0.2570291845275392
2020-06-20 22:57:00,0.25585039225711625
2020-06-20 23:00:00,0.21880115520883692
2020-06-20 23:03:00,0.27056772049246547
2020-06-20 23:06:00,0.31729549775076293
2020-06-20 23:09:00,0.3154946783976129
2020-06-20 23:12:00,0.11970040654779268
2020-06-20 23:15:00,0.16912276967786966
2020-06-20 23:18:00,0.2254850949379943
2020-06-20 23:21:00,0.18031776005489064
2020-06-20 23:24:00,0.15753317869649663
2020-06-20 23:27:00,0.19562749114743383
2020-06-20 23:30:00,0.19758315127660353
2020-06-20 23:33:00,0.20125008112398746
2020-06-20 23:36:00,0.17369324678548992
2020-06-20 23:39:00,0.3197334500963507
2020-06-20 23:42:00,0.3248952319748355
2020-06-20 23:45:00,0.38452587542900574
2020-06-20 23:48:00,0.18542430938100551
2020-06-20 23:51:00,0.34955640211279615
2020-06-20 23:54:00,0.25043226675268215
2020-06-20 23:57:00,0.35181714775291084
2020-06-21 00:00:00,0.3243722979231052
2020-06-21 00:03:00,0.4134982419665789
2020-06-21 00:06:00,0.39470980839274716
2020-06-21 00:09:00,0.44853130651995343
2020-06-21 00:12:00,0.3099697508725967
2020-06-21 00:15:00,0.25404542315260414
2020-06-21 00:18:00,0.38281929925040004
2020-06-21 00:21:00,0.3124381362787858
2020-06-21 00:24:00,0.28613149000165095
2020-06-21 00:27:00,0.20880857795407337
2020-06-21 00:30:00,0.3305372738986989
2020-06-21 00:33:00,0.37251820924109325
2020-06-21 00:36:00,0.3365577121242609
2020-06-21 00:39:00,0.2990106370711487
2020-06-21 00:42:00,0.3219979913515658
2020-06-21 00:45:00,0.2839795889883021
2020-06-21 00:48:00,0.40734667959617354
2020-06-21 00:51:00,0.3117119418960783
2020-06-21 00:54:00,0.34481178104118726
2020-06-21 00:57:00,0.3370056066882512
2020-06-21 01:00:00,0.3990591370284733
2020-06-21 01:03:00,0.3272994517016059
2020-06-21 01:06:00,0.38853883363964314
2020-06-21 01:09:00,0.4545981727755475
2020-06-21 01:12:00,0.41398960136803
2020-06-21 01:15:00,0.44289081327769964
2020-06-21 01:18:00,0.4161120863917631
2020-06-21 01:21:00,0.49323794905347995
2020-06-21 01:24:00,0.4133329802797334
2020-06-21 01:27:00,0.4424993357749827
2020-06-21 01:30:00,0.4109386937001318
2020-06-21 01:33:00,0.39117235511605486
2020-06-21 01:36:00,0.38396181130320883
2020-06-21 01:39:00,0.46221614377009246
2020-06-21 01:42:00,0.3950984671778883
2020-06-21 01:45:00,0.39662847508230925
2020-06-21 01:48:00,0.41708952111372355
2020-06-21 01:51:00,0.4105330048437281
2020-06-21 01:54:00,0.42075781255692846
2020-06-21 01:57:00,0.42825873092795064
2020-06-21 02:00:00,0.43631055232930294
2020-06-21 02:03:00,0.3679483101875576
2020-06-21 02:06:00,0.44029332582908864
2020-06-21 02:09:00,0.40929726182923787
2020-06-21 02:12:00,0.373216499932596
2020-06-21 02:15:00,0.4820083815266685
2020-06-21 02:18:00,0.3254491756683251
2020-06-21 02:21:00,0.4338039375368794
2020-06-21 02:24:00,0.5009046228825014
2020-06-21 02:27:00,0.501062674536513
2020-06-21 02:30:00,0.40198479014208033
2020-06-21 02:33:00,0.4744080634034731
2020-06-21 02:36:00,0.3992731724474652
2020-06-21 02:39:00,0.4348800677922213
2020-06-21 02:42:00,0.38800365628168265
2020-06-21 02:45:00,0.44341861184125264
2020-06-21 02:48:00,0.3551312828488449
2020-06-21 02:51:00,0.3095674150644072
2020-06-21 02:54:00,0.4476086779823163
2020-06-21 02:57:00,0.5143584099006375
2020-06-21 03:00:00,0.4232704563649463
2020-06-21 03:03:00,0.4228475709761028
2020-06-21 03:06:00,0.4461621619494167
2020-06-21 03:09:00,0.44748667855373014
2020-06-21 03:12:00,0.45662399031124323
2020-06-21 03:15:00,0.42450024913438256
2020-06-21 03:18:00,0.4141807571986078
2020-06-21 03:21:00,0.47158430408723007
2020-06-21 03:24:00,0.33894261106655676
2020-06-21 03:27:00,0.35925300764955637
2020-06-21 03:30:00,0.3316166051375262
2020-06-21 03:33:00,0.48711908329875087
2020-06-21 03:36:00,0.40933209920143554
2020-06-21 03:39:00,0.34932343161659674
2020-06-21 03:42:00,0.48229385901998967
2020-06-21 03:45:00,0.418982826837464
2020-06-21 03:48:00,0.5092864137276365
2020-06-21 03:51:00,0.33114179812071143
2020-06-21 03:54:00,0.3606586762741131
2020-06-21 03:57:00,0.36467641439662657
2020-06-21 04:00:00,0.4157637103239722
2020-06-21 04:03:00,0.3911400308064117
2020-06-21 04:06:00,0.3680247740963978
2020-06-21 04:09:00,0.3537322875716882
2020-06-21 04:12:00,0.40974472172786136
2020-06-21 04:15:00,0.4072684821978214
2020-06-21 04:18:00,0.36613611107941324
2020-06-21 04:21:00,0.43240973711186825
2020-06-21 04:24:00,0.3901785414291794
2020-06-21 04:27:00,0.39425610045140047
2020-06-21 04:30:00,0.3750974734770125
2020-06-21 04:33:00,0.3454149330559062
2020-06-21 04:36:00,0.4461011338559615
2020-06-21 04:39:00,0.47405290229590946
2020-06-21 04:42:00,0.4597538472045244
2020-06-21 04:45:00,0.5197450517721336
2020-06-21 04:48:00,0.4711375834215801
2020-06-21 04:51:00,0.4602468140528231
2020-06-21 04:54:00,0.4121554986541014
2020-06-21 04:57:00,0.46972476206138936
2020-06-21 05:00:00,0.37992147529138265
2020-06-21 05:03:00,0.4428408893434721
2020-06-21 05:06:00,0.4182634101935605
2020-06-21 05:09:00,0.3694761327420224
2020-06-21 05:12:00,0.4812672680105834
2020-06-21 05:15:00,0.4335466784160644
2020-06-21 05:18:00,0.4751729561992306
2020-06-21 05:21:00,0.49233225524449153
2020-06-21 05:24:00,0.5709358400095539
2020-06-21 05:27:00,0.5035783101043307
2020-06-21 05:30:00,0.4775292679762515
2020-06-21 05:33:00,0.4060288290455105
2020-06-21 05:36:00,0.5549158247090418
2020-06-21 05:39:00,0.441424808061754
2020-06-21 05:42:00,0.5182559282893067
2020-06-21 05:45:00,0.41720618836950507
2020-06-21 05:48:00,0.5014748645413079
2020-06-21 05:51:00,0.5341195945041477
2020-06-21 05:54:00,0.45356030080421306
2020-06-21 05:57:00,0.41921185150090423
2020-06-21 06:00:00,0.4767650148768894
2020-06-21 06:03:00,0.4659744772002341
2020-06-21 06:06:00,0.5241877099107342
2020-06-21 06:09:00,0.4597186428482587
2020-06-21 06:12:00,0.4747162819511459
2020-06-21 06:15:00,0.4644360341119409
2020-06-21 06:18:00,0.5253283608130914
2020-06-21 06:21:00,0.5173554141046566
2020-06-21 06:24:00,0.474978579274989
2020-06-21 06:27:00,0.5034511468006713
2020-06-21 06:30:00,0.46181270619922543
2020-06-21 06:33:00,0.511041409909808
2020-06-21 06:36:00,0.3826254982002979
2020-06-21 06:39:00,0.5085800337505475
2020-06-21 06:42:00,0.5202428460921737
2020-06-21 06:45:00,0.455893365977488
2020-06-21 06:48:00,0.5056523276742269
2020-06-21 06:51:00,0.45988644197137774
2020-06-21 06:54:00,0.48782479651617905
2020-06-21 06:57:00,0.509528073079025
2020-06-21 07:00:00,0.5029401239773961
2020-06-21 07:03:00,0.33783804235048365
2020-06-21 07:06:00,0.5644436712823335
2020-06-21 07:09:00,0.4819897576246035
2020-06-21 07:12:00,0.55796617092426
2020-06-21 07:15:00,0.47519983712271596
2020-06-21 07:18:00,0.5265654987499602
2020-06-21 07:21:00,0.49902772785293337
2020-06-21 07:24:00,0.47803284416295355
2020-06-21 07:27:00,0.5191663203725625
2020-06-21 07:30:00,0.5598351939547683
2020-06-21 07:33:00,0.4986865980278594
2020-06-21 07:36:00,0.5300920660204156
2020-06-21 07:39:00,0.6090556213713398
2020-06-21 07:42:00,0.49931331860557293
2020-06-21 07:45:00,0.5449407810853018
2020-06-21 07:48:00,0.5466609959362358
2020-06-21 07:51:00,0.5390646159431753
2020-06-21 07:54:00,0.4155612664303021
2020-06-21 07:57:00,0.3886519797787287
2020-06-21 08:00:00,0.4672675743478294
2020-06-21 08:03:00,0.42109974839041797
2020-06-21 08:06:00,0.5690829174023406
2020-06-21 08:09:00,0.4817188681405469
2020-06-21 08:12:00,0.46803876247025755
2020-06-21 08:15:00,0.47700129149222903
2020-06-21 08:18:00,0.3447511272507313
2020-06-21 08:21:00,0.49507473212497644
2020-06-21 08:24:00,0.3827440490629215
2020-06-21 08:27:00,0.47933252361826817
2020-06-21 08:30:00,0.38716558541244694
2020-06-21 08:33:00,0.4134381488760823
2020-06-21 08:36:00,0.4673144131343747
2020-06-21 08:39:00,0.41745497236479423
2020-06-21 08:42:00,0.41542603077965623
2020-06-21 08:45:00,0.375458801717798
2020-06-21 08:48:00,0.40789847458739814
2020-06-21 08:51:00,0.4722168280931669
2020-06-21 08:54:00,0.5572782189620398
2020-06-21 08:57:00,0.41109224118775956
2020-06-21 09:00:00,0.4231329920376652
2020-06-21 09:03:00,0.43375649569622965
2020-06-21 09:06:00,0.4910951661958052
2020-06-21 09:09:00,0.361089707518488
2020-06-21 09:12:00,0.3229263415061041
2020-06-21 09:15:00,0.3558759550744526
2020-06-21 09:18:00,0.37500806388879937
2020-06-21 09:21:00,0.3489701677716539
2020-06-21 09:24:00,0.30251741631980167
2020-06-21 09:27:00,0.3213608244441275
2020-06-21 09:30:00,0.4014451893393698
2020-06-21 09:33:00,0.32660630059797313
2020-06-21 09:36:00,0.30462525720065514
2020-06-21 09:39:00,0.39246109335039137
2020-06-21 09:42:00,0.2555974634495328
2020-06-21 09:45:00,0.2111271722391166
2020-06-21 09:48:00,0.3157746946989164
2020-06-21 09:51:00,0.2517015769809632
2020-06-21 09:54:00,0.24804861990998006
2020-06-21 09:57:00,0.3502734312522193
2020-06-21 10:00:00,0.15826694478437275
2020-06-21 10:03:00,0.2913468888579587
2020-06-21 10:06:00,0.24075188413200976
2020-06-21 10:09:00,0.2554825125101843
2020-06-21 10:12:00,0.20239314613598935
2020-06-21 10:15:00,0.08479442934896042
2020-06-21 10:18:00,0.11931035169453708
2020-06-21 10:21:00,0.10606029943539852
2020-06-21 10:24:00,0.12699658168929773
2020-06-21 10:27:00,0.04778679294770427
2020-06-21 10:30:00,0.11021320231844811
2020-06-21 10:33:00,0.06105378225646518
2020-06-21 10:36:00,0.018583959828276875
2020-06-21 10:39:00,0.030842907191470204
2020-06-21 10:42:00,0.045094990739869445
2020-06-21 10:45:00,-0.020740650259483573
2020-06-21 10:48:00,-0.01148893870572465
2020-06-21 10:51:00,-0.07072495077756003
2020-06-21 10:54:00,0.0009387181197553218
2020-06-21 10:57:00,0.0005796694176751771
2020-06-21 11:00:00,-0.08662730619096237
2020-06-21 11:03:00,-0.04468736801044315
2020-06-21 11:06:00,-0.08102701433404036
2020-06-21 11:09:00,-0.23290423053333598
2020-06-21 11:12:00,-0.08210263521181105
2020-06-21 11:15:00,-0.2195278740095432
2020-06-21 11:18:00,-0.18977161479415372
2020-06-21 11:21:00,-0.20652580714312307
2020-06-21 11:24:00,-0.1485976607898465
2020-06-21 11:27:00,-0.30566933767659066
2020-06-21 11:30:00,-0.2640480204557889
2020-06-21 11:33:00,-0.2569508188265104
2020-06-21 11:36:00,-0.2257979303421962
2020-06-21 11:39:00,-0.30623937044305194
2020-06-21 11:42:00,-0.3119540911926606
2020-06-21 11:45:00,-0.32521657695701833
2020-06-21 11:48:00,-0.36363663827711434
2020-06-21 11:51:00,-0.34774385614377934
2020-06-21 11:54:00,-0.2840925896359181
2020-06-21 11:57:00,-0.30557817373562557
2020-06-21 12:00:00,-0.3475787931253649
2020-06-21 12:03:00,-0.31909707735457005
2020-06-21 12:06:00,-0.23494283325862853
2020-06-21 12:09:00,-0.3619244717199308
2020-06-21 12:12:00,-0.4101676506027161
2020-06-21 12:15:00,-0.4361809671586343
2020-06-21 12:18:00,-0.4236945490583821
2020-06-21 12:21:00,-0.4755063687376264
2020-06-21 12:24:00,-0.44616001992591237
2020-06-21 12:27:00,-0.3780787858177064
2020-06-21 12:30:00,-0.2791398596233421
2020-06-21 12:33:00,-0.37039643872884653
2020-06-21 12:36:00,-0.49314335548967847
2020-06-21 12:39:00,-0.46902530354202554
2020-06-21 12:42:00,-0.5110594752366637
2020-06-21 12:45:00,-0.5194414299969594
2020-06-21 12:48:00,-0.5260946899392707
2020-06-21 12:51:00,-0.39402492314087567
2020-06-21 12:54:00,-0.478138718932712
2020-06-21 12:57:00,-0.49418819657677204
2020-06-21 13:00:00,-0.48000989386275705
2020-06-21 13:03:00,-0.49408124222651395
2020-06-21 13:06:00,-0.4391324862174315
2020-06-21 13:09:00,-0.5502390981839653
2020-06-21 13:12:00,-0.5573180427639954
2020-06-21 13:15:00,-0.5863907351909461
2020-06-21 13:18:00,-0.532294972475654
2020-06-21 13:21:00,-0.5757908323417951
2020-06-21 13:24:00,-0.42315586682735784
2020-06-21 13:27:00,-0.5102881200372735
2020-06-21 13:30:00,-0.5634995172277968
2020-06-21 13:33:00,-0.484138402453425
2020-06-21 13:36:00,-0.5202804943551769
2020-06-21 13:39:00,-0.606975869220264
2020-06-21 13:42:00,-0.44692913449540583
2020-06-21 13:45:00,-0.4557706039209961
2020-06-21 13:48:00,-0.506220409705918
2020-06-21 13:51:00,-0.6063068192407286
2020-06-21 13:54:00,-0.5363889581004173
2020-06-21 13:57:00,-0.4935564973523583
2020-06-21 14:00:00,-0.5543874773701987
2020-06-21 14:03:00,-0.5711243510355644
2020-06-21 14:06:00,-0.44660848206615356
2020-06-21 14:09:00,-0.49905380374502784
2020-06-21 14:12:00,-0.5267387837478168
2020-06-21 14:15:00,-0.44950599132170055
2020-06-21 14:18:00,-0.544405551991133
2020-06-21 14:21:00,-0.5084860811426779
2020-06-21 14:24:00,-0.5512559697685901
2020-06-21 14:27:00,-0.5037343216342833
2020-06-21 14:30:00,-0.4999527436060589
2020-06-21 14:33:00,-0.5042903194064934
2020-06-21 14:36:00,-0.5913836765814153
2020-06-21 14:39:00,-0.5347087278923937
2020-06-21 14:42:00,-0.46190576484877965
2020-06-21 14:45:00,-0.517580396728647
2020-06-21 14:48:00,-0.4122547803677321
2020-06-21 14:51:00,-0.4553422663273068
2020-06-21 14:54:00,-0.5144245568666861
2020-06-21 14:57:00,-0.6160945159248286
2020-06-21 15:00:00,-0.5198318212551385
2020-06-21 15:03:00,-0.5413585526493421
2020-06-21 15:06:00,-0.4982897178541066
2020-06-21 15:09:00,-0.553535913372798
2020-06-21 15:12:00,-0.49419776481380495
2020-06-21 15:15:00,-0.45408907147765376
2020-06-21 15:18:00,-0.5210629404130032
2020-06-21 15:21:00,-0.6020276945363889
2020-06-21 15:24:00,-0.5078088731567618
2020-06-21 15:27:00,-0.5121580927523723
2020-06-21 15:30:00,-0.535850794237831
2020-06-21 15:33:00,-0.5438301634417826
2020-06-21 15:36:00,-0.47637325114214946
2020-06-21 15:39:00,-0.5250865903668682
2020-06-21 15:42:00,-0.5535418247440589
2020-06-21 15:45:00,-0.4253139106832009
2020-06-21 15:48:00,-0.4907237029787552
2020-06-21 15:51:00,-0.49389720010589144
2020-06-21 15:54:00,-0.3851731898068351
2020-06-21 15:57:00,-0.48973418716440165
2020-06-21 16:00:00,-0.5726426176320274
2020-06-21 16:03:00,-0.5571541405882385
2020-06-21 16:06:00,-0.449506461504086
2020-06-21 16:09:00,-0.4639845121270696
2020-06-21 16:12:00,-0.4757400057319501
2020-06-21 16:15:00,-0.4245762368549322
2020-06-21 16:18:00,-0.44793749081941314
2020-06-21 16:21:00,-0.41371793192678297
2020-06-21 16:24:00,-0.43032843617550043
2020-06-21 16:27:00,-0.45257906400769343
2020-06-21 16:30:00,-0.4514792571245607
2020-06-21 16:33:00,-0.585289968671475
2020-06-21 16:36:00,-0.5117255794352786
2020-06-21 16:39:00,-0.4962772003852933
2020-06-21 16:42:00,-0.5095518247140944
2020-06-21 16:45:00,-0.5513771179222999
2020-06-21 16:48:00,-0.6058580964903513
2020-06-21 16:51:00,-0.5842706397166921
2020-06-21 16:54:00,-0.5087367825991009
2020-06-21 16:57:00,-0.45639478426949154
2020-06-21 17:00:00,-0.425925912083585
2020-06-21 17:03:00,-0.45100119104949954
2020-06-21 17:06:00,-0.37907413523834066
2020-06-21 17:09:00,-0.4420681002027891
2020-06-21 17:12:00,-0.43048756126120225
2020-06-21 17:15:00,-0.5366569858024377
2020-06-21 17:18:00,-0.4901150591701935
2020-06-21 17:21:00,-0.31054694933573046
2020-06-21 17:24:00,-0.4821258503570789
2020-06-21 17:27:00,-0.41332622946174524
2020-06-21 17:30:00,-0.43180246729849614
2020-06-21 17:33:00,-0.42722615529527275
2020-06-21 17:36:00,-0.3484894894194781
2020-06-21 17:39:00,-0.22476171831618785
2020-06-21 17:42:00,-0.035934466982723734
2020-06-21 17:45:00,-0.13816788118163004
2020-06-21 17:48:00,-0.14016496796858746
2020-06-21 17:51:00,-0.18654185187904204
2020-06-21 17:54:00,-0.1368876135737196
2020-06-21 17:57:00,-0.17562323045751782
2020-06-21 18:00:00,-0.16056818588475608
2020-06-21 18:03:00,-0.14291463394187076
2020-06-21 18:06:00,-0.09504238827310019
2020-06-21 18:09:00,-0.21061210043421852
2020-06-21 18:12:00,-0.1572313415902613
2020-06-21 18:15:00,-0.21749969478094044
2020-06-21 18:18:00,-0.12519397317828407
2020-06-21 18:21:00,-0.1635216316042829
2020-06-21 18:24:00,-0.2392832271867178
2020-06-21 18:27:00,-0.18509569746214538
2020-06-21 18:30:00,-0.08739190792090312
2020-06-21 18:33:00,-0.20442754103913785
2020-06-21 18:36:00,-0.08141221795273168
2020-06-21 18:39:00,-0.14819114570730108
2020-06-21 18:42:00,-0.20758292541154333
2020-06-21 18:45:00,-0.17183129402610575
2020-06-21 18:48:00,-0.1617327701856084
2020-06-21 18:51:00,-0.06863934665233273
2020-06-21 18:54:00,
2020-06-21 18:57:00,
2020-06-21 19:00:00,
2020-06-21 19:03:00,-0.1457750701539453
2020-06-21 19:06:00,-0.13361570926679178
2020-06-21 19:09:00,-0.08133780904984178
2020-06-21 19:12:00,-0.11866122428602921
2020-06-21 19:15:00,-0.009310040662796837
2020-06-21 19:18:00,-0.10083107892842236
2020-06-21 19:21:00,-0.13501438015964595
2020-06-21 19:24:00,-0.01057371361952164
2020-06-21 19:27:00,-0.1292464501602808
2020-06-21 19:30:00,-0.059466692867204074
2020-06-21 19:33:00,-0.1759990413266337
2020-06-21 19:36:00,-0.05141574320299469
2020-06-21 19:39:00,-0.1539604615199437
2020-06-21 19:42:00,-0.22041861744975222
2020-06-21 19:45:00,-0.2612624331048323
2020-06-21 19:48:00,-0.06757331595611049
2020-06-21 19:51:00,-0.14673762492282094
2020-06-21 19:54:00,-0.04098618005281196
2020-06-21 19:57:00,-0.04327253287368649
2020-06-21 20:00:00,0.05417247325317476
2020-06-21 20:03:00,-0.08562346169890134
2020-06-21 20:06:00,-0.056749183047088536
2020-06-21 20:09:00,-0.15886340125911147
2020-06-21 20:12:00,-0.06964010925543107
2020-06-21 20:15:00,-0.015311951180876804
2020-06-21 20:18:00,-0.08967827742804957
2020-06-21 20:21:00,-0.06532816964937638
2020-06-21 20:24:00,-0.01902546122039439
2020-06-21 20:27:00,-0.17761957606001033
2020-06-21 20:30:00,-0.14860829008711107
2020-06-21 20:33:00,-0.041492363193583515
2020-06-21 20:36:00,-0.1577425788278788
2020-06-21 20:39:00,-0.10562906267750805
2020-06-21 20:42:00,-0.13943865036702618
2020-06-21 20:45:00,-0.17116607749557033
2020-06-21 20:48:00,-0.10120315349757902
2020-06-21 20:51:00,-0.12184804588861198
2020-06-21 20:54:00,-0.21221404670006905
2020-06-21 20:57:00,-0.11038660985155957
2020-06-21 21:00:00,-0.03999794517199007
2020-06-21 21:03:00,0.08280423741933873
2020-06-21 21:06:00,0.07138482024498671
2020-06-21 21:09:00,0.1887878241452654
2020-06-21 21:12:00,0.06703727913384228
2020-06-21 21:15:00,0.08244505683182979
2020-06-21 21:18:00,0.0836355666245936
2020-06-21 21:21:00,0.07142487063475755
2020-06-21 21:24:00,-0.01778377105938489
2020-06-21 21:27:00,0.11841437573582425
2020-06-21 21:30:00,0.20922483795845892
2020-06-21 21:33:00,0.11809299108074356
2020-06-21 21:36:00,0.16603285971496007
2020-06-21 21:39:00,0.2610275403551441
2020-06-21 21:42:00,0.22438968321989705
2020-06-21 21:45:00,0.06424024270683049
2020-06-21 21:48:00,0.07031748378039993
2020-06-21 21:51:00,0.30703181416049574
2020-06-21 21:54:00,0.18645668153567385
2020-06-21 21:57:00,-0.043156174318824014
2020-06-21 22:00:00,-0.0019368877910324045
2020-06-21 22:03:00,-0.03376958753170811
2020-06-21 22:06:00,0.03482977485197125
2020-06-21 22:09:00,-0.0590219280379074
2020-06-21 22:12:00,0.022174032992722914
2020-06-21 22:15:00,-0.013043427755121684
2020-06-21 22:18:00,-0.008616064740238016
2020-06-21 22:21:00,-0.03743008210881271
2020-06-21 22:24:00,-0.01075049571005593
2020-06-21 22:27:00,-0.013612155725979846
2020-06-21 22:30:00,-0.04938457042919708
2020-06-21 22:33:00,-0.15679291347271374
2020-06-21 22:36:00,0.03856264695861
2020-06-21 22:39:00,-0.060824276163316426
2020-06-21 22:42:00,0.04481547297149291
2020-06-21 22:45:00,0.13973288502819514
2020-06-21 22:48:00,0.07370954915614902
2020-06-21 22:51:00,0.05688049679463347
2020-06-21 22:54:00,0.09223058277052587
2020-06-21 22:57:00,0.016687977500168927
2020-06-21 23:00:00,0.08423989569399737
2020-06-21 23:03:00,0.04550633545693472
2020-06-21 23:06:00,-0.0201655598070829
2020-06-21 23:09:00,0.05398378282774274
2020-06-21 23:12:00,0.09558939748325201
2020-06-21 23:15:00,0.01322800675251301
2020-06-21 23:18:00,0.052622204895556024
2020-06-21 23:21:00,0.03298665578938653
2020-06-21 23:24:00,0.14251789968756157
2020-06-21 23:27:00,0.07706179596442553
2020-06-21 23:30:00,0.03056859203360318
2020-06-21 23:33:00,0.008539132226587753
2020-06-21 23:36:00,0.009971741302479131
2020-06-21 23:39:00,0.09511305774310586
2020-06-21 23:42:00,0.1523778915824323
2020-06-21 23:45:00,0.022424628402518465
2020-06-21 23:48:00,0.1357498166501614
2020-06-21 23:51:00,0.0631001310378565
2020-06-21 23:54:00,0.029213401411936957
2020-06-21 23:57:00,-0.05488261178533094
2020-06-22 00:00:00,0.001932900514702851
2020-06-22 00:03:00,-0.03337358588879624
2020-06-22 00:06:00,0.04968436223526851
2020-06-22 00:09:00,0.0820797738160195
2020-06-22 00:12:00,0.01840725672593635
2020-06-22 00:15:00,-0.03018529201125375
2020-06-22 00:18:00,0.003504775910244007
2020-06-22 00:21:00,0.05819643208894831
2020-06-22 00:24:00,0.10519189437900422
2020-06-22 00:27:00,0.24996693403465997
2020-06-22 00:30:00,0.29701754688221627
2020-06-22 00:33:00,0.2850152701864772
2020-06-22 00:36:00,0.3190541714264441
2020-06-22 00:39:00,0.289401249926982
2020-06-22 00:42:00,0.15697835814188466
2020-06-22 00:45:00,0.1741017735579362
2020-06-22 00:48:00,0.12502470132034205
2020-06-22 00:51:00,0.15912690587890665
2020-06-22 00:54:00,0.22990132571641198
2020-06-22 00:57:00,0.3497977396429519
2020-06-22 01:00:00,0.24665214869173724
2020-06-22 01:03:00,0.22873712853515826
2020-06-22 01:06:00,0.3220604778019265
2020-06-22 01:09:00,0.3076490166660051
2020-06-22 01:12:00,0.28295275442752654
2020-06-22 01:15:00,0.3131394648797823
2020-06-22 01:18:00,0.34748210771590493
2020-06-22 01:21:00,0.24437568401572207
2020-06-22 01:24:00,0.15963193158512468
2020-06-22 01:27:00,0.31657929740384816
2020-06-22 01:30:00,0.35500578032468866
2020-06-22 01:33:00,0.40201007240557374
2020-06-22 01:36:00,0.33286400288471896
2020-06-22 01:39:00,0.3585228359859798
2020-06-22 01:42:00,0.24308897370752902
2020-06-22 01:45:00,0.3939562379796371
2020-06-22 01:48:00,0.4144306898888317
2020-06-22 01:51:00,0.30874221120473067
2020-06-22 01:54:00,0.42066321572809784
2020-06-22 01:57:00,0.3253337358863746
2020-06-22 02:00:00,0.24582094003147859
2020-06-22 02:03:00,0.15703427030950934
2020-06-22 02:06:00,0.24369629309109087
2020-06-22 02:09:00,0.2904419189548548
2020-06-22 02:12:00,0.2634935980964883
2020-06-22 02:15:00,0.280902391395216
2020-06-22 02:18:00,0.3903549334674494
2020-06-22 02:21:00,0.28377123244132463
2020-06-22 02:24:00,0.37224381731567746
2020-06-22 02:27:00,0.29541765806737885
2020-06-22 02:30:00,0.3340353118799726
2020-06-22 02:33:00,0.3879686413172294
2020-06-22 02:36:00,0.33155920585454624
2020-06-22 02:39:00,0.34705819774143265
2020-06-22 02:42:00,0.37557593087854
2020-06-22 02:45:00,0.3049637174878512
2020-06-22 02:48:00,0.37658407109711334
2020-06-22 02:51:00,0.22517639578461512
2020-06-22 02:54:00,0.3707732479934407
2020-06-22 02:57:00,0.3576764223223563
2020-06-22 03:00:00,0.3231880469068642
2020-06-22 03:03:00,0.3668970838792234
2020-06-22 03:06:00,0.33325237219185055
2020-06-22 03:09:00,0.2676781409319915
2020-06-22 03:12:00,0.30966771115191705
2020-06-22 03:15:00,0.3587031612199212
2020-06-22 03:18:00,0.3388241662986502
2020-06-22 03:21:00,0.25387790719480563
2020-06-22 03:24:00,0.257493633544982
2020-06-22 03:27:00,0.2965694541776429
2020-06-22 03:30:00,0.3292285073507628
2020-06-22 03:33:00,0.29670239945960475
2020-06-22 03:36:00,0.3743273455651206
2020-06-22 03:39:00,0.3425401839704705
2020-06-22 03:42:00,0.24493387129200528
2020-06-22 03:45:00,0.35786935623480076
2020-06-22 03:48:00,0.3978268557526121
2020-06-22 03:51:00,0.3042192448708647
2020-06-22 03:54:00,0.3182606736823459
2020-06-22 03:57:00,0.2720143654619278
2020-06-22 04:00:00,0.29900166576578613
2020-06-22 04:03:00,0.30715617977637066
2020-06-22 04:06:00,0.34162513429595265
2020-06-22 04:09:00,0.26236513476487744
2020-06-22 04:12:00,0.292306027220377
2020-06-22 04:15:00,0.296035471626908
2020-06-22 04:18:00,0.29494487151322346
2020-06-22 04:21:00,0.2166182479119243
2020-06-22 04:24:00,0.19778037608580235
2020-06-22 04:27:00,0.27542245686407796
2020-06-22 04:30:00,0.3354241233466837
2020-06-22 04:33:00,0.27269954386679274
2020-06-22 04:36:00,0.35472587127088673
2020-06-22 04:39:00,0.2880258921936729
2020-06-22 04:42:00,0.297867889033796
2020-06-22 04:45:00,0.3288265338100018
2020-06-22 04:48:00,0.3646943963039462
2020-06-22 04:51:00,0.3421057238651315
2020-06-22 04:54:00,0.27247962389674285
2020-06-22 04:57:00,0.35588450777305525
2020-06-22 05:00:00,0.3195098738441402
2020-06-22 05:03:00,0.24046055370814656
2020-06-22 05:06:00,0.3444339361205948
2020-06-22 05:09:00,0.2693113414446202
2020-06-22 05:12:00,0.32489290751306044
2020-06-22 05:15:00,0.2993350462524518
2020-06-22 05:18:00,0.32218149635315285
2020-06-22 05:21:00,0.3659795937154513
2020-06-22 05:24:00,0.4347813299656309
2020-06-22 05:27:00,0.2852283465006735
2020-06-22 05:30:00,0.3935260863484018
2020-06-22 05:33:00,0.3045920429352691
2020-06-22 05:36:00,0.40911527114076307
2020-06-22 05:39:00,0.40398682832324084
2020-06-22 05:42:00,0.3827238356935254
2020-06-22 05:45:00,0.40013867358788957
2020-06-22 05:48:00,0.3391815542775021
2020-06-22 05:51:00,0.32894860588180563
2020-06-22 05:54:00,0.3672681384949783
2020-06-22 05:57:00,0.40768191481163285
2020-06-22 06:00:00,0.2708763031303647
2020-06-22 06:03:00,0.34995582450886786
2020-06-22 06:06:00,0.3772840132511419
2020-06-22 06:09:00,0.453194590869316
2020-06-22 06:12:00,0.4593148020779836
2020-06-22 06:15:00,0.4009290732738009
2020-06-22 06:18:00,0.37701578295479976
2020-06-22 06:21:00,0.42962318889431117
2020-06-22 06:24:00,0.4202930040522119
2020-06-22 06:27:00,0.441247323178402
2020-06-22 06:30:00,0.27645010223045574
2020-06-22 06:33:00,0.40762860107065535
2020-06-22 06:36:00,0.4172653572741183
2020-06-22 06:39:00,0.3933506576913146
2020-06-22 06:42:00,0.430798455315653
2020-06-22 06:45:00,0.42018194562132294
2020-06-22 06:48:00,0.4906236648672575
2020-06-22 06:51:00,0.4270592193357743
2020-06-22 06:54:00,0.3635731653326957
2020-06-22 06:57:00,0.4482256873866959
2020-06-22 07:00:00,0.40710795355283835
2020-06-22 07:03:00,0.3725952461358588
2020-06-22 07:06:00,0.3567505374418829
2020-06-22 07:09:00,0.3938000855460473
2020-06-22 07:12:00,0.40287022519618176
2020-06-22 07:15:00,0.3357578826478971
2020-06-22 07:18:00,0.3635650635553702
2020-06-22 07:21:00,0.3549745973367635
2020-06-22 07:24:00,0.40323523074323475
2020-06-22 07:27:00,0.3558283006153715
2020-06-22 07:30:00,0.3377221273615305
2020-06-22 07:33:00,0.34396439244949306
2020-06-22 07:36:00,0.3336396550049585
2020-06-22 07:39:00,0.29990621981431786
2020-06-22 07:42:00,0.30707171813713785
2020-06-22 07:45:00,0.40254281463114694
2020-06-22 07:48:00,0.3004079904360424
2020-06-22 07:51:00,0.2799275323607162
2020-06-22 07:54:00,0.2810648703850802
2020-06-22 07:57:00,0.33814909964303297
2020-06-22 08:00:00,0.3008920841185727
2020-06-22 08:03:00,0.3379986654828713
2020-06-22 08:06:00,0.3076268652474141
2020-06-22 08:09:00,0.33834383487931063
2020-06-22 08:12:00,0.3238681401736585
2020-06-22 08:15:00,0.32243475285014256
2020-06-22 08:18:00,0.23226270245493197
2020-06-22 08:21:00,0.3261752067488146
2020-06-22 08:24:00,0.2673124577868293
2020-06-22 08:27:00,0.2240253736847535
2020-06-22 08:30:00,0.28104490644557245
2020-06-22 08:33:00,0.36223135519031757
2020-06-22 08:36:00,0.34128946909970637
2020-06-22 08:39:00,0.3746908415307644
2020-06-22 08:42:00,0.24879537989750133
2020-06-22 08:45:00,0.16521861607498067
2020-06-22 08:48:00,0.24016526125393511
2020-06-22 08:51:00,0.18869437599624916
2020-06-22 08:54:00,0.20757607308621573
2020-06-22 08:57:00,0.27311013168451836
2020-06-22 09:00:00,0.12453540171861732
2020-06-22 09:03:00,0.08803533423008503
2020-06-22 09:06:00,0.25516339330630444
2020-06-22 09:09:00,0.1856045974474796
2020-06-22 09:12:00,0.13646227133153843
2020-06-22 09:15:00,0.16818754594311258
2020-06-22 09:18:00,0.12927736333909934
2020-06-22 09:21:00,0.01952513724131677
2020-06-22 09:24:00,0.13338683847325683
2020-06-22 09:27:00,0.012799295825061563
2020-06-22 09:30:00,0.08129304575226115
2020-06-22 09:33:00,0.1465936980402489
2020-06-22 09:36:00,0.12001183669508464
2020-06-22 09:39:00,-0.024125701391085386
2020-06-22 09:42:00,0.010887497256476308
2020-06-22 09:45:00,0.05346128687062901
2020-06-22 09:48:00,-0.0544588620124955
2020-06-22 09:51:00,-0.058317995801928646
2020-06-22 09:54:00,-0.060785328597035004
2020-06-22 09:57:00,-0.11685142519280589
2020-06-22 10:00:00,-0.08905182606389417
2020-06-22 10:03:00,-0.11501669835587336
2020-06-22 10:06:00,-0.08478013521971661
2020-06-22 10:09:00,-0.09661040364437667
2020-06-22 10:12:00,-0.18584086984367332
2020-06-22 10:15:00,-0.07951659015134283
2020-06-22 10:18:00,-0.1745122336455438
2020-06-22 10:21:00,-0.19439371560304153
2020-06-22 10:24:00,-0.09124249010136509
2020-06-22 10:27:00,-0.22163679187428897
2020-06-22 10:30:00,-0.2007534869234746
2020-06-22 10:33:00,-0.18910835470052234
2020-06-22 10:36:00,-0.20750689260273703
2020-06-22 10:39:00,-0.32860798473024033
2020-06-22 10:42:00,-0.222638707785336
2020-06-22 10:45:00,-0.2948111343309847
2020-06-22 10:48:00,-0.27615059509895445
2020-06-22 10:51:00,-0.36028263935617133
2020-06-22 10:54:00,-0.22913980915171805
2020-06-22 10:57:00,-0.2657755965943238
2020-06-22 11:00:00,-0.34767912929748945
2020-06-22 11:03:00,-0.24975241689054428
2020-06-22 11:06:00,-0.35976051453405944
2020-06-22 11:09:00,-0.3913884447076157
2020-06-22 11:12:00,-0.3102629250848281
2020-06-22 11:15:00,-0.33351231848064344
2020-06-22 11:18:00,-0.2764521171966976
2020-06-22 11:21:00,-0.30784577034199856
2020-06-22 11:24:00,-0.2986701400349716
2020-06-22 11:27:00,-0.412875381783806
2020-06-22 11:30:00,-0.35263614867631077
2020-06-22 11:33:00,-0.35810001200087527
2020-06-22 11:36:00,-0.31290346598245833
2020-06-22 11:39:00,-0.24422697561135465
2020-06-22 11:42:00,-0.2972410184348746
2020-06-22 11:45:00,-0.3676798835199975
2020-06-22 11:48:00,-0.45482770179950194
2020-06-22 11:51:00,-0.41991954241240137
2020-06-22 11:54:00,-0.45320079879110153
2020-06-22 11:57:00,-0.44544449920744
2020-06-22 12:00:00,-0.4187326442416861
2020-06-22 12:03:00,-0.37883130444362223
2020-06-22 12:06:00,-0.4389614897849583
2020-06-22 12:09:00,-0.34514404203667937
2020-06-22 12:12:00,-0.49141686438377974
2020-06-22 12:15:00,-0.5209785275254717
2020-06-22 12:18:00,-0.29320867243944804
2020-06-22 12:21:00,-0.4671289733993831
2020-06-22 12:24:00,-0.4021747390874566
2020-06-22 12:27:00,-0.326327207090344
2020-06-22 12:30:00,-0.48807998497727567
2020-06-22 12:33:00,-0.587009068524651
2020-06-22 12:36:00,-0.443531916153745
2020-06-22 12:39:00,-0.5216289386279414
2020-06-22 12:42:00,-0.4253122345241991
2020-06-22 12:45:00,-0.48104387413081895
2020-06-22 12:48:00,-0.4861507810110197
2020-06-22 12:51:00,-0.49803567983110497
2020-06-22 12:54:00,-0.44428074047755217
2020-06-22 12:57:00,-0.35573917330475524
2020-06-22 13:00:00,-0.35665552273758294
2020-06-22 13:03:00,-0.4477098090483196
2020-06-22 13:06:00,-0.4569045851812916
2020-06-22 13:09:00,-0.493221442154379
2020-06-22 13:12:00,-0.5282457657243071
2020-06-22 13:15:00,-0.5044081894349688
2020-06-22 13:18:00,-0.3745484506175103
2020-06-22 13:21:00,-0.533002157044109
2020-06-22 13:24:00,-0.527093910208805
2020-06-22 13:27:00,-0.5379010733808514
2020-06-22 13:30:00,-0.4437702552169185
2020-06-22 13:33:00,-0.5347099883141482
2020-06-22 13:36:00,-0.4581066228959685
2020-06-22 13:39:00,-0.5235711766654276
2020-06-22 13:42:00,-0.4940820317509065
2020-06-22 13:45:00,-0.5096003758691268
2020-06-22 13:48:00,-0.5196436528172512
2020-06-22 13:51:00,-0.5007389820147523
2020-06-22 13:54:00,-0.552080118479978
2020-06-22 13:57:00,-0.6267742189981504
2020-06-22 14:00:00,-0.5479519205019869
2020-06-22 14:03:00,-0.5126762970289178
2020-06-22 14:06:00,-0.5038213871238213
2020-06-22 14:09:00,-0.45995896922227075
2020-06-22 14:12:00,-0.47472293841360624
2020-06-22 14:15:00,-0.47657068945960646
2020-06-22 14:18:00,-0.6356720834687053
2020-06-22 14:21:00,-0.49363391588815375
2020-06-22 14:24:00,-0.4725532367401115
2020-06-22 14:27:00,-0.49895688986202913
2020-06-22 14:30:00,-0.5732581682327123
2020-06-22 14:33:00,-0.4589299401111475
2020-06-22 14:36:00,-0.48924805882387545
2020-06-22 14:39:00,-0.5429714662101333
2020-06-22 14:42:00,-0.5102715655776251
2020-06-22 14:45:00,-0.5160789748366597
2020-06-22 14:48:00,-0.4958360655183469
2020-06-22 14:51:00,-0.4706628017351022
2020-06-22 14:54:00,-0.3888211352697226
2020-06-22 14:57:00,-0.3957157015990447
2020-06-22 15:00:00,-0.39773557085743505
2020-06-22 15:03:00,-0.35344524288171897
2020-06-22 15:06:00,-0.34383983988783484
2020-06-22 15:09:00,-0.3361480415582605
2020-06-22 15:12:00,-0.41678272913651426
2020-06-22 15:15:00,-0.5470733766286457
2020-06-22 15:18:00,-0.4697128211275867
2020-06-22 15:21:00,-0.540829785505025
2020-06-22 15:24:00,-0.5200192719923962
2020-06-22 15:27:00,-0.5613781405488112
2020-06-22 15:30:00,-0.42743203190724444
2020-06-22 15:33:00,-0.4742486090004263
2020-06-22 15:36:00,-0.4964140539953519
2020-06-22 15:39:00,-0.506641108924839
2020-06-22 15:42:00,-0.5760763786118446
2020-06-22 15:45:00,-0.4562018768365874
2020-06-22 15:48:00,-0.3899922767253656
2020-06-22 15:51:00,-0.5086410529549426
2020-06-22 15:54:00,-0.5585395103432234
2020-06-22 15:57:00,-0.42209797420241557
2020-06-22 16:00:00,-0.3934855308345391
2020-06-22 16:03:00,-0.4392750281796225
2020-06-22 16:06:00,-0.39709009583674515
2020-06-22 16:09:00,-0.40747581990785875
2020-06-22 16:12:00,-0.38391019399398374
2020-06-22 16:15:00,-0.3606480358217823
2020-06-22 16:18:00,-0.3366318315277681
2020-06-22 16:21:00,-0.32500899719286735
2020-06-22 16:24:00,-0.38668572786673394
2020-06-22 16:27:00,-0.289897120734679
2020-06-22 16:30:00,-0.3290290737322721
2020-06-22 16:33:00,-0.37703012909150857
2020-06-22 16:36:00,-0.19954370453842785
2020-06-22 16:39:00,-0.30051591230210306
2020-06-22 16:42:00,-0.30737784853386074
2020-06-22 16:45:00,-0.2867626806010435
2020-06-22 16:48:00,-0.2618677676468337
2020-06-22 16:51:00,-0.20462806994788707
2020-06-22 16:54:00,-0.12717187333254287
2020-06-22 16:57:00,-0.21189421425810906
2020-06-22 17:00:00,-0.24286689871121325
2020-06-22 17:03:00,0.006769793180637862
2020-06-22 17:06:00,-0.18633963436542444
2020-06-22 17:09:00,-0.16549162768188808
2020-06-22 17:12:00,-0.2022086334029609
2020-06-22 17:15:00,-0.21279499178410788
2020-06-22 17:18:00,-0.16447167639461213
2020-06-22 17:21:00,-0.25837726471399947
2020-06-22 17:24:00,-0.22447038415782572
2020-06-22 17:27:00,-0.2816058754708024
2020-06-22 17:30:00,-0.12326647462418805
2020-06-22 17:33:00,-0.22934901592662982
2020-06-22 17:36:00,-0.1789877443673049
2020-06-22 17:39:00,-0.17590949451766846
2020-06-22 17:42:00,-0.15205698000517032
2020-06-22 17:45:00,-0.09584730448119672
2020-06-22 17:48:00,-0.19444557203433988
2020-06-22 17:51:00,0.05855962154828376
2020-06-22 17:54:00,0.015247998719701172
2020-06-22 17:57:00,-0.2632405169716776
2020-06-22 18:00:00,-0.11588115959585821
2020-06-22 18:03:00,-0.22436564177854734
2020-06-22 18:06:00,-0.20523845601610446
2020-06-22 18:09:00,-0.13382231080919382
2020-06-22 18:12:00,-0.08406411201093533
2020-06-22 18:15:00,-0.04943403605403773
2020-06-22 18:18:00,-0.05568055360794233
2020-06-22 18:21:00,-0.15063710472412595
2020-06-22 18:24:00,-0.030400880318154577
2020-06-22 18:27:00,0.09155701230133673
2020-06-22 18:30:00,0.2548538810016794
2020-06-22 18:33:00,0.239137168529453
2020-06-22 18:36:00,0.057329938484656395
2020-06-22 18:39:00,0.052898002319921034
2020-06-22 18:42:00,0.009775806480377014
2020-06-22 18:45:00,0.09045119965031745
2020-06-22 18:48:00,0.12269439357703504
2020-06-22 18:51:00,0.03863276119096781
2020-06-22 18:54:00,
2020-06-22 18:57:00,
2020-06-22 19:00:00,
2020-06-22 19:03:00,0.07530604180482214
2020-06-22 19:06:00,0.06318905571180267
2020-06-22 19:09:00,0.0785335543453698
2020-06-22 19:12:00,0.1187456997400318
2020-06-22 19:15:00,0.10966462060571303
2020-06-22 19:18:00,0.05657312471214482
2020-06-22 19:21:00,0.06323812422613173
2020-06-22 19:24:00,-0.04244980036526158
2020-06-22 19:27:00,-0.008968739780073065
2020-06-22 19:30:00,0.043324284672792146
2020-06-22 19:33:00,0.011366962798149416
2020-06-22 19:36:00,0.050319321485062574
2020-06-22 19:39:00,-0.004636136767544485
2020-06-22 19:42:00,-0.03641090893756882
2020-06-22 19:45:00,0.09296637727783263
2020-06-22 19:48:00,0.06546585109094849
2020-06-22 19:51:00,0.1735397636551852
2020-06-22 19:54:00,0.08848714428569338
2020-06-22 19:57:00,-0.004205795724033123
2020-06-22 20:00:00,-0.07540608996578158
2020-06-22 20:03:00,0.017386539586652816
2020-06-22 20:06:00,-0.02285889502684313
2020-06-22 20:09:00,-0.08894202040767141
2020-06-22 20:12:00,0.009496845407738874
2020-06-22 20:15:00,0.0006156614494443602
2020-06-22 20:18:00,-0.10225532931377757
2020-06-22 20:21:00,-0.03975336308826627
2020-06-22 20:24:00,-0.042605571639796835
2020-06-22 20:27:00,-0.05951971393483291
2020-06-22 20:30:00,-0.12422874597422151
2020-06-22 20:33:00,-0.11625266972635018
2020-06-22 20:36:00,-0.007495784479942813
2020-06-22 20:39:00,-0.14821022105638804
2020-06-22 20:42:00,-0.12413159160217901
2020-06-22 20:45:00,-0.1028857646057304
2020-06-22 20:48:00,-0.07554743940380604
2020-06-22 20:51:00,-0.07932468272895221
2020-06-22 20:54:00,-0.0871428466059001
2020-06-22 20:57:00,-0.04162190273876831
2020-06-22 21:00:00,-0.12960410641397857
2020-06-22 21:03:00,-0.05595402228880175
2020-06-22 21:06:00,-0.0006971106290052376
2020-06-22 21:09:00,-0.06297479232989645
2020-06-22 21:12:00,-0.01678168797059243
2020-06-22 21:15:00,-0.09885448036038724
2020-06-22 21:18:00,-0.0164644647447858
2020-06-22 21:21:00,-0.024506456607639393
2020-06-22 21:24:00,-0.06012732946732058
2020-06-22 21:27:00,-0.06102537765258376
2020-06-22 21:30:00,-0.017415450402722854
2020-06-22 21:33:00,0.009445995150031194
2020-06-22 21:36:00,-0.11339749609203409
2020-06-22 21:39:00,0.046392390184848864
2020-06-22 21:42:00,0.03462689467136215
2020-06-22 21:45:00,0.06431674043631119
2020-06-22 21:48:00,0.1251695121281955
2020-06-22 21:51:00,0.07581947048640814
2020-06-22 21:54:00,0.059028377941899635
2020-06-22 21:57:00,0.14947311546472974
2020-06-22 22:00:00,0.09075232883247963
2020-06-22 22:03:00,-0.005434844660328508
2020-06-22 22:06:00,0.0692462771830833
2020-06-22 22:09:00,0.0438831504578161
2020-06-22 22:12:00,0.005178221991570808
2020-06-22 22:15:00,-0.025364514720365605
2020-06-22 22:18:00,0.055066738966218054
2020-06-22 22:21:00,0.052615446024049106
2020-06-22 22:24:00,0.018684269894208683
2020-06-22 22:27:00,0.047776805021783275
2020-06-22 22:30:00,0.017192135375012185
2020-06-22 22:33:00,0.0017986369020377424
2020-06-22 22:36:00,0.06922753891780076
2020-06-22 22:39:00,0.03372320072946877
2020-06-22 22:42:00,0.0074582898799349095
2020-06-22 22:45:00,0.07455536919519545
2020-06-22 22:48:00,-0.0072090978489995905
2020-06-22 22:51:00,0.07797205129861595
2020-06-22 22:54:00,0.08353050237133175
2020-06-22 22:57:00,0.024809084673904636
2020-06-22 23:00:00,0.10116184987981569
2020-06-22 23:03:00,-0.06832269727016183
2020-06-22 23:06:00,0.013705163759539118
2020-06-22 23:09:00,-0.05880883423498062
2020-06-22 23:12:00,0.03340446207130299
2020-06-22 23:15:00,0.030118440392811863
2020-06-22 23:18:00,0.06364155955679962
2020-06-22 23:21:00,0.07156397668035197
2020-06-22 23:24:00,0.07988394760934625
2020-06-22 23:27:00,0.1074405958993907
2020-06-22 23:30:00,0.08162280272051703
2020-06-22 23:33:00,0.0699882633682023
2020-06-22 23:36:00,0.022101806297769144
2020-06-22 23:39:00,0.02995749338032283
2020-06-22 23:42:00,0.05040676629658947
2020-06-22 23:45:00,0.06579114146671827
2020-06-22 23:48:00,0.0463314126677119
2020-06-22 23:51:00,0.06809652344543338
2020-06-22 23:54:00,0.052998310633824985
2020-06-22 23:57:00,0.11851140917212888
2020-06-23 00:00:00,-1.2913279022086499e-05
2020-06-23 00:03:00,0.06062136159079046
2020-06-23 00:06:00,0.048330093201343516
2020-06-23 00:09:00,0.1069175612105937
2020-06-23 00:12:00,0.0336359647185418
2020-06-23 00:15:00,0.07471275191210225
2020-06-23 00:18:00,0.06970848339409486
2020-06-23 00:21:00,0.0884056215575697
2020-06-23 00:24:00,0.018473928862249522
2020-06-23 00:27:00,0.13945652092570526
2020-06-23 00:30:00,0.051427834083824564
2020-06-23 00:33:00,0.19009478413403258
2020-06-23 00:36:00,0.1182977258478104
2020-06-23 00:39:00,0.06539219096765692
2020-06-23 00:42:00,0.209258174141155
2020-06-23 00:45:00,0.18676717766379625
2020-06-23 00:48:00,0.20102988330506832
2020-06-23 00:51:00,0.20391972422123672
2020-06-23 00:54:00,0.10196498814138977
2020-06-23 00:57:00,0.15391491949435476
2020-06-23 01:00:00,0.15040710302497473
2020-06-23 01:03:00,0.16095990615582423
2020-06-23 01:06:00,0.15878043138059184
2020-06-23 01:09:00,0.19686889258917972
2020-06-23 01:12:00,0.14666648779711977
2020-06-23 01:15:00,0.23202519694285684
2020-06-23 01:18:00,0.16704576419618888
2020-06-23 01:21:00,0.23096953972765277
2020-06-23 01:24:00,0.12837005212935537
2020-06-23 01:27:00,0.13480098496165738
2020-06-23 01:30:00,0.22403124829924081
2020-06-23 01:33:00,0.15056040502173573
2020-06-23 01:36:00,0.15009595724365
2020-06-23 01:39:00,0.18209287588092593
2020-06-23 01:42:00,0.18383421119426657
2020-06-23 01:45:00,0.20974618371218412
2020-06-23 01:48:00,0.05663097987809351
2020-06-23 01:51:00,0.21639927474615206
2020-06-23 01:54:00,0.17201799012951824
2020-06-23 01:57:00,0.20596543170563564
2020-06-23 02:00:00,0.24723751257795357
2020-06-23 02:03:00,0.33642087186780145
2020-06-23 02:06:00,0.24219451476005815
2020-06-23 02:09:00,0.1964184499703947
2020-06-23 02:12:00,0.21620754338067627
2020-06-23 02:15:00,0.2156339224611088
2020-06-23 02:18:00,0.17664436437638642
2020-06-23 02:21:00,0.2183879300128524
2020-06-23 02:24:00,0.22384028307504877
2020-06-23 02:27:00,0.22960003685108177
2020-06-23 02:30:00,0.2546829176823735
2020-06-23 02:33:00,0.25199360764389667
2020-06-23 02:36:00,0.22033051386154057
2020-06-23 02:39:00,0.24634380591743366
2020-06-23 02:42:00,0.16816366315953246
2020-06-23 02:45:00,0.23938892406073364
2020-06-23 02:48:00,0.1464926520433778
2020-06-23 02:51:00,0.18799022331336346
2020-06-23 02:54:00,0.1854343465703323
2020-06-23 02:57:00,0.19790765542620647
2020-06-23 03:00:00,0.13852572406409536
2020-06-23 03:03:00,0.290391893634137
2020-06-23 03:06:00,0.30603687300936144
2020-06-23 03:09:00,0.19562530930443245
2020-06-23 03:12:00,0.22689512930838873
2020-06-23 03:15:00,0.2269641166915335
2020-06-23 03:18:00,0.24110044838351996
2020-06-23 03:21:00,0.21183875308048528
2020-06-23 03:24:00,0.23394697527794506
2020-06-23 03:27:00,0.3162774658930516
2020-06-23 03:30:00,0.24859727848746616
2020-06-23 03:33:00,0.31603185038227366
2020-06-23 03:36:00,0.38239222396163086
2020-06-23 03:39:00,0.2927016517883203
2020-06-23 03:42:00,0.305799634047105
2020-06-23 03:45:00,0.2114440883271982
2020-06-23 03:48:00,0.1883615892123771
2020-06-23 03:51:00,0.2294528827815725
2020-06-23 03:54:00,0.28182890354571555
2020-06-23 03:57:00,0.32619884070345506
2020-06-23 04:00:00,0.3310659378978471
2020-06-23 04:03:00,0.28598234148694246
2020-06-23 04:06:00,0.23551282411284546
2020-06-23 04:09:00,0.2593809495447772
2020-06-23 04:12:00,0.30395630268986906
2020-06-23 04:15:00,0.2757788323011141
2020-06-23 04:18:00,0.22742163057370135
2020-06-23 04:21:00,0.239840521791848
2020-06-23 04:24:00,0.3430889812468081
2020-06-23 04:27:00,0.4355605581790769
2020-06-23 04:30:00,0.26876341331455933
2020-06-23 04:33:00,0.39684924037209157
2020-06-23 04:36:00,0.358460718423828
2020-06-23 04:39:00,0.353446745307906
2020-06-23 04:42:00,0.26043911203913694
2020-06-23 04:45:00,0.3609011676695104
2020-06-23 04:48:00,0.3582105918227967
2020-06-23 04:51:00,0.30087094523833
2020-06-23 04:54:00,0.4360587639378082
2020-06-23 04:57:00,0.37286435504552173
2020-06-23 05:00:00,0.33862473145694594
2020-06-23 05:03:00,0.3601689969560198
2020-06-23 05:06:00,0.2870606081381766
2020-06-23 05:09:00,0.29902504282381415
2020-06-23 05:12:00,0.3296979124411905
2020-06-23 05:15:00,0.2719578319886864
2020-06-23 05:18:00,0.322468897256158
2020-06-23 05:21:00,0.34704377802682984
2020-06-23 05:24:00,0.2635139244169409
2020-06-23 05:27:00,0.30488998622422514
2020-06-23 05:30:00,0.287999471712169
2020-06-23 05:33:00,0.28817860518086036
2020-06-23 05:36:00,0.22619618339831504
2020-06-23 05:39:00,0.31427368394196264
2020-06-23 05:42:00,0.24359924412374312
2020-06-23 05:45:00,0.29426061704134554
2020-06-23 05:48:00,0.45318143067640904
2020-06-23 05:51:00,0.3184330310228347
2020-06-23 05:54:00,0.23888242168311535
2020-06-23 05:57:00,0.26989541279647256
2020-06-23 06:00:00,0.396627887338866
2020-06-23 06:03:00,0.2749763326797279
2020-06-23 06:06:00,0.3517514172755227
2020-06-23 06:09:00,0.3180606517320257
2020-06-23 06:12:00,0.3257179241398376
2020-06-23 06:15:00,0.3335911209128426
2020-06-23 06:18:00,0.318711994991304
2020-06-23 06:21:00,0.35562734551399444
2020-06-23 06:24:00,0.31770779829815865
2020-06-23 06:27:00,0.3489724424155156
2020-06-23 06:30:00,0.30822337321012583
2020-06-23 06:33:00,0.34731932572935875
2020-06-23 06:36:00,0.3758335056214719
2020-06-23 06:39:00,0.36993577736018324
2020-06-23 06:42:00,0.3362880802823156
2020-06-23 06:45:00,0.39251476972270893
2020-06-23 06:48:00,0.3725306124284202
2020-06-23 06:51:00,0.3618383374570726
2020-06-23 06:54:00,0.38902424274425584
2020-06-23 06:57:00,0.35476959895265736
2020-06-23 07:00:00,0.3118242610647144
2020-06-23 07:03:00,0.30838298033467026
2020-06-23 07:06:00,0.3746214928021345
2020-06-23 07:09:00,0.40487305745642743
2020-06-23 07:12:00,0.3066276753501711
2020-06-23 07:15:00,0.32444600815790636
2020-06-23 07:18:00,0.3324555473157602
2020-06-23 07:21:00,0.3021669582527693
2020-06-23 07:24:00,0.3402840958975162
2020-06-23 07:27:00,0.3978366572441132
2020-06-23 07:30:00,0.25385439807178045
2020-06-23 07:33:00,0.2589708983250034
2020-06-23 07:36:00,0.32690223653025896
2020-06-23 07:39:00,0.2614858047609232
2020-06-23 07:42:00,0.2115841263541256
2020-06-23 07:45:00,0.24691802014109498
2020-06-23 07:48:00,0.1820899622218235
2020-06-23 07:51:00,0.28469491639526723
2020-06-23 07:54:00,0.26207868843135884
2020-06-23 07:57:00,0.2902099325526706
2020-06-23 08:00:00,0.19982442517704158
2020-06-23 08:03:00,0.23328749119986014
2020-06-23 08:06:00,0.17028004849913714
2020-06-23 08:09:00,0.17516076896572486
2020-06-23 08:12:00,0.18035770878594803
2020-06-23 08:15:00,0.16899688844131333
2020-06-23 08:18:00,0.1422262645403407
2020-06-23 08:21:00,0.21477073677903036
2020-06-23 08:24:00,0.20352510002595636
2020-06-23 08:27:00,0.20463013656581097
2020-06-23 08:30:00,0.16813747433741355
2020-06-23 08:33:00,0.19516459706062506
2020-06-23 08:36:00,0.039413671626277846
2020-06-23 08:39:00,0.10328915037877096
2020-06-23 08:42:00,0.07756394208524853
2020-06-23 08:45:00,0.11479795016850858
2020-06-23 08:48:00,0.05920240697940926
2020-06-23 08:51:00,0.055215439026369495
2020-06-23 08:54:00,0.013580806208096874
2020-06-23 08:57:00,0.052275948136184525
2020-06-23 09:00:00,0.0018529107122731148
2020-06-23 09:03:00,-0.09098891156361333
2020-06-23 09:06:00,-0.01832311059439462
2020-06-23 09:09:00,-0.10042929164796988
2020-06-23 09:12:00,-0.06742106583408258
2020-06-23 09:15:00,-0.14451785015018004
2020-06-23 09:18:00,-0.20725488478689158
2020-06-23 09:21:00,-0.15398874436482402
2020-06-23 09:24:00,-0.23147088302272323
2020-06-23 09:27:00,-0.19935982020717802
2020-06-23 09:30:00,-0.29673730120015307
2020-06-23 09:33:00,-0.28627639009289396
2020-06-23 09:36:00,-0.29617661130544093
2020-06-23 09:39:00,-0.21047159670888504
2020-06-23 09:42:00,-0.2687401243181853
2020-06-23 09:45:00,-0.23142063845136818
2020-06-23 09:48:00,-0.134634370666447
2020-06-23 09:51:00,-0.28550247302729304
2020-06-23 09:54:00,-0.34292505316386723
2020-06-23 09:57:00,-0.4273998940876709
2020-06-23 10:00:00,-0.3644107874346787
2020-06-23 10:03:00,-0.3122247856816216
2020-06-23 10:06:00,-0.3358401044289394
2020-06-23 10:09:00,-0.32932887205828365
2020-06-23 10:12:00,-0.32563425121469436
2020-06-23 10:15:00,-0.3130933479250757
2020-06-23 10:18:00,-0.3026449084361502
2020-06-23 10:21:00,-0.30827945560633907
2020-06-23 10:24:00,-0.37985906097117095
2020-06-23 10:27:00,-0.3674134605975041
2020-06-23 10:30:00,-0.33423870532396904
2020-06-23 10:33:00,-0.2710947069713825
2020-06-23 10:36:00,-0.32289503789343144
2020-06-23 10:39:00,-0.36846601840926496
2020-06-23 10:42:00,-0.37698082819150613
2020-06-23 10:45:00,-0.2832852546511617
2020-06-23 10:48:00,-0.4296606034916408
2020-06-23 10:51:00,-0.44758921874876023
2020-06-23 10:54:00,-0.3261854405981808
2020-06-23 10:57:00,-0.38167382464041566
2020-06-23 11:00:00,-0.4893783127214988
2020-06-23 11:03:00,-0.38236976125779165
2020-06-23 11:06:00,-0.4543668899860336
2020-06-23 11:09:00,-0.4210304822196349
2020-06-23 11:12:00,-0.44011563677747745
2020-06-23 11:15:00,-0.47089734134419814
2020-06-23 11:18:00,-0.44964407505028703
2020-06-23 11:21:00,-0.46109092743046176
2020-06-23 11:24:00,-0.4184618872851047
2020-06-23 11:27:00,-0.4194065974044747
2020-06-23 11:30:00,-0.490205432204732
2020-06-23 11:33:00,-0.4006982874112168
2020-06-23 11:36:00,-0.44744609110688316
2020-06-23 11:39:00,-0.5328879974984488
2020-06-23 11:42:00,-0.4606251080654147
2020-06-23 11:45:00,-0.5084094851054601
2020-06-23 11:48:00,-0.48938337361727235
2020-06-23 11:51:00,-0.42437878623542247
2020-06-23 11:54:00,-0.4420711382391005
2020-06-23 11:57:00,-0.4671775546967183
2020-06-23 12:00:00,-0.3075454977334289
2020-06-23 12:03:00,-0.3861518213687418
2020-06-23 12:06:00,-0.5022620005967724
2020-06-23 12:09:00,-0.39260626384321995
2020-06-23 12:12:00,-0.3815305676163234
2020-06-23 12:15:00,-0.4706868359052123
2020-06-23 12:18:00,-0.4904319462069111
2020-06-23 12:21:00,-0.4680126397887534
2020-06-23 12:24:00,-0.6559151996084438
2020-06-23 12:27:00,-0.42919714008553456
2020-06-23 12:30:00,-0.5042982639746469
2020-06-23 12:33:00,-0.5019236732158561
2020-06-23 12:36:00,-0.4835232689883924
2020-06-23 12:39:00,-0.5640739584690664
2020-06-23 12:42:00,-0.5572538051793003
2020-06-23 12:45:00,-0.43635542209403866
2020-06-23 12:48:00,-0.48074577209143854
2020-06-23 12:51:00,-0.4278308705398217
2020-06-23 12:54:00,-0.479673493535131
2020-06-23 12:57:00,-0.4800728675396613
2020-06-23 13:00:00,-0.5049093102839493
2020-06-23 13:03:00,-0.4673447175299543
2020-06-23 13:06:00,-0.36350765202547564
2020-06-23 13:09:00,-0.6559582798744827
2020-06-23 13:12:00,-0.49858610440031725
2020-06-23 13:15:00,-0.4732638774270299
2020-06-23 13:18:00,-0.6140867253309352
2020-06-23 13:21:00,-0.5254164654352849
2020-06-23 13:24:00,-0.4934125259399593
2020-06-23 13:27:00,-0.4614483036916113
2020-06-23 13:30:00,-0.5611851729128716
2020-06-23 13:33:00,-0.5365638612807402
2020-06-23 13:36:00,-0.6330777106798564
2020-06-23 13:39:00,-0.5967225478370892
2020-06-23 13:42:00,-0.4813507328312312
2020-06-23 13:45:00,-0.532649876090943
2020-06-23 13:48:00,-0.6224985051918566
2020-06-23 13:51:00,-0.635602957742833
2020-06-23 13:54:00,-0.5087388403682098
2020-06-23 13:57:00,-0.5851365153888537
2020-06-23 14:00:00,-0.46614795067159775
2020-06-23 14:03:00,-0.5463611082943771
2020-06-23 14:06:00,-0.4272661070194772
2020-06-23 14:09:00,-0.5429133979739049
2020-06-23 14:12:00,-0.6016472416027341
2020-06-23 14:15:00,-0.5740571667664653
2020-06-23 14:18:00,-0.5657238709844705
2020-06-23 14:21:00,-0.6185183834355144
2020-06-23 14:24:00,-0.5251404285690455
2020-06-23 14:27:00,-0.5674797182408042
2020-06-23 14:30:00,-0.6658871641863016
2020-06-23 14:33:00,-0.5630759915354133
2020-06-23 14:36:00,-0.5426324710138033
2020-06-23 14:39:00,-0.4475905967995004
2020-06-23 14:42:00,-0.5152620785416957
2020-06-23 14:45:00,-0.5533112598781145
2020-06-23 14:48:00,-0.47327318123694795
2020-06-23 14:51:00,-0.5716517171310898
2020-06-23 14:54:00,-0.6460900134809435
2020-06-23 14:57:00,-0.6098404945157654
2020-06-23 15:00:00,-0.5605447623335067
2020-06-23 15:03:00,-0.6076337502955198
2020-06-23 15:06:00,-0.5196011123420021
2020-06-23 15:09:00,-0.5040634699506654
2020-06-23 15:12:00,-0.48408491778189955
2020-06-23 15:15:00,-0.5143253585024468
2020-06-23 15:18:00,-0.4876992092560499
2020-06-23 15:21:00,-0.5686438638543905
2020-06-23 15:24:00,-0.43302139996717415
2020-06-23 15:27:00,-0.4465538233558277
2020-06-23 15:30:00,-0.4680739091494388
2020-06-23 15:33:00,-0.4966338352825801
2020-06-23 15:36:00,-0.39061155842767903
2020-06-23 15:39:00,-0.4616271022853198
2020-06-23 15:42:00,-0.47919283467234663
2020-06-23 15:45:00,-0.4112411508476157
2020-06-23 15:48:00,-0.5207572269148386
2020-06-23 15:51:00,-0.5081733737083596
2020-06-23 15:54:00,-0.3852134650161929
2020-06-23 15:57:00,-0.4159228921202498
2020-06-23 16:00:00,-0.4890085631422494
2020-06-23 16:03:00,-0.3762870179968445
2020-06-23 16:06:00,-0.5229743264478088
2020-06-23 16:09:00,-0.44892316389024245
2020-06-23 16:12:00,-0.45073117529807405
2020-06-23 16:15:00,-0.5216216900338964
2020-06-23 16:18:00,-0.4697226835626225
2020-06-23 16:21:00,-0.48345882909677584
2020-06-23 16:24:00,-0.4180973102453436
2020-06-23 16:27:00,-0.4534078139407711
2020-06-23 16:30:00,-0.46264592332966004
2020-06-23 16:33:00,-0.52904353011985
2020-06-23 16:36:00,-0.36333783567278033
2020-06-23 16:39:00,-0.44894624391292837
2020-06-23 16:42:00,-0.43923641929416135
2020-06-23 16:45:00,-0.43398686592450986
2020-06-23 16:48:00,-0.4358400194720957
2020-06-23 16:51:00,-0.415037537311548
2020-06-23 16:54:00,-0.44219400296100275
2020-06-23 16:57:00,-0.4123291888740255
2020-06-23 17:00:00,-0.4149659805939905
2020-06-23 17:03:00,-0.37933159388325066
2020-06-23 17:06:00,-0.3254294986746231
2020-06-23 17:09:00,-0.3602391091333743
2020-06-23 17:12:00,-0.2878272590724009
2020-06-23 17:15:00,-0.2549394972169807
2020-06-23 17:18:00,-0.5679765595234585
2020-06-23 17:21:00,-0.3494889511076167
2020-06-23 17:24:00,-0.29805459384596134
2020-06-23 17:27:00,-0.3851357209316575
2020-06-23 17:30:00,-0.3035288189032599
2020-06-23 17:33:00,-0.4285580077267923
2020-06-23 17:36:00,-0.32839865334238993
2020-06-23 17:39:00,-0.49063510904579744
2020-06-23 17:42:00,-0.36690159203811845
2020-06-23 17:45:00,-0.32002501997931176
2020-06-23 17:48:00,-0.3501045621209755
2020-06-23 17:51:00,-0.33002984923979284
2020-06-23 17:54:00,-0.3741650242612877
2020-06-23 17:57:00,-0.3555845607404535
2020-06-23 18:00:00,-0.3687067664220649
2020-06-23 18:03:00,-0.2715783033413004
2020-06-23 18:06:00,-0.28135850283501895
2020-06-23 18:09:00,-0.30905687824213146
2020-06-23 18:12:00,-0.30089950781137986
2020-06-23 18:15:00,-0.3182916778064282
2020-06-23 18:18:00,-0.30627420343370204
2020-06-23 18:21:00,-0.24849154485769986
2020-06-23 18:24:00,-0.2352213659512472
2020-06-23 18:27:00,-0.2617672706551275
2020-06-23 18:30:00,-0.2991205226135776
2020-06-23 18:33:00,-0.182169776816977
2020-06-23 18:36:00,-0.2669633369753228
2020-06-23 18:39:00,-0.21293978460732887
2020-06-23 18:42:00,-0.16419794803863397
2020-06-23 18:45:00,-0.13964305104525465
2020-06-23 18:48:00,-0.24595769672703227
2020-06-23 18:51:00,-0.20595950709486033
2020-06-23 18:54:00,
2020-06-23 18:57:00,
2020-06-23 19:00:00,
2020-06-23 19:03:00,-0.20605377124269353
2020-06-23 19:06:00,-0.24736925456369363
2020-06-23 19:09:00,-0.24467982715350445
2020-06-23 19:12:00,-0.32845382224138575
2020-06-23 19:15:00,-0.2669638887343808
2020-06-23 19:18:00,-0.20977757529692553
2020-06-23 19:21:00,-0.21183681807542598
2020-06-23 19:24:00,-0.3180201907503033
2020-06-23 19:27:00,-0.20278490086928969
2020-06-23 19:30:00,-0.21572796818242068
2020-06-23 19:33:00,-0.2835176643315549
2020-06-23 19:36:00,-0.28409663649728145
2020-06-23 19:39:00,-0.28907561701532813
2020-06-23 19:42:00,-0.18804044710208245
2020-06-23 19:45:00,-0.20322212052832356
2020-06-23 19:48:00,-0.21977713578587554
2020-06-23 19:51:00,-0.2386148044319043
2020-06-23 19:54:00,-0.22486613475945205
2020-06-23 19:57:00,-0.22635629267961122
2020-06-23 20:00:00,-0.1860890540454534
2020-06-23 20:03:00,-0.13271288849080065
2020-06-23 20:06:00,-0.17692780915234607
2020-06-23 20:09:00,-0.1434770720380243
2020-06-23 20:12:00,-0.11782078629335047
2020-06-23 20:15:00,-0.007171555975560295
2020-06-23 20:18:00,0.06416693803919316
2020-06-23 20:21:00,0.028507300731575924
2020-06-23 20:24:00,-0.004802610612500757
2020-06-23 20:27:00,-0.013604479054549756
2020-06-23 20:30:00,0.14326938602386008
2020-06-23 20:33:00,0.024615314530592514
2020-06-23 20:36:00,0.0505036883645289
2020-06-23 20:39:00,-0.0792329414026085
2020-06-23 20:42:00,0.050529633360270054
2020-06-23 20:45:00,-0.031793072957327695
2020-06-23 20:48:00,-0.05193236933570233
2020-06-23 20:51:00,0.04868924717027312
2020-06-23 20:54:00,-0.013539099534568777
2020-06-23 20:57:00,0.07551002205099167
2020-06-23 21:00:00,0.12941094204558112
2020-06-23 21:03:00,-0.025580330989555478
2020-06-23 21:06:00,0.08125343397523466
2020-06-23 21:09:00,-0.0640572014097529
2020-06-23 21:12:00,-0.0670053565154376
2020-06-23 21:15:00,0.013945310973895175
2020-06-23 21:18:00,-0.08375943789855
2020-06-23 21:21:00,0.010167066033659466
2020-06-23 21:24:00,0.06660794569057771
2020-06-23 21:27:00,0.08216217237810497
2020-06-23 21:30:00,0.08113318027096739
2020-06-23 21:33:00,0.0889483388947383
2020-06-23 21:36:00,0.06588974644790824
2020-06-23 21:39:00,0.03472296678614839
2020-06-23 21:42:00,-0.0661191581398839
2020-06-23 21:45:00,0.007642397036477178
2020-06-23 21:48:00,0.011379223345272749
2020-06-23 21:51:00,0.025945909491724706
2020-06-23 21:54:00,0.09575088263767384
2020-06-23 21:57:00,0.018392570526145846
2020-06-23 22:00:00,0.08122785842545
2020-06-23 22:03:00,0.142550130854886
2020-06-23 22:06:00,0.08776049994520463
2020-06-23 22:09:00,0.053507708019139955
2020-06-23 22:12:00,0.006532148126439097
2020-06-23 22:15:00,-0.06748293044535103
2020-06-23 22:18:00,0.0524460418214403
2020-06-23 22:21:00,0.09890509916971268
2020-06-23 22:24:00,0.09960707829969806
2020-06-23 22:27:00,0.07161291548737836
2020-06-23 22:30:00,0.019426516176338282
2020-06-23 22:33:00,0.12571469740134944
2020-06-23 22:36:00,-0.01142575944516011
2020-06-23 22:39:00,0.07045289775680885
2020-06-23 22:42:00,0.14324741308985267
2020-06-23 22:45:00,0.04242219446445006
2020-06-23 22:48:00,0.05791549396599294
2020-06-23 22:51:00,0.11126768587189417
2020-06-23 22:54:00,-0.03734695673506394
2020-06-23 22:57:00,0.04744254061273523
2020-06-23 23:00:00,0.06206435229654517
2020-06-23 23:03:00,0.014662784152164932
2020-06-23 23:06:00,-0.029723139627208184
2020-06-23 23:09:00,0.04309747464611746
2020-06-23 23:12:00,0.023212065718837493
2020-06-23 23:15:00,0.14039674037542227
2020-06-23 23:18:00,0.040242474122464955
2020-06-23 23:21:00,0.06568011594231393
2020-06-23 23:24:00,0.2063212980156095
2020-06-23 23:27:00,0.1831843410366787
2020-06-23 23:30:00,0.21622873814305876
2020-06-23 23:33:00,0.13323437706429786
2020-06-23 23:36:00,0.15104746904165722
2020-06-23 23:39:00,0.11297937410159875
2020-06-23 23:42:00,0.129852425164529
2020-06-23 23:45:00,0.11730282497535427
2020-06-23 23:48:00,0.14673883950439404
2020-06-23 23:51:00,0.1699537638601214
2020-06-23 23:54:00,0.20004816346306598
2020-06-23 23:57:00,0.15587164021837907
2020-06-24 00:00:00,0.03911337904946777
2020-06-24 00:03:00,0.1261519362802801
2020-06-24 00:06:00,0.07273480190337978
2020-06-24 00:09:00,0.0647335895910146
2020-06-24 00:12:00,0.19971073358431113
2020-06-24 00:15:00,0.022829491424658954
2020-06-24 00:18:00,0.018331090283083995
2020-06-24 00:21:00,0.029178706924881226
2020-06-24 00:24:00,0.1056530001376359
2020-06-24 00:27:00,0.17965129795811663
2020-06-24 00:30:00,0.31033506003177536
2020-06-24 00:33:00,0.13724189671069098
2020-06-24 00:36:00,0.14403906781257092
2020-06-24 00:39:00,0.07200356718124112
2020-06-24 00:42:00,0.18685519399906525
2020-06-24 00:45:00,0.13184926703974043
2020-06-24 00:48:00,0.26413265832030675
2020-06-24 00:51:00,0.14077928328885037
2020-06-24 00:54:00,0.23660957949437034
2020-06-24 00:57:00,0.22319647581605295
2020-06-24 01:00:00,0.2294054147404836
2020-06-24 01:03:00,0.2308524193424546
2020-06-24 01:06:00,0.0016231317809456414
2020-06-24 01:09:00,0.0847033242417865
2020-06-24 01:12:00,-0.022835673638439857
2020-06-24 01:15:00,-0.017074025853503372
2020-06-24 01:18:00,-0.03982215857831761
2020-06-24 01:21:00,-0.014317692770077883
2020-06-24 01:24:00,0.014008200139357996
2020-06-24 01:27:00,0.08219680566412535
2020-06-24 01:30:00,0.11548685149870153
2020-06-24 01:33:00,0.06429235493970964
2020-06-24 01:36:00,0.1700840568984745
2020-06-24 01:39:00,0.09944197420668388
2020-06-24 01:42:00,0.032552505307705815
2020-06-24 01:45:00,0.07820219425428832
2020-06-24 01:48:00,0.059470371291752144
2020-06-24 01:51:00,0.07724258450019761
2020-06-24 01:54:00,0.07713305433509277
2020-06-24 01:57:00,0.08172141567109747
2020-06-24 02:00:00,0.08573569285510985
2020-06-24 02:03:00,0.10695276941714837
2020-06-24 02:06:00,0.0029525253754627556
2020-06-24 02:09:00,0.029931824522122952
2020-06-24 02:12:00,0.1035410972651789
2020-06-24 02:15:00,0.028085769166295904
2020-06-24 02:18:00,0.07093992487000378
2020-06-24 02:21:00,0.07386834797301844
2020-06-24 02:24:00,0.1622870467091957
2020-06-24 02:27:00,0.08602387862623573
2020-06-24 02:30:00,0.1005247500154951
2020-06-24 02:33:00,0.03014008061018103
2020-06-24 02:36:00,0.034632874721978624
2020-06-24 02:39:00,0.0709193560667245
2020-06-24 02:42:00,0.07106341754882806
2020-06-24 02:45:00,-0.021074555123391292
2020-06-24 02:48:00,0.04751679928409658
2020-06-24 02:51:00,0.10273113506536902
2020-06-24 02:54:00,0.04725856033138598
2020-06-24 02:57:00,0.0563819421943208
2020-06-24 03:00:00,0.04906421484940893
2020-06-24 03:03:00,0.08713369843860619
2020-06-24 03:06:00,0.04473039818850566
2020-06-24 03:09:00,-0.025158211798611774
2020-06-24 03:12:00,0.13548542259462693
2020-06-24 03:15:00,0.09394574320202764
2020-06-24 03:18:00,0.019439321762149575
2020-06-24 03:21:00,0.05867289660574215
2020-06-24 03:24:00,0.00798291246729832
2020-06-24 03:27:00,0.0669682850418667
2020-06-24 03:30:00,0.022355378877534804
2020-06-24 03:33:00,0.10423159980138053
2020-06-24 03:36:00,0.1005517614783571
2020-06-24 03:39:00,0.06948439524552441
2020-06-24 03:42:00,0.10857799224692144
2020-06-24 03:45:00,0.1331701045056093
2020-06-24 03:48:00,0.00376728987680508
2020-06-24 03:51:00,0.11820840625580331
2020-06-24 03:54:00,0.14027072295385778
2020-06-24 03:57:00,0.09620802779591031
2020-06-24 04:00:00,0.08238698993767457
2020-06-24 04:03:00,0.07152804255451883
2020-06-24 04:06:00,0.11257611330046302
2020-06-24 04:09:00,-0.044013033577300575
2020-06-24 04:12:00,0.1029748789588325
2020-06-24 04:15:00,0.10544141020596953
2020-06-24 04:18:00,0.07972862400742997
2020-06-24 04:21:00,0.08899994164522695
2020-06-24 04:24:00,0.07622569321671335
2020-06-24 04:27:00,0.1485428771574675
2020-06-24 04:30:00,0.11980726143133325
2020-06-24 04:33:00,0.12252169755845443
2020-06-24 04:36:00,0.2935369489561026
2020-06-24 04:39:00,0.13983790457098166
2020-06-24 04:42:00,0.10793342798962158
2020-06-24 04:45:00,0.1540125022353891
2020-06-24 04:48:00,0.24498428606830203
2020-06-24 04:51:00,0.16298004991574544
2020-06-24 04:54:00,0.19288370906491537
2020-06-24 04:57:00,0.19131556388066429
2020-06-24 05:00:00,0.2208471785876327
2020-06-24 05:03:00,0.1579249326064769
2020-06-24 05:06:00,0.3184167379631617
2020-06-24 05:09:00,0.26736194897898713
2020-06-24 05:12:00,0.2522175598872991
2020-06-24 05:15:00,0.32370488669812403
2020-06-24 05:18:00,0.15276298608625893
2020-06-24 05:21:00,0.2379603056566566
2020-06-24 05:24:00,0.1993547907196671
2020-06-24 05:27:00,0.11250803504458418
2020-06-24 05:30:00,0.1943700984498946
2020-06-24 05:33:00,0.205694169106323
2020-06-24 05:36:00,0.3191671703420411
2020-06-24 05:39:00,0.2660213893456671
2020-06-24 05:42:00,0.2112039219269377
2020-06-24 05:45:00,0.20907135033479562
2020-06-24 05:48:00,0.27106125682399806
2020-06-24 05:51:00,0.3301956770792458
2020-06-24 05:54:00,0.2626958232776815
2020-06-24 05:57:00,0.2745490688004679
2020-06-24 06:00:00,0.3472148172065772
2020-06-24 06:03:00,0.3304293948667123
2020-06-24 06:06:00,0.2086227508588081
2020-06-24 06:09:00,0.2581149579137332
2020-06-24 06:12:00,0.2512553671177784
2020-06-24 06:15:00,0.2773829205513607
2020-06-24 06:18:00,0.30508484669729796
2020-06-24 06:21:00,0.3669576886127288
2020-06-24 06:24:00,0.30471648179405975
2020-06-24 06:27:00,0.20756392178446958
2020-06-24 06:30:00,0.33148263100139275
2020-06-24 06:33:00,0.3064385178554403
2020-06-24 06:36:00,0.2884630719516963
2020-06-24 06:39:00,0.34621514730844183
2020-06-24 06:42:00,0.30177325172286373
2020-06-24 06:45:00,0.30278805496271843
2020-06-24 06:48:00,0.28908819797618435
2020-06-24 06:51:00,0.31442931395497453
2020-06-24 06:54:00,0.30282709989990053
2020-06-24 06:57:00,0.3635264731683492
2020-06-24 07:00:00,0.1941315241325583
2020-06-24 07:03:00,0.25496294031501066
2020-06-24 07:06:00,0.33713475282326044
2020-06-24 07:09:00,0.3319812619520235
2020-06-24 07:12:00,0.26632112707000033
2020-06-24 07:15:00,0.2488521419012386
2020-06-24 07:18:00,0.2401284438361131
2020-06-24 07:21:00,0.25038910660532565
2020-06-24 07:24:00,0.26325771829186806
2020-06-24 07:27:00,0.2532975935745867
2020-06-24 07:30:00,0.28880083746679475
2020-06-24 07:33:00,0.21163608352105712
2020-06-24 07:36:00,0.24454765580566118
2020-06-24 07:39:00,0.09519818633350496
2020-06-24 07:42:00,0.1845472667426975
2020-06-24 07:45:00,0.12284848541918336
2020-06-24 07:48:00,0.24892273053120562
2020-06-24 07:51:00,0.17802663558705945
2020-06-24 07:54:00,0.2356005342629146
2020-06-24 07:57:00,0.09817259560821867
2020-06-24 08:00:00,0.14240490929688576
2020-06-24 08:03:00,0.22629049001523072
2020-06-24 08:06:00,0.11259235602949502
2020-06-24 08:09:00,0.13856357943546982
2020-06-24 08:12:00,0.13917488258903177
2020-06-24 08:15:00,0.1577056402342123
2020-06-24 08:18:00,0.06325374118881655
2020-06-24 08:21:00,0.16116363407496692
2020-06-24 08:24:00,0.20570591120645076
2020-06-24 08:27:00,0.11847082843365797
2020-06-24 08:30:00,0.20031113553824298
2020-06-24 08:33:00,0.09722371010582265
2020-06-24 08:36:00,0.12152262918181123
2020-06-24 08:39:00,0.15956308792550544
2020-06-24 08:42:00,0.1923189898739679
2020-06-24 08:45:00,0.05666303541352136
2020-06-24 08:48:00,0.018139184271547037
2020-06-24 08:51:00,0.13194236800376302
2020-06-24 08:54:00,0.05767663292516545
2020-06-24 08:57:00,0.038374708960816406
2020-06-24 09:00:00,0.13189957202166624
2020-06-24 09:03:00,0.09190446236317484
2020-06-24 09:06:00,0.010713890160502615
2020-06-24 09:09:00,0.06732691892528919
2020-06-24 09:12:00,0.00826911993124213
2020-06-24 09:15:00,0.009611181976652006
2020-06-24 09:18:00,0.06594994037970991
2020-06-24 09:21:00,0.07050586523484981
2020-06-24 09:24:00,-0.05623499380760677
2020-06-24 09:27:00,-0.026284829037592772
2020-06-24 09:30:00,-0.0402724420810614
2020-06-24 09:33:00,0.008692456637618307
2020-06-24 09:36:00,0.0038843750829755663
2020-06-24 09:39:00,-0.021457374298904597
2020-06-24 09:42:00,-0.039956475106123435
2020-06-24 09:45:00,0.009300156213328137
2020-06-24 09:48:00,-0.05832044663554825
2020-06-24 09:51:00,-0.06658267852060362
2020-06-24 09:54:00,0.016675724680396797
2020-06-24 09:57:00,-0.01617716176463091
2020-06-24 10:00:00,-0.052824551446235546
2020-06-24 10:03:00,-0.09035750718595636
2020-06-24 10:06:00,-0.12797341024526077
2020-06-24 10:09:00,-0.11298380462966406
2020-06-24 10:12:00,-0.11853546015686334
2020-06-24 10:15:00,-0.128249673525886
2020-06-24 10:18:00,-0.10759669926108018
2020-06-24 10:21:00,-0.03521872211234722
2020-06-24 10:24:00,-0.09770562112834114
2020-06-24 10:27:00,-0.0032824883039097585
2020-06-24 10:30:00,-0.0377706755070335
2020-06-24 10:33:00,-0.09685698000231469
2020-06-24 10:36:00,-0.07922181983332166
2020-06-24 10:39:00,-0.16766203585257244
2020-06-24 10:42:00,-0.110523346206719
2020-06-24 10:45:00,0.0017776821445636415
2020-06-24 10:48:00,-0.21470834097283387
2020-06-24 10:51:00,-0.21900743624286179
2020-06-24 10:54:00,-0.09677116704750688
2020-06-24 10:57:00,-0.1361378365378414
2020-06-24 11:00:00,-0.08929270394855848
2020-06-24 11:03:00,-0.10077311000901545
2020-06-24 11:06:00,-0.14537503532267237
2020-06-24 11:09:00,-0.2526079390261202
2020-06-24 11:12:00,-0.1850089122629015
2020-06-24 11:15:00,-0.19179320927577237
2020-06-24 11:18:00,-0.15231204542925525
2020-06-24 11:21:00,-0.1877988996440081
2020-06-24 11:24:00,-0.10194319999726531
2020-06-24 11:27:00,-0.15848156604721453
2020-06-24 11:30:00,-0.15820411178833638
2020-06-24 11:33:00,-0.22025470729164454
2020-06-24 11:36:00,-0.34495137301610157
2020-06-24 11:39:00,-0.28271469398271165
2020-06-24 11:42:00,-0.293207004622559
2020-06-24 11:45:00,-0.15537583297651736
2020-06-24 11:48:00,-0.21130212112620939
2020-06-24 11:51:00,-0.18531740780264272
2020-06-24 11:54:00,-0.23628452801540334
2020-06-24 11:57:00,-0.18208613347394476
2020-06-24 12:00:00,-0.1450961137924196
2020-06-24 12:03:00,-0.30124069731067493
2020-06-24 12:06:00,-0.4035476239503737
2020-06-24 12:09:00,-0.2782618471042042
2020-06-24 12:12:00,-0.25593399156207397
2020-06-24 12:15:00,-0.30029838137045317
2020-06-24 12:18:00,-0.38163217064015953
2020-06-24 12:21:00,-0.15894335002639082
2020-06-24 12:24:00,-0.34491680735033015
2020-06-24 12:27:00,-0.35140081270088785
2020-06-24 12:30:00,-0.28230557994709216
2020-06-24 12:33:00,-0.32785701366259445
2020-06-24 12:36:00,-0.3622218130666397
2020-06-24 12:39:00,-0.33208855090026645
2020-06-24 12:42:00,-0.3526612438411689
2020-06-24 12:45:00,-0.418668567619477
2020-06-24 12:48:00,-0.36161118010721793
2020-06-24 12:51:00,-0.4096339129440594
2020-06-24 12:54:00,-0.402358306013582
2020-06-24 12:57:00,-0.427776532532846
2020-06-24 13:00:00,-0.3416229594913034
2020-06-24 13:03:00,-0.4060293175011225
2020-06-24 13:06:00,-0.4542615370196472
2020-06-24 13:09:00,-0.3412318241611274
2020-06-24 13:12:00,-0.39650420164804245
2020-06-24 13:15:00,-0.44729260538099425
2020-06-24 13:18:00,-0.40712558369853014
2020-06-24 13:21:00,-0.5202055414458755
2020-06-24 13:24:00,-0.44323669981190505
2020-06-24 13:27:00,-0.5008069447269463
2020-06-24 13:30:00,-0.41682764643934433
2020-06-24 13:33:00,-0.4308691927769246
2020-06-24 13:36:00,-0.41063418140754493
2020-06-24 13:39:00,-0.41390714496071723
2020-06-24 13:42:00,-0.4484482230498088
2020-06-24 13:45:00,-0.3882312685066722
2020-06-24 13:48:00,-0.4368669545150965
2020-06-24 13:51:00,-0.41946988484659187
2020-06-24 13:54:00,-0.5506239954452212
2020-06-24 13:57:00,-0.43328410047490706
2020-06-24 14:00:00,-0.35196403110688834
2020-06-24 14:03:00,-0.32735389473867826
2020-06-24 14:06:00,-0.30712309399507376
2020-06-24 14:09:00,-0.4242860222373679
2020-06-24 14:12:00,-0.4253680168223468
2020-06-24 14:15:00,-0.3694267562964342
2020-06-24 14:18:00,-0.40363613509907736
2020-06-24 14:21:00,-0.3601525670027854
2020-06-24 14:24:00,-0.31644221174474296
2020-06-24 14:27:00,-0.3077216888287353
2020-06-24 14:30:00,-0.34761380420206933
2020-06-24 14:33:00,-0.42117899551493565
2020-06-24 14:36:00,-0.3826689574563602
2020-06-24 14:39:00,-0.2908274405438078
2020-06-24 14:42:00,-0.45931057202994907
2020-06-24 14:45:00,-0.41334226686325337
2020-06-24 14:48:00,-0.33961160464923523
2020-06-24 14:51:00,-0.32600820218237914
2020-06-24 14:54:00,-0.35655649419186375
2020-06-24 14:57:00,-0.2728391960293379
2020-06-24 15:00:00,-0.27949181539742085
2020-06-24 15:03:00,-0.3670078615154466
2020-06-24 15:06:00,-0.2125261900979467
2020-06-24 15:09:00,-0.2724135837206063
2020-06-24 15:12:00,-0.27285834645147133
2020-06-24 15:15:00,-0.3498083165657704
2020-06-24 15:18:00,-0.2621574923244907
2020-06-24 15:21:00,-0.38094649646069456
2020-06-24 15:24:00,-0.419284276020619
2020-06-24 15:27:00,-0.27100759187283074
2020-06-24 15:30:00,-0.25073386699602906
2020-06-24 15:33:00,-0.3004866858328228
2020-06-24 15:36:00,-0.27483284927296836
2020-06-24 15:39:00,-0.32656786432903573
2020-06-24 15:42:00,-0.43036971406939983
2020-06-24 15:45:00,-0.37331415225321507
2020-06-24 15:48:00,-0.3008500588672405
2020-06-24 15:51:00,-0.35688915873737415
2020-06-24 15:54:00,-0.4948049611895726
2020-06-24 15:57:00,-0.43476949953844723
2020-06-24 16:00:00,-0.44824565673104644
2020-06-24 16:03:00,-0.42444128860199726
2020-06-24 16:06:00,-0.31974659134192507
2020-06-24 16:09:00,-0.4982004949991392
2020-06-24 16:12:00,-0.38747962387606094
2020-06-24 16:15:00,-0.3581304030641945
2020-06-24 16:18:00,-0.4392705018505012
2020-06-24 16:21:00,-0.40992373983874586
2020-06-24 16:24:00,-0.3471445453352544
2020-06-24 16:27:00,-0.30112671499415455
2020-06-24 16:30:00,-0.4302224877244498
2020-06-24 16:33:00,-0.4263467255040041
2020-06-24 16:36:00,-0.36829454902596126
2020-06-24 16:39:00,-0.36499824379308166
2020-06-24 16:42:00,-0.3455000646306985
2020-06-24 16:45:00,-0.24286691755577294
2020-06-24 16:48:00,-0.34864358279929775
2020-06-24 16:51:00,-0.33698007637548244
2020-06-24 16:54:00,-0.24038993304850464
2020-06-24 16:57:00,-0.440925774966729
2020-06-24 17:00:00,-0.3385928461698313
2020-06-24 17:03:00,-0.3373467857065293
2020-06-24 17:06:00,-0.323775378960363
2020-06-24 17:09:00,-0.332916298937846
2020-06-24 17:12:00,-0.2512561063265366
2020-06-24 17:15:00,-0.3404043129997376
2020-06-24 17:18:00,-0.22301872101098752
2020-06-24 17:21:00,-0.3348738479145936
2020-06-24 17:24:00,-0.09655285783816225
2020-06-24 17:27:00,-0.21558958985247045
2020-06-24 17:30:00,-0.2487161748535982
2020-06-24 17:33:00,-0.20119602889951693
2020-06-24 17:36:00,-0.1683489884590017
2020-06-24 17:39:00,-0.13058706146648547
2020-06-24 17:42:00,-0.11021537129454373
2020-06-24 17:45:00,-0.16609949970131765
2020-06-24 17:48:00,-0.1463774117503931
2020-06-24 17:51:00,-0.08458486125198306
2020-06-24 17:54:00,-0.15820930559448243
2020-06-24 17:57:00,-0.16348247018459006
2020-06-24 18:00:00,-0.018752220532462616
2020-06-24 18:03:00,-0.0655538224926886
2020-06-24 18:06:00,-0.16384059694320285
2020-06-24 18:09:00,-0.07017759219388608
2020-06-24 18:12:00,-0.14475766422322067
2020-06-24 18:15:00,-0.034715976747918376
2020-06-24 18:18:00,-0.10799729914918998
2020-06-24 18:21:00,-0.04232443745758019
2020-06-24 18:24:00,-0.021345384093024222
2020-06-24 18:27:00,-0.0491655460194238
2020-06-24 18:30:00,-0.07086759625514105
2020-06-24 18:33:00,-0.10821561367589538
2020-06-24 18:36:00,-0.01511565281066396
2020-06-24 18:39:00,0.007921934365924699
2020-06-24 18:42:00,-0.019469643709840057
2020-06-24 18:45:00,0.008901735983897652
2020-06-24 18:48:00,-0.09250176063801518
2020-06-24 18:51:00,-0.07290273652989754
2020-06-24 18:54:00,
2020-06-24 18:57:00,
2020-06-24 19:00:00,
2020-06-24 19:03:00,0.05593723237257109
2020-06-24 19:06:00,0.021410850695076533
2020-06-24 19:09:00,0.06119626164428382
2020-06-24 19:12:00,0.06368659528123999
2020-06-24 19:15:00,-0.0029003514953274134
2020-06-24 19:18:00,-0.018341202731448902
2020-06-24 19:21:00,-0.010411695619950478
2020-06-24 19:24:00,-0.0037856536161484655
2020-06-24 19:27:00,-0.03172256891116376
2020-06-24 19:30:00,0.07153957089724372
2020-06-24 19:33:00,-0.004947960748438618
2020-06-24 19:36:00,0.0617176606857015
2020-06-24 19:39:00,0.012788587793238548
2020-06-24 19:42:00,-0.04237738449825201
2020-06-24 19:45:00,0.01263049320277787
2020-06-24 19:48:00,0.04855922003548585
2020-06-24 19:51:00,0.030544182446647028
2020-06-24 19:54:00,0.03694916162004347
2020-06-24 19:57:00,0.11419714137565506
2020-06-24 20:00:00,0.037406606066213044
2020-06-24 20:03:00,0.02348028920988554
2020-06-24 20:06:00,0.03510301619542133
2020-06-24 20:09:00,0.07473590353038162
2020-06-24 20:12:00,0.01430228289285651
2020-06-24 20:15:00,0.0965280499311234
2020-06-24 20:18:00,0.045872435591718386
2020-06-24 20:21:00,-0.020713907872334403
2020-06-24 20:24:00,0.028761888821009052
2020-06-24 20:27:00,0.0196423251176725
2020-06-24 20:30:00,-0.016987956190064324
2020-06-24 20:33:00,-0.013913769056443925
2020-06-24 20:36:00,0.017070234569018794
2020-06-24 20:39:00,-0.005595009117257632
2020-06-24 20:42:00,0.1167253407288058
2020-06-24 20:45:00,-0.045496546939830296
2020-06-24 20:48:00,0.028629528642056812
2020-06-24 20:51:00,0.034355139851413696
2020-06-24 20:54:00,-0.12908411968618339
2020-06-24 20:57:00,0.05576546102543034
2020-06-24 21:00:00,-0.029896584222626643
2020-06-24 21:03:00,-0.01778121187976467
2020-06-24 21:06:00,0.024896176841480155
2020-06-24 21:09:00,-0.04554262976233758
2020-06-24 21:12:00,0.003629453722510334
2020-06-24 21:15:00,0.026468668001939477
2020-06-24 21:18:00,0.03232230329325603
2020-06-24 21:21:00,0.027076392285835027
2020-06-24 21:24:00,0.08705994042139764
2020-06-24 21:27:00,0.06353257005235946
2020-06-24 21:30:00,0.08908800987785526
2020-06-24 21:33:00,0.08843151125574877
2020-06-24 21:36:00,-0.006399194337859626
2020-06-24 21:39:00,0.10016475457933893
2020-06-24 21:42:00,0.022209206909792556
2020-06-24 21:45:00,0.005395946130818174
2020-06-24 21:48:00,0.1396849206972206
2020-06-24 21:51:00,0.05286081098284967
2020-06-24 21:54:00,0.09048759244581106
2020-06-24 21:57:00,0.14466634572011117
2020-06-24 22:00:00,0.0721531731229561
2020-06-24 22:03:00,0.050457204909207576
2020-06-24 22:06:00,0.14555445283451718
2020-06-24 22:09:00,0.024200688621931477
2020-06-24 22:12:00,0.14132361697869555
2020-06-24 22:15:00,0.14427662346196257
2020-06-24 22:18:00,0.09680762733341908
2020-06-24 22:21:00,0.12034722777724483
2020-06-24 22:24:00,0.14052270193735694
2020-06-24 22:27:00,0.10837205064831323
2020-06-24 22:30:00,0.0874709642418452
2020-06-24 22:33:00,0.08627254468649426
2020-06-24 22:36:00,0.11576570245460971
2020-06-24 22:39:00,0.13425646044242967
2020-06-24 22:42:00,0.08118283908953572
2020-06-24 22:45:00,0.23412235381334767
2020-06-24 22:48:00,0.2298671753986241
2020-06-24 22:51:00,0.13947706255561343
2020-06-24 22:54:00,0.13109458883576508
2020-06-24 22:57:00,0.13220953223566312
2020-06-24 23:00:00,0.1810287992499866
2020-06-24 23:03:00,0.143033991261575
2020-06-24 23:06:00,0.13088670147652692
2020-06-24 23:09:00,0.14178044050987637
2020-06-24 23:12:00,0.15376286101229653
2020-06-24 23:15:00,0.09026704431357757
2020-06-24 23:18:00,0.12953577981647868
2020-06-24 23:21:00,0.11287776574204145
2020-06-24 23:24:00,0.1314832790391165
2020-06-24 23:27:00,0.11875850621288464
2020-06-24 23:30:00,0.09914019695742127
2020-06-24 23:33:00,0.1360089762509915
2020-06-24 23:36:00,0.13121305174445297
2020-06-24 23:39:00,0.14247782549421117
2020-06-24 23:42:00,0.1962700821043768
2020-06-24 23:45:00,0.12987158304190416
2020-06-24 23:48:00,0.1280338332310862
2020-06-24 23:51:00,0.19056854776641785
2020-06-24 23:54:00,0.1901684000441719
2020-06-24 23:57:00,0.14704518356046492
2020-06-25 00:00:00,0.08591047363336202
2020-06-25 00:03:00,0.18490959583300537
2020-06-25 00:06:00,0.21659220316843175
2020-06-25 00:09:00,0.20733176957259047
2020-06-25 00:12:00,0.24786454457893115
2020-06-25 00:15:00,0.15889383643695965
2020-06-25 00:18:00,0.12102774834460206
2020-06-25 00:21:00,0.13530081718079146
2020-06-25 00:24:00,0.18558899105840965
2020-06-25 00:27:00,0.19579629860248815
2020-06-25 00:30:00,0.1373746519981296
2020-06-25 00:33:00,0.1995171154953823
2020-06-25 00:36:00,0.16808964629461798
2020-06-25 00:39:00,0.244318264041965
2020-06-25 00:42:00,0.32206280406461474
2020-06-25 00:45:00,0.30445683711724314
2020-06-25 00:48:00,0.22963945769100746
2020-06-25 00:51:00,0.2996166245131917
2020-06-25 00:54:00,0.21238151869209787
2020-06-25 00:57:00,0.19674515069544896
2020-06-25 01:00:00,0.17524686145702617
2020-06-25 01:03:00,0.1816659291177416
2020-06-25 01:06:00,0.19569390723319202
2020-06-25 01:09:00,0.2623184240193268
2020-06-25 01:12:00,0.19331261718093629
2020-06-25 01:15:00,0.23563035273377864
2020-06-25 01:18:00,0.19086659180652532
2020-06-25 01:21:00,0.2217632169266608
2020-06-25 01:24:00,0.2910405372026048
2020-06-25 01:27:00,0.2161756611817509
2020-06-25 01:30:00,0.20336891117182176
2020-06-25 01:33:00,0.23380442986143635
2020-06-25 01:36:00,0.26101540081424446
2020-06-25 01:39:00,0.28320640012924514
2020-06-25 01:42:00,0.21732426497226243
2020-06-25 01:45:00,0.242052991259186
2020-06-25 01:48:00,0.26314446841973904
2020-06-25 01:51:00,0.27041910423253057
2020-06-25 01:54:00,0.28774883072799184
2020-06-25 01:57:00,0.29421616127427797
2020-06-25 02:00:00,0.21265300812098076
2020-06-25 02:03:00,0.25388251394775807
2020-06-25 02:06:00,0.2264451706358841
2020-06-25 02:09:00,0.31971995874840786
2020-06-25 02:12:00,0.31552011073893027
2020-06-25 02:15:00,0.258215451618355
2020-06-25 02:18:00,0.29150553921618894
2020-06-25 02:21:00,0.3436667937985476
2020-06-25 02:24:00,0.31004556380253234
2020-06-25 02:27:00,0.2864456564370812
2020-06-25 02:30:00,0.3413105165336674
2020-06-25 02:33:00,0.2183753122791927
2020-06-25 02:36:00,0.2657298648959454
2020-06-25 02:39:00,0.2711358695367494
2020-06-25 02:42:00,0.36340950097024916
2020-06-25 02:45:00,0.33531681417730397
2020-06-25 02:48:00,0.3481780261997187
2020-06-25 02:51:00,0.3424398574250631
2020-06-25 02:54:00,0.3534773632101178
2020-06-25 02:57:00,0.3471227674600641
2020-06-25 03:00:00,0.3048536295054305
2020-06-25 03:03:00,0.362669959947425
2020-06-25 03:06:00,0.2982363481322068
2020-06-25 03:09:00,0.2780526517385624
2020-06-25 03:12:00,0.3359181807203413
2020-06-25 03:15:00,0.31666070870380736
2020-06-25 03:18:00,0.23828021569255498
2020-06-25 03:21:00,0.2892708847367089
2020-06-25 03:24:00,0.37834095556684133
2020-06-25 03:27:00,0.36744130736531133
2020-06-25 03:30:00,0.2885105570289852
2020-06-25 03:33:00,0.1919406693690462
2020-06-25 03:36:00,0.18681626621309988
2020-06-25 03:39:00,0.2940298548622877
2020-06-25 03:42:00,0.32529757218890154
2020-06-25 03:45:00,0.33178235601951656
2020-06-25 03:48:00,0.31847378717094443
2020-06-25 03:51:00,0.23364216194403298
2020-06-25 03:54:00,0.26290544709513597
2020-06-25 03:57:00,0.28659373198837557
2020-06-25 04:00:00,0.3040791409517283
2020-06-25 04:03:00,0.2955933415901768
2020-06-25 04:06:00,0.35900190693070044
2020-06-25 04:09:00,0.34767168267029547
2020-06-25 04:12:00,0.27853894183056127
2020-06-25 04:15:00,0.35770437822185386
2020-06-25 04:18:00,0.46668534815074736
2020-06-25 04:21:00,0.35135096021519985
2020-06-25 04:24:00,0.33831074773542014
2020-06-25 04:27:00,0.35907686353681356
2020-06-25 04:30:00,0.3391070527264901
2020-06-25 04:33:00,0.374986451385098
2020-06-25 04:36:00,0.33851007568739533
2020-06-25 04:39:00,0.38458530641992184
2020-06-25 04:42:00,0.33155052678398533
2020-06-25 04:45:00,0.36385558553007513
2020-06-25 04:48:00,0.34789147547149923
2020-06-25 04:51:00,0.34966239476528926
2020-06-25 04:54:00,0.4433474622157405
2020-06-25 04:57:00,0.31908149537275676
2020-06-25 05:00:00,0.4225066114669289
2020-06-25 05:03:00,0.3744834154129535
2020-06-25 05:06:00,0.2838777168959723
2020-06-25 05:09:00,0.22907327002411648
2020-06-25 05:12:00,0.20207244406640257
2020-06-25 05:15:00,0.40623314923971066
2020-06-25 05:18:00,0.23903711123443827
2020-06-25 05:21:00,0.2600624531385165
2020-06-25 05:24:00,0.2833107282166907
2020-06-25 05:27:00,0.266099913677067
2020-06-25 05:30:00,0.26289120139466604
2020-06-25 05:33:00,0.26326565178567307
2020-06-25 05:36:00,0.22906720567823413
2020-06-25 05:39:00,0.35378161974495015
2020-06-25 05:42:00,0.3289717006817341
2020-06-25 05:45:00,0.29207272388367755
2020-06-25 05:48:00,0.3784427857524406
2020-06-25 05:51:00,0.1787791661807887
2020-06-25 05:54:00,0.28500104732472664
2020-06-25 05:57:00,0.20442213023841305
2020-06-25 06:00:00,0.20788621867114898
2020-06-25 06:03:00,0.3453739568267338
2020-06-25 06:06:00,0.20245233069726964
2020-06-25 06:09:00,0.34274489590114854
2020-06-25 06:12:00,0.25344619290666515
2020-06-25 06:15:00,0.2655620583109908
2020-06-25 06:18:00,0.2599387146991603
2020-06-25 06:21:00,0.218792812717993
2020-06-25 06:24:00,0.2579016435532253
2020-06-25 06:27:00,0.3906538330098215
2020-06-25 06:30:00,0.1981939031510933
2020-06-25 06:33:00,0.2667669604003322
2020-06-25 06:36:00,0.2978256813291864
2020-06-25 06:39:00,0.20377578770472837
2020-06-25 06:42:00,0.22733467899104198
2020-06-25 06:45:00,0.32842110230905064
2020-06-25 06:48:00,0.36871413042212
2020-06-25 06:51:00,0.23837775561548824
2020-06-25 06:54:00,0.29131461977044637
2020-06-25 06:57:00,0.2285829408584732
2020-06-25 07:00:00,0.29373281880680224
2020-06-25 07:03:00,0.28426673447160056
2020-06-25 07:06:00,0.1917767274122184
2020-06-25 07:09:00,0.30012824119671677
2020-06-25 07:12:00,0.340815789389751
2020-06-25 07:15:00,0.20392421696254814
2020-06-25 07:18:00,0.26520124563137415
2020-06-25 07:21:00,0.10599811061263154
2020-06-25 07:24:00,0.2765450525374149
2020-06-25 07:27:00,0.24396708608304607
2020-06-25 07:30:00,0.33392473558012625
2020-06-25 07:33:00,0.333368846859571
2020-06-25 07:36:00,0.2925948664657767
2020-06-25 07:39:00,0.2545431954260948
2020-06-25 07:42:00,0.29880532934112125
2020-06-25 07:45:00,0.2847218210132496
2020-06-25 07:48:00,0.19841933819060387
2020-06-25 07:51:00,0.26146838489887614
2020-06-25 07:54:00,0.23281620404350178
2020-06-25 07:57:00,0.22069278215923305
2020-06-25 08:00:00,0.2820103370498259
2020-06-25 08:03:00,0.21899479521886178
2020-06-25 08:06:00,0.21485432101695778
2020-06-25 08:09:00,0.2903121304617571
2020-06-25 08:12:00,0.15826691653148828
2020-06-25 08:15:00,0.21162642730160997
2020-06-25 08:18:00,0.13198822998515425
2020-06-25 08:21:00,0.21492605341768467
2020-06-25 08:24:00,0.12677942924892704
2020-06-25 08:27:00,0.09383287852620015
2020-06-25 08:30:00,0.1805878530636278
2020-06-25 08:33:00,0.1580373550667673
2020-06-25 08:36:00,0.20470664417661055
2020-06-25 08:39:00,0.20056382427685548
2020-06-25 08:42:00,0.14824006964812497
2020-06-25 08:45:00,0.12298010510744461
2020-06-25 08:48:00,0.15773978560577007
2020-06-25 08:51:00,0.13378595522686965
2020-06-25 08:54:00,0.07867146234553957
2020-06-25 08:57:00,0.05094304941445671
2020-06-25 09:00:00,0.05964184359771707
2020-06-25 09:03:00,0.02286184506618838
2020-06-25 09:06:00,0.010701411623642798
2020-06-25 09:09:00,-0.04726586055818416
2020-06-25 09:12:00,0.05925111553710849
2020-06-25 09:15:00,-0.06758950758558058
2020-06-25 09:18:00,-0.049980276768962995
2020-06-25 09:21:00,-0.05547297862472078
2020-06-25 09:24:00,-0.12200018384072564
2020-06-25 09:27:00,-0.01690598452745462
2020-06-25 09:30:00,-0.14863763763668203
2020-06-25 09:33:00,-0.10940797630411225
2020-06-25 09:36:00,-0.11759383393450662
2020-06-25 09:39:00,-0.06648765062186612
2020-06-25 09:42:00,-0.0741610885127102
2020-06-25 09:45:00,-0.11884780418483842
2020-06-25 09:48:00,-0.03054235526883531
2020-06-25 09:51:00,-0.14110707365352937
2020-06-25 09:54:00,-0.11645532068416742
2020-06-25 09:57:00,-0.1486163749266325
2020-06-25 10:00:00,-0.16769464156618596
2020-06-25 10:03:00,-0.14870107062887428
2020-06-25 10:06:00,-0.2073706566439455
2020-06-25 10:09:00,-0.20353633283525596
2020-06-25 10:12:00,-0.22960131588985178
2020-06-25 10:15:00,-0.24721656392767954
2020-06-25 10:18:00,-0.2761141193626031
2020-06-25 10:21:00,-0.28011736021392153
2020-06-25 10:24:00,-0.23206615425306154
2020-06-25 10:27:00,-0.17967404949092725
2020-06-25 10:30:00,-0.2301685583751123
2020-06-25 10:33:00,-0.2544503705482839
2020-06-25 10:36:00,-0.22560209962745148
2020-06-25 10:39:00,-0.2072839930855821
2020-06-25 10:42:00,-0.1936427787758248
2020-06-25 10:45:00,-0.3488425148384522
2020-06-25 10:48:00,-0.2971872974558778
2020-06-25 10:51:00,-0.24980292012469363
2020-06-25 10:54:00,-0.3653112978605577
2020-06-25 10:57:00,-0.315794449265411
2020-06-25 11:00:00,-0.25436684174889024
2020-06-25 11:03:00,-0.28504414037990955
2020-06-25 11:06:00,-0.300418453321754
2020-06-25 11:09:00,-0.2879828917226632
2020-06-25 11:12:00,-0.38318894370701173
2020-06-25 11:15:00,-0.37236445094953297
2020-06-25 11:18:00,-0.41656267575814354
2020-06-25 11:21:00,-0.44471496494503526
2020-06-25 11:24:00,-0.3410113219449613
2020-06-25 11:27:00,-0.2668043101989497
2020-06-25 11:30:00,-0.44269798420731377
2020-06-25 11:33:00,-0.4653944346829917
2020-06-25 11:36:00,-0.4042589897565563
2020-06-25 11:39:00,-0.36163311141405075
2020-06-25 11:42:00,-0.5663686208016543
2020-06-25 11:45:00,-0.41904037427229923
2020-06-25 11:48:00,-0.3271038881008508
2020-06-25 11:51:00,-0.47263342152461973
2020-06-25 11:54:00,-0.33499140320793686
2020-06-25 11:57:00,-0.39221961137087646
2020-06-25 12:00:00,-0.49223141533167336
2020-06-25 12:03:00,-0.4006993185292913
2020-06-25 12:06:00,-0.4497521533101576
2020-06-25 12:09:00,-0.5699444914571927
2020-06-25 12:12:00,-0.36515040691097056
2020-06-25 12:15:00,-0.4801431808928669
2020-06-25 12:18:00,-0.5268291979746778
2020-06-25 12:21:00,-0.3878743730419387
2020-06-25 12:24:00,-0.4062452221736521
2020-06-25 12:27:00,-0.39483603368915965
2020-06-25 12:30:00,-0.4591021496624421
2020-06-25 12:33:00,-0.41335654973761393
2020-06-25 12:36:00,-0.45998794004657384
2020-06-25 12:39:00,-0.4150428413931877
2020-06-25 12:42:00,-0.4107900973605183
2020-06-25 12:45:00,-0.25088200371794755
2020-06-25 12:48:00,-0.18846586499114437
2020-06-25 12:51:00,-0.03863160128628351
2020-06-25 12:54:00,-0.17372286174958163
2020-06-25 12:57:00,-0.4287948086594042
2020-06-25 13:00:00,-0.401815499410759
2020-06-25 13:03:00,-0.3969612913176661
2020-06-25 13:06:00,-0.4229023475280087
2020-06-25 13:09:00,-0.5010275370833028
2020-06-25 13:12:00,-0.500108215589762
2020-06-25 13:15:00,-0.5294853466130576
2020-06-25 13:18:00,-0.5426533517294274
2020-06-25 13:21:00,-0.6334311101762182
2020-06-25 13:24:00,-0.3750440405163431
2020-06-25 13:27:00,-0.27989598183614817
2020-06-25 13:30:00,-0.33576750114735887
2020-06-25 13:33:00,-0.24492585638961373
2020-06-25 13:36:00,-0.12687691918387145
2020-06-25 13:39:00,-0.3277223243792946
2020-06-25 13:42:00,-0.3261177063942
2020-06-25 13:45:00,-0.5058147710817593
2020-06-25 13:48:00,-0.4708349115491046
2020-06-25 13:51:00,-0.591578342217133
2020-06-25 13:54:00,-0.565353564818281
2020-06-25 13:57:00,-0.5948004739805128
2020-06-25 14:00:00,-0.5088417845448703
2020-06-25 14:03:00,-0.49034724450865497
2020-06-25 14:06:00,-0.5562241426196692
2020-06-25 14:09:00,-0.5096432480416411
2020-06-25 14:12:00,-0.44135019430740385
2020-06-25 14:15:00,-0.4417228224587575
2020-06-25 14:18:00,-0.5865588761000708
2020-06-25 14:21:00,-0.611103741890588
2020-06-25 14:24:00,-0.5220482228837682
2020-06-25 14:27:00,-0.4979334756587832
2020-06-25 14:30:00,-0.5694228548480282
2020-06-25 14:33:00,-0.5468146874415538
2020-06-25 14:36:00,-0.5961134806545942
2020-06-25 14:39:00,-0.5604765288821909
2020-06-25 14:42:00,-0.5863201825347346
2020-06-25 14:45:00,-0.6839879593222236
2020-06-25 14:48:00,-0.4943826060360834
2020-06-25 14:51:00,-0.534225515267849
2020-06-25 14:54:00,-0.5749628030662279
2020-06-25 14:57:00,-0.5312787747702714
2020-06-25 15:00:00,-0.6461943736938451
2020-06-25 15:03:00,-0.6121962594193633
2020-06-25 15:06:00,-0.5210647339065986
2020-06-25 15:09:00,-0.5639470751759745
2020-06-25 15:12:00,-0.4980686300081061
2020-06-25 15:15:00,-0.5033787524034778
2020-06-25 15:18:00,-0.5008797957613069
2020-06-25 15:21:00,-0.5085618783134578
2020-06-25 15:24:00,-0.5308670957144273
2020-06-25 15:27:00,-0.5079194565802254
2020-06-25 15:30:00,-0.52894686664132
2020-06-25 15:33:00,-0.42745044533012333
2020-06-25 15:36:00,-0.4553825225968353
2020-06-25 15:39:00,-0.5317862465724374
2020-06-25 15:42:00,-0.46890654897742934
2020-06-25 15:45:00,-0.49236418224887757
2020-06-25 15:48:00,-0.45532405468924253
2020-06-25 15:51:00,-0.5000656588005654
2020-06-25 15:54:00,-0.45134543022476237
2020-06-25 15:57:00,-0.5465124198147464
2020-06-25 16:00:00,-0.44630978541198374
2020-06-25 16:03:00,-0.6174787984065233
2020-06-25 16:06:00,-0.5009626334750692
2020-06-25 16:09:00,-0.4274489162967825
2020-06-25 16:12:00,-0.37783321952770166
2020-06-25 16:15:00,-0.339273509415591
2020-06-25 16:18:00,-0.36193273248386504
2020-06-25 16:21:00,-0.39541842824019113
2020-06-25 16:24:00,-0.4092674405039247
2020-06-25 16:27:00,-0.42502142173498214
2020-06-25 16:30:00,-0.45541744561745645
2020-06-25 16:33:00,-0.5038550412868403
2020-06-25 16:36:00,-0.5285012823719626
2020-06-25 16:39:00,-0.36786024754655955
2020-06-25 16:42:00,-0.44207170424465403
2020-06-25 16:45:00,-0.4203060304189421
2020-06-25 16:48:00,-0.3425489490082896
2020-06-25 16:51:00,-0.3923208601935926
2020-06-25 16:54:00,-0.4200040353942427
2020-06-25 16:57:00,-0.4700511551837394
2020-06-25 17:00:00,-0.4613335740334037
2020-06-25 17:03:00,-0.4521080251898866
2020-06-25 17:06:00,-0.5204400950232753
2020-06-25 17:09:00,-0.40757689173301515
2020-06-25 17:12:00,-0.506448461376749
2020-06-25 17:15:00,-0.39150272331818314
2020-06-25 17:18:00,-0.3588273319471682
2020-06-25 17:21:00,-0.41814599312118617
2020-06-25 17:24:00,-0.3287481203826701
2020-06-25 17:27:00,-0.4472463351033866
2020-06-25 17:30:00,-0.3433636216723812
2020-06-25 17:33:00,-0.37668183846454895
2020-06-25 17:36:00,-0.46763997326877416
2020-06-25 17:39:00,-0.36027141038675836
2020-06-25 17:42:00,-0.225793925532912
2020-06-25 17:45:00,-0.26106144780965224
2020-06-25 17:48:00,-0.2500184860149943
2020-06-25 17:51:00,-0.29855938991613584
2020-06-25 17:54:00,-0.32178734329295366
2020-06-25 17:57:00,-0.20729183057517275
2020-06-25 18:00:00,-0.21054163926129377
2020-06-25 18:03:00,-0.2565067738343032
2020-06-25 18:06:00,-0.19156922653155561
2020-06-25 18:09:00,-0.1325326050626927
2020-06-25 18:12:00,-0.3046586162253675
2020-06-25 18:15:00,-0.39134592249689604
2020-06-25 18:18:00,-0.26522073853516304
2020-06-25 18:21:00,-0.19861431934617713
2020-06-25 18:24:00,-0.3265048941572104
2020-06-25 18:27:00,-0.1905747594025229
2020-06-25 18:30:00,-0.17117779771098185
2020-06-25 18:33:00,-0.26341413976973627
2020-06-25 18:36:00,-0.18927986237099503
2020-06-25 18:39:00,-0.18247837929271782
2020-06-25 18:42:00,-0.1739938963505665
2020-06-25 18:45:00,-0.23162919272135696
2020-06-25 18:48:00,-0.2387838157233091
2020-06-25 18:51:00,-0.1586362362012892
2020-06-25 18:54:00,
2020-06-25 18:57:00,
2020-06-25 19:00:00,
2020-06-25 19:03:00,-0.16095365401861272
2020-06-25 19:06:00,-0.2374931514792138
2020-06-25 19:09:00,-0.11077050329794247
2020-06-25 19:12:00,-0.32903706175102343
2020-06-25 19:15:00,-0.2270050229145113
2020-06-25 19:18:00,-0.16476768199106573
2020-06-25 19:21:00,-0.1596941283115143
2020-06-25 19:24:00,-0.14301252304380796
2020-06-25 19:27:00,-0.31527972796595805
2020-06-25 19:30:00,-0.11260190232786726
2020-06-25 19:33:00,-0.3028434464699785
2020-06-25 19:36:00,-0.12929344122323982
2020-06-25 19:39:00,-0.1101121107242875
2020-06-25 19:42:00,-0.22124335698799769
2020-06-25 19:45:00,-0.07056694664720453
2020-06-25 19:48:00,-0.020233763821750017
2020-06-25 19:51:00,-0.20084628805159355
2020-06-25 19:54:00,-0.14156545065105774
2020-06-25 19:57:00,-0.19604794352108001
2020-06-25 20:00:00,-0.12984018119368557
2020-06-25 20:03:00,-0.03548398341951042
2020-06-25 20:06:00,-0.19119022975712596
2020-06-25 20:09:00,-0.1337420884139533
2020-06-25 20:12:00,-0.13580488628883813
2020-06-25 20:15:00,-0.18740969958679443
2020-06-25 20:18:00,-0.13960365824959808
2020-06-25 20:21:00,-0.19878536782630363
2020-06-25 20:24:00,-0.0930272798907481
2020-06-25 20:27:00,-0.08792881227310545
2020-06-25 20:30:00,-0.03873754175162958
2020-06-25 20:33:00,-0.09916802585871665
2020-06-25 20:36:00,-0.03894707115819074
2020-06-25 20:39:00,-0.01161804879581041
2020-06-25 20:42:00,-0.03423669133530893
2020-06-25 20:45:00,0.08991374597985669
2020-06-25 20:48:00,0.26624279785187355
2020-06-25 20:51:00,0.1339308613457888
2020-06-25 20:54:00,0.06035578937229502
2020-06-25 20:57:00,-0.014402935801342664
2020-06-25 21:00:00,0.060515019430170014
2020-06-25 21:03:00,0.16912646387623909
2020-06-25 21:06:00,0.07354426535215453
2020-06-25 21:09:00,0.3114188006533709
2020-06-25 21:12:00,0.2626254262526686
2020-06-25 21:15:00,0.11815766676858175
2020-06-25 21:18:00,0.05707181617617607
2020-06-25 21:21:00,0.18977661048842265
2020-06-25 21:24:00,0.25015335383488946
2020-06-25 21:27:00,0.20401612216915055
2020-06-25 21:30:00,-0.09764786796671387
2020-06-25 21:33:00,-0.04426093728960723
2020-06-25 21:36:00,-0.0040456696967794414
2020-06-25 21:39:00,-0.046062088193195905
2020-06-25 21:42:00,-0.03668053604008037
2020-06-25 21:45:00,-0.13828759100266552
2020-06-25 21:48:00,-0.09719900327849018
2020-06-25 21:51:00,-0.08612137083372318
2020-06-25 21:54:00,-0.0017751590830812347
2020-06-25 21:57:00,-0.0733289141682576
2020-06-25 22:00:00,-0.10371225330351308
2020-06-25 22:03:00,0.011006815474047471
2020-06-25 22:06:00,-0.034651132858357414
2020-06-25 22:09:00,0.08762151933353834
2020-06-25 22:12:00,0.17067228698681447
2020-06-25 22:15:00,0.051687718417781525
2020-06-25 22:18:00,0.15581356624176124
2020-06-25 22:21:00,0.11946316935438972
2020-06-25 22:24:00,0.08109085707098984
2020-06-25 22:27:00,0.07120541088841037
2020-06-25 22:30:00,0.06855034283569239
2020-06-25 22:33:00,0.05506633980547804
2020-06-25 22:36:00,0.12614055669115487
2020-06-25 22:39:00,0.05371797680129475
2020-06-25 22:42:00,0.06278500744480198
2020-06-25 22:45:00,0.02967998572154329
2020-06-25 22:48:00,0.017414409510593032
2020-06-25 22:51:00,-0.04874964228866929
2020-06-25 22:54:00,0.045224197654818
2020-06-25 22:57:00,0.11706491508681438
2020-06-25 23:00:00,0.1783324518584095
2020-06-25 23:03:00,0.19472606883698518
2020-06-25 23:06:00,0.1109632604845956
2020-06-25 23:09:00,0.11650290683633102
2020-06-25 23:12:00,0.01988256099878072
2020-06-25 23:15:00,0.12353694403475401
2020-06-25 23:18:00,0.1276013443014108
2020-06-25 23:21:00,0.150137923333034
2020-06-25 23:24:00,0.05964651653431474
2020-06-25 23:27:00,0.09836784924141284
2020-06-25 23:30:00,0.07155157827094172
2020-06-25 23:33:00,0.10747372665514376
2020-06-25 23:36:00,0.13333215300940537
2020-06-25 23:39:00,0.048583601152699885
2020-06-25 23:42:00,0.1212462113054471
2020-06-25 23:45:00,0.17534669041333473
2020-06-25 23:48:00,0.19726549818449257
2020-06-25 23:51:00,0.19619940072749387
2020-06-25 23:54:00,0.12438452180833792
2020-06-25 23:57:00,0.1354559743302275
2020-06-26 00:00:00,0.14142034720487118
2020-06-26 00:03:00,0.1308572022109047
2020-06-26 00:06:00,0.12182192408738501
2020-06-26 00:09:00,0.26171091523798395
2020-06-26 00:12:00,0.20060170270886601
2020-06-26 00:15:00,0.2807086684946398
2020-06-26 00:18:00,0.23396786095929656
2020-06-26 00:21:00,0.2915041817522024
2020-06-26 00:24:00,0.25528255055542104
2020-06-26 00:27:00,0.28476881140710475
2020-06-26 00:30:00,0.179093967487006
2020-06-26 00:33:00,0.26036399783100705
2020-06-26 00:36:00,0.262660935868098
2020-06-26 00:39:00,0.29605272223113843
2020-06-26 00:42:00,0.3111172311511723
2020-06-26 00:45:00,0.3089705974511503
2020-06-26 00:48:00,0.3895826968691267
2020-06-26 00:51:00,0.40818749131500454
2020-06-26 00:54:00,0.5327925671393245
2020-06-26 00:57:00,0.4929731013675678
2020-06-26 01:00:00,0.4781288706368514
2020-06-26 01:03:00,0.5056663940176236
2020-06-26 01:06:00,0.4742084046857826
2020-06-26 01:09:00,0.40496142800355983
2020-06-26 01:12:00,0.3594267074082609
2020-06-26 01:15:00,0.3784081379921531
2020-06-26 01:18:00,0.43573458515425045
2020-06-26 01:21:00,0.5798130392301459
2020-06-26 01:24:00,0.42825801005636777
2020-06-26 01:27:00,0.3608099999793808
2020-06-26 01:30:00,0.2782073671457965
2020-06-26 01:33:00,0.34420256727077003
2020-06-26 01:36:00,0.3622679944518836
2020-06-26 01:39:00,0.3802528358237396
2020-06-26 01:42:00,0.2539701792823621
2020-06-26 01:45:00,0.3563479954713671
2020-06-26 01:48:00,0.2275338976689909
2020-06-26 01:51:00,0.2841350284003852
2020-06-26 01:54:00,0.4084739409359486
2020-06-26 01:57:00,0.428518003549641
2020-06-26 02:00:00,0.45661436392418864
2020-06-26 02:03:00,0.2706506201852221
2020-06-26 02:06:00,0.41739865472356996
2020-06-26 02:09:00,0.39825328046140385
2020-06-26 02:12:00,0.3611145841517782
2020-06-26 02:15:00,0.3765017690284367
2020-06-26 02:18:00,0.309312928486861
2020-06-26 02:21:00,0.33759293016521497
2020-06-26 02:24:00,0.38169276836003974
2020-06-26 02:27:00,0.4888803153177719
2020-06-26 02:30:00,0.4780071744079919
2020-06-26 02:33:00,0.34641117196986215
2020-06-26 02:36:00,0.37891517059631497
2020-06-26 02:39:00,0.3787053993418681
2020-06-26 02:42:00,0.25890471181247676
2020-06-26 02:45:00,0.39004324135493107
2020-06-26 02:48:00,0.47059018608689485
2020-06-26 02:51:00,0.5396022184060598
2020-06-26 02:54:00,0.44328522085749
2020-06-26 02:57:00,0.4828909749403465
2020-06-26 03:00:00,0.5543452380310896
2020-06-26 03:03:00,0.4790146075412167
2020-06-26 03:06:00,0.5233122384029798
2020-06-26 03:09:00,0.39491029143130163
2020-06-26 03:12:00,0.44460639114203104
2020-06-26 03:15:00,0.47184241918216685
2020-06-26 03:18:00,0.3460036103041375
2020-06-26 03:21:00,0.44438605709439116
2020-06-26 03:24:00,0.43218659250965175
2020-06-26 03:27:00,0.45616429924922386
2020-06-26 03:30:00,0.41991297241497705
2020-06-26 03:33:00,0.4987259660794052
2020-06-26 03:36:00,0.5285574344568431
2020-06-26 03:39:00,0.5140926080067061
2020-06-26 03:42:00,0.4100351504775972
2020-06-26 03:45:00,0.3977421225145008
2020-06-26 03:48:00,0.4456003769338963
2020-06-26 03:51:00,0.5110728391507564
2020-06-26 03:54:00,0.529638489210015
2020-06-26 03:57:00,0.4630764138370864
2020-06-26 04:00:00,0.4830188654116796
2020-06-26 04:03:00,0.515482502050304
2020-06-26 04:06:00,0.4519466702081445
2020-06-26 04:09:00,0.4962456970861808
2020-06-26 04:12:00,0.4880515050980989
2020-06-26 04:15:00,0.3703523751365765
2020-06-26 04:18:00,0.416389199492869
2020-06-26 04:21:00,0.4318972125298046
2020-06-26 04:24:00,0.3903037885239087
2020-06-26 04:27:00,0.3929171291979401
2020-06-26 04:30:00,0.38884850738861587
2020-06-26 04:33:00,0.4281997225084524
2020-06-26 04:36:00,0.43670580707703266
2020-06-26 04:39:00,0.3999699704885984
2020-06-26 04:42:00,0.3507321216524133
2020-06-26 04:45:00,0.37178237637340317
2020-06-26 04:48:00,0.33007831907400487
2020-06-26 04:51:00,0.3100205915882839
2020-06-26 04:54:00,0.4030826580845428
2020-06-26 04:57:00,0.30772429148532865
2020-06-26 05:00:00,0.37310115549036027
2020-06-26 05:03:00,0.3831632089977006
2020-06-26 05:06:00,0.29422066982095885
2020-06-26 05:09:00,0.2905382664941385
2020-06-26 05:12:00,0.37624822369195954
2020-06-26 05:15:00,0.33198072298040415
2020-06-26 05:18:00,0.3670405201943936
2020-06-26 05:21:00,0.35215774529837063
2020-06-26 05:24:00,0.5005298850521172
2020-06-26 05:27:00,0.4916427182718621
2020-06-26 05:30:00,0.4051619968954583
2020-06-26 05:33:00,0.37193515501479624
2020-06-26 05:36:00,0.45378012201757656
2020-06-26 05:39:00,0.5227894083769229
2020-06-26 05:42:00,0.34319205822060894
2020-06-26 05:45:00,0.42446639096039007
2020-06-26 05:48:00,0.44117890734742105
2020-06-26 05:51:00,0.4127636022884644
2020-06-26 05:54:00,0.3348995417701417
2020-06-26 05:57:00,0.4108640985062948
2020-06-26 06:00:00,0.4801702549752349
2020-06-26 06:03:00,0.44095477104741576
2020-06-26 06:06:00,0.3752430890713754
2020-06-26 06:09:00,0.3675888691470277
2020-06-26 06:12:00,0.35676021357170384
2020-06-26 06:15:00,0.440951662003215
2020-06-26 06:18:00,0.4658789045316212
2020-06-26 06:21:00,0.3643451994514635
2020-06-26 06:24:00,0.4278049209539745
2020-06-26 06:27:00,0.4506794405513119
2020-06-26 06:30:00,0.44882694507793985
2020-06-26 06:33:00,0.4891789889625784
2020-06-26 06:36:00,0.36466260444603904
2020-06-26 06:39:00,0.41112833144404703
2020-06-26 06:42:00,0.45509930548456623
2020-06-26 06:45:00,0.37147017752653255
2020-06-26 06:48:00,0.3856112875859594
2020-06-26 06:51:00,0.3740209217644974
2020-06-26 06:54:00,0.3464567319660432
2020-06-26 06:57:00,0.3113684311744578
2020-06-26 07:00:00,0.40368994077982734
2020-06-26 07:03:00,0.4531088754422399
2020-06-26 07:06:00,0.4019285177134293
2020-06-26 07:09:00,0.3761149081346389
2020-06-26 07:12:00,0.4022577430005754
2020-06-26 07:15:00,0.38404083948137213
2020-06-26 07:18:00,0.4086885740292132
2020-06-26 07:21:00,0.2926906027039422
2020-06-26 07:24:00,0.3755364786220525
2020-06-26 07:27:00,0.3579557705829757
2020-06-26 07:30:00,0.3218876851017285
2020-06-26 07:33:00,0.29753582300224934
2020-06-26 07:36:00,0.26348821284028645
2020-06-26 07:39:00,0.4199708344663122
2020-06-26 07:42:00,0.308063411544083
2020-06-26 07:45:00,0.37359160802452607
2020-06-26 07:48:00,0.37699170275641336
2020-06-26 07:51:00,0.2830802183217429
2020-06-26 07:54:00,0.4199727143410996
2020-06-26 07:57:00,0.3130048794123468
2020-06-26 08:00:00,0.39639431761372634
2020-06-26 08:03:00,0.2611927760634103
2020-06-26 08:06:00,0.29180160991631965
2020-06-26 08:09:00,0.3177750427709043
2020-06-26 08:12:00,0.28322385685424933
2020-06-26 08:15:00,0.34410294738626135
2020-06-26 08:18:00,0.2622128084827864
2020-06-26 08:21:00,0.2712969115794408
2020-06-26 08:24:00,0.2531903192406162
2020-06-26 08:27:00,0.2695510349740289
2020-06-26 08:30:00,0.32763286325280205
2020-06-26 08:33:00,0.22660964202640344
2020-06-26 08:36:00,0.1601312586621475
2020-06-26 08:39:00,0.27747970821371837
2020-06-26 08:42:00,0.3203402181164279
2020-06-26 08:45:00,0.253701497151269
2020-06-26 08:48:00,0.2753115301191542
2020-06-26 08:51:00,0.17566652958413442
2020-06-26 08:54:00,0.34823214632103827
2020-06-26 08:57:00,0.2993613769208423
2020-06-26 09:00:00,0.2391727464870428
2020-06-26 09:03:00,0.20965108362440787
2020-06-26 09:06:00,0.14716494262870583
2020-06-26 09:09:00,0.27319645391969516
2020-06-26 09:12:00,0.25797357736229287
2020-06-26 09:15:00,0.18725964740980316
2020-06-26 09:18:00,0.2062579027922311
2020-06-26 09:21:00,0.1399443683905588
2020-06-26 09:24:00,0.07333667548942913
2020-06-26 09:27:00,0.14746781796765163
2020-06-26 09:30:00,0.1729106638344433
2020-06-26 09:33:00,0.15893840963894945
2020-06-26 09:36:00,0.07666463216702368
2020-06-26 09:39:00,-0.017322963038338912
2020-06-26 09:42:00,0.08341306010288463
2020-06-26 09:45:00,0.009075025883475973
2020-06-26 09:48:00,0.08686471466631929
2020-06-26 09:51:00,0.029095345801295025
2020-06-26 09:54:00,0.14214686407729005
2020-06-26 09:57:00,0.018997018616062178
2020-06-26 10:00:00,0.09501185878855267
2020-06-26 10:03:00,0.10588577138639721
2020-06-26 10:06:00,0.10402196331699542
2020-06-26 10:09:00,0.10220464740518764
2020-06-26 10:12:00,0.04227160685752551
2020-06-26 10:15:00,-0.02845238518204951
2020-06-26 10:18:00,0.09215574038393015
2020-06-26 10:21:00,0.007614907910976854
2020-06-26 10:24:00,0.13380278591017714
2020-06-26 10:27:00,-0.04309983987945998
2020-06-26 10:30:00,0.057642891136936214
2020-06-26 10:33:00,0.008769509834507971
2020-06-26 10:36:00,-0.003443000534332441
2020-06-26 10:39:00,0.06678630884437098
2020-06-26 10:42:00,-0.08708554244185507
2020-06-26 10:45:00,-0.20889542437470254
2020-06-26 10:48:00,0.05739379315758697
2020-06-26 10:51:00,-0.06809462916521625
2020-06-26 10:54:00,-0.08151955032559499
2020-06-26 10:57:00,-0.0692638041501823
2020-06-26 11:00:00,-0.12554652245751186
2020-06-26 11:03:00,0.00223479331651788
2020-06-26 11:06:00,-0.05887351777289496
2020-06-26 11:09:00,-0.06233665980749947
2020-06-26 11:12:00,-0.048767138009736755
2020-06-26 11:15:00,-0.11224461559407928
2020-06-26 11:18:00,-0.08479363393786343
2020-06-26 11:21:00,-0.06057204259974469
2020-06-26 11:24:00,-0.1532762393393341
2020-06-26 11:27:00,-0.08000377659482183
2020-06-26 11:30:00,-0.12628079430510297
2020-06-26 11:33:00,-0.1428606409338613
2020-06-26 11:36:00,-0.09044634875965585
2020-06-26 11:39:00,-0.15711762119082096
2020-06-26 11:42:00,-0.06662931556758167
2020-06-26 11:45:00,-0.0932660886053327
2020-06-26 11:48:00,-0.15255718403147966
2020-06-26 11:51:00,-0.1631857567630277
2020-06-26 11:54:00,-0.11297905833168898
2020-06-26 11:57:00,-0.0606921361828654
2020-06-26 12:00:00,-0.002862994597364832
2020-06-26 12:03:00,-0.08869450311073024
2020-06-26 12:06:00,-0.03624058202416336
2020-06-26 12:09:00,0.000508926168834023
2020-06-26 12:12:00,-0.09857149428080447
2020-06-26 12:15:00,0.04634354501280313
2020-06-26 12:18:00,-0.04072427025613479
2020-06-26 12:21:00,-0.14604575903769046
2020-06-26 12:24:00,-0.13441533030709252
2020-06-26 12:27:00,-0.22853862698315197
2020-06-26 12:30:00,-0.1483752432387746
2020-06-26 12:33:00,-0.24250858957850596
2020-06-26 12:36:00,-0.22840159601554433
2020-06-26 12:39:00,-0.30943179639285745
2020-06-26 12:42:00,-0.1149649265644257
2020-06-26 12:45:00,-0.21546931734167174
2020-06-26 12:48:00,-0.2745733342741232
2020-06-26 12:51:00,-0.13517710163745278
2020-06-26 12:54:00,-0.21811980871871128
2020-06-26 12:57:00,-0.17311929648957403
2020-06-26 13:00:00,-0.29766828984509175
2020-06-26 13:03:00,-0.23454555138255273
2020-06-26 13:06:00,-0.21306913177170372
2020-06-26 13:09:00,-0.24288723413758362
2020-06-26 13:12:00,-0.10294317293880795
2020-06-26 13:15:00,-0.12650600668877132
2020-06-26 13:18:00,-0.1525932159356671
2020-06-26 13:21:00,-0.22700880115161226
2020-06-26 13:24:00,-0.19975023207950926
2020-06-26 13:27:00,-0.2133202375144947
2020-06-26 13:30:00,-0.009921764049579451
2020-06-26 13:33:00,0.0027142076958170946
2020-06-26 13:36:00,0.06551906538800267
2020-06-26 13:39:00,-0.12386210727322577
2020-06-26 13:42:00,0.11001403623276929
2020-06-26 13:45:00,0.09324533440138794
2020-06-26 13:48:00,0.17292309766901326
2020-06-26 13:51:00,0.088691924537045
2020-06-26 13:54:00,0.07641419254520088
2020-06-26 13:57:00,0.001093379313317655
2020-06-26 14:00:00,-0.20456138485906195
2020-06-26 14:03:00,-0.07647429571977682
2020-06-26 14:06:00,0.06597808897737423
2020-06-26 14:09:00,0.22111138464958913
2020-06-26 14:12:00,0.0663451585988355
2020-06-26 14:15:00,0.16440348956558637
2020-06-26 14:18:00,0.08569151074954107
2020-06-26 14:21:00,0.08552754418275299
2020-06-26 14:24:00,0.019150129250078862
2020-06-26 14:27:00,0.0826515476397276
2020-06-26 14:30:00,-0.10814221194493712
2020-06-26 14:33:00,-0.16301080489586184
2020-06-26 14:36:00,-0.22711534752284024
2020-06-26 14:39:00,-0.2524938403714714
2020-06-26 14:42:00,-0.28678416683379737
2020-06-26 14:45:00,-0.1972044236936199
2020-06-26 14:48:00,-0.16100813364772648
2020-06-26 14:51:00,-0.20749198220323706
2020-06-26 14:54:00,-0.2033852904980904
2020-06-26 14:57:00,-0.2986511572779591
2020-06-26 15:00:00,-0.24715024489802317
2020-06-26 15:03:00,-0.2867221844886103
2020-06-26 15:06:00,-0.25292347437260787
2020-06-26 15:09:00,-0.2651319371983618
2020-06-26 15:12:00,-0.2511512255312027
2020-06-26 15:15:00,-0.1879089378272738
2020-06-26 15:18:00,-0.24324575094004786
2020-06-26 15:21:00,-0.2195830156053944
2020-06-26 15:24:00,-0.2018395245657416
2020-06-26 15:27:00,-0.26901015860323696
2020-06-26 15:30:00,-0.22992455827505864
2020-06-26 15:33:00,-0.14220851638418708
2020-06-26 15:36:00,-0.12056620769828896
2020-06-26 15:39:00,-0.27731676237698366
2020-06-26 15:42:00,-0.3426906406019157
2020-06-26 15:45:00,-0.29554271704421353
2020-06-26 15:48:00,-0.15063992269205073
2020-06-26 15:51:00,-0.35561442041000646
2020-06-26 15:54:00,-0.2881986349640897
2020-06-26 15:57:00,-0.19295281533896969
2020-06-26 16:00:00,-0.2244867239324435
2020-06-26 16:03:00,-0.2936372600158279
2020-06-26 16:06:00,-0.2823740132589023
2020-06-26 16:09:00,-0.2910757388575007
2020-06-26 16:12:00,-0.22304065498138925
2020-06-26 16:15:00,-0.22802158646334192
2020-06-26 16:18:00,-0.3023136639423001
2020-06-26 16:21:00,-0.2925221363528294
2020-06-26 16:24:00,-0.3035496794594792
2020-06-26 16:27:00,-0.2010373910426324
2020-06-26 16:30:00,-0.2761711649541212
2020-06-26 16:33:00,-0.31459153319963207
2020-06-26 16:36:00,-0.26607588710504615
2020-06-26 16:39:00,-0.2553760284961868
2020-06-26 16:42:00,-0.2546494545384803
2020-06-26 16:45:00,-0.36095603828186995
2020-06-26 16:48:00,-0.32819001942800696
2020-06-26 16:51:00,-0.24645098392988984
2020-06-26 16:54:00,-0.4169472113524648
2020-06-26 16:57:00,-0.3137901614771863
2020-06-26 17:00:00,-0.4104897559961955
2020-06-26 17:03:00,-0.35608046443104513
2020-06-26 17:06:00,-0.2098018722906545
2020-06-26 17:09:00,-0.25193629154586006
2020-06-26 17:12:00,-0.2890941199263466
2020-06-26 17:15:00,-0.30961914535981805
2020-06-26 17:18:00,-0.3148588503107703
2020-06-26 17:21:00,-0.2329768054812007
2020-06-26 17:24:00,-0.25374613027076975
2020-06-26 17:27:00,-0.32391334948243866
2020-06-26 17:30:00,-0.35935915394821905
2020-06-26 17:33:00,-0.2501755330007427
2020-06-26 17:36:00,-0.307914359395852
2020-06-26 17:39:00,-0.22619220294160414
2020-06-26 17:42:00,-0.1764488856593971
2020-06-26 17:45:00,-0.31105730379272245
2020-06-26 17:48:00,-0.29452509910890967
2020-06-26 17:51:00,-0.25577053726027543
2020-06-26 17:54:00,-0.31690570487467085
2020-06-26 17:57:00,-0.33527750817609103
2020-06-26 18:00:00,-0.23403883311851814
2020-06-26 18:03:00,-0.3878275919958014
2020-06-26 18:06:00,-0.30923941722096515
2020-06-26 18:09:00,-0.296383228489276
2020-06-26 18:12:00,-0.3307875629587329
2020-06-26 18:15:00,-0.224959991043022
2020-06-26 18:18:00,-0.29239778029341323
2020-06-26 18:21:00,-0.311523927732992
2020-06-26 18:24:00,-0.26442699232381983
2020-06-26 18:27:00,-0.3161784385471833
2020-06-26 18:30:00,-0.2313456670742653
2020-06-26 18:33:00,-0.3437286832549944
2020-06-26 18:36:00,-0.23501588050885402
2020-06-26 18:39:00,-0.345307256000126
2020-06-26 18:42:00,-0.2792873317612248
2020-06-26 18:45:00,-0.14464598681746565
2020-06-26 18:48:00,-0.10728179354936174
2020-06-26 18:51:00,-0.04361035814395109
2020-06-26 18:54:00,
2020-06-26 18:57:00,
2020-06-26 19:00:00,
2020-06-26 19:03:00,-0.15223181247256434
2020-06-26 19:06:00,-0.2340175785801648
2020-06-26 19:09:00,-0.30537251256436093
2020-06-26 19:12:00,-0.20883367511197548
2020-06-26 19:15:00,-0.18354959379843194
2020-06-26 19:18:00,-0.22510776247389686
2020-06-26 19:21:00,-0.26471470911650385
2020-06-26 19:24:00,-0.12832604320328755
2020-06-26 19:27:00,-0.1487627759323118
2020-06-26 19:30:00,-0.21988889257238498
2020-06-26 19:33:00,-0.1959423755735088
2020-06-26 19:36:00,-0.11626527855531776
2020-06-26 19:39:00,-0.10497185518926244
2020-06-26 19:42:00,-0.12190161444726755
2020-06-26 19:45:00,-0.1339122827332062
2020-06-26 19:48:00,-0.06297244240982991
2020-06-26 19:51:00,-0.08116432038360699
2020-06-26 19:54:00,-0.15264900550101856
2020-06-26 19:57:00,-0.17367023457825326
2020-06-26 20:00:00,-0.06360609976542264
2020-06-26 20:03:00,-0.15671351349965335
2020-06-26 20:06:00,0.003198544174779272
2020-06-26 20:09:00,-0.14224536028171997
2020-06-26 20:12:00,-0.07153296559425826
2020-06-26 20:15:00,-0.1049618947481008
2020-06-26 20:18:00,-0.05792637583584792
2020-06-26 20:21:00,-0.16121148826255194
2020-06-26 20:24:00,-0.178747294504376
2020-06-26 20:27:00,-0.08874538386271524
2020-06-26 20:30:00,-0.17617915351905822
2020-06-26 20:33:00,-0.23152365959572307
2020-06-26 20:36:00,-0.243321954491023
2020-06-26 20:39:00,-0.10013434696031709
2020-06-26 20:42:00,-0.10462128098862422
2020-06-26 20:45:00,-0.11938558674415845
2020-06-26 20:48:00,-0.10301639763480352
2020-06-26 20:51:00,-0.12049579351139528
2020-06-26 20:54:00,-0.16370574335752508
2020-06-26 20:57:00,-0.08477570007750046
2020-06-26 21:00:00,-0.09352736830709318
2020-06-26 21:03:00,-0.14629612088043586
2020-06-26 21:06:00,-0.09526982671894757
2020-06-26 21:09:00,-0.1823830804084423
2020-06-26 21:12:00,-0.14765993276637346
2020-06-26 21:15:00,-0.02962348849717955
2020-06-26 21:18:00,-0.007560700211797666
2020-06-26 21:21:00,-0.04663344237633282
2020-06-26 21:24:00,0.002770802417330742
2020-06-26 21:27:00,-0.04806973913247248
2020-06-26 21:30:00,0.10217457639100758
2020-06-26 21:33:00,0.019574233759897197
2020-06-26 21:36:00,0.010067378706594354
2020-06-26 21:39:00,0.0788347794263018
2020-06-26 21:42:00,-0.0034935183882680576
2020-06-26 21:45:00,0.03700208231924762
2020-06-26 21:48:00,0.014651524030000473
2020-06-26 21:51:00,0.05378732459462299
2020-06-26 21:54:00,0.12099649909265509
2020-06-26 21:57:00,0.07895061114078317
2020-06-26 22:00:00,0.00850074648900545
2020-06-26 22:03:00,0.10433730019883569
2020-06-26 22:06:00,0.08780923369363336
2020-06-26 22:09:00,0.0891023746955284
2020-06-26 22:12:00,0.08310244220342611
2020-06-26 22:15:00,0.06766632048470456
2020-06-26 22:18:00,0.08771471537528441
2020-06-26 22:21:00,0.1147696873411519
2020-06-26 22:24:00,0.04229851943938456
2020-06-26 22:27:00,0.10483553151811975
2020-06-26 22:30:00,0.036165372616380864
2020-06-26 22:33:00,-0.10641159150361545
2020-06-26 22:36:00,0.053879286194444376
2020-06-26 22:39:00,0.04848404479190549
2020-06-26 22:42:00,0.040241183243495016
2020-06-26 22:45:00,0.005817868070664645
2020-06-26 22:48:00,0.10594257492493853
2020-06-26 22:51:00,0.0026605228342191367
2020-06-26 22:54:00,0.1252272827450156
2020-06-26 22:57:00,-0.0027807616965560555
2020-06-26 23:00:00,0.17188127915181894
2020-06-26 23:03:00,0.24223889572959934
2020-06-26 23:06:00,0.12262976188054608
2020-06-26 23:09:00,0.05493437504844678
2020-06-26 23:12:00,0.04546745497361826
2020-06-26 23:15:00,-0.013272607165788486
2020-06-26 23:18:00,0.07174127872332292
2020-06-26 23:21:00,0.03734889502828764
2020-06-26 23:24:00,-0.050689224733844185
2020-06-26 23:27:00,0.10210851904520268
2020-06-26 23:30:00,0.1127334460782663
2020-06-26 23:33:00,0.04764739922939043
2020-06-26 23:36:00,0.08779998877702155
2020-06-26 23:39:00,0.19553100847383575
2020-06-26 23:42:00,0.03720357336260349
2020-06-26 23:45:00,-0.002965201888514457
2020-06-26 23:48:00,0.047541405977995055
2020-06-26 23:51:00,0.06672519075783612
2020-06-26 23:54:00,0.15743498063710604
2020-06-26 23:57:00,0.1519751948617909
2020-06-27 00:00:00,0.13802350337067537
2020-06-27 00:03:00,0.10713949927702515
2020-06-27 00:06:00,-0.01781289470551428
2020-06-27 00:09:00,-0.03744640225107787
2020-06-27 00:12:00,0.16888791012991078
2020-06-27 00:15:00,0.019006829457509866
2020-06-27 00:18:00,-0.009701380428623452
2020-06-27 00:21:00,0.14072553218790063
2020-06-27 00:24:00,0.10074033292312379
2020-06-27 00:27:00,0.22746564582769224
2020-06-27 00:30:00,0.23030480641114082
2020-06-27 00:33:00,0.13163774163689368
2020-06-27 00:36:00,0.20935291080718343
2020-06-27 00:39:00,0.09695404381773187
2020-06-27 00:42:00,0.23626361080971492
2020-06-27 00:45:00,0.2614451444737256
2020-06-27 00:48:00,0.11168359087724866
2020-06-27 00:51:00,0.1461719636247949
2020-06-27 00:54:00,0.1646383544031096
2020-06-27 00:57:00,0.24732553795035983
2020-06-27 01:00:00,0.2475588749038593
2020-06-27 01:03:00,0.3192898324790008
2020-06-27 01:06:00,0.22695543902148074
2020-06-27 01:09:00,0.3568405544704092
2020-06-27 01:12:00,0.2729086859455947
2020-06-27 01:15:00,0.3538268358757932
2020-06-27 01:18:00,0.29847285757944064
2020-06-27 01:21:00,0.38072558735223083
2020-06-27 01:24:00,0.3100548112486763
2020-06-27 01:27:00,0.25831138405595766
2020-06-27 01:30:00,0.17421448621763602
2020-06-27 01:33:00,0.21208965169665817
2020-06-27 01:36:00,0.3013433460473607
2020-06-27 01:39:00,0.30773270330718105
2020-06-27 01:42:00,0.3139708628593212
2020-06-27 01:45:00,0.3624406016713806
2020-06-27 01:48:00,0.27559742933789266
2020-06-27 01:51:00,0.249202274995298
2020-06-27 01:54:00,0.15391035440291034
2020-06-27 01:57:00,0.23312370776676516
2020-06-27 02:00:00,0.33626369132656464
2020-06-27 02:03:00,0.3604414213123164
2020-06-27 02:06:00,0.3060607777119344
2020-06-27 02:09:00,0.3568262702185052
2020-06-27 02:12:00,0.2870059164225154
2020-06-27 02:15:00,0.5141477924321975
2020-06-27 02:18:00,0.4967903441473709
2020-06-27 02:21:00,0.4878713766527767
2020-06-27 02:24:00,0.6275958748510675
2020-06-27 02:27:00,0.572693256116338
2020-06-27 02:30:00,0.5574794031199986
2020-06-27 02:33:00,0.5623606460825386
2020-06-27 02:36:00,0.5444814647060525
2020-06-27 02:39:00,0.5151181601177086
2020-06-27 02:42:00,0.5927607110567124
2020-06-27 02:45:00,0.5974602097774664
2020-06-27 02:48:00,0.6042206997569792
2020-06-27 02:51:00,0.4014180770831217
2020-06-27 02:54:00,0.6446400335467501
2020-06-27 02:57:00,0.5633332687198731
2020-06-27 03:00:00,0.5140516186992272
2020-06-27 03:03:00,0.4079766245687324
2020-06-27 03:06:00,0.4167599342080166
2020-06-27 03:09:00,0.3500534616578648
2020-06-27 03:12:00,0.3532697970987897
2020-06-27 03:15:00,0.4253554714789516
2020-06-27 03:18:00,0.4459453846087058
2020-06-27 03:21:00,0.25138570392090287
2020-06-27 03:24:00,0.31222186058306534
2020-06-27 03:27:00,0.30550230176737614
2020-06-27 03:30:00,0.33903533983686884
2020-06-27 03:33:00,0.30437089609932855
2020-06-27 03:36:00,0.348810274602954
2020-06-27 03:39:00,0.37933929884673034
2020-06-27 03:42:00,0.3555924709934857
2020-06-27 03:45:00,0.29055621147170996
2020-06-27 03:48:00,0.3475729887675243
2020-06-27 03:51:00,0.35427616242230897
2020-06-27 03:54:00,0.40449710793666327
2020-06-27 03:57:00,0.4578219081848829
2020-06-27 04:00:00,0.462580269491184
2020-06-27 04:03:00,0.45403851201461976
2020-06-27 04:06:00,0.48205557490086903
2020-06-27 04:09:00,0.3328011844621983
2020-06-27 04:12:00,0.34013909615117655
2020-06-27 04:15:00,0.3721882263355383
2020-06-27 04:18:00,0.3031168715596664
2020-06-27 04:21:00,0.35560427283326135
2020-06-27 04:24:00,0.332035305358545
2020-06-27 04:27:00,0.3050934139810124
2020-06-27 04:30:00,0.3338284072767692
2020-06-27 04:33:00,0.3798720108949851
2020-06-27 04:36:00,0.35424592090538454
2020-06-27 04:39:00,0.30356113981764565
2020-06-27 04:42:00,0.32870804064691583
2020-06-27 04:45:00,0.3241918682883238
2020-06-27 04:48:00,0.3005307265347028
2020-06-27 04:51:00,0.4292251265421214
2020-06-27 04:54:00,0.38590282507180973
2020-06-27 04:57:00,0.34574295303229974
2020-06-27 05:00:00,0.4614388094469746
2020-06-27 05:03:00,0.2927120856810461
2020-06-27 05:06:00,0.43449799230359076
2020-06-27 05:09:00,0.4417359821940181
2020-06-27 05:12:00,0.33900252317511104
2020-06-27 05:15:00,0.34071154959468686
2020-06-27 05:18:00,0.3436525548777354
2020-06-27 05:21:00,0.3357515052260851
2020-06-27 05:24:00,0.2780672739426109
2020-06-27 05:27:00,0.40811561408685293
2020-06-27 05:30:00,0.37977767990599887
2020-06-27 05:33:00,0.30350597876633856
2020-06-27 05:36:00,0.4397371670705752
2020-06-27 05:39:00,0.4160050157138926
2020-06-27 05:42:00,0.3220997232153877
2020-06-27 05:45:00,0.381240510861403
2020-06-27 05:48:00,0.4227878369173368
2020-06-27 05:51:00,0.36070797473553284
2020-06-27 05:54:00,0.328314457910551
2020-06-27 05:57:00,0.41191983284005573
2020-06-27 06:00:00,0.35145446235571853
2020-06-27 06:03:00,0.3106254373012689
2020-06-27 06:06:00,0.2836386713589718
2020-06-27 06:09:00,0.34003843226417985
2020-06-27 06:12:00,0.44084462952866943
2020-06-27 06:15:00,0.4340670700883038
2020-06-27 06:18:00,0.33237174137150305
2020-06-27 06:21:00,0.3707670280186903
2020-06-27 06:24:00,0.3570015850253867
2020-06-27 06:27:00,0.31151255316763127
2020-06-27 06:30:00,0.3267518247839689
2020-06-27 06:33:00,0.2692577389221924
2020-06-27 06:36:00,0.3508815881065175
2020-06-27 06:39:00,0.3690929852909335
2020-06-27 06:42:00,0.3221334705021377
2020-06-27 06:45:00,0.39012644280228415
2020-06-27 06:48:00,0.32855242038590404
2020-06-27 06:51:00,0.41277690204628925
2020-06-27 06:54:00,0.3350762936104843
2020-06-27 06:57:00,0.281076312048242
2020-06-27 07:00:00,0.3514755891904997
2020-06-27 07:03:00,0.35366200553158933
2020-06-27 07:06:00,0.3734788624598764
2020-06-27 07:09:00,0.39494269261820136
2020-06-27 07:12:00,0.33550845111921035
2020-06-27 07:15:00,0.2910953912958121
2020-06-27 07:18:00,0.32305232172404885
2020-06-27 07:21:00,0.31469147190682634
2020-06-27 07:24:00,0.30738298399887753
2020-06-27 07:27:00,0.35379217855114575
2020-06-27 07:30:00,0.35351368084116075
2020-06-27 07:33:00,0.3194063438294279
2020-06-27 07:36:00,0.3580605746074639
2020-06-27 07:39:00,0.2929894981394341
2020-06-27 07:42:00,0.3688409595989697
2020-06-27 07:45:00,0.3390946995130548
2020-06-27 07:48:00,0.28018374522918066
2020-06-27 07:51:00,0.32319624276749437
2020-06-27 07:54:00,0.33149647931503523
2020-06-27 07:57:00,0.28383582626980797
2020-06-27 08:00:00,0.37633424826339024
2020-06-27 08:03:00,0.2716956316486403
2020-06-27 08:06:00,0.32499087406324634
2020-06-27 08:09:00,0.3897068869871987
2020-06-27 08:12:00,0.2239208529013581
2020-06-27 08:15:00,0.3029687670334056
2020-06-27 08:18:00,0.29548766638225743
2020-06-27 08:21:00,0.28673694006135975
2020-06-27 08:24:00,0.392030837022844
2020-06-27 08:27:00,0.326248090183185
2020-06-27 08:30:00,0.2975980885149738
2020-06-27 08:33:00,0.3367167941120215
2020-06-27 08:36:00,0.2767323890025182
2020-06-27 08:39:00,0.29149916724333025
2020-06-27 08:42:00,0.3233207433362395
2020-06-27 08:45:00,0.21884227250961885
2020-06-27 08:48:00,0.30838084026896695
2020-06-27 08:51:00,0.22563588623154374
2020-06-27 08:54:00,0.2680812973281377
2020-06-27 08:57:00,0.25224155469362586
2020-06-27 09:00:00,0.31947354135928663
2020-06-27 09:03:00,0.2191690154988919
2020-06-27 09:06:00,0.2664593750359927
2020-06-27 09:09:00,0.2636796109870829
2020-06-27 09:12:00,0.14300665237243493
2020-06-27 09:15:00,0.2397739615155956
2020-06-27 09:18:00,0.3033601493330593
2020-06-27 09:21:00,0.2766895672125429
2020-06-27 09:24:00,0.27971759599000734
2020-06-27 09:27:00,0.2840980171031333
2020-06-27 09:30:00,0.2637008004189738
2020-06-27 09:33:00,0.19239600078492458
2020-06-27 09:36:00,0.31191931025159647
2020-06-27 09:39:00,0.15775863614794616
2020-06-27 09:42:00,0.13241485751632354
2020-06-27 09:45:00,0.11513297026203873
2020-06-27 09:48:00,0.08718369651393232
2020-06-27 09:51:00,0.12141982249602279
2020-06-27 09:54:00,0.1609935450189255
2020-06-27 09:57:00,0.1401397579378454
2020-06-27 10:00:00,0.09297311206563563
2020-06-27 10:03:00,0.15598515396698076
2020-06-27 10:06:00,0.07003766114388554
2020-06-27 10:09:00,0.2013918882119583
2020-06-27 10:12:00,0.135005541388864
2020-06-27 10:15:00,0.09250767137439198
2020-06-27 10:18:00,0.10867694134441308
2020-06-27 10:21:00,0.10298866091744685
2020-06-27 10:24:00,0.13445365132321285
2020-06-27 10:27:00,0.17323404173475865
2020-06-27 10:30:00,0.04166860112377435
2020-06-27 10:33:00,0.059307264966605544
2020-06-27 10:36:00,0.08133619490547517
2020-06-27 10:39:00,0.06948986580493965
2020-06-27 10:42:00,0.08891275213420613
2020-06-27 10:45:00,0.06835523160702905
2020-06-27 10:48:00,0.009324221078315986
2020-06-27 10:51:00,-0.05114205190290022
2020-06-27 10:54:00,0.023262454518032882
2020-06-27 10:57:00,0.01677504334236346
2020-06-27 11:00:00,0.006527562186590785
2020-06-27 11:03:00,0.06378861144719394
2020-06-27 11:06:00,-0.011800648441180783
2020-06-27 11:09:00,0.04017789738219335
2020-06-27 11:12:00,-0.05804008715432474
2020-06-27 11:15:00,0.045439346105240475
2020-06-27 11:18:00,-0.005153515768427042
2020-06-27 11:21:00,-0.03855936600842824
2020-06-27 11:24:00,-0.021771577345305104
2020-06-27 11:27:00,-0.0320346654992818
2020-06-27 11:30:00,0.014097196562374847
2020-06-27 11:33:00,-0.09603707130054318
2020-06-27 11:36:00,-0.06932436243448592
2020-06-27 11:39:00,-0.12404992192944064
2020-06-27 11:42:00,-0.06615732030530808
2020-06-27 11:45:00,-0.12299971376035046
2020-06-27 11:48:00,-0.10853380347566599
2020-06-27 11:51:00,-0.06897635870109298
2020-06-27 11:54:00,-0.15071298024190583
2020-06-27 11:57:00,-0.186083602178428
2020-06-27 12:00:00,-0.2099428643155079
2020-06-27 12:03:00,-0.2517790863435607
2020-06-27 12:06:00,-0.16576243826983728
2020-06-27 12:09:00,-0.294008677490865
2020-06-27 12:12:00,-0.10714954145464617
2020-06-27 12:15:00,-0.35046285334931326
2020-06-27 12:18:00,-0.2379302868005766
2020-06-27 12:21:00,-0.21255789393160285
2020-06-27 12:24:00,-0.2776313911796251
2020-06-27 12:27:00,-0.23824723312020524
2020-06-27 12:30:00,-0.2977804913786599
2020-06-27 12:33:00,-0.14593703139883019
2020-06-27 12:36:00,-0.31848369715402214
2020-06-27 12:39:00,-0.3429702983589209
2020-06-27 12:42:00,-0.31944611295722325
2020-06-27 12:45:00,-0.35198612332527546
2020-06-27 12:48:00,-0.38625925109329273
2020-06-27 12:51:00,-0.3876371284251263
2020-06-27 12:54:00,-0.3854483689063386
2020-06-27 12:57:00,-0.3870244696607301
2020-06-27 13:00:00,-0.3421752895062582
2020-06-27 13:03:00,-0.41037511838749197
2020-06-27 13:06:00,-0.3439999104120943
2020-06-27 13:09:00,-0.16381856589816834
2020-06-27 13:12:00,-0.29660866640978156
2020-06-27 13:15:00,-0.3091175047586603
2020-06-27 13:18:00,-0.38053356187145937
2020-06-27 13:21:00,-0.2801585632485626
2020-06-27 13:24:00,-0.26546711498690456
2020-06-27 13:27:00,-0.3142714922201435
2020-06-27 13:30:00,-0.36280993827057273
2020-06-27 13:33:00,-0.29591916765230053
2020-06-27 13:36:00,-0.11098661776514973
2020-06-27 13:39:00,-0.3803401548155989
2020-06-27 13:42:00,-0.37268467083958967
2020-06-27 13:45:00,-0.35044757022922113
2020-06-27 13:48:00,-0.27844822354069265
2020-06-27 13:51:00,-0.3480832324261769
2020-06-27 13:54:00,-0.3250915440328299
2020-06-27 13:57:00,-0.3153511242556988
2020-06-27 14:00:00,-0.4424708328878637
2020-06-27 14:03:00,-0.342593823220966
2020-06-27 14:06:00,-0.3779463183259395
2020-06-27 14:09:00,-0.3000854035988141
2020-06-27 14:12:00,-0.19427858391259178
2020-06-27 14:15:00,-0.38259072865463395
2020-06-27 14:18:00,-0.342172085675827
2020-06-27 14:21:00,-0.40688616262133337
2020-06-27 14:24:00,-0.27891683424167013
2020-06-27 14:27:00,-0.3425880828948493
2020-06-27 14:30:00,-0.28586123062603974
2020-06-27 14:33:00,-0.3459222178464074
2020-06-27 14:36:00,-0.29803019580299406
2020-06-27 14:39:00,-0.2706345996663799
2020-06-27 14:42:00,-0.2537654222384731
2020-06-27 14:45:00,-0.07345633526210804
2020-06-27 14:48:00,-0.22727526312866075
2020-06-27 14:51:00,-0.22125831465677948
2020-06-27 14:54:00,-0.08894830760408468
2020-06-27 14:57:00,-0.08385842625528994
2020-06-27 15:00:00,-0.09985259777715783
2020-06-27 15:03:00,-0.006609348030963247
2020-06-27 15:06:00,-0.018077332804409707
2020-06-27 15:09:00,-0.012662024243468295
2020-06-27 15:12:00,0.06133945702828214
2020-06-27 15:15:00,0.14663454860919956
2020-06-27 15:18:00,0.07848438219554055
2020-06-27 15:21:00,-0.12762030836398708
2020-06-27 15:24:00,-0.13279575211993233
2020-06-27 15:27:00,-0.33946710281583137
2020-06-27 15:30:00,-0.25800401886050395
2020-06-27 15:33:00,-0.27083800778410705
2020-06-27 15:36:00,-0.3157717996145948
2020-06-27 15:39:00,-0.21432304105030653
2020-06-27 15:42:00,-0.22174015847866713
2020-06-27 15:45:00,-0.23992301040715347
2020-06-27 15:48:00,-0.3159034339345226
2020-06-27 15:51:00,-0.34908539748829526
2020-06-27 15:54:00,-0.37527967429235787
2020-06-27 15:57:00,-0.49890050182671075
2020-06-27 16:00:00,-0.3946073605478091
2020-06-27 16:03:00,-0.4281644027000766
2020-06-27 16:06:00,-0.43257553705205964
2020-06-27 16:09:00,-0.37622639088851884
2020-06-27 16:12:00,-0.4518426551791208
2020-06-27 16:15:00,-0.4133622976448805
2020-06-27 16:18:00,-0.3696059824292206
2020-06-27 16:21:00,-0.31410732179512024
2020-06-27 16:24:00,-0.3073891271590128
2020-06-27 16:27:00,-0.2764306592337107
2020-06-27 16:30:00,-0.22746916159468356
2020-06-27 16:33:00,-0.15199642334914643
2020-06-27 16:36:00,-0.19873303716258306
2020-06-27 16:39:00,-0.1906004585196115
2020-06-27 16:42:00,-0.15423281132842703
2020-06-27 16:45:00,-0.15086276474414717
2020-06-27 16:48:00,-0.22654610743688863
2020-06-27 16:51:00,-0.06625421073533744
2020-06-27 16:54:00,-0.18397272665407627
2020-06-27 16:57:00,-0.11616392501014161
2020-06-27 17:00:00,-0.14731261113769278
2020-06-27 17:03:00,-0.21668719637068534
2020-06-27 17:06:00,-0.1461948833527913
2020-06-27 17:09:00,-0.20451598742249644
2020-06-27 17:12:00,-0.0717766375724409
2020-06-27 17:15:00,-0.21246775727712475
2020-06-27 17:18:00,-0.17038045884538633
2020-06-27 17:21:00,-0.14449585231938045
2020-06-27 17:24:00,-0.1529594401141594
2020-06-27 17:27:00,-0.2029457849446885
2020-06-27 17:30:00,-0.19314006582385446
2020-06-27 17:33:00,-0.2590888018980877
2020-06-27 17:36:00,-0.22861678409719843
2020-06-27 17:39:00,-0.2073551472717554
2020-06-27 17:42:00,-0.3177526152288692
2020-06-27 17:45:00,-0.1638600609903733
2020-06-27 17:48:00,-0.24573931263859095
2020-06-27 17:51:00,-0.2357837706230157
2020-06-27 17:54:00,-0.1707467024085645
2020-06-27 17:57:00,-0.2826800699959904
2020-06-27 18:00:00,-0.29590505907356146
2020-06-27 18:03:00,-0.19414219136336897
2020-06-27 18:06:00,-0.25264405176227456
2020-06-27 18:09:00,-0.24467080342589043
2020-06-27 18:12:00,-0.2118789310894158
2020-06-27 18:15:00,-0.19867681789111202
2020-06-27 18:18:00,-0.16078132555941238
2020-06-27 18:21:00,-0.19009677843922645
2020-06-27 18:24:00,-0.18047135507197254
2020-06-27 18:27:00,-0.14171355996961665
2020-06-27 18:30:00,-0.11028952940154113
2020-06-27 18:33:00,-0.1088914893031756
2020-06-27 18:36:00,-0.13477022981550135
2020-06-27 18:39:00,-0.13686046585559097
2020-06-27 18:42:00,-0.050395156885031156
2020-06-27 18:45:00,-0.056707055350273095
2020-06-27 18:48:00,-0.07044653151126568
2020-06-27 18:51:00,-0.022771180871814067
2020-06-27 18:54:00,
2020-06-27 18:57:00,
2020-06-27 19:00:00,
2020-06-27 19:03:00,-0.15903410708261845
2020-06-27 19:06:00,0.014927463985372924
2020-06-27 19:09:00,-0.06662677948361306
2020-06-27 19:12:00,0.03335696975256042
2020-06-27 19:15:00,0.03842994730780447
2020-06-27 19:18:00,-0.007854325184439404
2020-06-27 19:21:00,-0.08595576826365914
2020-06-27 19:24:00,-0.0736300549808675
2020-06-27 19:27:00,-0.12504570711774932
2020-06-27 19:30:00,-0.07107289009394435
2020-06-27 19:33:00,-0.028728175843639292
2020-06-27 19:36:00,-0.045970511165137395
2020-06-27 19:39:00,-0.14506906888738058
2020-06-27 19:42:00,-0.13078383934441717
2020-06-27 19:45:00,-0.06390847301827307
2020-06-27 19:48:00,-0.09081566896367121
2020-06-27 19:51:00,-0.038925912901106585
2020-06-27 19:54:00,-0.019501013140654777
2020-06-27 19:57:00,-0.06541515515493757
2020-06-27 20:00:00,-0.10116329092312526
2020-06-27 20:03:00,-0.07547246709390265
2020-06-27 20:06:00,0.06842999809390449
2020-06-27 20:09:00,-0.09003894641136867
2020-06-27 20:12:00,-0.06132279213517222
2020-06-27 20:15:00,-0.04417930548083859
2020-06-27 20:18:00,-0.021488958194083807
2020-06-27 20:21:00,0.026425779289525053
2020-06-27 20:24:00,0.02533103622982935
2020-06-27 20:27:00,0.06012506523325101
2020-06-27 20:30:00,0.04208887303013853
2020-06-27 20:33:00,-0.12172819529291701
2020-06-27 20:36:00,0.003927344013391121
2020-06-27 20:39:00,0.07863222937351111
2020-06-27 20:42:00,0.04645675358784729
2020-06-27 20:45:00,0.021211060936707327
2020-06-27 20:48:00,0.023781650536591314
2020-06-27 20:51:00,0.12064832121791369
2020-06-27 20:54:00,-0.015198807224578559
2020-06-27 20:57:00,0.08961197400327592
2020-06-27 21:00:00,0.03882328299505389
2020-06-27 21:03:00,0.0628293422072943
2020-06-27 21:06:00,0.11275114597782476
2020-06-27 21:09:00,-0.02843875468352053
2020-06-27 21:12:00,0.04935888983982295
2020-06-27 21:15:00,-0.05213612272541468
2020-06-27 21:18:00,0.03479649833542453
2020-06-27 21:21:00,-0.06639268437356804
2020-06-27 21:24:00,0.05450642452342436
2020-06-27 21:27:00,0.041854345732303955
2020-06-27 21:30:00,-0.023809020334681463
2020-06-27 21:33:00,0.030413940048163113
2020-06-27 21:36:00,0.12075531199627676
2020-06-27 21:39:00,0.09010194851737197
2020-06-27 21:42:00,-0.05143712343635798
2020-06-27 21:45:00,0.09717986250308286
2020-06-27 21:48:00,0.10736205146287148
2020-06-27 21:51:00,0.14026244303039448
2020-06-27 21:54:00,0.141273505208801
2020-06-27 21:57:00,0.04929650484564263
2020-06-27 22:00:00,0.028524827172304867
2020-06-27 22:03:00,0.06198285366502887
2020-06-27 22:06:00,0.05383723427451059
2020-06-27 22:09:00,-0.025284950221362124
2020-06-27 22:12:00,0.059057356777202585
2020-06-27 22:15:00,-0.03871882310613728
2020-06-27 22:18:00,0.03726522755658834
2020-06-27 22:21:00,0.00702116593242863
2020-06-27 22:24:00,-0.07468903837479957
2020-06-27 22:27:00,-0.0967060972580498
2020-06-27 22:30:00,0.035441462973437865
2020-06-27 22:33:00,0.0593111199571581
2020-06-27 22:36:00,0.07785107331233121
2020-06-27 22:39:00,0.04548986566635449
2020-06-27 22:42:00,0.06190769726003964
2020-06-27 22:45:00,0.08444169878873709
2020-06-27 22:48:00,0.14929229321501225
2020-06-27 22:51:00,0.11915674656268038
2020-06-27 22:54:00,0.03470136047678807
2020-06-27 22:57:00,0.17773013460072207
2020-06-27 23:00:00,0.08951282494996349
2020-06-27 23:03:00,0.15727009878503395
2020-06-27 23:06:00,0.14770612169195374
2020-06-27 23:09:00,0.14446448568094183
2020-06-27 23:12:00,0.19148612439443013
2020-06-27 23:15:00,0.1408578512417762
2020-06-27 23:18:00,0.11243202684391918
2020-06-27 23:21:00,0.12646203085392926
2020-06-27 23:24:00,0.20217061461931962
2020-06-27 23:27:00,0.14559419332715606
2020-06-27 23:30:00,0.2954722052518832
2020-06-27 23:33:00,0.12426187309341685
2020-06-27 23:36:00,0.11787830131117971
2020-06-27 23:39:00,0.13381480389199396
2020-06-27 23:42:00,0.11133558275946598
2020-06-27 23:45:00,0.171285922334107
2020-06-27 23:48:00,0.1471079464800482
2020-06-27 23:51:00,0.029207503892905606
2020-06-27 23:54:00,0.14931705119983008
2020-06-27 23:57:00,0.18954279042230837
2020-06-28 00:00:00,0.11438174502313814
2020-06-28 00:03:00,0.09533713648829689
2020-06-28 00:06:00,0.13104065596218106
2020-06-28 00:09:00,0.19791145894788542
2020-06-28 00:12:00,0.14905237830254237
2020-06-28 00:15:00,0.14847249539235463
2020-06-28 00:18:00,0.2214117094474659
2020-06-28 00:21:00,0.18346950961762332
2020-06-28 00:24:00,0.2613976987260571
2020-06-28 00:27:00,0.1968091650654742
2020-06-28 00:30:00,0.22279717558944867
2020-06-28 00:33:00,0.12123444819246743
2020-06-28 00:36:00,0.19542145400066602
2020-06-28 00:39:00,0.2703952834049801
2020-06-28 00:42:00,0.38526927627316354
2020-06-28 00:45:00,0.3139134192412598
2020-06-28 00:48:00,0.4379311676604516
2020-06-28 00:51:00,0.4616566517522074
2020-06-28 00:54:00,0.3451854607880023
2020-06-28 00:57:00,0.3325034832739675
2020-06-28 01:00:00,0.3392766794911495
2020-06-28 01:03:00,0.33810584699790525
2020-06-28 01:06:00,0.41985869043276125
2020-06-28 01:09:00,0.37657984013986834
2020-06-28 01:12:00,0.33914787980233996
2020-06-28 01:15:00,0.3857496638485145
2020-06-28 01:18:00,0.4331610485343731
2020-06-28 01:21:00,0.3573196984755782
2020-06-28 01:24:00,0.3810417760682867
2020-06-28 01:27:00,0.35777409605674393
2020-06-28 01:30:00,0.39801279824325775
2020-06-28 01:33:00,0.3983402162348284
2020-06-28 01:36:00,0.4242444980019968
2020-06-28 01:39:00,0.4026219212063893
2020-06-28 01:42:00,0.35754964612237927
2020-06-28 01:45:00,0.37341239556661776
2020-06-28 01:48:00,0.324486767596909
2020-06-28 01:51:00,0.27075620066852935
2020-06-28 01:54:00,0.24637321487784902
2020-06-28 01:57:00,0.2998774451314148
2020-06-28 02:00:00,0.25290913269941484
2020-06-28 02:03:00,0.2773619245772352
2020-06-28 02:06:00,0.3088792264679796
2020-06-28 02:09:00,0.27277717017733494
2020-06-28 02:12:00,0.34061402738291235
2020-06-28 02:15:00,0.22176915507486683
2020-06-28 02:18:00,0.34375674004689927
2020-06-28 02:21:00,0.28974005199876274
2020-06-28 02:24:00,0.34597045530199466
2020-06-28 02:27:00,0.3216746565404378
2020-06-28 02:30:00,0.3514179096118255
2020-06-28 02:33:00,0.3334286692813748
2020-06-28 02:36:00,0.3722187492068656
2020-06-28 02:39:00,0.44175783556721626
2020-06-28 02:42:00,0.2209440397703588
2020-06-28 02:45:00,0.38443125482194773
2020-06-28 02:48:00,0.3286953935558472
2020-06-28 02:51:00,0.2997423795363261
2020-06-28 02:54:00,0.3961313329621703
2020-06-28 02:57:00,0.2995914033248823
2020-06-28 03:00:00,0.2322857213748648
2020-06-28 03:03:00,0.3994983011284603
2020-06-28 03:06:00,0.31600716967761855
2020-06-28 03:09:00,0.4239915619871226
2020-06-28 03:12:00,0.3125364966907682
2020-06-28 03:15:00,0.3188145500744213
2020-06-28 03:18:00,0.328115743544231
2020-06-28 03:21:00,0.4438241991551308
2020-06-28 03:24:00,0.3565823307143887
2020-06-28 03:27:00,0.3361731299270332
2020-06-28 03:30:00,0.3795366292224003
2020-06-28 03:33:00,0.3911107380774297
2020-06-28 03:36:00,0.4857845862737804
2020-06-28 03:39:00,0.4258980957525864
2020-06-28 03:42:00,0.3707186462931418
2020-06-28 03:45:00,0.41424145695503967
2020-06-28 03:48:00,0.3675858140174455
2020-06-28 03:51:00,0.3093968205225792
2020-06-28 03:54:00,0.4240446917053191
2020-06-28 03:57:00,0.424958473626873
2020-06-28 04:00:00,0.5404534274877051
2020-06-28 04:03:00,0.5397015581129381
2020-06-28 04:06:00,0.5668039387488193
2020-06-28 04:09:00,0.606236422498057
2020-06-28 04:12:00,0.6137069467649212
2020-06-28 04:15:00,0.5868720853305263
2020-06-28 04:18:00,0.5011865943191083
2020-06-28 04:21:00,0.6061692461933603
2020-06-28 04:24:00,0.564880491283418
2020-06-28 04:27:00,0.6098700434973239
2020-06-28 04:30:00,0.5004677099838091
2020-06-28 04:33:00,0.3600067309933479
2020-06-28 04:36:00,0.3515990978310697
2020-06-28 04:39:00,0.42154740080121655
2020-06-28 04:42:00,0.46966691596497867
2020-06-28 04:45:00,0.47237099189209175
2020-06-28 04:48:00,0.4749709927069148
2020-06-28 04:51:00,0.39769603833974543
2020-06-28 04:54:00,0.5049401618302909
2020-06-28 04:57:00,0.4035241602711608
2020-06-28 05:00:00,0.2741431762448201
2020-06-28 05:03:00,0.2914923325707832
2020-06-28 05:06:00,0.46403907356636864
2020-06-28 05:09:00,0.42030181825685986
2020-06-28 05:12:00,0.27390317315405355
2020-06-28 05:15:00,0.36473554255860563
2020-06-28 05:18:00,0.38384749838127163
2020-06-28 05:21:00,0.36611622477374794
2020-06-28 05:24:00,0.2970607158814573
2020-06-28 05:27:00,0.35374802681070605
2020-06-28 05:30:00,0.3941291214816829
2020-06-28 05:33:00,0.35015250617095717
2020-06-28 05:36:00,0.34559098852639636
2020-06-28 05:39:00,0.3066019692219015
2020-06-28 05:42:00,0.3353760783658686
2020-06-28 05:45:00,0.294188869091613
2020-06-28 05:48:00,0.3032833820438441
2020-06-28 05:51:00,0.2782998710142124
2020-06-28 05:54:00,0.2950329237734195
2020-06-28 05:57:00,0.3217442518788971
2020-06-28 06:00:00,0.3073777981806529
2020-06-28 06:03:00,0.3348924316429702
2020-06-28 06:06:00,0.1960133338653236
2020-06-28 06:09:00,0.2272200175240755
2020-06-28 06:12:00,0.3065149928127653
2020-06-28 06:15:00,0.2889938571638595
2020-06-28 06:18:00,0.2708588263475349
2020-06-28 06:21:00,0.3777672669474441
2020-06-28 06:24:00,0.3515003482335146
2020-06-28 06:27:00,0.24769417047411935
2020-06-28 06:30:00,0.3703583713939338
2020-06-28 06:33:00,0.3044294093839994
2020-06-28 06:36:00,0.3950116496886835
2020-06-28 06:39:00,0.36638486864274
2020-06-28 06:42:00,0.3007901096124783
2020-06-28 06:45:00,0.3638664624606349
2020-06-28 06:48:00,0.35984963399874914
2020-06-28 06:51:00,0.4935089000231301
2020-06-28 06:54:00,0.38299867367152274
2020-06-28 06:57:00,0.2606684503193719
2020-06-28 07:00:00,0.30959615422858633
2020-06-28 07:03:00,0.33419982371498236
2020-06-28 07:06:00,0.42563770492853337
2020-06-28 07:09:00,0.4045192523484502
2020-06-28 07:12:00,0.3825052391719055
2020-06-28 07:15:00,0.206734857021047
2020-06-28 07:18:00,0.2909738501298307
2020-06-28 07:21:00,0.3444751459547888
2020-06-28 07:24:00,0.2967614911748342
2020-06-28 07:27:00,0.35466483941956994
2020-06-28 07:30:00,0.2786260452044189
2020-06-28 07:33:00,0.30373584374416396
2020-06-28 07:36:00,0.296686169927284
2020-06-28 07:39:00,0.3697366736601566
2020-06-28 07:42:00,0.2717872491772937
2020-06-28 07:45:00,0.3148589226832428
2020-06-28 07:48:00,0.32879598754095696
2020-06-28 07:51:00,0.5162833229675243
2020-06-28 07:54:00,0.3380558004894283
2020-06-28 07:57:00,0.3951275975288695
2020-06-28 08:00:00,0.4250450493188396
2020-06-28 08:03:00,0.3780073132764983
2020-06-28 08:06:00,0.3309657946380753
2020-06-28 08:09:00,0.3275202993327184
2020-06-28 08:12:00,0.2777605539496335
2020-06-28 08:15:00,0.32445992196153384
2020-06-28 08:18:00,0.36376747865733705
2020-06-28 08:21:00,0.3773567203659809
2020-06-28 08:24:00,0.3315558231567479
2020-06-28 08:27:00,0.34364701637241524
2020-06-28 08:30:00,0.30956530128736404
2020-06-28 08:33:00,0.3201717202772443
2020-06-28 08:36:00,0.3242096474822347
2020-06-28 08:39:00,0.328629199980071
2020-06-28 08:42:00,0.25720774314913797
2020-06-28 08:45:00,0.3547964719829224
2020-06-28 08:48:00,0.320588039590632
2020-06-28 08:51:00,0.2874677941807704
2020-06-28 08:54:00,0.4065820250357888
2020-06-28 08:57:00,0.3876810579736798
2020-06-28 09:00:00,0.33835984644684913
2020-06-28 09:03:00,0.32350688967113683
2020-06-28 09:06:00,0.2639551593821352
2020-06-28 09:09:00,0.3840084993021833
2020-06-28 09:12:00,0.25229012608104995
2020-06-28 09:15:00,0.38254829752361275
2020-06-28 09:18:00,0.389645968879222
2020-06-28 09:21:00,0.3795073316668436
2020-06-28 09:24:00,0.3316292304052695
2020-06-28 09:27:00,0.3656635735437135
2020-06-28 09:30:00,0.32228756230006184
2020-06-28 09:33:00,0.22051952017540088
2020-06-28 09:36:00,0.28489098576545757
2020-06-28 09:39:00,0.2974621997008171
2020-06-28 09:42:00,0.32411526275166125
2020-06-28 09:45:00,0.3085019976152239
2020-06-28 09:48:00,0.2841738542035728
2020-06-28 09:51:00,0.35749561161202337
2020-06-28 09:54:00,0.26114932157878457
2020-06-28 09:57:00,0.25685501959912926
2020-06-28 10:00:00,0.31750746145360154
2020-06-28 10:03:00,0.32125021889913796
2020-06-28 10:06:00,0.2998219202930841
2020-06-28 10:09:00,0.21020557660307304
2020-06-28 10:12:00,0.27102192396250757
2020-06-28 10:15:00,0.28951653392670096
2020-06-28 10:18:00,0.24652445636854736
2020-06-28 10:21:00,0.25097532504094033
2020-06-28 10:24:00,0.2811933878872992
2020-06-28 10:27:00,0.2892204453506224
2020-06-28 10:30:00,0.277293951558363
2020-06-28 10:33:00,0.29172409810649924
2020-06-28 10:36:00,0.5553403820509857
2020-06-28 10:39:00,0.27380661979088927
2020-06-28 10:42:00,0.3068488645200773
2020-06-28 10:45:00,0.35113909659685305
2020-06-28 10:48:00,0.2573701126853507
2020-06-28 10:51:00,0.21607111629361953
2020-06-28 10:54:00,0.20409465001444005
2020-06-28 10:57:00,0.19349551008019716
2020-06-28 11:00:00,0.238345944141372
2020-06-28 11:03:00,0.11996556626502297
2020-06-28 11:06:00,0.31493945311785865
2020-06-28 11:09:00,0.25261478348011224
2020-06-28 11:12:00,0.09804846209601692
2020-06-28 11:15:00,0.20613495365211065
2020-06-28 11:18:00,0.1281113866365331
2020-06-28 11:21:00,0.20642021166793256
2020-06-28 11:24:00,0.07067851795494562
2020-06-28 11:27:00,0.20344181349719292
2020-06-28 11:30:00,0.20861840497065032
2020-06-28 11:33:00,0.1856836692642787
2020-06-28 11:36:00,0.11121192678905345
2020-06-28 11:39:00,0.20539431693032384
2020-06-28 11:42:00,0.06367897608515705
2020-06-28 11:45:00,0.15164781062117072
2020-06-28 11:48:00,0.1762691084337007
2020-06-28 11:51:00,0.12328116007603285
2020-06-28 11:54:00,0.20254905321456818
2020-06-28 11:57:00,0.026931801106059083
2020-06-28 12:00:00,0.08729536639327762
2020-06-28 12:03:00,-0.12681901632720383
2020-06-28 12:06:00,-0.02769044830472467
2020-06-28 12:09:00,0.03698427285746675
2020-06-28 12:12:00,-0.03504728877607022
2020-06-28 12:15:00,0.13635763804069256
2020-06-28 12:18:00,-0.014556967252872255
2020-06-28 12:21:00,-0.035072557464388865
2020-06-28 12:24:00,0.0752769039429495
2020-06-28 12:27:00,0.07202553414538215
2020-06-28 12:30:00,0.013411429374343697
2020-06-28 12:33:00,0.035103628472882065
2020-06-28 12:36:00,0.043008010766016014
2020-06-28 12:39:00,0.00718623662447726
2020-06-28 12:42:00,0.043552852602886105
2020-06-28 12:45:00,-0.020616398570780348
2020-06-28 12:48:00,0.09372492378224706
2020-06-28 12:51:00,-0.01658028598006922
2020-06-28 12:54:00,-0.1008538720190586
2020-06-28 12:57:00,-0.12039814099972546
2020-06-28 13:00:00,-0.053164950438088
2020-06-28 13:03:00,-0.12815983206428427
2020-06-28 13:06:00,-0.044434101794252
2020-06-28 13:09:00,-0.1735359173477491
2020-06-28 13:12:00,-0.07553813981320445
2020-06-28 13:15:00,-0.26779678059506296
2020-06-28 13:18:00,-0.12817672100692334
2020-06-28 13:21:00,-0.07679454782993389
2020-06-28 13:24:00,-0.1562330045805993
2020-06-28 13:27:00,-0.18096182036669006
2020-06-28 13:30:00,-0.16303103236811012
2020-06-28 13:33:00,-0.185542149205844
2020-06-28 13:36:00,-0.03242772312279385
2020-06-28 13:39:00,-0.035994580790372765
2020-06-28 13:42:00,-0.19609774640611022
2020-06-28 13:45:00,-0.25521750815204314
2020-06-28 13:48:00,-0.17334192511037827
2020-06-28 13:51:00,-0.07113174994515248
2020-06-28 13:54:00,-0.15808985028689904
2020-06-28 13:57:00,-0.17369929076068047
2020-06-28 14:00:00,-0.11463284319830791
2020-06-28 14:03:00,-0.181104538493571
2020-06-28 14:06:00,-0.14135060515593523
2020-06-28 14:09:00,-0.2724031373192588
2020-06-28 14:12:00,-0.26720609494088876
2020-06-28 14:15:00,-0.22700240964155682
2020-06-28 14:18:00,-0.25857834578096117
2020-06-28 14:21:00,-0.1751595484759605
2020-06-28 14:24:00,-0.14392722358201127
2020-06-28 14:27:00,-0.22849102061053372
2020-06-28 14:30:00,-0.20231933125012347
2020-06-28 14:33:00,-0.26572923281082694
2020-06-28 14:36:00,-0.2635901665590268
2020-06-28 14:39:00,-0.24900648973743955
2020-06-28 14:42:00,-0.23523710187288316
2020-06-28 14:45:00,-0.20080064647163454
2020-06-28 14:48:00,-0.19674136826000677
2020-06-28 14:51:00,-0.31727759040927594
2020-06-28 14:54:00,-0.2271064546919206
2020-06-28 14:57:00,-0.2519367355550912
2020-06-28 15:00:00,-0.22100001051256868
2020-06-28 15:03:00,-0.18610560758435213
2020-06-28 15:06:00,-0.21558465159938578
2020-06-28 15:09:00,-0.09060079565648493
2020-06-28 15:12:00,-0.26775668061162605
2020-06-28 15:15:00,-0.3385338875677917
2020-06-28 15:18:00,-0.30232018725217813
2020-06-28 15:21:00,-0.489333903382942
2020-06-28 15:24:00,-0.40213803334734166
2020-06-28 15:27:00,-0.28091046934821406
2020-06-28 15:30:00,-0.4029643914329313
2020-06-28 15:33:00,-0.33749258957897155
2020-06-28 15:36:00,-0.3110764639178569
2020-06-28 15:39:00,-0.2616064072379345
2020-06-28 15:42:00,-0.3683597528205951
2020-06-28 15:45:00,-0.44598094115173126
2020-06-28 15:48:00,-0.3515203476873694
2020-06-28 15:51:00,-0.4148386194065665
2020-06-28 15:54:00,-0.5165879235536295
2020-06-28 15:57:00,-0.413341869406338
2020-06-28 16:00:00,-0.3310701230119548
2020-06-28 16:03:00,-0.3259760175839119
2020-06-28 16:06:00,-0.42446811478947666
2020-06-28 16:09:00,-0.3699164732047393
2020-06-28 16:12:00,-0.26351160313026867
2020-06-28 16:15:00,-0.2815983888427809
2020-06-28 16:18:00,-0.17422442419518802
2020-06-28 16:21:00,-0.20942739124620857
2020-06-28 16:24:00,-0.2836804123493266
2020-06-28 16:27:00,-0.2761834151287985
2020-06-28 16:30:00,-0.21758249055756096
2020-06-28 16:33:00,-0.1659099767623502
2020-06-28 16:36:00,-0.06746821629258193
2020-06-28 16:39:00,-0.08855856611711488
2020-06-28 16:42:00,-0.04141609565994031
2020-06-28 16:45:00,-0.08621366545332876
2020-06-28 16:48:00,-0.18819923767455293
2020-06-28 16:51:00,-0.11873269370295247
2020-06-28 16:54:00,-0.12622356013577019
2020-06-28 16:57:00,-0.22588195167276126
2020-06-28 17:00:00,-0.19338713897826665
2020-06-28 17:03:00,0.020278773557322438
2020-06-28 17:06:00,-0.07541749890179972
2020-06-28 17:09:00,-0.12538484436822728
2020-06-28 17:12:00,-0.10452214608113763
2020-06-28 17:15:00,-0.1779470522070028
2020-06-28 17:18:00,-0.166235283564788
2020-06-28 17:21:00,-0.2526311801647694
2020-06-28 17:24:00,-0.12178039354921566
2020-06-28 17:27:00,-0.04818180390611815
2020-06-28 17:30:00,-0.06169055911209398
2020-06-28 17:33:00,-0.12973467320404097
2020-06-28 17:36:00,-0.12162262509718857
2020-06-28 17:39:00,-0.18514593876710705
2020-06-28 17:42:00,-0.12494271718878736
2020-06-28 17:45:00,-0.11600844510309116
2020-06-28 17:48:00,-0.020987015434457135
2020-06-28 17:51:00,-0.1804577294682872
2020-06-28 17:54:00,-0.07295645449670474
2020-06-28 17:57:00,-0.05840357606689395
2020-06-28 18:00:00,-0.11907308141849171
2020-06-28 18:03:00,-0.1658201241980919
2020-06-28 18:06:00,-0.044013961149858005
2020-06-28 18:09:00,-0.06941408671889349
2020-06-28 18:12:00,-0.04763777914166667
2020-06-28 18:15:00,-0.10575875873803398
2020-06-28 18:18:00,0.018560569315582143
2020-06-28 18:21:00,-0.06071427441747801
2020-06-28 18:24:00,0.008942874830154324
2020-06-28 18:27:00,-0.05660430184116194
2020-06-28 18:30:00,0.07887387441775218
2020-06-28 18:33:00,-0.03483504771088519
2020-06-28 18:36:00,-0.053499881551147155
2020-06-28 18:39:00,-0.06918315900281868
2020-06-28 18:42:00,0.0215798304042778
2020-06-28 18:45:00,-0.01808763252921608
2020-06-28 18:48:00,-0.05177172598962443
2020-06-28 18:51:00,-0.033265357537970885
2020-06-28 18:54:00,
2020-06-28 18:57:00,
2020-06-28 19:00:00,
2020-06-28 19:03:00,0.021218774569604193
2020-06-28 19:06:00,-0.017193434260605045
2020-06-28 19:09:00,-0.11604679326939049
2020-06-28 19:12:00,-0.03139925132444432
2020-06-28 19:15:00,-0.10624226559201588
2020-06-28 19:18:00,-0.03753708071315032
2020-06-28 19:21:00,-0.046801884927504034
2020-06-28 19:24:00,0.04963650586694257
2020-06-28 19:27:00,0.11230262033893723
2020-06-28 19:30:00,0.06303377442526426
2020-06-28 19:33:00,0.03725469381504354
2020-06-28 19:36:00,0.06174663694918081
2020-06-28 19:39:00,0.09734872512876791
2020-06-28 19:42:00,0.04320986533912219
2020-06-28 19:45:00,0.16652614148665634
2020-06-28 19:48:00,0.03993215436105402
2020-06-28 19:51:00,0.06348803818366378
2020-06-28 19:54:00,0.02394071767201922
2020-06-28 19:57:00,0.030506267949704124
2020-06-28 20:00:00,0.09815736711925638
2020-06-28 20:03:00,0.02233515330078717
2020-06-28 20:06:00,0.0010514537281096636
2020-06-28 20:09:00,0.0425247768708914
2020-06-28 20:12:00,-0.01858444394616754
2020-06-28 20:15:00,-0.002488371022479896
2020-06-28 20:18:00,-0.01837241300449932
2020-06-28 20:21:00,0.009838397704356794
2020-06-28 20:24:00,-0.03905558061660486
2020-06-28 20:27:00,-0.03285582399746545
2020-06-28 20:30:00,0.02124439196182948
2020-06-28 20:33:00,0.011245131035252598
2020-06-28 20:36:00,0.0231697832351756
2020-06-28 20:39:00,-0.022231511529128056
2020-06-28 20:42:00,-0.002489354009867384
2020-06-28 20:45:00,-0.016122610724551123
2020-06-28 20:48:00,-0.04034767568856523
2020-06-28 20:51:00,0.08809900010902538
2020-06-28 20:54:00,-0.008599366670750896
2020-06-28 20:57:00,0.019822048658795666
2020-06-28 21:00:00,-0.025775626910956362
2020-06-28 21:03:00,-0.03228265353908455
2020-06-28 21:06:00,-0.0832068672291939
2020-06-28 21:09:00,-0.02167606785684484
2020-06-28 21:12:00,-0.023723909717602965
2020-06-28 21:15:00,0.007828351978616865
2020-06-28 21:18:00,0.004584815475141113
2020-06-28 21:21:00,0.05697254629728832
2020-06-28 21:24:00,-0.0012617110809856058
2020-06-28 21:27:00,0.15238020026987442
2020-06-28 21:30:00,0.026874184901146236
2020-06-28 21:33:00,0.13409854145584177
2020-06-28 21:36:00,0.1295688401856978
2020-06-28 21:39:00,0.11309824312081673
2020-06-28 21:42:00,0.17649192546213044
2020-06-28 21:45:00,0.13126040264012317
2020-06-28 21:48:00,0.13196390662136537
2020-06-28 21:51:00,0.08128111362998425
2020-06-28 21:54:00,0.05748858347755004
2020-06-28 21:57:00,0.03099893791301156
2020-06-28 22:00:00,0.07574280079143136
2020-06-28 22:03:00,0.052474352730882856
2020-06-28 22:06:00,0.1597556626791743
2020-06-28 22:09:00,0.0764472450816811
2020-06-28 22:12:00,0.17245652060773864
2020-06-28 22:15:00,0.14134529645508564
2020-06-28 22:18:00,0.2883613873206059
2020-06-28 22:21:00,0.21762359953879695
2020-06-28 22:24:00,0.16905048025330416
2020-06-28 22:27:00,0.17276153478780998
2020-06-28 22:30:00,0.11579965941774617
2020-06-28 22:33:00,0.14611692714117908
2020-06-28 22:36:00,0.098218021255434
2020-06-28 22:39:00,0.017390003714581326
2020-06-28 22:42:00,0.1383181461450249
2020-06-28 22:45:00,0.11139146501375308
2020-06-28 22:48:00,0.102887335369644
2020-06-28 22:51:00,0.10567660386419675
2020-06-28 22:54:00,0.18884789739917096
2020-06-28 22:57:00,0.12786543047587884
2020-06-28 23:00:00,0.1594322606466676
2020-06-28 23:03:00,0.1400543859523964
2020-06-28 23:06:00,0.11969725580428303
2020-06-28 23:09:00,0.09076355258770263
2020-06-28 23:12:00,0.11832006406018536
2020-06-28 23:15:00,0.06789041451901312
2020-06-28 23:18:00,0.2170980946950749
2020-06-28 23:21:00,0.16725223067720663
2020-06-28 23:24:00,0.12989062333849688
2020-06-28 23:27:00,0.21679251693791457
2020-06-28 23:30:00,0.0992539106670165
2020-06-28 23:33:00,0.14880509164811428
2020-06-28 23:36:00,0.12827376295530257
2020-06-28 23:39:00,0.029698485424262344
2020-06-28 23:42:00,0.15587341320480164
2020-06-28 23:45:00,0.28382486560059306
2020-06-28 23:48:00,0.2034498597308243
2020-06-28 23:51:00,0.16252983968013268
2020-06-28 23:54:00,0.20056281138261056
2020-06-28 23:57:00,0.2663557286724654
2020-06-29 00:00:00,0.1641134892281002
2020-06-29 00:03:00,0.30952299592803456
2020-06-29 00:06:00,0.29543836717539307
2020-06-29 00:09:00,0.22996408010050118
2020-06-29 00:12:00,0.23003337928196288
2020-06-29 00:15:00,0.21238400018017956
2020-06-29 00:18:00,0.19680327987379087
2020-06-29 00:21:00,0.2501804832594985
2020-06-29 00:24:00,0.17290718661365645
2020-06-29 00:27:00,0.19446894480245192
2020-06-29 00:30:00,0.2503505611996957
2020-06-29 00:33:00,0.1976947352874845
2020-06-29 00:36:00,0.29898498875189716
2020-06-29 00:39:00,0.21376044780464554
2020-06-29 00:42:00,0.17792226124868193
2020-06-29 00:45:00,0.2402225851787989
2020-06-29 00:48:00,0.15024191900067763
2020-06-29 00:51:00,0.24888176368114046
2020-06-29 00:54:00,0.1981607537811101
2020-06-29 00:57:00,0.25279089048632386
2020-06-29 01:00:00,0.2335937030878199
2020-06-29 01:03:00,0.22984142243450378
2020-06-29 01:06:00,0.303125424423456
2020-06-29 01:09:00,0.310698614080934
2020-06-29 01:12:00,0.2613295551590227
2020-06-29 01:15:00,0.19729694178801083
2020-06-29 01:18:00,0.3118448458307057
2020-06-29 01:21:00,0.30705503660612976
2020-06-29 01:24:00,0.1600600658600797
2020-06-29 01:27:00,0.29707266950299527
2020-06-29 01:30:00,0.1763081951845038
2020-06-29 01:33:00,0.24321203752288056
2020-06-29 01:36:00,0.22905457925236306
2020-06-29 01:39:00,0.2037375267303787
2020-06-29 01:42:00,0.3018648719235557
2020-06-29 01:45:00,0.26022091727833185
2020-06-29 01:48:00,0.29171616194889793
2020-06-29 01:51:00,0.3140512532768298
2020-06-29 01:54:00,0.28882997924125675
2020-06-29 01:57:00,0.25533206157206223
2020-06-29 02:00:00,0.2790349704152959
2020-06-29 02:03:00,0.2744304719493016
2020-06-29 02:06:00,0.27326346833416437
2020-06-29 02:09:00,0.2839718747383131
2020-06-29 02:12:00,0.2702816141779181
2020-06-29 02:15:00,0.19123899765554597
2020-06-29 02:18:00,0.3192836627192719
2020-06-29 02:21:00,0.25074575516782716
2020-06-29 02:24:00,0.31321505755369117
2020-06-29 02:27:00,0.3211474466139066
2020-06-29 02:30:00,0.2708790390041145
2020-06-29 02:33:00,0.34306124535964955
2020-06-29 02:36:00,0.34941287541658994
2020-06-29 02:39:00,0.34318620383504594
2020-06-29 02:42:00,0.35768050981539545
2020-06-29 02:45:00,0.4309576737850307
2020-06-29 02:48:00,0.485081904071194
2020-06-29 02:51:00,0.3330194403486644
2020-06-29 02:54:00,0.35278180426973904
2020-06-29 02:57:00,0.25759174745235214
2020-06-29 03:00:00,0.3034773331271481
2020-06-29 03:03:00,0.302238652662993
2020-06-29 03:06:00,0.32724057972438914
2020-06-29 03:09:00,0.3961118615246164
2020-06-29 03:12:00,0.27832082672443903
2020-06-29 03:15:00,0.2910409701663639
2020-06-29 03:18:00,0.30660559846609203
2020-06-29 03:21:00,0.29695956935228196
2020-06-29 03:24:00,0.33403419818392877
2020-06-29 03:27:00,0.36925741214270147
2020-06-29 03:30:00,0.37741725439855145
2020-06-29 03:33:00,0.36399958126804677
2020-06-29 03:36:00,0.393408899760459
2020-06-29 03:39:00,0.253782930856687
2020-06-29 03:42:00,0.2895709432478384
2020-06-29 03:45:00,0.34518021100603846
2020-06-29 03:48:00,0.30276789681624905
2020-06-29 03:51:00,0.28138301191819437
2020-06-29 03:54:00,0.33220805417539623
2020-06-29 03:57:00,0.3540182893482893
2020-06-29 04:00:00,0.35157447878214043
2020-06-29 04:03:00,0.3057120148133663
2020-06-29 04:06:00,0.34893515380230156
2020-06-29 04:09:00,0.34547440443321875
2020-06-29 04:12:00,0.3476394252525097
2020-06-29 04:15:00,0.2852610866838745
2020-06-29 04:18:00,0.36061651389081817
2020-06-29 04:21:00,0.37512702702559864
2020-06-29 04:24:00,0.33804710739411803
2020-06-29 04:27:00,0.2968739266170246
2020-06-29 04:30:00,0.3392429158001846
2020-06-29 04:33:00,0.358579763247576
2020-06-29 04:36:00,0.31135392121609584
2020-06-29 04:39:00,0.3400277377612042
2020-06-29 04:42:00,0.3145789134119923
2020-06-29 04:45:00,0.3552940250160077
2020-06-29 04:48:00,0.28893449182061204
2020-06-29 04:51:00,0.3078576857191706
2020-06-29 04:54:00,0.36586067574683057
2020-06-29 04:57:00,0.4526095201732119
2020-06-29 05:00:00,0.4362750477611712
2020-06-29 05:03:00,0.36287580260972163
2020-06-29 05:06:00,0.3458403883075789
2020-06-29 05:09:00,0.37333902087016213
2020-06-29 05:12:00,0.3994147095884273
2020-06-29 05:15:00,0.41487363253514786
2020-06-29 05:18:00,0.395155902029785
2020-06-29 05:21:00,0.31789566779445977
2020-06-29 05:24:00,0.42003267126716537
2020-06-29 05:27:00,0.3819809276516821
2020-06-29 05:30:00,0.2839346985661564
2020-06-29 05:33:00,0.33534783059934625
2020-06-29 05:36:00,0.3461515468480343
2020-06-29 05:39:00,0.2768136745642664
2020-06-29 05:42:00,0.426800534047004
2020-06-29 05:45:00,0.47555648130855843
2020-06-29 05:48:00,0.3942473417420729
2020-06-29 05:51:00,0.4193677395569466
2020-06-29 05:54:00,0.37551006862548775
2020-06-29 05:57:00,0.3608051283878808
2020-06-29 06:00:00,0.3697200695779088
2020-06-29 06:03:00,0.3978281095913303
2020-06-29 06:06:00,0.3892861984869569
2020-06-29 06:09:00,0.4485037205729441
2020-06-29 06:12:00,0.4071613224314774
2020-06-29 06:15:00,0.4336625117590529
2020-06-29 06:18:00,0.375484542494803
2020-06-29 06:21:00,0.4442327650713196
2020-06-29 06:24:00,0.39659465615170575
2020-06-29 06:27:00,0.46633337845639744
2020-06-29 06:30:00,0.36300493740753836
2020-06-29 06:33:00,0.3887308893170598
2020-06-29 06:36:00,0.3865882073482112
2020-06-29 06:39:00,0.4492375424479178
2020-06-29 06:42:00,0.36788606979700944
2020-06-29 06:45:00,0.40203739351505874
2020-06-29 06:48:00,0.4773382038152363
2020-06-29 06:51:00,0.3603945794766332
2020-06-29 06:54:00,0.3667008123771325
2020-06-29 06:57:00,0.37913691961591667
2020-06-29 07:00:00,0.4416703422421051
2020-06-29 07:03:00,0.4650988419366513
2020-06-29 07:06:00,0.549248439226119
2020-06-29 07:09:00,0.45385800032516954
2020-06-29 07:12:00,0.47544864779575846
2020-06-29 07:15:00,0.45099903533917995
2020-06-29 07:18:00,0.4244011195219741
2020-06-29 07:21:00,0.399672406727575
2020-06-29 07:24:00,0.4377289090634804
2020-06-29 07:27:00,0.4631599680384966
2020-06-29 07:30:00,0.4400648704481114
2020-06-29 07:33:00,0.45114340414744447
2020-06-29 07:36:00,0.3155658285604659
2020-06-29 07:39:00,0.47385927110343573
2020-06-29 07:42:00,0.42804078889435004
2020-06-29 07:45:00,0.3776091104009538
2020-06-29 07:48:00,0.4341060797008254
2020-06-29 07:51:00,0.4065324740291203
2020-06-29 07:54:00,0.36615513249290643
2020-06-29 07:57:00,0.393687542864825
2020-06-29 08:00:00,0.37263340550885005
2020-06-29 08:03:00,0.33051388154763117
2020-06-29 08:06:00,0.32060408755944536
2020-06-29 08:09:00,0.23507228527569168
2020-06-29 08:12:00,0.29818677463390486
2020-06-29 08:15:00,0.3210182442195446
2020-06-29 08:18:00,0.33555259184595343
2020-06-29 08:21:00,0.2530095900776814
2020-06-29 08:24:00,0.23704313626905105
2020-06-29 08:27:00,0.251462720028087
2020-06-29 08:30:00,0.2112850198134879
2020-06-29 08:33:00,0.343382815881057
2020-06-29 08:36:00,0.3063332162400343
2020-06-29 08:39:00,0.2824753552761763
2020-06-29 08:42:00,0.1809778396935826
2020-06-29 08:45:00,0.29714489869564886
2020-06-29 08:48:00,0.24594276951819438
2020-06-29 08:51:00,0.16202090843768246
2020-06-29 08:54:00,0.17761878840502732
2020-06-29 08:57:00,0.16734160980968227
2020-06-29 09:00:00,0.18718025690066042
2020-06-29 09:03:00,0.18343362426236354
2020-06-29 09:06:00,0.10838118010775588
2020-06-29 09:09:00,0.09708553567628542
2020-06-29 09:12:00,0.12602111379857206
2020-06-29 09:15:00,0.0956430373661874
2020-06-29 09:18:00,0.15057815861587187
2020-06-29 09:21:00,0.042781348897449334
2020-06-29 09:24:00,0.04267160682348958
2020-06-29 09:27:00,0.002499182524218213
2020-06-29 09:30:00,0.05713276610788398
2020-06-29 09:33:00,0.022653749789469657
2020-06-29 09:36:00,-0.008542250041386978
2020-06-29 09:39:00,-0.08678547398579894
2020-06-29 09:42:00,-0.018000103697090708
2020-06-29 09:45:00,-0.09948573517192472
2020-06-29 09:48:00,-0.10802264134395045
2020-06-29 09:51:00,-0.1152956196135051
2020-06-29 09:54:00,-0.20437631370396048
2020-06-29 09:57:00,-0.22050327947198411
2020-06-29 10:00:00,-0.2307882247168891
2020-06-29 10:03:00,-0.2292060701978471
2020-06-29 10:06:00,-0.149107782652095
2020-06-29 10:09:00,-0.23060418409369277
2020-06-29 10:12:00,-0.3002759943080946
2020-06-29 10:15:00,-0.34767871367438374
2020-06-29 10:18:00,-0.1889620294750216
2020-06-29 10:21:00,-0.3155201118541413
2020-06-29 10:24:00,-0.29792823674750935
2020-06-29 10:27:00,-0.31534386542034554
2020-06-29 10:30:00,-0.28813901822428534
2020-06-29 10:33:00,-0.22756023702709172
2020-06-29 10:36:00,-0.27652896720547915
2020-06-29 10:39:00,-0.28330813885742145
2020-06-29 10:42:00,-0.34468218845961474
2020-06-29 10:45:00,-0.355672242642072
2020-06-29 10:48:00,-0.48078768834085395
2020-06-29 10:51:00,-0.2757104979608016
2020-06-29 10:54:00,-0.2885721749055392
2020-06-29 10:57:00,-0.3931516994593949
2020-06-29 11:00:00,-0.3435995796593829
2020-06-29 11:03:00,-0.32524867455464346
2020-06-29 11:06:00,-0.3175602948321625
2020-06-29 11:09:00,-0.4428344292051065
2020-06-29 11:12:00,-0.4025201731499237
2020-06-29 11:15:00,-0.40167235453003514
2020-06-29 11:18:00,-0.37293626432716565
2020-06-29 11:21:00,-0.3564623954611079
2020-06-29 11:24:00,-0.3456931977714248
2020-06-29 11:27:00,-0.3150023887631619
2020-06-29 11:30:00,-0.3486757448006301
2020-06-29 11:33:00,-0.4397264128000984
2020-06-29 11:36:00,-0.23014450095655548
2020-06-29 11:39:00,-0.3061842229899412
2020-06-29 11:42:00,-0.3064249523096123
2020-06-29 11:45:00,-0.3232171558860273
2020-06-29 11:48:00,-0.28159292869207775
2020-06-29 11:51:00,-0.3384020118175499
2020-06-29 11:54:00,-0.3283921632557849
2020-06-29 11:57:00,-0.447490991867312
2020-06-29 12:00:00,-0.3873643526104047
2020-06-29 12:03:00,-0.42378576156750114
2020-06-29 12:06:00,-0.3495052104545948
2020-06-29 12:09:00,-0.4296541201878199
2020-06-29 12:12:00,-0.46071795450404807
2020-06-29 12:15:00,-0.4315146240389254
2020-06-29 12:18:00,-0.403739244436224
2020-06-29 12:21:00,-0.5168104214796472
2020-06-29 12:24:00,-0.47759740835977027
2020-06-29 12:27:00,-0.38872497868430855
2020-06-29 12:30:00,-0.42722462666938554
2020-06-29 12:33:00,-0.4771876391297383
2020-06-29 12:36:00,-0.46958652069639584
2020-06-29 12:39:00,-0.45048553562503457
2020-06-29 12:42:00,-0.5416278936581307
2020-06-29 12:45:00,-0.46614702732540536
2020-06-29 12:48:00,-0.45978925230559753
2020-06-29 12:51:00,-0.41844364361554653
2020-06-29 12:54:00,-0.49311785802103714
2020-06-29 12:57:00,-0.48174369834873687
2020-06-29 13:00:00,-0.40363038640009563
2020-06-29 13:03:00,-0.4459154652057009
2020-06-29 13:06:00,-0.37913124272091636
2020-06-29 13:09:00,-0.35078970874752713
2020-06-29 13:12:00,-0.4807046943191722
2020-06-29 13:15:00,-0.4766358460623792
2020-06-29 13:18:00,-0.48199454435729194
2020-06-29 13:21:00,-0.4480495939845355
2020-06-29 13:24:00,-0.35309488395967037
2020-06-29 13:27:00,-0.39895344600495264
2020-06-29 13:30:00,-0.40298352412520444
2020-06-29 13:33:00,-0.49600398094338516
2020-06-29 13:36:00,-0.5231818946630256
2020-06-29 13:39:00,-0.3861485933069275
2020-06-29 13:42:00,-0.24061612054202897
2020-06-29 13:45:00,-0.20909498514970437
2020-06-29 13:48:00,-0.3047461390656281
2020-06-29 13:51:00,-0.3624655205576346
2020-06-29 13:54:00,-0.3111662420220114
2020-06-29 13:57:00,-0.31986233774728134
2020-06-29 14:00:00,-0.3185362942625716
2020-06-29 14:03:00,-0.44978556698987404
2020-06-29 14:06:00,-0.4708942121395694
2020-06-29 14:09:00,-0.363950994671427
2020-06-29 14:12:00,-0.4787164466106901
2020-06-29 14:15:00,-0.508127899993724
2020-06-29 14:18:00,-0.4002962528448961
2020-06-29 14:21:00,-0.43353303452443015
2020-06-29 14:24:00,-0.41224047017482235
2020-06-29 14:27:00,-0.32645226898426927
2020-06-29 14:30:00,-0.30222373313836215
2020-06-29 14:33:00,-0.5351151514780668
2020-06-29 14:36:00,-0.48172615785966855
2020-06-29 14:39:00,-0.5412641427747644
2020-06-29 14:42:00,-0.4764402824393983
2020-06-29 14:45:00,-0.346531281748355
2020-06-29 14:48:00,-0.31209479217176295
2020-06-29 14:51:00,-0.3000626813754934
2020-06-29 14:54:00,-0.4006219788018939
2020-06-29 14:57:00,-0.3770667285394893
2020-06-29 15:00:00,-0.34195419355540935
2020-06-29 15:03:00,-0.41957148805119004
2020-06-29 15:06:00,-0.37679987900054357
2020-06-29 15:09:00,-0.38907239043811614
2020-06-29 15:12:00,-0.3929610590124639
2020-06-29 15:15:00,-0.4356701306137438
2020-06-29 15:18:00,-0.5340386670956718
2020-06-29 15:21:00,-0.4757905005783982
2020-06-29 15:24:00,-0.3372907788441353
2020-06-29 15:27:00,-0.09496344194087669
2020-06-29 15:30:00,-0.09650273406316501
2020-06-29 15:33:00,-0.0487296362213101
2020-06-29 15:36:00,-0.08065028761092208
2020-06-29 15:39:00,-0.02384174581351317
2020-06-29 15:42:00,-0.09132075744651047
2020-06-29 15:45:00,-0.24325782154915032
2020-06-29 15:48:00,-0.13572548714245158
2020-06-29 15:51:00,-0.2527676774322458
2020-06-29 15:54:00,-0.20800197760917172
2020-06-29 15:57:00,-0.11401548142515594
2020-06-29 16:00:00,-0.014208489616862607
2020-06-29 16:03:00,-0.1097153143352898
2020-06-29 16:06:00,-0.07242725690326779
2020-06-29 16:09:00,-0.06518295032037713
2020-06-29 16:12:00,0.0035167331168963756
2020-06-29 16:15:00,0.17790745080833403
2020-06-29 16:18:00,0.12626260810145595
2020-06-29 16:21:00,0.09496556135286482
2020-06-29 16:24:00,0.12543169768588314
2020-06-29 16:27:00,0.09271954994534326
2020-06-29 16:30:00,0.18352282385080798
2020-06-29 16:33:00,0.16717611014172462
2020-06-29 16:36:00,0.1572638856357571
2020-06-29 16:39:00,0.15890398658837057
2020-06-29 16:42:00,0.20601510878788076
2020-06-29 16:45:00,0.20909651514023153
2020-06-29 16:48:00,0.3023759369822301
2020-06-29 16:51:00,0.33199739805201034
2020-06-29 16:54:00,0.4035885592545583
2020-06-29 16:57:00,0.5091711410372568
2020-06-29 17:00:00,0.1848729599199146
2020-06-29 17:03:00,0.0609213530043462
2020-06-29 17:06:00,0.09379203418825455
2020-06-29 17:09:00,0.018795629697706318
2020-06-29 17:12:00,-0.0324584896833926
2020-06-29 17:15:00,-0.053724142413386744
2020-06-29 17:18:00,0.002448559259846661
2020-06-29 17:21:00,0.049863697693922404
2020-06-29 17:24:00,0.13788365924301615
2020-06-29 17:27:00,0.15550419033451135
2020-06-29 17:30:00,0.1512436893936524
2020-06-29 17:33:00,0.18243849138036694
2020-06-29 17:36:00,0.1391223123617351
2020-06-29 17:39:00,0.09120940774567998
2020-06-29 17:42:00,0.14787171791482479
2020-06-29 17:45:00,0.19390030536089853
2020-06-29 17:48:00,0.30185482185578394
2020-06-29 17:51:00,0.29728682145980656
2020-06-29 17:54:00,0.3901303721270324
2020-06-29 17:57:00,0.41108038671518443
2020-06-29 18:00:00,0.4187128620288263
2020-06-29 18:03:00,0.16551943131497637
2020-06-29 18:06:00,0.3028858427598493
2020-06-29 18:09:00,0.3546577470011698
2020-06-29 18:12:00,0.3039711252200732
2020-06-29 18:15:00,0.21801600148404532
2020-06-29 18:18:00,0.2669023836709812
2020-06-29 18:21:00,0.12263350741289969
2020-06-29 18:24:00,0.2360681779326228
2020-06-29 18:27:00,0.17904715753280698
2020-06-29 18:30:00,0.12627693620294167
2020-06-29 18:33:00,0.20849321217383476
2020-06-29 18:36:00,0.18593691510017152
2020-06-29 18:39:00,0.1917738834194438
2020-06-29 18:42:00,0.14812782666314206
2020-06-29 18:45:00,0.13689376985269064
2020-06-29 18:48:00,0.12057247078291766
2020-06-29 18:51:00,0.13799278576311735
2020-06-29 18:54:00,
2020-06-29 18:57:00,
2020-06-29 19:00:00,
2020-06-29 19:03:00,0.19900471433453504
2020-06-29 19:06:00,0.19584097281767754
2020-06-29 19:09:00,0.14587548610450085
2020-06-29 19:12:00,0.15541832382115217
2020-06-29 19:15:00,0.14871713333621983
2020-06-29 19:18:00,0.1800030518580229
2020-06-29 19:21:00,0.19963378895073447
2020-06-29 19:24:00,0.2104545223127161
2020-06-29 19:27:00,0.19501513766880407
2020-06-29 19:30:00,0.16541522706279466
2020-06-29 19:33:00,0.1274780579299204
2020-06-29 19:36:00,0.05221527811050919
2020-06-29 19:39:00,0.1555840106474875
2020-06-29 19:42:00,0.040752979512262755
2020-06-29 19:45:00,0.13726742070730324
2020-06-29 19:48:00,0.08540697867357494
2020-06-29 19:51:00,0.20273815136488338
2020-06-29 19:54:00,0.05678875906795611
2020-06-29 19:57:00,0.11583521499983362
2020-06-29 20:00:00,0.2372344072082342
2020-06-29 20:03:00,0.1264763387604262
2020-06-29 20:06:00,0.09019321395908264
2020-06-29 20:09:00,0.06392956056794219
2020-06-29 20:12:00,0.10237836606580686
2020-06-29 20:15:00,0.1951025721857036
2020-06-29 20:18:00,0.07965484520633481
2020-06-29 20:21:00,0.1370192823923162
2020-06-29 20:24:00,0.17447623461885087
2020-06-29 20:27:00,0.08972805171026721
2020-06-29 20:30:00,0.1307087138467864
2020-06-29 20:33:00,-0.008020700180395579
2020-06-29 20:36:00,0.08074758765320666
2020-06-29 20:39:00,0.07638103255976603
2020-06-29 20:42:00,0.12241350653607697
2020-06-29 20:45:00,0.04207234481606292
2020-06-29 20:48:00,0.09055319418712315
2020-06-29 20:51:00,0.16057514394526606
2020-06-29 20:54:00,0.1846152558539984
2020-06-29 20:57:00,0.1576380216286566
2020-06-29 21:00:00,0.17857049551423643
2020-06-29 21:03:00,0.12224954881384065
2020-06-29 21:06:00,0.0588322316290828
2020-06-29 21:09:00,0.03316636971641174
2020-06-29 21:12:00,0.13813542901829123
2020-06-29 21:15:00,0.06833903001688668
2020-06-29 21:18:00,0.152808242927847
2020-06-29 21:21:00,0.257501757833154
2020-06-29 21:24:00,0.14119655421779953
2020-06-29 21:27:00,0.16004824833260045
2020-06-29 21:30:00,0.15053438105184114
2020-06-29 21:33:00,0.17219548258617579
2020-06-29 21:36:00,0.1926070188296194
2020-06-29 21:39:00,0.11763210203611152
2020-06-29 21:42:00,0.11890740124147214
2020-06-29 21:45:00,0.1482430192294828
2020-06-29 21:48:00,0.11176969762760791
2020-06-29 21:51:00,0.1002638662945401
2020-06-29 21:54:00,0.06443812093357337
2020-06-29 21:57:00,0.12020711205155976
2020-06-29 22:00:00,0.12094540138019738
2020-06-29 22:03:00,0.10924654723083904
2020-06-29 22:06:00,0.11506282014158842
2020-06-29 22:09:00,0.1323859408915382
2020-06-29 22:12:00,0.07606491593281817
2020-06-29 22:15:00,0.11209082739742371
2020-06-29 22:18:00,0.17443051804139031
2020-06-29 22:21:00,0.09212685731353076
2020-06-29 22:24:00,0.05115988228322976
2020-06-29 22:27:00,0.08081673321191829
2020-06-29 22:30:00,0.143325189704683
2020-06-29 22:33:00,0.12333997598017277
2020-06-29 22:36:00,0.06004802360808981
2020-06-29 22:39:00,0.14488896328282408
2020-06-29 22:42:00,0.048182080755907464
2020-06-29 22:45:00,0.22471636654398708
2020-06-29 22:48:00,0.14621261036649003
2020-06-29 22:51:00,0.21062695957130018
2020-06-29 22:54:00,0.06867838908203794
2020-06-29 22:57:00,0.11850841097594866
2020-06-29 23:00:00,0.17938069161124304
2020-06-29 23:03:00,0.03639184709248866
2020-06-29 23:06:00,0.11806750854742631
2020-06-29 23:09:00,0.10383862121369702
2020-06-29 23:12:00,0.2369836017251714
2020-06-29 23:15:00,0.199406576935246
2020-06-29 23:18:00,0.17199546640085828
2020-06-29 23:21:00,0.13943086414639083
2020-06-29 23:24:00,0.21062843713383472
2020-06-29 23:27:00,0.1454658464357408
2020-06-29 23:30:00,0.06481170619105114
2020-06-29 23:33:00,0.1959736504613261
2020-06-29 23:36:00,0.1337627673320867
2020-06-29 23:39:00,0.23514683676063441
2020-06-29 23:42:00,0.19209827359856035
2020-06-29 23:45:00,0.21364468404584613
2020-06-29 23:48:00,0.16522766630441765
2020-06-29 23:51:00,0.16417365593110844
2020-06-29 23:54:00,0.16505361659903883
2020-06-29 23:57:00,0.1371373046394524
2020-06-30 00:00:00,0.045291581855394725
2020-06-30 00:03:00,0.12105260805861917
2020-06-30 00:06:00,0.20518891802623784
2020-06-30 00:09:00,0.18612001741155382
2020-06-30 00:12:00,0.23867204168055878
2020-06-30 00:15:00,0.2845468440766581
2020-06-30 00:18:00,0.4985018217768129
2020-06-30 00:21:00,0.5830142460791876
2020-06-30 00:24:00,0.5349234253840223
2020-06-30 00:27:00,0.22458891855092133
2020-06-30 00:30:00,0.31189660254773344
2020-06-30 00:33:00,0.28137230284096404
2020-06-30 00:36:00,0.17076221518681223
2020-06-30 00:39:00,0.1257703674550612
2020-06-30 00:42:00,0.21582332773533608
2020-06-30 00:45:00,0.18575196092132273
2020-06-30 00:48:00,0.1560881103931706
2020-06-30 00:51:00,0.18599188061278937
2020-06-30 00:54:00,0.16530619937373103
2020-06-30 00:57:00,0.18116209228890057
2020-06-30 01:00:00,0.22132080889821282
2020-06-30 01:03:00,0.1868591425505315
2020-06-30 01:06:00,0.18636252315837964
2020-06-30 01:09:00,0.20091818216906177
2020-06-30 01:12:00,0.16878123733960138
2020-06-30 01:15:00,0.08119350931571034
2020-06-30 01:18:00,0.16046768196270023
2020-06-30 01:21:00,0.24528635144361033
2020-06-30 01:24:00,0.17719042252076633
2020-06-30 01:27:00,0.2003670993559581
2020-06-30 01:30:00,0.18745826859810677
2020-06-30 01:33:00,0.16506577902566733
2020-06-30 01:36:00,0.20483287674619532
2020-06-30 01:39:00,0.1603475895552151
2020-06-30 01:42:00,0.14722067332940014
2020-06-30 01:45:00,0.12959299165908078
2020-06-30 01:48:00,0.1642989369063912
2020-06-30 01:51:00,0.16491001063667454
2020-06-30 01:54:00,0.17791115663436585
2020-06-30 01:57:00,0.15134121816367951
2020-06-30 02:00:00,0.14202847405772445
2020-06-30 02:03:00,0.11578070913560623
2020-06-30 02:06:00,0.21910920750207197
2020-06-30 02:09:00,0.11936848602982764
2020-06-30 02:12:00,0.10880729101432962
2020-06-30 02:15:00,0.20227584825522626
2020-06-30 02:18:00,0.19238133762479492
2020-06-30 02:21:00,0.14552347362570117
2020-06-30 02:24:00,0.11417731701271805
2020-06-30 02:27:00,0.16629183507944845
2020-06-30 02:30:00,0.1461440414599906
2020-06-30 02:33:00,0.15738589391247615
2020-06-30 02:36:00,0.17130208173858819
2020-06-30 02:39:00,0.17234104975131004
2020-06-30 02:42:00,0.16859461894097194
2020-06-30 02:45:00,0.16877264091249344
2020-06-30 02:48:00,0.1617987587018206
2020-06-30 02:51:00,0.10758505287606113
2020-06-30 02:54:00,0.2884567819556878
2020-06-30 02:57:00,0.16195362462718776
2020-06-30 03:00:00,0.17660877280775367
2020-06-30 03:03:00,0.14464404544406761
2020-06-30 03:06:00,0.16066366881909744
2020-06-30 03:09:00,0.22614493342246078
2020-06-30 03:12:00,0.24224292310930196
2020-06-30 03:15:00,0.2414806607968103
2020-06-30 03:18:00,0.2509884900463817
2020-06-30 03:21:00,0.21041121238732785
2020-06-30 03:24:00,0.291368646979663
2020-06-30 03:27:00,0.2319024231260869
2020-06-30 03:30:00,0.2050900154688975
2020-06-30 03:33:00,0.20538593102821778
2020-06-30 03:36:00,0.3373299939669323
2020-06-30 03:39:00,0.17295509974110246
2020-06-30 03:42:00,0.33758522861262463
2020-06-30 03:45:00,0.09455527762958127
2020-06-30 03:48:00,0.14608966776455645
2020-06-30 03:51:00,0.11670424963864434
2020-06-30 03:54:00,0.16252286304995778
2020-06-30 03:57:00,0.2161975446092015
2020-06-30 04:00:00,0.21300020431715438
2020-06-30 04:03:00,0.17219232312334043
2020-06-30 04:06:00,0.2127324045137584
2020-06-30 04:09:00,0.23507913154020343
2020-06-30 04:12:00,0.27121024994050913
2020-06-30 04:15:00,0.2845877449991008
2020-06-30 04:18:00,0.14270856178217173
2020-06-30 04:21:00,0.26655463070250107
2020-06-30 04:24:00,0.12906234765722502
2020-06-30 04:27:00,0.17457108646897268
2020-06-30 04:30:00,0.2905569463587767
2020-06-30 04:33:00,0.14993106223641917
2020-06-30 04:36:00,0.13482925427064174
2020-06-30 04:39:00,0.2472317019315824
2020-06-30 04:42:00,0.12838379167942549
2020-06-30 04:45:00,0.24380149145429186
2020-06-30 04:48:00,0.2639027082416874
2020-06-30 04:51:00,0.2011926540648119
2020-06-30 04:54:00,0.26211500391030995
2020-06-30 04:57:00,0.24895139087459484
2020-06-30 05:00:00,0.2819981379753358
2020-06-30 05:03:00,0.38282824880064936
2020-06-30 05:06:00,0.3763031155065164
2020-06-30 05:09:00,0.2943329425762613
2020-06-30 05:12:00,0.3009910146593029
2020-06-30 05:15:00,0.1754603967376056
2020-06-30 05:18:00,0.29036989413174297
2020-06-30 05:21:00,0.2790653166894117
2020-06-30 05:24:00,0.24640999080281745
2020-06-30 05:27:00,0.23976354173623804
2020-06-30 05:30:00,0.2879312533291909
2020-06-30 05:33:00,0.1947604264940992
2020-06-30 05:36:00,0.2864172651616741
2020-06-30 05:39:00,0.30072483784607584
2020-06-30 05:42:00,0.2015613968541743
2020-06-30 05:45:00,0.2986217448175239
2020-06-30 05:48:00,0.26864725093525976
2020-06-30 05:51:00,0.319146134427001
2020-06-30 05:54:00,0.14880372172007128
2020-06-30 05:57:00,0.20638407929465075
2020-06-30 06:00:00,0.18805700510762335
2020-06-30 06:03:00,0.23279159550747863
2020-06-30 06:06:00,0.22783042505869844
2020-06-30 06:09:00,0.33252830991534665
2020-06-30 06:12:00,0.303509721283433
2020-06-30 06:15:00,0.27597782094653667
2020-06-30 06:18:00,0.23608171433113512
2020-06-30 06:21:00,0.2932019920972948
2020-06-30 06:24:00,0.19556521717277064
2020-06-30 06:27:00,0.23290932301154044
2020-06-30 06:30:00,0.28821048787693826
2020-06-30 06:33:00,0.19694453293715242
2020-06-30 06:36:00,0.14952107965893902
2020-06-30 06:39:00,0.153182894278018
2020-06-30 06:42:00,0.14069176192634814
2020-06-30 06:45:00,0.2612740026015672
2020-06-30 06:48:00,0.20536067946562753
2020-06-30 06:51:00,0.18524007969386957
2020-06-30 06:54:00,0.2572519034403058
2020-06-30 06:57:00,0.19861342063484244
2020-06-30 07:00:00,0.17573095833773777
2020-06-30 07:03:00,0.1841158885492291
2020-06-30 07:06:00,0.19967877636526055
2020-06-30 07:09:00,0.15812224009039255
2020-06-30 07:12:00,0.16429431548294815
2020-06-30 07:15:00,0.24043955019675423
2020-06-30 07:18:00,0.24408547951344417
2020-06-30 07:21:00,0.27302283275059835
2020-06-30 07:24:00,0.1587092713078846
2020-06-30 07:27:00,0.26845263629468263
2020-06-30 07:30:00,0.2552899674294622
2020-06-30 07:33:00,0.23094649196002592
2020-06-30 07:36:00,0.22041377578841548
2020-06-30 07:39:00,0.22898034464310513
2020-06-30 07:42:00,0.2324697543015759
2020-06-30 07:45:00,0.2560611458554831
2020-06-30 07:48:00,0.16746305585570553
2020-06-30 07:51:00,0.2601222797096625
2020-06-30 07:54:00,0.16071323166517004
2020-06-30 07:57:00,0.11908286162389459
2020-06-30 08:00:00,0.07890842968498646
2020-06-30 08:03:00,0.16047099404710252
2020-06-30 08:06:00,0.07394670199477105
2020-06-30 08:09:00,0.053887872184418484
2020-06-30 08:12:00,0.13650070655143054
2020-06-30 08:15:00,0.0968786100972352
2020-06-30 08:18:00,0.16143596341896682
2020-06-30 08:21:00,0.20381079001617763
2020-06-30 08:24:00,0.16240683210253337
2020-06-30 08:27:00,0.15970341863106796
2020-06-30 08:30:00,0.1753632610788145
2020-06-30 08:33:00,0.07219982360010135
2020-06-30 08:36:00,0.1410011862037095
2020-06-30 08:39:00,0.057777416109843216
2020-06-30 08:42:00,0.1748469288355068
2020-06-30 08:45:00,0.07556066789391025
2020-06-30 08:48:00,0.12392310858012934
2020-06-30 08:51:00,0.14599295855089167
2020-06-30 08:54:00,0.04882464280518661
2020-06-30 08:57:00,0.03974180533202798
2020-06-30 09:00:00,0.11353434469612012
2020-06-30 09:03:00,0.041886694159359195
2020-06-30 09:06:00,0.06077577119202715
2020-06-30 09:09:00,0.047295975634028764
2020-06-30 09:12:00,0.038369561590457124
2020-06-30 09:15:00,0.017796954260404618
2020-06-30 09:18:00,0.07314999278617051
2020-06-30 09:21:00,-0.014503883788165695
2020-06-30 09:24:00,-0.05388565052311378
2020-06-30 09:27:00,-0.11334687760279394
2020-06-30 09:30:00,-0.012490362086111872
2020-06-30 09:33:00,-0.13477773568871498
2020-06-30 09:36:00,-0.07785274738745329
2020-06-30 09:39:00,-0.04874715856982448
2020-06-30 09:42:00,-0.10890815339536175
2020-06-30 09:45:00,-0.026505919476903728
2020-06-30 09:48:00,-0.1362583944145399
2020-06-30 09:51:00,-0.14741649641808863
2020-06-30 09:54:00,-0.09744435609201219
2020-06-30 09:57:00,-0.13562206146821154
2020-06-30 10:00:00,-0.14134675545972186
2020-06-30 10:03:00,-0.12392930945031821
2020-06-30 10:06:00,-0.1002256584757788
2020-06-30 10:09:00,-0.08302579688034939
2020-06-30 10:12:00,-0.13915794134652515
2020-06-30 10:15:00,-0.16657113970603632
2020-06-30 10:18:00,-0.12051935490990218
2020-06-30 10:21:00,-0.19000022466650535
2020-06-30 10:24:00,-0.08287819951351594
2020-06-30 10:27:00,-0.23691912617175603
2020-06-30 10:30:00,-0.2035145790997035
2020-06-30 10:33:00,-0.11987520832650489
2020-06-30 10:36:00,-0.14624375285711722
2020-06-30 10:39:00,-0.1793103722396836
2020-06-30 10:42:00,-0.21464596526590185
2020-06-30 10:45:00,-0.22541494934637285
2020-06-30 10:48:00,-0.22184691663363765
2020-06-30 10:51:00,-0.12377848804595715
2020-06-30 10:54:00,-0.22985877297708157
2020-06-30 10:57:00,-0.195708693997517
2020-06-30 11:00:00,-0.11024223600679761
2020-06-30 11:03:00,-0.1861745290439103
2020-06-30 11:06:00,-0.07061757516538592
2020-06-30 11:09:00,-0.0811222762930015
2020-06-30 11:12:00,-0.17687547254064384
2020-06-30 11:15:00,-0.2473701585269623
2020-06-30 11:18:00,-0.21895987456315424
2020-06-30 11:21:00,-0.19849121278099346
2020-06-30 11:24:00,-0.19417854854748384
2020-06-30 11:27:00,-0.20687426430129108
2020-06-30 11:30:00,-0.10650077935565605
2020-06-30 11:33:00,-0.16157712516491074
2020-06-30 11:36:00,-0.23497783549828455
2020-06-30 11:39:00,-0.31314213173720873
2020-06-30 11:42:00,-0.2682036062814177
2020-06-30 11:45:00,-0.31870436087518783
2020-06-30 11:48:00,-0.24677600729540927
2020-06-30 11:51:00,-0.3240766294989612
2020-06-30 11:54:00,-0.42677184385314604
2020-06-30 11:57:00,-0.26254575564291827
2020-06-30 12:00:00,-0.26243461919165156
2020-06-30 12:03:00,-0.28880007517443573
2020-06-30 12:06:00,-0.18770442331560844
2020-06-30 12:09:00,-0.20559277520504793
2020-06-30 12:12:00,-0.16587487960322278
2020-06-30 12:15:00,-0.25799245362628653
2020-06-30 12:18:00,-0.1291666141990504
2020-06-30 12:21:00,-0.3394497517900277
2020-06-30 12:24:00,-0.3058621002869586
2020-06-30 12:27:00,-0.3319869663941972
2020-06-30 12:30:00,-0.22787676405994262
2020-06-30 12:33:00,-0.14774777267609807
2020-06-30 12:36:00,-0.1442012611568657
2020-06-30 12:39:00,-0.1782172996350937
2020-06-30 12:42:00,-0.20768059061208533
2020-06-30 12:45:00,-0.3722994178235126
2020-06-30 12:48:00,-0.34714959017645697
2020-06-30 12:51:00,-0.3451699688733356
2020-06-30 12:54:00,-0.35613854945233925
2020-06-30 12:57:00,-0.4018037593707504
2020-06-30 13:00:00,-0.2894378459358222
2020-06-30 13:03:00,-0.28465893823278066
2020-06-30 13:06:00,-0.3241160363457425
2020-06-30 13:09:00,-0.29177776831443225
2020-06-30 13:12:00,-0.26984583342425594
2020-06-30 13:15:00,-0.3026757516067846
2020-06-30 13:18:00,-0.20498956021179993
2020-06-30 13:21:00,-0.22608483832374304
2020-06-30 13:24:00,-0.26523756941446663
2020-06-30 13:27:00,-0.11007111396287428
2020-06-30 13:30:00,-0.10567282441223824
2020-06-30 13:33:00,0.040714309089651124
2020-06-30 13:36:00,-0.09852610158174002
2020-06-30 13:39:00,-0.1958291186932115
2020-06-30 13:42:00,-0.08899010454530298
2020-06-30 13:45:00,-0.2361613611373059
2020-06-30 13:48:00,0.11261932674779018
2020-06-30 13:51:00,0.16364502534020176
2020-06-30 13:54:00,0.32216409414661484
2020-06-30 13:57:00,0.2186532580242897
2020-06-30 14:00:00,-0.11651541140656718
2020-06-30 14:03:00,-0.21720699048745473
2020-06-30 14:06:00,-0.23052926724369627
2020-06-30 14:09:00,-0.28490024887696563
2020-06-30 14:12:00,-0.291939730559136
2020-06-30 14:15:00,-0.25953637758181003
2020-06-30 14:18:00,-0.2599263795008824
2020-06-30 14:21:00,-0.18850026476695803
2020-06-30 14:24:00,-0.08833657958945196
2020-06-30 14:27:00,-0.03972631331834009
2020-06-30 14:30:00,-0.06303447926251238
2020-06-30 14:33:00,0.04814129222319252
2020-06-30 14:36:00,0.11240005687449184
2020-06-30 14:39:00,0.21756074428117245
2020-06-30 14:42:00,-0.10822288109892497
2020-06-30 14:45:00,-0.12820196548284457
2020-06-30 14:48:00,-0.2388945839685448
2020-06-30 14:51:00,-0.2221967551432158
2020-06-30 14:54:00,-0.23944769563183854
2020-06-30 14:57:00,-0.18841660518165781
2020-06-30 15:00:00,-0.23963215101059632
2020-06-30 15:03:00,-0.2867078250368422
2020-06-30 15:06:00,-0.2726828094532152
2020-06-30 15:09:00,-0.14078576849948377
2020-06-30 15:12:00,-0.19252464960362659
2020-06-30 15:15:00,-0.17670795758482427
2020-06-30 15:18:00,-0.2985273632733083
2020-06-30 15:21:00,-0.1615879325178753
2020-06-30 15:24:00,-0.23848465388880413
2020-06-30 15:27:00,-0.1456796750602507
2020-06-30 15:30:00,-0.22818573215897686
2020-06-30 15:33:00,-0.2370436331956398
2020-06-30 15:36:00,-0.3075857285006123
2020-06-30 15:39:00,-0.2649883958232522
2020-06-30 15:42:00,-0.3334546833968375
2020-06-30 15:45:00,-0.23615826403312212
2020-06-30 15:48:00,-0.34340823438043344
2020-06-30 15:51:00,-0.1896436598268565
2020-06-30 15:54:00,-0.25677346568573967
2020-06-30 15:57:00,-0.12840209051972806
2020-06-30 16:00:00,-0.10312131441662586
2020-06-30 16:03:00,-0.13484544300092693
2020-06-30 16:06:00,-0.2282372364746834
2020-06-30 16:09:00,-0.18037366525584275
2020-06-30 16:12:00,-0.20492259597313023
2020-06-30 16:15:00,-0.21697199559082492
2020-06-30 16:18:00,-0.15568002030016714
2020-06-30 16:21:00,-0.24100543284129117
2020-06-30 16:24:00,-0.18290804686432693
2020-06-30 16:27:00,-0.21097794084164434
2020-06-30 16:30:00,-0.17682524540589384
2020-06-30 16:33:00,-0.14292754680701591
2020-06-30 16:36:00,-0.2103636842873584
2020-06-30 16:39:00,-0.14887325654876804
2020-06-30 16:42:00,-0.024160481108310705
2020-06-30 16:45:00,-0.14026868885770227
2020-06-30 16:48:00,0.10640901020548199
2020-06-30 16:51:00,0.35885968734578455
2020-06-30 16:54:00,0.29165606529744537
2020-06-30 16:57:00,-0.02927406539470212
2020-06-30 17:00:00,-0.09045512047384818
2020-06-30 17:03:00,-0.06388731723671981
2020-06-30 17:06:00,-0.018278747234489856
2020-06-30 17:09:00,-0.07768780190190228
2020-06-30 17:12:00,-0.02965982690858482
2020-06-30 17:15:00,0.008146160511842027
2020-06-30 17:18:00,-0.10965398573631546
2020-06-30 17:21:00,0.06700279140625298
2020-06-30 17:24:00,0.0546541485575176
2020-06-30 17:27:00,-0.08481060541055285
2020-06-30 17:30:00,-0.04751449355069326
2020-06-30 17:33:00,0.06453321325960815
2020-06-30 17:36:00,0.027681089971054007
2020-06-30 17:39:00,-0.05898848068522966
2020-06-30 17:42:00,-0.06776870243561461
2020-06-30 17:45:00,-0.07461879098190138
2020-06-30 17:48:00,-0.04244216326770811
2020-06-30 17:51:00,0.00957968829368383
2020-06-30 17:54:00,-0.034802296235682206
2020-06-30 17:57:00,-0.1035360879919267
2020-06-30 18:00:00,0.03989423502770251
2020-06-30 18:03:00,0.005167061192082656
2020-06-30 18:06:00,-0.03173146690187423
2020-06-30 18:09:00,-0.04075074941601997
2020-06-30 18:12:00,-0.10129967620781599
2020-06-30 18:15:00,-0.11836200433810973
2020-06-30 18:18:00,-0.0801110015970039
2020-06-30 18:21:00,0.017779996385911545
2020-06-30 18:24:00,0.023403819969132655
2020-06-30 18:27:00,-0.09944510238062776
2020-06-30 18:30:00,-0.08001535067813847
2020-06-30 18:33:00,-0.04232601686572934
2020-06-30 18:36:00,-0.005015759348680149
2020-06-30 18:39:00,-0.0901941547171532
2020-06-30 18:42:00,-0.09012756798739474
2020-06-30 18:45:00,-0.04493327116438195
2020-06-30 18:48:00,-0.057536481589977484
2020-06-30 18:51:00,-0.05287665525548846
2020-06-30 18:54:00,
2020-06-30 18:57:00,
2020-06-30 19:00:00,
2020-06-30 19:03:00,-0.020458515482630446
2020-06-30 19:06:00,-0.07471223033252272
2020-06-30 19:09:00,-0.06609331352109393
2020-06-30 19:12:00,-0.06867577448605289
2020-06-30 19:15:00,-0.028281810885061986
2020-06-30 19:18:00,-0.019695048737730758
2020-06-30 19:21:00,0.0011495782508745833
2020-06-30 19:24:00,0.025031145669913712
2020-06-30 19:27:00,0.020577410035514276
2020-06-30 19:30:00,0.05682828379963212
2020-06-30 19:33:00,-0.05555579936293498
2020-06-30 19:36:00,0.008167531814535778
2020-06-30 19:39:00,-0.0013186233165356498
2020-06-30 19:42:00,-0.027309471804016994
2020-06-30 19:45:00,-0.025706554668204262
2020-06-30 19:48:00,0.13351847463246713
2020-06-30 19:51:00,0.056024340205169665
2020-06-30 19:54:00,0.05521218011989504
2020-06-30 19:57:00,0.042947419763663675
2020-06-30 20:00:00,0.09248735242545081
2020-06-30 20:03:00,0.06546933322914583
2020-06-30 20:06:00,0.05389687696759893
2020-06-30 20:09:00,0.13421035613589538
2020-06-30 20:12:00,0.05794884742920203
2020-06-30 20:15:00,0.019584063392528606
2020-06-30 20:18:00,0.13605910164426405
2020-06-30 20:21:00,0.03261401720675394
2020-06-30 20:24:00,0.045399902630549605
2020-06-30 20:27:00,0.07278688259413002
2020-06-30 20:30:00,-0.0015642316529351774
2020-06-30 20:33:00,-0.052816533603277094
2020-06-30 20:36:00,0.03116662929278391
2020-06-30 20:39:00,0.06192826409733243
2020-06-30 20:42:00,0.09307686364513756
2020-06-30 20:45:00,0.007719227963434605
2020-06-30 20:48:00,0.07685154558288332
2020-06-30 20:51:00,0.03792627164636997
2020-06-30 20:54:00,0.13165166222745484
2020-06-30 20:57:00,0.11807552348068384
2020-06-30 21:00:00,0.06707309155535768
2020-06-30 21:03:00,-0.003213846114476837
2020-06-30 21:06:00,0.1650417410375553
2020-06-30 21:09:00,0.12999636639477785
2020-06-30 21:12:00,0.02919154707257121
2020-06-30 21:15:00,0.05872535893337272
2020-06-30 21:18:00,0.09824428717922729
2020-06-30 21:21:00,0.05834946263973961
2020-06-30 21:24:00,0.1588550783504843
2020-06-30 21:27:00,0.0464831882156318
2020-06-30 21:30:00,0.023524527506538107
2020-06-30 21:33:00,0.04763232009975127
2020-06-30 21:36:00,0.12314796852444942
2020-06-30 21:39:00,0.15430021069539634
2020-06-30 21:42:00,0.24588281283797642
2020-06-30 21:45:00,0.11946232477373542
2020-06-30 21:48:00,0.14161408085203675
2020-06-30 21:51:00,0.09967624753511473
2020-06-30 21:54:00,0.11383421885739153
2020-06-30 21:57:00,-0.005220545186602976
2020-06-30 22:00:00,0.16444075483343568
2020-06-30 22:03:00,0.0842955114754318
2020-06-30 22:06:00,0.2238387470817429
2020-06-30 22:09:00,0.13221398613507063
2020-06-30 22:12:00,0.14096840346280715
2020-06-30 22:15:00,0.03569204859371666
2020-06-30 22:18:00,0.06856426700147722
2020-06-30 22:21:00,0.15363719497014472
2020-06-30 22:24:00,0.09582797057271364
2020-06-30 22:27:00,0.20661419496951794
2020-06-30 22:30:00,0.08784232940644188
2020-06-30 22:33:00,0.0955654614141963
2020-06-30 22:36:00,0.12346242905357485
2020-06-30 22:39:00,0.07850472838993028
2020-06-30 22:42:00,0.182215750333512
2020-06-30 22:45:00,0.12585468733897187
2020-06-30 22:48:00,0.12659736569827373
2020-06-30 22:51:00,0.12642969594770648
2020-06-30 22:54:00,0.18061082870019618
2020-06-30 22:57:00,0.17862250476838426
2020-06-30 23:00:00,0.22357173029689648
2020-06-30 23:03:00,0.12025383894848574
2020-06-30 23:06:00,0.07108286430639055
2020-06-30 23:09:00,0.14315978128558982
2020-06-30 23:12:00,-0.01589658240288827
2020-06-30 23:15:00,0.014647293155746866
2020-06-30 23:18:00,0.10083090916231185
2020-06-30 23:21:00,0.18143697661747638
2020-06-30 23:24:00,0.07517080839232904
2020-06-30 23:27:00,0.10178961917927154
2020-06-30 23:30:00,0.07850840123023772
2020-06-30 23:33:00,0.07526257318818352
2020-06-30 23:36:00,0.19063295578587258
2020-06-30 23:39:00,0.17249799328806148
2020-06-30 23:42:00,0.15264327842652392
2020-06-30 23:45:00,0.15854612000435964
2020-06-30 23:48:00,0.18639654959815743
2020-06-30 23:51:00,0.10175209496662774
2020-06-30 23:54:00,0.1144830267230077
2020-06-30 23:57:00,0.03849505335080039
2020-07-01 00:00:00,0.06262088145831513
2020-07-01 00:03:00,0.13836279373742855
2020-07-01 00:06:00,0.1290035348754941
2020-07-01 00:09:00,0.1689621427676684
2020-07-01 00:12:00,0.09071161587706911
2020-07-01 00:15:00,0.1448875987389897
2020-07-01 00:18:00,0.18300469394529273
2020-07-01 00:21:00,0.07299592250927844
2020-07-01 00:24:00,0.16468069526177942
2020-07-01 00:27:00,0.0871849829279654
2020-07-01 00:30:00,0.10153023919843918
2020-07-01 00:33:00,0.16194929862354002
2020-07-01 00:36:00,0.12351174712478041
2020-07-01 00:39:00,0.1589380887260745
2020-07-01 00:42:00,0.12886121625547275
2020-07-01 00:45:00,0.16036593935848487
2020-07-01 00:48:00,0.07456284740004548
2020-07-01 00:51:00,0.06934892907952417
2020-07-01 00:54:00,0.13798315265063366
2020-07-01 00:57:00,0.14599669940139393
2020-07-01 01:00:00,0.17287463106771384
2020-07-01 01:03:00,0.13973951004129503
2020-07-01 01:06:00,0.19863390874076003
2020-07-01 01:09:00,0.13442313156042474
2020-07-01 01:12:00,0.17656520597586223
2020-07-01 01:15:00,0.01593574743270665
2020-07-01 01:18:00,0.11562399985604088
2020-07-01 01:21:00,0.14817195517241544
2020-07-01 01:24:00,0.15029165916541842
2020-07-01 01:27:00,0.05597434676388957
2020-07-01 01:30:00,0.09911919739835184
2020-07-01 01:33:00,0.06440470050409886
2020-07-01 01:36:00,0.15459643116878397
2020-07-01 01:39:00,0.12564876740839281
2020-07-01 01:42:00,0.1898963537348095
2020-07-01 01:45:00,0.19709270014067215
2020-07-01 01:48:00,0.15745212616724302
2020-07-01 01:51:00,0.15276785206287968
2020-07-01 01:54:00,0.15522587310687186
2020-07-01 01:57:00,0.2561561034420947
2020-07-01 02:00:00,0.16049569321211266
2020-07-01 02:03:00,0.3206984177909362
2020-07-01 02:06:00,0.1818865150295892
2020-07-01 02:09:00,0.2070721579022461
2020-07-01 02:12:00,0.1779101187288461
2020-07-01 02:15:00,0.20522731259217153
2020-07-01 02:18:00,0.1511583415244786
2020-07-01 02:21:00,0.09554351878807665
2020-07-01 02:24:00,0.12566541033385192
2020-07-01 02:27:00,0.03387377103052813
2020-07-01 02:30:00,0.10392519015459811
2020-07-01 02:33:00,0.14119969520083941
2020-07-01 02:36:00,0.06807743383899378
2020-07-01 02:39:00,0.1025996890781471
2020-07-01 02:42:00,0.16722702117999688
2020-07-01 02:45:00,0.1431200986036174
2020-07-01 02:48:00,0.17875535175130608
2020-07-01 02:51:00,0.1214810546850913
2020-07-01 02:54:00,0.16223789026844315
2020-07-01 02:57:00,0.17659676947732805
2020-07-01 03:00:00,0.19363003579252336
2020-07-01 03:03:00,0.14389326940397495
2020-07-01 03:06:00,0.15347136701325326
2020-07-01 03:09:00,0.08198567554319425
2020-07-01 03:12:00,0.1100335850340457
2020-07-01 03:15:00,0.06437120036122224
2020-07-01 03:18:00,0.08410699719024706
2020-07-01 03:21:00,0.208394362978936
2020-07-01 03:24:00,0.11723489118656971
2020-07-01 03:27:00,0.18496409603983466
2020-07-01 03:30:00,0.23368534422809262
2020-07-01 03:33:00,0.2158270803548703
2020-07-01 03:36:00,0.24042131177424153
2020-07-01 03:39:00,0.272496326877274
2020-07-01 03:42:00,0.25955890527853853
2020-07-01 03:45:00,0.49383602176163777
2020-07-01 03:48:00,0.4869462164851939
2020-07-01 03:51:00,0.5794683099129543
2020-07-01 03:54:00,0.6321980494213335
2020-07-01 03:57:00,0.47642088783561576
2020-07-01 04:00:00,0.32415426228715205
2020-07-01 04:03:00,0.4778693257142663
2020-07-01 04:06:00,0.4533452932291766
2020-07-01 04:09:00,0.5132311652124031
2020-07-01 04:12:00,0.4465831778326219
2020-07-01 04:15:00,0.3577541754963818
2020-07-01 04:18:00,0.38363230176520347
2020-07-01 04:21:00,0.32750662666421704
2020-07-01 04:24:00,0.3027997665774933
2020-07-01 04:27:00,0.31078191248229814
2020-07-01 04:30:00,0.4972940766766101
2020-07-01 04:33:00,0.56407667239597
2020-07-01 04:36:00,0.4766692987483907
2020-07-01 04:39:00,0.5046231981485221
2020-07-01 04:42:00,0.4398104977494768
2020-07-01 04:45:00,0.5410318824632441
2020-07-01 04:48:00,0.4616092016985931
2020-07-01 04:51:00,0.5751355185549869
2020-07-01 04:54:00,0.45905439511221857
2020-07-01 04:57:00,0.41387977382129293
2020-07-01 05:00:00,0.4271886730831511
2020-07-01 05:03:00,0.5014203038641085
2020-07-01 05:06:00,0.4898656056267896
2020-07-01 05:09:00,0.4613161860357309
2020-07-01 05:12:00,0.45014267223643856
2020-07-01 05:15:00,0.47414000600548434
2020-07-01 05:18:00,0.47107522563442217
2020-07-01 05:21:00,0.46819945803707697
2020-07-01 05:24:00,0.5282738543321557
2020-07-01 05:27:00,0.4052802872686243
2020-07-01 05:30:00,0.42921403080714526
2020-07-01 05:33:00,0.39193271626510295
2020-07-01 05:36:00,0.4024350758704145
2020-07-01 05:39:00,0.42111597925514843
2020-07-01 05:42:00,0.415073594515718
2020-07-01 05:45:00,0.5072012248170381
2020-07-01 05:48:00,0.43116860890989983
2020-07-01 05:51:00,0.4215483668535285
2020-07-01 05:54:00,0.512913770557077
2020-07-01 05:57:00,0.34140191762821814
2020-07-01 06:00:00,0.3505305340796099
2020-07-01 06:03:00,0.46765843022240006
2020-07-01 06:06:00,0.5067532532303289
2020-07-01 06:09:00,0.475524455816128
2020-07-01 06:12:00,0.3470364796637
2020-07-01 06:15:00,0.37425325732243664
2020-07-01 06:18:00,0.3334897642815804
2020-07-01 06:21:00,0.5622855606210919
2020-07-01 06:24:00,0.5002406700343158
2020-07-01 06:27:00,0.5144100024120348
2020-07-01 06:30:00,0.33314828053136125
2020-07-01 06:33:00,0.4234204486836006
2020-07-01 06:36:00,0.49509660751994033
2020-07-01 06:39:00,0.5471838923659789
2020-07-01 06:42:00,0.43371768738404626
2020-07-01 06:45:00,0.4848748822157063
2020-07-01 06:48:00,0.4947960308551842
2020-07-01 06:51:00,0.3546660452092283
2020-07-01 06:54:00,0.4773320109694623
2020-07-01 06:57:00,0.45023724124752107
2020-07-01 07:00:00,0.4942361291678026
2020-07-01 07:03:00,0.46268949648748503
2020-07-01 07:06:00,0.3763921723764838
2020-07-01 07:09:00,0.4401027803600641
2020-07-01 07:12:00,0.37836716919230184
2020-07-01 07:15:00,0.45305363846796354
2020-07-01 07:18:00,0.33863796308833116
2020-07-01 07:21:00,0.4732492368539738
2020-07-01 07:24:00,0.45142346319761373
2020-07-01 07:27:00,0.45550432580745337
2020-07-01 07:30:00,0.4172660444118037
2020-07-01 07:33:00,0.47400588340161676
2020-07-01 07:36:00,0.41243877476841817
2020-07-01 07:39:00,0.39748032138732015
2020-07-01 07:42:00,0.35163119280855426
2020-07-01 07:45:00,0.49829430868356894
2020-07-01 07:48:00,0.39006689558118524
2020-07-01 07:51:00,0.36477206536545737
2020-07-01 07:54:00,0.47485081823640485
2020-07-01 07:57:00,0.4534375887352553
2020-07-01 08:00:00,0.4204738478542822
2020-07-01 08:03:00,0.4330697130993144
2020-07-01 08:06:00,0.4410034662167277
2020-07-01 08:09:00,0.33476458186629543
2020-07-01 08:12:00,0.371421678511183
2020-07-01 08:15:00,0.3759158548583059
2020-07-01 08:18:00,0.32258120147577074
2020-07-01 08:21:00,0.287892322973164
2020-07-01 08:24:00,0.3783807487918125
2020-07-01 08:27:00,0.3016530822384311
2020-07-01 08:30:00,0.4114423353733514
2020-07-01 08:33:00,0.30953146954692556
2020-07-01 08:36:00,0.3390318292164807
2020-07-01 08:39:00,0.33433610008074766
2020-07-01 08:42:00,0.2885203692610503
2020-07-01 08:45:00,0.3345224234609532
2020-07-01 08:48:00,0.3968311020609008
2020-07-01 08:51:00,0.32101024183754134
2020-07-01 08:54:00,0.28388401160958665
2020-07-01 08:57:00,0.24512771879682305
2020-07-01 09:00:00,0.31142258447152926
2020-07-01 09:03:00,0.17594152731555823
2020-07-01 09:06:00,0.3472487389014418
2020-07-01 09:09:00,0.17713064313539917
2020-07-01 09:12:00,0.3032974862893525
2020-07-01 09:15:00,0.2254798268728564
2020-07-01 09:18:00,0.2595797221393923
2020-07-01 09:21:00,0.17419956198824593
2020-07-01 09:24:00,0.3267628897060604
2020-07-01 09:27:00,0.1801026253529585
2020-07-01 09:30:00,0.1825781592345379
2020-07-01 09:33:00,0.1222565976969463
2020-07-01 09:36:00,0.2094911594676887
2020-07-01 09:39:00,0.13221947804731826
2020-07-01 09:42:00,0.08752059826940695
2020-07-01 09:45:00,0.06987232665551346
2020-07-01 09:48:00,0.15777131942741107
2020-07-01 09:51:00,0.15549585955847078
2020-07-01 09:54:00,0.09305489303375225
2020-07-01 09:57:00,0.1887789715844974
2020-07-01 10:00:00,0.2321346459718825
2020-07-01 10:03:00,0.09515542976220104
2020-07-01 10:06:00,0.047369506749362245
2020-07-01 10:09:00,0.07654597360101434
2020-07-01 10:12:00,0.09940914097694531
2020-07-01 10:15:00,-0.008176753952341187
2020-07-01 10:18:00,-0.03031664692304048
2020-07-01 10:21:00,-0.031748804653716434
2020-07-01 10:24:00,-0.03303149931485905
2020-07-01 10:27:00,-0.1571455346220887
2020-07-01 10:30:00,-0.09244705239751738
2020-07-01 10:33:00,-0.016316935644681507
2020-07-01 10:36:00,-0.004646185291051097
2020-07-01 10:39:00,-0.01705279620409783
2020-07-01 10:42:00,0.003268862640709358
2020-07-01 10:45:00,-0.004974347002530521
2020-07-01 10:48:00,-0.05719863303858119
2020-07-01 10:51:00,0.01595983036150983
2020-07-01 10:54:00,-0.14176096803538485
2020-07-01 10:57:00,-0.19152704539590104
2020-07-01 11:00:00,-0.16742261605071462
2020-07-01 11:03:00,-0.14929188055265286
2020-07-01 11:06:00,-0.1842290533889468
2020-07-01 11:09:00,-0.1690953009224927
2020-07-01 11:12:00,-0.24312691833540612
2020-07-01 11:15:00,-0.16235289436087896
2020-07-01 11:18:00,-0.19087670648980293
2020-07-01 11:21:00,-0.2506840698316637
2020-07-01 11:24:00,-0.1486614649262492
2020-07-01 11:27:00,-0.23717640790243877
2020-07-01 11:30:00,-0.14478485039290945
2020-07-01 11:33:00,-0.18313149960852115
2020-07-01 11:36:00,-0.1552738836551839
2020-07-01 11:39:00,-0.19366649483151832
2020-07-01 11:42:00,-0.17338263641585172
2020-07-01 11:45:00,-0.15622806830970148
2020-07-01 11:48:00,-0.16943385169480507
2020-07-01 11:51:00,-0.24246872118544616
2020-07-01 11:54:00,-0.2052968984035033
2020-07-01 11:57:00,-0.24394751708837248
2020-07-01 12:00:00,-0.1759193736431257
2020-07-01 12:03:00,-0.20232643538855655
2020-07-01 12:06:00,-0.2769890804127044
2020-07-01 12:09:00,-0.3498503617220763
2020-07-01 12:12:00,-0.285734421567156
2020-07-01 12:15:00,-0.3270087318692845
2020-07-01 12:18:00,-0.22018639045751343
2020-07-01 12:21:00,-0.22417867457312468
2020-07-01 12:24:00,-0.27125748572069597
2020-07-01 12:27:00,-0.37026906650834235
2020-07-01 12:30:00,-0.2498191762786064
2020-07-01 12:33:00,-0.21888778676975562
2020-07-01 12:36:00,-0.3821400970439299
2020-07-01 12:39:00,-0.337261593461335
2020-07-01 12:42:00,-0.32231307701709966
2020-07-01 12:45:00,-0.3419140476008238
2020-07-01 12:48:00,-0.2839607690683579
2020-07-01 12:51:00,-0.2917000599946391
2020-07-01 12:54:00,-0.3000031981745792
2020-07-01 12:57:00,-0.19896304783731011
2020-07-01 13:00:00,-0.1718626821194107
2020-07-01 13:03:00,-0.24057916060809248
2020-07-01 13:06:00,-0.06529929380053545
2020-07-01 13:09:00,-0.007807064812595854
2020-07-01 13:12:00,-0.08899910650040965
2020-07-01 13:15:00,0.029114523724047103
2020-07-01 13:18:00,-0.02619598536767853
2020-07-01 13:21:00,-0.043047880856875054
2020-07-01 13:24:00,0.01847680666725182
2020-07-01 13:27:00,-0.12178246313999352
2020-07-01 13:30:00,-0.08249219187365497
2020-07-01 13:33:00,-0.0874517293902386
2020-07-01 13:36:00,-0.187740751616559
2020-07-01 13:39:00,-0.2277565817698246
2020-07-01 13:42:00,-0.15602403042299784
2020-07-01 13:45:00,-0.15334967219320106
2020-07-01 13:48:00,-0.1948048517754728
2020-07-01 13:51:00,-0.27825540741156374
2020-07-01 13:54:00,-0.3298539399225433
2020-07-01 13:57:00,-0.38570531828901267
2020-07-01 14:00:00,-0.10704408927676923
2020-07-01 14:03:00,-0.25552928734953184
2020-07-01 14:06:00,-0.2329814280935807
2020-07-01 14:09:00,-0.07902137612575189
2020-07-01 14:12:00,-0.08575451111067878
2020-07-01 14:15:00,-0.13496666723847284
2020-07-01 14:18:00,-0.2199778624094506
2020-07-01 14:21:00,-0.16340117200223858
2020-07-01 14:24:00,-0.21424847231344302
2020-07-01 14:27:00,-0.18167394532946446
2020-07-01 14:30:00,-0.23244779606733346
2020-07-01 14:33:00,-0.04537486383890155
2020-07-01 14:36:00,-0.10721193204324209
2020-07-01 14:39:00,-0.11041230408625324
2020-07-01 14:42:00,0.040976232104469545
2020-07-01 14:45:00,-0.09903413109464054
2020-07-01 14:48:00,-0.13734689541780654
2020-07-01 14:51:00,-0.0775550188563443
2020-07-01 14:54:00,-0.11375375088874762
2020-07-01 14:57:00,-0.08002197235293806
2020-07-01 15:00:00,-0.21667940745930991
2020-07-01 15:03:00,-0.16258758700689668
2020-07-01 15:06:00,-0.14840945077679635
2020-07-01 15:09:00,-0.3088866437320803
2020-07-01 15:12:00,-0.07015990148101992
2020-07-01 15:15:00,-0.09958647694332967
2020-07-01 15:18:00,-0.21342482024016363
2020-07-01 15:21:00,-0.16969809234751665
2020-07-01 15:24:00,-0.29460560669389224
2020-07-01 15:27:00,-0.27461694499675104
2020-07-01 15:30:00,-0.20391987383789
2020-07-01 15:33:00,-0.1966476150807921
2020-07-01 15:36:00,-0.19885852229714374
2020-07-01 15:39:00,-0.17081710970074937
2020-07-01 15:42:00,-0.14584106626170978
2020-07-01 15:45:00,-0.14671427710527496
2020-07-01 15:48:00,-0.031162546788891632
2020-07-01 15:51:00,-0.19513629960863454
2020-07-01 15:54:00,-0.18727358729745447
2020-07-01 15:57:00,-0.19825490246927302
2020-07-01 16:00:00,-0.2561949645929076
2020-07-01 16:03:00,-0.17164521921557707
2020-07-01 16:06:00,-0.2992970735243148
2020-07-01 16:09:00,-0.25589430629315757
2020-07-01 16:12:00,-0.2673448961139684
2020-07-01 16:15:00,-0.2614794153446951
2020-07-01 16:18:00,-0.2192083271708043
2020-07-01 16:21:00,-0.38263916595525416
2020-07-01 16:24:00,-0.3779673446248353
2020-07-01 16:27:00,-0.2548919917231274
2020-07-01 16:30:00,-0.2174099327448289
2020-07-01 16:33:00,-0.22471818437571756
2020-07-01 16:36:00,-0.1712028830984309
2020-07-01 16:39:00,-0.19747935463118438
2020-07-01 16:42:00,-0.17914328243659838
2020-07-01 16:45:00,-0.13910499209242744
2020-07-01 16:48:00,-0.22402275053195808
2020-07-01 16:51:00,-0.11885275531801653
2020-07-01 16:54:00,-0.05085566762267035
2020-07-01 16:57:00,-0.001422727310909977
2020-07-01 17:00:00,-0.10766598431592911
2020-07-01 17:03:00,0.16308224997260368
2020-07-01 17:06:00,0.06124019805042735
2020-07-01 17:09:00,0.13644145463246105
2020-07-01 17:12:00,-0.12275395354782859
2020-07-01 17:15:00,-0.015530631230888048
2020-07-01 17:18:00,-0.07184192409829393
2020-07-01 17:21:00,-0.12364813599862146
2020-07-01 17:24:00,0.21232471979055845
2020-07-01 17:27:00,-0.04544474547697064
2020-07-01 17:30:00,-0.03499133458029746
2020-07-01 17:33:00,0.13697393691245452
2020-07-01 17:36:00,0.4122581328512638
2020-07-01 17:39:00,0.42505921645999933
2020-07-01 17:42:00,0.256815843639572
2020-07-01 17:45:00,0.20136906343225291
2020-07-01 17:48:00,0.06612476857418415
2020-07-01 17:51:00,-0.1442784398727781
2020-07-01 17:54:00,-0.12161895252387467
2020-07-01 17:57:00,-0.13519846031709903
2020-07-01 18:00:00,-0.18618652103799604
2020-07-01 18:03:00,-0.12446447987207421
2020-07-01 18:06:00,-0.183024634215883
2020-07-01 18:09:00,-0.02488569667343654
2020-07-01 18:12:00,-0.07862146363942202
2020-07-01 18:15:00,-0.14275522745981561
2020-07-01 18:18:00,-0.054337918680914754
2020-07-01 18:21:00,-0.05503950089536147
2020-07-01 18:24:00,-0.03371877007720059
2020-07-01 18:27:00,-0.11096799859456041
2020-07-01 18:30:00,0.036840061377859
2020-07-01 18:33:00,0.05367659514394063
2020-07-01 18:36:00,-0.030581311374362485
2020-07-01 18:39:00,-0.07913527688248223
2020-07-01 18:42:00,0.025723048687666505
2020-07-01 18:45:00,0.10294954997829109
2020-07-01 18:48:00,0.062316066788469016
2020-07-01 18:51:00,0.15115621490264175
2020-07-01 18:54:00,
2020-07-01 18:57:00,
2020-07-01 19:00:00,
2020-07-01 19:03:00,0.09843728736041157
2020-07-01 19:06:00,0.11862963443985564
2020-07-01 19:09:00,-0.00035541998522603535
2020-07-01 19:12:00,0.008866933469107607
2020-07-01 19:15:00,0.38593766541055174
2020-07-01 19:18:00,0.12417757433553334
2020-07-01 19:21:00,0.22198558276602398
2020-07-01 19:24:00,0.2730389018488495
2020-07-01 19:27:00,0.33592794667811177
2020-07-01 19:30:00,0.14253400637960567
2020-07-01 19:33:00,0.18733613851577502
2020-07-01 19:36:00,0.18042700167512749
2020-07-01 19:39:00,0.05659544886816548
2020-07-01 19:42:00,0.05777343080887931
2020-07-01 19:45:00,-0.10873788881457358
2020-07-01 19:48:00,0.2945751290733938
2020-07-01 19:51:00,0.3860633076755562
2020-07-01 19:54:00,0.40840531587775786
2020-07-01 19:57:00,0.3186155069622032
2020-07-01 20:00:00,0.5922034557455049
2020-07-01 20:03:00,0.6158750524691072
2020-07-01 20:06:00,0.3897878565975361
2020-07-01 20:09:00,0.5301181639485435
2020-07-01 20:12:00,0.5498661433941265
2020-07-01 20:15:00,0.4006159642109992
2020-07-01 20:18:00,0.41982523214579714
2020-07-01 20:21:00,0.4886458629765684
2020-07-01 20:24:00,0.4207543173667432
2020-07-01 20:27:00,0.348549731107596
2020-07-01 20:30:00,0.4830793217604423
2020-07-01 20:33:00,0.47358789385413047
2020-07-01 20:36:00,0.46764641246278416
2020-07-01 20:39:00,0.5560845751396641
2020-07-01 20:42:00,0.5337093171111746
2020-07-01 20:45:00,0.4766264041954287
2020-07-01 20:48:00,0.37637454284873684
2020-07-01 20:51:00,0.3743069928173668
2020-07-01 20:54:00,0.4867588179546942
2020-07-01 20:57:00,0.3020667982647751
2020-07-01 21:00:00,0.20398998036955618
2020-07-01 21:03:00,0.31328601310076465
2020-07-01 21:06:00,0.4953100223493152
2020-07-01 21:09:00,0.4216292422988772
2020-07-01 21:12:00,0.32692317436004714
2020-07-01 21:15:00,0.33178393865892986
2020-07-01 21:18:00,0.31171033131721515
2020-07-01 21:21:00,0.3477764572764954
2020-07-01 21:24:00,0.2654936095998437
2020-07-01 21:27:00,0.19704565354572878
2020-07-01 21:30:00,0.18664947340710114
2020-07-01 21:33:00,0.24153101701995183
2020-07-01 21:36:00,0.16945939457986015
2020-07-01 21:39:00,0.3012390201143944
2020-07-01 21:42:00,0.27496571650726764
2020-07-01 21:45:00,0.2828074845422748
2020-07-01 21:48:00,0.3588748399077417
2020-07-01 21:51:00,0.40905604514330207
2020-07-01 21:54:00,0.3389076757760563
2020-07-01 21:57:00,0.33441160456914076
2020-07-01 22:00:00,0.36762803020457113
2020-07-01 22:03:00,0.2911587257352153
2020-07-01 22:06:00,0.3326972391732852
2020-07-01 22:09:00,0.30763423958330804
2020-07-01 22:12:00,0.2149296167303305
2020-07-01 22:15:00,0.24906758509865767
2020-07-01 22:18:00,0.32431962460412933
2020-07-01 22:21:00,0.2989666231967476
2020-07-01 22:24:00,0.26834742979383464
2020-07-01 22:27:00,0.3074480151936996
2020-07-01 22:30:00,0.19219619882869665
2020-07-01 22:33:00,0.2476697888548074
2020-07-01 22:36:00,0.12726055713949336
2020-07-01 22:39:00,0.2419533673468095
2020-07-01 22:42:00,0.2687195705150316
2020-07-01 22:45:00,0.26233059294628447
2020-07-01 22:48:00,0.33665925938242935
2020-07-01 22:51:00,0.2815391917217198
2020-07-01 22:54:00,0.2360014928249825
2020-07-01 22:57:00,0.31208226111175463
2020-07-01 23:00:00,0.32514077014684517
2020-07-01 23:03:00,0.33696563568577176
2020-07-01 23:06:00,0.4443076560967256
2020-07-01 23:09:00,0.31660113928546707
2020-07-01 23:12:00,0.2679860155646452
2020-07-01 23:15:00,0.2379521937471054
2020-07-01 23:18:00,0.29974087903252666
2020-07-01 23:21:00,0.350662281095083
2020-07-01 23:24:00,0.367574863847949
2020-07-01 23:27:00,0.3469889303182754
2020-07-01 23:30:00,0.4139869799596454
2020-07-01 23:33:00,0.46939384356176106
2020-07-01 23:36:00,0.37218056314623027
2020-07-01 23:39:00,0.33968773131175567
2020-07-01 23:42:00,0.2836505976382
2020-07-01 23:45:00,0.3615436953430162
2020-07-01 23:48:00,0.4237038018063686
2020-07-01 23:51:00,0.4849694821649564
2020-07-01 23:54:00,0.46918855640660695
2020-07-01 23:57:00,0.43999660881672753
2020-07-02 00:00:00,0.4195823928553182
2020-07-02 00:03:00,0.43207586441496915
2020-07-02 00:06:00,0.46887640288053944
2020-07-02 00:09:00,0.47612110990996825
2020-07-02 00:12:00,0.48947183445039855
2020-07-02 00:15:00,0.5175335397707954
2020-07-02 00:18:00,0.4558433823386281
2020-07-02 00:21:00,0.5384483358171792
2020-07-02 00:24:00,0.6487532685251267
2020-07-02 00:27:00,0.5444893403219453
2020-07-02 00:30:00,0.6619548080120126
2020-07-02 00:33:00,0.5423212632568379
2020-07-02 00:36:00,0.5060486833825166
2020-07-02 00:39:00,0.5689078386371307
2020-07-02 00:42:00,0.5552124036634041
2020-07-02 00:45:00,0.589941233501122
2020-07-02 00:48:00,0.5814875761705594
2020-07-02 00:51:00,0.5805125357836687
2020-07-02 00:54:00,0.4915498413033106
2020-07-02 00:57:00,0.45725613905278806
2020-07-02 01:00:00,0.318073707305075
2020-07-02 01:03:00,0.3246978910759708
2020-07-02 01:06:00,0.3522236721104264
2020-07-02 01:09:00,0.2562186803777422
2020-07-02 01:12:00,0.363751947007529
2020-07-02 01:15:00,0.31183381964029877
2020-07-02 01:18:00,0.43604250338415795
2020-07-02 01:21:00,0.3888728387368019
2020-07-02 01:24:00,0.3796419064904626
2020-07-02 01:27:00,0.4375651284826745
2020-07-02 01:30:00,0.3899596141244501
2020-07-02 01:33:00,0.44365134430182707
2020-07-02 01:36:00,0.393747255602932
2020-07-02 01:39:00,0.4516067793544494
2020-07-02 01:42:00,0.44773284874008823
2020-07-02 01:45:00,0.4097584229000404
2020-07-02 01:48:00,0.40298584984896024
2020-07-02 01:51:00,0.4486536021007055
2020-07-02 01:54:00,0.4046972359332699
2020-07-02 01:57:00,0.387448187059249
2020-07-02 02:00:00,0.43817795988223907
2020-07-02 02:03:00,0.4071811764837321
2020-07-02 02:06:00,0.4231723919528463
2020-07-02 02:09:00,0.6230413529883094
2020-07-02 02:12:00,0.5046805073412202
2020-07-02 02:15:00,0.5454176989229609
2020-07-02 02:18:00,0.5478965718523341
2020-07-02 02:21:00,0.42509087833690273
2020-07-02 02:24:00,0.48853629883171834
2020-07-02 02:27:00,0.4172724741196703
2020-07-02 02:30:00,0.40842222943041406
2020-07-02 02:33:00,0.38364084483907845
2020-07-02 02:36:00,0.4298412934581961
2020-07-02 02:39:00,0.47111015944568635
2020-07-02 02:42:00,0.49909878175714084
2020-07-02 02:45:00,0.48463347345466445
2020-07-02 02:48:00,0.4419977583069681
2020-07-02 02:51:00,0.4556151596804625
2020-07-02 02:54:00,0.37373670363734846
2020-07-02 02:57:00,0.3625822223590376
2020-07-02 03:00:00,0.28971852940765075
2020-07-02 03:03:00,0.40410837221872953
2020-07-02 03:06:00,0.35701365311950894
2020-07-02 03:09:00,0.35235423970220836
2020-07-02 03:12:00,0.34989666073721537
2020-07-02 03:15:00,0.31469930713473104
2020-07-02 03:18:00,0.35247828703666073
2020-07-02 03:21:00,0.3363214931241032
2020-07-02 03:24:00,0.36969154389248615
2020-07-02 03:27:00,0.43229304542001046
2020-07-02 03:30:00,0.38710852514202543
2020-07-02 03:33:00,0.39523360777411654
2020-07-02 03:36:00,0.42469895196069274
2020-07-02 03:39:00,0.444236269759017
2020-07-02 03:42:00,0.44228597373074763
2020-07-02 03:45:00,0.477733436247604
2020-07-02 03:48:00,0.45759594439454077
2020-07-02 03:51:00,0.4577046278329817
2020-07-02 03:54:00,0.4985722168682969
2020-07-02 03:57:00,0.5037701083958837
2020-07-02 04:00:00,0.47985482965532356
2020-07-02 04:03:00,0.5421453630363544
2020-07-02 04:06:00,0.584809195616856
2020-07-02 04:09:00,0.6991773841779718
2020-07-02 04:12:00,0.6387121306102586
2020-07-02 04:15:00,0.7312667050993582
2020-07-02 04:18:00,0.697394323049366
2020-07-02 04:21:00,0.6572281998974745
2020-07-02 04:24:00,0.7047942951135155
2020-07-02 04:27:00,0.7590398511439957
2020-07-02 04:30:00,0.7272600615517035
2020-07-02 04:33:00,0.6686396527638863
2020-07-02 04:36:00,0.7199613776593878
2020-07-02 04:39:00,0.7533690534776838
2020-07-02 04:42:00,0.6919787421123829
2020-07-02 04:45:00,0.7082831254500093
2020-07-02 04:48:00,0.7290142990266872
2020-07-02 04:51:00,0.9189890248045458
2020-07-02 04:54:00,0.6471615022638844
2020-07-02 04:57:00,0.7783492055194756
2020-07-02 05:00:00,0.7324700329083953
2020-07-02 05:03:00,0.5490820875838835
2020-07-02 05:06:00,0.49687315909750396
2020-07-02 05:09:00,0.4311832996152134
2020-07-02 05:12:00,0.38235165955472894
2020-07-02 05:15:00,0.42422759576993485
2020-07-02 05:18:00,0.47929563665184105
2020-07-02 05:21:00,0.4169666216043879
2020-07-02 05:24:00,0.3272379016679565
2020-07-02 05:27:00,0.40998961767991204
2020-07-02 05:30:00,0.46587328092891767
2020-07-02 05:33:00,0.527110553605155
2020-07-02 05:36:00,0.484266539866951
2020-07-02 05:39:00,0.4442506930383274
2020-07-02 05:42:00,0.3431436555783307
2020-07-02 05:45:00,0.35113224401050047
2020-07-02 05:48:00,0.3587222474525902
2020-07-02 05:51:00,0.3515277102140999
2020-07-02 05:54:00,0.3294430081309656
2020-07-02 05:57:00,0.3870826286857323
2020-07-02 06:00:00,0.3425900096913779
2020-07-02 06:03:00,0.3029868485430711
2020-07-02 06:06:00,0.3729176289557472
2020-07-02 06:09:00,0.28588622018526166
2020-07-02 06:12:00,0.3339533531561756
2020-07-02 06:15:00,0.32698445164538725
2020-07-02 06:18:00,0.31483046128840897
2020-07-02 06:21:00,0.28945553758273945
2020-07-02 06:24:00,0.3696123438950849
2020-07-02 06:27:00,0.28804521569128383
2020-07-02 06:30:00,0.38097506238494816
2020-07-02 06:33:00,0.37478081543633834
2020-07-02 06:36:00,0.45579685901236644
2020-07-02 06:39:00,0.5063033675035058
2020-07-02 06:42:00,0.3842762726981164
2020-07-02 06:45:00,0.37739862588142614
2020-07-02 06:48:00,0.39715942717549524
2020-07-02 06:51:00,0.3044623342267414
2020-07-02 06:54:00,0.3313403083757862
2020-07-02 06:57:00,0.31084772124631854
2020-07-02 07:00:00,0.33296860837566555
2020-07-02 07:03:00,0.39972738972153365
2020-07-02 07:06:00,0.2946392359975789
2020-07-02 07:09:00,0.34045317382981466
2020-07-02 07:12:00,0.38631510816003356
2020-07-02 07:15:00,0.4388334044077169
2020-07-02 07:18:00,0.42589020305314307
2020-07-02 07:21:00,0.28799814024563375
2020-07-02 07:24:00,0.358467837401804
2020-07-02 07:27:00,0.3387475461116196
2020-07-02 07:30:00,0.4658196983724565
2020-07-02 07:33:00,0.3317302133581279
2020-07-02 07:36:00,0.3557146893967911
2020-07-02 07:39:00,0.3576726457101813
2020-07-02 07:42:00,0.3402470839411649
2020-07-02 07:45:00,0.3164115016255096
2020-07-02 07:48:00,0.3827363210119188
2020-07-02 07:51:00,0.32103039822800383
2020-07-02 07:54:00,0.2805802176476959
2020-07-02 07:57:00,0.3640940716108503
2020-07-02 08:00:00,0.28804105832324467
2020-07-02 08:03:00,0.3105316596730745
2020-07-02 08:06:00,0.36500975341863295
2020-07-02 08:09:00,0.25472819631022503
2020-07-02 08:12:00,0.4431432778479234
2020-07-02 08:15:00,0.17999639435998915
2020-07-02 08:18:00,0.316809963402477
2020-07-02 08:21:00,0.24946325930164903
2020-07-02 08:24:00,0.2507595992157121
2020-07-02 08:27:00,0.2973768612559411
2020-07-02 08:30:00,0.2380208588762116
2020-07-02 08:33:00,0.2985025230798328
2020-07-02 08:36:00,0.2634962045921725
2020-07-02 08:39:00,0.28008348043130127
2020-07-02 08:42:00,0.15353128977011465
2020-07-02 08:45:00,0.23404735392318798
2020-07-02 08:48:00,0.2614630303955323
2020-07-02 08:51:00,0.2706159552979557
2020-07-02 08:54:00,0.2746522909725968
2020-07-02 08:57:00,0.20571187090416743
2020-07-02 09:00:00,0.2586167189127764
2020-07-02 09:03:00,0.15214068098657663
2020-07-02 09:06:00,0.1961404230752919
2020-07-02 09:09:00,0.2102983454715286
2020-07-02 09:12:00,0.28859105641384986
2020-07-02 09:15:00,0.24027192937217023
2020-07-02 09:18:00,0.07284295280805964
2020-07-02 09:21:00,0.0794919225906483
2020-07-02 09:24:00,0.2109798270698775
2020-07-02 09:27:00,0.15564022636272057
2020-07-02 09:30:00,0.16174022093451867
2020-07-02 09:33:00,0.14644634010215896
2020-07-02 09:36:00,0.2204219120204698
2020-07-02 09:39:00,0.10852163299654194
2020-07-02 09:42:00,0.11610134698082675
2020-07-02 09:45:00,0.24181186832856838
2020-07-02 09:48:00,0.07462645663434841
2020-07-02 09:51:00,0.10073031291972256
2020-07-02 09:54:00,0.08215264253720989
2020-07-02 09:57:00,0.12631867209694292
2020-07-02 10:00:00,0.15506571653662604
2020-07-02 10:03:00,0.06653401341259269
2020-07-02 10:06:00,0.04503946075163867
2020-07-02 10:09:00,0.10463761968827612
2020-07-02 10:12:00,-0.011243271686737444
2020-07-02 10:15:00,0.040565397205284626
2020-07-02 10:18:00,0.041829747665644845
2020-07-02 10:21:00,0.04898923458989657
2020-07-02 10:24:00,0.06930976579985781
2020-07-02 10:27:00,-0.018226432001085868
2020-07-02 10:30:00,0.07203701044846866
2020-07-02 10:33:00,0.1064854633170853
2020-07-02 10:36:00,0.06025973726849543
2020-07-02 10:39:00,0.045703545228661824
2020-07-02 10:42:00,0.03594968136150101
2020-07-02 10:45:00,0.02989997995138083
2020-07-02 10:48:00,0.1060177117823855
2020-07-02 10:51:00,-0.06463582218702868
2020-07-02 10:54:00,-0.027006828975913777
2020-07-02 10:57:00,0.040560074122765855
2020-07-02 11:00:00,-0.07822547922984313
2020-07-02 11:03:00,-0.03835066638208673
2020-07-02 11:06:00,-0.03288851315312513
2020-07-02 11:09:00,-0.09889287354332055
2020-07-02 11:12:00,-0.09768493399059253
2020-07-02 11:15:00,-0.04668785534857989
2020-07-02 11:18:00,-0.06941155332771132
2020-07-02 11:21:00,-0.004841872056260854
2020-07-02 11:24:00,-0.1346987092227323
2020-07-02 11:27:00,-0.13945395569675156
2020-07-02 11:30:00,-0.10178284976012719
2020-07-02 11:33:00,-0.05283109306174083
2020-07-02 11:36:00,-0.15409268574484258
2020-07-02 11:39:00,-0.029163588814242303
2020-07-02 11:42:00,-0.2662967732654238
2020-07-02 11:45:00,-0.22673987864720857
2020-07-02 11:48:00,-0.11860163369328802
2020-07-02 11:51:00,-0.20559561164526485
2020-07-02 11:54:00,-0.2022698215561718
2020-07-02 11:57:00,-0.12400606114226775
2020-07-02 12:00:00,-0.18593710900114502
2020-07-02 12:03:00,-0.21296570812927484
2020-07-02 12:06:00,-0.20142801221049922
2020-07-02 12:09:00,-0.1748280536345419
2020-07-02 12:12:00,-0.19551405125889687
2020-07-02 12:15:00,-0.15783693828007017
2020-07-02 12:18:00,-0.26038620072137064
2020-07-02 12:21:00,-0.17127126753416633
2020-07-02 12:24:00,-0.2661440193173803
2020-07-02 12:27:00,-0.3162405542857414
2020-07-02 12:30:00,-0.11322489257270263
2020-07-02 12:33:00,-0.3176789838101399
2020-07-02 12:36:00,-0.3644519931802961
2020-07-02 12:39:00,-0.29956637672421493
2020-07-02 12:42:00,-0.22754163684527384
2020-07-02 12:45:00,-0.216894881768269
2020-07-02 12:48:00,-0.2397644911497423
2020-07-02 12:51:00,-0.345362752325741
2020-07-02 12:54:00,-0.2555154958668595
2020-07-02 12:57:00,-0.2079973650340321
2020-07-02 13:00:00,-0.14504433610306933
2020-07-02 13:03:00,-0.06663689704998887
2020-07-02 13:06:00,-0.05857367155766724
2020-07-02 13:09:00,-0.15809064532595585
2020-07-02 13:12:00,-0.15277375604011922
2020-07-02 13:15:00,-0.034716960580283285
2020-07-02 13:18:00,-0.16920861748809557
2020-07-02 13:21:00,-0.2171984563310616
2020-07-02 13:24:00,-0.13099305898128932
2020-07-02 13:27:00,-0.07301929296841081
2020-07-02 13:30:00,-0.2292499748905925
2020-07-02 13:33:00,-0.24310200513065183
2020-07-02 13:36:00,-0.03632443687052955
2020-07-02 13:39:00,0.02635955814037061
2020-07-02 13:42:00,0.09928201701268335
2020-07-02 13:45:00,0.07563603359153603
2020-07-02 13:48:00,-0.06977017964197785
2020-07-02 13:51:00,-0.0592836046504317
2020-07-02 13:54:00,0.06350187785278649
2020-07-02 13:57:00,0.2933267665690664
2020-07-02 14:00:00,0.06104406438112164
2020-07-02 14:03:00,-0.2612859824228053
2020-07-02 14:06:00,-0.2197027215848948
2020-07-02 14:09:00,-0.34283996740879275
2020-07-02 14:12:00,-0.2506057347160322
2020-07-02 14:15:00,-0.22704059899808726
2020-07-02 14:18:00,-0.2133127766854841
2020-07-02 14:21:00,-0.2525214365018087
2020-07-02 14:24:00,-0.20317497279870622
2020-07-02 14:27:00,-0.23499987310577808
2020-07-02 14:30:00,-0.28984172181748136
2020-07-02 14:33:00,-0.19650876105987436
2020-07-02 14:36:00,-0.3869511201282876
2020-07-02 14:39:00,-0.1609867914323786
2020-07-02 14:42:00,1.2494911857174884e-05
2020-07-02 14:45:00,-0.10014874193041123
2020-07-02 14:48:00,-0.27229296948593174
2020-07-02 14:51:00,-0.08235758148032346
2020-07-02 14:54:00,-0.34539646582703654
2020-07-02 14:57:00,-0.24344075846090618
2020-07-02 15:00:00,-0.2586859031201243
2020-07-02 15:03:00,-0.2881285792777817
2020-07-02 15:06:00,-0.38826033613429445
2020-07-02 15:09:00,-0.3359873140599916
2020-07-02 15:12:00,-0.30473301499245053
2020-07-02 15:15:00,-0.4143588558289366
2020-07-02 15:18:00,-0.2701026417003618
2020-07-02 15:21:00,-0.23271802865014024
2020-07-02 15:24:00,-0.3305211173063185
2020-07-02 15:27:00,-0.46643949391000206
2020-07-02 15:30:00,-0.36255160273088904
2020-07-02 15:33:00,-0.3415684168891744
2020-07-02 15:36:00,-0.43263007105952056
2020-07-02 15:39:00,-0.4080533419108292
2020-07-02 15:42:00,-0.5285074186299994
2020-07-02 15:45:00,-0.4038650607925547
2020-07-02 15:48:00,-0.49376702983852283
2020-07-02 15:51:00,-0.5117566446620572
2020-07-02 15:54:00,-0.4840318897386737
2020-07-02 15:57:00,-0.47998662652628354
2020-07-02 16:00:00,-0.43038446978613365
2020-07-02 16:03:00,-0.38568336563497496
2020-07-02 16:06:00,-0.4296910945133732
2020-07-02 16:09:00,-0.465017329960574
2020-07-02 16:12:00,-0.36940631872380436
2020-07-02 16:15:00,-0.5167766124732225
2020-07-02 16:18:00,-0.5416902837395696
2020-07-02 16:21:00,-0.5160157480480052
2020-07-02 16:24:00,-0.44999224809885163
2020-07-02 16:27:00,-0.4479550369487697
2020-07-02 16:30:00,-0.538854838944701
2020-07-02 16:33:00,-0.544407457133957
2020-07-02 16:36:00,-0.4306521441267819
2020-07-02 16:39:00,-0.41961713157883196
2020-07-02 16:42:00,-0.4980902995925476
2020-07-02 16:45:00,-0.45610047624626304
2020-07-02 16:48:00,-0.3953543377672304
2020-07-02 16:51:00,-0.3763809029641152
2020-07-02 16:54:00,-0.5432061353673703
2020-07-02 16:57:00,-0.4620995467763578
2020-07-02 17:00:00,-0.45553070400933393
2020-07-02 17:03:00,-0.4755352827001502
2020-07-02 17:06:00,-0.44366574072751064
2020-07-02 17:09:00,-0.48072913760950087
2020-07-02 17:12:00,-0.4446969420053506
2020-07-02 17:15:00,-0.3786842559798629
2020-07-02 17:18:00,-0.3229295597778332
2020-07-02 17:21:00,-0.3563856617593615
2020-07-02 17:24:00,-0.3093841452945867
2020-07-02 17:27:00,-0.3045110841663359
2020-07-02 17:30:00,-0.24132739157812466
2020-07-02 17:33:00,-0.282306171183734
2020-07-02 17:36:00,-0.3907130316421217
2020-07-02 17:39:00,-0.2915966003216113
2020-07-02 17:42:00,-0.3118136285118567
2020-07-02 17:45:00,-0.31821404617016924
2020-07-02 17:48:00,-0.3300525461618804
2020-07-02 17:51:00,-0.2679829459544294
2020-07-02 17:54:00,-0.3616114261354255
2020-07-02 17:57:00,-0.2645956805417313
2020-07-02 18:00:00,-0.38676236583768286
2020-07-02 18:03:00,-0.3293647764468801
2020-07-02 18:06:00,-0.2879439224415137
2020-07-02 18:09:00,-0.27340009157336453
2020-07-02 18:12:00,-0.2630094058367263
2020-07-02 18:15:00,-0.30223063252100246
2020-07-02 18:18:00,-0.30201819404442176
2020-07-02 18:21:00,-0.31762911227554014
2020-07-02 18:24:00,-0.17035452385755434
2020-07-02 18:27:00,-0.10544803040079387
2020-07-02 18:30:00,-0.19520630190021393
2020-07-02 18:33:00,-0.1781662653091871
2020-07-02 18:36:00,-0.2109868282421985
2020-07-02 18:39:00,-0.11551968871350482
2020-07-02 18:42:00,-0.1073067732863251
2020-07-02 18:45:00,-0.15703721891253508
2020-07-02 18:48:00,-0.24065369017353078
2020-07-02 18:51:00,-0.11894306282437128
2020-07-02 18:54:00,
2020-07-02 18:57:00,
2020-07-02 19:00:00,
2020-07-02 19:03:00,-0.0822954303657184
2020-07-02 19:06:00,-0.14579769549254706
2020-07-02 19:09:00,-0.033342810728697714
2020-07-02 19:12:00,-0.08712667333060153
2020-07-02 19:15:00,-0.04398058699024432
2020-07-02 19:18:00,-0.01603367535540201
2020-07-02 19:21:00,-0.12327782565301959
2020-07-02 19:24:00,-0.11803244254832634
2020-07-02 19:27:00,-0.020440300374616527
2020-07-02 19:30:00,-0.11903633279536052
2020-07-02 19:33:00,-0.0007842695053454918
2020-07-02 19:36:00,0.055855979629086505
2020-07-02 19:39:00,-0.06606798228341404
2020-07-02 19:42:00,-0.061504184258808436
2020-07-02 19:45:00,-0.03720369273963797
2020-07-02 19:48:00,0.03444819853160652
2020-07-02 19:51:00,-0.11832694534768962
2020-07-02 19:54:00,-0.019566121359446242
2020-07-02 19:57:00,-0.10062548942607918
2020-07-02 20:00:00,-0.10085865140916894
2020-07-02 20:03:00,-0.11309189119612029
2020-07-02 20:06:00,0.04208992019141533
2020-07-02 20:09:00,-0.03952226941822801
2020-07-02 20:12:00,-0.05676376514975345
2020-07-02 20:15:00,-0.03662432996827647
2020-07-02 20:18:00,-0.06547559104819811
2020-07-02 20:21:00,0.007661703977760226
2020-07-02 20:24:00,0.005768026567864126
2020-07-02 20:27:00,-0.015299150649127569
2020-07-02 20:30:00,-0.026079405788038912
2020-07-02 20:33:00,0.003762024906791339
2020-07-02 20:36:00,0.062021771512945634
2020-07-02 20:39:00,0.04448905276717596
2020-07-02 20:42:00,0.06004915685451806
2020-07-02 20:45:00,0.13546629962513634
2020-07-02 20:48:00,0.0017065933343474171
2020-07-02 20:51:00,0.001360032050740756
2020-07-02 20:54:00,0.048163757739416724
2020-07-02 20:57:00,0.038360981809773875
2020-07-02 21:00:00,0.08552739224012385
2020-07-02 21:03:00,0.1153681285645689
2020-07-02 21:06:00,0.005803739203201985
2020-07-02 21:09:00,0.07777442469699736
2020-07-02 21:12:00,0.12653680197826134
2020-07-02 21:15:00,0.09303760232711511
2020-07-02 21:18:00,0.038083220060570966
2020-07-02 21:21:00,0.04367102482814289
2020-07-02 21:24:00,0.09862529273129894
2020-07-02 21:27:00,0.053917916167108615
2020-07-02 21:30:00,0.03639993126733998
2020-07-02 21:33:00,0.051966258411994204
2020-07-02 21:36:00,0.005455692766247466
2020-07-02 21:39:00,0.025812548050623718
2020-07-02 21:42:00,0.0011857998993036745
2020-07-02 21:45:00,0.05828711558501709
2020-07-02 21:48:00,-0.020090329000765905
2020-07-02 21:51:00,0.07039360121075333
2020-07-02 21:54:00,0.09297367841219284
2020-07-02 21:57:00,0.05065678939752161
2020-07-02 22:00:00,0.06512196297552464
2020-07-02 22:03:00,0.05305067965764465
2020-07-02 22:06:00,0.09502157727399663
2020-07-02 22:09:00,0.09977188625822464
2020-07-02 22:12:00,0.038293860714929906
2020-07-02 22:15:00,0.20857321738265
2020-07-02 22:18:00,0.09658686263611571
2020-07-02 22:21:00,0.08029926113806596
2020-07-02 22:24:00,0.13100985247945118
2020-07-02 22:27:00,0.16575411138660456
2020-07-02 22:30:00,0.1755049030423379
2020-07-02 22:33:00,0.08087250337797514
2020-07-02 22:36:00,0.13662597664563236
2020-07-02 22:39:00,0.19671222968895563
2020-07-02 22:42:00,0.16177606272202638
2020-07-02 22:45:00,0.17119775594534303
2020-07-02 22:48:00,0.14595006926873566
2020-07-02 22:51:00,0.11031168706995231
2020-07-02 22:54:00,0.21344016264077936
2020-07-02 22:57:00,0.17417587775503307
2020-07-02 23:00:00,0.15616545262088266
2020-07-02 23:03:00,0.17440717991593147
2020-07-02 23:06:00,0.20292251093491132
2020-07-02 23:09:00,0.1607947830089529
2020-07-02 23:12:00,0.20193903576620187
2020-07-02 23:15:00,0.18373425676116995
2020-07-02 23:18:00,0.12159861089259039
2020-07-02 23:21:00,0.18528759758015667
2020-07-02 23:24:00,0.23150685681758887
2020-07-02 23:27:00,0.2884695973485236
2020-07-02 23:30:00,0.2282903600444115
2020-07-02 23:33:00,0.25624748727784663
2020-07-02 23:36:00,0.18879602536412676
2020-07-02 23:39:00,0.1898672250399045
2020-07-02 23:42:00,0.13166710916914326
2020-07-02 23:45:00,0.25457645547425045
2020-07-02 23:48:00,0.22233909068449975
2020-07-02 23:51:00,0.21266763084088325
2020-07-02 23:54:00,0.18487174970721298
2020-07-02 23:57:00,0.16651194439037909
2020-07-03 00:00:00,0.1960241105968521
2020-07-03 00:03:00,0.12548759513811092
2020-07-03 00:06:00,0.15016523240495872
2020-07-03 00:09:00,0.14906629573130203
2020-07-03 00:12:00,0.17520169585174017
2020-07-03 00:15:00,0.0358015779128209
2020-07-03 00:18:00,0.1900725576018658
2020-07-03 00:21:00,0.1354653446491625
2020-07-03 00:24:00,0.21045163695168867
2020-07-03 00:27:00,0.12086207882219924
2020-07-03 00:30:00,0.13023370402765977
2020-07-03 00:33:00,0.17372843180078235
2020-07-03 00:36:00,0.17556038957127384
2020-07-03 00:39:00,0.1996180575724793
2020-07-03 00:42:00,0.11995473089041297
2020-07-03 00:45:00,0.11890787868037478
2020-07-03 00:48:00,0.171138635386626
2020-07-03 00:51:00,0.0654441948493627
2020-07-03 00:54:00,0.20920329340287935
2020-07-03 00:57:00,0.10537097418693975
2020-07-03 01:00:00,0.058736614765734885
2020-07-03 01:03:00,0.13226265925851521
2020-07-03 01:06:00,0.16454898287605602
2020-07-03 01:09:00,0.13704304134427048
2020-07-03 01:12:00,0.05613697869347334
2020-07-03 01:15:00,0.13443773080769006
2020-07-03 01:18:00,0.258433505734331
2020-07-03 01:21:00,0.20570903426602172
2020-07-03 01:24:00,0.13250069053958669
2020-07-03 01:27:00,0.22188347831126976
2020-07-03 01:30:00,0.18887979022463242
2020-07-03 01:33:00,0.19751734010316113
2020-07-03 01:36:00,0.23677388010560207
2020-07-03 01:39:00,0.15934664944126098
2020-07-03 01:42:00,0.2303109092661657
2020-07-03 01:45:00,0.22901555342821212
2020-07-03 01:48:00,0.21135585293404802
2020-07-03 01:51:00,0.25953943956869807
2020-07-03 01:54:00,0.20527093666044038
2020-07-03 01:57:00,0.15903612751480978
2020-07-03 02:00:00,0.24219074615149339
2020-07-03 02:03:00,0.09841913878153719
2020-07-03 02:06:00,0.19172698137100497
2020-07-03 02:09:00,0.19464181234911848
2020-07-03 02:12:00,0.19589584638276847
2020-07-03 02:15:00,0.21815947958759807
2020-07-03 02:18:00,0.2059982111983345
2020-07-03 02:21:00,0.10607079801752661
2020-07-03 02:24:00,0.19901174706637903
2020-07-03 02:27:00,0.19307541786781712
2020-07-03 02:30:00,0.16874943445765211
2020-07-03 02:33:00,0.2125466708081376
2020-07-03 02:36:00,0.23891882999595282
2020-07-03 02:39:00,0.13650666060044614
2020-07-03 02:42:00,0.09348937677549429
2020-07-03 02:45:00,0.16828129286636795
2020-07-03 02:48:00,0.28081483005468044
2020-07-03 02:51:00,0.21465477030329794
2020-07-03 02:54:00,0.29833290589840544
2020-07-03 02:57:00,0.1819783733831173
2020-07-03 03:00:00,0.2389271038984475
2020-07-03 03:03:00,0.19897344365443814
2020-07-03 03:06:00,0.19858699462923823
2020-07-03 03:09:00,0.27267403736863116
2020-07-03 03:12:00,0.2505399630686611
2020-07-03 03:15:00,0.18846882131214215
2020-07-03 03:18:00,0.20043963525779418
2020-07-03 03:21:00,0.18832235380102702
2020-07-03 03:24:00,0.19594199874597962
2020-07-03 03:27:00,0.21072394407360662
2020-07-03 03:30:00,0.26984947551130745
2020-07-03 03:33:00,0.19598259462799206
2020-07-03 03:36:00,0.24394803951162203
2020-07-03 03:39:00,0.20326060957751224
2020-07-03 03:42:00,0.21984930654156187
2020-07-03 03:45:00,0.2608145502496768
2020-07-03 03:48:00,0.21781108833999951
2020-07-03 03:51:00,0.23097791058739858
2020-07-03 03:54:00,0.20938914602913883
2020-07-03 03:57:00,0.22678116078202493
2020-07-03 04:00:00,0.22763998216663595
2020-07-03 04:03:00,0.22264882072079217
2020-07-03 04:06:00,0.23171038262216825
2020-07-03 04:09:00,0.15593302188892721
2020-07-03 04:12:00,0.2352284578388435
2020-07-03 04:15:00,0.29077930480247005
2020-07-03 04:18:00,0.2368788566794251
2020-07-03 04:21:00,0.23487671416211242
2020-07-03 04:24:00,0.20085526045227198
2020-07-03 04:27:00,0.23277211207135906
2020-07-03 04:30:00,0.23946149082274815
2020-07-03 04:33:00,0.22947869339799354
2020-07-03 04:36:00,0.31070480307528214
2020-07-03 04:39:00,0.3479973540154333
2020-07-03 04:42:00,0.26487994975582296
2020-07-03 04:45:00,0.21958552933870124
2020-07-03 04:48:00,0.19779114468076386
2020-07-03 04:51:00,0.2935492861793705
2020-07-03 04:54:00,0.22006161679684055
2020-07-03 04:57:00,0.2809635164784936
2020-07-03 05:00:00,0.1994362556669671
2020-07-03 05:03:00,0.3641573263528812
2020-07-03 05:06:00,0.3485764313450659
2020-07-03 05:09:00,0.39217198353651384
2020-07-03 05:12:00,0.2308642204637863
2020-07-03 05:15:00,0.26050739235398623
2020-07-03 05:18:00,0.2926484477090412
2020-07-03 05:21:00,0.33022890844625863
2020-07-03 05:24:00,0.3916810439621372
2020-07-03 05:27:00,0.36890416222883005
2020-07-03 05:30:00,0.26332303226337217
2020-07-03 05:33:00,0.28170321439102963
2020-07-03 05:36:00,0.34617395914341387
2020-07-03 05:39:00,0.31933365160926996
2020-07-03 05:42:00,0.2524896198882516
2020-07-03 05:45:00,0.30894422783705977
2020-07-03 05:48:00,0.29212281119248473
2020-07-03 05:51:00,0.35300296899998784
2020-07-03 05:54:00,0.2842426321349194
2020-07-03 05:57:00,0.37144357621855306
2020-07-03 06:00:00,0.29401857908840157
2020-07-03 06:03:00,0.3280559230897211
2020-07-03 06:06:00,0.26701775631710234
2020-07-03 06:09:00,0.3178054845053566
2020-07-03 06:12:00,0.3206772812529266
2020-07-03 06:15:00,0.3093264577598802
2020-07-03 06:18:00,0.36304286138221187
2020-07-03 06:21:00,0.3139059444366694
2020-07-03 06:24:00,0.3954552026069109
2020-07-03 06:27:00,0.28237507911893545
2020-07-03 06:30:00,0.3483247270509082
2020-07-03 06:33:00,0.38135857318508215
2020-07-03 06:36:00,0.3551375903064127
2020-07-03 06:39:00,0.20253200552582484
2020-07-03 06:42:00,0.3115648980795527
2020-07-03 06:45:00,0.31989104961360226
2020-07-03 06:48:00,0.2796576830145341
2020-07-03 06:51:00,0.35929517570554026
2020-07-03 06:54:00,0.2353891136545485
2020-07-03 06:57:00,0.4117099873623147
2020-07-03 07:00:00,0.33839711405721573
2020-07-03 07:03:00,0.2829609695144768
2020-07-03 07:06:00,0.27238703527660846
2020-07-03 07:09:00,0.28574819549322683
2020-07-03 07:12:00,0.3373536353485065
2020-07-03 07:15:00,0.25830272408472865
2020-07-03 07:18:00,0.36730061743975284
2020-07-03 07:21:00,0.26854026098084205
2020-07-03 07:24:00,0.26981158004406325
2020-07-03 07:27:00,0.3293425636994698
2020-07-03 07:30:00,0.2570390236064668
2020-07-03 07:33:00,0.3548270297713998
2020-07-03 07:36:00,0.2432416727841087
2020-07-03 07:39:00,0.2501540862451179
2020-07-03 07:42:00,0.22360921420005297
2020-07-03 07:45:00,0.23182866475877972
2020-07-03 07:48:00,0.2352281071303537
2020-07-03 07:51:00,0.28493983055869876
2020-07-03 07:54:00,0.2512766960683166
2020-07-03 07:57:00,0.2139285072128132
2020-07-03 08:00:00,0.26540536069251175
2020-07-03 08:03:00,0.29065989750853305
2020-07-03 08:06:00,0.13636879718399086
2020-07-03 08:09:00,0.23329130041588542
2020-07-03 08:12:00,0.19001020421598014
2020-07-03 08:15:00,0.18589927543285967
2020-07-03 08:18:00,0.08767739432198596
2020-07-03 08:21:00,0.12541624835995435
2020-07-03 08:24:00,0.14972552863719102
2020-07-03 08:27:00,0.0239297769330733
2020-07-03 08:30:00,0.1981651789589023
2020-07-03 08:33:00,0.10988400604406934
2020-07-03 08:36:00,0.16456239780961823
2020-07-03 08:39:00,0.1664799764006375
2020-07-03 08:42:00,0.11323018446944388
2020-07-03 08:45:00,0.18622100061423907
2020-07-03 08:48:00,0.19286760043240747
2020-07-03 08:51:00,0.08895440860493409
2020-07-03 08:54:00,0.17456374383533557
2020-07-03 08:57:00,0.0356221427903165
2020-07-03 09:00:00,0.02690048787667365
2020-07-03 09:03:00,0.07953699252726665
2020-07-03 09:06:00,0.07913089775786375
2020-07-03 09:09:00,0.07192045077079001
2020-07-03 09:12:00,0.0319227447255912
2020-07-03 09:15:00,0.09304915657509127
2020-07-03 09:18:00,-0.01639715287905119
2020-07-03 09:21:00,0.047459124096860705
2020-07-03 09:24:00,-0.050068202906857096
2020-07-03 09:27:00,-0.022597739326670307
2020-07-03 09:30:00,-0.07438158255007465
2020-07-03 09:33:00,-0.008665036827210315
2020-07-03 09:36:00,0.04040139255664599
2020-07-03 09:39:00,0.06705569531879974
2020-07-03 09:42:00,-0.05142126383884715
2020-07-03 09:45:00,-0.027894677780977872
2020-07-03 09:48:00,-0.05687395382079785
2020-07-03 09:51:00,-0.06519274315525081
2020-07-03 09:54:00,0.03590743509647609
2020-07-03 09:57:00,-0.08411966792436942
2020-07-03 10:00:00,-0.10617855108114327
2020-07-03 10:03:00,-0.01090913651256642
2020-07-03 10:06:00,-0.07707231261832703
2020-07-03 10:09:00,-0.0263845390659867
2020-07-03 10:12:00,-0.03990610104051484
2020-07-03 10:15:00,-0.04991479901184448
2020-07-03 10:18:00,-0.1581802526035858
2020-07-03 10:21:00,-0.11605724455512245
2020-07-03 10:24:00,-0.0836109643634586
2020-07-03 10:27:00,-0.04180760558000429
2020-07-03 10:30:00,-0.13128463498696874
2020-07-03 10:33:00,-0.18827329145648264
2020-07-03 10:36:00,-0.17076368863416747
2020-07-03 10:39:00,-0.18228153626171206
2020-07-03 10:42:00,-0.08098508582435215
2020-07-03 10:45:00,0.006711685537197809
2020-07-03 10:48:00,-0.21962461999180505
2020-07-03 10:51:00,-0.13868464062818475
2020-07-03 10:54:00,-0.04627787422714391
2020-07-03 10:57:00,-0.1953583335121607
2020-07-03 11:00:00,-0.1834617126610283
2020-07-03 11:03:00,-0.2161272114549888
2020-07-03 11:06:00,-0.22723684139521083
2020-07-03 11:09:00,-0.20502752013504733
2020-07-03 11:12:00,-0.3019991425426838
2020-07-03 11:15:00,-0.20893369745800783
2020-07-03 11:18:00,-0.20559481796146883
2020-07-03 11:21:00,-0.10976830293702733
2020-07-03 11:24:00,-0.24474140185918714
2020-07-03 11:27:00,-0.16479608985088134
2020-07-03 11:30:00,-0.27526237537125553
2020-07-03 11:33:00,-0.32652695684532773
2020-07-03 11:36:00,-0.30356415876156007
2020-07-03 11:39:00,-0.2838521816914863
2020-07-03 11:42:00,-0.24995465984477505
2020-07-03 11:45:00,-0.31486569997167635
2020-07-03 11:48:00,-0.38563757053498193
2020-07-03 11:51:00,-0.26960822652000616
2020-07-03 11:54:00,-0.1644442610971737
2020-07-03 11:57:00,-0.22746152929050822
2020-07-03 12:00:00,-0.2621350394753108
2020-07-03 12:03:00,-0.2781567027084293
2020-07-03 12:06:00,-0.23336372933022176
2020-07-03 12:09:00,-0.13892617066807134
2020-07-03 12:12:00,-0.2894057564276977
2020-07-03 12:15:00,-0.2785144606356198
2020-07-03 12:18:00,-0.207404454469156
2020-07-03 12:21:00,-0.3294502688835337
2020-07-03 12:24:00,-0.29360469243135867
2020-07-03 12:27:00,-0.35224791514258413
2020-07-03 12:30:00,-0.29344796976829457
2020-07-03 12:33:00,-0.4172291751896182
2020-07-03 12:36:00,-0.30245027135970304
2020-07-03 12:39:00,-0.4013195641726952
2020-07-03 12:42:00,-0.31192281172718594
2020-07-03 12:45:00,-0.33544516428145243
2020-07-03 12:48:00,-0.3192882043067016
2020-07-03 12:51:00,-0.3102386542108775
2020-07-03 12:54:00,-0.326314373456853
2020-07-03 12:57:00,-0.4206634560504767
2020-07-03 13:00:00,-0.38699658600268094
2020-07-03 13:03:00,-0.2937953255606658
2020-07-03 13:06:00,-0.14100395216064499
2020-07-03 13:09:00,-0.40040306956456106
2020-07-03 13:12:00,-0.338463454594887
2020-07-03 13:15:00,-0.41867354667255086
2020-07-03 13:18:00,-0.298356026063459
2020-07-03 13:21:00,-0.34323112114026344
2020-07-03 13:24:00,-0.4199659268279561
2020-07-03 13:27:00,-0.2596604579518953
2020-07-03 13:30:00,-0.3197950307906581
2020-07-03 13:33:00,-0.4236977038306122
2020-07-03 13:36:00,-0.39002428546740475
2020-07-03 13:39:00,-0.3997746094955801
2020-07-03 13:42:00,-0.24735080570309265
2020-07-03 13:45:00,-0.4847726445388503
2020-07-03 13:48:00,-0.3168804030764818
2020-07-03 13:51:00,-0.3263918596298936
2020-07-03 13:54:00,-0.24868121482353445
2020-07-03 13:57:00,-0.1801851108124879
2020-07-03 14:00:00,-0.2077934497010574
2020-07-03 14:03:00,-0.21549669150937234
2020-07-03 14:06:00,-0.2687850978963411
2020-07-03 14:09:00,-0.2014625063906692
2020-07-03 14:12:00,-0.22572823150164822
2020-07-03 14:15:00,-0.18545466022055734
2020-07-03 14:18:00,-0.43430264989882517
2020-07-03 14:21:00,-0.227565732973801
2020-07-03 14:24:00,-0.3069287129444547
2020-07-03 14:27:00,-0.3583266580037616
2020-07-03 14:30:00,-0.12925911251437583
2020-07-03 14:33:00,-0.13979048555722784
2020-07-03 14:36:00,-0.25741041908065654
2020-07-03 14:39:00,-0.31404155184378624
2020-07-03 14:42:00,-0.3832689539331682
2020-07-03 14:45:00,-0.25642021563493245
2020-07-03 14:48:00,-0.26781361234469614
2020-07-03 14:51:00,-0.3089885617631012
2020-07-03 14:54:00,-0.3000429488178611
2020-07-03 14:57:00,-0.28067511247206767
2020-07-03 15:00:00,-0.2137898579159696
2020-07-03 15:03:00,-0.2845520986096517
2020-07-03 15:06:00,-0.23043282882645144
2020-07-03 15:09:00,-0.31531997408376355
2020-07-03 15:12:00,-0.37413581158284615
2020-07-03 15:15:00,-0.3292154039748425
2020-07-03 15:18:00,-0.2717193719811348
2020-07-03 15:21:00,-0.287038562993132
2020-07-03 15:24:00,-0.28334298825961923
2020-07-03 15:27:00,-0.24832528106168184
2020-07-03 15:30:00,-0.3355802155877541
2020-07-03 15:33:00,-0.31473950754303814
2020-07-03 15:36:00,-0.26938671120404933
2020-07-03 15:39:00,-0.4005192305604055
2020-07-03 15:42:00,-0.3844303346851916
2020-07-03 15:45:00,-0.30703630941462734
2020-07-03 15:48:00,-0.29297550431437
2020-07-03 15:51:00,-0.3550406309510663
2020-07-03 15:54:00,-0.2857359786636948
2020-07-03 15:57:00,-0.28109041351973474
2020-07-03 16:00:00,-0.300242560061065
2020-07-03 16:03:00,-0.33601689146382796
2020-07-03 16:06:00,-0.32928934874632887
2020-07-03 16:09:00,-0.31299904423184444
2020-07-03 16:12:00,-0.36651298271596033
2020-07-03 16:15:00,-0.36493656661150453
2020-07-03 16:18:00,-0.23133330166098176
2020-07-03 16:21:00,-0.21886852450154493
2020-07-03 16:24:00,-0.3027068824991943
2020-07-03 16:27:00,-0.2708800107762386
2020-07-03 16:30:00,-0.17186518375405058
2020-07-03 16:33:00,-0.33788876384284094
2020-07-03 16:36:00,-0.2760029671010784
2020-07-03 16:39:00,-0.2757321196664293
2020-07-03 16:42:00,-0.24993858723888707
2020-07-03 16:45:00,-0.2515331221395627
2020-07-03 16:48:00,-0.25104083288135826
2020-07-03 16:51:00,-0.3794037767144687
2020-07-03 16:54:00,-0.16381196787227736
2020-07-03 16:57:00,-0.17909884614050497
2020-07-03 17:00:00,-0.30454492535676536
2020-07-03 17:03:00,-0.19649463862259609
2020-07-03 17:06:00,-0.18024894718729456
2020-07-03 17:09:00,-0.08870617873208175
2020-07-03 17:12:00,0.0007354759605959771
2020-07-03 17:15:00,-0.14847015464073365
2020-07-03 17:18:00,-0.0875536247879154
2020-07-03 17:21:00,-0.10126952815016921
2020-07-03 17:24:00,-0.0701363551776808
2020-07-03 17:27:00,-0.03056459765281261
2020-07-03 17:30:00,-0.016223977454785654
2020-07-03 17:33:00,-0.03120405861056952
2020-07-03 17:36:00,-0.12167497306910491
2020-07-03 17:39:00,-0.15809096730481542
2020-07-03 17:42:00,0.14937274137628265
2020-07-03 17:45:00,0.11559894287972838
2020-07-03 17:48:00,0.009759041172515026
2020-07-03 17:51:00,0.005717571108618813
2020-07-03 17:54:00,0.12773641793211254
2020-07-03 17:57:00,-0.02963244737873083
2020-07-03 18:00:00,-0.0156879060645565
2020-07-03 18:03:00,-0.14024198001305876
2020-07-03 18:06:00,-0.02061977413279692
2020-07-03 18:09:00,-0.12065762669453761
2020-07-03 18:12:00,-0.046345080810112904
2020-07-03 18:15:00,0.0955177968627936
2020-07-03 18:18:00,0.11422770008061889
2020-07-03 18:21:00,0.18111639731137075
2020-07-03 18:24:00,0.06879484970664862
2020-07-03 18:27:00,0.15226111296345834
2020-07-03 18:30:00,0.02034574396230937
2020-07-03 18:33:00,-0.037141023846061216
2020-07-03 18:36:00,0.1047170676892506
2020-07-03 18:39:00,-0.015150157902951378
2020-07-03 18:42:00,0.08187710397459114
2020-07-03 18:45:00,0.03185045609058079
2020-07-03 18:48:00,-0.12445366019750281
2020-07-03 18:51:00,-0.09630975158637511
2020-07-03 18:54:00,
2020-07-03 18:57:00,
2020-07-03 19:00:00,
2020-07-03 19:03:00,-0.02707736594038579
2020-07-03 19:06:00,-0.08629058867819595
2020-07-03 19:09:00,0.09229949384115343
2020-07-03 19:12:00,0.07336741906215138
2020-07-03 19:15:00,0.03210034072964163
2020-07-03 19:18:00,0.07223745781573143
2020-07-03 19:21:00,0.04531139987386723
2020-07-03 19:24:00,-0.03117550745571407
2020-07-03 19:27:00,-0.0917800454132589
2020-07-03 19:30:00,-0.03730550817516587
2020-07-03 19:33:00,0.025765777992148742
2020-07-03 19:36:00,-0.030119978931224978
2020-07-03 19:39:00,0.049053777220763095
2020-07-03 19:42:00,-0.06670969707681706
2020-07-03 19:45:00,0.01741329769180311
2020-07-03 19:48:00,0.10927918086190402
2020-07-03 19:51:00,0.02711448951811235
2020-07-03 19:54:00,0.0782861317793504
2020-07-03 19:57:00,-0.022423505605388527
2020-07-03 20:00:00,0.1266226032714144
2020-07-03 20:03:00,0.09233681731797105
2020-07-03 20:06:00,0.07742614544741855
2020-07-03 20:09:00,0.05743151531117974
2020-07-03 20:12:00,-0.02064441052567645
2020-07-03 20:15:00,0.0006283087951715061
2020-07-03 20:18:00,-0.03321637018711954
2020-07-03 20:21:00,0.12022244582794883
2020-07-03 20:24:00,0.04053333142513793
2020-07-03 20:27:00,0.055780493207066684
2020-07-03 20:30:00,0.08124062954198052
2020-07-03 20:33:00,-0.004441324527704182
2020-07-03 20:36:00,0.11353649287968892
2020-07-03 20:39:00,-0.0421912483423057
2020-07-03 20:42:00,-0.036082604381704186
2020-07-03 20:45:00,0.3045702214104722
2020-07-03 20:48:00,0.24812166354411147
2020-07-03 20:51:00,0.3083720510198873
2020-07-03 20:54:00,0.44454567251062826
2020-07-03 20:57:00,0.4160208564969139
2020-07-03 21:00:00,0.37918318650110905
2020-07-03 21:03:00,0.3621249255778025
2020-07-03 21:06:00,0.3553229464852734
2020-07-03 21:09:00,0.34951361283674487
2020-07-03 21:12:00,0.13802686355319338
2020-07-03 21:15:00,0.035026783046987475
2020-07-03 21:18:00,0.17786218776245732
2020-07-03 21:21:00,0.1962156980312102
2020-07-03 21:24:00,0.22272478073386992
2020-07-03 21:27:00,0.23372314989080678
2020-07-03 21:30:00,0.13755213522961185
2020-07-03 21:33:00,0.19266869745746362
2020-07-03 21:36:00,0.266740102857284
2020-07-03 21:39:00,0.19205078107751206
2020-07-03 21:42:00,0.08158055797838415
2020-07-03 21:45:00,0.0934995322830332
2020-07-03 21:48:00,0.05393319086124393
2020-07-03 21:51:00,0.1688806394375888
2020-07-03 21:54:00,0.23288084144479626
2020-07-03 21:57:00,0.4047187119105047
2020-07-03 22:00:00,0.5091570516400452
2020-07-03 22:03:00,0.3055466097284807
2020-07-03 22:06:00,0.1763257026477163
2020-07-03 22:09:00,0.34865579758348986
2020-07-03 22:12:00,0.35508243682858165
2020-07-03 22:15:00,0.34669587068214014
2020-07-03 22:18:00,0.30517960132903
2020-07-03 22:21:00,0.3068741193411597
2020-07-03 22:24:00,0.19898640649881827
2020-07-03 22:27:00,0.09738388175298951
2020-07-03 22:30:00,0.1881010093320583
2020-07-03 22:33:00,0.17517419480782337
2020-07-03 22:36:00,0.3722151890590908
2020-07-03 22:39:00,0.47668280045348865
2020-07-03 22:42:00,0.4420321020892857
2020-07-03 22:45:00,0.553159537483225
2020-07-03 22:48:00,0.523693505771007
2020-07-03 22:51:00,0.4710665921620034
2020-07-03 22:54:00,0.49201546196826484
2020-07-03 22:57:00,0.535904298289438
2020-07-03 23:00:00,0.5062748420091907
2020-07-03 23:03:00,0.40325901683337406
2020-07-03 23:06:00,0.3792374092370778
2020-07-03 23:09:00,0.2951131854358664
2020-07-03 23:12:00,0.2253299827310684
2020-07-03 23:15:00,0.27214051458219046
2020-07-03 23:18:00,0.3879835310403337
2020-07-03 23:21:00,0.3067061866120184
2020-07-03 23:24:00,0.2577795427623073
2020-07-03 23:27:00,0.248309833263761
2020-07-03 23:30:00,0.1763596719399061
2020-07-03 23:33:00,0.2765594581608184
2020-07-03 23:36:00,0.06380854883383336
2020-07-03 23:39:00,0.22522575629625408
2020-07-03 23:42:00,0.18242389737395115
2020-07-03 23:45:00,0.2767218160317384
2020-07-03 23:48:00,0.21131930488496664
2020-07-03 23:51:00,0.26388291268227704
2020-07-03 23:54:00,0.3840400673981321
2020-07-03 23:57:00,0.3518826606554626
2020-07-04 00:00:00,0.44988274806974005
2020-07-04 00:03:00,0.3920044549413433
2020-07-04 00:06:00,0.49151094214158775
2020-07-04 00:09:00,0.34217240977915253
2020-07-04 00:12:00,0.3838232336011629
2020-07-04 00:15:00,0.35322356787412446
2020-07-04 00:18:00,0.3532770608917417
2020-07-04 00:21:00,0.30625480920048176
2020-07-04 00:24:00,0.3280575572285329
2020-07-04 00:27:00,0.27232211583037724
2020-07-04 00:30:00,0.24148074874602798
2020-07-04 00:33:00,0.1606351140433162
2020-07-04 00:36:00,0.2023198153565886
2020-07-04 00:39:00,0.22449369509251937
2020-07-04 00:42:00,0.2747051006152219
2020-07-04 00:45:00,0.3918269382543258
2020-07-04 00:48:00,0.37817178841106625
2020-07-04 00:51:00,0.4687189990980869
2020-07-04 00:54:00,0.3917822662872936
2020-07-04 00:57:00,0.4214403092398129
2020-07-04 01:00:00,0.41633767609010874
2020-07-04 01:03:00,0.49175645293223624
2020-07-04 01:06:00,0.41674433933218324
2020-07-04 01:09:00,0.4380333560530403
2020-07-04 01:12:00,0.49706469619070504
2020-07-04 01:15:00,0.4316309975287709
2020-07-04 01:18:00,0.3160697446087397
2020-07-04 01:21:00,0.30194924356140973
2020-07-04 01:24:00,0.34005492542661386
2020-07-04 01:27:00,0.19195599930264962
2020-07-04 01:30:00,0.2411761405679158
2020-07-04 01:33:00,0.43974494605339487
2020-07-04 01:36:00,0.5891479589874393
2020-07-04 01:39:00,0.5170662200661127
2020-07-04 01:42:00,0.38267071385445206
2020-07-04 01:45:00,0.40158896387407594
2020-07-04 01:48:00,0.3553127503006408
2020-07-04 01:51:00,0.27337330837042373
2020-07-04 01:54:00,0.37138290829165044
2020-07-04 01:57:00,0.22628915522716397
2020-07-04 02:00:00,0.2125650915756978
2020-07-04 02:03:00,0.2573913855566161
2020-07-04 02:06:00,0.27269344100301396
2020-07-04 02:09:00,0.3441920161659482
2020-07-04 02:12:00,0.4549136910657694
2020-07-04 02:15:00,0.4590618853391675
2020-07-04 02:18:00,0.5476289685544202
2020-07-04 02:21:00,0.4991604584389506
2020-07-04 02:24:00,0.45311421443676636
2020-07-04 02:27:00,0.4494130061186752
2020-07-04 02:30:00,0.43727797425339077
2020-07-04 02:33:00,0.16441015253792557
2020-07-04 02:36:00,0.4169097137433937
2020-07-04 02:39:00,0.4273522118875803
2020-07-04 02:42:00,0.38577937425662867
2020-07-04 02:45:00,0.3662160283840876
2020-07-04 02:48:00,0.41043314205012393
2020-07-04 02:51:00,0.44018675704387533
2020-07-04 02:54:00,0.21553391797488075
2020-07-04 02:57:00,0.3529976588894783
2020-07-04 03:00:00,0.29841526314640987
2020-07-04 03:03:00,0.2825030481478734
2020-07-04 03:06:00,0.35252978863746876
2020-07-04 03:09:00,0.3467316648124097
2020-07-04 03:12:00,0.36716888914207857
2020-07-04 03:15:00,0.30378807035344835
2020-07-04 03:18:00,0.36278920633810685
2020-07-04 03:21:00,0.34780487801731397
2020-07-04 03:24:00,0.3556878259672658
2020-07-04 03:27:00,0.2892409325672247
2020-07-04 03:30:00,0.32158199649239805
2020-07-04 03:33:00,0.39545743871133254
2020-07-04 03:36:00,0.34778095743553195
2020-07-04 03:39:00,0.2981169359852629
2020-07-04 03:42:00,0.3749748469412566
2020-07-04 03:45:00,0.223835467528545
2020-07-04 03:48:00,0.28284672923274456
2020-07-04 03:51:00,0.2901993338850275
2020-07-04 03:54:00,0.2753682923987526
2020-07-04 03:57:00,0.24077676131042836
2020-07-04 04:00:00,0.30246930376188175
2020-07-04 04:03:00,0.28207806340310526
2020-07-04 04:06:00,0.3064390557655656
2020-07-04 04:09:00,0.19872518663555638
2020-07-04 04:12:00,0.3458294492788241
2020-07-04 04:15:00,0.3727127424195942
2020-07-04 04:18:00,0.4113682746013865
2020-07-04 04:21:00,0.2993062631383623
2020-07-04 04:24:00,0.3874438677917169
2020-07-04 04:27:00,0.23638472300211788
2020-07-04 04:30:00,0.3713660934246832
2020-07-04 04:33:00,0.2901290461988424
2020-07-04 04:36:00,0.3214152803575985
2020-07-04 04:39:00,0.27841477005739534
2020-07-04 04:42:00,0.25382998222607966
2020-07-04 04:45:00,0.23800121185678336
2020-07-04 04:48:00,0.29912884189224087
2020-07-04 04:51:00,0.2967123287666027
2020-07-04 04:54:00,0.23923926523826822
2020-07-04 04:57:00,0.22655163807502277
2020-07-04 05:00:00,0.1919362399196416
2020-07-04 05:03:00,0.3095534122199979
2020-07-04 05:06:00,0.2115737863239815
2020-07-04 05:09:00,0.2917948328175157
2020-07-04 05:12:00,0.3017211974998304
2020-07-04 05:15:00,0.2950642232568157
2020-07-04 05:18:00,0.29023908367832973
2020-07-04 05:21:00,0.2603556484839942
2020-07-04 05:24:00,0.26477605712466357
2020-07-04 05:27:00,0.2909198450268491
2020-07-04 05:30:00,0.2563246301510844
2020-07-04 05:33:00,0.20899974209004313
2020-07-04 05:36:00,0.28065759522985445
2020-07-04 05:39:00,0.27628984007469626
2020-07-04 05:42:00,0.3135853885067377
2020-07-04 05:45:00,0.2818294357225568
2020-07-04 05:48:00,0.278178199293734
2020-07-04 05:51:00,0.27865052619705466
2020-07-04 05:54:00,0.2552716816947509
2020-07-04 05:57:00,0.29714702841692997
2020-07-04 06:00:00,0.28529920664931296
2020-07-04 06:03:00,0.3668264486618682
2020-07-04 06:06:00,0.2804350544690237
2020-07-04 06:09:00,0.2765628068129331
2020-07-04 06:12:00,0.34708402873832256
2020-07-04 06:15:00,0.3633229523809973
2020-07-04 06:18:00,0.3072370994250946
2020-07-04 06:21:00,0.26968151596383905
2020-07-04 06:24:00,0.24125284396842517
2020-07-04 06:27:00,0.19182836118585556
2020-07-04 06:30:00,0.16058342106276768
2020-07-04 06:33:00,0.21354303353615478
2020-07-04 06:36:00,0.3872577041105387
2020-07-04 06:39:00,0.2866913114072531
2020-07-04 06:42:00,0.21209177878961327
2020-07-04 06:45:00,0.15436528302433317
2020-07-04 06:48:00,0.17458914761465394
2020-07-04 06:51:00,0.2990604455813468
2020-07-04 06:54:00,0.26075041339623795
2020-07-04 06:57:00,0.20103720397497682
2020-07-04 07:00:00,0.2743021992587842
2020-07-04 07:03:00,0.20973686374333056
2020-07-04 07:06:00,0.2347606225570189
2020-07-04 07:09:00,0.20218074959581145
2020-07-04 07:12:00,0.29546473793493533
2020-07-04 07:15:00,0.2784332309096271
2020-07-04 07:18:00,0.2128209508128407
2020-07-04 07:21:00,0.27848660490951715
2020-07-04 07:24:00,0.25072415462443587
2020-07-04 07:27:00,0.2183697944099663
2020-07-04 07:30:00,0.24247279396024624
2020-07-04 07:33:00,0.2280986529783604
2020-07-04 07:36:00,0.2630160980386336
2020-07-04 07:39:00,0.27241889663866914
2020-07-04 07:42:00,0.31547083189929026
2020-07-04 07:45:00,0.17400551330047165
2020-07-04 07:48:00,0.24187691091384522
2020-07-04 07:51:00,0.28675219717888467
2020-07-04 07:54:00,0.23135168684819973
2020-07-04 07:57:00,0.19813140478709101
2020-07-04 08:00:00,0.21424314012983814
2020-07-04 08:03:00,0.22323476715581592
2020-07-04 08:06:00,0.23622482566929648
2020-07-04 08:09:00,0.2972849629376242
2020-07-04 08:12:00,0.29503471992836694
2020-07-04 08:15:00,0.2555037258706534
2020-07-04 08:18:00,0.2727935893137783
2020-07-04 08:21:00,0.16444259178712173
2020-07-04 08:24:00,0.26274256207352664
2020-07-04 08:27:00,0.24484697700194147
2020-07-04 08:30:00,0.2520472546242445
2020-07-04 08:33:00,0.2864314342062926
2020-07-04 08:36:00,0.22890098353474286
2020-07-04 08:39:00,0.2648503571686547
2020-07-04 08:42:00,0.21953542888905986
2020-07-04 08:45:00,0.2433245024993198
2020-07-04 08:48:00,0.1859090908378107
2020-07-04 08:51:00,0.16555910656677497
2020-07-04 08:54:00,0.1922238158615528
2020-07-04 08:57:00,0.15279523614043455
2020-07-04 09:00:00,0.15358088802389602
2020-07-04 09:03:00,0.22825861849844387
2020-07-04 09:06:00,0.1842364492854358
2020-07-04 09:09:00,0.12471354257900202
2020-07-04 09:12:00,0.13639754084096012
2020-07-04 09:15:00,0.13101822194619217
2020-07-04 09:18:00,0.21430868787405188
2020-07-04 09:21:00,0.2163181498697213
2020-07-04 09:24:00,0.21323383501288617
2020-07-04 09:27:00,0.2289044039239343
2020-07-04 09:30:00,0.22920630258619212
2020-07-04 09:33:00,0.13056793116749077
2020-07-04 09:36:00,0.22952393686540518
2020-07-04 09:39:00,0.18161872996637385
2020-07-04 09:42:00,0.16092918005460888
2020-07-04 09:45:00,0.15976445131360606
2020-07-04 09:48:00,0.12637693500039404
2020-07-04 09:51:00,0.17330659197415343
2020-07-04 09:54:00,0.252905976140255
2020-07-04 09:57:00,0.13546138162735133
2020-07-04 10:00:00,0.17545283766099828
2020-07-04 10:03:00,0.27265469660113695
2020-07-04 10:06:00,0.16669800644257293
2020-07-04 10:09:00,0.23884578748175045
2020-07-04 10:12:00,0.08111524402818304
2020-07-04 10:15:00,0.2251633973459093
2020-07-04 10:18:00,0.08157555892688606
2020-07-04 10:21:00,0.18970378282347156
2020-07-04 10:24:00,0.1737430632933865
2020-07-04 10:27:00,0.13638013091127732
2020-07-04 10:30:00,0.22087522672967452
2020-07-04 10:33:00,0.10345462744260203
2020-07-04 10:36:00,0.2501661922566427
2020-07-04 10:39:00,0.2306114345975061
2020-07-04 10:42:00,0.17433358690715295
2020-07-04 10:45:00,0.19454164417976472
2020-07-04 10:48:00,0.07909254549406342
2020-07-04 10:51:00,0.1993244671824641
2020-07-04 10:54:00,0.0704211657146061
2020-07-04 10:57:00,0.06483629585295603
2020-07-04 11:00:00,0.13876123122378203
2020-07-04 11:03:00,0.11005336089425555
2020-07-04 11:06:00,0.016022193355695435
2020-07-04 11:09:00,0.05487041067846121
2020-07-04 11:12:00,0.09721297321948441
2020-07-04 11:15:00,0.11228204190882707
2020-07-04 11:18:00,0.014408153829322146
2020-07-04 11:21:00,0.050677785826565014
2020-07-04 11:24:00,-0.05943425337250119
2020-07-04 11:27:00,0.11799748430030377
2020-07-04 11:30:00,-0.05495308459398984
2020-07-04 11:33:00,0.015505670054608345
2020-07-04 11:36:00,-0.14147414472790842
2020-07-04 11:39:00,0.07806747184264395
2020-07-04 11:42:00,-0.12840603115660087
2020-07-04 11:45:00,-0.09854122692985356
2020-07-04 11:48:00,-0.005091916583012335
2020-07-04 11:51:00,-0.08451219255459819
2020-07-04 11:54:00,-0.09135368822791179
2020-07-04 11:57:00,-0.11843556141377576
2020-07-04 12:00:00,-0.08080975572693205
2020-07-04 12:03:00,-0.06218155602959996
2020-07-04 12:06:00,-0.037526814532157005
2020-07-04 12:09:00,-0.10806347262081317
2020-07-04 12:12:00,-0.18996288138879436
2020-07-04 12:15:00,-0.06884642703056443
2020-07-04 12:18:00,-0.21249250693080057
2020-07-04 12:21:00,-0.04061140055279111
2020-07-04 12:24:00,-0.07837939919733117
2020-07-04 12:27:00,-0.0937456849998739
2020-07-04 12:30:00,-0.10854353015099605
2020-07-04 12:33:00,-0.1373514739515258
2020-07-04 12:36:00,-0.12888792959324746
2020-07-04 12:39:00,-0.21638202452788846
2020-07-04 12:42:00,-0.19445302035506984
2020-07-04 12:45:00,-0.1560909859633739
2020-07-04 12:48:00,-0.10171920465495532
2020-07-04 12:51:00,-0.20484799917596774
2020-07-04 12:54:00,-0.15370660987650808
2020-07-04 12:57:00,-0.12710776888098962
2020-07-04 13:00:00,-0.12559846438654176
2020-07-04 13:03:00,-0.2762081185564398
2020-07-04 13:06:00,-0.21089091972476126
2020-07-04 13:09:00,-0.21415291735218034
2020-07-04 13:12:00,-0.2472117996188672
2020-07-04 13:15:00,-0.09210541598548616
2020-07-04 13:18:00,-0.2922288086172671
2020-07-04 13:21:00,-0.22892148610753793
2020-07-04 13:24:00,-0.17330227795662267
2020-07-04 13:27:00,-0.2225267321703086
2020-07-04 13:30:00,-0.22344282933494242
2020-07-04 13:33:00,-0.335227082513768
2020-07-04 13:36:00,-0.21814988032372185
2020-07-04 13:39:00,-0.2726537000672806
2020-07-04 13:42:00,-0.35724500993086394
2020-07-04 13:45:00,-0.2546899288611826
2020-07-04 13:48:00,-0.39669047351651443
2020-07-04 13:51:00,-0.32235224487061487
2020-07-04 13:54:00,-0.2830019450890404
2020-07-04 13:57:00,-0.3272975029861982
2020-07-04 14:00:00,-0.2584563723017368
2020-07-04 14:03:00,-0.24593341625421772
2020-07-04 14:06:00,-0.21256889313917782
2020-07-04 14:09:00,-0.31031658773213167
2020-07-04 14:12:00,-0.24345249414722048
2020-07-04 14:15:00,-0.2930893557797276
2020-07-04 14:18:00,-0.3075328419572543
2020-07-04 14:21:00,-0.22653622081247704
2020-07-04 14:24:00,-0.1733477615495076
2020-07-04 14:27:00,-0.18342653215694327
2020-07-04 14:30:00,-0.10176673500006927
2020-07-04 14:33:00,-0.2379159530206607
2020-07-04 14:36:00,-0.09425186297193022
2020-07-04 14:39:00,-0.10728740688426797
2020-07-04 14:42:00,-0.23814764042515435
2020-07-04 14:45:00,-0.2031791624238508
2020-07-04 14:48:00,-0.15709255431295333
2020-07-04 14:51:00,-0.263859265077258
2020-07-04 14:54:00,-0.3101164594973511
2020-07-04 14:57:00,-0.29554055375410826
2020-07-04 15:00:00,-0.28418703082127195
2020-07-04 15:03:00,-0.28260858897175467
2020-07-04 15:06:00,-0.2569942591760537
2020-07-04 15:09:00,-0.308080015498831
2020-07-04 15:12:00,-0.3325191879367253
2020-07-04 15:15:00,-0.37155031630237545
2020-07-04 15:18:00,-0.2527893877125962
2020-07-04 15:21:00,-0.24353048574334935
2020-07-04 15:24:00,-0.14982229564259342
2020-07-04 15:27:00,-0.25002359033919674
2020-07-04 15:30:00,-0.2990051632075392
2020-07-04 15:33:00,-0.2723977867664189
2020-07-04 15:36:00,-0.3222316969621488
2020-07-04 15:39:00,-0.17295023240575347
2020-07-04 15:42:00,-0.11714540677849072
2020-07-04 15:45:00,-0.20832742687059636
2020-07-04 15:48:00,-0.22274538513812558
2020-07-04 15:51:00,-0.3187154436416222
2020-07-04 15:54:00,-0.2103520281015676
2020-07-04 15:57:00,-0.1406591830188404
2020-07-04 16:00:00,-0.18928819869699964
2020-07-04 16:03:00,-0.17129652788827343
2020-07-04 16:06:00,-0.1280712326461071
2020-07-04 16:09:00,-0.07558807484952013
2020-07-04 16:12:00,-0.02676374102156842
2020-07-04 16:15:00,-0.11064503738077747
2020-07-04 16:18:00,0.028784546194231098
2020-07-04 16:21:00,-0.030842372585084377
2020-07-04 16:24:00,-0.02906138722352125
2020-07-04 16:27:00,-0.21311252198023567
2020-07-04 16:30:00,-0.15683452054474856
2020-07-04 16:33:00,-0.25088595721086904
2020-07-04 16:36:00,-0.13091356659663234
2020-07-04 16:39:00,-0.09288774271459488
2020-07-04 16:42:00,-0.0809868138264278
2020-07-04 16:45:00,-0.019221009004525058
2020-07-04 16:48:00,0.036131066243399346
2020-07-04 16:51:00,0.16572895522926956
2020-07-04 16:54:00,0.0019897558015600225
2020-07-04 16:57:00,-0.05445332823586568
2020-07-04 17:00:00,-0.08498431013924801
2020-07-04 17:03:00,-0.15169553088480825
2020-07-04 17:06:00,-0.12552866328275059
2020-07-04 17:09:00,-0.15256140987611388
2020-07-04 17:12:00,-0.07053628847745586
2020-07-04 17:15:00,-0.19376480020088138
2020-07-04 17:18:00,-0.1995625083241066
2020-07-04 17:21:00,-0.13134288902705293
2020-07-04 17:24:00,-0.05869036259008453
2020-07-04 17:27:00,-0.07907421837046513
2020-07-04 17:30:00,-0.10712906865092009
2020-07-04 17:33:00,-0.19942935378691118
2020-07-04 17:36:00,-0.1676548567867826
2020-07-04 17:39:00,-0.12610235294448557
2020-07-04 17:42:00,-0.21247182588996338
2020-07-04 17:45:00,-0.11472724348084284
2020-07-04 17:48:00,0.03395663638212909
2020-07-04 17:51:00,0.08920839666342317
2020-07-04 17:54:00,-0.009869561880407218
2020-07-04 17:57:00,0.0014905829244753477
2020-07-04 18:00:00,0.058634100134440814
2020-07-04 18:03:00,0.20206172477440987
2020-07-04 18:06:00,0.35950870028187865
2020-07-04 18:09:00,0.18260712456020656
2020-07-04 18:12:00,-0.0863433171182919
2020-07-04 18:15:00,-0.08791922423444021
2020-07-04 18:18:00,-0.0829155060958442
2020-07-04 18:21:00,-0.030836398062547232
2020-07-04 18:24:00,0.040511265724546774
2020-07-04 18:27:00,0.041687227733632426
2020-07-04 18:30:00,0.060707989638785875
2020-07-04 18:33:00,0.0966344912279169
2020-07-04 18:36:00,0.010319518621599855
2020-07-04 18:39:00,0.011761852541042117
2020-07-04 18:42:00,-0.02725755554507714
2020-07-04 18:45:00,0.06306070956793519
2020-07-04 18:48:00,0.029020500026263107
2020-07-04 18:51:00,0.060165570304718585
2020-07-04 18:54:00,
2020-07-04 18:57:00,
2020-07-04 19:00:00,
2020-07-04 19:03:00,0.1407290988298655
2020-07-04 19:06:00,0.13237772128894676
2020-07-04 19:09:00,0.09205871698850387
2020-07-04 19:12:00,0.19998316281169082
2020-07-04 19:15:00,0.006633594075196925
2020-07-04 19:18:00,0.0274249377733895
2020-07-04 19:21:00,0.024786096270361213
2020-07-04 19:24:00,0.07589998246487539
2020-07-04 19:27:00,0.04944100866413237
2020-07-04 19:30:00,-0.0805337936747037
2020-07-04 19:33:00,0.051270037593781126
2020-07-04 19:36:00,0.028535128295345658
2020-07-04 19:39:00,0.022258253312031684
2020-07-04 19:42:00,0.06980023877707708
2020-07-04 19:45:00,-0.018477803215262156
2020-07-04 19:48:00,0.11051606277800374
2020-07-04 19:51:00,-0.03099914371620116
2020-07-04 19:54:00,-0.04194920004272262
2020-07-04 19:57:00,-0.0206200168037185
2020-07-04 20:00:00,-0.005130195560752782
2020-07-04 20:03:00,-0.007534569711538097
2020-07-04 20:06:00,-0.029498591867309187
2020-07-04 20:09:00,0.08248575720227791
2020-07-04 20:12:00,0.02455082029547384
2020-07-04 20:15:00,0.08526177194033835
2020-07-04 20:18:00,0.08876898078159456
2020-07-04 20:21:00,0.0698965638355844
2020-07-04 20:24:00,0.0788288042658678
2020-07-04 20:27:00,0.11246565555637744
2020-07-04 20:30:00,0.21349570829755748
2020-07-04 20:33:00,0.19044516418426838
2020-07-04 20:36:00,0.2139970096623074
2020-07-04 20:39:00,0.13622108144642198
2020-07-04 20:42:00,0.18206860432940175
2020-07-04 20:45:00,0.2334706106442468
2020-07-04 20:48:00,0.31215095653601566
2020-07-04 20:51:00,0.5109546495971813
2020-07-04 20:54:00,0.4581051597082251
2020-07-04 20:57:00,0.6843454866299794
2020-07-04 21:00:00,0.6214609300772054
2020-07-04 21:03:00,0.561110197632388
2020-07-04 21:06:00,0.4664243709003131
2020-07-04 21:09:00,0.3123112839861619
2020-07-04 21:12:00,0.2213596305986698
2020-07-04 21:15:00,0.25119356554137084
2020-07-04 21:18:00,0.2663726897840206
2020-07-04 21:21:00,0.3247913358576966
2020-07-04 21:24:00,0.14721436677501742
2020-07-04 21:27:00,0.1914926388362801
2020-07-04 21:30:00,0.3454760062537616
2020-07-04 21:33:00,0.38232474146741424
2020-07-04 21:36:00,0.4360228649285318
2020-07-04 21:39:00,0.4763387247723472
2020-07-04 21:42:00,0.3601950675594594
2020-07-04 21:45:00,0.49053966797742987
2020-07-04 21:48:00,0.45852458154161013
2020-07-04 21:51:00,0.6135019802619581
2020-07-04 21:54:00,0.4825412447542021
2020-07-04 21:57:00,0.4387636793650813
2020-07-04 22:00:00,0.47432799467344466
2020-07-04 22:03:00,0.5761686662733609
2020-07-04 22:06:00,0.6114617651088565
2020-07-04 22:09:00,0.6621068500906517
2020-07-04 22:12:00,0.49132930712249845
2020-07-04 22:15:00,0.38476337424833673
2020-07-04 22:18:00,0.2976759570520926
2020-07-04 22:21:00,0.32429387284048516
2020-07-04 22:24:00,0.4701742621345488
2020-07-04 22:27:00,0.18984215050505782
2020-07-04 22:30:00,0.3653279475497584
2020-07-04 22:33:00,0.36078898673366666
2020-07-04 22:36:00,0.540427143155739
2020-07-04 22:39:00,0.5450721740635345
2020-07-04 22:42:00,0.3877961377120869
2020-07-04 22:45:00,0.5049814145642699
2020-07-04 22:48:00,0.31779847292727936
2020-07-04 22:51:00,0.3652395201280001
2020-07-04 22:54:00,0.40412644244906915
2020-07-04 22:57:00,0.39035893648093634
2020-07-04 23:00:00,0.36658832958778476
2020-07-04 23:03:00,0.36419161505784814
2020-07-04 23:06:00,0.3621300149513331
2020-07-04 23:09:00,0.4496221892145513
2020-07-04 23:12:00,0.3866319990171405
2020-07-04 23:15:00,0.45062847844803855
2020-07-04 23:18:00,0.47221003934845385
2020-07-04 23:21:00,0.4024911601578083
2020-07-04 23:24:00,0.5437155595132026
2020-07-04 23:27:00,0.5649293923651157
2020-07-04 23:30:00,0.6066108755993582
2020-07-04 23:33:00,0.5751279172245631
2020-07-04 23:36:00,0.5910906419287016
2020-07-04 23:39:00,0.5464115966723853
2020-07-04 23:42:00,0.460729305688119
2020-07-04 23:45:00,0.5388066221865984
2020-07-04 23:48:00,0.5746049091250143
2020-07-04 23:51:00,0.5443748554608305
2020-07-04 23:54:00,0.6069059934295069
2020-07-04 23:57:00,0.5468527088661972
2020-07-05 00:00:00,0.4773082266671054
2020-07-05 00:03:00,0.4771731613874408
2020-07-05 00:06:00,0.485882058456923
2020-07-05 00:09:00,0.5760585334252255
2020-07-05 00:12:00,0.5177547689871744
2020-07-05 00:15:00,0.6049720122236977
2020-07-05 00:18:00,0.6034797597594093
2020-07-05 00:21:00,0.6146734564940175
2020-07-05 00:24:00,0.5170615723509968
2020-07-05 00:27:00,0.5243745838683367
2020-07-05 00:30:00,0.6268822804039473
2020-07-05 00:33:00,0.5980199022254169
2020-07-05 00:36:00,0.5869767046234529
2020-07-05 00:39:00,0.6167941421086311
2020-07-05 00:42:00,0.6124766229358443
2020-07-05 00:45:00,0.584693535148233
2020-07-05 00:48:00,0.6128478685328673
2020-07-05 00:51:00,0.578725564979095
2020-07-05 00:54:00,0.6476896532519163
2020-07-05 00:57:00,0.7634584381681861
2020-07-05 01:00:00,0.8688870069838686
2020-07-05 01:03:00,0.9500884461067471
2020-07-05 01:06:00,0.6711950842214378
2020-07-05 01:09:00,0.7561249008398931
2020-07-05 01:12:00,0.6918600953330838
2020-07-05 01:15:00,0.6998203447168407
2020-07-05 01:18:00,0.5598680127400826
2020-07-05 01:21:00,0.48129043525278803
2020-07-05 01:24:00,0.4418896677236148
2020-07-05 01:27:00,0.5025705080358307
2020-07-05 01:30:00,0.47345670782215166
2020-07-05 01:33:00,0.497967576778251
2020-07-05 01:36:00,0.32500920545771805
2020-07-05 01:39:00,0.442523637900365
2020-07-05 01:42:00,0.4964806936422974
2020-07-05 01:45:00,0.44007291291950423
2020-07-05 01:48:00,0.44859347624304746
2020-07-05 01:51:00,0.41867662456667176
2020-07-05 01:54:00,0.4937311533406614
2020-07-05 01:57:00,0.5952212005262822
2020-07-05 02:00:00,0.4442577278407498
2020-07-05 02:03:00,0.49177339672451126
2020-07-05 02:06:00,0.5537414694085214
2020-07-05 02:09:00,0.48198526429177946
2020-07-05 02:12:00,0.476961689841346
2020-07-05 02:15:00,0.4598286899296795
2020-07-05 02:18:00,0.4080961723258838
2020-07-05 02:21:00,0.42095296811424987
2020-07-05 02:24:00,0.426969427147867
2020-07-05 02:27:00,0.3204032548271698
2020-07-05 02:30:00,0.46805099761962765
2020-07-05 02:33:00,0.3656203831724838
2020-07-05 02:36:00,0.4629259975990294
2020-07-05 02:39:00,0.38925424397223196
2020-07-05 02:42:00,0.40537635343656575
2020-07-05 02:45:00,0.35236267002431987
2020-07-05 02:48:00,0.49880074155487364
2020-07-05 02:51:00,0.47047505959500313
2020-07-05 02:54:00,0.4602756934519334
2020-07-05 02:57:00,0.43147253576296407
2020-07-05 03:00:00,0.45647368471327354
2020-07-05 03:03:00,0.3981340958292776
2020-07-05 03:06:00,0.5349978685259202
2020-07-05 03:09:00,0.39258809333949785
2020-07-05 03:12:00,0.5445222048736582
2020-07-05 03:15:00,0.4390015035107808
2020-07-05 03:18:00,0.36151379269290373
2020-07-05 03:21:00,0.4840896495907714
2020-07-05 03:24:00,0.4548019179187577
2020-07-05 03:27:00,0.38789212280613583
2020-07-05 03:30:00,0.48562968996662903
2020-07-05 03:33:00,0.4470882018470661
2020-07-05 03:36:00,0.46639608990506076
2020-07-05 03:39:00,0.4688301825165695
2020-07-05 03:42:00,0.4952696149460962
2020-07-05 03:45:00,0.35472275798622377
2020-07-05 03:48:00,0.44089594823600464
2020-07-05 03:51:00,0.44729390576486594
2020-07-05 03:54:00,0.42470563693143504
2020-07-05 03:57:00,0.3931534441652502
2020-07-05 04:00:00,0.4828162751309151
2020-07-05 04:03:00,0.39063026104872733
2020-07-05 04:06:00,0.44351260790784863
2020-07-05 04:09:00,0.427469503794498
2020-07-05 04:12:00,0.4372072202898494
2020-07-05 04:15:00,0.3944597427175154
2020-07-05 04:18:00,0.43637104226945667
2020-07-05 04:21:00,0.42097313926785773
2020-07-05 04:24:00,0.5826718296505078
2020-07-05 04:27:00,0.4669650849262439
2020-07-05 04:30:00,0.3480514144329163
2020-07-05 04:33:00,0.4715448558676485
2020-07-05 04:36:00,0.4761822954552031
2020-07-05 04:39:00,0.436446543361626
2020-07-05 04:42:00,0.37948817099385224
2020-07-05 04:45:00,0.44604660222341863
2020-07-05 04:48:00,0.5199638859333504
2020-07-05 04:51:00,0.47351411738083016
2020-07-05 04:54:00,0.5631330222094562
2020-07-05 04:57:00,0.5184615904843213
2020-07-05 05:00:00,0.49218002429762464
2020-07-05 05:03:00,0.4636603677726612
2020-07-05 05:06:00,0.49873723279443993
2020-07-05 05:09:00,0.5237069069025893
2020-07-05 05:12:00,0.4847542188877014
2020-07-05 05:15:00,0.4111145352132439
2020-07-05 05:18:00,0.4697595092679876
2020-07-05 05:21:00,0.4432344395959831
2020-07-05 05:24:00,0.5678504618538796
2020-07-05 05:27:00,0.4674131696864947
2020-07-05 05:30:00,0.438916070550988
2020-07-05 05:33:00,0.4462208798133247
2020-07-05 05:36:00,0.4367020471337355
2020-07-05 05:39:00,0.43692808937220207
2020-07-05 05:42:00,0.40775234194154564
2020-07-05 05:45:00,0.45028137944058244
2020-07-05 05:48:00,0.5093054032619762
2020-07-05 05:51:00,0.43904894945137585
2020-07-05 05:54:00,0.506642144387456
2020-07-05 05:57:00,0.48444101600568956
2020-07-05 06:00:00,0.536752678691073
2020-07-05 06:03:00,0.4470126496069611
2020-07-05 06:06:00,0.46959788125622026
2020-07-05 06:09:00,0.5170368589612053
2020-07-05 06:12:00,0.4987871257287111
2020-07-05 06:15:00,0.43258601194196444
2020-07-05 06:18:00,0.4403682456647289
2020-07-05 06:21:00,0.3604820456730522
2020-07-05 06:24:00,0.45992246245629076
2020-07-05 06:27:00,0.4282346213790902
2020-07-05 06:30:00,0.5120418764519741
2020-07-05 06:33:00,0.4466224459475825
2020-07-05 06:36:00,0.4809868255509855
2020-07-05 06:39:00,0.4569721745258448
2020-07-05 06:42:00,0.5854485639936229
2020-07-05 06:45:00,0.4510299604323791
2020-07-05 06:48:00,0.5351352387672819
2020-07-05 06:51:00,0.5256358889614603
2020-07-05 06:54:00,0.47417201701478007
2020-07-05 06:57:00,0.5434370119365326
2020-07-05 07:00:00,0.435921830210134
2020-07-05 07:03:00,0.45432758831236697
2020-07-05 07:06:00,0.40212073602606324
2020-07-05 07:09:00,0.49785253787473494
2020-07-05 07:12:00,0.42308092087063187
2020-07-05 07:15:00,0.3408729283859202
2020-07-05 07:18:00,0.4994390155948736
2020-07-05 07:21:00,0.3763485395237467
2020-07-05 07:24:00,0.49969977543747746
2020-07-05 07:27:00,0.5320003440002665
2020-07-05 07:30:00,0.4142185760925372
2020-07-05 07:33:00,0.4652470662881001
2020-07-05 07:36:00,0.4659309007979573
2020-07-05 07:39:00,0.4050471230846142
2020-07-05 07:42:00,0.38044303122779866
2020-07-05 07:45:00,0.3139207590975275
2020-07-05 07:48:00,0.4711451859687372
2020-07-05 07:51:00,0.37813058401820854
2020-07-05 07:54:00,0.3324884165314188
2020-07-05 07:57:00,0.3399860145274829
2020-07-05 08:00:00,0.36771984657377743
2020-07-05 08:03:00,0.4355329012748257
2020-07-05 08:06:00,0.4524114924124092
2020-07-05 08:09:00,0.42804838856829974
2020-07-05 08:12:00,0.37270607886006246
2020-07-05 08:15:00,0.448469573380919
2020-07-05 08:18:00,0.3600499989386208
2020-07-05 08:21:00,0.3995595904702327
2020-07-05 08:24:00,0.3963858274040035
2020-07-05 08:27:00,0.48069025959773626
2020-07-05 08:30:00,0.49454505042257324
2020-07-05 08:33:00,0.37313614290826536
2020-07-05 08:36:00,0.33352981895438916
2020-07-05 08:39:00,0.40112016371995196
2020-07-05 08:42:00,0.4938304387607104
2020-07-05 08:45:00,0.47181587168427086
2020-07-05 08:48:00,0.4367328550328011
2020-07-05 08:51:00,0.4456548891377565
2020-07-05 08:54:00,0.4575949356595288
2020-07-05 08:57:00,0.442646684052022
2020-07-05 09:00:00,0.39448115263206773
2020-07-05 09:03:00,0.3981913342350367
2020-07-05 09:06:00,0.47947758275176966
2020-07-05 09:09:00,0.45349201206147427
2020-07-05 09:12:00,0.3988783982413793
2020-07-05 09:15:00,0.516067497584686
2020-07-05 09:18:00,0.48248078344130363
2020-07-05 09:21:00,0.541852365526097
2020-07-05 09:24:00,0.42721511649716604
2020-07-05 09:27:00,0.3334210309532182
2020-07-05 09:30:00,0.3518021312862629
2020-07-05 09:33:00,0.31092299153760905
2020-07-05 09:36:00,0.334413202696453
2020-07-05 09:39:00,0.42147207296864053
2020-07-05 09:42:00,0.44288401494418395
2020-07-05 09:45:00,0.4710244475662648
2020-07-05 09:48:00,0.46220304725363803
2020-07-05 09:51:00,0.5307632008239693
2020-07-05 09:54:00,0.482231244426373
2020-07-05 09:57:00,0.28289100575454995
2020-07-05 10:00:00,0.4754487496333013
2020-07-05 10:03:00,0.42690535954915276
2020-07-05 10:06:00,0.5996536821253358
2020-07-05 10:09:00,0.45099391396337296
2020-07-05 10:12:00,0.49745300206933507
2020-07-05 10:15:00,0.4160790104817238
2020-07-05 10:18:00,0.5030771280522686
2020-07-05 10:21:00,0.3714956191913643
2020-07-05 10:24:00,0.45452031282070493
2020-07-05 10:27:00,0.4840767885257833
2020-07-05 10:30:00,0.43462613686602936
2020-07-05 10:33:00,0.47566152365135395
2020-07-05 10:36:00,0.4883790949905915
2020-07-05 10:39:00,0.41296306896731494
2020-07-05 10:42:00,0.42157108715770164
2020-07-05 10:45:00,0.4531091376716745
2020-07-05 10:48:00,0.2715499631222542
2020-07-05 10:51:00,0.3504666662221325
2020-07-05 10:54:00,0.46285315331999755
2020-07-05 10:57:00,0.45229240903751133
2020-07-05 11:00:00,0.4044574743360272
2020-07-05 11:03:00,0.31333971009479455
2020-07-05 11:06:00,0.45323645756354836
2020-07-05 11:09:00,0.32948884771400344
2020-07-05 11:12:00,0.3119424633527501
2020-07-05 11:15:00,0.2904615658976013
2020-07-05 11:18:00,0.2823061737308876
2020-07-05 11:21:00,0.3142286131323999
2020-07-05 11:24:00,0.2642971605600337
2020-07-05 11:27:00,0.16316501632729796
2020-07-05 11:30:00,0.3414198015065608
2020-07-05 11:33:00,0.4016437143814642
2020-07-05 11:36:00,0.3219730637250109
2020-07-05 11:39:00,0.30334588684706887
2020-07-05 11:42:00,0.13188388991414968
2020-07-05 11:45:00,0.20002347283593735
2020-07-05 11:48:00,0.1887349118778161
2020-07-05 11:51:00,0.24890960689583608
2020-07-05 11:54:00,0.21325558777863307
2020-07-05 11:57:00,0.26565246463206904
2020-07-05 12:00:00,0.22741686451092846
2020-07-05 12:03:00,0.25263647563770064
2020-07-05 12:06:00,0.13634666867835676
2020-07-05 12:09:00,0.1913836150708903
2020-07-05 12:12:00,0.16781663494816712
2020-07-05 12:15:00,0.1921528157149055
2020-07-05 12:18:00,0.09424471800872425
2020-07-05 12:21:00,0.12390788732585634
2020-07-05 12:24:00,0.17787318377622796
2020-07-05 12:27:00,0.0813746414041816
2020-07-05 12:30:00,0.06977028148224917
2020-07-05 12:33:00,0.182597305784725
2020-07-05 12:36:00,0.17432594794695433
2020-07-05 12:39:00,0.11992203792726741
2020-07-05 12:42:00,0.06990020632667893
2020-07-05 12:45:00,0.10525419447395734
2020-07-05 12:48:00,0.026147475638936157
2020-07-05 12:51:00,0.12335362881043466
2020-07-05 12:54:00,0.07300861021610672
2020-07-05 12:57:00,0.08183383129158983
2020-07-05 13:00:00,0.045810057998608045
2020-07-05 13:03:00,-0.021897542798228642
2020-07-05 13:06:00,0.11130568680420083
2020-07-05 13:09:00,0.09714575544211357
2020-07-05 13:12:00,0.08442314746361035
2020-07-05 13:15:00,0.07486998698743719
2020-07-05 13:18:00,0.0256457866013875
2020-07-05 13:21:00,0.046819394358522004
2020-07-05 13:24:00,0.023611479193448304
2020-07-05 13:27:00,-0.010530263862222
2020-07-05 13:30:00,-0.05186091356642919
2020-07-05 13:33:00,-0.003211558292889549
2020-07-05 13:36:00,-0.045499385914013146
2020-07-05 13:39:00,-0.03157887252450564
2020-07-05 13:42:00,-0.032039432408794255
2020-07-05 13:45:00,-0.07920542532747277
2020-07-05 13:48:00,-0.11432698214736092
2020-07-05 13:51:00,-0.10575538621566238
2020-07-05 13:54:00,-0.10909670152119588
2020-07-05 13:57:00,-0.04132462447228136
2020-07-05 14:00:00,-0.031773479041874
2020-07-05 14:03:00,-0.0735703036623363
2020-07-05 14:06:00,-0.10089321617004998
2020-07-05 14:09:00,-0.09409555095533051
2020-07-05 14:12:00,-0.06224818295578416
2020-07-05 14:15:00,-0.0011652389281380238
2020-07-05 14:18:00,-0.08816289495217688
2020-07-05 14:21:00,0.033745733055354776
2020-07-05 14:24:00,-0.19089406190130376
2020-07-05 14:27:00,0.1484094790177437
2020-07-05 14:30:00,0.2745546334011806
2020-07-05 14:33:00,0.1979575746833575
2020-07-05 14:36:00,0.046981191802615285
2020-07-05 14:39:00,0.06931683474380179
2020-07-05 14:42:00,0.12393822153319434
2020-07-05 14:45:00,0.19527474982419335
2020-07-05 14:48:00,0.057829873125569975
2020-07-05 14:51:00,0.013219759935395814
2020-07-05 14:54:00,-0.11973209112829863
2020-07-05 14:57:00,0.134253989465833
2020-07-05 15:00:00,-0.04910040825325268
2020-07-05 15:03:00,0.0659625496185754
2020-07-05 15:06:00,-0.048533246072054226
2020-07-05 15:09:00,0.007071052371941278
2020-07-05 15:12:00,-0.0024976534892289237
2020-07-05 15:15:00,-0.030313437263600918
2020-07-05 15:18:00,0.10646515382302368
2020-07-05 15:21:00,-0.09899572555320901
2020-07-05 15:24:00,0.0035208946359261972
2020-07-05 15:27:00,0.07365650382160993
2020-07-05 15:30:00,0.1470691714148984
2020-07-05 15:33:00,0.05163026323947406
2020-07-05 15:36:00,0.10555970764949052
2020-07-05 15:39:00,0.06472520824235062
2020-07-05 15:42:00,-0.08973125799644777
2020-07-05 15:45:00,-0.009995307407052678
2020-07-05 15:48:00,0.01406886293301568
2020-07-05 15:51:00,-0.12745128477877188
2020-07-05 15:54:00,-0.08138760375231868
2020-07-05 15:57:00,-0.23559722189378363
2020-07-05 16:00:00,-0.20781290421626863
2020-07-05 16:03:00,-0.16388521539170142
2020-07-05 16:06:00,-0.24661300988009316
2020-07-05 16:09:00,-0.23712724245734762
2020-07-05 16:12:00,-0.1344225825414469
2020-07-05 16:15:00,-0.11933577253711292
2020-07-05 16:18:00,-0.12857092764301115
2020-07-05 16:21:00,-0.07122054917329024
2020-07-05 16:24:00,-0.10707478405987558
2020-07-05 16:27:00,-0.15052273397145655
2020-07-05 16:30:00,-0.06873507715903315
2020-07-05 16:33:00,-0.05362587237391381
2020-07-05 16:36:00,-0.09373036168727822
2020-07-05 16:39:00,-0.03519015728949171
2020-07-05 16:42:00,-0.16878130814745873
2020-07-05 16:45:00,-0.09094857854739757
2020-07-05 16:48:00,-0.001316048671299086
2020-07-05 16:51:00,0.059441517365598884
2020-07-05 16:54:00,-0.10653050972064193
2020-07-05 16:57:00,-0.005478598269405666
2020-07-05 17:00:00,0.019688373239375778
2020-07-05 17:03:00,-0.04752279846059082
2020-07-05 17:06:00,-0.0008356221504186578
2020-07-05 17:09:00,-0.05034196680878722
2020-07-05 17:12:00,-0.16403415347519967
2020-07-05 17:15:00,-0.09644927411017079
2020-07-05 17:18:00,0.029012621774768377
2020-07-05 17:21:00,-0.05572172632264483
2020-07-05 17:24:00,-0.08902378925637322
2020-07-05 17:27:00,-0.021619296072117322
2020-07-05 17:30:00,-0.08364219066908163
2020-07-05 17:33:00,-0.1218427210060895
2020-07-05 17:36:00,-0.022922732536869717
2020-07-05 17:39:00,-0.05477079194781709
2020-07-05 17:42:00,-0.06495389560240028
2020-07-05 17:45:00,-0.009338681000940596
2020-07-05 17:48:00,-0.10675179433366111
2020-07-05 17:51:00,-0.154266940068851
2020-07-05 17:54:00,-0.08535354864295641
2020-07-05 17:57:00,-0.02400042200531516
2020-07-05 18:00:00,-0.04863742218316247
2020-07-05 18:03:00,0.09793371979776566
2020-07-05 18:06:00,0.1392824031688633
2020-07-05 18:09:00,0.0666587532521703
2020-07-05 18:12:00,0.0364312181067703
2020-07-05 18:15:00,0.04117901192392992
2020-07-05 18:18:00,0.07907415647122207
2020-07-05 18:21:00,-0.0012428469456153834
2020-07-05 18:24:00,0.0884126750379437
2020-07-05 18:27:00,0.06090144044662793
2020-07-05 18:30:00,0.10735596269847747
2020-07-05 18:33:00,0.12054355053339805
2020-07-05 18:36:00,0.11340370285410017
2020-07-05 18:39:00,0.1571164452527114
2020-07-05 18:42:00,0.1164531958638122
2020-07-05 18:45:00,0.013906870483765488
2020-07-05 18:48:00,0.14849485268945273
2020-07-05 18:51:00,0.22071061681737092
2020-07-05 18:54:00,
2020-07-05 18:57:00,
2020-07-05 19:00:00,
2020-07-05 19:03:00,0.094169573236627
2020-07-05 19:06:00,0.1639295664252245
2020-07-05 19:09:00,0.11192516229243665
2020-07-05 19:12:00,0.06152461464273529
2020-07-05 19:15:00,0.047940353741921626
2020-07-05 19:18:00,0.15634874595406245
2020-07-05 19:21:00,0.17268053999418953
2020-07-05 19:24:00,0.18498824639323175
2020-07-05 19:27:00,0.20271524518813067
2020-07-05 19:30:00,0.15403756989735484
2020-07-05 19:33:00,0.12633984492816808
2020-07-05 19:36:00,0.13886360590436198
2020-07-05 19:39:00,0.18228112721408252
2020-07-05 19:42:00,0.23709135309138674
2020-07-05 19:45:00,0.13853279116341355
2020-07-05 19:48:00,0.2545160919827367
2020-07-05 19:51:00,0.20184932650818155
2020-07-05 19:54:00,0.26102629945285116
2020-07-05 19:57:00,0.19500168589155464
2020-07-05 20:00:00,0.15908248792061386
2020-07-05 20:03:00,0.1720210347128841
2020-07-05 20:06:00,0.17678243069576638
2020-07-05 20:09:00,0.20043918522958393
2020-07-05 20:12:00,0.2249208786845429
2020-07-05 20:15:00,0.11289264710023872
2020-07-05 20:18:00,0.21646235776933054
2020-07-05 20:21:00,0.16408900199638765
2020-07-05 20:24:00,0.15562444799911646
2020-07-05 20:27:00,0.1292297746570057
2020-07-05 20:30:00,0.2269308956160785
2020-07-05 20:33:00,0.21311030838830902
2020-07-05 20:36:00,0.15469211618665213
2020-07-05 20:39:00,0.20447226874887292
2020-07-05 20:42:00,0.21294248729026322
2020-07-05 20:45:00,0.1562513876755247
2020-07-05 20:48:00,0.1432438535875349
2020-07-05 20:51:00,0.2785381363971169
2020-07-05 20:54:00,0.24317104097906395
2020-07-05 20:57:00,0.3411112856762202
2020-07-05 21:00:00,0.1817096239080911
2020-07-05 21:03:00,0.2596204241089026
2020-07-05 21:06:00,0.31608758934703474
2020-07-05 21:09:00,0.2923702663248946
2020-07-05 21:12:00,0.19586101360721386
2020-07-05 21:15:00,0.2944872929179496
2020-07-05 21:18:00,0.18255614682806254
2020-07-05 21:21:00,0.23531770403661767
2020-07-05 21:24:00,0.21558217130046842
2020-07-05 21:27:00,0.2546126802251365
2020-07-05 21:30:00,0.21648840233865485
2020-07-05 21:33:00,0.23690188611516305
2020-07-05 21:36:00,0.28608362455025826
2020-07-05 21:39:00,0.2301388047606565
2020-07-05 21:42:00,0.22412398720615556
2020-07-05 21:45:00,0.2329883684352012
2020-07-05 21:48:00,0.274151634365694
2020-07-05 21:51:00,0.24407880213311728
2020-07-05 21:54:00,0.2493543987815201
2020-07-05 21:57:00,0.19808447389959838
2020-07-05 22:00:00,0.2155588842607017
2020-07-05 22:03:00,0.29394260869099753
2020-07-05 22:06:00,0.2586348021762319
2020-07-05 22:09:00,0.21775632193839556
2020-07-05 22:12:00,0.21054659109233853
2020-07-05 22:15:00,0.3016825355480819
2020-07-05 22:18:00,0.258823695794149
2020-07-05 22:21:00,0.1564244055045947
2020-07-05 22:24:00,0.21687932871549265
2020-07-05 22:27:00,0.3366899050037091
2020-07-05 22:30:00,0.2611469166022289
2020-07-05 22:33:00,0.28090282567887925
2020-07-05 22:36:00,0.2876074959439734
2020-07-05 22:39:00,0.21367409579841024
2020-07-05 22:42:00,0.20293447177880353
2020-07-05 22:45:00,0.23103221841944332
2020-07-05 22:48:00,0.30180472546811643
2020-07-05 22:51:00,0.20226176524624861
2020-07-05 22:54:00,0.22208550642079672
2020-07-05 22:57:00,0.27682152679983574
2020-07-05 23:00:00,0.266979151327007
2020-07-05 23:03:00,0.21128968792606884
2020-07-05 23:06:00,0.24573891089221434
2020-07-05 23:09:00,0.32127524783328454
2020-07-05 23:12:00,0.2671951248944424
2020-07-05 23:15:00,0.18871230138432793
2020-07-05 23:18:00,0.21548101561154454
2020-07-05 23:21:00,0.24669489472023542
2020-07-05 23:24:00,0.2368265162533021
2020-07-05 23:27:00,0.2885650303172156
2020-07-05 23:30:00,0.24800173921818214
2020-07-05 23:33:00,0.31826861881489776
2020-07-05 23:36:00,0.31186347079943744
2020-07-05 23:39:00,0.32356568246513007
2020-07-05 23:42:00,0.19019242479373588
2020-07-05 23:45:00,0.26793019339521607
2020-07-05 23:48:00,0.44868892030621055
2020-07-05 23:51:00,0.25768649961469237
2020-07-05 23:54:00,0.37101983720060616
2020-07-05 23:57:00,0.3918303429726393
2020-07-06 00:00:00,0.40344340617662056
2020-07-06 00:03:00,0.4032234790640814
2020-07-06 00:06:00,0.4441737352713062
2020-07-06 00:09:00,0.31777415719602686
2020-07-06 00:12:00,0.2831131471156141
2020-07-06 00:15:00,0.2987008653782368
2020-07-06 00:18:00,0.22428258821486224
2020-07-06 00:21:00,0.3702346214299723
2020-07-06 00:24:00,0.29949106319310204
2020-07-06 00:27:00,0.3304097256485079
2020-07-06 00:30:00,0.3123780448374305
2020-07-06 00:33:00,0.3777146343823574
2020-07-06 00:36:00,0.29012768392283306
2020-07-06 00:39:00,0.32444113156395815
2020-07-06 00:42:00,0.41361949356843297
2020-07-06 00:45:00,0.39570930397496795
2020-07-06 00:48:00,0.2934988737206936
2020-07-06 00:51:00,0.39099047724965885
2020-07-06 00:54:00,0.39642967187205613
2020-07-06 00:57:00,0.36407014857775266
2020-07-06 01:00:00,0.30877608449145555
2020-07-06 01:03:00,0.43641723477105643
2020-07-06 01:06:00,0.5203638927125098
2020-07-06 01:09:00,0.3361893993061926
2020-07-06 01:12:00,0.31203047229769254
2020-07-06 01:15:00,0.35206377114968745
2020-07-06 01:18:00,0.3199831267749573
2020-07-06 01:21:00,0.3398905424084546
2020-07-06 01:24:00,0.34704822584438944
2020-07-06 01:27:00,0.44777445718222
2020-07-06 01:30:00,0.457845472182953
2020-07-06 01:33:00,0.4250169130871768
2020-07-06 01:36:00,0.5041412940999521
2020-07-06 01:39:00,0.3735957792320619
2020-07-06 01:42:00,0.41573069737177093
2020-07-06 01:45:00,0.4166293600036397
2020-07-06 01:48:00,0.4123901466477946
2020-07-06 01:51:00,0.4167860246932946
2020-07-06 01:54:00,0.44112123744508835
2020-07-06 01:57:00,0.4150849004135466
2020-07-06 02:00:00,0.44336695824290473
2020-07-06 02:03:00,0.3895525005317495
2020-07-06 02:06:00,0.3560357879412095
2020-07-06 02:09:00,0.41158528553143015
2020-07-06 02:12:00,0.3585966280804769
2020-07-06 02:15:00,0.4322958405318218
2020-07-06 02:18:00,0.4035539059188409
2020-07-06 02:21:00,0.40897661104872896
2020-07-06 02:24:00,0.3210795294655213
2020-07-06 02:27:00,0.3666147146653884
2020-07-06 02:30:00,0.3253249902062407
2020-07-06 02:33:00,0.32953452431695496
2020-07-06 02:36:00,0.4546179106853856
2020-07-06 02:39:00,0.39079083902930734
2020-07-06 02:42:00,0.38305616224033656
2020-07-06 02:45:00,0.3872298258975775
2020-07-06 02:48:00,0.4302323845672049
2020-07-06 02:51:00,0.4113289684771644
2020-07-06 02:54:00,0.3612072616634805
2020-07-06 02:57:00,0.3821596000404952
2020-07-06 03:00:00,0.33932680307242435
2020-07-06 03:03:00,0.37038155262456485
2020-07-06 03:06:00,0.43735319989377786
2020-07-06 03:09:00,0.3337521388381788
2020-07-06 03:12:00,0.37141437363140994
2020-07-06 03:15:00,0.45570367964597835
2020-07-06 03:18:00,0.41350614500123584
2020-07-06 03:21:00,0.304772893629945
2020-07-06 03:24:00,0.33499727811346247
2020-07-06 03:27:00,0.32411791099144693
2020-07-06 03:30:00,0.3316783618269028
2020-07-06 03:33:00,0.3297493322224909
2020-07-06 03:36:00,0.42159368492525573
2020-07-06 03:39:00,0.44038361664519243
2020-07-06 03:42:00,0.4048767414338954
2020-07-06 03:45:00,0.3825891782626627
2020-07-06 03:48:00,0.4840361168153322
2020-07-06 03:51:00,0.4694577539468128
2020-07-06 03:54:00,0.4458632951678396
2020-07-06 03:57:00,0.3890688365185042
2020-07-06 04:00:00,0.41093127982964006
2020-07-06 04:03:00,0.43286660394346654
2020-07-06 04:06:00,0.41351880064439683
2020-07-06 04:09:00,0.4052961551299745
2020-07-06 04:12:00,0.45306430935357866
2020-07-06 04:15:00,0.5228501312791423
2020-07-06 04:18:00,0.3284070924514708
2020-07-06 04:21:00,0.39747171066011333
2020-07-06 04:24:00,0.3664182625073522
2020-07-06 04:27:00,0.2885562575533527
2020-07-06 04:30:00,0.3225863250593761
2020-07-06 04:33:00,0.3098853882268031
2020-07-06 04:36:00,0.38757103479707666
2020-07-06 04:39:00,0.3270957061000672
2020-07-06 04:42:00,0.47016859774231534
2020-07-06 04:45:00,0.34158358413992573
2020-07-06 04:48:00,0.35734133216283226
2020-07-06 04:51:00,0.32501727476591213
2020-07-06 04:54:00,0.3358423365644967
2020-07-06 04:57:00,0.41264659957602134
2020-07-06 05:00:00,0.33604792410289974
2020-07-06 05:03:00,0.3128911266526302
2020-07-06 05:06:00,0.3468679992936927
2020-07-06 05:09:00,0.2487043663388704
2020-07-06 05:12:00,0.2828521881500592
2020-07-06 05:15:00,0.27372562987181936
2020-07-06 05:18:00,0.3157875740420195
2020-07-06 05:21:00,0.2735260559611561
2020-07-06 05:24:00,0.24931158593386726
2020-07-06 05:27:00,0.2545018019852705
2020-07-06 05:30:00,0.27818927091061596
2020-07-06 05:33:00,0.3258559700560113
2020-07-06 05:36:00,0.2383123120874302
2020-07-06 05:39:00,0.30695798289696086
2020-07-06 05:42:00,0.3731812616226762
2020-07-06 05:45:00,0.38623085183490957
2020-07-06 05:48:00,0.36131976581816616
2020-07-06 05:51:00,0.34665440688564786
2020-07-06 05:54:00,0.3601073439755851
2020-07-06 05:57:00,0.30534829211012493
2020-07-06 06:00:00,0.3670532957611954
2020-07-06 06:03:00,0.40934000286711125
2020-07-06 06:06:00,0.3438553369167039
2020-07-06 06:09:00,0.3856155929757392
2020-07-06 06:12:00,0.376041113239296
2020-07-06 06:15:00,0.3289915313159213
2020-07-06 06:18:00,0.3526788511763357
2020-07-06 06:21:00,0.4283089268937488
2020-07-06 06:24:00,0.25028643917534055
2020-07-06 06:27:00,0.3307719303427916
2020-07-06 06:30:00,0.41380029879741187
2020-07-06 06:33:00,0.32517749596206613
2020-07-06 06:36:00,0.3415134586616091
2020-07-06 06:39:00,0.43930070613242833
2020-07-06 06:42:00,0.3884005906432435
2020-07-06 06:45:00,0.325078447867611
2020-07-06 06:48:00,0.4407068556727154
2020-07-06 06:51:00,0.35056041719673203
2020-07-06 06:54:00,0.3953556094091937
2020-07-06 06:57:00,0.31768479302456853
2020-07-06 07:00:00,0.42600456026696065
2020-07-06 07:03:00,0.3354254653932003
2020-07-06 07:06:00,0.33554694287880693
2020-07-06 07:09:00,0.27491257840762273
2020-07-06 07:12:00,0.30089857306649037
2020-07-06 07:15:00,0.31611771440952907
2020-07-06 07:18:00,0.34901553756122894
2020-07-06 07:21:00,0.2792580974572729
2020-07-06 07:24:00,0.35025706456150374
2020-07-06 07:27:00,0.3104641509334556
2020-07-06 07:30:00,0.282398271386171
2020-07-06 07:33:00,0.2900451726893607
2020-07-06 07:36:00,0.3607603689559369
2020-07-06 07:39:00,0.17891345365779898
2020-07-06 07:42:00,0.21127611195362306
2020-07-06 07:45:00,0.3113475754112187
2020-07-06 07:48:00,0.3126726409309981
2020-07-06 07:51:00,0.32228851045562124
2020-07-06 07:54:00,0.2822463251977183
2020-07-06 07:57:00,0.23926581667245728
2020-07-06 08:00:00,0.25004111694431685
2020-07-06 08:03:00,0.18334083837459048
2020-07-06 08:06:00,0.17141569288935443
2020-07-06 08:09:00,0.3506516942121607
2020-07-06 08:12:00,0.20262253683495146
2020-07-06 08:15:00,0.2864128113665174
2020-07-06 08:18:00,0.2151476079586132
2020-07-06 08:21:00,0.21010508045520737
2020-07-06 08:24:00,0.2670888884696865
2020-07-06 08:27:00,0.20828249942940147
2020-07-06 08:30:00,0.17699728762869427
2020-07-06 08:33:00,0.12291583404777384
2020-07-06 08:36:00,0.1618074276196353
2020-07-06 08:39:00,0.14265149275479416
2020-07-06 08:42:00,0.2297793210019563
2020-07-06 08:45:00,0.08166462773397143
2020-07-06 08:48:00,0.2086494058922881
2020-07-06 08:51:00,0.11230890363100343
2020-07-06 08:54:00,0.11960848245348643
2020-07-06 08:57:00,0.1611045213527973
2020-07-06 09:00:00,0.014773978815526334
2020-07-06 09:03:00,0.08793460588060498
2020-07-06 09:06:00,0.07343683024225811
2020-07-06 09:09:00,0.027181494056549127
2020-07-06 09:12:00,0.015041429196799072
2020-07-06 09:15:00,0.06796717089650883
2020-07-06 09:18:00,-0.021052112842482984
2020-07-06 09:21:00,0.06487461707030207
2020-07-06 09:24:00,0.08607514283983164
2020-07-06 09:27:00,-0.04680632862874745
2020-07-06 09:30:00,0.009424653514940928
2020-07-06 09:33:00,-0.001818640768874502
2020-07-06 09:36:00,0.035022266602595664
2020-07-06 09:39:00,-0.10647384607307231
2020-07-06 09:42:00,0.02407265245454937
2020-07-06 09:45:00,0.061364805173241166
2020-07-06 09:48:00,0.01061997532372061
2020-07-06 09:51:00,-0.00870618436630366
2020-07-06 09:54:00,0.012626044048261065
2020-07-06 09:57:00,-0.009532692131585918
2020-07-06 10:00:00,0.03300413749650488
2020-07-06 10:03:00,0.002343302142378434
2020-07-06 10:06:00,0.06145296233614772
2020-07-06 10:09:00,-0.09137301591135838
2020-07-06 10:12:00,-0.027123819960138462
2020-07-06 10:15:00,-0.0663947351151819
2020-07-06 10:18:00,0.01576555149011938
2020-07-06 10:21:00,0.003206334346202766
2020-07-06 10:24:00,0.020788650490658256
2020-07-06 10:27:00,0.05092914624901823
2020-07-06 10:30:00,-0.018117711121192315
2020-07-06 10:33:00,-0.021449079292438
2020-07-06 10:36:00,-0.022080691955750353
2020-07-06 10:39:00,-0.09946813743374605
2020-07-06 10:42:00,-0.10218043811573807
2020-07-06 10:45:00,-0.11607776536891379
2020-07-06 10:48:00,-0.03335421528407778
2020-07-06 10:51:00,-0.0974013181557325
2020-07-06 10:54:00,-0.028791860272917802
2020-07-06 10:57:00,-0.21898265685950946
2020-07-06 11:00:00,-0.18876317693496958
2020-07-06 11:03:00,-0.19844529274314482
2020-07-06 11:06:00,-0.09724709769193396
2020-07-06 11:09:00,-0.0945047955804057
2020-07-06 11:12:00,-0.10883833135892473
2020-07-06 11:15:00,-0.12594162166305978
2020-07-06 11:18:00,-0.20327426252708847
2020-07-06 11:21:00,-0.27163422857353225
2020-07-06 11:24:00,-0.2064049037156792
2020-07-06 11:27:00,-0.18777169620176437
2020-07-06 11:30:00,-0.2927080930576267
2020-07-06 11:33:00,-0.18054529681859321
2020-07-06 11:36:00,-0.1804182984169529
2020-07-06 11:39:00,-0.3314481853576581
2020-07-06 11:42:00,-0.16967981067807614
2020-07-06 11:45:00,-0.2564176163044749
2020-07-06 11:48:00,-0.19315852688464474
2020-07-06 11:51:00,-0.18824957887881055
2020-07-06 11:54:00,-0.21598547908087085
2020-07-06 11:57:00,-0.35745524407167295
2020-07-06 12:00:00,-0.2266070943289833
2020-07-06 12:03:00,-0.1964952547463099
2020-07-06 12:06:00,-0.18183922627076754
2020-07-06 12:09:00,-0.3060746167084858
2020-07-06 12:12:00,-0.32947015587581063
2020-07-06 12:15:00,-0.3116864588939734
2020-07-06 12:18:00,-0.2471113298652199
2020-07-06 12:21:00,-0.24045398121739936
2020-07-06 12:24:00,-0.3020025129154078
2020-07-06 12:27:00,-0.3260622012723502
2020-07-06 12:30:00,-0.02855018659676034
2020-07-06 12:33:00,-0.11451560668365346
2020-07-06 12:36:00,-0.16560325146275545
2020-07-06 12:39:00,-0.1974153015646607
2020-07-06 12:42:00,-0.05159365741877764
2020-07-06 12:45:00,-0.13406029280491794
2020-07-06 12:48:00,-0.1646839348302933
2020-07-06 12:51:00,-0.19983576872726871
2020-07-06 12:54:00,-0.23402373314058877
2020-07-06 12:57:00,-0.12213598446339802
2020-07-06 13:00:00,0.03580466951524386
2020-07-06 13:03:00,0.009091093292340702
2020-07-06 13:06:00,0.12727229205682988
2020-07-06 13:09:00,-0.024683276300379475
2020-07-06 13:12:00,0.0006036884101376927
2020-07-06 13:15:00,0.10137390783415867
2020-07-06 13:18:00,0.11550507717316805
2020-07-06 13:21:00,0.22358229512389016
2020-07-06 13:24:00,-0.05094766705326492
2020-07-06 13:27:00,0.18164602675204833
2020-07-06 13:30:00,0.14433807358500417
2020-07-06 13:33:00,0.26926781844741754
2020-07-06 13:36:00,0.18259608607604605
2020-07-06 13:39:00,0.21372105760468685
2020-07-06 13:42:00,0.17731911679180712
2020-07-06 13:45:00,0.3533708270859961
2020-07-06 13:48:00,0.39241465356275285
2020-07-06 13:51:00,0.23779861395303215
2020-07-06 13:54:00,-0.03841670154838539
2020-07-06 13:57:00,0.04026732889815321
2020-07-06 14:00:00,0.03434799061130889
2020-07-06 14:03:00,-0.039131354419453146
2020-07-06 14:06:00,-0.014143422422648655
2020-07-06 14:09:00,-0.2248249245401439
2020-07-06 14:12:00,0.06560176006917118
2020-07-06 14:15:00,0.1950406916697034
2020-07-06 14:18:00,0.3082367217904789
2020-07-06 14:21:00,0.3218874220364114
2020-07-06 14:24:00,0.1024946079207325
2020-07-06 14:27:00,-0.07361106920745897
2020-07-06 14:30:00,0.07869647767120114
2020-07-06 14:33:00,0.3263101321081763
2020-07-06 14:36:00,0.2768962351207165
2020-07-06 14:39:00,0.09401676665356717
2020-07-06 14:42:00,0.018347837273665846
2020-07-06 14:45:00,-0.011049097366765182
2020-07-06 14:48:00,-0.008747438338502889
2020-07-06 14:51:00,0.011324006239135542
2020-07-06 14:54:00,-0.001513561529350227
2020-07-06 14:57:00,-0.0014858224075169346
2020-07-06 15:00:00,-0.06907574811748418
2020-07-06 15:03:00,-0.002006275951828229
2020-07-06 15:06:00,0.010425437735534615
2020-07-06 15:09:00,-0.020270521256747998
2020-07-06 15:12:00,-0.05865722729549816
2020-07-06 15:15:00,0.20115624594023984
2020-07-06 15:18:00,0.03203848056375591
2020-07-06 15:21:00,-0.07161141223696177
2020-07-06 15:24:00,-0.021567825492127213
2020-07-06 15:27:00,-0.02208217484155739
2020-07-06 15:30:00,-0.011958596815361489
2020-07-06 15:33:00,-0.08900758003051124
2020-07-06 15:36:00,0.22455070721804304
2020-07-06 15:39:00,-0.07772949514276206
2020-07-06 15:42:00,-0.0415488520622489
2020-07-06 15:45:00,-0.040647059196430746
2020-07-06 15:48:00,0.28778308345528103
2020-07-06 15:51:00,0.1681281211531882
2020-07-06 15:54:00,0.5975670165888687
2020-07-06 15:57:00,0.4692775832746747
2020-07-06 16:00:00,0.11054265790261297
2020-07-06 16:03:00,0.21736838922515744
2020-07-06 16:06:00,0.2945255746161024
2020-07-06 16:09:00,0.04189465396649439
2020-07-06 16:12:00,0.13295805584829168
2020-07-06 16:15:00,0.21716720834706393
2020-07-06 16:18:00,0.07850333628380213
2020-07-06 16:21:00,0.019338097752154226
2020-07-06 16:24:00,0.5873601688316512
2020-07-06 16:27:00,0.2952142918188656
2020-07-06 16:30:00,0.4343807997599356
2020-07-06 16:33:00,0.45910842222900783
2020-07-06 16:36:00,0.2401958704775211
2020-07-06 16:39:00,0.16020726798222995
2020-07-06 16:42:00,-0.03659083974707755
2020-07-06 16:45:00,0.13488799577925192
2020-07-06 16:48:00,0.015395811142752791
2020-07-06 16:51:00,0.0034690748883576816
2020-07-06 16:54:00,0.08030136962793222
2020-07-06 16:57:00,0.27536340685867344
2020-07-06 17:00:00,0.15795161648969724
2020-07-06 17:03:00,0.0753971622795575
2020-07-06 17:06:00,0.0810904704907216
2020-07-06 17:09:00,0.07625781095845241
2020-07-06 17:12:00,-0.09296323656815275
2020-07-06 17:15:00,0.06945190047548522
2020-07-06 17:18:00,-0.04901445084391298
2020-07-06 17:21:00,-0.038375008662683285
2020-07-06 17:24:00,0.19900651589233576
2020-07-06 17:27:00,0.13784554524033865
2020-07-06 17:30:00,0.045608439701993575
2020-07-06 17:33:00,0.1148755897432352
2020-07-06 17:36:00,-0.009408523585932471
2020-07-06 17:39:00,0.05677547375915992
2020-07-06 17:42:00,0.15319904038602772
2020-07-06 17:45:00,0.09683944384289589
2020-07-06 17:48:00,0.02329472320656123
2020-07-06 17:51:00,0.0007428696097235843
2020-07-06 17:54:00,-0.01631083198685701
2020-07-06 17:57:00,0.027720333350885085
2020-07-06 18:00:00,0.02937857086681106
2020-07-06 18:03:00,-0.05961848400932013
2020-07-06 18:06:00,-0.02770880812431642
2020-07-06 18:09:00,0.044705325296263254
2020-07-06 18:12:00,0.032765465507395675
2020-07-06 18:15:00,-0.039139095472194185
2020-07-06 18:18:00,-0.034296888427718386
2020-07-06 18:21:00,0.03854966505298307
2020-07-06 18:24:00,0.1585684852399254
2020-07-06 18:27:00,0.07976246062867176
2020-07-06 18:30:00,0.07619863406262084
2020-07-06 18:33:00,0.06852167526977837
2020-07-06 18:36:00,0.034806799186185344
2020-07-06 18:39:00,0.03436374351639415
2020-07-06 18:42:00,0.094090434479142
2020-07-06 18:45:00,0.06059052995044567
2020-07-06 18:48:00,0.004220192222760488
2020-07-06 18:51:00,0.011593101615858359
2020-07-06 18:54:00,
2020-07-06 18:57:00,
2020-07-06 19:00:00,
2020-07-06 19:03:00,-0.0341870130555435
2020-07-06 19:06:00,0.016560188217283667
2020-07-06 19:09:00,-0.0014300698218221441
2020-07-06 19:12:00,-0.0023837428000774707
2020-07-06 19:15:00,-0.0023759617567407076
2020-07-06 19:18:00,0.09888115429390609
2020-07-06 19:21:00,-0.07417478239358388
2020-07-06 19:24:00,0.0219016011303097
2020-07-06 19:27:00,0.05155719826950644
2020-07-06 19:30:00,-0.010295512181528466
2020-07-06 19:33:00,0.0864692584834188
2020-07-06 19:36:00,0.032044429226857574
2020-07-06 19:39:00,0.030192415602584788
2020-07-06 19:42:00,0.15697768683151025
2020-07-06 19:45:00,0.032986825611374115
2020-07-06 19:48:00,0.07360339087506418
2020-07-06 19:51:00,0.12887395087170717
2020-07-06 19:54:00,0.06384356138318026
2020-07-06 19:57:00,0.14920931482254218
2020-07-06 20:00:00,0.12031722632542596
2020-07-06 20:03:00,0.17090674463565847
2020-07-06 20:06:00,0.1602996610914147
2020-07-06 20:09:00,0.11706495740884293
2020-07-06 20:12:00,0.07655342401216103
2020-07-06 20:15:00,0.04220736493471122
2020-07-06 20:18:00,0.02507054498431671
2020-07-06 20:21:00,0.17264552520208554
2020-07-06 20:24:00,0.08057887079183956
2020-07-06 20:27:00,0.03377916441564821
2020-07-06 20:30:00,0.14055891057290637
2020-07-06 20:33:00,0.18801781140393814
2020-07-06 20:36:00,0.06785638259481175
2020-07-06 20:39:00,0.149054131127059
2020-07-06 20:42:00,0.11287295799002095
2020-07-06 20:45:00,0.21097559482393535
2020-07-06 20:48:00,0.17953632776647055
2020-07-06 20:51:00,0.09056302978780195
2020-07-06 20:54:00,0.017322233009167576
2020-07-06 20:57:00,0.14957318173838985
2020-07-06 21:00:00,0.20179812435662825
2020-07-06 21:03:00,0.16552671601834845
2020-07-06 21:06:00,0.1875497405446822
2020-07-06 21:09:00,0.12671715214656842
2020-07-06 21:12:00,0.13486809191647353
2020-07-06 21:15:00,0.1440918406112246
2020-07-06 21:18:00,0.11523758682551488
2020-07-06 21:21:00,0.07021043505045554
2020-07-06 21:24:00,0.09084015532391732
2020-07-06 21:27:00,0.049821690584110456
2020-07-06 21:30:00,0.07106713118741936
2020-07-06 21:33:00,0.15662071399907518
2020-07-06 21:36:00,0.10570952727834992
2020-07-06 21:39:00,0.1142378297703317
2020-07-06 21:42:00,0.1399692305179201
2020-07-06 21:45:00,0.16268126404054328
2020-07-06 21:48:00,0.13166126806675038
2020-07-06 21:51:00,0.2257621271776884
2020-07-06 21:54:00,0.23900032279368588
2020-07-06 21:57:00,0.11995406273473463
2020-07-06 22:00:00,0.17287973921446564
2020-07-06 22:03:00,0.12294530878494925
2020-07-06 22:06:00,0.11881954848030318
2020-07-06 22:09:00,0.1711061541250274
2020-07-06 22:12:00,0.13069281698739132
2020-07-06 22:15:00,0.12824990472660147
2020-07-06 22:18:00,0.21901650746588075
2020-07-06 22:21:00,0.24253986031004615
2020-07-06 22:24:00,0.22638342815145052
2020-07-06 22:27:00,0.21592703608922648
2020-07-06 22:30:00,0.1698628523338357
2020-07-06 22:33:00,0.20935740896140942
2020-07-06 22:36:00,0.26050127037632365
2020-07-06 22:39:00,0.2803619479417421
2020-07-06 22:42:00,0.20837235408896504
2020-07-06 22:45:00,0.25354948784251974
2020-07-06 22:48:00,0.2186846075571225
2020-07-06 22:51:00,0.09539563837785181
2020-07-06 22:54:00,0.29086429851190587
2020-07-06 22:57:00,0.1365727032669497
2020-07-06 23:00:00,0.1708191380507742
2020-07-06 23:03:00,0.25348859056123274
2020-07-06 23:06:00,0.24644901505001826
2020-07-06 23:09:00,0.22264298308010666
2020-07-06 23:12:00,0.12052740966964848
2020-07-06 23:15:00,0.16179594930287067
2020-07-06 23:18:00,0.2481824228893288
2020-07-06 23:21:00,0.22461555055718918
2020-07-06 23:24:00,0.286124715282142
2020-07-06 23:27:00,0.21310992561052444
2020-07-06 23:30:00,0.21862182889395854
2020-07-06 23:33:00,0.23008894161182525
2020-07-06 23:36:00,0.21548613434032404
2020-07-06 23:39:00,0.30435012461930455
2020-07-06 23:42:00,0.2573626118345942
2020-07-06 23:45:00,0.21151801429158468
2020-07-06 23:48:00,0.22391908858867282
2020-07-06 23:51:00,0.2785681981687276
2020-07-06 23:54:00,0.2765055445450457
2020-07-06 23:57:00,0.22267121132438206
2020-07-07 00:00:00,0.21312941246475248
2020-07-07 00:03:00,0.26563420227881807
2020-07-07 00:06:00,0.14329659965085284
2020-07-07 00:09:00,0.1935070080346577
2020-07-07 00:12:00,0.265412976055984
2020-07-07 00:15:00,0.31373324691651305
2020-07-07 00:18:00,0.25388953483764
2020-07-07 00:21:00,0.27474093354663864
2020-07-07 00:24:00,0.2917611088589638
2020-07-07 00:27:00,0.30824495050291034
2020-07-07 00:30:00,0.245188137232617
2020-07-07 00:33:00,0.2665287525225608
2020-07-07 00:36:00,0.2767834426754803
2020-07-07 00:39:00,0.3117578033669588
2020-07-07 00:42:00,0.26058011419956983
2020-07-07 00:45:00,0.3364385567260797
2020-07-07 00:48:00,0.32360035209353555
2020-07-07 00:51:00,0.3923222668055928
2020-07-07 00:54:00,0.3012043844221921
2020-07-07 00:57:00,0.3110134196719514
2020-07-07 01:00:00,0.39463371851462625
2020-07-07 01:03:00,0.3075494989405456
2020-07-07 01:06:00,0.3208490611385173
2020-07-07 01:09:00,0.2931544374204691
2020-07-07 01:12:00,0.3841698263767057
2020-07-07 01:15:00,0.3792218558432978
2020-07-07 01:18:00,0.42574587445221823
2020-07-07 01:21:00,0.4598563046731101
2020-07-07 01:24:00,0.4315778953159679
2020-07-07 01:27:00,0.42369858223622714
2020-07-07 01:30:00,0.43747369336813335
2020-07-07 01:33:00,0.4971564739113319
2020-07-07 01:36:00,0.3963223311743036
2020-07-07 01:39:00,0.4736425282075061
2020-07-07 01:42:00,0.48297386316369284
2020-07-07 01:45:00,0.49812403791787574
2020-07-07 01:48:00,0.3282289991777816
2020-07-07 01:51:00,0.3458498876129852
2020-07-07 01:54:00,0.3958893892274773
2020-07-07 01:57:00,0.36063075894395524
2020-07-07 02:00:00,0.31594065794394055
2020-07-07 02:03:00,0.35668353682478937
2020-07-07 02:06:00,0.32237934668398793
2020-07-07 02:09:00,0.27052781495615363
2020-07-07 02:12:00,0.3174710324962007
2020-07-07 02:15:00,0.3524505782524443
2020-07-07 02:18:00,0.29879180030508223
2020-07-07 02:21:00,0.3194862908666778
2020-07-07 02:24:00,0.30891700964053825
2020-07-07 02:27:00,0.31902495874845727
2020-07-07 02:30:00,0.3780910012727645
2020-07-07 02:33:00,0.3643887513119921
2020-07-07 02:36:00,0.34442141335762244
2020-07-07 02:39:00,0.36014000396579604
2020-07-07 02:42:00,0.4296574154026871
2020-07-07 02:45:00,0.33777902669817195
2020-07-07 02:48:00,0.3340977027993972
2020-07-07 02:51:00,0.3503097860111666
2020-07-07 02:54:00,0.24498636985339317
2020-07-07 02:57:00,0.42220077080452256
2020-07-07 03:00:00,0.26857180666502245
2020-07-07 03:03:00,0.37841551695419184
2020-07-07 03:06:00,0.2641214069171838
2020-07-07 03:09:00,0.35836456071882594
2020-07-07 03:12:00,0.3801239779812704
2020-07-07 03:15:00,0.3573545177350752
2020-07-07 03:18:00,0.34095162885165564
2020-07-07 03:21:00,0.42871380621670596
2020-07-07 03:24:00,0.3893704671184537
2020-07-07 03:27:00,0.3129038724241582
2020-07-07 03:30:00,0.26690327877156506
2020-07-07 03:33:00,0.27582872897818334
2020-07-07 03:36:00,0.3276361183559402
2020-07-07 03:39:00,0.35715119965550457
2020-07-07 03:42:00,0.37224484262776514
2020-07-07 03:45:00,0.35388128537431385
2020-07-07 03:48:00,0.3101254338442345
2020-07-07 03:51:00,0.3959262640950669
2020-07-07 03:54:00,0.3846455310751935
2020-07-07 03:57:00,0.36801346057882256
2020-07-07 04:00:00,0.3037317947769793
2020-07-07 04:03:00,0.3052880887584024
2020-07-07 04:06:00,0.341656355267105
2020-07-07 04:09:00,0.3886067123959265
2020-07-07 04:12:00,0.3319165442744634
2020-07-07 04:15:00,0.391261309209483
2020-07-07 04:18:00,0.4179815673945768
2020-07-07 04:21:00,0.3157886204924125
2020-07-07 04:24:00,0.4319664946596049
2020-07-07 04:27:00,0.3316171719011436
2020-07-07 04:30:00,0.4786425609601679
2020-07-07 04:33:00,0.4310682254202334
2020-07-07 04:36:00,0.4264841524279177
2020-07-07 04:39:00,0.48943294623103384
2020-07-07 04:42:00,0.45318006196487204
2020-07-07 04:45:00,0.3606611675378417
2020-07-07 04:48:00,0.3726180546288447
2020-07-07 04:51:00,0.3557946874523168
2020-07-07 04:54:00,0.4047043666970467
2020-07-07 04:57:00,0.39349829970848305
2020-07-07 05:00:00,0.3746665569885863
2020-07-07 05:03:00,0.38310038353773734
2020-07-07 05:06:00,0.3718260159416218
2020-07-07 05:09:00,0.3894431419618627
2020-07-07 05:12:00,0.41676023363254444
2020-07-07 05:15:00,0.4471199717952459
2020-07-07 05:18:00,0.36624024665763955
2020-07-07 05:21:00,0.3691642564858171
2020-07-07 05:24:00,0.40867501741155365
2020-07-07 05:27:00,0.38067192596849964
2020-07-07 05:30:00,0.47040401710438573
2020-07-07 05:33:00,0.2714260648291429
2020-07-07 05:36:00,0.3537399281112812
2020-07-07 05:39:00,0.36971038057924943
2020-07-07 05:42:00,0.395333613206617
2020-07-07 05:45:00,0.2741882753646223
2020-07-07 05:48:00,0.3972853919339059
2020-07-07 05:51:00,0.4426104339598851
2020-07-07 05:54:00,0.3283155347305069
2020-07-07 05:57:00,0.3512561529049094
2020-07-07 06:00:00,0.3273297726931901
2020-07-07 06:03:00,0.3297725952281212
2020-07-07 06:06:00,0.41632313050814673
2020-07-07 06:09:00,0.3231203385582262
2020-07-07 06:12:00,0.34207620123453353
2020-07-07 06:15:00,0.3308728643679615
2020-07-07 06:18:00,0.2855501636227018
2020-07-07 06:21:00,0.3239878216636498
2020-07-07 06:24:00,0.4838059479395156
2020-07-07 06:27:00,0.40917827268890505
2020-07-07 06:30:00,0.35043922792470994
2020-07-07 06:33:00,0.4056010784484556
2020-07-07 06:36:00,0.3891211930490499
2020-07-07 06:39:00,0.32818738728911967
2020-07-07 06:42:00,0.3203559346392808
2020-07-07 06:45:00,0.3202434979926352
2020-07-07 06:48:00,0.3038444513191507
2020-07-07 06:51:00,0.3875297342963222
2020-07-07 06:54:00,0.30094478616649667
2020-07-07 06:57:00,0.33632784894075485
2020-07-07 07:00:00,0.2824277231152905
2020-07-07 07:03:00,0.3863024943345863
2020-07-07 07:06:00,0.39863190939826154
2020-07-07 07:09:00,0.270041347234212
2020-07-07 07:12:00,0.37918898019393055
2020-07-07 07:15:00,0.3669742881650677
2020-07-07 07:18:00,0.30952862182050467
2020-07-07 07:21:00,0.3494750344356703
2020-07-07 07:24:00,0.314330741201843
2020-07-07 07:27:00,0.35890935384651357
2020-07-07 07:30:00,0.2746576887631704
2020-07-07 07:33:00,0.29373743654196005
2020-07-07 07:36:00,0.3701266358419275
2020-07-07 07:39:00,0.3145913619084695
2020-07-07 07:42:00,0.25624693414022204
2020-07-07 07:45:00,0.32565323327128226
2020-07-07 07:48:00,0.25001400771907356
2020-07-07 07:51:00,0.24910974150952825
2020-07-07 07:54:00,0.3378312227271181
2020-07-07 07:57:00,0.26913673720923725
2020-07-07 08:00:00,0.33690173105406984
2020-07-07 08:03:00,0.2957253410651788
2020-07-07 08:06:00,0.38093518694819295
2020-07-07 08:09:00,0.3637154459440808
2020-07-07 08:12:00,0.34202307021411116
2020-07-07 08:15:00,0.22839827501900345
2020-07-07 08:18:00,0.26427404822862854
2020-07-07 08:21:00,0.19815471331406798
2020-07-07 08:24:00,0.1586327391775626
2020-07-07 08:27:00,0.3509336400868506
2020-07-07 08:30:00,0.1787391380162262
2020-07-07 08:33:00,0.2671881220862815
2020-07-07 08:36:00,0.2556824418444421
2020-07-07 08:39:00,0.24872483309428617
2020-07-07 08:42:00,0.2387743006846108
2020-07-07 08:45:00,0.06366251663757794
2020-07-07 08:48:00,0.27791564290572524
2020-07-07 08:51:00,0.2244035807968885
2020-07-07 08:54:00,0.19848868458149127
2020-07-07 08:57:00,0.20657859355759456
2020-07-07 09:00:00,0.19923545441514534
2020-07-07 09:03:00,0.06853432595067943
2020-07-07 09:06:00,0.1191881852674328
2020-07-07 09:09:00,0.10629061648143079
2020-07-07 09:12:00,0.15979280294652654
2020-07-07 09:15:00,0.16217111096551662
2020-07-07 09:18:00,0.08897639370218258
2020-07-07 09:21:00,0.19102524257499454
2020-07-07 09:24:00,0.11985672699660199
2020-07-07 09:27:00,0.04128705872096816
2020-07-07 09:30:00,0.014793689526015896
2020-07-07 09:33:00,0.14449292544526315
2020-07-07 09:36:00,0.00442193457661233
2020-07-07 09:39:00,0.05885293280158521
2020-07-07 09:42:00,0.030986354733158805
2020-07-07 09:45:00,-0.025840115733217317
2020-07-07 09:48:00,0.10267137015034677
2020-07-07 09:51:00,0.051919644709528256
2020-07-07 09:54:00,-0.0549099733117373
2020-07-07 09:57:00,-0.1359164103172361
2020-07-07 10:00:00,-0.031172842522323663
2020-07-07 10:03:00,-0.12446305875562302
2020-07-07 10:06:00,-0.08852214355596288
2020-07-07 10:09:00,-0.12356898174613207
2020-07-07 10:12:00,-0.09804136017459086
2020-07-07 10:15:00,-0.26656492438684154
2020-07-07 10:18:00,-0.21435020714312714
2020-07-07 10:21:00,-0.12288031960184753
2020-07-07 10:24:00,-0.22801172661201008
2020-07-07 10:27:00,-0.23089459716914007
2020-07-07 10:30:00,-0.17719724872966935
2020-07-07 10:33:00,-0.11347087367852282
2020-07-07 10:36:00,-0.19387451872472639
2020-07-07 10:39:00,-0.22141357557649144
2020-07-07 10:42:00,-0.13864218798823913
2020-07-07 10:45:00,-0.23489476137331167
2020-07-07 10:48:00,-0.19757162758173763
2020-07-07 10:51:00,-0.2967711215374038
2020-07-07 10:54:00,-0.26657228713497716
2020-07-07 10:57:00,-0.33409224716689323
2020-07-07 11:00:00,-0.2176125163076108
2020-07-07 11:03:00,-0.20697017134904172
2020-07-07 11:06:00,-0.28676126822415426
2020-07-07 11:09:00,-0.24179337402199508
2020-07-07 11:12:00,-0.2980655583081102
2020-07-07 11:15:00,-0.19273216850626795
2020-07-07 11:18:00,-0.28933759637635603
2020-07-07 11:21:00,-0.24744501733277957
2020-07-07 11:24:00,-0.2601281310207355
2020-07-07 11:27:00,-0.28473212079956056
2020-07-07 11:30:00,-0.36232381905051625
2020-07-07 11:33:00,-0.35010989590040253
2020-07-07 11:36:00,-0.4073775129678552
2020-07-07 11:39:00,-0.3250771705128841
2020-07-07 11:42:00,-0.28487641811409503
2020-07-07 11:45:00,-0.3974564891620389
2020-07-07 11:48:00,-0.31291087468531487
2020-07-07 11:51:00,-0.19623563152975976
2020-07-07 11:54:00,-0.17110628867425248
2020-07-07 11:57:00,-0.09261678621987812
2020-07-07 12:00:00,-0.12572486796977955
2020-07-07 12:03:00,-0.12469351802741357
2020-07-07 12:06:00,-0.21524675235184532
2020-07-07 12:09:00,-0.304665274653928
2020-07-07 12:12:00,-0.22621755507248054
2020-07-07 12:15:00,-0.14149103213071612
2020-07-07 12:18:00,-0.1545999274890164
2020-07-07 12:21:00,-0.1352463284504779
2020-07-07 12:24:00,-0.13416641071597724
2020-07-07 12:27:00,-0.12290846874651606
2020-07-07 12:30:00,-0.26765063701554936
2020-07-07 12:33:00,-0.14353698877562238
2020-07-07 12:36:00,-0.289471066621104
2020-07-07 12:39:00,-0.23667322876565322
2020-07-07 12:42:00,-0.1858764576608678
2020-07-07 12:45:00,-0.06178844375705239
2020-07-07 12:48:00,-0.17584225701466494
2020-07-07 12:51:00,-0.20950775757052043
2020-07-07 12:54:00,-0.16359699851778942
2020-07-07 12:57:00,-0.26136515479805666
2020-07-07 13:00:00,-0.2773108877631216
2020-07-07 13:03:00,-0.12852765647471642
2020-07-07 13:06:00,-0.15439884768454704
2020-07-07 13:09:00,-0.044944090017622784
2020-07-07 13:12:00,-0.2332890884208041
2020-07-07 13:15:00,-0.21684730728645718
2020-07-07 13:18:00,-0.19616841092130244
2020-07-07 13:21:00,-0.22505469063554528
2020-07-07 13:24:00,-0.11985279780316205
2020-07-07 13:27:00,-0.14481497125797205
2020-07-07 13:30:00,-0.18580010060793484
2020-07-07 13:33:00,-0.19049549599037618
2020-07-07 13:36:00,-0.06864468546234548
2020-07-07 13:39:00,-0.13464814556658666
2020-07-07 13:42:00,-0.059806676470032016
2020-07-07 13:45:00,-0.18719582589011452
2020-07-07 13:48:00,-0.23752470365457157
2020-07-07 13:51:00,-0.14836236652473644
2020-07-07 13:54:00,-0.22864044285250884
2020-07-07 13:57:00,-0.20017149033395754
2020-07-07 14:00:00,-0.21655560361352855
2020-07-07 14:03:00,-0.16292692598614167
2020-07-07 14:06:00,-0.16168594196915365
2020-07-07 14:09:00,-0.11842307536363705
2020-07-07 14:12:00,-0.13351016143411698
2020-07-07 14:15:00,-0.22558559241764442
2020-07-07 14:18:00,-0.13944105804256424
2020-07-07 14:21:00,-0.179906324881415
2020-07-07 14:24:00,-0.13204518313108338
2020-07-07 14:27:00,-0.161004009313217
2020-07-07 14:30:00,-0.1085805053741069
2020-07-07 14:33:00,-0.12577730990204827
2020-07-07 14:36:00,-0.08118907936346886
2020-07-07 14:39:00,-0.19514883652686876
2020-07-07 14:42:00,-0.15117337579255263
2020-07-07 14:45:00,-0.14844716689702864
2020-07-07 14:48:00,-0.21445570503539102
2020-07-07 14:51:00,-0.20088755853009843
2020-07-07 14:54:00,-0.21077917900839793
2020-07-07 14:57:00,-0.17138646708451688
2020-07-07 15:00:00,-0.1421916915654151
2020-07-07 15:03:00,-0.06226161519850848
2020-07-07 15:06:00,-0.14599219115950746
2020-07-07 15:09:00,-0.29649119298778714
2020-07-07 15:12:00,-0.1974662300452792
2020-07-07 15:15:00,-0.1423158428048623
2020-07-07 15:18:00,-0.1942701984191899
2020-07-07 15:21:00,-0.07191979601748244
2020-07-07 15:24:00,-0.04838021190744257
2020-07-07 15:27:00,-0.030464731026199843
2020-07-07 15:30:00,-0.0013286888831771648
2020-07-07 15:33:00,-0.05986686508907724
2020-07-07 15:36:00,-0.17362821781262028
2020-07-07 15:39:00,-0.23005109284986247
2020-07-07 15:42:00,-0.13136271803017507
2020-07-07 15:45:00,-0.11721031305347651
2020-07-07 15:48:00,0.05734200501541409
2020-07-07 15:51:00,0.26042270250121646
2020-07-07 15:54:00,0.223391554752709
2020-07-07 15:57:00,0.44862713551810884
2020-07-07 16:00:00,0.44494649285064725
2020-07-07 16:03:00,0.6094480996256948
2020-07-07 16:06:00,0.42516761738784226
2020-07-07 16:09:00,0.4332026438250409
2020-07-07 16:12:00,0.3369517170031031
2020-07-07 16:15:00,0.24368707006055956
2020-07-07 16:18:00,0.10776565837193175
2020-07-07 16:21:00,0.24907409130116775
2020-07-07 16:24:00,0.08649037059535658
2020-07-07 16:27:00,0.012236495596198438
2020-07-07 16:30:00,0.00033847541158138483
2020-07-07 16:33:00,0.07683270531885
2020-07-07 16:36:00,0.036363028866844616
2020-07-07 16:39:00,-0.011838549706283175
2020-07-07 16:42:00,-0.10740253295523416
2020-07-07 16:45:00,0.052266497398875345
2020-07-07 16:48:00,0.043745564770745204
2020-07-07 16:51:00,0.10405078799664125
2020-07-07 16:54:00,-0.012175242814635112
2020-07-07 16:57:00,0.06071821519913101
2020-07-07 17:00:00,0.08083139389901817
2020-07-07 17:03:00,0.0584685355800616
2020-07-07 17:06:00,0.006053507648516643
2020-07-07 17:09:00,0.34886714575532096
2020-07-07 17:12:00,0.5522203735436619
2020-07-07 17:15:00,0.4949825763358149
2020-07-07 17:18:00,0.5208183691992758
2020-07-07 17:21:00,0.4719639166586944
2020-07-07 17:24:00,0.5474656550648547
2020-07-07 17:27:00,0.6634356716366483
2020-07-07 17:30:00,0.640305230552201
2020-07-07 17:33:00,0.4773478289177433
2020-07-07 17:36:00,0.39839211699074895
2020-07-07 17:39:00,0.42008037356526984
2020-07-07 17:42:00,0.4354296654540235
2020-07-07 17:45:00,0.47701213549242993
2020-07-07 17:48:00,0.38269361852508155
2020-07-07 17:51:00,0.3421440542272194
2020-07-07 17:54:00,0.3376995020783511
2020-07-07 17:57:00,0.34591638098686417
2020-07-07 18:00:00,0.380854951743288
2020-07-07 18:03:00,0.26259959169431113
2020-07-07 18:06:00,0.31347603182337025
2020-07-07 18:09:00,0.19749575402300934
2020-07-07 18:12:00,0.311629846182484
2020-07-07 18:15:00,0.2457741096383188
2020-07-07 18:18:00,0.226953487034109
2020-07-07 18:21:00,0.17687279842152748
2020-07-07 18:24:00,0.2897862452997515
2020-07-07 18:27:00,0.2306296081791288
2020-07-07 18:30:00,0.31785432878660913
2020-07-07 18:33:00,0.34229989666431493
2020-07-07 18:36:00,0.3847623738312791
2020-07-07 18:39:00,0.2627118330659073
2020-07-07 18:42:00,0.2929588225746329
2020-07-07 18:45:00,0.2946660844274902
2020-07-07 18:48:00,0.21379391786069846
2020-07-07 18:51:00,0.27689913558742774
2020-07-07 18:54:00,
2020-07-07 18:57:00,
2020-07-07 19:00:00,
2020-07-07 19:03:00,0.13652702972143516
2020-07-07 19:06:00,0.2152482804082183
2020-07-07 19:09:00,0.18134003030991153
2020-07-07 19:12:00,0.18025519215092345
2020-07-07 19:15:00,0.2246919797601663
2020-07-07 19:18:00,0.1760421874062672
2020-07-07 19:21:00,0.2131102032695935
2020-07-07 19:24:00,0.08071177604546165
2020-07-07 19:27:00,0.18618123514698937
2020-07-07 19:30:00,0.19345039066877234
2020-07-07 19:33:00,0.21939612411648568
2020-07-07 19:36:00,0.21417146325950398
2020-07-07 19:39:00,0.20271099262276948
2020-07-07 19:42:00,0.4812139044350374
2020-07-07 19:45:00,0.4288828633849562
2020-07-07 19:48:00,0.2976742924716973
2020-07-07 19:51:00,0.4249738731462571
2020-07-07 19:54:00,0.4294708014993489
2020-07-07 19:57:00,0.4294467451441619
2020-07-07 20:00:00,0.365830988943344
2020-07-07 20:03:00,0.3643225813077038
2020-07-07 20:06:00,0.3614896209575704
2020-07-07 20:09:00,0.42641866244451876
2020-07-07 20:12:00,0.38540365030530666
2020-07-07 20:15:00,0.4341763164878216
2020-07-07 20:18:00,0.3988323900437649
2020-07-07 20:21:00,0.39097130409101055
2020-07-07 20:24:00,0.4693871210561724
2020-07-07 20:27:00,0.44529286463392737
2020-07-07 20:30:00,0.3384290725082906
2020-07-07 20:33:00,0.4298288137644022
2020-07-07 20:36:00,0.4203363804334117
2020-07-07 20:39:00,0.39467303465204395
2020-07-07 20:42:00,0.4418578222498013
2020-07-07 20:45:00,0.4584998478717921
2020-07-07 20:48:00,0.4366963425597419
2020-07-07 20:51:00,0.40818949542608607
2020-07-07 20:54:00,0.43680271637992973
2020-07-07 20:57:00,0.44581530981088235
2020-07-07 21:00:00,0.43994893705615823
2020-07-07 21:03:00,0.4691237220233688
2020-07-07 21:06:00,0.4558742740134676
2020-07-07 21:09:00,0.4348792082298587
2020-07-07 21:12:00,0.4195479532532431
2020-07-07 21:15:00,0.46480013678819887
2020-07-07 21:18:00,0.3984494961111409
2020-07-07 21:21:00,0.3568377343376028
2020-07-07 21:24:00,0.3822708873196916
2020-07-07 21:27:00,0.2350694927408199
2020-07-07 21:30:00,0.3077658201821123
2020-07-07 21:33:00,0.2999499294464272
2020-07-07 21:36:00,0.24286951773802912
2020-07-07 21:39:00,0.20956511044693116
2020-07-07 21:42:00,0.255849956543841
2020-07-07 21:45:00,0.2890133977585947
2020-07-07 21:48:00,0.25514260530121646
2020-07-07 21:51:00,0.2819955010215267
2020-07-07 21:54:00,0.1941734909595425
2020-07-07 21:57:00,0.2705017612010465
2020-07-07 22:00:00,0.2493861510838542
2020-07-07 22:03:00,0.24948407228936276
2020-07-07 22:06:00,0.16884164911181188
2020-07-07 22:09:00,0.21245037679710777
2020-07-07 22:12:00,0.24887562480864744
2020-07-07 22:15:00,0.23230320704328733
2020-07-07 22:18:00,0.2930493147973152
2020-07-07 22:21:00,0.30667463987708743
2020-07-07 22:24:00,0.26592245580064855
2020-07-07 22:27:00,0.2387862558530287
2020-07-07 22:30:00,0.2773228075183738
2020-07-07 22:33:00,0.27157814431780025
2020-07-07 22:36:00,0.2826701344053504
2020-07-07 22:39:00,0.41063556397426737
2020-07-07 22:42:00,0.24784776813231701
2020-07-07 22:45:00,0.3961732375162228
2020-07-07 22:48:00,0.3574880324518972
2020-07-07 22:51:00,0.38168532003533073
2020-07-07 22:54:00,0.393622353675255
2020-07-07 22:57:00,0.4191179955430471
2020-07-07 23:00:00,0.375723912533374
2020-07-07 23:03:00,0.3248023395283326
2020-07-07 23:06:00,0.4117255550665391
2020-07-07 23:09:00,0.2916405492896956
2020-07-07 23:12:00,0.34492785256253455
2020-07-07 23:15:00,0.32799777535558405
2020-07-07 23:18:00,0.3747914632672291
2020-07-07 23:21:00,0.3491456787525067
2020-07-07 23:24:00,0.34091072695463254
2020-07-07 23:27:00,0.34124574649945316
2020-07-07 23:30:00,0.2598763765678882
2020-07-07 23:33:00,0.29443821162658423
2020-07-07 23:36:00,0.3543345477892217
2020-07-07 23:39:00,0.37265320351104947
2020-07-07 23:42:00,0.31598955062935374
2020-07-07 23:45:00,0.2831605315953425
2020-07-07 23:48:00,0.33006191645773697
2020-07-07 23:51:00,0.31663864645247486
2020-07-07 23:54:00,0.37981100503094467
2020-07-07 23:57:00,0.32305268016682476
2020-07-08 00:00:00,0.31389725131634805
2020-07-08 00:03:00,0.48965752446082433
2020-07-08 00:06:00,0.4260762688809905
2020-07-08 00:09:00,0.43792764923841787
2020-07-08 00:12:00,0.4567549916571352
2020-07-08 00:15:00,0.4672219641154811
2020-07-08 00:18:00,0.4087312372972747
2020-07-08 00:21:00,0.4008190004438461
2020-07-08 00:24:00,0.37240956752248167
2020-07-08 00:27:00,0.3414745409830857
2020-07-08 00:30:00,0.36621884559014006
2020-07-08 00:33:00,0.375786283034131
2020-07-08 00:36:00,0.2758745068343842
2020-07-08 00:39:00,0.3888309320789176
2020-07-08 00:42:00,0.26374524544490896
2020-07-08 00:45:00,0.2888134843751118
2020-07-08 00:48:00,0.34494483601844195
2020-07-08 00:51:00,0.3319609679763289
2020-07-08 00:54:00,0.41677175734821503
2020-07-08 00:57:00,0.4227590489953741
2020-07-08 01:00:00,0.4174469489821604
2020-07-08 01:03:00,0.4466992302361632
2020-07-08 01:06:00,0.35348083470387337
2020-07-08 01:09:00,0.46086880319319334
2020-07-08 01:12:00,0.4085614329355849
2020-07-08 01:15:00,0.4689600060204384
2020-07-08 01:18:00,0.3507501083464035
2020-07-08 01:21:00,0.31405315230705355
2020-07-08 01:24:00,0.3665442496131277
2020-07-08 01:27:00,0.45222797294155725
2020-07-08 01:30:00,0.3963605508197361
2020-07-08 01:33:00,0.3625317682109994
2020-07-08 01:36:00,0.3342415894285864
2020-07-08 01:39:00,0.36904331465132145
2020-07-08 01:42:00,0.3027178357573348
2020-07-08 01:45:00,0.4074275000833154
2020-07-08 01:48:00,0.4316281247192819
2020-07-08 01:51:00,0.35960017121573173
2020-07-08 01:54:00,0.38053051489902145
2020-07-08 01:57:00,0.29927362244745837
2020-07-08 02:00:00,0.42134728909496744
2020-07-08 02:03:00,0.30966914696415415
2020-07-08 02:06:00,0.3844416733230105
2020-07-08 02:09:00,0.39175403373752715
2020-07-08 02:12:00,0.3217334118193662
2020-07-08 02:15:00,0.3670931973380789
2020-07-08 02:18:00,0.37866570392947096
2020-07-08 02:21:00,0.4424584601279662
2020-07-08 02:24:00,0.4680437097491108
2020-07-08 02:27:00,0.44706591053397915
2020-07-08 02:30:00,0.3644869216035431
2020-07-08 02:33:00,0.36184784004234416
2020-07-08 02:36:00,0.4055534690101581
2020-07-08 02:39:00,0.47295130278956776
2020-07-08 02:42:00,0.3815732686305182
2020-07-08 02:45:00,0.48462843841514314
2020-07-08 02:48:00,0.420936730252663
2020-07-08 02:51:00,0.29547715916135076
2020-07-08 02:54:00,0.421157993586462
2020-07-08 02:57:00,0.3686881965291491
2020-07-08 03:00:00,0.43506118476557276
2020-07-08 03:03:00,0.3923968827038493
2020-07-08 03:06:00,0.41146967491937403
2020-07-08 03:09:00,0.45880822629027307
2020-07-08 03:12:00,0.477925641618242
2020-07-08 03:15:00,0.4008184286159917
2020-07-08 03:18:00,0.45245630101157985
2020-07-08 03:21:00,0.4474645883811945
2020-07-08 03:24:00,0.42181026999361393
2020-07-08 03:27:00,0.4309800337925367
2020-07-08 03:30:00,0.4513244802983536
2020-07-08 03:33:00,0.4441600785642663
2020-07-08 03:36:00,0.36524222046671184
2020-07-08 03:39:00,0.3741487146340319
2020-07-08 03:42:00,0.40163598938590894
2020-07-08 03:45:00,0.3730973408714249
2020-07-08 03:48:00,0.2489557497095234
2020-07-08 03:51:00,0.4159445601743528
2020-07-08 03:54:00,0.3820470683065764
2020-07-08 03:57:00,0.41084150014404486
2020-07-08 04:00:00,0.3322792896685769
2020-07-08 04:03:00,0.3319085686769654
2020-07-08 04:06:00,0.3595729265932164
2020-07-08 04:09:00,0.433597181746336
2020-07-08 04:12:00,0.3359892864564813
2020-07-08 04:15:00,0.38645145650150425
2020-07-08 04:18:00,0.41475894749032705
2020-07-08 04:21:00,0.41248557716915
2020-07-08 04:24:00,0.480148859127155
2020-07-08 04:27:00,0.4157793024597254
2020-07-08 04:30:00,0.5075789085684619
2020-07-08 04:33:00,0.4136620916715401
2020-07-08 04:36:00,0.3797252983532644
2020-07-08 04:39:00,0.4314543312264618
2020-07-08 04:42:00,0.4262580884419549
2020-07-08 04:45:00,0.39215901327344227
2020-07-08 04:48:00,0.3833426956629751
2020-07-08 04:51:00,0.48106306960249867
2020-07-08 04:54:00,0.5118623400755951
2020-07-08 04:57:00,0.6542303822021722
2020-07-08 05:00:00,0.7456519989196977
2020-07-08 05:03:00,0.6591105004550855
2020-07-08 05:06:00,0.7187439307528507
2020-07-08 05:09:00,0.6706140614741685
2020-07-08 05:12:00,0.5419551318079243
2020-07-08 05:15:00,0.41849188373134893
2020-07-08 05:18:00,0.5238986587935415
2020-07-08 05:21:00,0.42858584345844974
2020-07-08 05:24:00,0.5336981637966574
2020-07-08 05:27:00,0.6627882287659759
2020-07-08 05:30:00,0.6244762804990387
2020-07-08 05:33:00,0.5409970036761251
2020-07-08 05:36:00,0.5225183687215917
2020-07-08 05:39:00,0.42825495589625007
2020-07-08 05:42:00,0.4050972553750398
2020-07-08 05:45:00,0.34745364665741363
2020-07-08 05:48:00,0.3307917773087752
2020-07-08 05:51:00,0.3887545125583074
2020-07-08 05:54:00,0.4489755653239058
2020-07-08 05:57:00,0.4824141865056504
2020-07-08 06:00:00,0.3400358599964761
2020-07-08 06:03:00,0.3572496788923445
2020-07-08 06:06:00,0.4269324645860024
2020-07-08 06:09:00,0.34608475503529235
2020-07-08 06:12:00,0.4669140538662191
2020-07-08 06:15:00,0.45972861789772423
2020-07-08 06:18:00,0.4414686430425263
2020-07-08 06:21:00,0.4767232107825521
2020-07-08 06:24:00,0.5138428826772952
2020-07-08 06:27:00,0.5050842199502767
2020-07-08 06:30:00,0.4521461253115717
2020-07-08 06:33:00,0.34129162952649494
2020-07-08 06:36:00,0.37967689003170335
2020-07-08 06:39:00,0.3416798721196983
2020-07-08 06:42:00,0.3933031016555333
2020-07-08 06:45:00,0.29962618091929016
2020-07-08 06:48:00,0.322486151899966
2020-07-08 06:51:00,0.35625959277695074
2020-07-08 06:54:00,0.34108054505014707
2020-07-08 06:57:00,0.2935415103061132
2020-07-08 07:00:00,0.40800188970024465
2020-07-08 07:03:00,0.3652357928902461
2020-07-08 07:06:00,0.33567007726458087
2020-07-08 07:09:00,0.46132481994806085
2020-07-08 07:12:00,0.3631646667749351
2020-07-08 07:15:00,0.3765236735405324
2020-07-08 07:18:00,0.3082484358784541
2020-07-08 07:21:00,0.3359857181765733
2020-07-08 07:24:00,0.4345473065249621
2020-07-08 07:27:00,0.46253825564804174
2020-07-08 07:30:00,0.44986807482308677
2020-07-08 07:33:00,0.27742587491536597
2020-07-08 07:36:00,0.3873734978286052
2020-07-08 07:39:00,0.4629308223444468
2020-07-08 07:42:00,0.40503756937226854
2020-07-08 07:45:00,0.31698695861803117
2020-07-08 07:48:00,0.4514828128511681
2020-07-08 07:51:00,0.07941874753720413
2020-07-08 07:54:00,0.4263980737860038
2020-07-08 07:57:00,0.4411125002227436
2020-07-08 08:00:00,0.3570840744698671
2020-07-08 08:03:00,0.32054549798431253
2020-07-08 08:06:00,0.39064684863643606
2020-07-08 08:09:00,0.27153985916794454
2020-07-08 08:12:00,0.348597491645819
2020-07-08 08:15:00,0.35909667344378704
2020-07-08 08:18:00,0.42298234382258215
2020-07-08 08:21:00,0.40498899837575664
2020-07-08 08:24:00,0.3481982446990628
2020-07-08 08:27:00,0.32339380525019124
2020-07-08 08:30:00,0.30243061699661666
2020-07-08 08:33:00,0.24221919774055323
2020-07-08 08:36:00,0.2831593460657018
2020-07-08 08:39:00,0.30063124033847544
2020-07-08 08:42:00,0.2584758692027549
2020-07-08 08:45:00,0.29553039422035
2020-07-08 08:48:00,0.22561087970018434
2020-07-08 08:51:00,0.32556455483421587
2020-07-08 08:54:00,0.2119828591145847
2020-07-08 08:57:00,0.2771928029226842
2020-07-08 09:00:00,0.1900932035238725
2020-07-08 09:03:00,0.2953396427011512
2020-07-08 09:06:00,0.2871049612609795
2020-07-08 09:09:00,0.274648453942234
2020-07-08 09:12:00,0.17390679074219406
2020-07-08 09:15:00,0.22342285589940047
2020-07-08 09:18:00,0.1577685721600801
2020-07-08 09:21:00,0.14551078165493436
2020-07-08 09:24:00,0.24344263853964776
2020-07-08 09:27:00,0.1904840878173104
2020-07-08 09:30:00,0.14940756564226376
2020-07-08 09:33:00,0.10995138081381128
2020-07-08 09:36:00,0.1789108316564807
2020-07-08 09:39:00,0.09491448015597825
2020-07-08 09:42:00,0.1619599533288465
2020-07-08 09:45:00,0.061914553755855195
2020-07-08 09:48:00,0.08543705961398018
2020-07-08 09:51:00,0.09139827707184622
2020-07-08 09:54:00,0.03049615336789202
2020-07-08 09:57:00,0.11645566840184074
2020-07-08 10:00:00,0.03684334136153211
2020-07-08 10:03:00,0.04738912604778989
2020-07-08 10:06:00,0.08873580546145377
2020-07-08 10:09:00,0.06024745986752578
2020-07-08 10:12:00,0.08131355931470807
2020-07-08 10:15:00,0.08582168599946272
2020-07-08 10:18:00,0.044015928675946725
2020-07-08 10:21:00,-0.0774221738158758
2020-07-08 10:24:00,0.02653593781917607
2020-07-08 10:27:00,0.019724552818729535
2020-07-08 10:30:00,-0.07648354238921229
2020-07-08 10:33:00,-0.006268928756298919
2020-07-08 10:36:00,-0.03705407443493414
2020-07-08 10:39:00,-0.03494948616463489
2020-07-08 10:42:00,-0.10784806697330396
2020-07-08 10:45:00,-0.17197469288055345
2020-07-08 10:48:00,-0.041967119217304116
2020-07-08 10:51:00,-0.0922285521829167
2020-07-08 10:54:00,-0.11511429197651069
2020-07-08 10:57:00,-0.11383186068962914
2020-07-08 11:00:00,-0.0832585053098569
2020-07-08 11:03:00,-0.1406279498834806
2020-07-08 11:06:00,0.016455816695042813
2020-07-08 11:09:00,-0.06189524899349408
2020-07-08 11:12:00,-0.10074169966969748
2020-07-08 11:15:00,-0.20149807521755747
2020-07-08 11:18:00,-0.13227227292475163
2020-07-08 11:21:00,-0.08318150904574395
2020-07-08 11:24:00,-0.01867124689135835
2020-07-08 11:27:00,-0.07632970859032184
2020-07-08 11:30:00,0.02474727195021842
2020-07-08 11:33:00,-0.01688471310268369
2020-07-08 11:36:00,-0.02151777408437283
2020-07-08 11:39:00,-0.0830260752283607
2020-07-08 11:42:00,-0.15393299390211723
2020-07-08 11:45:00,-0.10870723070536314
2020-07-08 11:48:00,0.00980895330843623
2020-07-08 11:51:00,-0.054227980815426235
2020-07-08 11:54:00,-0.20546173997252026
2020-07-08 11:57:00,-0.12114012155996079
2020-07-08 12:00:00,-0.04769462348809839
2020-07-08 12:03:00,-0.03609998682753712
2020-07-08 12:06:00,-0.08880069587297612
2020-07-08 12:09:00,-0.03168653266129695
2020-07-08 12:12:00,-0.18272789631680553
2020-07-08 12:15:00,-0.23413457480410216
2020-07-08 12:18:00,-0.20693149798114518
2020-07-08 12:21:00,-0.30137355097804175
2020-07-08 12:24:00,-0.1781561552936637
2020-07-08 12:27:00,-0.28088844791511747
2020-07-08 12:30:00,-0.22649893746580574
2020-07-08 12:33:00,-0.23897824600300055
2020-07-08 12:36:00,-0.19967242377572347
2020-07-08 12:39:00,-0.22530707467893762
2020-07-08 12:42:00,-0.23083758304534285
2020-07-08 12:45:00,-0.1954841394637583
2020-07-08 12:48:00,-0.11274710591084158
2020-07-08 12:51:00,-0.24671238863771805
2020-07-08 12:54:00,-0.28237275640907455
2020-07-08 12:57:00,-0.224772031008456
2020-07-08 13:00:00,-0.2766332188070919
2020-07-08 13:03:00,-0.2846930124603091
2020-07-08 13:06:00,-0.22190162912215783
2020-07-08 13:09:00,-0.197232942404014
2020-07-08 13:12:00,0.035756905095411184
2020-07-08 13:15:00,-0.10014350719444565
2020-07-08 13:18:00,-0.008755098381300286
2020-07-08 13:21:00,0.06236000143030651
2020-07-08 13:24:00,-0.024961935374903987
2020-07-08 13:27:00,-0.056455585676417286
2020-07-08 13:30:00,0.005784012473839084
2020-07-08 13:33:00,-0.14425970400611732
2020-07-08 13:36:00,0.018753236830207243
2020-07-08 13:39:00,-0.015960829543644195
2020-07-08 13:42:00,-0.06561023955566725
2020-07-08 13:45:00,-0.14075238952761993
2020-07-08 13:48:00,-0.06611224672730032
2020-07-08 13:51:00,-0.02052064842712298
2020-07-08 13:54:00,0.04928359490003231
2020-07-08 13:57:00,0.04708445918242887
2020-07-08 14:00:00,0.21617076150397452
2020-07-08 14:03:00,-0.0028626711575725494
2020-07-08 14:06:00,-0.19309347528241005
2020-07-08 14:09:00,-0.255563783529567
2020-07-08 14:12:00,-0.22598491720606262
2020-07-08 14:15:00,0.06352031294989047
2020-07-08 14:18:00,-0.06583901198661124
2020-07-08 14:21:00,-0.12417490918409158
2020-07-08 14:24:00,-0.09712760274931043
2020-07-08 14:27:00,0.16775127817936664
2020-07-08 14:30:00,0.08122062596913793
2020-07-08 14:33:00,0.2380285171383889
2020-07-08 14:36:00,0.19123306532628703
2020-07-08 14:39:00,0.3534493473603675
2020-07-08 14:42:00,0.21594916773534578
2020-07-08 14:45:00,0.04195197310156118
2020-07-08 14:48:00,-0.11828944811156816
2020-07-08 14:51:00,-0.12863048399663057
2020-07-08 14:54:00,-0.04432454841116851
2020-07-08 14:57:00,-0.0456229098933818
2020-07-08 15:00:00,0.21740941796235802
2020-07-08 15:03:00,0.2684326388281306
2020-07-08 15:06:00,0.2973630916868615
2020-07-08 15:09:00,0.1764637002999052
2020-07-08 15:12:00,0.04543430570271312
2020-07-08 15:15:00,-0.007098554875142327
2020-07-08 15:18:00,-0.10802686418276153
2020-07-08 15:21:00,-0.1641183195465601
2020-07-08 15:24:00,-0.23899998477730833
2020-07-08 15:27:00,-0.1545361440522015
2020-07-08 15:30:00,-0.17048827987281356
2020-07-08 15:33:00,-0.23577829425562413
2020-07-08 15:36:00,-0.2067386145678256
2020-07-08 15:39:00,-0.27141960355709216
2020-07-08 15:42:00,-0.2509636444037824
2020-07-08 15:45:00,-0.3418507512843121
2020-07-08 15:48:00,-0.261546509954826
2020-07-08 15:51:00,-0.16920594643698905
2020-07-08 15:54:00,-0.13052375497102275
2020-07-08 15:57:00,-0.05607058785278696
2020-07-08 16:00:00,-0.09443564218929623
2020-07-08 16:03:00,-0.17739845041319313
2020-07-08 16:06:00,-0.14808596498721727
2020-07-08 16:09:00,-0.10719631595765122
2020-07-08 16:12:00,-0.20738881182830937
2020-07-08 16:15:00,-0.1601364095314466
2020-07-08 16:18:00,-0.3372982637246764
2020-07-08 16:21:00,-0.22989029314311438
2020-07-08 16:24:00,-0.22932517937618968
2020-07-08 16:27:00,-0.24332627445829758
2020-07-08 16:30:00,-0.2221224865156728
2020-07-08 16:33:00,-0.2310511887998814
2020-07-08 16:36:00,-0.10642641932412289
2020-07-08 16:39:00,-0.2280962492501999
2020-07-08 16:42:00,-0.15390743494378967
2020-07-08 16:45:00,-0.17414091734059411
2020-07-08 16:48:00,-0.16301302414791508
2020-07-08 16:51:00,-0.11939427989454998
2020-07-08 16:54:00,-0.0777374525483765
2020-07-08 16:57:00,-0.20793279460696112
2020-07-08 17:00:00,-0.16856295240677355
2020-07-08 17:03:00,-0.16405700585926297
2020-07-08 17:06:00,-0.24219960229720527
2020-07-08 17:09:00,-0.16555097038224176
2020-07-08 17:12:00,-0.16037385896424894
2020-07-08 17:15:00,-0.17646048821296745
2020-07-08 17:18:00,-0.045208692631717895
2020-07-08 17:21:00,0.04915709145296887
2020-07-08 17:24:00,-0.04481603169404025
2020-07-08 17:27:00,-0.13748443650104036
2020-07-08 17:30:00,-0.05182007483597317
2020-07-08 17:33:00,0.1381866761227002
2020-07-08 17:36:00,0.17672066703283917
2020-07-08 17:39:00,-0.05434522495653482
2020-07-08 17:42:00,-0.009731256407633282
2020-07-08 17:45:00,-0.11260517499948719
2020-07-08 17:48:00,0.07955617766145906
2020-07-08 17:51:00,-0.03762580397074089
2020-07-08 17:54:00,-0.044495906105737504
2020-07-08 17:57:00,0.000710957996147954
2020-07-08 18:00:00,-0.07520353650795641
2020-07-08 18:03:00,-0.0657955093589635
2020-07-08 18:06:00,-0.06556973257931986
2020-07-08 18:09:00,-0.03484105614558075
2020-07-08 18:12:00,0.14693444809819312
2020-07-08 18:15:00,0.027878709183767114
2020-07-08 18:18:00,0.027853755603132413
2020-07-08 18:21:00,0.026974575645795085
2020-07-08 18:24:00,0.07244874779922839
2020-07-08 18:27:00,-0.02069223814464749
2020-07-08 18:30:00,-0.04955006389985783
2020-07-08 18:33:00,-0.04598589403377673
2020-07-08 18:36:00,-0.08155695249593009
2020-07-08 18:39:00,-0.030074836437449903
2020-07-08 18:42:00,-0.11677316648501801
2020-07-08 18:45:00,-0.029131401269012258
2020-07-08 18:48:00,-0.04127482156070528
2020-07-08 18:51:00,-0.04529843242602283
2020-07-08 18:54:00,
2020-07-08 18:57:00,
2020-07-08 19:00:00,
2020-07-08 19:03:00,-0.0847018180228929
2020-07-08 19:06:00,-0.020481101825680526
2020-07-08 19:09:00,-0.006498065918776774
2020-07-08 19:12:00,0.005239274711300368
2020-07-08 19:15:00,0.07381242733839599
2020-07-08 19:18:00,0.1372015183978874
2020-07-08 19:21:00,0.040574948706989744
2020-07-08 19:24:00,0.2054154784569846
2020-07-08 19:27:00,0.21414829695322624
2020-07-08 19:30:00,0.11719704114830165
2020-07-08 19:33:00,0.11596173439431823
2020-07-08 19:36:00,0.024669238483511435
2020-07-08 19:39:00,0.20634533595966786
2020-07-08 19:42:00,0.23859049780060104
2020-07-08 19:45:00,0.20684677881484959
2020-07-08 19:48:00,0.24153543278106326
2020-07-08 19:51:00,0.20759868760472955
2020-07-08 19:54:00,0.2672609512251256
2020-07-08 19:57:00,0.08331862517962918
2020-07-08 20:00:00,0.18567221234667386
2020-07-08 20:03:00,0.19824817001813244
2020-07-08 20:06:00,0.16534613598139458
2020-07-08 20:09:00,0.1061882629060733
2020-07-08 20:12:00,0.1348706930008916
2020-07-08 20:15:00,0.17311066346485404
2020-07-08 20:18:00,0.25121292065847456
2020-07-08 20:21:00,0.28256461787947273
2020-07-08 20:24:00,0.20220656154560857
2020-07-08 20:27:00,0.2417618958534149
2020-07-08 20:30:00,0.1581335765138192
2020-07-08 20:33:00,0.23934357761203273
2020-07-08 20:36:00,0.32411689740627025
2020-07-08 20:39:00,0.37561085743720923
2020-07-08 20:42:00,0.4018814786072653
2020-07-08 20:45:00,0.4246671231838377
2020-07-08 20:48:00,0.4424878667741723
2020-07-08 20:51:00,0.46040359187452395
2020-07-08 20:54:00,0.42690150730726373
2020-07-08 20:57:00,0.44887075649029384
2020-07-08 21:00:00,0.3347022631276104
2020-07-08 21:03:00,0.28383752370160664
2020-07-08 21:06:00,0.3484238051412376
2020-07-08 21:09:00,0.26016504135617424
2020-07-08 21:12:00,0.22567013401538816
2020-07-08 21:15:00,0.180544293775597
2020-07-08 21:18:00,0.24933742129331904
2020-07-08 21:21:00,0.2573177722584319
2020-07-08 21:24:00,0.2310589100251832
2020-07-08 21:27:00,0.31659731591525997
2020-07-08 21:30:00,0.3197743330739513
2020-07-08 21:33:00,0.3173908517566133
2020-07-08 21:36:00,0.3499951749561774
2020-07-08 21:39:00,0.29655265713171275
2020-07-08 21:42:00,0.3669570296216875
2020-07-08 21:45:00,0.308025867352967
2020-07-08 21:48:00,0.2462066702159973
2020-07-08 21:51:00,0.20680272449163795
2020-07-08 21:54:00,0.20099744768816663
2020-07-08 21:57:00,0.33470816099776357
2020-07-08 22:00:00,0.3550061653799048
2020-07-08 22:03:00,0.36157718044165676
2020-07-08 22:06:00,0.43219648672067024
2020-07-08 22:09:00,0.39597853232584157
2020-07-08 22:12:00,0.41376788198692793
2020-07-08 22:15:00,0.35950017518405275
2020-07-08 22:18:00,0.3869125369042763
2020-07-08 22:21:00,0.4619289317096218
2020-07-08 22:24:00,0.39681006752385883
2020-07-08 22:27:00,0.4864133665046211
2020-07-08 22:30:00,0.39598445212573097
2020-07-08 22:33:00,0.3185709701353403
2020-07-08 22:36:00,0.4005848017318385
2020-07-08 22:39:00,0.3271290572013186
2020-07-08 22:42:00,0.43186290875996747
2020-07-08 22:45:00,0.4141754456098852
2020-07-08 22:48:00,0.3983174591768943
2020-07-08 22:51:00,0.4124785362426451
2020-07-08 22:54:00,0.4015865289908902
2020-07-08 22:57:00,0.44243094892664203
2020-07-08 23:00:00,0.37974510916774307
2020-07-08 23:03:00,0.41844947316388925
2020-07-08 23:06:00,0.3061305980385214
2020-07-08 23:09:00,0.37686609918489467
2020-07-08 23:12:00,0.38979509650528144
2020-07-08 23:15:00,0.4105985511978929
2020-07-08 23:18:00,0.4009850419986378
2020-07-08 23:21:00,0.5146600289357366
2020-07-08 23:24:00,0.3953410761939722
2020-07-08 23:27:00,0.4170676700410354
2020-07-08 23:30:00,0.45542003455278746
2020-07-08 23:33:00,0.4299827102312861
2020-07-08 23:36:00,0.48494408069205974
2020-07-08 23:39:00,0.48253300367713337
2020-07-08 23:42:00,0.5185245789277815
2020-07-08 23:45:00,0.45130381720366586
2020-07-08 23:48:00,0.4224075491620738
2020-07-08 23:51:00,0.40889951131293856
2020-07-08 23:54:00,0.36868119845576075
2020-07-08 23:57:00,0.341912288643357
2020-07-09 00:00:00,0.40349262073004866
2020-07-09 00:03:00,0.34999810429206946
2020-07-09 00:06:00,0.43837974373252564
2020-07-09 00:09:00,0.4857378388514917
2020-07-09 00:12:00,0.4251783133299796
2020-07-09 00:15:00,0.3815521515869591
2020-07-09 00:18:00,0.2908030762387739
2020-07-09 00:21:00,0.3720946204372808
2020-07-09 00:24:00,0.4749326563861018
2020-07-09 00:27:00,0.4317336259111926
2020-07-09 00:30:00,0.5069440704334625
2020-07-09 00:33:00,0.32157495379408374
2020-07-09 00:36:00,0.46169940748580984
2020-07-09 00:39:00,0.4440451404008172
2020-07-09 00:42:00,0.43735137849841976
2020-07-09 00:45:00,0.44292660440305553
2020-07-09 00:48:00,0.3913239971457756
2020-07-09 00:51:00,0.424543938322131
2020-07-09 00:54:00,0.41657134109544813
2020-07-09 00:57:00,0.3964296573678894
2020-07-09 01:00:00,0.36544701062149443
2020-07-09 01:03:00,0.306511455675718
2020-07-09 01:06:00,0.33846236488534487
2020-07-09 01:09:00,0.2976008259282139
2020-07-09 01:12:00,0.29517477825447713
2020-07-09 01:15:00,0.33468389291067524
2020-07-09 01:18:00,0.32375184057076467
2020-07-09 01:21:00,0.29864443967369425
2020-07-09 01:24:00,0.285495076240295
2020-07-09 01:27:00,0.33055966110094914
2020-07-09 01:30:00,0.2746916290669219
2020-07-09 01:33:00,0.2910071246897701
2020-07-09 01:36:00,0.3430751191532977
2020-07-09 01:39:00,0.25312370321256594
2020-07-09 01:42:00,0.3469061561262947
2020-07-09 01:45:00,0.41707510055653074
2020-07-09 01:48:00,0.4287572677479261
2020-07-09 01:51:00,0.32020911226823046
2020-07-09 01:54:00,0.3582530236033108
2020-07-09 01:57:00,0.29361218434252123
2020-07-09 02:00:00,0.4169023752857015
2020-07-09 02:03:00,0.35372288409337216
2020-07-09 02:06:00,0.2758511600176803
2020-07-09 02:09:00,0.3581925819722187
2020-07-09 02:12:00,0.39569029463297056
2020-07-09 02:15:00,0.4292798465463079
2020-07-09 02:18:00,0.4281498467955771
2020-07-09 02:21:00,0.43633969073903245
2020-07-09 02:24:00,0.46964416811619003
2020-07-09 02:27:00,0.3967191946079538
2020-07-09 02:30:00,0.4198876694669025
2020-07-09 02:33:00,0.29520252009172054
2020-07-09 02:36:00,0.3950356897594247
2020-07-09 02:39:00,0.33072184867972965
2020-07-09 02:42:00,0.3037666382924158
2020-07-09 02:45:00,0.34405341260827527
2020-07-09 02:48:00,0.3479872951299967
2020-07-09 02:51:00,0.3721144365995883
2020-07-09 02:54:00,0.46969381493602214
2020-07-09 02:57:00,0.4189802128358906
2020-07-09 03:00:00,0.4488763952172121
2020-07-09 03:03:00,0.40887479187466624
2020-07-09 03:06:00,0.4749457733213944
2020-07-09 03:09:00,0.4290403607847111
2020-07-09 03:12:00,0.39459842132453105
2020-07-09 03:15:00,0.5462831330507356
2020-07-09 03:18:00,0.49833857272415116
2020-07-09 03:21:00,0.5259046716126363
2020-07-09 03:24:00,0.4773952627124345
2020-07-09 03:27:00,0.565350379860206
2020-07-09 03:30:00,0.5124141215231361
2020-07-09 03:33:00,0.5663580103773143
2020-07-09 03:36:00,0.5423567768099247
2020-07-09 03:39:00,0.5440370522986768
2020-07-09 03:42:00,0.4067717245409881
2020-07-09 03:45:00,0.5520291293615855
2020-07-09 03:48:00,0.4611672982969708
2020-07-09 03:51:00,0.6153458593866503
2020-07-09 03:54:00,0.4792111456621342
2020-07-09 03:57:00,0.5031566359791668
2020-07-09 04:00:00,0.5877312992939778
2020-07-09 04:03:00,0.4952694536860349
2020-07-09 04:06:00,0.44431840706442927
2020-07-09 04:09:00,0.4812825496541109
2020-07-09 04:12:00,0.5073465129122496
2020-07-09 04:15:00,0.447215047520217
2020-07-09 04:18:00,0.382765235042541
2020-07-09 04:21:00,0.4292173860896469
2020-07-09 04:24:00,0.5012190326754649
2020-07-09 04:27:00,0.5412328611477051
2020-07-09 04:30:00,0.5557475518799038
2020-07-09 04:33:00,0.5055343024505987
2020-07-09 04:36:00,0.47676801834455773
2020-07-09 04:39:00,0.46734511391957767
2020-07-09 04:42:00,0.5203420277092619
2020-07-09 04:45:00,0.5385223125353491
2020-07-09 04:48:00,0.46358831114866916
2020-07-09 04:51:00,0.5112771098534381
2020-07-09 04:54:00,0.4103543893881465
2020-07-09 04:57:00,0.5030527591578675
2020-07-09 05:00:00,0.40625719056532716
2020-07-09 05:03:00,0.4832515244608544
2020-07-09 05:06:00,0.4873829609067002
2020-07-09 05:09:00,0.5448371480179617
2020-07-09 05:12:00,0.5409144540627153
2020-07-09 05:15:00,0.5420612209646265
2020-07-09 05:18:00,0.4795788781673309
2020-07-09 05:21:00,0.5066830674517178
2020-07-09 05:24:00,0.49049336937332555
2020-07-09 05:27:00,0.46666401097837706
2020-07-09 05:30:00,0.5192766219626606
2020-07-09 05:33:00,0.4775438822551905
2020-07-09 05:36:00,0.4917698028171458
2020-07-09 05:39:00,0.4788165891092717
2020-07-09 05:42:00,0.6866449346454715
2020-07-09 05:45:00,0.4971920239698875
2020-07-09 05:48:00,0.5785861343146053
2020-07-09 05:51:00,0.5147664262046305
2020-07-09 05:54:00,0.6627640358506142
2020-07-09 05:57:00,0.5826740387421978
2020-07-09 06:00:00,0.549426592980808
2020-07-09 06:03:00,0.5205527389454687
2020-07-09 06:06:00,0.5007172860603077
2020-07-09 06:09:00,0.49958609163888923
2020-07-09 06:12:00,0.5250125537622239
2020-07-09 06:15:00,0.6437561685239643
2020-07-09 06:18:00,0.5535455771887996
2020-07-09 06:21:00,0.5570004103311135
2020-07-09 06:24:00,0.4569174904339661
2020-07-09 06:27:00,0.5337566253835462
2020-07-09 06:30:00,0.46967625040610983
2020-07-09 06:33:00,0.45964883071013674
2020-07-09 06:36:00,0.47625918756551755
2020-07-09 06:39:00,0.4445832353463288
2020-07-09 06:42:00,0.5114406952119452
2020-07-09 06:45:00,0.5947958874468782
2020-07-09 06:48:00,0.4838747018486629
2020-07-09 06:51:00,0.44717325047889744
2020-07-09 06:54:00,0.45337739462007676
2020-07-09 06:57:00,0.4807301102923134
2020-07-09 07:00:00,0.44208350935224416
2020-07-09 07:03:00,0.39996047058991735
2020-07-09 07:06:00,0.4767518490543807
2020-07-09 07:09:00,0.47923086328540876
2020-07-09 07:12:00,0.43472666555942396
2020-07-09 07:15:00,0.48672809029250175
2020-07-09 07:18:00,0.44037604843299505
2020-07-09 07:21:00,0.5496114146275772
2020-07-09 07:24:00,0.48574630679394204
2020-07-09 07:27:00,0.5529045013204268
2020-07-09 07:30:00,0.5061930328315043
2020-07-09 07:33:00,0.5516378713568315
2020-07-09 07:36:00,0.565109445301232
2020-07-09 07:39:00,0.48677314952828965
2020-07-09 07:42:00,0.44979233219157777
2020-07-09 07:45:00,0.5333845431260897
2020-07-09 07:48:00,0.4759625258608935
2020-07-09 07:51:00,0.5134862547099033
2020-07-09 07:54:00,0.5260996709346273
2020-07-09 07:57:00,0.5333227837120944
2020-07-09 08:00:00,0.4600367999001378
2020-07-09 08:03:00,0.412799904683709
2020-07-09 08:06:00,0.4037876623452803
2020-07-09 08:09:00,0.42036916632224575
2020-07-09 08:12:00,0.43287949176328766
2020-07-09 08:15:00,0.4216044444621616
2020-07-09 08:18:00,0.5261040095639942
2020-07-09 08:21:00,0.4947090711251576
2020-07-09 08:24:00,0.4209042176850062
2020-07-09 08:27:00,0.5203993106533176
2020-07-09 08:30:00,0.39869177927630517
2020-07-09 08:33:00,0.5323482962886033
2020-07-09 08:36:00,0.5468613604164716
2020-07-09 08:39:00,0.5389351544044416
2020-07-09 08:42:00,0.4817354951383095
2020-07-09 08:45:00,0.37606277521268794
2020-07-09 08:48:00,0.4176825762256158
2020-07-09 08:51:00,0.43104071401796773
2020-07-09 08:54:00,0.450203338620895
2020-07-09 08:57:00,0.4340240619906126
2020-07-09 09:00:00,0.39893400763389764
2020-07-09 09:03:00,0.36568488669217913
2020-07-09 09:06:00,0.39226457851486884
2020-07-09 09:09:00,0.49647904648895747
2020-07-09 09:12:00,0.5217058583006633
2020-07-09 09:15:00,0.3722551577551485
2020-07-09 09:18:00,0.45280245143419506
2020-07-09 09:21:00,0.3869635968493981
2020-07-09 09:24:00,0.3166149513579626
2020-07-09 09:27:00,0.35227844386099605
2020-07-09 09:30:00,0.38782258459576724
2020-07-09 09:33:00,0.2649099714076897
2020-07-09 09:36:00,0.2417396108035632
2020-07-09 09:39:00,0.24673066115786924
2020-07-09 09:42:00,0.33159596082464304
2020-07-09 09:45:00,0.37616740804929805
2020-07-09 09:48:00,0.19148178079370837
2020-07-09 09:51:00,0.245289978767687
2020-07-09 09:54:00,0.1951943416779045
2020-07-09 09:57:00,0.16812865931012766
2020-07-09 10:00:00,0.17024662799519774
2020-07-09 10:03:00,0.2404947122454928
2020-07-09 10:06:00,0.21064956452443084
2020-07-09 10:09:00,0.15521459081338662
2020-07-09 10:12:00,0.20322228767935258
2020-07-09 10:15:00,0.10581619963693356
2020-07-09 10:18:00,0.09216718185575701
2020-07-09 10:21:00,0.1733099585269997
2020-07-09 10:24:00,0.20279281524614134
2020-07-09 10:27:00,0.15259031749280894
2020-07-09 10:30:00,0.08900650695977674
2020-07-09 10:33:00,0.07458883077634937
2020-07-09 10:36:00,0.07690189687423299
2020-07-09 10:39:00,0.004500493143154927
2020-07-09 10:42:00,0.08419138719057173
2020-07-09 10:45:00,-0.05406739385057335
2020-07-09 10:48:00,-0.12153736163850226
2020-07-09 10:51:00,0.011473020866105799
2020-07-09 10:54:00,0.017896717773624005
2020-07-09 10:57:00,-0.056945559485086505
2020-07-09 11:00:00,-0.017967648333865327
2020-07-09 11:03:00,0.0479163951840178
2020-07-09 11:06:00,-0.011305907098062562
2020-07-09 11:09:00,-0.042489438697543847
2020-07-09 11:12:00,-0.03410786179529168
2020-07-09 11:15:00,-0.05501251686945352
2020-07-09 11:18:00,-0.072891080888553
2020-07-09 11:21:00,-0.04022904159216978
2020-07-09 11:24:00,-0.05863240587552809
2020-07-09 11:27:00,-0.17219046510541602
2020-07-09 11:30:00,-0.19354928116291603
2020-07-09 11:33:00,-0.17122583530834845
2020-07-09 11:36:00,-0.14144350466210653
2020-07-09 11:39:00,-0.137241579984277
2020-07-09 11:42:00,-0.1007832881680315
2020-07-09 11:45:00,-0.14176510132477915
2020-07-09 11:48:00,-0.13718176459275355
2020-07-09 11:51:00,-0.17440065166090335
2020-07-09 11:54:00,-0.19059173048680123
2020-07-09 11:57:00,-0.20671305850385124
2020-07-09 12:00:00,-0.23125296902958326
2020-07-09 12:03:00,-0.17805525403542788
2020-07-09 12:06:00,-0.29394939494653727
2020-07-09 12:09:00,-0.20171439297240568
2020-07-09 12:12:00,-0.2163301948746721
2020-07-09 12:15:00,-0.21809434532258365
2020-07-09 12:18:00,-0.2544895603761006
2020-07-09 12:21:00,-0.1761410476728429
2020-07-09 12:24:00,-0.30201726675124974
2020-07-09 12:27:00,-0.21300651572039442
2020-07-09 12:30:00,-0.27759354524897617
2020-07-09 12:33:00,-0.2738061595463819
2020-07-09 12:36:00,-0.32767644280716013
2020-07-09 12:39:00,-0.41054902687289996
2020-07-09 12:42:00,-0.2889205007515443
2020-07-09 12:45:00,-0.36547980255312496
2020-07-09 12:48:00,-0.4077303215858592
2020-07-09 12:51:00,-0.3002043226854312
2020-07-09 12:54:00,-0.27480460581551824
2020-07-09 12:57:00,-0.35624289283970256
2020-07-09 13:00:00,-0.3090048220929589
2020-07-09 13:03:00,-0.3179523271999187
2020-07-09 13:06:00,-0.45620563999523256
2020-07-09 13:09:00,-0.34873975991320094
2020-07-09 13:12:00,-0.23882705792965453
2020-07-09 13:15:00,-0.43119430162204253
2020-07-09 13:18:00,-0.40938132959422546
2020-07-09 13:21:00,-0.35178558439054086
2020-07-09 13:24:00,-0.34852530727170006
2020-07-09 13:27:00,-0.40890396415085206
2020-07-09 13:30:00,-0.3189339378020577
2020-07-09 13:33:00,-0.3012869197666532
2020-07-09 13:36:00,-0.2841099094973174
2020-07-09 13:39:00,-0.49864622860786767
2020-07-09 13:42:00,-0.4066488767381884
2020-07-09 13:45:00,-0.34508524451848643
2020-07-09 13:48:00,-0.35315773046301047
2020-07-09 13:51:00,-0.2911152267049033
2020-07-09 13:54:00,-0.2746057223756111
2020-07-09 13:57:00,-0.4655437087375276
2020-07-09 14:00:00,-0.34816902676885775
2020-07-09 14:03:00,-0.45960880992510056
2020-07-09 14:06:00,-0.3698853209539834
2020-07-09 14:09:00,-0.486793249279458
2020-07-09 14:12:00,-0.39245247995035015
2020-07-09 14:15:00,-0.43171028658468913
2020-07-09 14:18:00,-0.40293507591962907
2020-07-09 14:21:00,-0.4676298058123507
2020-07-09 14:24:00,-0.40460161853286536
2020-07-09 14:27:00,-0.4088541388373983
2020-07-09 14:30:00,-0.5045730098233321
2020-07-09 14:33:00,-0.533847057114599
2020-07-09 14:36:00,-0.40831780844882815
2020-07-09 14:39:00,-0.44200372825866907
2020-07-09 14:42:00,-0.347094361263089
2020-07-09 14:45:00,-0.35412970705272073
2020-07-09 14:48:00,-0.37631530116459544
2020-07-09 14:51:00,-0.40802059647455735
2020-07-09 14:54:00,-0.4379964845998643
2020-07-09 14:57:00,-0.3823994912010562
2020-07-09 15:00:00,-0.408209557200621
2020-07-09 15:03:00,-0.34528448409355406
2020-07-09 15:06:00,-0.388967376232074
2020-07-09 15:09:00,-0.4364193131420393
2020-07-09 15:12:00,-0.4488729183229907
2020-07-09 15:15:00,-0.42400559013691463
2020-07-09 15:18:00,-0.273615060856514
2020-07-09 15:21:00,-0.39771836455622633
2020-07-09 15:24:00,-0.24960356447979848
2020-07-09 15:27:00,-0.34365002261159816
2020-07-09 15:30:00,-0.28283455134118185
2020-07-09 15:33:00,-0.2534206206370868
2020-07-09 15:36:00,-0.3449160217134022
2020-07-09 15:39:00,-0.21361820447617674
2020-07-09 15:42:00,-0.35751339939236004
2020-07-09 15:45:00,-0.28993422354005816
2020-07-09 15:48:00,-0.4000607488748642
2020-07-09 15:51:00,-0.2750570024795138
2020-07-09 15:54:00,-0.35027444064672864
2020-07-09 15:57:00,-0.3790647164479992
2020-07-09 16:00:00,-0.4068613520739177
2020-07-09 16:03:00,-0.2717425907998745
2020-07-09 16:06:00,-0.4238322366735474
2020-07-09 16:09:00,-0.3334388969454949
2020-07-09 16:12:00,-0.30166026912866073
2020-07-09 16:15:00,-0.32563002173094446
2020-07-09 16:18:00,-0.3490868809872154
2020-07-09 16:21:00,-0.397181088663217
2020-07-09 16:24:00,-0.22984120807950603
2020-07-09 16:27:00,-0.3526562103595552
2020-07-09 16:30:00,-0.3112133029005122
2020-07-09 16:33:00,-0.41701726245884174
2020-07-09 16:36:00,-0.3108362005494314
2020-07-09 16:39:00,-0.19537243973326213
2020-07-09 16:42:00,-0.19810799155078485
2020-07-09 16:45:00,-0.26330086926009244
2020-07-09 16:48:00,-0.18901860876093224
2020-07-09 16:51:00,-0.1714786983662293
2020-07-09 16:54:00,-0.32047382262027213
2020-07-09 16:57:00,-0.03726830052960395
2020-07-09 17:00:00,-0.18539454045179582
2020-07-09 17:03:00,-0.15248437610171095
2020-07-09 17:06:00,-0.13904729046913644
2020-07-09 17:09:00,-0.06151463440812677
2020-07-09 17:12:00,-0.06199817350051262
2020-07-09 17:15:00,0.029579185801082986
2020-07-09 17:18:00,-0.18936989203973553
2020-07-09 17:21:00,-0.16072375459509658
2020-07-09 17:24:00,-0.08757563063954876
2020-07-09 17:27:00,-0.14326757090708497
2020-07-09 17:30:00,-0.1532574468027974
2020-07-09 17:33:00,-0.16747156513753225
2020-07-09 17:36:00,-0.11314307753639241
2020-07-09 17:39:00,-0.06149992874071586
2020-07-09 17:42:00,-0.13393872156495945
2020-07-09 17:45:00,-0.12733574403659986
2020-07-09 17:48:00,-0.12857053768755122
2020-07-09 17:51:00,-0.11023681965457399
2020-07-09 17:54:00,-0.12555982137700994
2020-07-09 17:57:00,-0.20417578769547617
2020-07-09 18:00:00,-0.10632078319912353
2020-07-09 18:03:00,-0.03771811929857449
2020-07-09 18:06:00,-0.06773616253605041
2020-07-09 18:09:00,-0.12767697677719525
2020-07-09 18:12:00,-0.11401775157025895
2020-07-09 18:15:00,-0.19565979064742578
2020-07-09 18:18:00,-0.06768969290186533
2020-07-09 18:21:00,-0.09824415407507558
2020-07-09 18:24:00,-0.10374181892285605
2020-07-09 18:27:00,-0.12260753525441714
2020-07-09 18:30:00,-0.07063548873003356
2020-07-09 18:33:00,-0.06105391320772924
2020-07-09 18:36:00,-0.000928088334376298
2020-07-09 18:39:00,-0.07400234745892931
2020-07-09 18:42:00,-0.1118715455559709
2020-07-09 18:45:00,-0.11132608306530756
2020-07-09 18:48:00,-0.12853070670058742
2020-07-09 18:51:00,-0.1091962816240084
2020-07-09 18:54:00,
2020-07-09 18:57:00,
2020-07-09 19:00:00,
2020-07-09 19:03:00,-0.0785168808540675
2020-07-09 19:06:00,-0.10303027094386152
2020-07-09 19:09:00,-0.1524721228057615
2020-07-09 19:12:00,-0.1691489664974597
2020-07-09 19:15:00,-0.07139751759802948
2020-07-09 19:18:00,-0.05568043841992676
2020-07-09 19:21:00,-0.08396553545611596
2020-07-09 19:24:00,-0.22969485611616847
2020-07-09 19:27:00,-0.07000244340207473
2020-07-09 19:30:00,-0.09534282256578308
2020-07-09 19:33:00,-0.12478043767833924
2020-07-09 19:36:00,-0.09938073671247594
2020-07-09 19:39:00,-0.09617455292953991
2020-07-09 19:42:00,0.04767165781998983
2020-07-09 19:45:00,-0.054203706036219046
2020-07-09 19:48:00,-0.06203575025728014
2020-07-09 19:51:00,0.029266390699888234
2020-07-09 19:54:00,0.06504448943826446
2020-07-09 19:57:00,0.03162567876660205
2020-07-09 20:00:00,-0.048265396560054796
2020-07-09 20:03:00,-0.02350079770769753
2020-07-09 20:06:00,0.20307086536377028
2020-07-09 20:09:00,0.093645432505582
2020-07-09 20:12:00,0.062000093832068615
2020-07-09 20:15:00,0.1574615860617996
2020-07-09 20:18:00,0.09601420379647152
2020-07-09 20:21:00,0.004080282880408959
2020-07-09 20:24:00,0.042033187655874826
2020-07-09 20:27:00,0.027347460233613674
2020-07-09 20:30:00,0.08661754530345434
2020-07-09 20:33:00,0.06479897239961474
2020-07-09 20:36:00,0.022303721963453427
2020-07-09 20:39:00,0.04968444807229844
2020-07-09 20:42:00,0.0481380011026431
2020-07-09 20:45:00,0.02917366128235699
2020-07-09 20:48:00,-0.008733576406598331
2020-07-09 20:51:00,0.05865297481079779
2020-07-09 20:54:00,0.0037624138656724426
2020-07-09 20:57:00,0.0978925886326465
2020-07-09 21:00:00,-0.035690413726115366
2020-07-09 21:03:00,-0.00825554545781415
2020-07-09 21:06:00,-0.017901030909627025
2020-07-09 21:09:00,0.06093274703920315
2020-07-09 21:12:00,0.05286904442937157
2020-07-09 21:15:00,0.03147273721242527
2020-07-09 21:18:00,0.12061208372080046
2020-07-09 21:21:00,0.06980952448736844
2020-07-09 21:24:00,0.060766313676026584
2020-07-09 21:27:00,-0.053517761864100066
2020-07-09 21:30:00,0.009317260126920246
2020-07-09 21:33:00,0.07912401996185281
2020-07-09 21:36:00,0.010049974450964783
2020-07-09 21:39:00,0.008706831423921813
2020-07-09 21:42:00,0.07295171732516792
2020-07-09 21:45:00,0.1073530079618763
2020-07-09 21:48:00,0.06680798226216211
2020-07-09 21:51:00,0.04294380307027268
2020-07-09 21:54:00,0.0328193812539439
2020-07-09 21:57:00,-0.004274654412085965
2020-07-09 22:00:00,-0.029109708934242917
2020-07-09 22:03:00,0.020454495835224407
2020-07-09 22:06:00,0.055929254797774774
2020-07-09 22:09:00,0.16601895805007416
2020-07-09 22:12:00,0.09700124281880562
2020-07-09 22:15:00,0.14957472333594524
2020-07-09 22:18:00,0.11348947882061111
2020-07-09 22:21:00,0.0513859169383295
2020-07-09 22:24:00,0.164231607867805
2020-07-09 22:27:00,0.009928201699551664
2020-07-09 22:30:00,0.12398372957130732
2020-07-09 22:33:00,0.11334564585905582
2020-07-09 22:36:00,0.15726519175120757
2020-07-09 22:39:00,0.20125793875888576
2020-07-09 22:42:00,0.20261292935271058
2020-07-09 22:45:00,0.2444936890705094
2020-07-09 22:48:00,0.12025847831694136
2020-07-09 22:51:00,0.1125004380558039
2020-07-09 22:54:00,0.15215897794900002
2020-07-09 22:57:00,0.11767627702892014
2020-07-09 23:00:00,0.08122736562910404
2020-07-09 23:03:00,0.24844355839542231
2020-07-09 23:06:00,0.16584239560643255
2020-07-09 23:09:00,0.09251089090025744
2020-07-09 23:12:00,0.12505447382557122
2020-07-09 23:15:00,0.11484391878224187
2020-07-09 23:18:00,0.2870506576435332
2020-07-09 23:21:00,0.21836559719190518
2020-07-09 23:24:00,0.09503364916656665
2020-07-09 23:27:00,0.06454898735927372
2020-07-09 23:30:00,0.26809632363091396
2020-07-09 23:33:00,0.0777200993032352
2020-07-09 23:36:00,0.1476528337014429
2020-07-09 23:39:00,0.10215265442769805
2020-07-09 23:42:00,0.14978458846638887
2020-07-09 23:45:00,0.05695356546078756
2020-07-09 23:48:00,0.07413539826137594
2020-07-09 23:51:00,0.17301136056948963
2020-07-09 23:54:00,0.0841227090436405
2020-07-09 23:57:00,0.008563893392931732
2020-07-10 00:00:00,0.04712349314081621
2020-07-10 00:03:00,0.14205383489138512
2020-07-10 00:06:00,0.09472557997747799
2020-07-10 00:09:00,0.1098166155339868
2020-07-10 00:12:00,0.17064669305636926
2020-07-10 00:15:00,0.21490695395823423
2020-07-10 00:18:00,0.21279612854078778
2020-07-10 00:21:00,0.15941504858011513
2020-07-10 00:24:00,0.1825551898903086
2020-07-10 00:27:00,0.1302269745083322
2020-07-10 00:30:00,0.17665714327847581
2020-07-10 00:33:00,0.2767894507756523
2020-07-10 00:36:00,0.16700820001699412
2020-07-10 00:39:00,0.1283541534630217
2020-07-10 00:42:00,-0.008339740952465036
2020-07-10 00:45:00,0.09063607694201892
2020-07-10 00:48:00,0.11112057578509393
2020-07-10 00:51:00,0.19708023406934672
2020-07-10 00:54:00,0.15676210139571367
2020-07-10 00:57:00,0.050036479795835476
2020-07-10 01:00:00,0.18828111879349763
2020-07-10 01:03:00,0.19131357620790368
2020-07-10 01:06:00,0.16397583272163274
2020-07-10 01:09:00,0.24205534044125443
2020-07-10 01:12:00,0.19625982530283181
2020-07-10 01:15:00,0.20181342364384136
2020-07-10 01:18:00,0.30289003690950267
2020-07-10 01:21:00,0.18867409793534762
2020-07-10 01:24:00,0.24180277923522908
2020-07-10 01:27:00,0.23659224803708412
2020-07-10 01:30:00,0.23058960283532315
2020-07-10 01:33:00,0.23947578283997473
2020-07-10 01:36:00,0.20242428435761894
2020-07-10 01:39:00,0.14051834551150932
2020-07-10 01:42:00,0.11606095189807775
2020-07-10 01:45:00,0.16263911958702693
2020-07-10 01:48:00,0.26310639458921514
2020-07-10 01:51:00,0.16865822688697563
2020-07-10 01:54:00,0.191143077773404
2020-07-10 01:57:00,0.25433500380034957
2020-07-10 02:00:00,0.23304155782005864
2020-07-10 02:03:00,0.24486117087269577
2020-07-10 02:06:00,0.2183061274227498
2020-07-10 02:09:00,0.20616831448995754
2020-07-10 02:12:00,0.20468449012810197
2020-07-10 02:15:00,0.19699824493750384
2020-07-10 02:18:00,0.1123789114726037
2020-07-10 02:21:00,0.13829047642309433
2020-07-10 02:24:00,0.1185925537449748
2020-07-10 02:27:00,0.143210586934174
2020-07-10 02:30:00,0.14229657732687429
2020-07-10 02:33:00,0.1823495925080465
2020-07-10 02:36:00,0.1448579625089792
2020-07-10 02:39:00,0.16877907505789835
2020-07-10 02:42:00,0.1107414512588889
2020-07-10 02:45:00,0.2861157860002095
2020-07-10 02:48:00,0.21830169162996071
2020-07-10 02:51:00,0.1488895090732285
2020-07-10 02:54:00,0.12055494781776588
2020-07-10 02:57:00,0.14520776318676099
2020-07-10 03:00:00,0.15328634227427074
2020-07-10 03:03:00,0.1364781938843862
2020-07-10 03:06:00,0.08409846299628043
2020-07-10 03:09:00,0.1878051324793546
2020-07-10 03:12:00,0.16457367108972676
2020-07-10 03:15:00,0.11675626684615281
2020-07-10 03:18:00,0.1840745033460962
2020-07-10 03:21:00,0.14104411854719956
2020-07-10 03:24:00,0.07286873666009797
2020-07-10 03:27:00,0.11002664136924523
2020-07-10 03:30:00,0.14227114590477186
2020-07-10 03:33:00,0.1480037932669802
2020-07-10 03:36:00,0.1879546278285602
2020-07-10 03:39:00,0.09603901530442727
2020-07-10 03:42:00,0.12041682841817192
2020-07-10 03:45:00,0.20374806511728139
2020-07-10 03:48:00,0.12758187627366624
2020-07-10 03:51:00,0.16746686597093685
2020-07-10 03:54:00,0.163394418249311
2020-07-10 03:57:00,0.15071311078520466
2020-07-10 04:00:00,0.148673480432592
2020-07-10 04:03:00,0.21314169212161005
2020-07-10 04:06:00,0.18264781517206075
2020-07-10 04:09:00,0.24458245137913082
2020-07-10 04:12:00,0.2070541388844731
2020-07-10 04:15:00,0.23160419604079152
2020-07-10 04:18:00,0.24881198227365076
2020-07-10 04:21:00,0.18017423761091322
2020-07-10 04:24:00,0.3191468243185227
2020-07-10 04:27:00,0.2195289543766421
2020-07-10 04:30:00,0.21900707506398476
2020-07-10 04:33:00,0.24225749912659467
2020-07-10 04:36:00,0.2896139583470472
2020-07-10 04:39:00,0.2424302807533536
2020-07-10 04:42:00,0.25815931203942455
2020-07-10 04:45:00,0.29839958698408964
2020-07-10 04:48:00,0.2902607795998051
2020-07-10 04:51:00,0.259756613959496
2020-07-10 04:54:00,0.3118366831521939
2020-07-10 04:57:00,0.21949713785062386
2020-07-10 05:00:00,0.17214181851198873
2020-07-10 05:03:00,0.20535419896168605
2020-07-10 05:06:00,0.14812654575314355
2020-07-10 05:09:00,0.3028014702681503
2020-07-10 05:12:00,0.2621754404377157
2020-07-10 05:15:00,0.22402461382728234
2020-07-10 05:18:00,0.19941989267977078
2020-07-10 05:21:00,0.1607048254277288
2020-07-10 05:24:00,0.15840306635789148
2020-07-10 05:27:00,0.22997269337349735
2020-07-10 05:30:00,0.1466203396478818
2020-07-10 05:33:00,0.20589003265905603
2020-07-10 05:36:00,0.24332823146954752
2020-07-10 05:39:00,0.25918611414300585
2020-07-10 05:42:00,0.3013587413608434
2020-07-10 05:45:00,0.22429770305365082
2020-07-10 05:48:00,0.21758665328218285
2020-07-10 05:51:00,0.1621247781921511
2020-07-10 05:54:00,0.2785672464589197
2020-07-10 05:57:00,0.2772379874651847
2020-07-10 06:00:00,0.2677262782169123
2020-07-10 06:03:00,0.31530051999891384
2020-07-10 06:06:00,0.3101499440927
2020-07-10 06:09:00,0.30226263694436284
2020-07-10 06:12:00,0.3089817592355075
2020-07-10 06:15:00,0.27959922899748335
2020-07-10 06:18:00,0.2906686266838392
2020-07-10 06:21:00,0.3298987100472459
2020-07-10 06:24:00,0.3389860762244439
2020-07-10 06:27:00,0.28135002884982896
2020-07-10 06:30:00,0.25294696789916316
2020-07-10 06:33:00,0.25823740294703157
2020-07-10 06:36:00,0.32274895689658933
2020-07-10 06:39:00,0.20120979338190637
2020-07-10 06:42:00,0.20194009774780852
2020-07-10 06:45:00,0.20995895367525463
2020-07-10 06:48:00,0.292806546354484
2020-07-10 06:51:00,0.2601526228044122
2020-07-10 06:54:00,0.32295988485884664
2020-07-10 06:57:00,0.2608877148222746
2020-07-10 07:00:00,0.29217508552130766
2020-07-10 07:03:00,0.2874026910757834
2020-07-10 07:06:00,0.23067923850970828
2020-07-10 07:09:00,0.3752109974576001
2020-07-10 07:12:00,0.237549609268342
2020-07-10 07:15:00,0.23051882107921529
2020-07-10 07:18:00,0.20031863899072277
2020-07-10 07:21:00,0.17275497924578076
2020-07-10 07:24:00,0.24529520433827656
2020-07-10 07:27:00,0.32931923090529835
2020-07-10 07:30:00,0.21422854929494406
2020-07-10 07:33:00,0.32852386194957717
2020-07-10 07:36:00,0.1834893518256422
2020-07-10 07:39:00,0.16223220319244547
2020-07-10 07:42:00,0.18101906231430576
2020-07-10 07:45:00,0.1772870556838484
2020-07-10 07:48:00,0.2931710289782359
2020-07-10 07:51:00,0.25291474031615735
2020-07-10 07:54:00,0.155275490878239
2020-07-10 07:57:00,0.2051361266315439
2020-07-10 08:00:00,0.1566182964434688
2020-07-10 08:03:00,0.15659945749069948
2020-07-10 08:06:00,0.16861471280378737
2020-07-10 08:09:00,0.1471043798888445
2020-07-10 08:12:00,0.26633765862123937
2020-07-10 08:15:00,0.15377424987349286
2020-07-10 08:18:00,0.1228377288252318
2020-07-10 08:21:00,0.07390674090521543
2020-07-10 08:24:00,0.0898060183715188
2020-07-10 08:27:00,0.16324639616107106
2020-07-10 08:30:00,0.16269283294423076
2020-07-10 08:33:00,0.05905737003371314
2020-07-10 08:36:00,0.07779654486711252
2020-07-10 08:39:00,0.12524348676078034
2020-07-10 08:42:00,0.07467802285890457
2020-07-10 08:45:00,0.08410947283266523
2020-07-10 08:48:00,0.09828952386209266
2020-07-10 08:51:00,0.044732846431543294
2020-07-10 08:54:00,0.04495180231288032
2020-07-10 08:57:00,0.10145474651721997
2020-07-10 09:00:00,0.2264847692883336
2020-07-10 09:03:00,0.03719245592486686
2020-07-10 09:06:00,0.021310287647054338
2020-07-10 09:09:00,0.10251894788683558
2020-07-10 09:12:00,0.08708725314642152
2020-07-10 09:15:00,0.12916712933525787
2020-07-10 09:18:00,0.09837144869226222
2020-07-10 09:21:00,0.0191494156886165
2020-07-10 09:24:00,0.05902186061132397
2020-07-10 09:27:00,-0.0017012715732676043
2020-07-10 09:30:00,-0.052260996910661106
2020-07-10 09:33:00,0.001819444834609385
2020-07-10 09:36:00,0.08005444277688412
2020-07-10 09:39:00,-0.011883084981832326
2020-07-10 09:42:00,0.043348946973139846
2020-07-10 09:45:00,0.03949483752427341
2020-07-10 09:48:00,-0.08182712058084007
2020-07-10 09:51:00,-0.0717567211225969
2020-07-10 09:54:00,-0.03907382033111162
2020-07-10 09:57:00,-0.041720584271786265
2020-07-10 10:00:00,-0.0021770540578245345
2020-07-10 10:03:00,0.015539227524016042
2020-07-10 10:06:00,-0.06940729185640748
2020-07-10 10:09:00,-0.03253205253344049
2020-07-10 10:12:00,-0.15732166800876257
2020-07-10 10:15:00,-0.0288549974942498
2020-07-10 10:18:00,-0.006708478116138394
2020-07-10 10:21:00,-0.09600769639536111
2020-07-10 10:24:00,-0.09707522072409347
2020-07-10 10:27:00,-0.12120832871676157
2020-07-10 10:30:00,-0.1753588996272697
2020-07-10 10:33:00,-0.2114960654537299
2020-07-10 10:36:00,-0.12296410535043378
2020-07-10 10:39:00,-0.14925640453617461
2020-07-10 10:42:00,-0.15914092423855664
2020-07-10 10:45:00,-0.07867507956711961
2020-07-10 10:48:00,-0.1996571091534065
2020-07-10 10:51:00,-0.15510621413238823
2020-07-10 10:54:00,-0.22970063388936524
2020-07-10 10:57:00,-0.16413189135971606
2020-07-10 11:00:00,-0.22045968096051638
2020-07-10 11:03:00,-0.20328609724356284
2020-07-10 11:06:00,-0.25799343736770197
2020-07-10 11:09:00,-0.2602455585204666
2020-07-10 11:12:00,-0.15285125921661802
2020-07-10 11:15:00,-0.26243962863821935
2020-07-10 11:18:00,-0.2560639991023663
2020-07-10 11:21:00,-0.2710498758959261
2020-07-10 11:24:00,-0.1630564901798266
2020-07-10 11:27:00,-0.18722268712383539
2020-07-10 11:30:00,-0.28458084581109233
2020-07-10 11:33:00,-0.2263198033265894
2020-07-10 11:36:00,-0.3256319931599023
2020-07-10 11:39:00,-0.29754729071669317
2020-07-10 11:42:00,-0.24719150865820438
2020-07-10 11:45:00,-0.22564646864753968
2020-07-10 11:48:00,-0.23565426214349827
2020-07-10 11:51:00,-0.2476832520845278
2020-07-10 11:54:00,-0.2945257136032069
2020-07-10 11:57:00,-0.2704437244655651
2020-07-10 12:00:00,-0.2609155059448085
2020-07-10 12:03:00,-0.16818707352075535
2020-07-10 12:06:00,-0.1188644735663047
2020-07-10 12:09:00,-0.13208873681537625
2020-07-10 12:12:00,-0.21401298273679004
2020-07-10 12:15:00,-0.09706003999144741
2020-07-10 12:18:00,-0.012831866887893284
2020-07-10 12:21:00,0.04296491768610622
2020-07-10 12:24:00,0.15312160989816448
2020-07-10 12:27:00,0.07737179107675729
2020-07-10 12:30:00,0.07523137272556824
2020-07-10 12:33:00,-0.10169270232978533
2020-07-10 12:36:00,-0.11492187231539219
2020-07-10 12:39:00,-0.09843829534707993
2020-07-10 12:42:00,0.005259461266234666
2020-07-10 12:45:00,-0.09363999777269782
2020-07-10 12:48:00,-0.1430956316744414
2020-07-10 12:51:00,-0.2346802638616623
2020-07-10 12:54:00,-0.20911736552147886
2020-07-10 12:57:00,-0.16679932037447998
2020-07-10 13:00:00,-0.15426484452160594
2020-07-10 13:03:00,-0.044906777021765265
2020-07-10 13:06:00,-0.13736972082847387
2020-07-10 13:09:00,-0.04428791670983401
2020-07-10 13:12:00,0.10404602848154809
2020-07-10 13:15:00,0.06352155924577119
2020-07-10 13:18:00,-0.040910757709298196
2020-07-10 13:21:00,-0.14672342975114816
2020-07-10 13:24:00,-0.05679491759644861
2020-07-10 13:27:00,-0.17653140835386694
2020-07-10 13:30:00,-0.14810316199549334
2020-07-10 13:33:00,-0.006009816314701766
2020-07-10 13:36:00,-0.11665513853932907
2020-07-10 13:39:00,0.41069281287536796
2020-07-10 13:42:00,0.35980553656628445
2020-07-10 13:45:00,0.009440583186517415
2020-07-10 13:48:00,-0.04028664925220937
2020-07-10 13:51:00,0.09354459986030861
2020-07-10 13:54:00,-0.021032090681160298
2020-07-10 13:57:00,-0.12606036778453245
2020-07-10 14:00:00,-0.11728411381562864
2020-07-10 14:03:00,-0.1477119430570042
2020-07-10 14:06:00,-0.1498681106994013
2020-07-10 14:09:00,0.09150054618839931
2020-07-10 14:12:00,-0.043283918346787686
2020-07-10 14:15:00,0.05133030352669721
2020-07-10 14:18:00,-0.03816705268820897
2020-07-10 14:21:00,-0.0004728384740246838
2020-07-10 14:24:00,0.015405245548890889
2020-07-10 14:27:00,-0.18811794075026
2020-07-10 14:30:00,-0.1243187553686198
2020-07-10 14:33:00,-0.1603643022324377
2020-07-10 14:36:00,-0.12083303238057397
2020-07-10 14:39:00,-0.1228942463740168
2020-07-10 14:42:00,-0.1377811360342207
2020-07-10 14:45:00,-0.2082448815218072
2020-07-10 14:48:00,-0.24912389498405219
2020-07-10 14:51:00,-0.2362240900371262
2020-07-10 14:54:00,-0.19507591737311714
2020-07-10 14:57:00,-0.2197792153602336
2020-07-10 15:00:00,-0.22154421221335951
2020-07-10 15:03:00,-0.1579284409163506
2020-07-10 15:06:00,-0.09688540697470671
2020-07-10 15:09:00,-0.17006608691713154
2020-07-10 15:12:00,-0.1572674446797464
2020-07-10 15:15:00,-0.21283918576807537
2020-07-10 15:18:00,-0.2062917337033241
2020-07-10 15:21:00,-0.2027807103912096
2020-07-10 15:24:00,-0.23726865160955413
2020-07-10 15:27:00,-0.3104571290954823
2020-07-10 15:30:00,-0.18951674262370943
2020-07-10 15:33:00,-0.11687541328802808
2020-07-10 15:36:00,-0.15096353253358075
2020-07-10 15:39:00,-0.19499267325170422
2020-07-10 15:42:00,-0.12646171105490112
2020-07-10 15:45:00,-0.150975392623252
2020-07-10 15:48:00,-0.06729175780884589
2020-07-10 15:51:00,0.09507176039636533
2020-07-10 15:54:00,0.007912466678078545
2020-07-10 15:57:00,-0.08001142181461773
2020-07-10 16:00:00,-0.07503515176858855
2020-07-10 16:03:00,-0.024669245920506455
2020-07-10 16:06:00,0.18922541755171096
2020-07-10 16:09:00,-0.05147573815082751
2020-07-10 16:12:00,-0.0889579553578983
2020-07-10 16:15:00,-0.0654352076492728
2020-07-10 16:18:00,-0.05350158823290485
2020-07-10 16:21:00,-0.1907408972500093
2020-07-10 16:24:00,-0.11565023822822695
2020-07-10 16:27:00,-0.15821241396793084
2020-07-10 16:30:00,-0.1110806582334476
2020-07-10 16:33:00,-0.10483701376011823
2020-07-10 16:36:00,-0.04726736180481339
2020-07-10 16:39:00,-0.055764392821402
2020-07-10 16:42:00,-0.1441317262322741
2020-07-10 16:45:00,-0.23068313332441903
2020-07-10 16:48:00,-0.10437355446623542
2020-07-10 16:51:00,-0.2283274053715445
2020-07-10 16:54:00,-0.12723480535703402
2020-07-10 16:57:00,-0.10440798948241081
2020-07-10 17:00:00,-0.09354584522839104
2020-07-10 17:03:00,-0.21445117874310426
2020-07-10 17:06:00,-0.22690355695254993
2020-07-10 17:09:00,-0.20005996269577508
2020-07-10 17:12:00,-0.10867448662867218
2020-07-10 17:15:00,-0.14329016725275778
2020-07-10 17:18:00,-0.24511921575316364
2020-07-10 17:21:00,-0.13233839573359774
2020-07-10 17:24:00,-0.050591857006168084
2020-07-10 17:27:00,-0.0829965094075078
2020-07-10 17:30:00,-0.17655840521757682
2020-07-10 17:33:00,-0.08764124224791203
2020-07-10 17:36:00,-0.17899711707605093
2020-07-10 17:39:00,-0.029464556843436185
2020-07-10 17:42:00,-0.0359741119864907
2020-07-10 17:45:00,-0.03846257717543722
2020-07-10 17:48:00,-0.14592560250713404
2020-07-10 17:51:00,-0.20007684943823278
2020-07-10 17:54:00,-0.13515160550133487
2020-07-10 17:57:00,-0.10770780104945743
2020-07-10 18:00:00,-0.021670938951046992
2020-07-10 18:03:00,-0.1101853760470135
2020-07-10 18:06:00,-0.09161355838193685
2020-07-10 18:09:00,-0.11666064268916898
2020-07-10 18:12:00,-0.03537379306976618
2020-07-10 18:15:00,-0.1034213227787859
2020-07-10 18:18:00,0.00934229518537677
2020-07-10 18:21:00,0.01068290588182208
2020-07-10 18:24:00,-0.008822952237949266
2020-07-10 18:27:00,-0.02852205988165224
2020-07-10 18:30:00,-0.11785086049513893
2020-07-10 18:33:00,-0.028592621033112664
2020-07-10 18:36:00,-0.12156784133372867
2020-07-10 18:39:00,-0.06803365875231293
2020-07-10 18:42:00,-0.049913637354507046
2020-07-10 18:45:00,-0.05717152267129677
2020-07-10 18:48:00,-0.06900943757585765
2020-07-10 18:51:00,-0.13434156909102057
2020-07-10 18:54:00,
2020-07-10 18:57:00,
2020-07-10 19:00:00,
2020-07-10 19:03:00,-0.016519935456642543
2020-07-10 19:06:00,-0.045167302277150156
2020-07-10 19:09:00,-0.015890339667350872
2020-07-10 19:12:00,-0.09787278328599314
2020-07-10 19:15:00,-0.027221459121790303
2020-07-10 19:18:00,-0.021518318654557334
2020-07-10 19:21:00,0.0582080377425882
2020-07-10 19:24:00,0.04637101990130077
2020-07-10 19:27:00,0.09140842102323177
2020-07-10 19:30:00,-0.024046647580405534
2020-07-10 19:33:00,-0.02876405265902804
2020-07-10 19:36:00,-0.03585255744769711
2020-07-10 19:39:00,-0.10789271594109096
2020-07-10 19:42:00,0.038799633970768355
2020-07-10 19:45:00,-0.16326769764640403
2020-07-10 19:48:00,0.024453615784352678
2020-07-10 19:51:00,-0.024708705142245435
2020-07-10 19:54:00,0.010118755041787608
2020-07-10 19:57:00,0.007984331720990667
2020-07-10 20:00:00,0.03498445124478167
2020-07-10 20:03:00,-0.01685582266327401
2020-07-10 20:06:00,0.11794343009529484
2020-07-10 20:09:00,-0.03533316268180897
2020-07-10 20:12:00,-0.048524843839913956
2020-07-10 20:15:00,0.09703260468398867
2020-07-10 20:18:00,0.06448154055004807
2020-07-10 20:21:00,0.12851027510725999
2020-07-10 20:24:00,-0.016344936503344343
2020-07-10 20:27:00,0.014848824345563116
2020-07-10 20:30:00,-0.04752781655901117
2020-07-10 20:33:00,0.014428973441567905
2020-07-10 20:36:00,-0.02214072517506338
2020-07-10 20:39:00,0.03176272347110398
2020-07-10 20:42:00,0.08578788967406581
2020-07-10 20:45:00,0.051649467750451095
2020-07-10 20:48:00,0.012715899287968568
2020-07-10 20:51:00,0.03109582168730185
2020-07-10 20:54:00,0.04291927989299893
2020-07-10 20:57:00,0.03123503377690895
2020-07-10 21:00:00,-0.09916053242096723
2020-07-10 21:03:00,0.14209592664815318
2020-07-10 21:06:00,0.14343627892384347
2020-07-10 21:09:00,-0.10065191187231903
2020-07-10 21:12:00,0.10407223964620016
2020-07-10 21:15:00,0.08312609695883566
2020-07-10 21:18:00,0.21619860265002444
2020-07-10 21:21:00,0.29532582915902594
2020-07-10 21:24:00,0.2180908413423026
2020-07-10 21:27:00,0.12943435182518215
2020-07-10 21:30:00,0.14255965440719365
2020-07-10 21:33:00,0.14242363554319581
2020-07-10 21:36:00,0.059756866640668704
2020-07-10 21:39:00,0.1356543598815847
2020-07-10 21:42:00,0.24260907932387
2020-07-10 21:45:00,0.1129270387256156
2020-07-10 21:48:00,0.2737181232502621
2020-07-10 21:51:00,0.031095313910213918
2020-07-10 21:54:00,0.08774744141368274
2020-07-10 21:57:00,0.1632880006508799
2020-07-10 22:00:00,-0.035309276113764554
2020-07-10 22:03:00,0.11669868868841604
2020-07-10 22:06:00,0.15820491821665428
2020-07-10 22:09:00,0.16443193868383332
2020-07-10 22:12:00,0.178451684652714
2020-07-10 22:15:00,0.07776581100142721
2020-07-10 22:18:00,0.21017068514242965
2020-07-10 22:21:00,0.18058726080835186
2020-07-10 22:24:00,0.21477285434104942
2020-07-10 22:27:00,0.19664835723415308
2020-07-10 22:30:00,0.11468556149333153
2020-07-10 22:33:00,0.2610263601700922
2020-07-10 22:36:00,0.25588064041562575
2020-07-10 22:39:00,0.24526623162307715
2020-07-10 22:42:00,0.3409488799342171
2020-07-10 22:45:00,0.1550526844291653
2020-07-10 22:48:00,0.20791626037760125
2020-07-10 22:51:00,0.1635522028309424
2020-07-10 22:54:00,0.058320953922191165
2020-07-10 22:57:00,0.1909805140543881
2020-07-10 23:00:00,0.18484095269491263
2020-07-10 23:03:00,0.26185282366810725
2020-07-10 23:06:00,0.1177565574333812
2020-07-10 23:09:00,0.06708976474999417
2020-07-10 23:12:00,0.12950197584365242
2020-07-10 23:15:00,0.13123178159133886
2020-07-10 23:18:00,0.1461756238709313
2020-07-10 23:21:00,0.17920742157139102
2020-07-10 23:24:00,0.23604154192116766
2020-07-10 23:27:00,0.2359880747507077
2020-07-10 23:30:00,0.2950809583734326
2020-07-10 23:33:00,0.3517573067655917
2020-07-10 23:36:00,0.22996345275373642
2020-07-10 23:39:00,0.24238218812331525
2020-07-10 23:42:00,0.28833422083249616
2020-07-10 23:45:00,0.37642303282086687
2020-07-10 23:48:00,0.37572772194045
2020-07-10 23:51:00,0.26925731990746726
2020-07-10 23:54:00,0.23467737484475037
2020-07-10 23:57:00,0.2816827931968078
2020-07-11 00:00:00,0.30390049335557023
2020-07-11 00:03:00,0.2500210098974094
2020-07-11 00:06:00,0.27398501331288116
2020-07-11 00:09:00,0.3671428281711542
2020-07-11 00:12:00,0.3765026748629339
2020-07-11 00:15:00,0.3541662264626666
2020-07-11 00:18:00,0.4331743545237714
2020-07-11 00:21:00,0.48254060894834083
2020-07-11 00:24:00,0.4572049867124406
2020-07-11 00:27:00,0.38286040367529495
2020-07-11 00:30:00,0.3295565740758093
2020-07-11 00:33:00,0.3142707118145722
2020-07-11 00:36:00,0.34432735280677207
2020-07-11 00:39:00,0.312888655260565
2020-07-11 00:42:00,0.2599605118150521
2020-07-11 00:45:00,0.21256685488691573
2020-07-11 00:48:00,0.24848504539340865
2020-07-11 00:51:00,0.2750682538388105
2020-07-11 00:54:00,0.29993179583607343
2020-07-11 00:57:00,0.32276891590339574
2020-07-11 01:00:00,0.3284341728287927
2020-07-11 01:03:00,0.31363708162064086
2020-07-11 01:06:00,0.36419709993725746
2020-07-11 01:09:00,0.26441706505966067
2020-07-11 01:12:00,0.2932844834846833
2020-07-11 01:15:00,0.2702692731754155
2020-07-11 01:18:00,0.3456300920980766
2020-07-11 01:21:00,0.41136781065313244
2020-07-11 01:24:00,0.4879451224443869
2020-07-11 01:27:00,0.42993745485080126
2020-07-11 01:30:00,0.34118521603579666
2020-07-11 01:33:00,0.4397467969649256
2020-07-11 01:36:00,0.40429884168236185
2020-07-11 01:39:00,0.4317271749903284
2020-07-11 01:42:00,0.43360709490320914
2020-07-11 01:45:00,0.4085153038294038
2020-07-11 01:48:00,0.428781978584027
2020-07-11 01:51:00,0.4797890432108147
2020-07-11 01:54:00,0.5075582337849482
2020-07-11 01:57:00,0.4387551955690583
2020-07-11 02:00:00,0.43375780130156727
2020-07-11 02:03:00,0.520247870524372
2020-07-11 02:06:00,0.457180252484477
2020-07-11 02:09:00,0.40468832995719595
2020-07-11 02:12:00,0.4499778038258455
2020-07-11 02:15:00,0.39356593021494746
2020-07-11 02:18:00,0.40972221933839137
2020-07-11 02:21:00,0.40629579513142744
2020-07-11 02:24:00,0.4107711427390086
2020-07-11 02:27:00,0.33295068318392396
2020-07-11 02:30:00,0.43541115356174487
2020-07-11 02:33:00,0.4660206008275054
2020-07-11 02:36:00,0.4582414505367183
2020-07-11 02:39:00,0.4545767543427246
2020-07-11 02:42:00,0.40331131500425954
2020-07-11 02:45:00,0.39995558839933665
2020-07-11 02:48:00,0.3053809817450883
2020-07-11 02:51:00,0.41746357169449766
2020-07-11 02:54:00,0.4884920462200739
2020-07-11 02:57:00,0.49704939289949834
2020-07-11 03:00:00,0.5556056875514059
2020-07-11 03:03:00,0.43847448035216985
2020-07-11 03:06:00,0.4558143917818711
2020-07-11 03:09:00,0.3818508727860035
2020-07-11 03:12:00,0.4762882730857996
2020-07-11 03:15:00,0.4692580439401013
2020-07-11 03:18:00,0.42923072966277687
2020-07-11 03:21:00,0.5296153942069282
2020-07-11 03:24:00,0.43258669609951994
2020-07-11 03:27:00,0.5578440908969355
2020-07-11 03:30:00,0.4748844630482836
2020-07-11 03:33:00,0.4368647285934344
2020-07-11 03:36:00,0.5764708370932112
2020-07-11 03:39:00,0.5480698673029565
2020-07-11 03:42:00,0.5218155403123319
2020-07-11 03:45:00,0.6385877069715775
2020-07-11 03:48:00,0.36785096599970757
2020-07-11 03:51:00,0.3070255659420127
2020-07-11 03:54:00,0.2704525652375196
2020-07-11 03:57:00,0.3827102676066261
2020-07-11 04:00:00,0.5459593945502093
2020-07-11 04:03:00,0.6170525277754564
2020-07-11 04:06:00,0.6503544527963072
2020-07-11 04:09:00,0.6639854748584639
2020-07-11 04:12:00,0.4869723429855526
2020-07-11 04:15:00,0.5129080095023824
2020-07-11 04:18:00,0.3783983544512921
2020-07-11 04:21:00,0.5097189303497203
2020-07-11 04:24:00,0.49482086495288513
2020-07-11 04:27:00,0.48761410674774197
2020-07-11 04:30:00,0.5332249217282197
2020-07-11 04:33:00,0.45365614872480364
2020-07-11 04:36:00,0.38270802733978826
2020-07-11 04:39:00,0.42884068425269106
2020-07-11 04:42:00,0.3886403120001205
2020-07-11 04:45:00,0.45352662787519193
2020-07-11 04:48:00,0.40200525762020334
2020-07-11 04:51:00,0.36065298972681603
2020-07-11 04:54:00,0.3848672035856566
2020-07-11 04:57:00,0.5023449318844655
2020-07-11 05:00:00,0.3831117603870098
2020-07-11 05:03:00,0.4844296189741044
2020-07-11 05:06:00,0.38367925456202556
2020-07-11 05:09:00,0.3627807209587104
2020-07-11 05:12:00,0.3221852540415284
2020-07-11 05:15:00,0.47857807571148214
2020-07-11 05:18:00,0.3119108375748283
2020-07-11 05:21:00,0.36882376149446827
2020-07-11 05:24:00,0.34098369203923085
2020-07-11 05:27:00,0.4396705153882863
2020-07-11 05:30:00,0.35157716436708597
2020-07-11 05:33:00,0.4522885697926995
2020-07-11 05:36:00,0.38676281935568113
2020-07-11 05:39:00,0.43919554907449765
2020-07-11 05:42:00,0.35687136259525687
2020-07-11 05:45:00,0.414045361151409
2020-07-11 05:48:00,0.4967159088378139
2020-07-11 05:51:00,0.3639252657276302
2020-07-11 05:54:00,0.3945839437262748
2020-07-11 05:57:00,0.4846207479633904
2020-07-11 06:00:00,0.41383486911399814
2020-07-11 06:03:00,0.3489555598289371
2020-07-11 06:06:00,0.4899311672477893
2020-07-11 06:09:00,0.44980412105235246
2020-07-11 06:12:00,0.4070362872897135
2020-07-11 06:15:00,0.43723518526729777
2020-07-11 06:18:00,0.33860723434600004
2020-07-11 06:21:00,0.4039699780688011
2020-07-11 06:24:00,0.3845749466545385
2020-07-11 06:27:00,0.3906957344980242
2020-07-11 06:30:00,0.44147582666693097
2020-07-11 06:33:00,0.3735937955273698
2020-07-11 06:36:00,0.41333428025359353
2020-07-11 06:39:00,0.4750545586118733
2020-07-11 06:42:00,0.4724766184513669
2020-07-11 06:45:00,0.3483230377644304
2020-07-11 06:48:00,0.4149805606971313
2020-07-11 06:51:00,0.34874843531883926
2020-07-11 06:54:00,0.3831806562226916
2020-07-11 06:57:00,0.38109854421952605
2020-07-11 07:00:00,0.4484180244534173
2020-07-11 07:03:00,0.4372171180434634
2020-07-11 07:06:00,0.4005819037042784
2020-07-11 07:09:00,0.4088612577728554
2020-07-11 07:12:00,0.37823012866431327
2020-07-11 07:15:00,0.3260235543888257
2020-07-11 07:18:00,0.3642824708763328
2020-07-11 07:21:00,0.3944636064133533
2020-07-11 07:24:00,0.46160866720697413
2020-07-11 07:27:00,0.45663576774586545
2020-07-11 07:30:00,0.48279909150261346
2020-07-11 07:33:00,0.4725281750991712
2020-07-11 07:36:00,0.46323263982611707
2020-07-11 07:39:00,0.42843286888091825
2020-07-11 07:42:00,0.3837283938634073
2020-07-11 07:45:00,0.3136248572536715
2020-07-11 07:48:00,0.3613232666627937
2020-07-11 07:51:00,0.36076553652873145
2020-07-11 07:54:00,0.32252817720450366
2020-07-11 07:57:00,0.3478838524322896
2020-07-11 08:00:00,0.4017154561204279
2020-07-11 08:03:00,0.37622080178869055
2020-07-11 08:06:00,0.3612922496870965
2020-07-11 08:09:00,0.3993527119042142
2020-07-11 08:12:00,0.2807486970269224
2020-07-11 08:15:00,0.35978124776556797
2020-07-11 08:18:00,0.35752058489731553
2020-07-11 08:21:00,0.35620297328296147
2020-07-11 08:24:00,0.361187776152633
2020-07-11 08:27:00,0.4032310186275936
2020-07-11 08:30:00,0.3438658503388865
2020-07-11 08:33:00,0.361398582071331
2020-07-11 08:36:00,0.41240457754366844
2020-07-11 08:39:00,0.4179594643274527
2020-07-11 08:42:00,0.41285022807875293
2020-07-11 08:45:00,0.3957291955124447
2020-07-11 08:48:00,0.37957599881087845
2020-07-11 08:51:00,0.2890159132587655
2020-07-11 08:54:00,0.37801572182468135
2020-07-11 08:57:00,0.4485055135858147
2020-07-11 09:00:00,0.500556923487693
2020-07-11 09:03:00,0.4973672880668687
2020-07-11 09:06:00,0.6216046870182481
2020-07-11 09:09:00,0.6644646410223913
2020-07-11 09:12:00,0.5109324995589759
2020-07-11 09:15:00,0.5610949212183982
2020-07-11 09:18:00,0.5620956851413439
2020-07-11 09:21:00,0.3782183963608077
2020-07-11 09:24:00,0.3101785398564516
2020-07-11 09:27:00,0.4412246185199251
2020-07-11 09:30:00,0.6517173679739585
2020-07-11 09:33:00,0.7213881346686435
2020-07-11 09:36:00,0.6893648156980703
2020-07-11 09:39:00,0.8331807461912035
2020-07-11 09:42:00,0.8466339827533034
2020-07-11 09:45:00,0.8088656610505609
2020-07-11 09:48:00,0.6949569902774897
2020-07-11 09:51:00,0.6776993152942055
2020-07-11 09:54:00,0.6501828462338608
2020-07-11 09:57:00,0.6550626408106268
2020-07-11 10:00:00,0.717506688722267
2020-07-11 10:03:00,0.7070204528695854
2020-07-11 10:06:00,0.5600714464094381
2020-07-11 10:09:00,0.4524030557384435
2020-07-11 10:12:00,0.4157176901348407
2020-07-11 10:15:00,0.32197893534060995
2020-07-11 10:18:00,0.33907796424648495
2020-07-11 10:21:00,0.3724595047420962
2020-07-11 10:24:00,0.3338142281558021
2020-07-11 10:27:00,0.3136145252228175
2020-07-11 10:30:00,0.2818933714484615
2020-07-11 10:33:00,0.32886803855257085
2020-07-11 10:36:00,0.2203809868846065
2020-07-11 10:39:00,0.2823435934560621
2020-07-11 10:42:00,0.21580322227453053
2020-07-11 10:45:00,0.17439828419674086
2020-07-11 10:48:00,0.20787163320380841
2020-07-11 10:51:00,0.2343696867313838
2020-07-11 10:54:00,0.2720223730659086
2020-07-11 10:57:00,0.11709703125922033
2020-07-11 11:00:00,0.22221045357400726
2020-07-11 11:03:00,0.2491496899364165
2020-07-11 11:06:00,0.1767779505684075
2020-07-11 11:09:00,0.28729762402383585
2020-07-11 11:12:00,0.2963941702696502
2020-07-11 11:15:00,0.22635947116384614
2020-07-11 11:18:00,0.2094215012022005
2020-07-11 11:21:00,0.22420909683972923
2020-07-11 11:24:00,0.2949634702264916
2020-07-11 11:27:00,0.11404595363876524
2020-07-11 11:30:00,0.13095705887513986
2020-07-11 11:33:00,0.15212339275075237
2020-07-11 11:36:00,0.23392032403017993
2020-07-11 11:39:00,0.33200916130562064
2020-07-11 11:42:00,0.23942224028530745
2020-07-11 11:45:00,0.3018701271107034
2020-07-11 11:48:00,0.3117550530487847
2020-07-11 11:51:00,0.20855309453855853
2020-07-11 11:54:00,0.3122278099599498
2020-07-11 11:57:00,0.4289264296591
2020-07-11 12:00:00,0.3487413896294811
2020-07-11 12:03:00,0.4042320308219587
2020-07-11 12:06:00,0.39658108440448814
2020-07-11 12:09:00,0.3040501027536493
2020-07-11 12:12:00,0.4099394161798955
2020-07-11 12:15:00,0.4610993758741415
2020-07-11 12:18:00,0.32445794087988133
2020-07-11 12:21:00,0.36770358023176186
2020-07-11 12:24:00,0.19629238620137812
2020-07-11 12:27:00,0.22084882712152876
2020-07-11 12:30:00,0.2599198096665418
2020-07-11 12:33:00,0.28541018404479246
2020-07-11 12:36:00,0.2817536369830691
2020-07-11 12:39:00,0.27424935833454356
2020-07-11 12:42:00,0.1868880285863952
2020-07-11 12:45:00,0.3151536331420175
2020-07-11 12:48:00,0.3341615029940499
2020-07-11 12:51:00,0.35427201199735237
2020-07-11 12:54:00,0.26091545803922145
2020-07-11 12:57:00,0.19022571380043019
2020-07-11 13:00:00,0.17536831597328728
2020-07-11 13:03:00,0.2857084458100303
2020-07-11 13:06:00,0.01200657423157736
2020-07-11 13:09:00,0.04358052235483001
2020-07-11 13:12:00,0.00033814408959642606
2020-07-11 13:15:00,-0.04237975216875611
2020-07-11 13:18:00,0.007683669457946962
2020-07-11 13:21:00,0.04572358446745284
2020-07-11 13:24:00,0.0991282826303177
2020-07-11 13:27:00,-0.07544216138387583
2020-07-11 13:30:00,0.011697057068261074
2020-07-11 13:33:00,0.05918361890246615
2020-07-11 13:36:00,0.23599843647610896
2020-07-11 13:39:00,0.32545516236052663
2020-07-11 13:42:00,0.07411094035427368
2020-07-11 13:45:00,0.093430183418036
2020-07-11 13:48:00,0.06442531019183662
2020-07-11 13:51:00,0.08349824716339072
2020-07-11 13:54:00,0.00010203533116737162
2020-07-11 13:57:00,-0.005719601861414958
2020-07-11 14:00:00,-0.030864010224661342
2020-07-11 14:03:00,-0.022653615132867344
2020-07-11 14:06:00,-0.028252794765137423
2020-07-11 14:09:00,-0.011640346941874213
2020-07-11 14:12:00,0.06919460435602787
2020-07-11 14:15:00,0.004134265559116557
2020-07-11 14:18:00,0.04138909308477423
2020-07-11 14:21:00,0.2876425997714023
2020-07-11 14:24:00,0.1785153183827788
2020-07-11 14:27:00,0.22884335442171277
2020-07-11 14:30:00,0.16530591921957694
2020-07-11 14:33:00,0.1509503436329851
2020-07-11 14:36:00,0.17007757638526755
2020-07-11 14:39:00,0.010415210583175849
2020-07-11 14:42:00,0.09322125328156972
2020-07-11 14:45:00,0.06471851487646063
2020-07-11 14:48:00,0.06274715298161482
2020-07-11 14:51:00,-0.016611337300616924
2020-07-11 14:54:00,0.0056997045163029725
2020-07-11 14:57:00,-0.0323962796786077
2020-07-11 15:00:00,0.021514450645611305
2020-07-11 15:03:00,0.012290168009542413
2020-07-11 15:06:00,-0.07969825345963955
2020-07-11 15:09:00,-0.0002696882520467625
2020-07-11 15:12:00,-0.20494749030899584
2020-07-11 15:15:00,-0.10070182758039437
2020-07-11 15:18:00,-0.04864014749898615
2020-07-11 15:21:00,-0.1199533463749276
2020-07-11 15:24:00,-0.04641966606857295
2020-07-11 15:27:00,-0.12464413106823713
2020-07-11 15:30:00,-0.1285466139912046
2020-07-11 15:33:00,-0.20811776507963486
2020-07-11 15:36:00,-0.255797327187679
2020-07-11 15:39:00,-0.19240182607921952
2020-07-11 15:42:00,-0.26516499952498407
2020-07-11 15:45:00,-0.19799935616202902
2020-07-11 15:48:00,-0.255724634902208
2020-07-11 15:51:00,-0.2995971894012541
2020-07-11 15:54:00,-0.32680997879424467
2020-07-11 15:57:00,-0.1962465717873556
2020-07-11 16:00:00,-0.3068859466739582
2020-07-11 16:03:00,-0.24123504982651411
2020-07-11 16:06:00,-0.27022660857761593
2020-07-11 16:09:00,-0.22722472832208496
2020-07-11 16:12:00,-0.16836979492637738
2020-07-11 16:15:00,-0.15980609409547242
2020-07-11 16:18:00,-0.2933379887855381
2020-07-11 16:21:00,-0.22548336858579887
2020-07-11 16:24:00,-0.2778837501522844
2020-07-11 16:27:00,-0.15280710808673348
2020-07-11 16:30:00,-0.15754977748673582
2020-07-11 16:33:00,-0.2214252841746429
2020-07-11 16:36:00,-0.32996436462059364
2020-07-11 16:39:00,-0.14950637129504685
2020-07-11 16:42:00,-0.2078381340208466
2020-07-11 16:45:00,-0.21061071432353629
2020-07-11 16:48:00,-0.2719165341023313
2020-07-11 16:51:00,-0.21662627292397474
2020-07-11 16:54:00,-0.26619225510273736
2020-07-11 16:57:00,-0.22282377441842982
2020-07-11 17:00:00,-0.23361572173126888
2020-07-11 17:03:00,-0.3264425001885911
2020-07-11 17:06:00,-0.12455456123939257
2020-07-11 17:09:00,-0.2683421768726362
2020-07-11 17:12:00,-0.1684916776961245
2020-07-11 17:15:00,-0.19053394437935367
2020-07-11 17:18:00,-0.2392750843910676
2020-07-11 17:21:00,-0.15883377061004467
2020-07-11 17:24:00,-0.15956172298638194
2020-07-11 17:27:00,-0.22453054855355958
2020-07-11 17:30:00,-0.1808829961705669
2020-07-11 17:33:00,-0.1557826368156725
2020-07-11 17:36:00,0.0030881687109740596
2020-07-11 17:39:00,-0.07311142306963347
2020-07-11 17:42:00,0.023880526408447622
2020-07-11 17:45:00,0.24923762739780386
2020-07-11 17:48:00,0.0638822982698457
2020-07-11 17:51:00,0.15529166038737685
2020-07-11 17:54:00,0.014042857756919602
2020-07-11 17:57:00,-0.18875788988412978
2020-07-11 18:00:00,0.06165502068790829
2020-07-11 18:03:00,-0.08315312047386669
2020-07-11 18:06:00,0.033886603063649545
2020-07-11 18:09:00,0.06062713367117567
2020-07-11 18:12:00,0.15417351557368875
2020-07-11 18:15:00,0.10284132997929873
2020-07-11 18:18:00,0.03760029725674485
2020-07-11 18:21:00,-0.021635090796735312
2020-07-11 18:24:00,0.08143038313392026
2020-07-11 18:27:00,0.000864183167095689
2020-07-11 18:30:00,0.03372001247294065
2020-07-11 18:33:00,0.042594423427203765
2020-07-11 18:36:00,0.06381648004673934
2020-07-11 18:39:00,-0.017168487712581282
2020-07-11 18:42:00,0.10750498794612895
2020-07-11 18:45:00,0.16431420860646995
2020-07-11 18:48:00,0.014753605629664435
2020-07-11 18:51:00,0.14221270736709357
2020-07-11 18:54:00,
2020-07-11 18:57:00,
2020-07-11 19:00:00,
2020-07-11 19:03:00,0.08599606454663444
2020-07-11 19:06:00,0.04006740701902345
2020-07-11 19:09:00,0.3155289002780819
2020-07-11 19:12:00,0.12327351184444524
2020-07-11 19:15:00,0.26216667883727496
2020-07-11 19:18:00,0.2608436923034674
2020-07-11 19:21:00,0.2790279487231828
2020-07-11 19:24:00,0.20851752786995803
2020-07-11 19:27:00,0.1800777486989773
2020-07-11 19:30:00,0.24417194458823133
2020-07-11 19:33:00,0.4264870227203801
2020-07-11 19:36:00,0.29542841661401553
2020-07-11 19:39:00,0.3417005860039808
2020-07-11 19:42:00,0.4211861855142729
2020-07-11 19:45:00,0.36457034315651526
2020-07-11 19:48:00,0.44313316741920517
2020-07-11 19:51:00,0.41244934028839
2020-07-11 19:54:00,0.45467402145339975
2020-07-11 19:57:00,0.5017548019551441
2020-07-11 20:00:00,0.466492162394502
2020-07-11 20:03:00,0.34964058346116644
2020-07-11 20:06:00,0.2780003635051571
2020-07-11 20:09:00,0.39409634109313174
2020-07-11 20:12:00,0.2668212766186002
2020-07-11 20:15:00,0.2514301276168567
2020-07-11 20:18:00,0.20228076120474725
2020-07-11 20:21:00,0.2031496431384312
2020-07-11 20:24:00,0.2681741897609413
2020-07-11 20:27:00,0.3574506417492671
2020-07-11 20:30:00,0.3391749970528508
2020-07-11 20:33:00,0.2885424947973547
2020-07-11 20:36:00,0.3178910938808599
2020-07-11 20:39:00,0.33835355328380956
2020-07-11 20:42:00,0.22887670809183192
2020-07-11 20:45:00,0.3210093046665179
2020-07-11 20:48:00,0.43548457967460763
2020-07-11 20:51:00,0.32079486707721117
2020-07-11 20:54:00,0.28047922468499564
2020-07-11 20:57:00,0.1864719877588641
2020-07-11 21:00:00,0.13555450366044397
2020-07-11 21:03:00,0.26799412560330893
2020-07-11 21:06:00,0.334361361542733
2020-07-11 21:09:00,0.22288289272125894
2020-07-11 21:12:00,0.27876078597591913
2020-07-11 21:15:00,0.15271981628370668
2020-07-11 21:18:00,0.23530894208704467
2020-07-11 21:21:00,0.23777134657103716
2020-07-11 21:24:00,0.33731658224462535
2020-07-11 21:27:00,0.2930811849897168
2020-07-11 21:30:00,0.2925429022482149
2020-07-11 21:33:00,0.18028903162360166
2020-07-11 21:36:00,0.23971678827467713
2020-07-11 21:39:00,0.28924470869844754
2020-07-11 21:42:00,0.27329147949041044
2020-07-11 21:45:00,0.23291234744175426
2020-07-11 21:48:00,0.23210463064378928
2020-07-11 21:51:00,0.16606776830718672
2020-07-11 21:54:00,0.20733416258616444
2020-07-11 21:57:00,0.16015905397381403
2020-07-11 22:00:00,0.13689685630538406
2020-07-11 22:03:00,0.27798600619485114
2020-07-11 22:06:00,0.26643740531324056
2020-07-11 22:09:00,0.13979685658949847
2020-07-11 22:12:00,0.29275245148988915
2020-07-11 22:15:00,0.16002744014423342
2020-07-11 22:18:00,0.1736318551127738
2020-07-11 22:21:00,0.24548227182219762
2020-07-11 22:24:00,0.24047113994635083
2020-07-11 22:27:00,0.11212773605240045
2020-07-11 22:30:00,0.3229521154083841
2020-07-11 22:33:00,0.18939659756205174
2020-07-11 22:36:00,0.31011803331142573
2020-07-11 22:39:00,0.38001420409290176
2020-07-11 22:42:00,0.17764604747731028
2020-07-11 22:45:00,0.26603020086639617
2020-07-11 22:48:00,0.28618059754069236
2020-07-11 22:51:00,0.2539608271244447
2020-07-11 22:54:00,0.26442669325416546
2020-07-11 22:57:00,0.33738527181259315
2020-07-11 23:00:00,0.17728118425469575
2020-07-11 23:03:00,0.18330461798080933
2020-07-11 23:06:00,0.24455720295213723
2020-07-11 23:09:00,0.2855048629593284
2020-07-11 23:12:00,0.3650816412672384
2020-07-11 23:15:00,0.23432314726227332
2020-07-11 23:18:00,0.23104388937395015
2020-07-11 23:21:00,0.23368457594159509
2020-07-11 23:24:00,0.29568467337662696
2020-07-11 23:27:00,0.29553143639930113
2020-07-11 23:30:00,0.18358572387802496
2020-07-11 23:33:00,0.30406914779712224
2020-07-11 23:36:00,0.24519869233427016
2020-07-11 23:39:00,0.20427089195419512
2020-07-11 23:42:00,0.24271105474775823
2020-07-11 23:45:00,0.2896924745233491
2020-07-11 23:48:00,0.09391473887819757
2020-07-11 23:51:00,0.18795902228458772
2020-07-11 23:54:00,0.35597891126553804
2020-07-11 23:57:00,0.235994474929214
2020-07-12 00:00:00,0.2282710187854491
2020-07-12 00:03:00,0.30938557536245526
2020-07-12 00:06:00,0.30480604082083573
2020-07-12 00:09:00,0.1622508143674395
2020-07-12 00:12:00,0.21760513713985574
2020-07-12 00:15:00,0.27362169161614247
2020-07-12 00:18:00,0.19290514090249644
2020-07-12 00:21:00,0.3754945647604586
2020-07-12 00:24:00,0.21826190329426254
2020-07-12 00:27:00,0.2996420538017901
2020-07-12 00:30:00,0.17680604438737646
2020-07-12 00:33:00,0.30182135224634976
2020-07-12 00:36:00,0.2616961993749669
2020-07-12 00:39:00,0.1822760822576015
2020-07-12 00:42:00,0.1837009428941201
2020-07-12 00:45:00,0.17789927731280386
2020-07-12 00:48:00,0.2325624115880487
2020-07-12 00:51:00,0.27234850634721397
2020-07-12 00:54:00,0.34526934989838765
2020-07-12 00:57:00,0.30265838824874436
2020-07-12 01:00:00,0.1831651645667307
2020-07-12 01:03:00,0.27876892180802315
2020-07-12 01:06:00,0.24072314436847364
2020-07-12 01:09:00,0.30085712152680344
2020-07-12 01:12:00,0.18169589866988645
2020-07-12 01:15:00,0.3005224252326002
2020-07-12 01:18:00,0.22726361433728925
2020-07-12 01:21:00,0.24086737858101515
2020-07-12 01:24:00,0.2847791877167083
2020-07-12 01:27:00,0.2880616628945063
2020-07-12 01:30:00,0.1998404377268912
2020-07-12 01:33:00,0.23876441442564555
2020-07-12 01:36:00,0.23017514416102358
2020-07-12 01:39:00,0.3179516430364515
2020-07-12 01:42:00,0.296965068476311
2020-07-12 01:45:00,0.20908840081841618
2020-07-12 01:48:00,0.18626353067315904
2020-07-12 01:51:00,0.40144657074773704
2020-07-12 01:54:00,0.2877297061546642
2020-07-12 01:57:00,0.22764222471136009
2020-07-12 02:00:00,0.2951157974512739
2020-07-12 02:03:00,0.25916483689485403
2020-07-12 02:06:00,0.2723652721790586
2020-07-12 02:09:00,0.26536760042068863
2020-07-12 02:12:00,0.3774512270021546
2020-07-12 02:15:00,0.3333211957560138
2020-07-12 02:18:00,0.3728613349239822
2020-07-12 02:21:00,0.2603900453312349
2020-07-12 02:24:00,0.1858001994964411
2020-07-12 02:27:00,0.1176953745024889
2020-07-12 02:30:00,0.16181600500021887
2020-07-12 02:33:00,0.19262442004099967
2020-07-12 02:36:00,0.20866012916968657
2020-07-12 02:39:00,0.2871388164216455
2020-07-12 02:42:00,0.31727846854835207
2020-07-12 02:45:00,0.23778726033583553
2020-07-12 02:48:00,0.34807151095378686
2020-07-12 02:51:00,0.3078956798461263
2020-07-12 02:54:00,0.30236413498698766
2020-07-12 02:57:00,0.3045654837591769
2020-07-12 03:00:00,0.28453302415567805
2020-07-12 03:03:00,0.3291184318992464
2020-07-12 03:06:00,0.43745968372803645
2020-07-12 03:09:00,0.4243355193128764
2020-07-12 03:12:00,0.34586959621884716
2020-07-12 03:15:00,0.4636550294894164
2020-07-12 03:18:00,0.3890978594597527
2020-07-12 03:21:00,0.30952061242186346
2020-07-12 03:24:00,0.28050344293586704
2020-07-12 03:27:00,0.3495782017245119
2020-07-12 03:30:00,0.3030908619403476
2020-07-12 03:33:00,0.23418203761042378
2020-07-12 03:36:00,0.28105736252462066
2020-07-12 03:39:00,0.344778347664942
2020-07-12 03:42:00,0.207199563825327
2020-07-12 03:45:00,0.1696025137210313
2020-07-12 03:48:00,0.291670682660083
2020-07-12 03:51:00,0.2813459420344202
2020-07-12 03:54:00,0.28411231773185364
2020-07-12 03:57:00,0.2994979989558715
2020-07-12 04:00:00,0.2644207287777931
2020-07-12 04:03:00,0.2257447902185845
2020-07-12 04:06:00,0.3338709157985136
2020-07-12 04:09:00,0.2730232648066817
2020-07-12 04:12:00,0.17434075895511114
2020-07-12 04:15:00,0.3191693483779545
2020-07-12 04:18:00,0.25447107957910475
2020-07-12 04:21:00,0.34854824214033897
2020-07-12 04:24:00,0.2896126801618948
2020-07-12 04:27:00,0.3081673056396994
2020-07-12 04:30:00,0.35138529491791815
2020-07-12 04:33:00,0.3210071243333914
2020-07-12 04:36:00,0.34081812932703315
2020-07-12 04:39:00,0.39422587855557367
2020-07-12 04:42:00,0.32929539695612675
2020-07-12 04:45:00,0.2785387113547131
2020-07-12 04:48:00,0.3403247188581986
2020-07-12 04:51:00,0.30745433889887863
2020-07-12 04:54:00,0.3456926752965046
2020-07-12 04:57:00,0.41481835207378026
2020-07-12 05:00:00,0.27979196637687664
2020-07-12 05:03:00,0.27633074389348167
2020-07-12 05:06:00,0.3293866629579725
2020-07-12 05:09:00,0.2619208107057034
2020-07-12 05:12:00,0.22397196598166147
2020-07-12 05:15:00,0.1558148358454332
2020-07-12 05:18:00,0.34859051981703715
2020-07-12 05:21:00,0.31615435182413876
2020-07-12 05:24:00,0.3637745948470297
2020-07-12 05:27:00,0.33976788317602313
2020-07-12 05:30:00,0.36104926733310094
2020-07-12 05:33:00,0.31085159436514687
2020-07-12 05:36:00,0.3336145419986565
2020-07-12 05:39:00,0.3807103940110892
2020-07-12 05:42:00,0.30382022954859167
2020-07-12 05:45:00,0.4222305327839422
2020-07-12 05:48:00,0.37352145313286655
2020-07-12 05:51:00,0.30443687878602077
2020-07-12 05:54:00,0.33420777435128457
2020-07-12 05:57:00,0.29702506931840844
2020-07-12 06:00:00,0.365736534209816
2020-07-12 06:03:00,0.43173469487408056
2020-07-12 06:06:00,0.3714721792230762
2020-07-12 06:09:00,0.39423538734564545
2020-07-12 06:12:00,0.32090840064716986
2020-07-12 06:15:00,0.46350939001354163
2020-07-12 06:18:00,0.375032266079927
2020-07-12 06:21:00,0.3313722902123004
2020-07-12 06:24:00,0.26168719899823145
2020-07-12 06:27:00,0.3683732934627528
2020-07-12 06:30:00,0.35479030472157547
2020-07-12 06:33:00,0.3085911761399984
2020-07-12 06:36:00,0.31070131245780885
2020-07-12 06:39:00,0.42377734524325206
2020-07-12 06:42:00,0.3090216958163978
2020-07-12 06:45:00,0.3599719205565748
2020-07-12 06:48:00,0.2776671227085217
2020-07-12 06:51:00,0.31707477073877044
2020-07-12 06:54:00,0.3212853668280786
2020-07-12 06:57:00,0.35035355611103114
2020-07-12 07:00:00,0.33393271915872447
2020-07-12 07:03:00,0.3327803431452594
2020-07-12 07:06:00,0.31925452585630865
2020-07-12 07:09:00,0.3630113492805549
2020-07-12 07:12:00,0.27557184161258874
2020-07-12 07:15:00,0.35936694757589294
2020-07-12 07:18:00,0.3777046341305663
2020-07-12 07:21:00,0.37938198604194895
2020-07-12 07:24:00,0.3129662190892759
2020-07-12 07:27:00,0.3432972247805992
2020-07-12 07:30:00,0.3209474965071877
2020-07-12 07:33:00,0.3377841003664912
2020-07-12 07:36:00,0.42737332946768447
2020-07-12 07:39:00,0.2986575361173891
2020-07-12 07:42:00,0.37179481457025076
2020-07-12 07:45:00,0.36840652208030633
2020-07-12 07:48:00,0.3453747936859486
2020-07-12 07:51:00,0.4078293158742099
2020-07-12 07:54:00,0.349853953375316
2020-07-12 07:57:00,0.3643884925292582
2020-07-12 08:00:00,0.3678570710442841
2020-07-12 08:03:00,0.37813960249400225
2020-07-12 08:06:00,0.4491372404085041
2020-07-12 08:09:00,0.3219331164792152
2020-07-12 08:12:00,0.34488318337815826
2020-07-12 08:15:00,0.26443436846534496
2020-07-12 08:18:00,0.30697628394312915
2020-07-12 08:21:00,0.3672740125552423
2020-07-12 08:24:00,0.3816750543328453
2020-07-12 08:27:00,0.34475566863909535
2020-07-12 08:30:00,0.3886420006454614
2020-07-12 08:33:00,0.24370674178561558
2020-07-12 08:36:00,0.37796489083359575
2020-07-12 08:39:00,0.29112613796229425
2020-07-12 08:42:00,0.2604999053004349
2020-07-12 08:45:00,0.3587171704107277
2020-07-12 08:48:00,0.30580724622348043
2020-07-12 08:51:00,0.3207565739860456
2020-07-12 08:54:00,0.36619940924907723
2020-07-12 08:57:00,0.3742547245319656
2020-07-12 09:00:00,0.35141072357959047
2020-07-12 09:03:00,0.40176857147622513
2020-07-12 09:06:00,0.3151051047847204
2020-07-12 09:09:00,0.2335522764346365
2020-07-12 09:12:00,0.2758653304865675
2020-07-12 09:15:00,0.3226947906954365
2020-07-12 09:18:00,0.3176026455676606
2020-07-12 09:21:00,0.29040431754259544
2020-07-12 09:24:00,0.35036340734200166
2020-07-12 09:27:00,0.36903421437870065
2020-07-12 09:30:00,0.2528866964252643
2020-07-12 09:33:00,0.2586309130414861
2020-07-12 09:36:00,0.3938647216160689
2020-07-12 09:39:00,0.234415080717838
2020-07-12 09:42:00,0.3154631950713451
2020-07-12 09:45:00,0.3547258946285865
2020-07-12 09:48:00,0.287812604579301
2020-07-12 09:51:00,0.23588201037586032
2020-07-12 09:54:00,0.2767071623231345
2020-07-12 09:57:00,0.28033897609520864
2020-07-12 10:00:00,0.19245831064932872
2020-07-12 10:03:00,0.21981024284542627
2020-07-12 10:06:00,0.19737485156275625
2020-07-12 10:09:00,0.23908923823552186
2020-07-12 10:12:00,0.2133085371604011
2020-07-12 10:15:00,0.1252349759111553
2020-07-12 10:18:00,0.10393220535348746
2020-07-12 10:21:00,0.2630714792705362
2020-07-12 10:24:00,0.15242761876334043
2020-07-12 10:27:00,0.1391730692619717
2020-07-12 10:30:00,0.17744459515012068
2020-07-12 10:33:00,0.11407267167317059
2020-07-12 10:36:00,0.040577331873521416
2020-07-12 10:39:00,0.1820052450891012
2020-07-12 10:42:00,0.12872426375207624
2020-07-12 10:45:00,0.095023444851563
2020-07-12 10:48:00,0.03529033402406867
2020-07-12 10:51:00,0.05191202852745391
2020-07-12 10:54:00,0.08298847327534986
2020-07-12 10:57:00,0.17461831701365327
2020-07-12 11:00:00,0.10779826551186034
2020-07-12 11:03:00,0.19042095649615476
2020-07-12 11:06:00,0.03701880768278443
2020-07-12 11:09:00,0.1300829221070785
2020-07-12 11:12:00,0.058310612111654336
2020-07-12 11:15:00,0.10615785097792241
2020-07-12 11:18:00,0.05355212792170505
2020-07-12 11:21:00,0.09995548634157103
2020-07-12 11:24:00,0.20131140435171346
2020-07-12 11:27:00,0.22310483174612727
2020-07-12 11:30:00,0.16145528541642307
2020-07-12 11:33:00,0.21595233127186475
2020-07-12 11:36:00,0.10360863775571261
2020-07-12 11:39:00,0.17000069643677307
2020-07-12 11:42:00,0.15799050753412303
2020-07-12 11:45:00,0.1619525994976243
2020-07-12 11:48:00,0.12940652763694516
2020-07-12 11:51:00,0.18563246706173686
2020-07-12 11:54:00,0.1204604729704215
2020-07-12 11:57:00,0.11909101028595614
2020-07-12 12:00:00,0.058985160626491506
2020-07-12 12:03:00,0.12174230623912763
2020-07-12 12:06:00,-0.037009198426630974
2020-07-12 12:09:00,0.11272319194171132
2020-07-12 12:12:00,0.03424772175895896
2020-07-12 12:15:00,0.11641748906146177
2020-07-12 12:18:00,-0.013284563279739814
2020-07-12 12:21:00,0.034208516649869125
2020-07-12 12:24:00,0.04968872908261801
2020-07-12 12:27:00,0.08352239754049151
2020-07-12 12:30:00,0.05231140737271289
2020-07-12 12:33:00,0.0828545915208565
2020-07-12 12:36:00,0.030350515552584056
2020-07-12 12:39:00,0.0700670646741628
2020-07-12 12:42:00,-0.007830056015393438
2020-07-12 12:45:00,-0.013606575813469135
2020-07-12 12:48:00,0.04257997136113545
2020-07-12 12:51:00,0.037168837934018484
2020-07-12 12:54:00,-0.02240827373140064
2020-07-12 12:57:00,-0.04393978363975748
2020-07-12 13:00:00,-0.07401042677213354
2020-07-12 13:03:00,-0.04073258683712311
2020-07-12 13:06:00,0.06265529474057985
2020-07-12 13:09:00,-0.08428384299554637
2020-07-12 13:12:00,-0.0007311856782621362
2020-07-12 13:15:00,-0.09347591189356308
2020-07-12 13:18:00,-0.11114858505010261
2020-07-12 13:21:00,-0.11702194126792165
2020-07-12 13:24:00,-0.019931292336423212
2020-07-12 13:27:00,-0.08159431904738312
2020-07-12 13:30:00,-0.03700797350876428
2020-07-12 13:33:00,-0.12504516640063912
2020-07-12 13:36:00,-0.0315117601094812
2020-07-12 13:39:00,-0.11523288730620607
2020-07-12 13:42:00,-0.11494366065238637
2020-07-12 13:45:00,0.05539447265590525
2020-07-12 13:48:00,-0.09819217030377558
2020-07-12 13:51:00,-0.05527803329340486
2020-07-12 13:54:00,-0.03463863311299065
2020-07-12 13:57:00,-0.1549439841791127
2020-07-12 14:00:00,-0.11142331651905124
2020-07-12 14:03:00,-0.11462404783611646
2020-07-12 14:06:00,-0.18274888203347928
2020-07-12 14:09:00,-0.08811065978545685
2020-07-12 14:12:00,-0.11081735993400343
2020-07-12 14:15:00,-0.14225650222158492
2020-07-12 14:18:00,-0.0667477440513835
2020-07-12 14:21:00,-0.15516834456843753
2020-07-12 14:24:00,-0.1253026848245895
2020-07-12 14:27:00,-0.2304350373010493
2020-07-12 14:30:00,-0.08394511977508046
2020-07-12 14:33:00,-0.19766429147597364
2020-07-12 14:36:00,-0.17175368294243754
2020-07-12 14:39:00,-0.1416270235324646
2020-07-12 14:42:00,-0.13133865877074413
2020-07-12 14:45:00,-0.062412134349813186
2020-07-12 14:48:00,-0.12965490707046
2020-07-12 14:51:00,-0.14303828684353448
2020-07-12 14:54:00,-0.02243115735319634
2020-07-12 14:57:00,-0.014344519223300267
2020-07-12 15:00:00,-0.10028799167872648
2020-07-12 15:03:00,-0.10812957411667412
2020-07-12 15:06:00,-0.15225591357892654
2020-07-12 15:09:00,-0.21877450049811387
2020-07-12 15:12:00,-0.26956727039828365
2020-07-12 15:15:00,-0.21464289010577886
2020-07-12 15:18:00,-0.21983410281166016
2020-07-12 15:21:00,-0.027051151626437786
2020-07-12 15:24:00,-0.2420320672350158
2020-07-12 15:27:00,-0.31140558042181965
2020-07-12 15:30:00,-0.28566486358721477
2020-07-12 15:33:00,-0.1532691318350885
2020-07-12 15:36:00,-0.2093864570306323
2020-07-12 15:39:00,-0.17925335453321622
2020-07-12 15:42:00,-0.33582789332245966
2020-07-12 15:45:00,-0.21726378211133124
2020-07-12 15:48:00,-0.27552701081452824
2020-07-12 15:51:00,-0.19904591783517844
2020-07-12 15:54:00,-0.26838674089964343
2020-07-12 15:57:00,-0.3212592306076658
2020-07-12 16:00:00,-0.35774408240826006
2020-07-12 16:03:00,-0.1974031865980237
2020-07-12 16:06:00,-0.1514914095923814
2020-07-12 16:09:00,-0.03504906448870315
2020-07-12 16:12:00,-0.09558257381559088
2020-07-12 16:15:00,0.012629765961492012
2020-07-12 16:18:00,-0.041310846306714666
2020-07-12 16:21:00,-0.004633897408325538
2020-07-12 16:24:00,-0.06977015726511127
2020-07-12 16:27:00,-0.17956600537735312
2020-07-12 16:30:00,-0.254225437016089
2020-07-12 16:33:00,-0.24605453515539466
2020-07-12 16:36:00,-0.2871885047394471
2020-07-12 16:39:00,-0.38986440861589244
2020-07-12 16:42:00,-0.27749016509443436
2020-07-12 16:45:00,-0.3210221635490029
2020-07-12 16:48:00,-0.2591617188879809
2020-07-12 16:51:00,-0.28994802196660885
2020-07-12 16:54:00,-0.18694074847735465
2020-07-12 16:57:00,-0.13700032985218513
2020-07-12 17:00:00,-0.1986516175817883
2020-07-12 17:03:00,-0.10594857521289214
2020-07-12 17:06:00,-0.1660393684239807
2020-07-12 17:09:00,-0.09203650357170545
2020-07-12 17:12:00,-0.0014941369420853334
2020-07-12 17:15:00,0.08471256812458705
2020-07-12 17:18:00,0.07296081821755251
2020-07-12 17:21:00,-0.026379903045096853
2020-07-12 17:24:00,-0.0543110820029824
2020-07-12 17:27:00,0.09595326180345864
2020-07-12 17:30:00,0.08588699652938203
2020-07-12 17:33:00,-0.023863354425657235
2020-07-12 17:36:00,0.07231451369506203
2020-07-12 17:39:00,0.20987745058312157
2020-07-12 17:42:00,0.32165330697228
2020-07-12 17:45:00,0.25414003871770774
2020-07-12 17:48:00,0.22763952896860928
2020-07-12 17:51:00,0.30513977073201204
2020-07-12 17:54:00,0.32416621978643434
2020-07-12 17:57:00,0.19762409848198104
2020-07-12 18:00:00,0.3084712829923433
2020-07-12 18:03:00,0.2788698297731571
2020-07-12 18:06:00,0.2988089898836961
2020-07-12 18:09:00,0.425983028517976
2020-07-12 18:12:00,0.14585553207456314
2020-07-12 18:15:00,-0.08770928665762767
2020-07-12 18:18:00,-0.12599169421196166
2020-07-12 18:21:00,0.04827241613122624
2020-07-12 18:24:00,0.09412435375315908
2020-07-12 18:27:00,0.018307239273610776
2020-07-12 18:30:00,0.02966167319914348
2020-07-12 18:33:00,-0.07944177876004233
2020-07-12 18:36:00,0.04565738659010776
2020-07-12 18:39:00,0.07857669316655347
2020-07-12 18:42:00,-0.046551890912667204
2020-07-12 18:45:00,0.061295127544042316
2020-07-12 18:48:00,0.016733680469144474
2020-07-12 18:51:00,0.06707373750651868
2020-07-12 18:54:00,
2020-07-12 18:57:00,
2020-07-12 19:00:00,
2020-07-12 19:03:00,0.13462842214147486
2020-07-12 19:06:00,0.040864783790141246
2020-07-12 19:09:00,0.14750395064737631
2020-07-12 19:12:00,0.11008363480027583
2020-07-12 19:15:00,0.254005172955317
2020-07-12 19:18:00,0.09404050293284172
2020-07-12 19:21:00,0.16746398102156945
2020-07-12 19:24:00,0.13920495284054368
2020-07-12 19:27:00,0.12480802247807787
2020-07-12 19:30:00,0.1882514978525478
2020-07-12 19:33:00,0.21292459009083586
2020-07-12 19:36:00,0.1613371947446467
2020-07-12 19:39:00,0.12067887118359977
2020-07-12 19:42:00,0.10825096918097188
2020-07-12 19:45:00,0.08622835885813629
2020-07-12 19:48:00,0.009581532384686398
2020-07-12 19:51:00,0.02176293019078912
2020-07-12 19:54:00,0.05092259248181108
2020-07-12 19:57:00,0.09529643378493802
2020-07-12 20:00:00,0.01759175719439554
2020-07-12 20:03:00,0.09788731126002403
2020-07-12 20:06:00,0.029045576851558508
2020-07-12 20:09:00,0.13076293227993574
2020-07-12 20:12:00,0.04898982291814491
2020-07-12 20:15:00,-0.05426534694970542
2020-07-12 20:18:00,0.053466941777514876
2020-07-12 20:21:00,-0.015723070247759097
2020-07-12 20:24:00,0.06189745946176117
2020-07-12 20:27:00,0.05395580104357123
2020-07-12 20:30:00,0.015359039057784685
2020-07-12 20:33:00,0.1268936330554311
2020-07-12 20:36:00,0.06585550986659428
2020-07-12 20:39:00,0.16276028007280274
2020-07-12 20:42:00,0.10797685068945384
2020-07-12 20:45:00,0.14973692957545381
2020-07-12 20:48:00,0.06316898680273653
2020-07-12 20:51:00,0.11090507730864374
2020-07-12 20:54:00,0.0719248286156926
2020-07-12 20:57:00,0.06385471604153281
2020-07-12 21:00:00,0.1293066151802691
2020-07-12 21:03:00,0.14088062772123067
2020-07-12 21:06:00,0.07511407382355628
2020-07-12 21:09:00,0.1228674406980872
2020-07-12 21:12:00,0.05863828922201719
2020-07-12 21:15:00,0.13296986834245672
2020-07-12 21:18:00,0.22292056863824428
2020-07-12 21:21:00,0.17303443582807176
2020-07-12 21:24:00,0.20810740581202936
2020-07-12 21:27:00,0.173891406106236
2020-07-12 21:30:00,0.056004518671500136
2020-07-12 21:33:00,0.1933521686463564
2020-07-12 21:36:00,0.1102031672687076
2020-07-12 21:39:00,0.1333450113802428
2020-07-12 21:42:00,0.10713178811312218
2020-07-12 21:45:00,0.13314648916082206
2020-07-12 21:48:00,0.11350628519289785
2020-07-12 21:51:00,0.18412729867645794
2020-07-12 21:54:00,0.1977648645634531
2020-07-12 21:57:00,0.16155999841248558
2020-07-12 22:00:00,0.2181744723748693
2020-07-12 22:03:00,0.19964027812193308
2020-07-12 22:06:00,0.24577732235718486
2020-07-12 22:09:00,0.2309845737324281
2020-07-12 22:12:00,0.1960992772027339
2020-07-12 22:15:00,0.18883257447811275
2020-07-12 22:18:00,0.25793084951010314
2020-07-12 22:21:00,0.23045631682822432
2020-07-12 22:24:00,0.11748421138503318
2020-07-12 22:27:00,0.1780995827454035
2020-07-12 22:30:00,0.23910540384991918
2020-07-12 22:33:00,0.20140786690114965
2020-07-12 22:36:00,0.19320224295546495
2020-07-12 22:39:00,0.17021815504153892
2020-07-12 22:42:00,0.22068755597757672
2020-07-12 22:45:00,0.26590200348647386
2020-07-12 22:48:00,0.2903061543427725
2020-07-12 22:51:00,0.1680572262324631
2020-07-12 22:54:00,0.28444540627873494
2020-07-12 22:57:00,0.22839137215510164
2020-07-12 23:00:00,0.1449615088110363
2020-07-12 23:03:00,0.32698550226581347
2020-07-12 23:06:00,0.30572095731758964
2020-07-12 23:09:00,0.3435459204042104
2020-07-12 23:12:00,0.3220993680059223
2020-07-12 23:15:00,0.34328629195601934
2020-07-12 23:18:00,0.31534927228250353
2020-07-12 23:21:00,0.2838148593965002
2020-07-12 23:24:00,0.304675166060008
2020-07-12 23:27:00,0.33950960474686553
2020-07-12 23:30:00,0.2684911273018429
2020-07-12 23:33:00,0.29094329572660627
2020-07-12 23:36:00,0.3200168117336375
2020-07-12 23:39:00,0.386304301566895
2020-07-12 23:42:00,0.3714977729845259
2020-07-12 23:45:00,0.18016724125169503
2020-07-12 23:48:00,0.22463773441290869
2020-07-12 23:51:00,0.2792288010828088
2020-07-12 23:54:00,0.2511693830888362
2020-07-12 23:57:00,0.3141903943098896
2020-07-13 00:00:00,0.35386815519211723
2020-07-13 00:03:00,0.2774310563026461
2020-07-13 00:06:00,0.30737091299266694
2020-07-13 00:09:00,0.247144838066788
2020-07-13 00:12:00,0.12306833805746464
2020-07-13 00:15:00,0.2068020915503439
2020-07-13 00:18:00,0.27439004658276644
2020-07-13 00:21:00,0.18219808613076793
2020-07-13 00:24:00,0.20428332866623578
2020-07-13 00:27:00,0.19971510153442296
2020-07-13 00:30:00,0.2574606223197975
2020-07-13 00:33:00,0.22734755786717642
2020-07-13 00:36:00,0.20509839229004
2020-07-13 00:39:00,0.19637477590242725
2020-07-13 00:42:00,0.3171054038862735
2020-07-13 00:45:00,0.2231820481052864
2020-07-13 00:48:00,0.20424478863657214
2020-07-13 00:51:00,0.3155878645133612
2020-07-13 00:54:00,0.2356090858873472
2020-07-13 00:57:00,0.22390172239840922
2020-07-13 01:00:00,0.3245835355541544
2020-07-13 01:03:00,0.31650715768483906
2020-07-13 01:06:00,0.393686961453966
2020-07-13 01:09:00,0.37249999195068995
2020-07-13 01:12:00,0.34321259738771914
2020-07-13 01:15:00,0.35431259054615794
2020-07-13 01:18:00,0.3095229180624415
2020-07-13 01:21:00,0.3147159021079915
2020-07-13 01:24:00,0.4266139560235729
2020-07-13 01:27:00,0.48472571066548653
2020-07-13 01:30:00,0.42559836575856025
2020-07-13 01:33:00,0.36684457120958314
2020-07-13 01:36:00,0.3255418986315135
2020-07-13 01:39:00,0.3072446246287086
2020-07-13 01:42:00,0.3373521891675182
2020-07-13 01:45:00,0.3941257634630233
2020-07-13 01:48:00,0.30853499934517004
2020-07-13 01:51:00,0.40936862777118677
2020-07-13 01:54:00,0.25908339168120165
2020-07-13 01:57:00,0.3489520007101987
2020-07-13 02:00:00,0.236111219933548
2020-07-13 02:03:00,0.26297381674811504
2020-07-13 02:06:00,0.3267985211002724
2020-07-13 02:09:00,0.3010137728366544
2020-07-13 02:12:00,0.45237260124599743
2020-07-13 02:15:00,0.6694316758857894
2020-07-13 02:18:00,0.6556515559113905
2020-07-13 02:21:00,0.6627300342435092
2020-07-13 02:24:00,0.6804349038155237
2020-07-13 02:27:00,0.8426201582475983
2020-07-13 02:30:00,0.6621494104838348
2020-07-13 02:33:00,0.7496551431837588
2020-07-13 02:36:00,0.6717331942010674
2020-07-13 02:39:00,0.5363065155634672
2020-07-13 02:42:00,0.537826575533245
2020-07-13 02:45:00,0.46434129088231657
2020-07-13 02:48:00,0.37423925538575986
2020-07-13 02:51:00,0.3621174501966493
2020-07-13 02:54:00,0.34046127668779036
2020-07-13 02:57:00,0.408261914889124
2020-07-13 03:00:00,0.3080941386090785
2020-07-13 03:03:00,0.27783142589379395
2020-07-13 03:06:00,0.33378952970940645
2020-07-13 03:09:00,0.30127008649589015
2020-07-13 03:12:00,0.4610873454630564
2020-07-13 03:15:00,0.3185945124862428
2020-07-13 03:18:00,0.48808061512835366
2020-07-13 03:21:00,0.43485109974602665
2020-07-13 03:24:00,0.42587442976576995
2020-07-13 03:27:00,0.3901158385708072
2020-07-13 03:30:00,0.5389065205072257
2020-07-13 03:33:00,0.4191603014801899
2020-07-13 03:36:00,0.445079555137454
2020-07-13 03:39:00,0.3660398109419134
2020-07-13 03:42:00,0.4227677274138273
2020-07-13 03:45:00,0.43032956889038587
2020-07-13 03:48:00,0.3582142394494099
2020-07-13 03:51:00,0.47642195228968376
2020-07-13 03:54:00,0.41916882592153115
2020-07-13 03:57:00,0.4911133112829589
2020-07-13 04:00:00,0.4602908140973909
2020-07-13 04:03:00,0.44308650520957826
2020-07-13 04:06:00,0.4567015515930848
2020-07-13 04:09:00,0.4595027158277958
2020-07-13 04:12:00,0.5544065387210821
2020-07-13 04:15:00,0.43213255173145626
2020-07-13 04:18:00,0.49199539725049135
2020-07-13 04:21:00,0.41723751805216125
2020-07-13 04:24:00,0.520902417812863
2020-07-13 04:27:00,0.503694377790282
2020-07-13 04:30:00,0.5791135893423984
2020-07-13 04:33:00,0.4713440519594201
2020-07-13 04:36:00,0.5187693772050466
2020-07-13 04:39:00,0.5606730569318756
2020-07-13 04:42:00,0.4830716750286115
2020-07-13 04:45:00,0.5457058711937179
2020-07-13 04:48:00,0.4684124976217845
2020-07-13 04:51:00,0.5224806760209049
2020-07-13 04:54:00,0.5582309114847135
2020-07-13 04:57:00,0.5159325229244587
2020-07-13 05:00:00,0.3823573765926085
2020-07-13 05:03:00,0.48119255190107424
2020-07-13 05:06:00,0.5285431333405768
2020-07-13 05:09:00,0.5185602830175071
2020-07-13 05:12:00,0.4739360786869611
2020-07-13 05:15:00,0.48864349026717946
2020-07-13 05:18:00,0.514159123690547
2020-07-13 05:21:00,0.44236643843936463
2020-07-13 05:24:00,0.43328642523886174
2020-07-13 05:27:00,0.5306953009643962
2020-07-13 05:30:00,0.5326229127412603
2020-07-13 05:33:00,0.4430786238559108
2020-07-13 05:36:00,0.5622148235074178
2020-07-13 05:39:00,0.5529435543880368
2020-07-13 05:42:00,0.5805600959633921
2020-07-13 05:45:00,0.4874550351249809
2020-07-13 05:48:00,0.506814240153858
2020-07-13 05:51:00,0.5349923698767043
2020-07-13 05:54:00,0.5937787526660827
2020-07-13 05:57:00,0.5115607223802954
2020-07-13 06:00:00,0.5371308188070429
2020-07-13 06:03:00,0.5386004831872242
2020-07-13 06:06:00,0.5548200894980369
2020-07-13 06:09:00,0.5343110180082249
2020-07-13 06:12:00,0.5479744029463518
2020-07-13 06:15:00,0.5440830060896928
2020-07-13 06:18:00,0.6102525858909189
2020-07-13 06:21:00,0.5542893319375821
2020-07-13 06:24:00,0.5699518895286246
2020-07-13 06:27:00,0.3565098389932473
2020-07-13 06:30:00,0.5878450463176819
2020-07-13 06:33:00,0.5365292639525023
2020-07-13 06:36:00,0.5829535013856457
2020-07-13 06:39:00,0.5863301041023306
2020-07-13 06:42:00,0.5749801367599616
2020-07-13 06:45:00,0.5987517636100392
2020-07-13 06:48:00,0.4957868293862475
2020-07-13 06:51:00,0.5464631462028819
2020-07-13 06:54:00,0.4939148648236369
2020-07-13 06:57:00,0.4810617638157737
2020-07-13 07:00:00,0.4915189242007614
2020-07-13 07:03:00,0.5322475713178392
2020-07-13 07:06:00,0.44559174745631935
2020-07-13 07:09:00,0.5309705691971089
2020-07-13 07:12:00,0.5653421543839272
2020-07-13 07:15:00,0.48547959337332713
2020-07-13 07:18:00,0.3776980442782474
2020-07-13 07:21:00,0.49242943578775566
2020-07-13 07:24:00,0.5435551319539513
2020-07-13 07:27:00,0.6121499410699016
2020-07-13 07:30:00,0.5701358145601603
2020-07-13 07:33:00,0.4941522817508712
2020-07-13 07:36:00,0.4666094264686649
2020-07-13 07:39:00,0.5756873855248728
2020-07-13 07:42:00,0.4958091191986682
2020-07-13 07:45:00,0.46362054529930674
2020-07-13 07:48:00,0.4775899434524149
2020-07-13 07:51:00,0.48586557837467126
2020-07-13 07:54:00,0.4215420398049332
2020-07-13 07:57:00,0.4614999073498325
2020-07-13 08:00:00,0.47212872223326485
2020-07-13 08:03:00,0.48043785221341295
2020-07-13 08:06:00,0.4886110058661757
2020-07-13 08:09:00,0.48174353393471847
2020-07-13 08:12:00,0.5386482517184277
2020-07-13 08:15:00,0.44825623460098996
2020-07-13 08:18:00,0.4656048224097731
2020-07-13 08:21:00,0.31407639468267234
2020-07-13 08:24:00,0.329206043099191
2020-07-13 08:27:00,0.3391412296074918
2020-07-13 08:30:00,0.35997422961827397
2020-07-13 08:33:00,0.3934746570745915
2020-07-13 08:36:00,0.45501967726846715
2020-07-13 08:39:00,0.4997834470455018
2020-07-13 08:42:00,0.42000406375643706
2020-07-13 08:45:00,0.27928832434690776
2020-07-13 08:48:00,0.3509298743659883
2020-07-13 08:51:00,0.24621100036915777
2020-07-13 08:54:00,0.2925372845776337
2020-07-13 08:57:00,0.2724813622025408
2020-07-13 09:00:00,0.26219694613138245
2020-07-13 09:03:00,0.2586125755535704
2020-07-13 09:06:00,0.2690222991112705
2020-07-13 09:09:00,0.24265049142798034
2020-07-13 09:12:00,0.39827272442363437
2020-07-13 09:15:00,0.2276267622140722
2020-07-13 09:18:00,0.2820112762303779
2020-07-13 09:21:00,0.17995194537132875
2020-07-13 09:24:00,0.22793808735457333
2020-07-13 09:27:00,0.18364046797870515
2020-07-13 09:30:00,0.2234150206379013
2020-07-13 09:33:00,0.25293665189508374
2020-07-13 09:36:00,0.15256739853958834
2020-07-13 09:39:00,0.25673727114138956
2020-07-13 09:42:00,0.1219181865981227
2020-07-13 09:45:00,0.15144446774490916
2020-07-13 09:48:00,0.032582593079212074
2020-07-13 09:51:00,0.11378882141684699
2020-07-13 09:54:00,0.030618864076984664
2020-07-13 09:57:00,0.08317618764658619
2020-07-13 10:00:00,0.030852059838025525
2020-07-13 10:03:00,0.03738450005988625
2020-07-13 10:06:00,-0.01607840255934434
2020-07-13 10:09:00,-0.03602603087256284
2020-07-13 10:12:00,-0.1093213702030198
2020-07-13 10:15:00,-0.06973947023396931
2020-07-13 10:18:00,-0.11573668685144867
2020-07-13 10:21:00,-0.024331726975788115
2020-07-13 10:24:00,-0.029619376145774368
2020-07-13 10:27:00,0.0076862458279833845
2020-07-13 10:30:00,-0.08091121268915913
2020-07-13 10:33:00,-0.13174523086621548
2020-07-13 10:36:00,-0.1379181509351497
2020-07-13 10:39:00,-0.22483953328600137
2020-07-13 10:42:00,-0.18177560050094144
2020-07-13 10:45:00,-0.2608764352676758
2020-07-13 10:48:00,-0.19590072086060673
2020-07-13 10:51:00,-0.21625084019075302
2020-07-13 10:54:00,-0.24624518914606597
2020-07-13 10:57:00,-0.2965407980964869
2020-07-13 11:00:00,-0.2574795811759145
2020-07-13 11:03:00,-0.29955670166384607
2020-07-13 11:06:00,-0.2214593510548184
2020-07-13 11:09:00,-0.28425438645354006
2020-07-13 11:12:00,-0.1941014862142083
2020-07-13 11:15:00,-0.25583006389064167
2020-07-13 11:18:00,-0.3266364223395044
2020-07-13 11:21:00,-0.2938728383056173
2020-07-13 11:24:00,-0.25040773172548825
2020-07-13 11:27:00,-0.38131097105286926
2020-07-13 11:30:00,-0.2902898026143248
2020-07-13 11:33:00,-0.3136967702765787
2020-07-13 11:36:00,-0.38978504568967764
2020-07-13 11:39:00,-0.4162881934763618
2020-07-13 11:42:00,-0.32987783756527733
2020-07-13 11:45:00,-0.38747723388939903
2020-07-13 11:48:00,-0.3712988320795034
2020-07-13 11:51:00,-0.3576588746890934
2020-07-13 11:54:00,-0.3227966633983783
2020-07-13 11:57:00,-0.3659445903023766
2020-07-13 12:00:00,-0.329986408793161
2020-07-13 12:03:00,-0.42921868999417256
2020-07-13 12:06:00,-0.3536824065222959
2020-07-13 12:09:00,-0.31295205015834426
2020-07-13 12:12:00,-0.32085735168584506
2020-07-13 12:15:00,-0.37760928812866723
2020-07-13 12:18:00,-0.4080122109870672
2020-07-13 12:21:00,-0.3980653242041967
2020-07-13 12:24:00,-0.179919829492178
2020-07-13 12:27:00,-0.20114455548031174
2020-07-13 12:30:00,-0.2223839806979413
2020-07-13 12:33:00,-0.23741804374037656
2020-07-13 12:36:00,-0.1608173352240101
2020-07-13 12:39:00,-0.198403825312937
2020-07-13 12:42:00,-0.22071694440018064
2020-07-13 12:45:00,-0.33013010704246426
2020-07-13 12:48:00,-0.17538713515278914
2020-07-13 12:51:00,-0.289533252311287
2020-07-13 12:54:00,-0.22515780965375143
2020-07-13 12:57:00,-0.1657726034770235
2020-07-13 13:00:00,-0.0514786264921554
2020-07-13 13:03:00,-0.0869208165818236
2020-07-13 13:06:00,-0.18382711510474792
2020-07-13 13:09:00,-0.29341442299073606
2020-07-13 13:12:00,-0.19289620530878437
2020-07-13 13:15:00,-0.2615127023968853
2020-07-13 13:18:00,-0.2914702319959588
2020-07-13 13:21:00,-0.3652568781393484
2020-07-13 13:24:00,-0.3424845263959355
2020-07-13 13:27:00,-0.32048834601005183
2020-07-13 13:30:00,-0.2997692509398462
2020-07-13 13:33:00,-0.4497675743805303
2020-07-13 13:36:00,-0.4458977436987084
2020-07-13 13:39:00,-0.4098883289397577
2020-07-13 13:42:00,-0.35961375648997773
2020-07-13 13:45:00,-0.35536944834399264
2020-07-13 13:48:00,-0.28956747952872774
2020-07-13 13:51:00,-0.27925081064216783
2020-07-13 13:54:00,-0.5203393131870371
2020-07-13 13:57:00,-0.44642494665220056
2020-07-13 14:00:00,-0.3388323478708344
2020-07-13 14:03:00,-0.4631947673872787
2020-07-13 14:06:00,-0.5050402283154085
2020-07-13 14:09:00,-0.48887565096219987
2020-07-13 14:12:00,-0.39206111894174
2020-07-13 14:15:00,-0.5324073964538911
2020-07-13 14:18:00,-0.46994538529924057
2020-07-13 14:21:00,-0.4389553250719018
2020-07-13 14:24:00,-0.5320581364431973
2020-07-13 14:27:00,-0.5340839093611862
2020-07-13 14:30:00,-0.5323513664228585
2020-07-13 14:33:00,-0.41016221943152686
2020-07-13 14:36:00,-0.2783192965339367
2020-07-13 14:39:00,-0.40602119783369517
2020-07-13 14:42:00,-0.3639466241140781
2020-07-13 14:45:00,-0.4687318962307927
2020-07-13 14:48:00,-0.46474782577439555
2020-07-13 14:51:00,-0.44910650706367505
2020-07-13 14:54:00,-0.560770533729908
2020-07-13 14:57:00,-0.5361117686171042
2020-07-13 15:00:00,-0.4226466313827473
2020-07-13 15:03:00,-0.3746363867500122
2020-07-13 15:06:00,-0.3156714877069362
2020-07-13 15:09:00,-0.38908674481433536
2020-07-13 15:12:00,-0.43984725726215856
2020-07-13 15:15:00,-0.4289288495220944
2020-07-13 15:18:00,-0.4050456538640219
2020-07-13 15:21:00,-0.3382234511391289
2020-07-13 15:24:00,-0.4775657236836537
2020-07-13 15:27:00,-0.3942381432169668
2020-07-13 15:30:00,-0.45871120565180945
2020-07-13 15:33:00,-0.41615067644704595
2020-07-13 15:36:00,-0.45040795365207487
2020-07-13 15:39:00,-0.5216343686286677
2020-07-13 15:42:00,-0.3992466772467651
2020-07-13 15:45:00,-0.3876342500195733
2020-07-13 15:48:00,-0.5393715104169132
2020-07-13 15:51:00,-0.43958233531401447
2020-07-13 15:54:00,-0.5338288250093797
2020-07-13 15:57:00,-0.44486325891529077
2020-07-13 16:00:00,-0.5329617337727655
2020-07-13 16:03:00,-0.4819767856223507
2020-07-13 16:06:00,-0.42978872836215487
2020-07-13 16:09:00,-0.46860991996550183
2020-07-13 16:12:00,-0.5280991061861187
2020-07-13 16:15:00,-0.6099304235866612
2020-07-13 16:18:00,-0.5973045265327528
2020-07-13 16:21:00,-0.4348265165032785
2020-07-13 16:24:00,-0.5217539756341694
2020-07-13 16:27:00,-0.4451149143349653
2020-07-13 16:30:00,-0.40176617026946815
2020-07-13 16:33:00,-0.4822283083915977
2020-07-13 16:36:00,-0.37490694031049543
2020-07-13 16:39:00,-0.542521254217263
2020-07-13 16:42:00,-0.4453537565313468
2020-07-13 16:45:00,-0.5059539002154452
2020-07-13 16:48:00,-0.4568742643006658
2020-07-13 16:51:00,-0.46327875154145204
2020-07-13 16:54:00,-0.5705703537333875
2020-07-13 16:57:00,-0.4121337497348918
2020-07-13 17:00:00,-0.46401355587960325
2020-07-13 17:03:00,-0.4352062137160715
2020-07-13 17:06:00,-0.4378699085065705
2020-07-13 17:09:00,-0.39045925723536357
2020-07-13 17:12:00,-0.3253287068450277
2020-07-13 17:15:00,-0.3788017913532826
2020-07-13 17:18:00,-0.46684351217254516
2020-07-13 17:21:00,-0.44031059999974786
2020-07-13 17:24:00,-0.5029778010678001
2020-07-13 17:27:00,-0.6321856956053011
2020-07-13 17:30:00,-0.48504881571597025
2020-07-13 17:33:00,-0.392729721085459
2020-07-13 17:36:00,-0.27798218397794017
2020-07-13 17:39:00,-0.2791338859004213
2020-07-13 17:42:00,-0.4408450056468496
2020-07-13 17:45:00,-0.570449649833904
2020-07-13 17:48:00,-0.41276220677957554
2020-07-13 17:51:00,-0.20509917826467472
2020-07-13 17:54:00,-0.4519890882748996
2020-07-13 17:57:00,-0.37036205810352385
2020-07-13 18:00:00,-0.3543080435532602
2020-07-13 18:03:00,-0.3773074820579154
2020-07-13 18:06:00,-0.46282068382419084
2020-07-13 18:09:00,-0.3227637275635402
2020-07-13 18:12:00,-0.26842895112719134
2020-07-13 18:15:00,-0.2730512714487645
2020-07-13 18:18:00,-0.24489066894324196
2020-07-13 18:21:00,-0.21261014812756684
2020-07-13 18:24:00,-0.2963608988916917
2020-07-13 18:27:00,-0.3091777808725169
2020-07-13 18:30:00,-0.22686287601351296
2020-07-13 18:33:00,-0.3119895537652724
2020-07-13 18:36:00,-0.28985103994187966
2020-07-13 18:39:00,-0.31251099548751426
2020-07-13 18:42:00,-0.21368005817845415
2020-07-13 18:45:00,-0.1672918587885306
2020-07-13 18:48:00,-0.22730954101120915
2020-07-13 18:51:00,-0.11506934271079672
2020-07-13 18:54:00,
2020-07-13 18:57:00,
2020-07-13 19:00:00,
2020-07-13 19:03:00,-0.2626539862209256
2020-07-13 19:06:00,-0.24534176385026285
2020-07-13 19:09:00,-0.2375663332005047
2020-07-13 19:12:00,-0.3529745220971563
2020-07-13 19:15:00,-0.27754072730283497
2020-07-13 19:18:00,-0.23679429944746744
2020-07-13 19:21:00,-0.25861086744362183
2020-07-13 19:24:00,-0.18525941948718128
2020-07-13 19:27:00,-0.17549819055591342
2020-07-13 19:30:00,-0.19522966364661443
2020-07-13 19:33:00,-0.2228960452788442
2020-07-13 19:36:00,-0.2684027153241004
2020-07-13 19:39:00,-0.19528168428377057
2020-07-13 19:42:00,-0.16896157323759553
2020-07-13 19:45:00,-0.20975737111041326
2020-07-13 19:48:00,-0.1862296979871303
2020-07-13 19:51:00,-0.19987494811812212
2020-07-13 19:54:00,-0.07633055406671474
2020-07-13 19:57:00,-0.06358104036098666
2020-07-13 20:00:00,-0.03768019321933025
2020-07-13 20:03:00,-0.10743012721707146
2020-07-13 20:06:00,-0.028669630955562297
2020-07-13 20:09:00,-0.00857525953813365
2020-07-13 20:12:00,0.038025473992775005
2020-07-13 20:15:00,-0.1438133838421436
2020-07-13 20:18:00,-0.10021301856244236
2020-07-13 20:21:00,0.21258763641117184
2020-07-13 20:24:00,0.1368697116746489
2020-07-13 20:27:00,0.1982705519915271
2020-07-13 20:30:00,0.15690380645742152
2020-07-13 20:33:00,0.15911226435753179
2020-07-13 20:36:00,0.15236212132549554
2020-07-13 20:39:00,0.13573664984363631
2020-07-13 20:42:00,0.20885636334486435
2020-07-13 20:45:00,0.12529115608560915
2020-07-13 20:48:00,0.1026906731760846
2020-07-13 20:51:00,0.03177560612760999
2020-07-13 20:54:00,0.012002530032305003
2020-07-13 20:57:00,-0.003223412618922339
2020-07-13 21:00:00,0.11354636304696442
2020-07-13 21:03:00,0.17217207638185528
2020-07-13 21:06:00,0.15659135259545565
2020-07-13 21:09:00,0.14621040879222846
2020-07-13 21:12:00,0.19338002553990918
2020-07-13 21:15:00,0.11547022699119225
2020-07-13 21:18:00,0.10613984184664105
2020-07-13 21:21:00,0.029809325506505502
2020-07-13 21:24:00,0.10990896800359451
2020-07-13 21:27:00,0.12890079354264117
2020-07-13 21:30:00,0.18161081623122755
2020-07-13 21:33:00,0.11049884008497202
2020-07-13 21:36:00,0.07391100999842593
2020-07-13 21:39:00,0.12555228208242397
2020-07-13 21:42:00,0.08152361268327013
2020-07-13 21:45:00,0.1644417353963945
2020-07-13 21:48:00,0.18449435432518158
2020-07-13 21:51:00,0.1514583736137638
2020-07-13 21:54:00,0.18476944212210356
2020-07-13 21:57:00,0.1729370887528603
2020-07-13 22:00:00,0.24834648690972472
2020-07-13 22:03:00,0.29296595111378565
2020-07-13 22:06:00,0.22584889569867528
2020-07-13 22:09:00,0.31920980333211446
2020-07-13 22:12:00,0.3092894092824281
2020-07-13 22:15:00,0.3139746795373526
2020-07-13 22:18:00,0.3505926777274908
2020-07-13 22:21:00,0.3125942429055044
2020-07-13 22:24:00,0.34847846992198583
2020-07-13 22:27:00,0.31695813873903944
2020-07-13 22:30:00,0.3361653427310216
2020-07-13 22:33:00,0.26328171962910574
2020-07-13 22:36:00,0.26313428828683527
2020-07-13 22:39:00,0.305781485628529
2020-07-13 22:42:00,0.3655935019886556
2020-07-13 22:45:00,0.23179858916830653
2020-07-13 22:48:00,0.3207770400246659
2020-07-13 22:51:00,0.4221764845698317
2020-07-13 22:54:00,0.2813597325338151
2020-07-13 22:57:00,0.3525678333473934
2020-07-13 23:00:00,0.3213561335888926
2020-07-13 23:03:00,0.29297820873944147
2020-07-13 23:06:00,0.3523446202398759
2020-07-13 23:09:00,0.2651563289992396
2020-07-13 23:12:00,0.2528621786942722
2020-07-13 23:15:00,0.24756330944688898
2020-07-13 23:18:00,0.2158582358692911
2020-07-13 23:21:00,0.24316873402057126
2020-07-13 23:24:00,0.17796901742354976
2020-07-13 23:27:00,0.17872840269484414
2020-07-13 23:30:00,0.1479954749437411
2020-07-13 23:33:00,0.23088456776986277
2020-07-13 23:36:00,0.2972549107661848
2020-07-13 23:39:00,0.17996946617830645
2020-07-13 23:42:00,0.21301891515776106
2020-07-13 23:45:00,0.17161465781731522
2020-07-13 23:48:00,0.25987969616431883
2020-07-13 23:51:00,0.24570232942863868
2020-07-13 23:54:00,0.23370847943300532
2020-07-13 23:57:00,0.29859931151167984
2020-07-14 00:00:00,0.2940225910487584
2020-07-14 00:03:00,0.26147125118944814
2020-07-14 00:06:00,0.3426105449351553
2020-07-14 00:09:00,0.23329095541851075
2020-07-14 00:12:00,0.2517916215762739
2020-07-14 00:15:00,0.3060992111421683
2020-07-14 00:18:00,0.3065294493690658
2020-07-14 00:21:00,0.2988689948724641
2020-07-14 00:24:00,0.32264794831320387
2020-07-14 00:27:00,0.42916849899648923
2020-07-14 00:30:00,0.319236329816988
2020-07-14 00:33:00,0.37372241917250903
2020-07-14 00:36:00,0.20607495706030932
2020-07-14 00:39:00,0.2961614046933505
2020-07-14 00:42:00,0.25024436294995667
2020-07-14 00:45:00,0.2967791737327161
2020-07-14 00:48:00,0.22129076708182538
2020-07-14 00:51:00,0.25728358427443254
2020-07-14 00:54:00,0.3249110252413061
2020-07-14 00:57:00,0.3119353329755086
2020-07-14 01:00:00,0.4519713154264764
2020-07-14 01:03:00,0.28046730879572124
2020-07-14 01:06:00,0.37514755696895463
2020-07-14 01:09:00,0.30137238435162317
2020-07-14 01:12:00,0.30983197072481516
2020-07-14 01:15:00,0.280262360941947
2020-07-14 01:18:00,0.37826958617426953
2020-07-14 01:21:00,0.2513740483502147
2020-07-14 01:24:00,0.2944937872305218
2020-07-14 01:27:00,0.3617647776457602
2020-07-14 01:30:00,0.37122368959580854
2020-07-14 01:33:00,0.41013791474784966
2020-07-14 01:36:00,0.38571186462843343
2020-07-14 01:39:00,0.39879412344555476
2020-07-14 01:42:00,0.49654847394469925
2020-07-14 01:45:00,0.6837084787082972
2020-07-14 01:48:00,0.5878664905505957
2020-07-14 01:51:00,0.5704411114622872
2020-07-14 01:54:00,0.5255239432340204
2020-07-14 01:57:00,0.5721547313648898
2020-07-14 02:00:00,0.540007232151936
2020-07-14 02:03:00,0.5314007486416585
2020-07-14 02:06:00,0.6341012096402778
2020-07-14 02:09:00,0.539387713936776
2020-07-14 02:12:00,0.5916890498519365
2020-07-14 02:15:00,0.5036976777124664
2020-07-14 02:18:00,0.3686054454611849
2020-07-14 02:21:00,0.3454598033260936
2020-07-14 02:24:00,0.4831964227385015
2020-07-14 02:27:00,0.5079068387067309
2020-07-14 02:30:00,0.4384654812897679
2020-07-14 02:33:00,0.4424101480573768
2020-07-14 02:36:00,0.47684988092413505
2020-07-14 02:39:00,0.437884257984706
2020-07-14 02:42:00,0.4811910918493254
2020-07-14 02:45:00,0.4529149501914844
2020-07-14 02:48:00,0.4555500319896737
2020-07-14 02:51:00,0.36874345035175793
2020-07-14 02:54:00,0.3867985505783622
2020-07-14 02:57:00,0.39124221712728513
2020-07-14 03:00:00,0.32611188732363416
2020-07-14 03:03:00,0.3129300350667563
2020-07-14 03:06:00,0.36704031885091126
2020-07-14 03:09:00,0.4202250217481378
2020-07-14 03:12:00,0.4100953538812746
2020-07-14 03:15:00,0.40814696896683245
2020-07-14 03:18:00,0.45280861531017536
2020-07-14 03:21:00,0.5112975862799658
2020-07-14 03:24:00,0.4576933881284049
2020-07-14 03:27:00,0.4048149065791904
2020-07-14 03:30:00,0.44078634549981643
2020-07-14 03:33:00,0.43919931528836287
2020-07-14 03:36:00,0.4240578099701793
2020-07-14 03:39:00,0.5222880376036301
2020-07-14 03:42:00,0.5202409238349333
2020-07-14 03:45:00,0.44211730248633785
2020-07-14 03:48:00,0.4520149584562887
2020-07-14 03:51:00,0.28216428693679063
2020-07-14 03:54:00,0.4610151843987751
2020-07-14 03:57:00,0.42723750136394756
2020-07-14 04:00:00,0.4466629872283079
2020-07-14 04:03:00,0.42177125586096054
2020-07-14 04:06:00,0.44494919818617973
2020-07-14 04:09:00,0.4846970341750989
2020-07-14 04:12:00,0.47763583337831506
2020-07-14 04:15:00,0.4643666252572416
2020-07-14 04:18:00,0.3746594524923239
2020-07-14 04:21:00,0.4305326075053131
2020-07-14 04:24:00,0.4143113320468501
2020-07-14 04:27:00,0.3960894574410645
2020-07-14 04:30:00,0.4598306325594308
2020-07-14 04:33:00,0.5459781594783522
2020-07-14 04:36:00,0.3736683587084144
2020-07-14 04:39:00,0.5510074926370407
2020-07-14 04:42:00,0.44314942914451194
2020-07-14 04:45:00,0.42994366957236707
2020-07-14 04:48:00,0.5043581197178924
2020-07-14 04:51:00,0.3612839378114927
2020-07-14 04:54:00,0.40794982023101056
2020-07-14 04:57:00,0.4803555168506364
2020-07-14 05:00:00,0.4238299926071818
2020-07-14 05:03:00,0.4038637089175836
2020-07-14 05:06:00,0.3992201553144241
2020-07-14 05:09:00,0.46571209946080216
2020-07-14 05:12:00,0.44553253149746297
2020-07-14 05:15:00,0.45771129504402097
2020-07-14 05:18:00,0.42293279588210453
2020-07-14 05:21:00,0.3965786395590385
2020-07-14 05:24:00,0.4855096655729767
2020-07-14 05:27:00,0.5627994922596145
2020-07-14 05:30:00,0.5237639943806585
2020-07-14 05:33:00,0.44993741278983634
2020-07-14 05:36:00,0.5727742168456302
2020-07-14 05:39:00,0.5000814060078937
2020-07-14 05:42:00,0.5241590766299851
2020-07-14 05:45:00,0.4503937745278108
2020-07-14 05:48:00,0.5156857519059486
2020-07-14 05:51:00,0.47581481629111977
2020-07-14 05:54:00,0.517416165596785
2020-07-14 05:57:00,0.516980258001297
2020-07-14 06:00:00,0.5197822873190603
2020-07-14 06:03:00,0.5512494433848474
2020-07-14 06:06:00,0.574167772856697
2020-07-14 06:09:00,0.546227111244832
2020-07-14 06:12:00,0.6953619773908031
2020-07-14 06:15:00,0.5879776122511089
2020-07-14 06:18:00,0.7047163104736001
2020-07-14 06:21:00,0.6417722576194933
2020-07-14 06:24:00,0.7528285067343177
2020-07-14 06:27:00,0.7682990962934468
2020-07-14 06:30:00,0.7295046417320918
2020-07-14 06:33:00,0.6757277790255216
2020-07-14 06:36:00,0.6432202527839763
2020-07-14 06:39:00,0.524633196148784
2020-07-14 06:42:00,0.5163525310336468
2020-07-14 06:45:00,0.5027817617353207
2020-07-14 06:48:00,0.497466571359098
2020-07-14 06:51:00,0.6313869015066302
2020-07-14 06:54:00,0.6432273276858496
2020-07-14 06:57:00,0.5835966239303048
2020-07-14 07:00:00,0.6212229512127578
2020-07-14 07:03:00,0.5858410291818927
2020-07-14 07:06:00,0.5364197377759297
2020-07-14 07:09:00,0.5398354696175716
2020-07-14 07:12:00,0.45704176596348134
2020-07-14 07:15:00,0.5737900457589831
2020-07-14 07:18:00,0.4364281929240974
2020-07-14 07:21:00,0.6195933966175744
2020-07-14 07:24:00,0.5680004867382422
2020-07-14 07:27:00,0.49291434067617956
2020-07-14 07:30:00,0.5844298984558236
2020-07-14 07:33:00,0.5155932052433059
2020-07-14 07:36:00,0.47107316457226034
2020-07-14 07:39:00,0.4595464373109053
2020-07-14 07:42:00,0.5225406684253926
2020-07-14 07:45:00,0.4587849924566285
2020-07-14 07:48:00,0.5650224582390138
2020-07-14 07:51:00,0.4237830081658558
2020-07-14 07:54:00,0.47984600627751206
2020-07-14 07:57:00,0.447036602929586
2020-07-14 08:00:00,0.4591371526769308
2020-07-14 08:03:00,0.3534662475116761
2020-07-14 08:06:00,0.39139974718119674
2020-07-14 08:09:00,0.3462361433470278
2020-07-14 08:12:00,0.361547205108252
2020-07-14 08:15:00,0.4396828676474911
2020-07-14 08:18:00,0.46168941039087485
2020-07-14 08:21:00,0.42502994539597694
2020-07-14 08:24:00,0.38605483993598
2020-07-14 08:27:00,0.3838400445490606
2020-07-14 08:30:00,0.38059545789298
2020-07-14 08:33:00,0.44792035953219056
2020-07-14 08:36:00,0.311090635558287
2020-07-14 08:39:00,0.3506084326305654
2020-07-14 08:42:00,0.38740897801017127
2020-07-14 08:45:00,0.21804820513176537
2020-07-14 08:48:00,0.39880807335777035
2020-07-14 08:51:00,0.41322255621230397
2020-07-14 08:54:00,0.3154514427571371
2020-07-14 08:57:00,0.3510417526347851
2020-07-14 09:00:00,0.3599807468629024
2020-07-14 09:03:00,0.41992257999044114
2020-07-14 09:06:00,0.4374538059887527
2020-07-14 09:09:00,0.4740541089954604
2020-07-14 09:12:00,0.40538841366583256
2020-07-14 09:15:00,0.30191670927149517
2020-07-14 09:18:00,0.27506866057819934
2020-07-14 09:21:00,0.2791534325763223
2020-07-14 09:24:00,0.3251987851385252
2020-07-14 09:27:00,0.32873555823874767
2020-07-14 09:30:00,0.3438152200754985
2020-07-14 09:33:00,0.3106755907169827
2020-07-14 09:36:00,0.3084772566506899
2020-07-14 09:39:00,0.4314022979846186
2020-07-14 09:42:00,0.3106764156963209
2020-07-14 09:45:00,0.22950134069094474
2020-07-14 09:48:00,0.2829058347116984
2020-07-14 09:51:00,0.4725679965324616
2020-07-14 09:54:00,0.3888495004764536
2020-07-14 09:57:00,0.3144894772580642
2020-07-14 10:00:00,0.2664230853833942
2020-07-14 10:03:00,0.19285901299656416
2020-07-14 10:06:00,0.21972185009207124
2020-07-14 10:09:00,0.24566288616068732
2020-07-14 10:12:00,0.1761507519827319
2020-07-14 10:15:00,0.08925078815087772
2020-07-14 10:18:00,0.2040794910715249
2020-07-14 10:21:00,0.26440330221532804
2020-07-14 10:24:00,0.09124704488283442
2020-07-14 10:27:00,0.11845490733651332
2020-07-14 10:30:00,0.03134955663654182
2020-07-14 10:33:00,0.009511393312095606
2020-07-14 10:36:00,0.04264729070979456
2020-07-14 10:39:00,0.026204378544605333
2020-07-14 10:42:00,0.0019416629799593466
2020-07-14 10:45:00,-0.0203475406131588
2020-07-14 10:48:00,-0.141815579404863
2020-07-14 10:51:00,-0.09905513064245497
2020-07-14 10:54:00,-0.03194154391115944
2020-07-14 10:57:00,-0.16572385679057788
2020-07-14 11:00:00,-0.1637011265434012
2020-07-14 11:03:00,-0.07719047260798106
2020-07-14 11:06:00,-0.16679550490141537
2020-07-14 11:09:00,-0.13540776300794732
2020-07-14 11:12:00,-0.11318534838642336
2020-07-14 11:15:00,-0.046106416285567775
2020-07-14 11:18:00,-0.18412486636208314
2020-07-14 11:21:00,-0.16169063044600307
2020-07-14 11:24:00,-0.15168817130728485
2020-07-14 11:27:00,-0.17400460214122404
2020-07-14 11:30:00,-0.25063216479418315
2020-07-14 11:33:00,-0.21591311167196636
2020-07-14 11:36:00,-0.235564152623283
2020-07-14 11:39:00,-0.23709618350636674
2020-07-14 11:42:00,-0.1796535891202211
2020-07-14 11:45:00,-0.25520629142744156
2020-07-14 11:48:00,-0.3075627111276731
2020-07-14 11:51:00,-0.2763553515927697
2020-07-14 11:54:00,-0.219335484242265
2020-07-14 11:57:00,-0.25769733160348096
2020-07-14 12:00:00,-0.23096793501508728
2020-07-14 12:03:00,-0.2514238363798995
2020-07-14 12:06:00,-0.2952137143885807
2020-07-14 12:09:00,-0.2553457839073303
2020-07-14 12:12:00,-0.32290125021842186
2020-07-14 12:15:00,-0.3001646333893859
2020-07-14 12:18:00,-0.23638905877703564
2020-07-14 12:21:00,-0.3510294768680069
2020-07-14 12:24:00,-0.34869247295341665
2020-07-14 12:27:00,-0.2981432727542028
2020-07-14 12:30:00,-0.3891176454195602
2020-07-14 12:33:00,-0.3781946474270512
2020-07-14 12:36:00,-0.30910916047054116
2020-07-14 12:39:00,-0.40804907574499794
2020-07-14 12:42:00,-0.3793110826223369
2020-07-14 12:45:00,-0.3437761312400198
2020-07-14 12:48:00,-0.25971644267139027
2020-07-14 12:51:00,-0.3506531451848218
2020-07-14 12:54:00,-0.28611695661817294
2020-07-14 12:57:00,-0.39477812102410326
2020-07-14 13:00:00,-0.39876291866664815
2020-07-14 13:03:00,-0.3892775727529738
2020-07-14 13:06:00,-0.3753155648230404
2020-07-14 13:09:00,-0.3202748803645932
2020-07-14 13:12:00,-0.4590169004458744
2020-07-14 13:15:00,-0.41022015845442183
2020-07-14 13:18:00,-0.45055017214053805
2020-07-14 13:21:00,-0.3832955952793782
2020-07-14 13:24:00,-0.4034177790967419
2020-07-14 13:27:00,-0.3785481987589492
2020-07-14 13:30:00,-0.43867159202125094
2020-07-14 13:33:00,-0.3841353671291472
2020-07-14 13:36:00,-0.4499017157241383
2020-07-14 13:39:00,-0.5317149112976267
2020-07-14 13:42:00,-0.4940038128488027
2020-07-14 13:45:00,-0.4011062226103945
2020-07-14 13:48:00,-0.4124069833168278
2020-07-14 13:51:00,-0.46493359757579356
2020-07-14 13:54:00,-0.265531903175372
2020-07-14 13:57:00,-0.39835656568743616
2020-07-14 14:00:00,-0.39257911112309785
2020-07-14 14:03:00,-0.41216181075111535
2020-07-14 14:06:00,-0.35919251809247044
2020-07-14 14:09:00,-0.4375593092998997
2020-07-14 14:12:00,-0.40128853421737176
2020-07-14 14:15:00,-0.3357540339760021
2020-07-14 14:18:00,-0.3969809765325749
2020-07-14 14:21:00,-0.4373178174522536
2020-07-14 14:24:00,-0.487618772632743
2020-07-14 14:27:00,-0.4666337503751947
2020-07-14 14:30:00,-0.4402183303051288
2020-07-14 14:33:00,-0.33671678944722316
2020-07-14 14:36:00,-0.4660698140309023
2020-07-14 14:39:00,-0.4954667445236396
2020-07-14 14:42:00,-0.4678911162949362
2020-07-14 14:45:00,-0.49358959766613
2020-07-14 14:48:00,-0.3850311320785522
2020-07-14 14:51:00,-0.5613508007580208
2020-07-14 14:54:00,-0.5149954251288591
2020-07-14 14:57:00,-0.5717589055687426
2020-07-14 15:00:00,-0.46500099691746755
2020-07-14 15:03:00,-0.4682551493532401
2020-07-14 15:06:00,-0.40782833724932743
2020-07-14 15:09:00,-0.43850722350487104
2020-07-14 15:12:00,-0.5114346662682578
2020-07-14 15:15:00,-0.48001717334670957
2020-07-14 15:18:00,-0.5020851878848589
2020-07-14 15:21:00,-0.5054663337119791
2020-07-14 15:24:00,-0.46903860130635167
2020-07-14 15:27:00,-0.4389696259926268
2020-07-14 15:30:00,-0.436287223306806
2020-07-14 15:33:00,-0.5112462383697789
2020-07-14 15:36:00,-0.4404715673759938
2020-07-14 15:39:00,-0.4099680046949743
2020-07-14 15:42:00,-0.528910373437327
2020-07-14 15:45:00,-0.447296167273862
2020-07-14 15:48:00,-0.3922178169683548
2020-07-14 15:51:00,-0.4696592335284322
2020-07-14 15:54:00,-0.45389577375794943
2020-07-14 15:57:00,-0.43751979994573276
2020-07-14 16:00:00,-0.41101791068882676
2020-07-14 16:03:00,-0.4743419153760442
2020-07-14 16:06:00,-0.42311533343763585
2020-07-14 16:09:00,-0.5394458565023683
2020-07-14 16:12:00,-0.5380282968390588
2020-07-14 16:15:00,-0.47726038918631275
2020-07-14 16:18:00,-0.47210383538737233
2020-07-14 16:21:00,-0.31206102311205086
2020-07-14 16:24:00,-0.5477599668775497
2020-07-14 16:27:00,-0.45672092746167436
2020-07-14 16:30:00,-0.3835028772188025
2020-07-14 16:33:00,-0.36318045910672936
2020-07-14 16:36:00,-0.3740662393699381
2020-07-14 16:39:00,-0.4592577922696819
2020-07-14 16:42:00,-0.3513810062068501
2020-07-14 16:45:00,-0.3514392507111097
2020-07-14 16:48:00,-0.39885079935493195
2020-07-14 16:51:00,-0.4392723579811104
2020-07-14 16:54:00,-0.4506771287516358
2020-07-14 16:57:00,-0.35807483624626
2020-07-14 17:00:00,-0.413331443926495
2020-07-14 17:03:00,-0.3311546316411409
2020-07-14 17:06:00,-0.44918366109499175
2020-07-14 17:09:00,-0.3496206887226663
2020-07-14 17:12:00,-0.4234573561815864
2020-07-14 17:15:00,-0.4184794217668468
2020-07-14 17:18:00,-0.4837928867993355
2020-07-14 17:21:00,-0.4869892937197733
2020-07-14 17:24:00,-0.35135701465935654
2020-07-14 17:27:00,-0.46946075439564083
2020-07-14 17:30:00,-0.3474044339577631
2020-07-14 17:33:00,-0.45092840350565666
2020-07-14 17:36:00,-0.42983274642915603
2020-07-14 17:39:00,-0.32815758645068627
2020-07-14 17:42:00,-0.5183350115763119
2020-07-14 17:45:00,-0.4522395715781613
2020-07-14 17:48:00,-0.31326100801396706
2020-07-14 17:51:00,-0.4033343467980899
2020-07-14 17:54:00,-0.3768495307238027
2020-07-14 17:57:00,-0.35046482845490345
2020-07-14 18:00:00,-0.4736606458540109
2020-07-14 18:03:00,-0.3773631768889345
2020-07-14 18:06:00,-0.3359782750901559
2020-07-14 18:09:00,-0.3106269844727194
2020-07-14 18:12:00,-0.2586450058320793
2020-07-14 18:15:00,-0.3384246161997453
2020-07-14 18:18:00,-0.24819012381692573
2020-07-14 18:21:00,-0.3418766146613734
2020-07-14 18:24:00,-0.3061913724561691
2020-07-14 18:27:00,-0.26659173397513314
2020-07-14 18:30:00,-0.31012205593918907
2020-07-14 18:33:00,-0.35253127730248934
2020-07-14 18:36:00,-0.2705639174820931
2020-07-14 18:39:00,-0.18398757822137668
2020-07-14 18:42:00,-0.2897247467595321
2020-07-14 18:45:00,-0.2583571224726029
2020-07-14 18:48:00,-0.22779703287864095
2020-07-14 18:51:00,-0.22959406703103014
2020-07-14 18:54:00,
2020-07-14 18:57:00,
2020-07-14 19:00:00,
2020-07-14 19:03:00,-0.23918182182939063
2020-07-14 19:06:00,-0.30024213725624804
2020-07-14 19:09:00,-0.2433930740663186
2020-07-14 19:12:00,-0.2096164436557615
2020-07-14 19:15:00,-0.24955499798306846
2020-07-14 19:18:00,-0.17560013254404794
2020-07-14 19:21:00,-0.1747374200451759
2020-07-14 19:24:00,-0.17127843762506245
2020-07-14 19:27:00,-0.2543874238772901
2020-07-14 19:30:00,-0.19247496120590313
2020-07-14 19:33:00,-0.2376019446327291
2020-07-14 19:36:00,-0.16869465907183212
2020-07-14 19:39:00,-0.155185466289538
2020-07-14 19:42:00,-0.17933602092512047
2020-07-14 19:45:00,-0.19461867344313077
2020-07-14 19:48:00,-0.07123560893569447
2020-07-14 19:51:00,-0.07156309631903923
2020-07-14 19:54:00,-0.08899572806637934
2020-07-14 19:57:00,-0.14463704915561948
2020-07-14 20:00:00,-0.06076039068977934
2020-07-14 20:03:00,0.06422074968662628
2020-07-14 20:06:00,-0.04430436411740857
2020-07-14 20:09:00,-0.1365078172611902
2020-07-14 20:12:00,0.022755859659469024
2020-07-14 20:15:00,-0.04600531981321865
2020-07-14 20:18:00,-0.08286547219444174
2020-07-14 20:21:00,-0.02703134662044704
2020-07-14 20:24:00,-0.11410601083110805
2020-07-14 20:27:00,0.011853899267975976
2020-07-14 20:30:00,-0.015239333531553712
2020-07-14 20:33:00,-0.08710201127166783
2020-07-14 20:36:00,-0.06409252450805525
2020-07-14 20:39:00,-0.03558448038234019
2020-07-14 20:42:00,0.012995375463333403
2020-07-14 20:45:00,0.008167797495275408
2020-07-14 20:48:00,-0.08123233923396356
2020-07-14 20:51:00,-0.07203238843561621
2020-07-14 20:54:00,-0.03517851074292366
2020-07-14 20:57:00,-0.039198235282469795
2020-07-14 21:00:00,0.0678374716496819
2020-07-14 21:03:00,-0.02200963414236412
2020-07-14 21:06:00,-0.03207422121931813
2020-07-14 21:09:00,0.019618999476392673
2020-07-14 21:12:00,0.04668736164546772
2020-07-14 21:15:00,-0.001543452431633341
2020-07-14 21:18:00,0.003679024147857035
2020-07-14 21:21:00,-0.03283702464329963
2020-07-14 21:24:00,-0.021141784704241218
2020-07-14 21:27:00,0.0618238386603025
2020-07-14 21:30:00,0.0038078022052445704
2020-07-14 21:33:00,0.11058174831208589
2020-07-14 21:36:00,0.054032867757427994
2020-07-14 21:39:00,0.16761512576096038
2020-07-14 21:42:00,0.1024205445829125
2020-07-14 21:45:00,0.14681635590477526
2020-07-14 21:48:00,0.1580215914481755
2020-07-14 21:51:00,0.13147183788782968
2020-07-14 21:54:00,0.09345480816273266
2020-07-14 21:57:00,0.1927792371486703
2020-07-14 22:00:00,0.16346857043583896
2020-07-14 22:03:00,0.09180990090175101
2020-07-14 22:06:00,0.06469268775686032
2020-07-14 22:09:00,0.16882655605900254
2020-07-14 22:12:00,0.08530810492982255
2020-07-14 22:15:00,0.17897952642857717
2020-07-14 22:18:00,0.11992271752689021
2020-07-14 22:21:00,0.1283292831659537
2020-07-14 22:24:00,0.05694296977873137
2020-07-14 22:27:00,0.07850351321428661
2020-07-14 22:30:00,0.13478848550244038
2020-07-14 22:33:00,0.1619919616194352
2020-07-14 22:36:00,0.13200628075679788
2020-07-14 22:39:00,0.1415551762402174
2020-07-14 22:42:00,0.24675898717998734
2020-07-14 22:45:00,0.1984642778804755
2020-07-14 22:48:00,0.2051700851034184
2020-07-14 22:51:00,0.1262574500895539
2020-07-14 22:54:00,0.13426844389556436
2020-07-14 22:57:00,0.026294069351820326
2020-07-14 23:00:00,0.08220064117887205
2020-07-14 23:03:00,0.07915081772335952
2020-07-14 23:06:00,0.07757786413998247
2020-07-14 23:09:00,0.09668604744399545
2020-07-14 23:12:00,0.0624579702777055
2020-07-14 23:15:00,0.05815015748208907
2020-07-14 23:18:00,0.022288812754823084
2020-07-14 23:21:00,0.07116173025639227
2020-07-14 23:24:00,0.017661930277824922
2020-07-14 23:27:00,0.01511145715511475
2020-07-14 23:30:00,0.054163478542136545
2020-07-14 23:33:00,-9.831435909291031e-05
2020-07-14 23:36:00,0.038077155179337296
2020-07-14 23:39:00,0.039433353984861697
2020-07-14 23:42:00,0.07910408994831641
2020-07-14 23:45:00,0.14169144650821863
2020-07-14 23:48:00,0.11862009911624227
2020-07-14 23:51:00,0.02347065438800655
2020-07-14 23:54:00,0.045483072501895094
2020-07-14 23:57:00,0.11207978174888922
2020-07-15 00:00:00,0.11348592558937298
2020-07-15 00:03:00,0.15168095593202224
2020-07-15 00:06:00,0.10224222849171838
2020-07-15 00:09:00,0.14437884658900657
2020-07-15 00:12:00,0.14697563522696555
2020-07-15 00:15:00,-0.032042632684749606
2020-07-15 00:18:00,0.07057722341693307
2020-07-15 00:21:00,0.13050943356091693
2020-07-15 00:24:00,0.23709090702652702
2020-07-15 00:27:00,0.0854282132482922
2020-07-15 00:30:00,0.10773549873999855
2020-07-15 00:33:00,0.02767121653283766
2020-07-15 00:36:00,0.09279609170567937
2020-07-15 00:39:00,0.10004890518990806
2020-07-15 00:42:00,0.15149198238140116
2020-07-15 00:45:00,0.24323339917640396
2020-07-15 00:48:00,0.18815887300200984
2020-07-15 00:51:00,0.19866484813456964
2020-07-15 00:54:00,0.11763877213320484
2020-07-15 00:57:00,0.22383994280244224
2020-07-15 01:00:00,0.08358957454379379
2020-07-15 01:03:00,0.1403843323807905
2020-07-15 01:06:00,0.1871417629139387
2020-07-15 01:09:00,0.26036021638395823
2020-07-15 01:12:00,0.18815682802625133
2020-07-15 01:15:00,0.23051080935334767
2020-07-15 01:18:00,0.1729907329413436
2020-07-15 01:21:00,0.2221376870710401
2020-07-15 01:24:00,0.17702773606191613
2020-07-15 01:27:00,0.1935365169363763
2020-07-15 01:30:00,0.29020196708023605
2020-07-15 01:33:00,0.17329665990001786
2020-07-15 01:36:00,0.1236595560611704
2020-07-15 01:39:00,0.2795797441422678
2020-07-15 01:42:00,0.2778270080903553
2020-07-15 01:45:00,0.2072918772029766
2020-07-15 01:48:00,0.1844489737379149
2020-07-15 01:51:00,0.14610302206921233
2020-07-15 01:54:00,0.20228547445805134
2020-07-15 01:57:00,0.09110406668838777
2020-07-15 02:00:00,0.19258305860819291
2020-07-15 02:03:00,0.16984089171558026
2020-07-15 02:06:00,0.2021833171443177
2020-07-15 02:09:00,0.21467848075360507
2020-07-15 02:12:00,0.12559630453500858
2020-07-15 02:15:00,0.15967428749382861
2020-07-15 02:18:00,0.24551889069965682
2020-07-15 02:21:00,0.27249425827824325
2020-07-15 02:24:00,0.2303568632069073
2020-07-15 02:27:00,0.21859588067638924
2020-07-15 02:30:00,0.20256501595190457
2020-07-15 02:33:00,0.26271603073399774
2020-07-15 02:36:00,0.30892742577924537
2020-07-15 02:39:00,0.21136252301960212
2020-07-15 02:42:00,0.3125600714963639
2020-07-15 02:45:00,0.2696929724917254
2020-07-15 02:48:00,0.28910208579929986
2020-07-15 02:51:00,0.3738652953051087
2020-07-15 02:54:00,0.2451079016252038
2020-07-15 02:57:00,0.21867048297360725
2020-07-15 03:00:00,0.33812179705250855
2020-07-15 03:03:00,0.2856840921725734
2020-07-15 03:06:00,0.31267675062309763
2020-07-15 03:09:00,0.2200131763158879
2020-07-15 03:12:00,0.3182433402861875
2020-07-15 03:15:00,0.3629728142014983
2020-07-15 03:18:00,0.33174448617751295
2020-07-15 03:21:00,0.2501907881234615
2020-07-15 03:24:00,0.3598428775115394
2020-07-15 03:27:00,0.26256304849209755
2020-07-15 03:30:00,0.3180918676596889
2020-07-15 03:33:00,0.37881832437159346
2020-07-15 03:36:00,0.2746933789167656
2020-07-15 03:39:00,0.34085658467159874
2020-07-15 03:42:00,0.3079895878350385
2020-07-15 03:45:00,0.3022950675347147
2020-07-15 03:48:00,0.3631755594053061
2020-07-15 03:51:00,0.30399594750423375
2020-07-15 03:54:00,0.2779110591961853
2020-07-15 03:57:00,0.21456959983714796
2020-07-15 04:00:00,0.29540447376041357
2020-07-15 04:03:00,0.39489101936595716
2020-07-15 04:06:00,0.37367901422027217
2020-07-15 04:09:00,0.2860356987785053
2020-07-15 04:12:00,0.30603253127736707
2020-07-15 04:15:00,0.40875453788981986
2020-07-15 04:18:00,0.32756874817476955
2020-07-15 04:21:00,0.35850520825607646
2020-07-15 04:24:00,0.24388231537835736
2020-07-15 04:27:00,0.2786534502567406
2020-07-15 04:30:00,0.29146649405396374
2020-07-15 04:33:00,0.344982710551335
2020-07-15 04:36:00,0.3526462892033351
2020-07-15 04:39:00,0.262503787788944
2020-07-15 04:42:00,0.3028470071178617
2020-07-15 04:45:00,0.34349113964225353
2020-07-15 04:48:00,0.2580558798323409
2020-07-15 04:51:00,0.3294932935891097
2020-07-15 04:54:00,0.3762493160434701
2020-07-15 04:57:00,0.25003439006843564
2020-07-15 05:00:00,0.3079245591915196
2020-07-15 05:03:00,0.26361222732452916
2020-07-15 05:06:00,0.39274131900970133
2020-07-15 05:09:00,0.3341843360115604
2020-07-15 05:12:00,0.318466503922366
2020-07-15 05:15:00,0.3190516136722863
2020-07-15 05:18:00,0.3420759199020722
2020-07-15 05:21:00,0.35575923188065417
2020-07-15 05:24:00,0.30324720530546756
2020-07-15 05:27:00,0.40579113770263575
2020-07-15 05:30:00,0.31110389139291783
2020-07-15 05:33:00,0.32757523002220523
2020-07-15 05:36:00,0.388326783618993
2020-07-15 05:39:00,0.29398101171432245
2020-07-15 05:42:00,0.2033299934240631
2020-07-15 05:45:00,0.345519347173763
2020-07-15 05:48:00,0.27012933055090116
2020-07-15 05:51:00,0.25900545151489496
2020-07-15 05:54:00,0.2622949688949916
2020-07-15 05:57:00,0.24288589896650592
2020-07-15 06:00:00,0.3842257719090867
2020-07-15 06:03:00,0.3289666000119382
2020-07-15 06:06:00,0.22486641860507461
2020-07-15 06:09:00,0.3723396049003327
2020-07-15 06:12:00,0.33732382284881623
2020-07-15 06:15:00,0.3195055829928606
2020-07-15 06:18:00,0.3755091505715882
2020-07-15 06:21:00,0.3741319926215283
2020-07-15 06:24:00,0.41193098130537464
2020-07-15 06:27:00,0.29803309420987034
2020-07-15 06:30:00,0.24673477849427172
2020-07-15 06:33:00,0.38979325131441556
2020-07-15 06:36:00,0.2857116835773468
2020-07-15 06:39:00,0.36253874868066305
2020-07-15 06:42:00,0.4124377539258717
2020-07-15 06:45:00,0.36393520702370097
2020-07-15 06:48:00,0.43966076483366123
2020-07-15 06:51:00,0.354736287623723
2020-07-15 06:54:00,0.38944529124393057
2020-07-15 06:57:00,0.341992705272105
2020-07-15 07:00:00,0.3807217866619226
2020-07-15 07:03:00,0.2918092051722283
2020-07-15 07:06:00,0.3484333179598593
2020-07-15 07:09:00,0.2510727755667972
2020-07-15 07:12:00,0.2683582144444472
2020-07-15 07:15:00,0.27609629368066635
2020-07-15 07:18:00,0.3549081761499906
2020-07-15 07:21:00,0.3875698195341215
2020-07-15 07:24:00,0.43759402162396555
2020-07-15 07:27:00,0.4145192259397277
2020-07-15 07:30:00,0.2542572670398613
2020-07-15 07:33:00,0.3840077794099557
2020-07-15 07:36:00,0.2533533163616539
2020-07-15 07:39:00,0.3447823472047844
2020-07-15 07:42:00,0.2519202158521807
2020-07-15 07:45:00,0.3012221914809743
2020-07-15 07:48:00,0.2789442403230282
2020-07-15 07:51:00,0.31908572487117226
2020-07-15 07:54:00,0.31884423418409824
2020-07-15 07:57:00,0.23352917756795932
2020-07-15 08:00:00,0.3621551119766764
2020-07-15 08:03:00,0.405044661497584
2020-07-15 08:06:00,0.2925648555285534
2020-07-15 08:09:00,0.32352915813794425
2020-07-15 08:12:00,0.3161519149595051
2020-07-15 08:15:00,0.3322931690535711
2020-07-15 08:18:00,0.2879325907616135
2020-07-15 08:21:00,0.2469088110161124
2020-07-15 08:24:00,0.24839650055190532
2020-07-15 08:27:00,0.31900358891300584
2020-07-15 08:30:00,0.2572595079979578
2020-07-15 08:33:00,0.24396752077865358
2020-07-15 08:36:00,0.19643326728532884
2020-07-15 08:39:00,0.21054827331181514
2020-07-15 08:42:00,0.19062994926991905
2020-07-15 08:45:00,0.301824167827192
2020-07-15 08:48:00,0.22813055786735958
2020-07-15 08:51:00,0.22308371226182544
2020-07-15 08:54:00,0.23798722859527288
2020-07-15 08:57:00,0.12781689476787506
2020-07-15 09:00:00,0.3395824587180982
2020-07-15 09:03:00,0.253559656102766
2020-07-15 09:06:00,0.2640034339402746
2020-07-15 09:09:00,0.22297779304648202
2020-07-15 09:12:00,0.27173359887211745
2020-07-15 09:15:00,0.20001504739155962
2020-07-15 09:18:00,0.17004670233023944
2020-07-15 09:21:00,0.21059879686805516
2020-07-15 09:24:00,0.3004968093060256
2020-07-15 09:27:00,0.12964220636843038
2020-07-15 09:30:00,0.2267072596393973
2020-07-15 09:33:00,0.17530709679908796
2020-07-15 09:36:00,0.16441759525656607
2020-07-15 09:39:00,0.15575818484234105
2020-07-15 09:42:00,0.2813965350232479
2020-07-15 09:45:00,0.15899619209176308
2020-07-15 09:48:00,0.04139729241774148
2020-07-15 09:51:00,0.1434825279484926
2020-07-15 09:54:00,0.04809267635789638
2020-07-15 09:57:00,0.11327148656323516
2020-07-15 10:00:00,0.11280632270916158
2020-07-15 10:03:00,0.1672346915812568
2020-07-15 10:06:00,0.16011275806380354
2020-07-15 10:09:00,0.08846120113599909
2020-07-15 10:12:00,0.14830121659923634
2020-07-15 10:15:00,0.11515992445214351
2020-07-15 10:18:00,0.2068631166008572
2020-07-15 10:21:00,0.09551018773515807
2020-07-15 10:24:00,0.07078700442440322
2020-07-15 10:27:00,0.10211049069027922
2020-07-15 10:30:00,0.015400218220747774
2020-07-15 10:33:00,0.01229398407718918
2020-07-15 10:36:00,-0.03872027881300255
2020-07-15 10:39:00,0.06252389080412968
2020-07-15 10:42:00,0.020327155978634437
2020-07-15 10:45:00,0.01549384603612225
2020-07-15 10:48:00,0.001694865525678324
2020-07-15 10:51:00,-0.012504160769822192
2020-07-15 10:54:00,-0.10169817266734071
2020-07-15 10:57:00,-0.09343456849211407
2020-07-15 11:00:00,-0.09723903043101245
2020-07-15 11:03:00,-0.043097232684374376
2020-07-15 11:06:00,-0.08069703684020624
2020-07-15 11:09:00,-0.08247524792182048
2020-07-15 11:12:00,-0.1540383414749158
2020-07-15 11:15:00,0.022785509869834186
2020-07-15 11:18:00,-0.11923102379540751
2020-07-15 11:21:00,-0.07849468257722947
2020-07-15 11:24:00,-0.1364356914841096
2020-07-15 11:27:00,-0.2179489976642799
2020-07-15 11:30:00,-0.1712014979094647
2020-07-15 11:33:00,-0.12599906175103115
2020-07-15 11:36:00,-0.15243488024333374
2020-07-15 11:39:00,-0.25398098032269445
2020-07-15 11:42:00,-0.10185734179043493
2020-07-15 11:45:00,-0.2716309911403414
2020-07-15 11:48:00,-0.2491538254250827
2020-07-15 11:51:00,-0.16444836756284076
2020-07-15 11:54:00,-0.11082042484724752
2020-07-15 11:57:00,-0.2259196162891044
2020-07-15 12:00:00,-0.2832178847817204
2020-07-15 12:03:00,-0.19472344644913164
2020-07-15 12:06:00,-0.1970882201801487
2020-07-15 12:09:00,-0.15070069326469593
2020-07-15 12:12:00,-0.12245132380058976
2020-07-15 12:15:00,-0.1859798808974915
2020-07-15 12:18:00,-0.20864822126418403
2020-07-15 12:21:00,-0.28892802494414127
2020-07-15 12:24:00,-0.21650293610383642
2020-07-15 12:27:00,-0.2942760146630121
2020-07-15 12:30:00,-0.33324858923037937
2020-07-15 12:33:00,-0.3020011828082829
2020-07-15 12:36:00,-0.473177325398467
2020-07-15 12:39:00,-0.37667635998593596
2020-07-15 12:42:00,-0.3713221139765892
2020-07-15 12:45:00,-0.3056296554480582
2020-07-15 12:48:00,-0.4388511662487531
2020-07-15 12:51:00,-0.269413788300767
2020-07-15 12:54:00,-0.3749245616543817
2020-07-15 12:57:00,-0.2050874244898182
2020-07-15 13:00:00,-0.1876724659895217
2020-07-15 13:03:00,-0.35527673579866814
2020-07-15 13:06:00,-0.325535094773727
2020-07-15 13:09:00,-0.29841584512433883
2020-07-15 13:12:00,-0.4031990028387895
2020-07-15 13:15:00,-0.4485706314060849
2020-07-15 13:18:00,-0.4858207417291851
2020-07-15 13:21:00,-0.4606892932916935
2020-07-15 13:24:00,-0.3818510459050799
2020-07-15 13:27:00,-0.4522005355212855
2020-07-15 13:30:00,-0.5322528037945062
2020-07-15 13:33:00,-0.41321126239211026
2020-07-15 13:36:00,-0.2847534359857491
2020-07-15 13:39:00,-0.4446331678940396
2020-07-15 13:42:00,-0.4310954462880545
2020-07-15 13:45:00,-0.3636026552873659
2020-07-15 13:48:00,-0.3472117043117464
2020-07-15 13:51:00,-0.3182369412479602
2020-07-15 13:54:00,-0.33964193368780116
2020-07-15 13:57:00,-0.40304114084733556
2020-07-15 14:00:00,-0.4842679410941173
2020-07-15 14:03:00,-0.5589084730967784
2020-07-15 14:06:00,-0.4204389872016918
2020-07-15 14:09:00,-0.4166316627600395
2020-07-15 14:12:00,-0.40146126114859726
2020-07-15 14:15:00,-0.4397129039530796
2020-07-15 14:18:00,-0.4114262544202347
2020-07-15 14:21:00,-0.36435903025352445
2020-07-15 14:24:00,-0.38967589241923406
2020-07-15 14:27:00,-0.38985999936727467
2020-07-15 14:30:00,-0.49902075229027787
2020-07-15 14:33:00,-0.3268802971984428
2020-07-15 14:36:00,-0.33741554248337025
2020-07-15 14:39:00,-0.3113076361088929
2020-07-15 14:42:00,-0.34863308765824286
2020-07-15 14:45:00,-0.3102860887541965
2020-07-15 14:48:00,-0.40937946734459274
2020-07-15 14:51:00,-0.33725503076954055
2020-07-15 14:54:00,-0.4008120933762598
2020-07-15 14:57:00,-0.33001280015827206
2020-07-15 15:00:00,-0.3740282125973522
2020-07-15 15:03:00,-0.4455938183294279
2020-07-15 15:06:00,-0.22960781640904315
2020-07-15 15:09:00,-0.22379791081289113
2020-07-15 15:12:00,-0.17906969401423112
2020-07-15 15:15:00,-0.1868411550028668
2020-07-15 15:18:00,-0.21534997108443577
2020-07-15 15:21:00,-0.17478049557564646
2020-07-15 15:24:00,-0.2330609282227556
2020-07-15 15:27:00,-0.2859096330422517
2020-07-15 15:30:00,-0.36993630183724235
2020-07-15 15:33:00,-0.257534516018211
2020-07-15 15:36:00,-0.2663520155958281
2020-07-15 15:39:00,-0.31358658357487457
2020-07-15 15:42:00,-0.2092549502208385
2020-07-15 15:45:00,-0.22224883519447758
2020-07-15 15:48:00,-0.30405630032475983
2020-07-15 15:51:00,-0.38043667526289937
2020-07-15 15:54:00,-0.4169096325356918
2020-07-15 15:57:00,-0.2907224875250449
2020-07-15 16:00:00,-0.3036218199556515
2020-07-15 16:03:00,-0.3412315855912311
2020-07-15 16:06:00,-0.33250203530349154
2020-07-15 16:09:00,-0.2378583915440231
2020-07-15 16:12:00,-0.2281976928226186
2020-07-15 16:15:00,-0.2766704663623045
2020-07-15 16:18:00,-0.30416041893727197
2020-07-15 16:21:00,-0.2609042133585149
2020-07-15 16:24:00,-0.2573491350103154
2020-07-15 16:27:00,-0.3130043527550015
2020-07-15 16:30:00,-0.29244264647530827
2020-07-15 16:33:00,-0.2093211766862737
2020-07-15 16:36:00,-0.2551100468430718
2020-07-15 16:39:00,-0.2669557204808939
2020-07-15 16:42:00,-0.09901452687989831
2020-07-15 16:45:00,-0.23907487553105966
2020-07-15 16:48:00,-0.10295861251978522
2020-07-15 16:51:00,-0.0817445105244019
2020-07-15 16:54:00,-0.09314748227859582
2020-07-15 16:57:00,-0.13955050793731516
2020-07-15 17:00:00,-0.12056160724972642
2020-07-15 17:03:00,-0.20583841288998883
2020-07-15 17:06:00,-0.2908376297487507
2020-07-15 17:09:00,-0.19810917003570694
2020-07-15 17:12:00,-0.2493653891602321
2020-07-15 17:15:00,-0.23853127550273712
2020-07-15 17:18:00,-0.15267335195903797
2020-07-15 17:21:00,-0.19661768558205495
2020-07-15 17:24:00,-0.08770839173126888
2020-07-15 17:27:00,-0.23540049025132248
2020-07-15 17:30:00,-0.1360524952350488
2020-07-15 17:33:00,-0.17003192205044115
2020-07-15 17:36:00,-0.09621449843928076
2020-07-15 17:39:00,-0.1560385490849967
2020-07-15 17:42:00,-0.12343903203850459
2020-07-15 17:45:00,-0.17795520340735038
2020-07-15 17:48:00,-0.24232778280020284
2020-07-15 17:51:00,-0.0773193051604153
2020-07-15 17:54:00,-0.20672743201976118
2020-07-15 17:57:00,-0.22883537740619886
2020-07-15 18:00:00,-0.2076953640999477
2020-07-15 18:03:00,-0.18585745979237345
2020-07-15 18:06:00,-0.14501944664397115
2020-07-15 18:09:00,-0.22463852573974918
2020-07-15 18:12:00,-0.13885321950505158
2020-07-15 18:15:00,-0.14251438640917513
2020-07-15 18:18:00,-0.11759955498240515
2020-07-15 18:21:00,-0.031406328812465745
2020-07-15 18:24:00,-0.11479088492478695
2020-07-15 18:27:00,-0.020129089864951766
2020-07-15 18:30:00,-0.08642316203804512
2020-07-15 18:33:00,-0.014247146869422522
2020-07-15 18:36:00,-0.04109891264255339
2020-07-15 18:39:00,-0.0767409184241501
2020-07-15 18:42:00,-0.12057955441690638
2020-07-15 18:45:00,-0.06900314047891243
2020-07-15 18:48:00,-0.03008187156359554
2020-07-15 18:51:00,-0.005063474790858891
2020-07-15 18:54:00,
2020-07-15 18:57:00,
2020-07-15 19:00:00,
2020-07-15 19:03:00,0.012898697726996033
2020-07-15 19:06:00,-0.08517940622527931
2020-07-15 19:09:00,-0.07383226892386574
2020-07-15 19:12:00,-0.07105819948372982
2020-07-15 19:15:00,-0.014845407116524711
2020-07-15 19:18:00,-0.09577066921224286
2020-07-15 19:21:00,-0.0014437065531751614
2020-07-15 19:24:00,-0.024612843176271326
2020-07-15 19:27:00,-0.04017547845330682
2020-07-15 19:30:00,-0.035952460157318455
2020-07-15 19:33:00,-0.10857382018332373
2020-07-15 19:36:00,-0.047825415922091
2020-07-15 19:39:00,-0.26299942954864264
2020-07-15 19:42:00,-0.06178207139157621
2020-07-15 19:45:00,-0.08783417773946667
2020-07-15 19:48:00,-0.10184193758459514
2020-07-15 19:51:00,-0.04435259376737122
2020-07-15 19:54:00,0.021280605309982548
2020-07-15 19:57:00,-0.0646122304376604
2020-07-15 20:00:00,-0.05469045802180972
2020-07-15 20:03:00,-0.07935642918380381
2020-07-15 20:06:00,-0.13988623624396723
2020-07-15 20:09:00,-0.048442853429207844
2020-07-15 20:12:00,-0.07932369251329874
2020-07-15 20:15:00,-0.07710813133354577
2020-07-15 20:18:00,-0.10920038459011039
2020-07-15 20:21:00,-0.07006637183769726
2020-07-15 20:24:00,-0.1262223875034465
2020-07-15 20:27:00,-0.17447667644285048
2020-07-15 20:30:00,-0.06678421721119321
2020-07-15 20:33:00,-0.05365772389876611
2020-07-15 20:36:00,-0.13839121636488017
2020-07-15 20:39:00,-0.050197432351183124
2020-07-15 20:42:00,-0.04235242311051479
2020-07-15 20:45:00,-0.058448416518047
2020-07-15 20:48:00,-0.07762995262049799
2020-07-15 20:51:00,-0.032462359443059086
2020-07-15 20:54:00,-0.07780122052452043
2020-07-15 20:57:00,-0.082793195477052
2020-07-15 21:00:00,0.01126667528200187
2020-07-15 21:03:00,0.0044453410046116915
2020-07-15 21:06:00,-0.05665674683950783
2020-07-15 21:09:00,-0.04112335439219805
2020-07-15 21:12:00,-0.006928237636316226
2020-07-15 21:15:00,-0.03839940503883099
2020-07-15 21:18:00,-0.02771995983675879
2020-07-15 21:21:00,0.008895238249522208
2020-07-15 21:24:00,-0.166762241067147
2020-07-15 21:27:00,-0.03869995612984667
2020-07-15 21:30:00,0.007429605570166586
2020-07-15 21:33:00,-0.026315409663936862
2020-07-15 21:36:00,-0.11115773633093795
2020-07-15 21:39:00,-0.09709340385910536
2020-07-15 21:42:00,0.029249764623955343
2020-07-15 21:45:00,0.0944410111165439
2020-07-15 21:48:00,0.07631634938286425
2020-07-15 21:51:00,0.06307158159239634
2020-07-15 21:54:00,0.023507376260795354
2020-07-15 21:57:00,0.059323557732000154
2020-07-15 22:00:00,-0.02089699974345649
2020-07-15 22:03:00,0.03671157555169202
2020-07-15 22:06:00,0.050546471203745114
2020-07-15 22:09:00,0.04002070133532243
2020-07-15 22:12:00,0.03573979263609317
2020-07-15 22:15:00,-0.01957333183099763
2020-07-15 22:18:00,-0.07313527055612212
2020-07-15 22:21:00,-0.05282752710724026
2020-07-15 22:24:00,0.040759795858377856
2020-07-15 22:27:00,-0.09931014383141701
2020-07-15 22:30:00,-0.03936447128614873
2020-07-15 22:33:00,-0.010239492178413911
2020-07-15 22:36:00,-0.13551906721141904
2020-07-15 22:39:00,-0.08378848911200976
2020-07-15 22:42:00,-0.01295272961522187
2020-07-15 22:45:00,-0.0130853023894133
2020-07-15 22:48:00,-0.040079218210394174
2020-07-15 22:51:00,-0.05841822978334221
2020-07-15 22:54:00,0.0507708968484053
2020-07-15 22:57:00,-0.03232725370520484
2020-07-15 23:00:00,-0.057863158033796935
2020-07-15 23:03:00,0.00801184615454531
2020-07-15 23:06:00,-0.07690967566458085
2020-07-15 23:09:00,-0.07205707409985962
2020-07-15 23:12:00,-0.10134174082548952
2020-07-15 23:15:00,0.016554747776865497
2020-07-15 23:18:00,-0.1376983143366033
2020-07-15 23:21:00,0.0164394164218038
2020-07-15 23:24:00,-0.065493250877239
2020-07-15 23:27:00,-0.0004837665696300064
2020-07-15 23:30:00,0.0060640502270530305
2020-07-15 23:33:00,0.04183520475913838
2020-07-15 23:36:00,0.006071849042655231
2020-07-15 23:39:00,-0.009992471493035282
2020-07-15 23:42:00,-0.04952729911184406
2020-07-15 23:45:00,0.06173637748781857
2020-07-15 23:48:00,-0.03276165418833443
2020-07-15 23:51:00,0.05202870589596387
2020-07-15 23:54:00,-0.12365656529624403
2020-07-15 23:57:00,0.03364314392450751
2020-07-16 00:00:00,-0.07628643329945817
2020-07-16 00:03:00,-0.0005457656223484264
2020-07-16 00:06:00,0.0356338195446142
2020-07-16 00:09:00,0.06072997825646098
2020-07-16 00:12:00,0.05514386629420187
2020-07-16 00:15:00,0.05837739709181733
2020-07-16 00:18:00,-0.10128981038644724
2020-07-16 00:21:00,0.021292769404453793
2020-07-16 00:24:00,0.1316029733534947
2020-07-16 00:27:00,0.07610852558843817
2020-07-16 00:30:00,0.016076548952412395
2020-07-16 00:33:00,0.04985437835910034
2020-07-16 00:36:00,0.04979586671919378
2020-07-16 00:39:00,0.054640833560085866
2020-07-16 00:42:00,0.03535951562372475
2020-07-16 00:45:00,0.05802911562381041
2020-07-16 00:48:00,0.08401422591055052
2020-07-16 00:51:00,0.051530852995142595
2020-07-16 00:54:00,0.1956312587286675
2020-07-16 00:57:00,0.02064038750711461
2020-07-16 01:00:00,0.1291402177840837
2020-07-16 01:03:00,0.10740124518883931
2020-07-16 01:06:00,0.09675775958157828
2020-07-16 01:09:00,0.10708706517021938
2020-07-16 01:12:00,0.07270115137339417
2020-07-16 01:15:00,0.11546866587849536
2020-07-16 01:18:00,0.0989107743609452
2020-07-16 01:21:00,0.10810977677567735
2020-07-16 01:24:00,0.21618973768920569
2020-07-16 01:27:00,0.21068994526331153
2020-07-16 01:30:00,0.21083075622249225
2020-07-16 01:33:00,0.17170897319692813
2020-07-16 01:36:00,0.28087059014779925
2020-07-16 01:39:00,0.21646499157560584
2020-07-16 01:42:00,0.201963736664311
2020-07-16 01:45:00,0.1417527806819976
2020-07-16 01:48:00,0.23968504202235863
2020-07-16 01:51:00,0.16516991682721027
2020-07-16 01:54:00,0.1799009487055514
2020-07-16 01:57:00,0.17558613845989157
2020-07-16 02:00:00,0.15759199107526456
2020-07-16 02:03:00,0.21068852133356586
2020-07-16 02:06:00,0.17892165453645248
2020-07-16 02:09:00,0.21066616448155173
2020-07-16 02:12:00,0.26341635020747844
2020-07-16 02:15:00,0.20508342483981323
2020-07-16 02:18:00,0.1396134392735462
2020-07-16 02:21:00,0.1816811046291491
2020-07-16 02:24:00,0.1802347890319993
2020-07-16 02:27:00,0.2118638500047041
2020-07-16 02:30:00,0.17520960324043244
2020-07-16 02:33:00,0.1816684385466374
2020-07-16 02:36:00,0.19695976589912334
2020-07-16 02:39:00,0.17300204298464905
2020-07-16 02:42:00,0.2352036686186807
2020-07-16 02:45:00,0.13655489809752908
2020-07-16 02:48:00,0.3368514322662577
2020-07-16 02:51:00,0.2528003605202116
2020-07-16 02:54:00,0.2718598536857826
2020-07-16 02:57:00,0.2703825079124158
2020-07-16 03:00:00,0.23746945417525467
2020-07-16 03:03:00,0.2463119480022442
2020-07-16 03:06:00,0.3357980869425319
2020-07-16 03:09:00,0.2169901977047175
2020-07-16 03:12:00,0.1830247842707422
2020-07-16 03:15:00,0.2378359626661677
2020-07-16 03:18:00,0.28718177139415957
2020-07-16 03:21:00,0.239898851799353
2020-07-16 03:24:00,0.27251170660639445
2020-07-16 03:27:00,0.2253914371525525
2020-07-16 03:30:00,0.28621152363103874
2020-07-16 03:33:00,0.23676634467148006
2020-07-16 03:36:00,0.3962817327571315
2020-07-16 03:39:00,0.3337879932107626
2020-07-16 03:42:00,0.2435123362545255
2020-07-16 03:45:00,0.2590992370007257
2020-07-16 03:48:00,0.3355212286309097
2020-07-16 03:51:00,0.19851280142910355
2020-07-16 03:54:00,0.3999784993353046
2020-07-16 03:57:00,0.2681798195438887
2020-07-16 04:00:00,0.405908382853454
2020-07-16 04:03:00,0.2000134463954737
2020-07-16 04:06:00,0.2554645346321536
2020-07-16 04:09:00,0.3880628967851294
2020-07-16 04:12:00,0.3228326545856248
2020-07-16 04:15:00,0.25055964236634054
2020-07-16 04:18:00,0.3279188306725018
2020-07-16 04:21:00,0.2131287353433322
2020-07-16 04:24:00,0.28569476500183555
2020-07-16 04:27:00,0.3859064354804218
2020-07-16 04:30:00,0.31208692648237957
2020-07-16 04:33:00,0.2906752010592868
2020-07-16 04:36:00,0.34444727006325593
2020-07-16 04:39:00,0.21832399327985286
2020-07-16 04:42:00,0.30835591488641967
2020-07-16 04:45:00,0.3524299731291194
2020-07-16 04:48:00,0.34384427447997723
2020-07-16 04:51:00,0.31751086730059797
2020-07-16 04:54:00,0.18683414968745637
2020-07-16 04:57:00,0.19579204607600786
2020-07-16 05:00:00,0.25331659109616567
2020-07-16 05:03:00,0.2776025359192431
2020-07-16 05:06:00,0.2521572533123049
2020-07-16 05:09:00,0.34283006044069
2020-07-16 05:12:00,0.29453893272392406
2020-07-16 05:15:00,0.3357716979463703
2020-07-16 05:18:00,0.2668852581981582
2020-07-16 05:21:00,0.1727179906253582
2020-07-16 05:24:00,0.2852861760356973
2020-07-16 05:27:00,0.2729739255182153
2020-07-16 05:30:00,0.3218701885294877
2020-07-16 05:33:00,0.30703045142792007
2020-07-16 05:36:00,0.2522882313629111
2020-07-16 05:39:00,0.27787907990636995
2020-07-16 05:42:00,0.352041231296198
2020-07-16 05:45:00,0.36153030021853283
2020-07-16 05:48:00,0.3235179890568247
2020-07-16 05:51:00,0.2860234646969957
2020-07-16 05:54:00,0.3357277503515661
2020-07-16 05:57:00,0.31289525058872414
2020-07-16 06:00:00,0.3340934556366051
2020-07-16 06:03:00,0.26443913278325226
2020-07-16 06:06:00,0.23253895213991882
2020-07-16 06:09:00,0.34363142174447603
2020-07-16 06:12:00,0.2705318967842345
2020-07-16 06:15:00,0.19466390364254949
2020-07-16 06:18:00,0.2912889662313205
2020-07-16 06:21:00,0.36626878409907704
2020-07-16 06:24:00,0.3005102518367835
2020-07-16 06:27:00,0.35107288875889253
2020-07-16 06:30:00,0.3607508893636009
2020-07-16 06:33:00,0.32284783399711614
2020-07-16 06:36:00,0.2601306131718957
2020-07-16 06:39:00,0.3666295898549947
2020-07-16 06:42:00,0.24033638311300365
2020-07-16 06:45:00,0.3280419752140915
2020-07-16 06:48:00,0.29889150345263715
2020-07-16 06:51:00,0.24071661709285763
2020-07-16 06:54:00,0.2905150235820315
2020-07-16 06:57:00,0.22991809486268266
2020-07-16 07:00:00,0.29042040202091357
2020-07-16 07:03:00,0.3810461980417017
2020-07-16 07:06:00,0.3101495848266609
2020-07-16 07:09:00,0.2585620014967276
2020-07-16 07:12:00,0.3384724168753337
2020-07-16 07:15:00,0.3372036921049357
2020-07-16 07:18:00,0.21649031938051166
2020-07-16 07:21:00,0.28575280038319306
2020-07-16 07:24:00,0.3164330742183097
2020-07-16 07:27:00,0.2724861602780493
2020-07-16 07:30:00,0.22537346998024077
2020-07-16 07:33:00,0.2668810777622639
2020-07-16 07:36:00,0.07311905189942536
2020-07-16 07:39:00,0.22638186636231694
2020-07-16 07:42:00,0.25185407893701495
2020-07-16 07:45:00,0.2729396135052298
2020-07-16 07:48:00,0.2167832857064127
2020-07-16 07:51:00,0.2239152900741601
2020-07-16 07:54:00,0.20362398912777735
2020-07-16 07:57:00,0.2638843030652538
2020-07-16 08:00:00,0.2718231769667341
2020-07-16 08:03:00,0.25112203820310697
2020-07-16 08:06:00,0.15065432061027195
2020-07-16 08:09:00,0.1867143810751486
2020-07-16 08:12:00,0.12862493397130947
2020-07-16 08:15:00,0.24712989472749314
2020-07-16 08:18:00,0.14210843084515545
2020-07-16 08:21:00,0.2027094490035779
2020-07-16 08:24:00,0.21612888184233725
2020-07-16 08:27:00,0.13719883413614298
2020-07-16 08:30:00,0.23510133864118643
2020-07-16 08:33:00,0.15684479541204155
2020-07-16 08:36:00,0.13469274989262203
2020-07-16 08:39:00,0.1200914676658158
2020-07-16 08:42:00,0.1665528179157718
2020-07-16 08:45:00,0.21417333176464126
2020-07-16 08:48:00,0.2089228656988098
2020-07-16 08:51:00,0.1252708526516244
2020-07-16 08:54:00,0.12278430242764671
2020-07-16 08:57:00,0.031871021934648525
2020-07-16 09:00:00,0.11661732643739242
2020-07-16 09:03:00,0.11571243487486527
2020-07-16 09:06:00,0.056718470184648595
2020-07-16 09:09:00,0.16494348864472386
2020-07-16 09:12:00,0.06079104175904604
2020-07-16 09:15:00,-0.04231351537038108
2020-07-16 09:18:00,0.05229496392070132
2020-07-16 09:21:00,0.10793374175972303
2020-07-16 09:24:00,0.02878629249670439
2020-07-16 09:27:00,0.08071324228285448
2020-07-16 09:30:00,-0.058272693580988744
2020-07-16 09:33:00,-0.035864145796665525
2020-07-16 09:36:00,-0.03168124598994382
2020-07-16 09:39:00,-0.13518322321158394
2020-07-16 09:42:00,-0.02547714702217263
2020-07-16 09:45:00,0.029321867751036734
2020-07-16 09:48:00,-0.18472327310985293
2020-07-16 09:51:00,-0.11413965186932273
2020-07-16 09:54:00,-0.12763352411633377
2020-07-16 09:57:00,-0.0861159072155715
2020-07-16 10:00:00,-0.1088708083721599
2020-07-16 10:03:00,-0.12971587644005922
2020-07-16 10:06:00,-0.2336161082507715
2020-07-16 10:09:00,-0.14985015438162463
2020-07-16 10:12:00,-0.26466051668398904
2020-07-16 10:15:00,-0.2243408632822934
2020-07-16 10:18:00,-0.12197109457764554
2020-07-16 10:21:00,-0.30371326142119415
2020-07-16 10:24:00,-0.3228448830993216
2020-07-16 10:27:00,-0.24520072765250234
2020-07-16 10:30:00,-0.2509145675521154
2020-07-16 10:33:00,-0.2669813587732506
2020-07-16 10:36:00,-0.25097603325656337
2020-07-16 10:39:00,-0.19953258274989594
2020-07-16 10:42:00,-0.22523428009588997
2020-07-16 10:45:00,-0.30226547707439977
2020-07-16 10:48:00,-0.14942810659596262
2020-07-16 10:51:00,-0.2566237876125115
2020-07-16 10:54:00,-0.23402264341012824
2020-07-16 10:57:00,-0.1826448110639376
2020-07-16 11:00:00,-0.23980170681926438
2020-07-16 11:03:00,-0.29679665863176297
2020-07-16 11:06:00,-0.30275544892657535
2020-07-16 11:09:00,-0.31895774016743417
2020-07-16 11:12:00,-0.3119966110675705
2020-07-16 11:15:00,-0.2476047630095195
2020-07-16 11:18:00,-0.3191347153733659
2020-07-16 11:21:00,-0.47205282969127893
2020-07-16 11:24:00,-0.3674648775929654
2020-07-16 11:27:00,-0.3058751493719569
2020-07-16 11:30:00,-0.3305441486062932
2020-07-16 11:33:00,-0.3465608339932942
2020-07-16 11:36:00,-0.3747219224125047
2020-07-16 11:39:00,-0.07853115036942881
2020-07-16 11:42:00,-0.34874394115212226
2020-07-16 11:45:00,-0.3155945054549534
2020-07-16 11:48:00,-0.34270253586163335
2020-07-16 11:51:00,-0.26575576557382874
2020-07-16 11:54:00,-0.20936353666377272
2020-07-16 11:57:00,-0.27091632054339243
2020-07-16 12:00:00,-0.34867917740319854
2020-07-16 12:03:00,-0.18607320791630855
2020-07-16 12:06:00,-0.14782691090874778
2020-07-16 12:09:00,-0.009952901107624257
2020-07-16 12:12:00,0.014185019883541372
2020-07-16 12:15:00,0.2831606221738525
2020-07-16 12:18:00,0.18864232307868178
2020-07-16 12:21:00,0.09424586625391385
2020-07-16 12:24:00,0.1634250193245066
2020-07-16 12:27:00,0.1923614954076811
2020-07-16 12:30:00,0.16267261564132696
2020-07-16 12:33:00,0.17424193596974646
2020-07-16 12:36:00,0.16199624860570339
2020-07-16 12:39:00,0.2126055983507058
2020-07-16 12:42:00,0.08362350856583589
2020-07-16 12:45:00,0.048397079550852595
2020-07-16 12:48:00,-0.087176639070492
2020-07-16 12:51:00,0.005844807005985331
2020-07-16 12:54:00,0.020309508084039862
2020-07-16 12:57:00,0.009332598575952034
2020-07-16 13:00:00,0.02021862316161105
2020-07-16 13:03:00,0.06374147318655332
2020-07-16 13:06:00,0.018913871031088547
2020-07-16 13:09:00,0.17167760623698314
2020-07-16 13:12:00,-0.04658807494394068
2020-07-16 13:15:00,0.0019299510596511027
2020-07-16 13:18:00,-0.08282784089925599
2020-07-16 13:21:00,-0.012731067766480919
2020-07-16 13:24:00,0.07559360353104694
2020-07-16 13:27:00,0.18244683023834796
2020-07-16 13:30:00,0.19794797588252777
2020-07-16 13:33:00,0.41099709711045307
2020-07-16 13:36:00,0.05020922458550103
2020-07-16 13:39:00,-0.0015381929542286343
2020-07-16 13:42:00,-0.040712543279653346
2020-07-16 13:45:00,0.1837343528034694
2020-07-16 13:48:00,0.07576535932003026
2020-07-16 13:51:00,0.2553785736025702
2020-07-16 13:54:00,-0.04963051997020784
2020-07-16 13:57:00,0.08743036740520438
2020-07-16 14:00:00,0.0348487883389339
2020-07-16 14:03:00,0.13140159635150894
2020-07-16 14:06:00,0.27709105806570733
2020-07-16 14:09:00,0.30241962630157104
2020-07-16 14:12:00,0.2531893721324536
2020-07-16 14:15:00,0.26108637301865656
2020-07-16 14:18:00,0.2922037345886679
2020-07-16 14:21:00,0.25410233140479477
2020-07-16 14:24:00,-0.028303505504140958
2020-07-16 14:27:00,-0.052904886132239426
2020-07-16 14:30:00,-0.10365586467275989
2020-07-16 14:33:00,0.038487095858215525
2020-07-16 14:36:00,-0.04929302035912997
2020-07-16 14:39:00,-0.16205418651168202
2020-07-16 14:42:00,-0.1064080383844157
2020-07-16 14:45:00,-0.18782659951364167
2020-07-16 14:48:00,-0.041338620554824956
2020-07-16 14:51:00,-0.09859145076370623
2020-07-16 14:54:00,0.07973816168572512
2020-07-16 14:57:00,-0.04373497417901717
2020-07-16 15:00:00,-0.06411463504758785
2020-07-16 15:03:00,-0.09012949219362554
2020-07-16 15:06:00,-0.05572361543278248
2020-07-16 15:09:00,-0.31777125926458893
2020-07-16 15:12:00,-0.33343324978744704
2020-07-16 15:15:00,-0.2041207475561464
2020-07-16 15:18:00,0.03786145282572306
2020-07-16 15:21:00,-0.08129933579334647
2020-07-16 15:24:00,0.13104810594944638
2020-07-16 15:27:00,0.22141081508408433
2020-07-16 15:30:00,0.011756906739265105
2020-07-16 15:33:00,-0.003754747929633595
2020-07-16 15:36:00,0.04941820087213955
2020-07-16 15:39:00,-0.00725080899042041
2020-07-16 15:42:00,0.03956618345119978
2020-07-16 15:45:00,-0.02760293517894752
2020-07-16 15:48:00,-0.014455979864465007
2020-07-16 15:51:00,-0.10293745450263714
2020-07-16 15:54:00,-0.1065129450160498
2020-07-16 15:57:00,-0.04743998194686583
2020-07-16 16:00:00,0.043089042019289536
2020-07-16 16:03:00,-0.09171453525021889
2020-07-16 16:06:00,-0.032539243674193585
2020-07-16 16:09:00,-0.10745459071864616
2020-07-16 16:12:00,-0.125516462056396
2020-07-16 16:15:00,-0.10972578075194406
2020-07-16 16:18:00,-0.2193991611412116
2020-07-16 16:21:00,-0.04101988333087547
2020-07-16 16:24:00,-0.1572847946995921
2020-07-16 16:27:00,-0.06294778305021964
2020-07-16 16:30:00,-0.10268318034030699
2020-07-16 16:33:00,-0.16435861946320074
2020-07-16 16:36:00,-0.21648389494367848
2020-07-16 16:39:00,-0.16149074359395854
2020-07-16 16:42:00,-0.08302724658085481
2020-07-16 16:45:00,-0.05843858411418523
2020-07-16 16:48:00,0.009233665013084646
2020-07-16 16:51:00,-0.15751381045618018
2020-07-16 16:54:00,0.03723845384672586
2020-07-16 16:57:00,0.02210464123231759
2020-07-16 17:00:00,0.08783945229947676
2020-07-16 17:03:00,-0.12579499361885382
2020-07-16 17:06:00,-0.09483100393470068
2020-07-16 17:09:00,0.07616629256449414
2020-07-16 17:12:00,-0.05018252624955721
2020-07-16 17:15:00,-0.19727641191161638
2020-07-16 17:18:00,-0.07926598588630895
2020-07-16 17:21:00,0.0639223533055997
2020-07-16 17:24:00,0.0014531765898482263
2020-07-16 17:27:00,0.07484905375730477
2020-07-16 17:30:00,0.08133989228701921
2020-07-16 17:33:00,0.051938627231436385
2020-07-16 17:36:00,0.09564091930002405
2020-07-16 17:39:00,0.14835087402218505
2020-07-16 17:42:00,0.282360396651427
2020-07-16 17:45:00,0.30281908798042423
2020-07-16 17:48:00,0.07147782313131756
2020-07-16 17:51:00,0.0986633554852574
2020-07-16 17:54:00,0.08239527727153018
2020-07-16 17:57:00,0.13673774363445546
2020-07-16 18:00:00,0.16768051501435366
2020-07-16 18:03:00,0.1497601611367827
2020-07-16 18:06:00,0.06474744422797585
2020-07-16 18:09:00,0.1895096941835277
2020-07-16 18:12:00,0.10751599450304639
2020-07-16 18:15:00,0.1854928871959487
2020-07-16 18:18:00,0.20057952751062658
2020-07-16 18:21:00,0.125556476716838
2020-07-16 18:24:00,0.0854953797829694
2020-07-16 18:27:00,0.24981977762905672
2020-07-16 18:30:00,0.19201287335022243
2020-07-16 18:33:00,0.2238000332818615
2020-07-16 18:36:00,0.10844001906946232
2020-07-16 18:39:00,0.16366692722488096
2020-07-16 18:42:00,0.18903431679535743
2020-07-16 18:45:00,0.1907648886403308
2020-07-16 18:48:00,0.09840255561329059
2020-07-16 18:51:00,0.1164096262174894
2020-07-16 18:54:00,
2020-07-16 18:57:00,
2020-07-16 19:00:00,
2020-07-16 19:03:00,0.19735969877166326
2020-07-16 19:06:00,0.1435663955009545
2020-07-16 19:09:00,0.04759588285412519
2020-07-16 19:12:00,0.05850214580556212
2020-07-16 19:15:00,-0.05203798959900041
2020-07-16 19:18:00,0.07531166683338597
2020-07-16 19:21:00,0.062422112432273025
2020-07-16 19:24:00,-0.06643715461081001
2020-07-16 19:27:00,0.11002992290485736
2020-07-16 19:30:00,0.11307345908602429
2020-07-16 19:33:00,0.06893714886109592
2020-07-16 19:36:00,-0.033120913208279035
2020-07-16 19:39:00,0.004346994761306178
2020-07-16 19:42:00,0.027723513920079768
2020-07-16 19:45:00,0.016921369527949537
2020-07-16 19:48:00,0.06427809824424457
2020-07-16 19:51:00,-0.07986447898991855
2020-07-16 19:54:00,0.0496111961199972
2020-07-16 19:57:00,0.07012147453252737
2020-07-16 20:00:00,0.08591961205212328
2020-07-16 20:03:00,0.019604672129219125
2020-07-16 20:06:00,0.026669727769672136
2020-07-16 20:09:00,-0.021026022942919553
2020-07-16 20:12:00,0.10285582273689897
2020-07-16 20:15:00,0.03538187201183973
2020-07-16 20:18:00,0.14397270249645544
2020-07-16 20:21:00,0.0686732557637697
2020-07-16 20:24:00,0.13572066695519425
2020-07-16 20:27:00,0.04867589756582902
2020-07-16 20:30:00,-0.012160208452030474
2020-07-16 20:33:00,-0.044953128112922514
2020-07-16 20:36:00,0.01636114070055328
2020-07-16 20:39:00,0.03981169898668213
2020-07-16 20:42:00,0.03422234985356454
2020-07-16 20:45:00,0.04664618283118216
2020-07-16 20:48:00,0.06108708887029479
2020-07-16 20:51:00,0.0070190036190069804
2020-07-16 20:54:00,0.051369804787157136
2020-07-16 20:57:00,-0.029237998377368513
2020-07-16 21:00:00,0.14125890040492095
2020-07-16 21:03:00,0.044061201045963116
2020-07-16 21:06:00,-0.05471881200384132
2020-07-16 21:09:00,0.04086289177172375
2020-07-16 21:12:00,0.10212446002856268
2020-07-16 21:15:00,0.04743237393262234
2020-07-16 21:18:00,0.16824971115443077
2020-07-16 21:21:00,0.21242833081106482
2020-07-16 21:24:00,0.0835897798114047
2020-07-16 21:27:00,0.12217688312034625
2020-07-16 21:30:00,0.0912568810476273
2020-07-16 21:33:00,0.09939299326487117
2020-07-16 21:36:00,0.15030481005396723
2020-07-16 21:39:00,0.16583585768739795
2020-07-16 21:42:00,0.03786539785454579
2020-07-16 21:45:00,0.09552713837706506
2020-07-16 21:48:00,0.11020677319447714
2020-07-16 21:51:00,0.019844051490338188
2020-07-16 21:54:00,0.1699681154478867
2020-07-16 21:57:00,0.050959734576622395
2020-07-16 22:00:00,0.10013287636161294
2020-07-16 22:03:00,0.0199509939347422
2020-07-16 22:06:00,-0.005320536016427013
2020-07-16 22:09:00,0.024993634031773126
2020-07-16 22:12:00,0.025435300720687337
2020-07-16 22:15:00,0.08722346036677209
2020-07-16 22:18:00,0.022446293125312877
2020-07-16 22:21:00,0.024355731223977273
2020-07-16 22:24:00,0.1216291089990591
2020-07-16 22:27:00,0.1319513825257559
2020-07-16 22:30:00,0.1596204094033169
2020-07-16 22:33:00,0.12285574571586722
2020-07-16 22:36:00,0.030103586220377565
2020-07-16 22:39:00,0.18477712698830828
2020-07-16 22:42:00,0.18287017923705662
2020-07-16 22:45:00,0.023551632496264574
2020-07-16 22:48:00,0.016201420671052347
2020-07-16 22:51:00,0.12390599127974156
2020-07-16 22:54:00,0.11298831264747378
2020-07-16 22:57:00,0.052387564666503295
2020-07-16 23:00:00,0.02921008017551685
2020-07-16 23:03:00,0.17878077600721554
2020-07-16 23:06:00,0.1395228824521837
2020-07-16 23:09:00,0.01565461736169027
2020-07-16 23:12:00,0.006192934106877601
2020-07-16 23:15:00,0.04521349199967517
2020-07-16 23:18:00,0.1134719345957933
2020-07-16 23:21:00,0.1049342198020895
2020-07-16 23:24:00,0.033221960221737845
2020-07-16 23:27:00,0.20692462817902424
2020-07-16 23:30:00,0.12725182077315367
2020-07-16 23:33:00,0.17171208891386414
2020-07-16 23:36:00,0.13095925195830205
2020-07-16 23:39:00,0.1488718746384734
2020-07-16 23:42:00,0.12877924982893774
2020-07-16 23:45:00,0.10038616452771976
2020-07-16 23:48:00,0.1756453541178189
2020-07-16 23:51:00,0.19973672563509126
2020-07-16 23:54:00,0.153563289723877
2020-07-16 23:57:00,0.14724753334684237
2020-07-17 00:00:00,0.1582313101724253
2020-07-17 00:03:00,0.09051516226105605
2020-07-17 00:06:00,0.12943802670400828
2020-07-17 00:09:00,0.2233445607722615
2020-07-17 00:12:00,0.14970585580817897
2020-07-17 00:15:00,0.17314518055781036
2020-07-17 00:18:00,0.11861236996833213
2020-07-17 00:21:00,0.17693910431404447
2020-07-17 00:24:00,0.1762553016928905
2020-07-17 00:27:00,0.1110281502914745
2020-07-17 00:30:00,0.2230036950588783
2020-07-17 00:33:00,0.11875575006285999
2020-07-17 00:36:00,0.15138536517457624
2020-07-17 00:39:00,0.10592915803613323
2020-07-17 00:42:00,0.21774609454263327
2020-07-17 00:45:00,0.128088156910394
2020-07-17 00:48:00,0.17308801815545394
2020-07-17 00:51:00,0.07172384341669158
2020-07-17 00:54:00,0.19228837718515024
2020-07-17 00:57:00,0.2735039565612851
2020-07-17 01:00:00,0.19129477048625176
2020-07-17 01:03:00,0.2118927356005429
2020-07-17 01:06:00,0.25142513576992087
2020-07-17 01:09:00,0.2535452495822028
2020-07-17 01:12:00,0.22356286241449652
2020-07-17 01:15:00,0.17532144077665635
2020-07-17 01:18:00,0.2210342464273367
2020-07-17 01:21:00,0.19068660490688671
2020-07-17 01:24:00,0.08823868669338708
2020-07-17 01:27:00,0.16234311089175435
2020-07-17 01:30:00,0.22305135745841653
2020-07-17 01:33:00,0.156397977096276
2020-07-17 01:36:00,0.16875710565892632
2020-07-17 01:39:00,0.17575878111307475
2020-07-17 01:42:00,0.22028074337481485
2020-07-17 01:45:00,0.11560035109886257
2020-07-17 01:48:00,0.2169443024019415
2020-07-17 01:51:00,0.207585942564549
2020-07-17 01:54:00,0.23542762323631905
2020-07-17 01:57:00,0.22408312088646198
2020-07-17 02:00:00,0.19717298869841215
2020-07-17 02:03:00,0.2649952121049637
2020-07-17 02:06:00,0.1504881109013354
2020-07-17 02:09:00,0.34491657725465075
2020-07-17 02:12:00,0.2870274892266593
2020-07-17 02:15:00,0.3220879862756192
2020-07-17 02:18:00,0.2348495713781631
2020-07-17 02:21:00,0.20451109545587087
2020-07-17 02:24:00,0.1915145544937218
2020-07-17 02:27:00,0.3554065117388632
2020-07-17 02:30:00,0.3421482638225939
2020-07-17 02:33:00,0.2652672881738454
2020-07-17 02:36:00,0.2258458707653972
2020-07-17 02:39:00,0.2720967140186872
2020-07-17 02:42:00,0.263240699190078
2020-07-17 02:45:00,0.2793282936579544
2020-07-17 02:48:00,0.18861238126191893
2020-07-17 02:51:00,0.21548663231448018
2020-07-17 02:54:00,0.4083089613151287
2020-07-17 02:57:00,0.3464699166423202
2020-07-17 03:00:00,0.23269731220347012
2020-07-17 03:03:00,0.22507114527655858
2020-07-17 03:06:00,0.4450397130075885
2020-07-17 03:09:00,0.429528038626529
2020-07-17 03:12:00,0.3596370813289127
2020-07-17 03:15:00,0.30334024982869323
2020-07-17 03:18:00,0.2645932939211093
2020-07-17 03:21:00,0.20917352822135626
2020-07-17 03:24:00,0.3748068919583716
2020-07-17 03:27:00,0.3788386825343082
2020-07-17 03:30:00,0.345668533304206
2020-07-17 03:33:00,0.29945299178160667
2020-07-17 03:36:00,0.2664615778456323
2020-07-17 03:39:00,0.23433315662356335
2020-07-17 03:42:00,0.3326377304471748
2020-07-17 03:45:00,0.37877490076743925
2020-07-17 03:48:00,0.3453741175962932
2020-07-17 03:51:00,0.46484485170969947
2020-07-17 03:54:00,0.359848952927166
2020-07-17 03:57:00,0.3536232323220361
2020-07-17 04:00:00,0.42555153690369707
2020-07-17 04:03:00,0.33881871256647855
2020-07-17 04:06:00,0.41860327488109306
2020-07-17 04:09:00,0.4293814825721256
2020-07-17 04:12:00,0.43326615557583636
2020-07-17 04:15:00,0.4207813311636528
2020-07-17 04:18:00,0.3381661133879561
2020-07-17 04:21:00,0.4070733258598125
2020-07-17 04:24:00,0.4343149261199528
2020-07-17 04:27:00,0.3848934585714687
2020-07-17 04:30:00,0.427161393567701
2020-07-17 04:33:00,0.4172258919639944
2020-07-17 04:36:00,0.38660066332795395
2020-07-17 04:39:00,0.47275863909618465
2020-07-17 04:42:00,0.36846863025493803
2020-07-17 04:45:00,0.4062247459412447
2020-07-17 04:48:00,0.43784362113916586
2020-07-17 04:51:00,0.5161670125365276
2020-07-17 04:54:00,0.4485814907739609
2020-07-17 04:57:00,0.4772488227388294
2020-07-17 05:00:00,0.4127869809028084
2020-07-17 05:03:00,0.4168597091736501
2020-07-17 05:06:00,0.5031826663999368
2020-07-17 05:09:00,0.4852209971692787
2020-07-17 05:12:00,0.4198588779954662
2020-07-17 05:15:00,0.40652503203688184
2020-07-17 05:18:00,0.3014007228698574
2020-07-17 05:21:00,0.38315373067820246
2020-07-17 05:24:00,0.4781013080618095
2020-07-17 05:27:00,0.4205147157553597
2020-07-17 05:30:00,0.40931772705863523
2020-07-17 05:33:00,0.5019694998466662
2020-07-17 05:36:00,0.4019737146439297
2020-07-17 05:39:00,0.4704312383254887
2020-07-17 05:42:00,0.4586348445528188
2020-07-17 05:45:00,0.4619190626099794
2020-07-17 05:48:00,0.44313304967693057
2020-07-17 05:51:00,0.4248763901730399
2020-07-17 05:54:00,0.46240328444878287
2020-07-17 05:57:00,0.3271277962226691
2020-07-17 06:00:00,0.48257053028982
2020-07-17 06:03:00,0.45129339547264635
2020-07-17 06:06:00,0.43817908963433183
2020-07-17 06:09:00,0.40725541594281367
2020-07-17 06:12:00,0.37940462091478366
2020-07-17 06:15:00,0.4299563242310569
2020-07-17 06:18:00,0.4418087301498872
2020-07-17 06:21:00,0.3535573453138454
2020-07-17 06:24:00,0.4774069227402151
2020-07-17 06:27:00,0.5352249690167241
2020-07-17 06:30:00,0.37419255216360625
2020-07-17 06:33:00,0.44177601055054083
2020-07-17 06:36:00,0.46301230160162277
2020-07-17 06:39:00,0.4757866158656725
2020-07-17 06:42:00,0.3572079497559457
2020-07-17 06:45:00,0.33161108014326146
2020-07-17 06:48:00,0.3803726488894199
2020-07-17 06:51:00,0.3559276689716171
2020-07-17 06:54:00,0.42342435084100316
2020-07-17 06:57:00,0.46670470595023517
2020-07-17 07:00:00,0.39881374213774734
2020-07-17 07:03:00,0.387373809454175
2020-07-17 07:06:00,0.4450513935671552
2020-07-17 07:09:00,0.407072828518551
2020-07-17 07:12:00,0.3278036449863748
2020-07-17 07:15:00,0.38423221359653326
2020-07-17 07:18:00,0.27138644371888176
2020-07-17 07:21:00,0.35062207352359565
2020-07-17 07:24:00,0.3790228457831404
2020-07-17 07:27:00,0.3476940587927402
2020-07-17 07:30:00,0.42822957140344897
2020-07-17 07:33:00,0.32277795971828027
2020-07-17 07:36:00,0.4598824731411355
2020-07-17 07:39:00,0.34984095163036955
2020-07-17 07:42:00,0.27887273119711153
2020-07-17 07:45:00,0.3002713443469247
2020-07-17 07:48:00,0.331263642823842
2020-07-17 07:51:00,0.3303065544723154
2020-07-17 07:54:00,0.254552572622174
2020-07-17 07:57:00,0.28308082883131647
2020-07-17 08:00:00,0.18272074464704247
2020-07-17 08:03:00,0.2635873379331315
2020-07-17 08:06:00,0.28903576873693737
2020-07-17 08:09:00,0.23713409160950505
2020-07-17 08:12:00,0.24908391524274975
2020-07-17 08:15:00,0.25459293732973265
2020-07-17 08:18:00,0.2288729700883323
2020-07-17 08:21:00,0.24094286541230758
2020-07-17 08:24:00,0.19269340986812722
2020-07-17 08:27:00,0.1782286392702872
2020-07-17 08:30:00,0.17993062634820944
2020-07-17 08:33:00,0.14992554686745052
2020-07-17 08:36:00,0.2295801578727037
2020-07-17 08:39:00,0.09210920557796953
2020-07-17 08:42:00,0.18168123305849804
2020-07-17 08:45:00,0.22682361416781305
2020-07-17 08:48:00,0.13046301417460882
2020-07-17 08:51:00,0.14522605705872138
2020-07-17 08:54:00,0.0987421598837841
2020-07-17 08:57:00,0.05156490116610257
2020-07-17 09:00:00,0.010380633474937895
2020-07-17 09:03:00,0.029690243936556726
2020-07-17 09:06:00,-0.017878342637345668
2020-07-17 09:09:00,0.009700689786370731
2020-07-17 09:12:00,0.03625820357814291
2020-07-17 09:15:00,-0.05642999081499056
2020-07-17 09:18:00,-0.04969138946404428
2020-07-17 09:21:00,0.004979046276503141
2020-07-17 09:24:00,-0.04748216664449956
2020-07-17 09:27:00,-0.028657679713205653
2020-07-17 09:30:00,-0.11060855271603032
2020-07-17 09:33:00,-0.14845230625900285
2020-07-17 09:36:00,-0.17914753108880177
2020-07-17 09:39:00,-0.1269390352007349
2020-07-17 09:42:00,-0.16730105755095792
2020-07-17 09:45:00,-0.13075900863242396
2020-07-17 09:48:00,-0.03419249903441823
2020-07-17 09:51:00,-0.05696514774467687
2020-07-17 09:54:00,-0.17291786961004618
2020-07-17 09:57:00,-0.18919971495370191
2020-07-17 10:00:00,-0.16897302339151565
2020-07-17 10:03:00,-0.1690040129618069
2020-07-17 10:06:00,-0.25925737570094043
2020-07-17 10:09:00,-0.12815615024203453
2020-07-17 10:12:00,-0.2120778044300664
2020-07-17 10:15:00,-0.3313231227898541
2020-07-17 10:18:00,-0.19992360372049234
2020-07-17 10:21:00,-0.24484298893219147
2020-07-17 10:24:00,-0.27064234107496077
2020-07-17 10:27:00,-0.24476390089392908
2020-07-17 10:30:00,-0.23309652407260728
2020-07-17 10:33:00,-0.22895313547633123
2020-07-17 10:36:00,-0.24147365090237827
2020-07-17 10:39:00,-0.2931586462535165
2020-07-17 10:42:00,-0.2698790040461745
2020-07-17 10:45:00,-0.2766548066749692
2020-07-17 10:48:00,-0.21209006751530524
2020-07-17 10:51:00,-0.26394509844931235
2020-07-17 10:54:00,-0.36652244331264683
2020-07-17 10:57:00,-0.3169803886198679
2020-07-17 11:00:00,-0.3182519770968497
2020-07-17 11:03:00,-0.38922681367091627
2020-07-17 11:06:00,-0.27105709113641296
2020-07-17 11:09:00,-0.3151433624623792
2020-07-17 11:12:00,-0.3063352530688235
2020-07-17 11:15:00,-0.2906341114355655
2020-07-17 11:18:00,-0.3146116186941299
2020-07-17 11:21:00,-0.3030190094447107
2020-07-17 11:24:00,-0.4304416557785089
2020-07-17 11:27:00,-0.39653760174280706
2020-07-17 11:30:00,-0.3553558932500209
2020-07-17 11:33:00,-0.31454358051678355
2020-07-17 11:36:00,-0.35040551936384645
2020-07-17 11:39:00,-0.42527700778992994
2020-07-17 11:42:00,-0.19388667157448936
2020-07-17 11:45:00,-0.1120596320077425
2020-07-17 11:48:00,-0.23517764722163292
2020-07-17 11:51:00,-0.17968044214700285
2020-07-17 11:54:00,-0.14662150914750782
2020-07-17 11:57:00,-0.24504465253977514
2020-07-17 12:00:00,-0.25642618797274963
2020-07-17 12:03:00,-0.13351924056320286
2020-07-17 12:06:00,-0.1611124075226371
2020-07-17 12:09:00,-0.15720353819943966
2020-07-17 12:12:00,-0.4280857725166243
2020-07-17 12:15:00,-0.08368881370341796
2020-07-17 12:18:00,-0.28210546113211876
2020-07-17 12:21:00,-0.24170462690835848
2020-07-17 12:24:00,-0.2734264614294375
2020-07-17 12:27:00,-0.466672909512738
2020-07-17 12:30:00,-0.4812650686875486
2020-07-17 12:33:00,-0.5480836243992826
2020-07-17 12:36:00,-0.4859301901792037
2020-07-17 12:39:00,-0.561426752209627
2020-07-17 12:42:00,-0.5018108349033241
2020-07-17 12:45:00,-0.587234095466556
2020-07-17 12:48:00,-0.5814459718135936
2020-07-17 12:51:00,-0.48188834493390686
2020-07-17 12:54:00,-0.6838698609371363
2020-07-17 12:57:00,-0.6115878925062361
2020-07-17 13:00:00,-0.4434257513256057
2020-07-17 13:03:00,-0.6678647111652936
2020-07-17 13:06:00,-0.5435842105990218
2020-07-17 13:09:00,-0.5810729936136454
2020-07-17 13:12:00,-0.5153019217728456
2020-07-17 13:15:00,-0.6206394105357731
2020-07-17 13:18:00,-0.5761276004887463
2020-07-17 13:21:00,-0.6352027095505832
2020-07-17 13:24:00,-0.5747682695318872
2020-07-17 13:27:00,-0.6459091649657012
2020-07-17 13:30:00,-0.42298349521047385
2020-07-17 13:33:00,-0.5015771048138049
2020-07-17 13:36:00,-0.5509112347385212
2020-07-17 13:39:00,-0.5254162094007029
2020-07-17 13:42:00,-0.5301925890090047
2020-07-17 13:45:00,-0.3520055036701706
2020-07-17 13:48:00,-0.5208939159754209
2020-07-17 13:51:00,-0.5611479322650439
2020-07-17 13:54:00,-0.4740584734338995
2020-07-17 13:57:00,-0.5254826765237226
2020-07-17 14:00:00,-0.3468439592514869
2020-07-17 14:03:00,-0.26906539455984557
2020-07-17 14:06:00,-0.0705409560561634
2020-07-17 14:09:00,-0.14172127932209833
2020-07-17 14:12:00,-0.07228554732097336
2020-07-17 14:15:00,-0.019730036094017578
2020-07-17 14:18:00,-0.05114486323242318
2020-07-17 14:21:00,-0.1248120250107263
2020-07-17 14:24:00,-0.07295914310532225
2020-07-17 14:27:00,0.009543131078999068
2020-07-17 14:30:00,-0.056548710380354805
2020-07-17 14:33:00,-0.08209961447914793
2020-07-17 14:36:00,-0.24480209925167173
2020-07-17 14:39:00,-0.43067370178107467
2020-07-17 14:42:00,-0.5527849598420858
2020-07-17 14:45:00,-0.48389242161107404
2020-07-17 14:48:00,-0.5657091453891212
2020-07-17 14:51:00,-0.5262609313683129
2020-07-17 14:54:00,-0.5584574593245293
2020-07-17 14:57:00,-0.5705009041082576
2020-07-17 15:00:00,-0.41592319970231983
2020-07-17 15:03:00,-0.5172185831213483
2020-07-17 15:06:00,-0.6470658400891125
2020-07-17 15:09:00,-0.6755800343288456
2020-07-17 15:12:00,-0.6082838254674243
2020-07-17 15:15:00,-0.580257793156818
2020-07-17 15:18:00,-0.6178986155394455
2020-07-17 15:21:00,-0.609658240400961
2020-07-17 15:24:00,-0.5257694094585759
2020-07-17 15:27:00,-0.49446993341604184
2020-07-17 15:30:00,-0.4684951030733373
2020-07-17 15:33:00,-0.3964518249433695
2020-07-17 15:36:00,-0.5864488112866297
2020-07-17 15:39:00,-0.5404663919263157
2020-07-17 15:42:00,-0.4423324238354098
2020-07-17 15:45:00,-0.5114618286578434
2020-07-17 15:48:00,-0.4863730685785299
2020-07-17 15:51:00,-0.5918697716013526
2020-07-17 15:54:00,-0.66352898184482
2020-07-17 15:57:00,-0.5778514107856267
2020-07-17 16:00:00,-0.5067321048253461
2020-07-17 16:03:00,-0.622624027754739
2020-07-17 16:06:00,-0.45951957274468214
2020-07-17 16:09:00,-0.5445036296889612
2020-07-17 16:12:00,-0.5658464210263219
2020-07-17 16:15:00,-0.4570025829631277
2020-07-17 16:18:00,-0.5088660186036122
2020-07-17 16:21:00,-0.5407453367772632
2020-07-17 16:24:00,-0.49353891228400926
2020-07-17 16:27:00,-0.5639117348222271
2020-07-17 16:30:00,-0.4922239344816717
2020-07-17 16:33:00,-0.3946379029043783
2020-07-17 16:36:00,-0.49804119517665413
2020-07-17 16:39:00,-0.45597193173915684
2020-07-17 16:42:00,-0.34593328668410095
2020-07-17 16:45:00,-0.47737729315474553
2020-07-17 16:48:00,-0.44426065372232415
2020-07-17 16:51:00,-0.44928576592491254
2020-07-17 16:54:00,-0.6011220070126342
2020-07-17 16:57:00,-0.4624801333923756
2020-07-17 17:00:00,-0.3730966536623441
2020-07-17 17:03:00,-0.46393599537447017
2020-07-17 17:06:00,-0.46363868274568176
2020-07-17 17:09:00,-0.4975577846760757
2020-07-17 17:12:00,-0.34402105391774285
2020-07-17 17:15:00,-0.5174789328164593
2020-07-17 17:18:00,-0.482054040466835
2020-07-17 17:21:00,-0.46854749164515397
2020-07-17 17:24:00,-0.4806673385710951
2020-07-17 17:27:00,-0.4574933777027468
2020-07-17 17:30:00,-0.436460569222902
2020-07-17 17:33:00,-0.46071967073919495
2020-07-17 17:36:00,-0.5106881204325191
2020-07-17 17:39:00,-0.5285439955355287
2020-07-17 17:42:00,-0.5212325315087583
2020-07-17 17:45:00,-0.40777260196728093
2020-07-17 17:48:00,-0.5187505368800771
2020-07-17 17:51:00,-0.4659731260469471
2020-07-17 17:54:00,-0.5196409511793263
2020-07-17 17:57:00,-0.5354505623461137
2020-07-17 18:00:00,-0.46264452372304277
2020-07-17 18:03:00,-0.4209679233878205
2020-07-17 18:06:00,-0.47616049659831106
2020-07-17 18:09:00,-0.3721409103127371
2020-07-17 18:12:00,-0.41355000696603383
2020-07-17 18:15:00,-0.5011518797603003
2020-07-17 18:18:00,-0.3825621523903351
2020-07-17 18:21:00,-0.42116264101287015
2020-07-17 18:24:00,-0.4337822677048848
2020-07-17 18:27:00,-0.36959733468495415
2020-07-17 18:30:00,-0.5071289422611471
2020-07-17 18:33:00,-0.3702174336302164
2020-07-17 18:36:00,-0.46606486523273816
2020-07-17 18:39:00,-0.4129465466979809
2020-07-17 18:42:00,-0.43872012240859704
2020-07-17 18:45:00,-0.45669976137764934
2020-07-17 18:48:00,-0.3077489578404311
2020-07-17 18:51:00,-0.3821844721139769
2020-07-17 18:54:00,
2020-07-17 18:57:00,
2020-07-17 19:00:00,
2020-07-17 19:03:00,-0.28283878357973435
2020-07-17 19:06:00,-0.28523659460830686
2020-07-17 19:09:00,-0.2598425737533603
2020-07-17 19:12:00,-0.3240366534756731
2020-07-17 19:15:00,-0.30404735884638967
2020-07-17 19:18:00,-0.31548279169635407
2020-07-17 19:21:00,-0.2997127585861108
2020-07-17 19:24:00,-0.2666192151253881
2020-07-17 19:27:00,-0.21265886423560687
2020-07-17 19:30:00,-0.16496560413844463
2020-07-17 19:33:00,-0.20989105496823868
2020-07-17 19:36:00,-0.12653661601882504
2020-07-17 19:39:00,-0.008954279812087407
2020-07-17 19:42:00,-0.11350620821332313
2020-07-17 19:45:00,-0.2272816857438329
2020-07-17 19:48:00,-0.16248824075438506
2020-07-17 19:51:00,-0.22970152016307566
2020-07-17 19:54:00,-0.10782633349322168
2020-07-17 19:57:00,-0.1145608942441072
2020-07-17 20:00:00,-0.1835965228270311
2020-07-17 20:03:00,-0.1832487278632584
2020-07-17 20:06:00,-0.17491807924329805
2020-07-17 20:09:00,-0.1208262369636941
2020-07-17 20:12:00,-0.18582993414230486
2020-07-17 20:15:00,-0.11883880625407528
2020-07-17 20:18:00,-0.16545497243947693
2020-07-17 20:21:00,-0.1559140551001974
2020-07-17 20:24:00,-0.25366937489798147
2020-07-17 20:27:00,-0.13399049311067301
2020-07-17 20:30:00,-0.15293492236304473
2020-07-17 20:33:00,-0.05781645030498339
2020-07-17 20:36:00,-0.06361064778718628
2020-07-17 20:39:00,-0.11627761173735962
2020-07-17 20:42:00,-0.043290675336209006
2020-07-17 20:45:00,-0.030471849632817793
2020-07-17 20:48:00,-0.03060737270396885
2020-07-17 20:51:00,-0.023359140033790027
2020-07-17 20:54:00,-0.10304566064212395
2020-07-17 20:57:00,-0.12136266760631997
2020-07-17 21:00:00,-0.0019018709307374593
2020-07-17 21:03:00,-0.17996731608803884
2020-07-17 21:06:00,-0.05684712082268106
2020-07-17 21:09:00,-0.2389267546731162
2020-07-17 21:12:00,-0.14534114471956627
2020-07-17 21:15:00,-0.13541794656953243
2020-07-17 21:18:00,-0.05269913414650773
2020-07-17 21:21:00,-0.06414051823207956
2020-07-17 21:24:00,-0.08706779520917962
2020-07-17 21:27:00,-0.003075081464487539
2020-07-17 21:30:00,-0.08682716001584367
2020-07-17 21:33:00,-0.09753770044511612
2020-07-17 21:36:00,0.023164135937690844
2020-07-17 21:39:00,-0.10676674692342658
2020-07-17 21:42:00,-0.004204756015383282
2020-07-17 21:45:00,-0.07062321203977717
2020-07-17 21:48:00,-0.04414962060059224
2020-07-17 21:51:00,-0.06220697913636286
2020-07-17 21:54:00,0.005406948850634308
2020-07-17 21:57:00,-0.0885449100900928
2020-07-17 22:00:00,-0.07291817192799499
2020-07-17 22:03:00,0.02925312885696485
2020-07-17 22:06:00,0.013600380969251091
2020-07-17 22:09:00,0.09455061450597668
2020-07-17 22:12:00,-0.02195347463748476
2020-07-17 22:15:00,-0.013432373906709927
2020-07-17 22:18:00,0.05291590036154048
2020-07-17 22:21:00,0.03262404688564402
2020-07-17 22:24:00,-0.0287222937991487
2020-07-17 22:27:00,-0.05750057458476476
2020-07-17 22:30:00,0.1224181667648736
2020-07-17 22:33:00,-0.09328873932929582
2020-07-17 22:36:00,-0.06463977319970127
2020-07-17 22:39:00,-0.0640843493595753
2020-07-17 22:42:00,-0.06044451178235022
2020-07-17 22:45:00,0.026075556582441095
2020-07-17 22:48:00,-0.11086646646043619
2020-07-17 22:51:00,0.00827891102267131
2020-07-17 22:54:00,0.03844425632286175
2020-07-17 22:57:00,-0.01446433782166423
2020-07-17 23:00:00,-0.08729973865763441
2020-07-17 23:03:00,0.004506662036362741
2020-07-17 23:06:00,0.006977545030451893
2020-07-17 23:09:00,-0.049684399387103895
2020-07-17 23:12:00,0.022469865002051392
2020-07-17 23:15:00,-0.042290415804814074
2020-07-17 23:18:00,-0.0017736176760649869
2020-07-17 23:21:00,-0.0341275887789152
2020-07-17 23:24:00,-0.0550630319325478
2020-07-17 23:27:00,-0.028090552478090558
2020-07-17 23:30:00,0.07734686557438408
2020-07-17 23:33:00,-0.032777549636989534
2020-07-17 23:36:00,0.04764630142369697
2020-07-17 23:39:00,0.04099568551743005
2020-07-17 23:42:00,0.005537600381614993
2020-07-17 23:45:00,-0.010246878244231539
2020-07-17 23:48:00,-0.01247725606037875
2020-07-17 23:51:00,-0.053031107438528124
2020-07-17 23:54:00,-0.09934337779361613
2020-07-17 23:57:00,-0.015364383968460515
2020-07-18 00:00:00,-0.001539711432826607
2020-07-18 00:03:00,0.02004641421603992
2020-07-18 00:06:00,0.04733257391774259
2020-07-18 00:09:00,0.008603429939228135
2020-07-18 00:12:00,0.05339548040581121
2020-07-18 00:15:00,0.0024394930119910896
2020-07-18 00:18:00,0.049069263885087366
2020-07-18 00:21:00,0.059326256266615474
2020-07-18 00:24:00,-0.024571405069366392
2020-07-18 00:27:00,-0.05370284851494489
2020-07-18 00:30:00,0.0778244661873373
2020-07-18 00:33:00,0.04446694502263426
2020-07-18 00:36:00,0.062248080231199765
2020-07-18 00:39:00,0.06242885033714174
2020-07-18 00:42:00,-0.05085664850133753
2020-07-18 00:45:00,-0.01529510516178334
2020-07-18 00:48:00,0.07254836502244189
2020-07-18 00:51:00,0.03711758181304958
2020-07-18 00:54:00,0.1572719950446526
2020-07-18 00:57:00,0.05181375779773134
2020-07-18 01:00:00,0.027914936252557254
2020-07-18 01:03:00,0.07500848316431075
2020-07-18 01:06:00,0.1466984334138033
2020-07-18 01:09:00,0.1007958826555182
2020-07-18 01:12:00,0.05943551723134988
2020-07-18 01:15:00,0.01750621057101398
2020-07-18 01:18:00,0.09640774805262708
2020-07-18 01:21:00,0.1622185687841693
2020-07-18 01:24:00,0.02137748371194448
2020-07-18 01:27:00,0.08950694495950984
2020-07-18 01:30:00,0.09104273385395345
2020-07-18 01:33:00,0.08505976861539466
2020-07-18 01:36:00,0.1293259680560368
2020-07-18 01:39:00,0.12738963468274278
2020-07-18 01:42:00,0.15892455210524759
2020-07-18 01:45:00,0.07956147429689508
2020-07-18 01:48:00,0.17484838993459562
2020-07-18 01:51:00,0.13318169527235568
2020-07-18 01:54:00,0.15612004298390048
2020-07-18 01:57:00,0.2129289374991572
2020-07-18 02:00:00,0.15124129717895585
2020-07-18 02:03:00,0.2871117618032031
2020-07-18 02:06:00,0.16836089893035933
2020-07-18 02:09:00,0.10160778573469997
2020-07-18 02:12:00,0.21672954609357475
2020-07-18 02:15:00,0.240167654667232
2020-07-18 02:18:00,0.2201383198476492
2020-07-18 02:21:00,0.14149247153341094
2020-07-18 02:24:00,0.2685240022106541
2020-07-18 02:27:00,0.1512314107861812
2020-07-18 02:30:00,0.2306043067322321
2020-07-18 02:33:00,0.30124240249983814
2020-07-18 02:36:00,0.20058989597140453
2020-07-18 02:39:00,0.26838665259026584
2020-07-18 02:42:00,0.26373498775296866
2020-07-18 02:45:00,0.35778272780061116
2020-07-18 02:48:00,0.23989596056617302
2020-07-18 02:51:00,0.24059488381129768
2020-07-18 02:54:00,0.30316718038722
2020-07-18 02:57:00,0.2828466071212574
2020-07-18 03:00:00,0.2666370919154133
2020-07-18 03:03:00,0.28562018945433465
2020-07-18 03:06:00,0.30433514013179774
2020-07-18 03:09:00,0.1980417841411395
2020-07-18 03:12:00,0.151667341412292
2020-07-18 03:15:00,0.29915981060798913
2020-07-18 03:18:00,0.17901038906688882
2020-07-18 03:21:00,0.18718397573815082
2020-07-18 03:24:00,0.31521943130218233
2020-07-18 03:27:00,0.2896247976756854
2020-07-18 03:30:00,0.2689437145217539
2020-07-18 03:33:00,0.2877154647458724
2020-07-18 03:36:00,0.2860087018711397
2020-07-18 03:39:00,0.2677490345506044
2020-07-18 03:42:00,0.26782031387523375
2020-07-18 03:45:00,0.23916435430646743
2020-07-18 03:48:00,0.3110385267817719
2020-07-18 03:51:00,0.30534859355810795
2020-07-18 03:54:00,0.2849224724126884
2020-07-18 03:57:00,0.28198492365243055
2020-07-18 04:00:00,0.2884414644573212
2020-07-18 04:03:00,0.25890599365521894
2020-07-18 04:06:00,0.2917352273830147
2020-07-18 04:09:00,0.27794890741586187
2020-07-18 04:12:00,0.19558741055965356
2020-07-18 04:15:00,0.24721992546523097
2020-07-18 04:18:00,0.26769337536393323
2020-07-18 04:21:00,0.2924501398346706
2020-07-18 04:24:00,0.2874654477815284
2020-07-18 04:27:00,0.29218325299422077
2020-07-18 04:30:00,0.27140950663226704
2020-07-18 04:33:00,0.29013177330182316
2020-07-18 04:36:00,0.25686837076420943
2020-07-18 04:39:00,0.3224055849581191
2020-07-18 04:42:00,0.24941857883624152
2020-07-18 04:45:00,0.31826278858500245
2020-07-18 04:48:00,0.29430715555832876
2020-07-18 04:51:00,0.3298529998580193
2020-07-18 04:54:00,0.3295888358012462
2020-07-18 04:57:00,0.3381125603280566
2020-07-18 05:00:00,0.30533868695061983
2020-07-18 05:03:00,0.18396721751963696
2020-07-18 05:06:00,0.29011022256565866
2020-07-18 05:09:00,0.34847243976309983
2020-07-18 05:12:00,0.3356772226188127
2020-07-18 05:15:00,0.353257195690162
2020-07-18 05:18:00,0.28325181394347965
2020-07-18 05:21:00,0.2891631846766245
2020-07-18 05:24:00,0.22380062031334091
2020-07-18 05:27:00,0.27902125986116744
2020-07-18 05:30:00,0.2702430988905462
2020-07-18 05:33:00,0.3777324272939495
2020-07-18 05:36:00,0.2789677517777136
2020-07-18 05:39:00,0.2324092305806289
2020-07-18 05:42:00,0.27210334751435994
2020-07-18 05:45:00,0.3244154734619542
2020-07-18 05:48:00,0.24784837744306287
2020-07-18 05:51:00,0.2238125459755338
2020-07-18 05:54:00,0.31047626894314817
2020-07-18 05:57:00,0.3484690164566473
2020-07-18 06:00:00,0.30685553967822443
2020-07-18 06:03:00,0.3634635178818826
2020-07-18 06:06:00,0.3520880876603769
2020-07-18 06:09:00,0.3689865295108916
2020-07-18 06:12:00,0.3431168878061044
2020-07-18 06:15:00,0.38949943666375475
2020-07-18 06:18:00,0.4042142409126086
2020-07-18 06:21:00,0.2922621065959561
2020-07-18 06:24:00,0.27711502232341445
2020-07-18 06:27:00,0.3023275511519614
2020-07-18 06:30:00,0.35534899600452263
2020-07-18 06:33:00,0.27053368156902025
2020-07-18 06:36:00,0.3180953637921675
2020-07-18 06:39:00,0.34844844601127534
2020-07-18 06:42:00,0.3455947236692509
2020-07-18 06:45:00,0.4266437254572111
2020-07-18 06:48:00,0.29024328957291345
2020-07-18 06:51:00,0.3256545379570639
2020-07-18 06:54:00,0.36558191323683786
2020-07-18 06:57:00,0.3117010050179374
2020-07-18 07:00:00,0.3668352668151442
2020-07-18 07:03:00,0.3227814768200119
2020-07-18 07:06:00,0.41324343396189533
2020-07-18 07:09:00,0.35575553571658247
2020-07-18 07:12:00,0.2994198492729083
2020-07-18 07:15:00,0.23701691528253832
2020-07-18 07:18:00,0.3626861281239826
2020-07-18 07:21:00,0.368693387306962
2020-07-18 07:24:00,0.3128206308558674
2020-07-18 07:27:00,0.38400493642120637
2020-07-18 07:30:00,0.24988442671423172
2020-07-18 07:33:00,0.3887688583479303
2020-07-18 07:36:00,0.23044402109667317
2020-07-18 07:39:00,0.37125723481580053
2020-07-18 07:42:00,0.23425090445056185
2020-07-18 07:45:00,0.3148222605049682
2020-07-18 07:48:00,0.2765059195343724
2020-07-18 07:51:00,0.2987008017423136
2020-07-18 07:54:00,0.29202918023099755
2020-07-18 07:57:00,0.2883639147834174
2020-07-18 08:00:00,0.37375362244426924
2020-07-18 08:03:00,0.2604495541440315
2020-07-18 08:06:00,0.2912500849741946
2020-07-18 08:09:00,0.23763183941025545
2020-07-18 08:12:00,0.33841949011303996
2020-07-18 08:15:00,0.23723189489982133
2020-07-18 08:18:00,0.24606298139957516
2020-07-18 08:21:00,0.27572051490125205
2020-07-18 08:24:00,0.2167500684964807
2020-07-18 08:27:00,0.2567004674235136
2020-07-18 08:30:00,0.32673207690658046
2020-07-18 08:33:00,0.2822870586914519
2020-07-18 08:36:00,0.18299448260307827
2020-07-18 08:39:00,0.050317331326766634
2020-07-18 08:42:00,0.07895508391271733
2020-07-18 08:45:00,0.20353359027205897
2020-07-18 08:48:00,-0.0024155424461014263
2020-07-18 08:51:00,0.08431729387723408
2020-07-18 08:54:00,0.18052262984440404
2020-07-18 08:57:00,0.06254811378977365
2020-07-18 09:00:00,0.00015661945928968635
2020-07-18 09:03:00,-0.08420800583786558
2020-07-18 09:06:00,-0.020209003375612156
2020-07-18 09:09:00,0.12584722254058534
2020-07-18 09:12:00,-0.01571691030767397
2020-07-18 09:15:00,-0.05402597815179888
2020-07-18 09:18:00,-0.07715986408430808
2020-07-18 09:21:00,-0.048439509713318785
2020-07-18 09:24:00,-0.14741308195954161
2020-07-18 09:27:00,-0.04672779353234091
2020-07-18 09:30:00,-0.11694839298121451
2020-07-18 09:33:00,-0.1317567675604323
2020-07-18 09:36:00,-0.1372360632027494
2020-07-18 09:39:00,-0.1861804558313338
2020-07-18 09:42:00,-0.20004382170202462
2020-07-18 09:45:00,-0.3015387418296882
2020-07-18 09:48:00,-0.25608999512627406
2020-07-18 09:51:00,-0.19809494281105344
2020-07-18 09:54:00,-0.27774137847035263
2020-07-18 09:57:00,-0.25594899070569
2020-07-18 10:00:00,-0.2441335979301016
2020-07-18 10:03:00,-0.2668757811111391
2020-07-18 10:06:00,-0.2755957555152122
2020-07-18 10:09:00,-0.2987188404274548
2020-07-18 10:12:00,-0.3296945164549925
2020-07-18 10:15:00,-0.3258647575231066
2020-07-18 10:18:00,-0.2826667420968647
2020-07-18 10:21:00,-0.4149221581340612
2020-07-18 10:24:00,-0.17676845461477342
2020-07-18 10:27:00,-0.32926801840471853
2020-07-18 10:30:00,-0.3248621775604761
2020-07-18 10:33:00,-0.33700640469436394
2020-07-18 10:36:00,-0.3300970732370274
2020-07-18 10:39:00,-0.4080106619612138
2020-07-18 10:42:00,-0.31866379636454667
2020-07-18 10:45:00,-0.23342947411123305
2020-07-18 10:48:00,-0.22890551914679236
2020-07-18 10:51:00,-0.3653607155702048
2020-07-18 10:54:00,-0.37475605217031216
2020-07-18 10:57:00,-0.2511680484088856
2020-07-18 11:00:00,-0.2987648273083323
2020-07-18 11:03:00,-0.32626795737644443
2020-07-18 11:06:00,-0.3458444993116814
2020-07-18 11:09:00,-0.4210169231776604
2020-07-18 11:12:00,-0.45376934054871754
2020-07-18 11:15:00,-0.37570377288312784
2020-07-18 11:18:00,-0.38950166213516013
2020-07-18 11:21:00,-0.5740489226716932
2020-07-18 11:24:00,-0.4786415939925064
2020-07-18 11:27:00,-0.39206226862472704
2020-07-18 11:30:00,-0.5078250109946794
2020-07-18 11:33:00,-0.43849190464510457
2020-07-18 11:36:00,-0.4533610970327686
2020-07-18 11:39:00,-0.43119835723439337
2020-07-18 11:42:00,-0.4091429850118402
2020-07-18 11:45:00,-0.39021537550763696
2020-07-18 11:48:00,-0.5330703143408186
2020-07-18 11:51:00,-0.4635774784779869
2020-07-18 11:54:00,-0.5742575740005691
2020-07-18 11:57:00,-0.5155155102940512
2020-07-18 12:00:00,-0.4761797253118516
2020-07-18 12:03:00,-0.4625978871148959
2020-07-18 12:06:00,-0.4501937883296705
2020-07-18 12:09:00,-0.6286640464543893
2020-07-18 12:12:00,-0.7024938294456433
2020-07-18 12:15:00,-0.5503586724396428
2020-07-18 12:18:00,-0.45326491506193634
2020-07-18 12:21:00,-0.6103295026969704
2020-07-18 12:24:00,-0.5572071478018188
2020-07-18 12:27:00,-0.48355087093904103
2020-07-18 12:30:00,-0.48784002941346216
2020-07-18 12:33:00,-0.5309526537438956
2020-07-18 12:36:00,-0.4669812505039772
2020-07-18 12:39:00,-0.6608776696194241
2020-07-18 12:42:00,-0.5706258130143738
2020-07-18 12:45:00,-0.5542990968906452
2020-07-18 12:48:00,-0.44849728065480576
2020-07-18 12:51:00,-0.4923903041470794
2020-07-18 12:54:00,-0.5204314282680116
2020-07-18 12:57:00,-0.6181119851570429
2020-07-18 13:00:00,-0.5649092711421986
2020-07-18 13:03:00,-0.4499154878226932
2020-07-18 13:06:00,-0.5030196718344087
2020-07-18 13:09:00,-0.5562644873832028
2020-07-18 13:12:00,-0.4841612230050032
2020-07-18 13:15:00,-0.6834316879337052
2020-07-18 13:18:00,-0.6284474668199209
2020-07-18 13:21:00,-0.5218635320765657
2020-07-18 13:24:00,-0.5622005690438527
2020-07-18 13:27:00,-0.4712354189986172
2020-07-18 13:30:00,-0.5574336851922794
2020-07-18 13:33:00,-0.4666200069505635
2020-07-18 13:36:00,-0.5924125534953077
2020-07-18 13:39:00,-0.6945113714263584
2020-07-18 13:42:00,-0.6721125763808686
2020-07-18 13:45:00,-0.5990009556542759
2020-07-18 13:48:00,-0.649456581652089
2020-07-18 13:51:00,-0.6063106121112014
2020-07-18 13:54:00,-0.5209890713582013
2020-07-18 13:57:00,-0.5884886372295455
2020-07-18 14:00:00,-0.5549173564052694
2020-07-18 14:03:00,-0.42124170243613435
2020-07-18 14:06:00,-0.5801094019832362
2020-07-18 14:09:00,-0.6060301965223971
2020-07-18 14:12:00,-0.5518975113154738
2020-07-18 14:15:00,-0.46287162244777846
2020-07-18 14:18:00,-0.6463915373423674
2020-07-18 14:21:00,-0.5468806219058706
2020-07-18 14:24:00,-0.5765358135694214
2020-07-18 14:27:00,-0.5836244774093302
2020-07-18 14:30:00,-0.6305217949074517
2020-07-18 14:33:00,-0.5848798205056482
2020-07-18 14:36:00,-0.5240389167757371
2020-07-18 14:39:00,-0.6762208835224328
2020-07-18 14:42:00,-0.5190382600741827
2020-07-18 14:45:00,-0.5390816775806115
2020-07-18 14:48:00,-0.6454012998294161
2020-07-18 14:51:00,-0.6013336263978886
2020-07-18 14:54:00,-0.5620681920327684
2020-07-18 14:57:00,-0.6566106587443414
2020-07-18 15:00:00,-0.5366872276790104
2020-07-18 15:03:00,-0.6706814222127377
2020-07-18 15:06:00,-0.7102227619345172
2020-07-18 15:09:00,-0.7164464737355161
2020-07-18 15:12:00,-0.7299923157590911
2020-07-18 15:15:00,-0.669116193319212
2020-07-18 15:18:00,-0.5830426111087377
2020-07-18 15:21:00,-0.6547022835187022
2020-07-18 15:24:00,-0.6044327180457572
2020-07-18 15:27:00,-0.6329453252670874
2020-07-18 15:30:00,-0.6363888687377539
2020-07-18 15:33:00,-0.661259995146338
2020-07-18 15:36:00,-0.6252132409703108
2020-07-18 15:39:00,-0.6493174649066304
2020-07-18 15:42:00,-0.4147620362735438
2020-07-18 15:45:00,-0.6132603376683505
2020-07-18 15:48:00,-0.5979989785116686
2020-07-18 15:51:00,-0.6233432241469927
2020-07-18 15:54:00,-0.5623531307154508
2020-07-18 15:57:00,-0.6786319779674272
2020-07-18 16:00:00,-0.6258696597406015
2020-07-18 16:03:00,-0.4829179146419733
2020-07-18 16:06:00,-0.6536188817164543
2020-07-18 16:09:00,-0.5201719881168287
2020-07-18 16:12:00,-0.5570604655737839
2020-07-18 16:15:00,-0.4289085782507982
2020-07-18 16:18:00,-0.4606614149629422
2020-07-18 16:21:00,-0.667329938246155
2020-07-18 16:24:00,-0.5367104509884939
2020-07-18 16:27:00,-0.4940319224446057
2020-07-18 16:30:00,-0.5893299762034871
2020-07-18 16:33:00,-0.5459571046259839
2020-07-18 16:36:00,-0.5041264786847819
2020-07-18 16:39:00,-0.41402484950924645
2020-07-18 16:42:00,-0.5999352955932977
2020-07-18 16:45:00,-0.477373360865613
2020-07-18 16:48:00,-0.5438139546386083
2020-07-18 16:51:00,-0.3931788586745597
2020-07-18 16:54:00,-0.5390727185446167
2020-07-18 16:57:00,-0.5146483125167833
2020-07-18 17:00:00,-0.5164282748539222
2020-07-18 17:03:00,-0.508909492070245
2020-07-18 17:06:00,-0.2659185609453516
2020-07-18 17:09:00,0.032927795612295085
2020-07-18 17:12:00,0.02107398975988417
2020-07-18 17:15:00,0.13520722453057488
2020-07-18 17:18:00,0.15645093387740872
2020-07-18 17:21:00,0.1539061468834575
2020-07-18 17:24:00,-0.0886483644608802
2020-07-18 17:27:00,-0.1441176885696791
2020-07-18 17:30:00,-0.30877438342361074
2020-07-18 17:33:00,-0.344819526443473
2020-07-18 17:36:00,-0.3608196135164121
2020-07-18 17:39:00,-0.38062190715754696
2020-07-18 17:42:00,-0.384782766833041
2020-07-18 17:45:00,-0.3828832933563149
2020-07-18 17:48:00,-0.32206855457917527
2020-07-18 17:51:00,-0.33309127252766757
2020-07-18 17:54:00,-0.09237288422838219
2020-07-18 17:57:00,-0.148031598738271
2020-07-18 18:00:00,-0.26879210002039144
2020-07-18 18:03:00,-0.16674697239358238
2020-07-18 18:06:00,-0.19232311508261546
2020-07-18 18:09:00,-0.33041765629593556
2020-07-18 18:12:00,-0.21415941492114143
2020-07-18 18:15:00,-0.2565671073309659
2020-07-18 18:18:00,-0.2356030713693258
2020-07-18 18:21:00,-0.41111743569416603
2020-07-18 18:24:00,-0.31593628657412864
2020-07-18 18:27:00,-0.32650211964624987
2020-07-18 18:30:00,-0.30768983541270245
2020-07-18 18:33:00,-0.3128259444454784
2020-07-18 18:36:00,-0.3004571867028858
2020-07-18 18:39:00,-0.28733379715259844
2020-07-18 18:42:00,-0.38051436676568073
2020-07-18 18:45:00,-0.3144420612624117
2020-07-18 18:48:00,-0.28750161020559517
2020-07-18 18:51:00,-0.327918487884574
2020-07-18 18:54:00,
2020-07-18 18:57:00,
2020-07-18 19:00:00,
2020-07-18 19:03:00,-0.3057770204797521
2020-07-18 19:06:00,-0.2637870501789621
2020-07-18 19:09:00,-0.18893194815183278
2020-07-18 19:12:00,-0.24761320856316615
2020-07-18 19:15:00,-0.37635818137681554
2020-07-18 19:18:00,-0.4176135409825861
2020-07-18 19:21:00,-0.27903662531758755
2020-07-18 19:24:00,-0.2951268658846402
2020-07-18 19:27:00,-0.29225403266610783
2020-07-18 19:30:00,-0.2559961279205254
2020-07-18 19:33:00,-0.1786902085518136
2020-07-18 19:36:00,-0.3110235376579453
2020-07-18 19:39:00,-0.22889971498034356
2020-07-18 19:42:00,-0.16241407293296106
2020-07-18 19:45:00,-0.005158928676848973
2020-07-18 19:48:00,-0.22666723201660943
2020-07-18 19:51:00,-0.28957290035742744
2020-07-18 19:54:00,-0.12938288662701325
2020-07-18 19:57:00,-0.20086225733064111
2020-07-18 20:00:00,-0.1329706437875302
2020-07-18 20:03:00,-0.10388054544137049
2020-07-18 20:06:00,-0.19404733742766211
2020-07-18 20:09:00,-0.06177383745460929
2020-07-18 20:12:00,-0.16798110794513832
2020-07-18 20:15:00,-0.29658225657709636
2020-07-18 20:18:00,-0.05655980882795575
2020-07-18 20:21:00,-0.1243506367652003
2020-07-18 20:24:00,-0.110338214252522
2020-07-18 20:27:00,-0.11832995543278457
2020-07-18 20:30:00,-0.08004193893452793
2020-07-18 20:33:00,-0.07316120239374868
2020-07-18 20:36:00,-0.11727113117052568
2020-07-18 20:39:00,-0.13434354202121312
2020-07-18 20:42:00,-0.12621900398079333
2020-07-18 20:45:00,-0.10563925273555697
2020-07-18 20:48:00,-0.09711702529591548
2020-07-18 20:51:00,-0.1169449704139538
2020-07-18 20:54:00,-0.12619690967574115
2020-07-18 20:57:00,-0.07188194466942832
2020-07-18 21:00:00,-0.07527139277942752
2020-07-18 21:03:00,-0.04878744435046656
2020-07-18 21:06:00,-0.08650062285147442
2020-07-18 21:09:00,-0.11159345158210954
2020-07-18 21:12:00,-0.12555316134358918
2020-07-18 21:15:00,-0.06237861619291607
2020-07-18 21:18:00,-0.10156100562051051
2020-07-18 21:21:00,-0.12586519146532282
2020-07-18 21:24:00,-0.07796530873230267
2020-07-18 21:27:00,-0.10635423733890548
2020-07-18 21:30:00,-0.0847581691018604
2020-07-18 21:33:00,-0.06891832752069149
2020-07-18 21:36:00,-0.01673987856088388
2020-07-18 21:39:00,-0.06955389553559144
2020-07-18 21:42:00,-0.040210460566129314
2020-07-18 21:45:00,-0.0243842915881487
2020-07-18 21:48:00,-0.02802287038537088
2020-07-18 21:51:00,0.014283162939648264
2020-07-18 21:54:00,-0.054963128353847424
2020-07-18 21:57:00,0.02893982564489761
2020-07-18 22:00:00,0.02348087428663348
2020-07-18 22:03:00,0.01975646488347138
2020-07-18 22:06:00,0.00734368677473185
2020-07-18 22:09:00,-0.013888686870245692
2020-07-18 22:12:00,0.010010971197743856
2020-07-18 22:15:00,0.11212110258389885
2020-07-18 22:18:00,0.09621280772313412
2020-07-18 22:21:00,0.0007582803301602326
2020-07-18 22:24:00,0.03895580628608286
2020-07-18 22:27:00,0.12531338652655677
2020-07-18 22:30:00,0.11812041776272508
2020-07-18 22:33:00,0.11044214055988277
2020-07-18 22:36:00,0.0943406994431939
2020-07-18 22:39:00,0.15742347996393846
2020-07-18 22:42:00,0.16049775201184957
2020-07-18 22:45:00,0.04631111883202266
2020-07-18 22:48:00,0.14442547687343676
2020-07-18 22:51:00,0.21922611082140975
2020-07-18 22:54:00,-0.0008555396294696038
2020-07-18 22:57:00,0.11080553983987329
2020-07-18 23:00:00,0.049690488911380726
2020-07-18 23:03:00,0.17803722479845874
2020-07-18 23:06:00,0.2209300263701266
2020-07-18 23:09:00,0.07403956491248209
2020-07-18 23:12:00,0.00907384069262207
2020-07-18 23:15:00,0.053650956024796415
2020-07-18 23:18:00,0.005340926905603283
2020-07-18 23:21:00,0.1357026001425652
2020-07-18 23:24:00,0.048294903461737704
2020-07-18 23:27:00,0.07809352890245691
2020-07-18 23:30:00,-0.014375218308657622
2020-07-18 23:33:00,0.023090344159868437
2020-07-18 23:36:00,0.02876981162779657
2020-07-18 23:39:00,-0.016374493724015338
2020-07-18 23:42:00,-0.10386754102466966
2020-07-18 23:45:00,0.14306751205810997
2020-07-18 23:48:00,-0.032993380982816234
2020-07-18 23:51:00,0.034983557390546594
2020-07-18 23:54:00,0.020690970283908428
2020-07-18 23:57:00,0.05875250936952625
2020-07-19 00:00:00,0.05635435250161436
2020-07-19 00:03:00,0.0894501812508679
2020-07-19 00:06:00,-0.030295489351374272
2020-07-19 00:09:00,-0.14013096558574034
2020-07-19 00:12:00,-0.030742431646388013
2020-07-19 00:15:00,0.08497376171845872
2020-07-19 00:18:00,-0.002421461338087738
2020-07-19 00:21:00,0.013760657935051768
2020-07-19 00:24:00,-0.050213121653825965
2020-07-19 00:27:00,0.06673784627139412
2020-07-19 00:30:00,-0.057930559580768204
2020-07-19 00:33:00,0.08969353488834031
2020-07-19 00:36:00,-0.0268389297288536
2020-07-19 00:39:00,0.02002752840883204
2020-07-19 00:42:00,-0.042348387757670025
2020-07-19 00:45:00,-0.022927454151385973
2020-07-19 00:48:00,0.012029340132073685
2020-07-19 00:51:00,-0.007993392722028148
2020-07-19 00:54:00,-0.016718458950379045
2020-07-19 00:57:00,0.020665696319554172
2020-07-19 01:00:00,0.1290094882044741
2020-07-19 01:03:00,-0.0025730567634241197
2020-07-19 01:06:00,0.004481484295183691
2020-07-19 01:09:00,-0.032579820646787994
2020-07-19 01:12:00,0.03645811390902054
2020-07-19 01:15:00,0.07574649229047736
2020-07-19 01:18:00,0.006435302928764486
2020-07-19 01:21:00,0.07544454996917693
2020-07-19 01:24:00,-0.07257020061138064
2020-07-19 01:27:00,0.09399660354745265
2020-07-19 01:30:00,0.0662671326756481
2020-07-19 01:33:00,0.0646598139231287
2020-07-19 01:36:00,0.06340317253847161
2020-07-19 01:39:00,0.03555488765624659
2020-07-19 01:42:00,0.10902396509453638
2020-07-19 01:45:00,0.07593490497072253
2020-07-19 01:48:00,0.07371033943041994
2020-07-19 01:51:00,0.1378772868940814
2020-07-19 01:54:00,0.049165783728255974
2020-07-19 01:57:00,0.08076677707526869
2020-07-19 02:00:00,0.006595252753129444
2020-07-19 02:03:00,-0.002960852909438927
2020-07-19 02:06:00,0.05803331649514121
2020-07-19 02:09:00,0.03953287436343089
2020-07-19 02:12:00,0.10538645206611363
2020-07-19 02:15:00,0.06055178581840437
2020-07-19 02:18:00,0.18549973431618128
2020-07-19 02:21:00,0.07798355073919083
2020-07-19 02:24:00,0.18093163519722566
2020-07-19 02:27:00,0.15540644537770731
2020-07-19 02:30:00,0.09169029032409526
2020-07-19 02:33:00,0.1028605001635583
2020-07-19 02:36:00,0.09111097844464666
2020-07-19 02:39:00,0.09416663192905617
2020-07-19 02:42:00,0.0362517147926269
2020-07-19 02:45:00,0.26525986975838123
2020-07-19 02:48:00,0.1857992387500076
2020-07-19 02:51:00,0.11413552219033818
2020-07-19 02:54:00,0.04148899273678808
2020-07-19 02:57:00,0.08286139414974514
2020-07-19 03:00:00,0.16475672755967707
2020-07-19 03:03:00,0.1526997264142551
2020-07-19 03:06:00,0.24062368426865532
2020-07-19 03:09:00,0.2206192501853934
2020-07-19 03:12:00,0.17552876748374047
2020-07-19 03:15:00,0.16563074322095872
2020-07-19 03:18:00,0.1836786323236197
2020-07-19 03:21:00,0.13560536032218806
2020-07-19 03:24:00,0.16105382865657702
2020-07-19 03:27:00,0.22813365834514343
2020-07-19 03:30:00,0.26334078196720156
2020-07-19 03:33:00,0.1704467362676496
2020-07-19 03:36:00,0.2355377242022314
2020-07-19 03:39:00,0.2076573396162189
2020-07-19 03:42:00,0.2752893918631685
2020-07-19 03:45:00,0.24026568947158466
2020-07-19 03:48:00,0.1547229067852527
2020-07-19 03:51:00,0.15327127857898404
2020-07-19 03:54:00,0.18260566460037353
2020-07-19 03:57:00,0.2438026873179524
2020-07-19 04:00:00,0.240498733357299
2020-07-19 04:03:00,0.16213552460180836
2020-07-19 04:06:00,0.2641074806918482
2020-07-19 04:09:00,0.24447128001662577
2020-07-19 04:12:00,0.21194514671600473
2020-07-19 04:15:00,0.1871867745290956
2020-07-19 04:18:00,0.15185337328182413
2020-07-19 04:21:00,0.18154827621907543
2020-07-19 04:24:00,0.1574730950733283
2020-07-19 04:27:00,0.19692618187963262
2020-07-19 04:30:00,0.23102469280740934
2020-07-19 04:33:00,0.2104158001545784
2020-07-19 04:36:00,0.1871324661878475
2020-07-19 04:39:00,0.1343639987868528
2020-07-19 04:42:00,0.22077476608399138
2020-07-19 04:45:00,0.13465057637415612
2020-07-19 04:48:00,0.08754723188150138
2020-07-19 04:51:00,0.004513272368058097
2020-07-19 04:54:00,0.12875588402494031
2020-07-19 04:57:00,0.17722083868477512
2020-07-19 05:00:00,0.1123171944654473
2020-07-19 05:03:00,0.11447603536532824
2020-07-19 05:06:00,0.081774103185694
2020-07-19 05:09:00,0.08163646761801147
2020-07-19 05:12:00,0.21177805371360137
2020-07-19 05:15:00,0.18011428660446427
2020-07-19 05:18:00,0.1099286450019008
2020-07-19 05:21:00,0.14632166666746116
2020-07-19 05:24:00,0.16077184442758607
2020-07-19 05:27:00,0.22366086973499932
2020-07-19 05:30:00,0.24878426986560953
2020-07-19 05:33:00,0.13826217548324848
2020-07-19 05:36:00,0.24994977128613982
2020-07-19 05:39:00,0.11348236931115707
2020-07-19 05:42:00,0.20995453780921025
2020-07-19 05:45:00,0.19286870693019864
2020-07-19 05:48:00,0.19729474895677868
2020-07-19 05:51:00,0.19352972691569903
2020-07-19 05:54:00,0.24944074143627404
2020-07-19 05:57:00,0.2691863459658066
2020-07-19 06:00:00,0.22562747094667657
2020-07-19 06:03:00,0.2506353718115406
2020-07-19 06:06:00,0.21889752134399032
2020-07-19 06:09:00,0.20175599914296072
2020-07-19 06:12:00,0.16760188630655648
2020-07-19 06:15:00,0.20092422895169193
2020-07-19 06:18:00,0.2669176096972592
2020-07-19 06:21:00,0.23555188854180642
2020-07-19 06:24:00,0.23434550180064662
2020-07-19 06:27:00,0.3084779838569034
2020-07-19 06:30:00,0.29211180450278107
2020-07-19 06:33:00,0.26807834937608277
2020-07-19 06:36:00,0.3422810823393547
2020-07-19 06:39:00,0.2807694713246178
2020-07-19 06:42:00,0.17716629513768112
2020-07-19 06:45:00,0.29849330929260987
2020-07-19 06:48:00,0.38912133022705575
2020-07-19 06:51:00,0.3412121077611232
2020-07-19 06:54:00,0.3209836453252706
2020-07-19 06:57:00,0.3257353411308941
2020-07-19 07:00:00,0.14906741037350457
2020-07-19 07:03:00,0.2689725869220183
2020-07-19 07:06:00,0.28161174100716835
2020-07-19 07:09:00,0.3629462329428179
2020-07-19 07:12:00,0.22834734566976067
2020-07-19 07:15:00,0.23773766230408455
2020-07-19 07:18:00,0.2984049707298482
2020-07-19 07:21:00,0.36050617805727825
2020-07-19 07:24:00,0.2764482368824588
2020-07-19 07:27:00,0.28221619804259035
2020-07-19 07:30:00,0.25359046099208626
2020-07-19 07:33:00,0.3334764017369025
2020-07-19 07:36:00,0.3457684804628798
2020-07-19 07:39:00,0.21025395792463542
2020-07-19 07:42:00,0.13261247729815295
2020-07-19 07:45:00,0.2317322806551374
2020-07-19 07:48:00,0.1790641706981546
2020-07-19 07:51:00,0.24633737793624277
2020-07-19 07:54:00,0.29872878524798807
2020-07-19 07:57:00,0.20561589350131726
2020-07-19 08:00:00,0.21384736664469983
2020-07-19 08:03:00,0.2505135196856827
2020-07-19 08:06:00,0.2440875585796789
2020-07-19 08:09:00,0.2180681649459757
2020-07-19 08:12:00,0.17236271551985283
2020-07-19 08:15:00,0.2369274401718826
2020-07-19 08:18:00,0.17307532350019983
2020-07-19 08:21:00,0.3080054873533413
2020-07-19 08:24:00,0.18095141050031316
2020-07-19 08:27:00,0.118243567172442
2020-07-19 08:30:00,0.24039405026957184
2020-07-19 08:33:00,0.2436982683888118
2020-07-19 08:36:00,0.22409075386639188
2020-07-19 08:39:00,0.15036122361010484
2020-07-19 08:42:00,0.11594439073104468
2020-07-19 08:45:00,0.10542747155125198
2020-07-19 08:48:00,0.17009961027645204
2020-07-19 08:51:00,0.14698931103976065
2020-07-19 08:54:00,0.24598236304251486
2020-07-19 08:57:00,0.16187680685482064
2020-07-19 09:00:00,0.1114357932464145
2020-07-19 09:03:00,0.036748026187865435
2020-07-19 09:06:00,0.1535381283582069
2020-07-19 09:09:00,0.16401999137644907
2020-07-19 09:12:00,0.15119784667678005
2020-07-19 09:15:00,0.10060292508956081
2020-07-19 09:18:00,0.10009801768359239
2020-07-19 09:21:00,-0.031853384379928684
2020-07-19 09:24:00,0.019114805805998003
2020-07-19 09:27:00,0.06493025067277358
2020-07-19 09:30:00,0.03541931290158118
2020-07-19 09:33:00,-0.019904709813374666
2020-07-19 09:36:00,0.005827060669389539
2020-07-19 09:39:00,-0.014804646238246733
2020-07-19 09:42:00,0.021139923285431905
2020-07-19 09:45:00,0.00937360184843783
2020-07-19 09:48:00,-0.08465729883437234
2020-07-19 09:51:00,0.05723986050696794
2020-07-19 09:54:00,-0.008713610703409813
2020-07-19 09:57:00,-0.10714277990200571
2020-07-19 10:00:00,-0.13508310076139196
2020-07-19 10:03:00,-0.06937498585108415
2020-07-19 10:06:00,-0.006644084349318291
2020-07-19 10:09:00,-0.03836991941295764
2020-07-19 10:12:00,-0.11162636172883822
2020-07-19 10:15:00,-0.17934691078733067
2020-07-19 10:18:00,-0.10096915007937923
2020-07-19 10:21:00,-0.23369808205700338
2020-07-19 10:24:00,-0.21514789328557526
2020-07-19 10:27:00,-0.17780486018443753
2020-07-19 10:30:00,-0.16833182683609493
2020-07-19 10:33:00,-0.16777676184233314
2020-07-19 10:36:00,-0.2178110469129706
2020-07-19 10:39:00,-0.17643087840798444
2020-07-19 10:42:00,-0.42140880352309296
2020-07-19 10:45:00,-0.1937500090933213
2020-07-19 10:48:00,-0.24539100340234654
2020-07-19 10:51:00,-0.1937052419923475
2020-07-19 10:54:00,-0.20117419537712067
2020-07-19 10:57:00,-0.27637907009119544
2020-07-19 11:00:00,-0.1662481430918774
2020-07-19 11:03:00,-0.37426703276349826
2020-07-19 11:06:00,-0.2705849100260025
2020-07-19 11:09:00,-0.25795310361945667
2020-07-19 11:12:00,-0.28475752940050825
2020-07-19 11:15:00,-0.29906092201872525
2020-07-19 11:18:00,-0.32568427405675493
2020-07-19 11:21:00,-0.4634927991265272
2020-07-19 11:24:00,-0.3357569007404777
2020-07-19 11:27:00,-0.4638039478442124
2020-07-19 11:30:00,-0.4647763425448943
2020-07-19 11:33:00,-0.36961993781090996
2020-07-19 11:36:00,-0.48233817356191366
2020-07-19 11:39:00,-0.4521992845198497
2020-07-19 11:42:00,-0.4709743881439863
2020-07-19 11:45:00,-0.42897285628538384
2020-07-19 11:48:00,-0.6198158582106998
2020-07-19 11:51:00,-0.5259486082936746
2020-07-19 11:54:00,-0.6027759977123424
2020-07-19 11:57:00,-0.429071548191871
2020-07-19 12:00:00,-0.48537714948133726
2020-07-19 12:03:00,-0.36358571219585656
2020-07-19 12:06:00,-0.4985233259787947
2020-07-19 12:09:00,-0.37414782197970453
2020-07-19 12:12:00,-0.5001616352369638
2020-07-19 12:15:00,-0.39430802300819323
2020-07-19 12:18:00,-0.43546119566707375
2020-07-19 12:21:00,-0.5247918896844794
2020-07-19 12:24:00,-0.47741356345443364
2020-07-19 12:27:00,-0.5521715865501164
2020-07-19 12:30:00,-0.4368780297323269
2020-07-19 12:33:00,-0.5124909751171458
2020-07-19 12:36:00,-0.4612828640507587
2020-07-19 12:39:00,-0.453678788933189
2020-07-19 12:42:00,-0.5217299878551103
2020-07-19 12:45:00,-0.5701369464819095
2020-07-19 12:48:00,-0.4603670614086468
2020-07-19 12:51:00,-0.3465320340904441
2020-07-19 12:54:00,-0.528598491181981
2020-07-19 12:57:00,-0.45851042425766764
2020-07-19 13:00:00,-0.3653352810976571
2020-07-19 13:03:00,-0.4168217842224067
2020-07-19 13:06:00,-0.4287435993782651
2020-07-19 13:09:00,-0.5732555871358045
2020-07-19 13:12:00,-0.45960475238473464
2020-07-19 13:15:00,-0.382698398602372
2020-07-19 13:18:00,-0.5073481779719486
2020-07-19 13:21:00,-0.5663079683874912
2020-07-19 13:24:00,-0.5030884777956999
2020-07-19 13:27:00,-0.41294738816645804
2020-07-19 13:30:00,-0.5608846652409056
2020-07-19 13:33:00,-0.4105482095867501
2020-07-19 13:36:00,-0.4787275747390254
2020-07-19 13:39:00,-0.40866942940590434
2020-07-19 13:42:00,-0.5292768363541427
2020-07-19 13:45:00,-0.4984406412272051
2020-07-19 13:48:00,-0.5517543649738741
2020-07-19 13:51:00,-0.5517515614702688
2020-07-19 13:54:00,-0.515641796782063
2020-07-19 13:57:00,-0.45891485762581397
2020-07-19 14:00:00,-0.525083701273104
2020-07-19 14:03:00,-0.5222058756951355
2020-07-19 14:06:00,-0.5354362454433499
2020-07-19 14:09:00,-0.5850315350825213
2020-07-19 14:12:00,-0.41505403325652424
2020-07-19 14:15:00,-0.5500206107657846
2020-07-19 14:18:00,-0.5968714042027159
2020-07-19 14:21:00,-0.5097353655154961
2020-07-19 14:24:00,-0.5718375005687903
2020-07-19 14:27:00,-0.5129202277963145
2020-07-19 14:30:00,-0.5720518272410686
2020-07-19 14:33:00,-0.577778661728928
2020-07-19 14:36:00,-0.46389629485832984
2020-07-19 14:39:00,-0.4770123347842059
2020-07-19 14:42:00,-0.5291668746008327
2020-07-19 14:45:00,-0.5569518707061434
2020-07-19 14:48:00,-0.4857662596253931
2020-07-19 14:51:00,-0.5269987336266695
2020-07-19 14:54:00,-0.4973714599501591
2020-07-19 14:57:00,-0.648155537239461
2020-07-19 15:00:00,-0.5200624126674711
2020-07-19 15:03:00,-0.594752429606558
2020-07-19 15:06:00,-0.5366300085820512
2020-07-19 15:09:00,-0.5065473431267264
2020-07-19 15:12:00,-0.5562805666166923
2020-07-19 15:15:00,-0.5209920144846478
2020-07-19 15:18:00,-0.5458051587252157
2020-07-19 15:21:00,-0.5918184528372308
2020-07-19 15:24:00,-0.5359390129559074
2020-07-19 15:27:00,-0.51110261676547
2020-07-19 15:30:00,-0.5635920369977612
2020-07-19 15:33:00,-0.539259162914675
2020-07-19 15:36:00,-0.586224902262245
2020-07-19 15:39:00,-0.45740824621270804
2020-07-19 15:42:00,-0.4814646975943333
2020-07-19 15:45:00,-0.47919823337201706
2020-07-19 15:48:00,-0.667426431858587
2020-07-19 15:51:00,-0.4884927600548963
2020-07-19 15:54:00,-0.5985932475688287
2020-07-19 15:57:00,-0.6081839968250051
2020-07-19 16:00:00,-0.5641322710283134
2020-07-19 16:03:00,-0.6311933043405702
2020-07-19 16:06:00,-0.5831492181075077
2020-07-19 16:09:00,-0.6565261160692444
2020-07-19 16:12:00,-0.6049326162893749
2020-07-19 16:15:00,-0.5629736261574294
2020-07-19 16:18:00,-0.6263208741336825
2020-07-19 16:21:00,-0.5859697625067497
2020-07-19 16:24:00,-0.5495396774209667
2020-07-19 16:27:00,-0.4767135480302045
2020-07-19 16:30:00,-0.5642530428190753
2020-07-19 16:33:00,-0.4973250649595684
2020-07-19 16:36:00,-0.6079108355090739
2020-07-19 16:39:00,-0.5258157457071206
2020-07-19 16:42:00,-0.5332130251083527
2020-07-19 16:45:00,-0.44177081512594896
2020-07-19 16:48:00,-0.5277806022426148
2020-07-19 16:51:00,-0.40160354081592686
2020-07-19 16:54:00,-0.4798892441996827
2020-07-19 16:57:00,-0.4148400322871453
2020-07-19 17:00:00,-0.5133103100022822
2020-07-19 17:03:00,-0.5555901789591076
2020-07-19 17:06:00,-0.4719856779441898
2020-07-19 17:09:00,-0.436952562777833
2020-07-19 17:12:00,-0.5559607986856463
2020-07-19 17:15:00,-0.42872091009263613
2020-07-19 17:18:00,-0.3294057312275527
2020-07-19 17:21:00,-0.34874496937453614
2020-07-19 17:24:00,-0.41703522415599537
2020-07-19 17:27:00,-0.45763010153899586
2020-07-19 17:30:00,-0.3696198270780542
2020-07-19 17:33:00,-0.36403751230835724
2020-07-19 17:36:00,-0.4197005763008974
2020-07-19 17:39:00,-0.3867002404520008
2020-07-19 17:42:00,-0.36096192105452474
2020-07-19 17:45:00,-0.3974593212198556
2020-07-19 17:48:00,-0.37015574293661757
2020-07-19 17:51:00,-0.27391139387162866
2020-07-19 17:54:00,-0.20127928371067583
2020-07-19 17:57:00,-0.3061095663028368
2020-07-19 18:00:00,-0.3536900044671256
2020-07-19 18:03:00,-0.3659348165455185
2020-07-19 18:06:00,-0.38947258434239984
2020-07-19 18:09:00,-0.28649733775597497
2020-07-19 18:12:00,-0.31723396745940136
2020-07-19 18:15:00,-0.2766638090050151
2020-07-19 18:18:00,-0.3485871434233445
2020-07-19 18:21:00,-0.2577225118255342
2020-07-19 18:24:00,-0.3052627259173164
2020-07-19 18:27:00,-0.28100612847066486
2020-07-19 18:30:00,-0.2866036314033522
2020-07-19 18:33:00,-0.3241837186970429
2020-07-19 18:36:00,-0.29516894412375905
2020-07-19 18:39:00,-0.23660864475760945
2020-07-19 18:42:00,-0.3181287261560328
2020-07-19 18:45:00,-0.1845941708064629
2020-07-19 18:48:00,-0.18850285964231261
2020-07-19 18:51:00,-0.216412899958641
2020-07-19 18:54:00,
2020-07-19 18:57:00,
2020-07-19 19:00:00,
2020-07-19 19:03:00,-0.2048956575766283
2020-07-19 19:06:00,-0.2506632683069938
2020-07-19 19:09:00,-0.19300715612070007
2020-07-19 19:12:00,-0.31647808044584735
2020-07-19 19:15:00,-0.23626826972889603
2020-07-19 19:18:00,-0.32519023496956834
2020-07-19 19:21:00,-0.3162753429486429
2020-07-19 19:24:00,-0.32443073008357715
2020-07-19 19:27:00,-0.2167281831283958
2020-07-19 19:30:00,-0.28073012202958125
2020-07-19 19:33:00,-0.16284826101474437
2020-07-19 19:36:00,-0.2475102661604751
2020-07-19 19:39:00,-0.24278294993303007
2020-07-19 19:42:00,-0.19110216445801598
2020-07-19 19:45:00,-0.2007843818118431
2020-07-19 19:48:00,-0.1675695009799938
2020-07-19 19:51:00,-0.11222793662420827
2020-07-19 19:54:00,-0.1372434164055676
2020-07-19 19:57:00,-0.14906296726280743
2020-07-19 20:00:00,-0.07997211925152214
2020-07-19 20:03:00,-0.05021406354512692
2020-07-19 20:06:00,-0.12995562705185648
2020-07-19 20:09:00,-0.10038907206734393
2020-07-19 20:12:00,-0.06523538456156075
2020-07-19 20:15:00,-0.006299756331088702
2020-07-19 20:18:00,-0.1237670904205288
2020-07-19 20:21:00,-0.09096152250572231
2020-07-19 20:24:00,-0.1362977582796816
2020-07-19 20:27:00,0.02022676916232058
2020-07-19 20:30:00,-0.10247627846814567
2020-07-19 20:33:00,-0.14261728805240637
2020-07-19 20:36:00,-0.11267971681246536
2020-07-19 20:39:00,-0.09074261345199375
2020-07-19 20:42:00,-0.09679771447667918
2020-07-19 20:45:00,-0.14573529014819542
2020-07-19 20:48:00,-0.0654782353739165
2020-07-19 20:51:00,-0.11552982737964612
2020-07-19 20:54:00,0.04765410542046311
2020-07-19 20:57:00,-0.03701080258616685
2020-07-19 21:00:00,-0.05391257824396689
2020-07-19 21:03:00,-0.13077957542321883
2020-07-19 21:06:00,0.013311263942796359
2020-07-19 21:09:00,-0.1430723597562178
2020-07-19 21:12:00,0.035988749758416816
2020-07-19 21:15:00,-0.11592280471330696
2020-07-19 21:18:00,0.014119075795065328
2020-07-19 21:21:00,-0.015405313792427933
2020-07-19 21:24:00,0.039058856427686806
2020-07-19 21:27:00,0.02458676380115321
2020-07-19 21:30:00,-0.037632547081500434
2020-07-19 21:33:00,-0.05912609561221416
2020-07-19 21:36:00,-0.09055017834543833
2020-07-19 21:39:00,-0.060257852435199766
2020-07-19 21:42:00,-0.04343768188800823
2020-07-19 21:45:00,-0.08366747872156566
2020-07-19 21:48:00,-0.05214570849369693
2020-07-19 21:51:00,-0.04669073296696524
2020-07-19 21:54:00,-0.07371472032309612
2020-07-19 21:57:00,0.006952119530069467
2020-07-19 22:00:00,-0.17226554115734416
2020-07-19 22:03:00,-0.10604604109323645
2020-07-19 22:06:00,-0.0782272049865469
2020-07-19 22:09:00,-0.13599218635908983
2020-07-19 22:12:00,-0.07576441080101404
2020-07-19 22:15:00,-0.01581020552504242
2020-07-19 22:18:00,-0.032822560102658827
2020-07-19 22:21:00,-0.0018455592285135936
2020-07-19 22:24:00,0.03449857218629404
2020-07-19 22:27:00,-0.03824072698694181
2020-07-19 22:30:00,0.005207596422451388
2020-07-19 22:33:00,-0.036697655526438666
2020-07-19 22:36:00,-0.03889789013652489
2020-07-19 22:39:00,-0.10334064848035496
2020-07-19 22:42:00,-0.04290760494671986
2020-07-19 22:45:00,0.008039969632761768
2020-07-19 22:48:00,0.002166131697322271
2020-07-19 22:51:00,0.09551055229599115
2020-07-19 22:54:00,0.04607827512165841
2020-07-19 22:57:00,0.07328624761834135
2020-07-19 23:00:00,0.20525238521986466
2020-07-19 23:03:00,0.01356051230476396
2020-07-19 23:06:00,-0.04019295353759844
2020-07-19 23:09:00,0.03245415779400673
2020-07-19 23:12:00,-0.009561877245062078
2020-07-19 23:15:00,0.017782665698803157
2020-07-19 23:18:00,-0.011893034092622656
2020-07-19 23:21:00,0.06527964187495172
2020-07-19 23:24:00,-0.03630169044043896
2020-07-19 23:27:00,0.06937774718238643
2020-07-19 23:30:00,0.11486796815614753
2020-07-19 23:33:00,0.11128054043945212
2020-07-19 23:36:00,-0.014526931077512018
2020-07-19 23:39:00,-0.05325660707245561
2020-07-19 23:42:00,-0.00015014027644610906
2020-07-19 23:45:00,0.01745523319982567
2020-07-19 23:48:00,0.02222939955174752
2020-07-19 23:51:00,0.008114056864087615
2020-07-19 23:54:00,-0.11233401819674782
2020-07-19 23:57:00,-0.08352277186202173
2020-07-20 00:00:00,-0.010409180846579602
2020-07-20 00:03:00,-0.05989516282704699
2020-07-20 00:06:00,-0.020875998225790227
2020-07-20 00:09:00,-0.04719809709297351
2020-07-20 00:12:00,-0.006502614487999381
2020-07-20 00:15:00,-0.024699848329646557
2020-07-20 00:18:00,0.021169420322166843
2020-07-20 00:21:00,-0.006419853974534817
2020-07-20 00:24:00,0.07262023564163655
2020-07-20 00:27:00,0.08836358865784177
2020-07-20 00:30:00,-0.050771054564052065
2020-07-20 00:33:00,-0.008335549159369293
2020-07-20 00:36:00,0.09846347991623361
2020-07-20 00:39:00,0.12212685431927639
2020-07-20 00:42:00,0.08038396786434987
2020-07-20 00:45:00,0.07484404709236969
2020-07-20 00:48:00,0.0817252805705948
2020-07-20 00:51:00,0.010841844745982598
2020-07-20 00:54:00,0.06573966543095366
2020-07-20 00:57:00,0.09087350867201849
2020-07-20 01:00:00,-0.00046985740470972814
2020-07-20 01:03:00,0.08646915934519939
2020-07-20 01:06:00,0.018091571741535972
2020-07-20 01:09:00,0.028715234236699416
2020-07-20 01:12:00,-0.017947575905623125
2020-07-20 01:15:00,-0.05467613194809928
2020-07-20 01:18:00,0.09140798446384224
2020-07-20 01:21:00,-0.030662619393467594
2020-07-20 01:24:00,0.06710376548187469
2020-07-20 01:27:00,0.10622518940886039
2020-07-20 01:30:00,-0.019216159570248692
2020-07-20 01:33:00,0.007742574822259485
2020-07-20 01:36:00,0.037659117963983135
2020-07-20 01:39:00,0.056062657188135745
2020-07-20 01:42:00,0.11996980209380581
2020-07-20 01:45:00,0.06035958133702479
2020-07-20 01:48:00,0.09185069439485005
2020-07-20 01:51:00,0.09180974212631554
2020-07-20 01:54:00,0.10101623907831936
2020-07-20 01:57:00,0.008528144668105142
2020-07-20 02:00:00,-0.011921316479572397
2020-07-20 02:03:00,0.031898337719326264
2020-07-20 02:06:00,0.08033486954775526
2020-07-20 02:09:00,-0.014449921116067799
2020-07-20 02:12:00,0.08728818829365537
2020-07-20 02:15:00,0.09424236929351082
2020-07-20 02:18:00,0.10724025327931486
2020-07-20 02:21:00,0.13237706265567795
2020-07-20 02:24:00,0.07935479307371907
2020-07-20 02:27:00,0.09392616908189666
2020-07-20 02:30:00,0.027581573210625265
2020-07-20 02:33:00,0.06416908818772527
2020-07-20 02:36:00,0.09061921412592255
2020-07-20 02:39:00,0.08209212352926443
2020-07-20 02:42:00,0.1102059325484106
2020-07-20 02:45:00,0.0689090941127688
2020-07-20 02:48:00,0.10606260967341541
2020-07-20 02:51:00,0.17547819755674254
2020-07-20 02:54:00,0.07525199964101148
2020-07-20 02:57:00,0.09149657730506533
2020-07-20 03:00:00,0.05788282923009547
2020-07-20 03:03:00,0.07879560424373722
2020-07-20 03:06:00,0.17240291974798083
2020-07-20 03:09:00,0.10353277719661946
2020-07-20 03:12:00,0.11777950633768342
2020-07-20 03:15:00,0.07020343767959503
2020-07-20 03:18:00,0.05806604164365581
2020-07-20 03:21:00,0.09691592686084505
2020-07-20 03:24:00,0.10875587101185147
2020-07-20 03:27:00,0.1286537832080512
2020-07-20 03:30:00,0.09691282109127997
2020-07-20 03:33:00,0.08378524075646965
2020-07-20 03:36:00,0.11097739598403678
2020-07-20 03:39:00,0.10526549975634225
2020-07-20 03:42:00,0.13335266342051
2020-07-20 03:45:00,0.07484345619724309
2020-07-20 03:48:00,0.029212337098840635
2020-07-20 03:51:00,0.08880893050394434
2020-07-20 03:54:00,0.05128276290457734
2020-07-20 03:57:00,0.16285045221553673
2020-07-20 04:00:00,0.10440682473739571
2020-07-20 04:03:00,0.11815904333246863
2020-07-20 04:06:00,0.06706773833059287
2020-07-20 04:09:00,0.10942699230594144
2020-07-20 04:12:00,-0.040351383563859144
2020-07-20 04:15:00,0.10328679235692562
2020-07-20 04:18:00,0.09937224735313066
2020-07-20 04:21:00,0.1697921444680901
2020-07-20 04:24:00,0.14732805335393095
2020-07-20 04:27:00,0.10908311036547502
2020-07-20 04:30:00,0.10592361689612062
2020-07-20 04:33:00,0.12304811523711123
2020-07-20 04:36:00,0.06427668099627226
2020-07-20 04:39:00,0.133092927467942
2020-07-20 04:42:00,0.11935763733765725
2020-07-20 04:45:00,0.09177680755442452
2020-07-20 04:48:00,0.1438293777830495
2020-07-20 04:51:00,0.1936173885522976
2020-07-20 04:54:00,0.11899873757573687
2020-07-20 04:57:00,0.11109035279912405
2020-07-20 05:00:00,0.053098595182063946
2020-07-20 05:03:00,0.11437256297460863
2020-07-20 05:06:00,0.1428346866612742
2020-07-20 05:09:00,0.10182905413159915
2020-07-20 05:12:00,0.14511037981060326
2020-07-20 05:15:00,0.20201685698498295
2020-07-20 05:18:00,0.14698993568259766
2020-07-20 05:21:00,0.06537473872754163
2020-07-20 05:24:00,0.21133839930018894
2020-07-20 05:27:00,0.09076863808576263
2020-07-20 05:30:00,-0.02082298967383167
2020-07-20 05:33:00,0.07523388563259914
2020-07-20 05:36:00,0.2518167936156033
2020-07-20 05:39:00,0.06855972995458615
2020-07-20 05:42:00,0.12283979140477186
2020-07-20 05:45:00,0.12509554258468825
2020-07-20 05:48:00,0.27425050553813435
2020-07-20 05:51:00,0.24353476807766583
2020-07-20 05:54:00,0.12292969617550398
2020-07-20 05:57:00,0.1684679853199782
2020-07-20 06:00:00,0.2774981657202602
2020-07-20 06:03:00,0.18020292237906688
2020-07-20 06:06:00,0.19241098703292892
2020-07-20 06:09:00,0.2368032466372938
2020-07-20 06:12:00,0.11204273472452542
2020-07-20 06:15:00,0.015546639023568787
2020-07-20 06:18:00,0.15750341817584967
2020-07-20 06:21:00,0.15813432352342716
2020-07-20 06:24:00,0.17421963159875986
2020-07-20 06:27:00,0.1299606439956733
2020-07-20 06:30:00,0.18226745921060683
2020-07-20 06:33:00,0.16488689758409691
2020-07-20 06:36:00,0.2264671983753601
2020-07-20 06:39:00,0.11506015451919893
2020-07-20 06:42:00,0.21809804974060398
2020-07-20 06:45:00,0.2250947589497514
2020-07-20 06:48:00,0.2408651624808158
2020-07-20 06:51:00,0.22474867995748582
2020-07-20 06:54:00,0.2097335078051401
2020-07-20 06:57:00,0.18430150548311985
2020-07-20 07:00:00,0.11248981525505997
2020-07-20 07:03:00,0.15327629671475052
2020-07-20 07:06:00,0.0797485290786426
2020-07-20 07:09:00,0.16076916615173786
2020-07-20 07:12:00,0.1538129081433226
2020-07-20 07:15:00,0.029892443461733365
2020-07-20 07:18:00,0.15007327979571983
2020-07-20 07:21:00,0.1175058937463973
2020-07-20 07:24:00,0.19655126677241697
2020-07-20 07:27:00,0.1540780847956853
2020-07-20 07:30:00,0.04959811693879601
2020-07-20 07:33:00,0.21937390520014333
2020-07-20 07:36:00,0.14943033091952884
2020-07-20 07:39:00,0.14434917585219864
2020-07-20 07:42:00,0.14421329928785553
2020-07-20 07:45:00,0.15490357705436963
2020-07-20 07:48:00,0.1309178573580425
2020-07-20 07:51:00,0.06734033572530507
2020-07-20 07:54:00,0.10043642787945828
2020-07-20 07:57:00,0.12136015613913287
2020-07-20 08:00:00,0.06765616991384604
2020-07-20 08:03:00,0.014368435265794233
2020-07-20 08:06:00,0.06740134231097272
2020-07-20 08:09:00,0.0033318642248900687
2020-07-20 08:12:00,0.010503462383667284
2020-07-20 08:15:00,0.05130190039193394
2020-07-20 08:18:00,0.0168892037145838
2020-07-20 08:21:00,0.06640749139273794
2020-07-20 08:24:00,0.004260360209286773
2020-07-20 08:27:00,-0.08762522865453093
2020-07-20 08:30:00,-0.09404401366555248
2020-07-20 08:33:00,-0.04452743441851226
2020-07-20 08:36:00,0.027290012756566284
2020-07-20 08:39:00,-0.029308337167890386
2020-07-20 08:42:00,0.018632293060477423
2020-07-20 08:45:00,-0.07431902987565309
2020-07-20 08:48:00,0.04594467659939028
2020-07-20 08:51:00,-0.08183369180443378
2020-07-20 08:54:00,-0.04211270005805545
2020-07-20 08:57:00,-0.06072415648418428
2020-07-20 09:00:00,-0.07533125844520328
2020-07-20 09:03:00,-0.039503616441720624
2020-07-20 09:06:00,-0.06687217455282735
2020-07-20 09:09:00,-0.08476761480966388
2020-07-20 09:12:00,-0.12212907176149201
2020-07-20 09:15:00,-0.09446121072164715
2020-07-20 09:18:00,-0.18070367510171081
2020-07-20 09:21:00,-0.10828044794021707
2020-07-20 09:24:00,-0.18400070876117525
2020-07-20 09:27:00,-0.07866340039942088
2020-07-20 09:30:00,-0.15324148923900793
2020-07-20 09:33:00,-0.14593329517458642
2020-07-20 09:36:00,-0.12103251654485803
2020-07-20 09:39:00,-0.29400610755976686
2020-07-20 09:42:00,-0.2602854042317517
2020-07-20 09:45:00,-0.2212670118564688
2020-07-20 09:48:00,-0.20294829465353814
2020-07-20 09:51:00,-0.23832693235374336
2020-07-20 09:54:00,-0.20936272625147012
2020-07-20 09:57:00,-0.2681783125778452
2020-07-20 10:00:00,-0.1633059480651582
2020-07-20 10:03:00,-0.14145550157201114
2020-07-20 10:06:00,-0.298654388671423
2020-07-20 10:09:00,-0.2674615442248296
2020-07-20 10:12:00,-0.32847203756620047
2020-07-20 10:15:00,-0.25139029235901944
2020-07-20 10:18:00,-0.2602328240790257
2020-07-20 10:21:00,-0.26486129403951963
2020-07-20 10:24:00,-0.1848607189433551
2020-07-20 10:27:00,-0.2337607927096883
2020-07-20 10:30:00,-0.19601004783356757
2020-07-20 10:33:00,-0.17916433583945945
2020-07-20 10:36:00,-0.21490366530133542
2020-07-20 10:39:00,-0.24753439229937158
2020-07-20 10:42:00,-0.251273823714655
2020-07-20 10:45:00,-0.1785029682666277
2020-07-20 10:48:00,-0.2428793139038703
2020-07-20 10:51:00,-0.262989433800783
2020-07-20 10:54:00,-0.257889441163627
2020-07-20 10:57:00,-0.2772620373081054
2020-07-20 11:00:00,-0.34723686171400914
2020-07-20 11:03:00,-0.2631961237366909
2020-07-20 11:06:00,-0.3431799423030384
2020-07-20 11:09:00,-0.19564936754619566
2020-07-20 11:12:00,-0.19469322309839754
2020-07-20 11:15:00,-0.2038069250579042
2020-07-20 11:18:00,-0.07124578321321451
2020-07-20 11:21:00,-0.20023990854986096
2020-07-20 11:24:00,-0.18081196336993344
2020-07-20 11:27:00,-0.30531864887967686
2020-07-20 11:30:00,-0.3726226621511728
2020-07-20 11:33:00,-0.2662816517456008
2020-07-20 11:36:00,-0.36041474580611066
2020-07-20 11:39:00,-0.2711338306767175
2020-07-20 11:42:00,-0.26069544912758147
2020-07-20 11:45:00,-0.39054367249582356
2020-07-20 11:48:00,-0.37550408139657065
2020-07-20 11:51:00,-0.27911341331810036
2020-07-20 11:54:00,-0.27200859558905677
2020-07-20 11:57:00,-0.2847581832919559
2020-07-20 12:00:00,-0.35360268043717724
2020-07-20 12:03:00,-0.28834066424968796
2020-07-20 12:06:00,-0.25837848055158474
2020-07-20 12:09:00,-0.26596562863988993
2020-07-20 12:12:00,-0.2525027561064803
2020-07-20 12:15:00,-0.25790739778040006
2020-07-20 12:18:00,-0.3569275078572218
2020-07-20 12:21:00,-0.3970682772612122
2020-07-20 12:24:00,-0.40176670316691343
2020-07-20 12:27:00,-0.4040937053445077
2020-07-20 12:30:00,-0.35979653264223543
2020-07-20 12:33:00,-0.34768568288762935
2020-07-20 12:36:00,-0.3849039601698223
2020-07-20 12:39:00,-0.45412569386434143
2020-07-20 12:42:00,-0.46949041319840035
2020-07-20 12:45:00,-0.42208637733415344
2020-07-20 12:48:00,-0.3639589161256822
2020-07-20 12:51:00,-0.4385206142956122
2020-07-20 12:54:00,-0.5331767759963668
2020-07-20 12:57:00,-0.35269525525978906
2020-07-20 13:00:00,-0.33436456835545414
2020-07-20 13:03:00,-0.40616315578972717
2020-07-20 13:06:00,-0.4272084904363851
2020-07-20 13:09:00,-0.23703797943926475
2020-07-20 13:12:00,-0.2958977025433569
2020-07-20 13:15:00,-0.3864535654477663
2020-07-20 13:18:00,-0.42922970258138093
2020-07-20 13:21:00,-0.5736754430276392
2020-07-20 13:24:00,-0.3611345800316599
2020-07-20 13:27:00,-0.500373660099001
2020-07-20 13:30:00,-0.3966247289267244
2020-07-20 13:33:00,-0.43130608838959006
2020-07-20 13:36:00,-0.40421020729343127
2020-07-20 13:39:00,-0.4424210005741429
2020-07-20 13:42:00,-0.41073620196641514
2020-07-20 13:45:00,-0.5304282845927446
2020-07-20 13:48:00,-0.4437984347364363
2020-07-20 13:51:00,-0.42638807551361424
2020-07-20 13:54:00,-0.46676103607825326
2020-07-20 13:57:00,-0.5868338610815726
2020-07-20 14:00:00,-0.5201943521799421
2020-07-20 14:03:00,-0.47730898236557096
2020-07-20 14:06:00,-0.4836030780996339
2020-07-20 14:09:00,-0.5368558438369178
2020-07-20 14:12:00,-0.5856007661995477
2020-07-20 14:15:00,-0.49227356888667373
2020-07-20 14:18:00,-0.4958747327164019
2020-07-20 14:21:00,-0.5695259997640392
2020-07-20 14:24:00,-0.6715023599816163
2020-07-20 14:27:00,-0.561403491131216
2020-07-20 14:30:00,-0.5509579243231428
2020-07-20 14:33:00,-0.5960024829388431
2020-07-20 14:36:00,-0.4884321444848183
2020-07-20 14:39:00,-0.6181638973355348
2020-07-20 14:42:00,-0.5698851384166801
2020-07-20 14:45:00,-0.6581646251535744
2020-07-20 14:48:00,-0.5050796688070704
2020-07-20 14:51:00,-0.5487318909006831
2020-07-20 14:54:00,-0.5029493386813897
2020-07-20 14:57:00,-0.506446728539629
2020-07-20 15:00:00,-0.5707553357541428
2020-07-20 15:03:00,-0.6375824253817655
2020-07-20 15:06:00,-0.5136027234007656
2020-07-20 15:09:00,-0.5444493114238185
2020-07-20 15:12:00,-0.5623581692813104
2020-07-20 15:15:00,-0.5373164143288136
2020-07-20 15:18:00,-0.6035834711296957
2020-07-20 15:21:00,-0.47271130456601895
2020-07-20 15:24:00,-0.4162196137152705
2020-07-20 15:27:00,-0.4863631910534423
2020-07-20 15:30:00,-0.5188762727543121
2020-07-20 15:33:00,-0.5492924003658004
2020-07-20 15:36:00,-0.5417724363197749
2020-07-20 15:39:00,-0.5786187939611409
2020-07-20 15:42:00,-0.6027231355342906
2020-07-20 15:45:00,-0.4730000979748752
2020-07-20 15:48:00,-0.6304725350520357
2020-07-20 15:51:00,-0.6839177900475306
2020-07-20 15:54:00,-0.5434383011792647
2020-07-20 15:57:00,-0.4687237459423841
2020-07-20 16:00:00,-0.49141759282514386
2020-07-20 16:03:00,-0.5209789652888048
2020-07-20 16:06:00,-0.38871614615948147
2020-07-20 16:09:00,-0.5276249098508288
2020-07-20 16:12:00,-0.5418854584440851
2020-07-20 16:15:00,-0.610679816985396
2020-07-20 16:18:00,-0.46025320821900095
2020-07-20 16:21:00,-0.5577716224632354
2020-07-20 16:24:00,-0.44113078798056904
2020-07-20 16:27:00,-0.44172595715309626
2020-07-20 16:30:00,-0.40924704541816936
2020-07-20 16:33:00,-0.4216283994261403
2020-07-20 16:36:00,-0.45231091432805215
2020-07-20 16:39:00,-0.46236572743703164
2020-07-20 16:42:00,-0.37969919277657027
2020-07-20 16:45:00,-0.5129863156398073
2020-07-20 16:48:00,-0.47440831363297775
2020-07-20 16:51:00,-0.47096370183430736
2020-07-20 16:54:00,-0.4592967414849909
2020-07-20 16:57:00,-0.5437975078815498
2020-07-20 17:00:00,-0.4339899409926602
2020-07-20 17:03:00,-0.5302406589278235
2020-07-20 17:06:00,-0.4206695311927433
2020-07-20 17:09:00,-0.43228256334487014
2020-07-20 17:12:00,-0.5329682999993679
2020-07-20 17:15:00,-0.3762484897659988
2020-07-20 17:18:00,-0.3905657557442055
2020-07-20 17:21:00,-0.45778084540626196
2020-07-20 17:24:00,-0.4482371486922716
2020-07-20 17:27:00,-0.30975310444398474
2020-07-20 17:30:00,-0.35949829023445545
2020-07-20 17:33:00,-0.3295496410220835
2020-07-20 17:36:00,-0.439089881418397
2020-07-20 17:39:00,-0.28100736888052325
2020-07-20 17:42:00,-0.4335330863531226
2020-07-20 17:45:00,-0.3385127910502206
2020-07-20 17:48:00,-0.36519588450300944
2020-07-20 17:51:00,-0.37611243026458396
2020-07-20 17:54:00,-0.2656208957690751
2020-07-20 17:57:00,-0.3316470679513941
2020-07-20 18:00:00,-0.3036606584248034
2020-07-20 18:03:00,-0.258065813755195
2020-07-20 18:06:00,-0.18935949553559794
2020-07-20 18:09:00,-0.34352957228372816
2020-07-20 18:12:00,-0.36051616085933347
2020-07-20 18:15:00,-0.3290716512975109
2020-07-20 18:18:00,-0.40445433232360983
2020-07-20 18:21:00,-0.28245354448444004
2020-07-20 18:24:00,-0.3279573487746461
2020-07-20 18:27:00,-0.37522004259295727
2020-07-20 18:30:00,-0.24359200820452998
2020-07-20 18:33:00,-0.2489720150237531
2020-07-20 18:36:00,-0.18657380682731173
2020-07-20 18:39:00,-0.261219773897551
2020-07-20 18:42:00,-0.1696604301761795
2020-07-20 18:45:00,-0.19703915238602576
2020-07-20 18:48:00,-0.3034007158260579
2020-07-20 18:51:00,-0.20045122541534965
2020-07-20 18:54:00,
2020-07-20 18:57:00,
2020-07-20 19:00:00,
2020-07-20 19:03:00,-0.16391272529818934
2020-07-20 19:06:00,-0.22141740127972298
2020-07-20 19:09:00,-0.18100174914548006
2020-07-20 19:12:00,-0.15793059748307314
2020-07-20 19:15:00,-0.08269517239114066
2020-07-20 19:18:00,-0.1328576607330092
2020-07-20 19:21:00,-0.20801006417536883
2020-07-20 19:24:00,-0.08436033137735421
2020-07-20 19:27:00,-0.09582906762364019
2020-07-20 19:30:00,-0.11922295107069658
2020-07-20 19:33:00,-0.038848774927828345
2020-07-20 19:36:00,-0.055888616550646475
2020-07-20 19:39:00,-0.11305020992642767
2020-07-20 19:42:00,-0.10493013797264439
2020-07-20 19:45:00,-0.11792016481507517
2020-07-20 19:48:00,-0.13457503677523164
2020-07-20 19:51:00,-0.0591557855833571
2020-07-20 19:54:00,-0.11750072370932685
2020-07-20 19:57:00,-0.040724438475081115
2020-07-20 20:00:00,-0.072004717611037
2020-07-20 20:03:00,-0.10759483889211197
2020-07-20 20:06:00,-0.13430043989984597
2020-07-20 20:09:00,-0.0954752455253356
2020-07-20 20:12:00,0.012303358008978194
2020-07-20 20:15:00,-0.0648922931906668
2020-07-20 20:18:00,-0.07984288094678504
2020-07-20 20:21:00,-0.1038796347423272
2020-07-20 20:24:00,-0.11500143657360695
2020-07-20 20:27:00,-0.05423568893115771
2020-07-20 20:30:00,-0.03876927075839376
2020-07-20 20:33:00,-0.07220233191662828
2020-07-20 20:36:00,-0.05431426071936585
2020-07-20 20:39:00,-0.06344575675149144
2020-07-20 20:42:00,-0.10102069436106831
2020-07-20 20:45:00,0.023480608246018164
2020-07-20 20:48:00,0.037723847338895666
2020-07-20 20:51:00,0.03241859705605066
2020-07-20 20:54:00,8.104344021830912e-05
2020-07-20 20:57:00,-0.0742635617739893
2020-07-20 21:00:00,-0.08966613450240857
2020-07-20 21:03:00,0.01656158058830215
2020-07-20 21:06:00,-0.06176714602622724
2020-07-20 21:09:00,-0.023357760211865752
2020-07-20 21:12:00,-0.08479693897237439
2020-07-20 21:15:00,-0.08311579981875639
2020-07-20 21:18:00,-0.07597812240112489
2020-07-20 21:21:00,-0.010219786556262989
2020-07-20 21:24:00,0.01619273633929197
2020-07-20 21:27:00,-0.07245256523304988
2020-07-20 21:30:00,0.009123367146742112
2020-07-20 21:33:00,-0.09182533628057854
2020-07-20 21:36:00,-0.03761857946193459
2020-07-20 21:39:00,-0.07830604556687604
2020-07-20 21:42:00,-0.02412228027895935
2020-07-20 21:45:00,0.008719544779751232
2020-07-20 21:48:00,-0.09030933771134642
2020-07-20 21:51:00,0.010524084023813884
2020-07-20 21:54:00,-0.036478315912347625
2020-07-20 21:57:00,-0.051318167328247455
2020-07-20 22:00:00,-0.013892909991625402
2020-07-20 22:03:00,-0.024260667835108052
2020-07-20 22:06:00,-0.06036094955447879
2020-07-20 22:09:00,0.05478594949317994
2020-07-20 22:12:00,-0.07828877589878402
2020-07-20 22:15:00,-0.14033678994667298
2020-07-20 22:18:00,0.08645238845730319
2020-07-20 22:21:00,0.18490523861913744
2020-07-20 22:24:00,0.044453471625217844
2020-07-20 22:27:00,0.003660162877736184
2020-07-20 22:30:00,0.13788747090632114
2020-07-20 22:33:00,0.128826847552034
2020-07-20 22:36:00,-0.04626396553402401
2020-07-20 22:39:00,0.07796983821867798
2020-07-20 22:42:00,-0.00513246110426735
2020-07-20 22:45:00,-0.015125177816230462
2020-07-20 22:48:00,-0.07969801205729254
2020-07-20 22:51:00,0.01196920498102827
2020-07-20 22:54:00,-0.0617711361035731
2020-07-20 22:57:00,-0.05991450433884893
2020-07-20 23:00:00,-0.05500174650245526
2020-07-20 23:03:00,-0.25061321012196913
2020-07-20 23:06:00,-0.10824387568089833
2020-07-20 23:09:00,0.08027759431604409
2020-07-20 23:12:00,0.051781480857528095
2020-07-20 23:15:00,0.006726569676118288
2020-07-20 23:18:00,0.06594909232160262
2020-07-20 23:21:00,0.037657575297942
2020-07-20 23:24:00,0.021398381746791983
2020-07-20 23:27:00,0.011442328323482798
2020-07-20 23:30:00,-0.09700035421468556
2020-07-20 23:33:00,0.045162117841186955
2020-07-20 23:36:00,-0.01191109476570773
2020-07-20 23:39:00,0.03299701449498116
2020-07-20 23:42:00,-0.08055261676656755
2020-07-20 23:45:00,0.011195866475986804
2020-07-20 23:48:00,0.0097510133065839
2020-07-20 23:51:00,0.06114861210841127
2020-07-20 23:54:00,-0.1218265320038654
2020-07-20 23:57:00,-0.05615453758724698
2020-07-21 00:00:00,-0.004337130883016016
2020-07-21 00:03:00,-0.024817675117446925
2020-07-21 00:06:00,-0.03394846608068747
2020-07-21 00:09:00,0.06246957337742742
2020-07-21 00:12:00,0.03502928429827534
2020-07-21 00:15:00,0.008969944749651404
2020-07-21 00:18:00,-0.08047384325448093
2020-07-21 00:21:00,-0.10124528147400724
2020-07-21 00:24:00,-0.05614029212722471
2020-07-21 00:27:00,0.04860669090101055
2020-07-21 00:30:00,0.07556577759180527
2020-07-21 00:33:00,0.047492575488433886
2020-07-21 00:36:00,-0.0037354180609554533
2020-07-21 00:39:00,0.0811623260841543
2020-07-21 00:42:00,0.03946966562335774
2020-07-21 00:45:00,-0.02572243768821636
2020-07-21 00:48:00,-0.018273799563132798
2020-07-21 00:51:00,-0.0016747171424640328
2020-07-21 00:54:00,0.07049198853633243
2020-07-21 00:57:00,0.06533444321888737
2020-07-21 01:00:00,-0.04395606536195373
2020-07-21 01:03:00,-0.002948684083946773
2020-07-21 01:06:00,0.08613712003790397
2020-07-21 01:09:00,0.08328888690493841
2020-07-21 01:12:00,0.07765530823940026
2020-07-21 01:15:00,0.15526500076134653
2020-07-21 01:18:00,0.11086384524287496
2020-07-21 01:21:00,0.07850615410353612
2020-07-21 01:24:00,0.1510750134528962
2020-07-21 01:27:00,0.15663588564672182
2020-07-21 01:30:00,0.11461778886661023
2020-07-21 01:33:00,0.009735931486375193
2020-07-21 01:36:00,0.1134450396569946
2020-07-21 01:39:00,0.10695508531279074
2020-07-21 01:42:00,0.1629684490993668
2020-07-21 01:45:00,0.06584011786202382
2020-07-21 01:48:00,0.1441886947819171
2020-07-21 01:51:00,0.07859588313340282
2020-07-21 01:54:00,0.1726269594620362
2020-07-21 01:57:00,0.13525476956363036
2020-07-21 02:00:00,0.18444216916958567
2020-07-21 02:03:00,0.05764530915462274
2020-07-21 02:06:00,0.13192493764518076
2020-07-21 02:09:00,0.24281829058566018
2020-07-21 02:12:00,0.14379173406433665
2020-07-21 02:15:00,-0.014621091100366357
2020-07-21 02:18:00,0.08782694741751129
2020-07-21 02:21:00,0.16250785587669725
2020-07-21 02:24:00,0.2074306668185386
2020-07-21 02:27:00,0.0920780211906731
2020-07-21 02:30:00,0.07589497666788247
2020-07-21 02:33:00,0.024825642222538136
2020-07-21 02:36:00,0.10116090514787857
2020-07-21 02:39:00,0.20841653551417494
2020-07-21 02:42:00,0.13652884638878504
2020-07-21 02:45:00,0.09684962517025042
2020-07-21 02:48:00,0.0637553756286593
2020-07-21 02:51:00,0.06909284446970787
2020-07-21 02:54:00,0.0616825022291323
2020-07-21 02:57:00,0.057274723301304675
2020-07-21 03:00:00,0.11123866354608936
2020-07-21 03:03:00,0.14177369405769014
2020-07-21 03:06:00,0.15472783788311517
2020-07-21 03:09:00,0.10065695644732386
2020-07-21 03:12:00,0.17432729418214876
2020-07-21 03:15:00,0.046439759047189
2020-07-21 03:18:00,0.12392377261107868
2020-07-21 03:21:00,0.06793803379082419
2020-07-21 03:24:00,0.18151082228831683
2020-07-21 03:27:00,0.10974511614568883
2020-07-21 03:30:00,0.23463120896735745
2020-07-21 03:33:00,0.23055493008104122
2020-07-21 03:36:00,0.23670433694644544
2020-07-21 03:39:00,0.09309341863371401
2020-07-21 03:42:00,0.2483152206179966
2020-07-21 03:45:00,0.2984077435029917
2020-07-21 03:48:00,0.2367703103346912
2020-07-21 03:51:00,0.1253531623496542
2020-07-21 03:54:00,0.19920833216582423
2020-07-21 03:57:00,0.23352438069701975
2020-07-21 04:00:00,0.26434251041695234
2020-07-21 04:03:00,0.21260590309105964
2020-07-21 04:06:00,0.14792214462789843
2020-07-21 04:09:00,0.25987071621756286
2020-07-21 04:12:00,0.22457786411121106
2020-07-21 04:15:00,0.295644147046346
2020-07-21 04:18:00,0.33766842255317897
2020-07-21 04:21:00,0.3701283308849952
2020-07-21 04:24:00,0.34027302321158004
2020-07-21 04:27:00,0.22273163637498783
2020-07-21 04:30:00,0.2633548520863087
2020-07-21 04:33:00,0.281259089302182
2020-07-21 04:36:00,0.26683914024272326
2020-07-21 04:39:00,0.2389207108594178
2020-07-21 04:42:00,0.3052992891266513
2020-07-21 04:45:00,0.2776549845219165
2020-07-21 04:48:00,0.20947123670936207
2020-07-21 04:51:00,0.13002833258167357
2020-07-21 04:54:00,0.13964304874838263
2020-07-21 04:57:00,0.15008858524930702
2020-07-21 05:00:00,0.19126665310551516
2020-07-21 05:03:00,0.28003516505395964
2020-07-21 05:06:00,0.1970808708836671
2020-07-21 05:09:00,0.19286451048100162
2020-07-21 05:12:00,0.15360086768146175
2020-07-21 05:15:00,0.05955986775398969
2020-07-21 05:18:00,0.21203831137290763
2020-07-21 05:21:00,0.20120675788564313
2020-07-21 05:24:00,0.25221772325141956
2020-07-21 05:27:00,0.15680559694374097
2020-07-21 05:30:00,0.19560481000343088
2020-07-21 05:33:00,0.2166504794180355
2020-07-21 05:36:00,0.23895734014638492
2020-07-21 05:39:00,0.15092851429807297
2020-07-21 05:42:00,0.2642224866374363
2020-07-21 05:45:00,0.20370316591072424
2020-07-21 05:48:00,0.13730692717712145
2020-07-21 05:51:00,0.20046299270637746
2020-07-21 05:54:00,0.24922293270805085
2020-07-21 05:57:00,0.23111645436262052
2020-07-21 06:00:00,0.1451678287058371
2020-07-21 06:03:00,0.17007746559909265
2020-07-21 06:06:00,0.155872496437496
2020-07-21 06:09:00,0.230145801080198
2020-07-21 06:12:00,0.23634132562682453
2020-07-21 06:15:00,0.18893369952030525
2020-07-21 06:18:00,0.22953860423797323
2020-07-21 06:21:00,0.21261841299298112
2020-07-21 06:24:00,0.20167349990839512
2020-07-21 06:27:00,0.2886440199812341
2020-07-21 06:30:00,0.30094224678953196
2020-07-21 06:33:00,0.2675963013385285
2020-07-21 06:36:00,0.27474088670709307
2020-07-21 06:39:00,0.22112051648673514
2020-07-21 06:42:00,0.26833364969957074
2020-07-21 06:45:00,0.2038773903630613
2020-07-21 06:48:00,0.14360623775996828
2020-07-21 06:51:00,0.13096068541011618
2020-07-21 06:54:00,0.18434101857673113
2020-07-21 06:57:00,0.16244567199356652
2020-07-21 07:00:00,0.23628735896852504
2020-07-21 07:03:00,0.16854444086044396
2020-07-21 07:06:00,0.1627576621119715
2020-07-21 07:09:00,0.2367312692056771
2020-07-21 07:12:00,0.20720984727228142
2020-07-21 07:15:00,0.29707454916643883
2020-07-21 07:18:00,0.291232447825962
2020-07-21 07:21:00,0.202532286468454
2020-07-21 07:24:00,0.11749911721233275
2020-07-21 07:27:00,0.20570915270616297
2020-07-21 07:30:00,0.1675085731479271
2020-07-21 07:33:00,0.2509268674981513
2020-07-21 07:36:00,0.34282494811668585
2020-07-21 07:39:00,0.2257973293997111
2020-07-21 07:42:00,0.1772186436744505
2020-07-21 07:45:00,0.13925833394802112
2020-07-21 07:48:00,0.18838447638478328
2020-07-21 07:51:00,0.17358274019261444
2020-07-21 07:54:00,0.09463484910071429
2020-07-21 07:57:00,0.1785168887143982
2020-07-21 08:00:00,0.14722777651337537
2020-07-21 08:03:00,0.0866599959940686
2020-07-21 08:06:00,0.07238444640307762
2020-07-21 08:09:00,0.0626709392801672
2020-07-21 08:12:00,0.14298511825762716
2020-07-21 08:15:00,0.06003311125567734
2020-07-21 08:18:00,0.17372383934656455
2020-07-21 08:21:00,0.12405335893168967
2020-07-21 08:24:00,0.16213084474213701
2020-07-21 08:27:00,0.1756758890771266
2020-07-21 08:30:00,0.08259831201274892
2020-07-21 08:33:00,0.14131281769982706
2020-07-21 08:36:00,0.06508717531437469
2020-07-21 08:39:00,0.1552778139711677
2020-07-21 08:42:00,0.01200855917318222
2020-07-21 08:45:00,0.0027965328992536342
2020-07-21 08:48:00,0.06309919938752273
2020-07-21 08:51:00,0.057124140672783597
2020-07-21 08:54:00,-0.06764284743928783
2020-07-21 08:57:00,0.03965562226153452
2020-07-21 09:00:00,-0.0495022599185404
2020-07-21 09:03:00,-0.08192521936047115
2020-07-21 09:06:00,-0.031921154290273535
2020-07-21 09:09:00,-0.0351490819429614
2020-07-21 09:12:00,0.014393570847289539
2020-07-21 09:15:00,-0.022734830346280432
2020-07-21 09:18:00,-0.052261494915001094
2020-07-21 09:21:00,-0.05039880431684196
2020-07-21 09:24:00,-0.11337923486814816
2020-07-21 09:27:00,-0.01153936118026877
2020-07-21 09:30:00,-0.042915564945474216
2020-07-21 09:33:00,0.025190081897051186
2020-07-21 09:36:00,-0.12250750433503299
2020-07-21 09:39:00,-0.17744049704862164
2020-07-21 09:42:00,-0.11887184575442689
2020-07-21 09:45:00,-0.15537135158518822
2020-07-21 09:48:00,-0.09328223989507478
2020-07-21 09:51:00,-0.15562125252193937
2020-07-21 09:54:00,-0.08745627642537102
2020-07-21 09:57:00,-0.08392205583049872
2020-07-21 10:00:00,-0.15267699741542629
2020-07-21 10:03:00,-0.07488318730793253
2020-07-21 10:06:00,-0.12697216270538547
2020-07-21 10:09:00,-0.010167401516241625
2020-07-21 10:12:00,0.01577977286171972
2020-07-21 10:15:00,-0.1020005046889878
2020-07-21 10:18:00,-0.022237773306528652
2020-07-21 10:21:00,0.103165705822164
2020-07-21 10:24:00,0.11665252861052977
2020-07-21 10:27:00,0.06734244898126462
2020-07-21 10:30:00,0.04003272489137544
2020-07-21 10:33:00,0.05383874094098928
2020-07-21 10:36:00,0.009371916645704914
2020-07-21 10:39:00,0.060364146134247676
2020-07-21 10:42:00,-0.14297849860338374
2020-07-21 10:45:00,-0.05743419151042417
2020-07-21 10:48:00,-0.15271852837088318
2020-07-21 10:51:00,-0.04587216236848235
2020-07-21 10:54:00,0.030740554875933412
2020-07-21 10:57:00,0.017497049108555984
2020-07-21 11:00:00,0.0599060502638622
2020-07-21 11:03:00,0.08594719616820612
2020-07-21 11:06:00,0.1781456465238307
2020-07-21 11:09:00,0.08601474905771056
2020-07-21 11:12:00,0.07325052284573985
2020-07-21 11:15:00,0.016326124106342377
2020-07-21 11:18:00,0.050724873772310275
2020-07-21 11:21:00,0.3179713785031595
2020-07-21 11:24:00,0.25799046547490434
2020-07-21 11:27:00,0.28801728968636553
2020-07-21 11:30:00,0.20763798493322838
2020-07-21 11:33:00,0.021771730560828928
2020-07-21 11:36:00,0.21457381445191004
2020-07-21 11:39:00,0.2684105515784836
2020-07-21 11:42:00,0.12630322049562892
2020-07-21 11:45:00,0.10118886960214013
2020-07-21 11:48:00,0.24843419484528795
2020-07-21 11:51:00,0.2307316513105775
2020-07-21 11:54:00,0.20987864450108873
2020-07-21 11:57:00,0.010090130080470772
2020-07-21 12:00:00,0.01395050223987937
2020-07-21 12:03:00,0.007271675727508864
2020-07-21 12:06:00,0.02204787307789502
2020-07-21 12:09:00,-0.04524096992702198
2020-07-21 12:12:00,-0.03798058452213127
2020-07-21 12:15:00,-0.056103706809153664
2020-07-21 12:18:00,0.0672324673358844
2020-07-21 12:21:00,0.017329130121709113
2020-07-21 12:24:00,-0.2646390970360244
2020-07-21 12:27:00,-0.194999995175408
2020-07-21 12:30:00,-0.2267222296328555
2020-07-21 12:33:00,-0.157869166826913
2020-07-21 12:36:00,-0.04722710525271623
2020-07-21 12:39:00,-0.04748234956292663
2020-07-21 12:42:00,-0.08674153719698552
2020-07-21 12:45:00,-0.1245379263993982
2020-07-21 12:48:00,-0.3049493923515456
2020-07-21 12:51:00,0.0654130874868315
2020-07-21 12:54:00,-0.06922094429518211
2020-07-21 12:57:00,0.006046253655995315
2020-07-21 13:00:00,-0.1275964454960672
2020-07-21 13:03:00,-0.06291874757567939
2020-07-21 13:06:00,-0.11312746217464564
2020-07-21 13:09:00,-0.017997753457507315
2020-07-21 13:12:00,-0.19576786690902281
2020-07-21 13:15:00,-0.15432347832432924
2020-07-21 13:18:00,-0.02823360530840091
2020-07-21 13:21:00,-0.19218668687909712
2020-07-21 13:24:00,-0.2526058609456072
2020-07-21 13:27:00,-0.4482711929541665
2020-07-21 13:30:00,-0.17567545847111887
2020-07-21 13:33:00,-0.20496230794861958
2020-07-21 13:36:00,-0.24065488747720565
2020-07-21 13:39:00,-0.2877921816984781
2020-07-21 13:42:00,-0.41239073953124716
2020-07-21 13:45:00,-0.39209931697268985
2020-07-21 13:48:00,-0.3061207138414943
2020-07-21 13:51:00,-0.33040879017613634
2020-07-21 13:54:00,-0.45918224548785247
2020-07-21 13:57:00,-0.4217053221502738
2020-07-21 14:00:00,-0.367815299511733
2020-07-21 14:03:00,-0.27345290773314446
2020-07-21 14:06:00,-0.4311600853060895
2020-07-21 14:09:00,-0.37402495574934846
2020-07-21 14:12:00,-0.3921614118160619
2020-07-21 14:15:00,-0.2923755222354316
2020-07-21 14:18:00,-0.41157867782038693
2020-07-21 14:21:00,-0.44632731496801625
2020-07-21 14:24:00,-0.45583422849637145
2020-07-21 14:27:00,-0.37082470643588294
2020-07-21 14:30:00,-0.3444575559057057
2020-07-21 14:33:00,-0.3950994675921038
2020-07-21 14:36:00,-0.37959774166097304
2020-07-21 14:39:00,-0.41830527148965757
2020-07-21 14:42:00,-0.3749858512262563
2020-07-21 14:45:00,-0.35110244605499474
2020-07-21 14:48:00,-0.39271064744787054
2020-07-21 14:51:00,-0.4520019546346248
2020-07-21 14:54:00,-0.3926700950575537
2020-07-21 14:57:00,-0.427198981681272
2020-07-21 15:00:00,-0.4261045420725509
2020-07-21 15:03:00,-0.34206589964804834
2020-07-21 15:06:00,-0.3526560930470737
2020-07-21 15:09:00,-0.3388206460882657
2020-07-21 15:12:00,-0.395927910774617
2020-07-21 15:15:00,-0.40060176874806075
2020-07-21 15:18:00,-0.4544459655559763
2020-07-21 15:21:00,-0.3669419265720535
2020-07-21 15:24:00,-0.38303117524907293
2020-07-21 15:27:00,-0.3605606907100878
2020-07-21 15:30:00,-0.415090529745612
2020-07-21 15:33:00,-0.2973838123395467
2020-07-21 15:36:00,-0.32204991346043244
2020-07-21 15:39:00,-0.3805631001568486
2020-07-21 15:42:00,-0.27519135786451443
2020-07-21 15:45:00,-0.21387922604117193
2020-07-21 15:48:00,-0.2014039746343883
2020-07-21 15:51:00,-0.2852556423027295
2020-07-21 15:54:00,-0.2654174459962064
2020-07-21 15:57:00,-0.3513926346276435
2020-07-21 16:00:00,-0.3384087967791629
2020-07-21 16:03:00,-0.24073065678174999
2020-07-21 16:06:00,-0.24544687776875662
2020-07-21 16:09:00,-0.3062055013123768
2020-07-21 16:12:00,-0.3351147787867035
2020-07-21 16:15:00,-0.388361897653283
2020-07-21 16:18:00,-0.42126931932375555
2020-07-21 16:21:00,-0.41533277829910276
2020-07-21 16:24:00,-0.3323973575257355
2020-07-21 16:27:00,-0.2788872294128737
2020-07-21 16:30:00,-0.3468843107884254
2020-07-21 16:33:00,-0.26666433876539486
2020-07-21 16:36:00,-0.24560819894259112
2020-07-21 16:39:00,-0.3191269191281094
2020-07-21 16:42:00,-0.23144797152065166
2020-07-21 16:45:00,-0.19011608142392333
2020-07-21 16:48:00,-0.10437809369335582
2020-07-21 16:51:00,-0.2535476863185977
2020-07-21 16:54:00,-0.1521933166363283
2020-07-21 16:57:00,-0.29662620263883355
2020-07-21 17:00:00,-0.12728700998212616
2020-07-21 17:03:00,-0.19988635354877715
2020-07-21 17:06:00,-0.009366974158297126
2020-07-21 17:09:00,-0.012204800821166373
2020-07-21 17:12:00,0.0030959042208564824
2020-07-21 17:15:00,-0.017543677854348516
2020-07-21 17:18:00,-0.12865186995753675
2020-07-21 17:21:00,-0.15704320770942104
2020-07-21 17:24:00,-0.15001947673584937
2020-07-21 17:27:00,-0.26151687516778566
2020-07-21 17:30:00,-0.19150009643254862
2020-07-21 17:33:00,-0.18081546164444262
2020-07-21 17:36:00,-0.1718196374646368
2020-07-21 17:39:00,-0.13215653338505717
2020-07-21 17:42:00,-0.2601447087249653
2020-07-21 17:45:00,-0.2998541567379789
2020-07-21 17:48:00,-0.2538376186755045
2020-07-21 17:51:00,-0.15285741390789553
2020-07-21 17:54:00,-0.29993303627441037
2020-07-21 17:57:00,-0.22572982967665212
2020-07-21 18:00:00,-0.20893361698557555
2020-07-21 18:03:00,-0.31221531613601883
2020-07-21 18:06:00,-0.2372656688340271
2020-07-21 18:09:00,-0.2650894617551103
2020-07-21 18:12:00,-0.3263276860120641
2020-07-21 18:15:00,-0.22746270269868774
2020-07-21 18:18:00,-0.1093188261000364
2020-07-21 18:21:00,-0.21802928791225895
2020-07-21 18:24:00,-0.29611220231225843
2020-07-21 18:27:00,-0.20220125520160082
2020-07-21 18:30:00,-0.07242910307473949
2020-07-21 18:33:00,-0.1270164228776025
2020-07-21 18:36:00,-0.03130337326018662
2020-07-21 18:39:00,-0.07522670478283544
2020-07-21 18:42:00,-0.20100263472511415
2020-07-21 18:45:00,-0.13784378598228386
2020-07-21 18:48:00,-0.18632910952817383
2020-07-21 18:51:00,-0.08713792339159454
2020-07-21 18:54:00,
2020-07-21 18:57:00,
2020-07-21 19:00:00,
2020-07-21 19:03:00,0.13760281283202858
2020-07-21 19:06:00,0.41727155221354906
2020-07-21 19:09:00,0.22266426145381502
2020-07-21 19:12:00,0.2496448035029175
2020-07-21 19:15:00,0.30838425524802915
2020-07-21 19:18:00,0.23601195895093952
2020-07-21 19:21:00,-0.013522423786582749
2020-07-21 19:24:00,-0.1021148754732053
2020-07-21 19:27:00,-0.07219993518907586
2020-07-21 19:30:00,-0.07910280124332303
2020-07-21 19:33:00,-0.05461418253531747
2020-07-21 19:36:00,-0.07738671577612877
2020-07-21 19:39:00,-0.005900843051222182
2020-07-21 19:42:00,-0.04191989702314913
2020-07-21 19:45:00,0.07182176945843821
2020-07-21 19:48:00,-0.04168779509728893
2020-07-21 19:51:00,0.16170752310938497
2020-07-21 19:54:00,0.062333983114399416
2020-07-21 19:57:00,0.08922324915960189
2020-07-21 20:00:00,0.1221688503093219
2020-07-21 20:03:00,0.162322142383573
2020-07-21 20:06:00,0.1782686201111119
2020-07-21 20:09:00,0.17978978771191123
2020-07-21 20:12:00,0.14423320369951398
2020-07-21 20:15:00,0.2788148753585915
2020-07-21 20:18:00,0.4531294104212975
2020-07-21 20:21:00,0.5190132718287259
2020-07-21 20:24:00,0.4863859010694114
2020-07-21 20:27:00,0.3540377145089906
2020-07-21 20:30:00,0.36997389039675
2020-07-21 20:33:00,0.44235389873716713
2020-07-21 20:36:00,0.6000452293989724
2020-07-21 20:39:00,0.4720182813469478
2020-07-21 20:42:00,0.3567994476537706
2020-07-21 20:45:00,0.3148581304355389
2020-07-21 20:48:00,0.29560035606624524
2020-07-21 20:51:00,0.21981912425161454
2020-07-21 20:54:00,0.14811552386191806
2020-07-21 20:57:00,0.052047774345055586
2020-07-21 21:00:00,-0.0019942390261462606
2020-07-21 21:03:00,-0.03081797907697137
2020-07-21 21:06:00,-0.026361613129552097
2020-07-21 21:09:00,-0.09102061598667888
2020-07-21 21:12:00,-0.04643284356041022
2020-07-21 21:15:00,0.11621201281695903
2020-07-21 21:18:00,0.22790311315173994
2020-07-21 21:21:00,0.09035590591378195
2020-07-21 21:24:00,0.08463779394026005
2020-07-21 21:27:00,0.15497161054958042
2020-07-21 21:30:00,0.2377570994405005
2020-07-21 21:33:00,0.25996281166163726
2020-07-21 21:36:00,0.19726584040029138
2020-07-21 21:39:00,0.2104317045267976
2020-07-21 21:42:00,0.27259524494223797
2020-07-21 21:45:00,0.22557880594882818
2020-07-21 21:48:00,0.14960433088117497
2020-07-21 21:51:00,0.1183106083100256
2020-07-21 21:54:00,0.05891999866992137
2020-07-21 21:57:00,0.13708366812983286
2020-07-21 22:00:00,0.0935420798188602
2020-07-21 22:03:00,0.18866883342366236
2020-07-21 22:06:00,0.12821289475260755
2020-07-21 22:09:00,0.15558945778815314
2020-07-21 22:12:00,0.17924947023749382
2020-07-21 22:15:00,0.25447982321077234
2020-07-21 22:18:00,0.2118639970404388
2020-07-21 22:21:00,0.4458273858718371
2020-07-21 22:24:00,0.34704240429744004
2020-07-21 22:27:00,0.20585109565661242
2020-07-21 22:30:00,0.3417987934615212
2020-07-21 22:33:00,0.5197252502440506
2020-07-21 22:36:00,0.5020397749222525
2020-07-21 22:39:00,0.5816406036246917
2020-07-21 22:42:00,0.5788196220842678
2020-07-21 22:45:00,0.6750264430054358
2020-07-21 22:48:00,0.39756933790658877
2020-07-21 22:51:00,0.3540239795353841
2020-07-21 22:54:00,0.3327445410096743
2020-07-21 22:57:00,0.2801458946778439
2020-07-21 23:00:00,0.24761263020394608
2020-07-21 23:03:00,0.22704052567650024
2020-07-21 23:06:00,0.24989509855004144
2020-07-21 23:09:00,0.25386332539460454
2020-07-21 23:12:00,0.2814207276055072
2020-07-21 23:15:00,0.29541027243362805
2020-07-21 23:18:00,0.3712971164470673
2020-07-21 23:21:00,0.3320646845101578
2020-07-21 23:24:00,0.43624155871742687
2020-07-21 23:27:00,0.36510952243321526
2020-07-21 23:30:00,0.41259673933603835
2020-07-21 23:33:00,0.4434970391123443
2020-07-21 23:36:00,0.4385951555914289
2020-07-21 23:39:00,0.42029783168823087
2020-07-21 23:42:00,0.38693239991931705
2020-07-21 23:45:00,0.3541830819223719
2020-07-21 23:48:00,0.2949368306087763
2020-07-21 23:51:00,0.3301816524461856
2020-07-21 23:54:00,0.3086128970587083
2020-07-21 23:57:00,0.24525548271765274
2020-07-22 00:00:00,0.3024364255857108
2020-07-22 00:03:00,0.2836140011041266
2020-07-22 00:06:00,0.2707887495698742
2020-07-22 00:09:00,0.34190842824511947
2020-07-22 00:12:00,0.2484642656362439
2020-07-22 00:15:00,0.28494330918704236
2020-07-22 00:18:00,0.26534017841555624
2020-07-22 00:21:00,0.3385247207805264
2020-07-22 00:24:00,0.39044795196383575
2020-07-22 00:27:00,0.37914280471278516
2020-07-22 00:30:00,0.5192595481304352
2020-07-22 00:33:00,0.5848931583640251
2020-07-22 00:36:00,0.4715712639866183
2020-07-22 00:39:00,0.3227637715920082
2020-07-22 00:42:00,0.25835409788840025
2020-07-22 00:45:00,0.22601862601794664
2020-07-22 00:48:00,0.3493490419006662
2020-07-22 00:51:00,0.3635400193733176
2020-07-22 00:54:00,0.3339975838030682
2020-07-22 00:57:00,0.4369612612740639
2020-07-22 01:00:00,0.37823524289484567
2020-07-22 01:03:00,0.4033808200324529
2020-07-22 01:06:00,0.3959299039221946
2020-07-22 01:09:00,0.44664595272297447
2020-07-22 01:12:00,0.3652377724554867
2020-07-22 01:15:00,0.3890136842257448
2020-07-22 01:18:00,0.36262439838714045
2020-07-22 01:21:00,0.34762610649170256
2020-07-22 01:24:00,0.3878436118196191
2020-07-22 01:27:00,0.29464487782394144
2020-07-22 01:30:00,0.45153541499644234
2020-07-22 01:33:00,0.2940421973444245
2020-07-22 01:36:00,0.32454638356392707
2020-07-22 01:39:00,0.3247880600774806
2020-07-22 01:42:00,0.27279023566461547
2020-07-22 01:45:00,0.35799299688477504
2020-07-22 01:48:00,0.2245976558182292
2020-07-22 01:51:00,0.27520280394134033
2020-07-22 01:54:00,0.29918266614799904
2020-07-22 01:57:00,0.36937547936406645
2020-07-22 02:00:00,0.31481982639326134
2020-07-22 02:03:00,0.3164037096519223
2020-07-22 02:06:00,0.3002354540357146
2020-07-22 02:09:00,0.3554163665255601
2020-07-22 02:12:00,0.34952087388114705
2020-07-22 02:15:00,0.26368827366627556
2020-07-22 02:18:00,0.2740907836519568
2020-07-22 02:21:00,0.273932746133994
2020-07-22 02:24:00,0.3168779422796888
2020-07-22 02:27:00,0.3058724651578473
2020-07-22 02:30:00,0.318841705823786
2020-07-22 02:33:00,0.3060322444496819
2020-07-22 02:36:00,0.3101865858484416
2020-07-22 02:39:00,0.29388461779979025
2020-07-22 02:42:00,0.28088320214015994
2020-07-22 02:45:00,0.23755011419302718
2020-07-22 02:48:00,0.27019492492661357
2020-07-22 02:51:00,0.3381685076806207
2020-07-22 02:54:00,0.4295069987187503
2020-07-22 02:57:00,0.36777600165697777
2020-07-22 03:00:00,0.3668300424097879
2020-07-22 03:03:00,0.4218238737293518
2020-07-22 03:06:00,0.3537635852472363
2020-07-22 03:09:00,0.36827186148804003
2020-07-22 03:12:00,0.4592227660652952
2020-07-22 03:15:00,0.34280497382565045
2020-07-22 03:18:00,0.4279340760834316
2020-07-22 03:21:00,0.35079433180061415
2020-07-22 03:24:00,0.5162949780286681
2020-07-22 03:27:00,0.35748359098460014
2020-07-22 03:30:00,0.5723444384054801
2020-07-22 03:33:00,0.5026430820996097
2020-07-22 03:36:00,0.531393627160412
2020-07-22 03:39:00,0.5087122433262721
2020-07-22 03:42:00,0.47005234475466295
2020-07-22 03:45:00,0.4098569564519039
2020-07-22 03:48:00,0.3757705200776513
2020-07-22 03:51:00,0.4739247988513853
2020-07-22 03:54:00,0.42028494851865617
2020-07-22 03:57:00,0.45870244899202817
2020-07-22 04:00:00,0.5233833908196175
2020-07-22 04:03:00,0.49287632176157103
2020-07-22 04:06:00,0.5007146629678232
2020-07-22 04:09:00,0.4024956606470482
2020-07-22 04:12:00,0.45826980838984355
2020-07-22 04:15:00,0.46685131253610734
2020-07-22 04:18:00,0.5194274901405151
2020-07-22 04:21:00,0.47126101509502405
2020-07-22 04:24:00,0.3937939872657239
2020-07-22 04:27:00,0.45277245547890743
2020-07-22 04:30:00,0.4311823252866702
2020-07-22 04:33:00,0.3754585670907318
2020-07-22 04:36:00,0.5995979541020233
2020-07-22 04:39:00,0.37660058975075117
2020-07-22 04:42:00,0.42544558539435684
2020-07-22 04:45:00,0.41711592644281836
2020-07-22 04:48:00,0.40999465392872025
2020-07-22 04:51:00,0.4075291382200703
2020-07-22 04:54:00,0.38497452791409614
2020-07-22 04:57:00,0.38218387410444166
2020-07-22 05:00:00,0.3811641967290029
2020-07-22 05:03:00,0.3644322384207612
2020-07-22 05:06:00,0.4268976461859779
2020-07-22 05:09:00,0.45236739936933645
2020-07-22 05:12:00,0.49713166354632676
2020-07-22 05:15:00,0.4497920084962175
2020-07-22 05:18:00,0.3641868708896254
2020-07-22 05:21:00,0.3586496879888159
2020-07-22 05:24:00,0.46227297493504693
2020-07-22 05:27:00,0.4424020520590375
2020-07-22 05:30:00,0.3654179134668425
2020-07-22 05:33:00,0.4367757936920498
2020-07-22 05:36:00,0.44849848792887315
2020-07-22 05:39:00,0.45640060229749224
2020-07-22 05:42:00,0.3897949299644097
2020-07-22 05:45:00,0.39479622601072606
2020-07-22 05:48:00,0.4562498078332169
2020-07-22 05:51:00,0.4042237368819315
2020-07-22 05:54:00,0.3111084588180688
2020-07-22 05:57:00,0.319143154565495
2020-07-22 06:00:00,0.35635277982476055
2020-07-22 06:03:00,0.305440643882946
2020-07-22 06:06:00,0.24763619763081124
2020-07-22 06:09:00,0.39897789719492494
2020-07-22 06:12:00,0.4153477324981054
2020-07-22 06:15:00,0.43156262834361314
2020-07-22 06:18:00,0.39140684641847656
2020-07-22 06:21:00,0.318374350610668
2020-07-22 06:24:00,0.3709763809741844
2020-07-22 06:27:00,0.3333344784402925
2020-07-22 06:30:00,0.4466484427691171
2020-07-22 06:33:00,0.37151024962400925
2020-07-22 06:36:00,0.2643050210944011
2020-07-22 06:39:00,0.3764669618209382
2020-07-22 06:42:00,0.3389260783208101
2020-07-22 06:45:00,0.44480275804198754
2020-07-22 06:48:00,0.3637509065083009
2020-07-22 06:51:00,0.3852575346924141
2020-07-22 06:54:00,0.33282178346121327
2020-07-22 06:57:00,0.2944451980226859
2020-07-22 07:00:00,0.3786867839343131
2020-07-22 07:03:00,0.40243368645690225
2020-07-22 07:06:00,0.3792095717836901
2020-07-22 07:09:00,0.38878814680441565
2020-07-22 07:12:00,0.32985866771116434
2020-07-22 07:15:00,0.3511113331434217
2020-07-22 07:18:00,0.3709027031348455
2020-07-22 07:21:00,0.31800860296277733
2020-07-22 07:24:00,0.3794955200509662
2020-07-22 07:27:00,0.38935115179288005
2020-07-22 07:30:00,0.2283372426326764
2020-07-22 07:33:00,
2020-07-22 07:36:00,0.4942462219291883
2020-07-22 07:39:00,0.4004739097339325
2020-07-22 07:42:00,0.4095733383019251
2020-07-22 07:45:00,0.29220095126424894
2020-07-22 07:48:00,0.38760196858413565
2020-07-22 07:51:00,0.3223251796634372
2020-07-22 07:54:00,0.24432598262723104
2020-07-22 07:57:00,0.4401231317553993
2020-07-22 08:00:00,0.32851762241693905
2020-07-22 08:03:00,0.28294068870388855
2020-07-22 08:06:00,0.25226249808815737
2020-07-22 08:09:00,0.36376052306451356
2020-07-22 08:12:00,0.3547357206361994
2020-07-22 08:15:00,0.3181090684006449
2020-07-22 08:18:00,0.5199479383101107
2020-07-22 08:21:00,0.3972689181765645
2020-07-22 08:24:00,0.263607616374145
2020-07-22 08:27:00,0.3380714098529438
2020-07-22 08:30:00,0.3963489352684064
2020-07-22 08:33:00,0.20665404306635082
2020-07-22 08:36:00,0.19936083264030913
2020-07-22 08:39:00,0.19252155068954835
2020-07-22 08:42:00,0.2558662562828431
2020-07-22 08:45:00,0.25699796556364163
2020-07-22 08:48:00,0.207716413242224
2020-07-22 08:51:00,0.22662979268642403
2020-07-22 08:54:00,0.19647956172087788
2020-07-22 08:57:00,0.17752769701297666
2020-07-22 09:00:00,0.23393738416132237
2020-07-22 09:03:00,0.33146233195151353
2020-07-22 09:06:00,0.24298806614967816
2020-07-22 09:09:00,0.1971719553470166
2020-07-22 09:12:00,0.14523888533182117
2020-07-22 09:15:00,0.20613105974655355
2020-07-22 09:18:00,0.0927115454073828
2020-07-22 09:21:00,0.16277314430527667
2020-07-22 09:24:00,0.1263532057716361
2020-07-22 09:27:00,0.19036378595370707
2020-07-22 09:30:00,0.16901801516524984
2020-07-22 09:33:00,0.06426147352016187
2020-07-22 09:36:00,0.12743735622501617
2020-07-22 09:39:00,0.13276049470221096
2020-07-22 09:42:00,0.19286199545945237
2020-07-22 09:45:00,0.2149422004168855
2020-07-22 09:48:00,0.1614948542888328
2020-07-22 09:51:00,0.1838262768843606
2020-07-22 09:54:00,0.07368265149489162
2020-07-22 09:57:00,0.10618897102580149
2020-07-22 10:00:00,0.10068421775963543
2020-07-22 10:03:00,0.13249341164203088
2020-07-22 10:06:00,0.019308723243113946
2020-07-22 10:09:00,0.1703613496601406
2020-07-22 10:12:00,0.11640910484567257
2020-07-22 10:15:00,-0.019848219090192742
2020-07-22 10:18:00,0.08393624586318538
2020-07-22 10:21:00,-0.019245969941778185
2020-07-22 10:24:00,-0.020414174176949018
2020-07-22 10:27:00,-0.023719025438481367
2020-07-22 10:30:00,-0.011050894005848022
2020-07-22 10:33:00,-0.051938069416337385
2020-07-22 10:36:00,-0.10179390106429764
2020-07-22 10:39:00,0.11522649890775938
2020-07-22 10:42:00,-0.07708006728472583
2020-07-22 10:45:00,-0.13245914797261094
2020-07-22 10:48:00,-0.011358133073315457
2020-07-22 10:51:00,-0.054567695782964165
2020-07-22 10:54:00,-0.15476010415324026
2020-07-22 10:57:00,0.0310247604938354
2020-07-22 11:00:00,-0.022152746428105274
2020-07-22 11:03:00,-0.011238381944963294
2020-07-22 11:06:00,0.05951438381202934
2020-07-22 11:09:00,0.012222608786544242
2020-07-22 11:12:00,-0.06198306718482627
2020-07-22 11:15:00,0.009158417416529119
2020-07-22 11:18:00,0.01656601299924887
2020-07-22 11:21:00,-0.054757837398938136
2020-07-22 11:24:00,0.018559549266569775
2020-07-22 11:27:00,-0.06124118455983307
2020-07-22 11:30:00,-0.020714944823851056
2020-07-22 11:33:00,0.005324641918377893
2020-07-22 11:36:00,-0.017842605737200756
2020-07-22 11:39:00,0.16557567394931993
2020-07-22 11:42:00,0.07836017473022139
2020-07-22 11:45:00,-0.03140247427461418
2020-07-22 11:48:00,0.09645786741737084
2020-07-22 11:51:00,0.0729639579636796
2020-07-22 11:54:00,0.017932221388718972
2020-07-22 11:57:00,-0.12658832649992746
2020-07-22 12:00:00,0.06711807987312568
2020-07-22 12:03:00,-0.159947378658444
2020-07-22 12:06:00,0.0902628068569129
2020-07-22 12:09:00,-0.04905123251421628
2020-07-22 12:12:00,0.1816822572611727
2020-07-22 12:15:00,-0.13110792487367462
2020-07-22 12:18:00,0.049563401028365206
2020-07-22 12:21:00,-0.027943230918481277
2020-07-22 12:24:00,0.09167597409043537
2020-07-22 12:27:00,0.13763610487086453
2020-07-22 12:30:00,0.11600674509924147
2020-07-22 12:33:00,0.11318928157919572
2020-07-22 12:36:00,0.10485511305466844
2020-07-22 12:39:00,-0.03330539694871959
2020-07-22 12:42:00,-0.10380035174262048
2020-07-22 12:45:00,-0.04326913142131161
2020-07-22 12:48:00,-0.0695671244346272
2020-07-22 12:51:00,-0.24140859246199398
2020-07-22 12:54:00,-0.11087803672404561
2020-07-22 12:57:00,-0.23538760062427855
2020-07-22 13:00:00,-0.202991569765004
2020-07-22 13:03:00,-0.2099918317382503
2020-07-22 13:06:00,-0.05574925343648829
2020-07-22 13:09:00,-0.07115072770636743
2020-07-22 13:12:00,0.04907686644628484
2020-07-22 13:15:00,-0.13528253958031655
2020-07-22 13:18:00,-0.1506114551251585
2020-07-22 13:21:00,-0.2541284990720101
2020-07-22 13:24:00,-0.24511659629035876
2020-07-22 13:27:00,-0.23552525877499875
2020-07-22 13:30:00,-0.09794819262680221
2020-07-22 13:33:00,0.10503759094370935
2020-07-22 13:36:00,0.21824434612420873
2020-07-22 13:39:00,0.15619868911352341
2020-07-22 13:42:00,0.23638129214822357
2020-07-22 13:45:00,-0.0022670347460120865
2020-07-22 13:48:00,-0.08955489240798897
2020-07-22 13:51:00,-0.03544438634986591
2020-07-22 13:54:00,0.04164194518818931
2020-07-22 13:57:00,-0.06713305190970686
2020-07-22 14:00:00,-0.12914621856793929
2020-07-22 14:03:00,-0.13709428912437716
2020-07-22 14:06:00,-0.0969136477933148
2020-07-22 14:09:00,-0.13005559090510133
2020-07-22 14:12:00,-0.20512640162422713
2020-07-22 14:15:00,-0.07210683436903764
2020-07-22 14:18:00,-0.1553737892000413
2020-07-22 14:21:00,-0.06886600789471231
2020-07-22 14:24:00,-0.1189121002011575
2020-07-22 14:27:00,-0.1461425548357056
2020-07-22 14:30:00,-0.07726034337878218
2020-07-22 14:33:00,-0.23153598143062482
2020-07-22 14:36:00,-0.1396144573446918
2020-07-22 14:39:00,-0.11623706935807832
2020-07-22 14:42:00,-0.11419462812204983
2020-07-22 14:45:00,-0.20199337740586998
2020-07-22 14:48:00,-0.20869972096090805
2020-07-22 14:51:00,-0.263998274914627
2020-07-22 14:54:00,-0.25138757124869926
2020-07-22 14:57:00,-0.2567558366357048
2020-07-22 15:00:00,-0.15806490026284337
2020-07-22 15:03:00,-0.15832589545789233
2020-07-22 15:06:00,-0.15712136734174464
2020-07-22 15:09:00,-0.31586723045313647
2020-07-22 15:12:00,-0.16629792156652456
2020-07-22 15:15:00,-0.3174304844532685
2020-07-22 15:18:00,-0.17821047933631462
2020-07-22 15:21:00,-0.27925913043145556
2020-07-22 15:24:00,-0.3181616064628088
2020-07-22 15:27:00,-0.2694399968274297
2020-07-22 15:30:00,-0.314260990069954
2020-07-22 15:33:00,-0.28792837285641326
2020-07-22 15:36:00,-0.19738244621549939
2020-07-22 15:39:00,-0.3587467461383085
2020-07-22 15:42:00,-0.36831479774775744
2020-07-22 15:45:00,-0.3008236088634817
2020-07-22 15:48:00,-0.36575822225569254
2020-07-22 15:51:00,-0.244941436189265
2020-07-22 15:54:00,-0.3842363776280422
2020-07-22 15:57:00,-0.48074443098437314
2020-07-22 16:00:00,-0.43521233223248146
2020-07-22 16:03:00,-0.31729257248366594
2020-07-22 16:06:00,-0.44397545869031774
2020-07-22 16:09:00,-0.3121872473765279
2020-07-22 16:12:00,-0.34076953188520065
2020-07-22 16:15:00,-0.46911975677471673
2020-07-22 16:18:00,-0.3970508699301831
2020-07-22 16:21:00,-0.3507973544755032
2020-07-22 16:24:00,-0.36459892265901317
2020-07-22 16:27:00,-0.31194176099188553
2020-07-22 16:30:00,-0.36709313314349856
2020-07-22 16:33:00,-0.3548812814576081
2020-07-22 16:36:00,-0.3213021891689323
2020-07-22 16:39:00,-0.2276479521924557
2020-07-22 16:42:00,-0.2598964820380161
2020-07-22 16:45:00,-0.27177152746901356
2020-07-22 16:48:00,-0.19454745740557655
2020-07-22 16:51:00,-0.2640981667903475
2020-07-22 16:54:00,-0.11837674779957297
2020-07-22 16:57:00,-0.26657465295159
2020-07-22 17:00:00,-0.23443072850415092
2020-07-22 17:03:00,-0.19506653487837866
2020-07-22 17:06:00,-0.16319830155197224
2020-07-22 17:09:00,-0.23460180791073526
2020-07-22 17:12:00,-0.10287761624482528
2020-07-22 17:15:00,-0.08390104924257002
2020-07-22 17:18:00,-0.19967072952181297
2020-07-22 17:21:00,-0.1105745942992371
2020-07-22 17:24:00,-0.15028445701364035
2020-07-22 17:27:00,-0.1410371779455204
2020-07-22 17:30:00,0.003432824914000321
2020-07-22 17:33:00,-0.19880905286265715
2020-07-22 17:36:00,-0.10727616968529219
2020-07-22 17:39:00,-0.22258341106521584
2020-07-22 17:42:00,-0.12746321030778063
2020-07-22 17:45:00,-0.10593022773394978
2020-07-22 17:48:00,-0.1312066691653513
2020-07-22 17:51:00,-0.11858038707873675
2020-07-22 17:54:00,-0.07875929423249772
2020-07-22 17:57:00,-0.05137911610262336
2020-07-22 18:00:00,-0.11618974841383078
2020-07-22 18:03:00,-0.038234328680402996
2020-07-22 18:06:00,-0.17597592812671792
2020-07-22 18:09:00,-0.01652364274559659
2020-07-22 18:12:00,-0.06235406194753068
2020-07-22 18:15:00,0.022620906825125076
2020-07-22 18:18:00,-0.10270189720324652
2020-07-22 18:21:00,0.027393392086594304
2020-07-22 18:24:00,0.02282795120214587
2020-07-22 18:27:00,-0.019261992559563623
2020-07-22 18:30:00,-0.1390580946149953
2020-07-22 18:33:00,-0.007830195550695862
2020-07-22 18:36:00,-0.045409247001487074
2020-07-22 18:39:00,-0.12536470689519774
2020-07-22 18:42:00,-0.02313059356509939
2020-07-22 18:45:00,-0.014737524521422074
2020-07-22 18:48:00,0.01703555827822356
2020-07-22 18:51:00,-0.03186616161161737
2020-07-22 18:54:00,
2020-07-22 18:57:00,
2020-07-22 19:00:00,
2020-07-22 19:03:00,-0.020272007106882484
2020-07-22 19:06:00,0.018420552913369193
2020-07-22 19:09:00,-0.0075966484619129915
2020-07-22 19:12:00,-0.06437616034753546
2020-07-22 19:15:00,-0.06340685610564378
2020-07-22 19:18:00,-0.134986398083754
2020-07-22 19:21:00,0.026110748587655053
2020-07-22 19:24:00,-0.05141852841677519
2020-07-22 19:27:00,-0.06896610758002453
2020-07-22 19:30:00,-0.01797078703492616
2020-07-22 19:33:00,-0.06160950789433173
2020-07-22 19:36:00,-0.061153682749193194
2020-07-22 19:39:00,0.02727245808347334
2020-07-22 19:42:00,-0.011574576092925781
2020-07-22 19:45:00,-0.036863223574584936
2020-07-22 19:48:00,0.02674532588287093
2020-07-22 19:51:00,-0.07026608296456516
2020-07-22 19:54:00,-0.0727739001658847
2020-07-22 19:57:00,-0.05316497229557626
2020-07-22 20:00:00,0.06901506191633189
2020-07-22 20:03:00,-0.10219635045882569
2020-07-22 20:06:00,-0.004977855135507525
2020-07-22 20:09:00,-0.048490204195104525
2020-07-22 20:12:00,0.04574727314638949
2020-07-22 20:15:00,-0.05940013837624747
2020-07-22 20:18:00,0.06054051946250638
2020-07-22 20:21:00,-0.11784515275206786
2020-07-22 20:24:00,0.05386872410002752
2020-07-22 20:27:00,0.05839097764487633
2020-07-22 20:30:00,0.0644644636208227
2020-07-22 20:33:00,0.10544581671570086
2020-07-22 20:36:00,-0.01079240025700301
2020-07-22 20:39:00,-0.08305762991017218
2020-07-22 20:42:00,0.06620911994286871
2020-07-22 20:45:00,0.04343659143455625
2020-07-22 20:48:00,0.02477538245005917
2020-07-22 20:51:00,0.2079484976603112
2020-07-22 20:54:00,0.17121356103041308
2020-07-22 20:57:00,0.0968452839055658
2020-07-22 21:00:00,0.12641292236912705
2020-07-22 21:03:00,0.10997619943486825
2020-07-22 21:06:00,0.03429715478557682
2020-07-22 21:09:00,0.12838071802980267
2020-07-22 21:12:00,0.1859519304991295
2020-07-22 21:15:00,0.17524364366369127
2020-07-22 21:18:00,0.12211626694818278
2020-07-22 21:21:00,0.1888203934720991
2020-07-22 21:24:00,0.06145378683640956
2020-07-22 21:27:00,0.04158489567180368
2020-07-22 21:30:00,0.14594132723175335
2020-07-22 21:33:00,0.05838433835310752
2020-07-22 21:36:00,0.05416515521471865
2020-07-22 21:39:00,0.13655322670240366
2020-07-22 21:42:00,0.03916928233729777
2020-07-22 21:45:00,0.052895043803289354
2020-07-22 21:48:00,0.07177581830683266
2020-07-22 21:51:00,0.03613740296157175
2020-07-22 21:54:00,0.10020813970902509
2020-07-22 21:57:00,0.10889172070073982
2020-07-22 22:00:00,0.06943407009242719
2020-07-22 22:03:00,0.18911495777405207
2020-07-22 22:06:00,0.09810845844879168
2020-07-22 22:09:00,0.07720883553980684
2020-07-22 22:12:00,0.09277419235201023
2020-07-22 22:15:00,0.0477890143561126
2020-07-22 22:18:00,0.06567680711356161
2020-07-22 22:21:00,0.04112623360305179
2020-07-22 22:24:00,0.03787033529664541
2020-07-22 22:27:00,0.15823172845244926
2020-07-22 22:30:00,0.11695668378393975
2020-07-22 22:33:00,0.12216082105345549
2020-07-22 22:36:00,0.15899446623780022
2020-07-22 22:39:00,0.12722668823613503
2020-07-22 22:42:00,0.002436758777093928
2020-07-22 22:45:00,0.14655070574883666
2020-07-22 22:48:00,0.16472191680225023
2020-07-22 22:51:00,0.14550896971593374
2020-07-22 22:54:00,0.22506488622116194
2020-07-22 22:57:00,0.17767067933334602
2020-07-22 23:00:00,0.08693944357275996
2020-07-22 23:03:00,0.054348474615153464
2020-07-22 23:06:00,0.17457866084640727
2020-07-22 23:09:00,0.1573918276077393
2020-07-22 23:12:00,0.20783465295181713
2020-07-22 23:15:00,0.24149737237246427
2020-07-22 23:18:00,0.29603045205692524
2020-07-22 23:21:00,0.18308139066090234
2020-07-22 23:24:00,0.280758787946354
2020-07-22 23:27:00,0.17508590435318183
2020-07-22 23:30:00,0.21253702725613266
2020-07-22 23:33:00,0.39317637992246546
2020-07-22 23:36:00,0.42810100784134875
2020-07-22 23:39:00,0.16757752011568527
2020-07-22 23:42:00,0.024823115891706493
2020-07-22 23:45:00,0.12357405778521979
2020-07-22 23:48:00,0.014490636057303163
2020-07-22 23:51:00,0.15804169580923144
2020-07-22 23:54:00,0.15901165312624244
2020-07-22 23:57:00,0.16748811814392184
2020-07-23 00:00:00,0.18879850735282844
2020-07-23 00:03:00,0.12512621624307485
2020-07-23 00:06:00,0.14024662292638368
2020-07-23 00:09:00,0.21387018357256693
2020-07-23 00:12:00,0.24115793849978218
2020-07-23 00:15:00,0.09293275828161995
2020-07-23 00:18:00,0.05051408720373729
2020-07-23 00:21:00,0.09355482156558992
2020-07-23 00:24:00,0.06441823518764522
2020-07-23 00:27:00,0.052646165940018363
2020-07-23 00:30:00,0.1544986448836312
2020-07-23 00:33:00,0.10378168552807665
2020-07-23 00:36:00,0.11753617427405061
2020-07-23 00:39:00,0.18924552727452237
2020-07-23 00:42:00,0.17588227625083164
2020-07-23 00:45:00,0.1558625988434983
2020-07-23 00:48:00,0.22574830518368572
2020-07-23 00:51:00,0.1341414409571371
2020-07-23 00:54:00,0.25163210202453
2020-07-23 00:57:00,0.15770502250012441
2020-07-23 01:00:00,0.3449312930858355
2020-07-23 01:03:00,0.1698209341128063
2020-07-23 01:06:00,0.29532742938044976
2020-07-23 01:09:00,0.30258676020474695
2020-07-23 01:12:00,0.23118076950731847
2020-07-23 01:15:00,0.3212362926336141
2020-07-23 01:18:00,0.2906751536636989
2020-07-23 01:21:00,0.30861913753386716
2020-07-23 01:24:00,0.2934781766197716
2020-07-23 01:27:00,0.3546588185055839
2020-07-23 01:30:00,0.3421105322676681
2020-07-23 01:33:00,0.3007325113912884
2020-07-23 01:36:00,0.3198371389186718
2020-07-23 01:39:00,0.2604531463151716
2020-07-23 01:42:00,0.4499122281790733
2020-07-23 01:45:00,0.36498450218590506
2020-07-23 01:48:00,0.36182314526263326
2020-07-23 01:51:00,0.24799749680477134
2020-07-23 01:54:00,0.3293870735997757
2020-07-23 01:57:00,0.25245150531185345
2020-07-23 02:00:00,0.23733850837385262
2020-07-23 02:03:00,0.2323567295878206
2020-07-23 02:06:00,0.2117455995880846
2020-07-23 02:09:00,0.3511948433077805
2020-07-23 02:12:00,0.3517340483268754
2020-07-23 02:15:00,0.2637401706775222
2020-07-23 02:18:00,0.350805785182672
2020-07-23 02:21:00,0.3179716945057862
2020-07-23 02:24:00,0.27532766748089443
2020-07-23 02:27:00,0.72442059281002
2020-07-23 02:30:00,0.6956862158871786
2020-07-23 02:33:00,0.7550270813778752
2020-07-23 02:36:00,0.738192712431669
2020-07-23 02:39:00,0.7038175657279453
2020-07-23 02:42:00,0.5042517081475921
2020-07-23 02:45:00,0.3509858689920975
2020-07-23 02:48:00,0.16163858626890715
2020-07-23 02:51:00,0.2468767398232785
2020-07-23 02:54:00,0.1884857991183253
2020-07-23 02:57:00,0.26125067389887136
2020-07-23 03:00:00,0.18950225107846563
2020-07-23 03:03:00,0.24763401628342763
2020-07-23 03:06:00,0.3361848879283116
2020-07-23 03:09:00,0.3114545183364612
2020-07-23 03:12:00,0.29013046587959934
2020-07-23 03:15:00,0.44243943907326866
2020-07-23 03:18:00,0.40340119606076996
2020-07-23 03:21:00,0.4078747120124149
2020-07-23 03:24:00,0.3557610779369611
2020-07-23 03:27:00,0.4763155521814042
2020-07-23 03:30:00,0.577885201548213
2020-07-23 03:33:00,0.668741959653687
2020-07-23 03:36:00,0.7058170743974301
2020-07-23 03:39:00,0.6556452167822613
2020-07-23 03:42:00,0.6523124871195023
2020-07-23 03:45:00,0.5423596946050679
2020-07-23 03:48:00,0.36414603126581824
2020-07-23 03:51:00,0.4074350645164486
2020-07-23 03:54:00,0.3715000059057161
2020-07-23 03:57:00,0.44408806476360496
2020-07-23 04:00:00,0.3971320373592562
2020-07-23 04:03:00,0.43124690064161086
2020-07-23 04:06:00,0.43635229952968757
2020-07-23 04:09:00,0.31167714836658433
2020-07-23 04:12:00,0.38635181568622556
2020-07-23 04:15:00,0.324644223318046
2020-07-23 04:18:00,0.408344155534337
2020-07-23 04:21:00,0.3916329616764074
2020-07-23 04:24:00,0.3717355517973715
2020-07-23 04:27:00,0.35664258003339455
2020-07-23 04:30:00,0.3039890126611908
2020-07-23 04:33:00,0.4433292397497439
2020-07-23 04:36:00,0.4305545691157704
2020-07-23 04:39:00,0.6125652673052855
2020-07-23 04:42:00,0.6242832179664788
2020-07-23 04:45:00,0.5952716552928905
2020-07-23 04:48:00,0.5092124902436694
2020-07-23 04:51:00,0.39590906892124167
2020-07-23 04:54:00,0.5063328461590686
2020-07-23 04:57:00,0.4309379590447975
2020-07-23 05:00:00,0.3692609945475738
2020-07-23 05:03:00,0.41786355920760343
2020-07-23 05:06:00,0.44933230610558894
2020-07-23 05:09:00,0.3712828992472623
2020-07-23 05:12:00,0.3530791845311114
2020-07-23 05:15:00,0.49570163733079653
2020-07-23 05:18:00,0.4209287841553646
2020-07-23 05:21:00,0.3256129238243375
2020-07-23 05:24:00,0.3748482873819512
2020-07-23 05:27:00,0.4768474421888982
2020-07-23 05:30:00,0.3910784170353736
2020-07-23 05:33:00,0.26466122778845147
2020-07-23 05:36:00,0.3508004669735101
2020-07-23 05:39:00,0.45298850528723733
2020-07-23 05:42:00,0.318445133149055
2020-07-23 05:45:00,0.2981677165189467
2020-07-23 05:48:00,0.25647273230367773
2020-07-23 05:51:00,0.14693131148874272
2020-07-23 05:54:00,0.38866761216661416
2020-07-23 05:57:00,0.3473626378467429
2020-07-23 06:00:00,0.306978606107009
2020-07-23 06:03:00,0.2957377757088011
2020-07-23 06:06:00,0.2830360933444922
2020-07-23 06:09:00,0.3527586647889507
2020-07-23 06:12:00,0.37237074921029034
2020-07-23 06:15:00,0.27189318481595137
2020-07-23 06:18:00,0.4527109065778063
2020-07-23 06:21:00,0.3249349480524302
2020-07-23 06:24:00,0.39309721750112203
2020-07-23 06:27:00,0.22240779868019445
2020-07-23 06:30:00,0.2571376470367568
2020-07-23 06:33:00,0.2888660220939414
2020-07-23 06:36:00,0.26826340915630453
2020-07-23 06:39:00,0.3234526857177116
2020-07-23 06:42:00,0.34445317994465086
2020-07-23 06:45:00,0.41890200176788994
2020-07-23 06:48:00,0.3627303782769786
2020-07-23 06:51:00,0.3714333905488729
2020-07-23 06:54:00,0.335178615791051
2020-07-23 06:57:00,0.2861035380346948
2020-07-23 07:00:00,0.3727827353148996
2020-07-23 07:03:00,0.37336570440470496
2020-07-23 07:06:00,0.3720981239550838
2020-07-23 07:09:00,0.3950475132120346
2020-07-23 07:12:00,0.32962667146586
2020-07-23 07:15:00,0.3221950356921752
2020-07-23 07:18:00,0.41198414614348167
2020-07-23 07:21:00,0.31273211881602947
2020-07-23 07:24:00,0.33867629769451923
2020-07-23 07:27:00,0.19081635698404398
2020-07-23 07:30:00,0.3372421738869775
2020-07-23 07:33:00,0.3497276910756
2020-07-23 07:36:00,0.23674716097644932
2020-07-23 07:39:00,0.2812538310860191
2020-07-23 07:42:00,0.284515968179619
2020-07-23 07:45:00,0.3261193384077501
2020-07-23 07:48:00,0.3071270599605782
2020-07-23 07:51:00,0.31941248407673584
2020-07-23 07:54:00,0.30195659182231793
2020-07-23 07:57:00,0.20448565346617897
2020-07-23 08:00:00,0.3144881350708033
2020-07-23 08:03:00,0.23146817989197643
2020-07-23 08:06:00,0.3104273388971137
2020-07-23 08:09:00,0.28012366297451763
2020-07-23 08:12:00,0.24863126693668391
2020-07-23 08:15:00,0.2455670722853256
2020-07-23 08:18:00,0.25015593767705013
2020-07-23 08:21:00,0.30688794323378943
2020-07-23 08:24:00,0.4762815792007018
2020-07-23 08:27:00,0.5434266702403647
2020-07-23 08:30:00,0.6860870761152
2020-07-23 08:33:00,0.5612784582946801
2020-07-23 08:36:00,0.4934868197897231
2020-07-23 08:39:00,0.5052061868527744
2020-07-23 08:42:00,0.33863725052350446
2020-07-23 08:45:00,0.3538654221181332
2020-07-23 08:48:00,0.28419473612109414
2020-07-23 08:51:00,0.35081563766954105
2020-07-23 08:54:00,0.2708513449184693
2020-07-23 08:57:00,0.36842991667435854
2020-07-23 09:00:00,0.2871649608286475
2020-07-23 09:03:00,0.33009122384157763
2020-07-23 09:06:00,0.4239818885066029
2020-07-23 09:09:00,0.3404870858896061
2020-07-23 09:12:00,0.32712259455161075
2020-07-23 09:15:00,0.32212862798144215
2020-07-23 09:18:00,0.3142835360714571
2020-07-23 09:21:00,0.3694958702864142
2020-07-23 09:24:00,0.3371806463831035
2020-07-23 09:27:00,0.48680348484214164
2020-07-23 09:30:00,0.4043613178231453
2020-07-23 09:33:00,0.4686522878679398
2020-07-23 09:36:00,0.30140610774674315
2020-07-23 09:39:00,0.3388551814601328
2020-07-23 09:42:00,0.3477724641427926
2020-07-23 09:45:00,0.4454972615593533
2020-07-23 09:48:00,0.30149689856187933
2020-07-23 09:51:00,0.3123130091585722
2020-07-23 09:54:00,0.25459963014969844
2020-07-23 09:57:00,0.3128592141366653
2020-07-23 10:00:00,0.4466018892154011
2020-07-23 10:03:00,0.4074744557898953
2020-07-23 10:06:00,0.3084413600489597
2020-07-23 10:09:00,0.3458608678872679
2020-07-23 10:12:00,0.3969101965693653
2020-07-23 10:15:00,0.36285880279501725
2020-07-23 10:18:00,0.3452670472559589
2020-07-23 10:21:00,0.3363363692061512
2020-07-23 10:24:00,0.36999336674176675
2020-07-23 10:27:00,0.4856369111424783
2020-07-23 10:30:00,0.4907449396450829
2020-07-23 10:33:00,0.3508492842556734
2020-07-23 10:36:00,0.3336838718220747
2020-07-23 10:39:00,0.2883116258480527
2020-07-23 10:42:00,0.33035340089043075
2020-07-23 10:45:00,0.1540975670914122
2020-07-23 10:48:00,0.187831445345239
2020-07-23 10:51:00,0.2837646807267902
2020-07-23 10:54:00,0.21807088150723075
2020-07-23 10:57:00,0.3323491809733241
2020-07-23 11:00:00,0.17539901125189772
2020-07-23 11:03:00,0.2841612009503365
2020-07-23 11:06:00,0.23610652677831467
2020-07-23 11:09:00,0.13590928677166403
2020-07-23 11:12:00,0.21686846436927
2020-07-23 11:15:00,0.16023411956797418
2020-07-23 11:18:00,0.21593605978125652
2020-07-23 11:21:00,0.24207636439280122
2020-07-23 11:24:00,0.31152437028430313
2020-07-23 11:27:00,0.3222120442329697
2020-07-23 11:30:00,0.2488490110773114
2020-07-23 11:33:00,0.3751706130202592
2020-07-23 11:36:00,0.28741812720255666
2020-07-23 11:39:00,0.41567726266492855
2020-07-23 11:42:00,0.4653964790999794
2020-07-23 11:45:00,0.35445057877376485
2020-07-23 11:48:00,0.4393116165402944
2020-07-23 11:51:00,0.4829328895324352
2020-07-23 11:54:00,0.5225724985335205
2020-07-23 11:57:00,0.4671646737005517
2020-07-23 12:00:00,0.6021110400830025
2020-07-23 12:03:00,0.530701753435892
2020-07-23 12:06:00,0.5769031163075056
2020-07-23 12:09:00,0.5812678445988695
2020-07-23 12:12:00,0.5067534948313437
2020-07-23 12:15:00,0.64772765489937
2020-07-23 12:18:00,0.4069908680702383
2020-07-23 12:21:00,0.43556814126304744
2020-07-23 12:24:00,0.5395798339839644
2020-07-23 12:27:00,0.4605135366533091
2020-07-23 12:30:00,0.3892115170392003
2020-07-23 12:33:00,0.2974768766939633
2020-07-23 12:36:00,0.4370223187277702
2020-07-23 12:39:00,0.45873123620003753
2020-07-23 12:42:00,0.334074745506598
2020-07-23 12:45:00,0.36402946102964506
2020-07-23 12:48:00,0.24956692709298522
2020-07-23 12:51:00,0.35738216420094204
2020-07-23 12:54:00,0.27574177999605354
2020-07-23 12:57:00,0.27747882396215573
2020-07-23 13:00:00,0.3296178232493503
2020-07-23 13:03:00,0.2719483629146566
2020-07-23 13:06:00,0.3425396864122945
2020-07-23 13:09:00,0.22123278000577784
2020-07-23 13:12:00,0.2843680206160002
2020-07-23 13:15:00,0.23686987664336812
2020-07-23 13:18:00,0.2701983069526932
2020-07-23 13:21:00,0.3180502303881667
2020-07-23 13:24:00,0.287012102624999
2020-07-23 13:27:00,0.3246018400921571
2020-07-23 13:30:00,0.2943063775701944
2020-07-23 13:33:00,0.24897640414411626
2020-07-23 13:36:00,0.28366702748797934
2020-07-23 13:39:00,0.3124446632875788
2020-07-23 13:42:00,0.14462725141817145
2020-07-23 13:45:00,0.22693966514594877
2020-07-23 13:48:00,0.2488353740400271
2020-07-23 13:51:00,0.184845863556518
2020-07-23 13:54:00,0.125837211235023
2020-07-23 13:57:00,0.2704436573879434
2020-07-23 14:00:00,0.21616295148828613
2020-07-23 14:03:00,0.12369852027427441
2020-07-23 14:06:00,0.13559126098385832
2020-07-23 14:09:00,0.01736839684087954
2020-07-23 14:12:00,0.03546380806426441
2020-07-23 14:15:00,0.06596691621479067
2020-07-23 14:18:00,0.02224150378305012
2020-07-23 14:21:00,0.06036350503563881
2020-07-23 14:24:00,0.04258718025050712
2020-07-23 14:27:00,0.049700042695064894
2020-07-23 14:30:00,-0.1098223204140254
2020-07-23 14:33:00,-0.005902269027728835
2020-07-23 14:36:00,0.04183507883948323
2020-07-23 14:39:00,0.027034123074713534
2020-07-23 14:42:00,0.03286766617014791
2020-07-23 14:45:00,0.03562509325121255
2020-07-23 14:48:00,-0.013042362892633719
2020-07-23 14:51:00,0.034808882291997634
2020-07-23 14:54:00,0.01760763012867983
2020-07-23 14:57:00,0.04639729716910779
2020-07-23 15:00:00,-0.11469858252741005
2020-07-23 15:03:00,-0.041533599139427224
2020-07-23 15:06:00,-0.045265079554098975
2020-07-23 15:09:00,-0.10792710874028444
2020-07-23 15:12:00,-0.08239088365274938
2020-07-23 15:15:00,-0.15468137468815257
2020-07-23 15:18:00,-0.056759487569877365
2020-07-23 15:21:00,-0.141213180751663
2020-07-23 15:24:00,-0.17515784377411592
2020-07-23 15:27:00,-0.052462433434584455
2020-07-23 15:30:00,-0.07689356556772964
2020-07-23 15:33:00,-0.06227087201574477
2020-07-23 15:36:00,-0.027996742365871796
2020-07-23 15:39:00,-0.12459478683888392
2020-07-23 15:42:00,-0.019782238164623323
2020-07-23 15:45:00,-0.06899321401084535
2020-07-23 15:48:00,-0.16190586494082027
2020-07-23 15:51:00,-0.2712702145833532
2020-07-23 15:54:00,-0.18705055692151973
2020-07-23 15:57:00,-0.1918212416999836
2020-07-23 16:00:00,-0.1476984249637212
2020-07-23 16:03:00,-0.10227845187449702
2020-07-23 16:06:00,-0.20058750212933774
2020-07-23 16:09:00,-0.188857533325006
2020-07-23 16:12:00,-0.0881411321885821
2020-07-23 16:15:00,-0.06895771054155375
2020-07-23 16:18:00,-0.19259983098453404
2020-07-23 16:21:00,-0.16943049838965862
2020-07-23 16:24:00,-0.03299900185896831
2020-07-23 16:27:00,-0.07079306806241448
2020-07-23 16:30:00,-0.0061764014991467775
2020-07-23 16:33:00,-0.11695525400017459
2020-07-23 16:36:00,-0.08617772604651464
2020-07-23 16:39:00,0.1254111902932209
2020-07-23 16:42:00,0.03812736940898276
2020-07-23 16:45:00,0.15083806294262558
2020-07-23 16:48:00,0.3792790467832674
2020-07-23 16:51:00,0.3478183960514798
2020-07-23 16:54:00,0.26147476497800426
2020-07-23 16:57:00,0.1885298263834443
2020-07-23 17:00:00,0.23681738858709878
2020-07-23 17:03:00,0.12341128425424586
2020-07-23 17:06:00,0.21592731869048976
2020-07-23 17:09:00,0.19931127547300775
2020-07-23 17:12:00,0.24780839200775517
2020-07-23 17:15:00,0.18262236835994372
2020-07-23 17:18:00,0.14522006144522948
2020-07-23 17:21:00,0.21234751725143042
2020-07-23 17:24:00,0.09341557501346642
2020-07-23 17:27:00,0.21689926000266269
2020-07-23 17:30:00,0.11385563776997287
2020-07-23 17:33:00,0.15809679532145537
2020-07-23 17:36:00,0.15806683317191528
2020-07-23 17:39:00,0.24541246092559277
2020-07-23 17:42:00,0.2899545943926114
2020-07-23 17:45:00,0.5132290179830648
2020-07-23 17:48:00,0.43992743450633043
2020-07-23 17:51:00,0.528052375619211
2020-07-23 17:54:00,0.42772191189499154
2020-07-23 17:57:00,0.30769413534432033
2020-07-23 18:00:00,0.21421394456183407
2020-07-23 18:03:00,0.14840418282801693
2020-07-23 18:06:00,0.2049403434988335
2020-07-23 18:09:00,0.2163939186659718
2020-07-23 18:12:00,0.3141145079767398
2020-07-23 18:15:00,0.2791770356736265
2020-07-23 18:18:00,0.19379649914503716
2020-07-23 18:21:00,0.1762572099360682
2020-07-23 18:24:00,0.14842982429820495
2020-07-23 18:27:00,0.1950219817460379
2020-07-23 18:30:00,0.15933554888039225
2020-07-23 18:33:00,0.21352440820777474
2020-07-23 18:36:00,0.09103740146986183
2020-07-23 18:39:00,0.23257136386206412
2020-07-23 18:42:00,0.08687050202433966
2020-07-23 18:45:00,0.1431198224852892
2020-07-23 18:48:00,0.19671323438126365
2020-07-23 18:51:00,0.2199987005578805
2020-07-23 18:54:00,
2020-07-23 18:57:00,
2020-07-23 19:00:00,
2020-07-23 19:03:00,0.2665137764121255
2020-07-23 19:06:00,0.07066883187195572
2020-07-23 19:09:00,0.07634330532061995
2020-07-23 19:12:00,0.2547022687991216
2020-07-23 19:15:00,0.19600720237093583
2020-07-23 19:18:00,0.2093592873977741
2020-07-23 19:21:00,0.17867995426212246
2020-07-23 19:24:00,0.26969886669508014
2020-07-23 19:27:00,0.1276950064342941
2020-07-23 19:30:00,0.12117568806053214
2020-07-23 19:33:00,0.16045492393669747
2020-07-23 19:36:00,0.18689780932248823
2020-07-23 19:39:00,0.32473187008434934
2020-07-23 19:42:00,0.27777146590585744
2020-07-23 19:45:00,0.2606226233870075
2020-07-23 19:48:00,0.1628065708973736
2020-07-23 19:51:00,0.2685867875693475
2020-07-23 19:54:00,0.2128536146381066
2020-07-23 19:57:00,0.12640970150113162
2020-07-23 20:00:00,0.10741675408235096
2020-07-23 20:03:00,0.08845006978503989
2020-07-23 20:06:00,0.1381743883874833
2020-07-23 20:09:00,0.22238953329951983
2020-07-23 20:12:00,0.13111299838442392
2020-07-23 20:15:00,0.2010713304416072
2020-07-23 20:18:00,0.239093987117883
2020-07-23 20:21:00,0.1433887865101724
2020-07-23 20:24:00,0.18464869725067956
2020-07-23 20:27:00,0.21252878501172745
2020-07-23 20:30:00,0.18297538597965968
2020-07-23 20:33:00,0.18721162789927348
2020-07-23 20:36:00,0.21353679906928846
2020-07-23 20:39:00,0.20641248391081035
2020-07-23 20:42:00,0.23840468521018465
2020-07-23 20:45:00,0.1861118174356875
2020-07-23 20:48:00,0.23993726196397347
2020-07-23 20:51:00,0.1944551250608697
2020-07-23 20:54:00,0.12262454991821414
2020-07-23 20:57:00,0.17462062248290522
2020-07-23 21:00:00,0.14682515187342915
2020-07-23 21:03:00,0.1958659274018828
2020-07-23 21:06:00,0.2684167487616378
2020-07-23 21:09:00,0.24154399074825506
2020-07-23 21:12:00,0.1624053505674965
2020-07-23 21:15:00,0.16065024285296658
2020-07-23 21:18:00,0.1917081552847435
2020-07-23 21:21:00,0.24562611446066285
2020-07-23 21:24:00,0.14594628980228208
2020-07-23 21:27:00,0.19987375454070389
2020-07-23 21:30:00,0.18939077157369866
2020-07-23 21:33:00,0.21990137421835243
2020-07-23 21:36:00,0.19495417297963513
2020-07-23 21:39:00,0.2844965336217342
2020-07-23 21:42:00,0.3251492223842547
2020-07-23 21:45:00,0.30468335425609894
2020-07-23 21:48:00,0.2776361798327116
2020-07-23 21:51:00,0.22705733803502426
2020-07-23 21:54:00,0.2945945195643276
2020-07-23 21:57:00,0.20591310501617954
2020-07-23 22:00:00,0.22702974895457828
2020-07-23 22:03:00,0.2535232561326666
2020-07-23 22:06:00,0.19152819469030646
2020-07-23 22:09:00,0.24002585854327663
2020-07-23 22:12:00,0.37591394668231715
2020-07-23 22:15:00,0.2787446475072102
2020-07-23 22:18:00,0.40636436389650044
2020-07-23 22:21:00,0.24194223704296292
2020-07-23 22:24:00,0.2714230870195138
2020-07-23 22:27:00,0.3107649727577382
2020-07-23 22:30:00,0.22613983358053247
2020-07-23 22:33:00,0.1739042903977861
2020-07-23 22:36:00,0.22952731902427104
2020-07-23 22:39:00,0.296683447373141
2020-07-23 22:42:00,0.17800881797427337
2020-07-23 22:45:00,0.18023345932891743
2020-07-23 22:48:00,0.14879247633660952
2020-07-23 22:51:00,0.22508490830176697
2020-07-23 22:54:00,0.2125000008965685
2020-07-23 22:57:00,0.22603151226098817
2020-07-23 23:00:00,0.2435783381003489
2020-07-23 23:03:00,0.16738504333613946
2020-07-23 23:06:00,0.17873386146698067
2020-07-23 23:09:00,0.1630044750498314
2020-07-23 23:12:00,0.2318214149833011
2020-07-23 23:15:00,0.25645464822116537
2020-07-23 23:18:00,0.23210013749894642
2020-07-23 23:21:00,0.24180469457166964
2020-07-23 23:24:00,0.20557250715228292
2020-07-23 23:27:00,0.21699434394344053
2020-07-23 23:30:00,0.23273698784078078
2020-07-23 23:33:00,0.2200862345679866
2020-07-23 23:36:00,0.23357216646314782
2020-07-23 23:39:00,0.29423950835695223
2020-07-23 23:42:00,0.30780215562452895
2020-07-23 23:45:00,0.24081309430874853
2020-07-23 23:48:00,0.26952349525447516
2020-07-23 23:51:00,0.2933321586999682
2020-07-23 23:54:00,0.32908659359293324
2020-07-23 23:57:00,0.34087973207147115
2020-07-24 00:00:00,0.3450342778375557
2020-07-24 00:03:00,0.39217542834910546
2020-07-24 00:06:00,0.36766107981463847
2020-07-24 00:09:00,0.3842001582404464
2020-07-24 00:12:00,0.481176158799542
2020-07-24 00:15:00,0.4333699800137083
2020-07-24 00:18:00,0.48185512860897006
2020-07-24 00:21:00,0.5357852497728572
2020-07-24 00:24:00,0.5014117278770414
2020-07-24 00:27:00,0.43031815491167436
2020-07-24 00:30:00,0.44436837898683734
2020-07-24 00:33:00,0.36173463626920466
2020-07-24 00:36:00,0.3664004425136227
2020-07-24 00:39:00,0.41854253929216156
2020-07-24 00:42:00,0.44964817041073957
2020-07-24 00:45:00,0.4099844150957779
2020-07-24 00:48:00,0.39382116450542526
2020-07-24 00:51:00,0.4728735173002292
2020-07-24 00:54:00,0.4190801192762592
2020-07-24 00:57:00,0.3694751703125121
2020-07-24 01:00:00,0.5668876156919964
2020-07-24 01:03:00,0.4220913973877032
2020-07-24 01:06:00,0.42274951292085916
2020-07-24 01:09:00,0.4919767108544306
2020-07-24 01:12:00,0.5090773600785496
2020-07-24 01:15:00,0.41803006942421916
2020-07-24 01:18:00,0.42691610774329547
2020-07-24 01:21:00,0.3918563514378661
2020-07-24 01:24:00,0.5039516928943044
2020-07-24 01:27:00,0.40678865200698056
2020-07-24 01:30:00,0.5036661636300437
2020-07-24 01:33:00,0.5166975834505365
2020-07-24 01:36:00,0.5439880830025459
2020-07-24 01:39:00,0.5359245527632766
2020-07-24 01:42:00,0.4687221046510217
2020-07-24 01:45:00,0.4227565224001637
2020-07-24 01:48:00,0.45779545764742124
2020-07-24 01:51:00,0.5234806633228004
2020-07-24 01:54:00,0.4114235177858063
2020-07-24 01:57:00,0.46051726681929495
2020-07-24 02:00:00,0.3979329959906863
2020-07-24 02:03:00,0.44973602655079503
2020-07-24 02:06:00,0.30649289578036587
2020-07-24 02:09:00,0.3824846142962883
2020-07-24 02:12:00,0.38103127925228364
2020-07-24 02:15:00,0.41831470988279307
2020-07-24 02:18:00,0.4450458780085569
2020-07-24 02:21:00,0.4546877814650543
2020-07-24 02:24:00,0.4592295114738363
2020-07-24 02:27:00,0.37536435410368085
2020-07-24 02:30:00,0.4848971558529911
2020-07-24 02:33:00,0.4502878683619542
2020-07-24 02:36:00,0.3937910099980968
2020-07-24 02:39:00,0.42237579317168183
2020-07-24 02:42:00,0.4557430524170627
2020-07-24 02:45:00,0.5206242968957895
2020-07-24 02:48:00,0.40309173030499323
2020-07-24 02:51:00,0.36631881894788876
2020-07-24 02:54:00,0.3969050033313124
2020-07-24 02:57:00,0.43859836606998215
2020-07-24 03:00:00,0.3371476900700827
2020-07-24 03:03:00,0.3697913800930337
2020-07-24 03:06:00,0.29515146722036434
2020-07-24 03:09:00,0.30583250516627913
2020-07-24 03:12:00,0.3529564104588303
2020-07-24 03:15:00,0.30290211427404756
2020-07-24 03:18:00,0.334709549555555
2020-07-24 03:21:00,0.30222187938824163
2020-07-24 03:24:00,0.32511551170978237
2020-07-24 03:27:00,0.31677031315945214
2020-07-24 03:30:00,0.23452140009362665
2020-07-24 03:33:00,0.265551963866244
2020-07-24 03:36:00,0.35877900911788174
2020-07-24 03:39:00,0.2672500844701631
2020-07-24 03:42:00,0.26864006417997643
2020-07-24 03:45:00,0.2785274853682722
2020-07-24 03:48:00,0.340718623304042
2020-07-24 03:51:00,0.3662240585736072
2020-07-24 03:54:00,0.40853082228926496
2020-07-24 03:57:00,0.3541889949427173
2020-07-24 04:00:00,0.35376025045820825
2020-07-24 04:03:00,0.36313037419000693
2020-07-24 04:06:00,0.39113439631410074
2020-07-24 04:09:00,0.4036669265863111
2020-07-24 04:12:00,0.3260117908945972
2020-07-24 04:15:00,0.37615105941432603
2020-07-24 04:18:00,0.3649319599034584
2020-07-24 04:21:00,0.38230687934367324
2020-07-24 04:24:00,0.3915941386877648
2020-07-24 04:27:00,0.3792534853379266
2020-07-24 04:30:00,0.34242558384516997
2020-07-24 04:33:00,0.42158733243195456
2020-07-24 04:36:00,0.36264525136107295
2020-07-24 04:39:00,0.5047398890592376
2020-07-24 04:42:00,0.3940121905565661
2020-07-24 04:45:00,0.4520888856104648
2020-07-24 04:48:00,0.5222505895135328
2020-07-24 04:51:00,0.4331373908866567
2020-07-24 04:54:00,0.5086421555517404
2020-07-24 04:57:00,0.39503737655127225
2020-07-24 05:00:00,0.4742956283325839
2020-07-24 05:03:00,0.48419430045379386
2020-07-24 05:06:00,0.4163172992939508
2020-07-24 05:09:00,0.37579303779250495
2020-07-24 05:12:00,0.3997652260010227
2020-07-24 05:15:00,0.4644406854777685
2020-07-24 05:18:00,0.42094096653147517
2020-07-24 05:21:00,0.45183719089095575
2020-07-24 05:24:00,0.4193254651906386
2020-07-24 05:27:00,0.4421032187984224
2020-07-24 05:30:00,0.44858655925315816
2020-07-24 05:33:00,0.4065772602529023
2020-07-24 05:36:00,0.4363538703095742
2020-07-24 05:39:00,0.4206787977277031
2020-07-24 05:42:00,0.35228349396254544
2020-07-24 05:45:00,0.4443423204747319
2020-07-24 05:48:00,0.4677613175011288
2020-07-24 05:51:00,0.37869088164711684
2020-07-24 05:54:00,0.4324983493859804
2020-07-24 05:57:00,0.46587444277918166
2020-07-24 06:00:00,0.4957497491216145
2020-07-24 06:03:00,0.4123924555516396
2020-07-24 06:06:00,0.4460717030794399
2020-07-24 06:09:00,0.40900517048152096
2020-07-24 06:12:00,0.4358484076403215
2020-07-24 06:15:00,0.5406760451950845
2020-07-24 06:18:00,0.4843519761558923
2020-07-24 06:21:00,0.5365189590284558
2020-07-24 06:24:00,0.4581311573234643
2020-07-24 06:27:00,0.4884710493066109
2020-07-24 06:30:00,0.42706867125525605
2020-07-24 06:33:00,0.4612145972045596
2020-07-24 06:36:00,0.4809121005048951
2020-07-24 06:39:00,0.36206656793405045
2020-07-24 06:42:00,0.3864451486371081
2020-07-24 06:45:00,0.3890842733374029
2020-07-24 06:48:00,0.40227620616667537
2020-07-24 06:51:00,0.4286151647860379
2020-07-24 06:54:00,0.5084916019084176
2020-07-24 06:57:00,0.3164701905724314
2020-07-24 07:00:00,0.36119870630216155
2020-07-24 07:03:00,0.4857621544579729
2020-07-24 07:06:00,0.5045582685099816
2020-07-24 07:09:00,0.48223415672697456
2020-07-24 07:12:00,0.4258753641142903
2020-07-24 07:15:00,0.3906773697161725
2020-07-24 07:18:00,0.49119650696269446
2020-07-24 07:21:00,0.5038894468085005
2020-07-24 07:24:00,0.4318631663700785
2020-07-24 07:27:00,0.44263306637270716
2020-07-24 07:30:00,0.4298748667638961
2020-07-24 07:33:00,0.42163137056672895
2020-07-24 07:36:00,0.3608330531673687
2020-07-24 07:39:00,0.5290611744065927
2020-07-24 07:42:00,0.3783912438038328
2020-07-24 07:45:00,0.4572467212231004
2020-07-24 07:48:00,0.3593770016623239
2020-07-24 07:51:00,0.3691722719146924
2020-07-24 07:54:00,0.2631015031373636
2020-07-24 07:57:00,0.43285238908555357
2020-07-24 08:00:00,0.4292526069677365
2020-07-24 08:03:00,0.38218891744327266
2020-07-24 08:06:00,0.4068679419379464
2020-07-24 08:09:00,0.35512399751240764
2020-07-24 08:12:00,0.4344284483462957
2020-07-24 08:15:00,0.37052248812653943
2020-07-24 08:18:00,0.46747640249344613
2020-07-24 08:21:00,0.39780395098881627
2020-07-24 08:24:00,0.3349799963144733
2020-07-24 08:27:00,0.4203914683872654
2020-07-24 08:30:00,0.3809587442364659
2020-07-24 08:33:00,0.4356145890061498
2020-07-24 08:36:00,0.3742034429783416
2020-07-24 08:39:00,0.4416215713001179
2020-07-24 08:42:00,0.4175290528449409
2020-07-24 08:45:00,0.36304088866256734
2020-07-24 08:48:00,0.31002522639181507
2020-07-24 08:51:00,0.29982137016236265
2020-07-24 08:54:00,0.28426494187260687
2020-07-24 08:57:00,0.36351702535216646
2020-07-24 09:00:00,0.3550584060809001
2020-07-24 09:03:00,0.2968492601461321
2020-07-24 09:06:00,0.24043303775960112
2020-07-24 09:09:00,0.29275274409752683
2020-07-24 09:12:00,0.20715540893286288
2020-07-24 09:15:00,0.2833246883467382
2020-07-24 09:18:00,0.24071095344800142
2020-07-24 09:21:00,0.200794374187808
2020-07-24 09:24:00,0.27183677355151303
2020-07-24 09:27:00,0.21630607473650798
2020-07-24 09:30:00,0.20752487871777703
2020-07-24 09:33:00,0.223597871597633
2020-07-24 09:36:00,0.22704890199730698
2020-07-24 09:39:00,0.18712240787772316
2020-07-24 09:42:00,0.1488702213778197
2020-07-24 09:45:00,0.15768807053115097
2020-07-24 09:48:00,0.31866049454140466
2020-07-24 09:51:00,0.23816357895378815
2020-07-24 09:54:00,0.21869639570212485
2020-07-24 09:57:00,0.15723456546572834
2020-07-24 10:00:00,0.09883658174919674
2020-07-24 10:03:00,0.10289562802893215
2020-07-24 10:06:00,0.06655710177358287
2020-07-24 10:09:00,0.12342364297893482
2020-07-24 10:12:00,0.10815827294300107
2020-07-24 10:15:00,0.19695014358404705
2020-07-24 10:18:00,0.14170514641926957
2020-07-24 10:21:00,0.10922573440313954
2020-07-24 10:24:00,-0.012801826333998179
2020-07-24 10:27:00,0.08663062932168941
2020-07-24 10:30:00,0.01850163571197072
2020-07-24 10:33:00,0.06195129984587311
2020-07-24 10:36:00,-0.04358002999350674
2020-07-24 10:39:00,-0.06770596591542244
2020-07-24 10:42:00,-0.08469587089513197
2020-07-24 10:45:00,-0.10247865964561242
2020-07-24 10:48:00,-0.01442232720313541
2020-07-24 10:51:00,-0.03333286004414049
2020-07-24 10:54:00,0.004660130877766733
2020-07-24 10:57:00,-0.017942714092555434
2020-07-24 11:00:00,-0.14204251562745185
2020-07-24 11:03:00,-0.019583277836716206
2020-07-24 11:06:00,0.007290246172146908
2020-07-24 11:09:00,-0.05274742543241473
2020-07-24 11:12:00,-0.013049162845049977
2020-07-24 11:15:00,-0.059719322073988224
2020-07-24 11:18:00,-0.10248341349841894
2020-07-24 11:21:00,-0.082509675700976
2020-07-24 11:24:00,-0.0650176047204809
2020-07-24 11:27:00,-0.14826868413268812
2020-07-24 11:30:00,-0.10847016581186608
2020-07-24 11:33:00,-0.1408914498770173
2020-07-24 11:36:00,-0.17096323336198793
2020-07-24 11:39:00,-0.05130597577607432
2020-07-24 11:42:00,-0.00487388011447365
2020-07-24 11:45:00,-0.06425485718591517
2020-07-24 11:48:00,-0.029843021212684562
2020-07-24 11:51:00,-0.16374008493380643
2020-07-24 11:54:00,-0.1209673606317665
2020-07-24 11:57:00,-0.06881723193254174
2020-07-24 12:00:00,-0.061113572125577775
2020-07-24 12:03:00,0.042682462387176656
2020-07-24 12:06:00,0.07568170970421306
2020-07-24 12:09:00,0.209437811901239
2020-07-24 12:12:00,0.0880686583149668
2020-07-24 12:15:00,0.12048868504564325
2020-07-24 12:18:00,0.10107843633426228
2020-07-24 12:21:00,0.10899051170451912
2020-07-24 12:24:00,0.00749677567944218
2020-07-24 12:27:00,-0.0340127586752601
2020-07-24 12:30:00,-0.12149106436135071
2020-07-24 12:33:00,-0.08777488734961025
2020-07-24 12:36:00,0.05223126057171612
2020-07-24 12:39:00,-0.01892917407639061
2020-07-24 12:42:00,-0.10169794225498663
2020-07-24 12:45:00,-0.22007938810855876
2020-07-24 12:48:00,-0.20622580655560796
2020-07-24 12:51:00,-0.2421870334602545
2020-07-24 12:54:00,-0.34048833305593007
2020-07-24 12:57:00,-0.18259100863605227
2020-07-24 13:00:00,-0.2090819170365421
2020-07-24 13:03:00,-0.22620893733119374
2020-07-24 13:06:00,-0.09769207596735896
2020-07-24 13:09:00,-0.01167181334773204
2020-07-24 13:12:00,-0.05765917424497502
2020-07-24 13:15:00,-0.10219623942009548
2020-07-24 13:18:00,-0.033650272895727085
2020-07-24 13:21:00,-0.12659321113420674
2020-07-24 13:24:00,0.04675456956175594
2020-07-24 13:27:00,0.22116980316241097
2020-07-24 13:30:00,0.5267410298070558
2020-07-24 13:33:00,0.3840638324735437
2020-07-24 13:36:00,0.12669884322031066
2020-07-24 13:39:00,0.050711601749583224
2020-07-24 13:42:00,-0.08801743662121453
2020-07-24 13:45:00,0.09840792674344812
2020-07-24 13:48:00,0.21868519376005224
2020-07-24 13:51:00,0.13663091643576308
2020-07-24 13:54:00,0.19570685072540073
2020-07-24 13:57:00,0.16821828435803354
2020-07-24 14:00:00,0.05341761068547157
2020-07-24 14:03:00,0.1887566471939408
2020-07-24 14:06:00,0.1096062904612154
2020-07-24 14:09:00,0.03597273009995661
2020-07-24 14:12:00,0.06950384621882222
2020-07-24 14:15:00,0.04162282091135694
2020-07-24 14:18:00,0.19075494968495832
2020-07-24 14:21:00,-0.0332940342530037
2020-07-24 14:24:00,-0.038922756355304955
2020-07-24 14:27:00,0.04343802761269444
2020-07-24 14:30:00,-0.00935884072424642
2020-07-24 14:33:00,0.05647838645802494
2020-07-24 14:36:00,-0.10476558196029373
2020-07-24 14:39:00,-0.04271511194883715
2020-07-24 14:42:00,-0.019561050010963754
2020-07-24 14:45:00,0.047593112886943345
2020-07-24 14:48:00,0.027110530029858637
2020-07-24 14:51:00,-0.11658424822377356
2020-07-24 14:54:00,-0.07216791559625335
2020-07-24 14:57:00,0.0029129499043278884
2020-07-24 15:00:00,-0.031630916506912854
2020-07-24 15:03:00,-0.0825877753683244
2020-07-24 15:06:00,-0.007034051456230372
2020-07-24 15:09:00,-0.07302385560728908
2020-07-24 15:12:00,-0.1706980767589812
2020-07-24 15:15:00,0.09961273376001145
2020-07-24 15:18:00,0.0017558662278815973
2020-07-24 15:21:00,-0.1179407852915233
2020-07-24 15:24:00,-0.06964083050939962
2020-07-24 15:27:00,-0.004970372140633117
2020-07-24 15:30:00,0.007810348609552875
2020-07-24 15:33:00,0.08822574159859187
2020-07-24 15:36:00,0.057815189686152735
2020-07-24 15:39:00,0.12440723253155284
2020-07-24 15:42:00,0.42741499763587854
2020-07-24 15:45:00,0.38338754845301537
2020-07-24 15:48:00,0.3569610898110227
2020-07-24 15:51:00,0.4111165572467712
2020-07-24 15:54:00,0.40802719751116
2020-07-24 15:57:00,0.2953733259983551
2020-07-24 16:00:00,0.28392508112642645
2020-07-24 16:03:00,0.4513691803005031
2020-07-24 16:06:00,0.34798929529858924
2020-07-24 16:09:00,0.41286290551374805
2020-07-24 16:12:00,0.36026541634464593
2020-07-24 16:15:00,0.5152116259922082
2020-07-24 16:18:00,0.49350052990462245
2020-07-24 16:21:00,0.2976307937913134
2020-07-24 16:24:00,0.2933738035235933
2020-07-24 16:27:00,0.1854871399325475
2020-07-24 16:30:00,0.23241126730175665
2020-07-24 16:33:00,0.11191334922983742
2020-07-24 16:36:00,0.2698366305156128
2020-07-24 16:39:00,0.16429629593119444
2020-07-24 16:42:00,0.10279328380516972
2020-07-24 16:45:00,0.14058521174416683
2020-07-24 16:48:00,0.19022450114692901
2020-07-24 16:51:00,0.3236426828228218
2020-07-24 16:54:00,0.24336596995124182
2020-07-24 16:57:00,0.547407711948324
2020-07-24 17:00:00,0.22176240722495777
2020-07-24 17:03:00,0.296500402880838
2020-07-24 17:06:00,0.3213841825784698
2020-07-24 17:09:00,0.2833203599451508
2020-07-24 17:12:00,0.3127704662880433
2020-07-24 17:15:00,0.3469287748050647
2020-07-24 17:18:00,0.36652442904573945
2020-07-24 17:21:00,0.47379706647132025
2020-07-24 17:24:00,0.5681269402060707
2020-07-24 17:27:00,0.5334778960065591
2020-07-24 17:30:00,0.676303157975326
2020-07-24 17:33:00,0.6438367750212137
2020-07-24 17:36:00,0.6139593185490071
2020-07-24 17:39:00,0.5435500433939069
2020-07-24 17:42:00,0.5850989031907261
2020-07-24 17:45:00,0.5699169125111325
2020-07-24 17:48:00,0.4029448688173147
2020-07-24 17:51:00,0.3480885172459125
2020-07-24 17:54:00,0.39040782130143725
2020-07-24 17:57:00,0.4274450292770098
2020-07-24 18:00:00,0.3545744103137167
2020-07-24 18:03:00,0.33996417723756167
2020-07-24 18:06:00,0.3529670353212282
2020-07-24 18:09:00,0.49540426411874705
2020-07-24 18:12:00,0.5117682354314184
2020-07-24 18:15:00,0.5199677023791764
2020-07-24 18:18:00,0.43854609536504086
2020-07-24 18:21:00,0.5038020796320666
2020-07-24 18:24:00,0.4233932635850124
2020-07-24 18:27:00,0.36378167305031184
2020-07-24 18:30:00,0.41834212940204907
2020-07-24 18:33:00,0.3383010269209876
2020-07-24 18:36:00,0.272977383817647
2020-07-24 18:39:00,0.4365545305453793
2020-07-24 18:42:00,0.35787669367903163
2020-07-24 18:45:00,0.45733534089055183
2020-07-24 18:48:00,0.5387383837086759
2020-07-24 18:51:00,0.5703121578171135
2020-07-24 18:54:00,
2020-07-24 18:57:00,
2020-07-24 19:00:00,
2020-07-24 19:03:00,0.5595064384442026
2020-07-24 19:06:00,0.642817306816994
2020-07-24 19:09:00,0.7217050307909858
2020-07-24 19:12:00,0.6519055999362422
2020-07-24 19:15:00,0.6306059685049377
2020-07-24 19:18:00,0.5485134572600714
2020-07-24 19:21:00,0.4962415377270304
2020-07-24 19:24:00,0.5897215315376911
2020-07-24 19:27:00,0.6006825634116808
2020-07-24 19:30:00,0.5338458231460095
2020-07-24 19:33:00,0.5965607526958365
2020-07-24 19:36:00,0.5974037649679644
2020-07-24 19:39:00,0.49577930758033517
2020-07-24 19:42:00,0.47921124894651257
2020-07-24 19:45:00,0.45892489921385504
2020-07-24 19:48:00,0.4358133096075676
2020-07-24 19:51:00,0.5116237222317181
2020-07-24 19:54:00,0.600682442064226
2020-07-24 19:57:00,0.5225689006414314
2020-07-24 20:00:00,0.48937664273540804
2020-07-24 20:03:00,0.43740915513461687
2020-07-24 20:06:00,0.4785645880297693
2020-07-24 20:09:00,0.5695915777088203
2020-07-24 20:12:00,0.561189302442699
2020-07-24 20:15:00,0.5746027823003601
2020-07-24 20:18:00,0.481693924386434
2020-07-24 20:21:00,0.595714694317337
2020-07-24 20:24:00,0.48845688920522434
2020-07-24 20:27:00,0.46117933577619397
2020-07-24 20:30:00,0.381064050930604
2020-07-24 20:33:00,0.4369839038948271
2020-07-24 20:36:00,0.4036892533068226
2020-07-24 20:39:00,0.5492263779969448
2020-07-24 20:42:00,0.4609051610240158
2020-07-24 20:45:00,0.36629585687722965
2020-07-24 20:48:00,0.3316758979295287
2020-07-24 20:51:00,0.3029891614092435
2020-07-24 20:54:00,0.39843615324622306
2020-07-24 20:57:00,0.4140110923314637
2020-07-24 21:00:00,0.3807283534146677
2020-07-24 21:03:00,0.36360771234626554
2020-07-24 21:06:00,0.3604170224888321
2020-07-24 21:09:00,0.38816975680958876
2020-07-24 21:12:00,0.46247228217583825
2020-07-24 21:15:00,0.4563265631778677
2020-07-24 21:18:00,0.5327202505077935
2020-07-24 21:21:00,0.5193855035739148
2020-07-24 21:24:00,0.5269788559619428
2020-07-24 21:27:00,0.46580032420479256
2020-07-24 21:30:00,0.47658860600392927
2020-07-24 21:33:00,0.4423108170237242
2020-07-24 21:36:00,0.42721774796893897
2020-07-24 21:39:00,0.3296315010160811
2020-07-24 21:42:00,0.33168882409171374
2020-07-24 21:45:00,0.3229101601676234
2020-07-24 21:48:00,0.35316749996138697
2020-07-24 21:51:00,0.33341930572902356
2020-07-24 21:54:00,0.3409667281142106
2020-07-24 21:57:00,0.32734434831246517
2020-07-24 22:00:00,0.4721722024163455
2020-07-24 22:03:00,0.4684078657843429
2020-07-24 22:06:00,0.39565306418126056
2020-07-24 22:09:00,0.48728066261077174
2020-07-24 22:12:00,0.4496793581834595
2020-07-24 22:15:00,0.449043605459849
2020-07-24 22:18:00,0.41951904154376507
2020-07-24 22:21:00,0.34195874653408964
2020-07-24 22:24:00,0.41227590499585176
2020-07-24 22:27:00,0.32717756401854103
2020-07-24 22:30:00,0.371142590211889
2020-07-24 22:33:00,0.30012855401923844
2020-07-24 22:36:00,0.3977093576322659
2020-07-24 22:39:00,0.3197088437635216
2020-07-24 22:42:00,0.43672593532767223
2020-07-24 22:45:00,0.4329077538471324
2020-07-24 22:48:00,0.3590458522487552
2020-07-24 22:51:00,0.40858098743922255
2020-07-24 22:54:00,0.3816765960829116
2020-07-24 22:57:00,0.37128293799463563
2020-07-24 23:00:00,0.4004537112076605
2020-07-24 23:03:00,0.338758253057847
2020-07-24 23:06:00,0.36694299789343177
2020-07-24 23:09:00,0.39435729255365004
2020-07-24 23:12:00,0.3373864979259338
2020-07-24 23:15:00,0.3808661440509695
2020-07-24 23:18:00,0.5017025011933924
2020-07-24 23:21:00,0.3874083826526089
2020-07-24 23:24:00,0.44284722721903336
2020-07-24 23:27:00,0.408829943682008
2020-07-24 23:30:00,0.48144633845720364
2020-07-24 23:33:00,0.4605127198523178
2020-07-24 23:36:00,0.3626165547549931
2020-07-24 23:39:00,0.3796583134828211
2020-07-24 23:42:00,0.4956157858003394
2020-07-24 23:45:00,0.4491141731616608
2020-07-24 23:48:00,0.40972108335006396
2020-07-24 23:51:00,0.3515947958823631
2020-07-24 23:54:00,0.4817722179342354
2020-07-24 23:57:00,0.5217322876835055
2020-07-25 00:00:00,0.3931457864821368
2020-07-25 00:03:00,0.4335215521654163
2020-07-25 00:06:00,0.4316092457898435
2020-07-25 00:09:00,0.42270596512486236
2020-07-25 00:12:00,0.40996496313687203
2020-07-25 00:15:00,0.4175859335243217
2020-07-25 00:18:00,0.382539825809431
2020-07-25 00:21:00,0.3620175037354443
2020-07-25 00:24:00,0.4147647173434166
2020-07-25 00:27:00,0.40932691316686487
2020-07-25 00:30:00,0.439468907413584
2020-07-25 00:33:00,0.3855680170850633
2020-07-25 00:36:00,0.40238686693641057
2020-07-25 00:39:00,0.4438924962431088
2020-07-25 00:42:00,0.4517735935394285
2020-07-25 00:45:00,0.41580301030808187
2020-07-25 00:48:00,0.3717178549910045
2020-07-25 00:51:00,0.4170075501073711
2020-07-25 00:54:00,0.41803703751509147
2020-07-25 00:57:00,0.4557220642349762
2020-07-25 01:00:00,0.43115341407309415
2020-07-25 01:03:00,0.46346207887069113
2020-07-25 01:06:00,0.5199963254224826
2020-07-25 01:09:00,0.4328438001410291
2020-07-25 01:12:00,0.46175534768497073
2020-07-25 01:15:00,0.4751477539045368
2020-07-25 01:18:00,0.4561821961096939
2020-07-25 01:21:00,0.4605064997634827
2020-07-25 01:24:00,0.4744940821771024
2020-07-25 01:27:00,0.4365130275206752
2020-07-25 01:30:00,0.44223685327136764
2020-07-25 01:33:00,0.42273678124320213
2020-07-25 01:36:00,0.47094831843048723
2020-07-25 01:39:00,0.4383234268985916
2020-07-25 01:42:00,0.45007346341714083
2020-07-25 01:45:00,0.4641383264479373
2020-07-25 01:48:00,0.3965859227984083
2020-07-25 01:51:00,0.5370983223641019
2020-07-25 01:54:00,0.47637959255519036
2020-07-25 01:57:00,0.4589096265970056
2020-07-25 02:00:00,0.4194793872458149
2020-07-25 02:03:00,0.4670924552743827
2020-07-25 02:06:00,0.42805058141442487
2020-07-25 02:09:00,0.379897556108574
2020-07-25 02:12:00,0.37497958142665766
2020-07-25 02:15:00,0.47376693917516377
2020-07-25 02:18:00,0.4572876372367318
2020-07-25 02:21:00,0.43951533045884617
2020-07-25 02:24:00,0.3980733386965767
2020-07-25 02:27:00,0.44106740305642234
2020-07-25 02:30:00,0.5548939403645363
2020-07-25 02:33:00,0.48092834421748876
2020-07-25 02:36:00,0.3562358299317907
2020-07-25 02:39:00,0.497357339722555
2020-07-25 02:42:00,0.42277575492789765
2020-07-25 02:45:00,0.41445030852287346
2020-07-25 02:48:00,0.4096018750958592
2020-07-25 02:51:00,0.5352084260361494
2020-07-25 02:54:00,0.4967431630835222
2020-07-25 02:57:00,0.42458257380951636
2020-07-25 03:00:00,0.3695650300161901
2020-07-25 03:03:00,0.4608914190857831
2020-07-25 03:06:00,0.458572570390686
2020-07-25 03:09:00,0.4790087462804422
2020-07-25 03:12:00,0.509060353957409
2020-07-25 03:15:00,0.44513221710565176
2020-07-25 03:18:00,0.49648392713532985
2020-07-25 03:21:00,0.5552297709954246
2020-07-25 03:24:00,0.41357375339919145
2020-07-25 03:27:00,0.44962976008326905
2020-07-25 03:30:00,0.36977222616968675
2020-07-25 03:33:00,0.4044872537421611
2020-07-25 03:36:00,0.44943294351861596
2020-07-25 03:39:00,0.3967156319965284
2020-07-25 03:42:00,0.4640077957259905
2020-07-25 03:45:00,0.44196032739154134
2020-07-25 03:48:00,0.4501722563956605
2020-07-25 03:51:00,0.513683645065953
2020-07-25 03:54:00,0.5347852232607124
2020-07-25 03:57:00,0.5487918184235809
2020-07-25 04:00:00,0.4739697442460056
2020-07-25 04:03:00,0.4916782559132571
2020-07-25 04:06:00,0.42019167404424707
2020-07-25 04:09:00,0.5390861529314748
2020-07-25 04:12:00,0.5631607886575694
2020-07-25 04:15:00,0.5421285599543921
2020-07-25 04:18:00,0.5035967403104564
2020-07-25 04:21:00,0.5209821979980234
2020-07-25 04:24:00,0.4978073941402954
2020-07-25 04:27:00,0.43505901730856067
2020-07-25 04:30:00,0.4505405704949226
2020-07-25 04:33:00,0.4288183163715189
2020-07-25 04:36:00,0.44787483879218826
2020-07-25 04:39:00,0.4414375513970299
2020-07-25 04:42:00,0.3944614450871313
2020-07-25 04:45:00,0.42986834876711555
2020-07-25 04:48:00,0.4209399687856603
2020-07-25 04:51:00,0.4136065468816241
2020-07-25 04:54:00,0.4115598085996339
2020-07-25 04:57:00,0.4280554285786593
2020-07-25 05:00:00,0.31488169295920443
2020-07-25 05:03:00,0.4201812298232994
2020-07-25 05:06:00,0.40938387292101197
2020-07-25 05:09:00,0.35938391275635695
2020-07-25 05:12:00,0.40453158793530974
2020-07-25 05:15:00,0.37889210776637583
2020-07-25 05:18:00,0.3492682795106248
2020-07-25 05:21:00,0.4063522213133979
2020-07-25 05:24:00,0.3606998065977223
2020-07-25 05:27:00,0.32904740840763225
2020-07-25 05:30:00,0.42550605548433396
2020-07-25 05:33:00,0.4437425105703596
2020-07-25 05:36:00,0.4147877382196725
2020-07-25 05:39:00,0.3788717506885746
2020-07-25 05:42:00,0.43804255997866903
2020-07-25 05:45:00,0.3839156100983132
2020-07-25 05:48:00,0.5304388700308209
2020-07-25 05:51:00,0.45646886539248044
2020-07-25 05:54:00,0.4922423121694237
2020-07-25 05:57:00,0.46275075384346565
2020-07-25 06:00:00,0.44960180545297135
2020-07-25 06:03:00,0.538312537051354
2020-07-25 06:06:00,0.3676482264223182
2020-07-25 06:09:00,0.452503921188395
2020-07-25 06:12:00,0.38497065881216486
2020-07-25 06:15:00,0.3590948788300352
2020-07-25 06:18:00,0.39347897604125137
2020-07-25 06:21:00,0.32564369645984925
2020-07-25 06:24:00,0.4075121367545762
2020-07-25 06:27:00,0.41797478602359206
2020-07-25 06:30:00,0.32635516215100324
2020-07-25 06:33:00,0.3858431725154787
2020-07-25 06:36:00,0.45113854201702
2020-07-25 06:39:00,0.3329215562454806
2020-07-25 06:42:00,0.38094000245718007
2020-07-25 06:45:00,0.3818972244608858
2020-07-25 06:48:00,0.36064032235299237
2020-07-25 06:51:00,0.361841231973699
2020-07-25 06:54:00,0.416524354834678
2020-07-25 06:57:00,0.4137079250638749
2020-07-25 07:00:00,0.326516725945055
2020-07-25 07:03:00,0.4066262146218378
2020-07-25 07:06:00,0.39949392521350546
2020-07-25 07:09:00,0.3941159842634647
2020-07-25 07:12:00,0.36764055339256174
2020-07-25 07:15:00,0.4271280686072032
2020-07-25 07:18:00,0.37835291571479956
2020-07-25 07:21:00,0.42356442993644805
2020-07-25 07:24:00,0.3372223192630486
2020-07-25 07:27:00,0.39091859089950276
2020-07-25 07:30:00,0.39402292723866594
2020-07-25 07:33:00,0.32880828959264363
2020-07-25 07:36:00,0.4626186703479789
2020-07-25 07:39:00,0.37093275793063185
2020-07-25 07:42:00,0.37392152687982616
2020-07-25 07:45:00,0.3991558828017219
2020-07-25 07:48:00,0.4193615981599237
2020-07-25 07:51:00,0.4179273650153732
2020-07-25 07:54:00,0.3320026869050139
2020-07-25 07:57:00,0.3453932763787293
2020-07-25 08:00:00,0.2798942474989303
2020-07-25 08:03:00,0.3785036279105043
2020-07-25 08:06:00,0.4211994382967532
2020-07-25 08:09:00,0.3513719885366413
2020-07-25 08:12:00,0.403548290487322
2020-07-25 08:15:00,0.38845320331932953
2020-07-25 08:18:00,0.422596252370397
2020-07-25 08:21:00,0.3721027832028767
2020-07-25 08:24:00,0.46366737872926933
2020-07-25 08:27:00,0.44311103957807063
2020-07-25 08:30:00,0.4070638917914948
2020-07-25 08:33:00,0.40991875079714646
2020-07-25 08:36:00,0.27188872007934606
2020-07-25 08:39:00,0.2967867230740353
2020-07-25 08:42:00,0.3288182150845955
2020-07-25 08:45:00,0.3760303379611969
2020-07-25 08:48:00,0.3140924852253306
2020-07-25 08:51:00,0.3686251037549937
2020-07-25 08:54:00,0.3924696656385436
2020-07-25 08:57:00,0.40535026014543973
2020-07-25 09:00:00,0.31624217538222865
2020-07-25 09:03:00,0.3905628099537921
2020-07-25 09:06:00,0.30063105817293945
2020-07-25 09:09:00,0.3396067771969342
2020-07-25 09:12:00,0.2611582362957279
2020-07-25 09:15:00,0.27064765746860076
2020-07-25 09:18:00,0.27450125312140017
2020-07-25 09:21:00,0.27035777727911636
2020-07-25 09:24:00,0.24932468847867995
2020-07-25 09:27:00,0.3692396909619333
2020-07-25 09:30:00,0.22812246799412605
2020-07-25 09:33:00,0.17615200933329334
2020-07-25 09:36:00,0.26027035759727823
2020-07-25 09:39:00,0.36616144422339403
2020-07-25 09:42:00,0.28823759813326433
2020-07-25 09:45:00,0.27373321540414963
2020-07-25 09:48:00,0.1915395106418032
2020-07-25 09:51:00,0.37957085850734984
2020-07-25 09:54:00,0.3201848135036016
2020-07-25 09:57:00,0.1663078063016883
2020-07-25 10:00:00,0.2965138767034432
2020-07-25 10:03:00,0.36825112545517413
2020-07-25 10:06:00,0.20357977758681045
2020-07-25 10:09:00,0.20676410489602404
2020-07-25 10:12:00,0.16938625905140725
2020-07-25 10:15:00,0.21616133981780195
2020-07-25 10:18:00,0.2867612360032581
2020-07-25 10:21:00,0.13501828550266737
2020-07-25 10:24:00,0.16171858787652127
2020-07-25 10:27:00,0.09520636226005763
2020-07-25 10:30:00,0.10683501049470578
2020-07-25 10:33:00,0.08320673348833907
2020-07-25 10:36:00,0.08953714216215758
2020-07-25 10:39:00,0.06950930696399382
2020-07-25 10:42:00,0.06229698630602343
2020-07-25 10:45:00,0.10091794465029125
2020-07-25 10:48:00,-0.07222671282772808
2020-07-25 10:51:00,-0.10386883415787906
2020-07-25 10:54:00,0.010004576651681418
2020-07-25 10:57:00,0.12917469632611756
2020-07-25 11:00:00,0.05576112361853802
2020-07-25 11:03:00,0.018584312048403717
2020-07-25 11:06:00,-0.009627759143256753
2020-07-25 11:09:00,0.004451373395738756
2020-07-25 11:12:00,0.09894077714221794
2020-07-25 11:15:00,-0.0745622679418716
2020-07-25 11:18:00,0.004339838421287823
2020-07-25 11:21:00,-0.0007978735949905058
2020-07-25 11:24:00,0.027099541376799152
2020-07-25 11:27:00,0.0340697193644246
2020-07-25 11:30:00,0.14932472598337654
2020-07-25 11:33:00,-0.0037417016429799332
2020-07-25 11:36:00,0.12131298131970425
2020-07-25 11:39:00,0.14526557187963363
2020-07-25 11:42:00,0.06821889260334046
2020-07-25 11:45:00,0.07579845693652487
2020-07-25 11:48:00,0.20020645578938456
2020-07-25 11:51:00,0.25786059006549067
2020-07-25 11:54:00,0.1497450486756975
2020-07-25 11:57:00,0.17558380841643384
2020-07-25 12:00:00,0.28147710679621696
2020-07-25 12:03:00,0.23157933778338702
2020-07-25 12:06:00,0.16054381845077614
2020-07-25 12:09:00,0.11451403964963447
2020-07-25 12:12:00,0.056151456726183824
2020-07-25 12:15:00,0.14295369460313623
2020-07-25 12:18:00,0.18698644450768143
2020-07-25 12:21:00,0.1912216261704316
2020-07-25 12:24:00,0.0696821813448878
2020-07-25 12:27:00,0.07541438627305297
2020-07-25 12:30:00,0.20137507300069046
2020-07-25 12:33:00,0.1627734215547889
2020-07-25 12:36:00,0.13671642868672507
2020-07-25 12:39:00,0.3409817778055526
2020-07-25 12:42:00,0.1260576140542753
2020-07-25 12:45:00,0.14870871252105644
2020-07-25 12:48:00,0.26569119356605597
2020-07-25 12:51:00,0.22197878870031218
2020-07-25 12:54:00,0.2431483702416699
2020-07-25 12:57:00,0.19553895246940556
2020-07-25 13:00:00,0.26058249251144616
2020-07-25 13:03:00,0.2592905453432195
2020-07-25 13:06:00,0.29141940874512784
2020-07-25 13:09:00,0.1569063036349121
2020-07-25 13:12:00,0.29204962102147647
2020-07-25 13:15:00,0.3161053593937595
2020-07-25 13:18:00,0.325934545070254
2020-07-25 13:21:00,0.23749284648448565
2020-07-25 13:24:00,0.1770017003765929
2020-07-25 13:27:00,0.1523217631105922
2020-07-25 13:30:00,0.14314402497598167
2020-07-25 13:33:00,0.19084491448427343
2020-07-25 13:36:00,0.17599819605021594
2020-07-25 13:39:00,0.29433007531417843
2020-07-25 13:42:00,0.25718446381057447
2020-07-25 13:45:00,0.28041533826370824
2020-07-25 13:48:00,0.4389838000029158
2020-07-25 13:51:00,0.38581282127000804
2020-07-25 13:54:00,0.548103927079751
2020-07-25 13:57:00,0.654605155225056
2020-07-25 14:00:00,0.44863882318185233
2020-07-25 14:03:00,0.13504254651758174
2020-07-25 14:06:00,0.2348217589496926
2020-07-25 14:09:00,0.28792328993637284
2020-07-25 14:12:00,0.15893517021532944
2020-07-25 14:15:00,0.15444406265629596
2020-07-25 14:18:00,0.09410985141818173
2020-07-25 14:21:00,0.15727645500743392
2020-07-25 14:24:00,0.16032597654088931
2020-07-25 14:27:00,0.03539386487568663
2020-07-25 14:30:00,0.23663257290894535
2020-07-25 14:33:00,0.10203955265666309
2020-07-25 14:36:00,0.16011292142735556
2020-07-25 14:39:00,0.17220498102864212
2020-07-25 14:42:00,0.17112869624253335
2020-07-25 14:45:00,0.15840353525226192
2020-07-25 14:48:00,0.1391326000040749
2020-07-25 14:51:00,0.028379834002066673
2020-07-25 14:54:00,0.0010844318009617382
2020-07-25 14:57:00,0.09029264021023664
2020-07-25 15:00:00,0.25367458786291763
2020-07-25 15:03:00,0.5232376575023068
2020-07-25 15:06:00,0.2549594126843431
2020-07-25 15:09:00,0.4457704180069868
2020-07-25 15:12:00,0.36358343959443573
2020-07-25 15:15:00,0.2532919612086175
2020-07-25 15:18:00,0.1453738995767253
2020-07-25 15:21:00,0.0682281126540829
2020-07-25 15:24:00,0.010980694985448736
2020-07-25 15:27:00,0.015746330905699324
2020-07-25 15:30:00,0.22912921454064872
2020-07-25 15:33:00,0.09117800639398865
2020-07-25 15:36:00,0.07372611417252983
2020-07-25 15:39:00,0.09821061213654048
2020-07-25 15:42:00,-0.0821520949878618
2020-07-25 15:45:00,-0.03727962010020747
2020-07-25 15:48:00,-0.03464846117987008
2020-07-25 15:51:00,0.09309732030095574
2020-07-25 15:54:00,0.06346687635453918
2020-07-25 15:57:00,0.09148313224045523
2020-07-25 16:00:00,0.02607080572857967
2020-07-25 16:03:00,0.14079031915878204
2020-07-25 16:06:00,0.1263870679679826
2020-07-25 16:09:00,0.11242611551904247
2020-07-25 16:12:00,0.343252631900441
2020-07-25 16:15:00,0.22147917089978364
2020-07-25 16:18:00,0.06336111476798578
2020-07-25 16:21:00,0.04324562497492934
2020-07-25 16:24:00,-0.10494853572134843
2020-07-25 16:27:00,-0.08674889932893848
2020-07-25 16:30:00,-0.060405544692685
2020-07-25 16:33:00,0.0015179156400222382
2020-07-25 16:36:00,0.06006626884294519
2020-07-25 16:39:00,0.2697710231675501
2020-07-25 16:42:00,0.4328724119431513
2020-07-25 16:45:00,0.5076206188183505
2020-07-25 16:48:00,0.4668479792316589
2020-07-25 16:51:00,0.4339027497396728
2020-07-25 16:54:00,0.4535571429115066
2020-07-25 16:57:00,0.5787315446918342
2020-07-25 17:00:00,0.5791877981307039
2020-07-25 17:03:00,0.5963971630802121
2020-07-25 17:06:00,0.7376971212783019
2020-07-25 17:09:00,0.5851908496540545
2020-07-25 17:12:00,0.5398931524817954
2020-07-25 17:15:00,0.46444228095850804
2020-07-25 17:18:00,0.4628831747057802
2020-07-25 17:21:00,0.424848767005642
2020-07-25 17:24:00,0.281742195872539
2020-07-25 17:27:00,0.2821610377818047
2020-07-25 17:30:00,0.218063878806106
2020-07-25 17:33:00,0.046611796069214506
2020-07-25 17:36:00,0.1121653735240784
2020-07-25 17:39:00,0.17284732346132614
2020-07-25 17:42:00,0.16992796564943546
2020-07-25 17:45:00,0.14062106324320212
2020-07-25 17:48:00,0.15843675711704464
2020-07-25 17:51:00,0.17463974432342866
2020-07-25 17:54:00,0.2091864007348363
2020-07-25 17:57:00,0.23495678101443218
2020-07-25 18:00:00,0.25277869833797695
2020-07-25 18:03:00,0.27365790704408255
2020-07-25 18:06:00,0.1953057601986643
2020-07-25 18:09:00,0.23487752651601568
2020-07-25 18:12:00,0.25902354045337006
2020-07-25 18:15:00,0.17938003235946098
2020-07-25 18:18:00,0.10425187827041782
2020-07-25 18:21:00,0.16039571011975795
2020-07-25 18:24:00,0.23613892276398474
2020-07-25 18:27:00,0.14500435234720044
2020-07-25 18:30:00,0.20392267106706186
2020-07-25 18:33:00,0.1422003641395122
2020-07-25 18:36:00,0.1796526306064834
2020-07-25 18:39:00,0.12596381655907862
2020-07-25 18:42:00,0.12472523202472985
2020-07-25 18:45:00,0.1924822778505586
2020-07-25 18:48:00,0.15338633293544035
2020-07-25 18:51:00,0.2863129168727596
2020-07-25 18:54:00,
2020-07-25 18:57:00,
2020-07-25 19:00:00,
2020-07-25 19:03:00,0.18099935990477434
2020-07-25 19:06:00,0.21862422477414611
2020-07-25 19:09:00,0.242465612256467
2020-07-25 19:12:00,0.16778581662225633
2020-07-25 19:15:00,0.22282295161465981
2020-07-25 19:18:00,0.24051083362593317
2020-07-25 19:21:00,0.10774538907071474
2020-07-25 19:24:00,0.2979361555965738
2020-07-25 19:27:00,0.22024523392593665
2020-07-25 19:30:00,0.20908653333879101
2020-07-25 19:33:00,0.24125745013520827
2020-07-25 19:36:00,0.27792016323473945
2020-07-25 19:39:00,0.3270881450434331
2020-07-25 19:42:00,0.20052100084768654
2020-07-25 19:45:00,0.19352315806253273
2020-07-25 19:48:00,0.24200248540773828
2020-07-25 19:51:00,0.2060181071854572
2020-07-25 19:54:00,0.31213839005636146
2020-07-25 19:57:00,0.19665158135308047
2020-07-25 20:00:00,0.23368134540800156
2020-07-25 20:03:00,0.18927472500718068
2020-07-25 20:06:00,0.23067288597360402
2020-07-25 20:09:00,0.1849051927889036
2020-07-25 20:12:00,0.28454842331694863
2020-07-25 20:15:00,0.2183806689789094
2020-07-25 20:18:00,0.1965113405996135
2020-07-25 20:21:00,0.22024846027557032
2020-07-25 20:24:00,0.26284527801425384
2020-07-25 20:27:00,0.19953729890630711
2020-07-25 20:30:00,0.25075909111797046
2020-07-25 20:33:00,0.2636183351488057
2020-07-25 20:36:00,0.2584140583589374
2020-07-25 20:39:00,0.22622602228238975
2020-07-25 20:42:00,0.3211394365138176
2020-07-25 20:45:00,0.32661263263867113
2020-07-25 20:48:00,0.2340775316981194
2020-07-25 20:51:00,0.21152416118314932
2020-07-25 20:54:00,0.32789262574522127
2020-07-25 20:57:00,0.2974049288481524
2020-07-25 21:00:00,0.29069131780102
2020-07-25 21:03:00,0.19621682318472722
2020-07-25 21:06:00,0.2908642804699184
2020-07-25 21:09:00,0.30065772365531984
2020-07-25 21:12:00,0.2749425449827072
2020-07-25 21:15:00,0.231774472821769
2020-07-25 21:18:00,0.28122252471086995
2020-07-25 21:21:00,0.31936682700285246
2020-07-25 21:24:00,0.1786434089301565
2020-07-25 21:27:00,0.23899822978660268
2020-07-25 21:30:00,0.24668643041019322
2020-07-25 21:33:00,0.27210831941806646
2020-07-25 21:36:00,0.23040702337772245
2020-07-25 21:39:00,0.25779207112532276
2020-07-25 21:42:00,0.2971107529088499
2020-07-25 21:45:00,0.22232854602987118
2020-07-25 21:48:00,0.22690946848013027
2020-07-25 21:51:00,0.20903326442874004
2020-07-25 21:54:00,0.22305672001465382
2020-07-25 21:57:00,0.2141743565342722
2020-07-25 22:00:00,0.32681424931143965
2020-07-25 22:03:00,0.3149148269553166
2020-07-25 22:06:00,0.2993538462969809
2020-07-25 22:09:00,0.27156827849586307
2020-07-25 22:12:00,0.2653047343059711
2020-07-25 22:15:00,0.32868669538299855
2020-07-25 22:18:00,0.22979402669835736
2020-07-25 22:21:00,0.32485418538755084
2020-07-25 22:24:00,0.19608073269012039
2020-07-25 22:27:00,0.21134774606241535
2020-07-25 22:30:00,0.1572404062749797
2020-07-25 22:33:00,0.23608138514731536
2020-07-25 22:36:00,0.24263795525160958
2020-07-25 22:39:00,0.24010487336710185
2020-07-25 22:42:00,0.2968689107175919
2020-07-25 22:45:00,0.3143436980000729
2020-07-25 22:48:00,0.2710006375997409
2020-07-25 22:51:00,0.24110949900335754
2020-07-25 22:54:00,0.2587824046917717
2020-07-25 22:57:00,0.24430226418377288
2020-07-25 23:00:00,0.22900892410950746
2020-07-25 23:03:00,0.2723911109927144
2020-07-25 23:06:00,0.2982521328414691
2020-07-25 23:09:00,0.3266983617625101
2020-07-25 23:12:00,0.33443297499854907
2020-07-25 23:15:00,0.30062479348913485
2020-07-25 23:18:00,0.342828517421367
2020-07-25 23:21:00,0.26593574573848855
2020-07-25 23:24:00,0.31272779868754697
2020-07-25 23:27:00,0.34877440381558245
2020-07-25 23:30:00,0.37633807216724335
2020-07-25 23:33:00,0.3665808664846395
2020-07-25 23:36:00,0.2911750677455984
2020-07-25 23:39:00,0.36247174298057416
2020-07-25 23:42:00,0.28504007137109966
2020-07-25 23:45:00,0.3234953457740062
2020-07-25 23:48:00,0.3949914554469274
2020-07-25 23:51:00,0.3417712511536024
2020-07-25 23:54:00,0.3943437775384382
2020-07-25 23:57:00,0.35981323665475884
2020-07-26 00:00:00,0.3160718946602401
2020-07-26 00:03:00,0.4467091889326298
2020-07-26 00:06:00,0.4349415360701414
2020-07-26 00:09:00,0.3554796323719529
2020-07-26 00:12:00,0.3119082316406434
2020-07-26 00:15:00,0.43611671323151313
2020-07-26 00:18:00,0.3305417507106654
2020-07-26 00:21:00,0.2610312084748898
2020-07-26 00:24:00,0.3427520455715012
2020-07-26 00:27:00,0.3579828253029973
2020-07-26 00:30:00,0.4279880195856549
2020-07-26 00:33:00,0.4002863915907824
2020-07-26 00:36:00,0.3595906847443757
2020-07-26 00:39:00,0.2492035776356829
2020-07-26 00:42:00,0.38648434773426743
2020-07-26 00:45:00,0.3786934356991196
2020-07-26 00:48:00,0.35569476764430874
2020-07-26 00:51:00,0.3921628487428279
2020-07-26 00:54:00,0.39755241762532023
2020-07-26 00:57:00,0.4137321881509024
2020-07-26 01:00:00,0.3691890535014295
2020-07-26 01:03:00,0.3717076445894918
2020-07-26 01:06:00,0.4140918621581591
2020-07-26 01:09:00,0.3741926588616593
2020-07-26 01:12:00,0.4487059412960548
2020-07-26 01:15:00,0.3618177234631048
2020-07-26 01:18:00,0.3931844236137749
2020-07-26 01:21:00,0.4278520136539328
2020-07-26 01:24:00,0.4922610647664669
2020-07-26 01:27:00,0.3078032829683366
2020-07-26 01:30:00,0.3747568622387121
2020-07-26 01:33:00,0.31556188908717786
2020-07-26 01:36:00,0.24538043991907443
2020-07-26 01:39:00,0.3302422634077402
2020-07-26 01:42:00,0.35078526389003173
2020-07-26 01:45:00,0.38697113528257887
2020-07-26 01:48:00,0.3392335356047056
2020-07-26 01:51:00,0.40758761680899624
2020-07-26 01:54:00,0.34103574394509906
2020-07-26 01:57:00,0.3768195033929942
2020-07-26 02:00:00,0.3942813582683584
2020-07-26 02:03:00,0.3658031420486054
2020-07-26 02:06:00,0.3787969569544316
2020-07-26 02:09:00,0.3039712101504506
2020-07-26 02:12:00,0.3290723249912162
2020-07-26 02:15:00,0.30738471031861536
2020-07-26 02:18:00,0.3937121543117428
2020-07-26 02:21:00,0.40316730357034203
2020-07-26 02:24:00,0.3681802576334121
2020-07-26 02:27:00,0.34694750227782833
2020-07-26 02:30:00,0.3641742420228411
2020-07-26 02:33:00,0.444826048724849
2020-07-26 02:36:00,0.30591167736747593
2020-07-26 02:39:00,0.3415141996575244
2020-07-26 02:42:00,0.3460701150836485
2020-07-26 02:45:00,0.3714325332955468
2020-07-26 02:48:00,0.41374212075328387
2020-07-26 02:51:00,0.4424213570849247
2020-07-26 02:54:00,0.4230829740009199
2020-07-26 02:57:00,0.45006729870630124
2020-07-26 03:00:00,0.3792943080213149
2020-07-26 03:03:00,0.383818028939686
2020-07-26 03:06:00,0.37203955077410455
2020-07-26 03:09:00,0.3756918517044028
2020-07-26 03:12:00,0.40765118135090006
2020-07-26 03:15:00,0.34440426460383833
2020-07-26 03:18:00,0.37209108740097463
2020-07-26 03:21:00,0.37499159078993216
2020-07-26 03:24:00,0.3661527476699007
2020-07-26 03:27:00,0.32363179510184636
2020-07-26 03:30:00,0.45818016472816225
2020-07-26 03:33:00,0.4005914254216236
2020-07-26 03:36:00,0.386418399127308
2020-07-26 03:39:00,0.3090928983806407
2020-07-26 03:42:00,0.41453891427346434
2020-07-26 03:45:00,0.36875858091366354
2020-07-26 03:48:00,0.33541668312733464
2020-07-26 03:51:00,0.27735714835432645
2020-07-26 03:54:00,0.26233466204632805
2020-07-26 03:57:00,0.30894371514318664
2020-07-26 04:00:00,0.3054581026306096
2020-07-26 04:03:00,0.35938436170624755
2020-07-26 04:06:00,0.40002093919014214
2020-07-26 04:09:00,0.3913428713929079
2020-07-26 04:12:00,0.3282542962631396
2020-07-26 04:15:00,0.43499576872380885
2020-07-26 04:18:00,0.378067356281349
2020-07-26 04:21:00,0.35965996387670884
2020-07-26 04:24:00,0.3261862054734479
2020-07-26 04:27:00,0.2700043595484658
2020-07-26 04:30:00,0.38210320172510137
2020-07-26 04:33:00,0.3927515377547479
2020-07-26 04:36:00,0.384231170587384
2020-07-26 04:39:00,0.3886019328871271
2020-07-26 04:42:00,0.45982882153890614
2020-07-26 04:45:00,0.3882426948989064
2020-07-26 04:48:00,0.3635687679106354
2020-07-26 04:51:00,0.41385729126534443
2020-07-26 04:54:00,0.4168068902084201
2020-07-26 04:57:00,0.4087250645524705
2020-07-26 05:00:00,0.39793492381829765
2020-07-26 05:03:00,0.36329478586100095
2020-07-26 05:06:00,0.37884369530354434
2020-07-26 05:09:00,0.4290238769621624
2020-07-26 05:12:00,0.31183553476745374
2020-07-26 05:15:00,0.41726026060115373
2020-07-26 05:18:00,0.4190651007280053
2020-07-26 05:21:00,0.39169117255698893
2020-07-26 05:24:00,0.3853543977759273
2020-07-26 05:27:00,0.46285305954359046
2020-07-26 05:30:00,0.38137705963271173
2020-07-26 05:33:00,0.36465699161954035
2020-07-26 05:36:00,0.41243451767792294
2020-07-26 05:39:00,0.36569216120199144
2020-07-26 05:42:00,0.3687622648395745
2020-07-26 05:45:00,0.3676509439822553
2020-07-26 05:48:00,0.4363624095402656
2020-07-26 05:51:00,0.4827927751334187
2020-07-26 05:54:00,0.38490460993233455
2020-07-26 05:57:00,0.310884129200133
2020-07-26 06:00:00,0.33369811509220426
2020-07-26 06:03:00,0.4434653809548763
2020-07-26 06:06:00,0.4443722687966556
2020-07-26 06:09:00,0.4028343750421186
2020-07-26 06:12:00,0.336707297842338
2020-07-26 06:15:00,0.2737187887180994
2020-07-26 06:18:00,0.38140082653370655
2020-07-26 06:21:00,0.32698798863270895
2020-07-26 06:24:00,0.4295047932172906
2020-07-26 06:27:00,0.3611164313336417
2020-07-26 06:30:00,0.49002866837741976
2020-07-26 06:33:00,0.33685231694687445
2020-07-26 06:36:00,0.3328637937545409
2020-07-26 06:39:00,0.4322871548116609
2020-07-26 06:42:00,0.4921373404114888
2020-07-26 06:45:00,0.4050099150351798
2020-07-26 06:48:00,0.4014104752682215
2020-07-26 06:51:00,0.40797868134006876
2020-07-26 06:54:00,0.3902479833753887
2020-07-26 06:57:00,0.375113194202811
2020-07-26 07:00:00,0.3775423038799204
2020-07-26 07:03:00,0.37575383593235756
2020-07-26 07:06:00,0.40947767885364783
2020-07-26 07:09:00,0.4601044681796793
2020-07-26 07:12:00,0.47148540773929426
2020-07-26 07:15:00,0.48705048123986217
2020-07-26 07:18:00,0.32296065456802125
2020-07-26 07:21:00,0.424697717994718
2020-07-26 07:24:00,0.42264283238472444
2020-07-26 07:27:00,0.39199990195987766
2020-07-26 07:30:00,0.4151692208681652
2020-07-26 07:33:00,0.39679305439261725
2020-07-26 07:36:00,0.36209034888429414
2020-07-26 07:39:00,0.41699477774903926
2020-07-26 07:42:00,0.3690801509690118
2020-07-26 07:45:00,0.3916567267161213
2020-07-26 07:48:00,0.4389935742171929
2020-07-26 07:51:00,0.49098679805848633
2020-07-26 07:54:00,0.3477051247853069
2020-07-26 07:57:00,0.344444063882122
2020-07-26 08:00:00,0.40149843933022566
2020-07-26 08:03:00,0.36219277082909684
2020-07-26 08:06:00,0.4622278292384294
2020-07-26 08:09:00,0.40121879706651953
2020-07-26 08:12:00,0.36437000048749724
2020-07-26 08:15:00,0.37044994667036235
2020-07-26 08:18:00,0.35795802174715163
2020-07-26 08:21:00,0.43799614046787383
2020-07-26 08:24:00,0.3159025830116775
2020-07-26 08:27:00,0.3628128181264856
2020-07-26 08:30:00,0.37272202719003644
2020-07-26 08:33:00,0.2304619635943368
2020-07-26 08:36:00,0.34916540654904793
2020-07-26 08:39:00,0.34666765961083
2020-07-26 08:42:00,0.43575561109810224
2020-07-26 08:45:00,0.33103096054185244
2020-07-26 08:48:00,0.24788453307900227
2020-07-26 08:51:00,0.217344154808643
2020-07-26 08:54:00,0.25619852675771426
2020-07-26 08:57:00,0.2266487095284333
2020-07-26 09:00:00,0.3219454439483229
2020-07-26 09:03:00,0.18129077914784375
2020-07-26 09:06:00,0.25998509899562805
2020-07-26 09:09:00,0.21218412007050347
2020-07-26 09:12:00,0.16538255290021198
2020-07-26 09:15:00,0.1956361891836309
2020-07-26 09:18:00,0.25275030369363094
2020-07-26 09:21:00,0.2191101433003837
2020-07-26 09:24:00,0.1849210389715381
2020-07-26 09:27:00,0.2585936406669589
2020-07-26 09:30:00,0.21831233528843086
2020-07-26 09:33:00,0.350659791381986
2020-07-26 09:36:00,0.1744844865905293
2020-07-26 09:39:00,0.2504405653355093
2020-07-26 09:42:00,0.1187020052771004
2020-07-26 09:45:00,0.19195503525452295
2020-07-26 09:48:00,0.10221689024871239
2020-07-26 09:51:00,0.23609422644528877
2020-07-26 09:54:00,0.18588386257636103
2020-07-26 09:57:00,0.26120325318856885
2020-07-26 10:00:00,0.20181521535818092
2020-07-26 10:03:00,0.219714330443594
2020-07-26 10:06:00,0.073092635511955
2020-07-26 10:09:00,0.16052209022325314
2020-07-26 10:12:00,0.06897062705183998
2020-07-26 10:15:00,0.13604421444273385
2020-07-26 10:18:00,0.03968928796433602
2020-07-26 10:21:00,0.0829762753072032
2020-07-26 10:24:00,0.07500643144470587
2020-07-26 10:27:00,0.10689964506144634
2020-07-26 10:30:00,0.026792182888527805
2020-07-26 10:33:00,0.0923442741362237
2020-07-26 10:36:00,-0.03886348575269949
2020-07-26 10:39:00,-0.05515704443831737
2020-07-26 10:42:00,0.017048019251831192
2020-07-26 10:45:00,-0.032094053365881337
2020-07-26 10:48:00,-0.1131477242520873
2020-07-26 10:51:00,0.04432576850405212
2020-07-26 10:54:00,-0.13445470949750415
2020-07-26 10:57:00,0.03514439861987739
2020-07-26 11:00:00,-0.11592180645550343
2020-07-26 11:03:00,-0.09005274337994251
2020-07-26 11:06:00,-0.10021340830991221
2020-07-26 11:09:00,-0.043278868294351014
2020-07-26 11:12:00,-0.11923310562912093
2020-07-26 11:15:00,-0.12272346592311578
2020-07-26 11:18:00,-0.22143456776825587
2020-07-26 11:21:00,-0.1363492344331121
2020-07-26 11:24:00,-0.16932325037436158
2020-07-26 11:27:00,-0.22671304601749398
2020-07-26 11:30:00,-0.13704239080152547
2020-07-26 11:33:00,-0.1212688633697212
2020-07-26 11:36:00,-0.19941241494922224
2020-07-26 11:39:00,-0.20649606964366285
2020-07-26 11:42:00,-0.26457876320398555
2020-07-26 11:45:00,-0.2740941689073111
2020-07-26 11:48:00,-0.26817968151999594
2020-07-26 11:51:00,-0.2876284344987994
2020-07-26 11:54:00,-0.44929667670010076
2020-07-26 11:57:00,-0.23802271482435344
2020-07-26 12:00:00,-0.2760477557068839
2020-07-26 12:03:00,-0.34015278485054523
2020-07-26 12:06:00,-0.24333735084616137
2020-07-26 12:09:00,-0.15846995273290077
2020-07-26 12:12:00,-0.3112252012855947
2020-07-26 12:15:00,-0.2873090026149612
2020-07-26 12:18:00,-0.2940115507241785
2020-07-26 12:21:00,-0.20729709468548663
2020-07-26 12:24:00,-0.26387014522890695
2020-07-26 12:27:00,-0.26389406437812113
2020-07-26 12:30:00,-0.35070807625044154
2020-07-26 12:33:00,-0.34429728846743046
2020-07-26 12:36:00,-0.22296775146969594
2020-07-26 12:39:00,-0.24767132732745267
2020-07-26 12:42:00,-0.2960528574116097
2020-07-26 12:45:00,-0.35916449519254456
2020-07-26 12:48:00,-0.32002905961178385
2020-07-26 12:51:00,-0.3650663604898341
2020-07-26 12:54:00,-0.3830076421890567
2020-07-26 12:57:00,-0.30416171952731474
2020-07-26 13:00:00,-0.35220534550313687
2020-07-26 13:03:00,-0.3295691221728134
2020-07-26 13:06:00,-0.35265157777178047
2020-07-26 13:09:00,-0.4593225003880548
2020-07-26 13:12:00,-0.4073382754689874
2020-07-26 13:15:00,-0.43340154295708544
2020-07-26 13:18:00,-0.4056104276127144
2020-07-26 13:21:00,-0.3196806418492315
2020-07-26 13:24:00,-0.3191261577943578
2020-07-26 13:27:00,-0.4279843515336097
2020-07-26 13:30:00,-0.40120222645651893
2020-07-26 13:33:00,-0.35609403118610317
2020-07-26 13:36:00,-0.4807646868719644
2020-07-26 13:39:00,-0.3833786845447662
2020-07-26 13:42:00,-0.4789246197563557
2020-07-26 13:45:00,-0.37014643377540324
2020-07-26 13:48:00,-0.3889728984752878
2020-07-26 13:51:00,-0.33283403668349365
2020-07-26 13:54:00,-0.36793753552620956
2020-07-26 13:57:00,-0.3114631588315433
2020-07-26 14:00:00,-0.24642153207781803
2020-07-26 14:03:00,-0.3636520607976763
2020-07-26 14:06:00,-0.22181333434360795
2020-07-26 14:09:00,-0.33923145883517236
2020-07-26 14:12:00,-0.3359750147435534
2020-07-26 14:15:00,-0.3257914531103552
2020-07-26 14:18:00,-0.3438980093366695
2020-07-26 14:21:00,-0.38175626044693445
2020-07-26 14:24:00,-0.3798868950822225
2020-07-26 14:27:00,-0.41571335393365416
2020-07-26 14:30:00,-0.4416581358639746
2020-07-26 14:33:00,-0.4256405019288536
2020-07-26 14:36:00,-0.3080839305607128
2020-07-26 14:39:00,-0.42814250662746645
2020-07-26 14:42:00,-0.39822291896513207
2020-07-26 14:45:00,-0.4315408026809564
2020-07-26 14:48:00,-0.42316601315525304
2020-07-26 14:51:00,-0.4781386716908287
2020-07-26 14:54:00,-0.5096304745397333
2020-07-26 14:57:00,-0.41257936079227875
2020-07-26 15:00:00,-0.4030252653868729
2020-07-26 15:03:00,-0.45469767808583583
2020-07-26 15:06:00,-0.5523788389397168
2020-07-26 15:09:00,-0.5366620146056675
2020-07-26 15:12:00,-0.5755609034614508
2020-07-26 15:15:00,-0.46036518765367873
2020-07-26 15:18:00,-0.4504270251644016
2020-07-26 15:21:00,-0.5053915118505756
2020-07-26 15:24:00,-0.33632714705720446
2020-07-26 15:27:00,-0.38322826444442626
2020-07-26 15:30:00,-0.32229566338867244
2020-07-26 15:33:00,-0.2725825401913653
2020-07-26 15:36:00,-0.31194304765421066
2020-07-26 15:39:00,-0.3215679875848423
2020-07-26 15:42:00,-0.3507918966217858
2020-07-26 15:45:00,-0.4586843407652168
2020-07-26 15:48:00,-0.39853956967675686
2020-07-26 15:51:00,-0.4043478211093543
2020-07-26 15:54:00,-0.3647449695629916
2020-07-26 15:57:00,-0.36244171558126936
2020-07-26 16:00:00,-0.38354547433976904
2020-07-26 16:03:00,-0.2879560716693277
2020-07-26 16:06:00,-0.3291775387782536
2020-07-26 16:09:00,-0.322896868248165
2020-07-26 16:12:00,-0.37538825829454936
2020-07-26 16:15:00,-0.2667707409974014
2020-07-26 16:18:00,-0.3068574918411855
2020-07-26 16:21:00,-0.18834927041399396
2020-07-26 16:24:00,-0.21792469501355072
2020-07-26 16:27:00,-0.3179069882956469
2020-07-26 16:30:00,-0.2887841607249584
2020-07-26 16:33:00,-0.26719950319971986
2020-07-26 16:36:00,-0.36164810426697613
2020-07-26 16:39:00,-0.288732224130797
2020-07-26 16:42:00,-0.29239593431429967
2020-07-26 16:45:00,-0.296561092623449
2020-07-26 16:48:00,-0.3911350933720428
2020-07-26 16:51:00,-0.24706633819579338
2020-07-26 16:54:00,-0.30393657404368923
2020-07-26 16:57:00,-0.3837156811213731
2020-07-26 17:00:00,-0.3006056745001615
2020-07-26 17:03:00,-0.299566891765096
2020-07-26 17:06:00,-0.2846441182790045
2020-07-26 17:09:00,-0.21051018172073555
2020-07-26 17:12:00,-0.3018031682470905
2020-07-26 17:15:00,-0.2067634299389738
2020-07-26 17:18:00,-0.2305249825951705
2020-07-26 17:21:00,-0.29897251057929
2020-07-26 17:24:00,-0.20601623144619907
2020-07-26 17:27:00,-0.23744417380930827
2020-07-26 17:30:00,-0.16188626139432927
2020-07-26 17:33:00,-0.18879682628409
2020-07-26 17:36:00,-0.22811970687996563
2020-07-26 17:39:00,-0.15558437236580858
2020-07-26 17:42:00,-0.08562659205961154
2020-07-26 17:45:00,-0.08068846365148374
2020-07-26 17:48:00,-0.0937160558278265
2020-07-26 17:51:00,-0.12092143123692267
2020-07-26 17:54:00,-0.06874982720341904
2020-07-26 17:57:00,-0.13259414267690772
2020-07-26 18:00:00,-0.17129296816540318
2020-07-26 18:03:00,-0.05750721983656604
2020-07-26 18:06:00,-0.06957691507278696
2020-07-26 18:09:00,-0.06268917089550996
2020-07-26 18:12:00,-0.06804279714020822
2020-07-26 18:15:00,-0.17059802234098242
2020-07-26 18:18:00,-0.1853865692254999
2020-07-26 18:21:00,-0.1022880474079102
2020-07-26 18:24:00,-0.13416663436009912
2020-07-26 18:27:00,-0.1196618530261162
2020-07-26 18:30:00,-0.014838914472477427
2020-07-26 18:33:00,-0.09128983871738683
2020-07-26 18:36:00,-0.10792936158321709
2020-07-26 18:39:00,-0.018145300790536112
2020-07-26 18:42:00,-0.0437614022642947
2020-07-26 18:45:00,-0.133428986670026
2020-07-26 18:48:00,-0.09587650942893333
2020-07-26 18:51:00,-0.07932894621183095
2020-07-26 18:54:00,
2020-07-26 18:57:00,
2020-07-26 19:00:00,
2020-07-26 19:03:00,0.018733739163906193
2020-07-26 19:06:00,0.013239930555812407
2020-07-26 19:09:00,-0.14773462260660608
2020-07-26 19:12:00,0.027465558678670732
2020-07-26 19:15:00,-0.0630147246486672
2020-07-26 19:18:00,0.05815990442806651
2020-07-26 19:21:00,0.06623770803810203
2020-07-26 19:24:00,0.07941962849417905
2020-07-26 19:27:00,0.2108704206245875
2020-07-26 19:30:00,0.16970368042825612
2020-07-26 19:33:00,0.025074925255012204
2020-07-26 19:36:00,0.21301429245960435
2020-07-26 19:39:00,0.1464010947045722
2020-07-26 19:42:00,0.2557776739724318
2020-07-26 19:45:00,0.2647503841097887
2020-07-26 19:48:00,0.299069507339766
2020-07-26 19:51:00,0.36633203687620153
2020-07-26 19:54:00,0.45776141802241455
2020-07-26 19:57:00,0.4830561332748289
2020-07-26 20:00:00,0.18105124680784002
2020-07-26 20:03:00,0.29225411465046136
2020-07-26 20:06:00,0.3379843618010341
2020-07-26 20:09:00,0.4575843896942615
2020-07-26 20:12:00,0.38685777022880075
2020-07-26 20:15:00,0.3950917188698213
2020-07-26 20:18:00,0.4209047962461341
2020-07-26 20:21:00,0.4784370102656794
2020-07-26 20:24:00,0.5583980975185909
2020-07-26 20:27:00,0.42398947486225325
2020-07-26 20:30:00,0.1960040749942209
2020-07-26 20:33:00,0.17874943542574329
2020-07-26 20:36:00,0.24710434720498142
2020-07-26 20:39:00,0.4386124956662343
2020-07-26 20:42:00,0.34387980783031935
2020-07-26 20:45:00,0.41152162537491677
2020-07-26 20:48:00,0.46619699560386607
2020-07-26 20:51:00,0.4092312583261446
2020-07-26 20:54:00,0.31826594422363996
2020-07-26 20:57:00,0.17971426742587937
2020-07-26 21:00:00,0.18669729086082043
2020-07-26 21:03:00,0.138993208713714
2020-07-26 21:06:00,0.10226346702285127
2020-07-26 21:09:00,0.05060570690778832
2020-07-26 21:12:00,0.13166626657397273
2020-07-26 21:15:00,0.18082063909093904
2020-07-26 21:18:00,0.20731679639931144
2020-07-26 21:21:00,0.1732138184015639
2020-07-26 21:24:00,0.19300864272435092
2020-07-26 21:27:00,0.2642705394073914
2020-07-26 21:30:00,0.1895010915290527
2020-07-26 21:33:00,0.13363449240637237
2020-07-26 21:36:00,0.0889748562198065
2020-07-26 21:39:00,0.24190906622072816
2020-07-26 21:42:00,0.24955130297422556
2020-07-26 21:45:00,0.2637436931098591
2020-07-26 21:48:00,0.36726528875050235
2020-07-26 21:51:00,0.18314821311111018
2020-07-26 21:54:00,0.20602515762533358
2020-07-26 21:57:00,0.23933549178320845
2020-07-26 22:00:00,0.2566776638888655
2020-07-26 22:03:00,0.17394285652375174
2020-07-26 22:06:00,0.16527848185882021
2020-07-26 22:09:00,0.1739576532415299
2020-07-26 22:12:00,0.20110709071525434
2020-07-26 22:15:00,0.2507272122022073
2020-07-26 22:18:00,0.259899406795455
2020-07-26 22:21:00,0.1652377507836036
2020-07-26 22:24:00,0.2727200693162217
2020-07-26 22:27:00,0.1973833657311843
2020-07-26 22:30:00,0.20183816579282166
2020-07-26 22:33:00,0.2495663644019146
2020-07-26 22:36:00,0.1801375884858203
2020-07-26 22:39:00,0.2153935013118371
2020-07-26 22:42:00,0.20212732822540147
2020-07-26 22:45:00,0.19508392774542926
2020-07-26 22:48:00,0.2071377489543238
2020-07-26 22:51:00,0.13559661494576858
2020-07-26 22:54:00,0.36114650139342075
2020-07-26 22:57:00,0.2782980640665187
2020-07-26 23:00:00,0.2869049941811568
2020-07-26 23:03:00,0.25893497582734426
2020-07-26 23:06:00,0.2656304916549175
2020-07-26 23:09:00,0.2218597221062737
2020-07-26 23:12:00,0.22918016313974476
2020-07-26 23:15:00,0.14029430370590035
2020-07-26 23:18:00,0.27831443081782936
2020-07-26 23:21:00,0.2386753527515566
2020-07-26 23:24:00,0.2214381594365591
2020-07-26 23:27:00,0.2913979308201533
2020-07-26 23:30:00,0.2232110942737222
2020-07-26 23:33:00,0.2446222462593255
2020-07-26 23:36:00,0.25175640998617155
2020-07-26 23:39:00,0.31567063977064436
2020-07-26 23:42:00,0.2853958138063035
2020-07-26 23:45:00,0.36487510868846584
2020-07-26 23:48:00,0.30585703692747757
2020-07-26 23:51:00,0.41345937130239463
2020-07-26 23:54:00,0.32392726989928633
2020-07-26 23:57:00,0.3701192866915335
2020-07-27 00:00:00,0.4014877585777299
2020-07-27 00:03:00,0.38804936632141107
2020-07-27 00:06:00,0.29578302293595016
2020-07-27 00:09:00,0.3647594529374487
2020-07-27 00:12:00,0.383486656499997
2020-07-27 00:15:00,0.35504130904922704
2020-07-27 00:18:00,0.35251536143431395
2020-07-27 00:21:00,0.3557468657195386
2020-07-27 00:24:00,0.38931367091078073
2020-07-27 00:27:00,0.4058954539916044
2020-07-27 00:30:00,0.3216784275820146
2020-07-27 00:33:00,0.40242323113892553
2020-07-27 00:36:00,0.3774324711039867
2020-07-27 00:39:00,0.33765353686163735
2020-07-27 00:42:00,0.40925045404623006
2020-07-27 00:45:00,0.42673939563320573
2020-07-27 00:48:00,0.36415054352931975
2020-07-27 00:51:00,0.34812036484652253
2020-07-27 00:54:00,0.3677240429964854
2020-07-27 00:57:00,0.3358800615307018
2020-07-27 01:00:00,0.33135788389114396
2020-07-27 01:03:00,0.3857241188599687
2020-07-27 01:06:00,0.3897430935805346
2020-07-27 01:09:00,0.3036082994303797
2020-07-27 01:12:00,0.47412725931462774
2020-07-27 01:15:00,0.4130955006045838
2020-07-27 01:18:00,0.38109686264010634
2020-07-27 01:21:00,0.3830155200448644
2020-07-27 01:24:00,0.36765317554841204
2020-07-27 01:27:00,0.4172447593601305
2020-07-27 01:30:00,0.45494648221705347
2020-07-27 01:33:00,0.3551567576731145
2020-07-27 01:36:00,0.35672915138712824
2020-07-27 01:39:00,0.41355086388097106
2020-07-27 01:42:00,0.41096201824473155
2020-07-27 01:45:00,0.38986735699933206
2020-07-27 01:48:00,0.3852512511983832
2020-07-27 01:51:00,0.4381353844072464
2020-07-27 01:54:00,0.3561130785910791
2020-07-27 01:57:00,0.41943906054081026
2020-07-27 02:00:00,0.3663037026039433
2020-07-27 02:03:00,0.43670736762300066
2020-07-27 02:06:00,0.3845624601092936
2020-07-27 02:09:00,0.3268274551244872
2020-07-27 02:12:00,0.34822400861196456
2020-07-27 02:15:00,0.47124663468065364
2020-07-27 02:18:00,0.4235101013370013
2020-07-27 02:21:00,0.336434494113405
2020-07-27 02:24:00,0.4727993353783404
2020-07-27 02:27:00,0.497097189407782
2020-07-27 02:30:00,0.45293508563446494
2020-07-27 02:33:00,0.45441568844580615
2020-07-27 02:36:00,0.4230790018316952
2020-07-27 02:39:00,0.36674048163462203
2020-07-27 02:42:00,0.37811114667618995
2020-07-27 02:45:00,0.4638810402257718
2020-07-27 02:48:00,0.4098020190816669
2020-07-27 02:51:00,0.42759641851972674
2020-07-27 02:54:00,0.33674256486858667
2020-07-27 02:57:00,0.4668219927529549
2020-07-27 03:00:00,0.4692103979764397
2020-07-27 03:03:00,0.3060178480062632
2020-07-27 03:06:00,0.3868949508868127
2020-07-27 03:09:00,0.42979980942993734
2020-07-27 03:12:00,0.4101817955161664
2020-07-27 03:15:00,0.2925132610815808
2020-07-27 03:18:00,0.296457785691814
2020-07-27 03:21:00,0.3095947258560159
2020-07-27 03:24:00,0.25461596579322077
2020-07-27 03:27:00,0.2577850630798366
2020-07-27 03:30:00,0.29267148290637124
2020-07-27 03:33:00,0.24196045068998728
2020-07-27 03:36:00,0.23174519824516437
2020-07-27 03:39:00,0.20195839329022647
2020-07-27 03:42:00,0.3712299195863693
2020-07-27 03:45:00,0.16213837093670236
2020-07-27 03:48:00,0.29728667403145437
2020-07-27 03:51:00,0.36994950118230463
2020-07-27 03:54:00,0.23383005913063926
2020-07-27 03:57:00,0.2230494327282031
2020-07-27 04:00:00,0.24146140391712834
2020-07-27 04:03:00,0.24137953264198586
2020-07-27 04:06:00,0.33156899405389595
2020-07-27 04:09:00,0.15506269267660855
2020-07-27 04:12:00,0.26426882421844766
2020-07-27 04:15:00,0.16763798391104956
2020-07-27 04:18:00,0.2304111870593033
2020-07-27 04:21:00,0.25172809302694077
2020-07-27 04:24:00,0.23588231327414633
2020-07-27 04:27:00,0.15030706703680607
2020-07-27 04:30:00,0.17221934423008634
2020-07-27 04:33:00,0.1632246096645531
2020-07-27 04:36:00,0.16518146166646375
2020-07-27 04:39:00,0.20203002294084627
2020-07-27 04:42:00,0.28490872433985714
2020-07-27 04:45:00,0.20123595395801885
2020-07-27 04:48:00,0.3089405714572422
2020-07-27 04:51:00,0.3562671006778828
2020-07-27 04:54:00,0.30552454122414474
2020-07-27 04:57:00,0.3817333392295268
2020-07-27 05:00:00,0.299136207176673
2020-07-27 05:03:00,0.27823354764228725
2020-07-27 05:06:00,0.3475066200322203
2020-07-27 05:09:00,0.2706624303285139
2020-07-27 05:12:00,0.27625992015509837
2020-07-27 05:15:00,0.3791963140648136
2020-07-27 05:18:00,0.34266763366366604
2020-07-27 05:21:00,0.3166615588797299
2020-07-27 05:24:00,0.2874136767246682
2020-07-27 05:27:00,0.27329707874378073
2020-07-27 05:30:00,0.3429119221150927
2020-07-27 05:33:00,0.3094005362152643
2020-07-27 05:36:00,0.25940020026513366
2020-07-27 05:39:00,0.35168531444571727
2020-07-27 05:42:00,0.3941052744807507
2020-07-27 05:45:00,0.3099101756470759
2020-07-27 05:48:00,0.3920792511439686
2020-07-27 05:51:00,0.407805511415404
2020-07-27 05:54:00,0.3930859764550405
2020-07-27 05:57:00,0.3587061018688473
2020-07-27 06:00:00,0.34873977581014515
2020-07-27 06:03:00,0.41837507563576537
2020-07-27 06:06:00,0.351451765478771
2020-07-27 06:09:00,0.382988162917286
2020-07-27 06:12:00,0.39834228688602025
2020-07-27 06:15:00,0.3444437102910456
2020-07-27 06:18:00,0.3726354742578337
2020-07-27 06:21:00,0.328874844134873
2020-07-27 06:24:00,0.35379702929503765
2020-07-27 06:27:00,0.3342845760407158
2020-07-27 06:30:00,0.46300544391237963
2020-07-27 06:33:00,0.39175661963355424
2020-07-27 06:36:00,0.3765253950022611
2020-07-27 06:39:00,0.3362908509265594
2020-07-27 06:42:00,0.32033272690415515
2020-07-27 06:45:00,0.325028244538089
2020-07-27 06:48:00,0.34494523974967706
2020-07-27 06:51:00,0.4618275219862653
2020-07-27 06:54:00,0.3878930875045512
2020-07-27 06:57:00,0.4449447457087672
2020-07-27 07:00:00,0.33283678758834867
2020-07-27 07:03:00,0.3914753636983619
2020-07-27 07:06:00,0.4621946521913287
2020-07-27 07:09:00,0.446585375301936
2020-07-27 07:12:00,0.4040237024047997
2020-07-27 07:15:00,0.3217234505312945
2020-07-27 07:18:00,0.47659701168907986
2020-07-27 07:21:00,0.4956893096317003
2020-07-27 07:24:00,0.4933081083210027
2020-07-27 07:27:00,0.41958165432117767
2020-07-27 07:30:00,0.4270259279381321
2020-07-27 07:33:00,0.48467561876537957
2020-07-27 07:36:00,0.43377712390707757
2020-07-27 07:39:00,0.43532840739896983
2020-07-27 07:42:00,0.4622168810051335
2020-07-27 07:45:00,0.3951098844729586
2020-07-27 07:48:00,0.4081350855611845
2020-07-27 07:51:00,0.3907572800489447
2020-07-27 07:54:00,0.3220966127438487
2020-07-27 07:57:00,0.3766175332308421
2020-07-27 08:00:00,0.33119608935328415
2020-07-27 08:03:00,0.3680114861857078
2020-07-27 08:06:00,0.3618237408097684
2020-07-27 08:09:00,0.35932810777131863
2020-07-27 08:12:00,0.41157117803010124
2020-07-27 08:15:00,0.33223659343195777
2020-07-27 08:18:00,0.29808235840636144
2020-07-27 08:21:00,0.2872208514883141
2020-07-27 08:24:00,0.3382748686648256
2020-07-27 08:27:00,0.2987503287722575
2020-07-27 08:30:00,0.4463711800851229
2020-07-27 08:33:00,0.4250182034971317
2020-07-27 08:36:00,0.30656012226165785
2020-07-27 08:39:00,0.3800077049754691
2020-07-27 08:42:00,0.2308748638686211
2020-07-27 08:45:00,0.31825229970354485
2020-07-27 08:48:00,0.33723060751577805
2020-07-27 08:51:00,0.3834828834339987
2020-07-27 08:54:00,0.2283159985936436
2020-07-27 08:57:00,0.26128094513723
2020-07-27 09:00:00,0.2822524829884969
2020-07-27 09:03:00,0.3272450100418496
2020-07-27 09:06:00,0.27405253305772703
2020-07-27 09:09:00,0.268046201526829
2020-07-27 09:12:00,0.26897182463784475
2020-07-27 09:15:00,0.22800591542812754
2020-07-27 09:18:00,0.31556464891360747
2020-07-27 09:21:00,0.25751631906103967
2020-07-27 09:24:00,0.15593577298233186
2020-07-27 09:27:00,0.22235554569118676
2020-07-27 09:30:00,0.16810356501963497
2020-07-27 09:33:00,0.20383593510570108
2020-07-27 09:36:00,0.18375703147938793
2020-07-27 09:39:00,0.06658970752198456
2020-07-27 09:42:00,0.11024901955164523
2020-07-27 09:45:00,0.12732938491063805
2020-07-27 09:48:00,0.18479905121563434
2020-07-27 09:51:00,0.07464362591059626
2020-07-27 09:54:00,0.17964200889781523
2020-07-27 09:57:00,0.16103692110738166
2020-07-27 10:00:00,0.12277164100129312
2020-07-27 10:03:00,0.07162530699122271
2020-07-27 10:06:00,0.1469053521072965
2020-07-27 10:09:00,0.16853284968169646
2020-07-27 10:12:00,0.14248855536209248
2020-07-27 10:15:00,0.16281184371536028
2020-07-27 10:18:00,0.09168982938888348
2020-07-27 10:21:00,0.10596474445213744
2020-07-27 10:24:00,0.10423908779995372
2020-07-27 10:27:00,0.16423791847859093
2020-07-27 10:30:00,0.10922013791372365
2020-07-27 10:33:00,0.11731111364935032
2020-07-27 10:36:00,0.09599036378057235
2020-07-27 10:39:00,0.1595561866631101
2020-07-27 10:42:00,0.0693366540820648
2020-07-27 10:45:00,0.057207480800968824
2020-07-27 10:48:00,0.0657704422092138
2020-07-27 10:51:00,0.18459013893533438
2020-07-27 10:54:00,0.030869596279956113
2020-07-27 10:57:00,0.17504562923517142
2020-07-27 11:00:00,0.13533899007859418
2020-07-27 11:03:00,0.0076883293916125695
2020-07-27 11:06:00,-0.06453335693885265
2020-07-27 11:09:00,0.004407301169408129
2020-07-27 11:12:00,-0.1305535563851663
2020-07-27 11:15:00,-0.1357393928253714
2020-07-27 11:18:00,-0.16575817917248514
2020-07-27 11:21:00,-0.08103993070409388
2020-07-27 11:24:00,-0.25315248313552274
2020-07-27 11:27:00,-0.1355540794386343
2020-07-27 11:30:00,-0.11598172850597166
2020-07-27 11:33:00,-0.10601617017539411
2020-07-27 11:36:00,-0.14427222853333888
2020-07-27 11:39:00,-0.1866993370491059
2020-07-27 11:42:00,-0.2523491359063996
2020-07-27 11:45:00,-0.16817022656437075
2020-07-27 11:48:00,-0.06334824453767851
2020-07-27 11:51:00,-0.12373842940644408
2020-07-27 11:54:00,-0.18246223362552882
2020-07-27 11:57:00,-0.17672923932752838
2020-07-27 12:00:00,-0.15125308226919287
2020-07-27 12:03:00,-0.19244498647913133
2020-07-27 12:06:00,-0.27315797724310187
2020-07-27 12:09:00,-0.27401903240433967
2020-07-27 12:12:00,-0.2218171543842118
2020-07-27 12:15:00,-0.184603468333421
2020-07-27 12:18:00,-0.3044069507948848
2020-07-27 12:21:00,-0.2784902557461919
2020-07-27 12:24:00,-0.25317155747109155
2020-07-27 12:27:00,-0.14839645025443815
2020-07-27 12:30:00,-0.2515456208830642
2020-07-27 12:33:00,-0.2303111296353677
2020-07-27 12:36:00,-0.2658308858641476
2020-07-27 12:39:00,-0.22305187914622593
2020-07-27 12:42:00,-0.3195061116161355
2020-07-27 12:45:00,-0.2997360531134632
2020-07-27 12:48:00,-0.2719526264550609
2020-07-27 12:51:00,-0.4282808092501682
2020-07-27 12:54:00,-0.40692366756621823
2020-07-27 12:57:00,-0.31368770355101105
2020-07-27 13:00:00,-0.38923565685018957
2020-07-27 13:03:00,-0.2652810512745418
2020-07-27 13:06:00,-0.2874307412060375
2020-07-27 13:09:00,-0.27498378275907953
2020-07-27 13:12:00,-0.26222390085683855
2020-07-27 13:15:00,-0.2959739475751917
2020-07-27 13:18:00,-0.27577505551391823
2020-07-27 13:21:00,-0.23786802015428066
2020-07-27 13:24:00,-0.28851183412285764
2020-07-27 13:27:00,-0.34936460367657673
2020-07-27 13:30:00,-0.27327064243502264
2020-07-27 13:33:00,-0.2841239971006644
2020-07-27 13:36:00,-0.3347933345733054
2020-07-27 13:39:00,-0.2201279753112999
2020-07-27 13:42:00,-0.2356211027046129
2020-07-27 13:45:00,-0.17832984187509737
2020-07-27 13:48:00,-0.38728931942057443
2020-07-27 13:51:00,-0.3828457774368985
2020-07-27 13:54:00,-0.3331783330387452
2020-07-27 13:57:00,-0.40696688698432126
2020-07-27 14:00:00,-0.22822027989406024
2020-07-27 14:03:00,-0.3595147482177481
2020-07-27 14:06:00,-0.3148520381404296
2020-07-27 14:09:00,-0.3561008232593963
2020-07-27 14:12:00,-0.4137413422215559
2020-07-27 14:15:00,-0.5842055473228243
2020-07-27 14:18:00,-0.4048538994828732
2020-07-27 14:21:00,-0.4304091965726684
2020-07-27 14:24:00,-0.4866821101003893
2020-07-27 14:27:00,-0.43146867340004746
2020-07-27 14:30:00,-0.46492521144909915
2020-07-27 14:33:00,-0.33692632064907
2020-07-27 14:36:00,-0.38120659969627013
2020-07-27 14:39:00,-0.3534968105205962
2020-07-27 14:42:00,-0.2795552421154639
2020-07-27 14:45:00,-0.2280895039792199
2020-07-27 14:48:00,-0.2956114171703348
2020-07-27 14:51:00,-0.21296747094322654
2020-07-27 14:54:00,-0.15146204095719895
2020-07-27 14:57:00,-0.08406975878000367
2020-07-27 15:00:00,-0.1589224030120704
2020-07-27 15:03:00,-0.11520239197022875
2020-07-27 15:06:00,-0.2212131527671204
2020-07-27 15:09:00,-0.34960437000233924
2020-07-27 15:12:00,-0.26706147868787866
2020-07-27 15:15:00,-0.33588195086417727
2020-07-27 15:18:00,-0.22644974117491756
2020-07-27 15:21:00,-0.3472546582659106
2020-07-27 15:24:00,-0.2494454179561103
2020-07-27 15:27:00,-0.2981291642705628
2020-07-27 15:30:00,-0.31370664575121054
2020-07-27 15:33:00,-0.43624504541554643
2020-07-27 15:36:00,-0.28738478909440346
2020-07-27 15:39:00,-0.516623152914292
2020-07-27 15:42:00,-0.5655039807061257
2020-07-27 15:45:00,-0.5537127325773099
2020-07-27 15:48:00,-0.2754998471224326
2020-07-27 15:51:00,-0.37755722325454144
2020-07-27 15:54:00,-0.33086474042170266
2020-07-27 15:57:00,-0.349220581794782
2020-07-27 16:00:00,-0.3287311154435315
2020-07-27 16:03:00,-0.3138502776743053
2020-07-27 16:06:00,-0.3550133646284621
2020-07-27 16:09:00,-0.35180256224850837
2020-07-27 16:12:00,-0.31906576678119336
2020-07-27 16:15:00,-0.34229217681917135
2020-07-27 16:18:00,-0.3355175818658722
2020-07-27 16:21:00,-0.4089902513840684
2020-07-27 16:24:00,-0.47507577405622214
2020-07-27 16:27:00,-0.366637521478026
2020-07-27 16:30:00,-0.3171228189856379
2020-07-27 16:33:00,-0.26150477564891617
2020-07-27 16:36:00,-0.3421812231167678
2020-07-27 16:39:00,-0.3957361017010612
2020-07-27 16:42:00,-0.34928259639281123
2020-07-27 16:45:00,-0.265529301243987
2020-07-27 16:48:00,-0.2832460981397844
2020-07-27 16:51:00,-0.23322675634761936
2020-07-27 16:54:00,-0.3208425951755203
2020-07-27 16:57:00,-0.13655765088219596
2020-07-27 17:00:00,-0.128451070161816
2020-07-27 17:03:00,-0.15650079435863518
2020-07-27 17:06:00,-0.22131438067941644
2020-07-27 17:09:00,-0.1056472935060242
2020-07-27 17:12:00,-0.23429208539897672
2020-07-27 17:15:00,-0.29479033219195117
2020-07-27 17:18:00,-0.20573699019621472
2020-07-27 17:21:00,-0.22858399739465085
2020-07-27 17:24:00,-0.2250629165414466
2020-07-27 17:27:00,-0.2622930630672613
2020-07-27 17:30:00,-0.25856489704023033
2020-07-27 17:33:00,-0.2557495797528304
2020-07-27 17:36:00,-0.19200231386645328
2020-07-27 17:39:00,-0.2834533762188016
2020-07-27 17:42:00,-0.2509796910675277
2020-07-27 17:45:00,-0.25459071818784196
2020-07-27 17:48:00,-0.2573565882530602
2020-07-27 17:51:00,-0.2554951408924353
2020-07-27 17:54:00,-0.21615473421172737
2020-07-27 17:57:00,-0.252279470002577
2020-07-27 18:00:00,-0.3143240025027012
2020-07-27 18:03:00,-0.30096312154557836
2020-07-27 18:06:00,-0.22892542608724398
2020-07-27 18:09:00,-0.18214698992045442
2020-07-27 18:12:00,-0.26068071127917847
2020-07-27 18:15:00,-0.20606091721282382
2020-07-27 18:18:00,-0.17416113932017652
2020-07-27 18:21:00,-0.2861296350743032
2020-07-27 18:24:00,-0.23225556198934783
2020-07-27 18:27:00,-0.2125425145746931
2020-07-27 18:30:00,-0.17620867317356215
2020-07-27 18:33:00,-0.14486610936387478
2020-07-27 18:36:00,-0.13402720764435117
2020-07-27 18:39:00,-0.19897167016159756
2020-07-27 18:42:00,-0.2172072330137098
2020-07-27 18:45:00,-0.16971670822113083
2020-07-27 18:48:00,-0.1808759142523968
2020-07-27 18:51:00,-0.13437466494826822
2020-07-27 18:54:00,
2020-07-27 18:57:00,
2020-07-27 19:00:00,
2020-07-27 19:03:00,-0.08189655862531708
2020-07-27 19:06:00,-0.16800913578356358
2020-07-27 19:09:00,-0.10149990261800212
2020-07-27 19:12:00,-0.15710737317249368
2020-07-27 19:15:00,-0.09696119978389106
2020-07-27 19:18:00,-0.09112138407056136
2020-07-27 19:21:00,0.0047014005497771905
2020-07-27 19:24:00,-0.04427612108469248
2020-07-27 19:27:00,-0.05646864977961741
2020-07-27 19:30:00,-0.020837953831687628
2020-07-27 19:33:00,-0.038773643762908705
2020-07-27 19:36:00,-0.024265496273528697
2020-07-27 19:39:00,0.020177538561142683
2020-07-27 19:42:00,-0.023227672419920964
2020-07-27 19:45:00,0.09036549988326215
2020-07-27 19:48:00,0.16112378932217553
2020-07-27 19:51:00,0.22086506007343587
2020-07-27 19:54:00,0.16343276766724557
2020-07-27 19:57:00,0.1008577608458836
2020-07-27 20:00:00,0.05728953841861539
2020-07-27 20:03:00,0.08867860497207403
2020-07-27 20:06:00,-0.0048732849157318014
2020-07-27 20:09:00,0.004994086956457977
2020-07-27 20:12:00,-0.12441059427447954
2020-07-27 20:15:00,-0.029750113068757855
2020-07-27 20:18:00,-0.037677005820967224
2020-07-27 20:21:00,-0.08986516978910686
2020-07-27 20:24:00,-0.07537364408551639
2020-07-27 20:27:00,0.014283287314981408
2020-07-27 20:30:00,0.013696486626372462
2020-07-27 20:33:00,0.054811590575525315
2020-07-27 20:36:00,0.10233271990256299
2020-07-27 20:39:00,0.12216408238060694
2020-07-27 20:42:00,0.03978250005116024
2020-07-27 20:45:00,0.07924914332875233
2020-07-27 20:48:00,0.05992388842054197
2020-07-27 20:51:00,0.04066705560654782
2020-07-27 20:54:00,0.007421580650941451
2020-07-27 20:57:00,0.03359391922714394
2020-07-27 21:00:00,0.08486621887948331
2020-07-27 21:03:00,0.10462493920846327
2020-07-27 21:06:00,-0.011381685782112072
2020-07-27 21:09:00,0.05997602956387027
2020-07-27 21:12:00,0.05738351440794531
2020-07-27 21:15:00,0.18002827766747487
2020-07-27 21:18:00,0.10353716696465654
2020-07-27 21:21:00,0.0805471035216101
2020-07-27 21:24:00,0.061168190469288675
2020-07-27 21:27:00,0.04289438359336373
2020-07-27 21:30:00,-0.025306981333812928
2020-07-27 21:33:00,0.06199850434614973
2020-07-27 21:36:00,0.19690335375901213
2020-07-27 21:39:00,0.17410432867632153
2020-07-27 21:42:00,0.11592324328557879
2020-07-27 21:45:00,0.1406504309758816
2020-07-27 21:48:00,0.10566277207885832
2020-07-27 21:51:00,0.2711516513237484
2020-07-27 21:54:00,0.1715016068216073
2020-07-27 21:57:00,0.18990766758469135
2020-07-27 22:00:00,0.11877428436571336
2020-07-27 22:03:00,0.14472699055500016
2020-07-27 22:06:00,0.12191466713358068
2020-07-27 22:09:00,0.00048594722017014647
2020-07-27 22:12:00,0.0271014239187366
2020-07-27 22:15:00,0.07526985369997874
2020-07-27 22:18:00,0.10321855802402524
2020-07-27 22:21:00,0.10863808154783783
2020-07-27 22:24:00,0.06772554500565775
2020-07-27 22:27:00,-0.002599924927324082
2020-07-27 22:30:00,0.08599131348699984
2020-07-27 22:33:00,0.08335846990814844
2020-07-27 22:36:00,0.1928053953420772
2020-07-27 22:39:00,0.1890278278484061
2020-07-27 22:42:00,0.2101182111840103
2020-07-27 22:45:00,0.2230794299366039
2020-07-27 22:48:00,0.17688735754359186
2020-07-27 22:51:00,0.13363137592108387
2020-07-27 22:54:00,0.10618577306240695
2020-07-27 22:57:00,0.1774785267134007
2020-07-27 23:00:00,0.2738061124206297
2020-07-27 23:03:00,0.14519359695043477
2020-07-27 23:06:00,0.21150808451693592
2020-07-27 23:09:00,0.15677744027044582
2020-07-27 23:12:00,0.3141614070634091
2020-07-27 23:15:00,0.2553032664180819
2020-07-27 23:18:00,0.24667200491387575
2020-07-27 23:21:00,0.14978051918723168
2020-07-27 23:24:00,0.207714895899187
2020-07-27 23:27:00,0.14955745261977427
2020-07-27 23:30:00,0.18163735664018077
2020-07-27 23:33:00,0.1772080204782469
2020-07-27 23:36:00,0.1153347978439001
2020-07-27 23:39:00,0.15081545866297574
2020-07-27 23:42:00,0.2347978166819189
2020-07-27 23:45:00,0.2800123346290775
2020-07-27 23:48:00,0.19475015069576784
2020-07-27 23:51:00,0.26127659986497065
2020-07-27 23:54:00,0.2145581796888223
2020-07-27 23:57:00,0.22671273550275828
2020-07-28 00:00:00,0.29530514165327304
2020-07-28 00:03:00,0.24040283330208467
2020-07-28 00:06:00,0.25772502446545786
2020-07-28 00:09:00,0.1721036919547032
2020-07-28 00:12:00,0.26686377986249
2020-07-28 00:15:00,0.18528320616064775
2020-07-28 00:18:00,0.3367854282342364
2020-07-28 00:21:00,0.2811849503216308
2020-07-28 00:24:00,0.4059619685763778
2020-07-28 00:27:00,0.28306597883295126
2020-07-28 00:30:00,0.3959356229642026
2020-07-28 00:33:00,0.17545512098035942
2020-07-28 00:36:00,0.24652941583593702
2020-07-28 00:39:00,0.16314316229528458
2020-07-28 00:42:00,0.21561925002475846
2020-07-28 00:45:00,0.22740402114158087
2020-07-28 00:48:00,0.17316644763326394
2020-07-28 00:51:00,0.19701825355070923
2020-07-28 00:54:00,0.3655286282169641
2020-07-28 00:57:00,0.2672497384474468
2020-07-28 01:00:00,0.2304439103935465
2020-07-28 01:03:00,0.33943728954795915
2020-07-28 01:06:00,0.41307192990507247
2020-07-28 01:09:00,0.39696619756267637
2020-07-28 01:12:00,0.36885274866239115
2020-07-28 01:15:00,0.40014231885584195
2020-07-28 01:18:00,0.33715492931787594
2020-07-28 01:21:00,0.39860397504219236
2020-07-28 01:24:00,0.39360319254899423
2020-07-28 01:27:00,0.394784544080494
2020-07-28 01:30:00,0.49829686136303053
2020-07-28 01:33:00,0.37015980407562665
2020-07-28 01:36:00,0.4686518666293864
2020-07-28 01:39:00,0.46924637032350347
2020-07-28 01:42:00,0.43950803487882695
2020-07-28 01:45:00,0.44611347557872705
2020-07-28 01:48:00,0.40605483315874835
2020-07-28 01:51:00,0.4666267415743164
2020-07-28 01:54:00,0.48679860460487134
2020-07-28 01:57:00,0.4443124738163533
2020-07-28 02:00:00,0.3886794970201777
2020-07-28 02:03:00,0.3917484098966497
2020-07-28 02:06:00,0.4052441826260633
2020-07-28 02:09:00,0.3802259031592712
2020-07-28 02:12:00,0.4023269361848065
2020-07-28 02:15:00,0.5663732480658723
2020-07-28 02:18:00,0.45898325124989015
2020-07-28 02:21:00,0.5699177006805485
2020-07-28 02:24:00,0.4967757663839052
2020-07-28 02:27:00,0.46338244515914084
2020-07-28 02:30:00,0.4348883560966783
2020-07-28 02:33:00,0.433429074464982
2020-07-28 02:36:00,0.4303865167651111
2020-07-28 02:39:00,0.4676221057468979
2020-07-28 02:42:00,0.4876655562678138
2020-07-28 02:45:00,0.4058988316330101
2020-07-28 02:48:00,0.40078681809268346
2020-07-28 02:51:00,0.4737326059123461
2020-07-28 02:54:00,0.4158486775816641
2020-07-28 02:57:00,0.41366692588724163
2020-07-28 03:00:00,0.45697491417405445
2020-07-28 03:03:00,0.44017650417919185
2020-07-28 03:06:00,0.40876275081296853
2020-07-28 03:09:00,0.4180044692192837
2020-07-28 03:12:00,0.45924108552731013
2020-07-28 03:15:00,0.27430527482943035
2020-07-28 03:18:00,0.38864058285463443
2020-07-28 03:21:00,0.4446235623152006
2020-07-28 03:24:00,0.40715443080324576
2020-07-28 03:27:00,0.3360656977778831
2020-07-28 03:30:00,0.4961261012934415
2020-07-28 03:33:00,0.42794891538358115
2020-07-28 03:36:00,0.49928549770407926
2020-07-28 03:39:00,0.4176515153889113
2020-07-28 03:42:00,0.5498579803233383
2020-07-28 03:45:00,0.42616174117881656
2020-07-28 03:48:00,0.31217705478633206
2020-07-28 03:51:00,0.34025172518062163
2020-07-28 03:54:00,0.23903030801267278
2020-07-28 03:57:00,0.3685682680321065
2020-07-28 04:00:00,0.2236036538019448
2020-07-28 04:03:00,0.2825929216579084
2020-07-28 04:06:00,0.38071789468085626
2020-07-28 04:09:00,0.3832845204858586
2020-07-28 04:12:00,0.4058024115038279
2020-07-28 04:15:00,0.3646202906638223
2020-07-28 04:18:00,0.36615886224501537
2020-07-28 04:21:00,0.34415098825672885
2020-07-28 04:24:00,0.39283923634530993
2020-07-28 04:27:00,0.32810796761077654
2020-07-28 04:30:00,0.35026380559901327
2020-07-28 04:33:00,0.30003442003277314
2020-07-28 04:36:00,0.28361399317276437
2020-07-28 04:39:00,0.31895758690831144
2020-07-28 04:42:00,0.35043449932891235
2020-07-28 04:45:00,0.34194150964282244
2020-07-28 04:48:00,0.216103419587796
2020-07-28 04:51:00,0.3003790171308651
2020-07-28 04:54:00,0.3137037127344229
2020-07-28 04:57:00,0.3215190150920648
2020-07-28 05:00:00,0.4219621200522852
2020-07-28 05:03:00,0.47304498758444424
2020-07-28 05:06:00,0.5061777261365137
2020-07-28 05:09:00,0.4590946209764297
2020-07-28 05:12:00,0.4794761568082322
2020-07-28 05:15:00,0.44046183296728714
2020-07-28 05:18:00,0.43930006510396424
2020-07-28 05:21:00,0.4513678242998935
2020-07-28 05:24:00,0.415108361943453
2020-07-28 05:27:00,0.32153097355836735
2020-07-28 05:30:00,0.39650771840882726
2020-07-28 05:33:00,0.38527692204741015
2020-07-28 05:36:00,0.41358926471792756
2020-07-28 05:39:00,0.3610467168360856
2020-07-28 05:42:00,0.38060706460242955
2020-07-28 05:45:00,0.37547665621508486
2020-07-28 05:48:00,0.43607783736302963
2020-07-28 05:51:00,0.48439223260885456
2020-07-28 05:54:00,0.46662950185509544
2020-07-28 05:57:00,0.4151493907874624
2020-07-28 06:00:00,0.5193054603601013
2020-07-28 06:03:00,0.42513411446373084
2020-07-28 06:06:00,0.45843959908364695
2020-07-28 06:09:00,0.42361811852629216
2020-07-28 06:12:00,0.47655015868190276
2020-07-28 06:15:00,0.47020658564355244
2020-07-28 06:18:00,0.46368576480222146
2020-07-28 06:21:00,0.4617109549533893
2020-07-28 06:24:00,0.5368872917672434
2020-07-28 06:27:00,0.5300652766145504
2020-07-28 06:30:00,0.5305391474554995
2020-07-28 06:33:00,0.5591104857531377
2020-07-28 06:36:00,0.47454510614659284
2020-07-28 06:39:00,0.4363282210684929
2020-07-28 06:42:00,0.4588658119076854
2020-07-28 06:45:00,0.36238710088792914
2020-07-28 06:48:00,0.4956693845489326
2020-07-28 06:51:00,0.5035930213799134
2020-07-28 06:54:00,0.4694697516429187
2020-07-28 06:57:00,0.41116840862588333
2020-07-28 07:00:00,0.40431827240018947
2020-07-28 07:03:00,0.40769526957154767
2020-07-28 07:06:00,0.4264512355450165
2020-07-28 07:09:00,0.40843127485095465
2020-07-28 07:12:00,0.4311291293183217
2020-07-28 07:15:00,0.4848215540525871
2020-07-28 07:18:00,0.4946611238081573
2020-07-28 07:21:00,0.44874355293802637
2020-07-28 07:24:00,0.3849984758784899
2020-07-28 07:27:00,0.30641660936885273
2020-07-28 07:30:00,0.4151157980008975
2020-07-28 07:33:00,0.3979504474855844
2020-07-28 07:36:00,0.3808353742861641
2020-07-28 07:39:00,0.39413407429304925
2020-07-28 07:42:00,0.4218806360483427
2020-07-28 07:45:00,0.4184022265128533
2020-07-28 07:48:00,0.3713030036138889
2020-07-28 07:51:00,0.4216595354791366
2020-07-28 07:54:00,0.3306871412668215
2020-07-28 07:57:00,0.4230428958085213
2020-07-28 08:00:00,0.32868980556582983
2020-07-28 08:03:00,0.40028726320349506
2020-07-28 08:06:00,0.2885142060246153
2020-07-28 08:09:00,0.3974222487942143
2020-07-28 08:12:00,0.3408300571931022
2020-07-28 08:15:00,0.3479931932902218
2020-07-28 08:18:00,0.3367776401850051
2020-07-28 08:21:00,0.2805183052804523
2020-07-28 08:24:00,0.2502664283807121
2020-07-28 08:27:00,0.3662705260691155
2020-07-28 08:30:00,0.31587027304692583
2020-07-28 08:33:00,0.3751523485499888
2020-07-28 08:36:00,0.39039612656324607
2020-07-28 08:39:00,0.3346036280460112
2020-07-28 08:42:00,0.19295173700311352
2020-07-28 08:45:00,0.23343260188460135
2020-07-28 08:48:00,0.267085049349987
2020-07-28 08:51:00,0.17503901652213472
2020-07-28 08:54:00,0.3543419397081493
2020-07-28 08:57:00,0.2501653140571989
2020-07-28 09:00:00,0.25129866832668313
2020-07-28 09:03:00,0.19932033663911852
2020-07-28 09:06:00,0.2966929873560957
2020-07-28 09:09:00,0.17847430623032778
2020-07-28 09:12:00,0.21269309286242333
2020-07-28 09:15:00,0.21530189561372026
2020-07-28 09:18:00,0.1710683823022805
2020-07-28 09:21:00,0.17319400850573174
2020-07-28 09:24:00,0.11700487292029038
2020-07-28 09:27:00,0.05895775037441808
2020-07-28 09:30:00,0.21652611283570877
2020-07-28 09:33:00,0.07964593899231431
2020-07-28 09:36:00,0.1617654016375809
2020-07-28 09:39:00,0.17194476608386822
2020-07-28 09:42:00,0.26041064876210385
2020-07-28 09:45:00,0.11480388556253729
2020-07-28 09:48:00,0.21076663525371941
2020-07-28 09:51:00,0.1428357249507144
2020-07-28 09:54:00,0.056575733078830126
2020-07-28 09:57:00,0.08559104954673558
2020-07-28 10:00:00,0.008109567203575807
2020-07-28 10:03:00,0.053489595947894486
2020-07-28 10:06:00,0.02834225442029492
2020-07-28 10:09:00,0.05770252512172647
2020-07-28 10:12:00,0.07050163885389793
2020-07-28 10:15:00,0.021879901228317067
2020-07-28 10:18:00,0.036178803534994586
2020-07-28 10:21:00,-0.052359648866229236
2020-07-28 10:24:00,-0.05384739694511609
2020-07-28 10:27:00,0.014372021418182612
2020-07-28 10:30:00,-0.10071276090809533
2020-07-28 10:33:00,-0.09193462099540284
2020-07-28 10:36:00,-0.13655465461653193
2020-07-28 10:39:00,-0.11485841567122179
2020-07-28 10:42:00,-0.16832503085851158
2020-07-28 10:45:00,-0.033975053598851446
2020-07-28 10:48:00,-0.17309538959779047
2020-07-28 10:51:00,-0.11152695893713371
2020-07-28 10:54:00,-0.027973099814062152
2020-07-28 10:57:00,-0.10046816809028769
2020-07-28 11:00:00,-0.08664616629715738
2020-07-28 11:03:00,-0.2204866105988117
2020-07-28 11:06:00,-0.21225154611198604
2020-07-28 11:09:00,-0.1644808933008335
2020-07-28 11:12:00,-0.25423414846028436
2020-07-28 11:15:00,-0.2809089763251791
2020-07-28 11:18:00,-0.2531057603727618
2020-07-28 11:21:00,-0.12070456512617511
2020-07-28 11:24:00,-0.18379349389277877
2020-07-28 11:27:00,-0.16374638924696683
2020-07-28 11:30:00,-0.30527766961739644
2020-07-28 11:33:00,-0.26519375164929215
2020-07-28 11:36:00,-0.2698738271419643
2020-07-28 11:39:00,-0.24102636948975942
2020-07-28 11:42:00,-0.2655807291570227
2020-07-28 11:45:00,-0.2967375360373694
2020-07-28 11:48:00,-0.19166421838065162
2020-07-28 11:51:00,-0.23830089267028143
2020-07-28 11:54:00,-0.14656803604350443
2020-07-28 11:57:00,-0.23596315018107816
2020-07-28 12:00:00,-0.2050207882103905
2020-07-28 12:03:00,-0.24403435239963756
2020-07-28 12:06:00,-0.24414479845870574
2020-07-28 12:09:00,-0.23241194302710255
2020-07-28 12:12:00,-0.16904718495800353
2020-07-28 12:15:00,-0.18567347057813777
2020-07-28 12:18:00,-0.2308081536753548
2020-07-28 12:21:00,-0.13988425551582395
2020-07-28 12:24:00,-0.04951475125744764
2020-07-28 12:27:00,-0.17761020232438796
2020-07-28 12:30:00,-0.10619602813267193
2020-07-28 12:33:00,-0.25240025667523014
2020-07-28 12:36:00,-0.15533090324339582
2020-07-28 12:39:00,-0.1105963225134019
2020-07-28 12:42:00,-0.14575726156880364
2020-07-28 12:45:00,-0.2066414107518426
2020-07-28 12:48:00,-0.055749377410847956
2020-07-28 12:51:00,-0.29207028579759253
2020-07-28 12:54:00,-0.2215203027006396
2020-07-28 12:57:00,-0.2777853657968876
2020-07-28 13:00:00,-0.23043917470937458
2020-07-28 13:03:00,-0.23728169067049976
2020-07-28 13:06:00,-0.224665761764129
2020-07-28 13:09:00,-0.15459036873528476
2020-07-28 13:12:00,-0.3042946349708586
2020-07-28 13:15:00,-0.38541446906202736
2020-07-28 13:18:00,-0.22198558310753924
2020-07-28 13:21:00,-0.3244303456788771
2020-07-28 13:24:00,-0.32904260095853033
2020-07-28 13:27:00,-0.34420094003195345
2020-07-28 13:30:00,-0.32150296591606775
2020-07-28 13:33:00,-0.3802116534159268
2020-07-28 13:36:00,-0.36421031880661303
2020-07-28 13:39:00,-0.4502882185671524
2020-07-28 13:42:00,-0.3284110717546582
2020-07-28 13:45:00,-0.3013483169161759
2020-07-28 13:48:00,-0.31788439272577307
2020-07-28 13:51:00,-0.3595214660139163
2020-07-28 13:54:00,-0.49930123023193573
2020-07-28 13:57:00,-0.40748590667664075
2020-07-28 14:00:00,-0.42681610957509974
2020-07-28 14:03:00,-0.34808141754461985
2020-07-28 14:06:00,-0.3906019178643305
2020-07-28 14:09:00,-0.3958858011302482
2020-07-28 14:12:00,-0.5133783600133484
2020-07-28 14:15:00,-0.5083938946240778
2020-07-28 14:18:00,-0.3263175650431549
2020-07-28 14:21:00,-0.39130394431066406
2020-07-28 14:24:00,-0.39400256280339363
2020-07-28 14:27:00,-0.47708734055441937
2020-07-28 14:30:00,-0.4871862764015873
2020-07-28 14:33:00,-0.5326442410801633
2020-07-28 14:36:00,-0.39823246569022785
2020-07-28 14:39:00,-0.38994123422884286
2020-07-28 14:42:00,-0.481186284287503
2020-07-28 14:45:00,-0.30481469556303864
2020-07-28 14:48:00,-0.29120813079407526
2020-07-28 14:51:00,-0.5531318980185915
2020-07-28 14:54:00,-0.3660373224497562
2020-07-28 14:57:00,-0.41078111482408985
2020-07-28 15:00:00,-0.36659630370132845
2020-07-28 15:03:00,-0.3632651466908783
2020-07-28 15:06:00,-0.4314330345678741
2020-07-28 15:09:00,-0.4546511678332763
2020-07-28 15:12:00,-0.5203644159840906
2020-07-28 15:15:00,-0.5024942213971713
2020-07-28 15:18:00,-0.46624592047481883
2020-07-28 15:21:00,-0.5435472164609791
2020-07-28 15:24:00,-0.5629736864065649
2020-07-28 15:27:00,-0.37338333290870196
2020-07-28 15:30:00,-0.4100075619754193
2020-07-28 15:33:00,-0.5198950634323865
2020-07-28 15:36:00,-0.4723495137860141
2020-07-28 15:39:00,-0.4606932691166321
2020-07-28 15:42:00,-0.34064448960111804
2020-07-28 15:45:00,-0.4013212662234764
2020-07-28 15:48:00,-0.44191725985348285
2020-07-28 15:51:00,-0.4151878033271146
2020-07-28 15:54:00,-0.48904447117161
2020-07-28 15:57:00,-0.4772838209847805
2020-07-28 16:00:00,-0.420620910226603
2020-07-28 16:03:00,-0.45627740537503314
2020-07-28 16:06:00,-0.49408946767169937
2020-07-28 16:09:00,-0.48931014154868535
2020-07-28 16:12:00,-0.4025782930192463
2020-07-28 16:15:00,-0.39336714461120437
2020-07-28 16:18:00,-0.5027835077563623
2020-07-28 16:21:00,-0.42387905665691505
2020-07-28 16:24:00,-0.3987083986613129
2020-07-28 16:27:00,-0.4217745509862425
2020-07-28 16:30:00,-0.3739240489687745
2020-07-28 16:33:00,-0.4141448045195375
2020-07-28 16:36:00,-0.34413634434946516
2020-07-28 16:39:00,-0.2798334225727217
2020-07-28 16:42:00,-0.38829910807754686
2020-07-28 16:45:00,-0.3967209768890143
2020-07-28 16:48:00,-0.28768375569705995
2020-07-28 16:51:00,-0.32971384123857206
2020-07-28 16:54:00,-0.31424099367319513
2020-07-28 16:57:00,-0.373651695441481
2020-07-28 17:00:00,-0.394248424625971
2020-07-28 17:03:00,-0.3501919035680885
2020-07-28 17:06:00,-0.29383004907714394
2020-07-28 17:09:00,-0.35869669329969156
2020-07-28 17:12:00,-0.3185265690026995
2020-07-28 17:15:00,-0.39109874688551827
2020-07-28 17:18:00,-0.25275182603871826
2020-07-28 17:21:00,-0.31265544113625765
2020-07-28 17:24:00,-0.2613029582711306
2020-07-28 17:27:00,-0.29010617770188674
2020-07-28 17:30:00,-0.1586150045890804
2020-07-28 17:33:00,-0.31882479792255936
2020-07-28 17:36:00,-0.2740790990064852
2020-07-28 17:39:00,-0.28992861367214573
2020-07-28 17:42:00,-0.33610476216443885
2020-07-28 17:45:00,-0.24975424005566538
2020-07-28 17:48:00,-0.2940523562792805
2020-07-28 17:51:00,-0.27454697259770455
2020-07-28 17:54:00,-0.3055542546890706
2020-07-28 17:57:00,-0.3639443766807062
2020-07-28 18:00:00,-0.2579418920717558
2020-07-28 18:03:00,-0.29179485936549554
2020-07-28 18:06:00,-0.20553477912642393
2020-07-28 18:09:00,-0.3181092195154065
2020-07-28 18:12:00,-0.19008453491682076
2020-07-28 18:15:00,-0.27821353506317337
2020-07-28 18:18:00,-0.24692391619055343
2020-07-28 18:21:00,-0.2515358571973252
2020-07-28 18:24:00,-0.15428007077707662
2020-07-28 18:27:00,-0.2405890251363303
2020-07-28 18:30:00,-0.16958088951452055
2020-07-28 18:33:00,-0.13500916160808174
2020-07-28 18:36:00,-0.14351695401433062
2020-07-28 18:39:00,-0.22879885189001925
2020-07-28 18:42:00,-0.16410011880185493
2020-07-28 18:45:00,-0.14780548899710766
2020-07-28 18:48:00,-0.2419812731670845
2020-07-28 18:51:00,-0.1463904018997937
2020-07-28 18:54:00,
2020-07-28 18:57:00,
2020-07-28 19:00:00,
2020-07-28 19:03:00,-0.20813384024523884
2020-07-28 19:06:00,-0.26610354526229685
2020-07-28 19:09:00,-0.18535498919573
2020-07-28 19:12:00,-0.10749575942418232
2020-07-28 19:15:00,-0.02059748860807531
2020-07-28 19:18:00,-0.11926543120227961
2020-07-28 19:21:00,-0.10786338361418757
2020-07-28 19:24:00,-0.07840006149473311
2020-07-28 19:27:00,-0.0841627817297308
2020-07-28 19:30:00,-0.08230024771467015
2020-07-28 19:33:00,-0.1803201667270855
2020-07-28 19:36:00,-0.13312373989617754
2020-07-28 19:39:00,-0.12976270593810568
2020-07-28 19:42:00,0.012270736535242577
2020-07-28 19:45:00,-0.10069069049535528
2020-07-28 19:48:00,-0.08747150601243447
2020-07-28 19:51:00,-0.10616052471004878
2020-07-28 19:54:00,-0.1644697430673432
2020-07-28 19:57:00,-0.15841987417456949
2020-07-28 20:00:00,-0.13330622682343574
2020-07-28 20:03:00,-0.06292256179182232
2020-07-28 20:06:00,-0.11730505514401557
2020-07-28 20:09:00,-0.10695085837789975
2020-07-28 20:12:00,-0.095704117158391
2020-07-28 20:15:00,-0.08640109919105043
2020-07-28 20:18:00,-0.10665547251994667
2020-07-28 20:21:00,-0.06144387610879676
2020-07-28 20:24:00,-0.04734828488938092
2020-07-28 20:27:00,-0.020653363782457745
2020-07-28 20:30:00,0.03954311657571452
2020-07-28 20:33:00,-0.020717514422074146
2020-07-28 20:36:00,-0.03583269138908918
2020-07-28 20:39:00,-0.09352238757770692
2020-07-28 20:42:00,-0.013781306295811646
2020-07-28 20:45:00,0.04415420746659038
2020-07-28 20:48:00,0.04155012992964657
2020-07-28 20:51:00,-0.009568068924295403
2020-07-28 20:54:00,0.041366241173932394
2020-07-28 20:57:00,0.04781113281404714
2020-07-28 21:00:00,-0.04132369522147883
2020-07-28 21:03:00,-0.0730134364438868
2020-07-28 21:06:00,-0.022716624217025583
2020-07-28 21:09:00,0.05903155544444871
2020-07-28 21:12:00,0.12843174620223863
2020-07-28 21:15:00,0.12931002306987693
2020-07-28 21:18:00,0.03350602793250346
2020-07-28 21:21:00,0.01069509650466216
2020-07-28 21:24:00,0.08583123061146125
2020-07-28 21:27:00,0.14329682164395763
2020-07-28 21:30:00,0.012445191133110711
2020-07-28 21:33:00,-0.047883010632574496
2020-07-28 21:36:00,0.016533757584284103
2020-07-28 21:39:00,0.004105514045761538
2020-07-28 21:42:00,-0.008152817557629533
2020-07-28 21:45:00,-0.02933583312818655
2020-07-28 21:48:00,-0.03892642872392571
2020-07-28 21:51:00,0.06023090858730029
2020-07-28 21:54:00,0.05724869837592905
2020-07-28 21:57:00,0.06316830269099682
2020-07-28 22:00:00,-0.06639806902296641
2020-07-28 22:03:00,0.12386597645723896
2020-07-28 22:06:00,-0.007862860838201868
2020-07-28 22:09:00,-0.0032390975978273673
2020-07-28 22:12:00,0.04875596040074015
2020-07-28 22:15:00,-0.02423193134251278
2020-07-28 22:18:00,0.05177844439128876
2020-07-28 22:21:00,0.005919850341854271
2020-07-28 22:24:00,0.03287155112604978
2020-07-28 22:27:00,0.0077087572972800444
2020-07-28 22:30:00,0.03641633137021927
2020-07-28 22:33:00,-0.0743697713408551
2020-07-28 22:36:00,-0.06099074834799012
2020-07-28 22:39:00,-0.0027930343325692775
2020-07-28 22:42:00,-0.032799920752381695
2020-07-28 22:45:00,-0.11871723614353868
2020-07-28 22:48:00,0.036332950375026485
2020-07-28 22:51:00,0.029040590362569674
2020-07-28 22:54:00,0.03967829040794868
2020-07-28 22:57:00,-0.009852563158176508
2020-07-28 23:00:00,0.04258433592468691
2020-07-28 23:03:00,0.0267680864334352
2020-07-28 23:06:00,-0.0427943839529803
2020-07-28 23:09:00,-0.04233188397193999
2020-07-28 23:12:00,0.02962480695174463
2020-07-28 23:15:00,0.1179104856045683
2020-07-28 23:18:00,0.20628901579141257
2020-07-28 23:21:00,0.13199918302927927
2020-07-28 23:24:00,0.13159864273887933
2020-07-28 23:27:00,0.08331594266275033
2020-07-28 23:30:00,0.06660479369242012
2020-07-28 23:33:00,0.18225956064134152
2020-07-28 23:36:00,0.1399061868586955
2020-07-28 23:39:00,0.12839217264848912
2020-07-28 23:42:00,0.1951703705342993
2020-07-28 23:45:00,0.12125653221897892
2020-07-28 23:48:00,0.16397091717306012
2020-07-28 23:51:00,0.146600906970491
2020-07-28 23:54:00,0.11654315409731453
2020-07-28 23:57:00,0.1203767591927658
2020-07-29 00:00:00,0.1714461100175413
2020-07-29 00:03:00,0.13717553097376367
2020-07-29 00:06:00,0.1439691936465124
2020-07-29 00:09:00,0.11922219540150536
2020-07-29 00:12:00,0.19504380011289868
2020-07-29 00:15:00,0.14529541307456384
2020-07-29 00:18:00,0.24645087638856467
2020-07-29 00:21:00,0.22582544877099053
2020-07-29 00:24:00,0.2790659431213953
2020-07-29 00:27:00,0.14051324457949477
2020-07-29 00:30:00,0.0966214328998376
2020-07-29 00:33:00,0.04655899532377816
2020-07-29 00:36:00,0.10601382954740757
2020-07-29 00:39:00,0.15633537322821667
2020-07-29 00:42:00,0.23547435275810358
2020-07-29 00:45:00,0.05675736781438445
2020-07-29 00:48:00,0.14186092055246036
2020-07-29 00:51:00,0.13184791566879994
2020-07-29 00:54:00,0.1692081637517049
2020-07-29 00:57:00,0.1593602899841926
2020-07-29 01:00:00,0.17076998596178328
2020-07-29 01:03:00,0.1154719906692776
2020-07-29 01:06:00,0.2387407357132929
2020-07-29 01:09:00,0.2015437603168948
2020-07-29 01:12:00,0.31540314211912346
2020-07-29 01:15:00,0.16517814247112028
2020-07-29 01:18:00,0.13769582666918723
2020-07-29 01:21:00,0.16617481839745096
2020-07-29 01:24:00,0.2880590481942136
2020-07-29 01:27:00,0.24113243931600437
2020-07-29 01:30:00,0.10044587414455464
2020-07-29 01:33:00,0.17500949006245037
2020-07-29 01:36:00,0.10604832715097245
2020-07-29 01:39:00,0.1693092527234512
2020-07-29 01:42:00,0.04198845465720069
2020-07-29 01:45:00,0.17498729412221792
2020-07-29 01:48:00,0.07053487148789372
2020-07-29 01:51:00,0.12771865843239993
2020-07-29 01:54:00,0.10553683343999865
2020-07-29 01:57:00,0.12445293491282428
2020-07-29 02:00:00,0.028907043267224708
2020-07-29 02:03:00,0.3475018611773635
2020-07-29 02:06:00,0.5102162881468644
2020-07-29 02:09:00,0.6581539984431402
2020-07-29 02:12:00,0.6698310841548505
2020-07-29 02:15:00,0.6714434555765365
2020-07-29 02:18:00,0.8075193031176582
2020-07-29 02:21:00,0.15403738602668682
2020-07-29 02:24:00,0.27456771709671557
2020-07-29 02:27:00,0.12351378660554246
2020-07-29 02:30:00,0.15065060620452186
2020-07-29 02:33:00,0.19482390338754385
2020-07-29 02:36:00,0.20244509636785324
2020-07-29 02:39:00,0.22452120307940504
2020-07-29 02:42:00,0.3073153482925477
2020-07-29 02:45:00,0.21456256469718937
2020-07-29 02:48:00,0.3216061619269226
2020-07-29 02:51:00,0.2740028515536892
2020-07-29 02:54:00,0.16511289277599417
2020-07-29 02:57:00,0.1531203657712581
2020-07-29 03:00:00,0.19016845703697527
2020-07-29 03:03:00,0.26345150901937586
2020-07-29 03:06:00,0.23111150740908215
2020-07-29 03:09:00,0.3316984324466148
2020-07-29 03:12:00,0.33189916665980945
2020-07-29 03:15:00,0.30130864064415164
2020-07-29 03:18:00,0.22710945800378113
2020-07-29 03:21:00,0.31448961108230833
2020-07-29 03:24:00,0.2868145798082651
2020-07-29 03:27:00,0.32850365735612286
2020-07-29 03:30:00,0.28826479403551275
2020-07-29 03:33:00,0.2545830460030629
2020-07-29 03:36:00,0.29769130818476697
2020-07-29 03:39:00,0.23281601637444282
2020-07-29 03:42:00,0.2549547186085306
2020-07-29 03:45:00,0.16607943636722666
2020-07-29 03:48:00,0.20156013429397035
2020-07-29 03:51:00,0.14295967044114377
2020-07-29 03:54:00,0.21422108495676184
2020-07-29 03:57:00,0.14028991698654636
2020-07-29 04:00:00,0.2064646610630234
2020-07-29 04:03:00,0.2701560594891248
2020-07-29 04:06:00,0.22701366243938992
2020-07-29 04:09:00,0.26234531007833084
2020-07-29 04:12:00,0.23735007810711295
2020-07-29 04:15:00,0.1676509870177938
2020-07-29 04:18:00,0.2577440956942496
2020-07-29 04:21:00,0.3585253051677455
2020-07-29 04:24:00,0.3759190659294518
2020-07-29 04:27:00,0.3042709009557143
2020-07-29 04:30:00,0.4122122004187645
2020-07-29 04:33:00,0.3197818042661993
2020-07-29 04:36:00,0.3217694327680647
2020-07-29 04:39:00,0.35099077577768867
2020-07-29 04:42:00,0.35797092035704736
2020-07-29 04:45:00,0.31504302531755
2020-07-29 04:48:00,0.38169968032372026
2020-07-29 04:51:00,0.29044996629193065
2020-07-29 04:54:00,0.3329630158185637
2020-07-29 04:57:00,0.3706966835330263
2020-07-29 05:00:00,0.4271544830951939
2020-07-29 05:03:00,0.37963775084352847
2020-07-29 05:06:00,0.3495208189601726
2020-07-29 05:09:00,0.41681527193929924
2020-07-29 05:12:00,0.3322405181399404
2020-07-29 05:15:00,0.29008922235465207
2020-07-29 05:18:00,0.3083372626214782
2020-07-29 05:21:00,0.32515001947012934
2020-07-29 05:24:00,0.34013228708352017
2020-07-29 05:27:00,0.36045671243698507
2020-07-29 05:30:00,0.29968863986420047
2020-07-29 05:33:00,0.32217220868386676
2020-07-29 05:36:00,0.37951555809621595
2020-07-29 05:39:00,0.36690670596004793
2020-07-29 05:42:00,0.3698499195028262
2020-07-29 05:45:00,0.3169797906180065
2020-07-29 05:48:00,0.3714442576654733
2020-07-29 05:51:00,0.3692302084692187
2020-07-29 05:54:00,0.3104323636226809
2020-07-29 05:57:00,0.3027835071559366
2020-07-29 06:00:00,0.35402937346947283
2020-07-29 06:03:00,0.38067462888676573
2020-07-29 06:06:00,0.3153229617385591
2020-07-29 06:09:00,0.3806761191062833
2020-07-29 06:12:00,0.42996370766257996
2020-07-29 06:15:00,0.40500807684145457
2020-07-29 06:18:00,0.43451754866958936
2020-07-29 06:21:00,0.2911992128750285
2020-07-29 06:24:00,0.41103053149277
2020-07-29 06:27:00,0.4609942776494904
2020-07-29 06:30:00,0.34055029011130955
2020-07-29 06:33:00,0.4701946222951392
2020-07-29 06:36:00,0.4613411646504346
2020-07-29 06:39:00,0.44310350208019145
2020-07-29 06:42:00,0.45195334811103294
2020-07-29 06:45:00,0.4491144160637077
2020-07-29 06:48:00,0.3727880398521961
2020-07-29 06:51:00,0.36130230562525867
2020-07-29 06:54:00,0.45766213819376844
2020-07-29 06:57:00,0.3850768423389468
2020-07-29 07:00:00,0.4663533743377002
2020-07-29 07:03:00,0.43118902978068263
2020-07-29 07:06:00,0.5081558925417653
2020-07-29 07:09:00,0.4167027054828054
2020-07-29 07:12:00,0.47290454780267055
2020-07-29 07:15:00,0.3961513428141643
2020-07-29 07:18:00,0.40175058118296647
2020-07-29 07:21:00,0.48908892266717885
2020-07-29 07:24:00,0.38809376869511425
2020-07-29 07:27:00,0.3561880813712719
2020-07-29 07:30:00,0.41469744922113705
2020-07-29 07:33:00,0.46960628738008836
2020-07-29 07:36:00,0.4268649701974141
2020-07-29 07:39:00,0.29505636397055923
2020-07-29 07:42:00,0.36424017340254977
2020-07-29 07:45:00,0.40225965884707193
2020-07-29 07:48:00,0.4440679698785175
2020-07-29 07:51:00,0.3842612669869254
2020-07-29 07:54:00,0.3788466941211368
2020-07-29 07:57:00,0.34148261915282774
2020-07-29 08:00:00,0.33991732509679196
2020-07-29 08:03:00,0.28962281761840813
2020-07-29 08:06:00,0.1535804341691005
2020-07-29 08:09:00,0.31768703699498246
2020-07-29 08:12:00,0.16778798940248407
2020-07-29 08:15:00,0.3279642432411265
2020-07-29 08:18:00,0.16721406933947947
2020-07-29 08:21:00,0.19128172237731178
2020-07-29 08:24:00,0.24761216611727832
2020-07-29 08:27:00,0.22555283712301843
2020-07-29 08:30:00,0.33115252861648514
2020-07-29 08:33:00,0.24390272903315235
2020-07-29 08:36:00,0.2163757050169579
2020-07-29 08:39:00,0.14209594444230333
2020-07-29 08:42:00,0.11360012987739765
2020-07-29 08:45:00,0.13005516418638763
2020-07-29 08:48:00,0.21099447882340883
2020-07-29 08:51:00,0.14948115764480008
2020-07-29 08:54:00,0.14854028452521106
2020-07-29 08:57:00,0.09726795881198314
2020-07-29 09:00:00,0.0941122477285603
2020-07-29 09:03:00,-0.04519567229152699
2020-07-29 09:06:00,0.0656142473257546
2020-07-29 09:09:00,0.010220692760015027
2020-07-29 09:12:00,0.009354811818695907
2020-07-29 09:15:00,-0.02020914706235999
2020-07-29 09:18:00,-0.030443416618481933
2020-07-29 09:21:00,-0.03716171335275931
2020-07-29 09:24:00,-0.12172919076999733
2020-07-29 09:27:00,-0.09637738423532483
2020-07-29 09:30:00,0.0022496530457942754
2020-07-29 09:33:00,-0.1271680675329776
2020-07-29 09:36:00,-0.07277058639385814
2020-07-29 09:39:00,-0.08720747926292916
2020-07-29 09:42:00,-0.04609619761799877
2020-07-29 09:45:00,-0.14536863656900323
2020-07-29 09:48:00,-0.2019054421609212
2020-07-29 09:51:00,-0.027471239767635325
2020-07-29 09:54:00,-0.18882016866410822
2020-07-29 09:57:00,-0.16247704333903812
2020-07-29 10:00:00,-0.10946732884787025
2020-07-29 10:03:00,-0.09728215578462596
2020-07-29 10:06:00,-0.15070930811936023
2020-07-29 10:09:00,-0.1167131679669069
2020-07-29 10:12:00,-0.161472589934192
2020-07-29 10:15:00,-0.1219362641034536
2020-07-29 10:18:00,-0.13731361889813343
2020-07-29 10:21:00,-0.1527759851704218
2020-07-29 10:24:00,-0.12725416252379773
2020-07-29 10:27:00,-0.14423832044661822
2020-07-29 10:30:00,0.0003166660387137199
2020-07-29 10:33:00,-0.09987576325539749
2020-07-29 10:36:00,-0.12794586734531777
2020-07-29 10:39:00,-0.1056727982738721
2020-07-29 10:42:00,-0.13300724569194244
2020-07-29 10:45:00,-0.08678766317962072
2020-07-29 10:48:00,-0.12321638714053051
2020-07-29 10:51:00,-0.10894026066193874
2020-07-29 10:54:00,-0.281421698614281
2020-07-29 10:57:00,-0.11165140001645568
2020-07-29 11:00:00,-0.11844005500148569
2020-07-29 11:03:00,-0.05078269787378531
2020-07-29 11:06:00,-0.11494139281705884
2020-07-29 11:09:00,-0.17935258354026473
2020-07-29 11:12:00,-0.15352328155586292
2020-07-29 11:15:00,-0.27107641271771854
2020-07-29 11:18:00,-0.3045083096884582
2020-07-29 11:21:00,-0.10138222054655444
2020-07-29 11:24:00,-0.193752823727948
2020-07-29 11:27:00,-0.2464646088575364
2020-07-29 11:30:00,-0.1400242948420214
2020-07-29 11:33:00,-0.15196709727717916
2020-07-29 11:36:00,-0.10225131437317714
2020-07-29 11:39:00,-0.14263093211553723
2020-07-29 11:42:00,-0.2856611616485907
2020-07-29 11:45:00,-0.22252163576087014
2020-07-29 11:48:00,-0.2673991225761938
2020-07-29 11:51:00,-0.3394947405127482
2020-07-29 11:54:00,-0.13843451008887087
2020-07-29 11:57:00,-0.25972497988243504
2020-07-29 12:00:00,-0.2931766401105165
2020-07-29 12:03:00,-0.27481565794636253
2020-07-29 12:06:00,-0.4005646118108075
2020-07-29 12:09:00,-0.321034894789193
2020-07-29 12:12:00,-0.23173321615104214
2020-07-29 12:15:00,-0.31705030237185383
2020-07-29 12:18:00,-0.4065994080586961
2020-07-29 12:21:00,-0.3876131397626068
2020-07-29 12:24:00,-0.2724085993668268
2020-07-29 12:27:00,-0.2902697655596853
2020-07-29 12:30:00,-0.19633938827024622
2020-07-29 12:33:00,-0.2960761506397489
2020-07-29 12:36:00,-0.41397813669340167
2020-07-29 12:39:00,-0.44420834146484367
2020-07-29 12:42:00,-0.44184127976694754
2020-07-29 12:45:00,-0.3637429851590923
2020-07-29 12:48:00,-0.34680232931037835
2020-07-29 12:51:00,-0.46733621945952564
2020-07-29 12:54:00,-0.4026704213066523
2020-07-29 12:57:00,-0.22114116665227357
2020-07-29 13:00:00,-0.2645456714613488
2020-07-29 13:03:00,-0.18727403965732492
2020-07-29 13:06:00,-0.3322185598426586
2020-07-29 13:09:00,-0.3856845549270247
2020-07-29 13:12:00,-0.5088511564401301
2020-07-29 13:15:00,-0.43331539494238314
2020-07-29 13:18:00,-0.46342543825409166
2020-07-29 13:21:00,-0.39690209097676643
2020-07-29 13:24:00,-0.4626379011620543
2020-07-29 13:27:00,-0.323539533744281
2020-07-29 13:30:00,-0.37848602906205997
2020-07-29 13:33:00,-0.47346255437446416
2020-07-29 13:36:00,-0.4418782090266973
2020-07-29 13:39:00,-0.45860951712603537
2020-07-29 13:42:00,-0.3114647986402588
2020-07-29 13:45:00,-0.4475687357238485
2020-07-29 13:48:00,-0.4838061365368844
2020-07-29 13:51:00,-0.4308337453242075
2020-07-29 13:54:00,-0.27090490965480285
2020-07-29 13:57:00,-0.30176451245932867
2020-07-29 14:00:00,-0.46941393328398817
2020-07-29 14:03:00,-0.3865823740374026
2020-07-29 14:06:00,-0.48233696967469086
2020-07-29 14:09:00,-0.4977962134107088
2020-07-29 14:12:00,-0.3499723913069488
2020-07-29 14:15:00,-0.33430060981066845
2020-07-29 14:18:00,-0.36034005522958523
2020-07-29 14:21:00,-0.4151664056941513
2020-07-29 14:24:00,-0.447247751050611
2020-07-29 14:27:00,-0.39850219538988085
2020-07-29 14:30:00,-0.27835150314012935
2020-07-29 14:33:00,-0.2871065042312466
2020-07-29 14:36:00,-0.390737929243528
2020-07-29 14:39:00,-0.35424691481051696
2020-07-29 14:42:00,-0.35001111770884563
2020-07-29 14:45:00,-0.3070175273525706
2020-07-29 14:48:00,-0.4002805404000469
2020-07-29 14:51:00,-0.3649579960939491
2020-07-29 14:54:00,-0.40261026144753487
2020-07-29 14:57:00,-0.3318777046297896
2020-07-29 15:00:00,-0.40740938677060967
2020-07-29 15:03:00,-0.4230913026851226
2020-07-29 15:06:00,-0.3723389416024361
2020-07-29 15:09:00,-0.37698861590916977
2020-07-29 15:12:00,-0.36709708566974086
2020-07-29 15:15:00,-0.3365064614287121
2020-07-29 15:18:00,-0.43118166536390845
2020-07-29 15:21:00,-0.35302083276155827
2020-07-29 15:24:00,-0.4536876675499002
2020-07-29 15:27:00,-0.5838015018329656
2020-07-29 15:30:00,-0.39251319345487445
2020-07-29 15:33:00,-0.3265111370366185
2020-07-29 15:36:00,-0.2630306156407869
2020-07-29 15:39:00,-0.41634460370494253
2020-07-29 15:42:00,-0.33539184460857996
2020-07-29 15:45:00,-0.3569050590731422
2020-07-29 15:48:00,-0.37286984109152854
2020-07-29 15:51:00,-0.3900727388920586
2020-07-29 15:54:00,-0.43809307010133125
2020-07-29 15:57:00,-0.4746278666353305
2020-07-29 16:00:00,-0.4638255432805636
2020-07-29 16:03:00,-0.49190231138521767
2020-07-29 16:06:00,-0.5510739795078052
2020-07-29 16:09:00,-0.476747171859472
2020-07-29 16:12:00,-0.4499380441228027
2020-07-29 16:15:00,-0.49669589594464014
2020-07-29 16:18:00,-0.40603707810493006
2020-07-29 16:21:00,-0.3860417060867576
2020-07-29 16:24:00,-0.3434869362969266
2020-07-29 16:27:00,-0.3643222702321509
2020-07-29 16:30:00,-0.5534066444341192
2020-07-29 16:33:00,-0.3790182071645063
2020-07-29 16:36:00,-0.4143265434236696
2020-07-29 16:39:00,-0.28957931592901787
2020-07-29 16:42:00,-0.45603448478516384
2020-07-29 16:45:00,-0.37129025499285717
2020-07-29 16:48:00,-0.5269483006148903
2020-07-29 16:51:00,-0.3204850795468701
2020-07-29 16:54:00,-0.47709358219992737
2020-07-29 16:57:00,-0.36251181040216807
2020-07-29 17:00:00,-0.39175639672401985
2020-07-29 17:03:00,-0.40308899328033476
2020-07-29 17:06:00,-0.3555614054357079
2020-07-29 17:09:00,-0.3821610032128433
2020-07-29 17:12:00,-0.4159458592687315
2020-07-29 17:15:00,-0.2999135378231017
2020-07-29 17:18:00,-0.3707383399578248
2020-07-29 17:21:00,-0.2955571200268423
2020-07-29 17:24:00,-0.4139675017988793
2020-07-29 17:27:00,-0.383752191828421
2020-07-29 17:30:00,-0.3675658372042676
2020-07-29 17:33:00,-0.3763263943238826
2020-07-29 17:36:00,-0.35942803732109496
2020-07-29 17:39:00,-0.3048298720792104
2020-07-29 17:42:00,-0.31280086573133303
2020-07-29 17:45:00,-0.2846378231331528
2020-07-29 17:48:00,-0.40382994657562676
2020-07-29 17:51:00,-0.32634565223747813
2020-07-29 17:54:00,-0.34479120835732147
2020-07-29 17:57:00,-0.38695845583168875
2020-07-29 18:00:00,-0.3623968552919905
2020-07-29 18:03:00,-0.3030287216555507
2020-07-29 18:06:00,-0.33221496757107616
2020-07-29 18:09:00,-0.3254666884879498
2020-07-29 18:12:00,-0.39786833774570596
2020-07-29 18:15:00,-0.33435862751861123
2020-07-29 18:18:00,-0.23662451651256333
2020-07-29 18:21:00,-0.214978965829971
2020-07-29 18:24:00,-0.3645356893513849
2020-07-29 18:27:00,-0.21741508023666256
2020-07-29 18:30:00,-0.4080840137492032
2020-07-29 18:33:00,-0.2972443339895676
2020-07-29 18:36:00,-0.2275827718796677
2020-07-29 18:39:00,-0.26220428643568994
2020-07-29 18:42:00,-0.23395999655656396
2020-07-29 18:45:00,-0.30698307042263195
2020-07-29 18:48:00,-0.31864447168447896
2020-07-29 18:51:00,-0.20468521384441374
2020-07-29 18:54:00,
2020-07-29 18:57:00,
2020-07-29 19:00:00,
2020-07-29 19:03:00,-0.2248280998098835
2020-07-29 19:06:00,-0.24508431773062966
2020-07-29 19:09:00,-0.14896030400262816
2020-07-29 19:12:00,-0.16908569305144283
2020-07-29 19:15:00,-0.28565928101807003
2020-07-29 19:18:00,-0.2685807983128825
2020-07-29 19:21:00,-0.299815788016474
2020-07-29 19:24:00,-0.1993170318704074
2020-07-29 19:27:00,-0.2746776908837205
2020-07-29 19:30:00,-0.25877061260206347
2020-07-29 19:33:00,-0.16819874808135182
2020-07-29 19:36:00,-0.13842230953542867
2020-07-29 19:39:00,0.17445371936145193
2020-07-29 19:42:00,0.16845017527992923
2020-07-29 19:45:00,0.06518361236697956
2020-07-29 19:48:00,0.04425975193061049
2020-07-29 19:51:00,-0.12592032534666942
2020-07-29 19:54:00,-0.06702157968720712
2020-07-29 19:57:00,0.08390417647706272
2020-07-29 20:00:00,-0.17716646941761383
2020-07-29 20:03:00,-0.10587245985811933
2020-07-29 20:06:00,-0.08385155994483284
2020-07-29 20:09:00,-0.2602365967608762
2020-07-29 20:12:00,-0.08416859490398565
2020-07-29 20:15:00,-0.10242952084979606
2020-07-29 20:18:00,-0.14796294873821125
2020-07-29 20:21:00,-0.03040135657107612
2020-07-29 20:24:00,-0.0534281386333646
2020-07-29 20:27:00,-0.17751077986520158
2020-07-29 20:30:00,-0.0353161370125008
2020-07-29 20:33:00,-0.08046674340170057
2020-07-29 20:36:00,-0.0668732365197684
2020-07-29 20:39:00,-0.05885945658633318
2020-07-29 20:42:00,-0.10514708827344066
2020-07-29 20:45:00,-0.07085125720146834
2020-07-29 20:48:00,-0.09904221560225324
2020-07-29 20:51:00,-0.10220781933929857
2020-07-29 20:54:00,-0.03762754631890175
2020-07-29 20:57:00,-0.14479458574305681
2020-07-29 21:00:00,-0.08702693392075389
2020-07-29 21:03:00,-0.10168600526759519
2020-07-29 21:06:00,-0.09891051263156214
2020-07-29 21:09:00,-0.08841946996972183
2020-07-29 21:12:00,-0.08658665976889779
2020-07-29 21:15:00,-0.07519380831030276
2020-07-29 21:18:00,-0.051926036375050444
2020-07-29 21:21:00,0.0004446612046535847
2020-07-29 21:24:00,0.003355510081689772
2020-07-29 21:27:00,-0.03944952198304463
2020-07-29 21:30:00,-0.01493876716011755
2020-07-29 21:33:00,0.04256798646764537
2020-07-29 21:36:00,0.03714913173075729
2020-07-29 21:39:00,0.05528612491195872
2020-07-29 21:42:00,-0.006564381624400539
2020-07-29 21:45:00,0.08129769464466108
2020-07-29 21:48:00,0.09254083044748995
2020-07-29 21:51:00,0.054579177018752034
2020-07-29 21:54:00,-0.007590007066255566
2020-07-29 21:57:00,-0.02776399590663914
2020-07-29 22:00:00,0.0338530320552195
2020-07-29 22:03:00,0.10123033964009664
2020-07-29 22:06:00,0.11722596547070907
2020-07-29 22:09:00,0.09184829129799255
2020-07-29 22:12:00,0.23723963396116687
2020-07-29 22:15:00,0.12280806439036951
2020-07-29 22:18:00,0.09471846696425246
2020-07-29 22:21:00,0.14533390163751392
2020-07-29 22:24:00,0.1439911237303022
2020-07-29 22:27:00,0.08389229321466019
2020-07-29 22:30:00,0.18806929695330155
2020-07-29 22:33:00,0.2447190354004647
2020-07-29 22:36:00,0.10290947163451847
2020-07-29 22:39:00,0.030905852124590183
2020-07-29 22:42:00,0.10368919928259857
2020-07-29 22:45:00,0.17693888792570078
2020-07-29 22:48:00,0.04436342951066763
2020-07-29 22:51:00,-0.005845335516369232
2020-07-29 22:54:00,0.2023137178965726
2020-07-29 22:57:00,-0.07224451195611437
2020-07-29 23:00:00,0.037360443953105005
2020-07-29 23:03:00,-0.013337876187563324
2020-07-29 23:06:00,0.09736491345353215
2020-07-29 23:09:00,0.023635922819153166
2020-07-29 23:12:00,0.08440503385850207
2020-07-29 23:15:00,-0.01319031257747838
2020-07-29 23:18:00,0.0586719637715305
2020-07-29 23:21:00,0.02980434616694083
2020-07-29 23:24:00,0.11034697931251003
2020-07-29 23:27:00,-0.04431500697472757
2020-07-29 23:30:00,-0.008757780892494793
2020-07-29 23:33:00,0.09600266350429365
2020-07-29 23:36:00,-0.01691717880305532
2020-07-29 23:39:00,0.021697913838238492
2020-07-29 23:42:00,0.04102170808897654
2020-07-29 23:45:00,0.1040992674263066
2020-07-29 23:48:00,0.06141461647587221
2020-07-29 23:51:00,0.04955172244859796
2020-07-29 23:54:00,0.03087777210123477
2020-07-29 23:57:00,0.04467146258122057
2020-07-30 00:00:00,0.0799871528430458
2020-07-30 00:03:00,0.053400429777298086
2020-07-30 00:06:00,-0.0004838700050413536
2020-07-30 00:09:00,0.03212369338729104
2020-07-30 00:12:00,0.028128476141375813
2020-07-30 00:15:00,0.0032300414013661793
2020-07-30 00:18:00,0.06490764059486764
2020-07-30 00:21:00,0.06302328091049958
2020-07-30 00:24:00,-0.0030351759401696654
2020-07-30 00:27:00,-0.04738526749844141
2020-07-30 00:30:00,0.018923016629287304
2020-07-30 00:33:00,0.06741032741484787
2020-07-30 00:36:00,0.10032441105460066
2020-07-30 00:39:00,0.0429956250531518
2020-07-30 00:42:00,0.05311760354965145
2020-07-30 00:45:00,-0.003602515955094532
2020-07-30 00:48:00,0.09646505903538127
2020-07-30 00:51:00,0.11283897001112564
2020-07-30 00:54:00,0.12608064734780555
2020-07-30 00:57:00,0.10217902975045945
2020-07-30 01:00:00,0.13820108881236592
2020-07-30 01:03:00,0.0710613768800954
2020-07-30 01:06:00,0.09510494112038259
2020-07-30 01:09:00,0.023259811961452215
2020-07-30 01:12:00,0.10327220681779181
2020-07-30 01:15:00,0.0597089785204048
2020-07-30 01:18:00,0.03843945772905499
2020-07-30 01:21:00,0.14147958980305475
2020-07-30 01:24:00,0.06579239015167104
2020-07-30 01:27:00,0.07230379901727702
2020-07-30 01:30:00,0.16111615014875724
2020-07-30 01:33:00,0.2601877218147024
2020-07-30 01:36:00,0.1564718529076572
2020-07-30 01:39:00,0.1229371342906802
2020-07-30 01:42:00,0.07078013370886538
2020-07-30 01:45:00,0.10382918024242827
2020-07-30 01:48:00,0.16263814189534287
2020-07-30 01:51:00,0.1067615726382769
2020-07-30 01:54:00,0.1714795323459839
2020-07-30 01:57:00,0.19653050932919314
2020-07-30 02:00:00,0.24249098385752177
2020-07-30 02:03:00,0.10873038672025359
2020-07-30 02:06:00,0.17567482315450889
2020-07-30 02:09:00,0.3346097217749957
2020-07-30 02:12:00,0.2756947892916628
2020-07-30 02:15:00,0.22163230660515865
2020-07-30 02:18:00,0.3184476140747279
2020-07-30 02:21:00,0.2797519690885224
2020-07-30 02:24:00,0.238709891702797
2020-07-30 02:27:00,0.30134639230033144
2020-07-30 02:30:00,0.35959737348730414
2020-07-30 02:33:00,0.3111971071124344
2020-07-30 02:36:00,0.3256938101229707
2020-07-30 02:39:00,0.3269393430896912
2020-07-30 02:42:00,0.3398020766447303
2020-07-30 02:45:00,0.39551998306774294
2020-07-30 02:48:00,0.40474393048918955
2020-07-30 02:51:00,0.3692831727744874
2020-07-30 02:54:00,0.3643626399515938
2020-07-30 02:57:00,0.3586345133189184
2020-07-30 03:00:00,0.313872847706989
2020-07-30 03:03:00,0.2713224567369821
2020-07-30 03:06:00,0.1927542740089052
2020-07-30 03:09:00,0.2534249433632567
2020-07-30 03:12:00,0.3306653738816294
2020-07-30 03:15:00,0.25449826525118624
2020-07-30 03:18:00,0.27847898691311457
2020-07-30 03:21:00,0.27726017643794876
2020-07-30 03:24:00,0.31311924755942755
2020-07-30 03:27:00,0.23542073984685885
2020-07-30 03:30:00,0.3090035602086232
2020-07-30 03:33:00,0.2092715738571087
2020-07-30 03:36:00,0.2499041249087668
2020-07-30 03:39:00,0.2631501303372943
2020-07-30 03:42:00,0.26703966210538965
2020-07-30 03:45:00,0.35632266044052585
2020-07-30 03:48:00,0.3024607668112367
2020-07-30 03:51:00,0.38363877007327574
2020-07-30 03:54:00,0.35486358221970704
2020-07-30 03:57:00,0.31203028228816265
2020-07-30 04:00:00,0.25060128722645914
2020-07-30 04:03:00,0.31337589287528544
2020-07-30 04:06:00,0.36824359947775065
2020-07-30 04:09:00,0.20856919299308174
2020-07-30 04:12:00,0.2373348703442275
2020-07-30 04:15:00,0.36181464144800657
2020-07-30 04:18:00,0.3119314983374011
2020-07-30 04:21:00,0.1766876595731901
2020-07-30 04:24:00,0.270596252580674
2020-07-30 04:27:00,0.31787934448402666
2020-07-30 04:30:00,0.25980343409537454
2020-07-30 04:33:00,0.2194855256332744
2020-07-30 04:36:00,0.39689711382169435
2020-07-30 04:39:00,0.38428382909643233
2020-07-30 04:42:00,0.393425943785644
2020-07-30 04:45:00,0.2716796574197815
2020-07-30 04:48:00,0.3542875722845338
2020-07-30 04:51:00,0.3614085099472959
2020-07-30 04:54:00,0.3896578350889399
2020-07-30 04:57:00,0.37581604095618104
2020-07-30 05:00:00,0.35658135405032
2020-07-30 05:03:00,0.38404073243532366
2020-07-30 05:06:00,0.5011108897404597
2020-07-30 05:09:00,0.3704224557886846
2020-07-30 05:12:00,0.3685805550053942
2020-07-30 05:15:00,0.3361630546467609
2020-07-30 05:18:00,0.4127501286742472
2020-07-30 05:21:00,0.42260296675669906
2020-07-30 05:24:00,0.47808923329461095
2020-07-30 05:27:00,0.3474279246983656
2020-07-30 05:30:00,0.3834006387934892
2020-07-30 05:33:00,0.5003393941308332
2020-07-30 05:36:00,0.41164776353758725
2020-07-30 05:39:00,0.47428492668370836
2020-07-30 05:42:00,0.4757146955604412
2020-07-30 05:45:00,0.45236059969295184
2020-07-30 05:48:00,0.3872805808034059
2020-07-30 05:51:00,0.4300148682369809
2020-07-30 05:54:00,0.3352293064160108
2020-07-30 05:57:00,0.33566971495537246
2020-07-30 06:00:00,0.29370181097579007
2020-07-30 06:03:00,0.340461256544927
2020-07-30 06:06:00,0.3249595002698129
2020-07-30 06:09:00,0.29119510637758594
2020-07-30 06:12:00,0.34454704179898954
2020-07-30 06:15:00,0.294126282786749
2020-07-30 06:18:00,0.33013920724545187
2020-07-30 06:21:00,0.42318955378613055
2020-07-30 06:24:00,0.2706684986896448
2020-07-30 06:27:00,0.4150899971444346
2020-07-30 06:30:00,0.39217545911697016
2020-07-30 06:33:00,0.33710497399505357
2020-07-30 06:36:00,0.43396753455436965
2020-07-30 06:39:00,0.45009270156884895
2020-07-30 06:42:00,0.5565274769971325
2020-07-30 06:45:00,0.3780159179927409
2020-07-30 06:48:00,0.4168173563261348
2020-07-30 06:51:00,0.38387717283012535
2020-07-30 06:54:00,0.4122036295621001
2020-07-30 06:57:00,0.38073305994942075
2020-07-30 07:00:00,0.4505566864582988
2020-07-30 07:03:00,0.467545381902994
2020-07-30 07:06:00,0.46708153243667994
2020-07-30 07:09:00,0.35872941352852195
2020-07-30 07:12:00,0.3188885032058124
2020-07-30 07:15:00,0.3313613948725447
2020-07-30 07:18:00,0.38042174391819117
2020-07-30 07:21:00,0.26796292646258735
2020-07-30 07:24:00,0.41753919076006696
2020-07-30 07:27:00,0.31069876967393384
2020-07-30 07:30:00,0.350087642877952
2020-07-30 07:33:00,0.37214313242026265
2020-07-30 07:36:00,0.38451046344607676
2020-07-30 07:39:00,0.432416897496978
2020-07-30 07:42:00,0.3601297529972953
2020-07-30 07:45:00,0.4351269401485638
2020-07-30 07:48:00,0.4960352281514133
2020-07-30 07:51:00,0.353852898242053
2020-07-30 07:54:00,0.3857701753653373
2020-07-30 07:57:00,0.37721368741438255
2020-07-30 08:00:00,0.4629235022262037
2020-07-30 08:03:00,0.444937182200988
2020-07-30 08:06:00,0.39269885298836016
2020-07-30 08:09:00,0.36015580822225957
2020-07-30 08:12:00,0.347888968494658
2020-07-30 08:15:00,0.33931885499612235
2020-07-30 08:18:00,0.3303075678118148
2020-07-30 08:21:00,0.3050096181161166
2020-07-30 08:24:00,0.21869081958340075
2020-07-30 08:27:00,0.26929854959252
2020-07-30 08:30:00,0.24034713587201395
2020-07-30 08:33:00,0.2898068461548746
2020-07-30 08:36:00,0.2905689870088395
2020-07-30 08:39:00,0.2789226547320709
2020-07-30 08:42:00,0.24516339231541906
2020-07-30 08:45:00,0.264572586410452
2020-07-30 08:48:00,0.2652151892853567
2020-07-30 08:51:00,0.21935318379081536
2020-07-30 08:54:00,0.18129349968558017
2020-07-30 08:57:00,0.14571697086341828
2020-07-30 09:00:00,0.18596468439341152
2020-07-30 09:03:00,0.15151262437825608
2020-07-30 09:06:00,0.2431736896108987
2020-07-30 09:09:00,0.18817008114035616
2020-07-30 09:12:00,0.12121619502579506
2020-07-30 09:15:00,0.20703717038401237
2020-07-30 09:18:00,0.14807556801775945
2020-07-30 09:21:00,0.12310457132298325
2020-07-30 09:24:00,0.13578905906155114
2020-07-30 09:27:00,0.05243586807529255
2020-07-30 09:30:00,0.02464606130871516
2020-07-30 09:33:00,0.08733476903216797
2020-07-30 09:36:00,0.019884516343097403
2020-07-30 09:39:00,0.06045618900827776
2020-07-30 09:42:00,-0.031224098421546387
2020-07-30 09:45:00,0.031595919865822
2020-07-30 09:48:00,0.0625500436422044
2020-07-30 09:51:00,-0.09426647582819214
2020-07-30 09:54:00,-0.04494322627459724
2020-07-30 09:57:00,-0.007515264988512627
2020-07-30 10:00:00,0.0407311978128746
2020-07-30 10:03:00,0.13089586878805903
2020-07-30 10:06:00,-0.08594036806482563
2020-07-30 10:09:00,-0.009938579983668205
2020-07-30 10:12:00,-0.17741802842868992
2020-07-30 10:15:00,0.0922602967090711
2020-07-30 10:18:00,-0.03160580350828468
2020-07-30 10:21:00,-0.02826211240022758
2020-07-30 10:24:00,0.010245992013324212
2020-07-30 10:27:00,0.033776203531147075
2020-07-30 10:30:00,-0.040585035649314705
2020-07-30 10:33:00,-0.02082115488542513
2020-07-30 10:36:00,-0.02862093773626384
2020-07-30 10:39:00,-0.017782135303662017
2020-07-30 10:42:00,-0.08355997480953192
2020-07-30 10:45:00,0.04949646630859661
2020-07-30 10:48:00,-0.07650166521176516
2020-07-30 10:51:00,-0.2172803684691189
2020-07-30 10:54:00,-0.10400845595006558
2020-07-30 10:57:00,-0.07441663669743548
2020-07-30 11:00:00,-0.250760981240262
2020-07-30 11:03:00,-0.19312025920174847
2020-07-30 11:06:00,-0.12942857308763678
2020-07-30 11:09:00,-0.11123025470368475
2020-07-30 11:12:00,-0.15252564606430496
2020-07-30 11:15:00,-0.22676918635613674
2020-07-30 11:18:00,-0.06783589998457273
2020-07-30 11:21:00,-0.06934543408448235
2020-07-30 11:24:00,-0.20921241828170878
2020-07-30 11:27:00,-0.15384265432925304
2020-07-30 11:30:00,-0.1995696525706876
2020-07-30 11:33:00,-0.19039048619447385
2020-07-30 11:36:00,-0.07437037909312494
2020-07-30 11:39:00,-0.1868664241670217
2020-07-30 11:42:00,-0.15092615024616407
2020-07-30 11:45:00,-0.25453791841414386
2020-07-30 11:48:00,-0.09207551339727615
2020-07-30 11:51:00,-0.2941943024032412
2020-07-30 11:54:00,-0.3082923337533998
2020-07-30 11:57:00,-0.20183529010637358
2020-07-30 12:00:00,-0.2074694928466556
2020-07-30 12:03:00,-0.2821337392326768
2020-07-30 12:06:00,-0.2025289206661114
2020-07-30 12:09:00,-0.37381167034106966
2020-07-30 12:12:00,-0.3206247255909602
2020-07-30 12:15:00,-0.3409782666648198
2020-07-30 12:18:00,-0.18572807369582733
2020-07-30 12:21:00,-0.3466109097158778
2020-07-30 12:24:00,-0.308113608685062
2020-07-30 12:27:00,-0.30283749116432546
2020-07-30 12:30:00,-0.32166574636721634
2020-07-30 12:33:00,-0.23016001794468366
2020-07-30 12:36:00,-0.21095246861000305
2020-07-30 12:39:00,-0.30656071623678827
2020-07-30 12:42:00,-0.1608045612546789
2020-07-30 12:45:00,-0.13573556400444886
2020-07-30 12:48:00,-0.014569025441119265
2020-07-30 12:51:00,-0.10267586126764172
2020-07-30 12:54:00,-0.046244267454767396
2020-07-30 12:57:00,-0.12873050290841093
2020-07-30 13:00:00,-0.2512879965318007
2020-07-30 13:03:00,-0.22420189221566034
2020-07-30 13:06:00,-0.2846534310219795
2020-07-30 13:09:00,-0.3555144410337334
2020-07-30 13:12:00,-0.13268145472972037
2020-07-30 13:15:00,-0.12345793982274245
2020-07-30 13:18:00,-0.02366099667170829
2020-07-30 13:21:00,-0.09180249196322166
2020-07-30 13:24:00,-0.19699928591262506
2020-07-30 13:27:00,-0.30405623851322616
2020-07-30 13:30:00,-0.3651126954120514
2020-07-30 13:33:00,-0.24545696026069663
2020-07-30 13:36:00,-0.2272058550564111
2020-07-30 13:39:00,-0.25051675998469136
2020-07-30 13:42:00,-0.01372685256984596
2020-07-30 13:45:00,0.13687918142022681
2020-07-30 13:48:00,0.09971249196865983
2020-07-30 13:51:00,0.13443635234875728
2020-07-30 13:54:00,0.4102318982740485
2020-07-30 13:57:00,0.008786400874782885
2020-07-30 14:00:00,-0.11789264464300686
2020-07-30 14:03:00,-0.057025397678216905
2020-07-30 14:06:00,-0.06610862373076998
2020-07-30 14:09:00,0.033531260791221484
2020-07-30 14:12:00,0.10899144483755663
2020-07-30 14:15:00,0.1297610967032483
2020-07-30 14:18:00,0.2991841161208413
2020-07-30 14:21:00,0.38441657677122976
2020-07-30 14:24:00,0.42202340513864556
2020-07-30 14:27:00,0.3618374629484151
2020-07-30 14:30:00,0.37731158178110036
2020-07-30 14:33:00,0.5055601760788022
2020-07-30 14:36:00,0.3492691474015146
2020-07-30 14:39:00,0.5644242216446855
2020-07-30 14:42:00,0.2774172097462042
2020-07-30 14:45:00,0.38358147359093664
2020-07-30 14:48:00,0.7135986794900759
2020-07-30 14:51:00,0.8329682840293913
2020-07-30 14:54:00,0.9430347804628809
2020-07-30 14:57:00,0.7405021043455804
2020-07-30 15:00:00,0.8314903283924764
2020-07-30 15:03:00,0.8567155529448769
2020-07-30 15:06:00,0.6049062560719562
2020-07-30 15:09:00,0.7761123447893397
2020-07-30 15:12:00,0.8349707939635778
2020-07-30 15:15:00,0.824114852931757
2020-07-30 15:18:00,0.777842348002082
2020-07-30 15:21:00,0.681357972919443
2020-07-30 15:24:00,0.6486122665352241
2020-07-30 15:27:00,0.6832975539736594
2020-07-30 15:30:00,0.8085294163452659
2020-07-30 15:33:00,0.6400850677304106
2020-07-30 15:36:00,0.6846650985363567
2020-07-30 15:39:00,0.7637551768096955
2020-07-30 15:42:00,0.86941622654291
2020-07-30 15:45:00,0.89110009808428
2020-07-30 15:48:00,0.7196471885999927
2020-07-30 15:51:00,0.7293096930991965
2020-07-30 15:54:00,0.7121404135662033
2020-07-30 15:57:00,0.6049068584126758
2020-07-30 16:00:00,0.5313485815886452
2020-07-30 16:03:00,0.6092527774916903
2020-07-30 16:06:00,0.869738239570836
2020-07-30 16:09:00,0.9392665927813368
2020-07-30 16:12:00,0.8829293429295149
2020-07-30 16:15:00,0.9919389227760007
2020-07-30 16:18:00,1.1040848619707617
2020-07-30 16:21:00,1.0567463907667047
2020-07-30 16:24:00,1.0036095759808745
2020-07-30 16:27:00,0.8329564007942736
2020-07-30 16:30:00,0.9261128851362628
2020-07-30 16:33:00,1.0251895934758295
2020-07-30 16:36:00,1.1217100716266373
2020-07-30 16:39:00,0.9229041096559172
2020-07-30 16:42:00,0.7603506441771515
2020-07-30 16:45:00,0.6677160332063181
2020-07-30 16:48:00,0.5207891162003762
2020-07-30 16:51:00,0.7030877766677577
2020-07-30 16:54:00,0.43919314681187416
2020-07-30 16:57:00,0.39978655908868177
2020-07-30 17:00:00,0.4553154873479457
2020-07-30 17:03:00,0.5322685075188929
2020-07-30 17:06:00,0.43223408159224164
2020-07-30 17:09:00,0.47415585158199747
2020-07-30 17:12:00,0.5871298007640462
2020-07-30 17:15:00,0.5685832567915554
2020-07-30 17:18:00,0.5381079291215087
2020-07-30 17:21:00,0.48588344128523886
2020-07-30 17:24:00,0.56766940092308
2020-07-30 17:27:00,0.6591372831229023
2020-07-30 17:30:00,0.5761344204636316
2020-07-30 17:33:00,0.5102322101939194
2020-07-30 17:36:00,0.49551426255732167
2020-07-30 17:39:00,0.45939242575570916
2020-07-30 17:42:00,0.5229411579906582
2020-07-30 17:45:00,0.515974056192249
2020-07-30 17:48:00,0.5011541059309366
2020-07-30 17:51:00,0.4551834359738791
2020-07-30 17:54:00,0.5797334236183929
2020-07-30 17:57:00,0.4762003468489979
2020-07-30 18:00:00,0.5076024860043731
2020-07-30 18:03:00,0.4757097944367956
2020-07-30 18:06:00,0.45498538034991043
2020-07-30 18:09:00,0.4299274215063633
2020-07-30 18:12:00,0.4770959686148899
2020-07-30 18:15:00,0.5388952984592947
2020-07-30 18:18:00,0.4448246145528856
2020-07-30 18:21:00,0.4457382563879264
2020-07-30 18:24:00,0.43984749229292674
2020-07-30 18:27:00,0.4270250218247611
2020-07-30 18:30:00,0.5168830765282451
2020-07-30 18:33:00,0.4029533844943103
2020-07-30 18:36:00,0.4179220770107577
2020-07-30 18:39:00,0.48299656138050295
2020-07-30 18:42:00,0.48226945890922934
2020-07-30 18:45:00,0.5593029611919746
2020-07-30 18:48:00,0.5685494706299892
2020-07-30 18:51:00,0.5262732192295516
2020-07-30 18:54:00,
2020-07-30 18:57:00,
2020-07-30 19:00:00,
2020-07-30 19:03:00,0.46288241581737566
2020-07-30 19:06:00,0.5335452159949341
2020-07-30 19:09:00,0.38873003884958734
2020-07-30 19:12:00,0.5443113643308948
2020-07-30 19:15:00,0.4522869149591884
2020-07-30 19:18:00,0.5388885165405668
2020-07-30 19:21:00,0.43911701989054563
2020-07-30 19:24:00,0.4060237053078595
2020-07-30 19:27:00,0.5455917573411853
2020-07-30 19:30:00,0.46808852107619714
2020-07-30 19:33:00,0.48898952174198484
2020-07-30 19:36:00,0.5280383372981419
2020-07-30 19:39:00,0.4311273624848013
2020-07-30 19:42:00,0.49875399802442644
2020-07-30 19:45:00,0.33500208436288403
2020-07-30 19:48:00,0.5209059018587823
2020-07-30 19:51:00,0.5123755436565034
2020-07-30 19:54:00,0.42679650934610436
2020-07-30 19:57:00,0.4400984788005644
2020-07-30 20:00:00,0.45707673669528504
2020-07-30 20:03:00,0.41893069851568043
2020-07-30 20:06:00,0.3679156805154662
2020-07-30 20:09:00,0.372149488691889
2020-07-30 20:12:00,0.4860028503832723
2020-07-30 20:15:00,0.3765705556401713
2020-07-30 20:18:00,0.36811658328940666
2020-07-30 20:21:00,0.3730916593266329
2020-07-30 20:24:00,0.44998408622706165
2020-07-30 20:27:00,0.4009105445956038
2020-07-30 20:30:00,0.4277320644342808
2020-07-30 20:33:00,0.46568132997083467
2020-07-30 20:36:00,0.453316553823754
2020-07-30 20:39:00,0.39370515250510607
2020-07-30 20:42:00,0.503723215822049
2020-07-30 20:45:00,0.382315241435947
2020-07-30 20:48:00,0.42280554439196294
2020-07-30 20:51:00,0.3976363979513735
2020-07-30 20:54:00,0.3732677841970258
2020-07-30 20:57:00,0.3472063330536912
2020-07-30 21:00:00,0.42287253320159834
2020-07-30 21:03:00,0.40145217126644184
2020-07-30 21:06:00,0.4905063973435517
2020-07-30 21:09:00,0.4107713787595344
2020-07-30 21:12:00,0.5471927240314471
2020-07-30 21:15:00,0.37035696687632935
2020-07-30 21:18:00,0.47420917826036657
2020-07-30 21:21:00,0.49886591203960506
2020-07-30 21:24:00,0.4131573269938258
2020-07-30 21:27:00,0.4306415154567276
2020-07-30 21:30:00,0.4798317462318664
2020-07-30 21:33:00,0.44083688479599914
2020-07-30 21:36:00,0.462992785532208
2020-07-30 21:39:00,0.48181399874420094
2020-07-30 21:42:00,0.3006501925434577
2020-07-30 21:45:00,0.4751727210932586
2020-07-30 21:48:00,0.4102445067686631
2020-07-30 21:51:00,0.43274982701410636
2020-07-30 21:54:00,0.39233277081831375
2020-07-30 21:57:00,0.4438314996785948
2020-07-30 22:00:00,0.41214150964543705
2020-07-30 22:03:00,0.502944454406304
2020-07-30 22:06:00,0.4839087476558461
2020-07-30 22:09:00,0.42727144457330724
2020-07-30 22:12:00,0.5254021719912885
2020-07-30 22:15:00,0.5112688771013154
2020-07-30 22:18:00,0.44403062713109875
2020-07-30 22:21:00,0.4860862550446541
2020-07-30 22:24:00,0.4140115075569497
2020-07-30 22:27:00,0.43564139619360276
2020-07-30 22:30:00,0.5253347516077724
2020-07-30 22:33:00,0.47262672111384063
2020-07-30 22:36:00,0.4762709712223341
2020-07-30 22:39:00,0.4619523164983548
2020-07-30 22:42:00,0.5138137595323542
2020-07-30 22:45:00,0.37101459963258776
2020-07-30 22:48:00,0.37019253931498497
2020-07-30 22:51:00,0.45393341490029115
2020-07-30 22:54:00,0.4142010587870004
2020-07-30 22:57:00,0.46168382772145833
2020-07-30 23:00:00,0.46021343512035173
2020-07-30 23:03:00,0.4947835115132193
2020-07-30 23:06:00,0.4372753704921024
2020-07-30 23:09:00,0.41207927803776556
2020-07-30 23:12:00,0.4453797099445751
2020-07-30 23:15:00,0.4026245265857824
2020-07-30 23:18:00,0.42373399015110635
2020-07-30 23:21:00,0.45874234965833693
2020-07-30 23:24:00,0.4884075419796545
2020-07-30 23:27:00,0.3824172926252345
2020-07-30 23:30:00,0.5507299289584466
2020-07-30 23:33:00,0.44122983980952313
2020-07-30 23:36:00,0.5675578167790718
2020-07-30 23:39:00,0.6210024278990431
2020-07-30 23:42:00,0.6171412645491046
2020-07-30 23:45:00,0.5220651198951032
2020-07-30 23:48:00,0.4294653579487431
2020-07-30 23:51:00,0.5670914598774175
2020-07-30 23:54:00,0.6225930258291328
2020-07-30 23:57:00,0.4322024947068144
2020-07-31 00:00:00,0.5126435276606003
2020-07-31 00:03:00,0.4421339729125293
2020-07-31 00:06:00,0.3882893332686308
2020-07-31 00:09:00,0.3900396342281738
2020-07-31 00:12:00,0.4838735367219442
2020-07-31 00:15:00,0.44327489803066555
2020-07-31 00:18:00,0.31124133958854827
2020-07-31 00:21:00,0.37648109103281513
2020-07-31 00:24:00,0.427362536098542
2020-07-31 00:27:00,0.4100194793626315
2020-07-31 00:30:00,0.33014574443643596
2020-07-31 00:33:00,0.23442797181195374
2020-07-31 00:36:00,0.3982939523086202
2020-07-31 00:39:00,0.34332721413119316
2020-07-31 00:42:00,0.33611061492280214
2020-07-31 00:45:00,0.3297602997458853
2020-07-31 00:48:00,0.4066052229739512
2020-07-31 00:51:00,0.3771342347608879
2020-07-31 00:54:00,0.4643764694289416
2020-07-31 00:57:00,0.39255277643201225
2020-07-31 01:00:00,0.447701411148671
2020-07-31 01:03:00,0.42787132017605245
2020-07-31 01:06:00,0.38088788511669236
2020-07-31 01:09:00,0.4445058248554119
2020-07-31 01:12:00,0.36699153702994636
2020-07-31 01:15:00,0.4469635993243628
2020-07-31 01:18:00,0.4772495320386838
2020-07-31 01:21:00,0.43536922131050915
2020-07-31 01:24:00,0.3715360537028687
2020-07-31 01:27:00,0.3327961587953041
2020-07-31 01:30:00,0.45706234507576937
2020-07-31 01:33:00,0.41824504921311245
2020-07-31 01:36:00,0.41932609313931835
2020-07-31 01:39:00,0.4346013984643946
2020-07-31 01:42:00,0.4361370507087372
2020-07-31 01:45:00,0.4028839485113167
2020-07-31 01:48:00,0.46377515158235383
2020-07-31 01:51:00,0.5229884753096599
2020-07-31 01:54:00,0.36605572867745195
2020-07-31 01:57:00,0.4470634224750256
2020-07-31 02:00:00,0.41222377984581726
2020-07-31 02:03:00,0.4065692182679186
2020-07-31 02:06:00,0.45063917569763134
2020-07-31 02:09:00,0.3949336464534099
2020-07-31 02:12:00,0.39962824922696427
2020-07-31 02:15:00,0.4180344794643247
2020-07-31 02:18:00,0.42228439800209117
2020-07-31 02:21:00,0.4834065304012256
2020-07-31 02:24:00,0.4935106979143029
2020-07-31 02:27:00,0.5176352129824977
2020-07-31 02:30:00,0.49708408123933623
2020-07-31 02:33:00,0.6277184354610768
2020-07-31 02:36:00,0.44124292514379704
2020-07-31 02:39:00,0.5308586001586946
2020-07-31 02:42:00,0.4297315227997274
2020-07-31 02:45:00,0.5388514949814294
2020-07-31 02:48:00,0.5552043659515107
2020-07-31 02:51:00,0.49062344945321
2020-07-31 02:54:00,0.4792126426721097
2020-07-31 02:57:00,0.4175653323301276
2020-07-31 03:00:00,0.479451398504807
2020-07-31 03:03:00,0.43497433284471754
2020-07-31 03:06:00,0.38565231238993647
2020-07-31 03:09:00,0.3960456730844726
2020-07-31 03:12:00,0.3293006866739461
2020-07-31 03:15:00,0.3402953593364373
2020-07-31 03:18:00,0.3519757995879331
2020-07-31 03:21:00,0.4204384593560917
2020-07-31 03:24:00,0.4920622572229263
2020-07-31 03:27:00,0.4419580980143678
2020-07-31 03:30:00,0.4228249385766958
2020-07-31 03:33:00,0.41740209409709905
2020-07-31 03:36:00,0.36664157652802487
2020-07-31 03:39:00,0.3245549955024103
2020-07-31 03:42:00,0.384233268696903
2020-07-31 03:45:00,0.40088606666785154
2020-07-31 03:48:00,0.4627038448149392
2020-07-31 03:51:00,0.4632224875690554
2020-07-31 03:54:00,0.431123906204391
2020-07-31 03:57:00,0.4394456783904843
2020-07-31 04:00:00,0.3470657996723503
2020-07-31 04:03:00,0.5080114626537693
2020-07-31 04:06:00,0.48487981655534895
2020-07-31 04:09:00,0.43957621821016346
2020-07-31 04:12:00,0.43342893316338404
2020-07-31 04:15:00,0.353029087349114
2020-07-31 04:18:00,0.4109951552729285
2020-07-31 04:21:00,0.38107119474403817
2020-07-31 04:24:00,0.39660063992937467
2020-07-31 04:27:00,0.37073440640534727
2020-07-31 04:30:00,0.4539596250417617
2020-07-31 04:33:00,0.4414144534849811
2020-07-31 04:36:00,0.5394755239178721
2020-07-31 04:39:00,0.5395566073877944
2020-07-31 04:42:00,0.38614007165648445
2020-07-31 04:45:00,0.4308026092829209
2020-07-31 04:48:00,0.43077615011634407
2020-07-31 04:51:00,0.47073656369610717
2020-07-31 04:54:00,0.5121854619162605
2020-07-31 04:57:00,0.5013090887923113
2020-07-31 05:00:00,0.5316911003146743
2020-07-31 05:03:00,0.4994941625811862
2020-07-31 05:06:00,0.33936420896685604
2020-07-31 05:09:00,0.4688243187721923
2020-07-31 05:12:00,0.43139408411337854
2020-07-31 05:15:00,0.4718024600300623
2020-07-31 05:18:00,0.4122319514154924
2020-07-31 05:21:00,0.3860865191156222
2020-07-31 05:24:00,0.46801986890659464
2020-07-31 05:27:00,0.5481602343149348
2020-07-31 05:30:00,0.42375596063942567
2020-07-31 05:33:00,0.5756491634607528
2020-07-31 05:36:00,0.4840699734716054
2020-07-31 05:39:00,0.5763276291452826
2020-07-31 05:42:00,0.463288335447146
2020-07-31 05:45:00,0.5136856243230454
2020-07-31 05:48:00,0.5306627007308293
2020-07-31 05:51:00,0.5075051274316706
2020-07-31 05:54:00,0.5771651216663258
2020-07-31 05:57:00,0.5384757976038372
2020-07-31 06:00:00,0.5527893883181605
2020-07-31 06:03:00,0.6014074614581659
2020-07-31 06:06:00,0.4816261339216794
2020-07-31 06:09:00,0.46244689074239886
2020-07-31 06:12:00,0.5197049366285569
2020-07-31 06:15:00,0.4466848683096032
2020-07-31 06:18:00,0.5154065951547864
2020-07-31 06:21:00,0.49825827390748145
2020-07-31 06:24:00,0.5629476457024793
2020-07-31 06:27:00,0.5769048993170713
2020-07-31 06:30:00,0.46513608770618475
2020-07-31 06:33:00,0.5394494012957125
2020-07-31 06:36:00,0.6116945630184887
2020-07-31 06:39:00,0.5563393732574013
2020-07-31 06:42:00,0.6390037152966102
2020-07-31 06:45:00,0.6076148583845224
2020-07-31 06:48:00,0.6095140990471464
2020-07-31 06:51:00,0.5673886926262526
2020-07-31 06:54:00,0.5766715411348855
2020-07-31 06:57:00,0.4957525396100664
2020-07-31 07:00:00,0.5095133041261306
2020-07-31 07:03:00,0.5512211618894867
2020-07-31 07:06:00,0.5423298900960276
2020-07-31 07:09:00,0.635797577225901
2020-07-31 07:12:00,0.5393818296175823
2020-07-31 07:15:00,0.5563823161452888
2020-07-31 07:18:00,0.5009340826784978
2020-07-31 07:21:00,0.47946790251558014
2020-07-31 07:24:00,0.5718482899781065
2020-07-31 07:27:00,0.46676054263917877
2020-07-31 07:30:00,0.5088022681591724
2020-07-31 07:33:00,0.5141114972130936
2020-07-31 07:36:00,0.48301951611773575
2020-07-31 07:39:00,0.4649279242100306
2020-07-31 07:42:00,0.4997266138324221
2020-07-31 07:45:00,0.5023143511641592
2020-07-31 07:48:00,0.46112671644226566
2020-07-31 07:51:00,0.4316803446034214
2020-07-31 07:54:00,0.4187673947217263
2020-07-31 07:57:00,0.4303422188315267
2020-07-31 08:00:00,0.4995278963695
2020-07-31 08:03:00,0.5406693711020125
2020-07-31 08:06:00,0.4147323705067265
2020-07-31 08:09:00,0.513194676150249
2020-07-31 08:12:00,0.3784128373376916
2020-07-31 08:15:00,0.404408468562508
2020-07-31 08:18:00,0.37494411475023526
2020-07-31 08:21:00,0.3301833844770954
2020-07-31 08:24:00,0.4022762193575886
2020-07-31 08:27:00,0.3396826920678677
2020-07-31 08:30:00,0.32396687325945095
2020-07-31 08:33:00,0.44246945386117886
2020-07-31 08:36:00,0.3879684618004262
2020-07-31 08:39:00,0.29922200943849475
2020-07-31 08:42:00,0.33262161719039796
2020-07-31 08:45:00,0.2558960006636539
2020-07-31 08:48:00,0.24331929843049238
2020-07-31 08:51:00,0.2937417312317052
2020-07-31 08:54:00,0.2650010459653913
2020-07-31 08:57:00,0.31757603468315665
2020-07-31 09:00:00,0.21588661815422938
2020-07-31 09:03:00,0.2126481373680349
2020-07-31 09:06:00,0.2219199473286153
2020-07-31 09:09:00,0.27320207697056276
2020-07-31 09:12:00,0.34690322298672527
2020-07-31 09:15:00,0.3352805623761128
2020-07-31 09:18:00,0.2150675339190684
2020-07-31 09:21:00,0.2540793276058366
2020-07-31 09:24:00,0.2005207810769889
2020-07-31 09:27:00,0.23594520760622117
2020-07-31 09:30:00,0.22573608079875385
2020-07-31 09:33:00,0.24741292072019405
2020-07-31 09:36:00,0.13312135242051681
2020-07-31 09:39:00,0.09139428775762326
2020-07-31 09:42:00,0.08656001790967593
2020-07-31 09:45:00,0.07390287595944756
2020-07-31 09:48:00,0.19056733396286063
2020-07-31 09:51:00,0.08926186851306284
2020-07-31 09:54:00,0.07212452701446637
2020-07-31 09:57:00,0.14771127197121814
2020-07-31 10:00:00,0.055284732150823857
2020-07-31 10:03:00,0.13633364022109618
2020-07-31 10:06:00,0.04681023907130566
2020-07-31 10:09:00,-0.034269297992011616
2020-07-31 10:12:00,0.12211011993343845
2020-07-31 10:15:00,0.024006407179115286
2020-07-31 10:18:00,0.04353337326182327
2020-07-31 10:21:00,0.10574264189460791
2020-07-31 10:24:00,-0.0026088297935871196
2020-07-31 10:27:00,-0.11423214865010323
2020-07-31 10:30:00,0.011404539703903538
2020-07-31 10:33:00,-0.06785023339318741
2020-07-31 10:36:00,-0.07202009763670958
2020-07-31 10:39:00,-0.11338893881259082
2020-07-31 10:42:00,0.0011926440514002934
2020-07-31 10:45:00,-0.03886755507858197
2020-07-31 10:48:00,-0.040039620379673124
2020-07-31 10:51:00,-0.09101866090844624
2020-07-31 10:54:00,-0.0769469346570304
2020-07-31 10:57:00,-0.0484739396198961
2020-07-31 11:00:00,-0.1682373264949888
2020-07-31 11:03:00,-0.10050827382707439
2020-07-31 11:06:00,-0.16434458643772132
2020-07-31 11:09:00,-0.11731105655428564
2020-07-31 11:12:00,-0.04340438380171463
2020-07-31 11:15:00,-0.14859204891416766
2020-07-31 11:18:00,-0.15385571474894277
2020-07-31 11:21:00,-0.12038106439047169
2020-07-31 11:24:00,-0.14530345890761964
2020-07-31 11:27:00,-0.133162850667361
2020-07-31 11:30:00,-0.28108569621281276
2020-07-31 11:33:00,-0.09009946013492254
2020-07-31 11:36:00,-0.0479193230189594
2020-07-31 11:39:00,-0.003638664980883277
2020-07-31 11:42:00,-0.13247013718194012
2020-07-31 11:45:00,-0.06351719326312377
2020-07-31 11:48:00,-0.02041279923798811
2020-07-31 11:51:00,-0.1145743902175127
2020-07-31 11:54:00,-0.19470961351976257
2020-07-31 11:57:00,-0.2653475013657953
2020-07-31 12:00:00,-0.12819166236835144
2020-07-31 12:03:00,-0.06708567661308962
2020-07-31 12:06:00,-0.2851875731792006
2020-07-31 12:09:00,-0.15275091971301435
2020-07-31 12:12:00,-0.15742073596885575
2020-07-31 12:15:00,-0.15532571158871633
2020-07-31 12:18:00,-0.13753836455157398
2020-07-31 12:21:00,-0.12686388430631723
2020-07-31 12:24:00,-0.16373255056407743
2020-07-31 12:27:00,-0.1840064425477408
2020-07-31 12:30:00,-0.05766507732568016
2020-07-31 12:33:00,0.13094192560140527
2020-07-31 12:36:00,0.1923864424528574
2020-07-31 12:39:00,0.05606652407544743
2020-07-31 12:42:00,0.06580799009611837
2020-07-31 12:45:00,0.012789945125746272
2020-07-31 12:48:00,-0.05297360175762833
2020-07-31 12:51:00,-0.005817328594730498
2020-07-31 12:54:00,0.0771574452026016
2020-07-31 12:57:00,0.16678709361968913
2020-07-31 13:00:00,0.18210246413195819
2020-07-31 13:03:00,0.022975761114082616
2020-07-31 13:06:00,0.16062300717419475
2020-07-31 13:09:00,0.15615593931829608
2020-07-31 13:12:00,0.2992635448620149
2020-07-31 13:15:00,0.29453273618162257
2020-07-31 13:18:00,0.19154531979006606
2020-07-31 13:21:00,0.3024045789157981
2020-07-31 13:24:00,0.3442168956138971
2020-07-31 13:27:00,0.25316270819809006
2020-07-31 13:30:00,0.1521764965282273
2020-07-31 13:33:00,0.11413989585861373
2020-07-31 13:36:00,-0.12443233514096619
2020-07-31 13:39:00,0.058739408603514676
2020-07-31 13:42:00,0.04878998197131068
2020-07-31 13:45:00,0.1553900379839206
2020-07-31 13:48:00,0.060486441283671866
2020-07-31 13:51:00,-0.11780751297868619
2020-07-31 13:54:00,-0.02285432458035075
2020-07-31 13:57:00,-0.031732652474033785
2020-07-31 14:00:00,0.2422218320272691
2020-07-31 14:03:00,0.10972251471298478
2020-07-31 14:06:00,-0.0353118140578772
2020-07-31 14:09:00,0.14963231155275025
2020-07-31 14:12:00,-0.015288591909609295
2020-07-31 14:15:00,-0.04619641432759636
2020-07-31 14:18:00,-0.03772074642182588
2020-07-31 14:21:00,0.06626084026174794
2020-07-31 14:24:00,0.049259740803222485
2020-07-31 14:27:00,-0.027097416354138204
2020-07-31 14:30:00,-0.013612674776879885
2020-07-31 14:33:00,0.06587344324896094
2020-07-31 14:36:00,-0.026461911169121777
2020-07-31 14:39:00,-0.04361988140203721
2020-07-31 14:42:00,-0.04446871902609928
2020-07-31 14:45:00,-0.019511019260789908
2020-07-31 14:48:00,-0.030402183571993646
2020-07-31 14:51:00,-0.0073188269940374084
2020-07-31 14:54:00,0.1230958811374876
2020-07-31 14:57:00,0.09475788882463121
2020-07-31 15:00:00,0.09394963136708157
2020-07-31 15:03:00,0.12789610616300706
2020-07-31 15:06:00,0.19253400522831043
2020-07-31 15:09:00,0.11911971443987568
2020-07-31 15:12:00,0.07296703542829164
2020-07-31 15:15:00,0.0448774331807158
2020-07-31 15:18:00,0.08662804314485584
2020-07-31 15:21:00,0.056486631687391764
2020-07-31 15:24:00,0.050479431596841096
2020-07-31 15:27:00,0.06130061349398375
2020-07-31 15:30:00,0.05832351299375205
2020-07-31 15:33:00,-0.012611458579158352
2020-07-31 15:36:00,0.05404297947393388
2020-07-31 15:39:00,0.0351663620817817
2020-07-31 15:42:00,-0.0923698976595233
2020-07-31 15:45:00,-0.03729174861615547
2020-07-31 15:48:00,-0.06804323328356077
2020-07-31 15:51:00,-0.0862301973577928
2020-07-31 15:54:00,-0.09074818623491865
2020-07-31 15:57:00,-0.05056542146934362
2020-07-31 16:00:00,-0.022433076025492937
2020-07-31 16:03:00,-0.04667757052158095
2020-07-31 16:06:00,-0.14936167703109504
2020-07-31 16:09:00,-0.19497485585662844
2020-07-31 16:12:00,-0.09817838615521168
2020-07-31 16:15:00,-0.17334574419260207
2020-07-31 16:18:00,-0.208317588692978
2020-07-31 16:21:00,-0.1135187651321985
2020-07-31 16:24:00,-0.07977970214170682
2020-07-31 16:27:00,-0.14205425424881923
2020-07-31 16:30:00,-0.15739717904438066
2020-07-31 16:33:00,-0.16734230303501363
2020-07-31 16:36:00,-0.17610112966235647
2020-07-31 16:39:00,-0.11278888924977082
2020-07-31 16:42:00,-0.17172727352794936
2020-07-31 16:45:00,-0.1347863522775583
2020-07-31 16:48:00,-0.19670292166694026
2020-07-31 16:51:00,-0.23790425511867852
2020-07-31 16:54:00,-0.12487889621195336
2020-07-31 16:57:00,-0.20860006712609902
2020-07-31 17:00:00,-0.29264380907659415
2020-07-31 17:03:00,-0.05822620163803549
2020-07-31 17:06:00,-0.19570006405666618
2020-07-31 17:09:00,-0.23011533461897216
2020-07-31 17:12:00,-0.2034775531213313
2020-07-31 17:15:00,-0.37327001736616694
2020-07-31 17:18:00,-0.1392283558648728
2020-07-31 17:21:00,-0.14503578326053912
2020-07-31 17:24:00,-0.31021397599363354
2020-07-31 17:27:00,-0.16648052427893845
2020-07-31 17:30:00,-0.20070660685149733
2020-07-31 17:33:00,-0.1785826178747243
2020-07-31 17:36:00,-0.27365927450392746
2020-07-31 17:39:00,-0.24270672476779964
2020-07-31 17:42:00,-0.16770922481748585
2020-07-31 17:45:00,-0.266832548652701
2020-07-31 17:48:00,-0.2073498716322888
2020-07-31 17:51:00,-0.17376602892716164
2020-07-31 17:54:00,-0.2659390572610505
2020-07-31 17:57:00,-0.2000147302474602
2020-07-31 18:00:00,-0.26244642193506706
2020-07-31 18:03:00,-0.13944595425942907
2020-07-31 18:06:00,-0.21895588579207015
2020-07-31 18:09:00,-0.22209235907541824
2020-07-31 18:12:00,-0.11132452090362221
2020-07-31 18:15:00,-0.18558807453609916
2020-07-31 18:18:00,-0.24893674786756037
2020-07-31 18:21:00,-0.16177667312808808
2020-07-31 18:24:00,-0.15059211034275677
2020-07-31 18:27:00,-0.13104112225119025
2020-07-31 18:30:00,-0.1265568066193623
2020-07-31 18:33:00,-0.1449219270194817
2020-07-31 18:36:00,-0.1522428229857269
2020-07-31 18:39:00,-0.13599228220761006
2020-07-31 18:42:00,-0.13276356221774677
2020-07-31 18:45:00,-0.05818662751295278
2020-07-31 18:48:00,-0.05313078318835096
2020-07-31 18:51:00,-0.05150416042579309
2020-07-31 18:54:00,
2020-07-31 18:57:00,
2020-07-31 19:00:00,
2020-07-31 19:03:00,-0.01635824558195509
2020-07-31 19:06:00,-0.08223383364509118
2020-07-31 19:09:00,-0.11853079213000228
2020-07-31 19:12:00,-0.02874377876696599
2020-07-31 19:15:00,-0.06942455960682992
2020-07-31 19:18:00,0.001986354290977488
2020-07-31 19:21:00,-0.0785463320191866
2020-07-31 19:24:00,-0.08337271141476776
2020-07-31 19:27:00,-0.12587024459077156
2020-07-31 19:30:00,-0.006217937916517258
2020-07-31 19:33:00,0.0026392592395723113
2020-07-31 19:36:00,-0.04685968368033855
2020-07-31 19:39:00,-0.08730659844371758
2020-07-31 19:42:00,0.06456564521988639
2020-07-31 19:45:00,-0.028656847821878273
2020-07-31 19:48:00,-0.03596228873732343
2020-07-31 19:51:00,0.004807249103066624
2020-07-31 19:54:00,-0.011260228579374143
2020-07-31 19:57:00,0.04205991593875069
2020-07-31 20:00:00,-0.015433908850923217
2020-07-31 20:03:00,0.023354935701547674
2020-07-31 20:06:00,-0.03076476818557694
2020-07-31 20:09:00,0.02755907531206958
2020-07-31 20:12:00,-0.014055212747109636
2020-07-31 20:15:00,0.06335206226259515
2020-07-31 20:18:00,-0.09147773967401918
2020-07-31 20:21:00,0.052895346098750906
2020-07-31 20:24:00,-0.07632896862617145
2020-07-31 20:27:00,0.11562051517466898
2020-07-31 20:30:00,0.10042641953191378
2020-07-31 20:33:00,0.10424046969274059
2020-07-31 20:36:00,0.1392820165175408
2020-07-31 20:39:00,0.09678890675115781
2020-07-31 20:42:00,0.19394010168542763
2020-07-31 20:45:00,0.03530803033106622
2020-07-31 20:48:00,0.2577937665812442
2020-07-31 20:51:00,0.11851971897067415
2020-07-31 20:54:00,0.1034913381049023
2020-07-31 20:57:00,0.1136947878680985
2020-07-31 21:00:00,0.15117498094559778
2020-07-31 21:03:00,0.15884252891277129
2020-07-31 21:06:00,0.250942160346483
2020-07-31 21:09:00,0.11080760842480686
2020-07-31 21:12:00,0.2888457986540516
2020-07-31 21:15:00,0.23439983933917574
2020-07-31 21:18:00,0.16076714231519418
2020-07-31 21:21:00,0.23536427602255117
2020-07-31 21:24:00,0.26702022209565257
2020-07-31 21:27:00,0.205423621270711
2020-07-31 21:30:00,0.25859454526857917
2020-07-31 21:33:00,0.15224267207190678
2020-07-31 21:36:00,0.12698810455987086
2020-07-31 21:39:00,0.17968274098564052
2020-07-31 21:42:00,0.14810136403986007
2020-07-31 21:45:00,0.199142719384497
2020-07-31 21:48:00,0.13199499984608565
2020-07-31 21:51:00,0.01562318368354454
2020-07-31 21:54:00,0.0366592106669259
2020-07-31 21:57:00,0.061422451461680794
2020-07-31 22:00:00,0.10363255680999828
2020-07-31 22:03:00,0.09481978387862
2020-07-31 22:06:00,0.16675930403681605
2020-07-31 22:09:00,0.15116409833808575
2020-07-31 22:12:00,0.13432475722186155
2020-07-31 22:15:00,0.017333411060008075
2020-07-31 22:18:00,0.06770489390203238
2020-07-31 22:21:00,0.036490080645592116
2020-07-31 22:24:00,0.028713383407136917
2020-07-31 22:27:00,-0.006143343992505379
2020-07-31 22:30:00,0.04355661908681441
2020-07-31 22:33:00,0.08459687507712488
2020-07-31 22:36:00,0.16864391300839543
2020-07-31 22:39:00,0.06015679696565712
2020-07-31 22:42:00,0.08602254692169709
2020-07-31 22:45:00,0.08214380812148647
2020-07-31 22:48:00,0.15166711080519235
2020-07-31 22:51:00,0.0026970319574957102
2020-07-31 22:54:00,0.15214700232650102
2020-07-31 22:57:00,0.1323279262452388
2020-07-31 23:00:00,0.2208450081781166
2020-07-31 23:03:00,0.09862689165464644
2020-07-31 23:06:00,0.1343146862955109
2020-07-31 23:09:00,0.17444765948118857
2020-07-31 23:12:00,0.173729373052538
2020-07-31 23:15:00,0.20418689211919627
2020-07-31 23:18:00,0.1280328239071764
2020-07-31 23:21:00,0.06793023466968862
2020-07-31 23:24:00,0.171861865983999
2020-07-31 23:27:00,0.2972004845206584
2020-07-31 23:30:00,0.12916683204554147
2020-07-31 23:33:00,0.18181986821758755
2020-07-31 23:36:00,0.1780791355117799
2020-07-31 23:39:00,0.1932147493941443
2020-07-31 23:42:00,0.158695115653245
2020-07-31 23:45:00,0.192833661449356
2020-07-31 23:48:00,0.12116692217131231
2020-07-31 23:51:00,0.1587282245843653
2020-07-31 23:54:00,0.15640437237641436
2020-07-31 23:57:00,0.12608136750839094
2020-08-01 00:00:00,0.10949642306280793
2020-08-01 00:03:00,0.22230408263237678
2020-08-01 00:06:00,0.17471766444515424
2020-08-01 00:09:00,0.2159806682384442
2020-08-01 00:12:00,0.23396243204075517
2020-08-01 00:15:00,0.2230402581013209
2020-08-01 00:18:00,0.19903323228913905
2020-08-01 00:21:00,0.13319935911033554
2020-08-01 00:24:00,0.21596420941426686
2020-08-01 00:27:00,0.29332100718681886
2020-08-01 00:30:00,0.25081432546880933
2020-08-01 00:33:00,0.2976130819536138
2020-08-01 00:36:00,0.14441077577049555
2020-08-01 00:39:00,0.1617199994154248
2020-08-01 00:42:00,0.23275226094000345
2020-08-01 00:45:00,0.23599932426475334
2020-08-01 00:48:00,0.2860237782375634
2020-08-01 00:51:00,0.2572694383658245
2020-08-01 00:54:00,0.14533199341650516
2020-08-01 00:57:00,0.17757990383563538
2020-08-01 01:00:00,0.21868461449810184
2020-08-01 01:03:00,0.13304261791989802
2020-08-01 01:06:00,0.19141242884421672
2020-08-01 01:09:00,0.14493858431842455
2020-08-01 01:12:00,0.2690248186153781
2020-08-01 01:15:00,0.23550805456704893
2020-08-01 01:18:00,0.1898966588751705
2020-08-01 01:21:00,0.21535680440035776
2020-08-01 01:24:00,0.19588292738194468
2020-08-01 01:27:00,0.08518547247001607
2020-08-01 01:30:00,0.31715943052648754
2020-08-01 01:33:00,0.3031184386539394
2020-08-01 01:36:00,0.24283251512548532
2020-08-01 01:39:00,0.21609872824393506
2020-08-01 01:42:00,0.19670379597886267
2020-08-01 01:45:00,0.2774492430121427
2020-08-01 01:48:00,0.24571131901427634
2020-08-01 01:51:00,0.1956691790340983
2020-08-01 01:54:00,0.32062550600431905
2020-08-01 01:57:00,0.25329056614162937
2020-08-01 02:00:00,0.13045087001552247
2020-08-01 02:03:00,0.33106562383289884
2020-08-01 02:06:00,0.13792938766641782
2020-08-01 02:09:00,0.2729590662364103
2020-08-01 02:12:00,0.2930295950432651
2020-08-01 02:15:00,0.2206290890484297
2020-08-01 02:18:00,0.21570552250102537
2020-08-01 02:21:00,0.2689494934178356
2020-08-01 02:24:00,0.32337859222036514
2020-08-01 02:27:00,0.3433469758734873
2020-08-01 02:30:00,0.30209008194020726
2020-08-01 02:33:00,0.2668882396664003
2020-08-01 02:36:00,0.33399268893725775
2020-08-01 02:39:00,0.3109478714835632
2020-08-01 02:42:00,0.34305879151753516
2020-08-01 02:45:00,0.24872114573366844
2020-08-01 02:48:00,0.29448214562665953
2020-08-01 02:51:00,0.1872076734900361
2020-08-01 02:54:00,0.23732802112817808
2020-08-01 02:57:00,0.3515191732981293
2020-08-01 03:00:00,0.291536156439804
2020-08-01 03:03:00,0.20552771881420995
2020-08-01 03:06:00,0.3215721784761172
2020-08-01 03:09:00,0.3173730243756836
2020-08-01 03:12:00,0.4322170237774685
2020-08-01 03:15:00,0.2724319196119609
2020-08-01 03:18:00,0.31476371155412153
2020-08-01 03:21:00,0.23010020624849403
2020-08-01 03:24:00,0.38541437672910206
2020-08-01 03:27:00,0.2614791063899702
2020-08-01 03:30:00,0.19346624121334344
2020-08-01 03:33:00,0.35711143093334385
2020-08-01 03:36:00,0.47661108860279455
2020-08-01 03:39:00,0.4899423256706541
2020-08-01 03:42:00,0.44286219269883986
2020-08-01 03:45:00,0.3639397683795096
2020-08-01 03:48:00,0.31504840682970325
2020-08-01 03:51:00,0.2908228232629426
2020-08-01 03:54:00,0.2381904522526952
2020-08-01 03:57:00,0.23583775657527895
2020-08-01 04:00:00,0.4160114859423629
2020-08-01 04:03:00,0.40417868394450807
2020-08-01 04:06:00,0.4557190630576997
2020-08-01 04:09:00,0.47235392532593323
2020-08-01 04:12:00,0.5034875695208711
2020-08-01 04:15:00,0.522763698718336
2020-08-01 04:18:00,0.5468900084713368
2020-08-01 04:21:00,0.40547174099270933
2020-08-01 04:24:00,0.41134492203616446
2020-08-01 04:27:00,0.3888116618680897
2020-08-01 04:30:00,0.5007913493753904
2020-08-01 04:33:00,0.42178874991145676
2020-08-01 04:36:00,0.5096897055407226
2020-08-01 04:39:00,0.4020058448601276
2020-08-01 04:42:00,0.46552226039005973
2020-08-01 04:45:00,0.5060341229930714
2020-08-01 04:48:00,0.4890796438505163
2020-08-01 04:51:00,0.47015645352047386
2020-08-01 04:54:00,0.34046355669551076
2020-08-01 04:57:00,0.4481379351095711
2020-08-01 05:00:00,0.47952567365882715
2020-08-01 05:03:00,0.40682239925905606
2020-08-01 05:06:00,0.4164981677349715
2020-08-01 05:09:00,0.4972279909640065
2020-08-01 05:12:00,0.5729291109071255
2020-08-01 05:15:00,0.5670793799159242
2020-08-01 05:18:00,0.4312379928489918
2020-08-01 05:21:00,0.42483021889404426
2020-08-01 05:24:00,0.40687057327829734
2020-08-01 05:27:00,0.4264356800426867
2020-08-01 05:30:00,0.4955859767208608
2020-08-01 05:33:00,0.45597180106392443
2020-08-01 05:36:00,0.39080314724139953
2020-08-01 05:39:00,0.3399185889165892
2020-08-01 05:42:00,0.46392400780626986
2020-08-01 05:45:00,0.3714746744511217
2020-08-01 05:48:00,0.42589858596471686
2020-08-01 05:51:00,0.46847757081349073
2020-08-01 05:54:00,0.46206446034756254
2020-08-01 05:57:00,0.4886264196966863
2020-08-01 06:00:00,0.4900513531286492
2020-08-01 06:03:00,0.4280242413657902
2020-08-01 06:06:00,0.3644739800628827
2020-08-01 06:09:00,0.43621962526560765
2020-08-01 06:12:00,0.46206215073715384
2020-08-01 06:15:00,0.48776254301367317
2020-08-01 06:18:00,0.5335594066398812
2020-08-01 06:21:00,0.3822524319141962
2020-08-01 06:24:00,0.5054860604930695
2020-08-01 06:27:00,0.5193003523724542
2020-08-01 06:30:00,0.5603200660959828
2020-08-01 06:33:00,0.5934360009698594
2020-08-01 06:36:00,0.5269922027932807
2020-08-01 06:39:00,0.46187206374685275
2020-08-01 06:42:00,0.5090654472612073
2020-08-01 06:45:00,0.6335062540875356
2020-08-01 06:48:00,0.6053776302009055
2020-08-01 06:51:00,0.5761363280025762
2020-08-01 06:54:00,0.5802041877881834
2020-08-01 06:57:00,0.6119291823631556
2020-08-01 07:00:00,0.6264478030188343
2020-08-01 07:03:00,0.6092534499168778
2020-08-01 07:06:00,0.6174820554496705
2020-08-01 07:09:00,0.653073566805972
2020-08-01 07:12:00,0.5889267575172425
2020-08-01 07:15:00,0.643168008095131
2020-08-01 07:18:00,0.5834036345387403
2020-08-01 07:21:00,0.6745855335590818
2020-08-01 07:24:00,0.6048091052199993
2020-08-01 07:27:00,0.6109513124463888
2020-08-01 07:30:00,0.6035088011316816
2020-08-01 07:33:00,0.5932854925196125
2020-08-01 07:36:00,0.5958806364425868
2020-08-01 07:39:00,0.7401058976366244
2020-08-01 07:42:00,0.5812050271730982
2020-08-01 07:45:00,0.6539552685960075
2020-08-01 07:48:00,0.6876930562011125
2020-08-01 07:51:00,0.6605880531187154
2020-08-01 07:54:00,0.6408631248638699
2020-08-01 07:57:00,0.7399152235157658
2020-08-01 08:00:00,0.5214905672944496
2020-08-01 08:03:00,0.6331749762501317
2020-08-01 08:06:00,0.5044535241570998
2020-08-01 08:09:00,0.4996565826143069
2020-08-01 08:12:00,0.5976125088828326
2020-08-01 08:15:00,0.5834298654378927
2020-08-01 08:18:00,0.6820174320084789
2020-08-01 08:21:00,0.5476500786230645
2020-08-01 08:24:00,0.5676226102964961
2020-08-01 08:27:00,0.4880579814289945
2020-08-01 08:30:00,0.495854848022816
2020-08-01 08:33:00,0.611061103040015
2020-08-01 08:36:00,0.5828414332563625
2020-08-01 08:39:00,0.5795735065061081
2020-08-01 08:42:00,0.5745167434978953
2020-08-01 08:45:00,0.5057101468219116
2020-08-01 08:48:00,0.5546542861440003
2020-08-01 08:51:00,0.6333475048206765
2020-08-01 08:54:00,0.5540451932887436
2020-08-01 08:57:00,0.5556863304643684
2020-08-01 09:00:00,0.5710752823592316
2020-08-01 09:03:00,0.5938000818686646
2020-08-01 09:06:00,0.5647515830077054
2020-08-01 09:09:00,0.5370926879057265
2020-08-01 09:12:00,0.4120509861783148
2020-08-01 09:15:00,0.5048336126449158
2020-08-01 09:18:00,0.5071816373950924
2020-08-01 09:21:00,0.4531860025151673
2020-08-01 09:24:00,0.4966710390901312
2020-08-01 09:27:00,0.5388676827626
2020-08-01 09:30:00,0.5069546061270671
2020-08-01 09:33:00,0.4309692967004821
2020-08-01 09:36:00,0.4857998934973011
2020-08-01 09:39:00,0.42691480681253324
2020-08-01 09:42:00,0.5444613870275816
2020-08-01 09:45:00,0.5302640991484395
2020-08-01 09:48:00,0.5168035174003194
2020-08-01 09:51:00,0.4470331417343232
2020-08-01 09:54:00,0.5315417530850937
2020-08-01 09:57:00,0.4633529003261856
2020-08-01 10:00:00,0.4619439389368267
2020-08-01 10:03:00,0.37138103174663684
2020-08-01 10:06:00,0.30355806606081615
2020-08-01 10:09:00,0.3278318283100248
2020-08-01 10:12:00,0.32418247246073406
2020-08-01 10:15:00,0.378210373734305
2020-08-01 10:18:00,0.399813431770383
2020-08-01 10:21:00,0.34663792267139115
2020-08-01 10:24:00,0.28970688740020023
2020-08-01 10:27:00,0.3575828721549783
2020-08-01 10:30:00,0.21990064404695886
2020-08-01 10:33:00,0.318852434584187
2020-08-01 10:36:00,0.2982578366780899
2020-08-01 10:39:00,0.26228438461237147
2020-08-01 10:42:00,0.2981566482022231
2020-08-01 10:45:00,0.3041702869151095
2020-08-01 10:48:00,0.3508268320164234
2020-08-01 10:51:00,0.3157328884813637
2020-08-01 10:54:00,0.22432573729605565
2020-08-01 10:57:00,0.16837831104317047
2020-08-01 11:00:00,0.22529251202246314
2020-08-01 11:03:00,0.2823972282974978
2020-08-01 11:06:00,0.30858379053125873
2020-08-01 11:09:00,0.18691780091967303
2020-08-01 11:12:00,0.14177044361156277
2020-08-01 11:15:00,0.20418584698740005
2020-08-01 11:18:00,0.16240639649373634
2020-08-01 11:21:00,0.11430474034835925
2020-08-01 11:24:00,0.018720516985865743
2020-08-01 11:27:00,0.10922195532862133
2020-08-01 11:30:00,-0.08869669840430561
2020-08-01 11:33:00,-0.030810664348337014
2020-08-01 11:36:00,-0.044538421953348006
2020-08-01 11:39:00,-0.03449618165757329
2020-08-01 11:42:00,-0.051210566170709626
2020-08-01 11:45:00,-0.21215227420066185
2020-08-01 11:48:00,-0.06463094435611083
2020-08-01 11:51:00,-0.24624873608570397
2020-08-01 11:54:00,-0.23820858334903505
2020-08-01 11:57:00,-0.21777032475591795
2020-08-01 12:00:00,-0.18528910802990595
2020-08-01 12:03:00,-0.19380091555620993
2020-08-01 12:06:00,-0.20975203393101083
2020-08-01 12:09:00,-0.1565199000505686
2020-08-01 12:12:00,-0.24313791954040198
2020-08-01 12:15:00,-0.3021847291287827
2020-08-01 12:18:00,-0.31114088364051895
2020-08-01 12:21:00,-0.24849095910229835
2020-08-01 12:24:00,-0.1919143671831307
2020-08-01 12:27:00,-0.3122704253629536
2020-08-01 12:30:00,-0.2609998274061809
2020-08-01 12:33:00,-0.3464067084033218
2020-08-01 12:36:00,-0.28971416903186764
2020-08-01 12:39:00,-0.3892651498202895
2020-08-01 12:42:00,-0.2701213511981564
2020-08-01 12:45:00,-0.4220490034517752
2020-08-01 12:48:00,-0.26682189532391476
2020-08-01 12:51:00,-0.46721025153703977
2020-08-01 12:54:00,-0.3483132403599143
2020-08-01 12:57:00,-0.3961828252006967
2020-08-01 13:00:00,-0.4209917218589112
2020-08-01 13:03:00,-0.46189176335275306
2020-08-01 13:06:00,-0.34594531035418186
2020-08-01 13:09:00,-0.3575948511233946
2020-08-01 13:12:00,-0.3735621928911428
2020-08-01 13:15:00,-0.3897113246109143
2020-08-01 13:18:00,-0.4101371558739402
2020-08-01 13:21:00,-0.4549999143964101
2020-08-01 13:24:00,-0.44737656988030494
2020-08-01 13:27:00,-0.4127804759272067
2020-08-01 13:30:00,-0.37753792278022047
2020-08-01 13:33:00,-0.36322442930361376
2020-08-01 13:36:00,-0.46960734450595965
2020-08-01 13:39:00,-0.4915802675023997
2020-08-01 13:42:00,-0.4790198706057254
2020-08-01 13:45:00,-0.5461558585179773
2020-08-01 13:48:00,-0.39702649343524854
2020-08-01 13:51:00,-0.4348043816758036
2020-08-01 13:54:00,-0.4043246327027532
2020-08-01 13:57:00,-0.47528317011602894
2020-08-01 14:00:00,-0.38839425716355436
2020-08-01 14:03:00,-0.39429514259961707
2020-08-01 14:06:00,-0.43629167130444557
2020-08-01 14:09:00,-0.49998942299043847
2020-08-01 14:12:00,-0.46897977692850645
2020-08-01 14:15:00,-0.5206976967840546
2020-08-01 14:18:00,-0.3692507115965782
2020-08-01 14:21:00,-0.36606810671611356
2020-08-01 14:24:00,-0.44031672437546376
2020-08-01 14:27:00,-0.5216032221682099
2020-08-01 14:30:00,-0.3920161782656919
2020-08-01 14:33:00,-0.29265036442603787
2020-08-01 14:36:00,-0.49578574405711606
2020-08-01 14:39:00,-0.4930620018112677
2020-08-01 14:42:00,-0.5479403277378765
2020-08-01 14:45:00,-0.4401015403557267
2020-08-01 14:48:00,-0.39262006958932716
2020-08-01 14:51:00,-0.4000297669269912
2020-08-01 14:54:00,-0.42127735121982823
2020-08-01 14:57:00,-0.5450431546536265
2020-08-01 15:00:00,-0.5113542737996681
2020-08-01 15:03:00,-0.6157971078143305
2020-08-01 15:06:00,-0.5806473423110106
2020-08-01 15:09:00,-0.514718345350218
2020-08-01 15:12:00,-0.5870626679316047
2020-08-01 15:15:00,-0.5680668262649533
2020-08-01 15:18:00,-0.5531789809325005
2020-08-01 15:21:00,-0.5546614972124644
2020-08-01 15:24:00,-0.42540771308051717
2020-08-01 15:27:00,-0.49575110350281193
2020-08-01 15:30:00,-0.5153123692941222
2020-08-01 15:33:00,-0.5339441059505248
2020-08-01 15:36:00,-0.488953655069281
2020-08-01 15:39:00,-0.5485019223089012
2020-08-01 15:42:00,-0.5335209481614243
2020-08-01 15:45:00,-0.4351465927044842
2020-08-01 15:48:00,-0.46908003344958615
2020-08-01 15:51:00,-0.36675718496837817
2020-08-01 15:54:00,-0.4930046294709314
2020-08-01 15:57:00,-0.3150483845316785
2020-08-01 16:00:00,-0.3708340618487682
2020-08-01 16:03:00,-0.4165076829258396
2020-08-01 16:06:00,-0.5031038923338542
2020-08-01 16:09:00,-0.32933255432112674
2020-08-01 16:12:00,-0.3490112224280324
2020-08-01 16:15:00,-0.4137896350040364
2020-08-01 16:18:00,-0.47346558281662965
2020-08-01 16:21:00,-0.4535766646343973
2020-08-01 16:24:00,-0.33361349271763174
2020-08-01 16:27:00,-0.3339188919503613
2020-08-01 16:30:00,-0.5116797619253362
2020-08-01 16:33:00,-0.4689881003053529
2020-08-01 16:36:00,-0.360337003854454
2020-08-01 16:39:00,-0.40867620996380083
2020-08-01 16:42:00,-0.42422136974579416
2020-08-01 16:45:00,-0.42322742727634477
2020-08-01 16:48:00,-0.3527316119971715
2020-08-01 16:51:00,-0.41056369021612227
2020-08-01 16:54:00,-0.37260200250722164
2020-08-01 16:57:00,-0.3149357189237776
2020-08-01 17:00:00,-0.49446400230834797
2020-08-01 17:03:00,-0.4065117224187702
2020-08-01 17:06:00,-0.44120575169961285
2020-08-01 17:09:00,-0.40724557252116256
2020-08-01 17:12:00,-0.40334090638020825
2020-08-01 17:15:00,-0.41491410809533136
2020-08-01 17:18:00,-0.30588486685519456
2020-08-01 17:21:00,-0.378348603494544
2020-08-01 17:24:00,-0.3855117377918873
2020-08-01 17:27:00,-0.4837464315728539
2020-08-01 17:30:00,-0.38563423067540725
2020-08-01 17:33:00,-0.40837840016217797
2020-08-01 17:36:00,-0.41069927351134083
2020-08-01 17:39:00,-0.47858420535919777
2020-08-01 17:42:00,-0.3902753890553754
2020-08-01 17:45:00,-0.39729382906847377
2020-08-01 17:48:00,-0.44588070955336434
2020-08-01 17:51:00,-0.49288291405810014
2020-08-01 17:54:00,-0.3549215762864151
2020-08-01 17:57:00,-0.4407650831174692
2020-08-01 18:00:00,-0.3208752886525872
2020-08-01 18:03:00,-0.511861887168493
2020-08-01 18:06:00,-0.4207060825820008
2020-08-01 18:09:00,-0.33207564552554913
2020-08-01 18:12:00,-0.41612550957404437
2020-08-01 18:15:00,-0.36294634686350946
2020-08-01 18:18:00,-0.3442184728501161
2020-08-01 18:21:00,-0.4133708861804166
2020-08-01 18:24:00,-0.38610022597572424
2020-08-01 18:27:00,-0.2645329057891672
2020-08-01 18:30:00,-0.42223303002140256
2020-08-01 18:33:00,-0.34432200934344337
2020-08-01 18:36:00,-0.2472158236926134
2020-08-01 18:39:00,-0.31298789144648254
2020-08-01 18:42:00,-0.2346589592430064
2020-08-01 18:45:00,-0.20600407719268787
2020-08-01 18:48:00,-0.14321287755791445
2020-08-01 18:51:00,-0.0788986611682958
2020-08-01 18:54:00,
2020-08-01 18:57:00,
2020-08-01 19:00:00,
2020-08-01 19:03:00,-0.012617962922490733
2020-08-01 19:06:00,-0.0865835262364385
2020-08-01 19:09:00,-0.07764178472444883
2020-08-01 19:12:00,-0.029767551894792632
2020-08-01 19:15:00,0.003555047327495231
2020-08-01 19:18:00,-0.09720669010249594
2020-08-01 19:21:00,-0.02877434437351667
2020-08-01 19:24:00,0.0005955762785561092
2020-08-01 19:27:00,-0.03702921011159788
2020-08-01 19:30:00,0.058844514424094996
2020-08-01 19:33:00,-0.08069069571672571
2020-08-01 19:36:00,-0.11521396052194177
2020-08-01 19:39:00,-0.05807147267421442
2020-08-01 19:42:00,-0.09504044228964403
2020-08-01 19:45:00,-0.047594253086344906
2020-08-01 19:48:00,-0.08059592798787207
2020-08-01 19:51:00,-0.037005842761345775
2020-08-01 19:54:00,0.04313805473032062
2020-08-01 19:57:00,-0.11070601870733299
2020-08-01 20:00:00,-0.10170501270994237
2020-08-01 20:03:00,-0.04434422746550126
2020-08-01 20:06:00,0.013190299659868288
2020-08-01 20:09:00,-0.04587802066026825
2020-08-01 20:12:00,0.04951557931656225
2020-08-01 20:15:00,0.07756925811798965
2020-08-01 20:18:00,0.10135447669773612
2020-08-01 20:21:00,0.15386769935088296
2020-08-01 20:24:00,0.06856829083852745
2020-08-01 20:27:00,0.042137641598856135
2020-08-01 20:30:00,0.05316301525488143
2020-08-01 20:33:00,0.04325869266938298
2020-08-01 20:36:00,0.15657498447495755
2020-08-01 20:39:00,0.17413977826265636
2020-08-01 20:42:00,0.13306111769105655
2020-08-01 20:45:00,0.1453822967619658
2020-08-01 20:48:00,0.13745913129662313
2020-08-01 20:51:00,0.1834828983963348
2020-08-01 20:54:00,0.2578833961672444
2020-08-01 20:57:00,0.1917296014143517
2020-08-01 21:00:00,0.15002883469293238
2020-08-01 21:03:00,0.14460710958309164
2020-08-01 21:06:00,0.0710231169334179
2020-08-01 21:09:00,0.1543771490510153
2020-08-01 21:12:00,0.16069837541391507
2020-08-01 21:15:00,0.09639349577287248
2020-08-01 21:18:00,0.17652393185738902
2020-08-01 21:21:00,0.11159917892706517
2020-08-01 21:24:00,0.1898047089737247
2020-08-01 21:27:00,0.23405559953226884
2020-08-01 21:30:00,0.16665173014746415
2020-08-01 21:33:00,0.17980282114280044
2020-08-01 21:36:00,0.1616119193172949
2020-08-01 21:39:00,0.1539483881699084
2020-08-01 21:42:00,0.21130486307447427
2020-08-01 21:45:00,0.19743979440994508
2020-08-01 21:48:00,0.2058243801708386
2020-08-01 21:51:00,0.2596106409946515
2020-08-01 21:54:00,0.19550653654385997
2020-08-01 21:57:00,0.02696541046572065
2020-08-01 22:00:00,0.260704886910446
2020-08-01 22:03:00,0.18628213395692228
2020-08-01 22:06:00,0.19024246149245982
2020-08-01 22:09:00,0.2690876896267014
2020-08-01 22:12:00,0.2053117555280437
2020-08-01 22:15:00,0.0917350251905873
2020-08-01 22:18:00,0.0916175302916713
2020-08-01 22:21:00,0.1811711086971286
2020-08-01 22:24:00,0.18783551556845168
2020-08-01 22:27:00,0.16602448658818503
2020-08-01 22:30:00,0.10249995895719621
2020-08-01 22:33:00,0.3523074781064679
2020-08-01 22:36:00,0.33277590516371447
2020-08-01 22:39:00,0.24379745047190227
2020-08-01 22:42:00,0.14867590122969432
2020-08-01 22:45:00,0.20152108960269288
2020-08-01 22:48:00,0.1880063430050427
2020-08-01 22:51:00,0.14790879593192585
2020-08-01 22:54:00,0.19580281248545361
2020-08-01 22:57:00,0.14942548763235664
2020-08-01 23:00:00,0.24121984630170346
2020-08-01 23:03:00,0.2585181646554702
2020-08-01 23:06:00,0.2534977019040525
2020-08-01 23:09:00,0.08315289524625769
2020-08-01 23:12:00,0.1190018064375522
2020-08-01 23:15:00,0.13803162310404105
2020-08-01 23:18:00,0.19736159658117458
2020-08-01 23:21:00,0.1405692469958808
2020-08-01 23:24:00,0.251812989482346
2020-08-01 23:27:00,0.11911547223866137
2020-08-01 23:30:00,0.21269051018657592
2020-08-01 23:33:00,0.1145083225216581
2020-08-01 23:36:00,0.14411282774733536
2020-08-01 23:39:00,0.08273038652697551
2020-08-01 23:42:00,0.19238573317466034
2020-08-01 23:45:00,0.15555871296874102
2020-08-01 23:48:00,0.24138239744843304
2020-08-01 23:51:00,0.1542334542102708
2020-08-01 23:54:00,0.2638316922157742
2020-08-01 23:57:00,0.27214281323546174
2020-08-02 00:00:00,0.21629076178658124
2020-08-02 00:03:00,0.13577807900236394
2020-08-02 00:06:00,0.13884437902328273
2020-08-02 00:09:00,0.16362789791816112
2020-08-02 00:12:00,0.2386246787226014
2020-08-02 00:15:00,0.19502129799474233
2020-08-02 00:18:00,0.21162355696139912
2020-08-02 00:21:00,0.15140789117566555
2020-08-02 00:24:00,0.19808083577061097
2020-08-02 00:27:00,0.1726949528598425
2020-08-02 00:30:00,0.12182855219418798
2020-08-02 00:33:00,0.14532145552055908
2020-08-02 00:36:00,0.1823412816308405
2020-08-02 00:39:00,0.05964473832614203
2020-08-02 00:42:00,0.22642536687902748
2020-08-02 00:45:00,0.21489298254670075
2020-08-02 00:48:00,0.20776279058060254
2020-08-02 00:51:00,0.2039229331356296
2020-08-02 00:54:00,0.1583949317519
2020-08-02 00:57:00,0.1550041510876099
2020-08-02 01:00:00,0.2248256784855016
2020-08-02 01:03:00,0.19064879932551548
2020-08-02 01:06:00,0.23613675511859356
2020-08-02 01:09:00,0.15796535997935734
2020-08-02 01:12:00,0.18235845052072364
2020-08-02 01:15:00,0.19871404331462372
2020-08-02 01:18:00,0.23789547311463366
2020-08-02 01:21:00,0.2179620451618689
2020-08-02 01:24:00,0.06933024413262956
2020-08-02 01:27:00,0.09977546958918992
2020-08-02 01:30:00,0.1615883083393328
2020-08-02 01:33:00,0.16911831071331562
2020-08-02 01:36:00,0.25503247019094033
2020-08-02 01:39:00,0.2852030862937909
2020-08-02 01:42:00,0.08882917813485847
2020-08-02 01:45:00,0.008424246959350512
2020-08-02 01:48:00,0.1557090543119557
2020-08-02 01:51:00,0.25244105574779496
2020-08-02 01:54:00,0.1787031135023085
2020-08-02 01:57:00,0.05007184444446011
2020-08-02 02:00:00,0.2771773485644644
2020-08-02 02:03:00,0.14908639408719182
2020-08-02 02:06:00,0.1313669951420593
2020-08-02 02:09:00,0.18049501597778317
2020-08-02 02:12:00,0.15669837412116294
2020-08-02 02:15:00,0.19383667751043276
2020-08-02 02:18:00,0.11681787883372863
2020-08-02 02:21:00,0.15010378856948137
2020-08-02 02:24:00,0.23840705996468614
2020-08-02 02:27:00,0.207433510937733
2020-08-02 02:30:00,0.18883998975292116
2020-08-02 02:33:00,0.2527011999131332
2020-08-02 02:36:00,0.1877566974719116
2020-08-02 02:39:00,0.21744515896892835
2020-08-02 02:42:00,0.2148885269111247
2020-08-02 02:45:00,0.2573695531430644
2020-08-02 02:48:00,0.2656152098624034
2020-08-02 02:51:00,0.24557302914064394
2020-08-02 02:54:00,0.2838628882586818
2020-08-02 02:57:00,0.237946712933649
2020-08-02 03:00:00,0.27709664440254755
2020-08-02 03:03:00,0.38007785934007643
2020-08-02 03:06:00,0.3577054132166495
2020-08-02 03:09:00,0.2508324780828275
2020-08-02 03:12:00,0.2840635991849467
2020-08-02 03:15:00,0.3724643823783822
2020-08-02 03:18:00,0.34260298229372665
2020-08-02 03:21:00,0.2542434881556801
2020-08-02 03:24:00,0.2860926734035729
2020-08-02 03:27:00,0.30399944127356093
2020-08-02 03:30:00,0.28257255286797545
2020-08-02 03:33:00,0.2223817491974387
2020-08-02 03:36:00,0.3705218522287055
2020-08-02 03:39:00,0.2889258867572835
2020-08-02 03:42:00,0.36163991845853616
2020-08-02 03:45:00,0.29227283085509725
2020-08-02 03:48:00,0.3008215640536491
2020-08-02 03:51:00,0.36283845571642814
2020-08-02 03:54:00,0.34607352261429014
2020-08-02 03:57:00,0.3715197110718691
2020-08-02 04:00:00,0.3717893012500326
2020-08-02 04:03:00,0.36112702357456783
2020-08-02 04:06:00,0.39989163943857875
2020-08-02 04:09:00,0.3674970534813724
2020-08-02 04:12:00,0.35694369349931776
2020-08-02 04:15:00,0.37363443269919117
2020-08-02 04:18:00,0.25142590110635865
2020-08-02 04:21:00,0.3756200294044447
2020-08-02 04:24:00,0.3630158316395864
2020-08-02 04:27:00,0.4573327638995579
2020-08-02 04:30:00,0.3270410852726968
2020-08-02 04:33:00,0.3835370123841244
2020-08-02 04:36:00,0.3452739856596736
2020-08-02 04:39:00,0.32291012302772515
2020-08-02 04:42:00,0.3167700388942194
2020-08-02 04:45:00,0.4610912505237934
2020-08-02 04:48:00,0.380594127446102
2020-08-02 04:51:00,0.3955065865454799
2020-08-02 04:54:00,0.4328227590270899
2020-08-02 04:57:00,0.486610569357822
2020-08-02 05:00:00,0.37721207473055074
2020-08-02 05:03:00,0.41364783914832515
2020-08-02 05:06:00,0.46072374071246713
2020-08-02 05:09:00,0.4316262232326835
2020-08-02 05:12:00,0.32272905325271495
2020-08-02 05:15:00,0.4852885362744246
2020-08-02 05:18:00,0.3893944064455468
2020-08-02 05:21:00,0.4088924365881894
2020-08-02 05:24:00,0.45289923116604314
2020-08-02 05:27:00,0.4268249619697144
2020-08-02 05:30:00,0.339495987526675
2020-08-02 05:33:00,0.4995920449112532
2020-08-02 05:36:00,0.37429350406944195
2020-08-02 05:39:00,0.37437908620984217
2020-08-02 05:42:00,0.4235044724555337
2020-08-02 05:45:00,0.4422345253387334
2020-08-02 05:48:00,0.42308815151517365
2020-08-02 05:51:00,0.5155276144897698
2020-08-02 05:54:00,0.4070667426988166
2020-08-02 05:57:00,0.4023683863312044
2020-08-02 06:00:00,0.42969468416600876
2020-08-02 06:03:00,0.4750684992312131
2020-08-02 06:06:00,0.39272403223975516
2020-08-02 06:09:00,0.4072222624521942
2020-08-02 06:12:00,0.37744348238459224
2020-08-02 06:15:00,0.39381007105646404
2020-08-02 06:18:00,0.4816143883334689
2020-08-02 06:21:00,0.45695164374791375
2020-08-02 06:24:00,0.473687427384732
2020-08-02 06:27:00,0.5285722928784367
2020-08-02 06:30:00,0.45155587087811
2020-08-02 06:33:00,0.496788454967259
2020-08-02 06:36:00,0.5136741028388201
2020-08-02 06:39:00,0.5101912343731101
2020-08-02 06:42:00,0.5654531082740846
2020-08-02 06:45:00,0.5252911701146559
2020-08-02 06:48:00,0.5161049502033848
2020-08-02 06:51:00,0.5860953923942702
2020-08-02 06:54:00,0.48292150769827913
2020-08-02 06:57:00,0.40843749321152245
2020-08-02 07:00:00,0.45314575661808476
2020-08-02 07:03:00,0.44645450826345723
2020-08-02 07:06:00,0.5424464245893432
2020-08-02 07:09:00,0.45367456997519184
2020-08-02 07:12:00,0.4110293855982263
2020-08-02 07:15:00,0.3668955544461028
2020-08-02 07:18:00,0.5222329741033604
2020-08-02 07:21:00,0.4584714201725433
2020-08-02 07:24:00,0.45026026389177787
2020-08-02 07:27:00,0.37986817999961886
2020-08-02 07:30:00,0.4693143707359013
2020-08-02 07:33:00,0.45927777323544206
2020-08-02 07:36:00,0.39781593302421925
2020-08-02 07:39:00,0.423191842939616
2020-08-02 07:42:00,0.45282497111804787
2020-08-02 07:45:00,0.40504858237233066
2020-08-02 07:48:00,0.38768662455743197
2020-08-02 07:51:00,0.5132378150570389
2020-08-02 07:54:00,0.28236680966045924
2020-08-02 07:57:00,0.4053753018794737
2020-08-02 08:00:00,0.33011854371807203
2020-08-02 08:03:00,0.3913639657529302
2020-08-02 08:06:00,0.34503173880915483
2020-08-02 08:09:00,0.21061354831010703
2020-08-02 08:12:00,0.29799792802521097
2020-08-02 08:15:00,0.303255578740675
2020-08-02 08:18:00,0.3151219821623954
2020-08-02 08:21:00,0.302150041648531
2020-08-02 08:24:00,0.21931581508550835
2020-08-02 08:27:00,0.38164712341642826
2020-08-02 08:30:00,0.24425821122105162
2020-08-02 08:33:00,0.31402601733765323
2020-08-02 08:36:00,0.20708643880226418
2020-08-02 08:39:00,0.17133039934691396
2020-08-02 08:42:00,0.2739223139190585
2020-08-02 08:45:00,0.2530222887394302
2020-08-02 08:48:00,0.27096648149858993
2020-08-02 08:51:00,0.030228217567639604
2020-08-02 08:54:00,0.18650341471669662
2020-08-02 08:57:00,0.07102832394230063
2020-08-02 09:00:00,0.07390209417587812
2020-08-02 09:03:00,0.1603687431625076
2020-08-02 09:06:00,0.1590405608426977
2020-08-02 09:09:00,0.13049071191665007
2020-08-02 09:12:00,-0.062423311282543636
2020-08-02 09:15:00,0.06576259813232355
2020-08-02 09:18:00,-0.015252365610081142
2020-08-02 09:21:00,0.06279626632073132
2020-08-02 09:24:00,0.02917930627353371
2020-08-02 09:27:00,0.03002221095346158
2020-08-02 09:30:00,-0.07370605552546294
2020-08-02 09:33:00,-0.02242462944241197
2020-08-02 09:36:00,-0.03031834238083775
2020-08-02 09:39:00,-0.05217348124546106
2020-08-02 09:42:00,-0.10042797877969178
2020-08-02 09:45:00,-0.06658899510262017
2020-08-02 09:48:00,0.05651965073838028
2020-08-02 09:51:00,-0.10200595568755944
2020-08-02 09:54:00,-0.15994334097291585
2020-08-02 09:57:00,-0.06444096415992817
2020-08-02 10:00:00,-0.005000735441797133
2020-08-02 10:03:00,-0.08727652286256671
2020-08-02 10:06:00,-0.06861821219359854
2020-08-02 10:09:00,-0.15769718270490785
2020-08-02 10:12:00,-0.09682404274849432
2020-08-02 10:15:00,-0.05959521926621392
2020-08-02 10:18:00,-0.1118019295142858
2020-08-02 10:21:00,-0.12185992759089004
2020-08-02 10:24:00,-0.07835332685851881
2020-08-02 10:27:00,-0.029128025368322596
2020-08-02 10:30:00,-0.20709977929260504
2020-08-02 10:33:00,-0.17179319628382927
2020-08-02 10:36:00,-0.15262467215239894
2020-08-02 10:39:00,-0.15985492651708455
2020-08-02 10:42:00,-0.2346592039447728
2020-08-02 10:45:00,-0.24170006292627022
2020-08-02 10:48:00,-0.2230729973618395
2020-08-02 10:51:00,-0.1901308585870538
2020-08-02 10:54:00,-0.21558113143430546
2020-08-02 10:57:00,-0.21966258506381564
2020-08-02 11:00:00,-0.24106264614920292
2020-08-02 11:03:00,-0.25331923739611284
2020-08-02 11:06:00,-0.15971248823763062
2020-08-02 11:09:00,-0.17361163572934402
2020-08-02 11:12:00,-0.16927887305513423
2020-08-02 11:15:00,-0.23975313905890516
2020-08-02 11:18:00,-0.16098207438693635
2020-08-02 11:21:00,-0.2692662146056364
2020-08-02 11:24:00,-0.2969366486576064
2020-08-02 11:27:00,-0.2370424166595626
2020-08-02 11:30:00,-0.221713813617896
2020-08-02 11:33:00,-0.2603158617562258
2020-08-02 11:36:00,-0.2022035601648895
2020-08-02 11:39:00,-0.2260234231415552
2020-08-02 11:42:00,-0.3246817358167391
2020-08-02 11:45:00,-0.30301723503771427
2020-08-02 11:48:00,-0.30530913271599047
2020-08-02 11:51:00,-0.3226071294920416
2020-08-02 11:54:00,-0.32545416185934073
2020-08-02 11:57:00,-0.2675136054310201
2020-08-02 12:00:00,-0.38196309936211037
2020-08-02 12:03:00,-0.41779927388631677
2020-08-02 12:06:00,-0.29670116425961623
2020-08-02 12:09:00,-0.29557228807505
2020-08-02 12:12:00,-0.40547004260440644
2020-08-02 12:15:00,-0.47705255384914835
2020-08-02 12:18:00,-0.39871421305269905
2020-08-02 12:21:00,-0.4916647912672829
2020-08-02 12:24:00,-0.43041883611539333
2020-08-02 12:27:00,-0.3900206307683334
2020-08-02 12:30:00,-0.40058108744500487
2020-08-02 12:33:00,-0.3800560856407742
2020-08-02 12:36:00,-0.2128542950194401
2020-08-02 12:39:00,-0.3248860017117181
2020-08-02 12:42:00,-0.35340495118379067
2020-08-02 12:45:00,-0.3306109077064434
2020-08-02 12:48:00,-0.32626131388940394
2020-08-02 12:51:00,-0.3088098307313203
2020-08-02 12:54:00,-0.336399087347786
2020-08-02 12:57:00,-0.382971720031378
2020-08-02 13:00:00,-0.2150562015496007
2020-08-02 13:03:00,-0.3872866612662733
2020-08-02 13:06:00,-0.46346929126013947
2020-08-02 13:09:00,-0.4023134676340874
2020-08-02 13:12:00,-0.2974076895075086
2020-08-02 13:15:00,-0.3042337125893937
2020-08-02 13:18:00,-0.4097458667764613
2020-08-02 13:21:00,-0.3067479403422908
2020-08-02 13:24:00,-0.3725145866495154
2020-08-02 13:27:00,-0.3685615855112587
2020-08-02 13:30:00,-0.34839936485354883
2020-08-02 13:33:00,-0.40940746026063835
2020-08-02 13:36:00,-0.3140695392896191
2020-08-02 13:39:00,-0.3966635757238919
2020-08-02 13:42:00,-0.4296671638358589
2020-08-02 13:45:00,-0.38637035459913704
2020-08-02 13:48:00,-0.37807774627810886
2020-08-02 13:51:00,-0.3003075701188891
2020-08-02 13:54:00,-0.49195562404423754
2020-08-02 13:57:00,-0.41068007889577984
2020-08-02 14:00:00,-0.43183628248783634
2020-08-02 14:03:00,-0.358548645202859
2020-08-02 14:06:00,-0.40118792455257335
2020-08-02 14:09:00,-0.3587231537366051
2020-08-02 14:12:00,-0.3629966194411054
2020-08-02 14:15:00,-0.44545171790827
2020-08-02 14:18:00,-0.3681670796852927
2020-08-02 14:21:00,-0.4367975704702758
2020-08-02 14:24:00,-0.37270565491968455
2020-08-02 14:27:00,-0.46453196713923717
2020-08-02 14:30:00,-0.42695271726267947
2020-08-02 14:33:00,-0.31571565774987675
2020-08-02 14:36:00,-0.4139715722920414
2020-08-02 14:39:00,-0.5052172616749431
2020-08-02 14:42:00,-0.40250864498932515
2020-08-02 14:45:00,-0.3393882909816739
2020-08-02 14:48:00,-0.41548076270311185
2020-08-02 14:51:00,-0.35944986135439194
2020-08-02 14:54:00,-0.31652480363072755
2020-08-02 14:57:00,-0.3689231837198008
2020-08-02 15:00:00,-0.5457773328957387
2020-08-02 15:03:00,-0.2939518500251097
2020-08-02 15:06:00,-0.3726077552531706
2020-08-02 15:09:00,-0.352736212414527
2020-08-02 15:12:00,-0.45129507115797196
2020-08-02 15:15:00,-0.3913654004426803
2020-08-02 15:18:00,-0.45239386976163587
2020-08-02 15:21:00,-0.3909921971599033
2020-08-02 15:24:00,-0.40822163916232057
2020-08-02 15:27:00,-0.37906605852509756
2020-08-02 15:30:00,-0.3725695266585376
2020-08-02 15:33:00,-0.3911063966793904
2020-08-02 15:36:00,-0.40385890783721834
2020-08-02 15:39:00,-0.5015396548166677
2020-08-02 15:42:00,-0.4706355727754499
2020-08-02 15:45:00,-0.4375412176305531
2020-08-02 15:48:00,-0.500415732558281
2020-08-02 15:51:00,-0.33599995096034263
2020-08-02 15:54:00,-0.3742710754033851
2020-08-02 15:57:00,-0.38730548966123024
2020-08-02 16:00:00,-0.4077557905073945
2020-08-02 16:03:00,-0.3837279042660384
2020-08-02 16:06:00,-0.2754180988480357
2020-08-02 16:09:00,-0.34751631801168514
2020-08-02 16:12:00,-0.36948277234137095
2020-08-02 16:15:00,-0.4325078532190787
2020-08-02 16:18:00,-0.5400268373593349
2020-08-02 16:21:00,-0.5064684776684771
2020-08-02 16:24:00,-0.4462432330172419
2020-08-02 16:27:00,-0.4474461575624673
2020-08-02 16:30:00,-0.4108247994107046
2020-08-02 16:33:00,-0.33974499931377977
2020-08-02 16:36:00,-0.4157130074419797
2020-08-02 16:39:00,-0.3486395776301947
2020-08-02 16:42:00,-0.4396430710980326
2020-08-02 16:45:00,-0.4300470741284812
2020-08-02 16:48:00,-0.39091197773677777
2020-08-02 16:51:00,-0.44185552366110414
2020-08-02 16:54:00,-0.364096715777805
2020-08-02 16:57:00,-0.42517781171579827
2020-08-02 17:00:00,-0.36088828056273314
2020-08-02 17:03:00,-0.46967558782387187
2020-08-02 17:06:00,-0.42443393859332446
2020-08-02 17:09:00,-0.35876725790842556
2020-08-02 17:12:00,-0.344715330044437
2020-08-02 17:15:00,-0.3172608500516958
2020-08-02 17:18:00,-0.3497598082076365
2020-08-02 17:21:00,-0.31640667490478336
2020-08-02 17:24:00,-0.4438164998318257
2020-08-02 17:27:00,-0.41364475248303734
2020-08-02 17:30:00,-0.5072172144202227
2020-08-02 17:33:00,-0.29060275130672153
2020-08-02 17:36:00,-0.28098853865719775
2020-08-02 17:39:00,-0.3193795871823113
2020-08-02 17:42:00,-0.30063566361980065
2020-08-02 17:45:00,-0.3034748809594703
2020-08-02 17:48:00,-0.2293016420726417
2020-08-02 17:51:00,-0.23735635245378717
2020-08-02 17:54:00,-0.3139833694522167
2020-08-02 17:57:00,-0.25843980134578715
2020-08-02 18:00:00,-0.40710674742115316
2020-08-02 18:03:00,-0.29674595092444633
2020-08-02 18:06:00,-0.28204719574239334
2020-08-02 18:09:00,-0.3666712599761013
2020-08-02 18:12:00,-0.21487187245281802
2020-08-02 18:15:00,-0.18110816156593046
2020-08-02 18:18:00,-0.28438341294304337
2020-08-02 18:21:00,-0.3278647337456846
2020-08-02 18:24:00,-0.22285656430881318
2020-08-02 18:27:00,-0.1879856315402435
2020-08-02 18:30:00,-0.2036701544313928
2020-08-02 18:33:00,-0.22652646836172607
2020-08-02 18:36:00,-0.1998359920247026
2020-08-02 18:39:00,-0.2944249250277835
2020-08-02 18:42:00,-0.2909739951249435
2020-08-02 18:45:00,-0.1773715390262396
2020-08-02 18:48:00,-0.19830124608648703
2020-08-02 18:51:00,-0.24182021528594078
2020-08-02 18:54:00,
2020-08-02 18:57:00,
2020-08-02 19:00:00,
2020-08-02 19:03:00,0.005884252535167889
2020-08-02 19:06:00,-0.09383908950678688
2020-08-02 19:09:00,-0.08919046030268873
2020-08-02 19:12:00,-0.09239937291039269
2020-08-02 19:15:00,0.0435874815882471
2020-08-02 19:18:00,-0.05626928581108359
2020-08-02 19:21:00,-0.014926860315597423
2020-08-02 19:24:00,0.04386542192810339
2020-08-02 19:27:00,-0.01816191329078265
2020-08-02 19:30:00,0.030532344202981676
2020-08-02 19:33:00,0.0126273098591696
2020-08-02 19:36:00,-0.029595469485627746
2020-08-02 19:39:00,0.0006529002434376707
2020-08-02 19:42:00,0.025849083501100267
2020-08-02 19:45:00,-0.04255413686109932
2020-08-02 19:48:00,-0.0716817168893158
2020-08-02 19:51:00,-0.12896006063255072
2020-08-02 19:54:00,-0.10038953528504635
2020-08-02 19:57:00,-0.11967749828232854
2020-08-02 20:00:00,-0.14382868202972077
2020-08-02 20:03:00,-0.09789177241771085
2020-08-02 20:06:00,-0.1658422658383074
2020-08-02 20:09:00,-0.028328122955542767
2020-08-02 20:12:00,-0.05162180231309321
2020-08-02 20:15:00,0.0072193340933495165
2020-08-02 20:18:00,-0.11203969632930466
2020-08-02 20:21:00,-0.12810428777942207
2020-08-02 20:24:00,-0.16657533884000486
2020-08-02 20:27:00,0.06444251884676078
2020-08-02 20:30:00,-0.09586268400386189
2020-08-02 20:33:00,-0.006669567971357537
2020-08-02 20:36:00,0.024062721657344355
2020-08-02 20:39:00,-0.05545726706179721
2020-08-02 20:42:00,0.03479667898545813
2020-08-02 20:45:00,-0.021063685435819934
2020-08-02 20:48:00,0.045674071591122356
2020-08-02 20:51:00,0.08004495326326833
2020-08-02 20:54:00,0.15863027426780718
2020-08-02 20:57:00,0.09082584177355102
2020-08-02 21:00:00,0.08989329240449706
2020-08-02 21:03:00,0.08024686662957947
2020-08-02 21:06:00,0.02689461221171996
2020-08-02 21:09:00,0.19528792269107953
2020-08-02 21:12:00,0.2333663798674479
2020-08-02 21:15:00,0.24732455949094856
2020-08-02 21:18:00,0.17795967562653914
2020-08-02 21:21:00,0.21000422748687697
2020-08-02 21:24:00,0.13027201939615907
2020-08-02 21:27:00,0.23496569267859968
2020-08-02 21:30:00,0.18949624764184136
2020-08-02 21:33:00,0.23777431708197128
2020-08-02 21:36:00,0.19252208947233385
2020-08-02 21:39:00,0.21998440709074885
2020-08-02 21:42:00,0.239135761508237
2020-08-02 21:45:00,0.17372816205818253
2020-08-02 21:48:00,0.16814443176548366
2020-08-02 21:51:00,0.13516965240580703
2020-08-02 21:54:00,0.20457148410429227
2020-08-02 21:57:00,0.17751724756004705
2020-08-02 22:00:00,0.2120919421902272
2020-08-02 22:03:00,0.20414256429444322
2020-08-02 22:06:00,0.15600200587317659
2020-08-02 22:09:00,0.26211373751920064
2020-08-02 22:12:00,0.2118160894061134
2020-08-02 22:15:00,0.1783657533271139
2020-08-02 22:18:00,0.18601133829821492
2020-08-02 22:21:00,0.21719857142886667
2020-08-02 22:24:00,0.1421171977418112
2020-08-02 22:27:00,0.0838171482800476
2020-08-02 22:30:00,0.06579897064256102
2020-08-02 22:33:00,0.1995109360988181
2020-08-02 22:36:00,0.13433887840824354
2020-08-02 22:39:00,0.1868697636122647
2020-08-02 22:42:00,0.1562128060586474
2020-08-02 22:45:00,0.16459564497898782
2020-08-02 22:48:00,0.109055119264724
2020-08-02 22:51:00,0.17388642083449213
2020-08-02 22:54:00,0.18394061674979412
2020-08-02 22:57:00,0.1949524286874862
2020-08-02 23:00:00,0.014825944844119476
2020-08-02 23:03:00,0.24260345438915465
2020-08-02 23:06:00,0.12312720710571057
2020-08-02 23:09:00,0.13409143812339153
2020-08-02 23:12:00,0.04052002166474722
2020-08-02 23:15:00,0.046960179262498514
2020-08-02 23:18:00,0.012936641105966373
2020-08-02 23:21:00,0.033530270770484094
2020-08-02 23:24:00,0.20476037485650522
2020-08-02 23:27:00,0.12185529968417086
2020-08-02 23:30:00,0.10338849054511456
2020-08-02 23:33:00,0.017980707427568632
2020-08-02 23:36:00,0.07910396963859512
2020-08-02 23:39:00,0.11645590049568
2020-08-02 23:42:00,0.15513118704240014
2020-08-02 23:45:00,0.10804532802814037
2020-08-02 23:48:00,0.04858522640699903
2020-08-02 23:51:00,0.1343361359447499
2020-08-02 23:54:00,0.18982080436057913
2020-08-02 23:57:00,0.04960515169273094
2020-08-03 00:00:00,0.08672669977471514
2020-08-03 00:03:00,0.09690988525471766
2020-08-03 00:06:00,-0.001019804360737453
2020-08-03 00:09:00,-0.010906500021803822
2020-08-03 00:12:00,0.13506627622012957
2020-08-03 00:15:00,0.08727808787142521
2020-08-03 00:18:00,0.1672391164271403
2020-08-03 00:21:00,0.17362028885264635
2020-08-03 00:24:00,0.16419060878638447
2020-08-03 00:27:00,0.10302556595530632
2020-08-03 00:30:00,0.15525532317400348
2020-08-03 00:33:00,0.1341979594615168
2020-08-03 00:36:00,0.09481443241480747
2020-08-03 00:39:00,0.1464403901999276
2020-08-03 00:42:00,0.2230518279163789
2020-08-03 00:45:00,0.12115180303283068
2020-08-03 00:48:00,0.15609190535070638
2020-08-03 00:51:00,0.16749289329447947
2020-08-03 00:54:00,0.2754132317829203
2020-08-03 00:57:00,0.13703390801669002
2020-08-03 01:00:00,0.1265745726516343
2020-08-03 01:03:00,0.18384430596898937
2020-08-03 01:06:00,0.07763887380798451
2020-08-03 01:09:00,0.11041038965419148
2020-08-03 01:12:00,0.019662101074573002
2020-08-03 01:15:00,0.04873786208116826
2020-08-03 01:18:00,0.1241147093318773
2020-08-03 01:21:00,0.2004102902067757
2020-08-03 01:24:00,0.01963389234794022
2020-08-03 01:27:00,0.056367913661745206
2020-08-03 01:30:00,0.15101233114893375
2020-08-03 01:33:00,0.18927175554898668
2020-08-03 01:36:00,0.11995351337878901
2020-08-03 01:39:00,0.20820095523168902
2020-08-03 01:42:00,0.10003978727826279
2020-08-03 01:45:00,0.054812066346187294
2020-08-03 01:48:00,0.19118392143548135
2020-08-03 01:51:00,0.09728473663176374
2020-08-03 01:54:00,0.11811014551369681
2020-08-03 01:57:00,0.11616169792523579
2020-08-03 02:00:00,0.027414759493865404
2020-08-03 02:03:00,0.15338657296257452
2020-08-03 02:06:00,0.15199600920243483
2020-08-03 02:09:00,0.1274198881616826
2020-08-03 02:12:00,0.09856189554125194
2020-08-03 02:15:00,0.09164317308994896
2020-08-03 02:18:00,0.15037182563298757
2020-08-03 02:21:00,0.2020504208616103
2020-08-03 02:24:00,0.1373172646502212
2020-08-03 02:27:00,0.10350162625150006
2020-08-03 02:30:00,0.1483254034223478
2020-08-03 02:33:00,0.20128780374722055
2020-08-03 02:36:00,0.12385256597497118
2020-08-03 02:39:00,0.17269939045746696
2020-08-03 02:42:00,0.12164033514113726
2020-08-03 02:45:00,0.09257333379599686
2020-08-03 02:48:00,0.12214390733669234
2020-08-03 02:51:00,0.19324398650877583
2020-08-03 02:54:00,0.18942862917924685
2020-08-03 02:57:00,0.19822394386369524
2020-08-03 03:00:00,0.2204564427217406
2020-08-03 03:03:00,0.16888114280311584
2020-08-03 03:06:00,0.1877787361937635
2020-08-03 03:09:00,0.20712647445509447
2020-08-03 03:12:00,0.21570127806046457
2020-08-03 03:15:00,0.1940441113949305
2020-08-03 03:18:00,0.20789480898207557
2020-08-03 03:21:00,0.0961769164917996
2020-08-03 03:24:00,0.12307164063679465
2020-08-03 03:27:00,0.07792791920741138
2020-08-03 03:30:00,0.14557853739830762
2020-08-03 03:33:00,0.12558481097090635
2020-08-03 03:36:00,0.12822407622832088
2020-08-03 03:39:00,0.1240741070829472
2020-08-03 03:42:00,0.1353857651493513
2020-08-03 03:45:00,0.1534764898158869
2020-08-03 03:48:00,0.10502534656757234
2020-08-03 03:51:00,0.07301880078807699
2020-08-03 03:54:00,0.09533896166101385
2020-08-03 03:57:00,0.15682287555461016
2020-08-03 04:00:00,-0.001891521318384548
2020-08-03 04:03:00,0.061471430739118205
2020-08-03 04:06:00,0.12601683137296504
2020-08-03 04:09:00,0.2063619415517337
2020-08-03 04:12:00,0.14415664539086492
2020-08-03 04:15:00,0.15428131373516862
2020-08-03 04:18:00,0.15788193326932287
2020-08-03 04:21:00,0.15523773328266088
2020-08-03 04:24:00,0.20987928406242418
2020-08-03 04:27:00,0.11119608218893973
2020-08-03 04:30:00,0.16209831043812528
2020-08-03 04:33:00,0.12420493635323737
2020-08-03 04:36:00,0.18952256969686232
2020-08-03 04:39:00,0.14859185355538784
2020-08-03 04:42:00,0.17747330220055346
2020-08-03 04:45:00,0.1598120459629513
2020-08-03 04:48:00,0.2055099273363794
2020-08-03 04:51:00,0.18257821449805078
2020-08-03 04:54:00,0.2573742595920976
2020-08-03 04:57:00,0.15422015786532484
2020-08-03 05:00:00,0.16535545730317835
2020-08-03 05:03:00,0.16289570070421178
2020-08-03 05:06:00,0.1822769096529555
2020-08-03 05:09:00,0.18209842438773194
2020-08-03 05:12:00,0.1507342661770963
2020-08-03 05:15:00,0.20455462971278848
2020-08-03 05:18:00,0.20173150878343904
2020-08-03 05:21:00,0.25855934329973707
2020-08-03 05:24:00,0.2859520282211747
2020-08-03 05:27:00,0.26888758525046796
2020-08-03 05:30:00,0.20532515446313937
2020-08-03 05:33:00,0.31187415291429943
2020-08-03 05:36:00,0.20643956696579835
2020-08-03 05:39:00,0.24123316140196494
2020-08-03 05:42:00,0.21136706771540048
2020-08-03 05:45:00,0.24086291217611233
2020-08-03 05:48:00,0.22393075760072634
2020-08-03 05:51:00,0.3680890948321007
2020-08-03 05:54:00,0.17344435819552473
2020-08-03 05:57:00,0.29102845382419673
2020-08-03 06:00:00,0.28142834242385106
2020-08-03 06:03:00,0.35635806769687406
2020-08-03 06:06:00,0.26113107944928515
2020-08-03 06:09:00,0.22980555511850298
2020-08-03 06:12:00,0.23943245407065206
2020-08-03 06:15:00,0.3258015097125053
2020-08-03 06:18:00,0.36046269026815025
2020-08-03 06:21:00,0.3493097024345957
2020-08-03 06:24:00,0.3518439607977939
2020-08-03 06:27:00,0.40051306962385524
2020-08-03 06:30:00,0.3762258840452546
2020-08-03 06:33:00,0.40466910622689056
2020-08-03 06:36:00,0.3661639551212943
2020-08-03 06:39:00,0.39974515007440914
2020-08-03 06:42:00,0.3742417572511272
2020-08-03 06:45:00,0.3846425047184425
2020-08-03 06:48:00,0.3659190053146517
2020-08-03 06:51:00,0.38434176708159384
2020-08-03 06:54:00,0.2770754716186161
2020-08-03 06:57:00,0.34425340836367013
2020-08-03 07:00:00,0.41342826670819477
2020-08-03 07:03:00,0.43547648065691646
2020-08-03 07:06:00,0.3274458589607434
2020-08-03 07:09:00,0.31525111691075836
2020-08-03 07:12:00,0.42963448688055905
2020-08-03 07:15:00,0.29662867767092393
2020-08-03 07:18:00,0.34632478601258754
2020-08-03 07:21:00,0.31917722391693815
2020-08-03 07:24:00,0.3474734907126731
2020-08-03 07:27:00,0.28503047898522027
2020-08-03 07:30:00,0.4294855797879791
2020-08-03 07:33:00,0.33490341500737486
2020-08-03 07:36:00,0.42397792967540227
2020-08-03 07:39:00,0.2548563128506771
2020-08-03 07:42:00,0.31700328277457857
2020-08-03 07:45:00,0.36264516797433544
2020-08-03 07:48:00,0.2717159377814937
2020-08-03 07:51:00,0.34101967741548833
2020-08-03 07:54:00,0.3107831059143109
2020-08-03 07:57:00,0.2924184751448706
2020-08-03 08:00:00,0.3116300028542014
2020-08-03 08:03:00,0.49216098829521115
2020-08-03 08:06:00,0.30078622708970215
2020-08-03 08:09:00,0.29305348683919874
2020-08-03 08:12:00,0.27050044784249394
2020-08-03 08:15:00,0.27325806394435403
2020-08-03 08:18:00,0.3743987273008429
2020-08-03 08:21:00,0.2559701330373514
2020-08-03 08:24:00,0.27013796022185943
2020-08-03 08:27:00,0.2921310445698282
2020-08-03 08:30:00,0.30190648566974687
2020-08-03 08:33:00,0.2474062629168543
2020-08-03 08:36:00,0.24421999920969029
2020-08-03 08:39:00,0.1932825454456406
2020-08-03 08:42:00,0.1766189545057273
2020-08-03 08:45:00,0.23540791263008032
2020-08-03 08:48:00,0.23483065711883455
2020-08-03 08:51:00,0.2602766077020533
2020-08-03 08:54:00,0.26821562646557595
2020-08-03 08:57:00,0.22452496714294057
2020-08-03 09:00:00,0.19994167644478011
2020-08-03 09:03:00,0.20408148943965898
2020-08-03 09:06:00,0.14069726147965866
2020-08-03 09:09:00,0.15625609893015735
2020-08-03 09:12:00,0.15274779176877473
2020-08-03 09:15:00,0.04311493147207557
2020-08-03 09:18:00,0.03924815803600268
2020-08-03 09:21:00,0.06084072104869165
2020-08-03 09:24:00,0.11680587702426237
2020-08-03 09:27:00,0.07902374248567412
2020-08-03 09:30:00,0.1364543509350824
2020-08-03 09:33:00,0.17441782955705776
2020-08-03 09:36:00,0.14973520783183858
2020-08-03 09:39:00,0.09442222449956716
2020-08-03 09:42:00,0.1589494395238944
2020-08-03 09:45:00,0.050716525688926595
2020-08-03 09:48:00,0.11026577584385677
2020-08-03 09:51:00,0.02813417447214306
2020-08-03 09:54:00,0.11935824775264336
2020-08-03 09:57:00,0.02125644728982934
2020-08-03 10:00:00,0.09648369762845732
2020-08-03 10:03:00,-0.07037105445397174
2020-08-03 10:06:00,0.026046343013547357
2020-08-03 10:09:00,0.03563480996155022
2020-08-03 10:12:00,-0.040361512688093626
2020-08-03 10:15:00,0.04248944566688806
2020-08-03 10:18:00,0.03278483340835692
2020-08-03 10:21:00,0.016612164955233766
2020-08-03 10:24:00,-0.04916259112206944
2020-08-03 10:27:00,-0.07120634559424843
2020-08-03 10:30:00,-0.13143156404981937
2020-08-03 10:33:00,0.03499877478230928
2020-08-03 10:36:00,-0.031583447448724655
2020-08-03 10:39:00,-0.08507628091706465
2020-08-03 10:42:00,-0.12934951355390467
2020-08-03 10:45:00,-0.028116355337374443
2020-08-03 10:48:00,-0.08848134150201759
2020-08-03 10:51:00,-0.1123335982356366
2020-08-03 10:54:00,0.07267973368794856
2020-08-03 10:57:00,-0.007956665072697433
2020-08-03 11:00:00,0.0003138586644126917
2020-08-03 11:03:00,-0.041484587737954826
2020-08-03 11:06:00,-0.19308342421311409
2020-08-03 11:09:00,-0.08061799215255405
2020-08-03 11:12:00,-0.09290297887213228
2020-08-03 11:15:00,-0.09640919507404533
2020-08-03 11:18:00,-0.10089030190840731
2020-08-03 11:21:00,-0.14673739997238044
2020-08-03 11:24:00,-0.16728748032630847
2020-08-03 11:27:00,-0.20847869141471165
2020-08-03 11:30:00,-0.14724953759503023
2020-08-03 11:33:00,-0.07204918643765268
2020-08-03 11:36:00,-0.045437649951281855
2020-08-03 11:39:00,-0.1277749773147434
2020-08-03 11:42:00,-0.1536720545470871
2020-08-03 11:45:00,-0.1961374466393977
2020-08-03 11:48:00,-0.1630952082534236
2020-08-03 11:51:00,-0.21321707928586875
2020-08-03 11:54:00,-0.15338406147890282
2020-08-03 11:57:00,-0.24694248166900934
2020-08-03 12:00:00,-0.24950582158800216
2020-08-03 12:03:00,-0.2314948005853239
2020-08-03 12:06:00,-0.26005188733375917
2020-08-03 12:09:00,-0.2671086424942928
2020-08-03 12:12:00,-0.2906600917202695
2020-08-03 12:15:00,-0.15684346278192152
2020-08-03 12:18:00,-0.3619759812684151
2020-08-03 12:21:00,-0.17348708313545558
2020-08-03 12:24:00,-0.3004234383682274
2020-08-03 12:27:00,-0.3146862577813181
2020-08-03 12:30:00,-0.27085851187717935
2020-08-03 12:33:00,-0.3516027527437018
2020-08-03 12:36:00,-0.3968489201649277
2020-08-03 12:39:00,-0.2989266527981158
2020-08-03 12:42:00,-0.3126608272328326
2020-08-03 12:45:00,-0.20657331038472648
2020-08-03 12:48:00,-0.4058661578708893
2020-08-03 12:51:00,-0.3646536741646287
2020-08-03 12:54:00,-0.42853157918494844
2020-08-03 12:57:00,-0.29560980621931776
2020-08-03 13:00:00,-0.26482585982915907
2020-08-03 13:03:00,-0.4417096431929508
2020-08-03 13:06:00,-0.46427303803676523
2020-08-03 13:09:00,-0.4166123293888404
2020-08-03 13:12:00,-0.43101420599589346
2020-08-03 13:15:00,-0.36368093581336325
2020-08-03 13:18:00,-0.3840246149665063
2020-08-03 13:21:00,-0.49354902420634517
2020-08-03 13:24:00,-0.4793644971786648
2020-08-03 13:27:00,-0.4605964510992635
2020-08-03 13:30:00,-0.40954292212273913
2020-08-03 13:33:00,-0.39692614148816574
2020-08-03 13:36:00,-0.49002397980041223
2020-08-03 13:39:00,-0.4809736264390949
2020-08-03 13:42:00,-0.4965480068339616
2020-08-03 13:45:00,-0.36862790994672423
2020-08-03 13:48:00,-0.3297194509454471
2020-08-03 13:51:00,-0.3440887306278455
2020-08-03 13:54:00,-0.19278536629923337
2020-08-03 13:57:00,-0.3825385778432633
2020-08-03 14:00:00,-0.33851792215023124
2020-08-03 14:03:00,-0.30751115102867743
2020-08-03 14:06:00,-0.4419124965588139
2020-08-03 14:09:00,-0.4578331090775123
2020-08-03 14:12:00,-0.17972130327387958
2020-08-03 14:15:00,0.08817233670345104
2020-08-03 14:18:00,0.0782051305362188
2020-08-03 14:21:00,0.007491232122504243
2020-08-03 14:24:00,-0.24014195414798678
2020-08-03 14:27:00,-0.21224614780902584
2020-08-03 14:30:00,-0.057762540822636765
2020-08-03 14:33:00,-0.13399316602453837
2020-08-03 14:36:00,-0.07801075973594607
2020-08-03 14:39:00,-0.020897401465617804
2020-08-03 14:42:00,0.02747113578976723
2020-08-03 14:45:00,-0.09841992337385363
2020-08-03 14:48:00,-0.14253733413119107
2020-08-03 14:51:00,-0.07627609310770822
2020-08-03 14:54:00,-0.2926270316645514
2020-08-03 14:57:00,-0.5337492778101023
2020-08-03 15:00:00,-0.5050244668853452
2020-08-03 15:03:00,-0.43171795388406053
2020-08-03 15:06:00,-0.37278356711027527
2020-08-03 15:09:00,-0.4699950372304329
2020-08-03 15:12:00,-0.4348699369760993
2020-08-03 15:15:00,-0.23617858678346693
2020-08-03 15:18:00,-0.21645811226647993
2020-08-03 15:21:00,-0.24851436405668892
2020-08-03 15:24:00,-0.30533996518425965
2020-08-03 15:27:00,-0.23778910965086197
2020-08-03 15:30:00,-0.34953273045766764
2020-08-03 15:33:00,-0.42832626859848233
2020-08-03 15:36:00,-0.4184606826256072
2020-08-03 15:39:00,-0.45863940151650695
2020-08-03 15:42:00,-0.5502406515220741
2020-08-03 15:45:00,-0.1949119871651419
2020-08-03 15:48:00,-0.25373355964109123
2020-08-03 15:51:00,-0.49111585129679725
2020-08-03 15:54:00,-0.4282958428849497
2020-08-03 15:57:00,-0.49306332554812116
2020-08-03 16:00:00,-0.43966603984966923
2020-08-03 16:03:00,-0.4388769905508525
2020-08-03 16:06:00,-0.486373442236129
2020-08-03 16:09:00,-0.42183452679682887
2020-08-03 16:12:00,-0.5059809725521518
2020-08-03 16:15:00,-0.5530558256321569
2020-08-03 16:18:00,-0.5369342208885541
2020-08-03 16:21:00,-0.5172072966133214
2020-08-03 16:24:00,-0.5355179680760216
2020-08-03 16:27:00,-0.4572858048631474
2020-08-03 16:30:00,-0.494150689377193
2020-08-03 16:33:00,-0.5694830444284094
2020-08-03 16:36:00,-0.47725094508746224
2020-08-03 16:39:00,-0.5009388697878308
2020-08-03 16:42:00,-0.3981316923143936
2020-08-03 16:45:00,-0.3998961883866059
2020-08-03 16:48:00,-0.4889147973484569
2020-08-03 16:51:00,-0.4113862332482654
2020-08-03 16:54:00,-0.3841260357842202
2020-08-03 16:57:00,-0.31603908064022335
2020-08-03 17:00:00,-0.26294202742184325
2020-08-03 17:03:00,-0.17598394116049576
2020-08-03 17:06:00,-0.3897352333261779
2020-08-03 17:09:00,-0.23059959504200833
2020-08-03 17:12:00,-0.2004021353545795
2020-08-03 17:15:00,-0.23393454851969864
2020-08-03 17:18:00,-0.23022755922619353
2020-08-03 17:21:00,-0.22813008495461418
2020-08-03 17:24:00,-0.2679361436588579
2020-08-03 17:27:00,-0.24301183964695383
2020-08-03 17:30:00,-0.3780071177509967
2020-08-03 17:33:00,-0.30810963698206706
2020-08-03 17:36:00,-0.27252417740567125
2020-08-03 17:39:00,-0.21190422883603333
2020-08-03 17:42:00,-0.24140396902544126
2020-08-03 17:45:00,-0.20976743290987088
2020-08-03 17:48:00,-0.12448238352527596
2020-08-03 17:51:00,-0.2796940450517127
2020-08-03 17:54:00,-0.18184960649489312
2020-08-03 17:57:00,-0.3406169794393463
2020-08-03 18:00:00,-0.33112681292811885
2020-08-03 18:03:00,-0.3067114613414219
2020-08-03 18:06:00,-0.28173401448378854
2020-08-03 18:09:00,-0.31096242850998124
2020-08-03 18:12:00,-0.33832343629273964
2020-08-03 18:15:00,-0.30897984613682183
2020-08-03 18:18:00,-0.2445868943140681
2020-08-03 18:21:00,-0.35420506527896123
2020-08-03 18:24:00,-0.30932972452944796
2020-08-03 18:27:00,-0.33275193031244044
2020-08-03 18:30:00,-0.2209409263396651
2020-08-03 18:33:00,-0.18130121239522623
2020-08-03 18:36:00,-0.17361518473086335
2020-08-03 18:39:00,-0.20471443871048223
2020-08-03 18:42:00,-0.2551468811823838
2020-08-03 18:45:00,-0.2655098046549824
2020-08-03 18:48:00,-0.20355063717562416
2020-08-03 18:51:00,-0.13212971773646132
2020-08-03 18:54:00,
2020-08-03 18:57:00,
2020-08-03 19:00:00,
2020-08-03 19:03:00,-0.08187908949690836
2020-08-03 19:06:00,-0.11839275345425904
2020-08-03 19:09:00,-0.1118739920636358
2020-08-03 19:12:00,-0.19852068669405298
2020-08-03 19:15:00,-0.07821779508253712
2020-08-03 19:18:00,-0.07745556977607748
2020-08-03 19:21:00,-0.04741797767269418
2020-08-03 19:24:00,-0.06582970432469892
2020-08-03 19:27:00,-0.17314468570481267
2020-08-03 19:30:00,-0.014115336712109183
2020-08-03 19:33:00,-0.03508487498265822
2020-08-03 19:36:00,-0.06861338108490145
2020-08-03 19:39:00,-0.08530532383554146
2020-08-03 19:42:00,-0.039368045987032474
2020-08-03 19:45:00,-0.10910436811548152
2020-08-03 19:48:00,0.03376219927309876
2020-08-03 19:51:00,-0.02068122586916843
2020-08-03 19:54:00,0.06285558812493264
2020-08-03 19:57:00,-0.03824792620963535
2020-08-03 20:00:00,0.031492335463155996
2020-08-03 20:03:00,-0.022150522044796617
2020-08-03 20:06:00,0.03837855335768836
2020-08-03 20:09:00,0.01767138599041118
2020-08-03 20:12:00,0.015875910708189167
2020-08-03 20:15:00,0.16656796310371647
2020-08-03 20:18:00,0.04744638465291473
2020-08-03 20:21:00,0.06538385512095601
2020-08-03 20:24:00,0.11429433368493847
2020-08-03 20:27:00,0.061492477486240205
2020-08-03 20:30:00,0.04033810615140965
2020-08-03 20:33:00,0.13900533102417967
2020-08-03 20:36:00,-0.0214192048834434
2020-08-03 20:39:00,0.09755559884212062
2020-08-03 20:42:00,0.03983712704211939
2020-08-03 20:45:00,0.060503967329111674
2020-08-03 20:48:00,-0.014799394027704693
2020-08-03 20:51:00,0.011010052215283395
2020-08-03 20:54:00,0.01078068602703297
2020-08-03 20:57:00,0.07412965881769651
2020-08-03 21:00:00,0.030312920255653353
2020-08-03 21:03:00,0.014624022267696546
2020-08-03 21:06:00,0.08451137533546671
2020-08-03 21:09:00,0.05151784355791733
2020-08-03 21:12:00,0.03950494855428133
2020-08-03 21:15:00,0.03633324454420972
2020-08-03 21:18:00,0.001637660829203469
2020-08-03 21:21:00,0.04716274242088048
2020-08-03 21:24:00,0.10261133979543047
2020-08-03 21:27:00,0.04811370567091444
2020-08-03 21:30:00,0.04741805447480374
2020-08-03 21:33:00,-0.03477642582470253
2020-08-03 21:36:00,0.11901417639245437
2020-08-03 21:39:00,0.06884417394633147
2020-08-03 21:42:00,0.02743371579470022
2020-08-03 21:45:00,0.12297990252278623
2020-08-03 21:48:00,0.16743231728662522
2020-08-03 21:51:00,0.04423023923556002
2020-08-03 21:54:00,0.010541165941788222
2020-08-03 21:57:00,0.12149824766311212
2020-08-03 22:00:00,0.05733202687645189
2020-08-03 22:03:00,0.05372750094636558
2020-08-03 22:06:00,0.2234285708939865
2020-08-03 22:09:00,0.12941044974667193
2020-08-03 22:12:00,0.11896303414476961
2020-08-03 22:15:00,0.028722053426690763
2020-08-03 22:18:00,0.09110492536132142
2020-08-03 22:21:00,-0.009575696307592807
2020-08-03 22:24:00,0.12411421634988073
2020-08-03 22:27:00,0.042269118723140764
2020-08-03 22:30:00,0.05744868584520191
2020-08-03 22:33:00,0.03248389541806773
2020-08-03 22:36:00,0.06325326754193838
2020-08-03 22:39:00,0.15486971812822503
2020-08-03 22:42:00,0.06933182507907532
2020-08-03 22:45:00,0.10941762479160388
2020-08-03 22:48:00,0.1675924843998473
2020-08-03 22:51:00,0.14012304158143252
2020-08-03 22:54:00,0.09839881732096956
2020-08-03 22:57:00,0.039622348085288195
2020-08-03 23:00:00,0.14488982924990523
2020-08-03 23:03:00,0.15305685711723527
2020-08-03 23:06:00,0.1289842921328841
2020-08-03 23:09:00,0.08410425313491032
2020-08-03 23:12:00,0.015806996463822998
2020-08-03 23:15:00,0.04747831780997558
2020-08-03 23:18:00,0.11524552462094562
2020-08-03 23:21:00,0.08762449007878104
2020-08-03 23:24:00,0.11478683540138945
2020-08-03 23:27:00,0.07358328292764327
2020-08-03 23:30:00,0.1414409205924585
2020-08-03 23:33:00,0.06015947135517763
2020-08-03 23:36:00,-0.0381054222128796
2020-08-03 23:39:00,0.12482970648034097
2020-08-03 23:42:00,0.11167036887576387
2020-08-03 23:45:00,0.11845454084277662
2020-08-03 23:48:00,0.12158189170042988
2020-08-03 23:51:00,0.13531542599213253
2020-08-03 23:54:00,0.08914196508357008
2020-08-03 23:57:00,0.10058362093474216
2020-08-04 00:00:00,0.1412630918471791
2020-08-04 00:03:00,0.14265639034510968
2020-08-04 00:06:00,0.16989436809581093
2020-08-04 00:09:00,0.07129727495481575
2020-08-04 00:12:00,0.13714536125581844
2020-08-04 00:15:00,0.2529401786076164
2020-08-04 00:18:00,0.06371665549556838
2020-08-04 00:21:00,0.09749671348890843
2020-08-04 00:24:00,0.08598544842277533
2020-08-04 00:27:00,0.10386065325224081
2020-08-04 00:30:00,0.14528331979897757
2020-08-04 00:33:00,0.18575493726535797
2020-08-04 00:36:00,0.06495532488389699
2020-08-04 00:39:00,0.13407292082348476
2020-08-04 00:42:00,0.1344397515774176
2020-08-04 00:45:00,0.14843449641568895
2020-08-04 00:48:00,0.1454170277923481
2020-08-04 00:51:00,0.2137842241147041
2020-08-04 00:54:00,0.041856349261252035
2020-08-04 00:57:00,0.04249454373518802
2020-08-04 01:00:00,0.16974805008243266
2020-08-04 01:03:00,0.16672705601757798
2020-08-04 01:06:00,0.27416465549447366
2020-08-04 01:09:00,0.14554352157495032
2020-08-04 01:12:00,0.12652015643925552
2020-08-04 01:15:00,0.14531406156129378
2020-08-04 01:18:00,0.22659931882344608
2020-08-04 01:21:00,0.2459483368655242
2020-08-04 01:24:00,0.041429454211936445
2020-08-04 01:27:00,0.1482131099527919
2020-08-04 01:30:00,0.1509348633206855
2020-08-04 01:33:00,0.1803863934085257
2020-08-04 01:36:00,0.10269347296639353
2020-08-04 01:39:00,0.17816093929525323
2020-08-04 01:42:00,0.2593448304384083
2020-08-04 01:45:00,0.16702646821414646
2020-08-04 01:48:00,0.22150882528177362
2020-08-04 01:51:00,0.14743619275878928
2020-08-04 01:54:00,0.20829611417968863
2020-08-04 01:57:00,0.11208297782172849
2020-08-04 02:00:00,0.1430018952189016
2020-08-04 02:03:00,0.19098122546182594
2020-08-04 02:06:00,0.22903953897372276
2020-08-04 02:09:00,0.23090725959815472
2020-08-04 02:12:00,0.14905474074259928
2020-08-04 02:15:00,0.1222804032072986
2020-08-04 02:18:00,0.15117047943090256
2020-08-04 02:21:00,0.16991031990397687
2020-08-04 02:24:00,0.257611624207982
2020-08-04 02:27:00,0.15526903398443892
2020-08-04 02:30:00,0.1471328332291364
2020-08-04 02:33:00,0.1467988654191572
2020-08-04 02:36:00,0.22988072798739267
2020-08-04 02:39:00,0.28788671762004014
2020-08-04 02:42:00,0.21039846561660625
2020-08-04 02:45:00,0.18402119902975755
2020-08-04 02:48:00,0.13622584227857715
2020-08-04 02:51:00,0.17458250350324533
2020-08-04 02:54:00,0.20229248807856948
2020-08-04 02:57:00,0.16533402925136897
2020-08-04 03:00:00,0.2149898924225795
2020-08-04 03:03:00,0.17313016962469874
2020-08-04 03:06:00,0.1853906478936551
2020-08-04 03:09:00,0.07022511374384521
2020-08-04 03:12:00,0.08228366922895702
2020-08-04 03:15:00,0.14213032844958207
2020-08-04 03:18:00,0.10509235914389592
2020-08-04 03:21:00,0.16623494991694088
2020-08-04 03:24:00,0.15380548717115516
2020-08-04 03:27:00,0.14300958739733005
2020-08-04 03:30:00,0.09592758544852131
2020-08-04 03:33:00,0.19292360362913996
2020-08-04 03:36:00,0.19181881110978338
2020-08-04 03:39:00,0.16032150990855598
2020-08-04 03:42:00,0.173633647494853
2020-08-04 03:45:00,0.20274489776176097
2020-08-04 03:48:00,0.37234552234610874
2020-08-04 03:51:00,0.25170979734122056
2020-08-04 03:54:00,0.2788593305145355
2020-08-04 03:57:00,0.3518554147158284
2020-08-04 04:00:00,0.38146007082298183
2020-08-04 04:03:00,0.40134421395345043
2020-08-04 04:06:00,0.33769862277785023
2020-08-04 04:09:00,0.37451671714319446
2020-08-04 04:12:00,0.33299714153082505
2020-08-04 04:15:00,0.34101711615926433
2020-08-04 04:18:00,0.4209147578796433
2020-08-04 04:21:00,0.28997350535081523
2020-08-04 04:24:00,0.3378698488016312
2020-08-04 04:27:00,0.3977554853591414
2020-08-04 04:30:00,0.4613009463723188
2020-08-04 04:33:00,0.3363935507269957
2020-08-04 04:36:00,0.22367177509158864
2020-08-04 04:39:00,0.334944093109641
2020-08-04 04:42:00,0.34743962615277724
2020-08-04 04:45:00,0.2847655392620254
2020-08-04 04:48:00,0.3755321828889464
2020-08-04 04:51:00,0.36791785679361055
2020-08-04 04:54:00,0.2762414646995808
2020-08-04 04:57:00,0.4499830301695624
2020-08-04 05:00:00,0.36903419534456816
2020-08-04 05:03:00,0.4378601656152341
2020-08-04 05:06:00,0.45245105232959304
2020-08-04 05:09:00,0.536458924797671
2020-08-04 05:12:00,0.5668754075504125
2020-08-04 05:15:00,0.6234645371583838
2020-08-04 05:18:00,0.5866233318379273
2020-08-04 05:21:00,0.5919076989970904
2020-08-04 05:24:00,0.5646287282531262
2020-08-04 05:27:00,0.6377193543335693
2020-08-04 05:30:00,0.6264720805023671
2020-08-04 05:33:00,0.6192663691839471
2020-08-04 05:36:00,0.5120703901218349
2020-08-04 05:39:00,0.6181163933152902
2020-08-04 05:42:00,0.6118959532620352
2020-08-04 05:45:00,0.5710042552924506
2020-08-04 05:48:00,0.6128509922622243
2020-08-04 05:51:00,0.5275294357012399
2020-08-04 05:54:00,0.5614224260003198
2020-08-04 05:57:00,0.5478256042145517
2020-08-04 06:00:00,0.6158765712088439
2020-08-04 06:03:00,0.5474859551835607
2020-08-04 06:06:00,0.48872086428644934
2020-08-04 06:09:00,0.44300995221811945
2020-08-04 06:12:00,0.5788933809114951
2020-08-04 06:15:00,0.4510222359921272
2020-08-04 06:18:00,0.4389214604100289
2020-08-04 06:21:00,0.5164720932124851
2020-08-04 06:24:00,0.4345376385126656
2020-08-04 06:27:00,0.33427155488431026
2020-08-04 06:30:00,0.3676122828860571
2020-08-04 06:33:00,0.4052157779559593
2020-08-04 06:36:00,0.3523376193513741
2020-08-04 06:39:00,0.3413088352266982
2020-08-04 06:42:00,0.3729702100120562
2020-08-04 06:45:00,0.3031111789735519
2020-08-04 06:48:00,0.364008838118707
2020-08-04 06:51:00,0.3655955211323203
2020-08-04 06:54:00,0.3489573940031505
2020-08-04 06:57:00,0.28854020973597017
2020-08-04 07:00:00,0.2919881092295782
2020-08-04 07:03:00,0.32689492426777633
2020-08-04 07:06:00,0.25835388237942425
2020-08-04 07:09:00,0.27215769464243067
2020-08-04 07:12:00,0.3304581209815183
2020-08-04 07:15:00,0.2400649561791397
2020-08-04 07:18:00,0.31143591996459463
2020-08-04 07:21:00,0.28527460794339277
2020-08-04 07:24:00,0.1204274785642383
2020-08-04 07:27:00,0.20190796710744507
2020-08-04 07:30:00,0.1306686169903628
2020-08-04 07:33:00,0.22976595114272413
2020-08-04 07:36:00,0.20258130337629154
2020-08-04 07:39:00,0.249389269649555
2020-08-04 07:42:00,0.256007989182649
2020-08-04 07:45:00,0.29881778641697565
2020-08-04 07:48:00,0.10345468089246879
2020-08-04 07:51:00,0.2411346091747646
2020-08-04 07:54:00,0.16616337711275264
2020-08-04 07:57:00,0.12950800925233352
2020-08-04 08:00:00,0.1985173558090878
2020-08-04 08:03:00,0.20381817249636924
2020-08-04 08:06:00,0.17196258966453115
2020-08-04 08:09:00,0.1938491225670873
2020-08-04 08:12:00,0.13974724603855293
2020-08-04 08:15:00,0.18729430872343755
2020-08-04 08:18:00,0.12147552135297701
2020-08-04 08:21:00,0.02604418682682308
2020-08-04 08:24:00,0.11844134264168815
2020-08-04 08:27:00,0.1529181225238858
2020-08-04 08:30:00,0.07659551467946812
2020-08-04 08:33:00,0.07389802953616709
2020-08-04 08:36:00,0.1586041410801613
2020-08-04 08:39:00,0.12162959451330835
2020-08-04 08:42:00,0.1027282337483939
2020-08-04 08:45:00,0.12114449486898593
2020-08-04 08:48:00,0.1432626846748235
2020-08-04 08:51:00,0.06381965539367229
2020-08-04 08:54:00,0.16995615939754316
2020-08-04 08:57:00,0.20381592901344447
2020-08-04 09:00:00,0.11064842578656453
2020-08-04 09:03:00,0.0911878158028685
2020-08-04 09:06:00,0.08515523420470572
2020-08-04 09:09:00,0.11254049994812476
2020-08-04 09:12:00,0.06423019016534681
2020-08-04 09:15:00,0.024057292508416595
2020-08-04 09:18:00,-0.05478326259026289
2020-08-04 09:21:00,-0.0006594126605250494
2020-08-04 09:24:00,0.042925592573340055
2020-08-04 09:27:00,0.028453359342904605
2020-08-04 09:30:00,0.06086568306739082
2020-08-04 09:33:00,0.005196217568652628
2020-08-04 09:36:00,0.087378561528908
2020-08-04 09:39:00,-0.01858797470248419
2020-08-04 09:42:00,-0.03549483372444229
2020-08-04 09:45:00,-0.12914554934764055
2020-08-04 09:48:00,-0.05464432146391118
2020-08-04 09:51:00,0.0027370590854047805
2020-08-04 09:54:00,-0.014588736554628667
2020-08-04 09:57:00,-0.12502315270819508
2020-08-04 10:00:00,-0.04204458401665079
2020-08-04 10:03:00,-0.0029806260509985805
2020-08-04 10:06:00,-0.03410505353110693
2020-08-04 10:09:00,-0.08088399108567046
2020-08-04 10:12:00,-0.17057827176364526
2020-08-04 10:15:00,-0.19093026521636602
2020-08-04 10:18:00,-0.18098017665528232
2020-08-04 10:21:00,-0.1000965012863162
2020-08-04 10:24:00,-0.249735057147916
2020-08-04 10:27:00,-0.14784241856978042
2020-08-04 10:30:00,-0.24572598642026833
2020-08-04 10:33:00,-0.12325632099827999
2020-08-04 10:36:00,-0.1966132533864311
2020-08-04 10:39:00,-0.1769154015217964
2020-08-04 10:42:00,-0.23684861910624022
2020-08-04 10:45:00,-0.1473849656385937
2020-08-04 10:48:00,-0.195338432587846
2020-08-04 10:51:00,-0.2885837855706086
2020-08-04 10:54:00,-0.13565783791977992
2020-08-04 10:57:00,-0.25982582173293167
2020-08-04 11:00:00,-0.24967716875852375
2020-08-04 11:03:00,-0.2785784810408245
2020-08-04 11:06:00,-0.24207542000601734
2020-08-04 11:09:00,-0.3443157582129288
2020-08-04 11:12:00,-0.2409082922381458
2020-08-04 11:15:00,-0.2538892408820743
2020-08-04 11:18:00,-0.2959485288884025
2020-08-04 11:21:00,-0.3723204527806274
2020-08-04 11:24:00,-0.32482204388333
2020-08-04 11:27:00,-0.2881279023577008
2020-08-04 11:30:00,-0.23157007397759344
2020-08-04 11:33:00,-0.3457211478966542
2020-08-04 11:36:00,-0.4462891009077339
2020-08-04 11:39:00,-0.3685843931180557
2020-08-04 11:42:00,-0.4143450400011375
2020-08-04 11:45:00,-0.4318399225527969
2020-08-04 11:48:00,-0.4552137769425144
2020-08-04 11:51:00,-0.3420623574316437
2020-08-04 11:54:00,-0.35567969473208905
2020-08-04 11:57:00,-0.32810065769677976
2020-08-04 12:00:00,-0.48217670651655453
2020-08-04 12:03:00,-0.3409350264057025
2020-08-04 12:06:00,-0.4185484644798976
2020-08-04 12:09:00,-0.38204371307494966
2020-08-04 12:12:00,-0.38233671957266324
2020-08-04 12:15:00,-0.4134180334248754
2020-08-04 12:18:00,-0.45993270247720375
2020-08-04 12:21:00,-0.47446017475709823
2020-08-04 12:24:00,-0.4745255777032753
2020-08-04 12:27:00,-0.4913268973555205
2020-08-04 12:30:00,-0.47823177612178824
2020-08-04 12:33:00,-0.5626924976753003
2020-08-04 12:36:00,-0.6206256161769943
2020-08-04 12:39:00,-0.6103460476659848
2020-08-04 12:42:00,-0.8104834820857718
2020-08-04 12:45:00,-0.5654390452361895
2020-08-04 12:48:00,-0.5824717657176848
2020-08-04 12:51:00,-0.5338606861675999
2020-08-04 12:54:00,-0.5108641924995254
2020-08-04 12:57:00,-0.5809598525422643
2020-08-04 13:00:00,-0.5320627906730238
2020-08-04 13:03:00,-0.5692168555675039
2020-08-04 13:06:00,-0.626007434629571
2020-08-04 13:09:00,-0.5784166448055998
2020-08-04 13:12:00,-0.6283073436269433
2020-08-04 13:15:00,-0.6267677179657198
2020-08-04 13:18:00,-0.5351500856182838
2020-08-04 13:21:00,-0.5660785292596984
2020-08-04 13:24:00,-0.5608165812087691
2020-08-04 13:27:00,-0.6173347862066407
2020-08-04 13:30:00,-0.4742392343632673
2020-08-04 13:33:00,-0.6141841472671672
2020-08-04 13:36:00,-0.47643302477212046
2020-08-04 13:39:00,-0.5550483301645954
2020-08-04 13:42:00,-0.619150885716806
2020-08-04 13:45:00,-0.6550247037765757
2020-08-04 13:48:00,-0.5580090879905129
2020-08-04 13:51:00,-0.5905157594029333
2020-08-04 13:54:00,-0.5987004060929735
2020-08-04 13:57:00,-0.5658610397833854
2020-08-04 14:00:00,-0.50547321348796
2020-08-04 14:03:00,-0.5808314592488841
2020-08-04 14:06:00,-0.5812402862731005
2020-08-04 14:09:00,-0.5937879380828122
2020-08-04 14:12:00,-0.671587416149805
2020-08-04 14:15:00,-0.4114753334046668
2020-08-04 14:18:00,-0.5150804686530819
2020-08-04 14:21:00,-0.5256599157516462
2020-08-04 14:24:00,-0.6555334967051749
2020-08-04 14:27:00,-0.5591205735687481
2020-08-04 14:30:00,-0.5903212083067615
2020-08-04 14:33:00,-0.5134393764327569
2020-08-04 14:36:00,-0.5712361261960837
2020-08-04 14:39:00,-0.5940494445706008
2020-08-04 14:42:00,-0.5165153986656037
2020-08-04 14:45:00,-0.7203515975724599
2020-08-04 14:48:00,-0.5182922729088659
2020-08-04 14:51:00,-0.48601314830699494
2020-08-04 14:54:00,-0.6387330160481497
2020-08-04 14:57:00,-0.5610562034268014
2020-08-04 15:00:00,-0.540487944145184
2020-08-04 15:03:00,-0.5765640729837287
2020-08-04 15:06:00,-0.6545913109402477
2020-08-04 15:09:00,-0.49077957724045973
2020-08-04 15:12:00,-0.594469858657078
2020-08-04 15:15:00,-0.5620146005213655
2020-08-04 15:18:00,-0.5752901047077899
2020-08-04 15:21:00,-0.5774948799884783
2020-08-04 15:24:00,-0.5658545867965472
2020-08-04 15:27:00,-0.5554450674358122
2020-08-04 15:30:00,-0.6941472973539362
2020-08-04 15:33:00,-0.6099864881298345
2020-08-04 15:36:00,-0.5606006158385526
2020-08-04 15:39:00,-0.6329124952061989
2020-08-04 15:42:00,-0.584390155984579
2020-08-04 15:45:00,-0.49594023972065315
2020-08-04 15:48:00,-0.607820678171322
2020-08-04 15:51:00,-0.5412682917515781
2020-08-04 15:54:00,-0.6173786542440212
2020-08-04 15:57:00,-0.6338862455078811
2020-08-04 16:00:00,-0.5745875964257152
2020-08-04 16:03:00,-0.594684829659343
2020-08-04 16:06:00,-0.4917076804055114
2020-08-04 16:09:00,-0.6328712864494719
2020-08-04 16:12:00,-0.46717641674524657
2020-08-04 16:15:00,-0.5008092212439124
2020-08-04 16:18:00,-0.4859219716140615
2020-08-04 16:21:00,-0.5085187057532607
2020-08-04 16:24:00,-0.6027870343388599
2020-08-04 16:27:00,-0.5446348303293576
2020-08-04 16:30:00,-0.582478681886414
2020-08-04 16:33:00,-0.45761963203705136
2020-08-04 16:36:00,-0.6294607007123432
2020-08-04 16:39:00,-0.48095034223211997
2020-08-04 16:42:00,-0.5186323277875431
2020-08-04 16:45:00,-0.5784646111333132
2020-08-04 16:48:00,-0.5846602764592035
2020-08-04 16:51:00,-0.5073851243770378
2020-08-04 16:54:00,-0.4912578126528615
2020-08-04 16:57:00,-0.596090939665487
2020-08-04 17:00:00,-0.5229042470604668
2020-08-04 17:03:00,-0.5898121505939571
2020-08-04 17:06:00,-0.43173648143442733
2020-08-04 17:09:00,-0.5611164478710862
2020-08-04 17:12:00,-0.530280677303324
2020-08-04 17:15:00,-0.5301647480507086
2020-08-04 17:18:00,-0.4495800685900804
2020-08-04 17:21:00,-0.52136545303199
2020-08-04 17:24:00,-0.4993945996550906
2020-08-04 17:27:00,-0.47189160772637706
2020-08-04 17:30:00,-0.43773034763410124
2020-08-04 17:33:00,-0.5491690508363831
2020-08-04 17:36:00,-0.49653947946222843
2020-08-04 17:39:00,-0.4307790638782194
2020-08-04 17:42:00,-0.41904291336231836
2020-08-04 17:45:00,-0.5023844689776524
2020-08-04 17:48:00,-0.519297978400914
2020-08-04 17:51:00,-0.4534466053351025
2020-08-04 17:54:00,-0.4593449742093867
2020-08-04 17:57:00,-0.5828823551382811
2020-08-04 18:00:00,-0.47035844302405394
2020-08-04 18:03:00,-0.38153501107484544
2020-08-04 18:06:00,-0.40593548242537736
2020-08-04 18:09:00,-0.5241683711690257
2020-08-04 18:12:00,-0.4280277054007229
2020-08-04 18:15:00,-0.4705045944599533
2020-08-04 18:18:00,-0.535813201056726
2020-08-04 18:21:00,-0.44502613666270463
2020-08-04 18:24:00,-0.45888319795187726
2020-08-04 18:27:00,-0.4261189169172894
2020-08-04 18:30:00,-0.48517785339993225
2020-08-04 18:33:00,-0.3884031603773792
2020-08-04 18:36:00,-0.35105642760640876
2020-08-04 18:39:00,-0.3655180158731355
2020-08-04 18:42:00,-0.30744757910537146
2020-08-04 18:45:00,-0.3755727667065685
2020-08-04 18:48:00,-0.2955799192229165
2020-08-04 18:51:00,-0.34029146277123345
2020-08-04 18:54:00,
2020-08-04 18:57:00,
2020-08-04 19:00:00,
2020-08-04 19:03:00,-0.3707794739004271
2020-08-04 19:06:00,-0.3370066872876123
2020-08-04 19:09:00,-0.31772499828434775
2020-08-04 19:12:00,-0.3691291924828306
2020-08-04 19:15:00,-0.2399886283944852
2020-08-04 19:18:00,-0.3054948592397295
2020-08-04 19:21:00,-0.3122801987199182
2020-08-04 19:24:00,-0.32795931675337897
2020-08-04 19:27:00,-0.22956955450285932
2020-08-04 19:30:00,-0.34083638877172007
2020-08-04 19:33:00,-0.2882324686826223
2020-08-04 19:36:00,-0.287819875317723
2020-08-04 19:39:00,-0.2832349401784313
2020-08-04 19:42:00,-0.29373518734792015
2020-08-04 19:45:00,-0.2589021813361114
2020-08-04 19:48:00,-0.23726681171410746
2020-08-04 19:51:00,-0.27313518206040044
2020-08-04 19:54:00,-0.3219289487794299
2020-08-04 19:57:00,-0.2251425040981303
2020-08-04 20:00:00,-0.32155427997679453
2020-08-04 20:03:00,-0.20392451166270575
2020-08-04 20:06:00,-0.122877103956057
2020-08-04 20:09:00,-0.11329758929196032
2020-08-04 20:12:00,-0.19830764637674747
2020-08-04 20:15:00,-0.17917972466790388
2020-08-04 20:18:00,-0.2049638010831245
2020-08-04 20:21:00,-0.16153572474888733
2020-08-04 20:24:00,-0.22928472178347192
2020-08-04 20:27:00,-0.05842107298872179
2020-08-04 20:30:00,-0.1139191482200772
2020-08-04 20:33:00,-0.10963652800199952
2020-08-04 20:36:00,-0.11315222672976688
2020-08-04 20:39:00,-0.1403501072651352
2020-08-04 20:42:00,0.08270398528270562
2020-08-04 20:45:00,0.07730228690923013
2020-08-04 20:48:00,-0.15481481708047795
2020-08-04 20:51:00,-0.13717695623051895
2020-08-04 20:54:00,-0.0012258789809607151
2020-08-04 20:57:00,-0.047439836287253456
2020-08-04 21:00:00,0.10174623857216147
2020-08-04 21:03:00,0.003413890375952633
2020-08-04 21:06:00,-0.04207742900564426
2020-08-04 21:09:00,0.02608934295886911
2020-08-04 21:12:00,-0.08356379620255439
2020-08-04 21:15:00,-0.03684852698694385
2020-08-04 21:18:00,0.05555444242162366
2020-08-04 21:21:00,-0.03252161590154401
2020-08-04 21:24:00,0.010817526086782436
2020-08-04 21:27:00,-0.09202672003414136
2020-08-04 21:30:00,0.003429181757610422
2020-08-04 21:33:00,-0.05629761078392903
2020-08-04 21:36:00,-0.046553826424769795
2020-08-04 21:39:00,-0.03950732731402695
2020-08-04 21:42:00,-0.009264061236251564
2020-08-04 21:45:00,0.01938627296908635
2020-08-04 21:48:00,0.00012162389953118691
2020-08-04 21:51:00,0.06666854813545342
2020-08-04 21:54:00,-0.033561485605673624
2020-08-04 21:57:00,0.03514218785187495
2020-08-04 22:00:00,0.1285850748258781
2020-08-04 22:03:00,0.015325155006564728
2020-08-04 22:06:00,0.052411940856245565
2020-08-04 22:09:00,-0.0020070466648576257
2020-08-04 22:12:00,0.06545921683124334
2020-08-04 22:15:00,0.05173822021293972
2020-08-04 22:18:00,0.1341461395289798
2020-08-04 22:21:00,0.09889855193051744
2020-08-04 22:24:00,-0.026600873512222734
2020-08-04 22:27:00,0.087354374982624
2020-08-04 22:30:00,0.07933854774904603
2020-08-04 22:33:00,0.02208911437912775
2020-08-04 22:36:00,0.09486144132603158
2020-08-04 22:39:00,0.06648751011977083
2020-08-04 22:42:00,0.0475605157814698
2020-08-04 22:45:00,0.09386914318156414
2020-08-04 22:48:00,0.10724096447393094
2020-08-04 22:51:00,-0.0008546859282319019
2020-08-04 22:54:00,-0.021854230466146873
2020-08-04 22:57:00,0.053938302080496214
2020-08-04 23:00:00,0.0036322100639267774
2020-08-04 23:03:00,0.004593823415632414
2020-08-04 23:06:00,0.036563385268493676
2020-08-04 23:09:00,0.09386083412766766
2020-08-04 23:12:00,0.12762521451753628
2020-08-04 23:15:00,0.15833590840048828
2020-08-04 23:18:00,-0.026134929997908785
2020-08-04 23:21:00,0.1112841912097906
2020-08-04 23:24:00,0.07543284018157692
2020-08-04 23:27:00,0.15122867640138793
2020-08-04 23:30:00,0.12890194069200334
2020-08-04 23:33:00,0.08098835619290412
2020-08-04 23:36:00,0.15091928297357526
2020-08-04 23:39:00,0.047641207825506626
2020-08-04 23:42:00,0.046752988027037645
2020-08-04 23:45:00,0.031675444966140276
2020-08-04 23:48:00,0.04676194948939383
2020-08-04 23:51:00,0.07184402747787999
2020-08-04 23:54:00,0.01977369596573908
2020-08-04 23:57:00,0.06456087752434314
2020-08-05 00:00:00,0.013704689000974213
2020-08-05 00:03:00,0.08165684247950367
2020-08-05 00:06:00,0.07717538681725955
2020-08-05 00:09:00,0.10738297999239421
2020-08-05 00:12:00,0.04818286775963543
2020-08-05 00:15:00,0.019231418694516833
2020-08-05 00:18:00,0.12153707478137221
2020-08-05 00:21:00,0.016421767737767823
2020-08-05 00:24:00,0.05683243533582072
2020-08-05 00:27:00,0.030670122558717594
2020-08-05 00:30:00,0.05291957247624168
2020-08-05 00:33:00,0.06286409728193121
2020-08-05 00:36:00,0.05498944643022696
2020-08-05 00:39:00,0.10595211023621687
2020-08-05 00:42:00,0.050186256149856945
2020-08-05 00:45:00,0.06939506627912806
2020-08-05 00:48:00,0.050544329445585845
2020-08-05 00:51:00,0.05891260938290088
2020-08-05 00:54:00,0.07502267098072934
2020-08-05 00:57:00,0.07799469690030492
2020-08-05 01:00:00,0.07818823565406774
2020-08-05 01:03:00,0.17117021095162954
2020-08-05 01:06:00,0.09036200676371209
2020-08-05 01:09:00,0.02005452256935314
2020-08-05 01:12:00,0.08934553302771064
2020-08-05 01:15:00,0.05187877759857429
2020-08-05 01:18:00,0.1005747449937644
2020-08-05 01:21:00,0.14389541511224024
2020-08-05 01:24:00,0.16370464208199564
2020-08-05 01:27:00,0.08900564229952579
2020-08-05 01:30:00,0.13248344314507676
2020-08-05 01:33:00,0.10712514095627057
2020-08-05 01:36:00,0.04105832941343124
2020-08-05 01:39:00,0.12421957476021817
2020-08-05 01:42:00,0.10276563321633603
2020-08-05 01:45:00,0.11745407388855256
2020-08-05 01:48:00,0.19113713231791962
2020-08-05 01:51:00,0.15832655962827857
2020-08-05 01:54:00,0.08807128505560513
2020-08-05 01:57:00,0.1269446603017741
2020-08-05 02:00:00,0.20373465090074205
2020-08-05 02:03:00,0.14788661109554369
2020-08-05 02:06:00,0.08366581412582264
2020-08-05 02:09:00,0.11270406297666113
2020-08-05 02:12:00,0.1773823180737395
2020-08-05 02:15:00,0.12073628817603321
2020-08-05 02:18:00,0.20436718508659624
2020-08-05 02:21:00,0.14541877484452925
2020-08-05 02:24:00,0.1721360027925698
2020-08-05 02:27:00,0.24608760378697525
2020-08-05 02:30:00,0.28925873283452574
2020-08-05 02:33:00,0.151888838349862
2020-08-05 02:36:00,0.14581568300371828
2020-08-05 02:39:00,0.1805603678064358
2020-08-05 02:42:00,0.19042986639124138
2020-08-05 02:45:00,0.15119545540909485
2020-08-05 02:48:00,0.10430170013711404
2020-08-05 02:51:00,0.20642865380256126
2020-08-05 02:54:00,0.12610690123432278
2020-08-05 02:57:00,0.15729541179848638
2020-08-05 03:00:00,0.21194389571951433
2020-08-05 03:03:00,0.1307677867065422
2020-08-05 03:06:00,0.13291140691154624
2020-08-05 03:09:00,0.2196640735079427
2020-08-05 03:12:00,0.17518896472842016
2020-08-05 03:15:00,0.2284886411663365
2020-08-05 03:18:00,0.15370646099609075
2020-08-05 03:21:00,0.17873763767397577
2020-08-05 03:24:00,0.19565594562021715
2020-08-05 03:27:00,0.15763611777043707
2020-08-05 03:30:00,0.14284555729983595
2020-08-05 03:33:00,0.22497489639181367
2020-08-05 03:36:00,0.2577365390258137
2020-08-05 03:39:00,0.2367579755996303
2020-08-05 03:42:00,0.10917189382092829
2020-08-05 03:45:00,0.22312355968784914
2020-08-05 03:48:00,0.23111782104598433
2020-08-05 03:51:00,0.13663968118311232
2020-08-05 03:54:00,0.16796367616478847
2020-08-05 03:57:00,0.185391245982089
2020-08-05 04:00:00,0.2846613807028575
2020-08-05 04:03:00,0.26783584643038694
2020-08-05 04:06:00,0.2779456162689371
2020-08-05 04:09:00,0.16832620933200815
2020-08-05 04:12:00,0.16411481463438804
2020-08-05 04:15:00,0.09645045533824259
2020-08-05 04:18:00,0.15603610915309218
2020-08-05 04:21:00,0.15522596730039595
2020-08-05 04:24:00,0.09914723070403397
2020-08-05 04:27:00,0.20391698403858527
2020-08-05 04:30:00,0.10559492530330772
2020-08-05 04:33:00,0.12134026592991631
2020-08-05 04:36:00,0.07834277618320584
2020-08-05 04:39:00,0.15338780895041282
2020-08-05 04:42:00,0.12314711784983956
2020-08-05 04:45:00,0.09431449065266406
2020-08-05 04:48:00,0.022145678598064933
2020-08-05 04:51:00,0.21578851899317897
2020-08-05 04:54:00,0.21160346481605075
2020-08-05 04:57:00,0.15220325998075168
2020-08-05 05:00:00,0.2745627735075118
2020-08-05 05:03:00,0.07510315534102574
2020-08-05 05:06:00,0.16055668206934115
2020-08-05 05:09:00,0.10550446910389155
2020-08-05 05:12:00,0.2075627009519394
2020-08-05 05:15:00,0.18847730761098092
2020-08-05 05:18:00,0.17581357208501913
2020-08-05 05:21:00,0.21218906100170898
2020-08-05 05:24:00,0.2507694922548467
2020-08-05 05:27:00,0.23654663699676348
2020-08-05 05:30:00,0.2072562364325563
2020-08-05 05:33:00,0.25672362132513626
2020-08-05 05:36:00,0.23217751094534833
2020-08-05 05:39:00,0.24842396743497375
2020-08-05 05:42:00,0.16424993672052324
2020-08-05 05:45:00,0.2149418694814358
2020-08-05 05:48:00,0.35248079343494965
2020-08-05 05:51:00,0.31653849849612925
2020-08-05 05:54:00,0.2501405245556043
2020-08-05 05:57:00,0.41547140985932174
2020-08-05 06:00:00,0.23819381065504786
2020-08-05 06:03:00,0.3259003951221757
2020-08-05 06:06:00,0.29466220004502475
2020-08-05 06:09:00,0.1873309118158204
2020-08-05 06:12:00,0.2254394060831828
2020-08-05 06:15:00,0.36811840459978384
2020-08-05 06:18:00,0.25835884218082583
2020-08-05 06:21:00,0.21932035666469574
2020-08-05 06:24:00,0.33344357696677207
2020-08-05 06:27:00,0.21822026765016744
2020-08-05 06:30:00,0.2625594014066337
2020-08-05 06:33:00,0.3191463974828821
2020-08-05 06:36:00,0.21406916069093995
2020-08-05 06:39:00,0.3685972176500627
2020-08-05 06:42:00,0.2628113772292977
2020-08-05 06:45:00,0.23749198143053718
2020-08-05 06:48:00,0.32203832688242073
2020-08-05 06:51:00,0.22854971135416235
2020-08-05 06:54:00,0.28775222508016896
2020-08-05 06:57:00,0.3417936016455201
2020-08-05 07:00:00,0.21268059099520542
2020-08-05 07:03:00,0.2558433174004904
2020-08-05 07:06:00,0.2311049714506339
2020-08-05 07:09:00,0.23458668607622712
2020-08-05 07:12:00,0.2660043239362153
2020-08-05 07:15:00,0.3093413798904976
2020-08-05 07:18:00,0.2810494445587324
2020-08-05 07:21:00,0.24568357378586825
2020-08-05 07:24:00,0.2068775720664462
2020-08-05 07:27:00,0.24632543827101472
2020-08-05 07:30:00,0.2074344946469182
2020-08-05 07:33:00,0.30613586052322717
2020-08-05 07:36:00,0.3117999302973544
2020-08-05 07:39:00,0.247585791715494
2020-08-05 07:42:00,0.2512419948984075
2020-08-05 07:45:00,0.30809491907479014
2020-08-05 07:48:00,0.19931375081461056
2020-08-05 07:51:00,0.136784158509613
2020-08-05 07:54:00,0.23543545735543603
2020-08-05 07:57:00,0.2527428538440404
2020-08-05 08:00:00,0.26145115054981716
2020-08-05 08:03:00,0.26212864169463046
2020-08-05 08:06:00,0.23698843385062673
2020-08-05 08:09:00,0.2915619328718435
2020-08-05 08:12:00,0.1703109618128451
2020-08-05 08:15:00,0.21057831999979726
2020-08-05 08:18:00,0.1645720978465306
2020-08-05 08:21:00,0.22061497146302145
2020-08-05 08:24:00,0.1629780071198752
2020-08-05 08:27:00,0.17573028382690836
2020-08-05 08:30:00,0.12059124794916443
2020-08-05 08:33:00,0.20019172115922856
2020-08-05 08:36:00,0.22338426322983196
2020-08-05 08:39:00,0.1593358363668358
2020-08-05 08:42:00,0.26309618348744834
2020-08-05 08:45:00,0.28316571951410197
2020-08-05 08:48:00,0.11058127590564482
2020-08-05 08:51:00,0.16065060678567988
2020-08-05 08:54:00,0.14251872756534567
2020-08-05 08:57:00,0.17689023009040739
2020-08-05 09:00:00,0.10300386172451681
2020-08-05 09:03:00,0.1629754563404049
2020-08-05 09:06:00,0.11047319659951427
2020-08-05 09:09:00,0.20347534162812053
2020-08-05 09:12:00,0.09306859785942834
2020-08-05 09:15:00,0.12661560963579177
2020-08-05 09:18:00,0.10877392825773313
2020-08-05 09:21:00,-0.013342078744926766
2020-08-05 09:24:00,0.08627980000403568
2020-08-05 09:27:00,0.05720561677264868
2020-08-05 09:30:00,0.022650449462162214
2020-08-05 09:33:00,-0.027722548842291417
2020-08-05 09:36:00,0.012453871663183236
2020-08-05 09:39:00,-0.02720547457761313
2020-08-05 09:42:00,-0.020494332244425095
2020-08-05 09:45:00,-0.030496231156007525
2020-08-05 09:48:00,0.09329163891999315
2020-08-05 09:51:00,-0.04811790594209242
2020-08-05 09:54:00,-0.09457436700995459
2020-08-05 09:57:00,0.0029556027332091617
2020-08-05 10:00:00,-0.08086885787332676
2020-08-05 10:03:00,-0.08510706380121746
2020-08-05 10:06:00,-0.13740888516070981
2020-08-05 10:09:00,-0.12358194234400344
2020-08-05 10:12:00,-0.02830586187320705
2020-08-05 10:15:00,-0.2143051094500379
2020-08-05 10:18:00,-0.12248833541156046
2020-08-05 10:21:00,-0.16162330743406983
2020-08-05 10:24:00,-0.27187380064310673
2020-08-05 10:27:00,-0.10963555406203795
2020-08-05 10:30:00,-0.12067660692616755
2020-08-05 10:33:00,-0.1385212440977739
2020-08-05 10:36:00,-0.24831776106844927
2020-08-05 10:39:00,-0.2283965694997505
2020-08-05 10:42:00,-0.17661000544154604
2020-08-05 10:45:00,-0.3531504223388424
2020-08-05 10:48:00,-0.24324450875036518
2020-08-05 10:51:00,-0.23971725956886303
2020-08-05 10:54:00,-0.23099694556026407
2020-08-05 10:57:00,-0.285582393034872
2020-08-05 11:00:00,-0.25434054354445834
2020-08-05 11:03:00,-0.3121819145486029
2020-08-05 11:06:00,-0.31018466291044433
2020-08-05 11:09:00,-0.30747564341135103
2020-08-05 11:12:00,-0.33624052854077036
2020-08-05 11:15:00,-0.4301002967333716
2020-08-05 11:18:00,-0.2360241715721827
2020-08-05 11:21:00,-0.3325568814466351
2020-08-05 11:24:00,-0.3398036791405161
2020-08-05 11:27:00,-0.37123850358159416
2020-08-05 11:30:00,-0.34072968795169345
2020-08-05 11:33:00,-0.3126628716504456
2020-08-05 11:36:00,-0.3491660263813401
2020-08-05 11:39:00,-0.2938818482674037
2020-08-05 11:42:00,-0.34611822341742027
2020-08-05 11:45:00,-0.27507728235207196
2020-08-05 11:48:00,-0.32644993805502054
2020-08-05 11:51:00,-0.3802662214232555
2020-08-05 11:54:00,-0.29805020231640356
2020-08-05 11:57:00,-0.36022893771780673
2020-08-05 12:00:00,-0.4770425194581662
2020-08-05 12:03:00,-0.41684919206744553
2020-08-05 12:06:00,-0.25623991878677543
2020-08-05 12:09:00,-0.368090822296665
2020-08-05 12:12:00,-0.4740587871659727
2020-08-05 12:15:00,-0.3923515922242018
2020-08-05 12:18:00,-0.31767099728631365
2020-08-05 12:21:00,-0.4839218570147068
2020-08-05 12:24:00,-0.4990541135500166
2020-08-05 12:27:00,-0.35877726586255676
2020-08-05 12:30:00,-0.4694346574538031
2020-08-05 12:33:00,-0.42406037633890037
2020-08-05 12:36:00,-0.3686298658458895
2020-08-05 12:39:00,-0.38687625925331304
2020-08-05 12:42:00,-0.32164005912551374
2020-08-05 12:45:00,-0.4540462759657089
2020-08-05 12:48:00,-0.3037177363386263
2020-08-05 12:51:00,-0.41765966545739275
2020-08-05 12:54:00,-0.44256686015410196
2020-08-05 12:57:00,-0.4451737551792121
2020-08-05 13:00:00,-0.4734314805362487
2020-08-05 13:03:00,-0.573335413040752
2020-08-05 13:06:00,-0.5319144401551625
2020-08-05 13:09:00,-0.47453712078294075
2020-08-05 13:12:00,-0.5516063755446226
2020-08-05 13:15:00,-0.341352721018211
2020-08-05 13:18:00,-0.5885556133134173
2020-08-05 13:21:00,-0.4948855844057789
2020-08-05 13:24:00,-0.4522420587589977
2020-08-05 13:27:00,-0.5388193801628631
2020-08-05 13:30:00,-0.4449581590355365
2020-08-05 13:33:00,-0.6331585762146119
2020-08-05 13:36:00,-0.5406958884097435
2020-08-05 13:39:00,-0.5499652996612667
2020-08-05 13:42:00,-0.5041430632451807
2020-08-05 13:45:00,-0.5879300227833824
2020-08-05 13:48:00,-0.5679580212835731
2020-08-05 13:51:00,-0.5238382182942019
2020-08-05 13:54:00,-0.6054483308949443
2020-08-05 13:57:00,-0.4576970954515218
2020-08-05 14:00:00,-0.4220420699111287
2020-08-05 14:03:00,-0.4920897794828534
2020-08-05 14:06:00,-0.5040329077855858
2020-08-05 14:09:00,-0.5776729874108355
2020-08-05 14:12:00,-0.5419205330345562
2020-08-05 14:15:00,-0.5178373448828779
2020-08-05 14:18:00,-0.511540416111302
2020-08-05 14:21:00,-0.6245170710523098
2020-08-05 14:24:00,-0.5574025807014777
2020-08-05 14:27:00,-0.49986951635241894
2020-08-05 14:30:00,-0.46611378350985433
2020-08-05 14:33:00,-0.5159476877147426
2020-08-05 14:36:00,-0.4869158881498947
2020-08-05 14:39:00,-0.5538031043195133
2020-08-05 14:42:00,-0.6798643048822441
2020-08-05 14:45:00,-0.5291650988199308
2020-08-05 14:48:00,-0.5449317963769431
2020-08-05 14:51:00,-0.4971944857642825
2020-08-05 14:54:00,-0.5406230285320248
2020-08-05 14:57:00,-0.4885454912439968
2020-08-05 15:00:00,-0.4694434054549106
2020-08-05 15:03:00,-0.5540848932733979
2020-08-05 15:06:00,-0.5106874381075954
2020-08-05 15:09:00,-0.552489471201909
2020-08-05 15:12:00,-0.5795639116875009
2020-08-05 15:15:00,-0.5071208477503433
2020-08-05 15:18:00,-0.5406199548041286
2020-08-05 15:21:00,-0.42932418183107757
2020-08-05 15:24:00,-0.47444590428710853
2020-08-05 15:27:00,-0.5240906854831451
2020-08-05 15:30:00,-0.5242497173636593
2020-08-05 15:33:00,-0.4990309128938293
2020-08-05 15:36:00,-0.45812374160408353
2020-08-05 15:39:00,-0.5454885058578611
2020-08-05 15:42:00,-0.5460851955730845
2020-08-05 15:45:00,-0.5171020163069215
2020-08-05 15:48:00,-0.5487551537106583
2020-08-05 15:51:00,-0.4642701634308537
2020-08-05 15:54:00,-0.45027277920473807
2020-08-05 15:57:00,-0.5634748805176741
2020-08-05 16:00:00,-0.6598872367877675
2020-08-05 16:03:00,-0.5489369467590564
2020-08-05 16:06:00,-0.496231496417181
2020-08-05 16:09:00,-0.46516196034843915
2020-08-05 16:12:00,-0.5622028867491053
2020-08-05 16:15:00,-0.5726372472599337
2020-08-05 16:18:00,-0.5784526564603993
2020-08-05 16:21:00,-0.4660871971108236
2020-08-05 16:24:00,-0.5289850600821069
2020-08-05 16:27:00,-0.47793421431907746
2020-08-05 16:30:00,-0.48822998057698896
2020-08-05 16:33:00,-0.488730266341463
2020-08-05 16:36:00,-0.43625048769899877
2020-08-05 16:39:00,-0.333581396454008
2020-08-05 16:42:00,-0.46542415705783924
2020-08-05 16:45:00,-0.49542024927694683
2020-08-05 16:48:00,-0.5501463974761123
2020-08-05 16:51:00,-0.5283711931426183
2020-08-05 16:54:00,-0.5039735390516853
2020-08-05 16:57:00,-0.5410801471434752
2020-08-05 17:00:00,-0.45845136308167866
2020-08-05 17:03:00,-0.4777797597574249
2020-08-05 17:06:00,-0.5901061847508231
2020-08-05 17:09:00,-0.5536475165051229
2020-08-05 17:12:00,-0.3985228306635804
2020-08-05 17:15:00,-0.5317138960928105
2020-08-05 17:18:00,-0.38685149237028327
2020-08-05 17:21:00,-0.4882307021302381
2020-08-05 17:24:00,-0.4393759631043963
2020-08-05 17:27:00,-0.4995036741754575
2020-08-05 17:30:00,-0.421465381077212
2020-08-05 17:33:00,-0.4257072005891587
2020-08-05 17:36:00,-0.44257953014516715
2020-08-05 17:39:00,-0.4232231346603612
2020-08-05 17:42:00,-0.3392594714181314
2020-08-05 17:45:00,-0.5571314185249321
2020-08-05 17:48:00,-0.3744912582189954
2020-08-05 17:51:00,-0.47935560148653167
2020-08-05 17:54:00,-0.4527455437116714
2020-08-05 17:57:00,-0.43318503531969554
2020-08-05 18:00:00,-0.35076489894618135
2020-08-05 18:03:00,-0.39546528005354276
2020-08-05 18:06:00,-0.3255583166300653
2020-08-05 18:09:00,-0.32352522717923193
2020-08-05 18:12:00,-0.26687190442476094
2020-08-05 18:15:00,-0.327073525445428
2020-08-05 18:18:00,-0.39674854128190873
2020-08-05 18:21:00,-0.3487717828756445
2020-08-05 18:24:00,-0.27800511027163566
2020-08-05 18:27:00,-0.30775668097629705
2020-08-05 18:30:00,-0.2337067023115651
2020-08-05 18:33:00,-0.4056558785738389
2020-08-05 18:36:00,-0.40490982890656824
2020-08-05 18:39:00,-0.38824911667467177
2020-08-05 18:42:00,-0.31461160097785523
2020-08-05 18:45:00,-0.21909875968322012
2020-08-05 18:48:00,-0.17547342553780254
2020-08-05 18:51:00,-0.30587312187822135
2020-08-05 18:54:00,
2020-08-05 18:57:00,
2020-08-05 19:00:00,
2020-08-05 19:03:00,-0.2795858384199619
2020-08-05 19:06:00,-0.2789924823114802
2020-08-05 19:09:00,-0.25596005018297774
2020-08-05 19:12:00,-0.1815511203695337
2020-08-05 19:15:00,-0.23000081973287934
2020-08-05 19:18:00,-0.1622927984439002
2020-08-05 19:21:00,-0.20968225940629281
2020-08-05 19:24:00,-0.23821125398939103
2020-08-05 19:27:00,-0.1762719581266765
2020-08-05 19:30:00,-0.12877042628491608
2020-08-05 19:33:00,-0.20719873575774272
2020-08-05 19:36:00,-0.16557587489688785
2020-08-05 19:39:00,-0.1387400253693727
2020-08-05 19:42:00,-0.17564533527212234
2020-08-05 19:45:00,-0.1294431597538619
2020-08-05 19:48:00,-0.20702292579954928
2020-08-05 19:51:00,-0.11440318305182018
2020-08-05 19:54:00,-0.18825693627064766
2020-08-05 19:57:00,-0.18378101143485992
2020-08-05 20:00:00,-0.15215039431296873
2020-08-05 20:03:00,-0.035643277598012446
2020-08-05 20:06:00,-0.1623296666787155
2020-08-05 20:09:00,-0.06177991877621025
2020-08-05 20:12:00,-0.179126934211979
2020-08-05 20:15:00,0.002346041447481184
2020-08-05 20:18:00,-0.04810579714268215
2020-08-05 20:21:00,-0.08790671908195691
2020-08-05 20:24:00,0.025333760679416173
2020-08-05 20:27:00,-0.04384366238519988
2020-08-05 20:30:00,-0.030911069640865207
2020-08-05 20:33:00,0.020325830753620266
2020-08-05 20:36:00,-0.007767855338329355
2020-08-05 20:39:00,-0.0016761004367822352
2020-08-05 20:42:00,-0.015450821581453056
2020-08-05 20:45:00,0.020661464535237428
2020-08-05 20:48:00,0.022581381933321154
2020-08-05 20:51:00,0.057224924750983064
2020-08-05 20:54:00,0.022483659973147496
2020-08-05 20:57:00,0.07232565711154848
2020-08-05 21:00:00,0.04286666474371259
2020-08-05 21:03:00,0.10841163512827734
2020-08-05 21:06:00,0.04866092736443761
2020-08-05 21:09:00,0.19155013447209512
2020-08-05 21:12:00,0.04112083390157295
2020-08-05 21:15:00,0.05733607861196788
2020-08-05 21:18:00,0.00817170995782135
2020-08-05 21:21:00,0.16462268204031716
2020-08-05 21:24:00,0.1603244553730292
2020-08-05 21:27:00,0.06035332458264975
2020-08-05 21:30:00,0.035334237079837294
2020-08-05 21:33:00,0.1023028988789747
2020-08-05 21:36:00,0.10232364305664987
2020-08-05 21:39:00,0.07632163574680817
2020-08-05 21:42:00,0.10687453957473281
2020-08-05 21:45:00,0.11231115555892757
2020-08-05 21:48:00,0.08565957569709326
2020-08-05 21:51:00,0.11478903993474887
2020-08-05 21:54:00,0.092681410619889
2020-08-05 21:57:00,0.07299806451612767
2020-08-05 22:00:00,0.19502012953807935
2020-08-05 22:03:00,0.153119208613532
2020-08-05 22:06:00,0.057433346586037715
2020-08-05 22:09:00,0.07782255649863146
2020-08-05 22:12:00,0.0035141121286415
2020-08-05 22:15:00,0.08085905196560361
2020-08-05 22:18:00,0.1246783345801532
2020-08-05 22:21:00,0.005047812638792948
2020-08-05 22:24:00,0.21308203172560525
2020-08-05 22:27:00,0.11731593885423308
2020-08-05 22:30:00,0.07788737340194984
2020-08-05 22:33:00,0.04471960517776097
2020-08-05 22:36:00,0.10331851121708269
2020-08-05 22:39:00,0.12896914429472872
2020-08-05 22:42:00,0.11392376128912929
2020-08-05 22:45:00,0.07286887837341283
2020-08-05 22:48:00,0.1270043725446044
2020-08-05 22:51:00,0.12393250645084208
2020-08-05 22:54:00,0.14650728125138812
2020-08-05 22:57:00,0.14910843121737116
2020-08-05 23:00:00,0.1867839729416687
2020-08-05 23:03:00,0.1549621636497136
2020-08-05 23:06:00,0.13294741725849235
2020-08-05 23:09:00,0.1435443272696375
2020-08-05 23:12:00,0.2627072570460882
2020-08-05 23:15:00,0.08335144047714493
2020-08-05 23:18:00,0.13930723370572196
2020-08-05 23:21:00,0.16518168315303683
2020-08-05 23:24:00,0.14862555899753715
2020-08-05 23:27:00,0.10649598261346682
2020-08-05 23:30:00,0.18279832422336995
2020-08-05 23:33:00,0.13240629558595174
2020-08-05 23:36:00,0.10042826389349102
2020-08-05 23:39:00,0.08430375470948093
2020-08-05 23:42:00,0.09831127765306746
2020-08-05 23:45:00,0.03558423797392152
2020-08-05 23:48:00,0.08019531075206032
2020-08-05 23:51:00,0.19262340774872655
2020-08-05 23:54:00,-0.010843246634919979
2020-08-05 23:57:00,0.17744159768841428
2020-08-06 00:00:00,0.1147740772910879
2020-08-06 00:03:00,0.08061989718385121
2020-08-06 00:06:00,0.1364468227924931
2020-08-06 00:09:00,0.12447098225834452
2020-08-06 00:12:00,0.11162212458634713
2020-08-06 00:15:00,0.1870350150616673
2020-08-06 00:18:00,0.08840974200489882
2020-08-06 00:21:00,0.10247945921838664
2020-08-06 00:24:00,0.17718092996051382
2020-08-06 00:27:00,0.23068730897153955
2020-08-06 00:30:00,0.0923806775781486
2020-08-06 00:33:00,0.12388872418381425
2020-08-06 00:36:00,0.03986388779560457
2020-08-06 00:39:00,0.11525217607390914
2020-08-06 00:42:00,0.14211581632719117
2020-08-06 00:45:00,0.10512370667521509
2020-08-06 00:48:00,0.18720575385606253
2020-08-06 00:51:00,0.2102090466376012
2020-08-06 00:54:00,0.093809988330122
2020-08-06 00:57:00,0.19832010390592814
2020-08-06 01:00:00,0.10754567278485183
2020-08-06 01:03:00,0.13886081484696433
2020-08-06 01:06:00,0.10167596907405141
2020-08-06 01:09:00,0.13932787467223307
2020-08-06 01:12:00,0.13100710301347362
2020-08-06 01:15:00,0.053703017312614065
2020-08-06 01:18:00,0.28983607079487683
2020-08-06 01:21:00,0.12024846091964037
2020-08-06 01:24:00,0.05464189646596651
2020-08-06 01:27:00,0.177633712486454
2020-08-06 01:30:00,0.18149429178646415
2020-08-06 01:33:00,0.16422219619187217
2020-08-06 01:36:00,0.21189744246800046
2020-08-06 01:39:00,0.21139295452979923
2020-08-06 01:42:00,0.07301723900388879
2020-08-06 01:45:00,0.1982529045129695
2020-08-06 01:48:00,0.13527487518484804
2020-08-06 01:51:00,0.2711447988962732
2020-08-06 01:54:00,0.23531205250213816
2020-08-06 01:57:00,0.12642352844915195
2020-08-06 02:00:00,0.1528379147536043
2020-08-06 02:03:00,0.13057667896828207
2020-08-06 02:06:00,0.1854952843365254
2020-08-06 02:09:00,0.14422058646943015
2020-08-06 02:12:00,0.1517761882032005
2020-08-06 02:15:00,0.14799861715562201
2020-08-06 02:18:00,0.1236796277177632
2020-08-06 02:21:00,0.16607254792768344
2020-08-06 02:24:00,0.10028397324299476
2020-08-06 02:27:00,0.24085861048047263
2020-08-06 02:30:00,0.23428700751554743
2020-08-06 02:33:00,0.23870630792254133
2020-08-06 02:36:00,0.25375215342808133
2020-08-06 02:39:00,0.2637181657353267
2020-08-06 02:42:00,0.16609608596701264
2020-08-06 02:45:00,0.13622774934833615
2020-08-06 02:48:00,0.17034844755687573
2020-08-06 02:51:00,0.16495597077147295
2020-08-06 02:54:00,0.21996764892787724
2020-08-06 02:57:00,0.2934577117343906
2020-08-06 03:00:00,0.30583073161977836
2020-08-06 03:03:00,0.2159015110566429
2020-08-06 03:06:00,0.2455077556796823
2020-08-06 03:09:00,0.2559054451193674
2020-08-06 03:12:00,0.21741678411882503
2020-08-06 03:15:00,0.18155057633816796
2020-08-06 03:18:00,0.13858122291912878
2020-08-06 03:21:00,0.09822900969243165
2020-08-06 03:24:00,0.2969655030174181
2020-08-06 03:27:00,0.14210485026330844
2020-08-06 03:30:00,0.17636162380983933
2020-08-06 03:33:00,0.2903826933056166
2020-08-06 03:36:00,0.2181701011234054
2020-08-06 03:39:00,0.2971457534112574
2020-08-06 03:42:00,0.20482869099629397
2020-08-06 03:45:00,0.2828326976140829
2020-08-06 03:48:00,0.30202211161457626
2020-08-06 03:51:00,0.1444400260664338
2020-08-06 03:54:00,0.23125218700528194
2020-08-06 03:57:00,0.31877593449013375
2020-08-06 04:00:00,0.3230959905925488
2020-08-06 04:03:00,0.3090220955530185
2020-08-06 04:06:00,0.2617138588027501
2020-08-06 04:09:00,0.27541471157564956
2020-08-06 04:12:00,0.2529729677274304
2020-08-06 04:15:00,0.2859183235436831
2020-08-06 04:18:00,0.3261178958231312
2020-08-06 04:21:00,0.299049604033371
2020-08-06 04:24:00,0.3088234356169437
2020-08-06 04:27:00,0.26563021492819416
2020-08-06 04:30:00,0.42348801539401393
2020-08-06 04:33:00,0.2296523566186579
2020-08-06 04:36:00,0.3991271069827462
2020-08-06 04:39:00,0.34707246065346453
2020-08-06 04:42:00,0.40462096132984016
2020-08-06 04:45:00,0.32070080374273857
2020-08-06 04:48:00,0.25439285924437627
2020-08-06 04:51:00,0.3612769590664584
2020-08-06 04:54:00,0.30732163154789305
2020-08-06 04:57:00,0.36028211997398785
2020-08-06 05:00:00,0.30559629108148556
2020-08-06 05:03:00,0.27309080266854835
2020-08-06 05:06:00,0.3914315959685837
2020-08-06 05:09:00,0.23040798014653774
2020-08-06 05:12:00,0.23978060647635857
2020-08-06 05:15:00,0.2111496033722915
2020-08-06 05:18:00,0.231233388347448
2020-08-06 05:21:00,0.29479384449388135
2020-08-06 05:24:00,0.27536400910497605
2020-08-06 05:27:00,0.3205941943585344
2020-08-06 05:30:00,0.38543243255116977
2020-08-06 05:33:00,0.314891078271728
2020-08-06 05:36:00,0.22864845365563724
2020-08-06 05:39:00,0.2672674066408831
2020-08-06 05:42:00,0.24917923604709813
2020-08-06 05:45:00,0.33916155356519084
2020-08-06 05:48:00,0.2946351477576741
2020-08-06 05:51:00,0.25771839152167786
2020-08-06 05:54:00,0.3174505285317082
2020-08-06 05:57:00,0.31110258469431074
2020-08-06 06:00:00,0.2714699290906992
2020-08-06 06:03:00,0.2770018394107865
2020-08-06 06:06:00,0.3529842503381815
2020-08-06 06:09:00,0.3687665051590443
2020-08-06 06:12:00,0.22505628176196524
2020-08-06 06:15:00,0.22442208379550266
2020-08-06 06:18:00,0.3174696514537345
2020-08-06 06:21:00,0.23823900135425902
2020-08-06 06:24:00,0.2667508565771186
2020-08-06 06:27:00,0.25792503931273814
2020-08-06 06:30:00,0.2866160426666511
2020-08-06 06:33:00,0.2917287318554145
2020-08-06 06:36:00,0.29981296095598964
2020-08-06 06:39:00,0.19821008845519827
2020-08-06 06:42:00,0.19523684128802188
2020-08-06 06:45:00,0.350436271915612
2020-08-06 06:48:00,0.3319576049561306
2020-08-06 06:51:00,0.24832093445633063
2020-08-06 06:54:00,0.22147464525886562
2020-08-06 06:57:00,0.20666995071024985
2020-08-06 07:00:00,0.1786551030260739
2020-08-06 07:03:00,0.27746942026487886
2020-08-06 07:06:00,0.23835221782724147
2020-08-06 07:09:00,0.2670568186042601
2020-08-06 07:12:00,0.39023236576883846
2020-08-06 07:15:00,0.2625710763348934
2020-08-06 07:18:00,0.29630429923440715
2020-08-06 07:21:00,0.28743774161125657
2020-08-06 07:24:00,0.2943536779766873
2020-08-06 07:27:00,0.2836930242831386
2020-08-06 07:30:00,0.27906399357260625
2020-08-06 07:33:00,0.2763641698249444
2020-08-06 07:36:00,0.25266043936647975
2020-08-06 07:39:00,0.2985907416168061
2020-08-06 07:42:00,0.28255684573451845
2020-08-06 07:45:00,0.3146410909336623
2020-08-06 07:48:00,0.21691662518099974
2020-08-06 07:51:00,0.2278552265264011
2020-08-06 07:54:00,0.27455578605395203
2020-08-06 07:57:00,0.2509150199003898
2020-08-06 08:00:00,0.2184846162700751
2020-08-06 08:03:00,0.21399974768416996
2020-08-06 08:06:00,0.25298578159004137
2020-08-06 08:09:00,0.25737841341970125
2020-08-06 08:12:00,0.1919227138239421
2020-08-06 08:15:00,0.22613575923566032
2020-08-06 08:18:00,0.23660902734280853
2020-08-06 08:21:00,0.17968705035110588
2020-08-06 08:24:00,0.289381226103842
2020-08-06 08:27:00,0.33352181437174977
2020-08-06 08:30:00,0.24115898953044734
2020-08-06 08:33:00,0.2382742999585048
2020-08-06 08:36:00,0.2332276680264158
2020-08-06 08:39:00,0.12286609347626154
2020-08-06 08:42:00,0.139566308884298
2020-08-06 08:45:00,0.19452915430395024
2020-08-06 08:48:00,0.17675978595872266
2020-08-06 08:51:00,0.09389547648993357
2020-08-06 08:54:00,0.08907455913555395
2020-08-06 08:57:00,0.284142105158935
2020-08-06 09:00:00,0.21420173697930522
2020-08-06 09:03:00,0.25692046759758114
2020-08-06 09:06:00,0.16881771652737143
2020-08-06 09:09:00,0.20390906612686877
2020-08-06 09:12:00,0.24567608302925237
2020-08-06 09:15:00,0.1567144739675541
2020-08-06 09:18:00,0.1995431896524451
2020-08-06 09:21:00,0.14056866907208132
2020-08-06 09:24:00,0.07353760131093168
2020-08-06 09:27:00,0.17001801793310278
2020-08-06 09:30:00,0.12394212358486811
2020-08-06 09:33:00,0.17687811282439725
2020-08-06 09:36:00,0.016070038367217876
2020-08-06 09:39:00,0.12056426831543376
2020-08-06 09:42:00,0.09084578795426523
2020-08-06 09:45:00,0.08157978117759512
2020-08-06 09:48:00,0.16453561495518443
2020-08-06 09:51:00,0.04151873290373942
2020-08-06 09:54:00,0.09872348752008975
2020-08-06 09:57:00,0.04097719996656224
2020-08-06 10:00:00,-0.11597317917738792
2020-08-06 10:03:00,0.013247590295463851
2020-08-06 10:06:00,-0.09009622642031445
2020-08-06 10:09:00,-0.041594064185005664
2020-08-06 10:12:00,-0.11903308503258359
2020-08-06 10:15:00,-0.16133689201092238
2020-08-06 10:18:00,-0.09228883907400132
2020-08-06 10:21:00,-0.12416604286124766
2020-08-06 10:24:00,-0.22886726401986834
2020-08-06 10:27:00,-0.21946960945007277
2020-08-06 10:30:00,-0.19566808571102
2020-08-06 10:33:00,-0.2508089853326396
2020-08-06 10:36:00,-0.19752858543887442
2020-08-06 10:39:00,-0.21167394305342668
2020-08-06 10:42:00,-0.08831414040304253
2020-08-06 10:45:00,-0.21566216765813806
2020-08-06 10:48:00,-0.25723492393416336
2020-08-06 10:51:00,-0.22856040089698126
2020-08-06 10:54:00,-0.21937166349994186
2020-08-06 10:57:00,-0.23136953208216937
2020-08-06 11:00:00,-0.24967301216111082
2020-08-06 11:03:00,-0.17595770789120024
2020-08-06 11:06:00,-0.2679405663228067
2020-08-06 11:09:00,-0.21011759408361286
2020-08-06 11:12:00,-0.1690580367122152
2020-08-06 11:15:00,-0.31755375135236363
2020-08-06 11:18:00,-0.20932259213162752
2020-08-06 11:21:00,-0.31852975032609265
2020-08-06 11:24:00,-0.1827093344498394
2020-08-06 11:27:00,-0.29248457424438357
2020-08-06 11:30:00,-0.3624320929825444
2020-08-06 11:33:00,-0.4191244365027842
2020-08-06 11:36:00,-0.2106659783979694
2020-08-06 11:39:00,-0.4016660035581481
2020-08-06 11:42:00,-0.3336252432814035
2020-08-06 11:45:00,-0.25546068769494923
2020-08-06 11:48:00,-0.35352902767738215
2020-08-06 11:51:00,-0.2636302120909022
2020-08-06 11:54:00,-0.22985347612893747
2020-08-06 11:57:00,-0.1043148600287509
2020-08-06 12:00:00,-0.034820614589250454
2020-08-06 12:03:00,-0.0867441987244888
2020-08-06 12:06:00,-0.16271275197539126
2020-08-06 12:09:00,-0.1906114679097186
2020-08-06 12:12:00,-0.1856882827814843
2020-08-06 12:15:00,-0.2752858824584905
2020-08-06 12:18:00,-0.29419449036856804
2020-08-06 12:21:00,-0.33544415128420724
2020-08-06 12:24:00,-0.31397774338910267
2020-08-06 12:27:00,-0.2944072649291911
2020-08-06 12:30:00,-0.33316151334423694
2020-08-06 12:33:00,-0.4876553179573193
2020-08-06 12:36:00,-0.38959902391218293
2020-08-06 12:39:00,-0.32434226419724155
2020-08-06 12:42:00,-0.239453942762907
2020-08-06 12:45:00,-0.24941709540735246
2020-08-06 12:48:00,-0.3129880295092562
2020-08-06 12:51:00,-0.29588712810175366
2020-08-06 12:54:00,-0.29159440505532075
2020-08-06 12:57:00,-0.2572102691275404
2020-08-06 13:00:00,-0.2793386557503368
2020-08-06 13:03:00,-0.43719676653819306
2020-08-06 13:06:00,-0.2910815641318436
2020-08-06 13:09:00,-0.22120066321588183
2020-08-06 13:12:00,-0.20834562390211886
2020-08-06 13:15:00,-0.35910977845173875
2020-08-06 13:18:00,-0.23085044669767285
2020-08-06 13:21:00,-0.451770829485838
2020-08-06 13:24:00,-0.42112095479996015
2020-08-06 13:27:00,-0.5026717323696062
2020-08-06 13:30:00,-0.5474848073470184
2020-08-06 13:33:00,-0.44960252209040164
2020-08-06 13:36:00,-0.4659880678275954
2020-08-06 13:39:00,-0.442172118080407
2020-08-06 13:42:00,-0.5419210640147298
2020-08-06 13:45:00,-0.6171891180801481
2020-08-06 13:48:00,-0.31316320041048584
2020-08-06 13:51:00,-0.4763421152071601
2020-08-06 13:54:00,-0.3828167116750478
2020-08-06 13:57:00,-0.219949012110078
2020-08-06 14:00:00,-0.28888173197100286
2020-08-06 14:03:00,-0.4423111514186644
2020-08-06 14:06:00,-0.5713948981447174
2020-08-06 14:09:00,-0.47400585949139895
2020-08-06 14:12:00,-0.36888673562521035
2020-08-06 14:15:00,-0.4118657896578952
2020-08-06 14:18:00,-0.4044400816482039
2020-08-06 14:21:00,-0.5110335328517408
2020-08-06 14:24:00,-0.5102935233744006
2020-08-06 14:27:00,-0.5229825878905672
2020-08-06 14:30:00,-0.4865125894806397
2020-08-06 14:33:00,-0.5021009430857362
2020-08-06 14:36:00,-0.4952868780889048
2020-08-06 14:39:00,-0.5605282500015392
2020-08-06 14:42:00,-0.43875988735572946
2020-08-06 14:45:00,-0.5193131526811499
2020-08-06 14:48:00,-0.517267231358062
2020-08-06 14:51:00,-0.5211058865631344
2020-08-06 14:54:00,-0.5990621536577123
2020-08-06 14:57:00,-0.4845616392105967
2020-08-06 15:00:00,-0.4724444302806319
2020-08-06 15:03:00,-0.576249498970526
2020-08-06 15:06:00,-0.5749267403838303
2020-08-06 15:09:00,-0.5113459571808221
2020-08-06 15:12:00,-0.4277791618973197
2020-08-06 15:15:00,-0.5042290829734952
2020-08-06 15:18:00,-0.5250723524453633
2020-08-06 15:21:00,-0.5559249759767226
2020-08-06 15:24:00,-0.473540150832207
2020-08-06 15:27:00,-0.47703365961780264
2020-08-06 15:30:00,-0.45237855769647695
2020-08-06 15:33:00,-0.4678088126663056
2020-08-06 15:36:00,-0.521287235143916
2020-08-06 15:39:00,-0.5373230921956633
2020-08-06 15:42:00,-0.4283612982450222
2020-08-06 15:45:00,-0.4271388535529468
2020-08-06 15:48:00,-0.4114707189729643
2020-08-06 15:51:00,-0.4635200844354017
2020-08-06 15:54:00,-0.447837997474835
2020-08-06 15:57:00,-0.41578593733777325
2020-08-06 16:00:00,-0.43497402415238184
2020-08-06 16:03:00,-0.4331600795126178
2020-08-06 16:06:00,-0.5174001110406152
2020-08-06 16:09:00,-0.4226279431788953
2020-08-06 16:12:00,-0.4898578557701967
2020-08-06 16:15:00,-0.5118049181397737
2020-08-06 16:18:00,-0.5018039049405161
2020-08-06 16:21:00,-0.40854159846855964
2020-08-06 16:24:00,-0.5115667499231904
2020-08-06 16:27:00,-0.386645725642893
2020-08-06 16:30:00,-0.46492873774940335
2020-08-06 16:33:00,-0.495869973152935
2020-08-06 16:36:00,-0.49971778578230897
2020-08-06 16:39:00,-0.42825402638402466
2020-08-06 16:42:00,-0.4630732498014254
2020-08-06 16:45:00,-0.4299774622780319
2020-08-06 16:48:00,-0.37204334807813666
2020-08-06 16:51:00,-0.5035005555068892
2020-08-06 16:54:00,-0.5343284776558903
2020-08-06 16:57:00,-0.5505814799846576
2020-08-06 17:00:00,-0.4209596823914694
2020-08-06 17:03:00,-0.4725253645627845
2020-08-06 17:06:00,-0.5090840932538754
2020-08-06 17:09:00,-0.5376646882570526
2020-08-06 17:12:00,-0.4914097549384451
2020-08-06 17:15:00,-0.440660973125091
2020-08-06 17:18:00,-0.43939554425350025
2020-08-06 17:21:00,-0.468150403863433
2020-08-06 17:24:00,-0.44783163774764034
2020-08-06 17:27:00,-0.4752745696117131
2020-08-06 17:30:00,-0.45198118611722293
2020-08-06 17:33:00,-0.49591244640629384
2020-08-06 17:36:00,-0.5108869836422514
2020-08-06 17:39:00,-0.33522903485555844
2020-08-06 17:42:00,-0.3390827031418553
2020-08-06 17:45:00,-0.5063658652814524
2020-08-06 17:48:00,-0.40571147684141806
2020-08-06 17:51:00,-0.38474543423507157
2020-08-06 17:54:00,-0.35096453925257265
2020-08-06 17:57:00,-0.37971965275761477
2020-08-06 18:00:00,-0.3564155661068753
2020-08-06 18:03:00,-0.29964190253798506
2020-08-06 18:06:00,-0.4108924985926592
2020-08-06 18:09:00,-0.22116427193475374
2020-08-06 18:12:00,-0.2546954894201008
2020-08-06 18:15:00,-0.24666827027186855
2020-08-06 18:18:00,-0.31542624357769
2020-08-06 18:21:00,-0.22959849894687068
2020-08-06 18:24:00,-0.28020921875037175
2020-08-06 18:27:00,-0.12017182871653631
2020-08-06 18:30:00,-0.2765119771028708
2020-08-06 18:33:00,-0.2137218704795032
2020-08-06 18:36:00,-0.11974711161462892
2020-08-06 18:39:00,-0.2586209056552775
2020-08-06 18:42:00,-0.05921989828095775
2020-08-06 18:45:00,-0.10331929675965057
2020-08-06 18:48:00,-0.08274747700960461
2020-08-06 18:51:00,-0.045036326432125406
2020-08-06 18:54:00,-0.01595982975049992
2020-08-06 18:57:00,-0.03252833530194721
2020-08-06 19:00:00,-0.07000576098153033
2020-08-06 19:03:00,-0.08995607834748398
2020-08-06 19:06:00,-0.161910428727424
2020-08-06 19:09:00,-0.1566609531644758
2020-08-06 19:12:00,-0.10162889615395443
2020-08-06 19:15:00,-0.1802204206036322
2020-08-06 19:18:00,-0.20079030040591306
2020-08-06 19:21:00,-0.13724413267573254
2020-08-06 19:24:00,-0.14455351236023262
2020-08-06 19:27:00,-0.11543158960751043
2020-08-06 19:30:00,-0.1971524460346359
2020-08-06 19:33:00,-0.1016811899924619
2020-08-06 19:36:00,-0.05792325059098857
2020-08-06 19:39:00,-0.09658944355840049
2020-08-06 19:42:00,-0.12350259878422776
2020-08-06 19:45:00,-0.18731538666520464
2020-08-06 19:48:00,-0.03786839026065536
2020-08-06 19:51:00,0.003859531809780492
2020-08-06 19:54:00,-0.012627688790644243
2020-08-06 19:57:00,-0.10406541376750056
2020-08-06 20:00:00,-0.1044711321639511
2020-08-06 20:03:00,-0.018236837803215167
2020-08-06 20:06:00,0.01066704230419191
2020-08-06 20:09:00,-0.11088245428214805
2020-08-06 20:12:00,0.03144967371730445
2020-08-06 20:15:00,-0.01918562062013507
2020-08-06 20:18:00,-0.007941202374070144
2020-08-06 20:21:00,0.000203571047393325
2020-08-06 20:24:00,-0.0005217591424866441
2020-08-06 20:27:00,-0.059923631605613537
2020-08-06 20:30:00,-0.032608522926182104
2020-08-06 20:33:00,-0.038746813297450444
2020-08-06 20:36:00,0.08465257910188484
2020-08-06 20:39:00,-0.03425455306768299
2020-08-06 20:42:00,0.01247738305397661
2020-08-06 20:45:00,-0.0312457667992021
2020-08-06 20:48:00,0.02700245503416454
2020-08-06 20:51:00,0.015976978026174038
2020-08-06 20:54:00,0.029165806684034123
2020-08-06 20:57:00,-0.06308607026380741
2020-08-06 21:00:00,-0.05618219509432265
2020-08-06 21:03:00,-0.024555874885663798
2020-08-06 21:06:00,-0.03742426489952777
2020-08-06 21:09:00,-0.05996710010106199
2020-08-06 21:12:00,-0.04360669516898952
2020-08-06 21:15:00,0.014274436400683044
2020-08-06 21:18:00,-0.04997779397422164
2020-08-06 21:21:00,-0.023761294301891667
2020-08-06 21:24:00,-0.08679156554677547
2020-08-06 21:27:00,-0.10319169137068229
2020-08-06 21:30:00,-0.04108092744576197
2020-08-06 21:33:00,0.011306370958777734
2020-08-06 21:36:00,-0.016473048099953758
2020-08-06 21:39:00,-0.1064924651717547
2020-08-06 21:42:00,-0.0005325649636347407
2020-08-06 21:45:00,0.011512990446021831
2020-08-06 21:48:00,0.014383939632978127
2020-08-06 21:51:00,-0.009319285672518163
2020-08-06 21:54:00,0.0285812223778521
2020-08-06 21:57:00,0.0026642498998512565
2020-08-06 22:00:00,0.11413418066263148
2020-08-06 22:03:00,0.024681913673532563
2020-08-06 22:06:00,-0.08720788554165892
2020-08-06 22:09:00,0.027803912820274945
2020-08-06 22:12:00,-0.0025073831309327943
2020-08-06 22:15:00,0.06987454463558151
2020-08-06 22:18:00,0.06073758131185514
2020-08-06 22:21:00,0.07869350406588183
2020-08-06 22:24:00,0.008835316175691332
2020-08-06 22:27:00,-0.04155814744365216
2020-08-06 22:30:00,0.09470491624682609
2020-08-06 22:33:00,-0.0426176703016381
2020-08-06 22:36:00,0.029653231385964318
2020-08-06 22:39:00,-0.0026825898544302618
2020-08-06 22:42:00,-0.019421030113392135
2020-08-06 22:45:00,0.02957582201719333
2020-08-06 22:48:00,0.10778088962513266
2020-08-06 22:51:00,0.08506798449633379
2020-08-06 22:54:00,0.10742024111254977
2020-08-06 22:57:00,-0.03274096593202103
2020-08-06 23:00:00,0.05552201006872792
2020-08-06 23:03:00,-0.0981329563388158
2020-08-06 23:06:00,0.01656048730052362
2020-08-06 23:09:00,0.04394256071907421
2020-08-06 23:12:00,-0.0036554323968971403
2020-08-06 23:15:00,0.09864306444342219
2020-08-06 23:18:00,0.07046723947564715
2020-08-06 23:21:00,0.010844663639602459
2020-08-06 23:24:00,0.11746399164547938
2020-08-06 23:27:00,0.07952833928993641
2020-08-06 23:30:00,0.049226279297954534
2020-08-06 23:33:00,-0.0051343115753184065
2020-08-06 23:36:00,0.08759805197411197
2020-08-06 23:39:00,0.1405357134717633
2020-08-06 23:42:00,0.04851127932971622
2020-08-06 23:45:00,0.11064298421877083
2020-08-06 23:48:00,0.058869617209552416
2020-08-06 23:51:00,0.040081678964781986
2020-08-06 23:54:00,0.050420943868118684
2020-08-06 23:57:00,0.06544418402165775
2020-08-07 00:00:00,-0.005060210699127765
2020-08-07 00:03:00,0.1265582091602937
2020-08-07 00:06:00,0.07631927328452548
2020-08-07 00:09:00,0.07925358186241738
2020-08-07 00:12:00,0.04102169553004842
2020-08-07 00:15:00,-0.05262572970286783
2020-08-07 00:18:00,0.03391327065645555
2020-08-07 00:21:00,-0.03438645527302242
2020-08-07 00:24:00,0.05603453313119644
2020-08-07 00:27:00,0.0147186439177176
2020-08-07 00:30:00,0.02068960943933007
2020-08-07 00:33:00,0.031045392937016913
2020-08-07 00:36:00,0.07860236283352151
2020-08-07 00:39:00,0.133928062180928
2020-08-07 00:42:00,0.09364300364677547
2020-08-07 00:45:00,-0.036498633873236486
2020-08-07 00:48:00,0.05717270280553066
2020-08-07 00:51:00,0.1339004220296829
2020-08-07 00:54:00,0.08969115370933878
2020-08-07 00:57:00,0.16793929152186138
2020-08-07 01:00:00,0.16085532954508608
2020-08-07 01:03:00,0.16322072983371072
2020-08-07 01:06:00,0.14576404639285556
2020-08-07 01:09:00,0.011941372943510942
2020-08-07 01:12:00,0.14666969378401973
2020-08-07 01:15:00,0.09619111222502852
2020-08-07 01:18:00,0.18569956727719727
2020-08-07 01:21:00,0.10578039359978675
2020-08-07 01:24:00,0.047007492612465285
2020-08-07 01:27:00,0.09654970920797723
2020-08-07 01:30:00,0.14955377084635302
2020-08-07 01:33:00,0.07450220428103194
2020-08-07 01:36:00,0.12061407118579837
2020-08-07 01:39:00,0.14244982138927753
2020-08-07 01:42:00,0.03882894607232856
2020-08-07 01:45:00,0.03798099688566481
2020-08-07 01:48:00,0.1924670812438194
2020-08-07 01:51:00,0.1551701839547377
2020-08-07 01:54:00,0.09680604502705137
2020-08-07 01:57:00,0.20857449269408335
2020-08-07 02:00:00,0.29273215189982693
2020-08-07 02:03:00,0.20940587394517252
2020-08-07 02:06:00,0.15751405180168376
2020-08-07 02:09:00,0.19690806894760726
2020-08-07 02:12:00,0.11042802960753306
2020-08-07 02:15:00,0.13677184143000432
2020-08-07 02:18:00,0.20338734854561835
2020-08-07 02:21:00,0.19719370549239557
2020-08-07 02:24:00,0.1428319964536513
2020-08-07 02:27:00,0.20345871011687677
2020-08-07 02:30:00,0.2751187327152138
2020-08-07 02:33:00,0.2794333893801877
2020-08-07 02:36:00,0.2412934589726774
2020-08-07 02:39:00,0.18325329957446002
2020-08-07 02:42:00,0.2415575742664373
2020-08-07 02:45:00,0.11983900506885448
2020-08-07 02:48:00,0.16528336630244667
2020-08-07 02:51:00,0.20311754066722187
2020-08-07 02:54:00,0.10211558543386445
2020-08-07 02:57:00,0.13715277092472888
2020-08-07 03:00:00,0.2657547547831882
2020-08-07 03:03:00,0.12686136569948303
2020-08-07 03:06:00,0.029398467601424727
2020-08-07 03:09:00,0.19391242354703309
2020-08-07 03:12:00,0.10819672071812647
2020-08-07 03:15:00,0.11579993707579206
2020-08-07 03:18:00,0.07313071598639453
2020-08-07 03:21:00,0.19694870604752168
2020-08-07 03:24:00,0.2521888549784421
2020-08-07 03:27:00,0.2602125377517268
2020-08-07 03:30:00,0.24808655838609184
2020-08-07 03:33:00,0.285289432733407
2020-08-07 03:36:00,0.22272267777651678
2020-08-07 03:39:00,0.1719164640393842
2020-08-07 03:42:00,0.20846157554757383
2020-08-07 03:45:00,0.17543675005163095
2020-08-07 03:48:00,0.17537554276464107
2020-08-07 03:51:00,0.1414622012070481
2020-08-07 03:54:00,0.22244910738618273
2020-08-07 03:57:00,0.269859517335135
2020-08-07 04:00:00,0.29831838340464856
2020-08-07 04:03:00,0.45514583783437956
2020-08-07 04:06:00,0.19454816844677225
2020-08-07 04:09:00,0.15753426727638953
2020-08-07 04:12:00,0.24679674981041444
2020-08-07 04:15:00,0.21051444767147132
2020-08-07 04:18:00,0.0953436451449079
2020-08-07 04:21:00,0.26052422002948106
2020-08-07 04:24:00,0.2095776345709055
2020-08-07 04:27:00,0.20319428968917919
2020-08-07 04:30:00,0.14155268625597728
2020-08-07 04:33:00,0.13355846772532232
2020-08-07 04:36:00,0.10960683791688552
2020-08-07 04:39:00,0.15540865628764777
2020-08-07 04:42:00,0.1706215930623216
2020-08-07 04:45:00,0.18871099653426882
2020-08-07 04:48:00,0.15107657477130942
2020-08-07 04:51:00,0.1577032596715071
2020-08-07 04:54:00,0.2280940096434847
2020-08-07 04:57:00,0.21252407264341855
2020-08-07 05:00:00,0.24660618090030084
2020-08-07 05:03:00,0.20079216788417398
2020-08-07 05:06:00,0.12068868958192525
2020-08-07 05:09:00,0.260377133736597
2020-08-07 05:12:00,0.2294288295803426
2020-08-07 05:15:00,0.28729830486969377
2020-08-07 05:18:00,0.26578160331655454
2020-08-07 05:21:00,0.16258670790659835
2020-08-07 05:24:00,0.21675836047671737
2020-08-07 05:27:00,0.07617411483147407
2020-08-07 05:30:00,0.23582506865159303
2020-08-07 05:33:00,0.16018141189806556
2020-08-07 05:36:00,0.25562624596534533
2020-08-07 05:39:00,0.21887235379739423
2020-08-07 05:42:00,0.18138481180528743
2020-08-07 05:45:00,0.23274414520591336
2020-08-07 05:48:00,0.14664774128414138
2020-08-07 05:51:00,0.23598948988114898
2020-08-07 05:54:00,0.2634788072517722
2020-08-07 05:57:00,0.28680787114632267
2020-08-07 06:00:00,0.30014338830682163
2020-08-07 06:03:00,0.25725255773892286
2020-08-07 06:06:00,0.23244914403977646
2020-08-07 06:09:00,0.12563623167744709
2020-08-07 06:12:00,0.23442506655379702
2020-08-07 06:15:00,0.20869660841191262
2020-08-07 06:18:00,0.20882308772826264
2020-08-07 06:21:00,0.21265870140695142
2020-08-07 06:24:00,0.2697599421717314
2020-08-07 06:27:00,0.3964482829095459
2020-08-07 06:30:00,0.22231657495058244
2020-08-07 06:33:00,0.1962119019398756
2020-08-07 06:36:00,0.27628548216728177
2020-08-07 06:39:00,0.2297648489075641
2020-08-07 06:42:00,0.1701264405933216
2020-08-07 06:45:00,0.19053255949734194
2020-08-07 06:48:00,0.22478865464478304
2020-08-07 06:51:00,0.20016015105989027
2020-08-07 06:54:00,0.20841410547456007
2020-08-07 06:57:00,0.23038423701893862
2020-08-07 07:00:00,0.3185909328667549
2020-08-07 07:03:00,0.2989208771620042
2020-08-07 07:06:00,0.3315972786351722
2020-08-07 07:09:00,0.17254048847416925
2020-08-07 07:12:00,0.1797034229232395
2020-08-07 07:15:00,0.2548763278648494
2020-08-07 07:18:00,0.31845313737818515
2020-08-07 07:21:00,0.20180960525811997
2020-08-07 07:24:00,0.21704966644927026
2020-08-07 07:27:00,0.22053352249253066
2020-08-07 07:30:00,0.2159851307786198
2020-08-07 07:33:00,0.20500435752774138
2020-08-07 07:36:00,0.22781260028881434
2020-08-07 07:39:00,0.33890237820310176
2020-08-07 07:42:00,0.2944160506540925
2020-08-07 07:45:00,0.2867184046431248
2020-08-07 07:48:00,0.30955313387494243
2020-08-07 07:51:00,0.31772149381225745
2020-08-07 07:54:00,0.22044164034696223
2020-08-07 07:57:00,0.26168198979490853
2020-08-07 08:00:00,0.3344775450761972
2020-08-07 08:03:00,0.17256938857735804
2020-08-07 08:06:00,0.19253656181695078
2020-08-07 08:09:00,0.273398878146736
2020-08-07 08:12:00,0.3707840402011584
2020-08-07 08:15:00,0.27782243194826606
2020-08-07 08:18:00,0.19919801124740388
2020-08-07 08:21:00,0.23041187926554585
2020-08-07 08:24:00,0.28341189753723484
2020-08-07 08:27:00,0.21940065547943277
2020-08-07 08:30:00,0.3301620876137008
2020-08-07 08:33:00,0.2803178057819764
2020-08-07 08:36:00,0.19135271884454141
2020-08-07 08:39:00,0.1534397861709067
2020-08-07 08:42:00,0.20869741476667514
2020-08-07 08:45:00,0.17087482476455307
2020-08-07 08:48:00,0.052080794172582046
2020-08-07 08:51:00,0.22498870761228318
2020-08-07 08:54:00,0.20345270919580116
2020-08-07 08:57:00,0.15634067139245644
2020-08-07 09:00:00,0.12430312669926025
2020-08-07 09:03:00,0.08023899091347175
2020-08-07 09:06:00,0.018335603552486646
2020-08-07 09:09:00,0.08516861284061861
2020-08-07 09:12:00,-0.05693591184433444
2020-08-07 09:15:00,-0.10679882071127622
2020-08-07 09:18:00,-0.0491576799350355
2020-08-07 09:21:00,-0.01696819356817514
2020-08-07 09:24:00,0.03103690697167849
2020-08-07 09:27:00,-0.10154391451249012
2020-08-07 09:30:00,-0.12757364471531218
2020-08-07 09:33:00,-0.1579957898381963
2020-08-07 09:36:00,-0.11595023543827665
2020-08-07 09:39:00,-0.14722043042672794
2020-08-07 09:42:00,-0.2097609965123297
2020-08-07 09:45:00,-0.11685491067277098
2020-08-07 09:48:00,-0.07798864410642636
2020-08-07 09:51:00,-0.13511150932481542
2020-08-07 09:54:00,-0.25247431574535995
2020-08-07 09:57:00,-0.17847886087753295
2020-08-07 10:00:00,-0.13143754177446
2020-08-07 10:03:00,
2020-08-07 10:06:00,
2020-08-07 10:09:00,
2020-08-07 10:12:00,-0.2645631359752656
2020-08-07 10:15:00,-0.18707006252503788
2020-08-07 10:18:00,-0.24759101388661975
2020-08-07 10:21:00,-0.2773301350062525
2020-08-07 10:24:00,-0.33086327686527284
2020-08-07 10:27:00,-0.2750170381253838
2020-08-07 10:30:00,-0.34023222851334367
2020-08-07 10:33:00,-0.23342200161988558
2020-08-07 10:36:00,-0.35214626722728326
2020-08-07 10:39:00,-0.2887163824356662
2020-08-07 10:42:00,-0.27219247769920685
2020-08-07 10:45:00,-0.30227966052467536
2020-08-07 10:48:00,-0.4055026211233326
2020-08-07 10:51:00,-0.3406517648669478
2020-08-07 10:54:00,-0.36998236719483657
2020-08-07 10:57:00,-0.3092625721291711
2020-08-07 11:00:00,-0.2985872075519751
2020-08-07 11:03:00,-0.27721624685136703
2020-08-07 11:06:00,-0.20776612537042638
2020-08-07 11:09:00,-0.2881830223015527
2020-08-07 11:12:00,-0.34662227194189654
2020-08-07 11:15:00,-0.34883178951537275
2020-08-07 11:18:00,-0.34719846890459394
2020-08-07 11:21:00,-0.33883208375783624
2020-08-07 11:24:00,-0.43148561609166336
2020-08-07 11:27:00,-0.43227807705369514
2020-08-07 11:30:00,-0.4395027891206382
2020-08-07 11:33:00,-0.4337504872247564
2020-08-07 11:36:00,-0.45741801344439637
2020-08-07 11:39:00,-0.4173678313943583
2020-08-07 11:42:00,-0.3081537775036054
2020-08-07 11:45:00,-0.32099964544067916
2020-08-07 11:48:00,-0.4941167546136285
2020-08-07 11:51:00,-0.382247062314093
2020-08-07 11:54:00,-0.4103282675157516
2020-08-07 11:57:00,-0.45024977261800814
2020-08-07 12:00:00,-0.448519698674545
2020-08-07 12:03:00,-0.5052480440328964
2020-08-07 12:06:00,-0.4606448246395871
2020-08-07 12:09:00,-0.5465052784036288
2020-08-07 12:12:00,-0.4382785670497924
2020-08-07 12:15:00,-0.48429697705591934
2020-08-07 12:18:00,-0.49305282738384903
2020-08-07 12:21:00,-0.47144834890252696
2020-08-07 12:24:00,-0.4136857092869377
2020-08-07 12:27:00,-0.2621355495159037
2020-08-07 12:30:00,-0.4776671535846049
2020-08-07 12:33:00,-0.42679609068147784
2020-08-07 12:36:00,-0.45273770626135956
2020-08-07 12:39:00,-0.5983636364745166
2020-08-07 12:42:00,-0.39394341518527654
2020-08-07 12:45:00,-0.3554586181400623
2020-08-07 12:48:00,-0.3399091228749853
2020-08-07 12:51:00,-0.20700579571996514
2020-08-07 12:54:00,-0.4212399616452558
2020-08-07 12:57:00,-0.37502267184288485
2020-08-07 13:00:00,-0.4579671724561649
2020-08-07 13:03:00,-0.518224500345525
2020-08-07 13:06:00,-0.6483958722011494
2020-08-07 13:09:00,-0.49211556317914074
2020-08-07 13:12:00,-0.39543465003742995
2020-08-07 13:15:00,-0.34855998526256826
2020-08-07 13:18:00,-0.43848106760975725
2020-08-07 13:21:00,-0.35629159120952636
2020-08-07 13:24:00,-0.3871999285518086
2020-08-07 13:27:00,-0.3946434758834698
2020-08-07 13:30:00,-0.3958615353154755
2020-08-07 13:33:00,-0.42623247193557745
2020-08-07 13:36:00,-0.3913717221682873
2020-08-07 13:39:00,-0.4610000271428021
2020-08-07 13:42:00,-0.38596232589821966
2020-08-07 13:45:00,-0.3828051881594092
2020-08-07 13:48:00,-0.4264696724115993
2020-08-07 13:51:00,-0.4720778630034488
2020-08-07 13:54:00,-0.36004263370813305
2020-08-07 13:57:00,-0.38069217360123275
2020-08-07 14:00:00,-0.290413903634942
2020-08-07 14:03:00,-0.4570567147794691
2020-08-07 14:06:00,-0.4442930798806515
2020-08-07 14:09:00,-0.5620984223438654
2020-08-07 14:12:00,-0.49776674597416104
2020-08-07 14:15:00,-0.4582526123817843
2020-08-07 14:18:00,-0.28951640258469524
2020-08-07 14:21:00,-0.5118471232543698
2020-08-07 14:24:00,-0.5112467966907843
2020-08-07 14:27:00,-0.37317405380991886
2020-08-07 14:30:00,-0.4748147039957189
2020-08-07 14:33:00,-0.48148251522673036
2020-08-07 14:36:00,-0.41192365292999966
2020-08-07 14:39:00,-0.362081196850113
2020-08-07 14:42:00,-0.41748361552993174
2020-08-07 14:45:00,-0.36820751938017793
2020-08-07 14:48:00,-0.4201114642162338
2020-08-07 14:51:00,-0.4743587318112077
2020-08-07 14:54:00,-0.5845109326145348
2020-08-07 14:57:00,-0.5532867805929982
2020-08-07 15:00:00,-0.5291872638367181
2020-08-07 15:03:00,-0.4712838650185631
2020-08-07 15:06:00,-0.4145885360063062
2020-08-07 15:09:00,-0.4594419955971034
2020-08-07 15:12:00,-0.5211000756694375
2020-08-07 15:15:00,-0.5552186991994859
2020-08-07 15:18:00,-0.47164001836739544
2020-08-07 15:21:00,-0.44889830960886457
2020-08-07 15:24:00,-0.5449837127259229
2020-08-07 15:27:00,-0.4613203553967651
2020-08-07 15:30:00,-0.5588919787986697
2020-08-07 15:33:00,-0.5244697343137545
2020-08-07 15:36:00,-0.5491453483533064
2020-08-07 15:39:00,-0.5327475572563571
2020-08-07 15:42:00,-0.4978913460541321
2020-08-07 15:45:00,-0.46196577273713046
2020-08-07 15:48:00,-0.41638092983674824
2020-08-07 15:51:00,-0.5493694716321329
2020-08-07 15:54:00,-0.5589538546327049
2020-08-07 15:57:00,-0.5394367825240352
2020-08-07 16:00:00,-0.3699389712432435
2020-08-07 16:03:00,-0.43219171924255306
2020-08-07 16:06:00,-0.47662220303880076
2020-08-07 16:09:00,-0.5711734205798962
2020-08-07 16:12:00,-0.5230905079043282
2020-08-07 16:15:00,-0.41757550081780437
2020-08-07 16:18:00,-0.42273723885512027
2020-08-07 16:21:00,-0.4788473394880839
2020-08-07 16:24:00,-0.4610041131674052
2020-08-07 16:27:00,-0.4810073933282979
2020-08-07 16:30:00,-0.43258599574301115
2020-08-07 16:33:00,-0.38639911845012875
2020-08-07 16:36:00,-0.4579065531953006
2020-08-07 16:39:00,-0.4182561836593095
2020-08-07 16:42:00,-0.4649968976065679
2020-08-07 16:45:00,-0.4256128534872232
2020-08-07 16:48:00,-0.43712751936089944
2020-08-07 16:51:00,-0.4434477678515236
2020-08-07 16:54:00,-0.3912677893329146
2020-08-07 16:57:00,-0.4472204545274394
2020-08-07 17:00:00,-0.46101845819845266
2020-08-07 17:03:00,-0.48529277503138246
2020-08-07 17:06:00,-0.40562459665000006
2020-08-07 17:09:00,-0.491889003134645
2020-08-07 17:12:00,-0.503551955909245
2020-08-07 17:15:00,-0.4786852296848565
2020-08-07 17:18:00,-0.40629014140733943
2020-08-07 17:21:00,-0.2934070879044839
2020-08-07 17:24:00,-0.31541612786008955
2020-08-07 17:27:00,-0.3567856399318998
2020-08-07 17:30:00,-0.3752511421193958
2020-08-07 17:33:00,-0.29733218093173264
2020-08-07 17:36:00,-0.4202564783358298
2020-08-07 17:39:00,-0.444087342280568
2020-08-07 17:42:00,-0.3835215237850207
2020-08-07 17:45:00,-0.33511708161756815
2020-08-07 17:48:00,-0.38417149938686634
2020-08-07 17:51:00,-0.4017542146794426
2020-08-07 17:54:00,-0.34397414765663825
2020-08-07 17:57:00,-0.28711225285456976
2020-08-07 18:00:00,-0.26678238136486243
2020-08-07 18:03:00,-0.3084964764662459
2020-08-07 18:06:00,-0.500074693463489
2020-08-07 18:09:00,-0.341046336663112
2020-08-07 18:12:00,-0.35267925794681787
2020-08-07 18:15:00,-0.3512650833473572
2020-08-07 18:18:00,-0.40640481077633694
2020-08-07 18:21:00,-0.35123531047628376
2020-08-07 18:24:00,-0.29763210737536383
2020-08-07 18:27:00,-0.16938126239648454
2020-08-07 18:30:00,-0.23745399540155177
2020-08-07 18:33:00,-0.27930245199252113
2020-08-07 18:36:00,-0.2566011320490702
2020-08-07 18:39:00,-0.2563233816921411
2020-08-07 18:42:00,-0.39556334482796274
2020-08-07 18:45:00,-0.3116612653952302
2020-08-07 18:48:00,-0.30772461933787554
2020-08-07 18:51:00,-0.1533087515209104
2020-08-07 18:54:00,
2020-08-07 18:57:00,
2020-08-07 19:00:00,
2020-08-07 19:03:00,-0.2957243314567677
2020-08-07 19:06:00,-0.1959953474938061
2020-08-07 19:09:00,-0.20633585616502614
2020-08-07 19:12:00,-0.19323368062242707
2020-08-07 19:15:00,-0.2814887871336964
2020-08-07 19:18:00,-0.24857458408325783
2020-08-07 19:21:00,-0.1598333543664694
2020-08-07 19:24:00,-0.2027573902063864
2020-08-07 19:27:00,-0.2562121794372274
2020-08-07 19:30:00,-0.1798253713928375
2020-08-07 19:33:00,-0.16654770169441235
2020-08-07 19:36:00,-0.2180773182896587
2020-08-07 19:39:00,-0.21317860032331737
2020-08-07 19:42:00,-0.32190844986098455
2020-08-07 19:45:00,-0.24248120565818
2020-08-07 19:48:00,-0.2216191252466615
2020-08-07 19:51:00,-0.13786563600507407
2020-08-07 19:54:00,-0.21569711380965373
2020-08-07 19:57:00,-0.14783659564415075
2020-08-07 20:00:00,-0.1591672432865039
2020-08-07 20:03:00,-0.03686270450572238
2020-08-07 20:06:00,-0.24292496162564703
2020-08-07 20:09:00,-0.14269198521384396
2020-08-07 20:12:00,-0.13458207325658122
2020-08-07 20:15:00,-0.07651998795495274
2020-08-07 20:18:00,-0.18692178624752387
2020-08-07 20:21:00,-0.10645677938367726
2020-08-07 20:24:00,-0.13240236763539315
2020-08-07 20:27:00,-0.18015676212434073
2020-08-07 20:30:00,-0.1532841620096974
2020-08-07 20:33:00,-0.16141872857610906
2020-08-07 20:36:00,-0.09162512288139624
2020-08-07 20:39:00,-0.09599562785723492
2020-08-07 20:42:00,-0.09778517860513602
2020-08-07 20:45:00,-0.008056244820352276
2020-08-07 20:48:00,-0.10114341592355913
2020-08-07 20:51:00,-0.16351553954211795
2020-08-07 20:54:00,-0.10546825513318936
2020-08-07 20:57:00,-0.013229389446621553
2020-08-07 21:00:00,-0.06033165994421097
2020-08-07 21:03:00,0.07532966384684414
2020-08-07 21:06:00,-0.03140464248599528
2020-08-07 21:09:00,-0.010529539470326199
2020-08-07 21:12:00,0.0036089450202894113
2020-08-07 21:15:00,-0.048430927046297256
2020-08-07 21:18:00,-0.06936470801093719
2020-08-07 21:21:00,-0.02452149941461812
2020-08-07 21:24:00,-0.10611561188500218
2020-08-07 21:27:00,-0.08752318657690239
2020-08-07 21:30:00,-0.13029738288037152
2020-08-07 21:33:00,-0.012433119984962104
2020-08-07 21:36:00,-0.020787932776784146
2020-08-07 21:39:00,0.05207186548039999
2020-08-07 21:42:00,0.044413967875755134
2020-08-07 21:45:00,-0.1330479570069656
2020-08-07 21:48:00,-0.022235484611201173
2020-08-07 21:51:00,-0.05945505949938479
2020-08-07 21:54:00,-0.013250797357841293
2020-08-07 21:57:00,-0.003082714475795001
2020-08-07 22:00:00,-0.005106521428047017
2020-08-07 22:03:00,-0.14535416541133372
2020-08-07 22:06:00,-0.030205761789204644
2020-08-07 22:09:00,-0.03283240694310052
2020-08-07 22:12:00,-0.03801848442304845
2020-08-07 22:15:00,-0.02474609304852038
2020-08-07 22:18:00,-0.06728166692067816
2020-08-07 22:21:00,-0.028274274172360947
2020-08-07 22:24:00,-0.10275196866962233
2020-08-07 22:27:00,-0.015085816211751535
2020-08-07 22:30:00,0.017528051679221335
2020-08-07 22:33:00,-0.04435943166748757
2020-08-07 22:36:00,0.0038645971881692276
2020-08-07 22:39:00,-0.019534877249327565
2020-08-07 22:42:00,-0.013204489588133583
2020-08-07 22:45:00,0.03393868340378958
2020-08-07 22:48:00,0.10740717191487192
2020-08-07 22:51:00,0.09572655825229504
2020-08-07 22:54:00,0.030802144961285194
2020-08-07 22:57:00,0.06645762912677355
2020-08-07 23:00:00,0.1002144090971342
2020-08-07 23:03:00,0.051453976672007684
2020-08-07 23:06:00,0.09376434613125184
2020-08-07 23:09:00,-0.0030624885574752625
2020-08-07 23:12:00,-0.013390390674658192
2020-08-07 23:15:00,0.07315809575345611
2020-08-07 23:18:00,-2.8626334369619144e-05
2020-08-07 23:21:00,0.05218930678938705
2020-08-07 23:24:00,0.014196969329248077
2020-08-07 23:27:00,0.11792688663723538
2020-08-07 23:30:00,0.1349832836538667
2020-08-07 23:33:00,0.13893080598847973
2020-08-07 23:36:00,0.1505156463830417
2020-08-07 23:39:00,0.12482819300737447
2020-08-07 23:42:00,0.1367846218765294
2020-08-07 23:45:00,0.11660979540835115
2020-08-07 23:48:00,-0.03310282207553428
2020-08-07 23:51:00,0.04635240985129485
2020-08-07 23:54:00,0.12290989408865016
2020-08-07 23:57:00,0.03200290743166079
2020-08-08 00:00:00,0.03604522263384524
2020-08-08 00:03:00,0.08013861258257293
2020-08-08 00:06:00,0.06280248662682197
2020-08-08 00:09:00,0.10049427033987968
2020-08-08 00:12:00,0.1413989392642634
2020-08-08 00:15:00,0.12213465156963821
2020-08-08 00:18:00,0.16352413155732393
2020-08-08 00:21:00,0.17549831239699643
2020-08-08 00:24:00,0.11480980077755021
2020-08-08 00:27:00,0.04482447276950552
2020-08-08 00:30:00,0.13378760744802776
2020-08-08 00:33:00,0.26645389638275674
2020-08-08 00:36:00,0.17208617233660561
2020-08-08 00:39:00,0.2280918616968961
2020-08-08 00:42:00,0.15192329217717315
2020-08-08 00:45:00,0.14504707792923455
2020-08-08 00:48:00,0.21428289309210413
2020-08-08 00:51:00,0.13150616233104984
2020-08-08 00:54:00,0.19729955053452386
2020-08-08 00:57:00,0.28121385795765264
2020-08-08 01:00:00,0.25472199461512446
2020-08-08 01:03:00,0.230388516698099
2020-08-08 01:06:00,0.12830816127927847
2020-08-08 01:09:00,0.11962571920747678
2020-08-08 01:12:00,0.17272904375391818
2020-08-08 01:15:00,0.1340794192375938
2020-08-08 01:18:00,0.18766500021405363
2020-08-08 01:21:00,0.19047553933023664
2020-08-08 01:24:00,0.19281610321542075
2020-08-08 01:27:00,0.23201371656591618
2020-08-08 01:30:00,0.20998252453119903
2020-08-08 01:33:00,0.24010121973344667
2020-08-08 01:36:00,0.2639092420123461
2020-08-08 01:39:00,0.1247761367863518
2020-08-08 01:42:00,0.12549005237627853
2020-08-08 01:45:00,0.2461630335726568
2020-08-08 01:48:00,0.17601608699311555
2020-08-08 01:51:00,0.19148680388832418
2020-08-08 01:54:00,0.2335950007773704
2020-08-08 01:57:00,0.19300159874842393
2020-08-08 02:00:00,0.2692508554280266
2020-08-08 02:03:00,0.1601580660798163
2020-08-08 02:06:00,0.14897463330260052
2020-08-08 02:09:00,0.20497943466830293
2020-08-08 02:12:00,0.24309593092698378
2020-08-08 02:15:00,0.2042724032979777
2020-08-08 02:18:00,0.22169636320387553
2020-08-08 02:21:00,0.35436836246913117
2020-08-08 02:24:00,0.202493129317304
2020-08-08 02:27:00,0.31820133647028115
2020-08-08 02:30:00,0.25959333767690396
2020-08-08 02:33:00,0.1527126903303042
2020-08-08 02:36:00,0.15654095930375433
2020-08-08 02:39:00,0.17901550546315548
2020-08-08 02:42:00,0.17336997135242882
2020-08-08 02:45:00,0.19070751845350742
2020-08-08 02:48:00,0.18219579425476695
2020-08-08 02:51:00,0.26039198334802904
2020-08-08 02:54:00,0.20918253906768314
2020-08-08 02:57:00,0.23238160450438272
2020-08-08 03:00:00,0.19883348877596063
2020-08-08 03:03:00,0.12031592640892086
2020-08-08 03:06:00,0.19470251162027807
2020-08-08 03:09:00,0.1817421357143303
2020-08-08 03:12:00,0.23827217692951308
2020-08-08 03:15:00,0.24350420920882243
2020-08-08 03:18:00,0.2618066984680354
2020-08-08 03:21:00,0.34902656857059355
2020-08-08 03:24:00,0.2964661229320882
2020-08-08 03:27:00,0.28568102037081644
2020-08-08 03:30:00,0.2054908229532657
2020-08-08 03:33:00,0.23303627424763818
2020-08-08 03:36:00,0.1332671901425897
2020-08-08 03:39:00,0.20528496637871285
2020-08-08 03:42:00,0.32641673979100005
2020-08-08 03:45:00,0.297696814856522
2020-08-08 03:48:00,0.3580697795271135
2020-08-08 03:51:00,0.2800974823094293
2020-08-08 03:54:00,0.2552674918433695
2020-08-08 03:57:00,0.28192218403466995
2020-08-08 04:00:00,0.3807332563436603
2020-08-08 04:03:00,0.26363112578360415
2020-08-08 04:06:00,0.20457554159969504
2020-08-08 04:09:00,0.2975964636640924
2020-08-08 04:12:00,0.3061760625284933
2020-08-08 04:15:00,0.38092778396537597
2020-08-08 04:18:00,0.34955411443388584
2020-08-08 04:21:00,0.3120970824136293
2020-08-08 04:24:00,0.3974157500485944
2020-08-08 04:27:00,0.34786261866668156
2020-08-08 04:30:00,0.27556781395117014
2020-08-08 04:33:00,0.25463871842163144
2020-08-08 04:36:00,0.3680742723933008
2020-08-08 04:39:00,0.29037160508221405
2020-08-08 04:42:00,0.4534034506157809
2020-08-08 04:45:00,0.39959310822024463
2020-08-08 04:48:00,0.45506188926560753
2020-08-08 04:51:00,0.46761005439492465
2020-08-08 04:54:00,0.47179878935065744
2020-08-08 04:57:00,0.36709839493721574
2020-08-08 05:00:00,0.29297898609723916
2020-08-08 05:03:00,0.36805640046048893
2020-08-08 05:06:00,0.4250451355781024
2020-08-08 05:09:00,0.2383653283779381
2020-08-08 05:12:00,0.28280982082338824
2020-08-08 05:15:00,0.30275703338105586
2020-08-08 05:18:00,0.3582707187581491
2020-08-08 05:21:00,0.3485705473840426
2020-08-08 05:24:00,0.3415122629212419
2020-08-08 05:27:00,0.19963253523883395
2020-08-08 05:30:00,0.1700442853038453
2020-08-08 05:33:00,0.21173482172270042
2020-08-08 05:36:00,0.2865909238384461
2020-08-08 05:39:00,0.2531057147421052
2020-08-08 05:42:00,0.2344453410356664
2020-08-08 05:45:00,0.2897504086438403
2020-08-08 05:48:00,0.24424996939507082
2020-08-08 05:51:00,0.28812385072905045
2020-08-08 05:54:00,0.2640391991301385
2020-08-08 05:57:00,0.2800025916134814
2020-08-08 06:00:00,0.3192971319389244
2020-08-08 06:03:00,0.34475324327075896
2020-08-08 06:06:00,0.32321599828901526
2020-08-08 06:09:00,0.2225895318603648
2020-08-08 06:12:00,0.34683027749252915
2020-08-08 06:15:00,0.34007017343515145
2020-08-08 06:18:00,0.3103708467169781
2020-08-08 06:21:00,0.3257748004307359
2020-08-08 06:24:00,0.38643913694437515
2020-08-08 06:27:00,0.43102908623700387
2020-08-08 06:30:00,0.28843202434956083
2020-08-08 06:33:00,0.26752777915714887
2020-08-08 06:36:00,0.2867510524017689
2020-08-08 06:39:00,0.3047307113632769
2020-08-08 06:42:00,0.31269113836276574
2020-08-08 06:45:00,0.3709369330897516
2020-08-08 06:48:00,0.2630214091640255
2020-08-08 06:51:00,0.24122506524275877
2020-08-08 06:54:00,0.29428923459067846
2020-08-08 06:57:00,0.29877783887258147
2020-08-08 07:00:00,0.15932998903332418
2020-08-08 07:03:00,0.2789559934957424
2020-08-08 07:06:00,0.2747431250712111
2020-08-08 07:09:00,0.20188239666669006
2020-08-08 07:12:00,0.3701568528913981
2020-08-08 07:15:00,0.3523407282986568
2020-08-08 07:18:00,0.3466161796493452
2020-08-08 07:21:00,0.27263548930636716
2020-08-08 07:24:00,0.32279727644225886
2020-08-08 07:27:00,0.2574422726800094
2020-08-08 07:30:00,0.2817631633303108
2020-08-08 07:33:00,0.29835468225024897
2020-08-08 07:36:00,0.3323179961145115
2020-08-08 07:39:00,0.29489103788426974
2020-08-08 07:42:00,0.2246511919259433
2020-08-08 07:45:00,0.2544833376517772
2020-08-08 07:48:00,0.22052351397900338
2020-08-08 07:51:00,0.23777874498921392
2020-08-08 07:54:00,0.22513564346201065
2020-08-08 07:57:00,0.1944209973096349
2020-08-08 08:00:00,0.13666969656475203
2020-08-08 08:03:00,0.06884239978813866
2020-08-08 08:06:00,0.21657397651489418
2020-08-08 08:09:00,0.11650187642834453
2020-08-08 08:12:00,0.1521547343342604
2020-08-08 08:15:00,0.1565552526429883
2020-08-08 08:18:00,0.016681779436567012
2020-08-08 08:21:00,0.12895672514525813
2020-08-08 08:24:00,0.09938752563647313
2020-08-08 08:27:00,0.02867225713583821
2020-08-08 08:30:00,0.006450763755196931
2020-08-08 08:33:00,0.020796485959351685
2020-08-08 08:36:00,0.08550723953607076
2020-08-08 08:39:00,0.09748366256025065
2020-08-08 08:42:00,0.056929829205785154
2020-08-08 08:45:00,0.03564997131684322
2020-08-08 08:48:00,0.0784350867060084
2020-08-08 08:51:00,0.09431917248093669
2020-08-08 08:54:00,-0.05408373214402218
2020-08-08 08:57:00,-0.0103127780179193
2020-08-08 09:00:00,-0.06797687648963802
2020-08-08 09:03:00,-0.15725522391710456
2020-08-08 09:06:00,-0.038344781351611346
2020-08-08 09:09:00,-0.06446287384284233
2020-08-08 09:12:00,-0.05261079773674737
2020-08-08 09:15:00,-0.1593274000079532
2020-08-08 09:18:00,-0.2430266890409598
2020-08-08 09:21:00,-0.2090941292362345
2020-08-08 09:24:00,-0.17067627093513238
2020-08-08 09:27:00,-0.19492750897529731
2020-08-08 09:30:00,-0.19822933906431217
2020-08-08 09:33:00,-0.3005856008733758
2020-08-08 09:36:00,-0.21753028760588222
2020-08-08 09:39:00,-0.24747859638887348
2020-08-08 09:42:00,-0.3240126931334544
2020-08-08 09:45:00,-0.2394986382394677
2020-08-08 09:48:00,-0.24883663188575156
2020-08-08 09:51:00,-0.24504491217584246
2020-08-08 09:54:00,-0.34203055172315544
2020-08-08 09:57:00,-0.26633368893976694
2020-08-08 10:00:00,-0.2893726698488308
2020-08-08 10:03:00,-0.2810584510797298
2020-08-08 10:06:00,-0.2646520239783854
2020-08-08 10:09:00,-0.2990487489935276
2020-08-08 10:12:00,-0.19831259798934298
2020-08-08 10:15:00,-0.29056772485603233
2020-08-08 10:18:00,-0.4327155949540611
2020-08-08 10:21:00,-0.23454471527367104
2020-08-08 10:24:00,-0.34685861521683137
2020-08-08 10:27:00,-0.26955767308697887
2020-08-08 10:30:00,-0.25842460798060074
2020-08-08 10:33:00,-0.28795795523495826
2020-08-08 10:36:00,-0.34015698876407896
2020-08-08 10:39:00,-0.3402456275484269
2020-08-08 10:42:00,-0.2452809552729036
2020-08-08 10:45:00,-0.30742151801723594
2020-08-08 10:48:00,-0.3139401819937575
2020-08-08 10:51:00,-0.280632132349524
2020-08-08 10:54:00,-0.3909939139034009
2020-08-08 10:57:00,-0.4605702961363818
2020-08-08 11:00:00,-0.433596476899595
2020-08-08 11:03:00,-0.3965678473654748
2020-08-08 11:06:00,-0.5626235903201859
2020-08-08 11:09:00,-0.47565392118048067
2020-08-08 11:12:00,-0.3530710774901422
2020-08-08 11:15:00,-0.3871327876850046
2020-08-08 11:18:00,-0.36164007640451246
2020-08-08 11:21:00,-0.4784135404452172
2020-08-08 11:24:00,-0.5016469514618507
2020-08-08 11:27:00,-0.5598401502120396
2020-08-08 11:30:00,-0.4742367193747441
2020-08-08 11:33:00,-0.4493507621259596
2020-08-08 11:36:00,-0.42587286516550193
2020-08-08 11:39:00,-0.45409148589976667
2020-08-08 11:42:00,-0.4971940208923229
2020-08-08 11:45:00,-0.46162202742237923
2020-08-08 11:48:00,-0.5239637454022272
2020-08-08 11:51:00,-0.48419808789020635
2020-08-08 11:54:00,-0.4471900097950652
2020-08-08 11:57:00,-0.4555652611203982
2020-08-08 12:00:00,-0.4830150688317758
2020-08-08 12:03:00,-0.40726184412130806
2020-08-08 12:06:00,-0.376226623683408
2020-08-08 12:09:00,-0.424419209032294
2020-08-08 12:12:00,-0.4277045345175452
2020-08-08 12:15:00,-0.5432666020963097
2020-08-08 12:18:00,-0.5370918813844696
2020-08-08 12:21:00,-0.506847199704282
2020-08-08 12:24:00,-0.42817151425094835
2020-08-08 12:27:00,-0.5196569036013443
2020-08-08 12:30:00,-0.3707668119070604
2020-08-08 12:33:00,-0.48840970534956796
2020-08-08 12:36:00,-0.48829560861184973
2020-08-08 12:39:00,-0.4847437098605383
2020-08-08 12:42:00,-0.43860350690897576
2020-08-08 12:45:00,-0.4636503732394317
2020-08-08 12:48:00,-0.5666907571732622
2020-08-08 12:51:00,-0.5417136254538377
2020-08-08 12:54:00,-0.4816153760355064
2020-08-08 12:57:00,-0.49612639276966775
2020-08-08 13:00:00,-0.5235832804589222
2020-08-08 13:03:00,-0.4865485062218795
2020-08-08 13:06:00,-0.46227484487155834
2020-08-08 13:09:00,-0.4987388068639689
2020-08-08 13:12:00,-0.4936334688933357
2020-08-08 13:15:00,-0.5165578969392186
2020-08-08 13:18:00,-0.487081144289391
2020-08-08 13:21:00,-0.5049395666240457
2020-08-08 13:24:00,-0.48411423513198315
2020-08-08 13:27:00,-0.5039832673580236
2020-08-08 13:30:00,-0.5549035944316643
2020-08-08 13:33:00,-0.52224744439701
2020-08-08 13:36:00,-0.5534915286634146
2020-08-08 13:39:00,-0.48460796017843677
2020-08-08 13:42:00,-0.624580373898425
2020-08-08 13:45:00,-0.5390281919883932
2020-08-08 13:48:00,-0.5033167487229093
2020-08-08 13:51:00,-0.4952680648293608
2020-08-08 13:54:00,-0.5200587983692344
2020-08-08 13:57:00,-0.5150349599751394
2020-08-08 14:00:00,-0.5376319398245073
2020-08-08 14:03:00,-0.4602672960627956
2020-08-08 14:06:00,-0.6168366449554696
2020-08-08 14:09:00,-0.5577936678220112
2020-08-08 14:12:00,-0.5482164273512922
2020-08-08 14:15:00,-0.5233818982103458
2020-08-08 14:18:00,-0.5752079700010881
2020-08-08 14:21:00,-0.6848064853692222
2020-08-08 14:24:00,-0.5415968583019435
2020-08-08 14:27:00,-0.5805433281090018
2020-08-08 14:30:00,-0.603454024147652
2020-08-08 14:33:00,-0.5904080946761496
2020-08-08 14:36:00,-0.35800693050038035
2020-08-08 14:39:00,-0.5610183847152825
2020-08-08 14:42:00,-0.5197082729358726
2020-08-08 14:45:00,-0.510268591674162
2020-08-08 14:48:00,-0.46959612429549225
2020-08-08 14:51:00,-0.5817862520023027
2020-08-08 14:54:00,-0.4723126392767085
2020-08-08 14:57:00,-0.5804196750446522
2020-08-08 15:00:00,-0.4867855019519425
2020-08-08 15:03:00,-0.507968727068203
2020-08-08 15:06:00,-0.581887013671917
2020-08-08 15:09:00,-0.5996266681715383
2020-08-08 15:12:00,-0.6015269458002308
2020-08-08 15:15:00,-0.4903417036260862
2020-08-08 15:18:00,-0.45719222330808407
2020-08-08 15:21:00,-0.5268067526510549
2020-08-08 15:24:00,-0.4677816302552742
2020-08-08 15:27:00,-0.42200399325963645
2020-08-08 15:30:00,-0.411712037736379
2020-08-08 15:33:00,-0.49735455263129325
2020-08-08 15:36:00,-0.3986282862214807
2020-08-08 15:39:00,-0.5139212421486832
2020-08-08 15:42:00,-0.6491631748026521
2020-08-08 15:45:00,-0.5387558140515694
2020-08-08 15:48:00,-0.4677298813095945
2020-08-08 15:51:00,-0.5031326668963629
2020-08-08 15:54:00,-0.5715111864186042
2020-08-08 15:57:00,-0.43903935450430254
2020-08-08 16:00:00,-0.5174030017290647
2020-08-08 16:03:00,-0.3900899045260644
2020-08-08 16:06:00,-0.5146097680281514
2020-08-08 16:09:00,-0.48527363142119384
2020-08-08 16:12:00,-0.6102035591911203
2020-08-08 16:15:00,-0.4392174767813799
2020-08-08 16:18:00,-0.49126888803965585
2020-08-08 16:21:00,-0.4721764283056018
2020-08-08 16:24:00,-0.5205750242608929
2020-08-08 16:27:00,-0.473789152586221
2020-08-08 16:30:00,-0.5084191078817071
2020-08-08 16:33:00,-0.5298935236801867
2020-08-08 16:36:00,-0.4347267835788102
2020-08-08 16:39:00,-0.49189215557299804
2020-08-08 16:42:00,-0.4640408709969961
2020-08-08 16:45:00,-0.5900147099707738
2020-08-08 16:48:00,-0.5146990601849097
2020-08-08 16:51:00,-0.5602329693326169
2020-08-08 16:54:00,-0.5379023850775866
2020-08-08 16:57:00,-0.4720090480391832
2020-08-08 17:00:00,-0.4344546672886054
2020-08-08 17:03:00,-0.4711784897808684
2020-08-08 17:06:00,-0.4518828789418876
2020-08-08 17:09:00,-0.44142792985036294
2020-08-08 17:12:00,-0.40782545540224646
2020-08-08 17:15:00,-0.4281356082018988
2020-08-08 17:18:00,-0.4791133162262895
2020-08-08 17:21:00,-0.5090832411758015
2020-08-08 17:24:00,-0.45287127372665736
2020-08-08 17:27:00,-0.41261475828184757
2020-08-08 17:30:00,-0.41348805303658764
2020-08-08 17:33:00,-0.4477558230817067
2020-08-08 17:36:00,-0.38488058643366685
2020-08-08 17:39:00,-0.44688499308961127
2020-08-08 17:42:00,-0.43433259637333776
2020-08-08 17:45:00,-0.40020485681611717
2020-08-08 17:48:00,-0.45123416828641894
2020-08-08 17:51:00,-0.40529568719694
2020-08-08 17:54:00,-0.41881360179326066
2020-08-08 17:57:00,-0.49347999941778653
2020-08-08 18:00:00,-0.5012942780804792
2020-08-08 18:03:00,-0.5006102275150397
2020-08-08 18:06:00,-0.5305769541146219
2020-08-08 18:09:00,-0.521490288455027
2020-08-08 18:12:00,-0.5290345141423245
2020-08-08 18:15:00,-0.5329032902185986
2020-08-08 18:18:00,-0.41432554836472946
2020-08-08 18:21:00,-0.4621069375633624
2020-08-08 18:24:00,-0.4836773435995383
2020-08-08 18:27:00,-0.4383111068564176
2020-08-08 18:30:00,-0.49569155993111735
2020-08-08 18:33:00,-0.469734082832133
2020-08-08 18:36:00,-0.5274886275401514
2020-08-08 18:39:00,-0.5165876396733893
2020-08-08 18:42:00,-0.3764894171120545
2020-08-08 18:45:00,-0.43480597945432464
2020-08-08 18:48:00,-0.356899713019061
2020-08-08 18:51:00,-0.4318612900946732
2020-08-08 18:54:00,
2020-08-08 18:57:00,
2020-08-08 19:00:00,
2020-08-08 19:03:00,-0.3993581008638216
2020-08-08 19:06:00,-0.5028772160771382
2020-08-08 19:09:00,-0.3880693553662127
2020-08-08 19:12:00,-0.3447903984002778
2020-08-08 19:15:00,-0.41761390314144364
2020-08-08 19:18:00,-0.44224313941356286
2020-08-08 19:21:00,-0.29559924270120064
2020-08-08 19:24:00,-0.3475750739895034
2020-08-08 19:27:00,-0.24260037586952876
2020-08-08 19:30:00,-0.3415490577641549
2020-08-08 19:33:00,-0.409515672753173
2020-08-08 19:36:00,-0.2985373813253318
2020-08-08 19:39:00,-0.2925305284068145
2020-08-08 19:42:00,-0.33354500876055226
2020-08-08 19:45:00,-0.33560320370906993
2020-08-08 19:48:00,-0.2335234524721841
2020-08-08 19:51:00,-0.350160054928665
2020-08-08 19:54:00,-0.20752944925266092
2020-08-08 19:57:00,-0.1657819474178268
2020-08-08 20:00:00,-0.14280436381125128
2020-08-08 20:03:00,-0.15501057188299683
2020-08-08 20:06:00,-0.15221470838639561
2020-08-08 20:09:00,-0.16986610358117105
2020-08-08 20:12:00,-0.09843872764236039
2020-08-08 20:15:00,-0.14639153327840404
2020-08-08 20:18:00,-0.11957010340125862
2020-08-08 20:21:00,-0.04072727549004185
2020-08-08 20:24:00,-0.1054520355734212
2020-08-08 20:27:00,-0.12652210474050207
2020-08-08 20:30:00,-0.07510191912200526
2020-08-08 20:33:00,-0.11849958018780171
2020-08-08 20:36:00,-0.11573487946583327
2020-08-08 20:39:00,-0.14697880617478631
2020-08-08 20:42:00,-0.17606006103170557
2020-08-08 20:45:00,-0.10492294273183234
2020-08-08 20:48:00,-0.17210679389205552
2020-08-08 20:51:00,-0.16680715731132523
2020-08-08 20:54:00,-0.13421315132814016
2020-08-08 20:57:00,-0.1280499302951057
2020-08-08 21:00:00,-0.13529594828190739
2020-08-08 21:03:00,-0.051332886599936955
2020-08-08 21:06:00,-0.025122186433293336
2020-08-08 21:09:00,-0.09186323770433091
2020-08-08 21:12:00,-0.07472156158638654
2020-08-08 21:15:00,-0.06189486041063219
2020-08-08 21:18:00,0.014046293181252167
2020-08-08 21:21:00,-0.020061582010555412
2020-08-08 21:24:00,-0.03726195814215316
2020-08-08 21:27:00,-0.08181593443453039
2020-08-08 21:30:00,-0.04175760280821805
2020-08-08 21:33:00,-0.06571407696594633
2020-08-08 21:36:00,0.020208628519355898
2020-08-08 21:39:00,-0.0658427247165605
2020-08-08 21:42:00,0.06774769972906824
2020-08-08 21:45:00,0.09722689412745922
2020-08-08 21:48:00,0.025498868667398256
2020-08-08 21:51:00,0.06042512389865351
2020-08-08 21:54:00,-0.00028430420888980734
2020-08-08 21:57:00,0.10164756862792501
2020-08-08 22:00:00,-0.0367288380821833
2020-08-08 22:03:00,0.005337706114460161
2020-08-08 22:06:00,0.08801195634771375
2020-08-08 22:09:00,0.07196244145512765
2020-08-08 22:12:00,0.09004599237022148
2020-08-08 22:15:00,0.017514751436863207
2020-08-08 22:18:00,-0.004085359174212044
2020-08-08 22:21:00,0.17906601415756995
2020-08-08 22:24:00,0.007736298286033616
2020-08-08 22:27:00,-0.006220559139251236
2020-08-08 22:30:00,0.043037774916911076
2020-08-08 22:33:00,0.012530796404519151
2020-08-08 22:36:00,0.06419475283843212
2020-08-08 22:39:00,0.05245615200658449
2020-08-08 22:42:00,0.09289658386188648
2020-08-08 22:45:00,0.1643289206686518
2020-08-08 22:48:00,0.1466959203455076
2020-08-08 22:51:00,0.15229169189041158
2020-08-08 22:54:00,0.08636592342020322
2020-08-08 22:57:00,0.16055416289498226
2020-08-08 23:00:00,0.07048164565128445
2020-08-08 23:03:00,0.07974663572861118
2020-08-08 23:06:00,0.14024823454485613
2020-08-08 23:09:00,0.0233476981617855
2020-08-08 23:12:00,0.004912298115357316
2020-08-08 23:15:00,0.048001154289863734
2020-08-08 23:18:00,0.01946942670616636
2020-08-08 23:21:00,0.011834612562950042
2020-08-08 23:24:00,0.06765966565535564
2020-08-08 23:27:00,0.10816377798460053
2020-08-08 23:30:00,0.09448872908780004
2020-08-08 23:33:00,0.08846238217353175
2020-08-08 23:36:00,0.0884229469529032
2020-08-08 23:39:00,0.004701472715623822
2020-08-08 23:42:00,0.03899750414512937
2020-08-08 23:45:00,0.09904304460445701
2020-08-08 23:48:00,0.047671792105006716
2020-08-08 23:51:00,0.012225382314511535
2020-08-08 23:54:00,0.10372678665311241
2020-08-08 23:57:00,-0.018367789289641223
2020-08-09 00:00:00,0.009600675798481006
2020-08-09 00:03:00,0.04373020502629288
2020-08-09 00:06:00,0.05688084090269285
2020-08-09 00:09:00,0.12487902745414203
2020-08-09 00:12:00,0.0597445375017287
2020-08-09 00:15:00,0.16232465919034667
2020-08-09 00:18:00,0.06659658396432633
2020-08-09 00:21:00,0.09764286845341985
2020-08-09 00:24:00,0.06639905722664707
2020-08-09 00:27:00,0.01703694279069623
2020-08-09 00:30:00,0.06762988706901751
2020-08-09 00:33:00,0.10063229401509943
2020-08-09 00:36:00,0.03463900599479075
2020-08-09 00:39:00,-0.02615764424513145
2020-08-09 00:42:00,0.12350737690070446
2020-08-09 00:45:00,-0.02593831080127984
2020-08-09 00:48:00,0.06632297971827938
2020-08-09 00:51:00,0.0641692585379019
2020-08-09 00:54:00,0.08447267042703288
2020-08-09 00:57:00,0.09486905579313998
2020-08-09 01:00:00,0.04403405227634494
2020-08-09 01:03:00,0.10987248837227526
2020-08-09 01:06:00,0.10890175061308582
2020-08-09 01:09:00,0.012848611411072852
2020-08-09 01:12:00,0.012579508933470152
2020-08-09 01:15:00,0.10616611012721933
2020-08-09 01:18:00,0.07157702679938893
2020-08-09 01:21:00,0.03115747900307042
2020-08-09 01:24:00,0.10231008167806976
2020-08-09 01:27:00,0.08378659637992314
2020-08-09 01:30:00,0.12056850080153936
2020-08-09 01:33:00,0.16711026921416305
2020-08-09 01:36:00,0.1975777822185023
2020-08-09 01:39:00,0.08988683378828455
2020-08-09 01:42:00,0.12280297655723871
2020-08-09 01:45:00,0.15259271835702748
2020-08-09 01:48:00,0.13478332441053453
2020-08-09 01:51:00,0.146303306946038
2020-08-09 01:54:00,0.12784641094600602
2020-08-09 01:57:00,0.1902617435576417
2020-08-09 02:00:00,0.06180217928300635
2020-08-09 02:03:00,0.23084007832113684
2020-08-09 02:06:00,0.14897460034410415
2020-08-09 02:09:00,0.10205959385291408
2020-08-09 02:12:00,0.1931153612347316
2020-08-09 02:15:00,0.18234727056983502
2020-08-09 02:18:00,0.24011420216532997
2020-08-09 02:21:00,0.19615169461451387
2020-08-09 02:24:00,0.25931675684552147
2020-08-09 02:27:00,0.20774294059208387
2020-08-09 02:30:00,0.14528114627165678
2020-08-09 02:33:00,0.15872821889479383
2020-08-09 02:36:00,0.16751631452001448
2020-08-09 02:39:00,0.15690125368070085
2020-08-09 02:42:00,0.14624204051028755
2020-08-09 02:45:00,0.28155417219988976
2020-08-09 02:48:00,0.2037336230409892
2020-08-09 02:51:00,0.22873084244849906
2020-08-09 02:54:00,0.19155509489399947
2020-08-09 02:57:00,0.18376765982037568
2020-08-09 03:00:00,0.08628980321969948
2020-08-09 03:03:00,0.15203039625578185
2020-08-09 03:06:00,0.182834760227081
2020-08-09 03:09:00,0.15600811540696213
2020-08-09 03:12:00,0.1902882718528076
2020-08-09 03:15:00,0.17918655011214923
2020-08-09 03:18:00,0.07043683106138587
2020-08-09 03:21:00,0.18524802442072996
2020-08-09 03:24:00,0.11903529949165659
2020-08-09 03:27:00,0.17787403646599387
2020-08-09 03:30:00,0.12562615614109518
2020-08-09 03:33:00,0.2422965938995958
2020-08-09 03:36:00,0.20628363696465613
2020-08-09 03:39:00,0.25054151447312734
2020-08-09 03:42:00,0.22095813151042876
2020-08-09 03:45:00,0.2697904352833689
2020-08-09 03:48:00,0.23243557321137587
2020-08-09 03:51:00,0.2280502197006058
2020-08-09 03:54:00,0.32543507108277936
2020-08-09 03:57:00,0.24639673082612035
2020-08-09 04:00:00,0.25138852505023124
2020-08-09 04:03:00,0.24959117387385277
2020-08-09 04:06:00,0.2841689139470418
2020-08-09 04:09:00,0.29079234003285137
2020-08-09 04:12:00,0.28786740899050756
2020-08-09 04:15:00,0.30772747860936533
2020-08-09 04:18:00,0.20300488850710963
2020-08-09 04:21:00,0.29063078468203685
2020-08-09 04:24:00,0.26809478876776893
2020-08-09 04:27:00,0.2634419620702033
2020-08-09 04:30:00,0.23492662458488667
2020-08-09 04:33:00,0.38642304914441183
2020-08-09 04:36:00,0.341932415618146
2020-08-09 04:39:00,0.39464653520394677
2020-08-09 04:42:00,0.2269210352948221
2020-08-09 04:45:00,0.28590971975648927
2020-08-09 04:48:00,0.2682073911119005
2020-08-09 04:51:00,0.29427191298282196
2020-08-09 04:54:00,0.35992766054266667
2020-08-09 04:57:00,0.3045610001257728
2020-08-09 05:00:00,0.28812481302844617
2020-08-09 05:03:00,0.20036836728974095
2020-08-09 05:06:00,0.24981629777101944
2020-08-09 05:09:00,0.18325706321985535
2020-08-09 05:12:00,0.2681138030644661
2020-08-09 05:15:00,0.19224736681974264
2020-08-09 05:18:00,0.37079715708870253
2020-08-09 05:21:00,0.24471015637391247
2020-08-09 05:24:00,0.2066509319591887
2020-08-09 05:27:00,0.26159140489659194
2020-08-09 05:30:00,0.31105722237185773
2020-08-09 05:33:00,0.2939257916373208
2020-08-09 05:36:00,0.21679936520325782
2020-08-09 05:39:00,0.19820388182057513
2020-08-09 05:42:00,0.3864039140929094
2020-08-09 05:45:00,0.25321260013441815
2020-08-09 05:48:00,0.213855590902142
2020-08-09 05:51:00,0.25357258048575204
2020-08-09 05:54:00,0.26250113168043754
2020-08-09 05:57:00,0.24670718025515725
2020-08-09 06:00:00,0.40513864264858057
2020-08-09 06:03:00,0.3519032872866319
2020-08-09 06:06:00,0.3004033768643808
2020-08-09 06:09:00,0.2620225673541654
2020-08-09 06:12:00,0.379158683903313
2020-08-09 06:15:00,0.31242397013483014
2020-08-09 06:18:00,0.36301397187827433
2020-08-09 06:21:00,0.3505215382739948
2020-08-09 06:24:00,0.299221935855428
2020-08-09 06:27:00,0.34771056509566733
2020-08-09 06:30:00,0.3066687694260395
2020-08-09 06:33:00,0.3385231418467356
2020-08-09 06:36:00,0.3631651886117311
2020-08-09 06:39:00,0.3044271413185129
2020-08-09 06:42:00,0.2448680194032704
2020-08-09 06:45:00,0.3720404207807064
2020-08-09 06:48:00,0.3201922676187223
2020-08-09 06:51:00,0.4042371323535576
2020-08-09 06:54:00,0.40756079842651616
2020-08-09 06:57:00,0.31955032383075377
2020-08-09 07:00:00,0.2632819459610687
2020-08-09 07:03:00,0.3476426432101789
2020-08-09 07:06:00,0.3149480642208573
2020-08-09 07:09:00,0.32893972536544425
2020-08-09 07:12:00,0.253236054856643
2020-08-09 07:15:00,0.3391509295962578
2020-08-09 07:18:00,0.2547735655985548
2020-08-09 07:21:00,0.3035359067572472
2020-08-09 07:24:00,0.2733305848701093
2020-08-09 07:27:00,0.2931077986970081
2020-08-09 07:30:00,0.38121188697834896
2020-08-09 07:33:00,0.3713935246890401
2020-08-09 07:36:00,0.2373441635919562
2020-08-09 07:39:00,0.3106108612995513
2020-08-09 07:42:00,0.3344187025223846
2020-08-09 07:45:00,0.3915486074899377
2020-08-09 07:48:00,0.29106834755657474
2020-08-09 07:51:00,0.3184955068711588
2020-08-09 07:54:00,0.2783533295242364
2020-08-09 07:57:00,0.35618453421307095
2020-08-09 08:00:00,0.21825581788954196
2020-08-09 08:03:00,0.2998693722128678
2020-08-09 08:06:00,0.34839452088471035
2020-08-09 08:09:00,0.19669104115553182
2020-08-09 08:12:00,0.2531626571416723
2020-08-09 08:15:00,0.25330329436388865
2020-08-09 08:18:00,0.2888268318492351
2020-08-09 08:21:00,0.21526788232682748
2020-08-09 08:24:00,0.215871212027821
2020-08-09 08:27:00,0.2331632935665766
2020-08-09 08:30:00,0.1983007702125974
2020-08-09 08:33:00,0.3341057109756207
2020-08-09 08:36:00,0.23713982890137686
2020-08-09 08:39:00,0.1181198875972882
2020-08-09 08:42:00,0.15332726810089525
2020-08-09 08:45:00,0.16943837180667742
2020-08-09 08:48:00,0.1210292522121108
2020-08-09 08:51:00,0.15037431326067008
2020-08-09 08:54:00,0.10444737917617886
2020-08-09 08:57:00,0.0955998903954196
2020-08-09 09:00:00,0.16900524218755208
2020-08-09 09:03:00,0.15385117592825281
2020-08-09 09:06:00,-0.03510663381024415
2020-08-09 09:09:00,0.04009890317689724
2020-08-09 09:12:00,0.09011889712292032
2020-08-09 09:15:00,-0.002575715440741533
2020-08-09 09:18:00,-0.07105935200445401
2020-08-09 09:21:00,0.02536977887808689
2020-08-09 09:24:00,0.04180131140509502
2020-08-09 09:27:00,-0.014489813170314392
2020-08-09 09:30:00,-0.027532682511264284
2020-08-09 09:33:00,-0.05770633868587538
2020-08-09 09:36:00,-0.14320348831358842
2020-08-09 09:39:00,-0.09954409247029616
2020-08-09 09:42:00,-0.21370401020232066
2020-08-09 09:45:00,-0.2032879590851735
2020-08-09 09:48:00,-0.2674543538971079
2020-08-09 09:51:00,-0.2903618840255149
2020-08-09 09:54:00,-0.18871410643492936
2020-08-09 09:57:00,-0.2257978661971265
2020-08-09 10:00:00,-0.23714038162893303
2020-08-09 10:03:00,-0.33936636715066015
2020-08-09 10:06:00,-0.32194331600220494
2020-08-09 10:09:00,-0.3742630485004952
2020-08-09 10:12:00,-0.3350175044403727
2020-08-09 10:15:00,-0.2773226634953403
2020-08-09 10:18:00,-0.34029726806738836
2020-08-09 10:21:00,-0.3537436086613184
2020-08-09 10:24:00,-0.3376628525493288
2020-08-09 10:27:00,-0.3572110391262413
2020-08-09 10:30:00,-0.33175554562922116
2020-08-09 10:33:00,-0.3639216701137684
2020-08-09 10:36:00,-0.3613211542805175
2020-08-09 10:39:00,-0.4278203837725414
2020-08-09 10:42:00,-0.4306317697321447
2020-08-09 10:45:00,-0.49168238596394076
2020-08-09 10:48:00,-0.44471309436778483
2020-08-09 10:51:00,-0.43874251061146197
2020-08-09 10:54:00,-0.4201164149067722
2020-08-09 10:57:00,-0.40669724154980713
2020-08-09 11:00:00,-0.5224713138767925
2020-08-09 11:03:00,-0.4034765086312291
2020-08-09 11:06:00,-0.45993497740840894
2020-08-09 11:09:00,-0.4984496894256836
2020-08-09 11:12:00,-0.5545342059047584
2020-08-09 11:15:00,-0.535608673732213
2020-08-09 11:18:00,-0.5894525205628725
2020-08-09 11:21:00,-0.5622021230020664
2020-08-09 11:24:00,-0.5882450377627606
2020-08-09 11:27:00,-0.48891095392997386
2020-08-09 11:30:00,-0.5300567000581964
2020-08-09 11:33:00,-0.6458080773805364
2020-08-09 11:36:00,-0.46499209244728945
2020-08-09 11:39:00,-0.4762936537274527
2020-08-09 11:42:00,-0.5442522636745935
2020-08-09 11:45:00,-0.41181203373190556
2020-08-09 11:48:00,-0.6102624148385871
2020-08-09 11:51:00,-0.5097438180692961
2020-08-09 11:54:00,-0.4738245682578395
2020-08-09 11:57:00,-0.4969256793501131
2020-08-09 12:00:00,-0.5525571006226642
2020-08-09 12:03:00,-0.5200055466025901
2020-08-09 12:06:00,-0.44175112185115495
2020-08-09 12:09:00,-0.5890583872067054
2020-08-09 12:12:00,-0.4190893224954948
2020-08-09 12:15:00,-0.47610521924048044
2020-08-09 12:18:00,-0.5973842809922303
2020-08-09 12:21:00,-0.565288244257431
2020-08-09 12:24:00,-0.47100129078165764
2020-08-09 12:27:00,-0.58890143475179
2020-08-09 12:30:00,-0.6229570002993228
2020-08-09 12:33:00,-0.39911415262395167
2020-08-09 12:36:00,-0.5223947136861966
2020-08-09 12:39:00,-0.5607012652719163
2020-08-09 12:42:00,-0.42991236228749585
2020-08-09 12:45:00,-0.5352478508233958
2020-08-09 12:48:00,-0.4340757396706181
2020-08-09 12:51:00,-0.4706273960480303
2020-08-09 12:54:00,-0.5478078441190064
2020-08-09 12:57:00,-0.38994598192437024
2020-08-09 13:00:00,-0.5300193491664231
2020-08-09 13:03:00,-0.4816511637353642
2020-08-09 13:06:00,-0.6029941745529754
2020-08-09 13:09:00,-0.5606021151101572
2020-08-09 13:12:00,-0.548485236116619
2020-08-09 13:15:00,-0.582487580677423
2020-08-09 13:18:00,-0.5435053681248405
2020-08-09 13:21:00,-0.4654205662417894
2020-08-09 13:24:00,-0.5610077797626332
2020-08-09 13:27:00,-0.5363107919320669
2020-08-09 13:30:00,-0.59283622879218
2020-08-09 13:33:00,-0.4064967732693958
2020-08-09 13:36:00,-0.5172067053780438
2020-08-09 13:39:00,-0.4494927868726677
2020-08-09 13:42:00,-0.4752428293780895
2020-08-09 13:45:00,-0.6277235028609311
2020-08-09 13:48:00,-0.5761066799173591
2020-08-09 13:51:00,-0.563691886951915
2020-08-09 13:54:00,-0.4474825679893115
2020-08-09 13:57:00,-0.6193184848023066
2020-08-09 14:00:00,-0.56771422450106
2020-08-09 14:03:00,-0.37608912461382715
2020-08-09 14:06:00,-0.578859119964477
2020-08-09 14:09:00,-0.44706351727217
2020-08-09 14:12:00,-0.5407139331917392
2020-08-09 14:15:00,-0.49028292618947944
2020-08-09 14:18:00,-0.41530269796896846
2020-08-09 14:21:00,-0.5198353283008714
2020-08-09 14:24:00,-0.5615295153429543
2020-08-09 14:27:00,-0.5427798904370889
2020-08-09 14:30:00,-0.5595016592572506
2020-08-09 14:33:00,-0.49032204625649456
2020-08-09 14:36:00,-0.5414070573558547
2020-08-09 14:39:00,-0.4520614613866769
2020-08-09 14:42:00,-0.45211385571485607
2020-08-09 14:45:00,-0.49063674305580207
2020-08-09 14:48:00,-0.5729754591039296
2020-08-09 14:51:00,-0.5723958227403614
2020-08-09 14:54:00,-0.57678971023023
2020-08-09 14:57:00,-0.5790949288481215
2020-08-09 15:00:00,-0.5584583125177005
2020-08-09 15:03:00,-0.5652546132629936
2020-08-09 15:06:00,-0.5251317298527169
2020-08-09 15:09:00,-0.5236429579316564
2020-08-09 15:12:00,-0.5074217044717102
2020-08-09 15:15:00,-0.6099892550894879
2020-08-09 15:18:00,-0.5715449072105798
2020-08-09 15:21:00,-0.6335637760365103
2020-08-09 15:24:00,-0.4834566043538189
2020-08-09 15:27:00,-0.5417050774364043
2020-08-09 15:30:00,-0.5812969329876978
2020-08-09 15:33:00,-0.536841705804477
2020-08-09 15:36:00,-0.5435824759939578
2020-08-09 15:39:00,-0.6842360398667324
2020-08-09 15:42:00,-0.5303372749972368
2020-08-09 15:45:00,-0.5826867607753456
2020-08-09 15:48:00,-0.5301864054504222
2020-08-09 15:51:00,-0.49847884399912346
2020-08-09 15:54:00,-0.5731599692185227
2020-08-09 15:57:00,-0.5730565093210203
2020-08-09 16:00:00,-0.5526992492878549
2020-08-09 16:03:00,-0.545223563261743
2020-08-09 16:06:00,-0.46982022962447445
2020-08-09 16:09:00,-0.4528599529083408
2020-08-09 16:12:00,-0.4361607476072322
2020-08-09 16:15:00,-0.3757641966233223
2020-08-09 16:18:00,-0.37014987212467076
2020-08-09 16:21:00,-0.49293099098440507
2020-08-09 16:24:00,-0.40689208467983917
2020-08-09 16:27:00,-0.3804923028970961
2020-08-09 16:30:00,-0.5479581739116952
2020-08-09 16:33:00,-0.3864302558923782
2020-08-09 16:36:00,-0.42811200602034205
2020-08-09 16:39:00,-0.3951794221030127
2020-08-09 16:42:00,-0.4138705072265907
2020-08-09 16:45:00,-0.4728214146331311
2020-08-09 16:48:00,-0.43683060486694103
2020-08-09 16:51:00,-0.44104686458530296
2020-08-09 16:54:00,-0.41677095626766913
2020-08-09 16:57:00,-0.44586412564308375
2020-08-09 17:00:00,-0.4159325889120282
2020-08-09 17:03:00,-0.3613744367794425
2020-08-09 17:06:00,-0.46634897683475174
2020-08-09 17:09:00,-0.40358635238834495
2020-08-09 17:12:00,-0.36292088843356396
2020-08-09 17:15:00,-0.47746074206173716
2020-08-09 17:18:00,-0.43094659769559485
2020-08-09 17:21:00,-0.43120094823399313
2020-08-09 17:24:00,-0.39865473796794504
2020-08-09 17:27:00,-0.3819213341269574
2020-08-09 17:30:00,-0.4167623343162177
2020-08-09 17:33:00,-0.3726952574885445
2020-08-09 17:36:00,-0.33376960499623465
2020-08-09 17:39:00,-0.4116028705964254
2020-08-09 17:42:00,-0.3825165902115941
2020-08-09 17:45:00,-0.3297691220774368
2020-08-09 17:48:00,-0.44809012196282083
2020-08-09 17:51:00,-0.33763090439549615
2020-08-09 17:54:00,-0.33776816162452405
2020-08-09 17:57:00,-0.40058157532001815
2020-08-09 18:00:00,-0.3680970447119307
2020-08-09 18:03:00,-0.43475336879379256
2020-08-09 18:06:00,-0.3498876446860777
2020-08-09 18:09:00,-0.3315244999427023
2020-08-09 18:12:00,-0.3489206385296484
2020-08-09 18:15:00,-0.2410103718739265
2020-08-09 18:18:00,-0.3384160941923824
2020-08-09 18:21:00,-0.18744101341496844
2020-08-09 18:24:00,-0.31903690940930574
2020-08-09 18:27:00,-0.23682867084369263
2020-08-09 18:30:00,-0.2750424949320518
2020-08-09 18:33:00,-0.41244138434342403
2020-08-09 18:36:00,-0.4213294647453836
2020-08-09 18:39:00,-0.36394438991044353
2020-08-09 18:42:00,-0.26184906712325073
2020-08-09 18:45:00,-0.30519352588959237
2020-08-09 18:48:00,-0.29101119075380666
2020-08-09 18:51:00,-0.2949704833180249
2020-08-09 18:54:00,
2020-08-09 18:57:00,
2020-08-09 19:00:00,
2020-08-09 19:03:00,-0.24203358907647043
2020-08-09 19:06:00,-0.28071004822430723
2020-08-09 19:09:00,-0.22313809097045123
2020-08-09 19:12:00,-0.2579681381573664
2020-08-09 19:15:00,-0.2146754687361181
2020-08-09 19:18:00,-0.21360957520897728
2020-08-09 19:21:00,-0.2257733859396467
2020-08-09 19:24:00,-0.4093560073650906
2020-08-09 19:27:00,-0.2912630172993431
2020-08-09 19:30:00,-0.1987932703613069
2020-08-09 19:33:00,-0.21391574327384433
2020-08-09 19:36:00,-0.24771428822947428
2020-08-09 19:39:00,-0.12667876602989736
2020-08-09 19:42:00,-0.1689877287899435
2020-08-09 19:45:00,-0.18982395507890715
2020-08-09 19:48:00,-0.20369865717083258
2020-08-09 19:51:00,-0.16050102284043533
2020-08-09 19:54:00,-0.2517889827462909
2020-08-09 19:57:00,-0.15053550093517742
2020-08-09 20:00:00,-0.10267363607749758
2020-08-09 20:03:00,-0.08295097051853872
2020-08-09 20:06:00,-0.08797099280786824
2020-08-09 20:09:00,-0.03626767564259126
2020-08-09 20:12:00,-0.131170622534853
2020-08-09 20:15:00,-0.10797172979027891
2020-08-09 20:18:00,-0.1416651100822719
2020-08-09 20:21:00,-0.06021784610038594
2020-08-09 20:24:00,-0.08931418607107844
2020-08-09 20:27:00,-0.10470135476850828
2020-08-09 20:30:00,-0.112570862493385
2020-08-09 20:33:00,-0.16941853863175993
2020-08-09 20:36:00,-0.05661557995262001
2020-08-09 20:39:00,-0.05850572611660709
2020-08-09 20:42:00,-0.10247138486096219
2020-08-09 20:45:00,-0.18420578467146242
2020-08-09 20:48:00,-0.09250964457964983
2020-08-09 20:51:00,-0.07788086359579438
2020-08-09 20:54:00,-0.07710525573287441
2020-08-09 20:57:00,-0.1867961164357439
2020-08-09 21:00:00,-0.06623937503138677
2020-08-09 21:03:00,-0.1188172626659707
2020-08-09 21:06:00,-0.1872719297051617
2020-08-09 21:09:00,-0.2413740420226418
2020-08-09 21:12:00,-0.11020999919759333
2020-08-09 21:15:00,-0.21459784542724947
2020-08-09 21:18:00,-0.14436809896346858
2020-08-09 21:21:00,-0.12661194489754735
2020-08-09 21:24:00,-0.12341698375496435
2020-08-09 21:27:00,-0.16303798934217184
2020-08-09 21:30:00,-0.04740423615396594
2020-08-09 21:33:00,-0.1308429061052152
2020-08-09 21:36:00,-0.016046166466310297
2020-08-09 21:39:00,-0.07031592778361073
2020-08-09 21:42:00,-0.05528698038648372
2020-08-09 21:45:00,-0.04068533066981672
2020-08-09 21:48:00,0.022698797163400286
2020-08-09 21:51:00,0.07296693388735775
2020-08-09 21:54:00,-0.0020924156919477355
2020-08-09 21:57:00,-0.08208440424027685
2020-08-09 22:00:00,-0.01020323361501596
2020-08-09 22:03:00,0.05389763776270229
2020-08-09 22:06:00,0.004895565356264342
2020-08-09 22:09:00,0.15883533285818885
2020-08-09 22:12:00,0.10100365321039817
2020-08-09 22:15:00,0.11118416452330848
2020-08-09 22:18:00,0.05280689782966874
2020-08-09 22:21:00,0.0369089091638557
2020-08-09 22:24:00,0.020902713970031073
2020-08-09 22:27:00,0.14404212755954404
2020-08-09 22:30:00,0.07925529205829207
2020-08-09 22:33:00,0.017741933274123767
2020-08-09 22:36:00,-0.010321797140477429
2020-08-09 22:39:00,0.0599455077777975
2020-08-09 22:42:00,0.04373870778744049
2020-08-09 22:45:00,-0.043664787611646716
2020-08-09 22:48:00,0.1117307648815995
2020-08-09 22:51:00,-0.10853864148282355
2020-08-09 22:54:00,-0.0408137443376404
2020-08-09 22:57:00,0.061629268903175216
2020-08-09 23:00:00,-0.02431111254446705
2020-08-09 23:03:00,-0.007057738682476611
2020-08-09 23:06:00,0.0343490681422054
2020-08-09 23:09:00,0.0985345098862922
2020-08-09 23:12:00,0.1698874747081618
2020-08-09 23:15:00,0.022090943968237298
2020-08-09 23:18:00,0.11677354206523205
2020-08-09 23:21:00,0.02487115405494933
2020-08-09 23:24:00,-0.04291293799201412
2020-08-09 23:27:00,0.05709146737967785
2020-08-09 23:30:00,0.017869852573141998
2020-08-09 23:33:00,0.06298310833369669
2020-08-09 23:36:00,0.10727954707033405
2020-08-09 23:39:00,0.13173287090791064
2020-08-09 23:42:00,-0.0008320106466044308
2020-08-09 23:45:00,-0.017647338938900248
2020-08-09 23:48:00,-0.009876643775839966
2020-08-09 23:51:00,-0.071185969436101
2020-08-09 23:54:00,0.0050187381268074205
2020-08-09 23:57:00,0.08286929161448597
2020-08-10 00:00:00,0.09415756336653658
2020-08-10 00:03:00,0.14562947445136842
2020-08-10 00:06:00,0.10893686901050614
2020-08-10 00:09:00,0.19165489406486813
2020-08-10 00:12:00,0.13630667142030006
2020-08-10 00:15:00,0.045008268807919194
2020-08-10 00:18:00,0.16384865161654716
2020-08-10 00:21:00,0.13296713632200863
2020-08-10 00:24:00,0.07724770882197163
2020-08-10 00:27:00,0.045690445428760995
2020-08-10 00:30:00,0.08398485184812898
2020-08-10 00:33:00,0.03840013779887386
2020-08-10 00:36:00,0.0568909654843992
2020-08-10 00:39:00,0.015478315138352627
2020-08-10 00:42:00,0.06565370993604347
2020-08-10 00:45:00,0.08408052707869729
2020-08-10 00:48:00,0.06360707544337174
2020-08-10 00:51:00,0.06408765869593935
2020-08-10 00:54:00,0.08503801266721212
2020-08-10 00:57:00,0.015804359039748306
2020-08-10 01:00:00,0.014633126209901093
2020-08-10 01:03:00,-0.013901958811857185
2020-08-10 01:06:00,0.06519128929357976
2020-08-10 01:09:00,0.02241609431098368
2020-08-10 01:12:00,0.032208572356523746
2020-08-10 01:15:00,0.1263787139264423
2020-08-10 01:18:00,0.11130156683975656
2020-08-10 01:21:00,0.08699602338094792
2020-08-10 01:24:00,0.07205948739658652
2020-08-10 01:27:00,0.046879746098738906
2020-08-10 01:30:00,0.1331193583705499
2020-08-10 01:33:00,0.050847734990043136
2020-08-10 01:36:00,0.03892710192690174
2020-08-10 01:39:00,0.009403696786876026
2020-08-10 01:42:00,0.12049422988707192
2020-08-10 01:45:00,0.0759826869726794
2020-08-10 01:48:00,0.05132118602665514
2020-08-10 01:51:00,0.17247353308385982
2020-08-10 01:54:00,0.1686800138976423
2020-08-10 01:57:00,0.10869855317548627
2020-08-10 02:00:00,0.20661110182493303
2020-08-10 02:03:00,0.16013647277452492
2020-08-10 02:06:00,0.22830622140486412
2020-08-10 02:09:00,0.2815097526175805
2020-08-10 02:12:00,0.18607988404528442
2020-08-10 02:15:00,0.20928378854449647
2020-08-10 02:18:00,0.21267844087208232
2020-08-10 02:21:00,0.24406488814457816
2020-08-10 02:24:00,0.11372164382203209
2020-08-10 02:27:00,0.13744094527811512
2020-08-10 02:30:00,0.22955242756108873
2020-08-10 02:33:00,0.2610856808122435
2020-08-10 02:36:00,0.1855943440996839
2020-08-10 02:39:00,0.10042550375072778
2020-08-10 02:42:00,0.22312259507020826
2020-08-10 02:45:00,0.0673622331559045
2020-08-10 02:48:00,0.23146154490990511
2020-08-10 02:51:00,0.16161784965674997
2020-08-10 02:54:00,0.22674861634862964
2020-08-10 02:57:00,0.17397138061591022
2020-08-10 03:00:00,0.19914748821719286
2020-08-10 03:03:00,0.17070818519738395
2020-08-10 03:06:00,0.24756215998132802
2020-08-10 03:09:00,0.284378426977014
2020-08-10 03:12:00,0.2837887978477056
2020-08-10 03:15:00,0.1834481095826277
2020-08-10 03:18:00,0.21252702738678408
2020-08-10 03:21:00,0.22912538340494848
2020-08-10 03:24:00,0.24383133922640354
2020-08-10 03:27:00,0.18704457656332352
2020-08-10 03:30:00,0.28718273577862874
2020-08-10 03:33:00,0.19716540502196267
2020-08-10 03:36:00,0.27618066448059153
2020-08-10 03:39:00,0.22679485006835876
2020-08-10 03:42:00,0.23057423958277923
2020-08-10 03:45:00,0.3272313675755072
2020-08-10 03:48:00,0.24309060522836035
2020-08-10 03:51:00,0.24179756003582042
2020-08-10 03:54:00,0.20578672660059283
2020-08-10 03:57:00,0.26635748896501354
2020-08-10 04:00:00,0.2541191334249788
2020-08-10 04:03:00,0.2372975878508896
2020-08-10 04:06:00,0.24180331387344722
2020-08-10 04:09:00,0.2213408680709108
2020-08-10 04:12:00,0.1921514061692733
2020-08-10 04:15:00,0.28615188944638703
2020-08-10 04:18:00,0.18096989381086814
2020-08-10 04:21:00,0.3183408083502286
2020-08-10 04:24:00,0.21918700598655505
2020-08-10 04:27:00,0.285272382555263
2020-08-10 04:30:00,0.3089089436153927
2020-08-10 04:33:00,0.22772401607721804
2020-08-10 04:36:00,0.23572779795136967
2020-08-10 04:39:00,0.297556092664081
2020-08-10 04:42:00,0.2889159633182885
2020-08-10 04:45:00,0.28306557565917956
2020-08-10 04:48:00,0.24147073217545767
2020-08-10 04:51:00,0.21080529184951047
2020-08-10 04:54:00,0.32899940523117266
2020-08-10 04:57:00,0.15165594719235287
2020-08-10 05:00:00,0.29192867030297975
2020-08-10 05:03:00,0.28205142079872303
2020-08-10 05:06:00,0.227487418484543
2020-08-10 05:09:00,0.19651234711398047
2020-08-10 05:12:00,0.2704478164631041
2020-08-10 05:15:00,0.14298808860672807
2020-08-10 05:18:00,0.13733543594457842
2020-08-10 05:21:00,0.27491631307009357
2020-08-10 05:24:00,0.3075625777944424
2020-08-10 05:27:00,0.18969188494298805
2020-08-10 05:30:00,0.32618764913587484
2020-08-10 05:33:00,0.21745495931708092
2020-08-10 05:36:00,0.18131541905898985
2020-08-10 05:39:00,0.20854715302965587
2020-08-10 05:42:00,0.2965482420117951
2020-08-10 05:45:00,0.12397761266640828
2020-08-10 05:48:00,0.11466887585203267
2020-08-10 05:51:00,0.13645365827045453
2020-08-10 05:54:00,0.07898768857609184
2020-08-10 05:57:00,0.11973998391715668
2020-08-10 06:00:00,0.08202292945350109
2020-08-10 06:03:00,0.15068936887951168
2020-08-10 06:06:00,0.11184331044034934
2020-08-10 06:09:00,0.05866211476109129
2020-08-10 06:12:00,0.08138906412915503
2020-08-10 06:15:00,0.19739666762814068
2020-08-10 06:18:00,0.14950710009810564
2020-08-10 06:21:00,0.10649724519441861
2020-08-10 06:24:00,0.15562088036648447
2020-08-10 06:27:00,0.0718458488053102
2020-08-10 06:30:00,0.18651417744922583
2020-08-10 06:33:00,0.2174598655913087
2020-08-10 06:36:00,0.2825555581679282
2020-08-10 06:39:00,0.23457383364524276
2020-08-10 06:42:00,0.2569810517780411
2020-08-10 06:45:00,0.17648011891145643
2020-08-10 06:48:00,0.15562631752726475
2020-08-10 06:51:00,0.20588222308572313
2020-08-10 06:54:00,0.2780053796053039
2020-08-10 06:57:00,0.2599424654347331
2020-08-10 07:00:00,0.2964899662152334
2020-08-10 07:03:00,0.16738728041963213
2020-08-10 07:06:00,0.20458401859235664
2020-08-10 07:09:00,0.1444524269055023
2020-08-10 07:12:00,0.14519758543940497
2020-08-10 07:15:00,0.139401703507815
2020-08-10 07:18:00,0.21594694988363017
2020-08-10 07:21:00,0.06803464516326585
2020-08-10 07:24:00,0.14634626325221234
2020-08-10 07:27:00,0.0803481339360701
2020-08-10 07:30:00,0.17108185578950952
2020-08-10 07:33:00,0.17988170134788106
2020-08-10 07:36:00,0.10120852310768669
2020-08-10 07:39:00,0.1933583926980873
2020-08-10 07:42:00,0.21352440305719256
2020-08-10 07:45:00,0.25498770340499277
2020-08-10 07:48:00,0.10513133453588352
2020-08-10 07:51:00,0.2088230051444384
2020-08-10 07:54:00,0.25037775688690544
2020-08-10 07:57:00,0.14842320444353163
2020-08-10 08:00:00,0.14318372189507045
2020-08-10 08:03:00,0.14991562513455392
2020-08-10 08:06:00,0.14676248732314434
2020-08-10 08:09:00,0.1891212035622516
2020-08-10 08:12:00,0.1435500065231281
2020-08-10 08:15:00,0.22938163882810159
2020-08-10 08:18:00,0.1696296298927109
2020-08-10 08:21:00,0.0874067456873604
2020-08-10 08:24:00,0.03502889379592489
2020-08-10 08:27:00,0.16910410131356457
2020-08-10 08:30:00,0.051536318828766525
2020-08-10 08:33:00,0.1654251724912683
2020-08-10 08:36:00,0.19821902942692304
2020-08-10 08:39:00,0.1692625125124323
2020-08-10 08:42:00,0.1774673927527033
2020-08-10 08:45:00,0.016606545802062556
2020-08-10 08:48:00,0.09708119961464945
2020-08-10 08:51:00,0.21184746410784783
2020-08-10 08:54:00,0.1715289549815111
2020-08-10 08:57:00,0.10806002292218864
2020-08-10 09:00:00,0.1767057400379599
2020-08-10 09:03:00,0.07285557964240752
2020-08-10 09:06:00,0.14428348037677097
2020-08-10 09:09:00,0.030151154450379636
2020-08-10 09:12:00,0.14895557533725423
2020-08-10 09:15:00,0.09660867568243248
2020-08-10 09:18:00,0.1985356898416626
2020-08-10 09:21:00,0.05770668631737408
2020-08-10 09:24:00,0.07317311300494111
2020-08-10 09:27:00,-0.028801502268152035
2020-08-10 09:30:00,0.07853051850298698
2020-08-10 09:33:00,0.03325538080099477
2020-08-10 09:36:00,0.04816232769371709
2020-08-10 09:39:00,0.004882116942894754
2020-08-10 09:42:00,-0.008717087040622573
2020-08-10 09:45:00,-0.0015950377053854936
2020-08-10 09:48:00,-0.018769728417566967
2020-08-10 09:51:00,0.10694413750610465
2020-08-10 09:54:00,0.0764184898256417
2020-08-10 09:57:00,-0.020937658971433848
2020-08-10 10:00:00,0.02357008210890399
2020-08-10 10:03:00,0.11106119110337431
2020-08-10 10:06:00,-0.15980653668356126
2020-08-10 10:09:00,-0.032095964356301465
2020-08-10 10:12:00,-0.10142618137001591
2020-08-10 10:15:00,-0.03822935633417046
2020-08-10 10:18:00,-0.07910752116083586
2020-08-10 10:21:00,-0.11901508825314977
2020-08-10 10:24:00,-0.11243137478436438
2020-08-10 10:27:00,-0.09753556938005659
2020-08-10 10:30:00,-0.21062980375671714
2020-08-10 10:33:00,-0.13111170509398562
2020-08-10 10:36:00,-0.11228100965769272
2020-08-10 10:39:00,-0.19546187197812515
2020-08-10 10:42:00,-0.14068225519093858
2020-08-10 10:45:00,-0.13985436275839902
2020-08-10 10:48:00,-0.27352619758045194
2020-08-10 10:51:00,-0.24940298320245802
2020-08-10 10:54:00,-0.33452358779277347
2020-08-10 10:57:00,-0.33169497248553625
2020-08-10 11:00:00,-0.12498538559873396
2020-08-10 11:03:00,-0.2748775656491489
2020-08-10 11:06:00,-0.24767202530972554
2020-08-10 11:09:00,-0.3389369354164842
2020-08-10 11:12:00,-0.2930897024376691
2020-08-10 11:15:00,-0.3208252765072075
2020-08-10 11:18:00,-0.2828248338207118
2020-08-10 11:21:00,-0.2193217993646499
2020-08-10 11:24:00,-0.2735359976734344
2020-08-10 11:27:00,-0.38580377090301
2020-08-10 11:30:00,-0.36895910597559123
2020-08-10 11:33:00,-0.3943215450015032
2020-08-10 11:36:00,-0.3225316470577013
2020-08-10 11:39:00,-0.3213421816532218
2020-08-10 11:42:00,-0.3090849671856404
2020-08-10 11:45:00,-0.2725807868969241
2020-08-10 11:48:00,-0.4301094526921929
2020-08-10 11:51:00,-0.3405922331625675
2020-08-10 11:54:00,-0.41997247486813194
2020-08-10 11:57:00,-0.39886036598818464
2020-08-10 12:00:00,-0.2995986804237418
2020-08-10 12:03:00,-0.390400515372221
2020-08-10 12:06:00,-0.40403561704624735
2020-08-10 12:09:00,-0.34577159455926676
2020-08-10 12:12:00,-0.37843504917617565
2020-08-10 12:15:00,-0.2765993783661429
2020-08-10 12:18:00,-0.27323794203107354
2020-08-10 12:21:00,-0.3822534729086442
2020-08-10 12:24:00,-0.29116656352317705
2020-08-10 12:27:00,-0.29897275062137396
2020-08-10 12:30:00,-0.4525851518552031
2020-08-10 12:33:00,-0.3835320017062145
2020-08-10 12:36:00,-0.3935515717913063
2020-08-10 12:39:00,-0.3468543387455725
2020-08-10 12:42:00,-0.20616337731155454
2020-08-10 12:45:00,-0.36813273943494096
2020-08-10 12:48:00,-0.4118535939739445
2020-08-10 12:51:00,-0.42869782994853267
2020-08-10 12:54:00,-0.46734763788094824
2020-08-10 12:57:00,-0.48632011226237637
2020-08-10 13:00:00,-0.511100661565024
2020-08-10 13:03:00,-0.35676343537562616
2020-08-10 13:06:00,-0.523719920416454
2020-08-10 13:09:00,-0.5289665346344918
2020-08-10 13:12:00,-0.5180966715401496
2020-08-10 13:15:00,-0.4582526428094411
2020-08-10 13:18:00,-0.5093286104195158
2020-08-10 13:21:00,-0.5239846343602039
2020-08-10 13:24:00,-0.48221137497392874
2020-08-10 13:27:00,-0.4459555893097331
2020-08-10 13:30:00,-0.4859854572657696
2020-08-10 13:33:00,-0.44918621302218753
2020-08-10 13:36:00,-0.3849724531604011
2020-08-10 13:39:00,-0.5711750000432403
2020-08-10 13:42:00,-0.4283664597087409
2020-08-10 13:45:00,-0.5800693258535716
2020-08-10 13:48:00,-0.5286697871922001
2020-08-10 13:51:00,-0.491559963383736
2020-08-10 13:54:00,-0.4660342710470786
2020-08-10 13:57:00,-0.283689000573645
2020-08-10 14:00:00,-0.4188216585372402
2020-08-10 14:03:00,-0.3442183635383458
2020-08-10 14:06:00,-0.40048162721296876
2020-08-10 14:09:00,-0.46162357020807576
2020-08-10 14:12:00,-0.3865572258512202
2020-08-10 14:15:00,-0.5301094222131724
2020-08-10 14:18:00,-0.4212087545071199
2020-08-10 14:21:00,-0.37505617749980047
2020-08-10 14:24:00,-0.3809147116938334
2020-08-10 14:27:00,-0.4433352894604923
2020-08-10 14:30:00,-0.3117568414131142
2020-08-10 14:33:00,-0.4376664824332579
2020-08-10 14:36:00,-0.39258586839059717
2020-08-10 14:39:00,-0.5287263997507239
2020-08-10 14:42:00,-0.4027838202399039
2020-08-10 14:45:00,-0.4636111272434391
2020-08-10 14:48:00,-0.33102998077470147
2020-08-10 14:51:00,-0.46317796334005834
2020-08-10 14:54:00,-0.47616073118462054
2020-08-10 14:57:00,-0.4627558738260973
2020-08-10 15:00:00,-0.4511400303763935
2020-08-10 15:03:00,-0.4007661089116823
2020-08-10 15:06:00,-0.35850785860208134
2020-08-10 15:09:00,-0.40502120723022017
2020-08-10 15:12:00,-0.4528071835809442
2020-08-10 15:15:00,-0.5076772613525122
2020-08-10 15:18:00,-0.4371562032138172
2020-08-10 15:21:00,-0.40001061744584376
2020-08-10 15:24:00,-0.39156662154886135
2020-08-10 15:27:00,-0.45368038714894965
2020-08-10 15:30:00,-0.38870061274428735
2020-08-10 15:33:00,-0.3227781971586978
2020-08-10 15:36:00,-0.5167801186557881
2020-08-10 15:39:00,-0.4457089445907627
2020-08-10 15:42:00,-0.3530973997563933
2020-08-10 15:45:00,-0.30974859725688475
2020-08-10 15:48:00,-0.3753231016218592
2020-08-10 15:51:00,-0.250063256544081
2020-08-10 15:54:00,-0.35307936554801245
2020-08-10 15:57:00,-0.3739413386439878
2020-08-10 16:00:00,-0.34381972430122687
2020-08-10 16:03:00,-0.3298636591053423
2020-08-10 16:06:00,-0.26817159464025053
2020-08-10 16:09:00,-0.39097732190975876
2020-08-10 16:12:00,-0.41382419119810265
2020-08-10 16:15:00,-0.3551193208041923
2020-08-10 16:18:00,-0.3872189449108987
2020-08-10 16:21:00,-0.4337066599181867
2020-08-10 16:24:00,-0.4085397791716332
2020-08-10 16:27:00,-0.4524393594861067
2020-08-10 16:30:00,-0.3410981649326459
2020-08-10 16:33:00,-0.4090228455942224
2020-08-10 16:36:00,-0.41905930133833635
2020-08-10 16:39:00,-0.3355412139583791
2020-08-10 16:42:00,-0.3307593656481913
2020-08-10 16:45:00,-0.4936414708016059
2020-08-10 16:48:00,-0.39254228547827097
2020-08-10 16:51:00,-0.5011986519231186
2020-08-10 16:54:00,-0.4425505675211525
2020-08-10 16:57:00,-0.2642684873804342
2020-08-10 17:00:00,-0.412065765796342
2020-08-10 17:03:00,-0.3112668237974958
2020-08-10 17:06:00,-0.41485392128453213
2020-08-10 17:09:00,-0.4149026205781752
2020-08-10 17:12:00,-0.389272292101964
2020-08-10 17:15:00,-0.4197171515288005
2020-08-10 17:18:00,-0.36589626809774245
2020-08-10 17:21:00,-0.3343198498271249
2020-08-10 17:24:00,-0.3158734678291921
2020-08-10 17:27:00,-0.32887530768567785
2020-08-10 17:30:00,-0.28636622047872606
2020-08-10 17:33:00,-0.29275333914227986
2020-08-10 17:36:00,-0.3340502765227029
2020-08-10 17:39:00,-0.30379090016077726
2020-08-10 17:42:00,-0.30556820453131195
2020-08-10 17:45:00,-0.13916130957466066
2020-08-10 17:48:00,-0.28308398925213396
2020-08-10 17:51:00,-0.34701340628407706
2020-08-10 17:54:00,-0.26373607631518325
2020-08-10 17:57:00,-0.33549348493818343
2020-08-10 18:00:00,-0.30584261210731256
2020-08-10 18:03:00,-0.36542473060586644
2020-08-10 18:06:00,-0.33027730165048297
2020-08-10 18:09:00,-0.3209111062976717
2020-08-10 18:12:00,-0.24317684990796806
2020-08-10 18:15:00,-0.2165273815297155
2020-08-10 18:18:00,-0.35333528565297456
2020-08-10 18:21:00,-0.3162991208506014
2020-08-10 18:24:00,-0.24889019345118868
2020-08-10 18:27:00,-0.2216957791395089
2020-08-10 18:30:00,-0.21710213589830119
2020-08-10 18:33:00,-0.2506312142321576
2020-08-10 18:36:00,-0.32548265482131455
2020-08-10 18:39:00,-0.31923323791227176
2020-08-10 18:42:00,-0.27277245776792824
2020-08-10 18:45:00,-0.30902524275268206
2020-08-10 18:48:00,-0.1969283109947355
2020-08-10 18:51:00,-0.2815226008541458
2020-08-10 18:54:00,
2020-08-10 18:57:00,
2020-08-10 19:00:00,
2020-08-10 19:03:00,-0.24518016197856696
2020-08-10 19:06:00,-0.1362068446817375
2020-08-10 19:09:00,-0.24604082873378275
2020-08-10 19:12:00,-0.19653224654615542
2020-08-10 19:15:00,-0.12045571708671332
2020-08-10 19:18:00,-0.08695415093745851
2020-08-10 19:21:00,-0.1187560775044858
2020-08-10 19:24:00,-0.1525570037254056
2020-08-10 19:27:00,-0.10203402403550399
2020-08-10 19:30:00,-0.09263149532182524
2020-08-10 19:33:00,-0.10987547796435138
2020-08-10 19:36:00,-0.11743071388377757
2020-08-10 19:39:00,-0.06990030747721221
2020-08-10 19:42:00,-0.11889616181190377
2020-08-10 19:45:00,-0.1312955674181353
2020-08-10 19:48:00,-0.12850214999031095
2020-08-10 19:51:00,-0.08470190120101506
2020-08-10 19:54:00,-0.05403822203572872
2020-08-10 19:57:00,-0.08292484087115781
2020-08-10 20:00:00,-0.19386445369752892
2020-08-10 20:03:00,-0.11553668760109304
2020-08-10 20:06:00,-0.08142776497874138
2020-08-10 20:09:00,-0.16462651385080562
2020-08-10 20:12:00,-0.08628003544998819
2020-08-10 20:15:00,-0.0891445326414555
2020-08-10 20:18:00,-0.13765466861724462
2020-08-10 20:21:00,-0.16741842221580328
2020-08-10 20:24:00,-0.11595929426960083
2020-08-10 20:27:00,-0.11444120466615004
2020-08-10 20:30:00,-0.09878547268311877
2020-08-10 20:33:00,-0.05289788808022422
2020-08-10 20:36:00,-0.14704998181201745
2020-08-10 20:39:00,-0.04978017151137237
2020-08-10 20:42:00,-0.0735932512201316
2020-08-10 20:45:00,-0.05167561477014715
2020-08-10 20:48:00,0.04876020246081225
2020-08-10 20:51:00,0.0776365256078293
2020-08-10 20:54:00,0.008792769163505909
2020-08-10 20:57:00,-0.023209445344889446
2020-08-10 21:00:00,0.020099607041913714
2020-08-10 21:03:00,0.06739620472859542
2020-08-10 21:06:00,0.10793955555305956
2020-08-10 21:09:00,0.03979339441752927
2020-08-10 21:12:00,-0.023018940510780794
2020-08-10 21:15:00,0.012799285478990896
2020-08-10 21:18:00,0.0650418424156669
2020-08-10 21:21:00,0.04659058962823792
2020-08-10 21:24:00,0.0415622866264016
2020-08-10 21:27:00,0.017119248319147573
2020-08-10 21:30:00,0.10858644546937057
2020-08-10 21:33:00,0.03483187243188013
2020-08-10 21:36:00,0.09445568152756323
2020-08-10 21:39:00,0.05724320564041818
2020-08-10 21:42:00,0.001782768461566775
2020-08-10 21:45:00,0.07325292539485417
2020-08-10 21:48:00,0.04972409879820816
2020-08-10 21:51:00,0.0017554789855580566
2020-08-10 21:54:00,-0.04954387224233869
2020-08-10 21:57:00,-0.044079083053929935
2020-08-10 22:00:00,0.0700477996441009
2020-08-10 22:03:00,0.08096418856956689
2020-08-10 22:06:00,-0.07226038392184364
2020-08-10 22:09:00,0.050035607596555565
2020-08-10 22:12:00,0.01570163151467341
2020-08-10 22:15:00,0.09059343928322505
2020-08-10 22:18:00,0.08413773324889462
2020-08-10 22:21:00,0.0699505754726033
2020-08-10 22:24:00,0.0719442840493798
2020-08-10 22:27:00,0.04154396606406863
2020-08-10 22:30:00,0.037477185662964985
2020-08-10 22:33:00,0.09183217027521096
2020-08-10 22:36:00,0.1081243550080444
2020-08-10 22:39:00,0.07315388155586788
2020-08-10 22:42:00,0.12926393716946905
2020-08-10 22:45:00,0.07776593592853942
2020-08-10 22:48:00,-0.013740859128517968
2020-08-10 22:51:00,0.08356620912184098
2020-08-10 22:54:00,0.023682261564658802
2020-08-10 22:57:00,0.15552350419062577
2020-08-10 23:00:00,0.10646467113491553
2020-08-10 23:03:00,0.14302964702909549
2020-08-10 23:06:00,0.07178345737946756
2020-08-10 23:09:00,0.10364045917384601
2020-08-10 23:12:00,0.06828831797139401
2020-08-10 23:15:00,0.034372715405027066
2020-08-10 23:18:00,0.01337306354548673
2020-08-10 23:21:00,0.12865383026763766
2020-08-10 23:24:00,0.11065526135104164
2020-08-10 23:27:00,0.09355962410495522
2020-08-10 23:30:00,0.06521814634942302
2020-08-10 23:33:00,-0.017286299293743923
2020-08-10 23:36:00,0.07790082952817556
2020-08-10 23:39:00,0.02522502393742343
2020-08-10 23:42:00,0.08829609273146843
2020-08-10 23:45:00,-0.014518002005559083
2020-08-10 23:48:00,0.12432276117465335
2020-08-10 23:51:00,0.07202935129623711
2020-08-10 23:54:00,-0.015256592477953745
2020-08-10 23:57:00,0.08852540675280807
2020-08-11 00:00:00,-0.03844327115297119
2020-08-11 00:03:00,0.021384335421544165
2020-08-11 00:06:00,0.05598624671995367
2020-08-11 00:09:00,0.17738882918445142
2020-08-11 00:12:00,-0.02151449676239281
2020-08-11 00:15:00,0.09946417543875441
2020-08-11 00:18:00,0.06999008980335475
2020-08-11 00:21:00,-0.026033194340186583
2020-08-11 00:24:00,0.06186940809476482
2020-08-11 00:27:00,0.11035153569719114
2020-08-11 00:30:00,0.1507890612459164
2020-08-11 00:33:00,0.19240663549766168
2020-08-11 00:36:00,0.20595694337032455
2020-08-11 00:39:00,0.1492432580125751
2020-08-11 00:42:00,0.24392476768326787
2020-08-11 00:45:00,0.10752573158265477
2020-08-11 00:48:00,0.1052996151410639
2020-08-11 00:51:00,0.07115033118913061
2020-08-11 00:54:00,0.1634072524729504
2020-08-11 00:57:00,0.10544967571155439
2020-08-11 01:00:00,0.0798534609774606
2020-08-11 01:03:00,0.10549112541679051
2020-08-11 01:06:00,0.05726229715094178
2020-08-11 01:09:00,0.054793805865358536
2020-08-11 01:12:00,0.0892720437124126
2020-08-11 01:15:00,0.11141137491563313
2020-08-11 01:18:00,0.024766756931171585
2020-08-11 01:21:00,0.03308771377641051
2020-08-11 01:24:00,0.05203581213822872
2020-08-11 01:27:00,0.07794550568689829
2020-08-11 01:30:00,0.0692329308322428
2020-08-11 01:33:00,0.06712761695627023
2020-08-11 01:36:00,0.03687540537038103
2020-08-11 01:39:00,0.0195246195575578
2020-08-11 01:42:00,0.08165974964532552
2020-08-11 01:45:00,0.12520894737463095
2020-08-11 01:48:00,0.12641473928368896
2020-08-11 01:51:00,0.16855350372526345
2020-08-11 01:54:00,0.12372543773608413
2020-08-11 01:57:00,0.07132764695262495
2020-08-11 02:00:00,0.19799526521899224
2020-08-11 02:03:00,0.24394487919710173
2020-08-11 02:06:00,0.0795419576974723
2020-08-11 02:09:00,0.2155793564430155
2020-08-11 02:12:00,0.11531048552416223
2020-08-11 02:15:00,0.17802759811883107
2020-08-11 02:18:00,0.20209697369904234
2020-08-11 02:21:00,0.11242948970624411
2020-08-11 02:24:00,0.24491831473136472
2020-08-11 02:27:00,0.17211746435339137
2020-08-11 02:30:00,0.10871799276759475
2020-08-11 02:33:00,0.17989062074303774
2020-08-11 02:36:00,0.13028142600899173
2020-08-11 02:39:00,0.08906594386098732
2020-08-11 02:42:00,0.14376752281538074
2020-08-11 02:45:00,0.11448868529947731
2020-08-11 02:48:00,0.009456530845739053
2020-08-11 02:51:00,0.06312777762104815
2020-08-11 02:54:00,0.04759032455206125
2020-08-11 02:57:00,0.06645318944407563
2020-08-11 03:00:00,0.10110443827875315
2020-08-11 03:03:00,0.12404545835801173
2020-08-11 03:06:00,0.17392087992914185
2020-08-11 03:09:00,0.14305841957354914
2020-08-11 03:12:00,0.08122397361375988
2020-08-11 03:15:00,0.11123267746256715
2020-08-11 03:18:00,0.23505197234038633
2020-08-11 03:21:00,0.21476296380495796
2020-08-11 03:24:00,0.10931564025520402
2020-08-11 03:27:00,0.2720703719553512
2020-08-11 03:30:00,0.16201109440510209
2020-08-11 03:33:00,0.2887787748662163
2020-08-11 03:36:00,0.1616814380893743
2020-08-11 03:39:00,0.17537360002864943
2020-08-11 03:42:00,0.10463070090264637
2020-08-11 03:45:00,0.17512607655413603
2020-08-11 03:48:00,0.24191918464850914
2020-08-11 03:51:00,0.1835403786058123
2020-08-11 03:54:00,0.24705532760884807
2020-08-11 03:57:00,0.1739199363647117
2020-08-11 04:00:00,0.1670564161134962
2020-08-11 04:03:00,0.1624185104838034
2020-08-11 04:06:00,0.08770492145822573
2020-08-11 04:09:00,0.23538422004673976
2020-08-11 04:12:00,0.23221902908733227
2020-08-11 04:15:00,0.1293532258154073
2020-08-11 04:18:00,0.1527519542560185
2020-08-11 04:21:00,0.21902255772846502
2020-08-11 04:24:00,0.17418653896572778
2020-08-11 04:27:00,0.24219419478157533
2020-08-11 04:30:00,0.15076366770443883
2020-08-11 04:33:00,0.21164347717365217
2020-08-11 04:36:00,0.19425936767811436
2020-08-11 04:39:00,0.1390491719550937
2020-08-11 04:42:00,0.2331696741085807
2020-08-11 04:45:00,0.2406666850225747
2020-08-11 04:48:00,0.2925431067085924
2020-08-11 04:51:00,0.27235719843054085
2020-08-11 04:54:00,0.25627106959376533
2020-08-11 04:57:00,0.27413750037169393
2020-08-11 05:00:00,0.09518580735061732
2020-08-11 05:03:00,0.20569804120538038
2020-08-11 05:06:00,0.17526639841457836
2020-08-11 05:09:00,0.17265292260310616
2020-08-11 05:12:00,0.26231985697785376
2020-08-11 05:15:00,0.19657262261324604
2020-08-11 05:18:00,0.11327974705642418
2020-08-11 05:21:00,0.25850334457817326
2020-08-11 05:24:00,0.2678554970787559
2020-08-11 05:27:00,0.16807678970286588
2020-08-11 05:30:00,0.24137382003920038
2020-08-11 05:33:00,0.1846727655953373
2020-08-11 05:36:00,0.1968164363972278
2020-08-11 05:39:00,0.2689692008553948
2020-08-11 05:42:00,0.2367143324250378
2020-08-11 05:45:00,0.20064141629478627
2020-08-11 05:48:00,0.19162147463174506
2020-08-11 05:51:00,0.2473218135610864
2020-08-11 05:54:00,0.21638083374597272
2020-08-11 05:57:00,0.2550601463756834
2020-08-11 06:00:00,0.273092536245656
2020-08-11 06:03:00,0.19493973448220459
2020-08-11 06:06:00,0.24065782782349743
2020-08-11 06:09:00,0.2151566530997684
2020-08-11 06:12:00,0.2546620400055417
2020-08-11 06:15:00,0.19526170334023618
2020-08-11 06:18:00,0.1969775940306704
2020-08-11 06:21:00,0.2916236973177888
2020-08-11 06:24:00,0.22731147686772601
2020-08-11 06:27:00,0.1500100425521964
2020-08-11 06:30:00,0.22765805920630555
2020-08-11 06:33:00,0.33509340564347667
2020-08-11 06:36:00,0.23281212223423609
2020-08-11 06:39:00,0.23524972204666028
2020-08-11 06:42:00,0.26674319579967687
2020-08-11 06:45:00,0.2642231972351965
2020-08-11 06:48:00,0.12312581331650563
2020-08-11 06:51:00,0.21275335307177556
2020-08-11 06:54:00,0.1884828691250391
2020-08-11 06:57:00,0.18639578050425598
2020-08-11 07:00:00,0.2985005507700862
2020-08-11 07:03:00,0.23612459515481987
2020-08-11 07:06:00,0.3073200924934554
2020-08-11 07:09:00,0.1857940438995911
2020-08-11 07:12:00,0.24632736096037888
2020-08-11 07:15:00,0.25788334272954216
2020-08-11 07:18:00,0.3172745547349223
2020-08-11 07:21:00,0.28082281786731755
2020-08-11 07:24:00,0.29318275799420235
2020-08-11 07:27:00,0.2801440696733266
2020-08-11 07:30:00,0.20434267545806506
2020-08-11 07:33:00,0.27044416781251357
2020-08-11 07:36:00,0.2855125450844298
2020-08-11 07:39:00,0.2885351022866871
2020-08-11 07:42:00,0.22980276398482147
2020-08-11 07:45:00,0.18192139229654458
2020-08-11 07:48:00,0.2309828428652736
2020-08-11 07:51:00,0.14182292791048212
2020-08-11 07:54:00,0.2770326011887505
2020-08-11 07:57:00,0.22655534089523144
2020-08-11 08:00:00,0.27191521617726266
2020-08-11 08:03:00,0.16980744150919236
2020-08-11 08:06:00,0.166489104115783
2020-08-11 08:09:00,0.11375696847937888
2020-08-11 08:12:00,0.16474604682741756
2020-08-11 08:15:00,0.1844065950505751
2020-08-11 08:18:00,0.17573733186617346
2020-08-11 08:21:00,0.21296349453660923
2020-08-11 08:24:00,0.09560362529953181
2020-08-11 08:27:00,0.19163908522580186
2020-08-11 08:30:00,0.16747869693489292
2020-08-11 08:33:00,0.1114374381397738
2020-08-11 08:36:00,0.11284010240831321
2020-08-11 08:39:00,0.06841474776973655
2020-08-11 08:42:00,0.2071415329987758
2020-08-11 08:45:00,0.10617578867538668
2020-08-11 08:48:00,0.03781992001273693
2020-08-11 08:51:00,0.0041498271448290325
2020-08-11 08:54:00,0.044884256836894565
2020-08-11 08:57:00,0.07506460203472898
2020-08-11 09:00:00,0.05522166643226001
2020-08-11 09:03:00,0.0017278195469998536
2020-08-11 09:06:00,-0.008137446963417005
2020-08-11 09:09:00,-0.06055355939412266
2020-08-11 09:12:00,0.08348913204855535
2020-08-11 09:15:00,0.008460021595283251
2020-08-11 09:18:00,-0.06802338650157935
2020-08-11 09:21:00,-0.035221804846003124
2020-08-11 09:24:00,0.0006733379439651799
2020-08-11 09:27:00,-0.10643997935648031
2020-08-11 09:30:00,-0.06289248157639804
2020-08-11 09:33:00,-0.0684365472663444
2020-08-11 09:36:00,-0.12707927587860013
2020-08-11 09:39:00,-0.03921798000976651
2020-08-11 09:42:00,-0.0408429126291594
2020-08-11 09:45:00,-0.07714551807197267
2020-08-11 09:48:00,-0.10556082182495174
2020-08-11 09:51:00,-0.029440846024897382
2020-08-11 09:54:00,-0.08102787713909265
2020-08-11 09:57:00,-0.11141746681937548
2020-08-11 10:00:00,-0.12489968258051931
2020-08-11 10:03:00,-0.21832771005114182
2020-08-11 10:06:00,-0.15458858379827234
2020-08-11 10:09:00,-0.15080729183443964
2020-08-11 10:12:00,-0.09608315147255553
2020-08-11 10:15:00,-0.22378155179609394
2020-08-11 10:18:00,-0.08148393221631522
2020-08-11 10:21:00,-0.16851276018468297
2020-08-11 10:24:00,-0.2583040370561207
2020-08-11 10:27:00,-0.1788602420174925
2020-08-11 10:30:00,-0.19848113864139805
2020-08-11 10:33:00,-0.2582349433286595
2020-08-11 10:36:00,-0.2389539873755666
2020-08-11 10:39:00,-0.2884356520741562
2020-08-11 10:42:00,-0.1940834376713383
2020-08-11 10:45:00,-0.3499373570730313
2020-08-11 10:48:00,-0.2719487649044936
2020-08-11 10:51:00,-0.21796569570591373
2020-08-11 10:54:00,-0.23689279692962373
2020-08-11 10:57:00,-0.1792245990820902
2020-08-11 11:00:00,-0.21067575817812667
2020-08-11 11:03:00,-0.3079260727623705
2020-08-11 11:06:00,-0.319273102171735
2020-08-11 11:09:00,-0.3582171993458587
2020-08-11 11:12:00,-0.38173847001598915
2020-08-11 11:15:00,-0.33328797070225846
2020-08-11 11:18:00,-0.2410567077857877
2020-08-11 11:21:00,-0.2959650858533678
2020-08-11 11:24:00,-0.208156317140606
2020-08-11 11:27:00,-0.30532552041432837
2020-08-11 11:30:00,-0.21445741423565323
2020-08-11 11:33:00,-0.30847808302212343
2020-08-11 11:36:00,-0.2994173509923712
2020-08-11 11:39:00,-0.2337125386989669
2020-08-11 11:42:00,-0.24954669223063775
2020-08-11 11:45:00,-0.2354750563046082
2020-08-11 11:48:00,-0.3125196307172473
2020-08-11 11:51:00,-0.18563492624480205
2020-08-11 11:54:00,-0.37013476177855864
2020-08-11 11:57:00,-0.345978208227109
2020-08-11 12:00:00,-0.24258751684897106
2020-08-11 12:03:00,-0.15453791141618467
2020-08-11 12:06:00,-0.12197999569445983
2020-08-11 12:09:00,-0.16231794850273218
2020-08-11 12:12:00,-0.28397050558606907
2020-08-11 12:15:00,-0.20650947053547952
2020-08-11 12:18:00,-0.33854246346311356
2020-08-11 12:21:00,-0.35125619377424755
2020-08-11 12:24:00,-0.3338556314520815
2020-08-11 12:27:00,-0.2714386526510566
2020-08-11 12:30:00,-0.25047805240268417
2020-08-11 12:33:00,-0.2991112713948496
2020-08-11 12:36:00,-0.35852190844337883
2020-08-11 12:39:00,-0.2787363817514006
2020-08-11 12:42:00,-0.1617590205353281
2020-08-11 12:45:00,-0.32685099611688884
2020-08-11 12:48:00,-0.22145045555328124
2020-08-11 12:51:00,-0.1481224594667765
2020-08-11 12:54:00,-0.12973144065614406
2020-08-11 12:57:00,0.047986125789066136
2020-08-11 13:00:00,-0.09517769203552007
2020-08-11 13:03:00,-0.07079908881848951
2020-08-11 13:06:00,-0.12034511221736466
2020-08-11 13:09:00,-0.17745613946840422
2020-08-11 13:12:00,-0.1718733252599236
2020-08-11 13:15:00,-0.3612660783330739
2020-08-11 13:18:00,-0.30086774236127667
2020-08-11 13:21:00,-0.26091648390763567
2020-08-11 13:24:00,-0.28011256901203296
2020-08-11 13:27:00,-0.14365428549120907
2020-08-11 13:30:00,-0.10304573186942889
2020-08-11 13:33:00,-0.10404610417299409
2020-08-11 13:36:00,-0.25936035270683533
2020-08-11 13:39:00,-0.39343572015206973
2020-08-11 13:42:00,-0.4023737003232668
2020-08-11 13:45:00,-0.18270488665831408
2020-08-11 13:48:00,-0.21983782011756148
2020-08-11 13:51:00,-0.14839344696065382
2020-08-11 13:54:00,-0.22047571749556027
2020-08-11 13:57:00,-0.18345198397469176
2020-08-11 14:00:00,-0.23554003537401513
2020-08-11 14:03:00,-0.26267152578901687
2020-08-11 14:06:00,-0.34739174918342997
2020-08-11 14:09:00,-0.3677275665436355
2020-08-11 14:12:00,-0.3333242788110624
2020-08-11 14:15:00,-0.47006056253047745
2020-08-11 14:18:00,-0.3876886147591563
2020-08-11 14:21:00,-0.2785216983019154
2020-08-11 14:24:00,-0.24317014045647056
2020-08-11 14:27:00,-0.24687870052343897
2020-08-11 14:30:00,-0.32715985937380765
2020-08-11 14:33:00,-0.3574340706106227
2020-08-11 14:36:00,-0.2074960706490856
2020-08-11 14:39:00,-0.36880724641389406
2020-08-11 14:42:00,-0.33048155212281927
2020-08-11 14:45:00,-0.22509872026415678
2020-08-11 14:48:00,-0.370312218761228
2020-08-11 14:51:00,-0.3478676916907375
2020-08-11 14:54:00,-0.41881834331820755
2020-08-11 14:57:00,-0.3441833997502499
2020-08-11 15:00:00,-0.29297058743981097
2020-08-11 15:03:00,-0.3787274903927482
2020-08-11 15:06:00,-0.32813288263218965
2020-08-11 15:09:00,-0.26805958328390034
2020-08-11 15:12:00,-0.39242671621701675
2020-08-11 15:15:00,-0.28966110180158466
2020-08-11 15:18:00,-0.3478967511280757
2020-08-11 15:21:00,-0.23901613469109861
2020-08-11 15:24:00,-0.23777755211835938
2020-08-11 15:27:00,-0.13015072829068686
2020-08-11 15:30:00,-0.15663367883280443
2020-08-11 15:33:00,-0.22874387100966942
2020-08-11 15:36:00,-0.2321374824602458
2020-08-11 15:39:00,-0.219886538128776
2020-08-11 15:42:00,-0.17000871896021863
2020-08-11 15:45:00,-0.21773457353168624
2020-08-11 15:48:00,-0.16790138467615634
2020-08-11 15:51:00,-0.2265120754103691
2020-08-11 15:54:00,-0.17522742420152326
2020-08-11 15:57:00,-0.27940141163821863
2020-08-11 16:00:00,-0.14737201065645422
2020-08-11 16:03:00,-0.28890800019121343
2020-08-11 16:06:00,-0.19318583748577112
2020-08-11 16:09:00,-0.31947887087324034
2020-08-11 16:12:00,-0.36847281133253773
2020-08-11 16:15:00,-0.1915390922969209
2020-08-11 16:18:00,-0.1458583152912638
2020-08-11 16:21:00,-0.17302801609798735
2020-08-11 16:24:00,-0.44358424783075634
2020-08-11 16:27:00,-0.4573788413736679
2020-08-11 16:30:00,-0.4900096510532421
2020-08-11 16:33:00,-0.3869725145989946
2020-08-11 16:36:00,-0.3428550991843622
2020-08-11 16:39:00,-0.30459976491005136
2020-08-11 16:42:00,-0.39243706666451317
2020-08-11 16:45:00,-0.3022635187726337
2020-08-11 16:48:00,-0.2024358869807088
2020-08-11 16:51:00,-0.27903232133439815
2020-08-11 16:54:00,-0.2344669602389331
2020-08-11 16:57:00,-0.30541978642077083
2020-08-11 17:00:00,-0.28611975259372
2020-08-11 17:03:00,-0.3230086398040726
2020-08-11 17:06:00,-0.36341370478999124
2020-08-11 17:09:00,-0.422599940404325
2020-08-11 17:12:00,-0.2692698481743605
2020-08-11 17:15:00,-0.2351719402616368
2020-08-11 17:18:00,-0.1494380528724264
2020-08-11 17:21:00,-0.30788746734771166
2020-08-11 17:24:00,-0.24462070478040232
2020-08-11 17:27:00,-0.0973211528404363
2020-08-11 17:30:00,-0.22316355167941992
2020-08-11 17:33:00,-0.2741961828940589
2020-08-11 17:36:00,-0.1832732877694525
2020-08-11 17:39:00,-0.1764943794898386
2020-08-11 17:42:00,-0.2427835528766309
2020-08-11 17:45:00,-0.22718654460351217
2020-08-11 17:48:00,-0.24796253094041276
2020-08-11 17:51:00,-0.17842245976407867
2020-08-11 17:54:00,-0.2297656477537089
2020-08-11 17:57:00,-0.21749532629343094
2020-08-11 18:00:00,-0.15809927049764383
2020-08-11 18:03:00,-0.16328797931691952
2020-08-11 18:06:00,-0.14313779445097907
2020-08-11 18:09:00,-0.14858222810073585
2020-08-11 18:12:00,-0.07600293652069467
2020-08-11 18:15:00,-0.10001973718925683
2020-08-11 18:18:00,-0.15408527878662426
2020-08-11 18:21:00,-0.2548968046420441
2020-08-11 18:24:00,-0.22866215923556865
2020-08-11 18:27:00,-0.12319158915431672
2020-08-11 18:30:00,-0.0931751758977839
2020-08-11 18:33:00,-0.1311586351207552
2020-08-11 18:36:00,-0.23338568033545926
2020-08-11 18:39:00,-0.15390676766264733
2020-08-11 18:42:00,-0.10764751256544969
2020-08-11 18:45:00,-0.07292619239484566
2020-08-11 18:48:00,-0.13102495710239737
2020-08-11 18:51:00,-0.07787447140566428
2020-08-11 18:54:00,
2020-08-11 18:57:00,
2020-08-11 19:00:00,
2020-08-11 19:03:00,-0.006367009565678927
2020-08-11 19:06:00,-0.09450730280701691
2020-08-11 19:09:00,-0.09434935979732018
2020-08-11 19:12:00,-0.03779044785210317
2020-08-11 19:15:00,-0.07673862953362232
2020-08-11 19:18:00,-0.009865576072684235
2020-08-11 19:21:00,-0.060062926887155754
2020-08-11 19:24:00,-0.09145202354335424
2020-08-11 19:27:00,-0.0745113501443484
2020-08-11 19:30:00,-0.07529906461104474
2020-08-11 19:33:00,-0.10795705976084946
2020-08-11 19:36:00,-0.15230917427714985
2020-08-11 19:39:00,-0.0596378549983001
2020-08-11 19:42:00,-0.04884383023312466
2020-08-11 19:45:00,-0.1293876410349526
2020-08-11 19:48:00,-0.12170066607740182
2020-08-11 19:51:00,-0.08222499060354949
2020-08-11 19:54:00,-0.08068341631542353
2020-08-11 19:57:00,-0.16129494539359257
2020-08-11 20:00:00,-0.15397431758322
2020-08-11 20:03:00,-0.19709876934740578
2020-08-11 20:06:00,-0.1459767891083743
2020-08-11 20:09:00,-0.17151119107603563
2020-08-11 20:12:00,-0.06654244569222101
2020-08-11 20:15:00,-0.08061364040293029
2020-08-11 20:18:00,-0.026003518959782923
2020-08-11 20:21:00,-0.07578448602407661
2020-08-11 20:24:00,-0.036239839246206884
2020-08-11 20:27:00,0.07128191469217882
2020-08-11 20:30:00,0.13179845887049169
2020-08-11 20:33:00,-0.08934024631338389
2020-08-11 20:36:00,-0.012068436650622516
2020-08-11 20:39:00,0.04340666536063509
2020-08-11 20:42:00,-0.011989372746882054
2020-08-11 20:45:00,0.0686025463551232
2020-08-11 20:48:00,0.07054513100462145
2020-08-11 20:51:00,0.15687653225063514
2020-08-11 20:54:00,-0.13260794504856221
2020-08-11 20:57:00,-0.07395768530130908
2020-08-11 21:00:00,-0.016248433538976315
2020-08-11 21:03:00,-0.1554222309666784
2020-08-11 21:06:00,-0.08535468298839533
2020-08-11 21:09:00,-0.028623356670550493
2020-08-11 21:12:00,-0.040164271879689295
2020-08-11 21:15:00,0.061338330094201865
2020-08-11 21:18:00,-0.04189351119367757
2020-08-11 21:21:00,-0.00825318265600572
2020-08-11 21:24:00,-0.017825749512837774
2020-08-11 21:27:00,-0.07494091347172116
2020-08-11 21:30:00,-0.03344077507426846
2020-08-11 21:33:00,-0.07013787929815862
2020-08-11 21:36:00,0.023178854567106555
2020-08-11 21:39:00,-0.04015709495797637
2020-08-11 21:42:00,-0.08633144048809527
2020-08-11 21:45:00,0.017595715116954125
2020-08-11 21:48:00,-0.05262127780048331
2020-08-11 21:51:00,-0.0125889281798095
2020-08-11 21:54:00,-0.05024674007830754
2020-08-11 21:57:00,-0.0031759750209516824
2020-08-11 22:00:00,-0.11561277252837954
2020-08-11 22:03:00,0.07158800623773232
2020-08-11 22:06:00,0.09783205251454774
2020-08-11 22:09:00,0.033783080892021644
2020-08-11 22:12:00,0.21038682088533278
2020-08-11 22:15:00,0.36984410135312373
2020-08-11 22:18:00,0.320414180768239
2020-08-11 22:21:00,0.36553456495414594
2020-08-11 22:24:00,0.47135871252436345
2020-08-11 22:27:00,0.38486449528534195
2020-08-11 22:30:00,0.27967960615234233
2020-08-11 22:33:00,0.22954474956270587
2020-08-11 22:36:00,0.22650465362841032
2020-08-11 22:39:00,0.1278217301553468
2020-08-11 22:42:00,0.17562316778804643
2020-08-11 22:45:00,0.2676149109159951
2020-08-11 22:48:00,0.2123014349585901
2020-08-11 22:51:00,0.1996174546753764
2020-08-11 22:54:00,0.1311041956198551
2020-08-11 22:57:00,0.10856713714639454
2020-08-11 23:00:00,0.11891797787751557
2020-08-11 23:03:00,0.053087786800858794
2020-08-11 23:06:00,0.016884443130436466
2020-08-11 23:09:00,0.00620493886924578
2020-08-11 23:12:00,0.0062135969042742545
2020-08-11 23:15:00,0.048532916427802775
2020-08-11 23:18:00,0.07303931238419636
2020-08-11 23:21:00,0.03956308559992294
2020-08-11 23:24:00,0.14940709209793113
2020-08-11 23:27:00,0.20982141820144307
2020-08-11 23:30:00,0.23180235537978433
2020-08-11 23:33:00,0.21867296082859866
2020-08-11 23:36:00,0.18746782367196602
2020-08-11 23:39:00,0.2059018821232712
2020-08-11 23:42:00,0.19074001704865395
2020-08-11 23:45:00,0.1935152406175007
2020-08-11 23:48:00,0.18038002358201766
2020-08-11 23:51:00,0.17848076604644803
2020-08-11 23:54:00,0.13969574892297487
2020-08-11 23:57:00,0.14043993768808605
2020-08-12 00:00:00,0.25585576723875647
2020-08-12 00:03:00,0.3101140778762215
2020-08-12 00:06:00,0.23170758646358536
2020-08-12 00:09:00,0.17900172730577424
2020-08-12 00:12:00,0.2647703846953391
2020-08-12 00:15:00,0.19762471783337787
2020-08-12 00:18:00,0.12365680353809694
2020-08-12 00:21:00,0.05862561554437207
2020-08-12 00:24:00,0.09886073295325559
2020-08-12 00:27:00,0.1627082645666178
2020-08-12 00:30:00,0.20158830091895652
2020-08-12 00:33:00,0.18682596927158102
2020-08-12 00:36:00,0.16231300638736457
2020-08-12 00:39:00,-0.04929861625743115
2020-08-12 00:42:00,0.2653998387751244
2020-08-12 00:45:00,0.18219277034415882
2020-08-12 00:48:00,0.12022694617843399
2020-08-12 00:51:00,0.26554732697695727
2020-08-12 00:54:00,0.18124568251300843
2020-08-12 00:57:00,0.24625705537761178
2020-08-12 01:00:00,0.25589065152098556
2020-08-12 01:03:00,0.2922114529107489
2020-08-12 01:06:00,0.26327994452100256
2020-08-12 01:09:00,0.3353960491364205
2020-08-12 01:12:00,0.3302318422545909
2020-08-12 01:15:00,0.24853417790126286
2020-08-12 01:18:00,0.26640818311568637
2020-08-12 01:21:00,0.2309012537915578
2020-08-12 01:24:00,0.28584297400084324
2020-08-12 01:27:00,0.26441449572047304
2020-08-12 01:30:00,0.3030496504940743
2020-08-12 01:33:00,0.2530430921750053
2020-08-12 01:36:00,0.2179974968127567
2020-08-12 01:39:00,0.21201587698823232
2020-08-12 01:42:00,0.33860512819694577
2020-08-12 01:45:00,0.229857752999294
2020-08-12 01:48:00,0.34352874853220783
2020-08-12 01:51:00,0.6015686641421212
2020-08-12 01:54:00,0.40760826968755737
2020-08-12 01:57:00,0.4488608784262169
2020-08-12 02:00:00,0.3013989699991271
2020-08-12 02:03:00,0.2662762223180266
2020-08-12 02:06:00,0.3719922173843315
2020-08-12 02:09:00,0.4247211504095958
2020-08-12 02:12:00,0.4060526019870281
2020-08-12 02:15:00,0.45368121955340257
2020-08-12 02:18:00,0.42203266806376405
2020-08-12 02:21:00,0.4074252042788089
2020-08-12 02:24:00,0.32186703476861567
2020-08-12 02:27:00,0.3882040906215707
2020-08-12 02:30:00,0.42260668317555883
2020-08-12 02:33:00,0.4968354465142397
2020-08-12 02:36:00,0.3707254763551191
2020-08-12 02:39:00,0.38426501475868236
2020-08-12 02:42:00,0.3303266495790922
2020-08-12 02:45:00,0.33666062606147307
2020-08-12 02:48:00,0.3532119718988156
2020-08-12 02:51:00,0.36225594945454986
2020-08-12 02:54:00,0.23662661308389943
2020-08-12 02:57:00,0.28616251997380004
2020-08-12 03:00:00,0.24396397257328317
2020-08-12 03:03:00,0.2575519057613178
2020-08-12 03:06:00,0.3623484357063944
2020-08-12 03:09:00,0.40602726201910855
2020-08-12 03:12:00,0.3675392512273561
2020-08-12 03:15:00,0.3507934555581187
2020-08-12 03:18:00,0.4019097425097016
2020-08-12 03:21:00,0.3702927919086392
2020-08-12 03:24:00,0.37104940601699354
2020-08-12 03:27:00,0.4145066091569447
2020-08-12 03:30:00,0.3429588328314708
2020-08-12 03:33:00,0.34057904110591153
2020-08-12 03:36:00,0.3541173323516773
2020-08-12 03:39:00,0.34791788508886157
2020-08-12 03:42:00,0.4073886176550445
2020-08-12 03:45:00,0.4890197977612729
2020-08-12 03:48:00,0.600726880345519
2020-08-12 03:51:00,0.5564751134300536
2020-08-12 03:54:00,0.5289484409879037
2020-08-12 03:57:00,0.4916296480137703
2020-08-12 04:00:00,0.48129819675682484
2020-08-12 04:03:00,0.5519281094641428
2020-08-12 04:06:00,0.5294561966961737
2020-08-12 04:09:00,0.5127222786427978
2020-08-12 04:12:00,0.5728078046201972
2020-08-12 04:15:00,0.510554283642648
2020-08-12 04:18:00,0.5475713346039015
2020-08-12 04:21:00,0.5317695543928949
2020-08-12 04:24:00,0.4470338332686197
2020-08-12 04:27:00,0.5742914646089048
2020-08-12 04:30:00,0.5281447058353592
2020-08-12 04:33:00,0.5721676083075522
2020-08-12 04:36:00,0.5628671551831985
2020-08-12 04:39:00,0.5308314644551615
2020-08-12 04:42:00,0.5606477612118965
2020-08-12 04:45:00,0.6520622084386218
2020-08-12 04:48:00,0.5400428417194121
2020-08-12 04:51:00,0.5895403514163036
2020-08-12 04:54:00,0.5943864171021005
2020-08-12 04:57:00,0.5170260825568107
2020-08-12 05:00:00,0.47245282563534374
2020-08-12 05:03:00,0.5185131150973916
2020-08-12 05:06:00,0.5128738027344752
2020-08-12 05:09:00,0.44333834345655987
2020-08-12 05:12:00,0.5502073678768511
2020-08-12 05:15:00,0.4933851052142586
2020-08-12 05:18:00,0.5034038531073861
2020-08-12 05:21:00,0.4644420558719844
2020-08-12 05:24:00,0.4862906373342639
2020-08-12 05:27:00,0.5133126502477694
2020-08-12 05:30:00,0.5161547249833234
2020-08-12 05:33:00,0.5577414755422296
2020-08-12 05:36:00,0.625456718779958
2020-08-12 05:39:00,0.5426682111501009
2020-08-12 05:42:00,0.5806427268897778
2020-08-12 05:45:00,0.5554283605441697
2020-08-12 05:48:00,0.5776687074875895
2020-08-12 05:51:00,0.5609351646387495
2020-08-12 05:54:00,0.506597654133202
2020-08-12 05:57:00,0.6215306692960212
2020-08-12 06:00:00,0.5795443375679383
2020-08-12 06:03:00,0.6541201526777058
2020-08-12 06:06:00,0.6214178234621386
2020-08-12 06:09:00,0.6870989603849011
2020-08-12 06:12:00,0.7207571199477911
2020-08-12 06:15:00,0.7006973732537176
2020-08-12 06:18:00,0.6533192187392842
2020-08-12 06:21:00,0.667091071372738
2020-08-12 06:24:00,0.6180576007189416
2020-08-12 06:27:00,0.6057137171673617
2020-08-12 06:30:00,0.6752132499860295
2020-08-12 06:33:00,0.6431511932174203
2020-08-12 06:36:00,0.6773640629192528
2020-08-12 06:39:00,0.6046787236032287
2020-08-12 06:42:00,0.6124063827734858
2020-08-12 06:45:00,0.6361329548893764
2020-08-12 06:48:00,0.6714316520483976
2020-08-12 06:51:00,0.5900790073949906
2020-08-12 06:54:00,0.6435628681070966
2020-08-12 06:57:00,0.7159494870884373
2020-08-12 07:00:00,0.653602091404764
2020-08-12 07:03:00,0.6309063128983894
2020-08-12 07:06:00,0.6233386462250223
2020-08-12 07:09:00,0.6739615873402727
2020-08-12 07:12:00,0.6666129052809424
2020-08-12 07:15:00,0.5822909369749141
2020-08-12 07:18:00,0.6733617584168883
2020-08-12 07:21:00,0.5879591007997647
2020-08-12 07:24:00,0.5726420094397895
2020-08-12 07:27:00,0.5738137268074865
2020-08-12 07:30:00,0.5833980967836396
2020-08-12 07:33:00,0.5058250859062241
2020-08-12 07:36:00,0.5726995253197629
2020-08-12 07:39:00,0.5402437450025559
2020-08-12 07:42:00,0.5572416670354414
2020-08-12 07:45:00,0.529228100537523
2020-08-12 07:48:00,0.5453050197489802
2020-08-12 07:51:00,0.5588688000293018
2020-08-12 07:54:00,0.5684280598509872
2020-08-12 07:57:00,0.6048935909911393
2020-08-12 08:00:00,0.518180775149176
2020-08-12 08:03:00,0.568224646643614
2020-08-12 08:06:00,0.5074931500111006
2020-08-12 08:09:00,0.574600222890183
2020-08-12 08:12:00,0.601484070663787
2020-08-12 08:15:00,0.551979931228118
2020-08-12 08:18:00,0.5307473734254131
2020-08-12 08:21:00,0.48955253301994617
2020-08-12 08:24:00,0.478461688540051
2020-08-12 08:27:00,0.371803896627398
2020-08-12 08:30:00,0.3717972068475319
2020-08-12 08:33:00,0.4245133918518036
2020-08-12 08:36:00,0.44704959588983684
2020-08-12 08:39:00,0.33689739768658455
2020-08-12 08:42:00,0.327769410905546
2020-08-12 08:45:00,0.35944707043739754
2020-08-12 08:48:00,0.35043451327254616
2020-08-12 08:51:00,0.33402340881730197
2020-08-12 08:54:00,0.35060902008979156
2020-08-12 08:57:00,0.48633994284466553
2020-08-12 09:00:00,0.40527798371562085
2020-08-12 09:03:00,0.3267862981326175
2020-08-12 09:06:00,0.255507494298854
2020-08-12 09:09:00,0.3101919478540367
2020-08-12 09:12:00,0.30325754877549116
2020-08-12 09:15:00,0.2080400332313843
2020-08-12 09:18:00,0.37285030148836995
2020-08-12 09:21:00,0.27346714134267813
2020-08-12 09:24:00,0.17891508822435753
2020-08-12 09:27:00,0.22608705133353624
2020-08-12 09:30:00,0.18790334482281423
2020-08-12 09:33:00,0.183008816442225
2020-08-12 09:36:00,0.1971892634601886
2020-08-12 09:39:00,0.22169007149608433
2020-08-12 09:42:00,0.08568501425816066
2020-08-12 09:45:00,0.1199726630553073
2020-08-12 09:48:00,0.10030838436256317
2020-08-12 09:51:00,0.03656392624952787
2020-08-12 09:54:00,0.013686734204554796
2020-08-12 09:57:00,0.10763859935366327
2020-08-12 10:00:00,0.04548667275111029
2020-08-12 10:03:00,0.015361154664674359
2020-08-12 10:06:00,0.18537114715707048
2020-08-12 10:09:00,0.0804630404695672
2020-08-12 10:12:00,0.12571180059666176
2020-08-12 10:15:00,0.14884515959408873
2020-08-12 10:18:00,0.052262681874537975
2020-08-12 10:21:00,0.0756214239917199
2020-08-12 10:24:00,0.019652163111175014
2020-08-12 10:27:00,0.10723437352339715
2020-08-12 10:30:00,0.011269084390789885
2020-08-12 10:33:00,-0.049363198409309916
2020-08-12 10:36:00,-0.010439589222130508
2020-08-12 10:39:00,0.06405678395015002
2020-08-12 10:42:00,-0.03594574812200335
2020-08-12 10:45:00,-0.052721514566428596
2020-08-12 10:48:00,-0.057431924787465505
2020-08-12 10:51:00,0.11411488036344508
2020-08-12 10:54:00,-0.059626730621971546
2020-08-12 10:57:00,-0.041104449307340474
2020-08-12 11:00:00,-0.14469349650318009
2020-08-12 11:03:00,-0.130819520999637
2020-08-12 11:06:00,-0.047956088377816286
2020-08-12 11:09:00,-0.09440977953568108
2020-08-12 11:12:00,-0.09137108554847373
2020-08-12 11:15:00,-0.08436511770207744
2020-08-12 11:18:00,-0.10988682065055855
2020-08-12 11:21:00,-0.18833529242834857
2020-08-12 11:24:00,-0.0620941077766588
2020-08-12 11:27:00,-0.19022880602500436
2020-08-12 11:30:00,-0.12147251122416947
2020-08-12 11:33:00,-0.1833837082192531
2020-08-12 11:36:00,-0.245616816389429
2020-08-12 11:39:00,-0.23603836829374814
2020-08-12 11:42:00,-0.24884286842018355
2020-08-12 11:45:00,-0.2513666095647977
2020-08-12 11:48:00,-0.140775362494594
2020-08-12 11:51:00,-0.17578560954376599
2020-08-12 11:54:00,-0.28545737997689
2020-08-12 11:57:00,-0.3358290489953788
2020-08-12 12:00:00,-0.3196823109793172
2020-08-12 12:03:00,-0.256183684918426
2020-08-12 12:06:00,-0.21602787472659202
2020-08-12 12:09:00,-0.19718232607885966
2020-08-12 12:12:00,-0.2451526828062356
2020-08-12 12:15:00,-0.26954864906116427
2020-08-12 12:18:00,-0.32783908903957126
2020-08-12 12:21:00,-0.34419535799139567
2020-08-12 12:24:00,-0.377839300524613
2020-08-12 12:27:00,-0.2722924110727263
2020-08-12 12:30:00,-0.3826388550137949
2020-08-12 12:33:00,-0.3843436636501565
2020-08-12 12:36:00,-0.4839482657018266
2020-08-12 12:39:00,-0.43978601180458554
2020-08-12 12:42:00,-0.33784651268905463
2020-08-12 12:45:00,-0.4049298639219501
2020-08-12 12:48:00,-0.40190538837651957
2020-08-12 12:51:00,-0.35229662146076635
2020-08-12 12:54:00,-0.48363503476826963
2020-08-12 12:57:00,-0.47443883737162196
2020-08-12 13:00:00,-0.370750494114759
2020-08-12 13:03:00,-0.5164826415884249
2020-08-12 13:06:00,-0.4218256991289877
2020-08-12 13:09:00,-0.2081524936876349
2020-08-12 13:12:00,-0.40024032141707266
2020-08-12 13:15:00,-0.41715564898754565
2020-08-12 13:18:00,-0.34205057522967763
2020-08-12 13:21:00,-0.3877563435548268
2020-08-12 13:24:00,-0.41914051938681496
2020-08-12 13:27:00,-0.5505108018964506
2020-08-12 13:30:00,-0.4605710416815896
2020-08-12 13:33:00,-0.4100618180478932
2020-08-12 13:36:00,-0.4125955259752345
2020-08-12 13:39:00,-0.4539964995766468
2020-08-12 13:42:00,-0.3171924485902764
2020-08-12 13:45:00,-0.4796310875134395
2020-08-12 13:48:00,-0.3547732469194216
2020-08-12 13:51:00,-0.3772006060281683
2020-08-12 13:54:00,-0.35274345429547793
2020-08-12 13:57:00,-0.3810378841727129
2020-08-12 14:00:00,-0.3803108515035092
2020-08-12 14:03:00,-0.4605196403525724
2020-08-12 14:06:00,-0.5101835502425729
2020-08-12 14:09:00,-0.4201616370577881
2020-08-12 14:12:00,-0.4445047684558858
2020-08-12 14:15:00,-0.39523792854896556
2020-08-12 14:18:00,-0.4527782702186869
2020-08-12 14:21:00,-0.4332199000147625
2020-08-12 14:24:00,-0.44798144275313234
2020-08-12 14:27:00,-0.3579519120837631
2020-08-12 14:30:00,-0.5460670624918862
2020-08-12 14:33:00,-0.5226840851277643
2020-08-12 14:36:00,-0.4480465386504875
2020-08-12 14:39:00,-0.4027413411662337
2020-08-12 14:42:00,-0.5166159651782323
2020-08-12 14:45:00,-0.4652772400011145
2020-08-12 14:48:00,-0.4797543276022225
2020-08-12 14:51:00,-0.4779590851306921
2020-08-12 14:54:00,-0.47109134352928095
2020-08-12 14:57:00,-0.33132757665043755
2020-08-12 15:00:00,-0.3747585425695661
2020-08-12 15:03:00,-0.3902311262364151
2020-08-12 15:06:00,-0.41503374674005045
2020-08-12 15:09:00,-0.423199549921776
2020-08-12 15:12:00,-0.40682431508179207
2020-08-12 15:15:00,-0.36480080919659486
2020-08-12 15:18:00,-0.45123716998966756
2020-08-12 15:21:00,-0.5022698585981971
2020-08-12 15:24:00,-0.5442935812093879
2020-08-12 15:27:00,-0.5266975964640324
2020-08-12 15:30:00,-0.4161021754372314
2020-08-12 15:33:00,-0.44508267202394336
2020-08-12 15:36:00,-0.4119053723535444
2020-08-12 15:39:00,-0.38903076080595156
2020-08-12 15:42:00,-0.45741367144592004
2020-08-12 15:45:00,-0.5063452907851911
2020-08-12 15:48:00,-0.40398923081812654
2020-08-12 15:51:00,-0.453976688125465
2020-08-12 15:54:00,-0.4707483389350955
2020-08-12 15:57:00,-0.44287188717316894
2020-08-12 16:00:00,-0.37570928066764964
2020-08-12 16:03:00,-0.4699074157363725
2020-08-12 16:06:00,-0.4455425111971749
2020-08-12 16:09:00,-0.4353473028104986
2020-08-12 16:12:00,-0.4296604109189275
2020-08-12 16:15:00,-0.36900595491999866
2020-08-12 16:18:00,-0.4503495364850778
2020-08-12 16:21:00,-0.3804981215163252
2020-08-12 16:24:00,-0.42544586561160713
2020-08-12 16:27:00,-0.38193308136681026
2020-08-12 16:30:00,-0.4456657448379815
2020-08-12 16:33:00,-0.4726766586806548
2020-08-12 16:36:00,-0.3123119498220035
2020-08-12 16:39:00,-0.32863950913241524
2020-08-12 16:42:00,-0.44496511114522264
2020-08-12 16:45:00,-0.44244985419862815
2020-08-12 16:48:00,-0.44546805395441424
2020-08-12 16:51:00,-0.3120861887000501
2020-08-12 16:54:00,-0.39256571435333854
2020-08-12 16:57:00,-0.410497088212594
2020-08-12 17:00:00,-0.31899706325424404
2020-08-12 17:03:00,-0.42764045816846874
2020-08-12 17:06:00,-0.4001173499647166
2020-08-12 17:09:00,-0.41431257040346736
2020-08-12 17:12:00,-0.30913132982516345
2020-08-12 17:15:00,-0.31254312126270634
2020-08-12 17:18:00,-0.3901192278557346
2020-08-12 17:21:00,-0.42007507178908554
2020-08-12 17:24:00,-0.33269158827596357
2020-08-12 17:27:00,-0.42493604203031055
2020-08-12 17:30:00,-0.3758422909929777
2020-08-12 17:33:00,-0.3309342679687006
2020-08-12 17:36:00,-0.28415848277671785
2020-08-12 17:39:00,-0.3539937322499327
2020-08-12 17:42:00,-0.4288105888216478
2020-08-12 17:45:00,-0.34113688187528624
2020-08-12 17:48:00,-0.3880221939136277
2020-08-12 17:51:00,-0.3272009037671637
2020-08-12 17:54:00,-0.3677598531265289
2020-08-12 17:57:00,-0.2785490124017542
2020-08-12 18:00:00,-0.25034933476263177
2020-08-12 18:03:00,-0.2435762056862245
2020-08-12 18:06:00,-0.25955414252092623
2020-08-12 18:09:00,-0.19125236007567992
2020-08-12 18:12:00,-0.3303556999090915
2020-08-12 18:15:00,-0.25701734909966945
2020-08-12 18:18:00,-0.3046145719807214
2020-08-12 18:21:00,-0.3507103146251893
2020-08-12 18:24:00,-0.3187250492686644
2020-08-12 18:27:00,-0.214564474645897
2020-08-12 18:30:00,-0.21852663350659896
2020-08-12 18:33:00,-0.2977330755687717
2020-08-12 18:36:00,-0.09106048557038093
2020-08-12 18:39:00,-0.199033988023416
2020-08-12 18:42:00,-0.26454865357857216
2020-08-12 18:45:00,-0.187420690042984
2020-08-12 18:48:00,-0.2064477012939392
2020-08-12 18:51:00,-0.176954139578811
2020-08-12 18:54:00,-0.21462028876095474
2020-08-12 18:57:00,
2020-08-12 19:00:00,
2020-08-12 19:03:00,-0.17645617781516876
2020-08-12 19:06:00,-0.21887307331604688
2020-08-12 19:09:00,-0.19045584306576302
2020-08-12 19:12:00,-0.277601226565821
2020-08-12 19:15:00,-0.2063440920397852
2020-08-12 19:18:00,-0.27500682237223373
2020-08-12 19:21:00,-0.23389774606670244
2020-08-12 19:24:00,-0.21745893347349465
2020-08-12 19:27:00,-0.25715347869521565
2020-08-12 19:30:00,-0.3007046647597349
2020-08-12 19:33:00,-0.23301621544942464
2020-08-12 19:36:00,-0.255986565336741
2020-08-12 19:39:00,-0.271617262379209
2020-08-12 19:42:00,-0.2667846281170796
2020-08-12 19:45:00,-0.25804934209088515
2020-08-12 19:48:00,-0.1447207142164757
2020-08-12 19:51:00,-0.14282489352353878
2020-08-12 19:54:00,-0.26162098529056266
2020-08-12 19:57:00,-0.2694635039255786
2020-08-12 20:00:00,-0.2207433463511279
2020-08-12 20:03:00,-0.23963766114098917
2020-08-12 20:06:00,-0.15390796500270199
2020-08-12 20:09:00,-0.12524037799789767
2020-08-12 20:12:00,-0.1387976345221773
2020-08-12 20:15:00,-0.15790703995935473
2020-08-12 20:18:00,-0.07144950488816448
2020-08-12 20:21:00,-0.05961979716005317
2020-08-12 20:24:00,-0.16031419752141574
2020-08-12 20:27:00,-0.10600648388918898
2020-08-12 20:30:00,-0.012345432376150711
2020-08-12 20:33:00,-0.04922796582684441
2020-08-12 20:36:00,-0.13951951039598498
2020-08-12 20:39:00,-0.12288765856902728
2020-08-12 20:42:00,-0.13187986940374685
2020-08-12 20:45:00,-0.1358847649390782
2020-08-12 20:48:00,-0.12013018519496654
2020-08-12 20:51:00,-0.13629569574789002
2020-08-12 20:54:00,-0.21164949492640517
2020-08-12 20:57:00,-0.18678824817737905
2020-08-12 21:00:00,0.006274396698586315
2020-08-12 21:03:00,-0.031665943877044356
2020-08-12 21:06:00,-0.04329930773343449
2020-08-12 21:09:00,-0.11102773281237432
2020-08-12 21:12:00,-0.09476078912450703
2020-08-12 21:15:00,-0.13232073718103265
2020-08-12 21:18:00,-0.057503693094986374
2020-08-12 21:21:00,-0.189790235399812
2020-08-12 21:24:00,-0.16292129320578397
2020-08-12 21:27:00,-0.016172296556021593
2020-08-12 21:30:00,-0.15010507542757523
2020-08-12 21:33:00,-0.12352324022299399
2020-08-12 21:36:00,-0.1252055111141317
2020-08-12 21:39:00,-0.14243671456620177
2020-08-12 21:42:00,0.010553108285193957
2020-08-12 21:45:00,0.04341601249575433
2020-08-12 21:48:00,0.11156447146174742
2020-08-12 21:51:00,0.2074445574087349
2020-08-12 21:54:00,0.17312137169568587
2020-08-12 21:57:00,-0.0018323088190186354
2020-08-12 22:00:00,0.03747266279157202
2020-08-12 22:03:00,-0.12700696817154267
2020-08-12 22:06:00,-0.013764621076234107
2020-08-12 22:09:00,-0.07386539197744924
2020-08-12 22:12:00,-0.035023011628368295
2020-08-12 22:15:00,-0.03541277953996769
2020-08-12 22:18:00,-0.09501121083258113
2020-08-12 22:21:00,-0.0472918676775862
2020-08-12 22:24:00,-0.07560747101615561
2020-08-12 22:27:00,0.03644803048086942
2020-08-12 22:30:00,-0.00869307635127825
2020-08-12 22:33:00,0.13847951975452588
2020-08-12 22:36:00,-0.012450498528949083
2020-08-12 22:39:00,0.08480290293056214
2020-08-12 22:42:00,0.03628248032146075
2020-08-12 22:45:00,-0.04299506445761381
2020-08-12 22:48:00,-0.12829028533093378
2020-08-12 22:51:00,0.027044204013066064
2020-08-12 22:54:00,-0.002163940643583828
2020-08-12 22:57:00,-0.046912178097841206
2020-08-12 23:00:00,-0.042532371481172504
2020-08-12 23:03:00,-0.06189950723819493
2020-08-12 23:06:00,0.0016586936059752588
2020-08-12 23:09:00,0.10102016994250107
2020-08-12 23:12:00,0.018778533341276216
2020-08-12 23:15:00,0.043096564971108364
2020-08-12 23:18:00,0.1115200740781006
2020-08-12 23:21:00,-0.026585049015693585
2020-08-12 23:24:00,0.12267321860275615
2020-08-12 23:27:00,0.0908155613180952
2020-08-12 23:30:00,0.11676727660903907
2020-08-12 23:33:00,-0.07166758815634466
2020-08-12 23:36:00,0.009991945612625841
2020-08-12 23:39:00,-0.04323378194817451
2020-08-12 23:42:00,-0.005196852699441479
2020-08-12 23:45:00,0.012227566525211842
2020-08-12 23:48:00,0.09277711084308748
2020-08-12 23:51:00,0.02306203275105645
2020-08-12 23:54:00,-0.10594548457362407
2020-08-12 23:57:00,-0.1417484123765007
2020-08-13 00:00:00,-0.16659588525646996
2020-08-13 00:03:00,-0.09025270379783024
2020-08-13 00:06:00,-0.0811848832548776
2020-08-13 00:09:00,-0.026138917438743192
2020-08-13 00:12:00,-0.10205748521173064
2020-08-13 00:15:00,-0.04592531035649472
2020-08-13 00:18:00,0.039302005412366725
2020-08-13 00:21:00,-0.07090594352524704
2020-08-13 00:24:00,-0.08426455067012739
2020-08-13 00:27:00,-0.04830229945002884
2020-08-13 00:30:00,-0.09395381269695235
2020-08-13 00:33:00,-0.10123129494832028
2020-08-13 00:36:00,-0.018563463827206306
2020-08-13 00:39:00,-0.10175901905103046
2020-08-13 00:42:00,-0.07872623518983346
2020-08-13 00:45:00,-0.021881799816242165
2020-08-13 00:48:00,0.018248707948600895
2020-08-13 00:51:00,-0.04124108680474592
2020-08-13 00:54:00,-0.05583146320316246
2020-08-13 00:57:00,-0.05287307600985969
2020-08-13 01:00:00,0.036160755119453825
2020-08-13 01:03:00,0.00553427663265893
2020-08-13 01:06:00,0.08935007199164602
2020-08-13 01:09:00,0.17426992976021438
2020-08-13 01:12:00,0.04695957327930955
2020-08-13 01:15:00,0.010775531248157222
2020-08-13 01:18:00,0.08175074937798854
2020-08-13 01:21:00,0.08740469306110299
2020-08-13 01:24:00,0.2831829964869712
2020-08-13 01:27:00,0.005112472994085238
2020-08-13 01:30:00,0.025088070063645773
2020-08-13 01:33:00,0.11835577042160139
2020-08-13 01:36:00,0.31361243913352155
2020-08-13 01:39:00,0.3257764993329033
2020-08-13 01:42:00,0.3638251760805815
2020-08-13 01:45:00,0.33905439799980286
2020-08-13 01:48:00,0.1976318892492941
2020-08-13 01:51:00,0.23158920881741096
2020-08-13 01:54:00,0.24292875975288553
2020-08-13 01:57:00,0.2577863415345405
2020-08-13 02:00:00,0.23692596429907553
2020-08-13 02:03:00,0.33530939260413106
2020-08-13 02:06:00,0.29425272130072244
2020-08-13 02:09:00,0.30979448015131084
2020-08-13 02:12:00,0.31173129995050886
2020-08-13 02:15:00,0.30006588838313064
2020-08-13 02:18:00,0.39863504060770083
2020-08-13 02:21:00,0.2926149233140336
2020-08-13 02:24:00,0.3429306018535385
2020-08-13 02:27:00,0.3577150287707127
2020-08-13 02:30:00,0.2428207013733754
2020-08-13 02:33:00,0.26020025973531347
2020-08-13 02:36:00,0.30075213827052494
2020-08-13 02:39:00,0.23974682263718705
2020-08-13 02:42:00,0.23443178611785243
2020-08-13 02:45:00,0.26133542844422664
2020-08-13 02:48:00,0.3046578663866626
2020-08-13 02:51:00,0.24418658307575924
2020-08-13 02:54:00,0.21343205546219224
2020-08-13 02:57:00,0.20029668884779994
2020-08-13 03:00:00,0.23842438917421305
2020-08-13 03:03:00,0.14133413943676487
2020-08-13 03:06:00,0.16231049193390845
2020-08-13 03:09:00,0.21251172439838228
2020-08-13 03:12:00,0.3257193010958872
2020-08-13 03:15:00,0.3127866845707672
2020-08-13 03:18:00,0.3478716374445412
2020-08-13 03:21:00,0.3748010203472063
2020-08-13 03:24:00,0.3920909735246596
2020-08-13 03:27:00,0.3918744680712507
2020-08-13 03:30:00,0.46159927727865124
2020-08-13 03:33:00,0.45617433013899245
2020-08-13 03:36:00,0.5096730617634648
2020-08-13 03:39:00,0.3351870111018229
2020-08-13 03:42:00,0.30219142999089854
2020-08-13 03:45:00,0.38999134724946316
2020-08-13 03:48:00,0.42892991546432313
2020-08-13 03:51:00,0.35194954596329353
2020-08-13 03:54:00,0.37222684687975516
2020-08-13 03:57:00,0.4879042624307317
2020-08-13 04:00:00,0.37387987917873033
2020-08-13 04:03:00,0.31760623785265807
2020-08-13 04:06:00,0.4965945398527083
2020-08-13 04:09:00,0.4009173182733434
2020-08-13 04:12:00,0.3412617094231223
2020-08-13 04:15:00,0.33548167067317536
2020-08-13 04:18:00,0.28853603420327545
2020-08-13 04:21:00,0.3257094689314499
2020-08-13 04:24:00,0.3563366880824219
2020-08-13 04:27:00,0.3943350250570461
2020-08-13 04:30:00,0.35637069286400447
2020-08-13 04:33:00,0.3978215874456055
2020-08-13 04:36:00,0.35569444127020233
2020-08-13 04:39:00,0.3963175086776687
2020-08-13 04:42:00,0.40533386833232044
2020-08-13 04:45:00,0.3216729589326519
2020-08-13 04:48:00,0.3509599769790839
2020-08-13 04:51:00,0.39977048029720663
2020-08-13 04:54:00,0.3651813788835625
2020-08-13 04:57:00,0.35293725530141273
2020-08-13 05:00:00,0.4006385788777038
2020-08-13 05:03:00,0.34709120982540753
2020-08-13 05:06:00,0.4193255340537121
2020-08-13 05:09:00,0.4288849434777262
2020-08-13 05:12:00,0.4410588561013924
2020-08-13 05:15:00,0.40649022986622185
2020-08-13 05:18:00,0.46350179834308847
2020-08-13 05:21:00,0.49456377041929045
2020-08-13 05:24:00,0.4475627099790813
2020-08-13 05:27:00,0.3477654798080039
2020-08-13 05:30:00,0.4287727913412027
2020-08-13 05:33:00,0.38036756765529844
2020-08-13 05:36:00,0.4310375714410952
2020-08-13 05:39:00,0.4372739194066071
2020-08-13 05:42:00,0.3674266250579876
2020-08-13 05:45:00,0.40119608474799406
2020-08-13 05:48:00,0.3763659048110526
2020-08-13 05:51:00,0.3688084806914276
2020-08-13 05:54:00,0.3175538370966251
2020-08-13 05:57:00,0.3755152380991831
2020-08-13 06:00:00,0.32898770654651344
2020-08-13 06:03:00,0.3001816366195271
2020-08-13 06:06:00,0.40052919823102684
2020-08-13 06:09:00,0.42087579028697064
2020-08-13 06:12:00,0.4269607456398603
2020-08-13 06:15:00,0.38844162322664033
2020-08-13 06:18:00,0.42284439794678974
2020-08-13 06:21:00,0.3786406214717317
2020-08-13 06:24:00,0.48296243860653476
2020-08-13 06:27:00,0.39760646374361386
2020-08-13 06:30:00,0.3750675668132999
2020-08-13 06:33:00,0.29646830560000126
2020-08-13 06:36:00,0.39023941973545107
2020-08-13 06:39:00,0.38049325587678595
2020-08-13 06:42:00,0.2887506792066006
2020-08-13 06:45:00,0.3973119007980017
2020-08-13 06:48:00,0.22454545183995833
2020-08-13 06:51:00,0.3230622894485009
2020-08-13 06:54:00,0.41349792565819143
2020-08-13 06:57:00,0.2649777322873774
2020-08-13 07:00:00,0.3780196551481936
2020-08-13 07:03:00,0.3172800908369027
2020-08-13 07:06:00,0.34160299745616385
2020-08-13 07:09:00,0.35493896259976054
2020-08-13 07:12:00,0.2909498096822176
2020-08-13 07:15:00,0.45131263561677315
2020-08-13 07:18:00,0.4347061307629474
2020-08-13 07:21:00,0.30482162387636436
2020-08-13 07:24:00,0.3926777467338525
2020-08-13 07:27:00,0.33291172405938596
2020-08-13 07:30:00,0.2961126849656921
2020-08-13 07:33:00,0.38519157875697374
2020-08-13 07:36:00,0.3975397283738289
2020-08-13 07:39:00,0.3241048912208271
2020-08-13 07:42:00,0.35681621313051437
2020-08-13 07:45:00,0.3201296847881281
2020-08-13 07:48:00,0.3150396496131407
2020-08-13 07:51:00,0.3712884234090552
2020-08-13 07:54:00,0.3205900291471835
2020-08-13 07:57:00,0.3066462457249486
2020-08-13 08:00:00,0.30556423213556627
2020-08-13 08:03:00,0.31249611070415995
2020-08-13 08:06:00,0.296955305971494
2020-08-13 08:09:00,0.2995225878289034
2020-08-13 08:12:00,0.30903150733564644
2020-08-13 08:15:00,0.2701404313131661
2020-08-13 08:18:00,0.3204470321841768
2020-08-13 08:21:00,0.2043495648674707
2020-08-13 08:24:00,0.26382452100801856
2020-08-13 08:27:00,0.2780963393342404
2020-08-13 08:30:00,0.34651635857147767
2020-08-13 08:33:00,0.2537899560630308
2020-08-13 08:36:00,0.23946297099166713
2020-08-13 08:39:00,0.20740239772175073
2020-08-13 08:42:00,0.22664626564204582
2020-08-13 08:45:00,0.1867114568863144
2020-08-13 08:48:00,0.1884334697496115
2020-08-13 08:51:00,0.10528364184023076
2020-08-13 08:54:00,0.2350798714584812
2020-08-13 08:57:00,0.1614053592846858
2020-08-13 09:00:00,0.13141897790387702
2020-08-13 09:03:00,0.1986073719440924
2020-08-13 09:06:00,0.21292754769899602
2020-08-13 09:09:00,0.1040936400230521
2020-08-13 09:12:00,0.08578316206126146
2020-08-13 09:15:00,0.12518583929033866
2020-08-13 09:18:00,0.07282551234015955
2020-08-13 09:21:00,0.04272758757730344
2020-08-13 09:24:00,0.12357746228809674
2020-08-13 09:27:00,0.136269926348632
2020-08-13 09:30:00,0.013345828915589664
2020-08-13 09:33:00,0.007378887434811077
2020-08-13 09:36:00,0.06310122390192419
2020-08-13 09:39:00,0.06552203518168653
2020-08-13 09:42:00,0.04662046791690955
2020-08-13 09:45:00,0.077112919915578
2020-08-13 09:48:00,0.05690398267472574
2020-08-13 09:51:00,0.05423704925084394
2020-08-13 09:54:00,-0.10219322971613565
2020-08-13 09:57:00,0.05538552127075036
2020-08-13 10:00:00,-0.028920884296269378
2020-08-13 10:03:00,-0.09514978842565824
2020-08-13 10:06:00,-0.01843724699529048
2020-08-13 10:09:00,-0.007669293656590526
2020-08-13 10:12:00,-0.1420675806216991
2020-08-13 10:15:00,-0.05108534492694616
2020-08-13 10:18:00,-0.048508459761364975
2020-08-13 10:21:00,-0.030938441572573083
2020-08-13 10:24:00,-0.024025579271494735
2020-08-13 10:27:00,-0.0004957873655939693
2020-08-13 10:30:00,-0.0040846860937335805
2020-08-13 10:33:00,-0.02441746102721254
2020-08-13 10:36:00,-0.03559206056633002
2020-08-13 10:39:00,-0.11357905330925178
2020-08-13 10:42:00,-0.13134979335256958
2020-08-13 10:45:00,-0.07826947305937892
2020-08-13 10:48:00,-0.04428478002114389
2020-08-13 10:51:00,-0.12485878200214984
2020-08-13 10:54:00,-0.09618150114374657
2020-08-13 10:57:00,-0.10800044134691689
2020-08-13 11:00:00,-0.1419215369286917
2020-08-13 11:03:00,-0.19954453673591388
2020-08-13 11:06:00,-0.21698686616633722
2020-08-13 11:09:00,-0.08619602469741494
2020-08-13 11:12:00,-0.2860785399686847
2020-08-13 11:15:00,-0.23718488925118208
2020-08-13 11:18:00,-0.24315256219540515
2020-08-13 11:21:00,-0.2891824561322096
2020-08-13 11:24:00,-0.20504821604555445
2020-08-13 11:27:00,-0.26619649539264856
2020-08-13 11:30:00,-0.36141429822328064
2020-08-13 11:33:00,-0.14554014662905956
2020-08-13 11:36:00,-0.20479268260868366
2020-08-13 11:39:00,-0.22645200850985248
2020-08-13 11:42:00,-0.22387840234847545
2020-08-13 11:45:00,-0.28295724590611826
2020-08-13 11:48:00,-0.17480941387395887
2020-08-13 11:51:00,-0.27111933403631383
2020-08-13 11:54:00,-0.35809220164253475
2020-08-13 11:57:00,-0.33716766237068896
2020-08-13 12:00:00,-0.2831286901227372
2020-08-13 12:03:00,-0.23213484818160168
2020-08-13 12:06:00,-0.24843619534374284
2020-08-13 12:09:00,-0.3481403716074851
2020-08-13 12:12:00,-0.29732299040728094
2020-08-13 12:15:00,-0.2892973048993781
2020-08-13 12:18:00,-0.38013612021478593
2020-08-13 12:21:00,-0.3245038327131624
2020-08-13 12:24:00,-0.2882140851097006
2020-08-13 12:27:00,-0.3582973088180097
2020-08-13 12:30:00,-0.3381163012985553
2020-08-13 12:33:00,-0.47915601347153824
2020-08-13 12:36:00,-0.43350508924567066
2020-08-13 12:39:00,-0.43034821146449076
2020-08-13 12:42:00,-0.3547178742156234
2020-08-13 12:45:00,-0.4472120378902673
2020-08-13 12:48:00,-0.41689405675282387
2020-08-13 12:51:00,-0.5027418174026366
2020-08-13 12:54:00,-0.40734038841941356
2020-08-13 12:57:00,-0.4941714884180328
2020-08-13 13:00:00,-0.4229842908812316
2020-08-13 13:03:00,-0.4755200288719834
2020-08-13 13:06:00,-0.4760613462993888
2020-08-13 13:09:00,-0.4262924579991818
2020-08-13 13:12:00,-0.47394781205451864
2020-08-13 13:15:00,-0.44131899446153966
2020-08-13 13:18:00,-0.483060359431704
2020-08-13 13:21:00,-0.44828414750696766
2020-08-13 13:24:00,-0.5061241742832294
2020-08-13 13:27:00,-0.4296118628865315
2020-08-13 13:30:00,-0.3761585248673782
2020-08-13 13:33:00,-0.4053817069090542
2020-08-13 13:36:00,-0.3172543633316991
2020-08-13 13:39:00,-0.3596153158347306
2020-08-13 13:42:00,-0.29652604326440724
2020-08-13 13:45:00,-0.35456109725686247
2020-08-13 13:48:00,-0.37986764429825826
2020-08-13 13:51:00,-0.31565198922368154
2020-08-13 13:54:00,-0.4187486716766671
2020-08-13 13:57:00,-0.32203843229285667
2020-08-13 14:00:00,-0.27536087893133754
2020-08-13 14:03:00,-0.4265608197123356
2020-08-13 14:06:00,-0.3700602649487905
2020-08-13 14:09:00,-0.46546471232829845
2020-08-13 14:12:00,-0.5158000925329702
2020-08-13 14:15:00,-0.43357656304891634
2020-08-13 14:18:00,-0.2714632361597751
2020-08-13 14:21:00,-0.18335640924124164
2020-08-13 14:24:00,-0.07402528855328683
2020-08-13 14:27:00,-0.20798199647975935
2020-08-13 14:30:00,-0.05121248362956976
2020-08-13 14:33:00,-0.1601363957825015
2020-08-13 14:36:00,-0.34227905402411807
2020-08-13 14:39:00,-0.31988359371604247
2020-08-13 14:42:00,-0.31923703629360034
2020-08-13 14:45:00,-0.42377883747974465
2020-08-13 14:48:00,-0.45294255088606405
2020-08-13 14:51:00,-0.35203510850186603
2020-08-13 14:54:00,-0.30351571000289823
2020-08-13 14:57:00,-0.3562320504407239
2020-08-13 15:00:00,-0.22224445011431726
2020-08-13 15:03:00,-0.30393119306836525
2020-08-13 15:06:00,-0.20574733836616588
2020-08-13 15:09:00,-0.37754248132949897
2020-08-13 15:12:00,-0.4619622212435388
2020-08-13 15:15:00,-0.3364634030943989
2020-08-13 15:18:00,-0.37515687627438865
2020-08-13 15:21:00,-0.33121232611921414
2020-08-13 15:24:00,-0.2281150978727169
2020-08-13 15:27:00,-0.23589060891509916
2020-08-13 15:30:00,-0.3442888416136043
2020-08-13 15:33:00,-0.39497877656748415
2020-08-13 15:36:00,-0.2736200414428822
2020-08-13 15:39:00,-0.4067243995336298
2020-08-13 15:42:00,-0.45731043432755314
2020-08-13 15:45:00,-0.44611369066433326
2020-08-13 15:48:00,-0.37458444961868054
2020-08-13 15:51:00,-0.3969817168166969
2020-08-13 15:54:00,-0.4848513484022874
2020-08-13 15:57:00,-0.4751945014850776
2020-08-13 16:00:00,-0.4688221464924709
2020-08-13 16:03:00,-0.518760020922798
2020-08-13 16:06:00,-0.48664028307490526
2020-08-13 16:09:00,-0.5075074543589153
2020-08-13 16:12:00,-0.5337988199913752
2020-08-13 16:15:00,-0.5429099835538977
2020-08-13 16:18:00,-0.5344617150931299
2020-08-13 16:21:00,-0.4507205744086491
2020-08-13 16:24:00,-0.5100953984413081
2020-08-13 16:27:00,-0.4532293868813895
2020-08-13 16:30:00,-0.6175853947258929
2020-08-13 16:33:00,-0.4690261225589438
2020-08-13 16:36:00,-0.4366564758763616
2020-08-13 16:39:00,-0.44438763325752006
2020-08-13 16:42:00,-0.31021305163477564
2020-08-13 16:45:00,-0.4986054159694504
2020-08-13 16:48:00,-0.40778468525263634
2020-08-13 16:51:00,-0.44510758139972495
2020-08-13 16:54:00,-0.44657516857068913
2020-08-13 16:57:00,-0.4041099461470026
2020-08-13 17:00:00,-0.4631311572915138
2020-08-13 17:03:00,-0.4445878228681863
2020-08-13 17:06:00,-0.2937105649493219
2020-08-13 17:09:00,-0.3372977214241928
2020-08-13 17:12:00,-0.3273962693026533
2020-08-13 17:15:00,-0.37774209302057216
2020-08-13 17:18:00,-0.26673573094734593
2020-08-13 17:21:00,-0.3430613124618844
2020-08-13 17:24:00,-0.2922763300241513
2020-08-13 17:27:00,-0.28543653382018874
2020-08-13 17:30:00,-0.1763906335765455
2020-08-13 17:33:00,-0.17126937029303235
2020-08-13 17:36:00,-0.09705116791644741
2020-08-13 17:39:00,-0.13217864309063998
2020-08-13 17:42:00,-0.017150240447563192
2020-08-13 17:45:00,-0.11000267973923883
2020-08-13 17:48:00,-0.08873917095894512
2020-08-13 17:51:00,-0.06762656202545259
2020-08-13 17:54:00,0.02746233509543572
2020-08-13 17:57:00,0.3218898019492258
2020-08-13 18:00:00,0.3677689984002086
2020-08-13 18:03:00,
2020-08-13 18:06:00,
2020-08-13 18:09:00,
2020-08-13 18:12:00,
2020-08-13 18:15:00,
2020-08-13 18:18:00,
2020-08-13 18:21:00,
2020-08-13 18:24:00,
2020-08-13 18:27:00,
2020-08-13 18:30:00,
2020-08-13 18:33:00,
2020-08-13 18:36:00,
2020-08-13 18:39:00,
2020-08-13 18:42:00,
2020-08-13 18:45:00,
2020-08-13 18:48:00,
2020-08-13 18:51:00,
2020-08-13 18:54:00,
2020-08-13 18:57:00,
2020-08-13 19:00:00,
2020-08-13 19:03:00,
2020-08-13 19:06:00,
2020-08-13 19:09:00,
2020-08-13 19:12:00,
2020-08-13 19:15:00,
2020-08-13 19:18:00,
2020-08-13 19:21:00,
2020-08-13 19:24:00,
2020-08-13 19:27:00,
2020-08-13 19:30:00,
2020-08-13 19:33:00,
2020-08-13 19:36:00,
2020-08-13 19:39:00,
2020-08-13 19:42:00,
2020-08-13 19:45:00,
2020-08-13 19:48:00,
2020-08-13 19:51:00,
2020-08-13 19:54:00,
2020-08-13 19:57:00,
2020-08-13 20:00:00,
2020-08-13 20:03:00,
2020-08-13 20:06:00,
2020-08-13 20:09:00,
2020-08-13 20:12:00,
2020-08-13 20:15:00,
2020-08-13 20:18:00,
2020-08-13 20:21:00,
2020-08-13 20:24:00,
2020-08-13 20:27:00,
2020-08-13 20:30:00,
2020-08-13 20:33:00,
2020-08-13 20:36:00,
2020-08-13 20:39:00,
2020-08-13 20:42:00,
2020-08-13 20:45:00,
2020-08-13 20:48:00,
2020-08-13 20:51:00,
2020-08-13 20:54:00,
2020-08-13 20:57:00,
2020-08-13 21:00:00,
2020-08-13 21:03:00,
2020-08-13 21:06:00,
2020-08-13 21:09:00,
2020-08-13 21:12:00,
2020-08-13 21:15:00,
2020-08-13 21:18:00,
2020-08-13 21:21:00,
2020-08-13 21:24:00,
2020-08-13 21:27:00,
2020-08-13 21:30:00,
2020-08-13 21:33:00,
2020-08-13 21:36:00,
2020-08-13 21:39:00,
2020-08-13 21:42:00,
2020-08-13 21:45:00,
2020-08-13 21:48:00,
2020-08-13 21:51:00,
2020-08-13 21:54:00,
2020-08-13 21:57:00,
2020-08-13 22:00:00,
2020-08-13 22:03:00,
2020-08-13 22:06:00,
2020-08-13 22:09:00,
2020-08-13 22:12:00,
2020-08-13 22:15:00,
2020-08-13 22:18:00,
2020-08-13 22:21:00,
2020-08-13 22:24:00,
2020-08-13 22:27:00,
2020-08-13 22:30:00,
2020-08-13 22:33:00,
2020-08-13 22:36:00,
2020-08-13 22:39:00,
2020-08-13 22:42:00,
2020-08-13 22:45:00,
2020-08-13 22:48:00,
2020-08-13 22:51:00,
2020-08-13 22:54:00,
2020-08-13 22:57:00,
2020-08-13 23:00:00,
2020-08-13 23:03:00,
2020-08-13 23:06:00,
2020-08-13 23:09:00,
2020-08-13 23:12:00,
2020-08-13 23:15:00,
2020-08-13 23:18:00,
2020-08-13 23:21:00,
2020-08-13 23:24:00,
2020-08-13 23:27:00,
2020-08-13 23:30:00,
2020-08-13 23:33:00,
2020-08-13 23:36:00,
2020-08-13 23:39:00,
2020-08-13 23:42:00,
2020-08-13 23:45:00,
2020-08-13 23:48:00,
2020-08-13 23:51:00,
2020-08-13 23:54:00,
2020-08-13 23:57:00,
2020-08-14 00:00:00,
2020-08-14 00:03:00,
2020-08-14 00:06:00,
2020-08-14 00:09:00,
2020-08-14 00:12:00,
2020-08-14 00:15:00,
2020-08-14 00:18:00,
2020-08-14 00:21:00,
2020-08-14 00:24:00,
2020-08-14 00:27:00,
2020-08-14 00:30:00,
2020-08-14 00:33:00,
2020-08-14 00:36:00,
2020-08-14 00:39:00,
2020-08-14 00:42:00,
2020-08-14 00:45:00,
2020-08-14 00:48:00,
2020-08-14 00:51:00,
2020-08-14 00:54:00,
2020-08-14 00:57:00,
2020-08-14 01:00:00,
2020-08-14 01:03:00,
2020-08-14 01:06:00,
2020-08-14 01:09:00,
2020-08-14 01:12:00,
2020-08-14 01:15:00,
2020-08-14 01:18:00,
2020-08-14 01:21:00,
2020-08-14 01:24:00,
2020-08-14 01:27:00,
2020-08-14 01:30:00,
2020-08-14 01:33:00,
2020-08-14 01:36:00,
2020-08-14 01:39:00,
2020-08-14 01:42:00,
2020-08-14 01:45:00,
2020-08-14 01:48:00,
2020-08-14 01:51:00,
2020-08-14 01:54:00,
2020-08-14 01:57:00,
2020-08-14 02:00:00,
2020-08-14 02:03:00,
2020-08-14 02:06:00,
2020-08-14 02:09:00,
2020-08-14 02:12:00,
2020-08-14 02:15:00,
2020-08-14 02:18:00,
2020-08-14 02:21:00,
2020-08-14 02:24:00,
2020-08-14 02:27:00,
2020-08-14 02:30:00,
2020-08-14 02:33:00,
2020-08-14 02:36:00,
2020-08-14 02:39:00,
2020-08-14 02:42:00,
2020-08-14 02:45:00,
2020-08-14 02:48:00,
2020-08-14 02:51:00,
2020-08-14 02:54:00,
2020-08-14 02:57:00,
2020-08-14 03:00:00,
2020-08-14 03:03:00,
2020-08-14 03:06:00,
2020-08-14 03:09:00,
2020-08-14 03:12:00,
2020-08-14 03:15:00,
2020-08-14 03:18:00,
2020-08-14 03:21:00,
2020-08-14 03:24:00,
2020-08-14 03:27:00,
2020-08-14 03:30:00,
2020-08-14 03:33:00,
2020-08-14 03:36:00,
2020-08-14 03:39:00,
2020-08-14 03:42:00,
2020-08-14 03:45:00,
2020-08-14 03:48:00,
2020-08-14 03:51:00,
2020-08-14 03:54:00,
2020-08-14 03:57:00,
2020-08-14 04:00:00,
2020-08-14 04:03:00,
2020-08-14 04:06:00,
2020-08-14 04:09:00,
2020-08-14 04:12:00,
2020-08-14 04:15:00,
2020-08-14 04:18:00,
2020-08-14 04:21:00,
2020-08-14 04:24:00,
2020-08-14 04:27:00,
2020-08-14 04:30:00,
2020-08-14 04:33:00,
2020-08-14 04:36:00,
2020-08-14 04:39:00,
2020-08-14 04:42:00,
2020-08-14 04:45:00,
2020-08-14 04:48:00,
2020-08-14 04:51:00,
2020-08-14 04:54:00,
2020-08-14 04:57:00,
2020-08-14 05:00:00,
2020-08-14 05:03:00,
2020-08-14 05:06:00,
2020-08-14 05:09:00,
2020-08-14 05:12:00,
2020-08-14 05:15:00,
2020-08-14 05:18:00,
2020-08-14 05:21:00,
2020-08-14 05:24:00,
2020-08-14 05:27:00,
2020-08-14 05:30:00,
2020-08-14 05:33:00,
2020-08-14 05:36:00,
2020-08-14 05:39:00,
2020-08-14 05:42:00,
2020-08-14 05:45:00,
2020-08-14 05:48:00,
2020-08-14 05:51:00,
2020-08-14 05:54:00,
2020-08-14 05:57:00,
2020-08-14 06:00:00,
2020-08-14 06:03:00,
2020-08-14 06:06:00,
2020-08-14 06:09:00,
2020-08-14 06:12:00,
2020-08-14 06:15:00,
2020-08-14 06:18:00,
2020-08-14 06:21:00,
2020-08-14 06:24:00,
2020-08-14 06:27:00,
2020-08-14 06:30:00,
2020-08-14 06:33:00,
2020-08-14 06:36:00,
2020-08-14 06:39:00,
2020-08-14 06:42:00,
2020-08-14 06:45:00,
2020-08-14 06:48:00,
2020-08-14 06:51:00,
2020-08-14 06:54:00,
2020-08-14 06:57:00,
2020-08-14 07:00:00,
2020-08-14 07:03:00,
2020-08-14 07:06:00,
2020-08-14 07:09:00,
2020-08-14 07:12:00,
2020-08-14 07:15:00,
2020-08-14 07:18:00,
2020-08-14 07:21:00,
2020-08-14 07:24:00,
2020-08-14 07:27:00,
2020-08-14 07:30:00,
2020-08-14 07:33:00,
2020-08-14 07:36:00,
2020-08-14 07:39:00,
2020-08-14 07:42:00,
2020-08-14 07:45:00,
2020-08-14 07:48:00,
2020-08-14 07:51:00,
2020-08-14 07:54:00,
2020-08-14 07:57:00,
2020-08-14 08:00:00,
2020-08-14 08:03:00,
2020-08-14 08:06:00,
2020-08-14 08:09:00,
2020-08-14 08:12:00,
2020-08-14 08:15:00,
2020-08-14 08:18:00,
2020-08-14 08:21:00,
2020-08-14 08:24:00,
2020-08-14 08:27:00,
2020-08-14 08:30:00,
2020-08-14 08:33:00,
2020-08-14 08:36:00,
2020-08-14 08:39:00,
2020-08-14 08:42:00,
2020-08-14 08:45:00,
2020-08-14 08:48:00,
2020-08-14 08:51:00,
2020-08-14 08:54:00,
2020-08-14 08:57:00,
2020-08-14 09:00:00,
2020-08-14 09:03:00,
2020-08-14 09:06:00,
2020-08-14 09:09:00,
2020-08-14 09:12:00,
2020-08-14 09:15:00,
2020-08-14 09:18:00,
2020-08-14 09:21:00,
2020-08-14 09:24:00,
2020-08-14 09:27:00,
2020-08-14 09:30:00,
2020-08-14 09:33:00,
2020-08-14 09:36:00,
2020-08-14 09:39:00,
2020-08-14 09:42:00,
2020-08-14 09:45:00,
2020-08-14 09:48:00,
2020-08-14 09:51:00,
2020-08-14 09:54:00,
2020-08-14 09:57:00,
2020-08-14 10:00:00,
2020-08-14 10:03:00,
2020-08-14 10:06:00,
2020-08-14 10:09:00,
2020-08-14 10:12:00,
2020-08-14 10:15:00,
2020-08-14 10:18:00,
2020-08-14 10:21:00,
2020-08-14 10:24:00,
2020-08-14 10:27:00,
2020-08-14 10:30:00,
2020-08-14 10:33:00,
2020-08-14 10:36:00,
2020-08-14 10:39:00,
2020-08-14 10:42:00,
2020-08-14 10:45:00,
2020-08-14 10:48:00,
2020-08-14 10:51:00,
2020-08-14 10:54:00,
2020-08-14 10:57:00,
2020-08-14 11:00:00,
2020-08-14 11:03:00,
2020-08-14 11:06:00,
2020-08-14 11:09:00,
2020-08-14 11:12:00,
2020-08-14 11:15:00,
2020-08-14 11:18:00,
2020-08-14 11:21:00,
2020-08-14 11:24:00,
2020-08-14 11:27:00,
2020-08-14 11:30:00,
2020-08-14 11:33:00,
2020-08-14 11:36:00,
2020-08-14 11:39:00,
2020-08-14 11:42:00,
2020-08-14 11:45:00,
2020-08-14 11:48:00,
2020-08-14 11:51:00,
2020-08-14 11:54:00,
2020-08-14 11:57:00,
2020-08-14 12:00:00,
2020-08-14 12:03:00,
2020-08-14 12:06:00,
2020-08-14 12:09:00,
2020-08-14 12:12:00,
2020-08-14 12:15:00,
2020-08-14 12:18:00,
2020-08-14 12:21:00,
2020-08-14 12:24:00,
2020-08-14 12:27:00,
2020-08-14 12:30:00,
2020-08-14 12:33:00,
2020-08-14 12:36:00,
2020-08-14 12:39:00,
2020-08-14 12:42:00,
2020-08-14 12:45:00,
2020-08-14 12:48:00,
2020-08-14 12:51:00,
2020-08-14 12:54:00,
2020-08-14 12:57:00,
2020-08-14 13:00:00,
2020-08-14 13:03:00,
2020-08-14 13:06:00,
2020-08-14 13:09:00,
2020-08-14 13:12:00,
2020-08-14 13:15:00,
2020-08-14 13:18:00,
2020-08-14 13:21:00,
2020-08-14 13:24:00,
2020-08-14 13:27:00,
2020-08-14 13:30:00,
2020-08-14 13:33:00,
2020-08-14 13:36:00,
2020-08-14 13:39:00,
2020-08-14 13:42:00,
2020-08-14 13:45:00,
2020-08-14 13:48:00,
2020-08-14 13:51:00,
2020-08-14 13:54:00,
2020-08-14 13:57:00,
2020-08-14 14:00:00,
2020-08-14 14:03:00,
2020-08-14 14:06:00,
2020-08-14 14:09:00,
2020-08-14 14:12:00,
2020-08-14 14:15:00,
2020-08-14 14:18:00,
2020-08-14 14:21:00,
2020-08-14 14:24:00,
2020-08-14 14:27:00,
2020-08-14 14:30:00,
2020-08-14 14:33:00,
2020-08-14 14:36:00,
2020-08-14 14:39:00,
2020-08-14 14:42:00,
2020-08-14 14:45:00,
2020-08-14 14:48:00,
2020-08-14 14:51:00,
2020-08-14 14:54:00,
2020-08-14 14:57:00,
2020-08-14 15:00:00,
2020-08-14 15:03:00,
2020-08-14 15:06:00,
2020-08-14 15:09:00,
2020-08-14 15:12:00,
2020-08-14 15:15:00,
2020-08-14 15:18:00,
2020-08-14 15:21:00,
2020-08-14 15:24:00,
2020-08-14 15:27:00,
2020-08-14 15:30:00,
2020-08-14 15:33:00,
2020-08-14 15:36:00,
2020-08-14 15:39:00,
2020-08-14 15:42:00,
2020-08-14 15:45:00,
2020-08-14 15:48:00,
2020-08-14 15:51:00,
2020-08-14 15:54:00,
2020-08-14 15:57:00,
2020-08-14 16:00:00,
2020-08-14 16:03:00,
2020-08-14 16:06:00,
2020-08-14 16:09:00,
2020-08-14 16:12:00,
2020-08-14 16:15:00,
2020-08-14 16:18:00,
2020-08-14 16:21:00,
2020-08-14 16:24:00,
2020-08-14 16:27:00,
2020-08-14 16:30:00,
2020-08-14 16:33:00,
2020-08-14 16:36:00,
2020-08-14 16:39:00,
2020-08-14 16:42:00,
2020-08-14 16:45:00,
2020-08-14 16:48:00,
2020-08-14 16:51:00,
2020-08-14 16:54:00,
2020-08-14 16:57:00,
2020-08-14 17:00:00,
2020-08-14 17:03:00,
2020-08-14 17:06:00,
2020-08-14 17:09:00,
2020-08-14 17:12:00,
2020-08-14 17:15:00,
2020-08-14 17:18:00,
2020-08-14 17:21:00,
2020-08-14 17:24:00,
2020-08-14 17:27:00,
2020-08-14 17:30:00,
2020-08-14 17:33:00,
2020-08-14 17:36:00,
2020-08-14 17:39:00,
2020-08-14 17:42:00,
2020-08-14 17:45:00,
2020-08-14 17:48:00,
2020-08-14 17:51:00,
2020-08-14 17:54:00,
2020-08-14 17:57:00,
2020-08-14 18:00:00,
2020-08-14 18:03:00,
2020-08-14 18:06:00,
2020-08-14 18:09:00,
2020-08-14 18:12:00,
2020-08-14 18:15:00,
2020-08-14 18:18:00,
2020-08-14 18:21:00,
2020-08-14 18:24:00,
2020-08-14 18:27:00,
2020-08-14 18:30:00,
2020-08-14 18:33:00,
2020-08-14 18:36:00,
2020-08-14 18:39:00,
2020-08-14 18:42:00,
2020-08-14 18:45:00,
2020-08-14 18:48:00,
2020-08-14 18:51:00,
2020-08-14 18:54:00,
2020-08-14 18:57:00,
2020-08-14 19:00:00,
2020-08-14 19:03:00,
2020-08-14 19:06:00,
2020-08-14 19:09:00,
2020-08-14 19:12:00,
2020-08-14 19:15:00,
2020-08-14 19:18:00,
2020-08-14 19:21:00,
2020-08-14 19:24:00,
2020-08-14 19:27:00,
2020-08-14 19:30:00,
2020-08-14 19:33:00,
2020-08-14 19:36:00,
2020-08-14 19:39:00,
2020-08-14 19:42:00,
2020-08-14 19:45:00,
2020-08-14 19:48:00,
2020-08-14 19:51:00,
2020-08-14 19:54:00,
2020-08-14 19:57:00,
2020-08-14 20:00:00,
2020-08-14 20:03:00,
2020-08-14 20:06:00,
2020-08-14 20:09:00,
2020-08-14 20:12:00,
2020-08-14 20:15:00,
2020-08-14 20:18:00,
2020-08-14 20:21:00,
2020-08-14 20:24:00,
2020-08-14 20:27:00,
2020-08-14 20:30:00,
2020-08-14 20:33:00,
2020-08-14 20:36:00,
2020-08-14 20:39:00,
2020-08-14 20:42:00,
2020-08-14 20:45:00,
2020-08-14 20:48:00,
2020-08-14 20:51:00,
2020-08-14 20:54:00,
2020-08-14 20:57:00,
2020-08-14 21:00:00,
2020-08-14 21:03:00,
2020-08-14 21:06:00,
2020-08-14 21:09:00,
2020-08-14 21:12:00,
2020-08-14 21:15:00,
2020-08-14 21:18:00,
2020-08-14 21:21:00,
2020-08-14 21:24:00,
2020-08-14 21:27:00,
2020-08-14 21:30:00,
2020-08-14 21:33:00,
2020-08-14 21:36:00,
2020-08-14 21:39:00,
2020-08-14 21:42:00,
2020-08-14 21:45:00,
2020-08-14 21:48:00,
2020-08-14 21:51:00,
2020-08-14 21:54:00,
2020-08-14 21:57:00,
2020-08-14 22:00:00,
2020-08-14 22:03:00,
2020-08-14 22:06:00,
2020-08-14 22:09:00,
2020-08-14 22:12:00,
2020-08-14 22:15:00,
2020-08-14 22:18:00,
2020-08-14 22:21:00,
2020-08-14 22:24:00,
2020-08-14 22:27:00,
2020-08-14 22:30:00,
2020-08-14 22:33:00,
2020-08-14 22:36:00,
2020-08-14 22:39:00,
2020-08-14 22:42:00,
2020-08-14 22:45:00,
2020-08-14 22:48:00,
2020-08-14 22:51:00,
2020-08-14 22:54:00,
2020-08-14 22:57:00,
2020-08-14 23:00:00,
2020-08-14 23:03:00,
2020-08-14 23:06:00,
2020-08-14 23:09:00,
2020-08-14 23:12:00,
2020-08-14 23:15:00,
2020-08-14 23:18:00,
2020-08-14 23:21:00,
2020-08-14 23:24:00,
2020-08-14 23:27:00,
2020-08-14 23:30:00,
2020-08-14 23:33:00,
2020-08-14 23:36:00,
2020-08-14 23:39:00,
2020-08-14 23:42:00,
2020-08-14 23:45:00,
2020-08-14 23:48:00,
2020-08-14 23:51:00,
2020-08-14 23:54:00,
2020-08-14 23:57:00,
2020-08-15 00:00:00,
2020-08-15 00:03:00,
2020-08-15 00:06:00,
2020-08-15 00:09:00,
2020-08-15 00:12:00,
2020-08-15 00:15:00,
2020-08-15 00:18:00,
2020-08-15 00:21:00,
2020-08-15 00:24:00,
2020-08-15 00:27:00,
2020-08-15 00:30:00,
2020-08-15 00:33:00,
2020-08-15 00:36:00,
2020-08-15 00:39:00,
2020-08-15 00:42:00,
2020-08-15 00:45:00,
2020-08-15 00:48:00,
2020-08-15 00:51:00,
2020-08-15 00:54:00,
2020-08-15 00:57:00,
2020-08-15 01:00:00,
2020-08-15 01:03:00,
2020-08-15 01:06:00,
2020-08-15 01:09:00,
2020-08-15 01:12:00,
2020-08-15 01:15:00,
2020-08-15 01:18:00,
2020-08-15 01:21:00,
2020-08-15 01:24:00,
2020-08-15 01:27:00,
2020-08-15 01:30:00,
2020-08-15 01:33:00,
2020-08-15 01:36:00,
2020-08-15 01:39:00,
2020-08-15 01:42:00,
2020-08-15 01:45:00,
2020-08-15 01:48:00,
2020-08-15 01:51:00,
2020-08-15 01:54:00,
2020-08-15 01:57:00,
2020-08-15 02:00:00,
2020-08-15 02:03:00,
2020-08-15 02:06:00,
2020-08-15 02:09:00,
2020-08-15 02:12:00,
2020-08-15 02:15:00,
2020-08-15 02:18:00,
2020-08-15 02:21:00,
2020-08-15 02:24:00,
2020-08-15 02:27:00,
2020-08-15 02:30:00,
2020-08-15 02:33:00,
2020-08-15 02:36:00,
2020-08-15 02:39:00,
2020-08-15 02:42:00,
2020-08-15 02:45:00,
2020-08-15 02:48:00,
2020-08-15 02:51:00,
2020-08-15 02:54:00,
2020-08-15 02:57:00,
2020-08-15 03:00:00,
2020-08-15 03:03:00,
2020-08-15 03:06:00,
2020-08-15 03:09:00,
2020-08-15 03:12:00,
2020-08-15 03:15:00,
2020-08-15 03:18:00,
2020-08-15 03:21:00,
2020-08-15 03:24:00,
2020-08-15 03:27:00,
2020-08-15 03:30:00,
2020-08-15 03:33:00,
2020-08-15 03:36:00,
2020-08-15 03:39:00,
2020-08-15 03:42:00,
2020-08-15 03:45:00,
2020-08-15 03:48:00,
2020-08-15 03:51:00,
2020-08-15 03:54:00,
2020-08-15 03:57:00,
2020-08-15 04:00:00,
2020-08-15 04:03:00,
2020-08-15 04:06:00,
2020-08-15 04:09:00,
2020-08-15 04:12:00,
2020-08-15 04:15:00,
2020-08-15 04:18:00,
2020-08-15 04:21:00,
2020-08-15 04:24:00,
2020-08-15 04:27:00,
2020-08-15 04:30:00,
2020-08-15 04:33:00,
2020-08-15 04:36:00,
2020-08-15 04:39:00,
2020-08-15 04:42:00,
2020-08-15 04:45:00,
2020-08-15 04:48:00,
2020-08-15 04:51:00,
2020-08-15 04:54:00,
2020-08-15 04:57:00,
2020-08-15 05:00:00,
2020-08-15 05:03:00,
2020-08-15 05:06:00,
2020-08-15 05:09:00,
2020-08-15 05:12:00,
2020-08-15 05:15:00,
2020-08-15 05:18:00,
2020-08-15 05:21:00,
2020-08-15 05:24:00,
2020-08-15 05:27:00,
2020-08-15 05:30:00,
2020-08-15 05:33:00,
2020-08-15 05:36:00,
2020-08-15 05:39:00,
2020-08-15 05:42:00,
2020-08-15 05:45:00,
2020-08-15 05:48:00,
2020-08-15 05:51:00,
2020-08-15 05:54:00,
2020-08-15 05:57:00,
2020-08-15 06:00:00,
2020-08-15 06:03:00,
2020-08-15 06:06:00,
2020-08-15 06:09:00,
2020-08-15 06:12:00,
2020-08-15 06:15:00,
2020-08-15 06:18:00,
2020-08-15 06:21:00,
2020-08-15 06:24:00,
2020-08-15 06:27:00,
2020-08-15 06:30:00,
2020-08-15 06:33:00,
2020-08-15 06:36:00,
2020-08-15 06:39:00,
2020-08-15 06:42:00,
2020-08-15 06:45:00,
2020-08-15 06:48:00,
2020-08-15 06:51:00,
2020-08-15 06:54:00,
2020-08-15 06:57:00,
2020-08-15 07:00:00,
2020-08-15 07:03:00,
2020-08-15 07:06:00,
2020-08-15 07:09:00,
2020-08-15 07:12:00,
2020-08-15 07:15:00,
2020-08-15 07:18:00,
2020-08-15 07:21:00,
2020-08-15 07:24:00,
2020-08-15 07:27:00,
2020-08-15 07:30:00,
2020-08-15 07:33:00,
2020-08-15 07:36:00,
2020-08-15 07:39:00,
2020-08-15 07:42:00,
2020-08-15 07:45:00,
2020-08-15 07:48:00,
2020-08-15 07:51:00,
2020-08-15 07:54:00,
2020-08-15 07:57:00,
2020-08-15 08:00:00,
2020-08-15 08:03:00,
2020-08-15 08:06:00,
2020-08-15 08:09:00,
2020-08-15 08:12:00,
2020-08-15 08:15:00,
2020-08-15 08:18:00,
2020-08-15 08:21:00,
2020-08-15 08:24:00,
2020-08-15 08:27:00,
2020-08-15 08:30:00,
2020-08-15 08:33:00,
2020-08-15 08:36:00,
2020-08-15 08:39:00,
2020-08-15 08:42:00,
2020-08-15 08:45:00,
2020-08-15 08:48:00,
2020-08-15 08:51:00,
2020-08-15 08:54:00,
2020-08-15 08:57:00,
2020-08-15 09:00:00,
2020-08-15 09:03:00,
2020-08-15 09:06:00,
2020-08-15 09:09:00,
2020-08-15 09:12:00,
2020-08-15 09:15:00,
2020-08-15 09:18:00,
2020-08-15 09:21:00,
2020-08-15 09:24:00,
2020-08-15 09:27:00,
2020-08-15 09:30:00,
2020-08-15 09:33:00,
2020-08-15 09:36:00,
2020-08-15 09:39:00,
2020-08-15 09:42:00,
2020-08-15 09:45:00,
2020-08-15 09:48:00,
2020-08-15 09:51:00,
2020-08-15 09:54:00,
2020-08-15 09:57:00,
2020-08-15 10:00:00,
2020-08-15 10:03:00,
2020-08-15 10:06:00,
2020-08-15 10:09:00,
2020-08-15 10:12:00,
2020-08-15 10:15:00,
2020-08-15 10:18:00,
2020-08-15 10:21:00,
2020-08-15 10:24:00,
2020-08-15 10:27:00,
2020-08-15 10:30:00,
2020-08-15 10:33:00,
2020-08-15 10:36:00,
2020-08-15 10:39:00,
2020-08-15 10:42:00,
2020-08-15 10:45:00,
2020-08-15 10:48:00,
2020-08-15 10:51:00,
2020-08-15 10:54:00,
2020-08-15 10:57:00,
2020-08-15 11:00:00,
2020-08-15 11:03:00,
2020-08-15 11:06:00,
2020-08-15 11:09:00,
2020-08-15 11:12:00,
2020-08-15 11:15:00,
2020-08-15 11:18:00,
2020-08-15 11:21:00,
2020-08-15 11:24:00,
2020-08-15 11:27:00,
2020-08-15 11:30:00,
2020-08-15 11:33:00,
2020-08-15 11:36:00,
2020-08-15 11:39:00,
2020-08-15 11:42:00,
2020-08-15 11:45:00,
2020-08-15 11:48:00,
2020-08-15 11:51:00,
2020-08-15 11:54:00,
2020-08-15 11:57:00,
2020-08-15 12:00:00,
2020-08-15 12:03:00,
2020-08-15 12:06:00,
2020-08-15 12:09:00,
2020-08-15 12:12:00,
2020-08-15 12:15:00,
2020-08-15 12:18:00,
2020-08-15 12:21:00,
2020-08-15 12:24:00,
2020-08-15 12:27:00,
2020-08-15 12:30:00,
2020-08-15 12:33:00,
2020-08-15 12:36:00,
2020-08-15 12:39:00,
2020-08-15 12:42:00,
2020-08-15 12:45:00,
2020-08-15 12:48:00,
2020-08-15 12:51:00,
2020-08-15 12:54:00,
2020-08-15 12:57:00,
2020-08-15 13:00:00,
2020-08-15 13:03:00,
2020-08-15 13:06:00,
2020-08-15 13:09:00,
2020-08-15 13:12:00,
2020-08-15 13:15:00,
2020-08-15 13:18:00,
2020-08-15 13:21:00,
2020-08-15 13:24:00,
2020-08-15 13:27:00,
2020-08-15 13:30:00,
2020-08-15 13:33:00,
2020-08-15 13:36:00,
2020-08-15 13:39:00,
2020-08-15 13:42:00,
2020-08-15 13:45:00,
2020-08-15 13:48:00,
2020-08-15 13:51:00,
2020-08-15 13:54:00,
2020-08-15 13:57:00,
2020-08-15 14:00:00,
2020-08-15 14:03:00,
2020-08-15 14:06:00,
2020-08-15 14:09:00,
2020-08-15 14:12:00,
2020-08-15 14:15:00,
2020-08-15 14:18:00,
2020-08-15 14:21:00,
2020-08-15 14:24:00,
2020-08-15 14:27:00,
2020-08-15 14:30:00,
2020-08-15 14:33:00,
2020-08-15 14:36:00,
2020-08-15 14:39:00,
2020-08-15 14:42:00,
2020-08-15 14:45:00,
2020-08-15 14:48:00,
2020-08-15 14:51:00,
2020-08-15 14:54:00,
2020-08-15 14:57:00,
2020-08-15 15:00:00,
2020-08-15 15:03:00,
2020-08-15 15:06:00,
2020-08-15 15:09:00,
2020-08-15 15:12:00,
2020-08-15 15:15:00,
2020-08-15 15:18:00,
2020-08-15 15:21:00,
2020-08-15 15:24:00,
2020-08-15 15:27:00,
2020-08-15 15:30:00,
2020-08-15 15:33:00,
2020-08-15 15:36:00,
2020-08-15 15:39:00,
2020-08-15 15:42:00,
2020-08-15 15:45:00,
2020-08-15 15:48:00,
2020-08-15 15:51:00,
2020-08-15 15:54:00,
2020-08-15 15:57:00,
2020-08-15 16:00:00,
2020-08-15 16:03:00,
2020-08-15 16:06:00,
2020-08-15 16:09:00,
2020-08-15 16:12:00,
2020-08-15 16:15:00,
2020-08-15 16:18:00,
2020-08-15 16:21:00,
2020-08-15 16:24:00,
2020-08-15 16:27:00,
2020-08-15 16:30:00,
2020-08-15 16:33:00,
2020-08-15 16:36:00,
2020-08-15 16:39:00,
2020-08-15 16:42:00,
2020-08-15 16:45:00,
2020-08-15 16:48:00,
2020-08-15 16:51:00,
2020-08-15 16:54:00,
2020-08-15 16:57:00,
2020-08-15 17:00:00,
2020-08-15 17:03:00,
2020-08-15 17:06:00,
2020-08-15 17:09:00,
2020-08-15 17:12:00,
2020-08-15 17:15:00,
2020-08-15 17:18:00,
2020-08-15 17:21:00,
2020-08-15 17:24:00,
2020-08-15 17:27:00,
2020-08-15 17:30:00,
2020-08-15 17:33:00,
2020-08-15 17:36:00,
2020-08-15 17:39:00,
2020-08-15 17:42:00,
2020-08-15 17:45:00,
2020-08-15 17:48:00,
2020-08-15 17:51:00,
2020-08-15 17:54:00,
2020-08-15 17:57:00,
2020-08-15 18:00:00,
2020-08-15 18:03:00,
2020-08-15 18:06:00,
2020-08-15 18:09:00,
2020-08-15 18:12:00,
2020-08-15 18:15:00,
2020-08-15 18:18:00,
2020-08-15 18:21:00,
2020-08-15 18:24:00,
2020-08-15 18:27:00,
2020-08-15 18:30:00,
2020-08-15 18:33:00,
2020-08-15 18:36:00,
2020-08-15 18:39:00,
2020-08-15 18:42:00,
2020-08-15 18:45:00,
2020-08-15 18:48:00,
2020-08-15 18:51:00,
2020-08-15 18:54:00,
2020-08-15 18:57:00,
2020-08-15 19:00:00,
2020-08-15 19:03:00,
2020-08-15 19:06:00,
2020-08-15 19:09:00,
2020-08-15 19:12:00,
2020-08-15 19:15:00,
2020-08-15 19:18:00,
2020-08-15 19:21:00,
2020-08-15 19:24:00,
2020-08-15 19:27:00,
2020-08-15 19:30:00,
2020-08-15 19:33:00,
2020-08-15 19:36:00,
2020-08-15 19:39:00,
2020-08-15 19:42:00,
2020-08-15 19:45:00,
2020-08-15 19:48:00,
2020-08-15 19:51:00,
2020-08-15 19:54:00,
2020-08-15 19:57:00,
2020-08-15 20:00:00,
2020-08-15 20:03:00,
2020-08-15 20:06:00,
2020-08-15 20:09:00,
2020-08-15 20:12:00,
2020-08-15 20:15:00,
2020-08-15 20:18:00,
2020-08-15 20:21:00,
2020-08-15 20:24:00,
2020-08-15 20:27:00,
2020-08-15 20:30:00,
2020-08-15 20:33:00,
2020-08-15 20:36:00,
2020-08-15 20:39:00,
2020-08-15 20:42:00,
2020-08-15 20:45:00,
2020-08-15 20:48:00,
2020-08-15 20:51:00,
2020-08-15 20:54:00,
2020-08-15 20:57:00,
2020-08-15 21:00:00,
2020-08-15 21:03:00,
2020-08-15 21:06:00,
2020-08-15 21:09:00,
2020-08-15 21:12:00,
2020-08-15 21:15:00,
2020-08-15 21:18:00,
2020-08-15 21:21:00,
2020-08-15 21:24:00,
2020-08-15 21:27:00,
2020-08-15 21:30:00,
2020-08-15 21:33:00,
2020-08-15 21:36:00,
2020-08-15 21:39:00,
2020-08-15 21:42:00,
2020-08-15 21:45:00,
2020-08-15 21:48:00,
2020-08-15 21:51:00,
2020-08-15 21:54:00,
2020-08-15 21:57:00,
2020-08-15 22:00:00,
2020-08-15 22:03:00,
2020-08-15 22:06:00,
2020-08-15 22:09:00,
2020-08-15 22:12:00,
2020-08-15 22:15:00,
2020-08-15 22:18:00,
2020-08-15 22:21:00,
2020-08-15 22:24:00,
2020-08-15 22:27:00,
2020-08-15 22:30:00,
2020-08-15 22:33:00,
2020-08-15 22:36:00,
2020-08-15 22:39:00,
2020-08-15 22:42:00,
2020-08-15 22:45:00,
2020-08-15 22:48:00,
2020-08-15 22:51:00,
2020-08-15 22:54:00,
2020-08-15 22:57:00,
2020-08-15 23:00:00,
2020-08-15 23:03:00,
2020-08-15 23:06:00,
2020-08-15 23:09:00,
2020-08-15 23:12:00,
2020-08-15 23:15:00,
2020-08-15 23:18:00,
2020-08-15 23:21:00,
2020-08-15 23:24:00,
2020-08-15 23:27:00,
2020-08-15 23:30:00,
2020-08-15 23:33:00,
2020-08-15 23:36:00,
2020-08-15 23:39:00,
2020-08-15 23:42:00,
2020-08-15 23:45:00,
2020-08-15 23:48:00,
2020-08-15 23:51:00,
2020-08-15 23:54:00,
2020-08-15 23:57:00,
2020-08-16 00:00:00,
2020-08-16 00:03:00,
2020-08-16 00:06:00,
2020-08-16 00:09:00,
2020-08-16 00:12:00,
2020-08-16 00:15:00,
2020-08-16 00:18:00,
2020-08-16 00:21:00,
2020-08-16 00:24:00,
2020-08-16 00:27:00,
2020-08-16 00:30:00,
2020-08-16 00:33:00,
2020-08-16 00:36:00,
2020-08-16 00:39:00,
2020-08-16 00:42:00,
2020-08-16 00:45:00,
2020-08-16 00:48:00,
2020-08-16 00:51:00,
2020-08-16 00:54:00,
2020-08-16 00:57:00,
2020-08-16 01:00:00,
2020-08-16 01:03:00,
2020-08-16 01:06:00,
2020-08-16 01:09:00,
2020-08-16 01:12:00,
2020-08-16 01:15:00,
2020-08-16 01:18:00,
2020-08-16 01:21:00,
2020-08-16 01:24:00,
2020-08-16 01:27:00,
2020-08-16 01:30:00,
2020-08-16 01:33:00,
2020-08-16 01:36:00,
2020-08-16 01:39:00,
2020-08-16 01:42:00,
2020-08-16 01:45:00,
2020-08-16 01:48:00,
2020-08-16 01:51:00,
2020-08-16 01:54:00,
2020-08-16 01:57:00,
2020-08-16 02:00:00,
2020-08-16 02:03:00,
2020-08-16 02:06:00,
2020-08-16 02:09:00,
2020-08-16 02:12:00,
2020-08-16 02:15:00,
2020-08-16 02:18:00,
2020-08-16 02:21:00,
2020-08-16 02:24:00,
2020-08-16 02:27:00,
2020-08-16 02:30:00,
2020-08-16 02:33:00,
2020-08-16 02:36:00,
2020-08-16 02:39:00,
2020-08-16 02:42:00,
2020-08-16 02:45:00,
2020-08-16 02:48:00,
2020-08-16 02:51:00,
2020-08-16 02:54:00,
2020-08-16 02:57:00,
2020-08-16 03:00:00,
2020-08-16 03:03:00,
2020-08-16 03:06:00,
2020-08-16 03:09:00,
2020-08-16 03:12:00,
2020-08-16 03:15:00,
2020-08-16 03:18:00,
2020-08-16 03:21:00,
2020-08-16 03:24:00,
2020-08-16 03:27:00,
2020-08-16 03:30:00,
2020-08-16 03:33:00,
2020-08-16 03:36:00,
2020-08-16 03:39:00,
2020-08-16 03:42:00,
2020-08-16 03:45:00,
2020-08-16 03:48:00,
2020-08-16 03:51:00,
2020-08-16 03:54:00,
2020-08-16 03:57:00,
2020-08-16 04:00:00,
2020-08-16 04:03:00,
2020-08-16 04:06:00,
2020-08-16 04:09:00,
2020-08-16 04:12:00,
2020-08-16 04:15:00,
2020-08-16 04:18:00,
2020-08-16 04:21:00,
2020-08-16 04:24:00,
2020-08-16 04:27:00,
2020-08-16 04:30:00,
2020-08-16 04:33:00,
2020-08-16 04:36:00,
2020-08-16 04:39:00,
2020-08-16 04:42:00,
2020-08-16 04:45:00,
2020-08-16 04:48:00,
2020-08-16 04:51:00,
2020-08-16 04:54:00,
2020-08-16 04:57:00,
2020-08-16 05:00:00,
2020-08-16 05:03:00,
2020-08-16 05:06:00,
2020-08-16 05:09:00,
2020-08-16 05:12:00,
2020-08-16 05:15:00,
2020-08-16 05:18:00,
2020-08-16 05:21:00,
2020-08-16 05:24:00,
2020-08-16 05:27:00,
2020-08-16 05:30:00,
2020-08-16 05:33:00,
2020-08-16 05:36:00,
2020-08-16 05:39:00,
2020-08-16 05:42:00,
2020-08-16 05:45:00,
2020-08-16 05:48:00,
2020-08-16 05:51:00,
2020-08-16 05:54:00,
2020-08-16 05:57:00,
2020-08-16 06:00:00,
2020-08-16 06:03:00,
2020-08-16 06:06:00,
2020-08-16 06:09:00,
2020-08-16 06:12:00,
2020-08-16 06:15:00,
2020-08-16 06:18:00,
2020-08-16 06:21:00,
2020-08-16 06:24:00,
2020-08-16 06:27:00,
2020-08-16 06:30:00,
2020-08-16 06:33:00,
2020-08-16 06:36:00,
2020-08-16 06:39:00,
2020-08-16 06:42:00,
2020-08-16 06:45:00,
2020-08-16 06:48:00,
2020-08-16 06:51:00,
2020-08-16 06:54:00,
2020-08-16 06:57:00,
2020-08-16 07:00:00,
2020-08-16 07:03:00,
2020-08-16 07:06:00,
2020-08-16 07:09:00,
2020-08-16 07:12:00,
2020-08-16 07:15:00,
2020-08-16 07:18:00,
2020-08-16 07:21:00,
2020-08-16 07:24:00,
2020-08-16 07:27:00,
2020-08-16 07:30:00,
2020-08-16 07:33:00,
2020-08-16 07:36:00,
2020-08-16 07:39:00,
2020-08-16 07:42:00,
2020-08-16 07:45:00,
2020-08-16 07:48:00,
2020-08-16 07:51:00,
2020-08-16 07:54:00,
2020-08-16 07:57:00,
2020-08-16 08:00:00,
2020-08-16 08:03:00,
2020-08-16 08:06:00,
2020-08-16 08:09:00,
2020-08-16 08:12:00,
2020-08-16 08:15:00,
2020-08-16 08:18:00,
2020-08-16 08:21:00,
2020-08-16 08:24:00,
2020-08-16 08:27:00,
2020-08-16 08:30:00,
2020-08-16 08:33:00,
2020-08-16 08:36:00,
2020-08-16 08:39:00,
2020-08-16 08:42:00,
2020-08-16 08:45:00,
2020-08-16 08:48:00,
2020-08-16 08:51:00,
2020-08-16 08:54:00,
2020-08-16 08:57:00,
2020-08-16 09:00:00,
2020-08-16 09:03:00,
2020-08-16 09:06:00,
2020-08-16 09:09:00,
2020-08-16 09:12:00,
2020-08-16 09:15:00,
2020-08-16 09:18:00,
2020-08-16 09:21:00,
2020-08-16 09:24:00,
2020-08-16 09:27:00,
2020-08-16 09:30:00,
2020-08-16 09:33:00,
2020-08-16 09:36:00,
2020-08-16 09:39:00,
2020-08-16 09:42:00,
2020-08-16 09:45:00,
2020-08-16 09:48:00,
2020-08-16 09:51:00,
2020-08-16 09:54:00,
2020-08-16 09:57:00,
2020-08-16 10:00:00,
2020-08-16 10:03:00,
2020-08-16 10:06:00,
2020-08-16 10:09:00,
2020-08-16 10:12:00,
2020-08-16 10:15:00,
2020-08-16 10:18:00,
2020-08-16 10:21:00,
2020-08-16 10:24:00,
2020-08-16 10:27:00,
2020-08-16 10:30:00,
2020-08-16 10:33:00,
2020-08-16 10:36:00,
2020-08-16 10:39:00,
2020-08-16 10:42:00,
2020-08-16 10:45:00,
2020-08-16 10:48:00,
2020-08-16 10:51:00,
2020-08-16 10:54:00,
2020-08-16 10:57:00,
2020-08-16 11:00:00,
2020-08-16 11:03:00,
2020-08-16 11:06:00,
2020-08-16 11:09:00,
2020-08-16 11:12:00,
2020-08-16 11:15:00,
2020-08-16 11:18:00,
2020-08-16 11:21:00,
2020-08-16 11:24:00,
2020-08-16 11:27:00,
2020-08-16 11:30:00,
2020-08-16 11:33:00,
2020-08-16 11:36:00,
2020-08-16 11:39:00,
2020-08-16 11:42:00,
2020-08-16 11:45:00,
2020-08-16 11:48:00,
2020-08-16 11:51:00,
2020-08-16 11:54:00,
2020-08-16 11:57:00,
2020-08-16 12:00:00,
2020-08-16 12:03:00,
2020-08-16 12:06:00,
2020-08-16 12:09:00,
2020-08-16 12:12:00,
2020-08-16 12:15:00,
2020-08-16 12:18:00,
2020-08-16 12:21:00,
2020-08-16 12:24:00,
2020-08-16 12:27:00,
2020-08-16 12:30:00,
2020-08-16 12:33:00,
2020-08-16 12:36:00,
2020-08-16 12:39:00,
2020-08-16 12:42:00,
2020-08-16 12:45:00,
2020-08-16 12:48:00,
2020-08-16 12:51:00,
2020-08-16 12:54:00,
2020-08-16 12:57:00,
2020-08-16 13:00:00,
2020-08-16 13:03:00,
2020-08-16 13:06:00,
2020-08-16 13:09:00,
2020-08-16 13:12:00,
2020-08-16 13:15:00,
2020-08-16 13:18:00,
2020-08-16 13:21:00,
2020-08-16 13:24:00,
2020-08-16 13:27:00,
2020-08-16 13:30:00,
2020-08-16 13:33:00,
2020-08-16 13:36:00,
2020-08-16 13:39:00,
2020-08-16 13:42:00,
2020-08-16 13:45:00,
2020-08-16 13:48:00,
2020-08-16 13:51:00,
2020-08-16 13:54:00,
2020-08-16 13:57:00,
2020-08-16 14:00:00,
2020-08-16 14:03:00,
2020-08-16 14:06:00,
2020-08-16 14:09:00,
2020-08-16 14:12:00,
2020-08-16 14:15:00,
2020-08-16 14:18:00,
2020-08-16 14:21:00,
2020-08-16 14:24:00,
2020-08-16 14:27:00,
2020-08-16 14:30:00,
2020-08-16 14:33:00,
2020-08-16 14:36:00,
2020-08-16 14:39:00,
2020-08-16 14:42:00,
2020-08-16 14:45:00,
2020-08-16 14:48:00,
2020-08-16 14:51:00,
2020-08-16 14:54:00,
2020-08-16 14:57:00,
2020-08-16 15:00:00,
2020-08-16 15:03:00,
2020-08-16 15:06:00,
2020-08-16 15:09:00,
2020-08-16 15:12:00,
2020-08-16 15:15:00,
2020-08-16 15:18:00,
2020-08-16 15:21:00,
2020-08-16 15:24:00,
2020-08-16 15:27:00,
2020-08-16 15:30:00,
2020-08-16 15:33:00,
2020-08-16 15:36:00,
2020-08-16 15:39:00,
2020-08-16 15:42:00,
2020-08-16 15:45:00,
2020-08-16 15:48:00,
2020-08-16 15:51:00,
2020-08-16 15:54:00,
2020-08-16 15:57:00,
2020-08-16 16:00:00,
2020-08-16 16:03:00,
2020-08-16 16:06:00,
2020-08-16 16:09:00,
2020-08-16 16:12:00,
2020-08-16 16:15:00,
2020-08-16 16:18:00,
2020-08-16 16:21:00,
2020-08-16 16:24:00,
2020-08-16 16:27:00,
2020-08-16 16:30:00,
2020-08-16 16:33:00,
2020-08-16 16:36:00,
2020-08-16 16:39:00,
2020-08-16 16:42:00,
2020-08-16 16:45:00,
2020-08-16 16:48:00,
2020-08-16 16:51:00,
2020-08-16 16:54:00,
2020-08-16 16:57:00,
2020-08-16 17:00:00,
2020-08-16 17:03:00,
2020-08-16 17:06:00,
2020-08-16 17:09:00,
2020-08-16 17:12:00,
2020-08-16 17:15:00,
2020-08-16 17:18:00,
2020-08-16 17:21:00,
2020-08-16 17:24:00,
2020-08-16 17:27:00,
2020-08-16 17:30:00,
2020-08-16 17:33:00,
2020-08-16 17:36:00,
2020-08-16 17:39:00,
2020-08-16 17:42:00,
2020-08-16 17:45:00,
2020-08-16 17:48:00,
2020-08-16 17:51:00,
2020-08-16 17:54:00,
2020-08-16 17:57:00,
2020-08-16 18:00:00,
2020-08-16 18:03:00,
2020-08-16 18:06:00,
2020-08-16 18:09:00,
2020-08-16 18:12:00,
2020-08-16 18:15:00,
2020-08-16 18:18:00,
2020-08-16 18:21:00,
2020-08-16 18:24:00,
2020-08-16 18:27:00,
2020-08-16 18:30:00,
2020-08-16 18:33:00,
2020-08-16 18:36:00,
2020-08-16 18:39:00,
2020-08-16 18:42:00,
2020-08-16 18:45:00,
2020-08-16 18:48:00,
2020-08-16 18:51:00,
2020-08-16 18:54:00,
2020-08-16 18:57:00,
2020-08-16 19:00:00,
2020-08-16 19:03:00,
2020-08-16 19:06:00,
2020-08-16 19:09:00,
2020-08-16 19:12:00,
2020-08-16 19:15:00,
2020-08-16 19:18:00,
2020-08-16 19:21:00,
2020-08-16 19:24:00,
2020-08-16 19:27:00,
2020-08-16 19:30:00,
2020-08-16 19:33:00,
2020-08-16 19:36:00,
2020-08-16 19:39:00,
2020-08-16 19:42:00,
2020-08-16 19:45:00,
2020-08-16 19:48:00,
2020-08-16 19:51:00,
2020-08-16 19:54:00,
2020-08-16 19:57:00,
2020-08-16 20:00:00,
2020-08-16 20:03:00,
2020-08-16 20:06:00,
2020-08-16 20:09:00,
2020-08-16 20:12:00,
2020-08-16 20:15:00,
2020-08-16 20:18:00,
2020-08-16 20:21:00,
2020-08-16 20:24:00,
2020-08-16 20:27:00,
2020-08-16 20:30:00,
2020-08-16 20:33:00,
2020-08-16 20:36:00,
2020-08-16 20:39:00,
2020-08-16 20:42:00,
2020-08-16 20:45:00,
2020-08-16 20:48:00,
2020-08-16 20:51:00,
2020-08-16 20:54:00,
2020-08-16 20:57:00,
2020-08-16 21:00:00,
2020-08-16 21:03:00,
2020-08-16 21:06:00,
2020-08-16 21:09:00,
2020-08-16 21:12:00,
2020-08-16 21:15:00,
2020-08-16 21:18:00,
2020-08-16 21:21:00,
2020-08-16 21:24:00,
2020-08-16 21:27:00,
2020-08-16 21:30:00,
2020-08-16 21:33:00,
2020-08-16 21:36:00,
2020-08-16 21:39:00,
2020-08-16 21:42:00,
2020-08-16 21:45:00,
2020-08-16 21:48:00,
2020-08-16 21:51:00,
2020-08-16 21:54:00,
2020-08-16 21:57:00,
2020-08-16 22:00:00,
2020-08-16 22:03:00,
2020-08-16 22:06:00,
2020-08-16 22:09:00,
2020-08-16 22:12:00,
2020-08-16 22:15:00,
2020-08-16 22:18:00,
2020-08-16 22:21:00,
2020-08-16 22:24:00,
2020-08-16 22:27:00,
2020-08-16 22:30:00,
2020-08-16 22:33:00,
2020-08-16 22:36:00,
2020-08-16 22:39:00,
2020-08-16 22:42:00,
2020-08-16 22:45:00,
2020-08-16 22:48:00,
2020-08-16 22:51:00,
2020-08-16 22:54:00,
2020-08-16 22:57:00,
2020-08-16 23:00:00,
2020-08-16 23:03:00,
2020-08-16 23:06:00,
2020-08-16 23:09:00,
2020-08-16 23:12:00,
2020-08-16 23:15:00,
2020-08-16 23:18:00,
2020-08-16 23:21:00,
2020-08-16 23:24:00,
2020-08-16 23:27:00,
2020-08-16 23:30:00,
2020-08-16 23:33:00,
2020-08-16 23:36:00,
2020-08-16 23:39:00,
2020-08-16 23:42:00,
2020-08-16 23:45:00,
2020-08-16 23:48:00,
2020-08-16 23:51:00,
2020-08-16 23:54:00,
2020-08-16 23:57:00,
2020-08-17 00:00:00,
2020-08-17 00:03:00,
2020-08-17 00:06:00,
2020-08-17 00:09:00,
2020-08-17 00:12:00,
2020-08-17 00:15:00,
2020-08-17 00:18:00,
2020-08-17 00:21:00,
2020-08-17 00:24:00,
2020-08-17 00:27:00,
2020-08-17 00:30:00,
2020-08-17 00:33:00,
2020-08-17 00:36:00,
2020-08-17 00:39:00,
2020-08-17 00:42:00,
2020-08-17 00:45:00,
2020-08-17 00:48:00,
2020-08-17 00:51:00,
2020-08-17 00:54:00,
2020-08-17 00:57:00,
2020-08-17 01:00:00,
2020-08-17 01:03:00,
2020-08-17 01:06:00,
2020-08-17 01:09:00,
2020-08-17 01:12:00,
2020-08-17 01:15:00,
2020-08-17 01:18:00,
2020-08-17 01:21:00,
2020-08-17 01:24:00,
2020-08-17 01:27:00,
2020-08-17 01:30:00,
2020-08-17 01:33:00,
2020-08-17 01:36:00,
2020-08-17 01:39:00,
2020-08-17 01:42:00,
2020-08-17 01:45:00,
2020-08-17 01:48:00,
2020-08-17 01:51:00,
2020-08-17 01:54:00,
2020-08-17 01:57:00,
2020-08-17 02:00:00,
2020-08-17 02:03:00,
2020-08-17 02:06:00,
2020-08-17 02:09:00,
2020-08-17 02:12:00,
2020-08-17 02:15:00,
2020-08-17 02:18:00,
2020-08-17 02:21:00,
2020-08-17 02:24:00,
2020-08-17 02:27:00,
2020-08-17 02:30:00,
2020-08-17 02:33:00,
2020-08-17 02:36:00,
2020-08-17 02:39:00,
2020-08-17 02:42:00,
2020-08-17 02:45:00,
2020-08-17 02:48:00,
2020-08-17 02:51:00,
2020-08-17 02:54:00,
2020-08-17 02:57:00,
2020-08-17 03:00:00,
2020-08-17 03:03:00,
2020-08-17 03:06:00,
2020-08-17 03:09:00,
2020-08-17 03:12:00,
2020-08-17 03:15:00,
2020-08-17 03:18:00,
2020-08-17 03:21:00,
2020-08-17 03:24:00,
2020-08-17 03:27:00,
2020-08-17 03:30:00,
2020-08-17 03:33:00,
2020-08-17 03:36:00,
2020-08-17 03:39:00,
2020-08-17 03:42:00,
2020-08-17 03:45:00,
2020-08-17 03:48:00,
2020-08-17 03:51:00,
2020-08-17 03:54:00,
2020-08-17 03:57:00,
2020-08-17 04:00:00,
2020-08-17 04:03:00,
2020-08-17 04:06:00,
2020-08-17 04:09:00,
2020-08-17 04:12:00,
2020-08-17 04:15:00,
2020-08-17 04:18:00,
2020-08-17 04:21:00,
2020-08-17 04:24:00,
2020-08-17 04:27:00,
2020-08-17 04:30:00,
2020-08-17 04:33:00,
2020-08-17 04:36:00,
2020-08-17 04:39:00,
2020-08-17 04:42:00,
2020-08-17 04:45:00,
2020-08-17 04:48:00,
2020-08-17 04:51:00,
2020-08-17 04:54:00,
2020-08-17 04:57:00,
2020-08-17 05:00:00,
2020-08-17 05:03:00,
2020-08-17 05:06:00,
2020-08-17 05:09:00,
2020-08-17 05:12:00,
2020-08-17 05:15:00,
2020-08-17 05:18:00,
2020-08-17 05:21:00,
2020-08-17 05:24:00,
2020-08-17 05:27:00,
2020-08-17 05:30:00,
2020-08-17 05:33:00,
2020-08-17 05:36:00,
2020-08-17 05:39:00,
2020-08-17 05:42:00,
2020-08-17 05:45:00,
2020-08-17 05:48:00,
2020-08-17 05:51:00,
2020-08-17 05:54:00,
2020-08-17 05:57:00,
2020-08-17 06:00:00,
2020-08-17 06:03:00,
2020-08-17 06:06:00,
2020-08-17 06:09:00,
2020-08-17 06:12:00,
2020-08-17 06:15:00,
2020-08-17 06:18:00,
2020-08-17 06:21:00,
2020-08-17 06:24:00,
2020-08-17 06:27:00,
2020-08-17 06:30:00,
2020-08-17 06:33:00,
2020-08-17 06:36:00,
2020-08-17 06:39:00,
2020-08-17 06:42:00,
2020-08-17 06:45:00,
2020-08-17 06:48:00,
2020-08-17 06:51:00,
2020-08-17 06:54:00,
2020-08-17 06:57:00,
2020-08-17 07:00:00,
2020-08-17 07:03:00,
2020-08-17 07:06:00,
2020-08-17 07:09:00,
2020-08-17 07:12:00,
2020-08-17 07:15:00,
2020-08-17 07:18:00,
2020-08-17 07:21:00,
2020-08-17 07:24:00,
2020-08-17 07:27:00,
2020-08-17 07:30:00,
2020-08-17 07:33:00,
2020-08-17 07:36:00,
2020-08-17 07:39:00,
2020-08-17 07:42:00,
2020-08-17 07:45:00,
2020-08-17 07:48:00,
2020-08-17 07:51:00,
2020-08-17 07:54:00,
2020-08-17 07:57:00,
2020-08-17 08:00:00,
2020-08-17 08:03:00,
2020-08-17 08:06:00,
2020-08-17 08:09:00,
2020-08-17 08:12:00,
2020-08-17 08:15:00,
2020-08-17 08:18:00,
2020-08-17 08:21:00,
2020-08-17 08:24:00,
2020-08-17 08:27:00,
2020-08-17 08:30:00,
2020-08-17 08:33:00,
2020-08-17 08:36:00,
2020-08-17 08:39:00,
2020-08-17 08:42:00,
2020-08-17 08:45:00,
2020-08-17 08:48:00,
2020-08-17 08:51:00,
2020-08-17 08:54:00,
2020-08-17 08:57:00,
2020-08-17 09:00:00,
2020-08-17 09:03:00,
2020-08-17 09:06:00,
2020-08-17 09:09:00,
2020-08-17 09:12:00,
2020-08-17 09:15:00,
2020-08-17 09:18:00,
2020-08-17 09:21:00,
2020-08-17 09:24:00,
2020-08-17 09:27:00,
2020-08-17 09:30:00,
2020-08-17 09:33:00,
2020-08-17 09:36:00,
2020-08-17 09:39:00,
2020-08-17 09:42:00,
2020-08-17 09:45:00,
2020-08-17 09:48:00,
2020-08-17 09:51:00,
2020-08-17 09:54:00,
2020-08-17 09:57:00,
2020-08-17 10:00:00,
2020-08-17 10:03:00,
2020-08-17 10:06:00,
2020-08-17 10:09:00,
2020-08-17 10:12:00,
2020-08-17 10:15:00,
2020-08-17 10:18:00,
2020-08-17 10:21:00,
2020-08-17 10:24:00,
2020-08-17 10:27:00,
2020-08-17 10:30:00,
2020-08-17 10:33:00,
2020-08-17 10:36:00,
2020-08-17 10:39:00,
2020-08-17 10:42:00,
2020-08-17 10:45:00,
2020-08-17 10:48:00,
2020-08-17 10:51:00,
2020-08-17 10:54:00,
2020-08-17 10:57:00,
2020-08-17 11:00:00,
2020-08-17 11:03:00,
2020-08-17 11:06:00,
2020-08-17 11:09:00,
2020-08-17 11:12:00,
2020-08-17 11:15:00,
2020-08-17 11:18:00,
2020-08-17 11:21:00,
2020-08-17 11:24:00,
2020-08-17 11:27:00,
2020-08-17 11:30:00,
2020-08-17 11:33:00,
2020-08-17 11:36:00,
2020-08-17 11:39:00,
2020-08-17 11:42:00,
2020-08-17 11:45:00,
2020-08-17 11:48:00,
2020-08-17 11:51:00,
2020-08-17 11:54:00,
2020-08-17 11:57:00,
2020-08-17 12:00:00,
2020-08-17 12:03:00,
2020-08-17 12:06:00,
2020-08-17 12:09:00,
2020-08-17 12:12:00,
2020-08-17 12:15:00,
2020-08-17 12:18:00,
2020-08-17 12:21:00,
2020-08-17 12:24:00,
2020-08-17 12:27:00,
2020-08-17 12:30:00,
2020-08-17 12:33:00,
2020-08-17 12:36:00,
2020-08-17 12:39:00,
2020-08-17 12:42:00,
2020-08-17 12:45:00,
2020-08-17 12:48:00,
2020-08-17 12:51:00,
2020-08-17 12:54:00,
2020-08-17 12:57:00,
2020-08-17 13:00:00,
2020-08-17 13:03:00,
2020-08-17 13:06:00,
2020-08-17 13:09:00,
2020-08-17 13:12:00,
2020-08-17 13:15:00,
2020-08-17 13:18:00,
2020-08-17 13:21:00,
2020-08-17 13:24:00,
2020-08-17 13:27:00,
2020-08-17 13:30:00,
2020-08-17 13:33:00,
2020-08-17 13:36:00,
2020-08-17 13:39:00,
2020-08-17 13:42:00,
2020-08-17 13:45:00,
2020-08-17 13:48:00,
2020-08-17 13:51:00,
2020-08-17 13:54:00,
2020-08-17 13:57:00,
2020-08-17 14:00:00,
2020-08-17 14:03:00,
2020-08-17 14:06:00,
2020-08-17 14:09:00,
2020-08-17 14:12:00,
2020-08-17 14:15:00,
2020-08-17 14:18:00,
2020-08-17 14:21:00,
2020-08-17 14:24:00,
2020-08-17 14:27:00,
2020-08-17 14:30:00,
2020-08-17 14:33:00,
2020-08-17 14:36:00,
2020-08-17 14:39:00,
2020-08-17 14:42:00,
2020-08-17 14:45:00,
2020-08-17 14:48:00,
2020-08-17 14:51:00,
2020-08-17 14:54:00,
2020-08-17 14:57:00,
2020-08-17 15:00:00,
2020-08-17 15:03:00,
2020-08-17 15:06:00,
2020-08-17 15:09:00,
2020-08-17 15:12:00,
2020-08-17 15:15:00,
2020-08-17 15:18:00,
2020-08-17 15:21:00,
2020-08-17 15:24:00,
2020-08-17 15:27:00,
2020-08-17 15:30:00,
2020-08-17 15:33:00,
2020-08-17 15:36:00,
2020-08-17 15:39:00,
2020-08-17 15:42:00,
2020-08-17 15:45:00,
2020-08-17 15:48:00,
2020-08-17 15:51:00,
2020-08-17 15:54:00,
2020-08-17 15:57:00,
2020-08-17 16:00:00,
2020-08-17 16:03:00,
2020-08-17 16:06:00,
2020-08-17 16:09:00,
2020-08-17 16:12:00,
2020-08-17 16:15:00,
2020-08-17 16:18:00,
2020-08-17 16:21:00,
2020-08-17 16:24:00,
2020-08-17 16:27:00,
2020-08-17 16:30:00,
2020-08-17 16:33:00,
2020-08-17 16:36:00,
2020-08-17 16:39:00,
2020-08-17 16:42:00,
2020-08-17 16:45:00,
2020-08-17 16:48:00,
2020-08-17 16:51:00,
2020-08-17 16:54:00,
2020-08-17 16:57:00,
2020-08-17 17:00:00,
2020-08-17 17:03:00,
2020-08-17 17:06:00,
2020-08-17 17:09:00,
2020-08-17 17:12:00,
2020-08-17 17:15:00,
2020-08-17 17:18:00,
2020-08-17 17:21:00,
2020-08-17 17:24:00,
2020-08-17 17:27:00,
2020-08-17 17:30:00,
2020-08-17 17:33:00,
2020-08-17 17:36:00,
2020-08-17 17:39:00,
2020-08-17 17:42:00,
2020-08-17 17:45:00,
2020-08-17 17:48:00,
2020-08-17 17:51:00,
2020-08-17 17:54:00,
2020-08-17 17:57:00,
2020-08-17 18:00:00,
2020-08-17 18:03:00,
2020-08-17 18:06:00,
2020-08-17 18:09:00,
2020-08-17 18:12:00,
2020-08-17 18:15:00,
2020-08-17 18:18:00,
2020-08-17 18:21:00,
2020-08-17 18:24:00,
2020-08-17 18:27:00,
2020-08-17 18:30:00,
2020-08-17 18:33:00,
2020-08-17 18:36:00,
2020-08-17 18:39:00,
2020-08-17 18:42:00,
2020-08-17 18:45:00,
2020-08-17 18:48:00,
2020-08-17 18:51:00,
2020-08-17 18:54:00,
2020-08-17 18:57:00,
2020-08-17 19:00:00,
2020-08-17 19:03:00,0.005219112550946647
2020-08-17 19:06:00,-0.08933309931455824
2020-08-17 19:09:00,-0.0049478364772426175
2020-08-17 19:12:00,0.037912545439155565
2020-08-17 19:15:00,0.036369559997467604
2020-08-17 19:18:00,0.09926537691319481
2020-08-17 19:21:00,0.07532420718666799
2020-08-17 19:24:00,-0.03893173218540369
2020-08-17 19:27:00,-0.017304546852699332
2020-08-17 19:30:00,0.07151205151672002
2020-08-17 19:33:00,0.0049409155669764004
2020-08-17 19:36:00,-0.03205870094029706
2020-08-17 19:39:00,0.021336355304015342
2020-08-17 19:42:00,0.018039265228367185
2020-08-17 19:45:00,0.1450765618665173
2020-08-17 19:48:00,0.1309244859745604
2020-08-17 19:51:00,0.025180423244876238
2020-08-17 19:54:00,0.02604503513390455
2020-08-17 19:57:00,0.018979213535487816
2020-08-17 20:00:00,0.06886011507987178
2020-08-17 20:03:00,0.09643970831371007
2020-08-17 20:06:00,0.05893689145358394
2020-08-17 20:09:00,0.1504789318555595
2020-08-17 20:12:00,0.2099235560086754
2020-08-17 20:15:00,0.07412326508710976
2020-08-17 20:18:00,0.10124983607892091
2020-08-17 20:21:00,0.03312264659933817
2020-08-17 20:24:00,0.09990186441535798
2020-08-17 20:27:00,0.15752920671820902
2020-08-17 20:30:00,0.07333938393082917
2020-08-17 20:33:00,0.06796510993649463
2020-08-17 20:36:00,0.1447534230576366
2020-08-17 20:39:00,0.2035522003466781
2020-08-17 20:42:00,0.1701053056293631
2020-08-17 20:45:00,0.20691215327292412
2020-08-17 20:48:00,0.18705507339052474
2020-08-17 20:51:00,0.23835643346171764
2020-08-17 20:54:00,0.12095730901654633
2020-08-17 20:57:00,0.20490473231637907
2020-08-17 21:00:00,0.1346574654229471
2020-08-17 21:03:00,0.14911635233727338
2020-08-17 21:06:00,0.2667208708082285
2020-08-17 21:09:00,0.2413318060322922
2020-08-17 21:12:00,0.20947084717988673
2020-08-17 21:15:00,0.23388210271633625
2020-08-17 21:18:00,0.1952505067828838
2020-08-17 21:21:00,0.3010549411278589
2020-08-17 21:24:00,0.2814227932619815
2020-08-17 21:27:00,0.23507901548845211
2020-08-17 21:30:00,0.3033699780856409
2020-08-17 21:33:00,0.22879319945616317
2020-08-17 21:36:00,0.23540896985576865
2020-08-17 21:39:00,0.25269272582715985
2020-08-17 21:42:00,0.30430533533166226
2020-08-17 21:45:00,0.2639047513702053
2020-08-17 21:48:00,0.27273012344579683
2020-08-17 21:51:00,0.1938352632744227
2020-08-17 21:54:00,0.2217587575992752
2020-08-17 21:57:00,0.23598697488250764
2020-08-17 22:00:00,0.3081329219772897
2020-08-17 22:03:00,0.2680829668428828
2020-08-17 22:06:00,0.2519296342986763
2020-08-17 22:09:00,0.23541269208271842
2020-08-17 22:12:00,0.32195993318168803
2020-08-17 22:15:00,0.38358398366398205
2020-08-17 22:18:00,0.39669973482455134
2020-08-17 22:21:00,0.348417244577206
2020-08-17 22:24:00,0.30265381484855425
2020-08-17 22:27:00,0.18110330314311796
2020-08-17 22:30:00,0.2733832435934005
2020-08-17 22:33:00,0.20406642914286977
2020-08-17 22:36:00,0.14021036356746208
2020-08-17 22:39:00,0.20858911018024173
2020-08-17 22:42:00,0.2751909163549726
2020-08-17 22:45:00,0.3159623596326355
2020-08-17 22:48:00,0.31626707597087034
2020-08-17 22:51:00,0.17054867756456815
2020-08-17 22:54:00,0.20172603469808337
2020-08-17 22:57:00,0.23724973309987263
2020-08-17 23:00:00,0.22285939975307656
2020-08-17 23:03:00,0.2741021866800111
2020-08-17 23:06:00,0.17513474859003964
2020-08-17 23:09:00,0.2560006859579289
2020-08-17 23:12:00,0.26111537177473565
2020-08-17 23:15:00,0.19314745510956755
2020-08-17 23:18:00,0.2618989422774689
2020-08-17 23:21:00,0.19209032323414021
2020-08-17 23:24:00,0.21197918610312172
2020-08-17 23:27:00,0.1976012455515388
2020-08-17 23:30:00,0.20974327730539244
2020-08-17 23:33:00,0.2145927125955609
2020-08-17 23:36:00,0.19833501205931725
2020-08-17 23:39:00,0.2841660759136744
2020-08-17 23:42:00,0.1622100722835853
2020-08-17 23:45:00,0.19030638534275113
2020-08-17 23:48:00,0.07043812731347998
2020-08-17 23:51:00,0.11280985301851842
2020-08-17 23:54:00,0.18717970942230977
2020-08-17 23:57:00,0.23017456685994375
2020-08-18 00:00:00,0.15194868129611905
2020-08-18 00:03:00,0.09342672171413824
2020-08-18 00:06:00,0.1787703061971797
2020-08-18 00:09:00,0.2153304422668043
2020-08-18 00:12:00,0.17770752726244154
2020-08-18 00:15:00,0.18783380008540007
2020-08-18 00:18:00,0.2828077999988068
2020-08-18 00:21:00,0.2764652963742833
2020-08-18 00:24:00,0.24351581880341655
2020-08-18 00:27:00,0.17358093013643838
2020-08-18 00:30:00,0.20792116316147258
2020-08-18 00:33:00,0.3240344808686473
2020-08-18 00:36:00,0.12674598263890857
2020-08-18 00:39:00,0.26694746412522363
2020-08-18 00:42:00,0.23367682379694088
2020-08-18 00:45:00,0.20406153577158648
2020-08-18 00:48:00,0.10782884625177758
2020-08-18 00:51:00,0.20752360587493968
2020-08-18 00:54:00,0.2576684874725288
2020-08-18 00:57:00,0.2306862452966243
2020-08-18 01:00:00,0.21058182084163946
2020-08-18 01:03:00,0.23351431442370085
2020-08-18 01:06:00,0.2698432338867178
2020-08-18 01:09:00,0.28540066960556487
2020-08-18 01:12:00,0.23022518889138155
2020-08-18 01:15:00,0.2824037065974494
2020-08-18 01:18:00,0.3394639382577225
2020-08-18 01:21:00,0.30611136433225283
2020-08-18 01:24:00,0.29380480373629325
2020-08-18 01:27:00,0.3209329544829984
2020-08-18 01:30:00,0.24435541561302898
2020-08-18 01:33:00,0.2944450551587465
2020-08-18 01:36:00,0.2710810968978308
2020-08-18 01:39:00,0.23011663235774904
2020-08-18 01:42:00,0.23092486805489898
2020-08-18 01:45:00,0.28389994251654116
2020-08-18 01:48:00,0.37988123289665054
2020-08-18 01:51:00,0.3691721629681979
2020-08-18 01:54:00,0.33035225662257517
2020-08-18 01:57:00,0.2997543035665444
2020-08-18 02:00:00,0.28967520512736655
2020-08-18 02:03:00,0.2711385222875151
2020-08-18 02:06:00,0.4329833891351882
2020-08-18 02:09:00,0.36707085736696854
2020-08-18 02:12:00,0.3579740753482952
2020-08-18 02:15:00,0.29309746160816985
2020-08-18 02:18:00,0.3620934570218992
2020-08-18 02:21:00,0.3002069739417266
2020-08-18 02:24:00,0.26717753885714046
2020-08-18 02:27:00,0.2589857138137859
2020-08-18 02:30:00,0.37195751706764213
2020-08-18 02:33:00,0.4222370804068305
2020-08-18 02:36:00,0.3554935006023925
2020-08-18 02:39:00,0.33032232214998203
2020-08-18 02:42:00,0.29068003821009825
2020-08-18 02:45:00,0.3624652562726851
2020-08-18 02:48:00,0.2709020974977534
2020-08-18 02:51:00,0.35421300505362296
2020-08-18 02:54:00,0.3677094693742333
2020-08-18 02:57:00,0.34614638255624186
2020-08-18 03:00:00,0.40351865417989075
2020-08-18 03:03:00,0.3074352854389417
2020-08-18 03:06:00,0.3104805942354574
2020-08-18 03:09:00,0.33293752407575994
2020-08-18 03:12:00,0.3741887482223092
2020-08-18 03:15:00,0.3940957765113353
2020-08-18 03:18:00,0.33839050750469823
2020-08-18 03:21:00,0.3126754109978833
2020-08-18 03:24:00,0.37673722149787636
2020-08-18 03:27:00,0.29531530326750044
2020-08-18 03:30:00,0.43785355553950467
2020-08-18 03:33:00,0.4390820171037717
2020-08-18 03:36:00,0.42450506198042604
2020-08-18 03:39:00,0.4661518436766414
2020-08-18 03:42:00,0.364195029760765
2020-08-18 03:45:00,0.37552273110247825
2020-08-18 03:48:00,0.329248319151759
2020-08-18 03:51:00,0.39818795713341615
2020-08-18 03:54:00,0.37210675835035545
2020-08-18 03:57:00,0.3762315066178985
2020-08-18 04:00:00,0.32068202022787773
2020-08-18 04:03:00,0.40181837595952175
2020-08-18 04:06:00,0.32736896533771187
2020-08-18 04:09:00,0.3328284933462555
2020-08-18 04:12:00,0.32781091604846324
2020-08-18 04:15:00,0.31780181784819206
2020-08-18 04:18:00,0.2799742023418048
2020-08-18 04:21:00,0.3526767176999215
2020-08-18 04:24:00,0.38402093812334215
2020-08-18 04:27:00,0.3752778353831445
2020-08-18 04:30:00,0.30501893945950087
2020-08-18 04:33:00,0.42330363902209456
2020-08-18 04:36:00,0.42877095906942486
2020-08-18 04:39:00,0.4166628620877759
2020-08-18 04:42:00,0.39995952358304976
2020-08-18 04:45:00,0.37636573141816143
2020-08-18 04:48:00,0.39834600345272975
2020-08-18 04:51:00,0.4057828026848824
2020-08-18 04:54:00,0.37711136641473786
2020-08-18 04:57:00,0.34660654621836784
2020-08-18 05:00:00,0.4593428872743175
2020-08-18 05:03:00,0.414132520771318
2020-08-18 05:06:00,0.3546877535507633
2020-08-18 05:09:00,0.350318237689919
2020-08-18 05:12:00,0.41610688400965046
2020-08-18 05:15:00,0.32158179213718086
2020-08-18 05:18:00,0.3783905337036799
2020-08-18 05:21:00,0.28756502154845975
2020-08-18 05:24:00,0.3914655139321326
2020-08-18 05:27:00,0.3901161954887584
2020-08-18 05:30:00,0.29715299163257214
2020-08-18 05:33:00,0.417221934467193
2020-08-18 05:36:00,0.3068553335014599
2020-08-18 05:39:00,0.47179739250589137
2020-08-18 05:42:00,0.32865076562285367
2020-08-18 05:45:00,0.41667126973857194
2020-08-18 05:48:00,0.2695591088996707
2020-08-18 05:51:00,0.3129061633194965
2020-08-18 05:54:00,0.3593401573378401
2020-08-18 05:57:00,0.34311341421806674
2020-08-18 06:00:00,0.37098653346384936
2020-08-18 06:03:00,0.3990356185369137
2020-08-18 06:06:00,0.463441185300951
2020-08-18 06:09:00,0.4007438905668437
2020-08-18 06:12:00,0.35986553753753014
2020-08-18 06:15:00,0.3344620484095344
2020-08-18 06:18:00,0.46683887588056905
2020-08-18 06:21:00,0.317861786353717
2020-08-18 06:24:00,0.37705910900928075
2020-08-18 06:27:00,0.3540931009378028
2020-08-18 06:30:00,0.31693129421012145
2020-08-18 06:33:00,0.3356600190465997
2020-08-18 06:36:00,0.28235888935768116
2020-08-18 06:39:00,0.3408108127655396
2020-08-18 06:42:00,0.3668010462010898
2020-08-18 06:45:00,0.33881008389283807
2020-08-18 06:48:00,0.3590480026054479
2020-08-18 06:51:00,0.38248219614615664
2020-08-18 06:54:00,0.48815727849540735
2020-08-18 06:57:00,0.46899398190720376
2020-08-18 07:00:00,0.24296457891216505
2020-08-18 07:03:00,0.36679060557247567
2020-08-18 07:06:00,0.34649246070421214
2020-08-18 07:09:00,0.42885971497094033
2020-08-18 07:12:00,0.35651295982563624
2020-08-18 07:15:00,0.3435539625579054
2020-08-18 07:18:00,0.396165879820785
2020-08-18 07:21:00,0.2977478223322123
2020-08-18 07:24:00,0.20648394830902816
2020-08-18 07:27:00,0.390348499484503
2020-08-18 07:30:00,0.3223074391025307
2020-08-18 07:33:00,0.33308899023973026
2020-08-18 07:36:00,0.38270940019282307
2020-08-18 07:39:00,0.3166098869259031
2020-08-18 07:42:00,0.3426571480747498
2020-08-18 07:45:00,0.2359105071947738
2020-08-18 07:48:00,0.3168834375838969
2020-08-18 07:51:00,0.32898386727168827
2020-08-18 07:54:00,0.24198239909304675
2020-08-18 07:57:00,0.34100442610491655
2020-08-18 08:00:00,0.2976014947507224
2020-08-18 08:03:00,0.2573286456450319
2020-08-18 08:06:00,0.23516389137353144
2020-08-18 08:09:00,0.24673552675437804
2020-08-18 08:12:00,0.23505205041220734
2020-08-18 08:15:00,0.2535909502554432
2020-08-18 08:18:00,0.24492218582554415
2020-08-18 08:21:00,0.3170774870030755
2020-08-18 08:24:00,0.2412690918220619
2020-08-18 08:27:00,0.17995601827578867
2020-08-18 08:30:00,0.3578743176379362
2020-08-18 08:33:00,0.2728394392025848
2020-08-18 08:36:00,0.2678037600481389
2020-08-18 08:39:00,0.2019788438225305
2020-08-18 08:42:00,0.22320552013155748
2020-08-18 08:45:00,0.22036647057029768
2020-08-18 08:48:00,0.3101887163437027
2020-08-18 08:51:00,0.29578376572834486
2020-08-18 08:54:00,0.2620330416071397
2020-08-18 08:57:00,0.26553337798208076
2020-08-18 09:00:00,0.20268019487320998
2020-08-18 09:03:00,0.17807421954074698
2020-08-18 09:06:00,0.1437214534702207
2020-08-18 09:09:00,0.2032032834082429
2020-08-18 09:12:00,0.15829396819606245
2020-08-18 09:15:00,0.2737611295091824
2020-08-18 09:18:00,0.11276820048436775
2020-08-18 09:21:00,0.1802650076530199
2020-08-18 09:24:00,0.20953114442647802
2020-08-18 09:27:00,0.1669323363389026
2020-08-18 09:30:00,0.21620115306126308
2020-08-18 09:33:00,0.16168103360075747
2020-08-18 09:36:00,0.13388093702650394
2020-08-18 09:39:00,0.14555301557516032
2020-08-18 09:42:00,0.04804330355102593
2020-08-18 09:45:00,0.1426695417319479
2020-08-18 09:48:00,0.0584388000332865
2020-08-18 09:51:00,0.14391330344602693
2020-08-18 09:54:00,-0.011496154097471845
2020-08-18 09:57:00,0.08473038582496883
2020-08-18 10:00:00,0.030362258457330427
2020-08-18 10:03:00,0.07112515716795542
2020-08-18 10:06:00,0.05219664133915103
2020-08-18 10:09:00,0.036203714455837144
2020-08-18 10:12:00,0.010852103482022812
2020-08-18 10:15:00,-0.09891879571040363
2020-08-18 10:18:00,-0.07521889473633792
2020-08-18 10:21:00,-0.03777481581266784
2020-08-18 10:24:00,-0.08707436893422482
2020-08-18 10:27:00,-0.03773296002356119
2020-08-18 10:30:00,0.013746253229214744
2020-08-18 10:33:00,-0.05866150422741612
2020-08-18 10:36:00,-0.01638353523458136
2020-08-18 10:39:00,-0.09176502884525917
2020-08-18 10:42:00,-0.08605313389182356
2020-08-18 10:45:00,-0.12449417181380795
2020-08-18 10:48:00,-0.13930811735053794
2020-08-18 10:51:00,-0.23176755361481582
2020-08-18 10:54:00,0.04463132642490564
2020-08-18 10:57:00,-0.11337158956308713
2020-08-18 11:00:00,-0.04095125406917077
2020-08-18 11:03:00,-0.1835893913143991
2020-08-18 11:06:00,-0.1508210467555955
2020-08-18 11:09:00,-0.0380025030632396
2020-08-18 11:12:00,-0.16797660376511203
2020-08-18 11:15:00,-0.09409307890263108
2020-08-18 11:18:00,-0.178433068520917
2020-08-18 11:21:00,-0.18052037916760355
2020-08-18 11:24:00,-0.2113917870688624
2020-08-18 11:27:00,-0.29661961665431136
2020-08-18 11:30:00,-0.23081124209079462
2020-08-18 11:33:00,-0.24746602380326976
2020-08-18 11:36:00,-0.14836123206885077
2020-08-18 11:39:00,-0.17911739276382832
2020-08-18 11:42:00,-0.1342488820108656
2020-08-18 11:45:00,-0.04926225167798748
2020-08-18 11:48:00,-0.237297126328599
2020-08-18 11:51:00,-0.2640884876349787
2020-08-18 11:54:00,-0.14595939172994576
2020-08-18 11:57:00,-0.09964834804833345
2020-08-18 12:00:00,-0.22224698627655926
2020-08-18 12:03:00,-0.28703961051030547
2020-08-18 12:06:00,-0.20493389630422598
2020-08-18 12:09:00,-0.12807326062647917
2020-08-18 12:12:00,-0.2013466335438352
2020-08-18 12:15:00,-0.17740065344491995
2020-08-18 12:18:00,-0.34172825876345314
2020-08-18 12:21:00,-0.32993990253464744
2020-08-18 12:24:00,-0.33887197958148363
2020-08-18 12:27:00,-0.35249836047415783
2020-08-18 12:30:00,-0.3446411821352626
2020-08-18 12:33:00,-0.2870779225945057
2020-08-18 12:36:00,-0.39628681292253987
2020-08-18 12:39:00,-0.27392227318017603
2020-08-18 12:42:00,-0.3097521893280373
2020-08-18 12:45:00,-0.34425999286753495
2020-08-18 12:48:00,-0.36008744641202384
2020-08-18 12:51:00,-0.34254385739848203
2020-08-18 12:54:00,-0.2793275611947479
2020-08-18 12:57:00,-0.2575286226144158
2020-08-18 13:00:00,-0.27586021597494437
2020-08-18 13:03:00,-0.2453582613634353
2020-08-18 13:06:00,-0.1203209510657075
2020-08-18 13:09:00,-0.08173394399057088
2020-08-18 13:12:00,0.02419064630629464
2020-08-18 13:15:00,-0.07789172214728524
2020-08-18 13:18:00,-0.21249164675941756
2020-08-18 13:21:00,-0.2992387035761226
2020-08-18 13:24:00,-0.22284521378060163
2020-08-18 13:27:00,-0.19746930687773556
2020-08-18 13:30:00,-0.13601966360022288
2020-08-18 13:33:00,-0.1001428327862186
2020-08-18 13:36:00,-0.2504683776422212
2020-08-18 13:39:00,-0.30948974560283204
2020-08-18 13:42:00,-0.2748462991183942
2020-08-18 13:45:00,-0.292566601723081
2020-08-18 13:48:00,-0.3360720631269487
2020-08-18 13:51:00,-0.2847709423876381
2020-08-18 13:54:00,-0.30141494591288165
2020-08-18 13:57:00,-0.3133639207040346
2020-08-18 14:00:00,-0.2676734766180857
2020-08-18 14:03:00,-0.3115502748057679
2020-08-18 14:06:00,-0.4704071883775782
2020-08-18 14:09:00,-0.27065757123023104
2020-08-18 14:12:00,-0.3124442748596721
2020-08-18 14:15:00,-0.3452111025929412
2020-08-18 14:18:00,-0.2627635771336827
2020-08-18 14:21:00,-0.338866025524851
2020-08-18 14:24:00,-0.31146853197998325
2020-08-18 14:27:00,-0.2697623620349532
2020-08-18 14:30:00,-0.41536545802210867
2020-08-18 14:33:00,-0.428470689604012
2020-08-18 14:36:00,-0.5109904290357008
2020-08-18 14:39:00,-0.47774255795167164
2020-08-18 14:42:00,-0.44025478901130555
2020-08-18 14:45:00,-0.2391990813839584
2020-08-18 14:48:00,-0.3639000802627379
2020-08-18 14:51:00,-0.40334269985203264
2020-08-18 14:54:00,-0.41678707505730017
2020-08-18 14:57:00,-0.2537259752196519
2020-08-18 15:00:00,-0.2474543327855372
2020-08-18 15:03:00,-0.3935551180247785
2020-08-18 15:06:00,-0.3378001104018722
2020-08-18 15:09:00,-0.40269520436231687
2020-08-18 15:12:00,-0.32498926934334804
2020-08-18 15:15:00,-0.30662551544025973
2020-08-18 15:18:00,-0.29726354927919374
2020-08-18 15:21:00,-0.2996620622969317
2020-08-18 15:24:00,-0.25333479053853125
2020-08-18 15:27:00,-0.2716713323847557
2020-08-18 15:30:00,-0.3173920783794415
2020-08-18 15:33:00,-0.1935421980360843
2020-08-18 15:36:00,-0.10006158817571986
2020-08-18 15:39:00,-0.07266434785782394
2020-08-18 15:42:00,-0.0615356119246826
2020-08-18 15:45:00,-0.0943445227230768
2020-08-18 15:48:00,-0.24263441008912423
2020-08-18 15:51:00,-0.2323092053619007
2020-08-18 15:54:00,-0.2573026215099503
2020-08-18 15:57:00,-0.10234983096592032
2020-08-18 16:00:00,-0.17723233509070724
2020-08-18 16:03:00,-0.18699625315724688
2020-08-18 16:06:00,-0.1621771888013086
2020-08-18 16:09:00,-0.1729680921473573
2020-08-18 16:12:00,-0.2019638459077555
2020-08-18 16:15:00,0.0068110010462874016
2020-08-18 16:18:00,-0.21019987201691492
2020-08-18 16:21:00,-0.20462754330645794
2020-08-18 16:24:00,-0.2788755505524705
2020-08-18 16:27:00,0.1452635497575443
2020-08-18 16:30:00,-0.17212234099537227
2020-08-18 16:33:00,-0.31528221837237425
2020-08-18 16:36:00,-0.25312375735506976
2020-08-18 16:39:00,-0.12286615158257064
2020-08-18 16:42:00,-0.010699556138774824
2020-08-18 16:45:00,0.0009346510890964055
2020-08-18 16:48:00,-0.016995067608718273
2020-08-18 16:51:00,-0.08851902489641361
2020-08-18 16:54:00,-0.01869911045776007
2020-08-18 16:57:00,-0.17140812195628996
2020-08-18 17:00:00,0.055546901845161756
2020-08-18 17:03:00,0.2891341184541716
2020-08-18 17:06:00,0.1453815473369673
2020-08-18 17:09:00,0.25089305098151726
2020-08-18 17:12:00,0.1251838352728214
2020-08-18 17:15:00,0.05012948077933288
2020-08-18 17:18:00,0.25376132945854124
2020-08-18 17:21:00,0.33320756880124236
2020-08-18 17:24:00,0.27226206561522304
2020-08-18 17:27:00,0.3103213564781413
2020-08-18 17:30:00,0.11569076639767673
2020-08-18 17:33:00,-0.08578690870234595
2020-08-18 17:36:00,-0.1838878845377394
2020-08-18 17:39:00,-0.1584987785383305
2020-08-18 17:42:00,-0.10459036071443961
2020-08-18 17:45:00,-0.14890070022249802
2020-08-18 17:48:00,-0.20788723284152866
2020-08-18 17:51:00,-0.10356113929191224
2020-08-18 17:54:00,-0.20931753260111918
2020-08-18 17:57:00,-0.10076658809606442
2020-08-18 18:00:00,-0.12541979573751405
2020-08-18 18:03:00,-0.16695108290628013
2020-08-18 18:06:00,-0.007887102454674277
2020-08-18 18:09:00,0.04404105323925478
2020-08-18 18:12:00,-0.04520613280953967
2020-08-18 18:15:00,-0.041924139548939365
2020-08-18 18:18:00,-0.0854419412468701
2020-08-18 18:21:00,-0.11392403095516102
2020-08-18 18:24:00,-0.018904779498086555
2020-08-18 18:27:00,0.0320558239878892
2020-08-18 18:30:00,-0.02461063470150293
2020-08-18 18:33:00,0.009938679256720206
2020-08-18 18:36:00,-0.04713802506870479
2020-08-18 18:39:00,-0.027558499347264842
2020-08-18 18:42:00,0.03212152122017642
2020-08-18 18:45:00,-0.07724364659537741
2020-08-18 18:48:00,0.05465468419083663
2020-08-18 18:51:00,0.022872685652941982
2020-08-18 18:54:00,
2020-08-18 18:57:00,
2020-08-18 19:00:00,
2020-08-18 19:03:00,0.05366591459005576
2020-08-18 19:06:00,0.0010456595738901342
2020-08-18 19:09:00,-0.03821857914101656
2020-08-18 19:12:00,0.01264533970282855
2020-08-18 19:15:00,-0.041242499208010486
2020-08-18 19:18:00,0.02602409506158665
2020-08-18 19:21:00,0.020311065251974014
2020-08-18 19:24:00,-0.009537827615304195
2020-08-18 19:27:00,-0.02965380022425279
2020-08-18 19:30:00,0.041278707010235394
2020-08-18 19:33:00,-0.004989831118507482
2020-08-18 19:36:00,0.020448588242231835
2020-08-18 19:39:00,-0.0125393809659613
2020-08-18 19:42:00,0.026188529995806675
2020-08-18 19:45:00,-0.006052666938103357
2020-08-18 19:48:00,0.1309693523710962
2020-08-18 19:51:00,0.06432626469535307
2020-08-18 19:54:00,0.11566064647371377
2020-08-18 19:57:00,0.03494325098694162
2020-08-18 20:00:00,0.019383643550099805
2020-08-18 20:03:00,0.07703084082572786
2020-08-18 20:06:00,0.08801736303684038
2020-08-18 20:09:00,0.021956861621220014
2020-08-18 20:12:00,-0.014333546381294582
2020-08-18 20:15:00,0.05183588873114786
2020-08-18 20:18:00,0.10201122940094365
2020-08-18 20:21:00,-0.006312228047761437
2020-08-18 20:24:00,0.059467400361825185
2020-08-18 20:27:00,0.021942672754448722
2020-08-18 20:30:00,-0.03603306136636775
2020-08-18 20:33:00,-0.007802048359621949
2020-08-18 20:36:00,-0.0047360562796257
2020-08-18 20:39:00,0.03620725854710827
2020-08-18 20:42:00,-0.0953313121679571
2020-08-18 20:45:00,0.07379385807479366
2020-08-18 20:48:00,0.08560691337470416
2020-08-18 20:51:00,0.014379055315203004
2020-08-18 20:54:00,-0.02059701628689936
2020-08-18 20:57:00,0.026560323227897698
2020-08-18 21:00:00,0.08099892135629716
2020-08-18 21:03:00,0.036192321668124805
2020-08-18 21:06:00,0.02703912354922977
2020-08-18 21:09:00,-0.0026537202825238637
2020-08-18 21:12:00,0.02177332659931608
2020-08-18 21:15:00,0.0951226554192317
2020-08-18 21:18:00,0.1009662398808473
2020-08-18 21:21:00,0.077145692041654
2020-08-18 21:24:00,0.20746090606712642
2020-08-18 21:27:00,0.2104210833743423
2020-08-18 21:30:00,0.16038516678071346
2020-08-18 21:33:00,0.11060004199583773
2020-08-18 21:36:00,0.23502776023713068
2020-08-18 21:39:00,0.3639712804919668
2020-08-18 21:42:00,0.5213510051669914
2020-08-18 21:45:00,0.5620694638354848
2020-08-18 21:48:00,0.294859940552783
2020-08-18 21:51:00,0.34700711160007813
2020-08-18 21:54:00,0.237605512612447
2020-08-18 21:57:00,0.13148874241255726
2020-08-18 22:00:00,0.012262112103258005
2020-08-18 22:03:00,-0.050263718625615184
2020-08-18 22:06:00,0.09636554813590692
2020-08-18 22:09:00,0.014612196803284405
2020-08-18 22:12:00,-0.013492330253313867
2020-08-18 22:15:00,0.08142129847414026
2020-08-18 22:18:00,0.054982065884871645
2020-08-18 22:21:00,0.06333922006740522
2020-08-18 22:24:00,0.052553800731857336
2020-08-18 22:27:00,-0.10775593838178565
2020-08-18 22:30:00,-0.03728439505027836
2020-08-18 22:33:00,0.04972913596310491
2020-08-18 22:36:00,0.020451429656475284
2020-08-18 22:39:00,0.08547880815240205
2020-08-18 22:42:00,0.042425916222669
2020-08-18 22:45:00,0.09801067501973648
2020-08-18 22:48:00,0.06933451022985082
2020-08-18 22:51:00,0.1051674514375236
2020-08-18 22:54:00,0.16901266821281524
2020-08-18 22:57:00,0.13922336642929167
2020-08-18 23:00:00,0.02165699257881215
2020-08-18 23:03:00,0.09246501146344599
2020-08-18 23:06:00,0.1482724407400724
2020-08-18 23:09:00,0.11143747195217202
2020-08-18 23:12:00,0.18245437196861758
2020-08-18 23:15:00,0.12866441213736834
2020-08-18 23:18:00,0.21203897225410628
2020-08-18 23:21:00,0.1783495768607395
2020-08-18 23:24:00,0.15341127970754087
2020-08-18 23:27:00,-0.005796120548836825
2020-08-18 23:30:00,0.06872222162206754
2020-08-18 23:33:00,0.1763296979459028
2020-08-18 23:36:00,0.155118752370754
2020-08-18 23:39:00,0.14441878409360243
2020-08-18 23:42:00,0.07711515772746225
2020-08-18 23:45:00,0.10191388286642677
2020-08-18 23:48:00,0.06075241721094926
2020-08-18 23:51:00,0.10617969981780107
2020-08-18 23:54:00,0.11326490073082596
2020-08-18 23:57:00,0.11500298611298376
2020-08-19 00:00:00,0.07057859452135062
2020-08-19 00:03:00,0.16855251318060027
2020-08-19 00:06:00,0.10843395976377224
2020-08-19 00:09:00,0.18238756564363712
2020-08-19 00:12:00,0.13853929566147372
2020-08-19 00:15:00,0.0896622568653811
2020-08-19 00:18:00,0.12002938398160268
2020-08-19 00:21:00,0.16732628846784792
2020-08-19 00:24:00,0.2813804082543925
2020-08-19 00:27:00,0.29764960400558493
2020-08-19 00:30:00,0.3619631018455607
2020-08-19 00:33:00,0.26252797485329893
2020-08-19 00:36:00,0.4606509020571252
2020-08-19 00:39:00,0.3713697835033827
2020-08-19 00:42:00,0.386317575974374
2020-08-19 00:45:00,0.2688651407975726
2020-08-19 00:48:00,0.3281959478928229
2020-08-19 00:51:00,0.3004163070306163
2020-08-19 00:54:00,0.27227112663933895
2020-08-19 00:57:00,0.3066293162845568
2020-08-19 01:00:00,0.38639705818116
2020-08-19 01:03:00,0.29331692671973997
2020-08-19 01:06:00,0.3923150001890576
2020-08-19 01:09:00,0.32948194705682
2020-08-19 01:12:00,0.43056266563371537
2020-08-19 01:15:00,0.23887976926101828
2020-08-19 01:18:00,0.26501036281808865
2020-08-19 01:21:00,0.3427000219554657
2020-08-19 01:24:00,0.42836105021615367
2020-08-19 01:27:00,0.39621799897139454
2020-08-19 01:30:00,0.35196521943532844
2020-08-19 01:33:00,0.39274747817040634
2020-08-19 01:36:00,0.33485503324681076
2020-08-19 01:39:00,0.35440532878311615
2020-08-19 01:42:00,0.26251032972123767
2020-08-19 01:45:00,0.16696318262705745
2020-08-19 01:48:00,0.32804855423853496
2020-08-19 01:51:00,0.497742866809574
2020-08-19 01:54:00,0.3499388000242334
2020-08-19 01:57:00,0.2799274272769594
2020-08-19 02:00:00,0.4792093726238704
2020-08-19 02:03:00,0.35890001050938736
2020-08-19 02:06:00,0.38935049048194514
2020-08-19 02:09:00,0.47588971329827245
2020-08-19 02:12:00,0.6005801233727652
2020-08-19 02:15:00,0.41901647627560124
2020-08-19 02:18:00,0.48724470128451003
2020-08-19 02:21:00,0.5890699706706073
2020-08-19 02:24:00,0.6870429737776931
2020-08-19 02:27:00,0.5335616367928537
2020-08-19 02:30:00,0.6199150381286245
2020-08-19 02:33:00,0.47246919416630817
2020-08-19 02:36:00,0.4726340419123858
2020-08-19 02:39:00,0.5398516231279586
2020-08-19 02:42:00,0.5279295850108952
2020-08-19 02:45:00,0.539550373610723
2020-08-19 02:48:00,0.5479704592501662
2020-08-19 02:51:00,0.5417503364641902
2020-08-19 02:54:00,0.5200711985699513
2020-08-19 02:57:00,0.5935254855813241
2020-08-19 03:00:00,0.41779718554187184
2020-08-19 03:03:00,0.3982324758729874
2020-08-19 03:06:00,0.49110689056641377
2020-08-19 03:09:00,0.4638592044297525
2020-08-19 03:12:00,0.36012774881010046
2020-08-19 03:15:00,0.2862211600489104
2020-08-19 03:18:00,0.32415526920794946
2020-08-19 03:21:00,0.3350229678698611
2020-08-19 03:24:00,0.3867427896434492
2020-08-19 03:27:00,0.39337313530251095
2020-08-19 03:30:00,0.34657504394255056
2020-08-19 03:33:00,0.3970335087406056
2020-08-19 03:36:00,0.3684500891947664
2020-08-19 03:39:00,0.3461838724784343
2020-08-19 03:42:00,0.4789725919965804
2020-08-19 03:45:00,0.5354227108620648
2020-08-19 03:48:00,0.5516577302858536
2020-08-19 03:51:00,0.485725423099268
2020-08-19 03:54:00,0.3801082266951994
2020-08-19 03:57:00,0.3152519858271603
2020-08-19 04:00:00,0.3275072106280277
2020-08-19 04:03:00,0.3144007861649243
2020-08-19 04:06:00,0.34305934289545803
2020-08-19 04:09:00,0.356539418451689
2020-08-19 04:12:00,0.43063265589910316
2020-08-19 04:15:00,0.47100242868049236
2020-08-19 04:18:00,0.5312406613497274
2020-08-19 04:21:00,0.46048977257254364
2020-08-19 04:24:00,0.31347828103770325
2020-08-19 04:27:00,0.20358527049370423
2020-08-19 04:30:00,0.13849858423697015
2020-08-19 04:33:00,0.15547784741659143
2020-08-19 04:36:00,0.21630896479308603
2020-08-19 04:39:00,0.3831133656537986
2020-08-19 04:42:00,0.23834646462023557
2020-08-19 04:45:00,0.38229394977952325
2020-08-19 04:48:00,0.30833556605858803
2020-08-19 04:51:00,0.20050894604105451
2020-08-19 04:54:00,0.2457760198201413
2020-08-19 04:57:00,0.20768114241360536
2020-08-19 05:00:00,0.26201379908911804
2020-08-19 05:03:00,0.19138163298293875
2020-08-19 05:06:00,0.3646164284832025
2020-08-19 05:09:00,0.32310640208760333
2020-08-19 05:12:00,0.3260149357312798
2020-08-19 05:15:00,0.2751245264793738
2020-08-19 05:18:00,0.30199541666945606
2020-08-19 05:21:00,0.3404928076767533
2020-08-19 05:24:00,0.3187612396333179
2020-08-19 05:27:00,0.32242845744571014
2020-08-19 05:30:00,0.3287086553588665
2020-08-19 05:33:00,0.3324560875655038
2020-08-19 05:36:00,0.2606384354991178
2020-08-19 05:39:00,0.27040377517425895
2020-08-19 05:42:00,0.2255175999824246
2020-08-19 05:45:00,0.3255131292859801
2020-08-19 05:48:00,0.37466381775863056
2020-08-19 05:51:00,0.2430400614777568
2020-08-19 05:54:00,0.3554914638363016
2020-08-19 05:57:00,0.37152813906698157
2020-08-19 06:00:00,0.2428084234111907
2020-08-19 06:03:00,0.27817866021479176
2020-08-19 06:06:00,0.30734197260920837
2020-08-19 06:09:00,0.36110038231777253
2020-08-19 06:12:00,0.2519251868267247
2020-08-19 06:15:00,0.13495954591434156
2020-08-19 06:18:00,0.26919284804000654
2020-08-19 06:21:00,0.2562726089944931
2020-08-19 06:24:00,0.21077738437804783
2020-08-19 06:27:00,0.29060740241925487
2020-08-19 06:30:00,0.22764982907580134
2020-08-19 06:33:00,0.32874470735617933
2020-08-19 06:36:00,0.3226202462158767
2020-08-19 06:39:00,0.20860378803473623
2020-08-19 06:42:00,0.4067000982715854
2020-08-19 06:45:00,0.2503602412419923
2020-08-19 06:48:00,0.29284765109792943
2020-08-19 06:51:00,0.26031138440072255
2020-08-19 06:54:00,0.3421806380666226
2020-08-19 06:57:00,0.3406143010351457
2020-08-19 07:00:00,0.22067756830068674
2020-08-19 07:03:00,0.29923643546351286
2020-08-19 07:06:00,0.29332097552645564
2020-08-19 07:09:00,0.34228030062615744
2020-08-19 07:12:00,0.22436810404911967
2020-08-19 07:15:00,0.36188956563887587
2020-08-19 07:18:00,0.2230595799236994
2020-08-19 07:21:00,0.30762269835099687
2020-08-19 07:24:00,0.22338457563643033
2020-08-19 07:27:00,0.27514755890319975
2020-08-19 07:30:00,0.2471830542027078
2020-08-19 07:33:00,0.2688719192051394
2020-08-19 07:36:00,0.225614926102935
2020-08-19 07:39:00,0.24842036534516865
2020-08-19 07:42:00,0.25373873768978683
2020-08-19 07:45:00,0.20646132634749392
2020-08-19 07:48:00,0.20730842522851844
2020-08-19 07:51:00,0.15146916416961176
2020-08-19 07:54:00,0.2609255096377865
2020-08-19 07:57:00,0.2748928031869582
2020-08-19 08:00:00,0.3008394530691021
2020-08-19 08:03:00,0.17172299571149097
2020-08-19 08:06:00,0.16238359889104004
2020-08-19 08:09:00,0.19373822142000563
2020-08-19 08:12:00,0.2110711830556511
2020-08-19 08:15:00,0.15469816330295316
2020-08-19 08:18:00,0.2051863469532691
2020-08-19 08:21:00,0.18483395114134282
2020-08-19 08:24:00,0.22017557137201038
2020-08-19 08:27:00,0.1253616963542754
2020-08-19 08:30:00,0.13871558071667778
2020-08-19 08:33:00,0.2432399429845873
2020-08-19 08:36:00,0.20656650799350018
2020-08-19 08:39:00,0.09141874470958555
2020-08-19 08:42:00,0.19789495603805562
2020-08-19 08:45:00,0.07488198566113624
2020-08-19 08:48:00,0.1579169351941232
2020-08-19 08:51:00,0.014834940528430707
2020-08-19 08:54:00,0.09503290835743883
2020-08-19 08:57:00,0.1355409097041047
2020-08-19 09:00:00,0.08884273175215185
2020-08-19 09:03:00,0.002700721433313902
2020-08-19 09:06:00,0.08374666608744974
2020-08-19 09:09:00,0.16977118333767294
2020-08-19 09:12:00,0.12113524543627818
2020-08-19 09:15:00,0.09568978633666347
2020-08-19 09:18:00,0.10012659517485645
2020-08-19 09:21:00,0.09490480612168994
2020-08-19 09:24:00,0.05862651448296674
2020-08-19 09:27:00,0.03956626745872427
2020-08-19 09:30:00,0.015353739249803766
2020-08-19 09:33:00,0.0532301366054071
2020-08-19 09:36:00,0.11858613526538875
2020-08-19 09:39:00,-0.031600973492174944
2020-08-19 09:42:00,-0.00030859854444997836
2020-08-19 09:45:00,0.012915078947287384
2020-08-19 09:48:00,-0.04842504993314378
2020-08-19 09:51:00,0.06352305846866102
2020-08-19 09:54:00,-0.10323481256210698
2020-08-19 09:57:00,0.04248927953034354
2020-08-19 10:00:00,0.009402749034279623
2020-08-19 10:03:00,-0.0369734515565483
2020-08-19 10:06:00,-0.1299447901566282
2020-08-19 10:09:00,-0.10129041691567409
2020-08-19 10:12:00,-0.053428447576322924
2020-08-19 10:15:00,-0.0023925328027303294
2020-08-19 10:18:00,0.019169574927900612
2020-08-19 10:21:00,-0.0113502415046014
2020-08-19 10:24:00,-0.10921820630846923
2020-08-19 10:27:00,-0.053347369230948516
2020-08-19 10:30:00,-0.03598740270263079
2020-08-19 10:33:00,0.05687857297391474
2020-08-19 10:36:00,-0.009693529123580902
2020-08-19 10:39:00,0.06246270873322146
2020-08-19 10:42:00,-0.04930325614503772
2020-08-19 10:45:00,0.09686142517961116
2020-08-19 10:48:00,0.13979783451264893
2020-08-19 10:51:00,0.05774708622374192
2020-08-19 10:54:00,0.15686443429245855
2020-08-19 10:57:00,0.0901204198527239
2020-08-19 11:00:00,0.12438857140261916
2020-08-19 11:03:00,0.11463447926962544
2020-08-19 11:06:00,0.06401418095447298
2020-08-19 11:09:00,0.06941043195007524
2020-08-19 11:12:00,0.10560115523071545
2020-08-19 11:15:00,0.1591864550434252
2020-08-19 11:18:00,0.10901382578879293
2020-08-19 11:21:00,0.31440884969737226
2020-08-19 11:24:00,0.3540644598023164
2020-08-19 11:27:00,0.29798145358597594
2020-08-19 11:30:00,0.22834443760814338
2020-08-19 11:33:00,0.22485866944123245
2020-08-19 11:36:00,0.27661501520742604
2020-08-19 11:39:00,0.32735174941763034
2020-08-19 11:42:00,0.22472103601381832
2020-08-19 11:45:00,0.004532933410189344
2020-08-19 11:48:00,0.20748912217163706
2020-08-19 11:51:00,0.17317350975150703
2020-08-19 11:54:00,0.12896408213924815
2020-08-19 11:57:00,0.18306917038887605
2020-08-19 12:00:00,0.07943733862816771
2020-08-19 12:03:00,0.00385120572195774
2020-08-19 12:06:00,0.06758095001958964
2020-08-19 12:09:00,0.08907360551290822
2020-08-19 12:12:00,0.14296887039722606
2020-08-19 12:15:00,0.05293953046691513
2020-08-19 12:18:00,0.07789077771519715
2020-08-19 12:21:00,0.017173755940461888
2020-08-19 12:24:00,-0.08306814657703399
2020-08-19 12:27:00,0.01774136745149235
2020-08-19 12:30:00,-0.016728432592003628
2020-08-19 12:33:00,-0.08877881680405153
2020-08-19 12:36:00,-0.13497221037067675
2020-08-19 12:39:00,-0.12437197300141634
2020-08-19 12:42:00,-0.0966172321693648
2020-08-19 12:45:00,-0.1192024413916215
2020-08-19 12:48:00,-0.1703996654661637
2020-08-19 12:51:00,-0.049101256990354614
2020-08-19 12:54:00,-0.17076323526441683
2020-08-19 12:57:00,-0.1958117952151497
2020-08-19 13:00:00,-0.1043966581390805
2020-08-19 13:03:00,-0.067986635958448
2020-08-19 13:06:00,-0.09223218573441727
2020-08-19 13:09:00,0.01735689094374493
2020-08-19 13:12:00,-0.04938978278619288
2020-08-19 13:15:00,0.0042469285642141585
2020-08-19 13:18:00,-0.04303807784111768
2020-08-19 13:21:00,0.010588108411980102
2020-08-19 13:24:00,-0.12299721113549822
2020-08-19 13:27:00,-0.08443065111447368
2020-08-19 13:30:00,0.06314468184729094
2020-08-19 13:33:00,-0.046790727314203195
2020-08-19 13:36:00,-0.12376664623553779
2020-08-19 13:39:00,-0.08967291780788855
2020-08-19 13:42:00,-0.027087363287193966
2020-08-19 13:45:00,-0.13190019598869185
2020-08-19 13:48:00,-0.0798308698067558
2020-08-19 13:51:00,-0.11774820998056157
2020-08-19 13:54:00,-0.07889241355064769
2020-08-19 13:57:00,-0.12047248060088123
2020-08-19 14:00:00,-0.09738320604952833
2020-08-19 14:03:00,-0.09338696409997738
2020-08-19 14:06:00,-0.09596032112943931
2020-08-19 14:09:00,-0.014420651200509838
2020-08-19 14:12:00,-0.18822749951323203
2020-08-19 14:15:00,-0.05166158399987353
2020-08-19 14:18:00,-0.06361888221107392
2020-08-19 14:21:00,-0.10492112701979295
2020-08-19 14:24:00,-0.049631075559886995
2020-08-19 14:27:00,-0.09154579388149386
2020-08-19 14:30:00,-0.13322916565988407
2020-08-19 14:33:00,-0.03573073842932217
2020-08-19 14:36:00,-0.002059119944192389
2020-08-19 14:39:00,0.013351723489904543
2020-08-19 14:42:00,-0.04163634037274733
2020-08-19 14:45:00,0.1560846549102166
2020-08-19 14:48:00,0.15903538027021114
2020-08-19 14:51:00,0.2048878052511327
2020-08-19 14:54:00,0.09654099898625645
2020-08-19 14:57:00,0.10858435609611661
2020-08-19 15:00:00,0.07474812007234277
2020-08-19 15:03:00,0.07395653649956557
2020-08-19 15:06:00,0.039724128281307
2020-08-19 15:09:00,-0.0019585037854881193
2020-08-19 15:12:00,0.08214162530941849
2020-08-19 15:15:00,0.04143067535659384
2020-08-19 15:18:00,0.012148350621316695
2020-08-19 15:21:00,-0.04667414193369268
2020-08-19 15:24:00,-0.07008597277780382
2020-08-19 15:27:00,-0.07553849166816917
2020-08-19 15:30:00,-0.004577272515632558
2020-08-19 15:33:00,-0.10656414584286722
2020-08-19 15:36:00,-0.15275912346027098
2020-08-19 15:39:00,-0.17136617890713524
2020-08-19 15:42:00,-0.1925785317536679
2020-08-19 15:45:00,-0.2313064117622048
2020-08-19 15:48:00,-0.24597377362027828
2020-08-19 15:51:00,-0.22133268075680235
2020-08-19 15:54:00,-0.04767337370560654
2020-08-19 15:57:00,-0.19851324679467552
2020-08-19 16:00:00,-0.2109347496758005
2020-08-19 16:03:00,-0.2549003944600372
2020-08-19 16:06:00,-0.251763394841646
2020-08-19 16:09:00,-0.10304988578934626
2020-08-19 16:12:00,-0.07008291197251992
2020-08-19 16:15:00,-0.18600280408458048
2020-08-19 16:18:00,-0.2177172964288161
2020-08-19 16:21:00,-0.22432144169596313
2020-08-19 16:24:00,0.0007581344739833185
2020-08-19 16:27:00,-0.17762363103753387
2020-08-19 16:30:00,-0.14726768299624382
2020-08-19 16:33:00,-0.05607203426944807
2020-08-19 16:36:00,-0.16398553205903
2020-08-19 16:39:00,-0.22446120481885146
2020-08-19 16:42:00,-0.2807615535919581
2020-08-19 16:45:00,-0.1674347627127304
2020-08-19 16:48:00,-0.18216964602476082
2020-08-19 16:51:00,-0.22873806117462436
2020-08-19 16:54:00,-0.17673503724745387
2020-08-19 16:57:00,-0.1688059193381264
2020-08-19 17:00:00,-0.10220962410647871
2020-08-19 17:03:00,-0.16476749132419855
2020-08-19 17:06:00,-0.1365691253431578
2020-08-19 17:09:00,-0.19527804381453961
2020-08-19 17:12:00,-0.2730306019779505
2020-08-19 17:15:00,-0.1440801581878759
2020-08-19 17:18:00,-0.2558228253590755
2020-08-19 17:21:00,-0.1605209830597687
2020-08-19 17:24:00,-0.33590732039294835
2020-08-19 17:27:00,-0.10141645815792799
2020-08-19 17:30:00,-0.19332277791681918
2020-08-19 17:33:00,-0.24694685628827528
2020-08-19 17:36:00,-0.22682562797666606
2020-08-19 17:39:00,-0.18842237745701595
2020-08-19 17:42:00,-0.2383455778123107
2020-08-19 17:45:00,-0.2184651267866684
2020-08-19 17:48:00,-0.26493236089294214
2020-08-19 17:51:00,-0.21387486173455272
2020-08-19 17:54:00,-0.3001877928226122
2020-08-19 17:57:00,-0.2118501574536822
2020-08-19 18:00:00,-0.27091738440060453
2020-08-19 18:03:00,-0.21483158030810046
2020-08-19 18:06:00,-0.2593042462704602
2020-08-19 18:09:00,-0.1699240504757995
2020-08-19 18:12:00,-0.19810146211335677
2020-08-19 18:15:00,-0.19908079866235084
2020-08-19 18:18:00,-0.18276542925366357
2020-08-19 18:21:00,-0.009511952403101986
2020-08-19 18:24:00,-0.11416332159103604
2020-08-19 18:27:00,-0.09762659600096413
2020-08-19 18:30:00,-0.15113425810477565
2020-08-19 18:33:00,-0.06831120090771492
2020-08-19 18:36:00,-0.1451336348052905
2020-08-19 18:39:00,-0.12660556261556621
2020-08-19 18:42:00,-0.1539551975657787
2020-08-19 18:45:00,-0.1234502722689399
2020-08-19 18:48:00,-0.0966259199623778
2020-08-19 18:51:00,-0.2084616834158055
2020-08-19 18:54:00,
2020-08-19 18:57:00,
2020-08-19 19:00:00,
2020-08-19 19:03:00,-0.03447903102261307
2020-08-19 19:06:00,0.05019370136551515
2020-08-19 19:09:00,0.05924386554102057
2020-08-19 19:12:00,0.21671521054520326
2020-08-19 19:15:00,0.2567881682544453
2020-08-19 19:18:00,0.2249480841987861
2020-08-19 19:21:00,0.18982776226033593
2020-08-19 19:24:00,0.12949639457525564
2020-08-19 19:27:00,0.1845165302685814
2020-08-19 19:30:00,0.09341570982957137
2020-08-19 19:33:00,-0.01648952840508855
2020-08-19 19:36:00,-0.010412765392970869
2020-08-19 19:39:00,-0.017792575609803407
2020-08-19 19:42:00,-0.022261579812095533
2020-08-19 19:45:00,-0.0286629423765703
2020-08-19 19:48:00,-0.04514832293909876
2020-08-19 19:51:00,0.00187370203991577
2020-08-19 19:54:00,0.04497002807784156
2020-08-19 19:57:00,-0.0009561263273667464
2020-08-19 20:00:00,0.004538122760891383
2020-08-19 20:03:00,0.031954368054186943
2020-08-19 20:06:00,0.07464069837476472
2020-08-19 20:09:00,-0.07428047033954499
2020-08-19 20:12:00,-0.014455712880817373
2020-08-19 20:15:00,-0.11850552094426803
2020-08-19 20:18:00,-0.027964007941648106
2020-08-19 20:21:00,-0.017046734149573695
2020-08-19 20:24:00,-0.009431192757062945
2020-08-19 20:27:00,-0.08197780815135047
2020-08-19 20:30:00,0.019165532610770697
2020-08-19 20:33:00,-0.051134142995692855
2020-08-19 20:36:00,0.07029360849247723
2020-08-19 20:39:00,-0.07697188615708228
2020-08-19 20:42:00,-0.002041274064879417
2020-08-19 20:45:00,0.10771044561232657
2020-08-19 20:48:00,0.04929159881692158
2020-08-19 20:51:00,0.12485399696805644
2020-08-19 20:54:00,0.038778750532856066
2020-08-19 20:57:00,0.05647828677263078
2020-08-19 21:00:00,0.04724193593074233
2020-08-19 21:03:00,0.06790782335684753
2020-08-19 21:06:00,0.03136666860950754
2020-08-19 21:09:00,0.12970698677418113
2020-08-19 21:12:00,0.07081503057128202
2020-08-19 21:15:00,0.2127240445823304
2020-08-19 21:18:00,0.15395851115215464
2020-08-19 21:21:00,0.15402201620275946
2020-08-19 21:24:00,0.20037881130559754
2020-08-19 21:27:00,0.24404086696011973
2020-08-19 21:30:00,0.28366934863078086
2020-08-19 21:33:00,0.36694954443476036
2020-08-19 21:36:00,0.24721392425453814
2020-08-19 21:39:00,0.28902429720790224
2020-08-19 21:42:00,0.28239169490717586
2020-08-19 21:45:00,0.3895036538589238
2020-08-19 21:48:00,0.3292343737084593
2020-08-19 21:51:00,0.03493650309212626
2020-08-19 21:54:00,0.2385602352164824
2020-08-19 21:57:00,0.13203066122235896
2020-08-19 22:00:00,0.1936509654209999
2020-08-19 22:03:00,0.15580704751215535
2020-08-19 22:06:00,0.1860185467141946
2020-08-19 22:09:00,0.1702013227899215
2020-08-19 22:12:00,0.1587583366367653
2020-08-19 22:15:00,0.17376082393491288
2020-08-19 22:18:00,0.1268730397327431
2020-08-19 22:21:00,0.18378879178413854
2020-08-19 22:24:00,0.10849104055938597
2020-08-19 22:27:00,0.21470291753439597
2020-08-19 22:30:00,0.16789745843772153
2020-08-19 22:33:00,0.11819805999726896
2020-08-19 22:36:00,0.13600156727329704
2020-08-19 22:39:00,0.13714279694511333
2020-08-19 22:42:00,0.15156293366828777
2020-08-19 22:45:00,0.17164412072446567
2020-08-19 22:48:00,0.1943993746804722
2020-08-19 22:51:00,0.22005344213636135
2020-08-19 22:54:00,0.2099554475952914
2020-08-19 22:57:00,0.24029094454175493
2020-08-19 23:00:00,0.24866506167234093
2020-08-19 23:03:00,0.24209755210438288
2020-08-19 23:06:00,0.24751084602308993
2020-08-19 23:09:00,0.3297762606780452
2020-08-19 23:12:00,0.2971988909981178
2020-08-19 23:15:00,0.500035589755214
2020-08-19 23:18:00,0.40133771297723797
2020-08-19 23:21:00,0.2783660703813666
2020-08-19 23:24:00,0.309318932957126
2020-08-19 23:27:00,0.3105140016914447
2020-08-19 23:30:00,0.2573069249118589
2020-08-19 23:33:00,0.3403329637023944
2020-08-19 23:36:00,0.325511918143377
2020-08-19 23:39:00,0.3059423647163726
2020-08-19 23:42:00,0.3870487448889435
2020-08-19 23:45:00,0.4937306400187822
2020-08-19 23:48:00,0.5163919637653294
2020-08-19 23:51:00,0.5802628138737873
2020-08-19 23:54:00,0.54731156702519
2020-08-19 23:57:00,0.5619195980661402
2020-08-20 00:00:00,0.43237812527274855
2020-08-20 00:03:00,0.4419205291475805
2020-08-20 00:06:00,0.4967469775589848
2020-08-20 00:09:00,0.447952996877234
2020-08-20 00:12:00,0.4017599507668024
2020-08-20 00:15:00,0.41940586675787017
2020-08-20 00:18:00,0.3315362748012376
2020-08-20 00:21:00,0.37774559534125274
2020-08-20 00:24:00,0.3665765727921553
2020-08-20 00:27:00,0.3752922633732396
2020-08-20 00:30:00,0.4375030371367643
2020-08-20 00:33:00,0.41680197130096985
2020-08-20 00:36:00,0.40963168324663
2020-08-20 00:39:00,0.5221418669021887
2020-08-20 00:42:00,0.4937930195105764
2020-08-20 00:45:00,0.45919258687649744
2020-08-20 00:48:00,0.4632348306471954
2020-08-20 00:51:00,0.47478385896152986
2020-08-20 00:54:00,0.4642198371065547
2020-08-20 00:57:00,0.5005411564134192
2020-08-20 01:00:00,0.46583026796236027
2020-08-20 01:03:00,0.48055767504911273
2020-08-20 01:06:00,0.44750175836981043
2020-08-20 01:09:00,0.4696568718622416
2020-08-20 01:12:00,0.47836903647765894
2020-08-20 01:15:00,0.45263305282378496
2020-08-20 01:18:00,0.4690081829121482
2020-08-20 01:21:00,0.4738734100486113
2020-08-20 01:24:00,0.4099216775828154
2020-08-20 01:27:00,0.5056863711374717
2020-08-20 01:30:00,0.48460996966935
2020-08-20 01:33:00,0.4354283091499269
2020-08-20 01:36:00,0.41870785851097025
2020-08-20 01:39:00,0.41890594983686924
2020-08-20 01:42:00,0.38454495143628264
2020-08-20 01:45:00,0.3675140747224077
2020-08-20 01:48:00,0.39391932872626967
2020-08-20 01:51:00,0.38158420520875325
2020-08-20 01:54:00,0.36840137756360036
2020-08-20 01:57:00,0.46137495251053906
2020-08-20 02:00:00,0.46393103562161286
2020-08-20 02:03:00,0.40337107748229073
2020-08-20 02:06:00,0.33766793528792505
2020-08-20 02:09:00,0.33398780187832244
2020-08-20 02:12:00,0.42216709405323627
2020-08-20 02:15:00,0.24692734363549107
2020-08-20 02:18:00,0.2890589600404496
2020-08-20 02:21:00,0.3272601511440598
2020-08-20 02:24:00,0.24166602572063312
2020-08-20 02:27:00,0.32689788372863404
2020-08-20 02:30:00,0.32556920477702533
2020-08-20 02:33:00,0.366832248120204
2020-08-20 02:36:00,0.40783919804482593
2020-08-20 02:39:00,0.2772417348529075
2020-08-20 02:42:00,0.42748187319085673
2020-08-20 02:45:00,0.29896176091540383
2020-08-20 02:48:00,0.3370822998670633
2020-08-20 02:51:00,0.3398168663538854
2020-08-20 02:54:00,0.28372484970759615
2020-08-20 02:57:00,0.36853852000280085
2020-08-20 03:00:00,0.3387740947491693
2020-08-20 03:03:00,0.23219399797153528
2020-08-20 03:06:00,0.37647200625997357
2020-08-20 03:09:00,0.29385483540824
2020-08-20 03:12:00,0.269014820064001
2020-08-20 03:15:00,0.3354771317660834
2020-08-20 03:18:00,0.32259770539161536
2020-08-20 03:21:00,0.27621121313660524
2020-08-20 03:24:00,0.290795929288322
2020-08-20 03:27:00,0.4637134311890918
2020-08-20 03:30:00,0.3826812211657966
2020-08-20 03:33:00,0.46809695688824604
2020-08-20 03:36:00,0.5056047683803513
2020-08-20 03:39:00,0.5434668908162621
2020-08-20 03:42:00,0.5835626392333779
2020-08-20 03:45:00,0.644512759045881
2020-08-20 03:48:00,0.623080555132276
2020-08-20 03:51:00,0.7077860528364113
2020-08-20 03:54:00,0.66053095139074
2020-08-20 03:57:00,0.6585923626203112
2020-08-20 04:00:00,0.6175959124007591
2020-08-20 04:03:00,0.6219878685949425
2020-08-20 04:06:00,0.6436162431712091
2020-08-20 04:09:00,0.545932233254689
2020-08-20 04:12:00,0.5991013898782285
2020-08-20 04:15:00,0.566873355872815
2020-08-20 04:18:00,0.5469270493805993
2020-08-20 04:21:00,0.47671614825657116
2020-08-20 04:24:00,0.5304238929718395
2020-08-20 04:27:00,0.5326343978954355
2020-08-20 04:30:00,0.5609553376364147
2020-08-20 04:33:00,0.45994907039153077
2020-08-20 04:36:00,0.49717547658519834
2020-08-20 04:39:00,0.555711593156957
2020-08-20 04:42:00,0.4407025905588853
2020-08-20 04:45:00,0.4415738989700344
2020-08-20 04:48:00,0.5600729588413742
2020-08-20 04:51:00,0.5382313080717722
2020-08-20 04:54:00,0.40213715676100037
2020-08-20 04:57:00,0.2507075042060478
2020-08-20 05:00:00,0.39989198391270975
2020-08-20 05:03:00,0.4307820677901759
2020-08-20 05:06:00,0.3233680924481064
2020-08-20 05:09:00,0.3477128782852219
2020-08-20 05:12:00,0.29699054711301187
2020-08-20 05:15:00,0.29733023392498126
2020-08-20 05:18:00,0.36132751950697184
2020-08-20 05:21:00,0.4116118667379851
2020-08-20 05:24:00,0.42079115072397144
2020-08-20 05:27:00,0.3994317386551529
2020-08-20 05:30:00,0.5269696838471987
2020-08-20 05:33:00,0.3985514417592526
2020-08-20 05:36:00,0.48097808004661147
2020-08-20 05:39:00,0.5279807707918849
2020-08-20 05:42:00,0.414415595510377
2020-08-20 05:45:00,0.40470355038064554
2020-08-20 05:48:00,0.39847510988369095
2020-08-20 05:51:00,0.37609860950931306
2020-08-20 05:54:00,0.34122455777281857
2020-08-20 05:57:00,0.4018872108155165
2020-08-20 06:00:00,0.3716790789465563
2020-08-20 06:03:00,0.36586183911231274
2020-08-20 06:06:00,0.48201603171401075
2020-08-20 06:09:00,0.42503132153950673
2020-08-20 06:12:00,0.3987123608269485
2020-08-20 06:15:00,0.4471414884525302
2020-08-20 06:18:00,0.5112983705869283
2020-08-20 06:21:00,0.44670933000509194
2020-08-20 06:24:00,0.5403530399320857
2020-08-20 06:27:00,0.405445491698174
2020-08-20 06:30:00,0.587585086436377
2020-08-20 06:33:00,0.4857000970967533
2020-08-20 06:36:00,0.5170879463537972
2020-08-20 06:39:00,0.4143162171701533
2020-08-20 06:42:00,0.5060177890857744
2020-08-20 06:45:00,0.4952965836242811
2020-08-20 06:48:00,0.42109032667576685
2020-08-20 06:51:00,0.4741261021752621
2020-08-20 06:54:00,0.33863864344738204
2020-08-20 06:57:00,0.4080704648333153
2020-08-20 07:00:00,0.34898328043198035
2020-08-20 07:03:00,0.43731511303303705
2020-08-20 07:06:00,0.32340986048870946
2020-08-20 07:09:00,0.38459819633078496
2020-08-20 07:12:00,0.3785163346643685
2020-08-20 07:15:00,0.40306906198782144
2020-08-20 07:18:00,0.3808847031332334
2020-08-20 07:21:00,0.44628737405372476
2020-08-20 07:24:00,0.48803622572160066
2020-08-20 07:27:00,0.3552907544947743
2020-08-20 07:30:00,0.38650291261052416
2020-08-20 07:33:00,0.3736773917976848
2020-08-20 07:36:00,0.36210887302422634
2020-08-20 07:39:00,0.458813718485942
2020-08-20 07:42:00,0.30478256653867675
2020-08-20 07:45:00,0.40302543605076835
2020-08-20 07:48:00,0.39358770899372075
2020-08-20 07:51:00,0.3457173220209597
2020-08-20 07:54:00,0.3828731737771136
2020-08-20 07:57:00,0.2522376225484777
2020-08-20 08:00:00,0.3187398283501466
2020-08-20 08:03:00,0.33088054760190744
2020-08-20 08:06:00,0.3513525175614518
2020-08-20 08:09:00,0.2635177773408941
2020-08-20 08:12:00,0.2921990343722314
2020-08-20 08:15:00,0.26134046935152355
2020-08-20 08:18:00,0.3319898886647934
2020-08-20 08:21:00,0.3927446331670126
2020-08-20 08:24:00,0.3678329498611106
2020-08-20 08:27:00,0.3111357198704354
2020-08-20 08:30:00,0.39145942466706174
2020-08-20 08:33:00,0.3182990799431309
2020-08-20 08:36:00,0.32946624302320515
2020-08-20 08:39:00,0.2782650400626494
2020-08-20 08:42:00,0.3953496402061205
2020-08-20 08:45:00,0.439391140952182
2020-08-20 08:48:00,0.43011751294443457
2020-08-20 08:51:00,0.3844546833281015
2020-08-20 08:54:00,0.4726537264169792
2020-08-20 08:57:00,0.3821234910075191
2020-08-20 09:00:00,0.3767526970717654
2020-08-20 09:03:00,0.37645831914926475
2020-08-20 09:06:00,0.32115931247608387
2020-08-20 09:09:00,0.3495319904149028
2020-08-20 09:12:00,0.31757531712628406
2020-08-20 09:15:00,0.29510039465861837
2020-08-20 09:18:00,0.3670894483835241
2020-08-20 09:21:00,0.29756897651645886
2020-08-20 09:24:00,0.26780606147400476
2020-08-20 09:27:00,0.19229139904280146
2020-08-20 09:30:00,0.30581701077090884
2020-08-20 09:33:00,0.2920748001457696
2020-08-20 09:36:00,0.32238786056052504
2020-08-20 09:39:00,0.2231126630992435
2020-08-20 09:42:00,0.22400169004595227
2020-08-20 09:45:00,0.3230803944289278
2020-08-20 09:48:00,0.26133958185516803
2020-08-20 09:51:00,0.2135762215750674
2020-08-20 09:54:00,0.23639076779676316
2020-08-20 09:57:00,0.25107889028970476
2020-08-20 10:00:00,0.13940393406460316
2020-08-20 10:03:00,0.20805796546767397
2020-08-20 10:06:00,0.24879947475307063
2020-08-20 10:09:00,0.2402023632358805
2020-08-20 10:12:00,0.16536789298771737
2020-08-20 10:15:00,0.09519974705409595
2020-08-20 10:18:00,0.12249758206201022
2020-08-20 10:21:00,0.07405480691801358
2020-08-20 10:24:00,0.15895215543633867
2020-08-20 10:27:00,0.10303975181653868
2020-08-20 10:30:00,0.04413192242788
2020-08-20 10:33:00,0.11372328700895196
2020-08-20 10:36:00,0.06794640998867862
2020-08-20 10:39:00,0.06280804783131089
2020-08-20 10:42:00,0.12678464032939019
2020-08-20 10:45:00,0.09765443001572294
2020-08-20 10:48:00,0.009250551736329271
2020-08-20 10:51:00,0.019197128476719172
2020-08-20 10:54:00,0.14406459980517639
2020-08-20 10:57:00,0.07647481279946078
2020-08-20 11:00:00,0.0999302858836586
2020-08-20 11:03:00,0.04294525329402177
2020-08-20 11:06:00,0.012960784608992526
2020-08-20 11:09:00,0.0782318148055765
2020-08-20 11:12:00,0.05433555736630069
2020-08-20 11:15:00,-0.06903213317787049
2020-08-20 11:18:00,-0.02268142851619359
2020-08-20 11:21:00,0.027239335935007603
2020-08-20 11:24:00,-0.0400936870643136
2020-08-20 11:27:00,-0.20278918096198595
2020-08-20 11:30:00,-0.046699053653014744
2020-08-20 11:33:00,-0.1333416469553299
2020-08-20 11:36:00,-0.048290247453053325
2020-08-20 11:39:00,-0.12780534444999603
2020-08-20 11:42:00,-0.05673652013672381
2020-08-20 11:45:00,-0.05192002156854869
2020-08-20 11:48:00,-0.0328253687639517
2020-08-20 11:51:00,-0.05730002863674599
2020-08-20 11:54:00,-0.18883953188759506
2020-08-20 11:57:00,-0.09792600869184298
2020-08-20 12:00:00,0.045935670520520944
2020-08-20 12:03:00,-0.10476986125519261
2020-08-20 12:06:00,-0.3307588208617176
2020-08-20 12:09:00,-0.22562755748901964
2020-08-20 12:12:00,-0.1970655367223344
2020-08-20 12:15:00,-0.23102774497147038
2020-08-20 12:18:00,-0.16934488231134992
2020-08-20 12:21:00,-0.18651610642876904
2020-08-20 12:24:00,-0.15137808731356017
2020-08-20 12:27:00,-0.019069669514351517
2020-08-20 12:30:00,-0.23856607968724575
2020-08-20 12:33:00,-0.06455455134579324
2020-08-20 12:36:00,-0.10980527210483615
2020-08-20 12:39:00,-0.09931067396649951
2020-08-20 12:42:00,-0.3906442226542026
2020-08-20 12:45:00,-0.31253361201964935
2020-08-20 12:48:00,-0.22112706970244744
2020-08-20 12:51:00,-0.3545032351395321
2020-08-20 12:54:00,-0.26228715954965764
2020-08-20 12:57:00,-0.34704530244994203
2020-08-20 13:00:00,-0.38632973283483807
2020-08-20 13:03:00,-0.27222316278022163
2020-08-20 13:06:00,-0.3676064255515712
2020-08-20 13:09:00,-0.40286162204012044
2020-08-20 13:12:00,-0.3526422566196743
2020-08-20 13:15:00,-0.39604056656969533
2020-08-20 13:18:00,-0.2717626359710721
2020-08-20 13:21:00,-0.28537468911031283
2020-08-20 13:24:00,-0.2837708212599068
2020-08-20 13:27:00,-0.3299600601140469
2020-08-20 13:30:00,-0.32422321765403694
2020-08-20 13:33:00,-0.2971157104224744
2020-08-20 13:36:00,-0.40672142437904313
2020-08-20 13:39:00,-0.42244355248448073
2020-08-20 13:42:00,-0.3239667874709653
2020-08-20 13:45:00,-0.38067402344267975
2020-08-20 13:48:00,-0.32914082070465156
2020-08-20 13:51:00,-0.28744353914169096
2020-08-20 13:54:00,-0.4084997857241319
2020-08-20 13:57:00,-0.2895479447388425
2020-08-20 14:00:00,-0.39030850873501777
2020-08-20 14:03:00,-0.34612121490005165
2020-08-20 14:06:00,-0.4500635075150967
2020-08-20 14:09:00,-0.34272273627419736
2020-08-20 14:12:00,-0.2521098393212924
2020-08-20 14:15:00,-0.40730424370076435
2020-08-20 14:18:00,-0.2948376335098146
2020-08-20 14:21:00,-0.3853215337329061
2020-08-20 14:24:00,-0.41617382083444454
2020-08-20 14:27:00,-0.35319682869180724
2020-08-20 14:30:00,-0.3081353845120134
2020-08-20 14:33:00,-0.44084152058655945
2020-08-20 14:36:00,-0.3586108512751025
2020-08-20 14:39:00,-0.3333412231095281
2020-08-20 14:42:00,-0.4615697332035893
2020-08-20 14:45:00,-0.3462828020328743
2020-08-20 14:48:00,-0.4275632101104634
2020-08-20 14:51:00,-0.5375092677497832
2020-08-20 14:54:00,-0.40828498604548713
2020-08-20 14:57:00,-0.44875579939065346
2020-08-20 15:00:00,-0.2896695592598917
2020-08-20 15:03:00,-0.34505012192789764
2020-08-20 15:06:00,-0.3886403568304786
2020-08-20 15:09:00,-0.38676432745262446
2020-08-20 15:12:00,-0.33396957079003187
2020-08-20 15:15:00,-0.3617008836044988
2020-08-20 15:18:00,-0.5095261484696607
2020-08-20 15:21:00,-0.4680580488558803
2020-08-20 15:24:00,-0.5692170890019952
2020-08-20 15:27:00,-0.3120256574050586
2020-08-20 15:30:00,-0.38545233031993575
2020-08-20 15:33:00,-0.6100747803349122
2020-08-20 15:36:00,-0.4702975538494343
2020-08-20 15:39:00,-0.5304856950934891
2020-08-20 15:42:00,-0.43258760240195215
2020-08-20 15:45:00,-0.5367155105658981
2020-08-20 15:48:00,-0.3415699037294644
2020-08-20 15:51:00,-0.44855568373958477
2020-08-20 15:54:00,-0.37463961840927595
2020-08-20 15:57:00,-0.32894459608320403
2020-08-20 16:00:00,-0.3045150989901799
2020-08-20 16:03:00,-0.3434996543707598
2020-08-20 16:06:00,-0.29796530647513464
2020-08-20 16:09:00,-0.22182498272655948
2020-08-20 16:12:00,-0.3248457218642784
2020-08-20 16:15:00,-0.14183399675363262
2020-08-20 16:18:00,-0.11973758729089923
2020-08-20 16:21:00,-0.3057684116549808
2020-08-20 16:24:00,-0.2891609879594057
2020-08-20 16:27:00,-0.2641852604189694
2020-08-20 16:30:00,-0.2973891654226577
2020-08-20 16:33:00,-0.3722526913952606
2020-08-20 16:36:00,-0.3399987100136741
2020-08-20 16:39:00,-0.3370740854887231
2020-08-20 16:42:00,-0.2721836864790248
2020-08-20 16:45:00,-0.14838366296356753
2020-08-20 16:48:00,-0.3341581938940976
2020-08-20 16:51:00,-0.18920892433953895
2020-08-20 16:54:00,-0.12319463835206079
2020-08-20 16:57:00,-0.21452724450819005
2020-08-20 17:00:00,-0.21683329138863883
2020-08-20 17:03:00,-0.2971314680019077
2020-08-20 17:06:00,-0.16804199595293312
2020-08-20 17:09:00,-0.13098849989739847
2020-08-20 17:12:00,-0.22288505974131567
2020-08-20 17:15:00,-0.20510842581609268
2020-08-20 17:18:00,-0.2539821584570632
2020-08-20 17:21:00,-0.2794407203683136
2020-08-20 17:24:00,-0.21102042902248286
2020-08-20 17:27:00,-0.22994214658007195
2020-08-20 17:30:00,-0.3227908627271745
2020-08-20 17:33:00,-0.12955477063724175
2020-08-20 17:36:00,-0.1888121998151746
2020-08-20 17:39:00,-0.2350008943191142
2020-08-20 17:42:00,-0.237387684933708
2020-08-20 17:45:00,-0.07827800821047504
2020-08-20 17:48:00,-0.06688787243086836
2020-08-20 17:51:00,-0.23191867624700535
2020-08-20 17:54:00,-0.24327271922123828
2020-08-20 17:57:00,-0.1158725836195913
2020-08-20 18:00:00,-0.16808468959447964
2020-08-20 18:03:00,-0.12896348946509306
2020-08-20 18:06:00,-0.1735759147798035
2020-08-20 18:09:00,-0.22073009322622283
2020-08-20 18:12:00,-0.13287828868772067
2020-08-20 18:15:00,-0.10959243904841287
2020-08-20 18:18:00,-0.13929175802479676
2020-08-20 18:21:00,-0.14546645743376985
2020-08-20 18:24:00,-0.1047970928946711
2020-08-20 18:27:00,-0.19956742455241283
2020-08-20 18:30:00,-0.08973041566900974
2020-08-20 18:33:00,-0.09165689809503874
2020-08-20 18:36:00,-0.07111763407033322
2020-08-20 18:39:00,-0.10913391398827343
2020-08-20 18:42:00,-0.12215072716492159
2020-08-20 18:45:00,-0.11073323135258306
2020-08-20 18:48:00,-0.10446918010870831
2020-08-20 18:51:00,-0.07393389008217355
2020-08-20 18:54:00,
2020-08-20 18:57:00,
2020-08-20 19:00:00,
2020-08-20 19:03:00,-0.18346143850772023
2020-08-20 19:06:00,-0.020573547490016608
2020-08-20 19:09:00,-0.044484361246134085
2020-08-20 19:12:00,-0.06995538314691885
2020-08-20 19:15:00,-0.06443952266778297
2020-08-20 19:18:00,-0.11843904028080487
2020-08-20 19:21:00,-0.1878251265731592
2020-08-20 19:24:00,-0.1235119321717093
2020-08-20 19:27:00,-0.15880454185042936
2020-08-20 19:30:00,-0.17718092656269846
2020-08-20 19:33:00,0.019202992748319048
2020-08-20 19:36:00,0.020609655825694517
2020-08-20 19:39:00,-0.08522501003636762
2020-08-20 19:42:00,0.053790494559393665
2020-08-20 19:45:00,0.035962427893025506
2020-08-20 19:48:00,-0.004324709963498208
2020-08-20 19:51:00,-0.020299827951873795
2020-08-20 19:54:00,-0.019243198795550143
2020-08-20 19:57:00,0.05238673224891954
2020-08-20 20:00:00,-0.12281047796597022
2020-08-20 20:03:00,-0.07476519580603735
2020-08-20 20:06:00,0.004625972004646428
2020-08-20 20:09:00,-0.027988560097753634
2020-08-20 20:12:00,-0.08032978679801772
2020-08-20 20:15:00,-0.09563726004438422
2020-08-20 20:18:00,-0.06114575335504924
2020-08-20 20:21:00,0.011363575482448596
2020-08-20 20:24:00,0.03229387172092402
2020-08-20 20:27:00,-0.06906124951530046
2020-08-20 20:30:00,-0.08747219581152876
2020-08-20 20:33:00,-0.02391045627479116
2020-08-20 20:36:00,0.0015808183721901514
2020-08-20 20:39:00,0.02025278058897584
2020-08-20 20:42:00,-0.11599348771073892
2020-08-20 20:45:00,-0.046112576415737294
2020-08-20 20:48:00,-0.05268596566293127
2020-08-20 20:51:00,-0.11571081453479337
2020-08-20 20:54:00,0.021839752810478785
2020-08-20 20:57:00,-0.017573165276075997
2020-08-20 21:00:00,0.014308707058432901
2020-08-20 21:03:00,0.06257989571577127
2020-08-20 21:06:00,0.06369042970595729
2020-08-20 21:09:00,0.18229736418669518
2020-08-20 21:12:00,0.054510728876323356
2020-08-20 21:15:00,-0.02051616344726881
2020-08-20 21:18:00,0.01729640615246808
2020-08-20 21:21:00,-0.07975331459562085
2020-08-20 21:24:00,-0.0021939899809808594
2020-08-20 21:27:00,0.00781127334556686
2020-08-20 21:30:00,0.054629208435244436
2020-08-20 21:33:00,-0.0430550368911895
2020-08-20 21:36:00,3.6016942829064647e-05
2020-08-20 21:39:00,0.012796091050063296
2020-08-20 21:42:00,0.003520981129952361
2020-08-20 21:45:00,-0.0436312430962289
2020-08-20 21:48:00,0.04374547740263779
2020-08-20 21:51:00,0.12353476540255315
2020-08-20 21:54:00,0.10271741300255144
2020-08-20 21:57:00,0.014291470789657978
2020-08-20 22:00:00,0.1724162537136067
2020-08-20 22:03:00,0.1976815447508784
2020-08-20 22:06:00,-0.0048089487299876055
2020-08-20 22:09:00,0.10266200158258698
2020-08-20 22:12:00,-0.08513527408507571
2020-08-20 22:15:00,-0.016120723641734003
2020-08-20 22:18:00,-0.033856074468531006
2020-08-20 22:21:00,0.0207212287490961
2020-08-20 22:24:00,0.02317567765351214
2020-08-20 22:27:00,-0.08491130302223837
2020-08-20 22:30:00,0.06026552588105005
2020-08-20 22:33:00,0.045678529766178144
2020-08-20 22:36:00,0.08015329056570408
2020-08-20 22:39:00,0.12423488670890492
2020-08-20 22:42:00,0.09931308602801892
2020-08-20 22:45:00,0.057815576587472606
2020-08-20 22:48:00,0.09204714819003357
2020-08-20 22:51:00,0.2870967942182574
2020-08-20 22:54:00,0.18302137023658815
2020-08-20 22:57:00,0.1546040803473261
2020-08-20 23:00:00,0.17220281805680315
2020-08-20 23:03:00,0.12967809062342894
2020-08-20 23:06:00,0.020093776897624593
2020-08-20 23:09:00,0.05211215508376199
2020-08-20 23:12:00,0.061184449293705256
2020-08-20 23:15:00,0.09936303502200872
2020-08-20 23:18:00,0.19315615105210782
2020-08-20 23:21:00,0.13368121880699846
2020-08-20 23:24:00,0.043375338177838785
2020-08-20 23:27:00,0.16795797125104173
2020-08-20 23:30:00,0.17153549908152854
2020-08-20 23:33:00,0.1345833243111656
2020-08-20 23:36:00,0.13399130565136375
2020-08-20 23:39:00,0.1693920316243407
2020-08-20 23:42:00,0.19989763107105318
2020-08-20 23:45:00,0.250034766452643
2020-08-20 23:48:00,0.14208683652486798
2020-08-20 23:51:00,0.09451290060684414
2020-08-20 23:54:00,0.17354417898872043
2020-08-20 23:57:00,0.2092738640979519
2020-08-21 00:00:00,0.22020993795445065
2020-08-21 00:03:00,0.2314950725228755
2020-08-21 00:06:00,0.22120256443520248
2020-08-21 00:09:00,0.16072710637445198
2020-08-21 00:12:00,0.2226167938044341
2020-08-21 00:15:00,0.17555983423852695
2020-08-21 00:18:00,0.3107017434839463
2020-08-21 00:21:00,0.20516587421678878
2020-08-21 00:24:00,0.19747629654324328
2020-08-21 00:27:00,0.2207202913577362
2020-08-21 00:30:00,0.12434845342556855
2020-08-21 00:33:00,0.21259968858095135
2020-08-21 00:36:00,0.15700643830808758
2020-08-21 00:39:00,0.1867142715245791
2020-08-21 00:42:00,0.23525146639906325
2020-08-21 00:45:00,0.1671897154547537
2020-08-21 00:48:00,0.2032262230992501
2020-08-21 00:51:00,0.18744890200781583
2020-08-21 00:54:00,0.24341524670302306
2020-08-21 00:57:00,0.19126438702977566
2020-08-21 01:00:00,0.12038900507167227
2020-08-21 01:03:00,0.16783800642809865
2020-08-21 01:06:00,0.2162265786735702
2020-08-21 01:09:00,0.07478248812230959
2020-08-21 01:12:00,0.15444992012851344
2020-08-21 01:15:00,0.13100269969220335
2020-08-21 01:18:00,0.1769738226836921
2020-08-21 01:21:00,0.13860789871199586
2020-08-21 01:24:00,0.16257540117237568
2020-08-21 01:27:00,0.11801614022601825
2020-08-21 01:30:00,0.18142435999436657
2020-08-21 01:33:00,0.19314414133111768
2020-08-21 01:36:00,0.23580718510777388
2020-08-21 01:39:00,0.2500921835463146
2020-08-21 01:42:00,0.1467693670450103
2020-08-21 01:45:00,0.2630661780400487
2020-08-21 01:48:00,0.16849432834834488
2020-08-21 01:51:00,0.20799561157411972
2020-08-21 01:54:00,0.16072678168109178
2020-08-21 01:57:00,0.17655631083403023
2020-08-21 02:00:00,0.34677377080936367
2020-08-21 02:03:00,0.274621751653342
2020-08-21 02:06:00,0.2664378928725455
2020-08-21 02:09:00,0.3940518462295586
2020-08-21 02:12:00,0.34920579293827814
2020-08-21 02:15:00,0.3471303962040224
2020-08-21 02:18:00,0.27893717876065693
2020-08-21 02:21:00,0.27833492792319703
2020-08-21 02:24:00,0.256758619576658
2020-08-21 02:27:00,0.19741710282903568
2020-08-21 02:30:00,0.15219006681303426
2020-08-21 02:33:00,0.2066333168309029
2020-08-21 02:36:00,0.002467401414833148
2020-08-21 02:39:00,0.13977758640641014
2020-08-21 02:42:00,0.20385902296868608
2020-08-21 02:45:00,0.13553904322941435
2020-08-21 02:48:00,0.19357348017985032
2020-08-21 02:51:00,0.18539156449980965
2020-08-21 02:54:00,0.20686372967776379
2020-08-21 02:57:00,0.22424583684960453
2020-08-21 03:00:00,0.16974839136150877
2020-08-21 03:03:00,0.14515734741814867
2020-08-21 03:06:00,0.20949112098384148
2020-08-21 03:09:00,0.1389770450905985
2020-08-21 03:12:00,0.2608469786256933
2020-08-21 03:15:00,0.10959715357734012
2020-08-21 03:18:00,0.1303409995315974
2020-08-21 03:21:00,0.24635670963431267
2020-08-21 03:24:00,0.18975097447611233
2020-08-21 03:27:00,0.2501699946449776
2020-08-21 03:30:00,0.28570376777719275
2020-08-21 03:33:00,0.3129944628496446
2020-08-21 03:36:00,0.2037337089933544
2020-08-21 03:39:00,0.30724703762308536
2020-08-21 03:42:00,0.20146700966728304
2020-08-21 03:45:00,0.3838322977557027
2020-08-21 03:48:00,0.34973914092142877
2020-08-21 03:51:00,0.23195534834269438
2020-08-21 03:54:00,0.2122606501719133
2020-08-21 03:57:00,0.2937928768504321
2020-08-21 04:00:00,0.3073349466916966
2020-08-21 04:03:00,0.38745308364229913
2020-08-21 04:06:00,0.33459303411103747
2020-08-21 04:09:00,0.22427844497434535
2020-08-21 04:12:00,0.2532282812529161
2020-08-21 04:15:00,0.1949939049706586
2020-08-21 04:18:00,0.22846142790700696
2020-08-21 04:21:00,0.17467853183723037
2020-08-21 04:24:00,0.29643327299089606
2020-08-21 04:27:00,0.25371454105822977
2020-08-21 04:30:00,0.31476783339729764
2020-08-21 04:33:00,0.25632097817577915
2020-08-21 04:36:00,0.2524838268531653
2020-08-21 04:39:00,0.27656970703077377
2020-08-21 04:42:00,0.22350023643133454
2020-08-21 04:45:00,0.3284560974756232
2020-08-21 04:48:00,0.1645009011866705
2020-08-21 04:51:00,0.2818647309770199
2020-08-21 04:54:00,0.34841099186400015
2020-08-21 04:57:00,0.3009998901820836
2020-08-21 05:00:00,0.26484141249972026
2020-08-21 05:03:00,0.3028680687004339
2020-08-21 05:06:00,0.3425076545892125
2020-08-21 05:09:00,0.24795489057987652
2020-08-21 05:12:00,0.2367246068963027
2020-08-21 05:15:00,0.3679371104584561
2020-08-21 05:18:00,0.23456246537290326
2020-08-21 05:21:00,0.25708090102699543
2020-08-21 05:24:00,0.3284390085236737
2020-08-21 05:27:00,0.337669152029207
2020-08-21 05:30:00,0.3260315850295683
2020-08-21 05:33:00,0.25259428630988623
2020-08-21 05:36:00,0.30227519567205263
2020-08-21 05:39:00,0.38336847137378527
2020-08-21 05:42:00,0.3847443794817309
2020-08-21 05:45:00,0.3138422567176349
2020-08-21 05:48:00,0.28450657792916445
2020-08-21 05:51:00,0.2525105544348776
2020-08-21 05:54:00,0.3492826782622842
2020-08-21 05:57:00,0.19813758621148736
2020-08-21 06:00:00,0.2082953108546235
2020-08-21 06:03:00,0.2665078578099269
2020-08-21 06:06:00,0.27594531852031423
2020-08-21 06:09:00,0.19150819758277748
2020-08-21 06:12:00,0.26971365300215666
2020-08-21 06:15:00,0.378047644012554
2020-08-21 06:18:00,0.223258683784195
2020-08-21 06:21:00,0.23255285202037612
2020-08-21 06:24:00,0.30737763303289967
2020-08-21 06:27:00,0.1755163930684489
2020-08-21 06:30:00,0.2039309063696919
2020-08-21 06:33:00,0.1975526240486829
2020-08-21 06:36:00,0.22356020553536382
2020-08-21 06:39:00,0.27035960836479944
2020-08-21 06:42:00,0.24552170296067288
2020-08-21 06:45:00,0.3077411820616476
2020-08-21 06:48:00,0.16901227319419831
2020-08-21 06:51:00,0.19508539502038502
2020-08-21 06:54:00,0.23082675780131012
2020-08-21 06:57:00,0.16458921377403612
2020-08-21 07:00:00,0.27612114434685964
2020-08-21 07:03:00,0.2466633686094042
2020-08-21 07:06:00,0.20753808572567323
2020-08-21 07:09:00,0.17621556900445512
2020-08-21 07:12:00,0.2690961518542849
2020-08-21 07:15:00,0.29971336399876236
2020-08-21 07:18:00,0.19093124732654587
2020-08-21 07:21:00,0.22852368546182333
2020-08-21 07:24:00,0.11520470912466863
2020-08-21 07:27:00,0.22800490809146368
2020-08-21 07:30:00,0.23973242475290135
2020-08-21 07:33:00,0.2249762381870255
2020-08-21 07:36:00,0.25079126960463327
2020-08-21 07:39:00,0.14855789514086837
2020-08-21 07:42:00,0.31935307633267485
2020-08-21 07:45:00,0.3233200876845217
2020-08-21 07:48:00,0.24745616753597233
2020-08-21 07:51:00,0.23404639712771313
2020-08-21 07:54:00,0.2725362937294449
2020-08-21 07:57:00,0.26572268321530146
2020-08-21 08:00:00,0.28430484479440565
2020-08-21 08:03:00,0.347657087598634
2020-08-21 08:06:00,0.2993526024126254
2020-08-21 08:09:00,0.31426382109918904
2020-08-21 08:12:00,0.2140316532256179
2020-08-21 08:15:00,0.21619484468601513
2020-08-21 08:18:00,0.2736886964413543
2020-08-21 08:21:00,0.27309809860071255
2020-08-21 08:24:00,0.30726564339107654
2020-08-21 08:27:00,0.3362353540328513
2020-08-21 08:30:00,0.3140771983714785
2020-08-21 08:33:00,0.27774323896198894
2020-08-21 08:36:00,0.27573060993216814
2020-08-21 08:39:00,0.32386392931260843
2020-08-21 08:42:00,0.2604097797715781
2020-08-21 08:45:00,0.19098549439456747
2020-08-21 08:48:00,0.23103345622450888
2020-08-21 08:51:00,0.22159156266764057
2020-08-21 08:54:00,0.347996620877268
2020-08-21 08:57:00,0.23683751505700457
2020-08-21 09:00:00,0.25327087482747856
2020-08-21 09:03:00,0.25670051725882104
2020-08-21 09:06:00,0.21771989752966192
2020-08-21 09:09:00,0.29212709099408585
2020-08-21 09:12:00,0.25683897136622136
2020-08-21 09:15:00,0.09665729658695454
2020-08-21 09:18:00,0.14003842870727112
2020-08-21 09:21:00,0.16111255173132122
2020-08-21 09:24:00,0.2358312143244916
2020-08-21 09:27:00,0.11996311187959918
2020-08-21 09:30:00,0.22636874688748776
2020-08-21 09:33:00,0.2246061369975223
2020-08-21 09:36:00,0.11233361011289844
2020-08-21 09:39:00,0.14693360299997948
2020-08-21 09:42:00,0.20358461275526452
2020-08-21 09:45:00,0.2118252830884444
2020-08-21 09:48:00,0.19949441551148084
2020-08-21 09:51:00,0.219124670389931
2020-08-21 09:54:00,0.2598178710712773
2020-08-21 09:57:00,0.3939566768544296
2020-08-21 10:00:00,0.28280801714015524
2020-08-21 10:03:00,0.43107125429924054
2020-08-21 10:06:00,0.5203304352693863
2020-08-21 10:09:00,0.2203963800173483
2020-08-21 10:12:00,0.07710164632635497
2020-08-21 10:15:00,-0.11881184102338693
2020-08-21 10:18:00,-0.0012792297077339754
2020-08-21 10:21:00,0.14247502327702932
2020-08-21 10:24:00,0.10589730736728598
2020-08-21 10:27:00,0.11295453767081653
2020-08-21 10:30:00,0.07632730478979965
2020-08-21 10:33:00,-0.04506941571645484
2020-08-21 10:36:00,0.015791814472606802
2020-08-21 10:39:00,0.08074717510140772
2020-08-21 10:42:00,0.12539879157611722
2020-08-21 10:45:00,0.03119677832899015
2020-08-21 10:48:00,0.025686394915226174
2020-08-21 10:51:00,0.13993642944012663
2020-08-21 10:54:00,0.08154178998142925
2020-08-21 10:57:00,0.13836450792229016
2020-08-21 11:00:00,0.1470885808911362
2020-08-21 11:03:00,0.08383466053334132
2020-08-21 11:06:00,0.16032005476887434
2020-08-21 11:09:00,0.131626708820761
2020-08-21 11:12:00,0.07486769702194351
2020-08-21 11:15:00,-0.014313447200436258
2020-08-21 11:18:00,-0.01432889623055189
2020-08-21 11:21:00,-0.025503334889208418
2020-08-21 11:24:00,0.017278365744175517
2020-08-21 11:27:00,0.01863806521873812
2020-08-21 11:30:00,0.03228015146288499
2020-08-21 11:33:00,-0.00046081982611667627
2020-08-21 11:36:00,-0.11017822011558565
2020-08-21 11:39:00,-0.04424986565385325
2020-08-21 11:42:00,0.09134494091705392
2020-08-21 11:45:00,0.0025789441679080483
2020-08-21 11:48:00,-0.018830958121668573
2020-08-21 11:51:00,0.09230210284533769
2020-08-21 11:54:00,-0.06775331726106515
2020-08-21 11:57:00,-0.23459708207155927
2020-08-21 12:00:00,-0.10840085680831635
2020-08-21 12:03:00,-0.13310499194886916
2020-08-21 12:06:00,-0.1574334371064765
2020-08-21 12:09:00,-0.05029688751955064
2020-08-21 12:12:00,-0.08807668083665021
2020-08-21 12:15:00,-0.13510447236200207
2020-08-21 12:18:00,-0.09124975822572878
2020-08-21 12:21:00,-0.028597754775773865
2020-08-21 12:24:00,-0.04369824987219317
2020-08-21 12:27:00,0.03893587888217098
2020-08-21 12:30:00,-0.03079569673741389
2020-08-21 12:33:00,-0.13161679396296222
2020-08-21 12:36:00,-0.10693790378547874
2020-08-21 12:39:00,-0.015997744271601277
2020-08-21 12:42:00,-0.12415551001345193
2020-08-21 12:45:00,-0.20896669989400607
2020-08-21 12:48:00,-0.14354503669073893
2020-08-21 12:51:00,-0.13506853958227794
2020-08-21 12:54:00,-0.1772209967587628
2020-08-21 12:57:00,-0.022750658443953853
2020-08-21 13:00:00,-0.22905431364966944
2020-08-21 13:03:00,-0.11661409429666492
2020-08-21 13:06:00,-0.25711928861829847
2020-08-21 13:09:00,-0.22142754566931444
2020-08-21 13:12:00,-0.18297942428580427
2020-08-21 13:15:00,-0.1979545959418374
2020-08-21 13:18:00,-0.3139990913292081
2020-08-21 13:21:00,-0.11414438589650899
2020-08-21 13:24:00,-0.15285249039442306
2020-08-21 13:27:00,-0.1772873962663084
2020-08-21 13:30:00,-0.18864890524781686
2020-08-21 13:33:00,-0.06264238711924008
2020-08-21 13:36:00,-0.13427205900575245
2020-08-21 13:39:00,-0.1303791462900108
2020-08-21 13:42:00,-0.16607552287638327
2020-08-21 13:45:00,-0.25704188038167786
2020-08-21 13:48:00,-0.22445434473581827
2020-08-21 13:51:00,-0.21108145600942407
2020-08-21 13:54:00,-0.16340797433730359
2020-08-21 13:57:00,-0.2838333648907678
2020-08-21 14:00:00,-0.34075877952159317
2020-08-21 14:03:00,-0.28091491678793545
2020-08-21 14:06:00,-0.20043980075149648
2020-08-21 14:09:00,-0.27405965405250754
2020-08-21 14:12:00,-0.21567698883654884
2020-08-21 14:15:00,-0.2694183429745749
2020-08-21 14:18:00,-0.22978962471529485
2020-08-21 14:21:00,-0.31020941245702716
2020-08-21 14:24:00,-0.21896864494021884
2020-08-21 14:27:00,-0.21935790342126893
2020-08-21 14:30:00,-0.3255475367718077
2020-08-21 14:33:00,-0.32109632644841213
2020-08-21 14:36:00,-0.3744290029899844
2020-08-21 14:39:00,-0.3325630092134588
2020-08-21 14:42:00,-0.34910666181446004
2020-08-21 14:45:00,-0.4067662049977798
2020-08-21 14:48:00,-0.32674795795549016
2020-08-21 14:51:00,-0.3359707151720954
2020-08-21 14:54:00,-0.3033906758814169
2020-08-21 14:57:00,-0.37351938462654743
2020-08-21 15:00:00,-0.303681377752298
2020-08-21 15:03:00,-0.24653480966441066
2020-08-21 15:06:00,-0.2544435270510803
2020-08-21 15:09:00,-0.29662415305227796
2020-08-21 15:12:00,-0.42248081159590356
2020-08-21 15:15:00,-0.3328665361160006
2020-08-21 15:18:00,-0.30594307315629976
2020-08-21 15:21:00,-0.33236733966009524
2020-08-21 15:24:00,-0.2395109094587724
2020-08-21 15:27:00,-0.31896969857422164
2020-08-21 15:30:00,-0.39876555055838026
2020-08-21 15:33:00,-0.3611417618208179
2020-08-21 15:36:00,-0.3927590601322777
2020-08-21 15:39:00,-0.3786569934873114
2020-08-21 15:42:00,-0.45680674334101923
2020-08-21 15:45:00,-0.33809752718457275
2020-08-21 15:48:00,-0.3350816787212807
2020-08-21 15:51:00,-0.40657771777046037
2020-08-21 15:54:00,-0.3771395020960995
2020-08-21 15:57:00,-0.31358093329720305
2020-08-21 16:00:00,-0.21855455295821002
2020-08-21 16:03:00,-0.2992459097608844
2020-08-21 16:06:00,-0.3733660402455712
2020-08-21 16:09:00,-0.4282900049541354
2020-08-21 16:12:00,-0.3352031698691462
2020-08-21 16:15:00,-0.355691582340512
2020-08-21 16:18:00,-0.34527053426944576
2020-08-21 16:21:00,-0.336926339671038
2020-08-21 16:24:00,-0.306832606654325
2020-08-21 16:27:00,-0.4126853042869243
2020-08-21 16:30:00,-0.40819011822895845
2020-08-21 16:33:00,-0.38539025862058907
2020-08-21 16:36:00,-0.3208695804201511
2020-08-21 16:39:00,-0.36450406093445054
2020-08-21 16:42:00,-0.28889869917986744
2020-08-21 16:45:00,-0.2576777322166208
2020-08-21 16:48:00,-0.37489810290020387
2020-08-21 16:51:00,-0.3011833823866823
2020-08-21 16:54:00,-0.2690547242598882
2020-08-21 16:57:00,-0.2979080435008541
2020-08-21 17:00:00,-0.3148791282997081
2020-08-21 17:03:00,-0.19709988407157653
2020-08-21 17:06:00,-0.2248982513071951
2020-08-21 17:09:00,-0.3431546675146251
2020-08-21 17:12:00,-0.29902680914102575
2020-08-21 17:15:00,-0.2510262556816656
2020-08-21 17:18:00,-0.2060847236298855
2020-08-21 17:21:00,-0.13473144352019517
2020-08-21 17:24:00,-0.22488597848263225
2020-08-21 17:27:00,-0.18303613946517316
2020-08-21 17:30:00,-0.20141891519767796
2020-08-21 17:33:00,-0.11820010462020036
2020-08-21 17:36:00,-0.12015492971244157
2020-08-21 17:39:00,-0.10439406148071839
2020-08-21 17:42:00,-0.04894044255297558
2020-08-21 17:45:00,-0.08104463429509678
2020-08-21 17:48:00,-0.10283652373198038
2020-08-21 17:51:00,-0.14085576849805648
2020-08-21 17:54:00,-0.11845099905792722
2020-08-21 17:57:00,-0.15119233625398465
2020-08-21 18:00:00,-0.0622733525123067
2020-08-21 18:03:00,-0.07756923874609356
2020-08-21 18:06:00,-0.10826870864076454
2020-08-21 18:09:00,-0.09593512955018468
2020-08-21 18:12:00,-0.05547246691116925
2020-08-21 18:15:00,-0.05995283112315519
2020-08-21 18:18:00,-0.07176767355889524
2020-08-21 18:21:00,0.020067780291981308
2020-08-21 18:24:00,-0.037756333640345474
2020-08-21 18:27:00,0.02223009589852154
2020-08-21 18:30:00,0.02311186615730776
2020-08-21 18:33:00,-0.00013619965170619253
2020-08-21 18:36:00,-0.011758667940398482
2020-08-21 18:39:00,0.07850202159443143
2020-08-21 18:42:00,0.014844939657621126
2020-08-21 18:45:00,-0.011805611146144201
2020-08-21 18:48:00,0.037117427588214014
2020-08-21 18:51:00,0.046651037936044304
2020-08-21 18:54:00,
2020-08-21 18:57:00,
2020-08-21 19:00:00,
2020-08-21 19:03:00,-0.036188244317713725
2020-08-21 19:06:00,-0.13762056197231232
2020-08-21 19:09:00,-0.03416267038033993
2020-08-21 19:12:00,-0.1212654036419849
2020-08-21 19:15:00,-0.09103705540923102
2020-08-21 19:18:00,-0.0847663786199746
2020-08-21 19:21:00,-0.13266341537371318
2020-08-21 19:24:00,-0.13177458365356642
2020-08-21 19:27:00,0.05125996944053668
2020-08-21 19:30:00,0.0004647353234759066
2020-08-21 19:33:00,0.026950940251765587
2020-08-21 19:36:00,-0.01530440074134276
2020-08-21 19:39:00,-0.1198348206453943
2020-08-21 19:42:00,-0.020676787292188692
2020-08-21 19:45:00,0.011647073209871905
2020-08-21 19:48:00,0.0512039245047049
2020-08-21 19:51:00,0.042395659901217186
2020-08-21 19:54:00,0.010553985211458894
2020-08-21 19:57:00,-0.02536605699174288
2020-08-21 20:00:00,-0.10200107369468014
2020-08-21 20:03:00,-0.0663195690193561
2020-08-21 20:06:00,-0.11931899166211224
2020-08-21 20:09:00,-0.012936368519660846
2020-08-21 20:12:00,0.08461416748718875
2020-08-21 20:15:00,0.006063044284701391
2020-08-21 20:18:00,0.08497934084186909
2020-08-21 20:21:00,-0.028740279183011808
2020-08-21 20:24:00,-0.0025203136316918062
2020-08-21 20:27:00,-0.02689118714823735
2020-08-21 20:30:00,0.01078743484174538
2020-08-21 20:33:00,-0.10954902104157327
2020-08-21 20:36:00,-0.0003886986199290732
2020-08-21 20:39:00,0.09992961787548893
2020-08-21 20:42:00,0.14070171393484543
2020-08-21 20:45:00,0.18044087493984762
2020-08-21 20:48:00,0.15812555212858115
2020-08-21 20:51:00,0.2139626586409804
2020-08-21 20:54:00,0.19821490033166356
2020-08-21 20:57:00,0.12647098000849155
2020-08-21 21:00:00,0.11875071879643428
2020-08-21 21:03:00,0.07786582398142627
2020-08-21 21:06:00,0.10484162347864867
2020-08-21 21:09:00,0.021820570616910118
2020-08-21 21:12:00,0.022969856072450057
2020-08-21 21:15:00,-0.02341700404764424
2020-08-21 21:18:00,-0.02423391384252227
2020-08-21 21:21:00,0.014874707422620759
2020-08-21 21:24:00,0.058687556427855725
2020-08-21 21:27:00,0.10259801724703266
2020-08-21 21:30:00,0.03238776746474059
2020-08-21 21:33:00,0.0717092442615126
2020-08-21 21:36:00,0.08063441968300822
2020-08-21 21:39:00,0.05193280397622857
2020-08-21 21:42:00,0.050352710568461134
2020-08-21 21:45:00,0.08682555778807455
2020-08-21 21:48:00,-0.02404212145040674
2020-08-21 21:51:00,0.07875368812881334
2020-08-21 21:54:00,0.08015719735709581
2020-08-21 21:57:00,0.03105557075377874
2020-08-21 22:00:00,-0.024952933649501574
2020-08-21 22:03:00,0.018927494442380066
2020-08-21 22:06:00,0.11579580684019675
2020-08-21 22:09:00,0.08250665904870402
2020-08-21 22:12:00,0.06147118977111177
2020-08-21 22:15:00,0.07585026910186343
2020-08-21 22:18:00,0.14789659001985456
2020-08-21 22:21:00,0.06084711516081143
2020-08-21 22:24:00,0.17743333146466966
2020-08-21 22:27:00,0.14229505516470908
2020-08-21 22:30:00,0.20597195542262625
2020-08-21 22:33:00,0.10956437600935942
2020-08-21 22:36:00,0.1574501917069142
2020-08-21 22:39:00,0.16691916250272243
2020-08-21 22:42:00,0.10866481382311122
2020-08-21 22:45:00,0.08682594213053108
2020-08-21 22:48:00,0.06206316147148527
2020-08-21 22:51:00,0.07698963899292721
2020-08-21 22:54:00,0.10857800312118115
2020-08-21 22:57:00,0.03902946605995794
2020-08-21 23:00:00,0.061123638274409586
2020-08-21 23:03:00,-0.00784741237879416
2020-08-21 23:06:00,0.09617649061033262
2020-08-21 23:09:00,0.07820478096067518
2020-08-21 23:12:00,0.007725466983458773
2020-08-21 23:15:00,0.03407265191106035
2020-08-21 23:18:00,0.08441525969078612
2020-08-21 23:21:00,-0.0802485017413801
2020-08-21 23:24:00,0.057121895947830126
2020-08-21 23:27:00,0.021496135111647163
2020-08-21 23:30:00,0.1379226183460105
2020-08-21 23:33:00,0.09604435705364267
2020-08-21 23:36:00,-0.0072821438334926825
2020-08-21 23:39:00,0.08787735540721542
2020-08-21 23:42:00,0.06818350276336105
2020-08-21 23:45:00,0.15303870984502055
2020-08-21 23:48:00,0.2773052860056282
2020-08-21 23:51:00,0.2806096897193697
2020-08-21 23:54:00,0.21231732548375248
2020-08-21 23:57:00,0.21169109536174346
2020-08-22 00:00:00,0.18207307145723917
2020-08-22 00:03:00,0.11341332630655643
2020-08-22 00:06:00,0.12783932440686385
2020-08-22 00:09:00,0.13260552692344163
2020-08-22 00:12:00,0.10503872156812122
2020-08-22 00:15:00,0.1052143572567843
2020-08-22 00:18:00,0.1085887665547034
2020-08-22 00:21:00,0.17907861708459905
2020-08-22 00:24:00,0.2759952126653502
2020-08-22 00:27:00,0.18121932668645968
2020-08-22 00:30:00,0.24183012607625187
2020-08-22 00:33:00,0.1317962764625804
2020-08-22 00:36:00,0.14473681650332537
2020-08-22 00:39:00,0.18369368353927484
2020-08-22 00:42:00,0.20422345018852184
2020-08-22 00:45:00,0.20052756553673134
2020-08-22 00:48:00,0.23473842090965036
2020-08-22 00:51:00,0.27383111853129094
2020-08-22 00:54:00,0.30500088864403097
2020-08-22 00:57:00,0.3549977779437654
2020-08-22 01:00:00,0.296694348180381
2020-08-22 01:03:00,0.24055487145500365
2020-08-22 01:06:00,0.19100282251662293
2020-08-22 01:09:00,0.18594996607345138
2020-08-22 01:12:00,0.10633919717861318
2020-08-22 01:15:00,0.1601356711888684
2020-08-22 01:18:00,0.16795988806654805
2020-08-22 01:21:00,0.23587135707680318
2020-08-22 01:24:00,0.25792789758116896
2020-08-22 01:27:00,0.22041855225307927
2020-08-22 01:30:00,0.18247581376215294
2020-08-22 01:33:00,0.24900985424199007
2020-08-22 01:36:00,0.21846463046779263
2020-08-22 01:39:00,0.11411515912880077
2020-08-22 01:42:00,0.20626344359476434
2020-08-22 01:45:00,0.23995284228084302
2020-08-22 01:48:00,0.15313705233893415
2020-08-22 01:51:00,0.12828749831709274
2020-08-22 01:54:00,0.20965059178104184
2020-08-22 01:57:00,0.23298033006244623
2020-08-22 02:00:00,0.28679809209972973
2020-08-22 02:03:00,0.3814441749829598
2020-08-22 02:06:00,0.45107952511585836
2020-08-22 02:09:00,0.4645384808231938
2020-08-22 02:12:00,0.5178365650490377
2020-08-22 02:15:00,0.3336441992303776
2020-08-22 02:18:00,0.3224368870151011
2020-08-22 02:21:00,0.3390931729584281
2020-08-22 02:24:00,0.25969306302130235
2020-08-22 02:27:00,0.2966455937134356
2020-08-22 02:30:00,0.24721792831394396
2020-08-22 02:33:00,0.2942160378856329
2020-08-22 02:36:00,0.2748010280344033
2020-08-22 02:39:00,0.27895720712274397
2020-08-22 02:42:00,0.3488857003961243
2020-08-22 02:45:00,0.35745384797900215
2020-08-22 02:48:00,0.31698161639775435
2020-08-22 02:51:00,0.19814793667910635
2020-08-22 02:54:00,0.33987195050883656
2020-08-22 02:57:00,0.15135847074321873
2020-08-22 03:00:00,0.18501897571053405
2020-08-22 03:03:00,0.26653446793011426
2020-08-22 03:06:00,0.2586362186982569
2020-08-22 03:09:00,0.24810520112390577
2020-08-22 03:12:00,0.34571636346589685
2020-08-22 03:15:00,0.35417797400424433
2020-08-22 03:18:00,0.31748185025406883
2020-08-22 03:21:00,0.40325944183967977
2020-08-22 03:24:00,0.3791908010498446
2020-08-22 03:27:00,0.5255837001473651
2020-08-22 03:30:00,0.6379210677584979
2020-08-22 03:33:00,0.7428745358643027
2020-08-22 03:36:00,0.5657750267754409
2020-08-22 03:39:00,0.5779772185447882
2020-08-22 03:42:00,0.5003117159780004
2020-08-22 03:45:00,0.4260014432884418
2020-08-22 03:48:00,0.24107614126438648
2020-08-22 03:51:00,0.298226229639738
2020-08-22 03:54:00,0.393292007690377
2020-08-22 03:57:00,0.22402035146490107
2020-08-22 04:00:00,0.2549201757105948
2020-08-22 04:03:00,0.31708392755848536
2020-08-22 04:06:00,0.32264540928946417
2020-08-22 04:09:00,0.4299259137548006
2020-08-22 04:12:00,0.27007077945921765
2020-08-22 04:15:00,0.3184185044714809
2020-08-22 04:18:00,0.3770317752237702
2020-08-22 04:21:00,0.4229143910381481
2020-08-22 04:24:00,0.39220390330251576
2020-08-22 04:27:00,0.26611811705680566
2020-08-22 04:30:00,0.18166019979838666
2020-08-22 04:33:00,0.27989823335713027
2020-08-22 04:36:00,0.2450498816024833
2020-08-22 04:39:00,0.3265544794871289
2020-08-22 04:42:00,0.36354963210510505
2020-08-22 04:45:00,0.31992612948471333
2020-08-22 04:48:00,0.336991861973047
2020-08-22 04:51:00,0.22905141286781827
2020-08-22 04:54:00,0.307472338087905
2020-08-22 04:57:00,0.36782364025333436
2020-08-22 05:00:00,0.3060044448578765
2020-08-22 05:03:00,0.28042718712271153
2020-08-22 05:06:00,0.4435892545947695
2020-08-22 05:09:00,0.2735896969582541
2020-08-22 05:12:00,0.40067403148248104
2020-08-22 05:15:00,0.40286245819368105
2020-08-22 05:18:00,0.31889544189601793
2020-08-22 05:21:00,0.20397498431890426
2020-08-22 05:24:00,0.251457711993055
2020-08-22 05:27:00,0.37116870597083107
2020-08-22 05:30:00,0.28611408854845877
2020-08-22 05:33:00,0.32843072208288504
2020-08-22 05:36:00,0.2967019428779736
2020-08-22 05:39:00,0.271500048276323
2020-08-22 05:42:00,0.3151109656898825
2020-08-22 05:45:00,0.27989281560803647
2020-08-22 05:48:00,0.40045256563513476
2020-08-22 05:51:00,0.2811612688229843
2020-08-22 05:54:00,0.3202088340282785
2020-08-22 05:57:00,0.39452489843705507
2020-08-22 06:00:00,0.4436061227493724
2020-08-22 06:03:00,0.3184386432099586
2020-08-22 06:06:00,0.29471798047097764
2020-08-22 06:09:00,0.31717366378285305
2020-08-22 06:12:00,0.4301198006223217
2020-08-22 06:15:00,0.4305533693483312
2020-08-22 06:18:00,0.40993479243985576
2020-08-22 06:21:00,0.478105417884251
2020-08-22 06:24:00,0.3186951316308182
2020-08-22 06:27:00,0.3026765817448336
2020-08-22 06:30:00,0.4542424667770888
2020-08-22 06:33:00,0.4394589172626411
2020-08-22 06:36:00,0.4169312054688703
2020-08-22 06:39:00,0.45298548091273005
2020-08-22 06:42:00,0.49393407829643365
2020-08-22 06:45:00,0.4551719212117291
2020-08-22 06:48:00,0.523865625856331
2020-08-22 06:51:00,0.4610323770762079
2020-08-22 06:54:00,0.41392878625049434
2020-08-22 06:57:00,0.41884177470171835
2020-08-22 07:00:00,0.49243199040506624
2020-08-22 07:03:00,0.37869410915976687
2020-08-22 07:06:00,0.46608187186336636
2020-08-22 07:09:00,0.4786679465786392
2020-08-22 07:12:00,0.403424481392733
2020-08-22 07:15:00,0.3391315796201866
2020-08-22 07:18:00,0.44066999866441847
2020-08-22 07:21:00,0.3938488438822674
2020-08-22 07:24:00,0.5591317731269214
2020-08-22 07:27:00,0.5023302872739919
2020-08-22 07:30:00,0.5138665621840346
2020-08-22 07:33:00,0.557984140116389
2020-08-22 07:36:00,0.4284762136843483
2020-08-22 07:39:00,0.4291080620430421
2020-08-22 07:42:00,0.3740502308783107
2020-08-22 07:45:00,0.38690708075455404
2020-08-22 07:48:00,0.6044950734074064
2020-08-22 07:51:00,0.591022668704511
2020-08-22 07:54:00,0.6272060982396397
2020-08-22 07:57:00,0.5871928263282484
2020-08-22 08:00:00,0.6168269295818618
2020-08-22 08:03:00,0.4744927799627021
2020-08-22 08:06:00,0.4161739658958368
2020-08-22 08:09:00,0.36277458258496154
2020-08-22 08:12:00,0.36504122224800994
2020-08-22 08:15:00,0.4257375607513154
2020-08-22 08:18:00,0.24069531491011276
2020-08-22 08:21:00,0.3481792531118231
2020-08-22 08:24:00,0.2981357209567932
2020-08-22 08:27:00,0.2558938375163393
2020-08-22 08:30:00,0.22444072775368795
2020-08-22 08:33:00,0.310708902622423
2020-08-22 08:36:00,0.25223240429284033
2020-08-22 08:39:00,0.28927788948340094
2020-08-22 08:42:00,0.2851253336796731
2020-08-22 08:45:00,0.23127108420283093
2020-08-22 08:48:00,0.21549772849198234
2020-08-22 08:51:00,0.15379137885958016
2020-08-22 08:54:00,0.1617897945831146
2020-08-22 08:57:00,0.22088501605298916
2020-08-22 09:00:00,0.31326362233744476
2020-08-22 09:03:00,0.2119940205604962
2020-08-22 09:06:00,0.2819158385541982
2020-08-22 09:09:00,0.31370975326200323
2020-08-22 09:12:00,0.28291423998553
2020-08-22 09:15:00,0.321496987982016
2020-08-22 09:18:00,0.2718425860209095
2020-08-22 09:21:00,0.2705321919766561
2020-08-22 09:24:00,0.3106912262481387
2020-08-22 09:27:00,0.2395873716320125
2020-08-22 09:30:00,0.1933687266013635
2020-08-22 09:33:00,0.2551139898610586
2020-08-22 09:36:00,0.24736797054117687
2020-08-22 09:39:00,0.18243904839135894
2020-08-22 09:42:00,0.26435998006758155
2020-08-22 09:45:00,0.21767191584052625
2020-08-22 09:48:00,0.24595023511011505
2020-08-22 09:51:00,0.13198162811301017
2020-08-22 09:54:00,0.1307816589973072
2020-08-22 09:57:00,0.20637161131497805
2020-08-22 10:00:00,0.09738117591615492
2020-08-22 10:03:00,0.07052885246389451
2020-08-22 10:06:00,0.17549768998935633
2020-08-22 10:09:00,0.08074440627223112
2020-08-22 10:12:00,0.20499358455305128
2020-08-22 10:15:00,0.2048429082026928
2020-08-22 10:18:00,0.15233688266397394
2020-08-22 10:21:00,0.17078074197132764
2020-08-22 10:24:00,0.24104745414064155
2020-08-22 10:27:00,0.17867510682594911
2020-08-22 10:30:00,0.11925648832539082
2020-08-22 10:33:00,0.1608080319854821
2020-08-22 10:36:00,0.18365127405826343
2020-08-22 10:39:00,0.13807666387060635
2020-08-22 10:42:00,0.16764445322507981
2020-08-22 10:45:00,0.23290786593088342
2020-08-22 10:48:00,0.21790506896212491
2020-08-22 10:51:00,0.21118723021675123
2020-08-22 10:54:00,0.12106602749503281
2020-08-22 10:57:00,0.2004848571614275
2020-08-22 11:00:00,0.13003922956272618
2020-08-22 11:03:00,0.22418342841370986
2020-08-22 11:06:00,0.14294480437285983
2020-08-22 11:09:00,0.22128315611399785
2020-08-22 11:12:00,0.18388193635411199
2020-08-22 11:15:00,0.10161193496196574
2020-08-22 11:18:00,0.2313918714134502
2020-08-22 11:21:00,0.0921438063484743
2020-08-22 11:24:00,0.16575339295098956
2020-08-22 11:27:00,0.15342553969776418
2020-08-22 11:30:00,0.1947231973093153
2020-08-22 11:33:00,0.17528472022718233
2020-08-22 11:36:00,0.18366813764214385
2020-08-22 11:39:00,0.16631991089116127
2020-08-22 11:42:00,0.10354455293878573
2020-08-22 11:45:00,0.10319289485147465
2020-08-22 11:48:00,0.2062935668773207
2020-08-22 11:51:00,0.20862591584818801
2020-08-22 11:54:00,0.13126193890457216
2020-08-22 11:57:00,0.10623694761903835
2020-08-22 12:00:00,0.09926561644937237
2020-08-22 12:03:00,0.06243279367942023
2020-08-22 12:06:00,0.05880993789543254
2020-08-22 12:09:00,0.1080491554317291
2020-08-22 12:12:00,0.1716545033583543
2020-08-22 12:15:00,0.07045498857553412
2020-08-22 12:18:00,0.07257204832939124
2020-08-22 12:21:00,0.12193649988449806
2020-08-22 12:24:00,0.0904411321923817
2020-08-22 12:27:00,0.14750104388269847
2020-08-22 12:30:00,0.17365365614335815
2020-08-22 12:33:00,0.2577778359263334
2020-08-22 12:36:00,0.1313584124614522
2020-08-22 12:39:00,0.25190862019633187
2020-08-22 12:42:00,0.1304313660280627
2020-08-22 12:45:00,0.23145673974579495
2020-08-22 12:48:00,0.1461921423079957
2020-08-22 12:51:00,0.1892788824446825
2020-08-22 12:54:00,0.16954758352966337
2020-08-22 12:57:00,0.1804025958846296
2020-08-22 13:00:00,0.09381310057204928
2020-08-22 13:03:00,0.06368684956527204
2020-08-22 13:06:00,0.14336246721057933
2020-08-22 13:09:00,0.09415082529687879
2020-08-22 13:12:00,0.12314510244323174
2020-08-22 13:15:00,0.031696662019328414
2020-08-22 13:18:00,0.1772494527156141
2020-08-22 13:21:00,0.2047771976722288
2020-08-22 13:24:00,0.15596992081509597
2020-08-22 13:27:00,0.0879365205316276
2020-08-22 13:30:00,0.07159364720018857
2020-08-22 13:33:00,0.1352251164761924
2020-08-22 13:36:00,0.1185865051180599
2020-08-22 13:39:00,0.031744406043458184
2020-08-22 13:42:00,0.041895841254813604
2020-08-22 13:45:00,0.1529393949696214
2020-08-22 13:48:00,0.08353386606449931
2020-08-22 13:51:00,0.1144391816886241
2020-08-22 13:54:00,0.09409675697509101
2020-08-22 13:57:00,0.11894965408566804
2020-08-22 14:00:00,0.09853839956139154
2020-08-22 14:03:00,0.058950879180770244
2020-08-22 14:06:00,0.0018936641964728551
2020-08-22 14:09:00,0.062399203020390814
2020-08-22 14:12:00,0.0733600657789566
2020-08-22 14:15:00,0.15674530034567624
2020-08-22 14:18:00,0.08104809672369129
2020-08-22 14:21:00,0.12286804443419896
2020-08-22 14:24:00,0.1563057735832558
2020-08-22 14:27:00,0.0976668520200974
2020-08-22 14:30:00,0.09150394964262887
2020-08-22 14:33:00,0.13456858370557256
2020-08-22 14:36:00,0.06734658701702756
2020-08-22 14:39:00,0.11220305592291879
2020-08-22 14:42:00,0.02040139028605381
2020-08-22 14:45:00,0.031126546496921037
2020-08-22 14:48:00,-0.06585312332583726
2020-08-22 14:51:00,0.011759785544313672
2020-08-22 14:54:00,0.11444569154895134
2020-08-22 14:57:00,0.020980924667014733
2020-08-22 15:00:00,0.1082750482299275
2020-08-22 15:03:00,-0.03106729627910454
2020-08-22 15:06:00,0.05575731026755193
2020-08-22 15:09:00,-0.012022746401271434
2020-08-22 15:12:00,0.03880543796492475
2020-08-22 15:15:00,0.037918714141426335
2020-08-22 15:18:00,0.16310487945338537
2020-08-22 15:21:00,0.09899995028536068
2020-08-22 15:24:00,0.0039066008700956445
2020-08-22 15:27:00,0.0068186119543725
2020-08-22 15:30:00,0.0037956509071364053
2020-08-22 15:33:00,0.013350309073814515
2020-08-22 15:36:00,0.12252228758870842
2020-08-22 15:39:00,-0.02519281905472326
2020-08-22 15:42:00,0.017501787284743386
2020-08-22 15:45:00,-0.06888227841943717
2020-08-22 15:48:00,-0.027271695268211715
2020-08-22 15:51:00,0.07717618075577093
2020-08-22 15:54:00,-0.04677538928535796
2020-08-22 15:57:00,0.031916875886054186
2020-08-22 16:00:00,0.09867486995091213
2020-08-22 16:03:00,-0.06485245515108318
2020-08-22 16:06:00,-0.07672132110400298
2020-08-22 16:09:00,-0.04178817944000457
2020-08-22 16:12:00,-0.0239138219641859
2020-08-22 16:15:00,-0.10678545648693216
2020-08-22 16:18:00,-0.07511887777872062
2020-08-22 16:21:00,-0.15544624551125708
2020-08-22 16:24:00,-0.12364262464404874
2020-08-22 16:27:00,-0.058434015259877015
2020-08-22 16:30:00,-0.13812918358638626
2020-08-22 16:33:00,-0.23422164431946157
2020-08-22 16:36:00,-0.20082326490825153
2020-08-22 16:39:00,-0.13870687030856743
2020-08-22 16:42:00,-0.12281608269353228
2020-08-22 16:45:00,-0.16233286503933186
2020-08-22 16:48:00,-0.09001450903298291
2020-08-22 16:51:00,-0.1123932826641294
2020-08-22 16:54:00,-0.20679442458884978
2020-08-22 16:57:00,-0.06479872079682991
2020-08-22 17:00:00,-0.1707752754840044
2020-08-22 17:03:00,-0.1173344011921813
2020-08-22 17:06:00,-0.11765431946560057
2020-08-22 17:09:00,-0.15811472039177943
2020-08-22 17:12:00,-0.08515480508015116
2020-08-22 17:15:00,-0.24811601213639278
2020-08-22 17:18:00,-0.21027203964013097
2020-08-22 17:21:00,-0.17124131443716806
2020-08-22 17:24:00,-0.2583054054327363
2020-08-22 17:27:00,-0.23986730160356728
2020-08-22 17:30:00,-0.149526970333568
2020-08-22 17:33:00,-0.1723245293646869
2020-08-22 17:36:00,-0.2739427522250253
2020-08-22 17:39:00,-0.24902846901318298
2020-08-22 17:42:00,-0.17652675628283987
2020-08-22 17:45:00,-0.2018631569138165
2020-08-22 17:48:00,-0.3282842741496097
2020-08-22 17:51:00,-0.31087260462021504
2020-08-22 17:54:00,-0.290980494419955
2020-08-22 17:57:00,-0.17622460681826624
2020-08-22 18:00:00,-0.2616561148642518
2020-08-22 18:03:00,-0.308841997213392
2020-08-22 18:06:00,-0.19426289193188495
2020-08-22 18:09:00,-0.1927128385531205
2020-08-22 18:12:00,-0.0935261021075462
2020-08-22 18:15:00,-0.07542873602869804
2020-08-22 18:18:00,-0.13113998587783726
2020-08-22 18:21:00,-0.0724987616684416
2020-08-22 18:24:00,-0.021277676038721438
2020-08-22 18:27:00,-0.01269942215037645
2020-08-22 18:30:00,0.0011842292900041684
2020-08-22 18:33:00,-0.10064971810112411
2020-08-22 18:36:00,-0.09253868671652299
2020-08-22 18:39:00,0.01959073012517365
2020-08-22 18:42:00,0.040940638241750094
2020-08-22 18:45:00,0.021475891950558434
2020-08-22 18:48:00,-0.0007787149711475649
2020-08-22 18:51:00,0.053729357135694045
2020-08-22 18:54:00,
2020-08-22 18:57:00,
2020-08-22 19:00:00,
2020-08-22 19:03:00,0.01358657604362179
2020-08-22 19:06:00,0.062244857685016086
2020-08-22 19:09:00,-0.03847757926536133
2020-08-22 19:12:00,-0.00537191886456867
2020-08-22 19:15:00,-0.025351081334576975
2020-08-22 19:18:00,0.03768644861776238
2020-08-22 19:21:00,0.06961520093938134
2020-08-22 19:24:00,-0.009308861977558536
2020-08-22 19:27:00,-0.031130562510384152
2020-08-22 19:30:00,0.04556544309059518
2020-08-22 19:33:00,0.0680839699250555
2020-08-22 19:36:00,0.024709473578354846
2020-08-22 19:39:00,0.08837143046559959
2020-08-22 19:42:00,0.08954901767225465
2020-08-22 19:45:00,0.03802970787580762
2020-08-22 19:48:00,0.06522672395550444
2020-08-22 19:51:00,0.10145336173860642
2020-08-22 19:54:00,0.09471609685692783
2020-08-22 19:57:00,0.09533721770458214
2020-08-22 20:00:00,0.07849776618792248
2020-08-22 20:03:00,0.11070765496634749
2020-08-22 20:06:00,0.05502213252685806
2020-08-22 20:09:00,-0.04147314959141113
2020-08-22 20:12:00,0.00017737886344093567
2020-08-22 20:15:00,0.14787681324037294
2020-08-22 20:18:00,0.1089822150429427
2020-08-22 20:21:00,0.12049776195851791
2020-08-22 20:24:00,0.09206495208121623
2020-08-22 20:27:00,0.1138949400978504
2020-08-22 20:30:00,0.06195960958115165
2020-08-22 20:33:00,0.10875704980600176
2020-08-22 20:36:00,0.14026873001131435
2020-08-22 20:39:00,0.03292160669252553
2020-08-22 20:42:00,0.1405052093587642
2020-08-22 20:45:00,0.09235940807781162
2020-08-22 20:48:00,-0.0020457609863910875
2020-08-22 20:51:00,0.10406419296691638
2020-08-22 20:54:00,0.11086821398282609
2020-08-22 20:57:00,0.059194153944872596
2020-08-22 21:00:00,0.11452129334486472
2020-08-22 21:03:00,0.12358933974718411
2020-08-22 21:06:00,0.22090887057015607
2020-08-22 21:09:00,0.05039826555980653
2020-08-22 21:12:00,0.1674088508503928
2020-08-22 21:15:00,0.050157700449346976
2020-08-22 21:18:00,0.0960642410212813
2020-08-22 21:21:00,0.1662923671748331
2020-08-22 21:24:00,0.10263634518145182
2020-08-22 21:27:00,0.19575558686841532
2020-08-22 21:30:00,0.13860194045918206
2020-08-22 21:33:00,0.05704528585016533
2020-08-22 21:36:00,0.11741812906763016
2020-08-22 21:39:00,0.10763992015256463
2020-08-22 21:42:00,0.12326619843906883
2020-08-22 21:45:00,0.09056063652980129
2020-08-22 21:48:00,0.10051013515209206
2020-08-22 21:51:00,0.12055879487030552
2020-08-22 21:54:00,0.09571160337605988
2020-08-22 21:57:00,0.1654465478874272
2020-08-22 22:00:00,0.12240805962346712
2020-08-22 22:03:00,0.10328833639704271
2020-08-22 22:06:00,0.11576038098291974
2020-08-22 22:09:00,0.15364499975629542
2020-08-22 22:12:00,0.1741774290701983
2020-08-22 22:15:00,0.10326879462985517
2020-08-22 22:18:00,0.16997281148792354
2020-08-22 22:21:00,0.1513941690677143
2020-08-22 22:24:00,0.191286400500303
2020-08-22 22:27:00,0.09552531468841607
2020-08-22 22:30:00,0.2099169755521757
2020-08-22 22:33:00,0.19512081417991567
2020-08-22 22:36:00,0.13670569030404067
2020-08-22 22:39:00,0.10317187261460958
2020-08-22 22:42:00,0.18265864619718286
2020-08-22 22:45:00,0.14139253957887377
2020-08-22 22:48:00,0.16537044840492854
2020-08-22 22:51:00,0.17005810688146994
2020-08-22 22:54:00,0.21597444941414778
2020-08-22 22:57:00,0.15908180301420316
2020-08-22 23:00:00,0.14273635703221998
2020-08-22 23:03:00,0.21785542340410302
2020-08-22 23:06:00,0.14967223032527954
2020-08-22 23:09:00,0.09451185824383401
2020-08-22 23:12:00,0.17009667379642224
2020-08-22 23:15:00,0.20130170023270466
2020-08-22 23:18:00,0.20522109626091378
2020-08-22 23:21:00,0.23987103958961598
2020-08-22 23:24:00,0.21305848092833912
2020-08-22 23:27:00,0.1737802214383919
2020-08-22 23:30:00,0.10930725920633222
2020-08-22 23:33:00,0.1301802270842245
2020-08-22 23:36:00,0.11192573034179532
2020-08-22 23:39:00,0.2768654880998156
2020-08-22 23:42:00,0.14491437344315727
2020-08-22 23:45:00,0.11772753167781502
2020-08-22 23:48:00,0.08082408942846087
2020-08-22 23:51:00,0.18040578407413932
2020-08-22 23:54:00,0.26608376845086923
2020-08-22 23:57:00,0.19198656886499066
2020-08-23 00:00:00,0.21927148741639257
2020-08-23 00:03:00,0.1752344431019992
2020-08-23 00:06:00,0.2581685122045769
2020-08-23 00:09:00,0.18151923469110898
2020-08-23 00:12:00,0.1594255823438857
2020-08-23 00:15:00,0.11475850903167384
2020-08-23 00:18:00,0.18565817031912957
2020-08-23 00:21:00,0.1992589642733833
2020-08-23 00:24:00,0.22468290291175208
2020-08-23 00:27:00,0.17126206939116173
2020-08-23 00:30:00,0.23637427534396238
2020-08-23 00:33:00,0.23832059375519066
2020-08-23 00:36:00,0.28295882924356874
2020-08-23 00:39:00,0.21398281988189183
2020-08-23 00:42:00,0.23696750695017954
2020-08-23 00:45:00,0.10180679439616824
2020-08-23 00:48:00,0.2102805143492219
2020-08-23 00:51:00,0.3116652090947696
2020-08-23 00:54:00,0.2704838021875844
2020-08-23 00:57:00,0.23052913148086418
2020-08-23 01:00:00,0.20642391275987393
2020-08-23 01:03:00,0.245457859737769
2020-08-23 01:06:00,0.20142539640528412
2020-08-23 01:09:00,0.19159051562996865
2020-08-23 01:12:00,0.30568129806641764
2020-08-23 01:15:00,0.26250656539065176
2020-08-23 01:18:00,0.28564910180500647
2020-08-23 01:21:00,0.26570966235613014
2020-08-23 01:24:00,0.2128907912028808
2020-08-23 01:27:00,0.2557157724689887
2020-08-23 01:30:00,0.27830270343787333
2020-08-23 01:33:00,0.3252870266085779
2020-08-23 01:36:00,0.2787736898475828
2020-08-23 01:39:00,0.25433983400205307
2020-08-23 01:42:00,0.2189779318215983
2020-08-23 01:45:00,0.20507681890381946
2020-08-23 01:48:00,0.23525555079197602
2020-08-23 01:51:00,0.3304223240388069
2020-08-23 01:54:00,0.27299976819568883
2020-08-23 01:57:00,0.24471160836634454
2020-08-23 02:00:00,0.23987016995778276
2020-08-23 02:03:00,0.25743462662239835
2020-08-23 02:06:00,0.2680576771531378
2020-08-23 02:09:00,0.259030526760057
2020-08-23 02:12:00,0.3067068982811634
2020-08-23 02:15:00,0.2350254561316092
2020-08-23 02:18:00,0.2131952297450539
2020-08-23 02:21:00,0.30999617220589926
2020-08-23 02:24:00,0.2613127403980684
2020-08-23 02:27:00,0.28065459537310744
2020-08-23 02:30:00,0.2815521668355814
2020-08-23 02:33:00,0.29453426218083223
2020-08-23 02:36:00,0.30714567564302797
2020-08-23 02:39:00,0.26401867692356973
2020-08-23 02:42:00,0.323352225631254
2020-08-23 02:45:00,0.19596948183493623
2020-08-23 02:48:00,0.3337872130979349
2020-08-23 02:51:00,0.3398948137681259
2020-08-23 02:54:00,0.2714861467855485
2020-08-23 02:57:00,0.31097670189870996
2020-08-23 03:00:00,0.18971814334315695
2020-08-23 03:03:00,0.23205068978336385
2020-08-23 03:06:00,0.2307745964344008
2020-08-23 03:09:00,0.23870192845441807
2020-08-23 03:12:00,0.22675402527301003
2020-08-23 03:15:00,0.32471209798251266
2020-08-23 03:18:00,0.2438924291657827
2020-08-23 03:21:00,0.341108641765004
2020-08-23 03:24:00,0.2869165316042199
2020-08-23 03:27:00,0.3077379232016142
2020-08-23 03:30:00,0.2944146043276987
2020-08-23 03:33:00,0.31019469094468377
2020-08-23 03:36:00,0.2824319489254208
2020-08-23 03:39:00,0.22935124417699626
2020-08-23 03:42:00,0.3430536646700375
2020-08-23 03:45:00,0.3030591035374641
2020-08-23 03:48:00,0.29001888869635195
2020-08-23 03:51:00,0.27454759986989075
2020-08-23 03:54:00,0.29567157380989784
2020-08-23 03:57:00,0.2902301246471666
2020-08-23 04:00:00,0.22224426225676552
2020-08-23 04:03:00,0.2906871638397206
2020-08-23 04:06:00,0.31035900338929423
2020-08-23 04:09:00,0.30997684852252405
2020-08-23 04:12:00,0.30201363185949504
2020-08-23 04:15:00,0.3236181397584801
2020-08-23 04:18:00,0.2986344698008452
2020-08-23 04:21:00,0.33347802343990907
2020-08-23 04:24:00,0.3611290356395216
2020-08-23 04:27:00,0.25211673620185593
2020-08-23 04:30:00,0.25028619256397633
2020-08-23 04:33:00,0.22734048790408679
2020-08-23 04:36:00,0.32242136659539256
2020-08-23 04:39:00,0.27863618777683996
2020-08-23 04:42:00,0.22521793733341156
2020-08-23 04:45:00,0.19251978507855938
2020-08-23 04:48:00,0.22464859926003555
2020-08-23 04:51:00,0.2685657187964239
2020-08-23 04:54:00,0.3765530039419218
2020-08-23 04:57:00,0.33265303378306044
2020-08-23 05:00:00,0.3058452432693457
2020-08-23 05:03:00,0.33340056886328284
2020-08-23 05:06:00,0.18736144241074726
2020-08-23 05:09:00,0.242321959345702
2020-08-23 05:12:00,0.4260696071132202
2020-08-23 05:15:00,0.2931843843000479
2020-08-23 05:18:00,0.4635470162272668
2020-08-23 05:21:00,0.31624013539214957
2020-08-23 05:24:00,0.3809985428601408
2020-08-23 05:27:00,0.3166874516109601
2020-08-23 05:30:00,0.41133580573216477
2020-08-23 05:33:00,0.373662812430382
2020-08-23 05:36:00,0.3188238386380249
2020-08-23 05:39:00,0.3889451319107593
2020-08-23 05:42:00,0.3168108728347647
2020-08-23 05:45:00,0.28202582328259496
2020-08-23 05:48:00,0.3544308183310818
2020-08-23 05:51:00,0.2416166201490455
2020-08-23 05:54:00,0.275052072438541
2020-08-23 05:57:00,0.26120936319972543
2020-08-23 06:00:00,0.3021540715058677
2020-08-23 06:03:00,0.3436213176224783
2020-08-23 06:06:00,0.2617740725415274
2020-08-23 06:09:00,0.3442215457715747
2020-08-23 06:12:00,0.28193268879260813
2020-08-23 06:15:00,0.32430476102297234
2020-08-23 06:18:00,0.31256928400256356
2020-08-23 06:21:00,0.3864823567281519
2020-08-23 06:24:00,0.29297854267076673
2020-08-23 06:27:00,0.3004421793735901
2020-08-23 06:30:00,0.2880180559503742
2020-08-23 06:33:00,0.3883089765279806
2020-08-23 06:36:00,0.2428252835351259
2020-08-23 06:39:00,0.3397823534440363
2020-08-23 06:42:00,0.3500740973111647
2020-08-23 06:45:00,0.32228758181651074
2020-08-23 06:48:00,0.2892661890558088
2020-08-23 06:51:00,0.360355991201061
2020-08-23 06:54:00,0.30874202437831855
2020-08-23 06:57:00,0.26263142632018344
2020-08-23 07:00:00,0.33431947072267576
2020-08-23 07:03:00,0.2704290943888168
2020-08-23 07:06:00,0.34191428759157816
2020-08-23 07:09:00,0.3691069445715698
2020-08-23 07:12:00,0.38413967347179323
2020-08-23 07:15:00,0.38086306958683736
2020-08-23 07:18:00,0.4842214557576767
2020-08-23 07:21:00,0.39013824685434884
2020-08-23 07:24:00,0.4663075983813769
2020-08-23 07:27:00,0.38346298187434513
2020-08-23 07:30:00,0.3607097979146374
2020-08-23 07:33:00,0.4488903885949753
2020-08-23 07:36:00,0.3156874505424412
2020-08-23 07:39:00,0.3179942078542126
2020-08-23 07:42:00,0.3313829859543489
2020-08-23 07:45:00,0.29592344365647705
2020-08-23 07:48:00,0.26367050755283117
2020-08-23 07:51:00,0.32280836870847907
2020-08-23 07:54:00,0.2628867642331443
2020-08-23 07:57:00,0.22431784776330232
2020-08-23 08:00:00,0.214648813939732
2020-08-23 08:03:00,0.2772631272616195
2020-08-23 08:06:00,0.33660288344748324
2020-08-23 08:09:00,0.3114171410940685
2020-08-23 08:12:00,0.2622698627401405
2020-08-23 08:15:00,0.2888411814859069
2020-08-23 08:18:00,0.2038958472393233
2020-08-23 08:21:00,0.19247327982878915
2020-08-23 08:24:00,0.31312708946052226
2020-08-23 08:27:00,0.2244997990822526
2020-08-23 08:30:00,0.2542087190611255
2020-08-23 08:33:00,0.18923987364195227
2020-08-23 08:36:00,0.1528626349680735
2020-08-23 08:39:00,0.23826767468756316
2020-08-23 08:42:00,0.2060990688320885
2020-08-23 08:45:00,0.1907712874096319
2020-08-23 08:48:00,0.08091299522254758
2020-08-23 08:51:00,0.07108094904720019
2020-08-23 08:54:00,0.21585192188808833
2020-08-23 08:57:00,0.07374354568560193
2020-08-23 09:00:00,0.12764031561130196
2020-08-23 09:03:00,0.16984387860270544
2020-08-23 09:06:00,0.09549806379470738
2020-08-23 09:09:00,0.14644381058258205
2020-08-23 09:12:00,0.16283847885216574
2020-08-23 09:15:00,0.13901259110963338
2020-08-23 09:18:00,0.1412452703730196
2020-08-23 09:21:00,0.003227210426871352
2020-08-23 09:24:00,0.10220718580200128
2020-08-23 09:27:00,0.09311667843519444
2020-08-23 09:30:00,0.0985546435773017
2020-08-23 09:33:00,0.12168665499387998
2020-08-23 09:36:00,0.14938307223934544
2020-08-23 09:39:00,-0.00851110505499264
2020-08-23 09:42:00,-0.0016760224355607534
2020-08-23 09:45:00,0.07936764612503566
2020-08-23 09:48:00,0.11205177402297295
2020-08-23 09:51:00,0.01886301324714168
2020-08-23 09:54:00,0.01244347768465559
2020-08-23 09:57:00,0.07873050592661457
2020-08-23 10:00:00,0.1549744752026072
2020-08-23 10:03:00,0.13695835117039223
2020-08-23 10:06:00,0.006060690454773976
2020-08-23 10:09:00,-0.021588849588624726
2020-08-23 10:12:00,0.07160273386085692
2020-08-23 10:15:00,0.032968105163718064
2020-08-23 10:18:00,0.010026480040949082
2020-08-23 10:21:00,-0.04177241656293518
2020-08-23 10:24:00,0.02414952927642844
2020-08-23 10:27:00,-0.04652123479212378
2020-08-23 10:30:00,-0.10598513994824543
2020-08-23 10:33:00,-0.1484418868768671
2020-08-23 10:36:00,-0.029419267205923916
2020-08-23 10:39:00,-0.02479978488412371
2020-08-23 10:42:00,-0.11991082488532356
2020-08-23 10:45:00,-0.14642610948442325
2020-08-23 10:48:00,-0.09514273837078235
2020-08-23 10:51:00,-0.15806120618009345
2020-08-23 10:54:00,-0.03661694642761404
2020-08-23 10:57:00,-0.14908001189121478
2020-08-23 11:00:00,0.04453489220168194
2020-08-23 11:03:00,-0.014460732723250658
2020-08-23 11:06:00,0.012762779007800873
2020-08-23 11:09:00,0.03267364227554026
2020-08-23 11:12:00,0.0628487991084512
2020-08-23 11:15:00,0.13081184485673703
2020-08-23 11:18:00,0.07211297486679769
2020-08-23 11:21:00,0.008019809842323866
2020-08-23 11:24:00,0.093497577982248
2020-08-23 11:27:00,-0.046627839364134616
2020-08-23 11:30:00,0.07241190569629907
2020-08-23 11:33:00,0.06464737702452794
2020-08-23 11:36:00,0.05910704742348116
2020-08-23 11:39:00,0.041788965036346326
2020-08-23 11:42:00,-0.0018629360602062661
2020-08-23 11:45:00,-0.0274563895854385
2020-08-23 11:48:00,-0.0981743413339018
2020-08-23 11:51:00,0.009451983110466244
2020-08-23 11:54:00,0.013321450229227594
2020-08-23 11:57:00,-0.0566208959199912
2020-08-23 12:00:00,-0.02294775892346479
2020-08-23 12:03:00,-0.0737420397549613
2020-08-23 12:06:00,-0.0739918580510448
2020-08-23 12:09:00,0.007637750546564348
2020-08-23 12:12:00,-0.07713756370452529
2020-08-23 12:15:00,-0.015015652523970857
2020-08-23 12:18:00,-0.10184898751691662
2020-08-23 12:21:00,-0.16749194568467374
2020-08-23 12:24:00,-0.16347516296457343
2020-08-23 12:27:00,-0.11877865351465289
2020-08-23 12:30:00,-0.08398216837019845
2020-08-23 12:33:00,-0.13461730364213054
2020-08-23 12:36:00,-0.16459575913518165
2020-08-23 12:39:00,-0.1583489890181795
2020-08-23 12:42:00,-0.07966448117764457
2020-08-23 12:45:00,-0.15388697137296958
2020-08-23 12:48:00,-0.14138998058734842
2020-08-23 12:51:00,-0.24665938413949107
2020-08-23 12:54:00,-0.2869535540688162
2020-08-23 12:57:00,-0.2701670172452282
2020-08-23 13:00:00,-0.2557297428202787
2020-08-23 13:03:00,-0.3014829422141929
2020-08-23 13:06:00,-0.3328489629651017
2020-08-23 13:09:00,-0.24700588861281858
2020-08-23 13:12:00,-0.3466190979945054
2020-08-23 13:15:00,-0.1717452856941577
2020-08-23 13:18:00,-0.15601886958069144
2020-08-23 13:21:00,-0.25788156763826464
2020-08-23 13:24:00,-0.006896596343494821
2020-08-23 13:27:00,0.046239423966540016
2020-08-23 13:30:00,-0.1538119660567645
2020-08-23 13:33:00,-0.10855435574967487
2020-08-23 13:36:00,-0.12439763811102011
2020-08-23 13:39:00,0.014761228147449401
2020-08-23 13:42:00,-0.004631621225996696
2020-08-23 13:45:00,-0.04878786647742572
2020-08-23 13:48:00,-0.15015848579184876
2020-08-23 13:51:00,-0.3232873150827231
2020-08-23 13:54:00,-0.27887234870394195
2020-08-23 13:57:00,-0.23596112263260238
2020-08-23 14:00:00,-0.22270183197196047
2020-08-23 14:03:00,-0.28277303087770633
2020-08-23 14:06:00,-0.12856195702806872
2020-08-23 14:09:00,-0.08460154504319917
2020-08-23 14:12:00,-0.1507479419647666
2020-08-23 14:15:00,-0.07540738940900837
2020-08-23 14:18:00,0.013170978214247953
2020-08-23 14:21:00,0.047839547230466906
2020-08-23 14:24:00,0.15643838412950117
2020-08-23 14:27:00,0.1756655286278601
2020-08-23 14:30:00,0.16179936346645718
2020-08-23 14:33:00,0.33159066278199134
2020-08-23 14:36:00,0.22206302412581636
2020-08-23 14:39:00,0.3401115079735746
2020-08-23 14:42:00,0.29960836488362474
2020-08-23 14:45:00,0.27409873961664744
2020-08-23 14:48:00,0.2559224713947401
2020-08-23 14:51:00,0.19128846893323725
2020-08-23 14:54:00,0.0667652737825506
2020-08-23 14:57:00,0.22193260966412254
2020-08-23 15:00:00,0.514140929366306
2020-08-23 15:03:00,0.3878576178451567
2020-08-23 15:06:00,0.30903394853078225
2020-08-23 15:09:00,0.3723753257125395
2020-08-23 15:12:00,0.5373329860195213
2020-08-23 15:15:00,0.5690304238000863
2020-08-23 15:18:00,0.6850479221781143
2020-08-23 15:21:00,0.6627451888679161
2020-08-23 15:24:00,0.7251575402289632
2020-08-23 15:27:00,0.6978116871753173
2020-08-23 15:30:00,0.6446370030195112
2020-08-23 15:33:00,0.706639354592312
2020-08-23 15:36:00,0.8078419547297244
2020-08-23 15:39:00,0.6444040563465592
2020-08-23 15:42:00,0.5351948375956113
2020-08-23 15:45:00,0.4641073939652074
2020-08-23 15:48:00,0.6051608956584005
2020-08-23 15:51:00,0.42106905712512344
2020-08-23 15:54:00,0.334360663575751
2020-08-23 15:57:00,0.3907021189588704
2020-08-23 16:00:00,0.29057268779797596
2020-08-23 16:03:00,0.36080036459225084
2020-08-23 16:06:00,0.265316232092232
2020-08-23 16:09:00,0.37709123076410833
2020-08-23 16:12:00,0.3058244285977594
2020-08-23 16:15:00,0.2417051455107071
2020-08-23 16:18:00,0.292983298621607
2020-08-23 16:21:00,0.19604004894517857
2020-08-23 16:24:00,0.12415482033111402
2020-08-23 16:27:00,0.21724460036682558
2020-08-23 16:30:00,0.2967211496863911
2020-08-23 16:33:00,0.13068997735672383
2020-08-23 16:36:00,0.16205530325612472
2020-08-23 16:39:00,0.09822974957097586
2020-08-23 16:42:00,0.07871074630480734
2020-08-23 16:45:00,0.07878014082700702
2020-08-23 16:48:00,0.1085768598585446
2020-08-23 16:51:00,0.03308219662369538
2020-08-23 16:54:00,0.02691450989811983
2020-08-23 16:57:00,0.04179452306999565
2020-08-23 17:00:00,0.003164199316415761
2020-08-23 17:03:00,-0.04647021806562179
2020-08-23 17:06:00,-0.0893142957339137
2020-08-23 17:09:00,-0.03747629586757739
2020-08-23 17:12:00,0.029294041589423614
2020-08-23 17:15:00,-0.03707076840038326
2020-08-23 17:18:00,-0.008346101074380385
2020-08-23 17:21:00,-0.014184229601767129
2020-08-23 17:24:00,0.0011298154298629015
2020-08-23 17:27:00,-0.073960109569839
2020-08-23 17:30:00,0.07098960017071931
2020-08-23 17:33:00,0.0513107124711496
2020-08-23 17:36:00,0.04565490163861341
2020-08-23 17:39:00,-0.029293052494665517
2020-08-23 17:42:00,0.04406940451161745
2020-08-23 17:45:00,-0.018543836003289016
2020-08-23 17:48:00,0.07978832374453759
2020-08-23 17:51:00,0.11188608986969939
2020-08-23 17:54:00,0.08923346583605962
2020-08-23 17:57:00,0.0031124571885357
2020-08-23 18:00:00,0.06312501540236326
2020-08-23 18:03:00,0.0339862858816673
2020-08-23 18:06:00,0.07833446046709014
2020-08-23 18:09:00,0.018857396559383233
2020-08-23 18:12:00,0.00776111358527487
2020-08-23 18:15:00,0.04741124689945764
2020-08-23 18:18:00,0.005292723769343866
2020-08-23 18:21:00,-0.006011100492344212
2020-08-23 18:24:00,0.004931560456327588
2020-08-23 18:27:00,0.0516539792396884
2020-08-23 18:30:00,0.2014898466565569
2020-08-23 18:33:00,0.1570374842307274
2020-08-23 18:36:00,0.08272402813253166
2020-08-23 18:39:00,0.1177635869283904
2020-08-23 18:42:00,0.0867608676007876
2020-08-23 18:45:00,0.1104179278910351
2020-08-23 18:48:00,0.12321118610094572
2020-08-23 18:51:00,0.023995210035138825
2020-08-23 18:54:00,
2020-08-23 18:57:00,
2020-08-23 19:00:00,
2020-08-23 19:03:00,0.28199647589593724
2020-08-23 19:06:00,0.24156496125749527
2020-08-23 19:09:00,0.22144280660347704
2020-08-23 19:12:00,0.16135886092399687
2020-08-23 19:15:00,0.20815667901229062
2020-08-23 19:18:00,0.2814907682828789
2020-08-23 19:21:00,0.3157387794351507
2020-08-23 19:24:00,0.27545027254296883
2020-08-23 19:27:00,0.30334543521058777
2020-08-23 19:30:00,0.3335350737307863
2020-08-23 19:33:00,0.5319851948295309
2020-08-23 19:36:00,0.6793107286060831
2020-08-23 19:39:00,0.5808297257488562
2020-08-23 19:42:00,0.5332411850569088
2020-08-23 19:45:00,0.7213126658834881
2020-08-23 19:48:00,0.68574657781204
2020-08-23 19:51:00,0.7846801880778571
2020-08-23 19:54:00,0.737182789820622
2020-08-23 19:57:00,0.6786685201087721
2020-08-23 20:00:00,0.5861907544419864
2020-08-23 20:03:00,0.5866406397303194
2020-08-23 20:06:00,0.48945620236219156
2020-08-23 20:09:00,0.4414743629728264
2020-08-23 20:12:00,0.4547144477829761
2020-08-23 20:15:00,0.4274502348907845
2020-08-23 20:18:00,0.4276634489924618
2020-08-23 20:21:00,0.4952492951848626
2020-08-23 20:24:00,0.4552271546889983
2020-08-23 20:27:00,0.28984432998265675
2020-08-23 20:30:00,0.3901031642295152
2020-08-23 20:33:00,0.3288819777134222
2020-08-23 20:36:00,0.3752826658770232
2020-08-23 20:39:00,0.3382602225232745
2020-08-23 20:42:00,0.3487098162646589
2020-08-23 20:45:00,0.30415306474884574
2020-08-23 20:48:00,0.249909633576749
2020-08-23 20:51:00,0.3559912591040302
2020-08-23 20:54:00,0.3743233076510819
2020-08-23 20:57:00,0.37659267040112354
2020-08-23 21:00:00,0.29261093266853777
2020-08-23 21:03:00,0.3179932981652769
2020-08-23 21:06:00,0.26245923460658105
2020-08-23 21:09:00,0.2526735676775047
2020-08-23 21:12:00,0.19407072230524136
2020-08-23 21:15:00,0.13754098522917957
2020-08-23 21:18:00,0.2818985333102546
2020-08-23 21:21:00,0.192856350320028
2020-08-23 21:24:00,0.15970696977291254
2020-08-23 21:27:00,0.25650568356746817
2020-08-23 21:30:00,0.1815536077069737
2020-08-23 21:33:00,0.2624295419284408
2020-08-23 21:36:00,0.20686767150675678
2020-08-23 21:39:00,0.2740307706920362
2020-08-23 21:42:00,0.2557141445614093
2020-08-23 21:45:00,0.36448412975533984
2020-08-23 21:48:00,0.20306965564236634
2020-08-23 21:51:00,0.24263341365417546
2020-08-23 21:54:00,0.2587484093933199
2020-08-23 21:57:00,0.2053347392538285
2020-08-23 22:00:00,0.1879913183409485
2020-08-23 22:03:00,0.3255054424892023
2020-08-23 22:06:00,0.17672684731837762
2020-08-23 22:09:00,0.22063799899012793
2020-08-23 22:12:00,0.2272386763860368
2020-08-23 22:15:00,0.1912341222804912
2020-08-23 22:18:00,0.20127444242018555
2020-08-23 22:21:00,0.23336480298593187
2020-08-23 22:24:00,0.21251372807410007
2020-08-23 22:27:00,0.27543986382266894
2020-08-23 22:30:00,0.3418257245430709
2020-08-23 22:33:00,0.25650846644788317
2020-08-23 22:36:00,0.1270367652292066
2020-08-23 22:39:00,0.30278068807666614
2020-08-23 22:42:00,0.2618007668096993
2020-08-23 22:45:00,0.3128752437729645
2020-08-23 22:48:00,0.11644051140643796
2020-08-23 22:51:00,0.23579669602833064
2020-08-23 22:54:00,0.24848380840734308
2020-08-23 22:57:00,0.25261725279790426
2020-08-23 23:00:00,0.18102146256762808
2020-08-23 23:03:00,0.21189784412035806
2020-08-23 23:06:00,0.22605186869202498
2020-08-23 23:09:00,0.2785837229156414
2020-08-23 23:12:00,0.1446478851277675
2020-08-23 23:15:00,0.2309126520568725
2020-08-23 23:18:00,0.21617636292552334
2020-08-23 23:21:00,0.16380430767054577
2020-08-23 23:24:00,0.25631516773478324
2020-08-23 23:27:00,0.3262872438055524
2020-08-23 23:30:00,0.16474576369967053
2020-08-23 23:33:00,0.19270195203540652
2020-08-23 23:36:00,0.1875684331937464
2020-08-23 23:39:00,0.21103769227028124
2020-08-23 23:42:00,0.10641319558726536
2020-08-23 23:45:00,0.1497037747353147
2020-08-23 23:48:00,0.31792982402220105
2020-08-23 23:51:00,0.23897252289191329
2020-08-23 23:54:00,0.24106339713279112
2020-08-23 23:57:00,0.23275501004269472
2020-08-24 00:00:00,0.21938950086905606
2020-08-24 00:03:00,0.2290703256912252
2020-08-24 00:06:00,0.11178004646791351
2020-08-24 00:09:00,0.1836085918598087
2020-08-24 00:12:00,0.2798289253371422
2020-08-24 00:15:00,0.16860651185311326
2020-08-24 00:18:00,0.27615117332823047
2020-08-24 00:21:00,0.15803150924796228
2020-08-24 00:24:00,0.22097324394644602
2020-08-24 00:27:00,0.19894196769314476
2020-08-24 00:30:00,0.19843182223883105
2020-08-24 00:33:00,0.18277974145934195
2020-08-24 00:36:00,0.22083559635410666
2020-08-24 00:39:00,0.13988009065997176
2020-08-24 00:42:00,0.1366142927017222
2020-08-24 00:45:00,0.24417917303662762
2020-08-24 00:48:00,0.08914553282289717
2020-08-24 00:51:00,0.1737017098735123
2020-08-24 00:54:00,0.26112053744731156
2020-08-24 00:57:00,0.26451496917962913
2020-08-24 01:00:00,0.19101509146338458
2020-08-24 01:03:00,0.2173750874973166
2020-08-24 01:06:00,0.240579857486523
2020-08-24 01:09:00,0.190234941784297
2020-08-24 01:12:00,0.22618389477821665
2020-08-24 01:15:00,0.24178750270078808
2020-08-24 01:18:00,0.19854039757797182
2020-08-24 01:21:00,0.18298067025580167
2020-08-24 01:24:00,0.1856692427654707
2020-08-24 01:27:00,0.2109728170433982
2020-08-24 01:30:00,0.1747669829728693
2020-08-24 01:33:00,0.2523104799208227
2020-08-24 01:36:00,0.31120766773710784
2020-08-24 01:39:00,0.20993999165642663
2020-08-24 01:42:00,0.16787300401722405
2020-08-24 01:45:00,0.2800058700898944
2020-08-24 01:48:00,0.287270530030753
2020-08-24 01:51:00,0.2625944324702232
2020-08-24 01:54:00,0.3330872674225702
2020-08-24 01:57:00,0.3021969387734771
2020-08-24 02:00:00,0.2617840482765814
2020-08-24 02:03:00,0.1782657787869084
2020-08-24 02:06:00,0.33714352214633436
2020-08-24 02:09:00,0.3467225572545658
2020-08-24 02:12:00,0.25079847969965385
2020-08-24 02:15:00,0.20508248283050534
2020-08-24 02:18:00,0.3494141331325409
2020-08-24 02:21:00,0.24941935480035227
2020-08-24 02:24:00,0.25002628267833416
2020-08-24 02:27:00,0.26465538390255006
2020-08-24 02:30:00,0.3230969605031646
2020-08-24 02:33:00,0.32639750144920754
2020-08-24 02:36:00,0.34302338594756066
2020-08-24 02:39:00,0.3093403830513921
2020-08-24 02:42:00,0.3754219790599791
2020-08-24 02:45:00,0.3501130372748662
2020-08-24 02:48:00,0.3851685325104768
2020-08-24 02:51:00,0.33982189589050904
2020-08-24 02:54:00,0.3426935032414917
2020-08-24 02:57:00,0.400952388426731
2020-08-24 03:00:00,0.33932882637589046
2020-08-24 03:03:00,0.3528688399995872
2020-08-24 03:06:00,0.309091156419413
2020-08-24 03:09:00,0.34116984476997914
2020-08-24 03:12:00,0.3625609646899193
2020-08-24 03:15:00,0.3771843514791158
2020-08-24 03:18:00,0.26076039456154376
2020-08-24 03:21:00,0.31838524107018884
2020-08-24 03:24:00,0.33773915569969404
2020-08-24 03:27:00,0.30925863072496895
2020-08-24 03:30:00,0.35549124654926345
2020-08-24 03:33:00,0.4170168416740694
2020-08-24 03:36:00,0.34300941909168614
2020-08-24 03:39:00,0.30806021011329676
2020-08-24 03:42:00,0.29335754856361973
2020-08-24 03:45:00,0.2948955550644996
2020-08-24 03:48:00,0.2800276458032158
2020-08-24 03:51:00,0.29052724067446434
2020-08-24 03:54:00,0.3427969387832377
2020-08-24 03:57:00,0.29208166455055107
2020-08-24 04:00:00,0.30294816081203635
2020-08-24 04:03:00,0.38598063474034916
2020-08-24 04:06:00,0.30304986387415056
2020-08-24 04:09:00,0.34714984655812486
2020-08-24 04:12:00,0.35381072682895365
2020-08-24 04:15:00,0.2712204418972419
2020-08-24 04:18:00,0.434896498463786
2020-08-24 04:21:00,0.3913408905482356
2020-08-24 04:24:00,0.25421650821402864
2020-08-24 04:27:00,0.44169355723784065
2020-08-24 04:30:00,0.39281358459123794
2020-08-24 04:33:00,0.34757815223917987
2020-08-24 04:36:00,0.34403366559263304
2020-08-24 04:39:00,0.3460525423932381
2020-08-24 04:42:00,0.29820002032431603
2020-08-24 04:45:00,0.32331930883350424
2020-08-24 04:48:00,0.3708463641337971
2020-08-24 04:51:00,0.18789672563218573
2020-08-24 04:54:00,0.2799725733869991
2020-08-24 04:57:00,0.3148590791510628
2020-08-24 05:00:00,0.23709769448493034
2020-08-24 05:03:00,0.34275623172737824
2020-08-24 05:06:00,0.23478738828015366
2020-08-24 05:09:00,0.1995317447378966
2020-08-24 05:12:00,0.3615784946547933
2020-08-24 05:15:00,0.28877754365657893
2020-08-24 05:18:00,0.21496147611583183
2020-08-24 05:21:00,0.22645318737835396
2020-08-24 05:24:00,0.2979521007635526
2020-08-24 05:27:00,0.38604933350734427
2020-08-24 05:30:00,0.335735513842792
2020-08-24 05:33:00,0.3175341458947969
2020-08-24 05:36:00,0.36436403164140074
2020-08-24 05:39:00,0.29183691065441053
2020-08-24 05:42:00,0.29457195543403714
2020-08-24 05:45:00,0.2724531032356481
2020-08-24 05:48:00,0.22459494981774242
2020-08-24 05:51:00,0.328848330845517
2020-08-24 05:54:00,0.34647071778096006
2020-08-24 05:57:00,0.35177556811350996
2020-08-24 06:00:00,0.23337482200219029
2020-08-24 06:03:00,0.3910814937555074
2020-08-24 06:06:00,0.3307905275410121
2020-08-24 06:09:00,0.3006921733742729
2020-08-24 06:12:00,0.3738705574680239
2020-08-24 06:15:00,0.4397475335448462
2020-08-24 06:18:00,0.4015969590694226
2020-08-24 06:21:00,0.30437996330255146
2020-08-24 06:24:00,0.3907394955887753
2020-08-24 06:27:00,0.38609590623684653
2020-08-24 06:30:00,0.27113827786206457
2020-08-24 06:33:00,0.3876016882430804
2020-08-24 06:36:00,0.34795954524025774
2020-08-24 06:39:00,0.24670400741416643
2020-08-24 06:42:00,0.2640726255800132
2020-08-24 06:45:00,0.31112104541591634
2020-08-24 06:48:00,0.37123059447492324
2020-08-24 06:51:00,0.3433681848832748
2020-08-24 06:54:00,0.3400777492344105
2020-08-24 06:57:00,0.36677681781537785
2020-08-24 07:00:00,0.3852449224768293
2020-08-24 07:03:00,0.3503874848528312
2020-08-24 07:06:00,0.3201018421559638
2020-08-24 07:09:00,0.41380170064235244
2020-08-24 07:12:00,0.3332758908891833
2020-08-24 07:15:00,0.32840446891054853
2020-08-24 07:18:00,0.3210062408426779
2020-08-24 07:21:00,0.3985757979396567
2020-08-24 07:24:00,0.3911987877905858
2020-08-24 07:27:00,0.34278630208007144
2020-08-24 07:30:00,0.34563647076254256
2020-08-24 07:33:00,0.4086671820872425
2020-08-24 07:36:00,0.3338770622255538
2020-08-24 07:39:00,0.33402998399589023
2020-08-24 07:42:00,0.2977385509066153
2020-08-24 07:45:00,0.31315763089781967
2020-08-24 07:48:00,0.3203379825158663
2020-08-24 07:51:00,0.34040661043826503
2020-08-24 07:54:00,0.39333371105595916
2020-08-24 07:57:00,0.35458408308022626
2020-08-24 08:00:00,0.3191164210373927
2020-08-24 08:03:00,0.36729487996279886
2020-08-24 08:06:00,0.3620887653828504
2020-08-24 08:09:00,0.34402262816240636
2020-08-24 08:12:00,0.2961388617665648
2020-08-24 08:15:00,0.35960986445815024
2020-08-24 08:18:00,0.3363057727374894
2020-08-24 08:21:00,0.3313186847129259
2020-08-24 08:24:00,0.28826921715841536
2020-08-24 08:27:00,0.265431170376246
2020-08-24 08:30:00,0.3342248382396633
2020-08-24 08:33:00,0.3037831988443713
2020-08-24 08:36:00,0.25413374602686645
2020-08-24 08:39:00,0.3155446354818423
2020-08-24 08:42:00,0.31423139663263555
2020-08-24 08:45:00,0.310328987185585
2020-08-24 08:48:00,0.31682705234499053
2020-08-24 08:51:00,0.24876131556243308
2020-08-24 08:54:00,0.2647226971175769
2020-08-24 08:57:00,0.376820510505695
2020-08-24 09:00:00,0.3583134092825162
2020-08-24 09:03:00,0.2382219085608881
2020-08-24 09:06:00,0.1828503754680355
2020-08-24 09:09:00,0.29610115073728593
2020-08-24 09:12:00,0.36071891788600396
2020-08-24 09:15:00,0.3258316397318026
2020-08-24 09:18:00,0.3418573649410632
2020-08-24 09:21:00,0.40087509361922
2020-08-24 09:24:00,0.2695052983812616
2020-08-24 09:27:00,0.3479442677513589
2020-08-24 09:30:00,0.34536923341005377
2020-08-24 09:33:00,0.3636719936377517
2020-08-24 09:36:00,0.25307401304070254
2020-08-24 09:39:00,0.35942740777744575
2020-08-24 09:42:00,0.3725185693053845
2020-08-24 09:45:00,0.39202969765187845
2020-08-24 09:48:00,0.39533366706535844
2020-08-24 09:51:00,0.40563625910641576
2020-08-24 09:54:00,0.40297121814290904
2020-08-24 09:57:00,0.3701706951177357
2020-08-24 10:00:00,0.3611178528756227
2020-08-24 10:03:00,0.38516962880106576
2020-08-24 10:06:00,0.3464557097133252
2020-08-24 10:09:00,0.3730583690019671
2020-08-24 10:12:00,0.4153990781353514
2020-08-24 10:15:00,0.27636166463253176
2020-08-24 10:18:00,0.3602348603752148
2020-08-24 10:21:00,0.27281759673769557
2020-08-24 10:24:00,0.3357026462276167
2020-08-24 10:27:00,0.21259646347630223
2020-08-24 10:30:00,0.2566597664363144
2020-08-24 10:33:00,0.3080610597293685
2020-08-24 10:36:00,0.2776194591675676
2020-08-24 10:39:00,0.35707656048816716
2020-08-24 10:42:00,0.28642748861335576
2020-08-24 10:45:00,0.2545927186284871
2020-08-24 10:48:00,0.30399513083034435
2020-08-24 10:51:00,0.2226188477935125
2020-08-24 10:54:00,0.2491403118410176
2020-08-24 10:57:00,0.21730295000554634
2020-08-24 11:00:00,0.15003759431107255
2020-08-24 11:03:00,0.19176751674780235
2020-08-24 11:06:00,0.0691226109849481
2020-08-24 11:09:00,0.27463814459974856
2020-08-24 11:12:00,0.17183996674248192
2020-08-24 11:15:00,0.22424547816575569
2020-08-24 11:18:00,0.2839031417994988
2020-08-24 11:21:00,0.17934753295014616
2020-08-24 11:24:00,0.12511053139104433
2020-08-24 11:27:00,0.10468975723784979
2020-08-24 11:30:00,0.016372601316049895
2020-08-24 11:33:00,0.10312733487762671
2020-08-24 11:36:00,0.1909834285121974
2020-08-24 11:39:00,0.0315267282539935
2020-08-24 11:42:00,0.05832911334692881
2020-08-24 11:45:00,0.16163519883792787
2020-08-24 11:48:00,0.08632775301964557
2020-08-24 11:51:00,0.12641917259924185
2020-08-24 11:54:00,0.06799093242824483
2020-08-24 11:57:00,0.08212654932890473
2020-08-24 12:00:00,0.18826544757814645
2020-08-24 12:03:00,0.02902181640786239
2020-08-24 12:06:00,0.05945072634403914
2020-08-24 12:09:00,-0.007104540596344577
2020-08-24 12:12:00,-0.03937816810412187
2020-08-24 12:15:00,-0.1846176248114375
2020-08-24 12:18:00,-0.08804274978012927
2020-08-24 12:21:00,-0.16260181531725948
2020-08-24 12:24:00,-0.16670869361757923
2020-08-24 12:27:00,-0.08082584779407398
2020-08-24 12:30:00,-0.002982106133799789
2020-08-24 12:33:00,0.14778734332560362
2020-08-24 12:36:00,0.0813860625549978
2020-08-24 12:39:00,-0.03336002256645543
2020-08-24 12:42:00,-0.08900874174611317
2020-08-24 12:45:00,-0.1950959951828395
2020-08-24 12:48:00,-0.1268684652524712
2020-08-24 12:51:00,-0.05478807212830361
2020-08-24 12:54:00,-0.12503972436053346
2020-08-24 12:57:00,-0.15933002985701705
2020-08-24 13:00:00,-0.08575741102959
2020-08-24 13:03:00,-0.09950662636413199
2020-08-24 13:06:00,0.025400300747890014
2020-08-24 13:09:00,0.01301466182474087
2020-08-24 13:12:00,-0.06310977695966358
2020-08-24 13:15:00,-0.10665438961171958
2020-08-24 13:18:00,-0.11609176697157864
2020-08-24 13:21:00,0.012580898697819975
2020-08-24 13:24:00,0.16774639957333193
2020-08-24 13:27:00,0.14414048218736752
2020-08-24 13:30:00,0.21094564757174794
2020-08-24 13:33:00,0.18683338816225614
2020-08-24 13:36:00,-0.08261783404930156
2020-08-24 13:39:00,-0.055525826857035554
2020-08-24 13:42:00,-0.12207612328853656
2020-08-24 13:45:00,-0.2523029077695469
2020-08-24 13:48:00,-0.15535791863413806
2020-08-24 13:51:00,-0.14096015972376108
2020-08-24 13:54:00,-0.14701583132108453
2020-08-24 13:57:00,-0.14589170238900806
2020-08-24 14:00:00,-0.16051630114503723
2020-08-24 14:03:00,-0.10769615104459263
2020-08-24 14:06:00,-0.1898296688901837
2020-08-24 14:09:00,-0.26143041927690547
2020-08-24 14:12:00,-0.2238137714267623
2020-08-24 14:15:00,-0.18312883150542802
2020-08-24 14:18:00,-0.23250979473777988
2020-08-24 14:21:00,-0.229308221186443
2020-08-24 14:24:00,-0.25142355243229986
2020-08-24 14:27:00,-0.3071791652361071
2020-08-24 14:30:00,-0.23408154774517698
2020-08-24 14:33:00,-0.11541991198140522
2020-08-24 14:36:00,-0.22831201084898112
2020-08-24 14:39:00,-0.090599507599336
2020-08-24 14:42:00,-0.018302903595042608
2020-08-24 14:45:00,-0.05114649683019934
2020-08-24 14:48:00,-0.17501277620254996
2020-08-24 14:51:00,-0.21095658918284244
2020-08-24 14:54:00,-0.25697059165975134
2020-08-24 14:57:00,-0.2586516068848823
2020-08-24 15:00:00,-0.2688909013512557
2020-08-24 15:03:00,-0.38183216847778567
2020-08-24 15:06:00,-0.1660949719096152
2020-08-24 15:09:00,-0.12540252046255773
2020-08-24 15:12:00,-0.23517682599919
2020-08-24 15:15:00,-0.21941900567873063
2020-08-24 15:18:00,-0.3348054213595901
2020-08-24 15:21:00,-0.17306380365897667
2020-08-24 15:24:00,-0.2725623522697447
2020-08-24 15:27:00,-0.2548268930209474
2020-08-24 15:30:00,-0.24305767743743445
2020-08-24 15:33:00,-0.18316223216817207
2020-08-24 15:36:00,-0.28462191606047327
2020-08-24 15:39:00,-0.3310399218123621
2020-08-24 15:42:00,-0.2889905325188806
2020-08-24 15:45:00,-0.2713612010369957
2020-08-24 15:48:00,-0.3116425827083731
2020-08-24 15:51:00,-0.3642414016706539
2020-08-24 15:54:00,-0.28274721382723556
2020-08-24 15:57:00,-0.286946183719067
2020-08-24 16:00:00,-0.20670365155581294
2020-08-24 16:03:00,-0.30532130671213054
2020-08-24 16:06:00,-0.24705899952584787
2020-08-24 16:09:00,-0.3965868719816399
2020-08-24 16:12:00,-0.24192395173997738
2020-08-24 16:15:00,-0.2696194045303173
2020-08-24 16:18:00,-0.3229364303940656
2020-08-24 16:21:00,-0.2611215323109377
2020-08-24 16:24:00,-0.23959814238611443
2020-08-24 16:27:00,-0.3231062990250848
2020-08-24 16:30:00,-0.28570008186983387
2020-08-24 16:33:00,-0.19866421053706063
2020-08-24 16:36:00,-0.23411117710975304
2020-08-24 16:39:00,-0.2101196985114484
2020-08-24 16:42:00,-0.18667348924634553
2020-08-24 16:45:00,-0.23029725385680422
2020-08-24 16:48:00,-0.24646635375802362
2020-08-24 16:51:00,-0.26467718023360476
2020-08-24 16:54:00,-0.24066157801763666
2020-08-24 16:57:00,-0.09262773790732126
2020-08-24 17:00:00,-0.04166680590674332
2020-08-24 17:03:00,-0.12405932936701447
2020-08-24 17:06:00,-0.16303404183690873
2020-08-24 17:09:00,-0.09996454004630095
2020-08-24 17:12:00,-0.04305497314715012
2020-08-24 17:15:00,-0.07996063920080587
2020-08-24 17:18:00,-0.10555959706493923
2020-08-24 17:21:00,-0.17502921762667256
2020-08-24 17:24:00,-0.13567616826185258
2020-08-24 17:27:00,-0.05728017029832699
2020-08-24 17:30:00,-0.1481211010436141
2020-08-24 17:33:00,0.019578365628831307
2020-08-24 17:36:00,-0.000860678717913288
2020-08-24 17:39:00,0.018332044003386727
2020-08-24 17:42:00,0.13908617880684915
2020-08-24 17:45:00,0.05755044477382398
2020-08-24 17:48:00,0.00815859137918551
2020-08-24 17:51:00,-0.015719382743384358
2020-08-24 17:54:00,-0.05405042631332435
2020-08-24 17:57:00,-0.0951613024233211
2020-08-24 18:00:00,-0.19354723461651702
2020-08-24 18:03:00,-0.2251570788703816
2020-08-24 18:06:00,-0.0988383548544789
2020-08-24 18:09:00,-0.10467946167665332
2020-08-24 18:12:00,-0.13623962129366873
2020-08-24 18:15:00,-0.12151892914869222
2020-08-24 18:18:00,-0.16548442557689214
2020-08-24 18:21:00,-0.1857142150777804
2020-08-24 18:24:00,-0.13727216287821875
2020-08-24 18:27:00,-0.06550575490916799
2020-08-24 18:30:00,-0.17442143392639764
2020-08-24 18:33:00,-0.11352458724297776
2020-08-24 18:36:00,-0.11033880352152892
2020-08-24 18:39:00,-0.15807407080956182
2020-08-24 18:42:00,-0.052613801587710896
2020-08-24 18:45:00,-0.09565382372062459
2020-08-24 18:48:00,0.00764880986884009
2020-08-24 18:51:00,-0.03265231060589713
2020-08-24 18:54:00,
2020-08-24 18:57:00,
2020-08-24 19:00:00,
2020-08-24 19:03:00,-0.15920235202719368
2020-08-24 19:06:00,-0.10618796526722463
2020-08-24 19:09:00,-0.11380668660700621
2020-08-24 19:12:00,0.01378716306072647
2020-08-24 19:15:00,-0.022168203543230902
2020-08-24 19:18:00,-0.03158893723724532
2020-08-24 19:21:00,0.09361117715337741
2020-08-24 19:24:00,0.08977040998848906
2020-08-24 19:27:00,0.03420505034313237
2020-08-24 19:30:00,-0.0007939866848118982
2020-08-24 19:33:00,0.27376411111731613
2020-08-24 19:36:00,0.4233706871151526
2020-08-24 19:39:00,0.25162836832481617
2020-08-24 19:42:00,0.09174259965516285
2020-08-24 19:45:00,-0.00895195616624278
2020-08-24 19:48:00,-0.06737402904457213
2020-08-24 19:51:00,0.06789777632855021
2020-08-24 19:54:00,0.0634926236501201
2020-08-24 19:57:00,-0.007878056068364003
2020-08-24 20:00:00,0.05318988019860171
2020-08-24 20:03:00,-0.011511134708200643
2020-08-24 20:06:00,-0.019996568777003176
2020-08-24 20:09:00,0.1744939610917413
2020-08-24 20:12:00,0.0779716130322754
2020-08-24 20:15:00,0.23623419129819467
2020-08-24 20:18:00,0.17173860441209854
2020-08-24 20:21:00,0.1935170580525778
2020-08-24 20:24:00,0.31029402383558136
2020-08-24 20:27:00,0.5695321527960004
2020-08-24 20:30:00,0.6660411171467899
2020-08-24 20:33:00,0.8475977810061863
2020-08-24 20:36:00,0.7324687379460215
2020-08-24 20:39:00,0.7083382029510403
2020-08-24 20:42:00,0.7538405907018841
2020-08-24 20:45:00,0.6852783026897669
2020-08-24 20:48:00,0.6978766461667192
2020-08-24 20:51:00,0.6818237711586903
2020-08-24 20:54:00,0.6413531482974122
2020-08-24 20:57:00,0.6587464177487163
2020-08-24 21:00:00,0.6052521695814335
2020-08-24 21:03:00,0.4614128552679517
2020-08-24 21:06:00,0.30781283795528225
2020-08-24 21:09:00,0.3624692801096785
2020-08-24 21:12:00,0.4824253192344372
2020-08-24 21:15:00,0.42152616304798585
2020-08-24 21:18:00,0.44125384809166235
2020-08-24 21:21:00,0.39066473060796625
2020-08-24 21:24:00,0.32088940607292216
2020-08-24 21:27:00,0.2931857725199052
2020-08-24 21:30:00,0.6209576800465584
2020-08-24 21:33:00,0.7032272221408107
2020-08-24 21:36:00,0.8311305462818268
2020-08-24 21:39:00,0.9980919974515245
2020-08-24 21:42:00,0.7668446743122104
2020-08-24 21:45:00,0.7967158908025453
2020-08-24 21:48:00,0.8816108869238519
2020-08-24 21:51:00,0.8147974946110139
2020-08-24 21:54:00,0.8286095945496754
2020-08-24 21:57:00,0.7959155613219764
2020-08-24 22:00:00,0.7039061914488229
2020-08-24 22:03:00,0.5577367689444941
2020-08-24 22:06:00,0.5297037574211458
2020-08-24 22:09:00,0.5871648236879992
2020-08-24 22:12:00,0.4315474333976681
2020-08-24 22:15:00,0.44568551282748103
2020-08-24 22:18:00,0.39338230833476473
2020-08-24 22:21:00,0.2902873581772383
2020-08-24 22:24:00,0.313651265033684
2020-08-24 22:27:00,0.2637654125207405
2020-08-24 22:30:00,0.3322646068879749
2020-08-24 22:33:00,0.39746848874784746
2020-08-24 22:36:00,0.34127000886837777
2020-08-24 22:39:00,0.3898848807744457
2020-08-24 22:42:00,0.32946542433523973
2020-08-24 22:45:00,0.2725849484630771
2020-08-24 22:48:00,0.2950068365494758
2020-08-24 22:51:00,0.34744634504028227
2020-08-24 22:54:00,0.33113963481622477
2020-08-24 22:57:00,0.3758995539034231
2020-08-24 23:00:00,0.33907537629147555
2020-08-24 23:03:00,0.32392838287864834
2020-08-24 23:06:00,0.27410458421655903
2020-08-24 23:09:00,0.3146711426225579
2020-08-24 23:12:00,0.27394284257633217
2020-08-24 23:15:00,0.42177996849676447
2020-08-24 23:18:00,0.28162618178635057
2020-08-24 23:21:00,0.3646595526790293
2020-08-24 23:24:00,0.3584534977254634
2020-08-24 23:27:00,0.33225902802229257
2020-08-24 23:30:00,0.348557553677324
2020-08-24 23:33:00,0.2509428104239646
2020-08-24 23:36:00,0.32807341567081494
2020-08-24 23:39:00,0.46556694373242635
2020-08-24 23:42:00,0.3374565599404491
2020-08-24 23:45:00,0.43578895463758727
2020-08-24 23:48:00,0.46967138325612723
2020-08-24 23:51:00,0.5434676803640173
2020-08-24 23:54:00,0.4278775744966765
2020-08-24 23:57:00,0.4308047977363003
2020-08-25 00:00:00,0.4480116803304668
2020-08-25 00:03:00,0.50637566500086
2020-08-25 00:06:00,0.4848685635827792
2020-08-25 00:09:00,0.44169055384588773
2020-08-25 00:12:00,0.39582956733073615
2020-08-25 00:15:00,0.5563258159811539
2020-08-25 00:18:00,0.4440099170657277
2020-08-25 00:21:00,0.434049905152051
2020-08-25 00:24:00,0.39857637391207845
2020-08-25 00:27:00,0.38798099436405664
2020-08-25 00:30:00,0.4231929502176399
2020-08-25 00:33:00,0.3951010297534481
2020-08-25 00:36:00,0.45793789195579393
2020-08-25 00:39:00,0.41917658503916755
2020-08-25 00:42:00,0.47386710670434695
2020-08-25 00:45:00,0.37440337123240397
2020-08-25 00:48:00,0.36671203199489355
2020-08-25 00:51:00,0.4759746322036449
2020-08-25 00:54:00,0.4524550664911544
2020-08-25 00:57:00,0.43609088869430934
2020-08-25 01:00:00,0.4077139576386912
2020-08-25 01:03:00,0.39307150809855784
2020-08-25 01:06:00,0.4105758733812763
2020-08-25 01:09:00,0.4007741040171595
2020-08-25 01:12:00,0.4925145774992643
2020-08-25 01:15:00,0.4880257009654656
2020-08-25 01:18:00,0.42837200862305735
2020-08-25 01:21:00,0.3285719118979955
2020-08-25 01:24:00,0.34352813287347317
2020-08-25 01:27:00,0.4919641172891147
2020-08-25 01:30:00,0.420043746585975
2020-08-25 01:33:00,0.5282947187964169
2020-08-25 01:36:00,0.502674268355122
2020-08-25 01:39:00,0.3385396041814488
2020-08-25 01:42:00,0.4725104839789651
2020-08-25 01:45:00,0.4856595213263972
2020-08-25 01:48:00,0.40668019204031225
2020-08-25 01:51:00,0.39749054491653624
2020-08-25 01:54:00,0.4879315336501122
2020-08-25 01:57:00,0.4163702137105929
2020-08-25 02:00:00,0.3959523970042369
2020-08-25 02:03:00,0.3877179684227485
2020-08-25 02:06:00,0.39744509772839365
2020-08-25 02:09:00,0.39952262057039434
2020-08-25 02:12:00,0.35770406654705766
2020-08-25 02:15:00,0.4047077233272489
2020-08-25 02:18:00,0.32122042689155705
2020-08-25 02:21:00,0.39930803124212844
2020-08-25 02:24:00,0.44785090699122065
2020-08-25 02:27:00,0.38099178216555174
2020-08-25 02:30:00,0.3317399871747284
2020-08-25 02:33:00,0.35783638193720435
2020-08-25 02:36:00,0.3956753811872886
2020-08-25 02:39:00,0.3566308499371189
2020-08-25 02:42:00,0.4043231011932562
2020-08-25 02:45:00,0.42312215526163754
2020-08-25 02:48:00,0.2634996112083172
2020-08-25 02:51:00,0.4313516249771965
2020-08-25 02:54:00,0.3476815557462487
2020-08-25 02:57:00,0.3878722207050487
2020-08-25 03:00:00,0.3510275847435764
2020-08-25 03:03:00,0.3096109620405514
2020-08-25 03:06:00,0.3496085233984445
2020-08-25 03:09:00,0.222344585333758
2020-08-25 03:12:00,0.28786485151050556
2020-08-25 03:15:00,0.3853575690607727
2020-08-25 03:18:00,0.3593326655526994
2020-08-25 03:21:00,0.4591271901740015
2020-08-25 03:24:00,0.38146478402131834
2020-08-25 03:27:00,0.49716050053922345
2020-08-25 03:30:00,0.5249932594779807
2020-08-25 03:33:00,0.4459106923414424
2020-08-25 03:36:00,0.5294226094533201
2020-08-25 03:39:00,0.4111580868917599
2020-08-25 03:42:00,0.4920768842708867
2020-08-25 03:45:00,0.43969027656549997
2020-08-25 03:48:00,0.45714344148854025
2020-08-25 03:51:00,0.5123167027730346
2020-08-25 03:54:00,0.40715287488353624
2020-08-25 03:57:00,0.4832608216108838
2020-08-25 04:00:00,0.4675989692076996
2020-08-25 04:03:00,0.5286265969468786
2020-08-25 04:06:00,0.4236038322778768
2020-08-25 04:09:00,0.43007810170212224
2020-08-25 04:12:00,0.46338950256864564
2020-08-25 04:15:00,0.4340200328121
2020-08-25 04:18:00,0.4931031927952745
2020-08-25 04:21:00,0.43688447499107497
2020-08-25 04:24:00,0.4451033222126739
2020-08-25 04:27:00,0.4056198862823521
2020-08-25 04:30:00,0.42601824421410583
2020-08-25 04:33:00,0.41192204583876446
2020-08-25 04:36:00,0.45091254371976675
2020-08-25 04:39:00,0.3371506609543644
2020-08-25 04:42:00,0.4151614395844945
2020-08-25 04:45:00,0.3859297144175571
2020-08-25 04:48:00,0.3973939721174702
2020-08-25 04:51:00,0.3845682869357461
2020-08-25 04:54:00,0.4515483278059378
2020-08-25 04:57:00,0.41779176849178157
2020-08-25 05:00:00,0.4084260494544196
2020-08-25 05:03:00,0.36949423257573244
2020-08-25 05:06:00,0.43421709656877283
2020-08-25 05:09:00,0.4303658035325384
2020-08-25 05:12:00,0.340600200030849
2020-08-25 05:15:00,0.36049265542749254
2020-08-25 05:18:00,0.36733942563751043
2020-08-25 05:21:00,0.46699982705820275
2020-08-25 05:24:00,0.4263062008897691
2020-08-25 05:27:00,0.3786217856150529
2020-08-25 05:30:00,0.4063929105332704
2020-08-25 05:33:00,0.36472349655394964
2020-08-25 05:36:00,0.33692087940858073
2020-08-25 05:39:00,0.46173203314930333
2020-08-25 05:42:00,0.46455527270171615
2020-08-25 05:45:00,0.3997377168569187
2020-08-25 05:48:00,0.3297445826858052
2020-08-25 05:51:00,0.4586206336704777
2020-08-25 05:54:00,0.3827310427406019
2020-08-25 05:57:00,0.438100659061206
2020-08-25 06:00:00,0.3990628920390691
2020-08-25 06:03:00,0.4590468089085107
2020-08-25 06:06:00,0.42636569108543654
2020-08-25 06:09:00,0.4578499156682483
2020-08-25 06:12:00,0.3863150648851956
2020-08-25 06:15:00,0.415041814380686
2020-08-25 06:18:00,0.4018078466461361
2020-08-25 06:21:00,0.47435445382024
2020-08-25 06:24:00,0.41200290430873565
2020-08-25 06:27:00,0.40827816950627493
2020-08-25 06:30:00,0.35598142044034375
2020-08-25 06:33:00,0.4158268124271558
2020-08-25 06:36:00,0.3057879221069584
2020-08-25 06:39:00,0.36270952531697276
2020-08-25 06:42:00,0.315992020850274
2020-08-25 06:45:00,0.3496019042298144
2020-08-25 06:48:00,0.312276211255778
2020-08-25 06:51:00,0.403824308235869
2020-08-25 06:54:00,0.3680813334717641
2020-08-25 06:57:00,0.28379170341224835
2020-08-25 07:00:00,0.3675915643938765
2020-08-25 07:03:00,0.4671002336401102
2020-08-25 07:06:00,0.3507808266433585
2020-08-25 07:09:00,0.3779349529146998
2020-08-25 07:12:00,0.36304598862233206
2020-08-25 07:15:00,0.44322853840316156
2020-08-25 07:18:00,0.37103297658791234
2020-08-25 07:21:00,0.38905486369583286
2020-08-25 07:24:00,0.45695750891371745
2020-08-25 07:27:00,0.4459160598862013
2020-08-25 07:30:00,0.4059659320437845
2020-08-25 07:33:00,0.32146628541738664
2020-08-25 07:36:00,0.4742758815434627
2020-08-25 07:39:00,0.3286580689944003
2020-08-25 07:42:00,0.3132427530723021
2020-08-25 07:45:00,0.34153265462634863
2020-08-25 07:48:00,0.35429677001405935
2020-08-25 07:51:00,0.40447729310017166
2020-08-25 07:54:00,0.30673504090390225
2020-08-25 07:57:00,0.3172814833962434
2020-08-25 08:00:00,0.4146227034486287
2020-08-25 08:03:00,0.37963490090663754
2020-08-25 08:06:00,0.3726907778391251
2020-08-25 08:09:00,0.2607871599979035
2020-08-25 08:12:00,0.3185759990653878
2020-08-25 08:15:00,0.2735771480904532
2020-08-25 08:18:00,0.33336793066513337
2020-08-25 08:21:00,0.2670550138136605
2020-08-25 08:24:00,0.2788824992874197
2020-08-25 08:27:00,0.26488697004725736
2020-08-25 08:30:00,0.31278447924375996
2020-08-25 08:33:00,0.38174482165374
2020-08-25 08:36:00,0.26577182836348356
2020-08-25 08:39:00,0.34752084340499323
2020-08-25 08:42:00,0.2695238616079223
2020-08-25 08:45:00,0.3802578743843128
2020-08-25 08:48:00,0.3843293416446727
2020-08-25 08:51:00,0.3845755235111028
2020-08-25 08:54:00,0.36459084703972167
2020-08-25 08:57:00,0.19644581426717878
2020-08-25 09:00:00,0.29505164527614625
2020-08-25 09:03:00,0.3419552403343573
2020-08-25 09:06:00,0.4458185793889129
2020-08-25 09:09:00,0.4024060577086175
2020-08-25 09:12:00,0.2719830663568814
2020-08-25 09:15:00,0.23493999257277665
2020-08-25 09:18:00,0.28696292310024774
2020-08-25 09:21:00,0.28124766760760167
2020-08-25 09:24:00,0.2928526227074144
2020-08-25 09:27:00,0.25422298511631425
2020-08-25 09:30:00,0.2991950513966799
2020-08-25 09:33:00,0.14595265216132702
2020-08-25 09:36:00,0.2560167762447918
2020-08-25 09:39:00,0.20924600186174303
2020-08-25 09:42:00,0.1782447023603595
2020-08-25 09:45:00,0.3766358120218456
2020-08-25 09:48:00,0.24350613919909847
2020-08-25 09:51:00,0.31138135198824557
2020-08-25 09:54:00,0.27061838085910495
2020-08-25 09:57:00,0.27379069296659964
2020-08-25 10:00:00,0.2051008850235121
2020-08-25 10:03:00,0.17567583670756903
2020-08-25 10:06:00,0.1611215459507207
2020-08-25 10:09:00,0.12035377267488911
2020-08-25 10:12:00,0.09333932051634974
2020-08-25 10:15:00,0.011006342955738546
2020-08-25 10:18:00,0.009679114671712341
2020-08-25 10:21:00,0.11292723601303578
2020-08-25 10:24:00,0.08268537382684826
2020-08-25 10:27:00,0.24821234375940548
2020-08-25 10:30:00,0.2807755386680242
2020-08-25 10:33:00,0.3143159627873615
2020-08-25 10:36:00,0.20941162199324026
2020-08-25 10:39:00,0.11972140876713411
2020-08-25 10:42:00,0.23885947107737593
2020-08-25 10:45:00,0.147146802108864
2020-08-25 10:48:00,0.08638665989525407
2020-08-25 10:51:00,0.07300069165677314
2020-08-25 10:54:00,0.17635039690640042
2020-08-25 10:57:00,0.048680583054135695
2020-08-25 11:00:00,0.2816201643198042
2020-08-25 11:03:00,0.2559465297796919
2020-08-25 11:06:00,0.15578818270188322
2020-08-25 11:09:00,0.09629838923501666
2020-08-25 11:12:00,0.0896572440425416
2020-08-25 11:15:00,0.04755855914680751
2020-08-25 11:18:00,-0.0010949388475296473
2020-08-25 11:21:00,-0.06122571294008594
2020-08-25 11:24:00,-0.07049608599385238
2020-08-25 11:27:00,-0.021101762406317448
2020-08-25 11:30:00,-0.01575372387429752
2020-08-25 11:33:00,0.029980901216163147
2020-08-25 11:36:00,0.001699379348679031
2020-08-25 11:39:00,0.10687417547012501
2020-08-25 11:42:00,-0.0775371362271926
2020-08-25 11:45:00,-0.0640631682886692
2020-08-25 11:48:00,-0.05670141571329168
2020-08-25 11:51:00,-0.08116115941129465
2020-08-25 11:54:00,0.0018823629882263049
2020-08-25 11:57:00,-0.09743544641111157
2020-08-25 12:00:00,0.008700639674941613
2020-08-25 12:03:00,-0.016467860784132426
2020-08-25 12:06:00,-0.1816875972044727
2020-08-25 12:09:00,-0.18908499968767956
2020-08-25 12:12:00,-0.1730223759438445
2020-08-25 12:15:00,-0.2547580842966113
2020-08-25 12:18:00,-0.08188800257829598
2020-08-25 12:21:00,-0.07109668965136962
2020-08-25 12:24:00,-0.12510576904344362
2020-08-25 12:27:00,0.02785476467488479
2020-08-25 12:30:00,0.03015241457370621
2020-08-25 12:33:00,0.014585090670664158
2020-08-25 12:36:00,-0.13583804350622586
2020-08-25 12:39:00,-0.1817635407978173
2020-08-25 12:42:00,-0.05593726095486318
2020-08-25 12:45:00,-0.11608170396385731
2020-08-25 12:48:00,-0.04595342568700289
2020-08-25 12:51:00,-0.21544869917687492
2020-08-25 12:54:00,-0.23024717632529246
2020-08-25 12:57:00,-0.1916362803569882
2020-08-25 13:00:00,-0.22742884508778616
2020-08-25 13:03:00,-0.20540542589429833
2020-08-25 13:06:00,-0.20949448184484254
2020-08-25 13:09:00,-0.22974369274186301
2020-08-25 13:12:00,-0.2627791305258711
2020-08-25 13:15:00,-0.24325313779849012
2020-08-25 13:18:00,-0.192027433493422
2020-08-25 13:21:00,-0.17615200165693068
2020-08-25 13:24:00,-0.300446887377916
2020-08-25 13:27:00,-0.18564773429818615
2020-08-25 13:30:00,-0.3124163297089808
2020-08-25 13:33:00,-0.34182886664825674
2020-08-25 13:36:00,-0.36052527734881323
2020-08-25 13:39:00,-0.2829292377799675
2020-08-25 13:42:00,-0.3498405731865546
2020-08-25 13:45:00,-0.3444073438730584
2020-08-25 13:48:00,-0.3440626026562086
2020-08-25 13:51:00,-0.22998860148749145
2020-08-25 13:54:00,-0.32916314409914094
2020-08-25 13:57:00,-0.3258085446350947
2020-08-25 14:00:00,-0.32878812234849875
2020-08-25 14:03:00,-0.3320240511135921
2020-08-25 14:06:00,-0.31363078572303493
2020-08-25 14:09:00,-0.3536046882487085
2020-08-25 14:12:00,-0.17169007539195036
2020-08-25 14:15:00,-0.3195976110821448
2020-08-25 14:18:00,-0.35517197686050395
2020-08-25 14:21:00,-0.3666683525257781
2020-08-25 14:24:00,-0.3256572083815854
2020-08-25 14:27:00,-0.2899175017875564
2020-08-25 14:30:00,-0.27257387773812525
2020-08-25 14:33:00,-0.30894208366822795
2020-08-25 14:36:00,-0.3819845674682938
2020-08-25 14:39:00,-0.35961244629794464
2020-08-25 14:42:00,-0.30975412900750143
2020-08-25 14:45:00,-0.282580216929432
2020-08-25 14:48:00,-0.28362735511694837
2020-08-25 14:51:00,-0.2814302890730005
2020-08-25 14:54:00,-0.2885822454373397
2020-08-25 14:57:00,-0.31639938818671
2020-08-25 15:00:00,-0.2947564673424381
2020-08-25 15:03:00,-0.2279438874386983
2020-08-25 15:06:00,-0.4025323375194034
2020-08-25 15:09:00,-0.29760271728434873
2020-08-25 15:12:00,-0.3313408360671133
2020-08-25 15:15:00,-0.4270485910553816
2020-08-25 15:18:00,-0.4096010953194309
2020-08-25 15:21:00,-0.3494637022567417
2020-08-25 15:24:00,-0.2939399073350728
2020-08-25 15:27:00,-0.4333114453139615
2020-08-25 15:30:00,-0.33138616281172517
2020-08-25 15:33:00,-0.3530039000254419
2020-08-25 15:36:00,-0.24491781585277295
2020-08-25 15:39:00,-0.27003661269566237
2020-08-25 15:42:00,-0.3768435127234966
2020-08-25 15:45:00,-0.3645495571818742
2020-08-25 15:48:00,-0.3545682853437029
2020-08-25 15:51:00,-0.29850274483862904
2020-08-25 15:54:00,-0.36973247568175793
2020-08-25 15:57:00,-0.19513749579016348
2020-08-25 16:00:00,-0.2750101553806985
2020-08-25 16:03:00,-0.31318083574518596
2020-08-25 16:06:00,-0.30064212728814255
2020-08-25 16:09:00,-0.26763599183925635
2020-08-25 16:12:00,-0.27146594803309654
2020-08-25 16:15:00,-0.26198536323016697
2020-08-25 16:18:00,-0.3117243830766938
2020-08-25 16:21:00,-0.19385067523700172
2020-08-25 16:24:00,-0.2507501953149358
2020-08-25 16:27:00,-0.3470034397764721
2020-08-25 16:30:00,-0.1953638367313033
2020-08-25 16:33:00,-0.11281727479729398
2020-08-25 16:36:00,-0.1755718235874042
2020-08-25 16:39:00,-0.13208252288455924
2020-08-25 16:42:00,-0.09177310839669417
2020-08-25 16:45:00,-0.22644098239840105
2020-08-25 16:48:00,-0.2298219841703144
2020-08-25 16:51:00,-0.20654321711418788
2020-08-25 16:54:00,-0.09324904975608206
2020-08-25 16:57:00,-0.05966415016797555
2020-08-25 17:00:00,-0.20450676110203858
2020-08-25 17:03:00,-0.10286718428903896
2020-08-25 17:06:00,-0.19972112735734981
2020-08-25 17:09:00,-0.1540809925094777
2020-08-25 17:12:00,-0.15066400681553205
2020-08-25 17:15:00,-0.2480591073563687
2020-08-25 17:18:00,-0.06318933521214376
2020-08-25 17:21:00,-0.10461570880733007
2020-08-25 17:24:00,-0.12230301791743159
2020-08-25 17:27:00,-0.1311269137466411
2020-08-25 17:30:00,-0.1506095505234839
2020-08-25 17:33:00,-0.08874310016915388
2020-08-25 17:36:00,-0.16343771847260768
2020-08-25 17:39:00,-0.03266218222614725
2020-08-25 17:42:00,0.008643356330765073
2020-08-25 17:45:00,-0.011306051355916225
2020-08-25 17:48:00,-0.035048162535019856
2020-08-25 17:51:00,-0.0004883212181994168
2020-08-25 17:54:00,-0.05701796610139809
2020-08-25 17:57:00,0.038466398834714255
2020-08-25 18:00:00,0.014872081294186046
2020-08-25 18:03:00,0.014992077554722982
2020-08-25 18:06:00,0.08126199320759042
2020-08-25 18:09:00,0.0135787813665047
2020-08-25 18:12:00,0.06372995049713381
2020-08-25 18:15:00,0.035582370670510954
2020-08-25 18:18:00,-0.005562103622878567
2020-08-25 18:21:00,0.04845036106826228
2020-08-25 18:24:00,0.1764046532764496
2020-08-25 18:27:00,0.20114418972337944
2020-08-25 18:30:00,0.3223123685036171
2020-08-25 18:33:00,0.37741750374937055
2020-08-25 18:36:00,0.4063524420698741
2020-08-25 18:39:00,0.27512446728150053
2020-08-25 18:42:00,0.23988777428502317
2020-08-25 18:45:00,0.05617144747094471
2020-08-25 18:48:00,0.036239525807275186
2020-08-25 18:51:00,0.15615695401834273
2020-08-25 18:54:00,
2020-08-25 18:57:00,
2020-08-25 19:00:00,
2020-08-25 19:03:00,0.2030864465565969
2020-08-25 19:06:00,0.1814523959456551
2020-08-25 19:09:00,0.10775733838050883
2020-08-25 19:12:00,0.19446314477619353
2020-08-25 19:15:00,0.28981999683395543
2020-08-25 19:18:00,0.23008981029857978
2020-08-25 19:21:00,0.08415585325593611
2020-08-25 19:24:00,0.1259352431205798
2020-08-25 19:27:00,0.006515208610153422
2020-08-25 19:30:00,0.10540507543521471
2020-08-25 19:33:00,0.25333627262801883
2020-08-25 19:36:00,0.12312816802437965
2020-08-25 19:39:00,0.15613206223974885
2020-08-25 19:42:00,0.15240714074184325
2020-08-25 19:45:00,0.17108442221331188
2020-08-25 19:48:00,0.21281949083265772
2020-08-25 19:51:00,0.25477465367305285
2020-08-25 19:54:00,0.2835067806929601
2020-08-25 19:57:00,0.32655295140460794
2020-08-25 20:00:00,0.34561149403509717
2020-08-25 20:03:00,0.2715249927007335
2020-08-25 20:06:00,0.2801317963464385
2020-08-25 20:09:00,0.34996390085302664
2020-08-25 20:12:00,0.3042609446343931
2020-08-25 20:15:00,0.3140314294945483
2020-08-25 20:18:00,0.29103938712734134
2020-08-25 20:21:00,0.25247826935731155
2020-08-25 20:24:00,0.29673027228204774
2020-08-25 20:27:00,0.24408822886357484
2020-08-25 20:30:00,0.1899118495031189
2020-08-25 20:33:00,0.20467293393176078
2020-08-25 20:36:00,0.1499506505995214
2020-08-25 20:39:00,0.19176533780688487
2020-08-25 20:42:00,0.13788982533776561
2020-08-25 20:45:00,0.16673076235343842
2020-08-25 20:48:00,0.19600000451379174
2020-08-25 20:51:00,0.1720520668654899
2020-08-25 20:54:00,0.07752160766057159
2020-08-25 20:57:00,0.07217997675132892
2020-08-25 21:00:00,0.09057818405551643
2020-08-25 21:03:00,0.18106346422024444
2020-08-25 21:06:00,0.2343492307300039
2020-08-25 21:09:00,0.3615853666161115
2020-08-25 21:12:00,0.5156402976078311
2020-08-25 21:15:00,0.6441784485945163
2020-08-25 21:18:00,0.7070342574849633
2020-08-25 21:21:00,0.48482946924582393
2020-08-25 21:24:00,0.5920602392095589
2020-08-25 21:27:00,0.24658063102179995
2020-08-25 21:30:00,0.38877624484990747
2020-08-25 21:33:00,0.4189183399985268
2020-08-25 21:36:00,0.3830490823355035
2020-08-25 21:39:00,0.3096897241011334
2020-08-25 21:42:00,0.3876738367350754
2020-08-25 21:45:00,0.4619715465868808
2020-08-25 21:48:00,0.4057338503509982
2020-08-25 21:51:00,0.46061846599354794
2020-08-25 21:54:00,0.3413021997604915
2020-08-25 21:57:00,0.3402125605426818
2020-08-25 22:00:00,0.4150177531655004
2020-08-25 22:03:00,0.3526262823237971
2020-08-25 22:06:00,0.3215587662741086
2020-08-25 22:09:00,0.3789370647458554
2020-08-25 22:12:00,0.4628569416422579
2020-08-25 22:15:00,0.5212381140217417
2020-08-25 22:18:00,0.521175960027108
2020-08-25 22:21:00,0.4310235056030365
2020-08-25 22:24:00,0.3313431849827566
2020-08-25 22:27:00,0.5166683238674636
2020-08-25 22:30:00,0.47922976857472577
2020-08-25 22:33:00,0.47537311234009394
2020-08-25 22:36:00,0.4766563285010079
2020-08-25 22:39:00,0.39426447049510216
2020-08-25 22:42:00,0.4931377740771268
2020-08-25 22:45:00,0.38336861944935663
2020-08-25 22:48:00,0.4272670274168604
2020-08-25 22:51:00,0.4614467752532505
2020-08-25 22:54:00,0.39414168112551806
2020-08-25 22:57:00,0.4462785839165804
2020-08-25 23:00:00,0.39758243884972444
2020-08-25 23:03:00,0.4315594321568028
2020-08-25 23:06:00,0.36936897966739934
2020-08-25 23:09:00,0.43495187672778
2020-08-25 23:12:00,0.358887713801721
2020-08-25 23:15:00,0.4442586740725005
2020-08-25 23:18:00,0.41123803011237214
2020-08-25 23:21:00,0.38453709965790495
2020-08-25 23:24:00,0.44854536354205266
2020-08-25 23:27:00,0.2796115889163957
2020-08-25 23:30:00,0.389345579467431
2020-08-25 23:33:00,0.39105104688707115
2020-08-25 23:36:00,0.3753006516939763
2020-08-25 23:39:00,0.4659945925100146
2020-08-25 23:42:00,0.4257964324117438
2020-08-25 23:45:00,0.4613726331762109
2020-08-25 23:48:00,0.4637643295642988
2020-08-25 23:51:00,0.46938783939441464
2020-08-25 23:54:00,0.5722256105269139
2020-08-25 23:57:00,0.4717055092172018
2020-08-26 00:00:00,0.49340076606932826
2020-08-26 00:03:00,0.5205448878731431
2020-08-26 00:06:00,0.48596933967979794
2020-08-26 00:09:00,0.517587334870143
2020-08-26 00:12:00,0.5252089733128855
2020-08-26 00:15:00,0.366215663813648
2020-08-26 00:18:00,0.46783367013250654
2020-08-26 00:21:00,0.5261543245177904
2020-08-26 00:24:00,0.4238304497361014
2020-08-26 00:27:00,0.5186958392546899
2020-08-26 00:30:00,0.4746448984141125
2020-08-26 00:33:00,0.5147710499892924
2020-08-26 00:36:00,0.4174451390341005
2020-08-26 00:39:00,0.49166323996121264
2020-08-26 00:42:00,0.40704024568992736
2020-08-26 00:45:00,0.5358033607827792
2020-08-26 00:48:00,0.3686963935026597
2020-08-26 00:51:00,0.418340475245941
2020-08-26 00:54:00,0.494298565696738
2020-08-26 00:57:00,0.41477307546369957
2020-08-26 01:00:00,0.44022386341151787
2020-08-26 01:03:00,0.40641532323837737
2020-08-26 01:06:00,0.41719325040912736
2020-08-26 01:09:00,0.4022240524093945
2020-08-26 01:12:00,0.3918829361797975
2020-08-26 01:15:00,0.448559197551333
2020-08-26 01:18:00,0.3577797463322554
2020-08-26 01:21:00,0.4149477770750991
2020-08-26 01:24:00,0.42533057918592476
2020-08-26 01:27:00,0.24354308072469166
2020-08-26 01:30:00,0.28625965701655787
2020-08-26 01:33:00,0.29448081801291437
2020-08-26 01:36:00,0.4059623701897408
2020-08-26 01:39:00,0.33223798409790106
2020-08-26 01:42:00,0.4119620349691786
2020-08-26 01:45:00,0.3485958537495435
2020-08-26 01:48:00,0.3908955344184619
2020-08-26 01:51:00,0.5195352949220364
2020-08-26 01:54:00,0.3896530591268288
2020-08-26 01:57:00,0.5213893719663929
2020-08-26 02:00:00,0.52913314129421
2020-08-26 02:03:00,0.6255989345927446
2020-08-26 02:06:00,0.4418295337632685
2020-08-26 02:09:00,0.6189441485725524
2020-08-26 02:12:00,0.5848734856404008
2020-08-26 02:15:00,0.4780168893485097
2020-08-26 02:18:00,0.43840430407192343
2020-08-26 02:21:00,0.3991938068699028
2020-08-26 02:24:00,0.5016649327663458
2020-08-26 02:27:00,0.46841121353838844
2020-08-26 02:30:00,0.4372035265273553
2020-08-26 02:33:00,0.43769202273318797
2020-08-26 02:36:00,0.4617774450334764
2020-08-26 02:39:00,0.41852049890684384
2020-08-26 02:42:00,0.5805783968147011
2020-08-26 02:45:00,0.64870341916901
2020-08-26 02:48:00,0.6163626457114901
2020-08-26 02:51:00,0.5339300599723629
2020-08-26 02:54:00,0.5150198677418416
2020-08-26 02:57:00,0.5397419365269229
2020-08-26 03:00:00,0.6572277678392879
2020-08-26 03:03:00,0.5687461744818165
2020-08-26 03:06:00,0.6900374677508125
2020-08-26 03:09:00,0.8014170331983905
2020-08-26 03:12:00,0.6249846942005775
2020-08-26 03:15:00,0.6959993868607057
2020-08-26 03:18:00,0.5381294726545889
2020-08-26 03:21:00,0.4054071592025821
2020-08-26 03:24:00,0.5459495112124273
2020-08-26 03:27:00,0.5195706355677316
2020-08-26 03:30:00,0.43524865546845604
2020-08-26 03:33:00,0.522913218995825
2020-08-26 03:36:00,0.39487635943760324
2020-08-26 03:39:00,0.4177686645041945
2020-08-26 03:42:00,0.4515425195822331
2020-08-26 03:45:00,0.3096367164476419
2020-08-26 03:48:00,0.45796158930608044
2020-08-26 03:51:00,0.5082575496924733
2020-08-26 03:54:00,0.4078388896812726
2020-08-26 03:57:00,0.4018149967656086
2020-08-26 04:00:00,0.4396559127692967
2020-08-26 04:03:00,0.38954043739852295
2020-08-26 04:06:00,0.4112192669587671
2020-08-26 04:09:00,0.4689235245902523
2020-08-26 04:12:00,0.43987509928297186
2020-08-26 04:15:00,0.3645542304383298
2020-08-26 04:18:00,0.4309394568448397
2020-08-26 04:21:00,0.44159911338465463
2020-08-26 04:24:00,0.48796665825113905
2020-08-26 04:27:00,0.4639703223606375
2020-08-26 04:30:00,0.47709817350568073
2020-08-26 04:33:00,0.5250119416636494
2020-08-26 04:36:00,0.5422368277286864
2020-08-26 04:39:00,0.5021719212471112
2020-08-26 04:42:00,0.48798955292380697
2020-08-26 04:45:00,0.5951135186501801
2020-08-26 04:48:00,0.46914883212900804
2020-08-26 04:51:00,0.6069459762457541
2020-08-26 04:54:00,0.5486229044857964
2020-08-26 04:57:00,0.49724792933312756
2020-08-26 05:00:00,0.43001855247757703
2020-08-26 05:03:00,0.5615929239646675
2020-08-26 05:06:00,0.4380357426773003
2020-08-26 05:09:00,0.565384925079286
2020-08-26 05:12:00,0.45635644688036336
2020-08-26 05:15:00,0.5256228899354483
2020-08-26 05:18:00,0.5174913296948489
2020-08-26 05:21:00,0.4959136182144448
2020-08-26 05:24:00,0.4769298817940353
2020-08-26 05:27:00,0.45704177105596955
2020-08-26 05:30:00,0.4973136259668536
2020-08-26 05:33:00,0.4019408780104641
2020-08-26 05:36:00,0.472051024411428
2020-08-26 05:39:00,0.46380913436064475
2020-08-26 05:42:00,0.5778063280902757
2020-08-26 05:45:00,0.4994654522414521
2020-08-26 05:48:00,0.45939692996296344
2020-08-26 05:51:00,0.49022490407952546
2020-08-26 05:54:00,0.5500253805031434
2020-08-26 05:57:00,0.49336387389706715
2020-08-26 06:00:00,0.4458526399051266
2020-08-26 06:03:00,0.4555222496708211
2020-08-26 06:06:00,0.49856451431702453
2020-08-26 06:09:00,0.47920860558878076
2020-08-26 06:12:00,0.39061525108905926
2020-08-26 06:15:00,0.42809231292136474
2020-08-26 06:18:00,0.5038586686162034
2020-08-26 06:21:00,0.4711893881995479
2020-08-26 06:24:00,0.4480453240964266
2020-08-26 06:27:00,0.47030126653856996
2020-08-26 06:30:00,0.4208948331548754
2020-08-26 06:33:00,0.52123590082806
2020-08-26 06:36:00,0.48696912197237907
2020-08-26 06:39:00,0.5043343155947468
2020-08-26 06:42:00,0.5292537223924683
2020-08-26 06:45:00,0.4910851920179766
2020-08-26 06:48:00,0.47090333750128366
2020-08-26 06:51:00,0.5309141827883082
2020-08-26 06:54:00,0.42515033723907436
2020-08-26 06:57:00,0.41875454757791886
2020-08-26 07:00:00,0.48564097155036734
2020-08-26 07:03:00,0.48926003533921403
2020-08-26 07:06:00,0.4498147924430782
2020-08-26 07:09:00,0.5362571016850666
2020-08-26 07:12:00,0.4848798193216908
2020-08-26 07:15:00,0.5097005372768422
2020-08-26 07:18:00,0.444452404655749
2020-08-26 07:21:00,0.4137076147524681
2020-08-26 07:24:00,0.32692787860173667
2020-08-26 07:27:00,0.4904901663002761
2020-08-26 07:30:00,0.5027454883314704
2020-08-26 07:33:00,0.5267300128144257
2020-08-26 07:36:00,0.35902283105099286
2020-08-26 07:39:00,0.5365401509144476
2020-08-26 07:42:00,0.5595045096266631
2020-08-26 07:45:00,0.5429070877335676
2020-08-26 07:48:00,0.4964460182696939
2020-08-26 07:51:00,0.4240554049757179
2020-08-26 07:54:00,0.3287698009796145
2020-08-26 07:57:00,0.46661335124190373
2020-08-26 08:00:00,0.45541554484958624
2020-08-26 08:03:00,0.4304268485278726
2020-08-26 08:06:00,0.446589162682983
2020-08-26 08:09:00,0.42787843871701625
2020-08-26 08:12:00,0.3601688860221657
2020-08-26 08:15:00,0.4042203228350445
2020-08-26 08:18:00,0.33600683857827107
2020-08-26 08:21:00,0.44362737661862184
2020-08-26 08:24:00,0.39662753380156346
2020-08-26 08:27:00,0.3983484425525603
2020-08-26 08:30:00,0.3796236751292099
2020-08-26 08:33:00,0.37746780778513767
2020-08-26 08:36:00,0.36888583249481144
2020-08-26 08:39:00,0.2999410211818372
2020-08-26 08:42:00,0.3382719698759047
2020-08-26 08:45:00,0.361937800335113
2020-08-26 08:48:00,0.20586237853638067
2020-08-26 08:51:00,0.4851775399690723
2020-08-26 08:54:00,0.4276247935371771
2020-08-26 08:57:00,0.3138891432755031
2020-08-26 09:00:00,0.3714488310698698
2020-08-26 09:03:00,0.4032692905508384
2020-08-26 09:06:00,0.4281445935617967
2020-08-26 09:09:00,0.4340651945548757
2020-08-26 09:12:00,0.3197546637110804
2020-08-26 09:15:00,0.3999618301624537
2020-08-26 09:18:00,0.337377903760796
2020-08-26 09:21:00,0.3262049468974624
2020-08-26 09:24:00,0.3088114351230047
2020-08-26 09:27:00,0.44186766472978434
2020-08-26 09:30:00,0.3129401263101954
2020-08-26 09:33:00,0.3414259229656409
2020-08-26 09:36:00,0.3716344499471802
2020-08-26 09:39:00,0.1993615584096915
2020-08-26 09:42:00,0.2514873453492896
2020-08-26 09:45:00,0.3730617753947172
2020-08-26 09:48:00,0.31295169317479576
2020-08-26 09:51:00,0.34278356284431766
2020-08-26 09:54:00,0.2841179361918762
2020-08-26 09:57:00,0.3028668834968471
2020-08-26 10:00:00,0.3095733754436196
2020-08-26 10:03:00,0.2873552535245949
2020-08-26 10:06:00,0.2684276874066427
2020-08-26 10:09:00,0.14456822727390772
2020-08-26 10:12:00,0.1619632896286589
2020-08-26 10:15:00,0.23277307738607078
2020-08-26 10:18:00,0.23015299152638136
2020-08-26 10:21:00,0.1939601293865394
2020-08-26 10:24:00,0.16536713169460882
2020-08-26 10:27:00,0.12275280376502451
2020-08-26 10:30:00,0.15816110303995856
2020-08-26 10:33:00,0.20923939630421273
2020-08-26 10:36:00,0.25212747273911873
2020-08-26 10:39:00,0.22152931873154103
2020-08-26 10:42:00,0.1838893331687359
2020-08-26 10:45:00,0.200719528043237
2020-08-26 10:48:00,0.1525306884990414
2020-08-26 10:51:00,0.22568074112734848
2020-08-26 10:54:00,0.1292607855273218
2020-08-26 10:57:00,0.24564306265295954
2020-08-26 11:00:00,0.1731274408030572
2020-08-26 11:03:00,0.14574133987616733
2020-08-26 11:06:00,0.20407085351786236
2020-08-26 11:09:00,0.11724736543288827
2020-08-26 11:12:00,0.2609189454546481
2020-08-26 11:15:00,0.19169390595243385
2020-08-26 11:18:00,0.22070463138692276
2020-08-26 11:21:00,0.1845977382592423
2020-08-26 11:24:00,0.27609852411166
2020-08-26 11:27:00,0.14493076903414703
2020-08-26 11:30:00,0.12775942528179485
2020-08-26 11:33:00,0.08050571542224816
2020-08-26 11:36:00,0.03446906555785745
2020-08-26 11:39:00,0.21977186526919468
2020-08-26 11:42:00,0.06523715283361753
2020-08-26 11:45:00,0.11450198120246569
2020-08-26 11:48:00,0.14804255077359585
2020-08-26 11:51:00,-0.04115974779602993
2020-08-26 11:54:00,0.2003600118138138
2020-08-26 11:57:00,0.21463822826740397
2020-08-26 12:00:00,0.20323050609175652
2020-08-26 12:03:00,0.21583136107636847
2020-08-26 12:06:00,0.13470513169494325
2020-08-26 12:09:00,0.15370264831551594
2020-08-26 12:12:00,0.16755339926623947
2020-08-26 12:15:00,0.1565391468575399
2020-08-26 12:18:00,0.0425138355370791
2020-08-26 12:21:00,0.11338877492335087
2020-08-26 12:24:00,0.14997592738268395
2020-08-26 12:27:00,0.09916850915021769
2020-08-26 12:30:00,0.09438926902191724
2020-08-26 12:33:00,0.07568588784721442
2020-08-26 12:36:00,0.08949239588838509
2020-08-26 12:39:00,0.10608743302805124
2020-08-26 12:42:00,0.16801577144434532
2020-08-26 12:45:00,0.09582701098781854
2020-08-26 12:48:00,0.17798237312024412
2020-08-26 12:51:00,0.15039765076022604
2020-08-26 12:54:00,0.12531925582311487
2020-08-26 12:57:00,0.18766539709929475
2020-08-26 13:00:00,0.04507245912139979
2020-08-26 13:03:00,0.18172471594380113
2020-08-26 13:06:00,0.06246988104328466
2020-08-26 13:09:00,0.034494700899813324
2020-08-26 13:12:00,0.22233024468488338
2020-08-26 13:15:00,0.2559236061962906
2020-08-26 13:18:00,0.16720443081396752
2020-08-26 13:21:00,0.08307044510883088
2020-08-26 13:24:00,0.08792334308719774
2020-08-26 13:27:00,0.17610605994576645
2020-08-26 13:30:00,0.3123185321353503
2020-08-26 13:33:00,0.22956086813496768
2020-08-26 13:36:00,0.2244580200106725
2020-08-26 13:39:00,0.17798421178287072
2020-08-26 13:42:00,0.2100076556154704
2020-08-26 13:45:00,0.06076744777664089
2020-08-26 13:48:00,0.13727972619784623
2020-08-26 13:51:00,0.21912537391801834
2020-08-26 13:54:00,0.24684784346828792
2020-08-26 13:57:00,0.25957554943488503
2020-08-26 14:00:00,0.06675764054978117
2020-08-26 14:03:00,-0.07220996788925049
2020-08-26 14:06:00,0.05376362018517966
2020-08-26 14:09:00,-0.06688694371342763
2020-08-26 14:12:00,0.03171279488225309
2020-08-26 14:15:00,-0.05207735262911228
2020-08-26 14:18:00,-0.14599981954535224
2020-08-26 14:21:00,-0.08850091749434341
2020-08-26 14:24:00,-0.07312638212130196
2020-08-26 14:27:00,-0.11596848074265154
2020-08-26 14:30:00,-0.010535237572639744
2020-08-26 14:33:00,-0.00719746160706336
2020-08-26 14:36:00,0.03863668433240264
2020-08-26 14:39:00,0.015182431074663327
2020-08-26 14:42:00,-0.03629281755593183
2020-08-26 14:45:00,-0.13786734722475558
2020-08-26 14:48:00,-0.0019874101420214174
2020-08-26 14:51:00,0.01387244469236748
2020-08-26 14:54:00,-0.10129703410558477
2020-08-26 14:57:00,-0.08485084545674226
2020-08-26 15:00:00,-0.156344468009479
2020-08-26 15:03:00,-0.09586892953683446
2020-08-26 15:06:00,-0.13218243733592772
2020-08-26 15:09:00,-0.2593660598435008
2020-08-26 15:12:00,-0.10177573043637267
2020-08-26 15:15:00,-0.12320984414822078
2020-08-26 15:18:00,-0.14175634919240565
2020-08-26 15:21:00,-0.19065100086885423
2020-08-26 15:24:00,-0.12506054728976324
2020-08-26 15:27:00,-0.13464117805506248
2020-08-26 15:30:00,-0.12152307327153267
2020-08-26 15:33:00,-0.28664402069676953
2020-08-26 15:36:00,-0.15975223193470356
2020-08-26 15:39:00,-0.14512719306156896
2020-08-26 15:42:00,-0.11266551147411974
2020-08-26 15:45:00,-0.2064304025088859
2020-08-26 15:48:00,-0.18115537818925986
2020-08-26 15:51:00,-0.1973595683763847
2020-08-26 15:54:00,-0.08471441061334417
2020-08-26 15:57:00,-0.19517726151525494
2020-08-26 16:00:00,-0.14931126082592527
2020-08-26 16:03:00,-0.12522484937454692
2020-08-26 16:06:00,-0.07148068917081218
2020-08-26 16:09:00,-0.227235723868489
2020-08-26 16:12:00,-0.08658053755459605
2020-08-26 16:15:00,-0.24362630980249378
2020-08-26 16:18:00,-0.2904234148755336
2020-08-26 16:21:00,-0.22969476571046243
2020-08-26 16:24:00,-0.20757696950272475
2020-08-26 16:27:00,-0.08953008128901274
2020-08-26 16:30:00,-0.2252422075144409
2020-08-26 16:33:00,-0.2582270158884512
2020-08-26 16:36:00,-0.13804912982902806
2020-08-26 16:39:00,-0.11485630702981098
2020-08-26 16:42:00,-0.09423902919041893
2020-08-26 16:45:00,-0.20325333843425142
2020-08-26 16:48:00,-0.08920745318914669
2020-08-26 16:51:00,-0.2285365869325915
2020-08-26 16:54:00,0.008609249089943205
2020-08-26 16:57:00,-0.13337371626494132
2020-08-26 17:00:00,-0.18893455780499835
2020-08-26 17:03:00,-0.003550066580089606
2020-08-26 17:06:00,0.014738892982791185
2020-08-26 17:09:00,-0.09277851434319473
2020-08-26 17:12:00,-0.03045541154330067
2020-08-26 17:15:00,-0.0784397030925561
2020-08-26 17:18:00,-0.11594448087669207
2020-08-26 17:21:00,-0.1510829249350536
2020-08-26 17:24:00,-0.08589618836509771
2020-08-26 17:27:00,-0.07190001806412738
2020-08-26 17:30:00,-0.10639965843824939
2020-08-26 17:33:00,-0.05495633457661597
2020-08-26 17:36:00,-0.0019404053259108878
2020-08-26 17:39:00,-0.055331066869939605
2020-08-26 17:42:00,-0.06479458551547168
2020-08-26 17:45:00,0.02594033791694983
2020-08-26 17:48:00,-0.07444194564970985
2020-08-26 17:51:00,-0.024252737667325164
2020-08-26 17:54:00,-0.0321172664845335
2020-08-26 17:57:00,-0.1069412637011169
2020-08-26 18:00:00,-0.0722869678699567
2020-08-26 18:03:00,-0.0646423365147939
2020-08-26 18:06:00,-0.034129640702872166
2020-08-26 18:09:00,-0.021250494932701258
2020-08-26 18:12:00,0.016531461604813558
2020-08-26 18:15:00,0.027978520563578968
2020-08-26 18:18:00,0.03606323085244867
2020-08-26 18:21:00,-0.05203286485965464
2020-08-26 18:24:00,-0.030524432654431166
2020-08-26 18:27:00,-0.035575843123524464
2020-08-26 18:30:00,-0.07815625592655806
2020-08-26 18:33:00,-0.027494504820026577
2020-08-26 18:36:00,0.001997210219030876
2020-08-26 18:39:00,-0.05907694120156748
2020-08-26 18:42:00,-0.062082257704048516
2020-08-26 18:45:00,-0.015433032220130372
2020-08-26 18:48:00,0.13841241215141054
2020-08-26 18:51:00,0.03160618285875216
2020-08-26 18:54:00,
2020-08-26 18:57:00,
2020-08-26 19:00:00,
2020-08-26 19:03:00,-0.046019891352614195
2020-08-26 19:06:00,-0.014798295963487362
2020-08-26 19:09:00,-0.01085037363606034
2020-08-26 19:12:00,-0.09508114753089103
2020-08-26 19:15:00,-0.027426895339772273
2020-08-26 19:18:00,-0.013296657908597354
2020-08-26 19:21:00,-0.06765155328361061
2020-08-26 19:24:00,0.012068072753265824
2020-08-26 19:27:00,-0.005927288150758159
2020-08-26 19:30:00,0.1433744278352833
2020-08-26 19:33:00,-0.040300969708312095
2020-08-26 19:36:00,0.09827962413345404
2020-08-26 19:39:00,0.07619755811464302
2020-08-26 19:42:00,0.07322714004152431
2020-08-26 19:45:00,-0.009454252911268668
2020-08-26 19:48:00,-0.027639756044834485
2020-08-26 19:51:00,-0.05660542246079103
2020-08-26 19:54:00,0.011880723052229314
2020-08-26 19:57:00,0.33399568645393174
2020-08-26 20:00:00,0.17587386673210403
2020-08-26 20:03:00,0.2766200424819658
2020-08-26 20:06:00,0.10271363386351595
2020-08-26 20:09:00,0.1519625872758752
2020-08-26 20:12:00,-0.06898984794952412
2020-08-26 20:15:00,0.03732565327942439
2020-08-26 20:18:00,0.21648693158027754
2020-08-26 20:21:00,0.1345771193383598
2020-08-26 20:24:00,0.25383268495897937
2020-08-26 20:27:00,0.07839019753345156
2020-08-26 20:30:00,0.3392088822924393
2020-08-26 20:33:00,0.35050850941303224
2020-08-26 20:36:00,0.32306031605639873
2020-08-26 20:39:00,0.15957057107186756
2020-08-26 20:42:00,0.11103385531851018
2020-08-26 20:45:00,0.09737279201448246
2020-08-26 20:48:00,0.12189904160595688
2020-08-26 20:51:00,0.20821094122214845
2020-08-26 20:54:00,0.16698363212333334
2020-08-26 20:57:00,0.2916755041969168
2020-08-26 21:00:00,0.24644106203402316
2020-08-26 21:03:00,0.2113720797243559
2020-08-26 21:06:00,0.18827401719244108
2020-08-26 21:09:00,0.1563671590075728
2020-08-26 21:12:00,0.21216516576225786
2020-08-26 21:15:00,0.15289941066515667
2020-08-26 21:18:00,0.2046550865082395
2020-08-26 21:21:00,0.14469489226388532
2020-08-26 21:24:00,0.35432706385131496
2020-08-26 21:27:00,0.4654367296440114
2020-08-26 21:30:00,0.45876311717967155
2020-08-26 21:33:00,0.4391686318528514
2020-08-26 21:36:00,0.3174804360980943
2020-08-26 21:39:00,0.2721430919578438
2020-08-26 21:42:00,0.21260831067030495
2020-08-26 21:45:00,0.24677139340519716
2020-08-26 21:48:00,0.09647110129463954
2020-08-26 21:51:00,0.2117247948210661
2020-08-26 21:54:00,0.12535940083893138
2020-08-26 21:57:00,0.11163831809130897
2020-08-26 22:00:00,0.1376562372695389
2020-08-26 22:03:00,0.47063952207724924
2020-08-26 22:06:00,0.5196062273491293
2020-08-26 22:09:00,0.4752305505481331
2020-08-26 22:12:00,0.5126373399344857
2020-08-26 22:15:00,0.24297661140639093
2020-08-26 22:18:00,0.27802425212826165
2020-08-26 22:21:00,0.24310038578022386
2020-08-26 22:24:00,0.3149145392663968
2020-08-26 22:27:00,0.2277077224711661
2020-08-26 22:30:00,0.32671433969750296
2020-08-26 22:33:00,0.35173784966684707
2020-08-26 22:36:00,0.4020242661956672
2020-08-26 22:39:00,0.39380509001847486
2020-08-26 22:42:00,0.305636368266164
2020-08-26 22:45:00,0.29315653422975174
2020-08-26 22:48:00,0.2488336240986655
2020-08-26 22:51:00,0.38651137566688476
2020-08-26 22:54:00,0.23308038864934133
2020-08-26 22:57:00,0.3639661951333437
2020-08-26 23:00:00,0.39748908223259605
2020-08-26 23:03:00,0.49152177459723134
2020-08-26 23:06:00,0.5669376354242104
2020-08-26 23:09:00,0.3783102914721894
2020-08-26 23:12:00,0.3877711357231419
2020-08-26 23:15:00,0.3542334508967997
2020-08-26 23:18:00,0.34856611459827036
2020-08-26 23:21:00,0.363794996595459
2020-08-26 23:24:00,0.2885011747732733
2020-08-26 23:27:00,0.26106175111692664
2020-08-26 23:30:00,0.24783763585037377
2020-08-26 23:33:00,0.28199514160030503
2020-08-26 23:36:00,0.35192334898641775
2020-08-26 23:39:00,0.2609237358012706
2020-08-26 23:42:00,0.3190779410955429
2020-08-26 23:45:00,0.24354729799136976
2020-08-26 23:48:00,0.3803323677149706
2020-08-26 23:51:00,0.30421771501755757
2020-08-26 23:54:00,0.32515208193137823
2020-08-26 23:57:00,0.2426734148630203
2020-08-27 00:00:00,0.3056516517392538
2020-08-27 00:03:00,0.47947973129942056
2020-08-27 00:06:00,0.5367515182040847
2020-08-27 00:09:00,0.39619874104391783
2020-08-27 00:12:00,0.3948395633470341
2020-08-27 00:15:00,0.3115516438184045
2020-08-27 00:18:00,0.3696079524372067
2020-08-27 00:21:00,0.3338708066244749
2020-08-27 00:24:00,0.3548367936087402
2020-08-27 00:27:00,0.4070402848334993
2020-08-27 00:30:00,0.3371443870511257
2020-08-27 00:33:00,0.38253445477045034
2020-08-27 00:36:00,0.48069535184583856
2020-08-27 00:39:00,0.24898170556161858
2020-08-27 00:42:00,0.28814793390284876
2020-08-27 00:45:00,0.3642503688300849
2020-08-27 00:48:00,0.3982805278957926
2020-08-27 00:51:00,0.3756877404591137
2020-08-27 00:54:00,0.37617303898394994
2020-08-27 00:57:00,0.2937533076412251
2020-08-27 01:00:00,0.3033442840759335
2020-08-27 01:03:00,0.40474957938653233
2020-08-27 01:06:00,0.43206763666040615
2020-08-27 01:09:00,0.3905974938936083
2020-08-27 01:12:00,0.30137964368293524
2020-08-27 01:15:00,0.4237758486844996
2020-08-27 01:18:00,0.37374485850199335
2020-08-27 01:21:00,0.42565534903963
2020-08-27 01:24:00,0.38899137458457744
2020-08-27 01:27:00,0.4542025156575846
2020-08-27 01:30:00,0.3282559885552132
2020-08-27 01:33:00,0.3553444366908707
2020-08-27 01:36:00,0.47266670582598636
2020-08-27 01:39:00,0.3195448934008027
2020-08-27 01:42:00,0.46678372469136775
2020-08-27 01:45:00,0.3793538224963413
2020-08-27 01:48:00,0.4337153816833279
2020-08-27 01:51:00,0.4094830849426785
2020-08-27 01:54:00,0.470486213150366
2020-08-27 01:57:00,0.3321788729746231
2020-08-27 02:00:00,0.4146087515529757
2020-08-27 02:03:00,0.3665670343899592
2020-08-27 02:06:00,0.3734696694343711
2020-08-27 02:09:00,0.43092982943574043
2020-08-27 02:12:00,0.450504041865031
2020-08-27 02:15:00,0.43090186760650795
2020-08-27 02:18:00,0.4031878042242738
2020-08-27 02:21:00,0.396087267273856
2020-08-27 02:24:00,0.46451928774700946
2020-08-27 02:27:00,0.38985578538375876
2020-08-27 02:30:00,0.347319414335459
2020-08-27 02:33:00,0.3859940200072174
2020-08-27 02:36:00,0.4175536491757157
2020-08-27 02:39:00,0.37271218094684855
2020-08-27 02:42:00,0.5121402699997475
2020-08-27 02:45:00,0.3372625058780159
2020-08-27 02:48:00,0.33038105353705305
2020-08-27 02:51:00,0.3805803440010891
2020-08-27 02:54:00,0.4699549170162527
2020-08-27 02:57:00,0.4167024298413935
2020-08-27 03:00:00,0.41313935914922695
2020-08-27 03:03:00,0.4685237149585646
2020-08-27 03:06:00,0.32904323492607546
2020-08-27 03:09:00,0.46961341838095905
2020-08-27 03:12:00,0.3903190725301897
2020-08-27 03:15:00,0.31171847127677665
2020-08-27 03:18:00,0.40382385247289676
2020-08-27 03:21:00,0.41778612971285156
2020-08-27 03:24:00,0.39086115443558356
2020-08-27 03:27:00,0.41673181491069045
2020-08-27 03:30:00,0.3550160129076403
2020-08-27 03:33:00,0.39042346834241926
2020-08-27 03:36:00,0.4002148967746848
2020-08-27 03:39:00,0.527828471306691
2020-08-27 03:42:00,0.34527843169053085
2020-08-27 03:45:00,0.45700979822811405
2020-08-27 03:48:00,0.343338463153259
2020-08-27 03:51:00,0.4634036800483159
2020-08-27 03:54:00,0.38102741858830314
2020-08-27 03:57:00,0.43292066704134413
2020-08-27 04:00:00,0.4274715406708651
2020-08-27 04:03:00,0.3700980967312262
2020-08-27 04:06:00,0.39489139040358623
2020-08-27 04:09:00,0.34255575240587177
2020-08-27 04:12:00,0.5157502544265071
2020-08-27 04:15:00,0.3562980795032331
2020-08-27 04:18:00,0.3895426784340543
2020-08-27 04:21:00,0.45838954274796606
2020-08-27 04:24:00,0.372637908829347
2020-08-27 04:27:00,0.3340756023860081
2020-08-27 04:30:00,0.33232752023877765
2020-08-27 04:33:00,0.38441980910096163
2020-08-27 04:36:00,0.4777975933723724
2020-08-27 04:39:00,0.46728436666342077
2020-08-27 04:42:00,0.42790961882167267
2020-08-27 04:45:00,0.3681751332591148
2020-08-27 04:48:00,0.35386194084452427
2020-08-27 04:51:00,0.47413702575317984
2020-08-27 04:54:00,0.502228314099284
2020-08-27 04:57:00,0.4250637408483158
2020-08-27 05:00:00,0.40254360389121757
2020-08-27 05:03:00,0.43836595500454223
2020-08-27 05:06:00,0.42178989397223177
2020-08-27 05:09:00,0.4135161433960093
2020-08-27 05:12:00,0.5756400727955793
2020-08-27 05:15:00,0.5092491657892424
2020-08-27 05:18:00,0.4610555906656373
2020-08-27 05:21:00,0.42688177308519926
2020-08-27 05:24:00,0.45118555677765926
2020-08-27 05:27:00,0.5217562741861457
2020-08-27 05:30:00,0.46402403711044826
2020-08-27 05:33:00,0.46368227728567035
2020-08-27 05:36:00,0.42721727855524705
2020-08-27 05:39:00,0.46820816871218085
2020-08-27 05:42:00,0.44149015851513695
2020-08-27 05:45:00,0.4133786618957629
2020-08-27 05:48:00,0.471262274958292
2020-08-27 05:51:00,0.47888417672720607
2020-08-27 05:54:00,0.5471096648610114
2020-08-27 05:57:00,0.45948225959540423
2020-08-27 06:00:00,0.47856312257721356
2020-08-27 06:03:00,0.4832213402372645
2020-08-27 06:06:00,0.5036993291795966
2020-08-27 06:09:00,0.4916272456234765
2020-08-27 06:12:00,0.4993230745257051
2020-08-27 06:15:00,0.4359504666544467
2020-08-27 06:18:00,0.5440105799135608
2020-08-27 06:21:00,0.5558332175227747
2020-08-27 06:24:00,0.47393199109876605
2020-08-27 06:27:00,0.4719196734508273
2020-08-27 06:30:00,0.4535364132595987
2020-08-27 06:33:00,0.4948985691635812
2020-08-27 06:36:00,0.40017835082807096
2020-08-27 06:39:00,0.4117881642261523
2020-08-27 06:42:00,0.3755250007233144
2020-08-27 06:45:00,0.3527130012136581
2020-08-27 06:48:00,0.34906301667791695
2020-08-27 06:51:00,0.4374164010354775
2020-08-27 06:54:00,0.4080811530193955
2020-08-27 06:57:00,0.42011876128054837
2020-08-27 07:00:00,0.36731056537763607
2020-08-27 07:03:00,0.3402382356865701
2020-08-27 07:06:00,0.38658512570322046
2020-08-27 07:09:00,0.3326291112436479
2020-08-27 07:12:00,0.40934727563387696
2020-08-27 07:15:00,0.30366766560979386
2020-08-27 07:18:00,0.31041251969480754
2020-08-27 07:21:00,0.4236429916443285
2020-08-27 07:24:00,0.36602448582283387
2020-08-27 07:27:00,0.30345465860517606
2020-08-27 07:30:00,0.2945503015863551
2020-08-27 07:33:00,0.25562669745073663
2020-08-27 07:36:00,0.38943040161581166
2020-08-27 07:39:00,0.3163188360450704
2020-08-27 07:42:00,0.3302256126243037
2020-08-27 07:45:00,0.3090667085254495
2020-08-27 07:48:00,0.2971736475128637
2020-08-27 07:51:00,0.30482115813981636
2020-08-27 07:54:00,0.335989625630134
2020-08-27 07:57:00,0.3803270038357027
2020-08-27 08:00:00,0.263550508775495
2020-08-27 08:03:00,0.3991362547750441
2020-08-27 08:06:00,0.38665822477457823
2020-08-27 08:09:00,0.4171245955716927
2020-08-27 08:12:00,0.4060415165886866
2020-08-27 08:15:00,0.3451427188364846
2020-08-27 08:18:00,0.36349304426227036
2020-08-27 08:21:00,0.32567059773862184
2020-08-27 08:24:00,0.3845200922950198
2020-08-27 08:27:00,0.3247999526401486
2020-08-27 08:30:00,0.4246091173937998
2020-08-27 08:33:00,0.3539979776979294
2020-08-27 08:36:00,0.34685864393514976
2020-08-27 08:39:00,0.35913074620981433
2020-08-27 08:42:00,0.3415598891103855
2020-08-27 08:45:00,0.3219673051333416
2020-08-27 08:48:00,0.2747361352984967
2020-08-27 08:51:00,0.2928711858569386
2020-08-27 08:54:00,0.29353403612321927
2020-08-27 08:57:00,0.320146989771672
2020-08-27 09:00:00,0.2454564834899884
2020-08-27 09:03:00,0.29981915344217214
2020-08-27 09:06:00,0.23167881752186759
2020-08-27 09:09:00,0.33539501704433405
2020-08-27 09:12:00,0.18515214513683986
2020-08-27 09:15:00,0.23658831044713224
2020-08-27 09:18:00,0.249157909841756
2020-08-27 09:21:00,0.20799785785891345
2020-08-27 09:24:00,0.14236116884455896
2020-08-27 09:27:00,0.21721453954546632
2020-08-27 09:30:00,0.11635208593048674
2020-08-27 09:33:00,0.15967260300192265
2020-08-27 09:36:00,0.17684404558730193
2020-08-27 09:39:00,0.1399456411254505
2020-08-27 09:42:00,0.18836975319220528
2020-08-27 09:45:00,0.14770462035488663
2020-08-27 09:48:00,0.22987581317408967
2020-08-27 09:51:00,0.14232160616961664
2020-08-27 09:54:00,0.299107389005826
2020-08-27 09:57:00,0.15709672049570145
2020-08-27 10:00:00,0.188245612025014
2020-08-27 10:03:00,0.12325533196661809
2020-08-27 10:06:00,0.17760968524567033
2020-08-27 10:09:00,0.22026017611688076
2020-08-27 10:12:00,0.2285816742228235
2020-08-27 10:15:00,0.3132947104303412
2020-08-27 10:18:00,0.10893270335259331
2020-08-27 10:21:00,0.06808217466976885
2020-08-27 10:24:00,0.23649595981618177
2020-08-27 10:27:00,0.13759784576456013
2020-08-27 10:30:00,0.17085641024493725
2020-08-27 10:33:00,0.20668563620569103
2020-08-27 10:36:00,0.184975034360491
2020-08-27 10:39:00,0.22154490036973584
2020-08-27 10:42:00,0.25489789500329607
2020-08-27 10:45:00,0.13273115049361195
2020-08-27 10:48:00,0.18622905224970054
2020-08-27 10:51:00,0.1957289610994053
2020-08-27 10:54:00,0.13788060220855414
2020-08-27 10:57:00,0.1369912829239297
2020-08-27 11:00:00,0.19010492809093194
2020-08-27 11:03:00,0.18473123848195883
2020-08-27 11:06:00,0.1483380071867373
2020-08-27 11:09:00,0.1749928744008571
2020-08-27 11:12:00,0.1859385506938338
2020-08-27 11:15:00,0.26135964481471774
2020-08-27 11:18:00,0.20869481535646628
2020-08-27 11:21:00,0.19350524469371067
2020-08-27 11:24:00,0.08354725154003972
2020-08-27 11:27:00,0.18641927440609152
2020-08-27 11:30:00,0.04158074971826409
2020-08-27 11:33:00,0.1998522159155982
2020-08-27 11:36:00,0.2042412142193939
2020-08-27 11:39:00,0.06718841630265615
2020-08-27 11:42:00,0.14188996364822515
2020-08-27 11:45:00,0.06021799434574859
2020-08-27 11:48:00,0.03655013468181778
2020-08-27 11:51:00,0.12680498718401623
2020-08-27 11:54:00,0.13714058745262037
2020-08-27 11:57:00,0.06523908473661777
2020-08-27 12:00:00,0.14304148507414993
2020-08-27 12:03:00,0.05278780417353346
2020-08-27 12:06:00,0.10314744727497782
2020-08-27 12:09:00,0.16757423121248394
2020-08-27 12:12:00,0.11574809584811874
2020-08-27 12:15:00,0.018987353912109484
2020-08-27 12:18:00,0.10825824448397725
2020-08-27 12:21:00,-0.007434498070210793
2020-08-27 12:24:00,-0.006065574918125094
2020-08-27 12:27:00,0.008050419367634731
2020-08-27 12:30:00,-0.04352985626866257
2020-08-27 12:33:00,0.08053716207740536
2020-08-27 12:36:00,0.061066507240184364
2020-08-27 12:39:00,-0.017390778311551003
2020-08-27 12:42:00,0.05232073886412536
2020-08-27 12:45:00,0.0884751175664178
2020-08-27 12:48:00,0.07097296844409584
2020-08-27 12:51:00,0.06424043404877011
2020-08-27 12:54:00,0.06975825964610749
2020-08-27 12:57:00,0.085822967468971
2020-08-27 13:00:00,0.08709087647912384
2020-08-27 13:03:00,0.06651390928016099
2020-08-27 13:06:00,0.027233516720684747
2020-08-27 13:09:00,-0.016029955923329453
2020-08-27 13:12:00,0.023655437064860507
2020-08-27 13:15:00,-0.08853075111596809
2020-08-27 13:18:00,0.023373947716095245
2020-08-27 13:21:00,0.061226780234846956
2020-08-27 13:24:00,0.059505440231419016
2020-08-27 13:27:00,0.12108518370337151
2020-08-27 13:30:00,-0.07246164389198384
2020-08-27 13:33:00,-0.17521982639607359
2020-08-27 13:36:00,-0.10630261489916393
2020-08-27 13:39:00,-0.06486751703067739
2020-08-27 13:42:00,-0.0043490501450946795
2020-08-27 13:45:00,0.01790253529787833
2020-08-27 13:48:00,-0.08732306900725462
2020-08-27 13:51:00,-0.11510509375636957
2020-08-27 13:54:00,-0.06740362834216285
2020-08-27 13:57:00,-0.104718361578648
2020-08-27 14:00:00,-0.1198904296822434
2020-08-27 14:03:00,-0.008628547060993697
2020-08-27 14:06:00,-0.05620382504991994
2020-08-27 14:09:00,-0.11784082402033391
2020-08-27 14:12:00,-0.18009437894789926
2020-08-27 14:15:00,-0.16807863568953962
2020-08-27 14:18:00,-0.11119086227557773
2020-08-27 14:21:00,-0.12503552907969606
2020-08-27 14:24:00,-0.17176533227166146
2020-08-27 14:27:00,-0.049944774986215634
2020-08-27 14:30:00,-0.15095850962973145
2020-08-27 14:33:00,-0.12286216114671333
2020-08-27 14:36:00,-0.13418707760939697
2020-08-27 14:39:00,-0.16753039365380573
2020-08-27 14:42:00,-0.04932588664831883
2020-08-27 14:45:00,-0.08330218485480145
2020-08-27 14:48:00,-0.14465363026249634
2020-08-27 14:51:00,-0.19578487340260153
2020-08-27 14:54:00,-0.09991250519971118
2020-08-27 14:57:00,-0.08067005591033194
2020-08-27 15:00:00,-0.20420880599783686
2020-08-27 15:03:00,-0.09763589476762036
2020-08-27 15:06:00,-0.19965273497621183
2020-08-27 15:09:00,-0.19197901694934671
2020-08-27 15:12:00,-0.15093546705492145
2020-08-27 15:15:00,-0.16955809671276256
2020-08-27 15:18:00,-0.12894582248981123
2020-08-27 15:21:00,-0.02931857894895984
2020-08-27 15:24:00,-0.08170745620924436
2020-08-27 15:27:00,-0.19735876829065546
2020-08-27 15:30:00,-0.20077364832417288
2020-08-27 15:33:00,-0.31564932765490994
2020-08-27 15:36:00,-0.1429616599067458
2020-08-27 15:39:00,-0.2848482284829288
2020-08-27 15:42:00,-0.1383112628282106
2020-08-27 15:45:00,-0.12981615617701436
2020-08-27 15:48:00,-0.30031549399177493
2020-08-27 15:51:00,-0.265619234565861
2020-08-27 15:54:00,-0.13894894231572152
2020-08-27 15:57:00,-0.1934724862791768
2020-08-27 16:00:00,-0.3231024253897772
2020-08-27 16:03:00,-0.2149879169438691
2020-08-27 16:06:00,-0.18892624231921218
2020-08-27 16:09:00,-0.1503433326411141
2020-08-27 16:12:00,-0.156814670016729
2020-08-27 16:15:00,-0.06727726010495871
2020-08-27 16:18:00,-0.11098766498815849
2020-08-27 16:21:00,-0.18296846637792896
2020-08-27 16:24:00,-0.11112442957562507
2020-08-27 16:27:00,-0.05468988343488945
2020-08-27 16:30:00,-0.22615201682936004
2020-08-27 16:33:00,-0.30583697304558655
2020-08-27 16:36:00,0.006748225471142177
2020-08-27 16:39:00,-0.11480021474085333
2020-08-27 16:42:00,-0.1924248908859454
2020-08-27 16:45:00,-0.24608033554540043
2020-08-27 16:48:00,-0.14857533831519731
2020-08-27 16:51:00,-0.12588250551334568
2020-08-27 16:54:00,-0.06058783988618188
2020-08-27 16:57:00,-0.14626988699609456
2020-08-27 17:00:00,-0.21117114419990912
2020-08-27 17:03:00,-0.06435718469799667
2020-08-27 17:06:00,-0.20539195965227464
2020-08-27 17:09:00,-0.18595969752362862
2020-08-27 17:12:00,-0.2340701607551523
2020-08-27 17:15:00,-0.2481310627774178
2020-08-27 17:18:00,-0.1652414521153105
2020-08-27 17:21:00,-0.22209298947001344
2020-08-27 17:24:00,-0.08712043090889665
2020-08-27 17:27:00,-0.12879451291956912
2020-08-27 17:30:00,-0.114151332130632
2020-08-27 17:33:00,-0.11174336788229766
2020-08-27 17:36:00,-0.1801237167080103
2020-08-27 17:39:00,-0.05620957029361762
2020-08-27 17:42:00,-0.1587035504120422
2020-08-27 17:45:00,-0.21069981810086347
2020-08-27 17:48:00,-0.17009522451922976
2020-08-27 17:51:00,-0.07069769064156617
2020-08-27 17:54:00,-0.16286145766770233
2020-08-27 17:57:00,-0.07208584466854973
2020-08-27 18:00:00,-0.10082836223199365
2020-08-27 18:03:00,-0.1746387450751854
2020-08-27 18:06:00,-0.08507976370191273
2020-08-27 18:09:00,-0.14113250263142163
2020-08-27 18:12:00,-0.044158152051295474
2020-08-27 18:15:00,-0.11878088610910709
2020-08-27 18:18:00,-0.06399617401365276
2020-08-27 18:21:00,-0.046751753818398356
2020-08-27 18:24:00,-0.09294993105271487
2020-08-27 18:27:00,-0.056563218124722425
2020-08-27 18:30:00,-0.010859424423529163
2020-08-27 18:33:00,-0.0396589590678218
2020-08-27 18:36:00,-0.021097654487505224
2020-08-27 18:39:00,-0.047136078833318606
2020-08-27 18:42:00,0.014842617694853288
2020-08-27 18:45:00,-0.09987313224638683
2020-08-27 18:48:00,-0.09504109246307735
2020-08-27 18:51:00,0.013878344312558966
2020-08-27 18:54:00,
2020-08-27 18:57:00,
2020-08-27 19:00:00,
2020-08-27 19:03:00,0.01641262261313159
2020-08-27 19:06:00,-0.07343776297653903
2020-08-27 19:09:00,-0.04911913032941584
2020-08-27 19:12:00,-0.07942271175801352
2020-08-27 19:15:00,0.007768083120481606
2020-08-27 19:18:00,-0.07242773813692338
2020-08-27 19:21:00,-0.020730077692178384
2020-08-27 19:24:00,0.013881499924423224
2020-08-27 19:27:00,0.02606490080330559
2020-08-27 19:30:00,0.026828849549872302
2020-08-27 19:33:00,0.022859899570050857
2020-08-27 19:36:00,0.03442836916212855
2020-08-27 19:39:00,0.013341154635270414
2020-08-27 19:42:00,0.015442209467607881
2020-08-27 19:45:00,0.07674184813078
2020-08-27 19:48:00,0.03663622628272378
2020-08-27 19:51:00,0.08868254521314611
2020-08-27 19:54:00,0.04897515745909686
2020-08-27 19:57:00,-0.053982603824294983
2020-08-27 20:00:00,0.011859230414756894
2020-08-27 20:03:00,0.03154368241263228
2020-08-27 20:06:00,0.004600994114696277
2020-08-27 20:09:00,0.08969257161248834
2020-08-27 20:12:00,0.01576205353956084
2020-08-27 20:15:00,0.14721033849082232
2020-08-27 20:18:00,0.015847112699987065
2020-08-27 20:21:00,0.07079250472150989
2020-08-27 20:24:00,0.02078145693917577
2020-08-27 20:27:00,0.0013256336463314256
2020-08-27 20:30:00,0.09440410732133842
2020-08-27 20:33:00,0.030672816817229887
2020-08-27 20:36:00,0.07963592067943637
2020-08-27 20:39:00,0.07998572543078808
2020-08-27 20:42:00,0.0883891723869965
2020-08-27 20:45:00,0.1089375618878421
2020-08-27 20:48:00,0.043749117119318726
2020-08-27 20:51:00,0.04003623364121722
2020-08-27 20:54:00,0.016257737154774077
2020-08-27 20:57:00,0.08910465229149622
2020-08-27 21:00:00,-0.06370683774918007
2020-08-27 21:03:00,0.07443250652386268
2020-08-27 21:06:00,0.054941371428469665
2020-08-27 21:09:00,0.17197259783097252
2020-08-27 21:12:00,0.03152652941849965
2020-08-27 21:15:00,-0.02263822725041109
2020-08-27 21:18:00,0.1319895336296213
2020-08-27 21:21:00,0.14784054303657967
2020-08-27 21:24:00,0.03914998494337851
2020-08-27 21:27:00,-0.09828301876859769
2020-08-27 21:30:00,-0.031113105802262453
2020-08-27 21:33:00,-0.021400076154236558
2020-08-27 21:36:00,-0.003156033389643653
2020-08-27 21:39:00,0.04316043991065044
2020-08-27 21:42:00,-0.011859848708695608
2020-08-27 21:45:00,0.014888901551046274
2020-08-27 21:48:00,0.005115794621588066
2020-08-27 21:51:00,-0.058775578866459455
2020-08-27 21:54:00,-0.03401519314274992
2020-08-27 21:57:00,-0.006225161837448923
2020-08-27 22:00:00,0.16021437144922857
2020-08-27 22:03:00,0.07767189802103758
2020-08-27 22:06:00,0.09781461471987996
2020-08-27 22:09:00,0.025617039328665214
2020-08-27 22:12:00,0.11426864962260197
2020-08-27 22:15:00,0.13486131649784738
2020-08-27 22:18:00,0.051876004948610444
2020-08-27 22:21:00,0.07613420768950618
2020-08-27 22:24:00,0.14307305659292524
2020-08-27 22:27:00,0.061445671176954875
2020-08-27 22:30:00,0.1382085977687666
2020-08-27 22:33:00,0.08955779116490703
2020-08-27 22:36:00,0.13376137904947427
2020-08-27 22:39:00,0.1282137554371161
2020-08-27 22:42:00,0.14071967289851273
2020-08-27 22:45:00,0.10501820765216507
2020-08-27 22:48:00,0.09472868534328427
2020-08-27 22:51:00,0.18942348151210808
2020-08-27 22:54:00,0.21601891514109184
2020-08-27 22:57:00,0.15820474357269632
2020-08-27 23:00:00,0.22510385194010496
2020-08-27 23:03:00,0.15193298478698125
2020-08-27 23:06:00,0.12333109974559875
2020-08-27 23:09:00,0.22417770068949494
2020-08-27 23:12:00,0.18064816979813259
2020-08-27 23:15:00,0.2267916075205676
2020-08-27 23:18:00,0.11820137518867568
2020-08-27 23:21:00,0.2265526588722082
2020-08-27 23:24:00,0.10902553434482343
2020-08-27 23:27:00,0.20232172599730802
2020-08-27 23:30:00,0.12661440438961336
2020-08-27 23:33:00,0.1873834518042372
2020-08-27 23:36:00,0.18733806128216202
2020-08-27 23:39:00,0.22855288783438255
2020-08-27 23:42:00,0.18628801364633318
2020-08-27 23:45:00,0.13555020866311907
2020-08-27 23:48:00,0.1207500741437002
2020-08-27 23:51:00,0.14698262928544636
2020-08-27 23:54:00,0.20012670351553652
2020-08-27 23:57:00,0.16640573052649188
2020-08-28 00:00:00,0.13383442884071428
2020-08-28 00:03:00,0.12164584292406744
2020-08-28 00:06:00,0.15606711472321422
2020-08-28 00:09:00,0.2760808506518515
2020-08-28 00:12:00,0.1121573672845102
2020-08-28 00:15:00,0.1816507154297824
2020-08-28 00:18:00,0.300961446878091
2020-08-28 00:21:00,0.32731306669705873
2020-08-28 00:24:00,0.3049181433442527
2020-08-28 00:27:00,0.3388100748656484
2020-08-28 00:30:00,0.3033855924990121
2020-08-28 00:33:00,0.30441692903826834
2020-08-28 00:36:00,0.36278325331926453
2020-08-28 00:39:00,0.2559309476392855
2020-08-28 00:42:00,0.5800277901750519
2020-08-28 00:45:00,0.5750664376810732
2020-08-28 00:48:00,0.8028398685481193
2020-08-28 00:51:00,0.7185424073497302
2020-08-28 00:54:00,0.6434688944797244
2020-08-28 00:57:00,0.44159579604547616
2020-08-28 01:00:00,0.4903329110803156
2020-08-28 01:03:00,0.31516521136995834
2020-08-28 01:06:00,0.19228550499855146
2020-08-28 01:09:00,0.23764335153123284
2020-08-28 01:12:00,0.3398151076318072
2020-08-28 01:15:00,0.27450694526106645
2020-08-28 01:18:00,0.32180199369588536
2020-08-28 01:21:00,0.4514116005893243
2020-08-28 01:24:00,0.378103745155272
2020-08-28 01:27:00,0.4007052014039232
2020-08-28 01:30:00,0.33535774207945224
2020-08-28 01:33:00,0.21277133646248103
2020-08-28 01:36:00,0.41782347202973824
2020-08-28 01:39:00,0.39590146134707993
2020-08-28 01:42:00,0.4296345048314265
2020-08-28 01:45:00,0.23286321973006352
2020-08-28 01:48:00,0.3487898154933191
2020-08-28 01:51:00,0.3424213127721032
2020-08-28 01:54:00,0.28028234422623655
2020-08-28 01:57:00,0.2868254715029366
2020-08-28 02:00:00,0.4664593495296572
2020-08-28 02:03:00,0.46750183884438457
2020-08-28 02:06:00,0.4650780501254985
2020-08-28 02:09:00,0.5059702313076286
2020-08-28 02:12:00,0.491157493354649
2020-08-28 02:15:00,0.4823363774551126
2020-08-28 02:18:00,0.4222321635546109
2020-08-28 02:21:00,0.39759186907878075
2020-08-28 02:24:00,0.34655198381898344
2020-08-28 02:27:00,0.48034811873492345
2020-08-28 02:30:00,0.4058672785217823
2020-08-28 02:33:00,0.5249717714201552
2020-08-28 02:36:00,0.38255725339024593
2020-08-28 02:39:00,0.43033937808132805
2020-08-28 02:42:00,0.5578181283935351
2020-08-28 02:45:00,0.4447723198144331
2020-08-28 02:48:00,0.47082209839817324
2020-08-28 02:51:00,0.4870612525935485
2020-08-28 02:54:00,0.4023204610025459
2020-08-28 02:57:00,0.4011676219603828
2020-08-28 03:00:00,0.32971578970625615
2020-08-28 03:03:00,0.47999406324595384
2020-08-28 03:06:00,0.427835178311625
2020-08-28 03:09:00,0.4102234318289675
2020-08-28 03:12:00,0.36264434541658375
2020-08-28 03:15:00,0.5371837778902204
2020-08-28 03:18:00,0.4505826659261629
2020-08-28 03:21:00,0.4485770242911258
2020-08-28 03:24:00,0.3589037412198195
2020-08-28 03:27:00,0.3489463606301797
2020-08-28 03:30:00,0.45707574460840306
2020-08-28 03:33:00,0.4071833112739114
2020-08-28 03:36:00,0.3457355511253013
2020-08-28 03:39:00,0.32845398597578424
2020-08-28 03:42:00,0.4110825170692465
2020-08-28 03:45:00,0.2871969053466046
2020-08-28 03:48:00,0.36225768065907005
2020-08-28 03:51:00,0.3692971939718177
2020-08-28 03:54:00,0.3944650605095035
2020-08-28 03:57:00,0.4444088546536591
2020-08-28 04:00:00,0.45713645743933284
2020-08-28 04:03:00,0.5454355989289752
2020-08-28 04:06:00,0.4403206872510168
2020-08-28 04:09:00,0.4906123675596632
2020-08-28 04:12:00,0.48252469199445613
2020-08-28 04:15:00,0.5398879964174625
2020-08-28 04:18:00,0.48970699246007143
2020-08-28 04:21:00,0.49977455232266266
2020-08-28 04:24:00,0.5139585231780188
2020-08-28 04:27:00,0.531209191737446
2020-08-28 04:30:00,0.5203411167684067
2020-08-28 04:33:00,0.5987400784335364
2020-08-28 04:36:00,0.5244988670411885
2020-08-28 04:39:00,0.4742489813413613
2020-08-28 04:42:00,0.4480887744584834
2020-08-28 04:45:00,0.5608239739056557
2020-08-28 04:48:00,0.48751612130598687
2020-08-28 04:51:00,0.4047341244772156
2020-08-28 04:54:00,0.48843425731854495
2020-08-28 04:57:00,0.4960336425863261
2020-08-28 05:00:00,0.4083745968309245
2020-08-28 05:03:00,0.4483822346866191
2020-08-28 05:06:00,0.4431139130452948
2020-08-28 05:09:00,0.580319859974054
2020-08-28 05:12:00,0.5145874353650584
2020-08-28 05:15:00,0.5761702643572448
2020-08-28 05:18:00,0.3839817520315023
2020-08-28 05:21:00,0.4384637266624054
2020-08-28 05:24:00,0.44488048228259913
2020-08-28 05:27:00,0.4106148148429156
2020-08-28 05:30:00,0.4165639015147349
2020-08-28 05:33:00,0.32911701951695704
2020-08-28 05:36:00,0.3998515422779292
2020-08-28 05:39:00,0.4703303446141831
2020-08-28 05:42:00,0.3829616216343652
2020-08-28 05:45:00,0.3173303038076938
2020-08-28 05:48:00,0.41554817836970415
2020-08-28 05:51:00,0.5089159229688676
2020-08-28 05:54:00,0.5257485115205895
2020-08-28 05:57:00,0.46176693506748734
2020-08-28 06:00:00,0.3820549276690599
2020-08-28 06:03:00,0.46226023056590293
2020-08-28 06:06:00,0.4800105737194258
2020-08-28 06:09:00,0.33537274113325566
2020-08-28 06:12:00,0.4175318082297963
2020-08-28 06:15:00,0.39534157165377337
2020-08-28 06:18:00,0.3594493800225109
2020-08-28 06:21:00,0.4412336492559348
2020-08-28 06:24:00,0.5015935794761504
2020-08-28 06:27:00,0.4230618247185589
2020-08-28 06:30:00,0.4491315009337882
2020-08-28 06:33:00,0.47605048463782396
2020-08-28 06:36:00,0.4343879558902586
2020-08-28 06:39:00,0.44988755184891716
2020-08-28 06:42:00,0.4419565581856659
2020-08-28 06:45:00,0.4451330684509003
2020-08-28 06:48:00,0.40230416197039176
2020-08-28 06:51:00,0.37749318799990306
2020-08-28 06:54:00,0.42275457681364514
2020-08-28 06:57:00,0.43188132839713944
2020-08-28 07:00:00,0.37054402650022666
2020-08-28 07:03:00,0.32033221446289417
2020-08-28 07:06:00,0.4194638693323327
2020-08-28 07:09:00,0.4138177486943846
2020-08-28 07:12:00,0.3381073970383568
2020-08-28 07:15:00,0.45535051161016327
2020-08-28 07:18:00,0.39217782614974794
2020-08-28 07:21:00,0.47037186689135524
2020-08-28 07:24:00,0.41637329037240534
2020-08-28 07:27:00,0.3763908679035808
2020-08-28 07:30:00,0.4444553438665366
2020-08-28 07:33:00,0.48237002721822364
2020-08-28 07:36:00,0.4560514362532331
2020-08-28 07:39:00,0.3814763449064458
2020-08-28 07:42:00,0.4456833936156386
2020-08-28 07:45:00,0.45864466736389886
2020-08-28 07:48:00,0.4700961864690498
2020-08-28 07:51:00,0.409405582115312
2020-08-28 07:54:00,0.39702538342930893
2020-08-28 07:57:00,0.3881842462435543
2020-08-28 08:00:00,0.3762799897025957
2020-08-28 08:03:00,0.32190613280511116
2020-08-28 08:06:00,0.34662845623142857
2020-08-28 08:09:00,0.3392494079948847
2020-08-28 08:12:00,0.34907064995360315
2020-08-28 08:15:00,0.42656491318348344
2020-08-28 08:18:00,0.4476673875735173
2020-08-28 08:21:00,0.3173704020872492
2020-08-28 08:24:00,0.309592217013801
2020-08-28 08:27:00,0.337376985718322
2020-08-28 08:30:00,0.3218224304618502
2020-08-28 08:33:00,0.2613807033735611
2020-08-28 08:36:00,0.3375565116297139
2020-08-28 08:39:00,0.37104060470306877
2020-08-28 08:42:00,0.42847615894322644
2020-08-28 08:45:00,0.24407767655827683
2020-08-28 08:48:00,0.2785906527101929
2020-08-28 08:51:00,0.28926678344964785
2020-08-28 08:54:00,0.3402370419012186
2020-08-28 08:57:00,0.21091366912543208
2020-08-28 09:00:00,0.11629723661212665
2020-08-28 09:03:00,0.20948967714150513
2020-08-28 09:06:00,0.20439371813711205
2020-08-28 09:09:00,0.07925851672501949
2020-08-28 09:12:00,0.14107640508842678
2020-08-28 09:15:00,0.19609473507586017
2020-08-28 09:18:00,0.08905277383843213
2020-08-28 09:21:00,0.10109978806173103
2020-08-28 09:24:00,0.12792240382623277
2020-08-28 09:27:00,0.13890607524916732
2020-08-28 09:30:00,0.013397542955999597
2020-08-28 09:33:00,0.09254446102289648
2020-08-28 09:36:00,0.052574714129093536
2020-08-28 09:39:00,0.09094774528767857
2020-08-28 09:42:00,0.09037922422157862
2020-08-28 09:45:00,0.09864946493672733
2020-08-28 09:48:00,0.036158470510088137
2020-08-28 09:51:00,0.08584698698598459
2020-08-28 09:54:00,-0.005563656915057891
2020-08-28 09:57:00,0.03873662587523086
2020-08-28 10:00:00,-0.031122295238105835
2020-08-28 10:03:00,-0.09035048661343126
2020-08-28 10:06:00,-0.04245722370683325
2020-08-28 10:09:00,-0.03914031461022205
2020-08-28 10:12:00,-0.02901075712685497
2020-08-28 10:15:00,-0.08344208003728681
2020-08-28 10:18:00,-0.1359913729727964
2020-08-28 10:21:00,-0.11307072641795912
2020-08-28 10:24:00,-0.12960895642470405
2020-08-28 10:27:00,-0.13440901591587817
2020-08-28 10:30:00,-0.02116342852332309
2020-08-28 10:33:00,-0.06473012385919219
2020-08-28 10:36:00,0.04253797950849503
2020-08-28 10:39:00,-0.03888667222759068
2020-08-28 10:42:00,-0.16400095486886812
2020-08-28 10:45:00,-0.14244186888822696
2020-08-28 10:48:00,-0.021530425179435042
2020-08-28 10:51:00,-0.01657272307176072
2020-08-28 10:54:00,-0.15901695052900777
2020-08-28 10:57:00,-0.14493314642891164
2020-08-28 11:00:00,-0.24263919314819304
2020-08-28 11:03:00,-0.08735443464195214
2020-08-28 11:06:00,-0.21653195267407455
2020-08-28 11:09:00,-0.21702362557476818
2020-08-28 11:12:00,-0.25397438665089567
2020-08-28 11:15:00,-0.18873959017258812
2020-08-28 11:18:00,-0.2469108287589279
2020-08-28 11:21:00,-0.25899774805930065
2020-08-28 11:24:00,-0.190032546855889
2020-08-28 11:27:00,-0.21970522267946535
2020-08-28 11:30:00,-0.20385797543644912
2020-08-28 11:33:00,-0.3433896937884242
2020-08-28 11:36:00,-0.1071548499754158
2020-08-28 11:39:00,-0.2044849813678411
2020-08-28 11:42:00,-0.19725519330910402
2020-08-28 11:45:00,-0.285889839824506
2020-08-28 11:48:00,-0.1773157040391311
2020-08-28 11:51:00,-0.1980419342558548
2020-08-28 11:54:00,-0.2839943451720046
2020-08-28 11:57:00,-0.16899423571459238
2020-08-28 12:00:00,-0.26144809410465086
2020-08-28 12:03:00,-0.17952074636156112
2020-08-28 12:06:00,-0.2616605494536657
2020-08-28 12:09:00,-0.23413719176392078
2020-08-28 12:12:00,-0.32198820392926564
2020-08-28 12:15:00,-0.27965521934640947
2020-08-28 12:18:00,-0.29012506875267263
2020-08-28 12:21:00,-0.325552861854419
2020-08-28 12:24:00,-0.19240816256780136
2020-08-28 12:27:00,-0.30074425472838584
2020-08-28 12:30:00,-0.16474280079950177
2020-08-28 12:33:00,-0.30989788847563204
2020-08-28 12:36:00,-0.3834991347215464
2020-08-28 12:39:00,-0.288071200072352
2020-08-28 12:42:00,-0.24905098159996442
2020-08-28 12:45:00,-0.24509320806629376
2020-08-28 12:48:00,-0.30646046276359584
2020-08-28 12:51:00,-0.2407056335205766
2020-08-28 12:54:00,-0.2549314568540808
2020-08-28 12:57:00,-0.2738818000122478
2020-08-28 13:00:00,-0.41379376684812996
2020-08-28 13:03:00,-0.39239149864636147
2020-08-28 13:06:00,-0.280882733720091
2020-08-28 13:09:00,-0.35735771492579715
2020-08-28 13:12:00,-0.3839610694440694
2020-08-28 13:15:00,-0.3689125759143508
2020-08-28 13:18:00,-0.28633945223322144
2020-08-28 13:21:00,-0.3241376549162851
2020-08-28 13:24:00,-0.3963932470531404
2020-08-28 13:27:00,-0.32076321026983123
2020-08-28 13:30:00,-0.4262675659199431
2020-08-28 13:33:00,-0.40558587780373045
2020-08-28 13:36:00,-0.31840090305422564
2020-08-28 13:39:00,-0.3571384094775567
2020-08-28 13:42:00,-0.3004761890656482
2020-08-28 13:45:00,-0.37718284445952577
2020-08-28 13:48:00,-0.368765325866093
2020-08-28 13:51:00,-0.2974137532324903
2020-08-28 13:54:00,-0.20454736331151935
2020-08-28 13:57:00,-0.30312461655518064
2020-08-28 14:00:00,-0.4021048185276186
2020-08-28 14:03:00,-0.30172739703516527
2020-08-28 14:06:00,-0.3627858242462594
2020-08-28 14:09:00,-0.4340830216547147
2020-08-28 14:12:00,-0.28178385929135175
2020-08-28 14:15:00,-0.2806841345500857
2020-08-28 14:18:00,-0.3007090813708828
2020-08-28 14:21:00,-0.45044712858890534
2020-08-28 14:24:00,-0.3354271975213692
2020-08-28 14:27:00,-0.35955520881321945
2020-08-28 14:30:00,-0.42288018413756845
2020-08-28 14:33:00,-0.4208546064596703
2020-08-28 14:36:00,-0.41525986892395395
2020-08-28 14:39:00,-0.41984719458861264
2020-08-28 14:42:00,-0.47563373822134736
2020-08-28 14:45:00,-0.4463796598047338
2020-08-28 14:48:00,-0.4211882515837715
2020-08-28 14:51:00,-0.5559822317349017
2020-08-28 14:54:00,-0.3351514382462142
2020-08-28 14:57:00,-0.4676082145483633
2020-08-28 15:00:00,-0.3876648260796287
2020-08-28 15:03:00,-0.3902582079018089
2020-08-28 15:06:00,-0.3753258455197397
2020-08-28 15:09:00,-0.35025260935225333
2020-08-28 15:12:00,-0.5171773858039046
2020-08-28 15:15:00,-0.4712944743735079
2020-08-28 15:18:00,-0.46581601598393263
2020-08-28 15:21:00,-0.4118234787229653
2020-08-28 15:24:00,-0.4251835838728084
2020-08-28 15:27:00,-0.3765058412205349
2020-08-28 15:30:00,-0.3558247954748026
2020-08-28 15:33:00,-0.35911231600158544
2020-08-28 15:36:00,-0.38625176155318286
2020-08-28 15:39:00,-0.3015411276947475
2020-08-28 15:42:00,-0.4626291034578003
2020-08-28 15:45:00,-0.4643870156907042
2020-08-28 15:48:00,-0.3582984951732442
2020-08-28 15:51:00,-0.4611939906636735
2020-08-28 15:54:00,-0.37377943368136357
2020-08-28 15:57:00,-0.34053749040310777
2020-08-28 16:00:00,-0.4024185049634639
2020-08-28 16:03:00,-0.3746930449339061
2020-08-28 16:06:00,-0.404818227814701
2020-08-28 16:09:00,-0.3374513036891926
2020-08-28 16:12:00,-0.45638286862845234
2020-08-28 16:15:00,-0.42470887679519365
2020-08-28 16:18:00,-0.4095585976526763
2020-08-28 16:21:00,-0.3926118667044989
2020-08-28 16:24:00,-0.33454235473072913
2020-08-28 16:27:00,-0.3726815594366144
2020-08-28 16:30:00,-0.2663001531892064
2020-08-28 16:33:00,-0.32852291076454776
2020-08-28 16:36:00,-0.3997892215363663
2020-08-28 16:39:00,-0.36324719002777783
2020-08-28 16:42:00,-0.3651017853262033
2020-08-28 16:45:00,-0.2808660279139872
2020-08-28 16:48:00,-0.4017219766976723
2020-08-28 16:51:00,-0.28721183975630993
2020-08-28 16:54:00,-0.31090099003034766
2020-08-28 16:57:00,-0.32122571371132835
2020-08-28 17:00:00,-0.320282711228856
2020-08-28 17:03:00,-0.20562686653278206
2020-08-28 17:06:00,-0.20991432814793143
2020-08-28 17:09:00,-0.3514422049203745
2020-08-28 17:12:00,-0.26889240111000845
2020-08-28 17:15:00,-0.29304518765957255
2020-08-28 17:18:00,-0.2586121691855965
2020-08-28 17:21:00,-0.28342851546233305
2020-08-28 17:24:00,-0.3878204429731795
2020-08-28 17:27:00,-0.40552810350493473
2020-08-28 17:30:00,-0.33890936932567683
2020-08-28 17:33:00,-0.3318262725072145
2020-08-28 17:36:00,-0.2458359683944309
2020-08-28 17:39:00,-0.36382712152277463
2020-08-28 17:42:00,-0.24605472821400554
2020-08-28 17:45:00,-0.2666215060599484
2020-08-28 17:48:00,-0.2083814572835081
2020-08-28 17:51:00,-0.23468521633117234
2020-08-28 17:54:00,-0.34932209818350657
2020-08-28 17:57:00,-0.26580797627678976
2020-08-28 18:00:00,-0.29364940320493815
2020-08-28 18:03:00,-0.24628651714567695
2020-08-28 18:06:00,-0.3088368996870372
2020-08-28 18:09:00,-0.17571914894148222
2020-08-28 18:12:00,-0.15677498007727309
2020-08-28 18:15:00,-0.14957639215134577
2020-08-28 18:18:00,-0.2118419806847669
2020-08-28 18:21:00,-0.17932514107167208
2020-08-28 18:24:00,-0.2124071394610496
2020-08-28 18:27:00,-0.170627075000084
2020-08-28 18:30:00,-0.1189242357043554
2020-08-28 18:33:00,-0.11614762740174456
2020-08-28 18:36:00,-0.14532362622469464
2020-08-28 18:39:00,-0.20648063638992653
2020-08-28 18:42:00,-0.21415175558672672
2020-08-28 18:45:00,-0.15744503055748282
2020-08-28 18:48:00,-0.20111082227060706
2020-08-28 18:51:00,-0.114393022783986
2020-08-28 18:54:00,
2020-08-28 18:57:00,
2020-08-28 19:00:00,
2020-08-28 19:03:00,-0.1304500334145473
2020-08-28 19:06:00,-0.16023218989965926
2020-08-28 19:09:00,-0.17448438140644384
2020-08-28 19:12:00,-0.10801746053374472
2020-08-28 19:15:00,-0.23961754892064846
2020-08-28 19:18:00,-0.08697601665784305
2020-08-28 19:21:00,-0.10996472166306148
2020-08-28 19:24:00,-0.11775309072010032
2020-08-28 19:27:00,-0.17306569810119754
2020-08-28 19:30:00,-0.1111303937153707
2020-08-28 19:33:00,-0.04256167929577259
2020-08-28 19:36:00,-0.12774714618251437
2020-08-28 19:39:00,-0.0421127494549296
2020-08-28 19:42:00,-0.09791969463242367
2020-08-28 19:45:00,-0.10286445101854724
2020-08-28 19:48:00,-0.07436438021545655
2020-08-28 19:51:00,-0.11387368347237725
2020-08-28 19:54:00,-0.0664480380798409
2020-08-28 19:57:00,-0.1328793419980343
2020-08-28 20:00:00,-0.1368884441269529
2020-08-28 20:03:00,-0.08031863636642811
2020-08-28 20:06:00,-0.14460303976636624
2020-08-28 20:09:00,0.0019365029839377712
2020-08-28 20:12:00,-0.040987002582369314
2020-08-28 20:15:00,0.06037273689156564
2020-08-28 20:18:00,-0.15990872586752403
2020-08-28 20:21:00,0.006106470001782327
2020-08-28 20:24:00,-0.1008123034312689
2020-08-28 20:27:00,-0.06027745765129566
2020-08-28 20:30:00,-0.06791545789246811
2020-08-28 20:33:00,-0.010856417818615682
2020-08-28 20:36:00,-0.006084246376701685
2020-08-28 20:39:00,-0.10741123939311592
2020-08-28 20:42:00,-0.15004633527604483
2020-08-28 20:45:00,-0.03567214940250096
2020-08-28 20:48:00,0.037820002396415475
2020-08-28 20:51:00,0.024514281107883562
2020-08-28 20:54:00,-0.03594250976260582
2020-08-28 20:57:00,0.08313715779149788
2020-08-28 21:00:00,0.05414489491334962
2020-08-28 21:03:00,0.14275906813264783
2020-08-28 21:06:00,0.20448540753358202
2020-08-28 21:09:00,0.17909559577680056
2020-08-28 21:12:00,0.06262313426105948
2020-08-28 21:15:00,0.013495036296205853
2020-08-28 21:18:00,-0.026278944822422545
2020-08-28 21:21:00,-0.05838130751584458
2020-08-28 21:24:00,-0.009561761038355598
2020-08-28 21:27:00,0.07422149059920002
2020-08-28 21:30:00,-0.07689467919891513
2020-08-28 21:33:00,0.02333564925339715
2020-08-28 21:36:00,-0.01579504012823918
2020-08-28 21:39:00,0.07467787139603388
2020-08-28 21:42:00,0.0843583615165926
2020-08-28 21:45:00,0.09675772127820892
2020-08-28 21:48:00,0.04834223632627754
2020-08-28 21:51:00,0.09438987825382128
2020-08-28 21:54:00,-0.031880483677014126
2020-08-28 21:57:00,-0.0012667466252764825
2020-08-28 22:00:00,0.101870046146189
2020-08-28 22:03:00,-0.04793860823878049
2020-08-28 22:06:00,0.06207294399627017
2020-08-28 22:09:00,-0.002816507102409105
2020-08-28 22:12:00,-0.00742272704997049
2020-08-28 22:15:00,0.1746018588911511
2020-08-28 22:18:00,0.019007868610628975
2020-08-28 22:21:00,0.11947049392097142
2020-08-28 22:24:00,0.14616501272053029
2020-08-28 22:27:00,0.051729835841115346
2020-08-28 22:30:00,0.15699314961170785
2020-08-28 22:33:00,0.09915841961333172
2020-08-28 22:36:00,0.057215889323572355
2020-08-28 22:39:00,0.0868979519806885
2020-08-28 22:42:00,0.11820926305711055
2020-08-28 22:45:00,0.14047663771253838
2020-08-28 22:48:00,0.18090997284127752
2020-08-28 22:51:00,-0.04077300775651338
2020-08-28 22:54:00,0.015482330918075604
2020-08-28 22:57:00,0.018896177343663112
2020-08-28 23:00:00,-0.10402144979150307
2020-08-28 23:03:00,-0.11078047583782791
2020-08-28 23:06:00,0.012536767374342617
2020-08-28 23:09:00,0.015856892769136266
2020-08-28 23:12:00,-0.0009980413913694974
2020-08-28 23:15:00,0.08206492402814547
2020-08-28 23:18:00,0.04844734996623856
2020-08-28 23:21:00,0.13329996680192835
2020-08-28 23:24:00,0.06804480143557612
2020-08-28 23:27:00,0.013279557729333646
2020-08-28 23:30:00,-0.008922865735598862
2020-08-28 23:33:00,0.09541676682704292
2020-08-28 23:36:00,0.09511483435858281
2020-08-28 23:39:00,0.06465690585218908
2020-08-28 23:42:00,0.03713634867665405
2020-08-28 23:45:00,0.005113047352097055
2020-08-28 23:48:00,0.11354217808963085
2020-08-28 23:51:00,0.154283005797879
2020-08-28 23:54:00,0.04083981703382733
2020-08-28 23:57:00,0.07671817459208796
2020-08-29 00:00:00,0.11437507803253766
2020-08-29 00:03:00,0.1573953852494583
2020-08-29 00:06:00,0.12003442130406938
2020-08-29 00:09:00,0.13056201690687885
2020-08-29 00:12:00,0.11828404392605307
2020-08-29 00:15:00,0.1648266830119951
2020-08-29 00:18:00,0.18970254355861016
2020-08-29 00:21:00,0.2502852670336324
2020-08-29 00:24:00,0.09109320754618011
2020-08-29 00:27:00,0.05812181088958823
2020-08-29 00:30:00,0.08472212756038289
2020-08-29 00:33:00,0.10147057762696932
2020-08-29 00:36:00,0.1767301093819924
2020-08-29 00:39:00,0.11794938376220898
2020-08-29 00:42:00,0.18599208127380962
2020-08-29 00:45:00,0.15656561145073056
2020-08-29 00:48:00,0.12725169115446988
2020-08-29 00:51:00,0.18299331646767314
2020-08-29 00:54:00,0.10990957615098296
2020-08-29 00:57:00,0.13667767583746127
2020-08-29 01:00:00,0.1561240599913276
2020-08-29 01:03:00,0.18652799517820995
2020-08-29 01:06:00,0.17058274671109075
2020-08-29 01:09:00,0.2037967262450593
2020-08-29 01:12:00,0.11686207533961124
2020-08-29 01:15:00,0.19742717170510105
2020-08-29 01:18:00,0.18260335135835248
2020-08-29 01:21:00,0.10128187404950495
2020-08-29 01:24:00,0.1847264448337569
2020-08-29 01:27:00,0.17879074984369936
2020-08-29 01:30:00,0.17614954584308862
2020-08-29 01:33:00,0.10057364806021951
2020-08-29 01:36:00,0.0348125919940685
2020-08-29 01:39:00,0.18496813796440392
2020-08-29 01:42:00,0.11652409944974806
2020-08-29 01:45:00,0.03993255054587053
2020-08-29 01:48:00,0.08767550121064005
2020-08-29 01:51:00,0.10301473086605029
2020-08-29 01:54:00,0.04182452990266938
2020-08-29 01:57:00,0.10422551621581988
2020-08-29 02:00:00,0.1608120219873399
2020-08-29 02:03:00,0.15011951353039876
2020-08-29 02:06:00,0.15445614171824218
2020-08-29 02:09:00,0.17316093893310835
2020-08-29 02:12:00,0.23812356339146845
2020-08-29 02:15:00,0.17786163067410143
2020-08-29 02:18:00,0.2073279152193095
2020-08-29 02:21:00,0.14832658648248298
2020-08-29 02:24:00,0.20446644497673105
2020-08-29 02:27:00,0.21939603592500134
2020-08-29 02:30:00,0.1383672145152559
2020-08-29 02:33:00,0.08033643324182549
2020-08-29 02:36:00,0.12636592297599236
2020-08-29 02:39:00,0.1368804734237301
2020-08-29 02:42:00,0.13267781118202038
2020-08-29 02:45:00,0.13940882177143976
2020-08-29 02:48:00,0.18196446772481067
2020-08-29 02:51:00,0.1420326658943054
2020-08-29 02:54:00,0.15536760105396752
2020-08-29 02:57:00,0.25301670368065743
2020-08-29 03:00:00,0.25364983979670797
2020-08-29 03:03:00,0.22416676702073346
2020-08-29 03:06:00,0.1717760438039022
2020-08-29 03:09:00,0.14967120321188077
2020-08-29 03:12:00,0.10034518420309269
2020-08-29 03:15:00,0.1540011186949073
2020-08-29 03:18:00,0.17748584389977395
2020-08-29 03:21:00,0.25421497824140715
2020-08-29 03:24:00,0.2612476664804717
2020-08-29 03:27:00,0.12550952816201288
2020-08-29 03:30:00,0.24278553771063116
2020-08-29 03:33:00,0.1526111572309219
2020-08-29 03:36:00,0.20078113481241644
2020-08-29 03:39:00,0.12323921485722167
2020-08-29 03:42:00,0.15063854051413728
2020-08-29 03:45:00,0.2640550781898128
2020-08-29 03:48:00,0.18733048188175871
2020-08-29 03:51:00,0.2030191106083521
2020-08-29 03:54:00,0.21932982428074865
2020-08-29 03:57:00,0.16452198974286603
2020-08-29 04:00:00,0.34472991469152703
2020-08-29 04:03:00,0.21725070880376052
2020-08-29 04:06:00,0.3214675246515526
2020-08-29 04:09:00,0.17339768393367194
2020-08-29 04:12:00,0.20094581967646263
2020-08-29 04:15:00,0.22601007502754555
2020-08-29 04:18:00,0.3315220633220406
2020-08-29 04:21:00,0.27712360635155164
2020-08-29 04:24:00,0.28056945087257645
2020-08-29 04:27:00,0.177438728304935
2020-08-29 04:30:00,0.22355619756746137
2020-08-29 04:33:00,0.32084412357016845
2020-08-29 04:36:00,0.3328475926579699
2020-08-29 04:39:00,0.24385554158754985
2020-08-29 04:42:00,0.2814623967855141
2020-08-29 04:45:00,0.33257205658043176
2020-08-29 04:48:00,0.2546620126443031
2020-08-29 04:51:00,0.27276100433738293
2020-08-29 04:54:00,0.15668668871472846
2020-08-29 04:57:00,0.2224795099453445
2020-08-29 05:00:00,0.21418110410417057
2020-08-29 05:03:00,0.27286594541243403
2020-08-29 05:06:00,0.20028335835161215
2020-08-29 05:09:00,0.1583528248253856
2020-08-29 05:12:00,0.31765072883820267
2020-08-29 05:15:00,0.2947228000187465
2020-08-29 05:18:00,0.3066935171941054
2020-08-29 05:21:00,0.2488817455263188
2020-08-29 05:24:00,0.29919620005210845
2020-08-29 05:27:00,0.23727301144992907
2020-08-29 05:30:00,0.2803119875370612
2020-08-29 05:33:00,0.3017063111042262
2020-08-29 05:36:00,0.2976361396635525
2020-08-29 05:39:00,0.2876531935415869
2020-08-29 05:42:00,0.2571147786645156
2020-08-29 05:45:00,0.3348949150155818
2020-08-29 05:48:00,0.233812175550554
2020-08-29 05:51:00,0.28112626392771745
2020-08-29 05:54:00,0.3212636602690395
2020-08-29 05:57:00,0.3043271170093931
2020-08-29 06:00:00,0.3051606626958687
2020-08-29 06:03:00,0.2837291558334982
2020-08-29 06:06:00,0.2781876016456408
2020-08-29 06:09:00,0.23521265986096296
2020-08-29 06:12:00,0.2897373933151357
2020-08-29 06:15:00,0.20865970842277193
2020-08-29 06:18:00,0.19230580574168243
2020-08-29 06:21:00,0.2264157318895741
2020-08-29 06:24:00,0.25301276568080766
2020-08-29 06:27:00,0.2059646004786373
2020-08-29 06:30:00,0.21786745133090335
2020-08-29 06:33:00,0.15340847173848715
2020-08-29 06:36:00,0.3018210307894833
2020-08-29 06:39:00,0.17385717053338112
2020-08-29 06:42:00,0.27628524642676666
2020-08-29 06:45:00,0.17676246249897076
2020-08-29 06:48:00,0.2858484536894821
2020-08-29 06:51:00,0.2962097755269042
2020-08-29 06:54:00,0.23513526025766396
2020-08-29 06:57:00,0.26638008024070814
2020-08-29 07:00:00,0.27769288971126116
2020-08-29 07:03:00,0.32305688975077373
2020-08-29 07:06:00,0.20050199765950083
2020-08-29 07:09:00,0.26089184764794027
2020-08-29 07:12:00,0.306992109289979
2020-08-29 07:15:00,0.3041571504203944
2020-08-29 07:18:00,0.18580856290850534
2020-08-29 07:21:00,0.10584499531768188
2020-08-29 07:24:00,0.3047447766630853
2020-08-29 07:27:00,0.23342947798749947
2020-08-29 07:30:00,0.28349966830091944
2020-08-29 07:33:00,0.20498333651551093
2020-08-29 07:36:00,0.1978312927807906
2020-08-29 07:39:00,0.1773733273979019
2020-08-29 07:42:00,0.1436041856884458
2020-08-29 07:45:00,0.24843943840363636
2020-08-29 07:48:00,0.2264927535645711
2020-08-29 07:51:00,0.2286481432171854
2020-08-29 07:54:00,0.12938082484356528
2020-08-29 07:57:00,0.17734927172233483
2020-08-29 08:00:00,0.15529001123758235
2020-08-29 08:03:00,0.11209741464421086
2020-08-29 08:06:00,0.2240820943937365
2020-08-29 08:09:00,0.24272525699626613
2020-08-29 08:12:00,0.22578468222707215
2020-08-29 08:15:00,0.2711334760668933
2020-08-29 08:18:00,0.27742984847225216
2020-08-29 08:21:00,0.2442770125094853
2020-08-29 08:24:00,0.25405515309074644
2020-08-29 08:27:00,0.2222936148157828
2020-08-29 08:30:00,0.17497391696036857
2020-08-29 08:33:00,0.2577455312118673
2020-08-29 08:36:00,0.22315939149928
2020-08-29 08:39:00,0.1522589752224235
2020-08-29 08:42:00,0.15066937395005198
2020-08-29 08:45:00,0.21374855968952033
2020-08-29 08:48:00,0.2826989368583668
2020-08-29 08:51:00,0.15888753627496044
2020-08-29 08:54:00,0.1346379683076293
2020-08-29 08:57:00,0.17083203263746327
2020-08-29 09:00:00,0.14663058291279185
2020-08-29 09:03:00,0.06966601535708605
2020-08-29 09:06:00,0.1093022431015811
2020-08-29 09:09:00,0.164023526414951
2020-08-29 09:12:00,0.07831052211417955
2020-08-29 09:15:00,0.10363392508418201
2020-08-29 09:18:00,0.04227560107500494
2020-08-29 09:21:00,0.09647170554893592
2020-08-29 09:24:00,0.09869035935918191
2020-08-29 09:27:00,0.16093731384944476
2020-08-29 09:30:00,0.11039322999181422
2020-08-29 09:33:00,0.057096783304245946
2020-08-29 09:36:00,0.06842213884596049
2020-08-29 09:39:00,0.06744879956630712
2020-08-29 09:42:00,0.020251148547799858
2020-08-29 09:45:00,0.014110028282800613
2020-08-29 09:48:00,-0.04894036549251268
2020-08-29 09:51:00,0.03948241465070623
2020-08-29 09:54:00,0.003577481568811436
2020-08-29 09:57:00,0.04573953953519094
2020-08-29 10:00:00,0.02262053554539989
2020-08-29 10:03:00,-0.004862031789002685
2020-08-29 10:06:00,0.053373778254012905
2020-08-29 10:09:00,0.07515050233200782
2020-08-29 10:12:00,0.03742495817476765
2020-08-29 10:15:00,0.0033680143192782452
2020-08-29 10:18:00,-0.1093921255912278
2020-08-29 10:21:00,-0.008740517484341126
2020-08-29 10:24:00,0.05152683153170301
2020-08-29 10:27:00,-0.003136613182562087
2020-08-29 10:30:00,0.04676294880744081
2020-08-29 10:33:00,-0.007212255522460964
2020-08-29 10:36:00,0.06851016746941241
2020-08-29 10:39:00,0.07247866899894007
2020-08-29 10:42:00,0.016262318020551447
2020-08-29 10:45:00,
2020-08-29 10:48:00,-0.1604368184556506
2020-08-29 10:51:00,-0.02133911927336385
2020-08-29 10:54:00,-0.035894697304513556
2020-08-29 10:57:00,-0.02346000200702747
2020-08-29 11:00:00,-0.08734194054125055
2020-08-29 11:03:00,-0.1260226876387378
2020-08-29 11:06:00,-0.14398486755533213
2020-08-29 11:09:00,-0.08946890119568707
2020-08-29 11:12:00,-0.08368268506291088
2020-08-29 11:15:00,-0.05954056132344476
2020-08-29 11:18:00,-0.20291747522873038
2020-08-29 11:21:00,-0.2295016905788998
2020-08-29 11:24:00,-0.17908374403322114
2020-08-29 11:27:00,-0.28415405534610727
2020-08-29 11:30:00,-0.2701484000872938
2020-08-29 11:33:00,-0.15665565945982962
2020-08-29 11:36:00,-0.30946110100887836
2020-08-29 11:39:00,-0.24737674948909216
2020-08-29 11:42:00,-0.33680219473023953
2020-08-29 11:45:00,-0.3459300431740644
2020-08-29 11:48:00,-0.2985041771928536
2020-08-29 11:51:00,-0.25191295569061367
2020-08-29 11:54:00,-0.3089991041862845
2020-08-29 11:57:00,-0.3765111532559331
2020-08-29 12:00:00,-0.27382783115899656
2020-08-29 12:03:00,-0.1623941896177712
2020-08-29 12:06:00,-0.3328466640363672
2020-08-29 12:09:00,-0.24298559675219167
2020-08-29 12:12:00,-0.22058877654768594
2020-08-29 12:15:00,-0.23850462785685522
2020-08-29 12:18:00,-0.19503135646118608
2020-08-29 12:21:00,-0.19978678217631796
2020-08-29 12:24:00,-0.27472724844318464
2020-08-29 12:27:00,-0.08502090318540922
2020-08-29 12:30:00,-0.10308777641938605
2020-08-29 12:33:00,-0.1058467981973763
2020-08-29 12:36:00,0.07828961988195715
2020-08-29 12:39:00,0.17354667795524392
2020-08-29 12:42:00,0.08327716825135667
2020-08-29 12:45:00,0.0298687770689412
2020-08-29 12:48:00,0.15519987747205732
2020-08-29 12:51:00,0.08172124110353707
2020-08-29 12:54:00,0.05833591568563179
2020-08-29 12:57:00,-0.06004811652593389
2020-08-29 13:00:00,-0.011548446175595473
2020-08-29 13:03:00,-0.05380399297223448
2020-08-29 13:06:00,-0.05251158919776344
2020-08-29 13:09:00,-0.1688119924417606
2020-08-29 13:12:00,-0.08908030687990731
2020-08-29 13:15:00,-0.20759858777392992
2020-08-29 13:18:00,-0.3250113041875693
2020-08-29 13:21:00,-0.35396012699067114
2020-08-29 13:24:00,-0.2989767148166038
2020-08-29 13:27:00,-0.27837269387504193
2020-08-29 13:30:00,-0.29468550171230845
2020-08-29 13:33:00,-0.2464213032727116
2020-08-29 13:36:00,-0.19929038578828795
2020-08-29 13:39:00,-0.28103797115716134
2020-08-29 13:42:00,-0.36401699093272555
2020-08-29 13:45:00,-0.1578762855218656
2020-08-29 13:48:00,-0.2007538185949329
2020-08-29 13:51:00,-0.29039091978165743
2020-08-29 13:54:00,-0.37995491702446316
2020-08-29 13:57:00,-0.43096471830671135
2020-08-29 14:00:00,-0.49207730545157347
2020-08-29 14:03:00,-0.43864823851606616
2020-08-29 14:06:00,-0.4468331112638566
2020-08-29 14:09:00,-0.4581978584751596
2020-08-29 14:12:00,-0.33200908255042805
2020-08-29 14:15:00,-0.4373256427396086
2020-08-29 14:18:00,-0.37595034662109583
2020-08-29 14:21:00,-0.49656189438508136
2020-08-29 14:24:00,-0.538653746617797
2020-08-29 14:27:00,-0.37662642368371735
2020-08-29 14:30:00,-0.36902494978227196
2020-08-29 14:33:00,-0.31297646610602214
2020-08-29 14:36:00,-0.22191923920490808
2020-08-29 14:39:00,-0.11259485447226325
2020-08-29 14:42:00,-0.18805725246960492
2020-08-29 14:45:00,-0.22033505526957242
2020-08-29 14:48:00,-0.10093056272410195
2020-08-29 14:51:00,-0.044440296708444293
2020-08-29 14:54:00,-0.19081336931805026
2020-08-29 14:57:00,-0.08476722814373261
2020-08-29 15:00:00,-0.046028039030602486
2020-08-29 15:03:00,-0.12462547308541616
2020-08-29 15:06:00,-0.21575584053846342
2020-08-29 15:09:00,-0.27849383743131284
2020-08-29 15:12:00,-0.19488158571647318
2020-08-29 15:15:00,-0.15159970408427625
2020-08-29 15:18:00,-0.09399957140914239
2020-08-29 15:21:00,-0.1340688091024731
2020-08-29 15:24:00,0.04024058946424702
2020-08-29 15:27:00,-0.02367420828682043
2020-08-29 15:30:00,-0.24107021703417786
2020-08-29 15:33:00,-0.18084275538393513
2020-08-29 15:36:00,-0.07454862997695955
2020-08-29 15:39:00,-0.13005103001097496
2020-08-29 15:42:00,-0.19683879046033326
2020-08-29 15:45:00,0.07988072215249531
2020-08-29 15:48:00,0.1610109083135285
2020-08-29 15:51:00,0.08771102165889033
2020-08-29 15:54:00,0.14809330735414505
2020-08-29 15:57:00,0.06449695711455661
2020-08-29 16:00:00,0.08943752739583033
2020-08-29 16:03:00,0.0625233053252714
2020-08-29 16:06:00,0.0014041453699746853
2020-08-29 16:09:00,0.014112687264514534
2020-08-29 16:12:00,0.054556940127838516
2020-08-29 16:15:00,0.2926448837287694
2020-08-29 16:18:00,0.42067590879423733
2020-08-29 16:21:00,0.3598243504532661
2020-08-29 16:24:00,0.46454290171709545
2020-08-29 16:27:00,0.5405539157002863
2020-08-29 16:30:00,0.3344922624696096
2020-08-29 16:33:00,0.3475122616245585
2020-08-29 16:36:00,0.20614115432618974
2020-08-29 16:39:00,0.1548758730773443
2020-08-29 16:42:00,0.252967489334992
2020-08-29 16:45:00,0.3508746486762675
2020-08-29 16:48:00,0.4367271787921254
2020-08-29 16:51:00,0.46851380392166675
2020-08-29 16:54:00,0.3681407607630831
2020-08-29 16:57:00,0.28180736283621854
2020-08-29 17:00:00,0.05354402643718004
2020-08-29 17:03:00,0.21686319047370262
2020-08-29 17:06:00,0.2046909544662867
2020-08-29 17:09:00,0.27897348435863023
2020-08-29 17:12:00,0.22074517383560988
2020-08-29 17:15:00,0.14278376356975286
2020-08-29 17:18:00,0.15202700417819415
2020-08-29 17:21:00,0.16995824989919583
2020-08-29 17:24:00,0.44032057632273336
2020-08-29 17:27:00,0.5069972732330257
2020-08-29 17:30:00,0.6011953882369312
2020-08-29 17:33:00,0.5547711164355178
2020-08-29 17:36:00,0.5053102467604162
2020-08-29 17:39:00,0.40465137718479127
2020-08-29 17:42:00,0.6134972270750154
2020-08-29 17:45:00,0.733602259670306
2020-08-29 17:48:00,0.8374935753689101
2020-08-29 17:51:00,0.7921548076308795
2020-08-29 17:54:00,0.6450498673797256
2020-08-29 17:57:00,0.6600988729020401
2020-08-29 18:00:00,0.5958607189194822
2020-08-29 18:03:00,0.6174005854550728
2020-08-29 18:06:00,0.6274532931404337
2020-08-29 18:09:00,0.5324873415302704
2020-08-29 18:12:00,0.4527522530079864
2020-08-29 18:15:00,0.4983715789028338
2020-08-29 18:18:00,0.4040344646908238
2020-08-29 18:21:00,0.33102321601745643
2020-08-29 18:24:00,0.45853720384371854
2020-08-29 18:27:00,0.3081906385355637
2020-08-29 18:30:00,0.3827416777988901
2020-08-29 18:33:00,0.35148978732286196
2020-08-29 18:36:00,0.31054548343496435
2020-08-29 18:39:00,0.28848560703141857
2020-08-29 18:42:00,0.31565370894469424
2020-08-29 18:45:00,0.2654343581138505
2020-08-29 18:48:00,0.34430775819743076
2020-08-29 18:51:00,0.27033516399126256
2020-08-29 18:54:00,0.2557791920543764
2020-08-29 18:57:00,
2020-08-29 19:00:00,
2020-08-29 19:03:00,0.19430246988531508
2020-08-29 19:06:00,0.15806164056755279
2020-08-29 19:09:00,0.24736070595514548
2020-08-29 19:12:00,0.2231885918732246
2020-08-29 19:15:00,0.3711943225839036
2020-08-29 19:18:00,0.2808235059550839
2020-08-29 19:21:00,0.2599088562855627
2020-08-29 19:24:00,0.3329061031315632
2020-08-29 19:27:00,0.3981032210905937
2020-08-29 19:30:00,0.4297959500371462
2020-08-29 19:33:00,0.39263704546283407
2020-08-29 19:36:00,0.43752289535586897
2020-08-29 19:39:00,0.5227187547523613
2020-08-29 19:42:00,0.40567947140561955
2020-08-29 19:45:00,0.3575385869439174
2020-08-29 19:48:00,0.34542919691432417
2020-08-29 19:51:00,0.28771063851303325
2020-08-29 19:54:00,0.323780461625347
2020-08-29 19:57:00,0.19202593232694198
2020-08-29 20:00:00,0.19643765045088912
2020-08-29 20:03:00,0.25443341410135645
2020-08-29 20:06:00,0.1968784728807691
2020-08-29 20:09:00,0.2534423391296059
2020-08-29 20:12:00,0.1400788718227659
2020-08-29 20:15:00,0.30897149468950147
2020-08-29 20:18:00,0.13347260424131946
2020-08-29 20:21:00,0.18353637588512584
2020-08-29 20:24:00,0.13209333385617583
2020-08-29 20:27:00,0.1276654865429805
2020-08-29 20:30:00,0.17887181459860813
2020-08-29 20:33:00,0.19441505821407645
2020-08-29 20:36:00,0.10450822055832987
2020-08-29 20:39:00,0.1382056022205802
2020-08-29 20:42:00,0.05542581292405657
2020-08-29 20:45:00,0.050087625895571364
2020-08-29 20:48:00,0.08034117654779038
2020-08-29 20:51:00,0.015730055910637475
2020-08-29 20:54:00,0.1213810415377452
2020-08-29 20:57:00,0.12691888813856167
2020-08-29 21:00:00,0.10776214157510822
2020-08-29 21:03:00,0.1809636678572133
2020-08-29 21:06:00,0.18225855027992566
2020-08-29 21:09:00,0.06283910698766704
2020-08-29 21:12:00,0.07773908659089557
2020-08-29 21:15:00,0.18831157055950598
2020-08-29 21:18:00,0.12635487240123666
2020-08-29 21:21:00,0.14677848878511668
2020-08-29 21:24:00,0.19148107678699944
2020-08-29 21:27:00,0.16147778095597687
2020-08-29 21:30:00,0.1222400359613971
2020-08-29 21:33:00,0.20180120302092064
2020-08-29 21:36:00,0.19028555581337514
2020-08-29 21:39:00,0.16606312999562078
2020-08-29 21:42:00,0.16789823791737035
2020-08-29 21:45:00,0.1984796743791435
2020-08-29 21:48:00,0.2017829505476243
2020-08-29 21:51:00,0.2936060997299137
2020-08-29 21:54:00,0.1893105898506633
2020-08-29 21:57:00,0.23053319380477433
2020-08-29 22:00:00,0.2868851133757744
2020-08-29 22:03:00,0.2974863459343169
2020-08-29 22:06:00,0.26004026657716395
2020-08-29 22:09:00,0.36307354223401944
2020-08-29 22:12:00,0.24130514434892802
2020-08-29 22:15:00,0.2884852093724817
2020-08-29 22:18:00,0.29711171053486396
2020-08-29 22:21:00,0.3041598890894761
2020-08-29 22:24:00,0.25702232457314267
2020-08-29 22:27:00,0.2977382198600935
2020-08-29 22:30:00,0.18368972921444993
2020-08-29 22:33:00,0.23194897581169016
2020-08-29 22:36:00,0.1992383192635998
2020-08-29 22:39:00,0.240016001017068
2020-08-29 22:42:00,0.17626446620869274
2020-08-29 22:45:00,0.15335461953412732
2020-08-29 22:48:00,0.08419886160504575
2020-08-29 22:51:00,0.16783504703397512
2020-08-29 22:54:00,0.1343357535585028
2020-08-29 22:57:00,0.25580068890724306
2020-08-29 23:00:00,0.2043556410437759
2020-08-29 23:03:00,0.13485175507474878
2020-08-29 23:06:00,0.20329498894227527
2020-08-29 23:09:00,0.15013655706832196
2020-08-29 23:12:00,0.1427643181244207
2020-08-29 23:15:00,0.27741840922453775
2020-08-29 23:18:00,0.18360294515628084
2020-08-29 23:21:00,0.21718001938057796
2020-08-29 23:24:00,0.23860612645512447
2020-08-29 23:27:00,0.21204608108348566
2020-08-29 23:30:00,0.14093789873243168
2020-08-29 23:33:00,0.19005401591203963
2020-08-29 23:36:00,0.21628216644484155
2020-08-29 23:39:00,0.14645565181899656
2020-08-29 23:42:00,0.14031602409170318
2020-08-29 23:45:00,0.14082626016067934
2020-08-29 23:48:00,0.3106234852901366
2020-08-29 23:51:00,0.20286056909401395
2020-08-29 23:54:00,0.2983911101310355
2020-08-29 23:57:00,0.12261234034173185
2020-08-30 00:00:00,0.21394017961608824
2020-08-30 00:03:00,0.19282652195363426
2020-08-30 00:06:00,0.17304310017823354
2020-08-30 00:09:00,0.15415510244434927
2020-08-30 00:12:00,0.15098222428116514
2020-08-30 00:15:00,0.2592196292386575
2020-08-30 00:18:00,0.2609020302382419
2020-08-30 00:21:00,0.10776655515257971
2020-08-30 00:24:00,0.10307542296521888
2020-08-30 00:27:00,0.2804115116217645
2020-08-30 00:30:00,0.1933301062343844
2020-08-30 00:33:00,0.14657950634040162
2020-08-30 00:36:00,0.206350159208057
2020-08-30 00:39:00,0.26768153356550783
2020-08-30 00:42:00,0.21232711681483352
2020-08-30 00:45:00,0.1695957416901024
2020-08-30 00:48:00,0.1476653323788355
2020-08-30 00:51:00,0.21645700071303509
2020-08-30 00:54:00,0.2472285340567737
2020-08-30 00:57:00,0.17970880337719564
2020-08-30 01:00:00,0.24548890112384925
2020-08-30 01:03:00,0.24065771502864663
2020-08-30 01:06:00,0.14347601652747244
2020-08-30 01:09:00,0.12536652487517586
2020-08-30 01:12:00,0.2908047161814693
2020-08-30 01:15:00,0.1869726272922776
2020-08-30 01:18:00,0.14218206381957543
2020-08-30 01:21:00,0.18688608553435415
2020-08-30 01:24:00,0.2941258633210282
2020-08-30 01:27:00,0.1766273124987947
2020-08-30 01:30:00,0.24519965257678678
2020-08-30 01:33:00,0.18389415954385413
2020-08-30 01:36:00,0.3104396256778159
2020-08-30 01:39:00,0.24038273067549198
2020-08-30 01:42:00,0.2920871539760128
2020-08-30 01:45:00,0.2665349517400841
2020-08-30 01:48:00,0.21601501114770372
2020-08-30 01:51:00,0.18973150424284313
2020-08-30 01:54:00,0.14519907737724225
2020-08-30 01:57:00,0.1555667296333354
2020-08-30 02:00:00,0.15563087222409422
2020-08-30 02:03:00,0.2712954268177441
2020-08-30 02:06:00,0.19439585666179937
2020-08-30 02:09:00,0.15363697043477487
2020-08-30 02:12:00,0.2868161705073362
2020-08-30 02:15:00,0.2228223086189587
2020-08-30 02:18:00,0.15500500561137187
2020-08-30 02:21:00,0.1287070784824209
2020-08-30 02:24:00,0.16718859605833813
2020-08-30 02:27:00,0.16563684523487154
2020-08-30 02:30:00,0.1705468605500755
2020-08-30 02:33:00,0.25026260057802574
2020-08-30 02:36:00,0.22950395039623572
2020-08-30 02:39:00,0.2290893694373608
2020-08-30 02:42:00,0.1536324194570966
2020-08-30 02:45:00,0.28931579972902455
2020-08-30 02:48:00,0.1894067881912065
2020-08-30 02:51:00,0.18104636945423636
2020-08-30 02:54:00,0.23415083184869445
2020-08-30 02:57:00,0.1528048072080992
2020-08-30 03:00:00,0.21543257824782813
2020-08-30 03:03:00,0.26594775302748985
2020-08-30 03:06:00,0.18941274745719738
2020-08-30 03:09:00,0.24221612159607275
2020-08-30 03:12:00,0.2191810834262924
2020-08-30 03:15:00,0.24896056521635046
2020-08-30 03:18:00,0.19771476381953335
2020-08-30 03:21:00,0.15765586305201396
2020-08-30 03:24:00,0.11781165986445785
2020-08-30 03:27:00,0.2797149302993489
2020-08-30 03:30:00,0.1914496372769463
2020-08-30 03:33:00,0.22081127232053177
2020-08-30 03:36:00,0.21518485731400006
2020-08-30 03:39:00,0.24514980705322387
2020-08-30 03:42:00,0.20598303027617249
2020-08-30 03:45:00,0.1793245669257999
2020-08-30 03:48:00,0.1527148192096206
2020-08-30 03:51:00,0.2327102814186901
2020-08-30 03:54:00,0.12335404958565732
2020-08-30 03:57:00,0.1019425934975402
2020-08-30 04:00:00,0.1472169963832357
2020-08-30 04:03:00,0.2338310054253725
2020-08-30 04:06:00,0.19640368082201576
2020-08-30 04:09:00,0.16771930662787327
2020-08-30 04:12:00,0.272657116252617
2020-08-30 04:15:00,0.21884769414180028
2020-08-30 04:18:00,0.26807808876725403
2020-08-30 04:21:00,0.2444304408997482
2020-08-30 04:24:00,0.18184823598249977
2020-08-30 04:27:00,0.27961583530037615
2020-08-30 04:30:00,0.1536234656520037
2020-08-30 04:33:00,0.10289026383287592
2020-08-30 04:36:00,0.22291390359356456
2020-08-30 04:39:00,0.35684403772523865
2020-08-30 04:42:00,0.2047846229543211
2020-08-30 04:45:00,0.2275858364469059
2020-08-30 04:48:00,0.16758464054697697
2020-08-30 04:51:00,0.16598946332504738
2020-08-30 04:54:00,0.19867977493561284
2020-08-30 04:57:00,0.24199521728110085
2020-08-30 05:00:00,0.29679271258743256
2020-08-30 05:03:00,0.22518202736478088
2020-08-30 05:06:00,0.19035759096971105
2020-08-30 05:09:00,0.2369966332345257
2020-08-30 05:12:00,0.33798346901983223
2020-08-30 05:15:00,0.3433016013935344
2020-08-30 05:18:00,0.3253528907652026
2020-08-30 05:21:00,0.2741551204190955
2020-08-30 05:24:00,0.23653838866476917
2020-08-30 05:27:00,0.2566401654153765
2020-08-30 05:30:00,0.2657984531178954
2020-08-30 05:33:00,0.23332533417158174
2020-08-30 05:36:00,0.2919497216972218
2020-08-30 05:39:00,0.2511567214247066
2020-08-30 05:42:00,0.2170339412691078
2020-08-30 05:45:00,0.24673836833613905
2020-08-30 05:48:00,0.2810481433299401
2020-08-30 05:51:00,0.21146656524939544
2020-08-30 05:54:00,0.24683535947752944
2020-08-30 05:57:00,0.19449532516631507
2020-08-30 06:00:00,0.23641860665350123
2020-08-30 06:03:00,0.3088161873646982
2020-08-30 06:06:00,0.32810348180322535
2020-08-30 06:09:00,0.20187520488264
2020-08-30 06:12:00,0.2761756515469642
2020-08-30 06:15:00,0.20912488075072133
2020-08-30 06:18:00,0.22968003830629868
2020-08-30 06:21:00,0.2484030867199749
2020-08-30 06:24:00,0.32725786894155817
2020-08-30 06:27:00,0.26221606994533886
2020-08-30 06:30:00,0.3361376627090067
2020-08-30 06:33:00,0.27871550050502947
2020-08-30 06:36:00,0.3087476029995173
2020-08-30 06:39:00,0.2701232097813886
2020-08-30 06:42:00,0.41804966059248727
2020-08-30 06:45:00,0.28265705801447893
2020-08-30 06:48:00,0.43546609853234486
2020-08-30 06:51:00,0.30575227456427
2020-08-30 06:54:00,0.42684483281652774
2020-08-30 06:57:00,0.339806566115044
2020-08-30 07:00:00,0.43173268312364144
2020-08-30 07:03:00,0.3246444442921188
2020-08-30 07:06:00,0.43876045761226123
2020-08-30 07:09:00,0.36695690495787403
2020-08-30 07:12:00,0.2820145822506106
2020-08-30 07:15:00,0.26773436545818186
2020-08-30 07:18:00,0.22865450415014266
2020-08-30 07:21:00,0.22989184985402744
2020-08-30 07:24:00,0.3076327627547357
2020-08-30 07:27:00,0.33233148772404775
2020-08-30 07:30:00,0.3287929060514898
2020-08-30 07:33:00,0.3862336451715578
2020-08-30 07:36:00,0.1768606566953963
2020-08-30 07:39:00,0.25656849125152803
2020-08-30 07:42:00,0.25374223080626734
2020-08-30 07:45:00,0.15581137009263557
2020-08-30 07:48:00,0.13259919686242938
2020-08-30 07:51:00,0.24192766370686059
2020-08-30 07:54:00,0.20851092566289253
2020-08-30 07:57:00,0.17449938935050113
2020-08-30 08:00:00,0.16173779904585217
2020-08-30 08:03:00,0.19877433128249322
2020-08-30 08:06:00,0.12573681523480218
2020-08-30 08:09:00,0.11200920446702867
2020-08-30 08:12:00,0.1751766920457385
2020-08-30 08:15:00,0.1379261890274961
2020-08-30 08:18:00,0.06956230697005594
2020-08-30 08:21:00,0.11708951127531009
2020-08-30 08:24:00,0.15221054301355252
2020-08-30 08:27:00,0.003998405854417797
2020-08-30 08:30:00,0.05934942009207589
2020-08-30 08:33:00,0.02150735167208495
2020-08-30 08:36:00,0.12262142501265316
2020-08-30 08:39:00,0.15270231676646517
2020-08-30 08:42:00,0.10815007943671162
2020-08-30 08:45:00,0.0866172156797802
2020-08-30 08:48:00,0.057323976153156764
2020-08-30 08:51:00,0.032784241252841184
2020-08-30 08:54:00,0.11253586864177123
2020-08-30 08:57:00,0.11280976267886444
2020-08-30 09:00:00,0.13771829692734627
2020-08-30 09:03:00,0.19424093205077497
2020-08-30 09:06:00,0.10717566443548776
2020-08-30 09:09:00,0.13113952540140872
2020-08-30 09:12:00,0.009658176154232478
2020-08-30 09:15:00,0.10676132024474327
2020-08-30 09:18:00,0.028571318023296044
2020-08-30 09:21:00,-0.04732955988339427
2020-08-30 09:24:00,0.13453770798986397
2020-08-30 09:27:00,0.07505592471738964
2020-08-30 09:30:00,0.09923949536079135
2020-08-30 09:33:00,0.020148967986870048
2020-08-30 09:36:00,0.0532759433331762
2020-08-30 09:39:00,0.0899052034985175
2020-08-30 09:42:00,0.028527973249595107
2020-08-30 09:45:00,-0.02755397016949246
2020-08-30 09:48:00,-0.02196314059000315
2020-08-30 09:51:00,0.012395414514344338
2020-08-30 09:54:00,-0.09950649021152458
2020-08-30 09:57:00,-0.13443942711978707
2020-08-30 10:00:00,-0.09981265519536464
2020-08-30 10:03:00,0.03606517136330467
2020-08-30 10:06:00,-0.16878969005063027
2020-08-30 10:09:00,-0.10481844310095312
2020-08-30 10:12:00,-0.15625824695518986
2020-08-30 10:15:00,-0.0011332485095181255
2020-08-30 10:18:00,0.03550317836999284
2020-08-30 10:21:00,-0.0033310439158640293
2020-08-30 10:24:00,-0.18402983035701936
2020-08-30 10:27:00,-0.07612830147360228
2020-08-30 10:30:00,-0.06170880209083407
2020-08-30 10:33:00,-0.07143748462812027
2020-08-30 10:36:00,-0.09719148943855771
2020-08-30 10:39:00,-0.05334295434261094
2020-08-30 10:42:00,-0.15125342373306694
2020-08-30 10:45:00,-0.25001164161540146
2020-08-30 10:48:00,-0.04992536038378148
2020-08-30 10:51:00,-0.13350631513753797
2020-08-30 10:54:00,-0.16738722034506281
2020-08-30 10:57:00,-0.19979521369464237
2020-08-30 11:00:00,-0.13078194587706093
2020-08-30 11:03:00,-0.2723408269291099
2020-08-30 11:06:00,-0.15340361756358334
2020-08-30 11:09:00,-0.1018756686706297
2020-08-30 11:12:00,-0.06009443653584867
2020-08-30 11:15:00,-0.22976314083933858
2020-08-30 11:18:00,-0.15585301417354458
2020-08-30 11:21:00,-0.26946868845180916
2020-08-30 11:24:00,-0.22295420590444337
2020-08-30 11:27:00,-0.20360429336096786
2020-08-30 11:30:00,-0.12543905376156772
2020-08-30 11:33:00,-0.12776797504079695
2020-08-30 11:36:00,-0.04775848895769741
2020-08-30 11:39:00,-0.10616419653774756
2020-08-30 11:42:00,-0.08181318252536585
2020-08-30 11:45:00,-0.1480417213236933
2020-08-30 11:48:00,-0.16300376347430756
2020-08-30 11:51:00,-0.1052834025683751
2020-08-30 11:54:00,-0.1311797824883456
2020-08-30 11:57:00,-0.08591684385794451
2020-08-30 12:00:00,-0.2358808788271176
2020-08-30 12:03:00,-0.2050526299226476
2020-08-30 12:06:00,-0.1615558188099726
2020-08-30 12:09:00,0.11298474633377964
2020-08-30 12:12:00,0.1276792935505
2020-08-30 12:15:00,0.1784630159287417
2020-08-30 12:18:00,0.1105890616008196
2020-08-30 12:21:00,-0.08637493496314619
2020-08-30 12:24:00,0.0956566921120725
2020-08-30 12:27:00,0.05216056506839095
2020-08-30 12:30:00,-0.19656037679084193
2020-08-30 12:33:00,-0.21653678353300165
2020-08-30 12:36:00,-0.09722491964367919
2020-08-30 12:39:00,-0.20757313883967754
2020-08-30 12:42:00,-0.2886845934670532
2020-08-30 12:45:00,-0.04406787662406941
2020-08-30 12:48:00,-0.13394357731357331
2020-08-30 12:51:00,-0.08457099497098852
2020-08-30 12:54:00,-0.048490498555565864
2020-08-30 12:57:00,-0.06106280283125898
2020-08-30 13:00:00,-0.059318080777984505
2020-08-30 13:03:00,-0.03373125424678847
2020-08-30 13:06:00,-0.030900329544522265
2020-08-30 13:09:00,0.03498546664883406
2020-08-30 13:12:00,-0.057637858374562256
2020-08-30 13:15:00,-0.16549933762064484
2020-08-30 13:18:00,-0.10262556229076836
2020-08-30 13:21:00,-0.14012357315431245
2020-08-30 13:24:00,-0.03391724862251522
2020-08-30 13:27:00,0.009750333735325967
2020-08-30 13:30:00,-0.0645042468879069
2020-08-30 13:33:00,0.13148052325226445
2020-08-30 13:36:00,0.07748237975857819
2020-08-30 13:39:00,0.10734783185637298
2020-08-30 13:42:00,0.03516833686876453
2020-08-30 13:45:00,-0.005754959518696978
2020-08-30 13:48:00,0.08441968573669101
2020-08-30 13:51:00,0.08387402571833036
2020-08-30 13:54:00,0.05274792829771968
2020-08-30 13:57:00,-0.004304591021195847
2020-08-30 14:00:00,-0.10560013990300376
2020-08-30 14:03:00,-0.13565274708048491
2020-08-30 14:06:00,-0.03424278776299161
2020-08-30 14:09:00,-0.09041066374561524
2020-08-30 14:12:00,-0.08209585007296027
2020-08-30 14:15:00,0.0729929461087977
2020-08-30 14:18:00,0.07698193963545918
2020-08-30 14:21:00,0.13281957736018057
2020-08-30 14:24:00,0.15924053208811983
2020-08-30 14:27:00,0.2861161212389334
2020-08-30 14:30:00,0.33074613011706333
2020-08-30 14:33:00,0.45840775291509317
2020-08-30 14:36:00,0.44694875231033393
2020-08-30 14:39:00,0.46655824855508854
2020-08-30 14:42:00,0.36873582210535005
2020-08-30 14:45:00,0.36348327976827477
2020-08-30 14:48:00,0.3011724329118124
2020-08-30 14:51:00,-0.006880386124237248
2020-08-30 14:54:00,0.20107139804258622
2020-08-30 14:57:00,0.4488947991812893
2020-08-30 15:00:00,0.31025102592542453
2020-08-30 15:03:00,-0.21984800684919037
2020-08-30 15:06:00,-0.3912032657241298
2020-08-30 15:09:00,-0.3274128143547159
2020-08-30 15:12:00,-0.15365294152826436
2020-08-30 15:15:00,0.01834166998986575
2020-08-30 15:18:00,0.04624752897751705
2020-08-30 15:21:00,0.16923087456416397
2020-08-30 15:24:00,0.218802477802285
2020-08-30 15:27:00,0.17568912235390144
2020-08-30 15:30:00,0.38245125994728824
2020-08-30 15:33:00,0.5220899392679144
2020-08-30 15:36:00,0.4798189662779464
2020-08-30 15:39:00,0.169151484192696
2020-08-30 15:42:00,0.10467441816740575
2020-08-30 15:45:00,0.10027717246555312
2020-08-30 15:48:00,0.17464805152815188
2020-08-30 15:51:00,0.32431418698377
2020-08-30 15:54:00,0.7016282291188531
2020-08-30 15:57:00,0.5036108839071289
2020-08-30 16:00:00,0.5239600453460298
2020-08-30 16:03:00,0.4957055842318141
2020-08-30 16:06:00,0.42404922164041636
2020-08-30 16:09:00,0.3944526894254068
2020-08-30 16:12:00,0.3104857508022292
2020-08-30 16:15:00,0.27754047970159945
2020-08-30 16:18:00,0.3028711936518107
2020-08-30 16:21:00,0.36065409577980745
2020-08-30 16:24:00,0.25209538138324206
2020-08-30 16:27:00,0.21066127007225077
2020-08-30 16:30:00,0.24982995913683226
2020-08-30 16:33:00,0.24371949323870012
2020-08-30 16:36:00,0.12643412611271287
2020-08-30 16:39:00,0.264532863202362
2020-08-30 16:42:00,0.2872837710843328
2020-08-30 16:45:00,0.21608417048867068
2020-08-30 16:48:00,0.1450725744260808
2020-08-30 16:51:00,0.15305685833527605
2020-08-30 16:54:00,0.09727614604548762
2020-08-30 16:57:00,0.08056910936278427
2020-08-30 17:00:00,0.08164168795070736
2020-08-30 17:03:00,0.11247290016234501
2020-08-30 17:06:00,0.07556061926931079
2020-08-30 17:09:00,0.036729016296192185
2020-08-30 17:12:00,0.10531837605395822
2020-08-30 17:15:00,0.1077104968697995
2020-08-30 17:18:00,0.10070825483273893
2020-08-30 17:21:00,0.08888187930210734
2020-08-30 17:24:00,0.10151164626540776
2020-08-30 17:27:00,0.08502143655169903
2020-08-30 17:30:00,0.16138246913152443
2020-08-30 17:33:00,0.19870981410770128
2020-08-30 17:36:00,0.13195704358975036
2020-08-30 17:39:00,0.15033881299791574
2020-08-30 17:42:00,0.08358105432631646
2020-08-30 17:45:00,0.14730133332307105
2020-08-30 17:48:00,0.1594026241612596
2020-08-30 17:51:00,0.06751197678340759
2020-08-30 17:54:00,0.19737382525096336
2020-08-30 17:57:00,0.1383794808393759
2020-08-30 18:00:00,0.1973096305511035
2020-08-30 18:03:00,0.12446521943178368
2020-08-30 18:06:00,0.1418356346590599
2020-08-30 18:09:00,0.18109816370912313
2020-08-30 18:12:00,0.23558448832034173
2020-08-30 18:15:00,0.1896793387996354
2020-08-30 18:18:00,0.24057630719215695
2020-08-30 18:21:00,0.1662099773901673
2020-08-30 18:24:00,0.2530285762296671
2020-08-30 18:27:00,0.20924711371588955
2020-08-30 18:30:00,0.12934831681138803
2020-08-30 18:33:00,0.18696313235346906
2020-08-30 18:36:00,0.20900765147763423
2020-08-30 18:39:00,0.22320323390465546
2020-08-30 18:42:00,0.1651133706212704
2020-08-30 18:45:00,0.11620174602654743
2020-08-30 18:48:00,0.10022544493642727
2020-08-30 18:51:00,0.09713640856818984
2020-08-30 18:54:00,
2020-08-30 18:57:00,
2020-08-30 19:00:00,
2020-08-30 19:03:00,0.11445799736867457
2020-08-30 19:06:00,0.09563378916578813
2020-08-30 19:09:00,0.20599934732115344
2020-08-30 19:12:00,0.2156338715298034
2020-08-30 19:15:00,0.22588886717369405
2020-08-30 19:18:00,0.15727955856272047
2020-08-30 19:21:00,0.157070939213952
2020-08-30 19:24:00,0.17517559840524655
2020-08-30 19:27:00,0.25557170007965624
2020-08-30 19:30:00,0.16618077537657427
2020-08-30 19:33:00,0.22457017323898754
2020-08-30 19:36:00,0.1971179750789247
2020-08-30 19:39:00,0.14639713158351242
2020-08-30 19:42:00,0.14698547849263832
2020-08-30 19:45:00,0.16623800708487124
2020-08-30 19:48:00,0.19180306700093297
2020-08-30 19:51:00,0.19691183123921974
2020-08-30 19:54:00,0.3093969467372517
2020-08-30 19:57:00,0.19407608232046414
2020-08-30 20:00:00,0.11359804753129765
2020-08-30 20:03:00,0.2510954863198549
2020-08-30 20:06:00,0.24186463066655506
2020-08-30 20:09:00,0.10865553298242503
2020-08-30 20:12:00,0.28700945130617583
2020-08-30 20:15:00,0.1575663268733365
2020-08-30 20:18:00,0.18375044439807198
2020-08-30 20:21:00,0.20162654621276488
2020-08-30 20:24:00,0.22415610183628587
2020-08-30 20:27:00,0.317564195591558
2020-08-30 20:30:00,0.2800162494884262
2020-08-30 20:33:00,0.1821270355659408
2020-08-30 20:36:00,0.22473313961540953
2020-08-30 20:39:00,0.19718945470037852
2020-08-30 20:42:00,0.23081337600058305
2020-08-30 20:45:00,0.22054992663396433
2020-08-30 20:48:00,0.22550948775386814
2020-08-30 20:51:00,0.2677089620385118
2020-08-30 20:54:00,0.2671184943094431
2020-08-30 20:57:00,0.2789921616125639
2020-08-30 21:00:00,0.14862753746302815
2020-08-30 21:03:00,0.18294066267742437
2020-08-30 21:06:00,0.1524635881990548
2020-08-30 21:09:00,0.16427859617505192
2020-08-30 21:12:00,0.20915949672462375
2020-08-30 21:15:00,0.25338369085142176
2020-08-30 21:18:00,0.23930944454866676
2020-08-30 21:21:00,0.22691704917673405
2020-08-30 21:24:00,0.24668282362267746
2020-08-30 21:27:00,0.2355413680151628
2020-08-30 21:30:00,0.21242749006688655
2020-08-30 21:33:00,0.32472246404779526
2020-08-30 21:36:00,0.1379630702930399
2020-08-30 21:39:00,0.20098463549913959
2020-08-30 21:42:00,0.18800739550363232
2020-08-30 21:45:00,0.1939018476012393
2020-08-30 21:48:00,0.3331223139452959
2020-08-30 21:51:00,0.28648731881941103
2020-08-30 21:54:00,0.3075947345557779
2020-08-30 21:57:00,0.2731225978160978
2020-08-30 22:00:00,0.28297275589824267
2020-08-30 22:03:00,0.23245110341480313
2020-08-30 22:06:00,0.2563936476715867
2020-08-30 22:09:00,0.3782465272132072
2020-08-30 22:12:00,0.2646021812337267
2020-08-30 22:15:00,0.24929550039200876
2020-08-30 22:18:00,0.3685616676784207
2020-08-30 22:21:00,0.32904957561186166
2020-08-30 22:24:00,0.31549639715211697
2020-08-30 22:27:00,0.28895203007539294
2020-08-30 22:30:00,0.2870925114795
2020-08-30 22:33:00,0.2504970944353886
2020-08-30 22:36:00,0.38229952376167375
2020-08-30 22:39:00,0.281005666563658
2020-08-30 22:42:00,0.25828046826427453
2020-08-30 22:45:00,0.3150173093196713
2020-08-30 22:48:00,0.32659037257440104
2020-08-30 22:51:00,0.22922405798749423
2020-08-30 22:54:00,0.2401714334445728
2020-08-30 22:57:00,0.3419183858439965
2020-08-30 23:00:00,0.28526924651106356
2020-08-30 23:03:00,0.2885196781020909
2020-08-30 23:06:00,0.2947880503629676
2020-08-30 23:09:00,0.26279427021341917
2020-08-30 23:12:00,0.3214279148692185
2020-08-30 23:15:00,0.27407147709016044
2020-08-30 23:18:00,0.21945991133509324
2020-08-30 23:21:00,0.327211703627313
2020-08-30 23:24:00,0.3816022174038949
2020-08-30 23:27:00,0.30499839458707356
2020-08-30 23:30:00,0.3756988922760911
2020-08-30 23:33:00,0.3624938561340514
2020-08-30 23:36:00,0.3999191080615674
2020-08-30 23:39:00,0.33962814558668697
2020-08-30 23:42:00,0.3312822167878835
2020-08-30 23:45:00,0.45382713936112395
2020-08-30 23:48:00,0.3771600359467584
2020-08-30 23:51:00,0.43285482971151623
2020-08-30 23:54:00,0.3259608883899432
2020-08-30 23:57:00,0.2866753683455272
2020-08-31 00:00:00,0.3529877691424872
2020-08-31 00:03:00,0.3917049582892673
2020-08-31 00:06:00,0.37139244308758634
2020-08-31 00:09:00,0.3581713875602759
2020-08-31 00:12:00,0.3785952976356839
2020-08-31 00:15:00,0.37851449760552214
2020-08-31 00:18:00,0.3520272510419886
2020-08-31 00:21:00,0.3652624902881598
2020-08-31 00:24:00,0.31619481584630194
2020-08-31 00:27:00,0.29898939755275933
2020-08-31 00:30:00,0.31912581280613495
2020-08-31 00:33:00,0.41311146668346055
2020-08-31 00:36:00,0.4671607566623379
2020-08-31 00:39:00,0.378476430723083
2020-08-31 00:42:00,0.32928226827255
2020-08-31 00:45:00,0.4285316128287491
2020-08-31 00:48:00,0.381149976911729
2020-08-31 00:51:00,0.35566662009142647
2020-08-31 00:54:00,0.32343980394176697
2020-08-31 00:57:00,0.3945951601462525
2020-08-31 01:00:00,0.31128785401187997
2020-08-31 01:03:00,0.4277754339095168
2020-08-31 01:06:00,0.3963791083650676
2020-08-31 01:09:00,0.3352426117298819
2020-08-31 01:12:00,0.39995058620877444
2020-08-31 01:15:00,0.3879366114919094
2020-08-31 01:18:00,0.4141189919268413
2020-08-31 01:21:00,0.3210504542037711
2020-08-31 01:24:00,0.2862095220048104
2020-08-31 01:27:00,0.34915118529312394
2020-08-31 01:30:00,0.4330887642288417
2020-08-31 01:33:00,0.44425977673967054
2020-08-31 01:36:00,0.3997295284593747
2020-08-31 01:39:00,0.39115760672149236
2020-08-31 01:42:00,0.41784926898668573
2020-08-31 01:45:00,0.3390255168950489
2020-08-31 01:48:00,0.38639198948709463
2020-08-31 01:51:00,0.35400220264841664
2020-08-31 01:54:00,0.3534994675854364
2020-08-31 01:57:00,0.32143535940832635
2020-08-31 02:00:00,0.3802918107923574
2020-08-31 02:03:00,0.4108690770978569
2020-08-31 02:06:00,0.41375143107410395
2020-08-31 02:09:00,0.3977626448157139
2020-08-31 02:12:00,0.4169658232681286
2020-08-31 02:15:00,0.33382163086798755
2020-08-31 02:18:00,0.43706606475376475
2020-08-31 02:21:00,0.3146011239419977
2020-08-31 02:24:00,0.47278819372388625
2020-08-31 02:27:00,0.3849934732834299
2020-08-31 02:30:00,0.30837233867544
2020-08-31 02:33:00,0.334834482822032
2020-08-31 02:36:00,0.31911999405969027
2020-08-31 02:39:00,0.34884204876146896
2020-08-31 02:42:00,0.36550245002780457
2020-08-31 02:45:00,0.31954526515727366
2020-08-31 02:48:00,0.3900408902147774
2020-08-31 02:51:00,0.40569289085715354
2020-08-31 02:54:00,0.38214293570217706
2020-08-31 02:57:00,0.3060995116838967
2020-08-31 03:00:00,0.30567586118314694
2020-08-31 03:03:00,0.3837740026045253
2020-08-31 03:06:00,0.3179301488823967
2020-08-31 03:09:00,0.4410357523649395
2020-08-31 03:12:00,0.41774941381373765
2020-08-31 03:15:00,0.3524620111696777
2020-08-31 03:18:00,0.36125692396689146
2020-08-31 03:21:00,0.40339291302262836
2020-08-31 03:24:00,0.4016272747012408
2020-08-31 03:27:00,0.33300993420573377
2020-08-31 03:30:00,0.31466349673513605
2020-08-31 03:33:00,0.33945934582953896
2020-08-31 03:36:00,0.33461655318478734
2020-08-31 03:39:00,0.42311898715547613
2020-08-31 03:42:00,0.38221588809159357
2020-08-31 03:45:00,0.3100344518273914
2020-08-31 03:48:00,0.38086552466597823
2020-08-31 03:51:00,0.34049007811728416
2020-08-31 03:54:00,0.47055927813494236
2020-08-31 03:57:00,0.3821909593562509
2020-08-31 04:00:00,0.3495125045597547
2020-08-31 04:03:00,0.3765787790960644
2020-08-31 04:06:00,0.43809821712386565
2020-08-31 04:09:00,0.3382074894283278
2020-08-31 04:12:00,0.33287458641910916
2020-08-31 04:15:00,0.4040644976416843
2020-08-31 04:18:00,0.4673025886810933
2020-08-31 04:21:00,0.40398396930089575
2020-08-31 04:24:00,0.3935571361398047
2020-08-31 04:27:00,0.37349632451218895
2020-08-31 04:30:00,0.3301683658707475
2020-08-31 04:33:00,0.4292502618291678
2020-08-31 04:36:00,0.5034062611740637
2020-08-31 04:39:00,0.45614052608311795
2020-08-31 04:42:00,0.5347129044388339
2020-08-31 04:45:00,0.46862737330826576
2020-08-31 04:48:00,0.38094436518764496
2020-08-31 04:51:00,0.3061241984094636
2020-08-31 04:54:00,0.33909874057928846
2020-08-31 04:57:00,0.4017442059918608
2020-08-31 05:00:00,0.4273759336383023
2020-08-31 05:03:00,0.4526544016028424
2020-08-31 05:06:00,0.44858087292493565
2020-08-31 05:09:00,0.40423914799788463
2020-08-31 05:12:00,0.4642143001029808
2020-08-31 05:15:00,0.4860847639335475
2020-08-31 05:18:00,0.379653288647944
2020-08-31 05:21:00,0.45140900203944057
2020-08-31 05:24:00,0.5459297935189511
2020-08-31 05:27:00,0.30698084392560077
2020-08-31 05:30:00,0.3918018697905268
2020-08-31 05:33:00,0.3404875607603799
2020-08-31 05:36:00,0.43134891286968013
2020-08-31 05:39:00,0.3188664580464433
2020-08-31 05:42:00,0.31484667018213486
2020-08-31 05:45:00,0.4141719347899766
2020-08-31 05:48:00,0.4308738079189993
2020-08-31 05:51:00,0.5258818820719853
2020-08-31 05:54:00,0.4044493845823922
2020-08-31 05:57:00,0.4664212853295453
2020-08-31 06:00:00,0.45459946040097066
2020-08-31 06:03:00,0.5523824118996004
2020-08-31 06:06:00,0.4557841299534857
2020-08-31 06:09:00,0.3824003807029044
2020-08-31 06:12:00,0.4221357313226122
2020-08-31 06:15:00,0.4147976398140827
2020-08-31 06:18:00,0.44256394829898227
2020-08-31 06:21:00,0.4385260696485602
2020-08-31 06:24:00,0.3405098204044634
2020-08-31 06:27:00,0.5748241538485672
2020-08-31 06:30:00,0.4368422887446286
2020-08-31 06:33:00,0.46947536337751217
2020-08-31 06:36:00,0.48298094767926614
2020-08-31 06:39:00,0.41518466678138566
2020-08-31 06:42:00,0.4691081443556868
2020-08-31 06:45:00,0.45307708409075076
2020-08-31 06:48:00,0.4416570564920903
2020-08-31 06:51:00,0.40884855027701406
2020-08-31 06:54:00,0.4636394033759643
2020-08-31 06:57:00,0.48401853390805627
2020-08-31 07:00:00,0.363149286706971
2020-08-31 07:03:00,0.43374155893229727
2020-08-31 07:06:00,0.6397296053165746
2020-08-31 07:09:00,0.4988742495711449
2020-08-31 07:12:00,0.4334390790544944
2020-08-31 07:15:00,0.5375828401262197
2020-08-31 07:18:00,0.5138685911836092
2020-08-31 07:21:00,0.4170635320734277
2020-08-31 07:24:00,0.46747159659383897
2020-08-31 07:27:00,0.4912181576121952
2020-08-31 07:30:00,0.5290993259284846
2020-08-31 07:33:00,0.4431894426486451
2020-08-31 07:36:00,0.46058916928819826
2020-08-31 07:39:00,0.45915477849337094
2020-08-31 07:42:00,0.48804467392193374
2020-08-31 07:45:00,0.44605375680839643
2020-08-31 07:48:00,0.4997261970544855
2020-08-31 07:51:00,0.3924422809143948
2020-08-31 07:54:00,0.4782825475864456
2020-08-31 07:57:00,0.4082123414139005
2020-08-31 08:00:00,0.34726251016149945
2020-08-31 08:03:00,0.40329101945030743
2020-08-31 08:06:00,0.3635199474749129
2020-08-31 08:09:00,0.4258383789811546
2020-08-31 08:12:00,0.42430656644768305
2020-08-31 08:15:00,0.42538853249061503
2020-08-31 08:18:00,0.3828774112318456
2020-08-31 08:21:00,0.36768265287383883
2020-08-31 08:24:00,0.386718886757194
2020-08-31 08:27:00,0.35281813664119
2020-08-31 08:30:00,0.38136103925944553
2020-08-31 08:33:00,0.3798941736481538
2020-08-31 08:36:00,0.3356958632418241
2020-08-31 08:39:00,0.2944101394763834
2020-08-31 08:42:00,0.3783061771015923
2020-08-31 08:45:00,0.34692264335797063
2020-08-31 08:48:00,0.3663643576922482
2020-08-31 08:51:00,0.2933549286963739
2020-08-31 08:54:00,0.2687089763206245
2020-08-31 08:57:00,0.2449817989692633
2020-08-31 09:00:00,0.2837668297432856
2020-08-31 09:03:00,0.2878728698419195
2020-08-31 09:06:00,0.2314074742797061
2020-08-31 09:09:00,0.21683507836576155
2020-08-31 09:12:00,0.25133372382879315
2020-08-31 09:15:00,0.21862228736870293
2020-08-31 09:18:00,0.20534578250345703
2020-08-31 09:21:00,0.1943852580251928
2020-08-31 09:24:00,0.1555206212310054
2020-08-31 09:27:00,0.20398482355011538
2020-08-31 09:30:00,0.18103045113844018
2020-08-31 09:33:00,0.13291711437290132
2020-08-31 09:36:00,0.02365137876188328
2020-08-31 09:39:00,0.037574306004955815
2020-08-31 09:42:00,0.1475314431900756
2020-08-31 09:45:00,0.12649338791351283
2020-08-31 09:48:00,0.069560299087982
2020-08-31 09:51:00,0.07363443781554224
2020-08-31 09:54:00,0.0030178830971863135
2020-08-31 09:57:00,-0.02735722331880197
2020-08-31 10:00:00,0.06648843031399565
2020-08-31 10:03:00,0.020205746176088724
2020-08-31 10:06:00,-0.07335487743068825
2020-08-31 10:09:00,0.044760775682789244
2020-08-31 10:12:00,-0.04450661729913463
2020-08-31 10:15:00,0.09860414681634211
2020-08-31 10:18:00,-0.11956350398764926
2020-08-31 10:21:00,0.0017353819615664179
2020-08-31 10:24:00,-0.13232698603502513
2020-08-31 10:27:00,-0.027961647180404725
2020-08-31 10:30:00,-0.08670920060376375
2020-08-31 10:33:00,0.002606610778173035
2020-08-31 10:36:00,-0.0814254024580805
2020-08-31 10:39:00,-0.05237531048226174
2020-08-31 10:42:00,0.025430876402595004
2020-08-31 10:45:00,-0.11065776102043401
2020-08-31 10:48:00,-0.15021859924331693
2020-08-31 10:51:00,-0.06831416381106692
2020-08-31 10:54:00,-0.06585235353867347
2020-08-31 10:57:00,-0.10039554365573622
2020-08-31 11:00:00,-0.24288574729945367
2020-08-31 11:03:00,-0.2355416901069134
2020-08-31 11:06:00,-0.22718105472722527
2020-08-31 11:09:00,-0.057996375144966805
2020-08-31 11:12:00,-0.06545133758629618
2020-08-31 11:15:00,-0.24889979872864387
2020-08-31 11:18:00,-0.250692814301658
2020-08-31 11:21:00,-0.2277828646394937
2020-08-31 11:24:00,-0.17739533386469475
2020-08-31 11:27:00,-0.254882485375731
2020-08-31 11:30:00,-0.30602788010003223
2020-08-31 11:33:00,-0.2724218170441759
2020-08-31 11:36:00,-0.27165555167488264
2020-08-31 11:39:00,-0.22339713317387577
2020-08-31 11:42:00,-0.24443585655575362
2020-08-31 11:45:00,-0.22129275746914345
2020-08-31 11:48:00,-0.22731991227118442
2020-08-31 11:51:00,-0.1478538609017619
2020-08-31 11:54:00,0.06841210194619407
2020-08-31 11:57:00,0.04329497551862005
2020-08-31 12:00:00,0.02698272418228953
2020-08-31 12:03:00,0.0816574158830008
2020-08-31 12:06:00,-0.02502817833243398
2020-08-31 12:09:00,-0.384621326166382
2020-08-31 12:12:00,-0.29552999665156676
2020-08-31 12:15:00,-0.1459954566161059
2020-08-31 12:18:00,-0.2071659328222495
2020-08-31 12:21:00,-0.07738420076020702
2020-08-31 12:24:00,-0.035114556622829696
2020-08-31 12:27:00,-0.04579980872597389
2020-08-31 12:30:00,0.15044654831308435
2020-08-31 12:33:00,0.06091580029959687
2020-08-31 12:36:00,0.022809824425280567
2020-08-31 12:39:00,-0.01546412854730761
2020-08-31 12:42:00,-0.10286557145894903
2020-08-31 12:45:00,-0.042654856839192234
2020-08-31 12:48:00,-0.14913629283950058
2020-08-31 12:51:00,-0.06813666402746321
2020-08-31 12:54:00,-0.1232702103458223
2020-08-31 12:57:00,-0.15772548278602017
2020-08-31 13:00:00,-0.20629114148465533
2020-08-31 13:03:00,-0.2462254384024618
2020-08-31 13:06:00,-0.3708527405535733
2020-08-31 13:09:00,-0.3080343959267111
2020-08-31 13:12:00,-0.3849908797355397
2020-08-31 13:15:00,-0.3100008867633619
2020-08-31 13:18:00,-0.30120774316083043
2020-08-31 13:21:00,-0.26882433133300765
2020-08-31 13:24:00,-0.35622372462427165
2020-08-31 13:27:00,-0.33651821912212654
2020-08-31 13:30:00,-0.263221547935359
2020-08-31 13:33:00,-0.3608998083894903
2020-08-31 13:36:00,-0.276954168965176
2020-08-31 13:39:00,-0.2891832925628819
2020-08-31 13:42:00,-0.28567448193439304
2020-08-31 13:45:00,-0.32076765824501763
2020-08-31 13:48:00,-0.38486020183455594
2020-08-31 13:51:00,-0.35318091203015456
2020-08-31 13:54:00,-0.4359148190081896
2020-08-31 13:57:00,-0.3095437645524157
2020-08-31 14:00:00,-0.21497856529549608
2020-08-31 14:03:00,-0.36749812210371147
2020-08-31 14:06:00,-0.3654010233128133
2020-08-31 14:09:00,-0.19652929189749102
2020-08-31 14:12:00,-0.33126038888582343
2020-08-31 14:15:00,-0.33792934381267514
2020-08-31 14:18:00,-0.2715183205198741
2020-08-31 14:21:00,-0.2709206004518592
2020-08-31 14:24:00,-0.3915597896556733
2020-08-31 14:27:00,-0.2875935709392934
2020-08-31 14:30:00,-0.2323589176599512
2020-08-31 14:33:00,-0.2428629757911267
2020-08-31 14:36:00,-0.22574560739707294
2020-08-31 14:39:00,-0.18212771845179532
2020-08-31 14:42:00,-0.24583805518386725
2020-08-31 14:45:00,-0.20807068820624863
2020-08-31 14:48:00,-0.17130133314549312
2020-08-31 14:51:00,-0.12420555779021925
2020-08-31 14:54:00,-0.15938556424634953
2020-08-31 14:57:00,-0.0796384027267436
2020-08-31 15:00:00,-0.15309211126270839
2020-08-31 15:03:00,0.03623003642456979
2020-08-31 15:06:00,-0.016986742402309574
2020-08-31 15:09:00,-0.028600749980967066
2020-08-31 15:12:00,-0.08347721274242303
2020-08-31 15:15:00,-0.1692204834498625
2020-08-31 15:18:00,-0.12695732289182615
2020-08-31 15:21:00,-0.07777588630460741
2020-08-31 15:24:00,-0.11695203328207526
2020-08-31 15:27:00,-0.10546496300946728
2020-08-31 15:30:00,0.03601602054942532
2020-08-31 15:33:00,0.14540113354837558
2020-08-31 15:36:00,0.21135015940183166
2020-08-31 15:39:00,-0.0004049031721820029
2020-08-31 15:42:00,0.07315094761878527
2020-08-31 15:45:00,0.09820516518993827
2020-08-31 15:48:00,0.015899656377428073
2020-08-31 15:51:00,0.1582752058324104
2020-08-31 15:54:00,0.2105097419790809
2020-08-31 15:57:00,0.47530987570826255
2020-08-31 16:00:00,0.37004094463503634
2020-08-31 16:03:00,0.22607102373950738
2020-08-31 16:06:00,0.18354721150893738
2020-08-31 16:09:00,0.07600118612418783
2020-08-31 16:12:00,0.09786294577452281
2020-08-31 16:15:00,-0.06924880002071632
2020-08-31 16:18:00,-0.029723567799806005
2020-08-31 16:21:00,0.016949186532883687
2020-08-31 16:24:00,0.1031543415182341
2020-08-31 16:27:00,0.25591132378110615
2020-08-31 16:30:00,0.05759351263594681
2020-08-31 16:33:00,0.10468650111397437
2020-08-31 16:36:00,0.09728573169439869
2020-08-31 16:39:00,0.11951285735312922
2020-08-31 16:42:00,0.09551650367961884
2020-08-31 16:45:00,0.15557292767783792
2020-08-31 16:48:00,0.2172495627747253
2020-08-31 16:51:00,0.14417345090117806
2020-08-31 16:54:00,0.25949239531382773
2020-08-31 16:57:00,0.23439346340103384
2020-08-31 17:00:00,0.22654315108883338
2020-08-31 17:03:00,0.18008925548446086
2020-08-31 17:06:00,0.1254004074848467
2020-08-31 17:09:00,0.30512831750991154
2020-08-31 17:12:00,0.36098945909753866
2020-08-31 17:15:00,0.24227406090415116
2020-08-31 17:18:00,0.2988884954738751
2020-08-31 17:21:00,0.31621386624050274
2020-08-31 17:24:00,0.3876341644818808
2020-08-31 17:27:00,0.3683703188939944
2020-08-31 17:30:00,0.2701506896467549
2020-08-31 17:33:00,0.19036362834452802
2020-08-31 17:36:00,0.29058259494979666
2020-08-31 17:39:00,0.1314318243223056
2020-08-31 17:42:00,0.18418481157794986
2020-08-31 17:45:00,0.1780916330891955
2020-08-31 17:48:00,0.2047185678973733
2020-08-31 17:51:00,0.16563301668384156
2020-08-31 17:54:00,0.20905669788015757
2020-08-31 17:57:00,0.3041890051766245
2020-08-31 18:00:00,0.39091114488979883
2020-08-31 18:03:00,0.352595085144344
2020-08-31 18:06:00,0.33464923569766825
2020-08-31 18:09:00,0.3677597697726469
2020-08-31 18:12:00,0.2311353668281413
2020-08-31 18:15:00,0.20576252935853745
2020-08-31 18:18:00,0.1656101825247447
2020-08-31 18:21:00,0.15527294356388666
2020-08-31 18:24:00,0.20739219990565516
2020-08-31 18:27:00,0.3034108372498281
2020-08-31 18:30:00,0.21541885773353897
2020-08-31 18:33:00,0.24536178468929393
2020-08-31 18:36:00,0.27142997629073307
2020-08-31 18:39:00,0.30849050526330757
2020-08-31 18:42:00,0.2611636551166612
2020-08-31 18:45:00,0.3167663680508781
2020-08-31 18:48:00,0.25329062824829407
2020-08-31 18:51:00,0.272970306157049
2020-08-31 18:54:00,0.25927186402890356
2020-08-31 18:57:00,
2020-08-31 19:00:00,
2020-08-31 19:03:00,0.30305717324341686
2020-08-31 19:06:00,0.2689045617757415
2020-08-31 19:09:00,0.27312489261987594
2020-08-31 19:12:00,0.3337125214231378
2020-08-31 19:15:00,0.38856783429196184
2020-08-31 19:18:00,0.3898454404168774
2020-08-31 19:21:00,0.33910051470405733
2020-08-31 19:24:00,0.3249661654000988
2020-08-31 19:27:00,0.31419272014750277
2020-08-31 19:30:00,0.2533056470331303
2020-08-31 19:33:00,0.33395482348390715
2020-08-31 19:36:00,0.29118930530279385
2020-08-31 19:39:00,0.2947880513262362
2020-08-31 19:42:00,0.2795296534897602
2020-08-31 19:45:00,0.26897500949951336
2020-08-31 19:48:00,0.3837784531266948
2020-08-31 19:51:00,0.40360008362870303
2020-08-31 19:54:00,0.25488475673409994
2020-08-31 19:57:00,0.3502096314459209
2020-08-31 20:00:00,0.30514751662701656
2020-08-31 20:03:00,0.32992711810095443
2020-08-31 20:06:00,0.347889882186621
2020-08-31 20:09:00,0.33078633103713173
2020-08-31 20:12:00,0.3729127629543427
2020-08-31 20:15:00,0.38593777503564297
2020-08-31 20:18:00,0.368402635334121
2020-08-31 20:21:00,0.29632600135568055
2020-08-31 20:24:00,0.3579631811753643
2020-08-31 20:27:00,0.3627662286310738
2020-08-31 20:30:00,0.37111110763282795
2020-08-31 20:33:00,0.3544970195563337
2020-08-31 20:36:00,0.2909435791966075
2020-08-31 20:39:00,0.3818679731680845
2020-08-31 20:42:00,0.3590843020472789
2020-08-31 20:45:00,0.2762292635565018
2020-08-31 20:48:00,0.2802418660671151
2020-08-31 20:51:00,0.3565718824584678
2020-08-31 20:54:00,0.3245326626324072
2020-08-31 20:57:00,0.3388618463549733
2020-08-31 21:00:00,0.28679430773314607
2020-08-31 21:03:00,0.3169794668975783
2020-08-31 21:06:00,0.3141377608343987
2020-08-31 21:09:00,0.1912229606244864
2020-08-31 21:12:00,0.4134959689436073
2020-08-31 21:15:00,0.3102785265888883
2020-08-31 21:18:00,0.346097687440988
2020-08-31 21:21:00,0.278480397733631
2020-08-31 21:24:00,0.25056956065139957
2020-08-31 21:27:00,0.3092676576918052
2020-08-31 21:30:00,0.29636345657525
2020-08-31 21:33:00,0.3406246001762838
2020-08-31 21:36:00,0.2959099716902074
2020-08-31 21:39:00,0.3415054531545252
2020-08-31 21:42:00,0.34701049692398556
2020-08-31 21:45:00,0.3464099070727116
2020-08-31 21:48:00,0.3041429494359704
2020-08-31 21:51:00,0.3423619682453136
2020-08-31 21:54:00,0.34029543997837663
2020-08-31 21:57:00,0.3743087587914147
2020-08-31 22:00:00,0.43211897182368375
2020-08-31 22:03:00,0.31803931102780325
2020-08-31 22:06:00,0.4435377524931141
2020-08-31 22:09:00,0.4007001852183407
2020-08-31 22:12:00,0.3960015772695442
2020-08-31 22:15:00,0.3645042860877652
2020-08-31 22:18:00,0.4121270432314077
2020-08-31 22:21:00,0.3145687069633709
2020-08-31 22:24:00,0.36547804123637206
2020-08-31 22:27:00,0.3388812436728017
2020-08-31 22:30:00,0.3144248418079201
2020-08-31 22:33:00,0.3675410562346997
2020-08-31 22:36:00,0.33256347397428954
2020-08-31 22:39:00,0.30020999551641125
2020-08-31 22:42:00,0.4199943002632267
2020-08-31 22:45:00,0.3592782413460327
2020-08-31 22:48:00,0.39263924865696254
2020-08-31 22:51:00,0.2729910645236373
2020-08-31 22:54:00,0.392925364802295
2020-08-31 22:57:00,0.33330282199119665
2020-08-31 23:00:00,0.3772570517726308
2020-08-31 23:03:00,0.30689732354892385
2020-08-31 23:06:00,0.341791883377482
2020-08-31 23:09:00,0.29679342274715736
2020-08-31 23:12:00,0.3824133016436235
2020-08-31 23:15:00,0.4064715569338091
2020-08-31 23:18:00,0.3294728641743063
2020-08-31 23:21:00,0.3075033099863731
2020-08-31 23:24:00,0.34186199359641023
2020-08-31 23:27:00,0.38448435234437284
2020-08-31 23:30:00,0.356478137620968
2020-08-31 23:33:00,0.3382879596870225
2020-08-31 23:36:00,0.29643963956925745
2020-08-31 23:39:00,0.422845551014575
2020-08-31 23:42:00,0.36274613028092517
2020-08-31 23:45:00,0.2608320124209058
2020-08-31 23:48:00,0.32733486017832547
2020-08-31 23:51:00,0.2808879991135882
2020-08-31 23:54:00,0.4661381394791988
2020-08-31 23:57:00,0.2977553094619907
2020-09-01 00:00:00,0.3145854630007534
2020-09-01 00:03:00,0.3984683002735778
2020-09-01 00:06:00,0.4504522793758383
2020-09-01 00:09:00,0.38698029660281463
2020-09-01 00:12:00,0.5410899020177453
2020-09-01 00:15:00,0.43874392316229205
2020-09-01 00:18:00,0.45141839524387706
2020-09-01 00:21:00,0.5331621425001458
2020-09-01 00:24:00,0.4512620775364553
2020-09-01 00:27:00,0.41338256928668216
2020-09-01 00:30:00,0.6125635684952613
2020-09-01 00:33:00,0.5145688077171826
2020-09-01 00:36:00,0.45938145406654485
2020-09-01 00:39:00,0.2882981035369312
2020-09-01 00:42:00,0.2948486948362756
2020-09-01 00:45:00,0.28165909139642054
2020-09-01 00:48:00,0.37282590039473007
2020-09-01 00:51:00,0.3473905245155038
2020-09-01 00:54:00,0.3451820626264066
2020-09-01 00:57:00,0.25161128855904735
2020-09-01 01:00:00,0.34037798761022486
2020-09-01 01:03:00,0.3038945037076246
2020-09-01 01:06:00,0.22803676584788946
2020-09-01 01:09:00,0.3748495281826081
2020-09-01 01:12:00,0.33859130265250315
2020-09-01 01:15:00,0.3053047926787258
2020-09-01 01:18:00,0.36665443259579433
2020-09-01 01:21:00,0.38120686356296574
2020-09-01 01:24:00,0.2803031958329143
2020-09-01 01:27:00,0.24475215223429814
2020-09-01 01:30:00,0.29202698383267034
2020-09-01 01:33:00,0.2829855003715238
2020-09-01 01:36:00,0.2686740045278384
2020-09-01 01:39:00,0.3057584190200373
2020-09-01 01:42:00,0.3546930305020055
2020-09-01 01:45:00,0.3235367112076801
2020-09-01 01:48:00,0.3444300641129985
2020-09-01 01:51:00,0.416662437255809
2020-09-01 01:54:00,0.5099181710713765
2020-09-01 01:57:00,0.432999571131802
2020-09-01 02:00:00,0.3982655423214396
2020-09-01 02:03:00,0.402860376914532
2020-09-01 02:06:00,0.2878061860959633
2020-09-01 02:09:00,0.42549336226170453
2020-09-01 02:12:00,0.40246805312852985
2020-09-01 02:15:00,0.4843146694624352
2020-09-01 02:18:00,0.43432811805598703
2020-09-01 02:21:00,0.46685369057644266
2020-09-01 02:24:00,0.4879105544450226
2020-09-01 02:27:00,0.4121331484776647
2020-09-01 02:30:00,0.39729653718734426
2020-09-01 02:33:00,0.4156827528688041
2020-09-01 02:36:00,0.4573697505012433
2020-09-01 02:39:00,0.5108137874381669
2020-09-01 02:42:00,0.3537032610987012
2020-09-01 02:45:00,0.4042432801398945
2020-09-01 02:48:00,0.46100190223546633
2020-09-01 02:51:00,0.3386250333185217
2020-09-01 02:54:00,0.4458892604067728
2020-09-01 02:57:00,0.3808226342395642
2020-09-01 03:00:00,0.40193981391337275
2020-09-01 03:03:00,0.442828024956782
2020-09-01 03:06:00,0.444702991452516
2020-09-01 03:09:00,0.34472721302262244
2020-09-01 03:12:00,0.3831989191618277
2020-09-01 03:15:00,0.3963752756523604
2020-09-01 03:18:00,0.4305609196111959
2020-09-01 03:21:00,0.44267502098756495
2020-09-01 03:24:00,0.4419206054728875
2020-09-01 03:27:00,0.40234185480358065
2020-09-01 03:30:00,0.4552493836666258
2020-09-01 03:33:00,0.4657575954598201
2020-09-01 03:36:00,0.4693316334473252
2020-09-01 03:39:00,0.41940559634929286
2020-09-01 03:42:00,0.5053946577220358
2020-09-01 03:45:00,0.5705116320132788
2020-09-01 03:48:00,0.4066529129914329
2020-09-01 03:51:00,0.5113830807803765
2020-09-01 03:54:00,0.5107986882127307
2020-09-01 03:57:00,0.5387234824182769
2020-09-01 04:00:00,0.521044898940545
2020-09-01 04:03:00,0.5425995577623439
2020-09-01 04:06:00,0.568128987396733
2020-09-01 04:09:00,0.5415398177910333
2020-09-01 04:12:00,0.5584451276657205
2020-09-01 04:15:00,0.5235468373238064
2020-09-01 04:18:00,0.6510705013992606
2020-09-01 04:21:00,0.5369674492719128
2020-09-01 04:24:00,0.5040186034077578
2020-09-01 04:27:00,0.4166765373840917
2020-09-01 04:30:00,0.6167647202884723
2020-09-01 04:33:00,0.4530159655056991
2020-09-01 04:36:00,0.4139745267314652
2020-09-01 04:39:00,0.5120023128005755
2020-09-01 04:42:00,0.4977181088038378
2020-09-01 04:45:00,0.46179092060219773
2020-09-01 04:48:00,0.4725217742235941
2020-09-01 04:51:00,0.5368900488073223
2020-09-01 04:54:00,0.4300610276231964
2020-09-01 04:57:00,0.5700940828069179
2020-09-01 05:00:00,0.5432924132991275
2020-09-01 05:03:00,0.5273957066728485
2020-09-01 05:06:00,0.5488246696243664
2020-09-01 05:09:00,0.5178035051071106
2020-09-01 05:12:00,0.604838307652642
2020-09-01 05:15:00,0.608732251471281
2020-09-01 05:18:00,0.5502861253565925
2020-09-01 05:21:00,0.5046887871066588
2020-09-01 05:24:00,0.5844318021624417
2020-09-01 05:27:00,0.4924268999760102
2020-09-01 05:30:00,0.6454140401357336
2020-09-01 05:33:00,0.5689591871931157
2020-09-01 05:36:00,0.6012114146724343
2020-09-01 05:39:00,0.5802581488763394
2020-09-01 05:42:00,0.5213509958254008
2020-09-01 05:45:00,0.5622823429317236
2020-09-01 05:48:00,0.5258228443855728
2020-09-01 05:51:00,0.5378789847567305
2020-09-01 05:54:00,0.4338939466560987
2020-09-01 05:57:00,0.5458705984044059
2020-09-01 06:00:00,0.575207191176105
2020-09-01 06:03:00,0.5941775278494106
2020-09-01 06:06:00,0.638794867088393
2020-09-01 06:09:00,0.5598617725589179
2020-09-01 06:12:00,0.5439450779452955
2020-09-01 06:15:00,0.4642045442000722
2020-09-01 06:18:00,0.5482110435122536
2020-09-01 06:21:00,0.4355054064146202
2020-09-01 06:24:00,0.467636465406315
2020-09-01 06:27:00,0.5124773272104335
2020-09-01 06:30:00,0.459079824504272
2020-09-01 06:33:00,0.5298432941370947
2020-09-01 06:36:00,0.5866725989737915
2020-09-01 06:39:00,0.36552766732194186
2020-09-01 06:42:00,0.4343590458203721
2020-09-01 06:45:00,0.47057757591392146
2020-09-01 06:48:00,0.39979800538998234
2020-09-01 06:51:00,0.40893352871813704
2020-09-01 06:54:00,0.39543097954026507
2020-09-01 06:57:00,0.3812256994437462
2020-09-01 07:00:00,0.4415066712635394
2020-09-01 07:03:00,0.3799517350656174
2020-09-01 07:06:00,0.4957523414444722
2020-09-01 07:09:00,0.42630645915437526
2020-09-01 07:12:00,0.4444163258048093
2020-09-01 07:15:00,0.5499493051145805
2020-09-01 07:18:00,0.4383963801287223
2020-09-01 07:21:00,0.5818334996887415
2020-09-01 07:24:00,0.5788540449954667
2020-09-01 07:27:00,0.6014136069202323
2020-09-01 07:30:00,0.507287269195615
2020-09-01 07:33:00,0.4883635189971187
2020-09-01 07:36:00,0.48797795658748555
2020-09-01 07:39:00,0.5125829545282841
2020-09-01 07:42:00,0.5083753375732272
2020-09-01 07:45:00,0.3806901425285787
2020-09-01 07:48:00,0.441919502677365
2020-09-01 07:51:00,0.318043545780597
2020-09-01 07:54:00,0.3980735910751605
2020-09-01 07:57:00,0.36070182400442263
2020-09-01 08:00:00,0.4010788786720241
2020-09-01 08:03:00,0.36355698281067816
2020-09-01 08:06:00,0.42015510732045414
2020-09-01 08:09:00,0.388476863815697
2020-09-01 08:12:00,0.43181556813772204
2020-09-01 08:15:00,0.44524266443920624
2020-09-01 08:18:00,0.3433549478821192
2020-09-01 08:21:00,0.3397266845566378
2020-09-01 08:24:00,0.4076432104444052
2020-09-01 08:27:00,0.40213989348444557
2020-09-01 08:30:00,0.3830161290486558
2020-09-01 08:33:00,0.3407044196999891
2020-09-01 08:36:00,0.3864532116917303
2020-09-01 08:39:00,0.3219050258653624
2020-09-01 08:42:00,0.2796872953272782
2020-09-01 08:45:00,0.3446115760199291
2020-09-01 08:48:00,0.3128559567840625
2020-09-01 08:51:00,0.26181226893271514
2020-09-01 08:54:00,0.2544720143937411
2020-09-01 08:57:00,0.19586540251236784
2020-09-01 09:00:00,0.2356364638005175
2020-09-01 09:03:00,0.27842603472799965
2020-09-01 09:06:00,0.23420405080224782
2020-09-01 09:09:00,0.23770928590784024
2020-09-01 09:12:00,0.16122263819141835
2020-09-01 09:15:00,0.13148180859002423
2020-09-01 09:18:00,0.201035074890342
2020-09-01 09:21:00,0.17139216780657307
2020-09-01 09:24:00,0.10590346801080841
2020-09-01 09:27:00,0.19326159405233057
2020-09-01 09:30:00,0.18081012502398153
2020-09-01 09:33:00,0.12888334103189436
2020-09-01 09:36:00,0.1101411365907552
2020-09-01 09:39:00,0.16994725258166454
2020-09-01 09:42:00,0.03191707195816207
2020-09-01 09:45:00,0.14589579433709332
2020-09-01 09:48:00,0.0026928112313839847
2020-09-01 09:51:00,0.04777380833729694
2020-09-01 09:54:00,0.03923976695983811
2020-09-01 09:57:00,0.1340440907903826
2020-09-01 10:00:00,0.05331167632971301
2020-09-01 10:03:00,0.011887496410395215
2020-09-01 10:06:00,-0.011875822521858481
2020-09-01 10:09:00,0.07800967698238992
2020-09-01 10:12:00,0.015216197579263735
2020-09-01 10:15:00,0.045397206162931525
2020-09-01 10:18:00,0.00662373806164851
2020-09-01 10:21:00,0.00403388032981411
2020-09-01 10:24:00,-0.006278790514386401
2020-09-01 10:27:00,-0.11611370280633082
2020-09-01 10:30:00,-0.03852224914396629
2020-09-01 10:33:00,-0.11490176694837828
2020-09-01 10:36:00,0.016141661275980823
2020-09-01 10:39:00,-0.08799360425933855
2020-09-01 10:42:00,-0.11962937426432063
2020-09-01 10:45:00,-0.08701773243399202
2020-09-01 10:48:00,-0.05987042621637784
2020-09-01 10:51:00,-0.07344480332233161
2020-09-01 10:54:00,-0.12550888652089043
2020-09-01 10:57:00,0.008037261352399128
2020-09-01 11:00:00,-0.07393681182253431
2020-09-01 11:03:00,-0.015768683375199544
2020-09-01 11:06:00,-0.09534871184825988
2020-09-01 11:09:00,-0.20909945787570905
2020-09-01 11:12:00,-0.2073263962045644
2020-09-01 11:15:00,-0.15142056780950952
2020-09-01 11:18:00,-0.1315020011882666
2020-09-01 11:21:00,-0.1456155190085724
2020-09-01 11:24:00,-0.2242578534875861
2020-09-01 11:27:00,-0.20063891418169533
2020-09-01 11:30:00,-0.3031187701852218
2020-09-01 11:33:00,-0.24870545846124514
2020-09-01 11:36:00,-0.24323496071355066
2020-09-01 11:39:00,-0.24292045281185892
2020-09-01 11:42:00,-0.1959312730720626
2020-09-01 11:45:00,-0.2247856609029668
2020-09-01 11:48:00,-0.18456497551170514
2020-09-01 11:51:00,0.0661027389706419
2020-09-01 11:54:00,0.1231243417563519
2020-09-01 11:57:00,0.24951676038841697
2020-09-01 12:00:00,0.25702842117584623
2020-09-01 12:03:00,0.01904507818841239
2020-09-01 12:06:00,-0.1857947491598111
2020-09-01 12:09:00,-0.1776974151248396
2020-09-01 12:12:00,-0.10295426515568806
2020-09-01 12:15:00,-0.031849879907497325
2020-09-01 12:18:00,-0.08982502487492638
2020-09-01 12:21:00,-0.014185291492822216
2020-09-01 12:24:00,-0.18228981937318167
2020-09-01 12:27:00,-0.23052831047249356
2020-09-01 12:30:00,-0.1919700312357122
2020-09-01 12:33:00,-0.08350097843623416
2020-09-01 12:36:00,-0.11387492740692551
2020-09-01 12:39:00,-0.11429985124755149
2020-09-01 12:42:00,0.0821234058172422
2020-09-01 12:45:00,-0.049748144934426364
2020-09-01 12:48:00,-0.13182950803735594
2020-09-01 12:51:00,0.06290492688020777
2020-09-01 12:54:00,-0.019780374282333923
2020-09-01 12:57:00,-0.016735831676783164
2020-09-01 13:00:00,-0.10747215184591141
2020-09-01 13:03:00,-0.06445858464979892
2020-09-01 13:06:00,-0.01365977751953551
2020-09-01 13:09:00,0.20584633411607456
2020-09-01 13:12:00,0.24492160721575829
2020-09-01 13:15:00,0.15031114413051228
2020-09-01 13:18:00,0.09333865509336192
2020-09-01 13:21:00,-0.13773631425090116
2020-09-01 13:24:00,-0.09344961300791965
2020-09-01 13:27:00,-0.07876609239048094
2020-09-01 13:30:00,0.03435665678944133
2020-09-01 13:33:00,0.08714876276752648
2020-09-01 13:36:00,0.03557342476767644
2020-09-01 13:39:00,-0.045924499592103984
2020-09-01 13:42:00,0.013111331148877525
2020-09-01 13:45:00,0.07964660260250866
2020-09-01 13:48:00,-0.04072505548595018
2020-09-01 13:51:00,-0.08470146052428618
2020-09-01 13:54:00,0.06738476967694851
2020-09-01 13:57:00,0.07461811417726949
2020-09-01 14:00:00,0.06131749954073484
2020-09-01 14:03:00,0.1998096983335813
2020-09-01 14:06:00,0.09618966892725211
2020-09-01 14:09:00,0.1265310321843458
2020-09-01 14:12:00,0.08410570234394754
2020-09-01 14:15:00,0.017934180654208376
2020-09-01 14:18:00,0.10611514493081131
2020-09-01 14:21:00,0.10408189735801443
2020-09-01 14:24:00,0.10064256509394909
2020-09-01 14:27:00,-0.006612893628300753
2020-09-01 14:30:00,-0.04476632582390039
2020-09-01 14:33:00,-0.019690056042577453
2020-09-01 14:36:00,0.03358878849405755
2020-09-01 14:39:00,0.06248621868496684
2020-09-01 14:42:00,0.24445665126773974
2020-09-01 14:45:00,0.3763538996285547
2020-09-01 14:48:00,0.47484450858411265
2020-09-01 14:51:00,0.3580521357403086
2020-09-01 14:54:00,0.3445885987330257
2020-09-01 14:57:00,0.2711336378703777
2020-09-01 15:00:00,0.18336431383880836
2020-09-01 15:03:00,0.1909633635867749
2020-09-01 15:06:00,0.19864767498631863
2020-09-01 15:09:00,0.2804683592190713
2020-09-01 15:12:00,0.16552067563048922
2020-09-01 15:15:00,0.13711790217269026
2020-09-01 15:18:00,0.11742429775119945
2020-09-01 15:21:00,0.13695684940404362
2020-09-01 15:24:00,0.12182550408419957
2020-09-01 15:27:00,0.11071964393192957
2020-09-01 15:30:00,0.13904272437702048
2020-09-01 15:33:00,0.12012113668185975
2020-09-01 15:36:00,0.1128473697086747
2020-09-01 15:39:00,0.05954337103656826
2020-09-01 15:42:00,0.11533758007976758
2020-09-01 15:45:00,0.15092430986851468
2020-09-01 15:48:00,0.06613607498195506
2020-09-01 15:51:00,0.13280343754991009
2020-09-01 15:54:00,0.1526304701953336
2020-09-01 15:57:00,0.10432963793169847
2020-09-01 16:00:00,0.14967779727368224
2020-09-01 16:03:00,0.1987966164517161
2020-09-01 16:06:00,0.1967103247041564
2020-09-01 16:09:00,0.22108288923391228
2020-09-01 16:12:00,0.16339673463130566
2020-09-01 16:15:00,0.3186473397993268
2020-09-01 16:18:00,0.21718330412119258
2020-09-01 16:21:00,0.09387341262299742
2020-09-01 16:24:00,0.08739938631788391
2020-09-01 16:27:00,0.016609694763076277
2020-09-01 16:30:00,0.030466070405338996
2020-09-01 16:33:00,-0.01918931725828088
2020-09-01 16:36:00,0.13586978195593247
2020-09-01 16:39:00,0.24266314172876946
2020-09-01 16:42:00,-0.08608495986749176
2020-09-01 16:45:00,-0.01028036985462677
2020-09-01 16:48:00,-0.05267624998435849
2020-09-01 16:51:00,-0.09161905957557792
2020-09-01 16:54:00,-0.13298266618687649
2020-09-01 16:57:00,-0.09246802479322014
2020-09-01 17:00:00,-0.07156821163675886
2020-09-01 17:03:00,-0.09552036298197208
2020-09-01 17:06:00,0.10470549495238402
2020-09-01 17:09:00,0.1739984464875306
2020-09-01 17:12:00,0.2649011923281819
2020-09-01 17:15:00,0.1794229063681314
2020-09-01 17:18:00,0.11261597531648704
2020-09-01 17:21:00,0.03061850427383206
2020-09-01 17:24:00,0.008159874972534453
2020-09-01 17:27:00,0.20501600232148576
2020-09-01 17:30:00,0.024989977972552424
2020-09-01 17:33:00,0.011993351420528597
2020-09-01 17:36:00,0.0405636239943874
2020-09-01 17:39:00,-0.0674439348979945
2020-09-01 17:42:00,-0.08611349549397573
2020-09-01 17:45:00,0.023354195871888805
2020-09-01 17:48:00,0.037258142600876454
2020-09-01 17:51:00,0.055028264148347716
2020-09-01 17:54:00,0.0007631797483895753
2020-09-01 17:57:00,-0.04562728932108939
2020-09-01 18:00:00,0.00717761324796129
2020-09-01 18:03:00,0.0643293075079896
2020-09-01 18:06:00,0.037163820313310225
2020-09-01 18:09:00,-0.06658490125994376
2020-09-01 18:12:00,-0.024422391805785537
2020-09-01 18:15:00,-0.017761182497565642
2020-09-01 18:18:00,-0.06743054810755211
2020-09-01 18:21:00,-0.08613622176670788
2020-09-01 18:24:00,-0.054759932433057656
2020-09-01 18:27:00,-0.08626165544990272
2020-09-01 18:30:00,-0.11574033233563341
2020-09-01 18:33:00,-0.0840613470774656
2020-09-01 18:36:00,0.0011145039975986037
2020-09-01 18:39:00,-0.054559770928449325
2020-09-01 18:42:00,-0.038787819865717665
2020-09-01 18:45:00,-0.023152901660409952
2020-09-01 18:48:00,-0.09140571388883245
2020-09-01 18:51:00,-0.018740463362064474
2020-09-01 18:54:00,
2020-09-01 18:57:00,
2020-09-01 19:00:00,
2020-09-01 19:03:00,-0.025857642324979224
2020-09-01 19:06:00,-0.011149249486607005
2020-09-01 19:09:00,0.07057738131305769
2020-09-01 19:12:00,-0.04464948740263708
2020-09-01 19:15:00,-0.01933353777371849
2020-09-01 19:18:00,0.04331460717344271
2020-09-01 19:21:00,-0.03947772058444343
2020-09-01 19:24:00,-0.01189984100693664
2020-09-01 19:27:00,-0.02864526972132353
2020-09-01 19:30:00,0.023598795587815857
2020-09-01 19:33:00,0.07979334668783622
2020-09-01 19:36:00,-0.05653051610761395
2020-09-01 19:39:00,-0.04077196257185278
2020-09-01 19:42:00,-0.005973753169200791
2020-09-01 19:45:00,0.036819991112622574
2020-09-01 19:48:00,-0.026540479023083208
2020-09-01 19:51:00,-0.07362276572700921
2020-09-01 19:54:00,-0.06285003144392931
2020-09-01 19:57:00,-0.024314257670596362
2020-09-01 20:00:00,-0.048312687924351394
2020-09-01 20:03:00,-0.09459959905808546
2020-09-01 20:06:00,0.25355389605573464
2020-09-01 20:09:00,0.40045883798131854
2020-09-01 20:12:00,0.5500700934569522
2020-09-01 20:15:00,0.5762902493252682
2020-09-01 20:18:00,0.5729751086581132
2020-09-01 20:21:00,0.5770910066164561
2020-09-01 20:24:00,0.5780704880673397
2020-09-01 20:27:00,0.5217178235156439
2020-09-01 20:30:00,0.610360537113479
2020-09-01 20:33:00,0.5298442921226751
2020-09-01 20:36:00,0.5793199156972264
2020-09-01 20:39:00,0.8073758556817552
2020-09-01 20:42:00,0.7231465252786506
2020-09-01 20:45:00,0.6295177510377243
2020-09-01 20:48:00,0.327847430277302
2020-09-01 20:51:00,0.37559635375436073
2020-09-01 20:54:00,0.30680492567250894
2020-09-01 20:57:00,0.42265089456060423
2020-09-01 21:00:00,0.3247936909656346
2020-09-01 21:03:00,0.3301929827641743
2020-09-01 21:06:00,0.33582539632453745
2020-09-01 21:09:00,0.3352558366893845
2020-09-01 21:12:00,0.29735227485502946
2020-09-01 21:15:00,0.3086414517520666
2020-09-01 21:18:00,0.2660498062044212
2020-09-01 21:21:00,0.31752477963613046
2020-09-01 21:24:00,0.35983744666026496
2020-09-01 21:27:00,0.2785393964246623
2020-09-01 21:30:00,0.26619290543021634
2020-09-01 21:33:00,0.2502444325868396
2020-09-01 21:36:00,0.3077512889398122
2020-09-01 21:39:00,0.7425604487657438
2020-09-01 21:42:00,0.3865606822140535
2020-09-01 21:45:00,0.2952693164627931
2020-09-01 21:48:00,0.25852995785697885
2020-09-01 21:51:00,0.3355312896370606
2020-09-01 21:54:00,0.41446082051305666
2020-09-01 21:57:00,0.5049057792511462
2020-09-01 22:00:00,0.48079026684774817
2020-09-01 22:03:00,0.4484221299800879
2020-09-01 22:06:00,0.47814039445694334
2020-09-01 22:09:00,0.36282967964910995
2020-09-01 22:12:00,0.3634232001447799
2020-09-01 22:15:00,0.37355788389555755
2020-09-01 22:18:00,0.3084626064839995
2020-09-01 22:21:00,0.3548214336183264
2020-09-01 22:24:00,0.19752441315449687
2020-09-01 22:27:00,0.29513439126446883
2020-09-01 22:30:00,0.24593970753198846
2020-09-01 22:33:00,0.2704565146722757
2020-09-01 22:36:00,0.3180587984227259
2020-09-01 22:39:00,0.3175066267124862
2020-09-01 22:42:00,0.34731389148345215
2020-09-01 22:45:00,0.34368846683776155
2020-09-01 22:48:00,0.3633928949112146
2020-09-01 22:51:00,0.41237236625363494
2020-09-01 22:54:00,0.39992669732851027
2020-09-01 22:57:00,0.4564746082519946
2020-09-01 23:00:00,0.4695210631155078
2020-09-01 23:03:00,0.49059332057817073
2020-09-01 23:06:00,0.5081641595498922
2020-09-01 23:09:00,0.49536411229280475
2020-09-01 23:12:00,0.637077199889859
2020-09-01 23:15:00,0.581163191509745
2020-09-01 23:18:00,0.5988480156599394
2020-09-01 23:21:00,0.6498385310563322
2020-09-01 23:24:00,0.5607077364077782
2020-09-01 23:27:00,0.6397893920174056
2020-09-01 23:30:00,0.620191469482279
2020-09-01 23:33:00,0.6070493337451239
2020-09-01 23:36:00,0.613200381528884
2020-09-01 23:39:00,0.4984534638568334
2020-09-01 23:42:00,0.6074925961326016
2020-09-01 23:45:00,0.5741957025114743
2020-09-01 23:48:00,0.6104110419037738
2020-09-01 23:51:00,0.4766212180965681
2020-09-01 23:54:00,0.4877717134123145
2020-09-01 23:57:00,0.5873375920821218
2020-09-02 00:00:00,0.5644732224392328
2020-09-02 00:03:00,
2020-09-02 00:06:00,0.5851603088593151
2020-09-02 00:09:00,0.5384737260876022
2020-09-02 00:12:00,0.5566884414258766
2020-09-02 00:15:00,0.5190055052872822
2020-09-02 00:18:00,0.5182042828007525
2020-09-02 00:21:00,0.4921052500183123
2020-09-02 00:24:00,0.38340960059213103
2020-09-02 00:27:00,0.4823540148449297
2020-09-02 00:30:00,0.40318876972571616
2020-09-02 00:33:00,0.394131931324182
2020-09-02 00:36:00,0.5020517576542716
2020-09-02 00:39:00,0.37542211852922946
2020-09-02 00:42:00,0.4569115774622219
2020-09-02 00:45:00,0.43467928826333946
2020-09-02 00:48:00,0.3224783779224367
2020-09-02 00:51:00,0.4467146557356614
2020-09-02 00:54:00,0.4149619090711667
2020-09-02 00:57:00,0.4163794093981892
2020-09-02 01:00:00,0.2863909638959967
2020-09-02 01:03:00,0.3790330567549063
2020-09-02 01:06:00,0.49080892578535895
2020-09-02 01:09:00,0.4753997939903911
2020-09-02 01:12:00,0.37525332259002653
2020-09-02 01:15:00,0.4620473893755275
2020-09-02 01:18:00,0.40997281851582557
2020-09-02 01:21:00,0.4192312060543486
2020-09-02 01:24:00,0.4367218634745882
2020-09-02 01:27:00,0.400992909017134
2020-09-02 01:30:00,0.3804370234062162
2020-09-02 01:33:00,0.4344278278920797
2020-09-02 01:36:00,0.4868724737143566
2020-09-02 01:39:00,0.4464857136428577
2020-09-02 01:42:00,0.4796818669696563
2020-09-02 01:45:00,0.4119707967382169
2020-09-02 01:48:00,0.49984963550906514
2020-09-02 01:51:00,0.5072178797391302
2020-09-02 01:54:00,0.4819577380329747
2020-09-02 01:57:00,0.3955705060043897
2020-09-02 02:00:00,0.4642582132814823
2020-09-02 02:03:00,0.41291206326235397
2020-09-02 02:06:00,0.42608093308962225
2020-09-02 02:09:00,0.43314646924198996
2020-09-02 02:12:00,0.4237795642536639
2020-09-02 02:15:00,0.39456413238065124
2020-09-02 02:18:00,0.3855596839329678
2020-09-02 02:21:00,0.38694173172092405
2020-09-02 02:24:00,0.3501501107253375
2020-09-02 02:27:00,0.32965189297590314
2020-09-02 02:30:00,0.37859135816944445
2020-09-02 02:33:00,0.28011833034253186
2020-09-02 02:36:00,0.3901582089059161
2020-09-02 02:39:00,0.4042746234475203
2020-09-02 02:42:00,0.4589930304006202
2020-09-02 02:45:00,0.4692320826919172
2020-09-02 02:48:00,0.4840226480427532
2020-09-02 02:51:00,0.3695627158859338
2020-09-02 02:54:00,0.4167931240106668
2020-09-02 02:57:00,0.4299726577519891
2020-09-02 03:00:00,0.4498998586590801
2020-09-02 03:03:00,0.4961397117651245
2020-09-02 03:06:00,0.43896773922045895
2020-09-02 03:09:00,0.4748877755988019
2020-09-02 03:12:00,0.515380010681497
2020-09-02 03:15:00,0.4765669812790634
2020-09-02 03:18:00,0.4961901217681657
2020-09-02 03:21:00,0.5051776040583036
2020-09-02 03:24:00,0.4674574483793208
2020-09-02 03:27:00,0.4234644423406735
2020-09-02 03:30:00,0.4349914104105892
2020-09-02 03:33:00,0.41230343174328254
2020-09-02 03:36:00,0.408374872155548
2020-09-02 03:39:00,0.4126287538294946
2020-09-02 03:42:00,0.3551825035787033
2020-09-02 03:45:00,0.35855317666329256
2020-09-02 03:48:00,0.3463768750374925
2020-09-02 03:51:00,0.32776220242124054
2020-09-02 03:54:00,0.27617202188258716
2020-09-02 03:57:00,0.3466203468114486
2020-09-02 04:00:00,0.42055453919545016
2020-09-02 04:03:00,0.3582946799849651
2020-09-02 04:06:00,0.40044043556650877
2020-09-02 04:09:00,0.42700656882942667
2020-09-02 04:12:00,0.4214443767399416
2020-09-02 04:15:00,0.49833685687883644
2020-09-02 04:18:00,0.4228428739488663
2020-09-02 04:21:00,0.45556273632774946
2020-09-02 04:24:00,0.37900835176452574
2020-09-02 04:27:00,0.4895904985849029
2020-09-02 04:30:00,0.4864648741450992
2020-09-02 04:33:00,0.5203416023641694
2020-09-02 04:36:00,0.492866947662435
2020-09-02 04:39:00,0.46842476691864476
2020-09-02 04:42:00,0.4947074327525911
2020-09-02 04:45:00,0.5026718773219159
2020-09-02 04:48:00,0.49367794875593063
2020-09-02 04:51:00,0.559215151406363
2020-09-02 04:54:00,0.48552947376515476
2020-09-02 04:57:00,0.4550776115156623
2020-09-02 05:00:00,0.49676580531684067
2020-09-02 05:03:00,0.4218063393005309
2020-09-02 05:06:00,0.47101394766343674
2020-09-02 05:09:00,0.47510022233626614
2020-09-02 05:12:00,0.48138839199731365
2020-09-02 05:15:00,0.45047828166286763
2020-09-02 05:18:00,0.4121328395821706
2020-09-02 05:21:00,0.45889201175634753
2020-09-02 05:24:00,0.5499092184534788
2020-09-02 05:27:00,0.4176110222490479
2020-09-02 05:30:00,0.5039703330089651
2020-09-02 05:33:00,0.38585946045117225
2020-09-02 05:36:00,0.33787859108559815
2020-09-02 05:39:00,0.436272654520792
2020-09-02 05:42:00,0.3694387618929227
2020-09-02 05:45:00,0.37419728963152465
2020-09-02 05:48:00,0.48309834794633844
2020-09-02 05:51:00,0.4203765524510459
2020-09-02 05:54:00,0.337663569627523
2020-09-02 05:57:00,0.5115484135604333
2020-09-02 06:00:00,0.29933528248318453
2020-09-02 06:03:00,0.3621297442506375
2020-09-02 06:06:00,0.3612442754182439
2020-09-02 06:09:00,0.3856559342474384
2020-09-02 06:12:00,0.46581687883508494
2020-09-02 06:15:00,0.5608157398481239
2020-09-02 06:18:00,0.44906061184940427
2020-09-02 06:21:00,0.45054092476607366
2020-09-02 06:24:00,0.37424784330153216
2020-09-02 06:27:00,0.4107157315970653
2020-09-02 06:30:00,0.33062618207173955
2020-09-02 06:33:00,0.30954947988061576
2020-09-02 06:36:00,0.39963371568734374
2020-09-02 06:39:00,0.41444206772553116
2020-09-02 06:42:00,0.408803971177349
2020-09-02 06:45:00,0.42663809564737676
2020-09-02 06:48:00,0.3796472667033868
2020-09-02 06:51:00,0.371401054067519
2020-09-02 06:54:00,0.3454299604525204
2020-09-02 06:57:00,0.35470898882755364
2020-09-02 07:00:00,0.32677189240490634
2020-09-02 07:03:00,0.4280809769394409
2020-09-02 07:06:00,0.45830587935830636
2020-09-02 07:09:00,0.4289154647640885
2020-09-02 07:12:00,0.4913449880835401
2020-09-02 07:15:00,0.46343439395252517
2020-09-02 07:18:00,0.38559700232923433
2020-09-02 07:21:00,0.43152935321103314
2020-09-02 07:24:00,0.35853691387228537
2020-09-02 07:27:00,0.4138164953488399
2020-09-02 07:30:00,0.42925510880672846
2020-09-02 07:33:00,0.4848765042437435
2020-09-02 07:36:00,0.45864828696591076
2020-09-02 07:39:00,0.4203535167677046
2020-09-02 07:42:00,0.36570434889176795
2020-09-02 07:45:00,0.48607391061449334
2020-09-02 07:48:00,0.3858392487305764
2020-09-02 07:51:00,0.35875062941215674
2020-09-02 07:54:00,0.34614550132408795
2020-09-02 07:57:00,0.4281325784249361
2020-09-02 08:00:00,0.3920614655093573
2020-09-02 08:03:00,0.4283745271994803
2020-09-02 08:06:00,0.36454522366528863
2020-09-02 08:09:00,0.4269524013021737
2020-09-02 08:12:00,0.44038499629488115
2020-09-02 08:15:00,0.43935861356300165
2020-09-02 08:18:00,0.464459750375795
2020-09-02 08:21:00,0.45773177514291774
2020-09-02 08:24:00,0.5077682196396154
2020-09-02 08:27:00,0.4810412567901494
2020-09-02 08:30:00,0.5043123341857836
2020-09-02 08:33:00,0.48478642966432517
2020-09-02 08:36:00,0.4850402546423993
2020-09-02 08:39:00,0.41672864367245666
2020-09-02 08:42:00,0.40759126794830536
2020-09-02 08:45:00,0.5107973167940258
2020-09-02 08:48:00,0.4067740298823992
2020-09-02 08:51:00,0.3847610719885779
2020-09-02 08:54:00,0.4645755474969633
2020-09-02 08:57:00,0.47494509569918364
2020-09-02 09:00:00,0.460409018018197
2020-09-02 09:03:00,0.5133182737628772
2020-09-02 09:06:00,0.42767948923926724
2020-09-02 09:09:00,0.4661180697739269
2020-09-02 09:12:00,0.48225554364989875
2020-09-02 09:15:00,0.4422102650844977
2020-09-02 09:18:00,0.43057212793024746
2020-09-02 09:21:00,0.4234367808821844
2020-09-02 09:24:00,0.3911510073106115
2020-09-02 09:27:00,0.3667176033008559
2020-09-02 09:30:00,0.383074902041983
2020-09-02 09:33:00,0.42163142075298765
2020-09-02 09:36:00,0.42893919598088814
2020-09-02 09:39:00,0.4294356431256574
2020-09-02 09:42:00,0.3759079169145707
2020-09-02 09:45:00,0.38086469218444563
2020-09-02 09:48:00,0.3555489310242024
2020-09-02 09:51:00,0.40743309185489807
2020-09-02 09:54:00,0.4561484064238357
2020-09-02 09:57:00,0.39559570536482624
2020-09-02 10:00:00,0.40867031647127305
2020-09-02 10:03:00,0.3506552707572723
2020-09-02 10:06:00,0.36968427468434584
2020-09-02 10:09:00,0.3258468260142422
2020-09-02 10:12:00,0.3640022281782649
2020-09-02 10:15:00,0.30144776430933007
2020-09-02 10:18:00,0.325379864869376
2020-09-02 10:21:00,0.2129822995072459
2020-09-02 10:24:00,0.2593460402052301
2020-09-02 10:27:00,0.3444019721760583
2020-09-02 10:30:00,0.31692678354579584
2020-09-02 10:33:00,0.24965577729255983
2020-09-02 10:36:00,0.31603984472656066
2020-09-02 10:39:00,0.27239140590017996
2020-09-02 10:42:00,0.34575668583914876
2020-09-02 10:45:00,0.2794055683176566
2020-09-02 10:48:00,0.39352428555667984
2020-09-02 10:51:00,0.2642018444015548
2020-09-02 10:54:00,0.2765907206615452
2020-09-02 10:57:00,0.23198214580071408
2020-09-02 11:00:00,0.1712049026106115
2020-09-02 11:03:00,0.162514334996672
2020-09-02 11:06:00,0.17044249230588093
2020-09-02 11:09:00,0.22315564639541208
2020-09-02 11:12:00,0.21559876809476464
2020-09-02 11:15:00,0.1385100156074941
2020-09-02 11:18:00,0.1758269107198771
2020-09-02 11:21:00,0.08165313405845609
2020-09-02 11:24:00,0.12572217534733454
2020-09-02 11:27:00,0.11590752639625634
2020-09-02 11:30:00,0.09025355257574574
2020-09-02 11:33:00,0.12165900899071858
2020-09-02 11:36:00,0.15749919687124248
2020-09-02 11:39:00,0.21134563553943053
2020-09-02 11:42:00,0.14528509053349126
2020-09-02 11:45:00,0.13826252762476088
2020-09-02 11:48:00,0.1578467047140748
2020-09-02 11:51:00,0.1700258192287265
2020-09-02 11:54:00,0.15868459857836115
2020-09-02 11:57:00,0.1877429764607541
2020-09-02 12:00:00,0.15225241679411283
2020-09-02 12:03:00,0.0680407076206393
2020-09-02 12:06:00,0.1343681192752797
2020-09-02 12:09:00,0.047689963910329425
2020-09-02 12:12:00,0.1464735374354973
2020-09-02 12:15:00,0.16860109256003852
2020-09-02 12:18:00,0.18957824083804553
2020-09-02 12:21:00,0.12037886818723109
2020-09-02 12:24:00,0.03774632809694367
2020-09-02 12:27:00,0.06497771246819184
2020-09-02 12:30:00,0.10734596689775344
2020-09-02 12:33:00,0.010121875941251801
2020-09-02 12:36:00,-0.058179378313354846
2020-09-02 12:39:00,0.015120109607892118
2020-09-02 12:42:00,-0.000235703899818418
2020-09-02 12:45:00,0.08786722203916497
2020-09-02 12:48:00,-0.043620584560073894
2020-09-02 12:51:00,0.01529553394220784
2020-09-02 12:54:00,-0.10225830693082116
2020-09-02 12:57:00,-0.0023328448996835505
2020-09-02 13:00:00,0.0016148368691233372
2020-09-02 13:03:00,-0.045760788843381306
2020-09-02 13:06:00,-0.014886381063263343
2020-09-02 13:09:00,0.04347647501361962
2020-09-02 13:12:00,-0.0970918207235627
2020-09-02 13:15:00,-0.06403938594672809
2020-09-02 13:18:00,-0.13185309746188523
2020-09-02 13:21:00,0.010164002344538403
2020-09-02 13:24:00,-0.04546749123801419
2020-09-02 13:27:00,0.0183601074395483
2020-09-02 13:30:00,-0.040579599711008996
2020-09-02 13:33:00,-0.185506573095779
2020-09-02 13:36:00,-0.13389153244906993
2020-09-02 13:39:00,-0.13418069535231325
2020-09-02 13:42:00,-0.15027523877483873
2020-09-02 13:45:00,-0.10853793004076806
2020-09-02 13:48:00,-0.19291744300073788
2020-09-02 13:51:00,-0.05063688344506545
2020-09-02 13:54:00,-0.18733752150404825
2020-09-02 13:57:00,-0.1310772581072115
2020-09-02 14:00:00,-0.17836140923554922
2020-09-02 14:03:00,-0.09322744255774751
2020-09-02 14:06:00,-0.06930571719721002
2020-09-02 14:09:00,-0.162843615261977
2020-09-02 14:12:00,-0.16162769538334487
2020-09-02 14:15:00,-0.020038620356160664
2020-09-02 14:18:00,0.0063479434354007935
2020-09-02 14:21:00,-0.06087669893770453
2020-09-02 14:24:00,-0.08960621754158637
2020-09-02 14:27:00,-0.15402924603301926
2020-09-02 14:30:00,-0.07633403326889265
2020-09-02 14:33:00,-0.0528672928194851
2020-09-02 14:36:00,0.015450020839352874
2020-09-02 14:39:00,-0.12278160653363557
2020-09-02 14:42:00,-0.02968205761283116
2020-09-02 14:45:00,-0.028513012547477956
2020-09-02 14:48:00,-0.10796501144437798
2020-09-02 14:51:00,-0.11458625718421445
2020-09-02 14:54:00,-0.12313881382533509
2020-09-02 14:57:00,-0.16365041791652857
2020-09-02 15:00:00,-0.1287018878975914
2020-09-02 15:03:00,-0.10198151268565425
2020-09-02 15:06:00,-0.09433770329974323
2020-09-02 15:09:00,-0.0664217793657258
2020-09-02 15:12:00,-0.1050501724167816
2020-09-02 15:15:00,0.0629197440495659
2020-09-02 15:18:00,0.04473156905709175
2020-09-02 15:21:00,0.17607296645326187
2020-09-02 15:24:00,0.22785065606638
2020-09-02 15:27:00,0.09963543790559015
2020-09-02 15:30:00,-0.02660371195577227
2020-09-02 15:33:00,-0.035053006083444416
2020-09-02 15:36:00,-0.004650453048157033
2020-09-02 15:39:00,-0.06681440870420374
2020-09-02 15:42:00,-0.10795469540374825
2020-09-02 15:45:00,-0.04490683998989198
2020-09-02 15:48:00,-0.09697989383823824
2020-09-02 15:51:00,-0.07584966459148745
2020-09-02 15:54:00,-0.08555787655586755
2020-09-02 15:57:00,0.0020596756833697327
2020-09-02 16:00:00,-0.026936534362789644
2020-09-02 16:03:00,0.03895147784976416
2020-09-02 16:06:00,0.014962472149989026
2020-09-02 16:09:00,-0.042227049468579025
2020-09-02 16:12:00,0.015906972506229522
2020-09-02 16:15:00,0.0814918636927473
2020-09-02 16:18:00,0.06641565325929832
2020-09-02 16:21:00,0.04538159574047995
2020-09-02 16:24:00,0.0033147216554993975
2020-09-02 16:27:00,0.1561371340101232
2020-09-02 16:30:00,0.09164548371387582
2020-09-02 16:33:00,0.121563232571134
2020-09-02 16:36:00,-0.10402377063093127
2020-09-02 16:39:00,0.05317241460403466
2020-09-02 16:42:00,0.011486991661513457
2020-09-02 16:45:00,0.017461092053565608
2020-09-02 16:48:00,-0.15613688564098993
2020-09-02 16:51:00,-0.06277426456807689
2020-09-02 16:54:00,-0.059357595967924226
2020-09-02 16:57:00,-0.006808985394741285
2020-09-02 17:00:00,-0.05942043616516912
2020-09-02 17:03:00,-0.0974934951383375
2020-09-02 17:06:00,-0.12017585422336197
2020-09-02 17:09:00,0.026290535797215853
2020-09-02 17:12:00,-0.040528743408742685
2020-09-02 17:15:00,-0.05057025944989846
2020-09-02 17:18:00,-0.0362689952700066
2020-09-02 17:21:00,-0.03432901865039639
2020-09-02 17:24:00,-0.04104036098385677
2020-09-02 17:27:00,0.07395515991470347
2020-09-02 17:30:00,0.08360434249254922
2020-09-02 17:33:00,-0.015182519447250797
2020-09-02 17:36:00,0.047048093775060806
2020-09-02 17:39:00,0.08136931268370518
2020-09-02 17:42:00,-0.009972751699422133
2020-09-02 17:45:00,-0.000910007360232612
2020-09-02 17:48:00,-0.0010363592833186885
2020-09-02 17:51:00,-0.03649334111941016
2020-09-02 17:54:00,-0.09693139611209745
2020-09-02 17:57:00,-0.02096040444934033
2020-09-02 18:00:00,0.014569077815622222
2020-09-02 18:03:00,-0.006891464604905195
2020-09-02 18:06:00,-0.06614581679036746
2020-09-02 18:09:00,-0.07577768126191131
2020-09-02 18:12:00,-0.07079832528916086
2020-09-02 18:15:00,-0.046057828702032566
2020-09-02 18:18:00,-0.06866196903661148
2020-09-02 18:21:00,-0.04245624665139758
2020-09-02 18:24:00,-0.006619084460396607
2020-09-02 18:27:00,-0.02778318447997208
2020-09-02 18:30:00,0.0272439382742391
2020-09-02 18:33:00,-0.034640469341184144
2020-09-02 18:36:00,-0.04830797483890592
2020-09-02 18:39:00,-0.031104862874826722
2020-09-02 18:42:00,0.03666688352075198
2020-09-02 18:45:00,-0.0647465117327215
2020-09-02 18:48:00,-0.013580816832700293
2020-09-02 18:51:00,0.041874261938517066
2020-09-02 18:54:00,
2020-09-02 18:57:00,
2020-09-02 19:00:00,
2020-09-02 19:03:00,-0.02802285875969801
2020-09-02 19:06:00,-0.029284390292275475
2020-09-02 19:09:00,-0.042164802704121485
2020-09-02 19:12:00,-0.03179385154157899
2020-09-02 19:15:00,-0.07259055336243136
2020-09-02 19:18:00,-0.023509795903862596
2020-09-02 19:21:00,0.04045154156636954
2020-09-02 19:24:00,0.017947372943694972
2020-09-02 19:27:00,0.0934984733063402
2020-09-02 19:30:00,-0.030793431404390503
2020-09-02 19:33:00,0.08159756997537215
2020-09-02 19:36:00,0.13873715596184866
2020-09-02 19:39:00,0.09970683847916462
2020-09-02 19:42:00,0.14767402743262892
2020-09-02 19:45:00,0.04530431433187232
2020-09-02 19:48:00,0.1176326371823393
2020-09-02 19:51:00,0.0627776840997285
2020-09-02 19:54:00,0.11397642205275815
2020-09-02 19:57:00,0.07499325356224062
2020-09-02 20:00:00,0.12334625223559215
2020-09-02 20:03:00,0.10515557232122319
2020-09-02 20:06:00,0.1750159279376362
2020-09-02 20:09:00,0.11652287057296462
2020-09-02 20:12:00,0.21771402075927426
2020-09-02 20:15:00,0.14293169010716156
2020-09-02 20:18:00,0.1775211448535856
2020-09-02 20:21:00,0.19451350315807758
2020-09-02 20:24:00,0.14897536176545145
2020-09-02 20:27:00,0.20398533719617262
2020-09-02 20:30:00,0.32773730354227837
2020-09-02 20:33:00,0.23499195312547272
2020-09-02 20:36:00,0.20111876082938807
2020-09-02 20:39:00,0.22311153419195762
2020-09-02 20:42:00,0.28577072928595726
2020-09-02 20:45:00,0.19655053665127298
2020-09-02 20:48:00,0.12229788304262001
2020-09-02 20:51:00,0.1873751851365455
2020-09-02 20:54:00,0.28717052600723036
2020-09-02 20:57:00,0.2111583995644537
2020-09-02 21:00:00,0.21612926801327603
2020-09-02 21:03:00,0.26669763331096874
2020-09-02 21:06:00,0.30596084499688914
2020-09-02 21:09:00,0.27759269659503616
2020-09-02 21:12:00,0.2300393216488601
2020-09-02 21:15:00,0.2962504922913922
2020-09-02 21:18:00,0.24027862695879776
2020-09-02 21:21:00,0.23386468871484567
2020-09-02 21:24:00,0.299407970728339
2020-09-02 21:27:00,0.18301863996930479
2020-09-02 21:30:00,0.15095768620250283
2020-09-02 21:33:00,0.19930710303304977
2020-09-02 21:36:00,0.22911302094007624
2020-09-02 21:39:00,0.28412261572162834
2020-09-02 21:42:00,0.2415829683371271
2020-09-02 21:45:00,0.18822646483613426
2020-09-02 21:48:00,0.29305570902329237
2020-09-02 21:51:00,0.31522858433532974
2020-09-02 21:54:00,0.2522028238023495
2020-09-02 21:57:00,0.31043626175238614
2020-09-02 22:00:00,0.24041357584781053
2020-09-02 22:03:00,0.2398011135828142
2020-09-02 22:06:00,0.11952684833153171
2020-09-02 22:09:00,0.35502711593636604
2020-09-02 22:12:00,0.19744095915467597
2020-09-02 22:15:00,0.24901698803813588
2020-09-02 22:18:00,0.27225412130940185
2020-09-02 22:21:00,0.15556878480958858
2020-09-02 22:24:00,0.26427630695627613
2020-09-02 22:27:00,0.3328424702474422
2020-09-02 22:30:00,0.26606750520704736
2020-09-02 22:33:00,0.2973135270938201
2020-09-02 22:36:00,0.34044495527871277
2020-09-02 22:39:00,0.3807330015249022
2020-09-02 22:42:00,0.33592972791018383
2020-09-02 22:45:00,0.3011053414018079
2020-09-02 22:48:00,0.28479319085715815
2020-09-02 22:51:00,0.2948946883656163
2020-09-02 22:54:00,0.2498793028667592
2020-09-02 22:57:00,0.31026719453694795
2020-09-02 23:00:00,0.28648102272262577
2020-09-02 23:03:00,0.28234621910434043
2020-09-02 23:06:00,0.32105310820014665
2020-09-02 23:09:00,0.24334813245474152
2020-09-02 23:12:00,0.22900198819138495
2020-09-02 23:15:00,0.24615829869912886
2020-09-02 23:18:00,0.25281438415441926
2020-09-02 23:21:00,0.23102299754771138
2020-09-02 23:24:00,0.3379247786236306
2020-09-02 23:27:00,0.2389567957742429
2020-09-02 23:30:00,0.31050300724160707
2020-09-02 23:33:00,0.2878206714507314
2020-09-02 23:36:00,0.15791247031779676
2020-09-02 23:39:00,0.1725714292447833
2020-09-02 23:42:00,0.25659129365425315
2020-09-02 23:45:00,0.28458659929145824
2020-09-02 23:48:00,0.2639238842700138
2020-09-02 23:51:00,0.2708461294021731
2020-09-02 23:54:00,0.2861735410077131
2020-09-02 23:57:00,0.23955657458913038
2020-09-03 00:00:00,0.2502977450834578
2020-09-03 00:03:00,0.2535150068569578
2020-09-03 00:06:00,0.3141253498714036
2020-09-03 00:09:00,0.35701656920792857
2020-09-03 00:12:00,0.24518026824603112
2020-09-03 00:15:00,0.2918924588419145
2020-09-03 00:18:00,0.3384058520339295
2020-09-03 00:21:00,0.2089789817853216
2020-09-03 00:24:00,0.19256621812274943
2020-09-03 00:27:00,0.26986663756395046
2020-09-03 00:30:00,0.26026764460902996
2020-09-03 00:33:00,0.35874559826424957
2020-09-03 00:36:00,0.18182115786203212
2020-09-03 00:39:00,0.16244055787552725
2020-09-03 00:42:00,0.24185618815261023
2020-09-03 00:45:00,0.2416534946649449
2020-09-03 00:48:00,0.2794631188302219
2020-09-03 00:51:00,0.2290408838838971
2020-09-03 00:54:00,0.29288130939141865
2020-09-03 00:57:00,0.25596935692192346
2020-09-03 01:00:00,0.2628355702348699
2020-09-03 01:03:00,0.3419094706472947
2020-09-03 01:06:00,0.38994388336789143
2020-09-03 01:09:00,0.3308179919816894
2020-09-03 01:12:00,0.255885489061086
2020-09-03 01:15:00,0.24851417896491057
2020-09-03 01:18:00,0.2860715089570931
2020-09-03 01:21:00,0.15580258939570513
2020-09-03 01:24:00,0.23020707431129495
2020-09-03 01:27:00,0.28226140690446755
2020-09-03 01:30:00,0.23968986626829292
2020-09-03 01:33:00,0.27603992822946566
2020-09-03 01:36:00,0.40683704238489327
2020-09-03 01:39:00,0.26492972877605325
2020-09-03 01:42:00,0.2740845406642052
2020-09-03 01:45:00,0.4123849519556302
2020-09-03 01:48:00,0.30756845223970686
2020-09-03 01:51:00,0.36595514202412005
2020-09-03 01:54:00,0.32904346018523256
2020-09-03 01:57:00,0.35203810914543965
2020-09-03 02:00:00,0.31311865506398817
2020-09-03 02:03:00,0.30684224042516917
2020-09-03 02:06:00,0.3094492927106671
2020-09-03 02:09:00,0.3132480323028517
2020-09-03 02:12:00,0.4236950148923597
2020-09-03 02:15:00,0.35089726103217345
2020-09-03 02:18:00,0.4204500091028649
2020-09-03 02:21:00,0.47325413504722746
2020-09-03 02:24:00,0.404993689374578
2020-09-03 02:27:00,0.34910253566852134
2020-09-03 02:30:00,0.25472423423360624
2020-09-03 02:33:00,0.24764748377316437
2020-09-03 02:36:00,0.35332340154928943
2020-09-03 02:39:00,0.16828104808644184
2020-09-03 02:42:00,0.3675197766939391
2020-09-03 02:45:00,0.2599078361885745
2020-09-03 02:48:00,0.27018211413087556
2020-09-03 02:51:00,0.2402245635540794
2020-09-03 02:54:00,0.2271556927753977
2020-09-03 02:57:00,0.3590384239166724
2020-09-03 03:00:00,0.22126325374892986
2020-09-03 03:03:00,0.2818292903536417
2020-09-03 03:06:00,0.24804997678353402
2020-09-03 03:09:00,0.21007114306172525
2020-09-03 03:12:00,0.3209820985367742
2020-09-03 03:15:00,0.37333437525484214
2020-09-03 03:18:00,0.3677738076179935
2020-09-03 03:21:00,0.22009143222157945
2020-09-03 03:24:00,0.23168739909192482
2020-09-03 03:27:00,0.22594247121224953
2020-09-03 03:30:00,0.27099941436068775
2020-09-03 03:33:00,0.2908085193429315
2020-09-03 03:36:00,0.2486403579287071
2020-09-03 03:39:00,0.32811952679878686
2020-09-03 03:42:00,0.22749811153039445
2020-09-03 03:45:00,0.234448128611632
2020-09-03 03:48:00,0.27122967208919135
2020-09-03 03:51:00,0.27615092417033793
2020-09-03 03:54:00,0.3549536800136366
2020-09-03 03:57:00,0.34302618860562006
2020-09-03 04:00:00,0.3434001467981602
2020-09-03 04:03:00,0.3522811234551
2020-09-03 04:06:00,0.30952684952723075
2020-09-03 04:09:00,0.3418049895569766
2020-09-03 04:12:00,0.33372542974723274
2020-09-03 04:15:00,0.3248143818061635
2020-09-03 04:18:00,0.38822578320616685
2020-09-03 04:21:00,0.3337924416271676
2020-09-03 04:24:00,0.32854798084883896
2020-09-03 04:27:00,0.3301625112888473
2020-09-03 04:30:00,0.34161921179912724
2020-09-03 04:33:00,0.32923770358002
2020-09-03 04:36:00,0.3636924940298627
2020-09-03 04:39:00,0.4204048151202642
2020-09-03 04:42:00,0.33829890257817397
2020-09-03 04:45:00,0.43755611106780634
2020-09-03 04:48:00,0.3348158472967384
2020-09-03 04:51:00,0.41734156686896995
2020-09-03 04:54:00,0.3175439936198927
2020-09-03 04:57:00,0.39294394976764124
2020-09-03 05:00:00,0.42539767432288045
2020-09-03 05:03:00,0.3228673695002726
2020-09-03 05:06:00,0.32085468704008235
2020-09-03 05:09:00,0.3197745738486901
2020-09-03 05:12:00,0.33103131118343754
2020-09-03 05:15:00,0.37293204109255385
2020-09-03 05:18:00,0.3436471182831724
2020-09-03 05:21:00,0.3365926163467634
2020-09-03 05:24:00,0.31213996842740244
2020-09-03 05:27:00,0.3651160356831724
2020-09-03 05:30:00,0.3247682594160324
2020-09-03 05:33:00,0.28473099907614596
2020-09-03 05:36:00,0.20510744766880862
2020-09-03 05:39:00,0.33024204371270116
2020-09-03 05:42:00,0.30655517424997925
2020-09-03 05:45:00,0.33976786280732085
2020-09-03 05:48:00,0.3602440490448089
2020-09-03 05:51:00,0.42938277545937353
2020-09-03 05:54:00,0.3383806944091816
2020-09-03 05:57:00,0.38559816401249236
2020-09-03 06:00:00,0.4007958775637803
2020-09-03 06:03:00,0.3203012965867629
2020-09-03 06:06:00,0.3430725950103124
2020-09-03 06:09:00,0.35991948156015496
2020-09-03 06:12:00,0.3288107879701556
2020-09-03 06:15:00,0.2561617285678608
2020-09-03 06:18:00,0.2985825043627983
2020-09-03 06:21:00,0.33852080442767374
2020-09-03 06:24:00,0.2846977969923614
2020-09-03 06:27:00,0.2866507062935284
2020-09-03 06:30:00,0.2558088923191235
2020-09-03 06:33:00,0.21525341828993305
2020-09-03 06:36:00,0.27048587689768055
2020-09-03 06:39:00,0.3028120599123554
2020-09-03 06:42:00,0.25288671404791785
2020-09-03 06:45:00,0.39521648168317824
2020-09-03 06:48:00,0.30616613757695177
2020-09-03 06:51:00,0.25197519735269225
2020-09-03 06:54:00,0.40685498341383664
2020-09-03 06:57:00,0.3796617926976751
2020-09-03 07:00:00,0.3445817605592083
2020-09-03 07:03:00,0.3494067894069417
2020-09-03 07:06:00,0.4424212247105288
2020-09-03 07:09:00,0.3459889621061052
2020-09-03 07:12:00,0.3311360319913774
2020-09-03 07:15:00,0.34030447974248546
2020-09-03 07:18:00,0.3197125303807411
2020-09-03 07:21:00,0.3270037851187908
2020-09-03 07:24:00,0.2513578245915937
2020-09-03 07:27:00,0.19652830195991555
2020-09-03 07:30:00,0.31003248116968507
2020-09-03 07:33:00,0.31986716877872823
2020-09-03 07:36:00,0.16876863896624172
2020-09-03 07:39:00,0.35773522631137666
2020-09-03 07:42:00,0.22111461858838766
2020-09-03 07:45:00,0.32777702152606025
2020-09-03 07:48:00,0.2654048573277805
2020-09-03 07:51:00,0.3228244321001057
2020-09-03 07:54:00,0.30806515793722156
2020-09-03 07:57:00,0.21452708966171485
2020-09-03 08:00:00,0.33364827216632875
2020-09-03 08:03:00,0.2176029651357112
2020-09-03 08:06:00,0.24651014812957328
2020-09-03 08:09:00,0.21922713412669736
2020-09-03 08:12:00,0.12033362524772429
2020-09-03 08:15:00,0.25419270881627654
2020-09-03 08:18:00,0.272540759040794
2020-09-03 08:21:00,0.043781874928583875
2020-09-03 08:24:00,0.12625388499725432
2020-09-03 08:27:00,0.17468256179046193
2020-09-03 08:30:00,0.18592396635676778
2020-09-03 08:33:00,0.17979995368585833
2020-09-03 08:36:00,0.10381612455529421
2020-09-03 08:39:00,0.20205684298258575
2020-09-03 08:42:00,0.20381968352336344
2020-09-03 08:45:00,0.1845093066958725
2020-09-03 08:48:00,0.08728865461563373
2020-09-03 08:51:00,0.08863794964725003
2020-09-03 08:54:00,0.12360261113360593
2020-09-03 08:57:00,0.1445698377032727
2020-09-03 09:00:00,0.12769675369747802
2020-09-03 09:03:00,0.21188046316638065
2020-09-03 09:06:00,0.15481971060904698
2020-09-03 09:09:00,0.08680084029208501
2020-09-03 09:12:00,0.008686131865829338
2020-09-03 09:15:00,0.022119299884593602
2020-09-03 09:18:00,0.09404475739597729
2020-09-03 09:21:00,-0.09250554608740913
2020-09-03 09:24:00,0.06930697536591879
2020-09-03 09:27:00,0.025053355506599928
2020-09-03 09:30:00,0.021168106089533012
2020-09-03 09:33:00,0.06626494049743314
2020-09-03 09:36:00,0.0761366496417395
2020-09-03 09:39:00,-0.06460607670373975
2020-09-03 09:42:00,0.06188394848180678
2020-09-03 09:45:00,0.006824298664241724
2020-09-03 09:48:00,-0.05340582914402603
2020-09-03 09:51:00,-0.01143134320864192
2020-09-03 09:54:00,-0.10032719798709877
2020-09-03 09:57:00,0.021857127824034706
2020-09-03 10:00:00,-0.0041900340162328575
2020-09-03 10:03:00,0.010295280104514859
2020-09-03 10:06:00,0.010298625512632498
2020-09-03 10:09:00,0.05411240718490262
2020-09-03 10:12:00,-0.021998320652471648
2020-09-03 10:15:00,-0.004387106454487366
2020-09-03 10:18:00,0.02172861692514516
2020-09-03 10:21:00,-0.0508173776168519
2020-09-03 10:24:00,-0.12990923510193397
2020-09-03 10:27:00,-0.0534772036734239
2020-09-03 10:30:00,-0.08281382521647629
2020-09-03 10:33:00,-0.12801075397305794
2020-09-03 10:36:00,-0.024052049957674626
2020-09-03 10:39:00,-0.20631969349557266
2020-09-03 10:42:00,-0.1493944392016715
2020-09-03 10:45:00,0.005246476035495107
2020-09-03 10:48:00,-0.11167040697159791
2020-09-03 10:51:00,-0.24269546472260117
2020-09-03 10:54:00,-0.22887629185180458
2020-09-03 10:57:00,-0.19884166838033934
2020-09-03 11:00:00,-0.23039392128890768
2020-09-03 11:03:00,-0.272457230494922
2020-09-03 11:06:00,-0.19113056370656523
2020-09-03 11:09:00,-0.26613326739999366
2020-09-03 11:12:00,-0.21916432215829218
2020-09-03 11:15:00,-0.2198595382719759
2020-09-03 11:18:00,-0.32092608552028423
2020-09-03 11:21:00,-0.24000249329810686
2020-09-03 11:24:00,-0.24094478635714722
2020-09-03 11:27:00,-0.15157280111492355
2020-09-03 11:30:00,-0.2015600760214511
2020-09-03 11:33:00,-0.2280832006378546
2020-09-03 11:36:00,-0.20067069575503638
2020-09-03 11:39:00,-0.17439830414105018
2020-09-03 11:42:00,-0.18014241406132214
2020-09-03 11:45:00,-0.20317587386398372
2020-09-03 11:48:00,0.2867002760345372
2020-09-03 11:51:00,0.4441093956949089
2020-09-03 11:54:00,0.505766105548787
2020-09-03 11:57:00,0.3812362291629938
2020-09-03 12:00:00,0.40247352905265643
2020-09-03 12:03:00,0.24681701579163473
2020-09-03 12:06:00,0.3295677688844876
2020-09-03 12:09:00,-0.3276301663574941
2020-09-03 12:12:00,-0.33900062551856536
2020-09-03 12:15:00,-0.34487917230319454
2020-09-03 12:18:00,-0.3311875780208311
2020-09-03 12:21:00,-0.4178404177026209
2020-09-03 12:24:00,-0.37697345242565916
2020-09-03 12:27:00,-0.29810735783775044
2020-09-03 12:30:00,-0.3489241238592058
2020-09-03 12:33:00,-0.351324866151856
2020-09-03 12:36:00,-0.3816946676473094
2020-09-03 12:39:00,-0.29725072680344056
2020-09-03 12:42:00,-0.27980160470389137
2020-09-03 12:45:00,-0.31258965591104015
2020-09-03 12:48:00,-0.396963974114783
2020-09-03 12:51:00,-0.0836722233235605
2020-09-03 12:54:00,-0.07476955866377466
2020-09-03 12:57:00,-0.012859839246857518
2020-09-03 13:00:00,-0.05944578981717541
2020-09-03 13:03:00,-0.04379949204786726
2020-09-03 13:06:00,-0.015592432830317193
2020-09-03 13:09:00,0.1577857779648184
2020-09-03 13:12:00,0.16102316683134177
2020-09-03 13:15:00,0.03572772055940732
2020-09-03 13:18:00,-0.04701622125128324
2020-09-03 13:21:00,-0.019714366530934058
2020-09-03 13:24:00,0.052836399099930986
2020-09-03 13:27:00,0.0827687465103395
2020-09-03 13:30:00,0.10767405714688039
2020-09-03 13:33:00,0.20744124494615335
2020-09-03 13:36:00,0.2900445635263509
2020-09-03 13:39:00,0.4934736683362644
2020-09-03 13:42:00,0.042987014155528414
2020-09-03 13:45:00,-0.05453622353496712
2020-09-03 13:48:00,-0.1329403498573356
2020-09-03 13:51:00,0.028346700632937427
2020-09-03 13:54:00,0.034723179774346136
2020-09-03 13:57:00,0.3645785579110452
2020-09-03 14:00:00,0.2291486348776175
2020-09-03 14:03:00,0.25586999940924215
2020-09-03 14:06:00,0.6078281214998924
2020-09-03 14:09:00,0.6714588258155914
2020-09-03 14:12:00,0.5409898516279554
2020-09-03 14:15:00,0.58541607457704
2020-09-03 14:18:00,0.6655004928664425
2020-09-03 14:21:00,0.71656049551558
2020-09-03 14:24:00,0.7864673416361256
2020-09-03 14:27:00,0.639267079675335
2020-09-03 14:30:00,0.6772777723945183
2020-09-03 14:33:00,0.665024030234008
2020-09-03 14:36:00,0.6566548104297567
2020-09-03 14:39:00,0.6572962028221809
2020-09-03 14:42:00,0.529343404619226
2020-09-03 14:45:00,0.5278123507184205
2020-09-03 14:48:00,0.3733961825839174
2020-09-03 14:51:00,0.42290100537690023
2020-09-03 14:54:00,0.47017968192534454
2020-09-03 14:57:00,0.5136910510735788
2020-09-03 15:00:00,0.48736501363231355
2020-09-03 15:03:00,0.4851925213964705
2020-09-03 15:06:00,0.4280684482041579
2020-09-03 15:09:00,0.49383914384526406
2020-09-03 15:12:00,0.4024997524581977
2020-09-03 15:15:00,0.22546643017534507
2020-09-03 15:18:00,0.3250400103135007
2020-09-03 15:21:00,0.2785576519891606
2020-09-03 15:24:00,0.22685825507818436
2020-09-03 15:27:00,0.295756870103844
2020-09-03 15:30:00,0.20656370445090033
2020-09-03 15:33:00,0.25203243544683573
2020-09-03 15:36:00,0.2574012711336877
2020-09-03 15:39:00,0.22366146943522835
2020-09-03 15:42:00,0.2956051397312649
2020-09-03 15:45:00,0.31902974890914493
2020-09-03 15:48:00,0.34935432007216605
2020-09-03 15:51:00,0.321040646018389
2020-09-03 15:54:00,0.3729730617750988
2020-09-03 15:57:00,0.3399812381622951
2020-09-03 16:00:00,0.3957025190343302
2020-09-03 16:03:00,0.27016317877075835
2020-09-03 16:06:00,0.3658460357275999
2020-09-03 16:09:00,0.33099275411814233
2020-09-03 16:12:00,0.34033713989811076
2020-09-03 16:15:00,0.320323217506143
2020-09-03 16:18:00,0.3402196664467283
2020-09-03 16:21:00,0.3602783730099759
2020-09-03 16:24:00,0.26182286304754143
2020-09-03 16:27:00,0.34908313146922865
2020-09-03 16:30:00,0.2525521965195594
2020-09-03 16:33:00,0.3039869126738495
2020-09-03 16:36:00,0.3290495286199189
2020-09-03 16:39:00,0.2506907484160479
2020-09-03 16:42:00,0.32744069668098064
2020-09-03 16:45:00,0.33672756751400357
2020-09-03 16:48:00,0.2917189015279291
2020-09-03 16:51:00,0.2217369536730871
2020-09-03 16:54:00,0.28919182579346625
2020-09-03 16:57:00,0.34389795190060113
2020-09-03 17:00:00,0.2824383218092521
2020-09-03 17:03:00,0.34239762349761804
2020-09-03 17:06:00,0.4219824385560287
2020-09-03 17:09:00,0.3720528441276656
2020-09-03 17:12:00,0.33206777584024394
2020-09-03 17:15:00,0.37327335958298136
2020-09-03 17:18:00,0.29533200824477035
2020-09-03 17:21:00,0.3394842157227913
2020-09-03 17:24:00,0.38834105505236494
2020-09-03 17:27:00,0.33817984905579124
2020-09-03 17:30:00,0.38449476473459754
2020-09-03 17:33:00,0.31648018518336585
2020-09-03 17:36:00,0.2488158074296507
2020-09-03 17:39:00,0.3238576332418006
2020-09-03 17:42:00,0.24733208905217907
2020-09-03 17:45:00,0.308510738949451
2020-09-03 17:48:00,0.3572897002386526
2020-09-03 17:51:00,0.2688614932234259
2020-09-03 17:54:00,0.2672103029948403
2020-09-03 17:57:00,0.2866981915865381
2020-09-03 18:00:00,0.21333936575393864
2020-09-03 18:03:00,0.2790910914185929
2020-09-03 18:06:00,0.32771133234803074
2020-09-03 18:09:00,0.28694528279680753
2020-09-03 18:12:00,0.2919085350501973
2020-09-03 18:15:00,0.29327266283326026
2020-09-03 18:18:00,0.3828375598276921
2020-09-03 18:21:00,0.31653032085790755
2020-09-03 18:24:00,0.3194477626463481
2020-09-03 18:27:00,0.21331772814846772
2020-09-03 18:30:00,0.312699510681
2020-09-03 18:33:00,0.19980047976389415
2020-09-03 18:36:00,0.23468920973652985
2020-09-03 18:39:00,0.2599097009343154
2020-09-03 18:42:00,0.37575061469573257
2020-09-03 18:45:00,0.2696988316870943
2020-09-03 18:48:00,0.3299335536107719
2020-09-03 18:51:00,0.33940713343116613
2020-09-03 18:54:00,
2020-09-03 18:57:00,
2020-09-03 19:00:00,
2020-09-03 19:03:00,0.33959164609086656
2020-09-03 19:06:00,0.31323710858475806
2020-09-03 19:09:00,0.21509508948503253
2020-09-03 19:12:00,0.3147278349143221
2020-09-03 19:15:00,0.33200289856677045
2020-09-03 19:18:00,0.3136426198461777
2020-09-03 19:21:00,0.24201903203146458
2020-09-03 19:24:00,0.2138571667255178
2020-09-03 19:27:00,0.2527430025040758
2020-09-03 19:30:00,0.31041859696796337
2020-09-03 19:33:00,0.28485901791640345
2020-09-03 19:36:00,0.303289974098675
2020-09-03 19:39:00,0.3160929436463107
2020-09-03 19:42:00,0.22157149342422144
2020-09-03 19:45:00,0.43119929279919234
2020-09-03 19:48:00,0.34681327230293846
2020-09-03 19:51:00,0.3740384760959614
2020-09-03 19:54:00,0.4398197190495807
2020-09-03 19:57:00,0.42832893881643486
2020-09-03 20:00:00,0.3622516602777637
2020-09-03 20:03:00,0.33992355749160197
2020-09-03 20:06:00,0.42383852859632043
2020-09-03 20:09:00,0.3655000236992123
2020-09-03 20:12:00,0.33932964360081996
2020-09-03 20:15:00,0.42164752860088583
2020-09-03 20:18:00,0.30198899469763774
2020-09-03 20:21:00,0.32234013356600144
2020-09-03 20:24:00,0.3843855510800722
2020-09-03 20:27:00,0.4515826553900979
2020-09-03 20:30:00,0.31547185770062924
2020-09-03 20:33:00,0.4105344497392025
2020-09-03 20:36:00,0.31120095057451636
2020-09-03 20:39:00,0.3049773891574432
2020-09-03 20:42:00,0.3561674859980144
2020-09-03 20:45:00,0.32797247943125285
2020-09-03 20:48:00,0.4336232038087928
2020-09-03 20:51:00,0.3808987109857185
2020-09-03 20:54:00,0.34687927843140187
2020-09-03 20:57:00,0.3604930711260863
2020-09-03 21:00:00,0.37854818028455384
2020-09-03 21:03:00,0.29990517466706024
2020-09-03 21:06:00,0.37160153885889713
2020-09-03 21:09:00,0.37335959828544674
2020-09-03 21:12:00,0.26894045286036317
2020-09-03 21:15:00,0.3656585659271059
2020-09-03 21:18:00,0.3864192531320896
2020-09-03 21:21:00,0.31937248835635046
2020-09-03 21:24:00,0.37754613918434643
2020-09-03 21:27:00,0.400397333333558
2020-09-03 21:30:00,0.372371614944484
2020-09-03 21:33:00,0.45550449835008067
2020-09-03 21:36:00,0.35148919923295807
2020-09-03 21:39:00,0.5170723009823632
2020-09-03 21:42:00,0.3644711324083687
2020-09-03 21:45:00,0.45051680393220295
2020-09-03 21:48:00,0.43707657490386964
2020-09-03 21:51:00,0.4857049624324645
2020-09-03 21:54:00,0.43868361969742864
2020-09-03 21:57:00,0.48020926936925434
2020-09-03 22:00:00,0.39903352177304896
2020-09-03 22:03:00,0.5023581290902825
2020-09-03 22:06:00,0.5740919326063931
2020-09-03 22:09:00,0.4005719689904481
2020-09-03 22:12:00,0.375647767550106
2020-09-03 22:15:00,0.4083405714119408
2020-09-03 22:18:00,0.47003897591866917
2020-09-03 22:21:00,0.33399027055327224
2020-09-03 22:24:00,0.345075871116876
2020-09-03 22:27:00,0.33417343821525947
2020-09-03 22:30:00,0.35163197898964427
2020-09-03 22:33:00,0.3945627953803523
2020-09-03 22:36:00,0.4318808562160825
2020-09-03 22:39:00,0.3770620399633344
2020-09-03 22:42:00,0.40333277769804
2020-09-03 22:45:00,0.3737855352342194
2020-09-03 22:48:00,0.3771674159604004
2020-09-03 22:51:00,0.32525432103392404
2020-09-03 22:54:00,0.41025210810079216
2020-09-03 22:57:00,0.4184329226840191
2020-09-03 23:00:00,0.3545050351872874
2020-09-03 23:03:00,0.4205541298693447
2020-09-03 23:06:00,0.4658800497569473
2020-09-03 23:09:00,0.4097778016529787
2020-09-03 23:12:00,0.33680527606162514
2020-09-03 23:15:00,0.3903009257435315
2020-09-03 23:18:00,0.3702453796965983
2020-09-03 23:21:00,0.42072074673330917
2020-09-03 23:24:00,0.3196681660907643
2020-09-03 23:27:00,0.3616833804339876
2020-09-03 23:30:00,0.3584394864805063
2020-09-03 23:33:00,0.3798614283417123
2020-09-03 23:36:00,0.35264462055079093
2020-09-03 23:39:00,0.3954455095777689
2020-09-03 23:42:00,
2020-09-03 23:45:00,
2020-09-03 23:48:00,
2020-09-03 23:51:00,
2020-09-03 23:54:00,
2020-09-03 23:57:00,
2020-09-04 00:00:00,
2020-09-04 00:03:00,
2020-09-04 00:06:00,
2020-09-04 00:09:00,
2020-09-04 00:12:00,
2020-09-04 00:15:00,
2020-09-04 00:18:00,
2020-09-04 00:21:00,
2020-09-04 00:24:00,
2020-09-04 00:27:00,
2020-09-04 00:30:00,
2020-09-04 00:33:00,
2020-09-04 00:36:00,
2020-09-04 00:39:00,
2020-09-04 00:42:00,
2020-09-04 00:45:00,
2020-09-04 00:48:00,
2020-09-04 00:51:00,
2020-09-04 00:54:00,
2020-09-04 00:57:00,
2020-09-04 01:00:00,
2020-09-04 01:03:00,
2020-09-04 01:06:00,
2020-09-04 01:09:00,
2020-09-04 01:12:00,
2020-09-04 01:15:00,
2020-09-04 01:18:00,
2020-09-04 01:21:00,
2020-09-04 01:24:00,
2020-09-04 01:27:00,
2020-09-04 01:30:00,
2020-09-04 01:33:00,
2020-09-04 01:36:00,
2020-09-04 01:39:00,
2020-09-04 01:42:00,
2020-09-04 01:45:00,
2020-09-04 01:48:00,
2020-09-04 01:51:00,
2020-09-04 01:54:00,
2020-09-04 01:57:00,
2020-09-04 02:00:00,
2020-09-04 02:03:00,
2020-09-04 02:06:00,
2020-09-04 02:09:00,
2020-09-04 02:12:00,
2020-09-04 02:15:00,
2020-09-04 02:18:00,
2020-09-04 02:21:00,
2020-09-04 02:24:00,
2020-09-04 02:27:00,
2020-09-04 02:30:00,
2020-09-04 02:33:00,
2020-09-04 02:36:00,
2020-09-04 02:39:00,
2020-09-04 02:42:00,
2020-09-04 02:45:00,
2020-09-04 02:48:00,
2020-09-04 02:51:00,
2020-09-04 02:54:00,
2020-09-04 02:57:00,
2020-09-04 03:00:00,
2020-09-04 03:03:00,
2020-09-04 03:06:00,
2020-09-04 03:09:00,
2020-09-04 03:12:00,
2020-09-04 03:15:00,
2020-09-04 03:18:00,
2020-09-04 03:21:00,
2020-09-04 03:24:00,
2020-09-04 03:27:00,
2020-09-04 03:30:00,
2020-09-04 03:33:00,
2020-09-04 03:36:00,
2020-09-04 03:39:00,
2020-09-04 03:42:00,
2020-09-04 03:45:00,
2020-09-04 03:48:00,
2020-09-04 03:51:00,
2020-09-04 03:54:00,
2020-09-04 03:57:00,
2020-09-04 04:00:00,
2020-09-04 04:03:00,
2020-09-04 04:06:00,
2020-09-04 04:09:00,
2020-09-04 04:12:00,
2020-09-04 04:15:00,
2020-09-04 04:18:00,
2020-09-04 04:21:00,
2020-09-04 04:24:00,
2020-09-04 04:27:00,
2020-09-04 04:30:00,
2020-09-04 04:33:00,
2020-09-04 04:36:00,
2020-09-04 04:39:00,
2020-09-04 04:42:00,
2020-09-04 04:45:00,
2020-09-04 04:48:00,
2020-09-04 04:51:00,
2020-09-04 04:54:00,
2020-09-04 04:57:00,
2020-09-04 05:00:00,
2020-09-04 05:03:00,
2020-09-04 05:06:00,
2020-09-04 05:09:00,
2020-09-04 05:12:00,
2020-09-04 05:15:00,
2020-09-04 05:18:00,
2020-09-04 05:21:00,
2020-09-04 05:24:00,
2020-09-04 05:27:00,
2020-09-04 05:30:00,
2020-09-04 05:33:00,
2020-09-04 05:36:00,
2020-09-04 05:39:00,
2020-09-04 05:42:00,
2020-09-04 05:45:00,
2020-09-04 05:48:00,
2020-09-04 05:51:00,
2020-09-04 05:54:00,
2020-09-04 05:57:00,
2020-09-04 06:00:00,
2020-09-04 06:03:00,
2020-09-04 06:06:00,
2020-09-04 06:09:00,
2020-09-04 06:12:00,
2020-09-04 06:15:00,
2020-09-04 06:18:00,
2020-09-04 06:21:00,
2020-09-04 06:24:00,
2020-09-04 06:27:00,
2020-09-04 06:30:00,
2020-09-04 06:33:00,
2020-09-04 06:36:00,
2020-09-04 06:39:00,
2020-09-04 06:42:00,
2020-09-04 06:45:00,
2020-09-04 06:48:00,
2020-09-04 06:51:00,
2020-09-04 06:54:00,
2020-09-04 06:57:00,
2020-09-04 07:00:00,
2020-09-04 07:03:00,
2020-09-04 07:06:00,
2020-09-04 07:09:00,
2020-09-04 07:12:00,
2020-09-04 07:15:00,
2020-09-04 07:18:00,
2020-09-04 07:21:00,
2020-09-04 07:24:00,
2020-09-04 07:27:00,
2020-09-04 07:30:00,
2020-09-04 07:33:00,
2020-09-04 07:36:00,
2020-09-04 07:39:00,
2020-09-04 07:42:00,
2020-09-04 07:45:00,
2020-09-04 07:48:00,
2020-09-04 07:51:00,
2020-09-04 07:54:00,
2020-09-04 07:57:00,
2020-09-04 08:00:00,
2020-09-04 08:03:00,
2020-09-04 08:06:00,
2020-09-04 08:09:00,
2020-09-04 08:12:00,
2020-09-04 08:15:00,
2020-09-04 08:18:00,
2020-09-04 08:21:00,
2020-09-04 08:24:00,
2020-09-04 08:27:00,
2020-09-04 08:30:00,
2020-09-04 08:33:00,
2020-09-04 08:36:00,
2020-09-04 08:39:00,
2020-09-04 08:42:00,
2020-09-04 08:45:00,
2020-09-04 08:48:00,
2020-09-04 08:51:00,
2020-09-04 08:54:00,
2020-09-04 08:57:00,
2020-09-04 09:00:00,
2020-09-04 09:03:00,
2020-09-04 09:06:00,
2020-09-04 09:09:00,
2020-09-04 09:12:00,
2020-09-04 09:15:00,
2020-09-04 09:18:00,
2020-09-04 09:21:00,
2020-09-04 09:24:00,
2020-09-04 09:27:00,
2020-09-04 09:30:00,
2020-09-04 09:33:00,
2020-09-04 09:36:00,
2020-09-04 09:39:00,
2020-09-04 09:42:00,
2020-09-04 09:45:00,
2020-09-04 09:48:00,
2020-09-04 09:51:00,
2020-09-04 09:54:00,
2020-09-04 09:57:00,
2020-09-04 10:00:00,
2020-09-04 10:03:00,
2020-09-04 10:06:00,
2020-09-04 10:09:00,
2020-09-04 10:12:00,
2020-09-04 10:15:00,
2020-09-04 10:18:00,
2020-09-04 10:21:00,
2020-09-04 10:24:00,
2020-09-04 10:27:00,
2020-09-04 10:30:00,
2020-09-04 10:33:00,
2020-09-04 10:36:00,
2020-09-04 10:39:00,
2020-09-04 10:42:00,
2020-09-04 10:45:00,
2020-09-04 10:48:00,
2020-09-04 10:51:00,
2020-09-04 10:54:00,
2020-09-04 10:57:00,
2020-09-04 11:00:00,
2020-09-04 11:03:00,
2020-09-04 11:06:00,
2020-09-04 11:09:00,
2020-09-04 11:12:00,
2020-09-04 11:15:00,
2020-09-04 11:18:00,
2020-09-04 11:21:00,
2020-09-04 11:24:00,
2020-09-04 11:27:00,
2020-09-04 11:30:00,
2020-09-04 11:33:00,
2020-09-04 11:36:00,
2020-09-04 11:39:00,
2020-09-04 11:42:00,
2020-09-04 11:45:00,
2020-09-04 11:48:00,
2020-09-04 11:51:00,
2020-09-04 11:54:00,
2020-09-04 11:57:00,
2020-09-04 12:00:00,
2020-09-04 12:03:00,
2020-09-04 12:06:00,
2020-09-04 12:09:00,
2020-09-04 12:12:00,
2020-09-04 12:15:00,
2020-09-04 12:18:00,
2020-09-04 12:21:00,
2020-09-04 12:24:00,
2020-09-04 12:27:00,
2020-09-04 12:30:00,
2020-09-04 12:33:00,
2020-09-04 12:36:00,
2020-09-04 12:39:00,
2020-09-04 12:42:00,
2020-09-04 12:45:00,
2020-09-04 12:48:00,
2020-09-04 12:51:00,
2020-09-04 12:54:00,
2020-09-04 12:57:00,
2020-09-04 13:00:00,
2020-09-04 13:03:00,
2020-09-04 13:06:00,
2020-09-04 13:09:00,
2020-09-04 13:12:00,
2020-09-04 13:15:00,
2020-09-04 13:18:00,
2020-09-04 13:21:00,
2020-09-04 13:24:00,
2020-09-04 13:27:00,
2020-09-04 13:30:00,
2020-09-04 13:33:00,
2020-09-04 13:36:00,
2020-09-04 13:39:00,
2020-09-04 13:42:00,
2020-09-04 13:45:00,
2020-09-04 13:48:00,
2020-09-04 13:51:00,
2020-09-04 13:54:00,
2020-09-04 13:57:00,
2020-09-04 14:00:00,
2020-09-04 14:03:00,
2020-09-04 14:06:00,
2020-09-04 14:09:00,
2020-09-04 14:12:00,
2020-09-04 14:15:00,
2020-09-04 14:18:00,
2020-09-04 14:21:00,
2020-09-04 14:24:00,
2020-09-04 14:27:00,
2020-09-04 14:30:00,
2020-09-04 14:33:00,
2020-09-04 14:36:00,
2020-09-04 14:39:00,
2020-09-04 14:42:00,
2020-09-04 14:45:00,
2020-09-04 14:48:00,
2020-09-04 14:51:00,
2020-09-04 14:54:00,
2020-09-04 14:57:00,
2020-09-04 15:00:00,
2020-09-04 15:03:00,
2020-09-04 15:06:00,
2020-09-04 15:09:00,
2020-09-04 15:12:00,
2020-09-04 15:15:00,
2020-09-04 15:18:00,
2020-09-04 15:21:00,
2020-09-04 15:24:00,
2020-09-04 15:27:00,
2020-09-04 15:30:00,
2020-09-04 15:33:00,
2020-09-04 15:36:00,
2020-09-04 15:39:00,
2020-09-04 15:42:00,
2020-09-04 15:45:00,
2020-09-04 15:48:00,
2020-09-04 15:51:00,
2020-09-04 15:54:00,
2020-09-04 15:57:00,
2020-09-04 16:00:00,
2020-09-04 16:03:00,
2020-09-04 16:06:00,
2020-09-04 16:09:00,
2020-09-04 16:12:00,
2020-09-04 16:15:00,
2020-09-04 16:18:00,
2020-09-04 16:21:00,
2020-09-04 16:24:00,
2020-09-04 16:27:00,
2020-09-04 16:30:00,
2020-09-04 16:33:00,
2020-09-04 16:36:00,
2020-09-04 16:39:00,
2020-09-04 16:42:00,
2020-09-04 16:45:00,
2020-09-04 16:48:00,
2020-09-04 16:51:00,
2020-09-04 16:54:00,
2020-09-04 16:57:00,
2020-09-04 17:00:00,
2020-09-04 17:03:00,
2020-09-04 17:06:00,
2020-09-04 17:09:00,
2020-09-04 17:12:00,
2020-09-04 17:15:00,
2020-09-04 17:18:00,
2020-09-04 17:21:00,
2020-09-04 17:24:00,
2020-09-04 17:27:00,
2020-09-04 17:30:00,
2020-09-04 17:33:00,
2020-09-04 17:36:00,
2020-09-04 17:39:00,
2020-09-04 17:42:00,
2020-09-04 17:45:00,
2020-09-04 17:48:00,
2020-09-04 17:51:00,
2020-09-04 17:54:00,
2020-09-04 17:57:00,
2020-09-04 18:00:00,
2020-09-04 18:03:00,
2020-09-04 18:06:00,
2020-09-04 18:09:00,
2020-09-04 18:12:00,
2020-09-04 18:15:00,
2020-09-04 18:18:00,
2020-09-04 18:21:00,
2020-09-04 18:24:00,
2020-09-04 18:27:00,
2020-09-04 18:30:00,
2020-09-04 18:33:00,
2020-09-04 18:36:00,
2020-09-04 18:39:00,
2020-09-04 18:42:00,
2020-09-04 18:45:00,
2020-09-04 18:48:00,
2020-09-04 18:51:00,
2020-09-04 18:54:00,
2020-09-04 18:57:00,
2020-09-04 19:00:00,
2020-09-04 19:03:00,
2020-09-04 19:06:00,
2020-09-04 19:09:00,
2020-09-04 19:12:00,
2020-09-04 19:15:00,
2020-09-04 19:18:00,
2020-09-04 19:21:00,
2020-09-04 19:24:00,
2020-09-04 19:27:00,
2020-09-04 19:30:00,
2020-09-04 19:33:00,
2020-09-04 19:36:00,
2020-09-04 19:39:00,
2020-09-04 19:42:00,
2020-09-04 19:45:00,
2020-09-04 19:48:00,
2020-09-04 19:51:00,
2020-09-04 19:54:00,
2020-09-04 19:57:00,
2020-09-04 20:00:00,
2020-09-04 20:03:00,
2020-09-04 20:06:00,
2020-09-04 20:09:00,
2020-09-04 20:12:00,
2020-09-04 20:15:00,
2020-09-04 20:18:00,
2020-09-04 20:21:00,
2020-09-04 20:24:00,
2020-09-04 20:27:00,
2020-09-04 20:30:00,
2020-09-04 20:33:00,
2020-09-04 20:36:00,
2020-09-04 20:39:00,
2020-09-04 20:42:00,
2020-09-04 20:45:00,
2020-09-04 20:48:00,
2020-09-04 20:51:00,
2020-09-04 20:54:00,
2020-09-04 20:57:00,
2020-09-04 21:00:00,
2020-09-04 21:03:00,
2020-09-04 21:06:00,
2020-09-04 21:09:00,
2020-09-04 21:12:00,
2020-09-04 21:15:00,
2020-09-04 21:18:00,
2020-09-04 21:21:00,
2020-09-04 21:24:00,
2020-09-04 21:27:00,
2020-09-04 21:30:00,
2020-09-04 21:33:00,
2020-09-04 21:36:00,
2020-09-04 21:39:00,
2020-09-04 21:42:00,
2020-09-04 21:45:00,
2020-09-04 21:48:00,
2020-09-04 21:51:00,
2020-09-04 21:54:00,
2020-09-04 21:57:00,
2020-09-04 22:00:00,
2020-09-04 22:03:00,
2020-09-04 22:06:00,
2020-09-04 22:09:00,
2020-09-04 22:12:00,
2020-09-04 22:15:00,
2020-09-04 22:18:00,
2020-09-04 22:21:00,
2020-09-04 22:24:00,
2020-09-04 22:27:00,
2020-09-04 22:30:00,
2020-09-04 22:33:00,
2020-09-04 22:36:00,
2020-09-04 22:39:00,
2020-09-04 22:42:00,
2020-09-04 22:45:00,
2020-09-04 22:48:00,
2020-09-04 22:51:00,
2020-09-04 22:54:00,
2020-09-04 22:57:00,
2020-09-04 23:00:00,
2020-09-04 23:03:00,
2020-09-04 23:06:00,
2020-09-04 23:09:00,
2020-09-04 23:12:00,
2020-09-04 23:15:00,
2020-09-04 23:18:00,
2020-09-04 23:21:00,
2020-09-04 23:24:00,
2020-09-04 23:27:00,
2020-09-04 23:30:00,
2020-09-04 23:33:00,
2020-09-04 23:36:00,
2020-09-04 23:39:00,
2020-09-04 23:42:00,
2020-09-04 23:45:00,
2020-09-04 23:48:00,
2020-09-04 23:51:00,
2020-09-04 23:54:00,
2020-09-04 23:57:00,
2020-09-05 00:00:00,
2020-09-05 00:03:00,
2020-09-05 00:06:00,
2020-09-05 00:09:00,
2020-09-05 00:12:00,
2020-09-05 00:15:00,
2020-09-05 00:18:00,
2020-09-05 00:21:00,
2020-09-05 00:24:00,
2020-09-05 00:27:00,
2020-09-05 00:30:00,
2020-09-05 00:33:00,
2020-09-05 00:36:00,
2020-09-05 00:39:00,
2020-09-05 00:42:00,
2020-09-05 00:45:00,
2020-09-05 00:48:00,
2020-09-05 00:51:00,
2020-09-05 00:54:00,
2020-09-05 00:57:00,
2020-09-05 01:00:00,
2020-09-05 01:03:00,
2020-09-05 01:06:00,
2020-09-05 01:09:00,
2020-09-05 01:12:00,
2020-09-05 01:15:00,
2020-09-05 01:18:00,
2020-09-05 01:21:00,
2020-09-05 01:24:00,
2020-09-05 01:27:00,
2020-09-05 01:30:00,
2020-09-05 01:33:00,
2020-09-05 01:36:00,
2020-09-05 01:39:00,
2020-09-05 01:42:00,
2020-09-05 01:45:00,
2020-09-05 01:48:00,
2020-09-05 01:51:00,
2020-09-05 01:54:00,
2020-09-05 01:57:00,
2020-09-05 02:00:00,
2020-09-05 02:03:00,
2020-09-05 02:06:00,
2020-09-05 02:09:00,
2020-09-05 02:12:00,
2020-09-05 02:15:00,
2020-09-05 02:18:00,
2020-09-05 02:21:00,
2020-09-05 02:24:00,
2020-09-05 02:27:00,
2020-09-05 02:30:00,
2020-09-05 02:33:00,
2020-09-05 02:36:00,
2020-09-05 02:39:00,
2020-09-05 02:42:00,
2020-09-05 02:45:00,
2020-09-05 02:48:00,
2020-09-05 02:51:00,
2020-09-05 02:54:00,
2020-09-05 02:57:00,
2020-09-05 03:00:00,
2020-09-05 03:03:00,
2020-09-05 03:06:00,
2020-09-05 03:09:00,
2020-09-05 03:12:00,
2020-09-05 03:15:00,
2020-09-05 03:18:00,
2020-09-05 03:21:00,
2020-09-05 03:24:00,
2020-09-05 03:27:00,
2020-09-05 03:30:00,
2020-09-05 03:33:00,
2020-09-05 03:36:00,
2020-09-05 03:39:00,
2020-09-05 03:42:00,
2020-09-05 03:45:00,
2020-09-05 03:48:00,
2020-09-05 03:51:00,
2020-09-05 03:54:00,
2020-09-05 03:57:00,
2020-09-05 04:00:00,
2020-09-05 04:03:00,
2020-09-05 04:06:00,
2020-09-05 04:09:00,
2020-09-05 04:12:00,
2020-09-05 04:15:00,
2020-09-05 04:18:00,
2020-09-05 04:21:00,
2020-09-05 04:24:00,
2020-09-05 04:27:00,
2020-09-05 04:30:00,
2020-09-05 04:33:00,
2020-09-05 04:36:00,
2020-09-05 04:39:00,
2020-09-05 04:42:00,
2020-09-05 04:45:00,
2020-09-05 04:48:00,
2020-09-05 04:51:00,
2020-09-05 04:54:00,
2020-09-05 04:57:00,
2020-09-05 05:00:00,
2020-09-05 05:03:00,
2020-09-05 05:06:00,
2020-09-05 05:09:00,
2020-09-05 05:12:00,
2020-09-05 05:15:00,
2020-09-05 05:18:00,
2020-09-05 05:21:00,
2020-09-05 05:24:00,
2020-09-05 05:27:00,
2020-09-05 05:30:00,
2020-09-05 05:33:00,
2020-09-05 05:36:00,
2020-09-05 05:39:00,
2020-09-05 05:42:00,
2020-09-05 05:45:00,
2020-09-05 05:48:00,
2020-09-05 05:51:00,
2020-09-05 05:54:00,
2020-09-05 05:57:00,
2020-09-05 06:00:00,
2020-09-05 06:03:00,
2020-09-05 06:06:00,
2020-09-05 06:09:00,
2020-09-05 06:12:00,
2020-09-05 06:15:00,
2020-09-05 06:18:00,
2020-09-05 06:21:00,
2020-09-05 06:24:00,
2020-09-05 06:27:00,
2020-09-05 06:30:00,
2020-09-05 06:33:00,
2020-09-05 06:36:00,
2020-09-05 06:39:00,
2020-09-05 06:42:00,
2020-09-05 06:45:00,
2020-09-05 06:48:00,
2020-09-05 06:51:00,
2020-09-05 06:54:00,
2020-09-05 06:57:00,
2020-09-05 07:00:00,
2020-09-05 07:03:00,
2020-09-05 07:06:00,
2020-09-05 07:09:00,
2020-09-05 07:12:00,
2020-09-05 07:15:00,
2020-09-05 07:18:00,
2020-09-05 07:21:00,
2020-09-05 07:24:00,
2020-09-05 07:27:00,
2020-09-05 07:30:00,
2020-09-05 07:33:00,
2020-09-05 07:36:00,
2020-09-05 07:39:00,
2020-09-05 07:42:00,
2020-09-05 07:45:00,
2020-09-05 07:48:00,
2020-09-05 07:51:00,
2020-09-05 07:54:00,
2020-09-05 07:57:00,
2020-09-05 08:00:00,
2020-09-05 08:03:00,
2020-09-05 08:06:00,
2020-09-05 08:09:00,
2020-09-05 08:12:00,
2020-09-05 08:15:00,
2020-09-05 08:18:00,
2020-09-05 08:21:00,
2020-09-05 08:24:00,
2020-09-05 08:27:00,
2020-09-05 08:30:00,
2020-09-05 08:33:00,
2020-09-05 08:36:00,
2020-09-05 08:39:00,
2020-09-05 08:42:00,
2020-09-05 08:45:00,
2020-09-05 08:48:00,
2020-09-05 08:51:00,
2020-09-05 08:54:00,
2020-09-05 08:57:00,
2020-09-05 09:00:00,
2020-09-05 09:03:00,
2020-09-05 09:06:00,
2020-09-05 09:09:00,
2020-09-05 09:12:00,
2020-09-05 09:15:00,
2020-09-05 09:18:00,
2020-09-05 09:21:00,
2020-09-05 09:24:00,
2020-09-05 09:27:00,
2020-09-05 09:30:00,
2020-09-05 09:33:00,
2020-09-05 09:36:00,
2020-09-05 09:39:00,
2020-09-05 09:42:00,
2020-09-05 09:45:00,
2020-09-05 09:48:00,
2020-09-05 09:51:00,
2020-09-05 09:54:00,
2020-09-05 09:57:00,
2020-09-05 10:00:00,
2020-09-05 10:03:00,
2020-09-05 10:06:00,
2020-09-05 10:09:00,
2020-09-05 10:12:00,
2020-09-05 10:15:00,
2020-09-05 10:18:00,
2020-09-05 10:21:00,
2020-09-05 10:24:00,
2020-09-05 10:27:00,
2020-09-05 10:30:00,
2020-09-05 10:33:00,
2020-09-05 10:36:00,
2020-09-05 10:39:00,
2020-09-05 10:42:00,
2020-09-05 10:45:00,
2020-09-05 10:48:00,
2020-09-05 10:51:00,
2020-09-05 10:54:00,
2020-09-05 10:57:00,
2020-09-05 11:00:00,
2020-09-05 11:03:00,
2020-09-05 11:06:00,
2020-09-05 11:09:00,
2020-09-05 11:12:00,
2020-09-05 11:15:00,
2020-09-05 11:18:00,
2020-09-05 11:21:00,
2020-09-05 11:24:00,
2020-09-05 11:27:00,
2020-09-05 11:30:00,
2020-09-05 11:33:00,
2020-09-05 11:36:00,
2020-09-05 11:39:00,
2020-09-05 11:42:00,
2020-09-05 11:45:00,
2020-09-05 11:48:00,
2020-09-05 11:51:00,
2020-09-05 11:54:00,
2020-09-05 11:57:00,
2020-09-05 12:00:00,
2020-09-05 12:03:00,
2020-09-05 12:06:00,
2020-09-05 12:09:00,
2020-09-05 12:12:00,
2020-09-05 12:15:00,
2020-09-05 12:18:00,
2020-09-05 12:21:00,
2020-09-05 12:24:00,
2020-09-05 12:27:00,
2020-09-05 12:30:00,
2020-09-05 12:33:00,
2020-09-05 12:36:00,
2020-09-05 12:39:00,
2020-09-05 12:42:00,
2020-09-05 12:45:00,
2020-09-05 12:48:00,
2020-09-05 12:51:00,
2020-09-05 12:54:00,
2020-09-05 12:57:00,
2020-09-05 13:00:00,
2020-09-05 13:03:00,
2020-09-05 13:06:00,
2020-09-05 13:09:00,
2020-09-05 13:12:00,
2020-09-05 13:15:00,
2020-09-05 13:18:00,
2020-09-05 13:21:00,
2020-09-05 13:24:00,
2020-09-05 13:27:00,
2020-09-05 13:30:00,
2020-09-05 13:33:00,
2020-09-05 13:36:00,
2020-09-05 13:39:00,
2020-09-05 13:42:00,
2020-09-05 13:45:00,
2020-09-05 13:48:00,
2020-09-05 13:51:00,
2020-09-05 13:54:00,
2020-09-05 13:57:00,
2020-09-05 14:00:00,
2020-09-05 14:03:00,
2020-09-05 14:06:00,
2020-09-05 14:09:00,
2020-09-05 14:12:00,
2020-09-05 14:15:00,
2020-09-05 14:18:00,
2020-09-05 14:21:00,
2020-09-05 14:24:00,
2020-09-05 14:27:00,
2020-09-05 14:30:00,
2020-09-05 14:33:00,
2020-09-05 14:36:00,
2020-09-05 14:39:00,
2020-09-05 14:42:00,
2020-09-05 14:45:00,
2020-09-05 14:48:00,
2020-09-05 14:51:00,
2020-09-05 14:54:00,
2020-09-05 14:57:00,
2020-09-05 15:00:00,
2020-09-05 15:03:00,
2020-09-05 15:06:00,
2020-09-05 15:09:00,
2020-09-05 15:12:00,
2020-09-05 15:15:00,
2020-09-05 15:18:00,
2020-09-05 15:21:00,
2020-09-05 15:24:00,
2020-09-05 15:27:00,
2020-09-05 15:30:00,
2020-09-05 15:33:00,
2020-09-05 15:36:00,
2020-09-05 15:39:00,
2020-09-05 15:42:00,
2020-09-05 15:45:00,
2020-09-05 15:48:00,
2020-09-05 15:51:00,
2020-09-05 15:54:00,
2020-09-05 15:57:00,
2020-09-05 16:00:00,
2020-09-05 16:03:00,
2020-09-05 16:06:00,
2020-09-05 16:09:00,
2020-09-05 16:12:00,
2020-09-05 16:15:00,
2020-09-05 16:18:00,
2020-09-05 16:21:00,
2020-09-05 16:24:00,
2020-09-05 16:27:00,
2020-09-05 16:30:00,
2020-09-05 16:33:00,
2020-09-05 16:36:00,
2020-09-05 16:39:00,
2020-09-05 16:42:00,
2020-09-05 16:45:00,
2020-09-05 16:48:00,
2020-09-05 16:51:00,
2020-09-05 16:54:00,
2020-09-05 16:57:00,
2020-09-05 17:00:00,
2020-09-05 17:03:00,
2020-09-05 17:06:00,
2020-09-05 17:09:00,
2020-09-05 17:12:00,
2020-09-05 17:15:00,
2020-09-05 17:18:00,
2020-09-05 17:21:00,
2020-09-05 17:24:00,
2020-09-05 17:27:00,
2020-09-05 17:30:00,
2020-09-05 17:33:00,
2020-09-05 17:36:00,
2020-09-05 17:39:00,
2020-09-05 17:42:00,
2020-09-05 17:45:00,
2020-09-05 17:48:00,
2020-09-05 17:51:00,
2020-09-05 17:54:00,
2020-09-05 17:57:00,
2020-09-05 18:00:00,
2020-09-05 18:03:00,
2020-09-05 18:06:00,
2020-09-05 18:09:00,
2020-09-05 18:12:00,
2020-09-05 18:15:00,
2020-09-05 18:18:00,
2020-09-05 18:21:00,
2020-09-05 18:24:00,
2020-09-05 18:27:00,
2020-09-05 18:30:00,
2020-09-05 18:33:00,
2020-09-05 18:36:00,
2020-09-05 18:39:00,
2020-09-05 18:42:00,
2020-09-05 18:45:00,
2020-09-05 18:48:00,
2020-09-05 18:51:00,
2020-09-05 18:54:00,
2020-09-05 18:57:00,
2020-09-05 19:00:00,
2020-09-05 19:03:00,
2020-09-05 19:06:00,
2020-09-05 19:09:00,
2020-09-05 19:12:00,
2020-09-05 19:15:00,
2020-09-05 19:18:00,
2020-09-05 19:21:00,
2020-09-05 19:24:00,
2020-09-05 19:27:00,
2020-09-05 19:30:00,
2020-09-05 19:33:00,
2020-09-05 19:36:00,
2020-09-05 19:39:00,
2020-09-05 19:42:00,
2020-09-05 19:45:00,
2020-09-05 19:48:00,
2020-09-05 19:51:00,
2020-09-05 19:54:00,
2020-09-05 19:57:00,
2020-09-05 20:00:00,
2020-09-05 20:03:00,
2020-09-05 20:06:00,
2020-09-05 20:09:00,
2020-09-05 20:12:00,
2020-09-05 20:15:00,
2020-09-05 20:18:00,
2020-09-05 20:21:00,
2020-09-05 20:24:00,
2020-09-05 20:27:00,
2020-09-05 20:30:00,
2020-09-05 20:33:00,
2020-09-05 20:36:00,
2020-09-05 20:39:00,
2020-09-05 20:42:00,
2020-09-05 20:45:00,
2020-09-05 20:48:00,
2020-09-05 20:51:00,
2020-09-05 20:54:00,
2020-09-05 20:57:00,
2020-09-05 21:00:00,
2020-09-05 21:03:00,
2020-09-05 21:06:00,
2020-09-05 21:09:00,
2020-09-05 21:12:00,
2020-09-05 21:15:00,
2020-09-05 21:18:00,
2020-09-05 21:21:00,
2020-09-05 21:24:00,
2020-09-05 21:27:00,
2020-09-05 21:30:00,
2020-09-05 21:33:00,
2020-09-05 21:36:00,
2020-09-05 21:39:00,
2020-09-05 21:42:00,
2020-09-05 21:45:00,
2020-09-05 21:48:00,
2020-09-05 21:51:00,
2020-09-05 21:54:00,
2020-09-05 21:57:00,
2020-09-05 22:00:00,
2020-09-05 22:03:00,
2020-09-05 22:06:00,
2020-09-05 22:09:00,
2020-09-05 22:12:00,
2020-09-05 22:15:00,
2020-09-05 22:18:00,
2020-09-05 22:21:00,
2020-09-05 22:24:00,
2020-09-05 22:27:00,
2020-09-05 22:30:00,
2020-09-05 22:33:00,
2020-09-05 22:36:00,
2020-09-05 22:39:00,
2020-09-05 22:42:00,
2020-09-05 22:45:00,
2020-09-05 22:48:00,
2020-09-05 22:51:00,
2020-09-05 22:54:00,
2020-09-05 22:57:00,
2020-09-05 23:00:00,
2020-09-05 23:03:00,
2020-09-05 23:06:00,
2020-09-05 23:09:00,
2020-09-05 23:12:00,
2020-09-05 23:15:00,
2020-09-05 23:18:00,
2020-09-05 23:21:00,
2020-09-05 23:24:00,
2020-09-05 23:27:00,
2020-09-05 23:30:00,
2020-09-05 23:33:00,
2020-09-05 23:36:00,
2020-09-05 23:39:00,
2020-09-05 23:42:00,
2020-09-05 23:45:00,
2020-09-05 23:48:00,
2020-09-05 23:51:00,
2020-09-05 23:54:00,
2020-09-05 23:57:00,
2020-09-06 00:00:00,
2020-09-06 00:03:00,
2020-09-06 00:06:00,
2020-09-06 00:09:00,
2020-09-06 00:12:00,
2020-09-06 00:15:00,
2020-09-06 00:18:00,
2020-09-06 00:21:00,
2020-09-06 00:24:00,
2020-09-06 00:27:00,
2020-09-06 00:30:00,
2020-09-06 00:33:00,
2020-09-06 00:36:00,
2020-09-06 00:39:00,
2020-09-06 00:42:00,
2020-09-06 00:45:00,
2020-09-06 00:48:00,
2020-09-06 00:51:00,
2020-09-06 00:54:00,
2020-09-06 00:57:00,
2020-09-06 01:00:00,
2020-09-06 01:03:00,
2020-09-06 01:06:00,
2020-09-06 01:09:00,
2020-09-06 01:12:00,
2020-09-06 01:15:00,
2020-09-06 01:18:00,
2020-09-06 01:21:00,
2020-09-06 01:24:00,
2020-09-06 01:27:00,
2020-09-06 01:30:00,
2020-09-06 01:33:00,
2020-09-06 01:36:00,
2020-09-06 01:39:00,
2020-09-06 01:42:00,
2020-09-06 01:45:00,
2020-09-06 01:48:00,
2020-09-06 01:51:00,
2020-09-06 01:54:00,
2020-09-06 01:57:00,
2020-09-06 02:00:00,
2020-09-06 02:03:00,
2020-09-06 02:06:00,
2020-09-06 02:09:00,
2020-09-06 02:12:00,
2020-09-06 02:15:00,
2020-09-06 02:18:00,
2020-09-06 02:21:00,
2020-09-06 02:24:00,
2020-09-06 02:27:00,
2020-09-06 02:30:00,
2020-09-06 02:33:00,
2020-09-06 02:36:00,
2020-09-06 02:39:00,
2020-09-06 02:42:00,
2020-09-06 02:45:00,
2020-09-06 02:48:00,
2020-09-06 02:51:00,
2020-09-06 02:54:00,
2020-09-06 02:57:00,
2020-09-06 03:00:00,
2020-09-06 03:03:00,
2020-09-06 03:06:00,
2020-09-06 03:09:00,
2020-09-06 03:12:00,
2020-09-06 03:15:00,
2020-09-06 03:18:00,
2020-09-06 03:21:00,
2020-09-06 03:24:00,
2020-09-06 03:27:00,
2020-09-06 03:30:00,
2020-09-06 03:33:00,
2020-09-06 03:36:00,
2020-09-06 03:39:00,
2020-09-06 03:42:00,
2020-09-06 03:45:00,
2020-09-06 03:48:00,
2020-09-06 03:51:00,
2020-09-06 03:54:00,
2020-09-06 03:57:00,
2020-09-06 04:00:00,
2020-09-06 04:03:00,
2020-09-06 04:06:00,
2020-09-06 04:09:00,
2020-09-06 04:12:00,
2020-09-06 04:15:00,
2020-09-06 04:18:00,
2020-09-06 04:21:00,
2020-09-06 04:24:00,
2020-09-06 04:27:00,
2020-09-06 04:30:00,
2020-09-06 04:33:00,
2020-09-06 04:36:00,
2020-09-06 04:39:00,
2020-09-06 04:42:00,
2020-09-06 04:45:00,
2020-09-06 04:48:00,
2020-09-06 04:51:00,
2020-09-06 04:54:00,
2020-09-06 04:57:00,
2020-09-06 05:00:00,
2020-09-06 05:03:00,
2020-09-06 05:06:00,
2020-09-06 05:09:00,
2020-09-06 05:12:00,
2020-09-06 05:15:00,
2020-09-06 05:18:00,
2020-09-06 05:21:00,
2020-09-06 05:24:00,
2020-09-06 05:27:00,
2020-09-06 05:30:00,
2020-09-06 05:33:00,
2020-09-06 05:36:00,
2020-09-06 05:39:00,
2020-09-06 05:42:00,
2020-09-06 05:45:00,
2020-09-06 05:48:00,
2020-09-06 05:51:00,
2020-09-06 05:54:00,
2020-09-06 05:57:00,
2020-09-06 06:00:00,
2020-09-06 06:03:00,
2020-09-06 06:06:00,
2020-09-06 06:09:00,
2020-09-06 06:12:00,
2020-09-06 06:15:00,
2020-09-06 06:18:00,
2020-09-06 06:21:00,
2020-09-06 06:24:00,
2020-09-06 06:27:00,
2020-09-06 06:30:00,
2020-09-06 06:33:00,
2020-09-06 06:36:00,
2020-09-06 06:39:00,
2020-09-06 06:42:00,
2020-09-06 06:45:00,
2020-09-06 06:48:00,
2020-09-06 06:51:00,
2020-09-06 06:54:00,
2020-09-06 06:57:00,
2020-09-06 07:00:00,
2020-09-06 07:03:00,
2020-09-06 07:06:00,
2020-09-06 07:09:00,
2020-09-06 07:12:00,
2020-09-06 07:15:00,
2020-09-06 07:18:00,
2020-09-06 07:21:00,
2020-09-06 07:24:00,
2020-09-06 07:27:00,
2020-09-06 07:30:00,
2020-09-06 07:33:00,
2020-09-06 07:36:00,
2020-09-06 07:39:00,
2020-09-06 07:42:00,
2020-09-06 07:45:00,
2020-09-06 07:48:00,
2020-09-06 07:51:00,
2020-09-06 07:54:00,
2020-09-06 07:57:00,
2020-09-06 08:00:00,
2020-09-06 08:03:00,
2020-09-06 08:06:00,
2020-09-06 08:09:00,
2020-09-06 08:12:00,
2020-09-06 08:15:00,
2020-09-06 08:18:00,
2020-09-06 08:21:00,
2020-09-06 08:24:00,
2020-09-06 08:27:00,
2020-09-06 08:30:00,
2020-09-06 08:33:00,
2020-09-06 08:36:00,
2020-09-06 08:39:00,
2020-09-06 08:42:00,
2020-09-06 08:45:00,
2020-09-06 08:48:00,
2020-09-06 08:51:00,
2020-09-06 08:54:00,
2020-09-06 08:57:00,
2020-09-06 09:00:00,
2020-09-06 09:03:00,
2020-09-06 09:06:00,
2020-09-06 09:09:00,
2020-09-06 09:12:00,
2020-09-06 09:15:00,
2020-09-06 09:18:00,
2020-09-06 09:21:00,
2020-09-06 09:24:00,
2020-09-06 09:27:00,
2020-09-06 09:30:00,
2020-09-06 09:33:00,
2020-09-06 09:36:00,
2020-09-06 09:39:00,
2020-09-06 09:42:00,
2020-09-06 09:45:00,
2020-09-06 09:48:00,
2020-09-06 09:51:00,
2020-09-06 09:54:00,
2020-09-06 09:57:00,
2020-09-06 10:00:00,
2020-09-06 10:03:00,
2020-09-06 10:06:00,
2020-09-06 10:09:00,
2020-09-06 10:12:00,
2020-09-06 10:15:00,
2020-09-06 10:18:00,
2020-09-06 10:21:00,
2020-09-06 10:24:00,
2020-09-06 10:27:00,
2020-09-06 10:30:00,
2020-09-06 10:33:00,
2020-09-06 10:36:00,
2020-09-06 10:39:00,
2020-09-06 10:42:00,
2020-09-06 10:45:00,
2020-09-06 10:48:00,
2020-09-06 10:51:00,
2020-09-06 10:54:00,
2020-09-06 10:57:00,
2020-09-06 11:00:00,
2020-09-06 11:03:00,
2020-09-06 11:06:00,
2020-09-06 11:09:00,
2020-09-06 11:12:00,
2020-09-06 11:15:00,
2020-09-06 11:18:00,
2020-09-06 11:21:00,
2020-09-06 11:24:00,
2020-09-06 11:27:00,
2020-09-06 11:30:00,
2020-09-06 11:33:00,
2020-09-06 11:36:00,
2020-09-06 11:39:00,
2020-09-06 11:42:00,
2020-09-06 11:45:00,
2020-09-06 11:48:00,
2020-09-06 11:51:00,
2020-09-06 11:54:00,
2020-09-06 11:57:00,
2020-09-06 12:00:00,
2020-09-06 12:03:00,
2020-09-06 12:06:00,
2020-09-06 12:09:00,
2020-09-06 12:12:00,
2020-09-06 12:15:00,
2020-09-06 12:18:00,
2020-09-06 12:21:00,
2020-09-06 12:24:00,
2020-09-06 12:27:00,
2020-09-06 12:30:00,
2020-09-06 12:33:00,
2020-09-06 12:36:00,
2020-09-06 12:39:00,
2020-09-06 12:42:00,
2020-09-06 12:45:00,
2020-09-06 12:48:00,
2020-09-06 12:51:00,
2020-09-06 12:54:00,
2020-09-06 12:57:00,
2020-09-06 13:00:00,
2020-09-06 13:03:00,
2020-09-06 13:06:00,
2020-09-06 13:09:00,
2020-09-06 13:12:00,
2020-09-06 13:15:00,
2020-09-06 13:18:00,
2020-09-06 13:21:00,
2020-09-06 13:24:00,
2020-09-06 13:27:00,
2020-09-06 13:30:00,
2020-09-06 13:33:00,
2020-09-06 13:36:00,
2020-09-06 13:39:00,
2020-09-06 13:42:00,
2020-09-06 13:45:00,
2020-09-06 13:48:00,
2020-09-06 13:51:00,
2020-09-06 13:54:00,
2020-09-06 13:57:00,
2020-09-06 14:00:00,
2020-09-06 14:03:00,
2020-09-06 14:06:00,
2020-09-06 14:09:00,
2020-09-06 14:12:00,
2020-09-06 14:15:00,
2020-09-06 14:18:00,
2020-09-06 14:21:00,
2020-09-06 14:24:00,
2020-09-06 14:27:00,
2020-09-06 14:30:00,
2020-09-06 14:33:00,
2020-09-06 14:36:00,
2020-09-06 14:39:00,
2020-09-06 14:42:00,
2020-09-06 14:45:00,
2020-09-06 14:48:00,
2020-09-06 14:51:00,
2020-09-06 14:54:00,
2020-09-06 14:57:00,
2020-09-06 15:00:00,
2020-09-06 15:03:00,
2020-09-06 15:06:00,
2020-09-06 15:09:00,
2020-09-06 15:12:00,
2020-09-06 15:15:00,
2020-09-06 15:18:00,
2020-09-06 15:21:00,
2020-09-06 15:24:00,
2020-09-06 15:27:00,
2020-09-06 15:30:00,
2020-09-06 15:33:00,
2020-09-06 15:36:00,
2020-09-06 15:39:00,
2020-09-06 15:42:00,
2020-09-06 15:45:00,
2020-09-06 15:48:00,
2020-09-06 15:51:00,
2020-09-06 15:54:00,
2020-09-06 15:57:00,
2020-09-06 16:00:00,
2020-09-06 16:03:00,
2020-09-06 16:06:00,
2020-09-06 16:09:00,
2020-09-06 16:12:00,
2020-09-06 16:15:00,
2020-09-06 16:18:00,
2020-09-06 16:21:00,
2020-09-06 16:24:00,
2020-09-06 16:27:00,
2020-09-06 16:30:00,
2020-09-06 16:33:00,
2020-09-06 16:36:00,
2020-09-06 16:39:00,
2020-09-06 16:42:00,
2020-09-06 16:45:00,
2020-09-06 16:48:00,
2020-09-06 16:51:00,
2020-09-06 16:54:00,
2020-09-06 16:57:00,
2020-09-06 17:00:00,
2020-09-06 17:03:00,
2020-09-06 17:06:00,
2020-09-06 17:09:00,
2020-09-06 17:12:00,
2020-09-06 17:15:00,
2020-09-06 17:18:00,
2020-09-06 17:21:00,
2020-09-06 17:24:00,
2020-09-06 17:27:00,
2020-09-06 17:30:00,
2020-09-06 17:33:00,
2020-09-06 17:36:00,
2020-09-06 17:39:00,
2020-09-06 17:42:00,
2020-09-06 17:45:00,
2020-09-06 17:48:00,
2020-09-06 17:51:00,
2020-09-06 17:54:00,
2020-09-06 17:57:00,
2020-09-06 18:00:00,
2020-09-06 18:03:00,
2020-09-06 18:06:00,
2020-09-06 18:09:00,
2020-09-06 18:12:00,
2020-09-06 18:15:00,
2020-09-06 18:18:00,
2020-09-06 18:21:00,
2020-09-06 18:24:00,
2020-09-06 18:27:00,
2020-09-06 18:30:00,
2020-09-06 18:33:00,
2020-09-06 18:36:00,
2020-09-06 18:39:00,
2020-09-06 18:42:00,
2020-09-06 18:45:00,
2020-09-06 18:48:00,
2020-09-06 18:51:00,
2020-09-06 18:54:00,
2020-09-06 18:57:00,
2020-09-06 19:00:00,
2020-09-06 19:03:00,
2020-09-06 19:06:00,
2020-09-06 19:09:00,
2020-09-06 19:12:00,
2020-09-06 19:15:00,
2020-09-06 19:18:00,
2020-09-06 19:21:00,
2020-09-06 19:24:00,
2020-09-06 19:27:00,
2020-09-06 19:30:00,
2020-09-06 19:33:00,
2020-09-06 19:36:00,
2020-09-06 19:39:00,
2020-09-06 19:42:00,
2020-09-06 19:45:00,
2020-09-06 19:48:00,
2020-09-06 19:51:00,
2020-09-06 19:54:00,
2020-09-06 19:57:00,
2020-09-06 20:00:00,
2020-09-06 20:03:00,
2020-09-06 20:06:00,
2020-09-06 20:09:00,
2020-09-06 20:12:00,
2020-09-06 20:15:00,
2020-09-06 20:18:00,
2020-09-06 20:21:00,
2020-09-06 20:24:00,
2020-09-06 20:27:00,
2020-09-06 20:30:00,
2020-09-06 20:33:00,
2020-09-06 20:36:00,
2020-09-06 20:39:00,
2020-09-06 20:42:00,
2020-09-06 20:45:00,
2020-09-06 20:48:00,
2020-09-06 20:51:00,
2020-09-06 20:54:00,
2020-09-06 20:57:00,
2020-09-06 21:00:00,
2020-09-06 21:03:00,
2020-09-06 21:06:00,
2020-09-06 21:09:00,
2020-09-06 21:12:00,
2020-09-06 21:15:00,
2020-09-06 21:18:00,
2020-09-06 21:21:00,
2020-09-06 21:24:00,
2020-09-06 21:27:00,
2020-09-06 21:30:00,
2020-09-06 21:33:00,
2020-09-06 21:36:00,
2020-09-06 21:39:00,
2020-09-06 21:42:00,
2020-09-06 21:45:00,
2020-09-06 21:48:00,
2020-09-06 21:51:00,
2020-09-06 21:54:00,
2020-09-06 21:57:00,
2020-09-06 22:00:00,
2020-09-06 22:03:00,
2020-09-06 22:06:00,
2020-09-06 22:09:00,
2020-09-06 22:12:00,
2020-09-06 22:15:00,
2020-09-06 22:18:00,
2020-09-06 22:21:00,
2020-09-06 22:24:00,
2020-09-06 22:27:00,
2020-09-06 22:30:00,
2020-09-06 22:33:00,
2020-09-06 22:36:00,
2020-09-06 22:39:00,
2020-09-06 22:42:00,
2020-09-06 22:45:00,
2020-09-06 22:48:00,
2020-09-06 22:51:00,
2020-09-06 22:54:00,
2020-09-06 22:57:00,
2020-09-06 23:00:00,
2020-09-06 23:03:00,
2020-09-06 23:06:00,
2020-09-06 23:09:00,
2020-09-06 23:12:00,
2020-09-06 23:15:00,
2020-09-06 23:18:00,
2020-09-06 23:21:00,
2020-09-06 23:24:00,
2020-09-06 23:27:00,
2020-09-06 23:30:00,
2020-09-06 23:33:00,
2020-09-06 23:36:00,
2020-09-06 23:39:00,
2020-09-06 23:42:00,
2020-09-06 23:45:00,
2020-09-06 23:48:00,
2020-09-06 23:51:00,
2020-09-06 23:54:00,
2020-09-06 23:57:00,
2020-09-07 00:00:00,
2020-09-07 00:03:00,
2020-09-07 00:06:00,
2020-09-07 00:09:00,
2020-09-07 00:12:00,
2020-09-07 00:15:00,
2020-09-07 00:18:00,
2020-09-07 00:21:00,
2020-09-07 00:24:00,
2020-09-07 00:27:00,
2020-09-07 00:30:00,
2020-09-07 00:33:00,
2020-09-07 00:36:00,
2020-09-07 00:39:00,
2020-09-07 00:42:00,
2020-09-07 00:45:00,
2020-09-07 00:48:00,
2020-09-07 00:51:00,
2020-09-07 00:54:00,
2020-09-07 00:57:00,
2020-09-07 01:00:00,
2020-09-07 01:03:00,
2020-09-07 01:06:00,
2020-09-07 01:09:00,
2020-09-07 01:12:00,
2020-09-07 01:15:00,
2020-09-07 01:18:00,
2020-09-07 01:21:00,
2020-09-07 01:24:00,
2020-09-07 01:27:00,
2020-09-07 01:30:00,
2020-09-07 01:33:00,
2020-09-07 01:36:00,
2020-09-07 01:39:00,
2020-09-07 01:42:00,
2020-09-07 01:45:00,
2020-09-07 01:48:00,
2020-09-07 01:51:00,
2020-09-07 01:54:00,
2020-09-07 01:57:00,
2020-09-07 02:00:00,
2020-09-07 02:03:00,
2020-09-07 02:06:00,
2020-09-07 02:09:00,
2020-09-07 02:12:00,
2020-09-07 02:15:00,
2020-09-07 02:18:00,
2020-09-07 02:21:00,
2020-09-07 02:24:00,
2020-09-07 02:27:00,
2020-09-07 02:30:00,
2020-09-07 02:33:00,
2020-09-07 02:36:00,
2020-09-07 02:39:00,
2020-09-07 02:42:00,
2020-09-07 02:45:00,
2020-09-07 02:48:00,
2020-09-07 02:51:00,
2020-09-07 02:54:00,
2020-09-07 02:57:00,
2020-09-07 03:00:00,
2020-09-07 03:03:00,
2020-09-07 03:06:00,
2020-09-07 03:09:00,
2020-09-07 03:12:00,
2020-09-07 03:15:00,
2020-09-07 03:18:00,
2020-09-07 03:21:00,
2020-09-07 03:24:00,
2020-09-07 03:27:00,
2020-09-07 03:30:00,
2020-09-07 03:33:00,
2020-09-07 03:36:00,
2020-09-07 03:39:00,
2020-09-07 03:42:00,
2020-09-07 03:45:00,
2020-09-07 03:48:00,
2020-09-07 03:51:00,
2020-09-07 03:54:00,
2020-09-07 03:57:00,
2020-09-07 04:00:00,
2020-09-07 04:03:00,
2020-09-07 04:06:00,
2020-09-07 04:09:00,
2020-09-07 04:12:00,
2020-09-07 04:15:00,
2020-09-07 04:18:00,
2020-09-07 04:21:00,
2020-09-07 04:24:00,
2020-09-07 04:27:00,
2020-09-07 04:30:00,
2020-09-07 04:33:00,
2020-09-07 04:36:00,
2020-09-07 04:39:00,
2020-09-07 04:42:00,
2020-09-07 04:45:00,
2020-09-07 04:48:00,
2020-09-07 04:51:00,
2020-09-07 04:54:00,
2020-09-07 04:57:00,
2020-09-07 05:00:00,
2020-09-07 05:03:00,
2020-09-07 05:06:00,
2020-09-07 05:09:00,
2020-09-07 05:12:00,
2020-09-07 05:15:00,
2020-09-07 05:18:00,
2020-09-07 05:21:00,
2020-09-07 05:24:00,
2020-09-07 05:27:00,
2020-09-07 05:30:00,
2020-09-07 05:33:00,
2020-09-07 05:36:00,
2020-09-07 05:39:00,
2020-09-07 05:42:00,
2020-09-07 05:45:00,
2020-09-07 05:48:00,
2020-09-07 05:51:00,
2020-09-07 05:54:00,
2020-09-07 05:57:00,
2020-09-07 06:00:00,
2020-09-07 06:03:00,
2020-09-07 06:06:00,
2020-09-07 06:09:00,
2020-09-07 06:12:00,
2020-09-07 06:15:00,
2020-09-07 06:18:00,
2020-09-07 06:21:00,
2020-09-07 06:24:00,
2020-09-07 06:27:00,
2020-09-07 06:30:00,
2020-09-07 06:33:00,
2020-09-07 06:36:00,
2020-09-07 06:39:00,
2020-09-07 06:42:00,
2020-09-07 06:45:00,
2020-09-07 06:48:00,
2020-09-07 06:51:00,
2020-09-07 06:54:00,
2020-09-07 06:57:00,
2020-09-07 07:00:00,
2020-09-07 07:03:00,
2020-09-07 07:06:00,
2020-09-07 07:09:00,
2020-09-07 07:12:00,
2020-09-07 07:15:00,
2020-09-07 07:18:00,
2020-09-07 07:21:00,
2020-09-07 07:24:00,
2020-09-07 07:27:00,
2020-09-07 07:30:00,
2020-09-07 07:33:00,
2020-09-07 07:36:00,
2020-09-07 07:39:00,
2020-09-07 07:42:00,
2020-09-07 07:45:00,
2020-09-07 07:48:00,
2020-09-07 07:51:00,
2020-09-07 07:54:00,
2020-09-07 07:57:00,
2020-09-07 08:00:00,
2020-09-07 08:03:00,
2020-09-07 08:06:00,
2020-09-07 08:09:00,
2020-09-07 08:12:00,
2020-09-07 08:15:00,
2020-09-07 08:18:00,
2020-09-07 08:21:00,
2020-09-07 08:24:00,
2020-09-07 08:27:00,
2020-09-07 08:30:00,
2020-09-07 08:33:00,
2020-09-07 08:36:00,
2020-09-07 08:39:00,
2020-09-07 08:42:00,
2020-09-07 08:45:00,
2020-09-07 08:48:00,
2020-09-07 08:51:00,
2020-09-07 08:54:00,
2020-09-07 08:57:00,
2020-09-07 09:00:00,
2020-09-07 09:03:00,
2020-09-07 09:06:00,
2020-09-07 09:09:00,
2020-09-07 09:12:00,
2020-09-07 09:15:00,
2020-09-07 09:18:00,
2020-09-07 09:21:00,
2020-09-07 09:24:00,
2020-09-07 09:27:00,
2020-09-07 09:30:00,
2020-09-07 09:33:00,
2020-09-07 09:36:00,
2020-09-07 09:39:00,
2020-09-07 09:42:00,
2020-09-07 09:45:00,
2020-09-07 09:48:00,
2020-09-07 09:51:00,
2020-09-07 09:54:00,
2020-09-07 09:57:00,
2020-09-07 10:00:00,
2020-09-07 10:03:00,
2020-09-07 10:06:00,
2020-09-07 10:09:00,
2020-09-07 10:12:00,
2020-09-07 10:15:00,
2020-09-07 10:18:00,
2020-09-07 10:21:00,
2020-09-07 10:24:00,
2020-09-07 10:27:00,
2020-09-07 10:30:00,
2020-09-07 10:33:00,
2020-09-07 10:36:00,
2020-09-07 10:39:00,
2020-09-07 10:42:00,
2020-09-07 10:45:00,
2020-09-07 10:48:00,
2020-09-07 10:51:00,
2020-09-07 10:54:00,
2020-09-07 10:57:00,
2020-09-07 11:00:00,
2020-09-07 11:03:00,
2020-09-07 11:06:00,
2020-09-07 11:09:00,
2020-09-07 11:12:00,
2020-09-07 11:15:00,
2020-09-07 11:18:00,
2020-09-07 11:21:00,
2020-09-07 11:24:00,
2020-09-07 11:27:00,
2020-09-07 11:30:00,
2020-09-07 11:33:00,
2020-09-07 11:36:00,
2020-09-07 11:39:00,
2020-09-07 11:42:00,
2020-09-07 11:45:00,
2020-09-07 11:48:00,
2020-09-07 11:51:00,
2020-09-07 11:54:00,
2020-09-07 11:57:00,
2020-09-07 12:00:00,
2020-09-07 12:03:00,
2020-09-07 12:06:00,
2020-09-07 12:09:00,
2020-09-07 12:12:00,
2020-09-07 12:15:00,
2020-09-07 12:18:00,
2020-09-07 12:21:00,
2020-09-07 12:24:00,
2020-09-07 12:27:00,
2020-09-07 12:30:00,
2020-09-07 12:33:00,
2020-09-07 12:36:00,
2020-09-07 12:39:00,
2020-09-07 12:42:00,
2020-09-07 12:45:00,
2020-09-07 12:48:00,
2020-09-07 12:51:00,
2020-09-07 12:54:00,
2020-09-07 12:57:00,
2020-09-07 13:00:00,
2020-09-07 13:03:00,
2020-09-07 13:06:00,
2020-09-07 13:09:00,
2020-09-07 13:12:00,
2020-09-07 13:15:00,
2020-09-07 13:18:00,
2020-09-07 13:21:00,
2020-09-07 13:24:00,
2020-09-07 13:27:00,
2020-09-07 13:30:00,
2020-09-07 13:33:00,
2020-09-07 13:36:00,
2020-09-07 13:39:00,
2020-09-07 13:42:00,
2020-09-07 13:45:00,
2020-09-07 13:48:00,
2020-09-07 13:51:00,
2020-09-07 13:54:00,
2020-09-07 13:57:00,
2020-09-07 14:00:00,
2020-09-07 14:03:00,
2020-09-07 14:06:00,
2020-09-07 14:09:00,
2020-09-07 14:12:00,
2020-09-07 14:15:00,
2020-09-07 14:18:00,
2020-09-07 14:21:00,
2020-09-07 14:24:00,
2020-09-07 14:27:00,
2020-09-07 14:30:00,
2020-09-07 14:33:00,
2020-09-07 14:36:00,
2020-09-07 14:39:00,
2020-09-07 14:42:00,
2020-09-07 14:45:00,
2020-09-07 14:48:00,
2020-09-07 14:51:00,
2020-09-07 14:54:00,
2020-09-07 14:57:00,
2020-09-07 15:00:00,
2020-09-07 15:03:00,
2020-09-07 15:06:00,
2020-09-07 15:09:00,
2020-09-07 15:12:00,
2020-09-07 15:15:00,
2020-09-07 15:18:00,
2020-09-07 15:21:00,
2020-09-07 15:24:00,
2020-09-07 15:27:00,
2020-09-07 15:30:00,
2020-09-07 15:33:00,
2020-09-07 15:36:00,
2020-09-07 15:39:00,
2020-09-07 15:42:00,
2020-09-07 15:45:00,
2020-09-07 15:48:00,
2020-09-07 15:51:00,
2020-09-07 15:54:00,
2020-09-07 15:57:00,
2020-09-07 16:00:00,
2020-09-07 16:03:00,
2020-09-07 16:06:00,
2020-09-07 16:09:00,
2020-09-07 16:12:00,
2020-09-07 16:15:00,
2020-09-07 16:18:00,
2020-09-07 16:21:00,
2020-09-07 16:24:00,
2020-09-07 16:27:00,
2020-09-07 16:30:00,
2020-09-07 16:33:00,
2020-09-07 16:36:00,
2020-09-07 16:39:00,
2020-09-07 16:42:00,
2020-09-07 16:45:00,
2020-09-07 16:48:00,
2020-09-07 16:51:00,
2020-09-07 16:54:00,
2020-09-07 16:57:00,
2020-09-07 17:00:00,
2020-09-07 17:03:00,
2020-09-07 17:06:00,
2020-09-07 17:09:00,
2020-09-07 17:12:00,
2020-09-07 17:15:00,
2020-09-07 17:18:00,
2020-09-07 17:21:00,
2020-09-07 17:24:00,
2020-09-07 17:27:00,
2020-09-07 17:30:00,
2020-09-07 17:33:00,
2020-09-07 17:36:00,
2020-09-07 17:39:00,
2020-09-07 17:42:00,
2020-09-07 17:45:00,
2020-09-07 17:48:00,
2020-09-07 17:51:00,
2020-09-07 17:54:00,
2020-09-07 17:57:00,
2020-09-07 18:00:00,
2020-09-07 18:03:00,
2020-09-07 18:06:00,
2020-09-07 18:09:00,
2020-09-07 18:12:00,
2020-09-07 18:15:00,
2020-09-07 18:18:00,
2020-09-07 18:21:00,
2020-09-07 18:24:00,
2020-09-07 18:27:00,
2020-09-07 18:30:00,
2020-09-07 18:33:00,
2020-09-07 18:36:00,
2020-09-07 18:39:00,
2020-09-07 18:42:00,
2020-09-07 18:45:00,
2020-09-07 18:48:00,
2020-09-07 18:51:00,
2020-09-07 18:54:00,
2020-09-07 18:57:00,
2020-09-07 19:00:00,
2020-09-07 19:03:00,
2020-09-07 19:06:00,
2020-09-07 19:09:00,
2020-09-07 19:12:00,
2020-09-07 19:15:00,
2020-09-07 19:18:00,
2020-09-07 19:21:00,
2020-09-07 19:24:00,
2020-09-07 19:27:00,
2020-09-07 19:30:00,
2020-09-07 19:33:00,
2020-09-07 19:36:00,
2020-09-07 19:39:00,
2020-09-07 19:42:00,
2020-09-07 19:45:00,
2020-09-07 19:48:00,
2020-09-07 19:51:00,
2020-09-07 19:54:00,
2020-09-07 19:57:00,
2020-09-07 20:00:00,
2020-09-07 20:03:00,
2020-09-07 20:06:00,
2020-09-07 20:09:00,
2020-09-07 20:12:00,
2020-09-07 20:15:00,
2020-09-07 20:18:00,
2020-09-07 20:21:00,
2020-09-07 20:24:00,
2020-09-07 20:27:00,
2020-09-07 20:30:00,
2020-09-07 20:33:00,
2020-09-07 20:36:00,
2020-09-07 20:39:00,
2020-09-07 20:42:00,
2020-09-07 20:45:00,
2020-09-07 20:48:00,
2020-09-07 20:51:00,
2020-09-07 20:54:00,
2020-09-07 20:57:00,
2020-09-07 21:00:00,
2020-09-07 21:03:00,
2020-09-07 21:06:00,
2020-09-07 21:09:00,
2020-09-07 21:12:00,
2020-09-07 21:15:00,
2020-09-07 21:18:00,
2020-09-07 21:21:00,
2020-09-07 21:24:00,
2020-09-07 21:27:00,
2020-09-07 21:30:00,
2020-09-07 21:33:00,
2020-09-07 21:36:00,
2020-09-07 21:39:00,
2020-09-07 21:42:00,
2020-09-07 21:45:00,
2020-09-07 21:48:00,
2020-09-07 21:51:00,
2020-09-07 21:54:00,
2020-09-07 21:57:00,
2020-09-07 22:00:00,
2020-09-07 22:03:00,
2020-09-07 22:06:00,
2020-09-07 22:09:00,
2020-09-07 22:12:00,
2020-09-07 22:15:00,
2020-09-07 22:18:00,
2020-09-07 22:21:00,
2020-09-07 22:24:00,
2020-09-07 22:27:00,
2020-09-07 22:30:00,
2020-09-07 22:33:00,
2020-09-07 22:36:00,
2020-09-07 22:39:00,
2020-09-07 22:42:00,0.5799428479107291
2020-09-07 22:45:00,0.4893684175004296
2020-09-07 22:48:00,0.457107519882868
2020-09-07 22:51:00,0.5066586325365279
2020-09-07 22:54:00,0.485596421391449
2020-09-07 22:57:00,0.41126989855035845
2020-09-07 23:00:00,0.4097092997296272
2020-09-07 23:03:00,0.402267539600075
2020-09-07 23:06:00,0.44392102434659364
2020-09-07 23:09:00,0.39060470700246697
2020-09-07 23:12:00,0.36067301709954336
2020-09-07 23:15:00,0.3852795023742601
2020-09-07 23:18:00,0.37458005441447995
2020-09-07 23:21:00,0.4487980817741004
2020-09-07 23:24:00,0.3334250115750592
2020-09-07 23:27:00,0.44598307158270245
2020-09-07 23:30:00,0.4467595271799496
2020-09-07 23:33:00,0.5081475497460133
2020-09-07 23:36:00,0.5372885476584202
2020-09-07 23:39:00,0.5798866446275497
2020-09-07 23:42:00,0.5672248328681917
2020-09-07 23:45:00,0.5863416562135626
2020-09-07 23:48:00,0.5571651848895272
2020-09-07 23:51:00,0.5918034846772571
2020-09-07 23:54:00,0.6439416124531476
2020-09-07 23:57:00,0.5967036459050519
2020-09-08 00:00:00,0.5691964993126817
2020-09-08 00:03:00,0.5925080662010487
2020-09-08 00:06:00,0.5321689635279085
2020-09-08 00:09:00,0.5455355882119193
2020-09-08 00:12:00,0.5711409120887083
2020-09-08 00:15:00,0.4991612277987656
2020-09-08 00:18:00,0.49820270769032504
2020-09-08 00:21:00,0.5265774533162357
2020-09-08 00:24:00,0.5441245817752929
2020-09-08 00:27:00,0.550816046535715
2020-09-08 00:30:00,0.47923227156121584
2020-09-08 00:33:00,0.5429912321635584
2020-09-08 00:36:00,0.5213554019280195
2020-09-08 00:39:00,0.49907544037893103
2020-09-08 00:42:00,0.5424744917850148
2020-09-08 00:45:00,0.5682042616801368
2020-09-08 00:48:00,0.5571848079324582
2020-09-08 00:51:00,0.5608399844216478
2020-09-08 00:54:00,0.57763385575646
2020-09-08 00:57:00,0.6023323337366833
2020-09-08 01:00:00,0.5426399013700802
2020-09-08 01:03:00,0.5221115478732941
2020-09-08 01:06:00,0.5196998458029611
2020-09-08 01:09:00,0.5781692503405225
2020-09-08 01:12:00,0.5485027232022048
2020-09-08 01:15:00,0.5706857800120133
2020-09-08 01:18:00,0.5293074766706809
2020-09-08 01:21:00,0.553222000258188
2020-09-08 01:24:00,0.5216854129933495
2020-09-08 01:27:00,0.4349241780951729
2020-09-08 01:30:00,0.3874253154052667
2020-09-08 01:33:00,0.4921243475264987
2020-09-08 01:36:00,0.44462070933440145
2020-09-08 01:39:00,0.46088754816213395
2020-09-08 01:42:00,0.4084087991044498
2020-09-08 01:45:00,0.41595750081933147
2020-09-08 01:48:00,0.45991389374432856
2020-09-08 01:51:00,0.4070248918188213
2020-09-08 01:54:00,0.41031400824152797
2020-09-08 01:57:00,0.45368850841003905
2020-09-08 02:00:00,0.47966190362387806
2020-09-08 02:03:00,0.45518985486768315
2020-09-08 02:06:00,0.4538774467969233
2020-09-08 02:09:00,0.45777482703317673
2020-09-08 02:12:00,0.4808560665169921
2020-09-08 02:15:00,0.4848117890509229
2020-09-08 02:18:00,0.4792342792808313
2020-09-08 02:21:00,0.4310771715233841
2020-09-08 02:24:00,0.435762464133461
2020-09-08 02:27:00,0.408357660698357
2020-09-08 02:30:00,0.370019648683126
2020-09-08 02:33:00,0.4154772641587101
2020-09-08 02:36:00,0.4011378544385593
2020-09-08 02:39:00,0.3527510718065514
2020-09-08 02:42:00,0.37272322781439016
2020-09-08 02:45:00,0.36489026401000046
2020-09-08 02:48:00,0.3679724059987848
2020-09-08 02:51:00,0.37585047311483777
2020-09-08 02:54:00,0.3863372794717179
2020-09-08 02:57:00,0.4345084895375635
2020-09-08 03:00:00,0.38287658999837504
2020-09-08 03:03:00,0.4313662489028047
2020-09-08 03:06:00,0.45458404842912614
2020-09-08 03:09:00,0.4181053043188854
2020-09-08 03:12:00,0.4608669044121143
2020-09-08 03:15:00,0.374573641686311
2020-09-08 03:18:00,0.39072403707501735
2020-09-08 03:21:00,0.41162713223656056
2020-09-08 03:24:00,0.37843560841525914
2020-09-08 03:27:00,0.378785212270202
2020-09-08 03:30:00,0.44834954739150135
2020-09-08 03:33:00,0.43951786196873854
2020-09-08 03:36:00,0.33931426758317684
2020-09-08 03:39:00,0.3343569396862449
2020-09-08 03:42:00,0.3482132195935037
2020-09-08 03:45:00,0.42421566019635293
2020-09-08 03:48:00,0.4025896038728547
2020-09-08 03:51:00,0.3728659295028933
2020-09-08 03:54:00,0.3863366108503783
2020-09-08 03:57:00,0.38689125517157663
2020-09-08 04:00:00,0.4227171149080391
2020-09-08 04:03:00,0.4235963543875414
2020-09-08 04:06:00,0.39951270637357084
2020-09-08 04:09:00,0.3669269609195567
2020-09-08 04:12:00,0.3616016794151733
2020-09-08 04:15:00,0.3829433536387796
2020-09-08 04:18:00,0.3994316558731157
2020-09-08 04:21:00,0.3580980813003407
2020-09-08 04:24:00,0.37175653213802207
2020-09-08 04:27:00,0.32351704869699915
2020-09-08 04:30:00,0.3876255572372429
2020-09-08 04:33:00,0.3834355757672938
2020-09-08 04:36:00,0.3112235852810272
2020-09-08 04:39:00,0.31207774328515825
2020-09-08 04:42:00,0.37892297618145676
2020-09-08 04:45:00,0.4024827320054669
2020-09-08 04:48:00,0.33170739877834876
2020-09-08 04:51:00,0.34277449848019614
2020-09-08 04:54:00,0.399033066661616
2020-09-08 04:57:00,0.40527558193230107
2020-09-08 05:00:00,0.42198984184858546
2020-09-08 05:03:00,0.3846817323857863
2020-09-08 05:06:00,0.28284087593783624
2020-09-08 05:09:00,0.35869192947183137
2020-09-08 05:12:00,0.39857349541034637
2020-09-08 05:15:00,0.36364068707547403
2020-09-08 05:18:00,0.3893936286244184
2020-09-08 05:21:00,0.45676878147054367
2020-09-08 05:24:00,0.41209720545396067
2020-09-08 05:27:00,0.35628884291060103
2020-09-08 05:30:00,0.34527722699198193
2020-09-08 05:33:00,0.44278041274100133
2020-09-08 05:36:00,0.4571872346391501
2020-09-08 05:39:00,0.40878266502988936
2020-09-08 05:42:00,0.46738285630914334
2020-09-08 05:45:00,0.5361098917781533
2020-09-08 05:48:00,0.47729363139791303
2020-09-08 05:51:00,0.538934744362848
2020-09-08 05:54:00,0.4816316905941562
2020-09-08 05:57:00,0.5322690733603395
2020-09-08 06:00:00,0.4851807406759576
2020-09-08 06:03:00,0.5002132982198759
2020-09-08 06:06:00,0.42712814076912764
2020-09-08 06:09:00,0.4898327893336045
2020-09-08 06:12:00,0.4728927923530932
2020-09-08 06:15:00,0.45651123224990897
2020-09-08 06:18:00,0.44364755154668956
2020-09-08 06:21:00,0.39638462426631804
2020-09-08 06:24:00,0.44752130545464297
2020-09-08 06:27:00,0.4325856881419554
2020-09-08 06:30:00,0.3642158367355819
2020-09-08 06:33:00,0.3570878000272728
2020-09-08 06:36:00,0.31554075802915804
2020-09-08 06:39:00,0.3961448297299057
2020-09-08 06:42:00,0.3912282147290398
2020-09-08 06:45:00,0.3279892137289835
2020-09-08 06:48:00,0.4251619470849164
2020-09-08 06:51:00,0.44311424311831615
2020-09-08 06:54:00,0.4742308552358736
2020-09-08 06:57:00,0.4612651489943005
2020-09-08 07:00:00,0.46785066792506314
2020-09-08 07:03:00,0.41391152740891357
2020-09-08 07:06:00,0.3910875652479717
2020-09-08 07:09:00,0.46794581683343495
2020-09-08 07:12:00,0.45605726238312627
2020-09-08 07:15:00,0.4606061258564864
2020-09-08 07:18:00,0.4296136112130853
2020-09-08 07:21:00,0.46038660130773224
2020-09-08 07:24:00,0.4473441380600889
2020-09-08 07:27:00,0.40687395990414643
2020-09-08 07:30:00,0.44537876459241943
2020-09-08 07:33:00,0.44149336093624925
2020-09-08 07:36:00,0.49167177508610393
2020-09-08 07:39:00,0.45446115923635944
2020-09-08 07:42:00,0.4302760442278668
2020-09-08 07:45:00,0.48677998490188656
2020-09-08 07:48:00,0.4547986520752829
2020-09-08 07:51:00,0.4606367828667999
2020-09-08 07:54:00,0.4872740634722845
2020-09-08 07:57:00,0.4546196375820273
2020-09-08 08:00:00,0.46297600858713395
2020-09-08 08:03:00,0.46907308313944895
2020-09-08 08:06:00,0.5320855234821806
2020-09-08 08:09:00,0.5777668927299828
2020-09-08 08:12:00,0.5276500129636474
2020-09-08 08:15:00,0.5005005447110875
2020-09-08 08:18:00,0.5257743899136926
2020-09-08 08:21:00,0.4787680543171291
2020-09-08 08:24:00,0.4253782571549891
2020-09-08 08:27:00,0.4222557602496977
2020-09-08 08:30:00,0.41841495762116665
2020-09-08 08:33:00,0.3963972768885924
2020-09-08 08:36:00,0.43675705644255913
2020-09-08 08:39:00,0.35141535510450694
2020-09-08 08:42:00,0.36962984353334605
2020-09-08 08:45:00,0.37752424061062584
2020-09-08 08:48:00,0.3449862155625283
2020-09-08 08:51:00,0.3180890360441708
2020-09-08 08:54:00,0.29143545720717157
2020-09-08 08:57:00,0.23273966679670366
2020-09-08 09:00:00,0.2890633230236972
2020-09-08 09:03:00,0.2699174974720222
2020-09-08 09:06:00,0.21056617598947014
2020-09-08 09:09:00,0.27807263112890723
2020-09-08 09:12:00,0.1902805211946088
2020-09-08 09:15:00,0.26997117473979415
2020-09-08 09:18:00,0.2694594259497194
2020-09-08 09:21:00,0.29382723657272436
2020-09-08 09:24:00,0.23089625267789415
2020-09-08 09:27:00,0.27034117481213116
2020-09-08 09:30:00,0.23169572292761131
2020-09-08 09:33:00,0.24932958082803225
2020-09-08 09:36:00,0.1996563415092396
2020-09-08 09:39:00,0.26238686900893526
2020-09-08 09:42:00,0.23144210428694123
2020-09-08 09:45:00,0.19102218397750903
2020-09-08 09:48:00,0.1618057164485549
2020-09-08 09:51:00,0.21262393979816352
2020-09-08 09:54:00,0.2412395950702262
2020-09-08 09:57:00,0.21203472036341964
2020-09-08 10:00:00,0.28367665253563246
2020-09-08 10:03:00,0.33104539298830105
2020-09-08 10:06:00,0.38049261492830055
2020-09-08 10:09:00,0.2600591519188242
2020-09-08 10:12:00,0.25787853601713095
2020-09-08 10:15:00,0.23546892040667444
2020-09-08 10:18:00,0.170310395322133
2020-09-08 10:21:00,0.19381640422727742
2020-09-08 10:24:00,0.29190895033821107
2020-09-08 10:27:00,0.23808997597149073
2020-09-08 10:30:00,0.25540188946058606
2020-09-08 10:33:00,0.1895993789794943
2020-09-08 10:36:00,0.11636584526661409
2020-09-08 10:39:00,0.05723871261619706
2020-09-08 10:42:00,0.07849927065609563
2020-09-08 10:45:00,0.10064794076083672
2020-09-08 10:48:00,0.08416147740615543
2020-09-08 10:51:00,0.11173743494492783
2020-09-08 10:54:00,0.10875187703254596
2020-09-08 10:57:00,0.09097540595530518
2020-09-08 11:00:00,0.10652751499020496
2020-09-08 11:03:00,0.006321114147397111
2020-09-08 11:06:00,0.11884419239316912
2020-09-08 11:09:00,0.12849874438751385
2020-09-08 11:12:00,-0.0049332522776239784
2020-09-08 11:15:00,0.02493358441898863
2020-09-08 11:18:00,-0.009976894453245677
2020-09-08 11:21:00,0.010858061875580916
2020-09-08 11:24:00,0.005986590012696524
2020-09-08 11:27:00,0.12261685470753036
2020-09-08 11:30:00,0.05821602968728712
2020-09-08 11:33:00,0.0016921350922984857
2020-09-08 11:36:00,-0.0042546399754996855
2020-09-08 11:39:00,-0.01264147127318438
2020-09-08 11:42:00,0.03419690417172205
2020-09-08 11:45:00,0.04151206523829387
2020-09-08 11:48:00,0.10473260011218599
2020-09-08 11:51:00,0.06265830221008173
2020-09-08 11:54:00,0.08942997767542238
2020-09-08 11:57:00,0.0904519857286914
2020-09-08 12:00:00,-0.016767351873795633
2020-09-08 12:03:00,0.05034109570709688
2020-09-08 12:06:00,0.0910575257638584
2020-09-08 12:09:00,0.06323708854313281
2020-09-08 12:12:00,0.11800015935102692
2020-09-08 12:15:00,0.12190389603836138
2020-09-08 12:18:00,0.15030993638430346
2020-09-08 12:21:00,0.0961757162513095
2020-09-08 12:24:00,0.19161179683231921
2020-09-08 12:27:00,0.2097512264914485
2020-09-08 12:30:00,0.1709262365082509
2020-09-08 12:33:00,0.18158411424906262
2020-09-08 12:36:00,0.1551944100370406
2020-09-08 12:39:00,0.1283788473514278
2020-09-08 12:42:00,0.1330232750324285
2020-09-08 12:45:00,0.11661442124488985
2020-09-08 12:48:00,0.17088920814813946
2020-09-08 12:51:00,0.12333041321085148
2020-09-08 12:54:00,0.18733346677100826
2020-09-08 12:57:00,0.16085237456394452
2020-09-08 13:00:00,0.14813812967298645
2020-09-08 13:03:00,0.19629388880264287
2020-09-08 13:06:00,0.1219826203117691
2020-09-08 13:09:00,0.1606910835125177
2020-09-08 13:12:00,0.1476669520115479
2020-09-08 13:15:00,0.13999989169980154
2020-09-08 13:18:00,0.22086833326386568
2020-09-08 13:21:00,0.16504180599883966
2020-09-08 13:24:00,0.19444216611327647
2020-09-08 13:27:00,0.19349792808287702
2020-09-08 13:30:00,0.08269178200316674
2020-09-08 13:33:00,0.23326358448110796
2020-09-08 13:36:00,0.1281031940841899
2020-09-08 13:39:00,0.2107976219158445
2020-09-08 13:42:00,0.18750901486833982
2020-09-08 13:45:00,0.22643264854326617
2020-09-08 13:48:00,0.2839387087569776
2020-09-08 13:51:00,0.24302351228806174
2020-09-08 13:54:00,0.23618121201889153
2020-09-08 13:57:00,0.3708121891279461
2020-09-08 14:00:00,0.321349508820731
2020-09-08 14:03:00,0.2651337559470903
2020-09-08 14:06:00,0.36556792980638875
2020-09-08 14:09:00,0.3662637994860347
2020-09-08 14:12:00,0.24528768320521976
2020-09-08 14:15:00,0.19060557415588164
2020-09-08 14:18:00,0.1684865825510542
2020-09-08 14:21:00,0.16357776912315103
2020-09-08 14:24:00,0.15799489539955403
2020-09-08 14:27:00,0.06637912718150574
2020-09-08 14:30:00,0.1786104080775317
2020-09-08 14:33:00,0.03746206727907975
2020-09-08 14:36:00,0.07577968817736291
2020-09-08 14:39:00,0.06018659344442767
2020-09-08 14:42:00,0.08908814219364558
2020-09-08 14:45:00,0.03214488402903726
2020-09-08 14:48:00,-0.025512707183168004
2020-09-08 14:51:00,0.037091638152389805
2020-09-08 14:54:00,0.011962400286051889
2020-09-08 14:57:00,0.005690874249012268
2020-09-08 15:00:00,-0.0032073739236011534
2020-09-08 15:03:00,-0.016931997821188816
2020-09-08 15:06:00,-0.008333179887699771
2020-09-08 15:09:00,0.010524357248755223
2020-09-08 15:12:00,-0.0020395975199676286
2020-09-08 15:15:00,-0.0029011039725901355
2020-09-08 15:18:00,-0.03564958261756601
2020-09-08 15:21:00,-0.0382050471773141
2020-09-08 15:24:00,-0.02817085525572338
2020-09-08 15:27:00,-0.09018785412553143
2020-09-08 15:30:00,-0.0656021550433934
2020-09-08 15:33:00,-0.057494985048606395
2020-09-08 15:36:00,-0.07459261443699461
2020-09-08 15:39:00,-0.021336414962206618
2020-09-08 15:42:00,0.05478407749626513
2020-09-08 15:45:00,0.14853732097105876
2020-09-08 15:48:00,0.04566656764063737
2020-09-08 15:51:00,0.13351063903962768
2020-09-08 15:54:00,0.07428006174609436
2020-09-08 15:57:00,0.01779904945715316
2020-09-08 16:00:00,0.06850131040772567
2020-09-08 16:03:00,0.08970942828625539
2020-09-08 16:06:00,0.013342071761599072
2020-09-08 16:09:00,0.016049244801365603
2020-09-08 16:12:00,0.04089992180161062
2020-09-08 16:15:00,0.0544926309084417
2020-09-08 16:18:00,0.1054521877224488
2020-09-08 16:21:00,0.04163822133693884
2020-09-08 16:24:00,0.024291857788909965
2020-09-08 16:27:00,0.10075751610173711
2020-09-08 16:30:00,-0.05097631414770376
2020-09-08 16:33:00,0.010468638121551521
2020-09-08 16:36:00,0.017889151767690237
2020-09-08 16:39:00,-0.015039952067866125
2020-09-08 16:42:00,0.0038895525175348666
2020-09-08 16:45:00,0.00795064001084711
2020-09-08 16:48:00,-0.03632172278821599
2020-09-08 16:51:00,0.06378183197296039
2020-09-08 16:54:00,0.0124845261336759
2020-09-08 16:57:00,0.024653406619279394
2020-09-08 17:00:00,0.062191913815240696
2020-09-08 17:03:00,0.11854457894111192
2020-09-08 17:06:00,0.08523121581748683
2020-09-08 17:09:00,0.05143175456510107
2020-09-08 17:12:00,0.025071531700973537
2020-09-08 17:15:00,0.03669372633777357
2020-09-08 17:18:00,-0.013261997226550193
2020-09-08 17:21:00,0.08343066487981332
2020-09-08 17:24:00,0.043612528547214424
2020-09-08 17:27:00,0.03734893188982369
2020-09-08 17:30:00,0.04398552208141382
2020-09-08 17:33:00,0.05886712008691575
2020-09-08 17:36:00,-0.06962286264575823
2020-09-08 17:39:00,0.04126613897454945
2020-09-08 17:42:00,0.041932373704071324
2020-09-08 17:45:00,0.02769946978327198
2020-09-08 17:48:00,0.018982825726880037
2020-09-08 17:51:00,0.017049032835018352
2020-09-08 17:54:00,0.024067519799132242
2020-09-08 17:57:00,0.034222233077684905
2020-09-08 18:00:00,0.04416004943090002
2020-09-08 18:03:00,-0.009064599406997331
2020-09-08 18:06:00,0.018033788476657264
2020-09-08 18:09:00,-0.03408572384495301
2020-09-08 18:12:00,0.018212166222326687
2020-09-08 18:15:00,-0.013338253614961104
2020-09-08 18:18:00,-0.019728650263800773
2020-09-08 18:21:00,-0.010952023420429668
2020-09-08 18:24:00,0.011846620195569812
2020-09-08 18:27:00,-0.016845126590283144
2020-09-08 18:30:00,0.07856845193850859
2020-09-08 18:33:00,0.035192753126807474
2020-09-08 18:36:00,0.01266971377799564
2020-09-08 18:39:00,0.013175247685637714
2020-09-08 18:42:00,0.016535946291810433
2020-09-08 18:45:00,0.10833846379273382
2020-09-08 18:48:00,0.015102058925492656
2020-09-08 18:51:00,0.020575754341280117
2020-09-08 18:54:00,0.009596468186259699
2020-09-08 18:57:00,
2020-09-08 19:00:00,
2020-09-08 19:03:00,0.06563884788670293
2020-09-08 19:06:00,0.06634199191921653
2020-09-08 19:09:00,0.06952043642888839
2020-09-08 19:12:00,0.11825891693320045
2020-09-08 19:15:00,0.07383360251105842
2020-09-08 19:18:00,0.08916255867734435
2020-09-08 19:21:00,0.1518492636917017
2020-09-08 19:24:00,0.10489570073616505
2020-09-08 19:27:00,0.06086284099507111
2020-09-08 19:30:00,0.14450496506913169
2020-09-08 19:33:00,0.10262978737370076
2020-09-08 19:36:00,0.09471418050452485
2020-09-08 19:39:00,0.20468436977688498
2020-09-08 19:42:00,0.15953422325702604
2020-09-08 19:45:00,0.11894062526965854
2020-09-08 19:48:00,0.12663959784333656
2020-09-08 19:51:00,0.17577881482651492
2020-09-08 19:54:00,0.19055794506806478
2020-09-08 19:57:00,0.2379561785161286
2020-09-08 20:00:00,0.1688868863083144
2020-09-08 20:03:00,0.14806853723229096
2020-09-08 20:06:00,0.18617421110769783
2020-09-08 20:09:00,0.22324178562678298
2020-09-08 20:12:00,0.17970556401525073
2020-09-08 20:15:00,0.17743069748712514
2020-09-08 20:18:00,0.22815286485104025
2020-09-08 20:21:00,0.22723476350574856
2020-09-08 20:24:00,0.19631108519297413
2020-09-08 20:27:00,0.12038559407130833
2020-09-08 20:30:00,0.17749227108498644
2020-09-08 20:33:00,0.2174607202405241
2020-09-08 20:36:00,0.21261806558942453
2020-09-08 20:39:00,0.21069792172392
2020-09-08 20:42:00,0.24527291936493612
2020-09-08 20:45:00,0.22700644446939577
2020-09-08 20:48:00,0.12590548480864072
2020-09-08 20:51:00,0.2057469484677199
2020-09-08 20:54:00,0.23964556689401206
2020-09-08 20:57:00,0.22898003535681255
2020-09-08 21:00:00,0.24165118097192817
2020-09-08 21:03:00,0.21902071884898078
2020-09-08 21:06:00,0.26543411940207307
2020-09-08 21:09:00,0.25824269344809636
2020-09-08 21:12:00,0.21821947418658283
2020-09-08 21:15:00,0.25933670225469996
2020-09-08 21:18:00,0.2509347703239655
2020-09-08 21:21:00,0.291323915114333
2020-09-08 21:24:00,0.2382011909249968
2020-09-08 21:27:00,0.26055765923553054
2020-09-08 21:30:00,0.2653061075667438
2020-09-08 21:33:00,0.2660188045782661
2020-09-08 21:36:00,0.23083034949121384
2020-09-08 21:39:00,0.29735157251059263
2020-09-08 21:42:00,0.23420182418624336
2020-09-08 21:45:00,0.214264643066997
2020-09-08 21:48:00,0.2639939383563501
2020-09-08 21:51:00,0.20823474748016224
2020-09-08 21:54:00,0.20004099991120938
2020-09-08 21:57:00,0.21464032651351772
2020-09-08 22:00:00,0.26310697983245745
2020-09-08 22:03:00,0.26555233327883343
2020-09-08 22:06:00,0.2463601513528033
2020-09-08 22:09:00,0.2602147513264299
2020-09-08 22:12:00,0.29103554975318957
2020-09-08 22:15:00,0.2496394639337609
2020-09-08 22:18:00,0.2577874132277884
2020-09-08 22:21:00,0.27409390538934986
2020-09-08 22:24:00,0.3191604063754312
2020-09-08 22:27:00,0.31765951839850004
2020-09-08 22:30:00,0.30651456311863967
2020-09-08 22:33:00,0.35430395838380946
2020-09-08 22:36:00,0.356335989488457
2020-09-08 22:39:00,0.29957416354938005
2020-09-08 22:42:00,0.30525900504250103
2020-09-08 22:45:00,0.3243636172581432
2020-09-08 22:48:00,0.2920542772720296
2020-09-08 22:51:00,0.3000672920683769
2020-09-08 22:54:00,0.32186539293269334
2020-09-08 22:57:00,0.31747182046166245
2020-09-08 23:00:00,0.24913066945367746
2020-09-08 23:03:00,0.2961241339245362
2020-09-08 23:06:00,0.34558921339811377
2020-09-08 23:09:00,0.2513420644653479
2020-09-08 23:12:00,0.27365439147217785
2020-09-08 23:15:00,0.3203078734952669
2020-09-08 23:18:00,0.35631357921238305
2020-09-08 23:21:00,0.33719999593893135
2020-09-08 23:24:00,0.31519474195664543
2020-09-08 23:27:00,0.43300021893423946
2020-09-08 23:30:00,0.35292958371371697
2020-09-08 23:33:00,0.37348112146531776
2020-09-08 23:36:00,0.42343012004926095
2020-09-08 23:39:00,0.40828824949386444
2020-09-08 23:42:00,0.4352552780686665
2020-09-08 23:45:00,0.36966259778404265
2020-09-08 23:48:00,0.42316408459373633
2020-09-08 23:51:00,0.36368638279782317
2020-09-08 23:54:00,0.3105349963051367
2020-09-08 23:57:00,0.2996035331630651
2020-09-09 00:00:00,0.32307306129030167
2020-09-09 00:03:00,0.3434309601443033
2020-09-09 00:06:00,0.3306869320815622
2020-09-09 00:09:00,0.33362636089464104
2020-09-09 00:12:00,0.3036205641648735
2020-09-09 00:15:00,0.3162509221493792
2020-09-09 00:18:00,0.29895237968582933
2020-09-09 00:21:00,0.2948017721467977
2020-09-09 00:24:00,0.2969623975366744
2020-09-09 00:27:00,0.3105549563071577
2020-09-09 00:30:00,0.3362946832733087
2020-09-09 00:33:00,0.37275880881441026
2020-09-09 00:36:00,0.413781935996667
2020-09-09 00:39:00,0.3686149758307238
2020-09-09 00:42:00,0.3694538805285674
2020-09-09 00:45:00,0.33590929593947294
2020-09-09 00:48:00,0.36057527540498313
2020-09-09 00:51:00,0.34001565460602023
2020-09-09 00:54:00,0.3968568584668333
2020-09-09 00:57:00,0.35509780503610955
2020-09-09 01:00:00,0.360874827640032
2020-09-09 01:03:00,0.3492680989072596
2020-09-09 01:06:00,0.38484526954806597
2020-09-09 01:09:00,0.3789519481203456
2020-09-09 01:12:00,0.33376433366635183
2020-09-09 01:15:00,0.3855572378718648
2020-09-09 01:18:00,0.3247463453047317
2020-09-09 01:21:00,0.3745829717846618
2020-09-09 01:24:00,0.3608003797600645
2020-09-09 01:27:00,0.3566650647081815
2020-09-09 01:30:00,0.33312443919874113
2020-09-09 01:33:00,0.4331888196891782
2020-09-09 01:36:00,0.39691122441126936
2020-09-09 01:39:00,0.3928018962039914
2020-09-09 01:42:00,0.42375499307956943
2020-09-09 01:45:00,0.3997276259256637
2020-09-09 01:48:00,0.4429140393056059
2020-09-09 01:51:00,0.39801851062941296
2020-09-09 01:54:00,0.3545083318005595
2020-09-09 01:57:00,0.4519516750472121
2020-09-09 02:00:00,0.39239747586088924
2020-09-09 02:03:00,0.38461446515321995
2020-09-09 02:06:00,0.39025595013652037
2020-09-09 02:09:00,0.42585099560301387
2020-09-09 02:12:00,0.4589638243555214
2020-09-09 02:15:00,0.405974302359823
2020-09-09 02:18:00,0.38986373236218697
2020-09-09 02:21:00,0.43742228780433834
2020-09-09 02:24:00,0.5184782222826811
2020-09-09 02:27:00,0.4918973609869681
2020-09-09 02:30:00,0.4407338468873263
2020-09-09 02:33:00,0.41765823599513396
2020-09-09 02:36:00,0.4846105123151574
2020-09-09 02:39:00,0.47176527641875055
2020-09-09 02:42:00,0.4382499937755142
2020-09-09 02:45:00,0.4454771064006309
2020-09-09 02:48:00,0.4510344047077979
2020-09-09 02:51:00,0.4646737783685353
2020-09-09 02:54:00,0.4490753793276099
2020-09-09 02:57:00,0.39584671166483076
2020-09-09 03:00:00,0.4918338983698618
2020-09-09 03:03:00,0.43867345613381303
2020-09-09 03:06:00,0.4935032551636027
2020-09-09 03:09:00,0.5260351133974837
2020-09-09 03:12:00,0.4932546115516061
2020-09-09 03:15:00,0.45564292726697886
2020-09-09 03:18:00,0.46106631773272966
2020-09-09 03:21:00,0.4639510818995518
2020-09-09 03:24:00,0.46280293472705125
2020-09-09 03:27:00,0.49929118033588793
2020-09-09 03:30:00,0.4252224062477694
2020-09-09 03:33:00,0.574981868720954
2020-09-09 03:36:00,0.5031854427288067
2020-09-09 03:39:00,0.5201331286993991
2020-09-09 03:42:00,0.44900843235814136
2020-09-09 03:45:00,0.45156696366547067
2020-09-09 03:48:00,0.5154723341865406
2020-09-09 03:51:00,0.5218301835693637
2020-09-09 03:54:00,0.486743576191202
2020-09-09 03:57:00,0.46628565617663753
2020-09-09 04:00:00,0.4752727053349872
2020-09-09 04:03:00,0.49711863781789134
2020-09-09 04:06:00,0.4991224585922396
2020-09-09 04:09:00,0.5106294164482961
2020-09-09 04:12:00,0.5254699394394038
2020-09-09 04:15:00,0.5210020706585397
2020-09-09 04:18:00,0.46204589568043275
2020-09-09 04:21:00,0.491190007638977
2020-09-09 04:24:00,0.47689108757339227
2020-09-09 04:27:00,0.48187470076021555
2020-09-09 04:30:00,0.4473091189994989
2020-09-09 04:33:00,0.4813177467135574
2020-09-09 04:36:00,0.5189091216989823
2020-09-09 04:39:00,0.46873001085054966
2020-09-09 04:42:00,0.471288309719057
2020-09-09 04:45:00,0.5350242674956576
2020-09-09 04:48:00,0.39884341995434625
2020-09-09 04:51:00,0.49605143040133726
2020-09-09 04:54:00,0.49825341746742424
2020-09-09 04:57:00,0.4121391459348729
2020-09-09 05:00:00,0.5384548516240102
2020-09-09 05:03:00,0.5288862170308448
2020-09-09 05:06:00,0.5101231080734578
2020-09-09 05:09:00,0.49927920434174666
2020-09-09 05:12:00,0.5030400891723161
2020-09-09 05:15:00,0.41123182229011945
2020-09-09 05:18:00,0.4332079960854003
2020-09-09 05:21:00,0.48613095712101995
2020-09-09 05:24:00,0.44278785928736397
2020-09-09 05:27:00,0.4994776332185893
2020-09-09 05:30:00,0.5269012256919723
2020-09-09 05:33:00,0.5059050680903852
2020-09-09 05:36:00,0.5571860430835045
2020-09-09 05:39:00,0.5035328357033677
2020-09-09 05:42:00,0.5494326628787007
2020-09-09 05:45:00,0.4608887397283752
2020-09-09 05:48:00,0.4720933264563314
2020-09-09 05:51:00,0.4574533788496069
2020-09-09 05:54:00,0.511599689187733
2020-09-09 05:57:00,0.5664333613619306
2020-09-09 06:00:00,0.48418259096354177
2020-09-09 06:03:00,0.5211914030679168
2020-09-09 06:06:00,0.49467234801107907
2020-09-09 06:09:00,0.5088358169551839
2020-09-09 06:12:00,0.543789278956865
2020-09-09 06:15:00,0.5188283251445114
2020-09-09 06:18:00,0.4860401710522524
2020-09-09 06:21:00,0.4739309801966556
2020-09-09 06:24:00,0.431751841067296
2020-09-09 06:27:00,0.5131916997822827
2020-09-09 06:30:00,0.44330377156467193
2020-09-09 06:33:00,0.474404654994089
2020-09-09 06:36:00,0.5156323395667073
2020-09-09 06:39:00,0.5306035172145585
2020-09-09 06:42:00,0.5339989347581877
2020-09-09 06:45:00,0.5190658915720974
2020-09-09 06:48:00,0.5235439282142238
2020-09-09 06:51:00,0.5013396329072748
2020-09-09 06:54:00,0.5765446869619382
2020-09-09 06:57:00,0.44964978166200353
2020-09-09 07:00:00,0.4437186919433884
2020-09-09 07:03:00,0.47225566338477165
2020-09-09 07:06:00,0.44986845274888765
2020-09-09 07:09:00,0.5265350002374589
2020-09-09 07:12:00,0.5156915511098532
2020-09-09 07:15:00,0.4513041146266801
2020-09-09 07:18:00,0.4859194599932266
2020-09-09 07:21:00,0.41851824228905343
2020-09-09 07:24:00,0.4296590817448873
2020-09-09 07:27:00,0.45228981284509473
2020-09-09 07:30:00,0.40181059306195266
2020-09-09 07:33:00,0.4097922513341814
2020-09-09 07:36:00,0.3684419818383162
2020-09-09 07:39:00,0.41418862505491916
2020-09-09 07:42:00,0.4784601498985239
2020-09-09 07:45:00,0.3381452632852415
2020-09-09 07:48:00,0.3735130149477186
2020-09-09 07:51:00,0.4009326832197644
2020-09-09 07:54:00,0.33893335533537083
2020-09-09 07:57:00,0.3029460618762414
2020-09-09 08:00:00,0.28546839878885066
2020-09-09 08:03:00,0.38903011786680963
2020-09-09 08:06:00,0.3049730996398239
2020-09-09 08:09:00,0.31294790949363005
2020-09-09 08:12:00,0.28836772451967363
2020-09-09 08:15:00,0.27904182078998474
2020-09-09 08:18:00,0.2611800475248174
2020-09-09 08:21:00,0.26955435904045544
2020-09-09 08:24:00,0.2382189799571961
2020-09-09 08:27:00,0.25876779423805374
2020-09-09 08:30:00,0.19726027181053496
2020-09-09 08:33:00,0.16164740377763565
2020-09-09 08:36:00,0.16735446154331157
2020-09-09 08:39:00,0.21328048378973108
2020-09-09 08:42:00,0.13722414469583555
2020-09-09 08:45:00,0.13060980388769394
2020-09-09 08:48:00,0.13804694473583368
2020-09-09 08:51:00,0.09628078174949906
2020-09-09 08:54:00,0.14416812569317017
2020-09-09 08:57:00,0.04458516002057422
2020-09-09 09:00:00,-0.005152307053947425
2020-09-09 09:03:00,0.008954249118858115
2020-09-09 09:06:00,-0.004573323967974829
2020-09-09 09:09:00,-0.03544343346106871
2020-09-09 09:12:00,-0.003900775181307381
2020-09-09 09:15:00,0.01528567048643481
2020-09-09 09:18:00,-0.09922437610754287
2020-09-09 09:21:00,-0.02599658943211125
2020-09-09 09:24:00,0.03860021617475695
2020-09-09 09:27:00,0.03527716003651449
2020-09-09 09:30:00,0.006020921267122503
2020-09-09 09:33:00,-0.044283226794163966
2020-09-09 09:36:00,0.007203764667735868
2020-09-09 09:39:00,-0.04000079605037854
2020-09-09 09:42:00,-0.04453119575811115
2020-09-09 09:45:00,-0.02189260697531381
2020-09-09 09:48:00,-0.025038914413187285
2020-09-09 09:51:00,-0.01672348173070759
2020-09-09 09:54:00,-0.022252614661113057
2020-09-09 09:57:00,-0.03227160401252149
2020-09-09 10:00:00,-0.12084679841728985
2020-09-09 10:03:00,-0.05273507896077945
2020-09-09 10:06:00,-0.04868008745762609
2020-09-09 10:09:00,-0.050819420854452346
2020-09-09 10:12:00,-0.08050199409126435
2020-09-09 10:15:00,-0.11547597828939615
2020-09-09 10:18:00,-0.07813295022464217
2020-09-09 10:21:00,-0.11795125861254974
2020-09-09 10:24:00,-0.1356313947606509
2020-09-09 10:27:00,-0.021959450966278382
2020-09-09 10:30:00,-0.07034716353240356
2020-09-09 10:33:00,-0.11435713886550047
2020-09-09 10:36:00,-0.09428829522687465
2020-09-09 10:39:00,-0.10135397198195051
2020-09-09 10:42:00,-0.10972707974588047
2020-09-09 10:45:00,-0.13822244561856678
2020-09-09 10:48:00,-0.11281457127279282
2020-09-09 10:51:00,-0.15123831561089673
2020-09-09 10:54:00,-0.16060991404930292
2020-09-09 10:57:00,-0.17688402845271867
2020-09-09 11:00:00,-0.11825902185080395
2020-09-09 11:03:00,-0.22657014125036312
2020-09-09 11:06:00,-0.15994725563706425
2020-09-09 11:09:00,-0.16772997571325732
2020-09-09 11:12:00,-0.1465123400116113
2020-09-09 11:15:00,-0.24926701578738175
2020-09-09 11:18:00,-0.11404348581572776
2020-09-09 11:21:00,-0.1119322643970122
2020-09-09 11:24:00,-0.2438616123432098
2020-09-09 11:27:00,-0.16807659402252284
2020-09-09 11:30:00,-0.19751840051378622
2020-09-09 11:33:00,-0.18562209279662056
2020-09-09 11:36:00,-0.1998000977213792
2020-09-09 11:39:00,-0.2481766568699868
2020-09-09 11:42:00,-0.17669728795516448
2020-09-09 11:45:00,-0.15508677709283347
2020-09-09 11:48:00,0.12207293992770474
2020-09-09 11:51:00,0.10503626669594723
2020-09-09 11:54:00,0.22603413233701986
2020-09-09 11:57:00,0.24555245398488523
2020-09-09 12:00:00,0.22743628999995735
2020-09-09 12:03:00,-0.053023607874763456
2020-09-09 12:06:00,-0.1748466724372406
2020-09-09 12:09:00,-0.11894543666511481
2020-09-09 12:12:00,-0.11881570653690687
2020-09-09 12:15:00,-0.06290183260972526
2020-09-09 12:18:00,-0.13728241469164004
2020-09-09 12:21:00,-0.21680315024025276
2020-09-09 12:24:00,-0.18777217842529126
2020-09-09 12:27:00,-0.14792391852711262
2020-09-09 12:30:00,-0.19524421083951893
2020-09-09 12:33:00,-0.14663048397164857
2020-09-09 12:36:00,-0.20247969434763036
2020-09-09 12:39:00,-0.11943608836884323
2020-09-09 12:42:00,-0.1639192165501413
2020-09-09 12:45:00,-0.09138514124725816
2020-09-09 12:48:00,-0.1073457024880895
2020-09-09 12:51:00,0.03207743255876494
2020-09-09 12:54:00,-0.03999385221186458
2020-09-09 12:57:00,-0.01631348680115252
2020-09-09 13:00:00,-0.10300466120901319
2020-09-09 13:03:00,-0.013223245217318436
2020-09-09 13:06:00,-0.05307468014393635
2020-09-09 13:09:00,0.01715174010132614
2020-09-09 13:12:00,0.013206166488885174
2020-09-09 13:15:00,0.07509481486607683
2020-09-09 13:18:00,0.05344038465761969
2020-09-09 13:21:00,-0.01124803495457627
2020-09-09 13:24:00,0.04105984383232908
2020-09-09 13:27:00,0.008589183933963795
2020-09-09 13:30:00,-0.040804022276176966
2020-09-09 13:33:00,0.006145503875359282
2020-09-09 13:36:00,-0.021976777342956666
2020-09-09 13:39:00,-0.010829851026699089
2020-09-09 13:42:00,0.06546462264827824
2020-09-09 13:45:00,0.007570039909296611
2020-09-09 13:48:00,0.053303311906290674
2020-09-09 13:51:00,0.02661635606938262
2020-09-09 13:54:00,0.17307531946534027
2020-09-09 13:57:00,0.2838144534021012
2020-09-09 14:00:00,0.12151441433275068
2020-09-09 14:03:00,0.21361626341195006
2020-09-09 14:06:00,0.12231809550155504
2020-09-09 14:09:00,0.10015329158409259
2020-09-09 14:12:00,0.06539114479255659
2020-09-09 14:15:00,-0.02795939346947307
2020-09-09 14:18:00,-0.15088050406598086
2020-09-09 14:21:00,-0.09967419206708428
2020-09-09 14:24:00,-0.14733917013222708
2020-09-09 14:27:00,-0.09893906948315134
2020-09-09 14:30:00,-0.07112694582741597
2020-09-09 14:33:00,0.03849018748502431
2020-09-09 14:36:00,0.0072904452981674694
2020-09-09 14:39:00,-0.02550448468122113
2020-09-09 14:42:00,0.03841945176037598
2020-09-09 14:45:00,-0.07355255709887842
2020-09-09 14:48:00,-0.19998150362215483
2020-09-09 14:51:00,-0.2776876539920181
2020-09-09 14:54:00,-0.30106614538567555
2020-09-09 14:57:00,-0.12756381578583387
2020-09-09 15:00:00,-0.1741208304389943
2020-09-09 15:03:00,-0.1685561193206695
2020-09-09 15:06:00,-0.07867261442567042
2020-09-09 15:09:00,-0.18008946129981496
2020-09-09 15:12:00,-0.1560332237073112
2020-09-09 15:15:00,-0.21011199142139958
2020-09-09 15:18:00,-0.15737004803872878
2020-09-09 15:21:00,-0.06489900179684582
2020-09-09 15:24:00,-0.02919319201896542
2020-09-09 15:27:00,0.03491263632685104
2020-09-09 15:30:00,-0.027263527244940633
2020-09-09 15:33:00,-0.11124717395165362
2020-09-09 15:36:00,-0.027276883588911005
2020-09-09 15:39:00,-0.05535327215517327
2020-09-09 15:42:00,0.032054467806119646
2020-09-09 15:45:00,0.15084856868907082
2020-09-09 15:48:00,0.38070811765186363
2020-09-09 15:51:00,0.27773420598566645
2020-09-09 15:54:00,-0.08494067351682588
2020-09-09 15:57:00,-0.039573095902483146
2020-09-09 16:00:00,-0.039413764643768445
2020-09-09 16:03:00,-0.0009254591613512275
2020-09-09 16:06:00,0.08887116173133336
2020-09-09 16:09:00,0.1546931479495015
2020-09-09 16:12:00,0.3051759095154125
2020-09-09 16:15:00,0.2182943414071019
2020-09-09 16:18:00,0.31307478069396666
2020-09-09 16:21:00,0.24941720488737928
2020-09-09 16:24:00,0.2954092539355315
2020-09-09 16:27:00,0.3672350642331139
2020-09-09 16:30:00,0.5193410351191687
2020-09-09 16:33:00,0.5278403020320184
2020-09-09 16:36:00,0.4489161250700704
2020-09-09 16:39:00,0.3914196314281071
2020-09-09 16:42:00,0.28457594205718806
2020-09-09 16:45:00,0.2545089927265849
2020-09-09 16:48:00,0.2935401357025853
2020-09-09 16:51:00,0.21401646767543525
2020-09-09 16:54:00,0.13513489262101075
2020-09-09 16:57:00,0.0798970366361118
2020-09-09 17:00:00,0.06915339886029415
2020-09-09 17:03:00,0.0841712815961273
2020-09-09 17:06:00,0.028007023651355212
2020-09-09 17:09:00,-0.007090100415325651
2020-09-09 17:12:00,0.04296506527208521
2020-09-09 17:15:00,-0.015507713687156865
2020-09-09 17:18:00,0.05735876746547319
2020-09-09 17:21:00,0.0018598042648250157
2020-09-09 17:24:00,0.06798690080347569
2020-09-09 17:27:00,0.1009786707817284
2020-09-09 17:30:00,0.05099880762469411
2020-09-09 17:33:00,0.11680045851903742
2020-09-09 17:36:00,0.013102548772735645
2020-09-09 17:39:00,0.08525889294213584
2020-09-09 17:42:00,0.08094649078543625
2020-09-09 17:45:00,0.11102799564787347
2020-09-09 17:48:00,0.10578744963959252
2020-09-09 17:51:00,0.08241692464110884
2020-09-09 17:54:00,0.08588439924426439
2020-09-09 17:57:00,0.056076894828834156
2020-09-09 18:00:00,0.06835331274425016
2020-09-09 18:03:00,0.09145587693262769
2020-09-09 18:06:00,0.03747650036393679
2020-09-09 18:09:00,0.0562860015897968
2020-09-09 18:12:00,0.09247073408130291
2020-09-09 18:15:00,0.004033380258647412
2020-09-09 18:18:00,0.05765524376539588
2020-09-09 18:21:00,0.06562249078757532
2020-09-09 18:24:00,0.09971002407297647
2020-09-09 18:27:00,0.040683361654373584
2020-09-09 18:30:00,0.047129365155001324
2020-09-09 18:33:00,0.1290005062640489
2020-09-09 18:36:00,0.09987480303072971
2020-09-09 18:39:00,0.14112225741882867
2020-09-09 18:42:00,0.13819335729925797
2020-09-09 18:45:00,0.1567105378437077
2020-09-09 18:48:00,0.19549776868763047
2020-09-09 18:51:00,0.17317578654046883
2020-09-09 18:54:00,0.17119923078195143
2020-09-09 18:57:00,
2020-09-09 19:00:00,
2020-09-09 19:03:00,0.1542854239185658
2020-09-09 19:06:00,0.1508891398481751
2020-09-09 19:09:00,0.2065934375319216
2020-09-09 19:12:00,0.20252992424315153
2020-09-09 19:15:00,0.13612745038454932
2020-09-09 19:18:00,0.17542273521456764
2020-09-09 19:21:00,0.11394111164639753
2020-09-09 19:24:00,0.2028741540097485
2020-09-09 19:27:00,0.16955404699348264
2020-09-09 19:30:00,0.2194853228272109
2020-09-09 19:33:00,0.20285783079310704
2020-09-09 19:36:00,0.2199972965384518
2020-09-09 19:39:00,0.24006701757377868
2020-09-09 19:42:00,0.13178019664206886
2020-09-09 19:45:00,0.19236045065889584
2020-09-09 19:48:00,0.23522512229516224
2020-09-09 19:51:00,0.19140645422987745
2020-09-09 19:54:00,0.15109889974525004
2020-09-09 19:57:00,0.21412186354456253
2020-09-09 20:00:00,0.17378248913991
2020-09-09 20:03:00,0.1800877030403285
2020-09-09 20:06:00,0.1442621187558757
2020-09-09 20:09:00,0.16987323966816348
2020-09-09 20:12:00,0.21559524748607828
2020-09-09 20:15:00,0.23987725698395934
2020-09-09 20:18:00,0.2978083749279108
2020-09-09 20:21:00,0.30379967457565726
2020-09-09 20:24:00,0.20861437741126565
2020-09-09 20:27:00,0.16429617272376618
2020-09-09 20:30:00,0.1440200614689502
2020-09-09 20:33:00,0.20260004831436618
2020-09-09 20:36:00,0.22383313137652294
2020-09-09 20:39:00,0.17824623164904096
2020-09-09 20:42:00,0.1648969580973585
2020-09-09 20:45:00,0.20239160868248973
2020-09-09 20:48:00,0.20747211027492085
2020-09-09 20:51:00,0.20654049915083306
2020-09-09 20:54:00,0.2134885979203318
2020-09-09 20:57:00,0.21301325886099676
2020-09-09 21:00:00,0.2389371569700529
2020-09-09 21:03:00,0.20794729516808275
2020-09-09 21:06:00,0.20141551714874595
2020-09-09 21:09:00,0.2630550267637659
2020-09-09 21:12:00,0.25426174999279283
2020-09-09 21:15:00,0.1991679265409516
2020-09-09 21:18:00,0.23013487384719156
2020-09-09 21:21:00,0.2155066463326989
2020-09-09 21:24:00,0.2990226743787048
2020-09-09 21:27:00,0.3050566432490882
2020-09-09 21:30:00,0.3223535704727283
2020-09-09 21:33:00,0.28392718254553984
2020-09-09 21:36:00,0.31857016002510363
2020-09-09 21:39:00,0.33332033610560075
2020-09-09 21:42:00,0.27313815123056884
2020-09-09 21:45:00,0.3411110130478505
2020-09-09 21:48:00,0.3862529647196311
2020-09-09 21:51:00,0.25003235686517655
2020-09-09 21:54:00,0.28415134418753496
2020-09-09 21:57:00,0.22497823154174057
2020-09-09 22:00:00,0.2936519669369204
2020-09-09 22:03:00,0.3098699890384182
2020-09-09 22:06:00,0.32803021653273845
2020-09-09 22:09:00,0.38683855336711304
2020-09-09 22:12:00,0.37811017004474934
2020-09-09 22:15:00,0.3651796835455343
2020-09-09 22:18:00,0.4250168399923382
2020-09-09 22:21:00,0.3847839677006277
2020-09-09 22:24:00,0.40365667596813637
2020-09-09 22:27:00,0.5590256261256741
2020-09-09 22:30:00,0.47169230013736296
2020-09-09 22:33:00,0.4673669019318254
2020-09-09 22:36:00,0.43846267180066434
2020-09-09 22:39:00,0.3262962024073772
2020-09-09 22:42:00,0.26951006860537063
2020-09-09 22:45:00,0.24421850292799263
2020-09-09 22:48:00,0.2363692438423186
2020-09-09 22:51:00,0.2488253497108417
2020-09-09 22:54:00,0.3253468864248248
2020-09-09 22:57:00,0.2673698823949735
2020-09-09 23:00:00,0.25676897272370525
2020-09-09 23:03:00,0.30137641117238445
2020-09-09 23:06:00,0.23563617396285963
2020-09-09 23:09:00,0.36460008322086424
2020-09-09 23:12:00,0.31443739240961577
2020-09-09 23:15:00,0.2528065014438994
2020-09-09 23:18:00,0.21943542614229727
2020-09-09 23:21:00,0.27347827446237716
2020-09-09 23:24:00,0.2978285555826119
2020-09-09 23:27:00,0.2377403668099305
2020-09-09 23:30:00,0.16551711243499767
2020-09-09 23:33:00,0.2597323821821078
2020-09-09 23:36:00,0.2475034873571076
2020-09-09 23:39:00,0.2895440806994998
2020-09-09 23:42:00,0.24644616145826603
2020-09-09 23:45:00,0.3041356318444741
2020-09-09 23:48:00,0.2893043310262442
2020-09-09 23:51:00,0.2670219689768487
2020-09-09 23:54:00,0.2832216665672149
2020-09-09 23:57:00,0.32181082331862854
2020-09-10 00:00:00,0.2753418282232474
2020-09-10 00:03:00,0.2659196156646999
2020-09-10 00:06:00,0.26355849356212957
2020-09-10 00:09:00,0.24162956176502348
2020-09-10 00:12:00,0.25333935028317
2020-09-10 00:15:00,0.23644080268297785
2020-09-10 00:18:00,0.2262672611599328
2020-09-10 00:21:00,0.20272854443834376
2020-09-10 00:24:00,0.2747412861620546
2020-09-10 00:27:00,0.2450456422592424
2020-09-10 00:30:00,0.3525398586653523
2020-09-10 00:33:00,0.3114332234657695
2020-09-10 00:36:00,0.21859694801986507
2020-09-10 00:39:00,0.3127133227135346
2020-09-10 00:42:00,0.24047625076661916
2020-09-10 00:45:00,0.20906103212888638
2020-09-10 00:48:00,0.26514890758068077
2020-09-10 00:51:00,0.31658778309986246
2020-09-10 00:54:00,0.2192105774614106
2020-09-10 00:57:00,0.31310764208723185
2020-09-10 01:00:00,0.2996183392892249
2020-09-10 01:03:00,0.30474031280607505
2020-09-10 01:06:00,0.2943696578481081
2020-09-10 01:09:00,0.3208691129086674
2020-09-10 01:12:00,0.33258511879915886
2020-09-10 01:15:00,0.3893114264659516
2020-09-10 01:18:00,0.4364821167138757
2020-09-10 01:21:00,0.5196852235930578
2020-09-10 01:24:00,0.5910601236782895
2020-09-10 01:27:00,0.5279372667432085
2020-09-10 01:30:00,0.39564632762579777
2020-09-10 01:33:00,0.3172849874081862
2020-09-10 01:36:00,0.2384496532938556
2020-09-10 01:39:00,0.2801824639985284
2020-09-10 01:42:00,0.3333854717232043
2020-09-10 01:45:00,0.3268531617408712
2020-09-10 01:48:00,0.31822687556331175
2020-09-10 01:51:00,0.2719450441941831
2020-09-10 01:54:00,0.35012380509351715
2020-09-10 01:57:00,0.40196349704638124
2020-09-10 02:00:00,0.5795387752303895
2020-09-10 02:03:00,0.533788023019838
2020-09-10 02:06:00,0.6396905607515464
2020-09-10 02:09:00,0.5106058820683756
2020-09-10 02:12:00,0.3811103826146791
2020-09-10 02:15:00,0.3367946979221301
2020-09-10 02:18:00,0.3494241040471593
2020-09-10 02:21:00,0.3474440580432656
2020-09-10 02:24:00,0.3627415048517264
2020-09-10 02:27:00,0.3699193457480874
2020-09-10 02:30:00,0.39275736297781805
2020-09-10 02:33:00,0.4373201032312295
2020-09-10 02:36:00,0.5116407710627868
2020-09-10 02:39:00,0.46731417804875264
2020-09-10 02:42:00,0.4976078824455499
2020-09-10 02:45:00,0.48447665232197323
2020-09-10 02:48:00,0.4640964873889857
2020-09-10 02:51:00,0.5072782806786904
2020-09-10 02:54:00,0.5016110418208655
2020-09-10 02:57:00,0.5352638352372878
2020-09-10 03:00:00,0.5007604936396319
2020-09-10 03:03:00,0.49026394886050184
2020-09-10 03:06:00,0.45748313288231657
2020-09-10 03:09:00,0.4744582640201429
2020-09-10 03:12:00,0.42420260221052786
2020-09-10 03:15:00,0.5107430183246606
2020-09-10 03:18:00,0.5970249677757238
2020-09-10 03:21:00,0.648460608484072
2020-09-10 03:24:00,0.6902070356159697
2020-09-10 03:27:00,0.6938806736877723
2020-09-10 03:30:00,0.6746526195289562
2020-09-10 03:33:00,0.6652101699380637
2020-09-10 03:36:00,0.5936701138126068
2020-09-10 03:39:00,0.6434705681282367
2020-09-10 03:42:00,0.6311641571161886
2020-09-10 03:45:00,0.6270177563158086
2020-09-10 03:48:00,0.5745440630835219
2020-09-10 03:51:00,0.6148651491597548
2020-09-10 03:54:00,0.6215772245777202
2020-09-10 03:57:00,0.5905844233234347
2020-09-10 04:00:00,0.6052802094032472
2020-09-10 04:03:00,0.6002951735302986
2020-09-10 04:06:00,0.6631035570979975
2020-09-10 04:09:00,0.5733365223409237
2020-09-10 04:12:00,0.6250348401217138
2020-09-10 04:15:00,0.5511016229763754
2020-09-10 04:18:00,0.6443677983743328
2020-09-10 04:21:00,0.5915896017967839
2020-09-10 04:24:00,0.6123865380171196
2020-09-10 04:27:00,0.5935005659796957
2020-09-10 04:30:00,0.5285806014953209
2020-09-10 04:33:00,0.5525692990694893
2020-09-10 04:36:00,0.5160729226424792
2020-09-10 04:39:00,0.4659304723487594
2020-09-10 04:42:00,0.48478570572643775
2020-09-10 04:45:00,0.45787482975185867
2020-09-10 04:48:00,0.4541091170979712
2020-09-10 04:51:00,0.476297552456856
2020-09-10 04:54:00,0.4849027199401803
2020-09-10 04:57:00,0.5421325150017537
2020-09-10 05:00:00,0.4561318722389842
2020-09-10 05:03:00,0.5131692150098957
2020-09-10 05:06:00,0.5460712880921506
2020-09-10 05:09:00,0.4596264660933116
2020-09-10 05:12:00,0.4638612925598977
2020-09-10 05:15:00,0.4652479698828529
2020-09-10 05:18:00,0.49569624213012276
2020-09-10 05:21:00,0.39805201744991336
2020-09-10 05:24:00,0.3350092092951513
2020-09-10 05:27:00,0.32566224536554955
2020-09-10 05:30:00,0.4422480115529197
2020-09-10 05:33:00,0.3696570280284277
2020-09-10 05:36:00,0.3370124905148373
2020-09-10 05:39:00,0.36918706209155516
2020-09-10 05:42:00,0.3253176432797886
2020-09-10 05:45:00,0.290504481638834
2020-09-10 05:48:00,0.38117589073368663
2020-09-10 05:51:00,0.35132257785301135
2020-09-10 05:54:00,0.3938025715573872
2020-09-10 05:57:00,0.35132928228233595
2020-09-10 06:00:00,0.36408334396975306
2020-09-10 06:03:00,0.3358473397453281
2020-09-10 06:06:00,0.31619345699596124
2020-09-10 06:09:00,0.2844129683538199
2020-09-10 06:12:00,0.28776686207021385
2020-09-10 06:15:00,0.293617774607867
2020-09-10 06:18:00,0.33494545021068234
2020-09-10 06:21:00,0.24502132734977522
2020-09-10 06:24:00,0.2170981791085751
2020-09-10 06:27:00,0.2055476942085761
2020-09-10 06:30:00,0.27334891075662426
2020-09-10 06:33:00,0.35746468829290734
2020-09-10 06:36:00,0.39514824074501576
2020-09-10 06:39:00,0.4360575330362053
2020-09-10 06:42:00,0.38087573646043893
2020-09-10 06:45:00,0.4224602881613464
2020-09-10 06:48:00,0.4063619679500903
2020-09-10 06:51:00,0.3870314689099814
2020-09-10 06:54:00,0.4873510845706619
2020-09-10 06:57:00,0.4795079963213311
2020-09-10 07:00:00,0.5287019246213163
2020-09-10 07:03:00,0.4547203973573346
2020-09-10 07:06:00,0.440847264082322
2020-09-10 07:09:00,0.42326645275846886
2020-09-10 07:12:00,0.42340129689875994
2020-09-10 07:15:00,0.45546341226270215
2020-09-10 07:18:00,0.3766286124285898
2020-09-10 07:21:00,0.3773067516794413
2020-09-10 07:24:00,0.33396133357013014
2020-09-10 07:27:00,0.3923610178446779
2020-09-10 07:30:00,0.4068103883546428
2020-09-10 07:33:00,0.32689150352098295
2020-09-10 07:36:00,0.3712122491464811
2020-09-10 07:39:00,0.3588565100591268
2020-09-10 07:42:00,0.3467734917442158
2020-09-10 07:45:00,0.3606055489148048
2020-09-10 07:48:00,0.3994006783840405
2020-09-10 07:51:00,0.4901026279784446
2020-09-10 07:54:00,0.4900846562017023
2020-09-10 07:57:00,0.507389326573616
2020-09-10 08:00:00,0.5685228249301986
2020-09-10 08:03:00,0.4999062130625589
2020-09-10 08:06:00,0.4708185841993213
2020-09-10 08:09:00,0.4895752299399305
2020-09-10 08:12:00,0.48457933105299844
2020-09-10 08:15:00,0.46222164986130565
2020-09-10 08:18:00,0.4829157315427324
2020-09-10 08:21:00,0.48833560692986566
2020-09-10 08:24:00,0.4201775063311288
2020-09-10 08:27:00,0.4693004731024075
2020-09-10 08:30:00,0.5205183705540435
2020-09-10 08:33:00,0.4804630898556752
2020-09-10 08:36:00,0.5429346413250755
2020-09-10 08:39:00,0.44732091439823307
2020-09-10 08:42:00,0.3818351362534713
2020-09-10 08:45:00,0.37973023675294826
2020-09-10 08:48:00,0.4803199896410888
2020-09-10 08:51:00,0.42966625966079164
2020-09-10 08:54:00,0.4223104659464525
2020-09-10 08:57:00,0.39168663873812193
2020-09-10 09:00:00,0.37518817488154355
2020-09-10 09:03:00,0.3790931874464718
2020-09-10 09:06:00,0.39846791073659915
2020-09-10 09:09:00,0.34582611564263743
2020-09-10 09:12:00,0.34446959243456376
2020-09-10 09:15:00,0.3292682282045689
2020-09-10 09:18:00,0.32534986243376807
2020-09-10 09:21:00,0.3309470719841556
2020-09-10 09:24:00,0.2904265749232309
2020-09-10 09:27:00,0.344300798264328
2020-09-10 09:30:00,0.31139530756007616
2020-09-10 09:33:00,0.2208142860785074
2020-09-10 09:36:00,0.2601346814386716
2020-09-10 09:39:00,0.24046553156193795
2020-09-10 09:42:00,0.20726941995252446
2020-09-10 09:45:00,0.2250990026637396
2020-09-10 09:48:00,0.20919126938656518
2020-09-10 09:51:00,0.18857531878643385
2020-09-10 09:54:00,0.15879936586463828
2020-09-10 09:57:00,0.12400199239891663
2020-09-10 10:00:00,0.21541113069491757
2020-09-10 10:03:00,0.22647199297784937
2020-09-10 10:06:00,0.20386811897293455
2020-09-10 10:09:00,0.17721409522897602
2020-09-10 10:12:00,0.19040228767528333
2020-09-10 10:15:00,0.18462266008549477
2020-09-10 10:18:00,0.1474446971423049
2020-09-10 10:21:00,0.10135984822153432
2020-09-10 10:24:00,0.12162987559310068
2020-09-10 10:27:00,0.10793381801425994
2020-09-10 10:30:00,0.13565199065794786
2020-09-10 10:33:00,0.18835285714135352
2020-09-10 10:36:00,0.07657559472505682
2020-09-10 10:39:00,0.0754757313853247
2020-09-10 10:42:00,0.08572523655459463
2020-09-10 10:45:00,0.020420620060349393
2020-09-10 10:48:00,0.1040085259947432
2020-09-10 10:51:00,0.0390149486709106
2020-09-10 10:54:00,0.019992561387880414
2020-09-10 10:57:00,0.02887360655734028
2020-09-10 11:00:00,-0.03272916015305327
2020-09-10 11:03:00,-0.022531400000445956
2020-09-10 11:06:00,-0.0651834448354407
2020-09-10 11:09:00,-0.05092890599161137
2020-09-10 11:12:00,-0.09564844215475432
2020-09-10 11:15:00,-0.040148152885990385
2020-09-10 11:18:00,-0.17886614709522064
2020-09-10 11:21:00,-0.14895789648812752
2020-09-10 11:24:00,-0.18645898129130956
2020-09-10 11:27:00,-0.1536083064482341
2020-09-10 11:30:00,-0.11199206206310919
2020-09-10 11:33:00,-0.07940359418131493
2020-09-10 11:36:00,-0.10500023864540253
2020-09-10 11:39:00,-0.13288721165798734
2020-09-10 11:42:00,-0.1593851357468452
2020-09-10 11:45:00,-0.14610495178948213
2020-09-10 11:48:00,0.2677443684543164
2020-09-10 11:51:00,0.3313581002839783
2020-09-10 11:54:00,0.3849025918997313
2020-09-10 11:57:00,0.3740967675873321
2020-09-10 12:00:00,-0.1077388367419303
2020-09-10 12:03:00,-0.1611794528956807
2020-09-10 12:06:00,-0.1936033678438207
2020-09-10 12:09:00,-0.1961171084942066
2020-09-10 12:12:00,-0.256298874361903
2020-09-10 12:15:00,-0.1895936896592616
2020-09-10 12:18:00,-0.22370238380239016
2020-09-10 12:21:00,-0.2138943704962344
2020-09-10 12:24:00,-0.239686271358039
2020-09-10 12:27:00,-0.3024188793137341
2020-09-10 12:30:00,-0.31978680140247207
2020-09-10 12:33:00,-0.3013264403314224
2020-09-10 12:36:00,-0.25604599381324533
2020-09-10 12:39:00,-0.2815494076128289
2020-09-10 12:42:00,-0.3126073734355259
2020-09-10 12:45:00,-0.2911924615070234
2020-09-10 12:48:00,-0.2693801800220399
2020-09-10 12:51:00,-0.27779504977394254
2020-09-10 12:54:00,-0.28146424392980407
2020-09-10 12:57:00,-0.254414372113672
2020-09-10 13:00:00,-0.31439879190821785
2020-09-10 13:03:00,-0.3816557797235305
2020-09-10 13:06:00,-0.3012180168305463
2020-09-10 13:09:00,-0.2850294776351916
2020-09-10 13:12:00,-0.3259574045539466
2020-09-10 13:15:00,-0.348336460115263
2020-09-10 13:18:00,-0.3774655979993895
2020-09-10 13:21:00,-0.3816000421176682
2020-09-10 13:24:00,-0.3767798427574576
2020-09-10 13:27:00,-0.38824065106314265
2020-09-10 13:30:00,-0.3702806728006749
2020-09-10 13:33:00,-0.3321610152705716
2020-09-10 13:36:00,-0.41708040213239883
2020-09-10 13:39:00,-0.3589434344362985
2020-09-10 13:42:00,-0.4169474109406224
2020-09-10 13:45:00,-0.40070751503503743
2020-09-10 13:48:00,-0.34068983030198297
2020-09-10 13:51:00,-0.4291636399173626
2020-09-10 13:54:00,-0.35937195375566944
2020-09-10 13:57:00,-0.3925712622669266
2020-09-10 14:00:00,-0.4164254993497707
2020-09-10 14:03:00,-0.49151253419023533
2020-09-10 14:06:00,-0.42171754124228755
2020-09-10 14:09:00,-0.41800980107780106
2020-09-10 14:12:00,-0.4109361348385505
2020-09-10 14:15:00,-0.35973687678324495
2020-09-10 14:18:00,-0.41297441764351106
2020-09-10 14:21:00,-0.3969595940531008
2020-09-10 14:24:00,-0.4251425379507623
2020-09-10 14:27:00,-0.4015057413288332
2020-09-10 14:30:00,-0.3982700329372051
2020-09-10 14:33:00,-0.4157408447671287
2020-09-10 14:36:00,-0.46699257155609075
2020-09-10 14:39:00,-0.4603343561999509
2020-09-10 14:42:00,-0.3980679076202023
2020-09-10 14:45:00,-0.42747435613932794
2020-09-10 14:48:00,-0.4429800315136845
2020-09-10 14:51:00,-0.48111516630501683
2020-09-10 14:54:00,-0.4468928179515501
2020-09-10 14:57:00,-0.3882368142552082
2020-09-10 15:00:00,-0.40206323531128874
2020-09-10 15:03:00,-0.4572930661943815
2020-09-10 15:06:00,-0.34584484531308135
2020-09-10 15:09:00,-0.32403438869175716
2020-09-10 15:12:00,-0.240703341293397
2020-09-10 15:15:00,-0.18258833743482228
2020-09-10 15:18:00,-0.2497766806754953
2020-09-10 15:21:00,-0.3592051045063158
2020-09-10 15:24:00,-0.3613208567447259
2020-09-10 15:27:00,-0.3606335699979013
2020-09-10 15:30:00,-0.44687636839154266
2020-09-10 15:33:00,-0.42853057119208415
2020-09-10 15:36:00,-0.36472486084358025
2020-09-10 15:39:00,-0.3962090909577114
2020-09-10 15:42:00,-0.43251840893537974
2020-09-10 15:45:00,-0.4240152216788715
2020-09-10 15:48:00,-0.34871124933391684
2020-09-10 15:51:00,-0.3274520022785623
2020-09-10 15:54:00,-0.3467855328048586
2020-09-10 15:57:00,-0.30926011604225323
2020-09-10 16:00:00,-0.3528868234846527
2020-09-10 16:03:00,-0.3737918948919514
2020-09-10 16:06:00,-0.3388215888760442
2020-09-10 16:09:00,-0.35332034828678616
2020-09-10 16:12:00,-0.37830116921611534
2020-09-10 16:15:00,-0.3107583020471907
2020-09-10 16:18:00,-0.36430098235297237
2020-09-10 16:21:00,-0.34620326829508485
2020-09-10 16:24:00,-0.36661163494972016
2020-09-10 16:27:00,-0.41390763567659405
2020-09-10 16:30:00,-0.37431870275770507
2020-09-10 16:33:00,-0.3231648720842486
2020-09-10 16:36:00,-0.3583159917419607
2020-09-10 16:39:00,-0.36633543819522174
2020-09-10 16:42:00,-0.368171565882335
2020-09-10 16:45:00,-0.41677839024907826
2020-09-10 16:48:00,-0.4201670631155707
2020-09-10 16:51:00,-0.3963562545535524
2020-09-10 16:54:00,-0.36358316565343785
2020-09-10 16:57:00,-0.3508371398942245
2020-09-10 17:00:00,-0.35338905704441004
2020-09-10 17:03:00,-0.3479108664578803
2020-09-10 17:06:00,-0.27094273015183035
2020-09-10 17:09:00,-0.33735167954932876
2020-09-10 17:12:00,-0.35030171650385
2020-09-10 17:15:00,-0.2808294007633094
2020-09-10 17:18:00,-0.30000095461662113
2020-09-10 17:21:00,-0.2585387880938015
2020-09-10 17:24:00,-0.30647116280948694
2020-09-10 17:27:00,-0.19546979741937776
2020-09-10 17:30:00,-0.2553808589751725
2020-09-10 17:33:00,-0.2641620720918354
2020-09-10 17:36:00,-0.28526828160693185
2020-09-10 17:39:00,-0.21474818569669196
2020-09-10 17:42:00,-0.20965371166954583
2020-09-10 17:45:00,-0.1933274923366639
2020-09-10 17:48:00,-0.2700721968558355
2020-09-10 17:51:00,-0.2260640812016277
2020-09-10 17:54:00,-0.20995747403333098
2020-09-10 17:57:00,-0.19333523048049983
2020-09-10 18:00:00,-0.1837712162329126
2020-09-10 18:03:00,-0.23152961395800276
2020-09-10 18:06:00,-0.10414227136448062
2020-09-10 18:09:00,-0.15964678071890148
2020-09-10 18:12:00,-0.1636024065863353
2020-09-10 18:15:00,-0.21028551610635304
2020-09-10 18:18:00,-0.1886693876012373
2020-09-10 18:21:00,-0.14343454607205786
2020-09-10 18:24:00,-0.07793532875882647
2020-09-10 18:27:00,-0.13642953879161723
2020-09-10 18:30:00,-0.08076846206517985
2020-09-10 18:33:00,-0.15057243540741183
2020-09-10 18:36:00,-0.11613045410337008
2020-09-10 18:39:00,-0.12360257946875208
2020-09-10 18:42:00,-0.10954182783223132
2020-09-10 18:45:00,-0.08924029940862965
2020-09-10 18:48:00,-0.1291691708057101
2020-09-10 18:51:00,-0.17835659112091662
2020-09-10 18:54:00,-0.1100443374622273
2020-09-10 18:57:00,
2020-09-10 19:00:00,
2020-09-10 19:03:00,-0.11537782215248171
2020-09-10 19:06:00,-0.16307886046507747
2020-09-10 19:09:00,-0.12328357343312746
2020-09-10 19:12:00,-0.034516500832296515
2020-09-10 19:15:00,-0.07450920666815364
2020-09-10 19:18:00,-0.037924643761584775
2020-09-10 19:21:00,0.0188536120103322
2020-09-10 19:24:00,-0.03007806086571918
2020-09-10 19:27:00,-0.022405346668676884
2020-09-10 19:30:00,0.05848507773902156
2020-09-10 19:33:00,-0.027095930739164942
2020-09-10 19:36:00,-0.0024795768644025884
2020-09-10 19:39:00,-0.009821055624229302
2020-09-10 19:42:00,-0.03122660412697087
2020-09-10 19:45:00,-0.051026765258143314
2020-09-10 19:48:00,-0.018278712804146835
2020-09-10 19:51:00,0.013991454195036113
2020-09-10 19:54:00,0.04350838579915717
2020-09-10 19:57:00,-0.01782075650197612
2020-09-10 20:00:00,-0.04398650220150557
2020-09-10 20:03:00,0.02776519953437173
2020-09-10 20:06:00,0.0491267381430589
2020-09-10 20:09:00,0.003936782844618847
2020-09-10 20:12:00,0.01326886128777005
2020-09-10 20:15:00,-0.014969868356615734
2020-09-10 20:18:00,0.00710389446192039
2020-09-10 20:21:00,-0.020910808438657114
2020-09-10 20:24:00,-0.007108432422285205
2020-09-10 20:27:00,0.034335577576655396
2020-09-10 20:30:00,-0.01964910146296006
2020-09-10 20:33:00,-0.00839954980466473
2020-09-10 20:36:00,0.0026505610423441794
2020-09-10 20:39:00,0.05015392728256529
2020-09-10 20:42:00,0.009037178733706241
2020-09-10 20:45:00,0.073750131922111
2020-09-10 20:48:00,0.12375517637156008
2020-09-10 20:51:00,0.08878039179808184
2020-09-10 20:54:00,0.09962801602438276
2020-09-10 20:57:00,0.07379942136731188
2020-09-10 21:00:00,0.042547868672841105
2020-09-10 21:03:00,0.16894389089799233
2020-09-10 21:06:00,0.08626817801558673
2020-09-10 21:09:00,0.10128457737391727
2020-09-10 21:12:00,0.17640166873388807
2020-09-10 21:15:00,0.13105984790854563
2020-09-10 21:18:00,0.04560703304929348
2020-09-10 21:21:00,0.08415353270441983
2020-09-10 21:24:00,0.04862493286827885
2020-09-10 21:27:00,0.028913953477854193
2020-09-10 21:30:00,0.07210503417564951
2020-09-10 21:33:00,0.0670868476462374
2020-09-10 21:36:00,0.03919336913071447
2020-09-10 21:39:00,0.053956608213013624
2020-09-10 21:42:00,0.06414522157803049
2020-09-10 21:45:00,0.0681826913257737
2020-09-10 21:48:00,0.11081692821920797
2020-09-10 21:51:00,0.09643506965448978
2020-09-10 21:54:00,0.030718528414695356
2020-09-10 21:57:00,0.07408546369759961
2020-09-10 22:00:00,0.019722540692271195
2020-09-10 22:03:00,0.04708453313384098
2020-09-10 22:06:00,0.07955286894429037
2020-09-10 22:09:00,0.11149461018243301
2020-09-10 22:12:00,0.061826706626732175
2020-09-10 22:15:00,0.08101813564235272
2020-09-10 22:18:00,0.1330353791644825
2020-09-10 22:21:00,0.09613979682978879
2020-09-10 22:24:00,0.12868738417444092
2020-09-10 22:27:00,0.15352398782601995
2020-09-10 22:30:00,0.10082824011482217
2020-09-10 22:33:00,0.14381917102377884
2020-09-10 22:36:00,0.09645921902131249
2020-09-10 22:39:00,0.07266394658040554
2020-09-10 22:42:00,0.14575126539540406
2020-09-10 22:45:00,0.1162191970675508
2020-09-10 22:48:00,0.1434626968541579
2020-09-10 22:51:00,0.1227317510694661
2020-09-10 22:54:00,0.12908412198754604
2020-09-10 22:57:00,0.18714583563530596
2020-09-10 23:00:00,0.09528197540777228
2020-09-10 23:03:00,0.12094146908691528
2020-09-10 23:06:00,0.09406060094482882
2020-09-10 23:09:00,0.08767603885451081
2020-09-10 23:12:00,0.10572857617421505
2020-09-10 23:15:00,0.18713325517245494
2020-09-10 23:18:00,0.11577853730915422
2020-09-10 23:21:00,0.22422433308372547
2020-09-10 23:24:00,0.18431422900636107
2020-09-10 23:27:00,0.16608561568796176
2020-09-10 23:30:00,0.1426861977809608
2020-09-10 23:33:00,0.16774835576472924
2020-09-10 23:36:00,0.1466644718226462
2020-09-10 23:39:00,0.13381364954619812
2020-09-10 23:42:00,0.1066888229571532
2020-09-10 23:45:00,0.1548921614580081
2020-09-10 23:48:00,0.09182554694029932
2020-09-10 23:51:00,0.08348605257941699
2020-09-10 23:54:00,0.13110636863160607
2020-09-10 23:57:00,0.14792472777162402
2020-09-11 00:00:00,0.1384242698856042
2020-09-11 00:03:00,0.16694834076571397
2020-09-11 00:06:00,0.1457812455810199
2020-09-11 00:09:00,0.12301940234925723
2020-09-11 00:12:00,0.15411470183317988
2020-09-11 00:15:00,0.17816742048341894
2020-09-11 00:18:00,0.16735334243344369
2020-09-11 00:21:00,0.11000594075517256
2020-09-11 00:24:00,0.09277455355578468
2020-09-11 00:27:00,0.13986640921399385
2020-09-11 00:30:00,0.17843183119794048
2020-09-11 00:33:00,0.19438154998152868
2020-09-11 00:36:00,0.12508856948198854
2020-09-11 00:39:00,0.1773845723339491
2020-09-11 00:42:00,0.18278506007339956
2020-09-11 00:45:00,0.20760897245520482
2020-09-11 00:48:00,0.150125643154297
2020-09-11 00:51:00,0.15764299445163488
2020-09-11 00:54:00,0.1078524868029831
2020-09-11 00:57:00,0.22984476965893919
2020-09-11 01:00:00,0.15116719624876396
2020-09-11 01:03:00,0.23821865406375764
2020-09-11 01:06:00,0.16291239224904075
2020-09-11 01:09:00,0.1600134528913486
2020-09-11 01:12:00,0.18227427734694857
2020-09-11 01:15:00,0.16209940794260547
2020-09-11 01:18:00,0.15911867198786922
2020-09-11 01:21:00,0.16059472082201864
2020-09-11 01:24:00,0.16269756973787253
2020-09-11 01:27:00,0.19634865357051012
2020-09-11 01:30:00,0.15607888746336585
2020-09-11 01:33:00,0.20927869530862608
2020-09-11 01:36:00,0.1675543972510809
2020-09-11 01:39:00,0.2094359696114907
2020-09-11 01:42:00,0.2025687232016935
2020-09-11 01:45:00,0.1211781820301212
2020-09-11 01:48:00,0.24012733220962446
2020-09-11 01:51:00,0.2528074005917915
2020-09-11 01:54:00,0.17440851658852807
2020-09-11 01:57:00,0.15264776935765667
2020-09-11 02:00:00,0.15152632091349005
2020-09-11 02:03:00,0.19375045212984787
2020-09-11 02:06:00,0.10410685543297404
2020-09-11 02:09:00,0.1575748225121174
2020-09-11 02:12:00,0.13203126517998953
2020-09-11 02:15:00,0.11122433298226042
2020-09-11 02:18:00,0.17466424604856456
2020-09-11 02:21:00,0.16696606571753136
2020-09-11 02:24:00,0.22514029514769618
2020-09-11 02:27:00,0.2786518447913977
2020-09-11 02:30:00,0.21630856785856167
2020-09-11 02:33:00,0.20608184843791832
2020-09-11 02:36:00,0.28997236592078934
2020-09-11 02:39:00,0.21452498871377657
2020-09-11 02:42:00,0.1762301039459544
2020-09-11 02:45:00,0.19047356122217707
2020-09-11 02:48:00,0.2269382893078955
2020-09-11 02:51:00,0.15680994365743572
2020-09-11 02:54:00,0.16544681882589884
2020-09-11 02:57:00,0.14807170488455768
2020-09-11 03:00:00,0.13634830340237158
2020-09-11 03:03:00,0.16707569885079465
2020-09-11 03:06:00,0.13123722253845926
2020-09-11 03:09:00,0.1639228089298399
2020-09-11 03:12:00,0.2154346397584277
2020-09-11 03:15:00,0.15881386254955032
2020-09-11 03:18:00,0.15330834145476047
2020-09-11 03:21:00,0.11888914227046143
2020-09-11 03:24:00,0.20979833792586078
2020-09-11 03:27:00,0.1278267506290831
2020-09-11 03:30:00,0.16244757118954567
2020-09-11 03:33:00,0.19057075571527093
2020-09-11 03:36:00,0.19850348377826776
2020-09-11 03:39:00,0.13238196593914608
2020-09-11 03:42:00,0.1359112565913847
2020-09-11 03:45:00,0.1623632729961173
2020-09-11 03:48:00,0.13850151285851098
2020-09-11 03:51:00,0.16135651790096972
2020-09-11 03:54:00,0.12336741459660061
2020-09-11 03:57:00,0.19149778178382348
2020-09-11 04:00:00,0.20629373474673685
2020-09-11 04:03:00,0.19420161470117137
2020-09-11 04:06:00,0.18667539797894506
2020-09-11 04:09:00,0.2031651343054932
2020-09-11 04:12:00,0.3102457295208296
2020-09-11 04:15:00,0.3081512656757468
2020-09-11 04:18:00,0.40094807468000226
2020-09-11 04:21:00,0.3378967053389488
2020-09-11 04:24:00,0.24483976049998546
2020-09-11 04:27:00,0.24513607010885607
2020-09-11 04:30:00,0.18810517845065533
2020-09-11 04:33:00,0.2079359209001268
2020-09-11 04:36:00,0.26679211434009176
2020-09-11 04:39:00,0.30813729548674473
2020-09-11 04:42:00,0.2697053324948797
2020-09-11 04:45:00,0.3398787365478597
2020-09-11 04:48:00,0.3779528536137491
2020-09-11 04:51:00,0.39752488181648005
2020-09-11 04:54:00,0.37780215983161725
2020-09-11 04:57:00,0.438909062521077
2020-09-11 05:00:00,0.377813195733836
2020-09-11 05:03:00,0.3958712035413896
2020-09-11 05:06:00,0.29892012386267197
2020-09-11 05:09:00,0.3783457386850273
2020-09-11 05:12:00,0.31143422975088697
2020-09-11 05:15:00,0.31670986188294137
2020-09-11 05:18:00,0.3852594242516716
2020-09-11 05:21:00,0.37701345172263245
2020-09-11 05:24:00,0.3479406632184805
2020-09-11 05:27:00,0.37293091764570363
2020-09-11 05:30:00,0.3321048084919198
2020-09-11 05:33:00,0.3533213342493582
2020-09-11 05:36:00,0.30386602439273247
2020-09-11 05:39:00,0.2511401271449927
2020-09-11 05:42:00,0.2936413302363121
2020-09-11 05:45:00,0.2615362522294049
2020-09-11 05:48:00,0.29165316331398117
2020-09-11 05:51:00,0.32184722913439145
2020-09-11 05:54:00,0.2711907465881609
2020-09-11 05:57:00,0.31490735008162574
2020-09-11 06:00:00,0.23148246635781788
2020-09-11 06:03:00,0.3145557886457482
2020-09-11 06:06:00,0.24029625458246073
2020-09-11 06:09:00,0.3229286924963617
2020-09-11 06:12:00,0.27424094545148137
2020-09-11 06:15:00,0.3118830310794465
2020-09-11 06:18:00,0.32249427598725333
2020-09-11 06:21:00,0.3412505121389131
2020-09-11 06:24:00,0.35028183207901975
2020-09-11 06:27:00,0.32934347410105147
2020-09-11 06:30:00,0.25899507233873464
2020-09-11 06:33:00,0.24466783824431104
2020-09-11 06:36:00,0.2301861069752249
2020-09-11 06:39:00,0.2499224355740921
2020-09-11 06:42:00,0.17970593962803605
2020-09-11 06:45:00,0.24109009623413158
2020-09-11 06:48:00,0.2924279953519431
2020-09-11 06:51:00,0.23435898127803512
2020-09-11 06:54:00,0.3566775096561514
2020-09-11 06:57:00,0.31222045671489695
2020-09-11 07:00:00,0.3110775602216336
2020-09-11 07:03:00,0.2872211835125995
2020-09-11 07:06:00,0.29725414569838904
2020-09-11 07:09:00,0.2848936062936218
2020-09-11 07:12:00,0.29809763036638515
2020-09-11 07:15:00,0.2925422926957708
2020-09-11 07:18:00,0.3156571798838286
2020-09-11 07:21:00,0.28257050768326053
2020-09-11 07:24:00,0.24863805012597595
2020-09-11 07:27:00,0.25731299642313843
2020-09-11 07:30:00,0.29144722737800066
2020-09-11 07:33:00,0.22991472571800387
2020-09-11 07:36:00,0.2972128557564133
2020-09-11 07:39:00,0.33818727665465076
2020-09-11 07:42:00,0.3905763601426884
2020-09-11 07:45:00,0.3201386826621615
2020-09-11 07:48:00,0.24983627529434216
2020-09-11 07:51:00,0.24334769576023518
2020-09-11 07:54:00,0.2747379997204007
2020-09-11 07:57:00,0.25777934947461745
2020-09-11 08:00:00,0.24050519730121778
2020-09-11 08:03:00,0.20898531340600357
2020-09-11 08:06:00,0.22604966957544548
2020-09-11 08:09:00,0.27384069326933513
2020-09-11 08:12:00,0.19961898262590694
2020-09-11 08:15:00,0.2441038150250847
2020-09-11 08:18:00,0.2203711716530279
2020-09-11 08:21:00,0.21318486034385842
2020-09-11 08:24:00,0.26795851632095946
2020-09-11 08:27:00,0.19878459571731355
2020-09-11 08:30:00,0.1772867640477216
2020-09-11 08:33:00,0.15416196498773616
2020-09-11 08:36:00,0.1368918145468001
2020-09-11 08:39:00,0.12073560513181292
2020-09-11 08:42:00,0.13714689025874804
2020-09-11 08:45:00,0.11224340428219648
2020-09-11 08:48:00,0.10068673261145022
2020-09-11 08:51:00,0.1364280625007268
2020-09-11 08:54:00,0.03609683685408527
2020-09-11 08:57:00,0.055362894539882745
2020-09-11 09:00:00,0.12420280896560598
2020-09-11 09:03:00,0.06062564878402554
2020-09-11 09:06:00,0.07820922641525385
2020-09-11 09:09:00,0.023126709159555503
2020-09-11 09:12:00,0.03564473321301875
2020-09-11 09:15:00,0.024150178241939102
2020-09-11 09:18:00,0.033306740918590094
2020-09-11 09:21:00,-0.08550241235832345
2020-09-11 09:24:00,-0.04519624390161425
2020-09-11 09:27:00,-0.05213556669588115
2020-09-11 09:30:00,-0.10432633590863816
2020-09-11 09:33:00,-0.040385002997652464
2020-09-11 09:36:00,-0.08458597917325505
2020-09-11 09:39:00,-0.007520895675497741
2020-09-11 09:42:00,-0.06236193176312099
2020-09-11 09:45:00,-0.04804185586408494
2020-09-11 09:48:00,-0.012044621802203892
2020-09-11 09:51:00,-0.06927225944161819
2020-09-11 09:54:00,-0.055637638941504974
2020-09-11 09:57:00,-0.03700864227323564
2020-09-11 10:00:00,-0.017383671806214807
2020-09-11 10:03:00,-0.08068940881912567
2020-09-11 10:06:00,-0.14046104956378258
2020-09-11 10:09:00,-0.14321316667491146
2020-09-11 10:12:00,-0.09675110679972931
2020-09-11 10:15:00,-0.16583081953911005
2020-09-11 10:18:00,-0.1812010398771804
2020-09-11 10:21:00,-0.11492878581600507
2020-09-11 10:24:00,-0.12639301644804846
2020-09-11 10:27:00,-0.15887315297464966
2020-09-11 10:30:00,-0.22284512581632043
2020-09-11 10:33:00,-0.2487766603351247
2020-09-11 10:36:00,-0.2427648965061735
2020-09-11 10:39:00,-0.19471695363489516
2020-09-11 10:42:00,-0.2035607672128208
2020-09-11 10:45:00,-0.13357716443374557
2020-09-11 10:48:00,-0.14086379596523102
2020-09-11 10:51:00,-0.18531360912743366
2020-09-11 10:54:00,-0.2366228265573227
2020-09-11 10:57:00,-0.23521033891643128
2020-09-11 11:00:00,-0.26898576247907613
2020-09-11 11:03:00,-0.2252841622470214
2020-09-11 11:06:00,-0.32671374647776474
2020-09-11 11:09:00,-0.2517384716236961
2020-09-11 11:12:00,-0.28253724764471144
2020-09-11 11:15:00,-0.29885128313731
2020-09-11 11:18:00,-0.2243365736824785
2020-09-11 11:21:00,-0.24865025751768144
2020-09-11 11:24:00,-0.2608642926485345
2020-09-11 11:27:00,-0.2672790710611821
2020-09-11 11:30:00,-0.3301642793974793
2020-09-11 11:33:00,-0.31345609047815515
2020-09-11 11:36:00,-0.3070766254751902
2020-09-11 11:39:00,-0.3126507966204599
2020-09-11 11:42:00,-0.32285636287468833
2020-09-11 11:45:00,-0.2964996409635319
2020-09-11 11:48:00,-0.18990017599486464
2020-09-11 11:51:00,0.15231744295903127
2020-09-11 11:54:00,0.08919719946032956
2020-09-11 11:57:00,-0.18442863906875573
2020-09-11 12:00:00,-0.29474827767063516
2020-09-11 12:03:00,-0.3821403041103508
2020-09-11 12:06:00,-0.336006508425271
2020-09-11 12:09:00,-0.2891570315613876
2020-09-11 12:12:00,-0.29470012920853605
2020-09-11 12:15:00,-0.2706212000251753
2020-09-11 12:18:00,-0.31789530214592787
2020-09-11 12:21:00,-0.3261317670133508
2020-09-11 12:24:00,-0.3034838507747395
2020-09-11 12:27:00,-0.3362614299283564
2020-09-11 12:30:00,-0.3388639466586483
2020-09-11 12:33:00,-0.4282079434074717
2020-09-11 12:36:00,-0.25593263331063554
2020-09-11 12:39:00,-0.29173355132189727
2020-09-11 12:42:00,-0.2440472036981305
2020-09-11 12:45:00,-0.36607191794843175
2020-09-11 12:48:00,-0.30407638645300494
2020-09-11 12:51:00,-0.23611089633095617
2020-09-11 12:54:00,-0.3679545562091562
2020-09-11 12:57:00,-0.33606490104443765
2020-09-11 13:00:00,-0.19532322967285154
2020-09-11 13:03:00,-0.1689509823155504
2020-09-11 13:06:00,-0.17974720957948875
2020-09-11 13:09:00,-0.1709943069192832
2020-09-11 13:12:00,-0.1264149440551705
2020-09-11 13:15:00,-0.1887861238993196
2020-09-11 13:18:00,-0.1957451258633114
2020-09-11 13:21:00,-0.2494510791494804
2020-09-11 13:24:00,-0.21018221128178993
2020-09-11 13:27:00,-0.2845182502459238
2020-09-11 13:30:00,-0.18440745897885336
2020-09-11 13:33:00,-0.2203026217849242
2020-09-11 13:36:00,-0.24905714352973973
2020-09-11 13:39:00,-0.2918422082383927
2020-09-11 13:42:00,-0.3436677502393195
2020-09-11 13:45:00,-0.22239959358495298
2020-09-11 13:48:00,-0.2423475091770797
2020-09-11 13:51:00,-0.29356692244340366
2020-09-11 13:54:00,-0.29913764050178315
2020-09-11 13:57:00,-0.3485695087281897
2020-09-11 14:00:00,-0.1669853059149773
2020-09-11 14:03:00,-0.16830015514699426
2020-09-11 14:06:00,-0.04262173253977153
2020-09-11 14:09:00,-0.03351480675650009
2020-09-11 14:12:00,0.06621201880028593
2020-09-11 14:15:00,0.08765969394960393
2020-09-11 14:18:00,0.15871460249252323
2020-09-11 14:21:00,0.01025482110850362
2020-09-11 14:24:00,0.010692814465016909
2020-09-11 14:27:00,0.04175964127648513
2020-09-11 14:30:00,0.12570463593573322
2020-09-11 14:33:00,0.26158736650563696
2020-09-11 14:36:00,0.13638297641148256
2020-09-11 14:39:00,-0.010071279212922946
2020-09-11 14:42:00,-0.15742136756517766
2020-09-11 14:45:00,-0.21947980999004812
2020-09-11 14:48:00,-0.20848760550836687
2020-09-11 14:51:00,-0.22899706214565185
2020-09-11 14:54:00,-0.4146644529630521
2020-09-11 14:57:00,-0.28175486017943285
2020-09-11 15:00:00,-0.12306060330422497
2020-09-11 15:03:00,-0.1305964957384731
2020-09-11 15:06:00,-0.14494351317932797
2020-09-11 15:09:00,-0.06554704025944602
2020-09-11 15:12:00,-0.04213321255463143
2020-09-11 15:15:00,-0.049161581077328265
2020-09-11 15:18:00,0.0023237959886728277
2020-09-11 15:21:00,0.009706386751474838
2020-09-11 15:24:00,-0.01554664476338985
2020-09-11 15:27:00,-0.05509994226287063
2020-09-11 15:30:00,-0.06975747155377121
2020-09-11 15:33:00,-0.08843689571870073
2020-09-11 15:36:00,0.027677858552124235
2020-09-11 15:39:00,-0.02022027505654478
2020-09-11 15:42:00,0.1283770219764051
2020-09-11 15:45:00,0.25059484316466296
2020-09-11 15:48:00,0.2294631944873231
2020-09-11 15:51:00,0.2485321911661913
2020-09-11 15:54:00,0.1993883289084124
2020-09-11 15:57:00,0.08180702140185758
2020-09-11 16:00:00,0.009520791706222553
2020-09-11 16:03:00,-0.021357487332124947
2020-09-11 16:06:00,-0.10216137175177664
2020-09-11 16:09:00,-0.12112924618571697
2020-09-11 16:12:00,-0.1614317491467432
2020-09-11 16:15:00,-0.15350486578915934
2020-09-11 16:18:00,-0.1128942692283772
2020-09-11 16:21:00,-0.01186546530459509
2020-09-11 16:24:00,-0.1389626887862505
2020-09-11 16:27:00,-0.15985842020950258
2020-09-11 16:30:00,-0.17022954104726296
2020-09-11 16:33:00,-0.35272496036691336
2020-09-11 16:36:00,-0.2659453871155506
2020-09-11 16:39:00,-0.2608578146448508
2020-09-11 16:42:00,-0.28459610782010714
2020-09-11 16:45:00,-0.257487841080831
2020-09-11 16:48:00,-0.22494496069526804
2020-09-11 16:51:00,-0.28134477876778874
2020-09-11 16:54:00,-0.3108194370205979
2020-09-11 16:57:00,-0.23658838280351802
2020-09-11 17:00:00,-0.2719786769197867
2020-09-11 17:03:00,-0.267838491031398
2020-09-11 17:06:00,-0.17439634546974503
2020-09-11 17:09:00,-0.2378407890306562
2020-09-11 17:12:00,-0.23452768748097697
2020-09-11 17:15:00,-0.22873344044126043
2020-09-11 17:18:00,-0.19948578702803843
2020-09-11 17:21:00,-0.3111258486241013
2020-09-11 17:24:00,-0.32398532335139407
2020-09-11 17:27:00,-0.3523024697784649
2020-09-11 17:30:00,-0.2701027900426425
2020-09-11 17:33:00,-0.2923424209744212
2020-09-11 17:36:00,-0.299320439655105
2020-09-11 17:39:00,-0.2675414797489566
2020-09-11 17:42:00,-0.31186080221067414
2020-09-11 17:45:00,-0.3653466786384456
2020-09-11 17:48:00,-0.3069374293179976
2020-09-11 17:51:00,-0.31507013012418383
2020-09-11 17:54:00,-0.31112265653632676
2020-09-11 17:57:00,-0.33520483650943333
2020-09-11 18:00:00,-0.33053740539207865
2020-09-11 18:03:00,-0.3239335019574128
2020-09-11 18:06:00,-0.2853987310781463
2020-09-11 18:09:00,-0.31081619544636396
2020-09-11 18:12:00,-0.2807661452974912
2020-09-11 18:15:00,-0.19251638166963403
2020-09-11 18:18:00,-0.221438152693338
2020-09-11 18:21:00,-0.1627432277908838
2020-09-11 18:24:00,-0.21002517909869312
2020-09-11 18:27:00,-0.25894871771413364
2020-09-11 18:30:00,-0.030662023207412403
2020-09-11 18:33:00,0.14884369951204235
2020-09-11 18:36:00,0.23257316709208453
2020-09-11 18:39:00,0.18447177491543698
2020-09-11 18:42:00,0.1371887196512489
2020-09-11 18:45:00,0.1359046043123726
2020-09-11 18:48:00,0.1660908616676693
2020-09-11 18:51:00,0.12310646919087276
2020-09-11 18:54:00,
2020-09-11 18:57:00,
2020-09-11 19:00:00,
2020-09-11 19:03:00,-0.10796519312867758
2020-09-11 19:06:00,-0.038441477998674145
2020-09-11 19:09:00,-0.0239268282260241
2020-09-11 19:12:00,-0.0711619456127437
2020-09-11 19:15:00,0.15709923665929182
2020-09-11 19:18:00,0.3061055077619699
2020-09-11 19:21:00,0.2537966775457221
2020-09-11 19:24:00,0.027000806403520983
2020-09-11 19:27:00,0.21774715052191596
2020-09-11 19:30:00,0.21535113614220336
2020-09-11 19:33:00,0.18362579086556252
2020-09-11 19:36:00,0.21662253304003798
2020-09-11 19:39:00,0.22630158458775895
2020-09-11 19:42:00,0.2896529284839744
2020-09-11 19:45:00,0.2797975242390862
2020-09-11 19:48:00,0.20091999735927857
2020-09-11 19:51:00,0.22146549145821837
2020-09-11 19:54:00,0.27860370395774225
2020-09-11 19:57:00,0.26742331608306813
2020-09-11 20:00:00,0.21156270300349433
2020-09-11 20:03:00,0.2945750170832184
2020-09-11 20:06:00,0.263555361645615
2020-09-11 20:09:00,0.321199933481239
2020-09-11 20:12:00,0.2839985415885735
2020-09-11 20:15:00,0.3124946442029568
2020-09-11 20:18:00,0.24424871116889335
2020-09-11 20:21:00,0.18468445568169045
2020-09-11 20:24:00,0.20499126519922584
2020-09-11 20:27:00,0.15988052302469669
2020-09-11 20:30:00,0.15580758271846662
2020-09-11 20:33:00,0.18627369557356133
2020-09-11 20:36:00,0.1691468279827859
2020-09-11 20:39:00,0.288079783368687
2020-09-11 20:42:00,0.3817326734761082
2020-09-11 20:45:00,0.3643033324361227
2020-09-11 20:48:00,0.32162561512291177
2020-09-11 20:51:00,0.34047433817846695
2020-09-11 20:54:00,0.35637401589735873
2020-09-11 20:57:00,0.3477475023879606
2020-09-11 21:00:00,0.3809668550339893
2020-09-11 21:03:00,0.35484546268435224
2020-09-11 21:06:00,0.2591552383279918
2020-09-11 21:09:00,0.2712746400672472
2020-09-11 21:12:00,0.27206070546492356
2020-09-11 21:15:00,0.29999790835785234
2020-09-11 21:18:00,0.3448827847885241
2020-09-11 21:21:00,0.30506262017308927
2020-09-11 21:24:00,0.22264994386159742
2020-09-11 21:27:00,0.2493267783829083
2020-09-11 21:30:00,0.3225655960066547
2020-09-11 21:33:00,0.24122128098150597
2020-09-11 21:36:00,0.08687586503356215
2020-09-11 21:39:00,0.10907533130051661
2020-09-11 21:42:00,0.0933767027162844
2020-09-11 21:45:00,0.1698250074778116
2020-09-11 21:48:00,0.32812118739087737
2020-09-11 21:51:00,0.17570767227709894
2020-09-11 21:54:00,0.19102168596231195
2020-09-11 21:57:00,0.12863639421942707
2020-09-11 22:00:00,0.12323550414384954
2020-09-11 22:03:00,0.1382280170288368
2020-09-11 22:06:00,0.08715820389335249
2020-09-11 22:09:00,0.10556295564100537
2020-09-11 22:12:00,0.22187536319552237
2020-09-11 22:15:00,0.24165181622998944
2020-09-11 22:18:00,0.18796618002903642
2020-09-11 22:21:00,0.36828988545471475
2020-09-11 22:24:00,0.30351548504069115
2020-09-11 22:27:00,0.23339126990322256
2020-09-11 22:30:00,0.1737094208431813
2020-09-11 22:33:00,0.22907214836652656
2020-09-11 22:36:00,0.33160325168609006
2020-09-11 22:39:00,0.30720287080981734
2020-09-11 22:42:00,0.2787495900759609
2020-09-11 22:45:00,0.2959024260652541
2020-09-11 22:48:00,0.37919266247786254
2020-09-11 22:51:00,0.3536575412729803
2020-09-11 22:54:00,0.45410485504066855
2020-09-11 22:57:00,0.4620778354626509
2020-09-11 23:00:00,0.5094436784887648
2020-09-11 23:03:00,0.44554418217012426
2020-09-11 23:06:00,0.5522913786904269
2020-09-11 23:09:00,0.39057922473915596
2020-09-11 23:12:00,0.36495484837706726
2020-09-11 23:15:00,0.4818398835263906
2020-09-11 23:18:00,0.43520332222135494
2020-09-11 23:21:00,0.4074749384377583
2020-09-11 23:24:00,0.42443317977227935
2020-09-11 23:27:00,0.4186294098563508
2020-09-11 23:30:00,0.46552108929000724
2020-09-11 23:33:00,0.46711110350685203
2020-09-11 23:36:00,0.48147666134480005
2020-09-11 23:39:00,0.48413174768074896
2020-09-11 23:42:00,0.6141711516599457
2020-09-11 23:45:00,0.6155134120880916
2020-09-11 23:48:00,0.5917017336296908
2020-09-11 23:51:00,0.4165525707484221
2020-09-11 23:54:00,0.3722142548791112
2020-09-11 23:57:00,0.31161999024504894
2020-09-12 00:00:00,0.3680030763429727
2020-09-12 00:03:00,0.22342101253519786
2020-09-12 00:06:00,0.2864252827215523
2020-09-12 00:09:00,0.11222540473539766
2020-09-12 00:12:00,0.17296785574069418
2020-09-12 00:15:00,0.18626700120756823
2020-09-12 00:18:00,0.1778435100184197
2020-09-12 00:21:00,0.13861438032273554
2020-09-12 00:24:00,0.16911516201690802
2020-09-12 00:27:00,0.17079240183556976
2020-09-12 00:30:00,0.16960599502777995
2020-09-12 00:33:00,0.1400087157625194
2020-09-12 00:36:00,0.1541695390092741
2020-09-12 00:39:00,0.28349067140538864
2020-09-12 00:42:00,0.3293143543062911
2020-09-12 00:45:00,0.388747899435657
2020-09-12 00:48:00,0.31084248727228214
2020-09-12 00:51:00,0.4111918401949879
2020-09-12 00:54:00,0.41055212418422116
2020-09-12 00:57:00,0.39164508970151246
2020-09-12 01:00:00,0.4031151828107795
2020-09-12 01:03:00,0.41512999799192585
2020-09-12 01:06:00,0.288220441882288
2020-09-12 01:09:00,0.37726422567880036
2020-09-12 01:12:00,0.45522352130831223
2020-09-12 01:15:00,0.6109079775683881
2020-09-12 01:18:00,0.6773067014174217
2020-09-12 01:21:00,0.7335630092950396
2020-09-12 01:24:00,0.676320179241543
2020-09-12 01:27:00,0.7218445826305242
2020-09-12 01:30:00,0.6881539693384866
2020-09-12 01:33:00,0.7390304986671481
2020-09-12 01:36:00,0.6961089258808784
2020-09-12 01:39:00,0.7030673867302539
2020-09-12 01:42:00,0.7107176644295805
2020-09-12 01:45:00,0.7300082197243682
2020-09-12 01:48:00,0.698819343238938
2020-09-12 01:51:00,0.7170617097269769
2020-09-12 01:54:00,0.6842346073052568
2020-09-12 01:57:00,0.6902934770708384
2020-09-12 02:00:00,0.6645217015806679
2020-09-12 02:03:00,0.7238069705603607
2020-09-12 02:06:00,0.7068101467713745
2020-09-12 02:09:00,0.6263766840782523
2020-09-12 02:12:00,0.5650556860852021
2020-09-12 02:15:00,0.5182819731894028
2020-09-12 02:18:00,0.5056023819830102
2020-09-12 02:21:00,0.4839579641731575
2020-09-12 02:24:00,0.5003952524126589
2020-09-12 02:27:00,0.5123687904232384
2020-09-12 02:30:00,0.4377975493201234
2020-09-12 02:33:00,0.4980930508783672
2020-09-12 02:36:00,0.4810902107743118
2020-09-12 02:39:00,0.4835302805125252
2020-09-12 02:42:00,0.4759744021213237
2020-09-12 02:45:00,0.5218504137611149
2020-09-12 02:48:00,0.5763380961884081
2020-09-12 02:51:00,0.5505758877595213
2020-09-12 02:54:00,0.6177951804882582
2020-09-12 02:57:00,0.5985727299234327
2020-09-12 03:00:00,0.5947171605146195
2020-09-12 03:03:00,0.6270948256786255
2020-09-12 03:06:00,0.6815587458028745
2020-09-12 03:09:00,0.6139356302838337
2020-09-12 03:12:00,0.6537222184169877
2020-09-12 03:15:00,0.5838282059712014
2020-09-12 03:18:00,0.7016392751682474
2020-09-12 03:21:00,0.6182985592538444
2020-09-12 03:24:00,0.6748777836252202
2020-09-12 03:27:00,0.6955439462911954
2020-09-12 03:30:00,0.6508012987821417
2020-09-12 03:33:00,0.6425379282047174
2020-09-12 03:36:00,0.6876623824540502
2020-09-12 03:39:00,0.6397035037711589
2020-09-12 03:42:00,0.6138041322205368
2020-09-12 03:45:00,0.6011612602458172
2020-09-12 03:48:00,0.5974063092876349
2020-09-12 03:51:00,0.5471920873400791
2020-09-12 03:54:00,0.5654856736281886
2020-09-12 03:57:00,0.5981835543158809
2020-09-12 04:00:00,0.6356930579355549
2020-09-12 04:03:00,0.6188992684814707
2020-09-12 04:06:00,0.6478272630739639
2020-09-12 04:09:00,0.6310133148935506
2020-09-12 04:12:00,0.5716017139983478
2020-09-12 04:15:00,0.5821822143362851
2020-09-12 04:18:00,0.49020973123674594
2020-09-12 04:21:00,0.46174776823221464
2020-09-12 04:24:00,0.46771173743888994
2020-09-12 04:27:00,0.45038720306257574
2020-09-12 04:30:00,0.4425895587211244
2020-09-12 04:33:00,0.47902350900005786
2020-09-12 04:36:00,0.4671400334330542
2020-09-12 04:39:00,0.4570709454230837
2020-09-12 04:42:00,0.4485134374024824
2020-09-12 04:45:00,0.48083881849390764
2020-09-12 04:48:00,0.45891857671989555
2020-09-12 04:51:00,0.5459019588688534
2020-09-12 04:54:00,0.5382034182147208
2020-09-12 04:57:00,0.5629434878621282
2020-09-12 05:00:00,0.5342575668426548
2020-09-12 05:03:00,0.6172133005295564
2020-09-12 05:06:00,0.5542278615799887
2020-09-12 05:09:00,0.5534868706885732
2020-09-12 05:12:00,0.4825644182060387
2020-09-12 05:15:00,0.5556146231421621
2020-09-12 05:18:00,0.4724879181768529
2020-09-12 05:21:00,0.4399337067044371
2020-09-12 05:24:00,0.4491158117193663
2020-09-12 05:27:00,0.49337214337191426
2020-09-12 05:30:00,0.49269631744914477
2020-09-12 05:33:00,0.49280961337581175
2020-09-12 05:36:00,0.5117945393877221
2020-09-12 05:39:00,0.508698230680011
2020-09-12 05:42:00,0.4985133841312859
2020-09-12 05:45:00,0.46929517593957826
2020-09-12 05:48:00,0.5322745821437138
2020-09-12 05:51:00,0.5133571682880529
2020-09-12 05:54:00,0.44183947200679086
2020-09-12 05:57:00,0.4846925737128913
2020-09-12 06:00:00,0.49870027139252215
2020-09-12 06:03:00,0.5191560264404416
2020-09-12 06:06:00,0.5352446620621549
2020-09-12 06:09:00,0.5184368228421476
2020-09-12 06:12:00,0.531426734962281
2020-09-12 06:15:00,0.5482596483391262
2020-09-12 06:18:00,0.49677711216259013
2020-09-12 06:21:00,0.4454910439880564
2020-09-12 06:24:00,0.47710428254964654
2020-09-12 06:27:00,0.5608412174544242
2020-09-12 06:30:00,0.49004504038788355
2020-09-12 06:33:00,0.5016674992578487
2020-09-12 06:36:00,0.5332221482868817
2020-09-12 06:39:00,0.5702750342844638
2020-09-12 06:42:00,0.5546996561116657
2020-09-12 06:45:00,0.5331396349826036
2020-09-12 06:48:00,0.5818499770562653
2020-09-12 06:51:00,0.5427354266694806
2020-09-12 06:54:00,0.4999766078793755
2020-09-12 06:57:00,0.5079728556306691
2020-09-12 07:00:00,0.5441724240276358
2020-09-12 07:03:00,0.5931280871469653
2020-09-12 07:06:00,0.6068960624027113
2020-09-12 07:09:00,0.530427110062476
2020-09-12 07:12:00,0.5223883107869938
2020-09-12 07:15:00,0.5412454369036368
2020-09-12 07:18:00,0.5258128246573506
2020-09-12 07:21:00,0.521395174344434
2020-09-12 07:24:00,0.5912858042593712
2020-09-12 07:27:00,0.5140422482607505
2020-09-12 07:30:00,0.5261009771998602
2020-09-12 07:33:00,0.5586557826203489
2020-09-12 07:36:00,0.5880010451363091
2020-09-12 07:39:00,0.5369006109625047
2020-09-12 07:42:00,0.5907695264488666
2020-09-12 07:45:00,0.601278428985097
2020-09-12 07:48:00,0.5327752263102639
2020-09-12 07:51:00,0.5600533744785139
2020-09-12 07:54:00,0.4739528033231295
2020-09-12 07:57:00,0.536611201176413
2020-09-12 08:00:00,0.49307841266858077
2020-09-12 08:03:00,0.5404816242796073
2020-09-12 08:06:00,0.5304429316131518
2020-09-12 08:09:00,0.5397302557007606
2020-09-12 08:12:00,0.5353315698820893
2020-09-12 08:15:00,0.541074714314334
2020-09-12 08:18:00,0.492576331482212
2020-09-12 08:21:00,0.4393711948292207
2020-09-12 08:24:00,0.49873395959747313
2020-09-12 08:27:00,0.5294986122453906
2020-09-12 08:30:00,0.46457628655537064
2020-09-12 08:33:00,0.4701149023649691
2020-09-12 08:36:00,0.5145838656533783
2020-09-12 08:39:00,0.42742610067239184
2020-09-12 08:42:00,0.43925566158981155
2020-09-12 08:45:00,0.41283579112428015
2020-09-12 08:48:00,0.40463534607840757
2020-09-12 08:51:00,0.45295957403561715
2020-09-12 08:54:00,0.45008935607188505
2020-09-12 08:57:00,0.4123370541856275
2020-09-12 09:00:00,0.3785656900203662
2020-09-12 09:03:00,0.3551001989441147
2020-09-12 09:06:00,0.313615156564822
2020-09-12 09:09:00,0.43226115784796093
2020-09-12 09:12:00,0.2875561600077958
2020-09-12 09:15:00,0.38586248243785803
2020-09-12 09:18:00,0.34667183051385564
2020-09-12 09:21:00,0.3377826891418749
2020-09-12 09:24:00,0.291429550525379
2020-09-12 09:27:00,0.317968842749508
2020-09-12 09:30:00,0.3091588806224195
2020-09-12 09:33:00,0.3600600970980281
2020-09-12 09:36:00,0.33917722203091216
2020-09-12 09:39:00,0.2783279452809211
2020-09-12 09:42:00,0.3107384390053767
2020-09-12 09:45:00,0.2587019093777485
2020-09-12 09:48:00,0.2587976952735289
2020-09-12 09:51:00,0.2310048778732039
2020-09-12 09:54:00,0.2171680663876714
2020-09-12 09:57:00,0.3244324842669357
2020-09-12 10:00:00,0.1881043054431757
2020-09-12 10:03:00,0.14778700535737244
2020-09-12 10:06:00,0.2091638318950686
2020-09-12 10:09:00,0.2321013635134932
2020-09-12 10:12:00,0.18928547838697796
2020-09-12 10:15:00,0.18705075201955879
2020-09-12 10:18:00,0.24979614785047488
2020-09-12 10:21:00,0.19543582330226172
2020-09-12 10:24:00,0.13074612154065335
2020-09-12 10:27:00,0.16188840042542552
2020-09-12 10:30:00,0.19432472640636433
2020-09-12 10:33:00,0.1319220086618884
2020-09-12 10:36:00,0.09607914173307108
2020-09-12 10:39:00,0.05150389129289579
2020-09-12 10:42:00,0.13397405521908468
2020-09-12 10:45:00,-0.04769152496857032
2020-09-12 10:48:00,0.07408048162704972
2020-09-12 10:51:00,0.04620725875986409
2020-09-12 10:54:00,0.06320443186081093
2020-09-12 10:57:00,0.035492113974612494
2020-09-12 11:00:00,-0.007704860235605793
2020-09-12 11:03:00,-0.0719489042808732
2020-09-12 11:06:00,-0.052195521694613944
2020-09-12 11:09:00,-0.08267105928882756
2020-09-12 11:12:00,-0.1011373313705235
2020-09-12 11:15:00,-0.018902106583823297
2020-09-12 11:18:00,-0.10583452173636942
2020-09-12 11:21:00,-0.009632059059185849
2020-09-12 11:24:00,-0.061892844639885425
2020-09-12 11:27:00,-0.018569213214618685
2020-09-12 11:30:00,-0.09780262069494938
2020-09-12 11:33:00,-0.06344057867011088
2020-09-12 11:36:00,-0.0698476414871152
2020-09-12 11:39:00,-0.1304349243586671
2020-09-12 11:42:00,-0.16792280433060114
2020-09-12 11:45:00,-0.11531304037674772
2020-09-12 11:48:00,-0.11896917989997746
2020-09-12 11:51:00,-0.10418301023446475
2020-09-12 11:54:00,-0.07700852706250316
2020-09-12 11:57:00,-0.09887702786431873
2020-09-12 12:00:00,-0.11723963682266003
2020-09-12 12:03:00,-0.11895550289216317
2020-09-12 12:06:00,-0.05601772204562394
2020-09-12 12:09:00,-0.07924388245004366
2020-09-12 12:12:00,-0.13131928707218776
2020-09-12 12:15:00,-0.05334175946376263
2020-09-12 12:18:00,-0.03594147833592842
2020-09-12 12:21:00,-0.06291359084013948
2020-09-12 12:24:00,-0.1240686097555681
2020-09-12 12:27:00,-0.1853617841983919
2020-09-12 12:30:00,-0.22300252334918014
2020-09-12 12:33:00,-0.20239868246068227
2020-09-12 12:36:00,-0.230098238602352
2020-09-12 12:39:00,-0.21881566322065282
2020-09-12 12:42:00,-0.2418358463968957
2020-09-12 12:45:00,-0.29325276492619423
2020-09-12 12:48:00,-0.23633372049926038
2020-09-12 12:51:00,-0.23838404666162205
2020-09-12 12:54:00,-0.3180695802094533
2020-09-12 12:57:00,-0.28410930862168016
2020-09-12 13:00:00,-0.28353106836851794
2020-09-12 13:03:00,-0.1842494746928196
2020-09-12 13:06:00,-0.2765475134423241
2020-09-12 13:09:00,-0.17498085044752543
2020-09-12 13:12:00,-0.3125002907271437
2020-09-12 13:15:00,-0.3489727905312634
2020-09-12 13:18:00,-0.229111862957609
2020-09-12 13:21:00,-0.307482269459058
2020-09-12 13:24:00,-0.31398751817641823
2020-09-12 13:27:00,-0.28412264577116275
2020-09-12 13:30:00,-0.3353842620701357
2020-09-12 13:33:00,-0.30044526925496484
2020-09-12 13:36:00,-0.26120565287226327
2020-09-12 13:39:00,-0.38396953896699415
2020-09-12 13:42:00,-0.3332080352597586
2020-09-12 13:45:00,-0.3782840436171
2020-09-12 13:48:00,-0.30377885217018274
2020-09-12 13:51:00,-0.29559721273750483
2020-09-12 13:54:00,-0.4048145234737035
2020-09-12 13:57:00,-0.3648551709750336
2020-09-12 14:00:00,-0.3279342766140303
2020-09-12 14:03:00,-0.31839633240713283
2020-09-12 14:06:00,-0.330838836110388
2020-09-12 14:09:00,-0.315775366718583
2020-09-12 14:12:00,-0.2279570771914905
2020-09-12 14:15:00,-0.3687220081063174
2020-09-12 14:18:00,-0.29013524534400403
2020-09-12 14:21:00,-0.3463198495531401
2020-09-12 14:24:00,-0.27987058300982426
2020-09-12 14:27:00,-0.35355056290336506
2020-09-12 14:30:00,-0.23866000356701988
2020-09-12 14:33:00,-0.26464699474951203
2020-09-12 14:36:00,-0.277343459302017
2020-09-12 14:39:00,-0.24323314551429576
2020-09-12 14:42:00,-0.23074912658523772
2020-09-12 14:45:00,-0.35575720538940914
2020-09-12 14:48:00,-0.43670689031097254
2020-09-12 14:51:00,-0.3298740334550416
2020-09-12 14:54:00,-0.27522844435435445
2020-09-12 14:57:00,-0.28851297681671895
2020-09-12 15:00:00,-0.3083099978832138
2020-09-12 15:03:00,-0.36395689622679583
2020-09-12 15:06:00,-0.3730700544852539
2020-09-12 15:09:00,-0.5070315292647365
2020-09-12 15:12:00,-0.43564059898051255
2020-09-12 15:15:00,-0.44049468022984684
2020-09-12 15:18:00,-0.3967827952611742
2020-09-12 15:21:00,-0.39388134332074287
2020-09-12 15:24:00,-0.43947316103736966
2020-09-12 15:27:00,-0.36007124967449045
2020-09-12 15:30:00,-0.34491980603746697
2020-09-12 15:33:00,-0.39837490990822744
2020-09-12 15:36:00,-0.4213006923093303
2020-09-12 15:39:00,-0.3266847205912313
2020-09-12 15:42:00,-0.28629051361576785
2020-09-12 15:45:00,-0.23108646872128702
2020-09-12 15:48:00,-0.2471462193775551
2020-09-12 15:51:00,-0.22064524301214306
2020-09-12 15:54:00,-0.19106054216649682
2020-09-12 15:57:00,-0.12222032159837681
2020-09-12 16:00:00,-0.14762052064446607
2020-09-12 16:03:00,-0.19823668646426995
2020-09-12 16:06:00,-0.2534622900315071
2020-09-12 16:09:00,-0.11428935777587412
2020-09-12 16:12:00,-0.1964543869715385
2020-09-12 16:15:00,-0.16185883533273682
2020-09-12 16:18:00,-0.1844649538104477
2020-09-12 16:21:00,-0.19426044025425426
2020-09-12 16:24:00,-0.17418399395506867
2020-09-12 16:27:00,-0.14147287855968216
2020-09-12 16:30:00,-0.096036479353927
2020-09-12 16:33:00,-0.14841472108145126
2020-09-12 16:36:00,-0.1812593905726203
2020-09-12 16:39:00,-0.1443412502803767
2020-09-12 16:42:00,-0.0905538376978825
2020-09-12 16:45:00,-0.17193886388736246
2020-09-12 16:48:00,-0.1354245203454525
2020-09-12 16:51:00,-0.14624738266297754
2020-09-12 16:54:00,-0.15223423329564412
2020-09-12 16:57:00,-0.10598221177269807
2020-09-12 17:00:00,-0.06462345598828279
2020-09-12 17:03:00,-0.11571588230725638
2020-09-12 17:06:00,-0.058382864699581205
2020-09-12 17:09:00,-0.07104477740546145
2020-09-12 17:12:00,-0.03340000693725642
2020-09-12 17:15:00,-0.05599209823213869
2020-09-12 17:18:00,-0.075418537235862
2020-09-12 17:21:00,-0.014526590151717755
2020-09-12 17:24:00,-0.0851720751259677
2020-09-12 17:27:00,-0.0345893515529383
2020-09-12 17:30:00,-0.07895909699408321
2020-09-12 17:33:00,-0.07873929500465238
2020-09-12 17:36:00,-0.0144074036554116
2020-09-12 17:39:00,-0.0445527607549252
2020-09-12 17:42:00,-0.12475309804466406
2020-09-12 17:45:00,-0.14641484806122662
2020-09-12 17:48:00,-0.1161255273402162
2020-09-12 17:51:00,-0.09661572477466507
2020-09-12 17:54:00,-0.06058861613968247
2020-09-12 17:57:00,-0.08318263342238197
2020-09-12 18:00:00,0.06399165413688479
2020-09-12 18:03:00,0.07900725821224341
2020-09-12 18:06:00,0.017264010692315424
2020-09-12 18:09:00,0.03373913990361643
2020-09-12 18:12:00,-0.017013761107307346
2020-09-12 18:15:00,-0.02957581075793314
2020-09-12 18:18:00,-0.06415176912730658
2020-09-12 18:21:00,-0.04398840044348162
2020-09-12 18:24:00,-0.038416678941359805
2020-09-12 18:27:00,-0.010145377062201533
2020-09-12 18:30:00,-0.04155540330390295
2020-09-12 18:33:00,-0.12455946886910851
2020-09-12 18:36:00,-0.007094076530336224
2020-09-12 18:39:00,-0.005986014310281007
2020-09-12 18:42:00,-0.025434527737843382
2020-09-12 18:45:00,-0.018081288178336763
2020-09-12 18:48:00,0.006728656231985042
2020-09-12 18:51:00,0.043809808707692355
2020-09-12 18:54:00,
2020-09-12 18:57:00,
2020-09-12 19:00:00,
2020-09-12 19:03:00,0.01884699893935249
2020-09-12 19:06:00,0.05003567570031464
2020-09-12 19:09:00,-0.021115818466000746
2020-09-12 19:12:00,0.028319993011962197
2020-09-12 19:15:00,-0.0007491630983054165
2020-09-12 19:18:00,-0.0012423894752373599
2020-09-12 19:21:00,-0.03100743011856366
2020-09-12 19:24:00,-0.03153182932243226
2020-09-12 19:27:00,0.007907250812422717
2020-09-12 19:30:00,-0.02113050090105162
2020-09-12 19:33:00,-0.08291179692008654
2020-09-12 19:36:00,-0.03712764557980108
2020-09-12 19:39:00,-0.03358536941789225
2020-09-12 19:42:00,-0.05734497667526739
2020-09-12 19:45:00,-0.00802662858200165
2020-09-12 19:48:00,0.008688617317716307
2020-09-12 19:51:00,0.006196540943051332
2020-09-12 19:54:00,0.007888314641718353
2020-09-12 19:57:00,-0.025918078372285436
2020-09-12 20:00:00,-0.00881373531058216
2020-09-12 20:03:00,0.034937569685951075
2020-09-12 20:06:00,-0.0669835654686608
2020-09-12 20:09:00,-0.0433774406608336
2020-09-12 20:12:00,0.0824491787146826
2020-09-12 20:15:00,0.06835931470783407
2020-09-12 20:18:00,0.016446330991868763
2020-09-12 20:21:00,-0.021689459488811735
2020-09-12 20:24:00,0.006645737025792187
2020-09-12 20:27:00,0.060400382665307006
2020-09-12 20:30:00,0.13503500054116557
2020-09-12 20:33:00,0.13158164658466376
2020-09-12 20:36:00,0.19430191141952946
2020-09-12 20:39:00,0.11276982203389707
2020-09-12 20:42:00,0.17249919250707535
2020-09-12 20:45:00,0.07586099473741115
2020-09-12 20:48:00,0.10095715823490536
2020-09-12 20:51:00,0.10889221378727143
2020-09-12 20:54:00,0.09728617657486893
2020-09-12 20:57:00,0.12723540342068418
2020-09-12 21:00:00,0.10646171206434474
2020-09-12 21:03:00,0.1230781002196295
2020-09-12 21:06:00,0.08650903393288445
2020-09-12 21:09:00,0.11474314897537852
2020-09-12 21:12:00,0.09466044024873099
2020-09-12 21:15:00,0.06645854174888655
2020-09-12 21:18:00,0.10805923080596358
2020-09-12 21:21:00,0.13439502942594572
2020-09-12 21:24:00,0.08513226902226734
2020-09-12 21:27:00,0.00822593012338757
2020-09-12 21:30:00,0.08316716749840225
2020-09-12 21:33:00,0.03544059577336611
2020-09-12 21:36:00,0.054269252211270214
2020-09-12 21:39:00,0.06691083170176171
2020-09-12 21:42:00,0.08194280127275988
2020-09-12 21:45:00,0.061324390176878296
2020-09-12 21:48:00,0.09264919197909194
2020-09-12 21:51:00,0.08415771290350449
2020-09-12 21:54:00,0.03325730776975888
2020-09-12 21:57:00,0.07194007990796081
2020-09-12 22:00:00,0.10115015925737225
2020-09-12 22:03:00,0.15346415463272933
2020-09-12 22:06:00,0.1317028174890993
2020-09-12 22:09:00,0.16452392456687903
2020-09-12 22:12:00,0.1077240952632792
2020-09-12 22:15:00,0.10562922120573148
2020-09-12 22:18:00,0.08067001410114472
2020-09-12 22:21:00,0.09948239440416273
2020-09-12 22:24:00,0.08894764397064137
2020-09-12 22:27:00,0.09140136667656407
2020-09-12 22:30:00,0.18861304314879135
2020-09-12 22:33:00,0.12517902254489854
2020-09-12 22:36:00,0.14653745653322403
2020-09-12 22:39:00,0.10443084919864987
2020-09-12 22:42:00,0.14447420683768541
2020-09-12 22:45:00,0.09989067681846109
2020-09-12 22:48:00,0.10988072675110061
2020-09-12 22:51:00,0.08286372985816115
2020-09-12 22:54:00,0.11558775008757038
2020-09-12 22:57:00,0.08090218513393665
2020-09-12 23:00:00,0.06075225142342333
2020-09-12 23:03:00,0.057998404621116606
2020-09-12 23:06:00,0.0794323894090212
2020-09-12 23:09:00,0.10995191474029298
2020-09-12 23:12:00,0.06381834044884727
2020-09-12 23:15:00,0.12439289523490515
2020-09-12 23:18:00,0.16548227733028398
2020-09-12 23:21:00,0.1078626042079236
2020-09-12 23:24:00,0.10047013147465123
2020-09-12 23:27:00,0.1296174574063116
2020-09-12 23:30:00,0.12335579593121793
2020-09-12 23:33:00,0.08117143719715614
2020-09-12 23:36:00,0.1811963983171836
2020-09-12 23:39:00,0.0888844228521748
2020-09-12 23:42:00,0.13917458432547392
2020-09-12 23:45:00,0.08712849039727644
2020-09-12 23:48:00,0.11349813473879067
2020-09-12 23:51:00,0.12436392902111493
2020-09-12 23:54:00,0.10670278669630306
2020-09-12 23:57:00,0.11249787074774531
2020-09-13 00:00:00,0.09509624288358509
2020-09-13 00:03:00,0.1148795844809456
2020-09-13 00:06:00,0.18099541071615022
2020-09-13 00:09:00,0.09827446359497571
2020-09-13 00:12:00,0.14308704584050247
2020-09-13 00:15:00,0.09364198941250379
2020-09-13 00:18:00,0.0827711438012102
2020-09-13 00:21:00,0.11010253865157438
2020-09-13 00:24:00,0.11165769620504307
2020-09-13 00:27:00,0.17396553865893338
2020-09-13 00:30:00,0.2241084539779763
2020-09-13 00:33:00,0.1788255904364746
2020-09-13 00:36:00,0.1931153394730245
2020-09-13 00:39:00,0.15856437856888306
2020-09-13 00:42:00,0.11971792708544626
2020-09-13 00:45:00,0.16839785074603242
2020-09-13 00:48:00,0.13694191031044056
2020-09-13 00:51:00,0.2506913730205156
2020-09-13 00:54:00,0.2754542934135884
2020-09-13 00:57:00,0.14661699020746255
2020-09-13 01:00:00,0.22731794005301253
2020-09-13 01:03:00,0.2088411783806805
2020-09-13 01:06:00,0.1548920171612167
2020-09-13 01:09:00,0.06694849801675673
2020-09-13 01:12:00,0.09040166958430973
2020-09-13 01:15:00,0.1155299521019515
2020-09-13 01:18:00,0.12519018451342845
2020-09-13 01:21:00,0.1575859082252009
2020-09-13 01:24:00,0.1329188821781031
2020-09-13 01:27:00,0.2311350885580623
2020-09-13 01:30:00,0.28185680591167284
2020-09-13 01:33:00,0.29390866940906335
2020-09-13 01:36:00,0.32174786360951657
2020-09-13 01:39:00,0.2871873076879865
2020-09-13 01:42:00,0.26002717963677924
2020-09-13 01:45:00,0.24082962019184606
2020-09-13 01:48:00,0.24891282437516793
2020-09-13 01:51:00,0.23600905968828556
2020-09-13 01:54:00,0.08045630722443775
2020-09-13 01:57:00,0.021983801178407703
2020-09-13 02:00:00,0.22050801530645003
2020-09-13 02:03:00,0.3251958429117394
2020-09-13 02:06:00,0.3408950342621324
2020-09-13 02:09:00,0.33754002828629837
2020-09-13 02:12:00,0.33621203361553853
2020-09-13 02:15:00,0.32359826917780765
2020-09-13 02:18:00,0.3008270030370568
2020-09-13 02:21:00,0.4499582413840244
2020-09-13 02:24:00,0.41303161846224157
2020-09-13 02:27:00,0.3824222098204473
2020-09-13 02:30:00,0.39869730172591744
2020-09-13 02:33:00,0.3668302889835786
2020-09-13 02:36:00,0.38333448904899114
2020-09-13 02:39:00,0.3911113954810048
2020-09-13 02:42:00,0.36342469822579915
2020-09-13 02:45:00,0.3825892333247225
2020-09-13 02:48:00,0.34801557266405325
2020-09-13 02:51:00,0.41281774647768543
2020-09-13 02:54:00,0.3565095739830326
2020-09-13 02:57:00,0.4071986930827052
2020-09-13 03:00:00,0.35795133502722365
2020-09-13 03:03:00,0.37762721892954687
2020-09-13 03:06:00,0.3627208777668329
2020-09-13 03:09:00,0.29955361857980733
2020-09-13 03:12:00,0.2327348708226964
2020-09-13 03:15:00,0.26074871892814144
2020-09-13 03:18:00,0.34170962655014137
2020-09-13 03:21:00,0.35539140834805494
2020-09-13 03:24:00,0.3493351257448012
2020-09-13 03:27:00,0.40794386826041773
2020-09-13 03:30:00,0.2790381422735777
2020-09-13 03:33:00,0.39668659746160984
2020-09-13 03:36:00,0.35967188995289234
2020-09-13 03:39:00,0.42322265674829396
2020-09-13 03:42:00,0.4397428776078982
2020-09-13 03:45:00,0.3993321974157311
2020-09-13 03:48:00,0.4633079272880991
2020-09-13 03:51:00,0.4836984191883289
2020-09-13 03:54:00,0.4852581208918991
2020-09-13 03:57:00,0.47558513988138884
2020-09-13 04:00:00,0.4518619632327727
2020-09-13 04:03:00,0.43159133459903387
2020-09-13 04:06:00,0.48643178152349265
2020-09-13 04:09:00,0.4896521654760022
2020-09-13 04:12:00,0.48215703119927866
2020-09-13 04:15:00,0.4823502164211959
2020-09-13 04:18:00,0.49714152252016675
2020-09-13 04:21:00,0.5196644837134272
2020-09-13 04:24:00,0.45109517585120784
2020-09-13 04:27:00,0.45473029151355604
2020-09-13 04:30:00,0.4932556224965765
2020-09-13 04:33:00,0.36605479464896007
2020-09-13 04:36:00,0.4887562748993446
2020-09-13 04:39:00,0.509140024173746
2020-09-13 04:42:00,0.42388312075183876
2020-09-13 04:45:00,0.4939547445160315
2020-09-13 04:48:00,0.4341769596122731
2020-09-13 04:51:00,0.4507715108322259
2020-09-13 04:54:00,0.47443845725013034
2020-09-13 04:57:00,0.5019987356301954
2020-09-13 05:00:00,0.4805448816982789
2020-09-13 05:03:00,0.41835437851165125
2020-09-13 05:06:00,0.4041974188344284
2020-09-13 05:09:00,0.457419869327623
2020-09-13 05:12:00,0.43168491844994605
2020-09-13 05:15:00,0.382298065131522
2020-09-13 05:18:00,0.4269615928171788
2020-09-13 05:21:00,0.4485548722643671
2020-09-13 05:24:00,0.4926482457022985
2020-09-13 05:27:00,0.4216747817623627
2020-09-13 05:30:00,0.4179859915018369
2020-09-13 05:33:00,0.4980190144179346
2020-09-13 05:36:00,0.4725866312862763
2020-09-13 05:39:00,0.5147347598417582
2020-09-13 05:42:00,0.44681279339931734
2020-09-13 05:45:00,0.4118077855286515
2020-09-13 05:48:00,0.4235767176985519
2020-09-13 05:51:00,0.44027318981022745
2020-09-13 05:54:00,0.501031540182737
2020-09-13 05:57:00,0.46831174786080965
2020-09-13 06:00:00,0.4134757941984617
2020-09-13 06:03:00,0.46600068819122953
2020-09-13 06:06:00,0.49782249651752863
2020-09-13 06:09:00,0.4435920339477093
2020-09-13 06:12:00,0.48268615626170686
2020-09-13 06:15:00,0.4767509068901745
2020-09-13 06:18:00,0.5159359636994054
2020-09-13 06:21:00,0.5365161486952275
2020-09-13 06:24:00,0.49905394741182363
2020-09-13 06:27:00,0.5235729127111881
2020-09-13 06:30:00,0.4933970421867002
2020-09-13 06:33:00,0.4871240526232441
2020-09-13 06:36:00,0.518212050895329
2020-09-13 06:39:00,0.4997062842178934
2020-09-13 06:42:00,0.4572947902333908
2020-09-13 06:45:00,0.5220852422339703
2020-09-13 06:48:00,0.5180274766075286
2020-09-13 06:51:00,0.5016549613793018
2020-09-13 06:54:00,0.4691050436645696
2020-09-13 06:57:00,0.5452474031067709
2020-09-13 07:00:00,0.524525902164271
2020-09-13 07:03:00,0.511793332876266
2020-09-13 07:06:00,0.5482651000286296
2020-09-13 07:09:00,0.5142866465038765
2020-09-13 07:12:00,0.4420259411215284
2020-09-13 07:15:00,0.5201440728166631
2020-09-13 07:18:00,0.5232648520606062
2020-09-13 07:21:00,0.5198581713344765
2020-09-13 07:24:00,0.5133199211543342
2020-09-13 07:27:00,0.46989742207875906
2020-09-13 07:30:00,0.5327207361343653
2020-09-13 07:33:00,0.5530633785456303
2020-09-13 07:36:00,0.4857101887279782
2020-09-13 07:39:00,0.5279994732175624
2020-09-13 07:42:00,0.488188641019633
2020-09-13 07:45:00,0.4446880657889096
2020-09-13 07:48:00,0.4408386075922408
2020-09-13 07:51:00,0.5293318969428356
2020-09-13 07:54:00,0.5044239815692322
2020-09-13 07:57:00,0.43465228270150646
2020-09-13 08:00:00,0.4575425735988006
2020-09-13 08:03:00,0.5272550931726983
2020-09-13 08:06:00,0.43930612965243654
2020-09-13 08:09:00,0.37958732248068827
2020-09-13 08:12:00,0.3725535830823219
2020-09-13 08:15:00,0.40844960273432207
2020-09-13 08:18:00,0.3841689957757808
2020-09-13 08:21:00,0.34989820545609973
2020-09-13 08:24:00,0.41715664396463126
2020-09-13 08:27:00,0.39968783867675484
2020-09-13 08:30:00,0.38993309222155403
2020-09-13 08:33:00,0.3773960101402736
2020-09-13 08:36:00,0.29105674368395285
2020-09-13 08:39:00,0.36258041124204965
2020-09-13 08:42:00,0.3664754528048775
2020-09-13 08:45:00,0.37211123900902976
2020-09-13 08:48:00,0.36232596449252696
2020-09-13 08:51:00,0.3352701263935387
2020-09-13 08:54:00,0.2715753679975137
2020-09-13 08:57:00,0.3473735265984601
2020-09-13 09:00:00,0.2998277864511465
2020-09-13 09:03:00,0.2748238071687865
2020-09-13 09:06:00,0.27442552585318936
2020-09-13 09:09:00,0.1902215044341915
2020-09-13 09:12:00,0.24591749244967787
2020-09-13 09:15:00,0.1681218995104814
2020-09-13 09:18:00,0.19643044400879717
2020-09-13 09:21:00,0.24612557313128036
2020-09-13 09:24:00,0.20752884730040932
2020-09-13 09:27:00,0.20714758851914894
2020-09-13 09:30:00,0.16212988920540283
2020-09-13 09:33:00,0.10484030347981843
2020-09-13 09:36:00,0.18952051976583562
2020-09-13 09:39:00,0.10440415461351904
2020-09-13 09:42:00,0.03677032039968253
2020-09-13 09:45:00,0.04899446149289588
2020-09-13 09:48:00,0.00047090593767507016
2020-09-13 09:51:00,-0.011916207808326362
2020-09-13 09:54:00,0.028990932452018114
2020-09-13 09:57:00,0.0016476992630600762
2020-09-13 10:00:00,-0.04220112171992696
2020-09-13 10:03:00,0.019817996345238953
2020-09-13 10:06:00,-0.05610307358887212
2020-09-13 10:09:00,-0.0577475591327925
2020-09-13 10:12:00,-0.043093291433820013
2020-09-13 10:15:00,-0.14558329252434987
2020-09-13 10:18:00,-0.10485444847154213
2020-09-13 10:21:00,-0.13728029716816081
2020-09-13 10:24:00,-0.1224710543995684
2020-09-13 10:27:00,-0.19774867693087117
2020-09-13 10:30:00,-0.20741681865911232
2020-09-13 10:33:00,-0.15136010245100806
2020-09-13 10:36:00,-0.1345760620692431
2020-09-13 10:39:00,-0.20333164559929173
2020-09-13 10:42:00,-0.16698085350992642
2020-09-13 10:45:00,-0.23056685539057753
2020-09-13 10:48:00,-0.29751271360640885
2020-09-13 10:51:00,-0.22223624656402308
2020-09-13 10:54:00,-0.2789164126761534
2020-09-13 10:57:00,-0.26821282761579823
2020-09-13 11:00:00,-0.3517094862017984
2020-09-13 11:03:00,-0.2958126773560821
2020-09-13 11:06:00,-0.3547912621290834
2020-09-13 11:09:00,-0.33942090056740426
2020-09-13 11:12:00,-0.31276884923397574
2020-09-13 11:15:00,-0.2704789126938181
2020-09-13 11:18:00,-0.33639511198322225
2020-09-13 11:21:00,-0.3481811584251773
2020-09-13 11:24:00,-0.29865793236211857
2020-09-13 11:27:00,-0.33236975748110353
2020-09-13 11:30:00,-0.3482680327422827
2020-09-13 11:33:00,-0.38166702184514634
2020-09-13 11:36:00,-0.3379027608704632
2020-09-13 11:39:00,-0.39023493432534906
2020-09-13 11:42:00,-0.3223883482863812
2020-09-13 11:45:00,-0.27568710170612576
2020-09-13 11:48:00,-0.3297633044665531
2020-09-13 11:51:00,-0.3864426715983882
2020-09-13 11:54:00,-0.3233926490050294
2020-09-13 11:57:00,-0.35155482131443705
2020-09-13 12:00:00,-0.24970842321914688
2020-09-13 12:03:00,-0.30522234839185103
2020-09-13 12:06:00,-0.22728899943689385
2020-09-13 12:09:00,-0.33842314751154845
2020-09-13 12:12:00,-0.28757233818203076
2020-09-13 12:15:00,-0.328270392717684
2020-09-13 12:18:00,-0.3971254399113491
2020-09-13 12:21:00,-0.3569641663722223
2020-09-13 12:24:00,-0.3440247935873231
2020-09-13 12:27:00,-0.40349801228086335
2020-09-13 12:30:00,-0.3558029797130189
2020-09-13 12:33:00,-0.38380098519110106
2020-09-13 12:36:00,-0.4398213366209802
2020-09-13 12:39:00,-0.36554105118284497
2020-09-13 12:42:00,-0.45766315542874736
2020-09-13 12:45:00,-0.4355139101750183
2020-09-13 12:48:00,-0.37800308802934524
2020-09-13 12:51:00,-0.35877882279766027
2020-09-13 12:54:00,-0.40067231817425863
2020-09-13 12:57:00,-0.3720603537609577
2020-09-13 13:00:00,-0.3411246879558689
2020-09-13 13:03:00,-0.42169388797390184
2020-09-13 13:06:00,-0.3907877914728033
2020-09-13 13:09:00,-0.46614566037027316
2020-09-13 13:12:00,-0.37330497660201445
2020-09-13 13:15:00,-0.35971469404609024
2020-09-13 13:18:00,-0.32346254227360305
2020-09-13 13:21:00,-0.3601952910393038
2020-09-13 13:24:00,-0.4162469452005553
2020-09-13 13:27:00,-0.47202906673686584
2020-09-13 13:30:00,-0.36657577293266286
2020-09-13 13:33:00,-0.389294872058656
2020-09-13 13:36:00,-0.42904474975870244
2020-09-13 13:39:00,-0.4894400912917263
2020-09-13 13:42:00,-0.5023023911667792
2020-09-13 13:45:00,-0.45258821143579553
2020-09-13 13:48:00,-0.4914652026362205
2020-09-13 13:51:00,-0.4631732477327546
2020-09-13 13:54:00,-0.38466986286528027
2020-09-13 13:57:00,-0.5270387395205489
2020-09-13 14:00:00,-0.46187921218205474
2020-09-13 14:03:00,-0.4127635602402506
2020-09-13 14:06:00,-0.48189302165252457
2020-09-13 14:09:00,-0.47784194905472077
2020-09-13 14:12:00,-0.48088135837321033
2020-09-13 14:15:00,-0.4432164881093854
2020-09-13 14:18:00,-0.48440237244278705
2020-09-13 14:21:00,-0.5110315394786085
2020-09-13 14:24:00,-0.40064241359954167
2020-09-13 14:27:00,-0.4616136071788901
2020-09-13 14:30:00,-0.5147796568646186
2020-09-13 14:33:00,-0.5185280006687663
2020-09-13 14:36:00,-0.3904209839889745
2020-09-13 14:39:00,-0.4250050693779599
2020-09-13 14:42:00,-0.40723672948064404
2020-09-13 14:45:00,-0.44086897049896834
2020-09-13 14:48:00,-0.4192169983406302
2020-09-13 14:51:00,-0.4198213877702983
2020-09-13 14:54:00,-0.42083333845562265
2020-09-13 14:57:00,-0.4383233055032747
2020-09-13 15:00:00,-0.4979440264820596
2020-09-13 15:03:00,-0.4366683594343499
2020-09-13 15:06:00,-0.45032337228843744
2020-09-13 15:09:00,-0.4504242925765425
2020-09-13 15:12:00,-0.39475093916030346
2020-09-13 15:15:00,-0.45195202926947786
2020-09-13 15:18:00,-0.44761368350469866
2020-09-13 15:21:00,-0.4197041827632688
2020-09-13 15:24:00,-0.45807334606155337
2020-09-13 15:27:00,-0.428360180068978
2020-09-13 15:30:00,-0.47652407883913384
2020-09-13 15:33:00,-0.45802439882334056
2020-09-13 15:36:00,-0.45891222016439315
2020-09-13 15:39:00,-0.4328910233976444
2020-09-13 15:42:00,-0.3931062750393721
2020-09-13 15:45:00,-0.3818083813368389
2020-09-13 15:48:00,-0.45508474374372554
2020-09-13 15:51:00,-0.43785225384010573
2020-09-13 15:54:00,-0.43230296808883395
2020-09-13 15:57:00,-0.4285168271764519
2020-09-13 16:00:00,-0.4062585861736352
2020-09-13 16:03:00,-0.39727009616944997
2020-09-13 16:06:00,-0.39517949318985757
2020-09-13 16:09:00,-0.45898244529092835
2020-09-13 16:12:00,-0.41370403318148874
2020-09-13 16:15:00,-0.4621666622643943
2020-09-13 16:18:00,-0.4187155435091654
2020-09-13 16:21:00,-0.38242226504797827
2020-09-13 16:24:00,-0.43428979397043577
2020-09-13 16:27:00,-0.46264169465393934
2020-09-13 16:30:00,-0.4413781359278346
2020-09-13 16:33:00,-0.439044373100387
2020-09-13 16:36:00,-0.41501734813016355
2020-09-13 16:39:00,-0.4216825428584343
2020-09-13 16:42:00,-0.46839231995301134
2020-09-13 16:45:00,-0.4244036196850516
2020-09-13 16:48:00,-0.43466367356450064
2020-09-13 16:51:00,-0.442349813553335
2020-09-13 16:54:00,-0.40494371385528893
2020-09-13 16:57:00,-0.440530915688953
2020-09-13 17:00:00,-0.45111344807116893
2020-09-13 17:03:00,-0.4072421662842203
2020-09-13 17:06:00,-0.42432882105788394
2020-09-13 17:09:00,-0.4259850940767933
2020-09-13 17:12:00,-0.44484621727241347
2020-09-13 17:15:00,-0.4288555208660796
2020-09-13 17:18:00,-0.35412154004200147
2020-09-13 17:21:00,-0.41253019016454573
2020-09-13 17:24:00,-0.4097299525677158
2020-09-13 17:27:00,-0.3834895311463242
2020-09-13 17:30:00,-0.3983084857206336
2020-09-13 17:33:00,-0.41329449753584413
2020-09-13 17:36:00,-0.41701182128696246
2020-09-13 17:39:00,-0.43976669265651935
2020-09-13 17:42:00,-0.4122153869872136
2020-09-13 17:45:00,-0.37096602804484746
2020-09-13 17:48:00,-0.41114935598056945
2020-09-13 17:51:00,-0.36734628655216284
2020-09-13 17:54:00,-0.3219079994596541
2020-09-13 17:57:00,-0.36988788117440663
2020-09-13 18:00:00,-0.3809299789221541
2020-09-13 18:03:00,-0.3461648577755341
2020-09-13 18:06:00,-0.2944118617572826
2020-09-13 18:09:00,-0.19735801483778914
2020-09-13 18:12:00,-0.2687768626969955
2020-09-13 18:15:00,-0.198363972685911
2020-09-13 18:18:00,-0.2849240720687476
2020-09-13 18:21:00,-0.1686321876474608
2020-09-13 18:24:00,-0.11061552313719858
2020-09-13 18:27:00,-0.1175550551328115
2020-09-13 18:30:00,-0.0711411864858178
2020-09-13 18:33:00,-0.09304792028007114
2020-09-13 18:36:00,-0.052480301411378605
2020-09-13 18:39:00,-0.11474318239345394
2020-09-13 18:42:00,-0.04814252746695047
2020-09-13 18:45:00,-0.03271033259147771
2020-09-13 18:48:00,-0.07966527240574806
2020-09-13 18:51:00,-0.0960698113331091
2020-09-13 18:54:00,-0.09003556498856824
2020-09-13 18:57:00,
2020-09-13 19:00:00,
2020-09-13 19:03:00,-0.11929683201611851
2020-09-13 19:06:00,-0.0819483713701743
2020-09-13 19:09:00,-0.11734306038505338
2020-09-13 19:12:00,-0.06129423913591836
2020-09-13 19:15:00,-0.06374446857341809
2020-09-13 19:18:00,-0.07269252273334814
2020-09-13 19:21:00,-0.08677740616155916
2020-09-13 19:24:00,-0.1226996228173789
2020-09-13 19:27:00,-0.0504644701600796
2020-09-13 19:30:00,-0.07860048832031907
2020-09-13 19:33:00,-0.06637494609810801
2020-09-13 19:36:00,-0.024349727350113426
2020-09-13 19:39:00,-0.07608862987416387
2020-09-13 19:42:00,-0.030426067256485112
2020-09-13 19:45:00,-0.016097311392741176
2020-09-13 19:48:00,-0.06175085746036757
2020-09-13 19:51:00,0.0326635583269308
2020-09-13 19:54:00,0.011858148043643268
2020-09-13 19:57:00,0.0008305818213329985
2020-09-13 20:00:00,-0.018317314956220798
2020-09-13 20:03:00,0.016132261832410677
2020-09-13 20:06:00,-0.012030099409969353
2020-09-13 20:09:00,-0.053668312950492236
2020-09-13 20:12:00,-0.01969000449531677
2020-09-13 20:15:00,0.02394034414834323
2020-09-13 20:18:00,-0.027298873612551233
2020-09-13 20:21:00,-0.07978579273122932
2020-09-13 20:24:00,-0.004315656616938668
2020-09-13 20:27:00,-0.06971291053849882
2020-09-13 20:30:00,-0.0018274073248107925
2020-09-13 20:33:00,-0.036145110730956276
2020-09-13 20:36:00,0.028675307711580444
2020-09-13 20:39:00,0.006586549778774042
2020-09-13 20:42:00,0.029768551686458977
2020-09-13 20:45:00,0.07079856447427346
2020-09-13 20:48:00,-0.08311214796503918
2020-09-13 20:51:00,0.030654720895824994
2020-09-13 20:54:00,-0.006410574398842073
2020-09-13 20:57:00,0.08870699327775355
2020-09-13 21:00:00,0.027241693011490042
2020-09-13 21:03:00,0.0013687884750765988
2020-09-13 21:06:00,0.03964592294511249
2020-09-13 21:09:00,0.07197542346784758
2020-09-13 21:12:00,0.10915377298005069
2020-09-13 21:15:00,0.0798636816390399
2020-09-13 21:18:00,0.09081570048545018
2020-09-13 21:21:00,0.1237439268748517
2020-09-13 21:24:00,0.11522488351477023
2020-09-13 21:27:00,0.15339344614699257
2020-09-13 21:30:00,0.07114809719928417
2020-09-13 21:33:00,0.07700964702172541
2020-09-13 21:36:00,0.0729906759743244
2020-09-13 21:39:00,0.03532146689832416
2020-09-13 21:42:00,-0.04768887710577019
2020-09-13 21:45:00,0.0408661468895275
2020-09-13 21:48:00,0.017345894203288026
2020-09-13 21:51:00,0.04205950730374752
2020-09-13 21:54:00,-0.046594277594067535
2020-09-13 21:57:00,0.0819296882599474
2020-09-13 22:00:00,0.122581571861474
2020-09-13 22:03:00,0.02653075263390292
2020-09-13 22:06:00,0.023790799716664424
2020-09-13 22:09:00,0.06930581328117569
2020-09-13 22:12:00,0.03868710041007262
2020-09-13 22:15:00,-0.011173132443730083
2020-09-13 22:18:00,0.006273547050625439
2020-09-13 22:21:00,0.1264740415522283
2020-09-13 22:24:00,0.03116857165792908
2020-09-13 22:27:00,-0.018260084196981552
2020-09-13 22:30:00,0.0230303206658391
2020-09-13 22:33:00,0.07194047643423573
2020-09-13 22:36:00,0.10992382374007548
2020-09-13 22:39:00,0.060874258888134136
2020-09-13 22:42:00,0.04366743535808837
2020-09-13 22:45:00,0.05643546169471847
2020-09-13 22:48:00,0.061618085926227195
2020-09-13 22:51:00,0.07475229795403493
2020-09-13 22:54:00,0.001114968342164957
2020-09-13 22:57:00,0.07045974324648796
2020-09-13 23:00:00,0.10025743230153239
2020-09-13 23:03:00,0.11682694137994076
2020-09-13 23:06:00,0.11087427419494134
2020-09-13 23:09:00,0.16502643142513307
2020-09-13 23:12:00,0.06608174489036855
2020-09-13 23:15:00,0.10430361954581713
2020-09-13 23:18:00,0.11105981731628844
2020-09-13 23:21:00,0.0756393258004664
2020-09-13 23:24:00,0.041187981970495
2020-09-13 23:27:00,0.0360800151102012
2020-09-13 23:30:00,0.023054276796813156
2020-09-13 23:33:00,0.03768697659887721
2020-09-13 23:36:00,0.0518751556160737
2020-09-13 23:39:00,0.03392105872705997
2020-09-13 23:42:00,0.07609344014940689
2020-09-13 23:45:00,0.032746645432098376
2020-09-13 23:48:00,0.029913932534498144
2020-09-13 23:51:00,0.0031105047337405267
2020-09-13 23:54:00,0.14708653864187227
2020-09-13 23:57:00,0.03935844055291682
2020-09-14 00:00:00,0.10864532141681593
2020-09-14 00:03:00,0.12217411203562278
2020-09-14 00:06:00,0.07653807795020384
2020-09-14 00:09:00,0.07884442503251421
2020-09-14 00:12:00,0.11563657794818027
2020-09-14 00:15:00,0.1480156004778337
2020-09-14 00:18:00,0.1656944355023029
2020-09-14 00:21:00,0.09173957875918859
2020-09-14 00:24:00,0.16694774008294644
2020-09-14 00:27:00,0.11908174397217408
2020-09-14 00:30:00,0.13575046907232036
2020-09-14 00:33:00,0.15361361143726526
2020-09-14 00:36:00,0.15625922243742707
2020-09-14 00:39:00,0.10979331495821043
2020-09-14 00:42:00,0.1413993015238475
2020-09-14 00:45:00,0.10350907226535355
2020-09-14 00:48:00,0.1032327478247339
2020-09-14 00:51:00,0.14015094304591003
2020-09-14 00:54:00,0.12833082034785548
2020-09-14 00:57:00,0.17260923717657306
2020-09-14 01:00:00,0.15164977603137686
2020-09-14 01:03:00,0.17555027500674214
2020-09-14 01:06:00,0.12598669304821897
2020-09-14 01:09:00,0.12880936575572832
2020-09-14 01:12:00,0.16418733357255633
2020-09-14 01:15:00,0.1542065630795264
2020-09-14 01:18:00,0.10755215705262344
2020-09-14 01:21:00,0.15684728824612648
2020-09-14 01:24:00,0.23665605419057556
2020-09-14 01:27:00,0.16309134956497928
2020-09-14 01:30:00,0.17739092961659253
2020-09-14 01:33:00,0.15726974252254422
2020-09-14 01:36:00,0.14821179766090609
2020-09-14 01:39:00,0.18945227154586064
2020-09-14 01:42:00,0.12396939533294926
2020-09-14 01:45:00,0.10251309296018007
2020-09-14 01:48:00,0.17956936659163603
2020-09-14 01:51:00,0.17706578361406855
2020-09-14 01:54:00,0.18685745189719682
2020-09-14 01:57:00,0.18266546632725067
2020-09-14 02:00:00,0.11861217307819061
2020-09-14 02:03:00,0.155688296485323
2020-09-14 02:06:00,0.2254173054350872
2020-09-14 02:09:00,0.19022992495365543
2020-09-14 02:12:00,0.16367196848074173
2020-09-14 02:15:00,0.207267954186932
2020-09-14 02:18:00,0.23143604920221605
2020-09-14 02:21:00,0.18060903374146164
2020-09-14 02:24:00,0.2215108548514877
2020-09-14 02:27:00,0.2368465024049442
2020-09-14 02:30:00,0.2718867945047805
2020-09-14 02:33:00,0.19395741145120837
2020-09-14 02:36:00,0.2583666419652104
2020-09-14 02:39:00,0.24323583039165442
2020-09-14 02:42:00,0.307338754250452
2020-09-14 02:45:00,0.27148852991581407
2020-09-14 02:48:00,0.3088257105144976
2020-09-14 02:51:00,0.3012060575198916
2020-09-14 02:54:00,0.28609716011101227
2020-09-14 02:57:00,0.2352255004335575
2020-09-14 03:00:00,0.253087554202466
2020-09-14 03:03:00,0.2945707911859472
2020-09-14 03:06:00,0.254266726181811
2020-09-14 03:09:00,0.33526854499501724
2020-09-14 03:12:00,0.30274790381747607
2020-09-14 03:15:00,0.23530713325470742
2020-09-14 03:18:00,0.24373569827508845
2020-09-14 03:21:00,0.22570696485735198
2020-09-14 03:24:00,0.2920381097403606
2020-09-14 03:27:00,0.3052406953150921
2020-09-14 03:30:00,0.273839494187996
2020-09-14 03:33:00,0.2538596169255243
2020-09-14 03:36:00,0.28347765683116677
2020-09-14 03:39:00,0.2609510926540679
2020-09-14 03:42:00,0.3116074234261532
2020-09-14 03:45:00,0.2667586759930032
2020-09-14 03:48:00,0.3113394325882268
2020-09-14 03:51:00,0.28498959810309543
2020-09-14 03:54:00,0.3622890163736656
2020-09-14 03:57:00,0.26482813905209923
2020-09-14 04:00:00,0.29807463879791385
2020-09-14 04:03:00,0.27413338803154375
2020-09-14 04:06:00,0.38173660867522585
2020-09-14 04:09:00,0.346752115847778
2020-09-14 04:12:00,0.374913367074555
2020-09-14 04:15:00,0.36107816401084847
2020-09-14 04:18:00,0.3298002848773649
2020-09-14 04:21:00,0.32588477251459835
2020-09-14 04:24:00,0.36578117332709326
2020-09-14 04:27:00,0.36118257729725656
2020-09-14 04:30:00,0.3715823538815357
2020-09-14 04:33:00,0.3395285008243718
2020-09-14 04:36:00,0.35626823360172466
2020-09-14 04:39:00,0.4314023435055674
2020-09-14 04:42:00,0.37492452852740143
2020-09-14 04:45:00,0.3820033309531823
2020-09-14 04:48:00,0.32376898342658933
2020-09-14 04:51:00,0.36896986492945416
2020-09-14 04:54:00,0.3679368301546333
2020-09-14 04:57:00,0.3911187266695606
2020-09-14 05:00:00,0.3638941342177304
2020-09-14 05:03:00,0.3580072847640281
2020-09-14 05:06:00,0.3873996045454078
2020-09-14 05:09:00,0.4002891986193049
2020-09-14 05:12:00,0.37602914554918243
2020-09-14 05:15:00,0.39197035437337036
2020-09-14 05:18:00,0.41325530146190204
2020-09-14 05:21:00,0.36469023681002
2020-09-14 05:24:00,0.3915224712323493
2020-09-14 05:27:00,0.39335321113566124
2020-09-14 05:30:00,0.362055468418248
2020-09-14 05:33:00,0.42647358784483913
2020-09-14 05:36:00,0.4842474337145859
2020-09-14 05:39:00,0.3953277580283725
2020-09-14 05:42:00,0.40292502634787297
2020-09-14 05:45:00,0.4508746606613272
2020-09-14 05:48:00,0.4289344222564182
2020-09-14 05:51:00,0.4088778649549454
2020-09-14 05:54:00,0.4297226101200522
2020-09-14 05:57:00,0.3889866169077436
2020-09-14 06:00:00,0.39934305809867965
2020-09-14 06:03:00,0.43645581449629844
2020-09-14 06:06:00,0.42200390490990003
2020-09-14 06:09:00,0.3871015722930906
2020-09-14 06:12:00,0.4074607505238532
2020-09-14 06:15:00,0.43833614415660804
2020-09-14 06:18:00,0.41960749636575656
2020-09-14 06:21:00,0.45255359287654073
2020-09-14 06:24:00,0.41032356380651436
2020-09-14 06:27:00,0.4374105462745206
2020-09-14 06:30:00,0.4438558191266111
2020-09-14 06:33:00,0.4560723914713094
2020-09-14 06:36:00,0.5092463547310331
2020-09-14 06:39:00,0.44809499864334157
2020-09-14 06:42:00,0.5010068007052269
2020-09-14 06:45:00,0.4404964786177743
2020-09-14 06:48:00,0.43789008936386153
2020-09-14 06:51:00,0.45512540434469884
2020-09-14 06:54:00,0.48836402961541125
2020-09-14 06:57:00,0.46965450597542713
2020-09-14 07:00:00,0.4363255153054979
2020-09-14 07:03:00,0.4000780792341061
2020-09-14 07:06:00,0.43533086673198795
2020-09-14 07:09:00,0.4305992540572561
2020-09-14 07:12:00,0.4588220616906824
2020-09-14 07:15:00,0.4137378273833292
2020-09-14 07:18:00,0.4739651044182551
2020-09-14 07:21:00,0.4398392528763111
2020-09-14 07:24:00,0.4509195671391808
2020-09-14 07:27:00,0.41577511083056606
2020-09-14 07:30:00,0.4781415510119018
2020-09-14 07:33:00,0.4351240732260635
2020-09-14 07:36:00,0.4946065757037559
2020-09-14 07:39:00,0.42171610211011057
2020-09-14 07:42:00,0.40474394274093584
2020-09-14 07:45:00,0.414915038123695
2020-09-14 07:48:00,0.37245029104059313
2020-09-14 07:51:00,0.44027295944931666
2020-09-14 07:54:00,0.42998059352538576
2020-09-14 07:57:00,0.4124602891304221
2020-09-14 08:00:00,0.39346928890370236
2020-09-14 08:03:00,0.4195797371700678
2020-09-14 08:06:00,0.33477575001109017
2020-09-14 08:09:00,0.35715444966422183
2020-09-14 08:12:00,0.34308135475765766
2020-09-14 08:15:00,0.39049686634342606
2020-09-14 08:18:00,0.3114151001146297
2020-09-14 08:21:00,0.3081358541215309
2020-09-14 08:24:00,0.2558218657483735
2020-09-14 08:27:00,0.2604638115686271
2020-09-14 08:30:00,0.23071478614087937
2020-09-14 08:33:00,0.23696967992350437
2020-09-14 08:36:00,0.2711876860082043
2020-09-14 08:39:00,0.2053151391648953
2020-09-14 08:42:00,0.15221735625220845
2020-09-14 08:45:00,0.18924961242555582
2020-09-14 08:48:00,0.15457265364898376
2020-09-14 08:51:00,0.17138325266233778
2020-09-14 08:54:00,0.12985551527930284
2020-09-14 08:57:00,0.1566423640473431
2020-09-14 09:00:00,0.14435383717619743
2020-09-14 09:03:00,0.1270284266025783
2020-09-14 09:06:00,0.07997808853730248
2020-09-14 09:09:00,0.06804654592360748
2020-09-14 09:12:00,0.08724193127937951
2020-09-14 09:15:00,0.048936146194421326
2020-09-14 09:18:00,0.0027650205639133674
2020-09-14 09:21:00,-0.06993034849489277
2020-09-14 09:24:00,-0.0978112380296352
2020-09-14 09:27:00,-0.06098910923611811
2020-09-14 09:30:00,-0.08967173602161438
2020-09-14 09:33:00,-0.14461417999314108
2020-09-14 09:36:00,-0.08229666602653651
2020-09-14 09:39:00,-0.13262918990534445
2020-09-14 09:42:00,-0.17652771506607223
2020-09-14 09:45:00,-0.19693039682226754
2020-09-14 09:48:00,-0.1737379627357427
2020-09-14 09:51:00,-0.23561659084401754
2020-09-14 09:54:00,-0.20826580811217354
2020-09-14 09:57:00,-0.2707437380428246
2020-09-14 10:00:00,-0.25450361101803765
2020-09-14 10:03:00,-0.20203968303189868
2020-09-14 10:06:00,-0.177338616735085
2020-09-14 10:09:00,-0.27998515153365133
2020-09-14 10:12:00,-0.2828343409866534
2020-09-14 10:15:00,-0.2506874349118675
2020-09-14 10:18:00,-0.18936553703554182
2020-09-14 10:21:00,-0.24560367016823648
2020-09-14 10:24:00,-0.2884193075108783
2020-09-14 10:27:00,-0.17894633582204733
2020-09-14 10:30:00,-0.19858569733071363
2020-09-14 10:33:00,-0.33815533538751197
2020-09-14 10:36:00,-0.25092534013595014
2020-09-14 10:39:00,-0.3435342529222112
2020-09-14 10:42:00,-0.2552749078548686
2020-09-14 10:45:00,-0.1763170866761925
2020-09-14 10:48:00,-0.24099530609760222
2020-09-14 10:51:00,-0.21083003125323785
2020-09-14 10:54:00,-0.25838781950068324
2020-09-14 10:57:00,-0.3331949660693567
2020-09-14 11:00:00,-0.33180868198633107
2020-09-14 11:03:00,-0.33972470717009173
2020-09-14 11:06:00,-0.327054828154246
2020-09-14 11:09:00,-0.3139431538635904
2020-09-14 11:12:00,-0.248970099869382
2020-09-14 11:15:00,-0.2991375510586636
2020-09-14 11:18:00,-0.3438692636619862
2020-09-14 11:21:00,-0.3250680921786966
2020-09-14 11:24:00,-0.3501584441125942
2020-09-14 11:27:00,-0.35281638507035495
2020-09-14 11:30:00,-0.41709543649864145
2020-09-14 11:33:00,-0.41443429969325507
2020-09-14 11:36:00,-0.349064095763822
2020-09-14 11:39:00,-0.2884347404774985
2020-09-14 11:42:00,-0.39011346131854907
2020-09-14 11:45:00,-0.38905563626525463
2020-09-14 11:48:00,-0.376754155697256
2020-09-14 11:51:00,-0.3324572717377805
2020-09-14 11:54:00,-0.35415055517637484
2020-09-14 11:57:00,-0.4049001952241724
2020-09-14 12:00:00,-0.3805101651271343
2020-09-14 12:03:00,-0.4156247537091531
2020-09-14 12:06:00,-0.416746377702907
2020-09-14 12:09:00,-0.40903854706891707
2020-09-14 12:12:00,-0.42878011446180153
2020-09-14 12:15:00,-0.36558279320115616
2020-09-14 12:18:00,-0.41207443078729966
2020-09-14 12:21:00,-0.42078512797104395
2020-09-14 12:24:00,-0.4686925690175485
2020-09-14 12:27:00,-0.40558411965582764
2020-09-14 12:30:00,-0.40605976305215563
2020-09-14 12:33:00,-0.47305365761769735
2020-09-14 12:36:00,-0.4679718316570529
2020-09-14 12:39:00,-0.4693833386954793
2020-09-14 12:42:00,-0.5191147117060382
2020-09-14 12:45:00,-0.465892231823716
2020-09-14 12:48:00,-0.47853595436401974
2020-09-14 12:51:00,-0.5077592262216513
2020-09-14 12:54:00,-0.41371001439563315
2020-09-14 12:57:00,-0.4968819794224828
2020-09-14 13:00:00,-0.4953498353200416
2020-09-14 13:03:00,-0.4844624173863963
2020-09-14 13:06:00,-0.4964103823601249
2020-09-14 13:09:00,-0.4987129740753744
2020-09-14 13:12:00,-0.48681967001681414
2020-09-14 13:15:00,-0.42871138715929646
2020-09-14 13:18:00,-0.4908650862320769
2020-09-14 13:21:00,-0.4487065357706683
2020-09-14 13:24:00,-0.414174970290901
2020-09-14 13:27:00,-0.41341153398974484
2020-09-14 13:30:00,-0.4820222330162096
2020-09-14 13:33:00,-0.49394611045761394
2020-09-14 13:36:00,-0.44792777253655913
2020-09-14 13:39:00,-0.38573362758234
2020-09-14 13:42:00,-0.42231594855303456
2020-09-14 13:45:00,-0.5022855420985479
2020-09-14 13:48:00,-0.5619955258619598
2020-09-14 13:51:00,-0.49114772487871505
2020-09-14 13:54:00,-0.5014604262444777
2020-09-14 13:57:00,-0.5280058881426157
2020-09-14 14:00:00,-0.46728876127940566
2020-09-14 14:03:00,-0.5177956408459181
2020-09-14 14:06:00,-0.5496776176830735
2020-09-14 14:09:00,-0.5258525465785624
2020-09-14 14:12:00,-0.5019748947783
2020-09-14 14:15:00,-0.5220092187145156
2020-09-14 14:18:00,-0.533665786539359
2020-09-14 14:21:00,-0.4893302386631717
2020-09-14 14:24:00,-0.4975291428972355
2020-09-14 14:27:00,-0.47091618455704065
2020-09-14 14:30:00,-0.5257656573465965
2020-09-14 14:33:00,-0.6372701654545381
2020-09-14 14:36:00,-0.49063532094311313
2020-09-14 14:39:00,-0.5234579952475542
2020-09-14 14:42:00,-0.5397007274578982
2020-09-14 14:45:00,-0.5038962927072248
2020-09-14 14:48:00,-0.4679022579439902
2020-09-14 14:51:00,-0.4757642222946856
2020-09-14 14:54:00,-0.48451597615127184
2020-09-14 14:57:00,-0.4878422611216706
2020-09-14 15:00:00,-0.48010339428350335
2020-09-14 15:03:00,-0.44652678773286425
2020-09-14 15:06:00,-0.4723196531892313
2020-09-14 15:09:00,-0.4609557408182354
2020-09-14 15:12:00,-0.46187221438208326
2020-09-14 15:15:00,-0.5563895497426188
2020-09-14 15:18:00,-0.5040037039231038
2020-09-14 15:21:00,-0.5086543205532053
2020-09-14 15:24:00,-0.5189265767783695
2020-09-14 15:27:00,-0.530469029471135
2020-09-14 15:30:00,-0.5387119509542799
2020-09-14 15:33:00,-0.5768578248769245
2020-09-14 15:36:00,-0.5117859389293926
2020-09-14 15:39:00,-0.4359090896142561
2020-09-14 15:42:00,-0.5152724961944841
2020-09-14 15:45:00,-0.47032499735598776
2020-09-14 15:48:00,-0.5201280654436005
2020-09-14 15:51:00,-0.46030485074408034
2020-09-14 15:54:00,-0.5335035762566349
2020-09-14 15:57:00,-0.5361287784768365
2020-09-14 16:00:00,-0.5322954992565769
2020-09-14 16:03:00,-0.5767828187056807
2020-09-14 16:06:00,-0.5325284374407602
2020-09-14 16:09:00,-0.531694315438358
2020-09-14 16:12:00,-0.5474702497798489
2020-09-14 16:15:00,-0.411284737042763
2020-09-14 16:18:00,-0.4396723129639213
2020-09-14 16:21:00,-0.45397373952914677
2020-09-14 16:24:00,-0.5072621671374691
2020-09-14 16:27:00,-0.40886348877432965
2020-09-14 16:30:00,-0.44465065547007043
2020-09-14 16:33:00,-0.3230410986394645
2020-09-14 16:36:00,-0.4137616666110375
2020-09-14 16:39:00,-0.39718107634394073
2020-09-14 16:42:00,-0.4040901305941702
2020-09-14 16:45:00,-0.4158844151036192
2020-09-14 16:48:00,-0.43235043194329137
2020-09-14 16:51:00,-0.4073931473098469
2020-09-14 16:54:00,-0.35416656688585135
2020-09-14 16:57:00,-0.3839610515241816
2020-09-14 17:00:00,-0.4271150908762138
2020-09-14 17:03:00,-0.4160949378377268
2020-09-14 17:06:00,-0.3386139583596446
2020-09-14 17:09:00,-0.3772420347209504
2020-09-14 17:12:00,-0.4185474431960756
2020-09-14 17:15:00,-0.3943555932628442
2020-09-14 17:18:00,-0.44379056380466864
2020-09-14 17:21:00,-0.402870973240681
2020-09-14 17:24:00,-0.35899512497979913
2020-09-14 17:27:00,-0.336096485703024
2020-09-14 17:30:00,-0.376550036051583
2020-09-14 17:33:00,-0.3595996308261533
2020-09-14 17:36:00,-0.3621298779621611
2020-09-14 17:39:00,-0.26083912815238364
2020-09-14 17:42:00,-0.2666501359182121
2020-09-14 17:45:00,-0.22744459862633448
2020-09-14 17:48:00,-0.2042010797655962
2020-09-14 17:51:00,-0.19786390997762737
2020-09-14 17:54:00,-0.15227823034337007
2020-09-14 17:57:00,-0.2062478933598868
2020-09-14 18:00:00,-0.20612099727554778
2020-09-14 18:03:00,-0.15080805077616333
2020-09-14 18:06:00,-0.18104056020064263
2020-09-14 18:09:00,-0.18149576579634186
2020-09-14 18:12:00,-0.0972270547709968
2020-09-14 18:15:00,-0.13918737713657947
2020-09-14 18:18:00,-0.10762095262771254
2020-09-14 18:21:00,-0.10875784987109682
2020-09-14 18:24:00,-0.1636952742363178
2020-09-14 18:27:00,-0.1593398964889161
2020-09-14 18:30:00,-0.1472626982314864
2020-09-14 18:33:00,-0.13001456025369862
2020-09-14 18:36:00,-0.09029412072453624
2020-09-14 18:39:00,-0.17416494700023577
2020-09-14 18:42:00,-0.032843107447263264
2020-09-14 18:45:00,-0.07000864635222115
2020-09-14 18:48:00,-0.07535337109669626
2020-09-14 18:51:00,-0.11993845537540437
2020-09-14 18:54:00,-0.10766582404397695
2020-09-14 18:57:00,
2020-09-14 19:00:00,
2020-09-14 19:03:00,-0.047665594122577204
2020-09-14 19:06:00,-0.1396604850216363
2020-09-14 19:09:00,-0.0721955260297591
2020-09-14 19:12:00,-0.1041817528601996
2020-09-14 19:15:00,-0.06241253590042106
2020-09-14 19:18:00,0.011027783320400886
2020-09-14 19:21:00,-0.10099812943849429
2020-09-14 19:24:00,-0.03180265425754669
2020-09-14 19:27:00,-0.04949304099835672
2020-09-14 19:30:00,-0.08370788244394589
2020-09-14 19:33:00,-0.10257389649103743
2020-09-14 19:36:00,-0.07175209918801784
2020-09-14 19:39:00,-0.07126018960792635
2020-09-14 19:42:00,-0.059665850494297956
2020-09-14 19:45:00,-0.09456000811661625
2020-09-14 19:48:00,-0.06847276609670416
2020-09-14 19:51:00,-0.012319305856749452
2020-09-14 19:54:00,-0.008372402883992436
2020-09-14 19:57:00,-0.0319340008461495
2020-09-14 20:00:00,-0.048501679171067735
2020-09-14 20:03:00,-0.048161532056894885
2020-09-14 20:06:00,-0.007776929400222343
2020-09-14 20:09:00,0.01225707517602359
2020-09-14 20:12:00,-0.06975106261251085
2020-09-14 20:15:00,-0.06551319933527111
2020-09-14 20:18:00,-0.03626611203844732
2020-09-14 20:21:00,0.03579708949825999
2020-09-14 20:24:00,-0.026169395080046343
2020-09-14 20:27:00,0.013084383520833853
2020-09-14 20:30:00,0.011164661814177634
2020-09-14 20:33:00,0.03142149847224118
2020-09-14 20:36:00,0.061811634160676476
2020-09-14 20:39:00,0.06577210671883904
2020-09-14 20:42:00,0.041385303750075764
2020-09-14 20:45:00,0.049034439346996805
2020-09-14 20:48:00,0.060108361834807056
2020-09-14 20:51:00,0.02904937888575887
2020-09-14 20:54:00,0.03347966930817847
2020-09-14 20:57:00,0.13400852163687205
2020-09-14 21:00:00,0.06455953840622897
2020-09-14 21:03:00,0.0009145407594814969
2020-09-14 21:06:00,0.09189817544734069
2020-09-14 21:09:00,0.08902453789431775
2020-09-14 21:12:00,0.10589076656390262
2020-09-14 21:15:00,0.05452781129753248
2020-09-14 21:18:00,0.11241847226455093
2020-09-14 21:21:00,0.11597357757074178
2020-09-14 21:24:00,0.12979900263775335
2020-09-14 21:27:00,0.0945127699823729
2020-09-14 21:30:00,0.0843781065686926
2020-09-14 21:33:00,0.09909637308521724
2020-09-14 21:36:00,0.07371485461612792
2020-09-14 21:39:00,0.07570142632476973
2020-09-14 21:42:00,0.10765281000215055
2020-09-14 21:45:00,0.1349836487038374
2020-09-14 21:48:00,0.09549355624403688
2020-09-14 21:51:00,0.16227415449100135
2020-09-14 21:54:00,0.18920062709054264
2020-09-14 21:57:00,0.14983203167059855
2020-09-14 22:00:00,0.13743250290082187
2020-09-14 22:03:00,0.17111900157846094
2020-09-14 22:06:00,0.14039149436013076
2020-09-14 22:09:00,0.09563410677952788
2020-09-14 22:12:00,0.10456008077477463
2020-09-14 22:15:00,0.1003445434919854
2020-09-14 22:18:00,0.1983677210910173
2020-09-14 22:21:00,0.1956734136082332
2020-09-14 22:24:00,0.13727825977235852
2020-09-14 22:27:00,0.16669725694981707
2020-09-14 22:30:00,0.1990175110581731
2020-09-14 22:33:00,0.10563091824224102
2020-09-14 22:36:00,0.15830508416934208
2020-09-14 22:39:00,0.18480128173388266
2020-09-14 22:42:00,0.19773781751297292
2020-09-14 22:45:00,0.06077331785087381
2020-09-14 22:48:00,0.09529982753440436
2020-09-14 22:51:00,0.11915554554900609
2020-09-14 22:54:00,0.12944201523669108
2020-09-14 22:57:00,0.22725199614211533
2020-09-14 23:00:00,0.14039048944300703
2020-09-14 23:03:00,0.24290638212374915
2020-09-14 23:06:00,0.2559955294753422
2020-09-14 23:09:00,0.19123842722473228
2020-09-14 23:12:00,0.16218075396812992
2020-09-14 23:15:00,0.15521660736516196
2020-09-14 23:18:00,0.1724175733727975
2020-09-14 23:21:00,0.17359326795934749
2020-09-14 23:24:00,0.12241880905361313
2020-09-14 23:27:00,0.07391574050308236
2020-09-14 23:30:00,0.12948802818232252
2020-09-14 23:33:00,0.07786788079835105
2020-09-14 23:36:00,0.05901581332727801
2020-09-14 23:39:00,0.10613502036977707
2020-09-14 23:42:00,0.08694833114640232
2020-09-14 23:45:00,0.16511959509608687
2020-09-14 23:48:00,0.16177637871868455
2020-09-14 23:51:00,0.13019540674753216
2020-09-14 23:54:00,0.17800736322675448
2020-09-14 23:57:00,0.1453342530876398
2020-09-15 00:00:00,0.09485929427773954
2020-09-15 00:03:00,0.10163237967975647
2020-09-15 00:06:00,0.15426430386173706
2020-09-15 00:09:00,0.08107055746995684
2020-09-15 00:12:00,0.1315611830624448
2020-09-15 00:15:00,0.03848211785384592
2020-09-15 00:18:00,0.10573381359614586
2020-09-15 00:21:00,0.13680071786109238
2020-09-15 00:24:00,0.19649796156375032
2020-09-15 00:27:00,0.20255848890224115
2020-09-15 00:30:00,0.21783544222154205
2020-09-15 00:33:00,0.16322378116905156
2020-09-15 00:36:00,0.11556422506203035
2020-09-15 00:39:00,0.17318444901923158
2020-09-15 00:42:00,0.22069826504997536
2020-09-15 00:45:00,0.21437877957362161
2020-09-15 00:48:00,0.19356121110473623
2020-09-15 00:51:00,0.09890977429830627
2020-09-15 00:54:00,0.18687569746305144
2020-09-15 00:57:00,0.18890911484010076
2020-09-15 01:00:00,0.19730799486137585
2020-09-15 01:03:00,0.21942389114229854
2020-09-15 01:06:00,0.2198870570781537
2020-09-15 01:09:00,0.21670074081299617
2020-09-15 01:12:00,0.2672326855567917
2020-09-15 01:15:00,0.2019643670226401
2020-09-15 01:18:00,0.21378733872239764
2020-09-15 01:21:00,0.14208912392871298
2020-09-15 01:24:00,0.19999832844194998
2020-09-15 01:27:00,0.1635120490535087
2020-09-15 01:30:00,0.21794420772278045
2020-09-15 01:33:00,0.19879030665867958
2020-09-15 01:36:00,0.16793117455216588
2020-09-15 01:39:00,0.1545280920325922
2020-09-15 01:42:00,0.21037655895554508
2020-09-15 01:45:00,0.1913484814137405
2020-09-15 01:48:00,0.1617595029970289
2020-09-15 01:51:00,0.21953479577814505
2020-09-15 01:54:00,0.18045932419875044
2020-09-15 01:57:00,0.18659666504044026
2020-09-15 02:00:00,0.15199297547206925
2020-09-15 02:03:00,0.21766861251040837
2020-09-15 02:06:00,0.185486092893143
2020-09-15 02:09:00,0.19860969838100573
2020-09-15 02:12:00,0.18651151651664577
2020-09-15 02:15:00,0.17690958394803147
2020-09-15 02:18:00,0.1404604787423409
2020-09-15 02:21:00,0.19109295477198884
2020-09-15 02:24:00,0.23583917331950488
2020-09-15 02:27:00,0.1818837630655139
2020-09-15 02:30:00,0.20108894403716704
2020-09-15 02:33:00,0.224389797779736
2020-09-15 02:36:00,0.18560281730333372
2020-09-15 02:39:00,0.20340464141133907
2020-09-15 02:42:00,0.2480740118403446
2020-09-15 02:45:00,0.2387972616838283
2020-09-15 02:48:00,0.180194643193488
2020-09-15 02:51:00,0.23698533041675773
2020-09-15 02:54:00,0.22865909842374776
2020-09-15 02:57:00,0.2532617446102563
2020-09-15 03:00:00,0.24113805156792978
2020-09-15 03:03:00,0.261668874737893
2020-09-15 03:06:00,0.21278547343507626
2020-09-15 03:09:00,0.2851201192663666
2020-09-15 03:12:00,0.22898675937705093
2020-09-15 03:15:00,0.20930806339703167
2020-09-15 03:18:00,0.24244477240603146
2020-09-15 03:21:00,0.27671101109723395
2020-09-15 03:24:00,0.2448912701610766
2020-09-15 03:27:00,0.17420038283739814
2020-09-15 03:30:00,0.17988804651980672
2020-09-15 03:33:00,0.23932107811759806
2020-09-15 03:36:00,0.22945968358209257
2020-09-15 03:39:00,0.2197975317952796
2020-09-15 03:42:00,0.26714544942859675
2020-09-15 03:45:00,0.21090698271848396
2020-09-15 03:48:00,0.2540053111810039
2020-09-15 03:51:00,0.2750512661408493
2020-09-15 03:54:00,0.1922845539448872
2020-09-15 03:57:00,0.2573886692953806
2020-09-15 04:00:00,0.22288550212283553
2020-09-15 04:03:00,0.20141855171880252
2020-09-15 04:06:00,0.1900490291562278
2020-09-15 04:09:00,0.20963362995235002
2020-09-15 04:12:00,0.27595373903756126
2020-09-15 04:15:00,0.26387026810880343
2020-09-15 04:18:00,0.25292923547578994
2020-09-15 04:21:00,0.29597969699699433
2020-09-15 04:24:00,0.33036222190310127
2020-09-15 04:27:00,0.2979977685624817
2020-09-15 04:30:00,0.32230212622948784
2020-09-15 04:33:00,0.25833187042002237
2020-09-15 04:36:00,0.2912111038054377
2020-09-15 04:39:00,0.27209268597903247
2020-09-15 04:42:00,0.2776692515237187
2020-09-15 04:45:00,0.266022876063289
2020-09-15 04:48:00,0.27487485442168236
2020-09-15 04:51:00,0.30113171382953396
2020-09-15 04:54:00,0.28875115587732125
2020-09-15 04:57:00,0.3034762171886314
2020-09-15 05:00:00,0.24292337774812722
2020-09-15 05:03:00,0.33106835503724596
2020-09-15 05:06:00,0.3224329840674045
2020-09-15 05:09:00,0.29347035994925363
2020-09-15 05:12:00,0.29975010051322215
2020-09-15 05:15:00,0.2920874496772967
2020-09-15 05:18:00,0.3291677402534674
2020-09-15 05:21:00,0.21218299657817852
2020-09-15 05:24:00,0.2560392833416927
2020-09-15 05:27:00,0.30186670290481743
2020-09-15 05:30:00,0.2648275282774648
2020-09-15 05:33:00,0.24758837807490863
2020-09-15 05:36:00,0.2893365114751987
2020-09-15 05:39:00,0.22709005913560532
2020-09-15 05:42:00,0.28812575179068745
2020-09-15 05:45:00,0.29301971056077036
2020-09-15 05:48:00,0.3017080291869547
2020-09-15 05:51:00,0.2292876312020553
2020-09-15 05:54:00,0.25911365869006886
2020-09-15 05:57:00,0.29078168763373924
2020-09-15 06:00:00,0.33289076988592115
2020-09-15 06:03:00,0.35124432453051213
2020-09-15 06:06:00,0.3559797033057066
2020-09-15 06:09:00,0.2788338224992799
2020-09-15 06:12:00,0.3525261288866659
2020-09-15 06:15:00,0.2560077785703925
2020-09-15 06:18:00,0.3040977440005008
2020-09-15 06:21:00,0.3392497965853636
2020-09-15 06:24:00,0.27887860753054383
2020-09-15 06:27:00,0.38867266923239185
2020-09-15 06:30:00,0.3753923956882659
2020-09-15 06:33:00,0.38627144943188796
2020-09-15 06:36:00,0.35745012781239893
2020-09-15 06:39:00,0.34846728128871973
2020-09-15 06:42:00,0.4050511800612071
2020-09-15 06:45:00,0.38258438844394504
2020-09-15 06:48:00,0.4011552063240629
2020-09-15 06:51:00,0.38760212565006213
2020-09-15 06:54:00,0.38247997021210267
2020-09-15 06:57:00,0.32850473612643327
2020-09-15 07:00:00,0.43355392417066696
2020-09-15 07:03:00,0.3094448361117088
2020-09-15 07:06:00,0.35318519512378543
2020-09-15 07:09:00,0.3658291578607873
2020-09-15 07:12:00,0.2575246274600431
2020-09-15 07:15:00,0.3359141109287975
2020-09-15 07:18:00,0.3153779441790334
2020-09-15 07:21:00,0.37008892935631366
2020-09-15 07:24:00,0.40919346310067795
2020-09-15 07:27:00,0.3219138666414665
2020-09-15 07:30:00,0.3311624252630736
2020-09-15 07:33:00,0.3358370801749402
2020-09-15 07:36:00,0.36905207606162094
2020-09-15 07:39:00,0.39475175081827274
2020-09-15 07:42:00,0.35972805355294213
2020-09-15 07:45:00,0.3180399913285328
2020-09-15 07:48:00,0.25540221730852863
2020-09-15 07:51:00,0.36046020001384704
2020-09-15 07:54:00,0.2711626241368208
2020-09-15 07:57:00,0.2826960162356045
2020-09-15 08:00:00,0.2720401871431477
2020-09-15 08:03:00,0.29086539162352665
2020-09-15 08:06:00,0.30658688250940713
2020-09-15 08:09:00,0.3220670879807699
2020-09-15 08:12:00,0.18891181972867344
2020-09-15 08:15:00,0.27206121608065814
2020-09-15 08:18:00,0.2608228514550319
2020-09-15 08:21:00,0.4102378594563447
2020-09-15 08:24:00,0.41119093984565325
2020-09-15 08:27:00,0.49809789181574615
2020-09-15 08:30:00,0.36314313912231455
2020-09-15 08:33:00,0.33021051582130667
2020-09-15 08:36:00,0.3798819017980577
2020-09-15 08:39:00,0.2881641876115282
2020-09-15 08:42:00,0.366869696952449
2020-09-15 08:45:00,0.2805248737232091
2020-09-15 08:48:00,0.36171887979116946
2020-09-15 08:51:00,0.32190387344132887
2020-09-15 08:54:00,0.3960514210644419
2020-09-15 08:57:00,0.5272994444405867
2020-09-15 09:00:00,0.5497073009694304
2020-09-15 09:03:00,0.531539273597673
2020-09-15 09:06:00,0.5310579317019801
2020-09-15 09:09:00,0.49324551993760224
2020-09-15 09:12:00,0.44953676135565956
2020-09-15 09:15:00,0.43765355168778797
2020-09-15 09:18:00,0.4232695214498108
2020-09-15 09:21:00,0.3578578861930737
2020-09-15 09:24:00,0.4275184927114424
2020-09-15 09:27:00,0.5063301516695446
2020-09-15 09:30:00,0.4091235829505422
2020-09-15 09:33:00,0.3442662337337765
2020-09-15 09:36:00,0.29070855853666444
2020-09-15 09:39:00,0.1958000803866753
2020-09-15 09:42:00,0.2322957517678219
2020-09-15 09:45:00,0.33372754420901174
2020-09-15 09:48:00,0.3117212782373713
2020-09-15 09:51:00,0.2795182073016349
2020-09-15 09:54:00,0.2516375360684151
2020-09-15 09:57:00,0.2314876668664283
2020-09-15 10:00:00,0.2508692799607388
2020-09-15 10:03:00,0.32684724691165457
2020-09-15 10:06:00,0.27180904814343876
2020-09-15 10:09:00,0.3378105338331352
2020-09-15 10:12:00,0.2716484871305056
2020-09-15 10:15:00,0.31839711728048314
2020-09-15 10:18:00,0.3032537881917392
2020-09-15 10:21:00,0.2322812422419247
2020-09-15 10:24:00,0.3980103682953313
2020-09-15 10:27:00,0.35164878002206024
2020-09-15 10:30:00,0.3800136076146714
2020-09-15 10:33:00,0.3302261475635646
2020-09-15 10:36:00,0.309110989331316
2020-09-15 10:39:00,0.32988026164542816
2020-09-15 10:42:00,0.32884172127586453
2020-09-15 10:45:00,0.30871919385731417
2020-09-15 10:48:00,0.3014963718493391
2020-09-15 10:51:00,0.2691156523706013
2020-09-15 10:54:00,0.23636421555448806
2020-09-15 10:57:00,0.29518877772545693
2020-09-15 11:00:00,0.2645647112853453
2020-09-15 11:03:00,0.2577235671311655
2020-09-15 11:06:00,0.26509808471240603
2020-09-15 11:09:00,0.29780359308216475
2020-09-15 11:12:00,0.22315101139855642
2020-09-15 11:15:00,0.15968231854486703
2020-09-15 11:18:00,0.19441140065623586
2020-09-15 11:21:00,0.19912718539291063
2020-09-15 11:24:00,0.17253335870884712
2020-09-15 11:27:00,0.09653442818120084
2020-09-15 11:30:00,0.16298982294352982
2020-09-15 11:33:00,0.18109356729951287
2020-09-15 11:36:00,0.24685595472209343
2020-09-15 11:39:00,0.17075086503513148
2020-09-15 11:42:00,0.12822492063361324
2020-09-15 11:45:00,0.16696861342160219
2020-09-15 11:48:00,0.08729224603018793
2020-09-15 11:51:00,0.09401289293032278
2020-09-15 11:54:00,0.005872215535646319
2020-09-15 11:57:00,-0.0040572637581135496
2020-09-15 12:00:00,-0.038715535440474014
2020-09-15 12:03:00,-0.04719518116172594
2020-09-15 12:06:00,-0.1013703461084674
2020-09-15 12:09:00,-0.05451901268889969
2020-09-15 12:12:00,-0.04756440715101462
2020-09-15 12:15:00,-0.01506080556833922
2020-09-15 12:18:00,-0.0828709433876611
2020-09-15 12:21:00,-0.015015279377507795
2020-09-15 12:24:00,-0.08504824478143291
2020-09-15 12:27:00,-0.10371842304618895
2020-09-15 12:30:00,-0.10165016584704745
2020-09-15 12:33:00,-0.0732342631353049
2020-09-15 12:36:00,-0.1342442080238584
2020-09-15 12:39:00,-0.12875221754723043
2020-09-15 12:42:00,-0.18787396228947273
2020-09-15 12:45:00,-0.18020862449094466
2020-09-15 12:48:00,-0.13534227431080126
2020-09-15 12:51:00,-0.19300161082111345
2020-09-15 12:54:00,-0.25510339240486246
2020-09-15 12:57:00,-0.244555363298673
2020-09-15 13:00:00,-0.11644071986933113
2020-09-15 13:03:00,-0.149950449697144
2020-09-15 13:06:00,-0.19433555151920245
2020-09-15 13:09:00,-0.26373273862071756
2020-09-15 13:12:00,-0.25825392529839064
2020-09-15 13:15:00,-0.2513551307102375
2020-09-15 13:18:00,-0.28828306390198577
2020-09-15 13:21:00,-0.25367944727929626
2020-09-15 13:24:00,-0.2555734274603765
2020-09-15 13:27:00,-0.2665602966502547
2020-09-15 13:30:00,-0.24334940007764772
2020-09-15 13:33:00,-0.2872685658031173
2020-09-15 13:36:00,-0.3085564353828545
2020-09-15 13:39:00,-0.32009016717694294
2020-09-15 13:42:00,-0.432962342518465
2020-09-15 13:45:00,-0.29552610641070487
2020-09-15 13:48:00,-0.2908741957522807
2020-09-15 13:51:00,-0.3088256217194498
2020-09-15 13:54:00,-0.2716318159061757
2020-09-15 13:57:00,-0.26428470677211635
2020-09-15 14:00:00,-0.4426271836825322
2020-09-15 14:03:00,-0.37664798261761234
2020-09-15 14:06:00,-0.3462700860260952
2020-09-15 14:09:00,-0.19572048197301228
2020-09-15 14:12:00,-0.3628255458527292
2020-09-15 14:15:00,-0.3334571143403764
2020-09-15 14:18:00,-0.4008776326740531
2020-09-15 14:21:00,-0.33588201969115516
2020-09-15 14:24:00,-0.32906837182252957
2020-09-15 14:27:00,-0.36927791335358506
2020-09-15 14:30:00,-0.442981938333844
2020-09-15 14:33:00,-0.3827980344770481
2020-09-15 14:36:00,-0.3863900480852749
2020-09-15 14:39:00,-0.4947726564163304
2020-09-15 14:42:00,-0.4806260285172925
2020-09-15 14:45:00,-0.3885364345846938
2020-09-15 14:48:00,-0.3997711239656496
2020-09-15 14:51:00,-0.45637737148041424
2020-09-15 14:54:00,-0.4137356157525005
2020-09-15 14:57:00,-0.4921962013738721
2020-09-15 15:00:00,-0.3828110361790209
2020-09-15 15:03:00,-0.4793224671536791
2020-09-15 15:06:00,-0.3671267294139966
2020-09-15 15:09:00,-0.46529428464498324
2020-09-15 15:12:00,-0.475030703055495
2020-09-15 15:15:00,-0.43472962645563484
2020-09-15 15:18:00,-0.43428479842833667
2020-09-15 15:21:00,-0.47269780748399626
2020-09-15 15:24:00,-0.4366527211798825
2020-09-15 15:27:00,-0.4172761370902549
2020-09-15 15:30:00,-0.4352868693461005
2020-09-15 15:33:00,-0.42135301775732614
2020-09-15 15:36:00,-0.44150326572042786
2020-09-15 15:39:00,-0.4821425524883125
2020-09-15 15:42:00,-0.4858031147176689
2020-09-15 15:45:00,-0.5061840399363859
2020-09-15 15:48:00,-0.4800933239823735
2020-09-15 15:51:00,-0.46102454166754114
2020-09-15 15:54:00,-0.48121564937571293
2020-09-15 15:57:00,-0.3935827477796465
2020-09-15 16:00:00,-0.46572394141486484
2020-09-15 16:03:00,-0.46466433625630543
2020-09-15 16:06:00,-0.2873113871540909
2020-09-15 16:09:00,-0.46089120189554933
2020-09-15 16:12:00,-0.44632294919108517
2020-09-15 16:15:00,-0.42483226859735623
2020-09-15 16:18:00,-0.3994111201049009
2020-09-15 16:21:00,-0.40106225988665756
2020-09-15 16:24:00,-0.3771894816508734
2020-09-15 16:27:00,-0.38860015598839937
2020-09-15 16:30:00,-0.33255610721562334
2020-09-15 16:33:00,-0.36339701949049186
2020-09-15 16:36:00,-0.3966390458270439
2020-09-15 16:39:00,-0.37297105768988104
2020-09-15 16:42:00,-0.3508571052277034
2020-09-15 16:45:00,-0.382777866037884
2020-09-15 16:48:00,-0.36916812159415713
2020-09-15 16:51:00,-0.3995119373324201
2020-09-15 16:54:00,-0.3878979053316698
2020-09-15 16:57:00,-0.28248614464723687
2020-09-15 17:00:00,-0.3097497388590682
2020-09-15 17:03:00,-0.3386684916843592
2020-09-15 17:06:00,-0.2698463165625071
2020-09-15 17:09:00,-0.3170304164503932
2020-09-15 17:12:00,-0.2633942108288352
2020-09-15 17:15:00,-0.33900408665448367
2020-09-15 17:18:00,-0.3162602158647587
2020-09-15 17:21:00,-0.3570896988532013
2020-09-15 17:24:00,-0.23251037049732304
2020-09-15 17:27:00,-0.3220602011107303
2020-09-15 17:30:00,-0.26943542474242577
2020-09-15 17:33:00,-0.3914521695423332
2020-09-15 17:36:00,-0.28214790968434045
2020-09-15 17:39:00,-0.2697390818035501
2020-09-15 17:42:00,-0.31241032210624553
2020-09-15 17:45:00,-0.3125713025002028
2020-09-15 17:48:00,-0.2768599173368784
2020-09-15 17:51:00,-0.27415057363839423
2020-09-15 17:54:00,-0.377658074755459
2020-09-15 17:57:00,-0.26125776663053557
2020-09-15 18:00:00,-0.3288947159694544
2020-09-15 18:03:00,-0.27085800787187964
2020-09-15 18:06:00,-0.2494134412796143
2020-09-15 18:09:00,-0.24853698465693697
2020-09-15 18:12:00,-0.2362349946540121
2020-09-15 18:15:00,-0.24653540330876922
2020-09-15 18:18:00,-0.23495689991983681
2020-09-15 18:21:00,-0.20689033339073148
2020-09-15 18:24:00,-0.1570474707053222
2020-09-15 18:27:00,-0.1921494814205289
2020-09-15 18:30:00,-0.21052152012316583
2020-09-15 18:33:00,-0.1771502190257479
2020-09-15 18:36:00,-0.11763865687134967
2020-09-15 18:39:00,-0.11536139863841299
2020-09-15 18:42:00,-0.09612420918386988
2020-09-15 18:45:00,-0.16189154359290114
2020-09-15 18:48:00,-0.04406018170840298
2020-09-15 18:51:00,-0.05812645788245163
2020-09-15 18:54:00,-0.06671010175432457
2020-09-15 18:57:00,
2020-09-15 19:00:00,
2020-09-15 19:03:00,-0.06765257860786278
2020-09-15 19:06:00,-0.050309735580469805
2020-09-15 19:09:00,-0.06056258281154214
2020-09-15 19:12:00,-0.047144397331123855
2020-09-15 19:15:00,-0.04239273254404452
2020-09-15 19:18:00,-0.08334671780500003
2020-09-15 19:21:00,-0.04937156390712971
2020-09-15 19:24:00,-0.11672174681189063
2020-09-15 19:27:00,-0.023415240457325126
2020-09-15 19:30:00,-0.06359667032495508
2020-09-15 19:33:00,-0.10768134560453291
2020-09-15 19:36:00,-0.10472954399938317
2020-09-15 19:39:00,-0.12476385015690994
2020-09-15 19:42:00,-0.07150700895607542
2020-09-15 19:45:00,-0.07520916780578091
2020-09-15 19:48:00,-0.08961222739071673
2020-09-15 19:51:00,-0.08743564736056442
2020-09-15 19:54:00,0.009886116281620616
2020-09-15 19:57:00,-0.06483404501472023
2020-09-15 20:00:00,-0.010773238748299718
2020-09-15 20:03:00,0.004947826039312986
2020-09-15 20:06:00,-0.059014384820955
2020-09-15 20:09:00,0.02426513610356551
2020-09-15 20:12:00,0.010561858862558893
2020-09-15 20:15:00,-0.0010022872201602695
2020-09-15 20:18:00,-0.007923834166376764
2020-09-15 20:21:00,0.0526622587861425
2020-09-15 20:24:00,-0.010706050224939645
2020-09-15 20:27:00,0.013989497188219957
2020-09-15 20:30:00,0.031921410841277975
2020-09-15 20:33:00,-0.012582056381631901
2020-09-15 20:36:00,0.04912165667042245
2020-09-15 20:39:00,-0.03241629250760525
2020-09-15 20:42:00,0.0937393679103593
2020-09-15 20:45:00,0.06868672533101972
2020-09-15 20:48:00,0.08103170668994153
2020-09-15 20:51:00,0.059852860133787544
2020-09-15 20:54:00,0.04088802172589112
2020-09-15 20:57:00,0.060801572977709384
2020-09-15 21:00:00,0.0026404606321648316
2020-09-15 21:03:00,0.1148513666636859
2020-09-15 21:06:00,0.1737924239684503
2020-09-15 21:09:00,0.06257954398768106
2020-09-15 21:12:00,0.09633376552068285
2020-09-15 21:15:00,0.10038303941360027
2020-09-15 21:18:00,0.1413506211947606
2020-09-15 21:21:00,0.10235417029855398
2020-09-15 21:24:00,0.05951295191624695
2020-09-15 21:27:00,0.09750024202924124
2020-09-15 21:30:00,0.04948575140809908
2020-09-15 21:33:00,-0.01751618997377591
2020-09-15 21:36:00,0.03195792626883076
2020-09-15 21:39:00,0.13153558903451312
2020-09-15 21:42:00,0.25197571159776544
2020-09-15 21:45:00,0.19215756122480343
2020-09-15 21:48:00,0.13808224035892636
2020-09-15 21:51:00,0.1452148861188789
2020-09-15 21:54:00,0.12205671481154923
2020-09-15 21:57:00,0.08581019973740922
2020-09-15 22:00:00,0.15668585099490429
2020-09-15 22:03:00,0.09241160337916199
2020-09-15 22:06:00,0.16720813480219476
2020-09-15 22:09:00,0.1898432630130742
2020-09-15 22:12:00,0.2970172981239898
2020-09-15 22:15:00,0.31763906560962596
2020-09-15 22:18:00,0.41872050103438596
2020-09-15 22:21:00,0.32961733870837406
2020-09-15 22:24:00,0.1553898068253261
2020-09-15 22:27:00,0.1878469160257623
2020-09-15 22:30:00,0.16166043661064577
2020-09-15 22:33:00,0.09597254017342038
2020-09-15 22:36:00,0.20976868289704953
2020-09-15 22:39:00,0.24672572610302268
2020-09-15 22:42:00,0.22805677402726587
2020-09-15 22:45:00,0.18853660397377325
2020-09-15 22:48:00,0.14675344788935263
2020-09-15 22:51:00,0.13414058748918478
2020-09-15 22:54:00,0.22052961715104402
2020-09-15 22:57:00,0.32123334029040507
2020-09-15 23:00:00,0.24030411654331374
2020-09-15 23:03:00,0.33032389626964687
2020-09-15 23:06:00,0.21446957028535962
2020-09-15 23:09:00,0.18952553711915243
2020-09-15 23:12:00,0.15409933744723503
2020-09-15 23:15:00,0.18263923024869655
2020-09-15 23:18:00,0.21509062583544392
2020-09-15 23:21:00,0.23054850778498803
2020-09-15 23:24:00,0.2636581521238668
2020-09-15 23:27:00,0.29256957511802284
2020-09-15 23:30:00,0.2875330108618641
2020-09-15 23:33:00,0.2949347087608203
2020-09-15 23:36:00,0.34004511126829584
2020-09-15 23:39:00,0.29315098456828537
2020-09-15 23:42:00,0.36095165296461573
2020-09-15 23:45:00,0.46314887591483966
2020-09-15 23:48:00,0.45519897124069075
2020-09-15 23:51:00,0.5345418025160598
2020-09-15 23:54:00,0.4902997295766909
2020-09-15 23:57:00,0.437917991202994
2020-09-16 00:00:00,0.3607315481262958
2020-09-16 00:03:00,0.3437449319954453
2020-09-16 00:06:00,0.43559018047506015
2020-09-16 00:09:00,0.45016829326505103
2020-09-16 00:12:00,0.4518825078336022
2020-09-16 00:15:00,0.46003608884564073
2020-09-16 00:18:00,0.36249772200238795
2020-09-16 00:21:00,0.3246487037445718
2020-09-16 00:24:00,0.32705620873321095
2020-09-16 00:27:00,0.24482152615200903
2020-09-16 00:30:00,0.24304102119242543
2020-09-16 00:33:00,0.35033950625546595
2020-09-16 00:36:00,0.3834132196540736
2020-09-16 00:39:00,0.38540450059872455
2020-09-16 00:42:00,0.348513934083428
2020-09-16 00:45:00,0.2800443278734406
2020-09-16 00:48:00,0.28104173831155776
2020-09-16 00:51:00,0.23412672498142229
2020-09-16 00:54:00,0.28771843710831035
2020-09-16 00:57:00,0.40928349188220636
2020-09-16 01:00:00,0.381118381903093
2020-09-16 01:03:00,0.38090977629798317
2020-09-16 01:06:00,0.3833551670934412
2020-09-16 01:09:00,0.4690534896691929
2020-09-16 01:12:00,0.4159818707749423
2020-09-16 01:15:00,0.42467141961702737
2020-09-16 01:18:00,0.39881856214532263
2020-09-16 01:21:00,0.3516605156032142
2020-09-16 01:24:00,0.2829498705531819
2020-09-16 01:27:00,0.33461213533638556
2020-09-16 01:30:00,0.2585617324331224
2020-09-16 01:33:00,0.32659330889498506
2020-09-16 01:36:00,0.37892229102902775
2020-09-16 01:39:00,0.3684848291579783
2020-09-16 01:42:00,0.3425315853755251
2020-09-16 01:45:00,0.42674949803529216
2020-09-16 01:48:00,0.3384860350730605
2020-09-16 01:51:00,0.2924380020884314
2020-09-16 01:54:00,0.2712265873554429
2020-09-16 01:57:00,0.2714540384318411
2020-09-16 02:00:00,0.22099412486699066
2020-09-16 02:03:00,0.25903783908773903
2020-09-16 02:06:00,0.3089734973543159
2020-09-16 02:09:00,0.26682709352178335
2020-09-16 02:12:00,0.2959199933827108
2020-09-16 02:15:00,0.20315918778868536
2020-09-16 02:18:00,0.2991861774757467
2020-09-16 02:21:00,0.26801226274488954
2020-09-16 02:24:00,0.27556917975124406
2020-09-16 02:27:00,0.2935944751201873
2020-09-16 02:30:00,0.33219124544717715
2020-09-16 02:33:00,0.32740336414582316
2020-09-16 02:36:00,0.32316945478129355
2020-09-16 02:39:00,0.32931831167019254
2020-09-16 02:42:00,0.33507039994321985
2020-09-16 02:45:00,0.26335492210642997
2020-09-16 02:48:00,0.3053752674011889
2020-09-16 02:51:00,0.3377167819807596
2020-09-16 02:54:00,0.3287869755466204
2020-09-16 02:57:00,0.3068431819198736
2020-09-16 03:00:00,0.2869857880914424
2020-09-16 03:03:00,0.2740034998507781
2020-09-16 03:06:00,0.3104851496825063
2020-09-16 03:09:00,0.35251391742565374
2020-09-16 03:12:00,0.31205874391707766
2020-09-16 03:15:00,0.3576347656654093
2020-09-16 03:18:00,0.35979988292496046
2020-09-16 03:21:00,0.39358193566687305
2020-09-16 03:24:00,0.42072436818216374
2020-09-16 03:27:00,0.35087679519921267
2020-09-16 03:30:00,0.3870065563599496
2020-09-16 03:33:00,0.32107080590856185
2020-09-16 03:36:00,0.3502448239230489
2020-09-16 03:39:00,0.27163529475990345
2020-09-16 03:42:00,0.28783271279121436
2020-09-16 03:45:00,0.32919419487444657
2020-09-16 03:48:00,0.26902489626979786
2020-09-16 03:51:00,0.31392115336234383
2020-09-16 03:54:00,0.2811548424807029
2020-09-16 03:57:00,0.36522308497455924
2020-09-16 04:00:00,0.29336979668926233
2020-09-16 04:03:00,0.31675596716848986
2020-09-16 04:06:00,0.3163289445399755
2020-09-16 04:09:00,0.3297559888719661
2020-09-16 04:12:00,0.3497140493658435
2020-09-16 04:15:00,0.3167474534586745
2020-09-16 04:18:00,0.3274270783213069
2020-09-16 04:21:00,0.32704499541546284
2020-09-16 04:24:00,0.3223725940142117
2020-09-16 04:27:00,0.2962425966349542
2020-09-16 04:30:00,0.3376009736674064
2020-09-16 04:33:00,0.2819528058871015
2020-09-16 04:36:00,0.3452101151356146
2020-09-16 04:39:00,0.3305548122151549
2020-09-16 04:42:00,0.3483555380398684
2020-09-16 04:45:00,0.3146604922147844
2020-09-16 04:48:00,0.2876825480958587
2020-09-16 04:51:00,0.3497672471425517
2020-09-16 04:54:00,0.37757834021573444
2020-09-16 04:57:00,0.40619784438513307
2020-09-16 05:00:00,0.3400060983573212
2020-09-16 05:03:00,0.3605441071299538
2020-09-16 05:06:00,0.3749368317119206
2020-09-16 05:09:00,0.329097349987137
2020-09-16 05:12:00,0.41607028144466085
2020-09-16 05:15:00,0.392749493049962
2020-09-16 05:18:00,0.3752173783452122
2020-09-16 05:21:00,0.3706018263451938
2020-09-16 05:24:00,0.3447048346825454
2020-09-16 05:27:00,0.330850864776437
2020-09-16 05:30:00,0.3982908048492959
2020-09-16 05:33:00,0.36737164245039367
2020-09-16 05:36:00,0.36184338937636085
2020-09-16 05:39:00,0.4187241167518323
2020-09-16 05:42:00,0.36932056687908243
2020-09-16 05:45:00,0.44470336180540926
2020-09-16 05:48:00,0.4469814883033223
2020-09-16 05:51:00,0.41232650054581654
2020-09-16 05:54:00,0.44880678214371983
2020-09-16 05:57:00,0.4562667032662375
2020-09-16 06:00:00,0.4677726080435036
2020-09-16 06:03:00,0.3910236164818457
2020-09-16 06:06:00,0.4415090237060326
2020-09-16 06:09:00,0.457162787998584
2020-09-16 06:12:00,0.41170711991935605
2020-09-16 06:15:00,0.486740034985246
2020-09-16 06:18:00,0.413702189455762
2020-09-16 06:21:00,0.4305416758061824
2020-09-16 06:24:00,0.4118622179567524
2020-09-16 06:27:00,0.41535566240565913
2020-09-16 06:30:00,0.4427644150493961
2020-09-16 06:33:00,0.3725733035674921
2020-09-16 06:36:00,0.3733933242214107
2020-09-16 06:39:00,0.4507693165737692
2020-09-16 06:42:00,0.4601247435783762
2020-09-16 06:45:00,0.4303281069220475
2020-09-16 06:48:00,0.4498136662138563
2020-09-16 06:51:00,0.4716577902443646
2020-09-16 06:54:00,0.4213751590176571
2020-09-16 06:57:00,0.45698429578067135
2020-09-16 07:00:00,0.43163303459920144
2020-09-16 07:03:00,0.4726005867762524
2020-09-16 07:06:00,0.4665937394477737
2020-09-16 07:09:00,0.43583004504432665
2020-09-16 07:12:00,0.43871120292675414
2020-09-16 07:15:00,0.4542806638940533
2020-09-16 07:18:00,0.4399373800316084
2020-09-16 07:21:00,0.3824959056480566
2020-09-16 07:24:00,0.4502847215071597
2020-09-16 07:27:00,0.3887865185768078
2020-09-16 07:30:00,0.4711167313938063
2020-09-16 07:33:00,0.3875288467211817
2020-09-16 07:36:00,0.41861615886824666
2020-09-16 07:39:00,0.3622008294817647
2020-09-16 07:42:00,0.42524064664814887
2020-09-16 07:45:00,0.40213433973525525
2020-09-16 07:48:00,0.43975761496710675
2020-09-16 07:51:00,0.41610943552183244
2020-09-16 07:54:00,0.3805530292395929
2020-09-16 07:57:00,0.3396396007721023
2020-09-16 08:00:00,0.3872550322266193
2020-09-16 08:03:00,0.34554394087984974
2020-09-16 08:06:00,0.3311306962985441
2020-09-16 08:09:00,0.39077336694271025
2020-09-16 08:12:00,0.3640430080560577
2020-09-16 08:15:00,0.33771264065944706
2020-09-16 08:18:00,0.2812099496085807
2020-09-16 08:21:00,0.3392363530073794
2020-09-16 08:24:00,0.36573662430760123
2020-09-16 08:27:00,0.3148265706755069
2020-09-16 08:30:00,0.33341444655155783
2020-09-16 08:33:00,0.37077520106993234
2020-09-16 08:36:00,0.36013956814315407
2020-09-16 08:39:00,0.22599426463347072
2020-09-16 08:42:00,0.25958385433909825
2020-09-16 08:45:00,0.2576734601318549
2020-09-16 08:48:00,0.20348380217836848
2020-09-16 08:51:00,0.203092469308217
2020-09-16 08:54:00,0.2110902873419036
2020-09-16 08:57:00,0.12907791626878407
2020-09-16 09:00:00,0.21356588858714076
2020-09-16 09:03:00,0.15774070682238062
2020-09-16 09:06:00,0.08219886885541428
2020-09-16 09:09:00,0.14336265649632196
2020-09-16 09:12:00,0.2338611737711176
2020-09-16 09:15:00,0.15413863197545652
2020-09-16 09:18:00,0.11968181605493555
2020-09-16 09:21:00,0.1684822726715538
2020-09-16 09:24:00,0.10470515759635646
2020-09-16 09:27:00,0.12685818781363878
2020-09-16 09:30:00,0.10488200731271036
2020-09-16 09:33:00,0.12628916828657566
2020-09-16 09:36:00,0.07509676403185495
2020-09-16 09:39:00,0.17536900287615254
2020-09-16 09:42:00,0.030845613906762992
2020-09-16 09:45:00,0.03893935759896294
2020-09-16 09:48:00,-0.03352092730148115
2020-09-16 09:51:00,0.018023374741062526
2020-09-16 09:54:00,-0.0017322099739089936
2020-09-16 09:57:00,-0.05095745997658696
2020-09-16 10:00:00,-0.025788842006647883
2020-09-16 10:03:00,-0.040667923462933686
2020-09-16 10:06:00,0.01253862481479473
2020-09-16 10:09:00,-0.06403690567287867
2020-09-16 10:12:00,-0.01130783026866311
2020-09-16 10:15:00,-0.09067642872884107
2020-09-16 10:18:00,-0.04415735296294088
2020-09-16 10:21:00,-0.04502720124713733
2020-09-16 10:24:00,-0.12173760500473918
2020-09-16 10:27:00,-0.0697041231426283
2020-09-16 10:30:00,-0.21057153112673177
2020-09-16 10:33:00,-0.16011840087310247
2020-09-16 10:36:00,-0.2511676658436386
2020-09-16 10:39:00,-0.1840298383018535
2020-09-16 10:42:00,-0.17418913899490462
2020-09-16 10:45:00,-0.1313902544364396
2020-09-16 10:48:00,-0.17279489150683958
2020-09-16 10:51:00,-0.13676654513665198
2020-09-16 10:54:00,-0.21039663202992642
2020-09-16 10:57:00,-0.15158819558359937
2020-09-16 11:00:00,-0.1709150504289596
2020-09-16 11:03:00,-0.12706634176021225
2020-09-16 11:06:00,-0.1119934487457499
2020-09-16 11:09:00,-0.21535330787150997
2020-09-16 11:12:00,-0.18737277370428274
2020-09-16 11:15:00,-0.1917018656520213
2020-09-16 11:18:00,-0.16546691006925585
2020-09-16 11:21:00,-0.20620844450445475
2020-09-16 11:24:00,-0.11974262727017049
2020-09-16 11:27:00,-0.06090225045943498
2020-09-16 11:30:00,-0.0527179051836697
2020-09-16 11:33:00,-0.023399012626441618
2020-09-16 11:36:00,-0.06419528726451063
2020-09-16 11:39:00,-0.0016488447035385434
2020-09-16 11:42:00,-0.050509978767308894
2020-09-16 11:45:00,-0.21987614927809318
2020-09-16 11:48:00,-0.2641490915302711
2020-09-16 11:51:00,-0.20145824881171848
2020-09-16 11:54:00,-0.24519129563014985
2020-09-16 11:57:00,-0.12131672956837747
2020-09-16 12:00:00,-0.2603855360410421
2020-09-16 12:03:00,-0.2257720676017243
2020-09-16 12:06:00,-0.21127725563417243
2020-09-16 12:09:00,-0.19629002242749038
2020-09-16 12:12:00,-0.25928712197548975
2020-09-16 12:15:00,-0.23426892837744617
2020-09-16 12:18:00,-0.19527217860417068
2020-09-16 12:21:00,-0.150549042086368
2020-09-16 12:24:00,-0.2319570654918266
2020-09-16 12:27:00,-0.2911981263019925
2020-09-16 12:30:00,-0.20971109387903653
2020-09-16 12:33:00,-0.25811770646981813
2020-09-16 12:36:00,-0.21876146148798625
2020-09-16 12:39:00,-0.21311540668239104
2020-09-16 12:42:00,-0.3162613981442064
2020-09-16 12:45:00,-0.09290932055404255
2020-09-16 12:48:00,-0.18945954920076247
2020-09-16 12:51:00,-0.2466750674998366
2020-09-16 12:54:00,-0.2593177058145102
2020-09-16 12:57:00,-0.1338978039000267
2020-09-16 13:00:00,-0.09246035271354458
2020-09-16 13:03:00,-0.0024110324228558966
2020-09-16 13:06:00,-0.06475065487671827
2020-09-16 13:09:00,0.04923921432566658
2020-09-16 13:12:00,-0.08724331376748751
2020-09-16 13:15:00,-0.15446752735073233
2020-09-16 13:18:00,-0.011253243496923915
2020-09-16 13:21:00,0.09067176585364223
2020-09-16 13:24:00,0.24032979822686684
2020-09-16 13:27:00,0.18687684841358987
2020-09-16 13:30:00,0.47996648703912115
2020-09-16 13:33:00,0.6703022111797736
2020-09-16 13:36:00,0.6748001750320327
2020-09-16 13:39:00,0.5272948410689651
2020-09-16 13:42:00,0.48085259136371405
2020-09-16 13:45:00,0.4427067763942887
2020-09-16 13:48:00,0.3469533733094181
2020-09-16 13:51:00,0.1428656024877455
2020-09-16 13:54:00,0.18707396472728988
2020-09-16 13:57:00,0.23934711143596132
2020-09-16 14:00:00,0.03681454002725104
2020-09-16 14:03:00,0.07786063308748226
2020-09-16 14:06:00,0.1323072930317153
2020-09-16 14:09:00,0.14115280763053306
2020-09-16 14:12:00,0.18500090492904064
2020-09-16 14:15:00,0.24177907068661852
2020-09-16 14:18:00,0.4262884094488868
2020-09-16 14:21:00,0.47676144760737316
2020-09-16 14:24:00,0.4269757093111366
2020-09-16 14:27:00,0.48936287561150493
2020-09-16 14:30:00,0.3604773043918499
2020-09-16 14:33:00,0.5548100686272619
2020-09-16 14:36:00,0.5494086025487377
2020-09-16 14:39:00,0.5085234807943948
2020-09-16 14:42:00,0.5238825412110941
2020-09-16 14:45:00,0.39327407325964714
2020-09-16 14:48:00,0.29335126049437577
2020-09-16 14:51:00,0.29207024327348563
2020-09-16 14:54:00,0.3002472089715411
2020-09-16 14:57:00,0.2372652630651828
2020-09-16 15:00:00,0.2605642129151988
2020-09-16 15:03:00,0.3726363057783715
2020-09-16 15:06:00,0.3183212397597117
2020-09-16 15:09:00,0.2188070285253616
2020-09-16 15:12:00,0.1359688966193744
2020-09-16 15:15:00,0.1636336412309447
2020-09-16 15:18:00,0.2881854271457769
2020-09-16 15:21:00,0.3953036804123826
2020-09-16 15:24:00,0.33338606123976433
2020-09-16 15:27:00,0.2860384534627656
2020-09-16 15:30:00,0.27104374045512714
2020-09-16 15:33:00,0.3317960082549689
2020-09-16 15:36:00,0.20711292657119884
2020-09-16 15:39:00,0.14989131430621683
2020-09-16 15:42:00,0.26242051353784746
2020-09-16 15:45:00,0.31579190199073537
2020-09-16 15:48:00,0.20584584970015385
2020-09-16 15:51:00,0.26880226669658214
2020-09-16 15:54:00,0.17524637094652462
2020-09-16 15:57:00,0.1610705910028969
2020-09-16 16:00:00,0.19880903740175881
2020-09-16 16:03:00,0.19746596301274622
2020-09-16 16:06:00,0.29843743785858123
2020-09-16 16:09:00,0.2324081305568484
2020-09-16 16:12:00,0.2430259955292513
2020-09-16 16:15:00,0.2649664482117373
2020-09-16 16:18:00,0.26627539322379334
2020-09-16 16:21:00,0.24316366003034773
2020-09-16 16:24:00,0.22585166477955454
2020-09-16 16:27:00,0.21358672388873856
2020-09-16 16:30:00,0.21698948401444795
2020-09-16 16:33:00,0.27379369616335225
2020-09-16 16:36:00,0.2600040202157743
2020-09-16 16:39:00,0.21186215088340532
2020-09-16 16:42:00,0.2652763938572775
2020-09-16 16:45:00,0.20713967692847746
2020-09-16 16:48:00,0.22817396630460962
2020-09-16 16:51:00,0.2669239332116149
2020-09-16 16:54:00,0.1963987261242437
2020-09-16 16:57:00,0.2255286851333267
2020-09-16 17:00:00,0.18863797247178127
2020-09-16 17:03:00,0.14354027644918688
2020-09-16 17:06:00,0.20819765249751754
2020-09-16 17:09:00,0.19084630277444603
2020-09-16 17:12:00,0.15583799122867958
2020-09-16 17:15:00,0.20557173498139036
2020-09-16 17:18:00,0.1724247262390577
2020-09-16 17:21:00,0.19304089468454322
2020-09-16 17:24:00,0.22993237132556033
2020-09-16 17:27:00,0.1749632332615647
2020-09-16 17:30:00,0.2447754811785785
2020-09-16 17:33:00,0.13592028068626405
2020-09-16 17:36:00,0.14013192667573549
2020-09-16 17:39:00,0.15622559240063083
2020-09-16 17:42:00,0.15984798607661332
2020-09-16 17:45:00,0.2007299671937517
2020-09-16 17:48:00,0.16276892319910985
2020-09-16 17:51:00,0.15011418876844118
2020-09-16 17:54:00,0.1748606790595204
2020-09-16 17:57:00,0.18179784127585208
2020-09-16 18:00:00,0.14030640799319372
2020-09-16 18:03:00,0.12726303716027587
2020-09-16 18:06:00,0.17654599323947195
2020-09-16 18:09:00,0.13524334500175428
2020-09-16 18:12:00,0.22011974666537526
2020-09-16 18:15:00,0.17268676669090155
2020-09-16 18:18:00,0.1611703177130721
2020-09-16 18:21:00,0.1564690278722196
2020-09-16 18:24:00,0.19172738461259087
2020-09-16 18:27:00,0.19249206118826123
2020-09-16 18:30:00,0.18524531023939517
2020-09-16 18:33:00,0.17838542375352517
2020-09-16 18:36:00,0.11564552650884252
2020-09-16 18:39:00,0.2705980894263007
2020-09-16 18:42:00,0.1870032096963996
2020-09-16 18:45:00,0.1469071496780998
2020-09-16 18:48:00,0.16792039853709184
2020-09-16 18:51:00,0.16016732196629846
2020-09-16 18:54:00,0.23633342563499582
2020-09-16 18:57:00,
2020-09-16 19:00:00,
2020-09-16 19:03:00,0.169480883972426
2020-09-16 19:06:00,0.09511251194112447
2020-09-16 19:09:00,0.17820984871883638
2020-09-16 19:12:00,0.20034432121593682
2020-09-16 19:15:00,0.15537700802417476
2020-09-16 19:18:00,0.14060575828477795
2020-09-16 19:21:00,0.14509669436750983
2020-09-16 19:24:00,0.07591106373882894
2020-09-16 19:27:00,0.1737599673439263
2020-09-16 19:30:00,0.17062997167408867
2020-09-16 19:33:00,0.12681209023810425
2020-09-16 19:36:00,0.18863719322399675
2020-09-16 19:39:00,0.16048316846752186
2020-09-16 19:42:00,0.1968490252466495
2020-09-16 19:45:00,0.21190462554665146
2020-09-16 19:48:00,0.1909199688588501
2020-09-16 19:51:00,0.18727983761522182
2020-09-16 19:54:00,0.20691783735657054
2020-09-16 19:57:00,0.16125026408030863
2020-09-16 20:00:00,0.22010125860168728
2020-09-16 20:03:00,0.21400041780202628
2020-09-16 20:06:00,0.1479828507641514
2020-09-16 20:09:00,0.16246535985925448
2020-09-16 20:12:00,0.14114970208942168
2020-09-16 20:15:00,0.1494178729518012
2020-09-16 20:18:00,0.16389635354573784
2020-09-16 20:21:00,0.21365074051220745
2020-09-16 20:24:00,0.13270976131025236
2020-09-16 20:27:00,0.08111634697985437
2020-09-16 20:30:00,0.15024665617414712
2020-09-16 20:33:00,0.15843765108155594
2020-09-16 20:36:00,0.13311377786163803
2020-09-16 20:39:00,0.20358788800075445
2020-09-16 20:42:00,0.11199147768547846
2020-09-16 20:45:00,0.19961664744391783
2020-09-16 20:48:00,0.12898864594097859
2020-09-16 20:51:00,0.13627535493657206
2020-09-16 20:54:00,0.1315104058810448
2020-09-16 20:57:00,0.14769448995957646
2020-09-16 21:00:00,0.15836743417793286
2020-09-16 21:03:00,0.10236170683640466
2020-09-16 21:06:00,0.19856975752463768
2020-09-16 21:09:00,0.13806538065341556
2020-09-16 21:12:00,0.13210417760546989
2020-09-16 21:15:00,0.141288846819009
2020-09-16 21:18:00,0.14627735668830155
2020-09-16 21:21:00,0.16957925593163736
2020-09-16 21:24:00,0.13397511289366548
2020-09-16 21:27:00,0.10229582842379159
2020-09-16 21:30:00,0.15018726390275106
2020-09-16 21:33:00,0.18520922046093347
2020-09-16 21:36:00,0.0832165994368097
2020-09-16 21:39:00,0.13133892304267647
2020-09-16 21:42:00,0.16356808681854318
2020-09-16 21:45:00,0.1943961502022944
2020-09-16 21:48:00,0.14490533728979926
2020-09-16 21:51:00,0.14358945870071693
2020-09-16 21:54:00,0.15143939790380045
2020-09-16 21:57:00,0.16788139266105873
2020-09-16 22:00:00,0.11715603003284514
2020-09-16 22:03:00,0.19090312453175784
2020-09-16 22:06:00,0.16215957151706561
2020-09-16 22:09:00,0.14907391228564393
2020-09-16 22:12:00,0.2407130339876744
2020-09-16 22:15:00,0.18049912243793642
2020-09-16 22:18:00,0.21156179363305228
2020-09-16 22:21:00,0.12321987587239391
2020-09-16 22:24:00,0.2117464437009744
2020-09-16 22:27:00,0.20559782687189454
2020-09-16 22:30:00,0.154271306283988
2020-09-16 22:33:00,0.22190629121274696
2020-09-16 22:36:00,0.2142588481393659
2020-09-16 22:39:00,0.17600513944159957
2020-09-16 22:42:00,0.2009961697701783
2020-09-16 22:45:00,0.29117124946634476
2020-09-16 22:48:00,0.20067035512630582
2020-09-16 22:51:00,0.2105725064926105
2020-09-16 22:54:00,0.23493159137365183
2020-09-16 22:57:00,0.31389618533944486
2020-09-16 23:00:00,0.2617918915540258
2020-09-16 23:03:00,0.2544780002888274
2020-09-16 23:06:00,0.2847447953653841
2020-09-16 23:09:00,0.3062837283416684
2020-09-16 23:12:00,0.26045795769465485
2020-09-16 23:15:00,0.3113794626153208
2020-09-16 23:18:00,0.27929553648976935
2020-09-16 23:21:00,0.29959009403950176
2020-09-16 23:24:00,0.23772550550131655
2020-09-16 23:27:00,0.24086506785869233
2020-09-16 23:30:00,0.2734455862494656
2020-09-16 23:33:00,0.24453899710249516
2020-09-16 23:36:00,0.2884459807461326
2020-09-16 23:39:00,0.23064280308130947
2020-09-16 23:42:00,0.18194623788616582
2020-09-16 23:45:00,0.2788512255392561
2020-09-16 23:48:00,0.25223967990461915
2020-09-16 23:51:00,0.22681929360976483
2020-09-16 23:54:00,0.26345333743171295
2020-09-16 23:57:00,0.278420229362041
2020-09-17 00:00:00,0.2951077047656554
2020-09-17 00:03:00,0.25623346085387766
2020-09-17 00:06:00,0.2644449730651104
2020-09-17 00:09:00,0.3800398214006009
2020-09-17 00:12:00,0.3423463193140037
2020-09-17 00:15:00,0.32544762563952645
2020-09-17 00:18:00,0.27505906446089057
2020-09-17 00:21:00,0.27943311349861233
2020-09-17 00:24:00,0.33263389229995255
2020-09-17 00:27:00,0.3483189894881775
2020-09-17 00:30:00,0.2935290386769225
2020-09-17 00:33:00,0.27360715024684623
2020-09-17 00:36:00,0.3115555452064882
2020-09-17 00:39:00,0.36039257707005845
2020-09-17 00:42:00,0.25834789556824944
2020-09-17 00:45:00,0.30281309598802864
2020-09-17 00:48:00,0.32428241938544033
2020-09-17 00:51:00,0.24459766563938956
2020-09-17 00:54:00,0.3262991143466252
2020-09-17 00:57:00,0.2925849283214461
2020-09-17 01:00:00,0.21325317885231243
2020-09-17 01:03:00,0.23193717397856517
2020-09-17 01:06:00,0.30464696736521546
2020-09-17 01:09:00,0.22412789133397837
2020-09-17 01:12:00,0.2839971784247268
2020-09-17 01:15:00,0.26329444117465073
2020-09-17 01:18:00,0.23460475392460012
2020-09-17 01:21:00,0.2926646765679948
2020-09-17 01:24:00,0.2168367863569074
2020-09-17 01:27:00,0.2767833097150856
2020-09-17 01:30:00,0.27228096396879664
2020-09-17 01:33:00,0.32003718835568407
2020-09-17 01:36:00,0.32097773956741094
2020-09-17 01:39:00,0.29548651065192644
2020-09-17 01:42:00,0.271312079276413
2020-09-17 01:45:00,0.31142766224184015
2020-09-17 01:48:00,0.34060397760401884
2020-09-17 01:51:00,0.37051417854280544
2020-09-17 01:54:00,0.38920905240559023
2020-09-17 01:57:00,0.3981359759908969
2020-09-17 02:00:00,0.36930768762010757
2020-09-17 02:03:00,0.4253122361096189
2020-09-17 02:06:00,0.38539585400701526
2020-09-17 02:09:00,0.4058494510464925
2020-09-17 02:12:00,0.41543646021790437
2020-09-17 02:15:00,0.3863728713535579
2020-09-17 02:18:00,0.25994053599401923
2020-09-17 02:21:00,0.3487990559496552
2020-09-17 02:24:00,0.3402726133697911
2020-09-17 02:27:00,0.3041757217831105
2020-09-17 02:30:00,0.28682953242906706
2020-09-17 02:33:00,0.3221707986832598
2020-09-17 02:36:00,0.28159817988608893
2020-09-17 02:39:00,0.354878084059294
2020-09-17 02:42:00,0.3563393971927553
2020-09-17 02:45:00,0.3668387338549337
2020-09-17 02:48:00,0.29250098382863143
2020-09-17 02:51:00,0.25065574279881275
2020-09-17 02:54:00,0.301250422292469
2020-09-17 02:57:00,0.27767197625678364
2020-09-17 03:00:00,0.3209691425940946
2020-09-17 03:03:00,0.33150875034556293
2020-09-17 03:06:00,0.3942118239044703
2020-09-17 03:09:00,0.35310823730600305
2020-09-17 03:12:00,0.32235314400600146
2020-09-17 03:15:00,0.33242636192028385
2020-09-17 03:18:00,0.3454530189032994
2020-09-17 03:21:00,0.35906340249317736
2020-09-17 03:24:00,0.3204886140857752
2020-09-17 03:27:00,0.32117591101717835
2020-09-17 03:30:00,0.29041232362391156
2020-09-17 03:33:00,0.27084022045039546
2020-09-17 03:36:00,0.3541703129864686
2020-09-17 03:39:00,0.3443986018398846
2020-09-17 03:42:00,0.36924652908419375
2020-09-17 03:45:00,0.40922434507604066
2020-09-17 03:48:00,0.3547740058944555
2020-09-17 03:51:00,0.3915492657517916
2020-09-17 03:54:00,0.44581638244511623
2020-09-17 03:57:00,0.3940993481924693
2020-09-17 04:00:00,0.3767170671786175
2020-09-17 04:03:00,0.3462669459235599
2020-09-17 04:06:00,0.3885231699002816
2020-09-17 04:09:00,0.3475142667309683
2020-09-17 04:12:00,0.3417557984508903
2020-09-17 04:15:00,0.36804449471310363
2020-09-17 04:18:00,0.3633365344922481
2020-09-17 04:21:00,0.3962953394990336
2020-09-17 04:24:00,0.3862212793605977
2020-09-17 04:27:00,0.29836049615192906
2020-09-17 04:30:00,0.3972571427472644
2020-09-17 04:33:00,0.34476773239669
2020-09-17 04:36:00,0.3719322825499489
2020-09-17 04:39:00,0.34360684775157324
2020-09-17 04:42:00,0.36296925862154694
2020-09-17 04:45:00,0.3231119155547617
2020-09-17 04:48:00,0.4101179944898945
2020-09-17 04:51:00,0.3456741989530201
2020-09-17 04:54:00,0.35041353632681194
2020-09-17 04:57:00,0.34845799492813967
2020-09-17 05:00:00,0.36562227562978933
2020-09-17 05:03:00,0.33752305978339336
2020-09-17 05:06:00,0.3397663608037078
2020-09-17 05:09:00,0.40353010706382975
2020-09-17 05:12:00,0.3196024771896191
2020-09-17 05:15:00,0.3896559011462841
2020-09-17 05:18:00,0.3723367125345476
2020-09-17 05:21:00,0.43473395133764825
2020-09-17 05:24:00,0.3559616774648475
2020-09-17 05:27:00,0.3774716518990431
2020-09-17 05:30:00,0.3702755418481729
2020-09-17 05:33:00,0.4242628996302642
2020-09-17 05:36:00,0.4246959025019237
2020-09-17 05:39:00,0.36126978885505423
2020-09-17 05:42:00,0.31473439761032296
2020-09-17 05:45:00,0.34882050829349964
2020-09-17 05:48:00,0.3647992944580096
2020-09-17 05:51:00,0.32998573819270405
2020-09-17 05:54:00,0.38126248785044936
2020-09-17 05:57:00,0.3039170323019107
2020-09-17 06:00:00,0.31981647715718964
2020-09-17 06:03:00,0.3666398676230074
2020-09-17 06:06:00,0.4007145183358034
2020-09-17 06:09:00,0.3305506933386937
2020-09-17 06:12:00,0.42815955937516037
2020-09-17 06:15:00,0.3481995388261794
2020-09-17 06:18:00,0.3618036048973181
2020-09-17 06:21:00,0.3306859719900217
2020-09-17 06:24:00,0.42729468860284214
2020-09-17 06:27:00,0.3699485463901624
2020-09-17 06:30:00,0.408929709558322
2020-09-17 06:33:00,0.3512581830661361
2020-09-17 06:36:00,0.3720492437112739
2020-09-17 06:39:00,0.38838532174418106
2020-09-17 06:42:00,0.3719279330461518
2020-09-17 06:45:00,0.30900659353522997
2020-09-17 06:48:00,0.40431688931232657
2020-09-17 06:51:00,0.4405197198783526
2020-09-17 06:54:00,0.3944789538143709
2020-09-17 06:57:00,0.38514543686602565
2020-09-17 07:00:00,0.33046205564335196
2020-09-17 07:03:00,0.28938271072212274
2020-09-17 07:06:00,0.3864793226953225
2020-09-17 07:09:00,0.36340917961990726
2020-09-17 07:12:00,0.4560244076439517
2020-09-17 07:15:00,0.35178033299973777
2020-09-17 07:18:00,0.3470776484463727
2020-09-17 07:21:00,0.38590781508617056
2020-09-17 07:24:00,0.3800228251490694
2020-09-17 07:27:00,0.416327428680745
2020-09-17 07:30:00,0.3540289168947197
2020-09-17 07:33:00,0.4284601192683226
2020-09-17 07:36:00,0.37732985350135095
2020-09-17 07:39:00,0.4478591420812563
2020-09-17 07:42:00,0.36706270739057345
2020-09-17 07:45:00,0.3730496361303608
2020-09-17 07:48:00,0.39054211389100146
2020-09-17 07:51:00,0.3221197416760333
2020-09-17 07:54:00,0.3215736197934689
2020-09-17 07:57:00,0.22259427214140715
2020-09-17 08:00:00,0.2500522757394492
2020-09-17 08:03:00,0.2290409771035229
2020-09-17 08:06:00,0.30302272974358857
2020-09-17 08:09:00,0.2592930113917191
2020-09-17 08:12:00,0.2978921152403018
2020-09-17 08:15:00,0.2771798501793228
2020-09-17 08:18:00,0.30304150924018813
2020-09-17 08:21:00,0.24851203055720816
2020-09-17 08:24:00,0.334288125127955
2020-09-17 08:27:00,0.2254681100345124
2020-09-17 08:30:00,0.22071765889609196
2020-09-17 08:33:00,0.28803852423391163
2020-09-17 08:36:00,0.20320920720490676
2020-09-17 08:39:00,0.23222201536844977
2020-09-17 08:42:00,0.23295705856099858
2020-09-17 08:45:00,0.255216176637191
2020-09-17 08:48:00,0.20861573198493488
2020-09-17 08:51:00,0.2433235374689957
2020-09-17 08:54:00,0.21144193488174778
2020-09-17 08:57:00,0.1802746670215356
2020-09-17 09:00:00,0.2081210263395974
2020-09-17 09:03:00,0.13979145228938705
2020-09-17 09:06:00,0.10521224603508017
2020-09-17 09:09:00,0.19555976890387683
2020-09-17 09:12:00,0.10399635793027073
2020-09-17 09:15:00,0.13730654694018085
2020-09-17 09:18:00,0.10700395491983272
2020-09-17 09:21:00,0.12284701277286558
2020-09-17 09:24:00,0.10921343165534836
2020-09-17 09:27:00,0.0987527658424483
2020-09-17 09:30:00,0.09010029908574779
2020-09-17 09:33:00,0.10811179501939705
2020-09-17 09:36:00,0.09950355171002911
2020-09-17 09:39:00,0.023193520131144396
2020-09-17 09:42:00,0.09945663699943452
2020-09-17 09:45:00,0.06334867182243897
2020-09-17 09:48:00,0.013873804764614306
2020-09-17 09:51:00,-0.006787476861404684
2020-09-17 09:54:00,-0.028794777106554648
2020-09-17 09:57:00,-0.011272562732358438
2020-09-17 10:00:00,0.04027584392548533
2020-09-17 10:03:00,-0.007341411432946643
2020-09-17 10:06:00,0.0063281230608822625
2020-09-17 10:09:00,0.031639827908065854
2020-09-17 10:12:00,0.045574196204484
2020-09-17 10:15:00,0.06309880169311555
2020-09-17 10:18:00,0.05233263639524921
2020-09-17 10:21:00,0.04071786224022844
2020-09-17 10:24:00,0.02252406329449741
2020-09-17 10:27:00,0.005880674959996668
2020-09-17 10:30:00,-0.005305696785967484
2020-09-17 10:33:00,0.032841975105213805
2020-09-17 10:36:00,0.04122878744317404
2020-09-17 10:39:00,-0.07382843427126318
2020-09-17 10:42:00,-0.008322991447073491
2020-09-17 10:45:00,-0.012936346814285571
2020-09-17 10:48:00,-0.04141088169427576
2020-09-17 10:51:00,-0.05918050928619323
2020-09-17 10:54:00,-0.07313431114812374
2020-09-17 10:57:00,-0.04347067619090694
2020-09-17 11:00:00,-0.007985450988996945
2020-09-17 11:03:00,-0.11087245764684894
2020-09-17 11:06:00,-0.07535856080653502
2020-09-17 11:09:00,-0.14247895693478085
2020-09-17 11:12:00,-0.09516694823815897
2020-09-17 11:15:00,0.010810711467684087
2020-09-17 11:18:00,-0.026582035788976555
2020-09-17 11:21:00,-0.13541989718436298
2020-09-17 11:24:00,-0.05618702696614264
2020-09-17 11:27:00,-0.011414398561669259
2020-09-17 11:30:00,-0.02163651299349567
2020-09-17 11:33:00,-0.08196913521743454
2020-09-17 11:36:00,-0.03938985471012302
2020-09-17 11:39:00,-0.15483349119148215
2020-09-17 11:42:00,-0.1337143458285368
2020-09-17 11:45:00,-0.19769893915309922
2020-09-17 11:48:00,-0.12413650628468531
2020-09-17 11:51:00,-0.0889600526927552
2020-09-17 11:54:00,-0.023231122790491554
2020-09-17 11:57:00,-0.12218577007428166
2020-09-17 12:00:00,-0.04434048429169479
2020-09-17 12:03:00,0.03883384742312046
2020-09-17 12:06:00,-0.045795282084725386
2020-09-17 12:09:00,0.03090044902205591
2020-09-17 12:12:00,0.025276694024910284
2020-09-17 12:15:00,0.03626857449637555
2020-09-17 12:18:00,-0.046380497340919646
2020-09-17 12:21:00,-0.036099411619431976
2020-09-17 12:24:00,0.04417978191139582
2020-09-17 12:27:00,0.011791287123003258
2020-09-17 12:30:00,0.04309693068660181
2020-09-17 12:33:00,0.0019888928355271673
2020-09-17 12:36:00,0.0006275923206544576
2020-09-17 12:39:00,-0.02080394536761787
2020-09-17 12:42:00,0.08530886066182575
2020-09-17 12:45:00,0.020315464770533254
2020-09-17 12:48:00,0.05008691919658759
2020-09-17 12:51:00,-0.012905866650157805
2020-09-17 12:54:00,-0.016147954626546834
2020-09-17 12:57:00,-0.06410702029779713
2020-09-17 13:00:00,-0.10474027159125399
2020-09-17 13:03:00,-0.14393544271518977
2020-09-17 13:06:00,-0.23356290605033792
2020-09-17 13:09:00,-0.1802349551367115
2020-09-17 13:12:00,-0.14348438349657044
2020-09-17 13:15:00,-0.17071300976931525
2020-09-17 13:18:00,-0.12767832519432432
2020-09-17 13:21:00,-0.20610213340881955
2020-09-17 13:24:00,-0.167643606588058
2020-09-17 13:27:00,-0.18203024582555827
2020-09-17 13:30:00,-0.19843309822380206
2020-09-17 13:33:00,-0.21670546424377335
2020-09-17 13:36:00,-0.10144647230890769
2020-09-17 13:39:00,-0.11445302547991787
2020-09-17 13:42:00,-0.0689832312349381
2020-09-17 13:45:00,-0.19269303783568148
2020-09-17 13:48:00,-0.1600140829430643
2020-09-17 13:51:00,-0.10009917544573455
2020-09-17 13:54:00,-0.02546266384018736
2020-09-17 13:57:00,-0.06734730056882654
2020-09-17 14:00:00,0.0368921397870281
2020-09-17 14:03:00,0.03184682304532771
2020-09-17 14:06:00,-0.013962776902246787
2020-09-17 14:09:00,-0.005715941662685964
2020-09-17 14:12:00,0.014856816141389118
2020-09-17 14:15:00,0.11169643575220789
2020-09-17 14:18:00,0.15005301670151994
2020-09-17 14:21:00,0.15947768818648456
2020-09-17 14:24:00,0.13801637767886632
2020-09-17 14:27:00,0.1607714094208177
2020-09-17 14:30:00,0.18307375690642402
2020-09-17 14:33:00,0.13535733931632876
2020-09-17 14:36:00,0.15366129330476497
2020-09-17 14:39:00,0.11030192082029089
2020-09-17 14:42:00,0.1109238525328351
2020-09-17 14:45:00,0.026539563320056914
2020-09-17 14:48:00,-0.003952791674237233
2020-09-17 14:51:00,0.07771857596623022
2020-09-17 14:54:00,0.03250230282628763
2020-09-17 14:57:00,0.019690518678885383
2020-09-17 15:00:00,-0.030945003152339723
2020-09-17 15:03:00,0.035885161510123
2020-09-17 15:06:00,0.07304860310705408
2020-09-17 15:09:00,0.049946966358504596
2020-09-17 15:12:00,0.04138513476607386
2020-09-17 15:15:00,0.06496214356576502
2020-09-17 15:18:00,0.06851008238368195
2020-09-17 15:21:00,0.08755289992740245
2020-09-17 15:24:00,0.08358682698832354
2020-09-17 15:27:00,0.08263289606315993
2020-09-17 15:30:00,0.032059554434283655
2020-09-17 15:33:00,0.04533704364541791
2020-09-17 15:36:00,0.043752824311070526
2020-09-17 15:39:00,0.03535464746079242
2020-09-17 15:42:00,0.02298154107722894
2020-09-17 15:45:00,0.02684901249625682
2020-09-17 15:48:00,-0.0063508562651009015
2020-09-17 15:51:00,0.01355064326548927
2020-09-17 15:54:00,0.05096240615091574
2020-09-17 15:57:00,0.026919146535476557
2020-09-17 16:00:00,0.00445690438755264
2020-09-17 16:03:00,-0.054815799511914065
2020-09-17 16:06:00,0.025162160018908253
2020-09-17 16:09:00,-0.02388061549396525
2020-09-17 16:12:00,0.13002784684147173
2020-09-17 16:15:00,0.12105684895453805
2020-09-17 16:18:00,0.11469124745423187
2020-09-17 16:21:00,0.21883085912975275
2020-09-17 16:24:00,0.21116156872301417
2020-09-17 16:27:00,0.21729968724946502
2020-09-17 16:30:00,0.2678826721790415
2020-09-17 16:33:00,0.276504199238218
2020-09-17 16:36:00,0.1528234584853294
2020-09-17 16:39:00,0.1968325991126676
2020-09-17 16:42:00,0.1964340751309237
2020-09-17 16:45:00,0.12330584034555159
2020-09-17 16:48:00,0.07677936897476911
2020-09-17 16:51:00,0.10953250427712646
2020-09-17 16:54:00,0.059972657127900675
2020-09-17 16:57:00,0.050467427361354567
2020-09-17 17:00:00,0.06738881505970085
2020-09-17 17:03:00,0.03118090120636907
2020-09-17 17:06:00,0.053776369468096163
2020-09-17 17:09:00,0.09515182669866817
2020-09-17 17:12:00,0.1477697422777169
2020-09-17 17:15:00,0.04749838536764628
2020-09-17 17:18:00,0.06689791824697977
2020-09-17 17:21:00,0.05829707353740332
2020-09-17 17:24:00,0.07552801416767352
2020-09-17 17:27:00,-0.016616795712707244
2020-09-17 17:30:00,0.056882464757563866
2020-09-17 17:33:00,0.04529983543778826
2020-09-17 17:36:00,-0.027563663281512163
2020-09-17 17:39:00,0.11615821385612435
2020-09-17 17:42:00,0.058481909252009245
2020-09-17 17:45:00,0.03971803299748444
2020-09-17 17:48:00,0.0821070365159926
2020-09-17 17:51:00,0.023076834291316572
2020-09-17 17:54:00,0.04968316564486486
2020-09-17 17:57:00,0.010667195198379886
2020-09-17 18:00:00,0.09826354623311317
2020-09-17 18:03:00,0.034953501498705464
2020-09-17 18:06:00,0.01476167923169669
2020-09-17 18:09:00,0.014344155009325732
2020-09-17 18:12:00,0.07499419306066102
2020-09-17 18:15:00,0.042590396349453385
2020-09-17 18:18:00,0.04470713201737908
2020-09-17 18:21:00,0.024930978932388825
2020-09-17 18:24:00,0.016717252661692328
2020-09-17 18:27:00,0.027356081930236087
2020-09-17 18:30:00,0.07611789623501863
2020-09-17 18:33:00,0.037847877490094106
2020-09-17 18:36:00,-0.044621328668768
2020-09-17 18:39:00,0.049641749509135025
2020-09-17 18:42:00,0.05765593448421669
2020-09-17 18:45:00,0.050651262593305546
2020-09-17 18:48:00,0.034624712468314556
2020-09-17 18:51:00,0.04812478549467869
2020-09-17 18:54:00,0.02039806414791201
2020-09-17 18:57:00,
2020-09-17 19:00:00,
2020-09-17 19:03:00,0.08595115165303469
2020-09-17 19:06:00,0.055538623296456535
2020-09-17 19:09:00,0.13363171881667313
2020-09-17 19:12:00,0.05156707408264083
2020-09-17 19:15:00,0.13656943977912306
2020-09-17 19:18:00,0.09228111496457814
2020-09-17 19:21:00,0.07669485081743233
2020-09-17 19:24:00,0.09812012557733851
2020-09-17 19:27:00,0.10103502507962503
2020-09-17 19:30:00,0.06750196291284283
2020-09-17 19:33:00,0.07772102682423565
2020-09-17 19:36:00,0.07557566686892869
2020-09-17 19:39:00,0.07026731181980495
2020-09-17 19:42:00,0.07905496763976316
2020-09-17 19:45:00,0.060510756841893
2020-09-17 19:48:00,0.10016649426563617
2020-09-17 19:51:00,0.03960507910647948
2020-09-17 19:54:00,0.08451598447726383
2020-09-17 19:57:00,0.05560964037027816
2020-09-17 20:00:00,0.09831767965033578
2020-09-17 20:03:00,0.05191163768859042
2020-09-17 20:06:00,0.18935858777655312
2020-09-17 20:09:00,0.08567963555003644
2020-09-17 20:12:00,0.06751821974637551
2020-09-17 20:15:00,0.12337315307172503
2020-09-17 20:18:00,0.12361894726831224
2020-09-17 20:21:00,0.12201715566686744
2020-09-17 20:24:00,0.10775806209261418
2020-09-17 20:27:00,0.13236484372220048
2020-09-17 20:30:00,0.10329826886908222
2020-09-17 20:33:00,0.14367175245268982
2020-09-17 20:36:00,0.1606173696220594
2020-09-17 20:39:00,0.12847453394061858
2020-09-17 20:42:00,0.12359823235038903
2020-09-17 20:45:00,0.15300971042853462
2020-09-17 20:48:00,0.06937362404551095
2020-09-17 20:51:00,0.10768219796455014
2020-09-17 20:54:00,0.1250466666452894
2020-09-17 20:57:00,0.16189590570149903
2020-09-17 21:00:00,0.08957417387790656
2020-09-17 21:03:00,0.053361695700402834
2020-09-17 21:06:00,0.10005904688472356
2020-09-17 21:09:00,0.12775550096881716
2020-09-17 21:12:00,0.21136528169819258
2020-09-17 21:15:00,0.10142127195888406
2020-09-17 21:18:00,0.18103014323480693
2020-09-17 21:21:00,0.11864691417770246
2020-09-17 21:24:00,0.1319370432498772
2020-09-17 21:27:00,0.12020504885896344
2020-09-17 21:30:00,0.14091176550192586
2020-09-17 21:33:00,0.13741238645496878
2020-09-17 21:36:00,0.13642007295226222
2020-09-17 21:39:00,0.1470871225840824
2020-09-17 21:42:00,0.10980260153525023
2020-09-17 21:45:00,0.15314599216139868
2020-09-17 21:48:00,0.1531864945303596
2020-09-17 21:51:00,0.1577322235220322
2020-09-17 21:54:00,0.1319712475805659
2020-09-17 21:57:00,0.11106839480009967
2020-09-17 22:00:00,0.1149187453576701
2020-09-17 22:03:00,0.08582290116532931
2020-09-17 22:06:00,0.04074349215352413
2020-09-17 22:09:00,0.060170431812821334
2020-09-17 22:12:00,0.11349410849379638
2020-09-17 22:15:00,0.05029269214639953
2020-09-17 22:18:00,0.0728814540524354
2020-09-17 22:21:00,0.1094022539184607
2020-09-17 22:24:00,0.07324721940545942
2020-09-17 22:27:00,0.06569950444384176
2020-09-17 22:30:00,0.11565178465849613
2020-09-17 22:33:00,0.07881146215459012
2020-09-17 22:36:00,0.12491697557709358
2020-09-17 22:39:00,0.0877418144206672
2020-09-17 22:42:00,0.16528156057165688
2020-09-17 22:45:00,0.09200474461368913
2020-09-17 22:48:00,0.12488110728821766
2020-09-17 22:51:00,0.11245209983104587
2020-09-17 22:54:00,0.1900069626147456
2020-09-17 22:57:00,0.1012832368678005
2020-09-17 23:00:00,0.13258900281778097
2020-09-17 23:03:00,0.11732929487067167
2020-09-17 23:06:00,0.15428138339598263
2020-09-17 23:09:00,0.1007057282353685
2020-09-17 23:12:00,0.17107879815864635
2020-09-17 23:15:00,0.1735174924967282
2020-09-17 23:18:00,0.17838862234236785
2020-09-17 23:21:00,0.13933638967637307
2020-09-17 23:24:00,0.15935833788591935
2020-09-17 23:27:00,0.17456578671777834
2020-09-17 23:30:00,0.24708721823111546
2020-09-17 23:33:00,0.173324283093109
2020-09-17 23:36:00,0.24799737040586933
2020-09-17 23:39:00,0.1698515136615697
2020-09-17 23:42:00,0.18797346789517633
2020-09-17 23:45:00,0.19780422000485487
2020-09-17 23:48:00,0.18792340572281319
2020-09-17 23:51:00,0.14513701153697411
2020-09-17 23:54:00,0.1255822353832059
2020-09-17 23:57:00,0.13201659365449814
2020-09-18 00:00:00,0.18637246304325572
2020-09-18 00:03:00,0.20089262797807805
2020-09-18 00:06:00,0.1295465808377685
2020-09-18 00:09:00,0.10751701413335013
2020-09-18 00:12:00,0.21162229482547446
2020-09-18 00:15:00,0.1351540045017714
2020-09-18 00:18:00,0.2381828257201164
2020-09-18 00:21:00,0.22980557544241265
2020-09-18 00:24:00,0.23881402849065125
2020-09-18 00:27:00,0.16667118906701717
2020-09-18 00:30:00,0.2387365897999416
2020-09-18 00:33:00,0.23391917845401622
2020-09-18 00:36:00,0.14794779146433257
2020-09-18 00:39:00,0.24999012590012626
2020-09-18 00:42:00,0.24253810041659563
2020-09-18 00:45:00,0.2747988731683222
2020-09-18 00:48:00,0.30752239159704686
2020-09-18 00:51:00,0.2152842413313465
2020-09-18 00:54:00,0.20753044378790264
2020-09-18 00:57:00,0.2594822934933063
2020-09-18 01:00:00,0.2537881113267417
2020-09-18 01:03:00,0.16146207172153026
2020-09-18 01:06:00,0.3123651031710324
2020-09-18 01:09:00,0.24231694801619597
2020-09-18 01:12:00,0.281377135708226
2020-09-18 01:15:00,0.2537364336247947
2020-09-18 01:18:00,0.2715284302729515
2020-09-18 01:21:00,0.28385109762939464
2020-09-18 01:24:00,0.3427217179590798
2020-09-18 01:27:00,0.4213238130868149
2020-09-18 01:30:00,0.4220242140479513
2020-09-18 01:33:00,0.4674869516976514
2020-09-18 01:36:00,0.4849885812246839
2020-09-18 01:39:00,0.4468616795183493
2020-09-18 01:42:00,0.4753620258961746
2020-09-18 01:45:00,0.4801754949031647
2020-09-18 01:48:00,0.5361892080201756
2020-09-18 01:51:00,0.5441988672661182
2020-09-18 01:54:00,0.5152236153722924
2020-09-18 01:57:00,0.4525014919923933
2020-09-18 02:00:00,0.45134751862894973
2020-09-18 02:03:00,0.5028716468627294
2020-09-18 02:06:00,0.40463920949639487
2020-09-18 02:09:00,0.42765445091629317
2020-09-18 02:12:00,0.4295198932744597
2020-09-18 02:15:00,0.424014686854548
2020-09-18 02:18:00,0.4351253708361469
2020-09-18 02:21:00,0.4142675021771538
2020-09-18 02:24:00,0.37778350667036875
2020-09-18 02:27:00,0.44872285488241914
2020-09-18 02:30:00,0.42194594498869264
2020-09-18 02:33:00,0.47042495906799786
2020-09-18 02:36:00,0.47930169602341266
2020-09-18 02:39:00,0.46563644357826206
2020-09-18 02:42:00,0.4813027649497599
2020-09-18 02:45:00,0.4060546313588702
2020-09-18 02:48:00,0.4905225725244122
2020-09-18 02:51:00,0.4570704443108866
2020-09-18 02:54:00,0.4331791037700441
2020-09-18 02:57:00,0.4044958613201288
2020-09-18 03:00:00,0.4700910005797141
2020-09-18 03:03:00,0.5035169430821611
2020-09-18 03:06:00,0.44868364249418846
2020-09-18 03:09:00,0.4321635562216102
2020-09-18 03:12:00,0.4283805667263323
2020-09-18 03:15:00,0.4058974221898666
2020-09-18 03:18:00,0.39644502205317167
2020-09-18 03:21:00,0.3896309867124046
2020-09-18 03:24:00,0.4771259009821165
2020-09-18 03:27:00,0.4869722429293688
2020-09-18 03:30:00,0.40981177179628503
2020-09-18 03:33:00,0.5068884769792703
2020-09-18 03:36:00,0.48700937689773127
2020-09-18 03:39:00,0.4435646946707834
2020-09-18 03:42:00,0.560625997600539
2020-09-18 03:45:00,0.458649184000933
2020-09-18 03:48:00,0.46032116861533723
2020-09-18 03:51:00,0.4635089332173834
2020-09-18 03:54:00,0.4591164189851611
2020-09-18 03:57:00,0.4200961701974961
2020-09-18 04:00:00,0.3783464556451577
2020-09-18 04:03:00,0.3614079102883352
2020-09-18 04:06:00,0.3918978338026591
2020-09-18 04:09:00,0.3771380842680401
2020-09-18 04:12:00,0.40015813289556945
2020-09-18 04:15:00,0.3565237475561389
2020-09-18 04:18:00,0.43329494583338146
2020-09-18 04:21:00,0.39078206064237975
2020-09-18 04:24:00,0.4341104608240016
2020-09-18 04:27:00,0.4382609898232772
2020-09-18 04:30:00,0.379391923325727
2020-09-18 04:33:00,0.4812576291636219
2020-09-18 04:36:00,0.4703365934136059
2020-09-18 04:39:00,0.40968594085092036
2020-09-18 04:42:00,0.4370791783844652
2020-09-18 04:45:00,0.4833958050831484
2020-09-18 04:48:00,0.42975001877692875
2020-09-18 04:51:00,0.4946772299541635
2020-09-18 04:54:00,0.4544606304776835
2020-09-18 04:57:00,0.450566125518435
2020-09-18 05:00:00,0.472576709013083
2020-09-18 05:03:00,0.4886346611833119
2020-09-18 05:06:00,0.43520942833612253
2020-09-18 05:09:00,0.46892363981811513
2020-09-18 05:12:00,0.43664738166523875
2020-09-18 05:15:00,0.4091087714214723
2020-09-18 05:18:00,0.46313626835416244
2020-09-18 05:21:00,0.3704262781186003
2020-09-18 05:24:00,0.4332169294063988
2020-09-18 05:27:00,0.46992121955724997
2020-09-18 05:30:00,0.46028051274578274
2020-09-18 05:33:00,0.4643660261602349
2020-09-18 05:36:00,0.41477350233742527
2020-09-18 05:39:00,0.4746110718746763
2020-09-18 05:42:00,0.3894195963745233
2020-09-18 05:45:00,0.42195751032005546
2020-09-18 05:48:00,0.4260858606322131
2020-09-18 05:51:00,0.4207375818893411
2020-09-18 05:54:00,0.41471625345917573
2020-09-18 05:57:00,0.4305443045240054
2020-09-18 06:00:00,0.442549347312422
2020-09-18 06:03:00,0.2962783477410085
2020-09-18 06:06:00,0.4789807600225231
2020-09-18 06:09:00,0.4325986849303831
2020-09-18 06:12:00,0.4341622483902938
2020-09-18 06:15:00,0.463060626001095
2020-09-18 06:18:00,0.4598918810836494
2020-09-18 06:21:00,0.42038291547555673
2020-09-18 06:24:00,0.4145521513012227
2020-09-18 06:27:00,0.362239425403061
2020-09-18 06:30:00,0.3929959536143315
2020-09-18 06:33:00,0.4379489079155974
2020-09-18 06:36:00,0.3985142060786302
2020-09-18 06:39:00,0.4340528113571054
2020-09-18 06:42:00,0.3683888917983609
2020-09-18 06:45:00,0.4107226758787874
2020-09-18 06:48:00,0.38054823127436066
2020-09-18 06:51:00,0.38806593285261215
2020-09-18 06:54:00,0.3548184345115146
2020-09-18 06:57:00,0.37853416905187487
2020-09-18 07:00:00,0.4255329052580237
2020-09-18 07:03:00,0.39062668087382235
2020-09-18 07:06:00,0.41000493062807664
2020-09-18 07:09:00,0.3595808688835973
2020-09-18 07:12:00,0.3634508177630096
2020-09-18 07:15:00,0.40285429204266165
2020-09-18 07:18:00,0.44449085820042455
2020-09-18 07:21:00,0.41253977448297974
2020-09-18 07:24:00,0.31988719833896084
2020-09-18 07:27:00,0.32804231231477843
2020-09-18 07:30:00,0.35443823885339043
2020-09-18 07:33:00,0.3114614747909741
2020-09-18 07:36:00,0.28304516726308293
2020-09-18 07:39:00,0.30975341725729777
2020-09-18 07:42:00,0.30309553936740485
2020-09-18 07:45:00,0.32937207330479623
2020-09-18 07:48:00,0.35114665474571893
2020-09-18 07:51:00,0.3576178098163041
2020-09-18 07:54:00,0.29539979057415167
2020-09-18 07:57:00,0.31891379714625145
2020-09-18 08:00:00,0.3150389288034603
2020-09-18 08:03:00,0.3304833573732253
2020-09-18 08:06:00,0.31377953218770926
2020-09-18 08:09:00,0.3529932513799281
2020-09-18 08:12:00,0.3331571310372965
2020-09-18 08:15:00,0.31638441372268744
2020-09-18 08:18:00,0.3192669253662075
2020-09-18 08:21:00,0.31195078862782566
2020-09-18 08:24:00,0.32761242418467873
2020-09-18 08:27:00,0.28336530433881535
2020-09-18 08:30:00,0.24164529643417154
2020-09-18 08:33:00,0.3040583622807276
2020-09-18 08:36:00,0.3524119617678707
2020-09-18 08:39:00,0.3516722325172168
2020-09-18 08:42:00,0.3922743420636152
2020-09-18 08:45:00,0.31288487547919885
2020-09-18 08:48:00,0.3087852867287211
2020-09-18 08:51:00,0.3411203182399163
2020-09-18 08:54:00,0.34195576706781594
2020-09-18 08:57:00,0.3720991748467668
2020-09-18 09:00:00,0.32947171912604745
2020-09-18 09:03:00,0.37573146113362554
2020-09-18 09:06:00,0.24371926234226748
2020-09-18 09:09:00,0.24812831804706548
2020-09-18 09:12:00,0.300654196089738
2020-09-18 09:15:00,0.27655676207723445
2020-09-18 09:18:00,0.2111234727807414
2020-09-18 09:21:00,0.19590629599224485
2020-09-18 09:24:00,0.19966520787221498
2020-09-18 09:27:00,0.23908850271988058
2020-09-18 09:30:00,0.24800699344763188
2020-09-18 09:33:00,0.21187811765742026
2020-09-18 09:36:00,0.2411221871875
2020-09-18 09:39:00,0.17032247061769112
2020-09-18 09:42:00,0.1640891570112899
2020-09-18 09:45:00,0.16367932077724845
2020-09-18 09:48:00,0.16750884348050477
2020-09-18 09:51:00,0.10299501801148381
2020-09-18 09:54:00,0.09301665516477442
2020-09-18 09:57:00,0.13467865322013495
2020-09-18 10:00:00,0.14049912452628632
2020-09-18 10:03:00,0.07229597517351749
2020-09-18 10:06:00,0.1610228821803048
2020-09-18 10:09:00,0.11531507024454868
2020-09-18 10:12:00,0.08065866413608092
2020-09-18 10:15:00,0.03290718075180621
2020-09-18 10:18:00,0.05686265648563449
2020-09-18 10:21:00,-0.015281446054132175
2020-09-18 10:24:00,0.013765294124084448
2020-09-18 10:27:00,0.0021761793514656347
2020-09-18 10:30:00,-0.05294149021881367
2020-09-18 10:33:00,0.04105357104435825
2020-09-18 10:36:00,-0.0033146143250064597
2020-09-18 10:39:00,0.014871033171630188
2020-09-18 10:42:00,0.009917470999994293
2020-09-18 10:45:00,-0.04772052407508909
2020-09-18 10:48:00,-0.006754118779326745
2020-09-18 10:51:00,0.0432484301533691
2020-09-18 10:54:00,0.012397071788257108
2020-09-18 10:57:00,-0.029373414203860193
2020-09-18 11:00:00,0.008011916730936264
2020-09-18 11:03:00,0.03705150121987799
2020-09-18 11:06:00,0.07757946586599473
2020-09-18 11:09:00,0.03865253030534177
2020-09-18 11:12:00,0.014778664036441569
2020-09-18 11:15:00,0.010443692782018843
2020-09-18 11:18:00,-0.03101266025902305
2020-09-18 11:21:00,0.09439884575783708
2020-09-18 11:24:00,0.19287217783448796
2020-09-18 11:27:00,0.0839874902272868
2020-09-18 11:30:00,0.06446734716223546
2020-09-18 11:33:00,0.04759676075906327
2020-09-18 11:36:00,0.03133560166429561
2020-09-18 11:39:00,0.01761775272916566
2020-09-18 11:42:00,-0.10264288940999222
2020-09-18 11:45:00,-0.01960904736745306
2020-09-18 11:48:00,-0.021880490961905252
2020-09-18 11:51:00,-0.07603082934491567
2020-09-18 11:54:00,-0.05781617483609125
2020-09-18 11:57:00,-0.0568944715436146
2020-09-18 12:00:00,0.03165769528544615
2020-09-18 12:03:00,-0.021345506559271143
2020-09-18 12:06:00,0.05015563373189025
2020-09-18 12:09:00,0.03848542351238393
2020-09-18 12:12:00,0.023722398613926998
2020-09-18 12:15:00,-0.07898603757985256
2020-09-18 12:18:00,-0.10766402529031893
2020-09-18 12:21:00,-0.0727418733275158
2020-09-18 12:24:00,-0.04993120103824822
2020-09-18 12:27:00,-0.028751241364318503
2020-09-18 12:30:00,-0.07671927503128018
2020-09-18 12:33:00,-0.05365764180089627
2020-09-18 12:36:00,-0.11825644139071301
2020-09-18 12:39:00,-0.010958113746482923
2020-09-18 12:42:00,-0.08692459145441944
2020-09-18 12:45:00,-0.0836073112029112
2020-09-18 12:48:00,0.013994820141476794
2020-09-18 12:51:00,0.07380253344774701
2020-09-18 12:54:00,0.16535439986296296
2020-09-18 12:57:00,0.21967236940866997
2020-09-18 13:00:00,0.27512426439000137
2020-09-18 13:03:00,0.2933181054249303
2020-09-18 13:06:00,0.3006781361507933
2020-09-18 13:09:00,0.29758153395107456
2020-09-18 13:12:00,0.20738166379521772
2020-09-18 13:15:00,0.1696398937641561
2020-09-18 13:18:00,0.28295146218420086
2020-09-18 13:21:00,0.18622262707901882
2020-09-18 13:24:00,-0.13966657664059312
2020-09-18 13:27:00,-0.13867942497580543
2020-09-18 13:30:00,-0.1300315989773253
2020-09-18 13:33:00,-0.14563657912742656
2020-09-18 13:36:00,-0.04369704440313171
2020-09-18 13:39:00,-0.10020761909640896
2020-09-18 13:42:00,-0.12247418568381363
2020-09-18 13:45:00,-0.05794065683420513
2020-09-18 13:48:00,-0.0016273548058052256
2020-09-18 13:51:00,0.15040319820383274
2020-09-18 13:54:00,0.19299133317701944
2020-09-18 13:57:00,0.21962027701960096
2020-09-18 14:00:00,0.18809424205772984
2020-09-18 14:03:00,0.06203473671649817
2020-09-18 14:06:00,0.16914014398497557
2020-09-18 14:09:00,0.3168576761030977
2020-09-18 14:12:00,0.41009961651906224
2020-09-18 14:15:00,0.302570516087485
2020-09-18 14:18:00,0.2795545411205467
2020-09-18 14:21:00,0.17977301176949823
2020-09-18 14:24:00,0.11847417247031444
2020-09-18 14:27:00,0.18931618729681077
2020-09-18 14:30:00,0.223597445547
2020-09-18 14:33:00,0.2950995468054316
2020-09-18 14:36:00,0.23777541088696807
2020-09-18 14:39:00,0.356882446642544
2020-09-18 14:42:00,0.5036317400557095
2020-09-18 14:45:00,0.23718834082876583
2020-09-18 14:48:00,0.20351879959986263
2020-09-18 14:51:00,0.2750962479887562
2020-09-18 14:54:00,0.23062933690061982
2020-09-18 14:57:00,0.2166617735627483
2020-09-18 15:00:00,0.2021684589071242
2020-09-18 15:03:00,0.1919673484710529
2020-09-18 15:06:00,0.11634624779651404
2020-09-18 15:09:00,0.21608471701216558
2020-09-18 15:12:00,0.18488552859724905
2020-09-18 15:15:00,0.22572268241833626
2020-09-18 15:18:00,0.21021767634505295
2020-09-18 15:21:00,0.19268253935615576
2020-09-18 15:24:00,0.15064648876011688
2020-09-18 15:27:00,0.11700970646307951
2020-09-18 15:30:00,0.15233848581630127
2020-09-18 15:33:00,0.11487810959130229
2020-09-18 15:36:00,0.13364813818895982
2020-09-18 15:39:00,0.14697261794032102
2020-09-18 15:42:00,0.1385782116024643
2020-09-18 15:45:00,0.12183898644934743
2020-09-18 15:48:00,0.0955550492995485
2020-09-18 15:51:00,0.18922556054980078
2020-09-18 15:54:00,0.13589831326248714
2020-09-18 15:57:00,0.13885714313994413
2020-09-18 16:00:00,0.10138619218548683
2020-09-18 16:03:00,0.07812169369299227
2020-09-18 16:06:00,0.08846194058799028
2020-09-18 16:09:00,0.08006468085216056
2020-09-18 16:12:00,0.12180726962441213
2020-09-18 16:15:00,0.0756712822155805
2020-09-18 16:18:00,0.05444802380219471
2020-09-18 16:21:00,0.10264253924106015
2020-09-18 16:24:00,0.04374795899110495
2020-09-18 16:27:00,0.031310351297861416
2020-09-18 16:30:00,-0.005767673090986136
2020-09-18 16:33:00,0.057558764429870735
2020-09-18 16:36:00,0.014028916248207679
2020-09-18 16:39:00,0.01517585677339639
2020-09-18 16:42:00,0.0514793483671383
2020-09-18 16:45:00,0.0009144037602482058
2020-09-18 16:48:00,-0.01919366768350983
2020-09-18 16:51:00,-0.021699192686867264
2020-09-18 16:54:00,-0.014427876179524901
2020-09-18 16:57:00,-0.046108865104486085
2020-09-18 17:00:00,-0.04243822098169403
2020-09-18 17:03:00,-0.06337127121616959
2020-09-18 17:06:00,-0.06431266903507549
2020-09-18 17:09:00,-0.04754342704461578
2020-09-18 17:12:00,-0.015035934035040555
2020-09-18 17:15:00,-0.03398948059839313
2020-09-18 17:18:00,-0.025746363596283572
2020-09-18 17:21:00,-0.024604219695675056
2020-09-18 17:24:00,-0.09087847984790187
2020-09-18 17:27:00,-0.07729127734836538
2020-09-18 17:30:00,-0.035295105268914995
2020-09-18 17:33:00,-0.07904824128723931
2020-09-18 17:36:00,-0.046613843053137316
2020-09-18 17:39:00,-0.09003897441942854
2020-09-18 17:42:00,-0.078965049008616
2020-09-18 17:45:00,-0.07305917025962572
2020-09-18 17:48:00,-0.03580974390462188
2020-09-18 17:51:00,-0.001980293185397386
2020-09-18 17:54:00,-0.0673886109281625
2020-09-18 17:57:00,-0.0340244030227268
2020-09-18 18:00:00,-0.07114979655824527
2020-09-18 18:03:00,-0.07546292570737023
2020-09-18 18:06:00,-0.11961808974649557
2020-09-18 18:09:00,-0.1074958422985901
2020-09-18 18:12:00,-0.11001959345225032
2020-09-18 18:15:00,-0.020094720233032604
2020-09-18 18:18:00,-0.005600724593989526
2020-09-18 18:21:00,-0.06363223486278002
2020-09-18 18:24:00,-0.05831182984928773
2020-09-18 18:27:00,-0.0536824167351142
2020-09-18 18:30:00,-0.09654969632333632
2020-09-18 18:33:00,-0.07820861718317929
2020-09-18 18:36:00,-0.08708352310151213
2020-09-18 18:39:00,-0.07415197476478852
2020-09-18 18:42:00,-0.0404847912291757
2020-09-18 18:45:00,-0.06279129906511116
2020-09-18 18:48:00,-0.08514245033950374
2020-09-18 18:51:00,-0.1123857153560266
2020-09-18 18:54:00,-0.1028116775195258
2020-09-18 18:57:00,
2020-09-18 19:00:00,
2020-09-18 19:03:00,-0.07623878596569966
2020-09-18 19:06:00,-0.05777598789984495
2020-09-18 19:09:00,-0.02701335125971127
2020-09-18 19:12:00,-0.02775492384972722
2020-09-18 19:15:00,-0.05687571843770911
2020-09-18 19:18:00,-0.01255238264639047
2020-09-18 19:21:00,0.014458848448100525
2020-09-18 19:24:00,0.12166232587816239
2020-09-18 19:27:00,0.06844513356702464
2020-09-18 19:30:00,0.09697696685543633
2020-09-18 19:33:00,0.138556276743941
2020-09-18 19:36:00,0.12207044602337191
2020-09-18 19:39:00,0.20708444030867668
2020-09-18 19:42:00,0.1772379343118473
2020-09-18 19:45:00,0.1651945561538355
2020-09-18 19:48:00,0.20996916485916017
2020-09-18 19:51:00,0.19311886295207614
2020-09-18 19:54:00,0.2206237416466479
2020-09-18 19:57:00,0.2756083233103368
2020-09-18 20:00:00,0.23496578765326603
2020-09-18 20:03:00,0.19656272867530333
2020-09-18 20:06:00,0.22712949390938775
2020-09-18 20:09:00,0.25906210892770787
2020-09-18 20:12:00,0.2686362301369627
2020-09-18 20:15:00,0.29896018188111384
2020-09-18 20:18:00,0.2675655361265967
2020-09-18 20:21:00,0.24637061621945122
2020-09-18 20:24:00,0.3143169508637129
2020-09-18 20:27:00,0.3517086174865085
2020-09-18 20:30:00,0.28924037468749475
2020-09-18 20:33:00,0.3014515848031465
2020-09-18 20:36:00,0.35476995635593767
2020-09-18 20:39:00,0.32831972346878047
2020-09-18 20:42:00,0.28854491386829295
2020-09-18 20:45:00,0.33477469821895056
2020-09-18 20:48:00,0.35408136336894813
2020-09-18 20:51:00,0.3218937815976801
2020-09-18 20:54:00,0.3839915463062198
2020-09-18 20:57:00,0.3461583281579692
2020-09-18 21:00:00,0.3725926112078355
2020-09-18 21:03:00,0.30621797103088966
2020-09-18 21:06:00,0.35222841568736385
2020-09-18 21:09:00,0.348360341050693
2020-09-18 21:12:00,0.3914844537478075
2020-09-18 21:15:00,0.34138836368282455
2020-09-18 21:18:00,0.41732862027936335
2020-09-18 21:21:00,0.3807332175304623
2020-09-18 21:24:00,0.4384064854873486
2020-09-18 21:27:00,0.4334161325801915
2020-09-18 21:30:00,0.36655851978389364
2020-09-18 21:33:00,0.35677695901318884
2020-09-18 21:36:00,0.4021068750782888
2020-09-18 21:39:00,0.3702003865794268
2020-09-18 21:42:00,0.3930302395318108
2020-09-18 21:45:00,0.28365593838566383
2020-09-18 21:48:00,0.4226397359470866
2020-09-18 21:51:00,0.3621688083433696
2020-09-18 21:54:00,0.38775165448606685
2020-09-18 21:57:00,0.3397228359115161
2020-09-18 22:00:00,0.3666999319454476
2020-09-18 22:03:00,0.38839794677630834
2020-09-18 22:06:00,0.35873730630697764
2020-09-18 22:09:00,0.4448536535397807
2020-09-18 22:12:00,0.4136707505968502
2020-09-18 22:15:00,0.44212956555372784
2020-09-18 22:18:00,0.45214539097645456
2020-09-18 22:21:00,0.4472381995236674
2020-09-18 22:24:00,0.42761045605129766
2020-09-18 22:27:00,0.4280225173558847
2020-09-18 22:30:00,0.4369042122367546
2020-09-18 22:33:00,0.4792754694383916
2020-09-18 22:36:00,0.48586740748390866
2020-09-18 22:39:00,0.48048850277848487
2020-09-18 22:42:00,0.4485878791970208
2020-09-18 22:45:00,0.5217874821804003
2020-09-18 22:48:00,0.4046417571414622
2020-09-18 22:51:00,0.5029241741651163
2020-09-18 22:54:00,0.3740947033895168
2020-09-18 22:57:00,0.4735121200843082
2020-09-18 23:00:00,0.48027491143915313
2020-09-18 23:03:00,0.4903758888098082
2020-09-18 23:06:00,0.4423942452918368
2020-09-18 23:09:00,0.45500154159094564
2020-09-18 23:12:00,0.4633954906017834
2020-09-18 23:15:00,0.449628228321842
2020-09-18 23:18:00,0.3878965619001633
2020-09-18 23:21:00,0.4604445206845753
2020-09-18 23:24:00,0.449068983104155
2020-09-18 23:27:00,0.44001804055147886
2020-09-18 23:30:00,0.3896049361741234
2020-09-18 23:33:00,0.40380165891701836
2020-09-18 23:36:00,0.34106402036235295
2020-09-18 23:39:00,0.3733496917764114
2020-09-18 23:42:00,0.33538662162976607
2020-09-18 23:45:00,0.332498008359039
2020-09-18 23:48:00,0.31868068032821384
2020-09-18 23:51:00,0.34545645869849295
2020-09-18 23:54:00,0.35743428565268687
2020-09-18 23:57:00,0.41713801562622166
2020-09-19 00:00:00,0.3823857850309764
2020-09-19 00:03:00,0.38535964528233535
2020-09-19 00:06:00,0.42171647600702045
2020-09-19 00:09:00,0.4482455736660427
2020-09-19 00:12:00,0.38524583502692167
2020-09-19 00:15:00,0.43411099979391565
2020-09-19 00:18:00,0.4114306906260481
2020-09-19 00:21:00,0.40038639992224034
2020-09-19 00:24:00,0.35612424715952784
2020-09-19 00:27:00,0.3704395055258374
2020-09-19 00:30:00,0.32688752516065733
2020-09-19 00:33:00,0.31348818064844863
2020-09-19 00:36:00,0.3866897737518684
2020-09-19 00:39:00,0.35954172517352845
2020-09-19 00:42:00,0.37983091058703167
2020-09-19 00:45:00,0.40812567175203185
2020-09-19 00:48:00,0.38622857194536664
2020-09-19 00:51:00,0.3830916815687715
2020-09-19 00:54:00,0.4131451079686599
2020-09-19 00:57:00,0.4078169984267106
2020-09-19 01:00:00,0.477227126274272
2020-09-19 01:03:00,0.37870070955892743
2020-09-19 01:06:00,0.37524559375219724
2020-09-19 01:09:00,0.41338407700402513
2020-09-19 01:12:00,0.34568227138976226
2020-09-19 01:15:00,0.3831143380943445
2020-09-19 01:18:00,0.38955779899407617
2020-09-19 01:21:00,0.4427588566331906
2020-09-19 01:24:00,0.3668105132090318
2020-09-19 01:27:00,0.3347758478605556
2020-09-19 01:30:00,0.3453894754268845
2020-09-19 01:33:00,0.35176620590050334
2020-09-19 01:36:00,0.3615305873008765
2020-09-19 01:39:00,0.4245129894389379
2020-09-19 01:42:00,0.3875357586027235
2020-09-19 01:45:00,0.45939739879707986
2020-09-19 01:48:00,0.47298193096531804
2020-09-19 01:51:00,0.558254548078537
2020-09-19 01:54:00,0.47515622551208025
2020-09-19 01:57:00,0.4608042775400918
2020-09-19 02:00:00,0.4160689772360229
2020-09-19 02:03:00,0.4155185250689897
2020-09-19 02:06:00,0.43989378858356076
2020-09-19 02:09:00,0.5257373868612376
2020-09-19 02:12:00,0.3983194679743747
2020-09-19 02:15:00,0.5330794768138958
2020-09-19 02:18:00,0.44583845963757085
2020-09-19 02:21:00,0.47343229639898254
2020-09-19 02:24:00,0.4911863335451585
2020-09-19 02:27:00,0.41193255445682553
2020-09-19 02:30:00,0.3830827691213017
2020-09-19 02:33:00,0.35676792191986806
2020-09-19 02:36:00,0.39341783685813425
2020-09-19 02:39:00,0.400177644777159
2020-09-19 02:42:00,0.44481071197873234
2020-09-19 02:45:00,0.41504484410347686
2020-09-19 02:48:00,0.42047012961251085
2020-09-19 02:51:00,0.4047089343932839
2020-09-19 02:54:00,0.4255900939025423
2020-09-19 02:57:00,0.36243508008624303
2020-09-19 03:00:00,0.4165950082187351
2020-09-19 03:03:00,0.3825196898837362
2020-09-19 03:06:00,0.36020920656824273
2020-09-19 03:09:00,0.38791016935221023
2020-09-19 03:12:00,0.4143442997166744
2020-09-19 03:15:00,0.3566147937983146
2020-09-19 03:18:00,0.42457834118579285
2020-09-19 03:21:00,0.42690748320285365
2020-09-19 03:24:00,0.36604624674259867
2020-09-19 03:27:00,0.41492907418205505
2020-09-19 03:30:00,0.3644886768628339
2020-09-19 03:33:00,0.45045984814214535
2020-09-19 03:36:00,0.3806988469821704
2020-09-19 03:39:00,0.4626279190812852
2020-09-19 03:42:00,0.4475408255534603
2020-09-19 03:45:00,0.46991456924354225
2020-09-19 03:48:00,0.4464112566873837
2020-09-19 03:51:00,0.462924577905369
2020-09-19 03:54:00,0.4538741477908843
2020-09-19 03:57:00,0.4726753151473986
2020-09-19 04:00:00,0.3733244677087555
2020-09-19 04:03:00,0.360354553873492
2020-09-19 04:06:00,0.45142860641567495
2020-09-19 04:09:00,0.4663028069160191
2020-09-19 04:12:00,0.38321911112404905
2020-09-19 04:15:00,0.376511723467047
2020-09-19 04:18:00,0.3750517128548836
2020-09-19 04:21:00,0.4256692264995081
2020-09-19 04:24:00,0.41909221924726126
2020-09-19 04:27:00,0.35936279325039777
2020-09-19 04:30:00,0.3555325818334154
2020-09-19 04:33:00,0.3483128214360818
2020-09-19 04:36:00,0.37055549475559246
2020-09-19 04:39:00,0.3438706177429367
2020-09-19 04:42:00,0.3504343578126736
2020-09-19 04:45:00,0.38532625973601853
2020-09-19 04:48:00,0.39656489906423076
2020-09-19 04:51:00,0.34870594651090414
2020-09-19 04:54:00,0.38046244551895825
2020-09-19 04:57:00,0.3244932767805153
2020-09-19 05:00:00,0.3796290155417523
2020-09-19 05:03:00,0.42396272780609934
2020-09-19 05:06:00,0.3785955720196057
2020-09-19 05:09:00,0.32623127979638866
2020-09-19 05:12:00,0.29874601927014055
2020-09-19 05:15:00,0.37147254265562424
2020-09-19 05:18:00,0.3663552880013299
2020-09-19 05:21:00,0.4068577241052367
2020-09-19 05:24:00,0.35438244552580045
2020-09-19 05:27:00,0.3690144919702334
2020-09-19 05:30:00,0.3659746235863963
2020-09-19 05:33:00,0.41365539484615965
2020-09-19 05:36:00,0.40212389811347293
2020-09-19 05:39:00,0.3825872219059647
2020-09-19 05:42:00,0.4613973765816013
2020-09-19 05:45:00,0.4534643303910002
2020-09-19 05:48:00,0.46081569886968055
2020-09-19 05:51:00,0.4316360968136337
2020-09-19 05:54:00,0.383629176156262
2020-09-19 05:57:00,0.4140470440549393
2020-09-19 06:00:00,0.39880308352041993
2020-09-19 06:03:00,0.4348866990474676
2020-09-19 06:06:00,0.4323643209765464
2020-09-19 06:09:00,0.45329453348074367
2020-09-19 06:12:00,0.38146781089670867
2020-09-19 06:15:00,0.3722322875370878
2020-09-19 06:18:00,0.3753245623183261
2020-09-19 06:21:00,0.32460631644391924
2020-09-19 06:24:00,0.3846514986814782
2020-09-19 06:27:00,0.3393862506154619
2020-09-19 06:30:00,0.39689087222200214
2020-09-19 06:33:00,0.4247599844155161
2020-09-19 06:36:00,0.41072004190237976
2020-09-19 06:39:00,0.3411992688426153
2020-09-19 06:42:00,0.42533433648168284
2020-09-19 06:45:00,0.4066529786047113
2020-09-19 06:48:00,0.41595518364522377
2020-09-19 06:51:00,0.42885058703495815
2020-09-19 06:54:00,0.3419847548670987
2020-09-19 06:57:00,0.43404923302426823
2020-09-19 07:00:00,0.38738223505123415
2020-09-19 07:03:00,0.4753347234214971
2020-09-19 07:06:00,0.4229611706932701
2020-09-19 07:09:00,0.40572204752822927
2020-09-19 07:12:00,0.48596637843286317
2020-09-19 07:15:00,0.4798936612250486
2020-09-19 07:18:00,0.47713872926709655
2020-09-19 07:21:00,0.45969271370415754
2020-09-19 07:24:00,0.45047911044622424
2020-09-19 07:27:00,0.4455303599366971
2020-09-19 07:30:00,0.427881990015635
2020-09-19 07:33:00,0.355391783963114
2020-09-19 07:36:00,0.5044863084393683
2020-09-19 07:39:00,0.4268105735184804
2020-09-19 07:42:00,0.4307553092012313
2020-09-19 07:45:00,0.4470675186494759
2020-09-19 07:48:00,0.4437623677297893
2020-09-19 07:51:00,0.44548392852470897
2020-09-19 07:54:00,0.5045899546944383
2020-09-19 07:57:00,0.44938463326138844
2020-09-19 08:00:00,0.446296949598775
2020-09-19 08:03:00,0.46948520363940816
2020-09-19 08:06:00,0.45257027097466107
2020-09-19 08:09:00,0.4481967153375308
2020-09-19 08:12:00,0.4536432753798181
2020-09-19 08:15:00,0.4102095713960239
2020-09-19 08:18:00,0.44265850693801667
2020-09-19 08:21:00,0.5308745828797896
2020-09-19 08:24:00,0.4613580748352888
2020-09-19 08:27:00,0.4500170563358097
2020-09-19 08:30:00,0.40397468524849955
2020-09-19 08:33:00,0.4331944226933615
2020-09-19 08:36:00,0.3891126704901353
2020-09-19 08:39:00,0.33922997882530126
2020-09-19 08:42:00,0.3029710866297819
2020-09-19 08:45:00,0.38919313933331523
2020-09-19 08:48:00,0.4057622408853945
2020-09-19 08:51:00,0.41915537127630387
2020-09-19 08:54:00,0.40784957400001076
2020-09-19 08:57:00,0.4595068668182307
2020-09-19 09:00:00,0.48332269364510694
2020-09-19 09:03:00,0.375059931489659
2020-09-19 09:06:00,0.40889361551057846
2020-09-19 09:09:00,0.39372726113020917
2020-09-19 09:12:00,0.400331138923832
2020-09-19 09:15:00,0.36831752165375065
2020-09-19 09:18:00,0.34326912917316577
2020-09-19 09:21:00,0.2895292476686677
2020-09-19 09:24:00,0.3204097856246335
2020-09-19 09:27:00,0.26714727914776404
2020-09-19 09:30:00,0.24196448686433314
2020-09-19 09:33:00,0.3110436389832216
2020-09-19 09:36:00,0.24512016465894249
2020-09-19 09:39:00,0.26409657011157606
2020-09-19 09:42:00,0.33328917060924823
2020-09-19 09:45:00,0.3018103597194681
2020-09-19 09:48:00,0.33960164311957897
2020-09-19 09:51:00,0.3148132510082746
2020-09-19 09:54:00,0.27870917455646804
2020-09-19 09:57:00,0.3392835245392689
2020-09-19 10:00:00,0.2210562507175382
2020-09-19 10:03:00,0.2534722949914112
2020-09-19 10:06:00,0.2595137000666341
2020-09-19 10:09:00,0.17313523469618985
2020-09-19 10:12:00,0.2758742046967768
2020-09-19 10:15:00,0.27940254777530527
2020-09-19 10:18:00,0.23452943370841695
2020-09-19 10:21:00,0.28075205437249906
2020-09-19 10:24:00,0.30403468361436126
2020-09-19 10:27:00,0.18811767874467478
2020-09-19 10:30:00,0.2220632545752892
2020-09-19 10:33:00,0.1201578828489005
2020-09-19 10:36:00,0.16842924709595763
2020-09-19 10:39:00,0.11719547997364543
2020-09-19 10:42:00,0.13299526325221223
2020-09-19 10:45:00,0.17248968675050946
2020-09-19 10:48:00,0.09244381084141651
2020-09-19 10:51:00,0.11045409564655984
2020-09-19 10:54:00,0.13603232658670095
2020-09-19 10:57:00,0.026932629517204987
2020-09-19 11:00:00,0.04397620797152513
2020-09-19 11:03:00,-0.011564494668334646
2020-09-19 11:06:00,-0.001616330515730624
2020-09-19 11:09:00,-0.0912294959339306
2020-09-19 11:12:00,-0.02034582242185934
2020-09-19 11:15:00,-0.05780776451416614
2020-09-19 11:18:00,-0.01820346992121813
2020-09-19 11:21:00,-0.1201033528831772
2020-09-19 11:24:00,-0.11507706873055668
2020-09-19 11:27:00,-0.11756911609626286
2020-09-19 11:30:00,-0.08234183235003911
2020-09-19 11:33:00,0.008401375530354471
2020-09-19 11:36:00,-0.11576828760706803
2020-09-19 11:39:00,-0.12892690682451757
2020-09-19 11:42:00,-0.15485803982568314
2020-09-19 11:45:00,-0.18578091247923112
2020-09-19 11:48:00,-0.1616520040649334
2020-09-19 11:51:00,-0.13061579855639138
2020-09-19 11:54:00,-0.22336104015380442
2020-09-19 11:57:00,-0.15036832558234892
2020-09-19 12:00:00,-0.2232266208159217
2020-09-19 12:03:00,-0.20200747525387897
2020-09-19 12:06:00,-0.2459995171785181
2020-09-19 12:09:00,-0.2092699644001641
2020-09-19 12:12:00,-0.23481479442671116
2020-09-19 12:15:00,-0.27526479975762186
2020-09-19 12:18:00,-0.2877756125969313
2020-09-19 12:21:00,-0.27482220920211375
2020-09-19 12:24:00,-0.3214290885445621
2020-09-19 12:27:00,-0.25241451764077283
2020-09-19 12:30:00,-0.27451952603388463
2020-09-19 12:33:00,-0.33958000223890394
2020-09-19 12:36:00,-0.3438724583899102
2020-09-19 12:39:00,-0.32371693871647267
2020-09-19 12:42:00,-0.36782668403878915
2020-09-19 12:45:00,-0.3267415124439026
2020-09-19 12:48:00,-0.3381626100727999
2020-09-19 12:51:00,-0.335967057202879
2020-09-19 12:54:00,-0.3477058141648399
2020-09-19 12:57:00,-0.25697550867090513
2020-09-19 13:00:00,-0.1945658333360143
2020-09-19 13:03:00,-0.16889703728753602
2020-09-19 13:06:00,-0.11540111188315905
2020-09-19 13:09:00,-0.14888024657511778
2020-09-19 13:12:00,-0.2007422903633369
2020-09-19 13:15:00,-0.09978841991045329
2020-09-19 13:18:00,-0.07365574308784062
2020-09-19 13:21:00,-0.09053887191402055
2020-09-19 13:24:00,-0.15501136124839832
2020-09-19 13:27:00,-0.11818531467707771
2020-09-19 13:30:00,-0.16835870424267796
2020-09-19 13:33:00,-0.20048896341188538
2020-09-19 13:36:00,-0.1224856602054274
2020-09-19 13:39:00,-0.20386546677036677
2020-09-19 13:42:00,-0.11539283091929065
2020-09-19 13:45:00,-0.1682985950484408
2020-09-19 13:48:00,-0.10784082887221302
2020-09-19 13:51:00,-0.01829928857290497
2020-09-19 13:54:00,0.07686985284931325
2020-09-19 13:57:00,0.10208898199329042
2020-09-19 14:00:00,-0.002714635595737036
2020-09-19 14:03:00,-0.005730435042437421
2020-09-19 14:06:00,-0.1756373864727152
2020-09-19 14:09:00,-0.22150674081689203
2020-09-19 14:12:00,-0.21754992113085336
2020-09-19 14:15:00,-0.17188320332599005
2020-09-19 14:18:00,-0.19309122289661218
2020-09-19 14:21:00,-0.20424986597680572
2020-09-19 14:24:00,-0.06847136318839375
2020-09-19 14:27:00,-0.11743424478754605
2020-09-19 14:30:00,-0.06246450968967565
2020-09-19 14:33:00,-0.1560618347664331
2020-09-19 14:36:00,-0.135627786318139
2020-09-19 14:39:00,-0.20084212987734418
2020-09-19 14:42:00,-0.19507362474905676
2020-09-19 14:45:00,-0.13909382546620463
2020-09-19 14:48:00,-0.14718996774240622
2020-09-19 14:51:00,-0.1301334489992314
2020-09-19 14:54:00,-0.19805015319468566
2020-09-19 14:57:00,-0.12764657056720807
2020-09-19 15:00:00,-0.08797078000782221
2020-09-19 15:03:00,-0.058304296027131386
2020-09-19 15:06:00,0.03675149838352354
2020-09-19 15:09:00,-0.031493141428711624
2020-09-19 15:12:00,-0.22235840304460908
2020-09-19 15:15:00,-0.1442184602720431
2020-09-19 15:18:00,-0.0976026266693566
2020-09-19 15:21:00,-0.0655980874964257
2020-09-19 15:24:00,-0.14342460329788764
2020-09-19 15:27:00,-0.11698170513659534
2020-09-19 15:30:00,-0.08842531360534167
2020-09-19 15:33:00,0.03304441573425265
2020-09-19 15:36:00,0.054514074893972975
2020-09-19 15:39:00,-0.053011851493295126
2020-09-19 15:42:00,-0.008858708274829041
2020-09-19 15:45:00,-0.059870899958127666
2020-09-19 15:48:00,-0.20160913136913905
2020-09-19 15:51:00,-0.31381684584283676
2020-09-19 15:54:00,-0.2528079804584422
2020-09-19 15:57:00,-0.3299560802480528
2020-09-19 16:00:00,-0.3092630601046835
2020-09-19 16:03:00,-0.3419344017920025
2020-09-19 16:06:00,-0.3109542081110135
2020-09-19 16:09:00,-0.2661370613286067
2020-09-19 16:12:00,-0.2797361584271698
2020-09-19 16:15:00,-0.3024159280012668
2020-09-19 16:18:00,-0.23257715415667235
2020-09-19 16:21:00,-0.21324607148699215
2020-09-19 16:24:00,-0.12507028443945956
2020-09-19 16:27:00,-0.09432037560742401
2020-09-19 16:30:00,-0.18585898766400533
2020-09-19 16:33:00,-0.1257434766687311
2020-09-19 16:36:00,-0.19952560583419654
2020-09-19 16:39:00,-0.13299653384075327
2020-09-19 16:42:00,-0.1733228268811331
2020-09-19 16:45:00,-0.028682453519479623
2020-09-19 16:48:00,0.030783765186356504
2020-09-19 16:51:00,0.08075968909736275
2020-09-19 16:54:00,0.1889377629826754
2020-09-19 16:57:00,0.34822906507287144
2020-09-19 17:00:00,0.4105385681114626
2020-09-19 17:03:00,0.19291033054787476
2020-09-19 17:06:00,0.1100996527351299
2020-09-19 17:09:00,0.13051001756986125
2020-09-19 17:12:00,0.18892006877206313
2020-09-19 17:15:00,0.3360037419545847
2020-09-19 17:18:00,0.3098926976005032
2020-09-19 17:21:00,0.2903123569078616
2020-09-19 17:24:00,0.4133840695103572
2020-09-19 17:27:00,0.35441271473149527
2020-09-19 17:30:00,0.26277033117810333
2020-09-19 17:33:00,0.1833008020379907
2020-09-19 17:36:00,0.14118271610993816
2020-09-19 17:39:00,0.0929078073470464
2020-09-19 17:42:00,0.07906913706000296
2020-09-19 17:45:00,0.11503841934046477
2020-09-19 17:48:00,0.15437596131749842
2020-09-19 17:51:00,0.05469250994792674
2020-09-19 17:54:00,0.1331346128619657
2020-09-19 17:57:00,0.17885961259418082
2020-09-19 18:00:00,0.27090386634790775
2020-09-19 18:03:00,0.34563598894902725
2020-09-19 18:06:00,0.502167437546575
2020-09-19 18:09:00,0.5026225210805251
2020-09-19 18:12:00,0.33292026263069374
2020-09-19 18:15:00,0.31188060094257253
2020-09-19 18:18:00,0.3278125634424214
2020-09-19 18:21:00,0.2254009729469999
2020-09-19 18:24:00,0.3683689814865829
2020-09-19 18:27:00,0.5281237266383414
2020-09-19 18:30:00,0.574575864847418
2020-09-19 18:33:00,0.47213734803915486
2020-09-19 18:36:00,0.46184657916796823
2020-09-19 18:39:00,0.49812929171866926
2020-09-19 18:42:00,0.4324920166104107
2020-09-19 18:45:00,0.3327000022827633
2020-09-19 18:48:00,0.2952065215347943
2020-09-19 18:51:00,0.34772055064036067
2020-09-19 18:54:00,0.38883365083751187
2020-09-19 18:57:00,
2020-09-19 19:00:00,
2020-09-19 19:03:00,0.4005944188141939
2020-09-19 19:06:00,0.3588096526854656
2020-09-19 19:09:00,0.39571896501087167
2020-09-19 19:12:00,0.42310828534471057
2020-09-19 19:15:00,0.38529158728044877
2020-09-19 19:18:00,0.4034205449260071
2020-09-19 19:21:00,0.46389092743442006
2020-09-19 19:24:00,0.4771842838139264
2020-09-19 19:27:00,0.5176577053104552
2020-09-19 19:30:00,0.5284071233675718
2020-09-19 19:33:00,0.5263969232781278
2020-09-19 19:36:00,0.56662528558536
2020-09-19 19:39:00,0.5996334209629595
2020-09-19 19:42:00,0.6352790310440923
2020-09-19 19:45:00,0.692429711365321
2020-09-19 19:48:00,0.5929933675663506
2020-09-19 19:51:00,0.6609260481860133
2020-09-19 19:54:00,0.6086426925676278
2020-09-19 19:57:00,0.6926301472419141
2020-09-19 20:00:00,0.6833453508783123
2020-09-19 20:03:00,0.6445096766888128
2020-09-19 20:06:00,0.6344967197180722
2020-09-19 20:09:00,0.5866781374974721
2020-09-19 20:12:00,0.6007899766157152
2020-09-19 20:15:00,0.4272666327940442
2020-09-19 20:18:00,0.40260040852865586
2020-09-19 20:21:00,0.32751137232367
2020-09-19 20:24:00,0.36370069991517084
2020-09-19 20:27:00,0.425989766748728
2020-09-19 20:30:00,0.4431500862526718
2020-09-19 20:33:00,0.37428355774540023
2020-09-19 20:36:00,0.3453624905295669
2020-09-19 20:39:00,0.3249241523298565
2020-09-19 20:42:00,0.26649850658373
2020-09-19 20:45:00,0.3179240006162445
2020-09-19 20:48:00,0.2779088621438177
2020-09-19 20:51:00,0.2345190898124656
2020-09-19 20:54:00,0.22079491048765476
2020-09-19 20:57:00,0.25041697804658725
2020-09-19 21:00:00,0.302451335627552
2020-09-19 21:03:00,0.27330178057172816
2020-09-19 21:06:00,0.2609943454180552
2020-09-19 21:09:00,0.2482706881153831
2020-09-19 21:12:00,0.12725239574535863
2020-09-19 21:15:00,0.1982035515080156
2020-09-19 21:18:00,0.14062669857639776
2020-09-19 21:21:00,0.15427983846154802
2020-09-19 21:24:00,0.18415307737473086
2020-09-19 21:27:00,0.09594371311993655
2020-09-19 21:30:00,0.24621787996431976
2020-09-19 21:33:00,0.16034131317326228
2020-09-19 21:36:00,0.13844834716257992
2020-09-19 21:39:00,0.1312106945778737
2020-09-19 21:42:00,0.08721176389963148
2020-09-19 21:45:00,0.17007189969257297
2020-09-19 21:48:00,0.16599338743543512
2020-09-19 21:51:00,0.14237528942936706
2020-09-19 21:54:00,0.16497144272699416
2020-09-19 21:57:00,0.12137847803955992
2020-09-19 22:00:00,0.1547901193589496
2020-09-19 22:03:00,0.13204203418632687
2020-09-19 22:06:00,0.19025441044999525
2020-09-19 22:09:00,0.23164604564590263
2020-09-19 22:12:00,0.20488161113951264
2020-09-19 22:15:00,0.1541965466262809
2020-09-19 22:18:00,0.19497696959820132
2020-09-19 22:21:00,0.2426718969356898
2020-09-19 22:24:00,0.18419784358297875
2020-09-19 22:27:00,0.19931292584334415
2020-09-19 22:30:00,0.1809547987356268
2020-09-19 22:33:00,0.20080530941982033
2020-09-19 22:36:00,0.2014494552438464
2020-09-19 22:39:00,0.18677084004627886
2020-09-19 22:42:00,0.22873928496511553
2020-09-19 22:45:00,0.18242049035097807
2020-09-19 22:48:00,0.18383864777240433
2020-09-19 22:51:00,0.2118659856983527
2020-09-19 22:54:00,0.10999842362889467
2020-09-19 22:57:00,0.2702215941618533
2020-09-19 23:00:00,0.20015123881046293
2020-09-19 23:03:00,0.27273687905545785
2020-09-19 23:06:00,0.26817610178795803
2020-09-19 23:09:00,0.24057163864023323
2020-09-19 23:12:00,0.2818977827132585
2020-09-19 23:15:00,0.2890569280516502
2020-09-19 23:18:00,0.23817649227828497
2020-09-19 23:21:00,0.2421809224919116
2020-09-19 23:24:00,0.24458778964225303
2020-09-19 23:27:00,0.2316591061365898
2020-09-19 23:30:00,0.24825496619928344
2020-09-19 23:33:00,0.2653437026987717
2020-09-19 23:36:00,0.24919620476339333
2020-09-19 23:39:00,0.21086095725894438
2020-09-19 23:42:00,0.24334145118945116
2020-09-19 23:45:00,0.2812983808182139
2020-09-19 23:48:00,0.2136664786800111
2020-09-19 23:51:00,0.22479162781763762
2020-09-19 23:54:00,0.2678763240139119
2020-09-19 23:57:00,0.2489345719512812
2020-09-20 00:00:00,0.2207321540268481
2020-09-20 00:03:00,0.14698103260747075
2020-09-20 00:06:00,0.23453005420253703
2020-09-20 00:09:00,0.28569949405169837
2020-09-20 00:12:00,0.2776290267683521
2020-09-20 00:15:00,0.22036071876431151
2020-09-20 00:18:00,0.21227726507265743
2020-09-20 00:21:00,0.20343296072644534
2020-09-20 00:24:00,0.22943490505878117
2020-09-20 00:27:00,0.2942868085063992
2020-09-20 00:30:00,0.2798049650686494
2020-09-20 00:33:00,0.2890415974241023
2020-09-20 00:36:00,0.21748919399453825
2020-09-20 00:39:00,0.32853925993771327
2020-09-20 00:42:00,0.25763952771825416
2020-09-20 00:45:00,0.2642909370361508
2020-09-20 00:48:00,0.2898710920619578
2020-09-20 00:51:00,0.2842349855877728
2020-09-20 00:54:00,0.1791592859756861
2020-09-20 00:57:00,0.2667394182691396
2020-09-20 01:00:00,0.3317628469821443
2020-09-20 01:03:00,0.30840979174206495
2020-09-20 01:06:00,0.2875822177778673
2020-09-20 01:09:00,0.2954517949605133
2020-09-20 01:12:00,0.31650510513071595
2020-09-20 01:15:00,0.26767913407314836
2020-09-20 01:18:00,0.24028571726080372
2020-09-20 01:21:00,0.3274543777831127
2020-09-20 01:24:00,0.27811148747440484
2020-09-20 01:27:00,0.3088786193505939
2020-09-20 01:30:00,0.331804592556864
2020-09-20 01:33:00,0.2795440356237009
2020-09-20 01:36:00,0.3526887141419479
2020-09-20 01:39:00,0.312663448059709
2020-09-20 01:42:00,0.3352518953333856
2020-09-20 01:45:00,0.2647209780812432
2020-09-20 01:48:00,0.2583217820208574
2020-09-20 01:51:00,0.32460975785414803
2020-09-20 01:54:00,0.3600410307576567
2020-09-20 01:57:00,0.3671844276761931
2020-09-20 02:00:00,0.36972071321656585
2020-09-20 02:03:00,0.34661593776684185
2020-09-20 02:06:00,0.2787063021244194
2020-09-20 02:09:00,0.30794444056277825
2020-09-20 02:12:00,0.29986145940847564
2020-09-20 02:15:00,0.34330734755235426
2020-09-20 02:18:00,0.33830610738579026
2020-09-20 02:21:00,0.3573456887444877
2020-09-20 02:24:00,0.31392188680990785
2020-09-20 02:27:00,0.3394759215337899
2020-09-20 02:30:00,0.3361874925431607
2020-09-20 02:33:00,0.35229128568431634
2020-09-20 02:36:00,0.32987848595416835
2020-09-20 02:39:00,0.31991073865850694
2020-09-20 02:42:00,0.3791467422020105
2020-09-20 02:45:00,0.3839317084223808
2020-09-20 02:48:00,0.32934784730383626
2020-09-20 02:51:00,0.3417390696662892
2020-09-20 02:54:00,0.3139105961374753
2020-09-20 02:57:00,0.3082785077317567
2020-09-20 03:00:00,0.3158970030671071
2020-09-20 03:03:00,0.33981125244616806
2020-09-20 03:06:00,0.32155100099731726
2020-09-20 03:09:00,0.3426811369857887
2020-09-20 03:12:00,0.30614223747244296
2020-09-20 03:15:00,0.34565334319319163
2020-09-20 03:18:00,0.2824445148145287
2020-09-20 03:21:00,0.30937691540549395
2020-09-20 03:24:00,0.34444017027931295
2020-09-20 03:27:00,0.340836673138881
2020-09-20 03:30:00,0.3549326986796473
2020-09-20 03:33:00,0.28211202416292736
2020-09-20 03:36:00,0.35520874971734884
2020-09-20 03:39:00,0.36512325367749554
2020-09-20 03:42:00,0.34704863865732705
2020-09-20 03:45:00,0.3401461606520684
2020-09-20 03:48:00,0.3071135008303827
2020-09-20 03:51:00,0.32681858854277834
2020-09-20 03:54:00,0.36212331513928575
2020-09-20 03:57:00,0.3061621388687854
2020-09-20 04:00:00,0.38288528147546685
2020-09-20 04:03:00,0.3090944183351212
2020-09-20 04:06:00,0.3922153304705489
2020-09-20 04:09:00,0.32613229490652884
2020-09-20 04:12:00,0.36351185461563773
2020-09-20 04:15:00,0.36085243325914007
2020-09-20 04:18:00,0.3211075478199632
2020-09-20 04:21:00,0.3528980217366211
2020-09-20 04:24:00,0.3261271811309143
2020-09-20 04:27:00,0.3971081506923042
2020-09-20 04:30:00,0.39780572111664014
2020-09-20 04:33:00,0.36794473344184553
2020-09-20 04:36:00,0.33679334897016133
2020-09-20 04:39:00,0.3501986695161463
2020-09-20 04:42:00,0.4036084493201315
2020-09-20 04:45:00,0.32810113590829815
2020-09-20 04:48:00,0.3636917944020297
2020-09-20 04:51:00,0.3970708416931643
2020-09-20 04:54:00,0.3689976172771594
2020-09-20 04:57:00,0.39230774840399363
2020-09-20 05:00:00,0.4084420286601471
2020-09-20 05:03:00,0.39202995001551244
2020-09-20 05:06:00,0.4894852267088936
2020-09-20 05:09:00,0.4517399296291842
2020-09-20 05:12:00,0.4597277076323394
2020-09-20 05:15:00,0.46602291199184265
2020-09-20 05:18:00,0.48732793894259885
2020-09-20 05:21:00,0.4496150502777141
2020-09-20 05:24:00,0.4485437759967681
2020-09-20 05:27:00,0.44076906522587933
2020-09-20 05:30:00,0.4570102642497318
2020-09-20 05:33:00,0.44303282737416794
2020-09-20 05:36:00,0.44825094508667007
2020-09-20 05:39:00,0.41247370837635344
2020-09-20 05:42:00,0.4037049203008678
2020-09-20 05:45:00,0.43082309130863905
2020-09-20 05:48:00,0.426309657026934
2020-09-20 05:51:00,0.39772068531584637
2020-09-20 05:54:00,0.41207871472522584
2020-09-20 05:57:00,0.42226637592420957
2020-09-20 06:00:00,0.3691278597906944
2020-09-20 06:03:00,0.43185862579980494
2020-09-20 06:06:00,0.4276650071438439
2020-09-20 06:09:00,0.4336813258523762
2020-09-20 06:12:00,0.40316560035677185
2020-09-20 06:15:00,0.4141966432834465
2020-09-20 06:18:00,0.41538563344880686
2020-09-20 06:21:00,0.43962130429855506
2020-09-20 06:24:00,0.4039510639665309
2020-09-20 06:27:00,0.41364149373583814
2020-09-20 06:30:00,0.47895487362336553
2020-09-20 06:33:00,0.4457846364904299
2020-09-20 06:36:00,0.3506936692990621
2020-09-20 06:39:00,0.435772200114684
2020-09-20 06:42:00,0.35151089602004504
2020-09-20 06:45:00,0.43987092637115666
2020-09-20 06:48:00,0.42625798601415
2020-09-20 06:51:00,0.4792122774582026
2020-09-20 06:54:00,0.4699968299606212
2020-09-20 06:57:00,0.46819810281982654
2020-09-20 07:00:00,0.42879131501024403
2020-09-20 07:03:00,0.4125932610892846
2020-09-20 07:06:00,0.4149982282910969
2020-09-20 07:09:00,0.4360092078271691
2020-09-20 07:12:00,0.4424353340814946
2020-09-20 07:15:00,0.4269701373403336
2020-09-20 07:18:00,0.40415081077611603
2020-09-20 07:21:00,0.4118672331001676
2020-09-20 07:24:00,0.3493281517775131
2020-09-20 07:27:00,0.40811884731419923
2020-09-20 07:30:00,0.45373451073362503
2020-09-20 07:33:00,0.5052597744426066
2020-09-20 07:36:00,0.43977752760275735
2020-09-20 07:39:00,0.4277469061913166
2020-09-20 07:42:00,0.5059491909253779
2020-09-20 07:45:00,0.4320658012413787
2020-09-20 07:48:00,0.474639466492647
2020-09-20 07:51:00,0.4397889405969977
2020-09-20 07:54:00,0.4437761124526105
2020-09-20 07:57:00,0.36819478940481076
2020-09-20 08:00:00,0.3282927716267636
2020-09-20 08:03:00,0.2785172185646161
2020-09-20 08:06:00,0.28537513051435326
2020-09-20 08:09:00,0.3491123731627681
2020-09-20 08:12:00,0.34033114794613084
2020-09-20 08:15:00,0.3295105187589229
2020-09-20 08:18:00,0.41094646585980854
2020-09-20 08:21:00,0.38544647799477616
2020-09-20 08:24:00,0.3676646509755983
2020-09-20 08:27:00,0.3959964734848995
2020-09-20 08:30:00,0.3938994080086786
2020-09-20 08:33:00,0.3456387478581746
2020-09-20 08:36:00,0.3435080217370796
2020-09-20 08:39:00,0.3435604677746369
2020-09-20 08:42:00,0.298356958957811
2020-09-20 08:45:00,0.40859439279751086
2020-09-20 08:48:00,0.30097051304539946
2020-09-20 08:51:00,0.2688505727025472
2020-09-20 08:54:00,0.2779957588725779
2020-09-20 08:57:00,0.2776128693082569
2020-09-20 09:00:00,0.34329131834954296
2020-09-20 09:03:00,0.32410329936573135
2020-09-20 09:06:00,0.35192594393157606
2020-09-20 09:09:00,0.3108295048586456
2020-09-20 09:12:00,0.3164375938047783
2020-09-20 09:15:00,0.2961846568053943
2020-09-20 09:18:00,0.3086633682593174
2020-09-20 09:21:00,0.23864488408315765
2020-09-20 09:24:00,0.26454474015292817
2020-09-20 09:27:00,0.2187247775320884
2020-09-20 09:30:00,0.3261714684440449
2020-09-20 09:33:00,0.28300048994105964
2020-09-20 09:36:00,0.19451839430695372
2020-09-20 09:39:00,0.1409232810712524
2020-09-20 09:42:00,0.2656601843647195
2020-09-20 09:45:00,0.2598975753181776
2020-09-20 09:48:00,0.3062676112905933
2020-09-20 09:51:00,0.21911355628589035
2020-09-20 09:54:00,0.23389537680424155
2020-09-20 09:57:00,0.24812608225471422
2020-09-20 10:00:00,0.24048483613808003
2020-09-20 10:03:00,0.2688103758314355
2020-09-20 10:06:00,0.29208142872403187
2020-09-20 10:09:00,0.2524219323505008
2020-09-20 10:12:00,0.26778106417617664
2020-09-20 10:15:00,0.2654870687961193
2020-09-20 10:18:00,0.24222444169322443
2020-09-20 10:21:00,0.193805801456449
2020-09-20 10:24:00,0.25669148419109433
2020-09-20 10:27:00,0.25972104538959684
2020-09-20 10:30:00,0.33159527810511236
2020-09-20 10:33:00,0.22319506578588744
2020-09-20 10:36:00,0.2639714700887339
2020-09-20 10:39:00,0.28931322714885255
2020-09-20 10:42:00,0.2115904343290822
2020-09-20 10:45:00,0.2135833962416882
2020-09-20 10:48:00,0.2218821804141271
2020-09-20 10:51:00,0.20144026593123954
2020-09-20 10:54:00,0.1180102885707015
2020-09-20 10:57:00,0.17704857296155296
2020-09-20 11:00:00,0.15033103992175256
2020-09-20 11:03:00,0.08416623086384334
2020-09-20 11:06:00,0.12899128266496973
2020-09-20 11:09:00,0.1060157686462162
2020-09-20 11:12:00,0.10907867654213987
2020-09-20 11:15:00,0.15143466888645207
2020-09-20 11:18:00,0.026637947197855283
2020-09-20 11:21:00,0.0934656379097305
2020-09-20 11:24:00,-0.06848519454013058
2020-09-20 11:27:00,0.0258049701709524
2020-09-20 11:30:00,0.011115184366929043
2020-09-20 11:33:00,0.03361083315343194
2020-09-20 11:36:00,0.004244953406896457
2020-09-20 11:39:00,-0.07081278287694204
2020-09-20 11:42:00,-0.03211100470304018
2020-09-20 11:45:00,-0.029125688873307354
2020-09-20 11:48:00,-0.1364675629617409
2020-09-20 11:51:00,-0.08738854178415068
2020-09-20 11:54:00,-0.11134099394536179
2020-09-20 11:57:00,-0.1315963534947855
2020-09-20 12:00:00,-0.12621323292296438
2020-09-20 12:03:00,-0.2113988275746692
2020-09-20 12:06:00,-0.2515967428554404
2020-09-20 12:09:00,-0.186437074529465
2020-09-20 12:12:00,-0.2797126024467502
2020-09-20 12:15:00,-0.1541946470281914
2020-09-20 12:18:00,-0.2979082035029137
2020-09-20 12:21:00,-0.22972756419159168
2020-09-20 12:24:00,-0.3416962158345882
2020-09-20 12:27:00,-0.24701960782033439
2020-09-20 12:30:00,-0.2892069215437232
2020-09-20 12:33:00,-0.2556528975183028
2020-09-20 12:36:00,-0.25414747164234086
2020-09-20 12:39:00,-0.31532218381181565
2020-09-20 12:42:00,-0.312730419699335
2020-09-20 12:45:00,-0.2628878644021029
2020-09-20 12:48:00,-0.3534883424921418
2020-09-20 12:51:00,-0.33016991272450014
2020-09-20 12:54:00,-0.2468178766162623
2020-09-20 12:57:00,-0.2886702318857033
2020-09-20 13:00:00,-0.3311949546866799
2020-09-20 13:03:00,-0.3442858950119785
2020-09-20 13:06:00,-0.35995822320393245
2020-09-20 13:09:00,-0.3124293116326271
2020-09-20 13:12:00,-0.3299692142185222
2020-09-20 13:15:00,-0.3205834050124281
2020-09-20 13:18:00,-0.2915210360498577
2020-09-20 13:21:00,-0.4291166447735577
2020-09-20 13:24:00,-0.34630316148894735
2020-09-20 13:27:00,-0.332447568440557
2020-09-20 13:30:00,-0.3299263370994936
2020-09-20 13:33:00,-0.31720297691225596
2020-09-20 13:36:00,-0.3598402113751149
2020-09-20 13:39:00,-0.2949080580050918
2020-09-20 13:42:00,-0.34003490665043046
2020-09-20 13:45:00,-0.3663647474627396
2020-09-20 13:48:00,-0.3750770540277699
2020-09-20 13:51:00,-0.3346710494269587
2020-09-20 13:54:00,-0.35257197566858167
2020-09-20 13:57:00,-0.38216099222950106
2020-09-20 14:00:00,-0.36383536644353853
2020-09-20 14:03:00,-0.33127098349427797
2020-09-20 14:06:00,-0.4180939666252925
2020-09-20 14:09:00,-0.3951559668632285
2020-09-20 14:12:00,-0.4122294903517627
2020-09-20 14:15:00,-0.40698485292330133
2020-09-20 14:18:00,-0.3580774283038295
2020-09-20 14:21:00,-0.2957097177431365
2020-09-20 14:24:00,-0.24251459890109572
2020-09-20 14:27:00,-0.1345032220901885
2020-09-20 14:30:00,-0.08802257874549468
2020-09-20 14:33:00,-0.114801554889425
2020-09-20 14:36:00,-0.27396598247372594
2020-09-20 14:39:00,-0.36444754222338815
2020-09-20 14:42:00,-0.2873950538520944
2020-09-20 14:45:00,-0.201277772296919
2020-09-20 14:48:00,-0.25039714383768796
2020-09-20 14:51:00,-0.22264627978194085
2020-09-20 14:54:00,-0.06006328938258321
2020-09-20 14:57:00,-0.06236756992024084
2020-09-20 15:00:00,-0.02094976770138146
2020-09-20 15:03:00,0.17746739226862474
2020-09-20 15:06:00,0.18227538375913355
2020-09-20 15:09:00,-0.022178222728598485
2020-09-20 15:12:00,-0.035008344912796474
2020-09-20 15:15:00,-0.021726231257105155
2020-09-20 15:18:00,-0.03140554316945554
2020-09-20 15:21:00,-0.027093489147659966
2020-09-20 15:24:00,0.15910985467604633
2020-09-20 15:27:00,0.18792682475935862
2020-09-20 15:30:00,0.2075768550011503
2020-09-20 15:33:00,0.2136343702948693
2020-09-20 15:36:00,0.29658959093876547
2020-09-20 15:39:00,0.4029275679733928
2020-09-20 15:42:00,0.4902538482513137
2020-09-20 15:45:00,0.3705579324364976
2020-09-20 15:48:00,0.3316898903605079
2020-09-20 15:51:00,0.43074550628927
2020-09-20 15:54:00,0.3168428847961309
2020-09-20 15:57:00,0.2914638960599518
2020-09-20 16:00:00,0.2348444191825365
2020-09-20 16:03:00,0.18619646063672235
2020-09-20 16:06:00,0.12307631736314306
2020-09-20 16:09:00,0.09659611474108942
2020-09-20 16:12:00,0.07973365510082431
2020-09-20 16:15:00,0.11675619227281686
2020-09-20 16:18:00,0.06510218131973033
2020-09-20 16:21:00,0.04311014448239803
2020-09-20 16:24:00,0.02339038178087094
2020-09-20 16:27:00,0.06826551296649086
2020-09-20 16:30:00,0.18766562934268904
2020-09-20 16:33:00,0.3019821879238407
2020-09-20 16:36:00,0.3946895447355132
2020-09-20 16:39:00,0.36482363833800946
2020-09-20 16:42:00,0.3218003267928111
2020-09-20 16:45:00,0.20004601286086654
2020-09-20 16:48:00,0.15991525331139655
2020-09-20 16:51:00,0.17917867393026654
2020-09-20 16:54:00,0.2522893232857655
2020-09-20 16:57:00,0.22349653000418357
2020-09-20 17:00:00,0.19969280281651436
2020-09-20 17:03:00,0.1169578720743516
2020-09-20 17:06:00,0.17482210274442878
2020-09-20 17:09:00,0.18986401808865594
2020-09-20 17:12:00,0.24726470325464334
2020-09-20 17:15:00,0.30621268898204335
2020-09-20 17:18:00,0.3090864402802822
2020-09-20 17:21:00,0.23216898752809811
2020-09-20 17:24:00,0.21549782444839138
2020-09-20 17:27:00,0.23059620852387752
2020-09-20 17:30:00,0.2843381630958106
2020-09-20 17:33:00,0.24292583807300616
2020-09-20 17:36:00,0.2963311132269837
2020-09-20 17:39:00,0.24714827762835512
2020-09-20 17:42:00,0.2276499251973405
2020-09-20 17:45:00,0.21163799357896096
2020-09-20 17:48:00,0.23073115624004004
2020-09-20 17:51:00,0.27192424819827465
2020-09-20 17:54:00,0.21992465051016552
2020-09-20 17:57:00,0.22220033361350033
2020-09-20 18:00:00,0.25014173889098856
2020-09-20 18:03:00,0.2668659291398967
2020-09-20 18:06:00,0.2580643238567859
2020-09-20 18:09:00,0.2594539574820942
2020-09-20 18:12:00,0.22647035149464045
2020-09-20 18:15:00,0.19497230668247312
2020-09-20 18:18:00,0.21991118666494458
2020-09-20 18:21:00,0.281786316979435
2020-09-20 18:24:00,0.2599854229561629
2020-09-20 18:27:00,0.27048719412056244
2020-09-20 18:30:00,0.25047791697642197
2020-09-20 18:33:00,0.3121696100661211
2020-09-20 18:36:00,0.31869121898927233
2020-09-20 18:39:00,0.28506013940619823
2020-09-20 18:42:00,0.308019452618737
2020-09-20 18:45:00,0.30084936052122657
2020-09-20 18:48:00,0.28457394299437055
2020-09-20 18:51:00,0.31714249447981047
2020-09-20 18:54:00,0.273730800449016
2020-09-20 18:57:00,
2020-09-20 19:00:00,
2020-09-20 19:03:00,0.4863998087018331
2020-09-20 19:06:00,0.5271693133522035
2020-09-20 19:09:00,0.33013141901864174
2020-09-20 19:12:00,0.27241514822588897
2020-09-20 19:15:00,0.30141401233157694
2020-09-20 19:18:00,0.2614920079308263
2020-09-20 19:21:00,0.22651359289477568
2020-09-20 19:24:00,0.2059554584709531
2020-09-20 19:27:00,0.3280752423694935
2020-09-20 19:30:00,0.29205197270835015
2020-09-20 19:33:00,0.36764177111740537
2020-09-20 19:36:00,0.32644665469655365
2020-09-20 19:39:00,0.30380229710402773
2020-09-20 19:42:00,0.20027658106454282
2020-09-20 19:45:00,0.3149629942046204
2020-09-20 19:48:00,0.27885355687431
2020-09-20 19:51:00,0.21589654556817095
2020-09-20 19:54:00,0.25532348782996905
2020-09-20 19:57:00,0.29482972083803816
2020-09-20 20:00:00,0.2898248663359482
2020-09-20 20:03:00,0.22822630595038618
2020-09-20 20:06:00,0.2582939984325776
2020-09-20 20:09:00,0.28024959247937886
2020-09-20 20:12:00,0.23028302696366154
2020-09-20 20:15:00,0.24393977448579562
2020-09-20 20:18:00,0.2917607881776121
2020-09-20 20:21:00,0.2396090848853305
2020-09-20 20:24:00,0.22559422028712106
2020-09-20 20:27:00,0.28153097607048494
2020-09-20 20:30:00,0.21820200390283162
2020-09-20 20:33:00,0.20546584724991135
2020-09-20 20:36:00,0.297747010774458
2020-09-20 20:39:00,0.26691451289605084
2020-09-20 20:42:00,0.23547403181657955
2020-09-20 20:45:00,0.2240908031452591
2020-09-20 20:48:00,0.28046986598997137
2020-09-20 20:51:00,0.2614675036093672
2020-09-20 20:54:00,0.27520602672728955
2020-09-20 20:57:00,0.3360078728370013
2020-09-20 21:00:00,0.26674938092389766
2020-09-20 21:03:00,0.2893534476559694
2020-09-20 21:06:00,0.2767507731219325
2020-09-20 21:09:00,0.3187571482716294
2020-09-20 21:12:00,0.29179180017416684
2020-09-20 21:15:00,0.31092167473798327
2020-09-20 21:18:00,0.26929782751250286
2020-09-20 21:21:00,0.2748238801886487
2020-09-20 21:24:00,0.25412989773337813
2020-09-20 21:27:00,0.290154313791561
2020-09-20 21:30:00,0.2321590913180671
2020-09-20 21:33:00,0.33860626593263987
2020-09-20 21:36:00,0.3672789802628813
2020-09-20 21:39:00,0.4108247409494652
2020-09-20 21:42:00,0.2993445173113969
2020-09-20 21:45:00,0.3320303163408198
2020-09-20 21:48:00,0.3674168182506605
2020-09-20 21:51:00,0.37614488264171086
2020-09-20 21:54:00,0.3832610095766995
2020-09-20 21:57:00,0.34362930675371217
2020-09-20 22:00:00,0.362218154593279
2020-09-20 22:03:00,0.3830938741704131
2020-09-20 22:06:00,0.3734029978411968
2020-09-20 22:09:00,0.3799011382073445
2020-09-20 22:12:00,0.39580865722115277
2020-09-20 22:15:00,0.3461086534439346
2020-09-20 22:18:00,0.37109572148250436
2020-09-20 22:21:00,0.4466653473481301
2020-09-20 22:24:00,0.3293143443050326
2020-09-20 22:27:00,0.3803992215893004
2020-09-20 22:30:00,0.41067932239724314
2020-09-20 22:33:00,0.3627840605007009
2020-09-20 22:36:00,0.38397306708054657
2020-09-20 22:39:00,0.3636385528976689
2020-09-20 22:42:00,0.3167887110101901
2020-09-20 22:45:00,0.3861948970123308
2020-09-20 22:48:00,0.2719538109602695
2020-09-20 22:51:00,0.356526742117353
2020-09-20 22:54:00,0.3817156385453586
2020-09-20 22:57:00,0.3504693844477629
2020-09-20 23:00:00,0.3587856699808185
2020-09-20 23:03:00,0.3407900614845971
2020-09-20 23:06:00,0.31992696822982225
2020-09-20 23:09:00,0.2997900841215255
2020-09-20 23:12:00,0.31069857445669413
2020-09-20 23:15:00,0.2850578576853309
2020-09-20 23:18:00,0.31506236897655526
2020-09-20 23:21:00,0.2878408160135564
2020-09-20 23:24:00,0.318043380988172
2020-09-20 23:27:00,0.33539060638190676
2020-09-20 23:30:00,0.3056967159669739
2020-09-20 23:33:00,0.33372335891556304
2020-09-20 23:36:00,0.34582150158814784
2020-09-20 23:39:00,0.36063639680736514
2020-09-20 23:42:00,0.3717385246222875
2020-09-20 23:45:00,0.40586711928710884
2020-09-20 23:48:00,0.3511836861422921
2020-09-20 23:51:00,0.3766217620126895
2020-09-20 23:54:00,0.33042089053213886
2020-09-20 23:57:00,0.39331895542915163
2020-09-21 00:00:00,0.3952122073063151
2020-09-21 00:03:00,0.37629504264560865
2020-09-21 00:06:00,0.3817663935352016
2020-09-21 00:09:00,0.3853900376381034
2020-09-21 00:12:00,0.3481038332316757
2020-09-21 00:15:00,0.34995311299849163
2020-09-21 00:18:00,0.31186747335954124
2020-09-21 00:21:00,0.3422833161083645
2020-09-21 00:24:00,0.28934623566163964
2020-09-21 00:27:00,0.3038513783682788
2020-09-21 00:30:00,0.33031521343622217
2020-09-21 00:33:00,0.3307056679068978
2020-09-21 00:36:00,0.2983860621847043
2020-09-21 00:39:00,0.3146965636286154
2020-09-21 00:42:00,0.28405417096263363
2020-09-21 00:45:00,0.38528229442505335
2020-09-21 00:48:00,0.27384939542923803
2020-09-21 00:51:00,0.3226859936976325
2020-09-21 00:54:00,0.3733896361142115
2020-09-21 00:57:00,0.35899058375395043
2020-09-21 01:00:00,0.32192281658677757
2020-09-21 01:03:00,0.3514736946987682
2020-09-21 01:06:00,0.35304343854119224
2020-09-21 01:09:00,0.3236041544828936
2020-09-21 01:12:00,0.31030861605694326
2020-09-21 01:15:00,0.35822234466741065
2020-09-21 01:18:00,0.34115603186944554
2020-09-21 01:21:00,0.41023181865142533
2020-09-21 01:24:00,0.38253234529827296
2020-09-21 01:27:00,0.346065477574939
2020-09-21 01:30:00,0.3754335817055221
2020-09-21 01:33:00,0.36280376692451455
2020-09-21 01:36:00,0.32887268613848164
2020-09-21 01:39:00,0.37616589170346515
2020-09-21 01:42:00,0.38774103047097697
2020-09-21 01:45:00,0.4034858467385902
2020-09-21 01:48:00,0.4226297812424491
2020-09-21 01:51:00,0.4580384882908106
2020-09-21 01:54:00,0.3604541706265536
2020-09-21 01:57:00,0.41291133817816217
2020-09-21 02:00:00,0.4423147059001735
2020-09-21 02:03:00,0.411927643350964
2020-09-21 02:06:00,0.4542430900612544
2020-09-21 02:09:00,0.4376366045937061
2020-09-21 02:12:00,0.4310015003817398
2020-09-21 02:15:00,0.4370366353873578
2020-09-21 02:18:00,0.38407448620910145
2020-09-21 02:21:00,0.36955040383429605
2020-09-21 02:24:00,0.3123884519122271
2020-09-21 02:27:00,0.3818957052237124
2020-09-21 02:30:00,0.30830772133339224
2020-09-21 02:33:00,0.3641995799515598
2020-09-21 02:36:00,0.3833228204304646
2020-09-21 02:39:00,0.4001641080516265
2020-09-21 02:42:00,0.419424780721954
2020-09-21 02:45:00,0.40431619016038667
2020-09-21 02:48:00,0.4716254658923731
2020-09-21 02:51:00,0.3663104531401018
2020-09-21 02:54:00,0.41902807628207484
2020-09-21 02:57:00,0.30013330399879123
2020-09-21 03:00:00,0.36282018892291035
2020-09-21 03:03:00,0.295420844374803
2020-09-21 03:06:00,0.34725241656701655
2020-09-21 03:09:00,0.30800646613607796
2020-09-21 03:12:00,0.26949431430296045
2020-09-21 03:15:00,0.36711777112321897
2020-09-21 03:18:00,0.3194769083906408
2020-09-21 03:21:00,0.31222794268802545
2020-09-21 03:24:00,0.30271122590795585
2020-09-21 03:27:00,0.33784869092346526
2020-09-21 03:30:00,0.37527698770287543
2020-09-21 03:33:00,0.3614857428494247
2020-09-21 03:36:00,0.4053794891978555
2020-09-21 03:39:00,0.3244081157268397
2020-09-21 03:42:00,0.38201863576051664
2020-09-21 03:45:00,0.32916174255632313
2020-09-21 03:48:00,0.29006397291612984
2020-09-21 03:51:00,0.3330661623042488
2020-09-21 03:54:00,0.35816727615770105
2020-09-21 03:57:00,0.34424545144014473
2020-09-21 04:00:00,0.402875867772309
2020-09-21 04:03:00,0.3870991576873166
2020-09-21 04:06:00,0.36073815550571453
2020-09-21 04:09:00,0.4080460274930715
2020-09-21 04:12:00,0.39903768587163313
2020-09-21 04:15:00,0.3602329228612575
2020-09-21 04:18:00,0.39502804891316146
2020-09-21 04:21:00,0.4007872074691363
2020-09-21 04:24:00,0.32788762954891126
2020-09-21 04:27:00,0.3076719563016468
2020-09-21 04:30:00,0.3573292137364774
2020-09-21 04:33:00,0.38568725673559356
2020-09-21 04:36:00,0.3738985293092014
2020-09-21 04:39:00,0.3925499341758041
2020-09-21 04:42:00,0.3715835422052578
2020-09-21 04:45:00,0.3431248487184462
2020-09-21 04:48:00,0.40925527006680795
2020-09-21 04:51:00,0.36461490009014597
2020-09-21 04:54:00,0.3356658910061583
2020-09-21 04:57:00,0.3266932240240408
2020-09-21 05:00:00,0.3586072573268666
2020-09-21 05:03:00,0.39731049692682063
2020-09-21 05:06:00,0.3848672277052856
2020-09-21 05:09:00,0.33922866120764184
2020-09-21 05:12:00,0.4094726278907501
2020-09-21 05:15:00,0.3930008041254496
2020-09-21 05:18:00,0.43450280509978256
2020-09-21 05:21:00,0.3768433121611565
2020-09-21 05:24:00,0.4065716496328946
2020-09-21 05:27:00,0.4201918353415408
2020-09-21 05:30:00,0.41637991591755963
2020-09-21 05:33:00,0.43219645063845746
2020-09-21 05:36:00,0.38212603293567327
2020-09-21 05:39:00,0.3669729799497077
2020-09-21 05:42:00,0.373972372902017
2020-09-21 05:45:00,0.39656679835087516
2020-09-21 05:48:00,0.37252454060364926
2020-09-21 05:51:00,0.4212313145465032
2020-09-21 05:54:00,0.4114762448468241
2020-09-21 05:57:00,0.3757666606013004
2020-09-21 06:00:00,0.3097363360796521
2020-09-21 06:03:00,0.4169142479623247
2020-09-21 06:06:00,0.3940198943002997
2020-09-21 06:09:00,0.4312575729319974
2020-09-21 06:12:00,0.46580812370194735
2020-09-21 06:15:00,0.39565110394710246
2020-09-21 06:18:00,0.361604726342307
2020-09-21 06:21:00,0.4499649154031431
2020-09-21 06:24:00,0.4188933086728639
2020-09-21 06:27:00,0.37728485320701566
2020-09-21 06:30:00,0.3972464149159123
2020-09-21 06:33:00,0.33560987117715513
2020-09-21 06:36:00,0.39379771518997586
2020-09-21 06:39:00,0.33531957826784264
2020-09-21 06:42:00,0.3717386550117112
2020-09-21 06:45:00,0.3960804545744736
2020-09-21 06:48:00,0.378844741393209
2020-09-21 06:51:00,0.3064104203200486
2020-09-21 06:54:00,0.30780973020802094
2020-09-21 06:57:00,0.3417169930328896
2020-09-21 07:00:00,0.39244203306577674
2020-09-21 07:03:00,0.3725482013027772
2020-09-21 07:06:00,0.419045931550329
2020-09-21 07:09:00,0.331490786345114
2020-09-21 07:12:00,0.3759993529739063
2020-09-21 07:15:00,0.3189256657083206
2020-09-21 07:18:00,0.3344310439179594
2020-09-21 07:21:00,0.347348588526188
2020-09-21 07:24:00,0.34484759732623615
2020-09-21 07:27:00,0.35955070760229546
2020-09-21 07:30:00,0.38328583306736164
2020-09-21 07:33:00,0.3391781772011768
2020-09-21 07:36:00,0.34389631912313234
2020-09-21 07:39:00,0.371007631553141
2020-09-21 07:42:00,0.3637261013324178
2020-09-21 07:45:00,0.3209114354590952
2020-09-21 07:48:00,0.33822163182543363
2020-09-21 07:51:00,0.334124545155305
2020-09-21 07:54:00,0.27375298489278066
2020-09-21 07:57:00,0.3003992951986447
2020-09-21 08:00:00,0.3068485356338897
2020-09-21 08:03:00,0.31848778779954046
2020-09-21 08:06:00,0.27805596200636273
2020-09-21 08:09:00,0.23061900359277843
2020-09-21 08:12:00,0.3193626561660494
2020-09-21 08:15:00,0.244901093783767
2020-09-21 08:18:00,0.2550249784910079
2020-09-21 08:21:00,0.28897886198546985
2020-09-21 08:24:00,0.3063462596575164
2020-09-21 08:27:00,0.2576999046813171
2020-09-21 08:30:00,0.29810323477039447
2020-09-21 08:33:00,0.19881699280693965
2020-09-21 08:36:00,0.29412482181118094
2020-09-21 08:39:00,0.20953417255196882
2020-09-21 08:42:00,0.2066393076967188
2020-09-21 08:45:00,0.20392043067727172
2020-09-21 08:48:00,0.1885914955121848
2020-09-21 08:51:00,0.15033755912293145
2020-09-21 08:54:00,0.18366233233103912
2020-09-21 08:57:00,0.1225083448233022
2020-09-21 09:00:00,0.20333993163626474
2020-09-21 09:03:00,0.2213657942266991
2020-09-21 09:06:00,0.18571181860505703
2020-09-21 09:09:00,0.18849769902760727
2020-09-21 09:12:00,0.19304692719816785
2020-09-21 09:15:00,0.13456745872161946
2020-09-21 09:18:00,0.2188236752795092
2020-09-21 09:21:00,0.179998691222238
2020-09-21 09:24:00,0.09216687708993732
2020-09-21 09:27:00,0.13485948219960164
2020-09-21 09:30:00,0.08046855081613558
2020-09-21 09:33:00,-0.006359748448176106
2020-09-21 09:36:00,0.12588381240203717
2020-09-21 09:39:00,0.11493292539006461
2020-09-21 09:42:00,0.09757029787402871
2020-09-21 09:45:00,0.07016467063681375
2020-09-21 09:48:00,0.11001480250024542
2020-09-21 09:51:00,0.05534443838638481
2020-09-21 09:54:00,0.09269810691927205
2020-09-21 09:57:00,-0.002312322259058419
2020-09-21 10:00:00,0.05692955660538246
2020-09-21 10:03:00,-0.032949888304926844
2020-09-21 10:06:00,-0.00012597989604046234
2020-09-21 10:09:00,-0.01183116122069805
2020-09-21 10:12:00,-0.05927181676526061
2020-09-21 10:15:00,-0.0011009669321992988
2020-09-21 10:18:00,-0.02538054271343526
2020-09-21 10:21:00,0.027256689130297218
2020-09-21 10:24:00,-0.12764705327879255
2020-09-21 10:27:00,-0.03809938433511206
2020-09-21 10:30:00,-0.038427068342230086
2020-09-21 10:33:00,-0.05963050508688639
2020-09-21 10:36:00,-0.10219570799790745
2020-09-21 10:39:00,-0.11953355118788522
2020-09-21 10:42:00,-0.04975036150693768
2020-09-21 10:45:00,-0.09924109322724917
2020-09-21 10:48:00,-0.06344924320302425
2020-09-21 10:51:00,-0.13635955819324863
2020-09-21 10:54:00,-0.16409007147302646
2020-09-21 10:57:00,-0.14468300382964117
2020-09-21 11:00:00,-0.1697333330271249
2020-09-21 11:03:00,-0.08416446129314181
2020-09-21 11:06:00,-0.08887128737796957
2020-09-21 11:09:00,-0.056210394612264736
2020-09-21 11:12:00,-0.1158015140764519
2020-09-21 11:15:00,-0.15000439819544908
2020-09-21 11:18:00,-0.14803838276361603
2020-09-21 11:21:00,-0.15884722620023695
2020-09-21 11:24:00,-0.1335077761601724
2020-09-21 11:27:00,-0.18740359563446418
2020-09-21 11:30:00,-0.10236066077379746
2020-09-21 11:33:00,0.005485705193052581
2020-09-21 11:36:00,0.21185642368413937
2020-09-21 11:39:00,0.34814184808925575
2020-09-21 11:42:00,0.3017142809750908
2020-09-21 11:45:00,0.3928993237670966
2020-09-21 11:48:00,0.3266037754810327
2020-09-21 11:51:00,0.3241864854483083
2020-09-21 11:54:00,0.281197427634595
2020-09-21 11:57:00,0.37113899579401277
2020-09-21 12:00:00,0.4494961064027052
2020-09-21 12:03:00,0.468610386485409
2020-09-21 12:06:00,0.607816975562173
2020-09-21 12:09:00,0.464170623391567
2020-09-21 12:12:00,0.27227836160500374
2020-09-21 12:15:00,0.29293067570648645
2020-09-21 12:18:00,0.12084460709212408
2020-09-21 12:21:00,-0.03191494960680075
2020-09-21 12:24:00,0.18977697495131451
2020-09-21 12:27:00,0.10994562505288741
2020-09-21 12:30:00,0.24018304922998368
2020-09-21 12:33:00,0.4098426961675159
2020-09-21 12:36:00,0.6282434114864941
2020-09-21 12:39:00,0.6238813535935037
2020-09-21 12:42:00,0.5421552587584983
2020-09-21 12:45:00,0.278522178646881
2020-09-21 12:48:00,0.2655971133473827
2020-09-21 12:51:00,0.21702670424838288
2020-09-21 12:54:00,0.25781835542090903
2020-09-21 12:57:00,0.3189785740213438
2020-09-21 13:00:00,0.35998057987404763
2020-09-21 13:03:00,0.43346182459987403
2020-09-21 13:06:00,0.4247719270941275
2020-09-21 13:09:00,0.5976847374194563
2020-09-21 13:12:00,0.6157404233425723
2020-09-21 13:15:00,0.43096859344296945
2020-09-21 13:18:00,0.3602920402141194
2020-09-21 13:21:00,0.3760988660400244
2020-09-21 13:24:00,0.4481477988283018
2020-09-21 13:27:00,0.28315642138085195
2020-09-21 13:30:00,0.24732540454056107
2020-09-21 13:33:00,0.29863658017399075
2020-09-21 13:36:00,0.381437001971733
2020-09-21 13:39:00,0.3700685182610641
2020-09-21 13:42:00,0.42595905255336675
2020-09-21 13:45:00,0.43754332897782433
2020-09-21 13:48:00,0.43107878649271925
2020-09-21 13:51:00,0.397783167369937
2020-09-21 13:54:00,0.3430785845870332
2020-09-21 13:57:00,0.3434317734084402
2020-09-21 14:00:00,0.3216905715995608
2020-09-21 14:03:00,0.2511819088463767
2020-09-21 14:06:00,0.2189424566967091
2020-09-21 14:09:00,0.2983144255823049
2020-09-21 14:12:00,0.27121469627240913
2020-09-21 14:15:00,0.2437530489558526
2020-09-21 14:18:00,0.26580338634431655
2020-09-21 14:21:00,0.3518208787761523
2020-09-21 14:24:00,0.20053896391294757
2020-09-21 14:27:00,0.17083610486406542
2020-09-21 14:30:00,0.155251718273405
2020-09-21 14:33:00,0.20188133598918512
2020-09-21 14:36:00,0.22844346185837594
2020-09-21 14:39:00,0.2742869045894736
2020-09-21 14:42:00,0.1813427157231331
2020-09-21 14:45:00,0.13155694859949563
2020-09-21 14:48:00,0.15649701306170982
2020-09-21 14:51:00,0.1355598230572923
2020-09-21 14:54:00,0.18296865752029134
2020-09-21 14:57:00,0.1195411426656392
2020-09-21 15:00:00,0.12954629335115442
2020-09-21 15:03:00,0.052501897018430554
2020-09-21 15:06:00,0.11147128760876512
2020-09-21 15:09:00,0.06428526196651774
2020-09-21 15:12:00,0.02958108876038068
2020-09-21 15:15:00,0.09238605657361632
2020-09-21 15:18:00,0.012539618708387934
2020-09-21 15:21:00,0.07269038081199142
2020-09-21 15:24:00,0.10850500133852847
2020-09-21 15:27:00,0.2211162242269893
2020-09-21 15:30:00,0.07555630674642089
2020-09-21 15:33:00,-0.054343054598291474
2020-09-21 15:36:00,0.007805107589092586
2020-09-21 15:39:00,-0.09383565488809609
2020-09-21 15:42:00,0.037620365631141794
2020-09-21 15:45:00,0.35207200698783936
2020-09-21 15:48:00,0.10706271016806568
2020-09-21 15:51:00,0.13217339994321264
2020-09-21 15:54:00,0.03566421248365259
2020-09-21 15:57:00,0.049141919966132264
2020-09-21 16:00:00,0.04111077264155938
2020-09-21 16:03:00,-0.038056123578712686
2020-09-21 16:06:00,0.011198063474580522
2020-09-21 16:09:00,-0.0757310101822668
2020-09-21 16:12:00,-0.0769461160037963
2020-09-21 16:15:00,-0.038578706501255056
2020-09-21 16:18:00,-0.013379672928408581
2020-09-21 16:21:00,-0.08439734819052092
2020-09-21 16:24:00,-0.03677667176913246
2020-09-21 16:27:00,-0.06780930135943208
2020-09-21 16:30:00,-0.08851944593726557
2020-09-21 16:33:00,-0.1649785896740923
2020-09-21 16:36:00,-0.18031180563775706
2020-09-21 16:39:00,-0.18441955299812207
2020-09-21 16:42:00,-0.21556488630540116
2020-09-21 16:45:00,-0.17865892136182993
2020-09-21 16:48:00,-0.19580112478433875
2020-09-21 16:51:00,-0.15455925704969786
2020-09-21 16:54:00,-0.21577281137791715
2020-09-21 16:57:00,-0.16280164265134545
2020-09-21 17:00:00,-0.23692645676561597
2020-09-21 17:03:00,-0.17432134614551842
2020-09-21 17:06:00,-0.12350708115059206
2020-09-21 17:09:00,-0.13841740845924733
2020-09-21 17:12:00,-0.0841086536745479
2020-09-21 17:15:00,-0.16405034599682722
2020-09-21 17:18:00,-0.17771284306724056
2020-09-21 17:21:00,-0.20201955046712783
2020-09-21 17:24:00,-0.16113892989187661
2020-09-21 17:27:00,-0.15408621885899265
2020-09-21 17:30:00,-0.0699200410297749
2020-09-21 17:33:00,-0.13176095840975677
2020-09-21 17:36:00,-0.1457313328559735
2020-09-21 17:39:00,-0.11970296400448888
2020-09-21 17:42:00,-0.20912759456450658
2020-09-21 17:45:00,-0.17369540150821194
2020-09-21 17:48:00,-0.12327776530440815
2020-09-21 17:51:00,-0.010906671580130478
2020-09-21 17:54:00,-0.13413707747542958
2020-09-21 17:57:00,-0.0553407651769362
2020-09-21 18:00:00,-0.0823772806908778
2020-09-21 18:03:00,-0.10880479923116582
2020-09-21 18:06:00,-0.011904533357608216
2020-09-21 18:09:00,-0.06775721891642661
2020-09-21 18:12:00,-0.08863812491222234
2020-09-21 18:15:00,-0.05554553396376605
2020-09-21 18:18:00,0.008748059872004887
2020-09-21 18:21:00,0.052938076471377826
2020-09-21 18:24:00,0.004427358204793563
2020-09-21 18:27:00,0.07589553844456987
2020-09-21 18:30:00,0.04870202575392568
2020-09-21 18:33:00,0.017236300000092797
2020-09-21 18:36:00,0.12971585013787035
2020-09-21 18:39:00,0.16520030602572433
2020-09-21 18:42:00,0.14008668937208313
2020-09-21 18:45:00,0.1631447381502653
2020-09-21 18:48:00,0.22936247068867033
2020-09-21 18:51:00,0.23533254734201137
2020-09-21 18:54:00,0.1608741047721196
2020-09-21 18:57:00,
2020-09-21 19:00:00,
2020-09-21 19:03:00,0.2859162958006891
2020-09-21 19:06:00,0.4478769771652651
2020-09-21 19:09:00,0.25848366038366066
2020-09-21 19:12:00,0.30871391118870406
2020-09-21 19:15:00,0.2573501752526681
2020-09-21 19:18:00,0.3542720844992573
2020-09-21 19:21:00,0.3283223203113721
2020-09-21 19:24:00,0.37376244102694045
2020-09-21 19:27:00,0.5912478741377072
2020-09-21 19:30:00,0.5033216550085058
2020-09-21 19:33:00,0.4287544938731571
2020-09-21 19:36:00,0.49748812464758885
2020-09-21 19:39:00,0.3749450811786801
2020-09-21 19:42:00,0.25217368384943484
2020-09-21 19:45:00,0.2277162723770516
2020-09-21 19:48:00,0.24237615770431375
2020-09-21 19:51:00,0.25650623023653907
2020-09-21 19:54:00,0.28270735011528814
2020-09-21 19:57:00,0.32735271700374824
2020-09-21 20:00:00,0.3610807507436107
2020-09-21 20:03:00,0.3828312231084965
2020-09-21 20:06:00,0.31852777121565623
2020-09-21 20:09:00,0.3187104786097166
2020-09-21 20:12:00,0.33679625499877375
2020-09-21 20:15:00,0.33682442847515404
2020-09-21 20:18:00,0.2510386651333647
2020-09-21 20:21:00,0.345640259381355
2020-09-21 20:24:00,0.35142230345337566
2020-09-21 20:27:00,0.35847236963246587
2020-09-21 20:30:00,0.37493014128034474
2020-09-21 20:33:00,0.35743201064656205
2020-09-21 20:36:00,0.4389397569016751
2020-09-21 20:39:00,0.3800998058014784
2020-09-21 20:42:00,0.4389888408783804
2020-09-21 20:45:00,0.37866714489558717
2020-09-21 20:48:00,0.3781898579727567
2020-09-21 20:51:00,0.3546416235214451
2020-09-21 20:54:00,0.3762535394367319
2020-09-21 20:57:00,0.33911361482938673
2020-09-21 21:00:00,0.31213057780627196
2020-09-21 21:03:00,0.3578278728489863
2020-09-21 21:06:00,0.3493313252245116
2020-09-21 21:09:00,0.3119896146548058
2020-09-21 21:12:00,0.29940954870932046
2020-09-21 21:15:00,0.3467126878408635
2020-09-21 21:18:00,0.2835036669667943
2020-09-21 21:21:00,0.34206620145420175
2020-09-21 21:24:00,0.31010005038177724
2020-09-21 21:27:00,0.35850287550027815
2020-09-21 21:30:00,0.3619243254005369
2020-09-21 21:33:00,0.3532126007337979
2020-09-21 21:36:00,0.3225031582709903
2020-09-21 21:39:00,0.32744236747271316
2020-09-21 21:42:00,0.4009698563725692
2020-09-21 21:45:00,0.3136958274022845
2020-09-21 21:48:00,0.37938078386872576
2020-09-21 21:51:00,0.3678647801484658
2020-09-21 21:54:00,0.25930692096164876
2020-09-21 21:57:00,0.2930101771184468
2020-09-21 22:00:00,0.298009835402695
2020-09-21 22:03:00,0.2443605531027515
2020-09-21 22:06:00,0.31134201846020915
2020-09-21 22:09:00,0.24016005303025167
2020-09-21 22:12:00,0.3049583308115871
2020-09-21 22:15:00,0.3053444722509653
2020-09-21 22:18:00,0.3538439170770289
2020-09-21 22:21:00,0.32321538276647743
2020-09-21 22:24:00,0.3733942831301533
2020-09-21 22:27:00,0.279486303344072
2020-09-21 22:30:00,0.3481964892393421
2020-09-21 22:33:00,0.2816858080906286
2020-09-21 22:36:00,0.28491434689203743
2020-09-21 22:39:00,0.37528805958584144
2020-09-21 22:42:00,0.35804415740233253
2020-09-21 22:45:00,0.3319640517585185
2020-09-21 22:48:00,0.3437588854618525
2020-09-21 22:51:00,0.33232392969432567
2020-09-21 22:54:00,0.2910811845235344
2020-09-21 22:57:00,0.3012252189740252
2020-09-21 23:00:00,0.2974538784433207
2020-09-21 23:03:00,0.3683304596673338
2020-09-21 23:06:00,0.3525875141736492
2020-09-21 23:09:00,0.33042359980834135
2020-09-21 23:12:00,0.3810426302120504
2020-09-21 23:15:00,0.37904294495893964
2020-09-21 23:18:00,0.36110695531965575
2020-09-21 23:21:00,0.36580589770187544
2020-09-21 23:24:00,0.3451213155304913
2020-09-21 23:27:00,0.34280294166512704
2020-09-21 23:30:00,0.31736709094394655
2020-09-21 23:33:00,0.35400031412149247
2020-09-21 23:36:00,0.4421601692567947
2020-09-21 23:39:00,0.34980122178978945
2020-09-21 23:42:00,0.3280303408280929
2020-09-21 23:45:00,0.44422799214311226
2020-09-21 23:48:00,0.45180088434995014
2020-09-21 23:51:00,0.44264792705206446
2020-09-21 23:54:00,0.38062766018674665
2020-09-21 23:57:00,0.39489155046391033
2020-09-22 00:00:00,0.34195350509310174
2020-09-22 00:03:00,0.3644889480819984
2020-09-22 00:06:00,0.37900841626765214
2020-09-22 00:09:00,0.424614418499516
2020-09-22 00:12:00,0.3191062012612633
2020-09-22 00:15:00,0.3621943793315836
2020-09-22 00:18:00,0.3389983535982992
2020-09-22 00:21:00,0.30786257539114104
2020-09-22 00:24:00,0.3719337589075167
2020-09-22 00:27:00,0.3424781985373784
2020-09-22 00:30:00,0.30015194534388456
2020-09-22 00:33:00,0.3383824189564848
2020-09-22 00:36:00,0.3675035440954275
2020-09-22 00:39:00,0.40428513322382287
2020-09-22 00:42:00,0.435296405107124
2020-09-22 00:45:00,0.4634334282750956
2020-09-22 00:48:00,0.5489981402560602
2020-09-22 00:51:00,0.633762794268705
2020-09-22 00:54:00,0.5222664503685905
2020-09-22 00:57:00,0.5081495067643118
2020-09-22 01:00:00,0.3975063839889117
2020-09-22 01:03:00,0.46996029304307285
2020-09-22 01:06:00,0.4240294357387029
2020-09-22 01:09:00,0.4349897202047259
2020-09-22 01:12:00,0.37889487333791294
2020-09-22 01:15:00,0.4112412738313651
2020-09-22 01:18:00,0.47528355728434235
2020-09-22 01:21:00,0.42961796652826933
2020-09-22 01:24:00,0.41015025885940304
2020-09-22 01:27:00,0.4328012852249117
2020-09-22 01:30:00,0.474928061690548
2020-09-22 01:33:00,0.4168950748080533
2020-09-22 01:36:00,0.38148653714318925
2020-09-22 01:39:00,0.38477614315797837
2020-09-22 01:42:00,0.40577079645845515
2020-09-22 01:45:00,0.4177028773225402
2020-09-22 01:48:00,0.39754375829562605
2020-09-22 01:51:00,0.4153995121400271
2020-09-22 01:54:00,0.42894303671783973
2020-09-22 01:57:00,0.442748406857163
2020-09-22 02:00:00,0.3533311449896246
2020-09-22 02:03:00,0.38999736527097184
2020-09-22 02:06:00,0.40611762954182495
2020-09-22 02:09:00,0.4231385317214631
2020-09-22 02:12:00,0.3493017501805866
2020-09-22 02:15:00,0.3905153198872995
2020-09-22 02:18:00,0.45620064248294057
2020-09-22 02:21:00,0.423404303295456
2020-09-22 02:24:00,0.3779477586921871
2020-09-22 02:27:00,0.39713569809538285
2020-09-22 02:30:00,0.3519703376144889
2020-09-22 02:33:00,0.388669520777853
2020-09-22 02:36:00,0.4360518363764072
2020-09-22 02:39:00,0.3558445209978913
2020-09-22 02:42:00,0.37200324900078385
2020-09-22 02:45:00,0.33598090710859196
2020-09-22 02:48:00,0.37749670793294854
2020-09-22 02:51:00,0.44283229288413395
2020-09-22 02:54:00,0.3610392240889837
2020-09-22 02:57:00,0.44818642225453686
2020-09-22 03:00:00,0.36671207009209184
2020-09-22 03:03:00,0.3996023230550918
2020-09-22 03:06:00,0.38519421841533585
2020-09-22 03:09:00,0.45952514877899375
2020-09-22 03:12:00,0.46694430294490985
2020-09-22 03:15:00,0.39079084559466537
2020-09-22 03:18:00,0.39044195554060934
2020-09-22 03:21:00,0.4288415648040882
2020-09-22 03:24:00,0.43216122994454054
2020-09-22 03:27:00,0.47857710135843945
2020-09-22 03:30:00,0.5127433165465618
2020-09-22 03:33:00,0.44466818487086357
2020-09-22 03:36:00,0.46877983897576314
2020-09-22 03:39:00,0.4939488142816799
2020-09-22 03:42:00,0.4465914418344141
2020-09-22 03:45:00,0.4811182260137912
2020-09-22 03:48:00,0.4892967939828168
2020-09-22 03:51:00,0.46934963941743035
2020-09-22 03:54:00,0.49999571949621213
2020-09-22 03:57:00,0.5115633459244577
2020-09-22 04:00:00,0.4632685999682167
2020-09-22 04:03:00,0.49194160547210686
2020-09-22 04:06:00,0.4865161740980284
2020-09-22 04:09:00,0.45665781700193975
2020-09-22 04:12:00,0.5016236137213355
2020-09-22 04:15:00,0.396079976970384
2020-09-22 04:18:00,0.3791205241971056
2020-09-22 04:21:00,0.49761995725242514
2020-09-22 04:24:00,0.3745884864608797
2020-09-22 04:27:00,0.47084933412628516
2020-09-22 04:30:00,0.46836854832940844
2020-09-22 04:33:00,0.46986456130144916
2020-09-22 04:36:00,0.4436778312010574
2020-09-22 04:39:00,0.48599905269230703
2020-09-22 04:42:00,0.4662031740707562
2020-09-22 04:45:00,0.502736721923327
2020-09-22 04:48:00,0.5697679044312167
2020-09-22 04:51:00,0.5013218017293752
2020-09-22 04:54:00,0.5190709229383401
2020-09-22 04:57:00,0.485819804169239
2020-09-22 05:00:00,0.5362826543770893
2020-09-22 05:03:00,0.4922065698469851
2020-09-22 05:06:00,0.4643067862489829
2020-09-22 05:09:00,0.5202162164723632
2020-09-22 05:12:00,0.5513380457541643
2020-09-22 05:15:00,0.5319413166727145
2020-09-22 05:18:00,0.4741625767216533
2020-09-22 05:21:00,0.49126203836789273
2020-09-22 05:24:00,0.44132528276793437
2020-09-22 05:27:00,0.4409956051843551
2020-09-22 05:30:00,0.48372930438301864
2020-09-22 05:33:00,0.4864225011796748
2020-09-22 05:36:00,0.47083072008865656
2020-09-22 05:39:00,0.5060605934625073
2020-09-22 05:42:00,0.46743243888653296
2020-09-22 05:45:00,0.5080907994688459
2020-09-22 05:48:00,0.5278593509497114
2020-09-22 05:51:00,0.5216656688563148
2020-09-22 05:54:00,0.5198855522952499
2020-09-22 05:57:00,0.5600854986718673
2020-09-22 06:00:00,0.5081824280182445
2020-09-22 06:03:00,0.4888243220152617
2020-09-22 06:06:00,0.510042325074096
2020-09-22 06:09:00,0.5396177402350872
2020-09-22 06:12:00,0.44299442112725274
2020-09-22 06:15:00,0.5184233787489347
2020-09-22 06:18:00,0.546996088007802
2020-09-22 06:21:00,0.5137345178160899
2020-09-22 06:24:00,0.4991685651757507
2020-09-22 06:27:00,0.49191618460616837
2020-09-22 06:30:00,0.4905048724249923
2020-09-22 06:33:00,0.5475824065866277
2020-09-22 06:36:00,0.4840059672524717
2020-09-22 06:39:00,0.4340913775284889
2020-09-22 06:42:00,0.5522003068139725
2020-09-22 06:45:00,0.49664027855715176
2020-09-22 06:48:00,0.5575016861747599
2020-09-22 06:51:00,0.5079630740584662
2020-09-22 06:54:00,0.5337553322681856
2020-09-22 06:57:00,0.5700986192630921
2020-09-22 07:00:00,0.5408347491902532
2020-09-22 07:03:00,0.5747440311395735
2020-09-22 07:06:00,0.4998828683727652
2020-09-22 07:09:00,0.4991971488723834
2020-09-22 07:12:00,0.4715675961564898
2020-09-22 07:15:00,0.543170038710457
2020-09-22 07:18:00,0.5351528378888588
2020-09-22 07:21:00,0.5134503289110057
2020-09-22 07:24:00,0.5503966385837202
2020-09-22 07:27:00,0.5218153742719664
2020-09-22 07:30:00,0.5555800029104034
2020-09-22 07:33:00,0.5072951416780143
2020-09-22 07:36:00,0.47734987837435483
2020-09-22 07:39:00,0.5397825676754451
2020-09-22 07:42:00,0.5730780335791792
2020-09-22 07:45:00,0.5713351235024788
2020-09-22 07:48:00,0.49066147133049753
2020-09-22 07:51:00,0.5329705010174166
2020-09-22 07:54:00,0.5114739696703623
2020-09-22 07:57:00,0.4848111710049352
2020-09-22 08:00:00,0.45121970231627984
2020-09-22 08:03:00,0.4737870205967738
2020-09-22 08:06:00,0.4799552935267002
2020-09-22 08:09:00,0.4192993558885405
2020-09-22 08:12:00,0.42357130334818294
2020-09-22 08:15:00,0.3825658691991407
2020-09-22 08:18:00,0.3409052766633067
2020-09-22 08:21:00,0.3412642780663191
2020-09-22 08:24:00,0.3814577531120449
2020-09-22 08:27:00,0.44127672810884633
2020-09-22 08:30:00,0.35756022082978234
2020-09-22 08:33:00,0.36717857881075133
2020-09-22 08:36:00,0.32087572817573573
2020-09-22 08:39:00,0.35467611490958006
2020-09-22 08:42:00,0.3696053628585787
2020-09-22 08:45:00,0.3898602056320897
2020-09-22 08:48:00,0.3311609681708205
2020-09-22 08:51:00,0.3388205671760147
2020-09-22 08:54:00,0.3098795762986697
2020-09-22 08:57:00,0.3833417883157608
2020-09-22 09:00:00,0.31243581139818843
2020-09-22 09:03:00,0.3287999364242751
2020-09-22 09:06:00,0.30785819889052846
2020-09-22 09:09:00,0.2697858697721358
2020-09-22 09:12:00,0.27844707861834195
2020-09-22 09:15:00,0.2630987708425323
2020-09-22 09:18:00,0.23568819125932805
2020-09-22 09:21:00,0.2727841203426351
2020-09-22 09:24:00,0.20468649709789588
2020-09-22 09:27:00,0.19552530093938003
2020-09-22 09:30:00,0.2842666846003681
2020-09-22 09:33:00,0.24969568393208874
2020-09-22 09:36:00,0.20954885425658176
2020-09-22 09:39:00,0.1301725588909335
2020-09-22 09:42:00,0.18896692457917652
2020-09-22 09:45:00,0.21548992984918414
2020-09-22 09:48:00,0.1809225332776805
2020-09-22 09:51:00,0.18495095910600412
2020-09-22 09:54:00,0.15078997535061944
2020-09-22 09:57:00,0.16163395270478986
2020-09-22 10:00:00,0.19155820270856339
2020-09-22 10:03:00,0.20849908470808032
2020-09-22 10:06:00,0.11818691720037577
2020-09-22 10:09:00,0.1811717612173993
2020-09-22 10:12:00,0.1431072181220543
2020-09-22 10:15:00,0.17330391306649062
2020-09-22 10:18:00,0.1377907458514187
2020-09-22 10:21:00,0.11753234405477997
2020-09-22 10:24:00,0.08651074455252683
2020-09-22 10:27:00,0.07247307578086293
2020-09-22 10:30:00,0.13997488499563815
2020-09-22 10:33:00,0.058349758165093135
2020-09-22 10:36:00,0.08683688775010978
2020-09-22 10:39:00,0.1746739031560196
2020-09-22 10:42:00,0.0843344589468984
2020-09-22 10:45:00,0.09566761915056077
2020-09-22 10:48:00,-0.02732438191918618
2020-09-22 10:51:00,0.061901020943253116
2020-09-22 10:54:00,0.012135039785448498
2020-09-22 10:57:00,-0.022255909252407946
2020-09-22 11:00:00,0.03764097285869639
2020-09-22 11:03:00,-0.008288000628567715
2020-09-22 11:06:00,-0.009394192369995835
2020-09-22 11:09:00,0.015376447591563647
2020-09-22 11:12:00,-0.03693146558453009
2020-09-22 11:15:00,-0.08142934873205832
2020-09-22 11:18:00,-0.05092965892953316
2020-09-22 11:21:00,-0.03430805510561186
2020-09-22 11:24:00,-0.07387744686997166
2020-09-22 11:27:00,-0.026170946932495553
2020-09-22 11:30:00,-0.030086719021085173
2020-09-22 11:33:00,-0.11467016023908627
2020-09-22 11:36:00,-0.05585490328252263
2020-09-22 11:39:00,-0.04410955648836534
2020-09-22 11:42:00,-0.07068692511586505
2020-09-22 11:45:00,-0.07388926961499465
2020-09-22 11:48:00,-0.12737245315759083
2020-09-22 11:51:00,-0.1540466358874255
2020-09-22 11:54:00,-0.1430749133420477
2020-09-22 11:57:00,-0.10031948689675119
2020-09-22 12:00:00,-0.1333830189853984
2020-09-22 12:03:00,-0.14780489454574308
2020-09-22 12:06:00,-0.13625688738704866
2020-09-22 12:09:00,-0.18167355886106407
2020-09-22 12:12:00,-0.17735877968476643
2020-09-22 12:15:00,-0.19779120451266863
2020-09-22 12:18:00,-0.18058290932691534
2020-09-22 12:21:00,-0.1431109450004442
2020-09-22 12:24:00,-0.21345770746779635
2020-09-22 12:27:00,-0.1775187284094386
2020-09-22 12:30:00,-0.16796192233101692
2020-09-22 12:33:00,-0.26349109590978514
2020-09-22 12:36:00,-0.2524108415262276
2020-09-22 12:39:00,-0.27034229741218496
2020-09-22 12:42:00,-0.28222297130690777
2020-09-22 12:45:00,-0.27168189513804464
2020-09-22 12:48:00,-0.2559265912605042
2020-09-22 12:51:00,-0.24678164856766216
2020-09-22 12:54:00,-0.3003308671903824
2020-09-22 12:57:00,-0.34162962074856296
2020-09-22 13:00:00,-0.2731417414526618
2020-09-22 13:03:00,-0.33875751267652277
2020-09-22 13:06:00,-0.22841852103135807
2020-09-22 13:09:00,-0.30412744139994174
2020-09-22 13:12:00,-0.34276967527205215
2020-09-22 13:15:00,-0.3537246420114002
2020-09-22 13:18:00,-0.3353645378005581
2020-09-22 13:21:00,-0.348645523837547
2020-09-22 13:24:00,-0.3829730737755881
2020-09-22 13:27:00,-0.35732598576845476
2020-09-22 13:30:00,-0.3139523781052276
2020-09-22 13:33:00,-0.2813143598956458
2020-09-22 13:36:00,-0.35345448322203765
2020-09-22 13:39:00,-0.40111832437952444
2020-09-22 13:42:00,-0.39387778312186583
2020-09-22 13:45:00,-0.3355521303552109
2020-09-22 13:48:00,-0.4218249986541309
2020-09-22 13:51:00,-0.3713416905810618
2020-09-22 13:54:00,-0.39918111189643923
2020-09-22 13:57:00,-0.34511019914492636
2020-09-22 14:00:00,-0.36562547669291234
2020-09-22 14:03:00,-0.3649280160985313
2020-09-22 14:06:00,-0.4126001476221859
2020-09-22 14:09:00,-0.393859979243814
2020-09-22 14:12:00,-0.44775955409011203
2020-09-22 14:15:00,-0.43425213048396927
2020-09-22 14:18:00,-0.4492022753434526
2020-09-22 14:21:00,-0.35970030336682157
2020-09-22 14:24:00,-0.42714260950430116
2020-09-22 14:27:00,-0.38663334812849826
2020-09-22 14:30:00,-0.3436854096922275
2020-09-22 14:33:00,-0.3886177210079609
2020-09-22 14:36:00,-0.44664247782566235
2020-09-22 14:39:00,-0.3737714259004292
2020-09-22 14:42:00,-0.3531345329205351
2020-09-22 14:45:00,-0.40110122283846295
2020-09-22 14:48:00,-0.4385737167234538
2020-09-22 14:51:00,-0.42942851790803616
2020-09-22 14:54:00,-0.3647965636885715
2020-09-22 14:57:00,-0.42640727881916973
2020-09-22 15:00:00,-0.4055050786506058
2020-09-22 15:03:00,-0.45944220283780624
2020-09-22 15:06:00,-0.44701400423605264
2020-09-22 15:09:00,-0.4565299510269938
2020-09-22 15:12:00,-0.43768168559387277
2020-09-22 15:15:00,-0.43349486984129726
2020-09-22 15:18:00,-0.42583069182694544
2020-09-22 15:21:00,-0.46117573318349514
2020-09-22 15:24:00,-0.4487563168127622
2020-09-22 15:27:00,-0.5011993606140663
2020-09-22 15:30:00,-0.41272204443458804
2020-09-22 15:33:00,-0.4543217006924465
2020-09-22 15:36:00,-0.4722211724449039
2020-09-22 15:39:00,-0.45105706111905874
2020-09-22 15:42:00,-0.4475070484249386
2020-09-22 15:45:00,-0.3639235668722449
2020-09-22 15:48:00,-0.29759170167017146
2020-09-22 15:51:00,-0.3961382290253255
2020-09-22 15:54:00,-0.40343909424836966
2020-09-22 15:57:00,-0.45784880149449236
2020-09-22 16:00:00,-0.4294051590659933
2020-09-22 16:03:00,-0.45089005542331506
2020-09-22 16:06:00,-0.4372647050218461
2020-09-22 16:09:00,-0.4706648518825318
2020-09-22 16:12:00,-0.49573132541343057
2020-09-22 16:15:00,-0.4324936827911756
2020-09-22 16:18:00,-0.4536964772267993
2020-09-22 16:21:00,-0.29722584450291833
2020-09-22 16:24:00,-0.3025306294361485
2020-09-22 16:27:00,-0.28614585424281813
2020-09-22 16:30:00,-0.279102278625146
2020-09-22 16:33:00,-0.3087616074914763
2020-09-22 16:36:00,-0.36346542609805965
2020-09-22 16:39:00,-0.2733874942324519
2020-09-22 16:42:00,-0.29834633159833857
2020-09-22 16:45:00,-0.29081212631211883
2020-09-22 16:48:00,-0.25363909689872344
2020-09-22 16:51:00,-0.2179671672552672
2020-09-22 16:54:00,-0.20461836880434703
2020-09-22 16:57:00,-0.1865599545675991
2020-09-22 17:00:00,-0.23263385555844707
2020-09-22 17:03:00,-0.23251164472566188
2020-09-22 17:06:00,-0.1533148149434851
2020-09-22 17:09:00,-0.18927830275958968
2020-09-22 17:12:00,-0.22344599676438293
2020-09-22 17:15:00,-0.20549739159298497
2020-09-22 17:18:00,-0.17511190730027693
2020-09-22 17:21:00,-0.14698705382710386
2020-09-22 17:24:00,-0.15904440498900385
2020-09-22 17:27:00,-0.146864297020727
2020-09-22 17:30:00,-0.21102887034828655
2020-09-22 17:33:00,-0.18671144295672093
2020-09-22 17:36:00,-0.12314790798740205
2020-09-22 17:39:00,-0.07031326443069474
2020-09-22 17:42:00,-0.1458614349158438
2020-09-22 17:45:00,-0.09709948688299619
2020-09-22 17:48:00,-0.197019206714117
2020-09-22 17:51:00,-0.15598516748605107
2020-09-22 17:54:00,-0.13485157473922982
2020-09-22 17:57:00,-0.12829314508388734
2020-09-22 18:00:00,-0.0999221980317202
2020-09-22 18:03:00,-0.16289283870605686
2020-09-22 18:06:00,-0.13829109419975794
2020-09-22 18:09:00,-0.17653183903416902
2020-09-22 18:12:00,-0.08948758967824233
2020-09-22 18:15:00,-0.08048499146042332
2020-09-22 18:18:00,-0.09969984582414781
2020-09-22 18:21:00,-0.12736354205827638
2020-09-22 18:24:00,-0.12439197658454759
2020-09-22 18:27:00,-0.05276658961275871
2020-09-22 18:30:00,-0.1389698154554253
2020-09-22 18:33:00,-0.13902775939271805
2020-09-22 18:36:00,-0.11573328525241777
2020-09-22 18:39:00,-0.06548759962657869
2020-09-22 18:42:00,-0.07355411494768305
2020-09-22 18:45:00,-0.05417920087342054
2020-09-22 18:48:00,-0.07011400719932226
2020-09-22 18:51:00,-0.036738427275224694
2020-09-22 18:54:00,-0.019167037258910113
2020-09-22 18:57:00,
2020-09-22 19:00:00,
2020-09-22 19:03:00,-0.045504934801101626
2020-09-22 19:06:00,-0.06409226081524366
2020-09-22 19:09:00,-0.05117726635660347
2020-09-22 19:12:00,-0.051155498107050335
2020-09-22 19:15:00,-0.04554395975969783
2020-09-22 19:18:00,-0.04927679291733966
2020-09-22 19:21:00,-0.05600015552209925
2020-09-22 19:24:00,-0.0523617977467552
2020-09-22 19:27:00,-0.052857466379975904
2020-09-22 19:30:00,0.026138502993319435
2020-09-22 19:33:00,0.04011636942925634
2020-09-22 19:36:00,-0.03197481625858245
2020-09-22 19:39:00,-0.04277130315404065
2020-09-22 19:42:00,-0.03985757845163107
2020-09-22 19:45:00,0.029068021593161575
2020-09-22 19:48:00,-0.05987614841450295
2020-09-22 19:51:00,-0.03853200974299398
2020-09-22 19:54:00,-0.01409078248360629
2020-09-22 19:57:00,-0.05191860494494449
2020-09-22 20:00:00,-0.022467014367009597
2020-09-22 20:03:00,-0.06501095998032724
2020-09-22 20:06:00,-0.09376312250856245
2020-09-22 20:09:00,-0.025986961613511994
2020-09-22 20:12:00,-0.04153928971385312
2020-09-22 20:15:00,0.0107222499729005
2020-09-22 20:18:00,-0.00811250079095771
2020-09-22 20:21:00,0.010748876451771139
2020-09-22 20:24:00,-0.04020141647362152
2020-09-22 20:27:00,0.002415189186194766
2020-09-22 20:30:00,0.057023779807082065
2020-09-22 20:33:00,0.02375847425247457
2020-09-22 20:36:00,0.0182297628579704
2020-09-22 20:39:00,-0.003338058337192251
2020-09-22 20:42:00,0.02424039247887322
2020-09-22 20:45:00,0.05054907799768671
2020-09-22 20:48:00,0.05289762435575085
2020-09-22 20:51:00,0.05401223673896993
2020-09-22 20:54:00,0.05864651912105501
2020-09-22 20:57:00,0.0820116388863994
2020-09-22 21:00:00,0.10173955270084889
2020-09-22 21:03:00,0.13486058589666072
2020-09-22 21:06:00,0.12044473620272811
2020-09-22 21:09:00,0.09744422375723616
2020-09-22 21:12:00,0.10628601696760143
2020-09-22 21:15:00,0.10992092781657448
2020-09-22 21:18:00,0.12017292920398859
2020-09-22 21:21:00,0.05714914296044071
2020-09-22 21:24:00,0.14795702076662565
2020-09-22 21:27:00,0.05590098079932204
2020-09-22 21:30:00,0.17004071051366054
2020-09-22 21:33:00,0.09958851958748483
2020-09-22 21:36:00,0.11365787848967557
2020-09-22 21:39:00,0.09958688938519344
2020-09-22 21:42:00,0.1627843844107133
2020-09-22 21:45:00,0.09699569844002554
2020-09-22 21:48:00,0.003469676195663851
2020-09-22 21:51:00,0.0626599544708597
2020-09-22 21:54:00,-0.003131524817092668
2020-09-22 21:57:00,0.07479073083169396
2020-09-22 22:00:00,-0.014879709368017302
2020-09-22 22:03:00,0.03906477119841156
2020-09-22 22:06:00,0.08201312513784842
2020-09-22 22:09:00,-0.00021053238629065163
2020-09-22 22:12:00,0.12442903885079204
2020-09-22 22:15:00,0.04828825858913888
2020-09-22 22:18:00,0.09847726932713385
2020-09-22 22:21:00,0.02389377854058239
2020-09-22 22:24:00,0.057666211029413716
2020-09-22 22:27:00,0.10632125909580736
2020-09-22 22:30:00,0.060308502775171746
2020-09-22 22:33:00,0.0509334709750533
2020-09-22 22:36:00,0.040454544958606675
2020-09-22 22:39:00,0.014335607805776363
2020-09-22 22:42:00,0.026178117137590107
2020-09-22 22:45:00,0.09597963193482428
2020-09-22 22:48:00,0.10589372711257283
2020-09-22 22:51:00,0.06273033406756667
2020-09-22 22:54:00,-0.002684779867990983
2020-09-22 22:57:00,0.05473798446581668
2020-09-22 23:00:00,0.08433965200703142
2020-09-22 23:03:00,0.15407576565803538
2020-09-22 23:06:00,0.008084219321062847
2020-09-22 23:09:00,0.06910298891733646
2020-09-22 23:12:00,0.052317723518115145
2020-09-22 23:15:00,0.13526367321571797
2020-09-22 23:18:00,0.03355043864559093
2020-09-22 23:21:00,0.15418387205136241
2020-09-22 23:24:00,0.04140946174874216
2020-09-22 23:27:00,0.028167249003558936
2020-09-22 23:30:00,0.042074636961558554
2020-09-22 23:33:00,0.06766317405111977
2020-09-22 23:36:00,0.0616199825158219
2020-09-22 23:39:00,0.06002180116610134
2020-09-22 23:42:00,0.10894596807372636
2020-09-22 23:45:00,0.16747740705557135
2020-09-22 23:48:00,0.09903789935162877
2020-09-22 23:51:00,0.10731681505279766
2020-09-22 23:54:00,0.13292203254661672
2020-09-22 23:57:00,0.19984183695385127
2020-09-23 00:00:00,0.17913941017133084
2020-09-23 00:03:00,0.20305370029706182
2020-09-23 00:06:00,0.172093112385312
2020-09-23 00:09:00,0.14555506988995148
2020-09-23 00:12:00,0.19349926129427786
2020-09-23 00:15:00,0.19985334907300967
2020-09-23 00:18:00,0.12470285861706998
2020-09-23 00:21:00,0.09670245541423128
2020-09-23 00:24:00,0.09244493184513658
2020-09-23 00:27:00,0.11543312809112649
2020-09-23 00:30:00,0.1440121341896088
2020-09-23 00:33:00,0.1353008607452466
2020-09-23 00:36:00,0.14815910303627788
2020-09-23 00:39:00,0.16324782013884942
2020-09-23 00:42:00,0.07343837047585566
2020-09-23 00:45:00,0.07132924814726493
2020-09-23 00:48:00,0.11531615515275462
2020-09-23 00:51:00,0.09948865399644546
2020-09-23 00:54:00,0.19593454629074358
2020-09-23 00:57:00,0.1705118966548298
2020-09-23 01:00:00,0.1713597415077288
2020-09-23 01:03:00,0.163096804671909
2020-09-23 01:06:00,0.13746288741521084
2020-09-23 01:09:00,0.13442555165534031
2020-09-23 01:12:00,0.16561398255964832
2020-09-23 01:15:00,0.06777979272987977
2020-09-23 01:18:00,0.17151619454790534
2020-09-23 01:21:00,0.2063456893748139
2020-09-23 01:24:00,0.18637128114443158
2020-09-23 01:27:00,0.15152858566460736
2020-09-23 01:30:00,0.2283591251146504
2020-09-23 01:33:00,0.20101538375587324
2020-09-23 01:36:00,0.29288234513188627
2020-09-23 01:39:00,0.20130646311798728
2020-09-23 01:42:00,0.24583078793051527
2020-09-23 01:45:00,0.2835326120872992
2020-09-23 01:48:00,0.23091147527429712
2020-09-23 01:51:00,0.20024707386903629
2020-09-23 01:54:00,0.20541436551718562
2020-09-23 01:57:00,0.17874783647670256
2020-09-23 02:00:00,0.1764550735339867
2020-09-23 02:03:00,0.19072419808804852
2020-09-23 02:06:00,0.18416049445079352
2020-09-23 02:09:00,0.17645364626002902
2020-09-23 02:12:00,0.22171916492277433
2020-09-23 02:15:00,0.12485480985549202
2020-09-23 02:18:00,0.15574147370040237
2020-09-23 02:21:00,0.24086328593381268
2020-09-23 02:24:00,0.22041375393649787
2020-09-23 02:27:00,0.21235848027555448
2020-09-23 02:30:00,0.21222288128507216
2020-09-23 02:33:00,0.27111538672642155
2020-09-23 02:36:00,0.22937362833897623
2020-09-23 02:39:00,0.24594928495957902
2020-09-23 02:42:00,0.2599573255764085
2020-09-23 02:45:00,0.2544649506107248
2020-09-23 02:48:00,0.2623318774548693
2020-09-23 02:51:00,0.24598974495478387
2020-09-23 02:54:00,0.25993678125666975
2020-09-23 02:57:00,0.2837127800276562
2020-09-23 03:00:00,0.2143826534106097
2020-09-23 03:03:00,0.21943263265137603
2020-09-23 03:06:00,0.23305763018061043
2020-09-23 03:09:00,0.19169233026275379
2020-09-23 03:12:00,0.14931261876716917
2020-09-23 03:15:00,0.1727705980052292
2020-09-23 03:18:00,0.20248263853073922
2020-09-23 03:21:00,0.16266362521486144
2020-09-23 03:24:00,0.12893056856313478
2020-09-23 03:27:00,0.20524458809194357
2020-09-23 03:30:00,0.2144415508036559
2020-09-23 03:33:00,0.06452885988676371
2020-09-23 03:36:00,0.12886670439593217
2020-09-23 03:39:00,0.1542487476142469
2020-09-23 03:42:00,0.1983421936349714
2020-09-23 03:45:00,0.15481441112586936
2020-09-23 03:48:00,0.23972744519937805
2020-09-23 03:51:00,0.18444931905838757
2020-09-23 03:54:00,0.15108974020427013
2020-09-23 03:57:00,0.11798123592092224
2020-09-23 04:00:00,0.19183787594909063
2020-09-23 04:03:00,0.20332787631912197
2020-09-23 04:06:00,0.13576626278546655
2020-09-23 04:09:00,0.18017636543038407
2020-09-23 04:12:00,0.19388156161443248
2020-09-23 04:15:00,0.18055236129026753
2020-09-23 04:18:00,0.2404013270155474
2020-09-23 04:21:00,0.2900610692881287
2020-09-23 04:24:00,0.2625760158080652
2020-09-23 04:27:00,0.2379500370363985
2020-09-23 04:30:00,0.18364716220435184
2020-09-23 04:33:00,0.1773330078074764
2020-09-23 04:36:00,0.2528035011592351
2020-09-23 04:39:00,0.20449037361112232
2020-09-23 04:42:00,0.25111466639538094
2020-09-23 04:45:00,0.2526130789986496
2020-09-23 04:48:00,0.24915924668323441
2020-09-23 04:51:00,0.2719208820092831
2020-09-23 04:54:00,0.22750256108969324
2020-09-23 04:57:00,0.23191758903010395
2020-09-23 05:00:00,0.21711091105572677
2020-09-23 05:03:00,0.2595406329572256
2020-09-23 05:06:00,0.25424591576035027
2020-09-23 05:09:00,0.26087190071507393
2020-09-23 05:12:00,0.19799777557960851
2020-09-23 05:15:00,0.19912848421955687
2020-09-23 05:18:00,0.2599386079541546
2020-09-23 05:21:00,0.27633619492104344
2020-09-23 05:24:00,0.2145693100707149
2020-09-23 05:27:00,0.23727373014719433
2020-09-23 05:30:00,0.16497172431797935
2020-09-23 05:33:00,0.2406956574913579
2020-09-23 05:36:00,0.23667308402480103
2020-09-23 05:39:00,0.26010151884628385
2020-09-23 05:42:00,0.22528723567813813
2020-09-23 05:45:00,0.183514491030337
2020-09-23 05:48:00,0.1365190910611318
2020-09-23 05:51:00,0.1674140114240572
2020-09-23 05:54:00,0.1453745238868578
2020-09-23 05:57:00,0.13486322372057202
2020-09-23 06:00:00,0.18566000413517258
2020-09-23 06:03:00,0.1449512148594181
2020-09-23 06:06:00,0.16729919918651603
2020-09-23 06:09:00,0.12620490874513735
2020-09-23 06:12:00,0.18907109222885765
2020-09-23 06:15:00,0.13661445861993116
2020-09-23 06:18:00,0.20919215715730388
2020-09-23 06:21:00,0.21630049754196534
2020-09-23 06:24:00,0.18648439816956852
2020-09-23 06:27:00,0.22037552984096465
2020-09-23 06:30:00,0.25640920617325946
2020-09-23 06:33:00,0.2365905841980407
2020-09-23 06:36:00,0.23951806536479125
2020-09-23 06:39:00,0.1854021929302121
2020-09-23 06:42:00,0.236366460250224
2020-09-23 06:45:00,0.21367152408805623
2020-09-23 06:48:00,0.23105251287620376
2020-09-23 06:51:00,0.16322594788442757
2020-09-23 06:54:00,0.18160004065111934
2020-09-23 06:57:00,0.2114413766427674
2020-09-23 07:00:00,0.14490749574366646
2020-09-23 07:03:00,0.1569862426187001
2020-09-23 07:06:00,0.1648669051998013
2020-09-23 07:09:00,0.19075857618469172
2020-09-23 07:12:00,0.18296883292481425
2020-09-23 07:15:00,0.1778350227076544
2020-09-23 07:18:00,0.15190913480955714
2020-09-23 07:21:00,0.13819536025113166
2020-09-23 07:24:00,0.1390440225607108
2020-09-23 07:27:00,0.14167869275723888
2020-09-23 07:30:00,0.1521512137579748
2020-09-23 07:33:00,0.20436613472662657
2020-09-23 07:36:00,0.18842136756228456
2020-09-23 07:39:00,0.21221689219049722
2020-09-23 07:42:00,0.19136051101497742
2020-09-23 07:45:00,0.23268927250194338
2020-09-23 07:48:00,0.20112648836834524
2020-09-23 07:51:00,0.20343147649737148
2020-09-23 07:54:00,0.2013920470280368
2020-09-23 07:57:00,0.21982007494614209
2020-09-23 08:00:00,0.2201177648676662
2020-09-23 08:03:00,0.21239828092194557
2020-09-23 08:06:00,0.13673976067707372
2020-09-23 08:09:00,0.18695593568560298
2020-09-23 08:12:00,0.17581021343346492
2020-09-23 08:15:00,0.14409796618429027
2020-09-23 08:18:00,0.016777027413866108
2020-09-23 08:21:00,0.1619923845108815
2020-09-23 08:24:00,0.06828120023919837
2020-09-23 08:27:00,0.11436331390228816
2020-09-23 08:30:00,0.1417244074749533
2020-09-23 08:33:00,0.13037409506506492
2020-09-23 08:36:00,0.13049685765395225
2020-09-23 08:39:00,0.07420508431079043
2020-09-23 08:42:00,0.08644279606767213
2020-09-23 08:45:00,0.10684889395110986
2020-09-23 08:48:00,0.05335307272753198
2020-09-23 08:51:00,0.10255355760187967
2020-09-23 08:54:00,0.16373555906960746
2020-09-23 08:57:00,0.10232590523560248
2020-09-23 09:00:00,0.05619827501573127
2020-09-23 09:03:00,0.09599353676628652
2020-09-23 09:06:00,0.08723627500415887
2020-09-23 09:09:00,0.055667528401727395
2020-09-23 09:12:00,0.14675392294719813
2020-09-23 09:15:00,0.12623267601452426
2020-09-23 09:18:00,0.08896197946239681
2020-09-23 09:21:00,0.03041378808245554
2020-09-23 09:24:00,0.06976569544639233
2020-09-23 09:27:00,0.010122520595643891
2020-09-23 09:30:00,0.03299260975637708
2020-09-23 09:33:00,0.08776335516438394
2020-09-23 09:36:00,0.05625790716129586
2020-09-23 09:39:00,0.020205013371139557
2020-09-23 09:42:00,0.010884179070615119
2020-09-23 09:45:00,0.017564459420214007
2020-09-23 09:48:00,-0.061417959300399616
2020-09-23 09:51:00,-0.025890935918027935
2020-09-23 09:54:00,-0.04275068064652032
2020-09-23 09:57:00,-0.060687888138375
2020-09-23 10:00:00,-0.09732007423190225
2020-09-23 10:03:00,-0.1268110962657829
2020-09-23 10:06:00,-0.027387408362869792
2020-09-23 10:09:00,-0.02317459377235309
2020-09-23 10:12:00,-0.09643596734105131
2020-09-23 10:15:00,-0.06720999428927144
2020-09-23 10:18:00,-0.07027329463176102
2020-09-23 10:21:00,-0.14868467535239915
2020-09-23 10:24:00,-0.13872120377692454
2020-09-23 10:27:00,-0.10972055577957462
2020-09-23 10:30:00,-0.12016469587905476
2020-09-23 10:33:00,-0.11748917966946237
2020-09-23 10:36:00,-0.10940813718593745
2020-09-23 10:39:00,-0.1295823976595898
2020-09-23 10:42:00,-0.060727601086000504
2020-09-23 10:45:00,-0.1269882378278453
2020-09-23 10:48:00,-0.10550496392494324
2020-09-23 10:51:00,-0.11028666941382426
2020-09-23 10:54:00,-0.16887384998551624
2020-09-23 10:57:00,-0.1310519719463059
2020-09-23 11:00:00,-0.1004763931649677
2020-09-23 11:03:00,-0.1933344558282215
2020-09-23 11:06:00,-0.15199927826733983
2020-09-23 11:09:00,-0.16843853028342437
2020-09-23 11:12:00,-0.16223035180178158
2020-09-23 11:15:00,-0.2019994836839487
2020-09-23 11:18:00,-0.2071908357039547
2020-09-23 11:21:00,-0.14243653629881692
2020-09-23 11:24:00,-0.26365936467055917
2020-09-23 11:27:00,-0.2194681297028751
2020-09-23 11:30:00,-0.20295890426194774
2020-09-23 11:33:00,-0.17926425446614758
2020-09-23 11:36:00,-0.2003649962926488
2020-09-23 11:39:00,-0.2623367212243579
2020-09-23 11:42:00,-0.2962190885619407
2020-09-23 11:45:00,-0.2849162162643779
2020-09-23 11:48:00,-0.31187005151741687
2020-09-23 11:51:00,-0.2456931965002127
2020-09-23 11:54:00,-0.3236805938540783
2020-09-23 11:57:00,-0.306198715657672
2020-09-23 12:00:00,-0.31445073346441177
2020-09-23 12:03:00,-0.3431669200221563
2020-09-23 12:06:00,-0.34999566312131947
2020-09-23 12:09:00,-0.30538158880517585
2020-09-23 12:12:00,-0.2543261355567097
2020-09-23 12:15:00,-0.24600726817874374
2020-09-23 12:18:00,-0.312161850888117
2020-09-23 12:21:00,-0.2984817343433406
2020-09-23 12:24:00,-0.27090565204122186
2020-09-23 12:27:00,-0.31002127403428403
2020-09-23 12:30:00,-0.3369803175474999
2020-09-23 12:33:00,-0.24549999436055714
2020-09-23 12:36:00,-0.3203253437918079
2020-09-23 12:39:00,-0.41650162894688947
2020-09-23 12:42:00,-0.4352913711164774
2020-09-23 12:45:00,-0.30629628383576346
2020-09-23 12:48:00,-0.1475076612899784
2020-09-23 12:51:00,-0.2518179297749725
2020-09-23 12:54:00,-0.293055309735621
2020-09-23 12:57:00,-0.22243282575516332
2020-09-23 13:00:00,-0.34480253179651754
2020-09-23 13:03:00,-0.32283580369352194
2020-09-23 13:06:00,-0.25387601797609705
2020-09-23 13:09:00,-0.3014075534754852
2020-09-23 13:12:00,-0.2101518924932293
2020-09-23 13:15:00,-0.2277197650873859
2020-09-23 13:18:00,-0.2594776236339271
2020-09-23 13:21:00,-0.3381649249521388
2020-09-23 13:24:00,-0.33771430011421444
2020-09-23 13:27:00,-0.3330695627042246
2020-09-23 13:30:00,-0.24441154719107772
2020-09-23 13:33:00,-0.3079853299821025
2020-09-23 13:36:00,-0.3022349968245521
2020-09-23 13:39:00,-0.2970201129018051
2020-09-23 13:42:00,-0.3060608324613554
2020-09-23 13:45:00,-0.3410215891875623
2020-09-23 13:48:00,-0.2647421970272035
2020-09-23 13:51:00,-0.10599089035571296
2020-09-23 13:54:00,-0.1516654056242146
2020-09-23 13:57:00,-0.2453788979249225
2020-09-23 14:00:00,-0.28753160837896985
2020-09-23 14:03:00,-0.21407326220361256
2020-09-23 14:06:00,-0.3794868360342889
2020-09-23 14:09:00,-0.3941049751375658
2020-09-23 14:12:00,-0.26882509596055115
2020-09-23 14:15:00,-0.3636530679226553
2020-09-23 14:18:00,-0.35348728359343795
2020-09-23 14:21:00,-0.19705201451614585
2020-09-23 14:24:00,-0.08188180085170416
2020-09-23 14:27:00,-0.09423858928141726
2020-09-23 14:30:00,-0.1728365748010674
2020-09-23 14:33:00,-0.1867544020651053
2020-09-23 14:36:00,-0.2367998038166661
2020-09-23 14:39:00,-0.19854897944094319
2020-09-23 14:42:00,-0.2234258644439251
2020-09-23 14:45:00,-0.2391264203407104
2020-09-23 14:48:00,-0.27552324290400065
2020-09-23 14:51:00,-0.21660983550498258
2020-09-23 14:54:00,-0.2146929888929776
2020-09-23 14:57:00,-0.1410554743991952
2020-09-23 15:00:00,-0.09970531563237728
2020-09-23 15:03:00,-0.10898877478103941
2020-09-23 15:06:00,0.03493182046383936
2020-09-23 15:09:00,0.15153069587728396
2020-09-23 15:12:00,0.04352640429328858
2020-09-23 15:15:00,-0.05995959566394049
2020-09-23 15:18:00,0.017291332442084695
2020-09-23 15:21:00,-0.1123627001734917
2020-09-23 15:24:00,-0.16597718679656737
2020-09-23 15:27:00,-0.230462635964102
2020-09-23 15:30:00,-0.2017090541605171
2020-09-23 15:33:00,-0.169809875428939
2020-09-23 15:36:00,-0.1990435388008791
2020-09-23 15:39:00,-0.15391624945601734
2020-09-23 15:42:00,-0.2068554867353214
2020-09-23 15:45:00,-0.11687662636109053
2020-09-23 15:48:00,-0.19419082586921377
2020-09-23 15:51:00,-0.14991194064691626
2020-09-23 15:54:00,-0.10775890250010889
2020-09-23 15:57:00,-0.13721012194071136
2020-09-23 16:00:00,-0.17852095990349426
2020-09-23 16:03:00,-0.13473633757956804
2020-09-23 16:06:00,-0.08866096669629542
2020-09-23 16:09:00,-0.16030304209738233
2020-09-23 16:12:00,-0.12259417643252846
2020-09-23 16:15:00,-0.12912558189685797
2020-09-23 16:18:00,-0.0912126494862946
2020-09-23 16:21:00,-0.11871490288785935
2020-09-23 16:24:00,-0.13535151466004436
2020-09-23 16:27:00,-0.08327082342617587
2020-09-23 16:30:00,-0.12796413985211075
2020-09-23 16:33:00,-0.08451918685369719
2020-09-23 16:36:00,-0.14936886160489848
2020-09-23 16:39:00,-0.08869160982078483
2020-09-23 16:42:00,-0.13410709005319177
2020-09-23 16:45:00,-0.08279252986613983
2020-09-23 16:48:00,-0.08164397135533363
2020-09-23 16:51:00,-0.04917449511543737
2020-09-23 16:54:00,-0.05375942335774653
2020-09-23 16:57:00,-0.04585993284217693
2020-09-23 17:00:00,-0.028708243230823882
2020-09-23 17:03:00,-0.022879708964410383
2020-09-23 17:06:00,-0.03870611711835181
2020-09-23 17:09:00,-0.03638011649945838
2020-09-23 17:12:00,-0.09434329847266554
2020-09-23 17:15:00,-0.10891124335444147
2020-09-23 17:18:00,-0.0085303702282431
2020-09-23 17:21:00,-0.1364922118568188
2020-09-23 17:24:00,-0.11265643406687786
2020-09-23 17:27:00,-0.12538883753080654
2020-09-23 17:30:00,-0.13205497230092078
2020-09-23 17:33:00,-0.15571764050605452
2020-09-23 17:36:00,-0.12861831452033812
2020-09-23 17:39:00,-0.1392271455933951
2020-09-23 17:42:00,-0.09804227504946539
2020-09-23 17:45:00,-0.11685556865052149
2020-09-23 17:48:00,-0.1297160588370616
2020-09-23 17:51:00,-0.08578030916351054
2020-09-23 17:54:00,-0.10049758018737975
2020-09-23 17:57:00,-0.10805388109827163
2020-09-23 18:00:00,-0.09727774643755538
2020-09-23 18:03:00,-0.08984952508956212
2020-09-23 18:06:00,-0.1115724799009854
2020-09-23 18:09:00,-0.18327337483776773
2020-09-23 18:12:00,-0.08988151485527851
2020-09-23 18:15:00,-0.2056100736901385
2020-09-23 18:18:00,-0.12850589702412663
2020-09-23 18:21:00,-0.15237702155485522
2020-09-23 18:24:00,-0.19078739680924173
2020-09-23 18:27:00,-0.16416749990492008
2020-09-23 18:30:00,-0.17815311489096075
2020-09-23 18:33:00,-0.11938864102774005
2020-09-23 18:36:00,-0.14906835975602917
2020-09-23 18:39:00,-0.16228376624644625
2020-09-23 18:42:00,-0.14321636315344222
2020-09-23 18:45:00,-0.14147398769853226
2020-09-23 18:48:00,-0.09662088689697157
2020-09-23 18:51:00,-0.09798693281749138
2020-09-23 18:54:00,-0.10736575441143259
2020-09-23 18:57:00,
2020-09-23 19:00:00,
2020-09-23 19:03:00,-0.14678987942255617
2020-09-23 19:06:00,-0.16282288084744323
2020-09-23 19:09:00,-0.10955202222487515
2020-09-23 19:12:00,-0.11533145514556509
2020-09-23 19:15:00,-0.15191324364809589
2020-09-23 19:18:00,-0.07266169390078403
2020-09-23 19:21:00,-0.10698020456180757
2020-09-23 19:24:00,-0.16355902812301792
2020-09-23 19:27:00,-0.10127270980933645
2020-09-23 19:30:00,-0.03339731399870516
2020-09-23 19:33:00,-0.07018070419582045
2020-09-23 19:36:00,0.009815183785406134
2020-09-23 19:39:00,0.015744555667140503
2020-09-23 19:42:00,-0.036658507873085
2020-09-23 19:45:00,0.017156553477150283
2020-09-23 19:48:00,0.009715754407807253
2020-09-23 19:51:00,0.01771289693709832
2020-09-23 19:54:00,0.009744876429238047
2020-09-23 19:57:00,-0.04645639737299234
2020-09-23 20:00:00,-0.05360500453173245
2020-09-23 20:03:00,0.014955486304813803
2020-09-23 20:06:00,-0.017196589634522752
2020-09-23 20:09:00,0.017106091886319064
2020-09-23 20:12:00,0.0057230221532336145
2020-09-23 20:15:00,-0.007433410327053025
2020-09-23 20:18:00,-0.0017254668746886637
2020-09-23 20:21:00,0.05839468210007226
2020-09-23 20:24:00,0.07111292827897842
2020-09-23 20:27:00,0.05875048932847449
2020-09-23 20:30:00,-0.013211709123254423
2020-09-23 20:33:00,0.00831115373165403
2020-09-23 20:36:00,0.024346413316720827
2020-09-23 20:39:00,-0.004957955019960991
2020-09-23 20:42:00,0.024736387879727317
2020-09-23 20:45:00,0.05029253527771971
2020-09-23 20:48:00,0.046263206979404004
2020-09-23 20:51:00,0.06342674513700786
2020-09-23 20:54:00,0.04064821717850009
2020-09-23 20:57:00,0.049582778363742364
2020-09-23 21:00:00,0.022331932264194165
2020-09-23 21:03:00,0.011235660310944695
2020-09-23 21:06:00,0.04765914518588943
2020-09-23 21:09:00,0.10736987567139522
2020-09-23 21:12:00,0.07956212933851248
2020-09-23 21:15:00,0.07648168417159695
2020-09-23 21:18:00,0.05305034069766634
2020-09-23 21:21:00,0.05631739619559539
2020-09-23 21:24:00,0.054281461711752854
2020-09-23 21:27:00,0.0653960173593191
2020-09-23 21:30:00,0.05682060938198674
2020-09-23 21:33:00,0.013749306936745143
2020-09-23 21:36:00,0.054425630358082344
2020-09-23 21:39:00,0.09817443100297396
2020-09-23 21:42:00,0.04245438497264331
2020-09-23 21:45:00,0.017388003154053422
2020-09-23 21:48:00,0.07698969349536355
2020-09-23 21:51:00,0.061963903765217765
2020-09-23 21:54:00,0.0526702437019253
2020-09-23 21:57:00,0.08497962833132533
2020-09-23 22:00:00,0.04607669627722544
2020-09-23 22:03:00,0.05467035119067987
2020-09-23 22:06:00,0.0035140554151666947
2020-09-23 22:09:00,0.08844604442043646
2020-09-23 22:12:00,0.029116684742916732
2020-09-23 22:15:00,0.07266863663562617
2020-09-23 22:18:00,0.07140137055830564
2020-09-23 22:21:00,-0.026524920499809923
2020-09-23 22:24:00,0.10199004476396567
2020-09-23 22:27:00,0.07587320445713885
2020-09-23 22:30:00,0.08804177367471766
2020-09-23 22:33:00,0.08311875147120418
2020-09-23 22:36:00,0.07795728278796332
2020-09-23 22:39:00,0.02490039780582265
2020-09-23 22:42:00,0.022528391645550983
2020-09-23 22:45:00,0.039493230924961154
2020-09-23 22:48:00,0.09305180725129958
2020-09-23 22:51:00,0.14710059434099776
2020-09-23 22:54:00,0.13829822668492397
2020-09-23 22:57:00,0.1681531036925321
2020-09-23 23:00:00,0.18295546371075488
2020-09-23 23:03:00,0.09444184163106684
2020-09-23 23:06:00,0.1152856956784376
2020-09-23 23:09:00,0.0850274980984409
2020-09-23 23:12:00,0.16882564971427882
2020-09-23 23:15:00,0.08952430323108729
2020-09-23 23:18:00,0.10873078768935329
2020-09-23 23:21:00,0.09772012901248672
2020-09-23 23:24:00,0.0014773229881939187
2020-09-23 23:27:00,0.07976768543971957
2020-09-23 23:30:00,0.06690824673592033
2020-09-23 23:33:00,0.11908503667308423
2020-09-23 23:36:00,0.06869531019651731
2020-09-23 23:39:00,0.09536113782996836
2020-09-23 23:42:00,0.07994342145485689
2020-09-23 23:45:00,0.11867739984830905
2020-09-23 23:48:00,0.1355834948569168
2020-09-23 23:51:00,0.12629965881558292
2020-09-23 23:54:00,0.084398987825125
2020-09-23 23:57:00,0.08505775553908279
2020-09-24 00:00:00,0.1540979992381608
2020-09-24 00:03:00,0.13838760645722914
2020-09-24 00:06:00,0.10416231901177753
2020-09-24 00:09:00,0.10737081953442384
2020-09-24 00:12:00,0.05142256653266486
2020-09-24 00:15:00,0.1769820357037588
2020-09-24 00:18:00,0.12924137569274308
2020-09-24 00:21:00,0.13400317165252318
2020-09-24 00:24:00,0.12786850245129244
2020-09-24 00:27:00,0.0716945511107383
2020-09-24 00:30:00,0.13606068484858724
2020-09-24 00:33:00,0.14517441877546844
2020-09-24 00:36:00,0.12478805887525368
2020-09-24 00:39:00,0.11538342988160366
2020-09-24 00:42:00,0.07000328811290046
2020-09-24 00:45:00,0.13608556051565301
2020-09-24 00:48:00,0.128955019449279
2020-09-24 00:51:00,0.09847742706551799
2020-09-24 00:54:00,0.1132873885128447
2020-09-24 00:57:00,0.14977341998934435
2020-09-24 01:00:00,0.11557762006441408
2020-09-24 01:03:00,0.183964724622399
2020-09-24 01:06:00,0.16129817541968805
2020-09-24 01:09:00,0.1504088425888881
2020-09-24 01:12:00,0.15118455396083164
2020-09-24 01:15:00,0.21151977998925986
2020-09-24 01:18:00,0.213943773712856
2020-09-24 01:21:00,0.1833637329574458
2020-09-24 01:24:00,0.1970916566425558
2020-09-24 01:27:00,0.15075974522233082
2020-09-24 01:30:00,0.1909892632504011
2020-09-24 01:33:00,0.11236111749866495
2020-09-24 01:36:00,0.15195306473952996
2020-09-24 01:39:00,0.15585945594034456
2020-09-24 01:42:00,0.17348893001201304
2020-09-24 01:45:00,0.1530944998652899
2020-09-24 01:48:00,0.1118058899748462
2020-09-24 01:51:00,0.17698190257056012
2020-09-24 01:54:00,0.0691026284452505
2020-09-24 01:57:00,0.1302405502090096
2020-09-24 02:00:00,0.1271413253353444
2020-09-24 02:03:00,0.13698552653750085
2020-09-24 02:06:00,0.1327284309797392
2020-09-24 02:09:00,0.08581725027187304
2020-09-24 02:12:00,0.13031207784223398
2020-09-24 02:15:00,0.15680641085407387
2020-09-24 02:18:00,0.1351688858895841
2020-09-24 02:21:00,0.13217567929149254
2020-09-24 02:24:00,0.11177133634532765
2020-09-24 02:27:00,0.11948115310258345
2020-09-24 02:30:00,0.10792560290059328
2020-09-24 02:33:00,0.033569047905814386
2020-09-24 02:36:00,0.16815991666135233
2020-09-24 02:39:00,0.14984307095897975
2020-09-24 02:42:00,0.17166604296647847
2020-09-24 02:45:00,0.11619150057811112
2020-09-24 02:48:00,0.12334744243253226
2020-09-24 02:51:00,0.12706479948326432
2020-09-24 02:54:00,0.15844289941134093
2020-09-24 02:57:00,0.11093249587480614
2020-09-24 03:00:00,0.15436239138227847
2020-09-24 03:03:00,0.08003533374971994
2020-09-24 03:06:00,0.09903842409852359
2020-09-24 03:09:00,0.18311259605638952
2020-09-24 03:12:00,0.10076112976634022
2020-09-24 03:15:00,0.16942480837980156
2020-09-24 03:18:00,0.1252725195132598
2020-09-24 03:21:00,0.08410878764789231
2020-09-24 03:24:00,0.20382986189628127
2020-09-24 03:27:00,0.09305053727115364
2020-09-24 03:30:00,0.061310760097001094
2020-09-24 03:33:00,0.14932268024756468
2020-09-24 03:36:00,0.1597813739792855
2020-09-24 03:39:00,0.08576876055258253
2020-09-24 03:42:00,0.13315757539089645
2020-09-24 03:45:00,0.16515138485448233
2020-09-24 03:48:00,0.13598645543032717
2020-09-24 03:51:00,0.16821769129632003
2020-09-24 03:54:00,0.19496064196982843
2020-09-24 03:57:00,0.19411401242433612
2020-09-24 04:00:00,0.16211343555704616
2020-09-24 04:03:00,0.13968016411519102
2020-09-24 04:06:00,0.05617871369071281
2020-09-24 04:09:00,0.07579406701023572
2020-09-24 04:12:00,0.14238634313909415
2020-09-24 04:15:00,0.1132504130620191
2020-09-24 04:18:00,0.21698288529461252
2020-09-24 04:21:00,0.24829240300903166
2020-09-24 04:24:00,0.24096781314187865
2020-09-24 04:27:00,0.2528878730541919
2020-09-24 04:30:00,0.18724386800653292
2020-09-24 04:33:00,0.23001111019794962
2020-09-24 04:36:00,0.2549915105694254
2020-09-24 04:39:00,0.22328456698227228
2020-09-24 04:42:00,0.2964245624082764
2020-09-24 04:45:00,0.32681032388262565
2020-09-24 04:48:00,0.3881083894163453
2020-09-24 04:51:00,0.34456658760473147
2020-09-24 04:54:00,0.28520559850284144
2020-09-24 04:57:00,0.3473185615078478
2020-09-24 05:00:00,0.3160305005174564
2020-09-24 05:03:00,0.2696477567082525
2020-09-24 05:06:00,0.21786492948945124
2020-09-24 05:09:00,0.29898157508029044
2020-09-24 05:12:00,0.26381322211642555
2020-09-24 05:15:00,0.33406825889034053
2020-09-24 05:18:00,0.24401096536837485
2020-09-24 05:21:00,0.22640833728769394
2020-09-24 05:24:00,0.09233138199090263
2020-09-24 05:27:00,0.24759906886134786
2020-09-24 05:30:00,0.1869038030877732
2020-09-24 05:33:00,0.2037972206427412
2020-09-24 05:36:00,0.2418240532732625
2020-09-24 05:39:00,0.2427752301442183
2020-09-24 05:42:00,0.2726484084521985
2020-09-24 05:45:00,0.2540377112019314
2020-09-24 05:48:00,0.19998357384713472
2020-09-24 05:51:00,0.1805646937950769
2020-09-24 05:54:00,0.19555787154678228
2020-09-24 05:57:00,0.27107202174204303
2020-09-24 06:00:00,0.2534093955046046
2020-09-24 06:03:00,0.27038886553719976
2020-09-24 06:06:00,0.17939336354612578
2020-09-24 06:09:00,0.2311599873008845
2020-09-24 06:12:00,0.18088499534354696
2020-09-24 06:15:00,0.17020792143620156
2020-09-24 06:18:00,0.24786429194222137
2020-09-24 06:21:00,0.15300268352768853
2020-09-24 06:24:00,0.2414554438589107
2020-09-24 06:27:00,0.22719608186002915
2020-09-24 06:30:00,0.24330891372807173
2020-09-24 06:33:00,0.2716639429709744
2020-09-24 06:36:00,0.24475542442621645
2020-09-24 06:39:00,0.23725710480204043
2020-09-24 06:42:00,0.29784832293574937
2020-09-24 06:45:00,0.35789578561781354
2020-09-24 06:48:00,0.3524158401319255
2020-09-24 06:51:00,0.33114463618795753
2020-09-24 06:54:00,0.37974570089039617
2020-09-24 06:57:00,0.36151310397087855
2020-09-24 07:00:00,0.4736082406496962
2020-09-24 07:03:00,0.43427398762753455
2020-09-24 07:06:00,0.43145029267930113
2020-09-24 07:09:00,0.4160211766709949
2020-09-24 07:12:00,0.430679855377889
2020-09-24 07:15:00,0.47488560784336187
2020-09-24 07:18:00,0.36088622450273533
2020-09-24 07:21:00,0.3934798755321367
2020-09-24 07:24:00,0.33957022900557376
2020-09-24 07:27:00,0.3713939089290079
2020-09-24 07:30:00,0.32491136842162405
2020-09-24 07:33:00,0.34369184725818513
2020-09-24 07:36:00,0.34690662065946754
2020-09-24 07:39:00,0.39090575571282216
2020-09-24 07:42:00,0.29337761172990895
2020-09-24 07:45:00,0.35061141531514295
2020-09-24 07:48:00,0.28237067653446957
2020-09-24 07:51:00,0.335812599517908
2020-09-24 07:54:00,0.3403360140644054
2020-09-24 07:57:00,0.3199811521859033
2020-09-24 08:00:00,0.3664640219971602
2020-09-24 08:03:00,0.2952698149540538
2020-09-24 08:06:00,0.3092546759091306
2020-09-24 08:09:00,0.3614574293158057
2020-09-24 08:12:00,0.3258434331184503
2020-09-24 08:15:00,0.30292496919594214
2020-09-24 08:18:00,0.33473305725090086
2020-09-24 08:21:00,0.2932396314419634
2020-09-24 08:24:00,0.3367028506982024
2020-09-24 08:27:00,0.3534638103855059
2020-09-24 08:30:00,0.29960672317184844
2020-09-24 08:33:00,0.32647776820965646
2020-09-24 08:36:00,0.27629681295326236
2020-09-24 08:39:00,0.25742190605268434
2020-09-24 08:42:00,0.27001725741308746
2020-09-24 08:45:00,0.3097729772027833
2020-09-24 08:48:00,0.2857565351564517
2020-09-24 08:51:00,0.22771661948280553
2020-09-24 08:54:00,0.23124246126457138
2020-09-24 08:57:00,0.2727533978979295
2020-09-24 09:00:00,0.24495905151201214
2020-09-24 09:03:00,0.29476906272549286
2020-09-24 09:06:00,0.21785387705642734
2020-09-24 09:09:00,0.20640857956027503
2020-09-24 09:12:00,0.14529042038816442
2020-09-24 09:15:00,0.17114402985936294
2020-09-24 09:18:00,0.18948978513355996
2020-09-24 09:21:00,0.12818312486058403
2020-09-24 09:24:00,0.12572714881849834
2020-09-24 09:27:00,0.1069151948365743
2020-09-24 09:30:00,0.08389576905051399
2020-09-24 09:33:00,0.07088703150628817
2020-09-24 09:36:00,0.13450461021864157
2020-09-24 09:39:00,0.12142559370681738
2020-09-24 09:42:00,-0.01030183568383336
2020-09-24 09:45:00,0.01845391993128942
2020-09-24 09:48:00,-0.010961046928002816
2020-09-24 09:51:00,-0.03731315045797601
2020-09-24 09:54:00,-0.0662317276269846
2020-09-24 09:57:00,-0.022913853374177506
2020-09-24 10:00:00,0.01170257821075893
2020-09-24 10:03:00,-0.011934643584027071
2020-09-24 10:06:00,-0.09276050308312733
2020-09-24 10:09:00,-0.13138244082000483
2020-09-24 10:12:00,-0.09567238716073234
2020-09-24 10:15:00,-0.14628437711036213
2020-09-24 10:18:00,-0.12177316583307629
2020-09-24 10:21:00,-0.11632947595728638
2020-09-24 10:24:00,-0.14331402224945577
2020-09-24 10:27:00,-0.12839907755864033
2020-09-24 10:30:00,-0.20320528807798155
2020-09-24 10:33:00,-0.170664722198012
2020-09-24 10:36:00,-0.2306845401813007
2020-09-24 10:39:00,-0.20386294368893232
2020-09-24 10:42:00,-0.29931137347875847
2020-09-24 10:45:00,-0.28321501875240074
2020-09-24 10:48:00,-0.27614405361407535
2020-09-24 10:51:00,-0.3043042927195643
2020-09-24 10:54:00,-0.2757032581714043
2020-09-24 10:57:00,-0.21088075656018646
2020-09-24 11:00:00,-0.2879659779206918
2020-09-24 11:03:00,-0.17178124170595765
2020-09-24 11:06:00,-0.24418671120213276
2020-09-24 11:09:00,-0.2747945576026041
2020-09-24 11:12:00,-0.17389215172210015
2020-09-24 11:15:00,-0.29463361386660836
2020-09-24 11:18:00,-0.2705550431928714
2020-09-24 11:21:00,-0.18741627226972923
2020-09-24 11:24:00,-0.06902904108426355
2020-09-24 11:27:00,-0.13868627727799776
2020-09-24 11:30:00,-0.19654080332242074
2020-09-24 11:33:00,-0.36719129280953666
2020-09-24 11:36:00,-0.3471373602928338
2020-09-24 11:39:00,-0.3227763818617291
2020-09-24 11:42:00,-0.3960459013563309
2020-09-24 11:45:00,-0.3481475404117873
2020-09-24 11:48:00,-0.4062448269115748
2020-09-24 11:51:00,-0.37145577497472004
2020-09-24 11:54:00,-0.24482363647888405
2020-09-24 11:57:00,-0.4299738753165343
2020-09-24 12:00:00,-0.41042900667889626
2020-09-24 12:03:00,-0.4072672193771609
2020-09-24 12:06:00,-0.41694423556924676
2020-09-24 12:09:00,-0.5306029298376984
2020-09-24 12:12:00,-0.4703123283399009
2020-09-24 12:15:00,-0.43240774783811275
2020-09-24 12:18:00,-0.4480944232261663
2020-09-24 12:21:00,-0.42009966757564143
2020-09-24 12:24:00,-0.37813714248284214
2020-09-24 12:27:00,-0.3616757319849171
2020-09-24 12:30:00,-0.5436155806199281
2020-09-24 12:33:00,-0.451147978509141
2020-09-24 12:36:00,-0.5231641584946942
2020-09-24 12:39:00,-0.5014327558396872
2020-09-24 12:42:00,-0.45226178999894273
2020-09-24 12:45:00,-0.5024920911722006
2020-09-24 12:48:00,-0.4997720519614859
2020-09-24 12:51:00,-0.46256250292572076
2020-09-24 12:54:00,-0.3357035516033875
2020-09-24 12:57:00,-0.31225375320059356
2020-09-24 13:00:00,-0.3174699051796779
2020-09-24 13:03:00,-0.4242438174081826
2020-09-24 13:06:00,-0.4916541187328676
2020-09-24 13:09:00,-0.4925027053420763
2020-09-24 13:12:00,-0.4656913321634306
2020-09-24 13:15:00,-0.5410359616337814
2020-09-24 13:18:00,-0.39410965957438293
2020-09-24 13:21:00,-0.3375254809805597
2020-09-24 13:24:00,-0.45274917651727264
2020-09-24 13:27:00,-0.4872476812411719
2020-09-24 13:30:00,-0.4675439262505279
2020-09-24 13:33:00,-0.37410536840440045
2020-09-24 13:36:00,-0.37577100843293465
2020-09-24 13:39:00,-0.3139648333977334
2020-09-24 13:42:00,-0.45230865158407596
2020-09-24 13:45:00,-0.49609045205096436
2020-09-24 13:48:00,-0.4281744308195812
2020-09-24 13:51:00,-0.4469767126851707
2020-09-24 13:54:00,-0.47377788043587543
2020-09-24 13:57:00,-0.4517611188234696
2020-09-24 14:00:00,-0.48601069924785634
2020-09-24 14:03:00,-0.3465790957556578
2020-09-24 14:06:00,-0.4459376806803448
2020-09-24 14:09:00,-0.4472831970840616
2020-09-24 14:12:00,-0.4968044923730872
2020-09-24 14:15:00,-0.5440062766506344
2020-09-24 14:18:00,-0.47957477791311476
2020-09-24 14:21:00,-0.5175813074160374
2020-09-24 14:24:00,-0.4785148806051325
2020-09-24 14:27:00,-0.34264410185164706
2020-09-24 14:30:00,-0.4124537767086167
2020-09-24 14:33:00,-0.36009082094363976
2020-09-24 14:36:00,-0.3776613735466299
2020-09-24 14:39:00,-0.4814121539981784
2020-09-24 14:42:00,-0.31362616533630217
2020-09-24 14:45:00,-0.4682322824554035
2020-09-24 14:48:00,-0.4165263599627451
2020-09-24 14:51:00,-0.46206623944414105
2020-09-24 14:54:00,-0.49276473391824993
2020-09-24 14:57:00,-0.501579162021585
2020-09-24 15:00:00,-0.49942082036329793
2020-09-24 15:03:00,-0.4682934027406418
2020-09-24 15:06:00,-0.41750793421653043
2020-09-24 15:09:00,-0.5452495543819964
2020-09-24 15:12:00,-0.47792830466431724
2020-09-24 15:15:00,-0.545027536333464
2020-09-24 15:18:00,-0.4641184641144491
2020-09-24 15:21:00,-0.5880272364730672
2020-09-24 15:24:00,-0.46277685633776855
2020-09-24 15:27:00,-0.5031494966997911
2020-09-24 15:30:00,-0.4907579708283265
2020-09-24 15:33:00,-0.47921832006085197
2020-09-24 15:36:00,-0.48578467072997
2020-09-24 15:39:00,-0.4191516923654035
2020-09-24 15:42:00,-0.4663204083492474
2020-09-24 15:45:00,-0.490729993211346
2020-09-24 15:48:00,-0.40207266340871683
2020-09-24 15:51:00,-0.5096138516947804
2020-09-24 15:54:00,-0.4344647457327824
2020-09-24 15:57:00,-0.48192599885294385
2020-09-24 16:00:00,-0.457886501158157
2020-09-24 16:03:00,-0.4484817218607873
2020-09-24 16:06:00,-0.4461870956916414
2020-09-24 16:09:00,-0.38809816215797355
2020-09-24 16:12:00,-0.43904559377494934
2020-09-24 16:15:00,-0.5510949073723168
2020-09-24 16:18:00,-0.49713962675065204
2020-09-24 16:21:00,-0.4462950906083165
2020-09-24 16:24:00,-0.4463997457978621
2020-09-24 16:27:00,-0.5241331423953284
2020-09-24 16:30:00,-0.49356113847881034
2020-09-24 16:33:00,-0.41191449282268877
2020-09-24 16:36:00,-0.45346267880540836
2020-09-24 16:39:00,-0.4489612984858695
2020-09-24 16:42:00,-0.41072223635325145
2020-09-24 16:45:00,-0.4162726401806367
2020-09-24 16:48:00,-0.47197798108715006
2020-09-24 16:51:00,-0.4312372727442835
2020-09-24 16:54:00,-0.406715071451174
2020-09-24 16:57:00,-0.41696792554654394
2020-09-24 17:00:00,-0.45352995194838286
2020-09-24 17:03:00,-0.4205074830993567
2020-09-24 17:06:00,-0.45899151280127626
2020-09-24 17:09:00,-0.536488955867469
2020-09-24 17:12:00,-0.4788913144166145
2020-09-24 17:15:00,-0.48243079377965614
2020-09-24 17:18:00,-0.5901521543622721
2020-09-24 17:21:00,-0.48043515160281913
2020-09-24 17:24:00,-0.4854205625046575
2020-09-24 17:27:00,-0.46142381536964194
2020-09-24 17:30:00,-0.39424389982747243
2020-09-24 17:33:00,-0.41787960068853636
2020-09-24 17:36:00,-0.4314243277324863
2020-09-24 17:39:00,-0.3691809493801088
2020-09-24 17:42:00,-0.35350355645744
2020-09-24 17:45:00,-0.3782755935875457
2020-09-24 17:48:00,-0.40807928663031134
2020-09-24 17:51:00,-0.42418092454903444
2020-09-24 17:54:00,-0.31724722480618084
2020-09-24 17:57:00,-0.29668694790382233
2020-09-24 18:00:00,-0.2461798419070078
2020-09-24 18:03:00,-0.24513916965833005
2020-09-24 18:06:00,-0.23340000355517532
2020-09-24 18:09:00,-0.27347342619663095
2020-09-24 18:12:00,-0.2646339567057794
2020-09-24 18:15:00,-0.24955242960231772
2020-09-24 18:18:00,-0.12548329075229958
2020-09-24 18:21:00,-0.2172786263380999
2020-09-24 18:24:00,-0.1676635707626133
2020-09-24 18:27:00,-0.08272103841142098
2020-09-24 18:30:00,-0.1633518931907929
2020-09-24 18:33:00,-0.16997119835838248
2020-09-24 18:36:00,-0.1345434636320988
2020-09-24 18:39:00,-0.15163908427661
2020-09-24 18:42:00,-0.1528574220491805
2020-09-24 18:45:00,-0.17576608175335195
2020-09-24 18:48:00,-0.1227617629958786
2020-09-24 18:51:00,-0.18037619042996766
2020-09-24 18:54:00,-0.2230431684546943
2020-09-24 18:57:00,
2020-09-24 19:00:00,
2020-09-24 19:03:00,-0.1873469746191745
2020-09-24 19:06:00,-0.1473113525472627
2020-09-24 19:09:00,-0.14448319830944456
2020-09-24 19:12:00,-0.13331240519630683
2020-09-24 19:15:00,-0.05243589589832709
2020-09-24 19:18:00,-0.07445003537930006
2020-09-24 19:21:00,-0.04366229052146764
2020-09-24 19:24:00,-0.032618635574124255
2020-09-24 19:27:00,-0.08099315513470629
2020-09-24 19:30:00,-0.06202292622941741
2020-09-24 19:33:00,0.012506265382455695
2020-09-24 19:36:00,-0.09390645085227334
2020-09-24 19:39:00,-0.047734531783930834
2020-09-24 19:42:00,-0.05384837898702699
2020-09-24 19:45:00,-0.1163720730646105
2020-09-24 19:48:00,-0.08841363042978401
2020-09-24 19:51:00,-0.042722728611806815
2020-09-24 19:54:00,-0.06457709556946156
2020-09-24 19:57:00,-0.14612531671491524
2020-09-24 20:00:00,-0.12240468224490542
2020-09-24 20:03:00,-0.14598775834338085
2020-09-24 20:06:00,-0.06145989539720631
2020-09-24 20:09:00,-0.12793722704509491
2020-09-24 20:12:00,-0.09456143594610467
2020-09-24 20:15:00,-0.09576355809895176
2020-09-24 20:18:00,-0.042450412006814986
2020-09-24 20:21:00,-0.11869550929600337
2020-09-24 20:24:00,-0.04058392149977408
2020-09-24 20:27:00,-0.1349211740838996
2020-09-24 20:30:00,-0.03885767278222829
2020-09-24 20:33:00,-0.026327599428043413
2020-09-24 20:36:00,-0.02619827019253762
2020-09-24 20:39:00,-0.009821544468820775
2020-09-24 20:42:00,0.0052590113558039775
2020-09-24 20:45:00,-0.08048714945647362
2020-09-24 20:48:00,-0.05169050168649392
2020-09-24 20:51:00,-0.0835057027695143
2020-09-24 20:54:00,-0.07915395136086545
2020-09-24 20:57:00,-0.0378508619025979
2020-09-24 21:00:00,-0.055508819915701224
2020-09-24 21:03:00,-0.03893368276175124
2020-09-24 21:06:00,-0.019441417848895526
2020-09-24 21:09:00,-0.01163228047710163
2020-09-24 21:12:00,-0.02571786678015542
2020-09-24 21:15:00,-0.00039083207872181447
2020-09-24 21:18:00,0.03072477340151636
2020-09-24 21:21:00,-0.004736173674928068
2020-09-24 21:24:00,-0.015025382872352111
2020-09-24 21:27:00,-0.029802395371063994
2020-09-24 21:30:00,-0.07649018495044402
2020-09-24 21:33:00,-0.09951544459181605
2020-09-24 21:36:00,-0.049429481320203195
2020-09-24 21:39:00,-0.06441243869670643
2020-09-24 21:42:00,-0.033047011478231525
2020-09-24 21:45:00,-0.0566883658150914
2020-09-24 21:48:00,-0.04784217022614712
2020-09-24 21:51:00,-0.05197593662012423
2020-09-24 21:54:00,-0.08466968143773101
2020-09-24 21:57:00,-0.049575712167609254
2020-09-24 22:00:00,0.01432221816389756
2020-09-24 22:03:00,-0.028991457002462084
2020-09-24 22:06:00,-0.04047043554294305
2020-09-24 22:09:00,-0.042919444332540024
2020-09-24 22:12:00,-0.0312366916314204
2020-09-24 22:15:00,-0.10111870152513802
2020-09-24 22:18:00,-0.11591874958850212
2020-09-24 22:21:00,-0.06836325183508052
2020-09-24 22:24:00,-0.04584468934575625
2020-09-24 22:27:00,-0.006154235663700547
2020-09-24 22:30:00,-0.057272560427918506
2020-09-24 22:33:00,0.033579503430928526
2020-09-24 22:36:00,-0.0632789010512056
2020-09-24 22:39:00,-0.013189571107716347
2020-09-24 22:42:00,-0.04684811627993213
2020-09-24 22:45:00,-0.020797674274774636
2020-09-24 22:48:00,0.002332107205916145
2020-09-24 22:51:00,-0.026948960065965366
2020-09-24 22:54:00,-0.014837640784833184
2020-09-24 22:57:00,0.01851902742356515
2020-09-24 23:00:00,0.1058379736086863
2020-09-24 23:03:00,0.030539754509447903
2020-09-24 23:06:00,0.021420131459024105
2020-09-24 23:09:00,0.03042176241518746
2020-09-24 23:12:00,-0.02475546052386335
2020-09-24 23:15:00,-0.02437382097605223
2020-09-24 23:18:00,0.05113519311123582
2020-09-24 23:21:00,0.003085717600527005
2020-09-24 23:24:00,0.037030040092190575
2020-09-24 23:27:00,0.03671186261118464
2020-09-24 23:30:00,-0.07189787809238624
2020-09-24 23:33:00,0.02677953318766413
2020-09-24 23:36:00,0.0346448106505477
2020-09-24 23:39:00,-0.011186654934476792
2020-09-24 23:42:00,0.018769052315633417
2020-09-24 23:45:00,0.11329589599341716
2020-09-24 23:48:00,0.05460336816014433
2020-09-24 23:51:00,0.10391559850495469
2020-09-24 23:54:00,0.11314119962923996
2020-09-24 23:57:00,0.05322182120568186
2020-09-25 00:00:00,0.10087265973561443
2020-09-25 00:03:00,0.07538047496956324
2020-09-25 00:06:00,0.08304441275117824
2020-09-25 00:09:00,0.052275341981271595
2020-09-25 00:12:00,0.06598610959690632
2020-09-25 00:15:00,0.013674446490995251
2020-09-25 00:18:00,0.08729424267903596
2020-09-25 00:21:00,0.03463862308348098
2020-09-25 00:24:00,0.011104922691174579
2020-09-25 00:27:00,0.015682613095123088
2020-09-25 00:30:00,0.0036618713726284113
2020-09-25 00:33:00,0.07109845349430088
2020-09-25 00:36:00,0.08029481878230627
2020-09-25 00:39:00,0.07345872315869428
2020-09-25 00:42:00,0.05991689479071738
2020-09-25 00:45:00,0.07004516284416695
2020-09-25 00:48:00,0.0401901727659606
2020-09-25 00:51:00,0.08061140756154828
2020-09-25 00:54:00,0.07451200374555356
2020-09-25 00:57:00,0.06276699210565084
2020-09-25 01:00:00,0.06487031034782831
2020-09-25 01:03:00,0.060001225921212153
2020-09-25 01:06:00,0.10894168913335989
2020-09-25 01:09:00,0.08602865237691049
2020-09-25 01:12:00,0.14650239949742172
2020-09-25 01:15:00,0.07377322737710301
2020-09-25 01:18:00,0.041320137580498795
2020-09-25 01:21:00,0.15294170476533964
2020-09-25 01:24:00,0.11572112194454576
2020-09-25 01:27:00,0.07077344643107608
2020-09-25 01:30:00,0.1358877218043517
2020-09-25 01:33:00,0.06694405421177407
2020-09-25 01:36:00,0.11677267213042342
2020-09-25 01:39:00,0.1936468189860534
2020-09-25 01:42:00,0.08281629834772275
2020-09-25 01:45:00,0.1506396757770858
2020-09-25 01:48:00,0.1244332968846038
2020-09-25 01:51:00,0.0876607586199043
2020-09-25 01:54:00,0.089829422724506
2020-09-25 01:57:00,0.14491151391911217
2020-09-25 02:00:00,0.101284219584727
2020-09-25 02:03:00,0.09966300419660001
2020-09-25 02:06:00,0.14811484672947017
2020-09-25 02:09:00,0.08553145952674868
2020-09-25 02:12:00,0.12074141976449937
2020-09-25 02:15:00,0.11934682989999601
2020-09-25 02:18:00,0.06592820857093784
2020-09-25 02:21:00,0.10039861402680117
2020-09-25 02:24:00,0.0839984579074553
2020-09-25 02:27:00,0.11223367220571845
2020-09-25 02:30:00,0.11163500839933249
2020-09-25 02:33:00,0.16911223608900627
2020-09-25 02:36:00,0.20395877245891825
2020-09-25 02:39:00,0.1298933251798644
2020-09-25 02:42:00,0.14640898889376786
2020-09-25 02:45:00,0.17227246661423123
2020-09-25 02:48:00,0.14031984659646923
2020-09-25 02:51:00,0.10073656701479194
2020-09-25 02:54:00,0.19217677317141124
2020-09-25 02:57:00,0.14957724685041285
2020-09-25 03:00:00,0.1707782229605641
2020-09-25 03:03:00,0.19745016595601328
2020-09-25 03:06:00,0.17243305801912356
2020-09-25 03:09:00,0.16609274949445307
2020-09-25 03:12:00,0.12706921100505042
2020-09-25 03:15:00,0.17413847869113397
2020-09-25 03:18:00,0.14304317362643815
2020-09-25 03:21:00,0.20496717977692924
2020-09-25 03:24:00,0.16248474850920047
2020-09-25 03:27:00,0.1873230169730391
2020-09-25 03:30:00,0.1501883532667989
2020-09-25 03:33:00,0.14594054398918388
2020-09-25 03:36:00,0.1956651187352918
2020-09-25 03:39:00,0.1917590697943865
2020-09-25 03:42:00,0.18008534470141058
2020-09-25 03:45:00,0.19445874905790106
2020-09-25 03:48:00,0.26025291956642604
2020-09-25 03:51:00,0.19159282707391867
2020-09-25 03:54:00,0.21799165785603236
2020-09-25 03:57:00,0.23492104760345
2020-09-25 04:00:00,0.1846499871786591
2020-09-25 04:03:00,0.18270536865981057
2020-09-25 04:06:00,0.18094869684591686
2020-09-25 04:09:00,0.17995632448827337
2020-09-25 04:12:00,0.19630934353421026
2020-09-25 04:15:00,0.17242797620002648
2020-09-25 04:18:00,0.17108081026776745
2020-09-25 04:21:00,0.246495984260946
2020-09-25 04:24:00,0.18939109629673112
2020-09-25 04:27:00,0.23610931331040774
2020-09-25 04:30:00,0.16911169357354083
2020-09-25 04:33:00,0.16971527582148838
2020-09-25 04:36:00,0.23510986723579208
2020-09-25 04:39:00,0.259806022195221
2020-09-25 04:42:00,0.20893813581108134
2020-09-25 04:45:00,0.2862809600653691
2020-09-25 04:48:00,0.29105220712824575
2020-09-25 04:51:00,0.2745146591421985
2020-09-25 04:54:00,0.2585572327693626
2020-09-25 04:57:00,0.28409091395172936
2020-09-25 05:00:00,0.201724925301221
2020-09-25 05:03:00,0.27715952659627874
2020-09-25 05:06:00,0.23442695953019665
2020-09-25 05:09:00,0.22057223011017868
2020-09-25 05:12:00,0.2415162789342844
2020-09-25 05:15:00,0.28848623392798345
2020-09-25 05:18:00,0.24598028471808675
2020-09-25 05:21:00,0.20155170747551665
2020-09-25 05:24:00,0.2906870880612473
2020-09-25 05:27:00,0.23714129583203203
2020-09-25 05:30:00,0.27392576064909235
2020-09-25 05:33:00,0.23665036941423523
2020-09-25 05:36:00,0.29583930602541386
2020-09-25 05:39:00,0.2444837077546822
2020-09-25 05:42:00,0.3122912793481305
2020-09-25 05:45:00,0.2980295994590847
2020-09-25 05:48:00,0.29892081408240756
2020-09-25 05:51:00,0.2433553768645993
2020-09-25 05:54:00,0.2877603383224141
2020-09-25 05:57:00,0.24308616436888997
2020-09-25 06:00:00,0.25058294299350337
2020-09-25 06:03:00,0.2983207242925232
2020-09-25 06:06:00,0.26000574684189814
2020-09-25 06:09:00,0.24869323411610367
2020-09-25 06:12:00,0.272477949660356
2020-09-25 06:15:00,0.3158106620189187
2020-09-25 06:18:00,0.26763869717154876
2020-09-25 06:21:00,0.3257497670678049
2020-09-25 06:24:00,0.35766603100393013
2020-09-25 06:27:00,0.3597560211073869
2020-09-25 06:30:00,0.32989681705953444
2020-09-25 06:33:00,0.38004267413947446
2020-09-25 06:36:00,0.3141146215177173
2020-09-25 06:39:00,0.3381679649954208
2020-09-25 06:42:00,0.41524074134821376
2020-09-25 06:45:00,0.4150638609859243
2020-09-25 06:48:00,0.40203197286888326
2020-09-25 06:51:00,0.385350266171713
2020-09-25 06:54:00,0.4121730011933096
2020-09-25 06:57:00,0.4173020930551843
2020-09-25 07:00:00,0.38997292697047214
2020-09-25 07:03:00,0.39952492283629226
2020-09-25 07:06:00,0.33501926755718614
2020-09-25 07:09:00,0.361634949179404
2020-09-25 07:12:00,0.4061458886483251
2020-09-25 07:15:00,0.36888999274873413
2020-09-25 07:18:00,0.3316001469905814
2020-09-25 07:21:00,0.33864053772629177
2020-09-25 07:24:00,0.35431445546925033
2020-09-25 07:27:00,0.4055156553833399
2020-09-25 07:30:00,0.28951103412833845
2020-09-25 07:33:00,0.3446213564857885
2020-09-25 07:36:00,0.31764161729216767
2020-09-25 07:39:00,0.29305383033590715
2020-09-25 07:42:00,0.37612687202954476
2020-09-25 07:45:00,0.25051019109758954
2020-09-25 07:48:00,0.4061237096232162
2020-09-25 07:51:00,0.3237985115822539
2020-09-25 07:54:00,0.31648353125177664
2020-09-25 07:57:00,0.29639528351640365
2020-09-25 08:00:00,0.27710541292765356
2020-09-25 08:03:00,0.3246758970662995
2020-09-25 08:06:00,0.28308060094985876
2020-09-25 08:09:00,0.27443058236428897
2020-09-25 08:12:00,0.28119266027329104
2020-09-25 08:15:00,0.2679950426197024
2020-09-25 08:18:00,0.2770341889464589
2020-09-25 08:21:00,0.2456065184221643
2020-09-25 08:24:00,0.2568501614894103
2020-09-25 08:27:00,0.21366224861935734
2020-09-25 08:30:00,0.25720532522888107
2020-09-25 08:33:00,0.2043232771146677
2020-09-25 08:36:00,0.21682036153976014
2020-09-25 08:39:00,0.217943920957282
2020-09-25 08:42:00,0.2100867003036342
2020-09-25 08:45:00,0.22092756613307074
2020-09-25 08:48:00,0.247879899563884
2020-09-25 08:51:00,0.20776710352248529
2020-09-25 08:54:00,0.2831505040975344
2020-09-25 08:57:00,0.2673546623488505
2020-09-25 09:00:00,0.23787614677621605
2020-09-25 09:03:00,0.15070334948649133
2020-09-25 09:06:00,0.16345811917636865
2020-09-25 09:09:00,0.18617071519662431
2020-09-25 09:12:00,0.15645197998577487
2020-09-25 09:15:00,0.15529469302441612
2020-09-25 09:18:00,0.1515855500729799
2020-09-25 09:21:00,0.14360114905758792
2020-09-25 09:24:00,0.1254783796774177
2020-09-25 09:27:00,0.11568549761045688
2020-09-25 09:30:00,0.14476083431304687
2020-09-25 09:33:00,0.14047299056727525
2020-09-25 09:36:00,0.09788981687785281
2020-09-25 09:39:00,0.0996347685576211
2020-09-25 09:42:00,0.11731388718874314
2020-09-25 09:45:00,0.10250114572374969
2020-09-25 09:48:00,0.043310016955217634
2020-09-25 09:51:00,0.13679765663459875
2020-09-25 09:54:00,0.08720547708952608
2020-09-25 09:57:00,0.07177531174272644
2020-09-25 10:00:00,0.07502625056827128
2020-09-25 10:03:00,0.11288137155327149
2020-09-25 10:06:00,0.07024921860721633
2020-09-25 10:09:00,0.07679358991640584
2020-09-25 10:12:00,0.045381301205964064
2020-09-25 10:15:00,-0.003787290252034836
2020-09-25 10:18:00,-0.0020171779203224105
2020-09-25 10:21:00,-0.014509223566392393
2020-09-25 10:24:00,-0.032822856957238855
2020-09-25 10:27:00,-0.03134529035185096
2020-09-25 10:30:00,-0.0605052550438927
2020-09-25 10:33:00,-0.09032182953382062
2020-09-25 10:36:00,-0.012807933517990477
2020-09-25 10:39:00,-0.020839592697257103
2020-09-25 10:42:00,-0.04948967224521539
2020-09-25 10:45:00,-0.0742659768188787
2020-09-25 10:48:00,-0.08214998136071472
2020-09-25 10:51:00,-0.10263080927040846
2020-09-25 10:54:00,-0.1176162580302389
2020-09-25 10:57:00,-0.1303142929170349
2020-09-25 11:00:00,-0.17722000932769788
2020-09-25 11:03:00,-0.15368716416077177
2020-09-25 11:06:00,-0.1653678439538453
2020-09-25 11:09:00,-0.20736368095674607
2020-09-25 11:12:00,-0.21258464051226156
2020-09-25 11:15:00,-0.26277256914403324
2020-09-25 11:18:00,-0.1997021598801325
2020-09-25 11:21:00,-0.1752229758452586
2020-09-25 11:24:00,-0.11026862614664878
2020-09-25 11:27:00,-0.20031772377757306
2020-09-25 11:30:00,-0.17948511357167263
2020-09-25 11:33:00,-0.15143163860864206
2020-09-25 11:36:00,-0.22295882937015676
2020-09-25 11:39:00,-0.16024937829951114
2020-09-25 11:42:00,-0.17839475461767051
2020-09-25 11:45:00,-0.236964320392417
2020-09-25 11:48:00,-0.21119991490752454
2020-09-25 11:51:00,-0.2601707526748669
2020-09-25 11:54:00,-0.26074058888843865
2020-09-25 11:57:00,-0.1587257442668033
2020-09-25 12:00:00,-0.2610444797099376
2020-09-25 12:03:00,-0.2559693643288483
2020-09-25 12:06:00,-0.28209958320644546
2020-09-25 12:09:00,-0.27794695153903604
2020-09-25 12:12:00,-0.3229107738511061
2020-09-25 12:15:00,-0.24380058301352392
2020-09-25 12:18:00,-0.292647503122339
2020-09-25 12:21:00,-0.24859248975815262
2020-09-25 12:24:00,-0.3840117414746942
2020-09-25 12:27:00,-0.4288286241941819
2020-09-25 12:30:00,-0.32816143006652965
2020-09-25 12:33:00,-0.32460415993710967
2020-09-25 12:36:00,-0.3105010647569202
2020-09-25 12:39:00,-0.37649345339866613
2020-09-25 12:42:00,-0.3303536965855187
2020-09-25 12:45:00,-0.31192550251455486
2020-09-25 12:48:00,-0.2921046594240124
2020-09-25 12:51:00,-0.3987219321894031
2020-09-25 12:54:00,-0.34372528476825437
2020-09-25 12:57:00,-0.3174917707773375
2020-09-25 13:00:00,-0.260554397611088
2020-09-25 13:03:00,-0.2331888882919202
2020-09-25 13:06:00,-0.36992650851675535
2020-09-25 13:09:00,-0.33737143648056644
2020-09-25 13:12:00,-0.33098830297632276
2020-09-25 13:15:00,-0.3521910276219842
2020-09-25 13:18:00,-0.389344768791716
2020-09-25 13:21:00,-0.4233843428967816
2020-09-25 13:24:00,-0.18028543967693622
2020-09-25 13:27:00,-0.23902460204726594
2020-09-25 13:30:00,-0.3970607606044041
2020-09-25 13:33:00,-0.45944667935003736
2020-09-25 13:36:00,-0.39843583910334246
2020-09-25 13:39:00,-0.3116365024297352
2020-09-25 13:42:00,-0.2966032819631437
2020-09-25 13:45:00,-0.29555740195655744
2020-09-25 13:48:00,-0.4440937437652792
2020-09-25 13:51:00,-0.4284100724259474
2020-09-25 13:54:00,-0.4481945207243143
2020-09-25 13:57:00,-0.4369421223171912
2020-09-25 14:00:00,-0.4074739775542753
2020-09-25 14:03:00,-0.4698670822371014
2020-09-25 14:06:00,-0.39067035873273426
2020-09-25 14:09:00,-0.36264878338306517
2020-09-25 14:12:00,-0.2914816906812234
2020-09-25 14:15:00,-0.4063681418841725
2020-09-25 14:18:00,-0.3716228194608675
2020-09-25 14:21:00,-0.43824173771781716
2020-09-25 14:24:00,-0.4536450071054219
2020-09-25 14:27:00,-0.4993713860876028
2020-09-25 14:30:00,-0.5227710721846961
2020-09-25 14:33:00,-0.46883011516143824
2020-09-25 14:36:00,-0.46582412170397447
2020-09-25 14:39:00,-0.5036994753571662
2020-09-25 14:42:00,-0.5356002592341724
2020-09-25 14:45:00,-0.49165223138845704
2020-09-25 14:48:00,-0.5471477449989948
2020-09-25 14:51:00,-0.5204585412942038
2020-09-25 14:54:00,-0.5731822659038812
2020-09-25 14:57:00,-0.5094634201810777
2020-09-25 15:00:00,-0.6106524634290054
2020-09-25 15:03:00,-0.588855650335347
2020-09-25 15:06:00,-0.5674948556472259
2020-09-25 15:09:00,-0.5066958806853563
2020-09-25 15:12:00,-0.6096324823107011
2020-09-25 15:15:00,-0.5551397302389773
2020-09-25 15:18:00,-0.5157093877828629
2020-09-25 15:21:00,-0.5343339327044418
2020-09-25 15:24:00,-0.5940156239084899
2020-09-25 15:27:00,-0.5175051240675543
2020-09-25 15:30:00,-0.5477546703936014
2020-09-25 15:33:00,-0.5557687435663183
2020-09-25 15:36:00,-0.6051107166919678
2020-09-25 15:39:00,-0.5214203914086397
2020-09-25 15:42:00,-0.4695983625084068
2020-09-25 15:45:00,-0.5247031546927587
2020-09-25 15:48:00,-0.5168607768369498
2020-09-25 15:51:00,-0.4324932087176876
2020-09-25 15:54:00,-0.47179584275664865
2020-09-25 15:57:00,-0.5605223235235144
2020-09-25 16:00:00,-0.49378573034618967
2020-09-25 16:03:00,-0.49493978053942556
2020-09-25 16:06:00,-0.4942486182127368
2020-09-25 16:09:00,-0.5204704820802704
2020-09-25 16:12:00,-0.5284975652888875
2020-09-25 16:15:00,-0.5014522500621297
2020-09-25 16:18:00,-0.4974760128564526
2020-09-25 16:21:00,-0.5493945784982088
2020-09-25 16:24:00,-0.4892855458924714
2020-09-25 16:27:00,-0.5687834961466365
2020-09-25 16:30:00,-0.5107476443507153
2020-09-25 16:33:00,-0.46017846485557357
2020-09-25 16:36:00,-0.4937922296711008
2020-09-25 16:39:00,-0.4774947948416184
2020-09-25 16:42:00,-0.45078675497154563
2020-09-25 16:45:00,-0.5361523841839357
2020-09-25 16:48:00,-0.5601339132567205
2020-09-25 16:51:00,-0.5802610805271229
2020-09-25 16:54:00,-0.5412444286023401
2020-09-25 16:57:00,-0.47809121619474126
2020-09-25 17:00:00,-0.4735591386113924
2020-09-25 17:03:00,-0.5654065374674246
2020-09-25 17:06:00,-0.5304093345442311
2020-09-25 17:09:00,-0.5506557242372878
2020-09-25 17:12:00,-0.5493555010928048
2020-09-25 17:15:00,-0.5014089669060127
2020-09-25 17:18:00,-0.4853631090697945
2020-09-25 17:21:00,-0.45470373031736244
2020-09-25 17:24:00,-0.4230888676980271
2020-09-25 17:27:00,-0.5203031307295305
2020-09-25 17:30:00,-0.4373202902532398
2020-09-25 17:33:00,-0.5275723457243089
2020-09-25 17:36:00,-0.5135941452911084
2020-09-25 17:39:00,-0.4232192577390492
2020-09-25 17:42:00,-0.47792539596252936
2020-09-25 17:45:00,-0.4813957139932654
2020-09-25 17:48:00,-0.5123568431097283
2020-09-25 17:51:00,-0.49685917517194866
2020-09-25 17:54:00,-0.4717180008553896
2020-09-25 17:57:00,-0.461775358139505
2020-09-25 18:00:00,-0.5000171320627373
2020-09-25 18:03:00,-0.5295299621548679
2020-09-25 18:06:00,-0.4654687342330135
2020-09-25 18:09:00,-0.49923711847338836
2020-09-25 18:12:00,-0.40486995188075525
2020-09-25 18:15:00,-0.32613464638097867
2020-09-25 18:18:00,-0.40970786228092493
2020-09-25 18:21:00,-0.2930758349669986
2020-09-25 18:24:00,-0.2372694057157787
2020-09-25 18:27:00,-0.29539289834644933
2020-09-25 18:30:00,-0.2837960447330943
2020-09-25 18:33:00,-0.2744295253125415
2020-09-25 18:36:00,-0.13867374194649074
2020-09-25 18:39:00,-0.15627993202792823
2020-09-25 18:42:00,-0.15101652844538194
2020-09-25 18:45:00,-0.1594054519989072
2020-09-25 18:48:00,-0.18837942380815775
2020-09-25 18:51:00,-0.08365851217484988
2020-09-25 18:54:00,-0.01836022438709506
2020-09-25 18:57:00,
2020-09-25 19:00:00,
2020-09-25 19:03:00,-0.10579205175463358
2020-09-25 19:06:00,-0.10797434414422469
2020-09-25 19:09:00,-0.07702565524726879
2020-09-25 19:12:00,0.034683946017025846
2020-09-25 19:15:00,0.012439233466579935
2020-09-25 19:18:00,-0.04002216435867467
2020-09-25 19:21:00,0.007520059962871528
2020-09-25 19:24:00,-0.06201033786140897
2020-09-25 19:27:00,0.03233312445689762
2020-09-25 19:30:00,0.05012775830175542
2020-09-25 19:33:00,-0.007755299054281295
2020-09-25 19:36:00,0.0014117093898562416
2020-09-25 19:39:00,0.03269600902262937
2020-09-25 19:42:00,0.03000668221829983
2020-09-25 19:45:00,0.06094173883622034
2020-09-25 19:48:00,-0.015186770920934123
2020-09-25 19:51:00,0.008005636597715693
2020-09-25 19:54:00,0.06695417360236888
2020-09-25 19:57:00,0.009967254605555809
2020-09-25 20:00:00,-0.008158114933905836
2020-09-25 20:03:00,-0.0035239249795608885
2020-09-25 20:06:00,-0.06402806179141862
2020-09-25 20:09:00,-0.023245076777641316
2020-09-25 20:12:00,-0.026677184405343723
2020-09-25 20:15:00,-0.01802494015373668
2020-09-25 20:18:00,0.004161948587068309
2020-09-25 20:21:00,-0.023932655049577534
2020-09-25 20:24:00,0.006672964208689791
2020-09-25 20:27:00,0.020556271892132827
2020-09-25 20:30:00,-0.03608572394676912
2020-09-25 20:33:00,0.08918944313199972
2020-09-25 20:36:00,-0.012493250124521182
2020-09-25 20:39:00,-0.07574632453429331
2020-09-25 20:42:00,0.06148308903220823
2020-09-25 20:45:00,0.318567291530087
2020-09-25 20:48:00,0.2246656813479717
2020-09-25 20:51:00,-0.031503998345726814
2020-09-25 20:54:00,-0.014895980221297123
2020-09-25 20:57:00,0.054946531392488396
2020-09-25 21:00:00,0.05943441340883737
2020-09-25 21:03:00,0.26619882908590853
2020-09-25 21:06:00,0.5045262395577765
2020-09-25 21:09:00,0.435201195000559
2020-09-25 21:12:00,0.2369486795271314
2020-09-25 21:15:00,0.038804224384762165
2020-09-25 21:18:00,0.08918927621630246
2020-09-25 21:21:00,0.08826502344572873
2020-09-25 21:24:00,-0.024855614623788824
2020-09-25 21:27:00,-0.02915588807405811
2020-09-25 21:30:00,0.07034415714019815
2020-09-25 21:33:00,0.08865360942434108
2020-09-25 21:36:00,-0.05787400584307534
2020-09-25 21:39:00,-0.013053415107322053
2020-09-25 21:42:00,0.09013054785333452
2020-09-25 21:45:00,-0.017567309501430373
2020-09-25 21:48:00,0.059164866965602414
2020-09-25 21:51:00,0.07531863750091361
2020-09-25 21:54:00,-0.06500855560540231
2020-09-25 21:57:00,0.0655486293351828
2020-09-25 22:00:00,0.12512553547247762
2020-09-25 22:03:00,0.10680171887702272
2020-09-25 22:06:00,0.08388835154232765
2020-09-25 22:09:00,0.10036653210039503
2020-09-25 22:12:00,0.09399913524578096
2020-09-25 22:15:00,0.07631664977833452
2020-09-25 22:18:00,0.031235757451497648
2020-09-25 22:21:00,0.09921660069090876
2020-09-25 22:24:00,0.07290436524328925
2020-09-25 22:27:00,0.04837979992885266
2020-09-25 22:30:00,0.08564336565456188
2020-09-25 22:33:00,0.1660595153622353
2020-09-25 22:36:00,0.07252519592407225
2020-09-25 22:39:00,0.06879860303598662
2020-09-25 22:42:00,0.11373084945199707
2020-09-25 22:45:00,-0.004314022552478036
2020-09-25 22:48:00,0.044679554928620746
2020-09-25 22:51:00,0.056590383635636954
2020-09-25 22:54:00,0.07797667676965148
2020-09-25 22:57:00,0.03178138816429055
2020-09-25 23:00:00,0.05046844718782495
2020-09-25 23:03:00,0.08106140427383934
2020-09-25 23:06:00,0.10830606628013584
2020-09-25 23:09:00,0.049530477995404
2020-09-25 23:12:00,0.06627771252209413
2020-09-25 23:15:00,0.04753105463362317
2020-09-25 23:18:00,0.12859375933777528
2020-09-25 23:21:00,0.12017433897159435
2020-09-25 23:24:00,0.12436391434965799
2020-09-25 23:27:00,0.1393718766667007
2020-09-25 23:30:00,0.091700288893378
2020-09-25 23:33:00,0.1120627996889425
2020-09-25 23:36:00,0.12289217808955755
2020-09-25 23:39:00,0.10527443171503137
2020-09-25 23:42:00,0.15177508317498223
2020-09-25 23:45:00,0.14436479030399596
2020-09-25 23:48:00,0.13637363762819632
2020-09-25 23:51:00,0.1797077865989536
2020-09-25 23:54:00,0.19277611794569793
2020-09-25 23:57:00,0.2889935171407956
2020-09-26 00:00:00,0.20584635634867254
2020-09-26 00:03:00,0.2536390034440501
2020-09-26 00:06:00,0.34206963356780307
2020-09-26 00:09:00,0.2627660937781684
2020-09-26 00:12:00,0.268075994132289
2020-09-26 00:15:00,0.32422597214736015
2020-09-26 00:18:00,0.2515152606774791
2020-09-26 00:21:00,0.3072604207000609
2020-09-26 00:24:00,0.27724802047072217
2020-09-26 00:27:00,0.35363987154624965
2020-09-26 00:30:00,0.2681448151168411
2020-09-26 00:33:00,0.28880660995838525
2020-09-26 00:36:00,0.3144378112132813
2020-09-26 00:39:00,0.3354174618352772
2020-09-26 00:42:00,0.3443811023569765
2020-09-26 00:45:00,0.2630662629575795
2020-09-26 00:48:00,0.2662559519289971
2020-09-26 00:51:00,0.20703718202872778
2020-09-26 00:54:00,0.25216518369109053
2020-09-26 00:57:00,0.22281757557226456
2020-09-26 01:00:00,0.2346258122126983
2020-09-26 01:03:00,0.2255654025888134
2020-09-26 01:06:00,0.22924504056152273
2020-09-26 01:09:00,0.2736555628673045
2020-09-26 01:12:00,0.23263548550693258
2020-09-26 01:15:00,0.25817919145748647
2020-09-26 01:18:00,0.23610588401908217
2020-09-26 01:21:00,0.28354942227105084
2020-09-26 01:24:00,0.24034257551318206
2020-09-26 01:27:00,0.21214067166573614
2020-09-26 01:30:00,0.2336116568176294
2020-09-26 01:33:00,0.23012950423338907
2020-09-26 01:36:00,0.17848323939330157
2020-09-26 01:39:00,0.3085891712290163
2020-09-26 01:42:00,0.25253785265226725
2020-09-26 01:45:00,0.241236086287131
2020-09-26 01:48:00,0.41637900997375255
2020-09-26 01:51:00,0.3476426683542968
2020-09-26 01:54:00,0.24319113769814749
2020-09-26 01:57:00,0.284413355397362
2020-09-26 02:00:00,0.3187410893496576
2020-09-26 02:03:00,0.31359223284169957
2020-09-26 02:06:00,0.23860918752507132
2020-09-26 02:09:00,0.23766179690704803
2020-09-26 02:12:00,0.353162514955045
2020-09-26 02:15:00,0.29537487140862595
2020-09-26 02:18:00,0.27777338086832515
2020-09-26 02:21:00,0.30297237906984265
2020-09-26 02:24:00,0.2883645603844798
2020-09-26 02:27:00,0.3347650869524159
2020-09-26 02:30:00,0.26636315305381686
2020-09-26 02:33:00,0.3165781577129678
2020-09-26 02:36:00,0.2640463085612623
2020-09-26 02:39:00,0.23904528257293123
2020-09-26 02:42:00,0.29103419256938423
2020-09-26 02:45:00,0.3336370592982689
2020-09-26 02:48:00,0.3676367842061836
2020-09-26 02:51:00,0.3788964775998238
2020-09-26 02:54:00,0.32324698272776686
2020-09-26 02:57:00,0.310690060166678
2020-09-26 03:00:00,0.3227032182822427
2020-09-26 03:03:00,0.3399963441677869
2020-09-26 03:06:00,0.3129832464105675
2020-09-26 03:09:00,0.32230856749964687
2020-09-26 03:12:00,0.33939589385050795
2020-09-26 03:15:00,0.35020924087319827
2020-09-26 03:18:00,0.30061593805663733
2020-09-26 03:21:00,0.28116920146061375
2020-09-26 03:24:00,0.3428216276658418
2020-09-26 03:27:00,0.34672046584159943
2020-09-26 03:30:00,0.3244338480514557
2020-09-26 03:33:00,0.36935010607646745
2020-09-26 03:36:00,0.3578205992856738
2020-09-26 03:39:00,0.2899451879972048
2020-09-26 03:42:00,0.32966614941676653
2020-09-26 03:45:00,0.4204275965115585
2020-09-26 03:48:00,0.3779483739198781
2020-09-26 03:51:00,0.3304334812467573
2020-09-26 03:54:00,0.3439529016246752
2020-09-26 03:57:00,0.2628954697000836
2020-09-26 04:00:00,0.29584138876253974
2020-09-26 04:03:00,0.26138424990767817
2020-09-26 04:06:00,0.29715016306965936
2020-09-26 04:09:00,0.33479480269988926
2020-09-26 04:12:00,0.3281163156254365
2020-09-26 04:15:00,0.30796104765681775
2020-09-26 04:18:00,0.3364849177792735
2020-09-26 04:21:00,0.3300166512081546
2020-09-26 04:24:00,0.344538194963377
2020-09-26 04:27:00,0.39006182261323374
2020-09-26 04:30:00,0.3338700107154864
2020-09-26 04:33:00,0.3383934161129787
2020-09-26 04:36:00,0.38959923693528253
2020-09-26 04:39:00,0.31832600884700923
2020-09-26 04:42:00,0.37486764034264297
2020-09-26 04:45:00,0.27966507702245735
2020-09-26 04:48:00,0.3394719161710782
2020-09-26 04:51:00,0.36960575168740206
2020-09-26 04:54:00,0.43799970012941003
2020-09-26 04:57:00,0.3803626013889243
2020-09-26 05:00:00,0.41381097413500356
2020-09-26 05:03:00,0.3497158698561975
2020-09-26 05:06:00,0.38608883493452595
2020-09-26 05:09:00,0.36957702585533525
2020-09-26 05:12:00,0.3675103243612625
2020-09-26 05:15:00,0.3608998955488687
2020-09-26 05:18:00,0.3764610425523074
2020-09-26 05:21:00,0.3241799225698401
2020-09-26 05:24:00,0.4064624591338202
2020-09-26 05:27:00,0.35835051494188974
2020-09-26 05:30:00,0.341164321709698
2020-09-26 05:33:00,0.2927861797004425
2020-09-26 05:36:00,0.32750870346080774
2020-09-26 05:39:00,0.29940057374568596
2020-09-26 05:42:00,0.3138514557231815
2020-09-26 05:45:00,0.31965883784351945
2020-09-26 05:48:00,0.32976097921613245
2020-09-26 05:51:00,0.367000502444796
2020-09-26 05:54:00,0.314287477709172
2020-09-26 05:57:00,0.28973726868281346
2020-09-26 06:00:00,0.3757682499422117
2020-09-26 06:03:00,0.3811202544278558
2020-09-26 06:06:00,0.3386685979264712
2020-09-26 06:09:00,0.35355956840010094
2020-09-26 06:12:00,0.37777961165124907
2020-09-26 06:15:00,0.41161746817817857
2020-09-26 06:18:00,0.3551443706120949
2020-09-26 06:21:00,0.2909741129143413
2020-09-26 06:24:00,0.3754058375890281
2020-09-26 06:27:00,0.36228702780283584
2020-09-26 06:30:00,0.3892283726406731
2020-09-26 06:33:00,0.4534709157942416
2020-09-26 06:36:00,0.37842906332139137
2020-09-26 06:39:00,0.39467291647446245
2020-09-26 06:42:00,0.47016586048982845
2020-09-26 06:45:00,0.4140173892180883
2020-09-26 06:48:00,0.4116228754124336
2020-09-26 06:51:00,0.42031825281674173
2020-09-26 06:54:00,0.3973892834180788
2020-09-26 06:57:00,0.3670299045163006
2020-09-26 07:00:00,0.36731588576884633
2020-09-26 07:03:00,0.344916772385659
2020-09-26 07:06:00,0.40151748207011906
2020-09-26 07:09:00,0.4890158327025915
2020-09-26 07:12:00,0.3842769887904751
2020-09-26 07:15:00,0.41997365664803965
2020-09-26 07:18:00,0.3317945116493206
2020-09-26 07:21:00,0.3600348805371141
2020-09-26 07:24:00,0.3737467371141747
2020-09-26 07:27:00,0.3025608883238533
2020-09-26 07:30:00,0.42192073690614507
2020-09-26 07:33:00,0.38385788472760396
2020-09-26 07:36:00,0.4170445323399008
2020-09-26 07:39:00,0.4701346569344764
2020-09-26 07:42:00,0.39828380669769103
2020-09-26 07:45:00,0.3897190323370978
2020-09-26 07:48:00,0.34885736738169726
2020-09-26 07:51:00,0.38594899735699073
2020-09-26 07:54:00,0.3246921128568374
2020-09-26 07:57:00,0.3803360219421279
2020-09-26 08:00:00,0.27384155899193274
2020-09-26 08:03:00,0.3067120354976396
2020-09-26 08:06:00,0.380140492399903
2020-09-26 08:09:00,0.25081057705131116
2020-09-26 08:12:00,0.2650592054918661
2020-09-26 08:15:00,0.3206165581414666
2020-09-26 08:18:00,0.25472833389511607
2020-09-26 08:21:00,0.23923460839210975
2020-09-26 08:24:00,0.251674232257983
2020-09-26 08:27:00,0.24101095202439637
2020-09-26 08:30:00,0.2715811008163769
2020-09-26 08:33:00,0.24053515833878691
2020-09-26 08:36:00,0.2403890716159367
2020-09-26 08:39:00,0.2634538799310917
2020-09-26 08:42:00,0.16289447023700632
2020-09-26 08:45:00,0.21752401657442988
2020-09-26 08:48:00,0.27463131441669475
2020-09-26 08:51:00,0.23583469551601866
2020-09-26 08:54:00,0.2645256891690906
2020-09-26 08:57:00,0.32558075279729337
2020-09-26 09:00:00,0.296840383803044
2020-09-26 09:03:00,0.2928589668427435
2020-09-26 09:06:00,0.27872989663302405
2020-09-26 09:09:00,0.29100593578840517
2020-09-26 09:12:00,0.27096573414843306
2020-09-26 09:15:00,0.2714812799425772
2020-09-26 09:18:00,0.2649556302106362
2020-09-26 09:21:00,0.3220283792537657
2020-09-26 09:24:00,0.38708388224318924
2020-09-26 09:27:00,0.3000064468613459
2020-09-26 09:30:00,0.24687059911536835
2020-09-26 09:33:00,0.1503726960847871
2020-09-26 09:36:00,0.1624947591562318
2020-09-26 09:39:00,0.20491678329506158
2020-09-26 09:42:00,0.157020685398777
2020-09-26 09:45:00,0.10759990777665962
2020-09-26 09:48:00,0.06925079488399888
2020-09-26 09:51:00,0.0939276223853085
2020-09-26 09:54:00,0.17127999298668328
2020-09-26 09:57:00,0.13979206181761583
2020-09-26 10:00:00,0.05943410281207662
2020-09-26 10:03:00,0.1191808733519224
2020-09-26 10:06:00,0.07050948131086443
2020-09-26 10:09:00,0.10739173864334361
2020-09-26 10:12:00,0.03898394854041953
2020-09-26 10:15:00,0.12912733482625072
2020-09-26 10:18:00,0.08624096434198236
2020-09-26 10:21:00,0.17935149294856956
2020-09-26 10:24:00,0.1421069566362121
2020-09-26 10:27:00,0.14783106409430502
2020-09-26 10:30:00,0.14948139623226098
2020-09-26 10:33:00,0.1611919772130932
2020-09-26 10:36:00,0.25998363611597597
2020-09-26 10:39:00,0.13766970283853652
2020-09-26 10:42:00,0.1618881518093076
2020-09-26 10:45:00,0.17331675289915438
2020-09-26 10:48:00,0.21989032218351667
2020-09-26 10:51:00,0.25806180766034004
2020-09-26 10:54:00,0.2252418526564952
2020-09-26 10:57:00,0.12942216344771396
2020-09-26 11:00:00,0.138564577687589
2020-09-26 11:03:00,0.09711124651909131
2020-09-26 11:06:00,0.12409189906588836
2020-09-26 11:09:00,0.07772723778595036
2020-09-26 11:12:00,0.0370979820223738
2020-09-26 11:15:00,0.11693257992948247
2020-09-26 11:18:00,0.21020046897456268
2020-09-26 11:21:00,0.19638256220139283
2020-09-26 11:24:00,0.12890544563185813
2020-09-26 11:27:00,-0.01079257229906716
2020-09-26 11:30:00,-0.020212627653393156
2020-09-26 11:33:00,-0.025549803829960638
2020-09-26 11:36:00,-0.05947669059457894
2020-09-26 11:39:00,-0.02446944996364664
2020-09-26 11:42:00,0.03910021038615241
2020-09-26 11:45:00,-0.0009710618800795601
2020-09-26 11:48:00,0.0580553825724337
2020-09-26 11:51:00,-0.019599281315493045
2020-09-26 11:54:00,-0.018750941052758208
2020-09-26 11:57:00,-0.047590761952449157
2020-09-26 12:00:00,-0.0989562612664372
2020-09-26 12:03:00,-0.08800212203306046
2020-09-26 12:06:00,-0.0589120330625974
2020-09-26 12:09:00,-0.094614868129554
2020-09-26 12:12:00,-0.0977787610607379
2020-09-26 12:15:00,-0.08025550217274713
2020-09-26 12:18:00,-0.0791610572356376
2020-09-26 12:21:00,-0.1252855803119246
2020-09-26 12:24:00,-0.11560029118385273
2020-09-26 12:27:00,-0.1728806853691367
2020-09-26 12:30:00,-0.1785082116619492
2020-09-26 12:33:00,-0.12942736324544057
2020-09-26 12:36:00,-0.0510707460427966
2020-09-26 12:39:00,-0.09036475806385624
2020-09-26 12:42:00,-0.06517125002500279
2020-09-26 12:45:00,-0.12679789102509176
2020-09-26 12:48:00,-0.087252066270878
2020-09-26 12:51:00,-0.06280890846238663
2020-09-26 12:54:00,-0.08095987536557914
2020-09-26 12:57:00,-0.11548782821387249
2020-09-26 13:00:00,-0.09918265673661608
2020-09-26 13:03:00,-0.14465117853785614
2020-09-26 13:06:00,-0.03234451817149875
2020-09-26 13:09:00,-0.07677299182978459
2020-09-26 13:12:00,-0.14513727354335515
2020-09-26 13:15:00,-0.08487256705802793
2020-09-26 13:18:00,-0.0673490664826204
2020-09-26 13:21:00,-0.10091170615334022
2020-09-26 13:24:00,0.059128745302530206
2020-09-26 13:27:00,0.08216669707150004
2020-09-26 13:30:00,0.03368985158169835
2020-09-26 13:33:00,-0.061630448657979287
2020-09-26 13:36:00,-0.16978337520089326
2020-09-26 13:39:00,-0.16399011233028205
2020-09-26 13:42:00,-0.17357581536151656
2020-09-26 13:45:00,-0.069176632171434
2020-09-26 13:48:00,-0.0667674980605284
2020-09-26 13:51:00,-0.10742214909606673
2020-09-26 13:54:00,-0.05393207966801583
2020-09-26 13:57:00,-0.08662114122273579
2020-09-26 14:00:00,-0.04242499425083679
2020-09-26 14:03:00,-0.1946492571259455
2020-09-26 14:06:00,-0.21848864025929515
2020-09-26 14:09:00,-0.285702152860722
2020-09-26 14:12:00,-0.1802155568851731
2020-09-26 14:15:00,-0.26049777264142904
2020-09-26 14:18:00,-0.2602245953927991
2020-09-26 14:21:00,-0.24585765168484386
2020-09-26 14:24:00,-0.16706780310937575
2020-09-26 14:27:00,-0.15600063815566045
2020-09-26 14:30:00,-0.2196640442218154
2020-09-26 14:33:00,-0.2635717585786779
2020-09-26 14:36:00,-0.16319126806456552
2020-09-26 14:39:00,-0.12084436285499578
2020-09-26 14:42:00,-0.20948884111913912
2020-09-26 14:45:00,-0.23786123893859212
2020-09-26 14:48:00,-0.2323295140544701
2020-09-26 14:51:00,-0.1777583617584355
2020-09-26 14:54:00,-0.17166420650113423
2020-09-26 14:57:00,-0.16484500627973375
2020-09-26 15:00:00,-0.2774969892823833
2020-09-26 15:03:00,-0.20572617020155803
2020-09-26 15:06:00,-0.16505307742255582
2020-09-26 15:09:00,-0.1722615263983016
2020-09-26 15:12:00,-0.12877437941870085
2020-09-26 15:15:00,-0.15197010748630646
2020-09-26 15:18:00,-0.07302237960010416
2020-09-26 15:21:00,-0.04760373629358128
2020-09-26 15:24:00,0.0036455714715089016
2020-09-26 15:27:00,-0.0904357891017753
2020-09-26 15:30:00,-0.15983793037582927
2020-09-26 15:33:00,-0.1908242698478375
2020-09-26 15:36:00,-0.2426553601603132
2020-09-26 15:39:00,-0.2129221039631375
2020-09-26 15:42:00,-0.1678387909816479
2020-09-26 15:45:00,-0.16871680878119832
2020-09-26 15:48:00,-0.14096895150851196
2020-09-26 15:51:00,-0.11109217572328589
2020-09-26 15:54:00,-0.1616732156730336
2020-09-26 15:57:00,-0.15978882082112023
2020-09-26 16:00:00,-0.19806153167280627
2020-09-26 16:03:00,-0.2104810709650451
2020-09-26 16:06:00,-0.191425852795021
2020-09-26 16:09:00,-0.22972349418643034
2020-09-26 16:12:00,-0.14465133520229756
2020-09-26 16:15:00,-0.1716741693135191
2020-09-26 16:18:00,-0.16304537505800454
2020-09-26 16:21:00,-0.25443038234539017
2020-09-26 16:24:00,-0.21545025082770053
2020-09-26 16:27:00,-0.3093013945374423
2020-09-26 16:30:00,-0.2414309730118589
2020-09-26 16:33:00,-0.21209823328035782
2020-09-26 16:36:00,-0.20029450757215272
2020-09-26 16:39:00,-0.21095336703717749
2020-09-26 16:42:00,-0.2726808451577085
2020-09-26 16:45:00,-0.1365325116807412
2020-09-26 16:48:00,-0.20002716104653473
2020-09-26 16:51:00,-0.15346295829027667
2020-09-26 16:54:00,-0.17901175251029144
2020-09-26 16:57:00,-0.162195212630877
2020-09-26 17:00:00,-0.1228806627404424
2020-09-26 17:03:00,-0.1558834347816287
2020-09-26 17:06:00,-0.17785908456613697
2020-09-26 17:09:00,-0.09119899014666544
2020-09-26 17:12:00,0.03932801139814046
2020-09-26 17:15:00,-0.02529509903069993
2020-09-26 17:18:00,0.03463898924303521
2020-09-26 17:21:00,-0.001543140520993802
2020-09-26 17:24:00,-0.08986145392111666
2020-09-26 17:27:00,-0.06798240483482232
2020-09-26 17:30:00,-0.05075508756101499
2020-09-26 17:33:00,-0.1312648724489236
2020-09-26 17:36:00,0.00038061944110268087
2020-09-26 17:39:00,-0.12924872120089503
2020-09-26 17:42:00,-0.015246283436511021
2020-09-26 17:45:00,-0.027835980035888497
2020-09-26 17:48:00,0.004845673448926391
2020-09-26 17:51:00,-0.050024208871207065
2020-09-26 17:54:00,-0.09020510474857701
2020-09-26 17:57:00,0.023932990186040115
2020-09-26 18:00:00,0.0329141775722519
2020-09-26 18:03:00,-0.0289353149672138
2020-09-26 18:06:00,-0.05582678219650461
2020-09-26 18:09:00,-0.02740537281857769
2020-09-26 18:12:00,-0.00048754778418924616
2020-09-26 18:15:00,0.037272094905915765
2020-09-26 18:18:00,0.1304091656959372
2020-09-26 18:21:00,0.21128599423730066
2020-09-26 18:24:00,0.05606727577423953
2020-09-26 18:27:00,0.0033276394977974633
2020-09-26 18:30:00,-0.022005676135052
2020-09-26 18:33:00,0.017056276919277025
2020-09-26 18:36:00,-0.05375235165547565
2020-09-26 18:39:00,-0.10943825826194598
2020-09-26 18:42:00,0.028163058084487602
2020-09-26 18:45:00,0.03500780979203455
2020-09-26 18:48:00,0.013391473631600093
2020-09-26 18:51:00,0.046911315744580406
2020-09-26 18:54:00,0.16063544362378934
2020-09-26 18:57:00,
2020-09-26 19:00:00,
2020-09-26 19:03:00,0.05954911700729326
2020-09-26 19:06:00,0.051356784732035976
2020-09-26 19:09:00,0.07095459274842142
2020-09-26 19:12:00,0.07556627653497117
2020-09-26 19:15:00,0.0864022031373679
2020-09-26 19:18:00,0.11328624935606513
2020-09-26 19:21:00,0.06122704607031437
2020-09-26 19:24:00,0.10789507788416586
2020-09-26 19:27:00,-0.018457463532740803
2020-09-26 19:30:00,0.07167417345641525
2020-09-26 19:33:00,0.09168233987736585
2020-09-26 19:36:00,0.09508558276553458
2020-09-26 19:39:00,0.1336392790627201
2020-09-26 19:42:00,0.17411473294413327
2020-09-26 19:45:00,0.10778946013704171
2020-09-26 19:48:00,0.20235521748480778
2020-09-26 19:51:00,0.12730062615906945
2020-09-26 19:54:00,0.11183497119554886
2020-09-26 19:57:00,0.10509950247222832
2020-09-26 20:00:00,0.003757532189581525
2020-09-26 20:03:00,0.06392602868362474
2020-09-26 20:06:00,0.06248694115390663
2020-09-26 20:09:00,0.08508726108846076
2020-09-26 20:12:00,0.09262944827884212
2020-09-26 20:15:00,0.010936942042974351
2020-09-26 20:18:00,0.12444675559652296
2020-09-26 20:21:00,0.09566134558167505
2020-09-26 20:24:00,0.08404820108177091
2020-09-26 20:27:00,0.13860429964495324
2020-09-26 20:30:00,0.11996784073750177
2020-09-26 20:33:00,0.12500566304777294
2020-09-26 20:36:00,0.10577950895606136
2020-09-26 20:39:00,0.04039467903498917
2020-09-26 20:42:00,0.04118484190541949
2020-09-26 20:45:00,0.0708284410400779
2020-09-26 20:48:00,0.055925399233842654
2020-09-26 20:51:00,0.006728511179346697
2020-09-26 20:54:00,-0.04084076639583145
2020-09-26 20:57:00,0.0207404509297362
2020-09-26 21:00:00,0.09171021564725379
2020-09-26 21:03:00,0.1367296061443426
2020-09-26 21:06:00,0.07844558503438748
2020-09-26 21:09:00,0.09256916655107261
2020-09-26 21:12:00,0.13929661576901253
2020-09-26 21:15:00,0.08340510410261004
2020-09-26 21:18:00,0.15902651041329818
2020-09-26 21:21:00,0.14213034057843288
2020-09-26 21:24:00,0.0752999076369747
2020-09-26 21:27:00,0.1117436182870506
2020-09-26 21:30:00,0.19394525137789742
2020-09-26 21:33:00,0.18400576173957006
2020-09-26 21:36:00,0.15555502116956177
2020-09-26 21:39:00,0.07870944735964258
2020-09-26 21:42:00,0.1345122488847892
2020-09-26 21:45:00,0.13141433898641708
2020-09-26 21:48:00,0.13233292178205147
2020-09-26 21:51:00,0.2573061205505951
2020-09-26 21:54:00,0.24510440616768392
2020-09-26 21:57:00,0.2680349102988089
2020-09-26 22:00:00,0.209023882847589
2020-09-26 22:03:00,0.23451426324703561
2020-09-26 22:06:00,0.2318035089428463
2020-09-26 22:09:00,0.15547803081040001
2020-09-26 22:12:00,0.1682410408124042
2020-09-26 22:15:00,0.14350596451225783
2020-09-26 22:18:00,0.16042834220428404
2020-09-26 22:21:00,0.15019063551051204
2020-09-26 22:24:00,0.14724500502541105
2020-09-26 22:27:00,0.21212657541701674
2020-09-26 22:30:00,0.19070368290465467
2020-09-26 22:33:00,0.12824923859346882
2020-09-26 22:36:00,0.2255423157533869
2020-09-26 22:39:00,0.21592766268253172
2020-09-26 22:42:00,0.1559106541856181
2020-09-26 22:45:00,0.1632635398626121
2020-09-26 22:48:00,0.20500349867734258
2020-09-26 22:51:00,0.1978592566844668
2020-09-26 22:54:00,0.059287153091247546
2020-09-26 22:57:00,0.13418854373895783
2020-09-26 23:00:00,0.0850472233996129
2020-09-26 23:03:00,0.13459164404002877
2020-09-26 23:06:00,0.14220756127417644
2020-09-26 23:09:00,0.15595252783953129
2020-09-26 23:12:00,0.21740797299361247
2020-09-26 23:15:00,0.15741835629899015
2020-09-26 23:18:00,0.24125375501807866
2020-09-26 23:21:00,0.21352165928772138
2020-09-26 23:24:00,0.24199999169269404
2020-09-26 23:27:00,0.23729227012745469
2020-09-26 23:30:00,0.17317740309323426
2020-09-26 23:33:00,0.21968904761916974
2020-09-26 23:36:00,0.20105833051661648
2020-09-26 23:39:00,0.1995947332603123
2020-09-26 23:42:00,0.2449784886021007
2020-09-26 23:45:00,0.26023311094388646
2020-09-26 23:48:00,0.2593452027340959
2020-09-26 23:51:00,0.20073929175237026
2020-09-26 23:54:00,0.20935644089422567
2020-09-26 23:57:00,0.1770499427248069
2020-09-27 00:00:00,0.1445986399912158
2020-09-27 00:03:00,0.2092338052842706
2020-09-27 00:06:00,0.12418298186634047
2020-09-27 00:09:00,0.17240790277196538
2020-09-27 00:12:00,0.1375115673255891
2020-09-27 00:15:00,0.17531359827557935
2020-09-27 00:18:00,0.12873298405611422
2020-09-27 00:21:00,0.17437907465051694
2020-09-27 00:24:00,0.16427650458365406
2020-09-27 00:27:00,0.14094094917169286
2020-09-27 00:30:00,0.16533485266415937
2020-09-27 00:33:00,0.18471921041589212
2020-09-27 00:36:00,0.2121791600793017
2020-09-27 00:39:00,0.2205911352537555
2020-09-27 00:42:00,0.20790436223160214
2020-09-27 00:45:00,0.26460887702342006
2020-09-27 00:48:00,0.2572639708660631
2020-09-27 00:51:00,0.2661858016152223
2020-09-27 00:54:00,0.26541620212969974
2020-09-27 00:57:00,0.22402262090861313
2020-09-27 01:00:00,0.2952926399034368
2020-09-27 01:03:00,0.2806878832871007
2020-09-27 01:06:00,0.2810404345084976
2020-09-27 01:09:00,0.21362388041046643
2020-09-27 01:12:00,0.24930335209603527
2020-09-27 01:15:00,0.22227369779699302
2020-09-27 01:18:00,0.3199151484913614
2020-09-27 01:21:00,0.14300723075007227
2020-09-27 01:24:00,0.17784740052360348
2020-09-27 01:27:00,0.21185385566536752
2020-09-27 01:30:00,0.23695358510855158
2020-09-27 01:33:00,0.21329509562565363
2020-09-27 01:36:00,0.27310722091772277
2020-09-27 01:39:00,0.3147193682503939
2020-09-27 01:42:00,0.3106637914347061
2020-09-27 01:45:00,0.3898516460559449
2020-09-27 01:48:00,0.467767171304331
2020-09-27 01:51:00,0.44377011443850733
2020-09-27 01:54:00,0.4118463470407505
2020-09-27 01:57:00,0.33937647637185364
2020-09-27 02:00:00,0.278792758851921
2020-09-27 02:03:00,0.2475983163965907
2020-09-27 02:06:00,0.2589108756718588
2020-09-27 02:09:00,0.22434915413163026
2020-09-27 02:12:00,0.2663467235755661
2020-09-27 02:15:00,0.3186777362134876
2020-09-27 02:18:00,0.3266237166712358
2020-09-27 02:21:00,0.3257563192085513
2020-09-27 02:24:00,0.394025774527222
2020-09-27 02:27:00,0.34847319072105165
2020-09-27 02:30:00,0.3976253997436743
2020-09-27 02:33:00,0.3195634185391327
2020-09-27 02:36:00,0.49912999935793323
2020-09-27 02:39:00,0.4759229058113874
2020-09-27 02:42:00,0.6661446736524113
2020-09-27 02:45:00,0.6520730897306635
2020-09-27 02:48:00,0.449530518359893
2020-09-27 02:51:00,0.3981249510546263
2020-09-27 02:54:00,0.3907136236774704
2020-09-27 02:57:00,0.36903861969926766
2020-09-27 03:00:00,0.48336675317085565
2020-09-27 03:03:00,0.45097855280590693
2020-09-27 03:06:00,0.4011620764703139
2020-09-27 03:09:00,0.4504835084295564
2020-09-27 03:12:00,0.5294395344286613
2020-09-27 03:15:00,0.5752443846940878
2020-09-27 03:18:00,0.5804852000688356
2020-09-27 03:21:00,0.685617108003612
2020-09-27 03:24:00,0.7565412070269417
2020-09-27 03:27:00,0.643443238812381
2020-09-27 03:30:00,0.5636959014840954
2020-09-27 03:33:00,0.44922814068587513
2020-09-27 03:36:00,0.2897639031462518
2020-09-27 03:39:00,0.20450092302917255
2020-09-27 03:42:00,0.3290409823969753
2020-09-27 03:45:00,0.09803872318013873
2020-09-27 03:48:00,0.16999838399993905
2020-09-27 03:51:00,0.1474551501330552
2020-09-27 03:54:00,0.24295613866769372
2020-09-27 03:57:00,0.26959897767767416
2020-09-27 04:00:00,0.26273814927151307
2020-09-27 04:03:00,0.2639714606258394
2020-09-27 04:06:00,0.24538756201894785
2020-09-27 04:09:00,0.23807627765336292
2020-09-27 04:12:00,0.19612815014664875
2020-09-27 04:15:00,0.22079142681548092
2020-09-27 04:18:00,0.24290219991644335
2020-09-27 04:21:00,0.24545919809560246
2020-09-27 04:24:00,0.1974240135933769
2020-09-27 04:27:00,0.18057123647474782
2020-09-27 04:30:00,0.10094958230490647
2020-09-27 04:33:00,0.18033316223659313
2020-09-27 04:36:00,0.18013853171879646
2020-09-27 04:39:00,0.18466221868851562
2020-09-27 04:42:00,0.19625272667605032
2020-09-27 04:45:00,0.17765230342592986
2020-09-27 04:48:00,0.18863714912424712
2020-09-27 04:51:00,0.2025686554354138
2020-09-27 04:54:00,0.13928732866128257
2020-09-27 04:57:00,0.1682672926332316
2020-09-27 05:00:00,0.21856087963686832
2020-09-27 05:03:00,0.16214512330782327
2020-09-27 05:06:00,0.13581932286956544
2020-09-27 05:09:00,0.1721721084927026
2020-09-27 05:12:00,0.23420575248178466
2020-09-27 05:15:00,0.194792395638558
2020-09-27 05:18:00,0.2003011559997958
2020-09-27 05:21:00,0.17495000155520302
2020-09-27 05:24:00,0.2255845029596344
2020-09-27 05:27:00,0.25849306198978184
2020-09-27 05:30:00,0.22537350939398948
2020-09-27 05:33:00,0.23422381589620045
2020-09-27 05:36:00,0.2611044208260296
2020-09-27 05:39:00,0.2600457486421419
2020-09-27 05:42:00,0.18094273419643514
2020-09-27 05:45:00,0.2914213382430262
2020-09-27 05:48:00,0.21340605323791806
2020-09-27 05:51:00,0.20777491558129668
2020-09-27 05:54:00,0.24165837980535798
2020-09-27 05:57:00,0.20823428082746887
2020-09-27 06:00:00,0.21272125917755602
2020-09-27 06:03:00,0.24491141206561906
2020-09-27 06:06:00,0.17519257438152636
2020-09-27 06:09:00,0.22190207396113237
2020-09-27 06:12:00,0.1782773540259086
2020-09-27 06:15:00,0.22826441988360102
2020-09-27 06:18:00,0.21445469671698447
2020-09-27 06:21:00,0.22714062206750896
2020-09-27 06:24:00,0.22791686054944194
2020-09-27 06:27:00,0.18289311876566217
2020-09-27 06:30:00,0.16094560758796206
2020-09-27 06:33:00,0.20571744681598148
2020-09-27 06:36:00,0.22658973291959228
2020-09-27 06:39:00,0.2683189156756498
2020-09-27 06:42:00,0.22604272431283334
2020-09-27 06:45:00,0.19789018166363803
2020-09-27 06:48:00,0.20842889741550152
2020-09-27 06:51:00,0.21803367465162182
2020-09-27 06:54:00,0.21131317470315025
2020-09-27 06:57:00,0.2222975375671581
2020-09-27 07:00:00,0.21378288905270892
2020-09-27 07:03:00,0.23787260205500615
2020-09-27 07:06:00,0.24411205715654205
2020-09-27 07:09:00,0.28274979982813875
2020-09-27 07:12:00,0.2040409850644096
2020-09-27 07:15:00,0.24781341338621132
2020-09-27 07:18:00,0.24881102832785018
2020-09-27 07:21:00,0.2574379350115237
2020-09-27 07:24:00,0.26287559605026445
2020-09-27 07:27:00,0.23547198450012274
2020-09-27 07:30:00,0.28045210762451234
2020-09-27 07:33:00,0.2925037449499541
2020-09-27 07:36:00,0.2810332701498055
2020-09-27 07:39:00,0.2971148917238793
2020-09-27 07:42:00,0.2561796886676575
2020-09-27 07:45:00,0.2571666780487476
2020-09-27 07:48:00,0.26593036099450273
2020-09-27 07:51:00,0.21792855048744286
2020-09-27 07:54:00,0.23392418711654273
2020-09-27 07:57:00,0.1970250959303712
2020-09-27 08:00:00,0.15808049068135688
2020-09-27 08:03:00,0.23855585080724495
2020-09-27 08:06:00,0.19831607012383756
2020-09-27 08:09:00,0.18312537172010934
2020-09-27 08:12:00,0.16707557608356183
2020-09-27 08:15:00,0.22519364432349676
2020-09-27 08:18:00,0.2297292909764792
2020-09-27 08:21:00,0.15671543068708615
2020-09-27 08:24:00,0.2608834725646716
2020-09-27 08:27:00,0.193205978257879
2020-09-27 08:30:00,0.19183077087234324
2020-09-27 08:33:00,0.25710171107596125
2020-09-27 08:36:00,0.2184571304442784
2020-09-27 08:39:00,0.16359140794060067
2020-09-27 08:42:00,0.11366357997354726
2020-09-27 08:45:00,0.1996998623789068
2020-09-27 08:48:00,0.1526583626256297
2020-09-27 08:51:00,0.13727942134352134
2020-09-27 08:54:00,0.11677188519831816
2020-09-27 08:57:00,0.07804625276651223
2020-09-27 09:00:00,0.13837614250513752
2020-09-27 09:03:00,0.15938024211948232
2020-09-27 09:06:00,0.12792989744434635
2020-09-27 09:09:00,0.11811731060157626
2020-09-27 09:12:00,0.13535400374598794
2020-09-27 09:15:00,0.1036940661697372
2020-09-27 09:18:00,0.06641270024977075
2020-09-27 09:21:00,0.14047314869702632
2020-09-27 09:24:00,0.06793932620917076
2020-09-27 09:27:00,0.10664062954487008
2020-09-27 09:30:00,0.06957462197260611
2020-09-27 09:33:00,0.04457891671899006
2020-09-27 09:36:00,0.0652585460598516
2020-09-27 09:39:00,0.05172981743544369
2020-09-27 09:42:00,0.055115577460583154
2020-09-27 09:45:00,0.06811304999695267
2020-09-27 09:48:00,0.04587920823752256
2020-09-27 09:51:00,0.13936256883482656
2020-09-27 09:54:00,0.04188086768891708
2020-09-27 09:57:00,0.056773496127902945
2020-09-27 10:00:00,0.07059445191953273
2020-09-27 10:03:00,0.03541333298232985
2020-09-27 10:06:00,-0.005688249331171846
2020-09-27 10:09:00,0.035259252786090656
2020-09-27 10:12:00,0.07589911805700922
2020-09-27 10:15:00,0.029352156616823777
2020-09-27 10:18:00,0.09630172622064492
2020-09-27 10:21:00,-0.03008331572715406
2020-09-27 10:24:00,0.01995677904005788
2020-09-27 10:27:00,-0.029912443730779614
2020-09-27 10:30:00,0.024253444556563863
2020-09-27 10:33:00,0.0013101246493079088
2020-09-27 10:36:00,0.0006505156410980817
2020-09-27 10:39:00,-0.04732098822012176
2020-09-27 10:42:00,-0.07634203697614339
2020-09-27 10:45:00,-0.10109290244042768
2020-09-27 10:48:00,-0.0032371438230711647
2020-09-27 10:51:00,-0.04261153152060615
2020-09-27 10:54:00,-0.12877279030402633
2020-09-27 10:57:00,-0.0830863731355862
2020-09-27 11:00:00,-0.14950682634929535
2020-09-27 11:03:00,-0.18048136559514205
2020-09-27 11:06:00,-0.1687541240901851
2020-09-27 11:09:00,-0.1821384230838703
2020-09-27 11:12:00,-0.1288214808772068
2020-09-27 11:15:00,-0.1560027015112837
2020-09-27 11:18:00,-0.2140209351010185
2020-09-27 11:21:00,-0.15706610139824306
2020-09-27 11:24:00,-0.16660432615020682
2020-09-27 11:27:00,-0.20092496088875578
2020-09-27 11:30:00,-0.2023466772690199
2020-09-27 11:33:00,-0.18197889023537073
2020-09-27 11:36:00,-0.23381237687021894
2020-09-27 11:39:00,-0.19972879802259058
2020-09-27 11:42:00,-0.2856810001770782
2020-09-27 11:45:00,-0.3690206765439825
2020-09-27 11:48:00,-0.2991558868428683
2020-09-27 11:51:00,-0.2499030239645208
2020-09-27 11:54:00,-0.29587151220476926
2020-09-27 11:57:00,-0.3493629922953687
2020-09-27 12:00:00,-0.32202610776187157
2020-09-27 12:03:00,-0.19893440979643628
2020-09-27 12:06:00,-0.29390159603701704
2020-09-27 12:09:00,-0.3385955295983081
2020-09-27 12:12:00,-0.2886670684190449
2020-09-27 12:15:00,-0.24498026080118507
2020-09-27 12:18:00,-0.24586302555587736
2020-09-27 12:21:00,-0.2539206001682146
2020-09-27 12:24:00,-0.2556940511599919
2020-09-27 12:27:00,-0.29160228802942356
2020-09-27 12:30:00,-0.3271772007293521
2020-09-27 12:33:00,-0.25824051230205214
2020-09-27 12:36:00,-0.11494989666925903
2020-09-27 12:39:00,0.015821737459589258
2020-09-27 12:42:00,-0.098481259528171
2020-09-27 12:45:00,-0.028065371572324693
2020-09-27 12:48:00,-0.14956155390177628
2020-09-27 12:51:00,-0.1811537722779235
2020-09-27 12:54:00,-0.3017725435779539
2020-09-27 12:57:00,-0.22386488029451357
2020-09-27 13:00:00,-0.17082377105953128
2020-09-27 13:03:00,-0.14368172443658977
2020-09-27 13:06:00,-0.23069708108596387
2020-09-27 13:09:00,-0.15939044025401472
2020-09-27 13:12:00,-0.11403515869250214
2020-09-27 13:15:00,-0.178634651590869
2020-09-27 13:18:00,-0.019154345668937367
2020-09-27 13:21:00,-0.09751394465996555
2020-09-27 13:24:00,-0.03678038808095607
2020-09-27 13:27:00,0.04127212250023149
2020-09-27 13:30:00,0.05042841478052651
2020-09-27 13:33:00,0.055545007091893694
2020-09-27 13:36:00,0.07427930175197162
2020-09-27 13:39:00,-0.07029024949747509
2020-09-27 13:42:00,-0.08491162204200009
2020-09-27 13:45:00,-0.08410474947555713
2020-09-27 13:48:00,-0.14852947693327678
2020-09-27 13:51:00,-0.17164439610201043
2020-09-27 13:54:00,-0.29029954620250464
2020-09-27 13:57:00,-0.2983962761495036
2020-09-27 14:00:00,-0.17885971376688303
2020-09-27 14:03:00,-0.26261483406119623
2020-09-27 14:06:00,-0.2630025990488889
2020-09-27 14:09:00,-0.24183063278900363
2020-09-27 14:12:00,-0.31212158804748924
2020-09-27 14:15:00,-0.23322949991211317
2020-09-27 14:18:00,-0.31153011400755304
2020-09-27 14:21:00,-0.28474051168711867
2020-09-27 14:24:00,-0.3191991932501992
2020-09-27 14:27:00,-0.31925146247192515
2020-09-27 14:30:00,-0.3715481983569475
2020-09-27 14:33:00,-0.3134878922362532
2020-09-27 14:36:00,-0.3885892565617155
2020-09-27 14:39:00,-0.320911743159229
2020-09-27 14:42:00,-0.2832946384696129
2020-09-27 14:45:00,-0.36022848194141943
2020-09-27 14:48:00,-0.2945638193791069
2020-09-27 14:51:00,-0.32772516565790966
2020-09-27 14:54:00,-0.29528105891745327
2020-09-27 14:57:00,-0.35561369061127834
2020-09-27 15:00:00,-0.40001142862007555
2020-09-27 15:03:00,-0.3285077554091913
2020-09-27 15:06:00,-0.1427062906296328
2020-09-27 15:09:00,-0.20666991215250619
2020-09-27 15:12:00,-0.16764006348608973
2020-09-27 15:15:00,-0.1029138117314119
2020-09-27 15:18:00,-0.15811678021304942
2020-09-27 15:21:00,-0.17543227064027178
2020-09-27 15:24:00,-0.365051282715001
2020-09-27 15:27:00,-0.27490055836403826
2020-09-27 15:30:00,-0.3015029577680366
2020-09-27 15:33:00,-0.28629685208380806
2020-09-27 15:36:00,-0.31880822519923413
2020-09-27 15:39:00,-0.30164410026634414
2020-09-27 15:42:00,-0.22703793286547125
2020-09-27 15:45:00,-0.2562259434045018
2020-09-27 15:48:00,-0.33328224703626574
2020-09-27 15:51:00,-0.38312672098311396
2020-09-27 15:54:00,-0.3683913835241128
2020-09-27 15:57:00,-0.3296466481729112
2020-09-27 16:00:00,-0.2690367534005986
2020-09-27 16:03:00,-0.3149963067442627
2020-09-27 16:06:00,-0.2697504555960677
2020-09-27 16:09:00,-0.24521190980539131
2020-09-27 16:12:00,-0.3155307938474152
2020-09-27 16:15:00,-0.23879385856969293
2020-09-27 16:18:00,-0.23603056711732506
2020-09-27 16:21:00,-0.203853125717103
2020-09-27 16:24:00,-0.18732945449471572
2020-09-27 16:27:00,-0.21490176389323778
2020-09-27 16:30:00,-0.2977351689308989
2020-09-27 16:33:00,-0.18704753734886026
2020-09-27 16:36:00,-0.19964899434836525
2020-09-27 16:39:00,-0.2575761982895415
2020-09-27 16:42:00,-0.26570272167964504
2020-09-27 16:45:00,-0.247888750792697
2020-09-27 16:48:00,-0.250614042223674
2020-09-27 16:51:00,-0.2784873380836075
2020-09-27 16:54:00,-0.2041375966753094
2020-09-27 16:57:00,-0.17112600100654163
2020-09-27 17:00:00,-0.14183434653756422
2020-09-27 17:03:00,-0.17107485080538254
2020-09-27 17:06:00,-0.22423453620194778
2020-09-27 17:09:00,-0.20100363768926854
2020-09-27 17:12:00,-0.20811197071833476
2020-09-27 17:15:00,-0.17720765413037043
2020-09-27 17:18:00,-0.2355224299284373
2020-09-27 17:21:00,-0.17948776363755314
2020-09-27 17:24:00,-0.2519320395424529
2020-09-27 17:27:00,-0.1751149921771571
2020-09-27 17:30:00,-0.18848952302556654
2020-09-27 17:33:00,-0.18961563986454166
2020-09-27 17:36:00,-0.17678804790642744
2020-09-27 17:39:00,-0.1478375285483935
2020-09-27 17:42:00,-0.10268773335542392
2020-09-27 17:45:00,-0.1730993426912164
2020-09-27 17:48:00,-0.12037969036055074
2020-09-27 17:51:00,-0.16117259111871363
2020-09-27 17:54:00,-0.13012404437859004
2020-09-27 17:57:00,-0.11136302495401651
2020-09-27 18:00:00,-0.17512118506590468
2020-09-27 18:03:00,-0.127277560860648
2020-09-27 18:06:00,-0.1462104430108866
2020-09-27 18:09:00,-0.08856768650849745
2020-09-27 18:12:00,-0.026189043396584566
2020-09-27 18:15:00,-0.0512508931298612
2020-09-27 18:18:00,-0.04296465758244494
2020-09-27 18:21:00,-0.10006517787934399
2020-09-27 18:24:00,-0.126843371110283
2020-09-27 18:27:00,-0.10240861065693707
2020-09-27 18:30:00,-0.07470744513051386
2020-09-27 18:33:00,-0.11486696079458625
2020-09-27 18:36:00,-0.06384208692821858
2020-09-27 18:39:00,-0.0967562350543858
2020-09-27 18:42:00,-0.08184203052024941
2020-09-27 18:45:00,-0.11601753595959963
2020-09-27 18:48:00,-0.09722200732846886
2020-09-27 18:51:00,-0.050731723475337276
2020-09-27 18:54:00,-0.12692309814917735
2020-09-27 18:57:00,
2020-09-27 19:00:00,
2020-09-27 19:03:00,-0.0039813466473219705
2020-09-27 19:06:00,0.0033812193503877097
2020-09-27 19:09:00,-0.09695051417008926
2020-09-27 19:12:00,-0.05560175322358418
2020-09-27 19:15:00,-0.13267101124154124
2020-09-27 19:18:00,-0.05931300802160422
2020-09-27 19:21:00,-0.06992508392983154
2020-09-27 19:24:00,0.03988133505612268
2020-09-27 19:27:00,0.02057359091429589
2020-09-27 19:30:00,0.06577518167426888
2020-09-27 19:33:00,0.09669770036811087
2020-09-27 19:36:00,0.07324643149280519
2020-09-27 19:39:00,0.01660110444856855
2020-09-27 19:42:00,-0.046817243161854094
2020-09-27 19:45:00,0.02283504702558048
2020-09-27 19:48:00,-0.025170333762616792
2020-09-27 19:51:00,0.07631909592419106
2020-09-27 19:54:00,0.0032007719287889813
2020-09-27 19:57:00,-0.0023178803739938303
2020-09-27 20:00:00,0.0298829695939844
2020-09-27 20:03:00,0.06386972850918937
2020-09-27 20:06:00,-0.03401331685489595
2020-09-27 20:09:00,-0.0002479969731439269
2020-09-27 20:12:00,0.03557033889057948
2020-09-27 20:15:00,0.07565574593047586
2020-09-27 20:18:00,0.04916997025668479
2020-09-27 20:21:00,0.01885326969528478
2020-09-27 20:24:00,0.053368816397153296
2020-09-27 20:27:00,0.01287989521443933
2020-09-27 20:30:00,0.05146685446709398
2020-09-27 20:33:00,0.006434703843126499
2020-09-27 20:36:00,0.09170718841011194
2020-09-27 20:39:00,0.1058140592529071
2020-09-27 20:42:00,0.09757284633889185
2020-09-27 20:45:00,0.05935393837603442
2020-09-27 20:48:00,0.07570495839428304
2020-09-27 20:51:00,0.08883055344375634
2020-09-27 20:54:00,0.1206857770206966
2020-09-27 20:57:00,0.11100486727275438
2020-09-27 21:00:00,0.10171559137660324
2020-09-27 21:03:00,0.14438376929763308
2020-09-27 21:06:00,0.07428812455719935
2020-09-27 21:09:00,0.07719182070201214
2020-09-27 21:12:00,0.16646381652884656
2020-09-27 21:15:00,0.10121840935164528
2020-09-27 21:18:00,0.06917566792731122
2020-09-27 21:21:00,0.1805236011500142
2020-09-27 21:24:00,0.12003543270333239
2020-09-27 21:27:00,0.057329487613685615
2020-09-27 21:30:00,0.05816163539043373
2020-09-27 21:33:00,0.03487072142928582
2020-09-27 21:36:00,0.0892311086375912
2020-09-27 21:39:00,0.031959454305479085
2020-09-27 21:42:00,0.0888920701522693
2020-09-27 21:45:00,0.04435101683532139
2020-09-27 21:48:00,0.07855201080582219
2020-09-27 21:51:00,0.07504959202395867
2020-09-27 21:54:00,0.1269194453597038
2020-09-27 21:57:00,0.07911583453363846
2020-09-27 22:00:00,0.17280364884788924
2020-09-27 22:03:00,0.0975760913203203
2020-09-27 22:06:00,0.1417757397890682
2020-09-27 22:09:00,0.21703839491692634
2020-09-27 22:12:00,0.2409049052903356
2020-09-27 22:15:00,0.12592044541241876
2020-09-27 22:18:00,0.14256405960958318
2020-09-27 22:21:00,0.18731230731856385
2020-09-27 22:24:00,0.14325647851438816
2020-09-27 22:27:00,0.21467168855178898
2020-09-27 22:30:00,0.21775701595953478
2020-09-27 22:33:00,0.1418110730297144
2020-09-27 22:36:00,0.22546901602567004
2020-09-27 22:39:00,0.1589943898845263
2020-09-27 22:42:00,0.14602397938000422
2020-09-27 22:45:00,0.1622246430607106
2020-09-27 22:48:00,0.13700034442388187
2020-09-27 22:51:00,0.26191841090764
2020-09-27 22:54:00,0.14607423338640046
2020-09-27 22:57:00,0.2098359538558725
2020-09-27 23:00:00,0.2241519432936343
2020-09-27 23:03:00,0.2028274646482373
2020-09-27 23:06:00,0.1509374843685123
2020-09-27 23:09:00,0.1763566094969633
2020-09-27 23:12:00,0.20859992080198708
2020-09-27 23:15:00,0.21693943148341077
2020-09-27 23:18:00,0.23874626602025728
2020-09-27 23:21:00,0.1736371699822712
2020-09-27 23:24:00,0.1717000246135285
2020-09-27 23:27:00,0.15910695810816833
2020-09-27 23:30:00,0.22148657800971705
2020-09-27 23:33:00,0.29601499682797794
2020-09-27 23:36:00,0.22651406018309217
2020-09-27 23:39:00,0.28273499192681584
2020-09-27 23:42:00,0.2771494365629792
2020-09-27 23:45:00,0.28827694001171267
2020-09-27 23:48:00,0.2156399217475382
2020-09-27 23:51:00,0.2574242360673793
2020-09-27 23:54:00,0.3069197758362634
2020-09-27 23:57:00,0.23457284836990766
2020-09-28 00:00:00,0.1453407624318288
2020-09-28 00:03:00,0.24121370622799532
2020-09-28 00:06:00,0.19506161391944943
2020-09-28 00:09:00,0.13091503811079974
2020-09-28 00:12:00,0.22332003054333427
2020-09-28 00:15:00,0.24098426288912833
2020-09-28 00:18:00,0.19487717066118648
2020-09-28 00:21:00,0.20871934161169747
2020-09-28 00:24:00,0.24230042583889144
2020-09-28 00:27:00,0.1789807104160559
2020-09-28 00:30:00,0.19303166204309719
2020-09-28 00:33:00,0.16471149099999138
2020-09-28 00:36:00,0.16671161106739874
2020-09-28 00:39:00,0.21753115490218988
2020-09-28 00:42:00,0.19550342580311053
2020-09-28 00:45:00,0.1850667367494907
2020-09-28 00:48:00,0.19436480857189053
2020-09-28 00:51:00,0.22053718489229368
2020-09-28 00:54:00,0.21982899165311665
2020-09-28 00:57:00,0.22397448478790238
2020-09-28 01:00:00,0.24375460174832142
2020-09-28 01:03:00,0.2953311809899333
2020-09-28 01:06:00,0.2787076601348417
2020-09-28 01:09:00,0.23637164452088655
2020-09-28 01:12:00,0.24219067807257488
2020-09-28 01:15:00,0.19257469034317864
2020-09-28 01:18:00,0.19719306682367232
2020-09-28 01:21:00,0.2616471860728211
2020-09-28 01:24:00,0.2005515173606227
2020-09-28 01:27:00,0.23683562081612308
2020-09-28 01:30:00,0.26473975325149013
2020-09-28 01:33:00,0.2346707020165013
2020-09-28 01:36:00,0.20980202964977934
2020-09-28 01:39:00,0.29182038747916295
2020-09-28 01:42:00,0.3212719783910529
2020-09-28 01:45:00,0.4267212942605738
2020-09-28 01:48:00,0.350801166207134
2020-09-28 01:51:00,0.37316616226769384
2020-09-28 01:54:00,0.24431792469215452
2020-09-28 01:57:00,0.23428306649719843
2020-09-28 02:00:00,0.20180036194261675
2020-09-28 02:03:00,0.26156380999458406
2020-09-28 02:06:00,0.25605358851652227
2020-09-28 02:09:00,0.32506106383033284
2020-09-28 02:12:00,0.25168106353748954
2020-09-28 02:15:00,0.23314488585117488
2020-09-28 02:18:00,0.27083136596678514
2020-09-28 02:21:00,0.21046739752125632
2020-09-28 02:24:00,0.2635049348136249
2020-09-28 02:27:00,0.34618468953505044
2020-09-28 02:30:00,0.24850488187615838
2020-09-28 02:33:00,0.3143116279675837
2020-09-28 02:36:00,0.31294288409981164
2020-09-28 02:39:00,0.26180412710914425
2020-09-28 02:42:00,0.26397728098214657
2020-09-28 02:45:00,0.2576794544743848
2020-09-28 02:48:00,0.2871606959458859
2020-09-28 02:51:00,0.30864719781698113
2020-09-28 02:54:00,0.30456261833757026
2020-09-28 02:57:00,0.348481527695526
2020-09-28 03:00:00,0.3436588097412141
2020-09-28 03:03:00,0.26788296754472185
2020-09-28 03:06:00,0.30784607095614547
2020-09-28 03:09:00,0.2774764462201915
2020-09-28 03:12:00,0.3707845325475887
2020-09-28 03:15:00,0.34866514104965063
2020-09-28 03:18:00,0.32462454042308764
2020-09-28 03:21:00,0.3929512712961696
2020-09-28 03:24:00,0.333541927305248
2020-09-28 03:27:00,0.3836413358554296
2020-09-28 03:30:00,0.28168828211602204
2020-09-28 03:33:00,0.3291809980316316
2020-09-28 03:36:00,0.35120229638465617
2020-09-28 03:39:00,0.30231706474074826
2020-09-28 03:42:00,0.33133280340990723
2020-09-28 03:45:00,0.31537870991434147
2020-09-28 03:48:00,0.37730958994774255
2020-09-28 03:51:00,0.3304237891615571
2020-09-28 03:54:00,0.31793637800041097
2020-09-28 03:57:00,0.3041514296379546
2020-09-28 04:00:00,0.35259422329897916
2020-09-28 04:03:00,0.3542093375889408
2020-09-28 04:06:00,0.34748797613116267
2020-09-28 04:09:00,0.37120715907184376
2020-09-28 04:12:00,0.3499801900109105
2020-09-28 04:15:00,0.26003139804458897
2020-09-28 04:18:00,0.2958120779044293
2020-09-28 04:21:00,0.2824807083231917
2020-09-28 04:24:00,0.25934801799809293
2020-09-28 04:27:00,0.3140969445763062
2020-09-28 04:30:00,0.28214546432405996
2020-09-28 04:33:00,0.2916214295930786
2020-09-28 04:36:00,0.3369792561809959
2020-09-28 04:39:00,0.36752920921071563
2020-09-28 04:42:00,0.3164417163304165
2020-09-28 04:45:00,0.3936837472829211
2020-09-28 04:48:00,0.33883590123383556
2020-09-28 04:51:00,0.3277091290467524
2020-09-28 04:54:00,0.26611944162971213
2020-09-28 04:57:00,0.36339598522926053
2020-09-28 05:00:00,0.32196017941703303
2020-09-28 05:03:00,0.3603403090619395
2020-09-28 05:06:00,0.2916032807250417
2020-09-28 05:09:00,0.32706991642629646
2020-09-28 05:12:00,0.28687924250829155
2020-09-28 05:15:00,0.3571438231948605
2020-09-28 05:18:00,0.36470880385064675
2020-09-28 05:21:00,0.2816539509182121
2020-09-28 05:24:00,0.3088283071149931
2020-09-28 05:27:00,0.2810773190618079
2020-09-28 05:30:00,0.3697921073230077
2020-09-28 05:33:00,0.343904699304062
2020-09-28 05:36:00,0.30229378940015295
2020-09-28 05:39:00,0.30851727632506254
2020-09-28 05:42:00,0.3187203559375007
2020-09-28 05:45:00,0.3336919447157243
2020-09-28 05:48:00,0.3210188911407954
2020-09-28 05:51:00,0.3150996809833373
2020-09-28 05:54:00,0.3065369120457717
2020-09-28 05:57:00,0.3612005609383573
2020-09-28 06:00:00,0.2890025280365194
2020-09-28 06:03:00,0.2850296204613869
2020-09-28 06:06:00,0.3792184974262227
2020-09-28 06:09:00,0.3427768372872606
2020-09-28 06:12:00,0.2943901167272429
2020-09-28 06:15:00,0.3512438235847526
2020-09-28 06:18:00,0.37195252143482094
2020-09-28 06:21:00,0.39204318763495394
2020-09-28 06:24:00,0.3664684895869641
2020-09-28 06:27:00,0.3179466968557563
2020-09-28 06:30:00,0.3531854454124641
2020-09-28 06:33:00,0.35109597999831976
2020-09-28 06:36:00,0.35095776220106245
2020-09-28 06:39:00,0.28804066186324917
2020-09-28 06:42:00,0.27332065193178323
2020-09-28 06:45:00,0.255482034160309
2020-09-28 06:48:00,0.2773596012656867
2020-09-28 06:51:00,0.2663497017663303
2020-09-28 06:54:00,0.31478382062954324
2020-09-28 06:57:00,0.36569041951833015
2020-09-28 07:00:00,0.3293678895338985
2020-09-28 07:03:00,0.3209198204482391
2020-09-28 07:06:00,0.2901223531226833
2020-09-28 07:09:00,0.2967944921624053
2020-09-28 07:12:00,0.2904535719517298
2020-09-28 07:15:00,0.24232359353561606
2020-09-28 07:18:00,0.2698447886664326
2020-09-28 07:21:00,0.22751826614143056
2020-09-28 07:24:00,0.22706934819314029
2020-09-28 07:27:00,0.30380976505517765
2020-09-28 07:30:00,0.26625350080195176
2020-09-28 07:33:00,0.26643085084526774
2020-09-28 07:36:00,0.2973985435631903
2020-09-28 07:39:00,0.23803054771775578
2020-09-28 07:42:00,0.22796285367275004
2020-09-28 07:45:00,0.22388864578192624
2020-09-28 07:48:00,0.26143926243128135
2020-09-28 07:51:00,0.20630983779136614
2020-09-28 07:54:00,0.20371369532330164
2020-09-28 07:57:00,0.23764186900683626
2020-09-28 08:00:00,0.21936680571525358
2020-09-28 08:03:00,0.2036578010665835
2020-09-28 08:06:00,0.20619164036241955
2020-09-28 08:09:00,0.20269386883938978
2020-09-28 08:12:00,0.14083177721846596
2020-09-28 08:15:00,0.1426624271076662
2020-09-28 08:18:00,0.10832709481752545
2020-09-28 08:21:00,0.14824346119706888
2020-09-28 08:24:00,0.1015267353609488
2020-09-28 08:27:00,0.1278037454284231
2020-09-28 08:30:00,0.0706373455785183
2020-09-28 08:33:00,0.09953652636187371
2020-09-28 08:36:00,0.06252095012587233
2020-09-28 08:39:00,0.1270262273037588
2020-09-28 08:42:00,0.11370334602281673
2020-09-28 08:45:00,0.13600940063105327
2020-09-28 08:48:00,0.11204230070950416
2020-09-28 08:51:00,0.07177560387788162
2020-09-28 08:54:00,0.09947326152621372
2020-09-28 08:57:00,0.05713827796807891
2020-09-28 09:00:00,-0.033762013088050935
2020-09-28 09:03:00,-0.007942607887628128
2020-09-28 09:06:00,-0.00415903423470354
2020-09-28 09:09:00,0.07201096246251382
2020-09-28 09:12:00,-0.0024942863599335396
2020-09-28 09:15:00,-0.06426845568182671
2020-09-28 09:18:00,-0.0425519185646408
2020-09-28 09:21:00,-0.08293524175593348
2020-09-28 09:24:00,-0.09431943649877894
2020-09-28 09:27:00,-0.07350838485183431
2020-09-28 09:30:00,-0.0884851972784304
2020-09-28 09:33:00,-0.09185166115122456
2020-09-28 09:36:00,-0.08228221486035636
2020-09-28 09:39:00,-0.13992776090026382
2020-09-28 09:42:00,-0.10450461624577656
2020-09-28 09:45:00,-0.10005000299673839
2020-09-28 09:48:00,-0.09378822975037338
2020-09-28 09:51:00,-0.0707675637681291
2020-09-28 09:54:00,-0.14251733611223472
2020-09-28 09:57:00,-0.0546881078562933
2020-09-28 10:00:00,-0.13220445535813496
2020-09-28 10:03:00,-0.13252383789159694
2020-09-28 10:06:00,-0.11514466455895445
2020-09-28 10:09:00,-0.09710064110430494
2020-09-28 10:12:00,-0.1396808078265508
2020-09-28 10:15:00,-0.02949575783821956
2020-09-28 10:18:00,-0.10313599322239497
2020-09-28 10:21:00,-0.06454516347508843
2020-09-28 10:24:00,-0.14580482396297612
2020-09-28 10:27:00,-0.09963562653598501
2020-09-28 10:30:00,-0.11758781576702404
2020-09-28 10:33:00,0.003872046265598783
2020-09-28 10:36:00,-0.1257112344246707
2020-09-28 10:39:00,-0.1606243322680143
2020-09-28 10:42:00,-0.012002758690186965
2020-09-28 10:45:00,-0.12711700598225661
2020-09-28 10:48:00,-0.2309871411482618
2020-09-28 10:51:00,-0.19349400209819123
2020-09-28 10:54:00,-0.1916414567021434
2020-09-28 10:57:00,-0.23010582386427814
2020-09-28 11:00:00,-0.2696141837010373
2020-09-28 11:03:00,-0.2787898627601635
2020-09-28 11:06:00,-0.22945311891908204
2020-09-28 11:09:00,-0.1584434427025485
2020-09-28 11:12:00,-0.055627602596075576
2020-09-28 11:15:00,-0.07426337282964823
2020-09-28 11:18:00,-0.022833575207471313
2020-09-28 11:21:00,-0.04944067256820972
2020-09-28 11:24:00,-0.17591746349961568
2020-09-28 11:27:00,-0.22962055960636008
2020-09-28 11:30:00,-0.25802313708800284
2020-09-28 11:33:00,-0.1469830531345906
2020-09-28 11:36:00,-0.0799150130005728
2020-09-28 11:39:00,-0.04494994651173556
2020-09-28 11:42:00,0.08381967999736162
2020-09-28 11:45:00,0.03807723007543018
2020-09-28 11:48:00,-0.10319216668005993
2020-09-28 11:51:00,-0.1768619688161266
2020-09-28 11:54:00,-0.24422061539212336
2020-09-28 11:57:00,-0.26463063881260496
2020-09-28 12:00:00,-0.26827499417964873
2020-09-28 12:03:00,-0.3137623827550442
2020-09-28 12:06:00,-0.3529732800693637
2020-09-28 12:09:00,-0.3384255881977083
2020-09-28 12:12:00,-0.3840267985090122
2020-09-28 12:15:00,-0.4200158685746942
2020-09-28 12:18:00,-0.38419747326986453
2020-09-28 12:21:00,-0.3995511466886228
2020-09-28 12:24:00,-0.3791956585384355
2020-09-28 12:27:00,-0.3811617589560683
2020-09-28 12:30:00,-0.2627441598568794
2020-09-28 12:33:00,-0.3217236874180003
2020-09-28 12:36:00,-0.32540081813226607
2020-09-28 12:39:00,-0.31520251404430155
2020-09-28 12:42:00,-0.3934677569973246
2020-09-28 12:45:00,-0.4407726927459521
2020-09-28 12:48:00,-0.46289413831203774
2020-09-28 12:51:00,-0.35688810074771027
2020-09-28 12:54:00,-0.19596832823793875
2020-09-28 12:57:00,-0.20414047365716215
2020-09-28 13:00:00,-0.4153169577892868
2020-09-28 13:03:00,-0.47860517803565017
2020-09-28 13:06:00,-0.476791324503381
2020-09-28 13:09:00,-0.5809901948313723
2020-09-28 13:12:00,-0.500627513270615
2020-09-28 13:15:00,-0.42894009440789205
2020-09-28 13:18:00,-0.48971066962906207
2020-09-28 13:21:00,-0.5273481719528377
2020-09-28 13:24:00,-0.5193889594531811
2020-09-28 13:27:00,-0.4702729137369488
2020-09-28 13:30:00,-0.5521045089942049
2020-09-28 13:33:00,-0.5511659618586577
2020-09-28 13:36:00,-0.5059895041757727
2020-09-28 13:39:00,-0.44317474413350055
2020-09-28 13:42:00,-0.4590295485216416
2020-09-28 13:45:00,-0.4665715743121268
2020-09-28 13:48:00,-0.48692128432713844
2020-09-28 13:51:00,-0.5113795305202302
2020-09-28 13:54:00,-0.5773263052359994
2020-09-28 13:57:00,-0.4509808154160737
2020-09-28 14:00:00,-0.4885715012786136
2020-09-28 14:03:00,-0.5089300709105373
2020-09-28 14:06:00,-0.5458633286740451
2020-09-28 14:09:00,-0.6202879092001012
2020-09-28 14:12:00,-0.49891050935559633
2020-09-28 14:15:00,-0.5852395818927221
2020-09-28 14:18:00,-0.49301789343456903
2020-09-28 14:21:00,-0.5028496325499532
2020-09-28 14:24:00,-0.4720346064200953
2020-09-28 14:27:00,-0.5194188835621958
2020-09-28 14:30:00,-0.5077940432881292
2020-09-28 14:33:00,-0.5216687655146188
2020-09-28 14:36:00,-0.5303286662996811
2020-09-28 14:39:00,-0.5112168893855369
2020-09-28 14:42:00,-0.5008599388574453
2020-09-28 14:45:00,-0.5293811005182647
2020-09-28 14:48:00,-0.4010751699239563
2020-09-28 14:51:00,-0.5218860241203629
2020-09-28 14:54:00,-0.48863460353373966
2020-09-28 14:57:00,-0.5077389472065192
2020-09-28 15:00:00,-0.4442025594166239
2020-09-28 15:03:00,-0.5425285554732113
2020-09-28 15:06:00,-0.5149455493566393
2020-09-28 15:09:00,-0.5296862577788488
2020-09-28 15:12:00,-0.48223262459902116
2020-09-28 15:15:00,-0.4963222628211952
2020-09-28 15:18:00,-0.46570443990196964
2020-09-28 15:21:00,-0.4601288433460127
2020-09-28 15:24:00,-0.4154546740701903
2020-09-28 15:27:00,-0.461528069916767
2020-09-28 15:30:00,-0.5119166852077228
2020-09-28 15:33:00,-0.4813172704792805
2020-09-28 15:36:00,-0.4688341246163077
2020-09-28 15:39:00,-0.5386834983757467
2020-09-28 15:42:00,-0.5130018942577408
2020-09-28 15:45:00,-0.5115404232158198
2020-09-28 15:48:00,-0.5095009075529902
2020-09-28 15:51:00,-0.4833793574298966
2020-09-28 15:54:00,-0.465368448431434
2020-09-28 15:57:00,-0.41092342679286276
2020-09-28 16:00:00,-0.3788063985333565
2020-09-28 16:03:00,-0.3842008445048464
2020-09-28 16:06:00,-0.35073534839580134
2020-09-28 16:09:00,-0.3486273385908589
2020-09-28 16:12:00,-0.33215917065837175
2020-09-28 16:15:00,-0.3746162109107445
2020-09-28 16:18:00,-0.40894382733876
2020-09-28 16:21:00,-0.4427249448310704
2020-09-28 16:24:00,-0.40403671835264277
2020-09-28 16:27:00,-0.4087496054537496
2020-09-28 16:30:00,-0.4560398876855061
2020-09-28 16:33:00,-0.4790536399025882
2020-09-28 16:36:00,-0.497347841588919
2020-09-28 16:39:00,-0.475677117805958
2020-09-28 16:42:00,-0.4263205769547085
2020-09-28 16:45:00,-0.41720545339819637
2020-09-28 16:48:00,-0.33699234354759255
2020-09-28 16:51:00,-0.33592941096907225
2020-09-28 16:54:00,-0.28076485414038643
2020-09-28 16:57:00,-0.24314590014108717
2020-09-28 17:00:00,-0.12078856360494683
2020-09-28 17:03:00,-0.21706040635666568
2020-09-28 17:06:00,-0.19733802146521384
2020-09-28 17:09:00,-0.19970450431128484
2020-09-28 17:12:00,-0.169623763223683
2020-09-28 17:15:00,-0.20928436762375213
2020-09-28 17:18:00,-0.12871148069581295
2020-09-28 17:21:00,-0.13518886585575274
2020-09-28 17:24:00,-0.14067491560820145
2020-09-28 17:27:00,-0.07753445463390563
2020-09-28 17:30:00,-0.15193309026255974
2020-09-28 17:33:00,-0.11125115331077495
2020-09-28 17:36:00,-0.14272326477737352
2020-09-28 17:39:00,-0.18179338193255035
2020-09-28 17:42:00,-0.1565137675747792
2020-09-28 17:45:00,-0.13282874285124535
2020-09-28 17:48:00,-0.1401455654825554
2020-09-28 17:51:00,-0.17429813878385403
2020-09-28 17:54:00,-0.13391867969619398
2020-09-28 17:57:00,-0.08329213640871558
2020-09-28 18:00:00,-0.1588353402694338
2020-09-28 18:03:00,-0.1415089403054708
2020-09-28 18:06:00,-0.11804823556576594
2020-09-28 18:09:00,-0.16338945313447084
2020-09-28 18:12:00,-0.13820456139649195
2020-09-28 18:15:00,-0.11696865065533757
2020-09-28 18:18:00,-0.16993358154422822
2020-09-28 18:21:00,-0.14585927655213027
2020-09-28 18:24:00,-0.2505829601339542
2020-09-28 18:27:00,-0.15979165203128787
2020-09-28 18:30:00,-0.219385852234268
2020-09-28 18:33:00,-0.2156909032411818
2020-09-28 18:36:00,-0.1332418820230714
2020-09-28 18:39:00,-0.1750330756723315
2020-09-28 18:42:00,-0.12710225389218976
2020-09-28 18:45:00,-0.11671099599993795
2020-09-28 18:48:00,-0.1102502805707104
2020-09-28 18:51:00,-0.18394092781454674
2020-09-28 18:54:00,-0.17169848624632778
2020-09-28 18:57:00,
2020-09-28 19:00:00,
2020-09-28 19:03:00,-0.08027418046350476
2020-09-28 19:06:00,-0.09748833446644767
2020-09-28 19:09:00,-0.10106701278908758
2020-09-28 19:12:00,0.015204227128549519
2020-09-28 19:15:00,-0.034739851073311456
2020-09-28 19:18:00,-0.03584395817387076
2020-09-28 19:21:00,-0.0018900529074130645
2020-09-28 19:24:00,-0.035245069807047
2020-09-28 19:27:00,-0.01276921879815518
2020-09-28 19:30:00,0.009184759296886114
2020-09-28 19:33:00,-0.03384961485386384
2020-09-28 19:36:00,0.002811764031605435
2020-09-28 19:39:00,-0.008095938319854667
2020-09-28 19:42:00,-0.02222385290906459
2020-09-28 19:45:00,-0.01556838081864953
2020-09-28 19:48:00,0.0009380030006695961
2020-09-28 19:51:00,0.01875084708592567
2020-09-28 19:54:00,0.0144954027467179
2020-09-28 19:57:00,-0.023377118911128036
2020-09-28 20:00:00,-0.02027660687366506
2020-09-28 20:03:00,0.031944862813986674
2020-09-28 20:06:00,0.009013723373129778
2020-09-28 20:09:00,0.026129672237743762
2020-09-28 20:12:00,0.07898386203447672
2020-09-28 20:15:00,0.07061473291196307
2020-09-28 20:18:00,0.0484857069753275
2020-09-28 20:21:00,0.09178103757130884
2020-09-28 20:24:00,0.06736529404486191
2020-09-28 20:27:00,0.06498436141004049
2020-09-28 20:30:00,0.027652617183832717
2020-09-28 20:33:00,0.08423469133117578
2020-09-28 20:36:00,0.0850828794243057
2020-09-28 20:39:00,0.08742206850564571
2020-09-28 20:42:00,0.07681665042736086
2020-09-28 20:45:00,0.05095806591430119
2020-09-28 20:48:00,0.1410431063188753
2020-09-28 20:51:00,0.10366857176046551
2020-09-28 20:54:00,0.09308876957152279
2020-09-28 20:57:00,0.12262389032167675
2020-09-28 21:00:00,0.06734084679692387
2020-09-28 21:03:00,0.12318637315883052
2020-09-28 21:06:00,0.10282255648741057
2020-09-28 21:09:00,0.07470011994485048
2020-09-28 21:12:00,0.14920404642793983
2020-09-28 21:15:00,0.15225618053335666
2020-09-28 21:18:00,0.08505638624200174
2020-09-28 21:21:00,0.12004229946768419
2020-09-28 21:24:00,0.10449148285238152
2020-09-28 21:27:00,0.1549762515391535
2020-09-28 21:30:00,0.07733359963123121
2020-09-28 21:33:00,0.06675747841654811
2020-09-28 21:36:00,0.07298871930004225
2020-09-28 21:39:00,0.016943111602415684
2020-09-28 21:42:00,0.18772080590900941
2020-09-28 21:45:00,0.06168902607601012
2020-09-28 21:48:00,0.0966681764838313
2020-09-28 21:51:00,0.12551400742250962
2020-09-28 21:54:00,0.15923288792617996
2020-09-28 21:57:00,0.09305306024788251
2020-09-28 22:00:00,0.1922797672049228
2020-09-28 22:03:00,0.22914076025853092
2020-09-28 22:06:00,0.1921570410310096
2020-09-28 22:09:00,0.09629211502203816
2020-09-28 22:12:00,0.10999974731663542
2020-09-28 22:15:00,0.13295566631433076
2020-09-28 22:18:00,0.10086324073347441
2020-09-28 22:21:00,0.18975902224099173
2020-09-28 22:24:00,0.11558708358484182
2020-09-28 22:27:00,0.18797053874646963
2020-09-28 22:30:00,0.1681730589490371
2020-09-28 22:33:00,0.19104566050179983
2020-09-28 22:36:00,0.16095289503198273
2020-09-28 22:39:00,0.13033728492735008
2020-09-28 22:42:00,0.1480897713934155
2020-09-28 22:45:00,0.21088526222808923
2020-09-28 22:48:00,0.16026629670716375
2020-09-28 22:51:00,0.1342168839861415
2020-09-28 22:54:00,0.17224298715376563
2020-09-28 22:57:00,0.12608977512877573
2020-09-28 23:00:00,0.12710450693708708
2020-09-28 23:03:00,0.09402670131817104
2020-09-28 23:06:00,0.12498059901230363
2020-09-28 23:09:00,0.15198413528150923
2020-09-28 23:12:00,0.13685908520608336
2020-09-28 23:15:00,0.18312622141979773
2020-09-28 23:18:00,0.12977343465240665
2020-09-28 23:21:00,0.1510115073692191
2020-09-28 23:24:00,0.11695855274945188
2020-09-28 23:27:00,0.17862730272764793
2020-09-28 23:30:00,0.16936347594486278
2020-09-28 23:33:00,0.1720032136286136
2020-09-28 23:36:00,0.21603296822235052
2020-09-28 23:39:00,0.11630974209828082
2020-09-28 23:42:00,0.1603982966483386
2020-09-28 23:45:00,0.1633093473021745
2020-09-28 23:48:00,0.2098821747684383
2020-09-28 23:51:00,0.14545873938885734
2020-09-28 23:54:00,0.10362882430820264
2020-09-28 23:57:00,0.11907855241724974
2020-09-29 00:00:00,0.17797404039669118
2020-09-29 00:03:00,0.07896168493050482
2020-09-29 00:06:00,0.14580341970321342
2020-09-29 00:09:00,0.08985622510533631
2020-09-29 00:12:00,0.13811799084078302
2020-09-29 00:15:00,0.1500826565592206
2020-09-29 00:18:00,0.22463468350269977
2020-09-29 00:21:00,0.16633493590637727
2020-09-29 00:24:00,0.16475061841981642
2020-09-29 00:27:00,0.11756553552646665
2020-09-29 00:30:00,0.2131109466891985
2020-09-29 00:33:00,0.23294741962115495
2020-09-29 00:36:00,0.18039786100439414
2020-09-29 00:39:00,0.2684726218898277
2020-09-29 00:42:00,0.22676476683028568
2020-09-29 00:45:00,0.20342067260884278
2020-09-29 00:48:00,0.08436334791019817
2020-09-29 00:51:00,0.180359716888006
2020-09-29 00:54:00,0.1858182007968594
2020-09-29 00:57:00,0.09437477020742335
2020-09-29 01:00:00,0.08388144373549267
2020-09-29 01:03:00,0.08174463698492218
2020-09-29 01:06:00,0.01879492691159612
2020-09-29 01:09:00,0.10751663741177708
2020-09-29 01:12:00,0.09235235688015564
2020-09-29 01:15:00,0.12880597072228284
2020-09-29 01:18:00,0.12820920347309084
2020-09-29 01:21:00,0.1394304784968199
2020-09-29 01:24:00,0.16084360638302542
2020-09-29 01:27:00,0.1295322193342372
2020-09-29 01:30:00,0.18527736582518628
2020-09-29 01:33:00,0.18634526806653184
2020-09-29 01:36:00,0.2276786446682877
2020-09-29 01:39:00,0.141842889661973
2020-09-29 01:42:00,0.20551281332279814
2020-09-29 01:45:00,0.22468600410871886
2020-09-29 01:48:00,0.19690647234278913
2020-09-29 01:51:00,0.20522715113969525
2020-09-29 01:54:00,0.21801522171057286
2020-09-29 01:57:00,0.1473455217108608
2020-09-29 02:00:00,0.23860612281879412
2020-09-29 02:03:00,0.19949767763591808
2020-09-29 02:06:00,0.18915074992406744
2020-09-29 02:09:00,0.1462285037977722
2020-09-29 02:12:00,0.21057940738063508
2020-09-29 02:15:00,0.21695991241460888
2020-09-29 02:18:00,0.1458820599820001
2020-09-29 02:21:00,0.1472902141956638
2020-09-29 02:24:00,0.15430860683085257
2020-09-29 02:27:00,0.1167515001690731
2020-09-29 02:30:00,0.1347162562232711
2020-09-29 02:33:00,0.16877254613939385
2020-09-29 02:36:00,0.132850118749559
2020-09-29 02:39:00,0.15718535856410654
2020-09-29 02:42:00,0.17741847933939425
2020-09-29 02:45:00,0.17125067052023724
2020-09-29 02:48:00,0.2213579031849804
2020-09-29 02:51:00,0.2331719903256726
2020-09-29 02:54:00,0.166997015072468
2020-09-29 02:57:00,0.1245981388257178
2020-09-29 03:00:00,0.07769612531507164
2020-09-29 03:03:00,0.035446532563526034
2020-09-29 03:06:00,-0.012217887462099952
2020-09-29 03:09:00,-0.005012096808002298
2020-09-29 03:12:00,0.0380822843398505
2020-09-29 03:15:00,0.056666120293584754
2020-09-29 03:18:00,0.07143990159028135
2020-09-29 03:21:00,0.11442303803602272
2020-09-29 03:24:00,0.21206147733244052
2020-09-29 03:27:00,0.1998348305806985
2020-09-29 03:30:00,0.19404953971121586
2020-09-29 03:33:00,0.27000646516268034
2020-09-29 03:36:00,0.2062180791064634
2020-09-29 03:39:00,0.18541547554912086
2020-09-29 03:42:00,0.17098133556658013
2020-09-29 03:45:00,0.18592643100066653
2020-09-29 03:48:00,0.18726665208851045
2020-09-29 03:51:00,0.26314322738431883
2020-09-29 03:54:00,0.12662989749310327
2020-09-29 03:57:00,0.24637571207227893
2020-09-29 04:00:00,0.23577233744310888
2020-09-29 04:03:00,0.23938366274342116
2020-09-29 04:06:00,0.2549071770280875
2020-09-29 04:09:00,0.2123213233134038
2020-09-29 04:12:00,0.19433004675289567
2020-09-29 04:15:00,0.2439804615505068
2020-09-29 04:18:00,0.20009499562922883
2020-09-29 04:21:00,0.3158395543167103
2020-09-29 04:24:00,0.2721283067510285
2020-09-29 04:27:00,0.23341754863719189
2020-09-29 04:30:00,0.18809865657721048
2020-09-29 04:33:00,0.24908494022440664
2020-09-29 04:36:00,0.2431755802425073
2020-09-29 04:39:00,0.25973216241402497
2020-09-29 04:42:00,0.24981108377966166
2020-09-29 04:45:00,0.28001902884210494
2020-09-29 04:48:00,0.25107685313946604
2020-09-29 04:51:00,0.2444767100766967
2020-09-29 04:54:00,0.21822055455515965
2020-09-29 04:57:00,0.263650617802341
2020-09-29 05:00:00,0.17011326656387382
2020-09-29 05:03:00,0.28449762689734825
2020-09-29 05:06:00,0.269229062671684
2020-09-29 05:09:00,0.2831639671110793
2020-09-29 05:12:00,0.18979081932013742
2020-09-29 05:15:00,0.2834799400473571
2020-09-29 05:18:00,0.2935521928429239
2020-09-29 05:21:00,0.21154301896558536
2020-09-29 05:24:00,0.2994340354367182
2020-09-29 05:27:00,0.25861696934975953
2020-09-29 05:30:00,0.3290448964029338
2020-09-29 05:33:00,0.271233845140614
2020-09-29 05:36:00,0.2759470843946019
2020-09-29 05:39:00,0.29536855666503925
2020-09-29 05:42:00,0.28677725865929915
2020-09-29 05:45:00,0.26356813719166894
2020-09-29 05:48:00,0.24396761434621794
2020-09-29 05:51:00,0.22308795034541617
2020-09-29 05:54:00,0.26896385374055853
2020-09-29 05:57:00,0.29841606933746334
2020-09-29 06:00:00,0.28315363776493996
2020-09-29 06:03:00,0.2793553277120395
2020-09-29 06:06:00,0.28658508151636397
2020-09-29 06:09:00,0.3005658988748223
2020-09-29 06:12:00,0.3137922832391382
2020-09-29 06:15:00,0.2316266618495888
2020-09-29 06:18:00,0.21912529484194465
2020-09-29 06:21:00,0.20178948683104636
2020-09-29 06:24:00,0.24690623914466414
2020-09-29 06:27:00,0.15881771684058776
2020-09-29 06:30:00,0.1829582564793668
2020-09-29 06:33:00,0.30418534336479297
2020-09-29 06:36:00,0.24701260967680128
2020-09-29 06:39:00,0.2934023351541555
2020-09-29 06:42:00,0.32876152841356543
2020-09-29 06:45:00,0.3541811854049115
2020-09-29 06:48:00,0.3121452076414357
2020-09-29 06:51:00,0.29944126215951883
2020-09-29 06:54:00,0.32773708773413546
2020-09-29 06:57:00,0.3427733396109147
2020-09-29 07:00:00,0.33715202800118504
2020-09-29 07:03:00,0.3142866670328317
2020-09-29 07:06:00,0.27794086199963886
2020-09-29 07:09:00,0.354203130664132
2020-09-29 07:12:00,0.36585916027433996
2020-09-29 07:15:00,0.28514852209082164
2020-09-29 07:18:00,0.23171069325906046
2020-09-29 07:21:00,0.2915868253766689
2020-09-29 07:24:00,0.2677638130161881
2020-09-29 07:27:00,0.3116340351393774
2020-09-29 07:30:00,0.275631373284682
2020-09-29 07:33:00,0.3156250272080001
2020-09-29 07:36:00,0.3333080033546594
2020-09-29 07:39:00,0.217877325581469
2020-09-29 07:42:00,0.2758844540441032
2020-09-29 07:45:00,0.27778215622123525
2020-09-29 07:48:00,0.28205025620428614
2020-09-29 07:51:00,0.19002884094317096
2020-09-29 07:54:00,0.24410486769437512
2020-09-29 07:57:00,0.24175329667650658
2020-09-29 08:00:00,0.256288928048491
2020-09-29 08:03:00,0.2069496730172773
2020-09-29 08:06:00,0.22112799686033213
2020-09-29 08:09:00,0.13189932931146586
2020-09-29 08:12:00,0.1791848826580349
2020-09-29 08:15:00,0.15438444549306496
2020-09-29 08:18:00,0.18409281480165873
2020-09-29 08:21:00,0.07720327405729677
2020-09-29 08:24:00,0.10346969437631515
2020-09-29 08:27:00,0.11843379785830166
2020-09-29 08:30:00,0.1060786875692088
2020-09-29 08:33:00,0.08831827937979142
2020-09-29 08:36:00,0.0920373782279853
2020-09-29 08:39:00,0.12125547487755739
2020-09-29 08:42:00,0.1076751723493885
2020-09-29 08:45:00,0.09044431156877408
2020-09-29 08:48:00,0.10969469024206546
2020-09-29 08:51:00,0.020494181255116928
2020-09-29 08:54:00,0.03749092755140282
2020-09-29 08:57:00,-0.0017949250339484024
2020-09-29 09:00:00,-0.02361335463501746
2020-09-29 09:03:00,-0.057937584809735654
2020-09-29 09:06:00,0.0042795842496730074
2020-09-29 09:09:00,0.01412226132458727
2020-09-29 09:12:00,-0.04489784206987224
2020-09-29 09:15:00,-0.04791658101567009
2020-09-29 09:18:00,-0.12360486812832505
2020-09-29 09:21:00,-0.07184933508511904
2020-09-29 09:24:00,-0.11535330920622755
2020-09-29 09:27:00,-0.0873653507292147
2020-09-29 09:30:00,-0.20247546707457786
2020-09-29 09:33:00,-0.13116619325376178
2020-09-29 09:36:00,-0.1462473765546406
2020-09-29 09:39:00,-0.07883876725350092
2020-09-29 09:42:00,-0.19593015779781808
2020-09-29 09:45:00,-0.14824502945424456
2020-09-29 09:48:00,-0.25341159060752716
2020-09-29 09:51:00,-0.12601631798423796
2020-09-29 09:54:00,-0.13322034011844153
2020-09-29 09:57:00,-0.14769075805367038
2020-09-29 10:00:00,-0.16373374090619564
2020-09-29 10:03:00,-0.1671797862790072
2020-09-29 10:06:00,-0.19179417556097178
2020-09-29 10:09:00,-0.15760387380544216
2020-09-29 10:12:00,-0.19565525165239706
2020-09-29 10:15:00,-0.15397687826686024
2020-09-29 10:18:00,-0.1308518907746361
2020-09-29 10:21:00,-0.11672567618484209
2020-09-29 10:24:00,-0.226180117713227
2020-09-29 10:27:00,-0.2482432130383927
2020-09-29 10:30:00,-0.2571590175120946
2020-09-29 10:33:00,-0.2492808208335191
2020-09-29 10:36:00,-0.2468514198303069
2020-09-29 10:39:00,-0.18003316651089563
2020-09-29 10:42:00,-0.3188758854083744
2020-09-29 10:45:00,-0.21206814365439186
2020-09-29 10:48:00,-0.23304799822494715
2020-09-29 10:51:00,-0.21566621164316757
2020-09-29 10:54:00,-0.14631232394128801
2020-09-29 10:57:00,-0.19356067766585738
2020-09-29 11:00:00,-0.18292829506913222
2020-09-29 11:03:00,-0.1686108360770504
2020-09-29 11:06:00,-0.11174447645521468
2020-09-29 11:09:00,-0.1581329786985748
2020-09-29 11:12:00,-0.16661163461384376
2020-09-29 11:15:00,-0.14916775588068276
2020-09-29 11:18:00,-0.2200717389839042
2020-09-29 11:21:00,-0.12813111040787817
2020-09-29 11:24:00,-0.1175168849487136
2020-09-29 11:27:00,-0.23955568726006504
2020-09-29 11:30:00,-0.24568407147631888
2020-09-29 11:33:00,-0.334691428383735
2020-09-29 11:36:00,-0.27067765298238555
2020-09-29 11:39:00,-0.19613467552113661
2020-09-29 11:42:00,-0.19386547850081115
2020-09-29 11:45:00,-0.2540349414521188
2020-09-29 11:48:00,-0.1994253226933438
2020-09-29 11:51:00,-0.17776025733263623
2020-09-29 11:54:00,0.06682769345781026
2020-09-29 11:57:00,0.07673951033382309
2020-09-29 12:00:00,0.21682535745338782
2020-09-29 12:03:00,0.07387897974399493
2020-09-29 12:06:00,0.1337919237230949
2020-09-29 12:09:00,0.10007714464921946
2020-09-29 12:12:00,0.11270551016667696
2020-09-29 12:15:00,0.0770747768794422
2020-09-29 12:18:00,-0.08022821241291922
2020-09-29 12:21:00,-0.06254627147922065
2020-09-29 12:24:00,0.007463425326534434
2020-09-29 12:27:00,0.32508741705311195
2020-09-29 12:30:00,0.01692263827635543
2020-09-29 12:33:00,0.1643858879164668
2020-09-29 12:36:00,0.34637136056926465
2020-09-29 12:39:00,0.5146307886300292
2020-09-29 12:42:00,0.48754126662845465
2020-09-29 12:45:00,0.33617971035727123
2020-09-29 12:48:00,0.3961425425091534
2020-09-29 12:51:00,0.31434716279756003
2020-09-29 12:54:00,0.315911455698199
2020-09-29 12:57:00,0.3018958109028631
2020-09-29 13:00:00,0.2539364595995153
2020-09-29 13:03:00,0.2701117736303331
2020-09-29 13:06:00,0.2854134740716745
2020-09-29 13:09:00,0.2629333104552529
2020-09-29 13:12:00,0.19357796623421564
2020-09-29 13:15:00,0.27581354491701404
2020-09-29 13:18:00,0.2430575463379796
2020-09-29 13:21:00,0.26239450001406794
2020-09-29 13:24:00,0.2570988025660199
2020-09-29 13:27:00,0.3263245378702777
2020-09-29 13:30:00,0.4114668608926877
2020-09-29 13:33:00,0.42167814659188707
2020-09-29 13:36:00,0.48387031052118346
2020-09-29 13:39:00,0.41452075217222273
2020-09-29 13:42:00,0.3627867860615197
2020-09-29 13:45:00,0.3531519686559932
2020-09-29 13:48:00,0.36346775465398196
2020-09-29 13:51:00,0.3692158024344394
2020-09-29 13:54:00,0.4928483803082031
2020-09-29 13:57:00,0.4699927233315293
2020-09-29 14:00:00,0.47915423230460874
2020-09-29 14:03:00,0.5181680739309513
2020-09-29 14:06:00,0.5246384516278226
2020-09-29 14:09:00,0.48937126694721655
2020-09-29 14:12:00,0.4994865296837361
2020-09-29 14:15:00,0.5016273680610084
2020-09-29 14:18:00,0.5136630353074452
2020-09-29 14:21:00,0.6525198062981303
2020-09-29 14:24:00,0.7262257573820534
2020-09-29 14:27:00,0.6629678578608491
2020-09-29 14:30:00,0.5809126625900944
2020-09-29 14:33:00,0.5048080497465435
2020-09-29 14:36:00,0.6716625902033115
2020-09-29 14:39:00,0.5468675719764065
2020-09-29 14:42:00,0.5278241567625059
2020-09-29 14:45:00,0.5498224268944227
2020-09-29 14:48:00,0.5673014685425528
2020-09-29 14:51:00,0.7088722199146673
2020-09-29 14:54:00,0.7567562773510872
2020-09-29 14:57:00,0.5392146473693629
2020-09-29 15:00:00,0.4309710706831993
2020-09-29 15:03:00,0.33903281992581924
2020-09-29 15:06:00,0.33529626805693624
2020-09-29 15:09:00,0.3499344686932204
2020-09-29 15:12:00,0.35386773368662716
2020-09-29 15:15:00,0.34986159959515817
2020-09-29 15:18:00,0.3317720280723506
2020-09-29 15:21:00,0.34436250055665596
2020-09-29 15:24:00,0.3725934200297729
2020-09-29 15:27:00,0.35545050797048816
2020-09-29 15:30:00,0.2674560683987579
2020-09-29 15:33:00,0.2765198272510361
2020-09-29 15:36:00,0.2575587081560684
2020-09-29 15:39:00,0.2764849276647965
2020-09-29 15:42:00,0.38859191576210605
2020-09-29 15:45:00,0.3434382424818523
2020-09-29 15:48:00,0.37214374273833073
2020-09-29 15:51:00,0.3863942823367097
2020-09-29 15:54:00,0.4080523867338002
2020-09-29 15:57:00,0.3388088892372707
2020-09-29 16:00:00,0.23802894969389854
2020-09-29 16:03:00,0.3765435013286833
2020-09-29 16:06:00,0.29299719231022436
2020-09-29 16:09:00,0.22791244231046903
2020-09-29 16:12:00,0.24749342930624607
2020-09-29 16:15:00,0.28409194505513824
2020-09-29 16:18:00,0.22135330945491205
2020-09-29 16:21:00,0.2945921138551739
2020-09-29 16:24:00,0.2860759908551813
2020-09-29 16:27:00,0.24385715644751826
2020-09-29 16:30:00,0.20205914238539435
2020-09-29 16:33:00,0.2431768200622173
2020-09-29 16:36:00,0.27032240276906805
2020-09-29 16:39:00,0.20418845895966342
2020-09-29 16:42:00,0.27219372007743914
2020-09-29 16:45:00,0.278941157642862
2020-09-29 16:48:00,0.22420252304783617
2020-09-29 16:51:00,0.24243032867855163
2020-09-29 16:54:00,0.22000297107570077
2020-09-29 16:57:00,0.15165405067597248
2020-09-29 17:00:00,0.18917290663625863
2020-09-29 17:03:00,0.18866402521172176
2020-09-29 17:06:00,0.18003620183930025
2020-09-29 17:09:00,0.17119647726588028
2020-09-29 17:12:00,0.27403607260185936
2020-09-29 17:15:00,0.6291202858916449
2020-09-29 17:18:00,0.6426459471979911
2020-09-29 17:21:00,0.2500496578375646
2020-09-29 17:24:00,0.15211016837491798
2020-09-29 17:27:00,0.2302500432801935
2020-09-29 17:30:00,0.24903711865437117
2020-09-29 17:33:00,0.26613756436580616
2020-09-29 17:36:00,0.3152732959438822
2020-09-29 17:39:00,0.24341929285765218
2020-09-29 17:42:00,0.30259559385154944
2020-09-29 17:45:00,0.23521921658971223
2020-09-29 17:48:00,0.27367903567613894
2020-09-29 17:51:00,0.3196009944203979
2020-09-29 17:54:00,0.30362521984454816
2020-09-29 17:57:00,0.22776121759062562
2020-09-29 18:00:00,0.23760903409026923
2020-09-29 18:03:00,0.1456571065016874
2020-09-29 18:06:00,0.20390590539233244
2020-09-29 18:09:00,0.2404962944526119
2020-09-29 18:12:00,0.2724519281382527
2020-09-29 18:15:00,0.2556842715538892
2020-09-29 18:18:00,0.27180780936424753
2020-09-29 18:21:00,0.27313360911853124
2020-09-29 18:24:00,0.2403669618822164
2020-09-29 18:27:00,0.3149268498379456
2020-09-29 18:30:00,0.3079779820079125
2020-09-29 18:33:00,0.3289874791531133
2020-09-29 18:36:00,0.41354132049650616
2020-09-29 18:39:00,0.31478874323306627
2020-09-29 18:42:00,0.3368186534685833
2020-09-29 18:45:00,0.32136065930149016
2020-09-29 18:48:00,0.3211841347998643
2020-09-29 18:51:00,0.25713699524368394
2020-09-29 18:54:00,0.22386840342471714
2020-09-29 18:57:00,
2020-09-29 19:00:00,
2020-09-29 19:03:00,0.25162521358834056
2020-09-29 19:06:00,0.1820065077814661
2020-09-29 19:09:00,0.27142445486657607
2020-09-29 19:12:00,0.24710876004087368
2020-09-29 19:15:00,0.3879228726853512
2020-09-29 19:18:00,0.6965224854309326
2020-09-29 19:21:00,0.506585768891739
2020-09-29 19:24:00,0.27029130864610806
2020-09-29 19:27:00,0.2954163565709109
2020-09-29 19:30:00,0.2702898800463345
2020-09-29 19:33:00,0.37303164014610957
2020-09-29 19:36:00,0.22608872335757724
2020-09-29 19:39:00,0.22445189147782685
2020-09-29 19:42:00,0.09699329953537017
2020-09-29 19:45:00,0.1627185425203379
2020-09-29 19:48:00,0.24995818476992326
2020-09-29 19:51:00,0.1364242685286854
2020-09-29 19:54:00,0.10258323647190082
2020-09-29 19:57:00,0.3012882363333915
2020-09-29 20:00:00,0.36676512903238745
2020-09-29 20:03:00,0.5822739527216072
2020-09-29 20:06:00,0.7099295957435174
2020-09-29 20:09:00,0.666962152384599
2020-09-29 20:12:00,0.6331685973428876
2020-09-29 20:15:00,0.44987590922147547
2020-09-29 20:18:00,0.30338245100779204
2020-09-29 20:21:00,0.17860865212981025
2020-09-29 20:24:00,0.28988718750940734
2020-09-29 20:27:00,0.2613003639673934
2020-09-29 20:30:00,0.20195362021564733
2020-09-29 20:33:00,0.2571126299397406
2020-09-29 20:36:00,0.25303973639245214
2020-09-29 20:39:00,0.22367060406548944
2020-09-29 20:42:00,0.24666120786986312
2020-09-29 20:45:00,0.29639195276780583
2020-09-29 20:48:00,0.2779422486092358
2020-09-29 20:51:00,0.31834184542901767
2020-09-29 20:54:00,0.3382240368343332
2020-09-29 20:57:00,0.3844345290901856
2020-09-29 21:00:00,0.5093997464480253
2020-09-29 21:03:00,0.4125505985859945
2020-09-29 21:06:00,0.3966047514931006
2020-09-29 21:09:00,0.4963276704654618
2020-09-29 21:12:00,0.42136923107625535
2020-09-29 21:15:00,0.4422505224859492
2020-09-29 21:18:00,0.36747975500179564
2020-09-29 21:21:00,0.44746880591799254
2020-09-29 21:24:00,0.36360220224082695
2020-09-29 21:27:00,0.32476519260217174
2020-09-29 21:30:00,0.3454193085043471
2020-09-29 21:33:00,0.37059296374235373
2020-09-29 21:36:00,0.3671390359470479
2020-09-29 21:39:00,0.32248577138727796
2020-09-29 21:42:00,0.30003536850728096
2020-09-29 21:45:00,0.28117548893948197
2020-09-29 21:48:00,0.24983893069673968
2020-09-29 21:51:00,0.2693097968121947
2020-09-29 21:54:00,0.29493215851834975
2020-09-29 21:57:00,0.2678369229437294
2020-09-29 22:00:00,0.2759472532758309
2020-09-29 22:03:00,0.19896052363554872
2020-09-29 22:06:00,0.22570196780793594
2020-09-29 22:09:00,0.22584554529197476
2020-09-29 22:12:00,0.2378762422301861
2020-09-29 22:15:00,0.31699946459394823
2020-09-29 22:18:00,0.25224201089275766
2020-09-29 22:21:00,0.2846573954504379
2020-09-29 22:24:00,0.24514703398961046
2020-09-29 22:27:00,0.24972083008594836
2020-09-29 22:30:00,0.2367938545065158
2020-09-29 22:33:00,0.25717739914381355
2020-09-29 22:36:00,0.29308378909479416
2020-09-29 22:39:00,0.3243315175202497
2020-09-29 22:42:00,0.28533856095788224
2020-09-29 22:45:00,0.2530335904270373
2020-09-29 22:48:00,0.30923337509875637
2020-09-29 22:51:00,0.28888876390448104
2020-09-29 22:54:00,0.2494267120681002
2020-09-29 22:57:00,0.29715883015222744
2020-09-29 23:00:00,0.27153018342585256
2020-09-29 23:03:00,0.28770942001227695
2020-09-29 23:06:00,0.28813386821605036
2020-09-29 23:09:00,0.3241634331762384
2020-09-29 23:12:00,0.32930486176343265
2020-09-29 23:15:00,0.23052342704488638
2020-09-29 23:18:00,0.22703583956308648
2020-09-29 23:21:00,0.2640901462010561
2020-09-29 23:24:00,0.270868760901692
2020-09-29 23:27:00,0.2693744045252515
2020-09-29 23:30:00,0.3093553921801231
2020-09-29 23:33:00,0.29371290366577796
2020-09-29 23:36:00,0.29994392165417594
2020-09-29 23:39:00,0.3481547034610344
2020-09-29 23:42:00,0.2462627708809464
2020-09-29 23:45:00,0.291579848314484
2020-09-29 23:48:00,0.2677315922134085
2020-09-29 23:51:00,0.33351775236127423
2020-09-29 23:54:00,0.3066123278669579
2020-09-29 23:57:00,0.2682585525884065
2020-09-30 00:00:00,0.262013304097934
2020-09-30 00:03:00,0.27572701094948115
2020-09-30 00:06:00,0.2930565438987287
2020-09-30 00:09:00,0.25567834823760904
2020-09-30 00:12:00,0.3253344198216155
2020-09-30 00:15:00,0.28351572048404705
2020-09-30 00:18:00,0.32287716597096505
2020-09-30 00:21:00,0.27606842671957565
2020-09-30 00:24:00,0.3205291202162357
2020-09-30 00:27:00,0.32729991321724583
2020-09-30 00:30:00,0.30570875846819945
2020-09-30 00:33:00,0.3010398555277902
2020-09-30 00:36:00,0.289351578039998
2020-09-30 00:39:00,0.3758799548885463
2020-09-30 00:42:00,0.42324696575531107
2020-09-30 00:45:00,0.30494153896603393
2020-09-30 00:48:00,0.3158880984319694
2020-09-30 00:51:00,0.37242291873093336
2020-09-30 00:54:00,0.36186850257848846
2020-09-30 00:57:00,0.326760431260368
2020-09-30 01:00:00,0.2972365399994601
2020-09-30 01:03:00,0.3168190428011144
2020-09-30 01:06:00,0.4041312309171303
2020-09-30 01:09:00,0.3438455544934982
2020-09-30 01:12:00,0.35283578425048745
2020-09-30 01:15:00,0.4463292557064733
2020-09-30 01:18:00,0.45680965812300656
2020-09-30 01:21:00,0.417079420690186
2020-09-30 01:24:00,0.4298899546649295
2020-09-30 01:27:00,0.550249503634177
2020-09-30 01:30:00,0.48995886793773025
2020-09-30 01:33:00,0.5266325677202985
2020-09-30 01:36:00,0.5404611561216939
2020-09-30 01:39:00,0.4613406097894881
2020-09-30 01:42:00,0.4773741438212369
2020-09-30 01:45:00,0.4243897298943011
2020-09-30 01:48:00,0.47683992062627567
2020-09-30 01:51:00,0.4344081561758344
2020-09-30 01:54:00,0.434882608936789
2020-09-30 01:57:00,0.4274137364055264
2020-09-30 02:00:00,0.4658770333683151
2020-09-30 02:03:00,0.44994960029447384
2020-09-30 02:06:00,0.411625686337004
2020-09-30 02:09:00,0.3761357423084064
2020-09-30 02:12:00,0.32643334633229415
2020-09-30 02:15:00,0.3718513879145462
2020-09-30 02:18:00,0.3606359630187512
2020-09-30 02:21:00,0.3358627389325193
2020-09-30 02:24:00,0.4548686669194808
2020-09-30 02:27:00,0.43511887846392483
2020-09-30 02:30:00,0.38996687260225826
2020-09-30 02:33:00,0.5205538141332795
2020-09-30 02:36:00,0.5602456102779456
2020-09-30 02:39:00,0.5891721931021721
2020-09-30 02:42:00,0.553616115842658
2020-09-30 02:45:00,0.6853341038059284
2020-09-30 02:48:00,0.6515786184173749
2020-09-30 02:51:00,0.5745279700873311
2020-09-30 02:54:00,0.6494865529624008
2020-09-30 02:57:00,0.564336346359255
2020-09-30 03:00:00,0.5775021408611565
2020-09-30 03:03:00,0.6107881845872498
2020-09-30 03:06:00,0.5640604716240318
2020-09-30 03:09:00,0.5510976933675806
2020-09-30 03:12:00,0.5544966517044827
2020-09-30 03:15:00,0.534365136119618
2020-09-30 03:18:00,0.527714989241872
2020-09-30 03:21:00,0.4969334424044973
2020-09-30 03:24:00,0.4586640974723082
2020-09-30 03:27:00,0.5093724370849486
2020-09-30 03:30:00,0.4886208629217208
2020-09-30 03:33:00,0.44961094342522756
2020-09-30 03:36:00,0.41654088375935316
2020-09-30 03:39:00,0.4157111192603793
2020-09-30 03:42:00,0.4687640466955827
2020-09-30 03:45:00,0.36389088915535694
2020-09-30 03:48:00,0.3449556486813208
2020-09-30 03:51:00,0.36203574942493333
2020-09-30 03:54:00,0.3178101163667293
2020-09-30 03:57:00,0.37030368817141834
2020-09-30 04:00:00,0.34338563396033805
2020-09-30 04:03:00,0.36418458761681904
2020-09-30 04:06:00,0.3614803769267496
2020-09-30 04:09:00,0.35018223460383524
2020-09-30 04:12:00,0.41558396663668873
2020-09-30 04:15:00,0.5364471682929661
2020-09-30 04:18:00,0.45303209205422945
2020-09-30 04:21:00,0.5288932838122946
2020-09-30 04:24:00,0.5044826752658764
2020-09-30 04:27:00,0.4983943844956684
2020-09-30 04:30:00,0.48968272410809277
2020-09-30 04:33:00,0.4521213877939658
2020-09-30 04:36:00,0.46730705241736814
2020-09-30 04:39:00,0.4436929582302582
2020-09-30 04:42:00,0.5034980100500661
2020-09-30 04:45:00,0.5791969644080268
2020-09-30 04:48:00,0.532570391189779
2020-09-30 04:51:00,0.5189308255258993
2020-09-30 04:54:00,0.601000162263972
2020-09-30 04:57:00,0.5460769693282259
2020-09-30 05:00:00,0.6044295731241505
2020-09-30 05:03:00,0.5635647548871248
2020-09-30 05:06:00,0.568424785629702
2020-09-30 05:09:00,0.5129125590953549
2020-09-30 05:12:00,0.5370232030863349
2020-09-30 05:15:00,0.5627150443433493
2020-09-30 05:18:00,0.5730252770326274
2020-09-30 05:21:00,0.4439538314936726
2020-09-30 05:24:00,0.5481965681669863
2020-09-30 05:27:00,0.5548205453626451
2020-09-30 05:30:00,0.5073984770961033
2020-09-30 05:33:00,0.5008115087409237
2020-09-30 05:36:00,0.5433621815803349
2020-09-30 05:39:00,0.5640750868041096
2020-09-30 05:42:00,0.5693226262706048
2020-09-30 05:45:00,0.5764896378258868
2020-09-30 05:48:00,0.600253918996259
2020-09-30 05:51:00,0.5600171221954042
2020-09-30 05:54:00,0.4358204813770499
2020-09-30 05:57:00,0.5204154350852264
2020-09-30 06:00:00,0.5670058459540428
2020-09-30 06:03:00,0.47107033526924624
2020-09-30 06:06:00,0.5329238308585786
2020-09-30 06:09:00,0.5114735708624494
2020-09-30 06:12:00,0.5082863082070048
2020-09-30 06:15:00,0.48750172095361677
2020-09-30 06:18:00,0.5091931157443241
2020-09-30 06:21:00,0.5493853032692755
2020-09-30 06:24:00,0.593664857428962
2020-09-30 06:27:00,0.587681200093698
2020-09-30 06:30:00,0.5176131259478893
2020-09-30 06:33:00,0.5754076659192151
2020-09-30 06:36:00,0.5233125865804595
2020-09-30 06:39:00,0.576522551343146
2020-09-30 06:42:00,0.5021953440759148
2020-09-30 06:45:00,0.5331096485423927
2020-09-30 06:48:00,0.5413927573824253
2020-09-30 06:51:00,0.48168310033088346
2020-09-30 06:54:00,0.5336337534168933
2020-09-30 06:57:00,0.46654382646391923
2020-09-30 07:00:00,0.5033994311893935
2020-09-30 07:03:00,0.4900673671056097
2020-09-30 07:06:00,0.4792748133608029
2020-09-30 07:09:00,0.4408601835704644
2020-09-30 07:12:00,0.48859817699104724
2020-09-30 07:15:00,0.44213217937249283
2020-09-30 07:18:00,0.49038116376016205
2020-09-30 07:21:00,0.44071147020514445
2020-09-30 07:24:00,0.47490588478598283
2020-09-30 07:27:00,0.47378751890909143
2020-09-30 07:30:00,0.38977837820038985
2020-09-30 07:33:00,0.3582155791651189
2020-09-30 07:36:00,0.4865639184554311
2020-09-30 07:39:00,0.3813873256480633
2020-09-30 07:42:00,0.4387187551308216
2020-09-30 07:45:00,0.4024055542741394
2020-09-30 07:48:00,0.3789616067619477
2020-09-30 07:51:00,0.4106720959913446
2020-09-30 07:54:00,0.4451228887152183
2020-09-30 07:57:00,0.38273011696855974
2020-09-30 08:00:00,0.42129333901738164
2020-09-30 08:03:00,0.36891923979629837
2020-09-30 08:06:00,0.40926380121334205
2020-09-30 08:09:00,0.4510310181411228
2020-09-30 08:12:00,0.355810947813211
2020-09-30 08:15:00,0.3354202805749651
2020-09-30 08:18:00,0.3655252778584668
2020-09-30 08:21:00,0.36629115904429455
2020-09-30 08:24:00,0.37435140398514477
2020-09-30 08:27:00,0.3084476025273375
2020-09-30 08:30:00,0.3500358870446121
2020-09-30 08:33:00,0.24753017969078428
2020-09-30 08:36:00,0.3022802852889299
2020-09-30 08:39:00,0.3245540726916829
2020-09-30 08:42:00,0.24989730377944852
2020-09-30 08:45:00,0.30140211758515534
2020-09-30 08:48:00,0.27857558014574124
2020-09-30 08:51:00,0.250169664071052
2020-09-30 08:54:00,0.27665311426693506
2020-09-30 08:57:00,0.29025693272842545
2020-09-30 09:00:00,0.25209402226175825
2020-09-30 09:03:00,0.2629354968641451
2020-09-30 09:06:00,0.26381119474166326
2020-09-30 09:09:00,0.27142186876000096
2020-09-30 09:12:00,0.2685092111518088
2020-09-30 09:15:00,0.24642562916255883
2020-09-30 09:18:00,0.2208669653027755
2020-09-30 09:21:00,0.24696851172740253
2020-09-30 09:24:00,0.21268999964860313
2020-09-30 09:27:00,0.13506067187449844
2020-09-30 09:30:00,0.1451781970160937
2020-09-30 09:33:00,0.22053613785732296
2020-09-30 09:36:00,0.13811796101600748
2020-09-30 09:39:00,0.1656160688160071
2020-09-30 09:42:00,0.20937387845924604
2020-09-30 09:45:00,0.06167839301480171
2020-09-30 09:48:00,0.11987658116498778
2020-09-30 09:51:00,0.025249857099140627
2020-09-30 09:54:00,0.09166116288491821
2020-09-30 09:57:00,0.0007946763070094676
2020-09-30 10:00:00,0.040255960363822396
2020-09-30 10:03:00,-0.06404883334283795
2020-09-30 10:06:00,0.05763686532657175
2020-09-30 10:09:00,0.03418273220466972
2020-09-30 10:12:00,0.17372656165707667
2020-09-30 10:15:00,0.3205635965250053
2020-09-30 10:18:00,0.4183613633892378
2020-09-30 10:21:00,0.46860521383507603
2020-09-30 10:24:00,0.5541981349691696
2020-09-30 10:27:00,0.47910507336086994
2020-09-30 10:30:00,0.43921758834528646
2020-09-30 10:33:00,0.3802401420313686
2020-09-30 10:36:00,0.34611398543677296
2020-09-30 10:39:00,0.1827747261433501
2020-09-30 10:42:00,0.32683295473270846
2020-09-30 10:45:00,0.25610807858998896
2020-09-30 10:48:00,0.21394909394342676
2020-09-30 10:51:00,0.14422084864622775
2020-09-30 10:54:00,0.16045338227274897
2020-09-30 10:57:00,0.1960925915354892
2020-09-30 11:00:00,0.1337135448072786
2020-09-30 11:03:00,0.15280321530872243
2020-09-30 11:06:00,0.1854099426370226
2020-09-30 11:09:00,0.11958005035398855
2020-09-30 11:12:00,-0.006657285985170347
2020-09-30 11:15:00,-0.0006885754743279904
2020-09-30 11:18:00,-0.024935227940147797
2020-09-30 11:21:00,0.03454832067609459
2020-09-30 11:24:00,0.02757652544391931
2020-09-30 11:27:00,0.1743680064616342
2020-09-30 11:30:00,0.19882790688023988
2020-09-30 11:33:00,0.2115563910012952
2020-09-30 11:36:00,0.18680990380715912
2020-09-30 11:39:00,0.23457797565686178
2020-09-30 11:42:00,0.1345259970613597
2020-09-30 11:45:00,0.16362259576237648
2020-09-30 11:48:00,0.14834305328486153
2020-09-30 11:51:00,0.09286547576499515
2020-09-30 11:54:00,0.1920757761786831
2020-09-30 11:57:00,0.15242735185881884
2020-09-30 12:00:00,0.15988858229582092
2020-09-30 12:03:00,0.07616950490557883
2020-09-30 12:06:00,0.08776056750218686
2020-09-30 12:09:00,0.05655935481212282
2020-09-30 12:12:00,0.03796012231981649
2020-09-30 12:15:00,0.09124863411756223
2020-09-30 12:18:00,0.08224440328871196
2020-09-30 12:21:00,0.030989378810261314
2020-09-30 12:24:00,0.04497520384290965
2020-09-30 12:27:00,0.04333870633746528
2020-09-30 12:30:00,0.03661742850823657
2020-09-30 12:33:00,-0.015146986133913742
2020-09-30 12:36:00,0.01889232436894872
2020-09-30 12:39:00,-0.04833179166365653
2020-09-30 12:42:00,0.020769270958510333
2020-09-30 12:45:00,-0.0990339377066789
2020-09-30 12:48:00,-0.06449053112453385
2020-09-30 12:51:00,-0.06496430598781444
2020-09-30 12:54:00,-0.1276715172328977
2020-09-30 12:57:00,-0.03673200930364828
2020-09-30 13:00:00,-0.14108601101332852
2020-09-30 13:03:00,-0.17007406719210394
2020-09-30 13:06:00,-0.11484250847490785
2020-09-30 13:09:00,-0.16108054639755665
2020-09-30 13:12:00,-0.19876634147010463
2020-09-30 13:15:00,-0.19302403371710852
2020-09-30 13:18:00,-0.24708375563022855
2020-09-30 13:21:00,-0.16622683020773366
2020-09-30 13:24:00,-0.12103854165917483
2020-09-30 13:27:00,-0.2482656874169038
2020-09-30 13:30:00,-0.16602406803633585
2020-09-30 13:33:00,-0.25337998846322307
2020-09-30 13:36:00,-0.31339483752435626
2020-09-30 13:39:00,-0.2605582926494776
2020-09-30 13:42:00,-0.2998316520037747
2020-09-30 13:45:00,-0.3268853437757002
2020-09-30 13:48:00,-0.3031157456865117
2020-09-30 13:51:00,-0.2854266954298623
2020-09-30 13:54:00,-0.27439706336440395
2020-09-30 13:57:00,-0.20065946137151514
2020-09-30 14:00:00,-0.1911397581167762
2020-09-30 14:03:00,-0.2197012361398265
2020-09-30 14:06:00,-0.1744823784822529
2020-09-30 14:09:00,-0.18793847267238561
2020-09-30 14:12:00,-0.12714607596103633
2020-09-30 14:15:00,-0.18443057810480923
2020-09-30 14:18:00,-0.22458078235302992
2020-09-30 14:21:00,-0.37539833645712406
2020-09-30 14:24:00,-0.346491045693881
2020-09-30 14:27:00,-0.34119489990968077
2020-09-30 14:30:00,-0.2640781446588676
2020-09-30 14:33:00,-0.21340495764570733
2020-09-30 14:36:00,-0.2319025544293254
2020-09-30 14:39:00,-0.3070809026272059
2020-09-30 14:42:00,-0.31973481328986963
2020-09-30 14:45:00,-0.2873136390194304
2020-09-30 14:48:00,-0.31270851478763007
2020-09-30 14:51:00,-0.331631754812463
2020-09-30 14:54:00,-0.3482374558993797
2020-09-30 14:57:00,-0.36989238164318294
2020-09-30 15:00:00,-0.3201537883011838
2020-09-30 15:03:00,-0.3926829927904123
2020-09-30 15:06:00,-0.3791443334139899
2020-09-30 15:09:00,-0.3499854876365589
2020-09-30 15:12:00,-0.42412292240260285
2020-09-30 15:15:00,-0.4394132644970341
2020-09-30 15:18:00,-0.4093615149909624
2020-09-30 15:21:00,-0.3680426766576943
2020-09-30 15:24:00,-0.35966508305688194
2020-09-30 15:27:00,-0.4073608920569427
2020-09-30 15:30:00,-0.42351231547081625
2020-09-30 15:33:00,-0.4335125801617892
2020-09-30 15:36:00,-0.4171749409968015
2020-09-30 15:39:00,-0.4339296532281196
2020-09-30 15:42:00,-0.3897859197636535
2020-09-30 15:45:00,-0.38785441114697505
2020-09-30 15:48:00,-0.40182760421413377
2020-09-30 15:51:00,-0.4144267043508876
2020-09-30 15:54:00,-0.39786167948670936
2020-09-30 15:57:00,-0.3849424483896655
2020-09-30 16:00:00,-0.3630301980815034
2020-09-30 16:03:00,-0.4190457112080139
2020-09-30 16:06:00,-0.43616821461029076
2020-09-30 16:09:00,-0.38540322307795805
2020-09-30 16:12:00,-0.40185119314247686
2020-09-30 16:15:00,-0.4490513008627204
2020-09-30 16:18:00,-0.3864326278977046
2020-09-30 16:21:00,-0.4186099672404566
2020-09-30 16:24:00,-0.44653137488921857
2020-09-30 16:27:00,-0.4442868467288008
2020-09-30 16:30:00,-0.4948791291751604
2020-09-30 16:33:00,-0.4973709192357205
2020-09-30 16:36:00,-0.463838638273387
2020-09-30 16:39:00,-0.5232660316839883
2020-09-30 16:42:00,-0.49452145481342313
2020-09-30 16:45:00,-0.5214800198566536
2020-09-30 16:48:00,-0.4481422006126081
2020-09-30 16:51:00,-0.4691185696218554
2020-09-30 16:54:00,-0.4686915715913642
2020-09-30 16:57:00,-0.39207719752243975
2020-09-30 17:00:00,-0.42322195038428845
2020-09-30 17:03:00,-0.3894056095539895
2020-09-30 17:06:00,-0.3449958440925798
2020-09-30 17:09:00,-0.3377657798469613
2020-09-30 17:12:00,-0.3234761541825151
2020-09-30 17:15:00,-0.3308458240379082
2020-09-30 17:18:00,-0.2934605933082821
2020-09-30 17:21:00,-0.1981137853727546
2020-09-30 17:24:00,-0.3000131492522655
2020-09-30 17:27:00,-0.23109086407083623
2020-09-30 17:30:00,-0.2665601329586025
2020-09-30 17:33:00,-0.2516022924471031
2020-09-30 17:36:00,-0.1578020716861488
2020-09-30 17:39:00,-0.24516512629583076
2020-09-30 17:42:00,-0.2925168675733971
2020-09-30 17:45:00,-0.2320659592874108
2020-09-30 17:48:00,-0.23205008544448447
2020-09-30 17:51:00,-0.1824747985371573
2020-09-30 17:54:00,-0.15744000902884636
2020-09-30 17:57:00,-0.17141356949792907
2020-09-30 18:00:00,-0.1760377409007674
2020-09-30 18:03:00,-0.09952496346096495
2020-09-30 18:06:00,-0.14994528979048027
2020-09-30 18:09:00,-0.19086281269909477
2020-09-30 18:12:00,-0.17567837159276678
2020-09-30 18:15:00,-0.13402726717390578
2020-09-30 18:18:00,-0.13838165645597655
2020-09-30 18:21:00,-0.11700330448405794
2020-09-30 18:24:00,-0.0534718356930739
2020-09-30 18:27:00,-0.10143185430439416
2020-09-30 18:30:00,-0.1509518346812797
2020-09-30 18:33:00,-0.09984058239467686
2020-09-30 18:36:00,-0.11206535447041688
2020-09-30 18:39:00,-0.10852679212626981
2020-09-30 18:42:00,-0.05459240474067428
2020-09-30 18:45:00,-0.14303291686576358
2020-09-30 18:48:00,-0.09723084227806567
2020-09-30 18:51:00,-0.0859777549638352
2020-09-30 18:54:00,-0.024229491502239853
2020-09-30 18:57:00,
2020-09-30 19:00:00,
2020-09-30 19:03:00,-0.08442794093855355
2020-09-30 19:06:00,-0.03536355245523737
2020-09-30 19:09:00,-0.13297685585041563
2020-09-30 19:12:00,-0.036559155578004265
2020-09-30 19:15:00,0.036557013691776774
2020-09-30 19:18:00,-0.029811744031292164
2020-09-30 19:21:00,-0.04896466736164484
2020-09-30 19:24:00,-0.041325837615033834
2020-09-30 19:27:00,-0.026785481024546698
2020-09-30 19:30:00,0.012581688540194591
2020-09-30 19:33:00,0.022897257030422224
2020-09-30 19:36:00,0.03574626382794577
2020-09-30 19:39:00,-0.04502788600234453
2020-09-30 19:42:00,-0.005294434739539611
2020-09-30 19:45:00,-0.015680329017754957
2020-09-30 19:48:00,-0.02289314193279779
2020-09-30 19:51:00,0.001505505967429599
2020-09-30 19:54:00,-0.014314351124539826
2020-09-30 19:57:00,-0.0878765915701365
2020-09-30 20:00:00,-0.05997741349682428
2020-09-30 20:03:00,-0.02945079461420619
2020-09-30 20:06:00,-0.08465617265653691
2020-09-30 20:09:00,-0.022302363038704698
2020-09-30 20:12:00,-0.053539026955661484
2020-09-30 20:15:00,-0.019054940944670307
2020-09-30 20:18:00,-0.02494921554244911
2020-09-30 20:21:00,-0.02332759320029254
2020-09-30 20:24:00,-0.06256534787684132
2020-09-30 20:27:00,0.01215137074359518
2020-09-30 20:30:00,0.011120166290766065
2020-09-30 20:33:00,0.024767896468461004
2020-09-30 20:36:00,-0.014436374528600027
2020-09-30 20:39:00,-0.05705388907477982
2020-09-30 20:42:00,-0.008572159232585363
2020-09-30 20:45:00,-0.00433104630934622
2020-09-30 20:48:00,-0.022013163959684334
2020-09-30 20:51:00,-0.010106259301267073
2020-09-30 20:54:00,0.034855726721389146
2020-09-30 20:57:00,-0.04067421402766058
2020-09-30 21:00:00,0.010310409565192913
2020-09-30 21:03:00,0.029934568102419234
2020-09-30 21:06:00,0.044449432533554045
2020-09-30 21:09:00,0.06759882361370728
2020-09-30 21:12:00,0.018824646143798418
2020-09-30 21:15:00,0.056922994687681694
2020-09-30 21:18:00,0.04695292165780529
2020-09-30 21:21:00,0.09800787205136885
2020-09-30 21:24:00,0.17222038522390903
2020-09-30 21:27:00,0.15401301525031386
2020-09-30 21:30:00,0.09042291584637496
2020-09-30 21:33:00,0.09451473955800793
2020-09-30 21:36:00,0.112312292846525
2020-09-30 21:39:00,0.09311908794796864
2020-09-30 21:42:00,0.049716417257627654
2020-09-30 21:45:00,0.15880337236507103
2020-09-30 21:48:00,0.12264951239063748
2020-09-30 21:51:00,0.10101421579582848
2020-09-30 21:54:00,0.14370107732725046
2020-09-30 21:57:00,0.22082776465958887
2020-09-30 22:00:00,0.12391966068889815
2020-09-30 22:03:00,0.04596825956690509
2020-09-30 22:06:00,0.15537216008124233
2020-09-30 22:09:00,0.127433920132205
2020-09-30 22:12:00,0.15431665495378866
2020-09-30 22:15:00,0.14343849914473594
2020-09-30 22:18:00,0.14261951384537497
2020-09-30 22:21:00,0.16162516525730553
2020-09-30 22:24:00,0.17097716785264083
2020-09-30 22:27:00,0.1718723900996224
2020-09-30 22:30:00,0.16603789069898767
2020-09-30 22:33:00,0.16948731104434955
2020-09-30 22:36:00,0.1482543826130609
2020-09-30 22:39:00,0.197822338108665
2020-09-30 22:42:00,0.13965226545349196
2020-09-30 22:45:00,0.1586484090137219
2020-09-30 22:48:00,0.22717062662400167
2020-09-30 22:51:00,0.20019900633866428
2020-09-30 22:54:00,0.19594896647026872
2020-09-30 22:57:00,0.24604100254856576
2020-09-30 23:00:00,0.17047108503356867
2020-09-30 23:03:00,0.21250176721332537
2020-09-30 23:06:00,0.20378741663910205
2020-09-30 23:09:00,0.19680510497539672
2020-09-30 23:12:00,0.24883451740527107
2020-09-30 23:15:00,0.16843799401436854
2020-09-30 23:18:00,0.18013715161583832
2020-09-30 23:21:00,0.1777565766106477
2020-09-30 23:24:00,0.1373088604334498
2020-09-30 23:27:00,0.2092416272556079
2020-09-30 23:30:00,0.1587754909729142
2020-09-30 23:33:00,0.18357100258606351
2020-09-30 23:36:00,0.2695220108813601
2020-09-30 23:39:00,0.15815012632202752
2020-09-30 23:42:00,0.20832524553895837
2020-09-30 23:45:00,0.15744708297773968
2020-09-30 23:48:00,0.18001262172361976
2020-09-30 23:51:00,0.15200530359112463
2020-09-30 23:54:00,0.16898377261441055
2020-09-30 23:57:00,0.18381401395146213
2020-10-01 00:00:00,0.16972491440702697
2020-10-01 00:03:00,0.16826222680305136
2020-10-01 00:06:00,0.19442833678067473
2020-10-01 00:09:00,0.12400038662758561
2020-10-01 00:12:00,0.17602165505979883
2020-10-01 00:15:00,0.20283544512267326
2020-10-01 00:18:00,0.15467243826685717
2020-10-01 00:21:00,0.18885477833765663
2020-10-01 00:24:00,0.2088341119232382
2020-10-01 00:27:00,0.1903228367285692
2020-10-01 00:30:00,0.2536795705663053
2020-10-01 00:33:00,0.27187969829810754
2020-10-01 00:36:00,0.28680466784697956
2020-10-01 00:39:00,0.28768507861337866
2020-10-01 00:42:00,0.20989172845781923
2020-10-01 00:45:00,0.2934977364857332
2020-10-01 00:48:00,0.25569450583714115
2020-10-01 00:51:00,0.1928486553981088
2020-10-01 00:54:00,0.2544312460883589
2020-10-01 00:57:00,0.2969204336682765
2020-10-01 01:00:00,0.29414073129117924
2020-10-01 01:03:00,0.27572270016230505
2020-10-01 01:06:00,0.31063132766126955
2020-10-01 01:09:00,0.2619995958515915
2020-10-01 01:12:00,0.193913882962363
2020-10-01 01:15:00,0.3220461102145009
2020-10-01 01:18:00,0.34908386573516736
2020-10-01 01:21:00,0.2991759963038021
2020-10-01 01:24:00,0.31739389828487674
2020-10-01 01:27:00,0.2568973427519836
2020-10-01 01:30:00,0.28960541211966984
2020-10-01 01:33:00,0.3174375121197386
2020-10-01 01:36:00,0.28457481396606
2020-10-01 01:39:00,0.2549875383772928
2020-10-01 01:42:00,0.2249237335995531
2020-10-01 01:45:00,0.1763264073811115
2020-10-01 01:48:00,0.2120375456266288
2020-10-01 01:51:00,0.21926698520229593
2020-10-01 01:54:00,0.19938106806489486
2020-10-01 01:57:00,0.1971802698404872
2020-10-01 02:00:00,0.22102238357098258
2020-10-01 02:03:00,0.2586830787879535
2020-10-01 02:06:00,0.2461493179027343
2020-10-01 02:09:00,0.1446997319443426
2020-10-01 02:12:00,0.18577487274109217
2020-10-01 02:15:00,0.21822865499916588
2020-10-01 02:18:00,0.2419181914169144
2020-10-01 02:21:00,0.16626211163020344
2020-10-01 02:24:00,0.1681828307674209
2020-10-01 02:27:00,0.16050784798056839
2020-10-01 02:30:00,0.14920572857198522
2020-10-01 02:33:00,0.1857129534254227
2020-10-01 02:36:00,0.14718714391631238
2020-10-01 02:39:00,0.12818538589738182
2020-10-01 02:42:00,0.23383594641040872
2020-10-01 02:45:00,0.1999793356501982
2020-10-01 02:48:00,0.22337743823067058
2020-10-01 02:51:00,0.2493075329215344
2020-10-01 02:54:00,0.2226967480621056
2020-10-01 02:57:00,0.24012925621843806
2020-10-01 03:00:00,0.23404922170607279
2020-10-01 03:03:00,0.1488468224230246
2020-10-01 03:06:00,0.21965542041027675
2020-10-01 03:09:00,0.2606549732457779
2020-10-01 03:12:00,0.22708218956347537
2020-10-01 03:15:00,0.2314400817393789
2020-10-01 03:18:00,0.2654699700015044
2020-10-01 03:21:00,0.22697244414160878
2020-10-01 03:24:00,0.20599187010321884
2020-10-01 03:27:00,0.21186413547133043
2020-10-01 03:30:00,0.29184187786847815
2020-10-01 03:33:00,0.3359748015031414
2020-10-01 03:36:00,0.2422651690146722
2020-10-01 03:39:00,0.32267321640063074
2020-10-01 03:42:00,0.32421748939884765
2020-10-01 03:45:00,0.30850342220685434
2020-10-01 03:48:00,0.20912730442955763
2020-10-01 03:51:00,0.30599555323271943
2020-10-01 03:54:00,0.2805044106419814
2020-10-01 03:57:00,0.2411890800153742
2020-10-01 04:00:00,0.2649698353358758
2020-10-01 04:03:00,0.1816116710203346
2020-10-01 04:06:00,0.2536216346461515
2020-10-01 04:09:00,0.2513982650562525
2020-10-01 04:12:00,0.32112241655062235
2020-10-01 04:15:00,0.3115822266277064
2020-10-01 04:18:00,0.3402524388901611
2020-10-01 04:21:00,0.35006552248472644
2020-10-01 04:24:00,0.30976906013086136
2020-10-01 04:27:00,0.36817618601503455
2020-10-01 04:30:00,0.3483448167356187
2020-10-01 04:33:00,0.3165055102277279
2020-10-01 04:36:00,0.2606148566536035
2020-10-01 04:39:00,0.3071898233247339
2020-10-01 04:42:00,0.26071921340439985
2020-10-01 04:45:00,0.2947677117689409
2020-10-01 04:48:00,0.26388594069635474
2020-10-01 04:51:00,0.2706546481219334
2020-10-01 04:54:00,0.2820620096508719
2020-10-01 04:57:00,0.21338142077121347
2020-10-01 05:00:00,0.2565777144663457
2020-10-01 05:03:00,0.307020815318765
2020-10-01 05:06:00,0.22181272508919392
2020-10-01 05:09:00,0.22478067140775693
2020-10-01 05:12:00,0.24859462292096168
2020-10-01 05:15:00,0.3337157501566139
2020-10-01 05:18:00,0.3197152580956981
2020-10-01 05:21:00,0.32570498163551065
2020-10-01 05:24:00,0.252829167588402
2020-10-01 05:27:00,0.2774950467607482
2020-10-01 05:30:00,0.2771255390692886
2020-10-01 05:33:00,0.260435009600144
2020-10-01 05:36:00,0.24555700523717405
2020-10-01 05:39:00,0.24835963247608106
2020-10-01 05:42:00,0.3273833992686832
2020-10-01 05:45:00,0.29675629265966563
2020-10-01 05:48:00,0.27810626975889363
2020-10-01 05:51:00,0.2991544351422135
2020-10-01 05:54:00,0.3380926909442792
2020-10-01 05:57:00,0.2671070682030745
2020-10-01 06:00:00,0.3060497232885382
2020-10-01 06:03:00,0.3181710007332299
2020-10-01 06:06:00,0.2784407682539154
2020-10-01 06:09:00,0.2659822467707613
2020-10-01 06:12:00,0.32229735326535547
2020-10-01 06:15:00,0.3208347633401445
2020-10-01 06:18:00,0.25718160551468827
2020-10-01 06:21:00,0.33623742171636195
2020-10-01 06:24:00,0.29640241351967234
2020-10-01 06:27:00,0.2968864741403081
2020-10-01 06:30:00,0.25266290840841066
2020-10-01 06:33:00,0.25462269237800683
2020-10-01 06:36:00,0.240425727513923
2020-10-01 06:39:00,0.27304960533967915
2020-10-01 06:42:00,0.22420554176585483
2020-10-01 06:45:00,0.25683925057188617
2020-10-01 06:48:00,0.31084180810404405
2020-10-01 06:51:00,0.21085447022431936
2020-10-01 06:54:00,0.2380998532889862
2020-10-01 06:57:00,0.22163415565034938
2020-10-01 07:00:00,0.20772722280838707
2020-10-01 07:03:00,0.26173308076113244
2020-10-01 07:06:00,0.2556968646808855
2020-10-01 07:09:00,0.2616665870638144
2020-10-01 07:12:00,0.23729542009186844
2020-10-01 07:15:00,0.21937408336407316
2020-10-01 07:18:00,0.2745683618770727
2020-10-01 07:21:00,0.2560135507105201
2020-10-01 07:24:00,0.22361106798769015
2020-10-01 07:27:00,0.25775317482015225
2020-10-01 07:30:00,0.26488024640480035
2020-10-01 07:33:00,0.18443062332852378
2020-10-01 07:36:00,0.2530393722472013
2020-10-01 07:39:00,0.2197803731611998
2020-10-01 07:42:00,0.25306803051529414
2020-10-01 07:45:00,0.2018474794967915
2020-10-01 07:48:00,0.2576605337974911
2020-10-01 07:51:00,0.20046831646061491
2020-10-01 07:54:00,0.1830219004756941
2020-10-01 07:57:00,0.18659619775718284
2020-10-01 08:00:00,0.18366873464623268
2020-10-01 08:03:00,0.10921991800518072
2020-10-01 08:06:00,0.15846668445431078
2020-10-01 08:09:00,0.13908465127650516
2020-10-01 08:12:00,0.09002213069902609
2020-10-01 08:15:00,0.0691131183507423
2020-10-01 08:18:00,0.0754148709919491
2020-10-01 08:21:00,0.04042547935307539
2020-10-01 08:24:00,0.08259007084097902
2020-10-01 08:27:00,0.0748412807087675
2020-10-01 08:30:00,0.07435016155892527
2020-10-01 08:33:00,0.09269144109379113
2020-10-01 08:36:00,0.06056505387476818
2020-10-01 08:39:00,0.0711886056539015
2020-10-01 08:42:00,0.07261554650852986
2020-10-01 08:45:00,0.07711149775752801
2020-10-01 08:48:00,0.052601069273919165
2020-10-01 08:51:00,0.04277216387720273
2020-10-01 08:54:00,0.02468791448927732
2020-10-01 08:57:00,0.03396958752068713
2020-10-01 09:00:00,0.021343363537198456
2020-10-01 09:03:00,0.029905796854848177
2020-10-01 09:06:00,-0.03333259468701044
2020-10-01 09:09:00,-0.021605698478026625
2020-10-01 09:12:00,0.029647235730408283
2020-10-01 09:15:00,0.079460058846621
2020-10-01 09:18:00,-0.0402450122198843
2020-10-01 09:21:00,-0.005199897534566844
2020-10-01 09:24:00,-0.08519630092558828
2020-10-01 09:27:00,-0.07422263037625498
2020-10-01 09:30:00,-0.056571238929620904
2020-10-01 09:33:00,-0.14756269287113355
2020-10-01 09:36:00,-0.039549723502943834
2020-10-01 09:39:00,-0.06801596737551563
2020-10-01 09:42:00,-0.002652788520492777
2020-10-01 09:45:00,-0.04891331216668959
2020-10-01 09:48:00,-0.0373856340275438
2020-10-01 09:51:00,-0.09420014762559958
2020-10-01 09:54:00,-0.20284652467847764
2020-10-01 09:57:00,-0.11430647217673595
2020-10-01 10:00:00,-0.12467591592996996
2020-10-01 10:03:00,-0.14923421520899183
2020-10-01 10:06:00,-0.17932638228387532
2020-10-01 10:09:00,-0.1537728017130462
2020-10-01 10:12:00,-0.16568348201946037
2020-10-01 10:15:00,-0.15446257595368706
2020-10-01 10:18:00,-0.13119043575011347
2020-10-01 10:21:00,-0.15428455637163552
2020-10-01 10:24:00,-0.10451097218634686
2020-10-01 10:27:00,-0.1733114886618523
2020-10-01 10:30:00,-0.18392787647803743
2020-10-01 10:33:00,-0.24343280264776013
2020-10-01 10:36:00,-0.1747254781724905
2020-10-01 10:39:00,-0.15710745987189512
2020-10-01 10:42:00,-0.20644879279564066
2020-10-01 10:45:00,-0.26348907731772897
2020-10-01 10:48:00,-0.18773920729813653
2020-10-01 10:51:00,-0.179066866694086
2020-10-01 10:54:00,-0.23980257501443702
2020-10-01 10:57:00,-0.2291512558185218
2020-10-01 11:00:00,-0.19498532307369487
2020-10-01 11:03:00,-0.21147641963585784
2020-10-01 11:06:00,-0.2423730462688809
2020-10-01 11:09:00,-0.2502655319879068
2020-10-01 11:12:00,-0.35978404722499135
2020-10-01 11:15:00,-0.2918744911351041
2020-10-01 11:18:00,-0.3072817766027356
2020-10-01 11:21:00,-0.27157604082060516
2020-10-01 11:24:00,-0.29165611408757286
2020-10-01 11:27:00,-0.25693877477823435
2020-10-01 11:30:00,-0.2504389090840391
2020-10-01 11:33:00,-0.265095434062232
2020-10-01 11:36:00,-0.22775493678176417
2020-10-01 11:39:00,-0.2913363655409853
2020-10-01 11:42:00,-0.2959490763982444
2020-10-01 11:45:00,-0.42595852128687284
2020-10-01 11:48:00,-0.2667550478745966
2020-10-01 11:51:00,-0.3282982744019023
2020-10-01 11:54:00,-0.3565322146372978
2020-10-01 11:57:00,-0.27313470481192326
2020-10-01 12:00:00,-0.23994934646947286
2020-10-01 12:03:00,-0.2809636690321895
2020-10-01 12:06:00,-0.3026959047039668
2020-10-01 12:09:00,-0.3768179740972073
2020-10-01 12:12:00,-0.31414930403349217
2020-10-01 12:15:00,-0.39779552829492104
2020-10-01 12:18:00,-0.4000141044899692
2020-10-01 12:21:00,-0.3873671158033858
2020-10-01 12:24:00,-0.33546194523455597
2020-10-01 12:27:00,-0.38201840014625077
2020-10-01 12:30:00,-0.27900963230877096
2020-10-01 12:33:00,-0.3385520889124223
2020-10-01 12:36:00,-0.38431161018928606
2020-10-01 12:39:00,-0.3459812972114946
2020-10-01 12:42:00,-0.33168501829516117
2020-10-01 12:45:00,-0.3872833984353292
2020-10-01 12:48:00,-0.3763254210760465
2020-10-01 12:51:00,-0.37176904424893564
2020-10-01 12:54:00,-0.4175344816022175
2020-10-01 12:57:00,-0.4582016484101814
2020-10-01 13:00:00,-0.41481421712302335
2020-10-01 13:03:00,-0.3863609910072796
2020-10-01 13:06:00,-0.41373187224877483
2020-10-01 13:09:00,-0.4544150986961881
2020-10-01 13:12:00,-0.45287439045972633
2020-10-01 13:15:00,-0.40971762362505615
2020-10-01 13:18:00,-0.41836210171385346
2020-10-01 13:21:00,-0.458135165605313
2020-10-01 13:24:00,-0.35972484626483947
2020-10-01 13:27:00,-0.4321874320037864
2020-10-01 13:30:00,-0.3115410843990958
2020-10-01 13:33:00,-0.37249002054909397
2020-10-01 13:36:00,-0.28143433675575125
2020-10-01 13:39:00,-0.26132643115317933
2020-10-01 13:42:00,-0.374195632760177
2020-10-01 13:45:00,-0.2993442918238429
2020-10-01 13:48:00,-0.4364581892209003
2020-10-01 13:51:00,-0.39223482360836215
2020-10-01 13:54:00,-0.46120899700247264
2020-10-01 13:57:00,-0.40292571500219765
2020-10-01 14:00:00,-0.42063664574322956
2020-10-01 14:03:00,-0.5149596707352089
2020-10-01 14:06:00,-0.4428044315676516
2020-10-01 14:09:00,-0.4404308184543311
2020-10-01 14:12:00,-0.41837521285611956
2020-10-01 14:15:00,-0.36772865344499905
2020-10-01 14:18:00,-0.3475909147856555
2020-10-01 14:21:00,-0.45876420543856966
2020-10-01 14:24:00,-0.465880527049535
2020-10-01 14:27:00,-0.4905483849084362
2020-10-01 14:30:00,-0.5208843302909258
2020-10-01 14:33:00,-0.4956069076572476
2020-10-01 14:36:00,-0.4394192753942434
2020-10-01 14:39:00,-0.40221946898338956
2020-10-01 14:42:00,-0.38958680499439424
2020-10-01 14:45:00,-0.3528543768184704
2020-10-01 14:48:00,-0.3212142269938454
2020-10-01 14:51:00,-0.2520369971027776
2020-10-01 14:54:00,-0.328062006252992
2020-10-01 14:57:00,-0.4684696315910628
2020-10-01 15:00:00,-0.46416269347452044
2020-10-01 15:03:00,-0.48115320040369625
2020-10-01 15:06:00,-0.5043571393474053
2020-10-01 15:09:00,-0.5207156003335172
2020-10-01 15:12:00,-0.42489134930229966
2020-10-01 15:15:00,-0.4629785835130633
2020-10-01 15:18:00,-0.5166275361833073
2020-10-01 15:21:00,-0.46698737603588825
2020-10-01 15:24:00,-0.4567952419128005
2020-10-01 15:27:00,-0.4796555976991499
2020-10-01 15:30:00,-0.5484795179652906
2020-10-01 15:33:00,-0.5681443357933631
2020-10-01 15:36:00,-0.4674312241454004
2020-10-01 15:39:00,-0.4418544866793468
2020-10-01 15:42:00,-0.40408951169195007
2020-10-01 15:45:00,-0.1940399847526919
2020-10-01 15:48:00,-0.17155764416605734
2020-10-01 15:51:00,-0.2187333583600548
2020-10-01 15:54:00,-0.17981196164612356
2020-10-01 15:57:00,-0.28226211015078206
2020-10-01 16:00:00,-0.22676264230904053
2020-10-01 16:03:00,-0.3301009328402529
2020-10-01 16:06:00,-0.40681076114816506
2020-10-01 16:09:00,-0.257468307631882
2020-10-01 16:12:00,-0.3249835242135646
2020-10-01 16:15:00,-0.2901229234190623
2020-10-01 16:18:00,-0.2226830191984277
2020-10-01 16:21:00,-0.1405538924533971
2020-10-01 16:24:00,-0.22746202081594902
2020-10-01 16:27:00,-0.2855510054604906
2020-10-01 16:30:00,-0.24138116076494498
2020-10-01 16:33:00,-0.31248896886881994
2020-10-01 16:36:00,-0.27457893814255385
2020-10-01 16:39:00,-0.28373810014005585
2020-10-01 16:42:00,-0.32405652274570684
2020-10-01 16:45:00,-0.3757371013131774
2020-10-01 16:48:00,-0.3359398451477773
2020-10-01 16:51:00,-0.3736694639573557
2020-10-01 16:54:00,-0.38073312497141387
2020-10-01 16:57:00,-0.4391742011200108
2020-10-01 17:00:00,-0.3702259720026291
2020-10-01 17:03:00,-0.4141230835696206
2020-10-01 17:06:00,-0.41794482695809165
2020-10-01 17:09:00,-0.41414321789892483
2020-10-01 17:12:00,-0.39923275574892614
2020-10-01 17:15:00,-0.44674274149815574
2020-10-01 17:18:00,-0.3631263695440907
2020-10-01 17:21:00,-0.3560426587492316
2020-10-01 17:24:00,-0.3437956505555917
2020-10-01 17:27:00,-0.34553701931696423
2020-10-01 17:30:00,-0.33651523849880505
2020-10-01 17:33:00,-0.36332461169547514
2020-10-01 17:36:00,-0.35248107048880684
2020-10-01 17:39:00,-0.26301253718258977
2020-10-01 17:42:00,-0.37518670669794574
2020-10-01 17:45:00,-0.2856380516853392
2020-10-01 17:48:00,-0.3521190022870542
2020-10-01 17:51:00,-0.33857273697543633
2020-10-01 17:54:00,-0.29766968318870113
2020-10-01 17:57:00,-0.2169438393227665
2020-10-01 18:00:00,-0.2448558056361776
2020-10-01 18:03:00,-0.23740635522932507
2020-10-01 18:06:00,-0.24046977260081803
2020-10-01 18:09:00,-0.20692887505629187
2020-10-01 18:12:00,-0.22530658087072197
2020-10-01 18:15:00,-0.18302995261581145
2020-10-01 18:18:00,-0.1501294130542874
2020-10-01 18:21:00,-0.04430934726275382
2020-10-01 18:24:00,0.02882945323108288
2020-10-01 18:27:00,0.18020160389966122
2020-10-01 18:30:00,0.26933844032276966
2020-10-01 18:33:00,0.2106460098615912
2020-10-01 18:36:00,0.36536058968670204
2020-10-01 18:39:00,0.23879265036941888
2020-10-01 18:42:00,0.17652475689129687
2020-10-01 18:45:00,0.31761153672624687
2020-10-01 18:48:00,0.27968889799888075
2020-10-01 18:51:00,0.2749415677093907
2020-10-01 18:54:00,0.20039193029407443
2020-10-01 18:57:00,
2020-10-01 19:00:00,
2020-10-01 19:03:00,-0.04111203283798659
2020-10-01 19:06:00,0.02621661291965438
2020-10-01 19:09:00,-0.035983536403477956
2020-10-01 19:12:00,0.042804975590740924
2020-10-01 19:15:00,0.1437148848406764
2020-10-01 19:18:00,0.0977316194810669
2020-10-01 19:21:00,0.13559887379727797
2020-10-01 19:24:00,0.06312053626623992
2020-10-01 19:27:00,0.11126029978851193
2020-10-01 19:30:00,0.11618899991526632
2020-10-01 19:33:00,0.08054511326741931
2020-10-01 19:36:00,0.14896279990318817
2020-10-01 19:39:00,0.07463926187415382
2020-10-01 19:42:00,0.07771316038861187
2020-10-01 19:45:00,0.1399477949418042
2020-10-01 19:48:00,0.16447388256290196
2020-10-01 19:51:00,0.18682262780004066
2020-10-01 19:54:00,0.24004346477136096
2020-10-01 19:57:00,0.24238301426788667
2020-10-01 20:00:00,0.20203179940079963
2020-10-01 20:03:00,0.23523856939647203
2020-10-01 20:06:00,0.22177788677271337
2020-10-01 20:09:00,0.29041135187429745
2020-10-01 20:12:00,0.23501488560788175
2020-10-01 20:15:00,0.2737326062294869
2020-10-01 20:18:00,0.19586198526582166
2020-10-01 20:21:00,0.2819651455890835
2020-10-01 20:24:00,0.22493798452035207
2020-10-01 20:27:00,0.23552308953748025
2020-10-01 20:30:00,0.15100479710059744
2020-10-01 20:33:00,0.17763309881354417
2020-10-01 20:36:00,0.15996937207256678
2020-10-01 20:39:00,0.2149522504527681
2020-10-01 20:42:00,0.1902336840848875
2020-10-01 20:45:00,0.19655304213858926
2020-10-01 20:48:00,0.23818042720762378
2020-10-01 20:51:00,0.1977940323476446
2020-10-01 20:54:00,0.2776260886485602
2020-10-01 20:57:00,0.1733550178233827
2020-10-01 21:00:00,0.2683725136156454
2020-10-01 21:03:00,0.2385319223976694
2020-10-01 21:06:00,0.2723723981443982
2020-10-01 21:09:00,0.2617053869673782
2020-10-01 21:12:00,0.23547232162496812
2020-10-01 21:15:00,0.266483982884381
2020-10-01 21:18:00,0.2379626283941434
2020-10-01 21:21:00,0.24416815775310852
2020-10-01 21:24:00,0.22640144683293784
2020-10-01 21:27:00,0.24243465032623135
2020-10-01 21:30:00,0.21001291359914376
2020-10-01 21:33:00,0.20132169604005412
2020-10-01 21:36:00,0.19730292633511226
2020-10-01 21:39:00,0.20170285035726465
2020-10-01 21:42:00,0.23179337811052392
2020-10-01 21:45:00,0.25215887405045123
2020-10-01 21:48:00,0.32710035058494213
2020-10-01 21:51:00,0.3505788528460698
2020-10-01 21:54:00,0.35531467337409595
2020-10-01 21:57:00,0.4413601395427236
2020-10-01 22:00:00,0.24758243754951081
2020-10-01 22:03:00,0.2890778936743459
2020-10-01 22:06:00,0.23502911029100915
2020-10-01 22:09:00,0.3041251347052025
2020-10-01 22:12:00,0.3071244647855451
2020-10-01 22:15:00,0.2678865875048473
2020-10-01 22:18:00,0.19414788905976366
2020-10-01 22:21:00,0.26006296046421085
2020-10-01 22:24:00,0.30928474640251125
2020-10-01 22:27:00,0.24788150436972956
2020-10-01 22:30:00,0.231523572925596
2020-10-01 22:33:00,0.2234387320612541
2020-10-01 22:36:00,0.262760196482418
2020-10-01 22:39:00,0.255072184791743
2020-10-01 22:42:00,0.35757092201509977
2020-10-01 22:45:00,0.33307180911720025
2020-10-01 22:48:00,0.3374149368491999
2020-10-01 22:51:00,0.35246031010848355
2020-10-01 22:54:00,0.3263309053103285
2020-10-01 22:57:00,0.32321119487261285
2020-10-01 23:00:00,0.31359716940329463
2020-10-01 23:03:00,0.3444151435759295
2020-10-01 23:06:00,0.3080589489954946
2020-10-01 23:09:00,0.23423772706075852
2020-10-01 23:12:00,0.23115195623500995
2020-10-01 23:15:00,0.305159623101531
2020-10-01 23:18:00,0.24314885944625075
2020-10-01 23:21:00,0.21874012142387755
2020-10-01 23:24:00,0.23889273739274586
2020-10-01 23:27:00,0.2180125026087012
2020-10-01 23:30:00,0.25563675378748485
2020-10-01 23:33:00,0.23785230175224115
2020-10-01 23:36:00,0.26806168451651047
2020-10-01 23:39:00,0.24904296222501898
2020-10-01 23:42:00,0.2958428679706344
2020-10-01 23:45:00,0.2804234462688555
2020-10-01 23:48:00,0.3108895082936556
2020-10-01 23:51:00,0.27073965582280834
2020-10-01 23:54:00,0.24484838931294917
2020-10-01 23:57:00,0.3105245310033524
2020-10-02 00:00:00,0.27133924509530516
2020-10-02 00:03:00,0.26181748397300453
2020-10-02 00:06:00,0.29325331959427103
2020-10-02 00:09:00,0.3597420343534168
2020-10-02 00:12:00,0.3799972755215322
2020-10-02 00:15:00,0.29507628872852365
2020-10-02 00:18:00,0.2688010129245413
2020-10-02 00:21:00,0.4394806146005976
2020-10-02 00:24:00,0.4189471513689682
2020-10-02 00:27:00,0.38802764388725564
2020-10-02 00:30:00,0.5252453785781768
2020-10-02 00:33:00,0.47780794815031413
2020-10-02 00:36:00,0.565118891816212
2020-10-02 00:39:00,0.6358958183524237
2020-10-02 00:42:00,0.49519128829712145
2020-10-02 00:45:00,0.47310566319151803
2020-10-02 00:48:00,0.49439139302990043
2020-10-02 00:51:00,0.434455153327292
2020-10-02 00:54:00,0.3822053364988278
2020-10-02 00:57:00,0.26298618620609204
2020-10-02 01:00:00,0.21088623599086986
2020-10-02 01:03:00,0.3462775152336235
2020-10-02 01:06:00,0.46491410407605827
2020-10-02 01:09:00,0.5478913186199748
2020-10-02 01:12:00,0.4800009994321499
2020-10-02 01:15:00,0.4566555610375076
2020-10-02 01:18:00,0.3898717416994941
2020-10-02 01:21:00,0.362350817144943
2020-10-02 01:24:00,0.4204172968010198
2020-10-02 01:27:00,0.4840522985933262
2020-10-02 01:30:00,0.38501871170791446
2020-10-02 01:33:00,0.4047956623586515
2020-10-02 01:36:00,0.5213043549616714
2020-10-02 01:39:00,0.7330777358336036
2020-10-02 01:42:00,0.8105951163024656
2020-10-02 01:45:00,0.9115506418649488
2020-10-02 01:48:00,0.8501435621375322
2020-10-02 01:51:00,0.8827617532253385
2020-10-02 01:54:00,0.9435149968109613
2020-10-02 01:57:00,0.956141162364986
2020-10-02 02:00:00,0.9658750166377104
2020-10-02 02:03:00,0.9967297723907791
2020-10-02 02:06:00,0.954377207966445
2020-10-02 02:09:00,0.8796014714350804
2020-10-02 02:12:00,0.8674954389229583
2020-10-02 02:15:00,0.8686794859166866
2020-10-02 02:18:00,0.797177832322177
2020-10-02 02:21:00,0.7409211327790786
2020-10-02 02:24:00,0.7754833430928443
2020-10-02 02:27:00,0.7378433599046161
2020-10-02 02:30:00,0.7011196246658642
2020-10-02 02:33:00,0.7241492109804994
2020-10-02 02:36:00,0.6811518661431251
2020-10-02 02:39:00,0.6064197869339978
2020-10-02 02:42:00,0.6368772643903071
2020-10-02 02:45:00,0.6619371898862028
2020-10-02 02:48:00,0.5436147756583409
2020-10-02 02:51:00,0.5287036122009567
2020-10-02 02:54:00,0.5460727560899272
2020-10-02 02:57:00,0.5473099422819132
2020-10-02 03:00:00,0.4182445865998261
2020-10-02 03:03:00,0.41710725608896837
2020-10-02 03:06:00,0.43885037538700544
2020-10-02 03:09:00,0.46397253120346704
2020-10-02 03:12:00,0.43449458134097085
2020-10-02 03:15:00,0.37947996569238285
2020-10-02 03:18:00,0.3902281981679607
2020-10-02 03:21:00,0.4490639882308187
2020-10-02 03:24:00,0.4765183961724233
2020-10-02 03:27:00,0.4583813433086448
2020-10-02 03:30:00,0.5083269990512918
2020-10-02 03:33:00,0.5564519263693342
2020-10-02 03:36:00,0.5552217937202499
2020-10-02 03:39:00,0.6047358738694015
2020-10-02 03:42:00,0.6597030791067482
2020-10-02 03:45:00,0.7022442385019758
2020-10-02 03:48:00,0.6965162337331208
2020-10-02 03:51:00,0.7699870690248076
2020-10-02 03:54:00,0.7612753864519277
2020-10-02 03:57:00,0.7394530824905701
2020-10-02 04:00:00,0.7087143376652989
2020-10-02 04:03:00,0.6820164074879358
2020-10-02 04:06:00,0.6998670234768838
2020-10-02 04:09:00,0.7002918582967368
2020-10-02 04:12:00,0.6824551480737
2020-10-02 04:15:00,0.7323836242097741
2020-10-02 04:18:00,0.8639486710573578
2020-10-02 04:21:00,0.7756135543211826
2020-10-02 04:24:00,0.7959745787831594
2020-10-02 04:27:00,0.8195150060868173
2020-10-02 04:30:00,0.7962922696795545
2020-10-02 04:33:00,0.8253646164063184
2020-10-02 04:36:00,0.9021583372694977
2020-10-02 04:39:00,0.8618860835811688
2020-10-02 04:42:00,0.8141335320357825
2020-10-02 04:45:00,0.8840493207862892
2020-10-02 04:48:00,0.8262092452744696
2020-10-02 04:51:00,0.8014686661228438
2020-10-02 04:54:00,0.7397058056161541
2020-10-02 04:57:00,0.6639159587521135
2020-10-02 05:00:00,0.5789710564304755
2020-10-02 05:03:00,0.6072203361704851
2020-10-02 05:06:00,0.5964514154749736
2020-10-02 05:09:00,0.5759360670435854
2020-10-02 05:12:00,0.5124022371015826
2020-10-02 05:15:00,0.4581666621542695
2020-10-02 05:18:00,0.4288481883723989
2020-10-02 05:21:00,0.3983723428581811
2020-10-02 05:24:00,0.4384619011573818
2020-10-02 05:27:00,0.4326364284463011
2020-10-02 05:30:00,0.44704224638377354
2020-10-02 05:33:00,0.4000535747898084
2020-10-02 05:36:00,0.4441625931136741
2020-10-02 05:39:00,0.4011054677021093
2020-10-02 05:42:00,0.44630916378736174
2020-10-02 05:45:00,0.4096090881119494
2020-10-02 05:48:00,0.4078777584023783
2020-10-02 05:51:00,0.4104776007269493
2020-10-02 05:54:00,0.47539948158117795
2020-10-02 05:57:00,0.35126404804594813
2020-10-02 06:00:00,0.4087004313955731
2020-10-02 06:03:00,0.4367631611107754
2020-10-02 06:06:00,0.3780283664917192
2020-10-02 06:09:00,0.3780512111749772
2020-10-02 06:12:00,0.41540038274837343
2020-10-02 06:15:00,0.3843189887641074
2020-10-02 06:18:00,0.41144282130079546
2020-10-02 06:21:00,0.42695890578409035
2020-10-02 06:24:00,0.4293719174963826
2020-10-02 06:27:00,0.48578032481697164
2020-10-02 06:30:00,0.4434258011867769
2020-10-02 06:33:00,0.4377804957517242
2020-10-02 06:36:00,0.3611034632428982
2020-10-02 06:39:00,0.3836989001515576
2020-10-02 06:42:00,0.5179589856949178
2020-10-02 06:45:00,0.38325136416472105
2020-10-02 06:48:00,0.4428514719408554
2020-10-02 06:51:00,0.4489971069080525
2020-10-02 06:54:00,0.42842854028384636
2020-10-02 06:57:00,0.42911136461486876
2020-10-02 07:00:00,0.4626380597883326
2020-10-02 07:03:00,0.46943795203878835
2020-10-02 07:06:00,0.47956453077949845
2020-10-02 07:09:00,0.4561316121187815
2020-10-02 07:12:00,0.3877017440406689
2020-10-02 07:15:00,0.3983232133703609
2020-10-02 07:18:00,0.42694194880715486
2020-10-02 07:21:00,0.39023345840053025
2020-10-02 07:24:00,0.3765843485728624
2020-10-02 07:27:00,0.35611193111236616
2020-10-02 07:30:00,0.3933830322781091
2020-10-02 07:33:00,0.4387538598895162
2020-10-02 07:36:00,0.3746792415720961
2020-10-02 07:39:00,0.38406733992394493
2020-10-02 07:42:00,0.3946759191174465
2020-10-02 07:45:00,0.3963873669352438
2020-10-02 07:48:00,0.34288932247312687
2020-10-02 07:51:00,0.36891470712686214
2020-10-02 07:54:00,0.370070606417471
2020-10-02 07:57:00,0.3141180720916168
2020-10-02 08:00:00,0.35822190294527445
2020-10-02 08:03:00,0.32970609294869746
2020-10-02 08:06:00,0.31186615053513833
2020-10-02 08:09:00,0.35603013945109296
2020-10-02 08:12:00,0.3448504328391664
2020-10-02 08:15:00,0.2880229177505953
2020-10-02 08:18:00,0.30620515902273837
2020-10-02 08:21:00,0.3113383905309206
2020-10-02 08:24:00,0.29875078555130585
2020-10-02 08:27:00,0.3016629666356039
2020-10-02 08:30:00,0.27281014412591276
2020-10-02 08:33:00,0.33199821194205015
2020-10-02 08:36:00,0.31269916802983744
2020-10-02 08:39:00,0.29697103762663346
2020-10-02 08:42:00,0.3788591827103005
2020-10-02 08:45:00,0.37493604332240693
2020-10-02 08:48:00,0.3514496817875852
2020-10-02 08:51:00,0.26365251799120415
2020-10-02 08:54:00,0.2829870847730831
2020-10-02 08:57:00,0.32752206983099086
2020-10-02 09:00:00,0.28684499626837123
2020-10-02 09:03:00,0.22557749406524863
2020-10-02 09:06:00,0.25783905594630596
2020-10-02 09:09:00,0.27829750471136094
2020-10-02 09:12:00,0.21807811954755607
2020-10-02 09:15:00,0.31976650490906877
2020-10-02 09:18:00,0.24276524215247264
2020-10-02 09:21:00,0.2242652107597678
2020-10-02 09:24:00,0.21412780793315278
2020-10-02 09:27:00,0.2424723716200674
2020-10-02 09:30:00,0.18444863450753246
2020-10-02 09:33:00,0.1753582663887414
2020-10-02 09:36:00,0.17779163037010903
2020-10-02 09:39:00,0.18145813736856553
2020-10-02 09:42:00,0.18331971484411724
2020-10-02 09:45:00,0.1827655522752707
2020-10-02 09:48:00,0.15313620007862028
2020-10-02 09:51:00,0.15965468617184797
2020-10-02 09:54:00,0.12070389086983369
2020-10-02 09:57:00,0.1184249302627336
2020-10-02 10:00:00,0.1070862043174543
2020-10-02 10:03:00,0.033097381666834735
2020-10-02 10:06:00,0.07403761897933236
2020-10-02 10:09:00,0.07845967598103698
2020-10-02 10:12:00,0.06802289511074378
2020-10-02 10:15:00,0.06071612909340729
2020-10-02 10:18:00,0.05132091411138617
2020-10-02 10:21:00,-0.010954729989691714
2020-10-02 10:24:00,0.05344981442783592
2020-10-02 10:27:00,-0.04175166016619869
2020-10-02 10:30:00,0.031837821490626084
2020-10-02 10:33:00,-0.019888802019238483
2020-10-02 10:36:00,-0.0039197799746375495
2020-10-02 10:39:00,0.033052263661659254
2020-10-02 10:42:00,0.09927731245750238
2020-10-02 10:45:00,-0.017808690484287126
2020-10-02 10:48:00,0.014675855915697866
2020-10-02 10:51:00,0.003166125328164071
2020-10-02 10:54:00,-0.020866652593042545
2020-10-02 10:57:00,-0.044706295744219915
2020-10-02 11:00:00,-0.05877505289009832
2020-10-02 11:03:00,-0.06263349272023788
2020-10-02 11:06:00,-0.07205154727955687
2020-10-02 11:09:00,-0.015554005894216516
2020-10-02 11:12:00,-0.08951481829120667
2020-10-02 11:15:00,-0.1284300944548704
2020-10-02 11:18:00,-0.1372208351070867
2020-10-02 11:21:00,-0.13256558219023873
2020-10-02 11:24:00,-0.02988230327588326
2020-10-02 11:27:00,-0.06963747684062582
2020-10-02 11:30:00,-0.027857975597669338
2020-10-02 11:33:00,-0.06855716097777531
2020-10-02 11:36:00,-0.06139908922614268
2020-10-02 11:39:00,-0.10617367040526915
2020-10-02 11:42:00,-0.15912006753978858
2020-10-02 11:45:00,-0.1378992105501311
2020-10-02 11:48:00,-0.09951358567388979
2020-10-02 11:51:00,-0.09087555460371277
2020-10-02 11:54:00,-0.13268088150414314
2020-10-02 11:57:00,-0.16164654589027805
2020-10-02 12:00:00,-0.17973625770213175
2020-10-02 12:03:00,-0.20821548699018422
2020-10-02 12:06:00,-0.22188648157737134
2020-10-02 12:09:00,-0.18214339330069151
2020-10-02 12:12:00,-0.19463253507763056
2020-10-02 12:15:00,-0.16302930458073206
2020-10-02 12:18:00,-0.17689227795978013
2020-10-02 12:21:00,-0.22613812368666686
2020-10-02 12:24:00,-0.27649647563231383
2020-10-02 12:27:00,-0.250039084806815
2020-10-02 12:30:00,-0.2488287149193411
2020-10-02 12:33:00,-0.25583112983650835
2020-10-02 12:36:00,-0.27865280636956413
2020-10-02 12:39:00,-0.2639771592160969
2020-10-02 12:42:00,-0.2835820028188323
2020-10-02 12:45:00,-0.2134151955997936
2020-10-02 12:48:00,-0.24772414460403525
2020-10-02 12:51:00,-0.31362949006296503
2020-10-02 12:54:00,-0.2530856167814477
2020-10-02 12:57:00,-0.3001733376405582
2020-10-02 13:00:00,-0.27209632485971724
2020-10-02 13:03:00,-0.29559298246147137
2020-10-02 13:06:00,-0.31233031913529885
2020-10-02 13:09:00,-0.33317386540210236
2020-10-02 13:12:00,-0.2398310903176366
2020-10-02 13:15:00,-0.24902451097534595
2020-10-02 13:18:00,-0.26881535026137726
2020-10-02 13:21:00,-0.2859677825157405
2020-10-02 13:24:00,-0.2667673541242266
2020-10-02 13:27:00,-0.2278649084826725
2020-10-02 13:30:00,-0.24279106043286447
2020-10-02 13:33:00,-0.2884136685017893
2020-10-02 13:36:00,-0.2587567014854244
2020-10-02 13:39:00,-0.3133764889310555
2020-10-02 13:42:00,-0.3061395325103149
2020-10-02 13:45:00,-0.34594988231253865
2020-10-02 13:48:00,-0.2938061014340292
2020-10-02 13:51:00,-0.23067641154625562
2020-10-02 13:54:00,-0.29251704789498945
2020-10-02 13:57:00,-0.2976210079969519
2020-10-02 14:00:00,-0.3500115732631457
2020-10-02 14:03:00,-0.3397944422002297
2020-10-02 14:06:00,-0.3460334679458015
2020-10-02 14:09:00,-0.3578706562444154
2020-10-02 14:12:00,-0.29807281962291654
2020-10-02 14:15:00,-0.2354411509320471
2020-10-02 14:18:00,-0.295286500199893
2020-10-02 14:21:00,-0.1404991553418995
2020-10-02 14:24:00,-0.22180742198548842
2020-10-02 14:27:00,-0.14786888878330728
2020-10-02 14:30:00,-0.1193921367554367
2020-10-02 14:33:00,-0.06440111718399066
2020-10-02 14:36:00,-0.13640097754392855
2020-10-02 14:39:00,-0.04693485878431147
2020-10-02 14:42:00,-0.009727625561595232
2020-10-02 14:45:00,0.024286152645856873
2020-10-02 14:48:00,-0.07554783011386235
2020-10-02 14:51:00,-0.1619442500143009
2020-10-02 14:54:00,-0.041996338214744355
2020-10-02 14:57:00,0.05070884788631247
2020-10-02 15:00:00,-0.10199048595097793
2020-10-02 15:03:00,-0.23090868819048183
2020-10-02 15:06:00,-0.11817382370662699
2020-10-02 15:09:00,0.12029398127197055
2020-10-02 15:12:00,-0.01916854819552327
2020-10-02 15:15:00,-0.007715482982973754
2020-10-02 15:18:00,0.07463833319371815
2020-10-02 15:21:00,0.27749221238809696
2020-10-02 15:24:00,0.30245231726593147
2020-10-02 15:27:00,0.309635392538155
2020-10-02 15:30:00,0.32720067052451896
2020-10-02 15:33:00,0.3059849654547975
2020-10-02 15:36:00,0.4447881035145542
2020-10-02 15:39:00,0.43257988765685695
2020-10-02 15:42:00,0.5281760714755706
2020-10-02 15:45:00,0.54050305605125
2020-10-02 15:48:00,0.4801904905174297
2020-10-02 15:51:00,0.5648333130639003
2020-10-02 15:54:00,0.6519263154626742
2020-10-02 15:57:00,0.6178931998919666
2020-10-02 16:00:00,0.5920053654584763
2020-10-02 16:03:00,0.5149547501997063
2020-10-02 16:06:00,0.4877027803878491
2020-10-02 16:09:00,0.3647419063109396
2020-10-02 16:12:00,0.3963996286178144
2020-10-02 16:15:00,0.44268911917032483
2020-10-02 16:18:00,0.442177492256576
2020-10-02 16:21:00,0.4014677104943303
2020-10-02 16:24:00,0.4193145912119576
2020-10-02 16:27:00,0.4574353865719445
2020-10-02 16:30:00,0.4594174815237011
2020-10-02 16:33:00,0.35455227825235625
2020-10-02 16:36:00,0.33216788112758877
2020-10-02 16:39:00,0.3782262449859104
2020-10-02 16:42:00,0.37662857920474835
2020-10-02 16:45:00,0.43694643794606236
2020-10-02 16:48:00,0.4717112887163353
2020-10-02 16:51:00,0.4255423510724654
2020-10-02 16:54:00,0.4422192942934089
2020-10-02 16:57:00,0.3902671531902797
2020-10-02 17:00:00,0.3906734134786234
2020-10-02 17:03:00,0.45954919156719143
2020-10-02 17:06:00,0.42497587768087897
2020-10-02 17:09:00,0.4359390545866404
2020-10-02 17:12:00,0.4289618882917807
2020-10-02 17:15:00,0.42005707849261853
2020-10-02 17:18:00,0.40326125412127567
2020-10-02 17:21:00,0.41522291036477554
2020-10-02 17:24:00,0.40764834271362815
2020-10-02 17:27:00,0.40332835295942004
2020-10-02 17:30:00,0.3448291170094535
2020-10-02 17:33:00,0.3275494335988469
2020-10-02 17:36:00,0.3788338611518043
2020-10-02 17:39:00,0.4383522413722858
2020-10-02 17:42:00,0.39991194081108006
2020-10-02 17:45:00,0.3711821018594037
2020-10-02 17:48:00,0.3537946771718907
2020-10-02 17:51:00,0.3719112229300663
2020-10-02 17:54:00,0.3213416356858829
2020-10-02 17:57:00,0.37116261435238584
2020-10-02 18:00:00,0.4093371205760832
2020-10-02 18:03:00,0.40469626271470815
2020-10-02 18:06:00,0.35763989813375474
2020-10-02 18:09:00,0.42012283113314197
2020-10-02 18:12:00,0.28707241699140695
2020-10-02 18:15:00,0.4026663978741567
2020-10-02 18:18:00,0.3988464616975307
2020-10-02 18:21:00,0.3803024257380798
2020-10-02 18:24:00,0.39301397200995325
2020-10-02 18:27:00,0.268233940976927
2020-10-02 18:30:00,0.42618621715968175
2020-10-02 18:33:00,0.32690451466123704
2020-10-02 18:36:00,0.4162448060579891
2020-10-02 18:39:00,0.3845502484495569
2020-10-02 18:42:00,0.33464392556192024
2020-10-02 18:45:00,0.2559677312612507
2020-10-02 18:48:00,0.32129437826887397
2020-10-02 18:51:00,0.3908570655165704
2020-10-02 18:54:00,
2020-10-02 18:57:00,
2020-10-02 19:00:00,
2020-10-02 19:03:00,0.34463777161846565
2020-10-02 19:06:00,0.3699038179090621
2020-10-02 19:09:00,0.29023650835841863
2020-10-02 19:12:00,0.28438691905381575
2020-10-02 19:15:00,0.3613318819963638
2020-10-02 19:18:00,0.346076587750872
2020-10-02 19:21:00,0.3303273756267231
2020-10-02 19:24:00,0.3556626013980235
2020-10-02 19:27:00,0.34417338053333424
2020-10-02 19:30:00,0.3547258044365549
2020-10-02 19:33:00,0.38835569118361946
2020-10-02 19:36:00,0.3537017860485321
2020-10-02 19:39:00,0.31917181145473705
2020-10-02 19:42:00,0.34079942461431756
2020-10-02 19:45:00,0.25637420249012166
2020-10-02 19:48:00,0.3475849874383812
2020-10-02 19:51:00,0.3122195763419313
2020-10-02 19:54:00,0.3856584210311098
2020-10-02 19:57:00,0.35266901249951843
2020-10-02 20:00:00,0.30124949567010617
2020-10-02 20:03:00,0.30423554944724174
2020-10-02 20:06:00,0.37460546078250445
2020-10-02 20:09:00,0.3126572993218133
2020-10-02 20:12:00,0.2738156548192592
2020-10-02 20:15:00,0.23874715852775807
2020-10-02 20:18:00,0.2200496460246768
2020-10-02 20:21:00,0.24581430281159555
2020-10-02 20:24:00,0.2656882397650975
2020-10-02 20:27:00,0.2952778139151633
2020-10-02 20:30:00,0.313482563039031
2020-10-02 20:33:00,0.2833700316036243
2020-10-02 20:36:00,0.30898675138791987
2020-10-02 20:39:00,0.2828675541970824
2020-10-02 20:42:00,0.28648432457782746
2020-10-02 20:45:00,0.25852309747057234
2020-10-02 20:48:00,0.2370557221062768
2020-10-02 20:51:00,0.23773843448958587
2020-10-02 20:54:00,0.2638266391748516
2020-10-02 20:57:00,0.25972569660393674
2020-10-02 21:00:00,0.25826586897881043
2020-10-02 21:03:00,0.2528363605374011
2020-10-02 21:06:00,0.2613974561369332
2020-10-02 21:09:00,0.34435870619279285
2020-10-02 21:12:00,0.3207719962427973
2020-10-02 21:15:00,0.2536519186792816
2020-10-02 21:18:00,0.23830474962039716
2020-10-02 21:21:00,0.26912033008346725
2020-10-02 21:24:00,0.31502719028190995
2020-10-02 21:27:00,0.28936627227551526
2020-10-02 21:30:00,0.2230658279669342
2020-10-02 21:33:00,0.23229169678097605
2020-10-02 21:36:00,0.25781659428207604
2020-10-02 21:39:00,0.2595141345811385
2020-10-02 21:42:00,0.29812070637206034
2020-10-02 21:45:00,0.37610012693102135
2020-10-02 21:48:00,0.3281797074844235
2020-10-02 21:51:00,0.29799771500023553
2020-10-02 21:54:00,0.3391922542976431
2020-10-02 21:57:00,0.29620311282513967
2020-10-02 22:00:00,0.3392913445134127
2020-10-02 22:03:00,0.27653258957252547
2020-10-02 22:06:00,0.30112163468896824
2020-10-02 22:09:00,0.3234871238261121
2020-10-02 22:12:00,0.31152564627359425
2020-10-02 22:15:00,0.3318467597158019
2020-10-02 22:18:00,0.29786641296198013
2020-10-02 22:21:00,0.3815054615268423
2020-10-02 22:24:00,0.33358105830507156
2020-10-02 22:27:00,0.33484027965556606
2020-10-02 22:30:00,0.3523101803286295
2020-10-02 22:33:00,0.3445836193526475
2020-10-02 22:36:00,0.2890849776799769
2020-10-02 22:39:00,0.32750748245871364
2020-10-02 22:42:00,0.31850228267637704
2020-10-02 22:45:00,0.2687779650120774
2020-10-02 22:48:00,0.3527484863481618
2020-10-02 22:51:00,0.30212238442743455
2020-10-02 22:54:00,0.33152972778617595
2020-10-02 22:57:00,0.33632909746773976
2020-10-02 23:00:00,0.33281679962721
2020-10-02 23:03:00,0.35968589711904997
2020-10-02 23:06:00,0.3761114991179966
2020-10-02 23:09:00,0.3897250956841276
2020-10-02 23:12:00,0.3634765198184482
2020-10-02 23:15:00,0.3599599005868299
2020-10-02 23:18:00,0.27149035094493
2020-10-02 23:21:00,0.33269918478180216
2020-10-02 23:24:00,0.3526663783378581
2020-10-02 23:27:00,0.30297322361423085
2020-10-02 23:30:00,0.32101609557361144
2020-10-02 23:33:00,0.30299415924503137
2020-10-02 23:36:00,0.30884212484767204
2020-10-02 23:39:00,0.3073194407093638
2020-10-02 23:42:00,0.27874275601698173
2020-10-02 23:45:00,0.25420807626892383
2020-10-02 23:48:00,0.29577412662052893
2020-10-02 23:51:00,0.3678056097070339
2020-10-02 23:54:00,0.27920101541275244
2020-10-02 23:57:00,0.27336406396534585
2020-10-03 00:00:00,0.34099315552907683
2020-10-03 00:03:00,0.34320224656363507
2020-10-03 00:06:00,0.3703574604809887
2020-10-03 00:09:00,0.33642576841913296
2020-10-03 00:12:00,0.3451674254253021
2020-10-03 00:15:00,0.3192490000227508
2020-10-03 00:18:00,0.32948235084586486
2020-10-03 00:21:00,0.37824330128967176
2020-10-03 00:24:00,0.3235275579713175
2020-10-03 00:27:00,0.3833033453349799
2020-10-03 00:30:00,0.3363348444913754
2020-10-03 00:33:00,0.4439133756935689
2020-10-03 00:36:00,0.4046964781636575
2020-10-03 00:39:00,0.4148997462414741
2020-10-03 00:42:00,0.4071257972574358
2020-10-03 00:45:00,0.41606208041861237
2020-10-03 00:48:00,0.4402105882646765
2020-10-03 00:51:00,0.4381684737548994
2020-10-03 00:54:00,0.3893619440852376
2020-10-03 00:57:00,0.45215942423573097
2020-10-03 01:00:00,0.4027077528579639
2020-10-03 01:03:00,0.3651040333316473
2020-10-03 01:06:00,0.350493794707063
2020-10-03 01:09:00,0.3667411531419589
2020-10-03 01:12:00,0.38497771236598055
2020-10-03 01:15:00,0.39126851080391134
2020-10-03 01:18:00,0.3423373557595255
2020-10-03 01:21:00,0.3989212254176664
2020-10-03 01:24:00,0.42137621799571434
2020-10-03 01:27:00,0.39200804723878946
2020-10-03 01:30:00,0.4069916251421546
2020-10-03 01:33:00,0.4235921192129126
2020-10-03 01:36:00,0.4013622645961732
2020-10-03 01:39:00,0.40841972656363623
2020-10-03 01:42:00,0.34483022734610813
2020-10-03 01:45:00,0.32857849491045954
2020-10-03 01:48:00,0.3621822722937509
2020-10-03 01:51:00,0.36662229068326724
2020-10-03 01:54:00,0.42334652245045845
2020-10-03 01:57:00,0.37269003339139317
2020-10-03 02:00:00,0.41449530954224656
2020-10-03 02:03:00,0.3947739123225915
2020-10-03 02:06:00,0.3614824376916772
2020-10-03 02:09:00,0.4047130670614365
2020-10-03 02:12:00,0.38120451416415335
2020-10-03 02:15:00,0.34256228543927136
2020-10-03 02:18:00,0.37817553207247556
2020-10-03 02:21:00,0.2821305218528778
2020-10-03 02:24:00,0.3793490096434198
2020-10-03 02:27:00,0.3295973313252034
2020-10-03 02:30:00,0.33346976133276485
2020-10-03 02:33:00,0.28012582752620574
2020-10-03 02:36:00,0.30464714233193035
2020-10-03 02:39:00,0.3008504318278824
2020-10-03 02:42:00,0.2820314460115583
2020-10-03 02:45:00,0.3235989845218228
2020-10-03 02:48:00,0.2989649776592955
2020-10-03 02:51:00,0.3268031384320693
2020-10-03 02:54:00,0.3749763994861155
2020-10-03 02:57:00,0.3434626817663684
2020-10-03 03:00:00,0.37627958797179417
2020-10-03 03:03:00,0.35185850312046796
2020-10-03 03:06:00,0.3364691782757063
2020-10-03 03:09:00,0.3594862180235623
2020-10-03 03:12:00,0.25374405740222983
2020-10-03 03:15:00,0.32455995678378713
2020-10-03 03:18:00,0.34914116047025345
2020-10-03 03:21:00,0.4103798405603243
2020-10-03 03:24:00,0.38093470109060945
2020-10-03 03:27:00,0.38112360305814263
2020-10-03 03:30:00,0.3605384532525022
2020-10-03 03:33:00,0.3323583059599855
2020-10-03 03:36:00,0.3683161105161048
2020-10-03 03:39:00,0.39711977191655023
2020-10-03 03:42:00,0.38130044478822356
2020-10-03 03:45:00,0.31834737175489636
2020-10-03 03:48:00,0.4419217964659765
2020-10-03 03:51:00,0.4604797109415131
2020-10-03 03:54:00,0.40859073924940503
2020-10-03 03:57:00,0.39029110726045246
2020-10-03 04:00:00,0.3663943301838799
2020-10-03 04:03:00,0.39604314377095307
2020-10-03 04:06:00,0.34853535388549517
2020-10-03 04:09:00,0.39773801155638466
2020-10-03 04:12:00,0.3548414474878996
2020-10-03 04:15:00,0.4619120329471684
2020-10-03 04:18:00,0.40768283980440856
2020-10-03 04:21:00,0.3895620358582619
2020-10-03 04:24:00,0.39898175235992994
2020-10-03 04:27:00,0.4312903221901365
2020-10-03 04:30:00,0.4210849175841531
2020-10-03 04:33:00,0.40819964727324987
2020-10-03 04:36:00,0.3941647597404767
2020-10-03 04:39:00,0.40474589458676746
2020-10-03 04:42:00,0.4362831372744722
2020-10-03 04:45:00,0.3775588093354827
2020-10-03 04:48:00,0.4390576499327494
2020-10-03 04:51:00,0.42938712525028677
2020-10-03 04:54:00,0.4553961752638429
2020-10-03 04:57:00,0.4177841099960915
2020-10-03 05:00:00,0.4923147568044328
2020-10-03 05:03:00,0.437292454045064
2020-10-03 05:06:00,0.4269290135092092
2020-10-03 05:09:00,0.3837623698428274
2020-10-03 05:12:00,0.47376881726444253
2020-10-03 05:15:00,0.3990340152733438
2020-10-03 05:18:00,0.4317031717746431
2020-10-03 05:21:00,0.4140112178726554
2020-10-03 05:24:00,0.43675403612559194
2020-10-03 05:27:00,0.4348240842903124
2020-10-03 05:30:00,0.39356710855270194
2020-10-03 05:33:00,0.39966401780219485
2020-10-03 05:36:00,0.3879361821760199
2020-10-03 05:39:00,0.41740783176021523
2020-10-03 05:42:00,0.3913583410827641
2020-10-03 05:45:00,0.40660034938179024
2020-10-03 05:48:00,0.43994842557856373
2020-10-03 05:51:00,0.40252694699529457
2020-10-03 05:54:00,0.4058944483383584
2020-10-03 05:57:00,0.4482211738651358
2020-10-03 06:00:00,0.3815065276893961
2020-10-03 06:03:00,0.4171746727799359
2020-10-03 06:06:00,0.46617136062565123
2020-10-03 06:09:00,0.47110955511635666
2020-10-03 06:12:00,0.456743846191614
2020-10-03 06:15:00,0.4175748197650364
2020-10-03 06:18:00,0.3836335346145461
2020-10-03 06:21:00,0.4201793499194082
2020-10-03 06:24:00,0.43105953375908257
2020-10-03 06:27:00,0.5187410534229571
2020-10-03 06:30:00,0.4801797615346004
2020-10-03 06:33:00,0.44781299126731255
2020-10-03 06:36:00,0.3895250962038972
2020-10-03 06:39:00,0.3843199193957503
2020-10-03 06:42:00,0.4329240467442901
2020-10-03 06:45:00,0.47989599524765936
2020-10-03 06:48:00,0.43059219273243343
2020-10-03 06:51:00,0.4309830704182218
2020-10-03 06:54:00,0.49818908246584215
2020-10-03 06:57:00,0.45304737885163604
2020-10-03 07:00:00,0.4287190721619254
2020-10-03 07:03:00,0.43117242385130794
2020-10-03 07:06:00,0.4357102377044839
2020-10-03 07:09:00,0.48589258335533714
2020-10-03 07:12:00,0.441762856562832
2020-10-03 07:15:00,0.412345717619246
2020-10-03 07:18:00,0.3990594736127946
2020-10-03 07:21:00,0.4465863139282078
2020-10-03 07:24:00,0.5044042016813819
2020-10-03 07:27:00,0.4328386341638293
2020-10-03 07:30:00,0.36699786345354823
2020-10-03 07:33:00,0.43376817889634367
2020-10-03 07:36:00,0.3910067493761744
2020-10-03 07:39:00,0.3090820442173481
2020-10-03 07:42:00,0.27055780750174563
2020-10-03 07:45:00,0.35965596299655544
2020-10-03 07:48:00,0.32242087987776813
2020-10-03 07:51:00,0.3084170147579357
2020-10-03 07:54:00,0.306071675470605
2020-10-03 07:57:00,0.2666188140527197
2020-10-03 08:00:00,0.32041382930071904
2020-10-03 08:03:00,0.31501716848680417
2020-10-03 08:06:00,0.2758496107041992
2020-10-03 08:09:00,0.28303168848327687
2020-10-03 08:12:00,0.2757919588907498
2020-10-03 08:15:00,0.23380907545873697
2020-10-03 08:18:00,0.22612859292433996
2020-10-03 08:21:00,0.2541153175263844
2020-10-03 08:24:00,0.23956485102672787
2020-10-03 08:27:00,0.27349504129898605
2020-10-03 08:30:00,0.17226563730548605
2020-10-03 08:33:00,0.2504201879633001
2020-10-03 08:36:00,0.2254311450499813
2020-10-03 08:39:00,0.22059229692644067
2020-10-03 08:42:00,0.20886515888605572
2020-10-03 08:45:00,0.2941854275557034
2020-10-03 08:48:00,0.19366543169451234
2020-10-03 08:51:00,0.20043547537602535
2020-10-03 08:54:00,0.19114146521167186
2020-10-03 08:57:00,0.2337504910663597
2020-10-03 09:00:00,0.18071152549043745
2020-10-03 09:03:00,0.2169825285388356
2020-10-03 09:06:00,0.22001484873061372
2020-10-03 09:09:00,0.19716481538648623
2020-10-03 09:12:00,0.16339182303954658
2020-10-03 09:15:00,0.14127711814978738
2020-10-03 09:18:00,0.12976866019630506
2020-10-03 09:21:00,0.1723864455602211
2020-10-03 09:24:00,0.06714559920175134
2020-10-03 09:27:00,0.050547949924066415
2020-10-03 09:30:00,0.0938496683544372
2020-10-03 09:33:00,0.11711252739905831
2020-10-03 09:36:00,0.0706566145860279
2020-10-03 09:39:00,0.02921039135958381
2020-10-03 09:42:00,0.03632500619323764
2020-10-03 09:45:00,0.05920430157533474
2020-10-03 09:48:00,0.060341399377136895
2020-10-03 09:51:00,0.053959597975222096
2020-10-03 09:54:00,0.005757787581558205
2020-10-03 09:57:00,0.06963269304372943
2020-10-03 10:00:00,-0.023045323756889502
2020-10-03 10:03:00,0.04456485238421237
2020-10-03 10:06:00,0.06875261806055732
2020-10-03 10:09:00,0.06339593547915001
2020-10-03 10:12:00,0.008480514402435801
2020-10-03 10:15:00,0.029407056139234555
2020-10-03 10:18:00,0.07005198872917617
2020-10-03 10:21:00,0.024540013669252403
2020-10-03 10:24:00,0.06880426590839761
2020-10-03 10:27:00,0.0337841190639665
2020-10-03 10:30:00,-0.04254854915586748
2020-10-03 10:33:00,0.045259757831502156
2020-10-03 10:36:00,0.007163016019319457
2020-10-03 10:39:00,-0.02108141025723853
2020-10-03 10:42:00,0.026403541105423756
2020-10-03 10:45:00,-0.0612609974022007
2020-10-03 10:48:00,-0.04135875319269644
2020-10-03 10:51:00,-0.07044146822141784
2020-10-03 10:54:00,-0.06051783489812124
2020-10-03 10:57:00,-0.04164664304454391
2020-10-03 11:00:00,-0.08581881314097473
2020-10-03 11:03:00,-0.14642717850131248
2020-10-03 11:06:00,-0.1799342381955853
2020-10-03 11:09:00,-0.1520524022406562
2020-10-03 11:12:00,-0.0736668293841376
2020-10-03 11:15:00,-0.115256256086127
2020-10-03 11:18:00,-0.10639049817797286
2020-10-03 11:21:00,-0.12446384308248071
2020-10-03 11:24:00,-0.15447255091197576
2020-10-03 11:27:00,-0.12948402620338584
2020-10-03 11:30:00,-0.10570490538538024
2020-10-03 11:33:00,-0.0749818538053546
2020-10-03 11:36:00,-0.16733959189770076
2020-10-03 11:39:00,-0.2963371847488929
2020-10-03 11:42:00,-0.2837337797602686
2020-10-03 11:45:00,-0.26786756081367
2020-10-03 11:48:00,-0.11179533157257993
2020-10-03 11:51:00,-0.08305636009032469
2020-10-03 11:54:00,-0.1192111032108869
2020-10-03 11:57:00,-0.021134171263213375
2020-10-03 12:00:00,0.011190667644768837
2020-10-03 12:03:00,0.056562939409047885
2020-10-03 12:06:00,0.1722214194359708
2020-10-03 12:09:00,0.12641133270187765
2020-10-03 12:12:00,0.2449506228091991
2020-10-03 12:15:00,0.17635292327412344
2020-10-03 12:18:00,0.2693575748642161
2020-10-03 12:21:00,0.17821253801082548
2020-10-03 12:24:00,0.19815130403435433
2020-10-03 12:27:00,0.35657429323714496
2020-10-03 12:30:00,0.39890427207404855
2020-10-03 12:33:00,0.36523643788143545
2020-10-03 12:36:00,0.4206067795355466
2020-10-03 12:39:00,0.5902562982943778
2020-10-03 12:42:00,0.6803507633512709
2020-10-03 12:45:00,0.6820314187514782
2020-10-03 12:48:00,0.5564125602903118
2020-10-03 12:51:00,0.48058616033620183
2020-10-03 12:54:00,0.4261565572876975
2020-10-03 12:57:00,0.2525829133540469
2020-10-03 13:00:00,0.18689277039516128
2020-10-03 13:03:00,0.06593419182570415
2020-10-03 13:06:00,0.02035318825903687
2020-10-03 13:09:00,0.005392506646558104
2020-10-03 13:12:00,0.030026109432128578
2020-10-03 13:15:00,0.025800997750650367
2020-10-03 13:18:00,0.09672887746683045
2020-10-03 13:21:00,0.13148698159955075
2020-10-03 13:24:00,0.19073074640743926
2020-10-03 13:27:00,0.31965549909125457
2020-10-03 13:30:00,0.3447517403304232
2020-10-03 13:33:00,0.21045983734120455
2020-10-03 13:36:00,0.07008506142204851
2020-10-03 13:39:00,0.017231119508949178
2020-10-03 13:42:00,0.11186713723634512
2020-10-03 13:45:00,0.07616175157255611
2020-10-03 13:48:00,0.04643174135225081
2020-10-03 13:51:00,0.05405939111847147
2020-10-03 13:54:00,0.12870835864924857
2020-10-03 13:57:00,0.16217236000733237
2020-10-03 14:00:00,0.22519889219620381
2020-10-03 14:03:00,0.37754953335206665
2020-10-03 14:06:00,0.2981573825538817
2020-10-03 14:09:00,0.3469924369814521
2020-10-03 14:12:00,0.4398425146985687
2020-10-03 14:15:00,0.6002862410707053
2020-10-03 14:18:00,0.45731754711937356
2020-10-03 14:21:00,0.45295312186624415
2020-10-03 14:24:00,0.45910264246595034
2020-10-03 14:27:00,0.42644950866514364
2020-10-03 14:30:00,0.3666811369345737
2020-10-03 14:33:00,0.425947709057823
2020-10-03 14:36:00,0.44965167241969084
2020-10-03 14:39:00,0.4869215166268077
2020-10-03 14:42:00,0.5310195736628316
2020-10-03 14:45:00,0.405396722148339
2020-10-03 14:48:00,0.42395483415782564
2020-10-03 14:51:00,0.3810262301481657
2020-10-03 14:54:00,0.3943393153252259
2020-10-03 14:57:00,0.43014208973085033
2020-10-03 15:00:00,0.3488467716239825
2020-10-03 15:03:00,0.2852914866685978
2020-10-03 15:06:00,0.36910650477955187
2020-10-03 15:09:00,0.30156146114842386
2020-10-03 15:12:00,0.2814257901128485
2020-10-03 15:15:00,0.29098614246930765
2020-10-03 15:18:00,0.26034995467909994
2020-10-03 15:21:00,0.2743252614170615
2020-10-03 15:24:00,0.286070033770784
2020-10-03 15:27:00,0.2574547013267079
2020-10-03 15:30:00,0.30757919146117274
2020-10-03 15:33:00,0.3183963556662093
2020-10-03 15:36:00,0.2636342419144171
2020-10-03 15:39:00,0.3800946840976849
2020-10-03 15:42:00,0.33310211984479565
2020-10-03 15:45:00,0.26086595136291635
2020-10-03 15:48:00,0.2865709122252724
2020-10-03 15:51:00,0.3039391627855821
2020-10-03 15:54:00,0.31723363159659357
2020-10-03 15:57:00,0.2550811901057273
2020-10-03 16:00:00,0.3528081030361818
2020-10-03 16:03:00,0.3333339473721253
2020-10-03 16:06:00,0.3518785948758705
2020-10-03 16:09:00,0.36353433122451406
2020-10-03 16:12:00,0.3356889224173756
2020-10-03 16:15:00,0.35091671724876505
2020-10-03 16:18:00,0.38710531488203515
2020-10-03 16:21:00,0.3688135738473761
2020-10-03 16:24:00,0.2829966957493184
2020-10-03 16:27:00,0.2605449726625011
2020-10-03 16:30:00,0.18709159783145424
2020-10-03 16:33:00,0.2623504310602698
2020-10-03 16:36:00,0.1379079200794422
2020-10-03 16:39:00,0.19707379031382288
2020-10-03 16:42:00,0.17284332799601998
2020-10-03 16:45:00,0.18727567662239153
2020-10-03 16:48:00,0.1794968072407528
2020-10-03 16:51:00,0.3113347363017738
2020-10-03 16:54:00,0.2658042471609292
2020-10-03 16:57:00,0.2626778744691478
2020-10-03 17:00:00,0.24900454119875803
2020-10-03 17:03:00,0.29723697296003593
2020-10-03 17:06:00,0.2866272181693148
2020-10-03 17:09:00,0.3691414942227311
2020-10-03 17:12:00,0.3672667173548234
2020-10-03 17:15:00,0.32436751737736813
2020-10-03 17:18:00,0.29146691225435006
2020-10-03 17:21:00,0.2902943126551918
2020-10-03 17:24:00,0.20252096893943872
2020-10-03 17:27:00,0.2599800947321569
2020-10-03 17:30:00,0.29081241915037026
2020-10-03 17:33:00,0.33825625941682347
2020-10-03 17:36:00,0.36811583404062276
2020-10-03 17:39:00,0.2970373224279115
2020-10-03 17:42:00,0.2674269042631181
2020-10-03 17:45:00,0.2588407436319926
2020-10-03 17:48:00,0.26185269031822145
2020-10-03 17:51:00,0.240198588532337
2020-10-03 17:54:00,0.2376231967737681
2020-10-03 17:57:00,0.27004693121608625
2020-10-03 18:00:00,0.2599121346124207
2020-10-03 18:03:00,0.2392385912116879
2020-10-03 18:06:00,0.25594087056731496
2020-10-03 18:09:00,0.23697443382786787
2020-10-03 18:12:00,0.22524198745071544
2020-10-03 18:15:00,0.17719397291705263
2020-10-03 18:18:00,0.23433542488396597
2020-10-03 18:21:00,0.18319228868688242
2020-10-03 18:24:00,0.20717566170537793
2020-10-03 18:27:00,0.2803976878361141
2020-10-03 18:30:00,0.16960349923499507
2020-10-03 18:33:00,0.20499453282207014
2020-10-03 18:36:00,0.26760574346064914
2020-10-03 18:39:00,0.23738501763273234
2020-10-03 18:42:00,0.25182031637126556
2020-10-03 18:45:00,0.24463951725999777
2020-10-03 18:48:00,0.2774424394801258
2020-10-03 18:51:00,0.3045009349215775
2020-10-03 18:54:00,0.2290766137620608
2020-10-03 18:57:00,
2020-10-03 19:00:00,
2020-10-03 19:03:00,0.31452402779660815
2020-10-03 19:06:00,0.26497048089390773
2020-10-03 19:09:00,0.22825295210338936
2020-10-03 19:12:00,0.25173906892274545
2020-10-03 19:15:00,0.30640484436565885
2020-10-03 19:18:00,0.26080113473830124
2020-10-03 19:21:00,0.2640927752698303
2020-10-03 19:24:00,0.22720925383640633
2020-10-03 19:27:00,0.27650234937971163
2020-10-03 19:30:00,0.1908436225205037
2020-10-03 19:33:00,0.3159336787488769
2020-10-03 19:36:00,0.25496524346493743
2020-10-03 19:39:00,0.30465716736858894
2020-10-03 19:42:00,0.2563042029350413
2020-10-03 19:45:00,0.3044963937433067
2020-10-03 19:48:00,0.2789619722478278
2020-10-03 19:51:00,0.26713632416687005
2020-10-03 19:54:00,0.25268617463939336
2020-10-03 19:57:00,0.29632213527980866
2020-10-03 20:00:00,0.28549516249182716
2020-10-03 20:03:00,0.26778176453115066
2020-10-03 20:06:00,0.23747255173844906
2020-10-03 20:09:00,0.16662939939976695
2020-10-03 20:12:00,0.23568740987758474
2020-10-03 20:15:00,0.2570329816486492
2020-10-03 20:18:00,0.24385316304585558
2020-10-03 20:21:00,0.2821788439210877
2020-10-03 20:24:00,0.24558179321678608
2020-10-03 20:27:00,0.21181059144265646
2020-10-03 20:30:00,0.25551445460638433
2020-10-03 20:33:00,0.2262305335366932
2020-10-03 20:36:00,0.23335644741422357
2020-10-03 20:39:00,0.2701245784896287
2020-10-03 20:42:00,0.25299183358703203
2020-10-03 20:45:00,0.2163781330301049
2020-10-03 20:48:00,0.39278545577440127
2020-10-03 20:51:00,0.26216530746324906
2020-10-03 20:54:00,0.2953467828509133
2020-10-03 20:57:00,0.3284373298395167
2020-10-03 21:00:00,0.25493411356990237
2020-10-03 21:03:00,0.20510961040497477
2020-10-03 21:06:00,0.2632778060972214
2020-10-03 21:09:00,0.31786075318893836
2020-10-03 21:12:00,0.3027848046521058
2020-10-03 21:15:00,0.3099897342011104
2020-10-03 21:18:00,0.31543057991410706
2020-10-03 21:21:00,0.35395439931534156
2020-10-03 21:24:00,0.3290173736286306
2020-10-03 21:27:00,0.19182160531937598
2020-10-03 21:30:00,0.26140568048151636
2020-10-03 21:33:00,0.2780930708398728
2020-10-03 21:36:00,0.29982161080351943
2020-10-03 21:39:00,0.33261453107286343
2020-10-03 21:42:00,0.2975159221636545
2020-10-03 21:45:00,0.31567307012880974
2020-10-03 21:48:00,0.3174304664176475
2020-10-03 21:51:00,0.27527868150411905
2020-10-03 21:54:00,0.29284406010060593
2020-10-03 21:57:00,0.3078764567790131
2020-10-03 22:00:00,0.2472559974129922
2020-10-03 22:03:00,0.26583740649016363
2020-10-03 22:06:00,0.2185015559822432
2020-10-03 22:09:00,0.26479045733850626
2020-10-03 22:12:00,0.2590494999099633
2020-10-03 22:15:00,0.2683251885643472
2020-10-03 22:18:00,0.22036160055392884
2020-10-03 22:21:00,0.2507179238460253
2020-10-03 22:24:00,0.220039420318642
2020-10-03 22:27:00,0.2285387418648952
2020-10-03 22:30:00,0.26489259733597237
2020-10-03 22:33:00,0.2985373559433242
2020-10-03 22:36:00,0.2734741302487578
2020-10-03 22:39:00,0.29117081632671216
2020-10-03 22:42:00,0.28056498218973047
2020-10-03 22:45:00,0.279089230520583
2020-10-03 22:48:00,0.2714779556854978
2020-10-03 22:51:00,0.29796103777653116
2020-10-03 22:54:00,0.2994664870024053
2020-10-03 22:57:00,0.27598198698223086
2020-10-03 23:00:00,0.3185120219087594
2020-10-03 23:03:00,0.24591556834565154
2020-10-03 23:06:00,0.2644632284170143
2020-10-03 23:09:00,0.2624651551763577
2020-10-03 23:12:00,0.3009320085810714
2020-10-03 23:15:00,0.25522746286247866
2020-10-03 23:18:00,0.3142618358085656
2020-10-03 23:21:00,0.34420942394666554
2020-10-03 23:24:00,0.32753616530635554
2020-10-03 23:27:00,0.4605382758788892
2020-10-03 23:30:00,0.4658248443735147
2020-10-03 23:33:00,0.5376555220194632
2020-10-03 23:36:00,0.5497446147760456
2020-10-03 23:39:00,0.5423843136956066
2020-10-03 23:42:00,0.5050113821978925
2020-10-03 23:45:00,0.45462061505088514
2020-10-03 23:48:00,0.48131726505715733
2020-10-03 23:51:00,0.38526540086292016
2020-10-03 23:54:00,0.452612101129489
2020-10-03 23:57:00,0.3806917632367117
2020-10-04 00:00:00,0.38445258971336216
2020-10-04 00:03:00,0.4312508196169915
2020-10-04 00:06:00,0.43048362915033067
2020-10-04 00:09:00,0.5117668265725115
2020-10-04 00:12:00,0.5359967093709201
2020-10-04 00:15:00,0.45115697879197114
2020-10-04 00:18:00,0.47844355824128115
2020-10-04 00:21:00,0.46644910868690204
2020-10-04 00:24:00,0.5244685499398543
2020-10-04 00:27:00,0.5168660035752168
2020-10-04 00:30:00,0.46746564358846854
2020-10-04 00:33:00,0.4973550829990927
2020-10-04 00:36:00,0.5816386398449822
2020-10-04 00:39:00,0.5570736997726158
2020-10-04 00:42:00,0.5754836049421215
2020-10-04 00:45:00,0.570377823063211
2020-10-04 00:48:00,0.5291836043943476
2020-10-04 00:51:00,0.5258288556163961
2020-10-04 00:54:00,0.5456969458698495
2020-10-04 00:57:00,0.5054236276732809
2020-10-04 01:00:00,0.5235610785357494
2020-10-04 01:03:00,0.5233126374636754
2020-10-04 01:06:00,0.46248840826228843
2020-10-04 01:09:00,0.4924829850382366
2020-10-04 01:12:00,0.5167367391159132
2020-10-04 01:15:00,0.5462105517127043
2020-10-04 01:18:00,0.5496638965698253
2020-10-04 01:21:00,0.4990598675049682
2020-10-04 01:24:00,0.4224230723755227
2020-10-04 01:27:00,0.4948398451023195
2020-10-04 01:30:00,0.46785504946507217
2020-10-04 01:33:00,0.5340136811703928
2020-10-04 01:36:00,0.4671210517716986
2020-10-04 01:39:00,0.527159120678732
2020-10-04 01:42:00,0.4512209369354423
2020-10-04 01:45:00,0.47624741160888107
2020-10-04 01:48:00,0.5183890620357943
2020-10-04 01:51:00,0.48018528144098127
2020-10-04 01:54:00,0.4786608804364505
2020-10-04 01:57:00,0.5190291977230004
2020-10-04 02:00:00,0.5390101923251223
2020-10-04 02:03:00,0.49751535826146664
2020-10-04 02:06:00,0.45988249482905985
2020-10-04 02:09:00,0.47401646627128
2020-10-04 02:12:00,0.49178772301576146
2020-10-04 02:15:00,0.4955382366157437
2020-10-04 02:18:00,0.4734527204040546
2020-10-04 02:21:00,0.5089052528534239
2020-10-04 02:24:00,0.5536897059520243
2020-10-04 02:27:00,0.4865280095187927
2020-10-04 02:30:00,0.5276175114378816
2020-10-04 02:33:00,0.5411378036613428
2020-10-04 02:36:00,0.45564231774591235
2020-10-04 02:39:00,0.4665127192380396
2020-10-04 02:42:00,0.4602529130235098
2020-10-04 02:45:00,0.3870566070269774
2020-10-04 02:48:00,0.3211397848345996
2020-10-04 02:51:00,0.38481137978266133
2020-10-04 02:54:00,0.3886894234584588
2020-10-04 02:57:00,0.3896847035476867
2020-10-04 03:00:00,0.4259850168663206
2020-10-04 03:03:00,0.4156857462209018
2020-10-04 03:06:00,0.4027344722470616
2020-10-04 03:09:00,0.4478421215359276
2020-10-04 03:12:00,0.41261504356316436
2020-10-04 03:15:00,0.46745597133929095
2020-10-04 03:18:00,0.3861597410664217
2020-10-04 03:21:00,0.44900584422430256
2020-10-04 03:24:00,0.3752297772048223
2020-10-04 03:27:00,0.37059714369218
2020-10-04 03:30:00,0.36688337407269955
2020-10-04 03:33:00,0.3919231999472572
2020-10-04 03:36:00,0.3382219354357403
2020-10-04 03:39:00,0.4209916780994263
2020-10-04 03:42:00,0.40930661259284307
2020-10-04 03:45:00,0.4012494192267013
2020-10-04 03:48:00,0.43336673404712656
2020-10-04 03:51:00,0.3525081069107614
2020-10-04 03:54:00,0.29146623204394473
2020-10-04 03:57:00,0.35637448046520603
2020-10-04 04:00:00,0.37313602831835624
2020-10-04 04:03:00,0.3759219875576605
2020-10-04 04:06:00,0.35168717187093534
2020-10-04 04:09:00,0.3882552254366942
2020-10-04 04:12:00,0.3138034624586794
2020-10-04 04:15:00,0.3722887480781196
2020-10-04 04:18:00,0.3816507760952845
2020-10-04 04:21:00,0.3365601518409562
2020-10-04 04:24:00,0.3789072969174754
2020-10-04 04:27:00,0.34864562400849763
2020-10-04 04:30:00,0.32093477450428054
2020-10-04 04:33:00,0.36249980545068183
2020-10-04 04:36:00,0.3359671930888908
2020-10-04 04:39:00,0.41884815954074384
2020-10-04 04:42:00,0.36058404426813695
2020-10-04 04:45:00,0.3815234182074505
2020-10-04 04:48:00,0.30976633808353427
2020-10-04 04:51:00,0.4001623866425916
2020-10-04 04:54:00,0.34789595730649125
2020-10-04 04:57:00,0.33271614777589775
2020-10-04 05:00:00,0.31253307697210175
2020-10-04 05:03:00,0.3785745275067143
2020-10-04 05:06:00,0.4108200020481263
2020-10-04 05:09:00,0.3894817221195126
2020-10-04 05:12:00,0.3512131572595649
2020-10-04 05:15:00,0.3195570810470372
2020-10-04 05:18:00,0.3640686558102857
2020-10-04 05:21:00,0.3320972823751731
2020-10-04 05:24:00,0.34507535077392504
2020-10-04 05:27:00,0.401962304439337
2020-10-04 05:30:00,0.450302155998088
2020-10-04 05:33:00,0.4118083848385936
2020-10-04 05:36:00,0.39527133780228496
2020-10-04 05:39:00,0.4519754386501518
2020-10-04 05:42:00,0.40163578684718004
2020-10-04 05:45:00,0.44815493527937633
2020-10-04 05:48:00,0.47798114537448555
2020-10-04 05:51:00,0.5025346208382189
2020-10-04 05:54:00,0.45535965808437595
2020-10-04 05:57:00,0.5171338485076831
2020-10-04 06:00:00,0.5033488066645759
2020-10-04 06:03:00,0.5427530612987539
2020-10-04 06:06:00,0.6177728441113004
2020-10-04 06:09:00,0.7022140225805629
2020-10-04 06:12:00,0.7582952414207966
2020-10-04 06:15:00,0.6577126254829864
2020-10-04 06:18:00,0.7216968947408873
2020-10-04 06:21:00,0.7244227025042846
2020-10-04 06:24:00,0.6102152004813775
2020-10-04 06:27:00,0.5426924860259987
2020-10-04 06:30:00,0.5976261790563058
2020-10-04 06:33:00,0.6107156729884196
2020-10-04 06:36:00,0.5798961111698873
2020-10-04 06:39:00,0.4596196569606832
2020-10-04 06:42:00,0.5035768986919607
2020-10-04 06:45:00,0.402460782243395
2020-10-04 06:48:00,0.5076408819873564
2020-10-04 06:51:00,0.4705474953805151
2020-10-04 06:54:00,0.496469734599259
2020-10-04 06:57:00,0.4767079942901091
2020-10-04 07:00:00,0.49416415136107616
2020-10-04 07:03:00,0.5078672481258195
2020-10-04 07:06:00,0.4067546391359542
2020-10-04 07:09:00,0.5373952386421479
2020-10-04 07:12:00,0.5261653152174972
2020-10-04 07:15:00,0.5917590543578513
2020-10-04 07:18:00,0.4627771656469122
2020-10-04 07:21:00,0.47868383843535867
2020-10-04 07:24:00,0.5134347209847192
2020-10-04 07:27:00,0.5474213463774049
2020-10-04 07:30:00,0.46791546957115315
2020-10-04 07:33:00,0.5139045698969653
2020-10-04 07:36:00,0.4895402039667829
2020-10-04 07:39:00,0.478634099652254
2020-10-04 07:42:00,0.5420641587348314
2020-10-04 07:45:00,0.5455488172787568
2020-10-04 07:48:00,0.48541637963393214
2020-10-04 07:51:00,0.5297580379872215
2020-10-04 07:54:00,0.473528219076627
2020-10-04 07:57:00,0.4360824088581694
2020-10-04 08:00:00,0.47760430886160066
2020-10-04 08:03:00,0.4237067486486694
2020-10-04 08:06:00,0.4242503460923217
2020-10-04 08:09:00,0.42927416989647327
2020-10-04 08:12:00,0.4455952071177194
2020-10-04 08:15:00,0.35125930973975983
2020-10-04 08:18:00,0.4384119284159169
2020-10-04 08:21:00,0.34476037450076547
2020-10-04 08:24:00,0.3145488263285756
2020-10-04 08:27:00,0.4046414008732313
2020-10-04 08:30:00,0.45329628075722894
2020-10-04 08:33:00,0.41169748649764415
2020-10-04 08:36:00,0.35518553512542894
2020-10-04 08:39:00,0.35036592304675196
2020-10-04 08:42:00,0.31865090839733057
2020-10-04 08:45:00,0.3202843603147585
2020-10-04 08:48:00,0.4037830439127106
2020-10-04 08:51:00,0.3033314893593797
2020-10-04 08:54:00,0.2695875862174262
2020-10-04 08:57:00,0.29740010153722096
2020-10-04 09:00:00,0.30168069004622566
2020-10-04 09:03:00,0.319288344463871
2020-10-04 09:06:00,0.31512776616062865
2020-10-04 09:09:00,0.3107571995282683
2020-10-04 09:12:00,0.299287930134426
2020-10-04 09:15:00,0.2779346386364523
2020-10-04 09:18:00,0.16073312887647262
2020-10-04 09:21:00,0.2562056478140562
2020-10-04 09:24:00,0.21187934544923337
2020-10-04 09:27:00,0.14686729133268273
2020-10-04 09:30:00,0.2021290671594329
2020-10-04 09:33:00,0.16410235685196994
2020-10-04 09:36:00,0.1815458394972893
2020-10-04 09:39:00,0.18412907797710432
2020-10-04 09:42:00,0.19682661222043407
2020-10-04 09:45:00,0.1529897713091941
2020-10-04 09:48:00,0.19209524406318224
2020-10-04 09:51:00,0.1555590085025642
2020-10-04 09:54:00,0.1603170785324437
2020-10-04 09:57:00,0.19784322605471516
2020-10-04 10:00:00,0.1159160436612865
2020-10-04 10:03:00,0.13182117095783497
2020-10-04 10:06:00,0.11102982565245156
2020-10-04 10:09:00,0.03713231165613706
2020-10-04 10:12:00,-0.0010367437091645115
2020-10-04 10:15:00,0.03692816732262827
2020-10-04 10:18:00,-0.006576160350789451
2020-10-04 10:21:00,0.04542962888854163
2020-10-04 10:24:00,0.05057151288684736
2020-10-04 10:27:00,0.057155707412789525
2020-10-04 10:30:00,0.03426418188536218
2020-10-04 10:33:00,0.01775719688458821
2020-10-04 10:36:00,0.054731131195865146
2020-10-04 10:39:00,0.09787544064022313
2020-10-04 10:42:00,0.005039782151413874
2020-10-04 10:45:00,-0.05601672053455786
2020-10-04 10:48:00,0.06006041049352007
2020-10-04 10:51:00,0.19683671347206655
2020-10-04 10:54:00,0.12081829010389811
2020-10-04 10:57:00,0.06619037785054616
2020-10-04 11:00:00,0.05885819817643778
2020-10-04 11:03:00,0.06695690702292723
2020-10-04 11:06:00,-0.004272956573800002
2020-10-04 11:09:00,-0.0168727693587698
2020-10-04 11:12:00,-0.05422439686032021
2020-10-04 11:15:00,-0.04672123543889484
2020-10-04 11:18:00,-0.010415437448443754
2020-10-04 11:21:00,-0.00387129954555121
2020-10-04 11:24:00,-0.010354714977438562
2020-10-04 11:27:00,0.00044942030859829174
2020-10-04 11:30:00,-0.05564321917415782
2020-10-04 11:33:00,-0.07485640787660941
2020-10-04 11:36:00,-0.08273363987984794
2020-10-04 11:39:00,-0.08591224283014753
2020-10-04 11:42:00,-0.12914966009361706
2020-10-04 11:45:00,-0.050220479844824695
2020-10-04 11:48:00,-0.002124827970874321
2020-10-04 11:51:00,-0.08754670999741165
2020-10-04 11:54:00,-0.0707415775216873
2020-10-04 11:57:00,-0.13344170046508452
2020-10-04 12:00:00,-0.10738717170880818
2020-10-04 12:03:00,0.014935730801539648
2020-10-04 12:06:00,-0.08715676178439935
2020-10-04 12:09:00,-0.010222985641973992
2020-10-04 12:12:00,-0.00039539955554346307
2020-10-04 12:15:00,0.06483358880853984
2020-10-04 12:18:00,0.13362250538841636
2020-10-04 12:21:00,0.06230960109382977
2020-10-04 12:24:00,0.023162998680561486
2020-10-04 12:27:00,0.019839294889720804
2020-10-04 12:30:00,0.025085942326256827
2020-10-04 12:33:00,0.04761596948139868
2020-10-04 12:36:00,-0.019869784208310648
2020-10-04 12:39:00,-0.002214470017406711
2020-10-04 12:42:00,-0.045429760116974194
2020-10-04 12:45:00,-0.01777755231159972
2020-10-04 12:48:00,0.013336651040788183
2020-10-04 12:51:00,-0.052377076721029425
2020-10-04 12:54:00,0.11575537055512086
2020-10-04 12:57:00,0.1571522783359569
2020-10-04 13:00:00,0.25960045755817873
2020-10-04 13:03:00,0.166740978684345
2020-10-04 13:06:00,0.2504072284381209
2020-10-04 13:09:00,0.11413060674146891
2020-10-04 13:12:00,0.106718468059114
2020-10-04 13:15:00,-0.03833227751363211
2020-10-04 13:18:00,0.07587918284298212
2020-10-04 13:21:00,0.012890442954983428
2020-10-04 13:24:00,-0.043393256955653214
2020-10-04 13:27:00,0.024895136364875725
2020-10-04 13:30:00,0.015927919879572983
2020-10-04 13:33:00,0.05566131663016449
2020-10-04 13:36:00,0.12566391975275337
2020-10-04 13:39:00,0.10988852630276824
2020-10-04 13:42:00,0.14389452110651746
2020-10-04 13:45:00,0.1471123534828962
2020-10-04 13:48:00,0.099372135554745
2020-10-04 13:51:00,0.08821600076913683
2020-10-04 13:54:00,0.06975668118371914
2020-10-04 13:57:00,0.08423002292613546
2020-10-04 14:00:00,0.03734502128702388
2020-10-04 14:03:00,0.06040098397619431
2020-10-04 14:06:00,-0.03698781834236797
2020-10-04 14:09:00,-0.008185860479102303
2020-10-04 14:12:00,-0.06159163023488645
2020-10-04 14:15:00,-0.026761684778819017
2020-10-04 14:18:00,-0.016970021595170692
2020-10-04 14:21:00,0.01380258128585865
2020-10-04 14:24:00,-0.05087608240864938
2020-10-04 14:27:00,0.10134457140907216
2020-10-04 14:30:00,0.1652643329039165
2020-10-04 14:33:00,0.23385401103757886
2020-10-04 14:36:00,0.18661827957828336
2020-10-04 14:39:00,0.09144323866598825
2020-10-04 14:42:00,0.13030223541454689
2020-10-04 14:45:00,0.1105211809372122
2020-10-04 14:48:00,0.04716938309456964
2020-10-04 14:51:00,0.12109349359468524
2020-10-04 14:54:00,0.1595024038526276
2020-10-04 14:57:00,0.09290742100074567
2020-10-04 15:00:00,0.03795865186799574
2020-10-04 15:03:00,0.139599329651503
2020-10-04 15:06:00,0.1376207681323649
2020-10-04 15:09:00,0.08695125348805277
2020-10-04 15:12:00,0.01866292966246874
2020-10-04 15:15:00,0.004878353041647188
2020-10-04 15:18:00,0.08703761289103795
2020-10-04 15:21:00,0.10659954752350131
2020-10-04 15:24:00,0.22236179055937555
2020-10-04 15:27:00,0.1070466834310082
2020-10-04 15:30:00,0.14985836328628466
2020-10-04 15:33:00,0.16745235755155363
2020-10-04 15:36:00,0.12116400609187394
2020-10-04 15:39:00,0.11683280814253294
2020-10-04 15:42:00,0.2344553070248594
2020-10-04 15:45:00,0.34575557131393
2020-10-04 15:48:00,0.34559313718136764
2020-10-04 15:51:00,0.3010093056536789
2020-10-04 15:54:00,0.1931242550663228
2020-10-04 15:57:00,0.17286389208226183
2020-10-04 16:00:00,0.395351604045743
2020-10-04 16:03:00,0.6824659262001092
2020-10-04 16:06:00,0.6380552921258413
2020-10-04 16:09:00,0.6554304247987943
2020-10-04 16:12:00,0.3473600963569652
2020-10-04 16:15:00,0.41883820418581763
2020-10-04 16:18:00,0.4190420951948113
2020-10-04 16:21:00,0.31050377821514985
2020-10-04 16:24:00,0.20371882230512028
2020-10-04 16:27:00,0.22037107260109678
2020-10-04 16:30:00,0.20306206843775954
2020-10-04 16:33:00,0.24654834422153726
2020-10-04 16:36:00,0.10092038953291649
2020-10-04 16:39:00,0.19311240620800163
2020-10-04 16:42:00,0.15262773451763678
2020-10-04 16:45:00,0.1806533614885666
2020-10-04 16:48:00,0.18391094060797286
2020-10-04 16:51:00,0.2628974167965339
2020-10-04 16:54:00,0.26882013744943833
2020-10-04 16:57:00,0.2666507144354
2020-10-04 17:00:00,0.27742337675078943
2020-10-04 17:03:00,0.26099056166128776
2020-10-04 17:06:00,0.22105182868563134
2020-10-04 17:09:00,0.16076809118595747
2020-10-04 17:12:00,0.16366542689547714
2020-10-04 17:15:00,0.2000314324375836
2020-10-04 17:18:00,0.13994388428380944
2020-10-04 17:21:00,0.21081730970240642
2020-10-04 17:24:00,0.19729637769404462
2020-10-04 17:27:00,0.25351945369055784
2020-10-04 17:30:00,0.20184615623713853
2020-10-04 17:33:00,0.28587137165555987
2020-10-04 17:36:00,0.14090747986961105
2020-10-04 17:39:00,0.12515085519447666
2020-10-04 17:42:00,0.17594963125714003
2020-10-04 17:45:00,0.16347521206461124
2020-10-04 17:48:00,0.10766440239672193
2020-10-04 17:51:00,0.14252203215721693
2020-10-04 17:54:00,0.20461610622913895
2020-10-04 17:57:00,0.24101837672884585
2020-10-04 18:00:00,0.15713853320846738
2020-10-04 18:03:00,0.21910165416846894
2020-10-04 18:06:00,0.25601797385689906
2020-10-04 18:09:00,0.26545988435918844
2020-10-04 18:12:00,0.2198325925136828
2020-10-04 18:15:00,0.2852405904296802
2020-10-04 18:18:00,0.2639370024072605
2020-10-04 18:21:00,0.2984859702764311
2020-10-04 18:24:00,0.41786141545134114
2020-10-04 18:27:00,0.3161982896351674
2020-10-04 18:30:00,0.24453805689330466
2020-10-04 18:33:00,0.2012145132375167
2020-10-04 18:36:00,0.25019025352617064
2020-10-04 18:39:00,0.1813081305010087
2020-10-04 18:42:00,0.11719328913324034
2020-10-04 18:45:00,0.17672123512477356
2020-10-04 18:48:00,0.1501119687138157
2020-10-04 18:51:00,0.21504714755286614
2020-10-04 18:54:00,0.22090826939017916
2020-10-04 18:57:00,
2020-10-04 19:00:00,
2020-10-04 19:03:00,0.26020984302152783
2020-10-04 19:06:00,0.19424682961374629
2020-10-04 19:09:00,0.24910930370674578
2020-10-04 19:12:00,0.18358756859117875
2020-10-04 19:15:00,0.15858706362610064
2020-10-04 19:18:00,0.22185841971270293
2020-10-04 19:21:00,0.2596437628612307
2020-10-04 19:24:00,0.3111721452147549
2020-10-04 19:27:00,0.1915407084945855
2020-10-04 19:30:00,0.2391009901933785
2020-10-04 19:33:00,0.24435308418571822
2020-10-04 19:36:00,0.1890250825636599
2020-10-04 19:39:00,0.19494189392327144
2020-10-04 19:42:00,0.16115254167044668
2020-10-04 19:45:00,0.231035163741808
2020-10-04 19:48:00,0.19271135629270475
2020-10-04 19:51:00,0.2138311785091105
2020-10-04 19:54:00,0.22594773454915185
2020-10-04 19:57:00,0.20342656532972114
2020-10-04 20:00:00,0.24597041123331564
2020-10-04 20:03:00,0.23198425297027825
2020-10-04 20:06:00,0.29713711349256755
2020-10-04 20:09:00,0.2473180818897731
2020-10-04 20:12:00,0.20256537471931324
2020-10-04 20:15:00,0.23977575173523746
2020-10-04 20:18:00,0.18606244342527134
2020-10-04 20:21:00,0.18220537720651464
2020-10-04 20:24:00,0.1580532477548786
2020-10-04 20:27:00,0.16315279828950224
2020-10-04 20:30:00,0.2022977277952691
2020-10-04 20:33:00,0.154805040174665
2020-10-04 20:36:00,0.23155391549238402
2020-10-04 20:39:00,0.32574863602542337
2020-10-04 20:42:00,0.27181109369598744
2020-10-04 20:45:00,0.18245277292697892
2020-10-04 20:48:00,0.15204046819803807
2020-10-04 20:51:00,0.1880462543757062
2020-10-04 20:54:00,0.29310412694593424
2020-10-04 20:57:00,0.338611879694497
2020-10-04 21:00:00,0.28222001389332263
2020-10-04 21:03:00,0.254298699259607
2020-10-04 21:06:00,0.29478247369360133
2020-10-04 21:09:00,0.30267392472779875
2020-10-04 21:12:00,0.21513888603954
2020-10-04 21:15:00,0.23641992523067756
2020-10-04 21:18:00,0.3167499499165274
2020-10-04 21:21:00,0.4301279237938047
2020-10-04 21:24:00,0.4713512247402605
2020-10-04 21:27:00,0.4802494285613079
2020-10-04 21:30:00,0.41757227540534814
2020-10-04 21:33:00,0.30530063131010365
2020-10-04 21:36:00,0.4269740755959788
2020-10-04 21:39:00,0.431270673566587
2020-10-04 21:42:00,0.4483237473997974
2020-10-04 21:45:00,0.44035259361828594
2020-10-04 21:48:00,0.4591793819011514
2020-10-04 21:51:00,0.4635985615424829
2020-10-04 21:54:00,0.4857935612985784
2020-10-04 21:57:00,0.5385435281889954
2020-10-04 22:00:00,0.5202364979625713
2020-10-04 22:03:00,0.450385420879968
2020-10-04 22:06:00,0.5563870354265532
2020-10-04 22:09:00,0.5476277758097581
2020-10-04 22:12:00,0.5308706995122066
2020-10-04 22:15:00,0.4142361532093446
2020-10-04 22:18:00,0.45288173532634346
2020-10-04 22:21:00,0.45769943065346297
2020-10-04 22:24:00,0.3993588532244985
2020-10-04 22:27:00,0.4090672215193649
2020-10-04 22:30:00,0.3197866497557129
2020-10-04 22:33:00,0.43989519980885916
2020-10-04 22:36:00,0.46913855244105207
2020-10-04 22:39:00,0.4174292719331447
2020-10-04 22:42:00,0.5281656622128139
2020-10-04 22:45:00,0.49817539409258416
2020-10-04 22:48:00,0.5630500730629819
2020-10-04 22:51:00,0.5476377942046042
2020-10-04 22:54:00,0.570716093295573
2020-10-04 22:57:00,0.5669731873452406
2020-10-04 23:00:00,0.5781427432494297
2020-10-04 23:03:00,0.566880762126118
2020-10-04 23:06:00,0.5038714512592719
2020-10-04 23:09:00,0.4631355356338531
2020-10-04 23:12:00,0.49301588785124295
2020-10-04 23:15:00,0.4256964377822783
2020-10-04 23:18:00,0.3322313538097319
2020-10-04 23:21:00,0.30705810983937454
2020-10-04 23:24:00,0.3222333994022506
2020-10-04 23:27:00,0.3299007234536475
2020-10-04 23:30:00,0.2808119770699591
2020-10-04 23:33:00,0.3005640124978868
2020-10-04 23:36:00,0.317925604219397
2020-10-04 23:39:00,0.29390793361727674
2020-10-04 23:42:00,0.379853514146248
2020-10-04 23:45:00,0.31167706827159236
2020-10-04 23:48:00,0.343153916158883
2020-10-04 23:51:00,0.27976344070322057
2020-10-04 23:54:00,0.3100543954348609
2020-10-04 23:57:00,0.3161684131427478
2020-10-05 00:00:00,0.3338357785953008
2020-10-05 00:03:00,0.41348013898254976
2020-10-05 00:06:00,0.36399094906374785
2020-10-05 00:09:00,0.38172120404925636
2020-10-05 00:12:00,0.34056763044878835
2020-10-05 00:15:00,0.3893414128327777
2020-10-05 00:18:00,0.40213534223045144
2020-10-05 00:21:00,0.36007817921438345
2020-10-05 00:24:00,0.37505116852162246
2020-10-05 00:27:00,0.33972248053140675
2020-10-05 00:30:00,0.3547284256069929
2020-10-05 00:33:00,0.5305873294425396
2020-10-05 00:36:00,0.4676637678291513
2020-10-05 00:39:00,0.5169289334103837
2020-10-05 00:42:00,0.4821769216748635
2020-10-05 00:45:00,0.6586220534668428
2020-10-05 00:48:00,0.632999643021833
2020-10-05 00:51:00,0.6024670311537079
2020-10-05 00:54:00,0.5544334712263321
2020-10-05 00:57:00,0.37944417827986854
2020-10-05 01:00:00,0.5505497976742504
2020-10-05 01:03:00,0.5629747512758172
2020-10-05 01:06:00,0.42730886314177496
2020-10-05 01:09:00,0.395899133625619
2020-10-05 01:12:00,0.37357039459635644
2020-10-05 01:15:00,0.4245009861224389
2020-10-05 01:18:00,0.41811065089893873
2020-10-05 01:21:00,0.4633813949681098
2020-10-05 01:24:00,0.4214241961037146
2020-10-05 01:27:00,0.37008950492725035
2020-10-05 01:30:00,0.4065706839527934
2020-10-05 01:33:00,0.38925936379297355
2020-10-05 01:36:00,0.4251411929947153
2020-10-05 01:39:00,0.3739429822226725
2020-10-05 01:42:00,0.40369374819522363
2020-10-05 01:45:00,0.5039983726436503
2020-10-05 01:48:00,0.44547594445083405
2020-10-05 01:51:00,0.41942646241074044
2020-10-05 01:54:00,0.4214679751760855
2020-10-05 01:57:00,0.3676301306886103
2020-10-05 02:00:00,0.30257223468555594
2020-10-05 02:03:00,0.36487190616878706
2020-10-05 02:06:00,0.3714861878175384
2020-10-05 02:09:00,0.3801026819711524
2020-10-05 02:12:00,0.36899762863060914
2020-10-05 02:15:00,0.3644619807365075
2020-10-05 02:18:00,0.30409950289606513
2020-10-05 02:21:00,0.3804193298363998
2020-10-05 02:24:00,0.6422311745043316
2020-10-05 02:27:00,0.8467751171754117
2020-10-05 02:30:00,0.8404766810600108
2020-10-05 02:33:00,0.9031689949629254
2020-10-05 02:36:00,0.8496227668312031
2020-10-05 02:39:00,0.852489511801366
2020-10-05 02:42:00,0.778391179681023
2020-10-05 02:45:00,0.4462217923254457
2020-10-05 02:48:00,0.3461002498004859
2020-10-05 02:51:00,0.41121749184964074
2020-10-05 02:54:00,0.4360102260743588
2020-10-05 02:57:00,0.37791077742718926
2020-10-05 03:00:00,0.41403497926415866
2020-10-05 03:03:00,0.4316709190867414
2020-10-05 03:06:00,0.46727601016925746
2020-10-05 03:09:00,0.48023791275579697
2020-10-05 03:12:00,0.4375262020180344
2020-10-05 03:15:00,0.4587114507610863
2020-10-05 03:18:00,0.4850880381322895
2020-10-05 03:21:00,0.4290851530275859
2020-10-05 03:24:00,0.44738931502070045
2020-10-05 03:27:00,0.38294309403232774
2020-10-05 03:30:00,0.4028101834678637
2020-10-05 03:33:00,0.4477550979033822
2020-10-05 03:36:00,0.4333691184477857
2020-10-05 03:39:00,0.341637806436097
2020-10-05 03:42:00,0.37783857898642736
2020-10-05 03:45:00,0.4322583148158401
2020-10-05 03:48:00,0.3985055853959807
2020-10-05 03:51:00,0.41908345668156244
2020-10-05 03:54:00,0.37530131202584016
2020-10-05 03:57:00,0.41490573257721053
2020-10-05 04:00:00,0.4129985287737554
2020-10-05 04:03:00,0.4427065621986799
2020-10-05 04:06:00,0.39798234020014434
2020-10-05 04:09:00,0.44321810051246757
2020-10-05 04:12:00,0.4395003019206456
2020-10-05 04:15:00,0.4392792661678868
2020-10-05 04:18:00,0.44246247489763846
2020-10-05 04:21:00,0.41727440997226495
2020-10-05 04:24:00,0.41485831493082514
2020-10-05 04:27:00,0.3885720032628228
2020-10-05 04:30:00,0.39952407913369825
2020-10-05 04:33:00,0.4665442847905865
2020-10-05 04:36:00,0.4398811369418354
2020-10-05 04:39:00,0.4286538984684398
2020-10-05 04:42:00,0.43174638094996
2020-10-05 04:45:00,0.3814932682450376
2020-10-05 04:48:00,0.4209093820951466
2020-10-05 04:51:00,0.4269884258257548
2020-10-05 04:54:00,0.4076532513523148
2020-10-05 04:57:00,0.3797863785511595
2020-10-05 05:00:00,0.37340129866049665
2020-10-05 05:03:00,0.42826794935876933
2020-10-05 05:06:00,0.3266971344293097
2020-10-05 05:09:00,0.4064359132309505
2020-10-05 05:12:00,0.41166331011390866
2020-10-05 05:15:00,0.3158348523394352
2020-10-05 05:18:00,0.46380974686076115
2020-10-05 05:21:00,0.4179630894058164
2020-10-05 05:24:00,0.42778602801030274
2020-10-05 05:27:00,0.3824967293807049
2020-10-05 05:30:00,0.43723226854996255
2020-10-05 05:33:00,0.47090903560052766
2020-10-05 05:36:00,0.4330729156722555
2020-10-05 05:39:00,0.3845098563019178
2020-10-05 05:42:00,0.3991665793755601
2020-10-05 05:45:00,0.4406760726610628
2020-10-05 05:48:00,0.48206900154497134
2020-10-05 05:51:00,0.3976491336214849
2020-10-05 05:54:00,0.4116661171924534
2020-10-05 05:57:00,0.43208691262117327
2020-10-05 06:00:00,0.4343191028718252
2020-10-05 06:03:00,0.4669705958183954
2020-10-05 06:06:00,0.4175797622502273
2020-10-05 06:09:00,0.48405531481819253
2020-10-05 06:12:00,0.4515541365291824
2020-10-05 06:15:00,0.5038669053795957
2020-10-05 06:18:00,0.5591898522802694
2020-10-05 06:21:00,0.5878501918610937
2020-10-05 06:24:00,0.578913351464621
2020-10-05 06:27:00,0.5861325167933273
2020-10-05 06:30:00,0.6820780119968504
2020-10-05 06:33:00,0.5876250411783985
2020-10-05 06:36:00,0.5862526256765932
2020-10-05 06:39:00,0.5918435863857212
2020-10-05 06:42:00,0.5829494188857893
2020-10-05 06:45:00,0.5167734590304462
2020-10-05 06:48:00,0.49954261093063224
2020-10-05 06:51:00,0.43811063103095194
2020-10-05 06:54:00,0.4834982931627678
2020-10-05 06:57:00,0.49258604316378296
2020-10-05 07:00:00,0.4469846770746244
2020-10-05 07:03:00,0.5072421272523115
2020-10-05 07:06:00,0.42520389704048966
2020-10-05 07:09:00,0.47463327534205746
2020-10-05 07:12:00,0.42602908184460375
2020-10-05 07:15:00,0.4060799424066204
2020-10-05 07:18:00,0.43536014404321577
2020-10-05 07:21:00,0.42116108431946486
2020-10-05 07:24:00,0.433076475304631
2020-10-05 07:27:00,0.45865030278292807
2020-10-05 07:30:00,0.4258623300588056
2020-10-05 07:33:00,0.46255582516926097
2020-10-05 07:36:00,0.48208657340029504
2020-10-05 07:39:00,0.4877892515578992
2020-10-05 07:42:00,0.40728992515647633
2020-10-05 07:45:00,0.4414713786661082
2020-10-05 07:48:00,0.38018817065648136
2020-10-05 07:51:00,0.4250907820425027
2020-10-05 07:54:00,0.4552087412041601
2020-10-05 07:57:00,0.4502284172405666
2020-10-05 08:00:00,0.42395290967078836
2020-10-05 08:03:00,0.45551825779097044
2020-10-05 08:06:00,0.480883327887625
2020-10-05 08:09:00,0.4282174463186834
2020-10-05 08:12:00,0.44524488598244716
2020-10-05 08:15:00,0.42576223796874046
2020-10-05 08:18:00,0.4426081686146972
2020-10-05 08:21:00,0.39302655197212744
2020-10-05 08:24:00,0.41455702843398967
2020-10-05 08:27:00,0.4380334889766573
2020-10-05 08:30:00,0.3875885275062956
2020-10-05 08:33:00,0.44603574785878664
2020-10-05 08:36:00,0.3259929230857779
2020-10-05 08:39:00,0.4253596419944188
2020-10-05 08:42:00,0.35148662547516096
2020-10-05 08:45:00,0.38599316484567225
2020-10-05 08:48:00,0.36057281142268494
2020-10-05 08:51:00,0.33612984050824934
2020-10-05 08:54:00,0.34247681891480397
2020-10-05 08:57:00,0.3476453183785111
2020-10-05 09:00:00,0.3176165273130209
2020-10-05 09:03:00,0.2784682230245039
2020-10-05 09:06:00,0.2934132376502703
2020-10-05 09:09:00,0.323534855338778
2020-10-05 09:12:00,0.1773340076867953
2020-10-05 09:15:00,0.24089665561979245
2020-10-05 09:18:00,0.2161933693159881
2020-10-05 09:21:00,0.2098960723971004
2020-10-05 09:24:00,0.1981896814800166
2020-10-05 09:27:00,0.1581180885611957
2020-10-05 09:30:00,0.19022009360168113
2020-10-05 09:33:00,0.22938408289945755
2020-10-05 09:36:00,0.12121064392806602
2020-10-05 09:39:00,0.1781371034737731
2020-10-05 09:42:00,0.16140896546539807
2020-10-05 09:45:00,0.11747371273185081
2020-10-05 09:48:00,0.1694846836853685
2020-10-05 09:51:00,0.09387633829328479
2020-10-05 09:54:00,0.08775000855797543
2020-10-05 09:57:00,0.05353489628828356
2020-10-05 10:00:00,0.04483020618124556
2020-10-05 10:03:00,0.049254298284665765
2020-10-05 10:06:00,0.006020432106140561
2020-10-05 10:09:00,0.05929104844454969
2020-10-05 10:12:00,0.062466468664865715
2020-10-05 10:15:00,0.03654345155825922
2020-10-05 10:18:00,0.02660281525186292
2020-10-05 10:21:00,
2020-10-05 10:24:00,
2020-10-05 10:27:00,0.850082943322434
2020-10-05 10:30:00,0.04453987700685502
2020-10-05 10:33:00,-0.06828540713070197
2020-10-05 10:36:00,0.006060244958405292
2020-10-05 10:39:00,-0.042742638199683824
2020-10-05 10:42:00,-0.087703229936551
2020-10-05 10:45:00,-0.11881762452685507
2020-10-05 10:48:00,-0.08960920278758522
2020-10-05 10:51:00,-0.14835364801700734
2020-10-05 10:54:00,-0.17881794540392093
2020-10-05 10:57:00,-0.13632838675044923
2020-10-05 11:00:00,-0.15139620931648778
2020-10-05 11:03:00,-0.1132497821734546
2020-10-05 11:06:00,-0.156293754586045
2020-10-05 11:09:00,-0.18464385404183759
2020-10-05 11:12:00,-0.19012254683235597
2020-10-05 11:15:00,-0.13241188444686713
2020-10-05 11:18:00,-0.13556844064953566
2020-10-05 11:21:00,-0.09918310493327454
2020-10-05 11:24:00,-0.050958078711630606
2020-10-05 11:27:00,-0.14803186555303682
2020-10-05 11:30:00,-0.11845358465080835
2020-10-05 11:33:00,-0.10057811483812884
2020-10-05 11:36:00,-0.10634788065925704
2020-10-05 11:39:00,-0.14388831652513545
2020-10-05 11:42:00,-0.12803394574115146
2020-10-05 11:45:00,-0.14538697166256043
2020-10-05 11:48:00,-0.19341719827457382
2020-10-05 11:51:00,-0.20734844075769843
2020-10-05 11:54:00,-0.2833637198896781
2020-10-05 11:57:00,-0.16448383500932096
2020-10-05 12:00:00,-0.15611268819657198
2020-10-05 12:03:00,-0.19752329088782972
2020-10-05 12:06:00,-0.26348496090321305
2020-10-05 12:09:00,-0.19324812437736227
2020-10-05 12:12:00,-0.26301522062851745
2020-10-05 12:15:00,-0.24789482826383846
2020-10-05 12:18:00,-0.2870931144245219
2020-10-05 12:21:00,-0.31566743721111834
2020-10-05 12:24:00,-0.19168522540826416
2020-10-05 12:27:00,-0.2625612932432091
2020-10-05 12:30:00,-0.16473707510141367
2020-10-05 12:33:00,-0.14730291025443876
2020-10-05 12:36:00,-0.22040086009099014
2020-10-05 12:39:00,-0.30027403533711094
2020-10-05 12:42:00,-0.2884451277787434
2020-10-05 12:45:00,-0.2924594942006138
2020-10-05 12:48:00,-0.22202867177878716
2020-10-05 12:51:00,0.12341497769989473
2020-10-05 12:54:00,0.30430757063311376
2020-10-05 12:57:00,0.2157590336999533
2020-10-05 13:00:00,0.19586646146666453
2020-10-05 13:03:00,0.06161300497126376
2020-10-05 13:06:00,0.10003720901221413
2020-10-05 13:09:00,0.17397834944006263
2020-10-05 13:12:00,0.37952051542498566
2020-10-05 13:15:00,0.36727237166365967
2020-10-05 13:18:00,0.10772702272583956
2020-10-05 13:21:00,-0.04257131600388675
2020-10-05 13:24:00,0.031670697706147166
2020-10-05 13:27:00,-0.04865049879236949
2020-10-05 13:30:00,-0.08386428532958234
2020-10-05 13:33:00,-0.050949338673660804
2020-10-05 13:36:00,0.05458209173184514
2020-10-05 13:39:00,0.07724328342300169
2020-10-05 13:42:00,0.04213095505531328
2020-10-05 13:45:00,0.005323992068383632
2020-10-05 13:48:00,-0.08407360287571919
2020-10-05 13:51:00,-0.08572438221688117
2020-10-05 13:54:00,-0.17286779014153808
2020-10-05 13:57:00,-0.17120503793796615
2020-10-05 14:00:00,-0.14266216280810795
2020-10-05 14:03:00,-0.11616128306206974
2020-10-05 14:06:00,-0.024563202451076904
2020-10-05 14:09:00,0.05027342774479848
2020-10-05 14:12:00,-0.04786850471828075
2020-10-05 14:15:00,-0.14331344259062462
2020-10-05 14:18:00,-0.1409034131432918
2020-10-05 14:21:00,0.013253592454475438
2020-10-05 14:24:00,0.12363199138781056
2020-10-05 14:27:00,0.32633109697724194
2020-10-05 14:30:00,0.36871354045240423
2020-10-05 14:33:00,0.35437925314721497
2020-10-05 14:36:00,0.36357415439937313
2020-10-05 14:39:00,0.30540644556515417
2020-10-05 14:42:00,0.2715609031299664
2020-10-05 14:45:00,0.26974117137405074
2020-10-05 14:48:00,0.2608393485899114
2020-10-05 14:51:00,0.2584251512555511
2020-10-05 14:54:00,0.26422639300807305
2020-10-05 14:57:00,0.41319879427703654
2020-10-05 15:00:00,0.4392920463207588
2020-10-05 15:03:00,0.34663942620392163
2020-10-05 15:06:00,0.34747902077299386
2020-10-05 15:09:00,0.3787756871225838
2020-10-05 15:12:00,0.39985258223822484
2020-10-05 15:15:00,0.3249532728009399
2020-10-05 15:18:00,0.30288320063101537
2020-10-05 15:21:00,0.29128888350578563
2020-10-05 15:24:00,0.29552023117327053
2020-10-05 15:27:00,0.3451818734671974
2020-10-05 15:30:00,0.35027600984903984
2020-10-05 15:33:00,0.33609058057322727
2020-10-05 15:36:00,0.33900213137479795
2020-10-05 15:39:00,0.3466739369495144
2020-10-05 15:42:00,0.3880746086198883
2020-10-05 15:45:00,0.42121243519426343
2020-10-05 15:48:00,0.4696160765176387
2020-10-05 15:51:00,0.4367411046952725
2020-10-05 15:54:00,0.3531499016905286
2020-10-05 15:57:00,0.3116706171683177
2020-10-05 16:00:00,0.32837541825227845
2020-10-05 16:03:00,0.28804172869519107
2020-10-05 16:06:00,0.29191595426686945
2020-10-05 16:09:00,0.3207560839240955
2020-10-05 16:12:00,0.303957023155192
2020-10-05 16:15:00,0.2576881975994638
2020-10-05 16:18:00,0.2695276578031667
2020-10-05 16:21:00,0.28802374982058154
2020-10-05 16:24:00,0.2755473881364878
2020-10-05 16:27:00,0.21736077163245682
2020-10-05 16:30:00,0.26305590692373926
2020-10-05 16:33:00,0.14213314875490823
2020-10-05 16:36:00,0.1969394249308607
2020-10-05 16:39:00,0.18380563240526726
2020-10-05 16:42:00,0.13721798252987583
2020-10-05 16:45:00,0.17625082983425955
2020-10-05 16:48:00,0.15779576976603948
2020-10-05 16:51:00,0.1183952231197054
2020-10-05 16:54:00,0.0724973301973364
2020-10-05 16:57:00,0.08211766193517178
2020-10-05 17:00:00,0.040376012838635233
2020-10-05 17:03:00,0.1158334175646587
2020-10-05 17:06:00,0.05194763106726441
2020-10-05 17:09:00,0.06336822058347025
2020-10-05 17:12:00,0.0776079620428618
2020-10-05 17:15:00,0.0783823572147071
2020-10-05 17:18:00,0.07880189129065229
2020-10-05 17:21:00,0.03488229370049112
2020-10-05 17:24:00,0.08828292316428588
2020-10-05 17:27:00,0.06320197749698764
2020-10-05 17:30:00,0.05401883278909736
2020-10-05 17:33:00,0.05611095353475548
2020-10-05 17:36:00,0.04248076177907478
2020-10-05 17:39:00,0.09038818929019499
2020-10-05 17:42:00,0.14713940638029044
2020-10-05 17:45:00,0.11448851653824477
2020-10-05 17:48:00,0.1301138863798883
2020-10-05 17:51:00,0.03474589006731321
2020-10-05 17:54:00,0.13472746634431587
2020-10-05 17:57:00,0.06824937130721764
2020-10-05 18:00:00,0.16330038834314564
2020-10-05 18:03:00,0.08310383468204918
2020-10-05 18:06:00,0.1262773710926126
2020-10-05 18:09:00,0.11737810484640931
2020-10-05 18:12:00,0.09815095430298015
2020-10-05 18:15:00,0.10249865234624167
2020-10-05 18:18:00,0.11968118216208268
2020-10-05 18:21:00,0.11022745802949885
2020-10-05 18:24:00,0.17021380035902212
2020-10-05 18:27:00,0.16621462055519487
2020-10-05 18:30:00,0.1973403504936755
2020-10-05 18:33:00,0.160338018806101
2020-10-05 18:36:00,0.1449301163854102
2020-10-05 18:39:00,0.13620497798177666
2020-10-05 18:42:00,0.09035754503150883
2020-10-05 18:45:00,0.07446462279028765
2020-10-05 18:48:00,0.06821201319468173
2020-10-05 18:51:00,0.05313065857313859
2020-10-05 18:54:00,0.21492120869106657
2020-10-05 18:57:00,
2020-10-05 19:00:00,
2020-10-05 19:03:00,0.11627265643528517
2020-10-05 19:06:00,0.18356876712624626
2020-10-05 19:09:00,0.20031481946159602
2020-10-05 19:12:00,0.18842240560036316
2020-10-05 19:15:00,0.10395200101766022
2020-10-05 19:18:00,0.14660423073263473
2020-10-05 19:21:00,0.14985848407110325
2020-10-05 19:24:00,0.14655467864105276
2020-10-05 19:27:00,0.13011072438308702
2020-10-05 19:30:00,0.21011661428548223
2020-10-05 19:33:00,0.12354091937078238
2020-10-05 19:36:00,0.1531789806332995
2020-10-05 19:39:00,0.15631850307704553
2020-10-05 19:42:00,0.16022226557169006
2020-10-05 19:45:00,0.1309073903118474
2020-10-05 19:48:00,0.16307161011036442
2020-10-05 19:51:00,0.1476084353868714
2020-10-05 19:54:00,0.11917969661271854
2020-10-05 19:57:00,0.09383140021793679
2020-10-05 20:00:00,0.1082384255174702
2020-10-05 20:03:00,0.2293935737838524
2020-10-05 20:06:00,0.1040290593268196
2020-10-05 20:09:00,0.026664692913527688
2020-10-05 20:12:00,0.15473045945975628
2020-10-05 20:15:00,0.0791944728853764
2020-10-05 20:18:00,0.09307755889943792
2020-10-05 20:21:00,0.16329165220332698
2020-10-05 20:24:00,0.15426852171043492
2020-10-05 20:27:00,0.15049973196732935
2020-10-05 20:30:00,0.14328985306985942
2020-10-05 20:33:00,0.11636344563555667
2020-10-05 20:36:00,0.1473417740928653
2020-10-05 20:39:00,0.14442955082125764
2020-10-05 20:42:00,0.17625674955809245
2020-10-05 20:45:00,0.09431912389590025
2020-10-05 20:48:00,0.19864092681945067
2020-10-05 20:51:00,0.17745734014772552
2020-10-05 20:54:00,0.15737252036177551
2020-10-05 20:57:00,0.10439691427944808
2020-10-05 21:00:00,0.2763041075436945
2020-10-05 21:03:00,0.2325341790592006
2020-10-05 21:06:00,0.31369633756992243
2020-10-05 21:09:00,0.2443678283996178
2020-10-05 21:12:00,0.24437937193636117
2020-10-05 21:15:00,0.14263486733517539
2020-10-05 21:18:00,0.1978339678146881
2020-10-05 21:21:00,0.2253451108651916
2020-10-05 21:24:00,0.2353824777745217
2020-10-05 21:27:00,0.3087804454323191
2020-10-05 21:30:00,0.19686489397207652
2020-10-05 21:33:00,0.232046867849931
2020-10-05 21:36:00,0.22068731120293705
2020-10-05 21:39:00,0.18031766858592846
2020-10-05 21:42:00,0.19746726012328963
2020-10-05 21:45:00,0.23891990063555113
2020-10-05 21:48:00,0.21154417561740502
2020-10-05 21:51:00,0.20765845554774387
2020-10-05 21:54:00,0.20357607579228443
2020-10-05 21:57:00,0.23706909632545603
2020-10-05 22:00:00,0.19829467103198795
2020-10-05 22:03:00,0.13657301533618238
2020-10-05 22:06:00,0.18628169944446427
2020-10-05 22:09:00,0.2053018445344037
2020-10-05 22:12:00,0.21301325710197716
2020-10-05 22:15:00,0.21989827957730768
2020-10-05 22:18:00,0.2454011819150992
2020-10-05 22:21:00,0.27780333702168036
2020-10-05 22:24:00,0.35276468142245676
2020-10-05 22:27:00,0.31354285353398836
2020-10-05 22:30:00,0.3201644289936212
2020-10-05 22:33:00,0.25312134945193066
2020-10-05 22:36:00,0.23925212791556305
2020-10-05 22:39:00,0.2641563220351486
2020-10-05 22:42:00,0.30368607204019327
2020-10-05 22:45:00,0.33301768895250916
2020-10-05 22:48:00,0.3705545788736231
2020-10-05 22:51:00,0.3134039864992815
2020-10-05 22:54:00,0.2866854207160827
2020-10-05 22:57:00,0.3847621077766803
2020-10-05 23:00:00,0.3727981637159701
2020-10-05 23:03:00,0.3981470550771178
2020-10-05 23:06:00,0.3733809206225942
2020-10-05 23:09:00,0.416193299927329
2020-10-05 23:12:00,0.38446776206831146
2020-10-05 23:15:00,0.49881539037085076
2020-10-05 23:18:00,0.5035476360557141
2020-10-05 23:21:00,0.6015910584038124
2020-10-05 23:24:00,0.7002542014362234
2020-10-05 23:27:00,0.7257375013378464
2020-10-05 23:30:00,0.6269353969005351
2020-10-05 23:33:00,0.5956957321585605
2020-10-05 23:36:00,0.4369560473402885
2020-10-05 23:39:00,0.4134520646928195
2020-10-05 23:42:00,0.3878255276008531
2020-10-05 23:45:00,0.5678629415156706
2020-10-05 23:48:00,0.4990592736198778
2020-10-05 23:51:00,0.46656561320963874
2020-10-05 23:54:00,0.43979518497457093
2020-10-05 23:57:00,0.39704569580698035
2020-10-06 00:00:00,0.35481789545735865
2020-10-06 00:03:00,0.4060103093015641
2020-10-06 00:06:00,0.3682949982591026
2020-10-06 00:09:00,0.40852948979818393
2020-10-06 00:12:00,0.45438973831460316
2020-10-06 00:15:00,0.465490895763935
2020-10-06 00:18:00,0.3839589405974948
2020-10-06 00:21:00,0.4811273838243437
2020-10-06 00:24:00,0.40126668016176836
2020-10-06 00:27:00,0.45697103925670035
2020-10-06 00:30:00,0.43814050188444753
2020-10-06 00:33:00,0.4403925604867709
2020-10-06 00:36:00,0.42874403918574444
2020-10-06 00:39:00,0.44984006283095823
2020-10-06 00:42:00,0.5006039216708587
2020-10-06 00:45:00,0.4681452202389096
2020-10-06 00:48:00,0.4873442911574557
2020-10-06 00:51:00,0.4551501192177625
2020-10-06 00:54:00,0.4706464593668329
2020-10-06 00:57:00,0.42111372626737875
2020-10-06 01:00:00,0.5128316044333019
2020-10-06 01:03:00,0.4375734104426101
2020-10-06 01:06:00,0.44833234320111615
2020-10-06 01:09:00,0.47879587648276356
2020-10-06 01:12:00,0.43316761116074076
2020-10-06 01:15:00,0.4453839330747087
2020-10-06 01:18:00,0.4253800286108458
2020-10-06 01:21:00,0.46952619580656574
2020-10-06 01:24:00,0.4754465571817832
2020-10-06 01:27:00,0.46372212945709634
2020-10-06 01:30:00,0.4055558957012977
2020-10-06 01:33:00,0.4929961092664712
2020-10-06 01:36:00,0.5065213410595675
2020-10-06 01:39:00,0.506687699353165
2020-10-06 01:42:00,0.5644876578422782
2020-10-06 01:45:00,0.5961986228110163
2020-10-06 01:48:00,0.6083505916881791
2020-10-06 01:51:00,0.6465412590448523
2020-10-06 01:54:00,0.6387924064236472
2020-10-06 01:57:00,0.5489286234497968
2020-10-06 02:00:00,0.4030404329229782
2020-10-06 02:03:00,0.3913229967379266
2020-10-06 02:06:00,0.3434938587686247
2020-10-06 02:09:00,0.3039156590559742
2020-10-06 02:12:00,0.36585083329765666
2020-10-06 02:15:00,0.4182213895460336
2020-10-06 02:18:00,0.41101669626067405
2020-10-06 02:21:00,0.4855280669158333
2020-10-06 02:24:00,0.5233885990906515
2020-10-06 02:27:00,0.5716123561115296
2020-10-06 02:30:00,0.5399958383376315
2020-10-06 02:33:00,0.667649833698249
2020-10-06 02:36:00,0.5645507286856173
2020-10-06 02:39:00,0.5476240597095625
2020-10-06 02:42:00,0.5315168882868306
2020-10-06 02:45:00,0.45096091230465163
2020-10-06 02:48:00,0.37590552842726765
2020-10-06 02:51:00,0.4321348211352074
2020-10-06 02:54:00,0.4714138424888574
2020-10-06 02:57:00,0.5332869197770833
2020-10-06 03:00:00,0.5174460137250207
2020-10-06 03:03:00,0.3653434493573968
2020-10-06 03:06:00,0.36238409175547304
2020-10-06 03:09:00,0.4395909511812306
2020-10-06 03:12:00,0.39100683750376675
2020-10-06 03:15:00,0.3995717097765805
2020-10-06 03:18:00,0.38785573266176243
2020-10-06 03:21:00,0.3418123199817842
2020-10-06 03:24:00,0.32880557365228924
2020-10-06 03:27:00,0.3051643929643433
2020-10-06 03:30:00,0.328049741872519
2020-10-06 03:33:00,0.3968709396669965
2020-10-06 03:36:00,0.3511043149387092
2020-10-06 03:39:00,0.3144963243293546
2020-10-06 03:42:00,0.3576176324439757
2020-10-06 03:45:00,0.35146029170181237
2020-10-06 03:48:00,0.36790673678245867
2020-10-06 03:51:00,0.4307853114413547
2020-10-06 03:54:00,0.461983232163675
2020-10-06 03:57:00,0.47904253504583494
2020-10-06 04:00:00,0.4851888970712821
2020-10-06 04:03:00,0.4729927621203842
2020-10-06 04:06:00,0.4288910170560598
2020-10-06 04:09:00,0.4783852103716981
2020-10-06 04:12:00,0.4406098265223477
2020-10-06 04:15:00,0.4805757638524142
2020-10-06 04:18:00,0.4731081574158793
2020-10-06 04:21:00,0.48802605734971394
2020-10-06 04:24:00,0.5093477078464161
2020-10-06 04:27:00,0.4547287448042425
2020-10-06 04:30:00,0.47125302959835835
2020-10-06 04:33:00,0.4177518896527772
2020-10-06 04:36:00,0.4866876579895347
2020-10-06 04:39:00,0.4362348850249873
2020-10-06 04:42:00,0.5316078089064149
2020-10-06 04:45:00,0.4449688409243322
2020-10-06 04:48:00,0.5438979300989786
2020-10-06 04:51:00,0.5333001853682617
2020-10-06 04:54:00,0.4851028953591481
2020-10-06 04:57:00,0.5623129681974888
2020-10-06 05:00:00,0.44782303803123114
2020-10-06 05:03:00,0.5050895307443852
2020-10-06 05:06:00,0.5396153769070224
2020-10-06 05:09:00,0.47755990710044216
2020-10-06 05:12:00,0.48183558630807966
2020-10-06 05:15:00,0.5077862664866188
2020-10-06 05:18:00,0.4611172400345822
2020-10-06 05:21:00,0.5438230000360704
2020-10-06 05:24:00,0.5115717777525788
2020-10-06 05:27:00,0.4852661878957747
2020-10-06 05:30:00,0.5190823089664605
2020-10-06 05:33:00,0.5068382342331006
2020-10-06 05:36:00,0.4830844978526443
2020-10-06 05:39:00,0.5629936601772556
2020-10-06 05:42:00,0.4999174234391148
2020-10-06 05:45:00,0.5205801226005065
2020-10-06 05:48:00,0.5384792611553735
2020-10-06 05:51:00,0.5168767011287514
2020-10-06 05:54:00,0.5228697648272487
2020-10-06 05:57:00,0.48058475850484683
2020-10-06 06:00:00,0.4797461468922961
2020-10-06 06:03:00,0.48697018471648335
2020-10-06 06:06:00,0.46486947680659796
2020-10-06 06:09:00,0.5093485481496032
2020-10-06 06:12:00,0.4738418977951824
2020-10-06 06:15:00,0.5596659678608944
2020-10-06 06:18:00,0.5365127444941891
2020-10-06 06:21:00,0.5564391017380217
2020-10-06 06:24:00,0.611567234588847
2020-10-06 06:27:00,0.5938586055377755
2020-10-06 06:30:00,0.5266508535873413
2020-10-06 06:33:00,0.5782997959586851
2020-10-06 06:36:00,0.6385473119782432
2020-10-06 06:39:00,0.655175474968928
2020-10-06 06:42:00,0.5948998576002396
2020-10-06 06:45:00,0.6303630418271382
2020-10-06 06:48:00,0.5466273306032008
2020-10-06 06:51:00,0.5668740146001028
2020-10-06 06:54:00,0.6001675078783251
2020-10-06 06:57:00,0.5773126199283638
2020-10-06 07:00:00,0.5081918828551579
2020-10-06 07:03:00,0.530848163534813
2020-10-06 07:06:00,0.5221394964636374
2020-10-06 07:09:00,0.5206773559816611
2020-10-06 07:12:00,0.5312561496928652
2020-10-06 07:15:00,0.47962703472416024
2020-10-06 07:18:00,0.4868158572206198
2020-10-06 07:21:00,0.5025644313450357
2020-10-06 07:24:00,0.4515068855411073
2020-10-06 07:27:00,0.5035366217812793
2020-10-06 07:30:00,0.4991981950602167
2020-10-06 07:33:00,0.4575178814724836
2020-10-06 07:36:00,0.5128578868305453
2020-10-06 07:39:00,0.44805118655148135
2020-10-06 07:42:00,0.5099577849667867
2020-10-06 07:45:00,0.3453732859979368
2020-10-06 07:48:00,0.4318776073536128
2020-10-06 07:51:00,0.4417130657139978
2020-10-06 07:54:00,0.40515263180850525
2020-10-06 07:57:00,0.49878744810973785
2020-10-06 08:00:00,0.43748417987313815
2020-10-06 08:03:00,0.3988083569830678
2020-10-06 08:06:00,0.39644324129545794
2020-10-06 08:09:00,0.38598476429996254
2020-10-06 08:12:00,0.3686661476983204
2020-10-06 08:15:00,0.3692348113754633
2020-10-06 08:18:00,0.37319721951598694
2020-10-06 08:21:00,0.34010409383563456
2020-10-06 08:24:00,0.3875163303515592
2020-10-06 08:27:00,0.2977513220269543
2020-10-06 08:30:00,0.3346822225180972
2020-10-06 08:33:00,0.3687735934966554
2020-10-06 08:36:00,0.2673570411267292
2020-10-06 08:39:00,0.28805995069143364
2020-10-06 08:42:00,0.2783159314705017
2020-10-06 08:45:00,0.20910094785284628
2020-10-06 08:48:00,0.23441636904726693
2020-10-06 08:51:00,0.2093798360036203
2020-10-06 08:54:00,0.27199472491327015
2020-10-06 08:57:00,0.25063867749287283
2020-10-06 09:00:00,0.28754913778101354
2020-10-06 09:03:00,0.27781597795166135
2020-10-06 09:06:00,0.2574253515000464
2020-10-06 09:09:00,0.21403195566597333
2020-10-06 09:12:00,0.2223662585972761
2020-10-06 09:15:00,0.23502597758869115
2020-10-06 09:18:00,0.2318167853601949
2020-10-06 09:21:00,0.22723522945437935
2020-10-06 09:24:00,0.19577259808960434
2020-10-06 09:27:00,0.25286806585910426
2020-10-06 09:30:00,0.24730672271368803
2020-10-06 09:33:00,0.25528535075432046
2020-10-06 09:36:00,0.22277781391204599
2020-10-06 09:39:00,0.25082524942604323
2020-10-06 09:42:00,0.2710154379537357
2020-10-06 09:45:00,0.2017547481617612
2020-10-06 09:48:00,0.16735457129607312
2020-10-06 09:51:00,0.15699962417960478
2020-10-06 09:54:00,0.12767625719942544
2020-10-06 09:57:00,0.19464502776679637
2020-10-06 10:00:00,0.18168003843368297
2020-10-06 10:03:00,0.16254527741853053
2020-10-06 10:06:00,0.1595402269324495
2020-10-06 10:09:00,0.1342276317275264
2020-10-06 10:12:00,0.1558843531089451
2020-10-06 10:15:00,0.05761417262010582
2020-10-06 10:18:00,0.14012338065839458
2020-10-06 10:21:00,0.2044940356048528
2020-10-06 10:24:00,0.1478481185759506
2020-10-06 10:27:00,0.08116383970013885
2020-10-06 10:30:00,0.09935884117146543
2020-10-06 10:33:00,0.05392753530782102
2020-10-06 10:36:00,0.16853876589090078
2020-10-06 10:39:00,0.092233233111358
2020-10-06 10:42:00,0.11952854844520289
2020-10-06 10:45:00,0.04263996535433989
2020-10-06 10:48:00,0.09835626259155106
2020-10-06 10:51:00,0.07064538579993496
2020-10-06 10:54:00,0.08013513964215235
2020-10-06 10:57:00,0.011635359773151777
2020-10-06 11:00:00,-0.03144918952631315
2020-10-06 11:03:00,0.03580479266338443
2020-10-06 11:06:00,0.04787098211028251
2020-10-06 11:09:00,0.040048420344930946
2020-10-06 11:12:00,-0.09258736550049207
2020-10-06 11:15:00,-0.12191248282334755
2020-10-06 11:18:00,-0.0619044354888274
2020-10-06 11:21:00,-0.0994903316461091
2020-10-06 11:24:00,-0.18387322934790973
2020-10-06 11:27:00,-0.13656915607094788
2020-10-06 11:30:00,-0.09895888333329594
2020-10-06 11:33:00,-0.1272709301177315
2020-10-06 11:36:00,-0.14385193709654231
2020-10-06 11:39:00,-0.12439229226311
2020-10-06 11:42:00,-0.18886855665527946
2020-10-06 11:45:00,-0.10597182148961792
2020-10-06 11:48:00,-0.1493635251945875
2020-10-06 11:51:00,-0.1407967252669664
2020-10-06 11:54:00,-0.13299567088500908
2020-10-06 11:57:00,-0.17106535749263685
2020-10-06 12:00:00,-0.048665857605215024
2020-10-06 12:03:00,-0.05379330656398906
2020-10-06 12:06:00,-0.07599930477147154
2020-10-06 12:09:00,0.040377791681464714
2020-10-06 12:12:00,0.0781459086998666
2020-10-06 12:15:00,0.10101450108624022
2020-10-06 12:18:00,0.042112124520429006
2020-10-06 12:21:00,0.06380143298468965
2020-10-06 12:24:00,0.0647954744227377
2020-10-06 12:27:00,0.017045593865930186
2020-10-06 12:30:00,-0.08425247245764922
2020-10-06 12:33:00,-0.08031517303822966
2020-10-06 12:36:00,-0.022833116513481855
2020-10-06 12:39:00,-0.09833479075859941
2020-10-06 12:42:00,-0.07413002606489272
2020-10-06 12:45:00,-0.06842589599443727
2020-10-06 12:48:00,-0.10032636045917798
2020-10-06 12:51:00,-0.06366483896533737
2020-10-06 12:54:00,-0.06344822435670494
2020-10-06 12:57:00,-0.12142432165632044
2020-10-06 13:00:00,-0.07396245128410328
2020-10-06 13:03:00,-0.17884410888996172
2020-10-06 13:06:00,-0.16439110332709106
2020-10-06 13:09:00,-0.11765533837933617
2020-10-06 13:12:00,-0.16436957850584122
2020-10-06 13:15:00,-0.14472687930668826
2020-10-06 13:18:00,-0.1327290839728903
2020-10-06 13:21:00,-0.21403630406035745
2020-10-06 13:24:00,-0.11012392102946933
2020-10-06 13:27:00,-0.1605430683770237
2020-10-06 13:30:00,-0.21771785237234553
2020-10-06 13:33:00,-0.16648560142829183
2020-10-06 13:36:00,-0.1672357737804191
2020-10-06 13:39:00,-0.19328480389492597
2020-10-06 13:42:00,-0.22968159314626746
2020-10-06 13:45:00,-0.0848407602539396
2020-10-06 13:48:00,-0.05794139130989606
2020-10-06 13:51:00,-0.011675124005705584
2020-10-06 13:54:00,-0.026695684403989617
2020-10-06 13:57:00,0.08330945751731633
2020-10-06 14:00:00,0.06102039635686651
2020-10-06 14:03:00,0.027446190166813267
2020-10-06 14:06:00,0.018037343656033045
2020-10-06 14:09:00,-0.11531067156147401
2020-10-06 14:12:00,-0.1549820202446881
2020-10-06 14:15:00,-0.13960225298814066
2020-10-06 14:18:00,-0.08564769287869467
2020-10-06 14:21:00,-0.10049170907484495
2020-10-06 14:24:00,-0.03576069968431739
2020-10-06 14:27:00,-0.1073666388403467
2020-10-06 14:30:00,-0.08760710847337805
2020-10-06 14:33:00,-0.05173591647314879
2020-10-06 14:36:00,-0.016313852601285816
2020-10-06 14:39:00,-0.1438978394539845
2020-10-06 14:42:00,-0.048398129333406814
2020-10-06 14:45:00,-0.0023864339387955624
2020-10-06 14:48:00,-0.05849224564173028
2020-10-06 14:51:00,-0.09437050030419414
2020-10-06 14:54:00,-0.09482423546876362
2020-10-06 14:57:00,-0.09521729664498935
2020-10-06 15:00:00,-0.06148484922209718
2020-10-06 15:03:00,-0.0769362684892485
2020-10-06 15:06:00,-0.16811763968638616
2020-10-06 15:09:00,-0.22760157890013488
2020-10-06 15:12:00,-0.25282763688136356
2020-10-06 15:15:00,-0.20319100032190818
2020-10-06 15:18:00,-0.13839662084143356
2020-10-06 15:21:00,-0.19429593371802412
2020-10-06 15:24:00,-0.16938210148578037
2020-10-06 15:27:00,-0.16250287432376354
2020-10-06 15:30:00,-0.20957376698845565
2020-10-06 15:33:00,-0.1999169120596207
2020-10-06 15:36:00,-0.20186757317031834
2020-10-06 15:39:00,-0.22901263647611358
2020-10-06 15:42:00,-0.21930645283055128
2020-10-06 15:45:00,-0.24894167976208337
2020-10-06 15:48:00,-0.2290504481006792
2020-10-06 15:51:00,-0.1785887403825086
2020-10-06 15:54:00,-0.2758505688713626
2020-10-06 15:57:00,-0.20483996995102416
2020-10-06 16:00:00,-0.22185203645727825
2020-10-06 16:03:00,-0.24455715873779127
2020-10-06 16:06:00,-0.21064113730847112
2020-10-06 16:09:00,-0.2326465729409506
2020-10-06 16:12:00,-0.19303519471435493
2020-10-06 16:15:00,-0.17059352654371196
2020-10-06 16:18:00,-0.22991276161570795
2020-10-06 16:21:00,-0.22408716353152158
2020-10-06 16:24:00,-0.2612459295759777
2020-10-06 16:27:00,-0.1672174679432601
2020-10-06 16:30:00,-0.17433723176310423
2020-10-06 16:33:00,-0.18369844258035073
2020-10-06 16:36:00,-0.23627921535211271
2020-10-06 16:39:00,-0.23272889314381473
2020-10-06 16:42:00,-0.23144766416533002
2020-10-06 16:45:00,-0.24745818310231016
2020-10-06 16:48:00,-0.21794005935873884
2020-10-06 16:51:00,-0.20648315136435258
2020-10-06 16:54:00,-0.16505618561382107
2020-10-06 16:57:00,-0.15675775390883473
2020-10-06 17:00:00,-0.16408814088265444
2020-10-06 17:03:00,-0.1993941679817226
2020-10-06 17:06:00,-0.17434809255735217
2020-10-06 17:09:00,-0.1463576415757757
2020-10-06 17:12:00,-0.1265483745204392
2020-10-06 17:15:00,-0.16542135594710317
2020-10-06 17:18:00,-0.1297292067178546
2020-10-06 17:21:00,-0.1386104463355764
2020-10-06 17:24:00,-0.13917306711692845
2020-10-06 17:27:00,-0.1770283558250867
2020-10-06 17:30:00,-0.12032556075098455
2020-10-06 17:33:00,-0.08806760764622368
2020-10-06 17:36:00,-0.017900355280232816
2020-10-06 17:39:00,-0.11286102231025552
2020-10-06 17:42:00,-0.1201554686612667
2020-10-06 17:45:00,-0.04203448037941371
2020-10-06 17:48:00,-0.06467166661985857
2020-10-06 17:51:00,-0.048324164511427625
2020-10-06 17:54:00,-0.021388500865384685
2020-10-06 17:57:00,-0.12788911044685847
2020-10-06 18:00:00,-0.09427991878891362
2020-10-06 18:03:00,-0.043866014067589276
2020-10-06 18:06:00,-0.049618920258581056
2020-10-06 18:09:00,-0.06222778268443108
2020-10-06 18:12:00,-0.10687905566049949
2020-10-06 18:15:00,-0.09092572420502165
2020-10-06 18:18:00,-0.11018561216621947
2020-10-06 18:21:00,-0.019546896266092517
2020-10-06 18:24:00,0.003490119504192535
2020-10-06 18:27:00,-0.04113998681322073
2020-10-06 18:30:00,0.044443815461363556
2020-10-06 18:33:00,-0.020673463047160112
2020-10-06 18:36:00,-0.0106661988071437
2020-10-06 18:39:00,0.02744933820076767
2020-10-06 18:42:00,0.017191266325767174
2020-10-06 18:45:00,0.04602503013018122
2020-10-06 18:48:00,-0.02146545970549596
2020-10-06 18:51:00,-0.006810950093381507
2020-10-06 18:54:00,0.12866355074373814
2020-10-06 18:57:00,
2020-10-06 19:00:00,
2020-10-06 19:03:00,0.02464255400360571
2020-10-06 19:06:00,0.03919720250360115
2020-10-06 19:09:00,0.051787430633225995
2020-10-06 19:12:00,0.0744214851107472
2020-10-06 19:15:00,0.11602504660038448
2020-10-06 19:18:00,0.06042615783445626
2020-10-06 19:21:00,0.04537388777316664
2020-10-06 19:24:00,0.1003800680099971
2020-10-06 19:27:00,0.06754812925788656
2020-10-06 19:30:00,0.1784912385789994
2020-10-06 19:33:00,0.12008643337054536
2020-10-06 19:36:00,0.09086413676828897
2020-10-06 19:39:00,0.17348626372921672
2020-10-06 19:42:00,0.20830312913290072
2020-10-06 19:45:00,0.18882169780044933
2020-10-06 19:48:00,0.20363471335872418
2020-10-06 19:51:00,0.19795546515712203
2020-10-06 19:54:00,0.20549014623026096
2020-10-06 19:57:00,0.20667735245996255
2020-10-06 20:00:00,0.1985837200794549
2020-10-06 20:03:00,0.1437494176784071
2020-10-06 20:06:00,0.272368407612646
2020-10-06 20:09:00,0.17120560092621417
2020-10-06 20:12:00,0.20623076981217991
2020-10-06 20:15:00,0.18317747291848718
2020-10-06 20:18:00,0.1444075463465424
2020-10-06 20:21:00,0.22317834286769767
2020-10-06 20:24:00,0.1761228820309384
2020-10-06 20:27:00,0.2024719170804019
2020-10-06 20:30:00,0.18371419616835283
2020-10-06 20:33:00,0.17487142392678834
2020-10-06 20:36:00,0.10837088741664047
2020-10-06 20:39:00,0.21656341827457481
2020-10-06 20:42:00,0.14421239715426282
2020-10-06 20:45:00,0.15825617005157255
2020-10-06 20:48:00,0.07710319239004093
2020-10-06 20:51:00,0.08540404880983488
2020-10-06 20:54:00,0.17221917593229819
2020-10-06 20:57:00,0.21954753693410112
2020-10-06 21:00:00,0.18441534174490926
2020-10-06 21:03:00,0.11373700868318792
2020-10-06 21:06:00,0.1714593917013758
2020-10-06 21:09:00,0.16714286551825808
2020-10-06 21:12:00,0.14349523379922857
2020-10-06 21:15:00,0.12930069274074185
2020-10-06 21:18:00,0.15949450704169976
2020-10-06 21:21:00,0.15121983650976745
2020-10-06 21:24:00,0.128849303136235
2020-10-06 21:27:00,0.15901719359368371
2020-10-06 21:30:00,0.1575918190924881
2020-10-06 21:33:00,0.1704696275568267
2020-10-06 21:36:00,0.1224843565726701
2020-10-06 21:39:00,0.1505711623152024
2020-10-06 21:42:00,0.2198850812483215
2020-10-06 21:45:00,0.15728962345826858
2020-10-06 21:48:00,0.18678595550403543
2020-10-06 21:51:00,0.18992935019485913
2020-10-06 21:54:00,0.1759090497453144
2020-10-06 21:57:00,0.13425317421553018
2020-10-06 22:00:00,0.14934191536218577
2020-10-06 22:03:00,0.0792815944066092
2020-10-06 22:06:00,0.20485643251350893
2020-10-06 22:09:00,0.19740243309172456
2020-10-06 22:12:00,0.2295321895219331
2020-10-06 22:15:00,0.18537453129357573
2020-10-06 22:18:00,0.18320458704766907
2020-10-06 22:21:00,0.16340621011204348
2020-10-06 22:24:00,0.19187969195405685
2020-10-06 22:27:00,0.18534331726868913
2020-10-06 22:30:00,0.1438981479397512
2020-10-06 22:33:00,0.1979556563781557
2020-10-06 22:36:00,0.2662897473957173
2020-10-06 22:39:00,0.22207040952196166
2020-10-06 22:42:00,0.22426205387273512
2020-10-06 22:45:00,0.20005293738097407
2020-10-06 22:48:00,0.1349545395561904
2020-10-06 22:51:00,0.20309250096272535
2020-10-06 22:54:00,0.14036126079417954
2020-10-06 22:57:00,0.12840936152622362
2020-10-06 23:00:00,0.18204366406973804
2020-10-06 23:03:00,0.0796362359660634
2020-10-06 23:06:00,0.1464525163768826
2020-10-06 23:09:00,0.15278760798719304
2020-10-06 23:12:00,0.08180420899020646
2020-10-06 23:15:00,0.14221853092152514
2020-10-06 23:18:00,0.1406131626343381
2020-10-06 23:21:00,0.17621673617031774
2020-10-06 23:24:00,0.14815307583688764
2020-10-06 23:27:00,0.10916750310929046
2020-10-06 23:30:00,0.16775196908633916
2020-10-06 23:33:00,0.12383697554895434
2020-10-06 23:36:00,0.21673174222712532
2020-10-06 23:39:00,0.24591149851914906
2020-10-06 23:42:00,0.2024586387373688
2020-10-06 23:45:00,0.2176159365812964
2020-10-06 23:48:00,0.20599176994215895
2020-10-06 23:51:00,0.2066708816258256
2020-10-06 23:54:00,0.2442989468572705
2020-10-06 23:57:00,0.229563046827991
2020-10-07 00:00:00,0.18299476779304769
2020-10-07 00:03:00,0.2465166815777593
2020-10-07 00:06:00,0.26034472211534876
2020-10-07 00:09:00,0.20605718187243838
2020-10-07 00:12:00,0.2360444087892688
2020-10-07 00:15:00,0.2537783472399724
2020-10-07 00:18:00,0.23475823934154505
2020-10-07 00:21:00,0.29222820120145343
2020-10-07 00:24:00,0.22842577850349244
2020-10-07 00:27:00,0.2921281363547905
2020-10-07 00:30:00,0.23393095093979355
2020-10-07 00:33:00,0.243327582177983
2020-10-07 00:36:00,0.3082904108383673
2020-10-07 00:39:00,0.27486188666392763
2020-10-07 00:42:00,0.25856964789562653
2020-10-07 00:45:00,0.26096784297681097
2020-10-07 00:48:00,0.2969379138236832
2020-10-07 00:51:00,0.2818348921168763
2020-10-07 00:54:00,0.24962342941415727
2020-10-07 00:57:00,0.24549932521756546
2020-10-07 01:00:00,0.3659007778550176
2020-10-07 01:03:00,0.2560635357626211
2020-10-07 01:06:00,0.22550720358441367
2020-10-07 01:09:00,0.29558737346184216
2020-10-07 01:12:00,0.2960385227761435
2020-10-07 01:15:00,0.19106541935161658
2020-10-07 01:18:00,0.2925390454611829
2020-10-07 01:21:00,0.3018438110429429
2020-10-07 01:24:00,0.3038667945190241
2020-10-07 01:27:00,0.276433054112033
2020-10-07 01:30:00,0.3387594601426258
2020-10-07 01:33:00,0.37741930634257415
2020-10-07 01:36:00,0.4214339643008884
2020-10-07 01:39:00,0.4101997351718296
2020-10-07 01:42:00,0.3622128001844658
2020-10-07 01:45:00,0.3819552060779188
2020-10-07 01:48:00,0.340426167725127
2020-10-07 01:51:00,0.39351180671206976
2020-10-07 01:54:00,0.3539720529166175
2020-10-07 01:57:00,0.3909000242256866
2020-10-07 02:00:00,0.3668445275700378
2020-10-07 02:03:00,0.39928624453244765
2020-10-07 02:06:00,0.3663320453589449
2020-10-07 02:09:00,0.436675319118649
2020-10-07 02:12:00,0.33705632801468255
2020-10-07 02:15:00,0.3687575159905805
2020-10-07 02:18:00,0.2853100933256769
2020-10-07 02:21:00,0.4713359279813858
2020-10-07 02:24:00,0.37153674937167125
2020-10-07 02:27:00,0.3603409010485734
2020-10-07 02:30:00,0.3741446972205722
2020-10-07 02:33:00,0.3941096834483915
2020-10-07 02:36:00,0.37535922428099866
2020-10-07 02:39:00,0.3588982552241191
2020-10-07 02:42:00,0.3574368777853465
2020-10-07 02:45:00,0.3258430287485794
2020-10-07 02:48:00,0.3325037322263711
2020-10-07 02:51:00,0.3532831344803071
2020-10-07 02:54:00,0.3638182094047693
2020-10-07 02:57:00,0.30517501022126226
2020-10-07 03:00:00,0.19789440573839556
2020-10-07 03:03:00,0.28610021155924414
2020-10-07 03:06:00,0.21416026581118786
2020-10-07 03:09:00,0.24305032375934843
2020-10-07 03:12:00,0.3017057000822092
2020-10-07 03:15:00,0.33403866621034695
2020-10-07 03:18:00,0.2702121081649693
2020-10-07 03:21:00,0.2895727041585019
2020-10-07 03:24:00,0.3013902137365676
2020-10-07 03:27:00,0.3254990583526478
2020-10-07 03:30:00,0.345714369581799
2020-10-07 03:33:00,0.26149375738538083
2020-10-07 03:36:00,0.27276335690658016
2020-10-07 03:39:00,0.30272479514036377
2020-10-07 03:42:00,0.3156470477508151
2020-10-07 03:45:00,0.26092227526970646
2020-10-07 03:48:00,0.2930661508758021
2020-10-07 03:51:00,0.2987970660636279
2020-10-07 03:54:00,0.2406628506257107
2020-10-07 03:57:00,0.41581153640481716
2020-10-07 04:00:00,0.36717870206615544
2020-10-07 04:03:00,0.3778280018495366
2020-10-07 04:06:00,0.40030842857476046
2020-10-07 04:09:00,0.3624002254465495
2020-10-07 04:12:00,0.36862217746812576
2020-10-07 04:15:00,0.3518333788275072
2020-10-07 04:18:00,0.3543263698940109
2020-10-07 04:21:00,0.32502963288976616
2020-10-07 04:24:00,0.36867948295127917
2020-10-07 04:27:00,0.3203411098598963
2020-10-07 04:30:00,0.33417649380970715
2020-10-07 04:33:00,0.3389490126346004
2020-10-07 04:36:00,0.30152406744508653
2020-10-07 04:39:00,0.3154059670796414
2020-10-07 04:42:00,0.30758047464013316
2020-10-07 04:45:00,0.42774899315656967
2020-10-07 04:48:00,0.3601098383600174
2020-10-07 04:51:00,0.3423840819285715
2020-10-07 04:54:00,0.3637352183260987
2020-10-07 04:57:00,0.3800573687990436
2020-10-07 05:00:00,0.373137496397419
2020-10-07 05:03:00,0.3838114251027491
2020-10-07 05:06:00,0.3598489505201883
2020-10-07 05:09:00,0.31293111172107047
2020-10-07 05:12:00,0.26175819919387777
2020-10-07 05:15:00,0.2552796658264924
2020-10-07 05:18:00,0.19874912202891437
2020-10-07 05:21:00,0.26941783332216573
2020-10-07 05:24:00,0.21791512780049516
2020-10-07 05:27:00,0.21751466551933163
2020-10-07 05:30:00,0.16383996847332583
2020-10-07 05:33:00,0.29989348709182195
2020-10-07 05:36:00,0.27260088347748024
2020-10-07 05:39:00,0.26063324211452255
2020-10-07 05:42:00,0.23669621753981573
2020-10-07 05:45:00,0.2213055469652545
2020-10-07 05:48:00,0.2649631938729158
2020-10-07 05:51:00,0.33369017162254977
2020-10-07 05:54:00,0.3370276100477554
2020-10-07 05:57:00,0.283529847390696
2020-10-07 06:00:00,0.24861177508483934
2020-10-07 06:03:00,0.25261954243245555
2020-10-07 06:06:00,0.32548951996187725
2020-10-07 06:09:00,0.29092929278834845
2020-10-07 06:12:00,0.23548908575918404
2020-10-07 06:15:00,0.26643875973292097
2020-10-07 06:18:00,0.2831405044950088
2020-10-07 06:21:00,0.2940196839508644
2020-10-07 06:24:00,0.3298267491283582
2020-10-07 06:27:00,0.3267433991932194
2020-10-07 06:30:00,0.3486910545144042
2020-10-07 06:33:00,0.34005125872408826
2020-10-07 06:36:00,0.30380009381536865
2020-10-07 06:39:00,0.2962998653700879
2020-10-07 06:42:00,0.399668662132342
2020-10-07 06:45:00,0.31168574494893164
2020-10-07 06:48:00,0.3402948839072337
2020-10-07 06:51:00,0.34478128753585224
2020-10-07 06:54:00,0.38303729620628246
2020-10-07 06:57:00,0.31674401636121274
2020-10-07 07:00:00,0.2716789352705291
2020-10-07 07:03:00,0.2610236137281845
2020-10-07 07:06:00,0.25479045351437435
2020-10-07 07:09:00,0.2751319444341789
2020-10-07 07:12:00,0.24752891612178018
2020-10-07 07:15:00,0.2396907556116048
2020-10-07 07:18:00,0.24920007710164782
2020-10-07 07:21:00,0.28424494034021563
2020-10-07 07:24:00,0.1922155740289213
2020-10-07 07:27:00,0.26494973535778854
2020-10-07 07:30:00,0.19358001701101557
2020-10-07 07:33:00,0.2567458557643931
2020-10-07 07:36:00,0.20835384450646188
2020-10-07 07:39:00,0.1662027235723258
2020-10-07 07:42:00,0.1310849522703279
2020-10-07 07:45:00,0.22657762624879751
2020-10-07 07:48:00,0.10967396283712105
2020-10-07 07:51:00,0.16611524355118945
2020-10-07 07:54:00,0.13489048071005527
2020-10-07 07:57:00,0.11186938035149296
2020-10-07 08:00:00,0.1955703174449468
2020-10-07 08:03:00,0.10839271802126405
2020-10-07 08:06:00,0.15141665043921648
2020-10-07 08:09:00,0.07175262347550415
2020-10-07 08:12:00,0.022254508228002123
2020-10-07 08:15:00,0.08275258616936298
2020-10-07 08:18:00,0.0932331145788794
2020-10-07 08:21:00,0.1371703361083405
2020-10-07 08:24:00,0.07127244250648346
2020-10-07 08:27:00,0.024300885298714547
2020-10-07 08:30:00,0.1329218476626579
2020-10-07 08:33:00,0.05641261411346932
2020-10-07 08:36:00,0.008835011915266477
2020-10-07 08:39:00,0.038767862666418296
2020-10-07 08:42:00,0.013107546705668938
2020-10-07 08:45:00,-0.002202883764141461
2020-10-07 08:48:00,-0.033323319085809544
2020-10-07 08:51:00,-0.03662176786207283
2020-10-07 08:54:00,-0.027431529093405516
2020-10-07 08:57:00,-0.05802269451163511
2020-10-07 09:00:00,-0.06752712533580052
2020-10-07 09:03:00,-0.0732048367601692
2020-10-07 09:06:00,-0.04331133457020542
2020-10-07 09:09:00,-0.07797740133639763
2020-10-07 09:12:00,-0.16226686162218584
2020-10-07 09:15:00,-0.1338449385711442
2020-10-07 09:18:00,-0.1048326888795259
2020-10-07 09:21:00,-0.0423444977304257
2020-10-07 09:24:00,-0.14473304479179205
2020-10-07 09:27:00,-0.1198761421336485
2020-10-07 09:30:00,-0.14267964607307704
2020-10-07 09:33:00,-0.16015571998804035
2020-10-07 09:36:00,-0.12168508039417247
2020-10-07 09:39:00,-0.13977393429229323
2020-10-07 09:42:00,-0.15086430232105386
2020-10-07 09:45:00,-0.17465726081644561
2020-10-07 09:48:00,-0.09932224790435384
2020-10-07 09:51:00,-0.003469359966572938
2020-10-07 09:54:00,-0.11470426096701658
2020-10-07 09:57:00,-0.14643265974751785
2020-10-07 10:00:00,-0.14798340829742074
2020-10-07 10:03:00,-0.1579355077569744
2020-10-07 10:06:00,-0.18786412890381143
2020-10-07 10:09:00,-0.19350732476203802
2020-10-07 10:12:00,-0.2206168366621455
2020-10-07 10:15:00,-0.18066892576257487
2020-10-07 10:18:00,-0.11615019713377706
2020-10-07 10:21:00,-0.14301931406521362
2020-10-07 10:24:00,-0.10929530821482558
2020-10-07 10:27:00,-0.1656720506409215
2020-10-07 10:30:00,-0.21991842833597275
2020-10-07 10:33:00,-0.14149245001181043
2020-10-07 10:36:00,-0.14697808258966916
2020-10-07 10:39:00,-0.130714652643519
2020-10-07 10:42:00,-0.037994631545359425
2020-10-07 10:45:00,0.024617190252968157
2020-10-07 10:48:00,0.1169042795292512
2020-10-07 10:51:00,-0.06199101307777255
2020-10-07 10:54:00,-0.05892889013347258
2020-10-07 10:57:00,-0.0395230502274444
2020-10-07 11:00:00,0.004427676509180856
2020-10-07 11:03:00,0.10950774882479664
2020-10-07 11:06:00,0.06722003849563407
2020-10-07 11:09:00,-0.05253784500615666
2020-10-07 11:12:00,-0.19731016729934936
2020-10-07 11:15:00,-0.1334284741914189
2020-10-07 11:18:00,-0.16373595623929305
2020-10-07 11:21:00,-0.25413085482585984
2020-10-07 11:24:00,-0.16372171631019228
2020-10-07 11:27:00,-0.09215417715927288
2020-10-07 11:30:00,-0.10333943607446372
2020-10-07 11:33:00,-0.027981207355367133
2020-10-07 11:36:00,0.10417820538651767
2020-10-07 11:39:00,0.1542666651442346
2020-10-07 11:42:00,-0.03164047154700711
2020-10-07 11:45:00,-0.0908186166403766
2020-10-07 11:48:00,-0.12710273184660537
2020-10-07 11:51:00,-0.16076433488814246
2020-10-07 11:54:00,-0.18421759734178522
2020-10-07 11:57:00,-0.12360193131854658
2020-10-07 12:00:00,-0.15597051241513782
2020-10-07 12:03:00,-0.11083453358043016
2020-10-07 12:06:00,-0.10485765074287201
2020-10-07 12:09:00,-0.02592562899752693
2020-10-07 12:12:00,-0.022362119069271102
2020-10-07 12:15:00,-0.0516974242023025
2020-10-07 12:18:00,-0.09417220324542086
2020-10-07 12:21:00,-0.07516142115468938
2020-10-07 12:24:00,0.0033462163565900482
2020-10-07 12:27:00,0.30611248691411674
2020-10-07 12:30:00,-0.0018412127795954802
2020-10-07 12:33:00,-0.2081407565208906
2020-10-07 12:36:00,-0.15400432145293053
2020-10-07 12:39:00,-0.14593068609775628
2020-10-07 12:42:00,-0.18635163687559952
2020-10-07 12:45:00,-0.13366730951565842
2020-10-07 12:48:00,-0.1868767273991807
2020-10-07 12:51:00,-0.08668544921192733
2020-10-07 12:54:00,-0.18311834382376446
2020-10-07 12:57:00,-0.12911572441441876
2020-10-07 13:00:00,-0.15096482027382763
2020-10-07 13:03:00,-0.22731601110245947
2020-10-07 13:06:00,-0.166856710631464
2020-10-07 13:09:00,-0.2304197394984726
2020-10-07 13:12:00,-0.18647142331400346
2020-10-07 13:15:00,-0.2343893850513723
2020-10-07 13:18:00,-0.21415444805120387
2020-10-07 13:21:00,-0.2504087706164455
2020-10-07 13:24:00,-0.2928665456104227
2020-10-07 13:27:00,-0.22086528550119056
2020-10-07 13:30:00,-0.2952486504368039
2020-10-07 13:33:00,-0.2693311279745103
2020-10-07 13:36:00,-0.29364634275117396
2020-10-07 13:39:00,-0.2905519620532573
2020-10-07 13:42:00,-0.20964022589942033
2020-10-07 13:45:00,-0.22103684570328141
2020-10-07 13:48:00,-0.17619954069994037
2020-10-07 13:51:00,-0.26326377711524174
2020-10-07 13:54:00,-0.2987269324306112
2020-10-07 13:57:00,-0.32817966859482794
2020-10-07 14:00:00,-0.3862788383027578
2020-10-07 14:03:00,-0.30275743444843783
2020-10-07 14:06:00,-0.28703906362011367
2020-10-07 14:09:00,-0.3452012652730332
2020-10-07 14:12:00,-0.3268366000261267
2020-10-07 14:15:00,-0.45189025565122165
2020-10-07 14:18:00,-0.33631308459661113
2020-10-07 14:21:00,-0.3153477795948447
2020-10-07 14:24:00,-0.28629397878881946
2020-10-07 14:27:00,-0.30047396608409827
2020-10-07 14:30:00,-0.24614213354902859
2020-10-07 14:33:00,-0.34711577353374423
2020-10-07 14:36:00,-0.3409938525873031
2020-10-07 14:39:00,-0.4086305320801671
2020-10-07 14:42:00,-0.413421916274217
2020-10-07 14:45:00,-0.3102325342447898
2020-10-07 14:48:00,-0.37364966425388957
2020-10-07 14:51:00,-0.3776942701662165
2020-10-07 14:54:00,-0.33373564411976986
2020-10-07 14:57:00,-0.3647533642670169
2020-10-07 15:00:00,-0.44700544617404603
2020-10-07 15:03:00,-0.3953644722815852
2020-10-07 15:06:00,-0.39194143213416055
2020-10-07 15:09:00,-0.4138836155113381
2020-10-07 15:12:00,-0.4160449371644859
2020-10-07 15:15:00,-0.34152698639258006
2020-10-07 15:18:00,-0.36253955094809953
2020-10-07 15:21:00,-0.31349869397399743
2020-10-07 15:24:00,-0.3456642722469496
2020-10-07 15:27:00,-0.397138078039859
2020-10-07 15:30:00,-0.38053922066364976
2020-10-07 15:33:00,-0.434692396389039
2020-10-07 15:36:00,-0.3557943507886421
2020-10-07 15:39:00,-0.37272702868557417
2020-10-07 15:42:00,-0.333907519003958
2020-10-07 15:45:00,-0.4078854872397528
2020-10-07 15:48:00,-0.3393254090670439
2020-10-07 15:51:00,-0.3988262279381729
2020-10-07 15:54:00,-0.32287862008917045
2020-10-07 15:57:00,-0.3573296989128494
2020-10-07 16:00:00,-0.39681660041026134
2020-10-07 16:03:00,-0.424404355310287
2020-10-07 16:06:00,-0.354513171913311
2020-10-07 16:09:00,-0.4128919612643358
2020-10-07 16:12:00,-0.3912942988046666
2020-10-07 16:15:00,-0.4092590754526668
2020-10-07 16:18:00,-0.3883221885688499
2020-10-07 16:21:00,-0.4456985050520643
2020-10-07 16:24:00,-0.4195025561012926
2020-10-07 16:27:00,-0.4039262874575229
2020-10-07 16:30:00,-0.38217468568609547
2020-10-07 16:33:00,-0.4276776246676377
2020-10-07 16:36:00,-0.310796168115246
2020-10-07 16:39:00,-0.3209321276282253
2020-10-07 16:42:00,-0.3358109202904984
2020-10-07 16:45:00,-0.28733349918672957
2020-10-07 16:48:00,-0.22350116742842374
2020-10-07 16:51:00,-0.27205659246607183
2020-10-07 16:54:00,-0.2096173094507776
2020-10-07 16:57:00,-0.2191295432143079
2020-10-07 17:00:00,-0.23276467015392655
2020-10-07 17:03:00,-0.20333456086399337
2020-10-07 17:06:00,-0.13209512472894858
2020-10-07 17:09:00,-0.13744824347571694
2020-10-07 17:12:00,-0.11708884626563076
2020-10-07 17:15:00,-0.11943598824797164
2020-10-07 17:18:00,-0.0904369677447221
2020-10-07 17:21:00,-0.1356441859759343
2020-10-07 17:24:00,-0.15401359007643123
2020-10-07 17:27:00,-0.16404095495585125
2020-10-07 17:30:00,-0.09502001837785201
2020-10-07 17:33:00,-0.024508852156031935
2020-10-07 17:36:00,-0.05283509218054405
2020-10-07 17:39:00,0.009323235077658865
2020-10-07 17:42:00,-0.08319353948809294
2020-10-07 17:45:00,0.03108379425924568
2020-10-07 17:48:00,0.055365364605052036
2020-10-07 17:51:00,-0.03295263543247984
2020-10-07 17:54:00,0.03437335198753999
2020-10-07 17:57:00,0.083702938075362
2020-10-07 18:00:00,-0.031213605621246643
2020-10-07 18:03:00,-0.0004722720676682002
2020-10-07 18:06:00,0.07767334832294637
2020-10-07 18:09:00,0.0471321774564899
2020-10-07 18:12:00,0.05400047933380847
2020-10-07 18:15:00,0.08310038168775691
2020-10-07 18:18:00,0.009274183366358102
2020-10-07 18:21:00,-0.002472243887325476
2020-10-07 18:24:00,-0.06853863750802702
2020-10-07 18:27:00,-0.015507164816028762
2020-10-07 18:30:00,-0.026646704384347686
2020-10-07 18:33:00,0.007379517614936049
2020-10-07 18:36:00,-0.01985500012256125
2020-10-07 18:39:00,0.0019201292564616779
2020-10-07 18:42:00,-0.015178803462788437
2020-10-07 18:45:00,-0.007528992376421684
2020-10-07 18:48:00,-0.061912210943660284
2020-10-07 18:51:00,-0.07627254255646676
2020-10-07 18:54:00,-0.16017746146479794
2020-10-07 18:57:00,
2020-10-07 19:00:00,
2020-10-07 19:03:00,-0.11540317724819715
2020-10-07 19:06:00,-0.17492524243044727
2020-10-07 19:09:00,-0.1731430363860227
2020-10-07 19:12:00,-0.1646407942386645
2020-10-07 19:15:00,-0.11794295554659584
2020-10-07 19:18:00,-0.041079980842994246
2020-10-07 19:21:00,-0.04058497510897041
2020-10-07 19:24:00,-0.06510593686664379
2020-10-07 19:27:00,-0.05420071840745777
2020-10-07 19:30:00,-0.04500033032616102
2020-10-07 19:33:00,0.0022269145007385305
2020-10-07 19:36:00,0.018715542321160683
2020-10-07 19:39:00,-0.052229190281934734
2020-10-07 19:42:00,-0.048073027785619615
2020-10-07 19:45:00,-0.00042541873074242176
2020-10-07 19:48:00,-0.024560912173740235
2020-10-07 19:51:00,-0.03989529708275086
2020-10-07 19:54:00,-0.0598614081441724
2020-10-07 19:57:00,0.05446401135947099
2020-10-07 20:00:00,-0.013023200268150958
2020-10-07 20:03:00,-0.027376832768879922
2020-10-07 20:06:00,-0.011999748130222088
2020-10-07 20:09:00,-0.014283505986895761
2020-10-07 20:12:00,-0.027009526881556667
2020-10-07 20:15:00,-0.08320562744535209
2020-10-07 20:18:00,-0.018592575089940055
2020-10-07 20:21:00,-0.04736158573433613
2020-10-07 20:24:00,-0.015069369450429804
2020-10-07 20:27:00,0.001568848935448841
2020-10-07 20:30:00,-0.03302026857591045
2020-10-07 20:33:00,0.04368731592768427
2020-10-07 20:36:00,0.01616214383585657
2020-10-07 20:39:00,0.039054716376199394
2020-10-07 20:42:00,-0.007515323201459978
2020-10-07 20:45:00,-0.016348845280163005
2020-10-07 20:48:00,0.006664114578711633
2020-10-07 20:51:00,-0.036399290225972436
2020-10-07 20:54:00,-0.04932738078497323
2020-10-07 20:57:00,0.006768019998048658
2020-10-07 21:00:00,0.019709823185962705
2020-10-07 21:03:00,0.024075510053194193
2020-10-07 21:06:00,0.010924932554416955
2020-10-07 21:09:00,0.05696547584136624
2020-10-07 21:12:00,-0.0005354233281877896
2020-10-07 21:15:00,0.08785336649691544
2020-10-07 21:18:00,0.196237006173817
2020-10-07 21:21:00,0.09063148211009775
2020-10-07 21:24:00,0.14200496434591514
2020-10-07 21:27:00,0.06789607978600998
2020-10-07 21:30:00,0.13361417721665703
2020-10-07 21:33:00,0.16552097705294955
2020-10-07 21:36:00,0.11737394745472329
2020-10-07 21:39:00,0.12766641648414634
2020-10-07 21:42:00,0.1145444359089538
2020-10-07 21:45:00,0.08709295334210765
2020-10-07 21:48:00,0.012652850915458203
2020-10-07 21:51:00,0.07087759481152034
2020-10-07 21:54:00,0.1066790707101859
2020-10-07 21:57:00,0.052675225569259965
2020-10-07 22:00:00,0.09063393708385092
2020-10-07 22:03:00,0.09273589296014961
2020-10-07 22:06:00,0.0766333203507088
2020-10-07 22:09:00,0.06822120634234352
2020-10-07 22:12:00,0.07935592976735961
2020-10-07 22:15:00,0.05922219922751992
2020-10-07 22:18:00,0.004764754773702862
2020-10-07 22:21:00,0.09800554670965766
2020-10-07 22:24:00,0.1477997809823819
2020-10-07 22:27:00,0.07695145866318853
2020-10-07 22:30:00,0.05274596214792382
2020-10-07 22:33:00,0.045612338329192426
2020-10-07 22:36:00,0.035679666311693836
2020-10-07 22:39:00,0.09965895925239465
2020-10-07 22:42:00,0.16138760794990503
2020-10-07 22:45:00,0.1341977490921522
2020-10-07 22:48:00,0.14400531547903483
2020-10-07 22:51:00,0.13408164908634035
2020-10-07 22:54:00,0.10325201923740224
2020-10-07 22:57:00,0.20015007037346777
2020-10-07 23:00:00,0.10878969703367147
2020-10-07 23:03:00,0.15346784660255253
2020-10-07 23:06:00,0.14273286829518383
2020-10-07 23:09:00,0.11791409114215412
2020-10-07 23:12:00,0.06680470529488503
2020-10-07 23:15:00,0.12623920799285315
2020-10-07 23:18:00,0.14146781521031926
2020-10-07 23:21:00,0.12505715785215443
2020-10-07 23:24:00,0.15002970214561628
2020-10-07 23:27:00,0.13025626009311964
2020-10-07 23:30:00,0.23216568090026612
2020-10-07 23:33:00,0.1175209872750429
2020-10-07 23:36:00,0.1149378120630331
2020-10-07 23:39:00,0.13895627825553447
2020-10-07 23:42:00,0.10774711275121263
2020-10-07 23:45:00,0.11121965765374853
2020-10-07 23:48:00,0.19413571315737954
2020-10-07 23:51:00,0.283089231907411
2020-10-07 23:54:00,0.3580312665426959
2020-10-07 23:57:00,0.37627217233551846
2020-10-08 00:00:00,0.29071577709243
2020-10-08 00:03:00,0.285216420072004
2020-10-08 00:06:00,0.31210398590519617
2020-10-08 00:09:00,0.2932711923248803
2020-10-08 00:12:00,0.31081817703216075
2020-10-08 00:15:00,0.2565429138819013
2020-10-08 00:18:00,0.21031788804771168
2020-10-08 00:21:00,0.2973040975757044
2020-10-08 00:24:00,0.3164856383396568
2020-10-08 00:27:00,0.39630170461924763
2020-10-08 00:30:00,0.31678221869998424
2020-10-08 00:33:00,0.2821277811762002
2020-10-08 00:36:00,0.259180987870252
2020-10-08 00:39:00,0.2832385885039912
2020-10-08 00:42:00,0.29674843176712784
2020-10-08 00:45:00,0.3377748249769752
2020-10-08 00:48:00,0.32512347245364026
2020-10-08 00:51:00,0.29372010637251833
2020-10-08 00:54:00,0.329418248998536
2020-10-08 00:57:00,0.358119084840439
2020-10-08 01:00:00,0.34438981679574
2020-10-08 01:03:00,0.3007083174231866
2020-10-08 01:06:00,0.29602780577187104
2020-10-08 01:09:00,0.32938364364366635
2020-10-08 01:12:00,0.3329820861227972
2020-10-08 01:15:00,0.35365295675313746
2020-10-08 01:18:00,0.26867091007073896
2020-10-08 01:21:00,0.26170021802147403
2020-10-08 01:24:00,0.2552619034847794
2020-10-08 01:27:00,0.21401080888529123
2020-10-08 01:30:00,0.2423107042664583
2020-10-08 01:33:00,0.27950371709795263
2020-10-08 01:36:00,0.3333599238355305
2020-10-08 01:39:00,0.32715352607482373
2020-10-08 01:42:00,0.2784380099066084
2020-10-08 01:45:00,0.2611030860643382
2020-10-08 01:48:00,0.31701073758603115
2020-10-08 01:51:00,0.21688994071473644
2020-10-08 01:54:00,0.18467233760429735
2020-10-08 01:57:00,0.2529239195795867
2020-10-08 02:00:00,0.28104159660341566
2020-10-08 02:03:00,0.19290128649464577
2020-10-08 02:06:00,0.23735386678396253
2020-10-08 02:09:00,0.2754595614427444
2020-10-08 02:12:00,0.2551596189476868
2020-10-08 02:15:00,0.3110503242090772
2020-10-08 02:18:00,0.26464610455536786
2020-10-08 02:21:00,0.3238795464314421
2020-10-08 02:24:00,0.27484643156878974
2020-10-08 02:27:00,0.2805323494600316
2020-10-08 02:30:00,0.3030798328651372
2020-10-08 02:33:00,0.36600251105869575
2020-10-08 02:36:00,0.3420523061214453
2020-10-08 02:39:00,0.271548309750699
2020-10-08 02:42:00,0.35209080915512914
2020-10-08 02:45:00,0.3612390973668198
2020-10-08 02:48:00,0.29359800160170835
2020-10-08 02:51:00,0.35180653859305266
2020-10-08 02:54:00,0.3249587520344335
2020-10-08 02:57:00,0.2967380608737926
2020-10-08 03:00:00,0.17057096024649354
2020-10-08 03:03:00,0.2563694900586029
2020-10-08 03:06:00,0.3036427815029583
2020-10-08 03:09:00,0.2808456366793166
2020-10-08 03:12:00,0.29710808971697134
2020-10-08 03:15:00,0.23695789293236658
2020-10-08 03:18:00,0.22246732491379362
2020-10-08 03:21:00,0.2846849737968
2020-10-08 03:24:00,0.2730517779299362
2020-10-08 03:27:00,0.32058616372358983
2020-10-08 03:30:00,0.2642451697184356
2020-10-08 03:33:00,0.2278907574671507
2020-10-08 03:36:00,0.25488874555901475
2020-10-08 03:39:00,0.2953649584828213
2020-10-08 03:42:00,0.3047469331257844
2020-10-08 03:45:00,0.34197747105429244
2020-10-08 03:48:00,0.3488806173210719
2020-10-08 03:51:00,0.3123426795872888
2020-10-08 03:54:00,0.33906806545996915
2020-10-08 03:57:00,0.3852736914987531
2020-10-08 04:00:00,0.37024135208457665
2020-10-08 04:03:00,0.4108204831782132
2020-10-08 04:06:00,0.3756329163338705
2020-10-08 04:09:00,0.3855786079336667
2020-10-08 04:12:00,0.3228120912481245
2020-10-08 04:15:00,0.32555236912236296
2020-10-08 04:18:00,0.30857687904051545
2020-10-08 04:21:00,0.2809066961365261
2020-10-08 04:24:00,0.32238267121510944
2020-10-08 04:27:00,0.3260301060494726
2020-10-08 04:30:00,0.3097600746619378
2020-10-08 04:33:00,0.30083012466138825
2020-10-08 04:36:00,0.2861474753271409
2020-10-08 04:39:00,0.3355731365007273
2020-10-08 04:42:00,0.36832669607952084
2020-10-08 04:45:00,0.30978588416348884
2020-10-08 04:48:00,0.3223457259475708
2020-10-08 04:51:00,0.2956730890398944
2020-10-08 04:54:00,0.3040429228421999
2020-10-08 04:57:00,0.3251775601745521
2020-10-08 05:00:00,0.3014707422473748
2020-10-08 05:03:00,0.2865587309376565
2020-10-08 05:06:00,0.2708417938066532
2020-10-08 05:09:00,0.2528477295184075
2020-10-08 05:12:00,0.2777387159766249
2020-10-08 05:15:00,0.3790304572151513
2020-10-08 05:18:00,0.28844577401531524
2020-10-08 05:21:00,0.362215127437878
2020-10-08 05:24:00,0.31699489875956033
2020-10-08 05:27:00,0.4027286498447893
2020-10-08 05:30:00,0.3475086393731317
2020-10-08 05:33:00,0.3224925231108955
2020-10-08 05:36:00,0.3558575598956395
2020-10-08 05:39:00,0.3719243806363579
2020-10-08 05:42:00,0.36170113791013137
2020-10-08 05:45:00,0.3429967863766592
2020-10-08 05:48:00,0.36045543480935294
2020-10-08 05:51:00,0.3365880476025609
2020-10-08 05:54:00,0.31763935215860784
2020-10-08 05:57:00,0.303226746705775
2020-10-08 06:00:00,0.37424754818948713
2020-10-08 06:03:00,0.33684574742954965
2020-10-08 06:06:00,0.3913280681439346
2020-10-08 06:09:00,0.37843906757677814
2020-10-08 06:12:00,0.39175300334773056
2020-10-08 06:15:00,0.28827024973338666
2020-10-08 06:18:00,0.3402646155020079
2020-10-08 06:21:00,0.35554515584556157
2020-10-08 06:24:00,0.34037880919078134
2020-10-08 06:27:00,0.26243039882166386
2020-10-08 06:30:00,0.32593428147254144
2020-10-08 06:33:00,0.33491870138453805
2020-10-08 06:36:00,0.33818702470034623
2020-10-08 06:39:00,0.34806007539208395
2020-10-08 06:42:00,0.35395761705251516
2020-10-08 06:45:00,0.3336416648228919
2020-10-08 06:48:00,0.4062394990644975
2020-10-08 06:51:00,0.359904978475015
2020-10-08 06:54:00,0.41975059719578667
2020-10-08 06:57:00,0.39020864410196054
2020-10-08 07:00:00,0.3914657617311832
2020-10-08 07:03:00,0.3911790130276813
2020-10-08 07:06:00,0.42004106284935006
2020-10-08 07:09:00,0.353566488800368
2020-10-08 07:12:00,0.27664941119229525
2020-10-08 07:15:00,0.30076224108745464
2020-10-08 07:18:00,0.303194014028918
2020-10-08 07:21:00,0.25902511605130485
2020-10-08 07:24:00,0.2953880267131126
2020-10-08 07:27:00,0.23918399918261457
2020-10-08 07:30:00,0.27942446010388267
2020-10-08 07:33:00,0.23966775648199246
2020-10-08 07:36:00,0.22333144549264716
2020-10-08 07:39:00,0.1817810170704206
2020-10-08 07:42:00,0.21376002916650805
2020-10-08 07:45:00,0.28390538461871984
2020-10-08 07:48:00,0.2281185915368269
2020-10-08 07:51:00,0.21225323479961844
2020-10-08 07:54:00,0.25330492323712406
2020-10-08 07:57:00,0.19617481665534342
2020-10-08 08:00:00,0.22191844403448613
2020-10-08 08:03:00,0.23585683419929637
2020-10-08 08:06:00,0.2723326860846669
2020-10-08 08:09:00,0.21482597097610778
2020-10-08 08:12:00,0.2619372532584521
2020-10-08 08:15:00,0.178350545206456
2020-10-08 08:18:00,0.21735546583431642
2020-10-08 08:21:00,0.25076024930012863
2020-10-08 08:24:00,0.22055581463735052
2020-10-08 08:27:00,0.18273098037241198
2020-10-08 08:30:00,0.21251108338861968
2020-10-08 08:33:00,0.17733935393653155
2020-10-08 08:36:00,0.13413749331982672
2020-10-08 08:39:00,0.12734425189148624
2020-10-08 08:42:00,0.21736315008052998
2020-10-08 08:45:00,0.0943508471802943
2020-10-08 08:48:00,0.06490928000420126
2020-10-08 08:51:00,0.17147996879293714
2020-10-08 08:54:00,0.17457067662542158
2020-10-08 08:57:00,0.08012155900172502
2020-10-08 09:00:00,0.13362804713091236
2020-10-08 09:03:00,0.10301298842159667
2020-10-08 09:06:00,0.06966148370332803
2020-10-08 09:09:00,0.09121027119687142
2020-10-08 09:12:00,0.03114504954066888
2020-10-08 09:15:00,0.07732950813363004
2020-10-08 09:18:00,0.04999410444543173
2020-10-08 09:21:00,0.03966884694517603
2020-10-08 09:24:00,0.026275761695160327
2020-10-08 09:27:00,0.06641362916866456
2020-10-08 09:30:00,0.004000672156564633
2020-10-08 09:33:00,0.04245927705642316
2020-10-08 09:36:00,-0.01593417933963792
2020-10-08 09:39:00,-0.0018992649875144707
2020-10-08 09:42:00,-0.0066880259865911285
2020-10-08 09:45:00,0.04116474576443352
2020-10-08 09:48:00,0.02073099976814774
2020-10-08 09:51:00,0.037073479203229454
2020-10-08 09:54:00,-0.06471843102411867
2020-10-08 09:57:00,-0.022518423192423143
2020-10-08 10:00:00,-0.06706534151567212
2020-10-08 10:03:00,-0.02900989067171622
2020-10-08 10:06:00,-0.060213899784173464
2020-10-08 10:09:00,-0.11260561184548123
2020-10-08 10:12:00,-0.1384621129945458
2020-10-08 10:15:00,-0.17242017637693152
2020-10-08 10:18:00,-0.14947311432354127
2020-10-08 10:21:00,-0.1304758594977784
2020-10-08 10:24:00,-0.07678822196515966
2020-10-08 10:27:00,-0.1611586119196886
2020-10-08 10:30:00,-0.18257954519583564
2020-10-08 10:33:00,-0.13203900676973035
2020-10-08 10:36:00,-0.1939336298529497
2020-10-08 10:39:00,-0.2089417055161107
2020-10-08 10:42:00,-0.15890017205504137
2020-10-08 10:45:00,-0.1718698453946672
2020-10-08 10:48:00,-0.09857528751501832
2020-10-08 10:51:00,-0.1570918084614732
2020-10-08 10:54:00,-0.17427043795629515
2020-10-08 10:57:00,-0.1268746559006786
2020-10-08 11:00:00,-0.08304235074962207
2020-10-08 11:03:00,-0.18100223343452626
2020-10-08 11:06:00,-0.17565326461607356
2020-10-08 11:09:00,-0.21641324728574318
2020-10-08 11:12:00,-0.16284592134746845
2020-10-08 11:15:00,-0.11183629772756376
2020-10-08 11:18:00,-0.09372473266921588
2020-10-08 11:21:00,-0.17712220902291165
2020-10-08 11:24:00,-0.1487950144722845
2020-10-08 11:27:00,-0.19424830694657658
2020-10-08 11:30:00,-0.312747657493162
2020-10-08 11:33:00,-0.28074923204900415
2020-10-08 11:36:00,-0.25021902238626126
2020-10-08 11:39:00,-0.29869883475737424
2020-10-08 11:42:00,-0.3355216995693695
2020-10-08 11:45:00,-0.29981426036442826
2020-10-08 11:48:00,-0.31830827857521626
2020-10-08 11:51:00,-0.29175837655725445
2020-10-08 11:54:00,-0.21088987908217405
2020-10-08 11:57:00,-0.23505580511607604
2020-10-08 12:00:00,-0.20860696346005625
2020-10-08 12:03:00,-0.2565414440429663
2020-10-08 12:06:00,-0.3273979994497722
2020-10-08 12:09:00,-0.29134124155069685
2020-10-08 12:12:00,-0.2880254516521177
2020-10-08 12:15:00,-0.2087229265180781
2020-10-08 12:18:00,-0.28148643792593475
2020-10-08 12:21:00,-0.20541440425853352
2020-10-08 12:24:00,-0.24264926218421579
2020-10-08 12:27:00,-0.2766512534746539
2020-10-08 12:30:00,-0.34163640452271693
2020-10-08 12:33:00,-0.3790267244658594
2020-10-08 12:36:00,-0.32585189936742154
2020-10-08 12:39:00,-0.31903266275674014
2020-10-08 12:42:00,-0.33424734983668714
2020-10-08 12:45:00,-0.2817510726389969
2020-10-08 12:48:00,-0.26829195100464176
2020-10-08 12:51:00,-0.3411975788264954
2020-10-08 12:54:00,-0.4065425691704263
2020-10-08 12:57:00,-0.3246015078119058
2020-10-08 13:00:00,-0.35306560511617135
2020-10-08 13:03:00,-0.3050793044548641
2020-10-08 13:06:00,-0.4304820956378421
2020-10-08 13:09:00,-0.3288807786079815
2020-10-08 13:12:00,-0.33415162735445847
2020-10-08 13:15:00,-0.30325461000632004
2020-10-08 13:18:00,-0.3546977564597569
2020-10-08 13:21:00,-0.3100481188832305
2020-10-08 13:24:00,-0.2845207540208321
2020-10-08 13:27:00,-0.3043251795731976
2020-10-08 13:30:00,-0.3041416335105964
2020-10-08 13:33:00,-0.26373826096403263
2020-10-08 13:36:00,-0.33279538773825834
2020-10-08 13:39:00,-0.2916320232649241
2020-10-08 13:42:00,-0.35380043081369195
2020-10-08 13:45:00,-0.3516425541955641
2020-10-08 13:48:00,-0.37351328159741115
2020-10-08 13:51:00,-0.31374885174454903
2020-10-08 13:54:00,
2020-10-08 13:57:00,
2020-10-08 14:00:00,
2020-10-08 14:03:00,
2020-10-08 14:06:00,
2020-10-08 14:09:00,
2020-10-08 14:12:00,
2020-10-08 14:15:00,
2020-10-08 14:18:00,
2020-10-08 14:21:00,
2020-10-08 14:24:00,
2020-10-08 14:27:00,
2020-10-08 14:30:00,
2020-10-08 14:33:00,
2020-10-08 14:36:00,
2020-10-08 14:39:00,
2020-10-08 14:42:00,
2020-10-08 14:45:00,
2020-10-08 14:48:00,
2020-10-08 14:51:00,
2020-10-08 14:54:00,
2020-10-08 14:57:00,
2020-10-08 15:00:00,
2020-10-08 15:03:00,
2020-10-08 15:06:00,
2020-10-08 15:09:00,
2020-10-08 15:12:00,
2020-10-08 15:15:00,
2020-10-08 15:18:00,
2020-10-08 15:21:00,
2020-10-08 15:24:00,
2020-10-08 15:27:00,
2020-10-08 15:30:00,
2020-10-08 15:33:00,
2020-10-08 15:36:00,
2020-10-08 15:39:00,
2020-10-08 15:42:00,
2020-10-08 15:45:00,
2020-10-08 15:48:00,
2020-10-08 15:51:00,
2020-10-08 15:54:00,
2020-10-08 15:57:00,
2020-10-08 16:00:00,
2020-10-08 16:03:00,
2020-10-08 16:06:00,
2020-10-08 16:09:00,
2020-10-08 16:12:00,
2020-10-08 16:15:00,
2020-10-08 16:18:00,
2020-10-08 16:21:00,
2020-10-08 16:24:00,
2020-10-08 16:27:00,
2020-10-08 16:30:00,
2020-10-08 16:33:00,
2020-10-08 16:36:00,
2020-10-08 16:39:00,
2020-10-08 16:42:00,
2020-10-08 16:45:00,
2020-10-08 16:48:00,
2020-10-08 16:51:00,
2020-10-08 16:54:00,
2020-10-08 16:57:00,
2020-10-08 17:00:00,
2020-10-08 17:03:00,
2020-10-08 17:06:00,
2020-10-08 17:09:00,
2020-10-08 17:12:00,
2020-10-08 17:15:00,
2020-10-08 17:18:00,
2020-10-08 17:21:00,
2020-10-08 17:24:00,
2020-10-08 17:27:00,
2020-10-08 17:30:00,
2020-10-08 17:33:00,
2020-10-08 17:36:00,
2020-10-08 17:39:00,
2020-10-08 17:42:00,
2020-10-08 17:45:00,
2020-10-08 17:48:00,
2020-10-08 17:51:00,
2020-10-08 17:54:00,
2020-10-08 17:57:00,
2020-10-08 18:00:00,
2020-10-08 18:03:00,
2020-10-08 18:06:00,
2020-10-08 18:09:00,
2020-10-08 18:12:00,
2020-10-08 18:15:00,
2020-10-08 18:18:00,
2020-10-08 18:21:00,
2020-10-08 18:24:00,
2020-10-08 18:27:00,
2020-10-08 18:30:00,
2020-10-08 18:33:00,
2020-10-08 18:36:00,
2020-10-08 18:39:00,
2020-10-08 18:42:00,
2020-10-08 18:45:00,
2020-10-08 18:48:00,
2020-10-08 18:51:00,
2020-10-08 18:54:00,
2020-10-08 18:57:00,
2020-10-08 19:00:00,
2020-10-08 19:03:00,
2020-10-08 19:06:00,
2020-10-08 19:09:00,
2020-10-08 19:12:00,
2020-10-08 19:15:00,
2020-10-08 19:18:00,
2020-10-08 19:21:00,
2020-10-08 19:24:00,
2020-10-08 19:27:00,
2020-10-08 19:30:00,
2020-10-08 19:33:00,
2020-10-08 19:36:00,
2020-10-08 19:39:00,
2020-10-08 19:42:00,
2020-10-08 19:45:00,
2020-10-08 19:48:00,
2020-10-08 19:51:00,
2020-10-08 19:54:00,
2020-10-08 19:57:00,
2020-10-08 20:00:00,
2020-10-08 20:03:00,
2020-10-08 20:06:00,
2020-10-08 20:09:00,
2020-10-08 20:12:00,
2020-10-08 20:15:00,
2020-10-08 20:18:00,
2020-10-08 20:21:00,
2020-10-08 20:24:00,
2020-10-08 20:27:00,
2020-10-08 20:30:00,
2020-10-08 20:33:00,
2020-10-08 20:36:00,
2020-10-08 20:39:00,
2020-10-08 20:42:00,
2020-10-08 20:45:00,
2020-10-08 20:48:00,
2020-10-08 20:51:00,
2020-10-08 20:54:00,
2020-10-08 20:57:00,
2020-10-08 21:00:00,
2020-10-08 21:03:00,
2020-10-08 21:06:00,
2020-10-08 21:09:00,
2020-10-08 21:12:00,
2020-10-08 21:15:00,
2020-10-08 21:18:00,
2020-10-08 21:21:00,
2020-10-08 21:24:00,
2020-10-08 21:27:00,
2020-10-08 21:30:00,
2020-10-08 21:33:00,
2020-10-08 21:36:00,
2020-10-08 21:39:00,
2020-10-08 21:42:00,
2020-10-08 21:45:00,
2020-10-08 21:48:00,
2020-10-08 21:51:00,
2020-10-08 21:54:00,
2020-10-08 21:57:00,
2020-10-08 22:00:00,
2020-10-08 22:03:00,
2020-10-08 22:06:00,
2020-10-08 22:09:00,
2020-10-08 22:12:00,
2020-10-08 22:15:00,
2020-10-08 22:18:00,
2020-10-08 22:21:00,
2020-10-08 22:24:00,
2020-10-08 22:27:00,
2020-10-08 22:30:00,
2020-10-08 22:33:00,
2020-10-08 22:36:00,
2020-10-08 22:39:00,
2020-10-08 22:42:00,
2020-10-08 22:45:00,
2020-10-08 22:48:00,
2020-10-08 22:51:00,
2020-10-08 22:54:00,
2020-10-08 22:57:00,
2020-10-08 23:00:00,
2020-10-08 23:03:00,
2020-10-08 23:06:00,
2020-10-08 23:09:00,
2020-10-08 23:12:00,
2020-10-08 23:15:00,
2020-10-08 23:18:00,
2020-10-08 23:21:00,
2020-10-08 23:24:00,
2020-10-08 23:27:00,
2020-10-08 23:30:00,
2020-10-08 23:33:00,
2020-10-08 23:36:00,
2020-10-08 23:39:00,
2020-10-08 23:42:00,
2020-10-08 23:45:00,
2020-10-08 23:48:00,
2020-10-08 23:51:00,
2020-10-08 23:54:00,
2020-10-08 23:57:00,
2020-10-09 00:00:00,
2020-10-09 00:03:00,
2020-10-09 00:06:00,
2020-10-09 00:09:00,
2020-10-09 00:12:00,
2020-10-09 00:15:00,
2020-10-09 00:18:00,
2020-10-09 00:21:00,
2020-10-09 00:24:00,
2020-10-09 00:27:00,
2020-10-09 00:30:00,
2020-10-09 00:33:00,
2020-10-09 00:36:00,
2020-10-09 00:39:00,
2020-10-09 00:42:00,
2020-10-09 00:45:00,
2020-10-09 00:48:00,
2020-10-09 00:51:00,
2020-10-09 00:54:00,
2020-10-09 00:57:00,
2020-10-09 01:00:00,
2020-10-09 01:03:00,
2020-10-09 01:06:00,
2020-10-09 01:09:00,
2020-10-09 01:12:00,
2020-10-09 01:15:00,
2020-10-09 01:18:00,
2020-10-09 01:21:00,
2020-10-09 01:24:00,
2020-10-09 01:27:00,
2020-10-09 01:30:00,
2020-10-09 01:33:00,
2020-10-09 01:36:00,
2020-10-09 01:39:00,
2020-10-09 01:42:00,
2020-10-09 01:45:00,
2020-10-09 01:48:00,
2020-10-09 01:51:00,
2020-10-09 01:54:00,
2020-10-09 01:57:00,
2020-10-09 02:00:00,
2020-10-09 02:03:00,
2020-10-09 02:06:00,
2020-10-09 02:09:00,
2020-10-09 02:12:00,
2020-10-09 02:15:00,
2020-10-09 02:18:00,
2020-10-09 02:21:00,
2020-10-09 02:24:00,
2020-10-09 02:27:00,
2020-10-09 02:30:00,
2020-10-09 02:33:00,
2020-10-09 02:36:00,
2020-10-09 02:39:00,
2020-10-09 02:42:00,
2020-10-09 02:45:00,
2020-10-09 02:48:00,
2020-10-09 02:51:00,
2020-10-09 02:54:00,
2020-10-09 02:57:00,
2020-10-09 03:00:00,
2020-10-09 03:03:00,
2020-10-09 03:06:00,
2020-10-09 03:09:00,
2020-10-09 03:12:00,
2020-10-09 03:15:00,
2020-10-09 03:18:00,
2020-10-09 03:21:00,
2020-10-09 03:24:00,
2020-10-09 03:27:00,
2020-10-09 03:30:00,
2020-10-09 03:33:00,
2020-10-09 03:36:00,
2020-10-09 03:39:00,
2020-10-09 03:42:00,
2020-10-09 03:45:00,
2020-10-09 03:48:00,
2020-10-09 03:51:00,
2020-10-09 03:54:00,
2020-10-09 03:57:00,
2020-10-09 04:00:00,
2020-10-09 04:03:00,
2020-10-09 04:06:00,
2020-10-09 04:09:00,
2020-10-09 04:12:00,
2020-10-09 04:15:00,
2020-10-09 04:18:00,
2020-10-09 04:21:00,
2020-10-09 04:24:00,
2020-10-09 04:27:00,
2020-10-09 04:30:00,
2020-10-09 04:33:00,
2020-10-09 04:36:00,
2020-10-09 04:39:00,
2020-10-09 04:42:00,
2020-10-09 04:45:00,
2020-10-09 04:48:00,
2020-10-09 04:51:00,
2020-10-09 04:54:00,
2020-10-09 04:57:00,
2020-10-09 05:00:00,
2020-10-09 05:03:00,
2020-10-09 05:06:00,
2020-10-09 05:09:00,
2020-10-09 05:12:00,
2020-10-09 05:15:00,
2020-10-09 05:18:00,
2020-10-09 05:21:00,
2020-10-09 05:24:00,
2020-10-09 05:27:00,
2020-10-09 05:30:00,
2020-10-09 05:33:00,
2020-10-09 05:36:00,
2020-10-09 05:39:00,
2020-10-09 05:42:00,
2020-10-09 05:45:00,
2020-10-09 05:48:00,
2020-10-09 05:51:00,
2020-10-09 05:54:00,
2020-10-09 05:57:00,
2020-10-09 06:00:00,
2020-10-09 06:03:00,
2020-10-09 06:06:00,
2020-10-09 06:09:00,
2020-10-09 06:12:00,
2020-10-09 06:15:00,
2020-10-09 06:18:00,
2020-10-09 06:21:00,
2020-10-09 06:24:00,
2020-10-09 06:27:00,
2020-10-09 06:30:00,
2020-10-09 06:33:00,
2020-10-09 06:36:00,
2020-10-09 06:39:00,
2020-10-09 06:42:00,
2020-10-09 06:45:00,
2020-10-09 06:48:00,
2020-10-09 06:51:00,
2020-10-09 06:54:00,
2020-10-09 06:57:00,
2020-10-09 07:00:00,
2020-10-09 07:03:00,
2020-10-09 07:06:00,
2020-10-09 07:09:00,
2020-10-09 07:12:00,
2020-10-09 07:15:00,
2020-10-09 07:18:00,
2020-10-09 07:21:00,
2020-10-09 07:24:00,
2020-10-09 07:27:00,
2020-10-09 07:30:00,
2020-10-09 07:33:00,
2020-10-09 07:36:00,
2020-10-09 07:39:00,
2020-10-09 07:42:00,
2020-10-09 07:45:00,
2020-10-09 07:48:00,
2020-10-09 07:51:00,
2020-10-09 07:54:00,
2020-10-09 07:57:00,
2020-10-09 08:00:00,
2020-10-09 08:03:00,
2020-10-09 08:06:00,
2020-10-09 08:09:00,
2020-10-09 08:12:00,
2020-10-09 08:15:00,
2020-10-09 08:18:00,
2020-10-09 08:21:00,
2020-10-09 08:24:00,
2020-10-09 08:27:00,
2020-10-09 08:30:00,
2020-10-09 08:33:00,
2020-10-09 08:36:00,
2020-10-09 08:39:00,
2020-10-09 08:42:00,
2020-10-09 08:45:00,
2020-10-09 08:48:00,
2020-10-09 08:51:00,
2020-10-09 08:54:00,
2020-10-09 08:57:00,
2020-10-09 09:00:00,
2020-10-09 09:03:00,
2020-10-09 09:06:00,
2020-10-09 09:09:00,
2020-10-09 09:12:00,
2020-10-09 09:15:00,
2020-10-09 09:18:00,
2020-10-09 09:21:00,
2020-10-09 09:24:00,
2020-10-09 09:27:00,
2020-10-09 09:30:00,
2020-10-09 09:33:00,
2020-10-09 09:36:00,
2020-10-09 09:39:00,
2020-10-09 09:42:00,
2020-10-09 09:45:00,
2020-10-09 09:48:00,
2020-10-09 09:51:00,
2020-10-09 09:54:00,
2020-10-09 09:57:00,
2020-10-09 10:00:00,
2020-10-09 10:03:00,
2020-10-09 10:06:00,
2020-10-09 10:09:00,
2020-10-09 10:12:00,
2020-10-09 10:15:00,
2020-10-09 10:18:00,
2020-10-09 10:21:00,
2020-10-09 10:24:00,
2020-10-09 10:27:00,
2020-10-09 10:30:00,
2020-10-09 10:33:00,
2020-10-09 10:36:00,
2020-10-09 10:39:00,
2020-10-09 10:42:00,
2020-10-09 10:45:00,
2020-10-09 10:48:00,
2020-10-09 10:51:00,
2020-10-09 10:54:00,
2020-10-09 10:57:00,
2020-10-09 11:00:00,
2020-10-09 11:03:00,
2020-10-09 11:06:00,
2020-10-09 11:09:00,
2020-10-09 11:12:00,
2020-10-09 11:15:00,
2020-10-09 11:18:00,
2020-10-09 11:21:00,
2020-10-09 11:24:00,
2020-10-09 11:27:00,
2020-10-09 11:30:00,
2020-10-09 11:33:00,
2020-10-09 11:36:00,
2020-10-09 11:39:00,
2020-10-09 11:42:00,
2020-10-09 11:45:00,
2020-10-09 11:48:00,
2020-10-09 11:51:00,
2020-10-09 11:54:00,
2020-10-09 11:57:00,
2020-10-09 12:00:00,
2020-10-09 12:03:00,
2020-10-09 12:06:00,
2020-10-09 12:09:00,
2020-10-09 12:12:00,
2020-10-09 12:15:00,
2020-10-09 12:18:00,
2020-10-09 12:21:00,
2020-10-09 12:24:00,
2020-10-09 12:27:00,
2020-10-09 12:30:00,
2020-10-09 12:33:00,
2020-10-09 12:36:00,
2020-10-09 12:39:00,
2020-10-09 12:42:00,
2020-10-09 12:45:00,
2020-10-09 12:48:00,
2020-10-09 12:51:00,
2020-10-09 12:54:00,
2020-10-09 12:57:00,
2020-10-09 13:00:00,
2020-10-09 13:03:00,
2020-10-09 13:06:00,
2020-10-09 13:09:00,
2020-10-09 13:12:00,
2020-10-09 13:15:00,
2020-10-09 13:18:00,
2020-10-09 13:21:00,
2020-10-09 13:24:00,
2020-10-09 13:27:00,
2020-10-09 13:30:00,
2020-10-09 13:33:00,
2020-10-09 13:36:00,
2020-10-09 13:39:00,
2020-10-09 13:42:00,
2020-10-09 13:45:00,
2020-10-09 13:48:00,
2020-10-09 13:51:00,
2020-10-09 13:54:00,
2020-10-09 13:57:00,
2020-10-09 14:00:00,
2020-10-09 14:03:00,
2020-10-09 14:06:00,
2020-10-09 14:09:00,
2020-10-09 14:12:00,
2020-10-09 14:15:00,
2020-10-09 14:18:00,
2020-10-09 14:21:00,
2020-10-09 14:24:00,
2020-10-09 14:27:00,
2020-10-09 14:30:00,-0.44847758487736655
2020-10-09 14:33:00,-0.4150118912858147
2020-10-09 14:36:00,-0.4397744164122628
2020-10-09 14:39:00,-0.41816659778521625
2020-10-09 14:42:00,-0.4204637679758889
2020-10-09 14:45:00,-0.455467511440645
2020-10-09 14:48:00,-0.46522786481131106
2020-10-09 14:51:00,-0.46008628368275595
2020-10-09 14:54:00,-0.5427596749914869
2020-10-09 14:57:00,-0.46254839569786554
2020-10-09 15:00:00,-0.5241081641563596
2020-10-09 15:03:00,-0.502126141563167
2020-10-09 15:06:00,-0.44087754130669055
2020-10-09 15:09:00,-0.489922072216757
2020-10-09 15:12:00,-0.5295254265450353
2020-10-09 15:15:00,-0.5083519179089535
2020-10-09 15:18:00,-0.4099895784501655
2020-10-09 15:21:00,-0.4574743303627997
2020-10-09 15:24:00,-0.48007186298258375
2020-10-09 15:27:00,-0.50559436101031
2020-10-09 15:30:00,-0.46897129489377676
2020-10-09 15:33:00,-0.4960240264725826
2020-10-09 15:36:00,-0.4653908749394873
2020-10-09 15:39:00,-0.5071548321625414
2020-10-09 15:42:00,-0.449665371903734
2020-10-09 15:45:00,-0.4420535024647734
2020-10-09 15:48:00,-0.4652162272051328
2020-10-09 15:51:00,-0.5384036513949582
2020-10-09 15:54:00,-0.5076032392415755
2020-10-09 15:57:00,-0.5143440285930865
2020-10-09 16:00:00,-0.5192185055686878
2020-10-09 16:03:00,-0.5237548355734702
2020-10-09 16:06:00,-0.477208572366294
2020-10-09 16:09:00,-0.48309576665616305
2020-10-09 16:12:00,-0.46444347120757357
2020-10-09 16:15:00,-0.43860288851897167
2020-10-09 16:18:00,-0.5498264357499352
2020-10-09 16:21:00,-0.48319330923601456
2020-10-09 16:24:00,-0.4986634603055222
2020-10-09 16:27:00,-0.46242628301564537
2020-10-09 16:30:00,-0.5153782470673036
2020-10-09 16:33:00,-0.46110832730869333
2020-10-09 16:36:00,-0.5200507910652732
2020-10-09 16:39:00,-0.5514984637540579
2020-10-09 16:42:00,-0.5417170673266583
2020-10-09 16:45:00,-0.5295093260380099
2020-10-09 16:48:00,-0.5215888257789629
2020-10-09 16:51:00,-0.5942242629830048
2020-10-09 16:54:00,-0.5072292481295335
2020-10-09 16:57:00,-0.5117347655013873
2020-10-09 17:00:00,-0.5049576461705669
2020-10-09 17:03:00,-0.4595292422395687
2020-10-09 17:06:00,-0.48025470055000596
2020-10-09 17:09:00,-0.47146372144607085
2020-10-09 17:12:00,-0.5049328763665812
2020-10-09 17:15:00,-0.4665216882495429
2020-10-09 17:18:00,-0.5415089590757702
2020-10-09 17:21:00,-0.5022648563074767
2020-10-09 17:24:00,-0.4087746696146155
2020-10-09 17:27:00,-0.5016083225514762
2020-10-09 17:30:00,-0.4001847275090995
2020-10-09 17:33:00,-0.45195323669923937
2020-10-09 17:36:00,-0.4559795440367225
2020-10-09 17:39:00,-0.40281194247046415
2020-10-09 17:42:00,-0.4435721470678118
2020-10-09 17:45:00,-0.3981128510023382
2020-10-09 17:48:00,-0.5101688866801624
2020-10-09 17:51:00,-0.3239955511598964
2020-10-09 17:54:00,-0.3782421144298951
2020-10-09 17:57:00,-0.38206705340331837
2020-10-09 18:00:00,-0.30371588188307896
2020-10-09 18:03:00,-0.3385428031553488
2020-10-09 18:06:00,-0.2543360378382431
2020-10-09 18:09:00,-0.2292827893871845
2020-10-09 18:12:00,-0.22169641173496757
2020-10-09 18:15:00,-0.3071595015551907
2020-10-09 18:18:00,-0.19039722974497408
2020-10-09 18:21:00,-0.2587654507301522
2020-10-09 18:24:00,-0.22040432776162788
2020-10-09 18:27:00,-0.20390452803900416
2020-10-09 18:30:00,-0.17793239137540695
2020-10-09 18:33:00,-0.21407137299348733
2020-10-09 18:36:00,-0.1957908525451444
2020-10-09 18:39:00,-0.16712779376712206
2020-10-09 18:42:00,-0.1842420192936629
2020-10-09 18:45:00,-0.18138965921338013
2020-10-09 18:48:00,-0.204008656857809
2020-10-09 18:51:00,-0.15376942097719848
2020-10-09 18:54:00,
2020-10-09 18:57:00,
2020-10-09 19:00:00,
2020-10-09 19:03:00,-0.0858512217054681
2020-10-09 19:06:00,-0.1566230445871497
2020-10-09 19:09:00,-0.0334828321549594
2020-10-09 19:12:00,-0.07034272775860018
2020-10-09 19:15:00,-0.05722169579917136
2020-10-09 19:18:00,-0.09594431899074607
2020-10-09 19:21:00,-0.04554302279785816
